Ticker,Date,Close,Realised_Vol_30,Realised_Vol_60,Realised_Vol_100,Realised_Vol_180,Realised_Vol_252
VRNS,2015-03-02,10.5,77.08501628998214,70.02230269293844,68.33118902848433,63.60153891304841,75.12059076626713
VRNS,2015-03-03,10.386667251586914,74.88979388513617,70.103252688632,67.99164565738681,63.5832944230444,75.1067428464903
VRNS,2015-03-04,10.106666564941406,74.9094236447672,70.42148849994125,67.79925266522228,63.39944144445465,75.0308897149716
VRNS,2015-03-05,10.166666984558104,73.0139439271187,69.56761355079458,66.67955300171809,63.38065157260976,74.46663735943291
VRNS,2015-03-06,10.083333015441896,71.43454043959558,68.4567382710016,66.23200804021326,63.36038706390875,74.0669251935249
VRNS,2015-03-09,10.116666793823242,71.26883988705312,68.31314919330806,65.4362708276419,63.24592289417357,74.06281221255068
VRNS,2015-03-10,9.866666793823242,71.41673580066275,68.56901459015604,65.42486075167635,62.9599028195691,73.16965843133435
VRNS,2015-03-11,10.143333435058594,71.90896593066097,68.73845336636084,65.50104734916755,63.02337280104455,72.96099435024678
VRNS,2015-03-12,10.173333168029783,71.24667695528545,67.70203236068468,65.40590680297286,63.02308376154164,72.95444593791512
VRNS,2015-03-13,9.920000076293944,70.01103948872192,67.95369329183428,65.42108919305882,63.06975057584064,72.96789633428497
VRNS,2015-03-16,9.936667442321776,69.2450061863472,67.94105764690394,64.7746855503042,62.75636807235316,72.92745624485163
VRNS,2015-03-17,9.84000015258789,69.26991328283579,67.71183098927118,64.77333009238625,62.59397179257525,72.67842813141601
VRNS,2015-03-18,9.960000038146973,68.8193690322016,66.05396006881064,64.53903098138119,62.580656568098256,72.68206955757091
VRNS,2015-03-19,9.90999984741211,68.59618240563883,64.004145897587,63.69384598540534,62.37379864433704,72.61722994811997
VRNS,2015-03-20,9.973333358764648,67.51402750586746,63.78335980485509,63.684730627954586,62.36805212219553,72.39833494028716
VRNS,2015-03-23,9.993332862854004,67.43976676573187,63.78548391170887,63.54713373898049,62.35749731479396,71.82407180120529
VRNS,2015-03-24,9.869999885559082,67.46493165004983,63.39048815091939,63.3654159764279,62.04679662330551,71.30467762993342
VRNS,2015-03-25,9.130000114440918,69.54156235415458,65.30626216272157,64.56659069061816,61.75236409326147,69.33437033885531
VRNS,2015-03-26,9.283332824707031,69.82531839133573,65.32605508063742,64.55508603674336,61.56161376175135,68.12284936966026
VRNS,2015-03-27,9.079999923706056,68.37865785274163,65.31520598421807,64.63066103510943,61.50935931588188,67.99726182245178
VRNS,2015-03-30,8.983332633972168,67.92694927266113,65.04313962708275,64.43216177902738,61.52214319029442,67.87798087410624
VRNS,2015-03-31,8.553333282470703,68.67560918596925,65.66649460247419,64.97118830246326,61.69584656982197,68.01657932573451
VRNS,2015-04-01,8.233332633972168,36.76843942155973,65.57728059950296,65.14121320952931,61.60362707855965,68.02678136064884
VRNS,2015-04-02,8.24666690826416,36.185271745925455,64.6289217547992,65.09501505754774,61.51949011831041,67.87789239666952
VRNS,2015-04-06,8.223333358764648,35.32041561180518,62.83888319009956,60.3526540419759,61.36516049801435,67.6617648021625
VRNS,2015-04-07,8.451666831970215,36.61885234713,61.94307639686465,60.38035706349281,61.0754592873482,67.57833037034382
VRNS,2015-04-08,8.723333358764648,37.436221795280325,62.20049014123278,60.24070524614474,61.18256428757653,67.36739842533981
VRNS,2015-04-09,8.933333396911621,37.627430269568826,62.244444560359135,60.32343804085757,61.13161870553768,66.39387967401788
VRNS,2015-04-10,9.170000076293944,38.695034470173375,62.56057011121198,59.86861618459369,61.08633577419178,65.90374470616874
VRNS,2015-04-13,9.076666831970217,38.73591720829438,62.38067270818182,59.89951632417538,60.99781679400719,65.47711247015204
VRNS,2015-04-14,8.773332595825195,38.98991080435562,60.74742193094559,60.16815494691495,60.917442356703134,65.38627627392763
VRNS,2015-04-15,9.276666641235352,42.85903136497071,60.50316222433153,60.65714602571614,61.21808927676109,65.44284363390138
VRNS,2015-04-16,8.91333293914795,43.6117906076837,60.77039287812015,60.83903860470695,61.41074044162585,65.546555101257
VRNS,2015-04-17,8.563332557678223,44.70791155817452,60.10283559544831,61.17405725050366,61.10861974933257,65.62624705435829
VRNS,2015-04-20,8.899999618530273,46.50062248258964,59.758977175602,61.12350327935605,60.67302254750109,65.6169438160511
VRNS,2015-04-21,9.203332901000977,47.73018795221493,60.14110549174726,61.33612625574618,60.792329621448815,65.62713210244237
VRNS,2015-04-22,9.143333435058594,47.29294493800996,60.09124055690053,61.29041392865828,60.26612438461888,64.72889877931622
VRNS,2015-04-23,9.4399995803833,47.545742053598914,60.446735441205256,61.469716509880335,60.37331709266973,64.59706281526952
VRNS,2015-04-24,9.420000076293944,47.51887719574868,60.04116881435176,61.45178305205068,60.04510928074445,64.53321130399743
VRNS,2015-04-27,9.510000228881836,47.14475141127515,59.23511089434839,60.70183353140379,59.93174829085008,63.99824118138427
VRNS,2015-04-28,9.68000030517578,47.46407891143782,58.890478447213866,60.750329898220976,59.956331694669466,63.1528159813444
VRNS,2015-04-29,9.756667137145996,47.45225334352541,58.92469490808385,60.75516898529492,59.91272585090493,62.80051041389322
VRNS,2015-04-30,9.583333015441896,47.56863579302895,58.694634778766,60.841933593663846,59.723275815731135,62.81441614844893
VRNS,2015-05-01,9.726667404174805,47.78097050204943,58.70006995052185,60.23612190546648,59.71108243043284,62.11047464295474
VRNS,2015-05-04,9.6899995803833,47.74241515042751,58.098830432143934,59.50219251029416,59.41727955773298,62.09426415552398
VRNS,2015-05-05,9.149999618530272,50.44394064779652,59.06899173493494,60.12985202626538,59.83197144166995,62.30166907612292
VRNS,2015-05-06,8.893333435058594,50.91758421452226,59.27856143222465,60.305312442221926,59.9380638356749,60.810008443631446
VRNS,2015-05-07,6.690000057220459,94.1218482407134,82.0509033040364,75.47959413227633,68.67896696330938,67.03303573476106
VRNS,2015-05-08,6.623332977294922,93.77329735642516,82.01211312101918,74.81230126054854,68.62217175241703,66.85856762934219
VRNS,2015-05-11,6.50333309173584,93.7409869285413,81.3527173655953,74.84972501955282,68.52914620515605,66.85142742949746
VRNS,2015-05-12,6.433332920074463,93.74094676315656,81.16150287870447,74.86113314679555,68.52562654910331,66.85753082809187
VRNS,2015-05-13,6.423333168029785,93.079756841007,81.13373812392112,74.65288651864188,68.5215276569171,66.79219355627298
VRNS,2015-05-14,6.573332786560059,93.13704134518504,70.20300816162076,73.73592784825651,68.5726899330651,66.79720760087012
VRNS,2015-05-15,6.533332824707031,93.09818888928903,70.02749481615945,72.52216704725879,67.98840281527846,66.79788421874049
VRNS,2015-05-18,6.769999980926514,93.93700584721452,70.35978226643951,72.63818440129958,68.12003419932418,66.84388107182563
VRNS,2015-05-19,6.980000019073486,94.04041577235012,70.75650686470486,72.84608422365305,67.7421488255313,65.48014725481973
VRNS,2015-05-20,7.163332939147949,93.85417817243496,70.8511494634649,72.73350817949226,67.7963933174739,65.3172608513094
VRNS,2015-05-21,6.766666889190674,94.5006294749112,71.39344051170762,73.2164647849352,68.11304027548545,65.46906604563532
VRNS,2015-05-22,6.74666690826416,93.92776127770604,71.39744834780252,73.17722991825612,68.05288270443022,65.32624836440294
VRNS,2015-05-26,6.679999828338623,93.9278012458214,71.39436846993796,73.09152425843584,68.05954209187225,65.33193188141678
VRNS,2015-05-27,6.690000057220459,93.71024915111104,71.20084995284358,72.92377209040227,68.0327035117266,65.28735841933802
VRNS,2015-05-28,6.71999979019165,91.78624033574164,71.23941730168524,72.90914829349774,68.03507502573814,65.19004806850076
VRNS,2015-05-29,6.726666927337647,91.4204869191257,71.13497449336052,72.67278412533094,67.93607191521386,64.9978487006552
VRNS,2015-06-01,6.570000171661377,91.06385136025878,71.1666998539161,72.2375107375044,67.87203395321549,65.02917266589617
VRNS,2015-06-02,6.690000057220459,90.32859354675998,71.35595436829786,71.36353322230869,67.87135489283106,64.94276416111092
VRNS,2015-06-03,6.960000038146973,90.59570583932842,71.96052021293643,71.06079538974278,68.01953865472062,64.72156736136185
VRNS,2015-06-04,6.843332767486572,90.61794098979256,71.88918800613708,70.98023382255364,67.96455225886827,64.67005520561403
VRNS,2015-06-05,7.146667003631592,91.13339155037816,72.27548265566534,71.2747143140072,68.15784251215587,64.81150109782547
VRNS,2015-06-08,7.203332901000977,91.24793844905382,72.30826140947657,71.3034586556763,68.14120004687251,64.56424248427773
VRNS,2015-06-09,7.093332767486572,91.09563707189416,72.22327071088687,71.22967858440109,68.06638537072665,64.57796088539381
VRNS,2015-06-10,7.179999828338623,90.96369553201352,72.30006157599402,70.28650882572079,68.07143774615602,64.5769298927071
VRNS,2015-06-11,7.2266669273376465,90.94056478374488,72.33492352187656,69.52561670333702,68.05680232566141,64.5752727266243
VRNS,2015-06-12,7.489999771118164,91.86201043790916,72.737762963919,69.71105520885031,67.62744055897413,64.66106220994409
VRNS,2015-06-15,7.590000152587891,91.82861678638442,72.8313056508377,69.17736524515031,67.5572833292785,64.64427873858824
VRNS,2015-06-16,7.596666812896728,91.85830503050008,72.80516086742635,68.67355449298303,67.55416188951955,64.43813535222768
VRNS,2015-06-17,7.566667079925537,90.6675911726476,72.79253837434536,68.61264015769918,67.51333838637593,64.42748936595306
VRNS,2015-06-18,7.619999885559082,90.49838489411238,72.81280436410401,68.6065408972766,67.41977762382847,64.41387603672084
VRNS,2015-06-19,7.613333225250244,34.17662888147027,71.17917244117714,68.56565794017709,67.41713246689582,64.3256546095232
VRNS,2015-06-22,7.913332939147949,35.29608403085488,71.58050103679317,68.69483731543014,67.08404434825016,64.17925517356849
VRNS,2015-06-23,8.223333358764648,35.739309006794954,71.95169247599661,68.56267424319064,66.9547351974434,64.28638929402636
VRNS,2015-06-24,7.909999847412109,37.86931884602354,72.33309860020537,68.55334987298531,66.88609516433752,64.40176499795575
VRNS,2015-06-25,7.913332939147949,37.83533691484185,71.66969151614893,68.55578813129812,66.70117968632063,64.37821683725447
VRNS,2015-06-26,7.703332901000977,38.74577085619036,71.45975760447838,68.48055066658209,66.54280298603958,64.20433502573627
VRNS,2015-06-29,7.366666793823242,41.26347878622884,72.01227256489268,68.72296424127326,66.17876267005632,64.22625241291153
VRNS,2015-06-30,7.363333225250244,40.17415888221421,72.01258018980793,68.39686697879434,65.95014408602248,64.20266075393486
VRNS,2015-07-01,7.436666965484619,39.37281118636087,71.7983413751497,68.40050514824257,65.56782210291834,64.05844448249213
VRNS,2015-07-02,7.269999980926514,39.33768238920253,71.56956469376615,68.45983133451618,65.50158214056502,64.08514030196545
VRNS,2015-07-06,7.139999866485596,35.86119610742964,71.41315646421826,68.20725116613791,65.51025353801172,64.09709322421259
VRNS,2015-07-07,7.24666690826416,36.02667332067716,71.2483452566319,68.22778956303421,65.4962757157371,63.900748260694286
VRNS,2015-07-08,7.300000190734863,35.86099384216959,71.27285328717251,67.86324417654853,65.43614520704426,63.23669190242097
VRNS,2015-07-09,7.813333034515381,40.498815133126826,72.47029183945442,68.76950766137111,65.60341615065494,63.46119771674144
VRNS,2015-07-10,8.00333309173584,40.86427229161107,71.6778981274643,68.91011522795888,65.62220934983347,63.43458768569021
VRNS,2015-07-13,8.013333320617676,40.86169744869011,71.25347826001466,60.64383240833418,65.51315284259516,63.43396081129914
VRNS,2015-07-14,8.09333324432373,39.90961712420327,70.84158306180987,60.59973724627751,65.00335261376966,63.37048657471131
VRNS,2015-07-15,7.960000038146973,40.332746184511855,70.42870064670383,60.433136095806994,65.02662056619184,63.21303376820507
VRNS,2015-07-16,7.889999866485596,39.23554456376937,70.05392969532255,60.441063056721866,64.9798270692914,63.16227705506213
VRNS,2015-07-17,7.980000019073486,38.76778218209839,70.1064412742672,60.37009482814531,64.83774291032722,63.065774748008906
VRNS,2015-07-20,7.533332824707031,41.0870581181289,70.64009984421894,60.88350050057494,65.1545409766239,63.0701032018248
VRNS,2015-07-21,7.556666851043701,41.04823053016515,70.6533469260093,60.89085831391533,65.13851212703275,63.06931960862908
VRNS,2015-07-22,7.576666831970215,40.73134731848046,70.61263321413531,60.89773350083144,65.09850000812277,62.99742048887831
VRNS,2015-07-23,7.97333288192749,43.049685323842056,71.37187820097436,61.39825926614076,65.25471829919266,63.12651646931148
VRNS,2015-07-24,7.803332805633545,43.64323250425854,71.43093499765443,61.4576508647197,65.31035740324523,63.09786156985907
VRNS,2015-07-27,7.613333225250244,43.156901525160336,71.50129837974055,61.431977596086185,65.30456586059489,62.98622674263537
VRNS,2015-07-28,7.4633331298828125,43.37733689590564,71.46811559999222,61.475051949973135,65.32019806639778,62.99284365585144
VRNS,2015-07-29,7.103332996368408,45.62535378314795,72.06089057742648,61.90924521441679,62.97316529679882,63.18671789107128
VRNS,2015-07-30,7.006667137145996,45.744518208944,71.262152262094,61.92051723452337,62.92333884036335,62.84565582053101
VRNS,2015-07-31,6.929999828338623,45.71457697410763,71.10065223784603,61.83741704949208,62.77659577529694,62.45365677737254
VRNS,2015-08-03,6.74666690826416,46.21700035830474,40.84810095202081,61.742573286439765,62.85048029501733,62.51021849501666
VRNS,2015-08-04,6.6666669845581055,44.44955318527505,40.87029559691527,61.74463214360595,62.52777425306834,62.13392651049412
VRNS,2015-08-05,7.063333034515381,46.431439102443605,42.355098110764686,62.42877266425438,62.90875278579063,62.40295342226568
VRNS,2015-08-06,6.883333206176758,45.75622353670634,42.6499329727884,62.52436211387692,62.980358473761314,62.24187360284913
VRNS,2015-08-07,7.836667060852051,60.0944845447773,50.12616404073017,66.00189120442764,64.76361264790972,63.50764997729221
VRNS,2015-08-10,7.716667175292969,59.74482551600685,50.09882831646279,65.99382215265202,64.70572134873831,63.52222954027984
VRNS,2015-08-11,7.650000095367432,58.29526210368016,50.12085189680749,65.99984434812869,64.69894873368115,63.491517307491385
VRNS,2015-08-12,7.510000228881836,58.574424478168,49.8262148431992,66.03180874676468,64.54450222099169,63.37150136007893
VRNS,2015-08-13,7.659999847412109,58.77929827670998,49.60854213315454,66.12518034969092,64.58441532228278,63.38350621164726
VRNS,2015-08-14,7.829999923706055,58.64141993739654,49.53172747683484,66.22107316023173,64.61234513957095,63.23150607135629
VRNS,2015-08-17,8.016667366027832,58.61622716910403,48.20449672935526,65.2234422326189,64.66364776244787,63.27199796754994
VRNS,2015-08-18,7.988333225250244,58.559286210745206,48.20761982787531,65.16068555357293,64.65736277098758,63.27285376478565
VRNS,2015-08-19,7.943333148956299,58.60145622078075,48.16723704599284,65.08022151051584,64.28641352069945,63.141621676530576
VRNS,2015-08-20,7.519999980926514,57.531596780941705,49.59555464359738,65.61534391280875,64.61477623106262,63.33483246248406
VRNS,2015-08-21,7.048333168029785,59.84810514950026,51.44114299577811,65.95034719295496,65.0648891567218,63.56938461795203
VRNS,2015-08-24,6.663332939147949,61.676740553326034,52.74913063065243,66.26382132977842,65.39700176617386,63.80775397269945
VRNS,2015-08-25,6.456666946411133,61.90670812767405,52.92444950693965,66.42475464512414,65.1315295767083,63.88206306512865
VRNS,2015-08-26,6.553332805633545,62.17695590101856,52.88051652152961,66.48149673527826,64.82076490477334,63.8962390733323
VRNS,2015-08-27,6.6666669845581055,62.54639831842634,52.354816247966376,66.38500635887871,64.77735169243819,63.47285013504271
VRNS,2015-08-28,6.643332958221436,62.344289172576886,52.2497833715362,66.16074600698765,64.76661666200042,63.47091830080868
VRNS,2015-08-31,6.599999904632568,60.40607375055957,51.45525970471094,66.02643332524866,64.76981765625709,63.107761051195645
VRNS,2015-09-01,6.52666711807251,60.39362767821223,51.45767450779706,65.87228708978154,64.35496722504885,63.10138466087819
VRNS,2015-09-02,6.656667232513428,60.78023940768967,51.56011498234471,65.96478035057086,64.40116918711686,63.12669308769912
VRNS,2015-09-03,6.653333187103272,58.494839821815646,51.48688597740466,65.77956527498077,64.40064548116808,63.079359765367485
VRNS,2015-09-04,6.563333034515381,58.35698584122069,51.522440505933545,65.12647797426956,64.29344205941764,63.09115206657042
VRNS,2015-09-08,6.686666965484619,58.48768118554003,51.10859176660354,64.9545273556037,63.70065124868146,63.10008699521954
VRNS,2015-09-09,6.570000171661377,58.4382981236454,51.10914184553828,64.72470610679804,62.98468155680991,63.12241272999045
VRNS,2015-09-10,5.889999866485596,64.69476888180381,55.59416132975401,66.55668374620203,64.14850167919808,63.972815528707535
VRNS,2015-09-11,5.993332862854004,65.01016568196566,55.77069747291507,66.37353396520692,64.19392961826686,63.91205757509093
VRNS,2015-09-14,5.836667060852051,65.28446182116157,55.91340761713579,66.46622513904946,64.09140058619388,63.93305950705327
VRNS,2015-09-15,5.866666793823242,65.04378063805738,55.94328983629399,66.22814429640809,64.09892562203304,63.92148474582476
VRNS,2015-09-16,5.960000038146973,65.27013405984832,55.38627543614877,66.30722640352138,64.1092697423117,63.88306200185371
VRNS,2015-09-17,6.206666946411133,64.03723841112063,55.458720975460885,66.65732129309984,64.2677788569096,64.01323538414445
VRNS,2015-09-18,6.230000019073486,63.74715673317584,55.02349109347256,66.57689100483331,64.17473197270145,63.998066520840105
VRNS,2015-09-21,6.1666669845581055,49.731244668838414,55.03034882686904,66.55381372318459,64.16597938400604,63.93269992158511
VRNS,2015-09-22,5.993332862854004,50.044836639296896,55.05983718818332,66.62898245163035,64.07140224210724,63.98644909599024
VRNS,2015-09-23,5.920000076293945,50.05751272263059,54.43884611281763,66.56569740746212,63.75154385288573,63.98418212281509
VRNS,2015-09-24,5.926667213439941,50.042092124355854,54.4437581077324,66.57247441849225,63.17212952915009,63.54781160009737
VRNS,2015-09-25,5.699999809265137,50.11732505034399,54.8458162567902,66.26775482231369,62.92023503745035,63.59916342646068
VRNS,2015-09-28,5.4633331298828125,50.03961288285327,55.27367050525703,66.43172454230303,63.024935829503725,63.73207852893109
VRNS,2015-09-29,5.073332786560059,51.97325238684434,57.013422665121226,50.30631250964378,63.49025336723733,64.12019112457104
VRNS,2015-09-30,5.193333148956299,53.07417840136135,57.17156799424408,50.46287690982506,63.57643191632874,64.10192435872982
VRNS,2015-10-01,5.019999980926514,53.30404342636995,57.39961894624125,50.64901217050445,63.61270329177328,64.18457532792506
VRNS,2015-10-02,5.199999809265137,53.89171992619528,55.9666177462456,50.98491279109167,63.17267648927167,63.906312705308366
VRNS,2015-10-05,5.323332786560059,52.47334509703207,55.95297721486434,51.146220481650914,62.7784676693317,63.75959483899052
VRNS,2015-10-06,5.25333309173584,50.5863112718756,55.94277409508683,51.0198302276239,62.72151261932678,63.583151360707134
VRNS,2015-10-07,5.49666690826416,52.34074782385585,56.8621657570642,51.56988728639662,62.63671420643127,63.62610300736517
VRNS,2015-10-08,5.5,52.02417713646834,56.84020231726247,51.22346881165667,62.32754305272755,63.43796027434945
VRNS,2015-10-09,5.383333206176758,51.743899556691545,56.92417422414601,51.0451269461033,62.324250132097525,63.05394200363864
VRNS,2015-10-12,5.326666831970215,51.74151274616883,56.809987202891385,50.85448322865604,62.31070309649679,62.90030682198052
VRNS,2015-10-13,5.199999809265137,51.96617298756368,55.93657377241603,50.22950720278544,62.32960658406412,62.66614795364964
VRNS,2015-10-14,5.119999885559082,52.00468299129486,55.93476755893578,50.271038161001535,62.225891627705046,62.58074994762869
VRNS,2015-10-15,5.47333288192749,55.83343299738655,57.88960450064188,51.45188473544725,62.50637049551272,62.921333464057625
VRNS,2015-10-16,5.579999923706055,56.31198375293555,56.92530961441411,51.560132530053394,62.424217372123735,62.92982518675192
VRNS,2015-10-19,5.53000020980835,56.27260925667791,56.83641610201913,51.56267177601019,62.42728816834049,62.89218310860177
VRNS,2015-10-20,5.50333309173584,55.80011915227542,56.699732706973805,51.56250788791033,62.31741825969155,62.674251743319545
VRNS,2015-10-21,5.283332824707031,56.600627983754215,57.08825437653237,51.81781214265892,62.43039014343501,62.77166500078613
VRNS,2015-10-22,5.193333148956299,47.78783195824329,56.41283845968147,51.76899642671646,62.2497862268768,62.722964592833605
VRNS,2015-10-23,5.340000152587891,48.29183910400249,56.78746680767498,51.55947298261581,62.34555839575135,62.37922688027589
VRNS,2015-10-26,5.196667194366455,48.32163179219014,56.96323955447566,51.65783587875985,62.40347494964215,62.42340129478017
VRNS,2015-10-27,5.156667232513428,48.25720278265196,56.78221067393772,51.13066701331908,62.2352089380211,62.39158235003251
VRNS,2015-10-28,5.309999942779541,48.90079663916801,57.17848429699847,51.36196413616858,62.330889168673465,62.33853449684376
VRNS,2015-10-29,5.130000114440918,47.8039110083542,56.04945021003465,51.56780761334152,62.19808045125341,62.39516873553465
VRNS,2015-10-30,5.323332786560059,49.35990575450428,56.544869370491256,51.90628922771514,62.34557152146203,62.50089094069602
VRNS,2015-11-02,5.506667137145996,50.61113901037542,49.86039284610594,52.21453817539518,62.50617721309602,62.56158800008744
VRNS,2015-11-03,5.75,51.82147059312781,50.82097825153482,52.36755475983117,57.86393181569351,62.63908432402033
VRNS,2015-11-04,5.693333148956299,51.78203443384154,50.82549219619798,52.31754467958321,57.82137301177518,62.64533272463949
VRNS,2015-11-05,5.1666669845581055,58.73576402635749,54.16313497850199,54.40739341807278,58.76746705653238,63.33741689413839
VRNS,2015-11-06,5.643332958221436,63.62955990848016,57.2947014350792,56.33759650724096,59.76370977122756,63.93159968324558
VRNS,2015-11-09,5.579999923706055,62.47010530159067,57.0289330103338,56.33020747340897,59.70468219871557,62.00896981037754
VRNS,2015-11-10,5.5,58.53553688381543,56.72865701537211,56.35762781747615,59.64991853180105,61.96894040201065
VRNS,2015-11-11,5.533332824707031,58.21795123618667,56.782387677877,55.97698650894697,59.66033402994223,61.86270314809597
VRNS,2015-11-12,5.400000095367432,57.76782100849055,56.90552923221232,55.66448620725478,59.711633942208266,61.90396089721063
VRNS,2015-11-13,5.233333110809326,57.70605616793119,56.25464279768465,55.55834128992176,59.73768124545832,61.72643439730648
VRNS,2015-11-16,5.486667156219482,58.939812599743455,55.94386715471732,56.15070705516428,60.037155185874816,61.91730237989648
VRNS,2015-11-17,5.403333187103272,58.98627473892818,54.93942086412176,56.05869827837613,59.98694001856768,61.93276570226109
VRNS,2015-11-18,5.476666927337647,57.61314218992085,54.73287622162012,55.73160222105423,60.01028503576077,61.88803870682228
VRNS,2015-11-19,5.546667098999023,57.73292520288111,54.704985991459374,55.78578081834006,60.03784357817419,61.84740900301695
VRNS,2015-11-20,5.610000133514404,57.44237319516532,54.62769191103302,55.79464395438088,60.05790430079002,61.84649434495488
VRNS,2015-11-23,5.610000133514404,57.33273846436683,54.63069044836604,55.705353123106505,60.00330230188755,61.6963775591536
VRNS,2015-11-24,5.900000095367432,58.47251435145539,55.70083947508645,56.278783102760514,60.22757955569566,61.90954048300606
VRNS,2015-11-25,5.909999847412109,58.18038309992826,55.67144516644014,56.21794668930698,60.22600787663506,61.893773707582966
VRNS,2015-11-27,5.800000190734863,55.484735670316624,55.599235037551885,56.26001122839885,60.19744262531107,61.909979362755976
VRNS,2015-11-30,5.949999809265137,55.68330780500046,55.89037278303292,55.30645519104761,60.28954130784947,61.96378632677391
VRNS,2015-12-01,5.933332920074463,55.60448596631793,55.83712270632431,55.139871322126,60.283907689325446,61.696883443655146
VRNS,2015-12-02,5.806666851043701,56.00277175401806,55.8206505355901,55.21420530418718,60.2982692239835,61.72976269600655
VRNS,2015-12-03,5.619999885559082,55.51344116851927,56.08140367533166,55.36988638621867,60.40002158712689,61.80791913181615
VRNS,2015-12-04,5.599999904632568,55.24296165780562,51.49128804289526,55.33084817310077,60.38941069879438,61.80657712039619
VRNS,2015-12-07,5.46999979019165,55.200663835663136,51.55452461360371,55.41553369247125,60.43375713462377,61.56637622664605
VRNS,2015-12-08,5.566667079925537,54.74874564307623,51.43302072249514,55.466747868594766,60.47429332662552,61.3439648121864
VRNS,2015-12-09,5.5,54.83173225170604,51.469069355912566,54.80533028799114,59.82674490368133,61.29217111995252
VRNS,2015-12-10,5.663332939147949,54.83014740857544,51.73115573070014,55.03814571645476,59.90307389117461,61.35940805029806
VRNS,2015-12-11,5.480000019073486,54.74032855462867,51.40953288905799,55.23624522073337,59.96563818821752,61.440506828497945
VRNS,2015-12-14,5.420000076293945,53.84972394156529,51.42706954788749,54.55852993378463,59.96621654051341,61.12376598359087
VRNS,2015-12-15,5.533332824707031,53.27523727763239,51.61420000609024,54.62196464502199,59.77656424975197,61.16292171879208
VRNS,2015-12-16,5.733333110809326,52.77664841181979,51.86631179788963,54.861555885446464,59.79222842196298,61.27529754918852
VRNS,2015-12-17,5.716667175292969,52.7025935925694,51.81248167680334,54.79330318402145,59.79076025930365,61.18187786310483
VRNS,2015-12-18,5.786666870117188,43.983222763843536,51.87743640565049,54.325487824268215,59.81429295568951,60.719019927898245
VRNS,2015-12-21,5.829999923706055,36.01088958381522,51.2712343395998,54.31382107329144,59.72308275000891,60.17246566364968
VRNS,2015-12-22,5.983333110809326,36.51356592007668,50.74634940594166,54.47180018062251,59.68174746679601,60.17147642382941
VRNS,2015-12-23,6.196667194366455,37.345434554281006,48.69029137811444,54.62391696777562,59.76518144587411,60.28625702389186
VRNS,2015-12-24,6.336667060852051,37.7207037675082,48.6725278293024,54.71782409846608,59.741607163446574,60.21993194695808
VRNS,2015-12-28,6.360000133514404,36.71517326009155,48.04902836619425,53.91854045425048,59.737469020285815,60.22265537636208
VRNS,2015-12-29,6.413332939147949,35.02081165676101,47.61532643473178,53.791721209329424,59.62799100321393,60.205849308404616
VRNS,2015-12-30,6.386666774749756,32.96520729085514,47.45726662605498,49.561476637089896,59.23436787940828,60.171876145653215
VRNS,2015-12-31,6.266666889190674,33.17827536546175,47.55562984705645,49.58896305715037,59.09731774706405,60.125475560639394
VRNS,2016-01-04,6.056666851043701,34.93212012544972,47.31847665809212,49.83838857934167,59.0473017532884,60.20061714333478
VRNS,2016-01-05,6.036666870117188,34.86803483098439,47.32884442594264,49.771517597070414,58.85064163692846,60.069449931965714
VRNS,2016-01-06,6.070000171661377,34.7847956619679,47.09131163165817,49.66268228351916,58.70476898535091,59.81528438676469
VRNS,2016-01-07,5.673333168029785,40.30495579702673,49.145868352652805,50.57401674579906,59.20879658493712,59.74381850066077
VRNS,2016-01-08,5.433332920074463,39.329288654282266,49.71754658283314,50.7845399018596,59.25856860534543,59.594583256559055
VRNS,2016-01-11,5.536666870117188,39.80854608907846,49.73672412006447,50.91256846875199,59.31516194762353,59.59305203600309
VRNS,2016-01-12,5.706666946411133,40.559765174588016,48.22564483087174,51.19500598194488,59.427111024422985,59.6356590262205
VRNS,2016-01-13,6.0,42.51264902617839,49.13862434158795,51.21905679157269,59.70795159947282,59.86929243234419
VRNS,2016-01-14,6.579999923706055,50.15722098376205,52.50769796687324,52.39373700772963,60.74365899121481,60.56338483799505
VRNS,2016-01-15,6.216667175292969,52.660736496423866,53.896222652635295,52.41079646618056,61.05878986939598,60.326848574752646
VRNS,2016-01-19,5.869999885559082,54.53870890739401,54.5620725168266,52.95607308892297,61.36877313598244,60.24100442315257
VRNS,2016-01-20,5.943333148956299,54.60761880181326,54.46039294483072,52.93890830900816,61.395066692805,60.21707512352206
VRNS,2016-01-21,5.789999961853027,54.72030691025388,54.500275310152944,53.00759229896472,61.114594834620426,59.98328192648995
VRNS,2016-01-22,6.123332977294922,56.771057179970185,55.29896067214044,53.78301501158907,61.42631336449347,60.04980008699511
VRNS,2016-01-25,5.913332939147949,57.68244411453607,55.79660460455841,54.047570858089024,51.56585414048731,60.11433901528677
VRNS,2016-01-26,5.929999828338623,57.11926381463196,55.51209048388793,54.02681103128324,51.55551887427181,60.10663506539443
VRNS,2016-01-27,5.673333168029785,57.80388191128623,55.82011021998228,54.35684755797907,51.77186614967078,60.22785346304853
VRNS,2016-01-28,5.656667232513428,57.70355034481799,55.338862873191886,54.356974234569954,51.75869599567561,60.1320031221687
VRNS,2016-01-29,6.2733330726623535,64.67234704646917,58.83240778548733,56.82143703417126,53.20629582042397,60.86665488859874
VRNS,2016-02-01,6.236667156219482,64.0395889218176,58.22591000691298,56.74515249256782,53.138680795059535,60.75325752964955
VRNS,2016-02-02,5.843332767486572,66.99421906084385,59.7624136519215,57.601119304604666,53.68595834884019,61.07779661909496
VRNS,2016-02-03,5.853332996368408,66.90754358089927,56.201671203564096,54.93261709808325,53.513700189235934,61.005885262346816
VRNS,2016-02-04,5.6666669845581055,67.53592785141264,53.68374952816086,55.09846990128704,53.51283870912974,61.054509059371874
VRNS,2016-02-05,4.880000114440918,79.53328505838097,61.78821428421016,59.82645272359143,56.21834505447687,62.65727694027684
VRNS,2016-02-08,4.913332939147949,78.65925101128585,61.7623624907377,59.83199308491199,55.847818851913054,62.64775377751732
VRNS,2016-02-09,4.539999961853027,80.74987241891559,63.72561931340396,61.00527009335938,56.59075614106649,63.10200585720728
VRNS,2016-02-10,4.626667022705078,81.11223185395741,63.731309699919045,60.7104998218016,56.638161801678,63.02857811835788
VRNS,2016-02-11,4.6066670417785645,80.93775955107955,63.45019734776154,60.70138653231949,56.63723678449377,63.0024451218001
VRNS,2016-02-12,5.386666774749756,94.38593475263734,70.617902415903,65.75226809465916,59.65753454840147,64.8561391852909
VRNS,2016-02-16,5.670000076293945,95.7119871515829,71.32819588566184,66.13192794225213,59.97953127942437,65.05622903885711
VRNS,2016-02-17,5.623332977294922,95.28273595186992,71.30232625656073,66.116734432958,59.92560483535828,65.055397559475
VRNS,2016-02-18,5.743332862854004,95.5267876802944,71.3849296490177,66.20544303346307,59.94009815043496,61.74505016041388
VRNS,2016-02-19,5.75333309173584,95.50846603798976,71.35014293926743,65.91478413153429,59.74784308598979,61.71725682088701
VRNS,2016-02-22,5.906667232513428,93.7481222450676,71.54686873570155,65.68915221498064,59.80520082671894,61.70157641037433
VRNS,2016-02-23,5.943333148956299,92.795895078495,70.80918264755829,64.58787259446044,59.579819640222,61.706767295575126
VRNS,2016-02-24,6.039999961853027,92.75903971805218,70.88467377629058,64.53586658334432,59.60514759636729,61.692154794985264
VRNS,2016-02-25,6.083333015441895,92.40833334461908,70.78460865862397,64.29041700342582,59.58809022682566,61.656573070694506
VRNS,2016-02-26,6.226666927337647,91.52025035188908,70.75258782785332,64.1607669522046,59.63688174655323,61.70810591464362
VRNS,2016-02-29,6.136666774749756,87.43206491670324,70.81884516298332,64.11810388728331,59.65272516483853,61.720811394575016
VRNS,2016-03-01,6.286666870117188,86.18825929988893,70.82828476452593,64.1751832075877,59.56773934230011,61.73866766053753
VRNS,2016-03-02,6.46999979019165,84.7764605113403,70.68737707870093,63.94326900867273,59.64794288755575,61.80883700796203
VRNS,2016-03-03,6.269999980926514,85.31395342586461,71.0162225875654,64.1578111883093,59.75666456227805,61.82700863350592
VRNS,2016-03-04,6.27666711807251,84.90363900359658,70.81955514339973,64.05405795005902,59.75619778824994,61.82275383951881
VRNS,2016-03-07,6.400000095367432,83.56126045091483,70.83849247033179,64.08691361155172,59.7979166977802,61.85634850020395
VRNS,2016-03-08,6.283332824707031,83.07262532602113,70.90543435837942,64.0348816032848,59.83345902682604,61.87642479862966
VRNS,2016-03-09,6.199999809265137,83.19128177482669,70.74886152407224,64.0209041436356,59.66364899045011,61.84361795109863
VRNS,2016-03-10,6.076666831970215,82.32753321237524,70.53101343523966,63.26244030853165,59.5159258516374,61.79926940888586
VRNS,2016-03-11,6.073332786560059,82.31724056733185,70.48292543600894,63.19507777433494,59.351504348762674,61.79742470576303
VRNS,2016-03-14,6.063333034515381,76.53278467002534,70.37706899260809,63.17668750418861,59.3510820836882,61.75363420942694
VRNS,2016-03-15,5.833333015441895,77.29580655303184,70.48900991631591,63.48275190965498,59.438361926923086,61.86153509037287
VRNS,2016-03-16,5.71999979019165,75.17278110235361,70.60447910593437,63.219855507217545,59.25592941593186,61.8816051961853
VRNS,2016-03-17,6.006667137145996,76.53674258342788,71.27280987504732,63.61071541940204,59.5540986523201,62.07578038520941
VRNS,2016-03-18,6.25,76.66655413011824,71.71010287269557,63.76368402602633,59.73599593548483,62.21498401372308
VRNS,2016-03-21,6.300000190734863,61.490859006919976,71.53891282680296,63.60382885967229,59.6892768320359,62.21730317464038
VRNS,2016-03-22,6.263332843780518,61.63039314282928,71.1945223287782,63.5972359038544,59.65708514703829,62.217402529863605
VRNS,2016-03-23,5.960000038146973,58.53162351251228,71.76353514317388,63.96647201216994,59.90758841328729,62.39196551831427
VRNS,2016-03-24,5.886666774749756,58.77663584310076,71.79408321189348,63.748837471057975,59.91399587718652,61.93367906735888
VRNS,2016-03-28,5.853332996368408,58.80253281697504,71.7711946725936,63.50137601197805,59.34831380008614,61.90733855068776
VRNS,2016-03-29,6.050000190734863,39.41515179124689,72.11701534104876,63.49078177973831,59.412721879767815,61.97149305616695
VRNS,2016-03-30,6.153333187103272,37.01092887961136,72.10823779686996,63.1812564518844,59.452121420701154,61.99241165036834
VRNS,2016-03-31,6.083333015441895,37.104238337995525,71.80383181134434,63.18828073821017,59.44820866551239,61.8166329659348
VRNS,2016-04-01,6.1066670417785645,36.69146939789363,71.80437390056848,61.21518770726336,59.42466767958765,61.70830879245334
VRNS,2016-04-04,6.123332977294922,36.69186954499221,71.79784378528984,59.62110201348841,59.4202497368045,61.70891321794123
VRNS,2016-04-05,5.953332901000977,36.96125748092628,70.6548894683796,59.7682234911896,59.4846778331827,61.76764496792032
VRNS,2016-04-06,6.033332824707031,37.11893007621031,70.09825891241573,59.75244855847169,59.13614569323028,61.7181553399039
VRNS,2016-04-07,5.909999847412109,37.30344113360275,70.15415145412172,59.84446988418009,59.178422258236296,61.6591497720737
VRNS,2016-04-08,5.860000133514404,37.29205795221884,69.91533613588324,59.72819205207934,59.18247684736851,61.610478274063
VRNS,2016-04-11,5.913332939147949,36.70194050698011,69.17151529021469,59.518321358652535,58.86626615196463,61.55668248196744
VRNS,2016-04-12,5.903333187103272,36.499729502943474,66.42972870753,59.059758893026135,58.81867312668864,61.55078170467662
VRNS,2016-04-13,6.226666927337647,39.15004190358347,66.36969658617699,59.58787769881248,59.1104118387929,61.71009924842223
VRNS,2016-04-14,6.340000152587891,38.57810732467583,65.37574255136337,59.61574303237561,59.11114314705613,61.47414522253377
VRNS,2016-04-15,6.543333053588867,38.537123458716565,65.63235650332052,59.78127231215387,58.95168866563837,61.44114295584109
VRNS,2016-04-18,6.576666831970215,38.5514628855436,65.38012139693392,59.7636533111549,58.93416398749961,61.32041154633976
VRNS,2016-04-19,6.436666965484619,38.72678469784913,64.57781802331742,59.87573027675812,58.9740344986881,61.225030959944974
VRNS,2016-04-20,6.420000076293945,38.336533808924216,64.15239104141016,59.3599618033711,58.89096100716389,61.12536904937864
VRNS,2016-04-21,6.4633331298828125,38.13740545847849,64.16116374599345,59.367171572377295,58.88035989625043,61.128629093392576
VRNS,2016-04-22,6.546667098999023,37.71705108170526,63.48801890183841,59.31239095173723,58.496178169297,61.05389050307912
VRNS,2016-04-25,6.49666690826416,37.8230461903018,63.51233548426672,59.19989153713399,58.42464407331816,61.05701896565998
VRNS,2016-04-26,6.506667137145996,37.80581169762517,59.91088259905936,59.19702641633064,56.33972504271749,61.04782580307493
VRNS,2016-04-27,6.579999923706055,35.81406556092156,59.93426508058764,59.10853132550097,56.332052401236886,61.03071131268759
VRNS,2016-04-28,6.52666711807251,35.3066563950248,58.36969087836413,58.87794620667167,56.33103968792265,61.02691729496296
VRNS,2016-04-29,6.383333206176758,33.48596833421489,58.57743610831765,58.99298053387232,56.34919218984955,61.03991709196438
VRNS,2016-05-02,6.646667003631592,33.5563262821106,58.681217082829264,59.18130333893947,56.50861433311076,61.16263421063894
VRNS,2016-05-03,6.443333148956299,34.84098476197667,49.93791377562546,59.35827994160044,56.5564627447945,61.233638798846
VRNS,2016-05-04,6.3466668128967285,35.09628346853213,50.09897859805792,59.37804883244744,56.50433148221533,60.9929839479629
VRNS,2016-05-05,7.006667137145996,42.3414953818676,50.732815971441646,61.21093639325424,57.73454917971648,61.752324021870194
VRNS,2016-05-06,6.843332767486572,42.87153654533939,51.06151431496727,61.092911266884286,57.79505481603759,54.84047786638933
VRNS,2016-05-09,6.873332977294922,42.75238808178376,51.013604643805486,61.05690359261301,57.44055049730186,54.83273524319492
VRNS,2016-05-10,7.233333110809326,44.06406334300593,41.48203528421438,61.47745738552588,57.25048280145037,55.03673310015628
VRNS,2016-05-11,7.0883331298828125,44.573849118067685,40.64978960012898,61.35664173276483,56.90978994647813,55.064138759427415
VRNS,2016-05-12,7.25,44.59195582899944,40.75215724048694,61.43656745406124,56.84327112072041,55.10836180898585
VRNS,2016-05-13,7.409999847412109,44.82567584473172,40.765046772400495,61.49486593095814,56.87377869156043,55.10333697897085
VRNS,2016-05-16,7.5366668701171875,44.91250934596636,40.84419537835301,61.53289454377757,56.87298190397012,55.12392206404039
VRNS,2016-05-17,7.4766669273376465,43.91316165544675,40.66662496540488,61.440318427803874,56.88011007583869,55.01814268656669
VRNS,2016-05-18,7.659999847412109,44.149508419617625,40.87688385128946,61.31724728609177,56.94175014615722,54.986974792582345
VRNS,2016-05-19,7.449999809265137,44.59809395841325,41.31952458464532,61.412868757835305,57.02499181936452,54.99872568009327
VRNS,2016-05-20,7.676667213439941,44.77594380969722,41.66893037581772,61.57693799019208,57.08589625159106,54.7788662646216
VRNS,2016-05-23,7.699999809265137,44.80929608052222,41.47221232105712,61.568504044512565,57.08630176682953,54.77834413154419
VRNS,2016-05-24,7.940000057220459,45.13220753436731,41.6651746496015,61.730578488277246,57.16931626581356,54.85108407374093
VRNS,2016-05-25,7.813333034515381,43.789531779609234,41.662072152778414,61.70710902198997,57.16669987712858,54.87663584486339
VRNS,2016-05-26,7.943333148956299,43.75986286201637,41.42160696442037,61.47189207279145,57.15401695592841,54.89830100563486
VRNS,2016-05-27,7.99666690826416,43.16155007735255,40.7847001662426,61.46746305134872,55.62968737065032,54.90160211544776
VRNS,2016-05-31,8.106666564941406,43.20545338575285,40.82694320078994,61.49019361720591,55.61662388115266,54.86270097350812
VRNS,2016-06-01,8.420000076293945,43.23417277025937,41.29315450259792,60.68788426930157,55.67953519797382,54.96105954455479
VRNS,2016-06-02,8.58666706085205,43.197617856826334,41.1243204419106,60.262829792571125,55.717172326389296,54.85625364157668
VRNS,2016-06-03,8.543333053588867,43.40252553803915,40.99943314981104,60.238262242708565,55.69976972361361,54.83058170553616
VRNS,2016-06-06,8.616666793823242,43.39014666742864,40.659232632380125,60.099067316988254,55.51632712296352,54.669990872454576
VRNS,2016-06-07,8.623332977294922,43.17417315635683,40.65128810129247,59.6463967552052,55.51598834048828,54.665270913755634
VRNS,2016-06-08,8.633333206176758,43.18034139047045,40.63326325243068,57.92840454553853,55.49761596994125,54.641373331213295
VRNS,2016-06-09,8.66333293914795,43.21084904729552,39.56308164764232,57.13688522189504,55.38003158774647,54.63014410909665
VRNS,2016-06-10,8.41333293914795,44.36582217491839,39.884741041429535,56.54816326170988,55.47829039022233,54.70944924157407
VRNS,2016-06-13,8.453332901000977,43.42448896488492,38.890680689687,56.530830093594666,55.47918230272143,54.59694635974007
VRNS,2016-06-14,8.50333309173584,42.41969129856044,38.23937487092464,56.331369362485496,55.26635116959704,54.58459986438214
VRNS,2016-06-15,8.603333473205566,40.75665978204415,38.25878141535812,55.72356376533762,55.021472900731375,54.59615923725059
VRNS,2016-06-16,8.630000114440918,40.13254547622241,38.192522559098045,55.38426362565839,54.26169540680195,54.594941764149205
VRNS,2016-06-17,8.283332824707031,33.14486355211125,37.69895365480239,55.83856862542286,54.45482164854987,54.7485150678354
VRNS,2016-06-20,8.516667366027832,32.55523978764611,37.78433664554882,55.44526805787135,54.3614162363232,54.81712125058611
VRNS,2016-06-21,8.553333282470703,32.55585761467213,37.70611599993131,55.43389723149288,54.22577202070725,54.684237208878336
VRNS,2016-06-22,8.403332710266113,30.56161169589446,37.60377430010999,53.19888040299347,54.223383919762114,54.57935523866048
VRNS,2016-06-23,8.563332557678223,29.84781628688485,37.63089660298542,53.23970892929073,54.22493966583774,54.47103478581366
VRNS,2016-06-24,7.949999809265137,37.4905498597204,40.90435583866586,53.55827727991338,54.74722534481978,54.97993194510573
VRNS,2016-06-27,7.409999847412109,42.64621649180545,43.68316962453494,54.81179871805517,55.41311430355115,55.3637728317572
VRNS,2016-06-28,7.563333034515381,42.7802733896529,43.825843965609344,54.60047166603236,55.38912530155944,55.220846449733976
VRNS,2016-06-29,7.863333225250244,44.144707594155605,43.910244500121614,49.13687266295265,55.54149246261281,55.35690408638824
VRNS,2016-06-30,8.006667137145996,43.90677852038415,43.96080584042583,49.18122169537964,55.48505292981524,55.37717556041485
VRNS,2016-07-01,8.239999771118164,43.68768925353114,43.908395604632666,47.44565346175746,55.53093433260226,55.401717637666735
VRNS,2016-07-05,8.09333324432373,43.35798759230487,44.080096569276265,47.55040043252635,55.05700324166275,55.40143643838481
VRNS,2016-07-06,8.046667098999023,43.41077301796884,44.13211671668068,47.55866344537235,55.02713313183148,55.38624449408266
VRNS,2016-07-07,8.08666706085205,42.537244249992014,44.109217380353385,40.94876351697418,55.01251111502281,55.3837764558275
VRNS,2016-07-08,8.350000381469727,43.17828357190943,43.32718978161071,40.4960571520184,55.11991781883715,55.059494745464086
VRNS,2016-07-11,8.303333282470703,43.017716338023945,43.29167478047835,40.47796425866251,54.88919880181905,55.01081241813554
VRNS,2016-07-12,8.346667289733887,43.00421382320196,42.92311237348984,40.38438597260165,54.840015745309564,55.01303148536392
VRNS,2016-07-13,8.416666984558105,42.9003539431161,42.93167727265073,40.38969645527423,54.76228059515383,55.01043713331812
VRNS,2016-07-14,8.4399995803833,41.47527026848674,42.59966914751847,40.228469857569074,54.64786932979169,54.98526360703715
VRNS,2016-07-15,8.453332901000977,41.06502741709549,42.5785099175219,40.22748543363039,54.63397700667295,54.97788673137737
VRNS,2016-07-18,8.470000267028809,41.04806225412459,42.57945327947685,40.177266038867984,54.54258612146964,54.96692992321063
VRNS,2016-07-19,8.399999618530273,41.02336824713551,42.62335875547297,40.21521259197343,54.37971847245453,54.666380143270885
VRNS,2016-07-20,8.526666641235352,41.27760427959668,42.60763375830111,40.13115217376112,54.24667581333007,54.68507504962612
VRNS,2016-07-21,8.376667022705078,41.57915980604509,42.84816663292168,40.17013389095224,54.1718624312914,54.71498477745846
VRNS,2016-07-22,8.466667175292969,41.699116525996565,42.84466873272535,40.04732799307749,53.96229616979342,54.48844343798264
VRNS,2016-07-25,8.493332862854004,40.822006283684594,42.76819794382594,39.83366432996334,53.94334620474368,54.44523911990961
VRNS,2016-07-26,8.483332633972168,40.80226681527538,42.42542312879301,39.46188594040507,52.63589561271704,54.38765691893658
VRNS,2016-07-27,8.566666603088379,40.86542762410472,41.7844567353921,39.47510307400702,51.65126653676956,54.3572461792467
VRNS,2016-07-28,8.613332748413086,40.75322479970266,41.131916400800336,39.38994343777113,51.6271454572229,54.12712087068747
VRNS,2016-07-29,8.563332557678223,40.77705335282674,40.98316882928445,39.26669239286815,51.59760130324784,54.11170936862175
VRNS,2016-08-01,8.633333206176758,38.95733454477946,36.01746086290596,39.18568377042313,51.60025070690665,54.10366487164098
VRNS,2016-08-02,8.44333267211914,38.709071613993146,35.975664743988865,39.22001748618661,51.58520071601339,54.082167251401145
VRNS,2016-08-03,8.523332595825195,38.79042645103431,35.995819087239624,39.227151824505846,51.43409966343502,54.07351599194031
VRNS,2016-08-04,8.449999809265137,38.52182586280468,34.688930677665994,39.26569766460823,51.17693574378745,53.7799360708393
VRNS,2016-08-05,8.543333053588867,38.25672479042643,34.399908420314894,38.701193025753845,51.1434241638754,53.72358196215949
VRNS,2016-08-08,8.573332786560059,31.116206455795847,34.16081678860444,38.518418714767535,51.12701333793136,52.14370462084204
VRNS,2016-08-09,8.666666984558105,22.22319004674077,33.97287726367113,37.8583883386292,51.12222775311981,52.12999984999218
VRNS,2016-08-10,9.106666564941406,25.332413986400248,35.19396736135915,38.12724455618996,51.41415526714241,52.35198258023794
VRNS,2016-08-11,9.126667022705078,23.371966129858404,35.117999884270304,38.12205665719098,51.41319375383885,52.31681694495906
VRNS,2016-08-12,9.333333015441896,23.615098393696577,35.07337818879376,38.20545673803949,51.153521335854414,52.327006299323344
VRNS,2016-08-15,9.266667366027832,22.77240910684231,34.54310323400631,37.27133657805695,51.16635044736819,52.289756990765525
VRNS,2016-08-16,9.16333293914795,22.288132438210774,34.23181238541413,37.25841268604736,51.12982507046365,52.25252923233542
VRNS,2016-08-17,9.116666793823242,22.26279484085062,34.27158516344794,37.25456839838599,51.06433484689957,52.25398783389057
VRNS,2016-08-18,9.236666679382324,22.41188625261159,33.847054891568305,36.99810561553161,51.07624807541789,52.26532863409064
VRNS,2016-08-19,9.476667404174805,21.79553392294197,33.94781315614325,37.100020190170255,51.06903632672881,52.02819451280348
VRNS,2016-08-22,9.353333473205566,22.193717183125152,33.99505283272701,37.118885304450096,50.93036244822545,51.62821093448812
VRNS,2016-08-23,9.396666526794434,22.191538428280698,33.987378578119845,37.11884149824341,50.925102255164255,51.30780541854028
VRNS,2016-08-24,9.463333129882812,22.17254482936576,33.92326318136046,37.120527865981295,50.83065831033997,51.20459588446216
VRNS,2016-08-25,9.56666660308838,22.2602905278584,33.16382940111576,36.76579149056487,50.81007141052214,51.19569170703796
VRNS,2016-08-26,9.66333293914795,22.309801065812763,33.00632964250057,36.7498800963838,50.78515925178997,51.17884125693419
VRNS,2016-08-29,9.69333267211914,22.30124647282894,32.97446329463013,36.525336063198985,50.68988134482457,51.17665182382043
VRNS,2016-08-30,9.893333435058594,22.42249579308823,33.16284308861546,36.54288193973132,50.55081526417061,51.20514075828528
VRNS,2016-08-31,9.850000381469728,22.410723587120945,33.1898817213378,36.56942930693042,50.53053255552691,51.19263505110203
VRNS,2016-09-01,9.91333293914795,21.36717341004797,33.20017439535396,36.55372181832337,50.48963035279973,51.16270672837936
VRNS,2016-09-02,10.06999969482422,21.518649038167062,33.312599286052055,35.7718804742352,50.36559279497576,51.1816818666282
VRNS,2016-09-06,9.99666690826416,21.8408055115951,32.71602267748023,35.75954405613433,50.37570522686441,51.16667513675702
VRNS,2016-09-07,10.05666732788086,21.7508951054959,32.720039442947915,35.49724830461184,50.36534879290713,51.140254317578126
VRNS,2016-09-08,10.033332824707031,21.834991811253367,32.73118533338398,35.51254547864815,50.36664638948578,51.10541164083545
VRNS,2016-09-09,9.613332748413086,25.893897607019127,33.97514479016001,36.06043119841496,50.5818215949315,50.07847588454225
VRNS,2016-09-12,9.633333206176758,25.743274453944625,33.974192791483176,36.04627685730701,50.43472794950012,50.05445810828233
VRNS,2016-09-13,9.4399995803833,26.64046411682957,33.11274661482218,36.24964554245507,50.45017583445501,50.02294224122795
VRNS,2016-09-14,9.56666660308838,25.691225320286787,32.76616355288806,36.2530203517514,50.46703867135152,50.03496411414618
VRNS,2016-09-15,9.670000076293944,25.71742374753369,32.81259402475943,36.22266902189244,50.47189266332388,50.023500609356745
VRNS,2016-09-16,9.729999542236328,25.43116740450057,32.56306068191864,36.22221568324425,50.468136786568174,49.87485921119695
VRNS,2016-09-19,9.873332977294922,25.530962866864755,32.48329033847941,36.24351476858882,50.42497373411064,49.891012090097945
VRNS,2016-09-20,9.833333015441896,25.65870930552568,28.3233760160017,36.21434894640825,50.242895000574805,49.87988453005735
VRNS,2016-09-21,10.083333015441896,26.287271535207257,24.13345428056348,36.11826722463866,50.30756417943152,49.84036473406912
VRNS,2016-09-22,10.113332748413086,22.65454368004529,23.923730501009725,35.65833472097725,50.30657382611064,49.819535114261626
VRNS,2016-09-23,9.983332633972168,23.14914095249716,23.117010878166585,35.316392590974274,49.64082245645242,49.84221171321053
VRNS,2016-09-26,9.953332901000977,22.459611670362577,22.97153848168646,35.19837610899225,49.33917953811132,49.67416616110098
VRNS,2016-09-27,10.00333309173584,22.297608211048704,22.37112622612168,31.77570756930876,49.30523007305983,49.47245549401662
VRNS,2016-09-28,10.036666870117188,21.912595539892862,21.93088867068652,31.476220521434705,49.20080613126672,48.87328077498706
VRNS,2016-09-29,9.863332748413086,22.590357578770867,22.270331984845587,31.65626354997911,48.94108512468807,48.870330346306936
VRNS,2016-09-30,10.033332824707031,22.78078986567269,22.444822485606124,30.808507972242754,47.80034254027613,48.75407448647215
VRNS,2016-10-03,10.036666870117188,21.727252022107216,21.654970814858324,30.58092378833263,47.280309962074206,48.6454299392389
VRNS,2016-10-04,9.976667404174805,21.395712446945243,21.66181247789866,30.46325650228621,46.74961297190778,48.60792125563093
VRNS,2016-10-05,10.05666732788086,21.45163504597817,21.681070064104063,30.326646141492898,46.73992038042376,48.58529706857978
VRNS,2016-10-06,9.90999984741211,21.94928302276357,21.955523562748645,30.37353211985453,46.65928396272089,48.42596586886362
VRNS,2016-10-07,9.976667404174805,21.828621539788674,21.97069299311512,30.330943014995466,46.23380686170125,48.42761520670276
VRNS,2016-10-10,10.09333324432373,21.88746860744797,22.04344453968654,30.17082328633032,46.02827093360163,48.37730016660581
VRNS,2016-10-11,9.706666946411133,24.825439950076785,23.666002010825345,30.51227151543823,46.29618426822013,48.53815348861926
VRNS,2016-10-12,9.579999923706056,24.33221767503568,23.77875571761877,30.296183529632103,45.9970542672806,48.49063625570555
VRNS,2016-10-13,9.69333267211914,24.589775188002942,23.714169685118357,30.33383781094623,46.00361478895436,48.466070939450674
VRNS,2016-10-14,9.630000114440918,24.55871513845028,23.422420577760743,30.021128647777484,44.43568598527708,48.04366821393695
VRNS,2016-10-17,9.516667366027832,24.23072703345049,23.533555623524432,29.96383104434433,44.456916071208425,48.0335743101247
VRNS,2016-10-18,9.516667366027832,24.18107296962963,23.535552967017438,29.874528570537667,43.726807327786496,48.02108660014041
VRNS,2016-10-19,9.533332824707031,24.096048887485757,23.526865874599487,29.86425900123318,43.7267947933064,48.015980573082246
VRNS,2016-10-20,9.5,24.100777642891472,23.495455551810707,29.814361004850543,43.53327769461207,47.82529972804011
VRNS,2016-10-21,9.56666660308838,20.85121123462884,23.508149609598632,29.25383927978505,39.58294922522453,47.78737302836164
VRNS,2016-10-24,9.550000190734863,20.844946737749257,23.466868449323545,29.109387653510566,39.586550212442766,47.72087703916177
VRNS,2016-10-25,9.533332824707031,19.974983241167543,23.44054028110117,29.09639879288932,38.34994400487945,47.63061194799164
VRNS,2016-10-26,9.466667175292969,19.692681897386286,22.980298593974137,29.099854267355447,38.33188753305979,47.62914898904291
VRNS,2016-10-27,9.383333206176758,19.55152245541189,23.02983419781484,29.141264118619286,38.34936062122571,47.5656305586306
VRNS,2016-10-28,9.383333206176758,19.43574359928404,22.933563795914395,29.14152666526717,33.78909595181548,47.422958651138025
VRNS,2016-10-31,9.516667366027832,19.399898485547723,22.996187024798488,29.214889209351146,33.3260879021395,47.31042114474563
VRNS,2016-11-01,9.533332824707031,19.39923916303567,22.993435003589504,28.810294642245346,33.30000889089303,47.20425127026628
VRNS,2016-11-02,9.43333339691162,17.920403742741577,23.05090649523976,28.865273515587,33.26732742632352,47.04065115571076
VRNS,2016-11-03,9.616666793823242,18.923120458784137,21.104979960911468,28.99928530340744,33.32424596331461,47.05713498723776
VRNS,2016-11-04,9.616666793823242,18.623341584109536,21.10406081975429,28.95128086618716,33.20881418065774,45.99289763784967
VRNS,2016-11-07,9.733332633972168,19.00753042713972,20.757418652516822,29.001821485745893,33.22473561685352,45.19027772369228
VRNS,2016-11-08,9.800000190734863,19.062496327253356,20.728972290829823,28.213347476141102,33.19014724059462,45.17245230219386
VRNS,2016-11-09,9.866666793823242,19.151695552835516,20.60627237368956,27.914237818412435,33.189477793494845,45.14363805233259
VRNS,2016-11-10,10.0,18.877732866669223,20.71244781174852,27.975281128234485,33.123728010686946,45.15578143418189
VRNS,2016-11-11,10.300000190734863,20.136334679209703,21.369522174484203,28.152463979257515,33.212586912015446,45.15732041947342
VRNS,2016-11-14,10.31666660308838,20.136771144993286,20.784148192815664,28.02291085221561,33.11628066754361,45.02890718107
VRNS,2016-11-15,10.283332824707031,20.070217853030613,20.587291314359703,25.237583071087933,32.97879544613597,44.80961412440108
VRNS,2016-11-16,10.233332633972168,20.027772057440853,20.619314848531467,22.4036807813692,32.74259476838961,44.78014980693656
VRNS,2016-11-17,10.266667366027832,19.50723255614619,20.589472098705745,22.232231149042068,32.7420580618649,44.76672660192829
VRNS,2016-11-18,10.31666660308838,19.4690806740804,20.507742071478287,21.47925448868041,32.68258113683935,44.755642595483
VRNS,2016-11-21,10.300000190734863,19.22472008339408,20.433281865549784,21.34809223747901,32.590605793243746,44.74856727611081
VRNS,2016-11-22,10.366666793823242,15.141698344995032,20.459080014913216,20.941014284548093,32.537092123146124,44.74972805021849
VRNS,2016-11-23,10.233332633972168,15.125064042884254,20.2562241680145,20.83239998809181,32.47705503539128,44.515792028047606
VRNS,2016-11-25,10.233332633972168,14.86077644711846,20.23034144863183,20.79515619047817,32.47630053490122,44.51630198761048
VRNS,2016-11-28,10.166666984558104,14.859839294731689,20.24650956263733,20.839219706378486,32.49108053292232,44.47520853699067
VRNS,2016-11-29,9.983332633972168,15.469080644184931,20.346101411466822,20.537180607580076,32.21165764744006,44.46012736396531
VRNS,2016-11-30,9.733332633972168,17.330643458885437,20.945133700297376,20.953403165191496,32.27547352346869,44.54201404681881
VRNS,2016-12-01,9.116666793823242,25.84629317471957,24.774946150093697,23.49142508725624,32.81519950678987,44.98866363199935
VRNS,2016-12-02,9.083333015441896,25.847421043674107,24.778056327680485,23.47160346802158,32.519357953957034,44.85887970688313
VRNS,2016-12-05,9.199999809265137,26.065218424421797,23.41955530166464,23.546841778589474,32.536527491276104,44.86860254100263
VRNS,2016-12-06,9.083333015441896,26.276194946289746,23.540655096295023,23.645578505830432,32.570621007908315,44.82029715216228
VRNS,2016-12-07,8.966667175292969,26.47805988385223,23.33069978486946,23.743567554769957,32.03536164353704,44.817956216249016
VRNS,2016-12-08,9.266667366027832,28.29273013410368,24.16927192646694,24.247572899766368,32.19161207933434,44.902974926007246
VRNS,2016-12-09,9.0,29.394797013450574,24.752618705396834,24.610089556975037,32.39560188706032,44.92808571908674
VRNS,2016-12-12,8.899999618530273,29.526955559675947,24.78711676912569,24.507634997109957,32.228567733583155,44.81175206776737
VRNS,2016-12-13,9.0,29.40179294326728,24.701275931815417,24.512849977484272,32.1985346325182,44.80237602413874
VRNS,2016-12-14,8.716667175292969,30.64157435684284,25.473801044395465,25.04898809669252,32.41136764801424,44.89147245654192
VRNS,2016-12-15,8.399999618530273,32.13227425683175,25.82782640984006,25.737529201795656,32.73737989800569,44.93051866127374
VRNS,2016-12-16,8.283332824707031,31.492070003072048,25.89286483644072,25.781858274647067,32.790197554036695,44.95511692213754
VRNS,2016-12-19,8.783332824707031,36.48264529281322,28.75245792051321,27.41505002343511,33.28225936914692,45.304591107862855
VRNS,2016-12-20,8.850000381469727,36.344136755130656,28.82025255382532,27.42259774365665,33.26191102497623,45.304722208926265
VRNS,2016-12-21,8.850000381469727,36.23465450818418,28.786775458209178,27.39400210346438,33.152347552820856,45.23923021359885
VRNS,2016-12-22,8.516667366027832,37.47594137377621,29.709373276078093,27.847485591331804,33.47582993587229,45.28950487453189
VRNS,2016-12-23,8.600000381469727,37.33426202495552,29.657351297708377,27.85014858706933,33.47791428237007,45.24812668111707
VRNS,2016-12-27,8.666666984558105,36.09216604029407,29.457464849056496,27.840712416105166,33.4815079990202,45.25214786544439
VRNS,2016-12-28,8.583333015441895,36.03997138933151,29.48847564255077,27.83105575483776,32.950988734154656,45.2595321763036
VRNS,2016-12-29,8.816666603088379,37.28128719121821,30.08825844341279,28.14912021492718,33.028290579293284,45.32897193350479
VRNS,2016-12-30,8.933333396911621,37.6559396587552,30.18027176721518,28.17362417921378,32.866323123718594,45.298702022287785
VRNS,2017-01-03,9.083333015441896,38.094238742084976,30.299489236573702,27.17750061335159,32.91141556610686,45.18358282258772
VRNS,2017-01-04,9.016667366027832,38.00960403426888,30.27491964026049,27.19999155071184,32.81275211446909,45.189838845042665
VRNS,2017-01-05,8.916666984558105,38.04743564097502,30.206946758444,27.013877340327447,32.84476669505239,45.20605478655592
VRNS,2017-01-06,8.916666984558105,37.92729327096978,29.207788639812065,26.99250184933121,32.84027644398414,44.67079077787919
VRNS,2017-01-09,8.949999809265137,37.93254747174822,29.12312073573564,26.944103570179628,32.81493274464594,44.44189658618106
VRNS,2017-01-10,9.18333339691162,38.916531260041474,29.525488652544254,27.2453569597018,32.91802334971361,44.4735046576316
VRNS,2017-01-11,9.266667366027832,39.076053979034455,29.57078392866894,27.20376306551412,32.928735494796165,44.38881173891389
VRNS,2017-01-12,9.283332824707031,38.833249390369225,29.4821527901214,26.89371995361484,32.91036858315222,44.12423602878181
VRNS,2017-01-13,9.699999809265137,40.43407213233208,30.84981720566478,27.708174971971864,33.26085178315086,43.38668252316404
VRNS,2017-01-17,9.733332633972168,35.37370961067534,30.855071500312363,27.704158586468655,33.134083948207234,42.989806092802965
VRNS,2017-01-18,9.75,35.330813955611674,30.845794190992954,27.68413658653105,32.82285462374262,42.577550329099125
VRNS,2017-01-19,9.75,35.19769478939522,30.815549791817364,27.632303551953903,32.58546018179813,42.56519750099368
VRNS,2017-01-20,9.81666660308838,34.94373187014348,30.84101420399917,27.607642199735245,32.52369100136022,42.47422984168895
VRNS,2017-01-23,9.866666793823242,34.63736718667506,30.85189450722801,27.61480540752781,30.43149428244105,42.129575343168085
VRNS,2017-01-24,10.0,33.63016763620678,30.92141932327392,27.50631910213061,30.309916634080757,41.98277998890112
VRNS,2017-01-25,9.916666984558104,32.44284139021361,30.915188716132896,27.530116344159545,30.333988892298684,41.99572002962521
VRNS,2017-01-26,9.916666984558104,32.17218850033303,30.915188716132896,27.511329805546957,29.76884094968522,41.738391324636
VRNS,2017-01-27,9.850000381469728,32.22503921904156,30.83051907020949,27.41621628112101,29.67104471633352,41.74484278006702
VRNS,2017-01-30,9.883333206176758,30.469971654295968,30.83497869637636,27.39837111309929,29.56907148747259,40.48799725782076
VRNS,2017-01-31,9.966667175292969,27.86648339463815,30.78684911962506,27.41470934742521,29.4830650348753,40.48600043489648
VRNS,2017-02-01,9.833333015441896,27.835072872086634,30.68473745916791,27.494792820496063,29.480473843373723,39.953640401611736
VRNS,2017-02-02,9.833333015441896,22.903628325719687,30.68473745916791,26.634393133895408,29.45948663544699,39.95415903729866
VRNS,2017-02-03,9.866666793823242,22.87542449340904,30.594985014110605,26.637510922195386,29.336327383593268,39.804185121949246
VRNS,2017-02-06,10.133333206176758,23.795487025440888,31.04472162824132,26.75939522447125,29.28079602604796,36.854233168437325
VRNS,2017-02-07,10.333333015441896,20.40008233977859,31.263448154701013,26.85204432118597,29.1648704148805,36.889786343248375
VRNS,2017-02-08,10.083333015441896,22.24839903668803,31.57210390648468,27.100349554016056,29.327881154729152,36.06702471185793
VRNS,2017-02-09,9.56666660308838,27.84398840753858,32.76910446573114,28.359338105616487,29.81245608522849,36.460389692330594
VRNS,2017-02-10,9.350000381469728,28.63305951062246,33.062221206900404,28.486576044859103,29.878507628560907,36.5445207914796
VRNS,2017-02-13,9.391667366027832,27.72537774496446,33.08385871588955,28.491862116377597,29.824441993866717,33.13153469223037
VRNS,2017-02-14,9.133333206176758,28.83443772668388,33.51724953574306,28.523499983440196,30.010529643637305,32.89958679852745
VRNS,2017-02-15,9.133333206176758,28.43700405610607,33.50254011911193,28.51689853085231,29.971213552596076,32.884348634661094
VRNS,2017-02-16,9.266667366027832,28.63775862953184,33.64405118192032,28.55750995914733,29.68801342871449,32.852201866519216
VRNS,2017-02-17,9.31666660308838,28.432690650121256,33.67613177286831,28.57163243262862,29.60699848854872,32.854043357272886
VRNS,2017-02-21,9.399999618530272,28.509908747632444,33.70514805457866,28.59798287280974,29.61649590885329,32.77033266040754
VRNS,2017-02-22,9.333333015441896,28.617892566904864,33.64269737378306,28.60933180830328,29.614802187338647,32.77963355807537
VRNS,2017-02-23,9.233332633972168,27.866069666462607,33.69410726796317,28.529932705633936,29.644486381673328,32.771859021150895
VRNS,2017-02-24,9.233332633972168,27.73940190329494,33.68077750960457,28.38794055079223,29.64437464498389,32.76768810408575
VRNS,2017-02-27,9.25,27.7394421284686,33.50891030459757,28.39043569435716,29.642581251775105,32.69563982468927
VRNS,2017-02-28,9.133333206176758,24.60712170874659,33.21926329754485,28.441395066674023,29.473516600578165,32.686926044401446
VRNS,2017-03-01,9.283332824707031,25.130700518157195,30.570002369377647,28.53768901903185,29.528774706878664,32.64185601170686
VRNS,2017-03-02,9.333333015441896,25.194642871178385,30.576023280579744,28.466732318333,29.527492137543398,32.52981615372493
VRNS,2017-03-03,9.31666660308838,25.190993412819868,30.471046133267244,28.443177273971408,29.49873798864458,32.36391179495443
VRNS,2017-03-06,9.18333339691162,25.33199999276868,30.502957293699534,28.4566829243187,29.549282520761512,32.40333947386552
VRNS,2017-03-07,9.116666793823242,25.27567090148176,30.42120285861381,27.81304804999583,29.151781642959225,32.36495478996718
VRNS,2017-03-08,9.149999618530272,24.8919138065614,29.662113459076988,27.74845828875721,28.97353694271211,32.30456567667469
VRNS,2017-03-09,9.050000190734863,24.952900344367936,29.1320328014253,27.72844151869166,29.001022915096847,32.294530993252906
VRNS,2017-03-10,9.133333206176758,25.190483720690565,29.09426954613157,27.75604395315912,28.94031135994203,32.2305911414499
VRNS,2017-03-13,9.350000381469728,26.270235961399145,29.394957384326908,27.95455488647014,28.98639079519737,32.30363578825685
VRNS,2017-03-14,9.31666660308838,26.229842564410223,28.61445275097148,27.959729111998783,27.591141277404517,32.30621723629512
VRNS,2017-03-15,9.483332633972168,26.68591182337661,27.684023841626043,28.10300410263665,26.329584254141757,32.090134229016435
VRNS,2017-03-16,9.699999809265137,27.337473432818697,27.795272643763717,28.32583364836149,26.35230224621371,32.08317444488466
VRNS,2017-03-17,9.833333015441896,27.641870773078782,25.34721096246691,28.38609419723573,26.01343303438485,31.758882466681698
VRNS,2017-03-20,9.666666984558104,28.058079134060264,25.613498231713876,28.518171212476734,26.025979786717585,31.58844961149954
VRNS,2017-03-21,9.399999618530272,27.89847167596569,26.314129111944705,28.86372577613719,26.041718673522286,31.72139295024399
VRNS,2017-03-22,9.483332633972168,27.329528893048906,25.04324342216374,28.87721943993597,25.9638004038416,31.72082412885535
VRNS,2017-03-23,10.233332633972168,34.9130477010815,29.279097137266454,31.264345938359195,27.434542061459847,32.16904518573986
VRNS,2017-03-24,10.31666660308838,31.118399852237523,29.281938140138504,31.28512279930565,27.442935155189275,32.1414005245834
VRNS,2017-03-27,10.283332824707031,30.231432450962952,29.193632456247343,31.22048580675988,27.20390182334149,32.13629711779853
VRNS,2017-03-28,10.116666793823242,30.75108199214594,29.029702724306038,31.33795533930291,27.271041196041534,32.040256423166824
VRNS,2017-03-29,10.18333339691162,29.385203815831517,28.95587030611617,31.300850274311763,27.27440790250913,32.008624057770874
VRNS,2017-03-30,10.416666984558104,29.8717283854417,29.109719568520298,31.356674909183223,27.38020900927557,32.04646116319185
VRNS,2017-03-31,10.600000381469728,29.970708251300543,29.202438036402235,31.467476134348694,27.447166122032584,32.0826053062921
VRNS,2017-04-03,10.43333339691162,30.541445945685748,29.31319695311984,31.529017258085908,27.52172303289608,32.13320830808684
VRNS,2017-04-04,10.416666984558104,30.53981070255852,29.321125493985,31.515674365380853,27.523500339282407,31.99147034165582
VRNS,2017-04-05,10.333333015441896,30.568384033299072,29.400594174878787,31.529578167296044,27.522229760589845,31.988246652752743
VRNS,2017-04-06,10.366666793823242,30.272532797233254,28.99642807243048,31.46435338385586,27.47426725868473,31.906472344324587
VRNS,2017-04-07,10.350000381469728,30.293940819044096,28.968496587816716,31.115194041589973,27.38472966013179,31.890656401502557
VRNS,2017-04-10,10.350000381469728,30.308803754870333,28.970958531728247,31.11417815609646,27.36165667562837,31.88412207133929
VRNS,2017-04-11,10.31666660308838,29.98509866434588,27.6250541337633,31.114150284117738,27.36538905557793,31.886380435525
VRNS,2017-04-12,10.266667366027832,29.86182308643767,27.64647385590608,31.11408664479684,27.373128308443523,31.47830312249039
VRNS,2017-04-13,10.149999618530272,30.15879358151306,27.76070003400246,31.162660637076232,27.393054395247383,31.46534511997365
VRNS,2017-04-17,10.266667366027832,30.22742774568189,27.847588456383065,31.20677294825285,27.416070290862883,31.338687199258835
VRNS,2017-04-18,10.366666793823242,29.808762666398327,27.880106646494426,31.243929827752805,27.423374931393276,31.346945753961748
VRNS,2017-04-19,10.43333339691162,29.62026023178663,27.88993604399706,31.243715312139752,27.417848197847032,31.262621158145144
VRNS,2017-04-20,10.449999809265137,29.63134035732256,27.768730366275268,31.17479207729404,27.27730649770216,31.259361149632504
VRNS,2017-04-21,10.43333339691162,29.33018533901305,27.708539769640232,31.17609480916057,27.26157720636001,31.257627029230623
VRNS,2017-04-24,10.449999809265137,29.313004943654093,27.708387935073286,31.158135639031297,27.2368555168499,31.23843771210946
VRNS,2017-04-25,10.466667175292969,28.764056973485864,27.66312342343276,31.017546699977444,27.21191771813592,31.22381879387044
VRNS,2017-04-26,10.449999809265137,28.72593448436988,27.663724642146043,30.741920107955,27.212334632825677,31.225746220530237
VRNS,2017-04-27,10.416666984558104,28.48500018794396,27.632062257277124,28.86243953342449,27.19233593346477,31.21576655945917
VRNS,2017-04-28,10.466667175292969,27.88917680764997,27.484129781650477,28.856382427571752,26.57724586559601,31.201113947405208
VRNS,2017-05-01,10.666666984558104,28.112936241037488,27.72620833420124,28.934578369604807,26.663453976862662,31.15349636542477
VRNS,2017-05-02,10.649999618530272,27.516170849800396,27.72929021753583,28.848759624007712,26.54157119812577,30.916103320199724
VRNS,2017-05-03,10.649999618530272,25.907017383594173,27.22005755431693,28.75599911450929,26.5250746937996,30.73935946837058
VRNS,2017-05-04,10.633333206176758,25.919509664778044,26.942497796092944,28.321695178738704,26.488233738431035,30.693466271858533
VRNS,2017-05-05,11.733332633972168,31.531122404491374,33.142258108564555,31.8432947213742,28.886591125035437,30.677898616297227
VRNS,2017-05-08,11.850000381469728,31.552809157788435,31.11522715312376,31.786035024665928,28.87093238095068,30.579575156229406
VRNS,2017-05-09,11.666666984558104,32.019862610020304,30.88459912834061,31.89170731913452,28.7952099908162,30.63032425716393
VRNS,2017-05-10,11.75,31.42812596747989,30.892245776010974,31.41288869330176,28.75364153301023,30.237971870955267
VRNS,2017-05-11,11.800000190734863,31.42519222053684,30.180892825137278,30.75169831001368,28.753058485502827,30.15672818427672
VRNS,2017-05-12,11.716667175292969,31.146978435199244,30.25856355078224,30.671817020100363,28.76161544919509,30.099755606193728
VRNS,2017-05-15,11.916666984558104,31.12766657594325,30.2981545282259,29.45382458202032,28.79926477904745,30.07114964149545
VRNS,2017-05-16,12.033332824707031,30.595743265185053,30.318643643947382,29.46435945866921,28.79794423276511,30.04352548815251
VRNS,2017-05-17,11.68333339691162,32.13106186990342,31.080425313439385,29.911897100262337,29.02564521563017,30.191114652683225
VRNS,2017-05-18,11.866666793823242,32.10234556356731,31.093298960293325,29.24041125731692,28.985668626796485,30.138851123545475
VRNS,2017-05-19,11.983332633972168,32.13396280996837,30.96120980555469,29.240670603238037,28.997004641183423,30.003103448823197
VRNS,2017-05-22,12.18333339691162,32.2485903302369,31.04770367849048,29.308047677938337,29.04799409106834,29.906842617641693
VRNS,2017-05-23,12.199999809265137,32.23099513033303,31.04952411799113,29.23507614839548,28.99649207662505,29.906634701148988
VRNS,2017-05-24,12.216667175292969,32.150581513264925,30.84785678421974,28.996845232779894,28.97938047383284,29.76589639137595
VRNS,2017-05-25,12.266667366027832,32.00108845541016,30.755767455932816,28.953869177679163,28.97575766502755,29.71314530621283
VRNS,2017-05-26,12.216667175292969,31.724442905903427,30.80722857905994,28.895176877909268,28.979439510903436,29.682110506971824
VRNS,2017-05-30,12.166666984558104,31.820219586780112,30.830996694478007,28.87010167367324,28.513050085437424,29.68353958852428
VRNS,2017-05-31,12.116666793823242,31.919719209472422,30.633509348853394,28.80386769374052,28.52012040853305,29.664639472537708
VRNS,2017-06-01,12.083333015441896,31.99993679884604,30.57230514960536,28.814651229475466,28.408895354108665,29.44256881405317
VRNS,2017-06-02,12.133333206176758,31.985669829801733,30.57176223727232,28.814963992639203,28.3752163995021,29.38732031286642
VRNS,2017-06-05,12.100000381469728,32.00804053737445,30.437474038194235,28.59791760159889,28.35704421359544,29.383154498341028
VRNS,2017-06-06,12.116666793823242,32.01009827425904,30.43205824742642,28.58097524297822,28.350957936762228,29.37434539009029
VRNS,2017-06-07,12.116666793823242,32.02787136400876,30.19395866480521,28.583814274260774,28.30638193456611,29.374600327111487
VRNS,2017-06-08,12.133333206176758,31.987268398071063,30.1557347755156,27.808656462531815,28.29963785325077,29.37459419041668
VRNS,2017-06-09,11.616666793823242,34.885870201254384,31.578208492983467,28.74041203620318,28.64510972163269,29.714367940937453
VRNS,2017-06-12,11.68333339691162,34.88960486496859,31.328194758174405,28.747260501981724,28.649913716673414,29.56005797607473
VRNS,2017-06-13,12.083333015441896,35.701695155866375,31.8796608752681,29.18668592446563,28.865089446910456,29.734808041556597
VRNS,2017-06-14,12.083333015441896,35.68279337357189,31.600772719849434,29.17898496272599,28.86131146180973,29.731736011982925
VRNS,2017-06-15,11.916666984558104,36.05031760240811,31.12568907738196,29.2844861884027,28.911640385783542,29.75282558366813
VRNS,2017-06-16,11.949999809265137,36.016623258327535,31.10990471138567,29.226464190604577,28.911097687363537,29.752657518788496
VRNS,2017-06-19,12.06666660308838,22.372617182032386,27.26036615610922,29.20758641408245,28.84630986649971,29.459706428116377
VRNS,2017-06-20,11.983332633972168,22.318400682461697,27.30818862885197,29.24013800063234,28.79907878564707,29.35304208426982
VRNS,2017-06-21,12.350000381469728,23.385860336917045,27.85999642037805,29.547402374503346,29.00476140905407,29.49247311495371
VRNS,2017-06-22,12.266667366027832,23.46274817712826,27.643676907237914,29.581543155620626,29.007593286535784,29.441449781602845
VRNS,2017-06-23,12.56666660308838,24.362905271068488,27.968170522807284,29.771405521493843,29.12418524578432,29.47758259121296
VRNS,2017-06-26,12.300000190734863,25.17542465176799,28.13834474681942,29.905766394673957,29.18712020056541,28.57216194743488
VRNS,2017-06-27,12.083333015441896,25.35021957272965,28.27907487489553,30.07223608963224,29.26571562601852,27.71145900542261
VRNS,2017-06-28,12.416666984558104,26.390247912568785,28.482591951082934,30.33568110905821,29.40269432692536,27.76479788614308
VRNS,2017-06-29,12.199999809265137,25.39859005062204,28.77791288798574,30.24435085861962,29.09756841960019,27.58457214889698
VRNS,2017-06-30,12.399999618530272,25.43272964228786,28.82395016771441,30.19992078909375,29.10056609743837,27.57444658408809
VRNS,2017-07-03,12.266667366027832,25.547581612439217,28.96327096764664,29.97373663661532,29.110346218144223,27.46915896331852
VRNS,2017-07-05,12.399999618530272,25.29247390540787,28.99425479608101,28.698869950895062,29.116825759990363,27.414314376148045
VRNS,2017-07-06,12.399999618530272,25.291916329322024,28.99425479608101,28.40964106750245,29.074685626850467,27.40457959404145
VRNS,2017-07-07,12.550000190734863,25.509794535203017,29.022553296714392,28.44610651474374,29.10092295695824,27.422076009509368
VRNS,2017-07-10,12.5,25.529499344371047,29.012738041678062,28.03767188689474,29.10826155229914,27.258592287452828
VRNS,2017-07-11,12.916666984558104,27.12509794778964,29.466923448139624,28.42476383307784,29.33621635104233,27.426574811700068
VRNS,2017-07-12,13.0,27.095798008584804,29.43101214141774,28.37391701895198,29.334865626464275,27.42839720832154
VRNS,2017-07-13,12.81666660308838,27.455666535439555,29.638009902242864,28.508847486080963,29.392464701636257,27.466671078959195
VRNS,2017-07-14,12.866666793823242,27.425905376908084,29.632071978354457,28.494370365859798,29.390906532079068,27.467353825160096
VRNS,2017-07-17,12.850000381469728,27.43598935196614,29.645908963566427,28.455991326721342,29.37490172603594,27.468957599547583
VRNS,2017-07-18,12.93333339691162,27.429861474459237,29.633377622353567,28.3720276172143,29.353408215948413,27.473139848226296
VRNS,2017-07-19,13.06666660308838,27.526699022996898,29.6617507132532,28.387731547734607,29.36972104474212,27.46813722743193
VRNS,2017-07-20,12.850000381469728,28.080515341802688,29.953968603844302,28.567190797497037,29.414899689484532,27.497855912517032
VRNS,2017-07-21,12.833333015441896,28.09602464358641,29.951915671954644,28.462016067879397,29.41699122323313,27.430603121274665
VRNS,2017-07-24,12.833333015441896,24.60109693628287,29.92890819236777,28.391631754601203,29.38188141387113,27.416237263046018
VRNS,2017-07-25,12.949999809265137,24.64818777491655,29.94961637180948,28.404668330107224,29.32089634159532,27.4258264822883
VRNS,2017-07-26,12.800000190734863,23.279304316487774,29.93455934219432,28.492432519621214,29.36252072014884,27.456737075602312
VRNS,2017-07-27,12.466667175292969,24.68236966576315,30.52403560798999,28.74286300427608,29.52146033124146,27.58689045950621
VRNS,2017-07-28,12.43333339691162,24.30404998345479,30.53879826045576,28.709942688710928,29.51817122314221,27.587171180044308
VRNS,2017-07-31,12.416666984558104,24.31321232255743,30.53752937149166,28.71845385817298,29.512672692211144,27.57894005407586
VRNS,2017-08-01,12.616666793823242,24.568547094012345,23.30046693100213,28.701890960653355,29.529026956511974,27.60908311410557
VRNS,2017-08-02,12.466667175292969,24.76077699216657,23.382873897523503,28.78821005194208,29.377739090339357,27.53925037938589
VRNS,2017-08-03,12.516667366027832,23.22846377967084,23.13807853169953,28.603494515995457,29.37973129116996,27.52899687488299
VRNS,2017-08-04,12.850000381469728,24.28730793349767,23.6755381926046,28.822884485753264,29.52601216442482,27.620888263007203
VRNS,2017-08-07,12.600000381469728,24.06067522314664,24.06004561128096,28.954180641839173,29.6206519673064,27.686877100317098
VRNS,2017-08-08,12.43333339691162,23.53787515191741,24.1840405490714,28.89176888658391,29.66897455313789,27.725971157156472
VRNS,2017-08-09,12.25,23.357100310653188,24.16659929623009,28.96555331029473,29.725116102158434,27.757924512945262
VRNS,2017-08-10,11.883333206176758,23.588433708965,24.896676542558247,29.266269313561686,29.95421882378661,27.515462628280325
VRNS,2017-08-11,11.949999809265137,23.16347542926744,24.160243299657434,28.87173340459648,29.952111270093923,27.51897549798818
VRNS,2017-08-14,12.366666793823242,24.83678930216526,24.953660660055743,29.29539871897792,30.16757789754281,27.6368027381114
VRNS,2017-08-15,12.600000381469728,25.19941143197986,25.158307692759838,26.954897604546712,30.23938909366205,27.679926388581404
VRNS,2017-08-16,12.850000381469728,25.628075509533875,25.24871376880739,27.082502379075247,30.304254085601677,27.71277141213068
VRNS,2017-08-17,12.533332824707031,26.725459575005043,25.79755152793151,27.4107838630805,30.37589469826814,27.82994598167765
VRNS,2017-08-18,12.666666984558104,26.673970387743815,25.880549331955184,27.285686512790758,30.229736265138317,27.820430527224158
VRNS,2017-08-21,12.716667175292969,26.66190473889256,25.87973423845625,27.27828214859585,29.16348454101588,27.713777236534494
VRNS,2017-08-22,12.666666984558104,24.87018046461353,25.87863149806483,27.097294111448704,29.164238758200963,27.681552778255917
VRNS,2017-08-23,12.649999618530272,24.77966421592864,25.863300216277064,26.987733426170323,29.137622901084097,27.68055936146684
VRNS,2017-08-24,12.766667366027832,24.615841765285527,25.902167525087005,26.86405614684817,29.09920768670026,27.685872976150645
VRNS,2017-08-25,12.699999809265137,24.628362065916644,25.921982037269046,26.882718632090047,29.058269248634648,27.67620519432848
VRNS,2017-08-28,12.733332633972168,24.64261951556713,25.915623657752885,26.834854080200337,28.823770573959703,27.66210569446796
VRNS,2017-08-29,12.75,24.564751046382728,25.90518730394589,26.83451762255356,28.58743543155944,27.66138217733152
VRNS,2017-08-30,12.93333339691162,24.74435565520213,26.05041269932538,26.897507429079067,28.58174408423525,27.625053994218952
VRNS,2017-08-31,12.93333339691162,24.25226523830336,26.05041269932538,26.897507429079067,28.562247853566404,27.61984182487843
VRNS,2017-09-01,12.899999618530272,24.262068723077064,26.06115736004202,26.89437220043287,28.279945549828035,27.61705962429128
VRNS,2017-09-05,13.166666984558104,24.963995245085115,24.65139847303835,27.02442549709763,27.97478732138672,27.646619387139104
VRNS,2017-09-06,13.016667366027832,25.086256938583865,24.794222039404698,27.02480555892781,27.955406192029976,27.66234290584807
VRNS,2017-09-07,12.966667175292969,24.867730039305695,23.91135457949293,27.00495626264937,27.1562648535688,27.662201209612817
VRNS,2017-09-08,13.149999618530272,23.817355244743613,24.054549646116197,27.043891136249005,27.185193984382355,27.69079571033168
VRNS,2017-09-11,13.116666793823242,23.81512333318101,23.857876729178507,27.047238008915603,27.189743885532952,27.341447446893337
VRNS,2017-09-12,13.233332633972168,23.882129437376545,23.90313807302344,27.067046183740462,26.768499699008924,27.35194731345364
VRNS,2017-09-13,13.199999809265137,23.54904100650394,23.85939419569385,27.070890890208094,26.760805578035143,27.269117358458768
VRNS,2017-09-14,13.31666660308838,23.284578251696576,23.83988626451917,27.089915380832,26.76413709265082,27.25286548717459
VRNS,2017-09-15,13.100000381469728,23.89045915192871,23.376996148057337,27.25412324187224,26.81869871298884,27.293727978976754
VRNS,2017-09-18,13.483332633972168,24.13129418353914,24.003425792979236,27.571439201541835,26.84570722559009,27.42893947080457
VRNS,2017-09-19,14.016667366027832,25.561027954894723,24.76656947254453,28.14843227140689,27.16044005365853,27.65243098516778
VRNS,2017-09-20,14.016667366027832,25.08436991689884,24.29139233500381,28.150814636238515,27.10973237028028,27.64737746392692
VRNS,2017-09-21,14.0,24.49781157048959,23.944966313201217,28.04055882361311,27.088216378773872,27.545937482884792
VRNS,2017-09-22,13.93333339691162,22.36421071866514,23.42395669084472,28.05766112612156,27.05363095047059,27.55211292836726
VRNS,2017-09-25,13.699999809265137,23.269855297938367,23.398929122423745,28.226407842218137,27.14905325946856,27.57539049311656
VRNS,2017-09-26,13.716667175292969,21.506899976574235,23.20781148366598,28.21961464014536,27.14892986892248,27.572065693422783
VRNS,2017-09-27,13.850000381469728,21.106738816480878,23.116351028230397,23.69733067263512,27.0205349218104,27.58235322987908
VRNS,2017-09-28,13.883333206176758,20.51929433281207,23.04394361923983,23.660871928661685,27.008600200595424,27.58182380066701
VRNS,2017-09-29,13.966667175292969,18.799391184374155,23.055689217121333,23.509617966435652,27.012164763881582,27.52167654515184
VRNS,2017-10-02,13.983332633972168,18.693433060522818,22.96086763936596,23.494311553166806,26.554194198341808,27.47645556835308
VRNS,2017-10-03,14.416666984558104,20.291820738107678,23.66730236142472,23.931756354639216,26.766861698887865,27.63097666493546
VRNS,2017-10-04,14.416666984558104,20.18664824852189,22.805983407691247,23.889642354531887,26.768051456261134,27.621286580342684
VRNS,2017-10-05,14.466667175292969,20.118222123399875,22.788518028232023,23.77189945305028,26.76722952166681,27.6142590866968
VRNS,2017-10-06,14.56666660308838,20.0825558827106,22.565475437802117,23.752361837081985,26.767411571135742,27.571959150653104
VRNS,2017-10-09,14.633333206176758,19.873875067362107,22.56813757689311,23.21458502320744,26.76669961413756,27.568757495856023
VRNS,2017-10-10,14.533332824707031,20.14895212693146,22.63303101666407,23.159998040459552,26.75443479447816,27.5626918497388
VRNS,2017-10-11,14.633333206176758,20.138964760843287,22.636447216170165,23.139702693229648,26.731393024254125,27.266037665056498
VRNS,2017-10-12,14.949999809265137,20.53913108284716,22.92255350385583,23.23013551710239,26.82687727768636,27.29705005673141
VRNS,2017-10-13,14.93333339691162,20.564453693823303,22.591821294099997,23.2353256044258,26.808474654266533,27.28008014966407
VRNS,2017-10-16,14.883333206176758,20.58974903931345,22.610521108979263,23.250790108786937,26.816537046611515,27.272214110238718
VRNS,2017-10-17,14.766667366027832,20.349115068812964,22.70456215983385,23.300561902179183,26.833318434179997,27.25527533104058
VRNS,2017-10-18,14.800000190734863,19.835965315457813,22.66144078456509,23.281153536249715,26.768612469279603,27.25475999186097
VRNS,2017-10-19,14.583333015441896,20.46561410340612,22.751158278651,23.412202250850093,26.84300291367577,27.304661003819795
VRNS,2017-10-20,14.800000190734863,20.49705786683569,22.09803556656692,23.48201823045468,26.8837673815577,27.33081729972021
VRNS,2017-10-23,14.800000190734863,20.44047413279565,22.076183690579164,23.47188763536225,26.72752154557075,27.326318551596096
VRNS,2017-10-24,14.783332824707031,20.440229964199503,22.074465091852115,23.474739957306063,26.649427073536074,27.32560057754412
VRNS,2017-10-25,14.916666984558104,20.40816279030753,21.943647594402076,23.48847012220029,26.474895551098747,27.33293233658241
VRNS,2017-10-26,14.600000381469728,21.64608458328398,22.29977107066349,23.784028998382222,25.816062647868737,27.41758965619441
VRNS,2017-10-27,14.75,20.92853721214318,22.35244671981716,23.81895775836802,25.656873640427246,27.41013876743822
VRNS,2017-10-30,14.533332824707031,20.2292340892467,22.088053154724307,23.9670924750753,25.737582240567043,27.45976925149841
VRNS,2017-10-31,14.533332824707031,17.057148883426603,21.625840052210226,22.841631476856737,25.48538523601713,27.43217305675548
VRNS,2017-11-01,14.350000381469728,17.525575351703065,21.606958162406407,22.95697623094053,25.54767149751961,27.46980890877582
VRNS,2017-11-02,14.0,19.015938152399738,22.032179150666387,22.78020285382745,25.709135163487325,27.56897958003265
VRNS,2017-11-03,16.233333587646484,46.85763213696335,36.40166088534497,32.55602752120911,30.954212575590788,31.16983192975268
VRNS,2017-11-06,15.93333339691162,46.93231942612511,36.72813236945372,32.627470170036126,31.05285278404229,31.238055500050123
VRNS,2017-11-07,15.383333206176758,48.34994234187723,37.10105065708608,33.18141843926164,31.355863817191143,31.44130039365906
VRNS,2017-11-08,16.116666793823242,49.89573445193473,38.012853977678944,33.89281530109155,31.738757838821336,31.75450334520252
VRNS,2017-11-09,15.699999809265137,50.70938425221949,38.37138850980514,34.17174452287063,31.92547991438862,31.875365212362954
VRNS,2017-11-10,16.266666412353516,51.5176234488985,38.46612209974808,34.290656444574,32.155976428941976,32.03150605712041
VRNS,2017-11-13,16.149999618530273,51.62993412727882,38.51554914749536,34.29374617488783,32.12445405353724,31.92391971419972
VRNS,2017-11-14,16.21666717529297,51.05096741499868,38.5155449512474,34.122374221672054,32.086713476267185,31.92476847629313
VRNS,2017-11-15,16.083332061767578,51.16203865250277,38.56392781168498,33.9500299200741,32.113628955208014,31.936655047124248
VRNS,2017-11-16,17.299999237060547,54.96008885770299,41.04959320907343,35.57315709796931,33.15582213168552,32.71218793948977
VRNS,2017-11-17,16.350000381469727,57.85930998005273,42.94074748860393,36.62380320688357,33.841162112148474,33.23196064786084
VRNS,2017-11-20,17.366666793823242,60.1315217498827,44.40740313179975,37.59763999784075,34.48551030796365,33.74141126726783
VRNS,2017-11-21,17.350000381469727,60.04867194744404,44.42240342686471,37.54858131083677,34.489692927360466,33.74075545917112
VRNS,2017-11-22,17.0,60.52807893567355,44.72396535015341,37.67101591957926,34.56325517967073,33.81237161580183
VRNS,2017-11-24,17.116666793823242,60.33176469998749,44.682570538994575,37.65603413893734,34.5589841399179,33.78266256748776
VRNS,2017-11-27,17.016666412353516,60.38585452823789,44.72484708486272,37.68028227501812,34.4946388083747,33.79129746749327
VRNS,2017-11-28,17.066667556762695,60.34360225136973,44.70144516489511,37.65350120937227,34.484910405479255,33.78049776362258
VRNS,2017-11-29,16.649999618530273,60.84073261044306,44.9775762308849,37.89545713873818,34.60147840380225,33.82600275739686
VRNS,2017-11-30,16.766666412353516,60.84436952611821,44.867060809291424,37.59701634205776,34.52708485699078,33.71751572095673
VRNS,2017-12-01,17.450000762939453,61.42968005583553,45.42496465926992,38.05739125855933,34.780109629255804,33.23960977908434
VRNS,2017-12-04,15.850000381469728,68.10333396496911,49.87971986891779,41.10019553428683,36.63813395836621,34.67040612007063
VRNS,2017-12-05,16.049999237060547,68.16371984828429,49.90246990478139,41.13257216341667,36.473107861874496,34.669731845637024
VRNS,2017-12-06,16.516666412353516,68.56385756677562,50.15997490868275,41.34193641301377,36.593235735770605,34.73754747767466
VRNS,2017-12-07,16.100000381469727,69.06120711292719,50.502715392528415,41.575716224608975,35.70307852955894,34.8162159296602
VRNS,2017-12-08,15.783332824707031,69.01462945304898,50.71086314231806,41.70173344332365,35.79470683725688,34.75064570863529
VRNS,2017-12-11,15.899999618530272,68.99216890545108,50.55948721608068,41.60330340024768,35.79334139459186,34.61195205693481
VRNS,2017-12-12,16.083332061767578,68.83960315840963,50.30827521165707,41.62586116882543,35.73931786577444,34.597780558778304
VRNS,2017-12-13,16.083332061767578,68.83960315840963,49.75252346639609,41.62586116882543,35.737437439797695,34.58720657635516
VRNS,2017-12-14,15.866666793823242,68.85767372256394,49.85674982808999,41.686671752266726,35.70735750121795,34.452620331436286
VRNS,2017-12-15,15.916666984558104,68.3433112766583,49.85257389800019,41.629191880882985,35.66223152280945,34.22504023844573
VRNS,2017-12-18,16.483333587646484,54.04200913614052,50.28110396179915,41.697134258785695,35.80577417242504,34.33783457863696
VRNS,2017-12-19,16.28333282470703,53.87543224013982,50.21192286267401,41.75636398244726,35.845023418405795,33.90836763336581
VRNS,2017-12-20,16.299999237060547,52.7928436659019,50.21221126917416,41.75222922352994,35.82363689604787,33.904774803222395
VRNS,2017-12-21,16.5,51.18260564513074,50.229449302415965,41.72595888317394,35.84179908853509,33.9179528528941
VRNS,2017-12-22,16.0,51.40900001547234,50.701876091899166,41.99996399151263,36.05526775348775,33.834230232072834
VRNS,2017-12-26,16.0,50.337694595945706,50.69846228898368,42.00111370615212,36.05526775348775,33.827336519902104
VRNS,2017-12-27,16.049999237060547,50.30811936777716,50.69825927431396,41.82722226560299,36.04909608728058,33.823284368313004
VRNS,2017-12-28,16.066667556762695,50.29301576654489,50.35617697019864,41.68054515664365,36.03900501682963,33.80174813918308
VRNS,2017-12-29,16.183332443237305,50.280730384388505,50.36692254820522,41.610534442159896,36.00518353657012,33.716824349513686
VRNS,2018-01-02,16.333332061767578,45.43113766101031,50.388275434288985,41.52838657470432,35.998515057245164,33.70657093876314
VRNS,2018-01-03,16.616666793823242,42.67697166037839,50.475021850892745,41.24418465962744,36.030333412009874,33.70893678077904
VRNS,2018-01-04,16.916667938232422,39.13673350023117,50.57556153040152,41.30736134757109,36.072926322275656,33.730120148148565
VRNS,2018-01-05,17.133333206176758,39.3346769618549,50.581429419986215,41.039183497341,36.09223138867266,33.71762718787303
VRNS,2018-01-08,17.416667938232422,39.15691008874197,50.65236040703226,41.018866541033965,36.124552724445145,33.744851776962
VRNS,2018-01-09,17.383333206176758,39.12191147081011,50.513723661544255,40.94204007104086,36.12865412860195,33.747771404424164
VRNS,2018-01-10,17.316667556762695,39.09771204482475,50.5251810778588,40.711392606460805,36.13699183921607,33.674024228967895
VRNS,2018-01-11,17.399999618530273,39.11120851352044,50.51268560054779,40.69516757847053,36.13397413339185,33.668460116163615
VRNS,2018-01-12,17.350000381469727,38.386055889717966,50.478825964297314,40.70629506545247,36.1332487482419,33.672685264577254
VRNS,2018-01-16,17.100000381469727,38.61797432545972,50.60178980762541,40.78741973123392,36.1906872320308,33.45723070281797
VRNS,2018-01-17,17.633333206176758,37.88739183929824,50.80077936130806,41.01737658059113,36.291675839540176,33.57791225974492
VRNS,2018-01-18,17.600000381469727,24.507786813947288,50.753170528566585,41.01477770110351,36.29225148286684,33.58054244771099
VRNS,2018-01-19,18.083332061767575,25.323995166296704,50.99046344918589,41.16608980093047,36.40431500246728,33.670720823211816
VRNS,2018-01-22,17.549999237060547,26.045072503370957,51.4381121768418,41.507495602481455,36.6079664281658,33.82313016794644
VRNS,2018-01-23,17.549999237060547,24.713221405124827,51.42539888929616,41.50953931650847,34.794781055155624,33.82276088869288
VRNS,2018-01-24,17.266666412353516,24.44673215519473,51.33227253083519,41.585202439184734,34.851437516389424,33.85494859022832
VRNS,2018-01-25,18.03333282470703,27.09967001540987,51.984928432324885,42.07730959315263,35.12865041482284,34.08873155531367
VRNS,2018-01-26,18.38333320617676,27.372379260327257,51.94519341740864,42.14172941067609,35.180603199685734,34.1294703028489
VRNS,2018-01-29,18.450000762939453,27.341267583992146,51.93883268786902,42.054333037523726,35.18024020040566,34.117172048399254
VRNS,2018-01-30,18.200000762939453,27.345877217938757,51.952190308853694,42.07537345297431,35.2138818296402,34.1551628626899
VRNS,2018-01-31,18.100000381469727,27.49977448559409,51.648146361248806,42.08343463841095,35.184058515660446,34.15905386215481
VRNS,2018-02-01,18.450000762939453,26.321675183818545,42.22345986938219,42.12434439405872,35.2295852144559,34.162981062504485
VRNS,2018-02-02,18.149999618530277,26.569106260529047,42.17846366804102,42.231237705417975,35.09630542288522,34.21430830458224
VRNS,2018-02-05,17.799999237060547,27.39422227718453,41.70649897969655,42.37466741493542,35.15670999754592,34.28419536827364
VRNS,2018-02-06,17.933332443237305,27.289334785375697,40.69664659198139,42.37140338961828,35.15078349991156,34.20106965792687
VRNS,2018-02-07,18.01666641235352,25.36878869116456,40.27985136723872,42.36221250510993,35.110731200523595,34.15791391316893
VRNS,2018-02-08,17.350000381469727,28.08777016571307,40.49710538862776,42.7440886529045,35.426304703042035,34.28691504851432
VRNS,2018-02-09,17.46666717529297,28.11159652515581,40.47601160104815,42.54489324973802,35.43067793669012,33.846154440943934
VRNS,2018-02-12,17.96666717529297,29.05041758345824,40.8473151903232,42.34858713990289,35.56567359600407,33.84869249361374
VRNS,2018-02-13,18.049999237060547,29.032870040627472,40.798388350422144,42.34805272838061,35.5592144125115,33.84879687882176
VRNS,2018-02-14,17.316667556762695,31.77442846689919,38.99135881375641,42.91717549087068,35.92509061403479,33.99854997769821
VRNS,2018-02-15,17.316667556762695,31.446459604610123,37.171689829437845,42.90433006598246,35.91858421601617,33.99854997769821
VRNS,2018-02-16,18.76666641235352,38.68699184653602,38.73701955204079,44.55264231397681,37.09291089308678,34.85941577462858
VRNS,2018-02-20,18.63333320617676,38.70172168117129,38.77296339566373,44.581540173604296,37.10963745888148,34.87256530733653
VRNS,2018-02-21,19.26666641235352,39.5273421839769,39.06141638368207,44.82991905183301,37.285610702453845,35.001970246188506
VRNS,2018-02-22,18.733333587646484,40.54484161816497,39.53237138666469,45.10563833516942,37.46143625096735,35.12437709692687
VRNS,2018-02-23,19.28333282470703,41.2073722948336,39.8970288365917,45.291122857561646,37.59134968273498,35.1951170402927
VRNS,2018-02-26,18.76666641235352,42.15564117202798,40.343805917189485,45.54641807445173,37.755494962309896,35.32231563328626
VRNS,2018-02-27,18.61666679382324,42.23923072139323,40.02279610806727,45.36300393125751,37.37921484381837,35.33881016649165
VRNS,2018-02-28,18.71666717529297,41.941455804638814,40.015297304335846,45.36328974580343,37.37881300021676,35.30556897245201
VRNS,2018-03-01,18.683332443237305,41.125936763582345,39.22370407377349,45.36842284254882,37.199206586605264,35.282731087648266
VRNS,2018-03-02,19.233333587646484,41.84561277856905,34.0014083734558,45.55773146252361,37.330788356268215,35.37926998137507
VRNS,2018-03-05,19.333332061767575,41.22481874834857,33.94872204159092,45.55845624360415,37.280493741424536,35.37692730107156
VRNS,2018-03-06,19.683332443237305,40.303863499623645,33.67398460192148,45.59492209958338,37.32415538647859,35.36592785434815
VRNS,2018-03-07,19.583332061767575,40.37283198174638,33.19269262588299,45.6088747482784,37.32650265706498,35.360188854323766
VRNS,2018-03-08,19.76666641235352,39.95421602386815,32.861299011509075,45.52437511909902,37.31705624516752,35.365722865597334
VRNS,2018-03-09,19.399999618530277,38.73371754868618,33.172230317163084,45.64850238805339,37.26054994846001,35.40500134098007
VRNS,2018-03-12,19.549999237060547,38.44265723985814,33.141704572607125,45.645432851741965,37.249156095308855,35.402755255040226
VRNS,2018-03-13,19.21666717529297,38.84023217472305,33.40019505976714,45.7245030234978,37.23339660547146,35.40062488259223
VRNS,2018-03-14,19.38333320617676,38.62871997232276,33.240410747034865,45.73437422847805,37.13259530777703,35.3994100536806
VRNS,2018-03-15,19.600000381469727,38.64466166507231,33.27856760298239,45.6674867438908,37.06753422689512,35.37777326316496
VRNS,2018-03-16,19.666667938232425,38.32864668345542,32.62415599460758,45.62841581968493,36.95262953141308,35.32244108808593
VRNS,2018-03-19,19.649999618530277,37.93866230707123,32.481584022692225,45.62995909614832,36.877051082183314,35.307493369860595
VRNS,2018-03-20,20.53333282470703,39.16081294684256,33.5378807939363,46.08962006159402,37.165701807751546,35.49057166254682
VRNS,2018-03-21,20.983333587646484,39.46161500455762,33.694646313108095,46.17357131872837,37.19697101368228,35.40287750045773
VRNS,2018-03-22,20.483333587646484,40.36905443507741,33.42781731888562,46.2119452251549,37.32285074908446,35.50331955589566
VRNS,2018-03-23,20.049999237060547,39.15290154385606,33.825165370629655,46.36502859484623,37.43093491126052,34.82118294805346
VRNS,2018-03-26,20.46666717529297,39.41615952396512,33.99961365737466,46.35800719444795,37.47462370042073,34.86298909452795
VRNS,2018-03-27,19.833332061767575,40.18386638026956,34.76517924174419,46.68450241977647,37.68386705445278,35.02499683241279
VRNS,2018-03-28,19.733333587646484,40.25388520045819,34.8001563315406,46.63439393934644,37.52223053490138,34.98186015101259
VRNS,2018-03-29,20.166667938232425,38.31028676742691,34.98469462267192,46.51001165008946,37.589177671206905,35.03168168698394
VRNS,2018-04-02,20.03333282470703,38.43474486345951,34.92741019877562,40.36483637319922,37.552649798394086,34.9866850065671
VRNS,2018-04-03,20.600000381469727,31.926420320156385,35.16742182084525,40.43182437005429,37.67253358601749,35.04675203770759
VRNS,2018-04-04,20.833332061767575,31.858913282559,35.151913669625614,39.99919129031711,37.68348573304263,35.00802975110726
VRNS,2018-04-05,20.63333320617676,30.79722567661914,35.14127759038696,39.43317753176955,37.70894143151374,35.02729765744642
VRNS,2018-04-06,20.149999618530277,30.44709657554278,35.548137988947,39.38906837199171,37.82571118240698,35.1105191571118
VRNS,2018-04-09,20.38333320617676,29.53408369737505,35.57111846245221,39.06106500894151,37.7722028494846,35.1216633590787
VRNS,2018-04-10,20.75,28.556388797410158,35.70366200099391,39.1088895729724,37.81245213300034,35.1515900760632
VRNS,2018-04-11,21.53333282470703,29.951099674002364,36.35795757759599,39.49110401830694,38.02920257216236,35.31730308039413
VRNS,2018-04-12,21.733333587646484,29.97798846810203,36.17796924095059,39.46369801846857,38.02965588026272,35.31757844123759
VRNS,2018-04-13,21.649999618530277,30.02426447348634,35.77894759302179,37.85054217617833,37.99887348097066,35.31546647001003
VRNS,2018-04-16,21.916667938232425,29.237595671577647,35.80655649896761,36.69105596457803,37.85405864316864,35.297958406987654
VRNS,2018-04-17,22.450000762939453,29.78985583144469,35.72669538856743,35.684652438742795,37.92826243450821,35.350505148845926
VRNS,2018-04-18,22.21666717529297,29.852891509811208,35.164021131536735,35.74026693199315,37.95918549331044,35.370189441525014
VRNS,2018-04-19,22.13333320617676,29.819896552375063,35.19038363616016,35.56672793033055,37.93770915255074,35.37503368644474
VRNS,2018-04-20,21.86666679382324,30.13835016612257,35.09898904157779,35.63701716907208,37.93861563946026,35.40702050179592
VRNS,2018-04-23,21.850000381469727,29.435787754056665,34.12952001858191,35.61594808995371,37.941247324255485,35.40604868948877
VRNS,2018-04-24,21.63333320617676,29.685161754934835,34.068387969632205,35.67077339581677,37.87172746549663,35.429302248699265
VRNS,2018-04-25,21.86666679382324,29.101039814530765,34.10759042878187,35.42857934429014,37.78765200267199,35.43772758572538
VRNS,2018-04-26,22.13333320617676,29.16357170533157,33.98453883640892,35.453679300998004,37.7522821126347,35.44671358333446
VRNS,2018-04-27,21.433332443237305,30.941061518827013,34.70848318220002,35.3765733175043,37.92366025546027,35.61507711086047
VRNS,2018-04-30,21.78333282470703,31.17755615902401,34.65432920785738,31.74559854639842,37.74453706512859,35.639535758061605
VRNS,2018-05-01,22.433332443237305,32.039622945542625,34.84317621643714,31.984129614710703,37.86923781791041,35.70214421157589
VRNS,2018-05-02,22.666667938232425,29.838755764757067,34.53689483649295,31.746440907098066,37.70095101300695,35.70689416593253
VRNS,2018-05-03,22.799999237060547,29.33994273491657,34.53166057930102,31.4130690068426,37.6580660140844,35.706768033934566
VRNS,2018-05-04,23.11666679382324,28.362393528396908,34.58979332012259,31.230254902813165,37.62863961012854,35.71999159613648
VRNS,2018-05-07,23.399999618530277,27.400944063451348,33.505166151696656,31.253543844497344,37.4929299201194,34.426127770964186
VRNS,2018-05-08,23.700000762939453,27.11054048196668,33.541198972027445,31.26208814886014,37.49955916708068,34.433238729043424
VRNS,2018-05-09,24.200000762939453,25.1916891531603,33.35803895568411,31.371668009350547,37.5559901101216,34.43132247476036
VRNS,2018-05-10,24.61666679382324,25.115747161988573,33.450030482204326,31.30984425612677,37.57908108504447,34.457953686235484
VRNS,2018-05-11,24.25,25.544272273695697,32.29328567366971,31.46048610714967,37.6396306820143,34.50435453274684
VRNS,2018-05-14,23.833332061767575,26.189381204808328,32.61566604138336,31.25338144034844,37.71508859665773,34.549179155547336
VRNS,2018-05-15,24.233333587646484,25.55970827578969,28.73211968947115,31.2154441599693,37.73285085228825,34.54803599766294
VRNS,2018-05-16,24.31666755676269,25.50470618999232,28.63463884770993,31.21198536839731,37.732679800561655,34.541097651645345
VRNS,2018-05-17,24.25,25.233714187527067,28.023644571198396,31.202239831768203,37.739184734219336,34.39311711927404
VRNS,2018-05-18,24.51666641235352,23.71547446654652,27.256480294800333,30.72300033158414,37.727913736662295,34.37909520695079
VRNS,2018-05-21,24.81666755676269,23.728048972710106,26.82713151702031,30.740656971117986,37.73923246287792,34.38471430768639
VRNS,2018-05-22,24.233333587646484,25.039818380605773,26.66715427581285,31.06397049778988,37.87146503971757,34.46031799360226
VRNS,2018-05-23,24.96666717529297,24.315918122052192,27.04731446760324,31.326029160760942,37.94650580288641,34.56627194739386
VRNS,2018-05-24,25.53333282470703,24.81512351717927,27.28549263367849,31.4537333368584,37.969688486835466,34.62145359182048
VRNS,2018-05-25,25.38333320617676,24.888273941082627,27.343192177324603,31.488184070023067,37.97620930573441,34.63247237142452
VRNS,2018-05-29,25.71666717529297,24.90884930914087,26.939787152992363,31.452136757736067,37.9725956383734,34.64022531063892
VRNS,2018-05-30,25.75,24.288589896066476,26.94946083353058,31.380728544150944,37.96640122901283,34.63339374169382
VRNS,2018-05-31,25.88333320617676,23.8675089175742,26.809721276476324,31.351382920697173,37.961922455451216,34.62674570355593
VRNS,2018-06-01,26.25,23.852279124173485,26.802492295078643,31.330293398043107,37.97421988087584,34.63947606122459
VRNS,2018-06-04,26.75,23.530722380433357,26.941094178604075,31.40231604441964,38.01148126060209,34.67530333110955
VRNS,2018-06-05,26.96666717529297,23.425693779483375,26.487303655201323,31.38051572770333,37.93789192843302,34.673735184978554
VRNS,2018-06-06,26.01666641235352,26.10607841765617,27.803906520895865,32.02560731265234,38.11378655072154,34.892482605150626
VRNS,2018-06-07,25.38333320617676,27.54063724739424,28.09549855010983,32.32995086720857,38.02936607538784,35.000849517151
VRNS,2018-06-08,26.100000381469727,28.262772188244107,28.485244331501136,32.41812062639955,38.137897609330906,35.088971389528425
VRNS,2018-06-11,26.21666717529297,25.92170128606042,28.456438964039997,32.13886458434966,38.13407160049279,34.776489758468834
VRNS,2018-06-12,27.299999237060547,27.596128809494765,29.376233521557744,32.64252753859727,38.37142725344653,34.97474934108219
VRNS,2018-06-13,27.0,27.298238344793045,29.54381324511324,32.528659074356014,38.333446698917776,34.87155751411227
VRNS,2018-06-14,26.983333587646484,27.33759930862626,28.44335609240628,32.07972720196708,38.33577949551728,34.872179365537825
VRNS,2018-06-15,26.600000381469727,27.952435915458384,28.474010468769706,32.20871512493109,38.38866917142479,34.874265081155194
VRNS,2018-06-18,27.299999237060547,28.497869790472876,28.21425203295308,32.22473435376729,38.47931480953442,34.94861224207744
VRNS,2018-06-19,27.11666679382324,28.64214366762899,27.790515881201376,31.66400390594488,38.49838585097078,34.95691624578612
VRNS,2018-06-20,27.183332443237305,28.552934002880026,27.605305705889617,31.5716243356508,38.49752429143684,34.94217086920076
VRNS,2018-06-21,26.53333282470703,29.29537044617647,27.238019654336583,31.885532728113496,38.50518096002511,34.94488692247341
VRNS,2018-06-22,26.149999618530277,29.41538141664099,27.4542384678093,31.89840541572595,38.56167128656377,34.9754617080862
VRNS,2018-06-25,24.333332061767575,36.14877601283322,31.405858671358324,34.05646104932419,39.57781107820571,35.705782190418184
VRNS,2018-06-26,25.31666755676269,37.503115012708726,32.21166600997146,34.4567067078285,39.813111378012486,35.81448115613884
VRNS,2018-06-27,24.583332061767575,38.30738768886678,32.5271925428672,34.70544515702759,39.997503338955234,35.900470148478725
VRNS,2018-06-28,25.26666641235352,39.09084656865012,32.870280880234255,34.72965401367363,40.08550679747623,35.90187258783807
VRNS,2018-06-29,24.833332061767575,39.446949743227925,33.03518499347335,34.87991569380173,40.155237228537125,35.900146183742145
VRNS,2018-07-02,25.166667938232425,39.50658912650988,32.621655611856426,34.91598829895673,40.1142885017763,35.890336862031546
VRNS,2018-07-03,25.350000381469727,39.410256624963374,32.58979577394843,34.29453109760941,40.11474343289337,35.86697229844087
VRNS,2018-07-05,25.51666641235352,38.747012990801245,32.46170980815089,34.294217998329266,40.10998752981049,35.860047281844345
VRNS,2018-07-06,25.799999237060547,37.93791386381281,31.74111575495935,34.0904790879718,40.10028860173976,35.868195228103325
VRNS,2018-07-09,25.399999618530277,37.67989967674944,31.94114083576839,34.22655312015762,40.16135494940229,35.904189389144186
VRNS,2018-07-10,25.149999618530277,37.75039453592096,32.017208178122544,33.53225053014991,40.13524161194443,35.920232563074514
VRNS,2018-07-11,25.26666641235352,37.57002916699211,31.95619735170738,33.527187695193575,40.111492527055645,35.79414479478877
VRNS,2018-07-12,26.549999237060547,40.284578009491824,33.10167025742702,32.05702697409381,40.48642838659693,36.09806329559825
VRNS,2018-07-13,26.299999237060547,40.37672446913751,33.08541708756438,32.07877068600123,40.51110372931013,36.078703053802776
VRNS,2018-07-16,25.950000762939453,40.36134542337891,33.22585192981579,31.825071061285197,40.5526643780244,36.11510876595966
VRNS,2018-07-17,26.200000762939453,40.06522059287613,33.11125931094466,31.449094524064925,40.45449857113601,36.11916408892721
VRNS,2018-07-18,26.31666755676269,40.01009945615118,33.10309061290456,31.18115479662533,40.44625337867672,36.1176862508384
VRNS,2018-07-19,26.51666641235352,38.66126912352093,33.00239524062123,30.80816454191213,40.39255418713434,36.11313223210831
VRNS,2018-07-20,26.333332061767575,37.98998150770166,33.03324680309055,30.79833380031693,40.40897084487689,36.07324758533175
VRNS,2018-07-23,26.75,37.409221051614864,33.08308713676632,30.85818067649745,40.39037917564599,36.09367587741929
VRNS,2018-07-24,26.183332443237305,37.938200030406186,32.664711720021096,31.101231877810264,40.36003625214977,36.174452807428096
VRNS,2018-07-25,26.96666717529297,37.039373797459135,32.999734385389736,31.1110843023956,36.65060610465877,36.26728364018239
VRNS,2018-07-26,26.799999237060547,36.94485496837673,32.613128725509696,31.146738120777663,36.577434215779896,36.2494029764033
VRNS,2018-07-27,25.28333282470703,40.5918013546606,34.90014789403892,32.55002080097902,37.01559180176163,36.64612263366145
VRNS,2018-07-30,23.96666717529297,43.11889225863865,36.68026486524856,33.722719123883834,37.240880049039205,37.07212477911512
VRNS,2018-07-31,19.924999237060547,67.1481550330016,52.728297976853234,44.87353105993397,43.18917333888635,41.53349830244857
VRNS,2018-08-01,19.916667938232425,67.2038571894099,52.641844496726655,44.77225223475751,42.99819123239829,41.50996238890438
VRNS,2018-08-02,20.350000381469727,67.74310031921397,52.78239208327695,44.88433512430458,43.054188761978125,41.53347239622584
VRNS,2018-08-03,20.81666755676269,68.22869848303029,52.81768639944722,44.93263997973628,43.12729534963765,41.584693688904885
VRNS,2018-08-06,21.76666641235352,69.87735930354877,53.55079140485361,45.45261801285078,43.41377413194521,41.73234273574128
VRNS,2018-08-07,21.81666755676269,67.05059954036861,53.48935103436796,45.42499512137236,42.57837760225252,41.67523548286925
VRNS,2018-08-08,22.5,66.60545604035337,53.800627198130336,45.6690215506811,42.162035254115246,41.74428637439821
VRNS,2018-08-09,22.76666641235352,66.30605461118138,53.74187601907944,45.697579927902495,41.60048081775732,41.719017767042914
VRNS,2018-08-10,22.899999618530277,65.75096668175762,53.75269381291279,45.19299511617078,41.60258997046911,41.58972978891507
VRNS,2018-08-13,22.71666717529297,65.63403975279557,53.77097274705845,45.09450014092306,41.53661683390163,41.60222645426433
VRNS,2018-08-14,22.649999618530277,65.45199427151356,53.71359582578686,44.92169744593817,41.53540110976064,41.483587485597766
VRNS,2018-08-15,22.56666755676269,65.37231227460796,53.64183912060886,44.784831242510606,41.53073396493656,41.45570712251996
VRNS,2018-08-16,22.76666641235352,65.40709262370102,53.48141472594724,44.69413757110744,41.53930618640496,41.42438671555788
VRNS,2018-08-17,23.049999237060547,65.43435772353858,53.17016693882122,44.42348105525392,41.440166805805056,41.34620215439798
VRNS,2018-08-20,23.11666679382324,65.36252326551299,52.94726750107521,44.41152788302708,41.43579923404124,41.3381066575193
VRNS,2018-08-21,23.399999618530277,65.47738046870366,53.01504582830173,44.32715056454443,41.20538645748535,41.349430311427184
VRNS,2018-08-22,23.56666755676269,65.5043297736597,52.960005728190055,44.31671091862823,39.53244707996792,41.34711762236346
VRNS,2018-08-23,23.51666641235352,63.63437726683298,52.95705698824834,44.1195386008076,39.51654490348763,41.34793742022468
VRNS,2018-08-24,24.049999237060547,64.06810747642233,53.16773625791485,44.2190189401557,39.46444220735937,41.39074147917386
VRNS,2018-08-27,23.350000381469727,64.4656884228819,53.38265742117338,44.45801611457982,39.50655230576729,41.507598683167416
VRNS,2018-08-28,23.733333587646484,64.61302626628928,53.34221081952919,44.34002339249035,39.45555406185797,41.53075318325482
VRNS,2018-08-29,24.049999237060547,64.75504721987265,53.39456905782561,44.35075553684242,39.47241948140364,41.54457467597135
VRNS,2018-08-30,24.200000762939453,64.73703164644114,52.94611322376724,44.28121530886734,39.46014829940394,41.52948816456568
VRNS,2018-08-31,24.63333320617676,65.00292684685893,52.85728744990345,43.99213871908513,39.501630965261455,41.5567348740327
VRNS,2018-09-04,24.799999237060547,64.83996177440132,52.55003796352654,43.98249364170052,39.45938209744183,41.5556220649258
VRNS,2018-09-05,24.13333320617676,65.00960386507174,52.8142958283003,44.20880697239651,39.61575967195008,41.62349818470258
VRNS,2018-09-06,24.666667938232425,64.71854445571648,52.31908091357271,44.29685171286121,39.49363347332848,41.64543155756533
VRNS,2018-09-07,24.833332061767575,64.77102302815446,52.31014315666286,44.15445653425444,39.45966275677783,41.64258696367813
VRNS,2018-09-10,24.88333320617676,62.58446154699745,52.31458468952741,44.11644775472464,39.45936997930354,41.62671863162512
VRNS,2018-09-11,24.86666679382324,60.54013042985663,52.24491934507017,44.110455350269966,39.44353932252388,41.62485397225395
VRNS,2018-09-12,25.399999618530277,23.94613963847382,52.148586045892166,44.17234071888122,39.30972821574236,41.662046060766826
VRNS,2018-09-13,25.683332443237305,23.822722317052094,52.19575442021285,44.19698421519968,39.321439029618176,41.66752881552561
VRNS,2018-09-14,26.049999237060547,23.566811397240727,52.28317481038168,44.202098067269226,39.34513293706352,41.67897219962127
VRNS,2018-09-17,24.799999237060547,28.43721905277768,53.00787955512911,44.913244381387145,39.82051633364574,41.95737875468647
VRNS,2018-09-18,24.76666641235352,26.005561363262103,52.934046680718616,44.88120348542705,39.81882599314221,41.87585073651917
VRNS,2018-09-19,23.61666679382324,30.03926002857225,51.75523302818383,45.23711934948168,40.24540686037093,42.01262232529923
VRNS,2018-09-20,23.63333320617676,28.82631946321145,51.07698881636911,45.171175826903,40.20529512592455,42.012332539292565
VRNS,2018-09-21,23.76666641235352,28.692977496868338,50.75297032555398,44.9452723083764,40.163019574122266,42.012546645278746
VRNS,2018-09-24,24.01666641235352,28.785848111644043,50.47191025797103,44.94592035183263,40.15531608318563,42.01515016464592
VRNS,2018-09-25,24.666667938232425,29.52798435268389,50.66450284082631,45.129687460314905,40.22622728833173,42.04286281079802
VRNS,2018-09-26,24.200000762939453,30.162995816599835,50.73283467473364,45.190423775354894,40.30069582556882,42.09733586490301
VRNS,2018-09-27,24.31666755676269,30.119246473175025,50.719004324867946,45.15687828779232,40.29652916734732,42.0915372003192
VRNS,2018-09-28,24.416667938232425,30.06401147422208,50.706540351997646,45.117529376622514,40.29590403837333,42.09194958018004
VRNS,2018-10-01,23.81666755676269,30.90991674640912,50.88430615846039,45.170949649075325,40.41641201412061,42.17746049762864
VRNS,2018-10-02,22.663333892822266,34.21642693074209,51.76218396917318,45.760661619167166,40.82709197786612,42.493756624035214
VRNS,2018-10-03,23.46999931335449,35.57066572738375,52.280398672893256,46.05333688291229,40.87301797338919,42.5261914877727
VRNS,2018-10-04,22.32999992370605,38.31373311676434,53.204823398531786,46.642931857367856,41.32093112795727,42.839267257328544
VRNS,2018-10-05,22.19333267211914,38.33438024568294,52.110661019466505,46.568048450633306,41.21611385572993,42.84614260913211
VRNS,2018-10-08,21.57666778564453,38.34618198838586,52.35062908029887,46.76351609807649,41.197981621386326,42.94688254442858
VRNS,2018-10-09,21.170000076293945,37.84654966294367,52.40969716112412,46.84860518441914,41.26690071905095,42.99507725160378
VRNS,2018-10-10,20.280000686645508,39.06177903294997,52.95703174600733,47.26772290575851,41.54424644339558,43.21614421667481
VRNS,2018-10-11,19.99666786193848,38.73893354959414,52.96285826728087,47.25253831251505,41.27140290005999,43.23989576432554
VRNS,2018-10-12,20.333332061767575,39.14656654210283,53.08512759379832,47.21789139124338,41.256409965259344,43.22038608544123
VRNS,2018-10-15,20.38333320617676,38.594131985898,53.10104284787355,46.95130401060722,41.25542452095194,43.219923799790045
VRNS,2018-10-16,21.299999237060547,41.11632662892541,53.86641696254306,47.359968902778746,41.5388246319189,43.42825975080788
VRNS,2018-10-17,21.87333297729492,41.54962984225547,54.09311482170526,47.56856098659901,41.64263708150551,43.49073895286136
VRNS,2018-10-18,21.56333351135254,40.96575501551833,53.71299032345329,47.553775847260646,41.62590714642056,43.51948359986583
VRNS,2018-10-19,21.36000061035156,40.84931678911567,53.72362091768856,47.56688423107182,41.59355325603493,43.5029162916948
VRNS,2018-10-22,21.65333366394043,41.1611255090161,52.61901836299485,47.61778070929165,41.54967523782086,43.499671912294666
VRNS,2018-10-23,21.26333236694336,41.32695606766392,51.64887993685156,47.61965387478354,41.60500655771225,43.54395454699455
VRNS,2018-10-24,19.92333221435547,44.012666972255545,37.44162461267741,48.53474433617869,42.32967613050807,44.04868169777224
VRNS,2018-10-25,20.56333351135254,45.176858536186224,37.99789574600587,48.81396597110687,42.24209479550866,44.14697160736884
VRNS,2018-10-26,20.61666679382324,44.81918826632973,37.74844620978984,48.53003278737968,42.23700602054968,44.08811219482468
VRNS,2018-10-29,20.206666946411133,43.25116668792556,37.67908519780195,48.48205259060062,42.18413338061553,44.13117375211022
VRNS,2018-10-30,19.44333267211914,44.17313499465052,37.27669155470296,48.57672731537338,42.43493170989731,44.28117209434483
VRNS,2018-10-31,20.356666564941406,45.206708184711765,38.53548610739762,49.17931309595493,42.48007914348379,44.50651165989531
VRNS,2018-11-01,20.6200008392334,45.47509892017276,38.07110729624946,48.75778898690449,42.50346762652866,44.498968552885366
VRNS,2018-11-02,20.33666610717773,45.44660918498498,38.05268651670503,48.771784115992645,41.47392417454909,44.44817592828458
VRNS,2018-11-05,19.523332595825195,46.332729122606594,38.841427200009456,49.14132965695686,41.75114191922006,42.14999313479383
VRNS,2018-11-06,19.97333335876465,46.09913956959623,39.17143307259934,49.28121707582554,41.651040326077926,42.16235611132719
VRNS,2018-11-07,21.01333236694336,48.87325341415014,40.64314581600722,49.80467219017301,41.94111407587488,42.30014039018176
VRNS,2018-11-08,20.703332901000977,48.872978726417145,40.73619170921049,49.83846958229415,41.84513758133094,42.08470579660207
VRNS,2018-11-09,20.08666610717773,49.30658192374725,41.10094055503173,50.02230262949024,41.87526099381108,42.11287721469687
VRNS,2018-11-12,19.63333320617676,49.243656237915616,41.20500867955464,50.00796169361939,41.95363066999656,42.03704047039506
VRNS,2018-11-13,19.393333435058597,47.55758842801248,41.23499026874657,49.99600327500136,41.97565077249556,42.04981345643253
VRNS,2018-11-14,19.40333366394043,46.05332342146959,41.12156494084311,48.75797440498266,41.97500545526453,42.04843797983094
VRNS,2018-11-15,19.739999771118164,44.63219401359335,41.28065428379063,48.3964082084007,41.88407216418364,42.07098715750222
VRNS,2018-11-16,19.71333312988281,44.63484288954747,41.281619986861706,48.203915034934965,41.88013709094742,41.443810926566826
VRNS,2018-11-19,17.676666259765625,53.68583503198061,46.31725041478212,50.863601619540965,43.77162751232048,42.48991969719663
VRNS,2018-11-20,17.600000381469727,53.56007554040222,46.03715693212873,50.816161243028205,43.77063671200359,42.06284136072243
VRNS,2018-11-21,18.040000915527344,53.10824232270438,46.23279540495325,50.9434509403703,43.85736441660182,42.13480066712055
VRNS,2018-11-23,18.07999992370605,53.046995111066245,46.10617521237762,50.92305681507175,43.804873371227245,42.08480092483202
VRNS,2018-11-26,18.773332595825195,54.0718541606044,46.86865470781416,51.31483267516518,44.02530723971502,42.24558336909804
VRNS,2018-11-27,18.393333435058597,54.29057656738164,46.75714579208242,51.33789754246171,44.04463283660817,42.292338009163714
VRNS,2018-11-28,19.13999938964844,53.984805795595214,47.59081966698855,51.753598191722446,44.28666701822515,42.47552231468797
VRNS,2018-11-29,19.239999771118164,53.29979702182968,47.38726847757756,51.75667384788941,44.27117794757618,42.402828205776245
VRNS,2018-11-30,19.303333282470703,53.25653423820388,47.11017895876677,51.75229026200137,44.2710582576179,42.398830202862
VRNS,2018-12-03,19.666667938232425,53.613627175765856,47.289974993096486,51.18782246770175,44.32650434780994,42.25342370403061
VRNS,2018-12-04,18.86666679382324,54.52436474213288,47.89594333698628,51.54273074463192,44.28698526821816,41.34212860111484
VRNS,2018-12-06,19.14666748046875,54.64600447328808,48.05385436915168,51.59616433051981,44.24568102478227,41.349018413695575
VRNS,2018-12-07,18.86666679382324,51.57620803462438,47.80071020492271,51.58908575162469,44.1890826742268,41.282053126833226
VRNS,2018-12-10,19.33666610717773,51.22003881033592,48.0739401577387,51.76495436906649,44.21751190487837,41.268638507349614
VRNS,2018-12-11,19.156667709350582,51.24296377491589,47.92029754227875,51.74601095036208,44.1613426859144,41.22934616159108
VRNS,2018-12-12,19.386667251586918,51.12544747493597,47.15125421223846,51.79848619259041,44.029771760653695,41.2392184601156
VRNS,2018-12-13,19.203332901000977,49.9732165619007,47.16049719965897,51.72056795871063,44.039922018612415,41.23801304805627
VRNS,2018-12-14,18.83666610717773,48.26503240459887,46.40152784829844,51.70267668137525,44.02043083695041,41.28635011832655
VRNS,2018-12-17,17.706666946411133,50.9702328542806,47.89168183753654,52.25924105038657,44.61199856374751,41.73314224851431
VRNS,2018-12-18,18.07999992370605,51.4421304915899,48.13475785378883,52.40936183063478,44.55632668691877,41.78228371741565
VRNS,2018-12-19,17.823333740234375,50.35205517338894,48.07215414507548,51.7095078047466,44.56215307205072,41.66447508584408
VRNS,2018-12-20,17.82666778564453,49.76747283323096,47.631011511064735,51.08705432418178,44.55006670486256,41.645519561470216
VRNS,2018-12-21,16.97333335876465,48.65588508910784,48.38814945962508,42.64544540431746,44.833492604619735,41.93753796697412
VRNS,2018-12-24,16.906667709350586,48.60777821100936,48.3385555788532,42.64661244340219,44.81027437419641,41.92208319251202
VRNS,2018-12-26,17.773332595825195,50.75370064981016,49.647597667356216,43.27496836880735,45.16114124878876,42.10259473974502
VRNS,2018-12-27,17.703332901000977,50.441661366805626,49.47991547021452,43.10474353372275,44.936532774717705,42.10483657884111
VRNS,2018-12-28,17.676666259765625,50.37405260091782,48.59835844359466,42.46220230569565,44.91973092163357,42.104379696875306
VRNS,2018-12-31,17.633333206176758,50.36293645795202,47.91212691710653,42.45643675312949,44.918859509372666,42.1052827271972
VRNS,2019-01-02,17.133333206176758,50.5076269096133,47.25743828348337,42.332434992123176,45.00883261523519,42.20014061226196
VRNS,2019-01-03,16.336666107177734,51.99720303321845,48.07930942404339,42.861070615711945,45.23728178769043,42.46042876833908
VRNS,2019-01-04,17.163333892822266,44.51770222061332,49.10524408526433,43.64746323706257,45.62755836080533,42.71230656799728
VRNS,2019-01-07,17.626667022705078,45.21450452797031,49.391916128221766,43.889661183487725,45.747342536507176,42.75774765790378
VRNS,2019-01-08,18.21333312988281,45.65370484238086,49.216033659868735,44.24537315942851,45.9051481134472,42.8635020257594
VRNS,2019-01-09,18.23666763305664,45.65113579431621,49.15296782541135,44.248094342707866,45.90594305231253,42.83293008266178
VRNS,2019-01-10,17.700000762939453,45.04083799821258,49.34129994170361,44.43022426948174,46.02090969775081,42.93776732573188
VRNS,2019-01-11,17.566667556762695,44.73502678918718,49.34266666988409,44.37286478100844,46.0055269174568,42.94278132706858
VRNS,2019-01-14,16.886667251586914,44.26901694193472,48.94880737151269,44.74478078051056,46.19963672476428,43.12158871436152
VRNS,2019-01-15,17.406667709350586,45.317944445330696,49.05482994170126,44.99499267095029,46.2077323505599,43.22798484101772
VRNS,2019-01-16,16.780000686645508,46.279568285450615,49.47176684804475,45.281429163625376,46.35135137413117,43.359279625100456
VRNS,2019-01-17,16.916667938232422,45.91762205835784,49.52263770481455,45.31788895034872,46.22011035379322,43.25694371549648
VRNS,2019-01-18,17.383333206176758,45.48855753910122,49.80512525226485,45.39335080856608,46.32427823164886,43.34310100365214
VRNS,2019-01-22,17.376667022705078,45.19436118424881,49.71705672576545,45.19903703267472,46.3162401979958,43.25736745337389
VRNS,2019-01-23,17.5,45.15410538794487,48.062274913534274,45.12282932504604,46.29179988316513,43.159787330760864
VRNS,2019-01-24,17.926666259765625,45.127322771611134,47.86059187427193,45.25503906682597,46.36289173646591,43.22701998613637
VRNS,2019-01-25,18.37333297729492,45.75001472396408,48.16821717476957,45.44356643154831,46.4353746854229,43.265008361194205
VRNS,2019-01-28,18.553333282470703,45.6990501448968,48.07559138923027,45.3693870613456,46.37879836592562,43.05795773589969
VRNS,2019-01-29,19.10333251953125,46.47826987022243,47.84706980195375,45.62960943844199,46.4693231357774,43.11402913510205
VRNS,2019-01-30,19.166667938232425,46.13123281659863,46.87692706353654,45.46714840225744,46.44439576552334,43.11378993934585
VRNS,2019-01-31,19.69333267211914,42.7492177520944,47.14714428360309,45.54571476352898,46.52610780176509,43.17542946137735
VRNS,2019-02-01,20.543333053588867,43.93545354572929,47.87875425741776,46.07016711801077,46.76141436380718,43.37452023640686
VRNS,2019-02-04,20.86666679382324,43.692385828936736,47.20762038853943,46.150097636695634,46.79957819601212,43.36069513093688
VRNS,2019-02-05,21.0,43.66680799535376,47.005066697387896,46.16785736614008,46.80680739722817,43.331455030693576
VRNS,2019-02-06,20.953332901000977,40.58749064064377,45.84129191862611,46.021483782905634,46.78625060180989,43.28562865407898
VRNS,2019-02-07,20.32333374023437,41.92119555054277,46.16878510759997,46.19576274051853,46.89136149487436,43.39215921666865
VRNS,2019-02-08,20.913333892822266,40.40858680393424,46.11472277815098,46.38369693412254,46.94450271895339,43.4813042885678
VRNS,2019-02-11,21.31999969482422,40.50062529946092,46.005163308203976,45.88895724548477,46.86409503380988,43.35053032015373
VRNS,2019-02-12,18.40999984741211,60.05678620308368,55.07055194150247,51.35529090450094,49.85903349978912,45.78883261948739
VRNS,2019-02-13,18.21666717529297,60.14729110927467,55.10541752048399,50.871375250853525,49.86745562433872,45.71478041869676
VRNS,2019-02-14,18.50666618347168,59.60972623478135,55.0862474650201,50.95262618769964,49.880062967703616,45.73962570169978
VRNS,2019-02-15,18.149999618530277,58.08920241400681,55.21499093279593,51.00707047429288,49.922206725925214,45.59145912673646
VRNS,2019-02-19,18.01333236694336,56.50575130728226,50.47592329409829,50.96893065183797,49.91940230642362,45.598034404918
VRNS,2019-02-20,17.85333251953125,56.07542672858731,50.5026715742442,50.75593795135257,49.889245759633326,44.88900772239325
VRNS,2019-02-21,18.183332443237305,55.50600787144205,50.38755417442978,50.80569572601754,49.8860082250086,44.921662767251696
VRNS,2019-02-22,18.00666618347168,55.5751648070281,50.42618707055809,50.80237836660516,49.8792348296055,44.80555732484519
VRNS,2019-02-25,17.793333053588867,54.98909051746836,49.86330115825536,50.80898324136307,49.73226028319287,44.73397988290328
VRNS,2019-02-26,17.59000015258789,55.048935849158894,49.74692671952957,50.70768218397647,49.67267798744317,44.65218408049444
VRNS,2019-02-27,18.00666618347168,54.1353675080605,49.28797130374005,50.32311616833385,49.637907683662,44.63388137185198
VRNS,2019-02-28,18.98666763305664,55.54127008914709,50.503726115089584,50.74243952341829,50.05810574939243,44.94202979242721
VRNS,2019-03-01,19.553333282470703,54.74727171698234,50.86366710207597,50.404890544108405,49.9433577866522,45.03465711460515
VRNS,2019-03-04,19.73666763305664,54.754252810243806,50.75519113243237,50.42713081790898,49.94875136383502,45.04352559466581
VRNS,2019-03-05,20.07666778564453,54.47735876080869,50.12131729789784,50.32186553103194,49.99822425921317,44.98270198327556
VRNS,2019-03-06,19.350000381469727,55.78941541836229,50.63197948054858,50.56613753923022,50.149684331802405,45.13193895879759
VRNS,2019-03-07,19.36000061035156,55.786163975310856,50.53656184512403,50.11480347717067,50.04175988914339,45.09602949720724
VRNS,2019-03-08,19.303333282470703,55.462750388593285,50.28839165432736,50.06900371375905,50.0386154610817,45.09412767500838
VRNS,2019-03-11,20.44333267211914,57.37963100180362,51.602353932012775,50.832317296261046,50.525365862867744,45.44916282537142
VRNS,2019-03-12,20.700000762939453,57.410642489308,51.60734325264515,50.86924867002918,50.480566513961136,45.42628141002885
VRNS,2019-03-13,20.136667251586918,57.57306300457006,51.89829229668072,50.56737759639112,50.551992712201375,45.50524550734739
VRNS,2019-03-14,20.043333053588867,57.60057032283154,51.74300995118196,50.3836361064798,49.85198591884512,45.47459704119891
VRNS,2019-03-15,19.81666755676269,57.19173013931952,50.13103216146008,50.3660998078017,49.63060182680447,45.48120623553251
VRNS,2019-03-18,19.96999931335449,55.84520045617689,49.990487403072734,50.3650187946312,49.529616947951325,45.47418545576744
VRNS,2019-03-19,20.476667404174805,56.15454934175516,50.1044579937593,50.48006266841954,49.511216709556656,45.54159998214341
VRNS,2019-03-20,20.59000015258789,56.14588411910475,50.1067119440623,50.40966725819946,49.48015710063247,45.544636094156
VRNS,2019-03-21,21.036666870117188,56.50694271065888,49.08746519628801,49.44206354428205,49.52272642904356,45.38269683444813
VRNS,2019-03-22,20.053333282470703,57.538834936646886,50.18815774249627,49.77948005553239,49.82206407708906,45.58311476359804
VRNS,2019-03-25,20.11333274841309,56.88972564361234,49.21727869891029,49.78009721472335,49.81593564158749,45.52075532513712
VRNS,2019-03-26,20.50666618347168,56.89313992925942,49.3275149498295,49.77383940129219,49.85474593421287,45.51162137713903
VRNS,2019-03-27,19.850000381469727,38.018691587225526,49.84133734767986,49.66485060906013,49.96339212739724,45.58155045988112
VRNS,2019-03-28,19.683332443237305,37.960161959411984,49.87884939885182,49.1384816468511,49.96018609169017,45.48083595055851
VRNS,2019-03-29,19.87666702270508,37.81791482398555,49.49289792594514,49.11987360437379,49.97258112271904,45.48856242264655
VRNS,2019-04-01,20.36000061035156,37.73562313006747,48.56509760724213,49.22321679737941,49.69728857631642,45.50017483356615
VRNS,2019-04-02,20.36333274841309,37.59923522749492,47.62552529762184,48.78596314653885,49.688561797866846,45.49524556666714
VRNS,2019-04-03,20.31999969482422,37.44624743113536,47.3760577997184,48.65535904989272,49.668210832782,45.40985129483477
VRNS,2019-04-04,20.08666610717773,37.47625775672257,47.031607221130194,48.0074340921125,49.66559487269674,45.410071040982906
VRNS,2019-04-05,20.36333274841309,37.38096082154606,47.096253756059866,48.00314984683313,49.693109393869214,45.4209783373066
VRNS,2019-04-08,20.48666763305664,37.07335014043456,46.63636415923765,47.76951543118143,49.68953441315933,45.36282981580253
VRNS,2019-04-09,20.43000030517578,36.82767906300489,46.60281435210902,47.62933982215677,49.68548118171766,45.3491261958546
VRNS,2019-04-10,20.536666870117188,36.41196296885989,45.77534735392362,47.59160753795378,49.650115388515474,45.31688623922821
VRNS,2019-04-11,20.420000076293945,33.45636229610938,45.45980194753819,47.60201537748388,49.59603981756279,45.16693421610582
VRNS,2019-04-12,20.893333435058597,33.051770810608446,44.894666505167805,47.66161098793936,49.54460087986277,45.21632717058943
VRNS,2019-04-15,20.916667938232425,32.98361793692671,44.88788957644141,47.66069099462461,49.54222171806434,45.21498828545913
VRNS,2019-04-16,20.733333587646484,32.80350641670612,44.68292775393075,44.33092532329889,49.08635290184283,45.20611930407669
VRNS,2019-04-17,20.46999931335449,31.08049194975127,44.79439550500116,44.37990405449967,48.70971625355979,45.1576453392815
VRNS,2019-04-18,19.99666786193848,31.932296230231167,45.10237125622209,44.397034432634506,43.612826004093314,45.2051989019982
VRNS,2019-04-22,20.46999931335449,32.550611148301286,45.08822789126797,44.53851022759191,43.70038429877545,45.26656105748553
VRNS,2019-04-23,21.413333892822266,30.880125730563503,45.71231751643956,44.70813842416781,43.95035140843843,45.47736908007284
VRNS,2019-04-24,21.546667098999023,30.74040821162261,45.694258681760815,44.577884431265375,43.87537650830062,45.48166450877687
VRNS,2019-04-25,22.09666633605957,30.22733851153982,45.60144725193375,44.31901998783784,43.65812548529775,45.54067575962171
VRNS,2019-04-26,22.64666748046875,30.759362410691608,45.82696266421296,44.46749798729184,43.75358633538338,45.59424711561016
VRNS,2019-04-29,22.273332595825195,31.02486968691801,45.71163055624521,44.56083740497734,43.64603657215258,45.60900918398828
VRNS,2019-04-30,23.71666717529297,35.41011845642238,46.666607921805806,45.53520845356349,44.25381777629821,45.92369800734439
VRNS,2019-05-01,23.420000076293945,35.305632130695706,46.683244006951405,45.06236826003365,44.27462375727615,45.914506213042685
VRNS,2019-05-02,24.0,35.77800939099603,46.903592798132,45.1578452780513,44.35720026130877,45.88570800677832
VRNS,2019-05-03,24.206666946411133,35.459701506142146,46.9120418654671,45.08612938608206,44.36626272175751,45.88213959636553
VRNS,2019-05-06,24.07999992370605,31.948712931036237,46.43769448092377,44.96230155437855,44.36865500920389,45.88196822616626
VRNS,2019-05-07,23.643333435058597,32.7154495516907,46.32005889808774,45.04315753916567,44.41187021146056,45.89886604292066
VRNS,2019-05-08,23.636667251586918,32.48078919080386,46.182802284283625,45.01703163472228,44.388331619911405,45.88281734641687
VRNS,2019-05-09,23.73666763305664,30.5013750593655,34.283677937076995,44.98061760730243,44.38977468273245,45.86705253225436
VRNS,2019-05-10,23.63999938964844,30.34865735985526,34.1898902381893,44.8611279512521,44.369402949145545,45.82091073186513
VRNS,2019-05-13,23.09000015258789,31.51236886830826,34.57536624426786,43.86801396733144,44.448979710799655,45.84814296886247
VRNS,2019-05-14,23.37333297729492,31.075059390062663,34.27751018065206,43.79794060036543,44.47214962641437,45.840961861098734
VRNS,2019-05-15,23.780000686645508,31.257075604550103,34.29059099272315,43.77501676668744,44.439551731977005,45.84123700591546
VRNS,2019-05-16,24.253332138061523,31.4540888065653,34.30934731898054,43.854034473610746,44.36165670605268,45.85343912825681
VRNS,2019-05-17,23.40999984741211,33.30765536647918,35.18057329549116,43.492797233466575,44.51914966747552,45.98844428868609
VRNS,2019-05-20,22.87333297729492,34.18539816299168,35.51444462723817,43.68040025492541,44.57433420851385,46.04544144481507
VRNS,2019-05-21,22.780000686645508,34.2556260394513,35.40074233748386,43.03912849506545,44.569868593806696,46.03336521979625
VRNS,2019-05-22,22.703332901000977,34.26568887712191,35.28671299094425,43.03703925580699,44.51925526546304,46.01737874504889
VRNS,2019-05-23,22.433332443237305,34.55228013913871,35.21103076397824,43.09371962468612,44.531706752560005,45.972100100398286
VRNS,2019-05-24,22.39666748046875,34.48399671352638,33.68898602222787,43.0915762008369,44.4185485106178,45.87270184000823
VRNS,2019-05-28,22.15333366394043,34.185991019344165,33.33813713965193,42.85565038140517,44.35644015049814,45.82698675371231
VRNS,2019-05-29,21.15333366394043,36.92612081131041,34.734909638030395,42.81379942037552,44.67419129204685,46.05066909207351
VRNS,2019-05-30,21.309999465942383,36.87440375913075,34.60158387424549,42.1598783949731,44.68361392024684,46.03714013465883
VRNS,2019-05-31,20.84666633605957,37.26568481961752,34.03584263873553,42.147938456934426,44.75343160082144,46.08560193164108
VRNS,2019-06-03,19.65999984741211,40.49419416654209,36.17900830615837,42.92172280271204,45.19055882076436,46.44206304389577
VRNS,2019-06-04,20.32333374023437,41.09247557866738,36.79492672133181,43.22917235434958,45.35199448896343,46.54393968433856
VRNS,2019-06-05,20.69333267211914,39.20784231290492,35.05609215191765,43.02452715406506,45.37287130669426,46.54046758307015
VRNS,2019-06-06,20.386667251586918,39.342027188363424,35.09617169659583,43.08017131927439,45.04369763266328,46.55221051111738
VRNS,2019-06-07,20.206666946411133,38.537454005146735,34.68056865927824,42.61070001401484,45.05309580949567,46.42797588934947
VRNS,2019-06-10,20.356666564941406,37.78362131588264,34.698610005963424,42.37465647223011,44.724028693915294,46.37469871593662
VRNS,2019-06-11,20.226667404174805,37.59208667159937,34.64238129708478,41.94986667483711,44.728518314719054,46.2881498346993
VRNS,2019-06-12,20.636667251586918,32.809198398280074,34.84664048717606,42.038002935626864,44.790618191698144,46.33296399697343
VRNS,2019-06-13,20.58666610717773,32.72729926182487,34.47425884027942,41.84817167550715,44.771007412716365,46.1459645714222
VRNS,2019-06-14,20.5,31.572296291183743,34.46650927469027,41.85743935786007,44.652363711161215,46.13626178757677
VRNS,2019-06-17,20.440000534057617,31.309396880727466,34.17687438875792,41.854593535203485,44.60118936672697,46.13660253074683
VRNS,2019-06-18,20.24333381652832,31.330815110011223,32.78254188385045,41.73481702285865,44.60782022763329,46.12560021132897
VRNS,2019-06-19,20.44333267211914,31.415104221839872,32.83773535653094,41.58961722504098,44.622224307174505,46.05871887264197
VRNS,2019-06-20,20.40999984741211,31.40049034572052,32.59728025307726,41.568380597970666,44.53166459019301,46.05532682305507
VRNS,2019-06-21,20.40999984741211,31.317736864521777,31.887386504236552,41.32079490479671,44.15187695948252,46.05406350908428
VRNS,2019-06-24,20.333332061767575,31.318710633714048,31.84608803537965,41.32451165238283,43.95014097293444,45.99661106417045
VRNS,2019-06-25,20.020000457763672,30.99146781871389,31.95478542896677,41.18215316147148,43.5979819080077,45.9995932377323
VRNS,2019-06-26,19.43666648864746,31.36808241712333,32.12950113507019,40.89088327837907,43.72779930810851,45.53595736112971
VRNS,2019-06-27,20.049999237060547,32.499025281299446,32.785541404290775,41.11934271306815,43.766246079353735,45.46758518733996
VRNS,2019-06-28,20.64666748046875,33.26250628728509,33.33793397614956,41.37619590439038,43.8504963065415,45.47762322256296
VRNS,2019-07-01,20.76000022888184,32.14711770226105,33.26270661896429,41.38451159974314,43.558284387573096,45.39431353347887
VRNS,2019-07-02,20.559999465942383,31.68150597681304,33.21333675023549,41.12576273691315,43.5412344277252,45.37286617798454
VRNS,2019-07-03,20.93000030517578,32.280948197261466,33.39005314405678,40.97089411999057,43.54754163367688,45.38912797020992
VRNS,2019-07-05,20.88999938964844,32.28156402362079,33.387087581256395,40.85536481209529,43.54736792641722,45.38218467718188
VRNS,2019-07-08,20.73666763305664,32.19523607986692,33.40873432527312,33.44925881816071,43.24217741364989,45.380988162919685
VRNS,2019-07-09,20.96666717529297,32.43731332252183,33.45928812696604,33.431818498814366,43.1460621834124,45.38095600588608
VRNS,2019-07-10,21.290000915527344,32.7138003218014,33.276773799650975,33.42653617637363,43.15250759306842,45.385067984156194
VRNS,2019-07-11,21.549999237060547,30.019558855641076,33.36468037153291,33.30068838343436,43.161974662114346,45.39374264383011
VRNS,2019-07-12,22.1299991607666,30.896681187115465,33.728715029477904,33.49861720694729,43.246226406360414,45.47207013308592
VRNS,2019-07-15,22.35333251953125,30.18941521492381,33.652116189176986,33.475649387843944,43.20701986027815,45.20617731603673
VRNS,2019-07-16,22.226667404174805,24.21194134003508,33.28700372610886,33.399132894785666,42.50777025914592,45.20039013628344
VRNS,2019-07-17,22.583332061767575,22.890233319350692,33.114310744626366,33.41756019877117,42.38695169899281,45.21256948114416
VRNS,2019-07-18,22.809999465942383,22.56272112271821,31.908468931716943,33.36178664606403,42.40106906622702,45.213485654808274
VRNS,2019-07-19,22.75,21.97573700056242,31.89891311612591,33.296888079150264,42.33164271632666,45.211177951509775
VRNS,2019-07-22,23.0,21.74311308600727,31.5668504090995,33.156697538324146,42.09115200785829,45.21850126602558
VRNS,2019-07-23,23.0,21.75773508686884,31.170823612672574,32.15224137648292,41.74974175582217,45.21400586551794
VRNS,2019-07-24,23.503332138061523,22.10053811215753,31.27217021075618,32.00660612949871,41.798788714921336,45.23936012656923
VRNS,2019-07-25,23.459999084472656,21.71185012265856,28.490042115554036,31.98918268306208,41.76403801854404,45.19090188186586
VRNS,2019-07-26,23.73666763305664,21.719725673080696,28.47352672426612,31.93500829477049,41.4888822650673,45.10770758582477
VRNS,2019-07-29,23.12666702270508,23.36052272316328,28.5180792770737,31.64726716303406,41.53149366793104,45.176399899806505
VRNS,2019-07-30,23.76333236694336,24.195429447840567,29.02372478110564,31.90168101030265,41.22466888058278,44.88820542443119
VRNS,2019-07-31,23.96999931335449,23.80848562866461,29.06255165941849,31.90867819264056,41.19373025600572,44.577353047162745
VRNS,2019-08-01,24.206666946411133,23.808390923287902,28.88028310864584,30.683577513630024,41.041029252698166,40.54801460201492
VRNS,2019-08-02,23.706666946411133,24.94441923878809,29.20723266623196,30.84142882397223,41.02566978864557,40.60559036569498
VRNS,2019-08-05,22.84000015258789,27.76760467765587,30.17440419805902,31.10891620171621,41.24548212051241,40.72795639764712
VRNS,2019-08-06,22.606666564941406,27.983714169923424,30.231118958797172,31.148865393463264,41.2666615676732,40.680752994271074
VRNS,2019-08-07,22.68000030517578,27.395238780482025,29.864578519962027,31.08499117101712,41.22180964856752,40.43808664982977
VRNS,2019-08-08,23.356666564941406,26.399441102840044,30.375710664327126,31.387173634623935,41.35985805838086,40.54312979980572
VRNS,2019-08-09,23.34666633605957,25.37166677219748,30.161946401503243,31.161630450387943,39.235446431606,40.4268301790754
VRNS,2019-08-12,23.416667938232425,24.310203606188484,29.88139781160841,31.155528155221603,39.229540019355625,40.41098433355682
VRNS,2019-08-13,23.81666755676269,24.58800381837804,29.19452951979949,31.08916617057887,39.175929103177474,40.44200479086975
VRNS,2019-08-14,23.06666755676269,26.48975700060848,29.550594823613668,30.54825386708965,39.37629842653848,40.56153396134031
VRNS,2019-08-15,22.72333335876465,26.69014395650444,29.701432078987335,30.657665500157357,39.18560244399183,40.58839814989177
VRNS,2019-08-16,23.01000022888184,26.79956547476253,29.804006166633474,30.57380986306907,39.12501319099413,40.60597160535679
VRNS,2019-08-19,23.22333335876465,26.661034940895533,29.75026736195601,30.11759466763923,38.86735992418476,40.60686778050975
VRNS,2019-08-20,23.00666618347168,26.83382296707651,29.817034802813865,30.12592453935505,38.8838121999082,40.59900954982901
VRNS,2019-08-21,23.426666259765625,26.95590368807908,29.937065601995343,30.21245019679949,38.93552575474264,40.63834108579174
VRNS,2019-08-22,23.503332138061523,26.822232933833064,28.2821321500767,29.99995956901277,38.88029503826248,40.621401727821
VRNS,2019-08-23,23.24333381652832,26.14805040202649,28.3790404337097,30.06558166563707,38.577453657686135,40.63038331513084
VRNS,2019-08-26,23.190000534057617,26.04774484583405,27.968664378266645,30.066081382406885,38.54571123834115,40.63047559192047
VRNS,2019-08-27,22.489999771118164,27.58302024398624,25.901053565316584,30.424972899865647,38.68332262108827,40.68226836606416
VRNS,2019-08-28,22.1200008392334,27.602002383325363,25.364389666401557,30.486528714561377,38.63610731716689,40.60926696679166
VRNS,2019-08-29,22.809999465942383,28.921223162704774,25.847739889694527,30.84351787544861,38.77927388732349,40.69369983333918
VRNS,2019-08-30,22.773332595825195,28.91463619542482,25.626578840086765,30.84038486007424,38.75846604008417,40.671655944549
VRNS,2019-09-03,22.80666732788086,28.734290050358897,25.529379563197217,30.83337420393053,38.73876931494406,40.66688298892818
VRNS,2019-09-04,23.003332138061523,28.84912409135589,25.541253228879523,30.83720274030788,38.67411903785098,40.636516569861584
VRNS,2019-09-05,23.35333251953125,28.482369598532543,25.61776829847844,30.721805485758267,37.97563674847616,40.65958870085019
VRNS,2019-09-06,22.81666755676269,29.2539783789241,25.87824602277569,30.964254261013835,38.01824460001561,40.6348629771237
VRNS,2019-09-09,21.99666786193848,30.75235885384059,27.031519241322837,31.49514869926491,38.23794871940691,40.73630662963251
VRNS,2019-09-10,21.38333320617676,30.90787289694085,27.675933829873177,31.757632606176863,38.39625198489963,40.82464869041857
VRNS,2019-09-11,20.899999618530277,30.11098604344718,28.086121858623255,31.74758032159688,38.03890567424587,40.88444750209153
VRNS,2019-09-12,20.31666755676269,30.632221830364493,28.625281465638697,31.856819235882096,38.19382586014795,40.97760395287039
VRNS,2019-09-13,20.483333587646484,30.563890905600825,28.60307690088284,31.05479924433497,37.75698894537067,40.92793671251226
VRNS,2019-09-16,20.729999542236328,30.61698699699272,28.704927362288156,31.099661466828763,37.775853288109744,40.93060156921335
VRNS,2019-09-17,20.676666259765625,28.998499674823474,28.710775512125718,30.82925657607133,37.77701442961076,40.9031312384066
VRNS,2019-09-18,20.77666664123535,29.014029424494524,28.713876421437725,30.575831760892765,37.77781205267548,40.61896577835425
VRNS,2019-09-19,20.86333274841309,29.032009006784136,28.531475746195312,30.480996775796463,37.61420609033137,40.62182492258356
VRNS,2019-09-20,21.1299991607666,27.80082171430297,27.92546668765376,28.81910570646891,37.18924763577338,40.36997135264098
VRNS,2019-09-23,21.11333274841309,27.79773473239685,27.234144717069103,28.760765943087087,36.750043056109895,40.369821689661954
VRNS,2019-09-24,20.6299991607666,28.30767258027646,27.0143706738708,28.67941239531895,36.73616906310412,40.42892056753452
VRNS,2019-09-25,20.89666748046875,28.065557312156614,27.12031674568293,28.725604405558787,36.56823265185877,40.43613503578515
VRNS,2019-09-26,20.670000076293945,26.902385660259636,27.14037024048046,28.75857497899357,36.59422782665507,40.35643613286847
VRNS,2019-09-27,19.893333435058597,28.55298603685689,27.997223450319225,29.22688566300288,36.70676252838681,40.48975766563004
VRNS,2019-09-30,19.926666259765625,28.162878896108488,28.001039393005712,29.23099682598018,36.69394368669849,40.486628013754114
VRNS,2019-10-01,19.62333297729492,27.999448559739164,28.12843975636044,29.294867294005755,36.43205424985584,40.50971250569943
VRNS,2019-10-02,19.59333229064941,28.00023058026509,28.018087743605943,29.29283882222236,36.26357506168503,40.437980005580215
VRNS,2019-10-03,20.12666702270508,28.74335908920188,28.40485536301397,29.436279473814363,36.12178398347488,40.23296477876783
VRNS,2019-10-04,20.309999465942383,28.937905743449555,28.35140728984172,29.40374131694816,36.12460700814096,40.08695820019506
VRNS,2019-10-07,20.209999084472656,28.87716649478494,27.77324071283665,29.256018956949458,35.99643773302702,39.7838458465894
VRNS,2019-10-08,20.23833274841309,28.92333080220348,27.67599336545602,29.059858328338677,35.99620512880395,39.78006247557036
VRNS,2019-10-09,20.82333374023437,29.359831336779383,28.341996427253303,28.950125825489533,36.13734062325575,39.78595007834552
VRNS,2019-10-10,21.049999237060547,29.29716837228174,28.230469649173244,28.79471915883507,36.05184466306021,39.75566325813976
VRNS,2019-10-11,21.13999938964844,27.718101271035696,28.158141506903817,28.8012016736743,35.94361332066704,39.52350775048247
VRNS,2019-10-14,21.226667404174805,27.783796874776677,28.177923724943177,28.80825721142985,35.92996734978978,39.499557850221095
VRNS,2019-10-15,21.31666755676269,27.828308215812196,28.088528233707628,28.761357451148672,35.77257579183451,39.46706565036124
VRNS,2019-10-16,21.34000015258789,27.658949251409386,28.091530076196317,28.761903567678925,35.771181241233,39.46651461624574
VRNS,2019-10-17,21.32333374023437,27.159150574954957,27.68381431199285,28.71320796079777,35.632133119878326,39.22075775680384
VRNS,2019-10-18,20.780000686645508,27.33449841763743,28.12423870676192,28.060433019503456,35.41714544564404,39.21439332942245
VRNS,2019-10-21,20.979999542236328,25.643293817528768,28.08285382314546,28.07767937310008,35.38701003516402,39.20100797863849
VRNS,2019-10-22,20.406667709350582,25.592084087205347,28.145895439408857,28.205391625493448,35.530488309594304,39.287053731058215
VRNS,2019-10-23,20.31666755676269,24.804054713245943,27.480716622483627,26.61670345330171,35.53323444604807,39.26477181982014
VRNS,2019-10-24,20.75,24.193896763397184,27.81505950782716,26.304413209864457,35.43729126835158,39.28123576132853
VRNS,2019-10-25,20.886667251586918,24.15529284207737,27.761808745302417,26.169090900137117,35.283319575742375,38.74072624545182
VRNS,2019-10-28,20.906667709350582,23.916504697304585,27.502653209579464,26.058221288658014,35.20900656669478,38.61209834760172
VRNS,2019-10-29,23.82333374023437,44.67195895499084,37.88949116095067,33.23302429613504,34.22618566589444,40.75832807897889
VRNS,2019-10-30,24.649999618530277,45.47696434930412,38.42841841329604,33.61902835384394,34.413468290082896,40.842761059598296
VRNS,2019-10-31,23.850000381469727,46.84050915738491,39.06810734529935,34.048673604120886,34.61533192251213,40.793174036039446
VRNS,2019-11-01,23.768333435058597,46.827208522066734,38.619781896497386,33.929214410719574,34.5311329013381,40.54320277826239
VRNS,2019-11-04,23.753332138061523,46.82585196806481,38.61996592762196,33.92524203389993,34.51527932980685,40.52475708349344
VRNS,2019-11-05,23.87333297729492,46.11631360672522,38.628361189468905,33.91783075659751,34.49524646235867,40.5013820114909
VRNS,2019-11-06,24.06999969482422,46.06616233772225,38.50919069863134,33.9266668302011,34.44704205688332,40.29380301270921
VRNS,2019-11-07,23.82999992370605,46.04078487613305,37.9847755286252,33.92970397649884,34.448247475781976,40.24785299390376
VRNS,2019-11-08,24.34000015258789,44.4072017700239,38.07600674132823,34.04708344040377,34.488530334546425,39.98631652489185
VRNS,2019-11-11,24.38333320617676,44.40617872877236,38.002300281941885,34.0427784314067,34.45256735958412,39.95639692220044
VRNS,2019-11-12,24.670000076293945,43.92737181230881,38.028473761493295,34.077778213328514,34.37694786964294,39.8508284676083
VRNS,2019-11-13,24.83666610717773,43.842861711717575,37.98391673186005,34.074145612508204,33.83763493601146,39.78433212191854
VRNS,2019-11-14,25.01333236694336,43.47311048248137,37.84253795061874,33.96694707740964,33.68108862108175,39.76682712918411
VRNS,2019-11-15,25.02666664123535,43.51237927277656,37.83997437273464,33.58362145441825,33.667885459863115,39.766824992769
VRNS,2019-11-18,25.0,43.43482461344406,37.75785726543086,33.27449517550175,33.61671838525261,39.734091368578376
VRNS,2019-11-19,25.163333892822266,43.4019007479413,37.76602531124922,32.99715232011698,33.31533938481741,39.73732437789093
VRNS,2019-11-20,25.26666641235352,42.93814732769615,37.174784419017705,32.9941643519874,33.316607594401844,38.17224898892997
VRNS,2019-11-21,25.35333251953125,42.92613783569001,36.97444881546136,32.94197121957688,33.31324901193493,38.16837735022049
VRNS,2019-11-22,25.61333274841309,42.93737698785768,36.53685132041976,32.871339736155576,32.66076374183047,38.107239004542485
VRNS,2019-11-25,25.790000915527344,42.93195945872611,36.54309736014175,32.87417823317039,32.640377055438194,38.11109814998215
VRNS,2019-11-26,25.99333381652832,42.92822603583446,36.562000692445416,32.85130540718442,32.468873744452175,37.942918334813214
VRNS,2019-11-27,26.0,42.93826585712489,36.53950659807892,32.822592839966994,32.46116418463599,37.88025147856335
VRNS,2019-11-29,26.036666870117188,42.91029980083514,36.43809050267697,32.75491547304022,32.425315414287056,37.68336582378938
VRNS,2019-12-02,25.733333587646484,42.171761336148975,36.17505504438438,32.78611375755082,32.454553241227444,37.703393155772616
VRNS,2019-12-03,25.55666732788086,42.35822147899358,35.32320002513642,32.571754157747655,32.34680357384436,37.711344932245886
VRNS,2019-12-04,25.49666786193848,41.19631639494929,34.753288381529714,32.54784769126666,32.34551846666184,37.67176441545989
VRNS,2019-12-05,25.57666778564453,41.065592253301,34.334999415801164,32.5296782732301,32.25636281151884,37.4291611207285
VRNS,2019-12-06,25.46999931335449,41.000833108759146,33.73516400588232,32.45777842317516,31.73280803088271,37.40832488462463
VRNS,2019-12-09,25.333332061767575,41.1534708847288,33.77391218310317,32.443587566955394,31.74209309023077,37.38018601983646
VRNS,2019-12-10,25.049999237060547,41.4455725960777,33.86149586325779,32.49724564853609,31.703193933168887,37.32640149261178
VRNS,2019-12-11,24.940000534057617,18.05412913116103,33.87674834985843,32.46868272266561,31.45647660899926,37.3158605958428
VRNS,2019-12-12,24.63333320617676,15.627488893476963,34.02289621847706,32.535871853489176,31.477032337336787,37.32382220906711
VRNS,2019-12-13,25.13333320617676,13.295213830165196,34.20556991146464,32.51131974944716,31.54001739690727,37.357937562391534
VRNS,2019-12-16,25.450000762939453,13.55666444322837,34.20343503815252,32.56296673287643,31.4525874149918,37.31937630787136
VRNS,2019-12-17,25.49333381652832,13.529984810978654,34.1951463548917,32.51632580898002,31.45237301898774,36.778468254008246
VRNS,2019-12-18,25.559999465942383,13.50643030837166,33.75356622625188,32.23324079139046,31.45020647191116,36.72696787655255
VRNS,2019-12-19,25.6299991607666,13.390334462695918,33.69849270392088,31.96077167722944,31.413601075966618,36.69347872189163
VRNS,2019-12-20,25.74666786193848,12.901757110996694,33.56677692620661,31.941532785302567,31.381715266197908,36.69456802752954
VRNS,2019-12-23,25.8799991607666,11.672219506247815,32.40807766318199,31.916258401107186,31.38003031484912,36.34414768900445
VRNS,2019-12-24,25.97333335876465,11.680541418094451,32.40360088422811,31.731742134916285,31.37745543642071,36.340282800524896
VRNS,2019-12-26,26.13999938964844,11.400639561801054,32.1427022500523,31.14683141217038,31.37983688653089,36.01877310758229
VRNS,2019-12-27,26.149999618530277,11.316377394480927,32.12905530606771,31.091545233289704,31.368885274654552,36.01476545866065
VRNS,2019-12-30,25.76000022888184,12.18604951924172,32.04804970278288,31.199896281828067,31.32328792057266,36.05163419662772
VRNS,2019-12-31,25.90333366394043,12.256549348331088,32.03292328059257,30.8807102151538,31.327584575668443,36.05171650307823
VRNS,2020-01-02,26.01666641235352,12.272389956845574,31.97809592085061,30.88430534828712,31.307199060207065,35.92424405825254
VRNS,2020-01-03,26.156667709350582,12.23478639810704,31.97354817618273,30.89033944645388,31.26620836380227,35.58376254433111
VRNS,2020-01-06,26.46666717529297,12.585656157393762,31.614236374633165,30.83387364932952,31.150909800283603,35.277281774153685
VRNS,2020-01-07,26.6200008392334,12.634527298232998,31.584568043200363,30.38296503397012,31.04661097745425,35.19091307468564
VRNS,2020-01-08,26.536666870117188,12.437506726598494,31.61743737763131,30.2778698876358,30.61458688641302,35.05515427918354
VRNS,2020-01-09,26.76666641235352,12.517514527639722,31.63296644070112,30.248126957044214,30.62151545416575,35.06240916412624
VRNS,2020-01-10,26.90333366394043,12.415923045182254,31.633885527408967,30.228390133697964,30.49178618455318,34.922167433768486
VRNS,2020-01-13,27.803333282470703,15.448099234876564,32.18131372198387,30.585288198185733,30.59773360396494,35.04910061964614
VRNS,2020-01-14,28.976667404174805,19.152375835547097,33.03726108630329,31.116584321216745,30.89114107432828,35.02468630325458
VRNS,2020-01-15,29.083332061767575,18.596423868142523,32.40507754195154,31.11703136973016,30.01851598844861,34.91056593541051
VRNS,2020-01-16,29.049999237060547,18.375280905493405,32.42341648948624,31.04909096424268,29.975386914652635,34.695252845612224
VRNS,2020-01-17,28.420000076293945,19.808145950228823,32.191865265761386,31.277443924229065,29.971005165178628,34.7736096837715
VRNS,2020-01-21,28.296667098999023,19.942316857247206,32.19093228595167,30.85364727390067,29.963662827068863,34.687521489641554
VRNS,2020-01-22,28.253332138061523,19.86989041680891,32.05690570530037,30.711311596814145,29.95621600408358,34.68848239874494
VRNS,2020-01-23,28.356666564941406,19.692465165338945,32.05695373459009,30.37585672926073,29.87074060458233,34.68507582716137
VRNS,2020-01-24,28.25,19.31291364318657,32.09761788882543,30.384642122610515,29.87571208439661,34.61808586196485
VRNS,2020-01-27,27.76000022888184,20.16268193261954,19.04498613183112,30.54429064337435,29.95306695033572,34.59566198150777
VRNS,2020-01-28,28.38999938964844,20.294761397871472,18.35663163323307,30.699521839210743,30.05556232382289,34.64877734959739
VRNS,2020-01-29,27.96666717529297,20.53549655264181,17.212499630547743,30.74731296719541,29.974376701699533,34.57827537451041
VRNS,2020-01-30,28.333332061767575,20.555147479007392,17.29425102977732,30.533492260495063,29.97887361325975,34.59699006504697
VRNS,2020-01-31,27.886667251586918,21.313018279046265,17.706205854842104,30.03715376108485,29.98350470743293,34.54525833594368
VRNS,2020-02-03,28.19333267211914,21.436364167972098,17.780952123348687,29.661267948162145,29.92387717071815,34.314395250924974
VRNS,2020-02-04,29.233333587646484,23.46529155490519,19.02995716994336,29.84428965759683,29.9030298826726,34.462540125440285
VRNS,2020-02-05,28.913333892822266,23.885214707011983,19.060344151005392,29.501467258848542,29.79747967733663,34.48087083079766
VRNS,2020-02-06,29.649999618530277,24.669736897060588,19.23726267609824,29.692162889186772,29.92368251141766,34.561658284361805
VRNS,2020-02-07,29.983333587646484,24.74252613349071,19.302103905258846,29.686820136020035,29.94010373080916,34.4264903878328
VRNS,2020-02-10,30.733333587646484,25.40627509088436,19.719405217526973,29.855657844074585,30.021450171146466,34.39781937678323
VRNS,2020-02-11,29.666667938232425,27.99437101340072,21.262938665558277,30.499503256782408,30.33786791286573,34.54807071567902
VRNS,2020-02-12,30.32333374023437,27.834895994216662,21.599481213533394,30.637954973609084,30.39616460635124,31.250447599546995
VRNS,2020-02-13,30.803333282470703,27.99365701395537,21.742548377575076,30.66402861585975,29.900226109245725,31.255018817628837
VRNS,2020-02-14,30.87666702270508,28.00827792452067,21.723365490046813,30.65616525464528,29.89362198673043,31.22471586281861
VRNS,2020-02-18,30.656667709350582,28.255427181142867,21.82317868456944,30.402098264316045,29.77697083886339,31.163856196447643
VRNS,2020-02-19,30.63999938964844,28.235217648730966,21.83657733646899,30.37680466747937,28.88855428166761,31.14996628640596
VRNS,2020-02-20,30.440000534057617,28.42655798728148,21.92792932921428,30.330847477294952,28.67550218998382,31.142432626858884
VRNS,2020-02-21,29.666667938232425,29.67885010860869,22.651884121864725,29.94935389489196,28.80348936774782,31.22382422058941
VRNS,2020-02-24,28.786666870117188,31.20624353450372,23.591940321257475,30.43324461156961,28.98456663771647,31.36639454858751
VRNS,2020-02-25,27.81333351135254,32.962304590552215,24.694556609300623,30.8834194321102,29.274240494442672,31.545575888561128
VRNS,2020-02-26,27.25,32.106712405592006,25.08768998027245,31.107140205035197,29.384300945211915,31.596151346968387
VRNS,2020-02-27,26.47333335876465,30.53768402900387,25.81456813828117,31.29139886683191,29.59083490337335,31.668981483372395
VRNS,2020-02-28,26.739999771118164,30.713387305195543,25.767531712511243,31.296680271875974,29.525875306880263,31.256717574983
VRNS,2020-03-02,28.14666748046875,34.48406742972841,27.723989463284965,32.203943668989666,30.104762095285807,31.52892211298714
VRNS,2020-03-03,26.46666717529297,38.27145718158713,30.59079398161802,33.80916903374734,31.01476133961601,32.141589707203416
VRNS,2020-03-04,27.01666641235352,38.83685589931283,30.85940596484073,33.678268654081485,31.09289069677834,32.16081549449088
VRNS,2020-03-05,26.706666946411133,38.94479332246056,30.94803911623436,33.72640011653562,31.10318915656413,31.959122035331838
VRNS,2020-03-06,25.38333320617676,41.39575284397925,32.68722775708541,34.765659597383944,31.697773562835547,32.380950499105765
VRNS,2020-03-09,23.18000030517578,48.48773308535768,37.56243332332274,37.74449737651671,33.51396306266434,33.657227075774
VRNS,2020-03-10,24.02666664123535,49.89186188567126,38.31934806674994,38.14810390757511,33.771130320941374,33.36121219565717
VRNS,2020-03-11,22.98666763305664,50.46684592844011,39.28167373844257,38.82432316224805,34.187143303907675,33.64027263936866
VRNS,2020-03-12,21.649999618530277,52.710863525436345,40.82478323462508,40.00023154429949,34.879661150756945,34.062982956364344
VRNS,2020-03-13,22.11000061035156,53.0450823528172,40.99514378354839,39.91730804078964,34.780510646233296,34.12233259747348
VRNS,2020-03-16,18.09666633605957,76.90746759202271,57.65945009565176,51.06597718498341,41.96909174461944,39.5714372896604
VRNS,2020-03-17,19.106666564941406,79.14461927631817,58.93743658056852,51.650087677577616,42.32226429443441,39.93952454995154
VRNS,2020-03-18,17.06333351135254,82.82722812316072,62.94571664255472,54.646326101161904,44.36569340641864,41.42528281517567
VRNS,2020-03-19,18.399999618530277,87.13210412230944,65.12836362925559,55.89045369501211,45.26716254953133,42.11502866527779
VRNS,2020-03-20,17.59000015258789,86.68974488845971,65.58457150073437,56.30633559484617,45.51670902390241,42.29217876035827
VRNS,2020-03-23,18.32999992370605,87.9774528058726,66.27957425070306,56.71607474072285,45.78922691744211,42.232963551809846
VRNS,2020-03-24,20.036666870117188,92.45031432457314,69.03539370713474,54.599297501962695,46.99691039695877,43.16740377249445
VRNS,2020-03-25,21.05666732788086,94.03481693033822,69.9150043868721,54.91383989722579,47.34761490846691,43.40949629642397
VRNS,2020-03-26,22.96999931335449,97.8527514349323,72.2882624489673,56.44751355762863,48.42043512493832,44.14601667558798
VRNS,2020-03-27,21.69333267211914,98.5150667819161,73.14988881112006,57.16200367265848,48.87686531049987,44.513591314015656
VRNS,2020-03-30,21.676666259765625,98.48024542934888,73.13550531186584,57.1619905824275,48.77495475137339,44.50375058271086
VRNS,2020-03-31,21.22333335876465,98.50637331594784,73.20700184229773,57.24354778715311,48.82303208933229,44.491616465135785
VRNS,2020-04-01,19.796667098999023,99.81668952517056,74.37230444747594,58.24235848605844,49.5032193557153,45.03507441495018
VRNS,2020-04-02,19.11666679382324,99.9579758579297,74.59207033585706,58.46430817410292,49.62939423307998,45.16925340326048
VRNS,2020-04-03,17.626667022705078,101.72526482761658,76.18205023200504,59.66684486011368,50.51090453356688,45.87485659608233
VRNS,2020-04-06,18.96666717529297,104.95990424080205,77.87489689917125,60.88636245369332,51.278095277305255,46.44353100188317
VRNS,2020-04-07,18.393333435058597,104.90257547622988,78.00750106347382,61.006365079185166,51.37806753517247,46.53851098704517
VRNS,2020-04-08,20.62333297729492,111.24997424050494,81.47180834772152,63.77384758842653,53.1699281472769,47.93422895388888
VRNS,2020-04-09,20.87333297729492,111.2554710672154,80.98032936564113,63.79642417325766,53.12548064628778,47.94651903651878
VRNS,2020-04-13,20.82999992370605,111.1410876034918,80.96117322905198,63.795330445527874,53.125560945807074,47.94351858131174
VRNS,2020-04-14,21.30666732788086,110.11177460925975,81.16289264633745,63.91335589719628,53.17697389926748,47.94214274541008
VRNS,2020-04-15,20.71999931335449,109.15207139447692,81.22504318149622,64.03574826101413,53.190140257745256,48.02369172020013
VRNS,2020-04-16,20.11333274841309,108.9748548514629,81.37903085635088,64.17937370529098,53.19783315597846,48.1074790528322
VRNS,2020-04-17,21.15333366394043,110.36118480134516,82.18472989216336,64.71695558085739,53.53212396895776,48.35494270034574
VRNS,2020-04-20,21.98666763305664,110.37447465052162,82.65030304181738,65.00809976857467,53.72006965525871,48.44975676800885
VRNS,2020-04-21,20.979999542236328,108.11053393030384,83.11045751018588,65.38997365492109,53.94619142843041,48.62376798418053
VRNS,2020-04-22,21.30666732788086,107.62801805832936,83.1724196064423,65.43041241512115,53.80348746459923,48.43874102011299
VRNS,2020-04-23,21.290000915527344,106.95081077055556,82.98817076031779,65.42971303333522,53.79066381469697,48.434762370929256
VRNS,2020-04-24,21.540000915527344,105.61910165098392,83.02800183185145,65.46360446282976,53.80780741897458,48.38280427900774
VRNS,2020-04-27,22.53333282470703,106.26683153658098,83.57273847767146,65.86643474374728,53.96141683002249,48.531005754098544
VRNS,2020-04-28,21.583332061767575,88.76153988603834,83.92541156206364,66.19386653086991,54.19936305756012,48.69367354629789
VRNS,2020-04-29,23.14666748046875,89.61357275281894,85.2424504738609,67.16287203169611,54.83393934613401,48.79144927254689
VRNS,2020-04-30,22.350000381469727,83.19323657214419,85.08233554997082,67.37639065368904,54.95167535432961,48.9005846025706
VRNS,2020-05-01,21.46666717529297,81.91651582686063,85.39007284323941,67.65878406686319,55.02797111216526,49.00179473028739
VRNS,2020-05-04,21.546667098999023,80.52943042926836,85.17982248146801,67.661640178343,55.00263106337483,48.99523046966125
VRNS,2020-05-05,23.913333892822266,84.82709665142623,88.03563038198689,69.6954580573922,56.35674134258706,50.098250363230726
VRNS,2020-05-06,23.6200008392334,81.52644457147478,87.85100343419757,69.71827362369251,56.36595977280425,50.079971857694886
VRNS,2020-05-07,23.85333251953125,80.46168207246865,87.65902144682796,69.71147707529576,56.36634757778356,50.08961629960509
VRNS,2020-05-08,24.76000022888184,77.24285982186728,87.90728172941937,69.89308617918071,56.49790052040478,50.226442426191134
VRNS,2020-05-11,24.90333366394043,75.14222002880601,87.83872323968379,69.87015156459275,56.50052534272325,50.22773963874791
VRNS,2020-05-12,24.43666648864746,75.43840027252799,87.88580773841845,69.9323759758985,56.530266362558976,50.20791687231552
VRNS,2020-05-13,23.46999931335449,76.19694646876547,88.20128323587835,70.21705393402242,56.73372815700885,50.3569705571594
VRNS,2020-05-14,24.38333320617676,73.58924906646997,88.63049092081452,70.48803446824951,56.79356513025915,50.47222750749618
VRNS,2020-05-15,24.940000534057617,72.62548724736858,88.79280501852733,70.57891458119889,56.817192859898014,50.48421046462333
VRNS,2020-05-18,25.36666679382324,67.4406422030579,88.76364424717397,70.62707852999671,56.73803471868252,50.38594841497424
VRNS,2020-05-19,25.3700008392334,64.96520961332168,88.57961866219209,70.6244741117662,56.73745882629654,50.33063893842076
VRNS,2020-05-20,26.13333320617676,64.05267866823564,88.55478139664376,70.77629877654442,56.84138156452644,50.4133354991196
VRNS,2020-05-21,26.17333221435547,56.19440839728848,88.46339623598186,70.77669177599458,56.83382897497471,50.41189533878574
VRNS,2020-05-22,26.81666755676269,56.38360270342042,88.40975086082025,70.83918898044064,56.8769108679296,50.45174884983109
VRNS,2020-05-26,27.663333892822266,56.66901914411477,88.61467602895455,71.00220651899761,56.91722514363317,50.54250606941915
VRNS,2020-05-27,27.703332901000977,56.57373585870685,87.98309475002924,70.99983735896471,56.740474619684434,50.528739354149934
VRNS,2020-05-28,27.886667251586918,55.5038761033335,87.0594398014503,71.00219367616367,56.63463582594572,50.31022116010756
VRNS,2020-05-29,28.1299991607666,54.2230927879158,86.9786453354918,70.99153318629702,56.56675296365796,50.31203246908667
VRNS,2020-06-01,28.51333236694336,52.942734839073694,86.98006418433047,71.01658672735101,56.47135687199935,50.27377410728927
VRNS,2020-06-02,29.10333251953125,52.34599441550139,86.38791079881611,71.08315315283255,56.50942631784785,49.94952627733026
VRNS,2020-06-03,28.733333587646484,50.04747726188391,84.25067277489164,71.10538779537585,56.52358269247992,49.868790779116416
VRNS,2020-06-04,28.046667098999023,51.01481422165936,84.16646106984072,71.21128514653952,56.60499799656986,49.90587505615775
VRNS,2020-06-05,28.07666778564453,50.98626518777305,83.60003439199569,71.02063762414765,56.60381764927691,49.87957446961318
VRNS,2020-06-08,29.386667251586918,52.064799946957976,82.98505149992675,71.08690503805751,56.84134543569552,50.06549097834545
VRNS,2020-06-09,28.190000534057617,53.0895476582822,83.46197758871249,71.39189005890066,57.05854808505705,50.24661885240519
VRNS,2020-06-10,28.656667709350582,50.924001051502266,71.80097008426691,71.44110102812037,57.08471949916098,50.26334927651573
VRNS,2020-06-11,27.68666648864746,49.10388189309891,71.64158838336685,71.5657132970678,57.16937543703733,50.355346038701285
VRNS,2020-06-12,28.413333892822266,47.84292401306068,67.28754301763593,71.68280606997897,57.22630526171093,50.41473102164405
VRNS,2020-06-15,28.82666778564453,45.61714469933538,65.84223467477337,71.71872729579208,57.22624646432259,50.42883666354425
VRNS,2020-06-16,29.523332595825195,45.7566126963944,65.00437341625427,71.81532601556286,57.08488519189709,50.47721953114532
VRNS,2020-06-17,29.37666702270508,36.28716374936736,64.70419157310033,71.81737488668826,57.09116663454993,50.46902020327087
VRNS,2020-06-18,29.17333221435547,36.0720924780268,62.51457884227516,71.76999276051103,57.063584881753584,50.46902560775346
VRNS,2020-06-19,29.166667938232425,36.1222213365275,61.86825035183902,71.6837277970509,57.0625940076091,50.46837121317047
VRNS,2020-06-22,29.286666870117188,34.94039136522812,59.48844126703373,71.64415282190669,56.98770209129722,50.46888421907237
VRNS,2020-06-23,29.88999938964844,35.202695127971324,58.18806045210954,71.68656466770572,57.02297927614776,50.50170831206045
VRNS,2020-06-24,29.440000534057617,34.987529811001245,58.327334597225736,71.68245321799745,57.05372217191468,50.5005000311322
VRNS,2020-06-25,29.643333435058597,32.08172834656886,58.07109668413744,71.67037722314218,57.05647736144276,50.40658807667451
VRNS,2020-06-26,29.12666702270508,31.55753621081757,56.1423468754922,71.49649218099043,57.01707995649391,50.35652352714697
VRNS,2020-06-29,29.32333374023437,31.16285215761276,55.47579185805058,71.48265705584271,57.01007439273208,50.28173024917135
VRNS,2020-06-30,29.49333381652832,30.970140356672843,52.33935556092143,71.3761288722949,57.01126266892636,50.28198944663831
VRNS,2020-07-01,31.413333892822266,35.190321131534745,51.84015785790261,72.05603992227903,57.46913751676957,50.646082922627976
VRNS,2020-07-02,32.86000061035156,36.31012194296515,51.72300894565891,72.30178630016907,57.69191290711586,50.80586696465923
VRNS,2020-07-06,33.116668701171875,36.26395526138638,46.88863062406109,72.07903149635972,57.69519980377602,50.808021170642526
VRNS,2020-07-07,33.56666564941406,35.97263992397484,46.895047839427946,72.02968188952791,57.70870441800216,50.81294770762243
VRNS,2020-07-08,34.413333892822266,35.66385526900342,46.97544924778261,72.09226195016542,57.67018739668026,50.85689600406072
VRNS,2020-07-09,34.31999969482422,35.743287516042855,46.9339869839681,72.09451314260035,57.66819753721383,50.84137200445497
VRNS,2020-07-10,34.10333251953125,35.95615163455727,46.435249658628905,72.09226095862161,57.564712838807466,50.83756230195837
VRNS,2020-07-13,33.34000015258789,36.93904957926705,46.20978670983425,72.19005962915381,57.63742555415503,50.83526296709764
VRNS,2020-07-14,34.776668548583984,38.375210913212015,45.92036288623552,72.47702745511869,57.78573980278933,50.990102935015045
VRNS,2020-07-15,34.7599983215332,38.197722771548726,45.51397083966136,72.3477327271164,57.7854080105214,50.985138823473655
VRNS,2020-07-16,34.4900016784668,38.01197579674789,44.2011178175222,72.18542380269861,57.79868571889507,50.974240340767686
VRNS,2020-07-17,35.19333267211914,37.10572323482265,44.24455325999203,72.00840997969102,55.80326369028293,51.00112705606633
VRNS,2020-07-20,36.52999877929688,38.02730735222606,44.59464260082146,72.12598976757167,55.83002696720234,51.122930024387735
VRNS,2020-07-21,35.619998931884766,37.60493757517097,45.1379780423172,72.0868950556089,55.76866573412802,51.18648407784582
VRNS,2020-07-22,35.383331298828125,35.005327344867,44.58333945805372,72.09400253907573,55.77460298826031,51.19309436201562
VRNS,2020-07-23,34.880001068115234,35.46163260398242,43.567616813033766,71.72253511851395,55.807959086962974,51.17882323930133
VRNS,2020-07-24,33.88666534423828,34.93742877397582,42.25523742772807,71.16968418913947,55.92737884231471,51.26831525748803
VRNS,2020-07-27,34.20333480834961,34.474010583323675,41.36848486261047,71.11921823258143,55.9292583121832,51.2640175201636
VRNS,2020-07-28,34.880001068115234,34.61320712759049,40.24224269446905,71.13604703941681,55.94975597773787,51.22144710805308
VRNS,2020-07-29,35.71666717529297,34.60549361516897,40.35778104280118,70.69196449366586,55.96267777351173,51.20532916185935
VRNS,2020-07-30,35.709999084472656,34.49685815041501,35.103144327505426,69.06252437614137,55.96333490740023,51.20075545936018
VRNS,2020-07-31,36.11666870117188,34.28344028104286,34.88970114396569,68.88675141517585,55.96247451522592,51.20339720416914
VRNS,2020-08-03,35.366668701171875,35.18578036340156,35.35430866078965,68.5695764058601,56.02635372588502,51.203895667133736
VRNS,2020-08-04,38.80666732788086,43.16729859103536,39.05336378930356,69.21203294395944,57.04583712744365,51.86132151953652
VRNS,2020-08-05,39.71333312988281,43.23426910706873,39.18197800535213,69.22437707654412,57.09765932143975,51.88872232652788
VRNS,2020-08-06,40.37333297729492,42.63573333629945,38.821823230905615,60.83642244543243,57.119696964794784,51.9081898430849
VRNS,2020-08-07,39.393333435058594,43.82742867636543,38.10354367772836,60.5970490313508,57.208552988062046,51.905771253347645
VRNS,2020-08-10,38.51666641235352,44.113828400831245,38.123257520173226,57.65238011262333,57.28457530762575,51.96337693228924
VRNS,2020-08-11,37.560001373291016,45.22974097174607,38.57565937814794,56.87023847096232,57.37668443678125,52.0340739470373
VRNS,2020-08-12,38.68000030517578,45.63317481057666,38.79841302472035,56.35752489939896,57.45924651203843,52.08510226310167
VRNS,2020-08-13,39.40999984741211,42.79161012272834,38.84392265440876,56.13149951643547,57.48954619483422,52.00026378503673
VRNS,2020-08-14,39.026668548583984,41.55200322103672,38.7170411626616,54.657627190164405,57.50364854765648,51.98562118612436
VRNS,2020-08-17,39.38999938964844,41.56059859119794,38.70551373627216,54.22340077984212,57.50911623604871,51.98008771713653
VRNS,2020-08-18,39.31666564941406,41.551279789760784,38.57214200483713,52.66916351801769,57.51113984308386,51.97672121543532
VRNS,2020-08-19,39.619998931884766,41.1416729978221,38.228527895526746,51.70577493130372,57.490425628687824,51.9669433431288
VRNS,2020-08-20,39.723331451416016,41.08724026641359,38.223380504470605,51.69726825670963,57.47980968569782,51.94233935953381
VRNS,2020-08-21,39.380001068115234,41.148466055811824,38.34135083443448,51.568160964318544,57.492131278990975,51.95337347812525
VRNS,2020-08-24,39.37666702270508,40.35341905198312,38.35480628963842,50.12894718080143,57.49282622513823,51.93699956222066
VRNS,2020-08-25,39.880001068115234,38.90577624825357,38.34782474044991,49.685598265054864,57.500336729180034,51.94593039783825
VRNS,2020-08-26,41.18999862670898,39.68977741912416,38.61996528607759,47.76901821403968,57.60062618535534,51.92838576640404
VRNS,2020-08-27,40.91999816894531,39.65536520305244,38.51304044076464,46.68197131912085,57.58735380585749,51.90127150213725
VRNS,2020-08-28,41.75333404541016,39.654516112235065,38.10381873753676,46.31418487291637,57.617879367657146,51.854245441459646
VRNS,2020-08-31,41.176666259765625,38.87969967438242,38.3202082499789,43.19678434672889,57.623879967093295,51.878368767198815
VRNS,2020-09-01,41.913333892822266,38.05930895784846,37.51917002219437,43.22339197646999,57.61460758647182,51.90108050388807
VRNS,2020-09-02,41.133331298828125,38.55269830440647,36.56567672079607,43.3934621483807,57.659619199512925,51.94056509349417
VRNS,2020-09-03,39.186668395996094,41.22063093731352,38.18173959278868,44.19431796547748,57.97632173832136,52.17197706013344
VRNS,2020-09-04,37.900001525878906,41.550324082611695,38.135755456432406,44.30974162137403,58.1306177688472,52.23115019665671
VRNS,2020-09-08,36.80666732788086,42.59191651279592,38.53266402566962,44.30067040839724,58.249623012583385,52.181875345922165
VRNS,2020-09-09,37.60333251953125,42.65891686307566,38.63727641822025,43.797639093143104,58.29413571440426,52.128553800824186
VRNS,2020-09-10,37.25,42.30787726618739,38.52412332408886,43.54299541137567,58.30895433392802,52.08092007255127
VRNS,2020-09-11,35.973331451416016,43.59585625374372,39.29698402666932,43.21787057651992,58.47178479965728,52.12377836815965
VRNS,2020-09-14,37.13666534423828,44.445335012191336,39.66364446851364,43.39272320891461,58.577196465510994,52.20429796320975
VRNS,2020-09-15,37.48666763305664,44.01362190586275,39.66854354783372,43.38492669342413,58.58348004329537,52.200154180223336
VRNS,2020-09-16,37.633331298828125,34.59641467791221,39.6685815708186,43.37502988017635,58.54883085144446,52.19803597062606
VRNS,2020-09-17,36.99333190917969,34.12152780646596,39.75930546128637,43.05620944517244,58.59163607206222,52.23394053476058
VRNS,2020-09-18,37.20000076293945,33.74223740156212,39.56888923124022,42.36176992282732,58.59250069762663,52.23463756802544
VRNS,2020-09-21,37.3466682434082,33.14481477893915,39.5640066282956,41.08063939876513,58.5915826817982,52.2244598614661
VRNS,2020-09-22,38.59999847412109,34.02170653448192,39.751499477772505,40.82132442220462,58.6953205261341,52.31393381049803
VRNS,2020-09-23,37.52999877929688,34.222647329190934,40.31259762799601,40.51751691756319,58.80227003515026,52.34056227102376
VRNS,2020-09-24,37.13666534423828,33.18149959579709,40.42229741882251,40.59735268278487,58.8177236767394,52.34582863957924
VRNS,2020-09-25,37.89666748046875,33.26648474213425,38.65671098722581,37.46477106964527,58.85262944011498,52.35976837775432
VRNS,2020-09-28,38.37666702270508,33.402800963590664,37.715265025843,37.3866618734669,58.86497372045667,52.20965933905172
VRNS,2020-09-29,38.52999877929688,33.302737935471974,37.70096167560698,37.378369227963816,58.75037561142332,52.20975668801919
VRNS,2020-09-30,38.473331451416016,33.30177899020642,37.63962775898791,37.0250711356376,58.5629985665845,52.18028154559005
VRNS,2020-10-01,40.0533332824707,35.29375027819383,38.161171867554735,37.45932526544747,58.74106009518325,52.31357422673586
VRNS,2020-10-02,38.956668853759766,36.211533593769296,38.65028318181969,37.62752273544145,58.84404035672621,52.34691587615651
VRNS,2020-10-05,39.893333435058594,36.802103790739984,38.860884969001305,37.04675474550576,58.83485729588524,52.3856842122109
VRNS,2020-10-06,39.81666564941406,36.808205070483965,38.51634778703696,36.68620171146299,58.83193966968504,52.38215411541155
VRNS,2020-10-07,41.06333160400391,37.70013589475572,38.090189402707736,36.81063283637992,58.92991029856953,52.45749218346787
VRNS,2020-10-08,40.95333480834961,36.51756317851845,38.100888486006895,36.780025134899525,58.932293800106464,52.39682553794284
VRNS,2020-10-09,41.720001220703125,36.86024060943298,38.17236662294501,36.83679160895847,58.96046331098708,52.414557540900965
VRNS,2020-10-12,42.15666580200195,36.51845825988251,38.03859361896461,36.63489906716519,58.92189153958978,52.419987064812325
VRNS,2020-10-13,43.18333435058594,36.88916344825092,37.62425021389922,36.75839044712983,58.929995732344565,52.46318270768416
VRNS,2020-10-14,42.73333358764648,36.721839525019945,37.27494152231027,36.708527106611065,58.91359486397991,52.47981639461343
VRNS,2020-10-15,42.95333480834961,36.27365592628534,37.22218466939909,36.46335607360797,58.900871917087215,52.480084347197696
VRNS,2020-10-16,42.526668548583984,33.260132878852346,37.14522380739218,36.53199392705668,58.87931543765603,52.49441114310338
VRNS,2020-10-19,41.74333190917969,32.12124588001422,36.822477641248405,36.709829333251406,58.92229539156252,52.459943751207184
VRNS,2020-10-20,41.35333251953125,30.865849099185866,36.895287725981554,36.76359306358247,58.79831138692361,52.46950503280608
VRNS,2020-10-21,40.676666259765625,30.950369009991118,36.95027075201214,36.87124808979648,58.81890430340388,52.41624566295165
VRNS,2020-10-22,40.78333282470703,30.738683463947307,36.68672241741256,36.77139751465628,58.75383008732331,52.4113218439681
VRNS,2020-10-23,41.42333221435547,28.74713380227554,36.78473588511992,36.729588424559104,58.76602575448096,52.39479993104901
VRNS,2020-10-26,40.810001373291016,28.099516129687924,36.90797687594093,36.57985761083681,58.735556857133005,52.42309951203501
VRNS,2020-10-27,40.83333206176758,28.04555898433652,36.59677528308956,36.58087131265038,58.57141695952781,52.42323929533648
VRNS,2020-10-28,38.98666763305664,31.44684890414421,32.82511366817008,36.81187986677282,58.79675306828197,51.055370832673
VRNS,2020-10-29,39.2599983215332,30.999225119859865,32.50711976426427,36.1216471692449,58.775927031493126,50.955804257275815
VRNS,2020-10-30,38.52333450317383,31.56165031984112,32.54169324245216,36.23105196709962,58.82477965406273,50.87866752653153
VRNS,2020-11-02,38.810001373291016,31.60425641130653,32.201344983052884,35.737308168776266,58.82081258586081,50.87881232562794
VRNS,2020-11-03,40.06666564941406,31.506231402681216,32.52255840909687,35.845295277439,58.93133571157318,50.965999630466726
VRNS,2020-11-04,41.810001373291016,32.43217787416895,33.18289211981211,36.34037916622112,59.12347653315585,51.12601795295407
VRNS,2020-11-05,42.0533332824707,32.157912725506215,32.6935754789795,36.19811554814124,59.03467972095376,51.12376185075578
VRNS,2020-11-06,42.220001220703125,31.79309803819765,32.4993441582771,36.17237775365195,58.91178613041931,51.10928228680793
VRNS,2020-11-09,40.61000061035156,33.95478806578604,33.450596086580056,36.76040888133832,58.95328764620391,51.23891611420836
VRNS,2020-11-10,38.99333190917969,36.10822478336017,34.450171413788446,37.41283531014823,59.109987655461126,51.41615748983936
VRNS,2020-11-11,39.69333267211914,36.45155717147499,34.643841314977394,37.487045080570006,59.02446748479656,51.43149045930964
VRNS,2020-11-12,39.06333160400391,34.80249032880203,34.76388855891139,37.50340606767634,59.05652282300877,51.4602158027803
VRNS,2020-11-13,39.73333358764648,34.20609933931498,34.93899640051274,37.46147045195465,58.79353848494281,51.480008261118
VRNS,2020-11-16,38.883331298828125,34.07144844289202,35.176324848624475,37.659048103068486,58.37520582211594,51.53329858765342
VRNS,2020-11-17,39.66666793823242,34.59733002598681,35.41809946793803,37.61540031791465,58.37248625461685,51.56460283366351
VRNS,2020-11-18,39.606666564941406,33.32930973586045,35.32214090324266,37.61785206065912,58.351470587934905,51.56353520632173
VRNS,2020-11-19,40.676666259765625,34.287202743390324,35.118501442341454,37.802571862639375,58.08005297885113,51.62294308422842
VRNS,2020-11-20,40.6533317565918,33.82215210666395,35.093551931824955,36.56747311264645,57.008135365341786,51.62329798997002
VRNS,2020-11-23,39.99666595458984,33.933632536816255,34.98913435208492,36.04749325913665,56.92023741118321,51.64833820233458
VRNS,2020-11-24,39.06999969482422,33.58450981074164,35.196587734245384,36.25939379296575,56.73086103489076,51.70718714893957
VRNS,2020-11-25,39.78333282470703,34.07393379888195,35.20481351886023,36.30492281211507,56.26298433582527,51.729658653854415
VRNS,2020-11-27,40.34333419799805,34.33887225141243,35.13289968818423,36.168227148830354,56.23804628761303,51.74404066689028
VRNS,2020-11-30,40.21333312988281,34.259662261465216,33.677321947624115,36.16986902016123,50.75879642036999,51.74641875960866
VRNS,2020-12-01,40.04666519165039,33.900769412658256,32.94856563598083,36.15937583616476,50.42032189135335,51.73221410081609
VRNS,2020-12-02,39.383331298828125,34.11648493352136,32.55498995515651,36.0702572865127,48.51958645359177,51.75797946249082
VRNS,2020-12-03,41.01666641235352,35.923131950811246,33.29648733058305,36.026662108964665,47.97683564443011,51.90237594395858
VRNS,2020-12-04,42.03666687011719,36.60401439692385,33.549831041400225,36.20786644805861,47.672144055183566,51.95176376304942
VRNS,2020-12-07,42.57666778564453,36.51592235795253,32.722911690708266,36.21479885218425,47.485085046817424,51.9592521845865
VRNS,2020-12-08,44.25,37.76798269149232,33.005297828813795,36.563774365778,46.59005173019427,52.08183296068572
VRNS,2020-12-09,42.27000045776367,40.29888219043629,34.448440135224615,36.91622486128853,46.65341315468324,52.28550340301852
VRNS,2020-12-10,44.00666809082031,39.23942140120956,35.32886381017549,37.1741450999839,45.80170268439791,52.4205496228843
VRNS,2020-12-11,45.040000915527344,39.62519136751781,35.33300264203664,37.29685047696079,45.28423989397245,52.44163513585028
VRNS,2020-12-14,46.856666564941406,40.22943686897392,36.10455418588867,37.65997998560806,45.47453163035895,52.54349788068411
VRNS,2020-12-15,47.59333419799805,40.31496758070162,36.18482514296127,37.36348901738691,45.39311760109356,52.55031070292322
VRNS,2020-12-16,48.50666809082031,39.7890689231216,35.81801478010703,37.43424673661357,44.56055532268756,52.57621655334095
VRNS,2020-12-17,49.34000015258789,38.43389212401122,35.29072102029006,37.40845438141688,44.32864932483424,52.59615584390278
VRNS,2020-12-18,53.723331451416016,44.82657342944948,38.8115058882392,39.46749465523587,44.13034861974002,53.23929571825919
VRNS,2020-12-21,55.77000045776367,45.594560695660086,39.2338779284673,39.81327679743309,43.56309289707473,53.35044862536855
VRNS,2020-12-22,58.57666778564453,44.63985906258298,40.18043619365827,40.42602062738374,43.64010728707812,53.54833540863783
VRNS,2020-12-23,56.75666809082031,43.77690870108804,40.94928924804015,40.63236142084615,41.939388970073374,53.66130547165099
VRNS,2020-12-24,56.6966667175293,43.92002730352672,40.945953109210805,38.1059664462524,41.93979361115355,53.66188829992805
VRNS,2020-12-28,56.33333206176758,43.47742211121188,40.41495686343181,38.0133719058939,41.95409345750301,53.66963882120961
VRNS,2020-12-29,54.83333206176758,44.90152145186837,40.38790785719669,38.26090692588091,42.07994332365615,53.72338075724266
VRNS,2020-12-30,54.93333435058594,43.93694406164403,40.2187541973968,38.00421603243485,41.8966158559705,53.722896796007326
VRNS,2020-12-31,54.53666687011719,44.18984652655587,40.27453087316819,37.8169577378791,41.71531289618456,53.73244661757609
VRNS,2021-01-04,53.8033332824707,44.611954084012666,40.09662256653601,37.637675122096894,41.432168711881125,53.75711433951987
VRNS,2021-01-05,54.46333312988281,44.34477084603391,40.09864052363819,37.43624025759706,41.249320980232696,53.75781352601203
VRNS,2021-01-06,54.66666793823242,44.275411483399694,39.99575401968577,37.35610135598576,40.78480684396318,53.75708904754908
VRNS,2021-01-07,57.06333160400391,44.55940936127272,40.74811770956383,37.82098492395853,41.00958916413212,53.902554637342426
VRNS,2021-01-08,57.8033332824707,43.28525305491077,40.589408417503215,37.83865511839401,41.01212324358583,53.90866495594101
VRNS,2021-01-11,58.24666595458984,43.285576043057326,40.46667941689472,37.83229704403946,41.00641858679798,53.91023367864685
VRNS,2021-01-12,59.34333419799805,43.31868849838728,40.56101662797288,37.90000682008503,40.76601518704111,53.849834096157714
VRNS,2021-01-13,58.00333404541016,44.3132307141542,40.85361785090863,38.13901152271224,40.49683837353372,53.77360631707548
VRNS,2021-01-14,57.76333236694336,44.31300933952629,40.60119925763011,38.1080652921544,39.77961071253488,53.77794935339978
VRNS,2021-01-15,57.61000061035156,43.699416573940105,40.51977148454903,38.11698428027241,39.50360700365954,53.77925346602227
VRNS,2021-01-19,60.08666610717773,43.78231720620621,40.93652829033286,38.57438059898337,39.368091806896,53.865700814775984
VRNS,2021-01-20,60.92333221435547,43.64043780305795,40.95556344096104,38.34099704355972,39.37903489601308,53.871570261600056
VRNS,2021-01-21,60.0966682434082,44.286945261931685,41.12262087086559,38.40678549434369,37.66316709087656,53.89556277516833
VRNS,2021-01-22,61.34000015258789,43.6322933887551,40.98576533169197,38.410250289782525,37.64914208181085,53.92387903553947
VRNS,2021-01-25,60.32666778564453,41.08821223775471,41.24870585288068,38.44507550293879,37.7346435087965,53.95566561318229
VRNS,2021-01-26,58.74666595458984,41.6329580616832,40.358607764405086,38.67890832258982,37.72498440337998,53.99773314109573
VRNS,2021-01-27,58.36000061035156,41.6845619355192,40.45240146332223,38.54936910352617,37.748906654719406,53.97071729009944
VRNS,2021-01-28,59.8849983215332,40.98338385613304,40.2842107205682,37.79586802162262,37.72528226113824,53.98928238503557
VRNS,2021-01-29,58.92333221435547,41.51527203761963,40.57206029426765,37.457167848862426,37.42348407642355,54.013969344083456
VRNS,2021-02-01,60.61000061035156,41.82930099085255,40.48328748856012,37.25245896460636,37.31806193598052,54.03998167324711
VRNS,2021-02-02,62.936668395996094,42.66048953305694,40.310141630035375,37.5232947325956,37.46028078042611,54.145016029300095
VRNS,2021-02-03,60.643333435058594,37.93719372589975,41.30376752857324,38.05080167546365,37.76534542643544,54.192440928760256
VRNS,2021-02-04,62.16999816894531,37.145795413534735,41.47924696532,37.64187852607188,37.83522241749972,54.21875811278512
VRNS,2021-02-05,63.2599983215332,34.836970636028234,40.44274970403875,37.453794916701625,37.75040249536524,54.19246847230399
VRNS,2021-02-08,61.060001373291016,35.179278133999794,40.1910961739253,38.00092387690082,38.04862741504214,54.32194348854751
VRNS,2021-02-09,67.21333312988281,44.38664245591268,44.05967719684056,40.66086140842608,39.48763893654,55.07319650687334
VRNS,2021-02-10,66.23999786376953,44.64215122227342,44.0267033021417,40.62602609091447,39.43434679973637,54.96686116948181
VRNS,2021-02-11,68.52999877929688,44.29461687111001,44.29856189291046,40.87119099463025,39.58248025792617,55.0214585587027
VRNS,2021-02-12,71.5,45.39725446960833,44.3468342711312,41.27381681410788,39.828679467721415,55.14699715309435
VRNS,2021-02-16,72.06666564941406,45.14397431652426,44.30191405655636,41.05512059562231,39.82782026105278,55.14878824583208
VRNS,2021-02-17,66.94000244140625,50.813779862432185,47.46453990845225,42.638168882495,40.89738815299892,55.67650577853842
VRNS,2021-02-18,68.29666900634766,50.93096536731844,47.377432490629936,42.61669248589695,40.8951603852745,55.70110244551446
VRNS,2021-02-19,69.89666748046875,51.11539996746547,47.42996912250624,42.64369308318518,40.89939653401505,55.7282121604848
VRNS,2021-02-22,66.39666748046875,52.8261632561234,48.756401566077,43.59491982446303,41.29646958107894,55.92094551438954
VRNS,2021-02-23,66.9566650390625,52.78432886530342,48.30146847027545,43.59669466589525,41.29628446354718,55.82316564758867
VRNS,2021-02-24,66.36333465576172,52.92722289462204,48.40059774674451,43.64297505231071,41.04143453791362,55.70818534970148
VRNS,2021-02-25,61.47999954223633,57.65741208930151,51.418295402928415,45.1785521349936,41.793041000507245,56.22814564766897
VRNS,2021-02-26,61.18000030517578,57.24087168860573,51.43359055325097,44.91068902485078,41.78233711448653,56.14151421763999
VRNS,2021-03-01,62.33333206176758,57.41754148853657,51.43505863917797,44.86246403489388,41.562708520637806,56.15854633013934
VRNS,2021-03-02,60.71333312988281,58.01065356204224,51.6649523100301,45.11752953345325,41.643605205770776,56.02988751950727
VRNS,2021-03-03,56.93333435058594,59.74873630601157,53.21700543415941,46.20287737834943,42.40628873905538,56.06225517726253
VRNS,2021-03-04,53.7599983215332,61.66205561307825,54.59148312530334,47.18665972186067,42.95000200228425,56.35837109570198
VRNS,2021-03-05,53.606666564941406,61.59700580021409,54.57945200674339,47.12621608344455,42.94495169464616,56.342981488203215
VRNS,2021-03-08,51.94333267211914,61.65897106055999,54.56525322204069,47.41639116591503,43.12587927155555,56.19154601433929
VRNS,2021-03-09,56.380001068115234,66.54532748002666,55.98226390770626,48.96492736999838,44.11879086196274,55.956295986354434
VRNS,2021-03-10,56.3466682434082,66.14623682394686,55.5009207606187,48.92252177594417,44.12162564300108,55.86339724685624
VRNS,2021-03-11,59.66666793823242,68.26395580908405,56.43165704727486,49.680414428115895,44.53232042359083,55.91657362334191
VRNS,2021-03-12,58.50333404541016,68.08581097973797,56.174059094169095,49.77022584469793,44.56268644475771,55.600363624825775
VRNS,2021-03-15,58.52000045776367,67.92902497265077,56.12315096750034,49.65000817027443,44.56313031525085,55.57507492913258
VRNS,2021-03-16,56.720001220703125,67.95103815959517,56.4716957883802,49.91354907114485,44.684444166865575,51.78155333382913
VRNS,2021-03-17,56.15999984741211,66.91597296028777,56.44776782565303,49.858508248963,44.711992659687645,51.55955175385309
VRNS,2021-03-18,53.29999923706055,67.71082398655662,54.82260400408981,50.630858932536114,45.19723889463129,50.51736550209947
VRNS,2021-03-19,52.98500061035156,67.14405215121111,54.27234506241665,50.606507122122544,44.64641132900385,50.023690812073575
VRNS,2021-03-22,55.130001068115234,68.10391600416513,53.9354565419948,50.87083105650251,44.579927667159616,49.90399048945199
VRNS,2021-03-23,54.65999984741211,67.49029525119781,53.58378866075331,50.90261635861215,44.59654213797341,49.78480541417185
VRNS,2021-03-24,51.880001068115234,61.902554779430034,54.6163873133867,51.05668994990814,45.04950680709716,49.37421124979451
VRNS,2021-03-25,52.27999877929688,62.05262660311927,54.63831712518162,51.0582376752474,44.97446755814123,49.1605926210531
VRNS,2021-03-26,53.36000061035156,61.37906267875598,54.54846710636525,51.01288987744861,45.02141599161373,48.47332780984156
VRNS,2021-03-29,49.790000915527344,61.88434493671407,56.33696012222202,52.289521258020464,45.80288754174549,48.63928785067951
VRNS,2021-03-30,49.08000183105469,61.5961672831066,56.38606743974041,52.14322054242597,45.750400281632416,48.66968242490991
VRNS,2021-03-31,51.34000015258789,60.995905523345165,57.1355524699603,52.1926908442276,45.78647625782676,48.786458934664616
VRNS,2021-04-01,53.220001220703125,61.81924020235336,57.57213130579806,52.46673913852722,45.95957737254206,48.3385307357534
VRNS,2021-04-05,53.47999954223633,61.23477171457903,57.57610950693329,52.46765435988178,45.94457774222611,48.18075058406592
VRNS,2021-04-06,54.84000015258789,60.63702250256894,57.11853218552802,52.16976891550783,45.97504979253546,47.459921424676814
VRNS,2021-04-07,53.40999984741211,60.73957918241504,57.28812967689127,51.91555114754974,45.91375476777204,47.05501182864445
VRNS,2021-04-08,53.5099983215332,60.79872823538589,57.26179215730088,51.86271132039625,45.79842260090808,46.925699695646
VRNS,2021-04-09,53.7599983215332,57.20848902536408,57.12399651952336,51.77381678361721,45.78694788904829,45.60290535334629
VRNS,2021-04-12,53.900001525878906,57.24492371374608,56.95856482303231,51.72646962643287,45.74407044105027,45.59553724487159
VRNS,2021-04-13,55.68999862670898,57.87161211678784,57.37606217620136,51.7852636100648,45.73080857884709,45.68315640951461
VRNS,2021-04-14,55.75,57.48640268869516,57.3754714046447,51.72017702342858,45.72459932980883,45.6452934820469
VRNS,2021-04-15,56.58000183105469,54.64014306234021,56.778447390274856,51.7454049109369,45.70313459501144,45.54682878898065
VRNS,2021-04-16,55.220001220703125,52.43280954980259,56.891170788326086,51.79925861681022,45.745540283980375,45.509984801965366
VRNS,2021-04-19,54.0,52.85629644743387,56.99722654801981,51.95311924371904,45.83832849957739,45.34640370672576
VRNS,2021-04-20,52.650001525878906,52.56216116549041,57.00599547344585,52.05744122958125,45.94166373948896,45.30293399893379
VRNS,2021-04-21,53.59999847412109,46.90366565073379,57.08023974373959,51.94143884951852,45.89694368919717,45.04266692122772
VRNS,2021-04-22,54.27000045776367,47.08136520072838,56.922209036596826,51.90773525600033,44.63326099993179,45.03576857091496
VRNS,2021-04-23,54.9900016784668,43.9513763559145,56.98814391546011,51.90363314021689,44.58224958849559,45.04342746998562
VRNS,2021-04-26,57.18999862670898,45.27202298349444,57.32331661025365,52.208606318310366,44.76848834736517,45.176076336958594
VRNS,2021-04-27,56.060001373291016,45.61038668170639,57.371787915996194,52.327878496054616,44.73332562879384,45.0484377423727
VRNS,2021-04-28,55.41999816894531,44.84120827792634,57.08934972905342,52.2834622977534,44.66741482803581,44.82993837780439
VRNS,2021-04-29,54.4900016784668,45.01092803574948,56.58392569708472,52.03830010405366,44.607516980543856,44.38162117891634
VRNS,2021-04-30,52.95000076293945,43.156911434253566,56.3886447031799,52.15864047829797,44.63588626023521,44.33090405980119
VRNS,2021-05-03,51.66999816894531,43.70123006756367,56.28136509980715,52.303360688667055,44.69727026789564,44.2019870950317
VRNS,2021-05-04,50.61000061035156,42.31915784712862,56.23139402833617,52.093178140731176,44.75493763065643,44.268247143037485
VRNS,2021-05-05,48.72999954223633,43.49779095491657,56.29276463900148,51.92565900425797,44.98567521008688,43.28840939660111
VRNS,2021-05-06,47.150001525878906,41.96929303972556,52.61430347019234,51.83241526534444,45.16543244763518,43.409872028439686
VRNS,2021-05-07,47.68999862670898,42.06634613419328,52.70053323731958,51.73555429096935,45.17525966689864,43.412704384992686
VRNS,2021-05-10,45.400001525878906,43.50330078778402,52.79766633396312,51.95176021477311,45.56416028242467,43.583029015754754
VRNS,2021-05-11,47.209999084472656,40.93960726240435,52.669057887506256,52.26787579110492,45.775222515115125,43.73597949059797
VRNS,2021-05-12,45.209999084472656,42.539556828862025,53.09698266259824,52.62305513117624,46.074181903237424,43.92350368163386
VRNS,2021-05-13,44.16999816894531,40.42976091192482,51.39600672772434,52.66620264537739,46.1395714762295,43.78934618667481
VRNS,2021-05-14,45.56999969482422,40.0320804109117,51.69572272595055,51.09149306528305,46.128940382056,43.73784423702134
VRNS,2021-05-17,44.59999847412109,40.18693115909244,51.40196063477548,50.80080572955799,46.1953042875449,43.75671871874842
VRNS,2021-05-18,45.0,39.36161532274522,50.68365892164376,50.16375710689136,46.147025045433786,43.73707191595003
VRNS,2021-05-19,45.63999938964844,39.34068837500199,50.7689353286776,50.017210227371386,46.14371867320162,43.75256246468325
VRNS,2021-05-20,47.2400016784668,40.953093896139656,51.45027519363826,50.354085911191135,46.273527949713625,43.785358668454585
VRNS,2021-05-21,47.130001068115234,40.87236505695909,49.29292546812925,50.34874978597431,46.21708356879605,43.787786449632456
VRNS,2021-05-24,47.41999816894531,40.93763947250358,49.34028484463013,50.2010254421098,45.84824370276975,43.73403163832151
VRNS,2021-05-25,47.59000015258789,39.49959258399491,49.13730359952821,50.20471626503053,45.66553170594281,43.63842882613565
VRNS,2021-05-26,49.02000045776367,40.74188550959196,49.41214068988464,50.43643585096699,45.64262610444175,43.72462101450163
VRNS,2021-05-27,49.150001525878906,40.39884723824348,47.77616304552391,50.39999578939857,45.58186205742955,43.722476889175496
VRNS,2021-05-28,48.29999923706055,40.15657849846227,46.50045426109534,50.42354708656433,45.61870490651042,43.76191963324486
VRNS,2021-06-01,47.959999084472656,39.80814485495901,46.51259004037263,50.4258020308865,45.425282442766296,43.75657368450012
VRNS,2021-06-02,48.0,39.306974611000776,46.10203673332609,49.92656356780456,45.28271922295667,43.71763960985261
VRNS,2021-06-03,46.630001068115234,39.47995768321794,43.04722343956377,50.05646456513415,45.414912426055935,43.80229203895412
VRNS,2021-06-04,47.81999969482422,40.12826511347168,43.43581846696827,50.22120911397548,45.50249679202851,43.78515568400474
VRNS,2021-06-07,49.86000061035156,42.0169399482733,42.63133802344108,50.59566582591596,45.69928162861868,43.96422252794388
VRNS,2021-06-08,51.0099983215332,40.82632282375653,42.80955167525206,50.629974293264524,45.76548593482447,43.79745771279018
VRNS,2021-06-09,49.81999969482422,40.96516159733214,43.0277269267639,50.75205324524924,45.8629142291885,43.65382520171923
VRNS,2021-06-10,51.41999816894531,42.16157567409577,43.17367737936927,51.02262338098045,45.84973376613126,43.72966466078895
VRNS,2021-06-11,52.93000030517578,42.887256141733374,43.5877773487161,50.78118072014591,45.82632372329897,43.65405374910134
VRNS,2021-06-14,53.90999984741211,42.41049158823662,42.42625134471981,50.82041347623433,45.84330765795768,43.62000535853372
VRNS,2021-06-15,53.9900016784668,41.739105839511424,42.407793006298725,50.78291033668598,45.79223879350128,43.60375526940919
VRNS,2021-06-16,55.400001525878906,41.76689730240574,41.94968468187448,50.84712698951932,45.86187750124589,43.61352994167815
VRNS,2021-06-17,58.11000061035156,41.85775974323608,43.028063734188514,51.36836309349718,46.17937439980496,43.841014638101335
VRNS,2021-06-18,56.81999969482422,41.11471980760524,41.87290285860314,51.31940799256783,46.27000234889989,43.90265544621695
VRNS,2021-06-21,56.72999954223633,41.14489732023128,41.85769349202598,51.309982964697866,46.04953186546592,43.90375672566499
VRNS,2021-06-22,57.68000030517578,37.78505751567737,41.7902476245547,51.21175092010844,45.94585841023448,43.92574070710931
VRNS,2021-06-23,58.29999923706055,36.6318446511864,39.15465578842508,51.17823242720573,45.88543208512412,43.897194936111774
VRNS,2021-06-24,58.59000015258789,33.39887775998086,38.996422448909726,50.98332436796967,45.88414819922055,43.861289843578085
VRNS,2021-06-25,58.18999862670898,32.35822718327598,38.04374841832259,50.62709043530836,45.76898852503554,43.86973755901243
VRNS,2021-06-28,59.40999984741211,31.87845614677022,37.59014818521322,50.402842674879935,45.81963976690736,43.859476243406654
VRNS,2021-06-29,60.150001525878906,30.560123923967648,37.64749699742987,50.2836145559184,45.79421028089366,43.86815851192155
VRNS,2021-06-30,57.619998931884766,34.19916904311902,38.43647724320013,50.65386477069532,46.09134531739817,44.10572970205826
VRNS,2021-07-01,57.81999969482422,34.179371836120545,38.01733573189367,50.35564487709625,46.01525650637882,43.68684669454896
VRNS,2021-07-02,58.84999847412109,33.38198846392725,38.16443619067167,48.012795884981934,46.0315307824747,43.504243377826135
VRNS,2021-07-06,60.5099983215332,33.765527949737965,38.53735748387621,48.18629620414249,46.132941924424095,43.57560829291156
VRNS,2021-07-07,59.5099983215332,34.532183592962745,38.72570194703494,47.92284001824584,46.16394130269102,43.60281166784716
VRNS,2021-07-08,59.34000015258789,34.64710067926993,38.190990951519446,47.40479064139155,46.10327948184135,43.54645351238215
VRNS,2021-07-09,60.11000061035156,34.04785172864134,38.26793012621575,47.43761112349713,46.10148970312982,43.55687149682211
VRNS,2021-07-12,59.29999923706055,34.5403786309878,38.28099842955082,46.05468381551744,46.08616260992999,43.57714163730954
VRNS,2021-07-13,58.720001220703125,34.154577884659844,37.9889192239481,45.94751247090251,46.10769725765599,43.52265155985474
VRNS,2021-07-14,56.95000076293945,35.617943500348595,38.24297376350947,46.00541419668453,46.24024973486276,43.460653336490246
VRNS,2021-07-15,55.959999084472656,36.22992140998959,38.04799662932395,45.39150708589412,46.254593219569,43.50370575614833
VRNS,2021-07-16,56.97999954223633,34.92704032859301,38.051430440941736,45.47214816982384,46.29458353870844,43.522751157312776
VRNS,2021-07-19,57.5,34.49419522887506,38.0148362414462,45.48840897052187,45.946415411992334,43.49030032354619
VRNS,2021-07-20,59.79999923706055,34.27214220543851,38.73995810470072,44.3247379037658,46.15193848960349,43.50658269903905
VRNS,2021-07-21,61.150001525878906,34.25211083219003,38.18586091810244,44.46295637052568,46.14235456291396,43.46814505151817
VRNS,2021-07-22,61.970001220703125,33.12812665360423,38.010102931691634,44.41378259788302,46.15637995114093,43.47342066246384
VRNS,2021-07-23,63.0099983215332,32.449748714737375,38.03144955584506,44.29042403202347,46.05552033549423,43.46535636842211
VRNS,2021-07-26,63.18000030517578,31.7763543404436,37.82340252943207,43.0608274957454,45.80804020618605,43.35206072571012
VRNS,2021-07-27,61.93999862670898,32.39679290355508,37.55483754479181,42.16827963388912,45.880684891884485,43.40379027339695
VRNS,2021-07-28,62.16999816894531,32.38444055028113,37.12842158566677,42.164222501378894,45.880556490934936,43.369520688998186
VRNS,2021-07-29,62.15999984741211,31.784434976460368,36.802870124577936,41.8320042237884,45.62108864442211,43.31686537946472
VRNS,2021-07-30,61.20000076293945,29.38918228804856,36.00995930203153,39.89464615107704,45.384395651871735,43.35264913955131
VRNS,2021-08-02,60.9900016784668,28.53425463732215,35.22245125846435,39.89976711281623,45.35321962779076,43.34637662532404
VRNS,2021-08-03,59.0,30.32617762243057,36.01385656732783,39.219075370105934,45.49652315288552,43.42854083763743
VRNS,2021-08-04,59.150001525878906,29.98158081537022,34.296606560219324,39.095178008301005,45.46283732117989,42.461238332161976
VRNS,2021-08-05,60.02000045776367,30.11434510598108,33.598880946505574,39.16280624866574,45.397469585281016,42.42669675298635
VRNS,2021-08-06,58.18999862670898,31.470029460960266,32.94666721109507,39.1571535290851,45.52012738848618,42.52522576280377
VRNS,2021-08-09,58.36000061035156,31.41871266277121,32.44709363054878,39.12523632024344,45.518154675084894,42.44510722764265
VRNS,2021-08-10,57.31999969482422,31.211049487050825,32.292754917676575,38.32104599355318,45.48627227757453,42.42175776358057
VRNS,2021-08-11,57.5,30.975842295773397,31.858839129485272,38.30798959908842,45.48554321057003,42.3370426121559
VRNS,2021-08-12,59.38999938964844,29.885762501022477,32.363497784380634,38.13566765428518,45.57525710339755,42.35749609961334
VRNS,2021-08-13,60.13999938964844,30.066079162920985,32.34538450613735,38.15178237557101,45.48910199790087,42.33718784726434
VRNS,2021-08-16,58.150001525878906,31.294343732720463,32.66994422901702,37.60364057570297,45.64944383909946,42.46913547513905
VRNS,2021-08-17,57.02000045776367,30.590086013019945,32.99157444523678,37.73235716686313,45.699554267865125,42.51489573201794
VRNS,2021-08-18,56.91999816894531,30.271721986239168,33.00096666254792,37.60348544500074,45.69755068126377,42.51481205115579
VRNS,2021-08-19,56.4900016784668,30.32129474791969,33.07243521144372,35.92257388234588,45.70578009255368,42.51981184901343
VRNS,2021-08-20,57.2599983215332,30.3487664379677,32.678981983129354,35.8866929604588,45.67244596241555,42.53695703199277
VRNS,2021-08-23,59.08000183105469,31.57413455260186,33.20413643155097,35.52771024909698,45.57465689079344,42.62907109971486
VRNS,2021-08-24,60.77000045776367,32.46971392133647,33.31738395967107,35.3565010499922,45.60202392979964,42.711563309472815
VRNS,2021-08-25,61.81999969482422,31.34150766292887,33.348506059715525,35.44123928502501,45.61939374729479,42.72528869001167
VRNS,2021-08-26,62.880001068115234,30.996950887745133,33.44262591868355,35.32659654024026,45.44775438021115,42.64258657303237
VRNS,2021-08-27,66.58000183105469,34.43375513607914,34.40683406834159,36.13599983656679,45.55800166133429,42.99379448192856
VRNS,2021-08-30,69.05999755859375,35.6054972425927,34.75592445178565,36.54539441621555,45.51701935816239,43.0948538964015
VRNS,2021-08-31,69.01000213623047,34.232977427084734,33.97661312761772,36.547478689385606,45.45178618432259,43.06616158454011
VRNS,2021-09-01,69.41000366210938,33.82941224680421,33.783129878444704,36.5511914021092,45.238113588064586,43.03903912806296
VRNS,2021-09-02,71.0199966430664,34.16694573538539,33.43666225283023,36.379047586466456,45.277021928302055,43.03892389391272
VRNS,2021-09-03,73.1500015258789,34.76373337879514,33.3716323250553,36.63198582262373,45.34916572245658,42.82381280106229
VRNS,2021-09-07,73.41000366210938,34.75974924702491,33.02588163816081,36.581205020274574,45.31546784766615,42.67228385152991
VRNS,2021-09-08,71.13999938964844,35.630302335934324,33.76214258854343,36.73085952891846,44.402450282975096,42.68886297320421
VRNS,2021-09-09,70.47000122070312,35.86318620136815,33.87992605461292,36.56538117608413,44.21588244736802,42.6640076199696
VRNS,2021-09-10,69.41000366210938,36.28169395818746,33.81723307435172,36.40267409470381,43.89038983711477,42.683880856114605
VRNS,2021-09-13,67.8499984741211,36.66938499143529,32.974921729660586,36.54397211009043,43.81067306098514,42.59440150731436
VRNS,2021-09-14,67.62999725341797,36.66633798129334,32.58483432741071,36.51876859118218,43.81288166689914,42.49639291216759
VRNS,2021-09-15,68.3499984741211,35.02565748701207,32.608734896449256,36.50125926952483,43.81864262254248,42.49856540068915
VRNS,2021-09-16,69.2300033569336,35.09152293688212,32.5505940061303,36.0567203799228,43.7126577594778,42.511051751443
VRNS,2021-09-17,68.79000091552734,35.132172375012395,32.56720756080347,35.91123072934529,43.7220280481659,42.47488489120232
VRNS,2021-09-20,66.08000183105469,36.03292930816521,33.730611698570335,36.47137877752453,43.98514330951759,42.68724998036739
VRNS,2021-09-21,67.61000061035156,36.43204313143721,33.94708692052518,36.49984680642186,44.02602673865933,42.73668267371556
VRNS,2021-09-22,68.44000244140625,35.82975676783547,33.79569528583729,36.19658552235804,44.02605926500182,42.63738348802056
VRNS,2021-09-23,68.7300033569336,35.82380088548258,33.73369609411825,35.93669990795361,44.02649368906312,42.52851240133501
VRNS,2021-09-24,67.61000061035156,35.488426090733185,32.63558050668282,35.8713255298467,43.795697886648895,42.55059182700764
VRNS,2021-09-27,66.08999633789062,36.24314202113541,33.04736139280596,35.512689262090795,43.86172287609409,42.58641272095701
VRNS,2021-09-28,62.150001525878906,39.451787757373125,35.366449628979,36.522362532397935,44.46676315496054,43.04656924413381
VRNS,2021-09-29,61.459999084472656,39.11960727840314,35.00009037237079,36.56222818304373,44.43402400244872,43.06590034768233
VRNS,2021-09-30,60.84999847412109,39.26953661260095,34.88860479278485,35.66833792259222,44.36615900430996,43.08088245464347
VRNS,2021-10-01,62.22999954223633,39.58010698544553,35.17226369246027,35.33473811180403,44.44029231468565,42.95797237224353
VRNS,2021-10-04,60.540000915527344,40.4310442125424,35.551938189618426,34.89791245974503,44.56179592820775,42.95639868283895
VRNS,2021-10-05,61.93000030517578,39.96157489645011,35.73211549903007,34.78251111462319,44.364250455314384,42.95108192746788
VRNS,2021-10-06,62.5,39.233228203957246,35.70452311775512,34.50860581102441,44.347454675208056,42.95588030251138
VRNS,2021-10-07,61.95000076293945,39.023121393348376,35.15491388188527,34.336120842680245,44.329988650902095,42.86970684967576
VRNS,2021-10-08,59.09999847412109,40.97940971925649,36.33719328718878,35.24164961916272,44.61429332251045,43.1437782410547
VRNS,2021-10-11,57.119998931884766,37.93744586310424,36.85336747028716,35.67285277932205,44.75211054398516,43.255264946473226
VRNS,2021-10-12,59.95000076293945,39.19546498858546,38.121992124073294,36.058514455341154,45.010624556384535,43.50171269061388
VRNS,2021-10-13,61.65999984741211,40.32622684321943,37.70862417150186,36.280600402197,45.12508867639036,43.52485477814857
VRNS,2021-10-14,62.63999938964844,40.63417945056369,37.57032769874867,36.3360939617837,45.060902918639535,43.53200439787327
VRNS,2021-10-15,62.720001220703125,39.891792490636895,37.4743913977217,36.33664973634414,45.01856897066357,43.53049523767002
VRNS,2021-10-18,63.79999923706055,39.13268789080534,37.4825483658922,36.15497327909935,44.94063435841657,43.54290507383317
VRNS,2021-10-19,63.45000076293945,39.05760518975322,37.49695208827114,36.178035118204185,44.72483498894835,43.50158853539824
VRNS,2021-10-20,63.459999084472656,38.2562864409225,37.26708503391116,36.03798851432678,44.5057037297835,43.48771987692865
VRNS,2021-10-21,64.41000366210938,38.59186142189417,37.3792183619852,36.05436917857265,44.443522519616536,43.46902913119216
VRNS,2021-10-22,63.220001220703125,38.700587016969166,37.58652094914267,36.21574345122124,44.4518570990387,43.51712184802503
VRNS,2021-10-25,65.9800033569336,40.42910679029506,38.42611188241304,36.40542627838614,44.53723635628252,43.6882113666127
VRNS,2021-10-26,65.68000030517578,40.43740644474062,38.43263627669639,36.25951247141336,43.063923475950006,43.66057384403563
VRNS,2021-10-27,64.38999938964844,40.642240882282096,38.017619897011706,35.907287479487195,43.093203107947446,43.714414649500895
VRNS,2021-10-28,64.79000091552734,40.478330761305294,38.029434517734565,35.76543762177921,42.90825610143693,43.44903166191323
VRNS,2021-10-29,64.73999786376953,40.46078747621989,37.93392282390309,35.525849256734105,42.60588617034982,43.4470470879625
VRNS,2021-11-01,66.19999694824219,39.37733004439387,37.57010292469881,35.36283428973284,42.68013021357496,43.44335818559417
VRNS,2021-11-02,62.43000030517578,42.25401533797664,39.58026550122168,36.414717744450506,42.3498802004541,43.8630380009679
VRNS,2021-11-03,62.560001373291016,42.04605024068269,39.37969762326976,36.31630904218275,42.28101494469993,43.75965162403666
VRNS,2021-11-04,63.54999923706055,42.34769540899485,39.48661263097912,36.386326176192405,42.23148934756036,43.59008969848537
VRNS,2021-11-05,62.22999954223633,42.49734399074041,39.22891523097255,36.3536236863366,41.86799582835676,43.64683664396821
VRNS,2021-11-08,63.75,42.75337422230634,39.44855997220209,35.77160817107292,41.955627057296674,43.70457335521072
VRNS,2021-11-09,64.72000122070312,38.96624798214192,38.88225448583941,35.64343556630381,41.982245340708445,43.5352061014083
VRNS,2021-11-10,61.40999984741211,41.85424764710672,40.21611869437491,36.65047907743433,41.462187434607074,43.667501514475774
VRNS,2021-11-11,62.15999984741211,41.88824086350784,40.27274238123994,36.60824052199198,41.48289993579212,43.65037312946981
VRNS,2021-11-12,61.900001525878906,41.39666023958751,40.24617593908075,36.58156834827446,41.42685004809677,43.61804708267486
VRNS,2021-11-15,60.43999862670898,41.19942476994926,40.49857926704152,36.77981242619591,41.40585408755593,43.666728330164695
VRNS,2021-11-16,60.560001373291016,40.63882868469479,40.00160619236089,36.76275962626426,40.69433925773553,43.60408737603546
VRNS,2021-11-17,59.93999862670898,40.61779730707489,39.6355576144349,36.65546129058275,40.132113498225095,43.58229629749539
VRNS,2021-11-18,58.43000030517578,41.16721920823132,39.80098958183469,36.82524719720431,40.249000347850405,43.66572996886532
VRNS,2021-11-19,56.29999923706055,40.31021863883084,40.30186034625566,36.66435100114372,40.31726964087554,43.76323702109208
VRNS,2021-11-22,54.97999954223633,39.6928275355516,38.61685320177117,36.84817277108319,39.23381520620982,43.83431380014317
VRNS,2021-11-23,52.84999847412109,38.29079937498893,38.418215941114994,37.246385302229214,39.50942187362882,43.98858753857653
VRNS,2021-11-24,53.04999923706055,37.13750666155814,38.44796888950396,36.96616225191534,38.91391584847121,43.92025053535689
VRNS,2021-11-26,51.7599983215332,37.01804537285266,38.60910630453758,37.07162422413678,38.95220032258752,43.96310122141161
VRNS,2021-11-29,52.33000183105469,37.29665586266624,38.31738915926193,37.12253915366716,38.97636364269472,43.95520429540338
VRNS,2021-11-30,51.810001373291016,36.65879119112747,37.64147844385203,37.078201481843706,38.82211260899961,43.96697610983695
VRNS,2021-12-01,50.20000076293945,37.34206957609246,37.95767086299031,37.33671507021549,38.980210958228994,44.08458424916146
VRNS,2021-12-02,51.130001068115234,38.04529076838299,37.923625853136734,37.44778386351001,38.55630122647795,44.08347086970083
VRNS,2021-12-03,48.09999847412109,40.50663295248895,39.592925805273005,38.35493299935446,39.217796789074185,44.338979772122
VRNS,2021-12-06,48.540000915527344,40.773636622587965,39.67496998172591,38.307879127468105,38.94220300659484,44.282123929704376
VRNS,2021-12-07,52.15999984741211,44.672275466824125,42.60079024281194,39.92545553379021,39.86720775446772,44.8374313628354
VRNS,2021-12-08,52.63999938964844,44.93586347412696,42.690714033710805,39.92593866182652,39.40014416674567,44.6851122988426
VRNS,2021-12-09,50.75,45.59561759221802,43.08603517933349,39.80060048826588,39.6271451887224,44.59833987636163
VRNS,2021-12-10,49.959999084472656,45.44726524729844,42.979984998493,39.67523212462729,39.59317783330508,44.45106807071991
VRNS,2021-12-13,49.56999969482422,45.386741514669936,42.9823911019226,39.60908932688723,38.7467973686641,44.40023783309556
VRNS,2021-12-14,49.43999862670898,44.4632751470886,42.37102456096365,39.49329289517112,38.71052394027272,44.22672604259342
VRNS,2021-12-15,50.130001068115234,42.45349483710785,42.15853798470968,39.56983690826246,38.37495101393857,44.22099177257447
VRNS,2021-12-16,45.9900016784668,48.09109151063551,45.16105282779163,41.66474353359971,39.46392863092195,45.01617133612073
VRNS,2021-12-17,47.650001525878906,49.342440772448526,45.92864846989078,42.09705302704834,39.69122624100693,45.12461128816787
VRNS,2021-12-20,46.41999816894531,49.46853408677183,46.0650172390302,42.25966311044157,39.68643363577426,44.379786102560566
VRNS,2021-12-21,48.20000076293945,50.41784822649874,46.79853030998223,42.69591151010283,39.83048578970462,44.38185368180776
VRNS,2021-12-22,48.79999923706055,50.30903656829027,45.43754642369953,42.75972447961312,39.85891307434164,44.1202939744651
VRNS,2021-12-23,49.220001220703125,48.85668409065633,45.48517022129487,42.5035035849963,39.868736391662544,44.02107835529407
VRNS,2021-12-27,49.54999923706055,48.69260519079908,45.51513456313298,42.5193858705054,39.87611501725792,44.02701308089657
VRNS,2021-12-28,48.630001068115234,48.78771411626349,45.297940494707504,42.52203112936627,39.73839314910019,44.06076663651927
VRNS,2021-12-29,49.060001373291016,48.78569333315043,45.10712546810032,42.30305074023474,39.75391555410458,43.9907371300142
VRNS,2021-12-30,50.08000183105469,49.37577218500778,45.05652368580516,42.4448471574286,39.79163017049352,44.040380996259934
VRNS,2021-12-31,48.77999877929688,49.70422590684107,45.215408201446536,42.54736003038165,39.80880379173142,44.11142884793325
VRNS,2022-01-03,48.65999984741211,49.40082363291901,45.20593113393199,42.540736446118174,39.72598783159167,44.09231886740888
VRNS,2022-01-04,46.36000061035156,50.11996388033938,45.26057619116584,42.82809687691329,40.02147935833445,44.33449180931395
VRNS,2022-01-05,43.4900016784668,52.61261746998527,46.50173750754087,43.8527558091384,40.651700907025685,44.78124403613567
VRNS,2022-01-06,44.68000030517578,52.66177526121483,45.66229182006397,43.83906205353414,40.75668328836452,44.65301854952568
VRNS,2022-01-07,43.869998931884766,52.70886408938033,45.2171818529035,43.82646254174478,40.77179352258233,44.664743190268894
VRNS,2022-01-10,42.970001220703125,52.603590447176366,45.0964400306005,43.92030814171122,40.55027091088869,44.69912162811636
VRNS,2022-01-11,43.47999954223633,52.62814955797344,45.22314607177816,43.9744449751405,40.52182997996663,44.67379496458485
VRNS,2022-01-12,42.720001220703125,52.72285409464234,45.02225360898304,43.96134518062339,40.549880563658455,44.65154727975698
VRNS,2022-01-13,39.65999984741211,55.85738208865203,47.10606999373121,45.05220329246798,41.41781319769468,45.24535876838496
VRNS,2022-01-14,38.900001525878906,55.38684835511988,47.13438262090276,44.81917931245993,41.34720065690446,45.28044912030929
VRNS,2022-01-18,37.15999984741211,54.30449688281023,47.50585673661746,45.158646776653335,41.58821411899979,45.2824388285432
VRNS,2022-01-19,36.41999816894531,54.136643007648125,47.51930777985917,45.08078002018167,41.58435454994381,45.291235535222455
VRNS,2022-01-20,37.619998931884766,50.02255326286557,47.0829933866343,44.37087196142724,41.55852119677135,45.40680117505679
VRNS,2022-01-21,36.09000015258789,50.41214706517275,47.52909056384407,44.20818310069943,41.66213242723203,45.52370933853031
VRNS,2022-01-24,36.650001525878906,50.51347909884026,47.76492421875799,44.33559775541042,41.68227226451457,45.533684076526
VRNS,2022-01-25,34.25,53.13042918366079,49.11790038318833,45.34860738254691,42.03696711066533,45.94119767404896
VRNS,2022-01-26,33.40999984741211,53.22668798834744,49.15924009930468,45.1779995459364,41.846548321988166,45.995102470691954
VRNS,2022-01-27,32.7599983215332,53.16278786782075,48.69409290167358,44.8234955072265,41.61037079216827,45.94172927950908
VRNS,2022-01-28,33.68000030517578,53.93216229192012,48.35486732917795,45.14507336072237,41.67687524401668,46.018964493933154
VRNS,2022-01-31,37.2599983215332,58.98810688667783,53.42108729524012,48.17440257843016,43.23761966494241,47.06623417565906
VRNS,2022-02-01,38.34999847412109,58.60359642980435,53.74347547874455,48.49631568887814,43.31358551126844,46.99984987250448
VRNS,2022-02-02,37.59000015258789,58.45830919060566,53.73411960904686,48.52558707136272,43.35707299073483,46.9024367727372
VRNS,2022-02-03,36.5,57.224058810227184,53.469478086241054,48.59545857813703,43.44932900913528,46.90564249643358
VRNS,2022-02-04,37.65999984741211,58.10147665840284,53.886142342059706,48.95673768332631,43.41426473384823,46.98421086419091
VRNS,2022-02-07,37.959999084472656,58.08541536781098,53.222920612370864,48.935843431785294,43.4276855068761,46.87520925328581
VRNS,2022-02-08,39.27999877929688,59.25168894479796,53.76841878448789,49.26033718241668,43.62076934744416,45.97789341584747
VRNS,2022-02-09,41.16999816894531,61.22158743693623,54.91998188013949,49.96433191244219,43.98652151211559,46.22215593738843
VRNS,2022-02-10,40.790000915527344,61.07728654525162,54.807533392714326,49.652196893343394,43.84843819552333,46.0873068378779
VRNS,2022-02-11,40.7599983215332,60.57703257756734,54.79227293536299,49.45779249625893,43.84627931791235,45.87063825633858
VRNS,2022-02-14,41.0099983215332,60.401491618818056,54.84818377742721,49.41313366566983,43.81077988402361,45.86704017213346
VRNS,2022-02-15,41.95000076293945,60.95792176630127,55.0166753667526,49.588261709207934,43.89309773330385,45.36772396577907
VRNS,2022-02-16,41.15999984741211,59.718662642724674,54.69632929156769,49.60518251949072,43.94583283955018,45.34646072267528
VRNS,2022-02-17,39.90999984741211,57.56479476533275,54.81844026438587,49.69566847162088,43.96334757620999,45.36707701270865
VRNS,2022-02-18,39.47999954223633,56.89999323112293,54.368069968940205,48.87560664656793,43.86922851443939,45.10653455169936
VRNS,2022-02-22,37.7400016784668,57.99822097458636,54.95514850346773,49.287327188668,43.878794844398975,45.2985610603908
VRNS,2022-02-23,36.61000061035156,58.2928441941081,55.05295729661127,49.44748603759281,43.91468207112944,45.38107081380122
VRNS,2022-02-24,41.040000915527344,67.7082106570489,60.21888273942449,52.78230833610264,45.93480630572759,46.25335107752248
VRNS,2022-02-25,41.52999877929688,67.65332045630046,60.29338876025329,52.70879399433358,45.79621170756148,46.27175295271179
VRNS,2022-02-28,43.59999847412109,65.41307127912035,60.94636399025774,53.19896904517656,46.03733145858549,46.49963806142631
VRNS,2022-03-01,43.970001220703125,65.0772736650106,60.83633362397632,53.19477590172289,45.99342552292163,46.44258695037354
VRNS,2022-03-02,44.68999862670898,63.41027931300293,59.70999593793417,53.27983316714485,46.03837154248251,46.0422369164689
VRNS,2022-03-03,42.34999847412109,65.34333011682101,60.62907011161286,53.43016651516756,46.34702801800753,45.99970334448912
VRNS,2022-03-04,41.619998931884766,65.12327416502028,58.6923962791516,53.25110992587126,46.01221460753835,46.028702921104944
VRNS,2022-03-07,40.220001220703125,64.71896526010859,58.95709155083095,52.829126223727165,46.107329950070735,46.04743585205759
VRNS,2022-03-08,40.61000061035156,64.64941066716851,58.64296844670341,52.62425037318162,46.12763651524616,45.3009405922639
VRNS,2022-03-09,41.81999969482422,61.40729397617986,58.97588379775376,52.799315287030765,46.22408465778412,45.40455528291562
VRNS,2022-03-10,41.40999984741211,60.89115581747637,58.98444192233352,52.80034555615368,46.20992291633304,45.03185480592427
VRNS,2022-03-11,40.38999938964844,61.1125381057377,59.155461073526126,52.79167719327306,46.28279588458486,45.05626066215247
VRNS,2022-03-14,36.34999847412109,68.8718718877712,62.618698248566616,55.16446171169429,47.86757920090013,46.23862186983356
VRNS,2022-03-15,37.900001525878906,63.436228595626666,61.033920291661325,55.66738493902157,48.07601521453055,46.34947892775671
VRNS,2022-03-16,39.5099983215332,64.03573284266653,61.212967244460415,56.07253761255501,48.32701353499003,46.54258269320038
VRNS,2022-03-17,41.22999954223633,64.81800972704018,61.72799620700064,56.53127110557773,48.37479648852409,46.46841560183847
VRNS,2022-03-18,44.0,66.46145045648095,62.72596971538971,57.11089279650098,49.01430336014571,46.93251522136406
VRNS,2022-03-21,43.83000183105469,66.08971701316663,62.660627927555744,57.11084203745461,48.9618997651767,46.75766309233994
VRNS,2022-03-22,45.900001525878906,67.15364288528566,63.39490540264973,57.60483395644649,49.16474906520197,46.987271277481085
VRNS,2022-03-23,46.650001525878906,66.70642262385707,63.47526682040395,57.66912212743421,49.17619090420556,46.73169148442475
VRNS,2022-03-24,47.08000183105469,65.56436023406174,63.39988267343498,57.70176510927488,49.19161319176411,46.73453257389363
VRNS,2022-03-25,46.18000030517578,65.81100553844783,63.484555169814605,57.61189270796092,49.20846461610579,46.72541507740607
VRNS,2022-03-28,47.11000061035156,65.95061843608391,63.475406628273,57.0488458909556,49.252130227697805,46.25822022459414
VRNS,2022-03-29,48.16999816894531,66.14355481403223,63.4292977595055,57.18261284294179,49.3199436447664,46.290719785251774
VRNS,2022-03-30,47.36000061035156,66.23986367380357,63.52079019886835,57.15137011544076,49.231349144721634,46.09908013214371
VRNS,2022-03-31,47.540000915527344,65.87890953693598,62.73307466629675,57.08751628828456,49.19530973652303,45.95689159700844
VRNS,2022-04-01,48.34999847412109,65.08253476727444,61.36494819371936,57.01246424890994,49.18916067472162,45.98657921040194
VRNS,2022-04-04,49.2599983215332,64.96516810543,61.24207092046402,57.0435113346498,49.22951189997248,45.95509969091362
VRNS,2022-04-05,47.45000076293945,64.46510784034135,61.63238994043848,56.75841584523212,49.18642448675593,46.03078813356276
VRNS,2022-04-06,45.09999847412109,65.76848495898872,62.39481774052192,57.22036710039824,49.45247085277988,46.304370543625446
VRNS,2022-04-07,45.13999938964844,57.37165023743237,62.352768222160826,57.223824192021176,49.42120711541453,46.30153884968009
VRNS,2022-04-08,44.459999084472656,57.55073649688749,62.324087270491205,57.16035448249017,49.3978060257482,46.32297018593832
VRNS,2022-04-11,47.68000030517578,59.34327127643631,61.9205997995312,58.31896224129881,50.1216960251701,46.7408149674913
VRNS,2022-04-12,48.04999923706055,59.33786948962116,61.7503059948868,58.32699136127554,50.086406073307565,46.74796922330954
VRNS,2022-04-13,51.04999923706055,61.54929618514813,61.97011692051543,59.04773973300603,50.61717146290485,47.121800832629454
VRNS,2022-04-14,49.61000061035156,59.89058131600786,62.143168040019845,58.9316622854266,50.72162510712861,47.14556967078283
VRNS,2022-04-18,48.54999923706055,60.04127369940935,62.11685317646945,58.91199363926036,50.7506091372835,47.142160780085845
VRNS,2022-04-19,49.88999938964844,59.176672297756426,61.54839524984512,58.76091121736159,50.86188119355741,47.15639531027198
VRNS,2022-04-20,48.63999938964844,59.91576008157347,61.831964110310025,58.88802025175623,50.80102105281288,47.18812376527938
VRNS,2022-04-21,45.93000030517578,62.20464763136327,61.34638531513203,59.45007307352269,51.23311439444284,47.51243817269907
VRNS,2022-04-22,44.540000915527344,62.87386433174793,61.480235306790696,59.60133081551609,51.31443617065193,47.586853645620224
VRNS,2022-04-25,46.810001373291016,63.76630798541928,61.943982668644,60.1387529428594,51.55303892688936,47.6868890668232
VRNS,2022-04-26,43.97999954223633,58.28227478506614,63.327615635996814,60.7327215902435,52.05565155405245,48.045161634432525
VRNS,2022-04-27,43.34000015258789,57.59369504647961,60.150987673812175,60.68653393492141,52.04239066601163,48.05319455186056
VRNS,2022-04-28,44.11000061035156,56.66179442244268,59.98501685042328,60.00668174547496,52.08891207046565,48.06221819387015
VRNS,2022-04-29,43.20000076293945,55.85118786634372,59.99845766274324,60.06832596128964,51.98289001434978,48.02308868556956
VRNS,2022-05-02,43.66999816894531,52.614374848770616,59.65491699634347,58.9484234284129,51.97658961815237,47.97815358940013
VRNS,2022-05-03,38.34999847412109,64.66768480133838,65.2714409593592,62.32853086036953,54.015398291530346,49.64958680806749
VRNS,2022-05-04,39.22999954223633,63.41800582583276,65.41498367176065,62.23002152006981,54.05648073797936,49.56868588770914
VRNS,2022-05-05,37.20000076293945,64.5548757455735,65.94283762373135,62.71288759110036,54.39294287233177,49.740587218011015
VRNS,2022-05-06,34.5,67.24462170043607,66.90662465427671,63.753946962100486,55.071266767875706,50.27810431879728
VRNS,2022-05-09,30.280000686645508,75.71446962771627,71.82581857059772,66.85769682770612,57.07176191988491,51.69258461748883
VRNS,2022-05-10,30.190000534057617,75.10896294958059,71.82164986841431,66.7908153085405,56.92117526644226,51.5309621028051
VRNS,2022-05-11,28.450000762939453,75.33175532405772,72.63765618229507,66.09339922713026,57.171986860483024,51.685819676224654
VRNS,2022-05-12,29.8700008392334,77.7422398730411,73.27137781435415,66.33184636715319,57.45931916234317,51.88693523128498
VRNS,2022-05-13,31.96999931335449,81.25956213082509,74.74684180616093,67.23189969779048,58.03521715507522,52.24860477635672
VRNS,2022-05-16,30.59000015258789,81.21859015185788,74.99814745794579,67.20434506686559,57.77501369698007,52.38470757611267
VRNS,2022-05-17,31.26000022888184,81.33278066887529,75.17521951243172,67.28006193221486,57.65328270732252,52.42562696188844
VRNS,2022-05-18,31.450000762939453,81.2744901300346,74.70770705419825,67.26887284658743,57.66496414097851,52.407786863561455
VRNS,2022-05-19,32.27000045776367,81.2668010659991,74.71543555616586,67.41721715620729,57.76267821014848,52.3549995323942
VRNS,2022-05-20,32.90999984741211,81.68894487381986,70.83941877389303,67.48304717982776,57.74217619629417,52.3976280077691
VRNS,2022-05-23,34.209999084472656,82.90819878998789,71.30389245460779,67.79318962602883,57.82814533854207,52.54610479022702
VRNS,2022-05-24,31.399999618530277,82.34587587273677,72.43634021669429,68.91842270315462,58.61829510052882,53.21727807860543
VRNS,2022-05-25,32.16999816894531,82.86001228508543,72.6377119172776,68.98143452602162,58.63127493610138,53.188268999579805
VRNS,2022-05-26,32.65999984741211,80.34486644177935,72.62388316297194,69.04887893192067,58.67356301050979,53.21304420745866
VRNS,2022-05-27,34.06999969482422,81.9038344801961,72.54863878517617,69.06414019292372,58.91648837354445,53.36956633867531
VRNS,2022-05-31,33.06999969482422,82.01702923284971,72.69351412061025,68.50944252535054,58.95407155362581,53.44218567396381
VRNS,2022-06-01,32.4900016784668,81.14074230861263,72.47709200700552,68.38292035127616,58.97627771166592,53.46626073920662
VRNS,2022-06-02,35.16999816894531,85.45200378774273,74.39747052119786,69.57741959426814,59.77099936423818,54.00180227486253
VRNS,2022-06-03,34.349998474121094,84.40912028450148,74.22329664369838,69.59829660280201,59.78476825438801,53.98347318275897
VRNS,2022-06-06,33.93000030517578,84.17849386212484,74.23426122479296,69.5797152133845,59.79234457808994,53.82073625282708
VRNS,2022-06-07,34.58000183105469,82.77323601812809,74.23356118599413,69.61945478533573,59.69689410422699,53.80472679814952
VRNS,2022-06-08,34.459999084472656,81.28822218440399,71.07667092373624,68.65063834942274,59.6136554665175,53.75949299440562
VRNS,2022-06-09,33.83000183105469,81.32210786153409,70.6031322857832,68.64481374629634,59.60855507056579,53.6833186149385
VRNS,2022-06-10,31.6200008392334,82.70250068355071,71.27187952179752,69.08916518871284,60.07384931841644,53.99741479524046
VRNS,2022-06-13,29.649999618530277,84.09633816641026,71.67154631324762,69.74392178968053,60.47583844335465,54.31593809603668
VRNS,2022-06-14,29.32999992370605,83.80714306964107,70.15366874798507,69.53743362043386,60.441934333038425,54.32115248047693
VRNS,2022-06-15,30.76000022888184,77.92414276772789,71.03187161329615,69.70315658770511,60.37277447185252,54.478516020625655
VRNS,2022-06-16,28.65999984741211,79.4818006623164,71.41083719469964,70.50448508266678,60.88253873149465,54.67264637298874
VRNS,2022-06-17,29.61000061035156,79.36678926115499,71.72526425489505,69.9370501647551,61.03436284240884,54.75120989641271
VRNS,2022-06-21,29.979999542236328,76.8950104608013,71.76068413979233,69.87008462817072,60.9848279972994,54.77168517437098
VRNS,2022-06-22,30.149999618530277,67.03324500091931,71.7679689235883,69.81439186803134,60.93137412391888,54.744205929268006
VRNS,2022-06-23,32.86000061035156,71.52404503848533,74.07504767034273,71.02603477864831,61.77595814418128,55.44211595277633
VRNS,2022-06-24,34.91999816894531,70.92189779522755,75.11716663749627,69.84371097907646,62.22576882481901,55.79539338399274
VRNS,2022-06-27,32.400001525878906,73.57819491124573,76.42643789557818,70.6655586065642,62.79785975879961,56.2671270233164
VRNS,2022-06-28,30.920000076293945,72.23910595776256,76.84150497089487,70.96894110426724,62.79454291139511,56.39400383452352
VRNS,2022-06-29,30.61000061035156,71.14318825907098,76.67937267435627,70.84464313697893,62.69468283422024,56.37886123430319
VRNS,2022-06-30,29.31999969482422,71.90111591784387,76.81920533617605,70.9448409112819,62.56379941730656,56.37947281997155
VRNS,2022-07-01,30.530000686645508,72.92479926094074,77.22947425970982,71.2535587268756,62.66963114017996,56.54095387992911
VRNS,2022-07-05,31.81999969482422,73.56133653871385,77.32508977268868,71.35621765134638,62.85586443920138,56.6756552660266
VRNS,2022-07-06,31.170000076293945,73.53091769947862,77.37125289753988,70.9783112308227,62.88460977167547,56.623054282899
VRNS,2022-07-07,32.5,73.68186057718835,77.9664233855223,71.32139983032488,63.068255567586576,56.77908148159826
VRNS,2022-07-08,32.15999984741211,69.32694803288706,76.38175479520373,71.33293714732058,63.07301102026298,56.78486584257737
VRNS,2022-07-11,30.709999084472656,70.25373805970082,76.7480648443129,71.65623775884296,63.26990483105842,56.93155138650551
VRNS,2022-07-12,28.68000030517578,72.65999845507113,76.41557419615913,72.28468803843732,63.6853358947227,57.29970420754299
VRNS,2022-07-13,27.959999084472656,71.52749556897878,76.38449977574898,72.32619529871168,63.71158168440248,57.33989793077414
VRNS,2022-07-14,27.34000015258789,71.35149177728579,76.39024717285292,72.25861079725307,63.49717914889352,57.30609397807965
VRNS,2022-07-15,27.690000534057617,71.47542737877569,76.14926483631622,72.296841166897,63.53137098441357,57.30844721179707
VRNS,2022-07-18,27.100000381469727,66.93546093830763,76.11982942456494,72.04884343564143,63.53735945874634,57.300584326171645
VRNS,2022-07-19,28.07999992370605,67.97643026623832,76.01935734835703,72.17786333891146,63.70341711606224,57.417208768948335
VRNS,2022-07-20,28.899999618530277,68.72205123048158,76.24412276256407,69.89433461549714,63.82458940150158,57.34988897807349
VRNS,2022-07-21,29.84000015258789,69.22485030025446,75.76450733911332,70.07997963306491,63.892231676401934,57.4007806999027
VRNS,2022-07-22,29.09000015258789,69.47780856705535,74.99679002581284,69.66782609739856,63.6159422913604,57.42209525815761
VRNS,2022-07-25,27.5,70.92911284611347,75.66111095964585,70.12720272902253,63.90756806370079,57.63362259869294
VRNS,2022-07-26,25.479999542236328,71.6199159145059,76.76502860707373,70.95758650591421,64.42173050114334,58.090719473862016
VRNS,2022-07-27,25.90999984741211,69.83207236218361,76.90662546037595,70.62143415221632,64.44518325897614,58.10327715680456
VRNS,2022-07-28,25.88999938964844,69.81344165176925,76.81874763672619,70.59597969356459,64.35471744705049,58.09945839955965
VRNS,2022-07-29,25.43000030517578,68.15513461279423,72.58425610488476,70.47014290008504,64.32808767047558,58.11644126623023
VRNS,2022-08-01,25.38999938964844,65.36970398546661,72.33246951105285,70.43494970152753,64.08257527984424,58.10423388149769
VRNS,2022-08-02,27.84000015258789,70.35401453951067,74.49031484907988,71.89676590673253,65.07316212150668,58.88560551571688
VRNS,2022-08-03,30.049999237060547,73.85349443224783,74.84495233638052,73.01492539349937,65.77260606862718,59.34155072016696
VRNS,2022-08-04,30.239999771118164,73.85798846245729,69.92823455991146,72.94661962423338,65.74126288363283,59.34606583762236
VRNS,2022-08-05,29.959999084472656,69.23922043514845,69.95166338639253,71.08097234987277,65.74073349174805,59.32438995351882
VRNS,2022-08-08,31.11000061035156,67.69162456330993,69.26524330791453,71.019908992409,65.9198461959084,59.39371239784674
VRNS,2022-08-09,29.68000030517578,65.60069792474754,69.25735247464722,71.02973154541617,66.06956914795987,59.558085218769065
VRNS,2022-08-10,31.11000061035156,65.78802633159847,68.50901609666683,71.10560523269737,66.22169529576094,59.74517306300593
VRNS,2022-08-11,30.700000762939453,65.8378254237257,67.9585393352712,70.28569293394055,66.18782569262777,59.75236104022681
VRNS,2022-08-12,30.8700008392334,64.56399900085944,67.81970652015245,70.30058416351757,66.05471326892363,59.65551240461673
VRNS,2022-08-15,31.88999938964844,64.19043986340193,68.13996269431438,70.0884022281195,66.18348113685222,59.73971293527573
VRNS,2022-08-16,31.290000915527344,63.305734647926485,68.04136582330847,70.05739683811741,66.16075748372336,59.68098322265308
VRNS,2022-08-17,29.8799991607666,64.42818699641406,68.54194920303482,70.34198988089665,66.33808185464439,59.81607640818505
VRNS,2022-08-18,30.32999992370605,63.324859358135775,68.11579396381295,70.36923339891872,66.3673095981946,59.84166060275182
VRNS,2022-08-19,29.239999771118164,64.0657170425483,66.25635737037061,70.44780113499485,66.4004897694774,59.93668946024029
VRNS,2022-08-22,28.86000061035156,62.84419080855624,66.08607056733065,70.32601760684068,66.36230198154087,59.92378021073301
VRNS,2022-08-23,28.739999771118164,59.62934362693881,65.9932132501752,70.30053109880615,66.003787858772,59.826567332112845
VRNS,2022-08-24,29.0,59.18346588360643,65.38673154343726,70.32198416652491,66.00353337203826,59.75725273418416
VRNS,2022-08-25,29.190000534057617,58.77192611439468,65.166959859784,70.25927789740712,65.41122291368634,59.73091136149306
VRNS,2022-08-26,28.25,59.53518817855732,65.39334943943241,70.29165920015583,65.4873218743078,59.77093413404876
VRNS,2022-08-29,27.290000915527344,60.07509584581079,63.45964544067272,70.26007652866414,65.47356998751668,59.54459639018044
VRNS,2022-08-30,27.31999969482422,59.13902433933519,63.339480602207374,69.89107727294106,65.4595081384471,59.41020171436382
VRNS,2022-08-31,27.350000381469727,58.47146495513407,63.32233052764883,69.89153857322415,65.45942909764435,59.41139096094491
VRNS,2022-09-01,25.8700008392334,59.57005627639037,64.02864635215285,70.33497127797726,65.75150986367979,59.63029283876834
VRNS,2022-09-02,25.739999771118164,59.246682276545705,64.0280292231331,69.29003762256781,65.71888222601993,59.569429998395
VRNS,2022-09-06,25.76000022888184,57.15474799966783,63.97497063536244,69.26333169603814,64.98353729497663,59.47601120759571
VRNS,2022-09-07,27.100000381469727,54.64170366708567,63.58949612775972,69.03876183545557,65.13622158061271,59.72370896422271
VRNS,2022-09-08,28.200000762939453,55.58033949501545,62.84621182392052,69.33014618168254,65.2753168858551,59.81940824948507
VRNS,2022-09-09,29.82999992370605,57.672864261264834,63.88325749976582,69.9714259843671,65.47371402318464,60.115169470136905
VRNS,2022-09-12,30.57999992370605,57.545008290285246,63.33082793327805,69.94449084567563,65.53057647183628,60.16970557471234
VRNS,2022-09-13,29.11000061035156,59.71993690060631,62.45586223835371,70.2247967557617,65.74876602682012,60.31426973837576
VRNS,2022-09-14,28.84000015258789,53.7323908327594,62.1184555026331,69.72831087196795,65.74313268764338,60.31721337507926
VRNS,2022-09-15,28.71999931335449,48.777956349016016,62.06480600339936,69.60283050480578,65.7166369543997,60.30094385190442
VRNS,2022-09-16,26.81999969482422,52.41322457774162,63.57935240531246,69.7922506762642,66.15669916759666,60.62771838429876
VRNS,2022-09-19,28.40999984741211,55.33001300493783,62.14713169251461,69.90527115002932,66.4893550583597,60.93672686896245
VRNS,2022-09-20,27.790000915527344,54.32970579374279,60.85306241530796,69.9428936634503,66.47047412635926,60.85407450595237
VRNS,2022-09-21,27.3799991607666,52.882393992972354,59.07508122604509,69.87218536974116,66.48492552067589,60.80718424478824
VRNS,2022-09-22,26.46999931335449,51.44604517549719,58.722042874326895,69.97824476535297,66.36732018295616,60.86124922979008
VRNS,2022-09-23,26.3700008392334,51.39316860443398,58.70193507344048,69.93312823589861,65.9720819823121,60.85595186543809
VRNS,2022-09-26,26.190000534057617,51.29663610147179,58.09897032575777,67.00759672649852,65.87851451582488,60.84353166575628
VRNS,2022-09-27,26.40999984741211,50.208720765663216,57.46947702071892,66.90190182490005,65.86671041299091,60.82564230976985
VRNS,2022-09-28,27.440000534057617,51.67014551970773,57.37119886542455,66.76486570026981,66.01054594989729,60.69114813126445
VRNS,2022-09-29,26.899999618530277,50.37205671818936,57.3610846190802,65.80953014309613,66.02039917636108,60.70881064300666
VRNS,2022-09-30,26.520000457763672,50.15270496233484,56.66027321329259,62.56214658683133,66.01075676654233,60.71500844905883
VRNS,2022-10-03,26.950000762939453,49.54092224139944,56.77948089392528,62.62248668981035,65.49348197532143,60.69134445279673
VRNS,2022-10-04,28.209999084472656,51.36754063841775,56.91467284708368,62.35610861860069,65.70478710357978,60.8396214383515
VRNS,2022-10-05,28.40999984741211,51.40592750791208,55.19709285559362,61.875256690918015,65.50402535465331,60.793304641858455
VRNS,2022-10-06,27.96999931335449,51.51010042087364,55.04160299734357,60.93713815475951,65.48815722391106,60.79363997067298
VRNS,2022-10-07,25.88999938964844,55.9516712473522,57.105538054402174,61.75145376761847,65.97349132599088,61.241035655769785
VRNS,2022-10-10,23.15999984741211,63.59102360762341,61.35035449919752,64.04327842351502,67.07136407736154,62.03401611709749
VRNS,2022-10-11,24.170000076293945,64.57483197653647,61.92959853466344,64.4378547558652,67.25114591680364,62.13170778185294
VRNS,2022-10-12,24.6299991607666,64.9019584612562,61.59255572452027,64.36991495581873,66.84456943976689,61.954695676706464
VRNS,2022-10-13,24.649999618530277,64.90026913571127,61.2576993019996,64.27290174699266,66.78919332482862,61.87474340360401
VRNS,2022-10-14,24.40999984741211,63.03125076471373,60.84510846946121,63.93355252936785,66.76204953439857,61.8470351293998
VRNS,2022-10-17,26.15999984741211,66.30482773456411,62.4492380024229,63.58495781297789,67.19851215596948,62.27431036491444
VRNS,2022-10-18,26.709999084472656,66.56467497588993,61.57006141953725,63.55159926615163,66.13927366816311,62.28779380691118
VRNS,2022-10-19,26.09000015258789,65.22994042736266,59.71627741316259,63.58454832981912,66.0872579969641,62.31968079915136
VRNS,2022-10-20,26.459999084472656,64.24204463017003,59.68773659220407,63.23879365871343,66.08056109264282,62.34349687837104
VRNS,2022-10-21,26.65999984741211,61.90936382957736,59.70531795727294,63.10662485705183,66.00887578244887,62.32616748417165
VRNS,2022-10-24,26.350000381469727,61.3468526618526,59.63684517290741,63.07620487813097,65.90190207379216,62.31307950945117
VRNS,2022-10-25,27.309999465942383,60.96076143853747,60.06877627984855,62.01751894037459,66.04314699545803,62.26522186003004
VRNS,2022-10-26,26.76000022888184,61.15722831395855,57.15032987960142,61.991587968229936,65.93962103150383,62.2879226740244
VRNS,2022-10-27,27.0,61.24382631384327,54.89345321045632,61.99772407295641,65.69372865644645,62.278891226334565
VRNS,2022-10-28,27.0,57.9191492377524,54.86898683389043,61.905195530720334,65.68912138400457,62.27234403055887
VRNS,2022-10-31,26.770000457763672,55.34113882102992,54.864887105394985,61.912537218527184,65.69302826294641,62.273817923081445
VRNS,2022-11-01,17.270000457763672,138.091852209799,104.48753199067568,92.821806675028,83.5166400104167,75.9011845651676
VRNS,2022-11-02,17.600000381469727,138.45977764125243,104.35786168803848,92.39334633184215,83.50051611850189,75.75047595274259
VRNS,2022-11-03,17.0,138.47060412024942,103.8354560937686,92.03499277873894,83.5585802080486,75.80505856303323
VRNS,2022-11-04,16.010000228881836,139.0407650335096,104.33735243663482,92.43671119937902,83.75695695664852,75.97359880162708
VRNS,2022-11-07,16.59000015258789,139.84192167906983,104.72007872167504,92.27868892866934,83.89200422530509,76.06816885715651
VRNS,2022-11-08,18.670000076293945,144.97397525853185,107.64543542967633,93.77361391323996,85.00430809940227,77.00741773361457
VRNS,2022-11-09,17.770000457763672,144.58206521854424,107.94697771206924,93.85600308375996,85.117368845609,77.10954498218018
VRNS,2022-11-10,19.809999465942383,148.90138205882403,110.33498761729504,95.54220116969508,85.0112839745512,77.79685264795418
VRNS,2022-11-11,20.790000915527344,149.85360747635332,110.8267284227462,95.89251685251368,85.21621624769699,77.95822598542058
VRNS,2022-11-14,20.729999542236328,149.68817247342477,110.64819384639108,94.8059305893777,84.98721905700087,77.95836050974029
VRNS,2022-11-15,21.59000015258789,149.5358029542221,111.04297698543262,94.50547678821157,85.13957238037135,78.06300382329987
VRNS,2022-11-16,20.979999542236328,149.56253339733863,111.15007016208492,93.91572964636296,85.15540820252878,78.09922606963619
VRNS,2022-11-17,20.649999618530277,149.56333548951136,111.13069149823204,93.68837247390816,84.96255430525343,78.10555898192119
VRNS,2022-11-18,20.700000762939453,148.23116343359396,111.11462050585976,93.68886606141012,84.95090527947954,78.07907477332678
VRNS,2022-11-21,20.100000381469727,145.10515428837434,111.08224659411674,93.56872277859352,84.92865907777245,78.05010713420042
VRNS,2022-11-22,20.229999542236328,144.45495429366795,110.94443498946464,93.315099571558,84.92233453699166,78.03220625088733
VRNS,2022-11-23,20.799999237060547,144.61126047592492,111.14162268962497,93.17117409966455,84.91386700937824,78.01463745293621
VRNS,2022-11-25,21.209999084472656,144.78526260934345,111.24564245091722,93.20946811941684,84.95589330626395,78.0456639857215
VRNS,2022-11-28,21.100000381469727,144.77822405065277,110.72940127892916,92.92191187422668,84.91856740355317,78.0174101850885
VRNS,2022-11-29,20.729999542236328,143.09464507988687,110.76776837548734,92.94106880250636,84.06850342055775,78.01649506587012
VRNS,2022-11-30,21.239999771118164,143.15888911993972,110.91239509804018,92.8083193498178,83.9626391640716,78.06398646866191
VRNS,2022-12-01,21.959999084472656,143.55899567128333,110.60832205722772,92.40715530959264,83.90619616925112,78.09982042515298
VRNS,2022-12-02,21.84000015258789,143.43613686608506,110.23997839598552,92.33634978413636,83.72878710331607,78.06988828671334
VRNS,2022-12-05,20.90999984741211,143.76805647978634,109.79757164591946,92.51290321975476,83.46217866959708,77.95915695257848
VRNS,2022-12-06,20.82999992370605,143.769017466218,109.61164768465422,92.48006875771055,83.46218046141112,77.94921166371157
VRNS,2022-12-07,20.51000022888184,143.18399277406849,109.265476219319,92.45390676806994,83.25780191822295,77.59089677725436
VRNS,2022-12-08,20.700000762939453,143.2466033714155,109.3062917214221,92.27058101609916,83.23746874503254,77.59099821017595
VRNS,2022-12-09,21.229999542236328,143.49826836810036,109.48840239760456,92.24149349454837,83.29655442803946,77.57450688071442
VRNS,2022-12-12,22.32999992370605,144.48690576569268,109.25983642615417,92.4672332909724,83.53031381401291,77.75201462486172
VRNS,2022-12-13,24.06999969482422,146.39357902781583,109.73080611188736,93.2162697942095,84.00598647305608,78.1430116145094
VRNS,2022-12-14,24.020000457763672,66.74324573798197,109.65706723535742,92.80860042878416,83.94935582056351,78.14304763859424
VRNS,2022-12-15,23.700000762939453,67.06667258349451,109.65043995660815,92.04988608187432,83.94261740714676,78.13203511853321
VRNS,2022-12-16,23.88999938964844,65.72747929725244,109.47368664132956,92.01811455594353,83.94945232810981,77.69125217856427
VRNS,2022-12-19,22.940000534057617,64.11693379175135,109.76278099375378,92.2343885118406,84.02516429134064,77.68938176416749
VRNS,2022-12-20,23.38999938964844,63.770239032332086,109.84855266738296,92.25265993349215,84.02819405069837,77.68612691686651
VRNS,2022-12-21,23.8700008392334,55.29065666329826,109.9234414413559,92.31361753713038,83.98383414924928,77.61510247340844
VRNS,2022-12-22,23.61000061035156,52.88050993524907,109.62188444720002,91.12031210846231,83.80219655723954,77.60440808599571
VRNS,2022-12-23,23.420000076293945,43.914241013039806,109.56869463677045,90.26148919333214,83.80216071690853,77.59760302380903
VRNS,2022-12-27,22.649999618530277,43.39221758084135,109.72847470499482,90.3832345356205,83.86532603062278,77.65128621923053
VRNS,2022-12-28,22.690000534057617,43.35961078079525,109.6633929169322,90.38032268039204,83.4089508464572,77.63690733794706
VRNS,2022-12-29,23.790000915527344,43.9043910961109,109.69507546640112,90.50349423551512,83.619627017453,77.79134924911874
VRNS,2022-12-30,23.940000534057617,42.854019385631965,109.69218606400112,90.23350675518846,83.27641534210683,77.76121760171674
VRNS,2023-01-03,24.03499984741211,42.42287837048445,109.66830250361784,89.8940153847795,83.23119398020043,77.72877499226294
VRNS,2023-01-04,24.450000762939453,42.55708412190285,108.62150953516216,89.93147415294276,83.24218822078538,77.7543119417254
VRNS,2023-01-05,22.84000015258789,46.60587627254787,107.09185590631336,90.5267169787568,83.50572540436038,77.89533160762181
VRNS,2023-01-06,23.13999938964844,46.67203718425928,106.75627873211252,90.384961577776,83.49323094705034,77.66913706405467
VRNS,2023-01-09,23.770000457763672,46.63266365499508,106.83160220474102,90.47417755930216,83.33210058031736,77.66862987532153
VRNS,2023-01-10,24.200000762939453,46.59023341947131,106.8987808754592,90.2638239330506,83.30844689984607,77.67916016867008
VRNS,2023-01-11,24.88999938964844,46.992711679266414,107.03733151114396,90.3513013614154,83.1537111392705,77.71675074342829
VRNS,2023-01-12,24.51000022888184,46.89844161294944,106.1112065854498,90.20701544240842,82.87092666310303,77.71524870555207
VRNS,2023-01-13,24.61000061035156,46.5620189745315,106.01912226057908,90.19333671304236,82.86425186097026,77.70249060956121
VRNS,2023-01-17,25.31999969482422,46.32334008102393,106.090434053026,90.31810942950663,82.91233976792488,77.42372440200455
VRNS,2023-01-18,25.01000022888184,46.49661500913081,106.07341688196357,90.31980940586152,82.89275877484849,77.41089972677543
VRNS,2023-01-19,25.200000762939453,44.21195169088363,106.073547055099,90.32230280184623,82.88599709458381,77.29011395380097
VRNS,2023-01-20,25.71999931335449,44.29154762907106,106.13865446534928,90.2481185390014,81.54472625633953,77.29862219144373
VRNS,2023-01-23,25.799999237060547,43.79548470548336,105.87372463068924,90.08873946433808,81.49342490156003,77.22548903637401
VRNS,2023-01-24,25.56999969482422,44.05482702338029,105.81031045035203,90.09815911716755,81.27303461661693,77.12463858159637
VRNS,2023-01-25,26.290000915527344,44.15010611931463,105.95432924538795,90.21082917170092,80.87921731532374,77.16155119754984
VRNS,2023-01-26,26.799999237060547,42.37322342877117,106.03090579209504,89.82588235485444,79.44560113382884,76.89967112827225
VRNS,2023-01-27,26.729999542236328,37.03309153169543,106.01771975768509,89.82300468030017,79.4454654643582,76.86255346276502
VRNS,2023-01-30,25.65999984741211,39.1828135969808,54.71544181032552,90.06108295913118,79.2829960136038,76.94373359963433
VRNS,2023-01-31,25.84000015258789,38.92167415865125,54.65521620531052,89.70067305315922,79.07132049147621,76.89413109338142
VRNS,2023-02-01,27.13999938964844,41.14903346659261,54.661839753892686,89.81895840581909,78.87172091990999,76.37567463260841
VRNS,2023-02-02,27.309999465942383,38.89220794648623,52.806979480812856,89.36695721374318,78.70818968191811,76.31970358097536
VRNS,2023-02-03,26.420000076293945,40.25279003344737,53.20017226997671,89.41610272733011,78.75669580057368,76.36317009361142
VRNS,2023-02-06,26.229999542236328,40.077277117027705,48.04607928791596,89.09246711488342,78.75576424382507,76.31361483561425
VRNS,2023-02-07,28.540000915527344,46.22103761460842,49.30439790106576,90.10730469999464,79.33997064746274,76.72515094015658
VRNS,2023-02-08,28.559999465942383,46.053060289065776,44.62107872034351,90.10502869972328,79.30331866530716,76.72000869423272
VRNS,2023-02-09,27.61000061035156,46.08330881737536,44.47815750400987,89.60239737345532,79.25891969415768,76.70718479747919
VRNS,2023-02-10,27.479999542236328,46.180653572395215,44.49311882548772,89.13280347648318,78.61978578952734,76.55379770611178
VRNS,2023-02-13,27.670000076293945,44.521586801570336,43.8614810174926,89.07159788840569,78.56902201903799,76.55460504873913
VRNS,2023-02-14,27.31999969482422,44.81535043742848,43.47249199922564,89.06320467455188,78.55850315602957,76.56273519640989
VRNS,2023-02-15,28.26000022888184,45.61861359365562,43.6756760047447,89.05735898973248,78.49941421885353,76.64084478437871
VRNS,2023-02-16,27.09000015258789,47.50213338819336,44.74617922547747,89.31551993467694,78.57770480269537,76.710606883312
VRNS,2023-02-17,27.32999992370605,42.3931065897804,44.19168158603151,89.318368022965,78.56154025855723,76.69816467131768
VRNS,2023-02-21,26.93000030517578,42.75427263192027,44.37752979192506,89.34141562479869,77.9955006249862,76.6534860004154
VRNS,2023-02-22,27.36000061035156,42.38355603063776,44.17997326048248,89.16900518385191,77.977693365768,76.66750261782106
VRNS,2023-02-23,27.450000762939453,42.19814960994644,44.07046017771294,89.11357030291946,77.96843910463285,76.54369233955252
VRNS,2023-02-24,27.479999542236328,41.58988262136478,44.03138933626061,89.08360643779822,77.93206676713157,76.4881052743257
VRNS,2023-02-27,27.100000381469727,41.53499563439545,43.95736999833368,89.07611042212237,77.9460228628836,75.61612487753112
VRNS,2023-02-28,27.07999992370605,41.551109145868544,43.77386117242733,88.77501949097089,77.91943570284238,75.60400969788415
VRNS,2023-03-01,26.93000030517578,40.91907818757909,43.38635256656029,88.77057972727289,77.52081119726803,75.43579110585412
VRNS,2023-03-02,27.38999938964844,40.904576736374224,43.43358989958941,88.78025162526248,77.18019550335794,75.45226724766611
VRNS,2023-03-03,27.950000762939453,41.19058935260902,42.42223562784312,87.9714555531633,77.20881873216427,75.46296292918744
VRNS,2023-03-06,27.51000022888184,41.234128102060566,42.59860897447577,86.15843553171031,77.01979725931929,75.2961330170421
VRNS,2023-03-07,27.07999992370605,41.56083380990925,42.60414121990247,85.9503668433163,76.58898004223667,75.29289595731066
VRNS,2023-03-08,26.93000030517578,41.49733398963074,42.64374676106893,85.90962937049225,76.49106522916055,75.22316470274933
VRNS,2023-03-09,25.049999237060547,45.94688279404415,45.217943209913415,86.69322879776094,76.94555951276502,75.54653400205646
VRNS,2023-03-10,24.299999237060547,46.24193711790854,44.6041964259788,86.81509183465525,77.01988419341379,75.53448393675541
VRNS,2023-03-13,23.59000015258789,46.86871725160993,42.32507288536214,86.22353170052325,76.38844593591445,75.58068411028466
VRNS,2023-03-14,25.5,51.22000843331679,45.25338024809334,87.062880596559,76.61163570528872,75.96867305244122
VRNS,2023-03-15,25.649999618530277,51.20730260685789,45.16358461328621,86.9899640124473,76.12034678334747,75.25728916437548
VRNS,2023-03-16,25.809999465942383,49.0818720289084,45.15389691764831,86.96612323216515,75.93281380017349,75.13657072214981
VRNS,2023-03-17,25.3700008392334,49.22315794279106,44.477095830586144,86.99839239836628,75.94945661776052,75.02771605923715
VRNS,2023-03-20,26.020000457763672,48.97140625458393,44.59329840901503,87.07533878583622,75.84769290795792,74.94484651867587
VRNS,2023-03-21,26.850000381469727,49.78396937561448,44.84730427127096,87.03208469304703,75.78624394572991,74.71881870072846
VRNS,2023-03-22,25.979999542236328,43.92816958379716,45.341338036510415,87.1293064689148,75.71520054193525,74.78279648181177
VRNS,2023-03-23,26.18000030517578,44.02732081522484,45.31267966579368,87.12614080287528,75.68657673605237,74.63253120580728
VRNS,2023-03-24,25.729999542236328,43.27362896388741,44.89551286966342,87.16804234588331,75.53955238161907,74.62472632731911
VRNS,2023-03-27,25.459999084472656,43.33429923443411,44.970595109693946,87.17331796839191,75.53960814891315,74.62017921120537
VRNS,2023-03-28,25.149999618530277,43.32724205167106,44.04865962294565,51.74403662833069,75.36264928490691,74.60751290417468
VRNS,2023-03-29,24.88999938964844,43.28775782785929,44.0945740388076,51.73457639921273,74.94501258128679,74.57793652665097
VRNS,2023-03-30,24.549999237060547,41.93557534218864,44.18710059735356,51.44757786927702,74.90370908379731,74.54471830866089
VRNS,2023-03-31,26.01000022888184,44.111352934071945,45.60834341555272,51.13318681417807,75.17711208485586,74.77515946004361
VRNS,2023-04-03,25.399999618530277,44.4662815463476,43.59686447610164,51.0926791035338,75.21210532805418,74.80300714849416
VRNS,2023-04-04,25.700000762939453,44.49208397002428,43.583238836818296,47.739091022622,75.18400144836221,74.79137636819732
VRNS,2023-04-05,24.6200008392334,45.73816303634317,44.20817949326701,47.56825774545948,75.23087120795047,74.86996918441051
VRNS,2023-04-06,25.270000457763672,46.50236825482802,44.37549536635716,44.624820783224514,75.2165090501265,74.84389085881405
VRNS,2023-04-10,24.700000762939453,46.84529087310069,44.260018870281975,44.19051869469093,75.16010555478839,74.71481709818774
VRNS,2023-04-11,24.920000076293945,46.8726228615526,44.18194167498641,44.19868905443737,75.1129083259731,74.72259221893373
VRNS,2023-04-12,24.6299991607666,46.93852712666959,44.242328771007486,43.80824622090857,74.8352962945407,74.71741578107944
VRNS,2023-04-13,24.90999984741211,47.11779446517378,43.91015111743702,43.57085131073074,74.30402722036243,74.37737388507027
VRNS,2023-04-14,24.950000762939453,46.77367029618968,43.83965407446552,43.4796818312363,74.27725373309022,74.37137409468532
VRNS,2023-04-17,25.209999084472656,46.43168469965923,43.864143631781744,43.50043665121652,74.2877588589564,74.11230130106603
VRNS,2023-04-18,25.51000022888184,46.48135238243135,43.72841614282847,43.23489226626013,74.27093252894672,74.08121942404647
VRNS,2023-04-19,25.5,46.31410138141573,43.723214287802165,43.23216212402824,74.27070758205937,74.05708031475095
VRNS,2023-04-20,24.75,47.00621989311225,44.11009465830576,43.33589397369192,73.5400458656483,74.04659287597964
VRNS,2023-04-21,25.25,42.54087368782035,43.9254741114984,43.34098343607104,73.00913467127513,74.04662276277529
VRNS,2023-04-24,24.51000022888184,42.500404832006176,44.12426220015043,43.61535489296976,73.08315365101377,73.89316769865398
VRNS,2023-04-25,23.280000686645508,44.27112768064935,45.29863879906822,44.3181202563411,73.31932273109106,74.00187294716261
VRNS,2023-04-26,23.450000762939453,37.65597875519193,44.61796510561914,44.173965853480254,73.17939282116163,73.82231912103555
VRNS,2023-04-27,23.030000686645508,37.81645604796023,44.70979319243098,43.96911668736107,73.00592322855437,73.59572167525543
VRNS,2023-04-28,23.15999984741211,37.80355067544458,43.46199198219186,43.96618059723373,72.78296502755114,73.59021916708251
VRNS,2023-05-01,23.229999542236328,37.62592856801344,43.438836399611255,43.39486663113475,72.77184462058818,73.5646722682454
VRNS,2023-05-02,23.25,36.68727876595584,42.97775536319299,43.38781214396462,72.76755786691481,73.54247679218666
VRNS,2023-05-03,22.96999931335449,35.20189481630592,43.01423151483937,43.35835325731546,72.6647962059811,73.53666388006687
VRNS,2023-05-04,22.440000534057617,34.65047499786035,39.250524748508326,43.51162539293638,72.68108865745721,72.44780651806849
VRNS,2023-05-05,23.030000686645508,35.617697351529586,39.71828365575575,43.52136363187665,72.56330379808203,72.4597701292895
VRNS,2023-05-08,23.190000534057617,35.538384264942515,39.26848615329112,42.79831180339339,72.54398888606093,72.28389269002567
VRNS,2023-05-09,23.600000381469727,35.980795572194694,39.4886606914303,41.18813059723456,72.45784642081134,71.93189074341835
VRNS,2023-05-10,24.020000457763672,36.32030433421533,39.65935695378805,41.28403805724729,72.47804676748169,70.78150196918453
VRNS,2023-05-11,23.51000022888184,36.69468652739589,39.7970153235441,41.37028330200892,72.51749371874266,70.81102608238338
VRNS,2023-05-12,23.6200008392334,36.56581500509042,39.10261682983992,41.35717197165264,72.51078569687081,70.57020075621175
VRNS,2023-05-15,24.229999542236328,33.06535647413976,38.65823071877477,41.04050539711332,72.5737351757052,70.44499411922736
VRNS,2023-05-16,23.68000030517578,33.02277342382436,38.83150634276505,41.095737045135486,72.52284005646476,70.1398484055212
VRNS,2023-05-17,24.01000022888184,33.10598227772071,38.88487984659572,41.02756408581708,72.43330831283488,70.0230411684245
VRNS,2023-05-18,24.84000015258789,32.39411231904077,39.412902566051024,41.33955989937322,72.54930182996368,70.0738236907643
VRNS,2023-05-19,24.770000457763672,31.4664094634271,39.40037842093923,41.32017792902992,72.54954724405297,70.07058033702185
VRNS,2023-05-22,25.11000061035156,31.006880186395502,39.52213877903138,41.00894330075534,72.27157055618689,70.03473910593684
VRNS,2023-05-23,25.43000030517578,31.114706186580698,39.54083956619399,41.05038105402233,72.28511789317845,70.01757799876381
VRNS,2023-05-24,25.739999771118164,31.056985118964157,39.63296317144959,40.41721555019184,72.29943334486825,69.91631544749775
VRNS,2023-05-25,25.020000457763672,32.0772055017344,40.02266150903488,40.67085150915891,72.12376471245311,69.453481086563
VRNS,2023-05-26,25.649999618530277,32.86792481276347,40.20896277848716,40.85192243453479,72.02813741471604,69.4558412989081
VRNS,2023-05-30,25.540000915527344,32.77642862632024,39.96663795479612,40.7735473878937,71.71245459747493,69.43802743996692
VRNS,2023-05-31,26.280000686645508,33.62964079035158,40.320235143647615,39.50462710685497,71.73262873278686,69.36583303709988
VRNS,2023-06-01,26.0,33.79910100075824,40.25334306577823,39.50639283122944,71.5109459807926,69.31263025123879
VRNS,2023-06-02,26.479999542236328,32.89203245769121,40.426277946062896,39.38776732221736,71.53832845517604,69.31879458260471
VRNS,2023-06-05,25.920000076293945,33.13702501612846,37.80857901772167,39.45391345297004,71.57979370586975,68.88080507075941
VRNS,2023-06-06,26.770000457763672,33.0318951865297,37.79750133150929,39.532841616263816,71.22635143381821,68.92506551883675
VRNS,2023-06-07,25.959999084472656,30.511161194241566,37.83598159125087,39.76630657952448,70.98697203936716,68.9800225392058
VRNS,2023-06-08,25.84000015258789,30.582718606206704,34.350841326534194,39.77083066265205,70.94237398186034,68.9515622070243
VRNS,2023-06-09,25.5,30.321330841884397,34.43986993054376,39.57507244130964,70.93798884179861,68.96178189491921
VRNS,2023-06-12,25.8799991607666,30.495765855066665,34.55166797811923,39.593032285413805,70.84878517305206,68.95839097398567
VRNS,2023-06-13,26.56999969482422,31.18982665949578,34.77420955977728,39.79142635963628,70.9163650432779,68.68799255440156
VRNS,2023-06-14,26.34000015258789,31.408286559857075,34.44637681112199,39.68918726647354,70.91922452192458,68.39518843824149
VRNS,2023-06-15,27.1299991607666,31.850583367261848,34.37686910072688,39.95893436964244,70.99853206652561,68.45292767606456
VRNS,2023-06-16,26.479999542236328,31.92303980251379,34.06411782003694,40.12451275271467,70.91135995443771,68.32498426325097
VRNS,2023-06-20,26.13999938964844,31.748530065924584,34.135646035952135,39.93622672749774,70.88896688139971,67.97304544624417
VRNS,2023-06-21,25.600000381469727,32.554997824892524,34.21983609124937,39.95086242642896,70.9118974357962,67.92294991306193
VRNS,2023-06-22,25.540000915527344,32.30874141896411,34.15392403835476,39.95051567165409,70.88585420245454,67.91063413427601
VRNS,2023-06-23,25.0,32.70999566278397,34.34483276733733,39.5669079828658,70.71721616296749,67.93926680157884
VRNS,2023-06-26,24.709999084472656,32.23670441951387,34.36215676475108,39.59072612555303,70.7231022159087,67.38615384593074
VRNS,2023-06-27,25.190000534057617,32.629107733306675,34.46814709286987,38.918027049456,70.74039778684292,67.13031378503806
VRNS,2023-06-28,25.799999237060547,32.53448395376813,32.71680573622542,39.09968219591028,70.2072043663989,66.7688885069858
VRNS,2023-06-29,26.530000686645508,32.47057870807035,32.83722607065625,39.00614347132933,69.020029754193,66.67147746848532
VRNS,2023-06-30,26.649999618530277,32.331917982236426,32.76698571392647,38.9950229897163,68.84110070652056,66.6666372463241
VRNS,2023-07-03,26.459999084472656,31.135161474519645,31.533755096793247,36.594908826866,68.81248764491615,66.53334979163049
VRNS,2023-07-05,26.690000534057617,31.154988492860078,31.147126144814663,36.62474445217645,68.81940854110992,66.4132473983717
VRNS,2023-07-06,26.1299991607666,31.70342961968389,31.09645927786438,36.387935312503245,68.8565569571243,66.31147561331494
VRNS,2023-07-07,26.21999931335449,31.529055651972318,31.05721010371508,36.387190875421936,68.36858406660888,66.28279374874046
VRNS,2023-07-10,27.01000022888184,32.46364268241406,31.497916892003424,36.68326148976923,68.41465362881178,66.21596898568178
VRNS,2023-07-11,26.450000762939453,31.935225951238312,31.763255071612846,36.77759794990306,68.40302689172492,66.23966253218056
VRNS,2023-07-12,26.0,31.62472416097196,31.980040377698927,36.46170535267176,68.4128521926777,66.10368900258803
VRNS,2023-07-13,26.790000915527344,32.71529521675328,32.48043948272578,36.17305726172611,68.49930971874588,65.8229143963624
VRNS,2023-07-14,26.31999969482422,32.143881232533936,32.623874295012705,36.2512716263509,68.5174554467126,65.79780210195642
VRNS,2023-07-17,26.38999938964844,31.98806360116207,32.62621112425582,36.18089623460406,68.38582870177095,65.76069426715529
VRNS,2023-07-18,26.799999237060547,31.85960528158854,32.13855085105328,36.17616758173966,68.36835694722157,65.76654074218303
VRNS,2023-07-19,26.8799991607666,31.188007081496988,31.90457800931475,36.1754542759456,68.36105329575139,65.73210617214575
VRNS,2023-07-20,26.3700008392334,30.28660085492519,31.53984186143701,36.29948402672024,68.3985182557164,65.66254166948147
VRNS,2023-07-21,26.40999984741211,28.900625292886733,29.56546816207492,36.23587810029772,68.39143621515447,65.59808003407899
VRNS,2023-07-24,26.350000381469727,28.87177454162744,29.558874721935773,36.23721697540803,44.25898455693984,65.51779169764156
VRNS,2023-07-25,26.90999984741211,29.14585369121692,29.514164302260504,36.38403076347276,44.27076604909267,65.50488680567986
VRNS,2023-07-26,27.420000076293945,29.322517882916387,29.69429202401852,36.40697770468354,44.0925341204469,65.29127623238716
VRNS,2023-07-27,28.0,28.97307570065316,29.925591491390684,36.41693729983392,43.50947269030904,64.87340535034478
VRNS,2023-07-28,28.030000686645508,28.805015371886704,29.924946627316185,36.32802044045669,43.3380493940364,64.85265109779938
VRNS,2023-07-31,28.700000762939453,28.36132910914973,30.044009948470837,36.42582480556636,41.19076792800524,64.89442115538479
VRNS,2023-08-01,31.90999984741211,40.47751845086541,36.14619207330077,40.07135695980776,42.52317651847889,65.72126429955024
VRNS,2023-08-02,30.549999237060547,42.65142573751389,37.28546934136951,38.96146502319012,40.99740129553775,65.87104481518381
VRNS,2023-08-03,30.26000022888184,42.173151966197,37.39617586009248,38.6597030011651,40.655888526383904,65.23648190421147
VRNS,2023-08-04,29.790000915527344,42.56488291189044,37.5181067954988,38.42933934965446,40.70589811014543,64.80700285097258
VRNS,2023-08-07,30.399999618530277,42.01945946709285,37.563138182123,36.592034283085454,40.5045240862792,64.8357593054196
VRNS,2023-08-08,30.790000915527344,41.695776118753344,37.22838335443118,36.62799108909172,40.360737197436656,64.84141948507998
VRNS,2023-08-09,30.530000686645508,41.781835594184045,37.32318496779294,36.65743693050824,40.32388975657108,64.73718689105078
VRNS,2023-08-10,30.8799991607666,41.48207221297404,37.09192731518204,36.56359517105612,40.33865917508429,64.57498440927736
VRNS,2023-08-11,30.56999969482422,41.19873004519394,36.7842309602551,36.42003639770995,40.18982672264512,64.41094812012234
VRNS,2023-08-14,30.600000381469727,41.21302358640395,36.73551029804971,36.10548371379266,40.18714689089384,64.39739619372095
VRNS,2023-08-15,30.59000015258789,41.0910191135475,36.2102334893047,35.686833641985125,40.07364262624096,64.39500497107969
VRNS,2023-08-16,30.309999465942383,41.27209504425162,36.28102714701711,35.71463952239442,40.04236779069045,64.31839937668848
VRNS,2023-08-17,29.690000534057617,41.24358040223549,36.54638152739798,35.76313238868166,40.12317325195817,64.32352588900329
VRNS,2023-08-18,29.770000457763672,41.24543950516343,36.48843588541332,35.71195582151142,40.05550419210399,64.1588073623654
VRNS,2023-08-21,29.729999542236328,40.556232011559786,36.44315342082283,35.64647266123254,39.96940707260496,64.14134410829652
VRNS,2023-08-22,29.68000030517578,39.93903080239743,35.88681222298348,35.59822036335012,39.79565563275591,64.03669841228512
VRNS,2023-08-23,30.229999542236328,39.64179249424345,35.74075284007675,35.60701223818101,39.83528514843348,64.04911247485857
VRNS,2023-08-24,29.65999984741211,39.50848083234483,35.99141233568261,34.623254782217245,39.54744934789831,64.07650557447047
VRNS,2023-08-25,30.940000534057617,40.534702779401606,36.520329584683466,34.990761970200296,39.82761567402248,64.20886976445675
VRNS,2023-08-28,31.270000457763672,40.553614081655184,36.44670633488899,34.983174636250055,39.78418362517719,64.21416629191418
VRNS,2023-08-29,31.649999618530277,40.495299579229375,36.358030785088864,34.26887564183146,39.79257537188515,64.13923277288966
VRNS,2023-08-30,31.86000061035156,40.488999408868025,36.00827235962984,34.06720148312792,39.70238355137493,64.04560188419406
VRNS,2023-08-31,31.93000030517578,39.81896366827718,35.503831321919904,33.82806315449366,39.28495029839584,64.04577886971994
VRNS,2023-09-01,32.2400016784668,39.80252941159001,34.8265970166672,33.83206456267068,38.32336145604764,64.05214765699286
VRNS,2023-09-05,32.06999969482422,39.870735211976815,34.83346432830379,33.778400122696404,38.32960343698122,63.80536281949224
VRNS,2023-09-06,31.63999938964844,40.03651665652998,34.83874184375317,33.84586142451408,38.33008538801382,63.818813536099086
VRNS,2023-09-07,30.989999771118164,40.52518252450336,35.11147629391556,34.04467460542111,38.413517339271856,63.85527757504734
VRNS,2023-09-08,30.559999465942383,40.526558205772986,34.93942295183606,34.11464906134377,38.1317192436821,63.67436099576309
VRNS,2023-09-11,31.56999969482422,41.41705770607545,35.40161507077011,34.42416622006406,38.2491651034998,63.63342079742412
VRNS,2023-09-12,31.07999992370605,41.36104179620625,35.16569497019593,34.53756687459234,38.238981823144655,63.40668448418762
VRNS,2023-09-13,31.09000015258789,27.393165917333533,34.7322255637889,34.15976377720055,38.21069386245288,63.35830065340971
VRNS,2023-09-14,31.57999992370605,24.608312886550188,34.67754674113983,34.10913841034287,38.229774166876304,63.18314273131015
VRNS,2023-09-15,30.850000381469727,25.44205003742616,34.75564439506063,33.97205450619979,38.11829700280671,63.2203492899165
VRNS,2023-09-18,31.559999465942383,25.737601093439014,34.96738643162913,33.0106743511566,38.199483917477785,63.25869540894584
VRNS,2023-09-19,31.399999618530277,25.21073905847433,34.6297443052835,33.028628307741606,37.82199646929145,62.88283436994727
VRNS,2023-09-20,31.61000061035156,25.027086968972107,34.483524403028845,32.861446768197865,37.82269470650331,62.625324975276754
VRNS,2023-09-21,30.399999618530277,27.46695936821425,35.44552338250399,33.53413530899508,38.1248846761241,62.70941709368155
VRNS,2023-09-22,30.540000915527344,27.288738418341207,35.18155668643005,33.53542589230097,38.08052258746763,62.69218971708072
VRNS,2023-09-25,30.34000015258789,27.198719535613357,34.83914713527709,33.5667357947797,37.18837053658344,62.60197342213455
VRNS,2023-09-26,29.899999618530277,27.51082001519052,35.00577458441129,33.59698430863568,37.21223821521954,62.61883782908346
VRNS,2023-09-27,30.18000030517578,27.66603298403491,34.98622638957302,33.353283025409766,37.10114394745203,62.620666127367095
VRNS,2023-09-28,30.5,27.715386829918188,35.00330140765052,33.17215967275312,37.06490649866217,62.62377602585967
VRNS,2023-09-29,30.540000915527344,26.99963297067867,34.66209382724768,33.16640589246397,36.92720445689195,62.50942470974202
VRNS,2023-10-02,30.350000381469727,27.073323414193336,34.70881353932521,33.11149306239528,36.8854355153226,62.47983192992989
VRNS,2023-10-03,29.81999969482422,27.583137991603607,34.47577689845756,33.174525422718354,36.95077322589819,62.48876223235609
VRNS,2023-10-04,30.0,27.63012528814013,34.162260307162114,32.96254485507206,36.81189283203828,62.47160754163984
VRNS,2023-10-05,29.950000762939453,27.10076779441447,33.93602253066253,32.966977773911616,36.77943401020238,62.30636472059229
VRNS,2023-10-06,30.950000762939453,28.137189323733143,34.0421479816533,33.118410751421294,36.96409089484417,62.388000624572406
VRNS,2023-10-09,30.76000022888184,25.397406542386985,33.83252984554546,32.89694688403074,36.902630579369855,62.370900735093485
VRNS,2023-10-10,30.31999969482422,25.507388736229387,34.01153733204214,32.95718590716023,36.94667695714728,61.90013147705241
VRNS,2023-10-11,30.43000030517578,25.24617653413046,33.90317838850816,32.56505636524587,36.929429263756816,60.86970643421892
VRNS,2023-10-12,30.040000915527344,25.347216088633427,34.04181447283078,32.64247134091567,36.82725768507177,60.74195054792442
VRNS,2023-10-13,30.57999992370605,25.966556176620717,33.910276977151284,32.687376630936136,36.81776341156253,60.738956438816594
VRNS,2023-10-16,32.630001068115234,32.202289089056755,36.24101733693566,34.14113735714911,37.58954306357409,61.07549022987892
VRNS,2023-10-17,33.849998474121094,33.81728635687229,36.84997732793682,34.53842172873983,37.49074691668894,61.16908502220279
VRNS,2023-10-18,33.029998779296875,34.396640445831835,37.1414059225919,34.45550050070502,37.61146277378076,60.84123650160191
VRNS,2023-10-19,33.0,33.759058360852016,37.01257315379807,34.27734709781509,37.18116450491547,60.8087386644811
VRNS,2023-10-20,32.220001220703125,34.2894092036007,37.22971680299055,34.51738413708655,37.29338461720943,60.81049820905532
VRNS,2023-10-23,31.8799991607666,33.18884910552644,37.32354422554733,34.318962851392435,37.09858549204918,60.8066325576351
VRNS,2023-10-24,32.540000915527344,33.33011154272751,37.2520515402205,34.38375159333893,37.15654363242213,60.83497175695681
VRNS,2023-10-25,31.3799991607666,35.08903846577502,31.22350996430824,34.824440473424026,36.08044413915342,60.93534233400258
VRNS,2023-10-26,31.09000015258789,34.88585577538766,29.959061496855888,34.67310034964536,36.09910633972914,60.84136294509215
VRNS,2023-10-27,31.51000022888184,34.41730557442783,30.006711445617096,34.37964182838918,35.89940569697576,60.81882541579202
VRNS,2023-10-30,31.5,33.77658984559229,29.814248601747224,33.98784446910538,35.89376912214471,60.813215108156406
VRNS,2023-10-31,33.63999938964844,38.73346089852088,32.415756186592965,35.44583307228385,36.701331155093634,61.160786888123766
VRNS,2023-11-01,33.56999969482422,38.7307089669617,32.342044245599666,35.36270837864817,36.666513697564525,61.15419495997209
VRNS,2023-11-02,33.34000015258789,36.84553846599104,32.32268002084411,35.342157264314785,36.47149874454675,42.38270797753909
VRNS,2023-11-03,34.38999938964844,37.72483408514477,32.82592200592098,35.43032839565733,36.279767836632175,42.44656907549626
VRNS,2023-11-06,33.970001220703125,37.89948121119831,32.86298670247144,35.46401530412758,36.304338685159486,42.30759844148847
VRNS,2023-11-07,35.2599983215332,38.68821043843796,33.65830778430421,35.634429354027375,36.5036997310701,41.9761130231656
VRNS,2023-11-08,35.36000061035156,38.67817674956554,33.65375288496664,35.37296810563606,36.46416562411744,41.84946805389996
VRNS,2023-11-09,35.310001373291016,38.692003680298406,33.576788571173914,35.28907527616356,36.46503174093608,40.223907144113774
VRNS,2023-11-10,35.560001373291016,38.68175681060438,33.237165592057714,35.08589827258306,36.47115094848725,39.88685797632771
VRNS,2023-11-13,35.880001068115234,38.5460593070222,33.25943402022405,35.08559687762356,36.43599006201831,38.448790719449605
VRNS,2023-11-14,37.93000030517578,40.50458571611601,34.93624854747087,35.82089828452698,36.99075569675519,38.54283408586369
VRNS,2023-11-15,38.04999923706055,40.52533129223694,34.91633928463811,35.73125929326323,36.980493978303016,38.53926699562585
VRNS,2023-11-16,37.869998931884766,40.59827574375859,34.83536652085835,35.67908812275718,36.94550548917738,38.353964289222056
VRNS,2023-11-17,38.65999984741211,40.09580415039748,34.67538038054885,35.63639836265956,36.94839642997648,38.27211235180192
VRNS,2023-11-20,39.209999084472656,39.92980645115915,33.83353563558777,35.4683497266879,36.91688476551362,38.24576422014065
VRNS,2023-11-21,39.4900016784668,39.35919223404112,33.811725519175376,35.47188884950604,36.86144898458993,38.2484932345205
VRNS,2023-11-22,39.540000915527344,39.392081468558224,33.77246495845369,35.43005351994425,36.8503530776685,38.11378476673645
VRNS,2023-11-24,39.970001220703125,38.85660344289822,33.79887473502634,35.438916510033145,35.7816890675796,38.12061893461164
VRNS,2023-11-27,40.34999847412109,38.77696103079147,33.8171295852726,35.21655729904528,35.57448177007932,38.04352524374758
VRNS,2023-11-28,40.27999877929688,35.10285320760368,33.81486861482741,35.22952683405162,35.368508331055644,38.00814390261765
VRNS,2023-11-29,41.470001220703125,34.610472767860564,34.15714593434335,35.21919393310056,34.37184809473613,38.09275131966281
VRNS,2023-11-30,41.88999938964844,33.32099929104477,33.97412403367377,34.9969345193131,34.38091662414276,38.04483110357243
VRNS,2023-12-01,43.08000183105469,33.70706706674962,33.88471206230495,35.01671726204121,34.50855489608769,38.06767856951596
VRNS,2023-12-04,44.0,32.400647440830056,33.787076623429115,34.88514590455504,34.49315885921336,37.98888563680214
VRNS,2023-12-05,44.41999816894531,31.786705945657257,33.344129273827924,34.7021281187626,34.40028804041669,37.985808834388415
VRNS,2023-12-06,43.540000915527344,32.89037246280319,33.475220371794464,34.93076110389751,34.339917587901176,37.770070314428544
VRNS,2023-12-07,43.5,30.067230934398665,33.48457112327111,34.90309046276881,34.080287321982674,37.76597043907313
VRNS,2023-12-08,43.619998931884766,29.563649357497543,33.423618863621755,34.903415690648984,34.075492497143614,37.72075128161397
VRNS,2023-12-11,44.2400016784668,29.56868793737713,32.92473979409602,34.72027186355909,34.01650159321764,37.7320308708183
VRNS,2023-12-12,44.560001373291016,29.391440994667317,32.74066164060323,34.716762395368804,33.9817157786466,37.66817551354803
VRNS,2023-12-13,44.470001220703125,24.731317628883723,32.70339873595249,34.71539527784566,33.93814865131296,37.367180341824266
VRNS,2023-12-14,44.310001373291016,24.796030869080447,32.7594698778139,34.650266793044594,33.909464842903134,36.66032932111816
VRNS,2023-12-15,44.2599983215332,24.52573602298366,31.447128067491803,34.59268002068529,33.85343365084172,36.65928110065598
VRNS,2023-12-18,45.310001373291016,24.041150350680805,31.64119831212948,34.62484035925692,33.31491245585124,36.6846985186628
VRNS,2023-12-19,45.459999084472656,23.24200531355732,31.53049685832888,34.62050989802303,33.16178007676298,36.68075020926658
VRNS,2023-12-20,44.63999938964844,23.0865256382246,31.64283165706155,34.67940404828524,33.24279756659102,36.48432202644945
VRNS,2023-12-21,45.040000915527344,23.03863034840812,31.641510724086974,30.626713076705308,32.79583861214129,36.450908447731344
VRNS,2023-12-22,45.09000015258789,22.959840550237026,31.651265978815022,29.68829841007602,32.68536231457347,36.40777487523012
VRNS,2023-12-26,45.43000030517578,22.958329316168776,31.6332194128612,29.61524548927303,32.54198390989049,36.3859729479173
VRNS,2023-12-27,45.40999984741211,23.0913230321727,31.55474171668009,29.455459352106377,32.53854489577607,36.37148279057129
VRNS,2023-12-28,45.65999984741211,18.12813181013469,31.146374210842144,29.343640797526543,32.49023055692529,36.191891927110056
VRNS,2023-12-29,45.27999877929688,18.5962661793345,31.30663484062412,29.37597589888949,32.50642304592103,36.20889852294517
VRNS,2024-01-02,44.52000045776367,19.509348012012413,31.638612806031865,29.49662609047837,32.594024014574266,35.98379668020748
VRNS,2024-01-03,42.9900016784668,22.20383008374779,32.282548459965135,30.10367691974347,32.89408054008062,36.176065119601205
VRNS,2024-01-04,42.7599983215332,22.11463241762393,32.27074361972624,30.05945909740209,32.891760405182666,36.18384524319175
VRNS,2024-01-05,42.52000045776367,22.21122060147773,32.08918821301917,30.0910456774553,32.90490360130951,36.16171971987826
VRNS,2024-01-08,43.7400016784668,23.431791027983675,32.41953465502809,30.345298645007503,32.810632625804075,35.55980062347726
VRNS,2024-01-09,44.77000045776367,24.04624194862522,32.36417317153504,30.4350932920094,32.83656672318086,35.60470680965962
VRNS,2024-01-10,45.38999938964844,24.166221523105182,32.31497521374187,30.217552102911256,32.62518077481405,35.53916923309208
VRNS,2024-01-11,46.68999862670898,25.099691773463643,30.30085381115143,30.455320809434216,32.09559224474875,35.59881403463666
VRNS,2024-01-12,46.540000915527344,24.121875197341407,29.669278070568723,30.46592169785204,32.10391373646729,35.5112083858636
VRNS,2024-01-16,45.93000030517578,24.53870525915038,29.270958796288287,30.579791212548123,32.06226147105999,35.500813315954126
VRNS,2024-01-17,45.36000061035156,23.756381902867265,29.474640140866764,30.61252541519192,32.11959869606448,35.532024031749884
VRNS,2024-01-18,44.40999984741211,23.91547481459287,29.363206936634377,30.65527536841376,32.254373542607404,35.513660154507406
VRNS,2024-01-19,44.59999847412109,23.78850238001949,29.175591503914426,30.03679072140897,32.2528192586661,35.484163274279254
VRNS,2024-01-22,45.45000076293945,23.596192515110022,29.142285582461376,30.11410268203213,32.248439377501406,35.51904714819604
VRNS,2024-01-23,45.22999954223633,23.65768875942833,27.89865563789167,30.11469713424865,32.10328464555999,35.47975667430862
VRNS,2024-01-24,45.22999954223633,23.65644085583373,27.744534563550744,30.115985922364423,31.99892860910979,35.48035521118747
VRNS,2024-01-25,45.52000045776367,23.394787358799928,27.704307284606188,30.11870947143655,31.99824746238664,35.464980156505845
VRNS,2024-01-26,45.2400016784668,23.405181373881145,27.78832750942817,30.141727895235093,31.977424351550138,35.382466945572176
VRNS,2024-01-29,46.02000045776367,23.876859736395524,24.970574080291502,30.18713305037113,31.97411991684574,35.372843875707574
VRNS,2024-01-30,46.43000030517578,23.9350209850084,24.93456672067606,30.073030540047323,31.84040057460035,35.3759694348451
VRNS,2024-01-31,44.880001068115234,26.05222695976589,26.094731524512344,30.41868892382953,32.15165459243966,35.29832578074827
VRNS,2024-02-01,45.81999969482422,25.85502522579505,25.7389712874939,30.404198456386236,32.11078067818439,35.34367672772039
VRNS,2024-02-02,45.40999984741211,25.979085852518025,25.654244480670947,30.127718779464423,31.990778079624256,35.04730325028386
VRNS,2024-02-05,45.540000915527344,25.410253416104155,24.74942172814169,29.969112013305025,31.967755988956764,35.04486335963438
VRNS,2024-02-06,48.59999847412109,31.474779671973764,27.70231796524689,31.49835791946441,32.58884938225441,35.42878506886835
VRNS,2024-02-07,48.45000076293945,31.514840837142224,27.72179623495058,31.469594006080243,32.58962657678176,35.41991900050469
VRNS,2024-02-08,50.68999862670898,33.852350749174896,28.90336582262606,31.81615001790756,32.93682584078126,34.71905195245149
VRNS,2024-02-09,51.97999954223633,34.39070030838618,29.165087429166608,31.85218945870995,33.01644652200095,34.79376695544129
VRNS,2024-02-12,49.959999084472656,36.68849420399025,28.803383854607844,32.59398675474208,33.40231301445317,34.85922152594104
VRNS,2024-02-13,48.38999938964844,37.93741561565274,29.75968232963008,33.104887694994225,33.453009768900586,35.0204730498283
VRNS,2024-02-14,49.91999816894531,38.38449616198037,30.21378429688305,32.639831840375976,33.51701321560847,35.136435587837525
VRNS,2024-02-15,49.93999862670898,36.6064048708517,30.039045005409893,32.64781559939795,33.505840027180845,35.10440942988597
VRNS,2024-02-16,49.4900016784668,36.71252061370998,30.08963735257142,32.67240691800298,33.408748916529944,34.980575958381124
VRNS,2024-02-20,48.25,37.63772754221787,30.67155304302419,32.880025418929385,33.541450101836794,34.80501937343801
VRNS,2024-02-21,47.09000015258789,37.80263859326007,31.18983054023459,33.1944225037693,33.65465233697879,34.90035901581575
VRNS,2024-02-22,49.02000045776367,38.911681538845485,32.07500717311416,33.66267400893942,33.80946420029504,35.06494766215622
VRNS,2024-02-23,49.0099983215332,38.787291626073575,32.058167195564735,33.66746607105311,33.63891957837857,35.03979298190856
VRNS,2024-02-26,50.45000076293945,38.82926925143732,32.469177568304026,33.8387604989806,33.528616326975715,35.140849543707986
VRNS,2024-02-27,50.91999816894531,38.83591172068535,32.05921092062573,33.64831867616999,33.5203824312962,35.14727930243156
VRNS,2024-02-28,50.34999847412109,38.76975148226516,32.16799399576924,33.75119246957677,33.5069991051879,35.13581418430075
VRNS,2024-02-29,50.79999923706055,38.51901376962726,31.77094416407515,33.73831302528934,33.486978784668366,35.14022605924975
VRNS,2024-03-01,51.11000061035156,37.78849022638904,31.54794271775444,33.44807452973983,33.38044314488288,35.13272743808571
VRNS,2024-03-04,50.4900016784668,38.1045181989859,31.655545957287305,33.51320652001758,33.40127598834115,35.13371594635773
VRNS,2024-03-05,48.7400016784668,39.490907752892106,32.26047738163278,33.98056980425048,33.572885819509885,35.289389359652986
VRNS,2024-03-06,49.77000045776367,39.78861622948242,32.48900312799137,34.07671577154217,33.47712532609335,35.291928689344175
VRNS,2024-03-07,50.2400016784668,39.81641140240021,32.521982269217986,33.963576400637486,33.42705763421922,35.25197759732134
VRNS,2024-03-08,49.810001373291016,39.95857449797454,32.50428347773044,33.971502701093705,33.33177657723535,35.26022372817625
VRNS,2024-03-11,49.63999938964844,39.91162479383088,32.50419546849146,32.60321179766007,33.33475564176127,34.456553534645565
VRNS,2024-03-12,49.54999923706055,39.71098954917217,32.50318332634421,32.19637230262363,33.20783542377677,34.298980631841395
VRNS,2024-03-13,50.0099983215332,39.71633538565271,32.51851161776257,31.884677922626125,33.16284451503874,34.14938762891155
VRNS,2024-03-14,49.06999969482422,38.74792699613546,32.796733168979415,32.08595940525731,33.22246725706064,33.38207821531295
VRNS,2024-03-15,48.90999984741211,38.41524825592862,32.496408486271434,31.79521406561257,33.14515050936666,33.38559268300341
VRNS,2024-03-18,49.150001525878906,38.275134936014986,32.50228562939775,31.706864850359235,33.01876408488135,33.38439946366585
VRNS,2024-03-19,48.84999847412109,38.35905827142312,32.286247204621304,31.642949232140744,33.03780778583993,33.336961658516415
VRNS,2024-03-20,49.18999862670898,33.49524045834907,32.26932643038313,30.97647898646811,33.016694378686765,33.261926586717934
VRNS,2024-03-21,49.060001373291016,33.49145646481406,32.28029124095727,30.919183692621544,33.01866549614284,33.13922769954545
VRNS,2024-03-22,47.970001220703125,31.299898586789556,32.62101595900198,31.181221310356836,33.03224429786831,33.04355557516925
VRNS,2024-03-25,47.59999847412109,30.271797950111363,32.6681939758055,31.230864245916717,33.05842639257088,33.05497991518648
VRNS,2024-03-26,46.70000076293945,28.64928926744344,32.904477147881515,29.84406500398795,33.014348264744456,33.06592059754483
VRNS,2024-03-27,47.310001373291016,27.54159519342543,32.95309923754341,29.870921360842395,32.911133310761336,33.0573626967812
VRNS,2024-03-28,47.16999816894531,25.831701994538903,32.7571899417032,29.843012117381107,32.83007773189068,33.02890689510262
VRNS,2024-04-01,46.810001373291016,25.875250125312,31.94567402645008,29.564768189611502,32.70197859465709,33.01933732174361
VRNS,2024-04-02,45.54999923706055,26.81989284551402,32.456316775923064,29.857678561024493,32.80732416626254,33.11383596888684
VRNS,2024-04-03,46.470001220703125,26.71973097411624,32.65523697786736,29.475458336162795,32.8685136954127,32.69309213976493
VRNS,2024-04-04,46.72999954223633,25.867178717161508,32.18725523096493,29.478854201544635,32.83739502260003,32.58997865740896
VRNS,2024-04-05,47.810001373291016,23.9297713102747,32.17481595982899,29.64197667770589,32.920514170023466,32.64076293324511
VRNS,2024-04-08,47.5,23.9849992177682,32.102174116655576,29.67325946191513,32.833492610428884,32.333957138835046
VRNS,2024-04-09,46.630001068115234,22.73724460548661,31.82067354465096,29.849804641514226,32.933669803049995,32.31642593021594
VRNS,2024-04-10,45.56999969482422,23.188839042640588,32.16181317991864,28.89285698823895,33.07274748191248,32.31784165597447
VRNS,2024-04-11,45.709999084472656,23.15481487602287,32.056957629917434,28.89275423658996,33.003438136358824,32.311447101702704
VRNS,2024-04-12,44.52000045776367,23.79849916504261,32.41104060834148,29.220404376573484,33.13069868253653,32.40895938909615
VRNS,2024-04-15,42.93000030517578,25.3063297658176,32.9736644006388,29.67349272490233,33.37936732472715,32.62659298840469
VRNS,2024-04-16,43.959999084472656,26.62449554666837,33.334106425237216,29.81963863802237,33.47426313800192,32.697618066321915
VRNS,2024-04-17,43.5099983215332,25.06337471806616,33.15502174543257,29.8588845851227,33.41344668261696,32.71136515911488
VRNS,2024-04-18,43.18000030517578,23.960235089871905,33.17451777877806,29.889894132160364,31.07106995134713,32.71147759918512
VRNS,2024-04-19,43.34000015258789,23.72382892178547,33.18685593825016,29.85099944857934,30.602076060141304,32.71092090632329
VRNS,2024-04-22,44.02999877929688,24.43830805030065,33.32847674043416,29.91458807890457,30.6150726430276,32.58142772336032
VRNS,2024-04-23,44.790000915527344,25.20150411182528,33.50206064521542,30.022207478885747,30.59329611667657,32.56694447819024
VRNS,2024-04-24,44.869998931884766,25.24306848790441,33.31153122359531,29.68371186612387,30.5182378831502,32.40795301319726
VRNS,2024-04-25,44.84000015258789,24.97701535056511,33.25520346535518,29.64710950797796,30.49400691789813,31.954878187044237
VRNS,2024-04-26,45.33000183105469,24.88201045849013,32.59612445314882,29.368416371763484,30.485537803486224,31.96217349259945
VRNS,2024-04-29,44.88999938964844,24.96704493797457,32.37268463571292,29.225291726149965,30.49837788826724,31.91891033469036
VRNS,2024-04-30,43.75,25.706842323882423,32.74315638864964,29.473831654710587,30.64195073881677,32.04325535371367
VRNS,2024-05-01,43.43999862670898,25.71593136293149,32.76164889832707,29.323363322897823,30.660660430759425,32.05769355096501
VRNS,2024-05-02,44.18999862670898,26.252888643625845,30.005808456563138,29.44885635210005,30.71188510795391,32.09063405372428
VRNS,2024-05-03,43.77000045776367,26.30789934138687,30.048815287163684,29.485987273275438,30.713739175731376,32.0798843188676
VRNS,2024-05-06,44.59000015258789,26.465409374780247,28.74092995625432,29.548426987046927,30.65607964969933,32.013807697651515
VRNS,2024-05-07,45.0,26.62353362661619,28.276257172267584,29.56198584460489,30.666892902746905,31.9354142804228
VRNS,2024-05-08,45.63999938964844,26.49701332509314,27.385067092743498,29.643486638082244,30.695638360895007,31.9531751615746
VRNS,2024-05-09,45.18999862670898,26.295007790523066,26.703580527577547,29.68127402063204,30.726385705872367,31.943035668212627
VRNS,2024-05-10,44.5099983215332,26.58890059204271,25.989967904440736,29.78065729135525,30.73625641459866,31.95616491300829
VRNS,2024-05-13,44.11000061035156,26.617400288993004,26.02593521436654,29.576904144523137,30.66186560120553,31.886882895120948
VRNS,2024-05-14,43.790000915527344,25.57578187802239,26.00816894916945,29.59208453823252,30.309213025062917,31.901100550048504
VRNS,2024-05-15,44.56999969482422,25.41478771507689,25.853739234838592,29.58966239814369,30.34906010935992,31.853820401065835
VRNS,2024-05-16,43.4900016784668,26.1836968233819,25.861173283393256,29.808175985432825,30.48618030971812,31.86675673331672
VRNS,2024-05-17,43.130001068115234,25.108595717174865,24.406468228152825,29.833943546689028,30.503913302242573,31.863997550978603
VRNS,2024-05-20,44.150001525878906,26.258060997228466,24.95818360109029,30.04712342454916,30.611665519778654,31.775692666107847
VRNS,2024-05-21,43.7400016784668,25.903517577383766,24.167637668575228,30.081405905878217,30.625475550276335,31.79284801863996
VRNS,2024-05-22,44.81999969482422,26.226010888325906,24.672298183666275,30.323872611586328,30.73136598345077,31.849650755679463
VRNS,2024-05-23,44.54999923706055,26.24961708388692,24.61294615009397,30.31021736238853,30.69154182731351,31.843467706232936
VRNS,2024-05-24,45.06999969482422,25.33292098238941,24.67050944903825,30.246865483269787,30.59389652688891,31.84191231594326
VRNS,2024-05-28,45.720001220703125,23.09971556556233,24.842815440234038,29.79992132159276,30.56802732121241,31.716034022035267
VRNS,2024-05-29,44.81999969482422,23.01073538628148,25.028502796511788,29.96273641433242,30.46591331270056,31.71334526960377
VRNS,2024-05-30,43.41999816894531,24.675488842914188,24.837131500862515,30.381663749344632,30.655612434924446,31.888113501673747
VRNS,2024-05-31,42.959999084472656,24.77170035968009,24.436575767809845,30.09306456051123,30.69082218960236,31.802467785891164
VRNS,2024-06-03,42.15999984741211,25.318403011522143,24.53552661655757,29.99935324060068,30.74260144975179,31.845039990021647
VRNS,2024-06-04,41.5,25.160267204489703,24.650354460897404,30.00597164434708,30.66861199635536,31.85141143191672
VRNS,2024-06-05,42.84999847412109,26.478354219063284,25.67536833526797,30.10506339463304,30.77768511501068,31.909075975379043
VRNS,2024-06-06,42.27000045776367,26.689390217655788,25.77679488111544,30.171117241113,30.82077105856008,31.801809413211245
VRNS,2024-06-07,42.36000061035156,26.713702425954764,25.67768970243702,30.110984001577837,30.815053900113803,31.63358779821017
VRNS,2024-06-10,42.70000076293945,26.60713536890068,25.54509251875941,30.08430761808937,30.44165022584068,31.6324356135384
VRNS,2024-06-11,42.959999084472656,26.601284813171432,25.60188271880039,29.92071294322916,30.44399855653016,31.597969732409936
VRNS,2024-06-12,42.52000045776367,25.740578140938524,25.612307898587787,29.953009886644452,30.461764327292563,31.59614806143233
VRNS,2024-06-13,41.84000015258789,26.058490154634555,25.755707724808712,29.892531455169724,30.473815989729264,31.55284634889114
VRNS,2024-06-14,42.81999969482422,26.483364083355728,26.22186018643192,30.126217015527963,30.565255576867184,31.607156037475317
VRNS,2024-06-17,43.70000076293945,27.06048105060215,26.629407354790573,30.30816004612365,30.62598902816823,31.539699339887424
VRNS,2024-06-18,43.33000183105469,26.57523145749428,26.32134144230135,30.31612982727602,30.651090741511616,31.44783319569958
VRNS,2024-06-20,43.33000183105469,26.40455693246817,26.293173996454613,30.30253874807695,30.636522608980204,31.412987214878346
VRNS,2024-06-21,44.220001220703125,26.777628669668857,26.41199043551426,30.35451484499801,30.623857588884363,31.381911746692357
VRNS,2024-06-24,43.31999969482422,27.25751975450549,26.55283647764533,30.48505491730008,30.73835370581706,31.460997770899347
VRNS,2024-06-25,43.310001373291016,26.94458351916838,26.5521702105436,30.01492408632449,30.73638245470509,31.373589816382854
VRNS,2024-06-26,43.45000076293945,26.8577636704246,26.53666868434936,29.82999511822328,30.51763050119461,31.342923728556784
VRNS,2024-06-27,45.959999084472656,31.3797356647958,28.47806237072418,31.124541577478222,31.170243195241905,31.758678711679234
VRNS,2024-06-28,47.970001220703125,33.28566828083018,29.521477372030947,31.851472958763832,31.473900067119903,31.94279535709228
VRNS,2024-07-01,47.4900016784668,32.52178282011873,29.581090586383034,30.1660397351892,31.50892746968944,31.86471280838949
VRNS,2024-07-02,48.02999877929688,32.429247633931155,29.298012385028844,30.217832449101437,31.47282509848099,31.87666710121005
VRNS,2024-07-03,48.0,31.89837368958221,29.26635815820589,29.332468782294967,31.42296349434588,31.86382974826889
VRNS,2024-07-05,48.33000183105469,31.708444423919357,29.03609260739718,29.0675196987036,30.53884521826255,31.86076502103941
VRNS,2024-07-08,46.93000030517578,32.4272624494079,29.286768959402544,28.76244867041028,30.488310355398067,31.93202290515808
VRNS,2024-07-09,46.02999877929688,32.92375089855578,29.56195242105936,28.482137013332174,30.431626706233207,32.00536073558119
VRNS,2024-07-10,46.34000015258789,32.81833399949402,29.068971771786835,28.052462040943805,30.4352819146825,31.88977306848463
VRNS,2024-07-11,48.16999816894531,34.408166535945035,29.056610850868083,28.743669416747924,30.58979432589311,32.01409571368296
VRNS,2024-07-12,49.45000076293945,34.485359385666335,29.14166566573397,29.016402397368203,30.68241714778751,32.042221114439414
VRNS,2024-07-15,50.560001373291016,33.24770266671654,29.31838606049133,28.94043739229076,30.697221322642,31.985154402449183
VRNS,2024-07-16,50.7599983215332,32.91525979053543,29.243645562604883,28.670446183898925,30.349424481507008,31.92095114758829
VRNS,2024-07-17,49.56999969482422,33.261128614753744,29.739239367516696,28.22502451881056,30.47731471095888,32.02934893235064
VRNS,2024-07-18,47.52999877929688,35.50715837077812,30.949560276352848,29.00686192392969,30.90308053117582,32.310648599429484
VRNS,2024-07-19,46.970001220703125,34.82550741364977,30.88563803349555,28.680422531025744,30.94685393192772,32.341420827405464
VRNS,2024-07-22,47.29999923706055,34.47800611742572,30.911290122025783,28.66254620979,30.01628662410996,32.27359884755634
VRNS,2024-07-23,47.47999954223633,34.47458116951806,30.915292686759795,28.62150644401373,30.013384586379644,32.27383592227344
VRNS,2024-07-24,46.65999984741211,34.98922022805224,31.07100865836811,28.704323602478908,30.08278295165534,32.33101381969434
VRNS,2024-07-25,46.90999984741211,34.98423221194718,31.012572244726456,28.700012145354425,29.885408271896207,32.27763079045331
VRNS,2024-07-26,48.470001220703125,35.7828324593751,31.19511837636479,29.130538537559023,30.06218169570908,32.379412188924825
VRNS,2024-07-29,48.4900016784668,35.27752400923437,31.142337707833107,28.58908959680529,29.7678289058623,32.32559065961436
VRNS,2024-07-30,55.59000015258789,51.8282724971659,41.54469956277361,35.75452701053257,33.77588316220864,35.01045592675626
VRNS,2024-07-31,55.130001068115234,51.93411976497837,41.52841594161663,35.76048247962066,33.797016186042974,34.9646199260663
VRNS,2024-08-01,53.16999816894531,53.289770909293786,42.21043145547424,36.213241618749706,34.10064696284145,33.606813409995326
VRNS,2024-08-02,51.79999923706055,54.11088079712327,42.60512029558852,36.45640764790421,34.255331112929724,33.41394146345958
VRNS,2024-08-05,50.27999877929688,54.89721641135111,43.03473780685255,36.76916791047518,33.86422974855819,33.54577557490521
VRNS,2024-08-06,51.58000183105469,54.70960490071411,43.2417391652158,36.962086311977885,33.98225660837165,33.58075582709206
VRNS,2024-08-07,51.09000015258789,54.865464672702494,43.160638053412,36.86704458218051,33.99980428657559,33.55183520094516
VRNS,2024-08-08,53.75,56.40155527512617,44.21661498369463,37.71773563242211,34.42049909502546,33.88698337712746
VRNS,2024-08-09,54.77000045776367,54.587294819200935,44.27319469601766,37.819256562738026,34.44842637357737,33.91036761232769
VRNS,2024-08-12,54.43999862670898,53.53922206533477,44.22116066467704,37.81887516542656,34.455331019339134,33.90833733315514
VRNS,2024-08-13,54.83000183105469,53.37254099007504,43.843517209778966,37.81968606295927,34.46109437506328,33.88915351517641
VRNS,2024-08-14,55.220001220703125,53.34178140223314,43.77441596546062,37.82680408172408,34.45020730161962,33.89223595010583
VRNS,2024-08-15,55.220001220703125,53.33671987133003,43.596998270899846,37.63689240574677,34.43875276367693,33.8919932448077
VRNS,2024-08-16,55.220001220703125,53.34934162715489,43.51949507231513,37.60903394958537,34.43689594011087,33.87302942592579
VRNS,2024-08-19,55.97999954223633,52.42787388612674,43.35887476640832,37.5122796274844,34.312385068818266,33.81244572078475
VRNS,2024-08-20,56.470001220703125,51.88190517764782,43.3226289941776,37.48607978938255,34.30806426792641,33.818123473880725
VRNS,2024-08-21,57.060001373291016,51.892249860975866,43.31420267769429,37.5031136558391,34.18064311583121,33.824956004997
VRNS,2024-08-22,56.2599983215332,51.336148924868695,43.41489333925266,37.55901268296598,34.1509809714126,33.86355948577188
VRNS,2024-08-23,57.27000045776367,51.09327724745829,43.23603934532998,37.350353549249554,34.19286164203819,33.86094139669982
VRNS,2024-08-26,57.540000915527344,50.82929876658605,42.58667309067491,37.24455655310501,34.0998017392045,33.79225492143465
VRNS,2024-08-27,57.459999084472656,50.85615836103948,42.48634488375001,37.24459399839019,34.10032864466832,33.55953347301029
VRNS,2024-08-28,56.61000061035156,50.49937536339638,42.40119091178994,37.19051930879969,34.15548125551645,33.59426564366046
VRNS,2024-08-29,56.06999969482422,48.75139678528627,42.29095791766876,37.210999496833566,34.1468636543787,33.60116126935475
VRNS,2024-08-30,56.59999847412109,48.4821971638224,41.92678714082628,37.08988779095876,34.15320102428025,33.60595082249077
VRNS,2024-09-03,55.34999847412109,49.18131952775231,42.12623566589131,37.07870416447396,34.26561632656822,33.69596239432262
VRNS,2024-09-04,55.04999923706055,49.2775282356001,42.17285658944633,37.09670874043475,34.26992541772783,33.696140153598215
VRNS,2024-09-05,52.18000030517578,51.7512658682461,43.801011927813214,37.865689006380165,34.875978399328375,34.145218885064814
VRNS,2024-09-06,51.119998931884766,52.22194287675549,44.0685093770193,37.54359334264287,34.86410055745449,34.18429367830506
VRNS,2024-09-09,50.790000915527344,51.50574010312104,44.02660927903826,37.39962009454473,34.87290230748276,34.11901284814422
VRNS,2024-09-10,51.43000030517578,51.60181744801129,43.88743081328489,37.39275949020693,34.82894815920079,34.09765782194747
VRNS,2024-09-11,51.220001220703125,32.12920572661271,43.71959284716981,37.37467315506047,34.82019443576988,33.96569861168971
VRNS,2024-09-12,52.88999938964844,33.617993051028364,43.98411253241046,37.68352590493797,35.01746143885821,34.05313258801817
VRNS,2024-09-13,53.75,32.303990581303026,43.99432279981619,37.68667928425938,35.055239307127664,34.08147779988754
VRNS,2024-09-16,53.900001525878906,31.31733476266632,43.98831204769634,37.608921946512304,35.05553739448409,34.054720159782114
VRNS,2024-09-17,53.84000015258789,29.91360821733908,43.86006763663069,37.611867482955766,35.05221039826129,33.95992382312032
VRNS,2024-09-18,53.54999923706055,29.15856681524336,43.617415593911,37.62734432459293,35.04294439707621,33.90559046076923
VRNS,2024-09-19,55.09000015258789,29.99613890732767,43.90446551496303,37.83667904785767,35.12752056401235,33.99922349313307
VRNS,2024-09-20,55.880001068115234,26.56347130934113,43.95404789436041,37.83945813100903,34.8962801669067,34.01756905823762
VRNS,2024-09-23,56.119998931884766,26.060739478980206,42.59924152564742,37.574913666174645,34.8884029409076,33.76452815250108
VRNS,2024-09-24,57.04999923706055,26.35958470215552,41.89246816421664,37.60767457391447,34.92250316547455,33.79289162276015
VRNS,2024-09-25,57.150001525878906,26.306722836680585,41.80641865697964,37.537029356642925,34.77820609722848,33.78076064514373
VRNS,2024-09-26,57.060001373291016,26.26322076921827,41.78158018497775,37.49280180596673,34.6831825029181,33.739558645828104
VRNS,2024-09-27,56.22999954223633,26.65660778562101,41.93036002429823,37.50478440701775,34.7029906937188,33.776512533391475
VRNS,2024-09-30,56.5,26.68331397373961,41.92363925486819,37.49094260164794,34.55629047822518,33.76759446108456
VRNS,2024-10-01,55.02000045776367,27.52530563766975,41.83465806421031,37.718954854719065,34.7068283538597,33.8916577363868
VRNS,2024-10-02,55.58000183105469,27.569718234808438,41.607775590078106,37.69379346206391,34.68290477714657,33.88959469967112
VRNS,2024-10-03,55.59000015258789,27.37631153249668,41.60537288476576,37.59381633392054,34.645612401393045,33.83073033447509
VRNS,2024-10-04,56.47999954223633,27.49526479691145,41.027547800253394,37.61203683439704,34.587238315573806,33.85548798773882
VRNS,2024-10-07,55.52000045776367,27.409324644620423,40.925830176819794,37.70958941002004,34.65439871770596,33.90998930191837
VRNS,2024-10-08,56.54999923706055,27.93971422351686,40.85250002228161,37.717258076865306,34.65088130904578,33.81054015323713
VRNS,2024-10-09,58.619998931884766,29.87448127815885,41.44434422212244,37.840624283016346,34.88585208644706,33.96549608571032
VRNS,2024-10-10,58.959999084472656,29.53735947263601,41.089628684784806,37.79963724899913,34.88920090486056,33.9242235864936
VRNS,2024-10-11,59.119998931884766,29.35602159456859,40.00956904897341,37.6599613720213,34.88461354032238,33.92408105188125
VRNS,2024-10-14,59.900001525878906,29.459103748364264,39.92375663533544,37.64261928479645,34.89987947532072,33.90419491531269
VRNS,2024-10-15,59.97999954223633,28.55282067882893,39.922772568665074,37.48897762806029,34.8509009163289,33.870650800255135
VRNS,2024-10-16,58.970001220703125,29.0300807019504,40.1528191932523,37.595576782556826,34.90783538268734,33.34628018465822
VRNS,2024-10-17,59.2400016784668,23.717200209643696,39.9130054716084,37.57023503551136,34.65637159923502,33.168217986965495
VRNS,2024-10-18,59.43000030517578,22.53270088684704,39.912289968035694,37.52439521918444,34.58173732319922,33.059477037523095
VRNS,2024-10-21,58.52000045776367,23.07269626746668,39.648646708172606,37.46305252260454,34.617482231166726,33.10562668487469
VRNS,2024-10-22,58.34999847412109,23.052849576582112,39.66424943766141,37.06664080918426,34.62080906582192,33.005246641143195
VRNS,2024-10-23,56.58000183105469,25.09782263671676,28.9901915374404,37.39157916771936,33.991418033849065,33.146376873760666
VRNS,2024-10-24,56.310001373291016,23.659197176750705,28.95448223124762,37.25189412250928,33.994766191677115,33.103266465584134
VRNS,2024-10-25,56.86000061035156,23.400173782052747,27.991804936037497,37.14632041654514,33.599887683746715,32.885415057638376
VRNS,2024-10-28,57.380001068115234,23.493000564965424,27.45414683446113,36.87020946997523,33.488747092106905,32.87145774483806
VRNS,2024-10-29,58.77999877929688,24.317173337788464,27.032336197261053,36.92566478103663,33.26042967854517,32.924650249662754
VRNS,2024-10-30,52.47999954223633,41.554567240181946,35.623449889334765,41.31028291433312,35.69871413683773,34.902398668623874
VRNS,2024-10-31,50.369998931884766,42.20429163236875,36.56684854679823,41.863028914810805,35.846516485323505,34.57742763444192
VRNS,2024-11-01,51.22999954223633,42.30681456346811,35.183089946314055,41.9276450853865,35.90210113879373,34.60934122990345
VRNS,2024-11-04,50.88999938964844,42.2642647328954,34.96351692251998,41.905000327871065,35.89459095494566,34.60881194068629
VRNS,2024-11-05,50.84999847412109,41.85963088636772,34.94916621679408,41.8086850977349,35.76606035006371,34.48411195120544
VRNS,2024-11-06,53.34000015258789,44.44222669201716,36.32707483712184,42.3071421601552,36.083926509997774,34.76444916447755
VRNS,2024-11-07,53.18999862670898,44.44192520574033,36.29588323292992,42.2139288232249,35.77904994557879,34.584345192326964
VRNS,2024-11-08,52.380001068115234,44.45904750142199,36.42064256824574,42.27105756978514,35.82778915040219,34.62575554923438
VRNS,2024-11-11,52.470001220703125,44.42498019582683,36.42411345314253,42.26997518166064,35.66639087488724,34.62447094246504
VRNS,2024-11-12,52.27000045776367,43.83910184660066,36.30246162894179,42.17587249185535,35.653235474019205,34.62425669121637
VRNS,2024-11-13,53.20000076293945,44.06869058202797,36.45165608929346,42.09910300963082,35.68703176901865,34.65381166684995
VRNS,2024-11-14,52.22999954223633,44.33688871037127,36.5449853065954,42.22284580092887,35.7406425542767,34.284033512486864
VRNS,2024-11-15,51.08000183105469,44.37248960613076,36.70312786705527,42.395588411153575,35.83170448483103,34.364133599142555
VRNS,2024-11-18,49.2400016784668,45.25319026854263,37.1682510234098,41.91437074747223,36.06539818710908,34.56717607517454
VRNS,2024-11-19,49.540000915527344,44.86310403229777,37.18068467566585,41.37705840717536,35.829354661841165,34.51487807298735
VRNS,2024-11-20,49.970001220703125,43.40255321801844,37.250203709193016,41.36414202151235,35.7583121899578,34.49826624837964
VRNS,2024-11-21,50.20000076293945,43.37743596139549,37.18329866731984,41.33324905224175,35.74508716939202,34.4946698766615
VRNS,2024-11-22,50.02000045776367,43.3139437083164,37.15137558838849,41.33788213956463,35.73305721776538,34.49764717503968
VRNS,2024-11-25,50.11000061035156,43.0131156979978,37.08508977221794,41.32562640039385,35.73131341963911,34.48349202069464
VRNS,2024-11-26,49.90999984741211,42.96238495111272,36.845960187948855,41.05590986960573,35.73385520296688,34.47619754028378
VRNS,2024-11-27,49.56999969482422,42.84006370664981,36.85310299685535,40.948750072113775,35.72620965321537,34.48379909284199
VRNS,2024-11-29,49.959999084472656,42.919129945266384,35.28185080217026,40.953313637855736,35.667052028584,34.3740029431772
VRNS,2024-12-02,50.22999954223633,42.963127955268,35.059733627243645,40.50584219761315,35.67025659207782,34.36441399982932
VRNS,2024-12-03,50.7599983215332,43.10484171791494,35.1043924626391,40.32731848918308,35.6869034510073,34.26926258353843
VRNS,2024-12-04,50.77999877929688,43.12767140465601,35.00732308379074,40.173650982324354,35.67903248958951,34.20752809697649
VRNS,2024-12-05,49.709999084472656,42.71235098731525,35.26537749653158,40.310838769447045,35.76045140482491,34.26537908864622
VRNS,2024-12-06,49.810001373291016,42.75123608344765,34.61108029404848,40.1353549307906,35.75973721139112,34.204096104308285
VRNS,2024-12-09,49.08000183105469,42.65285768571259,34.537038259743824,39.63816800046595,35.70290835981875,34.238004786682446
VRNS,2024-12-10,48.970001220703125,42.45534604485314,34.52566176092196,39.5923791213057,35.69176974958746,34.2383177223748
VRNS,2024-12-11,48.0099983215332,41.71486716583002,34.7262215328551,39.70733797241631,35.69725854768611,34.27046507149299
VRNS,2024-12-12,47.93999862670898,26.803005705353407,34.71869268966879,39.70380951603968,35.665100732308964,34.2639478080956
VRNS,2024-12-13,47.09999847412109,24.69587152946428,34.28759926326574,39.70670455132869,35.72518012357138,34.310287310658296
VRNS,2024-12-16,47.77999877929688,24.53174247137531,34.28961583207651,39.76257172351323,35.75363036480583,34.337054245881845
VRNS,2024-12-17,47.20000076293945,24.66946259037053,34.31460296262764,39.46547273436203,35.63529276669494,34.359565723955214
VRNS,2024-12-18,45.52000045776367,26.524785747020204,34.743315282681294,39.87625923722675,35.81622695597358,34.47334685186067
VRNS,2024-12-19,45.04999923706055,21.614734527798145,34.750020948881975,33.276663093346585,35.83027902799563,34.48740425381228
VRNS,2024-12-20,45.29999923706055,21.84348521819929,34.80141156585735,33.28349746360343,35.731888416336254,34.443529279282096
VRNS,2024-12-23,45.15999984741211,21.64411113626239,34.72865524222404,32.82848849532199,35.72582873895612,34.433446516765166
VRNS,2024-12-24,45.36000061035156,21.730366598439893,34.7248824677942,32.60615576777274,35.664253136513416,34.43609719875225
VRNS,2024-12-26,45.380001068115234,21.78300084679,34.40422599395813,32.28618904866051,35.56059791026813,34.427917954048645
VRNS,2024-12-27,44.970001220703125,20.753079424165566,34.3112253717467,32.02806945491668,35.57476395144849,34.43984401768261
VRNS,2024-12-30,43.90999984741211,21.102494123736093,34.55288982831057,32.201092985923424,35.54974207660423,34.51747001615877
VRNS,2024-12-31,44.43000030517578,21.098427697703517,34.4623633350344,31.1684724378811,35.313426757201555,34.52814187597777
VRNS,2025-01-02,44.34000015258789,18.79017978074601,34.355190312529814,30.99117992562621,35.20324853797561,34.487257223119606
VRNS,2025-01-03,44.58000183105469,18.761269382548505,34.10007571018764,31.0074587770875,35.18732881531679,34.31228888806165
VRNS,2025-01-06,45.130001068115234,18.993000809682485,33.25075793789922,31.056514698299225,35.20429487962151,34.329147664158725
VRNS,2025-01-07,44.310001373291016,19.314880579474877,33.303911822645595,31.130414381744075,35.27035174088609,34.37435520283455
VRNS,2025-01-08,44.2400016784668,19.328809762383003,33.27439558832292,31.128580491654574,35.221543176008154,34.258571494156065
VRNS,2025-01-10,44.70000076293945,19.71010098874429,33.215533042185285,31.190582202944604,35.18439592508976,34.19488406809229
VRNS,2025-01-13,44.75,19.761522958605244,33.21383133150282,31.09240266777219,35.184005407535054,34.1671710561996
VRNS,2025-01-14,45.43999862670898,20.478723959865203,33.3700799469192,31.16895151472666,35.23053803638155,34.08400185877491
VRNS,2025-01-15,45.11000061035156,20.25764923714569,33.32326742971913,31.11382429461485,35.2177188510524,34.09016198607741
VRNS,2025-01-16,45.880001068115234,20.956619125038756,33.577190206066945,31.20506424319262,35.2554375613674,34.107276682549745
VRNS,2025-01-17,44.18999862670898,22.806186228704306,34.189624574629086,31.544065686960955,35.40465838116154,34.290745673046096
VRNS,2025-01-21,45.47999954223633,24.748954330486576,34.86957696985268,31.91504182066527,35.556675400548585,34.34639036650334
VRNS,2025-01-22,44.869998931884766,24.366881964236477,34.4829245532854,31.963640335135405,35.536818034197644,34.37067535790343
VRNS,2025-01-23,44.27999877929688,24.47238428750565,34.536015729603925,31.94823005884987,35.553561865215464,34.34382459394046
VRNS,2025-01-24,44.310001373291016,24.286463613974536,34.4320821030615,31.931476661178426,35.48548348718329,34.34059964338975
VRNS,2025-01-27,44.630001068115234,24.479120774585265,34.40290841755073,31.912660460207537,35.479104966691125,34.348309633367904
VRNS,2025-01-28,45.72999954223633,25.194625910319985,34.411458624856465,32.029753705122424,35.557142038890305,34.42897776778583
VRNS,2025-01-29,44.5,26.267473450890865,26.314215129312828,32.277437676277785,35.684389086341625,34.53152041552783
VRNS,2025-01-30,44.93999862670898,26.094344889529125,25.194271175185467,31.25965824178707,35.65828674619473,34.50293272028489
VRNS,2025-01-31,45.36000061035156,25.867707216060808,24.998513715050205,31.155878560591223,35.658527225466905,34.50408853974635
VRNS,2025-02-03,45.900001525878906,25.959828290967863,25.139103561840425,31.21242085462514,35.67413372555104,34.35644689561293
VRNS,2025-02-04,46.84000015258789,24.400393669693663,25.539770729523447,31.322021256684213,35.6934354712972,34.353726809848304
VRNS,2025-02-05,43.369998931884766,33.15124297323809,27.964748946277208,33.5652115118265,36.7307295891424,35.19633222379193
VRNS,2025-02-06,40.0099983215332,40.26057302965821,32.127685070639146,35.39999366904476,37.93781804284527,36.10264547873578
VRNS,2025-02-07,40.59000015258789,40.6174257589738,32.28627409037991,35.37742853515851,37.87335158726538,35.530204864309475
VRNS,2025-02-10,43.02000045776367,44.347385603218974,34.71154179507197,36.668130114896776,38.48753207490815,36.01347156070729
VRNS,2025-02-11,42.70000076293945,44.37240635226374,34.72187385960638,36.67696436781092,38.38667879476822,35.726910026666154
VRNS,2025-02-12,43.16999816894531,44.475446044098845,34.575783614699176,36.73375532656075,38.40333774760618,35.65210800097676
VRNS,2025-02-13,43.720001220703125,44.12854127315297,34.58929911836653,36.48564812691831,38.408097147446426,35.46228762981702
VRNS,2025-02-14,44.09999847412109,44.06456289634419,34.43247234734182,36.43190030110954,38.383854678520734,35.33349723807701
VRNS,2025-02-18,44.220001220703125,44.06937515149379,33.6980971293404,36.42546042278428,38.31379841863786,35.193172589263874
VRNS,2025-02-19,43.54999923706055,44.252361656096674,33.769075324336775,36.35614290370329,38.17151458213716,35.2240953753649
VRNS,2025-02-20,43.09000015258789,44.16321663944716,33.73689755499279,36.37061795751757,38.171389019495415,35.22824420270764
VRNS,2025-02-21,42.970001220703125,43.87839615283794,33.70481115592533,36.37006835988902,38.10724760753636,35.14074118193468
VRNS,2025-02-24,42.900001525878906,43.87845295387422,33.704722397195724,36.32108516976771,38.0609649718604,35.05912027030747
VRNS,2025-02-25,42.86000061035156,43.74606883972285,33.69429049028837,36.30237741936483,37.87226334084867,34.822111131107
VRNS,2025-02-26,42.810001373291016,43.73964727240801,33.6942827977114,36.1021912918851,37.83781547406627,34.82215302338755
VRNS,2025-02-27,42.5,43.475643039539385,33.69674237328382,36.052784978053495,37.84695422456069,34.70231432294077
VRNS,2025-02-28,42.970001220703125,43.61356907795594,33.74461609146864,36.11550110108278,37.85753338017864,34.7077106493923
VRNS,2025-03-03,41.59000015258789,44.144858369509016,34.260448369019386,36.30522975881352,38.04728324203554,34.838817041824605
VRNS,2025-03-04,41.59999847412109,42.938590936192206,34.15031932683358,36.23840058813175,38.02826890902092,34.8254800337113
VRNS,2025-03-05,41.90999984741211,42.04492428938432,34.213283240726504,36.11624443240967,37.99083265793493,34.8283953780126
VRNS,2025-03-06,41.15999984741211,42.16691870003842,34.14648361522423,35.64834238361288,37.95030226984377,34.852567096119714
VRNS,2025-03-07,40.7400016784668,42.112111230413504,34.159913938454274,35.63253678022034,37.88954885299572,34.693615027377625
VRNS,2025-03-10,40.0099983215332,42.32877107123093,34.21397255481058,35.690192801189085,37.935344233013055,34.6687306929398
VRNS,2025-03-11,39.72999954223633,42.21986462008998,34.22106007608029,35.5888716017446,37.94328993819368,34.65880436166966
VRNS,2025-03-12,39.93999862670898,41.466973603608,34.096065421072005,35.60967326587602,37.86875588511512,34.655758638185056
VRNS,2025-03-13,39.15999984741211,41.16384926714127,34.26429638046886,35.637618074436595,37.86263886518459,34.70608068401685
VRNS,2025-03-14,40.0099983215332,41.64544888662861,34.504710266921194,35.842663985939126,37.95228918072477,34.77825364737884
VRNS,2025-03-17,41.45000076293945,43.02368185028399,35.210329018525336,36.36510905124305,38.185706079586566,34.951960589791845
VRNS,2025-03-18,41.5099983215332,42.81718620055153,35.1584510170421,36.32405378432107,37.59171913465218,34.90464914101103
VRNS,2025-03-19,42.2599983215332,42.70911850842008,34.66304424963259,36.48167399260908,37.301636088635306,34.952984216865424
VRNS,2025-03-20,41.540000915527344,36.88102803836759,34.76759012732355,36.28313328826729,37.33631188482951,34.98797968135885
VRNS,2025-03-21,41.0,28.525240800344942,34.81943398146164,36.3169109818474,37.33702610077496,35.00580032176058
VRNS,2025-03-24,41.380001068115234,28.350306293669902,34.88926087623604,36.31252846660643,37.3561575513493,35.01155991217268
VRNS,2025-03-25,42.040000915527344,23.04927814491218,35.04922416917891,36.385979901492895,37.39717542042813,35.04987595991766
VRNS,2025-03-26,41.68999862670898,23.07330045425935,35.07730864953231,36.13194548872167,37.253081406638735,34.98989676130072
VRNS,2025-03-27,41.68999862670898,22.80567859917054,35.04192612988127,31.542277085872563,37.186592244415046,34.982497218563395
VRNS,2025-03-28,41.63999938964844,22.42631286958256,34.724237976502934,30.92492196948958,37.1766213981884,34.93290056569322
VRNS,2025-03-31,40.45000076293945,23.55307413165034,35.09267808467401,31.07197698582118,37.03142425614511,35.022896503932245
VRNS,2025-04-01,40.900001525878906,23.84778789336037,35.187718409821024,31.13689701348057,36.91794263118096,35.04156423066812
VRNS,2025-04-02,41.560001373291016,24.125447019949583,35.341419917948905,31.269957560997096,36.87028397812179,35.07337205430368
VRNS,2025-04-03,40.47999954223633,25.050158143294126,35.599029330961095,30.467505461788395,36.9859222078606,35.06616301138747
VRNS,2025-04-04,38.36000061035156,29.193948481417127,37.01538976123412,31.52622434254904,37.411736350712495,35.40850830313478
VRNS,2025-04-07,38.02999877929688,29.21971379369108,37.03695564284167,31.4787732793045,37.1089929485354,35.41149577389735
VRNS,2025-04-08,37.959999084472656,29.212561355227084,36.940233326545865,31.469687695438964,37.08758418318256,35.331815347166405
VRNS,2025-04-09,41.34999847412109,39.09325919701822,41.12932007373148,34.48063603576696,38.47002852745979,36.36933140627613
VRNS,2025-04-10,41.13999938964844,39.06877920723354,40.989484330510464,34.33386430872375,38.46962201981322,36.327656001114605
VRNS,2025-04-11,41.29999923706055,38.93173897130367,40.98785699314588,34.25446677415356,38.42256226077238,36.25990601620109
VRNS,2025-04-14,41.65999984741211,37.87054197002063,40.8644304539126,34.148548492754806,38.431946651903495,36.26961945699581
VRNS,2025-04-15,41.68000030517578,37.8707069708777,40.17390059169023,33.69532675625597,38.22657802415776,36.17556393006301
VRNS,2025-04-16,40.83000183105469,38.26653543143828,39.88564725380605,33.805283953273765,38.29771343480285,36.05173832902757
VRNS,2025-04-17,40.38999938964844,38.04123399702628,39.85593711410396,33.79157208791103,34.63857317328634,35.987181253796635
VRNS,2025-04-21,39.41999816894531,38.56467881503345,40.056293358396246,33.95631143111785,34.73267132829832,36.05335824037032
VRNS,2025-04-22,40.34999847412109,38.84596923239682,40.38679957241301,34.200447470519215,34.61806725980318,36.12377184255576
VRNS,2025-04-23,41.290000915527344,39.328345867720095,40.66282623657083,34.42811483704198,34.61524454230628,36.19673403557307
VRNS,2025-04-24,41.650001525878906,39.37077678665885,40.36648706698135,34.467594707826464,34.46791579454887,36.17216965293966
VRNS,2025-04-25,42.27999877929688,39.03730953970458,40.14574179532204,34.56086717054309,34.37613026585307,36.16267014519656
VRNS,2025-04-28,42.209999084472656,38.63681168660014,40.08405394158238,34.52779066422493,34.36153016130916,36.1623840603789
VRNS,2025-04-29,42.81999969482422,37.51384816101574,40.15296295713854,34.6037211664157,33.854921772368144,36.19177480344243
VRNS,2025-04-30,42.84000015258789,37.5140997475906,40.06573515420106,34.55109602742898,33.77136898184172,36.17482948533959
VRNS,2025-05-01,42.709999084472656,37.18606126636081,39.81742935077767,34.550107306151325,33.76738011489433,36.16329971764584
VRNS,2025-05-02,43.0099983215332,36.85407005351466,36.612801270624615,34.43401954906676,33.76689291602189,36.079356514221885
VRNS,2025-05-05,43.84999847412109,36.963167662542375,32.75377632721606,34.58789995565572,33.84104604355726,36.12445757985919
VRNS,2025-05-06,44.27000045776367,36.9683150386751,32.68732234346878,34.561732944177095,33.86491336407002,36.096402324639854
VRNS,2025-05-07,45.27999877929688,37.23374622508727,30.810666928956376,34.76325728334327,33.98141306327679,36.153809070477486
VRNS,2025-05-08,45.47999954223633,37.09450884055287,30.769790638666283,34.6383740892521,33.9423799703061,36.10906222153008
VRNS,2025-05-09,45.29999923706055,37.13923186518887,30.716677153869377,34.64234971565659,33.92363001945334,36.09979194828011
VRNS,2025-05-12,45.84000015258789,37.21059206429614,30.7037701219438,34.58818014755988,33.93108810119291,36.09159942793475
VRNS,2025-05-13,45.880001068115234,35.950399256033684,30.660017864893508,34.509412031991985,33.89717755556738,36.07793040140488
VRNS,2025-05-14,45.720001220703125,35.95642066926098,30.66863202121015,34.461196810685976,33.82334680043553,36.0473587278047
VRNS,2025-05-15,45.70000076293945,35.783280431168265,30.491904952321125,33.97644829774013,33.81607369457672,36.03573954180589
VRNS,2025-05-16,46.31999969482422,34.77775002995529,30.50622728114021,34.00127316354213,33.8611062703525,36.05259595636264
VRNS,2025-05-19,46.33000183105469,30.12362226458923,30.49564043651174,33.99082625571136,33.822183156475525,36.01008886295072
VRNS,2025-05-20,46.52999877929688,29.79787555233952,30.49592564073002,33.99273472261201,33.81313860076898,35.92700269121794
VRNS,2025-05-21,46.310001373291016,29.88195556228398,30.51808529415216,33.995568560702225,33.79304784168243,35.92021153990604
VRNS,2025-05-22,46.7599983215332,18.32893343606353,30.56159770976448,34.02873734252873,33.722242616662854,35.85784955113394
VRNS,2025-05-23,46.81999969482422,18.143381123631148,30.507361586181208,33.995805825427645,33.71899532873045,35.8451515620699
VRNS,2025-05-27,47.52999877929688,18.40726837017559,30.57184351614165,33.84986920648292,33.183876009849136,35.794178069959884
VRNS,2025-05-28,47.18999862670898,18.679922585263125,29.786073233877907,33.82706694195849,33.10809833994016,35.79635937891762
VRNS,2025-05-29,47.25,18.667807862530868,29.78406620823201,33.824590595106734,33.10091657452045,35.7782986030974
VRNS,2025-05-30,47.68000030517578,17.164636943795305,29.79837901813433,33.84270085578242,33.08441490615681,35.7613034046958
VRNS,2025-06-02,49.290000915527344,18.304799271596345,30.16347437391296,34.18691571694143,33.319692893265305,35.856449315509806
VRNS,2025-06-03,49.77999877929688,15.791637209243389,30.067620619118472,34.076490265200654,33.11971683485533,35.72355271367796
VRNS,2025-06-04,49.959999084472656,15.125331541801112,29.734341143890163,34.07580867901095,33.0651713622676,35.70715197085384
VRNS,2025-06-05,50.13999938964844,14.379535340376542,29.65027573707217,34.04662125816225,33.066410722012094,35.65520542053706
VRNS,2025-06-06,50.63999938964844,14.400588378056018,29.674920136637787,34.07509844172868,33.08884252238678,35.62865921628332
VRNS,2025-06-09,50.650001525878906,14.280530435844527,29.274125089179527,34.00068183082644,33.083418792737255,35.49052538322547
VRNS,2025-06-10,50.47999954223633,14.368469192302264,29.093305002674608,33.981772551368465,32.908964430469275,35.46385851991302
VRNS,2025-06-11,50.22999954223633,14.479053253440185,28.39473516202965,33.90026293398884,32.86641935945782,35.46809285203252
VRNS,2025-06-12,49.29999923706055,16.01941833467787,28.74557231766639,33.48588279309757,32.93076816694676,35.513157741151616
VRNS,2025-06-13,49.02000045776367,16.1486575075216,28.62483048203972,33.20651644159579,32.87251587651742,35.51435384243929
VRNS,2025-06-16,49.45000076293945,16.178905507813422,28.35617428758392,33.15114764091195,32.89064975017375,35.50713408895452
VRNS,2025-06-17,49.68000030517578,15.568436075672633,28.161271216414477,33.07750266127076,32.896819287274205,35.46965377420567
VRNS,2025-06-18,49.709999084472656,15.51571814843751,28.13790643432843,33.07753156768939,32.85567618628873,35.39783339806121
VRNS,2025-06-20,48.97999954223633,15.38098039203128,28.243986504923875,33.15931848937975,32.891428668617785,35.37538281022162
VRNS,2025-06-23,49.43999862670898,15.49712784589341,28.1850016706562,32.97464523036234,32.76977545453062,35.37505046096586
VRNS,2025-06-24,50.11000061035156,15.65987149918664,28.261934134149826,32.72578571384208,32.787501392352866,35.39865311749235
VRNS,2025-06-25,50.150001525878906,15.46582800211296,28.25201728597271,32.69640296549886,32.78778343262662,35.34305825813313
VRNS,2025-06-26,50.93000030517578,15.862839264086388,27.554953381097384,32.75001183067199,32.78464943151517,35.3109830414808
VRNS,2025-06-27,50.2599983215332,16.47514232914038,27.732468598542013,32.78384835781691,32.7601367196065,35.338176244247464
VRNS,2025-06-30,50.75,16.544920691221236,27.640312857546878,32.66765376481198,32.705562143473074,35.34895670607367
VRNS,2025-07-01,50.02999877929688,17.0388412787486,27.195001433129534,30.29873467594924,32.454350515490084,34.93718473051716
VRNS,2025-07-02,50.04999923706055,17.03671963104459,24.44479630803638,27.293442866752155,32.44503877243995,34.676048966547214
VRNS,2025-07-03,51.150001525878906,17.9172391379988,24.543510995257154,27.40143579469807,32.55288462059946,34.72765869883196
VRNS,2025-07-07,51.09999847412109,17.8060425464218,24.53394745694302,25.901355253482816,32.510775916805954,34.710273123800064
VRNS,2025-07-08,51.18000030517578,17.70800713334912,17.888973959292585,25.859456702560152,32.51100786874326,34.71041216491491
VRNS,2025-07-09,53.56499862670898,21.56070054186932,19.756353490996823,26.738956515502192,32.91439288452781,34.998741650333685
VRNS,2025-07-10,51.40999984741211,25.02664195667952,21.843526023602543,27.54957665909214,33.25586951577243,35.11774177070418
VRNS,2025-07-11,49.57500076293945,27.33939279752476,23.301067756740284,28.176152012004472,33.517263565640185,35.25430643713581
VRNS,2025-07-14,50.43999862670898,27.71246859445032,23.480707010782535,28.291361735943816,33.542685478967,35.28952826901616
VRNS,2025-07-15,50.34000015258789,27.65895636335908,22.979888651332644,28.171495139989013,33.54205515811495,35.079036242216766
VRNS,2025-07-16,50.29999923706055,26.01122264773871,22.804020505125838,28.10746951047978,33.35180150964454,34.981504254796086
VRNS,2025-07-17,50.56999969482422,25.90453095850868,22.048017661390904,28.10521681452749,33.35569706358011,34.91500378419667
VRNS,2025-07-18,51.29999923706055,26.20021387747567,21.789766790597483,28.172254861310964,33.38023668791726,34.942221825030806
VRNS,2025-07-21,52.130001068115234,26.55848205079192,21.57535405975768,28.25935972158593,33.41867736093934,34.896968662872155
VRNS,2025-07-22,51.93999862670898,26.466633544871463,21.606283261948374,28.269102768655184,33.29171221224508,34.640850171834195
VRNS,2025-07-23,51.810001373291016,26.48397271731924,21.511894509129235,28.239743918397416,30.4740604904268,34.620394469580305
VRNS,2025-07-24,53.380001068115234,27.75442347020711,22.155887060023623,28.54991107552305,30.28624737548624,34.73942588517042
VRNS,2025-07-25,54.68999862670898,28.41339378219704,22.445907531718387,28.21047349370451,30.35500735425808,34.819113526234375
VRNS,2025-07-28,54.40999984741211,27.785764999104533,22.513621741496305,28.23546826699321,30.35057443148597,34.77705613445632
VRNS,2025-07-29,54.22999954223633,27.72736158184332,22.517349758425347,28.241038586909443,30.35340496171618,34.77600051044208
VRNS,2025-07-30,57.11000061035156,31.05352849489061,24.54919851137817,29.103498992419716,30.443525581505384,35.003902420745746
VRNS,2025-07-31,55.83000183105469,32.05813501554023,24.986665897297076,29.31630089079127,30.5632405952124,35.08148671403054
VRNS,2025-08-01,54.72999954223633,32.78333093377312,25.433640048671936,29.35122236282065,30.60072098882539,32.37288707078528
VRNS,2025-08-04,56.47999954223633,33.31402776917496,25.781748821895047,29.64689186884964,30.82264853793848,32.51527267928832
VRNS,2025-08-05,55.09000015258789,34.36668210141662,26.43871470854401,29.986844394341663,30.964174394992927,32.40823500982041
VRNS,2025-08-06,55.720001220703125,34.31991774445523,26.448126206250507,29.786980320393653,30.92361853312523,32.32009492415917
VRNS,2025-08-07,54.36000061035156,35.27971506810896,27.007609889471496,29.980309051072947,30.98615886729489,32.27666342377189
VRNS,2025-08-08,52.790000915527344,36.24485196797946,27.79819241032796,29.96470184088694,31.069204503919305,32.31230627448667
VRNS,2025-08-11,54.38999938964844,36.89964951947985,28.33449575908133,30.27903822033542,30.95495787467481,32.434342131602136
VRNS,2025-08-12,56.84000015258789,38.76799990025168,29.55234361809243,30.891753298426146,31.373808979234152,32.336436476082824
VRNS,2025-08-13,58.09999847412109,38.72227828402976,29.72275753192794,30.86631852391466,31.460016554197377,32.35597444941133
VRNS,2025-08-14,56.95000076293945,39.37756617980007,30.112119752879007,30.979230956320453,31.55304932402041,32.41315998980389
VRNS,2025-08-15,58.40999984741211,39.52838113302106,30.443871182400013,31.162470211557142,31.6827770354066,32.50317093707775
VRNS,2025-08-18,58.4900016784668,39.50635674109619,30.39647987009615,31.100754417969235,31.682639246262625,32.49612426096072
VRNS,2025-08-19,58.209999084472656,39.59043144579417,30.423616223791026,31.071883268450367,31.684506275974368,32.50000558809986
VRNS,2025-08-20,58.27000045776367,37.61219743608281,30.42449826023353,31.069496381050303,31.671295446756968,32.50010228323281
VRNS,2025-08-21,58.52000045776367,35.23741328957409,30.331991383272296,31.061254572713043,31.66312216433499,32.47462768206502
VRNS,2025-08-22,59.11000061035156,33.0846511096942,30.279016023206363,30.6400875929143,31.67719274518093,32.4783696690971
VRNS,2025-08-25,57.959999084472656,33.70211256168802,30.65342785292384,30.841782094032293,31.7493987526016,32.52243418625597
