Ticker,Date,Open,High,Low,Close,Volume,Realised_Vol_Close_30,Realised_Vol_Close_60,Realised_Vol_Close_100,Realised_Vol_Close_180,Realised_Vol_Close_252,Vol_of_Vol_100d,Vol_of_Vol_100d_Percentile,Kurtosis_Close_100d,Kurtosis_Returns_100d
RTX,1962-04-02,0.09046644431409871,0.09140399086417922,0.09046644431409871,0.09116961061954498,228816,,,,,,,,,
RTX,1962-04-03,0.09093522610242155,0.09093522610242155,0.08859149173728904,0.08906026929616928,205934,,,,,,,,,
RTX,1962-04-04,0.08906015919201817,0.0897633161371846,0.08671642772441657,0.08695081621408463,320342,,,,,,,,,
RTX,1962-04-05,0.08695092699948609,0.08741969605224974,0.08437294866281916,0.0871853157877922,488141,,,,,,,,,
RTX,1962-04-06,0.08671660349788735,0.08671660349788735,0.08437301218509674,0.08437301218509674,175426,,,,,,,,,
RTX,1962-04-09,0.08437301218509674,0.08671660349788735,0.08437301218509674,0.08437301218509674,175426,,,,,,,,,
RTX,1962-04-10,0.08437301218509674,0.08531041461479298,0.08366984529078206,0.08437301218509674,228816,,,,,,,,,
RTX,1962-04-11,0.08437298991410855,0.08601355880507697,0.08390421210830343,0.08507601171731949,442378,,,,,,,,,
RTX,1962-04-12,0.08507603417387642,0.08507603417387642,0.08320106736123895,0.08437301218509674,266952,,,,,,,,,
RTX,1962-04-13,0.08437294866281916,0.0871853157877922,0.08437294866281916,0.0871853157877922,327970,,,,,,,,,
RTX,1962-04-16,0.08718530977858886,0.08718530977858886,0.08577912205109883,0.08601351082324982,282206,,,,,,,,,
RTX,1962-04-17,0.0860135640795911,0.08624795299686683,0.08577917516231537,0.08577917516231537,99154,,,,,,,,,
RTX,1962-04-18,0.08648218413998977,0.0881227501385872,0.08648218413998977,0.08695081621408463,152544,,,,,,,,,
RTX,1962-04-19,0.08695094933079603,0.08741971850395203,0.08624792769074896,0.08741971850395203,122035,,,,,,,,,
RTX,1962-04-23,0.08741975011038398,0.0895290970802307,0.08671659183449916,0.08952909708023071,358478,,,,,,,,,
RTX,1962-04-24,0.08952909596490306,0.09093528464134705,0.08906032662810426,0.08976348489522934,282206,,,,,,,,,
RTX,1962-04-25,0.08906032166931106,0.08906032166931106,0.08531039732776391,0.08577917516231537,274579,,,,,,,,,
RTX,1962-04-26,0.08624794334173201,0.08788851214964769,0.08624794334173201,0.08624794334173203,129662,,,,,,,,,
RTX,1962-04-27,0.08624794334173201,0.08765412325861091,0.08577916555965848,0.08624794334173203,198307,,,,,,,,,
RTX,1962-04-30,0.08577919254433611,0.08577919254433611,0.08390423425555363,0.08437301218509674,358478,,,,,,,,,
RTX,1962-05-01,0.08437300352372067,0.08554479479789734,0.08320105882016977,0.08554479479789734,244070,,,,,,,,,
RTX,1962-05-02,0.08601352983843323,0.08906028621526882,0.08601352983843323,0.08859150856733322,488141,,,,,,,,,
RTX,1962-05-03,0.08859149173728904,0.08906026929616928,0.08718531248991701,0.08906026929616928,228816,,,,,,,,,
RTX,1962-05-04,0.08812285214662552,0.08812285214662552,0.08695091686553023,0.08812285214662552,259325,,,,,,,,,
RTX,1962-05-07,0.08812288401043021,0.08835727285616998,0.08765410631895065,0.08765410631895065,343224,,,,,,,,,
RTX,1962-05-08,0.08788847041150152,0.0895290384403131,0.08788847041150152,0.08929464966058731,572040,,,,,,,,,
RTX,1962-05-09,0.0890602622851708,0.0890602622851708,0.0874196858636598,0.08812285214662552,419496,,,,,,,,,
RTX,1962-05-10,0.0881227501385872,0.0881227501385872,0.08671642772441657,0.08695081621408463,320342,,,,,,,,,
RTX,1962-05-11,0.0869509087453943,0.08765406643884623,0.08531033247709274,0.08531033247709274,335597,,,,,,,,,
RTX,1962-05-14,0.0862581633309287,0.08886492997407913,0.08483636113189237,0.08886492997407913,511022,,,,,,,,,
RTX,1962-05-15,0.08910198751561986,0.09099777686789329,0.08910198751561986,0.08957582712173462,480514,31.382536029861498,,,,,,,,
RTX,1962-05-16,0.08957575526346763,0.0907607109982611,0.08957575526346763,0.0898127481341362,266952,30.635778069609277,,,,,,,,
RTX,1962-05-17,0.08981271536009729,0.09076067787829611,0.0872060963831664,0.08933887630701065,411869,29.818303857317265,,,,,,,,
RTX,1962-05-18,0.0893389209891294,0.09218253417245606,0.0893389209891294,0.09170854836702347,640685,30.704560335943764,,,,,,,,
RTX,1962-05-21,0.0917085655013523,0.09241953572378445,0.09004977000632763,0.09099773317575455,228816,29.076999924064594,,,,,,,,
RTX,1962-05-22,0.09076075857553045,0.09076075857553045,0.08862797675538656,0.08910196274518967,228816,29.865077093173998,,,,,,,,
RTX,1962-05-23,0.0891019534955068,0.0891019534955068,0.0864951859561686,0.0867321789264679,396614,31.00769674443476,,,,,,,,
RTX,1962-05-24,0.08673219878456305,0.08815401041649401,0.08649520576000214,0.08649520576000214,427123,30.94438679947469,,,,,,,,
RTX,1962-05-25,0.08649519840027683,0.08815400291562393,0.08625820539588125,0.08720617741346359,480514,30.903539592135598,,,,,,,,
RTX,1962-05-28,0.08720608652498883,0.08815391103930155,0.07488339394330978,0.07488339394330978,1212725,53.05171228431461,,,,,,,,
RTX,1962-05-29,0.07488337916356236,0.08459930463007125,0.07417254754694214,0.08151870965957642,1426286,59.02202742629184,,,,,,,,
RTX,1962-05-31,0.08483640250348397,0.08720617741346359,0.08483640250348397,0.08720617741346359,1533067,62.33584803177813,,,,,,,,
RTX,1962-06-01,0.0857841894030571,0.0857841894030571,0.08199275120368199,0.0857841894030571,724584,62.39801336024651,,,,,,,,
RTX,1962-06-04,0.0857841817117221,0.0857841817117221,0.08294056884294519,0.08341455459594727,564413,62.875600646699915,,,,,,,,
RTX,1962-06-05,0.08341455459594725,0.08341455459594725,0.0805707952118274,0.08341455459594727,587294,62.416487152506974,,,,,,,,
RTX,1962-06-06,0.08341455459594725,0.0857841817117221,0.08341455459594725,0.08341455459594727,617803,62.4029851527542,,,,,,,,
RTX,1962-06-07,0.08317754817250755,0.08317754817250755,0.0819927304983139,0.0819927304983139,175426,61.24031465412715,,,,,,,,
RTX,1962-06-08,0.08199276517113065,0.0827035974701135,0.08104480203719727,0.08175577223300934,213562,61.20571111462755,,,,,,,,
RTX,1962-06-11,0.08175577796878386,0.08199277092353197,0.07867503330955455,0.08009698241949081,671194,61.441697300364574,,,,,,,,
RTX,1962-06-12,0.07986004503226335,0.07986004503226335,0.07749027758836746,0.07749027758836746,587294,61.83130583474969,,,,,,,,
RTX,1962-06-13,0.07749018550120772,0.07938597307146014,0.07725319266319275,0.07725319266319275,472886,61.630046881579425,,,,,,,,
RTX,1962-06-14,0.07749016229819863,0.07938594930079237,0.07749016229819863,0.07772714644670486,480514,60.6268733646142,,,,,,,,
RTX,1962-06-15,0.07772718947258168,0.07914900034666061,0.07583140142057468,0.07914900034666061,617803,60.918091703648756,,,,,,,,
RTX,1962-06-18,0.07986000684192814,0.08151881137072216,0.07986000684192814,0.08057083934545517,320342,61.20374403489489,,,,,,,,
RTX,1962-06-19,0.08057083934545517,0.08104482535808867,0.07891204343521545,0.08057083934545517,274579,61.20549245531413,,,,,,,,
RTX,1962-06-20,0.08057078212766765,0.08151875347972752,0.07725319266319275,0.07725319266319275,251698,61.88426294107779,,,,,,,,
RTX,1962-06-21,0.07725331544859122,0.07725331544859122,0.07512053165050546,0.07583150267601013,335597,61.9668772143793,,,,,,,,
RTX,1962-06-22,0.07583138090767406,0.07749018423127473,0.07417258620262146,0.07417258620262146,434750,62.120953053720385,,,,,,,,
RTX,1962-06-25,0.07417256218639257,0.07630534186913758,0.07251376801843858,0.07488339394330978,556786,62.12363592418041,,,,,,,,
RTX,1962-06-26,0.07630535960197449,0.07867498607753047,0.07630535960197449,0.07630535960197449,343224,61.05129951900191,,,,,,,,
RTX,1962-06-27,0.07630536782645203,0.07725319266319275,0.0755943979309553,0.07725319266319275,167798,61.14569234059943,48.31041356874685,,,,,,,
RTX,1962-06-28,0.07843805742258196,0.08057083934545517,0.07843805742258196,0.08057083934545517,533904,62.61882763990852,48.973420753057376,,,,,,,
RTX,1962-06-29,0.08104472423833599,0.08222953265765309,0.08104472423833599,0.08151870965957642,388987,62.77278115249976,48.8249720019718,,,,,,,
RTX,1962-07-02,0.08151878791343987,0.08222961159387089,0.08057081616095467,0.08175577223300934,221189,62.19068434099933,48.82568521663657,,,,,,,
RTX,1962-07-03,0.08175573784336317,0.08294055552020817,0.08128176078504559,0.08222957700490952,251698,62.2399656890033,48.393461750006885,,,,,,,
RTX,1962-07-05,0.08222957700490952,0.0824665698433424,0.08175573784336317,0.08222957700490952,144917,62.019116799025795,48.393461750006885,,,,,,,
RTX,1962-07-06,0.08199274534293272,0.08199274534293272,0.07962298028728158,0.07985996454954147,175426,62.100299365438104,48.752086307333606,,,,,,,
RTX,1962-07-09,0.07986000684192814,0.08080783235177191,0.07891204343521545,0.08057083934545517,106781,62.191463895447065,48.75678102538774,,,,,,,
RTX,1962-07-10,0.08175570443989649,0.0843623229484679,0.08175570443989649,0.08317751437425613,678821,62.91385226286413,49.18888853567272,,,,,,,
RTX,1962-07-11,0.08317760021199386,0.08436241000890732,0.08175578881035127,0.08436241000890732,251698,43.86502427942589,48.80110428030799,,,,,,,
RTX,1962-07-12,0.0843623807506785,0.08507335946262634,0.08294057846069337,0.08294057846069336,198307,36.92115627359595,48.84563701941616,,,,,,,
RTX,1962-07-13,0.08294057846069337,0.08365155717264121,0.08199275336012286,0.08294057846069336,244070,31.008116849149513,48.84377515729856,,,,,,,
RTX,1962-07-16,0.08294057846069337,0.08341456426865859,0.08222959974874554,0.08294057846069336,106781,30.69217629112399,48.75522964728072,,,,,,,
RTX,1962-07-17,0.08341455459594725,0.08412537809155782,0.08341455459594725,0.08341455459594727,259325,29.66375047694907,48.75700283443204,,,,,,,
RTX,1962-07-18,0.0824665253682733,0.0824665253682733,0.08151870965957642,0.08151870965957642,144917,30.4029015726117,48.69139060010818,,,,,,,
RTX,1962-07-19,0.081518753441057,0.08246656965879991,0.081518753441057,0.0819927304983139,68645,30.46198410250031,48.7074224146117,,,,,,,
RTX,1962-07-20,0.08246659747522488,0.08317757622874945,0.08246659747522488,0.0827035903930664,76272,30.1556623323971,47.87942672319221,,,,,,,
RTX,1962-07-23,0.08270356268177528,0.08341454119707395,0.08199273068179605,0.08222957700490952,251698,30.193148347288005,47.87390367111495,,,,,,,
RTX,1962-07-24,0.08222957682089736,0.08317754817250755,0.0819927304983139,0.0819927304983139,144917,29.569391721200226,47.8755069231364,,,,,,,
RTX,1962-07-25,0.08151876662223677,0.08151876662223677,0.08104478086979053,0.08128177374601364,91526,27.94266010245845,47.702219097711996,,,,,,,
RTX,1962-07-26,0.08128177374601366,0.08199274375613343,0.08104478086979053,0.08128177374601364,99154,27.912383718290375,47.60785690247971,,,,,,,
RTX,1962-07-27,0.08128177076985658,0.08341455144387987,0.08009695294746624,0.08246657997369766,251698,28.131576336560265,47.131193839361266,,,,,,,
RTX,1962-07-30,0.08341457208911435,0.083888411426144,0.08341457208911435,0.08365156501531601,68645,27.96066396661511,47.21983939254573,,,,,,,
RTX,1962-07-31,0.08365155958699066,0.08578419413511576,0.08294058085452258,0.08531035482883453,282206,28.056361025778003,47.365012016590526,,,,,,,
RTX,1962-08-01,0.08531037938591214,0.08531037938591214,0.08365158366657449,0.08412541449069977,373733,28.4292922744599,47.435562627756525,,,,,,,
RTX,1962-08-02,0.08459937142966514,0.0857841894030571,0.08459937142966514,0.0857841894030571,411869,25.716402610942186,47.45300406143827,,,,,,,
RTX,1962-08-03,0.08578421566382376,0.0867321789264679,0.08507338326832684,0.0867321789264679,373733,24.927438998081033,47.438997540893894,,,,,,,
RTX,1962-08-06,0.08673219140467242,0.08768001690683275,0.08673219140467242,0.08720617741346359,457632,23.61759633151736,47.373454369769284,,,,,,,
RTX,1962-08-07,0.08720612805900355,0.08767996728420256,0.08673214231846542,0.08767996728420258,282206,23.584980141342786,47.21731067405428,,,,,,,
RTX,1962-08-08,0.08744317785824578,0.08744317785824578,0.08531039577118706,0.08649520576000214,160171,23.836260007761016,46.542640002495276,,,,,,,
RTX,1962-08-09,0.08649516424903302,0.0872061429815011,0.08531035482883453,0.08531035482883453,259325,24.258141800075244,46.58816517072433,,,,,,,
RTX,1962-08-10,0.08531035646137791,0.08696915173496535,0.08436238479994625,0.0862581729888916,236443,21.458290808114118,46.646619129623126,,,,,,,
RTX,1962-08-13,0.08721652227240201,0.09009187698643832,0.08625817527271892,0.0891333818435669,556786,23.073205017157097,47.13586144758325,,,,,,,
RTX,1962-08-14,0.08913338184356691,0.08961262505785002,0.08841465209387278,0.0891333818435669,190680,23.08934554954313,46.818200605379275,,,,,,,
RTX,1962-08-15,0.0896126395805244,0.09105024745608052,0.0896126395805244,0.09009189158678055,396614,23.186776853381705,46.84816787290478,,,,,,,
RTX,1962-08-16,0.09009184573843065,0.09296705131202472,0.08937296809488812,0.09128981828689575,838992,23.35156040739285,46.72177238707924,,,,,,,
RTX,1962-08-17,0.09128979519294357,0.09272740197321444,0.09128979519294357,0.09200867265462875,655939,21.2109948814251,46.39451792591252,,,,,,,
RTX,1962-08-20,0.09224819355996552,0.09368594044276986,0.09224819355996552,0.09248781949281693,640685,21.1753661893947,46.395822421217694,,,,,,,
RTX,1962-08-21,0.09248782581517646,0.09440467655154838,0.09248782581517646,0.09320670366287231,594922,19.57253169795395,46.39302496481524,,,,,,,
RTX,1962-08-22,0.09320675921870167,0.09728008906858311,0.09248788094251888,0.09584248065948486,1182216,20.58308863109598,33.97139185382902,,,,,,-0.17,
RTX,1962-08-23,0.09584241374696625,0.09680076930286532,0.09296706822154872,0.09488391876220703,640685,20.051542262711763,29.62166137673848,40.58129170861963,,,,,-0.12,12.36
RTX,1962-08-24,0.09488391931989842,0.09560278838411713,0.09416504154137591,0.09536316245794296,404242,20.006750273764943,26.362255075849774,40.40736673839799,,,,,-0.08,12.69
RTX,1962-08-27,0.09536313913689551,0.09608186859648804,0.09464427024847612,0.0951235219836235,518650,20.070779038938213,26.110987866245907,40.21723970294344,,,,,-0.11,13.04
RTX,1962-08-28,0.09512357805575165,0.09536319535026994,0.09344634413719176,0.09344634413719177,450005,21.0846466242853,25.69448356275409,40.32525998564767,,,,,-0.18,12.82
RTX,1962-08-29,0.09344634413719176,0.09344634413719176,0.09224822280737303,0.09344634413719177,183053,19.54423056192895,25.69448356275409,39.96660819459952,,,,,-0.25,13.45
RTX,1962-08-30,0.09272744542566831,0.09272744542566831,0.09105022075318148,0.09248781949281693,388987,20.00711759765097,25.813530680905977,40.00680939330288,,,,,-0.32,13.36
RTX,1962-08-31,0.09224815033209098,0.09224815033209098,0.09105017808668182,0.09200867265462875,526277,20.130760950709245,25.55386401201924,40.01833937507349,,,,,-0.38,13.32
RTX,1962-09-04,0.09200867265462874,0.09224815033209098,0.09200867265462874,0.09200867265462875,129662,19.96823912274038,25.537449728701095,40.00079259440559,,,,,-0.44,13.33
RTX,1962-09-05,0.0915295266485434,0.0915295266485434,0.08961267472919326,0.09057103097438812,259325,20.674951590969172,25.377014069745414,40.06129010510461,,,,,-0.48,13.21
RTX,1962-09-06,0.0898522290933736,0.0898522290933736,0.0884146305159535,0.08961260318756104,213562,20.779781580045107,24.44964996422689,39.76819610374619,,,,,-0.5,13.55
RTX,1962-09-07,0.08985226558365247,0.09105024745608052,0.08985226558365247,0.09009189158678055,114408,20.764735398022495,24.42972681507761,39.714211242911226,,,,,-0.53,13.69
RTX,1962-09-10,0.09009188902574482,0.09105024486780167,0.08937301103679608,0.09105024486780167,167798,20.61506735973955,24.4745667118219,39.7431774001383,,,,,-0.57,13.68
RTX,1962-09-11,0.09128983797172882,0.09344631450991847,0.09128983797172882,0.09248781949281693,617803,20.68358160271077,24.413130387702868,39.76200699652582,,,,,-0.62,13.65
RTX,1962-09-12,0.09248778912844985,0.0934462838308711,0.09200868556320889,0.09296704083681107,320342,20.110630430806548,24.213429979032668,39.76138044686121,,,,,-0.66,13.65
RTX,1962-09-13,0.09296710083384836,0.09392559615484197,0.09248784881619815,0.09344634413719177,228816,19.4717786464508,24.214728916609417,39.59377242622706,,,,,-0.69,13.88
RTX,1962-09-14,0.09344632140806781,0.09488392896813061,0.09344632140806781,0.09368594735860825,137290,18.870161393227402,22.367005753241312,39.59369773345717,,,,,-0.71,13.88
RTX,1962-09-17,0.09392554730738936,0.09656112703305246,0.09392554730738936,0.09608187526464462,579667,19.827523715204244,22.34686648176068,39.09748492214238,,,,,-0.73,14.85
RTX,1962-09-18,0.0960818915285681,0.09680076930286532,0.09488391876220703,0.09488391876220703,533904,20.346089635965676,21.952624071853634,39.15125672898992,,,,,-0.78,14.7
RTX,1962-09-19,0.09488391876220703,0.0956027878222005,0.09392556320630795,0.09488391876220703,343224,20.346394887212778,21.93881513393226,39.15125672898992,,,,,-0.82,14.7
RTX,1962-09-20,0.09488389081283449,0.09488389081283449,0.09296704083681107,0.09296704083681107,289834,20.906145541973242,22.273575021813922,39.128642855487435,,,,,-0.85,14.74
RTX,1962-09-21,0.0929671116690425,0.0932067377057957,0.0908106341958046,0.0908106341958046,190680,21.729441916503244,22.853553434766898,39.26467485492615,,,,,-0.87,14.4
RTX,1962-09-24,0.09081059855041029,0.09152946766418826,0.08865412192364254,0.09033149480819702,404242,21.659479207035925,21.383741089012837,38.88527563269521,,,,,-0.88,14.92
RTX,1962-09-25,0.09033144876809612,0.09224815033209098,0.0900918229475344,0.09200867265462875,259325,20.20802986852972,21.558158023993446,38.98457127125278,,,,,-0.9,14.78
RTX,1962-09-26,0.09200877884277606,0.09200877884277606,0.09009192692342592,0.09057103097438812,266952,20.786872775566838,21.86215978908681,39.02997138643946,,,,,-0.92,14.69
RTX,1962-09-27,0.09009187947229613,0.09009187947229613,0.08817502856254578,0.08817502856254578,373733,22.00036688010421,22.61027401330018,39.25676705803035,,,,,-0.92,14.23
RTX,1962-09-28,0.08889377028544676,0.09033151758990862,0.08889377028544676,0.09009189158678055,244070,22.5805330873679,22.98941063131533,39.29508175246198,,,,,-0.93,14.18
RTX,1962-10-01,0.08889377424315476,0.08889377424315476,0.08625819309213648,0.08769579231739044,350851,23.69612097223311,22.863284260734044,39.47368890201551,,,,,-0.92,13.84
RTX,1962-10-02,0.08769578841301873,0.09009189158678055,0.08769578841301873,0.09009189158678055,366106,25.039667472366094,23.4044252889232,39.64581357875204,,,,,-0.94,13.68
RTX,1962-10-03,0.0900918264467378,0.09081055579323923,0.08745609917558556,0.08793535083532333,297461,25.7868716398805,23.15634250227093,39.718820494649776,,,,,-0.94,13.55
RTX,1962-10-04,0.08769579231739044,0.08769579231739044,0.08649781910593313,0.08769579231739044,160171,24.186660539999707,23.002650965369128,39.1860296381191,,,,,-0.93,14.26
RTX,1962-10-05,0.08841455614737845,0.08961252781133014,0.08841455614737845,0.08889365941286087,343224,24.55091814762895,22.85371123725412,39.225550576864634,,,,,-0.93,14.21
RTX,1962-10-08,0.09009192692342592,0.09057103097438812,0.09009192692342592,0.09057103097438812,114408,25.20965509636103,23.13275198005498,39.33647426449364,,,,,-0.93,14.07
RTX,1962-10-09,0.09057097260771617,0.09057097260771617,0.0900918688655029,0.09033149480819702,68645,25.210047451819474,23.146286892237086,39.32952156065722,,,,,-0.94,14.09
RTX,1962-10-10,0.09033148877170692,0.09176908747432336,0.08937298506498337,0.08937298506498337,183053,24.898252713503872,23.25989323654321,39.1423664502509,,,,,-0.92,14.3
RTX,1962-10-11,0.09009189158678055,0.09105024745608052,0.09009189158678055,0.09009189158678055,106781,25.04762071811094,22.747730310889466,39.14538947729091,,,,,-0.92,14.34
RTX,1962-10-12,0.09057093915242642,0.09296704083681107,0.09057093915242642,0.09296704083681107,221189,26.60257612000442,23.538505786611008,39.31623709216517,,,,,-0.94,14.21
RTX,1962-10-15,0.09296707135851971,0.09344631450991847,0.09200871577028302,0.09248781949281693,244070,26.602120761916066,23.54467514763216,39.081428221107195,,,,,-0.97,14.68
RTX,1962-10-16,0.09248784398239145,0.09368596524959127,0.09176911413669586,0.09176911413669586,198307,26.70242775010464,23.57676367221738,39.10084087564257,,,,,-0.99,14.63
RTX,1962-10-17,0.0917691189329387,0.09344634413719176,0.09081062361194508,0.09344634413719177,259325,26.779906678199676,23.789164709401604,39.18157328903785,,,,,-1.02,14.51
RTX,1962-10-18,0.09344631834826189,0.09368594429095602,0.08961261698011465,0.09033149480819702,183053,28.457735030395092,24.819579523954037,31.079786494530044,,,,,-1.02,3.01
RTX,1962-10-19,0.09033140492409514,0.09128975088379183,0.08769567903461344,0.08889365941286087,274579,28.799438190446576,25.084579308360123,28.214762229644673,,,,,-0.99,1.06
RTX,1962-10-22,0.08889375833207143,0.08961262753048407,0.08721652467892166,0.08817502856254578,350851,28.686939603039228,25.012421779363287,26.150488166361068,,,,,-0.99,-0.25
RTX,1962-10-23,0.08841465951411905,0.09272746537519289,0.08841465951411905,0.08985225856304169,671194,28.862261418946307,25.132479456931605,26.181871966908176,,,,,-0.99,-0.25
RTX,1962-10-24,0.08985227819202492,0.09152950359175639,0.08721654864528061,0.0908106341958046,541531,29.005452437566703,24.916706342008418,25.82811836691572,,,,,-0.98,-0.18
RTX,1962-10-25,0.0898522290933736,0.0898522290933736,0.08865410827861386,0.08961260318756104,183053,29.16944470013494,24.898915187211735,25.925095578707207,,,,,-0.97,-0.22
RTX,1962-10-26,0.09033149480819702,0.09152946766418826,0.09033149480819702,0.09033149480819702,297461,29.275701082853654,24.644296863917276,25.95048915424031,,,,,-0.95,-0.23
RTX,1962-10-29,0.09033155302054224,0.09248788289373824,0.08985230082630959,0.09057103097438812,579667,28.21362286662847,24.556991846166834,25.79104293328828,,,,,-0.91,-0.17
RTX,1962-10-30,0.09057094935765539,0.09152944416807661,0.08985221985724981,0.09128981828689575,160171,28.169951224971502,24.582318429420834,25.806559719463667,,,,,-0.88,-0.17
RTX,1962-10-31,0.09152947066122884,0.09536317215490679,0.09152947066122884,0.09368594735860825,1677984,29.252845116685588,25.101271183283725,25.86920749248825,,,,,-0.83,-0.15
RTX,1962-11-01,0.09368584294017476,0.0944045718475502,0.09200862001324074,0.09392546862363815,343224,28.640232121223562,24.914596391570253,25.265611077154208,,,,,-0.77,-0.09
RTX,1962-11-02,0.09392559402472311,0.09967614753354204,0.09392559402472311,0.09943652153015137,2326296,32.11479417137223,27.195425587401644,26.72196693626435,,,,,-0.65,0.48
RTX,1962-11-05,0.09943650420662292,0.10207208478402584,0.09943650420662292,0.10039485991001129,1418659,32.06957709750384,27.177614629885426,26.739546747939535,,,,,-0.52,0.47
RTX,1962-11-07,0.10039485800172318,0.10374931640029644,0.10039485800172318,0.10183245688676834,1441541,31.92367637399326,26.553784523753343,26.6887580720227,,,,,-0.34,0.49
RTX,1962-11-08,0.1018324358114506,0.1018324358114506,0.09895723863641326,0.10063446313142776,1441541,31.739476960920154,26.706357914947638,26.671410268665202,,,,,-0.27,0.51
RTX,1962-11-09,0.10160209021363589,0.10232788013629252,0.09990873875978622,0.10184402018785477,488141,30.484892935969526,26.724942078016863,26.71345833880936,,,,,-0.18,0.48
RTX,1962-11-12,0.10184403647986638,0.10208596649278685,0.10063453598287694,0.10087631642818451,739838,30.334647777988412,26.725777836563847,25.82203766661646,,,,,-0.13,0.4
RTX,1962-11-13,0.10063445500170068,0.10063445500170068,0.09821532398298853,0.0986991748213768,648312,29.91611580858784,27.121268198235597,25.895003310187576,,,,,-0.15,0.39
RTX,1962-11-14,0.09869918749531112,0.10063446792414381,0.0982153365947917,0.09990868717432022,427123,29.226848885771027,27.203206484669284,25.631464726903953,,,,,-0.27,0.46
RTX,1962-11-15,0.09990872724471364,0.1023278683423996,0.09990872724471364,0.1023278683423996,1060181,28.589739106794106,27.566984325691497,25.826205609785475,,,,,-0.34,0.37
RTX,1962-11-16,0.10232788013629252,0.10353737164170444,0.10160209021363589,0.10184402018785477,1136453,28.643206989943277,27.04186065927238,25.732470077088625,,,,,-0.41,0.43
RTX,1962-11-19,0.10184402166889152,0.10329544316962919,0.10063452134779732,0.10256966203451157,1060181,28.535970940067546,26.97048597203858,25.696842753683658,,,,,-0.44,0.45
RTX,1962-11-20,0.1025695883215593,0.10377922854282756,0.10136008886968742,0.10353729873895645,640685,28.267634782771832,27.010973857162263,24.940080084947937,,,,,-0.4,0.5
RTX,1962-11-21,0.10353726726937906,0.10353726726937906,0.10232777698321231,0.10281147807836533,678821,28.3918063960679,27.054587178579908,24.941683435730432,,,,,-0.41,0.51
RTX,1962-11-23,0.10281152615063761,0.10377924552447226,0.10232782482931713,0.10329538583755493,465259,28.03427104311094,26.76805349991686,24.944371797589394,,,,,-0.41,0.51
RTX,1962-11-26,0.10329538327728992,0.1052306636113948,0.10136010294318505,0.10160203278064728,1266115,28.686612772330406,27.025206428840736,25.116834465420474,,,,,-0.45,0.45
RTX,1962-11-27,0.10160198779219858,0.10329533753904115,0.099908638045356,0.10281147807836533,678821,27.601822082835064,26.996576314378306,25.161671554505983,,,,,-0.47,0.42
RTX,1962-11-28,0.10281148948947949,0.1032953490038592,0.10208585858345032,0.10208585858345032,305088,27.658718965055773,27.020131465465465,24.6977374758611,,,,,-0.52,0.49
RTX,1962-11-29,0.10208585858345032,0.10305341924666934,0.10160199906907061,0.10208585858345032,198307,27.478680278516375,27.020131465465465,24.679280695354198,,,,,-0.57,0.51
RTX,1962-11-30,0.10208593839606458,0.10256964872116286,0.10184400844972956,0.1023278683423996,472886,27.13041180649051,26.773486588644058,24.222588050992847,,,,,-0.6,0.66
RTX,1962-12-03,0.10232788162436565,0.10281158321415505,0.10232788162436565,0.10256966203451157,251698,24.774828669328457,26.642908476498555,24.14519530283404,,,,,-0.64,0.71
RTX,1962-12-04,0.10256963580107419,0.1042631364140066,0.10184399562104547,0.10402120649814606,450005,24.16200980355404,26.745717660637496,24.02765959065429,,,,,-0.66,0.74
RTX,1962-12-05,0.10450485440930093,0.1061983540118037,0.10450485440930093,0.10547256469726562,1433914,23.944890773958516,26.796894918853763,24.09500105005488,,,,,-0.65,0.69
RTX,1962-12-06,0.10498881068254107,0.10498881068254107,0.10305352893076296,0.10426317900419235,335597,24.143530891102642,26.803725152180018,24.19362906089794,,,,,-0.67,0.65
RTX,1962-12-07,0.1040211727896766,0.1040211727896766,0.10160203278064728,0.10160203278064728,434750,25.66685082229978,27.394495961159777,24.595577704083286,,,,,-0.71,0.54
RTX,1962-12-10,0.10160204795948352,0.10160204795948352,0.10063447803258897,0.10063447803258896,213562,25.474752738825636,27.47627642809777,24.33979079766281,,,,,-0.74,0.62
RTX,1962-12-11,0.10063447803258897,0.10111818821227286,0.09918290758904677,0.10063447803258896,213562,25.467620593835566,27.47601126796897,24.334809774768498,,,,,-0.78,0.62
RTX,1962-12-12,0.10063447803258897,0.10160204795948352,0.09990869720986277,0.10063447803258896,205934,25.487781044529594,27.015045559587712,24.313935762214786,,,,,-0.81,0.64
RTX,1962-12-13,0.10063448503660147,0.10063448503660147,0.0996667742729187,0.0996667742729187,122035,25.732058099602302,26.960731675472026,24.3534434919897,,,,,-0.84,0.62
RTX,1962-12-14,0.0996667742729187,0.09990870416336199,0.09869920427868269,0.0996667742729187,282206,24.800005103280753,26.960731675472026,24.343251583596352,,,,,-0.87,0.63
RTX,1962-12-17,0.0994248599435651,0.0994248599435651,0.09676393866539001,0.09676393866539001,259325,26.437060516888256,27.331067571573538,24.796442687366866,,,,,-0.92,0.55
RTX,1962-12-18,0.09676394343416611,0.09845729465012248,0.09676394343416611,0.09797344356775284,282206,20.778691229699454,26.96462298630825,24.852555733391565,34.56294154614698,,,,-1.0,0.51
RTX,1962-12-19,0.09797344356775284,0.09797344356775284,0.09700572380682908,0.09797344356775284,114408,20.558930212730573,26.931464911750773,24.77178970608641,34.446718137422835,,,,-1.06,0.56
RTX,1962-12-20,0.09797342340544321,0.10063448503660147,0.0977314935149999,0.0996667742729187,289834,20.76073088215886,26.898606675409688,24.81292114585896,34.3784171523949,,,,-1.12,0.54
RTX,1962-12-21,0.0996667742729187,0.10063448503660147,0.0996667742729187,0.0996667742729187,465259,20.49162001608053,26.664073381654546,24.647915141065177,34.377759968556745,,,,-1.15,0.63
RTX,1962-12-24,0.09966679158247906,0.10039257258176804,0.09966679158247906,0.10039257258176804,160171,20.29164409886991,26.020226428879024,24.53737937266561,34.153666448213535,,,,-1.22,0.67
RTX,1962-12-26,0.10039255514615818,0.10063448503660147,0.0996667742729187,0.0996667742729187,335597,20.213372286986708,25.773445732363598,24.41200299947379,34.16734267653959,,,,-1.25,0.75
RTX,1962-12-27,0.09966675395974957,0.09966675395974957,0.09918289427747884,0.0994248241186142,114408,19.183134187421143,25.090470820154003,24.3721299363955,34.1694797448624,,,,-1.27,0.78
RTX,1962-12-28,0.09942485603717649,0.10015064579358433,0.09894099619957125,0.09918292611837387,198307,18.857844407261574,24.563936486437107,24.37064079952666,34.16041883023665,,,,-1.28,0.79
RTX,1962-12-31,0.09918293171755843,0.10063450251422836,0.09894100178509813,0.10039257258176804,305088,17.825375535238646,24.055670694653347,24.422750898435584,34.16886142932399,,,,-1.3,0.76
RTX,1963-01-02,0.10039256691429549,0.10039256691429549,0.09918292611837387,0.09918292611837387,236443,18.099365196654205,24.21452416603693,24.400767512812262,33.992767979419405,,,,-1.32,0.77
RTX,1963-01-03,0.09918293171755843,0.10039257258176804,0.0982153703533723,0.10039257258176804,350851,18.348670329418507,24.18697658423832,24.3375935721397,33.97691090647616,,,,-1.38,0.78
RTX,1963-01-04,0.10087631642818451,0.10184403647986638,0.10087631642818451,0.10087631642818451,327970,18.17662774205033,23.94449573977972,24.296224919716753,33.97740945624896,,,,-1.42,0.81
RTX,1963-01-07,0.10087625833866752,0.10208590770669419,0.10063447803258897,0.10063447803258896,236443,18.089409914029133,23.94258369285239,23.781835333609184,33.94612472056431,,,,-1.44,0.98
RTX,1963-01-08,0.10063452134779732,0.10426316308057747,0.10063452134779732,0.10256966203451157,465259,18.921401648871104,24.05586219547967,23.94872450580579,34.01047792717189,,,,-1.45,0.87
RTX,1963-01-09,0.10256960548737619,0.10305345637800732,0.10015061497688293,0.10015061497688293,396614,19.578602061228526,24.61301336377282,24.234179061409833,34.02563105115573,,,,-1.45,0.79
RTX,1963-01-10,0.10015061702362439,0.10136010790454457,0.09918289762640771,0.09990868717432022,373733,19.23240670849788,23.836565253733426,24.16160056861867,34.02669486743279,,,,-1.45,0.84
RTX,1963-01-11,0.09990868476032734,0.10377924552447226,0.09990868476032734,0.10329538583755493,282206,21.542235033037624,24.688123405176874,24.681331823459217,33.802917774926726,,,,-1.46,0.7
RTX,1963-01-14,0.10329542976207547,0.10377928965474549,0.10160207850339455,0.1023278683423996,244070,21.728991955433813,24.71716113544668,24.72936914329628,33.8213030825871,,,,-1.47,0.69
RTX,1963-01-15,0.10232777698321231,0.10402112673005488,0.1020858472528744,0.10281147807836533,289834,21.761100876473964,24.491349529425115,24.71305524011295,33.82404007119072,,,,-1.48,0.7
RTX,1963-01-16,0.10232788013629252,0.10232788013629252,0.10063451988434938,0.10184402018785477,129662,21.92595381155669,23.469256683974095,24.386989461659688,33.736732003324356,,7.11,19.0,-1.5,0.84
RTX,1963-01-17,0.10184402018785477,0.10256966054292242,0.10136016023941702,0.10184402018785477,160171,21.504361278089316,23.17080279689466,24.32728607284298,33.70281992149095,,7.06,12.0,-1.52,0.86
RTX,1963-01-18,0.10184400260896674,0.1032954238380735,0.10015065144739968,0.10039257258176804,442378,21.398520402834738,23.32493270031848,24.433964154903748,33.50663948610876,,7.02,24.0,-1.52,0.82
RTX,1963-01-21,0.10039260596995649,0.10087631642818451,0.09966682472928995,0.10087631642818451,266952,21.266086642329242,23.072216635445443,24.43850185038518,33.50578005187687,,6.98,25.0,-1.53,0.81
RTX,1963-01-22,0.1008762461443653,0.10160203567744512,0.09942482544380311,0.10015061497688293,228816,20.031171213801517,23.075034938948775,24.293372838758216,33.4922152654199,,6.93,10.0,-1.53,0.88
RTX,1963-01-23,0.1001506136420203,0.10039253468506704,0.09918289427747884,0.0994248241186142,327970,19.951560508999822,22.94168145550414,24.326069463967393,33.49793007740299,,6.88,13.0,-1.52,0.86
RTX,1963-01-24,0.09942482426788206,0.09966675410938064,0.09845725446939467,0.09845725446939468,320342,20.134870986580623,23.02352230181529,24.32014002980711,33.4531379706506,,6.83,13.0,-1.49,0.87
RTX,1963-01-25,0.09845722259174414,0.09918286231379142,0.09482859287530378,0.09555423259735107,655939,21.83714702018804,23.90147136778344,24.7833488683197,33.608027837461236,,6.77,38.0,-1.47,0.75
RTX,1963-01-28,0.09555435893343493,0.0970057810658831,0.09482871825199027,0.09652207046747208,503395,21.962883550911027,23.932826870724316,24.83102328760026,33.58668224887887,,6.7,41.0,-1.44,0.72
RTX,1963-01-29,0.09652202046855783,0.09652202046855783,0.09482866913024093,0.09628009051084518,488141,21.96431903586081,23.36788501130936,24.69938642579386,33.50753599901477,,6.63,35.0,-1.41,0.78
RTX,1963-01-30,0.09628003288163578,0.09748953237866434,0.09531232242810914,0.09700567275285721,327970,20.367966636644898,23.408909622804448,24.656949347174525,33.175769384103084,,6.57,32.0,-1.36,0.78
RTX,1963-01-31,0.09700571902613743,0.09797343873936946,0.096280078808774,0.09676393866539001,251698,20.038894357384322,20.238522464798812,24.651565997014117,33.165651161028606,,6.5,32.0,-1.32,0.79
RTX,1963-02-01,0.09676387261510826,0.09676387261510826,0.09555423259735107,0.09555423259735107,251698,20.345672839176622,20.278517875584836,24.6897588328117,33.20024063903763,,6.42,36.0,-1.28,0.79
RTX,1963-02-04,0.09555435893343493,0.09724771114891674,0.09555435893343493,0.09652207046747208,274579,19.901979815324236,20.164784259265737,24.61812451523749,33.213315699135705,,6.34,31.0,-1.24,0.83
RTX,1963-02-05,0.09652201594676398,0.09652201594676398,0.09410288364673175,0.09579623490571976,68645,19.986818472252462,20.08442696400087,24.638541904908433,33.08469809676453,,6.25,32.0,-1.22,0.83
RTX,1963-02-06,0.09579623490571976,0.09652201594676398,0.09507044506658309,0.09579623490571976,175426,19.826260492371723,19.908478259314073,24.626334995407888,33.070940195227024,,6.17,32.0,-1.2,0.85
RTX,1963-02-07,0.09579619992368246,0.0979734102803732,0.09458670020103456,0.09458670020103455,236443,20.024229292506053,19.976684220150055,24.70896454005085,33.009809694693196,,6.07,42.0,-1.19,0.81
RTX,1963-02-08,0.09556432732773253,0.09605303699695053,0.09483104504280916,0.09531989693641663,183053,20.209301590158567,19.579784355098692,24.409542122332205,32.86090317998146,,5.99,25.0,-1.19,0.95
RTX,1963-02-11,0.0953198581593291,0.09580871874308744,0.0938534364104271,0.0938534364104271,297461,20.617996145951853,19.6310938968844,24.452472306846364,32.91342450525832,,5.89,30.0,-1.2,0.93
RTX,1963-02-12,0.09385345044236873,0.09434215998584126,0.09336458978552128,0.09360902011394501,167798,20.18864996203105,18.93034428995249,24.455679483057665,32.90250064389303,,5.8,31.0,-1.22,0.93
RTX,1963-02-13,0.09483100887589468,0.09580872117925131,0.09483100887589468,0.09556429088115692,312715,21.026737562092322,19.452859306554178,24.458309129896207,27.524524351783764,,5.69,32.0,-1.19,0.89
RTX,1963-02-14,0.09629742744602662,0.09776400029659271,0.09629742744602662,0.09776400029659271,167798,21.824737409988703,19.99062325022763,24.416785249534662,25.796939113364324,,5.58,27.0,-1.13,0.86
RTX,1963-02-15,0.09776394411863558,0.09947479516267776,0.09776394411863558,0.09947479516267776,419496,22.403899299006035,20.228987766597562,24.538679431719487,24.635579723871423,,5.47,35.0,-1.07,0.78
RTX,1963-02-18,0.09947481204928381,0.10118567227277307,0.09849710017442705,0.09849710017442703,358478,22.56421198115749,20.275535132305002,24.43766955706375,24.583359347745162,,5.35,30.0,-1.01,0.85
RTX,1963-02-19,0.09849714005303498,0.09849714005303498,0.09776400029659271,0.09776400029659271,343224,21.843368305046436,20.290179830181465,24.331105167475936,24.363980337511965,,5.23,16.0,-0.94,0.89
RTX,1963-02-20,0.09727506066796936,0.09727506066796936,0.09580864012241364,0.09580864012241364,53390,21.54258075357662,20.424463035086575,24.162526204441757,24.49121788124718,,5.09,7.0,-0.89,0.92
RTX,1963-02-21,0.09531989693641663,0.09531989693641663,0.09238690113208828,0.09531989693641663,472886,21.56696879651658,20.265088040064914,23.95130437730952,24.50095431645371,,4.94,3.0,-0.83,1.06
RTX,1963-02-25,0.09434214588083313,0.09434214588083313,0.09312014553478958,0.0938534364104271,167798,19.21567817188462,20.441149088820172,23.683859918802813,24.48436850304076,,4.78,1.0,-0.83,1.12
RTX,1963-02-26,0.09385342547945377,0.09483099541976199,0.09238685278800907,0.09434213489294052,305088,19.2712922119294,20.48402139373004,23.318379246181827,24.486119915265395,,4.61,1.0,-0.78,1.31
RTX,1963-02-27,0.09434216383601875,0.09458659417441787,0.09336459359580336,0.09409773349761963,327970,19.142635350968185,20.47115659146379,22.985847383710816,24.35822941942804,,4.43,1.0,-0.78,1.45
RTX,1963-02-28,0.09409776632680167,0.09434219675047859,0.09263134378719946,0.09336462616920471,205934,19.100233844620654,20.49765788695073,23.019251747538526,24.04344186720973,,4.25,2.0,-0.83,1.43
RTX,1963-03-01,0.09312014970437378,0.09312014970437378,0.09189815819263458,0.09189815819263458,198307,19.439646440975004,20.43986906986528,23.071587075970218,24.121419504969886,,4.05,3.0,-0.85,1.44
RTX,1963-03-04,0.09189818593034023,0.09336460818751476,0.09165375555373972,0.09287575632333755,625430,19.5644778788197,20.341709868597675,22.94283613147653,24.140624832011337,,3.83,1.0,-0.84,1.53
RTX,1963-03-05,0.09287577421087638,0.09336462616920471,0.09165377320592558,0.09336462616920471,579667,19.57945393902491,20.300742483373423,22.951685326015813,24.059868199145832,,3.59,2.0,-0.82,1.51
RTX,1963-03-06,0.09336456295937459,0.09360899321756694,0.09140928089618681,0.09140928089618683,518650,20.2716114288506,20.085421199625625,23.139461703324205,24.116577004728313,,3.33,6.0,-0.84,1.43
RTX,1963-03-07,0.09189820362960249,0.09336462616920471,0.09189820362960249,0.09336462616920471,358478,21.400297073610126,20.55726089585353,23.345428494115865,24.237638915018316,,3.04,8.0,-0.83,1.3
RTX,1963-03-08,0.09336459359580336,0.09458659417441787,0.09312016325740424,0.09409773349761963,259325,21.459106784168196,20.639895415409644,22.841457267080656,23.70841168866092,,2.7,1.0,-0.82,1.5
RTX,1963-03-11,0.09409774261929921,0.09483103370558058,0.09360903300850734,0.09458660334348679,152544,19.764433955404417,20.67918166523098,22.839545641975896,23.597300151406834,,2.32,1.0,-0.79,1.48
RTX,1963-03-12,0.09458656515635125,0.09531984705756376,0.09434213489294052,0.09434213489294052,251698,19.523783149791196,20.60377308357037,22.807887660124663,23.437874182516342,,1.85,1.0,-0.75,1.5
RTX,1963-03-13,0.09434206846362962,0.09580864012241364,0.09385335939425878,0.09580864012241364,305088,20.068571975680626,20.873769616463534,22.75834434124567,23.477195797541388,,1.18,1.0,-0.71,1.53
RTX,1963-03-14,0.09556418159738751,0.09556418159738751,0.0936089014509977,0.09483090043067932,305088,20.138843249931863,20.092578804065038,22.156781253046002,23.425045447577748,,1.01,1.0,-0.68,1.64
RTX,1963-03-15,0.09483102451281698,0.0950754548512161,0.09409773349761963,0.09409773349761963,228816,20.23597018576781,19.97057833318662,22.038159333578715,23.411263544933487,,0.98,1.0,-0.72,1.71
RTX,1963-03-18,0.09409773349761963,0.09458659417441787,0.09287574180802755,0.09409773349761963,320342,19.93287458593089,19.97057833318662,21.994351523399473,22.89879770366392,,1.0,1.0,-0.87,1.73
RTX,1963-03-19,0.09434213489294052,0.0955642773209745,0.09434213489294052,0.09434213489294052,160171,19.704079992606683,19.636275425298454,21.802649692627423,22.863472424329924,,1.02,1.0,-0.92,1.9
RTX,1963-03-20,0.09434204039353333,0.09556418159738751,0.09434204039353333,0.09483090043067932,442378,19.66810596654847,19.675078899379443,21.755401636844873,22.867956758183215,,1.05,1.0,-0.92,1.95
RTX,1963-03-21,0.09483104504280916,0.09580875771904843,0.09483104504280916,0.09531989693641663,556786,19.73216222032853,19.642737674063373,21.656147843164845,22.866142298789097,,1.08,1.0,-1.01,1.99
RTX,1963-03-22,0.09531980104330415,0.09678623080253601,0.09434208935065713,0.09678623080253601,450005,19.852490742829172,19.87068714930754,21.749799737943203,22.929685611707466,,1.1,2.0,-1.05,1.91
RTX,1963-03-25,0.09629745036363602,0.09629745036363602,0.0948310282774306,0.09629745036363602,266952,19.809006579857584,19.888988680731785,21.766569665092625,22.659045129764756,,1.12,4.0,-1.11,1.91
RTX,1963-03-26,0.09629732053992314,0.09654175055849613,0.09483090043067932,0.09483090043067932,312715,19.798098183148113,20.1164519453691,21.880951240232697,22.72235108149482,,1.13,6.0,-1.16,1.86
RTX,1963-03-27,0.09483104504280916,0.09556432732773253,0.09483104504280916,0.09531989693641663,251698,19.82506661030949,19.97609623350253,21.5094159695094,22.428328274133484,,1.15,1.0,-1.15,2.12
RTX,1963-03-28,0.09531986335308319,0.09556429365828079,0.09214258939027786,0.09214258939027786,259325,21.2806790291199,20.97405970017189,22.174907142919732,22.742840378496755,,1.17,11.0,-1.12,1.94
RTX,1963-03-29,0.09263130595995932,0.09360901836637946,0.09263130595995932,0.09312015771865845,99154,20.3600925889099,20.933834307322467,20.268322454051866,22.678134755880578,,1.21,1.0,-1.16,-0.06
RTX,1963-04-01,0.09312015771865845,0.09385344869023997,0.09214259642561039,0.09312015771865845,472886,19.560659715350532,20.897545313052763,20.201961644231634,22.678134755880578,,1.24,1.0,-1.19,-0.03
RTX,1963-04-02,0.09312015771865845,0.09312015771865845,0.09312015771865845,0.09312015771865845,0,19.432873347976717,20.89810103229704,20.059355818611856,22.678134755880578,31.059626229740587,1.27,1.0,-1.2,0.03
RTX,1963-04-03,0.09336460264641355,0.09507546406767436,0.09336460264641355,0.09458660334348679,350851,19.999200204160406,20.76719332150453,20.15157372546175,22.739620199301676,31.00844579547093,1.3,2.0,-1.21,0.01
RTX,1963-04-04,0.09483092864622877,0.09629734919178448,0.09483092864622877,0.09580864012241364,671194,19.54430860316574,20.426938200102484,20.16618130122551,22.608944924585188,30.938306158059557,1.33,3.0,-1.19,0.0
RTX,1963-04-05,0.09556429088115692,0.09556429088115692,0.09483100887589468,0.09556429088115692,160171,19.500123002316304,20.42743143780171,20.117796344627585,22.605054360904933,30.93882501147957,1.36,2.0,-1.19,0.03
RTX,1963-04-08,0.09556431043271546,0.0967863110598411,0.09507545862553315,0.09629745036363602,434750,19.040665349864604,19.24092287901043,19.86668767999286,22.600560462778216,30.767563911896268,1.4,1.0,-1.19,0.12
RTX,1963-04-09,0.09629745036363602,0.09727516286702341,0.09580874078081801,0.09629745036363602,503395,18.99732670919832,19.1652651125703,19.76660025910853,22.587182006005513,30.767563911896268,1.45,1.0,-1.18,0.17
RTX,1963-04-10,0.09629732053992314,0.09654175055849613,0.09409761037496034,0.09483090043067932,404242,19.540309971333304,19.349310925703673,19.519579711410586,22.664399730839328,30.808437170870274,1.49,1.0,-1.16,0.17
RTX,1963-04-11,0.09483090043067932,0.09531975157881452,0.0936089014509977,0.09483090043067932,869501,19.39017752323142,19.27697806927066,19.509486197793233,22.636324536395254,30.798426596451336,1.53,1.0,-1.14,0.18
RTX,1963-04-15,0.09483100564667998,0.09531985733720129,0.09458657535690901,0.09507543593645096,442378,18.765199293971357,19.290983388385513,19.47655632611535,22.637003622341762,30.786680280032957,1.57,1.0,-1.1,0.2
RTX,1963-04-16,0.09507545097111243,0.09507545097111243,0.0928757380176959,0.09360902011394501,465259,19.1458952955896,19.32728081495146,19.547910733027035,22.661700142820074,30.656462737931374,1.61,4.0,-1.08,0.15
RTX,1963-04-17,0.09360905659288163,0.09458662717415552,0.09336462616920471,0.09336462616920471,244070,19.103489526167962,19.289125144448622,19.52580129864313,22.607424570461,30.62649851064694,1.65,4.0,-1.05,0.17
RTX,1963-04-18,0.09336458978552128,0.09483102064268871,0.09336458978552128,0.09360902011394501,236443,18.026962475270246,19.265263187752577,19.513235821876073,22.49519237566809,30.625810266494017,1.69,3.0,-1.02,0.18
RTX,1963-04-19,0.0945865785778003,0.09629743066208393,0.0945865785778003,0.09556429088115692,427123,17.979045602724845,19.730063772340316,19.652034293492576,22.55434584352425,30.664825556876572,1.72,7.0,-0.97,0.17
RTX,1963-04-22,0.09556418159738751,0.0958086116159605,0.09434204039353333,0.09483090043067932,167798,18.013433310699483,19.693642796870247,19.581681544338778,22.46445149772037,30.671299777446915,1.75,7.0,-0.91,0.2
RTX,1963-04-23,0.09483104504280916,0.09531989693641663,0.09409775386886146,0.09531989693641663,129662,18.01251930118984,18.753931025817085,19.578139050918182,22.436857494547038,30.584213048389437,1.78,7.0,-0.85,0.2
RTX,1963-04-24,0.09531989693641663,0.09580875771904843,0.09409775386886146,0.09531989693641663,655939,17.9926008443764,18.63503586818677,19.578139050918182,22.429278937215383,30.583300014227248,1.81,7.5,-0.77,0.2
RTX,1963-04-25,0.09531988008461292,0.09629745036363602,0.09507545862553315,0.09629745036363602,450005,17.673083197330307,18.749768859654257,19.648631504620244,22.451202792634284,30.253902514667924,1.84,10.0,-0.69,0.17
RTX,1963-04-26,0.09654181864898638,0.0992303907473324,0.09654181864898638,0.09849710017442703,831365,18.53180105411146,19.255326565148906,19.98580574537784,22.538832394856477,30.330711429549435,1.86,14.0,-0.62,0.08
RTX,1963-04-29,0.09849708181816808,0.09874151196358368,0.09678623080253601,0.09678623080253601,198307,19.15051450759534,19.59033825161437,20.032876619091198,22.57692991542829,30.38433488942789,1.88,15.0,-0.59,0.06
RTX,1963-04-30,0.09678627880644983,0.09751956071737332,0.09629741827315431,0.09727513045072556,198307,19.18469410267787,19.43911171821531,19.918130919645865,22.54933136597856,30.30405258453208,1.91,14.0,-0.8,0.11
RTX,1963-05-01,0.09727513971673046,0.09947485232373882,0.09703071831582,0.09776400029659271,419496,19.213776810341653,19.357816278490464,19.86449027414566,22.22953433532068,30.27828359978586,1.93,13.0,-0.91,0.14
RTX,1963-05-02,0.09776399098402107,0.09849713067062764,0.09678627880644983,0.09727513045072556,259325,19.257043241941,19.32133835576732,19.46264302899349,22.239075997431033,30.084759314839456,1.95,1.0,-0.85,0.23
RTX,1963-05-03,0.09727506066796936,0.09825262991993934,0.09580864012241364,0.09580864012241364,457632,19.758202016117657,19.57899344581083,19.550062757166884,22.28263708873344,30.120850704585745,1.97,8.0,-0.78,0.19
RTX,1963-05-06,0.09580875771904843,0.09703075856221414,0.09507547543412506,0.09531989693641663,236443,19.282332981713633,19.429762443749727,19.56364327083907,22.23910644806949,30.105997944703866,1.99,9.0,-0.71,0.18
RTX,1963-05-07,0.09531980207697878,0.09751951340729634,0.09483095066986173,0.09703066200017929,274579,19.939558033336667,19.70536649525842,19.778814415205588,22.317965003648325,30.151226931452875,2.01,16.0,-0.63,0.1
RTX,1963-05-08,0.09703066200017928,0.09825265273823175,0.096786231852113,0.09703066200017929,274579,19.384630582815884,19.428603010045816,19.722590078103373,22.31037465455094,30.096192071988682,2.02,15.0,-0.57,0.13
RTX,1963-05-09,0.09703068775973046,0.09849710903515237,0.09703068775973046,0.09751953929662704,289834,19.382353303304782,19.43851078867178,19.740457004013965,22.29987055542671,30.069061848539434,2.04,16.0,-0.51,0.12
RTX,1963-05-10,0.09751957000666159,0.09849714005303498,0.09727513971673046,0.09776400029659271,244070,16.361536917242677,18.99194891569488,19.175506830937632,22.057963694186377,30.037862360463404,2.06,1.0,-0.53,0.16
RTX,1963-05-13,0.09776400029659271,0.09849714005303498,0.09751957000666159,0.09776400029659271,343224,16.16538597471263,18.410398038513858,19.073488749564717,22.02480895831707,29.97396323491408,2.07,1.0,-0.52,0.21
RTX,1963-05-14,0.09776396950958426,0.09776396950958426,0.09727510908366983,0.09751953929662704,343224,16.203458989020874,18.057570630373426,19.07755765408336,22.019399167668645,29.701284107833537,2.09,2.0,-0.51,0.21
RTX,1963-05-15,0.09751953929662704,0.09825267882219516,0.09751953929662704,0.09751953929662704,282206,16.203458989020874,17.94766414586694,18.87759244394487,22.017164193152933,29.691502913311535,2.11,1.0,-0.46,0.3
RTX,1963-05-16,0.09751954139102414,0.0980082507141309,0.09654182940721512,0.09654182940721512,388987,15.972454951657165,18.000824768760452,18.942291697004592,21.947558004500603,29.70882587661981,2.12,2.0,-0.38,0.26
RTX,1963-05-17,0.09654184990387314,0.09678628017397453,0.09605298936367035,0.09605298936367035,167798,15.627949353601679,17.544347530769635,18.91791573203395,21.95636475874957,29.708430589132025,2.14,2.0,-0.27,0.27
RTX,1963-05-20,0.09704064422258807,0.09852229683554102,0.09704064422258807,0.09728758782148361,327970,16.029139598052673,17.70200692528998,19.001255465564558,21.971359437797098,29.621243326927377,2.15,4.0,-0.2,0.23
RTX,1963-05-21,0.09704066182493228,0.09704066182493228,0.0950652743230159,0.09629998356103897,274579,16.181144331201697,17.531866683972197,19.06400638235885,21.996912024537345,29.628813397136415,2.16,5.0,-0.11,0.19
RTX,1963-05-22,0.0962998279718287,0.09753439152844676,0.09555900721810912,0.09580595046281815,327970,16.249687912005058,17.53986470718766,19.076498443383088,22.0061621153907,29.556729396504583,2.18,7.0,-0.03,0.18
RTX,1963-05-23,0.09580595046281815,0.0962998279718287,0.09481833015090911,0.09580595046281815,137290,15.599986078763587,17.52991194486052,18.971584759531247,21.923972470151593,29.429917812748467,2.19,4.0,0.11,0.24
RTX,1963-05-24,0.09580610525408292,0.09654692720472798,0.09432459605912258,0.09629998356103897,335597,15.661318902805684,17.47464156980718,18.899444153812752,21.89249818936971,29.432049878240747,2.2,2.0,0.2,0.28
RTX,1963-05-27,0.09629983039953932,0.09629983039953932,0.0948183325412713,0.09531206637620926,137290,15.956411791178304,17.289723812102167,18.859746508082896,21.921105383720967,29.44121169936415,2.21,1.0,0.36,0.3
RTX,1963-05-28,0.09531219150425618,0.09580607865451152,0.09481845702113217,0.09555913507938385,114408,15.263704653993948,17.169970814788364,18.847083916179077,21.88877291167495,25.135434637678962,2.22,1.0,0.54,0.31
RTX,1963-05-29,0.09555908015869163,0.09555908015869163,0.09383063777373686,0.09407757222652435,282206,15.9582951045888,17.45266471182394,18.99662535634056,21.8920263218632,23.736549391741494,2.23,8.0,0.72,0.24
RTX,1963-05-31,0.0935837427085822,0.0935837427085822,0.09160835586946192,0.09259612113237381,442378,16.606934859754407,17.20885719503884,18.882309813961154,21.964813851065845,22.82458246394498,2.24,4.0,0.79,0.27
RTX,1963-06-03,0.0925961467115097,0.09333682493149333,0.09136143754668401,0.09185532480478287,366106,15.494053877467184,16.724111540421298,18.559229618168207,21.97651659296053,22.778338217685555,2.25,1.0,0.91,0.35
RTX,1963-06-04,0.09185532480478287,0.09185532480478287,0.09012687206860152,0.09185532480478287,640685,15.378657142597971,16.639050185253048,18.558046128723348,21.974247878302965,22.600683027233963,2.26,1.0,1.02,0.35
RTX,1963-06-05,0.09210222066286355,0.09333678562098627,0.09210222066286355,0.09234916418790817,495768,15.386451652805794,16.641670644332965,17.760893801558453,21.776190209178573,22.606131636298247,2.27,1.0,0.85,0.09
RTX,1963-06-06,0.09234921354267908,0.09333683550357819,0.09234921354267908,0.09333683550357819,305088,15.754380743801736,16.787469703123854,17.80777339598316,21.764219780144316,22.629243103520132,2.28,2.0,0.84,0.07
RTX,1963-06-07,0.09333675551713815,0.09481840720911193,0.09284302129339309,0.09457146376371384,259325,15.952819809978955,16.70310892312927,17.92548331856271,21.8204636956171,22.595144610079835,2.29,3.0,0.56,0.02
RTX,1963-06-10,0.0938306376338005,0.0938306376338005,0.0923491297038427,0.0938306376338005,297461,14.479828908949917,16.648773556097975,17.907788765363293,21.705608290087437,22.60824953243355,2.29,3.0,0.41,0.03
RTX,1963-06-11,0.09383071485508958,0.09383071485508958,0.09284309297800064,0.09284309297800064,305088,13.94723779867239,16.71352852766746,17.97410791094796,21.56209333970921,22.537204509683654,2.3,5.0,0.03,-0.01
RTX,1963-06-12,0.09284306469320654,0.09333679914774948,0.09210223401070838,0.09259612113237381,396614,13.816950293963338,16.720918675961414,17.847138116674223,21.55504864318361,22.28478694284577,2.31,3.0,-0.05,0.06
RTX,1963-06-13,0.09259614934193615,0.09284309297800064,0.09210226206980719,0.09284309297800064,289834,13.735135495893655,16.721434308052807,17.83321027029813,21.44754053377339,22.28241687855715,2.31,3.0,-0.35,0.07
RTX,1963-06-14,0.0928430167079732,0.09432451565972616,0.0928430167079732,0.09407757222652435,289834,14.356920922498412,16.913167512398868,17.941416080393118,21.420905524438265,22.31090088796349,2.31,7.0,-0.51,0.03
RTX,1963-06-17,0.09407765749421651,0.09407765749421651,0.09309004451373988,0.09333683550357819,213562,13.883678288384152,16.950661588539166,17.947650753320122,21.2008267447534,22.259233654289115,2.31,8.0,-0.59,0.02
RTX,1963-06-18,0.09333675076813346,0.0938306376338005,0.09308996000234328,0.0938306376338005,167798,13.93426398894976,16.679023658490973,17.911425036107833,21.0589493450471,22.197492613995536,2.31,6.0,-0.57,0.05
RTX,1963-06-19,0.09383057179482925,0.09432444933353833,0.09358362853527069,0.09358362853527069,244070,12.814029379483047,16.658173469375253,17.282219292699914,20.812170434896817,22.199778421002478,2.31,1.0,-0.6,-0.02
RTX,1963-06-20,0.09358377916059846,0.09432460115123678,0.09309004451373988,0.09333683550357819,228816,12.815293224741357,16.374841556793765,17.207304222804115,20.57297144193742,21.785704622851032,2.31,1.0,-0.61,0.02
RTX,1963-06-21,0.09333682758296061,0.09383071485508958,0.09259614934193615,0.09284309297800064,274579,12.722022010282355,16.367444302100903,17.222000521122254,20.37759560262605,21.70779865270336,2.31,2.0,-0.63,0.01
RTX,1963-06-24,0.09284309297800064,0.09333682758296061,0.09259614934193615,0.09284309297800064,137290,12.67178937686609,14.807333792766201,17.175831144353065,20.37444177744377,21.585648757557472,2.3,1.0,-0.62,0.04
RTX,1963-06-25,0.09284301027796962,0.09284301027796962,0.0908676245966218,0.09136135876178741,244070,13.323016697554433,15.011240758470878,17.351905858032826,20.40505658742134,21.634645323354537,2.29,5.0,-0.59,-0.04
RTX,1963-06-26,0.0913614102844586,0.0913614102844586,0.0903737887301316,0.09086767584085464,175426,13.354433625115572,15.047367930169692,17.262784600278696,20.295758272007706,21.567581583170877,2.28,4.0,-0.55,0.01
RTX,1963-06-27,0.09086764891630518,0.09086764891630518,0.08963294048576675,0.09037376195192337,297461,13.364338593706012,15.082471265583994,17.196388892007665,20.303647527741184,21.544460795229924,2.27,2.0,-0.45,0.04
RTX,1963-06-28,0.0903737887301316,0.0913614102844586,0.08987990161940855,0.09086767584085464,129662,13.360787886218011,14.758538343752377,17.18761675530544,20.273941700243505,21.1450911975443,2.26,2.0,-0.46,0.05
RTX,1963-07-01,0.09086764891630518,0.09111459239849609,0.08987987498754156,0.09037376195192337,167798,13.368661683101642,14.517658243174884,17.205121676866675,20.262478415894158,21.123266044635592,2.24,4.0,-0.44,0.04
RTX,1963-07-02,0.09037381569765096,0.09210225945341084,0.08963299379092413,0.09185532480478287,251698,13.73757204328016,14.936190823478304,17.29978838987673,20.009653885063113,21.181253972872394,2.22,9.0,-0.5,0.01
RTX,1963-07-03,0.09185524559398606,0.09234912344577098,0.09111456801272111,0.09136135876178741,221189,13.554898449999907,14.865440495115955,17.270369538349467,20.010475707447018,21.182560793513705,2.2,8.0,-0.56,0.03
RTX,1963-07-05,0.0913614670538378,0.09234923290863431,0.0913614670538378,0.0921022891998291,274579,13.806934972882,14.977534589527144,17.151537387552025,20.012285147783818,21.196356154090157,2.18,1.0,-0.6,0.08
RTX,1963-07-08,0.091855280848539,0.091855280848539,0.09062071596124274,0.0911146029829979,198307,14.068887286059114,14.815765717332068,17.229792124795082,19.93642601404523,21.0163789487449,2.15,8.0,-0.64,0.03
RTX,1963-07-09,0.09111460298299788,0.09136139382678385,0.09062071596124274,0.0911146029829979,114408,13.930622357047524,14.815765717332068,16.899546741577335,19.527549697153557,20.999753643727406,2.13,1.0,-0.68,0.12
RTX,1963-07-10,0.09136141230862921,0.09259612113237382,0.09136141230862921,0.09259612113237381,343224,14.624695007114843,15.197887699520358,16.699160475333592,19.525336044162227,20.822277191568293,2.11,1.0,-0.66,0.09
RTX,1963-07-11,0.09284303937375275,0.0938306606806245,0.09284303937375275,0.0930899828672409,259325,14.703528801561196,14.91105712512209,16.47884354962904,19.50921966384587,20.782562276222674,2.08,1.0,-0.77,0.16
RTX,1963-07-12,0.09309004451373988,0.09383072281761871,0.09309004451373988,0.09333683550357819,144917,14.049579279503623,14.912049536909047,16.420431198138303,19.3862507798827,20.710267169939183,2.06,1.0,-0.78,0.21
RTX,1963-07-15,0.09333668527571214,0.09407750607397977,0.09333668527571214,0.09358362853527069,274579,13.264970580302403,14.912248670728703,16.390191595050148,19.34896997372385,20.711350702651444,2.04,1.0,-0.74,0.24
RTX,1963-07-16,0.09358362853527069,0.09358362853527069,0.09308989468308983,0.09358362853527069,137290,13.025832473703774,14.276203621273615,16.080853375384166,19.282722555319364,20.711350702651444,2.02,1.0,-0.73,0.36
RTX,1963-07-17,0.09358377916059846,0.09383072281761871,0.09309004451373988,0.09333683550357819,274579,13.059218503897164,14.202309028848006,16.066536022472263,19.263593067484024,20.70703977545033,2.0,1.0,-0.73,0.37
RTX,1963-07-18,0.09333675090733325,0.09407757222652435,0.09308996014117502,0.09407757222652435,251698,13.161320736502669,14.258388540064571,15.928478973987978,19.283099101074765,20.586101307705583,1.99,1.0,-0.73,0.46
RTX,1963-07-19,0.09407750607397977,0.09432444933353833,0.09333668527571214,0.09358362853527069,259325,12.913947661706407,14.295706491801699,15.928594441360906,19.272079057563754,20.587610492960284,1.98,2.0,-0.73,0.45
RTX,1963-07-22,0.09333672598926966,0.09333672598926966,0.0898798331618309,0.0898798331618309,320342,16.911156080201312,16.32253549731855,17.16212952261895,19.61717637151278,20.97365404532239,1.96,11.0,-0.7,1.44
RTX,1963-07-23,0.0898798331618309,0.09062066326365727,0.0898798331618309,0.0898798331618309,137290,16.81522578737276,15.55819005906688,17.121581498254884,19.614401525537165,20.964804555124598,1.93,10.0,-0.68,1.5
RTX,1963-07-24,0.0898798331618309,0.09062066326365727,0.08963289877496738,0.0898798331618309,228816,16.59326453605165,15.19897164683068,16.94141257924896,18.393177264591003,20.96231665908182,1.91,10.0,-0.64,1.68
RTX,1963-07-25,0.0898799377239992,0.0898799377239992,0.08765760648057735,0.08790455013513565,465259,17.68750176974162,15.735755074491763,17.207161892760652,18.53062004886436,21.064347669591605,1.88,18.0,-0.29,1.48
RTX,1963-07-26,0.08741058179368799,0.08741058179368799,0.08592907405913017,0.08716379106044769,320342,17.741034807321952,15.732984529798538,17.227184811352007,18.467122694126186,21.082592605404667,1.85,21.0,0.11,1.43
RTX,1963-07-29,0.08716379106044769,0.08765751621353836,0.08666990425992069,0.08716379106044769,122035,17.1536544945661,15.724333191952134,16.911512693019205,18.42118332759211,21.034386093494643,1.82,10.0,0.38,1.68
RTX,1963-07-30,0.08716379106044769,0.08790445961380186,0.08691684766018419,0.08716379106044769,106781,17.09188280519728,15.479284831046442,16.552029257060564,18.358939056880715,20.98705974315159,1.78,8.0,0.44,1.85
RTX,1963-07-31,0.08716387507740551,0.08741066604852676,0.08642304416253063,0.08741066604852676,312715,17.012357359652256,15.48732328409158,16.505607573783646,18.334922194779086,20.89760382554438,1.76,8.0,0.38,1.89
RTX,1963-08-01,0.08741066604852676,0.08839843162127148,0.08691693143911389,0.08741066604852676,137290,17.02582360793353,14.964052787910989,16.47878248553313,18.163677915653167,20.849718308774573,1.73,7.0,0.29,1.91
RTX,1963-08-02,0.08741061397642,0.08790449197836928,0.08716382315231658,0.08765754848718643,152544,17.08907290458759,14.98920388903221,16.48611735479675,18.104086591249764,20.760603447342586,1.69,9.0,0.16,1.91
RTX,1963-08-05,0.08815142971030587,0.0886453166604042,0.08815142971030587,0.0886453166604042,236443,17.484775651597733,15.16004809753501,16.39418866407518,17.921885394111285,20.76174953326106,1.66,6.0,0.03,1.97
RTX,1963-08-06,0.0891391647074193,0.09037371989638181,0.0891391647074193,0.0898798331618309,236443,18.041393528745676,15.465332360816756,16.48530709562738,17.99890496253292,20.800362104042428,1.64,10.0,-0.09,1.96
RTX,1963-08-07,0.090856299625088,0.09160517820368559,0.0893587058714666,0.08985795825719833,343224,17.47156562766288,15.464470720599605,16.444584326657196,17.975094278327344,20.793586935928403,1.62,8.0,-0.2,2.03
RTX,1963-08-08,0.0898579448633232,0.09085628608240402,0.0898579448633232,0.09035704284906387,381360,17.495022086013773,15.527780154674781,16.47202000366475,17.950315103295527,20.755024592750097,1.59,9.0,-0.29,2.01
RTX,1963-08-09,0.09035709451493878,0.09035709451493878,0.08836024753143751,0.08885949105024338,228816,18.083984646076033,15.843859979622652,16.666502814131952,18.03429579736628,20.776790286885948,1.57,16.0,-0.39,1.78
RTX,1963-08-12,0.0888594408010917,0.0893586931155554,0.08860981464385986,0.08860981464385986,396614,18.003619144750242,15.746536424232648,16.644358655240545,18.023904694918627,20.750089349652598,1.55,16.0,-0.49,1.79
RTX,1963-08-13,0.08761146735536508,0.08761146735536508,0.08536499549929515,0.08561462163925171,678821,20.436615106651278,17.12213548181227,17.455555382755026,18.363225474073126,20.775171748264423,1.51,39.0,-0.39,1.74
RTX,1963-08-14,0.08561462163925171,0.08636349098114701,0.08561462163925171,0.08561462163925171,892382,19.718434627403916,16.852088542210595,17.258916395406008,18.30051372643571,20.775171748264423,1.48,34.0,-0.34,1.86
RTX,1963-08-15,0.08561464088908262,0.08836021131682255,0.08561464088908262,0.08786111325025558,594922,21.319128052786652,17.715606465990206,17.775933971496922,18.56088811075068,20.91014484935879,1.44,42.0,-0.42,1.74
RTX,1963-08-16,0.08836021017797947,0.08985795825719833,0.08836021017797947,0.08985795825719833,533904,22.257111091606845,18.36699659481393,18.006814129732962,18.7644473437086,20.989709708546457,1.39,52.0,-0.49,1.74
RTX,1963-08-19,0.08985798294615094,0.09135557711124419,0.08935873042324696,0.0913555771112442,244070,22.600034026462286,18.717100293298614,18.188065838906592,18.871641067510726,21.04046563728181,1.36,53.0,-0.5,1.62
RTX,1963-08-20,0.09060666900472143,0.09060666900472143,0.08935869255200808,0.09035704284906387,411869,22.827087203732347,18.790453777238913,17.463886269217852,18.9079372881946,21.06236936285315,1.3,41.0,-0.54,1.61
RTX,1963-08-21,0.09035704284906387,0.09035704284906387,0.08935869255200808,0.09035704284906387,183053,22.292063916979497,18.692217761821784,17.378689556981687,18.826467525026594,21.04767810757318,1.28,40.0,-0.59,1.68
RTX,1963-08-22,0.08985221071073639,0.08985221071073639,0.08884271565500472,0.08959979563951492,259325,22.319002135328574,18.740737841617346,17.42626339023894,18.7670109502844,20.875010252097614,1.27,41.0,-0.65,1.61
RTX,1963-08-23,0.08959984335739234,0.09060950417998975,0.08909517817533581,0.08985225856304169,327970,22.321580031834422,18.50873665418217,17.433570087483545,18.72937948094206,20.85410226885149,1.26,42.0,-0.7,1.61
RTX,1963-08-26,0.09086184525657227,0.09161893420601423,0.09086184525657227,0.09111426025629044,373733,22.730449816734925,18.47808591363313,17.396416556614664,18.5720157691412,20.89563018808521,1.24,41.0,-0.72,1.63
RTX,1963-08-27,0.09060943551167887,0.09060943551167887,0.09010460548296531,0.09035702049732208,129662,22.83048461040435,18.48381588356716,17.311730661531275,18.564268150508237,20.910297544594478,1.22,39.0,-0.74,1.67
RTX,1963-08-28,0.09035704598355375,0.09060946106910707,0.09010463089800043,0.09060946106910706,305088,22.854318520585753,18.494423147275825,17.317051057615913,18.568468861207833,20.837683848110515,1.21,40.0,-0.75,1.67
RTX,1963-08-29,0.09060939699392974,0.09212372120721932,0.09060939699392974,0.09187130630016327,327970,23.11768115604592,18.68418911944939,17.418960248505023,18.64652414047465,20.884342540954037,1.2,44.0,-0.73,1.6
RTX,1963-08-30,0.09161896852216213,0.09161896852216213,0.09060946419488927,0.09086187928915024,350851,23.27517759340442,18.681106767305256,17.4994717076848,18.656821278867877,20.88810532974188,1.18,49.0,-0.72,1.51
RTX,1963-09-03,0.09136655181646347,0.09262861808611082,0.09136655181646347,0.09136655181646347,320342,20.110736022399134,18.50909114785128,17.36445289988147,18.6704748517332,20.889247908761966,1.17,42.0,-0.72,1.65
RTX,1963-09-04,0.09136658465828902,0.09187140583996765,0.09086191034703328,0.09161899983882904,160171,20.120113801098068,18.458361379020083,17.371481097935003,18.350801790616195,20.891106973574942,1.17,43.0,-0.71,1.64
RTX,1963-09-05,0.09161893420601423,0.09237617002577385,0.09111426025629044,0.09111426025629044,312715,20.198907566702164,18.368086894110046,17.384406359552827,18.298377704272774,20.838762762717597,1.16,45.0,-0.71,1.62
RTX,1963-09-06,0.09111426025629044,0.09187134002633753,0.09111426025629044,0.09111426025629044,572040,19.023626269304135,18.361639557872607,17.214607288731848,18.298377704272774,20.81125131431662,1.15,31.0,-0.72,1.79
RTX,1963-09-09,0.09111429438341119,0.09136655342790118,0.09086187928915024,0.09086187928915024,381360,18.843253725169024,18.35836179392971,17.21517901626905,18.180978412624306,20.80643827359587,1.14,32.0,-0.73,1.79
RTX,1963-09-10,0.09086187615466038,0.09086187615466038,0.09010463089800043,0.09060946106910706,312715,18.87823954632441,18.14483037560001,17.213464691335336,18.182851086888874,20.781323671551416,1.13,31.0,-0.74,1.78
RTX,1963-09-11,0.0903570735942935,0.0903570735942935,0.08934742212295532,0.08934742212295532,366106,19.3923685716179,18.29248118855129,17.016208905279882,18.22887764446506,20.768441422012362,1.11,22.0,-0.75,1.82
RTX,1963-09-12,0.08884277382662549,0.08884277382662549,0.0868236171639239,0.08707602322101593,480514,20.849967020118456,18.950808499343523,17.441867599728212,18.4532428232779,20.918754247579116,1.1,54.0,-0.77,1.6
RTX,1963-09-13,0.08707594447644115,0.08783303345141753,0.08707594447644115,0.08732835948467255,221189,20.86836831391647,18.96735134746354,17.425829772164754,18.45717056661483,20.914132112394334,1.09,52.0,-0.79,1.62
RTX,1963-09-16,0.08732835948467255,0.08783303345141753,0.08707594447644115,0.08732835948467255,190680,20.850878219955256,18.966225598507222,17.425829772164754,18.456234043944274,20.91222146293041,1.07,52.5,-0.8,1.62
RTX,1963-09-17,0.08783310214708903,0.0903570889743404,0.08783310214708903,0.08985225856304169,305088,22.22383859074555,19.889109851997407,17.955577749166785,18.716221298224937,20.95438918818238,1.05,70.0,-0.77,1.57
RTX,1963-09-18,0.08985221581244711,0.09060946106910707,0.08934739482073845,0.09060946106910706,312715,21.994031797022963,19.973124607645737,17.62553030820106,18.696058264713734,20.935793126723738,1.03,60.0,-0.75,1.71
RTX,1963-09-19,0.08959979563951492,0.08959979563951492,0.08859030058378325,0.08959979563951492,244070,22.244299213792594,19.83395894842186,17.50138266896493,18.678036732504754,20.964778315767457,1.0,60.0,-0.71,1.81
RTX,1963-09-20,0.08884275203193098,0.08884275203193098,0.0860663503408432,0.0860663503408432,503395,25.01960962624717,21.43470800112437,18.562286473203372,19.245098061874938,21.248210848786993,0.98,78.0,-0.68,2.02
RTX,1963-09-23,0.08581390091274747,0.08581390091274747,0.0827852413058281,0.0827852413058281,465259,26.931853049418535,22.7887723073906,19.47176995844953,19.76238751154731,21.471390770912695,0.97,95.0,-0.34,1.94
RTX,1963-09-24,0.08278525517048863,0.08530924110223805,0.08278525517048863,0.08455200493335724,472886,27.776673901123623,23.213944773454937,19.79645206389379,19.79356302570435,21.572751069695958,0.98,100.0,-0.3,1.79
RTX,1963-09-25,0.08455202452262343,0.0863187655154168,0.08404719417347623,0.0860663503408432,488141,26.503996234020438,23.51753323737828,19.90280880834469,19.73130082629327,21.567246275740185,0.99,100.0,-0.32,1.8
RTX,1963-09-26,0.08606633040073347,0.08606633040073347,0.08303767028658193,0.08455200493335724,1067808,27.008765065490458,23.495785430429603,20.068552159800827,19.83170108057684,21.582610533053714,1.0,100.0,-0.31,1.64
RTX,1963-09-27,0.0845519848168463,0.08581389486789703,0.08177558442956155,0.08581389486789703,541531,26.250500984379567,23.71236635309267,20.002367114485747,19.49950194683384,21.469856457242738,1.0,99.0,-0.32,1.67
RTX,1963-09-30,0.08581389486789703,0.08581389486789703,0.0848043998728853,0.08581389486789703,228816,25.311484287041946,23.637321255902435,20.002367114485747,19.47433732547983,21.35991877528435,1.01,98.5,-0.33,1.67
RTX,1963-10-01,0.08581387792098362,0.08732835877873417,0.08581387792098362,0.08682353794574738,213562,25.049192400129165,23.696098810056483,20.08333191380032,19.52053711937927,21.22297591285844,1.02,100.0,-0.34,1.62
RTX,1963-10-02,0.08682359586456401,0.08732841703430999,0.0860663503408432,0.0860663503408432,1067808,24.985521361450342,23.751335278528057,20.11057507928397,19.516439757268042,21.066807935357446,1.03,100.0,-0.38,1.58
RTX,1963-10-03,0.08606627676310144,0.08758060128673077,0.08556144684553146,0.08556144684553146,160171,25.010516841942483,23.502376684969704,20.12277035535502,19.524885575069987,20.936042823195745,1.05,100.0,-0.43,1.55
RTX,1963-10-04,0.0855615409814464,0.08783311288064351,0.08505686655831432,0.08707602322101593,495768,25.54164264890541,23.78177350847082,20.34359992593709,19.581743697051365,21.00862127663375,1.08,100.0,-0.47,1.44
RTX,1963-10-07,0.08707602322101593,0.08783311288064351,0.0868236171639239,0.08707602322101593,198307,25.518599132586033,23.770073703306487,20.34359992593709,19.57065591606121,20.96423687446957,1.1,99.5,-0.52,1.44
RTX,1963-10-08,0.08707596096869512,0.08707596096869512,0.0848043998728853,0.08581389486789703,259325,25.402119994056072,23.914594829275053,20.406808320947558,19.62406095494795,20.929216541518663,1.13,100.0,-0.56,1.39
RTX,1963-10-09,0.08581388876480057,0.08581388876480057,0.08303764462471008,0.08303764462471008,213562,26.8874112534434,24.764380665187446,21.010652906993073,19.972855242497314,21.181450067912802,1.17,100.0,-0.49,1.19
RTX,1963-10-10,0.08303769059192234,0.08429961043118366,0.08177562388223973,0.08379478007555008,434750,27.062476190872868,24.867496667933782,20.95508089188755,19.980786847427456,21.176764490453444,1.21,99.0,-0.55,1.21
RTX,1963-10-11,0.08379476390567815,0.08429959416389465,0.08303767456814591,0.08429959416389465,297461,26.742672255121192,24.838886591270256,20.94155912993088,19.696067074224835,21.169852655386812,1.24,98.0,-0.6,1.26
RTX,1963-10-14,0.08429957809027996,0.08631873350895641,0.08329007381612423,0.08480440825223923,465259,26.745135445494995,24.879201905787546,20.964361939794177,19.6704162381063,20.93923993277653,1.27,99.0,-0.65,1.26
RTX,1963-10-15,0.08480444078681723,0.08556152109104363,0.08379478007555008,0.08379478007555008,343224,26.780808344474266,23.64023719789678,21.032725209431497,19.714394303786502,20.965973993774725,1.31,100.0,-0.69,1.19
RTX,1963-10-16,0.08404717518153769,0.08581391577510493,0.08404717518153769,0.08505682647228241,274579,27.233201744715323,23.869195682129355,21.16682911760949,19.777945850118822,21.008640083871313,1.35,100.0,-0.78,1.12
RTX,1963-10-17,0.08530920743942261,0.0865711264721543,0.08530920743942261,0.08530920743942261,549158,27.261759559374273,23.881788913023623,21.126893028332702,19.78163231622859,20.929808560769185,1.38,99.0,-0.84,1.18
RTX,1963-10-18,0.08530924158981837,0.08556150065756897,0.08404717518153769,0.08505682647228241,472886,27.254558817335262,23.46891372094148,21.1205408529393,19.73298643560737,20.658963007847888,1.41,98.0,-0.92,1.17
RTX,1963-10-21,0.08505685182955987,0.0885903432495033,0.08455203062338902,0.08833792805671692,808483,29.631773794605966,24.68938163300456,21.880828200624254,20.213236565183955,20.945975657031067,1.47,100.0,-0.91,1.33
RTX,1963-10-22,0.0883378876611315,0.08985221289613779,0.08732838340144904,0.08808547258377075,480514,29.632215321905186,24.697451139453573,21.747186776900765,20.197805364146795,20.932180250799217,1.51,99.0,-0.91,1.45
RTX,1963-10-23,0.08833791752202966,0.08985224326892402,0.08833791752202966,0.08934742212295532,190680,29.679409294407392,24.86462377956,21.837768465708983,20.27241669906925,20.895495559349335,1.56,99.0,-0.9,1.42
RTX,1963-10-24,0.08934736716875698,0.09010460301166319,0.08884269320360672,0.0890951082110405,221189,28.677844012959845,24.868170715378845,21.841469978464648,20.22153611062744,20.870042394478954,1.6,99.0,-0.89,1.41
RTX,1963-10-25,0.08909513289321375,0.09035704305085929,0.08808547258377075,0.08808547258377075,511022,28.883975424961108,24.983812472708408,21.892748260077255,20.240855520585896,20.858924094044145,1.65,100.0,-0.89,1.35
RTX,1963-10-28,0.08884274214506149,0.09035706779475945,0.08884274214506149,0.08884274214506149,228816,28.982948177837798,25.03786442782094,21.868375828331082,20.18889685408014,20.86121283908691,1.69,98.0,-0.86,1.36
RTX,1963-10-29,0.08884277382662549,0.089095189063121,0.08707602322101593,0.08707602322101593,465259,28.329029743102403,25.271830724663953,21.976905268895223,20.32244842601093,20.955184593377837,1.74,100.0,-0.88,1.26
RTX,1963-10-30,0.08707592741884802,0.08707592741884802,0.08556144684553146,0.08556144684553146,289834,28.574532634777803,25.340624808185552,22.10919135378941,20.267544051866537,21.011376639545315,1.78,100.0,-0.91,1.17
RTX,1963-10-31,0.08556148826601753,0.08556148826601753,0.08379474792832071,0.08480440825223923,366106,28.51684457831391,25.394076551382472,22.0919906896485,20.09897304530738,20.863929133717278,1.82,99.0,-0.93,1.18
RTX,1963-11-01,0.08480442442211117,0.08480442442211117,0.08404717903478641,0.08429959416389465,358478,26.137254636057918,25.37771800985003,22.104921963244504,19.991810554204637,20.869245914812858,1.86,99.0,-0.95,1.17
RTX,1963-11-04,0.08429958981726395,0.08455200493335724,0.08404717470117064,0.08455200493335724,419496,23.50757264081953,25.18234760377826,22.106335239013703,19.968602402906782,20.05974762212654,1.9,99.0,-0.97,1.17
RTX,1963-11-06,0.08455197156934532,0.08581388142268155,0.0842995565528544,0.08530920743942261,358478,22.843490947241822,25.257462338141178,22.046839697330757,19.986212963973767,20.056398656895336,1.94,96.0,-1.0,1.2
RTX,1963-11-07,0.08530917666720082,0.08884266434465364,0.08530917666720082,0.08859024941921234,732211,24.819667907367993,25.464940201409693,22.857595570750295,20.364819037703658,20.366936518509895,1.99,100.0,-0.97,1.2
RTX,1963-11-08,0.08986678581744488,0.0921645401146311,0.08986678581744488,0.09165389090776443,671194,25.935483214932624,26.369578436509787,23.489050206357568,20.760283144334686,20.62608909210052,2.05,100.0,-0.97,1.08
RTX,1963-11-11,0.0924196919867804,0.09344098095084447,0.0924196919867804,0.09293033182621002,244070,25.89706494157717,25.998813947955185,23.591428314527406,20.746346162361768,20.638235813619364,2.11,100.0,-0.98,1.03
RTX,1963-11-12,0.09267497770885695,0.09267497770885695,0.09216448664665222,0.09216448664665222,213562,26.08120960464001,25.672455421048934,23.6239905082504,20.759580975157018,20.63294415888845,2.16,100.0,-0.98,1.0
RTX,1963-11-13,0.09190914124975126,0.09190914124975126,0.0911431680583481,0.09139849245548248,228816,26.1059249693703,25.511520923221532,23.645886012809505,20.780338781861175,20.536016003711687,2.22,100.0,-0.96,0.99
RTX,1963-11-14,0.09139857530565365,0.09139857530565365,0.0903772860765457,0.09037728607654572,244070,26.20194206877772,25.516093254204197,23.71117182599978,20.80197436375775,20.52658727572966,2.27,100.0,-0.94,0.94
RTX,1963-11-15,0.09037723306859384,0.09063254826221823,0.0891007685228934,0.09012206643819809,465259,26.14070101749058,25.52269184235613,23.579052632558955,20.720982381843733,20.382143270180073,2.32,96.0,-0.93,1.02
RTX,1963-11-18,0.09012203753681529,0.09037720408538126,0.0888454155520864,0.08961138874292374,320342,25.783969786370854,25.49052153693746,23.580597169436327,20.69219729681715,20.38432874681116,2.36,96.0,-0.91,1.02
RTX,1963-11-19,0.08961142642749154,0.09088788181543349,0.08961142642749154,0.0908878818154335,343224,26.06274012968553,25.649171578064017,23.673233503749465,20.751845614569532,20.42285982353991,2.4,99.0,-0.92,0.98
RTX,1963-11-20,0.09088791709746442,0.0926750314729903,0.09037727717580409,0.09165389090776443,617803,25.683152171528494,25.54698161088915,23.694895952163318,20.624741665184445,20.41826547078884,2.44,99.0,-0.93,0.97
RTX,1963-11-21,0.09165390510573705,0.09344101047289448,0.09165390510573705,0.09241972118616104,495768,23.473868948003837,25.540024780774424,23.71382909658868,20.49488810033677,20.426541781696088,2.48,100.0,-0.95,0.97
RTX,1963-11-22,0.09241971597144583,0.09267504060002463,0.0903772860765457,0.09037728607654572,320342,24.574111991858103,25.954749191543364,23.84088753644328,20.641966359982913,20.537221121869766,2.52,100.0,-0.93,0.89
RTX,1963-11-26,0.09114321888395371,0.09293032352688654,0.09114321888395371,0.09190919250249863,442378,24.904443207395357,26.02980154052868,23.97700776219524,20.730479874628237,20.547053645631706,2.56,100.0,-0.94,0.83
RTX,1963-11-27,0.09190919250249863,0.0924196837330606,0.09139854342346869,0.09190919250249863,312715,24.900194222024115,25.927661965692067,23.94251870627875,20.72847336473028,20.51037323522823,2.59,99.0,-0.94,0.85
RTX,1963-11-29,0.09190926389831573,0.09395169466733932,0.09190926389831573,0.09395169466733932,1105944,25.10715275575737,26.28891458615974,24.13181129994548,20.812128864341158,20.6215424072392,2.63,100.0,-0.94,0.79
RTX,1963-12-02,0.09395165975886509,0.09395165975886509,0.09190922974872236,0.09241972118616104,282206,25.541885437223804,26.51087590876141,24.27781204760833,20.8673586462633,20.6843442627752,2.67,100.0,-0.95,0.71
RTX,1963-12-03,0.09241969309202049,0.09241969309202049,0.09114322811365128,0.09114322811365128,236443,25.994687881676136,26.642803044834235,24.242562711890077,20.911579142743182,20.726512699780077,2.7,99.0,-0.94,0.7
RTX,1963-12-04,0.09114322811365128,0.09114322811365128,0.09012209698585763,0.09114322811365128,221189,25.957661398790354,26.642803044834235,24.226670704364718,20.911579142743182,20.724633030175386,2.72,98.0,-0.92,0.71
RTX,1963-12-05,0.09063254826221823,0.09063254826221823,0.0901220664381981,0.09012206643819809,152544,23.937821012266454,26.73733437849789,24.28549917408343,20.949998388882264,20.701171729076307,2.74,100.0,-0.9,0.67
RTX,1963-12-06,0.09012202296225046,0.09037718946955081,0.08859007682832266,0.08935604989528656,282206,24.06664210978571,26.787611904756364,24.315252260660177,20.962813278204052,20.665590119761358,2.76,100.0,-0.87,0.65
RTX,1963-12-09,0.08935614541075354,0.09063260141991726,0.08935614541075354,0.09037728607654572,450005,23.93858429487082,26.73450381515795,24.38756411130919,20.99857238795107,20.671466033505766,2.78,100.0,-0.87,0.61
RTX,1963-12-10,0.09037718946955081,0.09037718946955081,0.08782427089491035,0.08935604989528656,434750,24.164818751943017,26.297243553859246,24.447675239168024,20.957095238647064,20.543890179161206,2.79,100.0,-0.84,0.58
RTX,1963-12-11,0.08935607319855834,0.09012204646528128,0.08884542435407639,0.08884542435407639,579667,23.985760150959308,26.322131288490258,24.42507670406173,20.95931694060065,20.530480242802636,2.8,99.0,-0.86,0.59
RTX,1963-12-12,0.0888454920337683,0.08986679050072516,0.08731371146705551,0.08807967603206635,266952,23.98871676913938,26.38586615221697,24.44758793024028,20.90724753339011,20.546629516929357,2.8,99.0,-0.87,0.57
RTX,1963-12-13,0.08859013020992279,0.08935610373843803,0.08859013020992279,0.08859013020992279,251698,23.294972609182317,25.746416957588618,23.6200756674559,20.909758594312166,20.55624643785288,2.81,81.0,-0.86,0.58
RTX,1963-12-16,0.08859013094507735,0.08910077996832508,0.08680302649736404,0.08680302649736404,305088,23.499982470461305,26.00845396175538,23.83744204860349,20.66458848408662,20.631966470187372,2.82,87.0,-0.88,0.48
RTX,1963-12-17,0.086547746823095,0.086547746823095,0.08476064144954502,0.08552661538124084,861874,23.766534918425624,26.0810267193538,23.94767446303688,20.69443234219363,20.68113703404328,2.83,89.0,-0.93,0.42
RTX,1963-12-18,0.08578191581926761,0.08782434526038511,0.08578191581926761,0.08756902068853378,503395,24.620353054272403,25.22286747330921,23.994199764421946,20.88948944349586,20.617104925732733,2.83,90.0,-0.93,0.42
RTX,1963-12-19,0.08680297275074793,0.08680297275074793,0.08578184247016907,0.08578184247016907,419496,25.414986576841475,24.2721749188134,24.179747903323403,21.026770171039193,20.67554518134876,2.84,91.0,-0.96,0.35
RTX,1963-12-20,0.08578193323154003,0.08654773996884663,0.08501595936050639,0.08527128398418427,579667,25.351812988934746,23.92620197212467,24.197307119308842,20.94936444799206,20.682633291017368,2.85,91.0,-0.99,0.34
RTX,1963-12-23,0.0855265978891045,0.08910080790519714,0.0855265978891045,0.08910080790519714,572040,26.202244854274433,25.310664566214374,25.19194590559396,21.544237313806004,21.082386081021077,2.86,100.0,-0.98,0.43
RTX,1963-12-24,0.08910081665050752,0.08910081665050752,0.08756903608379472,0.08807967603206635,434750,24.355226735317437,25.1497579351817,25.25709085794085,21.582971123838796,21.111435279669642,2.87,100.0,-0.97,0.4
RTX,1963-12-26,0.08807963903936204,0.08935610373843803,0.08782432381505986,0.08859013020992279,297461,24.029425684162177,25.000615731752735,25.273300219078536,21.57425310761722,21.10650964793376,2.87,100.0,-0.96,0.39
RTX,1963-12-27,0.0885900999318354,0.09088785259840905,0.08833493335798988,0.08884542435407639,274579,23.977326928240885,25.0049620572469,25.2734565699421,21.577809796026408,21.098251276995818,2.88,100.0,-0.95,0.39
RTX,1963-12-30,0.08782439161894276,0.08782439161894276,0.08680309279243961,0.0870584174990654,350851,24.531114936093136,25.256501019725597,25.4169907957775,21.63408962855187,21.190688244491266,2.88,100.0,-0.97,0.35
RTX,1963-12-31,0.0870583647395843,0.08782433839526305,0.08654771563579847,0.0873136892914772,465259,24.3918177617462,25.195987147015536,25.32276008375085,21.63776828325443,21.192625677764525,2.88,99.0,-0.98,0.4
RTX,1964-01-02,0.087313658458645,0.08782430738210678,0.087313658458645,0.08782430738210678,152544,24.469024087726638,25.188762135023605,25.34139576786727,21.647622318835975,21.16430748854113,2.87,99.0,-0.97,0.39
RTX,1964-01-03,0.08782432454385948,0.08782432454385948,0.08680302649736404,0.08680302649736404,236443,24.633539527299416,25.05284231133792,25.38920127695439,21.614596503359788,21.162010306732064,2.87,99.0,-0.98,0.38
RTX,1964-01-06,0.08680302649736404,0.08782432454385948,0.08629253532256705,0.08680302649736404,419496,24.21235702441945,25.05284231133792,25.25415070633085,21.613072518159328,21.12393613627168,2.86,93.0,-0.99,0.43
RTX,1964-01-07,0.08680302577703955,0.08910077922893295,0.08680302577703955,0.08859013020992279,366106,24.879362382027097,25.210381959746453,25.46137219079417,21.749786657431443,21.220958203592215,2.85,100.0,-0.99,0.34
RTX,1964-01-08,0.0885900999318354,0.08961139762079932,0.0880796089357489,0.08884542435407639,282206,24.74929699177191,24.232011177354384,24.860504228730417,21.609611182996847,21.222814837934035,2.85,90.0,-0.95,0.41
RTX,1964-01-09,0.0888454155520864,0.09063251919712823,0.08859009115514063,0.08961138874292374,137290,24.079677105258607,24.225321869858828,24.89457389948208,21.618098548934423,21.15176210568851,2.84,90.0,-0.92,0.39
RTX,1964-01-10,0.08910077922893295,0.08910077922893295,0.08807963903936204,0.08859013020992279,228816,23.727390544721626,24.339033279762194,24.627620330621014,21.648341836309328,21.050519718218865,2.83,88.0,-0.91,0.48
RTX,1964-01-13,0.08859016741702909,0.0888454920337683,0.08807967603206635,0.08807967603206635,144917,23.760529672843354,24.352092700171013,24.380936193944727,21.657608786665705,21.056296476503796,2.82,83.0,-0.91,0.6
RTX,1964-01-14,0.08782433944902694,0.08782433944902694,0.08552658558810106,0.08629254996776581,396614,23.3108539157248,24.6018868766238,24.442698561038874,21.749685171999268,20.875177573672225,2.81,85.0,-0.91,0.6
RTX,1964-01-15,0.08629257319368873,0.08629257319368873,0.08527128398418427,0.08527128398418427,411869,23.11709912503947,24.543263036586374,24.453058884062084,21.614304663691144,20.887100463471754,2.79,87.0,-0.93,0.6
RTX,1964-01-16,0.0852712928422152,0.08552661749241636,0.08373950278954467,0.0847606435418129,572040,22.89607832492761,24.566494171950048,24.468021775945825,21.531673271539123,20.886589632994156,2.77,87.0,-0.96,0.59
RTX,1964-01-17,0.08425007107105295,0.08425007107105295,0.08348410714224502,0.08373942226171494,381360,23.053728885865755,24.68338551594661,24.505042812406046,21.562580785329626,20.899426273001108,2.75,87.0,-0.99,0.58
RTX,1964-01-20,0.08399476049465916,0.08527122487976724,0.08399476049465916,0.08501590043306351,282206,23.479096659731987,23.60047903770345,24.627359780757573,21.634284122981164,20.959739084372124,2.72,87.0,-1.01,0.51
RTX,1964-01-21,0.08501596819201405,0.0852712928422152,0.08348418742455155,0.0847606435418129,579667,23.398753777977063,23.60108132060548,24.52008314110295,21.63005493995924,20.916284732086048,2.7,86.0,-1.02,0.58
RTX,1964-01-22,0.0847606435418129,0.08603725750761064,0.08373950278954467,0.0847606435418129,366106,23.074442009823414,23.39754855216414,24.489813532955665,21.562001170847093,20.909166139682096,2.66,84.0,-1.03,0.59
RTX,1964-01-23,0.0847606435418129,0.08654774895947655,0.0847606435418129,0.0847606435418129,526277,22.91414076946847,23.394661589481892,24.483873161724677,21.555686854312082,20.89899359192531,2.63,83.0,-1.03,0.59
RTX,1964-01-24,0.08476063473682852,0.08578193323154003,0.08373949409063698,0.08527128398418427,526277,22.989776592335623,23.33074178875999,24.397300502845543,21.458647192380486,20.89900795936019,2.59,76.0,-1.01,0.64
RTX,1964-01-27,0.08527121084134437,0.08527121084134437,0.08373942226171494,0.08373942226171494,396614,23.410718863865515,23.526344701117825,24.499074312598886,21.55708443111762,20.95239210227486,2.56,84.0,-1.0,0.6
RTX,1964-01-28,0.08373943604795543,0.08501590043306351,0.08348412088645232,0.08501590043306351,251698,23.82292716619185,23.411856827082257,24.60944110275591,21.62866624638235,20.804040872321373,2.52,86.0,-0.98,0.54
RTX,1964-01-29,0.08501595936050639,0.08629257319368873,0.08476063473682852,0.08527128398418427,228816,23.156416856562643,23.146245152984836,24.61033526279363,21.62979974592081,20.780059838520458,2.48,86.0,-0.94,0.54
RTX,1964-01-30,0.0852712928422152,0.0852712928422152,0.08425015208994698,0.0847606435418129,221189,22.824741156988235,23.10679720476892,24.612850632419967,21.63850416748331,20.786409574976027,2.43,86.0,-0.91,0.54
RTX,1964-01-31,0.08476068104167435,0.08527133056799846,0.08399486460079439,0.08425018936395645,198307,21.717583489839395,23.107573444375053,24.627010073236818,21.646486031430072,20.77812168811028,2.38,86.0,-0.88,0.54
RTX,1964-02-03,0.08425018936395645,0.08527133056799846,0.08399486460079439,0.08425018936395645,274579,20.930607116945595,23.09911926649366,24.62523957156133,21.646486031430072,20.777286135963273,2.33,85.0,-0.85,0.53
RTX,1964-02-04,0.08450531680564642,0.08552661538124084,0.08450531680564642,0.08552661538124084,961027,21.343751905929494,23.234373380136905,24.75005775242205,21.69906323086789,20.800265913306855,2.27,88.0,-0.8,0.46
RTX,1964-02-05,0.08552659120723427,0.08884547637235601,0.08552659120723427,0.08833498507738113,785602,19.451751830259383,22.882012664726773,25.19808521869261,22.040444869623705,21.030648184102617,2.21,91.0,-0.78,0.37
RTX,1964-02-06,0.08859011956524106,0.0901220664381981,0.08859011956524106,0.09012206643819809,259325,20.009447264649012,22.16204384299277,25.060083135812878,22.118395570603628,21.116536281203373,2.15,89.0,-0.83,0.36
RTX,1964-02-07,0.09115495681753409,0.09192954003810883,0.09012195379122999,0.09192954003810883,457632,20.719487436980412,22.359486704402862,25.248000890594014,22.217068056111582,21.211974586856126,2.09,91.0,-0.9,0.28
RTX,1964-02-10,0.09192951949650253,0.09192951949650253,0.09038018435239792,0.09038018435239792,175426,21.372858593411827,22.564863625117347,25.40051995414576,22.297890467442926,21.24176726829459,2.03,98.0,-0.95,0.22
RTX,1964-02-11,0.09038019836585448,0.0906384491047663,0.08934735506772995,0.08934735506772995,205934,20.767800898384454,22.621793202657205,25.063480740693983,22.33697566558817,21.25690335173827,1.97,87.0,-0.94,0.32
RTX,1964-02-12,0.08934730267450632,0.0901218947794985,0.08831430971622467,0.08831430971622467,251698,21.068548491859396,22.63000185460739,25.093198065085826,22.366648043713592,21.232517061670624,1.9,87.0,-0.89,0.33
RTX,1964-02-13,0.08831430971622467,0.08934730267450632,0.0872814670237587,0.08831430971622467,335597,21.005132271154643,22.62438252224176,25.031715471301613,22.336098548618935,21.231200655167388,1.81,84.0,-0.86,0.35
RTX,1964-02-14,0.08883086905750322,0.09192954003810883,0.08883086905750322,0.09192954003810883,312715,23.659059679946616,24.06370483194244,25.006012275117907,22.843056690387094,21.510671388112733,1.76,83.0,-0.92,0.26
RTX,1964-02-17,0.09270427477274074,0.09373711794614792,0.09270427477274074,0.09373711794614792,472886,24.189402467613437,24.21770682118694,24.365383114799062,22.88715684968797,21.478023665925726,1.72,58.0,-0.89,0.09
RTX,1964-02-18,0.09373706713361167,0.09399530830973536,0.09322072565555573,0.09322072565555573,297461,23.691340593572292,24.19226992781996,24.178549150194197,22.81890181569342,21.412447351337917,1.68,50.0,-0.9,0.2
RTX,1964-02-19,0.09322077618819609,0.09373711794614792,0.09270427477274074,0.09373711794614792,282206,23.715193445190476,24.15934530824243,24.040116588367038,22.807782285607498,21.39836544255475,1.64,48.0,-0.91,0.28
RTX,1964-02-20,0.09373712862526822,0.0939953699707985,0.09270428533419306,0.09399536997079849,427123,23.630006272687233,23.70047406886298,23.855825388525815,22.809914042755494,21.3878911052187,1.6,43.0,-0.89,0.32
RTX,1964-02-24,0.09399536512186535,0.09477011729334589,0.09296253127568985,0.09451186656951904,877128,23.324907376030147,23.48340267041305,23.764669293531597,22.810299495546463,21.300221760794077,1.56,40.0,-0.86,0.38
RTX,1964-02-25,0.09451183210660122,0.09502833336591722,0.09451183210660122,0.0950283333659172,297461,23.219739670125296,23.50533778082925,23.774778099846813,22.78489220028667,21.30122165914325,1.52,40.0,-0.81,0.37
RTX,1964-02-26,0.09502838378071708,0.09606122718984164,0.09451188224738484,0.0955447256565094,289834,22.17765963468472,23.10221965073645,23.723848890217408,22.740948254623547,21.25114583496827,1.48,38.0,-0.75,0.4
RTX,1964-02-27,0.09606124460697174,0.09709423846931121,0.09606124460697174,0.09606124460697174,396614,21.70219424956501,22.859303986705758,23.68263968339645,22.730030173011308,21.251634125372675,1.44,34.0,-0.68,0.4
RTX,1964-02-28,0.09657767539702614,0.09838526089223329,0.09657767539702614,0.09761051833629608,579667,21.76010090891714,22.867809669264943,23.773013359629832,22.771232228319548,21.309477897674693,1.39,39.0,-0.44,0.32
RTX,1964-03-02,0.09941819310188295,0.10200053286339823,0.09941819310188295,0.09941819310188293,694075,21.503196098554813,23.136289609217886,23.78730646611031,22.868545720069857,21.3718632088515,1.35,40.0,0.01,0.31
RTX,1964-03-03,0.0994181490581814,0.09967639982484752,0.0955447256565094,0.0955447256565094,1105944,25.011391349505015,24.500349940305714,24.664074671740774,23.35455830544667,21.68393874733839,1.31,79.0,-0.11,0.41
RTX,1964-03-04,0.09554476432074126,0.09761060224089581,0.09528667310717294,0.09709426015615463,396614,25.165509173811746,24.611571992759853,24.65336754341945,23.379676132180276,21.717486612366997,1.26,78.0,-0.17,0.38
RTX,1964-03-05,0.09709417204521317,0.09812701493501663,0.09657767077158161,0.09812701493501663,450005,25.186891637871074,24.59852139735255,24.08098614842833,23.392040641361774,21.73652302015916,1.23,46.0,-0.14,0.39
RTX,1964-03-06,0.09812702568617285,0.09890176828988856,0.09786877502106217,0.0983852669596672,205934,25.154128683114667,24.455841105883085,24.052238652812882,23.386171841526124,21.631719086250932,1.2,45.0,-0.13,0.42
RTX,1964-03-09,0.09812701493501663,0.09812701493501663,0.09761051366138508,0.09812701493501663,122035,25.24749181305412,24.424339864633595,24.051078454794357,23.38615856986148,21.531833759824735,1.16,44.0,-0.16,0.43
RTX,1964-03-10,0.09812706427401072,0.09812706427401072,0.0955447256565094,0.0955447256565094,343224,26.027226957441187,25.02082332588919,24.45204970137564,23.599992133997606,21.684909435402886,1.12,63.0,-0.26,0.36
RTX,1964-03-11,0.09502839173419203,0.09502839173419203,0.09373714718440969,0.09477014094591141,289834,26.06713971687553,25.078270979648753,24.406995066909566,23.61156837653009,21.69424081475657,1.08,58.0,-0.33,0.38
RTX,1964-03-12,0.09554474297999115,0.09683598765582092,0.09554474297999115,0.09606124460697174,221189,26.223589823908846,24.797737002755213,24.38774740959869,23.664871049734497,21.734726308782108,1.04,56.0,-0.42,0.39
RTX,1964-03-13,0.09606117752736312,0.0981270135435197,0.09606117752736312,0.09786876291036606,549158,26.38116772092529,24.794621277799354,24.542832991931206,23.685333260826745,21.759903580821177,1.0,70.0,-0.47,0.3
RTX,1964-03-16,0.09786876291036606,0.0981270135435197,0.0968359200352089,0.09786876291036606,289834,26.223229451955653,24.395037356233917,24.534013277648327,23.6753267100969,21.735120339064064,0.96,69.0,-0.53,0.3
RTX,1964-03-17,0.0978688514393619,0.09890184551477432,0.09761060057260287,0.09890184551477432,381360,26.22603641719402,24.001053767779084,23.875110134311296,23.694937243085207,21.74530967285965,0.93,33.0,-0.57,0.36
RTX,1964-03-18,0.09864350681703293,0.09864350681703293,0.09812701493501663,0.09812701493501663,297461,26.330324408461024,24.032316484595814,23.909587810876726,23.708156556344363,21.760246114393983,0.9,33.0,-0.65,0.34
RTX,1964-03-19,0.09812701493501663,0.09890175745384872,0.09786876429820085,0.09812701493501663,198307,25.005580948907575,22.41721693426928,23.81697057165378,23.697903370788687,21.758886814614247,0.87,28.0,-0.73,0.4
RTX,1964-03-20,0.09812710398324152,0.09812710398324152,0.0965777584138089,0.09709426015615463,472886,24.820866348345348,22.394365834580572,23.879880225639795,23.658685223919008,21.77945057993898,0.84,32.0,-0.81,0.38
RTX,1964-03-23,0.09683598765582092,0.09683598765582092,0.09554474297999115,0.09606124460697174,282206,24.540543749928865,22.518001626748347,23.870985588902293,23.68498637672389,21.800167990315057,0.81,30.0,-0.88,0.38
RTX,1964-03-24,0.09683600928498176,0.09786885311206867,0.09683600928498176,0.09709426015615463,205934,24.037475306051466,22.59753576089296,23.890909599944592,23.699150185166314,21.772876185012954,0.77,32.0,-0.95,0.37
RTX,1964-03-25,0.09709417669539476,0.09761051833629608,0.09580293284108891,0.09761051833629608,221189,23.68491836425185,22.147464167405957,23.662406117527258,23.66972876944929,21.773291423813777,0.74,14.0,-1.0,0.43
RTX,1964-03-26,0.09761050628310472,0.09864349936066966,0.09735241532325745,0.09735241532325745,289834,23.345151464141516,22.165953335234892,23.480374625049976,23.672404358713514,21.720081268027325,0.71,6.0,-1.04,0.5
RTX,1964-03-30,0.09735249368116633,0.09761058484874824,0.09631949038053429,0.09657774120569229,221189,23.555619643614566,22.239803697960188,23.47089666485709,23.618281025869,21.729191388020126,0.68,5.0,-1.07,0.5
RTX,1964-03-31,0.0965777584138089,0.09709426015615463,0.09606126606308697,0.09709426015615463,213562,20.78431917973677,22.078727706809808,23.450355102238625,23.618325460587812,21.46630642677044,0.65,4.0,-1.11,0.5
RTX,1964-04-01,0.09709424285600832,0.09709424285600832,0.09554474729668237,0.09657774120569229,289834,20.188750451902607,22.125008925783384,23.47332505669766,23.625721339257886,21.448216313933376,0.62,5.0,-1.13,0.5
RTX,1964-04-02,0.09657767077158161,0.09864350681703293,0.09554467761593376,0.09812701493501663,1014418,20.54027750189522,21.983160308556947,23.557041678950643,23.697203634015278,21.50610236203723,0.58,7.0,-1.15,0.45
RTX,1964-04-03,0.0981270196270245,0.10045110642041934,0.09786876897786029,0.09864351153373718,694075,20.536002646550273,21.993941951688033,22.834806262617494,23.7045220919859,21.51199966818926,0.58,1.0,-1.19,0.52
RTX,1964-04-06,0.0991600034264669,0.10045109689235687,0.0991600034264669,0.10045109689235687,587294,21.082718762400457,22.20761684977864,22.387566383860722,23.795863066125623,21.53168646246858,0.61,1.0,-1.18,0.54
RTX,1964-04-07,0.10045106454676454,0.10174214820530625,0.10045106454676454,0.10096755623817444,465259,21.078231423472513,22.04080571602368,22.30224628392468,23.78581386051351,21.50017869622325,0.64,1.0,-1.16,0.59
RTX,1964-04-08,0.10096765366952679,0.10122590446024343,0.0999346598982811,0.0999346598982811,282206,21.358931178859034,22.1294170282717,22.325371715693095,23.81001586116079,21.52402559488005,0.66,2.0,-1.19,0.58
RTX,1964-04-09,0.0999346598982811,0.10096765366952679,0.0999346598982811,0.0999346598982811,175426,21.3341796457224,21.628213359732502,22.277512781651645,23.311312228551575,21.510977642988856,0.69,1.0,-1.22,0.6
RTX,1964-04-10,0.09993463883490514,0.10070938165214047,0.09993463883490514,0.10019288957118988,274579,21.30513121277194,21.42039999226046,22.193847758780105,23.31239385794526,21.5123483878172,0.72,1.0,-1.25,0.64
RTX,1964-04-13,0.0996763606277434,0.0996763606277434,0.09657768135298599,0.0983852669596672,1044926,21.5736809668266,21.77487199187199,22.39525797535426,23.418316628320056,21.53492852893954,0.74,6.0,-1.29,0.56
RTX,1964-04-14,0.09838525618021715,0.09890175745384872,0.09812701493501663,0.09812701493501663,396614,20.89139685781458,21.58901754835105,22.37772691887772,23.26490018988977,21.536711343513705,0.76,5.0,-1.32,0.57
RTX,1964-04-15,0.09812701493501663,0.09864350681703293,0.09812701493501663,0.09812701493501663,137290,17.25247781305211,21.43740513300235,22.277185225416314,23.239968613159547,21.53532203542463,0.78,2.0,-1.35,0.63
RTX,1964-04-16,0.09812702568617285,0.09890176828988856,0.09812702568617285,0.0983852669596672,244070,16.65270642044953,21.407892915376493,22.245725276470903,23.241001431243713,21.479171302621893,0.8,2.0,-1.39,0.66
RTX,1964-04-17,0.09838531536062867,0.09916006773710251,0.09761057237577574,0.09916006773710251,625430,16.526331787554255,21.429361980814278,22.241701946528842,23.256332849159357,21.490885125228644,0.83,2.0,-1.41,0.66
RTX,1964-04-20,0.09916000059525941,0.09916000059525941,0.09735241532325745,0.09735241532325745,183053,17.376053357273808,21.852771516001187,22.14613945710929,23.364556647423733,21.57014285975697,0.85,1.0,-1.44,0.68
RTX,1964-04-21,0.09683597009822002,0.09683597009822002,0.09451188224738484,0.0955447256565094,564413,18.169109013688097,22.258749707842796,22.208700428666443,23.476298020976095,21.55385814575183,0.87,3.0,-1.45,0.69
RTX,1964-04-22,0.09502837421747978,0.09502837421747978,0.09425362199544907,0.09425362199544907,236443,16.909307837864766,22.103731533361483,22.319490044601586,23.533762915522523,21.583091596411798,0.89,9.0,-1.46,0.64
RTX,1964-04-23,0.0942536612284594,0.09451191207663302,0.09296257603680463,0.09347891807556152,465259,16.91381223125987,22.0285534251476,22.08509133577333,23.52063964488814,21.59246341206013,0.91,1.0,-1.45,0.77
RTX,1964-04-24,0.09373712862526822,0.09477012218224613,0.09373712862526822,0.09399536997079849,99154,16.49181253188586,22.041456786866323,21.944878093934804,23.473786549202096,21.59968967045361,0.94,1.0,-1.46,0.82
RTX,1964-04-27,0.09399535068139164,0.09399535068139164,0.09244601562558627,0.09270426630973816,350851,15.851245206617529,22.214794972469313,21.94362167392165,23.53277855951027,21.61879188625495,0.96,1.0,-1.46,0.82
RTX,1964-04-28,0.0927042377519758,0.09296248835657296,0.09115490317344666,0.09115490317344666,221189,16.426506384257,22.480380859982454,22.109424728373757,23.60993228488733,21.562035650612263,0.98,4.0,-1.46,0.75
RTX,1964-04-29,0.09115495058258995,0.09115495058258995,0.08934735506772995,0.08934735506772995,297461,16.728380312444475,22.90113175206334,22.26628123603912,23.646307052624877,21.583571204775744,1.0,10.0,-1.46,0.69
RTX,1964-04-30,0.08960543225578783,0.09141302749038001,0.08960543225578783,0.09038018435239792,289834,17.211921006749446,22.8195972529649,22.29979718334318,23.682648145954836,21.609289119420776,1.01,13.0,-1.46,0.65
RTX,1964-05-01,0.0903802022355882,0.09322079143609965,0.09012195148561906,0.09296254068613052,373733,19.399408988965472,22.591150090295674,22.672141496334003,23.55620077346603,21.789707714890294,1.02,20.0,-1.45,0.55
RTX,1964-05-04,0.09322072565555573,0.09451180944520826,0.09322072565555573,0.09322072565555573,167798,19.259901750409796,22.23953787796071,22.59824561467718,23.55772826607749,21.786351470107686,1.03,20.0,-1.45,0.58
RTX,1964-05-05,0.09322074800738146,0.09502833336591722,0.09322074800738146,0.0950283333659172,396614,19.937769008062986,22.21575427866461,22.771415950496497,23.469128906044496,21.819738199328746,1.03,22.0,-1.44,0.48
RTX,1964-05-06,0.09502833336591722,0.09502833336591722,0.09322074800738146,0.0950283333659172,160171,19.661419597963736,21.91328088158027,22.72255513906383,23.322226633063398,21.813772322674183,1.04,22.0,-1.43,0.5
RTX,1964-05-07,0.09502838378071708,0.09606122718984164,0.09399538071405258,0.0955447256565094,289834,19.66454466119038,21.78056352331995,22.720606562332854,23.250396743577873,21.747402480838183,1.05,22.0,-1.42,0.5
RTX,1964-05-08,0.09528662365654456,0.09528662365654456,0.0939953699707985,0.09399536997079849,381360,20.175974464964458,21.91956899838033,22.634026180241058,23.295466064924007,21.808307826638046,1.05,21.0,-1.39,0.53
RTX,1964-05-11,0.09399537463685805,0.09399537463685805,0.09244603918619225,0.09296254068613052,320342,20.28503295750694,22.05845624378461,22.57574764830153,23.333582290734714,21.829414755425127,1.06,20.0,-1.35,0.55
RTX,1964-05-12,0.09296254068613051,0.09347888252853916,0.09296254068613051,0.09296254068613052,251698,20.192794343280834,20.48436181405821,22.278857054722522,23.311284182907098,21.82774883678564,1.07,13.0,-1.32,0.69
RTX,1964-05-13,0.09296257603680463,0.09451191207663302,0.09296257603680463,0.09347891807556152,465259,20.25684255214231,20.119861295082753,22.030332556889757,23.31780863887614,21.835285361963695,1.09,3.0,-1.28,0.78
RTX,1964-05-14,0.09347888252853916,0.0937371332785083,0.09296254068613051,0.09296254068613052,511022,19.636992331425848,20.12003760976404,22.02704304037205,23.27024683146713,21.840641199689102,1.1,3.0,-1.24,0.78
RTX,1964-05-15,0.09296254068613051,0.0937371332785083,0.09296254068613051,0.09296254068613052,160171,19.531833192113854,20.086536820591995,20.916643750256718,23.24848785522399,21.840641199689102,1.13,1.0,-1.21,0.49
RTX,1964-05-18,0.09348468482494353,0.09348468482494353,0.09217909458668744,0.09348468482494354,343224,18.729497257612813,20.112519972863833,20.84413474604637,23.25534648051819,21.825654165235846,1.16,1.0,-1.18,0.53
RTX,1964-05-19,0.0934846803151721,0.09557372716467016,0.0934846803151721,0.09505142271518707,419496,19.41430889976816,20.37222542327203,20.98334668406388,23.280744500966087,21.884028905421403,1.18,3.0,-1.14,0.46
RTX,1964-05-20,0.09505134788146828,0.09557365191974254,0.09400691075321946,0.09479020535945892,137290,19.257610368874232,20.34947460098831,20.987532540310273,23.245036242942614,21.847805462597343,1.2,4.0,-1.11,0.45
RTX,1964-05-21,0.09479026562906254,0.095834864872661,0.09400697052478792,0.0940069705247879,259325,19.341613689801843,20.386371802732626,20.76744610520049,23.258237492544275,21.83978855561088,1.22,1.0,-1.06,0.53
RTX,1964-05-22,0.09400697052478792,0.09557371268747794,0.09348466615442177,0.0940069705247879,274579,19.302483329554843,20.352330650747692,20.764895476235083,23.25618478975639,21.83390922738047,1.24,1.0,-1.0,0.54
RTX,1964-05-25,0.0942680686712265,0.09505135382935266,0.0942680686712265,0.0942680686712265,228816,18.732904922713878,20.07687934508983,20.7514771441404,23.248440886989467,21.835766740049678,1.26,1.0,-0.94,0.55
RTX,1964-05-26,0.09452912776283923,0.09505142271518707,0.09452912776283923,0.09505142271518707,83899,18.937486380452388,19.77504309739943,20.68968346817651,23.268105495483447,21.845510590036007,1.28,1.0,-0.87,0.58
RTX,1964-05-27,0.09505142271518707,0.09583487938941171,0.09452912776283923,0.09505142271518707,152544,18.937486380452388,18.028138561578544,20.68968346817651,23.2653704159779,21.821211355314144,1.3,1.5,-0.79,0.58
RTX,1964-05-28,0.09505143201881275,0.09531258426911585,0.09426814621635445,0.09452913701534271,99154,18.946583096742458,17.741609080054765,20.476578428704332,23.27261409083326,21.826552589867774,1.31,1.0,-0.73,0.68
RTX,1964-06-01,0.09479027998758077,0.09557372716467016,0.09479027998758077,0.09505142271518707,160171,18.860211866839695,17.637130933668544,20.48813185924862,23.218807414349246,21.777335341001212,1.34,2.0,-0.67,0.67
RTX,1964-06-02,0.09505143201881275,0.09531258426911585,0.09452913701534271,0.09452913701534271,175426,18.21019592613714,17.653721986902955,20.471796653743507,23.021231649651845,21.72590570467366,1.36,1.0,-0.62,0.69
RTX,1964-06-03,0.0945291323229956,0.09531257953787908,0.09348468482494353,0.09348468482494354,144917,17.690209898752002,17.77912415654668,20.46662944178022,23.0599576690314,21.739623742379838,1.38,1.0,-0.55,0.69
RTX,1964-06-04,0.09348465311681864,0.09374580526558077,0.09270119667053223,0.09270119667053223,183053,17.423868603119253,17.022586910047565,20.491617570382147,23.083392195433227,21.75617988564485,1.4,5.0,-0.48,0.67
RTX,1964-06-05,0.09270122811292437,0.09348468482494353,0.09270122811292437,0.09348468482494354,129662,17.453541643142337,17.04349725453777,20.24964334192334,22.859745670971726,21.76582807496266,1.43,1.0,-0.37,0.77
RTX,1964-06-08,0.09348466615442177,0.09452911344387947,0.09322351396923871,0.0940069705247879,282206,17.45524312709995,16.845948841885804,20.16036148590812,22.84798406353305,21.746967531406714,1.45,1.0,-0.24,0.82
RTX,1964-06-09,0.09400699125273723,0.09479028652972354,0.09322353452444077,0.09322353452444077,327970,17.14811797503875,16.449442156741508,20.184658674529405,22.830498282271446,21.723117832340318,1.47,2.0,-0.11,0.8
RTX,1964-06-10,0.09322353258760381,0.09348468482494353,0.09270122811292437,0.09348468482494354,137290,16.379843169948117,16.465311750763334,20.077353876231026,22.319051677127007,21.71080695281479,1.5,1.0,-0.01,0.87
RTX,1964-06-11,0.09348461256478997,0.09479021129100217,0.09348461256478997,0.0942680686712265,297461,15.264731862553377,16.408152375607415,19.985380067656312,21.84185058151858,21.700821387320214,1.52,1.0,0.14,0.93
RTX,1964-06-12,0.09479030030314492,0.09609605220956761,0.09479030030314492,0.09531259536743164,503395,15.239140155225295,16.516899743455923,20.037175785398784,21.741556149480477,21.72669948690562,1.54,2.0,0.3,0.89
RTX,1964-06-15,0.095573744383889,0.09792394388155662,0.095573744383889,0.0976627916097641,266952,14.69551779324291,17.284029881248994,20.371198250466442,21.828534105501983,21.86015991698473,1.55,7.0,0.45,0.75
RTX,1964-06-16,0.0976627372624237,0.09870718431705197,0.09661813825368881,0.09661813825368881,373733,15.121999994498253,17.28857369742664,20.461570571659244,21.760847955548833,21.848336404402637,1.56,8.0,0.62,0.69
RTX,1964-06-17,0.09661819201973097,0.09870723924560607,0.09635720119926657,0.0976627916097641,221189,14.429828432053164,17.284974935976155,20.50315088032124,21.729162756959518,21.85932492317174,1.57,14.0,0.8,0.66
RTX,1964-06-18,0.09766270790591357,0.09896830669455751,0.09740155585794683,0.09792385995388031,198307,14.435916625185513,17.156081698841756,20.264477225725784,21.73021576970505,21.854776236246355,1.59,7.0,0.85,0.78
RTX,1964-06-19,0.0979239040512337,0.09870719909667969,0.09740159972009475,0.09870719909667969,137290,14.522332814532824,17.198958331337057,20.17415670308904,21.70819680072876,21.866830837768116,1.6,5.0,0.97,0.84
RTX,1964-06-22,0.09870725026246492,0.09896840256340503,0.09766280251005063,0.09818510711193085,198307,13.699586621555612,17.226237275313565,20.20141377815414,21.690812355742338,21.871938306942557,1.6,7.0,1.11,0.82
RTX,1964-06-23,0.0981850233034893,0.10131851584026427,0.09766271914743571,0.09949061274528503,419496,13.579350313788899,17.346241477929865,20.252072120676814,21.726441858808226,21.903482712557203,1.61,9.0,1.1,0.78
RTX,1964-06-24,0.09949063095940167,0.10105738226318504,0.09949063095940167,0.10079623013734818,236443,13.912269937840355,17.509109518703703,20.295209270558924,21.684131595584123,21.94061351142853,1.62,11.0,0.81,0.76
RTX,1964-06-25,0.10079623391767174,0.10210198509869618,0.10027409109765312,0.10131853818893433,350851,13.906099240264242,17.488757512926732,20.30016944818997,21.690026443002857,21.883849347190473,1.62,12.0,0.21,0.76
RTX,1964-06-26,0.10131855881066594,0.1028853009949624,0.10131855881066594,0.10184085369110107,366106,13.700258654490538,17.228485255854302,20.197000848688905,21.617816387221374,21.881089442367003,1.62,7.0,-0.26,0.82
RTX,1964-06-29,0.10184086212195312,0.1034076139330864,0.10157971940868392,0.1034076139330864,373733,14.114145744433623,17.464191565895476,19.716035955426474,21.30525903490082,21.923017636428867,1.62,1.0,-0.16,0.84
RTX,1964-06-30,0.10340767560337841,0.10366882796952842,0.10210207522401481,0.1031465232372284,358478,14.207797790780596,17.095963263340757,19.502646118448506,21.289243797224742,21.919574200304737,1.63,1.0,-0.06,0.95
RTX,1964-07-01,0.10314644166763957,0.10366874598689434,0.10105739533901216,0.10105739533901215,457632,15.211356298865496,17.59347260682256,19.57882998667807,21.434175768883705,22.011717136124158,1.63,2.0,-0.08,0.91
RTX,1964-07-02,0.10157975161313211,0.10288534213064608,0.10157975161313211,0.10236319899559021,450005,15.453562622906485,17.65345856631212,19.455273896929125,21.471937261242303,21.9896770032204,1.62,1.0,-0.06,0.99
RTX,1964-07-06,0.10236308307830273,0.10314637761954427,0.10236308307830273,0.1026240736246109,198307,15.107120587448778,17.658699957473907,19.34864606865829,21.416626582867103,21.98290268498021,1.62,1.0,-0.07,1.07
RTX,1964-07-07,0.10262418983744748,0.1031464944238447,0.10236319899559021,0.10236319899559021,198307,15.167810520811306,17.663437907390936,19.246576241729002,21.357617404352286,21.971616805615703,1.63,1.0,-0.22,1.15
RTX,1964-07-08,0.10236319899559021,0.10262418983744748,0.10157975161313211,0.10236319899559021,922891,15.190128816476436,17.235084832841448,19.246576241729002,21.356717638425902,21.942868658608795,1.63,1.5,-0.44,1.15
RTX,1964-07-09,0.10236313723432747,0.10236313723432747,0.10131853818893433,0.10131853818893433,541531,15.549370958957232,17.367685363730153,18.310562695409388,21.393245931447325,21.968997957765307,1.64,1.0,-0.49,0.69
RTX,1964-07-10,0.10131853818893433,0.1018408329630649,0.10053508178204046,0.10131853818893433,160171,15.549370958957232,17.367685363730153,18.069118662090037,20.93862480448768,21.912349657035392,1.67,1.0,-0.54,0.79
RTX,1964-07-13,0.10131853818893433,0.1018408329630649,0.10105738605330304,0.10131853818893433,213562,15.395414272356572,17.362496471642764,18.041335066801693,20.93438994137339,21.9067116673264,1.71,1.0,-0.58,0.82
RTX,1964-07-14,0.10131855881066594,0.10184085369110107,0.1010574066218814,0.10184085369110107,175426,15.38914038933748,17.322389919678617,18.038907026162114,20.879766858364007,21.9107730297263,1.74,1.0,-0.63,0.82
RTX,1964-07-15,0.10157969032456561,0.10157969032456561,0.10079623391767174,0.10131853818893433,152544,15.373274362174099,16.91475065116015,18.06100291903272,20.887107308793667,21.916411122372974,1.77,3.0,-0.67,0.79
RTX,1964-07-16,0.10131852892709793,0.10184082365348396,0.1007962247035808,0.1015796810388565,175426,14.83729872997952,16.427160176720925,18.047519208510064,20.838419424450016,21.917551169272837,1.79,3.0,-0.71,0.8
RTX,1964-07-17,0.1015796865148588,0.1015796865148588,0.10079623013734816,0.10079623013734818,282206,14.794393704919143,16.247163114662964,18.08101086869479,20.842139010518242,21.930417195067424,1.82,6.0,-0.75,0.75
RTX,1964-07-20,0.10079623628137882,0.1013185405648896,0.10027409344911575,0.10027409344911575,282206,14.870339977983535,16.18375590755733,18.087334251096042,20.707078271329923,21.923960912529385,1.84,7.0,-0.79,0.73
RTX,1964-07-21,0.09975177999761106,0.09975177999761106,0.09844619035720825,0.09844619035720825,251698,15.9972369928591,16.644975154599056,18.315788922136544,20.717919310379614,21.99635867095642,1.86,9.0,-0.79,0.59
RTX,1964-07-22,0.09870717494377315,0.09949062175164493,0.09870717494377315,0.09896832704544067,137290,15.75010968044548,16.38779912781101,18.159545670314085,20.69268867766928,21.621317259437163,1.88,8.0,-0.81,0.66
RTX,1964-07-23,0.09896835126224916,0.10001295042739398,0.09870719909667969,0.09870719909667969,144917,15.804782089446629,15.976807162634815,17.92794591244661,20.68096972549939,21.62340027157463,1.9,1.0,-0.8,0.75
RTX,1964-07-24,0.09870715464659077,0.09975175334132892,0.09766270790591357,0.09792385995388031,259325,15.925535270849247,15.471449683595745,16.81325197742076,20.70583128466411,21.639448944037674,1.93,1.0,-0.79,-0.15
RTX,1964-07-27,0.0979239040512337,0.09922950342781864,0.0979239040512337,0.09870719909667969,190680,15.787119652929837,15.39111216556653,16.667279468088225,20.700913854002415,21.533758365959745,1.96,1.0,-0.8,-0.1
RTX,1964-07-28,0.09870723924560607,0.09870723924560607,0.0976627916097641,0.0976627916097641,76272,14.527676101359448,14.547127936747003,16.670100417389477,20.272902164924865,21.54390073710889,1.99,2.0,-0.8,-0.11
RTX,1964-07-29,0.09766275188566423,0.09922950342781864,0.09766275188566423,0.09870719909667969,213562,14.474481408943696,14.680838760932998,16.751107807643255,19.915445642666253,21.567910654448706,2.02,3.0,-0.8,-0.15
RTX,1964-07-30,0.09949061274528503,0.10001291690133862,0.09949061274528503,0.09949061274528503,175426,14.325537793080601,14.25734606369343,16.791926593635427,19.871532082355635,21.580578858045108,2.05,4.0,-0.82,-0.18
RTX,1964-07-31,0.09949071705818821,0.09949071705818821,0.09818512624752136,0.09922957420349121,312715,14.341869913358524,14.273522658382849,16.239621810671164,19.848126685367053,21.58162836087019,2.07,1.0,-0.83,-0.26
RTX,1964-08-03,0.09922949437922639,0.10105738842313422,0.09922949437922639,0.10027409344911575,388987,14.473785676969989,14.381687852507563,16.259858261943577,19.856134308311784,21.604567698127656,2.1,2.0,-0.84,-0.28
RTX,1964-08-04,0.10001299110743171,0.10001299110743171,0.0976627916097641,0.0976627916097641,236443,16.376357474005594,15.02577230930573,16.678932173631196,20.06221578421059,21.77046940520292,2.11,5.0,-0.83,-0.14
RTX,1964-08-05,0.09844619709661004,0.1018408329630649,0.09844619709661004,0.10131853818893433,465259,19.222323656018165,16.55324086298276,17.420704680937927,20.513158504197513,22.045526631273983,2.11,9.0,-0.87,0.57
RTX,1964-08-06,0.1013185405648896,0.10184083535126819,0.09975178916560495,0.10027409344911575,411869,19.103381615161393,16.726900401368518,17.503412794671974,20.540950791241183,22.031729208243757,2.1,10.0,-0.89,0.52
RTX,1964-08-07,0.1002741515984804,0.10236319899559021,0.10001299930528179,0.10236319899559021,472886,19.983442023631113,17.171237617552855,17.72665949840609,20.615110576449585,22.123877825547115,2.09,11.0,-0.92,0.44
RTX,1964-08-10,0.10314652323722841,0.10392997083853805,0.10314652323722841,0.1031465232372284,640685,20.048069498215128,17.152208061025686,17.714592190003327,20.611248133795996,22.129609342523437,2.09,11.0,-0.95,0.43
RTX,1964-08-11,0.10314648947457603,0.10419108910010981,0.10314648947457603,0.10366879403591156,373733,19.604558214821758,17.161646316354677,17.729109467669346,20.597754935259168,22.06633274916128,2.08,13.0,-0.96,0.42
RTX,1964-08-12,0.1036687661434903,0.10419106106716339,0.10314646172268248,0.1034076139330864,450005,19.604494454051384,17.165887910835544,17.646298983994914,20.4190940567148,22.06589812703025,2.07,11.0,-0.98,0.47
RTX,1964-08-13,0.10340763274908812,0.10340763274908812,0.10157973789208281,0.10288532823324203,312715,18.688744912493537,16.933513035289884,17.576788825404737,20.340759197408545,21.792079483550424,2.06,11.0,-1.01,0.51
RTX,1964-08-14,0.10288522562207758,0.10340752961701097,0.10236308307830273,0.1026240736246109,320342,18.341749274024803,16.93141618615449,17.510388427019617,20.34408643833262,21.794416705456715,2.05,11.0,-1.04,0.56
RTX,1964-08-17,0.1036793440580368,0.10499852141620009,0.10315183238819807,0.1036793440580368,327970,18.565210706659542,16.90750531579558,17.56180038074639,20.217464234106917,21.66860414760911,2.05,12.0,-1.06,0.52
RTX,1964-08-18,0.10367927599426231,0.1055261269211769,0.10341560188811097,0.10552612692117691,587294,19.20449076253285,17.21901061707395,17.76076436633568,20.21664720404112,21.625222491315498,2.03,18.0,-1.02,0.41
RTX,1964-08-19,0.1060537717799237,0.10763678748267203,0.1060537717799237,0.10710912197828293,579667,19.616582560190558,17.422300181772542,17.843515048474906,20.210107283044984,21.613744533036186,2.02,19.0,-0.87,0.35
RTX,1964-08-20,0.10710905476880653,0.10763671994209291,0.10658138000073566,0.1076367199420929,594922,19.316179922403308,17.385220896009233,17.841062272014547,20.215399855448478,21.58638417775161,2.01,19.0,-0.73,0.35
RTX,1964-08-21,0.10763678748267203,0.1086919745695925,0.10710912197828293,0.10710912197828293,411869,19.41300853759464,17.439319304048585,17.83737028586724,20.17539660168839,21.593562513544708,1.99,19.0,-0.7,0.35
RTX,1964-08-24,0.10737282838038176,0.1092195260254954,0.10737282838038176,0.10895568877458572,503395,19.897338260224583,17.638182285077068,17.863360851350897,20.233399475371616,21.63637229862345,1.97,22.0,-0.54,0.34
RTX,1964-08-25,0.10895565797233038,0.1097471599065186,0.10737279802560805,0.10737279802560806,419496,20.479495348468387,17.964989291443832,18.02244796757244,20.281545284870063,21.690161497866452,1.96,24.0,-0.56,0.28
RTX,1964-08-26,0.10737285729263277,0.10842804346914697,0.10737285729263277,0.10816420614719391,297461,20.43332991088426,17.927614764212425,17.838869004092302,20.24229740875077,21.659719423523953,1.96,20.0,-0.55,0.36
RTX,1964-08-27,0.10816419684534805,0.11080239713191986,0.1076366853581046,0.11080239713191986,999163,21.398892051792444,18.256323667840377,18.208005795218575,20.40839755324925,21.766695342663787,1.95,34.0,-0.34,0.26
RTX,1964-08-28,0.11212149417623656,0.11475969642176423,0.11212149417623656,0.11396819353103638,1220352,22.357287992067647,18.824414484456835,18.62377337782005,20.621397118346312,21.93719112972059,1.93,37.0,0.2,0.23
RTX,1964-08-31,0.11396809935642989,0.11475960159312025,0.11370442519054325,0.11423193663358688,434750,22.191568365056842,18.797073455648963,18.62323681759338,20.61518713526798,21.899289516447247,1.92,37.0,0.48,0.22
RTX,1964-09-01,0.11423186845213602,0.11607855558395386,0.11396803133245521,0.11607855558395386,671194,21.353461432055955,18.97165765349755,18.768039537213927,20.523348715666707,21.918847865858424,1.91,39.0,0.83,0.14
RTX,1964-09-02,0.11607871452530308,0.11739789233522295,0.11581504015575782,0.11634255200624466,739838,21.373850076920093,18.811628056874838,18.50114587116333,20.430160601754345,21.914447830036426,1.89,37.0,0.96,0.23
RTX,1964-09-03,0.11634247061160037,0.11792548479496534,0.11634247061160037,0.11766164749860764,663566,21.299768997344497,18.87451484102946,18.550371478728277,20.295849933796745,21.938000922574393,1.88,38.0,1.08,0.19
RTX,1964-09-04,0.11792553106366593,0.12109124404469686,0.11792553106366593,0.12082740664482117,1311878,21.698880869018875,19.421199442561093,18.958532490418207,20.33484629384602,22.07637294167896,1.86,42.0,1.42,0.09
RTX,1964-09-08,0.12161889373172724,0.1250484436750412,0.12161889373172724,0.1250484436750412,1845782,23.101153680839047,20.34036402426001,19.637930402708577,20.671647811501842,22.324538410135318,1.84,49.0,2.1,0.12
RTX,1964-09-09,0.1250485289706032,0.12715905663377564,0.12478469142442826,0.1268952190876007,3005117,22.49417360729054,20.031224092990733,19.71570363174083,20.121114301295652,22.360986662419776,1.82,50.0,2.5,0.08
RTX,1964-09-10,0.12636738726740093,0.12636738726740093,0.1239931881141038,0.12478453665971756,1136453,23.66441631760549,20.261904548389413,19.67358087351966,20.180127933759696,22.430452595712886,1.81,50.0,2.3,0.08
RTX,1964-09-11,0.12478459143283294,0.12900564337679132,0.12478459143283294,0.12715895473957062,1792392,23.87966689861878,20.439800556435877,19.545862992880316,20.27421615301409,22.446285949144222,1.79,48.0,2.21,0.06
RTX,1964-09-14,0.12715906867948065,0.12715906867948065,0.12399335364315875,0.12425702810287476,633058,25.37359142347396,21.200225299344996,19.805347118869847,20.49012775122385,22.415480865575635,1.76,54.0,1.88,0.07
RTX,1964-09-15,0.12425685831375292,0.12425685831375292,0.12109115719795227,0.12109115719795227,922891,27.12250581095316,22.041515551294278,20.245103467604945,20.58388057770741,22.579580842505017,1.75,63.0,1.55,0.07
RTX,1964-09-16,0.12109109226101507,0.12320161610841752,0.12003574398435646,0.12320161610841751,602549,25.4525225430063,22.145982800603655,20.37412663936702,20.664502565349622,22.63565608523516,1.73,70.0,1.26,0.01
RTX,1964-09-17,0.12320173786943042,0.12504842647276157,0.12188271433115005,0.12188271433115005,701702,24.452933731521387,22.25483109746094,20.316478716245463,20.713426295796943,22.503355469519782,1.72,69.0,1.0,0.02
RTX,1964-09-18,0.12188265923512795,0.12267400775585259,0.12109115719795227,0.12109115719795227,533904,24.251686221130054,22.253303330930656,20.128132723920622,20.674860659584425,22.504966064892052,1.7,58.0,0.77,0.08
RTX,1964-09-21,0.12109115719795227,0.12267400775585259,0.12109115719795227,0.12109115719795227,282206,23.92695666772563,22.257569400626952,19.7972976658702,20.674860659584425,22.471068467105205,1.67,54.0,0.57,0.16
RTX,1964-09-22,0.12188271877082804,0.1226740676781006,0.12188271877082804,0.12241023033857346,244070,23.968607906172736,22.311787588789766,19.79040942991544,20.585081718816205,22.103059418739004,1.65,54.0,0.38,0.17
RTX,1964-09-23,0.12241023555721962,0.12346557536553707,0.1218827239669851,0.12293791025876999,694075,23.97137538023026,22.16837881845408,19.377071929404906,20.586823926640893,21.73193662493307,1.61,46.0,0.2,0.27
RTX,1964-09-24,0.12214632326177499,0.12214632326177499,0.12109114721219215,0.12135497480630875,434750,24.46753082803499,22.379216230786287,19.53780162846741,20.644672570232167,21.691326410633767,1.58,49.0,0.03,0.2
RTX,1964-09-25,0.12161887700123339,0.12372940293448122,0.12161887700123339,0.12188271433115005,793229,24.271268867517122,21.853428189766092,19.358624116972873,20.587593384386086,21.63141031261417,1.54,46.0,-0.13,0.29
RTX,1964-09-28,0.12188284388100577,0.12425704655641864,0.12188284388100577,0.12372953444719315,366106,24.29058385848046,21.899809690009196,19.456366649812455,20.62741121023485,21.588720373841007,1.5,49.0,-0.28,0.23
RTX,1964-09-29,0.12372952584896973,0.1250485506975862,0.12346568825695345,0.12452087551355362,503395,24.26115121277368,21.909286190540538,19.4604352441848,20.46122243520775,21.55297560372322,1.46,50.0,-0.4,0.22
RTX,1964-09-30,0.12452087551355362,0.12557622588161876,0.12452087551355362,0.12452087551355362,282206,24.069644853399527,21.886860449111197,19.225821073727275,20.395394234122342,21.55297560372322,1.42,43.0,-0.52,0.31
RTX,1964-10-01,0.12452088416676955,0.12531239699782232,0.12372953444719313,0.12372953444719315,198307,24.139071613792456,21.966345295074913,19.15423414387813,20.39750618739244,21.542709144254154,1.38,43.0,-0.63,0.35
RTX,1964-10-02,0.12372947982691077,0.12504850418490676,0.12293797694005908,0.1234656423330307,183053,24.222701629200387,21.816998970097114,19.16534176575902,20.333598546121806,21.521502538874092,1.34,44.0,-0.73,0.34
RTX,1964-10-05,0.12346554338024918,0.12452072939867496,0.12346554338024918,0.12399321794509888,221189,24.055821111776176,21.806992407172437,19.161834536790003,20.276580253146246,21.510792035444933,1.31,44.0,-0.82,0.34
RTX,1964-10-06,0.12399311772113844,0.12425679167916134,0.12267394197008821,0.12320161610841751,381360,23.983005885611018,21.88856612738791,19.171939670273726,20.292599102045234,21.46438977280746,1.28,46.0,-0.91,0.34
RTX,1964-10-07,0.12320172765746783,0.12372939267878144,0.12135502961242352,0.12161886692047119,205934,23.872171096055023,22.13413407005352,19.329515964543596,20.368765621169853,21.511611791367987,1.26,50.0,-0.99,0.27
RTX,1964-10-08,0.12161885887937748,0.12293788222111636,0.12029968202114105,0.12029968202114105,213562,24.24328585531928,22.255421542129657,19.44345557182369,20.424685811054164,21.487308842693615,1.25,54.0,-1.06,0.21
RTX,1964-10-09,0.12029976148230447,0.12188277667676765,0.11924457473419042,0.12003592401742935,488141,23.492300892484675,22.279503567161292,19.325232375685456,20.42478059598506,21.213924477606472,1.23,50.0,-1.13,0.29
RTX,1964-10-12,0.1200358150413333,0.12029965226668031,0.11871680162061532,0.1195083037018776,213562,22.285523351525352,22.22258976037104,19.338084832896367,20.2995005322801,21.20818004761612,1.22,52.0,-1.19,0.28
RTX,1964-10-13,0.11977218839790223,0.12267406320959709,0.11977218839790223,0.12188271433115005,579667,22.894662509986077,22.42217097584498,19.456680155047554,20.348022436936546,21.281834545257713,1.21,59.0,-1.25,0.22
RTX,1964-10-14,0.12188264918409675,0.12267399763956299,0.12082731002329815,0.12135497480630875,366106,22.58107604178063,22.023968140678004,19.48359790073772,20.361477170046445,21.284883769783594,1.2,61.0,-1.3,0.2
RTX,1964-10-15,0.12135502961242352,0.12214637842527712,0.11977217847020862,0.12161886692047119,541531,22.580791925092043,22.022334905924414,19.483658885150465,20.339409802368866,21.2424453805599,1.18,62.0,-1.35,0.2
RTX,1964-10-16,0.12161875680457133,0.12346544358280913,0.12135491973540669,0.12320161610841751,640685,22.64820972339662,22.069983748412074,19.53244010684514,20.35760329706104,21.23054834897677,1.17,64.0,-1.4,0.17
RTX,1964-10-19,0.12346554338024918,0.12425689211625013,0.12346554338024918,0.12399321794509888,198307,21.434694475379587,21.941784937088133,19.537249521430937,20.362356429090436,21.235767077712993,1.16,65.0,-1.44,0.17
RTX,1964-10-20,0.12399335364315875,0.1263675559659763,0.12372951607199063,0.12425702810287476,465259,18.952558347822652,21.928574611158545,19.493544270450897,20.304517394434356,21.23116535141449,1.15,63.0,-1.47,0.19
RTX,1964-10-21,0.12478460630882976,0.12557611840746405,0.12478460630882976,0.1250484436750412,244070,18.534286310591387,21.725073853650876,19.497039950230064,19.990234876588932,20.921177219392824,1.14,64.0,-1.51,0.19
RTX,1964-10-22,0.12504835980973936,0.12610369897202436,0.12452068543120816,0.12557603418827057,427123,17.919806773061513,21.682606798997465,19.453320267421955,19.87591430454051,20.918736959260464,1.13,57.0,-1.53,0.21
RTX,1964-10-23,0.1255760956104103,0.12689510949590474,0.1255760956104103,0.12636743485927582,358478,17.137029057225806,21.672709807313804,19.331383999737827,19.767306327305906,20.884927861752853,1.12,52.0,-1.56,0.27
RTX,1964-10-26,0.12636743485927582,0.1266312721775903,0.1255760956104103,0.12636743485927582,404242,15.70533960088154,21.645142276933633,19.250713746599956,19.64205951353607,20.88112750660557,1.11,50.0,-1.59,0.31
RTX,1964-10-27,0.12636744273529518,0.12715895473957062,0.12557610343710837,0.12715895473957062,457632,13.640462811768703,21.608713011531425,19.23852363977281,19.584308154965903,20.847187388282844,1.1,48.0,-1.62,0.32
RTX,1964-10-28,0.12715888577064627,0.12953324778956837,0.12715888577064627,0.12768656015396118,869501,12.838636722497846,20.662601838341526,19.23514114565018,19.51902847655432,20.836750346749895,1.1,48.0,-1.64,0.32
RTX,1964-10-29,0.1276867142667365,0.1276867142667365,0.12610385231755797,0.12663136422634125,236443,12.65780886624893,19.696458610068696,19.234078870298706,19.555947897036166,20.747641623852402,1.09,48.0,-1.66,0.32
RTX,1964-10-30,0.12610378354510307,0.12610378354510307,0.1250484436750412,0.1250484436750412,244070,13.096447419731344,19.76924915093462,19.393702111128334,19.09857261771487,20.707797304054,1.08,61.0,-1.7,0.25
RTX,1964-11-02,0.12504843139367905,0.1255761060742775,0.12293790537737763,0.12531226873397827,579667,13.095702540550992,19.4532285915708,19.374467341703465,18.981368687914184,20.681567207178144,1.08,60.0,-1.72,0.26
RTX,1964-11-04,0.12531226836728038,0.12610377079107896,0.11977219276070257,0.12241023033857346,556786,14.574108727595025,20.190388824422733,19.77230858560262,19.193223600830635,20.81855740520612,1.08,83.0,-1.74,0.21
RTX,1964-11-05,0.12241030195229896,0.12452082919714663,0.12135511508818303,0.1234656423330307,1090690,14.735945685442406,20.219785158339757,19.484939422365986,19.20564098958145,20.830146427581756,1.07,71.0,-1.75,0.31
RTX,1964-11-06,0.1245298489631051,0.12532801933415216,0.12373152375221254,0.12373152375221252,533904,14.209845043130956,20.188787538385114,19.371476874688973,19.2052351781529,20.816955904459018,1.06,60.0,-1.76,0.37
RTX,1964-11-09,0.12373156911585106,0.12506211807348402,0.1229333984521711,0.12399768084287643,274579,14.174516241311833,20.119883195461995,19.32595513668296,19.199626625463832,20.496259414803312,1.04,55.0,-1.76,0.4
RTX,1964-11-10,0.12399767884957809,0.12532806326842857,0.12293339647598141,0.12319934368133545,190680,13.626928323855427,20.182800189403576,19.37682681636737,19.216910215468108,20.246723043945412,1.03,63.0,-1.77,0.37
RTX,1964-11-11,0.12319928857231818,0.12479594851709813,0.12213501635228127,0.12240111827850342,709330,13.602660120432386,20.219625216303676,19.405126403010346,19.23392784817898,20.221182250839355,1.03,66.0,-1.76,0.36
RTX,1964-11-12,0.122401135418516,0.122401135418516,0.12053852812652074,0.12133669853210449,114408,13.804768520805288,20.11264606851403,19.446275245969414,19.26500605817017,20.2233691013367,1.02,68.0,-1.75,0.34
RTX,1964-11-13,0.12160284072160721,0.12266727787542189,0.12160284072160721,0.12160284072160721,236443,13.730615603192694,19.941505703785324,19.364796652233984,19.18577466682373,20.20144135442313,1.01,61.0,-1.74,0.39
RTX,1964-11-16,0.12160272556436372,0.12240105025434149,0.12053844425830981,0.1208045557141304,480514,13.834694104716455,20.011721675330985,19.33079927880478,19.099028905716526,20.178196195276023,1.0,57.0,-1.72,0.42
RTX,1964-11-17,0.12080467011551058,0.12266727787542189,0.12027244669985662,0.12160284072160721,526277,13.923575112136819,19.982662435831173,19.338377251026337,18.481607670514435,20.181517031783365,0.99,60.0,-1.7,0.42
RTX,1964-11-18,0.12160277176374237,0.12266720831394196,0.12133666020682056,0.12266720831394196,312715,14.069251145933212,19.787248093253098,19.362278700148952,18.41926232711668,20.183655723898237,0.98,63.0,-1.68,0.4
RTX,1964-11-19,0.12293333575835323,0.12559411295937162,0.12293333575835323,0.12452983111143112,648312,14.198075205171081,19.65825684131178,19.358831030867986,18.45873188065851,20.189808120562798,0.98,63.0,-1.65,0.4
RTX,1964-11-20,0.12532810184152074,0.12772293388843536,0.12532810184152074,0.12772293388843536,305088,15.433277733192883,20.186594453859314,19.699894577129026,18.675270394906544,20.320448165309795,0.98,91.0,-1.62,0.28
RTX,1964-11-23,0.1279889751714435,0.130916029214859,0.1279889751714435,0.130916029214859,747466,16.7131806962297,20.213788591049937,19.68545093158178,18.870048412524092,20.442688648812506,0.98,90.0,-1.57,0.25
RTX,1964-11-24,0.13091607263655494,0.13091607263655494,0.12985162565140893,0.13038384914398193,549158,16.700861225538137,19.55318706048718,19.644327654153155,18.580664267411485,20.310977162042303,0.98,88.0,-1.53,0.29
RTX,1964-11-25,0.12985156787789118,0.12985156787789118,0.12692467868328094,0.12692467868328094,213562,18.03683684737621,20.444255057610665,20.18771521718678,18.851294323652866,20.448921071277585,0.99,97.0,-1.49,0.25
RTX,1964-11-27,0.12719079393018864,0.12878729922560914,0.12719079393018864,0.12798896431922913,274579,18.063887771229712,20.27492958139019,20.197642337144128,18.815148880883438,20.460715085206914,1.0,97.0,-1.44,0.24
RTX,1964-11-30,0.1277228159855748,0.1277228159855748,0.12532798614936377,0.12665854394435883,236443,18.40684882474696,20.4247332488312,20.294943446786895,18.758847008443215,20.38873500322041,1.01,98.0,-1.4,0.19
RTX,1964-12-01,0.12665849738888507,0.12692459917258608,0.12506199313900546,0.1261262744665146,335597,18.138524599603258,20.351916376385475,20.223571714135343,18.76998919823413,20.319151200716526,1.02,96.0,-1.34,0.22
RTX,1964-12-02,0.1261262744665146,0.1261262744665146,0.12452977021663497,0.1261262744665146,457632,18.060820435584017,19.652402782153356,20.223571714135343,18.739483632143415,20.26261390505801,1.03,95.5,-1.28,0.22
RTX,1964-12-03,0.1271907806711553,0.12958544642849318,0.1271907806711553,0.1285211741924286,404242,18.81731680167084,18.754859114831937,20.39146418422083,18.820420675291945,20.337768436162158,1.04,100.0,-1.22,0.14
RTX,1964-12-04,0.12852124111487906,0.1319803454267983,0.12852124111487906,0.13038384914398193,808483,19.152583519548415,18.74616126882666,20.47602799823212,18.88119563708807,20.339621755557737,1.05,100.0,-1.15,0.09
RTX,1964-12-07,0.13171402892259743,0.13331069691819353,0.13171402892259743,0.13304458558559418,648312,19.903075213321767,18.82636212324867,20.630838807036138,18.95326469539773,20.400670284838654,1.06,100.0,-1.06,0.03
RTX,1964-12-08,0.13410899200311643,0.13490732680623063,0.13410899200311643,0.13464121520519257,961027,20.077013850248626,18.599248903409244,20.6824933932102,18.93314775067095,20.40347020397283,1.07,100.0,-0.97,-0.0
RTX,1964-12-09,0.134907343151728,0.1394308925278373,0.134907343151728,0.13676995038986206,1525440,20.444887650002336,18.150833770885146,20.712380767876052,18.975040281669813,20.410468584050026,1.08,100.0,-0.86,-0.02
RTX,1964-12-10,0.13676993710752405,0.13889865577220917,0.13676993710752405,0.13889865577220917,838992,20.75743445457942,17.44546275439934,20.762289443431513,19.03845321385794,20.442997737769595,1.09,100.0,-0.73,-0.04
RTX,1964-12-11,0.13863258445679905,0.13863258445679905,0.13783425907995284,0.13810037076473236,556786,20.905759784428582,17.237594108060282,20.522346570432013,19.052634919673686,20.430224870494502,1.1,96.0,-0.64,0.02
RTX,1964-12-14,0.1381003007935856,0.1381003007935856,0.13570547103881836,0.13570547103881836,350851,21.484691946549443,17.501997931782178,20.785528708647803,19.15529975014429,20.516914626277092,1.11,100.0,-0.56,-0.06
RTX,1964-12-15,0.13570555034545023,0.13623777375638088,0.1330447720030557,0.13490737974643707,511022,21.16737572449462,17.489940501315274,20.81506132690614,19.17296347984659,20.41134717435288,1.12,100.0,-0.48,-0.08
RTX,1964-12-16,0.13490739594711493,0.13677000391417204,0.13384295867492124,0.13543961942195892,320342,21.17084932621576,17.491240202727298,20.739233930599177,19.155587180742717,20.34459771204936,1.11,97.0,-0.42,-0.04
RTX,1964-12-17,0.13543956481071479,0.14155960971903708,0.13517345318059296,0.14022906124591827,808483,21.666541382739087,18.662546590751454,21.322174652496216,19.47686684217083,20.494444100189167,1.1,100.0,-0.32,-0.05
RTX,1964-12-18,0.1415595881287452,0.14342219506069157,0.1415595881287452,0.14209164679050446,511022,21.78240251131666,18.792546169530976,21.25516751467653,19.5182692735902,20.400668641999626,1.09,99.0,-0.23,-0.02
RTX,1964-12-21,0.14182548990586183,0.14182548990586183,0.14049510657787323,0.14049510657787323,648312,22.26186476758126,18.73754842026226,21.35923461409509,19.48671740512562,20.42852399431429,1.09,100.0,-0.16,-0.06
RTX,1964-12-22,0.14049521900626552,0.14129354448126297,0.1399629955712715,0.1407613307237625,602549,22.26407025960141,18.73366872010197,21.349207078651673,19.48284715503531,19.98966818888696,1.08,99.0,-0.1,-0.06
RTX,1964-12-23,0.1404950719118378,0.1404950719118378,0.13783413171768188,0.13783413171768188,327970,23.249027858184398,19.14730815275606,21.67986123984011,19.617818447716168,20.075578518404907,1.06,100.0,-0.06,-0.13
RTX,1964-12-24,0.13783425907995284,0.13810037076473236,0.13756831191254335,0.13810037076473236,76272,23.053888239314105,19.12358837404972,21.650185420382094,19.61667344777402,20.071565191350558,1.04,99.0,-0.02,-0.11
RTX,1964-12-28,0.1381002431565676,0.13863245635685567,0.13756818479601415,0.13783413171768188,198307,22.80976252127756,19.13510937542231,21.141544753647537,19.621395683571134,20.07463873470646,1.02,94.0,-0.04,-0.08
RTX,1964-12-29,0.13730214860462464,0.13730214860462464,0.13437509536743164,0.13437509536743164,175426,24.375829881910725,19.862085360238606,20.95118040577098,19.74290941076838,20.137252207048665,1.01,93.0,0.0,-0.17
RTX,1964-12-30,0.13437510677733006,0.13730216026306152,0.13331083454285333,0.13730216026306152,533904,24.74249366268329,20.272119770744492,21.05213655172057,19.87455202775674,20.234304600048205,1.0,93.0,0.0,-0.19
RTX,1964-12-31,0.13889873154715188,0.14049523754541168,0.13889873154715188,0.1394309550523758,655939,24.94476893462883,20.45782942811214,20.9577103734085,19.937486093907186,20.275946705910357,1.0,92.0,0.03,-0.16
RTX,1965-01-04,0.1394308925278373,0.13996295127705988,0.13650383875658167,0.13676995038986206,350851,25.842161126741246,20.84852868147287,21.242518972134377,20.094755699109726,20.340718798843014,0.99,94.0,0.06,-0.24
RTX,1965-01-05,0.13676988244854416,0.13730210545071975,0.13570544612167865,0.13650377094745636,213562,25.657394226649156,20.63887093611513,21.252875667166634,20.08689705817047,20.34338629749506,0.99,94.0,0.09,-0.24
RTX,1965-01-06,0.13650386517342525,0.13810037076473236,0.13650386517342525,0.13810037076473236,99154,24.921660280517187,20.55705353017212,21.282188765714828,19.976240993148934,20.281863999912414,0.98,95.0,0.09,-0.26
RTX,1965-01-07,0.1381002772316982,0.14076121808241984,0.1378341657271516,0.14049510657787323,549158,24.43399725970013,20.758955931531943,21.36348345247934,19.90475044839173,20.34019983534825,0.98,98.0,0.06,-0.28
RTX,1965-01-08,0.1404952017328857,0.1404952017328857,0.13810037076473236,0.13810037076473236,205934,25.022588189304674,21.106352178451704,21.5876400898599,19.949172726504205,20.417297772868864,0.97,98.0,-0.03,-0.35
RTX,1965-01-11,0.1381002431565676,0.13863245635685567,0.13756818479601415,0.13783413171768188,396614,23.526745614979127,20.813960913690895,21.569824058237288,19.916876455220887,20.37774066524566,0.96,97.0,-0.12,-0.34
RTX,1965-01-12,0.13756828528970325,0.13756828528970325,0.1343751198851672,0.13676995038986206,785602,23.656060525271588,20.870353249167906,21.502798978019673,19.94723150307431,20.38601206742766,0.96,96.0,-0.18,-0.32
RTX,1965-01-13,0.13623772241462265,0.13623772241462265,0.13357678055763245,0.13357678055763245,716957,24.559700295938104,21.520342564896822,21.809178682525282,20.090366220100687,20.422613682821737,0.96,100.0,-0.2,-0.35
RTX,1965-01-14,0.13357677029074128,0.13464120695215798,0.13064988157085647,0.13437509536743164,961027,24.521221856113506,21.410209334730002,21.813108757359295,19.969462118071696,20.38091993971465,0.95,100.0,-0.23,-0.35
RTX,1965-01-15,0.13437517247227096,0.13677000391417204,0.13357684693749924,0.13543961942195892,678821,24.568773631964078,21.42706738053278,21.80123853917951,19.80537209264633,20.374825284956376,0.95,98.0,-0.33,-0.34
RTX,1965-01-18,0.13543961455397074,0.13623778522014618,0.13384295386432044,0.13623778522014618,884755,24.098395781826525,21.445732269303242,21.680493049796745,19.779843025798776,20.330271736296393,0.94,97.0,-0.4,-0.3
RTX,1965-01-19,0.13623778522014618,0.13650388727050963,0.134907391098256,0.13623778522014618,442378,23.81179845022557,21.424310880700663,21.514482062433345,19.540100646778715,20.287920033500008,0.94,92.0,-0.61,-0.24
RTX,1965-01-20,0.13623771737307291,0.13676993088624873,0.13543954710439032,0.13597160577774048,579667,23.153549845703537,21.427380111423595,21.510526211992943,19.545896700949452,20.28565439353619,0.92,91.0,-0.86,-0.23
RTX,1965-01-21,0.13597155762276644,0.13650377094745636,0.13543949913784734,0.13650377094745636,335597,22.931892968150102,21.409427944161397,21.22634084400827,19.440921210428318,20.285789474859055,0.91,81.0,-1.04,-0.16
RTX,1965-01-22,0.13650381929091626,0.13703604248158116,0.13570549418240802,0.13597160577774048,297461,22.500268122912406,21.43440098231133,20.830019293364433,19.45210342224678,20.293204558653567,0.9,76.0,-1.12,-0.1
RTX,1965-01-25,0.13570549920426256,0.13570549920426256,0.13251249865423306,0.13357678055763245,701702,22.55330869418419,21.75658239910949,21.059279013750377,19.587590494696585,20.383693773456972,0.9,79.0,-1.2,-0.18
RTX,1965-01-26,0.1330447482842035,0.1330447482842035,0.12878731014551453,0.130916029214859,663566,23.1753480020312,22.162790751471633,21.20846372812227,19.641959644767184,20.404195158009845,0.89,80.0,-1.23,-0.2
RTX,1965-01-27,0.13091592137222252,0.13384280848724683,0.1303836984945964,0.13331075012683868,785602,23.375305226323228,22.37957816288643,21.377476075686527,19.675749901563695,20.42608949893806,0.89,89.0,-1.28,-0.26
RTX,1965-01-28,0.13331089971747984,0.13543961942195892,0.13304478798005784,0.13543961942195892,366106,23.792144706787568,22.408767527052344,21.443604483427382,19.742233819110115,20.474078514271454,0.88,89.0,-1.33,-0.29
RTX,1965-01-29,0.13543952172269333,0.13650379370977211,0.13490729863176834,0.13517341017723083,724584,23.77160072453286,22.418291094187197,21.067025365496807,19.743753700167247,20.46252643857098,0.88,76.0,-1.36,-0.22
RTX,1965-02-01,0.13517343840726867,0.13543955000830674,0.13410899200311643,0.13464121520519257,228816,21.371056274658304,21.850027644663378,20.39646340277014,19.73602639169335,20.455483123796075,0.87,61.0,-1.39,-0.31
RTX,1965-02-02,0.13464120695215798,0.1351734301216107,0.13410898378270528,0.13437509536743164,221189,20.92107763368147,21.812744397871402,20.278067813501234,19.740318521229394,20.45824629647019,0.87,56.0,-1.42,-0.27
RTX,1965-02-03,0.13517341017723083,0.1362376918417969,0.13517341017723083,0.13517341017723083,305088,20.841239391239995,21.83190093941659,20.103206041790678,19.741172449029275,20.419543070585323,0.87,49.0,-1.45,-0.2
RTX,1965-02-04,0.13517341245620695,0.13623769413871645,0.1349073009062579,0.13570547103881836,213562,20.87654538643783,21.837295778674477,19.900717024605008,19.666258631529992,20.189988436491372,0.87,48.0,-1.48,-0.13
RTX,1965-02-05,0.1357054955010247,0.1357054955010247,0.1341089904308319,0.1341089904308319,556786,20.28116453285623,21.948507206699535,19.637528035606415,19.726279275693788,20.15102393077408,0.87,41.0,-1.49,-0.1
RTX,1965-02-08,0.1341089904308319,0.13517343682250466,0.13357677691248473,0.1341089904308319,183053,20.265363845591324,21.888740329603202,19.170435290505555,19.69012901948199,20.06783804969855,0.88,4.0,-1.49,-0.05
RTX,1965-02-09,0.13410896399538086,0.13570546875087192,0.13410896399538086,0.13517341017723083,244070,20.425062454021443,21.82124795755906,19.025297428201903,19.7011880946453,19.991772016392677,0.88,1.0,-1.5,0.01
RTX,1965-02-10,0.13570556176443144,0.136769998998367,0.13570556176443144,0.13623778522014618,411869,19.155887140323625,21.856293821831667,18.963454754939065,19.71305500124514,19.95813662832369,0.89,1.0,-1.51,0.04
RTX,1965-02-11,0.13623769413871645,0.13783418924363658,0.13570547103881836,0.13570547103881836,305088,18.11301928959428,21.81884652953466,18.94130361864736,19.71158984808863,19.921384398028778,0.9,1.0,-1.51,0.05
RTX,1965-02-12,0.13570556176443144,0.13623778522014618,0.13543961455397074,0.13623778522014618,244070,17.54096143807041,21.8014026295921,18.945503824612445,19.71150152969958,19.92186773693854,0.91,2.0,-1.51,0.05
RTX,1965-02-15,0.13623778522014618,0.13703611072622437,0.13623778522014618,0.13623778522014618,175426,16.64124699811432,21.75806216368773,18.88291244910255,19.69272070903212,19.54589543211741,0.92,1.0,-1.51,0.09
RTX,1965-02-16,0.13731040603064085,0.13918767852612987,0.1365059512453755,0.13865143060684204,472886,17.39937727184698,21.829078538777903,19.05718657940185,19.774154771316326,19.52924532347451,0.92,6.0,-1.5,0.01
RTX,1965-02-17,0.13891938259373773,0.13999219961613826,0.13891938259373773,0.13918758928775787,396614,17.111696079038687,21.277227037046334,18.925605429969135,19.75447542718397,19.517642854362784,0.93,2.0,-1.5,0.08
RTX,1965-02-18,0.1391877135847094,0.14106498655304567,0.1391877135847094,0.14052873849868774,358478,16.592032450992427,20.79161376033567,18.964875614940368,19.71064943872807,19.530098109302717,0.93,6.0,-1.48,0.06
RTX,1965-02-19,0.14133315353525988,0.14374683968837473,0.14133315353525988,0.14321042597293854,877128,16.638471801876356,21.074887876008376,19.045243031168535,19.76721328226032,19.606241426969913,0.93,8.0,-1.43,0.04
RTX,1965-02-23,0.14321048560244926,0.1472332390105055,0.14294227863305603,0.14642879366874695,838992,17.68221335603619,20.641883978938495,19.313605807290056,19.89333134330286,19.710126341006877,0.94,20.0,-1.29,-0.04
RTX,1965-02-24,0.14642875242649378,0.1469651564605098,0.14455146998221644,0.14481967687606812,442378,17.86547392053713,20.784722219281747,19.416590387678674,19.954240416195322,19.747949878610534,0.93,35.0,-1.23,-0.09
RTX,1965-02-25,0.14481952848315524,0.14589218914674926,0.14267405109713002,0.1445513218641281,335597,16.198561921155772,20.63792067175191,19.38309029491063,19.91960186365099,19.74748810241045,0.93,32.0,-1.19,-0.07
RTX,1965-02-26,0.14455143962450756,0.1456241011619568,0.14401503570314342,0.1456241011619568,655939,16.22949027229993,20.62091733597868,19.395931168731458,19.928196321521792,19.752319282427752,0.93,33.0,-1.14,-0.08
RTX,1965-03-01,0.14589228425225562,0.14776955624302576,0.14589228425225562,0.14750134944915771,556786,16.428077544298873,20.72417654861368,19.472515194959275,19.953728960700154,19.731615872014853,0.93,39.0,-1.05,-0.12
RTX,1965-03-02,0.14750138680640354,0.14776959366819956,0.14562411434018205,0.1461605280637741,343224,16.759848284208413,20.581863919256257,19.50631906429521,19.974864879114932,19.689267547471683,0.92,44.0,-1.01,-0.13
RTX,1965-03-03,0.14616052323100032,0.14750138192929446,0.14374683712099492,0.14401504397392273,892382,17.472382857881172,20.70860785834245,19.543999287758453,19.905244872149705,19.318788714380037,0.92,46.0,-1.0,-0.14
RTX,1965-03-04,0.14428330372633213,0.14642879366874695,0.14428330372633213,0.14642879366874695,594922,17.943935641653916,20.584303448333348,19.58088497843839,19.91879087239093,19.322872519230998,0.92,46.0,-0.97,-0.14
RTX,1965-03-05,0.14589229388361602,0.14589229388361602,0.14401502176891415,0.14535588026046753,175426,18.161075394733082,20.55023809850466,19.625865224795643,19.92595118332838,19.322701660678117,0.92,46.0,-0.97,-0.17
RTX,1965-03-08,0.145355965791174,0.1472332390105055,0.14428330372633213,0.14642879366874695,511022,18.13098163555942,20.370836998846016,19.61826450497024,19.93518210289198,19.3311041417353,0.92,45.0,-0.96,-0.16
RTX,1965-03-09,0.14642868153096603,0.14803774654865265,0.1458922680029749,0.14803774654865265,854246,17.23276038218104,20.256064031959998,19.466616840609916,19.950237941245387,19.349014121446253,0.92,33.0,-0.92,-0.12
RTX,1965-03-10,0.14803778278736868,0.14991505502859528,0.14750136912806686,0.1491106003522873,762720,15.744030094748428,20.243968091282603,19.458134511400004,19.938500569314836,19.147099618061397,0.92,33.0,-0.87,-0.1
RTX,1965-03-11,0.14911058654649212,0.15018324795313584,0.14857418269053965,0.14937862753868103,770347,15.203328112400486,19.862354729482114,19.458170821731272,19.896449944781736,19.121250928513835,0.92,34.0,-0.83,-0.1
RTX,1965-03-12,0.14937868352328734,0.15098792495531344,0.14911064243064115,0.15045151114463806,999163,14.808397501396078,19.832022420138063,19.397532520050774,19.863733906019917,19.092607067483677,0.92,29.0,-0.77,-0.08
RTX,1965-03-15,0.1507196643372999,0.15259693643927216,0.1507196643372999,0.1523287296295166,663566,14.932068712166771,19.94616377676735,19.455461945848764,19.89721974364672,19.04741620345772,0.92,34.0,-0.67,-0.1
RTX,1965-03-16,0.15152401441807553,0.15152401441807553,0.14991495013237,0.14991495013237,419496,15.864756267230486,19.074075893246782,19.664869960986895,20.010767802843397,19.12899429206726,0.92,48.0,-0.66,-0.19
RTX,1965-03-17,0.14937863626789602,0.14937863626789602,0.14669690944194447,0.1469651162624359,244070,17.201168767579507,19.380872438211387,19.951558901299755,20.11810293530723,19.22945112158429,0.92,52.0,-0.68,-0.27
RTX,1965-03-18,0.14696519785384335,0.14696519785384335,0.14508775882178077,0.14642879366874695,434750,17.282855313444813,19.243883596104595,19.96458618813028,20.122082018999876,19.213312179185912,0.91,52.0,-0.69,-0.28
RTX,1965-03-19,0.1466968511301599,0.14776951217310538,0.1466968511301599,0.14723309874534607,282206,17.29851594934266,19.26746819474283,19.960125396684774,19.948730518682492,19.216573941397005,0.91,51.0,-0.7,-0.28
RTX,1965-03-22,0.14750139327940323,0.14857422077366766,0.14750139327940323,0.14776960015296936,320342,16.73972035653325,18.733064163699233,19.96138802855911,19.90860656011961,19.178578997705625,0.9,51.0,-0.7,-0.28
RTX,1965-03-23,0.14776955624302576,0.14803776303689384,0.14669689488017612,0.14750134944915771,343224,16.778456126276463,18.74222350035973,19.954301568825272,19.9137368291105,19.141632418960235,0.9,49.0,-0.71,-0.28
RTX,1965-03-24,0.14750130191722993,0.1485741287469864,0.14589223723884492,0.1485741287469864,617803,16.76338437640761,18.77324003647696,19.97091287818481,19.915869875983912,19.128462178359783,0.9,52.0,-0.71,-0.29
RTX,1965-03-25,0.14857418269053965,0.15018324795313584,0.14803776908090313,0.14937862753868103,457632,16.71885270221613,17.947746380812802,19.917893885267354,19.918218660015345,19.128649054405525,0.89,46.0,-0.71,-0.26
RTX,1965-03-26,0.1491105960937016,0.1491105960937016,0.14669691026210785,0.14669691026210785,297461,17.711481735495937,17.921007224432525,20.037618622690985,20.00834608278895,19.226142229180322,0.89,52.0,-0.69,-0.28
RTX,1965-03-29,0.14669694956665813,0.14750140443552878,0.14428326308836475,0.14481967687606812,251698,18.263048947324826,17.89501428590741,20.16869886697197,20.084864521252,19.256892178952434,0.88,53.0,-0.66,-0.34
RTX,1965-03-30,0.14481967687606812,0.14589233863879042,0.14428326308836475,0.14481967687606812,183053,18.263048947324826,17.408845368838023,19.77210716490131,20.084864521252,19.2539167228945,0.88,42.0,-0.63,-0.27
RTX,1965-03-31,0.14481967687606812,0.14589233863879042,0.1440150659482004,0.14481967687606812,282206,17.665262847696443,17.399554230054346,19.74274939917914,20.082699386884673,19.24205303412333,0.88,41.0,-0.59,-0.26
RTX,1965-04-01,0.14481967687606812,0.14589233863879042,0.14455146998221644,0.14481967687606812,175426,17.654947173478263,17.258380659570975,19.74416086242727,20.066323526396268,19.188993953837098,0.88,41.0,-0.54,-0.26
RTX,1965-04-02,0.1448197176651186,0.14750144597989873,0.14428330372633213,0.14642879366874695,259325,17.719331621443402,17.053780237854195,19.801238720721805,20.094869536643696,19.208993548724784,0.87,42.0,-0.5,-0.29
RTX,1965-04-05,0.14642869548950588,0.1483059674501419,0.14535586833125475,0.1483059674501419,488141,17.273770447324686,16.81480070319831,19.835285036653325,20.100741477765965,19.169598214846857,0.87,42.0,-0.48,-0.29
RTX,1965-04-06,0.1488423935226364,0.14991505502859528,0.1488423935226364,0.1491106003522873,434750,16.142932555161906,16.823955259761863,19.797662747037176,20.085389194956385,19.170149225585135,0.87,40.0,-0.46,-0.27
RTX,1965-04-07,0.1491104960189425,0.1507195700583262,0.1491104960189425,0.14991495013237,434750,15.811068443440979,16.736875801310934,19.730011655933815,19.938541644657885,19.13706602513422,0.87,36.0,-0.49,-0.23
RTX,1965-04-08,0.1499150415307844,0.1531333476305008,0.14937862791977935,0.1531333476305008,816110,16.8144358091114,16.378710310428495,19.96226898054826,20.060758659250087,19.236753400869073,0.86,48.0,-0.52,-0.29
RTX,1965-04-09,0.15366957336972337,0.1544741839170456,0.15366957336972337,0.1544741839170456,610176,16.856196095053825,16.414921407173157,19.936566334763913,20.065392688684643,19.2493805328764,0.86,43.0,-0.59,-0.27
RTX,1965-04-12,0.1547424419963784,0.15608330070972443,0.1547424419963784,0.15608330070972443,846619,16.73395481408168,16.45849394728191,19.965462465196932,20.04813258130315,19.16431382629757,0.85,49.0,-0.62,-0.28
RTX,1965-04-13,0.15635151061604122,0.15876519680023193,0.15635151061604122,0.15876519680023193,1357642,16.95415715059097,16.71709697794105,20.074842784377342,20.110997199984627,19.21918364517446,0.85,51.0,-0.53,-0.31
RTX,1965-04-14,0.15983788238479882,0.16359259368382278,0.15983788238479882,0.1630561798810959,1487304,17.475643807091416,17.421878249226083,20.341199064209178,20.24819651852315,19.376960987889895,0.84,59.0,-0.14,-0.33
RTX,1965-04-15,0.16305613352803147,0.16386059794442984,0.16251972963147934,0.16359254717826843,1029672,17.070657351306124,17.391350616110675,20.01555634585591,20.22705311598745,19.377280243641476,0.84,48.0,0.16,-0.27
RTX,1965-04-19,0.16359263755820216,0.16412889544574813,0.16117895036497412,0.16332443058490753,625430,16.8278915083694,17.417253967054965,19.70563772381058,20.224712327157725,19.371858950896627,0.84,29.0,0.28,-0.22
RTX,1965-04-20,0.16386066557139933,0.16466526687145233,0.16386066557139933,0.16466526687145233,587294,16.84429398205938,17.38892121903556,19.702129865199623,20.224642439141466,19.27322060424225,0.84,28.0,0.4,-0.21
RTX,1965-04-21,0.16466526687145233,0.16466526687145233,0.1627880036408688,0.16466526687145233,282206,16.746274254867533,16.84693192116609,19.141327174417473,20.206769612824182,19.160664853064326,0.85,10.0,0.45,-0.21
RTX,1965-04-22,0.1646652535351284,0.16627433896064758,0.1646652535351284,0.16627433896064758,739838,16.80957962278252,16.15680604701709,19.15306826502364,19.923327029062758,19.10990694640887,0.86,11.0,0.51,-0.21
RTX,1965-04-23,0.16627427905938927,0.16788350045681,0.16573802148341196,0.16788350045681,366106,16.888430069818067,15.931432307674307,19.069452896590107,19.530291750632724,19.09487566218828,0.86,10.0,0.58,-0.16
RTX,1965-04-26,0.16788356186189352,0.16788356186189352,0.16546987518820058,0.16600613296031952,244070,17.41340834234915,16.026910768985765,19.167893040431004,19.538955834820804,19.14026437947227,0.87,13.0,0.51,-0.21
RTX,1965-04-27,0.16600613204655956,0.16654254587473558,0.1652016673633044,0.16627433896064758,640685,17.201810702919165,15.992528657776267,19.163715782047664,19.424010090631697,19.07212061803901,0.88,13.0,0.42,-0.2
RTX,1965-04-28,0.16627438267985048,0.16815165600568072,0.16627438267985048,0.16654258966445923,526277,16.252352644863265,15.923158175539646,18.990843790680216,19.415559110554433,18.974896450416406,0.89,7.0,0.32,-0.15
RTX,1965-04-29,0.16654254587473558,0.16707894019553549,0.16600613204655956,0.16627433896064758,251698,14.763255461510235,15.91790590250372,18.907510262227724,19.42002180703099,18.845354712409634,0.9,2.0,0.2,-0.12
RTX,1965-04-30,0.16627438629014313,0.1668107807636261,0.16627438629014313,0.1668107807636261,335597,14.582142262279843,15.910329248227542,18.6922069758449,19.410478875262342,18.823708204981962,0.91,1.0,0.08,-0.05
RTX,1965-05-03,0.1668107332814475,0.1668107332814475,0.16600613204655956,0.16627433896064758,228816,14.740458782884918,15.96955931733002,18.647422506710853,19.401384309972034,18.653735372377287,0.92,1.0,-0.06,-0.03
RTX,1965-05-04,0.16681060650396462,0.1697607047504479,0.16681060650396462,0.16949249804019928,1022045,15.37599707179803,15.971511112683793,18.720023535558912,19.489199491227797,18.72975297678603,0.93,3.0,-0.14,-0.05
RTX,1965-05-05,0.1694925627992222,0.1719062485474194,0.1694925627992222,0.17163804173469543,678821,15.42224961412327,16.04809945218787,18.673680632013205,19.503803944976703,18.681626553363863,0.94,2.0,-0.19,-0.03
RTX,1965-05-06,0.17163799628982948,0.17244246045605227,0.17163799628982948,0.17190620303153992,404242,15.439955086628999,16.036714117263745,18.631152688354703,19.42403144641221,18.680310464968525,0.95,1.0,-0.25,-0.0
RTX,1965-05-07,0.17190632410137874,0.17190632410137874,0.17110172281694797,0.17136991024017334,312715,15.610877635913825,16.082095444353737,18.382709284545747,19.3819249355817,18.685764566201584,0.96,1.0,-0.33,0.08
RTX,1965-05-10,0.17136984394104254,0.17217430836260297,0.1697607785463333,0.1697607785463333,411869,14.689824176693067,16.234586424213052,18.431516026200157,19.432210666306425,18.62911831647708,0.97,2.0,-0.43,0.06
RTX,1965-05-11,0.16949259675767184,0.16949259675767184,0.16707891052588394,0.16761532425880432,221189,14.673026720511368,16.58076780055521,18.582834893228842,19.496147087364292,18.6419158367266,0.98,3.0,-0.54,-0.02
RTX,1965-05-12,0.16761529363934505,0.16841975803278733,0.16734708682188007,0.16788350045681,114408,14.634157398262824,16.569774914052548,17.831550049809042,19.418780817109134,18.64058727009716,1.0,1.0,-0.65,-0.26
RTX,1965-05-13,0.1678834909989263,0.168419748544693,0.1678834909989263,0.168419748544693,175426,14.569923098092888,16.307862047044242,17.739295193379018,19.31287042020474,18.638025887393024,1.01,1.0,-0.75,-0.22
RTX,1965-05-14,0.16841975803278733,0.1694925657952781,0.16654248587685425,0.16788350045681,3577157,14.694423292722561,16.360347882221113,17.634420838378578,19.31589768011563,18.629535258343946,1.03,1.0,-0.85,-0.17
RTX,1965-05-17,0.16869317520220908,0.16869317520220908,0.1654541730374279,0.16626396775245667,312715,15.165541267518142,16.511457658859623,17.728220406997984,19.195985784234544,18.666970463815463,1.04,2.0,-0.93,-0.23
RTX,1965-05-18,0.16626396775245667,0.16680383089580916,0.16437462344605674,0.16626396775245667,358478,14.993271097228822,16.175216447526548,17.35381099465614,18.948340242069385,18.665450475903924,1.06,1.0,-1.01,-0.15
RTX,1965-05-19,0.16626388705793302,0.16761338719882882,0.1657240241765976,0.1657240241765976,198307,15.122589291396629,15.682650393798268,17.372887474525438,18.95889297110238,18.61794583499449,1.07,2.0,-1.08,-0.17
RTX,1965-05-20,0.165724058847181,0.1659939903443202,0.16383472487889644,0.1646445095539093,816110,15.387309533242243,15.548132810194371,17.413549438079713,18.912811435813616,18.631899510793392,1.09,3.0,-1.14,-0.19
RTX,1965-05-21,0.16410463946951367,0.16410463946951367,0.16329485482948744,0.1635647863149643,297461,14.635161726753745,15.629895749988187,16.914374777623962,18.93961533499824,18.622981755677344,1.12,1.0,-1.18,-0.27
RTX,1965-05-24,0.1635648399976952,0.1649143309891154,0.16248528058034462,0.16302497684955597,366106,14.584400480964835,15.627739496574447,16.63984107457199,18.916493968768687,18.629831264189804,1.15,1.0,-1.23,-0.23
RTX,1965-05-25,0.16302493038747887,0.1646445095539093,0.16275499889033967,0.1646445095539093,480514,14.560658894481007,15.551729223398974,16.547488821120904,18.71133289954294,18.645655464399745,1.19,1.0,-1.27,-0.19
RTX,1965-05-26,0.1646446396388023,0.16491441428661346,0.16410477621798059,0.16491441428661346,274579,13.823945250893496,15.38312926649118,16.203576696260363,18.304403620000436,18.635799169514843,1.22,1.0,-1.31,-0.12
RTX,1965-05-27,0.1646445483086936,0.1646445483086936,0.16302496876103917,0.16410468518733978,419496,11.639117103373184,15.052254575625806,16.228279308978323,18.25333139943352,18.64809333460143,1.26,2.0,-1.34,-0.14
RTX,1965-05-28,0.16410474217533483,0.1654542237520218,0.16410474217533483,0.1654542237520218,419496,11.83675117721224,14.803787302578005,16.184615505300755,18.14152229856258,18.64179223373753,1.29,1.0,-1.37,-0.11
RTX,1965-06-01,0.1654542237520218,0.16599408706085178,0.1651843117304277,0.1654542237520218,343224,11.821994986064102,14.680755527365127,15.997649915391547,18.0254503689145,18.64017632806515,1.32,1.0,-1.4,-0.04
RTX,1965-06-02,0.16545425807461023,0.1662640532058428,0.16356492261357133,0.16491441428661346,1266115,11.634353747658894,14.68158518086629,15.731012615600577,17.796556647449844,18.6322132704581,1.35,1.0,-1.42,0.04
RTX,1965-06-03,0.16518422961235046,0.16707357355861738,0.16518422961235046,0.16518422961235046,747466,11.643382359727115,14.562757051330713,15.719820575257906,17.495819236978203,18.584273071970095,1.38,1.0,-1.43,0.05
RTX,1965-06-04,0.16518424238197701,0.1654541542902554,0.16437460482120514,0.16437460482120514,160171,11.362006253617821,14.583087036209683,15.682302793661423,17.41493437743215,18.567365233203688,1.41,1.0,-1.44,0.07
RTX,1965-06-07,0.1643745780567701,0.1646445095539093,0.16356479338175725,0.1646445095539093,663566,10.979602331384196,14.583043734282434,15.141669814187772,17.3526813454058,18.557217554836917,1.45,1.0,-1.45,0.02
RTX,1965-06-08,0.16437462490349655,0.16437462490349655,0.16302497684955597,0.16302497684955597,877128,10.872075683194527,14.724314689519607,15.247181696837348,17.379620448834636,18.59374410748429,1.48,2.0,-1.45,-0.04
RTX,1965-06-09,0.16302502801781546,0.16329495967660787,0.15816677842931434,0.15951626002788544,732211,12.45294647639828,15.281693696167467,15.672746131887763,17.59803189424183,18.717829418748593,1.49,3.0,-1.44,-0.03
RTX,1965-06-10,0.15951610664891777,0.15978603804816396,0.15438777327008313,0.15492762625217438,694075,14.789466562904241,16.1171847068464,16.402722224030995,17.934098988348403,18.9778818419464,1.49,11.0,-1.41,0.24
RTX,1965-06-11,0.1549276846726633,0.15627734217782627,0.1527684093596902,0.15330827236175537,572040,14.97136206063748,15.719731471359665,16.508154069858584,17.984834532177185,19.008260535953806,1.49,12.0,-1.39,0.17
RTX,1965-06-14,0.15330819072913277,0.15330819072913277,0.14683036823948534,0.1471002995967865,716957,18.57445814480473,17.91021389513386,17.829390635081435,18.602738408804633,19.472267236193836,1.47,22.0,-1.37,1.33
RTX,1965-06-15,0.14710042870690768,0.15222860872745514,0.1435916615563332,0.15222860872745514,2074598,21.66550622084515,19.206119524345482,18.59947739209128,19.009436805083162,19.612643008141113,1.45,27.0,-1.34,1.37
RTX,1965-06-16,0.1522286211553183,0.15654717362470963,0.15141899318550026,0.15384820103645325,755093,21.037840867761336,19.3062010514628,18.642569567777628,18.97115851554781,19.591996379370265,1.44,29.0,-1.3,1.36
RTX,1965-06-17,0.15384818011125528,0.15627738763180693,0.15384818011125528,0.15438787639141083,343224,20.60521332468419,19.307685620885284,18.39476053568818,18.963189520800697,19.572302892404426,1.42,25.0,-1.28,1.55
RTX,1965-06-18,0.15438787639141083,0.15627738763180693,0.15276845379308165,0.15438787639141083,579667,20.576638430917082,19.260766702495847,18.068656647988153,18.963189520800697,19.572956301307133,1.41,24.0,-1.28,1.79
RTX,1965-06-21,0.15384815520111422,0.15384815520111422,0.14952960401833085,0.14979952573776245,434750,21.970159018159872,20.23988293237625,18.567265116964403,19.302871926352765,19.822399411153015,1.38,28.0,-1.27,1.72
RTX,1965-06-22,0.14979955245820406,0.15087911191521688,0.14898976752265183,0.15060918033123016,549158,22.099665867956322,19.909532141096523,18.43058677640276,19.305860281279898,19.81355258675875,1.36,27.0,-1.24,1.81
RTX,1965-06-23,0.15033922193053373,0.15033922193053373,0.14979952573776245,0.14979952573776245,152544,21.949705842877158,19.754116341288018,18.452902741612093,19.317405576648618,19.792351820249323,1.34,29.0,-1.22,1.78
RTX,1965-06-24,0.14979946043174902,0.15168881348003377,0.147370264179949,0.15033915638923645,716957,21.999539006894526,19.76347900200493,18.44000383409552,19.299303366603088,19.760181182028308,1.33,29.0,-1.2,1.81
RTX,1965-06-25,0.15033918660348716,0.1527683931598961,0.1479101469259433,0.1516888439655304,1601712,22.21749862877647,19.83618164235212,18.4749621343368,19.248782854098227,19.770632647704904,1.32,31.0,-1.19,1.8
RTX,1965-06-28,0.1516888067860869,0.15276835571585148,0.14575083611791634,0.14683039486408234,1052554,23.75969140140257,20.9792698553705,19.219852676951803,19.60794326871234,20.060092740277604,1.31,58.0,-1.19,1.63
RTX,1965-06-29,0.14710042870690768,0.15438788478586865,0.14710042870690768,0.15222860872745514,2105107,26.44068596810685,22.128140370632,20.014335193403948,20.036145188225248,20.31083912954213,1.31,95.0,-1.17,1.6
RTX,1965-06-30,0.15330822212445253,0.15708690851010246,0.15330822212445253,0.15411801636219025,877128,26.799131066664323,22.118888028378294,19.98298119896973,20.066687593149776,20.335360349444553,1.31,94.0,-1.18,1.65
RTX,1965-07-01,0.1541181116907987,0.15438787639141083,0.15114904101116025,0.15438787639141083,472886,26.82658646389965,22.097879939128482,19.981811937102528,19.94878802367448,20.214442086937456,1.32,93.0,-1.2,1.66
RTX,1965-07-02,0.154387831487003,0.15600741067679366,0.15222855617402986,0.15330827236175537,602549,26.833467120531484,22.1288918791091,19.99871246864453,19.961983670392268,20.201929811320532,1.33,94.0,-1.21,1.62
RTX,1965-07-06,0.15330834395963053,0.1551976886539305,0.1530384123325348,0.1530384123325348,587294,26.80422936851222,21.70037133046152,19.976329084870002,19.96498645250843,20.204503784315015,1.33,91.0,-1.23,1.63
RTX,1965-07-07,0.15330822212445253,0.15438778089594143,0.15330822212445253,0.15411801636219025,335597,26.934822930805474,21.67411131822621,19.981067454727842,19.928674517686044,20.207536405228854,1.34,91.0,-1.26,1.64
RTX,1965-07-08,0.15411802928389012,0.15924620628356934,0.15384809784867906,0.15924620628356934,640685,28.56609989345598,22.59780338268209,20.592423020537503,20.265295514765956,20.444844199584246,1.35,100.0,-1.31,1.49
RTX,1965-07-09,0.1592463762097407,0.16194550693035126,0.1587065127632494,0.16194550693035126,1136453,29.027614617752928,22.590650199763832,20.732393813884013,20.347099448793763,20.464345548503584,1.37,100.0,-1.39,1.4
RTX,1965-07-12,0.16194535656409229,0.16302491557568427,0.16032594442367554,0.16032594442367554,579667,29.13176486881192,22.008009180178696,20.658879216284948,20.38425216246714,20.498177227084764,1.38,99.0,-1.42,1.42
RTX,1965-07-13,0.16086578985378158,0.16194550693035126,0.16086578985378158,0.16194550693035126,228816,29.18648086101852,22.098343202643257,20.70058056225239,20.407368545259054,20.51384758568309,1.39,99.0,-1.47,1.4
RTX,1965-07-14,0.16194541743220536,0.16302497684955597,0.1605957693782648,0.16302497684955597,503395,29.264023404718735,22.13995245829659,20.67659757329897,20.408626340800875,20.516808046281827,1.4,98.0,-1.5,1.41
RTX,1965-07-15,0.16302496876103917,0.1643746167480167,0.16248527251860498,0.16410468518733978,953400,29.322433429783917,22.117358026628764,20.504310894765197,20.417126873439816,20.510136855576306,1.41,95.0,-1.52,1.52
RTX,1965-07-16,0.16356478605007835,0.16356478605007835,0.16140551086503793,0.16248522698879242,366106,29.451718476080423,22.209464853171657,20.30575026386079,20.45324023658612,20.544109655346823,1.42,93.0,-1.51,1.6
RTX,1965-07-19,0.16302497684955597,0.1649143309891154,0.16302497684955597,0.16302497684955597,579667,29.44233094752078,22.125557643873808,20.215883007653435,20.451896247086335,20.52194419486904,1.43,92.0,-1.51,1.69
RTX,1965-07-20,0.16302496876103917,0.1676134617183004,0.16302496876103917,0.16410468518733978,907637,29.50540796929786,22.0759556806101,20.22808909119644,20.428834357733912,20.514859528252728,1.43,92.0,-1.51,1.68
RTX,1965-07-21,0.16410463946951367,0.16491427686347537,0.16329485482948744,0.1635647863149643,884755,29.377218930040645,21.96867978729379,20.216866603479538,20.36858751900975,20.41980818634916,1.44,91.0,-1.5,1.68
RTX,1965-07-22,0.16356485199730847,0.16383478359118112,0.16167550753554852,0.1627550572156906,411869,28.685997988014435,21.986223447604473,20.152995504640657,20.382752937934722,20.429035264238973,1.44,88.0,-1.48,1.72
RTX,1965-07-23,0.16275499889033967,0.16626392184145938,0.16275499889033967,0.1646445095539093,427123,27.402295450693302,22.11799197913026,20.1560711780379,20.20092321503943,20.44609298246918,1.45,88.0,-1.47,1.74
RTX,1965-07-26,0.16464458735985535,0.17328153550624847,0.16410472411045426,0.17328153550624847,1655102,30.58970514850004,24.487371148277497,21.49747177249672,21.01733652970567,21.00244935224844,1.47,100.0,-1.43,2.49
RTX,1965-07-27,0.17328148477934766,0.17355141632502769,0.17004263998900798,0.17058250308036804,625430,28.08157592813102,24.709743498326613,21.54437468731404,21.1199972941807,21.071158600388383,1.49,100.0,-1.41,2.47
RTX,1965-07-28,0.1705825530171615,0.17463117399693245,0.1705825530171615,0.17328153550624847,1281370,26.88638240958385,24.89572924627624,21.613177373500275,21.184046916291408,21.07501731309526,1.51,100.0,-1.38,2.4
RTX,1965-07-29,0.17328141472597045,0.17328141472597045,0.17085236555467517,0.17166200280189514,610176,27.104239470560092,24.677232775102635,21.666192090094658,21.203080361310985,21.090392685374713,1.54,100.0,-1.36,2.36
RTX,1965-07-30,0.17301176673763793,0.17490111147844048,0.17301176673763793,0.17382140457630157,404242,27.225126116906463,24.67556260902889,21.684878876526223,21.217012378670727,21.107882460247616,1.56,100.0,-1.31,2.34
RTX,1965-08-02,0.17382139875564956,0.17571074343318477,0.1705825530171615,0.17328153550624847,892382,27.279238670092738,24.683215718295138,21.67879951993862,21.187564332878594,21.109051233520653,1.58,99.0,-1.28,2.35
RTX,1965-08-03,0.17328141379548803,0.17436113953590393,0.17220186475031657,0.17436113953590393,793229,25.303086318250017,24.70473391157917,21.691647539649132,21.19346704452995,21.09661169928487,1.6,100.0,-1.24,2.34
RTX,1965-08-04,0.1743612678437807,0.17652054421832283,0.17301176673763793,0.17382140457630157,785602,25.412907659958577,24.632261396784635,21.685231162496297,21.177587063884832,20.907536720573965,1.63,99.0,-1.21,2.35
RTX,1965-08-05,0.17382133308280662,0.1746311080181419,0.1735514015600911,0.17409126460552216,625430,25.250669186428066,24.480944632273314,21.613978999271044,21.170686186217715,20.619365745263707,1.65,95.0,-1.19,2.42
RTX,1965-08-06,0.1740912725262304,0.1740912725262304,0.1708524278640772,0.17193199694156647,602549,25.753753225639358,24.626800869353165,21.549811069790913,21.224424467706797,20.63335457875681,1.66,93.0,-1.17,2.47
RTX,1965-08-09,0.171932059835499,0.17382140457630155,0.17166212820175944,0.17382140457630157,724584,25.790197820370363,24.715210556014746,21.330536923643063,21.193816609835476,20.568870716987036,1.68,90.0,-1.13,2.61
RTX,1965-08-10,0.17382135480879224,0.17382135480879224,0.17274178564548492,0.17274178564548492,465259,23.52969535974155,24.742582061214392,21.35083044391496,21.030170152560093,20.57818205985279,1.69,90.0,-1.11,2.59
RTX,1965-08-11,0.17301169557715054,0.1743611961282377,0.17301169557715054,0.17409126460552216,1052554,21.67888299067628,24.694962958660206,21.364465861089947,20.864154847145308,20.58399696912026,1.7,90.0,-1.07,2.58
RTX,1965-08-12,0.17544076618038573,0.17840983658453632,0.17544076618038573,0.1770603358745575,991536,21.8628595053826,24.914748250859066,21.498975239491834,20.931684488566784,20.632267771904118,1.72,91.0,-1.01,2.45
RTX,1965-08-13,0.17867980339872627,0.1816486976934196,0.17867980339872627,0.1811090111732483,1189843,22.452310767764118,25.28502029172367,21.74240996993483,20.79884030267222,20.720727266073872,1.73,100.0,-0.87,2.25
RTX,1965-08-16,0.18219501742997687,0.184095691298312,0.18219501742997687,0.18300949037075043,1288997,22.187177764887853,25.294503185314266,21.7677118941542,20.809318971960554,20.73128184561206,1.75,100.0,-0.71,2.23
RTX,1965-08-17,0.18219491839408875,0.18219491839408875,0.1811087180569543,0.18219491839408875,266952,22.281791792781718,25.26837333734722,21.785757793736312,20.77096525531681,20.72688178524411,1.77,100.0,-0.62,2.21
RTX,1965-08-18,0.18192333816007877,0.18192333816007877,0.1802942156791687,0.1802942156791687,366106,22.77165623345545,25.372967249602528,21.639757026720513,20.81070554348393,20.707747989463783,1.78,92.0,-0.58,2.31
RTX,1965-08-19,0.1802942794877693,0.18110875213909156,0.17757895588874817,0.17757895588874817,373733,21.96230868447927,25.54592728393216,21.683125201239857,20.90830962107926,20.739913725108405,1.8,94.0,-0.58,2.28
RTX,1965-08-20,0.17757897792315966,0.17893655101370384,0.17676432741591927,0.17812205851078033,450005,21.604109168701445,25.5484684167536,21.68123348266477,20.811808613606413,20.73812980602294,1.81,93.0,-0.59,2.28
RTX,1965-08-23,0.17812210685665034,0.17812210685665034,0.17594988266928108,0.1764928251504898,465259,21.559646391423396,25.60763268027032,21.75251405505118,20.798208150440008,20.75683465949563,1.83,98.0,-0.61,2.22
RTX,1965-08-24,0.1764927934823674,0.17785054445266724,0.17594985109857889,0.17785054445266724,457632,21.504774404123182,25.601730337948066,21.76878803097119,20.693681838288807,20.709276197548636,1.85,99.0,-0.64,2.2
RTX,1965-08-25,0.1778505919661554,0.1832810640335083,0.17703594116633833,0.1832810640335083,2044090,22.867483795793813,26.27450786757607,22.174694567231132,20.931102276393865,20.832211415162195,1.87,100.0,-0.6,1.98
RTX,1965-08-26,0.18328101744661313,0.18545324127239626,0.18328101744661313,0.18463876843452454,915264,22.87658534011919,26.2790443978173,22.12641614888458,20.87603743800643,20.8323044573435,1.89,99.0,-0.53,2.03
RTX,1965-08-27,0.18463879176209275,0.18545326470286633,0.18246656766186725,0.18300949037075043,884755,22.82311520290969,26.371186985765295,22.18948377766705,20.848303383063595,20.743783943566775,1.91,100.0,-0.52,1.98
RTX,1965-08-30,0.18300932302079495,0.18382397297152245,0.18056555092334747,0.18056555092334747,549158,23.3747913420639,26.52020258741123,22.31838144554597,20.905868490360138,20.633624598490222,1.93,100.0,-0.52,1.9
RTX,1965-08-31,0.18002282649959436,0.18002282649959436,0.17594990803003993,0.17730750143527985,915264,24.17247933311045,26.827997581537737,22.32498122098376,20.91517111787762,20.73058375825162,1.95,100.0,-0.52,1.92
RTX,1965-09-01,0.17730740575336262,0.17866497867545597,0.17649275534720593,0.17757895588874817,694075,24.110951884807044,26.727714463052045,22.29468543327731,20.896710494609604,20.680873999846053,1.98,98.0,-0.52,1.95
RTX,1965-09-02,0.17757899425860726,0.1786650172799743,0.17757899425860726,0.17785054445266724,320342,24.003905411861638,26.28745143923125,22.248280028442867,20.89474202074838,20.680796634383572,1.99,97.0,-0.53,2.0
RTX,1965-09-03,0.17785067036077892,0.17866514376468665,0.17785067036077892,0.17839375138282776,518650,23.86574422097543,25.48149592824998,22.106888502165493,20.51808634670809,20.6588482627547,2.01,93.0,-0.55,2.13
RTX,1965-09-07,0.17839358417507423,0.1786649763025581,0.177035853266716,0.177035853266716,770347,19.099385354490256,25.4264298301146,21.767719659799273,20.49666485125393,20.527647450912955,2.02,90.0,-0.59,2.36
RTX,1965-09-08,0.1770358489561914,0.18219494582471346,0.1770358489561914,0.18165184557437897,1952563,19.769257413043693,24.184201477006496,22.121364255731592,20.646106936353863,20.40727215068347,2.04,93.0,-0.63,2.11
RTX,1965-09-09,0.18192331492900848,0.1840955372110927,0.18192331492900848,0.18192331492900848,648312,19.34403123757158,23.32150363708531,22.117266753026822,20.64603415210374,20.364334732052324,2.06,92.0,-0.67,2.11
RTX,1965-09-10,0.18192339569954621,0.18219494582471346,0.17920807220270157,0.18165184557437897,846619,19.08706635967765,23.284418216459695,22.091530703520824,20.475834177621948,20.28437927142141,2.07,90.0,-0.71,2.14
RTX,1965-09-13,0.18165194733550755,0.18681104709414897,0.181108846780929,0.18545329570770264,1914427,19.624611028426823,23.572877896947155,22.31165956679838,20.601157115574555,20.301223228884606,2.09,98.0,-0.72,1.96
RTX,1965-09-14,0.18545334862470947,0.18653955004380177,0.18083734810352325,0.18083734810352325,480514,21.127384452329345,24.268127484510497,22.657842098998877,20.840588027211055,20.328078119899786,2.11,100.0,-0.76,1.81
RTX,1965-09-15,0.18083723903539736,0.1843672137634403,0.18083723903539736,0.1835525631904602,1372896,21.446353815620594,23.408471137730004,22.72526620337663,20.652434845194612,20.186379931215345,2.13,100.0,-0.8,1.76
RTX,1965-09-16,0.18355254154541095,0.18572476506233213,0.18355254154541095,0.18572476506233215,922891,21.588750936834977,23.468151336195803,22.70598528121287,20.55247252797638,20.151022436919096,2.15,99.0,-0.82,1.75
RTX,1965-09-17,0.18572479146997853,0.18599634166756082,0.18463876843452454,0.18463876843452454,930518,21.71497032194596,23.47601688537329,22.732883349384313,20.50669698136496,20.126718987860258,2.17,100.0,-0.86,1.74
RTX,1965-09-20,0.18572480799635352,0.1900692560345024,0.18572480799635352,0.18952615559101105,1548322,22.357174670337848,23.930223644308995,23.078812059683745,20.560913225995403,20.2580505515681,2.2,100.0,-0.84,1.53
RTX,1965-09-21,0.18952618224804535,0.1914268563127057,0.18844015896320343,0.18844015896320343,922891,22.381679068936865,23.986315185313707,23.10137996229919,20.5756004387043,20.271259642653146,2.22,100.0,-0.85,1.51
RTX,1965-09-22,0.18844007751418676,0.1933274468158931,0.18735387694391484,0.19251297414302826,1067808,22.85108566903733,23.04083105340232,23.319676940605472,20.673395425743184,20.346004083211568,2.25,100.0,-0.81,1.37
RTX,1965-09-23,0.19251304865451957,0.19305614914986063,0.18762549970626566,0.18816860020160675,1151707,24.055829495684247,22.75321862517002,23.6249264905172,20.797042811617253,20.492782511550946,2.27,100.0,-0.84,1.23
RTX,1965-09-24,0.18816848345596468,0.18898295593874403,0.18545316041883894,0.18871158361434937,724584,23.670732075478103,22.679370118650596,23.451073036776464,20.676653234824542,20.440255345846346,2.3,99.0,-0.87,1.35
RTX,1965-09-27,0.18871161872368328,0.19794343435979117,0.1873538680751154,0.1960427612066269,2303414,25.21293397860979,23.76638678659915,24.110952648415807,21.11493273726307,20.75970306117062,2.33,100.0,-0.8,1.22
RTX,1965-09-28,0.1960427594511696,0.20038720597802318,0.1960427594511696,0.19930118322372437,2372059,25.43530726313634,23.789882591390395,24.23068636084766,21.152748453797496,20.769399349969113,2.36,100.0,-0.67,1.14
RTX,1965-09-29,0.1993011399464966,0.20391697759403396,0.1982149396732315,0.19984406232833862,2036462,25.341104110561957,23.758229842520855,24.22018422737453,20.930365816134177,20.764693068179866,2.39,99.0,-0.59,1.14
RTX,1965-09-30,0.19984417050726055,0.20011572072257142,0.19658592343330383,0.19658592343330383,1952563,25.6744841011539,24.133115834509315,24.326223967630547,21.041778112473988,20.844521860456805,2.42,100.0,-0.61,1.09
RTX,1965-10-01,0.19658592343330383,0.1987581474009039,0.19332749860446036,0.19658592343330383,1372896,25.117670129918757,23.392812161998016,24.220991614073125,21.031989686226055,20.829124680109327,2.45,98.0,-0.65,1.14
RTX,1965-10-04,0.1968574160314653,0.19957258163065594,0.1968574160314653,0.19902963936328888,442378,25.251148171487163,23.3023003845408,24.28114460731568,21.06244009660655,20.85176464464674,2.47,99.0,-0.66,1.1
RTX,1965-10-05,0.19902963332183443,0.20011565607736312,0.1965858599283582,0.1974005103111267,1067808,25.209666742037136,23.2599967140934,24.33084228560145,21.096432216628163,20.874877314372558,2.49,100.0,-0.71,1.07
RTX,1965-10-06,0.19740057105644812,0.19821504393502196,0.19631437021183767,0.19794349372386932,427123,25.183296720060493,23.21982247316529,24.31942214270321,21.09116682635841,20.858619226319536,2.51,98.0,-0.75,1.08
RTX,1965-10-07,0.19767192704141145,0.19767192704141145,0.19522833085442223,0.1954997032880783,312715,24.292384912966472,23.43195144224313,24.355649214036422,21.159713606478412,20.855063852562044,2.52,100.0,-0.81,1.06
RTX,1965-10-08,0.19549961867075963,0.19712891909670777,0.19468514621257782,0.19468514621257782,434750,24.307098522896613,23.465808491454805,24.37173069899094,21.160794128196773,20.82446042651192,2.53,100.0,-0.86,1.05
RTX,1965-10-11,0.19495678066589694,0.19767192704141145,0.19495678066589694,0.1954997032880783,747466,24.10454471317425,23.315613861631252,24.362776378217344,21.031155379883877,20.821595497208012,2.54,99.0,-0.91,1.05
RTX,1965-10-12,0.19685750663822008,0.2003873045190152,0.19685750663822008,0.19767197966575623,1388150,23.76609876249476,23.372722935994013,24.372276670868096,20.890097291537078,20.83169992970449,2.54,100.0,-0.94,1.04
RTX,1965-10-13,0.19767197966575623,0.19957267348710883,0.19685750663822008,0.19767197966575623,327970,22.92398916707637,23.37098804079545,24.336855965688954,20.80656201804709,20.75686199517309,2.54,96.0,-0.98,1.05
RTX,1965-10-14,0.19767185046604777,0.19930115096603085,0.1974004781375176,0.1987580507993698,892382,22.921213394375663,23.337561952371328,24.329033887501836,20.746860769433294,20.750362551588207,2.53,94.0,-1.0,1.05
RTX,1965-10-15,0.19957253201055464,0.2009302626016037,0.19957253201055464,0.19984406232833862,503395,22.91627129912907,23.27857502844371,24.302528893296714,20.744793885053557,20.753289725257794,2.51,91.0,-1.03,1.07
RTX,1965-10-18,0.20038718465934752,0.20636077331008576,0.20038718465934752,0.20527473092079163,1075435,23.856438921311454,23.712388199688537,24.62110715272303,20.93544458461186,20.872970122633543,2.49,100.0,-1.01,0.92
RTX,1965-10-19,0.20608934760093686,0.20853312220664671,0.20608934760093686,0.2060893476009369,556786,23.57109267461233,21.552705026245224,24.596167262216266,20.929978729492763,20.869252967265904,2.47,99.0,-0.99,0.93
RTX,1965-10-20,0.2060892232116933,0.20663232340847823,0.2041885502777562,0.20527473092079163,846619,22.868716002950467,21.252462752908265,24.597457089379215,20.93906571459528,20.877805563879956,2.45,99.0,-1.0,0.94
RTX,1965-10-21,0.2052746895034996,0.20581778959070585,0.20255936682224274,0.20255936682224274,648312,23.410395304710562,21.34860806271618,24.71771351017605,21.019688635144995,20.92915529054829,2.41,100.0,-1.02,0.88
RTX,1965-10-22,0.20255953282475758,0.20527485773128992,0.20228798255861233,0.20310263335704803,930518,23.362985086958567,21.2018205452351,24.70333190754853,20.953065907916173,20.928028545578837,2.37,99.0,-1.05,0.88
RTX,1965-10-25,0.20310254195608204,0.20310254195608204,0.20011566812756862,0.20065876841545105,198307,23.224764703947585,21.32047695701021,24.80576088953073,21.020670416273784,20.97017916159363,2.33,100.0,-1.07,0.83
RTX,1965-10-26,0.20174475150257296,0.20500315476375122,0.20174475150257296,0.2044600546360016,305088,22.115940435640592,21.54946558323104,24.923646464289455,21.101022295278078,21.037558747583454,2.28,100.0,-1.08,0.76
RTX,1965-10-27,0.20581784492431301,0.207989910098074,0.20581784492431301,0.20636078715324402,938146,21.935846584079776,21.579289719890003,24.948721320526268,21.10689717343717,21.04593459155663,2.21,100.0,-1.09,0.74
RTX,1965-10-28,0.2069038450717926,0.20853298758949038,0.2069038450717926,0.2069038450717926,640685,21.81081910288641,21.544201964451368,24.87264768667739,21.093938766320612,21.044876842011256,2.14,98.0,-1.09,0.78
RTX,1965-10-29,0.20907619111288805,0.21342065930366513,0.20907619111288805,0.21342065930366516,335597,23.006138145689327,22.29797603227063,24.979310341564005,21.36427267780579,21.219736013320833,2.07,100.0,-1.04,0.74
RTX,1965-11-01,0.21667887791328075,0.21667887791328075,0.21179148763423783,0.2158644050359726,569498,22.203058193760498,22.10784433666156,24.477497562337724,21.388022388011567,21.188921180463325,2.01,90.0,-0.97,0.84
RTX,1965-11-03,0.2162717672419247,0.22278844282441435,0.2162717672419247,0.22197379171848297,1886461,23.00303047561699,22.610112552502585,24.68403505819568,21.524823652836517,21.34471680899147,1.95,93.0,-0.83,0.76
RTX,1965-11-04,0.22319545953865644,0.23011954272785604,0.22319545953865644,0.2268611192703247,1301709,23.027103489812962,22.792722230455258,23.76921377559727,21.64351158994451,21.276888060675358,1.92,73.0,-0.65,0.49
RTX,1965-11-05,0.22849033099370886,0.2313413415312007,0.22849033099370886,0.22971221804618835,849162,21.478605284546546,22.84166411819673,23.318152835405144,21.659194331323402,21.29177079585665,1.89,69.0,-0.46,0.61
RTX,1965-11-08,0.22979410036691753,0.22979410036691753,0.22283068431226874,0.22610770165920258,788144,22.426336348730196,23.073071150324754,23.507546654396865,21.683779369563357,21.370082213211,1.86,71.0,-0.41,0.55
RTX,1965-11-09,0.22610780235830272,0.22610780235830272,0.22201148415801575,0.22365008294582367,472886,20.77235109998518,22.94582037930639,23.624321030433855,21.614734416177885,21.411553311159,1.83,71.0,-0.41,0.5
RTX,1965-11-10,0.22405962646007538,0.22610778540666532,0.22405962646007538,0.22405962646007538,416954,20.46293648179231,22.90267790564798,23.618799845174298,21.555942182324266,21.39338844310404,1.78,70.0,-0.41,0.5
RTX,1965-11-11,0.22405980275655152,0.2285655057073545,0.22405980275655152,0.22733664512634277,223731,20.68818786378831,22.955653916616125,23.044790615485088,21.597208312437093,21.409112775426543,1.74,63.0,-0.4,0.51
RTX,1965-11-12,0.22938457125170997,0.23798640775828983,0.22938457125170997,0.2363479882478714,722042,22.037962004070714,23.864570657829642,23.693716804724204,22.01446466822164,21.686789505267594,1.7,72.0,-0.29,0.39
RTX,1965-11-15,0.24003460521171252,0.24781732261180878,0.24003460521171252,0.24781732261180878,864416,24.97450307879709,25.073744522196396,24.596631391175492,22.61032028927541,22.14340916222324,1.67,90.0,0.03,0.44
RTX,1965-11-16,0.24822695813674128,0.2588769572154126,0.24822695813674128,0.2572385370731354,940688,26.38466195669268,25.897223372258498,25.123148441877742,22.928451111509894,22.389848126272323,1.65,100.0,0.51,0.29
RTX,1965-11-17,0.2572383277726958,0.26010560538104904,0.25027489389359003,0.25355175137519836,1077978,26.78650129243553,26.05161727959924,25.311972950130507,22.924614911843467,22.45463165107175,1.62,100.0,0.65,0.25
RTX,1965-11-18,0.2506846217763091,0.2506846217763091,0.24495004331055362,0.24781732261180878,503395,28.24167387057947,26.713638460204475,24.989747554249526,23.07354880872375,22.594510039465543,1.6,98.0,0.6,0.17
RTX,1965-11-19,0.24781713827191873,0.25600942969322205,0.2441305624400639,0.25600942969322205,777974,28.490936961545867,26.81411920723492,24.883329700896432,23.304753433277146,22.756557079827154,1.59,94.0,0.64,0.17
RTX,1965-11-22,0.25600946897353,0.2568287478994407,0.25027489389359003,0.25355175137519836,859331,28.75351161002782,26.99147668209004,24.96737467118497,23.348292520868586,22.678593978432858,1.59,96.0,0.58,0.17
RTX,1965-11-23,0.2535517944154497,0.2551902135027578,0.24822679830485025,0.2515037953853607,1016960,29.143255353364456,26.975043737572328,25.048755382299166,23.366516641289213,22.596608480282377,1.58,98.0,0.47,0.15
RTX,1965-11-24,0.2515038737987057,0.25314229339683675,0.2478172956260207,0.24945573508739471,666109,29.521429484378892,26.839981411515424,25.063442109116853,23.397846358899887,22.612478006375266,1.57,98.0,0.35,0.15
RTX,1965-11-26,0.2494557535882179,0.2502750329693955,0.2469980346241518,0.24863645434379578,472886,29.611788002590288,26.45114309569317,25.074901155031913,23.40883387151046,22.426137535049048,1.56,98.0,0.22,0.14
RTX,1965-11-29,0.24863658716149395,0.25232316757690554,0.24863658716149395,0.2519136071205139,966112,29.645597677477348,26.48064301994819,25.106763625160404,23.434810713993265,22.443217023935983,1.55,98.0,0.1,0.12
RTX,1965-11-30,0.25232298571641765,0.26665955781936646,0.25232298571641765,0.26665955781936646,915264,32.85119063921735,28.453521618951278,26.062598872738924,24.26607256851113,23.04946328094352,1.56,100.0,0.12,0.58
RTX,1965-12-01,0.26624989113364694,0.26624989113364694,0.25641902104468917,0.2633824348449707,1393235,33.030857735755276,28.713356465956704,26.141917021442655,24.229863240801752,23.089304366851394,1.58,100.0,0.05,0.6
RTX,1965-12-02,0.2633828259741593,0.27321371066219324,0.2592866836105987,0.26829826831817627,1962733,33.13298619024657,28.663332960203096,26.120074234358626,24.142151927887486,23.139806221395144,1.59,99.0,0.01,0.56
RTX,1965-12-03,0.2682980249743577,0.2773096015085189,0.26584030603147746,0.2728039026260376,1123741,32.98180704974143,28.4684780359798,26.172596317285794,24.178822790769733,23.126011791017998,1.6,100.0,-0.0,0.52
RTX,1965-12-06,0.2728038568870939,0.2740325373833319,0.25273254847517496,0.2695268392562866,1667814,32.909724876181954,28.711106301967153,26.31505313291819,24.247360444892436,23.146487414223312,1.61,100.0,-0.08,0.49
RTX,1965-12-07,0.273623136868338,0.2814058571671609,0.273623136868338,0.2801769971847534,920349,33.90379881874737,29.405810862358845,26.853469214125514,24.60637342520554,23.359230117021816,1.63,100.0,-0.07,0.32
RTX,1965-12-08,0.2838633133284403,0.2941037440753082,0.2838633133284403,0.2883690297603607,1733917,33.58247636854535,29.610911080348153,26.996591086518173,24.77863200437489,23.48510041383563,1.64,100.0,0.0,0.21
RTX,1965-12-09,0.28836917484441565,0.2994287312030792,0.2871403153857645,0.2994287312030792,1027130,34.34516915120371,29.459530296482857,27.463940114947878,25.09826685202888,23.705460836444125,1.66,100.0,0.18,0.06
RTX,1965-12-10,0.2994285863573584,0.3072112995742702,0.2981999062622663,0.30598244071006775,1947478,34.424404515671206,29.555415861391754,27.57490671055943,25.185509505078624,23.745978617719093,1.69,100.0,0.34,-0.0
RTX,1965-12-13,0.3059823129191639,0.30844002962112427,0.30393433484688737,0.30844002962112427,1662730,34.31704178662912,29.547816534566913,27.53385233127663,25.052109771182078,23.734084439537973,1.7,99.0,0.43,-0.0
RTX,1965-12-14,0.3084402250409419,0.3084402250409419,0.3043440875321454,0.3080306649208069,737296,34.14700448991197,29.468440252775984,27.501888769552817,24.97888241054513,23.64754660646472,1.71,98.0,0.42,0.0
RTX,1965-12-15,0.3080309367014185,0.3080309367014185,0.30229637488323785,0.3043443560600281,574582,34.864797308012825,29.53302549559753,27.64361794149478,25.04785817139422,23.67935910252791,1.72,100.0,0.32,-0.01
RTX,1965-12-16,0.30352530322098237,0.30352530322098237,0.29901942183598107,0.29983872175216675,813568,35.31441588138641,29.772697501770356,26.885609624415146,25.14442968201001,23.748638555375233,1.74,94.0,0.18,-0.06
RTX,1965-12-17,0.2994287569182912,0.2994287569182912,0.29246533856737456,0.2936941981315613,1230522,36.220464808317224,30.195475980524172,26.997539944974402,25.31010841153025,23.655163174153042,1.75,95.0,0.02,-0.07
RTX,1965-12-20,0.2932844268058606,0.2932844268058606,0.28386327624320984,0.28386327624320984,1505101,38.24171975337027,30.751947993116303,27.662778893358563,25.69105038200149,23.91966395598637,1.78,100.0,-0.14,-0.02
RTX,1965-12-21,0.2838635771319758,0.2863212970967907,0.2801769971847534,0.2801769971847534,1372896,38.10711331228493,31.01261506118919,27.717420291708585,25.74434689713331,23.93076161368059,1.81,100.0,-0.27,-0.03
RTX,1965-12-22,0.2801768843862895,0.28058646448902436,0.26829802851826173,0.27198460698127747,1967818,39.25007623396265,31.18052318076094,28.22695004239948,26.041363828061918,24.149197498857035,1.84,100.0,-0.39,-0.05
RTX,1965-12-23,0.2695268857804659,0.2695268857804659,0.26133460844309697,0.2691173255443573,1840698,39.543354733690435,31.265289564971944,28.303104294289543,26.092310854857047,24.06920373956966,1.88,100.0,-0.5,-0.07
RTX,1965-12-27,0.2728039026260376,0.28017688068547963,0.2728039026260376,0.2728039026260376,1179674,39.52734439458649,31.31086223623371,28.339453586308856,26.033771186312766,24.093978467840675,1.91,100.0,-0.6,-0.09
RTX,1965-12-28,0.27239411795251256,0.27239411795251256,0.265430701294654,0.2695268392562866,838992,38.60169953621383,31.194959934223238,28.43632614509721,26.088094466557937,24.134944392224217,1.94,100.0,-0.69,-0.11
RTX,1965-12-29,0.2695268392562866,0.28099613281035907,0.2588768448022082,0.2695268392562866,1723747,36.39399122562737,31.194959934223238,28.441328960807688,26.07624876757445,23.971363538503272,1.97,100.0,-0.77,-0.11
RTX,1965-12-30,0.26952689081992404,0.27157504957716133,0.2633825933174151,0.26461145281791687,503395,35.37085451480004,31.531285412257244,28.546044503597614,26.145441362354354,23.98994794917348,2.0,100.0,-0.83,-0.13
RTX,1965-12-31,0.2646114478703647,0.27321346421304177,0.26297302815673085,0.2691173255443573,732211,35.35242484255525,31.510090097887723,28.596798956316334,26.04533712947925,23.9984358576351,2.02,100.0,-0.9,-0.16
RTX,1966-01-03,0.2703462608203954,0.2769001202816732,0.2703462608203954,0.2752615213394165,513565,35.02757496398262,31.706480965709304,28.69040082922259,26.150352236514014,23.98022393218526,2.04,100.0,-0.97,-0.21
RTX,1966-01-04,0.2756710879836603,0.28468250254500604,0.2756710879836603,0.27730950713157654,762720,33.95948081830279,31.487526673638722,28.68943797168918,26.150207123702394,23.979981764661957,2.06,99.0,-1.04,-0.21
RTX,1966-01-05,0.27730955975298954,0.28017683849821345,0.27608070046658334,0.27894797921180725,716957,33.76808189414244,31.418464548366366,28.622870128983134,26.145164281679488,23.965664321931094,2.08,98.0,-1.1,-0.18
RTX,1966-01-06,0.2789479395598768,0.28468251609840656,0.27444224199631173,0.27771908044815063,1555949,33.677581156248046,31.488950719015037,28.51002075431849,26.157342751136518,23.932680770638864,2.09,95.0,-1.16,-0.11
RTX,1966-01-07,0.2764903811614842,0.2764903811614842,0.27157512064246314,0.2752615213394165,1169504,33.69929577729237,31.613216580945604,28.568687111642927,26.18171660360587,23.87771774709767,2.11,96.0,-1.21,-0.11
RTX,1966-01-10,0.2752614427997192,0.27608074203707883,0.27116530415131834,0.2728039026260376,477971,33.83543179640077,31.73328616269353,28.61192415264452,26.205882260621067,23.901891395478554,2.12,97.0,-1.25,-0.12
RTX,1966-01-11,0.2728038568870939,0.27321341705250657,0.26829797999087995,0.2695268392562866,396614,33.97532821389584,31.934207904647856,28.633691326250464,26.212359357393446,23.924854949280796,2.13,98.0,-1.28,-0.13
RTX,1966-01-12,0.2695269099157166,0.27075576950328223,0.2670691907405853,0.2670691907405853,900010,29.89368650133174,32.06700112576757,28.546844706457797,26.249573870813688,23.80856718910452,2.13,93.0,-1.31,-0.11
RTX,1966-01-13,0.2719845856566706,0.2801768624193776,0.2719845856566706,0.2769000232219696,1581373,31.41093386255724,32.39574514181993,28.99642645047314,26.5470653484284,24.03971307287098,2.15,100.0,-1.34,-0.23
RTX,1966-01-14,0.27690001614075116,0.28140571461425884,0.2752614178147644,0.27853843569755554,950858,31.034621024320337,32.395554544379536,28.91509266826234,26.544270532404663,24.036361382247424,2.15,99.0,-1.37,-0.21
RTX,1966-01-17,0.27853857679796784,0.2818154374347916,0.27853857679796784,0.2801769971847534,879670,30.725235402365968,32.341743456528995,28.911593701365508,26.54661222915941,24.036348340360483,2.16,98.0,-1.4,-0.21
RTX,1966-01-18,0.2801768408822461,0.299838430726116,0.2801768408822461,0.29820001125335693,1423744,35.235490486235,34.15899782839122,30.067511584535772,27.452486070131293,24.759456934817912,2.19,100.0,-1.42,0.19
RTX,1966-01-19,0.2977901616906007,0.2977901616906007,0.28591131207958387,0.2883690297603607,1103402,35.155223236798626,35.12165977218789,30.675478900569793,27.728766359310715,25.024108728813253,2.24,100.0,-1.44,0.15
RTX,1966-01-20,0.2883691557189739,0.29123643467592847,0.28591143696467436,0.28795957565307617,427123,34.15101880155429,34.95632079854853,30.615901340896624,27.7098125905302,25.027806155281134,2.28,99.0,-1.46,0.16
RTX,1966-01-21,0.28795962588791224,0.28918848547943776,0.28591148684221057,0.2867307662963867,650854,32.239195658076675,34.916401669820765,30.513295403115094,27.722313861237986,25.028853700715896,2.31,98.0,-1.47,0.19
RTX,1966-01-24,0.2875499457506551,0.29451338121707665,0.2875499457506551,0.29410380125045776,915264,32.489111991507855,35.143649662878474,30.467722537471847,27.8409540073357,25.04206626000862,2.34,97.0,-1.48,0.15
RTX,1966-01-25,0.29492313450056273,0.30393471406168526,0.29492313450056273,0.302705854177475,1591542,33.55178228227527,35.4481823655785,30.694547072298484,27.96817643725752,25.064136943457328,2.37,100.0,-1.49,0.05
RTX,1966-01-26,0.30557291388976054,0.3137651880287523,0.30557291388976054,0.3125363290309906,2084768,34.85302219345312,35.47688731319813,30.977352327677515,28.10912084836732,25.184026108732986,2.4,100.0,-1.47,-0.05
RTX,1966-01-27,0.31253644234079647,0.31458460100266733,0.3063923238935729,0.3104884624481201,996621,34.71810171460559,35.55900407679092,31.035435052611327,28.133368048178664,25.17242426159838,2.43,100.0,-1.46,-0.07
RTX,1966-01-28,0.3096691119572176,0.3096691119572176,0.300247976964709,0.3014768362045288,742381,35.53126168689608,35.99404415717409,31.461512619101654,28.400924759702058,25.379295495436878,2.46,100.0,-1.47,-0.11
RTX,1966-01-31,0.3014768362045288,0.307211393477578,0.2981999974111193,0.3014768362045288,1245776,34.975999682022916,35.83946300410457,31.301269110353168,28.393275716912868,25.371236448607192,2.49,99.0,-1.47,-0.03
RTX,1966-02-01,0.301477021914703,0.301477021914703,0.2936943015247349,0.29697132110595703,1301709,33.739807448144845,36.02916849640286,31.459225937562284,28.43477042322611,25.431672001506467,2.51,99.0,-1.48,-0.07
RTX,1966-02-02,0.29697132110595703,0.29697132110595703,0.29082702112196246,0.29697132110595703,864416,33.46064314731434,35.797433338911524,31.4523927105384,28.43477042322611,25.43207745925716,2.54,98.0,-1.48,-0.07
RTX,1966-02-03,0.2969711982480168,0.3018864574324788,0.29574233875960104,0.2977903187274933,798314,32.08992968126412,35.65437773227905,31.351854985277587,28.42439334390687,25.431975357885594,2.56,97.0,-1.47,-0.01
RTX,1966-02-04,0.2977905613463758,0.30434442436782133,0.29164641780443584,0.29983872175216675,991536,31.843992363167363,35.65153992422786,30.98342322954803,28.403606346489536,25.390291026604395,2.57,94.0,-1.47,0.04
RTX,1966-02-07,0.2998384256972545,0.30639228224754333,0.29574228769947025,0.30639228224754333,1398320,32.14609337807341,35.76329774430433,31.056043021008378,28.461030000011522,25.454972045883068,2.59,95.0,-1.47,0.01
RTX,1966-02-08,0.30639227252346063,0.31663254767157795,0.28754998271458254,0.3051634132862091,2766131,31.882108781513697,35.10092208474013,31.071198311421373,28.46355097144329,25.46113983277221,2.6,95.0,-1.46,0.02
RTX,1966-02-09,0.3064800966641013,0.3105939080681257,0.3048346080105909,0.3081255853176117,767805,31.896052187249026,33.9538491516123,31.031165139656608,28.462850290745813,25.465091571423137,2.61,92.0,-1.45,0.02
RTX,1966-02-10,0.3068913390285916,0.3068913390285916,0.3027775287628174,0.3027775287628174,605091,31.8412255255438,33.48666266473314,31.052440233130902,28.57027178689987,25.539607963594406,2.62,93.0,-1.43,0.06
RTX,1966-02-11,0.30277734521037303,0.3052456657815592,0.2961952168673227,0.3023660182952881,579667,31.662704409243613,33.307335375347265,31.02272547094902,28.55881426210732,25.543540654215942,2.63,90.0,-1.42,0.07
RTX,1966-02-14,0.30236612729793216,0.30236612729793216,0.29578399658203125,0.29578399658203125,691533,32.01040078577487,33.279092760292045,31.194022103555408,28.71056331226869,25.665433096451135,2.64,95.0,-1.39,0.08
RTX,1966-02-15,0.2957839797199439,0.29701814038009333,0.2867335081100464,0.2867335081100464,874586,33.39988137735773,33.41723198413082,31.40341328239255,28.99380357369739,25.8500309605415,2.66,97.0,-1.37,0.07
RTX,1966-02-16,0.28673366464180955,0.2937271457891624,0.28508817604344683,0.29043614864349365,783059,33.54636318564276,33.403318799012204,31.43238400298846,29.00694684357184,25.868991869224494,2.67,97.0,-1.34,0.05
RTX,1966-02-17,0.2904359113543489,0.29249274548566817,0.28837893758053973,0.28961309790611267,793229,33.525935415042,33.35082191309655,30.980420293871457,29.0150498168042,25.86666924667566,2.68,85.0,-1.31,0.18
RTX,1966-02-18,0.289613289353358,0.293727099977898,0.2892019422041025,0.29084745049476624,640685,33.391647037001476,33.28043870929488,30.91474926496555,28.99959032164855,25.81693784448511,2.69,83.0,-1.26,0.22
RTX,1966-02-21,0.2908473370793461,0.291258664119265,0.28426520673868005,0.2867335081100464,1027130,33.57455349872028,33.438038886917035,31.046586171638513,29.072215192379936,25.79920084821522,2.7,89.0,-1.21,0.2
RTX,1966-02-23,0.283031107748315,0.283031107748315,0.2715124918487147,0.2756263017654419,1886461,35.438995758572474,34.44054988665249,31.636169802505943,29.466821295414817,26.106222781342588,2.72,100.0,-1.16,0.2
RTX,1966-02-24,0.27562613292550714,0.27644878668066153,0.26657568483655547,0.27110081911087036,1403405,35.68259195816509,32.63748278197477,31.789969462097396,29.411869416697407,26.1724514180319,2.74,100.0,-1.1,0.16
RTX,1966-02-25,0.27110094026408516,0.2797400653362274,0.2702782861412921,0.2797400653362274,889840,35.292473660597636,33.140849634233845,32.07121919901136,29.35315847709588,26.326869038589408,2.76,100.0,-1.03,0.07
RTX,1966-02-28,0.2801513887225406,0.2842652178526799,0.2801513887225406,0.2822083830833435,823738,35.34184239995232,32.98138918912675,32.02792020765937,29.314293045133237,26.31426157893053,2.78,99.0,-0.96,0.07
RTX,1966-03-01,0.28220845559983626,0.28467677765090166,0.27480348944664,0.27480348944664,1311878,36.15110275806617,33.2851901518927,32.383804847295195,29.048261191201608,26.44979586162513,2.8,100.0,-0.88,0.01
RTX,1966-03-02,0.2748034100865931,0.2768604043819267,0.26328481656198566,0.2673986256122589,1215267,31.633239406118026,33.66791241466566,32.65281630611001,29.043017546401117,26.5614649545799,2.83,100.0,-0.81,-0.03
RTX,1966-03-03,0.2673985221203042,0.2739806499613219,0.2604048878552497,0.27151232957839966,1332218,30.776288138782306,32.84325827438821,32.68791240240592,29.06521977332478,26.554556931066823,2.85,100.0,-0.74,-0.05
RTX,1966-03-04,0.2715123377075238,0.27192366460355116,0.2632847225449967,0.2641073763370514,1332218,31.659145969062504,32.727165668845814,33.05526585513818,29.292851392290792,26.706935930118412,2.88,100.0,-0.67,-0.11
RTX,1966-03-07,0.2636961545316948,0.2636961545316948,0.2575253509303878,0.25999367237091064,874586,31.875196296798237,31.81818543862806,33.16216952833504,29.37413348516155,26.763172730819445,2.9,100.0,-0.6,-0.12
RTX,1966-03-08,0.2599939628526413,0.2628736145704468,0.2567029636663656,0.25917112827301025,2013581,30.697396805471993,31.42251750903158,33.17264840457014,29.118862168798028,26.754554878735842,2.92,100.0,-0.53,-0.12
RTX,1966-03-09,0.25917104106381234,0.2661646837858603,0.2562913903149887,0.26246219873428345,838992,29.51798658045734,31.504265914109265,33.20716703679699,29.139608757367792,26.77011938560704,2.94,100.0,-0.46,-0.14
RTX,1966-03-10,0.262462232755777,0.2686330419749588,0.25834841978984413,0.2628735601902008,798314,27.476839552465538,31.515192618745314,33.2049440370508,29.122741974975686,26.77016784541698,2.96,99.0,-0.38,-0.13
RTX,1966-03-11,0.2628733208713867,0.2645188086516014,0.2583481845906959,0.25999367237091064,528819,27.51828586272503,31.50285091987839,33.049561906105424,29.170689582583627,26.798343965462173,2.98,95.0,-0.29,-0.06
RTX,1966-03-14,0.2579369119975709,0.2579369119975709,0.2558799369724899,0.2567027509212494,661024,26.68989091386873,31.46972324960775,33.135218404770605,29.22173092171519,26.819902982581524,2.99,96.0,-0.2,-0.07
RTX,1966-03-15,0.256702678268913,0.2579368389959407,0.2550570308882081,0.2554685175418854,650854,26.642308091690335,31.246718867353007,33.1395616827199,28.93052552579724,26.767708379798055,3.0,96.0,-0.13,-0.07
RTX,1966-03-16,0.2554683904547193,0.25834805748737644,0.25341141703508296,0.2538227438926697,1062723,26.490959995581253,30.554315215315064,33.07574646972349,28.683744063173993,26.690594192426765,3.01,94.0,-0.08,-0.06
RTX,1966-03-17,0.25382294199846966,0.2567027509212494,0.25217745374352546,0.2567027509212494,1001706,26.883558289662574,30.5804181540535,33.106731128126135,28.679108691776438,26.699669257881713,3.02,94.0,-0.05,-0.08
RTX,1966-03-18,0.2567027484529072,0.2669872045516968,0.2567027484529072,0.2669872045516968,1077978,29.71740830991716,31.123304846357712,33.53810158999364,29.001142956122067,26.95376828278081,3.03,100.0,-0.06,-0.18
RTX,1966-03-21,0.26739869868319566,0.2772718071937561,0.26739869868319566,0.2772718071937561,991536,31.937205957088345,32.007714119895546,33.90200487739385,29.265836101709787,27.185468920192534,3.05,100.0,-0.05,-0.25
RTX,1966-03-22,0.2772717045616206,0.28508799486198383,0.2760375440120697,0.2760375440120697,1194928,31.10141105155969,31.905683834687487,33.90799412302051,29.274140997822627,27.190967958646624,3.07,100.0,-0.07,-0.24
RTX,1966-03-23,0.2764489609179336,0.2797401166338311,0.2764489609179336,0.2789172828197479,574582,31.358493759142895,31.868462248257185,33.928673330749255,29.282864582951994,27.198274276160156,3.08,100.0,-0.15,-0.25
RTX,1966-03-24,0.2789172316730322,0.2797400653362274,0.2772717438870439,0.2797400653362274,335597,31.182871875840306,31.871926082588942,33.62979795222682,29.072649649489783,27.196753440285253,3.09,97.0,-0.17,-0.16
RTX,1966-03-25,0.27973990255633363,0.2805625761493487,0.27850574254989624,0.27850574254989624,600006,30.89113196599006,31.643422669593384,33.61957062566709,29.04053479736241,27.126977449825144,3.09,96.0,-0.21,-0.14
RTX,1966-03-28,0.27974009327020505,0.2842652499675751,0.27974009327020505,0.2842652499675751,472886,31.617972143593732,31.729392471415018,33.49723632022178,29.071768501151585,27.14159708965819,3.08,94.0,-0.2,-0.11
RTX,1966-03-29,0.2846768043792474,0.2933157727775828,0.2846768043792474,0.29084745049476624,1250861,31.83325092829336,31.73869901567825,33.51401686718469,29.15406268997247,27.215366851707483,3.06,94.0,-0.16,-0.11
RTX,1966-03-30,0.28796771659714476,0.28796771659714476,0.2813855851632892,0.281796932220459,1555949,31.878245046287184,32.39841701208013,33.907811257903035,29.441404169848173,27.430383742447052,3.03,98.0,-0.09,-0.14
RTX,1966-03-31,0.28179689643587635,0.2822083830833435,0.2768604131937357,0.2822083830833435,523734,31.63200604146363,32.37828520547794,33.78688233744128,29.438935642241127,27.429361051051643,3.0,96.0,-0.09,-0.12
RTX,1966-04-01,0.28220838490204125,0.2912586773837127,0.2813855512443374,0.2879676818847656,777974,32.21254772829813,32.620768131416035,33.839960920545956,29.468405144008646,27.472745895569652,2.97,96.0,-0.22,-0.16
RTX,1966-04-04,0.28796781493123486,0.2941386213640386,0.2875564876825426,0.2912588119506836,686448,32.36335187666696,32.63309714567274,33.868789838296586,29.48431241046943,27.468039776082897,2.93,96.0,-0.48,-0.18
RTX,1966-04-05,0.29125874826824105,0.2978408805105829,0.2887905858263137,0.29660671949386597,1200013,32.48392211310051,32.75535900916222,33.90665289952161,29.534876188518115,27.510524306856883,2.88,97.0,-0.8,-0.19
RTX,1966-04-06,0.2966066530426822,0.2994864811301269,0.2920815166888196,0.29413849115371704,854246,30.277430316786138,32.69868257274151,33.448478322229626,29.556821163712915,27.531520914236214,2.83,87.0,-0.94,-0.08
RTX,1966-04-07,0.2941386762119946,0.29455002348633336,0.2879678686285221,0.2887907028198242,655939,30.378082905372807,32.87982086954212,32.809036318814954,29.651532182213053,27.548114876244732,2.79,76.0,-0.93,-0.02
RTX,1966-04-11,0.28879059406405566,0.28920192123454613,0.2850881109082918,0.28591078519821167,823738,29.261546345142055,32.14315773942299,32.35226793670369,29.67574706106479,27.56950107286632,2.76,72.0,-0.89,0.1
RTX,1966-04-12,0.2859108434820812,0.2896133273926086,0.28015152381041986,0.28385400772094727,1123741,29.246237561063666,32.16205837737224,32.28451659703038,29.143641534744773,27.574857534153736,2.72,71.0,-0.85,0.12
RTX,1966-04-13,0.2838539456832279,0.3040116897965944,0.2805628096952788,0.3027775287628174,4016992,33.59648304573958,34.7390518701658,33.58605737671344,29.96369024771715,28.22982456505746,2.69,90.0,-0.88,0.36
RTX,1966-04-14,0.31018260387346985,0.3192328819115415,0.31018260387346985,0.3163532316684723,4281402,34.29883708431854,33.53749010730762,33.89513511817538,30.31249131774878,28.428876949411976,2.66,95.0,-0.82,0.33
RTX,1966-04-15,0.31635290596532706,0.32828302145319743,0.31635290596532706,0.3192325532436371,2039005,34.19390101463813,32.79322157690333,33.85995467851188,30.28196761585465,28.436078671887582,2.62,93.0,-0.75,0.32
RTX,1966-04-18,0.3192328090604809,0.3221124785953358,0.3142963438591153,0.3151189982891083,930518,33.21145139501394,32.92522582838745,33.90675336199406,30.32468656549413,28.475792118468206,2.58,97.0,-0.75,0.31
RTX,1966-04-19,0.3151189982891083,0.3151189982891083,0.30648004953136665,0.3151189982891083,777974,32.631453453035164,32.90482660243006,33.86754282936445,30.317654018225248,28.47147839497949,2.54,92.0,-0.78,0.32
RTX,1966-04-20,0.31676450188506045,0.32334663492857735,0.31676450188506045,0.3204669654369354,864416,32.63608649012843,32.686237964606306,33.93298807624433,30.35789956933353,28.505909317204114,2.5,100.0,-0.79,0.27
RTX,1966-04-21,0.32046697024593956,0.3258149621517119,0.3151189982891083,0.3151189982891083,1205098,33.31052665199307,32.38958508986303,34.02837562899011,30.442506011440802,28.563291119424676,2.46,100.0,-0.83,0.27
RTX,1966-04-22,0.30689132635442506,0.30689132635442506,0.2994865399980172,0.3044230043888092,1581373,35.319419397611505,32.51230058870534,33.37967168794738,30.76940413823429,28.7936542459076,2.42,79.0,-0.85,0.25
RTX,1966-04-25,0.3044228215403347,0.3048343279810633,0.29784069343232733,0.29866352677345276,711872,35.7113819106514,32.71399823078836,33.4669902278178,30.826527028304696,28.841597802976622,2.38,80.0,-0.84,0.23
RTX,1966-04-26,0.29866357773851,0.300720392131808,0.29619525683426234,0.29784074425697327,589837,35.40562782800853,32.16280673915224,33.35826344045128,30.819928402819784,28.846002923624255,2.34,77.0,-0.83,0.29
RTX,1966-04-27,0.2978407067209053,0.2986635400987425,0.2937268989123989,0.29537254571914673,767805,35.50404552645594,32.20575673038655,33.2963346153625,30.829728801162037,28.865524186714893,2.3,76.0,-0.83,0.34
RTX,1966-04-28,0.2953727589634641,0.29578410612811146,0.28796779183793386,0.29290443658828735,915264,35.561723194051226,32.104461722625636,33.265108628575334,30.853647059521688,28.882641325686247,2.26,75.0,-0.8,0.34
RTX,1966-04-29,0.293315785258456,0.29619543486411953,0.293315785258456,0.29496127367019653,457632,35.51522580121843,32.1386134106321,32.72114453508583,30.81249628556053,28.886389097514094,2.22,63.0,-0.81,0.49
RTX,1966-05-02,0.29496127367019653,0.2974295960580426,0.293315785258456,0.29496127367019653,681363,33.97629536838556,32.13307463281718,32.404856996500406,30.72423787148676,28.88204642920517,2.18,60.0,-0.82,0.63
RTX,1966-05-03,0.2949611690113036,0.29537265567464566,0.29167017340660095,0.29167017340660095,600006,32.5963077673428,32.17804316130612,31.8932534262669,30.754396835013026,28.86344509940476,2.15,54.0,-0.8,0.81
RTX,1966-05-04,0.2908474294058968,0.2908474294058968,0.2842652969757999,0.28591078519821167,920349,33.154178679598964,32.08712414398306,31.849261048513185,30.85875106362879,28.928666521307733,2.11,53.0,-0.76,0.88
RTX,1966-05-05,0.28591077908492685,0.28632226583813,0.27480348944664,0.27480348944664,1220352,35.060056786467875,33.03850597576481,32.411240752968304,31.221862414491884,29.22692456787564,2.08,60.0,-0.72,0.82
RTX,1966-05-06,0.27480348944664,0.27644897763386833,0.2665758689700526,0.27480348944664,1606797,35.045327028995935,32.95526544102109,32.41174560319611,31.15356208420087,29.22324280431832,2.04,60.0,-0.68,0.81
RTX,1966-05-09,0.2743921449659612,0.2743921449659612,0.26822134022778427,0.2731579840183258,910179,35.06336392216383,32.80664933279574,32.374235562423934,31.169429489444028,29.21193284335702,2.01,56.0,-0.65,0.82
RTX,1966-05-10,0.27315793465187216,0.2838538745713992,0.2727466075904756,0.2797400653362274,1169504,35.25108990290406,33.22123655691347,32.53627761665191,31.241540526664142,29.25691826894472,1.95,60.0,-0.62,0.72
RTX,1966-05-11,0.28015127778053284,0.284676591766081,0.28015127778053284,0.28015127778053284,940688,34.55390031585232,32.94329974392268,32.37915086584687,31.23588877466577,29.25694046617175,1.9,55.0,-0.6,0.75
RTX,1966-05-12,0.28015145612428527,0.2826197781349433,0.27439215779304504,0.27439215779304504,864416,33.86204417396347,32.6061652162035,32.09610908988776,31.183826236660234,29.345407112373874,1.85,51.0,-0.62,0.8
RTX,1966-05-13,0.2715127232230227,0.2715127232230227,0.26493058583908946,0.2690443992614746,920349,34.286425597067236,32.70913230434825,32.179906027647235,31.285279582741953,29.420581615118234,1.81,51.0,-0.64,0.78
RTX,1966-05-16,0.27036695082631135,0.274087637216553,0.2682998426906795,0.26954007148742676,742381,33.67980655746177,32.71363771799616,31.837293687686063,31.258137199082576,29.3976614604283,1.78,45.0,-0.65,0.85
RTX,1966-05-17,0.2695403293288203,0.27160743944184285,0.2649929396728353,0.26747339963912964,1398320,33.464918912097296,32.72027164735915,31.81624510889469,31.22514939491018,29.412773423344156,1.74,44.0,-0.66,0.86
RTX,1966-05-18,0.2674733824763095,0.274087881820888,0.26664650239949206,0.27119389176368713,1194928,33.24902741773138,32.754925600686825,31.818537822204306,31.160559581383396,29.43234102231339,1.7,44.0,-0.66,0.86
RTX,1966-05-19,0.2711939135888503,0.2745012537389681,0.2641660638519355,0.2645795941352844,818653,33.810654399023704,32.144664632011924,32.00222752501143,31.32443320718182,29.540726089350166,1.67,47.0,-0.67,0.81
RTX,1966-05-20,0.26457973772609233,0.26747354916336963,0.2596188150202269,0.265819787979126,961027,33.59161489816658,31.990980999780387,32.01152570533257,31.325676117972385,29.529797634031667,1.63,47.0,-0.68,0.8
RTX,1966-05-23,0.26705961389393235,0.2728474084198058,0.26705961389393235,0.26954007148742676,457632,33.85678422931166,31.447334783388065,31.952995449875377,31.355945383397327,29.54929973485816,1.6,45.0,-0.67,0.78
RTX,1966-05-24,0.27036719211019,0.27574146155120255,0.27036719211019,0.27119389176368713,396614,33.897552972969734,31.417997981597996,31.855312235007805,31.336833376762957,29.541599732827034,1.56,43.0,-0.66,0.83
RTX,1966-05-25,0.27036695082631135,0.27036695082631135,0.2678864932328169,0.26954007148742676,315258,27.51762674932526,30.97343185428129,31.664563855180134,31.22887313933908,29.55267868621866,1.52,37.0,-0.68,0.95
RTX,1966-05-26,0.26954007148742676,0.2745009866744157,0.26954007148742676,0.26954007148742676,854246,23.556952450022074,30.458250128785437,31.64099729296957,31.229843582301132,29.545286157616157,1.49,36.0,-0.7,0.97
RTX,1966-05-27,0.2695403120333726,0.27119389176368713,0.26292581268879406,0.27119389176368713,935603,23.415639278184567,30.321479242838723,31.64213979183491,31.230209326770385,29.541630905081362,1.45,36.0,-0.72,0.97
RTX,1966-05-31,0.27119364974203664,0.2745009866744157,0.26954007148742676,0.26954007148742676,549158,23.308045275853303,29.799961069025805,31.64895064098441,31.167921292190293,29.552038449144913,1.4,36.0,-0.74,0.97
RTX,1966-06-01,0.26954026560394617,0.2703671455383301,0.2678866861584675,0.2703671455383301,538989,23.384319400467255,29.61618031606647,31.623243127166027,30.9985758827963,29.547625713732156,1.35,32.0,-0.75,0.96
RTX,1966-06-02,0.2703671662401116,0.2716073960250062,0.26830005645751953,0.26830005645751953,1855952,22.446667872380655,29.655382300377376,31.61475751147015,30.983781345489447,29.56332182308983,1.31,31.0,-0.76,0.97
RTX,1966-06-03,0.2683000037490656,0.2687135338783264,0.26499284525458455,0.2687135338783264,655939,22.301977783354538,29.549970743522397,31.557942702131292,30.962533889059983,29.555377780699292,1.26,30.0,-0.76,0.98
RTX,1966-06-06,0.2687136296222768,0.2687136296222768,0.2649929396728353,0.26747339963912964,411869,20.509147324131767,29.566707006929384,31.53274935817627,30.958421581539415,29.562679320378187,1.21,29.0,-0.76,0.98
RTX,1966-06-07,0.264165986554593,0.264165986554593,0.25796499872846884,0.2620990574359894,930518,20.586931555193413,29.77871723363884,31.15720676158184,30.937641142324456,29.622720011220498,1.17,20.0,-0.79,1.15
RTX,1966-06-08,0.26209911291196053,0.2662331524474617,0.26209911291196053,0.26499292254447937,477971,21.05909705915236,29.737489123008444,31.19439488329871,30.94349765236136,29.541191309833902,1.12,21.0,-0.82,1.12
RTX,1966-06-09,0.26499283900333825,0.2658195383958227,0.2620990302831161,0.26375260949134827,569498,21.01903932211587,29.736516606784157,31.184587604850815,30.866004179403518,29.382565512297592,1.08,19.0,-0.85,1.14
RTX,1966-06-10,0.2641659654193305,0.27078046283156015,0.2641659654193305,0.2687135338783264,1372896,21.942346239367406,29.928561580195662,29.674132855933678,30.791034192321177,29.401422391607863,1.08,1.0,-0.83,0.79
RTX,1966-06-13,0.27036719211019,0.2761548113779511,0.27036719211019,0.27119389176368713,462717,22.036955516326856,29.900741966126382,29.25570638497937,30.80267511552364,29.08221882061331,1.11,1.0,-0.84,0.87
RTX,1966-06-14,0.27119391128003645,0.2769817113876343,0.26788675158140907,0.2769817113876343,798314,23.094681989275493,29.126954580746556,29.45796354626305,30.587160082752852,28.967163732594052,1.14,2.0,-0.83,0.76
RTX,1966-06-15,0.2815291094015297,0.28649002951945673,0.2815291094015297,0.285249799489975,818653,24.650088172647745,28.717603105425205,29.827946635125297,30.71183523330233,29.081713218367174,1.15,4.0,-0.83,0.6
RTX,1966-06-16,0.2852497306394785,0.28773019009973555,0.28111569168014844,0.2873166799545288,564413,24.06154821543167,28.73165554713587,29.571829921580097,30.717951256375287,29.08543963248106,1.17,3.0,-0.81,0.71
RTX,1966-06-17,0.2889704192671997,0.2951714075295059,0.2889704192671997,0.28938376903533936,1011875,20.9600123432921,28.69282416736116,29.22788261877023,30.64519359330506,29.088174794088562,1.2,1.0,-0.76,0.85
RTX,1966-06-20,0.2914509674543333,0.29434477755891536,0.2914509674543333,0.29351791739463806,508480,21.259721876963518,28.82398909823151,28.860080828532368,30.677140266127402,28.925844210947087,1.24,1.0,-0.72,0.97
RTX,1966-06-21,0.29351793413720156,0.2984788548413751,0.29227770396115815,0.29599839448928833,1149165,21.186992845093393,28.84468455664123,28.879555540892078,30.66237095781955,28.93028262973228,1.28,2.0,-0.69,0.94
RTX,1966-06-22,0.29765197251456826,0.31170785427093506,0.29765197251456826,0.31170785427093506,935603,24.834739544471212,30.412734257261942,29.67008992592499,31.190955610674177,29.331102110984613,1.3,7.0,-0.7,1.0
RTX,1966-06-23,0.3117078601112805,0.3121212100337141,0.2993055582046509,0.2993055582046509,1189843,27.947601480153356,31.279764400103133,30.373435580575574,31.60581808547733,29.651929240013768,1.31,10.0,-0.69,0.89
RTX,1966-06-24,0.29930539743638934,0.30219920618577467,0.2914508309652848,0.3017858564853668,925434,27.128121919197707,30.592336716879114,30.30602801905271,31.56490532460315,29.650569405347298,1.32,10.0,-0.71,0.9
RTX,1966-06-27,0.301786042112743,0.3050933830201334,0.29103749990463257,0.29103749990463257,849162,28.721146132652116,31.537946490587842,30.852796520519473,31.885924342734846,29.69720818925788,1.32,12.0,-0.68,0.78
RTX,1966-06-28,0.2910373241247011,0.29227755366298,0.28152899789971125,0.2902106046676636,986451,28.764260748168706,31.275998530432847,30.851945447508054,31.890726029452455,29.51238043082938,1.33,12.0,-0.65,0.79
RTX,1966-06-29,0.2902107141787088,0.2926910138149705,0.28442293405532837,0.28442293405532837,1072893,29.366255483734793,31.458642103987323,30.99090083377398,31.982244027862766,29.58301838748184,1.33,16.0,-0.6,0.75
RTX,1966-06-30,0.28442293937624524,0.28731674930392315,0.27987552950333355,0.285249799489975,462717,29.15589331387338,31.227915943334967,30.792182870869546,31.981505430199768,29.582976264144058,1.33,12.0,-0.52,0.85
RTX,1966-07-01,0.2852497626037828,0.2869033623351865,0.2778083833891512,0.27863526344299316,620346,29.06120759728461,31.53900569202539,30.9992725134295,32.12068173674915,29.68127574967916,1.33,18.0,-0.43,0.79
RTX,1966-07-05,0.2765681404884162,0.2765681404884162,0.2608588635921478,0.2608588635921478,2608502,35.02909490658181,34.06868931378124,32.62286172164436,33.10403388406043,30.45440019703011,1.33,60.0,-0.37,1.13
RTX,1966-07-06,0.2608587730530736,0.2645794611936946,0.2546576261520386,0.2546576261520386,5562771,35.3869584674233,34.335641007005826,32.720267083363964,33.1032279892915,30.562535758965392,1.32,62.0,-0.32,1.09
RTX,1966-07-07,0.25465754447778555,0.2596184604075391,0.24266876454931793,0.2443225234746933,4525472,37.09381761555061,35.264059249003765,33.3215007794892,33.48339576964936,30.713086056964773,1.32,76.0,-0.19,0.94
RTX,1966-07-08,0.2463896389213666,0.2579650580883026,0.2463896389213666,0.2579650580883026,4078010,40.68415393174277,34.489071613755726,34.350289180392664,34.06849392766812,31.124936488045375,1.34,100.0,-0.18,0.92
RTX,1966-07-11,0.2579649838767151,0.26209904234622655,0.2513504863160908,0.25259071588516235,1662730,41.074086454770544,33.29348706090992,34.165999491955276,34.127379476886645,31.18655154138909,1.35,99.0,-0.21,0.97
RTX,1966-07-12,0.25259087999214574,0.25341760000682495,0.2468030981487931,0.24804332852363586,1027130,41.251226902271014,33.313562557111645,34.1947493939915,34.20393534222112,31.23924826117846,1.36,99.0,-0.21,0.97
RTX,1966-07-13,0.2480431586141656,0.2492833881394516,0.24225552106464487,0.24597620964050293,1093232,41.27128990453509,33.27518524084059,34.21120467644663,34.1864606199186,31.251426302076425,1.37,99.0,-0.21,0.97
RTX,1966-07-14,0.24597625727784966,0.2501102963550059,0.24473602751237275,0.24556274712085724,1149165,41.23310716203676,33.26805526840527,34.19818282933139,34.12351573694469,31.249181356305616,1.37,98.0,-0.21,0.98
RTX,1966-07-15,0.24680297661681225,0.24969678592533145,0.24680297661681225,0.24845671653747559,1001706,41.433070447553355,33.14658393456815,34.20393891305018,34.133126435349006,31.24401685164806,1.38,98.0,-0.24,0.96
RTX,1966-07-18,0.24845671653747559,0.25217724545357645,0.24638960678950475,0.24845671653747559,991536,41.42222761102168,33.05292687317575,33.65507257901229,34.13281205764432,31.244038694494673,1.38,80.0,-0.29,1.1
RTX,1966-07-19,0.24845661108783781,0.24928333034454433,0.24184211529426697,0.24308234453201294,1571203,41.7948283747275,32.65211387941191,33.72792057419247,34.051987080483705,31.328539088042085,1.39,80.0,-0.32,1.07
RTX,1966-07-20,0.24308243723144907,0.2447360167046281,0.23770816862614805,0.2393617480993271,1225437,41.64505980868432,32.586922134409654,33.39794816456453,34.0815459507765,31.37085809967319,1.39,70.0,-0.34,1.2
RTX,1966-07-21,0.23936155466999454,0.23977490409843638,0.23150683299072075,0.23564086854457855,2908506,41.582416617645265,32.67843259512639,33.430731686836495,33.97937000618345,31.411272235113696,1.39,70.0,-0.33,1.2
RTX,1966-07-22,0.23564105949313582,0.23646793944321698,0.23274725030279073,0.233160600066185,711872,41.6270125080597,32.69475840799511,33.224568121895295,33.90747638661605,31.417947966754067,1.39,63.0,-0.32,1.28
RTX,1966-07-25,0.23274715751334807,0.23274715751334807,0.22571931222097752,0.22695954144001007,2572909,41.55952108854692,33.02239018724004,33.217535507785726,34.026426372707434,31.14576295838043,1.4,62.0,-0.25,1.28
RTX,1966-07-26,0.22737290888248873,0.23316052541002993,0.22737290888248873,0.22861313819885254,1677984,41.5034888876637,33.026242346307875,33.13801982526839,33.98558421773647,31.106248973033924,1.4,56.0,-0.25,1.32
RTX,1966-07-27,0.23192031712876793,0.24142862246780095,0.23192031712876793,0.23729458451271057,2689859,42.65826308801776,34.09688829922101,33.44602042818279,34.243689001660435,31.281772612367703,1.4,70.0,-0.3,1.22
RTX,1966-07-28,0.23729474680608373,0.2406020876861017,0.23398758634944042,0.23646804690361023,945773,41.388298669678186,34.060129240286216,33.36615933701929,34.24619063676409,31.267188078567308,1.4,66.0,-0.35,1.25
RTX,1966-07-29,0.23646796995128413,0.23770819982476862,0.23357416038759232,0.23398751020431519,747466,41.20569163194745,33.92046362813494,33.39918617010108,34.22807801390839,31.269019294496854,1.4,68.0,-0.38,1.23
RTX,1966-08-01,0.23398742631793873,0.23729458451271057,0.23192031712876793,0.23729458451271057,503395,41.45587196520133,33.244741800687954,33.41466096197869,33.957679966454776,31.29239805967264,1.4,68.0,-0.44,1.23
RTX,1966-08-02,0.23729479282814847,0.24101548438101153,0.23564121227912363,0.23894855380058289,737296,41.192509992810464,33.2970036915611,33.436117221341654,33.497583489974595,31.293654662268626,1.4,69.0,-0.49,1.21
RTX,1966-08-03,0.24432275558654132,0.2538310665362104,0.24432275558654132,0.25052374601364136,1057638,43.898593943535566,34.80400767295893,34.26098044536175,33.67554193444578,31.62746672591648,1.41,99.0,-0.52,1.04
RTX,1966-08-04,0.25052356456565633,0.25631118084144816,0.24969668491630306,0.25341737270355225,1240691,40.77512988795478,34.512472948537706,34.254190346660344,33.66035807923171,31.643377888049624,1.42,98.0,-0.53,1.03
RTX,1966-08-05,0.25341750775796684,0.2563113174380679,0.24721651851737825,0.25011032819747925,711872,39.56151962746503,34.58586050452853,34.30857373121606,33.586826276677684,31.64634912563325,1.43,99.0,-0.54,1.01
RTX,1966-08-08,0.24887006631774977,0.24887006631774977,0.2418422179365889,0.24845671653747559,610176,39.330553336891455,34.37693902471687,34.30937497562021,33.37274726880296,31.64247392665865,1.44,99.0,-0.56,1.01
RTX,1966-08-09,0.2484565599417592,0.25052350801071965,0.2443225234746933,0.2443225234746933,605091,38.443766930408586,34.31702494620309,34.359190069288516,33.41192303679079,31.68562765794045,1.45,100.0,-0.59,1.0
RTX,1966-08-10,0.24565266791143903,0.24565266791143903,0.24315870579919327,0.24440568685531616,442378,38.476346590937354,34.31196511740997,33.76259477524962,33.39873851585776,31.67926063560888,1.46,75.0,-0.64,1.19
RTX,1966-08-11,0.24440580687051094,0.24773097038269043,0.24274304370888317,0.24773097038269043,976282,38.616688817484146,34.42697477219226,33.27090441398888,33.424031415344075,31.664321722273215,1.45,55.0,-0.69,1.34
RTX,1966-08-12,0.2510561045001723,0.25687539145007166,0.2510561045001723,0.25604403018951416,722042,40.08295477354141,35.00613357131764,33.7041258993176,33.649467818039284,31.75141383187282,1.45,75.0,-0.71,1.17
RTX,1966-08-15,0.25604408944784773,0.2585380528697166,0.25271890566621386,0.2543815076351166,615261,39.65187864656661,34.67640964344099,33.668788525586265,33.62335775955214,31.748079722715573,1.45,75.0,-0.73,1.19
RTX,1966-08-16,0.25438154371196803,0.2556285255997517,0.24773101395613742,0.2502249777317047,803398,35.17400073399038,34.80818667303396,33.753057260323025,32.992179723100755,31.79269143355939,1.45,77.0,-0.76,1.17
RTX,1966-08-17,0.25022507624080387,0.253550261803087,0.25022507624080387,0.2518876791000366,615261,34.57443643314145,34.7068984507583,33.77104518647875,32.971343137449345,31.775260916645003,1.45,78.0,-0.79,1.15
RTX,1966-08-18,0.2518876530707881,0.25396599713288043,0.2498094501019578,0.2527190148830414,666109,32.31432229398666,34.686547166268205,33.60269962467694,32.89869242608113,31.732610989326147,1.45,71.0,-0.8,1.24
RTX,1966-08-19,0.2527188471774542,0.25687539145007166,0.2514718657551187,0.25604403018951416,640685,28.384213584719397,34.79254715104749,33.45952165167017,32.875372731790044,31.753656219204352,1.45,68.0,-0.79,1.3
RTX,1966-08-22,0.2552128710185115,0.2552128710185115,0.25064056439815724,0.25105616450309753,671194,28.29895265442729,35.00481837081972,33.23690429688211,32.92571506410212,31.8061523348656,1.45,54.0,-0.8,1.37
RTX,1966-08-23,0.25105619126631934,0.25396591637155075,0.24814662741047902,0.24897798895835876,783059,27.896627589741847,35.00118005635704,33.25353266569972,32.607304366973025,31.814679174109916,1.44,55.0,-0.81,1.37
RTX,1966-08-24,0.24980939399577615,0.25604414259522973,0.24980939399577615,0.25479716062545776,503395,28.54756556840958,35.3444518760635,33.30432268381773,32.541508286349135,31.759018137380213,1.44,59.0,-0.8,1.35
RTX,1966-08-25,0.2547972930087327,0.25770685864804294,0.2539660720445585,0.25562867522239685,732211,28.54051367940241,35.34541408611621,33.25115278313932,32.22422171162604,31.75377873324452,1.43,55.0,-0.77,1.38
RTX,1966-08-26,0.2527188734514028,0.2527188734514028,0.24731534719467163,0.24731534719467163,1398320,30.037152237797066,35.93027717005224,33.480776734100736,32.33576631496476,31.923220252047756,1.43,74.0,-0.74,1.34
RTX,1966-08-29,0.24648414078683742,0.24648414078683742,0.2331831157207489,0.2331831157207489,2283075,34.51786568362809,37.804268671987316,34.66977288479469,33.02827534596016,32.4506407069768,1.44,100.0,-0.72,1.27
RTX,1966-08-30,0.23193595343679807,0.23193595343679807,0.22196028307532106,0.2281951904296875,1581373,34.50571819822668,38.007640351512386,34.71216862872908,33.11350366362304,32.472735867637354,1.46,100.0,-0.71,1.26
RTX,1966-08-31,0.2311048278673501,0.23609257395264802,0.2311048278673501,0.23235180974006653,732211,34.74617178490394,38.059502266204824,34.84016781449893,33.172158639312485,32.517433970579134,1.48,100.0,-0.71,1.19
RTX,1966-09-01,0.23235186223577337,0.23609262729351319,0.23193608058055104,0.23443004488945007,559328,34.573679903575275,38.03160973277715,34.8735622430406,33.15626417874894,32.5268498370618,1.49,100.0,-0.71,1.17
RTX,1966-09-02,0.2344299923112411,0.2373395562171936,0.2319360285616909,0.2373395562171936,416954,34.612040278971385,38.1408672421825,33.29019821485142,33.11541271453069,32.54569537585359,1.49,56.0,-0.66,0.99
RTX,1966-09-06,0.23733944456235873,0.24232736971492133,0.23609246327421807,0.2410803884267807,442378,33.859514668386026,38.07734264361315,32.58514750486021,32.94263922025063,32.56593851363177,1.49,45.0,-0.64,1.08
RTX,1966-09-07,0.24108042517859535,0.24357438813507204,0.23775526217363332,0.23817086219787598,462717,34.064530911810856,38.06515350687769,32.56389942737163,32.9379929383691,32.4999032261343,1.48,45.0,-0.66,1.09
RTX,1966-09-08,0.2365084089487355,0.2365084089487355,0.23110488008132385,0.23443004488945007,361021,32.64798773581001,37.85248968313618,32.589516215365535,32.8082041339378,32.54380952574842,1.48,47.0,-0.67,1.08
RTX,1966-09-09,0.2344299931701913,0.2344299931701913,0.22944224705838395,0.23152042925357819,361021,32.8255885517232,37.30039365644541,32.62095231136242,32.816896156010294,32.57085344589621,1.47,48.0,-0.69,1.06
RTX,1966-09-12,0.2315204947032485,0.23609264194965363,0.2311048944278353,0.23609264194965363,518650,33.1986703883493,37.53644981248204,32.666169028611044,32.86128365122028,32.56402658324917,1.46,50.0,-0.83,1.04
RTX,1966-09-13,0.23609246327421807,0.24274296967580733,0.23609246327421807,0.2410803884267807,320342,33.5040602071986,37.804288392802135,32.81009578359183,32.93359468869985,32.51851634100594,1.46,53.0,-0.92,0.99
RTX,1966-09-14,0.2410804143708239,0.25604403018951416,0.23941783294287736,0.25604403018951416,625430,37.687392898003225,39.82358306756936,33.89821037939871,33.711138737164006,33.02289704124557,1.46,85.0,-0.89,1.19
RTX,1966-09-15,0.2560439156768109,0.25936923829482694,0.2556283158570721,0.25687527656555176,615261,35.19673622638154,39.77834168537772,33.79217174244848,33.64456504083462,33.006829009860965,1.46,84.0,-0.83,1.23
RTX,1966-09-16,0.2568754509008139,0.2581224326117483,0.25355012602597893,0.2543815076351166,488141,35.17660869908464,38.17154468195393,33.817012190858534,33.60213873736583,33.017584882765064,1.46,84.0,-0.78,1.22
RTX,1966-09-19,0.2543816008697384,0.2552129626274109,0.2527189982914672,0.2552129626274109,244070,34.95977310279571,37.3956496708152,33.80820531894199,33.494480058952625,32.92382126069639,1.47,83.0,-0.7,1.22
RTX,1966-09-20,0.2552129220629272,0.257706724753065,0.25271895812338335,0.25479716062545776,620346,34.89892865419614,37.327298351873054,33.78996180117839,33.48179658486736,32.917698709380964,1.47,81.0,-0.63,1.23
RTX,1966-09-21,0.2531345173003065,0.2531345173003065,0.24773097038269043,0.24773097038269043,503395,35.54555446855785,37.05201577108528,34.02709293445193,33.63237657282124,32.98511964792455,1.48,85.0,-0.55,1.15
RTX,1966-09-22,0.24773101384598625,0.2518875798244014,0.24565283163765084,0.24856239557266235,300003,35.5553659415037,37.072623651883575,34.035622564560526,33.63271931957614,32.89904116434636,1.49,85.0,-0.47,1.14
RTX,1966-09-23,0.2485626469180441,0.24939386823585186,0.244821697473526,0.244821697473526,300003,35.61902653704449,36.98579203720354,34.069404955196305,33.66263104117379,32.93872128740517,1.49,85.0,-0.39,1.13
RTX,1966-09-26,0.24523695104971038,0.24897789520087893,0.24523695104971038,0.24814653396606445,233901,34.45900006407571,37.115235781295624,34.028326962428565,33.689379591992264,32.751930304961235,1.5,83.0,-0.3,1.14
RTX,1966-09-27,0.25271911034249334,0.2577068799764347,0.25271911034249334,0.2539660930633545,554243,35.117894844372415,37.21138378354451,33.69223431098034,33.77734037580569,32.790675011340404,1.5,71.0,-0.24,1.21
RTX,1966-09-28,0.2539661317479642,0.2543817524058502,0.24939382076263428,0.24939382076263428,432208,35.19002720147826,34.89754624412953,33.80465644111511,33.827266044507,32.845910591129936,1.51,78.0,-0.18,1.16
RTX,1966-09-29,0.2493936723575899,0.2498094338614083,0.24149615893440105,0.24399012327194214,523734,35.68356343240668,34.83883506509128,33.95881821327678,33.64160377035776,32.87938588360767,1.51,81.0,-0.13,1.09
RTX,1966-09-30,0.24398999681176584,0.24606835981770345,0.23983345220540742,0.24274301528930664,803398,35.677669139590314,33.80568190016681,33.72776350530705,33.63643132103797,32.884720170300405,1.52,70.0,-0.05,1.19
RTX,1966-10-03,0.24274304533222946,0.24399002700902048,0.2323517732330233,0.23276737332344055,716957,37.275417879224584,32.93098096966653,34.33241466441058,33.97805571554078,33.14132620272818,1.52,94.0,0.02,1.04
RTX,1966-10-04,0.2323518097400665,0.2323518097400665,0.22777948240491705,0.23235180974006653,788144,36.94661925831354,32.68346254266346,34.19813770516026,33.13087681761952,33.130340181367906,1.53,86.0,0.06,1.09
RTX,1966-10-05,0.23235185084575144,0.23235185084575144,0.22611694037914276,0.22611694037914276,676278,37.60099403639002,32.93297158090097,34.319585461312954,33.052884432920685,33.246428642208784,1.54,93.0,0.06,1.05
RTX,1966-10-06,0.2202976518751618,0.2202976518751618,0.2094905823469162,0.2094905823469162,1627136,42.31012698400833,36.310755748135676,36.300734942471536,34.2241304902169,34.100620206106086,1.58,100.0,0.16,1.36
RTX,1966-10-07,0.20949068743201968,0.21281587149120773,0.203671398649578,0.2053341418504715,1561034,42.38071485624986,36.48379439239054,36.398290770173496,34.29116005220274,34.1582597977028,1.61,100.0,0.26,1.31
RTX,1966-10-10,0.20616516572019378,0.22029755234798098,0.20616516572019378,0.21821919083595276,1037299,46.00727940311716,38.655050707555304,37.68333295281971,34.9386656608577,34.690514708368866,1.68,100.0,0.25,1.27
RTX,1966-10-11,0.2182193608770281,0.22279166704801787,0.2165567792151191,0.22029772400856018,1011875,43.12362183404378,38.726462357138864,37.553766630807154,34.77560395834779,34.686046418733966,1.74,99.0,0.21,1.33
RTX,1966-10-12,0.2202978994591553,0.22445444762706757,0.21614133113505718,0.22445444762706757,874586,43.1039547584139,38.72999769678086,37.68129623287954,34.62960219293601,34.73405577135714,1.8,99.0,0.19,1.28
RTX,1966-10-13,0.22445437455998316,0.22694833892999974,0.22154480993016823,0.22362299263477325,655939,42.747830234311785,38.62216209936998,37.5994463144245,34.62574812694562,34.73299835754245,1.86,98.0,0.18,1.31
RTX,1966-10-14,0.22362290961616024,0.22611687306030842,0.22112894617201206,0.22154472768306732,803398,42.69721588753528,38.5421267516943,37.595943645628736,34.4812676427296,34.74317933729159,1.91,97.0,0.19,1.31
RTX,1966-10-17,0.22154478864656357,0.22237598908630765,0.2198820249558839,0.22071340680122375,635600,42.485746390917996,38.49523211166888,37.59126992238317,34.48150983078417,34.6442908765368,1.96,96.0,0.19,1.31
RTX,1966-10-18,0.22071337475336855,0.2277794844931641,0.2198819930287464,0.22570130228996277,854246,42.77704583235645,38.39660394300878,37.7883883681013,34.561949955022826,34.712586347449815,2.0,100.0,0.2,1.24
RTX,1966-10-19,0.22570111231508536,0.2265323119345091,0.22279153068011137,0.2240385115146637,467802,42.703202055523484,38.394203530001484,37.77743011881833,34.5684316070016,34.7185761690167,2.05,99.0,0.23,1.24
RTX,1966-10-20,0.22403875414400556,0.22403875414400556,0.2232073923749749,0.22362299263477325,350851,42.502600949643295,37.58608249606398,37.77140724195396,34.56462491664838,34.692200077136384,2.09,98.0,0.25,1.24
RTX,1966-10-21,0.2223760728815161,0.2223760728815161,0.21946650743484497,0.21946650743484497,549158,42.68110334795687,37.75939922088011,37.857683260055545,34.60936739676348,34.744230315511984,2.13,100.0,0.27,1.2
RTX,1966-10-24,0.21946641403032763,0.21988201422992648,0.21115330144865294,0.2115689218044281,610176,43.34279444811025,38.40745118484519,38.243998122520736,34.74227992665465,34.918514384239,2.18,100.0,0.28,1.08
RTX,1966-10-25,0.21115315613268323,0.21115315613268323,0.20824359392668326,0.21073755621910095,706787,42.71291651461175,38.26975953205682,38.239607715265585,34.74221643325162,34.87115656770377,2.22,99.0,0.29,1.08
RTX,1966-10-26,0.21073756353642328,0.2144783458556393,0.20865920108542202,0.2094905823469162,1271200,38.05405054109115,38.2324926934524,38.242085226581295,34.71716520021369,34.86429289056361,2.26,99.0,0.3,1.08
RTX,1966-10-27,0.2094906799191584,0.21032190031849604,0.206165354886012,0.20990628004074097,2308499,38.02724413813212,36.828770820331776,38.140727774299684,34.672288434404386,34.86387506452764,2.29,97.0,0.28,1.12
RTX,1966-10-28,0.20990621303499238,0.2107375944183188,0.20616528907443205,0.20865923166275024,574582,38.01692323803989,36.7101121709919,38.08624082589591,34.67529712071564,34.73008964793421,2.32,96.0,0.28,1.14
RTX,1966-10-31,0.20865919384026552,0.21073755621910095,0.20658101286689215,0.21073755621910095,300003,38.21517282136699,36.748559644100865,38.13429346743483,34.62242379094207,34.72551201660999,2.35,96.0,0.27,1.12
RTX,1966-11-01,0.21073761253363857,0.21614113847601804,0.21073761253363857,0.215725377202034,2822064,39.16202109995427,37.12991283766193,38.208016554573476,34.57566706719104,34.691866546129134,2.35,97.0,0.3,1.1
RTX,1966-11-02,0.21614108560368456,0.2186350479524817,0.21614108560368456,0.2178036868572235,1794934,38.796469848197354,37.08556842565826,38.21110134865046,34.55876458616099,34.636005560990014,2.34,97.0,0.35,1.1
RTX,1966-11-03,0.21780384245092796,0.2219603888664356,0.21780384245092796,0.22071340680122375,1266115,39.07183993532944,37.2136116507059,38.10942716011982,34.60316644022105,34.638959988124576,2.33,93.0,0.46,1.13
RTX,1966-11-04,0.22071356481107685,0.22777968063554496,0.21863536066214773,0.2265326976776123,1616966,39.861245480474814,37.51912108675965,38.04143088086491,34.7497806294533,34.701718192688894,2.32,91.0,0.62,1.15
RTX,1966-11-07,0.23068911164687536,0.2356770405505312,0.23068911164687536,0.2352614402770996,783059,41.310372804667736,37.72007317600158,38.54297094645752,35.02338286544852,34.88924866044136,2.32,100.0,0.82,1.02
RTX,1966-11-09,0.23526140715246918,0.2506406307220459,0.23359882488721395,0.2506406307220459,1505101,44.90009599704892,39.96499927480646,39.890237365054546,35.54531842880841,35.455392737369145,2.33,100.0,1.03,0.95
RTX,1966-11-10,0.25147197615361144,0.25604414259522973,0.25147197615361144,0.25479716062545776,854246,44.833221160209945,39.96355717524383,39.91440320297013,35.55031728906494,35.46359962203573,2.33,100.0,1.22,0.95
RTX,1966-11-11,0.2547970200241725,0.25770658254623413,0.24773089354221792,0.25770658254623413,508480,44.409325021541065,40.0072566343049,39.935544853866226,35.37739767686395,35.27051854324118,2.32,100.0,1.38,0.94
RTX,1966-11-14,0.2590437152506447,0.26029716660163216,0.25695475123014533,0.2598794102668762,554243,44.3984067148772,40.03677552826966,39.05175921869594,35.375997641623215,34.96256656642354,2.31,97.0,0.95,1.09
RTX,1966-11-15,0.25987951613979726,0.26405762822964646,0.2582082875124615,0.2615507245063782,523734,42.37775281520996,39.97041966023973,38.57349441193623,35.248074619893195,34.76917238364768,2.3,96.0,0.8,1.22
RTX,1966-11-16,0.261550824522409,0.26531118154525757,0.2602973721814595,0.26531118154525757,320342,42.446537021863186,39.84920598472501,38.62346632725655,35.142246068723644,34.76748700653679,2.29,96.0,0.33,1.2
RTX,1966-11-17,0.26531128558299627,0.26698249524398027,0.2623866230895406,0.26364007592201233,559328,41.51598260760693,39.83156814804173,38.223636898833696,35.102638657409216,34.69660293949821,2.28,90.0,0.14,1.33
RTX,1966-11-18,0.2632219328729591,0.2632219328729591,0.26113296800143143,0.2615507245063782,411869,33.87930687314835,39.60181073839126,38.238565523351056,34.962584109415815,34.55437730765658,2.27,90.0,-0.13,1.33
RTX,1966-11-21,0.2615507245063782,0.2623864198630656,0.25653707914588064,0.2615507245063782,1067808,32.95418913452149,39.597522711119694,38.11589452543392,34.91299821292248,34.54056456660209,2.25,84.0,-0.31,1.38
RTX,1966-11-22,0.26155060640316485,0.26489320397377014,0.2573724961999419,0.26489320397377014,589837,28.964037997569363,39.053568473622605,38.17204661841237,34.9429780504592,34.553443742756734,2.23,86.0,-0.6,1.35
RTX,1966-11-23,0.2648933001247625,0.2749207317829132,0.2640576048420925,0.2749207317829132,681363,30.29485451196209,37.68724115860565,38.465374878665074,35.18629255283946,34.73990137137577,2.22,93.0,-0.67,1.27
RTX,1966-11-25,0.27492068530405783,0.284948135527693,0.2728317209707157,0.2841126024723053,594922,31.025864103274635,37.83731079337856,37.345435631107186,35.39722929318508,34.88952485517728,2.21,68.0,-0.4,1.2
RTX,1966-11-28,0.2841126454815448,0.28745508212032184,0.2774276303787216,0.27909883856773376,742381,31.743067522357904,37.967849571231774,37.2523063286027,35.43722967418637,34.9146176390916,2.21,67.0,-0.34,1.23
RTX,1966-11-29,0.27909874811265944,0.2807699557600382,0.27283167384831036,0.27366718649864197,279664,32.35036170641354,38.230107220499605,36.77956368417203,35.48272063601641,34.50811880735982,2.2,66.0,-0.39,1.34
RTX,1966-11-30,0.27283168650424233,0.27283168650424233,0.26447528318628655,0.27199599146842957,767805,32.42619151444761,38.21609703676682,35.792497368109636,35.48573801672724,34.491119445870304,2.2,63.0,-0.41,1.53
RTX,1966-12-01,0.2719962353772154,0.27241399209637723,0.2699070870876312,0.2699070870876312,137290,32.357185979599066,38.16681125439377,35.650073845475426,35.489412763071506,34.45055376422064,2.2,62.0,-0.45,1.59
RTX,1966-12-02,0.2699070870876312,0.27074278287284237,0.2682358778640963,0.2699070870876312,122035,32.16233311016476,38.05720627568575,35.5222391498527,35.46554344091937,34.41007054494038,2.2,61.0,-0.5,1.65
RTX,1966-12-05,0.2682356665153811,0.2682356665153811,0.2640575555751247,0.2665644586086273,350851,32.538104881250966,37.995671898554846,35.5551893086869,35.1918164174372,34.41141381273786,2.19,61.0,-0.56,1.63
RTX,1966-12-06,0.2665643786745054,0.2690712809562683,0.2573724644236045,0.2690712809562683,1098317,31.699301677071823,37.90006940001568,35.57873955998895,34.92154344668736,34.20360372217303,2.19,61.0,-0.61,1.62
RTX,1966-12-07,0.26907146750499755,0.2715783715248108,0.2665645634851843,0.2715783715248108,935603,28.901301412213098,37.760816564266534,35.56197705843257,34.935578867919546,34.0930075592485,2.19,60.0,-0.66,1.63
RTX,1966-12-08,0.2740850316539227,0.2803522902961865,0.2740850316539227,0.27909883856773376,371190,29.16738760172034,37.91797169740872,35.80808692153325,35.06427045262621,33.993379515641806,2.18,63.0,-0.67,1.52
RTX,1966-12-09,0.2770098105420216,0.2770098105420216,0.2724137611402846,0.2757563591003418,635600,29.49799682650384,36.06153582222903,35.68101848535524,35.09142998530561,33.9421086053189,2.17,61.0,-0.72,1.57
RTX,1966-12-12,0.275756332817902,0.27909874811265944,0.2724137351764291,0.27366718649864197,498310,29.82975946010266,36.104258811596274,35.609462767350145,35.09899495277556,33.939149505083435,2.16,59.0,-0.77,1.61
RTX,1966-12-13,0.27366709919324006,0.27742745196024937,0.2724136482709036,0.2770096957683563,767805,29.508915263381212,36.10307514933022,35.54496180849343,35.04407805658175,33.96246329761784,2.15,55.0,-0.8,1.64
RTX,1966-12-14,0.277009848570537,0.28369486306165187,0.27659190980144627,0.28035226464271545,640685,29.5179505605279,36.16639859199798,35.52840569888903,34.96687553149348,33.964956729095405,2.14,54.0,-0.81,1.65
RTX,1966-12-15,0.28035225639794187,0.28327691596177734,0.27826329200095334,0.2811879515647888,244070,29.275926287292016,36.161331387727344,35.22727385036644,34.76842807266167,33.934909455301785,2.13,52.0,-0.81,1.78
RTX,1966-12-16,0.28118798556407987,0.2824414372925326,0.277845386839281,0.27909883856773376,472886,29.65217720227861,35.67952952205447,35.25031960287564,34.77912162400195,33.88056809846415,2.11,52.0,-0.82,1.77
RTX,1966-12-19,0.27575648410889436,0.27575648410889436,0.27032491951490417,0.2715783715248108,777974,31.34190096144024,36.1794605487212,35.09581643668401,34.84374402574478,33.81969284103191,2.1,50.0,-0.85,1.81
RTX,1966-12-20,0.27157831604363314,0.2749207324893461,0.2707426207588158,0.2728317677974701,854246,30.817369825408562,36.01759656707183,35.090930338767166,34.82099067604618,33.79820996354327,2.09,49.0,-0.88,1.81
RTX,1966-12-21,0.2728316692379586,0.2732494255560651,0.26990682797107585,0.2703247666358948,462717,29.617023327789205,36.003774693301224,35.08013336776742,34.76638113319492,33.68025253794463,2.08,48.0,-0.89,1.82
RTX,1966-12-22,0.2703248554050866,0.27324951528565583,0.26990691660302507,0.27241382002830505,244070,23.86813460312264,35.74307146134735,35.03663687069658,34.76730295275173,33.672278348684216,2.07,47.0,-0.91,1.84
RTX,1966-12-23,0.2724137559642195,0.27575635386076486,0.2707425481893116,0.2711603045463562,783059,23.598876915339535,35.537222903123364,35.037942673290786,34.705550791792675,33.64790920169905,2.06,47.0,-0.93,1.84
RTX,1966-12-27,0.2724139827044998,0.2774277925491333,0.2724139827044998,0.2774277925491333,259325,24.21878481003398,35.46748976932663,34.42975917904166,34.79441623936856,33.70349982541218,2.06,41.0,-0.96,1.99
RTX,1966-12-28,0.2757564187109358,0.2757564187109358,0.27157830711772657,0.27241382002830505,320342,24.872713489449737,35.68339062895407,34.522993151167135,34.85023848282795,33.75343354265732,2.06,41.0,-0.99,1.94
RTX,1966-12-29,0.27241382002830505,0.27324951528565583,0.27074261186037585,0.27241382002830505,696618,24.83366990569939,34.49561196257267,34.45167137665751,33.98763993503277,33.70258232636115,2.06,40.0,-1.02,1.98
RTX,1966-12-30,0.27241382898167227,0.2757564277741635,0.27116037722783537,0.2728317677974701,350851,24.530413314935398,34.484198793054325,34.43087706917164,33.57483157722189,33.660829626941045,2.05,39.0,-1.04,1.99
RTX,1967-01-03,0.27283169466799356,0.2740849637391275,0.26447529109999496,0.2711603045463562,1144080,24.52601116604584,33.971196997228915,34.33284645950772,33.56002294036256,33.59036846566266,2.05,37.0,-1.06,2.05
RTX,1967-01-04,0.271160445946343,0.27366735008932597,0.26489336793571,0.26865354180336,635600,24.5709460179332,29.79995941676718,34.371853660071835,33.544215354759096,33.59458494474689,2.05,37.0,-1.07,2.02
RTX,1967-01-05,0.2715783153457889,0.27909884350270747,0.2715783153457889,0.2749207317829132,961027,25.39332334330101,29.614372114202425,34.49389551206472,33.66355081951002,33.669248052983,2.04,40.0,-1.09,1.96
RTX,1967-01-06,0.2757563799957309,0.28160569893564596,0.2757563799957309,0.2807700037956238,3111898,25.82070381084083,27.44349290071062,34.26336536073647,33.69831187362836,33.73242028088483,2.03,32.0,-1.11,2.06
RTX,1967-01-09,0.2807699375701414,0.2882906450161841,0.27909873003103314,0.287037193775177,798314,24.362204845291313,27.667482628137467,34.40571753595787,33.75109661619234,33.792169538557545,2.03,36.0,-1.12,1.99
RTX,1967-01-10,0.28703715435598454,0.28996183299519473,0.2824412886679172,0.28453025221824646,1413574,22.618517938463025,27.634448038394343,34.326588776666675,33.52247369562921,33.791642803830904,2.02,32.0,-1.13,2.03
RTX,1967-01-11,0.2845304627490437,0.29414016008377075,0.27909889821389483,0.29414016008377075,1291539,23.915559866853965,28.22695394036033,34.68953974134839,33.68222539758841,33.930113562688064,2.02,42.0,-1.11,1.87
RTX,1967-01-12,0.29539353912574456,0.3066744219598021,0.29539353912574456,0.2991538941860199,2064429,23.414258805724252,28.18704109200411,34.77410034592596,33.74053319893518,33.95688009171314,2.01,43.0,-1.07,1.83
RTX,1967-01-13,0.29915375749896833,0.30082496486879473,0.29288650192876264,0.2999894320964813,579667,23.255416074068332,28.13196111802415,34.726691010729155,33.72745049192952,33.768115962099586,2.0,42.0,-1.04,1.85
RTX,1967-01-16,0.2974826445103239,0.2974826445103239,0.2920510817051938,0.2928866147994995,366106,24.372118154969836,28.51853514206544,34.8001142925511,33.832701323425916,33.85049137154873,1.98,43.0,-1.05,1.82
RTX,1967-01-17,0.292886643260207,0.30374976992607117,0.292886643260207,0.30374976992607117,1154250,26.23304379934957,29.15476818141032,35.199878387674374,34.09643832729352,34.039196932838315,1.97,50.0,-1.02,1.68
RTX,1967-01-18,0.303749843079249,0.30500329510001234,0.29998964910301856,0.30207863450050354,1408490,25.931268700887642,29.20154219048418,35.055786292874544,34.10305772745807,33.46945797512837,1.95,46.0,-1.01,1.74
RTX,1967-01-19,0.30207851092189336,0.30333196242987676,0.29915385151884616,0.3008250594139099,884755,25.9920304261326,28.84491905357892,35.0671758759196,34.080189741067485,33.30211205109539,1.94,46.0,-1.02,1.73
RTX,1967-01-20,0.3008250594139099,0.301660754534813,0.2966469485028793,0.3008250594139099,935603,25.95872790207147,27.518214753510662,34.624625318854164,33.9960604712628,33.301734619335335,1.93,34.0,-1.03,1.92
RTX,1967-01-23,0.3008251108156005,0.3008251108156005,0.2907976591243455,0.29330456256866455,711872,26.22745529787637,28.184315269530565,33.51751264618951,33.80122564425245,33.3962990602914,1.94,8.0,-1.04,1.92
RTX,1967-01-24,0.2933046267233376,0.2983182726225919,0.2895442707343545,0.29414016008377075,564413,25.904497159351873,28.089315583589276,33.29743150092106,33.80247277263307,33.300792408320994,1.95,8.0,-1.04,2.03
RTX,1967-01-25,0.29414009574634103,0.29539354746850055,0.2928866440241816,0.29330456256866455,264410,25.78517296799536,28.133668690434916,33.21475562897538,33.796137045486965,33.175898971611936,1.97,7.0,-1.05,2.08
RTX,1967-01-26,0.29246893249473865,0.29246893249473865,0.28745514474930667,0.28912651538848877,528819,26.04912543712315,28.332385442196905,33.302570949326125,33.72545208841436,33.04921290702198,1.98,10.0,-1.05,2.04
RTX,1967-01-27,0.2891263583185626,0.2941400015149977,0.2891263583185626,0.2920510172843933,1103402,25.987014989269607,28.333435254074868,33.286751188230014,33.74539272237551,33.05942640883623,1.98,8.0,-1.06,2.05
RTX,1967-01-30,0.29205111084650504,0.29330456256866455,0.2907976591243455,0.29330456256866455,488141,25.996822790936463,28.08580651114448,33.21770331175109,33.65595917114534,32.9320419346616,1.97,7.0,-1.06,2.09
RTX,1967-01-31,0.2933045542223724,0.29915389412223775,0.2916331840032906,0.2958112955093384,950858,25.93558731821737,28.079351511555544,33.156242057556206,33.58472132272283,32.94331885414306,1.96,5.0,-1.06,2.12
RTX,1967-02-01,0.2958113466516576,0.2983182504580543,0.2945580568345037,0.2966470420360565,355936,24.40752463238193,28.031131240426394,33.03048408006937,33.585461782116376,32.91018250345418,1.96,4.0,-1.05,2.19
RTX,1967-02-02,0.29664711397582255,0.29831832280310455,0.2933046760604982,0.297064870595932,462717,24.40620114355268,27.69175447373065,32.945083589199896,33.57132918511142,32.910485348478296,1.95,3.0,-1.04,2.24
RTX,1967-02-03,0.29706460404950763,0.30082495729698233,0.29664684780423733,0.30040720105171204,823738,24.24585186003082,26.849467208133067,32.86143795178741,33.55819627400937,32.92837121781905,1.95,2.0,-1.02,2.29
RTX,1967-02-06,0.3004073030268296,0.301660754534813,0.298318156397943,0.3008250594139099,696618,24.220243317688382,23.843969140329172,32.72758139590775,33.423431859542916,32.92154081490175,1.95,1.0,-1.01,2.37
RTX,1967-02-07,0.3008251612476108,0.302078613179906,0.2991539527868186,0.3012429177761078,788144,24.111957307449234,23.681516896524972,31.378130858549984,33.4202070076385,32.8503067711921,1.99,1.0,-1.03,2.59
RTX,1967-02-08,0.30124274952751756,0.308345700625687,0.2987360091490274,0.30709224939346313,1205098,23.881363056982604,23.85754852992898,31.50151329524149,33.45580493156808,32.90446011422492,2.02,2.0,-1.04,2.51
RTX,1967-02-09,0.30709244258355695,0.3141952158033379,0.30166087794252144,0.30207863450050354,1586458,23.746672922960325,24.155946126086413,31.581925829219905,33.5111848226823,32.931336594826085,2.06,3.0,-1.05,2.46
RTX,1967-02-10,0.29372227603787177,0.29372227603787177,0.2841126024723053,0.2841126024723053,5054291,30.27274885937505,27.45147987132213,33.127599432073815,34.29425766096669,33.45140595515622,2.07,8.0,-1.05,2.32
RTX,1967-02-13,0.28160574772755026,0.28160574772755026,0.2728317677974701,0.2728317677974701,2415280,32.61895149607547,28.623562997888698,33.77709517773736,34.63250832042171,33.692709431444406,2.07,18.0,-1.04,2.05
RTX,1967-02-14,0.2728317754187723,0.27575643547716333,0.27157832362992135,0.27408504486083984,1108486,32.591506986574764,28.6003812501191,33.46463315523729,34.62921164511232,33.62641794412536,2.07,15.0,-1.03,2.22
RTX,1967-02-15,0.2740851655850405,0.27909897494883856,0.2644754858690033,0.26531118154525757,7611946,33.861077769813846,29.349942579841525,33.883025057492056,34.8360008536439,33.64013552894686,2.07,21.0,-1.01,2.01
RTX,1967-02-16,0.2653111567656386,0.2690715134372761,0.2598795912444444,0.26322200894355774,2013581,33.17786889872062,29.39735929572027,33.8163113438312,34.8462067937744,33.62273014858139,2.07,21.0,-0.98,2.05
RTX,1967-02-17,0.26447536937750493,0.27408504486083984,0.26447536937750493,0.27408504486083984,2257651,34.758675059527135,30.43633979191992,34.34183291793142,35.16352530488787,33.86873757427504,2.07,30.0,-0.96,1.88
RTX,1967-02-20,0.2740850146825937,0.2795165777206421,0.2736672582479018,0.2795165777206421,676278,34.625394148394285,29.74026870700729,34.28792039383891,35.23883206697717,33.9239426903841,2.07,25.0,-0.95,1.9
RTX,1967-02-21,0.2795165044378253,0.27993444310970655,0.27366718649864197,0.27366718649864197,493226,35.05353643567236,29.267504338195714,34.333488317233744,35.324940225828556,33.95972951746702,2.06,29.0,-0.93,1.88
RTX,1967-02-23,0.2728317588303666,0.2728317588303666,0.2644753532971759,0.27241382002830505,3091558,33.49682889657451,29.06075215898892,34.14989534257726,35.2458847352637,33.73255917670294,2.06,21.0,-0.9,1.98
RTX,1967-02-24,0.27241365851451466,0.28494800612329235,0.27241365851451466,0.2816055715084076,2257651,34.632054521793336,29.57875349697851,34.51168013867093,35.43876327966377,33.85466239435814,2.06,36.0,-0.86,1.84
RTX,1967-02-27,0.2816057371922205,0.2849481737736405,0.2778453820713907,0.2832769453525543,859331,34.68160063280239,29.566911478356605,33.80709286742759,35.4397990554963,33.714403794729634,2.06,18.0,-0.79,2.1
RTX,1967-02-28,0.2832770220235902,0.29664707587926087,0.28285926545713064,0.2949758470058441,808483,36.119275018868436,30.613279149207973,34.34888567290806,35.69125262593176,33.94490673157584,2.06,29.0,-0.73,1.91
RTX,1967-03-01,0.29497579146830183,0.297482695088705,0.290797679549892,0.2962292432785034,1261030,34.48532159565327,30.616854956071542,34.02057469960686,35.679130726734336,33.840692348291725,2.06,21.0,-0.65,2.08
RTX,1967-03-02,0.2974825223807163,0.30082495729698233,0.2974825223807163,0.30040720105171204,1240691,34.71841850735362,30.57992110460692,31.613482107940367,35.63113699322168,33.75433764833537,2.1,4.0,-0.57,1.23
RTX,1967-03-03,0.30040738389753346,0.30333204408790926,0.2966470283612825,0.30166083574295044,1047469,34.71944378995939,30.544968233989962,31.385348356599003,35.4670663762574,33.72369170241261,2.14,2.0,-0.5,1.33
RTX,1967-03-06,0.3008249904963042,0.3008249904963042,0.2958111856130098,0.298318088054657,686448,34.87189202399472,30.621090822497067,30.111377895899004,35.48325408833124,33.62600094861413,2.2,1.0,-0.4,1.27
RTX,1967-03-07,0.29748257994651794,0.29748257994651794,0.29497567729642454,0.29748257994651794,345766,34.068427807089954,30.157921374865154,30.108548535319958,35.47533534889274,33.58840448830084,2.26,1.0,-0.28,1.27
RTX,1967-03-08,0.297482695088705,0.297482695088705,0.29497579146830183,0.2962292432785034,432208,34.08720995604157,30.055068412589097,30.024231716776967,35.43967588402907,33.58973557012674,2.31,1.0,-0.15,1.32
RTX,1967-03-09,0.29622907129822473,0.30040720105171204,0.29455786397046285,0.30040720105171204,538989,34.304021640498576,30.111107869291757,30.058515414484233,35.4644125454277,33.595031962190674,2.36,2.0,-0.01,1.3
RTX,1967-03-10,0.3004072591834679,0.3066743334619855,0.29748257994651794,0.29748257994651794,818653,34.154107186606346,30.117102669030555,30.06324146243802,34.946687254824475,33.61070450588718,2.4,3.0,0.14,1.29
RTX,1967-03-13,0.29748271715969987,0.29873616906289824,0.29497581335330314,0.2966470420360565,325427,34.059272740591105,30.042970665546083,30.058240274684117,34.617036064110664,33.59251449642725,2.45,2.0,0.32,1.3
RTX,1967-03-14,0.29581138039952104,0.29581138039952104,0.29163326769446335,0.2949758470058441,823738,34.08557188500439,30.070015164169302,29.9267918217679,34.60917771030686,33.571890333108556,2.49,1.0,0.51,1.36
RTX,1967-03-15,0.2949757623554379,0.29748266572842025,0.29372231066894666,0.2958112955093384,477971,34.004726947874545,30.02325540770038,29.883188735245575,34.34257274486009,33.56831685160774,2.53,1.0,0.72,1.39
RTX,1967-03-16,0.2958111604126302,0.30082496486879473,0.2958111604126302,0.2999894320964813,671194,34.239743345759486,29.551483071737945,29.92680047988828,34.380263709573484,33.587667674719555,2.56,3.0,0.94,1.36
RTX,1967-03-17,0.29998960713723705,0.30249634874203407,0.2983182367062413,0.30166083574295044,401699,34.27172665420433,29.55617779429705,29.726272806949456,34.300718026244056,33.574368866474714,2.59,1.0,1.18,1.46
RTX,1967-03-20,0.30166094105406743,0.30500335891083735,0.3012430020618298,0.3033321499824524,320342,34.157532717530884,29.47823595802021,29.03371969236208,34.304893312943854,33.35327930302663,2.63,1.0,1.41,1.67
RTX,1967-03-21,0.30333196242987676,0.30374971881695706,0.2999895263790001,0.3008250594139099,452547,34.24655740528977,29.526581340361098,29.07079103841727,34.2035428117044,33.15378512742614,2.67,2.0,1.63,1.65
RTX,1967-03-22,0.30082526110273294,0.3050033748149872,0.29664714739047865,0.3050033748149872,955942,34.478218160343246,29.60061580929047,29.07548575756289,33.31553298395431,33.17758387999295,2.7,3.0,1.8,1.65
RTX,1967-03-23,0.3066741074511344,0.31419480985885234,0.3066741074511344,0.31252360343933105,757635,34.752243791662416,29.647604190191373,29.25711819295295,33.29805103107051,33.24918178625851,2.73,4.0,1.87,1.55
RTX,1967-03-27,0.3162838763201452,0.321297679574295,0.3162838763201452,0.320462167263031,864416,35.06609611271247,29.714720490848368,29.403336413409686,33.0299342343202,33.33943643715034,2.75,5.0,1.76,1.48
RTX,1967-03-28,0.3204624900438947,0.3225514552727739,0.316284194892486,0.3212980031967163,1011875,29.49238350015732,29.70937835582596,29.390659045488164,32.426762847445296,33.336342744858946,2.77,5.0,1.51,1.49
RTX,1967-03-29,0.31837314124406274,0.31837314124406274,0.3062565670648659,0.30751001834869385,793229,29.94472064729169,31.20763886197595,30.201665541966666,32.757918359341865,33.57063963140595,2.77,17.0,1.29,1.4
RTX,1967-03-30,0.307510193282204,0.307510193282204,0.30291432419152003,0.3062567412853241,335597,30.034985386492252,31.18752893816844,30.210014231380693,32.683646103489636,33.49678092431669,2.77,18.0,0.87,1.4
RTX,1967-03-31,0.3062566649786497,0.3091813247937256,0.30333200516357367,0.30458545684814453,300003,28.163776724756683,31.138161254431107,30.20077669630857,32.67353896045012,33.349169250479,2.77,17.0,0.23,1.4
RTX,1967-04-03,0.3041677308882721,0.3041677308882721,0.2941401164066593,0.2962292432785034,691533,29.492167624920768,31.419335250307178,30.374925313884066,32.85171176504142,33.4673312496256,2.76,20.0,-0.45,1.34
RTX,1967-04-04,0.2962292721329753,0.30374982164069814,0.2958113535184301,0.3012429177761078,411869,27.68970724496269,31.316375367063422,29.936243879657347,32.88034895197114,33.44854795310337,2.75,11.0,-0.96,1.47
RTX,1967-04-05,0.3016607119854886,0.3058388223071956,0.3016607119854886,0.3024962246417999,325427,27.24942500235647,31.01940416850378,28.303823800256733,32.88211609780979,33.4321058311591,2.74,1.0,-1.04,1.15
RTX,1967-04-06,0.3024961426031983,0.3091811537742615,0.30124269161195727,0.3091811537742615,472886,26.835451158275585,31.246899472323115,28.38762077827918,32.85927346931638,33.453959605881586,2.72,2.0,-1.09,1.12
RTX,1967-04-07,0.30918118406461215,0.3108523914344386,0.2949756276403168,0.2999894320964813,422038,28.524556465911687,31.18949142079499,28.799516785063705,33.01126594326062,33.58071247940712,2.69,3.0,-1.12,0.95
RTX,1967-04-10,0.29915394584245325,0.29915394584245325,0.2958113466516576,0.2966470420360565,289834,27.348718450595598,31.083280660225842,28.848420803759012,32.98327160502816,33.548938358696454,2.68,4.0,-1.12,0.91
RTX,1967-04-11,0.29664684780423733,0.3033318594619655,0.29622907129822473,0.30040720105171204,437293,27.50552250485677,31.187555167661746,28.892861224827577,32.9799451754998,33.55662235979873,2.66,5.0,-1.12,0.89
RTX,1967-04-12,0.2999894825966114,0.2999894825966114,0.29622912862147127,0.29748257994651794,330512,25.146342995919436,30.85541851549909,28.87205771820158,32.83429719814532,33.56328864255362,2.65,5.0,-1.1,0.89
RTX,1967-04-13,0.2974825723255948,0.29790034890174866,0.29413999502294147,0.29790034890174866,183053,25.12097050538604,29.923147518551556,28.84726119232016,32.82715437266487,32.935898593814514,2.63,4.0,-1.08,0.9
RTX,1967-04-14,0.29915395606682416,0.3058389723300934,0.29915395606682416,0.3058389723300934,655939,25.947721213690084,30.394040383853916,29.081435660946713,32.68406269191731,32.74703183405239,2.62,11.0,-1.1,0.84
RTX,1967-04-17,0.305839070496184,0.3104349408756042,0.3045856181478212,0.3050033748149872,472886,25.942360610572322,30.38671233482812,29.088423865480273,32.68259447987833,32.7350231881745,2.6,12.0,-1.12,0.83
RTX,1967-04-18,0.3050032004561422,0.30959925055503845,0.3045854440277918,0.30959925055503845,208477,26.038706685204588,30.53609438698308,29.112669305653867,32.69050789440435,32.74460331781236,2.57,13.0,-1.13,0.82
RTX,1967-04-19,0.3095994856800584,0.31085275591690437,0.3066746414200542,0.3083460330963135,259325,26.05810571860985,30.07634798495277,28.559833286720544,32.663354361925876,32.74702815987029,2.54,3.0,-1.12,0.94
RTX,1967-04-20,0.3079278767108917,0.3079278767108917,0.3050032168616069,0.3079278767108917,284749,26.01954737290024,30.076673778405034,28.10481990816643,32.65847845537976,32.7031847477112,2.54,1.0,-1.14,1.06
RTX,1967-04-21,0.30792785543790097,0.3104347586631775,0.30709234259398066,0.3104347586631775,528819,25.82455324385371,30.10429962982694,27.968773452899104,32.209196377681856,32.670621084900624,2.55,1.0,-1.14,1.15
RTX,1967-04-24,0.3108526771979921,0.31753769516944885,0.3108526771979921,0.31753769516944885,869501,26.341172919203142,30.255178768330765,27.97682523309706,32.28617992778051,32.56491412586522,2.55,2.0,-1.09,1.19
RTX,1967-04-25,0.31837331680391473,0.322551429271698,0.31837331680391473,0.322551429271698,884755,26.58051043889727,30.344066179830897,28.03969557716674,32.285326854576866,32.54396724984691,2.57,3.0,-0.99,1.18
RTX,1967-04-26,0.3225514552727739,0.3242226639252423,0.32004455112065877,0.3212980031967163,920349,26.536894454982026,30.360090697057558,28.013614123036092,32.277339760738414,32.545237826387904,2.59,3.0,-0.93,1.2
RTX,1967-04-27,0.3212978167432849,0.3217155933380127,0.32088006040930367,0.3217155933380127,416954,26.54070105523651,30.325116859834594,28.01231589401973,32.20456586463728,32.5338655758186,2.6,3.0,-0.87,1.2
RTX,1967-04-28,0.3217157541001739,0.322551429271698,0.3208802207539468,0.322551429271698,584752,26.326420535009543,30.324698520095122,27.919610767871315,32.20449931874719,32.52281527070075,2.62,1.0,-0.83,1.27
RTX,1967-05-01,0.322551429271698,0.3242226377894492,0.3217157541001739,0.322551429271698,462717,26.31810311323614,30.326046246674533,27.89553111869584,32.173450728970955,32.51605291836824,2.63,1.0,-0.79,1.27
RTX,1967-05-02,0.322551429271698,0.323804881246714,0.32129797729668197,0.322551429271698,493226,26.30674188435387,30.257965760712697,27.871225950426314,31.954209820281093,32.51605291836824,2.64,1.0,-0.76,1.28
RTX,1967-05-03,0.32255119566322193,0.32589379262465096,0.3221334394230477,0.323804646730423,615261,26.126660730543595,30.26297932555349,27.570063631462993,31.94216630885245,32.4971385166811,2.65,1.0,-0.74,1.39
RTX,1967-05-04,0.323804646730423,0.32923620723940156,0.32296897216413817,0.323804646730423,1484762,25.911377498262993,30.264000479310543,27.4857264294338,31.87221124203297,32.43283328104194,2.66,1.0,-0.72,1.46
RTX,1967-05-05,0.323804881246714,0.3275652371717621,0.3208802207539468,0.322551429271698,869501,25.07245574269267,30.04582373638462,27.460288072186735,31.872352327990715,32.1849564859507,2.67,1.0,-0.7,1.48
RTX,1967-05-08,0.32255157698675224,0.32672969136793617,0.3150310440393788,0.31920915842056274,732211,24.212054705640227,29.922627646910044,27.47426891593847,31.901991201066554,32.20387131475172,2.68,2.0,-0.69,1.44
RTX,1967-05-09,0.31795557653440676,0.31795557653440676,0.31210607290267944,0.31210607290267944,564413,25.044818947011628,27.427854356306984,27.68124034276505,31.994714430820487,32.279985571317674,2.68,5.0,-0.68,1.3
RTX,1967-05-10,0.3121058392605679,0.3167018874125296,0.3108523881597314,0.3133592903614044,442378,21.514574532403778,25.990272233627888,27.683528430216754,31.900816089544282,32.197226703176426,2.69,6.0,-0.68,1.3
RTX,1967-05-11,0.31335955706116,0.32589407873763404,0.3125240438472874,0.32547613978385925,1011875,24.01665729793416,26.994541027857704,28.2590165831751,32.174240296853206,32.4146228699047,2.68,16.0,-0.65,1.19
RTX,1967-05-12,0.32589398782697476,0.3363391967752395,0.32589398782697476,0.33425021171569824,1266115,24.92783867463651,26.396178190193787,28.153721677398845,32.20995953489283,32.447261420735806,2.68,16.0,-0.53,1.27
RTX,1967-05-15,0.33181724073833446,0.33181724073833446,0.32636386156082153,0.32636386156082153,233901,24.52603266150844,26.89814118152725,28.450104107140916,32.34892034656714,32.47652430969897,2.67,20.0,-0.51,1.11
RTX,1967-05-16,0.32636386156082153,0.3334951816552756,0.32510537535992107,0.32636386156082153,223731,24.200260927000418,25.78512613876282,28.396753587125517,32.08917662464239,32.47643465365479,2.66,20.0,-0.49,1.15
RTX,1967-05-17,0.3334951066783271,0.343982407959539,0.3334951066783271,0.3385290503501892,920349,26.123456934230017,26.480324894591945,28.913236615276634,31.543253228660245,32.662171774011696,2.64,28.0,-0.35,1.02
RTX,1967-05-18,0.3385289938886019,0.3385289938886019,0.33265616229488953,0.3355925679206848,615261,25.78246441182311,26.11213722243484,28.945035008691423,31.44355796888091,32.65067062620466,2.62,29.0,-0.3,1.0
RTX,1967-05-19,0.33559246610000865,0.34482115507125854,0.3351728692806847,0.34482115507125854,574582,24.755001822494247,26.50375193881423,29.030810552267916,31.526441363717524,32.65496894194758,2.61,30.0,-0.13,0.97
RTX,1967-05-22,0.34482122003469706,0.3532111644744873,0.34146533990095446,0.3532111644744873,1174589,24.9015380880585,26.136299943038022,29.049890156936964,31.622521647405833,32.73386821834691,2.6,32.0,0.22,1.0
RTX,1967-05-23,0.35153322071413184,0.35153322071413184,0.34733834830695637,0.34943586587905884,432208,25.26570247263958,26.300571479283025,29.124339100827523,31.63709774144494,32.73011015325363,2.58,38.0,0.33,0.96
RTX,1967-05-24,0.34901617193699963,0.34901617193699963,0.3423043318653411,0.34733811020851135,666109,25.09688520505669,25.212571778067698,29.155330410129693,31.61087270514637,32.73367801121967,2.56,39.0,0.35,0.93
RTX,1967-05-25,0.34733812572373296,0.3490161875271785,0.3439822462222296,0.34482115507125854,361021,25.334728429571303,25.293262276291944,29.164305223739007,31.585382047178,32.736398600567654,2.55,40.0,0.32,0.93
RTX,1967-05-26,0.34482105993695006,0.35195251550232803,0.34440160562816086,0.35069403052330017,676278,24.78399694063346,25.355943905349033,29.19322099272275,31.561775759952887,32.77487557682133,2.53,41.0,0.33,0.94
RTX,1967-05-29,0.3490163149521447,0.3490163149521447,0.34566031217267945,0.3460797667503357,432208,25.23592253521718,25.559664525952947,29.116377526338177,31.56686634966142,32.801969036535695,2.51,38.0,0.27,0.94
RTX,1967-05-31,0.3460799368538231,0.3469189684742707,0.33475372195243835,0.33475372195243835,635600,27.24312616662523,26.443562536054017,29.500489215483633,31.776937460255404,32.97283110486623,2.49,46.0,0.2,0.82
RTX,1967-06-01,0.33475363541065833,0.3418849344717916,0.3313977742441679,0.34062644839286804,1088147,27.49550407653498,26.612793805026456,29.4276467032175,31.750113392537934,33.01354922769474,2.46,46.0,0.1,0.84
RTX,1967-06-02,0.33978762951104197,0.33978762951104197,0.3355927159842593,0.3389485776424408,477971,27.56791421851802,26.62064229963242,29.399156964602962,30.992769017322168,33.007532259905275,2.44,45.0,0.03,0.86
RTX,1967-06-05,0.33894850541221133,0.33894850541221133,0.32888078018819267,0.3309781551361084,544074,28.60548885060593,27.03145184398434,29.23851662351226,31.13687158547316,33.09992075417057,2.41,43.0,-0.05,0.84
RTX,1967-06-06,0.3309783555609297,0.3431436054944486,0.32971986880372095,0.3423047363758087,925434,29.457513004739695,27.706255168187088,29.586532691651552,31.340658007808813,33.25753495227257,2.37,50.0,-0.15,0.77
RTX,1967-06-07,0.34230434715570923,0.3456601859729813,0.34062624466803243,0.34482115507125854,854246,29.231970467631047,27.703635258985848,29.600914683786268,31.347285702269968,33.194767295916414,2.34,51.0,-0.25,0.76
RTX,1967-06-08,0.34482115507125854,0.34482115507125854,0.34062624466803243,0.34482115507125854,574582,29.18288831594585,27.656735894136087,29.321560866185713,31.345461042820162,33.18007283046578,2.3,45.0,-0.32,0.89
RTX,1967-06-09,0.343563151242662,0.343563151242662,0.3339146937632449,0.3414655923843384,650854,29.393589187465206,27.77277745343761,28.83961133754217,31.174573127744807,33.19280127228307,2.25,24.0,-0.41,0.98
RTX,1967-06-12,0.3414655923843384,0.34398256537208105,0.3389486397387302,0.3414655923843384,177968,29.39853927237237,27.670400353081483,28.820339652017914,31.174721741150158,33.14582091849011,2.21,24.0,-0.48,0.99
RTX,1967-06-13,0.341465479796406,0.34440190662963865,0.3393679623139445,0.34062644839286804,777974,29.420994281993163,27.677127899370724,28.813525012668634,31.113787196962576,33.137224212102,2.16,24.0,-0.55,1.0
RTX,1967-06-14,0.3402069006696759,0.3402069006696759,0.33475352383831797,0.33643144369125366,315258,29.705358144710956,27.823531257293194,28.894167075196876,31.12800356830126,33.10142066749396,2.12,31.0,-0.61,0.95
RTX,1967-06-15,0.33643141798974313,0.3532111644744873,0.3355925293247854,0.3532111644744873,2298330,32.71404545463083,29.354342848786715,29.5508085884071,31.51941017590072,33.32399168470224,2.1,55.0,-0.63,1.03
RTX,1967-06-16,0.35321134404302595,0.35740621668494815,0.3519528578398935,0.3527917265892029,401699,32.72500125766801,29.272433941543323,29.554317315819173,31.43163688517616,33.31845775713668,2.07,56.0,-0.66,1.03
RTX,1967-06-19,0.3515329954427278,0.3515329954427278,0.3439822462222296,0.34482115507125854,162714,33.51684545050533,29.360467091748582,29.80426817145782,31.441937833189744,33.396134276995795,2.05,60.0,-0.7,0.91
RTX,1967-06-20,0.3456604140820748,0.35195284486577777,0.3456604140820748,0.34859684109687805,635600,33.387143263988925,29.018466326399246,29.72932018267489,31.448510717156996,33.3843961352953,2.02,60.0,-0.73,0.96
RTX,1967-06-21,0.34859684738721597,0.35069436503722423,0.34733836120776634,0.34985533356666565,325427,32.50432221610442,29.020955806027338,29.701673546361597,31.01061815035428,33.37667297307369,2.0,59.0,-0.75,0.97
RTX,1967-06-22,0.3498551793249902,0.3532111816748776,0.34733820807575544,0.35237210988998413,538989,32.51892938341496,27.462708895125708,29.711327349885586,31.012251957887692,32.98763724553907,1.97,60.0,-0.77,0.97
RTX,1967-06-23,0.35237210408997066,0.35824495553970337,0.3519526902571502,0.35824495553970337,661024,31.134760574430214,27.583664697968057,29.784369232655084,30.857610635148696,32.76718789352196,1.94,63.0,-0.78,0.94
RTX,1967-06-26,0.3611815533684602,0.37082982662988845,0.3611815533684602,0.37041041254997253,701702,31.63674290033949,28.239339919483985,30.200571197386928,29.613030275785572,32.92136043461166,1.92,75.0,-0.7,0.82
RTX,1967-06-27,0.37041026433724134,0.3725077814244453,0.3678932926536941,0.37208816409111023,442378,30.559518801868425,27.486865752948987,30.20247814688884,29.484376783665557,32.71214734118821,1.9,78.0,-0.63,0.82
RTX,1967-06-28,0.37208793123919615,0.37334641629341225,0.37041003253535304,0.3716685175895691,325427,30.57528910393657,27.370366397495342,30.172985709242162,28.68210638270028,32.710584931490416,1.87,75.0,-0.61,0.83
RTX,1967-06-29,0.3716687488266691,0.37418572050105814,0.3603425390289096,0.3616010248661041,864416,30.33719808016002,28.095442672820063,30.536368612789627,28.896102691915466,32.76616128737874,1.85,82.0,-0.66,0.69
RTX,1967-06-30,0.3616010248661041,0.3616010248661041,0.3553085956801315,0.3616010248661041,396614,30.169565702661227,27.823737418598782,30.537686662689662,28.835519836522494,32.765712500805144,1.85,83.0,-0.7,0.69
RTX,1967-07-03,0.3616007201192838,0.36243958791769615,0.35740581154823303,0.35740581154823303,269494,29.50428871874963,27.142252762011342,30.48331455317722,28.87558072037991,32.698689881352145,1.84,82.0,-0.75,0.7
RTX,1967-07-05,0.3574062398189939,0.35782569456292873,0.35111380839603773,0.3519528806209564,228816,29.06042355118292,27.248184841704965,30.4674908424092,28.91953616949612,32.04434203031158,1.83,82.0,-0.78,0.7
RTX,1967-07-06,0.349016287428557,0.349016287428557,0.34272385899624497,0.34356293082237244,422038,29.736541961156576,27.722342370175667,29.05404867592424,29.082261989857482,32.044876672051174,1.8,37.0,-0.77,0.09
RTX,1967-07-07,0.34566034201590473,0.3515331541368399,0.34566034201590473,0.34817731380462646,793229,29.956535369919923,27.69914848484366,28.300839700381562,29.014998412691735,31.780516673234438,1.76,18.0,-0.77,0.08
RTX,1967-07-10,0.3498551622880279,0.35446965003782,0.3498551622880279,0.3532111644744873,361021,30.150373979807902,27.80176956724999,28.362127239021127,29.025666304678026,31.36071010304034,1.73,20.0,-0.78,0.05
RTX,1967-07-11,0.3532111816748776,0.35866453801307113,0.35237210988998413,0.35237210988998413,732211,29.771808329868243,27.38622702351729,27.811590646237683,29.02684218389766,31.282889571038176,1.68,7.0,-0.85,0.12
RTX,1967-07-12,0.35153305530548096,0.35153305530548096,0.3452407903397068,0.35153305530548096,305088,29.51217568928041,27.383524911471106,27.77108029521288,28.92223990116963,31.22393446996462,1.64,7.0,-0.98,0.14
RTX,1967-07-13,0.3515331137493062,0.3515331137493062,0.34272387623786926,0.34272387623786926,249155,28.806794796599146,27.835383968716602,27.469790660678566,28.73697943923209,31.323449186629155,1.58,2.0,-1.01,0.14
RTX,1967-07-14,0.3427239906093922,0.3448213861904539,0.3339146077632904,0.3339146077632904,884755,29.37562693469656,28.388465705278488,27.689568493630983,28.92699985236917,31.441340643201602,1.51,8.0,-1.0,0.11
RTX,1967-07-17,0.3339145520597576,0.33433414909032266,0.3255247473716736,0.3255247473716736,777974,30.224076590903476,28.910258992525023,27.788383083441932,29.09925632751893,31.536264804770813,1.44,10.0,-1.04,0.1
RTX,1967-07-18,0.32720291218931236,0.33181723952293396,0.32720291218931236,0.33181723952293396,284749,30.014230394524567,29.115144920201764,27.906061720022745,29.166171583939125,31.58780572346788,1.36,14.0,-1.13,0.05
RTX,1967-07-19,0.3330757186941053,0.3360121457392571,0.3330757186941053,0.3339146077632904,1016960,28.357532658040412,28.790383075372755,27.463482718857918,29.151924776023357,31.507233266251728,1.27,2.0,-1.15,0.15
RTX,1967-07-20,0.3339146454191193,0.3339146454191193,0.32594445587533705,0.32971975207328796,1550864,28.44909319270721,28.752154726150852,27.548901474242516,29.19453471149764,31.493668188747996,1.19,6.0,-1.17,0.12
RTX,1967-07-21,0.32636388957120877,0.32636388957120877,0.32007145802665427,0.32049107551574707,793229,29.490384620334297,29.339400615436222,27.23755461211015,29.315164896288024,31.587912629646546,1.08,1.0,-1.14,0.1
RTX,1967-07-24,0.32049101306209604,0.32216893345394193,0.31923252699842464,0.3196519613265991,569498,29.408430660593194,29.34274962098562,27.237465161925762,29.307436351425732,31.56807755942379,0.98,1.0,-1.12,0.1
RTX,1967-07-25,0.3196520779931194,0.3263639450893462,0.3188130259513855,0.3188130259513855,711872,29.40120595195622,29.341729917447417,27.1594630040246,29.28272472449061,31.443324061437306,0.96,1.0,-1.1,0.13
RTX,1967-07-26,0.318812978614049,0.3221690032034675,0.3171350578589336,0.3213299512863159,422038,29.547842024695946,29.3881745363141,27.178181598898636,29.151891348207965,31.444522474511206,0.94,2.0,-1.07,0.13
RTX,1967-07-27,0.3238467407733934,0.3301391688947239,0.3238467407733934,0.3242661952972412,803398,29.5439189921995,29.4480750128924,27.144871094095034,28.850980115032073,31.246994487189784,0.95,1.0,-1.04,0.13
RTX,1967-07-28,0.3242662268264491,0.3242662268264491,0.30832569215882744,0.3104230463504791,2171210,28.071799814368177,30.76685704176451,28.04291100297415,28.411256003255026,31.564180190039426,0.95,28.0,-1.03,0.16
RTX,1967-07-31,0.3121009352379887,0.32804163105508155,0.3121009352379887,0.32091033458709717,1393235,30.102258132973237,31.54301475531766,28.511101282430374,28.606802541310493,31.705504871038663,0.94,38.0,-1.0,0.07
RTX,1967-08-01,0.32091035183083094,0.32468580889760423,0.31923243193862955,0.3238467574119568,625430,29.707829129870973,31.5897005631234,28.46393081159307,28.596905237894312,31.68939096624014,0.94,38.0,-0.97,0.08
RTX,1967-08-02,0.323847046469982,0.32846139640408767,0.3204912036902353,0.32216912508010864,945773,29.461788334560858,31.533762357469957,28.4299984662857,28.5944315964352,31.6906749420598,0.93,37.0,-0.94,0.1
RTX,1967-08-03,0.32216890686494354,0.3267832333314806,0.31797401469196446,0.3255247473716736,666109,29.650509809061443,31.24313918525643,28.464321036170542,28.608399160513027,31.364548835916708,0.92,40.0,-0.91,0.08
RTX,1967-08-04,0.3255248447136982,0.32678333104983165,0.32091051686733396,0.3213299512863159,833907,29.660107934094942,31.359929861642904,28.531030159519734,28.61493251157439,31.378116584265474,0.91,42.0,-0.88,0.06
RTX,1967-08-07,0.32132994503949364,0.32971975207328796,0.31881297241615797,0.32971975207328796,1062723,30.305114836036225,30.83297568340326,28.802648561406958,28.75000201030373,31.444032245706012,0.91,45.0,-0.86,-0.02
RTX,1967-08-08,0.3297196624532,0.3368511236318669,0.32888077351742845,0.3351730406284332,1230522,28.91145719616673,30.529606419313016,28.832307054465232,28.784734679262037,31.471551676825314,0.9,48.0,-0.83,-0.03
RTX,1967-08-09,0.3351730406284332,0.3389484985372411,0.32888077351742845,0.3351730406284332,818653,28.8343785384967,30.119875398645146,28.823982645226486,28.784734679262037,31.420062837601275,0.9,48.0,-0.79,-0.03
RTX,1967-08-10,0.3351731338116679,0.3351731338116679,0.332236726759274,0.3326563239097595,269494,28.848727384446388,30.16419382969907,28.846975866240665,28.772271180744752,31.43223651317435,0.9,51.0,-0.76,-0.03
RTX,1967-08-11,0.3326561083276182,0.333494996952961,0.3305585714614243,0.3313976228237152,971197,27.956252745950184,29.209991116608474,28.819151495184435,28.45940533362451,31.411930948854422,0.9,47.0,-0.71,-0.02
RTX,1967-08-14,0.33021852374076843,0.33021852374076843,0.3285337783924535,0.33021852374076843,594922,27.94312476280082,29.166102522285946,28.754168286883587,28.21082924938554,31.25210654389875,0.89,44.0,-0.67,0.0
RTX,1967-08-15,0.33021837280126176,0.33190311737949685,0.32811230421066284,0.32811230421066284,518650,27.843027997173614,28.62527813748909,28.52623116735149,28.136913954719795,31.25182927843509,0.89,42.0,-0.64,0.07
RTX,1967-08-16,0.32769100051042677,0.32769100051042677,0.32474265301374994,0.3268485367298126,315258,27.591822310195756,28.15725675330115,28.25973220025165,28.03638062860523,31.206396491836713,0.89,32.0,-0.63,0.15
RTX,1967-08-17,0.3268486751053636,0.33358785715729966,0.32516393065452576,0.32516393065452576,406784,26.83527609916654,28.100414467490197,28.269809785553747,28.033188446469413,31.20756840724073,0.89,33.0,-0.62,0.15
RTX,1967-08-18,0.3251639364853201,0.32684868096636854,0.32390033216860137,0.32558509707450867,274579,26.467877633102475,28.086793946403198,27.37628212552326,28.014079789383374,31.2067411067254,0.89,6.0,-0.58,0.13
RTX,1967-08-21,0.32432147766158786,0.32432147766158786,0.320109504318298,0.3209519684314728,411869,26.20995107716296,28.19037143744855,27.468825083001448,28.072851176202985,31.220681605321055,0.88,9.0,-0.54,0.09
RTX,1967-08-22,0.3209520262682218,0.3209520262682218,0.3167400725907801,0.3188459575176239,549158,26.226930279843337,27.956696905150775,27.47550864857034,28.041877669637344,31.161483115503902,0.88,12.0,-0.5,0.09
RTX,1967-08-23,0.3188458119166558,0.32095187970551764,0.31631878792315976,0.31842467188835144,569498,26.232072903091915,27.85091912013079,27.100817347812615,28.025495504924525,31.14846421884843,0.87,1.0,-0.48,0.18
RTX,1967-08-24,0.3184245587675645,0.32010930210594435,0.3125278651714325,0.3125278651714325,350851,25.811190977460473,27.29259265436226,27.150739736820874,28.103593814450523,31.13078247954224,0.88,3.0,-0.47,0.18
RTX,1967-08-25,0.31252816540567085,0.31337044597220615,0.30705260642806587,0.3100009560585022,544074,24.933267043143786,27.052239459782385,27.1770658011701,27.944874320324264,31.142586570848135,0.89,5.0,-0.46,0.17
RTX,1967-08-28,0.3100009821597586,0.31589768191711765,0.3100009821597586,0.3104221224784851,310173,23.979507907848184,27.049531183181756,26.956010658386365,27.904553153227603,30.95688631687603,0.9,1.0,-0.46,0.27
RTX,1967-08-29,0.3095798056036707,0.3095798056036707,0.30578899170746876,0.3083162009716034,503395,23.196915935560874,26.671926423466825,26.541181037921895,27.901386738816164,30.38065654185507,0.92,1.0,-0.47,0.35
RTX,1967-08-30,0.30831619073024025,0.31084339991042836,0.3066314458847046,0.3066314458847046,1164419,23.061672639588576,25.676296371021895,26.49367767599358,27.877223108169545,30.302178693927935,0.95,1.0,-0.5,0.37
RTX,1967-08-31,0.30831622023812544,0.31631898880004883,0.30831622023812544,0.31631898880004883,361021,24.86128264749078,26.48826057350616,26.87200315985518,28.07850761835108,30.40312501940884,0.96,3.0,-0.49,0.27
RTX,1967-09-01,0.31631902995988215,0.31884605588697373,0.3125282153335286,0.3133704960346222,315258,23.647361001332555,26.53603492550955,26.868004466803058,28.102200563118164,30.4116795770007,0.97,3.0,-0.52,0.27
RTX,1967-09-05,0.312528155137236,0.312528155137236,0.30663145607010545,0.3083162009716034,640685,24.06785502976409,26.65440223345623,26.99922422701853,28.156991297863478,30.44053182567336,0.98,6.0,-0.57,0.23
RTX,1967-09-06,0.30831628754099727,0.3125282428892674,0.3066315421664546,0.31084349751472473,467802,24.21513499068042,26.729070599718717,26.70733746428914,27.974977615120206,30.41370241721576,1.0,3.0,-0.57,0.34
RTX,1967-09-07,0.3108430650417979,0.3129489478741252,0.30873699838589935,0.309579461812973,391530,24.088969601891826,26.733425038455955,26.711881079085735,27.976991903608077,30.38937049045709,1.01,4.0,-0.57,0.33
RTX,1967-09-08,0.309579461812973,0.3100006016147242,0.3070522553553232,0.309579461812973,457632,23.893213355240036,26.640081237315115,26.606153614198853,27.952159981034015,30.342327678234284,1.02,3.0,-0.57,0.39
RTX,1967-09-11,0.30873726027474196,0.30873726027474196,0.30578891151438065,0.3078947961330414,254240,20.349381041626895,24.5211808349166,26.612515869341873,27.949482808316855,30.318839205667135,1.04,4.0,-0.57,0.39
RTX,1967-09-12,0.30705262469587047,0.30705262469587047,0.3049465555066708,0.30621016025543213,279664,17.737216245055993,24.52876436448293,26.625888279780984,27.952004990908407,30.269430886138032,1.05,5.0,-0.57,0.39
RTX,1967-09-13,0.306210283324645,0.3100010990944987,0.3049466780680271,0.30578914284706116,813568,17.446984791930486,24.15445894938235,26.594412265635203,27.828135319791713,30.20449116771249,1.07,3.0,-0.57,0.41
RTX,1967-09-14,0.30578899599889636,0.30663146037335615,0.30326178669929504,0.30326178669929504,742381,17.520800258776024,24.036851485374207,26.37248437603602,27.75847267918996,29.626106077434944,1.08,1.0,-0.58,0.52
RTX,1967-09-15,0.3032618925301136,0.3045254976208809,0.30157714701703797,0.3019982874393463,381360,17.130612289348363,24.0077917042743,26.25146839283256,27.764129756831597,29.628930398005988,1.1,1.0,-0.6,0.6
RTX,1967-09-18,0.3019981101874969,0.30326171453661643,0.2994709014892578,0.2994709014892578,691533,16.93816162602832,23.95333667603806,26.275371815281197,27.784180306062346,29.624476781057503,1.12,2.0,-0.6,0.59
RTX,1967-09-19,0.2994709043829108,0.299892207960985,0.2931530459751413,0.2956802546977997,1027130,14.941871848230551,23.698851176441984,26.34254861459555,27.817372614252584,29.65349497198069,1.14,3.0,-0.59,0.58
RTX,1967-09-20,0.29568041335179535,0.29989236887500037,0.2906259931944154,0.2973651587963104,915264,13.985046834666717,22.522492735840345,26.3573630067424,27.799751063143802,29.657028551052196,1.15,4.0,-0.61,0.57
RTX,1967-09-21,0.29736500149911993,0.29736500149911993,0.2914683036505766,0.2965225577354431,1555949,13.938810736490101,22.458742307612674,26.358984124866524,27.673308069426383,29.518503984132376,1.17,5.0,-0.63,0.57
RTX,1967-09-22,0.29652264752040763,0.29694395122925266,0.2927318332597676,0.29315313696861267,416954,14.067598318651395,22.505880579201893,26.412075299416927,27.599140394479655,29.542234310203362,1.18,7.0,-0.63,0.55
RTX,1967-09-25,0.29483774532687274,0.30326167098699597,0.29483774532687274,0.30284053087234497,681363,17.642692573188583,23.176564066072803,26.931474432074925,27.74262055515096,29.670349185418754,1.19,18.0,-0.67,0.41
RTX,1967-09-26,0.3041040599346161,0.3121068230787682,0.3041040599346161,0.3041040599346161,650854,17.76311474537317,23.214917975536807,26.942216742083392,27.7252983252324,29.645090437471872,1.19,19.0,-0.71,0.4
RTX,1967-09-27,0.3041042760416876,0.3049465566615233,0.29315313696861267,0.29315313696861267,1194928,20.29150540140237,24.165162656513267,27.539351165555743,27.79280454790965,29.79542535473021,1.19,36.0,-0.73,0.33
RTX,1967-09-28,0.2931533160971571,0.2935744566644089,0.2864141479016013,0.2872564494609833,1205098,20.851907060473486,24.291597165615492,27.670514697289583,27.8227089455589,29.80978759637218,1.19,37.0,-0.7,0.29
RTX,1967-09-29,0.2864139800247625,0.2864139800247625,0.2788323513146445,0.28557151556015015,1332218,20.855511972936373,23.91099867391457,27.46761950571398,27.828401074338814,29.731508311073135,1.19,32.0,-0.65,0.35
RTX,1967-10-02,0.2855714140373285,0.29104699197607103,0.28304420536573116,0.28641387820243835,559328,20.899630696284692,23.700008773251714,27.463318525834413,27.687714600456747,29.72679366572225,1.19,31.0,-0.64,0.35
RTX,1967-10-03,0.28809841316996426,0.2939951269906136,0.28809841316996426,0.2889408767223358,915264,21.006380939307007,23.550265826313655,26.795693494537108,27.36543974614385,29.42797391089014,1.2,16.0,-0.68,0.44
RTX,1967-10-04,0.28894102325263127,0.29062576738815793,0.2834654669444008,0.2868349552154541,1530525,21.016774939399482,23.563318115625492,26.438817811878618,27.371113118538542,29.438152794709854,1.21,8.0,-0.71,0.58
RTX,1967-10-05,0.2868348942843945,0.29483765700776965,0.28641375429589666,0.29441651701927185,498310,22.700655421494815,24.327392108754893,26.553338518243073,27.54432054071859,29.410923057601206,1.22,11.0,-0.77,0.51
RTX,1967-10-06,0.29441665033647046,0.2965225554810547,0.293574186154339,0.2956802546977997,442378,22.25885813193408,23.915630318739492,26.56627040993659,27.549244231999314,28.366697987148015,1.23,12.0,-0.82,0.5
RTX,1967-10-09,0.2956802569457843,0.29989221024099205,0.2931530482039122,0.2965225577354431,645770,22.217204284420834,23.426889429522316,25.882307545386514,27.38731535003589,28.28549931442119,1.25,1.0,-0.86,0.63
RTX,1967-10-10,0.29652254948995443,0.29652254948995443,0.28641387820243835,0.28641387820243835,411869,24.18558835573268,23.89402257464299,26.394356563973854,27.69191537141366,27.88177804739372,1.26,8.0,-0.89,0.54
RTX,1967-10-11,0.2851504423489953,0.2851504423489953,0.28304437260370646,0.2847293019294739,498310,24.17356087510228,23.489217917064753,25.99755858876583,27.698459991767656,27.8776695518699,1.27,2.0,-0.9,0.68
RTX,1967-10-12,0.2843077840107515,0.2843077840107515,0.27883222699165344,0.27883222699165344,747466,24.738617493930537,23.71275487676943,25.834335665909364,27.756787387038656,27.90701127158435,1.29,1.0,-0.86,0.77
RTX,1967-10-13,0.27967481701282065,0.28809872640090867,0.27967481701282065,0.2876775860786438,447462,24.753742878173075,24.637698145990136,26.342062396896605,27.97908231900696,28.067818100686527,1.29,6.0,-0.87,0.62
RTX,1967-10-16,0.2876772733055778,0.29146808355585185,0.2847289266076753,0.2889408767223358,594922,24.775109401178806,24.062702917460022,26.35284628516683,27.979301625459186,28.050615988029797,1.3,8.0,-0.88,0.6
RTX,1967-10-17,0.2872563486953144,0.2872563486953144,0.28304437260370646,0.2847293019294739,477971,24.704244434899593,24.208375257712294,26.417902997508634,28.013576567140102,28.09067698020542,1.3,14.0,-0.89,0.58
RTX,1967-10-18,0.2847290898250779,0.28725613470843664,0.2830441617544708,0.2851502299308777,716957,24.52520608494052,24.21792446094228,26.25144571915533,28.01197901112745,28.008931513749957,1.31,4.0,-0.89,0.66
RTX,1967-10-19,0.28515030534389235,0.2902047232450355,0.28388670086860657,0.28388670086860657,381360,24.526991274548685,24.138069518419368,26.193178745101036,28.015743651109524,28.001677013581762,1.31,4.0,-0.89,0.69
RTX,1967-10-20,0.28388677045472316,0.28599283970435513,0.2805172802438692,0.28557151556015015,259325,24.647199363015044,24.084017340482923,25.736214521891633,27.992372907857444,28.004674492266524,1.32,1.0,-0.91,0.77
RTX,1967-10-23,0.28557151556015015,0.28557151556015015,0.27967481577925685,0.28557151556015015,554243,24.64472667998317,22.478376943000576,25.55718953150519,27.991687641392325,27.934710971812454,1.33,1.0,-0.92,0.88
RTX,1967-10-24,0.28557145668424083,0.2872562218671883,0.2754628043119694,0.2779900133609772,976282,25.63183863750031,21.8936359199313,25.86278841748026,28.167484444251894,27.819488251019752,1.33,4.0,-0.92,0.78
RTX,1967-10-25,0.27798993596111254,0.281359424539127,0.2704083109250172,0.27714747190475464,940688,25.625959216824956,21.762208092478225,25.62597190126637,28.071544965980106,27.818000316861795,1.34,2.0,-0.93,0.86
RTX,1967-10-26,0.27714737445811904,0.27967458191490324,0.2737778870648361,0.27504149079322815,249155,25.615261450463255,21.780330501452625,25.00373466597398,28.02056022122284,27.822805659735877,1.36,1.0,-0.92,1.03
RTX,1967-10-27,0.27209310111640495,0.27209310111640495,0.25861494028200277,0.26114198565483093,1438998,29.23601479895372,23.830501187394106,26.168508823421792,27.75270332249875,28.32173819956373,1.35,9.0,-0.82,1.22
RTX,1967-10-30,0.2619844054866152,0.2687235664619885,0.2619844054866152,0.26703882217407227,432208,30.25028083869488,24.335017796810984,26.467260828704553,27.470763957785692,28.394475890021187,1.35,24.0,-0.78,1.07
RTX,1967-10-31,0.26703889592346697,0.27082952566222745,0.2636692225933075,0.2636692225933075,777974,30.249260148160452,23.654062951414378,26.491589026775525,27.505199375572058,28.41307980553815,1.35,25.0,-0.75,1.06
RTX,1967-11-01,0.26366933334943876,0.26746014850431665,0.2581937727336717,0.25861507654190063,569498,30.435647208780253,23.48893858085822,26.621357139037098,27.33082153397664,28.394727179970413,1.34,33.0,-0.7,1.0
RTX,1967-11-02,0.25945737957954407,0.26872375541426946,0.25945737957954407,0.25945737957954407,437293,30.5182820233295,23.5239193628698,26.638534983473615,27.31808326446022,28.38192543750476,1.34,35.0,-0.67,0.99
RTX,1967-11-03,0.2594572618759161,0.2594572618759161,0.25229693857317675,0.25356054306030273,869501,30.929167393662826,23.826869479524564,26.789159953843434,27.02289248880254,28.45215489935431,1.34,38.0,-0.63,0.92
RTX,1967-11-06,0.2535604738691808,0.25524523854255676,0.24766377708750892,0.25524523854255676,711872,29.06671672125956,23.93589299170744,25.53373149709891,26.930679635498382,28.343699380488975,1.33,2.0,-0.59,0.67
RTX,1967-11-08,0.2552454537166897,0.25777266413178207,0.24976987200040288,0.2501910328865051,1774595,29.197615775339848,24.14885633581237,25.669365136352596,26.918621825674,28.168179080332546,1.33,5.0,-0.53,0.6
RTX,1967-11-09,0.25019095395476765,0.25271816357256077,0.24597897877484604,0.24850618839263916,610176,27.763609367713403,24.150091733960508,25.485989871868092,26.924478725832284,27.45532999592113,1.32,2.0,-0.49,0.68
RTX,1967-11-10,0.24850607555524695,0.25524525729294917,0.24808493541810592,0.24892739951610565,477971,27.47463087751303,24.184462360489086,25.397534233270257,26.625819076851993,27.406006534925286,1.32,2.0,-0.46,0.73
RTX,1967-11-13,0.25028273463249207,0.25240008505218514,0.24689471520656725,0.25028273463249207,503395,27.630148269281545,24.270064456645237,25.411944671570787,26.6241789421263,27.387562305529826,1.31,3.0,-0.45,0.72
RTX,1967-11-14,0.25028273463249207,0.2519766519331631,0.24689471520656725,0.25028273463249207,671194,27.57526917407503,24.25862568699328,25.36185675609259,26.17019464178256,27.374229834524694,1.3,2.0,-0.44,0.75
RTX,1967-11-15,0.2502826970023342,0.2502826970023342,0.2464712450304415,0.2477417290210724,1306794,27.32875712347065,24.20100220417724,25.180984462665556,26.185957871829725,27.384676628709116,1.3,2.0,-0.43,0.83
RTX,1967-11-16,0.24774171941048054,0.2540939748287201,0.24774171941048054,0.2540939748287201,508480,28.703766985745187,24.944916903261326,24.909383578509605,26.31108097373983,27.46548192439488,1.28,1.0,-0.48,0.8
RTX,1967-11-17,0.2540940591980898,0.26722233600958717,0.2540940591980898,0.2651048004627228,691533,30.52593772365755,26.67979489367366,25.935902993634485,26.800199841730997,27.786545887097642,1.25,16.0,-0.56,0.87
RTX,1967-11-20,0.2651048762426313,0.2701868151480846,0.2574821321730397,0.26679879426956177,798314,30.578083237660923,26.546423128154125,25.979821246010793,26.784393349758968,27.782177155663852,1.22,17.0,-0.66,0.84
RTX,1967-11-21,0.2693396404775572,0.28966720197320045,0.2693396404775572,0.2879732847213745,884755,38.331315578784704,31.064073451359754,28.61829926893821,28.289598764759226,28.81070457851056,1.18,90.0,-0.66,3.27
RTX,1967-11-22,0.2879734858612206,0.2905144559260308,0.2786566572318188,0.2820446789264679,1077978,37.47191053301067,31.316221246927086,28.766313515132662,28.39078694367087,28.861644188757275,1.14,92.0,-0.7,3.19
RTX,1967-11-24,0.2811974287033081,0.2811974287033081,0.27696254319437896,0.2811974287033081,396614,37.44515938035873,31.298903164880283,28.728753925371002,28.341657860651754,28.624485240627916,1.1,91.0,-0.72,3.21
RTX,1967-11-27,0.28119755243994693,0.2845853884080247,0.27780953164721184,0.2841619551181793,630515,37.05467102769845,31.38388211868712,28.724748710222325,28.348331486281285,28.45393622261867,1.06,91.0,-0.72,3.16
RTX,1967-11-28,0.28416175891651185,0.28627929355298537,0.2811973582850726,0.2824678421020508,681363,35.937095458872534,30.661940091069397,28.51485130885734,28.354830744245184,28.404173010001234,1.05,88.0,-0.71,3.29
RTX,1967-11-29,0.28289133310317993,0.28754983632878295,0.28289133310317993,0.28289133310317993,518650,35.912005053170745,30.62957772668784,28.414903410266785,28.34835886013615,28.33555429476244,1.05,83.0,-0.71,3.4
RTX,1967-11-30,0.28289135337253357,0.28373840442639886,0.2735745310783386,0.2735745310783386,503395,36.94674866483364,31.177847525592284,28.724013489096063,28.617559470713548,28.527688832754095,1.05,91.0,-0.76,3.29
RTX,1967-12-01,0.2735743790095294,0.27823287997944707,0.27315094613025614,0.2778092622756958,264410,37.25629973030525,31.312579306298026,28.86447937768098,28.62749127931937,28.55817488658602,1.07,100.0,-0.81,3.15
RTX,1967-12-04,0.279926931863924,0.28289133310317993,0.279926931863924,0.28289133310317993,340682,37.640526795973656,31.575392630700627,29.04744719001145,28.703028368843114,28.614925114511635,1.08,100.0,-0.86,2.98
RTX,1967-12-05,0.282891252078135,0.2871261361819219,0.2820443861520863,0.28543221950531006,528819,37.69283088331522,31.646661997103827,28.859843993118545,28.715729493718822,28.59998543002002,1.1,98.0,-0.87,3.06
RTX,1967-12-06,0.2854323164313469,0.2879732847213745,0.28500888332453483,0.2879732847213745,493226,37.78059247014534,31.703381474221732,28.64559929515067,28.72054235163063,28.598442485975877,1.11,87.0,-0.85,3.15
RTX,1967-12-07,0.2879732847213745,0.28966720197320045,0.2867028005763607,0.2879732847213745,498310,36.89250880439982,31.691004626346764,28.38732504386051,28.67196820954034,28.584157850724846,1.11,77.0,-0.83,3.31
RTX,1967-12-08,0.2879731447292853,0.2892436282566802,0.28627922830092123,0.2871260941028595,218646,36.891633074247146,31.69338467246096,28.199781900683547,28.522764196008026,28.4561970041749,1.11,74.0,-0.81,3.49
RTX,1967-12-11,0.2862794912167209,0.2862794912167209,0.282044603844295,0.2841619551181793,676278,36.95721297657946,31.71653693495068,28.20742953928681,28.3837507161804,28.44951687983157,1.12,74.0,-0.79,3.51
RTX,1967-12-12,0.27865631749021,0.27865631749021,0.2731509506702423,0.2731509506702423,589837,35.568174582242804,32.67628028690835,28.791569242765537,28.75062342106335,28.71429028156313,1.13,92.0,-0.79,3.23
RTX,1967-12-13,0.2731511775535121,0.27780949764564383,0.2731511775535121,0.27442166209220886,305088,35.033405199169074,32.6708770164758,28.493434986660166,28.299564703664544,28.69222461378601,1.14,80.0,-0.8,3.4
RTX,1967-12-14,0.2748448062657977,0.27823282308056496,0.2748448062657977,0.2769623398780823,361021,34.86909311795628,32.65685188576894,28.54404079389773,28.320473428842718,28.68186982797876,1.15,84.0,-0.79,3.34
RTX,1967-12-15,0.27696251578252445,0.2786564328535286,0.268492745602946,0.2701866626739502,838992,35.18620382950298,32.98178897110714,28.783010475333608,28.459299452476728,28.786496246614224,1.16,91.0,-0.79,3.19
RTX,1967-12-18,0.2701867667315206,0.27230411767959595,0.26806923095881635,0.27230411767959595,355936,35.231102855236934,33.036786112554445,28.782530256246964,28.29246995418499,28.788107376225042,1.17,90.0,-0.79,3.19
RTX,1967-12-19,0.27230411767959595,0.277386055674383,0.2701867667315206,0.27230411767959595,508480,34.4577386950647,32.971871057019875,28.732215095297324,28.21799377904628,28.6581245923201,1.18,87.0,-0.77,3.24
RTX,1967-12-20,0.27272751325098293,0.28119727978331577,0.27272751325098293,0.2778092622756958,630515,34.81786672543154,32.52208135475848,28.140952607505902,28.317544207375096,28.72428519727981,1.18,66.0,-0.76,3.38
RTX,1967-12-21,0.27780928455071946,0.28204435298093594,0.2769624187242705,0.2782329022884369,742381,34.14414254648317,32.507157963647806,27.601168804426774,28.193728567478516,28.709444547205106,1.18,65.0,-0.73,3.79
RTX,1967-12-22,0.2782331139744366,0.2841619185683187,0.2769626294436571,0.28162094950675964,686448,34.087348317012875,31.780559531026427,27.634341529119716,28.012202177329765,28.72450348467746,1.17,66.0,-0.68,3.75
RTX,1967-12-26,0.2816207912825554,0.28416175891651185,0.27950344147061157,0.2824678421020508,254240,34.08119532544451,31.52299255436369,27.63630862117631,27.98513408356448,28.721970295776227,1.16,67.0,-0.63,3.74
RTX,1967-12-27,0.2824680371341404,0.2845853884080247,0.27992706774575343,0.2841619551181793,361021,34.08327261379156,31.52668428972847,27.597906105535984,27.953236027063756,28.637595550817302,1.16,65.0,-0.56,3.78
RTX,1967-12-28,0.28289126523478775,0.28289126523478775,0.27696246417865344,0.28035029768943787,671194,34.45171209053807,31.639250015568344,27.603759470832713,27.974451956267554,28.611068992902972,1.15,67.0,-0.5,3.78
RTX,1967-12-29,0.28035036236279115,0.2824678974139129,0.2761154770851135,0.2761154770851135,477971,34.65872382783884,31.72538341640046,27.343725106559358,28.029054139923122,28.652134269201262,1.14,59.0,-0.45,4.05
RTX,1968-01-02,0.2761155125008729,0.2828913667791705,0.2731511109087283,0.2790799140930176,732211,34.117640243097426,31.780780081458783,27.26182730457159,27.87994249707796,28.67146641815859,1.12,59.0,-0.42,4.14
RTX,1968-01-03,0.2790797335487161,0.28077383464077244,0.2710335850715637,0.2710335850715637,391530,33.2577371384364,31.83023730384211,27.605210519116735,28.08558796374958,28.814703968264098,1.11,70.0,-0.43,3.9
RTX,1968-01-04,0.27103367830671626,0.27272759515700723,0.26171683785725613,0.2638342082500458,732211,34.15535387868416,32.23302181748974,27.87218943901872,28.194756059239655,28.925504671348268,1.1,74.0,-0.45,3.71
RTX,1968-01-05,0.2638342082500458,0.26764565978160065,0.26256372440619413,0.2638342082500458,315258,25.256626847466336,32.220409384985985,27.873586211590467,28.192425559105562,28.832125403476134,1.09,75.0,-0.48,3.71
RTX,1968-01-08,0.2638343772907586,0.2676458312643413,0.2617170055413526,0.2646814286708832,284749,24.732450029440642,31.503765128236616,27.88636305252335,28.19647654002309,28.75540758890312,1.08,76.0,-0.5,3.68
RTX,1968-01-09,0.26595163231951696,0.27230386407228846,0.26595163231951696,0.2697630822658539,600006,25.476185471097796,31.76169242415857,28.08043404590657,28.274654902838886,28.733199336523384,1.08,77.0,-0.51,3.48
RTX,1968-01-10,0.26849291716782747,0.26849291716782747,0.2659519475253826,0.26764586567878723,350851,25.28793498343247,31.521907349120582,28.094610745338226,28.1492853949163,28.73067811986437,1.07,78.0,-0.53,3.47
RTX,1968-01-11,0.2676456728626859,0.2676456728626859,0.2625637372389016,0.2642578184604645,793229,25.455808014991238,30.902514121353754,28.142026904229482,28.113863573678643,28.56038519503532,1.07,80.0,-0.57,3.44
RTX,1968-01-12,0.26425791356759665,0.26722233600958717,0.26425791356759665,0.2651048004627228,305088,25.482181562494503,30.893993649623226,28.14945771335332,28.11649544466075,28.5097509001077,1.08,80.0,-0.62,3.43
RTX,1968-01-15,0.2651048004627228,0.2663752848259196,0.26425791356759665,0.2651048004627228,142374,23.690442992317898,30.771361975605455,28.082206089962636,28.11537613543625,28.507904715572757,1.08,76.0,-0.64,3.47
RTX,1968-01-16,0.26510486719350124,0.26679878516261124,0.25917606188928843,0.26086997985839844,340682,23.55137287201584,30.916850411076275,28.163063598075304,28.168010179625565,28.45372571936331,1.09,80.0,-0.67,3.41
RTX,1968-01-17,0.2608698147440284,0.2625637316409944,0.2557878792285919,0.2557878792285919,238986,23.27719420630347,31.135923744264925,28.302035637583227,28.252475252148063,28.276167274813947,1.09,82.0,-0.71,3.33
RTX,1968-01-18,0.2557879404560888,0.2608698771879793,0.2557879404560888,0.25748202204704285,544074,23.17941848830037,31.143421937057425,28.211314467556655,28.267506702541112,28.281330903777256,1.1,81.0,-0.72,3.36
RTX,1968-01-19,0.25748212862923914,0.26002309804699375,0.2549411592114846,0.2570585310459137,228816,22.893247195540827,31.141353096625966,28.19392373197121,28.260950273271334,28.279303224118173,1.1,78.0,-0.72,3.37
RTX,1968-01-22,0.25494096074663425,0.25494096074663425,0.2507060766220093,0.2507060766220093,238986,23.669253113600156,31.078661728629548,28.427030221311107,28.399710980545173,28.384270243262023,1.11,84.0,-0.72,3.23
RTX,1968-01-23,0.2507061831481305,0.25282355423392244,0.24731816351413727,0.24731816351413727,238986,23.804999074010144,31.173097854572323,28.475907218292022,28.43485907843477,28.30644247427151,1.12,84.0,-0.71,3.2
RTX,1968-01-24,0.24731812266537107,0.25197662578960695,0.24562420554045053,0.24858860671520233,584752,23.922955860310605,31.182524199518756,28.494607693433615,28.425518525922627,28.310205978088398,1.12,85.0,-0.7,3.17
RTX,1968-01-25,0.2502828984759475,0.2579056442674245,0.2502828984759475,0.2566351592540741,422038,23.77647619838478,30.13131808617589,28.517137803460646,28.584307616962935,28.495478907528394,1.13,86.0,-0.76,3.16
RTX,1968-01-26,0.2566349915195982,0.2583289088220341,0.2557879404560888,0.25748202204704285,508480,23.746582823649824,29.771348629384836,28.50574967086591,28.58264333064242,28.46418822217988,1.14,84.0,-0.8,3.15
RTX,1968-01-29,0.25705837912565405,0.25705837912565405,0.2524000406265259,0.2524000406265259,208477,24.03811069298666,29.933361445993977,28.5585733897492,28.288843186219374,28.51087330042001,1.15,87.0,-0.82,3.11
RTX,1968-01-30,0.2519764820239429,0.2519764820239429,0.24562406539916995,0.24562406539916992,213562,24.23924006332373,30.18449899910214,28.789296155358144,28.255188827307016,28.630666223186545,1.16,96.0,-0.85,3.01
RTX,1968-01-31,0.24562420285758035,0.25028270593093305,0.24435371882162615,0.24477733671665192,325427,24.01452107590685,30.1767742757263,28.78852005379975,28.132705298152022,28.617002455928723,1.17,95.0,-0.87,3.01
RTX,1968-02-01,0.24477747642613742,0.2498592306458609,0.24477747642613742,0.24943579733371735,122035,24.86345944272984,30.090981094848257,28.98257478927932,28.236028622934967,28.68192709522167,1.18,99.0,-0.92,2.84
RTX,1968-02-02,0.2524000373123814,0.2566349427114107,0.2524000373123814,0.2540939748287201,467802,24.745776578311744,30.305004662402474,29.162213709339703,27.972324958872395,28.74534113648372,1.19,100.0,-0.97,2.68
RTX,1968-02-05,0.254093986031925,0.25494101643562317,0.25324709938065926,0.25494101643562317,96611,24.779777600441495,30.02572729235846,29.168346896706566,27.96546730007028,28.723661569370446,1.2,100.0,-1.02,2.66
RTX,1968-02-06,0.2549410196634818,0.2549410196634818,0.2511295676231384,0.2511295676231384,188138,24.599340085175513,30.15723487606987,29.24372399337902,27.801939368776125,28.75902369880748,1.21,100.0,-1.07,2.63
RTX,1968-02-07,0.25112946920455204,0.25197651982307434,0.24731801865793054,0.25197651982307434,315258,24.608342226535243,30.162783101819375,29.23808455217427,27.638966432244384,28.761158270148634,1.22,99.0,-1.11,2.62
RTX,1968-02-08,0.251976678323052,0.25409404950056524,0.2490122765302658,0.2490122765302658,284749,24.534164670129364,30.242395179871114,29.278818355487772,27.644179573555867,28.71265492043651,1.23,100.0,-1.15,2.59
RTX,1968-02-09,0.2490121159654741,0.25028259946096587,0.2409657821021869,0.2413892149925232,488141,25.607237836499475,30.90271817664242,29.625979985959177,27.855368864107984,28.8296480362418,1.25,100.0,-1.14,2.42
RTX,1968-02-13,0.24138926108062178,0.24138926108062178,0.23546046018600464,0.23546046018600464,1210182,26.090311561753328,31.241558572668428,29.798329196877095,27.979584535269897,28.287956551581168,1.26,100.0,-1.05,2.33
RTX,1968-02-14,0.2354603976568598,0.2363072633743286,0.23122551459610843,0.2363072633743286,879670,25.792010141282674,30.7782315345513,29.785951529405637,27.89652149588391,28.00785948176533,1.28,99.0,-1.01,2.35
RTX,1968-02-15,0.2363073686977712,0.23969538755111167,0.2337665855884552,0.2337665855884552,615261,24.85559526684418,29.46033923079429,29.81649555948559,27.88442577549004,28.021719526804667,1.3,100.0,-0.95,2.33
RTX,1968-02-16,0.23512957331779957,0.23512957331779957,0.2266102341035389,0.2312958985567093,584752,24.03799249619153,29.457617184327116,29.810564111894777,27.65670787806832,27.856443255042397,1.31,99.0,-0.87,2.34
RTX,1968-02-19,0.23129601622145537,0.23172191833306993,0.2291661338588329,0.23001812398433685,279664,24.003725728803676,24.464293861547855,29.2845763103787,27.562660307122805,27.851170682272247,1.32,95.0,-0.84,2.65
RTX,1968-02-20,0.230018365039539,0.23427794832647755,0.230018365039539,0.2317221611738205,711872,24.151326628433345,24.30631290850697,29.30835637728531,27.58384754004058,27.55750940168638,1.33,95.0,-0.88,2.62
RTX,1968-02-21,0.23427771148888488,0.2423709673231206,0.23427771148888488,0.24194487929344177,2364432,27.032014360226107,26.10395104110651,29.69190608247927,27.977988154352744,27.830823163701957,1.34,96.0,-0.93,2.48
RTX,1968-02-23,0.2419449020754206,0.24535267712232517,0.23768532269351433,0.23981520533561707,1052554,27.046594162510683,25.99334619450744,29.566490800287536,27.6713626467997,27.766607122111235,1.36,94.0,-0.97,2.54
RTX,1968-02-26,0.23981532568176414,0.23981532568176414,0.23555574416227876,0.2376854419708252,462717,26.957690991896182,26.01555447709571,29.5810837062923,27.66124483234821,27.77634846610635,1.37,94.0,-1.0,2.54
RTX,1968-02-27,0.23768524591638654,0.23981512787049447,0.23683344185653468,0.23938922584056854,310173,27.067250343638417,26.081732753318676,29.605844450103806,27.68166233946534,27.58027100147311,1.38,94.0,-1.03,2.51
RTX,1968-02-28,0.2393892853547464,0.2393892853547464,0.2355556084256115,0.2372594028711319,579667,27.09358293860345,25.321418463886435,29.578318058350174,27.678521172365688,27.584788808270254,1.39,92.0,-1.06,2.56
RTX,1968-02-29,0.235129697591762,0.235129697591762,0.23385180532932281,0.23385180532932281,167798,27.03255589358256,25.16652019993131,29.632944784680525,27.716538840685722,27.30720225343636,1.4,95.0,-1.07,2.53
RTX,1968-03-01,0.2338519995025739,0.23512989282608035,0.23342591112644984,0.23512989282608032,183053,26.716887407699634,24.84678998856632,29.313630243082585,27.73090498036318,27.309767272621304,1.4,89.0,-1.1,2.75
RTX,1968-03-04,0.23470360491892156,0.23470360491892156,0.23001812398433685,0.23001812398433685,549158,27.12337381465208,25.01521729338036,29.460779883690964,27.804308827364082,27.34941700478048,1.41,89.0,-1.11,2.69
RTX,1968-03-05,0.23001812398433685,0.23172191833306993,0.2291661338588329,0.23001812398433685,284749,27.138711892939902,24.892292955092323,29.451075440023523,27.14127968662554,27.344601147383894,1.4,88.0,-1.14,2.7
RTX,1968-03-06,0.23001797575677263,0.23172176900755187,0.2291659861803055,0.22916598618030548,355936,26.376211278478536,24.88006037730339,28.99746810279608,27.14135826763373,27.327225663330694,1.4,78.0,-1.14,2.92
RTX,1968-03-07,0.2291662398935747,0.23087003503065026,0.22788834706517783,0.22831441462039948,655939,26.18555903021949,24.879421830739094,28.992516578318895,27.032553702972834,27.32797303763348,1.39,77.0,-1.14,2.92
RTX,1968-03-08,0.22831431796452917,0.22831431796452917,0.22405473897393402,0.22703644633293152,538989,26.09278074088327,24.844926105132252,28.842342222808306,26.989761681120072,27.329948066292143,1.38,73.0,-1.14,3.0
RTX,1968-03-11,0.22703667532892902,0.23342595730810198,0.22618468431055344,0.2317221611738205,1164419,24.950582987043273,24.18644860641824,28.574769657281923,27.115419712752832,27.373000373051465,1.37,60.0,-1.16,3.15
RTX,1968-03-12,0.23172210462161325,0.23342590034008023,0.23172210462161325,0.23342590034008026,259325,25.0716851345881,24.22766682303849,28.595746505113507,27.116199914933443,27.371540768758763,1.36,60.0,-1.18,3.13
RTX,1968-03-13,0.2342776151160755,0.23853719234466553,0.2342776151160755,0.23853719234466553,777974,25.562695849267403,24.62008237865326,28.77121755476935,27.173067870491934,27.46418245522677,1.35,67.0,-1.2,2.95
RTX,1968-03-14,0.23725929651823055,0.23725929651823055,0.23342562130756353,0.23598140478134155,1261030,24.571951622623065,24.24332422684741,28.801720636546108,26.8579022542374,27.477916032318266,1.34,72.0,-1.21,2.95
RTX,1968-03-15,0.2359814913001119,0.23683348140447355,0.23385179489261307,0.23555558919906616,838992,24.564249120776616,24.15278309381174,28.798823512420178,26.845038453680086,27.475535568823606,1.33,71.0,-1.22,2.95
RTX,1968-03-18,0.23555550283644588,0.2381112863102239,0.23512960089155024,0.23598140478134155,361021,23.83625440730403,24.16333396482237,28.777927090527548,26.849455725544313,27.436018164039023,1.31,65.0,-1.23,2.97
RTX,1968-03-19,0.23598140478134155,0.2368333945733349,0.2342776110995569,0.23598140478134155,157629,23.05392000620296,23.714784507560164,28.777927090527548,26.68649742639729,27.428410157208372,1.29,64.5,-1.24,2.97
RTX,1968-03-20,0.23598169777346273,0.23598169777346273,0.23512989282608035,0.23512989282608032,188138,22.990047333032013,23.698888663412365,28.499056701775032,26.68540347936722,27.421893429866508,1.27,48.0,-1.24,3.13
RTX,1968-03-21,0.23512969293281094,0.23512969293281094,0.23001812398433685,0.23001812398433685,289834,23.397156587221097,23.812190794155036,28.68018478364055,26.76364309984457,27.49243596350899,1.24,57.0,-1.23,3.02
RTX,1968-03-22,0.23001830890314626,0.23427789115052589,0.22874041563868994,0.23342590034008026,793229,23.887908416127456,24.06550180570015,28.784886830188395,26.79575870817022,27.49753915596821,1.2,67.0,-1.23,2.91
RTX,1968-03-25,0.23342591112644984,0.23683368862327797,0.23044422200574577,0.23512989282608032,467802,23.88446352930288,24.087980755136677,27.667888425487845,26.692736545814956,27.391855355111268,1.18,24.0,-1.26,3.09
RTX,1968-03-26,0.23683335379334827,0.24705630002598422,0.23683335379334827,0.24535250663757324,783059,25.546310471599288,25.742583318207124,28.282483761240563,27.150704700319505,27.614568386616824,1.17,38.0,-1.25,2.87
RTX,1968-03-27,0.2470564425739011,0.25131602145372767,0.2470564425739011,0.2496122270822525,706787,24.80974588275328,25.900743222292643,28.361906413263995,27.17695591194356,27.672606998204056,1.16,39.0,-1.25,2.75
RTX,1968-03-28,0.24961235412821622,0.2504643446987327,0.24535277308037767,0.24620476365089417,971197,25.215303628002868,25.886548015934217,28.281087893362987,27.212858834612174,27.366490654728327,1.14,36.0,-1.25,2.79
RTX,1968-03-29,0.24620449628286373,0.24833419154283495,0.24364871324916224,0.24535250663757324,396614,24.996020059038113,25.26259995512376,28.278563354317676,27.213380716314028,27.365836159046253,1.13,35.0,-1.25,2.81
RTX,1968-04-01,0.24705631931802113,0.2538716793060303,0.24705631931802113,0.2538716793060303,620346,26.417514649213004,25.7488525805037,28.577518648176763,27.403890580852707,27.58482549657404,1.12,52.0,-1.25,2.56
RTX,1968-04-02,0.2538717754375375,0.26026123594017236,0.25131599123648346,0.2589833438396454,518650,26.723155580851994,26.091886459432484,28.733611596576043,27.368132315833492,27.527172857634863,1.09,60.0,-1.26,2.43
RTX,1968-04-03,0.25898339189203545,0.2602612842296656,0.24876025319099426,0.24876025319099426,854246,29.60583375481071,27.33371409161353,29.270658895191826,27.60664474385609,27.757184806751507,1.05,83.0,-1.26,2.3
RTX,1968-04-04,0.2487602309672807,0.2487602309672807,0.24194486774288654,0.24663053452968597,488141,27.10154825973786,27.052924932749324,29.282842693318383,27.50962853525241,27.76381682163121,1.02,84.0,-1.26,2.29
RTX,1968-04-05,0.2466306094482692,0.24748241392114922,0.2427969316133212,0.24450072646141052,249155,27.09648001551604,27.061414358225104,29.313125054238,27.505767555698657,27.68129124557249,0.97,86.0,-1.26,2.29
RTX,1968-04-08,0.24450072646141055,0.25046428728321724,0.2427969316133212,0.24450072646141052,498310,26.94575919365669,26.96132751335771,29.299346224695196,27.47582611946808,27.52521281449561,0.93,84.0,-1.27,2.31
RTX,1968-04-10,0.24450072646141055,0.2500381991444479,0.2427969316133212,0.24450072646141052,610176,26.88238600978774,26.94651166787012,29.299346224695196,27.291757568981456,27.505537398456188,0.87,83.5,-1.28,2.31
RTX,1968-04-11,0.24620474483591462,0.25387191577514967,0.24620474483591462,0.2513161301612854,1093232,27.804738003394526,27.586746383221477,29.582572769271863,27.50615805709358,27.618314736016863,0.81,92.0,-1.27,2.09
RTX,1968-04-15,0.2517420792048291,0.2589833438396454,0.2517420792048291,0.2589833438396454,752550,28.509856480398664,28.116201532648212,29.694469743386176,27.75521510914225,27.773742857055744,0.72,96.0,-1.28,2.04
RTX,1968-04-16,0.258983388559046,0.2619650959968567,0.258983388559046,0.2619650959968567,498310,28.600129187694023,27.91448485766698,28.971485714036298,27.77484127472183,27.798985567469852,0.67,68.0,-1.27,2.32
RTX,1968-04-17,0.26196520244186167,0.26196520244186167,0.2589834937924855,0.2602613866329193,645770,27.736570631706993,27.919506238586187,28.97028490626632,27.755325683545486,27.67467408876238,0.61,67.0,-1.26,2.34
RTX,1968-04-18,0.2602611183941977,0.2692061938114274,0.2598350512740898,0.2679283022880554,894925,28.62421456063755,28.535004730782994,26.66633018225851,27.522965195503634,27.832416893918527,0.65,1.0,-1.25,0.13
RTX,1968-04-19,0.2679283638573338,0.2692062556743622,0.26239089461761533,0.2692062556743622,772890,28.50302797277226,28.037173500669898,26.484468143310085,27.231816381971246,27.7941650573063,0.68,1.0,-1.23,0.19
RTX,1968-04-22,0.2692062556743622,0.2700582455197857,0.2649466782516721,0.2692062556743622,671194,28.420153385488284,27.868722097580072,26.481422063017874,27.205642322615166,27.791994619197197,0.72,1.0,-1.21,0.19
RTX,1968-04-23,0.27005851786394436,0.276873885793741,0.27005851786394436,0.2709103226661682,655939,28.22473154047591,27.87652730497082,26.445841081051668,27.214884352109987,27.80030238635777,0.75,1.0,-1.2,0.21
RTX,1968-04-24,0.27005848203991956,0.27005848203991956,0.2649469102950363,0.26878058910369873,605091,28.150450228861796,27.20585057761434,26.457711714121405,27.193647293000417,27.79655854651461,0.78,2.0,-1.18,0.2
RTX,1968-04-25,0.2687805883534833,0.2751698671143772,0.26409491896629333,0.26409491896629333,1744086,28.883809886976035,27.458507503655365,26.594192367897346,27.22756947636148,27.750488744295577,0.81,5.0,-1.16,0.15
RTX,1968-04-26,0.26366892326862684,0.26366892326862684,0.2581314511551744,0.26239103078842163,849162,28.547699867452327,27.16929967027707,26.086973122981156,27.046385751567016,27.70742866270596,0.84,1.0,-1.13,0.23
RTX,1968-04-29,0.26239103078842163,0.2640948254612585,0.2611131383082164,0.26239103078842163,381360,28.2595764279923,26.54259178498379,25.9641619077792,26.965006626922566,27.70582683721517,0.88,1.0,-1.09,0.29
RTX,1968-04-30,0.26239105666067375,0.26239105666067375,0.2542977987888004,0.2606872618198395,559328,28.36965260581475,26.57242122914528,25.806626869474407,26.97139675701516,27.71089040088821,0.92,1.0,-1.06,0.37
RTX,1968-05-01,0.2606872036756724,0.2619650959968567,0.2581314190333038,0.2619650959968567,345766,28.368872383465813,26.32579012659539,25.775620368929452,26.971644023222012,27.714692276368403,0.96,1.0,-1.03,0.38
RTX,1968-05-02,0.26196515442604734,0.26366894926688156,0.2564276611107753,0.2606872618198395,233901,28.456289210240225,26.0900154687555,25.73602189966721,26.97337045329253,27.717543335398975,1.0,1.0,-1.04,0.41
RTX,1968-05-03,0.2606872252437641,0.2645208818686869,0.2538718402785261,0.25429776310920715,610176,29.547652377516847,26.58911393272237,26.011607166831634,27.114945716619616,27.820842605877672,1.03,5.0,-1.05,0.33
RTX,1968-05-06,0.2542979877309338,0.25727967739335644,0.2500383838570053,0.25472405552864075,498310,28.617584284272652,26.405875288884666,26.014251922594728,27.111034776211397,27.817881866755954,1.05,6.0,-1.06,0.33
RTX,1968-05-07,0.25472395402472653,0.25727957487106323,0.25387196335962636,0.25727957487106323,594922,28.487866649840278,26.474087567300664,26.03214128770206,27.142855962886824,27.839215594937894,1.08,7.0,-1.06,0.31
RTX,1968-05-08,0.25727935784821193,0.2577054251167364,0.24961217128356122,0.253019779920578,610176,29.034975848161586,26.588139418013096,25.41721195114979,27.200017663418524,27.882397303959326,1.12,1.0,-1.02,0.29
RTX,1968-05-09,0.25301990726000095,0.25301990726000095,0.24237102937688118,0.24450072646141052,645770,28.33931762731744,26.754565726007467,25.950805517963797,27.474312044276576,28.06478295075,1.14,5.0,-0.98,0.23
RTX,1968-05-10,0.24450060131050863,0.24876017920157475,0.24237090531609262,0.24364879727363586,355936,27.87062447436732,26.252601157936077,25.89989794473905,27.43344616247813,27.983203285386015,1.17,5.0,-0.94,0.26
RTX,1968-05-13,0.24364897784171663,0.24705656831903872,0.24364897784171663,0.24620476365089417,513565,27.776099399389764,26.32363163913885,25.689343298841948,27.463210633745494,28.00208941806075,1.2,2.0,-0.89,0.3
RTX,1968-05-14,0.24620460850875925,0.24961219683884073,0.24364882431007073,0.2474823147058487,752550,27.79528929917392,26.229201465975336,25.669957546212487,27.474350157881243,27.735585710577865,1.22,2.0,-0.83,0.31
RTX,1968-05-15,0.2474823738621287,0.2474823738621287,0.23896321509831614,0.23981520533561707,1138995,27.35358542417287,26.95984448626542,26.12227483849522,27.628740877975794,27.76148320469215,1.24,14.0,-0.78,0.22
RTX,1968-05-16,0.23938942330053334,0.23938942330053334,0.2342778511161939,0.2376854419708252,869501,26.620814082124628,27.00161548939243,25.925214578345923,27.631621068128563,27.679628775947496,1.26,8.0,-0.74,0.31
RTX,1968-05-17,0.23683351280109308,0.23683351280109308,0.23257393351914,0.23470363020896912,671194,24.353678730235913,27.096434875014065,25.97960908041675,27.660948085640374,27.702647800554008,1.28,11.0,-0.71,0.3
RTX,1968-05-20,0.23607467540093746,0.2373600327143854,0.22879110861690713,0.23264718055725098,955942,24.358556242633355,25.63093641057206,25.908700548231327,27.667282963942615,27.44982319849863,1.3,8.0,-0.73,0.35
RTX,1968-05-21,0.23093348336177472,0.23093348336177472,0.22450671559503363,0.22793421149253845,1362726,24.875882593770797,25.898873211296287,26.062816855979477,27.753827101373673,27.50598542064267,1.31,16.0,-0.79,0.31
RTX,1968-05-22,0.22964817523955602,0.23821712459835473,0.22964817523955602,0.23521801829338074,910179,26.73405938859824,26.671616664690205,26.573738298027333,27.759691359431184,27.55462446403761,1.32,23.0,-0.93,0.2
RTX,1968-05-23,0.23564644157886505,0.23778858052982105,0.23564644157886505,0.23564644157886505,1403405,26.74688990530783,26.631527618503135,26.514536397829364,27.747448313253987,27.43704272480153,1.33,23.0,-1.03,0.21
RTX,1968-05-24,0.23693178940193063,0.24078786373138428,0.23693178940193063,0.24078786373138428,289834,26.245570337581608,26.939681056924304,26.68129924669226,27.826831168890966,27.519267259482017,1.33,27.0,-1.04,0.13
RTX,1968-05-27,0.24078784023137773,0.24164462089538574,0.23650337594625873,0.24164462089538574,833907,24.55286709251993,26.771939682231345,26.623304140378423,27.809924165707066,27.52004970188041,1.34,26.0,-1.17,0.16
RTX,1968-05-28,0.2416446444790109,0.2429300025888288,0.24078786373138428,0.24078786373138428,238986,24.20494039592927,26.765073485471667,26.249798765511645,27.809284651956062,27.514646547970056,1.35,19.0,-1.16,0.24
RTX,1968-05-29,0.24078759298910662,0.24507205287491426,0.23993062621667802,0.24421508610248566,335597,24.665529363459836,26.49744580645744,26.03327237540387,27.869486274022144,27.49760943244227,1.37,16.0,-1.11,0.26
RTX,1968-05-31,0.24421539500465772,0.24592914372902674,0.2425016462802887,0.2425016462802887,1586458,22.855671658100082,26.548014644431188,26.051939391604922,27.87342863396806,27.477851748654047,1.38,17.0,-1.07,0.26
RTX,1968-06-03,0.24335834663621897,0.2459290623664856,0.24335834663621897,0.2459290623664856,655939,23.29461919050763,26.66574973935666,26.151303121450514,27.928059052572628,27.33396437715896,1.39,21.0,-1.01,0.2
RTX,1968-06-04,0.24592924024320562,0.2476431766286079,0.24164477325665498,0.2433585226535797,1561034,23.37538245939797,26.755092453374886,26.003247342301766,27.94967744827433,27.285544722351947,1.41,13.0,-0.98,0.28
RTX,1968-06-05,0.24335838620205244,0.24421535391425012,0.23650339245796204,0.23650339245796204,752550,24.289301373704635,27.405676110280353,26.347222555027955,28.123873561274348,27.418924793481057,1.42,24.0,-0.95,0.21
RTX,1968-06-06,0.23650320480738443,0.23650320480738443,0.2313617765903473,0.2313617765903473,854246,24.796753222191608,27.478492287270278,26.4903543845855,28.227487061810187,27.4046480789418,1.43,29.0,-0.92,0.17
RTX,1968-06-07,0.23136188898925575,0.23521796202536896,0.23136188898925575,0.2335040271282196,1723747,24.831043054867845,27.502824265965415,26.53372416543796,28.243631464646384,27.198879762101104,1.43,31.0,-0.87,0.15
RTX,1968-06-10,0.2335041411674561,0.2335041411674561,0.2292196758087571,0.22964823246002197,630515,25.089295608388785,27.33460763971077,26.64487056198736,28.269556832909604,27.226279433352957,1.44,35.0,-0.83,0.11
RTX,1968-06-11,0.23221881839695957,0.2360748939063977,0.23221881839695957,0.23478953540325165,1281370,26.224926589554048,27.643640601873965,26.80018289489326,28.394438157876596,27.32928016325905,1.44,38.0,-0.78,0.04
RTX,1968-06-13,0.2347893515085215,0.23650328616259644,0.2330756038427353,0.2330756038427353,1642390,26.23354302615758,27.681452403129136,26.65309116220691,28.40279898282659,27.322943801368453,1.45,36.0,-0.75,0.09
RTX,1968-06-14,0.23307564232711528,0.23307564232711528,0.22622046354378605,0.22793421149253845,1189843,26.637856780710205,28.046347156143774,26.839556642508484,28.486242937179878,27.401460148536554,1.45,40.0,-0.71,0.05
RTX,1968-06-17,0.2279343552280666,0.22964827046945452,0.2215077288440511,0.2227930873632431,940688,27.154083276008212,28.41355152305457,27.05759179649449,28.31069851641016,27.48331412031674,1.45,41.0,-0.65,-0.01
RTX,1968-06-18,0.22279308736324308,0.22279308736324308,0.2193654230924117,0.2227930873632431,1291539,26.544865364919172,28.408774145330444,26.79250803080168,28.302832414410307,27.4627729043619,1.46,39.0,-0.63,0.05
RTX,1968-06-20,0.22279308736324308,0.2257922156883716,0.22193614013079566,0.2227930873632431,925434,26.515931168369306,28.06717174601257,26.718850794560478,27.996325006511537,26.994951310611675,1.46,39.0,-0.64,0.07
RTX,1968-06-21,0.22279285932204215,0.22579198457739488,0.22193591296672818,0.2219359129667282,783059,26.16171634726589,27.89398323354216,26.70410299302875,27.90835495703241,26.99563319489125,1.46,39.0,-0.64,0.09
RTX,1968-06-24,0.221936028899244,0.22279297570220044,0.21850851178169253,0.2185085117816925,467802,26.11948622414021,28.002648681816144,26.270384970915376,27.953554230538753,26.948474194291737,1.47,24.0,-0.57,0.18
RTX,1968-06-25,0.21850836951961636,0.22193588440564974,0.2176514024981143,0.22107891738414764,432208,25.001936229602318,26.622017767072663,26.34403247191462,27.99222834191483,26.952401019888434,1.47,25.0,-0.52,0.14
RTX,1968-06-27,0.22107903599538423,0.2253636656369525,0.22022223472595215,0.22022223472595215,1454253,25.00237685175401,26.330127551837972,26.181223604550514,27.96721639218936,26.947708612312265,1.48,23.0,-0.51,0.19
RTX,1968-06-28,0.22022226183690097,0.22536369338084863,0.22022226183690097,0.22065067291259766,2639011,24.714399767743014,26.22957204413033,25.855562158349915,27.96161057713748,26.935242609750297,1.49,7.0,-0.53,0.26
RTX,1968-07-01,0.22065052736750762,0.2227928306506827,0.21936517032936553,0.22107891738414764,635600,24.631596953086593,26.23852414862484,25.857091607065747,27.772040699206197,26.87469641332819,1.5,8.0,-0.56,0.26
RTX,1968-07-02,0.22279293069382392,0.22750580473427265,0.22279293069382392,0.22664883732795715,589837,24.53743423634264,25.762551769759977,25.99240004250842,27.93982754851001,26.77570604694693,1.5,15.0,-0.56,0.23
RTX,1968-07-03,0.22664875427824943,0.23307553999991754,0.22664875427824943,0.2305048257112503,508480,25.028205279665695,25.659101404637518,25.96255976882554,28.019538846318248,26.834083026449296,1.5,13.0,-0.52,0.24
RTX,1968-07-08,0.23050494345804126,0.23650334219178598,0.22921958565711972,0.22921958565711975,935603,24.827098309374644,24.3996265307334,25.96354569461356,27.743062020603027,26.836505461017072,1.51,14.0,-0.47,0.24
RTX,1968-07-09,0.22921965290427754,0.23136197886376111,0.22707751393318176,0.22707751393318176,2735622,24.84418197172934,24.4101777223475,25.90121609077776,27.754388437096495,26.724426628042767,1.51,10.0,-0.45,0.26
RTX,1968-07-11,0.22707730544676244,0.22707730544676244,0.22364962445632197,0.22536353766918182,1083062,24.231230086881066,24.397209404738238,25.912434803689617,27.6659801565811,26.729911162171998,1.51,12.0,-0.42,0.27
RTX,1968-07-12,0.22622046354378605,0.22921956920118267,0.22622046354378605,0.22793421149253845,554243,22.580008813403808,24.534528620070496,25.92960832861052,27.437083911853772,26.74431523535663,1.5,14.0,-0.4,0.24
RTX,1968-07-15,0.22793421149253848,0.22921956920118267,0.22450671559503363,0.22793421149253845,783059,22.566077455206603,24.534528620070496,25.47335723328147,27.429222094639723,26.71005137097606,1.5,2.0,-0.41,0.32
RTX,1968-07-16,0.22793411142258305,0.2305048257112503,0.22707733131851895,0.2305048257112503,462717,21.848687424032732,23.941910037421735,25.240333595852654,27.42272718369775,26.646179871683074,1.5,1.0,-0.42,0.36
RTX,1968-07-18,0.2313619436549335,0.23564640793349997,0.2313619436549335,0.23179033398628235,996621,21.896414693012904,23.076411875706004,25.24983269550507,27.43254167716455,26.61376592613663,1.5,2.0,-0.43,0.36
RTX,1968-07-19,0.2317902792193855,0.23350402712821963,0.23093347798264657,0.2335040271282196,549158,22.03088205860145,22.990968519884287,25.22013638406714,27.44817502083689,26.580822907575197,1.49,1.0,-0.43,0.36
RTX,1968-07-22,0.23350412633291728,0.23436109414557646,0.23221876810812586,0.2339327037334442,533904,21.5793533269834,22.983231903536982,25.164156898177726,27.437759504563097,26.58298971305701,1.48,1.0,-0.43,0.37
RTX,1968-07-23,0.23221856507944114,0.23221856507944114,0.2270773236636573,0.22750571370124817,930518,22.855112964204853,22.681083941770474,25.53840791480918,27.619314264672894,26.712030619152756,1.48,7.0,-0.43,0.29
RTX,1968-07-25,0.22364963146043185,0.22364963146043185,0.22065052736750762,0.22107891738414764,808483,23.569670935466096,23.23708425712689,25.907399806928062,27.64293217789749,26.743153839154477,1.47,17.0,-0.46,0.22
RTX,1968-07-26,0.22107917212185518,0.22364988916023915,0.22107917212185518,0.2227930873632431,472886,23.69403349482123,23.337384301686868,24.98206027933844,27.662579466310653,26.64810544939756,1.47,1.0,-0.48,0.13
RTX,1968-07-29,0.22279295533694515,0.22579208188480215,0.2210790411112166,0.2249351143836975,442378,22.665247390826863,23.403284971834225,25.002614772269578,27.6812614036625,26.56350248170338,1.46,2.0,-0.5,0.11
RTX,1968-07-30,0.2245067189321586,0.2245067189321586,0.22022223472595215,0.22022223472595215,549158,22.603676134959734,23.676180006494388,25.180953752984355,27.121885831100055,26.555389239962935,1.45,4.0,-0.52,0.06
RTX,1968-08-01,0.2202221074756733,0.2219358752361183,0.2167944472959738,0.21722300350666046,1016960,22.62314810482002,23.589631511783722,25.23187075235282,27.021506378433287,26.57081598193718,1.44,6.0,-0.54,0.04
RTX,1968-08-02,0.21722319641709786,0.21765158679648117,0.21593783829056762,0.21679463982582092,432208,22.216550133383752,23.58144859509319,25.200111952135728,26.986734525537525,26.548139520702673,1.43,5.0,-0.57,0.06
RTX,1968-08-05,0.216794698642294,0.21722325534983852,0.21422414790373592,0.2155093401670456,172883,21.03313294776449,23.578671576078296,25.119541517997973,26.905471666684804,26.415850965855164,1.42,3.0,-0.59,0.09
RTX,1968-08-06,0.21508064260378507,0.21508064260378507,0.21165314922437042,0.21336689591407776,584752,21.096423449695617,23.60978250265062,25.14106694332949,26.921542094194045,26.42905920493897,1.41,4.0,-0.6,0.08
RTX,1968-08-08,0.21336707947342198,0.21593779521365655,0.20651189982891083,0.20651189982891083,533904,22.110617688869635,24.294774598671033,25.423660266057517,27.056202203284023,26.61069060689848,1.39,13.0,-0.55,0.08
RTX,1968-08-09,0.20565497452183,0.20565497452183,0.20265586787125198,0.2039412260055542,894925,21.514260709111753,24.35752579312565,25.487822229694668,27.07371805850034,26.615056696077815,1.37,15.0,-0.49,0.05
RTX,1968-08-12,0.2039411899200261,0.2125101387500763,0.20222744170698237,0.2125101387500763,1301709,25.024726696508644,25.6768211032795,26.355905248840138,27.441885777184815,26.938043910649483,1.36,52.0,-0.52,0.08
RTX,1968-08-13,0.21251021151885705,0.21422412653065315,0.20479822764872788,0.20565500855445862,905094,26.600271515675534,26.371335784661397,26.838722794080816,27.69174875644905,26.789969025933313,1.34,71.0,-0.51,0.0
RTX,1968-08-15,0.20565482633064575,0.21165322229784655,0.20222733176788532,0.20522643625736237,727126,26.59835414729449,26.22206269050928,26.829281153553307,27.690085234407814,26.560393246434842,1.32,71.0,-0.51,0.0
RTX,1968-08-16,0.20522658442306535,0.2073689103126526,0.20394122628698935,0.2073689103126526,1235606,26.563365407937457,26.239115083775538,26.671912984264434,27.712666767519266,26.565951713478285,1.31,66.0,-0.54,0.05
RTX,1968-08-19,0.20736885269379576,0.20736885269379576,0.20436955988407135,0.20436955988407135,416954,26.499315925044858,25.549067343718207,26.72205847635985,27.758512246108108,26.594615757183714,1.3,70.0,-0.56,0.04
RTX,1968-08-20,0.20549199333479273,0.20549199333479273,0.1990165218125069,0.20376521348953247,615261,26.496846126164098,25.548853134726645,26.467494489937575,27.73838517729985,26.566772852034827,1.28,55.0,-0.59,0.14
RTX,1968-08-22,0.20592378234978506,0.2089458846633748,0.20592378234978506,0.20721891522407532,955942,27.061961333661362,25.724515341758618,26.585403184622784,27.6424568911181,26.608586095501046,1.26,62.0,-0.63,0.08
RTX,1968-08-23,0.20721874488914088,0.20937736070868695,0.20549196527963234,0.20808222889900208,457632,27.098303007154083,25.7117536416347,26.5993642309286,27.160252168231523,26.471614696838124,1.24,64.0,-0.68,0.07
RTX,1968-08-26,0.20808231413606637,0.20808231413606637,0.20419691711543086,0.2054920494556427,233901,26.018643288136722,25.098126051571246,26.654827819117777,27.176703664017577,26.429635077815426,1.23,68.0,-0.72,0.06
RTX,1968-08-27,0.20549211075886975,0.20808237621203177,0.2037653299268775,0.20678724348545074,498310,25.482056346473087,25.12731899326926,26.68177657979089,25.568858975779886,26.441734458670773,1.21,72.0,-0.77,0.04
RTX,1968-08-29,0.20678718179585454,0.2072188297724948,0.2037652691387906,0.2054920494556427,727126,25.487496237717732,25.049742209074267,26.6909770005882,25.474808888616085,26.4393556572741,1.19,73.0,-0.81,0.04
RTX,1968-08-30,0.20549213419514453,0.20808239994372504,0.205060486040504,0.20721891522407532,549158,25.658630826116237,25.104021713996982,26.52810626638339,25.50250554906013,26.458631127809234,1.17,60.0,-0.85,0.08
RTX,1968-09-03,0.20765081048011783,0.20980924027375406,0.20765081048011783,0.2076508104801178,1047469,25.66328436160633,24.816540863784358,26.41276086264128,25.465339893510237,26.4610112796649,1.15,53.0,-0.89,0.13
RTX,1968-09-04,0.2080823076553842,0.21067257225513458,0.2080823076553842,0.21067257225513458,564413,25.826481119833854,24.084246417011595,26.49555646834223,25.532103060843703,26.507033773041904,1.14,60.0,-0.92,0.09
RTX,1968-09-05,0.21067253940150063,0.2123993193952873,0.20721879100367152,0.21153585612773895,610176,25.889718198650495,24.103448169893614,25.56970761626196,25.538411520078053,26.5126253758752,1.14,17.0,-0.94,0.02
RTX,1968-09-06,0.2115357921771535,0.21801142977451363,0.2115357921771535,0.21757978200912476,1022045,27.10741019556151,24.41222004484019,25.8314954818332,25.497069985377113,26.678277353285505,1.12,23.0,-0.93,-0.01
RTX,1968-09-09,0.21844322895875165,0.2218969574410346,0.21844322895875165,0.21930669248104095,503395,27.172092580204655,24.46838375500048,25.796171687465563,25.443806154750455,26.69365157744607,1.11,22.0,-0.93,0.0
RTX,1968-09-10,0.21930675988351894,0.21973842897389712,0.21326293205954422,0.21455806493759155,274579,27.62944902865832,24.816502129156547,26.003132285924398,25.453912284751578,26.7405977516657,1.09,40.0,-0.93,-0.06
RTX,1968-09-12,0.21326279827559616,0.21326279827559616,0.20937740207883962,0.2098090499639511,533904,28.161278963165977,24.935514080342294,25.584904007322105,25.54207207860725,26.816734845297923,1.08,18.0,-0.91,-0.08
RTX,1968-09-13,0.2098090879184561,0.2115358891160041,0.20549204305563382,0.21067257225513458,411869,27.28149042448951,24.954052651658944,25.363386531785505,25.520546175714813,26.822918803242434,1.05,12.0,-0.87,-0.01
RTX,1968-09-16,0.21110434105863307,0.21585322501329232,0.21110434105863307,0.2119678258895874,467802,26.233094175368777,24.784436607724373,24.643445385630237,25.536717164358013,26.77929557575183,1.03,1.0,-0.86,-0.04
RTX,1968-09-17,0.21067253111606055,0.21067253111606055,0.20721878285406226,0.20894575119018555,457632,26.346026975187662,24.850240244717504,24.701994008708063,25.580215684179276,26.801951496297587,0.99,2.0,-0.85,-0.06
RTX,1968-09-19,0.20851410703340353,0.20851410703340353,0.20549219227605967,0.2076508104801178,981366,26.13285129155154,24.26542768039394,24.687311180865482,25.565230667535705,26.80436042126757,0.96,2.0,-0.84,-0.05
RTX,1968-09-20,0.20721894267628205,0.20721894267628205,0.2046288649949387,0.20635564625263214,828822,25.566205453786157,23.928741070399855,24.696750644282485,25.173204851971537,26.803342458657937,0.92,3.0,-0.83,-0.06
RTX,1968-09-23,0.20635561891479426,0.20851404809836557,0.20549213419514453,0.20721891522407532,376275,25.389326549166412,23.850819125701932,24.71293511547982,25.1716477380673,26.806675827059156,0.88,5.0,-0.82,-0.07
RTX,1968-09-24,0.20721874488914088,0.20808222889900208,0.20549196527963234,0.20808222889900208,589837,25.443018109656183,23.685185536966664,24.286300178936912,25.14826623846028,26.61179307810162,0.82,1.0,-0.78,0.02
RTX,1968-09-26,0.2080822973991891,0.20894578169330721,0.2063555172212287,0.20851394534111023,752550,25.423750482573137,23.17604758338264,23.74987796772167,25.00006679122484,26.603131730237216,0.77,1.0,-0.71,0.09
RTX,1968-09-27,0.20851394534111023,0.20851394534111023,0.2063555172212287,0.20851394534111023,533904,25.284654624816806,23.15245598329928,23.65215439525339,24.97647362011387,26.562932729913268,0.75,1.0,-0.64,0.14
RTX,1968-09-30,0.20894569624015505,0.21757978200912476,0.20894569624015505,0.21757978200912476,605091,26.413766703435176,24.483437959013663,24.68879160566984,25.513912702788804,26.909673362198582,0.7,6.0,-0.55,0.31
RTX,1968-10-01,0.22103341877962016,0.22966750677094624,0.22103341877962016,0.2262139469385147,1067808,28.15009066088915,25.362695038328248,25.05006624362982,25.83167881955553,27.208762378556887,0.7,12.0,-0.47,0.42
RTX,1968-10-03,0.22621412177395264,0.23139463300226745,0.2236238556925512,0.2244873195886612,1301709,25.93721813254212,25.414526990853176,25.04624564234379,25.841199848228612,27.216029692191363,0.7,12.0,-0.42,0.43
RTX,1968-10-04,0.2240553596317957,0.2240553596317957,0.21498960166030218,0.2171480506658554,732211,25.989705045401745,26.318471740256943,25.535926221604484,26.06869514925167,27.400072381589467,0.7,28.0,-0.39,0.35
RTX,1968-10-07,0.21714809868411616,0.21757991418756248,0.21067260369419902,0.21628478169441223,1723747,26.020236558818855,26.319200097197072,25.501388632868387,26.065022463951742,27.398226027654438,0.7,28.0,-0.43,0.37
RTX,1968-10-08,0.21628471612930816,0.2214652445314704,0.2149895840287676,0.21671636402606964,1088147,25.8915630967454,26.133298478522132,25.494016187500417,26.053219624445273,27.400302356534606,0.7,28.0,-0.47,0.37
RTX,1968-10-10,0.21671638179921937,0.2201701304873253,0.21671638179921937,0.2171480506658554,681363,25.441065920441652,26.02106834960712,25.381507700218613,26.017234522823156,27.393481958765747,0.7,24.0,-0.44,0.41
RTX,1968-10-11,0.21714809647875483,0.21930669248104095,0.21412618349553267,0.21930669248104095,1301709,25.494975979283403,26.09306744508895,25.440275400794725,25.999359411605365,27.414899697608618,0.7,27.0,-0.41,0.37
RTX,1968-10-14,0.2193067240421433,0.22103352572835697,0.21887507595679498,0.2206018567085266,727126,25.154792446705905,26.11857724737171,25.468000443194793,25.974505073103625,27.414812892378247,0.7,28.0,-0.41,0.35
RTX,1968-10-15,0.2206016510584023,0.22189678251743317,0.22017000337544626,0.22189678251743317,569498,25.17171600067743,26.14331539786736,25.48458460203528,25.7740729295518,27.39937454175448,0.7,30.0,-0.4,0.34
RTX,1968-10-17,0.2218968181299574,0.2236236184835434,0.2210333551497667,0.2236236184835434,686448,24.828633970924805,25.680285749386556,25.507210048168005,25.61124893531198,27.405329232868457,0.7,34.0,-0.47,0.32
RTX,1968-10-18,0.22362368285906745,0.2270774101672743,0.22017010209216398,0.2262139469385147,991536,24.93818977468533,25.55120128257411,25.585906563878385,25.65328237138125,27.433932620564004,0.7,39.0,-0.58,0.28
RTX,1968-10-21,0.2262140153735471,0.2275091478050786,0.2244872140004616,0.22664566338062286,264410,24.78597247045374,25.5312437611245,25.314101579545994,25.650847287238083,27.41580572685175,0.7,23.0,-0.58,0.36
RTX,1968-10-22,0.22664569838359078,0.22966761172043124,0.22621405030985167,0.22707751393318176,427123,24.741106123618316,25.4622222918389,25.314777337732863,25.543832020831474,27.210035016542662,0.7,24.0,-0.61,0.36
RTX,1968-10-24,0.22707750314662367,0.228804304704369,0.22189697286650473,0.22276028990745544,538989,25.568184666109484,25.719917866779053,25.411748370898344,25.62197454040035,27.26451108459934,0.71,27.0,-0.79,0.34
RTX,1968-10-25,0.22276008395651928,0.22319189908636733,0.216716242223232,0.22103330492973328,523734,25.465119184560137,25.65209378162964,25.314757617281458,25.596756140011394,27.039619770430107,0.71,24.0,-0.88,0.38
RTX,1968-10-28,0.22103336188709968,0.22189682489360962,0.2149895185963941,0.21757978200912476,366106,25.941204275473872,25.84098162728142,24.869191437995937,25.651190884763782,27.010877661546324,0.71,10.0,-0.84,0.42
RTX,1968-10-29,0.21757978200912476,0.22017004542185542,0.21412605558988415,0.21757978200912476,1545779,24.622811744087777,25.720664402666333,24.867061543250376,25.651190884763782,27.006830554140187,0.72,10.0,-0.79,0.42
RTX,1968-10-31,0.21801138814034052,0.22276009881780776,0.21801138814034052,0.22189678251743317,1311878,25.179242271497543,26.033325508365184,25.018652838893228,25.705483980022382,27.083350593512574,0.72,14.0,-0.77,0.36
RTX,1968-11-01,0.2244872556591027,0.2313945671056424,0.2244872556591027,0.22966761887073517,777974,26.12072078874978,26.966281305217095,25.626928146949062,25.9449991624445,27.29695000358644,0.72,46.0,-0.83,0.27
RTX,1968-11-04,0.22880431557295303,0.22880431557295303,0.2253505657520401,0.22707751393318176,396614,25.401392185950495,27.057281772863373,25.208455506039762,25.961758483518295,27.309401266675557,0.72,22.0,-0.79,0.33
RTX,1968-11-06,0.22707761423263995,0.23571173091756553,0.22276039888149668,0.2348482459783554,788144,26.94597275522963,27.33529796176406,25.74843080559934,26.277563890597033,27.39481128985973,0.72,48.0,-0.78,0.22
RTX,1968-11-07,0.2348480140585689,0.2348480140585689,0.23096261828469855,0.23398452997207642,666109,27.01661955669124,26.667444065007796,25.67692806856688,26.1180535606403,27.39127146590664,0.72,48.0,-0.78,0.25
RTX,1968-11-08,0.23398466065584567,0.2374384105205536,0.23398466065584567,0.2374384105205536,366106,26.67564307707052,26.78024707693461,25.742870423007176,26.13067496246297,27.433025522038694,0.72,49.0,-0.79,0.21
RTX,1968-11-12,0.23916517031356738,0.24909439413870024,0.23916517031356738,0.24823109805583954,1408490,28.895974805000517,28.171623755981372,26.46855732253354,26.65315265243933,27.594969504465194,0.73,75.0,-0.72,0.29
RTX,1968-11-13,0.24866271128297712,0.2607503829677133,0.24866271128297712,0.2564333379268646,2130531,29.64741533317352,28.461275707041832,26.500050504680456,26.66424357664774,27.787087957078178,0.73,78.0,-0.3,0.29
RTX,1968-11-14,0.25643332873330194,0.2590235933470044,0.25125296698170685,0.25211626291275024,1479677,30.460342393116708,28.54864854215615,26.650375974405915,26.736729808766803,27.760605053181393,0.73,85.0,-0.2,0.24
RTX,1968-11-15,0.25211627121539415,0.2590236018771192,0.24693593022767735,0.2572968006134033,1164419,30.710538176370733,28.76529930669883,26.62625747157193,26.741135971982843,27.657198666446124,0.73,84.0,0.07,0.25
RTX,1968-11-18,0.2572968006134033,0.2590236018771192,0.25557002028416437,0.2572968006134033,1072893,30.745738392103522,28.713359445366272,26.622418444694706,26.542851540026728,27.652995228168475,0.73,83.0,0.26,0.26
RTX,1968-11-19,0.2588605666292121,0.2605978628276719,0.2540830126143026,0.25712329149246216,594922,30.759717071991467,28.597209067402108,26.614837709461252,26.53941809417898,27.61611525439121,0.73,82.0,0.37,0.26
RTX,1968-11-21,0.2536483391943675,0.2536483391943675,0.24930506021295756,0.25147679448127747,1316963,29.967961721755103,28.115130622847733,26.771142301959227,26.579364889939512,27.70132451940072,0.74,94.0,0.37,0.24
RTX,1968-11-22,0.25147688461759166,0.2553858939685273,0.24930514957086147,0.25364843010902405,1138995,28.207646066458757,27.94054943918136,26.777202686950158,26.508278112682472,27.713380283235605,0.74,94.0,0.37,0.23
RTX,1968-11-25,0.25364846141390085,0.26059777010539253,0.2527799189322529,0.25972920656204224,1342387,28.56048917848791,27.156956179859186,26.94524295415847,26.653465601813824,27.811176451155223,0.75,99.0,0.5,0.17
RTX,1968-11-26,0.2597291410944783,0.2649409843983298,0.2597291410944783,0.2632037103176117,2674605,26.2575677489572,26.161917518563282,26.961552143132,26.63744664872108,27.844709962511484,0.76,99.0,0.66,0.14
RTX,1968-11-27,0.26320377666097866,0.2640724876362454,0.2588604745250731,0.25972920656204224,8598397,26.71224765661149,26.375147270371723,26.645244533049024,26.682966383424766,27.747307197135218,0.76,81.0,0.61,0.19
RTX,1968-11-29,0.2597290796562057,0.26407235860824585,0.2597290796562057,0.26407235860824585,874586,26.851608683507465,26.470403646784966,26.503853623873734,26.71484763365096,27.796987965903902,0.76,72.0,0.57,0.2
RTX,1968-12-02,0.2632035805633717,0.2632035805633717,0.25538573521485175,0.25582000613212585,701702,29.044582025589715,27.20977338718175,26.986680734289987,26.72584437903256,27.965916920241952,0.77,99.0,0.42,0.15
RTX,1968-12-03,0.25582000415340045,0.25799156933984074,0.24930499266878195,0.2510424554347992,813568,29.84737838141559,27.569497643684393,27.025384820653535,26.655406949972953,27.54647785785248,0.77,99.0,0.27,0.14
RTX,1968-12-05,0.24973970946961996,0.24973970946961996,0.23888140903540334,0.24105295538902283,1088147,32.577120188925576,28.864232295086374,27.59901890333923,27.089327826148523,27.748882625553655,0.79,100.0,0.22,0.22
RTX,1968-12-06,0.2410528337397329,0.24409330038900062,0.23844701734151072,0.2414872944355011,2649181,32.56697005591872,28.862565419426716,27.573146664944005,27.058835604621766,27.722264265935053,0.8,99.0,0.15,0.23
RTX,1968-12-09,0.24148738142675139,0.24583066306207638,0.2401843779806193,0.2440933883190155,447462,32.61764005170169,28.739378048775528,27.380141280288502,27.056774329601215,27.678410501841576,0.81,98.0,0.04,0.27
RTX,1968-12-10,0.24409342761395234,0.2466992453703636,0.2432246953248978,0.24322469532489777,315258,32.56505648822324,28.760271697297767,27.128991036737037,27.051783702397046,27.678197624438134,0.81,97.0,-0.07,0.35
RTX,1968-12-12,0.24322463682447457,0.24322463682447457,0.23975008761470779,0.24192163348197937,416954,32.64319623821572,28.748712002349937,27.146810071051096,27.04693952515413,27.58884362951103,0.82,97.0,-0.16,0.34
RTX,1968-12-13,0.2419215297192005,0.2440932642103221,0.23974998478332818,0.2406185269355774,472886,32.717026767189964,28.771648925617498,27.164515453176342,26.567884484999382,27.58525171187052,0.82,97.0,-0.24,0.34
RTX,1968-12-16,0.24061858397748984,0.24496186443411755,0.23975004161934083,0.24452759325504303,350851,32.3341008849534,28.906560082716915,27.262782038525845,26.61542674924809,27.56184692749382,0.83,97.0,-0.34,0.29
RTX,1968-12-17,0.2445276183503315,0.24496188957397422,0.24235588312149048,0.24235588312149048,828822,32.3690728547817,28.89849995026325,27.180510559408265,26.61542865574898,27.567950228218052,0.84,96.0,-0.42,0.32
RTX,1968-12-19,0.24235585824908207,0.24452759325504306,0.23888130970589758,0.24452759325504303,569498,31.909229754976337,28.927976190335347,27.15637789141595,26.62287606332197,27.582139778034392,0.85,94.0,-0.51,0.33
RTX,1968-12-20,0.24452757304135353,0.2462648471693353,0.23888128995895386,0.23888128995895386,381360,32.86098811014331,28.896100544264936,27.42043433420502,26.74636594618141,27.674605439331952,0.86,98.0,-0.56,0.25
RTX,1968-12-23,0.23888132377394772,0.2397500557385518,0.22976030158917402,0.23019476234912872,1128826,34.451309964491514,29.924173879108857,28.070195134907756,27.050357138660214,27.918927719217102,0.89,100.0,-0.58,0.18
RTX,1968-12-24,0.23019479360672096,0.2310633361339569,0.22932606152415388,0.2310633361339569,447462,32.99952792009107,29.552591094511993,28.074204469719305,27.04623619887691,27.9042798400148,0.91,100.0,-0.59,0.18
RTX,1968-12-26,0.2310633533947777,0.2349723637253425,0.23019481080266016,0.23280079662799835,630515,32.878247956437676,29.16448879345826,27.823445677797093,26.935106868913977,27.796858959427468,0.93,98.0,-0.61,0.26
RTX,1968-12-27,0.2328007792373876,0.23540661743613003,0.2310633361339569,0.2310633361339569,254240,31.440450330411252,29.220971732276414,27.722003129792196,26.949948860820555,27.472064401228597,0.95,97.0,-0.61,0.31
RTX,1968-12-30,0.23106316358379608,0.232366165956943,0.2284573273310041,0.2319318950176239,559328,31.449725380080906,29.209082224594514,27.713503051582116,26.949848553436205,27.466695878256253,0.97,96.0,-0.62,0.31
RTX,1968-12-31,0.23193197727002765,0.23236624836335676,0.22845740835118603,0.22889170050621033,762720,31.335093637365546,29.183027135017742,27.75329099468216,26.991869718372204,26.38726194455089,0.98,97.0,-0.62,0.3
RTX,1969-01-02,0.22976034296860268,0.23627535998821259,0.22976034296860268,0.23627535998821259,579667,29.910018114474322,29.784179687602258,28.176036449093463,27.243059585114597,26.512536757843126,1.01,100.0,-0.66,0.19
RTX,1969-01-03,0.23714400170221658,0.23975000751656583,0.23714400170221658,0.23757827281951904,264410,28.205805436746346,29.73982432123484,28.133896812478714,27.144255059299432,26.518757650433372,1.03,99.0,-0.69,0.21
RTX,1969-01-06,0.23627517307638377,0.23627517307638377,0.227588616958864,0.2319318950176239,498310,28.59227584431205,30.224486571956273,28.40076446236086,27.28086744754224,26.597697831850446,1.05,100.0,-0.7,0.14
RTX,1969-01-07,0.23193197727002765,0.23236624836335676,0.22802296876429531,0.22889170050621033,330512,27.878815087949487,30.377404227788684,28.423548125013614,27.202234201062815,26.621564027766514,1.07,100.0,-0.7,0.14
RTX,1969-01-08,0.228891664220076,0.2306289378732397,0.22758866159139657,0.22932593524456024,477971,27.907248339297237,30.377305316583914,28.41101373394651,27.17439433304788,26.6219430803448,1.09,99.0,-0.69,0.14
RTX,1969-01-09,0.22932603038452468,0.2323663079276808,0.2280230272152713,0.23019476234912872,396614,27.980902081330367,30.378759853073788,28.392706142716843,27.177668376400703,26.42309282758711,1.11,97.0,-0.68,0.15
RTX,1969-01-10,0.23019475841876302,0.23193203276300337,0.22672002017498016,0.22672002017498016,538989,27.650128294776422,29.34527527183814,28.491244227818672,27.235136758289897,26.413552637812465,1.13,100.0,-0.66,0.12
RTX,1969-01-13,0.22976030158917402,0.23280074762593492,0.22976030158917402,0.23019476234912872,528819,27.965163762802113,28.41357106741827,28.250655335235304,27.296276233606015,26.394155200875392,1.15,95.0,-0.66,0.15
RTX,1969-01-14,0.23019479360672096,0.23193206821652398,0.22585149124284437,0.2310633361339569,7871270,26.873125101023156,28.37344842515855,27.876462833692194,27.29701103805612,26.380011697499434,1.16,90.0,-0.68,0.24
RTX,1969-01-15,0.23106320889772394,0.23280065104442252,0.22932593524456024,0.22932593524456024,1988157,26.389315763558045,27.54574161204104,27.880328993656345,27.18732087974201,26.370461082700064,1.16,90.0,-0.69,0.24
RTX,1969-01-16,0.23106325677762954,0.24583055977760293,0.23106325677762954,0.24496182799339294,8079747,33.22884220888324,30.577624832897065,29.73352370483212,28.23421886631316,27.204829764966327,1.21,100.0,-0.75,0.98
RTX,1969-01-17,0.2449619309128731,0.25017394469740134,0.24322465616981226,0.2440933883190155,910179,32.762047720354545,30.5993655524407,29.532120321525685,28.225457090948776,27.205411801822656,1.24,99.0,-0.81,1.05
RTX,1969-01-20,0.2440933883190155,0.2449619309128731,0.24322465616981226,0.2440933883190155,142374,31.580214339233958,30.602062905860507,29.437958445617035,27.772031793199037,27.187924902598798,1.27,98.0,-0.86,1.08
RTX,1969-01-21,0.24192168766369446,0.24192168766369446,0.23975014131007497,0.24105295538902283,294918,31.3317865132042,30.698437670702077,29.514266503568788,27.73505667806634,26.93284355516759,1.31,98.0,-0.89,1.05
RTX,1969-01-22,0.2410529593799495,0.2432246953248978,0.23540667338953536,0.24322469532489777,538989,29.153710824431815,30.72340485508282,29.5191046462252,27.70901919584195,26.944606058486574,1.33,98.0,-0.93,1.03
RTX,1969-01-23,0.2440933203299499,0.2506081461906433,0.2440933203299499,0.2506081461906433,2577994,30.391128747937508,31.25550926687484,29.81171395534541,27.931829272666338,27.09833295263117,1.37,100.0,-0.98,0.89
RTX,1969-01-24,0.2506079289320404,0.25104238928665634,0.2458303814722939,0.2501736581325531,493226,30.267108721959307,31.241770281458475,29.306918956960864,27.6377608025325,26.988016642985784,1.39,94.0,-1.01,1.01
RTX,1969-01-27,0.25017372405179056,0.2510424554347992,0.2484364508409518,0.2510424554347992,828822,30.247184650446695,31.179096061156137,29.216104636264173,27.53836188470625,26.978408179716983,1.41,93.0,-1.04,1.03
RTX,1969-01-28,0.25104247243183075,0.2532140167036107,0.2493050095481772,0.2519110143184662,915264,30.192351556907184,31.181070652495496,28.53755127437592,27.124855884647577,26.981033549472812,1.42,92.0,-1.07,1.24
RTX,1969-01-29,0.2519110143184662,0.2536482876469284,0.25147674337514847,0.2519110143184662,3111898,30.127938968421393,31.183140474291783,27.998413938620743,27.10524507091469,26.903791551198175,1.43,81.0,-1.09,1.39
RTX,1969-01-30,0.25147682542763566,0.25147682542763566,0.24887081980705264,0.2488708198070526,518650,30.0521378920158,31.014031248020736,28.08141624264459,27.124184086806437,26.928736150089623,1.43,83.0,-1.11,1.35
RTX,1969-01-31,0.24756770690199834,0.24756770690199834,0.24235569797864215,0.24669897556304932,1062723,30.047887553830588,31.027708218909616,28.09915637043084,27.144451152638123,26.911978475707045,1.44,83.0,-1.11,1.37
RTX,1969-02-03,0.24669904129487688,0.24843650443571394,0.24539622827207816,0.2475677728652954,300003,29.958397219468146,30.81196649726849,27.978415817667457,27.147547385325566,26.912702275984625,1.45,78.0,-1.12,1.41
RTX,1969-02-04,0.24496182035084735,0.24496182035084735,0.23844699561595917,0.23844699561595917,955942,31.192235560811167,31.866250438156875,28.661930473427834,27.312649112350496,27.157843570635837,1.46,92.0,-1.1,1.27
RTX,1969-02-05,0.23844696535921986,0.2397499680519104,0.23714396266652932,0.2397499680519104,630515,29.180976891669637,31.65355382585227,28.56479629816867,27.082001402959666,27.134226389586182,1.47,91.0,-1.08,1.34
RTX,1969-02-06,0.23975000089192702,0.24061854310253286,0.2371439951495855,0.23801253736019135,228816,29.27698264284863,30.934743913675383,28.594920187309913,27.05700018804837,27.102914446606626,1.48,91.0,-1.06,1.33
RTX,1969-02-07,0.2388813342217213,0.2445276183503315,0.2388813342217213,0.24235588312149048,533904,29.64016435031944,31.037405225509886,28.62983107843023,27.13683118586914,27.143908144294425,1.5,91.0,-1.04,1.28
RTX,1969-02-11,0.2423558376743807,0.24496184363818035,0.2423558376743807,0.24365884065628052,508480,29.5412827547203,30.30252528537003,28.626409367653448,26.91909892458081,26.99683167384737,1.51,90.0,-1.03,1.28
RTX,1969-02-12,0.243658825094711,0.24496182799339294,0.24192155108155708,0.24496182799339294,361021,29.554058652669813,30.30424661017402,28.603947150836024,26.92077416320961,26.871359694104203,1.52,89.0,-1.02,1.28
RTX,1969-02-13,0.2526554416077387,0.2618348708364623,0.2526554416077387,0.26096057891845703,1688154,34.13194291205242,32.79152225184644,30.209481446403423,27.958898214310008,27.612881190901916,1.55,100.0,-1.01,1.48
RTX,1969-02-14,0.26139757799368657,0.2675172132527944,0.26139757799368657,0.26358309388160706,1632221,33.184896816945866,31.606100408150557,30.23412213245788,27.97434469342173,27.62925887074108,1.59,100.0,-0.99,1.45
RTX,1969-02-17,0.2635831092071674,0.26402017001617906,0.2579005344012562,0.25877484679222107,1601712,33.78690952708118,31.157482180480507,30.35014983626701,28.04291192241925,27.623897263773905,1.63,100.0,-0.99,1.44
RTX,1969-02-18,0.25877501025382615,0.2600863842821643,0.25265539197028924,0.2565893232822418,1922054,33.00180680688463,31.006249286780413,30.394290957711927,27.984117946659076,27.625651073734524,1.66,100.0,-0.98,1.43
RTX,1969-02-19,0.2565891558512377,0.2574634682239726,0.2552777826786041,0.2552777826786041,833907,32.73163868700556,30.741090964312995,30.120940580601506,27.980290981594287,27.60134285206737,1.68,96.0,-0.98,1.61
RTX,1969-02-20,0.2552777139257522,0.2552777139257522,0.2522179076046709,0.25352928042411804,788144,32.87053539346333,30.772090806578934,30.133522823457053,27.991578461584893,27.607495121331404,1.71,96.0,-0.97,1.62
RTX,1969-02-24,0.25352937108880474,0.2548407443772123,0.25090662451198953,0.25134387612342834,793229,33.05335374891273,30.8202908285756,29.94524190957561,27.99954085298256,27.620508261617534,1.73,94.0,-0.95,1.7
RTX,1969-02-25,0.25134377574149436,0.2579004487919672,0.25046946364075484,0.25265514850616455,1022045,32.60633386647972,30.501468485957627,29.702499915928815,28.000368605621105,27.5795811578446,1.74,91.0,-0.92,1.78
RTX,1969-02-26,0.25352943663427535,0.26227182149887085,0.25352943663427535,0.26227182149887085,549158,33.89712990778263,31.400710372403083,30.2308324265965,28.344827410077784,27.76280690766718,1.76,97.0,-0.9,1.53
RTX,1969-02-27,0.2622719357235702,0.2622719357235702,0.25877504384576655,0.2596491873264313,584752,34.15330490785264,31.0989200291374,30.28623042672648,28.21614045919294,27.773587193852634,1.76,98.0,-0.88,1.52
RTX,1969-02-28,0.2596492046324823,0.26270918395147863,0.2596492046324823,0.26096057891845703,691533,33.98147617378059,30.994068895539645,30.175379309167873,28.22156197653827,27.777572154482534,1.77,94.0,-0.87,1.55
RTX,1969-03-03,0.26096022101494676,0.26183451173387384,0.258774706187449,0.26139745116233826,544074,28.514864781905747,30.87446007277975,30.145186638252714,28.197856122551652,27.66360308155551,1.77,93.0,-0.88,1.56
RTX,1969-03-04,0.2631461850470584,0.2701401160511998,0.2631461850470584,0.26708030700683594,1047469,28.999151027204977,31.002915672014105,30.266490786202375,28.240005548808337,27.710910387151067,1.77,97.0,-0.89,1.45
RTX,1969-03-05,0.2670803541829551,0.2692658718949536,0.26576897996472615,0.2683917284011841,1016960,28.98986617243698,30.291993462621804,30.267679350822075,27.94406217249619,27.71052582157667,1.77,97.0,-0.91,1.45
RTX,1969-03-06,0.2683915875901171,0.2710141650745657,0.26620592264575327,0.27014002203941345,1032214,28.616687958713534,30.033936807951434,30.27303414691901,27.948867638943973,27.5361074690906,1.77,97.0,-0.92,1.45
RTX,1969-03-07,0.27014002203941345,0.2710141650745657,0.2692657306252693,0.27014002203941345,818653,28.593895383279687,28.743723896198155,30.275758585260636,27.924290312142176,27.534365420194952,1.75,97.0,-0.95,1.45
RTX,1969-03-10,0.2701399102368868,0.27363679888522474,0.2701399102368868,0.272762656211853,1291539,27.552348382548704,28.787691198343623,30.29356840616301,27.939870412334685,27.47618373840135,1.72,98.0,-0.98,1.42
RTX,1969-03-11,0.2727628099099725,0.2745112658178675,0.2692657709121704,0.2692657709121704,1220352,27.90084299088339,28.889821129662863,29.709135381347966,27.725942178591595,27.36933594612414,1.71,82.0,-0.97,1.65
RTX,1969-03-12,0.2692658366901638,0.27188858478371414,0.2644575711703574,0.26576894521713257,950858,28.257993626892365,29.028278268363916,29.21276966239504,27.750440393747038,27.399690565309214,1.69,74.0,-0.98,1.89
RTX,1969-03-13,0.26576894521713257,0.26751740155215176,0.2648946534586014,0.26576894521713257,488141,28.259222356597725,28.994998507927,29.176155565301816,27.705778386904267,27.33649794576911,1.67,73.0,-0.99,1.9
RTX,1969-03-14,0.2657688602327107,0.2675173160086294,0.26227182149887085,0.26227182149887085,1540694,28.590748679068973,29.119823206213063,28.736209028391624,27.732197205435728,27.30803582242467,1.66,72.0,-0.99,2.04
RTX,1969-03-17,0.26227189471771223,0.2631461864407501,0.2600863773801807,0.2605234384536743,676278,28.410352392303906,29.003618509191853,28.753482218621603,27.632130967756012,27.314612675433693,1.65,72.0,-1.01,2.03
RTX,1969-03-18,0.26052331487178326,0.2640202045440674,0.2579005681288341,0.2640202045440674,1479677,28.436717425704817,29.035206801110775,28.811099527741526,27.431013365803096,27.304095102617715,1.63,72.0,-1.03,1.98
RTX,1969-03-19,0.2640203886613649,0.26489470177638125,0.26052349655048757,0.26096057891845703,752550,28.717186467303396,29.114501515529746,28.89223697217364,27.469181995587604,27.327912976717894,1.62,72.0,-1.04,1.95
RTX,1969-03-20,0.26183482307680706,0.2666430885966134,0.26183482307680706,0.26576894521713257,955942,26.554769212073865,28.870313116485153,28.981984582848707,27.43615734084917,27.361206330647946,1.6,72.0,-1.05,1.88
RTX,1969-03-21,0.26664298356482996,0.2710141650745657,0.26664298356482996,0.27014002203941345,1683069,26.80542788856825,27.859121224499013,29.065431320788708,27.497305483098096,27.226209779763888,1.58,72.0,-1.05,1.81
RTX,1969-03-24,0.27014002203941345,0.2727627690998528,0.26970279154434607,0.27014002203941345,3920381,26.62240443469704,27.86346562963571,29.060664759522183,27.49293155936166,27.10738383839176,1.56,71.0,-1.04,1.82
RTX,1969-03-25,0.27013992426413286,0.27013992426413286,0.26751719934996954,0.2679542601108551,1469507,26.519887073339422,27.930180039225743,29.089490995512463,27.465253903840793,27.119481795514076,1.55,72.0,-1.03,1.83
RTX,1969-03-26,0.2679541612252691,0.2679541612252691,0.2657686462574702,0.26620572805404663,793229,26.665464554239517,27.916643132741864,29.07736815670135,27.463402805252972,27.10498158168701,1.53,71.0,-1.02,1.87
RTX,1969-03-27,0.26620589526235966,0.2692657029271272,0.26620589526235966,0.2675172686576843,991536,26.662488944090867,27.920136907062172,29.08202274867792,27.421380047873672,27.085393488438687,1.51,71.0,-1.01,1.86
RTX,1969-03-28,0.2675172686576843,0.2692657029271272,0.2670801865865694,0.2675172686576843,2186464,19.589683601538795,27.736120030777517,29.08318344952984,27.390342284323854,27.07849680806204,1.48,71.0,-0.99,1.86
RTX,1969-04-01,0.26751740155215176,0.268828775598927,0.26576894521713257,0.26576894521713257,1723747,19.503567633747164,27.12074790674508,28.921478153246188,27.18415677694645,27.079321452165743,1.46,65.0,-0.98,1.93
RTX,1969-04-02,0.2657688602327107,0.2666430033326684,0.26227182149887085,0.26227182149887085,838992,19.12742526098371,27.28784253416935,28.980328991940485,27.101321938173722,26.773665049809452,1.43,65.0,-0.98,1.9
RTX,1969-04-03,0.26227189471771223,0.2635832687112501,0.2587750033866428,0.2605234384536743,711872,19.061642209871586,26.817275683878556,28.876908577646137,27.09626855779411,26.767134335820142,1.39,62.0,-1.04,1.95
RTX,1969-04-07,0.26008641804433597,0.26008641804433597,0.2561522954486276,0.2596491873264313,1215267,19.023186705175657,26.6555112888189,28.88717407547638,27.022626305945245,26.753617958606128,1.35,62.0,-1.14,1.95
RTX,1969-04-08,0.2596490638347909,0.26489455813426027,0.2596490638347909,0.2631461024284363,1754256,19.239253968784897,26.755408953372,28.805437675489447,26.94444003728924,26.77676665982935,1.3,59.0,-1.19,2.01
RTX,1969-04-09,0.2631461971235822,0.26576894521713257,0.2631461971235822,0.26576894521713257,1067808,19.161889032782465,26.799511866951754,28.356176289412044,26.949974267379712,26.77731603894791,1.27,44.0,-1.18,2.26
RTX,1969-04-10,0.2657688131912448,0.27013999425133695,0.2657688131912448,0.2675172686576843,1311878,19.18640620743612,26.55896367510218,28.292771308852515,26.81872384027185,26.742241242782132,1.23,43.0,-1.18,2.28
RTX,1969-04-11,0.2675173127116516,0.27188849449157715,0.2666430000464659,0.27188849449157715,884755,16.59492649922491,26.579729144369598,27.923572992435187,26.730481214418468,26.78370287108123,1.2,33.0,-1.15,2.49
RTX,1969-04-14,0.27188849643111196,0.2731998700517445,0.2692657491898468,0.27101418375968933,2796640,16.30817375861478,26.60715078931307,27.921493583478924,26.73507431397641,26.6906220791109,1.17,32.0,-1.12,2.49
RTX,1969-04-15,0.2710141080980847,0.27713391354351286,0.2701399652467073,0.2762596011161804,2125446,17.076252352078182,26.732541513166165,27.984913122317813,26.820168652818833,26.75469326781298,1.14,34.0,-1.07,2.44
RTX,1969-04-16,0.2762596472469664,0.279319455094143,0.269265718979285,0.2714513838291168,1088147,17.983870801475312,23.64643046312958,27.285652525200167,26.905365250205914,26.813520347002946,1.13,20.0,-1.09,2.74
RTX,1969-04-17,0.2714513838291168,0.27713395982029454,0.27014001035561525,0.2714513838291168,1983072,16.928872409852254,23.623860191706417,26.81076647516873,26.83242975925244,26.809978328304872,1.12,9.0,-1.11,3.09
RTX,1969-04-18,0.27145141428490166,0.27669673919142956,0.2701400406642691,0.27101418375968933,838992,16.88837224697319,23.631328545128174,26.66533916082091,26.80537578975157,26.803523706102254,1.12,6.0,-1.13,3.19
RTX,1969-04-21,0.2692655337968985,0.2692655337968985,0.264020043510381,0.26620572805404663,798314,17.57987934844024,23.794879317924515,26.64022982798303,26.89347233981912,26.794379061803745,1.12,4.0,-1.15,3.28
RTX,1969-04-22,0.2640202045440674,0.2640202045440674,0.2587748806341393,0.2640202045440674,605091,17.721742592388537,23.83032723952224,26.675031327951775,26.915729651000152,26.800088131918997,1.12,6.0,-1.16,3.27
RTX,1969-04-23,0.26489460468292236,0.26882872609884867,0.26489460468292236,0.26489460468292236,742381,17.49108391760773,23.081536474455287,26.678974410605772,26.91688971784041,26.71723585118924,1.12,6.0,-1.17,3.26
RTX,1969-04-24,0.26489452186703505,0.26839155998189407,0.26402020934582865,0.2675172686576843,1072893,17.38573153377572,23.146582479072496,26.475275253117548,26.787623432587854,26.71012877725818,1.13,1.0,-1.19,3.35
RTX,1969-04-25,0.2675172686576843,0.26839155998189407,0.2666429561364779,0.2675172686576843,808483,16.953299886778538,23.1424551708656,26.44447213544775,26.720505177552077,26.709175379594406,1.13,1.0,-1.2,3.4
RTX,1969-04-28,0.26751733025295626,0.2683916217784697,0.2666430175304413,0.2666430175304413,793229,16.9834851891319,23.1537889094789,26.188595949471466,26.7140730224921,26.711520855135184,1.14,1.0,-1.21,3.67
RTX,1969-04-29,0.26664312345849567,0.2683917284011841,0.26664312345849567,0.2683917284011841,640685,16.5950528943835,23.181105804947286,26.124967242233993,26.69467436643457,26.718327438284735,1.16,1.0,-1.22,3.75
RTX,1969-04-30,0.2692657841632494,0.2806308965028798,0.2692657841632494,0.28019383549690247,4581405,20.460426587281038,24.556480772202647,26.903377865404583,27.13568982701006,27.051170701502297,1.15,11.0,-1.19,3.28
RTX,1969-05-01,0.2801941141005463,0.2836909871714436,0.27844567756509764,0.2797570526599884,2283075,20.224514402144212,24.46610443564185,26.785631449358803,27.110796859289714,26.95622214743969,1.15,9.0,-1.17,3.42
RTX,1969-05-02,0.27931934666891417,0.27931934666891417,0.2753852277755422,0.27713385224342346,1647475,20.104046812518696,24.577433558773308,26.3303673242119,27.139266164048127,26.939018255814613,1.16,3.0,-1.19,3.68
RTX,1969-05-05,0.27713415518219814,0.2780082775987455,0.2753855288028717,0.2753855288028717,549158,19.634140047339375,23.235137144151206,26.16698424246899,27.12646771640873,26.939939259805996,1.17,2.0,-1.2,3.79
RTX,1969-05-06,0.2753853817309042,0.2762596944536331,0.2727628039117439,0.2731998860836029,986451,19.26614344133262,23.3224854298538,25.34854883219293,27.14158972023168,26.622329767931102,1.21,1.0,-1.19,4.14
RTX,1969-05-07,0.27319986810285496,0.2740741595710405,0.27188849449157715,0.27188849449157715,513565,19.324674079127522,23.285311061183343,25.36663207581346,27.139076457247334,26.573966110860344,1.25,2.0,-1.17,4.14
RTX,1969-05-08,0.27188849643111196,0.27188849643111196,0.2692657491898468,0.27101418375968933,762720,19.192610529123574,23.07366532037992,25.32962805703662,27.143074678887864,26.538781766757552,1.28,1.0,-1.16,4.23
RTX,1969-05-09,0.2710140444147521,0.2718883566366372,0.26839146809791664,0.27057698369026184,1255946,19.090923704571996,23.072773461457917,25.322480094515576,26.92952944888651,26.53673066574258,1.31,1.0,-1.15,4.23
RTX,1969-05-12,0.2701400564504858,0.2701400564504858,0.2666430175304413,0.2666430175304413,345766,19.538201573500995,23.30228079554389,25.42508196857492,26.763105361216823,26.361718534346817,1.34,5.0,-1.11,4.15
RTX,1969-05-13,0.2666430175304413,0.26926576492497234,0.2666430175304413,0.2666430175304413,533904,19.538201573500995,19.41192596828816,25.40506440030907,26.751554928765053,26.287117290579488,1.37,5.0,-1.07,4.16
RTX,1969-05-14,0.2666427715362608,0.26839137417109693,0.25964884852750214,0.26139745116233826,1805104,20.286534899153665,19.74067898912677,25.50307715074302,26.845369663984563,26.050474801494676,1.39,7.0,-1.04,4.18
RTX,1969-05-15,0.2613978096655039,0.26227195320443175,0.26096057891845703,0.26096057891845703,569498,19.931492497907403,19.373595025144542,25.459632183425366,26.71914954672111,26.036202458879558,1.42,7.0,-0.99,4.21
RTX,1969-05-16,0.2609603628072144,0.2609603628072144,0.25615210039226805,0.25877484679222107,3467834,19.986638534421843,19.37225970972684,25.466527913988244,26.685552462065587,26.035316291261246,1.44,8.0,-0.95,4.26
RTX,1969-05-19,0.2603581313162839,0.2603581313162839,0.2559602063362255,0.25771933794021606,961027,19.997641597644815,19.361379413345134,25.187835518571216,26.69000836725478,26.0388791251279,1.47,1.0,-0.88,4.46
RTX,1969-05-20,0.25508060787047787,0.25508060787047787,0.24980301980854167,0.25068268179893494,732211,21.07818131008455,20.138318241796497,24.872193634452287,26.892355216337656,26.18784036488767,1.51,1.0,-0.82,4.58
RTX,1969-05-21,0.25068268179893494,0.25156234378932824,0.24628475572739203,0.25068268179893494,1840698,20.800707253700267,20.060819543561173,24.868149134257024,26.8616712539405,26.043014644176793,1.55,1.0,-0.75,4.6
RTX,1969-05-22,0.2506827227475125,0.25288178211260226,0.24628479595757605,0.24672453105449677,671194,21.020799333673487,20.290448734673593,24.985509827025602,26.63942629790434,25.915651951001028,1.58,3.0,-0.7,4.56
RTX,1969-05-23,0.24672457562327327,0.2480439730926169,0.246284840446918,0.2471645027399063,422038,20.296738322498257,18.711787271217855,24.952592980977713,26.5909866650705,25.89007796787503,1.61,3.0,-0.66,4.56
RTX,1969-05-26,0.24628464277768203,0.24628464277768203,0.24188671872309087,0.2427663803100586,427123,20.74372995183336,18.943960761960557,25.12177730544965,26.254046497328133,25.943150060308252,1.64,5.0,-0.63,4.46
RTX,1969-05-27,0.24276666580482004,0.24672466775049473,0.2410073405619097,0.24188700318336487,772890,19.5823980200483,18.90685077705109,25.035206427450873,25.954774550033,25.777760496316255,1.67,5.0,-0.64,4.52
RTX,1969-05-28,0.24012787280822132,0.24012787280822132,0.23572992220132308,0.23660941421985626,681363,19.885801948610368,19.369289664250008,24.784399385742375,26.09436510060032,25.86318344083423,1.7,1.0,-0.64,4.92
RTX,1969-05-29,0.23660933283019983,0.23748899515978988,0.23397053778171537,0.2339705377817154,391530,19.927013761515614,18.85155348819845,24.832226210386,26.107712279849167,25.88526217433757,1.74,2.0,-0.64,4.93
RTX,1969-06-02,0.2330911502314209,0.2330911502314209,0.22957269160291013,0.23177175223827362,1479677,19.942154586669407,18.849817258119803,24.581318490451842,26.072601335505734,25.891237485452727,1.77,1.0,-0.64,5.14
RTX,1969-06-03,0.2317716890979872,0.2374890148639679,0.2317716890979872,0.2374890148639679,661024,21.320634239873108,19.5546367122075,24.79070056455197,26.218706948673702,26.001004313598138,1.8,3.0,-0.67,4.77
RTX,1969-06-04,0.23748907685203546,0.23968794552195583,0.23616967887394255,0.23660941421985626,432208,21.279063260608705,19.552021971808564,24.797885097038947,26.15523138557463,25.9463747247554,1.82,4.0,-0.71,4.78
RTX,1969-06-05,0.23748877366726076,0.23924790474551172,0.23748877366726076,0.23880816996097565,427123,21.516394805102603,19.541524109037546,24.83252607575021,26.17154244228771,25.957283571674022,1.85,6.0,-0.74,4.72
RTX,1969-06-06,0.23880832995889945,0.23968780011720311,0.23485013842582703,0.23485013842582703,457632,21.466124410326966,19.645840371053605,24.85766057709583,26.20614382245391,26.008621587977114,1.87,7.0,-0.84,4.7
RTX,1969-06-09,0.2313317388628697,0.2313317388628697,0.22869294580471758,0.23001234233379364,1250861,21.942728059600036,19.890089704431556,24.96715000952114,26.321363673140358,26.081364610991027,1.9,11.0,-0.84,4.73
RTX,1969-06-10,0.23001234233379364,0.2313317388628697,0.22957243685735662,0.23001234233379364,203392,21.986031118160433,19.890089704431556,24.95981594848809,26.308757294196774,26.07580861761708,1.92,11.0,-0.83,4.76
RTX,1969-06-11,0.2300124681819686,0.230452224612236,0.22737367368003614,0.23045222461223602,716957,21.81667229252861,19.779589120662184,24.932598636696067,26.293094157450938,26.073224417808316,1.94,10.0,-0.84,4.75
RTX,1969-06-12,0.23045209852345433,0.23177149505253042,0.22913270199437827,0.23001234233379364,986451,16.42637387507747,19.757044709801956,22.582845638177687,26.294149252028387,25.95902748045571,2.0,1.0,-0.82,4.04
RTX,1969-06-13,0.2300124718076666,0.23748894971419066,0.2300124718076666,0.23441042006015778,233901,17.972426182816136,19.976058651005154,22.79008075837848,26.33288520546784,26.030191815772646,2.05,2.0,-0.84,3.75
RTX,1969-06-16,0.23748884611869753,0.23924797773361206,0.23748884611869753,0.23924797773361206,1866122,19.48212699473123,20.390258005404398,23.028760154762793,26.434182865451046,26.09261397940189,2.09,3.0,-0.86,3.45
RTX,1969-06-17,0.23924814772881542,0.23924814772881542,0.23133193254015055,0.2374890148639679,5954301,19.491199096722564,20.005290856309223,22.972954117423825,26.247776146352734,26.05039588400397,2.13,3.0,-0.87,3.49
RTX,1969-06-18,0.2374888923540175,0.23924802431140713,0.2357297390699387,0.23572973906993866,411869,19.48460300158246,19.672344183540787,22.954810427564475,26.24949346214192,25.836175008501694,2.17,3.0,-0.89,3.56
RTX,1969-06-19,0.23441027535975692,0.23441027535975692,0.22957242436958958,0.23221121728420258,716957,19.704000903517493,19.83891362823519,22.554063565373202,26.17999980874941,25.876964604705833,2.21,1.0,-0.94,3.99
RTX,1969-06-20,0.23221140605644222,0.23221140605644222,0.22913287580013275,0.22913287580013275,437293,19.831118903658766,19.930535726941535,22.641942578743677,26.090776559117124,25.88818919854967,2.25,3.0,-0.96,3.93
RTX,1969-06-23,0.229132850437949,0.231331888731086,0.2190175771286041,0.2225358635187149,8466192,20.932322078580302,20.65020920862332,23.072542658842266,26.322585447407338,26.043307089863614,2.28,8.0,-0.89,3.68
RTX,1969-06-24,0.22253597012662502,0.22517476615845824,0.2198973447084427,0.2198973447084427,183053,20.855256459199563,20.66343106935023,23.122625000044447,26.353019918749816,25.88221447456239,2.32,9.0,-0.81,3.67
RTX,1969-06-25,0.2198973325288246,0.22429526169150282,0.216378874034474,0.21681863069534302,437293,20.878145089882985,20.769977766615828,23.20969480693873,26.351013232413294,25.904616601318324,2.35,10.0,-0.7,3.62
RTX,1969-06-26,0.2154989075256875,0.2154989075256875,0.2111009636735966,0.21286028623580933,371190,20.804259614312897,20.985830091470405,23.304266603636346,26.43236935529326,25.93865080495348,2.38,11.0,-0.54,3.55
RTX,1969-06-27,0.21286059293319573,0.2146197260899754,0.20846266407107983,0.2102217972278595,930518,20.806330516692597,20.971404951415977,23.34083860819795,26.463754127401483,25.95320461463017,2.4,12.0,-0.38,3.52
RTX,1969-06-30,0.21022166572121953,0.21461959183216092,0.20934200372294587,0.21461959183216095,1144080,22.316267170358405,21.547410621643536,23.594836035625136,26.571606141707875,25.960203487072448,2.43,13.0,-0.39,3.25
RTX,1969-07-01,0.21461955539160313,0.21461955539160313,0.21110109993612547,0.21154102683067322,518650,22.431299627306263,21.669735277401774,22.97185658768872,26.623688354150083,25.802902673893453,2.45,6.0,-0.34,3.48
RTX,1969-07-02,0.21154113318120266,0.21242060353208275,0.2097818085988877,0.21066147089004517,849162,21.52615882423507,21.38544421752118,22.951742598064197,26.62738716805905,25.804627433911637,2.48,5.0,-0.31,3.53
RTX,1969-07-03,0.21022157825242044,0.21022157825242044,0.2084624469280243,0.2084624469280243,193222,21.49538429453887,21.238592274814224,22.978776318559525,26.656634523485103,25.72896639970591,2.5,9.0,-0.27,3.52
RTX,1969-07-07,0.20846252313893052,0.20978172815940985,0.20670319923121722,0.20758286118507385,259325,21.29988643249499,21.12328333340997,22.77108735582309,26.175458182329624,25.728209708734628,2.53,4.0,-0.27,3.81
RTX,1969-07-08,0.20714312153348066,0.20714312153348066,0.20274519574321956,0.2036246657371521,732211,21.524100024166025,20.90700531209124,22.915721903025172,25.852652484477023,25.794097095980185,2.55,6.0,-0.25,3.76
RTX,1969-07-09,0.2014259121764905,0.2014259121764905,0.19966658731806214,0.2005462497472763,518650,21.41197693038802,21.012475993076745,22.98534861723894,25.897317938636977,25.792116795987724,2.57,12.0,-0.23,3.76
RTX,1969-07-10,0.20054607252236603,0.20142573417421292,0.19790727950696327,0.20010633766651154,391530,21.43192648653044,20.409538452713644,20.464696690153712,25.605788254959112,25.7848620788527,2.62,1.0,-0.26,1.22
RTX,1969-07-11,0.20010644757770826,0.20054618267509325,0.19790738821029663,0.19790738821029663,427123,20.961711835018804,20.286818096941627,20.40609116577878,25.633135979236567,25.762341457272274,2.67,1.0,-0.29,1.32
RTX,1969-07-14,0.19790741991361593,0.20054621480112816,0.19746768474578855,0.19746768474578857,869501,20.927540684987733,20.267267777443802,20.253435278768617,25.632233395154408,25.74451610148204,2.71,1.0,-0.35,1.38
RTX,1969-07-15,0.1974675444672228,0.19966641068458557,0.19570841310530507,0.19966641068458557,411869,21.44316143122969,20.530964026638095,20.349101897439358,25.667245991615555,25.62053503521274,2.74,2.0,-0.44,1.26
RTX,1969-07-16,0.19966652243520616,0.2031849790684114,0.1987870522320887,0.20230531692504883,915264,20.32525933374805,20.68837015756917,20.495169114738815,25.68849416489865,25.56788596817564,2.77,5.0,-0.54,1.11
RTX,1969-07-17,0.20230525569205063,0.20362465253762185,0.20230525569205063,0.20318491756916046,132205,20.51449050706387,20.75365882865458,20.50912254432894,25.68376599440643,25.553860573555898,2.8,6.0,-0.65,1.07
RTX,1969-07-18,0.20142577238406129,0.20142577238406129,0.19702784717082977,0.19702784717082977,1474592,21.348106208358775,21.381219434662643,20.9809940766926,25.921571797200325,25.681869183261476,2.82,7.0,-0.72,0.99
RTX,1969-07-22,0.19702789111997387,0.19966649328434133,0.19175030291080475,0.19175030291080475,742381,21.990521744610717,21.631668248367646,21.307289984639397,26.09053049638667,25.71651921855798,2.83,8.0,-0.75,0.93
RTX,1969-07-23,0.18911151819310248,0.18911151819310248,0.18559323251247406,0.18559323251247406,1164419,22.895470538193337,22.297820711014545,20.84507120542048,26.317853002133575,25.904835037948033,2.84,7.0,-0.74,0.75
RTX,1969-07-24,0.18559323251247406,0.18779212107531962,0.1842738353946912,0.18559323251247406,330512,22.895470538193337,22.325579250639326,20.825217136531528,26.3157537529889,25.815697161722234,2.85,7.0,-0.75,0.75
RTX,1969-07-25,0.185593334785926,0.18603307008743286,0.18471367224257984,0.18603307008743286,127120,22.91154957545166,22.241452441148255,20.802112348662867,26.316558196333517,25.722912211625225,2.86,7.0,-0.79,0.77
RTX,1969-07-28,0.18603297881744862,0.1877921324274505,0.18515333803236828,0.1869126409292221,259325,23.122475580214154,19.887005116571427,20.82654924194725,26.23715456063739,25.7285537093934,2.86,9.0,-0.84,0.75
RTX,1969-07-29,0.18691256478362087,0.18999109301032077,0.18603290303020947,0.18735229969024658,579667,21.982146643298393,19.946610991200092,20.463299857416146,26.227529174687405,25.73026523956441,2.86,4.0,-0.9,0.91
RTX,1969-07-30,0.18603296654358323,0.18603296654358323,0.183394193649292,0.183394193649292,1245776,20.670846880826264,20.16527813798494,20.611356849499003,26.28047734602005,25.811261690291776,2.86,8.0,-0.93,0.87
RTX,1969-07-31,0.18339429163272572,0.18559333064515857,0.17767695441601433,0.18515342473983765,5445821,21.34739918343715,20.444387159006254,20.655862758569192,26.30959435851751,25.788774714783884,2.85,9.0,-0.98,0.84
RTX,1969-08-01,0.18515343969251838,0.18559334563336538,0.1825146438485817,0.1829545497894287,1301709,21.37159321675853,20.471866171200062,20.68728957286629,26.227741760325706,25.783453618220385,2.84,10.0,-1.02,0.83
RTX,1969-08-04,0.1829545497894287,0.18471368303860528,0.1829545497894287,0.1829545497894287,305088,21.413030760944192,20.514355324984237,20.582693962530833,25.885961511888322,25.781642612887058,2.83,8.0,-1.06,0.91
RTX,1969-08-05,0.1829545497894287,0.1829545497894287,0.18031575394549207,0.1829545497894287,818653,21.469923578772608,20.547625693267552,20.542403249852427,25.858565911357967,25.780347300835803,2.83,8.0,-1.11,0.92
RTX,1969-08-06,0.1829545497894287,0.18471368303860528,0.1829545497894287,0.1829545497894287,528819,20.55270255935671,20.566840658533366,20.498030826905854,25.52450616617541,25.779050957770348,2.83,7.0,-1.15,0.93
RTX,1969-08-07,0.18295447082442082,0.18295447082442082,0.1807554325835245,0.18207482993602753,986451,20.493604000765618,20.499537236707425,20.48996082051098,25.526298422336524,25.6533376419406,2.83,6.0,-1.19,0.95
RTX,1969-08-08,0.18207481320469113,0.18251454830169678,0.1811953216839861,0.18251454830169678,198307,20.505677236204352,20.537417787082784,20.456611660400434,25.458965993168476,25.593637014267323,2.83,4.0,-1.24,0.95
RTX,1969-08-11,0.18251445162440427,0.18295435710194294,0.17899616750480232,0.17943592369556427,422038,20.4336669809458,20.465122610943396,20.56132806877822,24.931710938277,25.6399739609661,2.83,12.0,-1.27,0.89
RTX,1969-08-12,0.17943592150672558,0.17943592150672558,0.17020031650618317,0.17064005136489868,945773,24.12482961584037,22.335970294278653,21.66671167184887,25.24954512840727,26.096404461253147,2.81,23.0,-1.27,1.52
RTX,1969-08-13,0.16976060547906371,0.16976060547906371,0.15656663846399155,0.16096456348896027,3350883,26.966049413262382,24.686271794516006,23.27624232524277,26.051462200126146,26.709464735150984,2.78,40.0,-1.22,2.22
RTX,1969-08-14,0.16096466242353302,0.16140457889119178,0.15656673469544244,0.1570066511631012,955942,27.29761016562491,24.915817090266675,23.194523675391636,26.043139512323787,26.78250739703732,2.75,39.0,-1.16,2.22
RTX,1969-08-15,0.16008509364806614,0.1614044796862308,0.16008509364806614,0.16096456348896027,976282,29.073325818811767,25.488611517506026,23.436514188034565,26.245877823174173,26.91171354225501,2.71,44.0,-1.15,2.15
RTX,1969-08-18,0.16096465944587118,0.16272397339344025,0.1574463941045962,0.16272397339344025,574582,29.63003642199028,25.719438548386897,23.560853601376806,26.293348210513923,26.910120705309552,2.67,45.0,-1.15,2.06
RTX,1969-08-19,0.1643227391075471,0.16698728799780702,0.1621020842835281,0.16387850046157837,457632,29.942810164876104,25.818033889666896,23.634047207152186,26.213172947932588,26.91445090756798,2.63,47.0,-1.17,2.02
RTX,1969-08-20,0.16387850046157837,0.16521086105164026,0.1621020842835281,0.16387850046157837,244070,29.827112970149837,25.79525515693244,23.64540207723156,26.1822045429187,26.900506579048688,2.58,48.0,-1.19,2.01
RTX,1969-08-21,0.16387854627360882,0.1656551460062856,0.16032571292431846,0.1634344905614853,772890,29.75613537100026,25.70393798984706,23.596161444898534,25.997146005751564,26.898852470157376,2.53,47.0,-1.21,2.05
RTX,1969-08-22,0.1625462055006502,0.1625462055006502,0.1563286494540454,0.15988166630268097,2928845,30.03995444230454,25.887929093884892,23.736848389572305,26.029083880937765,26.847214514767504,2.48,50.0,-1.22,1.93
RTX,1969-08-25,0.15988167661968836,0.16165810439773098,0.1563286595417801,0.15766102075576782,264410,30.082307388841034,25.738448096708144,23.777345259521223,26.033185532805614,26.737549491929634,2.44,51.0,-1.23,1.89
RTX,1969-08-26,0.15677273107550901,0.15677273107550901,0.15544036972777078,0.15588460862636566,559328,30.057241350638865,25.739313338804,23.76283678782072,25.950374373270822,26.740585802883558,2.38,51.0,-1.23,1.9
RTX,1969-08-27,0.15632852575919085,0.16165796605432137,0.15632852575919085,0.15810494124889374,783059,30.238094105489218,26.086152238160754,23.958968509089047,25.800508032259213,26.763356637027226,2.33,53.0,-1.25,1.79
RTX,1969-08-28,0.15810494124889374,0.160769661396459,0.15721681964894085,0.15810494124889374,1571203,29.683495624545543,25.326498066186808,23.970739335647938,25.730412008109845,26.689935471892824,2.28,54.0,-1.26,1.78
RTX,1969-08-29,0.1581048148767556,0.1683194488286972,0.1581048148767556,0.1683194488286972,1362726,35.96426877270583,29.04357402796268,26.107872736605824,26.469809219176057,27.415277655728453,2.24,81.0,-1.28,3.23
RTX,1969-09-02,0.16876385366944685,0.17631376629417805,0.16876385366944685,0.17231668531894684,1296624,36.1890549116439,29.498367010467753,26.385132156219665,26.63720987671656,27.524174122668054,2.2,86.0,-1.3,3.04
RTX,1969-09-03,0.17231663123313593,0.17276069736154212,0.16698720237371426,0.1692078560590744,422038,35.79252430111073,29.524316789775234,26.417790327576945,26.664433014907406,27.57394965690052,2.17,87.0,-1.31,3.04
RTX,1969-09-04,0.16920794601164732,0.16920794601164732,0.16254614293575287,0.16254614293575287,655939,36.37468920718218,30.212403012332,26.801564331421634,27.042981407499884,27.83702555693116,2.15,95.0,-1.31,2.92
RTX,1969-09-05,0.16254607688616193,0.16254607688616193,0.15677258117511111,0.15810494124889374,1098317,36.96355325845708,30.517689016051584,27.037579582264605,27.207979070700034,27.784984778116918,2.14,98.0,-1.31,2.77
RTX,1969-09-08,0.15810494389592902,0.1589932485686636,0.15321974199283886,0.15455210208892822,564413,37.22332561528608,30.6537786734706,26.886492463502677,27.312253900874644,27.84591326004274,2.12,97.0,-1.31,2.91
RTX,1969-09-09,0.15455213510964455,0.15810497767572515,0.1523314806344809,0.15499620139598846,1108486,37.18015421914673,30.70101685725131,26.854789263832302,27.230276958232498,27.523915942789206,2.11,97.0,-1.3,2.91
RTX,1969-09-10,0.1549962511527095,0.16254616651660195,0.1527757682545658,0.15899333357810974,2471213,38.232729312765095,30.960528088503093,27.290669127122456,27.41995806362716,27.470164283270567,2.12,100.0,-1.3,2.63
RTX,1969-09-11,0.15899333357810974,0.16254616651660195,0.15899333357810974,0.15899333357810974,427123,37.96186744204578,30.481878241221988,27.297486724219834,27.388670036194885,27.47014444948756,2.13,100.0,-1.3,2.62
RTX,1969-09-12,0.1589932700742238,0.1594373255576419,0.15366382896900177,0.15366382896900177,966112,38.63397690465422,30.990631606775622,27.606559876211755,27.53342855791266,27.64441093589459,2.15,100.0,-1.28,2.46
RTX,1969-09-15,0.1536639464841221,0.15544036360236782,0.15011110147950849,0.1527758240699768,1149165,38.59577164745356,30.992047917594196,27.603090320099515,27.227317018567653,27.61568429319127,2.16,99.0,-1.27,2.46
RTX,1969-09-16,0.15277569174007588,0.15321974717845943,0.15188738703727722,0.15188738703727722,844077,38.55386153378436,30.950358600489448,27.567223049723705,27.221007847008316,27.619062071082745,2.17,98.0,-1.25,2.5
RTX,1969-09-17,0.15188747987396695,0.15233154635188575,0.15011106320861953,0.15055511891841888,1001706,38.51521893612491,30.92506120158889,27.46058818019133,27.206530761106617,27.570451742845542,2.19,97.0,-1.23,2.59
RTX,1969-09-18,0.15055502180066016,0.15588446218501759,0.15011096637730537,0.15455210208892822,3472918,39.631770935696345,31.307815714468028,27.911520182750156,27.40946827439108,27.70182005751156,2.21,100.0,-1.21,2.33
RTX,1969-09-19,0.15455224727862743,0.15810509242324722,0.15455224727862743,0.15588460862636566,1586458,39.845238807618905,31.426067279807988,27.998795120004104,27.430284590751082,27.69545113651754,2.24,100.0,-1.19,2.25
RTX,1969-09-22,0.15455220137628617,0.15455220137628617,0.1514434237636131,0.15233154594898224,1189843,40.10660716541154,31.581136274714144,28.072523740009753,27.51059866185806,27.772265494608327,2.27,100.0,-1.17,2.23
RTX,1969-09-23,0.15277581962490233,0.16121385991573334,0.15277581962490233,0.16121385991573334,1286454,43.86252173673502,33.96728303035368,28.75005711219464,28.09621127846567,28.364119058565624,2.3,100.0,-1.17,2.64
RTX,1969-09-24,0.16343425091210295,0.17231651508710402,0.16343425091210295,0.1683194488286972,2613587,43.57442141657611,35.304254581885566,29.76451311508635,28.588482657263903,28.690100974788407,2.35,100.0,-1.17,2.31
RTX,1969-09-25,0.16831968867613814,0.16965204958352503,0.16565513915126928,0.1660992056131363,859331,40.195215272012796,34.98621551756547,29.785123522731755,28.49930167698913,28.715582650208532,2.41,100.0,-1.18,2.3
RTX,1969-09-26,0.1660992056131363,0.16654326130688424,0.16165806719722764,0.1660992056131363,320342,39.439465742597136,34.93196797913312,29.79552334550833,28.468133118798235,28.674444977845166,2.47,100.0,-1.18,2.28
RTX,1969-09-29,0.16609911535729113,0.16698723703031365,0.16254609025954056,0.1665431708097458,681363,38.83360442965321,34.958913089051684,29.8169009642532,28.469687728660993,28.67229423162424,2.54,100.0,-1.17,2.25
RTX,1969-09-30,0.16654326130688424,0.16698732776875125,0.16521090039949735,0.1660992056131363,274579,38.73680317296886,34.932806208548186,29.819092432486556,28.4621868146468,28.52330136658061,2.6,100.0,-1.18,2.25
RTX,1969-10-01,0.1656550886072264,0.1656550886072264,0.16210207343101501,0.16210207343101501,284749,39.35269094779504,35.18638191161177,29.976674445393247,28.543284677671082,28.60372253753387,2.66,100.0,-1.18,2.18
RTX,1969-10-02,0.16165796605432137,0.16165796605432137,0.15721681964894085,0.15810494124889374,732211,39.9927529613549,35.31062115347021,30.1355791375046,28.600758182012182,28.627710023067966,2.73,100.0,-1.2,2.11
RTX,1969-10-03,0.15810508619283614,0.15810508619283614,0.15144346277474263,0.1527758240699768,1057638,41.127729361662034,35.77735375242615,30.4490921441942,28.844495854562947,28.740630128390016,2.79,100.0,-1.21,1.98
RTX,1969-10-06,0.1527756865694841,0.15588446218501759,0.1527756865694841,0.15455210208892822,1088147,40.87752004156051,35.92650963894154,30.558011905923387,28.884115918779425,28.76425178788994,2.86,100.0,-1.23,1.9
RTX,1969-10-07,0.15410802240404484,0.15410802240404484,0.1509990642200482,0.15144330263137817,508480,41.09126345817199,36.05085786006197,30.56351380671328,27.80198349438048,28.817871628011094,2.93,100.0,-1.24,1.9
RTX,1969-10-08,0.15144334695774614,0.15544024472872536,0.14922268188855323,0.15366382896900177,920349,41.22910323387118,36.258723589151934,30.722840263685757,27.876370156715847,28.831719101931057,3.0,100.0,-1.25,1.79
RTX,1969-10-09,0.15366388932532318,0.1607697489813185,0.1527757672415352,0.1594373881816864,1052554,42.4389757751365,37.098610192630396,31.43900869376168,28.263193254808204,29.07782463556713,3.08,100.0,-1.26,1.52
RTX,1969-10-10,0.1594373676869832,0.15988160634572313,0.1545521638322622,0.1554402858018875,696618,43.08654467274609,37.18980529343114,31.60739081814814,28.3690365293407,29.17501510305082,3.16,100.0,-1.27,1.46
RTX,1969-10-13,0.15544035412372573,0.15766102075576782,0.15455223176373747,0.15766102075576782,747466,39.010267522059586,37.34297926646947,31.543191645054787,28.40525692511134,29.21042448802641,3.23,99.0,-1.26,1.44
RTX,1969-10-14,0.15854930517466923,0.1625462055006502,0.15854930517466923,0.15988166630268097,2455958,38.562654221619646,37.10996186185056,31.673408296850088,28.21211113582954,29.244651515692837,3.31,100.0,-1.24,1.36
RTX,1969-10-15,0.15988166630268097,0.15988166630268097,0.15721694404665745,0.15988166630268097,900010,38.278126669285534,36.78605425969142,31.628100186807558,28.21351780266104,29.243167195960357,3.38,99.0,-1.22,1.37
RTX,1969-10-16,0.1594374377656889,0.1594374377656889,0.15544035412372573,0.15766102075576782,930518,36.72378927202636,36.34079450073961,31.649479902985288,28.237232431242674,29.271541170285026,3.45,99.0,-1.2,1.37
RTX,1969-10-17,0.15766100828012092,0.16032573049723806,0.1567727029323578,0.1567727029323578,1967818,35.8777328384087,36.34119000197041,31.576484323727822,28.23037143956928,28.94463207602676,3.52,96.0,-1.16,1.4
RTX,1969-10-20,0.1567727029323578,0.1594374251494749,0.15632864717156236,0.1567727029323578,757635,35.24121537891649,36.330015705085756,31.583915075555314,28.23037143956928,28.662003385237515,3.58,96.0,-1.13,1.39
RTX,1969-10-21,0.15677267558661062,0.15677267558661062,0.153219831699502,0.15410813689231873,1184758,35.598559544784045,36.411609071716846,31.523263730095792,28.260263749783743,28.69827180835321,3.64,93.0,-1.07,1.42
RTX,1969-10-22,0.15410810670630393,0.1634344479545723,0.15410810670630393,0.16254614293575287,1901715,38.16458514870978,38.198109028425904,32.80048653806323,29.015839315709872,29.04003395374123,3.73,100.0,-1.0,1.3
RTX,1969-10-23,0.16254617858472353,0.1660992056131363,0.15988163982797374,0.1660992056131363,3757667,38.63991353677674,38.30101007160246,33.03057699678889,29.145901203506437,29.12770803790109,3.81,100.0,-0.92,1.17
RTX,1969-10-24,0.16609911535729113,0.16787553099314753,0.1647667551738894,0.1665431708097458,2318669,37.140550581882515,38.24101498356228,32.7457605826211,28.846673464531765,29.12849491223816,3.88,98.0,-0.85,1.31
RTX,1969-10-27,0.16654328584081945,0.17009631339263814,0.16609923008165645,0.1696520745754242,2267821,37.32547766813469,38.40339614512857,32.93216951415234,28.93522586364794,29.192452261658048,3.96,99.0,-0.77,1.2
RTX,1969-10-28,0.16965203105833637,0.17009626976159956,0.1669873095345374,0.1674315482378006,1088147,37.54490848508208,38.479804629685084,32.90657410349239,28.959010667961486,29.197341956336754,4.03,98.0,-0.7,1.24
RTX,1969-10-29,0.16743154838406568,0.16743154838406568,0.16565512120723724,0.16565512120723724,554243,37.60053173064109,38.524374989264984,32.85897697261169,28.87863462441941,29.204657376137284,4.1,97.0,-0.62,1.26
RTX,1969-10-30,0.16565504913672324,0.16698723703031365,0.1643226889533215,0.1665431708097458,193222,36.97179043187801,38.54976192823513,32.770204068948416,28.87857892326068,29.20348470986673,4.16,95.0,-0.51,1.27
RTX,1969-10-31,0.16698732804540187,0.17187270522117615,0.16698732804540187,0.17187270522117615,1174589,37.88521537981524,39.13300739728432,33.227518626586914,29.138368121205893,29.372137466919305,4.23,100.0,-0.39,1.08
RTX,1969-11-03,0.17187262981927393,0.1736490456440239,0.16876385366944685,0.17231668531894684,615261,37.05763564853189,39.133640018762925,33.230161821660765,28.091553060038226,29.347350824064595,4.3,100.0,-0.26,1.08
RTX,1969-11-04,0.17231676091565976,0.17231676091565976,0.16920798340198764,0.17187270522117615,401699,33.56934126763777,38.99228664455304,33.22982079537143,28.053384638581306,29.346196241426544,4.35,99.0,-0.13,1.08
RTX,1969-11-05,0.1718727386665364,0.1727608609964458,0.17054037749767303,0.17054037749767303,401699,31.334954979076247,37.635145679357834,33.05276233452236,27.995988880170188,29.352233862902356,4.4,97.0,-0.02,1.19
RTX,1969-11-06,0.17054022856063036,0.1727607101202011,0.17009617316754094,0.1727607101202011,457632,31.258869725170335,35.69955397261621,32.93775109369945,28.044239397304604,29.329613321267466,4.45,95.0,-0.03,1.24
RTX,1969-11-07,0.17276072620628188,0.17986658228741167,0.17098431064250688,0.17764610052108765,1916970,32.188274556229445,35.69174475960649,33.29913378043709,28.266845728033836,29.463486681146705,4.49,100.0,-0.07,1.07
RTX,1969-11-10,0.17853436094238345,0.18475210021990932,0.17853436094238345,0.1816433221101761,1683069,32.707130469041736,35.623522631552774,33.52897237959702,28.40608315450944,29.51579961765952,4.54,100.0,-0.17,0.95
RTX,1969-11-11,0.17231679444743053,0.17231679444743053,0.1683197217089615,0.17054037749767303,1169504,37.876511279156695,37.98335307698947,34.8243777477264,29.305058958191132,30.167152624551285,4.61,100.0,-0.26,1.01
RTX,1969-11-12,0.17054032434864141,0.1718726851022735,0.1669873084983668,0.16787560284137726,7057702,37.45785275135247,38.10967592056953,34.844484850561805,29.33584089017297,30.131959491311306,4.67,100.0,-0.35,1.0
RTX,1969-11-13,0.16698737151982107,0.16698737151982107,0.16032574829555019,0.16121385991573334,1108486,38.650276344014415,39.02048178131102,35.10455553600823,29.301464918522026,30.176346043459418,4.74,100.0,-0.35,0.95
RTX,1969-11-14,0.16121381402110624,0.16343448009176872,0.1598816362019563,0.16165806353092194,462717,37.20473367907915,39.02195888138579,35.089248817018884,29.295429465561256,30.162657634465965,4.8,99.0,-0.34,0.95
RTX,1969-11-17,0.163272870363937,0.16416985310011212,0.16058153063086503,0.1614786982536316,391530,37.099469044822165,38.75756522934924,35.04594233902652,29.281795782587373,29.95733577521073,4.86,98.0,-0.31,0.96
RTX,1969-11-18,0.16058143442750858,0.16058143442750858,0.15789009630680084,0.15789009630680084,513565,37.21443987711021,38.92858984901778,35.097316485208545,29.370669290429923,30.03001428722505,4.91,99.0,-0.23,0.95
RTX,1969-11-19,0.15789009630680084,0.1587872633920801,0.15609592527137237,0.15789009630680084,2928845,37.00546987649528,38.85661080632329,35.06734842179187,29.229982275082477,29.9863000233149,4.96,97.0,-0.13,0.95
RTX,1969-11-20,0.15789019512306648,0.15789019512306648,0.15609602296474756,0.15699301660060883,462717,35.43233196211067,38.765453482013676,34.86558525747833,29.21696622088789,29.62996971873258,5.01,95.0,-0.13,1.04
RTX,1969-11-21,0.15654455534202055,0.15654455534202055,0.15340471267700195,0.15340471267700195,884755,35.29982744560628,39.051015680775905,34.96432465007529,29.291829931210668,29.50488410827365,5.05,95.0,-0.11,1.01
RTX,1969-11-24,0.15340469638681448,0.15385319868125782,0.15161053494947796,0.15250752866268158,600006,35.055461238310585,36.78001601871163,34.96654398025706,29.291189580869258,29.469297573907948,5.09,95.0,-0.11,1.01
RTX,1969-11-25,0.15250752866268158,0.15340469638681448,0.150713356349662,0.15250752866268158,1032214,34.765308176390974,36.408143848441185,34.95073657518755,29.253859178550947,29.384599837486142,5.13,93.0,-0.1,1.01
RTX,1969-11-26,0.1520589849565916,0.1520589849565916,0.1493676456523967,0.15161049365997314,513565,34.78413753496777,36.26174190616903,34.9530852002091,29.232985511989163,29.38633818520841,5.16,93.0,-0.11,1.01
RTX,1969-11-28,0.15161046547749396,0.15519879758358002,0.15161046547749396,0.15519879758358002,472886,35.326216705281574,35.72729524408403,35.107987474471905,29.377502526388522,29.49639383291692,5.19,100.0,-0.06,0.94
RTX,1969-12-01,0.15519895048184135,0.1574417894064133,0.1543019562959671,0.1543019562959671,1118656,35.328071602184124,35.301500650451906,35.05425675891932,29.377205817955097,29.429128050924913,5.22,95.0,0.05,0.96
RTX,1969-12-02,0.1543018217530419,0.15519881515678596,0.151610482644392,0.15205897390842438,335597,35.56312944016619,35.121575272863836,35.106061882795075,29.384516302665475,29.437356375626873,5.21,99.0,0.14,0.94
RTX,1969-12-03,0.1520589411432559,0.15519878171505483,0.14981628954410553,0.14981628954410553,559328,35.479206884055294,35.2415815908081,35.134190858466674,29.414728841050014,29.35147222961453,5.2,100.0,0.25,0.93
RTX,1969-12-04,0.14981628954410553,0.1507132718788914,0.14533077970794211,0.14981628954410553,1205098,31.541857860867843,34.82219756992791,35.136866814668814,29.352271827673732,29.311198072775017,5.18,100.0,0.37,0.93
RTX,1969-12-05,0.14981628760316323,0.15071326992632827,0.1480219314324669,0.14936760067939758,442378,30.68634313362634,34.82397757465605,35.066771255912975,29.334811161058976,29.290297207143144,5.16,92.0,0.41,0.97
RTX,1969-12-08,0.1498162935144394,0.15205894517302307,0.1498162935144394,0.15026478469371796,355936,30.759690748681212,34.16153216984935,35.0019265688141,29.244835440327854,29.241219929246036,5.14,89.0,0.25,1.0
RTX,1969-12-09,0.15026481309006706,0.15609598257139923,0.15026481309006706,0.15205897390842438,528819,30.407253021292092,34.23351375963018,35.0623387298365,29.207865789659675,29.124337393093967,5.11,91.0,-0.18,0.97
RTX,1969-12-10,0.15205902636823823,0.15250752866268158,0.14981637351214144,0.15250752866268158,569498,30.327259928516597,34.21776008782912,34.787525223656,29.214477100888033,29.079728005756316,5.09,80.0,-0.39,1.05
RTX,1969-12-11,0.15205898074716254,0.15205898074716254,0.14802197190262623,0.14891915023326874,691533,30.846580916059846,34.52074203983101,34.73141508813408,29.310677814835177,28.903712339344107,5.06,79.0,-0.43,1.07
RTX,1969-12-12,0.14891913885461358,0.15161047787866386,0.14577930858062882,0.14667630195617676,386445,30.90562304430284,34.21011292183997,34.455620489469695,29.34204956055969,28.931664765488435,5.02,78.0,-0.34,1.16
RTX,1969-12-15,0.14443370163524047,0.14443370163524047,0.14263952922039175,0.1435365229845047,340682,29.3656658486828,34.41340051536847,34.58896900272077,29.405387295928016,28.96994188700545,4.98,78.0,-0.25,1.11
RTX,1969-12-16,0.1430880092782002,0.1430880092782002,0.14039666950702667,0.14039666950702667,284749,29.609615094779112,34.388663550964765,34.718160566365206,29.48510643716965,29.03864200478387,4.93,78.0,-0.15,1.07
RTX,1969-12-17,0.14039675342822835,0.14263959228992462,0.1390510827382761,0.14263959228992462,335597,30.312824082486728,32.406800291641616,34.82444725460493,29.572336658124115,29.09271879503652,4.88,81.0,-0.12,1.02
RTX,1969-12-18,0.14263949581769986,0.14443366781239722,0.13905098869308785,0.14308799803256989,966112,30.428771241582268,31.03310494411811,34.82758730991044,29.559527530793673,29.09551329645662,4.82,81.0,-0.13,1.02
RTX,1969-12-19,0.14308803154029007,0.14577937173019087,0.14263952922039175,0.1435365229845047,1235606,30.032863492982642,30.97649724329355,34.71038872662564,29.566819077597188,29.042991031830766,4.75,75.0,-0.08,1.05
RTX,1969-12-22,0.1435364085344122,0.14398508450749367,0.14219073951244354,0.14219073951244354,498310,28.249413813526168,31.005037632490335,34.67408444186083,29.57565190512464,29.044208569937556,4.68,74.0,-0.08,1.08
RTX,1969-12-23,0.1417423431918367,0.1417423431918367,0.13860250108638478,0.1408451646566391,569498,26.813765125395573,31.01724291202863,34.65958010598037,29.517379418983662,29.032363833000314,4.61,73.0,-0.04,1.08
RTX,1969-12-24,0.14084507049047487,0.1435364085344122,0.1399480774415877,0.14219073951244354,584752,21.744988757519323,31.119552391282962,34.71067429181667,29.514802714241217,28.977721358222354,4.53,75.0,-0.04,1.06
RTX,1969-12-26,0.14219081017813343,0.1435364798688702,0.14174231886863708,0.14174231886863708,340682,21.56292608719986,30.78766236158576,34.70845711918602,29.490691347118414,28.764359820894093,4.44,73.0,-0.06,1.06
RTX,1969-12-29,0.1417423431918367,0.1435365044999506,0.1408451646566391,0.1408451646566391,549158,18.870163123823083,30.434980736547466,34.71120806324306,29.398794813101198,28.762055562225708,4.35,75.0,-0.11,1.06
RTX,1969-12-30,0.14084507804746207,0.14084507804746207,0.13905091784262236,0.13994808495044708,808483,18.7504150962189,29.6960638644349,34.71463939354587,29.400528253843017,28.749732296067247,4.24,75.0,-0.17,1.06
RTX,1969-12-31,0.13994817100804052,0.1417423431918367,0.13860250108638478,0.1408451646566391,874586,19.003194081632095,29.618036642731738,34.73508524993926,29.29945950453561,28.756717186700964,4.13,77.0,-0.31,1.05
RTX,1970-01-02,0.1417424105794711,0.14443375170230865,0.1417424105794711,0.14443375170230865,386445,20.08460528671642,29.852479723311326,34.93399723236903,29.451466121190723,28.87886739678351,4.02,83.0,-0.38,0.96
RTX,1970-01-05,0.14443360957511317,0.1453307767783224,0.1435364314962272,0.1439851075410843,274579,20.064868545734946,29.683667299091056,34.072994105755086,29.448553496335006,28.856796214626847,3.91,64.0,-0.38,1.1
RTX,1970-01-06,0.14398519931534215,0.14398519931534215,0.14263952922039175,0.1435365229845047,447462,20.04946824694252,28.610922265615844,32.84030664379951,29.44771647044731,28.659308809571755,3.84,52.0,-0.43,1.12
RTX,1970-01-07,0.1435364798688702,0.1435364798688702,0.1408451404873967,0.14174231886863708,198307,19.350078347014712,28.277355804463113,32.67133553597899,29.417866299203908,28.66897192255734,3.75,48.0,-0.49,1.18
RTX,1970-01-08,0.1417423431918367,0.14308801311349245,0.1408451646566391,0.1408451646566391,162714,19.35760492181979,28.102287567317692,32.41588974269982,29.414420972375872,28.58709735082771,3.67,47.0,-0.54,1.32
RTX,1970-01-09,0.1408451404873967,0.1435364798688702,0.1408451404873967,0.14174231886863708,213562,19.519984031546226,27.961350990677907,32.38047812985567,29.426522831572022,28.57692243411785,3.58,46.0,-0.57,1.34
RTX,1970-01-12,0.1417424241181806,0.14308809480813284,0.1417424241181806,0.14263959228992462,127120,19.65227502770301,28.010561021604484,32.37565638882571,29.406920084215354,28.586221172640858,3.49,45.0,-0.6,1.34
RTX,1970-01-13,0.14174236630593193,0.14174236630593193,0.13770535588264465,0.13770535588264465,966112,20.38896848955374,28.729852406977002,32.81657761002972,29.642118178263726,28.773878142662994,3.4,51.0,-0.6,1.21
RTX,1970-01-14,0.13725682631674888,0.13725682631674888,0.1278373228308231,0.1287343055009842,1184758,27.450011811057323,31.674447258425136,34.430585051982824,30.584541135133485,29.477650696778078,3.31,64.0,-0.38,1.35
RTX,1970-01-15,0.12783734739275512,0.12783734739275512,0.12200616499162165,0.12380033731460571,1103402,28.986385966789612,32.50312411360571,34.783524340410324,30.83756508439162,29.65429574166806,3.22,76.0,-0.02,1.26
RTX,1970-01-16,0.12290305980403539,0.12290305980403539,0.12021172191777973,0.12245456874370575,1113571,28.91437765543257,32.420135687605935,34.76133650742349,30.328303028745836,29.659725805764637,3.13,75.0,0.22,1.27
RTX,1970-01-19,0.12200614268516187,0.12200614268516187,0.1184176355600357,0.1184176355600357,752550,29.854187167817,30.722955123810085,35.08142804423004,30.5184171014043,29.817254530531308,3.03,93.0,0.52,1.16
RTX,1970-01-20,0.11841765246631271,0.11841765246631271,0.11393214027092936,0.11752047389745712,1449168,29.81912075377474,30.209447134205476,34.98461558060376,30.515282488154998,29.01519623130907,2.92,86.0,0.68,1.21
RTX,1970-01-21,0.11752047502345533,0.12155748497855229,0.11617498992503074,0.12066049128770828,813568,31.20238573696922,30.87517890352868,35.29060114987691,30.736152204801886,29.162490892673265,2.82,100.0,0.61,1.09
RTX,1970-01-22,0.12066043729645089,0.12559443873460155,0.12021176120302918,0.1246972605586052,727126,32.87721410806698,31.486283506820556,34.18942400398908,31.051711135175104,29.379037236663542,2.75,58.0,0.5,0.85
RTX,1970-01-23,0.12469731635619752,0.12559449493364924,0.12066049128770828,0.12066049128770828,615261,33.6055622751896,31.957787926262927,34.24969966955849,31.234915935239698,29.518065175274366,2.69,58.0,0.45,0.84
RTX,1970-01-26,0.1206604635233487,0.1220061331987381,0.11617496319279916,0.1220061331987381,838992,33.683639808474034,32.11704986899733,34.24663566188913,31.28910755402924,29.52727964419319,2.62,57.0,0.36,0.84
RTX,1970-01-27,0.12200610552203467,0.12290309880299748,0.1188660906926119,0.12155742943286896,1113571,33.59527161860353,32.04486510762143,33.73198973831101,31.287440224651657,29.344955895440528,2.56,54.0,0.24,0.98
RTX,1970-01-28,0.12155745700779162,0.12649164440496793,0.12155745700779162,0.1220061331987381,727126,33.38911747634512,31.17777565771481,33.51193661985498,31.278479659520446,29.3520659848324,2.49,52.0,0.11,1.07
RTX,1970-01-29,0.1220061331987381,0.1220061331987381,0.11841762635263149,0.1220061331987381,1561034,33.04134334028978,31.152945269759275,33.35818941218358,31.278479659520446,29.346622889941308,2.42,51.0,-0.02,1.14
RTX,1970-01-30,0.12155748141676996,0.12155748141676996,0.11752047157996233,0.11796914786100388,432208,33.48030027823392,31.664191603145063,33.71414340263993,31.416953871535814,29.50057000491669,2.35,53.0,-0.11,1.01
RTX,1970-02-02,0.11841759948996942,0.12200610552203467,0.11841759948996942,0.12155742943286896,437293,35.00739904602165,32.52063595535255,33.817385082967355,31.67782104058745,29.682876804063874,2.28,54.0,-0.22,0.99
RTX,1970-02-03,0.12155748141676996,0.12200615769781152,0.11662347791540133,0.11796914786100388,818653,35.61248397344416,32.66195063963004,34.09025192906931,31.820058522457735,29.79193842910524,2.21,55.0,-0.31,0.89
RTX,1970-02-04,0.11796906382792635,0.11841756577856603,0.11482923477888107,0.11482923477888107,783059,36.09616341291576,32.136160731073346,33.94331342390852,31.932317308322194,29.883077887945653,2.15,53.0,-0.37,0.92
RTX,1970-02-05,0.11482929662306039,0.11482929662306039,0.11348362691127625,0.1143806204199791,254240,36.100466192117125,31.5514875348496,33.9405606331819,31.812908794781414,29.875963028493256,2.07,52.0,-0.44,0.92
RTX,1970-02-06,0.1139321573039574,0.1139321573039574,0.11034383401665264,0.11213799566030502,1006790,35.93928373709864,29.48709296835918,34.04362524642156,31.860949568842265,29.722748864450306,2.0,53.0,-0.48,0.88
RTX,1970-02-09,0.11213796805938585,0.11213796805938585,0.10854946076869965,0.10854946076869965,645770,36.60322823924108,29.89754990444441,34.352774923998965,32.00523134858514,29.85672308328557,1.92,58.0,-0.5,0.78
RTX,1970-02-10,0.10854945992666945,0.10989512975833517,0.10451262444257736,0.10451262444257736,1037299,37.542695858168045,29.778944440289013,34.45977415763304,32.238032633026535,30.05564303217835,1.84,60.0,-0.47,0.76
RTX,1970-02-11,0.10451256840851052,0.11258639818316114,0.10406389240601419,0.11034374684095383,1388150,41.90783385602735,32.28431633073237,35.62588697394165,32.9479864597772,30.52826504900546,1.77,100.0,-0.54,0.74
RTX,1970-02-12,0.11034374684095383,0.11034374684095383,0.10765240862057444,0.11034374684095383,2059344,41.75886654898183,32.29283435320786,35.49073466485284,32.951949528930044,30.51801161713264,1.7,99.0,-0.61,0.79
RTX,1970-02-13,0.1103438083763691,0.11124080198428876,0.1076524686551107,0.10944662988185883,966112,40.54942708974467,32.120285960423914,34.173396275103926,32.887826718852736,30.510216951877073,1.64,51.0,-0.67,0.79
RTX,1970-02-16,0.10944662415170782,0.11034380259924571,0.1076524630188942,0.1076524630188942,1469507,40.5594965446829,32.16463200250706,33.387895495291154,32.90959613034218,29.8002253072162,1.59,40.0,-0.71,0.9
RTX,1970-02-17,0.10929183055538928,0.11065799265300505,0.10838098957584709,0.11020248383283615,1200013,41.64746513658487,32.739214791349525,33.64848695591855,33.06671307985621,29.89132715157285,1.54,42.0,-0.77,0.81
RTX,1970-02-18,0.11020252494183273,0.11293485015630722,0.1097471926126062,0.11293485015630722,1708493,42.72772603507355,33.12125482202224,33.94778465478625,33.068213041637634,29.98363915789107,1.5,47.0,-0.83,0.71
RTX,1970-02-19,0.11657798131595781,0.12386411411926267,0.11657798131595781,0.11931011825799942,1576288,46.41088064627111,35.33023719254844,35.19373422156397,33.79816117621723,30.53852439839607,1.45,97.0,-0.87,0.71
RTX,1970-02-20,0.1193101019552382,0.12158710509538652,0.11839944865259928,0.1215871050953865,1871206,46.83091800488926,35.6348627841536,35.37031952700404,33.86988868483056,30.616484637336928,1.41,98.0,-0.91,0.64
RTX,1970-02-24,0.12158704942233271,0.12295321093219484,0.12067620883465477,0.12249787896871567,1337302,46.85652890402193,35.706010480276,35.244423142824466,33.86042050011569,30.63157029187915,1.36,96.0,-0.95,0.68
RTX,1970-02-25,0.1247748336974378,0.13661479197829884,0.1247748336974378,0.13479329645633698,3432240,54.30124007232191,40.7495160928856,38.3754578348509,35.777395856731864,32.171477615497615,1.39,100.0,-0.95,2.29
RTX,1970-02-26,0.13433791229753989,0.13433791229753989,0.12841794144189203,0.13388240337371826,1316963,50.54840815235016,40.753574680020485,38.025811419139664,35.778470165713756,32.16509018172141,1.4,99.0,-0.96,2.43
RTX,1970-02-27,0.135704030728311,0.1398023289235072,0.135704030728311,0.1375255137681961,3015286,49.57311961684714,41.1052537026994,38.23449253967307,35.94798166869928,32.05126026302171,1.42,99.0,-0.96,2.31
RTX,1970-03-02,0.13752554336901304,0.13934703784225289,0.1297840897257091,0.13069473206996918,2761046,51.88814533876117,42.24900422585514,38.927786836934544,36.39501360104527,32.40611722360088,1.46,100.0,-0.98,2.14
RTX,1970-03-03,0.13069473048858138,0.1338823871830598,0.13069473048858138,0.13297173380851746,737296,50.9314881102502,42.43661221939535,38.95863361796915,36.381297089334964,32.45858978571209,1.5,100.0,-0.99,2.12
RTX,1970-03-04,0.13297189354067146,0.1347933791386256,0.13251638412475586,0.13251638412475586,986451,50.864123975627415,42.43714274544142,38.471593160741165,36.272990409532326,32.45573769431097,1.53,98.0,-0.98,2.35
RTX,1970-03-05,0.13388237832931768,0.13479320830444058,0.13388237832931768,0.1343378871679306,630515,50.510547187638934,42.52768391636524,38.36256753187687,36.3248680091128,32.40639305925248,1.56,96.0,-0.98,2.37
RTX,1970-03-06,0.1343380574250508,0.1343380574250508,0.1320610513698669,0.13251638412475586,1398320,49.96088194366347,42.497201425961656,38.32810185687842,36.342598485013625,32.41566215555561,1.58,95.0,-0.97,2.42
RTX,1970-03-09,0.13251624301812331,0.1334270731777388,0.12978410586095387,0.13023942708969116,574582,49.21278046192011,42.593517991097855,38.32349576313974,36.35412616016052,32.43463278185635,1.61,94.0,-0.96,2.44
RTX,1970-03-10,0.12932859708763852,0.12932859708763852,0.12477478817561073,0.12659627199172974,894925,49.94105871225462,42.70050987818427,38.54883885009451,36.45641828347369,32.53314434194978,1.63,98.0,-0.96,2.36
RTX,1970-03-11,0.1265962747852753,0.1265962747852753,0.1243194696507504,0.12568563222885132,498310,49.98178262103791,42.63235687447133,38.511720042099235,36.32894932801202,32.510932062632826,1.65,97.0,-0.96,2.37
RTX,1970-03-12,0.1256854457049889,0.126140766307481,0.12431928515434267,0.12431928515434265,361021,50.09581027539014,42.48405586442837,38.53264603283294,36.325759380652975,32.505543198836854,1.67,97.0,-0.96,2.37
RTX,1970-03-13,0.12568563222885132,0.12841795738505316,0.12568563222885132,0.12568563222885132,701702,50.184033097284875,42.36849490718447,38.58842306043508,36.340446731061924,32.519987120140684,1.68,98.0,-0.95,2.33
RTX,1970-03-16,0.12705180322745566,0.1302394498731344,0.12705180322745566,0.12932860851287842,503395,49.68975197127315,42.67458090520341,38.81982764158978,36.48531297853827,32.671370648605304,1.7,98.0,-0.94,2.18
RTX,1970-03-17,0.12932851356682945,0.13251616891360718,0.12750703092703036,0.1311500072479248,884755,49.150990491262625,42.7841330765518,37.89091218001333,36.52052676613079,32.69791909489956,1.71,86.0,-0.9,2.45
RTX,1970-03-18,0.13115009779998724,0.13115009779998724,0.12796244025230408,0.12796244025230408,366106,48.86684635639728,43.03410358427737,37.863371093580795,36.50661092932792,32.76859398553746,1.73,85.0,-0.86,2.5
RTX,1970-03-19,0.12796250311843924,0.1284180233741907,0.12614101832613459,0.12705186009407043,361021,48.15264507135139,43.0196594030196,37.860591088851756,36.48422526706769,32.7312007515752,1.74,84.0,-0.81,2.51
RTX,1970-03-20,0.1270518466793299,0.12841800981520413,0.12431952040758142,0.12523016333580017,223731,48.38716397320858,43.0688988968425,37.7519751157417,36.50976434037921,32.73986500137745,1.75,83.0,-0.76,2.6
RTX,1970-03-23,0.1252301164163416,0.12750712037086487,0.1238641414944896,0.12750712037086487,366106,48.07765754950658,43.200793319287925,37.86332376391265,36.58195817960375,32.73832144792185,1.76,84.0,-0.7,2.51
RTX,1970-03-24,0.12750712453584456,0.12932860851287842,0.12614096186719967,0.12932860851287842,711872,46.86094684275669,43.32381576485961,37.9360720401821,36.63618117177794,32.7264588427035,1.77,86.0,-0.63,2.45
RTX,1970-03-25,0.12932858388525922,0.13479323351922348,0.12887326266357563,0.13388240337371826,1667814,45.67723714967214,43.937795122837144,38.37147273609032,36.84576282896768,32.939754642548216,1.78,91.0,-0.55,2.24
RTX,1970-03-26,0.13388234956647949,0.1343378583072324,0.13206085562705994,0.13206085562705994,447462,43.94006864641774,44.00267935037227,38.03087229819597,36.83864354013519,32.95354039480987,1.79,86.0,-0.48,2.43
RTX,1970-03-30,0.13206085562705994,0.13388234956647949,0.13115002584761667,0.13206085562705994,1128826,43.94006864641774,43.976530117857735,38.02407225848807,36.83966478234299,32.952585612646516,1.8,84.0,-0.4,2.44
RTX,1970-03-31,0.13206083689819423,0.13206083689819423,0.13069467523251185,0.1311500072479248,325427,43.90676095475147,43.64939803486849,38.03008186769698,36.82911114770876,32.94608660674323,1.81,85.0,-0.33,2.44
RTX,1970-04-01,0.13115002584761667,0.13251618770704807,0.13023937272893818,0.13206085562705994,889840,43.38268177841036,43.68305029076257,38.05172763244385,36.84521971262404,32.95931970271583,1.81,86.0,-0.25,2.41
RTX,1970-04-02,0.13206093385016823,0.13297177521042422,0.12932860851287842,0.12932860851287842,579667,43.808521536478764,43.86396061032892,38.08022252257211,36.876886686936395,33.00693771109151,1.82,86.0,-0.19,2.43
RTX,1970-04-03,0.12932858588877325,0.13251624301812331,0.12887326466003599,0.13023942708969116,589837,43.43567492924084,43.840932477555654,37.79386228735877,36.84769978271022,33.00511367951213,1.82,75.0,-0.27,2.58
RTX,1970-04-06,0.1302394498731344,0.1311501035312166,0.12932860851287842,0.12932860851287842,172883,40.852495384598,43.844362519412634,37.57901937271072,36.84275974249202,33.00552193388556,1.82,73.0,-0.66,2.73
RTX,1970-04-07,0.12932856981016042,0.13115006428340026,0.12750708637822158,0.13069473206996918,320342,40.634750283740615,43.884106293698,36.40160033826444,36.720522573134886,33.03219434922555,1.82,72.0,-0.74,2.94
RTX,1970-04-08,0.13069467523251185,0.1311500072479248,0.1297840332842784,0.1311500072479248,396614,40.608076384094254,43.86681511433764,36.35356216410201,36.607131955572974,32.998560485810344,1.82,71.0,-0.8,2.94
RTX,1970-04-09,0.13115002584761667,0.13251618770704807,0.13069469376762852,0.13206085562705994,432208,29.50365983313675,43.32644346082665,35.86716413420213,36.44158485092489,32.98835711949265,1.82,70.0,-0.78,3.13
RTX,1970-04-10,0.13206087548951462,0.13206087548951462,0.12750706818762023,0.12841790914535522,203392,30.506573485048378,41.44891746657123,36.09457451038082,36.571230790008165,33.070899720910255,1.82,70.0,-0.78,3.03
RTX,1970-04-13,0.12796244166438087,0.12796244166438087,0.1252301164163416,0.12750712037086487,320342,29.340714838818766,40.67343031683123,36.102123036288184,36.572337083082985,33.01772106986129,1.82,70.0,-0.79,3.03
RTX,1970-04-14,0.12614087856089137,0.12614087856089137,0.12431939578680624,0.12477471679449081,518650,26.200567304563105,40.86119251717811,36.090841357314105,36.636262876768015,33.07039139444539,1.82,68.0,-0.78,3.04
RTX,1970-04-15,0.12477479092896239,0.1265962747852753,0.1238641373312348,0.12568563222885132,335597,25.732645844636142,40.26939730728459,36.12137659239158,36.64958858949097,33.0113867737238,1.82,70.0,-0.77,3.01
RTX,1970-04-16,0.12522992635932684,0.12522992635932684,0.12340844520618849,0.12431928515434265,228816,25.863437896040914,40.30547559861924,36.1435205951649,36.59368554241061,32.98894132918458,1.82,70.0,-0.77,3.0
RTX,1970-04-17,0.12431946690744612,0.12705179200335492,0.12340862562765634,0.12659627199172974,477971,26.13336714076454,40.118757700464975,36.133091031424186,36.64655148632793,33.055919833658464,1.82,69.0,-0.73,2.96
RTX,1970-04-20,0.1265962733834607,0.12750711467326378,0.12386413595967348,0.12614095211029053,320342,25.90460472298492,39.564655073269975,36.128588159051574,36.628320492590504,33.05566380091722,1.82,68.0,-0.69,2.96
RTX,1970-04-21,0.12614087856089137,0.12659619956857596,0.12477471679449081,0.12477471679449081,305088,25.631442472774253,39.03161201484359,36.155374721563376,36.64233569070515,33.03143055722884,1.82,70.0,-0.65,2.95
RTX,1970-04-22,0.12477478272351772,0.126140945211777,0.12386412918567657,0.12386412918567657,289834,24.405525957299524,39.001824330993735,36.15998822711063,36.64660085117911,33.03009534979036,1.82,70.0,-0.61,2.95
RTX,1970-04-23,0.12295330741003799,0.12295330741003799,0.11794416606426238,0.11794416606426239,600006,28.092520228298934,40.28050153406259,36.686343268332436,37.061617016696715,33.34210109309287,1.82,72.0,-0.63,2.85
RTX,1970-04-24,0.11794416785688251,0.11885482147094989,0.11521184265165478,0.11657800525426865,666109,28.11291386695809,40.33497753741966,36.710503402716874,37.0766045640552,33.32685488854606,1.82,72.0,-0.66,2.85
RTX,1970-04-27,0.11657795024134707,0.11657795024134707,0.11111330240964891,0.1111133024096489,381360,30.793390478195796,41.48022087125647,37.360803663052245,37.46100942246453,33.62367450111542,1.83,72.0,-0.68,2.62
RTX,1970-04-28,0.11020257566586432,0.11020257566586432,0.10747024919375485,0.10883641242980957,2110192,29.535203900921953,41.13592130612111,37.41896864371725,37.483333071404004,33.66771855321093,1.83,72.0,-0.67,2.6
RTX,1970-04-29,0.10883639238430758,0.11111338589823311,0.10792573851572697,0.11065806448459625,1561034,29.696246673666266,40.79122758840104,37.54760880962535,37.12402898441102,33.71300805050168,1.84,72.0,-0.68,2.51
RTX,1970-04-30,0.11065798370536589,0.1115686369091787,0.10929182171821594,0.10929182171821594,915264,29.227226749684633,40.42642320194873,37.57720667794156,36.542378792756445,33.39888749631083,1.85,72.0,-0.69,2.5
RTX,1970-05-01,0.10929181938020777,0.11111330240964891,0.10929181938020777,0.1111133024096489,716957,29.892192570170046,40.2276732833017,37.679381988291595,36.508085861944934,33.45964886317451,1.86,73.0,-0.71,2.43
RTX,1970-05-04,0.11020251155205205,0.11020251155205205,0.10382720828056335,0.10382720828056335,1464422,35.00609603509825,42.52269836418091,38.979157114787874,37.19120448625565,34.06473578887621,1.88,100.0,-0.72,2.29
RTX,1970-05-05,0.1047380900140682,0.1106580749675685,0.1047380900140682,0.10838107019662857,411869,37.18297853060362,43.31255331144049,39.66629394246709,37.54437854070727,34.38400571436609,1.92,100.0,-0.82,2.03
RTX,1970-05-06,0.10838107019662857,0.1106580749675685,0.10655958562600235,0.10838107019662857,1561034,36.75804191864507,42.797433703412445,39.534538651411864,37.52896636633738,34.38330885681443,1.95,99.0,-0.86,2.07
RTX,1970-05-07,0.10838098957584709,0.11065799265300505,0.10838098957584709,0.11020248383283615,437293,35.38266099957054,42.19169984005167,39.61162176936883,37.5950767950103,34.44317014209817,1.97,99.0,-0.9,2.02
RTX,1970-05-08,0.11020247492202875,0.11020247492202875,0.1088363129348788,0.10929182171821594,396614,35.32158608872051,40.73222900349223,39.507102661158015,37.60194721048526,34.44637496206812,2.0,97.0,-0.91,2.06
RTX,1970-05-11,0.1092918597753797,0.1092918597753797,0.1047380401056616,0.10610420256853104,564413,35.89932087203811,41.176562620016334,39.61828573738719,37.66903822968504,34.54369314723205,2.03,99.0,-0.91,2.02
RTX,1970-05-12,0.10519334935118446,0.10519334935118446,0.10200570388367962,0.10337186604738235,1235606,36.3094807215942,41.478972145396206,39.67508680448898,37.749128858234656,34.5989562613234,2.05,100.0,-0.9,2.02
RTX,1970-05-13,0.10337185986885537,0.10382718098174022,0.09927337362271331,0.10200569778680801,1113571,36.06279300928325,41.43248510092267,39.69386688203011,37.756461803813316,34.61001678306469,2.08,100.0,-0.87,2.02
RTX,1970-05-14,0.10200570397830608,0.10246102511882782,0.09699637645894753,0.10246102511882782,732211,36.06028015017748,41.13852264415351,39.69995407065328,37.714236091751665,34.582187659145376,2.1,100.0,-0.86,2.02
RTX,1970-05-15,0.1024610368873296,0.11202417314052582,0.10063955337262527,0.11202417314052582,1494931,45.59935993184522,44.839445979901875,42.31973125223112,39.241453735527784,35.809151740568126,2.18,100.0,-0.87,2.26
RTX,1970-05-18,0.1136878952383995,0.1141499786139591,0.10999062314875167,0.1136878952383995,467802,45.951364486992865,43.467714864310416,42.39085672550152,38.53589622754821,35.85116253500507,2.26,100.0,-0.86,2.21
RTX,1970-05-19,0.11276353902793401,0.11276353902793401,0.10906627774238586,0.10906627774238586,355936,46.95665941387642,44.056706287698496,42.8053758947769,38.69353396779196,36.054437079175585,2.34,100.0,-0.87,2.1
RTX,1970-05-20,0.10906628053856342,0.11045273254628497,0.10583128188029203,0.10768000781536102,416954,46.90712898501859,44.07014465976034,42.835582317472664,38.667969622758164,35.984477539071555,2.42,100.0,-0.88,2.1
RTX,1970-05-21,0.10767999424360032,0.10814208882818717,0.1012098296633068,0.10444481670856476,818653,47.22468239043084,39.45478610476763,43.05832578643708,38.552247143692604,36.085097129224344,2.5,100.0,-0.89,2.03
RTX,1970-05-22,0.10444483752307844,0.11091501459807612,0.10398275405168533,0.10398275405168533,696618,46.84303783048354,39.45129168380624,43.05551438549261,38.4358653148,36.06361376194895,2.57,99.0,-0.89,2.02
RTX,1970-05-25,0.10259630723721663,0.10259630723721663,0.09982340287555574,0.10074777156114578,645770,47.38131151154846,39.304154461546936,43.26720271811299,38.51646366292972,36.16957123894985,2.64,100.0,-0.87,1.98
RTX,1970-05-26,0.1007477464819721,0.10536918536928734,0.09982337802648544,0.09982337802648544,1113571,47.203052318306526,38.14234848677124,43.03412648652414,38.51983577404105,36.1452091991637,2.71,97.0,-0.89,2.11
RTX,1970-05-27,0.0998233678862215,0.1081420780553926,0.0998233678862215,0.10583125799894333,981366,50.78277149633919,40.03215359121916,44.150258343836384,39.050249798940484,36.67258457838468,2.79,100.0,-0.94,1.8
RTX,1970-05-28,0.10583127607103143,0.11276353572911557,0.10490710924666886,0.11045272648334503,894925,52.65331052691485,41.15323102123955,44.74541060839305,39.410901980962684,36.91117613636858,2.86,100.0,-0.99,1.57
RTX,1970-05-29,0.11045272648334503,0.11045272648334503,0.1076800019046207,0.11045272648334503,879670,52.252813574954004,41.0116521573985,44.71869555142645,39.22633792082203,36.90322255299837,2.92,99.0,-1.03,1.57
RTX,1970-06-01,0.11091503942143194,0.11738501624934487,0.11091503942143194,0.1164606586098671,1830528,54.84927063970335,42.53501315413758,45.57171911395223,39.755407345682464,37.31883974809393,3.0,100.0,-1.04,1.33
RTX,1970-06-02,0.11646062268481938,0.11830934859877723,0.11091500520706177,0.11091500520706177,950858,56.42069150104659,43.49229306262741,46.15448997314889,40.14420466560226,37.50210497723953,3.08,100.0,-1.1,1.23
RTX,1970-06-03,0.11091500038531746,0.11091500038531746,0.10721772800264827,0.11045272648334503,1027130,56.41158435179617,43.16317867068087,46.13382743519872,40.136469707811536,37.50221991495115,3.16,99.0,-1.21,1.24
RTX,1970-06-04,0.11045272971456237,0.11183918168673888,0.10906627774238586,0.10906627774238586,655939,54.84539253146039,43.20390193994632,45.86559649626816,40.01896731295879,37.49416122968919,3.22,98.0,-1.24,1.31
RTX,1970-06-05,0.10906627403330113,0.10906627403330113,0.10629354946775643,0.10675564408302307,523734,55.05782721190905,43.34585968921455,44.774160526537315,40.065314026650114,37.51422255809605,3.28,96.0,-1.26,1.4
RTX,1970-06-08,0.10675565045046775,0.10814210245818931,0.1053691984427462,0.10768000781536102,376275,53.451989761678774,43.317785307628185,44.40391955504885,40.00736326404501,37.490373136895286,3.33,93.0,-1.29,1.47
RTX,1970-06-09,0.10768000564106527,0.10814210027456285,0.10629355366133922,0.10814210027456284,325427,53.14313713733652,42.85529730892084,44.38643254460698,39.40271350043974,37.4962720040904,3.38,92.0,-1.31,1.46
RTX,1970-06-10,0.10675565373143188,0.10675565373143188,0.10536920168109994,0.10629355907440186,584752,53.11789195202403,42.80503741005144,44.159713299326434,39.07060839282868,37.52002082641915,3.42,91.0,-1.34,1.51
RTX,1970-06-11,0.10536917947072803,0.10536917947072803,0.10167209804058075,0.10167209804058075,244070,54.491883085814194,43.4118889188714,44.682586164335156,39.364079892294015,37.74729705747627,3.46,93.0,-1.36,1.4
RTX,1970-06-12,0.10120984836502118,0.10120984836502118,0.09797486072199714,0.09843694418668747,1128826,54.85540025190909,43.79925045696149,44.7241078123481,39.518189782949584,37.793050269849985,3.51,94.0,-1.35,1.45
RTX,1970-06-15,0.09843696886512923,0.10167214780903508,0.0975127904987712,0.09936133772134781,1047469,51.5159903474794,43.83420087564194,44.41081770502437,39.539346607609154,37.73899269471424,3.53,91.0,-1.34,1.58
RTX,1970-06-16,0.10028569543020248,0.10305840981545263,0.10028569543020248,0.10213424265384674,1154250,50.54708889296005,44.07943263740904,44.38578505284327,39.70256617970607,37.86405568146176,3.56,88.0,-1.36,1.52
RTX,1970-06-17,0.10259635132900556,0.10583134057617523,0.10259635132900556,0.10305843502283096,1154250,50.64506325799226,44.00243889488466,44.37177812804706,39.64257559858421,37.88193768263537,3.58,87.0,-1.38,1.53
RTX,1970-06-18,0.10305837578387401,0.10906627833627577,0.10259629235565866,0.10814210027456284,523734,52.426733851663684,44.590783151567045,45.06987017811752,40.001991493724,38.21065199388315,3.6,96.0,-1.4,1.3
RTX,1970-06-19,0.10814209968570528,0.10999063508358099,0.1062935530825474,0.10906627774238586,666109,52.439404303164764,44.607348493388464,45.08960232694384,39.83751405091397,38.21393279187952,3.61,96.0,-1.41,1.28
RTX,1970-06-22,0.10860416138866703,0.10860416138866703,0.10490709133239445,0.10583125799894333,554243,52.46455951048665,44.94098153252754,45.32328348516049,39.94467603266299,38.22022106768373,3.63,96.0,-1.42,1.24
RTX,1970-06-23,0.10583126854154083,0.10814208882818717,0.10352064994995314,0.10444481670856476,518650,52.040440645826756,44.97855235362386,45.0686345813072,39.907780747943356,38.22339915145602,3.64,93.0,-1.44,1.3
RTX,1970-06-24,0.10352067823642933,0.10352067823642933,0.10028567910194397,0.10028567910194397,630515,53.252122168078905,45.54698097521622,45.218531848353024,40.11794127223053,38.39282044395125,3.65,95.0,-1.44,1.33
RTX,1970-06-25,0.10028565189647723,0.10213419831767258,0.09936129464627162,0.09982337802648544,335597,53.24272228283788,45.419865030380095,44.99693068612093,39.8458536403325,38.36215756973178,3.66,91.0,-1.45,1.38
RTX,1970-06-26,0.09982337802648544,0.1025962816978864,0.09982337802648544,0.09982337802648544,152544,45.894864876984116,45.36780835597216,44.81414456329023,39.754572260589995,38.35152660267479,3.66,90.0,-1.46,1.42
RTX,1970-06-29,0.09982340229394744,0.09982340229394744,0.09797486662864685,0.09797486662864685,467802,45.741010083447236,45.45920354548352,44.896563840480766,39.751093661045324,38.30984064583621,3.65,90.0,-1.46,1.4
RTX,1970-06-30,0.09797489669491684,0.09889925445350177,0.0952019914984703,0.0952019914984703,391530,44.9972039311161,45.61175240755797,45.01088612454745,39.82059381983037,38.378697256867156,3.65,91.0,-1.44,1.38
RTX,1970-07-01,0.09473984526024314,0.09473984526024314,0.0942777618765831,0.0942777618765831,833907,44.957358504586395,45.5838342169547,44.75758825833998,39.827389374779045,38.38422586591278,3.64,86.0,-1.41,1.44
RTX,1970-07-02,0.09427770927379885,0.09705042092905043,0.09427770927379885,0.0961262434720993,600006,44.76924405261721,45.80070722841321,44.49220192035511,39.89294734110783,38.44358272041839,3.63,81.0,-1.4,1.45
RTX,1970-07-06,0.09520199724814905,0.09520199724814905,0.09058054993737448,0.09104282408952713,640685,47.20055649887131,46.668568231199885,44.40762268078383,40.35596096821642,38.78371754185009,3.64,79.0,-1.35,1.57
RTX,1970-07-07,0.09104281252043882,0.0919669909328054,0.08873199671506882,0.08873199671506882,411869,46.93579006528889,46.8473303003839,44.56654579938465,40.443437502187415,38.815794128089784,3.64,81.0,-1.28,1.54
RTX,1970-07-08,0.08873197821188106,0.09196697175502777,0.08734552599521986,0.09196697175502777,518650,48.314238019090524,47.50486413784606,44.96118397961111,40.67040600164166,38.99339071055704,3.62,89.0,-1.27,1.37
RTX,1970-07-09,0.09335334692981206,0.09843687200151277,0.09335334692981206,0.0961262434720993,772890,46.90566758072376,48.50876918996922,45.48405828042705,40.50779745011119,39.2794834382945,3.59,96.0,-1.29,1.18
RTX,1970-07-10,0.09612627868382267,0.09889918184448104,0.09427774380839106,0.0965883731842041,238986,44.923036218209226,48.526356302122615,45.3240800938417,40.413093377148364,39.2784756252893,3.57,95.0,-1.31,1.25
RTX,1970-07-13,0.09658833780321231,0.09751269454456164,0.09427770927379885,0.0961262434720993,279664,44.90305901886465,48.302166916262394,45.13761879928329,40.40797190836534,39.27890844984516,3.54,92.0,-1.34,1.34
RTX,1970-07-14,0.09612631975806249,0.09797486662864685,0.0942777840927619,0.09797486662864685,579667,42.111845995529144,48.54438462601414,44.34646125945786,40.41217986030095,39.31538578804025,3.52,69.0,-1.36,1.53
RTX,1970-07-15,0.10028564170925455,0.10629353182197639,0.10028564170925455,0.10583125799894333,1149165,46.51594348932521,51.30078950166113,45.97758289336672,41.49194234136663,40.08954246083975,3.52,98.0,-1.37,1.42
RTX,1970-07-16,0.10629355366133922,0.10952855225428888,0.10629355366133922,0.10814210027456284,788144,46.98767862785489,51.53244573170894,46.10146145679081,41.57862292914057,40.156519132578275,3.51,98.0,-1.36,1.36
RTX,1970-07-17,0.10860418619265877,0.11230145878838593,0.10860418619265877,0.11137709021568298,630515,47.63920873889773,51.00038442333331,43.695199872649724,41.73936760925614,40.18264745793771,3.52,64.0,-1.34,0.9
RTX,1970-07-20,0.11137706001513425,0.117384949870917,0.1109149767016217,0.11461205780506134,1342387,47.8283506897802,51.3067763141101,43.955517926657116,41.70810024710336,40.22294932710223,3.52,64.0,-1.31,0.8
RTX,1970-07-21,0.11461218279325776,0.11599862473550449,0.11183927649818098,0.1123015508055687,589837,48.2350791150053,50.51510001718192,43.817741738803186,41.75901463184607,40.147887968547366,3.52,63.0,-1.3,0.87
RTX,1970-07-22,0.11230142833718926,0.11784704438970899,0.11183915453392623,0.11461205780506134,554243,48.5428149417716,50.491164928477176,43.24983529528579,41.845621340543694,40.20964553916953,3.52,60.0,-1.26,0.92
RTX,1970-07-23,0.11461202981071289,0.11738492119928112,0.11322557851379043,0.11507411301136017,279664,48.202823220499745,50.38942424641687,43.155950387555855,41.846967701357244,40.21175651413789,3.52,59.0,-1.23,0.96
RTX,1970-07-24,0.11507414111857388,0.11646059275414143,0.1127635116507018,0.11461205780506134,457632,46.150742144301645,50.32569020429908,43.15674734881821,41.8087897035337,40.20680203317373,3.52,59.0,-1.19,0.96
RTX,1970-07-27,0.11461201034699883,0.11784699559211731,0.11461201034699883,0.11784699559211731,432208,45.32220210951094,50.52960090000277,43.3414144434155,41.808264054981535,40.314724996268296,3.51,61.0,-1.17,0.9
RTX,1970-07-28,0.117384949870917,0.117384949870917,0.11461205780506134,0.11461205780506134,325427,46.352914781335905,48.84028966822028,43.50239003810711,41.81453901501503,40.3514135841563,3.51,61.0,-1.13,0.86
RTX,1970-07-29,0.11461207319479966,0.1178470602138309,0.1136878952383995,0.1136878952383995,371190,45.98090765654968,48.11235504217938,43.4412344980046,41.19582909516313,40.33988517581982,3.5,60.0,-1.09,0.87
RTX,1970-07-30,0.11368800395310709,0.11507426661068727,0.1123015508055687,0.1123015508055687,274579,46.17544826197967,48.18668078132627,43.261200665942674,41.181835855958546,40.340700906834705,3.5,57.0,-1.05,0.91
RTX,1970-07-31,0.11230150005153233,0.11368795257247125,0.11137713113918683,0.11276358366012573,284749,44.14148646820652,48.076354921194344,43.25843379580293,40.935900900308255,40.34476906474595,3.49,56.0,-1.01,0.91
RTX,1970-08-03,0.11137708705575751,0.11137708705575751,0.10906627774238586,0.10906627774238586,218646,45.208713122912464,48.54109325874576,43.53361525030917,41.09949211523788,40.466391812500525,3.48,61.0,-0.97,0.84
RTX,1970-08-04,0.10906632840761485,0.1109150551540873,0.10675569730538657,0.1099906861782074,462717,44.35011287479181,48.176133039663036,43.51758259017717,41.11854174039868,40.47948946356848,3.48,60.0,-0.92,0.85
RTX,1970-08-05,0.10999063298304194,0.11276353687443962,0.10721772909164429,0.10721772909164429,620346,44.84186338397689,48.16313943615148,43.41860872424543,41.141440514024076,40.546821470598296,3.47,57.0,-0.86,0.92
RTX,1970-08-06,0.10675568505206469,0.10675568505206469,0.1044448637251852,0.10536923259496689,584752,43.45675890681959,48.22081078891946,43.41255678942648,41.18008580875286,40.573040106446015,3.46,56.0,-0.81,0.95
RTX,1970-08-07,0.10536913634367646,0.10629349316380207,0.10352060198783875,0.10352060198783875,386445,43.78481312166489,48.35756895558644,43.33557104414188,41.21871461476723,40.57562464280937,3.44,54.0,-0.75,0.97
RTX,1970-08-10,0.10352072041185229,0.10352072041185229,0.09797490930516375,0.10305843502283096,671194,43.814773026514395,44.65806807026777,43.32977198121973,41.14517437840218,40.28824215721531,3.43,53.0,-0.69,0.97
RTX,1970-08-11,0.10305838059470174,0.10490711778402328,0.10259629714491604,0.10490711778402328,635600,43.6606481658507,44.70923453641851,43.39787106550113,41.21066194969785,39.936649468691044,3.41,55.0,-0.62,0.92
RTX,1970-08-12,0.10490710178292921,0.10536918516223502,0.10352064994995314,0.10444481670856476,244070,42.71990243336144,43.92549474056028,43.28344382052829,41.210839130833364,39.869673449242526,3.39,51.0,-0.54,0.97
RTX,1970-08-13,0.10444476831827502,0.10444476831827502,0.10213415079721916,0.10352060198783875,325427,42.69797692152286,43.88694752057107,43.218828290277685,41.21623241311207,39.78716343867947,3.37,46.0,-0.45,1.02
RTX,1970-08-14,0.10444482211824305,0.10860417783260345,0.10444482211824305,0.10860417783260345,823738,44.41000654762556,44.54768743649946,43.55857167545609,41.531269435300324,40.076852995272496,3.35,61.0,-0.38,0.96
RTX,1970-08-17,0.10888577891355296,0.10888577891355296,0.10700848478963981,0.1079472228884697,544074,40.96408188714099,44.55690875597946,43.523643483918676,41.531633420637235,40.06983617709714,3.34,59.0,-0.29,0.97
RTX,1970-08-18,0.11123257565126049,0.1135791540145874,0.11123257565126049,0.1135791540145874,757635,41.86707263556877,45.2094512916131,44.325018801839235,41.97137252869355,40.41223188640152,3.32,66.0,-0.22,0.78
RTX,1970-08-19,0.11357918427914868,0.1173339678402057,0.11357918427914868,0.11592594534158707,2435619,41.21956936483812,45.30386266344842,44.45272758320737,42.02249921687881,40.4713387904373,3.3,73.0,-0.15,0.71
RTX,1970-08-20,0.11545668293977925,0.11545668293977925,0.11170188766890697,0.11498721688985825,1037299,39.96335450430745,43.8223083867067,44.446656080818684,42.029629635207975,40.42418344105918,3.29,72.0,-0.1,0.73
RTX,1970-08-21,0.1149871315280755,0.11639515310525894,0.11310982632320103,0.11639515310525894,1083062,40.001627005953836,43.03067049619765,44.386962296244675,42.060171557747736,40.426442287644065,3.27,68.0,-0.03,0.72
RTX,1970-08-24,0.12014998238950375,0.12906719422318297,0.12014998238950375,0.1276593655347824,1800019,46.9816273213196,46.93757167383751,46.78544828370807,43.491036148020775,41.482019141812344,3.27,100.0,-0.06,0.96
RTX,1970-08-25,0.1276593620154006,0.1276593620154006,0.12531260161236585,0.12625133991241455,711872,47.25817800179526,45.81319505012847,46.80501944098355,43.48093564593709,41.46754970807103,3.27,100.0,-0.07,0.96
RTX,1970-08-26,0.12625126993972582,0.12859784696842322,0.12531253215995705,0.1257818043231964,371190,42.63055255882448,44.62225943821977,46.77634682432798,43.47950649632256,41.46841825637268,3.24,98.0,-0.11,0.98
RTX,1970-08-27,0.1257818364942346,0.12625130223083858,0.12202723718261536,0.12343525886535645,386445,42.93430355206213,44.810935660052635,46.863462938640765,43.44682774885357,41.01331918660761,3.21,100.0,-0.17,0.97
RTX,1970-08-28,0.12390450476567792,0.13141388317400382,0.12390450476567792,0.12859784066677094,1291539,43.64111903847242,45.41346429744929,47.31230157936649,43.69692412439852,41.15625249603996,3.17,100.0,-0.25,0.83
RTX,1970-08-31,0.12859789412072542,0.12953664362430573,0.12672059994653526,0.12953664362430573,798314,43.062485321701,45.14137828576355,47.11733591895038,43.636036797014086,41.12917164779144,3.13,99.0,-0.23,0.85
RTX,1970-09-01,0.12953659612779728,0.13047514045427597,0.12390451083734366,0.1257818043231964,925434,43.585605139073316,45.617652976487754,47.33656315353388,43.69526933909472,41.04050024811061,3.09,100.0,-0.25,0.81
RTX,1970-09-02,0.12531259807975473,0.12531259807975473,0.1248433142900467,0.12484331429004669,345766,43.41179377992408,45.662766011734476,47.22584395843261,43.65874273330558,40.95823972067601,3.04,98.0,-0.25,0.83
RTX,1970-09-03,0.12484336572117888,0.12718994495098618,0.1215580478310585,0.1215580478310585,900010,44.24306446521641,45.876250805087935,47.39991557872313,43.76377680471019,40.98117220607506,2.99,100.0,-0.23,0.81
RTX,1970-09-04,0.12249641684344068,0.1290670425623337,0.12249641684344068,0.12812849879264832,1576288,46.57843981401313,45.97101640129319,48.107183698538904,44.21780597158518,41.32855473451869,2.94,100.0,-0.21,0.63
RTX,1970-09-08,0.12812860991890543,0.1342299690446795,0.12672058821042284,0.1328219473361969,1713578,47.00261345259366,45.80541834398281,48.35810099248876,44.41656382058666,41.40881422185861,2.9,100.0,-0.09,0.56
RTX,1970-09-09,0.13282203904906767,0.1337607891139082,0.13000599368763902,0.13094474375247955,564413,46.36344655663096,45.9643449225974,48.41036896999228,44.43375532740991,41.430809703209356,2.84,100.0,-0.04,0.55
RTX,1970-09-10,0.12906719422318297,0.12906719422318297,0.12718989964511693,0.1276593655347824,681363,47.03693671907096,46.11665556631369,48.55103248757571,44.51608899577768,41.36973135868902,2.79,100.0,-0.04,0.53
RTX,1970-09-11,0.12765933807050608,0.12953664362430573,0.12718987228184017,0.12953664362430573,350851,46.88047902478671,46.15825666671746,48.58893205772255,44.55128178561915,41.39494827071377,2.73,100.0,-0.03,0.5
RTX,1970-09-14,0.12906711280701466,0.12906711280701466,0.12765928500667878,0.12859784066677094,315258,47.01009591509068,45.27336537867106,47.95609012594992,44.553124220068376,41.39700936393951,2.67,95.0,-0.08,0.58
RTX,1970-09-15,0.1276593703587759,0.1276593703587759,0.12578188225636072,0.12718990445137024,3864448,45.885318741463614,45.34648921256096,47.951933492963114,44.56506337494565,41.401938479209264,2.6,94.0,-0.16,0.58
RTX,1970-09-16,0.12718987228184017,0.12953664362430573,0.12578185044295495,0.12953664362430573,503395,46.03555081930949,44.93995460679784,47.38317246012843,44.613254942378504,41.357884421335704,2.53,92.0,-0.26,0.62
RTX,1970-09-17,0.12953658937986817,0.13422992526645852,0.12953658937986817,0.13047513365745544,727126,45.08882139257998,44.81327190604855,47.25675046333883,44.51858475364032,41.35503098406485,2.46,89.0,-0.35,0.63
RTX,1970-09-18,0.13047519695215828,0.13282196845033598,0.12953665221927446,0.13188321888446808,315258,44.52476500100495,43.86876019794626,47.21919797009446,44.53757270013122,41.30970481850467,2.38,87.0,-0.42,0.65
RTX,1970-09-21,0.13188328898422716,0.13188328898422716,0.13000599368763902,0.13094474375247955,538989,44.10907797325181,43.894339618852804,47.186260884456,44.54345972611731,40.91287032824322,2.3,86.0,-0.51,0.65
RTX,1970-09-22,0.13000594392872325,0.13000594392872325,0.1253126050670509,0.1276593655347824,355936,45.02453876530422,44.313072108185494,47.32267474457381,44.61821279494967,40.74732774191035,2.22,90.0,-0.6,0.65
RTX,1970-09-23,0.12765941439556083,0.13094474375247955,0.1262513917148465,0.13094474375247955,416954,45.235111886380494,44.2659634582687,46.15172474465287,44.71854310985851,40.81482122125553,2.15,78.0,-0.67,0.61
RTX,1970-09-24,0.1309446494061662,0.1398620516812904,0.13047517229546024,0.1389233022928238,1733917,47.48866331279827,45.07673232089896,46.58480713597558,45.263831822834675,41.254739897148184,2.11,79.0,-0.61,0.56
RTX,1970-09-25,0.13939262448830547,0.1412699189513121,0.13939262448830547,0.1398620903491974,854246,47.17758699805529,44.95239582941726,46.58793900333833,45.26470759259749,41.26008528704387,2.05,79.0,-0.57,0.56
RTX,1970-09-28,0.13986213999680958,0.14033141257089096,0.1337607772014531,0.1393926739692688,1367811,45.92169326513909,44.91680293688795,46.541933217833446,45.07353187116082,41.260476512692165,1.99,77.0,-0.58,0.59
RTX,1970-09-29,0.1393926739692688,0.13986213999680958,0.1375153674602534,0.1393926739692688,610176,45.78999374438615,43.134493923499086,46.51224285161629,44.35370561663905,41.19206546704305,1.93,76.0,-0.61,0.59
RTX,1970-09-30,0.1389234392067184,0.1389234392067184,0.13610739309895223,0.13704614341259003,777974,44.543781870606004,42.88722224487992,46.33378310064786,44.15307679668295,41.15234020677745,1.86,75.0,-0.68,0.62
RTX,1970-10-01,0.13516859417038346,0.13516859417038346,0.13376076519489288,0.13376076519489288,732211,45.18658280035484,42.945351688514904,46.30597270551907,44.23007399158998,41.082033323764904,1.79,74.0,-0.75,0.63
RTX,1970-10-02,0.13235268730207622,0.13235268730207622,0.12578185044295495,0.12953664362430573,3350883,46.300753887914546,42.910102195043656,46.56525743163281,44.21487864049375,41.18484916957598,1.72,77.0,-0.8,0.58
RTX,1970-10-05,0.1314138996571521,0.13657651972563722,0.1314138996571521,0.13610723614692688,2150870,48.102460258906255,43.868704582353885,47.16082196594655,44.58196113120023,41.44169132744728,1.64,84.0,-0.85,0.42
RTX,1970-10-06,0.13610734845282832,0.13704609845853602,0.13000598549842834,0.13000598549842834,894925,42.72080556083713,45.079628609382425,45.715300176745785,44.81769362770077,41.662269510686464,1.62,65.0,-0.92,0.24
RTX,1970-10-07,0.13000599368763902,0.13094474375247955,0.12672067571033657,0.13094474375247955,1316963,42.61430182657829,44.987567913162366,45.675285698704876,44.658222693570906,41.49910010889075,1.6,64.0,-0.97,0.26
RTX,1970-10-08,0.13094473550413605,0.1337607806881791,0.12625138376214204,0.13000598549842834,864416,42.66109922048656,42.44677699867788,45.17676545468064,44.4925989633115,41.430607701876525,1.58,58.0,-1.03,0.32
RTX,1970-10-09,0.12906719422318297,0.12906719422318297,0.12625134339297925,0.1276593655347824,579667,42.63641915237146,42.50300997050342,45.22939135859067,44.528704031048356,41.44035298902312,1.56,59.0,-1.06,0.31
RTX,1970-10-12,0.12765921552820708,0.1290670425623337,0.1271897501901891,0.12812849879264832,355936,40.94376578666029,42.13780213535188,44.93434169018015,44.52805259531644,41.41613322140184,1.54,49.0,-1.09,0.35
RTX,1970-10-13,0.1281286493506572,0.1285979217869201,0.1276593655347824,0.1276593655347824,259325,40.89480529510395,41.79541010435511,44.93169648077451,44.52866603070955,41.41697638158891,1.53,48.0,-1.11,0.35
RTX,1970-10-14,0.1276593655347824,0.1285979217869201,0.12625134339297925,0.1276593655347824,523734,39.96472640466289,41.541791491381076,44.60803202936312,44.52866603070955,41.39619438775333,1.52,39.0,-1.12,0.4
RTX,1970-10-15,0.1281286624821247,0.13423002411090787,0.1281286624821247,0.13329127430915833,1342387,41.7429889537794,42.22651127649723,45.0348982329529,44.632894711247076,41.62646259302159,1.5,52.0,-1.13,0.26
RTX,1970-10-16,0.13329128782987779,0.13610733268774308,0.13329128782987779,0.13376076519489288,661024,40.83706793007213,42.22586602284507,44.14555678339044,44.49809078316003,41.6284935825148,1.5,23.0,-1.16,0.42
RTX,1970-10-19,0.13376080302597096,0.13376080302597096,0.12906725704669952,0.12906725704669952,528819,39.54848397989791,42.92903627581137,44.074857868027834,44.55878989996365,41.74376444293657,1.5,23.0,-1.18,0.51
RTX,1970-10-20,0.12906723549272064,0.13141400809044987,0.12672066772807142,0.13000598549842834,533904,38.14450939423394,42.6055696010722,44.08335202630613,44.44554651816253,41.398113890909244,1.51,24.0,-1.2,0.5
RTX,1970-10-21,0.13047518711986425,0.13329123077227362,0.13047518711986425,0.13141393661499023,1077978,38.06275320239842,42.19765125539058,43.33513068004882,44.45809630030666,41.35307238667723,1.52,9.0,-1.23,0.66
RTX,1970-10-22,0.13141388317400382,0.13282190442762026,0.12859784066677094,0.12859784066677094,427123,37.859277964451614,42.4310713124267,42.74845625609952,44.4707613066566,41.40336374576463,1.54,1.0,-1.25,0.72
RTX,1970-10-23,0.1285979217869201,0.12953667149246037,0.1276593655347824,0.1276593655347824,310173,37.66970089298422,42.37183796656988,42.76197642147357,44.30487552935918,41.36162832274988,1.55,2.0,-1.26,0.71
RTX,1970-10-26,0.1276593655347824,0.1281286493506572,0.12625134339297925,0.1276593655347824,650854,37.61476756408246,42.372041568779174,42.703083600417614,44.06391197784188,41.34408274398565,1.57,1.0,-1.26,0.72
RTX,1970-10-27,0.12718989613867762,0.12718989613867762,0.12578187403569155,0.12625133991241455,350851,37.616816406525764,41.819751004660276,42.59293987748588,43.62996280275289,41.34509257977743,1.59,1.0,-1.25,0.74
RTX,1970-10-28,0.12578177457200573,0.12578177457200573,0.1220271771087707,0.12390448153018951,528819,37.563401086345415,42.02412631430403,42.70100742999452,43.69093749904857,41.377765592280454,1.61,2.0,-1.24,0.74
RTX,1970-10-29,0.1239045956234401,0.12531261790954248,0.122027289473369,0.12437386810779572,233901,37.507380624062876,41.63180175294647,42.700221715460444,43.679896656321944,41.25066632697272,1.63,2.0,-1.22,0.74
RTX,1970-10-30,0.12437384842655813,0.1248433142900467,0.12249655395316802,0.12484331429004669,376275,37.362428898815956,41.425900095827004,42.5968939983964,43.63311588908595,41.251953859753506,1.64,2.0,-1.2,0.75
RTX,1970-11-02,0.1248433212511761,0.1276593655347824,0.12437385536151062,0.1276593655347824,254240,37.968435663297214,41.3905412766265,42.07448345705767,43.62525572369657,41.31908363176838,1.67,1.0,-1.17,0.77
RTX,1970-11-03,0.12718989613867762,0.12718989613867762,0.12578187403569155,0.12625133991241455,259325,37.38581105184673,41.46708094135982,41.7636151950892,43.556507855175575,41.32571575271614,1.7,1.0,-1.12,0.83
RTX,1970-11-04,0.12625133635334004,0.12765935841663342,0.1248433142900467,0.12484331429004669,457632,36.69174585262706,41.4628805112758,41.80520129397813,43.096357372077954,41.31338542941143,1.73,2.0,-1.07,0.84
RTX,1970-11-05,0.12437375358243186,0.12437375358243186,0.12296573259285797,0.12390448153018951,3701734,31.873551885318708,41.49144366348058,41.63656465679251,43.04880518005129,41.213995724277616,1.76,1.0,-1.01,0.94
RTX,1970-11-06,0.12390462706086582,0.1243738996642866,0.12108858177416622,0.1215580478310585,416954,32.010526972060646,41.667644104266515,41.754137767379326,43.0997091357194,41.18296329135892,1.79,2.0,-0.96,0.93
RTX,1970-11-09,0.12155794063181836,0.12296576858016454,0.12108847498893738,0.12108847498893738,549158,32.009052948754615,40.60308309065115,41.09085652501043,41.57047261764971,40.71856509949615,1.83,1.0,-0.92,1.15
RTX,1970-11-10,0.11639521095599092,0.11639521095599092,0.11404863233673658,0.11451790481805801,1118656,35.2212492288682,42.260194663152475,42.053453986763344,42.07453268570192,41.056113929346175,1.85,6.0,-0.89,1.08
RTX,1970-11-11,0.11451789232826881,0.11451789232826881,0.11264059777469432,0.1135791540145874,1449168,35.08725693535536,40.99792074055273,41.79085247512112,41.95377362508561,40.874999395551775,1.88,5.0,-0.86,1.14
RTX,1970-11-12,0.1135791540145874,0.11451789232826881,0.11264059777469432,0.1135791540145874,493226,34.70804488772783,40.77581088330277,41.73164564902754,41.53193942527672,40.87312652950686,1.91,3.0,-0.81,1.14
RTX,1970-11-13,0.1135791540145874,0.11404861989812815,0.11170184808140114,0.1135791540145874,935603,33.80223950259313,40.74350113722486,41.19882108109797,41.47649278324054,40.87335653008259,1.94,2.0,-0.75,1.24
RTX,1970-11-16,0.114341601729393,0.114341601729393,0.11243576147120657,0.114341601729393,462717,29.9307641415977,40.68785265971879,41.196959794277824,41.48500360602414,40.82638309888493,1.97,2.0,-0.68,1.23
RTX,1970-11-17,0.11434157580809769,0.11434157580809769,0.11291229123799877,0.11338865011930466,203392,27.439703819459176,35.836456773084386,41.22539424277768,41.45867496472512,40.832325236257624,2.0,4.0,-0.61,1.23
RTX,1970-11-18,0.11338860926853433,0.1143415346140148,0.1105300411581993,0.11053004115819931,361021,27.857879920465923,36.114526949812245,41.32393927192069,41.533727460573786,40.90182964606118,2.03,5.0,-0.55,1.2
RTX,1970-11-19,0.1100536659359932,0.1100536659359932,0.1071950982545594,0.1100536659359932,544074,27.856485829625573,36.11579068566422,41.054996438341725,41.490242488218165,40.844720461328905,2.06,1.0,-0.5,1.27
RTX,1970-11-20,0.11005370577939641,0.11053006459006935,0.10767149587373079,0.10957733541727066,188138,27.597543175408973,35.95293597374958,41.02635500321078,41.36376363570023,40.843298095704895,2.09,1.0,-0.47,1.27
RTX,1970-11-23,0.10957735166504057,0.11434157580809769,0.10910079640900792,0.11338865011930466,483056,29.771563347110124,35.632239327202555,41.25693655827647,41.563034109392504,40.997142521072526,2.12,7.0,-0.41,1.18
RTX,1970-11-24,0.11338865011930466,0.11386502055206504,0.11148300666789987,0.11338865011930466,320342,29.79487871929446,35.58167417703664,40.27000232334902,41.544800504763444,40.99456342576872,2.16,1.0,-0.44,1.28
RTX,1970-11-25,0.11338868456635322,0.11434161054464151,0.11291232554033129,0.11386505514383316,177968,29.867887959714107,35.14849358834375,40.021579582029744,41.52632080315001,40.92405026162768,2.21,1.0,-0.64,1.33
RTX,1970-11-27,0.11386504636532505,0.114341601729393,0.11291231683527453,0.114341601729393,188138,26.48425516779408,35.1471512388794,39.664750430206006,41.38555254504128,40.92502799745985,2.26,1.0,-0.77,1.5
RTX,1970-11-30,0.11434157604569113,0.1233936423664,0.11338865035491799,0.12196435779333115,2461043,33.252164466587416,37.26042454441867,40.33803118374274,42.0645115491319,41.42661461340151,2.29,4.0,-0.79,1.47
RTX,1970-12-01,0.12244069358788594,0.13053984424207893,0.12244069358788594,0.12386997789144516,1281370,32.17951439504754,35.76924645324921,40.39013045561751,42.00730562000701,41.43498317089827,2.33,5.0,-0.83,1.43
RTX,1970-12-02,0.12387000124869572,0.12482273056474169,0.1200585179632394,0.12196435779333115,762720,32.325346651062155,35.07222667150783,40.474959549281735,42.03845393976728,41.46114459036379,2.36,6.0,-0.94,1.42
RTX,1970-12-03,0.12386999548762033,0.12768129377254417,0.12386999548762033,0.12672856450080872,1459338,34.21153365643796,35.89619363147418,40.79131743819307,42.25028010110111,41.64477188752334,2.38,7.0,-1.03,1.29
RTX,1970-12-04,0.12577559053897858,0.12577559053897858,0.12101136887528173,0.12577559053897858,1464422,33.719361542099676,35.55274814210959,39.028210163244296,42.20561364651595,41.6451006055656,2.43,1.0,-0.99,1.37
RTX,1970-12-07,0.125775632538929,0.12768127563496048,0.12291706393181054,0.12386997789144516,462717,33.93203925990167,35.546921908668445,38.989130128704446,42.20938087458358,41.65124245652005,2.48,1.0,-0.93,1.44
RTX,1970-12-08,0.12386987988237697,0.12434624984938526,0.12196423829413863,0.12291696667671204,391530,33.98596367102811,35.55056791661973,38.75273905240334,42.01412731940151,41.6552390026215,2.53,1.0,-0.89,1.59
RTX,1970-12-09,0.12434636589921505,0.12672856450080872,0.12434636589921505,0.12672856450080872,589837,35.06431526976015,36.05472547607084,38.78853551282439,42.14394981863413,41.70907049540731,2.59,2.0,-0.86,1.58
RTX,1970-12-10,0.12672856450080872,0.12768129377254417,0.12577565040580924,0.12672856450080872,1189843,34.604652654262736,35.85155832990961,38.63736280815955,42.14394981863413,41.683574600487816,2.64,1.0,-0.81,1.61
RTX,1970-12-11,0.12815780294775553,0.1333983838558197,0.12815780294775553,0.1333983838558197,1769510,37.57813476846001,37.35602260873765,39.33333357262695,42.57448847515249,41.95081706217184,2.68,6.0,-0.8,1.41
RTX,1970-12-14,0.1333983838558197,0.13435130915979382,0.13244545855184559,0.1333983838558197,910179,37.58151874965663,37.29353382562707,39.3319954200979,42.56674006115159,41.89354624838593,2.72,6.0,-0.79,1.42
RTX,1970-12-15,0.1333983838558197,0.1333983838558197,0.1314927411739688,0.1333983838558197,686448,37.097951198495174,37.2622722283882,39.32285645933941,42.4936112009796,41.86254423242624,2.76,6.0,-0.76,1.41
RTX,1970-12-16,0.13244545560247256,0.13244545560247256,0.12815780009386252,0.1295870840549469,549158,37.97649878418448,37.37476529988772,39.38938036759294,42.62529534240686,41.95946860524546,2.79,9.0,-0.75,1.48
RTX,1970-12-17,0.1295870462644408,0.1329219834438468,0.1291104913504413,0.13053977489471436,589837,37.843760794382604,37.03701226477726,39.12996211578112,42.625965582613375,41.96510174269423,2.83,6.0,-0.71,1.53
RTX,1970-12-18,0.13053985243063912,0.13053985243063912,0.12672855444804706,0.12720492482185364,579667,38.5896152033174,35.290277072838705,39.339928275286,42.717633651498815,42.03293090477323,2.86,10.0,-0.65,1.47
RTX,1970-12-21,0.1272049385571617,0.12958713722701168,0.12386999903682373,0.12482272833585739,803398,38.58001765326813,35.426633822117026,39.411466667890096,42.772929295190316,42.06377143833153,2.9,12.0,-0.57,1.45
RTX,1970-12-22,0.12482266534609968,0.12577559053897858,0.12434630671269677,0.12577559053897858,244070,38.60049484326965,35.47850563745674,39.422268880008176,42.774624918748785,42.05966433801257,2.93,13.0,-0.49,1.44
RTX,1970-12-23,0.1252991630550502,0.1252991630550502,0.12291696667671202,0.12291696667671204,442378,35.427735448845695,35.742954575089776,39.22596768141699,42.733237923061594,42.11902478709541,2.96,7.0,-0.39,1.49
RTX,1970-12-24,0.12291696667671202,0.12386987988237697,0.12101131353703048,0.12291696667671204,396614,35.293990064384566,35.61015679263571,39.20916856339554,42.725416202939655,42.115056232082836,2.99,7.0,-0.28,1.51
RTX,1970-12-28,0.12339361909897292,0.12672854649856363,0.12339361909897292,0.12386997789144516,747466,35.31488840207297,35.35123944493904,38.988695684870684,42.65906283413839,42.11902323903698,3.03,4.0,-0.16,1.54
RTX,1970-12-29,0.12482264071762215,0.13149269989957374,0.12482264071762215,0.13053977489471436,2130531,38.10295013685542,36.433066852970924,39.699610458472215,43.10063999277674,42.44502886802597,3.05,18.0,-0.06,1.29
RTX,1970-12-30,0.13053983829006768,0.1324454812992107,0.12958710919711086,0.1314927637577057,630515,38.1060540885244,34.98937803571093,39.57965348357431,43.08821351367822,42.37493689814178,3.07,17.0,-0.01,1.3
RTX,1970-12-31,0.13149282899983172,0.13149282899983172,0.1272049741571772,0.1286342591047287,488141,38.709735421578735,33.997303381709,39.75410467441509,43.11592891467528,42.42914862791671,3.1,20.0,0.01,1.26
RTX,1971-01-04,0.128634164684452,0.12958707837398145,0.12768123944347345,0.12815779447555542,132205,37.75787632600584,33.969756779425964,39.686280550934725,43.116060737037984,42.429563243297245,3.12,19.0,0.07,1.32
RTX,1971-01-05,0.12815782495872038,0.1319691225284582,0.1272049110425342,0.1314927637577057,615261,38.11890295774645,34.35343555132211,39.849770871946546,43.20209064669011,42.49226189996431,3.14,22.0,0.05,1.21
RTX,1971-01-06,0.1314927611548526,0.13482768833637238,0.1305398357060774,0.13482768833637238,1505101,38.381348062514974,34.507208736990876,39.97110416881706,43.29144220166231,42.5632932660127,3.15,23.0,-0.15,1.12
RTX,1971-01-07,0.1348276678487322,0.13530402653767062,0.1319690998629072,0.1333983838558197,498310,37.80827184758428,34.583121617894406,39.35847678432435,42.91106023276832,42.57110312971489,3.18,14.0,-0.11,1.35
RTX,1971-01-08,0.1333983838558197,0.13530402653767062,0.1329220251668813,0.1333983838558197,310173,37.80827184758428,34.571628881184424,39.33837916991029,42.88604796376432,42.566030302560634,3.2,13.0,-0.12,1.35
RTX,1971-01-11,0.13339847912048325,0.13530412316322327,0.13244555313599032,0.13530412316322327,828822,37.89097340627235,34.68083648071329,38.60572400708169,42.52037232873569,42.44538065635187,3.23,1.0,-0.04,1.58
RTX,1971-01-12,0.13625707589318137,0.14054493177568028,0.13625707589318137,0.13911564648151398,2161040,38.419659838659356,34.01800922516234,38.713475618301466,42.55742375943628,41.994871698960594,3.26,3.0,0.04,1.53
RTX,1971-01-13,0.13959188860584104,0.14483246989268433,0.13959188860584104,0.14292682707309723,2115277,34.87327386942238,34.43938962809673,38.88528986027391,42.6278103040437,41.89256117232805,3.28,6.0,0.18,1.41
RTX,1971-01-14,0.14292685108079367,0.149596706032753,0.14292685108079367,0.149596706032753,1515270,36.68434734440298,34.75697158226821,39.462147885271136,42.914541497901396,42.117674548844924,3.3,22.0,0.65,1.21
RTX,1971-01-15,0.149596706032753,0.15054963156566745,0.14626177855677333,0.149596706032753,1189843,36.155354925221175,34.746072637954114,36.738062013607035,42.87892190439704,41.97662048907859,3.34,1.0,0.8,0.36
RTX,1971-01-18,0.14864391999601018,0.14864391999601018,0.1467382775855217,0.1472146362066269,1133910,35.46499154041208,34.90252831331996,36.790034565780786,42.12900649869986,42.00234744187695,3.37,2.0,0.73,0.35
RTX,1971-01-19,0.14578537239456502,0.14578537239456502,0.14387971832248833,0.14483244717121124,1449168,35.823579985405175,34.765311561809966,36.889999932739336,41.90012888895093,41.95929419896343,3.39,3.0,0.6,0.33
RTX,1971-01-20,0.14483246044361792,0.14483246044361792,0.14292681774835753,0.14435610175132751,320342,35.40929743285842,34.72902657550111,36.75519214980748,41.90372470108027,41.83650609808968,3.42,2.0,0.5,0.36
RTX,1971-01-21,0.14435612356964148,0.146738321691892,0.14292683935064623,0.1462617665529251,376275,35.26821751645945,34.79991463076201,36.25757837054533,41.88784421153983,41.71961438673029,3.44,1.0,0.39,0.49
RTX,1971-01-22,0.1462617444465879,0.1476910284495579,0.14387973150758718,0.14435610175132751,793229,34.87417818924302,34.835550808418034,36.31629764149948,41.90769657835471,41.729676653607015,3.46,2.0,0.28,0.49
RTX,1971-01-25,0.14435611116931565,0.14435611116931565,0.14197409807490918,0.14292682707309723,467802,35.10031891663933,34.65501139424889,36.030534334034535,41.76635893211923,41.740940113807625,3.48,1.0,0.17,0.54
RTX,1971-01-26,0.14292681774835753,0.14483246044361792,0.1424504475046172,0.14435610175132751,1144080,32.185020755431154,34.688708829483176,36.02887759850967,41.64684364645845,41.75022647282546,3.5,1.0,0.08,0.53
RTX,1971-01-27,0.14435611116931565,0.14435611116931565,0.14197409807490918,0.14292682707309723,635600,32.38430117163096,34.78081510509276,35.79372827871223,41.63154500317861,41.763678937849456,3.52,1.0,0.02,0.58
RTX,1971-01-28,0.14292685079268247,0.1434032095951058,0.1372097134590149,0.1372097134590149,1266115,34.713707606862286,35.62235422239931,35.47609512067085,41.93561260333488,41.82890355516798,3.52,1.0,-0.02,0.65
RTX,1971-01-29,0.13720977764106354,0.14006834764503875,0.13578068901386203,0.13863906264305115,1301709,33.62221372257919,35.57743937210165,35.058069128407375,40.63407076424417,41.73657998694513,3.53,1.0,-0.07,0.78
RTX,1971-02-01,0.13911558309284655,0.14197415237865868,0.13911558309284655,0.14149759709835052,783059,34.00546250874847,35.682574226145874,35.1205324884971,40.66620773351994,41.67110595145026,3.52,2.0,-0.14,0.73
RTX,1971-02-02,0.14149749054181482,0.14197404546324707,0.13768619476355093,0.1381625533103943,1261030,33.86228932926443,36.02539340588101,35.091821664342554,40.458294562734,41.65141730252767,3.51,2.0,-0.18,0.73
RTX,1971-02-03,0.13816255153005444,0.13911547653749723,0.1357805509004964,0.13768619298934937,1535610,33.294853499539734,35.77878850843839,35.027969319312916,40.42753603290789,41.65092660054502,3.5,1.0,-0.22,0.78
RTX,1971-02-04,0.13768619298934937,0.1414974887185015,0.13673326798190658,0.13768619298934937,1988157,33.281757547167814,35.760099119198465,35.00532083553768,40.24971197617743,41.59993839753682,3.49,1.0,-0.26,0.78
RTX,1971-02-05,0.13768623203925576,0.1438797265291214,0.13720967698880607,0.1438797265291214,3345798,34.378339514114046,34.68709709734874,35.621430050775245,40.55541573868705,41.68797504909034,3.47,7.0,-0.32,0.61
RTX,1971-02-08,0.14387969289198,0.14769098881104398,0.14340313795294246,0.1457853466272354,2649181,34.4152541303243,34.64706405242671,35.56824187865609,40.38175342036954,41.52054172481579,3.45,7.0,-0.38,0.63
RTX,1971-02-09,0.14578540778863674,0.14721468045618033,0.14530903747289672,0.1462617665529251,2969523,34.41660779252002,34.63678025280047,35.55669170462902,40.359709428139176,41.17909100850511,3.44,7.0,-0.44,0.64
RTX,1971-02-10,0.1438797125961209,0.1438797125961209,0.1400682313319302,0.14340315759181976,2440704,32.15178794399976,34.97393425178875,35.67628989555444,39.88105114578528,41.231742813981285,3.42,10.0,-0.5,0.63
RTX,1971-02-11,0.1451391099615646,0.1456214338541031,0.14369272284811416,0.1456214338541031,915264,32.32691588633968,35.048544487899036,35.72687782920267,39.61489363140585,41.24609376236806,3.39,11.0,-0.55,0.59
RTX,1971-02-12,0.14562142576892675,0.14562142576892675,0.14272825419902802,0.14272825419902802,615261,32.20105052706739,35.30637183304065,35.63607068978675,39.696921389190955,41.262823016872105,3.36,10.0,-0.6,0.61
RTX,1971-02-16,0.14272825419902802,0.1451391019031678,0.14272825419902802,0.14272825419902802,971197,32.14709997320705,34.78308043926256,35.42278155502064,39.220597368953854,41.202209959558104,3.35,6.0,-0.64,0.71
RTX,1971-02-17,0.1427282858734314,0.1456214580853858,0.14031725057370983,0.143692746758461,1708493,31.477184982682648,34.74036126185912,34.18303471722385,38.77337264073225,41.13889320421671,3.35,1.0,-0.66,0.77
RTX,1971-02-18,0.14272825123004987,0.14272825123004987,0.14031721651554108,0.14031721651554108,1316963,31.679603522435613,35.17578472383231,34.38017952960763,38.882488142853035,40.85423739122625,3.34,2.0,-0.66,0.73
RTX,1971-02-19,0.14031719860573935,0.14224610797012116,0.14031719860573935,0.14079952239990234,605091,31.478853080311435,34.613056440897964,34.380019901886776,38.84772524825635,40.81408086769209,3.32,2.0,-0.67,0.73
RTX,1971-02-22,0.14031722224641538,0.14031722224641538,0.13742424937034461,0.1383884996175766,2222058,31.95904322246405,34.870010752406294,34.490460663112174,38.81653833387699,40.84715359397717,3.31,4.0,-0.66,0.7
RTX,1971-02-23,0.13838851261721566,0.14031723542723062,0.13790638744831085,0.13790638744831085,457632,31.746014217080393,34.89733941134607,34.38849414601565,38.81145297862137,39.715649842817605,3.29,4.0,-0.67,0.73
RTX,1971-02-24,0.140799489038839,0.14562136964938535,0.140799489038839,0.14417478442192078,3000032,33.31368199764695,35.907315911480495,34.87773642577172,39.143419120692826,39.95636760362753,3.26,6.0,-0.71,0.61
RTX,1971-02-25,0.14417483998397737,0.1451391019031678,0.13983508262912928,0.14272825419902802,462717,32.54001094054463,33.711148736375215,34.52348331496382,39.10406399852038,39.880561023585734,3.22,6.0,-0.75,0.68
RTX,1971-02-26,0.14272823301250862,0.1441748185827274,0.13983506187207098,0.14079952239990234,752550,29.724290945936822,33.7637950719749,33.710035798040764,38.76105329584275,39.57390681305814,3.18,1.0,-0.77,0.83
RTX,1971-03-01,0.14079958156643185,0.14128170681141705,0.13887067139148712,0.13887067139148712,488141,29.91109230878762,33.72744610273259,32.96747224831218,38.59281830494136,39.56204140909583,3.18,1.0,-0.78,0.9
RTX,1971-03-02,0.13887064947740446,0.14031723542723062,0.13694192666738952,0.13790638744831085,452547,29.66782466541783,32.92126465544029,32.97266972712074,38.59684745381819,39.566857106770186,3.18,2.0,-0.8,0.92
RTX,1971-03-03,0.13790629115308364,0.13887055250886668,0.1311556900383984,0.1316378265619278,1296624,32.10979567428133,34.313568182474974,33.78773017776153,38.89584083392185,39.81758266068548,3.17,4.0,-0.8,0.84
RTX,1971-03-04,0.1316379109185623,0.13501320779323578,0.12874473918509946,0.13501320779323578,1423744,33.15508548116687,34.51144439128127,33.89281714953041,38.98846103255323,39.87489079768627,3.15,5.0,-0.79,0.76
RTX,1971-03-05,0.13501323203608767,0.13694194339034732,0.1311557976362829,0.13260218501091003,4591574,33.130833262017326,34.692177211761326,34.01681843759704,38.6585682341039,39.87796185203034,3.13,6.0,-0.79,0.73
RTX,1971-03-08,0.1359776743673056,0.1379063854582036,0.1359776743673056,0.13694192469120026,874586,34.53424343478256,34.75380688914985,34.38378938183678,38.823519971459156,39.90425175270726,3.1,10.0,-0.79,0.59
RTX,1971-03-09,0.13887063364941643,0.14321039100426455,0.13887063364941643,0.14272825419902802,849162,36.618175240202625,35.70989016267759,34.98467955199933,38.93160476696364,40.1076501200339,3.06,15.0,-0.81,0.43
RTX,1971-03-10,0.14321044953622128,0.14658574759960175,0.14321044953622128,0.14658574759960175,1159334,37.32843183571941,34.59678311573733,34.57539174144148,39.00314080504779,40.1761988549373,3.02,14.0,-0.84,0.48
RTX,1971-03-11,0.14706794650639277,0.15140750319006965,0.14706794650639277,0.14947879314422607,2745792,37.58804499173734,34.79018384855815,34.699058306986544,38.72855917950435,40.207539725033406,2.99,15.0,-0.86,0.43
RTX,1971-03-12,0.14947889243052062,0.1499612164033174,0.143692746758461,0.143692746758461,884755,37.458257084575365,35.80794237642315,34.80555607350795,39.03360286821854,40.309451691644085,2.96,16.0,-0.88,0.43
RTX,1971-03-15,0.144174856882479,0.14803229082369176,0.144174856882479,0.14755016565322876,1861037,38.07496461304804,35.61224238245687,35.02580792426372,39.13997207686976,40.37106258302359,2.92,20.0,-0.91,0.34
RTX,1971-03-16,0.14755012204048132,0.1504432814030423,0.14755012204048132,0.14899669587612152,2171210,37.753079102649,35.63077136883733,35.019161341725926,39.07117485577697,40.30298322537391,2.89,20.0,-0.93,0.35
RTX,1971-03-17,0.14899673661470905,0.15140758454799652,0.14755016238354748,0.15140758454799652,1744086,37.17119170016495,35.2534523676389,34.902469942056534,38.92926491935361,40.32496070780728,2.87,18.0,-0.94,0.35
RTX,1971-03-18,0.15140764242629465,0.15188996652227488,0.15044338004684582,0.15092551708221436,1347472,37.1672437783579,34.98431609037741,34.881621900949064,38.90772492310649,40.29824107864244,2.85,18.0,-0.94,0.36
RTX,1971-03-19,0.15092537758993085,0.15140750248840879,0.14755008241459788,0.15044324100017548,2069514,37.201703438331094,34.995827433573155,34.88923157451834,38.86222113842819,40.26274915800588,2.83,19.0,-0.95,0.36
RTX,1971-03-22,0.15044337336285943,0.1509255103768073,0.14851466162904,0.14996124804019928,1520355,35.13407557933487,34.601303097035455,34.838409274583256,38.276256103522854,40.24163999418652,2.81,17.0,-0.95,0.37
RTX,1971-03-23,0.1499612086574194,0.159122651289168,0.14851462262616225,0.15574735403060913,18869693,36.55424179263112,35.309030198840915,35.14908814429144,38.34925883335478,40.27055241991687,2.78,30.0,-0.91,0.28
RTX,1971-03-24,0.15574731704063324,0.15671177764678657,0.15381860627140023,0.15478305518627167,1408490,36.63341400736127,35.36078843627839,35.17405815918323,38.166953927640456,40.250814404644906,2.74,31.0,-0.89,0.28
RTX,1971-03-25,0.15478308813908837,0.15478308813908837,0.152854178207405,0.1543007642030716,900010,36.093606862234765,33.89319087984381,35.18317706194108,37.854849504088214,40.25251460281335,2.71,32.0,-0.87,0.28
RTX,1971-03-26,0.15430069209361433,0.15574727741324715,0.1538185671347434,0.15526515245437622,742381,35.9064715048296,33.88796612113655,35.040646037943056,37.856386134795066,40.249270386875146,2.69,27.0,-0.87,0.33
RTX,1971-03-29,0.15622969656123994,0.15767609570398483,0.15622969656123994,0.15719395875930786,1916970,35.389842207295914,33.54567553395946,35.015998012565746,37.86333640682654,40.26138410185301,2.66,24.0,-0.85,0.33
RTX,1971-03-30,0.15719393619440486,0.15912264737425424,0.1543007642030716,0.1543007642030716,6584816,35.9418703552977,33.8164195400094,35.107127149390436,37.8967831973511,40.249509773572214,2.64,31.0,-0.84,0.3
RTX,1971-03-31,0.15381866515320552,0.15381866515320552,0.15188994195437514,0.15285420417785645,823738,36.08498309062028,33.57906659382982,35.12149163239736,36.86754862119198,40.257170284520264,2.61,33.0,-0.83,0.3
RTX,1971-04-01,0.15333650214342173,0.15574735019873823,0.15333650214342173,0.1543007642030716,528819,35.29385294050984,33.282512440414855,34.97449057284361,36.80469566057191,40.25935357970735,2.59,22.0,-0.8,0.33
RTX,1971-04-02,0.15430075852716924,0.15430075852716924,0.14851461350917816,0.14851461350917816,1316963,37.2755708836772,34.205565680356536,35.55120424359089,36.963838656620034,40.43468869615595,2.56,40.0,-0.76,0.25
RTX,1971-04-05,0.14851456444268615,0.14851456444268615,0.14706797897815704,0.14706797897815704,686448,37.00534551962087,34.28616102396768,34.377003121008144,36.84762558174947,40.44666479841418,2.53,8.0,-0.7,0.15
RTX,1971-04-06,0.14706807166249275,0.15092550672816535,0.14658574759960175,0.14658574759960175,874586,37.002731031364625,34.19965569689547,34.34664568585074,36.76100434659332,40.44315855654868,2.51,8.0,-0.63,0.16
RTX,1971-04-07,0.14658566154151742,0.15092541812227972,0.14658566154151742,0.14899669587612152,9976378,35.046880750636724,33.90035428208712,34.41336791004912,36.73481705057223,40.373488652228026,2.47,14.0,-0.57,0.12
RTX,1971-04-08,0.14899674415642186,0.15478308813908837,0.14899674415642186,0.1543007642030716,1103402,36.211900284172394,34.19756329688077,34.789084784847546,36.94724826398954,40.512038203887855,2.45,19.0,-0.51,0.01
RTX,1971-04-12,0.15430075639288718,0.1552652171555533,0.15044332253715437,0.15140758454799652,1113571,36.4509483656533,33.16615051897841,34.958403750471426,37.021368370110544,40.497767651457956,2.42,26.0,-0.45,-0.02
RTX,1971-04-13,0.15140764242629465,0.1523721035576434,0.14658575765592718,0.15092551708221436,1011875,36.16950171191817,33.17341246517965,34.925901960290105,36.893004812809224,40.49440707062148,2.39,26.0,-0.39,-0.01
RTX,1971-04-14,0.1509255103768073,0.15140763569946744,0.1475502122318286,0.14996124804019928,925434,36.156790346186675,33.03086119357745,34.66109002587135,36.74098828591357,40.483863027052344,2.35,18.0,-0.39,0.04
RTX,1971-04-15,0.15044325094364044,0.15478300664575675,0.15044325094364044,0.15237197279930115,1016960,33.16209897683721,32.99913724675898,34.70068889136833,36.7627761822668,40.47495537445489,2.32,20.0,-0.44,0.01
RTX,1971-04-16,0.15237196272835835,0.15237196272835835,0.14947879245150333,0.15044324100017548,686448,32.95720498886055,33.10633754992506,34.773024071727576,36.765316989346445,40.49509225774482,2.29,21.0,-0.56,-0.01
RTX,1971-04-19,0.15044324100017548,0.15381854786678584,0.15044324100017548,0.15044324100017548,732211,32.337699292889646,33.00503043305613,34.418397552692106,36.76462544278929,40.47844142917539,2.25,15.0,-0.6,0.1
RTX,1971-04-20,0.15044335571292855,0.15285420417785645,0.148996769471482,0.15285420417785645,1067808,31.444045200965327,33.03056631194128,34.4776330574879,36.5669205978351,40.498588483897194,2.23,16.0,-0.69,0.07
RTX,1971-04-21,0.15285407654893263,0.1605691265804097,0.15237195168539608,0.1591225415468216,11257747,31.321088135937337,33.91026791001422,34.979591326193486,36.83912827700618,40.37897470088784,2.2,34.0,-0.8,-0.05
RTX,1971-04-22,0.15912259059832676,0.1605691760778427,0.15622961839105795,0.1605691760778427,1123741,30.602724783384144,33.90151551706813,34.99108898893268,36.70155788558879,40.36595221477927,2.19,36.0,-0.93,-0.05
RTX,1971-04-23,0.16056929191516062,0.16442692612451146,0.16056929191516062,0.16394460201263428,1042384,30.663888092553915,34.03285824463362,33.7111614456725,36.69213045656537,40.108222210493174,2.17,4.0,-0.82,-0.26
RTX,1971-04-26,0.1639444276686476,0.17021289245495191,0.1639444276686476,0.1697307676076889,1530525,29.219386840859805,33.46094176508822,34.028882372294376,36.81034563581675,40.18214798751801,2.14,8.0,-0.52,-0.32
RTX,1971-04-27,0.16973092653887237,0.17165963817688612,0.16828434019957,0.1692487895488739,1271200,28.623458674134213,33.455464928853566,33.91137747939661,36.80634718088505,40.15710801268554,2.11,7.0,-0.35,-0.3
RTX,1971-04-28,0.16924863106914972,0.1697307676076889,0.16683759763816827,0.1697307676076889,645770,28.58478715823895,33.2654849963597,33.442619586020456,36.76292197326468,40.13226573171418,2.08,3.0,-0.21,-0.2
RTX,1971-04-29,0.16973086106094787,0.17165957195491313,0.16876640039242166,0.1711774468421936,1210182,28.399024205923816,32.80623495317943,33.41169769348506,36.759593976042865,40.110578730027925,2.07,3.0,-0.09,-0.2
RTX,1971-04-30,0.1702129930602783,0.1702129930602783,0.1678021452647709,0.16828428208827972,1800019,28.985612240028946,33.047922160469625,33.43775231531808,36.80857855987987,39.54418553089907,2.07,4.0,-0.08,-0.21
RTX,1971-05-03,0.16587347597923632,0.16587347597923632,0.15622969656123994,0.15719395875930786,1581373,35.66366665405833,36.15035102725812,35.26146172124574,37.35933188684845,39.94607804273807,2.05,57.0,-0.1,0.33
RTX,1971-05-04,0.1581584120269586,0.1668377300734412,0.1581584120269586,0.1658734679222107,1418659,38.70562232381666,36.68273550450827,35.91816239386949,37.843453386349374,40.28624904089332,2.03,68.0,-0.13,0.33
RTX,1971-05-05,0.16490892715298625,0.16490892715298625,0.1624978929758072,0.1624978929758072,823738,37.87556592295481,36.90939267714057,36.10518647801892,37.49753507127719,40.31928131217548,2.02,71.0,-0.17,0.28
RTX,1971-05-06,0.1624980154895271,0.16587351264761863,0.1624980154895271,0.16394460201263428,1027130,37.86383546010218,36.93665374722395,35.26368255883497,37.44224109054637,40.31375864414344,1.99,58.0,-0.23,0.36
RTX,1971-05-07,0.16394460201263428,0.16490905148448215,0.16201587843826779,0.16394460201263428,757635,37.838550445262754,36.66322090598654,35.26368255883497,37.42385325812091,40.19218035525727,1.96,58.5,-0.28,0.36
RTX,1971-05-10,0.16394451152210424,0.16587342109241096,0.1605692032876599,0.16490896046161652,655939,37.83516397655312,36.56966485311678,35.26724399743827,37.40709414463536,40.09706745846031,1.93,60.0,-0.33,0.36
RTX,1971-05-11,0.1649089843724577,0.16683770716190338,0.16153368733989715,0.16683770716190338,1215267,37.8186818858054,36.3261132134288,34.943208356496015,35.84626172930526,40.07995261025487,1.9,38.0,-0.35,0.45
RTX,1971-05-12,0.16859176754951477,0.16956635643451803,0.1676173676917279,0.16859176754951477,422038,37.380652128094,36.35734544350932,34.957700182467946,35.83049186518747,40.088212767217286,1.87,39.0,-0.36,0.44
RTX,1971-05-13,0.16859187941586615,0.17249006032943726,0.16761747891153192,0.17249006032943726,3152576,37.62220746899633,36.581827848891706,34.80436089680134,35.91277386991377,39.176884777881845,1.83,31.0,-0.34,0.49
RTX,1971-05-14,0.17346441815306046,0.1754136085510254,0.17346441815306046,0.1754136085510254,2323754,37.77481573587453,36.25512459048576,34.69258222563102,35.87271361658197,39.184322653002305,1.8,27.0,-0.29,0.53
RTX,1971-05-17,0.17541372038373346,0.17590092673374053,0.1656683528911758,0.1676175445318222,2633926,38.53339111081917,37.630375735002694,35.54134674418841,36.00667597193922,39.23015901130459,1.76,67.0,-0.33,0.42
RTX,1971-05-18,0.1661555737963637,0.1661555737963637,0.16274479031562805,0.16274479031562805,518650,39.55779374804588,37.99218777958373,35.676725077647625,36.18573446796035,39.327620181471,1.72,74.0,-0.4,0.39
RTX,1971-05-19,0.16274493246747446,0.1666429133771701,0.16274493246747446,0.165668323636055,320342,39.721093171549995,38.09446129203174,35.7529443927269,36.05314020147584,39.22778117140767,1.68,76.0,-0.5,0.37
RTX,1971-05-20,0.16664287691185894,0.1705408687827953,0.16664287691185894,0.1690792739391327,864416,39.84721217067397,37.288153001592526,35.85195977016873,36.10574834100934,39.26645831093074,1.64,78.0,-0.61,0.34
RTX,1971-05-21,0.16907930386289297,0.16956649829226822,0.1656683167040882,0.16713011264801025,406784,38.9998948092151,37.31148431702954,35.040998103544155,35.982955550316944,39.14568878551795,1.59,53.0,-0.66,0.38
RTX,1971-05-24,0.16518100811282155,0.16518100811282155,0.16128302978145037,0.16225741803646088,386445,39.63001585995887,37.74975094163961,35.399165994075304,35.66022785204367,39.25718604637109,1.53,66.0,-0.69,0.27
RTX,1971-05-25,0.15982125450804463,0.15982125450804463,0.15299947260101213,0.1568976640701294,706787,40.953782978796234,38.32528975841805,35.64735448637691,35.658193896338965,39.00496283043143,1.47,75.0,-0.71,0.23
RTX,1971-05-26,0.15689763725463643,0.16079561540185647,0.15689763725463643,0.15982122719287872,513565,41.18103581749805,38.4243813448333,35.730831418121866,35.67236134811547,38.822753057581366,1.4,79.0,-0.77,0.21
RTX,1971-05-27,0.15982132466270438,0.16274491638395014,0.15933392941951752,0.15933392941951752,747466,40.99452646105196,37.06647502697388,35.540841727946734,35.536218974749325,38.82511176558146,1.32,69.0,-0.79,0.25
RTX,1971-05-28,0.15933395749056137,0.1607957417945074,0.15494875816348344,0.1554359644651413,477971,41.50244108165177,37.20991624238694,35.59548295042588,35.63288973746038,38.566975876360104,1.24,74.0,-0.78,0.22
RTX,1971-06-01,0.15543589286533402,0.15787227767769937,0.15007610619068146,0.15007610619068146,966112,42.80802612467841,37.76932098171255,36.01540243528521,35.87515134314338,38.41293133377515,1.17,86.0,-0.76,0.13
RTX,1971-06-02,0.15007610619068146,0.1529994962387618,0.14958871108613966,0.15007610619068146,2806810,42.53945518830482,37.244654664243,36.01540243528521,35.847522373071676,38.40933266856069,1.1,86.5,-0.73,0.13
RTX,1971-06-03,0.15007610619068146,0.15007610619068146,0.1491015168231147,0.15007610619068146,655939,40.746746078415775,36.306831591946285,35.955345772903385,35.78807424498347,38.38437087049268,1.04,86.0,-0.71,0.15
RTX,1971-06-04,0.15007610619068146,0.15105050653093827,0.14958871108613966,0.15007610619068146,966112,40.61863928494683,35.90556627929361,35.69889478980379,35.78008852674808,38.31701346596831,0.98,80.0,-0.68,0.21
RTX,1971-06-07,0.15007607568958312,0.1510504758318052,0.1495886806840983,0.15056326985359192,1291539,40.06755090602236,35.688944936692046,35.45220671024266,35.7617132895936,38.31054154367905,0.91,68.0,-0.67,0.28
RTX,1971-06-08,0.15056331175956958,0.15056331175956958,0.14422893524169922,0.14422893524169922,915264,40.07019689395918,35.861820830545156,35.3734474169109,36.12246655568098,38.564681534507464,0.79,66.0,-0.68,0.25
RTX,1971-06-09,0.14422893524169922,0.1466651312096896,0.14374174094209063,0.14422893524169922,757635,40.094596766254476,35.43638352728805,35.3734474169109,35.9903908090402,38.52067903031788,0.77,66.5,-0.69,0.25
RTX,1971-06-10,0.14422893524169922,0.14422893524169922,0.14325434580095012,0.14422893524169922,233901,40.05265630266332,35.373550672200146,35.28392678698675,35.8699456094208,38.24715226357868,0.75,66.0,-0.69,0.28
RTX,1971-06-11,0.14422891409164876,0.14763971081442911,0.1432543247938156,0.1432543247938156,645770,39.83560415659414,35.2252600032433,35.20550095173944,35.19526530052207,38.1060347089348,0.73,62.0,-0.7,0.31
RTX,1971-06-14,0.1432543979756287,0.14569078385829926,0.14276719168436697,0.14569078385829926,366106,40.22430069263391,35.409420415760614,35.304389991149364,35.24224255329308,38.129008940368905,0.71,68.0,-0.7,0.29
RTX,1971-06-15,0.14569071166903458,0.14715250703168598,0.14520351743338805,0.14617791771888733,788144,35.496531324282195,35.4141726549226,35.24665872124799,35.24155367018778,38.03999292912307,0.7,63.0,-0.7,0.3
RTX,1971-06-16,0.14617791771888733,0.1491015084441901,0.14617791771888733,0.14617791771888733,706787,31.273224876470795,35.409714394215555,35.18392947762401,35.24155367018778,38.032623968841456,0.68,62.0,-0.69,0.33
RTX,1971-06-17,0.14617799014956098,0.14812698071357677,0.14569078385829926,0.14569078385829926,391530,30.886915635555074,34.50217791096539,35.151371520542625,35.18451777144538,37.744458925398206,0.68,60.0,-0.68,0.35
RTX,1971-06-18,0.14569069185393138,0.1471524870177669,0.14227990735687615,0.14276710152626038,655939,31.01609555361976,34.71063326993964,35.26501552936506,35.148360472084384,37.798062083471365,0.67,69.0,-0.69,0.3
RTX,1971-06-21,0.14227988354331383,0.14227988354331383,0.14081808862414077,0.14130528271198273,1916970,31.026589162233936,34.75736832582257,35.26748323719687,34.95915740629517,37.68572657339646,0.66,71.0,-0.69,0.3
RTX,1971-06-22,0.1413053366599328,0.14227993786334991,0.139356346908827,0.14227993786334991,686448,31.058518061279557,34.76370170153704,34.673867853775164,34.47867728521123,37.66250571278465,0.66,27.0,-0.68,0.42
RTX,1971-06-23,0.1422799453875252,0.14569073079626466,0.14179255024638468,0.14422893524169922,320342,31.15520487887663,34.786005425846625,34.70147724496634,34.07468535488289,37.447174193411485,0.66,31.0,-0.66,0.41
RTX,1971-06-24,0.14422893524169922,0.14520353649665607,0.14325434580095012,0.14422893524169922,233901,30.85452968203229,34.60285366504847,34.55278332878218,34.06564532859488,37.442514332674484,0.66,25.0,-0.65,0.46
RTX,1971-06-25,0.14422889122390264,0.1452034921814171,0.14325430208059234,0.1437416970729828,330512,29.696221018113345,34.56314858816588,34.34238095872035,34.056451306138655,37.44536842980004,0.67,14.0,-0.63,0.53
RTX,1971-06-28,0.14374179329428344,0.14617799014956098,0.1422799972073173,0.14569078385829926,396614,29.487692246176735,34.62531607562386,34.39911410167637,34.016884749769744,37.4098075071166,0.67,21.0,-0.61,0.52
RTX,1971-06-29,0.14569069185393138,0.14569069185393138,0.14227990735687615,0.14276710152626038,610176,27.40243204736419,33.98984289778082,34.55775006839573,34.10563523063242,37.35069431153329,0.67,28.0,-0.59,0.45
RTX,1971-06-30,0.14276710152626038,0.14569069185393138,0.14276710152626038,0.14276710152626038,594922,26.460681798571056,33.93668926820232,33.841922146659684,34.10193253297405,37.33363221494142,0.67,9.0,-0.6,0.55
RTX,1971-07-01,0.14276713968713378,0.14422893524169922,0.14276713968713378,0.14422893524169922,1047469,25.99408108445233,34.0016298850096,33.815626884298624,34.1206166497573,37.300919383202675,0.68,9.0,-0.6,0.56
RTX,1971-07-02,0.1442290114718588,0.1442290114718588,0.14081822426039706,0.14179262518882751,691533,25.114266998908157,33.99380702770532,33.91751230189969,33.80724630367105,36.9238895320328,0.68,13.0,-0.62,0.51
RTX,1971-07-06,0.14179262518882751,0.14276721514468205,0.14130541881750527,0.14179262518882751,355936,25.109289994465193,33.16592843834755,33.774154419606596,33.8051607468015,36.82123863108917,0.68,8.0,-0.62,0.58
RTX,1971-07-07,0.1417925816537038,0.14666516369629465,0.1417925816537038,0.14471617341041565,457632,25.1191621032269,33.25807208351517,33.842582814725574,33.614468453709634,36.71072388289528,0.69,12.0,-0.63,0.56
RTX,1971-07-08,0.14471612013402013,0.14520351520368793,0.14227992452327892,0.1432543247938156,172883,23.575971856703966,33.31043496622424,33.7298047485573,33.62933442452144,36.481714530110914,0.69,8.0,-0.63,0.6
RTX,1971-07-09,0.14325433822524575,0.14422892761445572,0.14179254274798428,0.14227993786334991,193222,22.695304245153608,33.31349526214572,33.747390348633054,33.618407549204285,36.48994760364509,0.69,9.0,-0.63,0.59
RTX,1971-07-12,0.14227993786334991,0.14227993786334991,0.14081814238608845,0.14227993786334991,325427,22.722151701083117,33.129307917776856,33.72994904919459,33.515447929168914,36.48474207248574,0.7,9.0,-0.63,0.59
RTX,1971-07-13,0.1422799425010517,0.1422799425010517,0.13789455592632294,0.13789455592632294,711872,23.31837149657136,33.62181465811752,33.88542511114092,33.71443197660502,36.58970197113742,0.7,16.0,-0.64,0.56
RTX,1971-07-14,0.13789460946411472,0.13935640555656886,0.13692000785053932,0.13886921107769012,264410,21.567079383221724,33.66575874538669,33.90005556181604,33.72347042982199,35.79500539870603,0.71,18.0,-0.64,0.55
RTX,1971-07-15,0.1388691571615078,0.1422799425010517,0.13789455592632294,0.13789455592632294,396614,21.59025876958071,33.49203613935974,33.807218322612755,33.707336889288,35.74470016470797,0.71,13.0,-0.64,0.59
RTX,1971-07-16,0.13789461449953122,0.13935641064536491,0.13692001285036687,0.13838180899620056,259325,21.65442643923341,32.356220109844216,33.80732079759169,33.63118559098962,35.6309065154262,0.72,14.0,-0.64,0.59
RTX,1971-07-19,0.13838180394299346,0.14033080632853842,0.13740741498523598,0.13886921107769012,498310,21.716468309901977,32.29291521534132,33.054482675187394,33.63084865796199,35.522735376501565,0.74,3.0,-0.66,0.69
RTX,1971-07-20,0.13886921614869557,0.13984360514203426,0.13838180899620056,0.13838180899620056,188138,21.647087606513807,31.92846122440599,33.02180436153107,33.63227097004241,35.46203302725495,0.76,3.0,-0.67,0.71
RTX,1971-07-21,0.13838175021604768,0.1393563514512325,0.1374073616365982,0.13789455592632294,137290,17.99772323630772,30.956620984857828,32.95720306058036,33.53600914495762,35.410330809020564,0.77,1.0,-0.68,0.75
RTX,1971-07-22,0.13789453238742322,0.13789453238742322,0.1364327371120453,0.1364327371120453,411869,18.18477873639123,30.991353792798787,32.92804149527767,33.53395319255881,35.427067686119564,0.77,1.0,-0.68,0.76
RTX,1971-07-23,0.13594554998637448,0.13594554998637448,0.13448375463485718,0.13448375463485718,259325,18.53224827114202,31.039678602299777,32.98800995319421,33.55156442023301,35.45602095562364,0.77,3.0,-0.68,0.73
RTX,1971-07-26,0.13448384919067746,0.13545823833964357,0.13350924738585174,0.13399644196033478,254240,18.48898116106497,30.932629479452387,32.14866492458041,33.54167601913299,35.35314555012244,0.81,1.0,-0.7,0.88
RTX,1971-07-27,0.13253469671095702,0.13253469671095702,0.12912371238927245,0.13009831309318542,676278,19.201027779809046,31.25993560110059,32.23563837846416,33.649478516620654,35.36713894974121,0.84,2.0,-0.66,0.83
RTX,1971-07-28,0.12814942814794736,0.12814942814794736,0.126687632101001,0.1276620328426361,574582,19.563905915446,28.46505482600839,32.24827462701519,33.72313033733346,35.41000970477097,0.88,3.0,-0.58,0.82
RTX,1971-07-29,0.12766197813907304,0.12814937323553394,0.12473858813946179,0.12522578239440918,864416,19.970332698595094,26.02530867989885,31.958321834465934,33.139863949416664,35.44217127254661,0.92,1.0,-0.45,0.87
RTX,1971-07-30,0.12522575872438715,0.12766195400856428,0.12376396358013152,0.12376396358013153,1011875,20.052193664516167,25.85776969534927,31.274730684136266,33.15548138295627,35.461106566249924,0.98,1.0,-0.34,0.97
RTX,1971-08-02,0.12376401664069314,0.1247386180399249,0.1218150264980008,0.12327682226896286,783059,19.554757220617923,25.707028185429298,30.950629542192488,33.159563861073806,35.3020608584168,1.04,1.0,-0.29,1.07
RTX,1971-08-03,0.12327678103765911,0.12376397524644182,0.11694240570068358,0.1169424057006836,742381,23.951229459366928,27.501112298701326,31.80166195446519,33.75188717613764,35.69181590249426,1.08,3.0,-0.06,1.01
RTX,1971-08-04,0.11694242302135648,0.12132760867550885,0.11694242302135648,0.11937861889600754,294918,24.920242787529475,27.9274310722592,31.449772333511316,33.82995654220577,35.65554379177836,1.12,3.0,-0.02,1.13
RTX,1971-08-05,0.11937859776696857,0.12084039300680159,0.11840419756333728,0.1208403930068016,345766,24.826194121271133,27.941765086762516,31.202430492217704,33.84366488610732,35.62977029651577,1.17,2.0,-0.06,1.21
RTX,1971-08-06,0.1208404143945664,0.1208404143945664,0.11791682339744868,0.11937861889600754,513565,24.825542236243436,27.77841492744707,31.186340067417678,33.73652566482976,35.605626900127525,1.21,2.0,-0.09,1.2
RTX,1971-08-09,0.11791675852129271,0.11791675852129271,0.115967757999897,0.115967757999897,244070,25.658992738068243,27.52850002970683,31.334023511963867,33.91120774679356,35.7246495087059,1.25,5.0,-0.09,1.11
RTX,1971-08-10,0.11596782037815581,0.1193786174284946,0.11596782037815581,0.11840421706438065,203392,26.251496369298316,27.68500296318459,31.554329067621538,33.99317841975776,35.7405742036442,1.28,7.0,-0.15,1.04
RTX,1971-08-11,0.11840423267017,0.1218150183558464,0.11742963133608092,0.1218150183558464,300003,27.841091059626695,27.3875820422191,31.93108925094127,33.919029904558066,35.845931192503336,1.3,9.0,-0.25,0.92
RTX,1971-08-12,0.1227894270556709,0.125713018597595,0.1227894270556709,0.12327682226896286,300003,28.249722422044453,27.140164552346874,32.008167393032664,33.94641320211126,35.85099446331751,1.32,11.0,-0.35,0.9
RTX,1971-08-13,0.12327676941727297,0.12766195400856428,0.12278937441293888,0.12376396358013153,223731,28.017110276420688,26.797301960487534,31.380888590117177,33.94604113071548,35.53747152548462,1.35,6.0,-0.43,1.02
RTX,1971-08-16,0.13009831309318542,0.13253469671095702,0.13009831309318542,0.13009831309318542,727126,31.978151653480953,28.607862094112548,32.44938064062073,34.44420037980284,35.872664765182385,1.36,16.0,-0.49,0.98
RTX,1971-08-17,0.13187653725816526,0.13582779353021243,0.13138267213904375,0.13533394038677216,452547,34.24964561249899,29.93909688397084,33.100506683127726,33.91367150034006,35.73056765050549,1.36,22.0,-0.53,0.85
RTX,1971-08-18,0.13533394038677216,0.13632186223591522,0.13533394038677216,0.13533394038677216,655939,33.61734334953335,29.448642770711565,33.07913961613744,33.86719223311544,35.67552436931264,1.36,22.0,-0.56,0.85
RTX,1971-08-19,0.13533387509845615,0.1358277280036499,0.13335824791552264,0.1343461573123932,208477,33.56942657126536,28.76831830277634,33.0187994305026,33.8266151635903,35.67363405011144,1.36,20.0,-0.58,0.87
RTX,1971-08-20,0.13434622452448156,0.13434622452448156,0.13138267448636723,0.13335831463336945,142374,33.57654318380752,28.446433924797283,32.91969989270208,33.53898054993079,35.66363957325031,1.37,17.0,-0.61,0.92
RTX,1971-08-23,0.13335821183793653,0.1338520646095276,0.1323702907326542,0.1338520646095276,147459,33.614250743175994,28.479670516931243,32.904802666255755,33.52840288648724,34.45300668547837,1.37,17.0,-0.64,0.93
RTX,1971-08-24,0.13385216778563305,0.13533394280469022,0.1323703927665759,0.13335831463336945,447462,32.457550768820575,28.113781529707182,32.861607460456945,33.48046671632766,34.43663355338325,1.37,17.0,-0.66,0.94
RTX,1971-08-25,0.13335824791552264,0.13533387509845615,0.13335824791552264,0.1343461573123932,477971,32.46505462306994,27.35132435550508,32.35652459854643,33.476505923137246,34.44177409264092,1.38,16.0,-0.69,1.11
RTX,1971-08-26,0.13335826093530337,0.13335826093530337,0.13039471209049225,0.13039471209049225,177968,33.48480188752066,27.943172693024554,32.65065412217233,33.4760940790509,34.52066314078536,1.38,18.0,-0.73,0.99
RTX,1971-08-27,0.12743114205684217,0.12743114205684217,0.12249196665748696,0.12594936788082123,615261,34.75756986173496,28.712541469824043,33.07931461075219,33.72902874580738,34.45291066100468,1.39,29.0,-0.78,0.84
RTX,1971-08-30,0.12545557205990496,0.12545557205990496,0.12446766218729996,0.124961718916893,610176,34.724828360481084,28.723660310176218,32.97009586506455,33.183585923853414,34.453734910695935,1.39,24.0,-0.83,0.88
RTX,1971-08-31,0.12397374044775457,0.12397374044775457,0.12101020379433548,0.1224919781088829,300003,35.050373460664815,28.899597889113966,32.56280157841599,33.264471367123605,34.38600098676658,1.4,18.0,-0.86,0.95
RTX,1971-09-01,0.12249195392012786,0.12545548998833098,0.12051631510257721,0.12051631510257721,610176,35.22720991328228,27.837294461529048,32.53087978197134,33.316808325080935,34.41608485927725,1.4,18.0,-0.89,0.97
RTX,1971-09-02,0.12051637468773659,0.12199814944228721,0.1185407468690784,0.11952846497297287,574582,35.19729696937354,27.85059035419945,32.54430032891101,33.157659196248844,34.322665721482736,1.4,19.0,-0.92,0.96
RTX,1971-09-03,0.12101020379433548,0.1224919781088829,0.12101020379433548,0.1224919781088829,442378,36.03326269688055,28.41473781988384,32.81431982531958,33.27631547862554,34.0025894322642,1.41,22.0,-0.95,0.87
RTX,1971-09-07,0.12298588719600176,0.12594943717859816,0.12298588719600176,0.124961718916893,437293,36.64737136625941,28.77783772175693,32.87640640398084,33.223286172383474,33.86908540464173,1.41,24.0,-0.97,0.85
RTX,1971-09-08,0.12496166068848105,0.12940678000450134,0.12347988638764554,0.12940678000450134,335597,37.248997573986664,29.52089981828796,33.3475967094362,33.40476285027029,34.02189760098648,1.41,37.0,-0.99,0.75
RTX,1971-09-09,0.13138263476347914,0.13335827431315656,0.13138263476347914,0.13237035274505615,1052554,37.380064541736694,29.931562482614854,33.56662917159722,33.498946369525385,34.00158582783174,1.41,41.0,-0.99,0.68
RTX,1971-09-10,0.130394700005287,0.130394700005287,0.12743115143514266,0.12891292572021484,559328,37.778796405489196,30.3575309994694,33.68824221726803,33.53545374087387,34.074217654580394,1.41,42.0,-1.0,0.62
RTX,1971-09-13,0.12891292140153537,0.13039469563696698,0.12792520364367407,0.12841905653476715,462717,37.616844453176434,30.358579373807753,33.012812595087624,33.53895525103357,34.06860566300976,1.4,31.0,-0.98,0.74
RTX,1971-09-14,0.12792523518445945,0.12792523518445945,0.12644346058368683,0.12644346058368683,325427,37.90313151014419,30.252235158570777,33.030984774414875,33.578601570703036,34.08614102547443,1.4,34.0,-0.95,0.73
RTX,1971-09-15,0.12644343498444094,0.1279252092852193,0.12545551359653473,0.12545551359653473,366106,34.46377323428522,30.227808602587793,32.831418142926765,33.008722409209554,34.04537381379172,1.41,23.0,-0.91,0.79
RTX,1971-09-16,0.12545550095618255,0.12545550095618255,0.12298581749200822,0.12298581749200821,177968,34.596182493945385,30.389878403041802,32.39058881217926,33.0782344131145,34.09449590576821,1.41,17.0,-0.88,0.87
RTX,1971-09-17,0.1234798863828842,0.12644343498444094,0.1234798863828842,0.12545551359653473,437293,34.8837034558344,30.558088795355896,32.59757979156504,33.06410424773512,34.13629084225488,1.42,22.0,-0.83,0.8
RTX,1971-09-20,0.12545557205990496,0.12693734705120316,0.124961718916893,0.124961718916893,254240,34.68963548594492,30.555965637857664,32.584442914506944,33.06446990166339,34.13125843725433,1.42,22.0,-0.79,0.8
RTX,1971-09-21,0.12496166068366256,0.12545551359653473,0.1229858298835258,0.12545551359653473,172883,33.464041579520845,30.582675159856677,32.55141658366998,32.92513153446667,34.039560088117554,1.43,21.0,-0.75,0.82
RTX,1971-09-22,0.12545557205990496,0.12545557205990496,0.12446766218729996,0.124961718916893,386445,33.06241991290162,30.40768582893523,32.474966635099925,32.78983480925336,33.94540294291788,1.44,19.0,-0.7,0.85
RTX,1971-09-23,0.12496167855779516,0.12545553154130654,0.12397375702857971,0.12397375702857971,305088,32.18752638761383,30.205181679732938,30.75915161415452,32.77945936402246,33.427101438167554,1.46,1.0,-0.65,0.46
RTX,1971-09-24,0.12397377726094538,0.12446764230073229,0.11952846497297287,0.11952846497297287,381360,33.72935490842116,31.000270700104295,29.892428711026664,33.05664303327303,33.61302831052011,1.49,1.0,-0.59,0.16
RTX,1971-09-27,0.11952846172776874,0.12101023644208908,0.11804668701344838,0.12101023644208908,396614,33.9234968772215,31.041972870454686,29.864205872058253,33.04562994464864,33.63677648704865,1.52,1.0,-0.52,0.17
RTX,1971-09-28,0.12101023972752349,0.12101023972752349,0.1185407468690784,0.11952846497297287,2842403,30.46582910544356,30.965364522012816,29.84026659415545,32.90075316421837,33.65727066763641,1.56,1.0,-0.44,0.18
RTX,1971-09-29,0.11903447835017193,0.11903447835017193,0.1165647964034156,0.11755270510911942,676278,27.934987174970257,31.08807783699327,29.912560217579927,32.785674013601245,33.65577378250928,1.59,4.0,-0.37,0.15
RTX,1971-09-30,0.11755276705870069,0.12051631510257721,0.11656485783237482,0.12051631510257721,879670,29.201964217237,31.24644876565947,30.21252461402069,32.460349681230504,33.66791603229679,1.61,5.0,-0.28,0.08
RTX,1971-10-01,0.1210102458185332,0.1244676485657692,0.1210102458185332,0.1244676485657692,320342,30.993273118326158,32.03372552698671,30.64363857877346,32.70069792954269,33.67505166788011,1.63,6.0,-0.18,0.02
RTX,1971-10-04,0.12446760534089152,0.1299008377059443,0.1224919781088829,0.1224919781088829,879670,31.21004977246794,32.14355856623911,30.637236616326707,32.700367670059585,33.34097753794858,1.65,6.0,-0.11,0.02
RTX,1971-10-05,0.12249195392012786,0.12347986314645373,0.12051631510257721,0.12051631510257721,411869,31.38274187484093,32.26215108915151,30.419038197755505,32.70001479595442,33.066167778718246,1.67,6.0,-0.13,0.08
RTX,1971-10-06,0.12051624460805452,0.12150416523218155,0.12051624460805452,0.12150416523218155,605091,31.563956454146275,31.781270556970657,30.302262022145314,32.71689941175626,33.06851366725021,1.69,6.0,-0.35,0.11
RTX,1971-10-07,0.12249197697065364,0.1269372878973131,0.12249197697065364,0.12545551359653473,564413,33.04648060758848,32.49196535035652,30.07726069489061,32.907048878725476,33.21839663367043,1.71,5.0,-0.35,0.07
RTX,1971-10-08,0.12545550095618255,0.12594936579497068,0.12199809979010638,0.12298581749200821,661024,32.444439578092165,32.68820684273104,29.89891176696682,32.9522619620242,33.227920731725526,1.72,4.0,-0.28,0.1
RTX,1971-10-11,0.1224919781088829,0.1224919781088829,0.12150426029828477,0.1224919781088829,422038,30.938139148073173,32.671214577836444,29.71622285640531,32.93677852412859,33.22795422961146,1.73,1.0,-0.3,0.17
RTX,1971-10-12,0.1224919781088829,0.12446760534089152,0.1224919781088829,0.1224919781088829,498310,30.868637545575726,32.65365058598226,29.482929139003684,32.91184599615703,33.22611121313314,1.75,1.0,-0.52,0.25
RTX,1971-10-13,0.12249206648382285,0.12249206648382285,0.11952851571660078,0.12002257257699966,376275,30.890786863023585,32.86693910689028,29.57904127187764,32.97512353315714,33.28746064837785,1.77,2.0,-0.79,0.22
RTX,1971-10-14,0.12002254768991286,0.12051640086127459,0.11705899753719307,0.11804671585559845,218646,30.905797486161408,32.995490548460985,29.356342944738405,32.68628134489257,33.04048225262692,1.79,1.0,-0.93,0.28
RTX,1971-10-15,0.11804671585559845,0.12002254768991286,0.11705899753719307,0.11804671585559845,305088,30.823249429586703,32.95645993709347,28.9521471345637,32.65928252265141,33.03808142709496,1.82,1.0,-0.94,0.37
RTX,1971-10-18,0.11804673681164177,0.11903464691633504,0.11755287157692554,0.11854079365730286,177968,29.946685293093573,32.88786463843058,28.77279341676202,32.56657143087139,32.8513983319209,1.84,1.0,-1.08,0.44
RTX,1971-10-19,0.11854062579049034,0.11854062579049034,0.11705885254943782,0.11755270510911942,391530,29.335288545773235,32.91160441858081,28.785478174223943,32.464883546447055,32.85232026494801,1.86,2.0,-1.26,0.44
RTX,1971-10-20,0.11755270510911942,0.11952834288552062,0.11508321477303661,0.11755270510911942,1794934,27.174979413259916,32.4164906230171,28.57738041804304,32.463626914186996,32.833199463151246,1.88,1.0,-1.35,0.51
RTX,1971-10-21,0.11755287508354145,0.12002257257699965,0.11557724642616654,0.12002257257699966,7866186,27.02698228355413,32.53676528783576,28.345718677765557,32.56461541080016,32.832206794552114,1.9,1.0,-1.35,0.52
RTX,1971-10-22,0.12002257257699965,0.12199820123437458,0.11903465046715249,0.12002257257699966,361021,26.12611391723731,32.314276801648404,28.345718677765557,32.12633845277343,32.82458407680108,1.92,1.5,-1.35,0.52
RTX,1971-10-25,0.1200225099311452,0.1200225099311452,0.11903458833694458,0.11903458833694458,106781,26.1790184466077,32.27139726036546,28.359498469626875,32.09334470832845,32.83437091812202,1.93,3.0,-1.35,0.52
RTX,1971-10-26,0.11903464691633504,0.12051642225574455,0.11804673681164177,0.11854079365730286,1683069,25.89539154397636,32.27235615454952,28.358529883395377,32.091067394559545,32.81876250272971,1.95,3.0,-1.37,0.52
RTX,1971-10-27,0.118046711963405,0.118046711963405,0.11557721865006296,0.11656493693590164,757635,26.19525016817909,30.590931945662387,28.436253889278067,32.069066727790535,32.80827023074538,1.96,5.0,-1.4,0.49
RTX,1971-10-28,0.1165647964034156,0.11804656964446812,0.11607093186806691,0.11755270510911942,427123,25.841133417364475,30.34018511626499,27.738685342358078,32.029398704726745,32.817308426119254,1.99,1.0,-1.37,0.53
RTX,1971-10-29,0.11755282517863536,0.11952846497297287,0.11607105042408475,0.11952846497297287,218646,25.625840062523093,30.432721884855766,27.895716031612416,32.01950717402862,32.858390028101155,2.01,2.0,-1.33,0.45
RTX,1971-11-01,0.11952845332861961,0.11952845332861961,0.11854073532094772,0.11903458833694458,610176,25.627457522453028,30.341970177222983,27.896362237723405,32.0214608712773,32.783089364238954,2.03,3.0,-1.29,0.46
RTX,1971-11-02,0.11903464691633504,0.12002256899671236,0.11508337774376762,0.11854079365730286,686448,25.58214522707406,29.75139667805098,27.887834744368277,32.01031272120215,32.76745652145491,2.04,2.0,-1.25,0.46
RTX,1971-11-03,0.11854076870506965,0.12002254373257298,0.11656493693590166,0.11656493693590164,630515,25.94110373713139,29.64652504172024,27.82351891458208,31.951337536746404,32.79101417457976,2.06,2.0,-1.21,0.5
RTX,1971-11-04,0.11656493693590166,0.118046711963405,0.11557721865006296,0.11656493693590164,1032214,25.893667602658883,29.03896158967651,27.811557285871437,31.947171164485134,32.78288484186401,2.07,2.0,-1.18,0.51
RTX,1971-11-05,0.11656493693590166,0.1170589936775663,0.11607107180514153,0.11656493693590164,198307,23.744255272415206,28.91944140625256,27.811557285871437,31.889008388423516,32.7280622050087,2.08,2.5,-1.15,0.51
RTX,1971-11-08,0.11656494077923855,0.11854077261355296,0.11656494077923855,0.11804671585559845,396614,23.759413099033306,29.036595300166606,27.91122203206953,31.927985477830273,32.75090796098483,2.09,8.0,-1.12,0.46
RTX,1971-11-09,0.11656494269562591,0.11656494269562591,0.11113189905881882,0.11113189905881882,1413574,29.229330986971945,29.601603880575656,29.26806907128025,32.24075669767672,32.83205718601591,2.07,18.0,-1.03,0.86
RTX,1971-11-10,0.10965008080656517,0.10965008080656517,0.09878380619833482,0.1022414118051529,6737360,37.32706691332229,32.68664825429543,31.940772592445043,33.65274571880907,33.86236690609951,2.04,45.0,-0.68,2.3
RTX,1971-11-11,0.10224145036607624,0.10322916868453852,0.09779612513674049,0.10174739360809326,11771312,36.26117077575374,32.67213833810672,31.900504624808068,33.62562722860756,33.86523156815856,2.02,44.0,-0.41,2.31
RTX,1971-11-12,0.10174737724284873,0.1066865548491478,0.09977174332493711,0.1066865548491478,1123741,37.86649827229435,34.369195174710285,32.796397073525604,34.09477553778515,34.20144503523985,2.0,63.0,-0.35,2.14
RTX,1971-11-15,0.10668653119558483,0.10767445272270772,0.10471090370353128,0.1061926782131195,391530,37.72621455197401,34.361734010972036,32.793810261816674,34.090597891399504,34.19713363056459,1.98,63.0,-0.3,2.14
RTX,1971-11-16,0.10800110400620562,0.10800110400620562,0.10348007810451562,0.10448481142520905,544074,37.72497309372264,34.41852147586006,32.8601953239677,33.71303906070074,34.224717600646535,1.96,67.0,-0.23,2.09
RTX,1971-11-17,0.10448481142520905,0.10649409537230896,0.10348007810451562,0.10448481142520905,533904,37.55581356771,34.42883689291872,32.7557878989402,33.564559857296196,34.13101090216844,1.94,63.0,-0.21,2.14
RTX,1971-11-18,0.1044848492973555,0.10548938810825348,0.1044848492973555,0.10548938810825348,122035,36.17082081525757,34.46281991450562,32.705281728554,33.53124372418752,34.142530653051715,1.92,63.0,-0.19,2.2
RTX,1971-11-19,0.10548934987199642,0.1059918200591057,0.10348007810451562,0.10448481142520905,503395,35.94416083493953,34.06201290424205,32.718017357288616,33.307690718354685,34.15295005398754,1.91,64.0,-0.16,2.18
RTX,1971-11-22,0.10448476791877782,0.10448476791877782,0.09946148097515106,0.09946148097515106,966112,38.11649606871219,34.753004255934904,33.455532184332874,33.39143160784187,34.32880204298626,1.91,88.0,-0.07,1.92
RTX,1971-11-23,0.09946152043619137,0.10147079825401306,0.0984567810454247,0.10147079825401306,1876291,38.86645405070022,35.08598888815065,33.59650708962316,33.32006827944854,34.39005302138344,1.91,90.0,-0.05,1.88
RTX,1971-11-24,0.10147082221441883,0.10297782508475366,0.09845680429412744,0.09895927459001541,1998326,39.03787817500159,35.2037646185861,33.76810902077103,33.33122165012367,34.47481228549921,1.91,95.0,0.01,1.77
RTX,1971-11-26,0.09895921641173697,0.10348003967061586,0.09895921641173697,0.10247550159692764,513565,40.6921159451081,35.968886202715325,34.107427940456205,33.32505607405763,34.65375827695901,1.91,100.0,-0.05,1.69
RTX,1971-11-29,0.10247556456228311,0.10649412125349045,0.10096855556213925,0.10649412125349045,889840,42.56359369178801,36.922812427954064,34.73179360779606,33.49824417092663,34.258803090646616,1.92,100.0,-0.11,1.52
RTX,1971-11-30,0.10649412156715814,0.10850339382886887,0.10297782812124268,0.10850339382886887,518650,42.9948051839826,36.76439069262287,34.89543471250093,33.55831630180251,34.27527028496053,1.94,100.0,-0.15,1.46
RTX,1971-12-01,0.10850335545812141,0.11252211779356003,0.10749881711948446,0.11252211779356003,828822,44.43571264541236,37.33275739894133,35.44065619519504,33.79540929818446,34.43980950091009,1.97,100.0,-0.17,1.31
RTX,1971-12-02,0.1125221479867265,0.1125221479867265,0.11101513911070009,0.11201966553926468,366106,44.44188394547724,36.54332627903313,35.137200667271415,33.79657724206314,34.222976840458536,1.99,99.0,-0.17,1.45
RTX,1971-12-03,0.11201971256402295,0.11201971256402295,0.11001043963024151,0.111015185713768,259325,43.97346868519707,36.19069988734657,35.1235202753275,33.80729534931006,34.22630947374929,2.0,98.0,-0.19,1.45
RTX,1971-12-06,0.11101512052800971,0.11201964678842784,0.11001037503444877,0.11051284521818161,940688,43.96980843550058,35.859137018325356,35.117043334719256,33.80849931996588,34.19662073880655,2.02,97.0,-0.2,1.45
RTX,1971-12-07,0.11051276268010068,0.11151730036988412,0.10800102261831876,0.10950803011655807,732211,43.97998789121911,35.88357169162701,35.12187412245797,33.490223825224476,34.19992228393844,2.04,97.0,-0.22,1.44
RTX,1971-12-08,0.10950813882629862,0.10950813882629862,0.10699638409146463,0.10749885439872742,671194,44.21535891928524,35.93494858652906,35.202432627691216,33.54384596589181,34.10523237307453,2.07,99.0,-0.27,1.39
RTX,1971-12-09,0.10749886765762631,0.10749886765762631,0.10398258598171829,0.10548938810825348,610176,44.274242236985764,36.07307071099163,35.297291141356695,33.60279539278575,34.15377198883337,2.1,99.0,-0.34,1.34
RTX,1971-12-10,0.10548937509720357,0.10749885439872742,0.10448483641020531,0.10749885439872742,838992,44.617043127943376,36.167463600169974,35.46283415317352,33.680165522690665,33.81013478225638,2.13,100.0,-0.39,1.28
RTX,1971-12-13,0.10749885513499048,0.11001040283345147,0.10749885513499048,0.10850339382886887,3355968,44.38563477297598,35.95537983071929,35.48735388322563,33.6637753213027,33.82529127992218,2.16,100.0,-0.43,1.28
RTX,1971-12-14,0.10850339308572568,0.10850339308572568,0.10649412083777651,0.10749885439872742,2018666,44.42006549902881,35.98183494210868,35.45238151031627,33.61756272741927,33.83581500008053,2.19,98.0,-0.47,1.3
RTX,1971-12-15,0.10749874768362207,0.10950803011655807,0.10699627787516619,0.10950803011655807,1550864,44.870238786091306,36.216658756434725,35.604280420614145,33.69328369935066,33.772716475233224,2.22,100.0,-0.49,1.24
RTX,1971-12-16,0.10950803011655807,0.11101503761479738,0.1085032853734055,0.10950803011655807,1967818,44.6731112476128,36.21787328797287,35.331148490090186,33.66734390127145,33.76325380614137,2.25,95.0,-0.51,1.37
RTX,1971-12-17,0.10950803011655807,0.11051276268010068,0.10699627787516619,0.10950803011655807,2100022,44.6731112476128,36.200694511669504,35.22443365270333,33.38952688009834,33.66851918458889,2.28,93.0,-0.53,1.43
RTX,1971-12-20,0.11051286371679671,0.11352667441529109,0.11051286371679671,0.11201966553926468,1601712,45.24473315182343,35.82547784929788,35.3161083024792,33.499490559158694,33.698237695240515,2.31,94.0,-0.54,1.43
RTX,1971-12-21,0.11201971256402295,0.11302445864754945,0.10950817620511404,0.111015185713768,5293277,45.09909151744798,35.75126272386666,35.29782385503878,33.510594826683345,33.69942030519738,2.33,93.0,-0.56,1.44
RTX,1971-12-22,0.11101518002218043,0.1150337256837183,0.1105129044431777,0.11402919888496399,3813600,42.2926462166984,36.13902836267127,35.57058203987691,33.611935914210264,33.73344170781845,2.36,99.0,-0.56,1.35
RTX,1971-12-23,0.11402919888496399,0.11553619613673019,0.11151744342155759,0.11402919888496399,1677984,33.94053251453145,35.98726645258695,34.58064368127351,33.331326692190125,33.73344170781845,2.37,82.0,-0.57,1.58
RTX,1971-12-27,0.1165406592675728,0.12156395987146286,0.1165406592675728,0.11854994297027588,2003411,35.32847173759917,36.5189889762876,34.980383747287384,33.61083334946905,33.951000895126796,2.39,84.0,-0.57,1.48
RTX,1971-12-28,0.11854994297027588,0.11854994297027588,0.1165406592675728,0.11854994297027588,1052554,32.98957011645027,35.88436453044428,34.92529216630355,33.61050711623342,33.53747940062264,2.41,83.0,-0.57,1.5
RTX,1971-12-29,0.11854988065919922,0.12055935817958191,0.11804760567109068,0.11905235052108765,1184758,32.89908526473951,35.75791502910193,34.87910873022814,33.61149445324238,33.53188242244809,2.42,81.0,-0.57,1.53
RTX,1971-12-30,0.11854989676977032,0.11854989676977032,0.11252207237002143,0.11754535883665085,2222058,32.73030539149928,35.69875075850483,34.63017565209389,33.575833031613904,33.48486746481806,2.44,79.0,-0.57,1.65
RTX,1971-12-31,0.11754539903083412,0.1190524074094417,0.11654065370072668,0.11804766207933426,1067808,32.70918400611945,35.667655925506914,34.478279250381725,33.5555590396367,33.486346479625745,2.45,77.0,-0.57,1.71
RTX,1972-01-03,0.11804762171340413,0.1190523666999429,0.11503360598682005,0.11754535883665085,1794934,32.75271849959462,35.025527448744526,34.18132873425932,33.556941985159014,33.38652812577979,2.46,76.0,-0.56,1.82
RTX,1972-01-04,0.1175453905768304,0.12457796186208725,0.11654064531898543,0.12457796186208725,15218806,36.090111848460495,36.8377605427932,35.369248510374405,34.227685283400135,33.801086675373384,2.48,94.0,-0.57,1.7
RTX,1972-01-05,0.12558266855171094,0.13161049331249988,0.12558266855171094,0.1301036924123764,15874746,33.70331447668447,37.87228865084594,36.02673899456285,34.28430926335903,34.06622851559272,2.51,100.0,-0.6,1.51
RTX,1972-01-06,0.13161060640156813,0.1361316341470179,0.13161060640156813,0.13562937080860138,6183117,34.8789957758081,38.77374584901338,35.759475393707106,34.63465422028428,34.320424988513494,2.53,99.0,-0.58,1.52
RTX,1972-01-07,0.13562936283190596,0.1376386353006355,0.13512708734340542,0.13663409650325775,5481414,33.30333894335022,38.51547871483393,35.22669105381333,34.55234656031879,34.299059203066854,2.55,87.0,-0.56,1.69
RTX,1972-01-10,0.13814079462800513,0.141657292842865,0.13814079462800513,0.141657292842865,3874618,33.379982166114445,38.931282895072364,35.68742822237934,34.573391561883014,34.376662472585394,2.57,98.0,-0.4,1.53
RTX,1972-01-11,0.1416573876951463,0.14316439672971895,0.14115490519482035,0.142661914229393,3996653,32.34236144813602,38.9346609018429,35.6806729312109,34.58585326269131,34.277331177121575,2.59,97.0,-0.22,1.54
RTX,1972-01-12,0.14266182031223806,0.14416882835471692,0.141657294439291,0.1436665654182434,1571203,32.23859700820891,38.942191903886666,35.671901416324566,34.595821960493,33.977624672079436,2.61,96.0,-0.04,1.56
RTX,1972-01-13,0.1426618187044914,0.1426618187044914,0.141657292842865,0.141657292842865,1062723,31.879519377281877,39.03223276405413,35.7460459181033,34.6124399291434,34.006135985676025,2.63,98.0,0.03,1.51
RTX,1972-01-14,0.141657292842865,0.1431643008683604,0.141657292842865,0.141657292842865,3025456,31.757447936263066,39.03223276405413,35.739642557225295,34.56027111160631,33.96895674773982,2.65,97.0,0.08,1.52
RTX,1972-01-17,0.14316427900266981,0.1451735496520996,0.14316427900266981,0.1451735496520996,1261030,31.699836350895534,39.11172853193548,35.925438958696354,33.753070650743524,34.01929696319091,2.68,99.0,0.21,1.44
RTX,1972-01-18,0.1466806225114561,0.14919216930866241,0.1466806225114561,0.14919216930866241,961027,31.866304465725126,39.41631093899362,35.83074537021841,33.29741031103529,34.126910985038755,2.7,98.0,0.43,1.5
RTX,1972-01-19,0.14919215617945053,0.14969462626562774,0.14517360127208423,0.1486898809671402,1688154,31.608343875834734,39.36598107896295,35.37103827010465,33.214278940149136,34.1037516256837,2.71,85.0,0.47,1.69
RTX,1972-01-20,0.14868991494946734,0.14868991494946734,0.14517363445078327,0.1456758975982666,3203424,31.767833533890183,39.64636152204438,35.5138337532657,33.279293326238616,34.14025426851532,2.73,89.0,0.38,1.62
RTX,1972-01-21,0.14567592541792793,0.14617820084095,0.14467119187755687,0.14617820084095,483056,30.63593066081955,39.421285425787694,35.3471928615978,33.28274111067849,34.127188805723016,2.75,82.0,0.27,1.71
RTX,1972-01-24,0.14617819207738367,0.14617819207738367,0.14316438138484955,0.14316438138484955,1586458,31.871580080575413,39.72855539989764,35.41394641957823,33.35913560849909,34.17668499351903,2.76,84.0,0.12,1.68
RTX,1972-01-25,0.14316437210180658,0.14567590723857804,0.14165736332647774,0.1441688984632492,2181379,31.880174962810955,39.63872972255629,35.387485451557836,33.339353064907854,34.169318695447224,2.77,83.0,-0.01,1.7
RTX,1972-01-26,0.1421596309178339,0.1421596309178339,0.14065262209574872,0.14115488529205322,722042,32.66011596081047,39.923553714901914,35.38632358878318,33.39846115720942,33.989173656186,2.79,82.0,-0.14,1.67
RTX,1972-01-27,0.1411548122697592,0.1436665654182434,0.13964780422728035,0.1436665654182434,1240691,32.638998059653915,40.01014657395333,35.35722794972859,33.351653184731575,34.01896915018161,2.8,79.0,-0.24,1.69
RTX,1972-01-28,0.14366657418510484,0.1461781204334054,0.14316431121798207,0.14467111229896545,579667,32.53341892596948,39.79834437948818,34.95795531510631,33.29790580158678,33.96508288954933,2.81,65.0,-0.31,1.83
RTX,1972-01-31,0.1446710797445878,0.14718282030152938,0.1436665418567717,0.1451735496520996,483056,32.462905067646254,39.79129047867423,34.7894944282216,32.8802484813482,33.881525304214065,2.82,61.0,-0.35,1.9
RTX,1972-02-01,0.1456758631015729,0.1476851466284688,0.1456758631015729,0.14668060839176178,457632,32.22035680349794,39.80702555785317,34.541562596639096,32.728137344247735,33.89464426050066,2.82,57.0,-0.42,2.04
RTX,1972-02-02,0.1446711987107114,0.1446711987107114,0.142661914229393,0.142661914229393,172883,33.56274377294227,40.284057203376335,34.8398655894102,32.812026815960955,34.010354441656176,2.83,61.0,-0.49,1.89
RTX,1972-02-03,0.14266182789641854,0.14266182789641854,0.13914554868805507,0.13964781165122986,238986,34.16083326876902,38.40641164337235,34.92290955834848,32.80379744931336,33.79140941511918,2.84,63.0,-0.57,1.85
RTX,1972-02-04,0.13964788059979094,0.14165737191077923,0.13713634531082283,0.13864335417747498,462717,34.34843941376709,33.932763788585405,34.919022947360936,32.788098824485814,33.77246513928592,2.85,62.0,-0.64,1.85
RTX,1972-02-07,0.13864338115161068,0.13964790776936503,0.13613162614078314,0.13663409650325775,467802,33.45512252486337,34.112972737058875,34.84859559493714,32.65202928257183,33.8013007380433,2.85,59.0,-0.7,1.89
RTX,1972-02-08,0.13713630581168182,0.13864331424427284,0.13713630581168182,0.13763856887817383,427123,33.43243395106757,32.949866562733185,34.73270352929791,32.434470243224006,33.75311576471784,2.86,56.0,-0.76,1.94
RTX,1972-02-09,0.13763859442703974,0.1406526118516922,0.13763859442703974,0.1406526118516922,452547,33.77855679736123,33.08753100475309,34.87884768633724,32.46331950654757,33.788122495026556,2.87,59.0,-0.83,1.88
RTX,1972-02-10,0.1421596357250925,0.1446711832043376,0.1421596357250925,0.14316438138484955,503395,33.49670678422302,32.90212999647631,34.97479870485639,32.53502230863512,33.77554092926268,2.88,65.0,-0.9,1.84
RTX,1972-02-11,0.14316430248176987,0.1446711034708048,0.14215955737576455,0.1436665654182434,442378,33.502001490836285,32.886091127721926,34.96624291242334,32.411023117271306,33.77734338691816,2.88,64.0,-0.97,1.85
RTX,1972-02-14,0.1436665637991736,0.14567583475548226,0.141657292842865,0.141657292842865,838992,33.895956530846824,33.11167316199262,35.02157466681559,32.18936828975648,33.79998145258245,2.88,66.0,-1.03,1.82
RTX,1972-02-15,0.14165730197006893,0.14165730197006893,0.13964781165122986,0.13964781165122986,945773,30.59968858070724,33.213780032979365,34.58513325985258,32.231725072198074,33.74643492326587,2.87,49.0,-1.09,1.99
RTX,1972-02-16,0.1396479207758151,0.14065266672036972,0.1361316388197357,0.1391456574201584,1016960,28.257521304482502,31.299740627837046,34.55132959460764,32.23391374052915,33.74654490727584,2.86,47.0,-1.14,2.0
RTX,1972-02-17,0.14015039801597595,0.14467121869045946,0.14015039801597595,0.14015039801597595,859331,25.741212869145063,31.157721942867045,34.49295254999739,32.2464730264756,33.709836187744145,2.85,45.0,-1.19,2.04
RTX,1972-02-18,0.14198227905492353,0.14198227905492353,0.13689331710338593,0.13689331710338593,900010,26.627563361085254,31.094649445367573,34.602156481220234,32.35937095461986,33.79032697468048,2.83,49.0,-1.23,1.99
RTX,1972-02-22,0.13689351426760188,0.13842022356017603,0.13638447544284235,0.13740235567092896,340682,24.377651455362646,30.481454296607037,34.400705232217575,31.966220519834877,33.49621765804172,2.82,42.0,-1.27,2.08
RTX,1972-02-23,0.13740231549257903,0.14045573318486546,0.13638443556213467,0.13892902433872223,432208,24.51932998982724,29.699310325659916,34.078233011407555,31.99425563964717,33.50022011422098,2.81,39.0,-1.3,2.21
RTX,1972-02-24,0.13892888572314183,0.13994654253917774,0.13791100680828094,0.13791100680828094,228816,24.470648916815055,29.644782156176774,33.9953435010372,32.00541489268055,33.480759036823,2.8,38.0,-1.34,2.27
RTX,1972-02-25,0.13791104589607764,0.13791104589607764,0.13536666869719252,0.13638433814048767,294918,24.351937256712297,29.021117434042644,33.93804798480901,32.022053204961736,33.47086947520425,2.79,37.0,-1.37,2.3
RTX,1972-02-28,0.1363844378320535,0.1363844378320535,0.1353667676448822,0.1353667676448822,218646,24.414796382446273,29.061728125373183,33.94769043897707,31.968166478061466,33.4719878501866,2.77,37.0,-1.39,2.28
RTX,1972-02-29,0.13536668773813912,0.1358755287007748,0.13383997976779938,0.13383997976779938,1016960,23.277869406705616,29.107382701882983,33.6386202857658,31.99113168785623,33.165351810649675,2.75,34.0,-1.41,2.41
RTX,1972-03-01,0.13384005654575779,0.13892902433872223,0.13384005654575779,0.13892902433872223,1210182,24.546129855906003,29.89072480706481,33.97391945466017,32.30239019023085,33.27860178243558,2.73,37.0,-1.43,2.31
RTX,1972-03-02,0.13892901160203242,0.14045572030821052,0.1374023028958543,0.13994666934013367,533904,24.702806092054814,29.77618833444205,33.97698847029055,32.31274026417686,33.23638201106324,2.71,37.0,-1.46,2.31
RTX,1972-03-03,0.13994668217012,0.13994668217012,0.13842018308418744,0.13892902433872223,1194928,24.13585109899985,29.499881048609872,34.00401389674014,32.235789484899676,33.08908391555317,2.68,38.0,-1.49,2.29
RTX,1972-03-06,0.13892888572314183,0.1394377141311598,0.13587547107738412,0.13791100680828094,777974,24.143451903813766,29.206942771205576,33.85579803239337,32.22465254463598,32.83589404968046,2.65,32.0,-1.51,2.38
RTX,1972-03-07,0.13791104589607764,0.13842008420837246,0.13638433814048767,0.13638433814048767,1230522,23.64231719793993,29.2221872086276,33.792916150429235,32.23993947551182,32.74354122754482,2.62,31.0,-1.52,2.42
RTX,1972-03-08,0.13638447544284235,0.1379111847354165,0.13638447544284235,0.13740235567092896,294918,23.656731787333992,29.210144189107627,33.805445555403374,32.210906498790905,32.69226840496329,2.58,31.0,-1.53,2.42
RTX,1972-03-09,0.13740231777943898,0.14045573552254506,0.1353667676448822,0.1353667676448822,905094,23.277156727324062,29.341452144685178,33.903073431324685,32.257528315015506,32.48869381324784,2.53,32.0,-1.54,2.35
RTX,1972-03-10,0.13536680497502773,0.1379111847354165,0.13434893708578066,0.13740235567092896,274579,23.097054683204547,29.27387027314399,33.93513356009877,32.3060147764627,32.413667962663794,2.48,32.0,-1.54,2.35
RTX,1972-03-13,0.13740227620343864,0.13842014350399562,0.13485768815445676,0.13587556779384613,391530,23.118520406320293,29.424708523325933,33.99451851664969,32.290264851945075,32.416162224214965,2.43,36.0,-1.54,2.3
RTX,1972-03-14,0.13587559401197424,0.13689346150893572,0.13434888530779282,0.13485771417617798,345766,23.108288588246424,29.50419849595967,33.88133684753687,32.21487542998137,32.38198947086674,2.37,29.0,-1.54,2.35
RTX,1972-03-15,0.1348576083859937,0.1363843158925366,0.1338399391087078,0.1343487799167633,350851,22.789602135116567,29.265848074084,33.88996267710384,32.217458521391464,32.38254460983962,2.3,29.0,-1.54,2.34
RTX,1972-03-16,0.1343487799167633,0.1348576083859937,0.1328220724102204,0.1343487799167633,335597,21.545378715422157,29.165660343792783,33.857031443168005,32.19314584057905,32.38140846200709,2.24,27.0,-1.54,2.37
RTX,1972-03-17,0.13434878498559755,0.13536665172248796,0.13231323659420013,0.13231323659420013,289834,21.13866740174263,28.98457832324693,33.947679015675114,32.180949032705655,32.414161491859765,2.17,32.0,-1.53,2.31
RTX,1972-03-20,0.13231336639523827,0.13384007545710255,0.13078665733337402,0.13078665733337402,238986,21.27418026871561,29.12419910125485,33.887801304347,32.20827906410691,32.20325144369355,2.09,27.0,-1.52,2.34
RTX,1972-03-21,0.12976869551264167,0.12976869551264167,0.12518878140783266,0.12925985455513,671194,21.142275314359384,28.241839577132687,33.92874285890682,32.13974862568985,32.21751583373346,2.0,29.0,-1.5,2.31
RTX,1972-03-22,0.12773310241997077,0.12773310241997077,0.12315299247806598,0.12518873810768127,803398,22.67616347377653,29.061250428092755,34.23311911447792,32.33430060526016,32.3682693485068,1.9,41.0,-1.5,2.14
RTX,1972-03-23,0.12518873381810824,0.13231322016700758,0.12518873381810824,0.13180439174175262,533904,26.789562415250433,30.851288276781847,35.169221135659804,32.91122485585685,32.781276426168795,1.79,70.0,-1.48,1.92
RTX,1972-03-24,0.13180444597794272,0.13282211558603735,0.13027773797512054,0.13027773797512054,244070,26.243231131076968,30.830330969251325,35.217377172763456,32.93796548241164,32.77359123120936,1.68,71.0,-1.47,1.89
RTX,1972-03-27,0.13027773797512054,0.13027773797512054,0.12925985860693112,0.13027773797512054,452547,26.18573674323698,30.82765152367183,35.10259490744679,32.73325309758608,32.72472819591445,1.54,64.0,-1.45,1.96
RTX,1972-03-28,0.13027770054162827,0.13434878498559755,0.13027770054162827,0.13231323659420013,340682,26.524963983275253,30.931877300134538,35.17628998023997,32.77530913925945,32.75273405607087,1.4,69.0,-1.43,1.93
RTX,1972-03-29,0.1328220724102204,0.1348576083859937,0.1328220724102204,0.1343487799167633,600006,26.744042629881537,28.78251188689156,35.24571164885111,32.81666915015746,32.77585807468723,1.23,73.0,-1.4,1.9
RTX,1972-03-30,0.13434885057522744,0.1353667178090446,0.13333097100257874,0.13333097100257874,884755,26.799220161572162,27.460585883077027,35.22824416217724,32.82556517065543,32.564885712339496,1.04,72.0,-1.38,1.9
RTX,1972-04-03,0.13282206093108656,0.13282206093108656,0.13078651279241021,0.13180439174175262,340682,26.82503122807864,26.185832173975882,33.88247490544098,32.849741140508556,32.570327612365986,0.89,18.0,-1.34,2.02
RTX,1972-04-04,0.13180439174175262,0.13333088935634152,0.1312953535564892,0.13180439174175262,676278,26.044147883362474,26.134876911580246,31.01678234980153,32.84751448231402,32.56909865932934,0.92,1.0,-1.29,0.36
RTX,1972-04-05,0.13180450652800627,0.13485771417617798,0.13180450652800627,0.13485771417617798,467802,26.941045225996067,25.47463224838107,31.161039791339405,32.95928308145226,32.609721274840666,0.95,2.0,-1.24,0.28
RTX,1972-04-06,0.13485772896050047,0.13740231777943898,0.13485772896050047,0.1353667676448822,1022045,26.748861701198905,25.43995503719635,30.330684193992248,32.93856549746123,32.418593468846595,1.03,1.0,-1.18,0.4
RTX,1972-04-07,0.13536666869719252,0.13638433814048767,0.1343488018326637,0.13638433814048767,859331,26.781904923193284,25.44638573108784,30.32032980265481,32.906132656463264,32.37559251396768,1.1,1.0,-1.11,0.39
RTX,1972-04-10,0.1363844228803594,0.13842017021311714,0.13434888530779282,0.13485771417617798,340682,26.786292570158754,25.390188058713452,30.252582431876935,32.93059549877215,32.39258082826253,1.17,1.0,-1.04,0.41
RTX,1972-04-11,0.1348575434798415,0.15266898675655505,0.13434871525550715,0.15063343942165375,1571203,41.75441276387421,34.153165860964585,34.77448211505569,35.2530447165787,34.23808399263135,1.15,46.0,-0.96,4.69
RTX,1972-04-12,0.1577580734375594,0.16335606486329848,0.1577580734375594,0.1587759405374527,7352621,43.83616517813453,35.44166777899724,35.62283017129349,35.70325947816674,34.604208796425425,1.14,91.0,-0.83,4.11
RTX,1972-04-13,0.15877593910936158,0.16081148820839028,0.15775807201862335,0.15775807201862335,1988157,42.91787224485646,35.06458539411388,35.595684266669245,35.63183360331091,34.58634145462413,1.13,89.0,-0.73,4.12
RTX,1972-04-14,0.15775807292045968,0.16284702589951688,0.15470465671323766,0.16233819723129272,2140701,43.49106790307587,35.50706088250946,34.759519051432406,35.74397627699514,34.70298679930048,1.12,43.0,-0.63,4.26
RTX,1972-04-17,0.16386485671854298,0.16793592905438434,0.16386485671854298,0.16539156436920166,1637306,43.506004542463735,35.37924082808065,34.74507967112521,35.79529492075192,34.716404579852856,1.12,42.0,-0.48,4.28
RTX,1972-04-18,0.16539153139298873,0.16640920056343336,0.1608114093542099,0.1608114093542099,1052554,44.455577167412784,35.91462591983819,34.81459674133474,35.38431878152571,34.60019319926854,1.12,45.0,-0.47,4.25
RTX,1972-04-19,0.1608114891276817,0.16284702589951688,0.15979360969229486,0.16233819723129272,564413,44.2012051330405,35.64225943193629,34.48807524155523,35.325187728380556,34.60125980648914,1.12,31.0,-0.42,4.56
RTX,1972-04-20,0.1623382578779529,0.16437379541022834,0.1597936693883424,0.16335612535476685,1088147,44.198741846913144,35.63823315474773,34.05935223994129,35.3074436370048,34.54415351679355,1.12,26.0,-0.36,4.98
RTX,1972-04-21,0.1633561104581433,0.16437378042080236,0.16284707188606262,0.16284707188606262,518650,43.84953119712733,35.327041820859996,34.00035449900153,35.2737054565299,34.36932097383077,1.12,25.0,-0.3,5.1
RTX,1972-04-24,0.16284694511627992,0.16437365246253954,0.1608114093542099,0.1608114093542099,1266115,44.09570929663665,35.31248819962823,33.70300056506179,35.12568911441297,34.39072288047126,1.12,7.0,-0.27,5.5
RTX,1972-04-25,0.16081145620218412,0.16081145620218412,0.1521602477801509,0.15368695557117462,1322048,46.25747596225275,36.59301559029245,34.56371597528414,35.491899479953446,34.683827327822854,1.12,38.0,-0.24,5.06
RTX,1972-04-26,0.15368699060572114,0.15572253976364042,0.15368699060572114,0.15521369874477386,5308531,46.15230459837571,36.63505500951073,34.52448460071904,35.361345220820674,34.68770240310773,1.12,36.0,-0.2,5.04
RTX,1972-04-27,0.15521373745195619,0.1577581159244286,0.15266916155815125,0.15266916155815125,2079683,46.50212277376774,36.75983328126564,34.646517702925784,35.401741734653704,34.6852511274126,1.12,44.0,-0.15,4.97
RTX,1972-04-28,0.15266915783906945,0.1531779866336022,0.15114244935647758,0.15216031670570374,630515,46.538758796628166,36.29024636588197,34.606059592923714,35.40424709185654,34.01252275463231,1.11,43.0,-0.1,4.99
RTX,1972-05-01,0.15216032041238997,0.15266916155815125,0.14859807456589574,0.15266916155815125,722042,46.17519769019643,35.990022415022196,34.428955460996555,34.92675240922248,33.58171437306793,1.11,33.0,-0.05,5.08
RTX,1972-05-02,0.15266912124660145,0.15266912124660145,0.14961570501327515,0.14961570501327515,630515,46.506226711677726,36.22178429656409,34.45165875425659,34.71200771078488,33.57957385311002,1.11,34.0,-0.02,5.07
RTX,1972-05-03,0.14961568068547276,0.1526690964223077,0.1475801318883896,0.1475801318883896,706787,46.568944802897924,36.20541804476281,34.46961033823446,34.75292269156334,33.59336673987152,1.11,35.0,0.04,5.14
RTX,1972-05-04,0.14758018039870205,0.14961572986488011,0.14758018039870205,0.1485980600118637,244070,45.27194401835368,36.20232299503651,34.46077032270858,34.74862779932751,33.60125553539143,1.1,35.0,0.09,5.16
RTX,1972-05-05,0.14961578344693158,0.15623144805431366,0.14961578344693158,0.15623144805431366,833907,45.150319195389876,37.337229646645646,35.196740468411264,35.225882390729744,33.97294497457529,1.1,71.0,0.08,4.54
RTX,1972-05-08,0.1562313885116758,0.15724925576260756,0.15470468017651665,0.15674042701721191,493226,44.859272873086326,37.190737518612046,35.11691052337682,35.22542275782447,33.95395194492079,1.1,69.0,0.07,4.65
RTX,1972-05-09,0.1562313972223125,0.1562313972223125,0.1541958600282669,0.1541958600282669,1454253,45.30332898433879,37.3677850305089,35.2553024055357,35.28044726474536,33.974993089792,1.1,78.0,0.06,4.58
RTX,1972-05-10,0.15572243276716885,0.15928467527770324,0.15572243276716885,0.15826700627803802,1489846,45.60578597601991,37.57253467130147,35.433174836772125,35.39848066476047,33.99844723594553,1.1,87.0,-0.0,4.37
RTX,1972-05-11,0.15826707126885547,0.1603026075252065,0.15674036355187163,0.15928474068641663,259325,45.52105910381519,37.432069914005076,35.305082119173846,35.21436399968294,33.961673930525386,1.1,79.0,-0.05,4.51
RTX,1972-05-12,0.15928480657285765,0.16284705201967692,0.15928480657285765,0.1618293821811676,1464422,45.43394771845442,37.51561868869053,35.301074459464374,34.99811728829507,33.69701194076451,1.1,78.0,-0.15,4.45
RTX,1972-05-15,0.16368234157562256,0.16471166381533553,0.16265281965410938,0.16368234157562256,238986,45.13054723775963,37.54774894776481,35.12968204744823,35.00051999011601,33.58719604504755,1.1,70.0,-0.22,4.63
RTX,1972-05-16,0.16368246279326867,0.16522665321826935,0.16316759537026249,0.16522665321826935,1016960,45.08203659419369,37.17447703668753,35.13671431056579,34.919354217067735,33.552995266172466,1.1,70.0,-0.3,4.59
RTX,1972-05-17,0.1652267290239601,0.16677092015743256,0.16471186136473365,0.16677092015743256,3188170,44.850905193542374,37.19583403984958,34.694021568303896,34.86559310718164,33.50365913013829,1.1,49.0,-0.32,5.0
RTX,1972-05-18,0.16677074799805253,0.17088844948849238,0.16677074799805253,0.16882960498332977,1703408,44.86402233428283,37.20762063023627,34.717958983185895,34.8668969613538,33.50611961766323,1.1,50.0,-0.33,4.95
RTX,1972-05-19,0.1688295887402058,0.17603565613600938,0.1688295887402058,0.17552100121974945,2740707,45.78405082333548,37.845421999001786,35.16812956369218,35.03901400337592,33.59756595074629,1.1,70.0,-0.18,4.52
RTX,1972-05-22,0.17552112490286803,0.17706531538182177,0.17191808866604247,0.17655044794082642,910179,45.41249200283004,37.7148398210621,35.06815919316639,34.97688795606298,33.42907211373276,1.1,65.0,-0.08,4.55
RTX,1972-05-23,0.17603570222854614,0.17603570222854614,0.17397685738238497,0.17603570222854614,589837,33.75474211109676,37.66541773083273,35.0856744017509,34.75971959099431,33.38186989711483,1.1,65.0,-0.08,4.56
RTX,1972-05-24,0.17500610803264383,0.17500610803264383,0.1698588732317165,0.17037375271320343,1301709,32.363134212601985,38.29488756070324,35.54327754763465,34.906888588632,33.54369159232101,1.1,89.0,-0.23,4.32
RTX,1972-05-25,0.17037375271320343,0.17088840755268273,0.1693442183922372,0.17037375271320343,1067808,32.2650232136847,37.66759025499532,34.46009965975343,34.74952845907036,33.449416158985315,1.1,34.0,-0.32,5.04
RTX,1972-05-26,0.1698589547972452,0.1698589547972452,0.16574126482009888,0.16574126482009888,371190,32.431307975030634,38.18759426521389,34.18954729151148,34.91434686453961,33.377725905549504,1.09,30.0,-0.42,5.4
RTX,1972-05-30,0.16574126482009888,0.16677078715532567,0.16162335020083704,0.16574126482009888,798314,31.98203888980271,38.134258462742274,33.60911926673482,34.85671040264404,33.377725905549504,1.09,6.0,-0.53,6.0
RTX,1972-05-31,0.16574124722359485,0.16625590225556908,0.16419705748558044,0.16419705748558044,416954,30.994946172230208,38.1595991738728,33.64601293424885,34.86289754821929,33.391957986807355,1.09,8.0,-0.62,6.01
RTX,1972-06-01,0.16419714502042543,0.1652266677951964,0.16162341920429654,0.16265295445919037,315258,31.01502073853985,38.13469980019453,33.23972906320163,34.79461980346535,33.40633612403013,1.09,6.0,-0.7,6.53
RTX,1972-06-02,0.16265286774756604,0.1647117125175547,0.1621382002354756,0.16419705748558044,386445,31.084212295151936,38.14706871030918,33.25224454234629,34.73909873881275,33.41755216634628,1.09,7.0,-0.79,6.51
RTX,1972-06-05,0.16419707360954197,0.16471172869205475,0.16110869383023788,0.16471172869205475,203392,31.07947496490918,37.96433110148148,33.241269225143355,34.7335893121637,33.13427532960459,1.09,7.0,-0.87,6.53
RTX,1972-06-06,0.16471174116645962,0.16574127605157046,0.16265289603836863,0.1631675511598587,757635,30.978311815801916,37.97293270286025,33.19428785112703,34.756519795985916,33.14916428185379,1.09,6.0,-0.94,6.57
RTX,1972-06-07,0.16265285854602354,0.16265285854602354,0.16059400141239166,0.16059400141239166,264410,28.252431498643816,38.059771518407516,33.30727004918278,34.81142460609591,33.18962025966911,1.08,10.0,-0.99,6.5
RTX,1972-06-08,0.16059400010575053,0.16059400010575053,0.15956447794644485,0.16007934510707855,818653,28.16810870578914,38.020161385549706,33.104514974517166,34.798075637783334,33.18375642890165,1.08,6.0,-1.04,6.81
RTX,1972-06-09,0.1595644005795399,0.1595644005795399,0.1575055569410324,0.1575055569410324,177968,28.150881672678096,38.19773931992107,32.94391247359166,34.56861523059182,33.18422691802091,1.08,6.0,-1.07,7.12
RTX,1972-06-12,0.15750567250693837,0.15750567250693837,0.1549319475889206,0.1549319475889206,137290,28.58255410364647,38.39527038039597,33.049034705146866,34.609985842934975,33.22519374930412,1.08,7.0,-1.09,7.05
RTX,1972-06-13,0.15493185126530726,0.15596138552086303,0.15029949624017894,0.1533878743648529,640685,28.73310834593884,38.3071917766839,32.92219004695879,34.59822195968233,33.24098595715794,1.08,6.0,-1.1,7.15
RTX,1972-06-14,0.15338804256700575,0.1549320211605551,0.15132898427808425,0.15441736578941345,345766,28.128007913501378,38.2035660250116,32.93357007356215,34.53696351098901,33.24542149518402,1.09,7.0,-1.12,7.13
RTX,1972-06-15,0.15441715688841431,0.15647600022994435,0.15441715688841431,0.15544667840003967,264410,27.81712423864184,38.090939522670354,32.767923600203844,34.43034407671777,33.1876743934809,1.09,6.0,-1.14,7.23
RTX,1972-06-16,0.15544684015292076,0.15647616305390508,0.15235845960599034,0.15390264987945557,162714,27.97488215894447,37.487387966597204,32.797360882639325,34.25991556430786,33.18669370483154,1.09,7.0,-1.15,7.25
RTX,1972-06-19,0.15235850206292278,0.15235850206292278,0.14978478848934174,0.14978478848934174,3137322,25.037475849985785,36.635595157497356,32.91226698819903,34.36353087546497,33.29342558575378,1.09,8.0,-1.15,7.15
RTX,1972-06-20,0.1502994781538182,0.15235832177518444,0.1502994781538182,0.15184366703033447,183053,25.384577113593267,36.59600472406228,32.865780223535076,34.33282134353229,33.293614274528785,1.09,8.0,-1.15,7.22
RTX,1972-06-21,0.15184364639187817,0.1559613455550458,0.15029945772524667,0.15544667840003967,213562,25.915563084949365,36.84089418466283,33.051308921447124,34.42348141149124,33.37466461559625,1.1,14.0,-1.17,6.95
RTX,1972-06-22,0.155446871835843,0.15596153963129414,0.15029964475591623,0.15287315845489502,1072893,25.169972717195616,36.96279297403137,33.16339938908341,34.295367476691055,33.41592022738846,1.1,16.0,-1.18,6.89
RTX,1972-06-23,0.15287298900014365,0.15441717787665993,0.1513288001236274,0.15184366703033447,376275,25.115286957200766,36.911060684591426,33.14564066244164,34.2174019788841,33.39676394448452,1.1,16.0,-1.18,6.97
RTX,1972-06-26,0.15029953338658994,0.15029953338658994,0.1466964995646478,0.14824047684669495,223731,25.36563724664726,37.245924909407904,33.069634662674765,34.34166942887388,33.42185357463284,1.1,15.0,-1.18,7.03
RTX,1972-06-27,0.1482404716468714,0.15081418303046623,0.14669649441898228,0.14721114933490753,483056,25.021398941078594,37.188272238814875,32.907383611744606,34.35459100764289,33.429428556178486,1.11,9.0,-1.17,7.17
RTX,1972-06-28,0.147211129387305,0.14824045155979226,0.14463740587234497,0.14463740587234497,523734,25.034340318295666,37.40066581749299,33.011217018631235,34.33219344660009,33.461100696252124,1.11,14.0,-1.16,7.08
RTX,1972-06-29,0.1446374754450067,0.14515235518086947,0.14000511783695466,0.14206397533416748,554243,24.9807578644843,37.34153710347887,33.05433406357554,34.3423503661252,33.465912233388195,1.11,17.0,-1.15,7.04
RTX,1972-06-30,0.1420639378138577,0.1456669718027115,0.1420639378138577,0.1456669718027115,620346,26.01656789072194,37.665328688261695,33.2679862191002,34.45944522271907,33.55944344177666,1.11,26.0,-1.13,6.75
RTX,1972-07-03,0.1456669599450908,0.14721114933490753,0.1430932360813826,0.14721114933490753,442378,22.993605385173673,37.69224241303166,33.13509435219885,34.47550734116545,33.51399947074476,1.11,20.0,-1.12,6.93
RTX,1972-07-05,0.14721120528918108,0.14721120528918108,0.14515236020088196,0.14515236020088196,162714,22.836601579800593,37.736813637623406,33.09817081277922,34.50446096993549,33.52833846204951,1.11,19.0,-1.12,7.09
RTX,1972-07-06,0.146696469486971,0.15441720296193856,0.146696469486971,0.1492699682712555,1301709,24.920750405623853,30.635591633781733,33.38816973398268,34.64952439965992,33.6370763233657,1.11,30.0,-1.11,6.69
RTX,1972-07-07,0.14824046538587768,0.14824046538587768,0.14412276446819305,0.14412276446819305,528819,25.156797882194326,29.43032983827344,33.784043696397454,34.83794402171292,33.82160307048483,1.1,35.0,-1.11,6.39
RTX,1972-07-10,0.14412276446819305,0.14618160868697894,0.14412276446819305,0.14412276446819305,467802,25.156797882194326,29.414874081634025,33.704426193218865,34.83794402171292,33.6747564474734,1.1,35.0,-1.1,6.43
RTX,1972-07-11,0.1441229103891979,0.1441229103891979,0.1405198731978256,0.14103452861309052,366106,24.76337412065784,29.017591470328085,33.87931421381426,34.924134651791405,33.73825641104404,1.1,41.0,-1.09,6.3
RTX,1972-07-12,0.14309321669177108,0.1456669402067311,0.14309321669177108,0.14463740587234497,696618,26.272875951574303,29.251619310987813,34.095172152660545,35.03659599450527,33.824238280562895,1.1,60.0,-1.08,6.03
RTX,1972-07-13,0.14360818952610727,0.14360818952610727,0.14000514149665833,0.14000514149665833,1561034,27.47483826986523,29.433989546079868,34.28558284752624,35.19904497482707,33.98054347764013,1.1,63.0,-1.07,5.9
RTX,1972-07-14,0.14000512267895285,0.14515236020088196,0.14000512267895285,0.14515236020088196,350851,29.940521778044726,30.380512200758282,34.751894947517904,35.43260148483874,34.1696960635969,1.1,77.0,-1.06,5.41
RTX,1972-07-17,0.1451523122921223,0.14566696723379924,0.14309324324131012,0.14309324324131012,315258,29.818298680417705,30.437694074368682,34.78975104682642,35.431316522885794,34.19834540710134,1.1,79.0,-1.04,5.45
RTX,1972-07-18,0.1425786304279116,0.1425786304279116,0.1379460606578586,0.14206397533416748,315258,29.73635405273957,30.45453011481784,34.788998685843836,35.43947550870693,34.204304315558886,1.1,78.0,-1.03,5.45
RTX,1972-07-19,0.14309323472612182,0.14824047024286027,0.14309323472612182,0.14669649302959442,1103402,31.568857791205474,31.176287986313074,35.102727119884186,35.624477508956154,34.33594935983833,1.11,83.0,-1.01,5.07
RTX,1972-07-20,0.14669647647034342,0.15132883191108704,0.14566694212241774,0.15132883191108704,427123,32.881454255034875,30.51846654944818,35.4057415992812,35.73453559253197,34.44180160697675,1.12,96.0,-0.98,4.73
RTX,1972-07-21,0.15132898427808425,0.15441736578941345,0.15029966105567655,0.15441736578941345,305088,33.49982306018147,30.73742872665716,35.47729524442919,35.80289009604082,34.4957518426696,1.13,97.0,-0.95,4.6
RTX,1972-07-24,0.15493191029273845,0.16265285854602354,0.15493191029273845,0.16059400141239166,727126,35.15308373960315,31.575561461054573,35.52752147138643,36.07848392286024,34.57867257803662,1.14,97.0,-0.95,4.56
RTX,1972-07-25,0.1595645657004307,0.1595645657004307,0.1564761847257614,0.1564761847257614,605091,35.65940729167521,32.04099453513644,35.77984025941621,36.203980422478296,34.62640067938565,1.15,100.0,-0.93,4.46
RTX,1972-07-26,0.1549318190554718,0.1549318190554718,0.1523583084344864,0.1523583084344864,350851,36.39824267079545,32.51278037910026,36.027079776225264,35.607172082790875,34.677350958257165,1.17,100.0,-0.91,4.32
RTX,1972-07-27,0.15235832177518444,0.15338785590685072,0.1513288001236274,0.15184366703033447,172883,36.34902639896928,32.24877713211687,36.009366897707224,34.142435799351624,34.65711958429694,1.19,99.0,-0.87,4.33
RTX,1972-07-28,0.15184366703033447,0.15441717787665993,0.15184366703033447,0.15184366703033447,228816,36.285555319766075,32.11769968971756,35.95752169472647,34.133182432463485,34.65393059252882,1.2,98.0,-0.83,4.34
RTX,1972-07-31,0.15184374315338783,0.16059400141239166,0.15184374315338783,0.16059400141239166,635600,39.71282628932967,34.05721206966656,36.98896682590251,34.308724027165404,34.67269784808167,1.24,100.0,-0.8,3.76
RTX,1972-08-01,0.1605940274635406,0.16265288493115504,0.1585351824760437,0.1585351824760437,1362726,39.03292471985929,32.61844960374608,36.96740723711552,34.34607028159335,34.64681443271873,1.27,99.0,-0.76,3.77
RTX,1972-08-02,0.16059404844632127,0.16213823854923248,0.16059404844632127,0.16213823854923248,452547,39.34630878670089,32.93050888589094,37.05606875148763,34.358689702115086,34.69507039611966,1.3,100.0,-0.73,3.69
RTX,1972-08-03,0.1621382866727263,0.16265295445919037,0.1611087638979553,0.16265295445919037,345766,38.829511716551124,32.74433860602599,36.99957562172842,34.357566063722864,34.66976996036384,1.33,99.0,-0.7,3.7
RTX,1972-08-04,0.16265295445919037,0.16265295445919037,0.16059409611149125,0.16265295445919037,2715283,38.448970529318224,32.32155509126889,36.97061593007807,34.34834253338517,34.53706040884717,1.36,97.0,-0.65,3.71
RTX,1972-08-07,0.16265285854602354,0.16265285854602354,0.16059400141239166,0.16059400141239166,3437325,38.607042940966515,32.40901132208202,37.03279394686552,34.36594824510571,34.51024012516391,1.39,99.0,-0.59,3.68
RTX,1972-08-08,0.16265281965410938,0.1641970089355353,0.16265281965410938,0.16368234157562256,940688,38.11253937324283,32.48180484816921,37.13274598115011,33.867250775886305,34.44888558973479,1.42,100.0,-0.53,3.57
RTX,1972-08-09,0.16368238997349,0.1647117125175547,0.1616233330415259,0.16419705748558044,594922,37.9882244814791,32.40428480161871,37.030012196007725,33.80516912243838,34.43254098684598,1.44,97.0,-0.47,3.6
RTX,1972-08-10,0.16419709628585163,0.16419709628585163,0.16213823854923248,0.16213823854923248,1342387,37.771129803728805,32.44726622471315,37.03994714658112,33.693305376454845,34.45880923296928,1.47,98.0,-0.4,3.6
RTX,1972-08-11,0.1621382866727263,0.16265295445919037,0.1611087638979553,0.16265295445919037,462717,37.205602147127095,32.39392107437988,36.973173348729915,33.475226099987026,34.108880835340514,1.49,93.0,-0.34,3.61
RTX,1972-08-14,0.16265281965410938,0.1641970089355353,0.16110863037268344,0.16368234157562256,1891546,36.699873179899825,32.3171702491395,36.56643370589773,33.2048718302333,33.892956091685804,1.5,90.0,-0.41,3.77
RTX,1972-08-15,0.1645153648651434,0.1645153648651434,0.1608710602913277,0.16399480402469635,437293,36.64905123657118,31.263793198807356,35.718855782357615,33.148191580417475,33.89306630645723,1.51,85.0,-0.35,4.33
RTX,1972-08-16,0.16347395451692345,0.16347395451692345,0.16035042703151703,0.16035042703151703,635600,37.07891548818397,31.53134339379192,35.86657924833674,33.02761131439358,33.963133128926295,1.51,86.0,-0.31,4.25
RTX,1972-08-17,0.16035042703151703,0.1619122980698578,0.16035042703151703,0.16035042703151703,244070,36.34174376128786,31.531817363774866,35.86657924833674,33.0195639488043,33.9535175847572,1.52,85.5,-0.29,4.25
RTX,1972-08-18,0.16035037359837398,0.16191224411625665,0.16035037359837398,0.161391481757164,513565,34.570423379809824,30.89508533684637,35.80912648963363,32.997753619621136,33.95708497678625,1.52,84.0,-0.24,4.31
RTX,1972-08-21,0.1608709623780127,0.1608709623780127,0.15930910408496857,0.15930910408496857,350851,34.89691753856597,30.99335846747077,35.82328436973275,33.03673045687566,33.98197779550675,1.53,84.0,-0.15,4.37
RTX,1972-08-22,0.15930923914716816,0.1603505504224396,0.15826791524887085,0.15826791524887085,859331,34.2247574887925,30.523129144806916,35.816740435920536,33.02587498310835,33.98307479314301,1.53,83.0,-0.09,4.37
RTX,1972-08-23,0.15826791524887085,0.15982978748908375,0.15722680594201377,0.15826791524887085,650854,33.63100391469575,30.523129144806916,35.755062406782514,32.93610952809826,33.84488370469082,1.53,80.0,-0.09,4.39
RTX,1972-08-24,0.1577472747944223,0.1577472747944223,0.15618540346622467,0.15618540346622467,401699,32.296540036859504,30.5801647153153,35.834054195162,32.89227281437203,33.68692768656491,1.5,84.0,-0.14,4.36
RTX,1972-08-25,0.15618541566422295,0.15826783519301116,0.15514430688398492,0.15722672641277313,355936,30.81849587542974,30.56437940275174,35.681797244546445,32.83670466193893,33.68045272630752,1.47,77.0,-0.12,4.52
RTX,1972-08-28,0.1572267531923325,0.15826786214989683,0.15670599043369293,0.15670599043369293,96611,30.45605240758333,30.497633302386017,35.688236909317474,32.83175589017419,33.61795787240343,1.41,77.0,-0.12,4.53
RTX,1972-08-29,0.1567059515041794,0.1577472747944223,0.15566484280525142,0.15618540346622467,462717,30.363009503892428,30.491003307596852,35.68306009645281,32.8103009524119,33.57622993797474,1.34,76.0,-0.11,4.56
RTX,1972-08-30,0.15618540346622467,0.1577472747944223,0.1541029714770538,0.15618540346622467,401699,29.1045064476766,30.439471669615642,35.626482114408994,32.752764989098175,33.56352728671841,1.27,74.0,-0.24,4.58
RTX,1972-08-31,0.1561854388406127,0.16035049310757407,0.1551443299058843,0.15878862142562866,732211,28.13359085695134,30.474699449462207,31.13596468896186,32.79711861109115,33.5171427777099,1.32,1.0,-0.21,0.29
RTX,1972-09-01,0.1593090634713923,0.16451522279292938,0.1593090634713923,0.161391481757164,361021,27.929450315581832,30.652928149337267,30.104330202023316,32.83910720315969,33.49818423630194,1.39,1.0,-0.23,0.22
RTX,1972-09-05,0.161391481757164,0.16243279188414567,0.16035037359837398,0.161391481757164,289834,25.53366190206363,30.463174921756863,30.085774237282177,32.74909269790942,33.32455773230696,1.46,1.0,-0.24,0.22
RTX,1972-09-06,0.161391481757164,0.16347390004293572,0.16035037359837398,0.161391481757164,279664,24.30300608160897,30.25966591568684,29.739341362440996,32.72369175921896,33.25292134996341,1.54,1.0,-0.24,0.35
RTX,1972-09-07,0.1613916181970517,0.16347403824329376,0.1613916181970517,0.16347403824329376,208477,23.054822385345584,30.27679230766004,29.660552255820505,32.61677888230128,33.161610939220196,1.61,1.0,-0.22,0.38
RTX,1972-09-08,0.16399480853710588,0.16868042426608618,0.16399480853710588,0.16607724130153656,1215267,23.30940554335876,30.406395669933676,29.424423436830537,32.656676569532145,33.19131627137074,1.69,1.0,-0.26,0.4
RTX,1972-09-11,0.1660771759340154,0.16815959525578833,0.16555661528413607,0.16659772396087646,254240,23.292201026807,30.388111509554367,29.39160631582059,32.362291909716,33.15045976907175,1.76,1.0,-0.3,0.42
RTX,1972-09-12,0.16659779977750833,0.1697215437889099,0.16659779977750833,0.1697215437889099,788144,17.770518538144977,30.504485130150872,29.52042121381689,32.42160859009396,33.18420773895388,1.83,3.0,-0.34,0.36
RTX,1972-09-13,0.17076284823487953,0.17388659189330222,0.17076284823487953,0.17336581647396088,1205098,18.061873787165784,30.16592204310901,29.69967500047399,32.500542693116195,33.176746972119204,1.89,5.0,-0.36,0.28
RTX,1972-09-14,0.17388635873794556,0.17700988361680917,0.17388635873794556,0.17388635873794556,1067808,17.09145918447059,30.075623976978182,29.626229774371126,32.4527749262242,33.12504444859004,1.94,4.0,-0.4,0.29
RTX,1972-09-15,0.17388649643916132,0.17492759227752686,0.1733657213056969,0.17492759227752686,279664,17.122634178050163,29.761244735443427,28.6991610415426,32.45494842576174,33.124137216247675,2.02,1.0,-0.43,0.25
RTX,1972-09-18,0.17388635873794556,0.17388635873794556,0.1718037142819047,0.17388635873794556,676278,17.282789647292255,29.554455114402266,28.688721782037597,32.46034813543079,33.13113275003558,2.09,1.0,-0.48,0.27
RTX,1972-09-19,0.17388656150422493,0.17440710961818695,0.17284523806193422,0.17440710961818695,655939,16.69032876334779,29.49648503652093,28.549773829915875,31.771116362430284,33.12737982158732,2.17,1.0,-0.52,0.31
RTX,1972-09-20,0.17284527870720157,0.17284527870720157,0.1676391147002308,0.16920098662376404,1113571,18.53049427256227,29.763183194910507,28.979743784810967,31.611235598054144,33.26537999870597,2.22,4.0,-0.55,0.23
RTX,1972-09-21,0.1692009504424267,0.17284524174658178,0.16868038969434718,0.1707628220319748,1133910,18.67059121956602,29.73468450405734,29.00630959821352,31.262632381706307,33.0579857276946,2.28,5.0,-0.59,0.21
RTX,1972-09-22,0.17076275439254177,0.17596891522407532,0.16972143134052248,0.17596891522407532,1393235,19.954255634148993,29.961577356622854,29.162084169127496,31.439246843591228,33.16391847352618,2.33,6.0,-0.59,0.14
RTX,1972-09-25,0.17596902844355689,0.17648957669734955,0.1744071564677513,0.17648957669734955,528819,19.953940038187284,29.63369232066575,29.05901947978318,31.167675201833323,33.135239170369374,2.38,6.0,-0.57,0.17
RTX,1972-09-26,0.17648948136873532,0.17857191309655754,0.17596893339611025,0.17805135250091553,1220352,20.006119686432243,29.317344293781293,29.06926856562976,31.172960264138194,33.092554142585115,2.42,7.0,-0.55,0.16
RTX,1972-09-27,0.17805133411383245,0.17805133411383245,0.17596891522407532,0.17596891522407532,884755,20.446976253279406,29.439615363418614,28.096110733599062,31.203078977923177,33.03698072351791,2.49,1.0,-0.59,0.1
RTX,1972-09-28,0.17596893339611025,0.17805135250091553,0.17284519113174987,0.17805135250091553,620346,19.205370929716295,29.276062313596462,28.144471026561487,31.175561732253293,32.90872435380206,2.54,2.0,-0.62,0.07
RTX,1972-09-29,0.17805135250091553,0.17805135250091553,0.17648948136873532,0.17805135250091553,1261030,19.205370929716295,28.831338963952174,28.00288693517754,31.175561732253293,32.86254998137183,2.6,1.0,-0.65,0.11
RTX,1972-10-02,0.17805135250091553,0.17805135250091553,0.17701004196437736,0.17805135250091553,391530,19.209668719708226,27.730238315649913,27.72382671036942,31.052889293506475,32.814592923749196,2.66,1.0,-0.69,0.22
RTX,1972-10-03,0.17805135250091553,0.17805135250091553,0.17648948136873532,0.17805135250091553,589837,18.61388684706353,27.730238315649913,27.71170568494074,30.89658791317216,32.80822544680152,2.71,1.0,-0.73,0.23
RTX,1972-10-04,0.17805143822675384,0.17857199907302856,0.17701012718885908,0.17857199907302856,2186464,18.36068917901933,27.22979797808901,27.61253580194507,30.893072147122048,32.66549484294438,2.77,1.0,-0.77,0.28
RTX,1972-10-05,0.17857199966896709,0.17857199966896709,0.1707628548134499,0.17180395126342773,8506870,22.125426070846473,28.22412495342385,28.26700609401246,31.144654026702383,32.84155471096359,2.81,7.0,-0.8,0.26
RTX,1972-10-06,0.17180385023027958,0.17596891522407532,0.16972143134052248,0.17596891522407532,1108486,22.415493726748313,27.563246346476127,28.477549932175695,31.26240595135487,32.91487951609376,2.84,8.0,-0.84,0.19
RTX,1972-10-09,0.17596891522407532,0.17596891522407532,0.17492759217205603,0.17596891522407532,335597,22.42945555282187,26.737231128292414,28.443701949565103,31.154285957818388,32.91487951609376,2.88,8.0,-0.87,0.21
RTX,1972-10-10,0.17596890624557313,0.1780513250290785,0.17544814376200935,0.17701001465320587,930518,22.33582205740179,26.4919559755654,28.3947563653992,31.151666770094998,32.844921728033746,2.91,8.0,-0.89,0.23
RTX,1972-10-11,0.17701007737117355,0.17753084003925323,0.17596896859465658,0.17753084003925323,569498,22.229278936334556,26.39729432348119,27.722961464072082,31.039422653505337,32.79465079609606,2.96,3.0,-0.89,0.34
RTX,1972-10-12,0.17753078619496354,0.17805133411383245,0.17544815271394057,0.17596891522407532,579667,22.52240011637334,25.84506450494109,27.743649904944554,31.000975494426893,32.81093381285155,3.0,5.0,-0.89,0.34
RTX,1972-10-13,0.17596901811933263,0.1790927618876716,0.17596901811933263,0.17857199907302856,533904,22.439200231279756,25.297277552960296,27.837612535554985,31.034871586311972,32.83608552528459,3.03,6.0,-0.89,0.29
RTX,1972-10-16,0.17857196158163685,0.17909272428694517,0.17440710961818695,0.17440710961818695,574582,23.48303311881088,25.598105326927843,27.6010268903234,31.171602903839542,32.9178470991209,3.06,1.0,-0.9,0.3
RTX,1972-10-17,0.17440710961818695,0.1754482184691314,0.17440710961818695,0.17440710961818695,1591542,23.48303311881088,24.398043970217362,27.6010268903234,31.152131588942982,32.9178470991209,3.1,1.5,-0.92,0.3
RTX,1972-10-18,0.1744070443583441,0.175968915330174,0.17388649643916132,0.17492759227752686,264410,23.47040369408039,23.723960232319335,27.24147439839763,30.964637602986073,32.86153352644982,3.15,1.0,-0.95,0.38
RTX,1972-10-19,0.1749276852383057,0.17596900884433728,0.17076284524298416,0.17232471704483032,2481382,23.80842690233205,23.240001380722898,27.352755639796555,30.9086907580992,32.90255043853292,3.19,2.0,-0.98,0.35
RTX,1972-10-20,0.17232472006409089,0.17440714009823724,0.17024208543856076,0.17336581647396088,238986,23.47367453035563,23.22597732421598,27.322171516649114,30.897816444566494,32.891278107867485,3.23,2.0,-1.01,0.35
RTX,1972-10-23,0.17388649633431819,0.17596891522407532,0.17388649633431819,0.17596891522407532,315258,23.793532137118294,23.36583413744174,27.3689211963705,30.88207115557764,32.91363168880916,3.27,4.0,-1.04,0.31
RTX,1972-10-24,0.17596890624557313,0.17701001465320587,0.17180384146429245,0.17701001465320587,772890,23.296375952600552,20.545202548149984,27.346118121368107,30.87868465874522,32.864640878046245,3.31,3.0,-1.08,0.33
RTX,1972-10-25,0.17700993472895274,0.1822160929441452,0.17648937444867438,0.1822160929441452,1138995,23.967814136460493,21.067254556458938,27.709017351748166,30.958420920539346,32.971272895461254,3.34,9.0,-1.09,0.21
RTX,1972-10-26,0.18221622098167745,0.18533996354858073,0.18221622098167745,0.1837780922651291,1540694,24.048287021286914,20.688033339696492,27.68357978538817,30.909599957607643,32.944324060422964,3.37,9.0,-1.09,0.21
RTX,1972-10-27,0.1837781601213284,0.18638135562636501,0.1837781601213284,0.1853400319814682,325427,24.09626064302954,20.72825922689007,27.570705267568673,30.919950754978792,32.945972958296316,3.4,6.0,-1.08,0.24
RTX,1972-10-30,0.1853400253874299,0.18690189719200134,0.18481947719070702,0.18690189719200134,305088,24.04670065192497,20.76194547799793,27.58248280191881,30.87567136493971,32.947255613969986,3.44,7.0,-1.06,0.23
RTX,1972-10-31,0.18742259689633559,0.1915874481201172,0.18742259689633559,0.1915874481201172,1423744,24.905126509364862,21.021230426018494,27.677665322640514,30.93949409431348,32.97367620990625,3.46,11.0,-0.96,0.19
RTX,1972-11-01,0.1915873862627293,0.19887597769099558,0.1915873862627293,0.19262869656085968,1784765,22.80069934884249,20.75912656496582,27.52429281825543,30.935910041850274,32.974876803155226,3.49,6.0,-0.88,0.24
RTX,1972-11-02,0.19262869656085968,0.19366980489076524,0.1905460633415849,0.19262869656085968,620346,22.785821700146677,20.766347110513834,27.45718494259164,30.929981535585572,32.974876803155226,3.52,6.0,-0.82,0.27
RTX,1972-11-03,0.19262878286442642,0.19314934357411329,0.19054614871206804,0.19210802018642426,483056,21.475676380974623,20.55311064581515,27.459272513494703,30.78820801788754,32.96086461078308,3.55,7.0,-0.81,0.27
RTX,1972-11-06,0.19210802650159073,0.19262878919671192,0.19002560687211198,0.1905461549758911,1372896,21.714757650383127,20.67589959673252,27.498635280647022,30.810329444674377,32.37857209210173,3.58,8.0,-0.82,0.26
RTX,1972-11-08,0.19054616557214746,0.1967936520223681,0.19054616557214746,0.19523178040981293,1906800,22.549946856154804,21.135668104554398,27.655177076688673,30.905900788258894,31.295499212538854,3.6,15.0,-0.78,0.2
RTX,1972-11-09,0.19523179714039893,0.1988761014335592,0.19471124896306324,0.1983555406332016,635600,22.3921226463595,21.29975577771191,27.32806191227236,30.930278543005052,31.314814112374062,3.63,3.0,-0.7,0.25
RTX,1972-11-10,0.1983554049319981,0.20252025455318873,0.1983554049319981,0.201999694108963,1540694,22.662560462411914,20.834328273245127,27.38355048355605,30.949447906583107,31.030713611476994,3.65,7.0,-0.58,0.23
RTX,1972-11-13,0.20199982569939154,0.2025203864827305,0.19991740584373474,0.19991740584373474,640685,23.02576168145915,21.02344231585712,27.261967856405295,30.963949448027666,31.049263178039666,3.68,2.0,-0.56,0.28
RTX,1972-11-14,0.2007581266701029,0.2007581266701029,0.1955026829979715,0.19970716536045074,1337302,23.04310628563206,21.03724662360967,27.093968495221983,30.92465775676062,30.994437982051405,3.7,1.0,-0.56,0.34
RTX,1972-11-15,0.19970724782443422,0.20075820956805404,0.19865606945860892,0.19918155670166016,874586,23.093732540752523,20.795271708447896,27.065339962423256,30.64641073666931,30.997752671285138,3.73,1.0,-0.58,0.35
RTX,1972-11-16,0.198130604283184,0.198130604283184,0.19445181113420024,0.19550277292728424,437293,23.98833826229954,21.194101325580814,26.94342575730044,30.736857751615972,31.062021146426954,3.75,1.0,-0.61,0.38
RTX,1972-11-17,0.1955027487078039,0.1970794014530834,0.19340062150232146,0.19392609596252441,747466,20.80104746438491,21.316181880450728,26.954409197002825,30.740354395855128,31.056654733560336,3.78,2.0,-0.64,0.37
RTX,1972-11-20,0.19392620695314747,0.19497738583984972,0.19340073219219725,0.19445189833641052,213562,19.926435223589085,21.033380537094512,26.755333183439124,30.720974076810197,30.61939029701573,3.81,1.0,-0.67,0.44
RTX,1972-11-21,0.19445178704491625,0.19497727424760092,0.19234944321724495,0.19392609596252441,823738,19.981124586135948,21.063854690431285,26.56077252868955,30.68678352438588,30.574450259184676,3.83,1.0,-0.7,0.52
RTX,1972-11-22,0.1939261108157961,0.1986560694139136,0.19182398344930662,0.19340063631534576,605091,20.03732432699107,21.05586845471698,26.3419173711256,30.684761110246367,30.453097925223076,3.86,1.0,-0.72,0.61
RTX,1972-11-24,0.19340063631534576,0.19340063631534576,0.19024733058326745,0.19340063631534576,427123,20.055586444073008,21.02075208115152,26.31652469293276,30.620299537421293,30.28146910090807,3.89,1.0,-0.75,0.63
RTX,1972-11-27,0.19340063631534576,0.19340063631534576,0.19024733058326745,0.19340063631534576,432208,19.76945219608491,21.02075208115152,26.182115482488054,30.58238105537765,30.066590108784673,3.91,1.0,-0.77,0.69
RTX,1972-11-28,0.19340063631534576,0.19602845480449105,0.19234945794975697,0.19340063631534576,1093232,19.48086290822524,20.857528545650062,25.874185192686284,30.543689495898903,30.02277284643308,3.94,1.0,-0.78,0.82
RTX,1972-11-29,0.19340063631534576,0.1944518019384519,0.19234945794975697,0.19340063631534576,218646,17.849048407743364,20.69110320889039,25.163240553441195,30.523783268495947,29.828004446448723,3.97,1.0,-0.8,0.92
RTX,1972-11-30,0.19340057618297252,0.19865600764751434,0.19340057618297252,0.19865600764751434,844077,19.050303973561938,21.246314564206696,25.441870734052635,30.65650496811808,29.922172673354524,4.0,2.0,-0.81,0.78
RTX,1972-12-01,0.19865606945860892,0.20075820956805404,0.19865606945860892,0.19918155670166016,777974,19.052650462728266,21.234821130036504,25.127729656441737,30.655462376518923,29.90074795140403,4.03,1.0,-0.86,0.9
RTX,1972-12-04,0.19865616507547812,0.19865616507547812,0.19550285782494553,0.19760499894618988,1515270,18.53424810617478,21.27221898767553,24.947202130220138,30.608983538476565,29.910544447241328,4.06,1.0,-0.88,1.0
RTX,1972-12-05,0.19760499894618988,0.19865616507547812,0.19655403669672258,0.19760499894618988,915264,18.575177184202087,21.117142756767933,24.288922720545525,30.565918069073174,29.889409361103837,4.09,1.0,-0.96,1.12
RTX,1972-12-06,0.19760490383526627,0.19918155670166016,0.19655394209164645,0.19918155670166016,401699,18.340058396430443,21.142469892076367,23.73005830866257,30.527393092568012,29.821057583912143,4.13,1.0,-1.0,1.31
RTX,1972-12-07,0.19918147445474735,0.2007581266701029,0.1981305131450952,0.19970716536045074,650854,18.33710102720769,20.891003240309974,23.564747208197765,30.25169044554864,29.744160295959233,4.16,1.0,-1.07,1.39
RTX,1972-12-08,0.19970720470043413,0.20180933161347145,0.19918151369117576,0.20128385722637177,600006,16.795221868630907,20.561365601332255,23.514407093569954,29.69411217404862,29.703803750827184,4.2,1.0,-1.16,1.42
RTX,1972-12-11,0.201809174491162,0.20601343778640868,0.201809174491162,0.20496247708797455,1494931,17.276123162100344,20.80913529071872,23.18397408069062,29.705332487538282,29.737132794424028,4.23,1.0,-1.19,1.54
RTX,1972-12-12,0.20496273644418428,0.20548821108709261,0.20286060850780052,0.20391155779361725,4845814,17.395357984706376,20.85999817785112,22.790370979916474,29.717690408118663,29.72342905263869,4.26,1.0,-1.21,1.75
RTX,1972-12-13,0.20391154300537528,0.20443703035265992,0.20286059379577637,0.20286059379577637,498310,17.486219300168024,20.84662877495153,22.657853996629235,29.690881243967333,29.689955959289893,4.28,1.0,-1.22,1.86
RTX,1972-12-14,0.20286056310498418,0.20286056310498418,0.19445181113420024,0.19550277292728424,671194,19.732151194891603,22.36346019530954,22.76113857591001,30.012651554244275,29.94924559678276,4.3,2.0,-1.25,1.95
RTX,1972-12-15,0.19550286060079994,0.19760500175189163,0.19445189833641052,0.19445189833641052,788144,19.75493967758103,21.392675931023913,22.34870439291524,30.00372793431257,29.958249457671375,4.32,1.0,-1.26,2.15
RTX,1972-12-18,0.1944518019384519,0.1944518019384519,0.18814520321677797,0.19340063631534576,955942,19.824781508475894,21.40179984353342,21.900763946769352,29.973452443833576,29.897877186784456,4.34,1.0,-1.28,2.38
RTX,1972-12-19,0.19340063631534576,0.1944518019384519,0.19340063631534576,0.19340063631534576,594922,19.80660051712278,20.596009612362018,21.884658048615403,29.973452443833576,29.87763902673523,4.36,1.0,-1.31,2.4
RTX,1972-12-20,0.19287509487600032,0.19287509487600032,0.19182392954826355,0.19182392954826355,381360,19.807432609526266,20.690450051549433,21.946185344012083,29.895763330222348,29.79328688509632,4.37,3.0,-1.34,2.34
RTX,1972-12-21,0.19129858035306802,0.19129858035306802,0.19024740159511566,0.19024740159511566,203392,18.57854758197595,20.724504214200397,20.249944945700634,29.919338955227992,29.810451433189154,4.39,1.0,-1.34,1.08
RTX,1972-12-22,0.19024730656934202,0.1912984848022461,0.19024730656934202,0.1912984848022461,432208,18.001136576023484,20.56813482704846,20.12263752067444,29.91504117167433,29.582222176269703,4.4,1.0,-1.33,1.19
RTX,1972-12-26,0.1912984848022461,0.19234943367049098,0.19077278100346448,0.1912984848022461,167798,17.04290514713535,20.45573482915237,19.851600462517634,29.875074995358514,29.582222176269703,4.42,1.0,-1.32,1.32
RTX,1972-12-27,0.1912985170399329,0.19234946608528408,0.18604307097660042,0.18709403276443481,320342,17.88575056090661,21.01073628793015,20.20831330207305,27.075042271766588,29.679413333979475,4.42,3.0,-1.3,1.11
RTX,1972-12-29,0.18709403276443481,0.18867068569715936,0.18604307097660042,0.18709403276443481,788144,17.894265786774223,21.01073628793015,20.20831330207305,26.374398751078026,29.644104991069064,4.41,3.5,-1.28,1.11
RTX,1973-01-02,0.18709403276443481,0.18814521117448377,0.18551737983171024,0.18709403276443481,681363,17.9046683489325,21.01073628793015,20.082221963106285,26.36016426803925,29.643677291071846,4.4,2.0,-1.25,1.22
RTX,1973-01-03,0.18814517969163488,0.1944517776247496,0.18814517969163488,0.19234943389892578,498310,19.17422725620796,21.718188316639917,20.31999677349034,26.346835338715408,29.749892403063992,4.38,7.0,-1.23,1.18
RTX,1973-01-04,0.19234951519139232,0.19340069386980324,0.1902473871993268,0.1928752064704895,305088,19.059936802552695,20.065856545822186,20.319317378537914,26.26355936909588,29.211001672686855,4.35,7.0,-1.21,1.18
RTX,1973-01-05,0.19287512495585066,0.19340061213307824,0.19129848502943278,0.19234943389892578,432208,19.053471963584208,19.553477913630864,20.20337526819997,26.040665777086424,28.913122401517338,4.32,4.0,-1.18,1.27
RTX,1973-01-08,0.19234940390105967,0.19234940390105967,0.19129845519546743,0.19182392954826355,223731,19.053774082180077,19.57037361634949,20.21425165601129,26.024878238979,28.635238086890496,4.28,7.0,-1.15,1.25
RTX,1973-01-09,0.19182392954826355,0.19392605632407164,0.19129845519546743,0.19182392954826355,345766,19.04091867039899,19.550269188436257,20.202042809335524,26.017385379746205,28.629209820625995,4.24,4.0,-1.11,1.26
RTX,1973-01-10,0.1918239915626085,0.1918239915626085,0.18604307097660042,0.18709403276443481,172883,20.340411473458133,20.275765556966256,20.636938308041337,26.19263644419127,28.536031683578074,4.21,12.0,-1.06,1.05
RTX,1973-01-11,0.18709391546807433,0.19024721935659616,0.18394061157955252,0.18446630239486694,788144,20.683846294611183,20.413056911895982,20.43388936158189,26.204520534477243,28.570345324892354,4.17,12.0,-1.0,1.13
RTX,1973-01-12,0.1839407140300365,0.1839407140300365,0.17448101371772787,0.17605766654014587,1225437,24.451618682566192,22.40299232490183,21.811112742887147,26.238167037979782,28.958734832442488,4.11,14.0,-0.95,1.62
RTX,1973-01-15,0.17553227513249087,0.17553227513249087,0.16607235372066498,0.16607235372066498,1123741,29.197125445651817,24.943012894507607,23.737147274517785,27.132036317175384,29.52090293057091,4.02,26.0,-0.94,2.63
RTX,1973-01-16,0.16607224955585184,0.1671234149880672,0.16186798284388154,0.16659772396087646,1037299,27.719699343693016,24.955822911250593,23.64554485057733,27.059244272799514,29.52191477887875,3.93,25.0,-0.94,2.76
RTX,1973-01-17,0.1681744222455275,0.17605768728657206,0.1681744222455275,0.17395555973052979,2272906,31.09145408975517,26.52662634532335,24.572271883585405,27.52336101025694,29.732208484660227,3.82,29.0,-0.92,2.63
RTX,1973-01-18,0.1739556018613439,0.1755322552514071,0.17080229508121753,0.17132776975631714,1754256,31.23241766107802,26.5321806467703,24.705616676718865,27.586264025686873,29.654438132310872,3.71,30.0,-0.91,2.49
RTX,1973-01-19,0.1713277399894574,0.17290439310558942,0.16764895917339093,0.1708022654056549,1174589,31.20444280347094,26.508037547748174,24.61107251719543,27.478292942765588,29.654054474954954,3.59,30.0,-0.93,2.59
RTX,1973-01-22,0.1708022654056549,0.1723789185217869,0.1702767780793677,0.1708022654056549,874586,31.00542695606278,26.319479175306924,24.594151647613486,27.42473815628117,29.57887079909326,3.47,30.0,-0.95,2.59
RTX,1973-01-23,0.1708022654056549,0.1734298676893919,0.1708022654056549,0.1708022654056549,879670,30.95749000704936,26.285997412623246,24.58555416752853,27.415406554798256,29.577589701747954,3.34,30.0,-1.0,2.6
RTX,1973-01-24,0.1708022654056549,0.17290439310558942,0.1702767780793677,0.1708022654056549,727126,30.75208106540256,25.55374205873646,24.576795627901056,26.78007170440137,29.499164182385435,3.2,30.0,-1.07,2.62
RTX,1973-01-26,0.17080231206254054,0.1750065686108572,0.17080231206254054,0.1744810938835144,477971,30.97841976578429,25.890886043286727,24.78894701487723,26.891243731872493,29.56449726239238,3.05,35.0,-1.16,2.5
RTX,1973-01-29,0.1744810938835144,0.1744810938835144,0.17237896560935606,0.1744810938835144,2949184,31.017487602808746,25.818641736861185,24.665749844725497,26.815518451649016,29.4828568704251,3.0,34.0,-1.21,2.57
RTX,1973-01-30,0.17448102846759922,0.17921098733470353,0.17342985004223122,0.17553220689296722,605091,31.186963288683856,25.786161450224558,24.55714777720997,26.652867609091892,29.439241283566346,2.98,29.0,-1.24,2.64
RTX,1973-01-31,0.17553220689296722,0.17658315595363408,0.17448102846759922,0.17553220689296722,325427,29.682269659932874,25.220851523531017,24.55714777720997,26.643902190870467,29.43281789274419,2.95,29.5,-1.28,2.64
RTX,1973-02-01,0.17448094481281362,0.17448094481281362,0.1692255139350891,0.1692255139350891,142374,31.185873196202245,26.182632262992193,25.265729637879726,26.940516348179887,29.667578000411847,2.92,42.0,-1.34,2.27
RTX,1973-02-02,0.1692255139350891,0.17132764041326068,0.1692255139350891,0.1692255139350891,3757667,31.213517082903092,26.182632262992193,25.188098903012207,26.907918358595722,29.651580957492847,2.89,42.0,-1.38,2.3
RTX,1973-02-05,0.16922566085794027,0.16922566085794027,0.16607235372066498,0.16607235372066498,310173,31.455529079292287,26.404038488359966,25.246705073141506,26.978875418408798,29.578955778953514,2.87,43.0,-1.38,2.2
RTX,1973-02-06,0.1650210593755068,0.1650210593755068,0.16291893254369622,0.16397009789943695,157629,31.52223897669682,26.46308866144254,25.322197389015784,26.99825435224394,29.52725335815149,2.84,45.0,-1.36,2.12
RTX,1973-02-07,0.16397018057807633,0.16607232121232815,0.16239352731806553,0.16291901469230652,742381,31.51147877230929,25.876871136355096,25.16188079382472,26.968350993169842,29.525253708498422,2.81,41.0,-1.31,2.19
RTX,1973-02-08,0.16291896769379904,0.16397013327633092,0.1602913531858006,0.16186800599098206,2516976,31.349574073739134,25.583737847992182,24.93842473993053,26.574405611793033,29.49431199164085,2.78,39.0,-1.27,2.29
RTX,1973-02-09,0.16186808437166977,0.16607235372066498,0.16081691828013625,0.16607235372066498,2369517,32.60128629495868,25.895351041915294,25.280306604912035,26.743120664347487,29.592508447063437,2.75,47.0,-1.27,2.12
RTX,1973-02-12,0.16712337471444025,0.1692255139350891,0.16712337471444025,0.1692255139350891,315258,32.85429910506561,26.241590928214237,25.44504160557141,26.837024805238922,29.573630107383792,2.73,50.0,-1.28,2.03
RTX,1973-02-13,0.1692255139350891,0.17290429261303716,0.16870002691421673,0.1692255139350891,4423776,32.85429910506561,26.24543198722855,25.42900948683822,26.557437923942224,29.524607244541308,2.71,49.0,-1.29,2.05
RTX,1973-02-14,0.16922566085794027,0.1702768269494738,0.16607235372066498,0.16607235372066498,325427,33.13885860006593,26.450637599175753,25.592760398061447,26.650147041507527,29.587303996500903,2.69,52.0,-1.3,1.91
RTX,1973-02-15,0.16607223747372696,0.16817436430553753,0.16397009789943695,0.16397009789943695,279664,31.826709395563057,26.32921143151325,25.221074488936264,26.492620710463683,29.580918862818738,2.66,45.0,-1.29,2.1
RTX,1973-02-16,0.16588418946578964,0.1674792468547821,0.16269408757903245,0.1674792468547821,259325,32.669988152129356,26.76376593912433,25.407132387393705,26.61150283934318,29.61452037930933,2.64,50.0,-1.29,2.01
RTX,1973-02-20,0.16747926691063733,0.17013755440711975,0.16747926691063733,0.17013755440711975,355936,33.20171844460105,27.003319866665652,25.07357510117802,26.652196010266415,29.649354476323925,2.61,41.0,-1.31,2.13
RTX,1973-02-21,0.1701375017927,0.17120095053120962,0.16854244470596313,0.16854244470596313,315258,33.23452112671214,27.043435580649277,25.109147349405525,26.652049379177534,29.659914783435564,2.58,42.0,-1.32,2.08
RTX,1973-02-22,0.16801086048874844,0.16801086048874844,0.16588418185710907,0.16588418185710907,340682,33.37434590840104,27.185856402172533,25.183167565833166,26.69688778409474,29.607136555441816,2.55,46.0,-1.34,1.99
RTX,1973-02-23,0.16535262040628815,0.16535262040628815,0.1637575626373291,0.1637575626373291,269494,32.92234206748507,27.262496229545736,25.196531995384674,26.73827282430609,29.637121605873336,2.53,48.0,-1.35,1.98
RTX,1973-02-26,0.16375748767710038,0.16375748767710038,0.16216243063828104,0.162694051861763,244070,32.80097127189654,27.26689097768571,25.133013975179658,26.726126257758743,29.62756636863699,2.51,44.0,-1.36,2.0
RTX,1973-02-27,0.162694146454141,0.1637575828877734,0.1621625249215677,0.16322575509548187,538989,30.27841383878169,27.289807774805986,25.14133038496694,26.661909378364747,29.61787355407229,2.49,45.0,-1.38,2.0
RTX,1973-02-28,0.16322575509548187,0.1637575828877734,0.162694146454141,0.16322575509548187,152544,25.22421016446704,27.289807774805986,25.14133038496694,26.659020885070444,29.59425512680817,2.48,45.5,-1.39,2.0
RTX,1973-03-01,0.16322575509548187,0.1637575828877734,0.162694146454141,0.16322575509548187,386445,25.200171309754708,26.590311979729435,25.14133038496694,26.5882448825094,29.582890409190654,2.46,46.0,-1.41,2.0
RTX,1973-03-02,0.1632255920808971,0.1648206484541084,0.1626939839704771,0.16428902745246887,137290,21.636814911983464,26.63857562861586,25.161428998563423,26.52428672559392,29.563495559475534,2.45,48.0,-1.43,1.99
RTX,1973-03-05,0.16428910094480959,0.16854244470596313,0.16322566509752523,0.16854244470596313,198307,22.660116543055942,27.26187421405682,24.76696575952338,26.662667607467338,29.4408583266904,2.42,38.0,-1.44,2.12
RTX,1973-03-06,0.1685424968271171,0.17120100347449713,0.1685424968271171,0.17013755440711975,238986,22.827730721736692,27.36914110093866,24.512460211433243,26.673511716718135,29.44634722424037,2.4,29.0,-1.45,2.26
RTX,1973-03-07,0.17066927097114706,0.17226432751282583,0.17066927097114706,0.17173250019550323,366106,22.991941963062953,27.393153407081673,24.560431350154772,26.684063077462117,29.447527067372047,2.37,32.0,-1.46,2.23
RTX,1973-03-08,0.1712010208545315,0.1712010208545315,0.16907434165477753,0.16907434165477753,366106,23.442722380235935,27.502648829177286,24.660472634143446,26.723533867495565,29.482087695382813,2.34,38.0,-1.48,2.13
RTX,1973-03-09,0.1680109209720867,0.1680109209720867,0.16375757506884558,0.1648208051919937,350851,24.547795089551503,27.79904891210654,24.971493023086445,26.700330755375923,29.575194387697927,2.33,45.0,-1.5,1.9
RTX,1973-03-12,0.1648206484541084,0.16694731293773968,0.16375741934204888,0.16428902745246887,152544,23.605689110751282,27.437685444212807,24.941080147773746,26.658229221742435,29.570224703613057,2.31,44.0,-1.51,1.93
RTX,1973-03-13,0.16428902745246887,0.16535247571526016,0.16375741934204888,0.16428902745246887,177968,23.605689110751282,27.446274840100664,24.819352615525027,26.517252071554154,29.52863271528131,2.29,43.0,-1.53,2.0
RTX,1973-03-14,0.16428917121293066,0.16535262040628815,0.1637575626373291,0.1637575626373291,61018,23.48477176970407,27.444418848573488,24.552991069248247,26.443492882254404,29.497051996657138,2.27,30.0,-1.54,2.2
RTX,1973-03-15,0.16375765125000158,0.1648208818677717,0.1616307646036148,0.1616307646036148,279664,23.677647924925125,26.628371840426922,24.632022523605894,26.478032598053385,29.50533250847014,2.25,39.0,-1.55,2.12
RTX,1973-03-16,0.1605672655662865,0.1605672655662865,0.1531236066039286,0.15737715363502502,808483,22.595393632880885,27.05775013772309,24.964836029677198,26.514243409922315,29.620737895439518,2.23,49.0,-1.54,1.89
RTX,1973-03-19,0.15737735002086214,0.15737735002086214,0.15418723410876364,0.155250683426857,142374,22.81177666183756,27.134095950259123,24.946087720127096,26.551566680352202,29.65163885275151,2.22,48.0,-1.51,1.91
RTX,1973-03-20,0.15471883354333235,0.15471883354333235,0.15259215436179524,0.15365560352802277,1032214,22.426111841271688,27.157098275414025,24.96321415753762,26.496084615451814,29.671623211220815,2.2,50.0,-1.47,1.88
RTX,1973-03-21,0.15365561651436854,0.15525067437744342,0.15259216725826263,0.15259216725826263,722042,22.260508642363806,27.14979441881008,24.844961091685626,26.421026138075295,29.6387842312495,2.18,46.0,-1.44,1.93
RTX,1973-03-22,0.15259217510686773,0.1547188545775292,0.1509971171617508,0.1509971171617508,971197,22.35586804060759,27.16947326164268,24.8583568167232,26.28864592948033,29.634465707457018,2.16,47.0,-1.4,1.91
RTX,1973-03-23,0.15099711819666511,0.155250683426857,0.14993390092075332,0.155250683426857,605091,23.976823572561468,27.871490585903008,24.821288209957995,26.46265659600312,29.732989123076337,2.14,46.0,-1.42,1.91
RTX,1973-03-26,0.155250683426857,0.1557822920648129,0.15418723410876364,0.155250683426857,127120,22.575341318368704,27.871490585903008,24.769483172197234,26.407328452525654,29.55097964786999,2.12,44.0,-1.44,1.95
RTX,1973-03-27,0.15525057239989118,0.1584406860305898,0.15471874499132074,0.15684562921524048,137290,22.00947546649208,27.732334701931848,24.789382195154296,26.22907000698768,29.12601424780211,2.09,46.0,-1.46,1.93
RTX,1973-03-28,0.15684574138290625,0.15897240797691142,0.155250683426857,0.155250683426857,691533,22.10642509450608,27.765154843555152,24.77317462977408,25.920227508545974,29.120284069107427,2.07,45.0,-1.47,1.93
RTX,1973-03-29,0.155250683426857,0.15737735002086214,0.15365562547080774,0.155250683426857,213562,21.594437120082034,27.765154843555152,24.405113770016175,25.920227508545974,29.120284069107427,2.04,29.0,-1.48,2.12
RTX,1973-03-30,0.15525063654944055,0.15525063654944055,0.1541871875524521,0.1541871875524521,686448,21.412909107853714,27.020522323609843,24.386671981154283,25.801723192177,29.092007473179553,2.02,29.0,-1.47,2.12
RTX,1973-04-02,0.15418717449986158,0.1552506234068246,0.15206050872802734,0.15206050872802734,574582,20.500090729633854,27.06659381848503,24.453975856969752,25.688759242102382,29.09060005109032,2.0,31.0,-1.46,2.06
RTX,1973-04-03,0.1515288695382582,0.1515288695382582,0.14887036383152008,0.14887036383152008,188138,20.32584046384131,27.29445357947522,24.63614683304224,25.519123731886655,29.16029206924225,1.97,43.0,-1.43,1.92
RTX,1973-04-04,0.14887030130036974,0.14993374954478553,0.14780685305595398,0.14780685305595398,71187,20.288471802620432,27.29892875928851,24.630887040447064,25.176709709605184,29.1456411469638,1.94,42.0,-1.4,1.92
RTX,1973-04-05,0.14780702377840038,0.14993392272387696,0.14727541506313888,0.14940208196640015,1255946,20.441963478748743,27.460069595935593,24.347319436437633,25.149459616808528,29.16372318969536,1.91,29.0,-1.38,2.05
RTX,1973-04-06,0.1494019721560498,0.1494019721560498,0.14833875550699036,0.14887036383152008,116950,20.246480088621865,27.115755410580743,24.16521958006821,25.13791766621194,29.079566025012543,1.89,28.0,-1.36,2.17
RTX,1973-04-09,0.1488704505823215,0.1509971171617508,0.1488704505823215,0.1509971171617508,188138,20.83036038464733,27.27561693758907,24.08426419872618,24.90698345461688,29.110348383431628,1.86,28.0,-1.35,2.21
RTX,1973-04-10,0.15099715838770603,0.15365566636946595,0.15046554960825137,0.151528999209404,533904,20.836569179360083,25.768683209854544,24.075724075930214,24.637162193734945,29.103391386718247,1.84,28.0,-1.33,2.23
RTX,1973-04-11,0.1515289131231482,0.1541871875524521,0.15099707260359824,0.1541871875524521,294918,21.61150842339948,23.311576062930353,24.286328033760068,24.60692179906599,29.128996748211595,1.81,31.0,-1.32,2.1
RTX,1973-04-12,0.15418712384231975,0.15684562921524048,0.1531236881759714,0.15684562921524048,274579,22.29901391196823,23.597037962294827,24.486460310533687,24.2469709818581,27.00382560319996,1.79,37.0,-1.3,1.98
RTX,1973-04-13,0.15578222970016042,0.15578222970016042,0.15312373638153076,0.15312373638153076,249155,23.107521599236577,22.196540185773973,24.591878787248124,24.218653869773128,26.592946342300344,1.76,46.0,-1.28,1.91
RTX,1973-04-16,0.1531236881759714,0.15684562921524048,0.15206045876919252,0.15684562921524048,813568,22.949217235432727,22.659531716628504,24.929990968550527,24.17893519384598,26.694775985617795,1.74,64.0,-1.25,1.76
RTX,1973-04-17,0.15684562921524048,0.15684562921524048,0.15631380180667007,0.15684562921524048,142374,22.688639594887306,22.6590126614461,24.920341739242623,24.175265769073466,26.539442907181797,1.72,64.0,-1.22,1.77
RTX,1973-04-18,0.1568458078584216,0.1616307646036148,0.1568458078584216,0.1616307646036148,305088,24.376433756532094,23.558659132630584,25.438893943208026,24.432257335414462,26.644878212750804,1.71,93.0,-1.18,1.58
RTX,1973-04-19,0.1616306312254233,0.16588418185710907,0.16109902280084235,0.16588418185710907,518650,25.323700220020346,24.194827886760574,25.81812520136314,23.716316067502667,26.623072955431294,1.7,97.0,-1.13,1.42
RTX,1973-04-23,0.16694738761922626,0.1701375017927,0.16694738761922626,0.16854244470596313,264410,24.626093232038716,24.42674830404864,25.965106248169757,23.737461145148224,26.653543364494336,1.7,99.0,-1.07,1.35
RTX,1973-04-24,0.16854246891332939,0.17013752622916067,0.16588418185710907,0.16588418185710907,162714,25.07334917297184,24.215161862473177,26.06611414581667,23.66785950603269,26.69462857312015,1.7,100.0,-1.0,1.27
RTX,1973-04-25,0.16482060633792336,0.16482060633792336,0.15737715363502502,0.15737715363502502,1286454,29.401061770324755,26.43838833340759,27.29779992326286,24.474458702299913,27.208331648502732,1.72,100.0,-0.95,1.29
RTX,1973-04-26,0.15737718246221444,0.1584406306480602,0.15312363465198456,0.15631374716758728,620346,29.437848154416212,26.4086440254984,27.30598533488593,24.48688861394897,27.187875888783893,1.75,100.0,-0.89,1.28
RTX,1973-04-27,0.15631389127159942,0.15631389127159942,0.15259215436179524,0.15365560352802277,269494,29.599865326832024,26.588345631971798,27.010197331375945,24.524179718149767,26.861686711452155,1.77,98.0,-0.82,1.35
RTX,1973-04-30,0.15365556606742597,0.1547187958235245,0.15206050872802734,0.15206050872802734,727126,28.771592420923337,25.6685811790278,27.025753294273514,24.44562777841784,26.86346343164826,1.79,98.0,-0.75,1.33
RTX,1973-05-01,0.15312377581506526,0.15365560352802277,0.15312377581506526,0.15365560352802277,218646,28.710575928785715,25.788342624345688,27.092357499717707,24.475760680356423,26.83301891377527,1.81,98.0,-0.68,1.3
RTX,1973-05-02,0.1547188163930082,0.1563138739444658,0.1547188163930082,0.15578225255012512,406784,28.830694637344372,25.723870940027442,27.212448903077924,24.488785162416278,26.865880005672004,1.84,98.0,-0.59,1.25
RTX,1973-05-03,0.15578215940043633,0.1589722725958285,0.15578215940043633,0.15844066441059113,137290,29.126406668404453,25.86676826874486,27.33613053759609,24.569518833586127,26.91663775691176,1.87,100.0,-0.49,1.2
RTX,1973-05-04,0.15844070822838524,0.1658841530481768,0.15790888074530496,0.162694051861763,472886,29.794439580983408,26.42223194128448,27.70532926736717,24.759479691095645,26.967171663312207,1.9,100.0,-0.39,1.07
RTX,1973-05-07,0.1616306474246159,0.1616306474246159,0.15897236010197266,0.1595039814710617,559328,29.47423468734599,26.70096728794235,27.801275677213848,24.86853145212985,27.00593693364247,1.93,100.0,-0.31,1.0
RTX,1973-05-08,0.1595039814710617,0.1616306474246159,0.15897236010197266,0.1595039814710617,1189843,29.47423468734599,26.150567230328726,27.610384199288845,24.72633948639003,26.997906065656586,1.96,98.0,-0.32,1.08
RTX,1973-05-09,0.1605673735994617,0.16375748767710038,0.1605673735994617,0.162694051861763,147459,29.865736739730416,26.182965244065205,27.832863649776694,24.837436347369735,26.603849827274345,1.98,100.0,-0.34,1.0
RTX,1973-05-10,0.16216259261792312,0.16216259261792312,0.1616307646036148,0.1616307646036148,249155,29.762466131190955,26.210416924258322,27.837434635944508,24.838080297803362,26.610488723636998,2.0,100.0,-0.4,0.99
RTX,1973-05-11,0.16269413868598903,0.1648208051919937,0.16269413868598903,0.1648208051919937,645770,30.22136662262057,26.26121255665035,27.488632266655845,24.8966508626144,26.629386547374313,2.02,95.0,-0.31,1.1
RTX,1973-05-14,0.1648208818677717,0.1648208818677717,0.1616307646036148,0.1616307646036148,655939,30.76270275171689,26.43725193346622,27.628381488000255,24.99342808600303,26.57631087907531,2.03,96.0,-0.2,1.02
RTX,1973-05-15,0.1616307646036148,0.1616307646036148,0.15950409710827018,0.1616307646036148,142374,30.417583085885607,26.058089916200718,27.623941706037968,24.99342808600303,26.568720314048782,2.04,95.0,-0.09,1.03
RTX,1973-05-16,0.1616307646036148,0.16269421437242707,0.1616307646036148,0.1616307646036148,457632,29.620359640450534,25.835214505233044,27.623941706037968,24.942819483865403,26.521376078035335,2.05,94.5,0.03,1.03
RTX,1973-05-17,0.1616307646036148,0.1616307646036148,0.1610991557403486,0.1616307646036148,76272,29.4844788665,25.77388653068765,27.60628966587268,24.93099992577403,26.496712231231545,2.05,92.0,0.17,1.04
RTX,1973-05-18,0.16356761709359685,0.16356761709359685,0.1587253212928772,0.1587253212928772,686448,30.007554963860052,25.834371979587566,27.710326576932832,25.02156896085717,26.541213534192693,2.02,97.0,0.33,0.98
RTX,1973-05-21,0.15818718665654144,0.15818718665654144,0.15549704148736185,0.15603502094745636,915264,30.478790968016106,25.93279501396176,27.79052671704836,25.100793455853704,26.577976757803906,1.99,97.0,0.48,0.92
RTX,1973-05-22,0.15657286012338006,0.15926321138947425,0.15657286012338006,0.15818703174591064,584752,30.461584397279175,26.073160825512083,27.90093823549113,25.153103917491325,26.58512413803168,1.95,100.0,0.64,0.88
RTX,1973-05-23,0.15818703174591064,0.16141537499097178,0.15818703174591064,0.15818703174591064,325427,30.458914452437174,26.061790665313957,27.711282671263625,25.07675017747505,26.29332594631981,1.91,95.0,0.85,0.99
RTX,1973-05-24,0.15818726481873185,0.16356776654720306,0.15764927204708737,0.16356776654720306,116950,31.526863522418207,26.975954825544946,28.266028006545575,25.315218681138763,26.503341436643733,1.88,100.0,1.1,0.86
RTX,1973-05-25,0.16356760520711225,0.16571997858819248,0.1619534327984508,0.16302962601184845,3030541,31.229235885975314,26.98458960471099,28.26688090794518,25.31835777558664,26.503740374080643,1.84,100.0,1.37,0.86
RTX,1973-05-29,0.16302970626634888,0.16302970626634888,0.15603502094745636,0.15603502094745636,406784,33.09907542957941,28.40087603620222,28.67248694664128,25.845886052766236,26.663659631876328,1.8,100.0,1.5,0.82
RTX,1973-05-30,0.15495883511136452,0.15495883511136452,0.15280666947364807,0.15280666947364807,381360,32.90090115830953,28.15007706575908,28.816455011890152,25.914902013802415,26.74276155509779,1.77,100.0,1.48,0.74
RTX,1973-05-31,0.15334485200414824,0.1549588030426251,0.15334485200414824,0.15388283133506775,193222,32.979798146908735,28.11407855776242,28.854523161358593,25.85851607027666,26.61376581596749,1.73,100.0,1.35,0.73
RTX,1973-06-01,0.15226863755353087,0.15226863755353087,0.1495782716235109,0.15065446496009827,218646,32.17108686820008,28.299381529249644,29.011232698124513,25.971470878771395,26.695741304908914,1.69,100.0,0.97,0.64
RTX,1973-06-04,0.14904039144860032,0.14904039144860032,0.1431218981742859,0.1431218981742859,406784,34.00281042982656,29.92106595248582,30.027347215728806,26.55589992476929,27.16261555051018,1.66,100.0,0.21,0.58
RTX,1973-06-05,0.14258368841864996,0.14258368841864996,0.14096951484680176,0.14096951484680176,152544,33.53863186413577,29.660115869232673,29.884083566765483,26.476785336838702,27.187367464482755,1.64,99.0,-0.12,0.64
RTX,1973-06-06,0.14096949920314295,0.14150770050366887,0.13451302740955218,0.13666518032550812,147459,34.20725812838016,30.22609489377086,30.165213406133823,26.706559920325347,27.338334079809716,1.62,100.0,-0.02,0.54
RTX,1973-06-07,0.13666506485882052,0.13720305697323604,0.13505089282989502,0.13505089282989502,238986,31.34510717322559,30.27263481202586,29.379051544329123,26.721315110724962,27.35827443376343,1.61,97.0,0.39,0.65
RTX,1973-06-08,0.13505100693278785,0.1377413741949927,0.13236087449359624,0.13666518032550812,584752,31.722575859232123,30.431415804390916,28.074415371782948,26.762140273821984,27.373725691847568,1.61,90.0,0.45,0.39
RTX,1973-06-11,0.13666516939948986,0.13720316192543744,0.13558898866176605,0.13558898866176605,106781,31.514089229852726,30.37684813012895,28.078121306374726,26.76838354102481,27.340832473247524,1.61,90.0,0.49,0.38
RTX,1973-06-12,0.13558898866176605,0.13558898866176605,0.13343683591786903,0.13558898866176605,289834,31.47890730656428,29.975630729232343,27.12619902265676,26.546914536333848,27.339724879970166,1.6,70.0,0.51,0.35
RTX,1973-06-13,0.13558896634013282,0.13558896634013282,0.13343681395053864,0.13343681395053864,320342,31.370732369478716,30.017589668383156,27.135781291101175,26.57502581771635,27.338540768399533,1.6,70.0,0.55,0.34
RTX,1973-06-14,0.13343681766319054,0.13451299825368865,0.13236084580421448,0.13236084580421448,452547,30.88959722836404,29.996289776382756,27.150196478693868,26.322477321217953,27.302689030017667,1.6,70.0,0.57,0.33
RTX,1973-06-15,0.1323608468523471,0.13451299931886362,0.1318226456642151,0.1318226456642151,40678,30.16017687948443,29.98383195771247,27.14816075334094,26.318561270274426,27.28863158036876,1.6,69.0,0.56,0.33
RTX,1973-06-18,0.1312847011977583,0.1312847011977583,0.12159965932369234,0.12159965932369232,518650,35.60001932181482,33.97791836059401,29.842691614943856,27.903355352492515,28.43030948564686,1.64,97.0,1.13,2.18
RTX,1973-06-19,0.12267574031816263,0.12967040806294525,0.12267574031816263,0.12482789158821106,1037299,36.93782563436895,33.91711532979117,30.20627575815992,28.079633905097843,28.549765863162378,1.68,100.0,1.16,2.03
RTX,1973-06-20,0.12482787017477953,0.12590406303660648,0.12052356837305842,0.12213774025440216,681363,37.05853609938118,34.110714871951885,30.093013906005382,28.130222713476382,28.611924115961607,1.72,98.0,1.25,2.02
RTX,1973-06-21,0.12213782695159872,0.12267580635298991,0.12052365392446518,0.12052365392446518,361021,36.05928703100855,34.03247794121443,30.126961574490764,28.16030515882364,28.5180875228251,1.76,98.0,1.29,1.98
RTX,1973-06-22,0.12052365392446518,0.12698012425575939,0.11460494121732215,0.12052365392446518,1861037,36.16363016228837,34.02214526644838,30.092775521369347,28.16030515882364,28.48098076685727,1.79,96.0,1.25,1.99
RTX,1973-06-25,0.12052366840100595,0.12159962733302569,0.11621912820396234,0.11783330142498016,422038,35.24422204468228,34.216562591351476,30.23403603698848,28.26233671828911,28.457508453768355,1.82,100.0,1.23,1.87
RTX,1973-06-26,0.1183714989860039,0.12375199794769287,0.1183714989860039,0.12375199794769287,122035,39.20887006041634,35.931322918304694,30.929885198369846,28.9009212714089,28.851762651118868,1.88,100.0,1.0,2.01
RTX,1973-06-27,0.12375199794769287,0.12644214306276808,0.12052366465180446,0.12375199794769287,183053,39.20887006041634,35.87522238894961,30.929885198369846,28.57176431840876,28.845758318615296,1.93,99.5,0.78,2.01
RTX,1973-06-28,0.12267577648162842,0.12267577648162842,0.1210616038475434,0.12267577648162842,218646,39.11818035002777,35.70203177206464,30.8411096871426,28.417972414983844,28.762702015140363,1.97,98.0,0.57,2.07
RTX,1973-06-29,0.12159959471789732,0.12159959471789732,0.11837147091896731,0.11890946328639984,193222,39.52332725248462,36.151674208725574,31.12656855270567,28.625763831788582,28.91676381097777,2.02,100.0,0.42,1.91
RTX,1973-07-02,0.11890948498280658,0.12052365806539965,0.11621911823749542,0.11621911823749542,447462,39.62962477450965,36.237733764751276,31.279086092995563,28.713899640676516,28.95209146563506,2.07,100.0,0.31,1.81
RTX,1973-07-03,0.11621908672797641,0.1172952800989151,0.11621908672797641,0.1172952800989151,259325,39.975014877071565,36.34162363292092,31.33867836989257,28.739740745268495,28.918591961366396,2.11,100.0,0.16,1.79
RTX,1973-07-05,0.11729523965444788,0.11837141960859299,0.11621904665459035,0.11837141960859299,376275,39.766047435718455,36.248437948348794,31.05997886357464,28.76086332562381,28.819638927378794,2.15,97.0,0.02,1.9
RTX,1973-07-06,0.11837141960859299,0.11944739083133948,0.11675724752021842,0.11837141960859299,167798,39.766047435718455,36.22421389410412,30.860737460459752,28.691878934545382,28.797159997945105,2.19,94.0,-0.12,1.99
RTX,1973-07-09,0.11890945194306432,0.12267577648162842,0.11890945194306432,0.12267577648162842,213562,39.98458555284931,36.87778038784011,31.480673870080363,28.928935215487144,28.99758026020793,2.23,100.0,-0.26,1.8
RTX,1973-07-10,0.12482797396512176,0.1285943129246234,0.12482797396512176,0.12751834094524384,681363,42.34350300633093,37.65917436845919,32.07427826096421,29.32572801619708,29.12373090518072,2.29,100.0,-0.38,1.68
RTX,1973-07-11,0.129670466355426,0.13182263163867874,0.129670466355426,0.13128463923931122,396614,42.28374022005947,37.992289353241915,32.424937369887225,29.547038473714387,29.068480177635514,2.34,100.0,-0.48,1.58
RTX,1973-07-12,0.12967050584444165,0.12967050584444165,0.1280563324689865,0.1280563324689865,320342,42.423569997592224,37.85283509294362,32.40350224811569,29.63339248782334,29.171738289267108,2.4,99.0,-0.58,1.55
RTX,1973-07-13,0.1269800933363034,0.1269800933363034,0.11944743121345838,0.12267577648162842,10367907,43.55736344070619,38.70183849288945,32.88895746188268,30.018439878386634,29.4034137043065,2.46,100.0,-0.68,1.37
RTX,1973-07-16,0.12267577648162842,0.12267577648162842,0.1210616038475434,0.12267577648162842,223731,43.413318239542804,38.053920051308786,32.878120047737916,29.95256447204982,29.289359985823392,2.51,99.0,-0.78,1.39
RTX,1973-07-17,0.12321373666977109,0.12590410225088708,0.12321373666977109,0.12428992986679077,879670,41.65997705705676,37.70140967467372,32.91440600030242,29.99120989579531,29.145500324995904,2.57,100.0,-0.87,1.39
RTX,1973-07-18,0.12428999044268865,0.12428999044268865,0.12159962355035371,0.12375199794769287,223731,41.541983940413715,37.45393035281877,32.87612174812738,29.76538822637108,28.91561394925457,2.62,97.0,-0.95,1.42
RTX,1973-07-19,0.12375195679960255,0.12482792838610748,0.12159958311793746,0.12267577648162842,376275,40.794346644912565,37.39484487760137,32.88438983313899,29.74824576581816,28.89461194372409,2.66,98.0,-1.03,1.41
RTX,1973-07-20,0.12375192031889068,0.12805623590470053,0.12375192031889068,0.12482789158821106,584752,41.15850464167547,36.32511637801492,33.027119250429266,29.812177356945867,28.942869081062845,2.71,100.0,-1.1,1.36
RTX,1973-07-23,0.1248279090538674,0.12698007367075512,0.12428992986679079,0.12428992986679077,249155,40.92952922422193,36.320173065126255,33.02530804149713,29.78655090485649,28.75954300850442,2.75,99.0,-1.17,1.36
RTX,1973-07-24,0.12428992582155411,0.12698006953796293,0.12321373265956104,0.12590409815311432,955942,41.163715700730194,36.37125830243398,33.115811457108244,29.66789324614984,28.615128665699167,2.8,100.0,-1.22,1.32
RTX,1973-07-25,0.12590409815311432,0.12859424186952315,0.12482790499112124,0.12590409815311432,1179674,41.163715700730194,36.34692898422391,33.08647668080493,29.65488257445003,28.53795645779136,2.83,99.0,-1.27,1.33
RTX,1973-07-26,0.12590406303660648,0.12644204205612328,0.12213774025440216,0.12213774025440216,254240,41.78027455874965,36.65643205995595,33.06343126836629,29.837986554838974,28.406111347565016,2.87,98.0,-1.32,1.29
RTX,1973-07-27,0.12213782910768847,0.1318226456642151,0.12213782910768847,0.1318226456642151,1001706,47.62891736156636,40.02490469622095,35.340893312277224,31.262141660686932,29.332714822302673,2.94,100.0,-1.35,1.94
RTX,1973-07-30,0.1318226456642151,0.13343681871984353,0.13128465320760677,0.1318226456642151,310173,47.6142759552596,39.81879909229574,35.29204443503892,31.25474378237142,29.216494840152702,3.01,99.0,-1.39,1.97
RTX,1973-07-31,0.1318226456642151,0.1328988262632352,0.1318226456642151,0.1318226456642151,294918,41.01226001950871,39.346227112723064,35.23311808398138,31.098304005493272,29.215187951542234,3.07,98.0,-1.43,2.0
RTX,1973-08-01,0.13182261123855846,0.13182261123855846,0.12052362457714934,0.12267577648162842,1291539,45.71350428191497,41.649889481775645,36.74304132813913,32.0993105711659,30.07376106491872,3.17,100.0,-1.46,2.02
RTX,1973-08-02,0.12267581727188387,0.12536617111849765,0.12159962355035371,0.12375199794769287,376275,45.33745987233582,41.72747677691348,36.78980643929847,32.032094522540085,29.542981512138983,3.26,100.0,-1.5,2.0
RTX,1973-08-03,0.12321369829343579,0.12321369829343579,0.12052356837305842,0.12213774025440216,427123,45.332923933094435,41.46233472284622,36.82309496508089,32.043062190056006,29.54390668101339,3.35,100.0,-1.53,1.98
RTX,1973-08-06,0.12321373265956104,0.12590409815311432,0.12321373265956104,0.12590409815311432,310173,46.15425322248616,42.08075747221652,37.2013160471961,32.281153290526774,29.61746924491623,3.43,100.0,-1.55,1.83
RTX,1973-08-07,0.12787138976954202,0.13005716932303266,0.12513898645864813,0.12841777503490448,355936,45.869170333940616,42.08617166434831,37.331696639586006,32.38910518470956,29.687381356146897,3.52,100.0,-1.56,1.79
RTX,1973-08-08,0.1284177929650226,0.1284177929650226,0.12513900393097085,0.12623201310634613,416954,44.05870829987421,42.05186186353348,37.20406575363887,32.379185562189235,29.731540018968534,3.59,99.0,-1.58,1.85
RTX,1973-08-09,0.12623194931366716,0.1289641263828187,0.12459255562512658,0.12677833437919617,391530,44.07085179101796,42.07923776420856,37.17306423719874,32.38191908003504,29.712880973180155,3.66,97.0,-1.6,1.87
RTX,1973-08-10,0.12677852109606802,0.1284179171990784,0.1213139469168017,0.1218603327870369,223731,45.53236622072701,42.693398770763594,37.62624242944628,32.673729583014854,29.894603613435944,3.74,100.0,-1.61,1.69
RTX,1973-08-13,0.1218601767202421,0.12295318555319669,0.11694221995238932,0.11803500354290009,1006790,45.574873377816935,43.042136903743284,37.911698363132764,32.8571197325512,30.048774186561932,3.81,100.0,-1.62,1.56
RTX,1973-08-14,0.11803500354290009,0.12131379154976449,0.11803500354290009,0.11803500354290009,254240,45.06684793295228,42.970401624137175,37.8923712483929,32.858740446291804,30.027585374986586,3.88,99.0,-1.63,1.58
RTX,1973-08-15,0.11803500354290009,0.11967439754633229,0.11694221995238932,0.11803500354290009,289834,44.99133432035028,42.90657982133979,37.58334413884097,32.858740446291804,30.024564064659735,3.94,97.0,-1.63,1.69
RTX,1973-08-16,0.11803503485906328,0.1196744292974472,0.11748864954362283,0.1196744292974472,147459,45.09183096093443,42.90834045513516,37.67262956758237,32.915437002345655,30.05285522984138,3.99,98.0,-1.63,1.65
RTX,1973-08-17,0.11967447326457203,0.12076748278907556,0.11694229394197464,0.11694229394197464,264410,45.60196563789202,43.06219592527265,37.75509560957703,33.002407755375366,30.13044286107749,4.04,98.0,-1.63,1.61
RTX,1973-08-20,0.11748861837242246,0.11912801237585466,0.11748861837242246,0.11803500354290009,188138,44.410782914348886,42.4200112324681,37.78638121946697,33.03183083281845,30.074198390299458,4.08,98.0,-1.62,1.6
RTX,1973-08-21,0.11803507822389184,0.11803507822389184,0.11694229394197464,0.11694229394197464,111866,42.803999206316234,42.42491194808926,37.79805298260304,32.85283363499936,30.084802981657717,4.12,98.0,-1.61,1.59
RTX,1973-08-22,0.11639566185956139,0.11639566185956139,0.11257048696279526,0.11257048696279526,569498,42.870883421822995,42.21896801436923,38.205879513132444,33.10801439284822,30.299328525803233,4.16,100.0,-1.59,1.43
RTX,1973-08-23,0.11257047331477427,0.11475625320619333,0.11257047331477427,0.11311708390712738,625430,42.54433282510238,42.14584447640946,38.18752509374704,33.11662432527442,30.283507020186427,4.19,99.0,-1.57,1.45
RTX,1973-08-24,0.11475623590306216,0.1213138130806349,0.11475623590306216,0.1191280335187912,325427,43.873971374840956,43.662391818516696,39.04760975300408,33.74549555748249,30.741321912486065,4.24,100.0,-1.57,1.33
RTX,1973-08-27,0.11912801237585466,0.12022100795925372,0.11803500354290009,0.11803500354290009,188138,43.93740233347449,43.53272559519345,39.05555899074874,33.72956835874584,30.751745632658363,4.28,100.0,-1.56,1.33
RTX,1973-08-28,0.11803497042969857,0.1202209742327968,0.11584919186898097,0.11748858541250229,1774595,43.73387427439903,42.40642931962124,39.00167585599554,33.72372310870545,30.729835158645493,4.31,98.0,-1.55,1.35
RTX,1973-08-29,0.11748869270771518,0.11748869270771518,0.115849297667035,0.11694229394197464,472886,43.735555056024275,42.33551146934173,39.002894240860726,33.69974831063546,30.72191311650869,4.34,98.0,-1.54,1.34
RTX,1973-08-30,0.11694230057398376,0.11694230057398376,0.1153029054403305,0.1153029054403305,274579,43.836514768023974,42.00033129016968,38.955044249979004,33.630975626702565,30.748449889269587,4.35,96.0,-1.52,1.36
RTX,1973-08-31,0.11530282828209111,0.11639561189471417,0.11366343424548604,0.11584922671318054,1749171,43.50043910635154,41.98541030411685,38.960433248885195,33.643207058705,30.75344948982644,4.37,96.0,-1.49,1.36
RTX,1973-09-04,0.11584924493000484,0.12076742781318438,0.11584924493000484,0.1191280335187912,1057638,44.37658561317816,42.34772944502861,39.133797536426556,33.84220961407202,30.890585964432756,4.38,100.0,-1.46,1.3
RTX,1973-09-05,0.1191280335187912,0.12022102929617601,0.11803502449184852,0.1191280335187912,915264,44.171936004912524,42.333933497789374,39.008923798698376,33.60133099351038,30.840190393434767,4.39,97.0,-1.42,1.35
RTX,1973-09-06,0.11912806741758965,0.12186023302434237,0.11912806741758965,0.12131384760141373,849162,44.5506072341762,42.53700957423127,38.99853728090791,33.690914292442045,30.851680582303963,4.39,94.0,-1.38,1.36
RTX,1973-09-07,0.12131391749382409,0.12349969893693924,0.1202211327688207,0.12349969893693924,193222,43.99947128687007,42.621944314019075,38.9047890261524,33.77616244070953,30.909891045298217,4.4,91.0,-1.32,1.39
RTX,1973-09-10,0.12349954700211503,0.12677833437919617,0.12349954700211503,0.12677833437919617,116950,38.54302911760655,42.96620055732681,39.16721993508322,33.9452304714924,31.029746940782527,4.4,100.0,-1.26,1.3
RTX,1973-09-11,0.1267784226641074,0.1267784226641074,0.12404625694190581,0.1251390278339386,294918,38.68916809008728,43.0350403643241,38.862002355743314,33.96173009771765,31.02211918293236,4.41,89.0,-1.19,1.4
RTX,1973-09-12,0.12459270890462028,0.12459270890462028,0.12349969893693924,0.12349969893693924,1011875,38.82632394945519,39.7853858270889,38.6266066849192,33.97876909959552,30.99937175458298,4.41,88.0,-1.13,1.48
RTX,1973-09-13,0.12349969893693924,0.12513909464233733,0.12240692746150512,0.12349969893693924,249155,32.71538475741772,39.416285162648734,38.511414953195086,33.96696379509416,30.996588568202505,4.41,87.0,-1.09,1.52
RTX,1973-09-14,0.12349967074554394,0.12677846140788726,0.12295328513255088,0.1256856769323349,442378,33.01288634013018,39.31941747397121,38.59457375871502,34.04798710568179,30.99015535369249,4.4,87.0,-1.02,1.5
RTX,1973-09-17,0.1256855905195229,0.12787138321045238,0.12404620956504366,0.12459259480237961,284749,32.879312378216326,39.262135027235864,37.771015508620856,33.97438116281034,30.917163899316897,4.4,79.0,-0.93,1.71
RTX,1973-09-18,0.12459268046372254,0.1256856769323349,0.12240689951955783,0.1256856769323349,813568,31.759473822945605,39.297670746558275,37.80483418587613,33.99826891533553,30.93051121462047,4.4,81.0,-0.83,1.7
RTX,1973-09-19,0.1256855905195229,0.12896416693468143,0.12240681536100727,0.12459259480237961,945773,31.284123688698724,39.04914384812976,37.743556478865344,34.00598347244222,30.930821827420317,4.39,76.0,-0.73,1.73
RTX,1973-09-20,0.1251390660767156,0.12787147112606587,0.1251390660767156,0.1256856769323349,188138,31.02114142155561,37.782944750861425,37.758430084976276,33.844390770943086,30.94370549270382,4.38,77.0,-0.63,1.72
RTX,1973-09-21,0.12623203655953413,0.12896421551704407,0.12623203655953413,0.12896421551704407,640685,31.89859020945421,38.14227111280167,37.96355861080413,34.00241336188536,31.05879384571793,4.37,83.0,-0.51,1.64
RTX,1973-09-24,0.1289642031904909,0.13278960315380875,0.12787141915904662,0.13224299252033234,869501,30.29438288226034,38.41475363828628,38.12410271952406,34.1558919437085,31.031707684160565,4.36,83.0,-0.39,1.58
RTX,1973-09-25,0.1322429269073663,0.13716109521239467,0.13115014341811182,0.13661471009254456,472886,29.643527350069903,38.335909055544285,38.396923026095905,34.40029790881711,31.195765159533483,4.35,85.0,-0.26,1.5
RTX,1973-09-26,0.1366147207088908,0.13825411468781584,0.13497532672996576,0.13716110587120056,732211,29.609065720374623,37.975356420598,38.14497304677276,34.40661963061136,31.044979710010534,4.34,82.0,-0.14,1.59
RTX,1973-09-27,0.13716106772977285,0.13934685951274314,0.13716106772977285,0.1382540762424469,330512,29.58180825130981,37.9669660600011,38.064099175267856,34.31572045343502,31.05532989260879,4.33,80.0,-0.01,1.64
RTX,1973-09-28,0.13825410809623087,0.13989350199699402,0.13606810381677845,0.13989350199699402,193222,29.53727401184581,37.98995736883328,38.121327203139295,34.320300357417985,31.066171232380658,4.32,80.0,0.11,1.61
RTX,1973-10-01,0.1398935482103706,0.14153294265270233,0.13770754320877854,0.14153294265270233,391530,28.336931877220948,38.02850461225156,38.02825082917055,33.932383394774064,31.072632034655868,4.3,78.0,0.22,1.65
RTX,1973-10-02,0.14153296628185552,0.14863693055395677,0.13880056225776902,0.14426514506340027,1352557,28.567414769591696,37.567530019882014,38.157738585499146,33.327693818641094,31.111329499851433,4.28,82.0,0.3,1.6
RTX,1973-10-03,0.1442651577812191,0.1442651577812191,0.1398935838982632,0.140986368060112,427123,29.49370221342791,37.16725542092049,38.16833139976614,33.42762579413483,31.189976343536834,4.26,82.0,0.35,1.58
RTX,1973-10-04,0.14098628128485416,0.1415328916471272,0.13388232075889386,0.13661471009254456,1281370,28.682207125385617,37.331526990292446,38.35839403598687,33.20679982188178,31.339278984416417,4.23,84.0,0.49,1.51
RTX,1973-10-05,0.13661480312972635,0.13825419809771186,0.1338824119352672,0.13442902266979218,310173,29.419027819453824,37.117719018590364,38.425783210686156,33.21230913399827,31.375327625019146,4.21,85.0,0.64,1.48
RTX,1973-10-08,0.13442905945236341,0.14153302676004656,0.13442905945236341,0.14044001698493958,1164419,28.401781566079308,37.00562136971962,39.1007169083997,33.637311491999355,31.6920352603554,4.19,98.0,0.72,1.3
RTX,1973-10-09,0.14043988291544976,0.1415328916471272,0.1355217146104214,0.13661471009254456,823738,29.70032912015279,37.50684998208664,39.32058869950304,33.783133587117796,31.579417834131156,4.16,100.0,0.83,1.21
RTX,1973-10-10,0.13661476398289105,0.13661476398289105,0.13333597498645394,0.13388237357139587,635600,30.466122069282747,37.698923802326654,39.34393329691067,33.85717898705822,31.539070286610542,4.14,100.0,1.01,1.2
RTX,1973-10-11,0.13442903006987728,0.13880059123039246,0.13442903006987728,0.13880059123039246,1388150,31.682214759633826,38.347824213387746,39.718059250828006,34.145341707792944,31.757109583194914,4.12,100.0,1.16,1.11
RTX,1973-10-12,0.14207927882671356,0.1475438588299211,0.14207927882671356,0.14207927882671356,757635,31.504783108925853,38.53055835235445,39.83935608783283,34.165052480689845,31.842658160638855,4.1,100.0,1.22,1.07
RTX,1973-10-15,0.1420793327151802,0.1420793327151802,0.13770754780847422,0.13934694230556488,803398,32.41753916520267,38.65905130176083,39.945148649162114,34.23311038075942,31.894238941263474,4.07,100.0,1.3,1.02
RTX,1973-10-16,0.1393470204593995,0.14044001698493958,0.13606822962628345,0.14044001698493958,1383066,31.762332889641442,38.65653662559201,39.583667590164126,34.23917100039901,31.89642098842964,4.04,97.0,0.88,1.13
RTX,1973-10-17,0.14043998974360436,0.14535817503929138,0.14043998974360436,0.14535817503929138,513565,32.79555171450013,39.16309209368368,39.99141084966136,34.49794813125863,32.05387201536758,4.02,100.0,0.1,1.01
RTX,1973-10-18,0.1453581692561907,0.15191552414696022,0.1453581692561907,0.14972974359989166,594922,33.30972658349425,39.554550361964196,39.694228482373276,34.42718943228499,32.115947416517066,4.0,96.0,-0.16,1.08
RTX,1973-10-19,0.14972963076937268,0.15191540966932193,0.14754385186942343,0.15082263946533203,884755,33.15121652995912,38.950311482444796,39.57576922475896,34.43996355086013,32.12555672520462,3.97,94.0,-0.24,1.13
RTX,1973-10-22,0.15082257190121598,0.15191534161567688,0.14645077756778446,0.15191534161567688,416954,32.631438467866786,35.88868428772153,39.57670566872983,34.384299814119515,32.13306388298867,3.94,94.0,-0.33,1.13
RTX,1973-10-23,0.15191540966932193,0.1524620332632863,0.14590445807146915,0.15082263946533203,422038,32.3797665555593,35.939454535592134,39.44921886818227,34.36282085219368,32.10740596877233,3.91,92.0,-0.33,1.19
RTX,1973-10-24,0.14972974737231112,0.14972974737231112,0.14754396677017212,0.14754396677017212,198307,32.93323996872499,36.27872241291032,38.747040655071444,34.449956850754326,32.17207472425833,3.88,76.0,-0.31,1.31
RTX,1973-10-25,0.14549466252772653,0.14549466252772653,0.14207937554202338,0.14317215979099274,386445,34.51941918727913,33.555186632130344,38.97039778508609,34.6198917483259,32.26820243202045,3.86,80.0,-0.32,1.23
RTX,1973-10-26,0.14317216831225124,0.1442651778688534,0.14098638769120414,0.14371877908706665,1393235,34.31203855130472,33.53174598702969,38.65230903466809,34.482286524942246,32.26451331581525,3.83,74.0,-0.38,1.35
RTX,1973-10-29,0.1437187705332752,0.14426516928254166,0.14207937554202338,0.14317215979099274,432208,34.176784488571556,33.400421864442514,38.60768494073825,34.40495026260078,32.126645166925265,3.78,72.0,-0.44,1.38
RTX,1973-10-30,0.14317217709177674,0.14426518671540384,0.13770760595798492,0.13770760595798492,2298330,36.397947081985535,33.9577723700618,39.068669074298846,34.69703705869937,32.33562476782053,3.72,86.0,-0.45,1.22
RTX,1973-10-31,0.13770748454036078,0.1393468782842509,0.13552170571249444,0.13606809079647064,294918,36.501113284470875,33.851130689559575,39.095178948991645,34.657468857844876,32.33925004007895,3.64,86.0,-0.46,1.21
RTX,1973-11-01,0.13606816724111548,0.13606816724111548,0.13115020848888803,0.13224299252033234,371190,37.567901668989194,34.18891795283135,39.35700104166674,34.782045715133286,32.439483568426674,3.55,91.0,-0.43,1.11
RTX,1973-11-02,0.1300571217562773,0.1300571217562773,0.1251389406906556,0.12677833437919617,1972902,38.924627747533094,35.29436729589397,39.840701506757945,35.01577117178633,32.588656613556125,3.45,98.0,-0.39,0.99
RTX,1973-11-05,0.12677839844799674,0.1273250090321617,0.12568561451513585,0.12623201310634613,264410,38.16481415704885,34.332860500021766,39.826907162844826,34.95668847528321,32.58202949480894,3.34,96.0,-0.37,1.0
RTX,1973-11-06,0.12677833437919617,0.1300571217562773,0.12677833437919617,0.12677833437919617,274579,36.82866894803185,33.665153150741766,39.82987991550072,34.951540131611395,32.58712295373548,3.22,96.0,-0.34,1.0
RTX,1973-11-07,0.12677842200270004,0.13005721164593206,0.12677842200270004,0.12896421551704407,300003,37.22277860149495,33.82125219901885,37.78223582483179,34.979287520582616,32.64085491226093,3.15,45.0,-0.35,0.59
RTX,1973-11-08,0.1289642031904909,0.13333598854475046,0.12841780454998833,0.13224299252033234,335597,37.94876490806756,34.16409116295971,37.76372483616611,35.092226329144424,32.7428923472957,3.09,43.0,-0.37,0.59
RTX,1973-11-09,0.13224292483046768,0.1344289290099367,0.1306035310046871,0.13115014135837555,350851,37.78459753576696,34.13542418119819,37.62083423790658,35.09667053304826,32.647702642726124,3.02,37.0,-0.39,0.64
RTX,1973-11-12,0.13115014135837555,0.13388231865624825,0.1306035310046871,0.13115014135837555,508480,37.565017550239006,33.749909420838364,37.55389459399714,35.09295619638691,32.60106577722064,2.94,35.0,-0.39,0.66
RTX,1973-11-13,0.13115020848888803,0.13224299252033234,0.12787141915904662,0.13224299252033234,589837,37.15144815401659,33.741159862705,37.57224176851203,35.11073401691839,32.55553555168923,2.86,35.0,-0.41,0.65
RTX,1973-11-14,0.1306036116222247,0.1306036116222247,0.12240686267614365,0.12240686267614365,788144,42.63211623849252,37.38498026176412,39.402856068279846,36.2471042232442,33.411431144459634,2.79,88.0,-0.39,1.0
RTX,1973-11-15,0.12240695714957688,0.12349972889004728,0.12022116192675882,0.1218603327870369,289834,41.86919460486465,36.5170698261773,38.62985389953863,36.2358635348888,33.41226429920049,2.73,66.0,-0.39,1.14
RTX,1973-11-16,0.12385964114558443,0.12441523373126984,0.12108264783772572,0.12441523373126984,406784,42.288458344479096,36.72746900458273,38.772122888779215,36.189423760634334,33.48926250343557,2.66,68.0,-0.39,1.1
RTX,1973-11-19,0.12441548350640606,0.12441548350640606,0.12330453850985655,0.12385988980531693,142374,39.94263693290304,35.22266516953144,38.753434708213405,36.166727466743495,33.447956006704175,2.59,67.0,-0.39,1.11
RTX,1973-11-20,0.12163813070547067,0.12163813070547067,0.11552853137254715,0.11552853137254715,706787,43.7583843876992,38.011334096775286,40.0039277871549,37.022430144297694,34.12330627056614,2.53,100.0,-0.4,1.17
RTX,1973-11-21,0.11608384402068403,0.12163807663116204,0.11608384402068403,0.1177501380443573,1052554,44.09662221175225,38.20683636676423,39.95480237352957,37.07285593635659,34.18526926151953,2.47,98.0,-0.4,1.21
RTX,1973-11-23,0.11775014629310926,0.1216380851522758,0.11552848810738292,0.1183054968714714,2486467,42.510615960504936,38.20586535812969,39.93509938757517,36.97574204686839,34.19174486551023,2.41,96.0,-0.39,1.21
RTX,1973-11-26,0.11775020807285322,0.11775020807285322,0.10664172277848909,0.11663926392793655,2506806,41.69476001272321,38.20692856925106,39.972162258921074,37.00423547022654,34.21351339486189,2.33,98.0,-0.4,1.18
RTX,1973-11-27,0.11663924041636564,0.11775018433734365,0.10886335345221863,0.11330687999725342,559328,42.04159391685011,38.65805509122901,40.23343218969983,37.141930543901516,34.319068790306,2.24,100.0,-0.41,1.08
RTX,1973-11-28,0.11497318058620744,0.1160838956258539,0.11497318058620744,0.11552853137254715,376275,42.52611384444562,38.431243877330736,39.94274032383588,37.22848295190655,34.38598801406869,2.17,94.0,-0.43,1.15
RTX,1973-11-29,0.11552853077950258,0.11830554056931945,0.1138622360236305,0.11497317999601364,950858,40.727017717420175,38.4411918296331,39.446769201051154,37.206532787233684,34.38648765203951,2.09,82.0,-0.46,1.27
RTX,1973-11-30,0.11441752189707649,0.11441752189707649,0.1099742203950882,0.1099742203950882,203392,40.46686679241901,39.26891738416137,39.743242041981105,37.43207260736266,34.646053707587974,2.03,88.0,-0.46,1.17
RTX,1973-12-03,0.10997429631674085,0.10997429631674085,0.10219840895119163,0.10330911725759506,1489846,42.8223758850069,40.98230867704346,40.73683996023424,38.087450878522624,35.043396879961264,1.97,100.0,-0.36,1.07
RTX,1973-12-04,0.10330916168067675,0.10886340588331223,0.10108751517411929,0.10886340588331223,930518,46.48224059736498,42.11323982709444,41.11571395804388,38.61927272495895,35.4682314415696,1.93,100.0,-0.39,1.1
RTX,1973-12-05,0.10886334767346309,0.11052964226378172,0.09997651726007462,0.09997651726007462,1179674,51.16825441398601,45.35066837839424,43.22121506566267,39.8518445564539,36.41724797213603,1.92,100.0,-0.25,1.21
RTX,1973-12-06,0.1010874533789688,0.1094189189589043,0.1010874533789688,0.10664168745279312,1438998,55.8799084682658,47.409973361938754,44.43463199075602,40.61746288212129,37.032050978740486,1.95,100.0,-0.3,1.12
RTX,1973-12-07,0.10775261790281222,0.11552850338276775,0.10775261790281222,0.11386220902204514,722042,59.75146966558923,49.41321098418259,45.68825160978164,41.246584601048056,37.63679816985237,2.01,100.0,-0.34,1.02
RTX,1973-12-10,0.11386222822461992,0.11552852286635887,0.10553076174940815,0.10775263607501984,457632,61.19618248273737,50.46046521667626,46.47989508484837,41.727551295146334,38.00379165898833,2.09,100.0,-0.39,0.85
RTX,1973-12-11,0.10775264203165615,0.10830799954128979,0.10219840705394745,0.10219840705394745,1169504,62.43521484696336,51.49320452284476,47.09641572312558,42.13345897637568,38.32297791272552,2.19,100.0,-0.39,0.71
RTX,1973-12-12,0.10219840705394745,0.10442005256395052,0.10108746982972827,0.10219840705394745,620346,61.95302271630588,51.43707656538147,47.095993525771654,42.12403492607501,38.26704022618458,2.27,99.0,-0.41,0.71
RTX,1973-12-13,0.1021983512781305,0.10275370175119243,0.09331152494931101,0.0971994698047638,6228880,63.040429897980474,52.311755846860855,47.649986187023465,42.50136101410214,38.55873110875227,2.36,100.0,-0.35,0.59
RTX,1973-12-14,0.097199522852389,0.10219840705394745,0.09220063865083056,0.10219840705394745,1357642,65.2485311065144,53.4238220232836,48.378799341464514,42.953828982395855,38.92175309909632,2.47,100.0,-0.4,0.48
RTX,1973-12-17,0.10219839825060412,0.10442004356923523,0.09942116653176214,0.09997651726007462,325427,64.6034410586978,53.20468795349179,48.272150279292255,42.99525563398864,38.81828037017172,2.56,99.0,-0.43,0.51
RTX,1973-12-18,0.09997654003811483,0.1127513200044632,0.09997654003811483,0.1127513200044632,1296624,74.53150705371921,58.73218912671862,50.53749740912903,45.31607293972399,40.716425910507795,2.76,100.0,-0.46,1.76
RTX,1973-12-19,0.11275130030103372,0.1210827736948836,0.11219594280975859,0.11330687999725342,1169504,74.53733014685938,58.29675641050089,50.5473886179986,45.31751126503887,40.72124090172253,2.95,100.0,-0.49,1.75
RTX,1973-12-20,0.11330689979777113,0.11719484059252541,0.11219596241613865,0.1127513200044632,427123,74.27510797206989,58.27893768536253,50.54966438020474,45.29596843253316,40.72163616424358,3.11,100.0,-0.51,1.75
RTX,1973-12-21,0.11275128567935568,0.11330686530352736,0.10664168745279312,0.10664168745279312,386445,75.16578788544874,59.208644791144195,50.03854746396037,45.74637534023058,41.06830318281653,3.26,97.0,-0.56,1.78
RTX,1973-12-24,0.10664169891221399,0.10997428819569191,0.10664169891221399,0.10775263607501984,167798,75.33590182582047,59.19280103127108,50.04761405138103,45.72974654878243,41.08353911539044,3.4,97.0,-0.61,1.78
RTX,1973-12-26,0.10775256964409406,0.11108493466818396,0.10664163316619567,0.1099742203950882,325427,75.72129072038851,59.32097520570693,50.130369765331174,45.801399028276265,41.138787034874746,3.53,97.0,-0.65,1.74
RTX,1973-12-27,0.10997424116112987,0.11552847345632344,0.10941888391971588,0.10941888391971588,925434,75.60297639542604,59.12152951618268,49.880006966958085,45.746105608962196,41.13918784903163,3.65,94.0,-0.69,1.83
RTX,1973-12-28,0.10941896971378196,0.11052968506750817,0.10664173691942878,0.10830803215503693,493226,72.56959478546223,59.009698752270104,49.78301136335763,45.70049358921142,41.09803994093369,3.76,93.0,-0.72,1.88
RTX,1973-12-31,0.10830804649852092,0.11108505745562124,0.10219845136234797,0.10553081333637238,1316963,72.84682242150491,58.91213489449964,49.87222526452972,45.7143426104178,41.16631090909091,3.87,93.0,-0.76,1.85
RTX,1974-01-02,0.10553081333637238,0.10608639329183103,0.10330916012968248,0.10553081333637238,411869,72.4617680279871,58.86656248647372,49.86346934527599,45.60962543850883,41.16631090909091,3.96,92.0,-0.8,1.85
RTX,1974-01-03,0.10553075040936549,0.10664168745279312,0.10442003557085362,0.10664168745279312,1449168,72.60924841083072,58.103106151623884,49.53126986797234,45.63356379265029,41.076310324656376,4.05,90.0,-0.83,1.95
RTX,1974-01-04,0.10775269036581607,0.10997434360585995,0.10775269036581607,0.10886340588331223,483056,70.3019596661808,58.12750570401168,49.40789180905497,45.55344910330703,41.137392530466364,4.13,89.0,-0.86,1.97
RTX,1974-01-07,0.10886335103288607,0.10941893071675879,0.10664169891221399,0.10775263607501984,340682,70.05286811292746,58.0431855521098,49.43043592805342,45.43958728496949,41.14512124624154,4.2,89.0,-0.88,1.97
RTX,1974-01-08,0.10775268874811052,0.10775268874811052,0.10553081333637238,0.10553081333637238,335597,70.20103533199739,57.55053059303227,49.531209501665565,45.43924281229523,41.186835917359666,4.28,89.0,-0.91,1.93
RTX,1974-01-09,0.10553076954232499,0.10553076954232499,0.10330911725759506,0.10330911725759506,157629,70.32212690988304,57.352343065108734,49.57528697376794,45.46585530598114,41.229474600603396,4.34,90.0,-0.94,1.93
RTX,1974-01-10,0.10330911725759506,0.10664170678716796,0.10219840895119163,0.10330911725759506,727126,69.92951318746717,57.286360745109754,49.45428210218485,45.075600742612636,41.16816407431407,4.41,87.0,-0.97,1.97
RTX,1974-01-11,0.10442003557085362,0.10886333933473262,0.10442003557085362,0.10664168745279312,493226,70.36421150425355,57.72315025547463,49.70382694117912,45.25233757496614,41.291851298925216,4.47,90.0,-0.99,1.87
RTX,1974-01-14,0.10664167275201844,0.10941890387528258,0.1044200211763382,0.1044200211763382,310173,70.56435800703474,57.23946015016301,49.788636626900114,45.27292776266963,41.093855334606644,4.53,91.0,-1.02,1.85
RTX,1974-01-15,0.1044200211763382,0.10553073586173577,0.10330908428605552,0.1044200211763382,452547,69.47435055777295,56.782701820437445,49.434640032050964,45.26286549567529,40.70346497624095,4.58,84.0,-1.03,1.96
RTX,1974-01-16,0.10442006847725882,0.11052966862916946,0.10330913108373609,0.11052966862916946,264410,69.01123735749958,58.17055850278058,50.267200134098225,45.774171396745956,41.1218296079454,4.65,97.0,-1.04,1.73
RTX,1974-01-17,0.11052968506750817,0.11108504274437128,0.10553079936068376,0.10830803215503693,320342,67.62553109378567,58.1934552652141,49.66767938738312,45.788357743847676,40.916431809655215,4.71,87.0,-1.06,1.91
RTX,1974-01-18,0.10830799355395294,0.10997428819569191,0.10553076174940815,0.10775263607501984,350851,62.68302224236334,58.192603992023464,49.65462537536652,45.73425956770788,40.89584521137169,4.76,86.0,-1.08,1.91
RTX,1974-01-21,0.1060863169094443,0.1060863169094443,0.10442002265290043,0.1049753800034523,742381,60.348935705725204,58.24842680753212,49.812412196986116,45.6941244585348,40.96765306406497,4.81,90.0,-1.1,1.86
RTX,1974-01-22,0.1049754284040781,0.10608636582228582,0.10386449098587036,0.10386449098587036,411869,57.053573192338156,58.036400903076746,49.832245646815146,45.65793757493481,40.976429594484095,4.86,90.0,-1.12,1.85
RTX,1974-01-23,0.10386447477753853,0.10497541202238152,0.10330911725759506,0.10330911725759506,828822,54.88742590176283,58.005001425812985,49.7937749979203,45.65840475014331,40.97734413478295,4.91,88.0,-1.14,1.87
RTX,1974-01-24,0.10330908428605552,0.10497537851903699,0.10219837633413932,0.1044200211763382,569498,52.754074904657365,58.09918005848763,49.82055765360357,45.608711881339595,40.996527058842936,4.95,89.0,-1.16,1.85
RTX,1974-01-25,0.10442005450243803,0.10497541202238152,0.10330911725759506,0.10330911725759506,340682,52.85768193006337,57.68736819964586,49.62612236640587,45.61656977665121,40.939087075411756,4.99,81.0,-1.18,1.94
RTX,1974-01-28,0.10219840368860861,0.10219840368860861,0.09997652257985222,0.10164281725883484,1047469,50.92060457806385,57.71683439680508,49.68134243637986,45.56982714537347,40.96307995892307,5.03,83.0,-1.2,1.92
RTX,1974-01-29,0.10164277917920368,0.10164277917920368,0.09997648512448441,0.10108742862939835,732211,48.809876220843776,57.506313531640416,49.58356931712245,45.526939602998226,40.9562374082931,5.06,79.0,-1.22,1.97
RTX,1974-01-30,0.1016428383544456,0.1055307860106866,0.1016428383544456,0.10386449098587036,757635,48.99360598140552,57.3181424483933,49.69854479330099,45.66152199275229,41.060319817379046,5.09,83.0,-1.24,1.92
RTX,1974-01-31,0.10386449098587036,0.10442007079746958,0.10219842489952938,0.10386449098587036,1550864,33.59390762087187,57.32176999743645,49.497333308810845,45.66152199275229,40.91435653614207,5.12,74.0,-1.25,2.01
RTX,1974-02-01,0.10386443051720891,0.1049753672886422,0.09997648512448441,0.10108742862939835,1937309,34.23563847505972,57.50593417327434,49.62751370182514,45.7534980331891,40.99116057651212,5.15,79.0,-1.26,1.96
RTX,1974-02-04,0.10108742862939835,0.10164277917920368,0.09997648512448441,0.10108742862939835,503395,34.25140767039289,57.34745956471803,49.59690009343098,45.71713363801017,40.95707015963181,5.17,77.0,-1.27,1.97
RTX,1974-02-05,0.101087466500972,0.10219840368860861,0.10053210900962599,0.10164281725883484,386445,30.560376857391034,57.06147110953918,49.610156171459934,45.69374384670744,40.94949369574124,5.18,77.0,-1.28,1.96
RTX,1974-02-06,0.10275380237927206,0.10553081333637238,0.10275380237927206,0.10553081333637238,955942,32.44177959677759,57.6969224151557,49.91072547014939,45.89845866337528,41.13625505395511,5.2,93.0,-1.28,1.86
RTX,1974-02-07,0.10553079936068376,0.10886338983190003,0.10553079936068376,0.10830803215503693,569498,32.79475708469749,58.01131902195238,50.09087942096855,46.01912675099608,41.226524754819806,5.21,95.0,-1.27,1.78
RTX,1974-02-08,0.10830803215503693,0.10886338983190003,0.1071970945962919,0.10830803215503693,472886,32.76648495064522,57.96604205484469,50.06507484383575,45.82509186478883,41.136087447469144,5.22,94.0,-1.27,1.8
RTX,1974-02-11,0.10664172342889434,0.10664172342889434,0.10330913337926184,0.10386449098587036,1210182,34.81828023577147,56.471551373661846,50.46235780180572,46.063948965522954,41.279913085017704,5.23,97.0,-1.27,1.69
RTX,1974-02-12,0.10386451788009289,0.10553081333637238,0.10330916012968248,0.10553081333637238,162714,34.36237849230176,56.59923290879243,50.51343873995743,45.851036204159534,41.31807653900197,5.24,97.0,-1.26,1.67
RTX,1974-02-13,0.10442007079746958,0.10442007079746958,0.10219842489952938,0.10386449098587036,437293,34.670615701888856,56.4573914543251,50.368910283808574,45.826122856143435,41.307184136121236,5.24,95.0,-1.24,1.73
RTX,1974-02-14,0.1038644416287543,0.1044200211763382,0.10108743944385665,0.1044200211763382,1291539,34.560754005075054,56.482299464860006,50.19391213379624,45.82181642537009,41.29894233199331,5.24,93.0,-1.21,1.8
RTX,1974-02-15,0.10442006351932694,0.10775265333667587,0.10442006351932694,0.1060863584280014,391530,34.33120013099648,54.85825755358869,49.96804530379895,45.814603446349864,41.27255824379332,5.24,87.0,-1.15,1.88
RTX,1974-02-19,0.10812428257481624,0.10982258709038475,0.10812428257481624,0.1092563346028328,452547,35.30157022292851,55.064915168201445,50.21532598878219,45.58578570917564,41.35370246080331,5.24,93.0,-1.09,1.78
RTX,1974-02-20,0.10925632505828399,0.11038860346092925,0.1086902990937233,0.1086902990937233,1189843,34.76864546532683,55.05657671868227,50.190614463183344,45.559016440281425,41.34800073340663,5.23,91.0,-1.02,1.8
RTX,1974-02-21,0.1086902990937233,0.11038860346092925,0.1086902990937233,0.1086902990937233,228816,34.125809971927914,54.99274410613913,50.140615026417024,45.42325996002439,41.32390762525419,5.22,90.0,-0.94,1.82
RTX,1974-02-22,0.10869035930297022,0.11378527522692719,0.10755808027309667,0.10982263833284378,1352557,34.21323029358261,54.73349735704522,50.13176963994815,45.42637304800109,41.32595524412485,5.2,89.0,-0.84,1.83
RTX,1974-02-25,0.10982270085385511,0.11152100712867026,0.10982270085385511,0.11095475405454636,391530,33.141648174073836,54.62304280929893,50.05398088620977,45.42021168459731,41.33989672901612,5.18,85.0,-0.74,1.86
RTX,1974-02-26,0.11095469345802783,0.11661563579116602,0.11095469345802783,0.1149173304438591,905094,33.83529959703516,55.10389707985982,50.301041535721794,45.614777750613634,41.4990722134607,5.17,94.0,-0.63,1.76
RTX,1974-02-27,0.11491736610510038,0.11604963864971948,0.113785313171366,0.11435133963823318,498310,33.90597460943881,54.332266842953594,50.081386951167886,45.61711829289529,41.50034593457708,5.15,85.0,-0.53,1.82
RTX,1974-02-28,0.11435133963823318,0.11435133963823318,0.11208700729703956,0.11435133963823318,1235606,29.81964076549094,52.71419842300292,50.02917585496789,45.582055118315644,41.50034593457708,5.12,80.0,-0.43,1.84
RTX,1974-03-01,0.1143512660877231,0.11548354476690292,0.11378523998492279,0.11548354476690292,991536,29.210403391065178,51.67841152696039,49.533800667491164,45.591399226474444,41.50812954985643,5.1,57.0,-0.29,2.0
RTX,1974-03-04,0.115483585500144,0.11831394348604544,0.11435130642158796,0.11774791032075882,986451,29.543900977428844,48.58438434097377,49.47630114407264,45.65203540993047,41.47260561082283,5.08,53.0,-0.17,2.0
RTX,1974-03-05,0.11774796550689826,0.12171061129140749,0.11774796550689826,0.12114457786083221,1871206,29.10698678574964,47.16523659337849,49.6102751712425,44.77447027169056,41.56603304380184,5.06,61.0,-0.08,1.94
RTX,1974-03-06,0.12227661241122859,0.1245411712854998,0.12227661241122859,0.12340889871120453,940688,28.991737784925675,45.41850428284517,49.35389274633801,44.72031807704887,41.59987132056556,5.04,47.0,0.04,2.03
RTX,1974-03-07,0.12340883187876442,0.12510713687788003,0.12340883187876442,0.12454110383987427,945773,28.812931978289058,43.88825989674006,49.22553287605692,44.658474142963655,41.588103177791886,5.02,46.0,0.17,2.08
RTX,1974-03-08,0.12454110159509968,0.12680543959140778,0.12397484895652872,0.12680543959140778,1088147,28.98916082905234,42.45248758534645,49.23385976357243,44.6798173359167,41.56075033423428,5.0,46.0,0.27,2.07
RTX,1974-03-11,0.12680537389345925,0.13359835691158858,0.1217104616276225,0.13076800107955933,686448,29.343973018314422,42.808057875273384,49.47209771833458,44.82518641971357,41.681670138353624,4.97,51.0,0.35,1.98
RTX,1974-03-12,0.1307681629182876,0.13246646910872423,0.12793757024679608,0.13020212948322296,1067808,28.688554716551913,41.332010089545406,49.15301906728167,44.745151614854436,41.68298019409373,4.94,43.0,0.42,2.1
RTX,1974-03-13,0.1302020310142042,0.13190033592024905,0.1285037398338318,0.1285037398338318,1479677,29.08970913768851,40.395046785809555,48.940739356690706,44.40056542183113,41.70022952904196,4.91,42.0,0.44,2.19
RTX,1974-03-14,0.12850368731464576,0.13190028201288193,0.1279374212026596,0.1279374212026596,767805,28.723178760909345,40.07504840149203,48.92240477367185,44.403933949927406,41.683971642885155,4.87,41.0,0.38,2.2
RTX,1974-03-15,0.12793741191121039,0.13076800107955933,0.12454103707030557,0.13076800107955933,1433914,28.962409565544622,32.19475859255598,49.04527436075296,44.46509346647013,41.665706300056186,4.83,42.0,0.15,2.15
RTX,1974-03-18,0.1307679729978591,0.13246627672177,0.1290696692739482,0.13133399188518524,1144080,27.052402411495986,32.19305652855841,49.04522236153382,44.308744849557954,41.64867337111332,4.79,41.0,-0.15,2.15
RTX,1974-03-19,0.1313341663028629,0.1313341663028629,0.12737153470516205,0.12737153470516205,2857658,29.276674903821647,32.86917578413173,49.15688066445326,44.37589771541527,41.745379280792385,4.73,43.0,-0.38,2.11
RTX,1974-03-20,0.12737134233828837,0.12850362696852918,0.12454098762985713,0.1251070201396942,386445,30.203382639771004,30.8867858958927,49.01461286731613,44.41718338667487,41.77623841198572,4.68,39.0,-0.47,2.16
RTX,1974-03-21,0.12510713462290304,0.1285037445599125,0.12397484895652872,0.12680543959140778,528819,28.85939633028172,30.9266200352128,49.06456420455014,44.43226765242428,41.78908687408762,4.61,41.0,-0.68,2.13
RTX,1974-03-22,0.12680543959140778,0.12680543959140778,0.12567315392503345,0.12680543959140778,264410,28.28270699138625,30.70995683806664,49.063235020374925,44.43226765242428,41.69127352815524,4.55,40.0,-0.94,2.13
RTX,1974-03-25,0.12680543959140778,0.12680543959140778,0.12567315392503345,0.12680543959140778,249155,28.28270699138625,30.675106022215086,48.68955109190926,44.23291679970428,41.69127352815524,4.48,34.0,-1.04,2.26
RTX,1974-03-26,0.1268053235541117,0.12737134233828837,0.1251070201396942,0.1251070201396942,340682,25.197736817821117,30.74023536328848,48.69892561675305,44.0234769893898,41.69573496221316,4.41,34.0,-1.11,2.25
RTX,1974-03-27,0.12510720463004252,0.12510720463004252,0.12340889871120453,0.12340889871120453,147459,25.661212752500024,30.35594869531141,48.54093024966114,43.91465897466314,41.70489244411201,4.35,32.0,-1.11,2.31
RTX,1974-03-28,0.12284280072417415,0.12284280072417415,0.11774788564871254,0.12001222372055054,1235606,26.73257300886691,30.990612143807382,48.28217298198816,43.93980769511052,41.79206933245433,4.29,30.0,-1.08,2.39
RTX,1974-03-29,0.12001218050781086,0.1217104849214569,0.11774784325129191,0.12057819962501526,203392,26.73213671130221,30.94692411301208,48.285486315895014,43.65070390762719,41.79183071736677,4.22,30.0,-1.04,2.39
RTX,1974-04-01,0.12057826830666028,0.12171055424805446,0.11661563810504094,0.11774791032075882,584752,27.7543960453656,31.144945267516643,48.42023370371497,43.740352321556735,41.834048461652806,4.16,31.0,-0.99,2.34
RTX,1974-04-02,0.11774786878884763,0.11887992099444825,0.1149172921905234,0.11548354476690292,254240,27.392433298775426,31.346188765702777,48.424841389296766,43.770196493446385,41.825781590400275,4.04,31.0,-0.93,2.35
RTX,1974-04-03,0.11548361371913893,0.1171819195151329,0.11435133436390481,0.1171819195151329,259325,27.55052788122187,31.124853266788477,48.30867146343943,43.80360269905733,41.85022714414742,3.92,28.0,-0.9,2.4
RTX,1974-04-04,0.1171819195151329,0.11831397239665259,0.11661566660065863,0.1171819195151329,238986,27.55052788122187,30.75589406597906,48.2956330846733,43.79212367896393,41.83397382077034,3.79,27.0,-0.87,2.41
RTX,1974-04-05,0.11718180107202351,0.11774782007783208,0.11548349699261364,0.11661554872989655,310173,27.52626488326262,30.78603699255234,48.29888141605535,43.74499530275871,41.83496842999044,3.65,27.0,-0.84,2.41
RTX,1974-04-08,0.11548358718313656,0.11548358718313656,0.1137852817773819,0.1137852817773819,183053,28.45357839790913,30.62624681364315,48.41646948607218,43.836203986511784,41.87351411089572,3.5,29.0,-0.82,2.37
RTX,1974-04-09,0.11435136001580568,0.12114457786083221,0.11435136001580568,0.12114457786083221,1123741,32.21309338657716,32.77311462576398,47.935334641886016,44.44162149659229,42.35439754472087,3.4,21.0,-0.81,2.3
RTX,1974-04-10,0.12227643209503593,0.12623905770804755,0.12227643209503593,0.1251070201396942,518650,33.32023034229328,33.328303184463195,48.20275312200548,44.60665674553463,42.444242325154256,3.26,21.0,-0.83,2.18
RTX,1974-04-11,0.1251070201396942,0.12623905770804755,0.12340871672527673,0.1251070201396942,711872,33.32023034229328,31.384781364603047,48.0906934211424,44.46038786914316,42.40617233243691,3.12,20.0,-0.83,2.23
RTX,1974-04-15,0.1251072024255767,0.12623924164335362,0.12114455731318222,0.12284286320209503,340682,33.81034825706196,31.32537505436746,48.173503239929936,43.57868307156754,42.37858043756112,2.98,20.0,-0.83,2.21
RTX,1974-04-16,0.12454116763700417,0.12623924016952515,0.12454116763700417,0.12623924016952515,523734,34.234765890768436,31.707417454668057,47.055408918340596,43.701440543832476,42.399033187399446,2.86,14.0,-0.89,2.35
RTX,1974-04-17,0.12623916431795498,0.12623916431795498,0.12510712579358674,0.12567314505577087,406784,33.37123522120248,31.175209566979706,46.97246240215295,43.704327848997316,42.40049845183672,2.73,13.0,-0.94,2.4
RTX,1974-04-18,0.1256732205672449,0.12623924016952515,0.12284286176791888,0.12623924016952515,696618,32.98494475803041,31.046446681022406,46.9720109074945,42.86796958859006,42.29019191100928,2.6,12.0,-0.99,2.4
RTX,1974-04-19,0.125673243350234,0.125673243350234,0.12114457786083221,0.12114457786083221,274579,35.03560363597925,32.313667616797,47.38302045788255,43.13360090520757,42.39364332617738,2.46,16.0,-1.02,2.27
RTX,1974-04-22,0.12114445207858401,0.1217104849214569,0.1183138760941648,0.12057819962501526,752550,34.5841082356605,32.3039339422732,47.15616360330567,43.10930474654535,42.36002387613361,2.31,15.0,-1.06,2.35
RTX,1974-04-23,0.12057824304156124,0.12057824304156124,0.11774788564871254,0.12001222372055054,406784,33.192054093920476,32.223448652985724,47.06681896558401,42.96011278716947,42.33615581221357,2.15,12.0,-1.08,2.4
RTX,1974-04-24,0.12001216884524371,0.12001216884524371,0.1188798836588355,0.11944613605737686,162714,33.193759927255215,32.02274962272828,47.066566500996466,42.89701441697517,42.02254055851113,1.94,11.0,-1.11,2.4
RTX,1974-04-25,0.11944613605737686,0.12001216884524371,0.11831386459663581,0.11944613605737686,147459,33.0590968829338,31.982711589590547,46.514462508915486,42.850627028334685,42.018800033861886,1.73,7.0,-1.14,2.57
RTX,1974-04-26,0.12114449384164307,0.12454110383987427,0.12114449384164307,0.12454110383987427,249155,35.442913613049996,32.594573375148656,45.84054453760306,43.135724662725025,42.20506873044435,1.56,5.0,-1.18,2.62
RTX,1974-04-29,0.12510716019499507,0.12906979024410248,0.12510716019499507,0.12906979024410248,345766,36.428634058766626,33.26792809165976,45.44815829178288,43.0857263475549,42.35174658542349,1.39,3.0,-1.22,2.75
RTX,1974-04-30,0.1290697638620429,0.13020203580274425,0.12680543959140778,0.12680543959140778,264410,36.73655830683869,32.951372601111174,43.38095773487749,42.96889103808635,42.371255341794786,1.38,1.0,-1.26,2.8
RTX,1974-05-01,0.12680546551063596,0.12906979024410248,0.12680546551063596,0.12906979024410248,544074,36.031933891987165,33.064154545530165,42.29616679824748,43.017588147505485,42.386688994746756,1.47,1.0,-1.29,3.18
RTX,1974-05-02,0.12906979024410248,0.1296358096619281,0.12850377082627687,0.12906979024410248,208477,35.6093879099422,33.07326657664949,41.04856544801556,43.017588147505485,42.34963735194066,1.63,1.0,-1.33,3.68
RTX,1974-05-03,0.12906975475306784,0.12906975475306784,0.12567314505577087,0.12567314505577087,305088,36.28518835721471,32.90799209162096,40.29443489040537,43.10782607425413,42.339171921539034,1.83,1.0,-1.36,3.91
RTX,1974-05-06,0.12680546551063596,0.13076809555974336,0.12680546551063596,0.12906979024410248,264410,37.117968824455915,32.92902179528927,39.52982990227801,43.13020336342543,42.38725083323648,2.05,1.0,-1.38,4.09
RTX,1974-05-07,0.12906968757633347,0.13190026281254844,0.12906968757633347,0.12963570654392242,228816,37.13358090065529,32.92464138037999,39.52935449452376,43.12006781348148,42.39037914232098,2.24,1.0,-1.4,4.09
RTX,1974-05-08,0.12963571599982265,0.13190027243363014,0.12963571599982265,0.13076800107955933,177968,36.95149341573857,31.583801277027778,38.632474248861456,43.114938677004076,42.35065654010874,2.45,1.0,-1.44,4.42
RTX,1974-05-09,0.13076807452319636,0.1335984319448471,0.1296357888075309,0.1335984319448471,244070,37.100828823809856,31.693499523563602,38.003278705335994,42.937151696421964,42.40525804365333,2.67,1.0,-1.42,4.84
RTX,1974-05-10,0.1335983666141637,0.134164619000483,0.1279374212026596,0.1279374212026596,483056,38.44568856766336,32.89967034600936,38.50274072695249,43.25238554735545,42.568544719280354,2.85,2.0,-1.44,4.6
RTX,1974-05-13,0.13020194038487004,0.1335983282220852,0.13020194038487004,0.13133399188518524,294918,39.07051424879893,33.22640733694662,33.78494601823268,42.9317651699675,42.6143048091609,3.19,1.0,-1.47,0.28
RTX,1974-05-14,0.13133410251924174,0.13303240767378174,0.13133410251924174,0.131900355219841,259325,38.24815553862187,33.13229015690599,33.783522546522605,42.91829909035753,42.61731237498299,3.49,1.0,-1.48,0.28
RTX,1974-05-15,0.13133411497756897,0.13133411497756897,0.12906979024410248,0.12906979024410248,122035,38.37358325294242,33.08801467472226,33.9693501689703,42.995071036099645,42.668372661730444,3.76,3.0,-1.51,0.22
RTX,1974-05-16,0.12906975475306784,0.12906975475306784,0.12454109280573061,0.12567314505577087,3610208,39.21059835485449,33.59775551152448,33.02735551091524,43.111122626462304,42.746043563585786,4.03,1.0,-1.51,0.04
RTX,1974-05-17,0.1256732242489046,0.12680551054888053,0.12227661241122859,0.12340889871120453,147459,39.656097549397494,33.8592767975956,33.14612047358964,43.13306146091516,42.74621243040163,4.28,2.0,-1.51,0.03
RTX,1974-05-20,0.12571540474891663,0.12629200324565543,0.12340874509991576,0.12571540474891663,411869,39.89704765717679,33.98509766245465,33.11981205608388,43.183473097596014,42.75992268266392,4.51,2.0,-1.51,0.03
RTX,1974-05-21,0.12571540474891663,0.12629200324565543,0.1245619560756063,0.12571540474891663,274579,39.07525445886431,33.946913451970254,33.10465653508524,43.05975325661329,42.735043905217864,4.72,2.0,-1.51,0.04
RTX,1974-05-22,0.12571548029810314,0.12686891568236183,0.12398543208837509,0.12398543208837509,386445,35.06415450842324,33.391603220400754,33.14226884932079,43.09230881351606,42.75453600868878,4.92,4.0,-1.5,0.03
RTX,1974-05-23,0.1245619560756063,0.12686883944001404,0.1245619560756063,0.12571540474891663,274579,34.02432351833124,33.46453557493145,32.90860350017212,43.06996195058571,42.64093453304855,5.1,1.0,-1.49,0.06
RTX,1974-05-24,0.12571544430410028,0.1268688793581152,0.12456199526786804,0.12456199526786804,706787,34.13282666288836,33.53634695195936,32.95357794052716,43.032798141874885,42.648184161337795,5.28,2.0,-1.46,0.05
RTX,1974-05-28,0.12456199526786804,0.12571544430410028,0.12340878392933038,0.12456199526786804,533904,33.69808180881807,33.491359132867515,32.92420238398,42.9201375998554,42.43141822823881,5.45,2.0,-1.44,0.07
RTX,1974-05-29,0.12456203360122987,0.12456203360122987,0.12225538649881784,0.12283198535442352,488141,32.9592973002355,33.41744972725846,32.872354055075675,42.92440639360051,42.40428113159544,5.61,1.0,-1.41,0.1
RTX,1974-05-30,0.12225545197725296,0.12225545197725296,0.1211020019682794,0.12225545197725296,137290,32.96134019009278,32.929324401560315,32.83487110712729,42.89973566974653,42.3986010270261,5.76,1.0,-1.38,0.11
RTX,1974-05-31,0.12225545197725296,0.12398550115065123,0.12167883883059914,0.12225545197725296,208477,32.92291449344129,32.706108147551646,32.64397173386946,42.89973566974653,42.34971975088797,5.91,1.0,-1.34,0.16
RTX,1974-06-03,0.12225534887531547,0.12456199526786804,0.11994868850054559,0.12456199526786804,472886,31.105502426688147,32.88025497585893,32.551459295902276,42.906565197200806,42.08992840776789,6.05,1.0,-1.3,0.16
RTX,1974-06-04,0.12456199526786804,0.12456199526786804,0.12283194755347565,0.12456199526786804,879670,31.061635138275427,32.66523886485573,32.551459295902276,42.89411931691332,42.06441883770822,6.18,1.5,-1.25,0.16
RTX,1974-06-05,0.12456199526786804,0.12456199526786804,0.12283194755347565,0.12456199526786804,294918,31.01534383398124,32.017500263977524,32.197930560701124,42.8815228331452,41.95269318726723,6.31,1.0,-1.2,0.27
RTX,1974-06-06,0.12456211112233811,0.12456211112233811,0.12283206179883724,0.12340889871120453,371190,31.11993345099536,32.05698545309359,32.04156146713037,42.883186944984644,41.946372523007476,6.44,1.0,-1.13,0.31
RTX,1974-06-07,0.12398539904201439,0.12513883411884308,0.12398539904201439,0.12513883411884308,976282,31.338410329405768,32.09527139298431,32.09923511031983,42.90253259649859,41.952838648860954,6.56,2.0,-1.07,0.28
RTX,1974-06-10,0.12513890340013656,0.12802216410636902,0.12456206669351552,0.12802216410636902,1027130,29.658921643283907,32.43359004971269,31.050137331410937,42.8788363170047,42.00953297721598,6.69,1.0,-1.03,0.13
RTX,1974-06-11,0.12802216410636902,0.1291756138040056,0.12629211539994228,0.12802216410636902,1032214,27.763346909140857,32.111731016871055,30.85438393241633,42.77432378671913,42.00953297721598,6.82,1.0,-0.97,0.19
RTX,1974-06-12,0.12802205504972095,0.12802205504972095,0.12629200781704925,0.1268688440322876,203392,27.402367143239374,32.14550256450215,30.882578553877483,42.60936425352316,41.989078553402805,6.94,2.0,-0.9,0.18
RTX,1974-06-13,0.12686901505363457,0.13090572746035056,0.12686901505363457,0.12917567789554596,3381392,27.42047127441312,31.746286731497484,30.667205834149925,42.66206579392954,42.02097621687192,7.06,1.0,-0.82,0.21
RTX,1974-06-14,0.12917555054285304,0.13090559840202332,0.12917555054285304,0.13090559840202332,233901,27.68907320789508,31.627843833608914,30.65007089007605,42.681431119266904,42.04038828712906,7.17,1.0,-0.73,0.21
RTX,1974-06-17,0.13090572746035056,0.13090572746035056,0.12917567789554596,0.12917567789554596,147459,26.807630510688174,31.64380181286918,30.72652565764348,42.68461140474415,41.2747547653143,7.27,3.0,-0.63,0.19
RTX,1974-06-18,0.1297522336244583,0.13090568350710294,0.1297522336244583,0.1297522336244583,147459,25.7036492175496,31.65510628266483,30.698736103821116,42.66439250621405,41.19463220349123,7.37,3.0,-0.53,0.2
RTX,1974-06-19,0.12975228942324638,0.1303288887724817,0.12686902701463137,0.12859883904457092,203392,25.803798629426772,31.712557347075794,30.68116070358401,42.61200655241951,41.14591731141067,7.46,3.0,-0.42,0.2
RTX,1974-06-20,0.12744557417035207,0.12744557417035207,0.1262921243906021,0.1262921243906021,193222,26.161156786771784,31.811792763608743,30.71069165841791,42.57981540493718,41.16451914165205,7.54,5.0,-0.31,0.2
RTX,1974-06-21,0.12571544679062538,0.12571544679062538,0.12283194998296809,0.12513883411884308,279664,25.357281594041076,31.741658899167934,30.739707605646906,42.43351319194731,41.17515526605717,7.62,7.0,-0.22,0.19
RTX,1974-06-24,0.12513883411884308,0.1262920454801901,0.12398539904201439,0.12513883411884308,111866,22.16006326934017,31.195432164339287,30.47936352708379,42.392711752919226,41.11190646682729,7.7,1.0,-0.07,0.28
RTX,1974-06-25,0.1251387967996159,0.1268688440322876,0.12456196058437757,0.1268688440322876,233901,21.112574805099367,31.299613713324355,30.535875410601633,42.10047425257148,40.84221921041109,7.77,2.0,0.08,0.25
RTX,1974-06-26,0.12686896113828783,0.12744557417035207,0.1262921243906021,0.1262921243906021,167798,21.069718364958362,30.89988626424815,30.19679716965283,41.9801218361665,40.844870989215636,7.85,1.0,0.16,0.33
RTX,1974-06-27,0.12571544029603116,0.12571544029603116,0.12167873233556747,0.12167873233556747,315258,22.776579605694966,31.613236121486953,30.83767047497263,42.14082135566281,41.005546905626545,7.9,11.0,0.2,0.24
RTX,1974-06-28,0.12167875228838758,0.12167875228838758,0.1199487043454603,0.12110191583633423,213562,21.56449275999491,31.502862438904156,30.849821669271787,41.91780906190882,40.8889800357214,7.95,12.0,0.2,0.24
RTX,1974-07-01,0.12110196417563768,0.12110196417563768,0.1176421046064646,0.11994875222444534,483056,21.11615253996221,31.57092712246335,30.361314000534318,41.83217346512439,40.83556311652598,8.01,2.0,0.34,0.34
RTX,1974-07-02,0.11994875222444534,0.12167880085794232,0.11994875222444534,0.11994875222444534,162714,20.299052574449444,31.5522287882222,30.10241168739658,41.774478231167066,40.825360800616394,8.05,1.0,0.51,0.44
RTX,1974-07-03,0.11994880006420279,0.12340889871120453,0.1176421515262503,0.12340889871120453,366106,22.08445046339427,31.625562219177944,30.414763916594328,41.905652362610915,40.91385098920098,8.09,4.0,0.73,0.33
RTX,1974-07-05,0.12283198595839977,0.12283198595839977,0.11879529058933258,0.11879529058933258,289834,24.349219148692182,29.980680682185053,30.283386739501694,41.928082272895814,41.092419494831226,8.12,3.0,0.76,0.31
RTX,1974-07-08,0.11879526913907958,0.12225536502493413,0.11648861545071534,0.12110191583633423,706787,24.689747897311264,29.494280898129784,30.32852805974786,41.83865478673711,40.98152559234869,8.15,4.0,0.87,0.29
RTX,1974-07-09,0.11937215592168421,0.11937215592168421,0.11187535524368286,0.11187535524368286,1972902,33.44469392792956,33.615562035343984,32.81227255571353,42.83320848262029,41.55493339413179,8.14,27.0,0.59,1.71
RTX,1974-07-10,0.11187541642741325,0.11591212196832934,0.11187541642741325,0.11245202273130417,427123,33.525621461976854,33.46973467021996,32.811599291168676,42.827851095802224,41.452367796975985,8.13,27.0,0.24,1.71
RTX,1974-07-11,0.11245190444298206,0.11648860573768616,0.1118752987456235,0.11648860573768616,274579,35.17388917098053,33.80143284285162,33.18208026384601,43.044846212226,41.53504961435001,8.11,39.0,0.01,1.58
RTX,1974-07-12,0.11648858819231177,0.11764203011989594,0.11418193504370583,0.11764203011989594,1896630,35.32099713600587,33.872053850605404,32.89817568011418,42.995720380412585,41.327024119157194,8.1,31.0,-0.01,1.69
RTX,1974-07-15,0.1176420478390004,0.1176420478390004,0.11648860573768616,0.11648860573768616,503395,35.4052527550919,33.898440377508535,32.927863119106775,42.871278515738055,41.33836990169639,8.07,34.0,-0.14,1.68
RTX,1974-07-16,0.11648866688276135,0.11648866688276135,0.11302856946920549,0.11475861817598343,279664,35.0703341956947,32.99543185323411,33.02141234688045,42.898259044370214,41.343028427065406,8.05,36.0,-0.36,1.62
RTX,1974-07-17,0.11475855793901338,0.11648860573768616,0.1130285101403406,0.11648860573768616,971197,35.437823390883544,33.14457481921729,33.06426440704382,42.939972424300485,41.3692236140734,8.02,38.0,-0.53,1.6
RTX,1974-07-18,0.11648865239583504,0.11879530681576946,0.11533520983252307,0.11706525832414627,1103402,35.49372592100776,33.15217043417749,33.0354545583531,42.70982368973669,41.36363078058697,7.98,38.0,-0.65,1.61
RTX,1974-07-19,0.11706525832414627,0.11706525832414627,0.11533520983252307,0.11706525832414627,1138995,35.43137214201662,33.14005188104298,32.56750246698496,42.68960661410949,41.32597861790349,7.95,26.0,-0.65,1.77
RTX,1974-07-22,0.11706519380282265,0.11764203011989594,0.11706519380282265,0.11764203011989594,528819,35.18030791795271,33.15747964209841,32.56561029221311,42.56753719029878,41.327177411202655,7.91,26.0,-0.65,1.78
RTX,1974-07-23,0.1176421413193779,0.12225545197725296,0.1176421413193779,0.12225545197725296,513565,36.4148479144599,32.98509252662038,33.124776747153426,42.529065291328365,41.487413054581026,7.87,44.0,-0.59,1.6
RTX,1974-07-24,0.12283198535442352,0.12513887015460326,0.12283198535442352,0.12283198535442352,452547,36.45760058624576,32.139852469451824,33.098516474974474,42.53016993541632,41.49021343196069,7.82,42.0,-0.51,1.61
RTX,1974-07-25,0.12167877425929635,0.12167877425929635,0.11821867774867002,0.11879529058933258,1403405,37.57004241583397,32.6496263754319,33.39589011685411,42.708314291342475,41.51362727215978,7.78,49.0,-0.49,1.48
RTX,1974-07-26,0.11879531655765693,0.11994875222444534,0.1176421046064646,0.11994875222444534,106781,37.25615020818749,32.49328165543967,33.122054102369326,42.674589106987064,40.810945451121235,7.73,45.0,-0.51,1.59
RTX,1974-07-29,0.11821870624675852,0.11821870624675852,0.10841525789895705,0.11187535524368286,4505133,41.70096340775605,35.39012602463397,34.77790247080763,43.345381693811,41.395182629393176,7.66,54.0,-0.48,1.72
RTX,1974-07-30,0.11187529999737103,0.11302851140499115,0.11072185788315118,0.11302851140499115,401699,41.863602893819845,35.11580829680996,34.78666429050208,43.356563590062876,41.409501430255666,7.6,55.0,-0.54,1.72
RTX,1974-07-31,0.11302856722078236,0.11360540391604576,0.11187535524368286,0.11187535524368286,96611,41.808748306823425,34.65095384958374,34.68321409597707,43.37078868566175,40.79812135648201,7.54,54.0,-0.55,1.75
RTX,1974-08-01,0.11187535307679863,0.11302856503156188,0.1101453044379446,0.11129851639270782,1616966,41.79178501218083,34.62664971418171,34.30573218488661,43.35992404257478,40.79067561568147,7.46,54.0,-0.53,1.88
RTX,1974-08-02,0.11187541642741325,0.11475867865370767,0.11187541642741325,0.11245202273130417,249155,41.81823349219329,34.650598979779836,34.35488537157943,42.417463192791395,40.78470192039691,7.39,55.0,-0.57,1.86
RTX,1974-08-05,0.11245190444298206,0.11648860573768616,0.11072185664430927,0.11648860573768616,620346,43.28614746174526,35.17159126160711,34.792867889366605,42.62479085175387,40.824618105343106,7.32,59.0,-0.62,1.74
RTX,1974-08-06,0.11764207889022917,0.12225538709995891,0.11764207889022917,0.11879529058933258,706787,43.750703313543035,34.39258414461571,34.94120372492951,42.617091864504076,40.82383113180469,7.24,60.0,-0.64,1.69
RTX,1974-08-07,0.11879525344653068,0.12456199526786804,0.11879525344653068,0.12456199526786804,396614,45.82419400721018,35.37532557130582,35.59058556001691,42.98525461868203,41.06604119435089,7.16,61.0,-0.6,1.58
RTX,1974-08-08,0.12456199526786804,0.12802209069665285,0.12340878392933038,0.12456199526786804,1032214,45.809137980361356,35.3593729263834,35.58234584423796,42.17853204650672,41.06369649116693,7.07,61.0,-0.57,1.58
RTX,1974-08-09,0.12456207556101424,0.1262921243906021,0.12283202673142636,0.1262921243906021,427123,44.623017210054456,35.218000494167526,35.32353352853352,42.15043809256368,40.89478147487133,6.98,61.0,-0.56,1.71
RTX,1974-08-12,0.12629204298226043,0.12744549201849267,0.12340878392933038,0.12456199526786804,284749,44.80511836481481,34.90469430228417,35.276306476436275,42.180592723640316,40.79235114742362,6.88,61.0,-0.56,1.74
RTX,1974-08-13,0.12456199526786804,0.1268688793581152,0.12340878392933038,0.12456199526786804,350851,44.69582884942414,34.701780184390515,35.20956066366608,42.145460941851795,40.79235114742362,6.78,61.0,-0.55,1.76
RTX,1974-08-14,0.12456211112233811,0.12456211112233811,0.11994880006420279,0.12340889871120453,518650,44.79973295823725,34.54098617996906,35.23930115222754,42.01662181283298,40.80344051821361,6.68,62.0,-0.53,1.74
RTX,1974-08-15,0.1257593494466885,0.12869752589764843,0.12399634953577206,0.12752234935760498,432208,45.04872157940625,35.20081711046635,35.62798866118306,42.13111675044167,40.91115225428301,6.58,67.0,-0.54,1.61
RTX,1974-08-16,0.1275224093068609,0.12928541004657745,0.1263470042376675,0.12928541004657745,498310,43.61185170290662,35.18305019832347,35.62664203208683,42.155009598358326,40.865879281461595,6.47,67.0,-0.57,1.63
RTX,1974-08-19,0.12928536588923592,0.13104812380165015,0.12517154216766357,0.12517154216766357,483056,44.478108893422004,35.71475724302266,35.93528795910513,41.996585674887996,40.986755685557306,6.36,69.0,-0.57,1.5
RTX,1974-08-20,0.12517152840707854,0.12693452835083008,0.1245839472503816,0.12693452835083008,716957,37.50400959859862,35.777512388137986,35.71760393533536,41.345271170360796,40.998525655128596,6.25,69.0,-0.56,1.62
RTX,1974-08-21,0.1269345428270185,0.13046054311664257,0.12575936613106545,0.12810996174812317,640685,37.53140738468463,35.823891943279314,35.73810921249702,40.90554242015349,40.82596064655324,6.14,70.0,-0.57,1.61
RTX,1974-08-22,0.12811006693828128,0.12987306853067992,0.12752247098356523,0.12869764864444733,894925,36.37029593880365,35.70579069264879,35.52895344231622,39.60490304328574,40.8256850475013,6.02,65.0,-0.54,1.73
RTX,1974-08-23,0.12869752829458161,0.13046052823833315,0.12693452835083008,0.12693452835083008,1093232,36.64603983167982,35.81383007389884,35.4582819957989,38.925590577446194,40.52451345076611,5.9,65.0,-0.45,1.77
RTX,1974-08-26,0.12693460411402124,0.1328111886095175,0.12693460411402124,0.13104818761348724,1164419,37.40927611938128,36.381968394587986,35.73301295565937,38.33958688350139,40.636442904637086,5.77,72.0,-0.41,1.68
RTX,1974-08-27,0.13104816856106064,0.1333990071965337,0.12928541004657745,0.12928541004657745,1245776,37.349195487578164,36.31814346981713,35.80839347226644,37.7972892912952,40.657308185600755,5.63,74.0,-0.35,1.63
RTX,1974-08-28,0.12928544152466737,0.1304606189032997,0.12869761773433214,0.12987303733825684,452547,37.20457669947704,36.3267254858932,35.80049208701178,37.250495897961834,40.656261879379976,5.49,74.0,-0.29,1.64
RTX,1974-08-29,0.12987300687823652,0.12987300687823652,0.12575940969150248,0.12634700536727905,1245776,38.27923100277943,36.78434449573737,35.85741926836001,37.406392035847134,40.72642815319663,5.34,76.0,-0.17,1.62
RTX,1974-08-30,0.12634696108393645,0.12693454230522844,0.12458396094637159,0.12517154216766357,589837,38.428763141513436,36.78486262361952,34.50390228841743,36.92662767084116,40.7356041946312,5.2,56.0,-0.14,1.63
RTX,1974-09-03,0.12575940787792206,0.1275224086079765,0.12575940787792206,0.12575940787792206,894925,38.42742919125725,36.686683623716156,34.131744072757854,36.470724839101464,40.643711673035185,5.04,54.0,-0.14,1.75
RTX,1974-09-04,0.12575946939116658,0.12869764864444733,0.12105806056868675,0.12869764864444733,1469507,37.41252221843125,36.69507966442145,34.32719349927007,36.458185936333074,40.70805205717514,4.88,56.0,-0.16,1.68
RTX,1974-09-05,0.12869761773433214,0.1310482004683426,0.12693461656536456,0.12987303733825684,661024,37.4645844912385,36.74142452060242,34.22550366792676,33.618713156344995,40.678113894281886,4.7,55.0,-0.18,1.77
RTX,1974-09-06,0.12987303725475055,0.13163603842258453,0.12869761765158164,0.13163603842258453,798314,36.06728115764501,36.78828177866645,34.02090306262078,33.64880408329858,40.661474912064065,4.55,54.0,-0.22,1.84
RTX,1974-09-09,0.13163594702538775,0.1322235281820847,0.12693452835083008,0.12693452835083008,559328,37.80091532661311,37.373198843896944,34.51083793015627,33.929102229832125,40.741933984659475,4.38,61.0,-0.22,1.61
RTX,1974-09-10,0.12693461517672663,0.1281100347677925,0.12223343551158905,0.12223343551158905,152544,33.42663282569295,38.038160666723456,35.02138320195086,33.5735398660844,40.895984761158516,4.21,67.0,-0.24,1.38
RTX,1974-09-11,0.12223343447703496,0.12399643561179406,0.11811985065387505,0.12164585292339325,355936,33.425939254450256,37.96197175326112,34.411529616652615,33.56044433777236,40.877643819880866,4.01,60.0,-0.23,1.62
RTX,1974-09-12,0.12164577043621386,0.12223335159142074,0.11753194717732221,0.11870735883712769,254240,34.14049074613525,38.24573894367114,34.62306469641926,33.60880283175495,40.950355702861785,3.81,63.0,-0.26,1.5
RTX,1974-09-13,0.11811974871144715,0.11811974871144715,0.11518133765581906,0.1175319254398346,747466,34.25539386030368,38.25481324677932,34.65061459485053,33.62501342874024,40.92332260999941,3.59,64.0,-0.31,1.48
RTX,1974-09-16,0.1175320440334987,0.12105804681777954,0.11518145387766107,0.12105804681777954,386445,35.11373278509071,38.61668831792803,34.9628887395413,33.77733914355655,41.02281531501729,3.35,70.0,-0.28,1.4
RTX,1974-09-17,0.12105796052464149,0.12399636532638258,0.11811978369951248,0.11811978369951248,401699,34.533326703773405,38.88886490823178,35.18217272020404,33.76216684841503,41.08583850150976,3.12,72.0,-0.3,1.27
RTX,1974-09-18,0.11811978705399236,0.11929496377706528,0.117531963591568,0.11929496377706528,116950,34.17844064783041,38.952198322817225,34.57496647862426,33.7798978592367,41.089444135748806,2.88,63.0,-0.36,1.4
RTX,1974-09-19,0.11929496053367698,0.12517154216766357,0.11929496053367698,0.12517154216766357,493226,34.26113435007602,40.11835216587378,34.95775629502611,34.22365196464412,41.362612354959936,2.64,71.0,-0.34,1.39
RTX,1974-09-20,0.1251715412073754,0.12634696011463073,0.12223336440122932,0.12340854108333588,305088,34.5127224282968,40.21117896052825,34.917675804945254,34.188930772887424,41.30558998875087,2.47,70.0,-0.34,1.41
RTX,1974-09-23,0.12340861287736522,0.12575943781095048,0.11988285280329349,0.12223343551158905,462717,34.34688001091998,39.52296462915029,34.82863742397545,34.18592451084757,41.23800403774751,2.32,70.0,-0.33,1.42
RTX,1974-09-24,0.12223336533897645,0.1257593656141062,0.1198827839801196,0.12517154216766357,198307,34.86001633992747,39.80495722586043,35.04153864926309,34.19756886495116,41.177168989582356,2.2,76.0,-0.3,1.36
RTX,1974-09-25,0.12517152840707854,0.12869752829458161,0.12223335190139642,0.12693452835083008,1088147,35.089271786769096,39.84189221834823,34.85683359269176,34.12939087226308,41.19986567608974,2.1,71.0,-0.31,1.48
RTX,1974-09-26,0.12575940787792206,0.12575940787792206,0.12399640714786761,0.12575940787792206,305088,35.08928369048657,39.896856583143695,34.62586329243446,34.151515592058004,41.2012949307357,2.02,65.0,-0.29,1.53
RTX,1974-09-27,0.12575940969150248,0.1281100061227578,0.12575940969150248,0.12634700536727905,386445,33.77140894526595,39.48851434209351,34.62686938295654,33.95904961693465,41.186331157355006,1.93,66.0,-0.26,1.53
RTX,1974-09-30,0.12458404960206039,0.12458404960206039,0.11929504542563912,0.12105804681777954,340682,35.647558070915146,39.69357701477387,35.24618592540211,34.25287282186919,41.3853858620932,1.87,83.0,-0.25,1.3
RTX,1974-10-01,0.12105795974251216,0.12399636452526884,0.12105795974251216,0.12340854108333588,406784,34.985066318165686,39.693566049473205,35.212889119490995,34.32188438619007,41.385913022874256,1.82,82.0,-0.24,1.31
RTX,1974-10-02,0.12340860709866716,0.12634702770182005,0.12340860709866716,0.12458402663469315,900010,34.84733726377651,36.099794124791295,34.58235693041431,33.686792094955436,41.337050957795626,1.76,64.0,-0.22,1.54
RTX,1974-10-03,0.1245839617816099,0.12575936645722469,0.11988278478384018,0.11988278478384018,1093232,36.38377948314957,37.02148210412946,34.84519355897768,33.91372235177658,41.39535333703674,1.76,73.0,-0.22,1.4
RTX,1974-10-04,0.11988272682622746,0.12164572612328532,0.11870731559459909,0.1204703077673912,203392,36.3889501144576,36.340043737505766,34.84754907108094,33.9107323799333,41.36912928175859,1.77,73.0,-0.22,1.4
RTX,1974-10-07,0.12223333996675356,0.12399633973836899,0.12223333996675356,0.12399633973836899,172883,37.29601504739976,36.753685505911044,35.003416685113876,33.92432235509294,41.236025825447456,1.77,78.0,-0.18,1.4
RTX,1974-10-08,0.12399643083768103,0.12517160814826409,0.12223342977080104,0.12282102555036545,172883,36.05405531616234,36.74964384936889,34.781018587672015,33.91922799399143,41.15616866780329,1.78,67.0,-0.18,1.52
RTX,1974-10-09,0.1228210038563216,0.12634700536727905,0.11870741379385918,0.12634700536727905,813568,36.93531093338035,37.02158468537326,34.95268556045363,34.064880895666064,41.20792415654124,1.78,75.0,-0.19,1.51
RTX,1974-10-10,0.12928542806567936,0.13574960827827454,0.12928542806567936,0.13574960827827454,1754256,42.497183330952666,39.636125118286294,36.6435920970153,35.05889688055393,41.675757508652566,1.81,100.0,-0.07,1.7
RTX,1974-10-11,0.13574951908443,0.13574951908443,0.13163593831250478,0.13457410037517548,5944131,41.72401630154406,39.699493353440914,36.67422743789929,35.0499389670459,41.61800116236789,1.83,100.0,-0.07,1.68
RTX,1974-10-14,0.1345741451452519,0.1398631463859746,0.13222356341839595,0.13751256465911865,1342387,41.94951300943735,39.89184632123093,36.7483170832883,35.066598885659616,41.63012042749042,1.86,100.0,0.07,1.67
RTX,1974-10-15,0.13751261009020274,0.139275611086233,0.13104818761348724,0.13104818761348724,1911885,44.497341662279794,41.22511893750971,37.50808441170772,35.549378037174264,41.89924663610148,1.9,100.0,0.0,1.45
RTX,1974-10-16,0.13104818761348724,0.13398660809814225,0.12928542884272556,0.13104818761348724,345766,44.01852180213153,40.51133546127724,37.47635700782469,35.418372272354354,41.754221266598755,1.94,99.0,-0.06,1.47
RTX,1974-10-17,0.13104812710922675,0.13339896500110626,0.12752236897025962,0.13339896500110626,472886,44.23557942604403,40.64861267006613,37.57637108754484,35.47167860120003,41.68537095404106,1.97,100.0,-0.13,1.44
RTX,1974-10-18,0.1333990256905066,0.13574960817807966,0.1304606052256812,0.13398660719394684,483056,44.08898051288243,39.99977633181624,37.5069174950846,35.31092217159013,41.68100647890234,2.01,98.0,-0.19,1.48
RTX,1974-10-21,0.13516196928267515,0.13633714616298676,0.13516196928267515,0.13633714616298676,569498,42.91031412640517,40.09420868265607,37.587258911347355,35.35999146369462,41.71224567343495,2.04,100.0,-0.2,1.47
RTX,1974-10-22,0.13633718978214848,0.13810019076758254,0.13516201252585547,0.13574960827827454,2293245,41.25634648086448,37.22914713518383,37.596698617629805,35.364104856228465,41.70851440937445,2.07,100.0,-0.24,1.46
RTX,1974-10-23,0.1357495766019022,0.13633715796866747,0.1345741573946193,0.13516198098659515,325427,41.24816601372365,37.2315558024362,37.49921080911725,35.11132761287534,41.654231380756514,2.09,95.0,-0.3,1.48
RTX,1974-10-24,0.13339902659073677,0.13339902659073677,0.13046060610608176,0.13104818761348724,361021,41.66880992191299,37.781705164903414,37.83584113700877,35.195233022928946,41.66026448715442,2.13,100.0,-0.35,1.34
RTX,1974-10-25,0.13104821646437823,0.13281121784854164,0.13046063482761383,0.13046063482761383,335597,41.547873600743586,37.775994646548654,37.844099151326674,35.201151702928854,41.660212178308086,2.15,100.0,-0.39,1.33
RTX,1974-10-28,0.13046060619281646,0.13281118869781494,0.1286976051956141,0.13281118869781494,152544,41.04488875418477,37.872910347525874,37.911257210514385,34.88387935409234,41.69864865967963,2.18,100.0,-0.45,1.32
RTX,1974-10-29,0.13281115682057115,0.1357495766019022,0.13281115682057115,0.13516198098659515,305088,40.38844077792753,37.3946243257147,37.94769983916574,34.893979409552614,41.55568175707555,2.2,100.0,-0.5,1.31
RTX,1974-10-30,0.13457410037517548,0.13457410037517548,0.13281110054811557,0.13457410037517548,249155,40.43395281328024,37.24797796916841,37.79126859942326,34.84010953038544,41.54075359976916,2.21,96.0,-0.54,1.35
RTX,1974-10-31,0.13457410037517548,0.13574951908443,0.1333989381395647,0.13457410037517548,310173,38.22107842270689,36.03135285821232,37.79126859942326,34.837430238206096,41.4422951705315,2.21,95.5,-0.58,1.35
RTX,1974-11-01,0.13457412747335065,0.13457412747335065,0.1328111272912887,0.13339896500110626,193222,38.048576774493,36.08953533948872,37.78950027029617,34.81565349781166,41.234268851509704,2.21,94.0,-0.62,1.35
RTX,1974-11-04,0.13339903959041852,0.13398662115508359,0.13163603842258453,0.13163603842258453,340682,38.16756760991572,36.111055707076034,37.74701113878495,34.69590369162705,41.253942912322636,2.2,93.0,-0.64,1.35
RTX,1974-11-05,0.13163606911145226,0.13398665239195265,0.12693464607655294,0.13222365081310272,838992,37.638650611981575,35.99187107264831,37.694855295704286,34.69029639945288,41.254081966391404,2.19,92.0,-0.65,1.37
RTX,1974-11-06,0.1322236199872496,0.13692502767753992,0.1310482003840807,0.13163603842258453,961027,37.50018193109904,36.00870028436558,37.640898638554646,34.696267034428345,41.22157435506061,2.18,91.0,-0.67,1.4
RTX,1974-11-07,0.13163603907426913,0.1398632069156651,0.1292854420815865,0.13927562534809113,798314,40.60720053637225,37.69114592006684,38.6801799706929,35.292743053258036,41.53013309991987,2.18,100.0,-0.63,1.25
RTX,1974-11-08,0.13927562534809113,0.14045080273178576,0.13751262417152912,0.13927562534809113,366106,40.61711838154697,37.14276147110574,38.649510665700205,35.27704451018455,41.52136306097026,2.18,99.0,-0.61,1.27
RTX,1974-11-11,0.1392755676575467,0.14632732721753064,0.13633714808914502,0.14456456899642944,676278,39.34263056463473,37.78248441836195,38.958657450019565,35.307416254996596,41.68616814992293,2.18,100.0,-0.37,1.21
RTX,1974-11-12,0.14456459940477395,0.14809035881379293,0.141038597770511,0.14162617921829224,1184758,39.85789124086309,37.40170481681647,39.07835081379217,35.39418193005266,41.73091919377372,2.18,100.0,-0.38,1.16
RTX,1974-11-13,0.14162611923823062,0.14456453818026288,0.1392755379688123,0.14280153810977936,386445,39.846488612544825,37.34210279255184,39.093708866704894,35.40378302953285,41.00512189752826,2.17,100.0,-0.37,1.16
RTX,1974-11-14,0.14280157046257902,0.1433891517946349,0.1398631508548251,0.14221374690532684,701702,37.81639445033792,37.33150168582257,39.05216467049251,35.39450906695761,41.00470069183296,2.16,98.0,-0.4,1.17
RTX,1974-11-15,0.14221380663602043,0.14338921201900617,0.1392756280194093,0.14045080542564392,137290,38.18156596551661,37.43955971155366,39.1017661877044,35.36400210701234,40.975482689217024,2.14,100.0,-0.47,1.14
RTX,1974-11-18,0.1398532047412692,0.1398532047412692,0.13507176062147552,0.13865777850151062,757635,37.840309618597196,37.4235991971253,38.683724812710864,35.24991006820444,40.99420388218599,2.12,95.0,-0.55,1.27
RTX,1974-11-19,0.1386578223102459,0.1386578223102459,0.1356696470256008,0.13626722991466522,1179674,38.14712123418485,37.07379684034361,38.78600652635599,35.25115224094333,40.42649296829632,2.11,95.0,-0.6,1.23
RTX,1974-11-20,0.1362672040671672,0.1386577960092945,0.13566962129145374,0.13746261596679688,447462,37.45512721771759,36.9905298425509,38.76572320725199,35.249818015076976,40.39252624364501,2.07,94.0,-0.65,1.24
RTX,1974-11-21,0.1374626226647134,0.13865780276544662,0.1350717842578888,0.1350717842578888,132205,31.66128069299981,37.17728669301358,38.88131236141619,35.25284869459613,40.431168135759485,2.03,95.0,-0.68,1.19
RTX,1974-11-22,0.13686479397184154,0.14343924820423126,0.13686479397184154,0.14343924820423126,1311878,36.02878259783014,38.64880028390347,39.76126834023715,35.77619120100601,40.840240942562254,2.01,100.0,-0.69,1.14
RTX,1974-11-25,0.14343924820423126,0.14762284953068627,0.1422438217512639,0.14343924820423126,1123741,35.55504384848189,38.57781135996605,39.251987788397926,35.77159319478104,40.730562447605095,1.97,99.0,-0.69,1.3
RTX,1974-11-26,0.14343924820423126,0.144634428308983,0.13985322968461633,0.14343924820423126,716957,32.31425280155001,38.5772337276179,39.154263529686894,35.73468153778564,40.68836543363887,1.92,98.0,-0.71,1.33
RTX,1974-11-27,0.14343919878624906,0.1452322074283253,0.14104836119508238,0.14224377274513245,549158,32.472682285153866,38.387504977694064,36.9810111430993,35.745568939869,40.69488819167819,1.9,69.0,-0.74,0.94
RTX,1974-11-29,0.1422438217512639,0.14343924820423126,0.14045081249145644,0.14343924820423126,437293,32.20723337335499,38.381824645026,36.990647426667074,35.667908705285825,40.44664167448141,1.88,69.0,-0.75,0.94
RTX,1974-12-02,0.14224381434212227,0.14224381434212227,0.1362672040671672,0.13746261596679688,716957,34.732946074238804,39.35042190964123,37.29418983290151,36.02698390861479,40.180021097417566,1.87,69.0,-0.76,0.92
RTX,1974-12-03,0.13746263946866452,0.13865781971550106,0.12909518947280368,0.13447421789169312,894925,34.977526944174016,38.878768059223404,37.45807751766423,35.93694995759432,39.915191796957544,1.85,69.0,-0.74,0.86
RTX,1974-12-04,0.13507168404917339,0.1374625206822534,0.13507168404917339,0.13686469197273254,1194928,35.34317840467238,38.17406437642019,37.503026261323946,35.92915557411668,39.00486778010849,1.83,71.0,-0.74,0.84
RTX,1974-12-05,0.1368647935116677,0.14104840931512785,0.1350717842578888,0.1350717842578888,630515,35.53599820534681,38.27520537351122,37.48410081321305,35.93203912961261,38.50987949031681,1.81,69.0,-0.72,0.85
RTX,1974-12-06,0.13507180329721336,0.1386578223102459,0.13387663751908455,0.13626722991466522,737296,34.38198214361063,37.908085125716944,37.441103156352575,35.94595093907204,37.968901714258884,1.79,66.0,-0.7,0.87
RTX,1974-12-09,0.13626713202315266,0.14104832787067448,0.13626713202315266,0.14045073091983795,727126,35.333714385588664,38.24663145791399,37.71349852359109,36.11886550085521,37.66653446913193,1.77,78.0,-0.7,0.77
RTX,1974-12-10,0.14104840442551203,0.14523225194107733,0.14104840442551203,0.1428414136171341,605091,35.297774446583894,37.95724833701353,37.78785407062032,36.13122808140387,37.3073822482552,1.74,79.0,-0.69,0.74
RTX,1974-12-11,0.14284132610133224,0.14343915486737663,0.13985313868120736,0.141646146774292,233901,35.132781832001655,37.603021973625985,37.82074158517427,36.1070497329538,37.319848009097626,1.71,82.0,-0.69,0.73
RTX,1974-12-12,0.140450717882469,0.140450717882469,0.1380601274261467,0.13925553858280182,157629,35.507892350036194,37.797112973667076,37.47773831732997,36.00816128713097,37.007069651216796,1.68,65.0,-0.7,0.82
RTX,1974-12-13,0.1386578223102459,0.1386578223102459,0.13626722991466522,0.13626722991466522,793229,36.11974721205901,36.903436583482765,37.650605185529365,36.103469396677276,36.7538985888379,1.66,74.0,-0.69,0.77
RTX,1974-12-16,0.1362672107068368,0.1374626226647134,0.13387661864822703,0.1350717842578888,218646,36.120653300852794,36.82275918303052,37.27824313187794,36.00427144034278,36.69426368762812,1.63,59.0,-0.64,0.87
RTX,1974-12-17,0.13507170626447015,0.14104832787067448,0.13507170626447015,0.14045073091983795,554243,37.55149496247009,37.53937780993216,37.73547795027755,36.20697266421165,34.90398071297381,1.61,76.0,-0.62,0.74
RTX,1974-12-18,0.1428414968038637,0.1488181106434507,0.1428414968038637,0.14702534675598145,1057638,39.62085583217793,38.33802821291782,36.61952433209561,36.55651651822786,35.18915392454744,1.6,52.0,-0.62,0.33
RTX,1974-12-19,0.14702523115086918,0.15180641412734985,0.145829804987137,0.15180641412734985,767805,40.383387645864566,38.740559359373385,36.894916802594636,36.736633057819084,35.319894300677745,1.59,55.0,-0.48,0.25
RTX,1974-12-20,0.15180641412734985,0.1541970201066582,0.15120883146509578,0.15180641412734985,686448,37.30468403692911,38.66141675702571,36.83736448357605,36.72943922546379,34.85528816538957,1.58,54.0,-0.42,0.26
RTX,1974-12-23,0.15120887096536567,0.15120887096536567,0.14702526955825754,0.14822044968605042,483056,38.09952333379205,39.05458307218141,37.063184405216795,36.722896575073754,34.93519301208483,1.57,57.0,-0.52,0.21
RTX,1974-12-24,0.14822024553998378,0.15180624469860676,0.14762264905363046,0.15061083436012268,203392,36.870890397615135,37.97729243003686,37.10324702529035,36.03663580223762,34.91371265207093,1.55,57.0,-0.58,0.19
RTX,1974-12-26,0.15061097550618352,0.1553924039752894,0.15061097550618352,0.15419699251651764,355936,36.808319446033224,38.06284742527879,36.88899028523455,35.946356208099466,34.97885735651757,1.54,52.0,-0.45,0.24
RTX,1974-12-27,0.15419699251651764,0.1559900010216847,0.15300181291479242,0.15419699251651764,269494,36.7803008028927,38.05107082791015,36.79282910596881,35.946356208099466,34.95986253484098,1.53,50.0,-0.37,0.29
RTX,1974-12-30,0.15419699251651764,0.1553924039752894,0.15180638696495527,0.15419699251651764,569498,36.73456700232036,37.039902289216386,36.08656338749948,35.87229149904431,34.85196337271758,1.53,45.0,-0.34,0.43
RTX,1974-12-31,0.15419702545365085,0.1565876170247882,0.15419702545365085,0.15599003434181213,274579,36.53196587446638,37.07046686150041,36.115815602450255,35.75990640993268,34.86612408105923,1.53,45.0,-0.29,0.41
RTX,1975-01-02,0.1559900184220219,0.1565876010440108,0.1530018299818039,0.1530018299818039,361021,36.83171006965506,37.023332112367356,36.22910078596176,35.83612353418438,34.916969884607106,1.52,45.0,-0.36,0.39
RTX,1975-01-03,0.15359941227420182,0.15718542967685334,0.15359941227420182,0.1565876007080078,767805,36.729189697324635,37.1379971172535,36.29610049005902,35.929048240985644,34.93194274335215,1.52,45.0,-0.35,0.35
RTX,1975-01-06,0.1577829012239163,0.16077131913659082,0.1577829012239163,0.16017349064350128,574582,37.083600409595,36.99791269611898,36.43745886243135,35.66165598301099,34.976214805587695,1.51,45.0,-0.24,0.29
RTX,1975-01-07,0.1601736228564869,0.1601736228564869,0.15599002270917176,0.15778303146362305,284749,36.957397088773384,34.38593175063367,36.49613615684809,35.70814240100872,34.943708591910976,1.51,45.0,-0.26,0.28
RTX,1975-01-08,0.15658749937846672,0.15658749937846672,0.149415715562245,0.1500132977962494,396614,36.573899469865935,35.99696609630742,37.12361207984022,36.22734709438836,35.25650177148089,1.5,57.0,-0.35,0.33
RTX,1975-01-09,0.15001341050328368,0.1565876170247882,0.1494158278203076,0.15599003434181213,259325,38.15388618616035,36.58042062971446,37.549390422922414,36.495413615343445,35.45593039112516,1.5,68.0,-0.43,0.23
RTX,1975-01-10,0.15778295043527127,0.16196654843412836,0.15778295043527127,0.1613689661026001,1972902,39.18911387580833,35.618397274863135,37.48526486167752,36.69591135242627,35.47493298898491,1.5,63.0,-0.4,0.21
RTX,1975-01-13,0.16136897988853777,0.16674800384906724,0.16136897988853777,0.16196656227111816,1866122,39.01580307036189,35.611076587128935,37.44084963022129,36.38540189822177,35.40221465743166,1.5,57.0,-0.39,0.23
RTX,1975-01-14,0.16196662681198506,0.16196662681198506,0.1565876007080078,0.1565876007080078,900010,40.51945465473833,36.29083408596028,37.86230778597412,36.39333660854055,35.57956131133162,1.5,84.0,-0.47,0.16
RTX,1975-01-15,0.1565875383105887,0.16196656227111816,0.1559899559280083,0.16196656227111816,1210182,39.08824176940398,36.845662650804236,38.19498137689108,36.52889905625566,35.293335803556054,1.51,86.0,-0.5,0.07
RTX,1975-01-16,0.1613689661026001,0.1613689661026001,0.15897836144634744,0.1613689661026001,371190,38.32435213020064,36.7511317357058,38.120241608870145,36.48185691460702,35.22926143143646,1.51,85.0,-0.54,0.09
RTX,1975-01-17,0.1613689661026001,0.16435713859932102,0.1613689661026001,0.1613689661026001,757635,38.20324722943177,36.72600317611119,37.82721978215626,36.48185691460702,35.22316155109762,1.51,79.0,-0.6,0.18
RTX,1975-01-20,0.16256451856756624,0.16734571754932404,0.16256451856756624,0.16734571754932404,406784,38.793276278234565,37.326797290778785,38.13102801999826,36.56529389705845,35.283686609367265,1.51,85.0,-0.55,0.09
RTX,1975-01-21,0.16734558857349688,0.1709316045973662,0.16734558857349688,0.16854101419448853,1271200,38.79004736733768,36.6340777405833,38.13660058033817,36.449513223727216,35.26525810289794,1.51,85.0,-0.51,0.09
RTX,1975-01-22,0.1685409763397722,0.1733221560716629,0.16615012563477982,0.1733221560716629,2094938,38.67791387280544,36.908450458919866,38.037944943012334,36.58257828353616,35.35358206969783,1.51,82.0,-0.36,0.09
RTX,1975-01-23,0.17332229317751294,0.1792989174807408,0.1721268813704496,0.17511530220508575,2613587,38.57887179431782,36.82604561117132,38.00130416063446,36.587416005063574,35.352615441039255,1.5,81.0,-0.22,0.09
RTX,1975-01-24,0.17451772854124756,0.17451772854124756,0.17152929306030273,0.17152929306030273,1276285,39.15938334901707,37.08512125183233,38.191766737763835,36.60594177752661,35.40289094889461,1.48,85.0,-0.25,0.05
RTX,1975-01-27,0.17212680735466554,0.17690823516082563,0.17212680735466554,0.17571282386779785,1845782,38.83611805516361,37.27017377510159,38.20544208068759,36.31512078058381,35.4237831780363,1.46,86.0,-0.22,0.05
RTX,1975-01-28,0.17571282386779785,0.17631065268835064,0.17212680735466554,0.17571282386779785,1916970,37.90470397423032,37.27017377510159,38.19649234193328,36.19902273172588,35.41613809963753,1.44,85.0,-0.24,0.05
RTX,1975-01-29,0.17511529504002074,0.17511529504002074,0.16973626817739204,0.1721268743276596,605091,38.52207242020821,37.52784108089786,38.342123427209565,36.29297707894036,35.40068777301284,1.41,86.0,-0.33,0.03
RTX,1975-01-30,0.17212691653108184,0.17212691653108184,0.16734571754932404,0.16734571754932404,1571203,38.75191767451507,37.94616015206313,38.15116888074638,36.35922195025297,35.52855257282351,1.39,81.0,-0.42,0.04
RTX,1975-01-31,0.16734551556326638,0.16734551556326638,0.16136891174401807,0.16256432235240936,905094,38.11223385958363,38.54331037253195,37.93939607975311,36.385492714998065,35.544508910075955,1.38,74.0,-0.49,0.05
RTX,1975-02-03,0.1625644668814879,0.17332227347589654,0.1625644668814879,0.17093168199062347,1240691,39.63466382447998,39.675381606525036,38.65453001913314,36.76405653081308,35.87063837211637,1.36,87.0,-0.55,-0.05
RTX,1975-02-04,0.17093171029982054,0.17212689031185532,0.16674810929791128,0.17152929306030273,793229,39.61730276901847,38.162976957863044,38.395638974117965,36.71087123077415,35.869299972469236,1.34,85.0,-0.61,0.0
RTX,1975-02-05,0.17152928262723585,0.17391988885409615,0.17093169990310092,0.17272470891475677,1083062,38.723070630689385,38.162533658391915,38.33657799077906,36.71547026358801,35.69568645993156,1.32,83.0,-0.67,0.01
RTX,1975-02-06,0.17272470338082221,0.17391988328186916,0.1721268743276596,0.1721268743276596,1266115,38.657922195912064,37.53480946529911,38.13072883310915,36.67379436370786,35.61810658138075,1.3,75.0,-0.72,0.08
RTX,1975-02-07,0.17093168199062347,0.17093168199062347,0.16674808168158967,0.17093168199062347,523734,38.35928552223982,37.2749575976801,37.9023436204422,36.66036518145427,35.628531179205204,1.29,68.0,-0.79,0.13
RTX,1975-02-10,0.1709316045973662,0.17152918698830924,0.16674800618255384,0.16854101419448853,381360,38.68469814102829,37.424685771642295,37.99353555574807,36.68530112387651,35.39382199957144,1.26,71.0,-0.85,0.11
RTX,1975-02-11,0.16854113033303944,0.17093172238322954,0.1673457038883017,0.16973629593849182,289834,38.69185249260998,37.40700193761712,37.319037766425325,36.69027442204034,35.36974694009998,1.24,36.0,-0.91,0.23
RTX,1975-02-12,0.16973626817739204,0.17272470338082221,0.16854110276741413,0.1721268743276596,488141,38.74372664954324,37.33402535579174,37.25584585033489,36.670982620220634,35.34503686007159,1.21,33.0,-0.96,0.23
RTX,1975-02-13,0.1733222186476933,0.17690823516082563,0.1733222186476933,0.17571282386779785,1383066,38.44601412712102,37.342328679522566,37.298050414170206,36.729387934634886,35.39251106676838,1.18,35.0,-0.99,0.21
RTX,1975-02-14,0.17571289223607872,0.17571289223607872,0.1721268743276596,0.1721268743276596,1601712,38.70347936679032,37.42688150199696,37.35374700272332,36.82621312782319,35.43783831504758,1.16,36.0,-1.04,0.21
RTX,1975-02-18,0.17394516656546152,0.17394516656546152,0.1709149055150028,0.172126904129982,1479677,38.26665220681753,37.421435405954206,37.31677121737277,36.772608253919294,35.33040682749679,1.13,34.0,-1.08,0.23
RTX,1975-02-19,0.17212681360011942,0.17273307710175625,0.1678842916530194,0.16849029064178467,1077978,38.55945389369448,37.52199514827756,37.46702942910096,36.873959650489084,35.39943059688989,1.09,39.0,-1.12,0.2
RTX,1975-02-20,0.1684904145479299,0.16970267792981822,0.16727841567910767,0.1690966784954071,818653,35.17562000277372,35.632325108433676,37.466152603498685,36.87410788101028,35.39948106253648,1.06,38.0,-1.15,0.2
RTX,1975-02-21,0.1690965541434215,0.17091481562258887,0.16727829266425415,0.16849029064178467,1683069,33.617494367470606,35.65173653475699,36.759940209802785,36.85632040430604,35.39291092918201,1.03,18.0,-1.2,0.27
RTX,1975-02-24,0.16849031129456757,0.16970257393356336,0.16606605052947998,0.16606605052947998,625430,32.608960728688274,35.82162757668891,36.7778847245645,36.87733590432375,35.41935155378141,1.01,18.0,-1.23,0.29
RTX,1975-02-25,0.166065959429691,0.166065959429691,0.16242943802051574,0.16545996069908142,1413574,32.62490261913971,35.773867854662235,36.77780576827267,36.795872521757225,35.26311690851358,0.97,17.0,-1.26,0.3
RTX,1975-02-26,0.16546011820856427,0.1727331679504823,0.16424785508057435,0.172126904129982,554243,32.80623100352415,36.551839611998126,36.63133217869753,37.0701724702317,35.4618116280677,0.93,12.0,-1.32,0.25
RTX,1975-02-27,0.1721268940880231,0.17333915714528902,0.17091489554375242,0.1727331578731537,350851,31.498144039348762,35.29488440695741,36.630767324745406,37.04894838941426,35.46193919456891,0.9,11.0,-1.39,0.25
RTX,1975-02-28,0.17273307301915583,0.1745510846376419,0.17091481158296365,0.1745510846376419,335597,31.537401556381123,34.906666437957384,36.423952491725316,37.01292286162184,35.463428137225854,0.87,7.0,-1.43,0.32
RTX,1975-03-03,0.17515733946437262,0.17879386246204376,0.17515733946437262,0.17879386246204376,5694976,32.1268069746647,35.034912461303364,36.50961006864632,37.081956044325096,35.48954299543584,0.83,9.0,-1.46,0.28
RTX,1975-03-04,0.17879390843780937,0.1812181695553493,0.17697564647141878,0.17939990758895874,1662730,30.571792330943264,34.84260700933659,36.29679001517164,37.03924488733447,35.388015859140175,0.79,5.0,-1.48,0.36
RTX,1975-03-05,0.17939986145736414,0.18000587514784422,0.175763338459693,0.17879386246204376,884755,30.580053360754576,34.871220312481384,34.62043624883401,37.04302239107102,35.350385053749136,0.84,1.0,-1.48,0.1
RTX,1975-03-06,0.17879390843780937,0.17939990758895874,0.1751573845050282,0.17939990758895874,406784,29.57702419241152,34.45732763686779,34.571803982483516,37.02154717617952,35.34254975989388,0.89,1.0,-1.49,0.11
RTX,1975-03-07,0.17940000354816102,0.18121826648712158,0.17818775477966398,0.18121826648712158,1098317,29.571501910952865,34.377583565135495,34.46119151486086,36.95787620482976,35.31409985350422,0.94,1.0,-1.48,0.15
RTX,1975-03-10,0.1812180976383535,0.18364237248897552,0.17939983639354587,0.18364237248897552,3218678,29.026355687605975,34.331621019781174,33.51806046043062,36.95777824974129,35.21132560458877,1.02,1.0,-1.46,0.14
RTX,1975-03-11,0.18364246291138617,0.18909723463648784,0.1830364490071809,0.18788498640060425,4494963,28.94640223345003,34.24469591566002,33.65535114744822,37.037955826377576,35.27210265722805,1.1,2.0,-1.41,0.08
RTX,1975-03-12,0.1878848838778617,0.1927336537481051,0.1860666227299395,0.19152140617370605,671194,29.348318755504966,33.90695698050706,33.67097835187226,37.06725615125357,35.28589374440903,1.16,3.0,-1.31,0.07
RTX,1975-03-13,0.19152148801437663,0.19394574907659662,0.1890972122569935,0.18970322608947754,1016960,28.747187468063785,33.920549968918685,33.73536864376497,37.084891996551164,35.2983533372116,1.22,4.0,-1.27,0.06
RTX,1975-03-14,0.18970329942098413,0.19455207323753426,0.18909728535423995,0.19333982467651367,1698323,27.49130184274145,33.320958298184,33.75308866895026,36.838095753152345,35.282804847812734,1.27,5.0,-1.2,0.05
RTX,1975-03-17,0.1939458084356579,0.2024311215198477,0.1939458084356579,0.2012188583612442,1194928,27.38565598065989,33.04025806650127,34.2204464804983,37.0917177707491,35.4900989613785,1.31,6.0,-1.0,-0.05
RTX,1975-03-18,0.2012188583612442,0.2090979076096236,0.20061285903845114,0.2012188583612442,2689859,24.203395953693825,32.58045611631644,34.20067094397032,37.06399391009087,35.34183946176189,1.35,6.0,-0.88,-0.05
RTX,1975-03-19,0.19879449647877862,0.19879449647877862,0.1945519596338272,0.1945519596338272,1474592,26.73074147074842,33.50649796340546,34.275763668821035,37.314342395993044,35.46515193165224,1.38,8.0,-0.88,-0.05
RTX,1975-03-20,0.195158034375035,0.20061282077892462,0.195158034375035,0.19879455864429474,1067808,27.193543510209345,33.175565266930874,34.3619498918088,37.25643245558155,35.50122018031614,1.41,9.0,-0.85,-0.08
RTX,1975-03-21,0.1981883007592238,0.1981883007592238,0.1957640248305859,0.19637027382850647,1703408,27.540343797487736,33.2770571752193,34.39023298618299,36.9830358082726,35.52860425126067,1.44,10.0,-0.85,-0.08
RTX,1975-03-24,0.1945520210567544,0.1945520210567544,0.1866729732873586,0.18788498640060425,2496637,30.792729452976396,34.48708752864627,35.15446080229946,37.345384537466394,35.823633644959465,1.45,14.0,-0.89,-0.08
RTX,1975-03-25,0.18788497743707985,0.19758228688392998,0.18485470232831225,0.19637027382850647,1957648,32.53855894793704,35.480719563180685,35.72508575840271,36.38768520827248,36.04383249784507,1.46,15.0,-0.9,-0.17
RTX,1975-03-26,0.19637026063620291,0.20061279833316803,0.19637026063620291,0.20061279833316803,869501,32.8764221811565,35.64705772811196,35.82852192709325,36.4509840003829,36.063305508099724,1.46,16.0,-0.89,-0.21
RTX,1975-03-27,0.20061282077892462,0.20303708212077545,0.1969762965096649,0.19879455864429474,640685,33.04356767763152,35.72090313814481,35.83159099688915,36.27940504391479,35.95596820979019,1.46,17.0,-0.9,-0.21
RTX,1975-03-31,0.19879455864429474,0.2012188199861456,0.1969762965096649,0.19879455864429474,1474592,32.72472088747786,35.398583337298476,35.730253082411586,36.27181668550324,35.955496454797505,1.47,16.0,-0.91,-0.18
RTX,1975-04-01,0.1981883035367395,0.1981883035367395,0.1939457654953003,0.1939457654953003,1149165,33.012339876431334,35.67060464674523,36.02177030069714,36.38767625609403,35.96238019226147,1.47,19.0,-0.95,-0.24
RTX,1975-04-02,0.1933397929429788,0.1933397929429788,0.18849125504493713,0.18849125504493713,1840698,34.32048869760201,36.04132789470665,36.36378480862128,36.51623114810369,36.028272155437705,1.47,25.0,-0.98,-0.29
RTX,1975-04-03,0.18849112251190084,0.19091538240877795,0.1878848738482307,0.18909712135791779,589837,33.5335072391427,35.85099812023462,35.36354611707909,36.48739293421103,36.0061011254849,1.47,15.0,-1.0,-0.29
RTX,1975-04-04,0.1890972063036416,0.19273373003895103,0.1866729453177447,0.19212748110294342,1205098,33.71459985733148,34.160291436360986,35.418565606698955,36.5199252058496,36.032772458726484,1.47,16.0,-1.02,-0.31
RTX,1975-04-07,0.19212754681148642,0.19758233428001404,0.18909727097581572,0.19758233428001404,472886,34.31332911285269,33.74942582350977,35.2216222474626,36.64025628202046,36.120040671833316,1.47,15.0,-1.04,-0.28
RTX,1975-04-08,0.1975821594208345,0.20546120173145693,0.19637014714729756,0.20182467997074127,1220352,34.08367495697758,33.36699799586385,35.13156669780099,36.703734133724886,36.07103219547385,1.47,14.0,-1.04,-0.27
RTX,1975-04-09,0.20182479827865457,0.20970385990306797,0.20061279998980963,0.20849184691905975,2791555,34.75180922898608,33.88398190655954,35.423942632117054,36.62928669922981,35.687982541563265,1.46,19.0,-1.0,-0.34
RTX,1975-04-10,0.21031012635369573,0.21940118702292513,0.21031012635369573,0.21697692573070526,3050880,34.78285023772796,33.719783903847514,35.86021619191325,36.88849224003102,35.76133146769209,1.44,24.0,-0.86,-0.4
RTX,1975-04-11,0.21697692573070526,0.21758292492551984,0.21152213943848944,0.21697692573070526,1779680,34.83465382467178,33.214070949564636,35.7669128136381,36.633040265415126,35.76133146769209,1.43,22.0,-0.77,-0.38
RTX,1975-04-14,0.21697685995276156,0.22243162989616394,0.21637084624649944,0.22243162989616394,2476298,35.18423370737984,33.41357648967921,35.805837627317096,36.7137148578396,35.773573834390895,1.42,23.0,-0.64,-0.39
RTX,1975-04-15,0.22243169721324008,0.22243169721324008,0.22000718610447145,0.22061344981193542,2216973,35.15547742631073,33.511888572661086,35.69093954901692,35.696765041348435,35.701338596612864,1.41,20.0,-0.58,-0.36
RTX,1975-04-16,0.21818920969963074,0.21818920969963074,0.2133404365026737,0.21818920969963074,2115277,35.53156667590305,33.03451582425935,35.773760737012324,35.73128524702108,35.71972015739223,1.4,24.0,-0.57,-0.38
RTX,1975-04-17,0.22061343483986343,0.22728021906583054,0.22061343483986343,0.2242499440908432,2862742,35.90373149285645,33.365032271630966,35.776372617819334,35.802622365776244,35.80788503536041,1.39,25.0,-0.52,-0.38
RTX,1975-04-18,0.22424984128220574,0.2248558548529149,0.21940107143447696,0.22182533144950867,1576288,36.2831949622754,33.15978209670612,34.756792747059826,35.82921895129388,35.56584036920794,1.37,14.0,-0.52,-0.49
RTX,1975-04-21,0.22182533144950867,0.22243158014272643,0.2163707978487361,0.22182533144950867,803398,36.32821876772325,33.14493352261193,34.756792747059826,35.82373913781807,35.55955251472959,1.35,14.5,-0.53,-0.49
RTX,1975-04-22,0.22182533144950867,0.22424984128220574,0.22182533144950867,0.22182533144950867,1672899,36.32421730300601,32.75716371778388,34.756792747059826,35.6297775536025,35.55320124863393,1.34,15.0,-0.56,-0.49
RTX,1975-04-23,0.221825448315145,0.22243169732775656,0.21697692573070526,0.21697692573070526,833907,36.876618620484756,32.93148985788263,34.95257531523973,35.70727871578951,35.63070549383805,1.35,17.0,-0.6,-0.53
RTX,1975-04-24,0.21697696129351546,0.21879522368893634,0.21212817340139148,0.21818920969963074,1571203,36.62588227415603,32.92587962410566,34.94694754752173,35.32164746678252,35.63134287747752,1.36,17.0,-0.64,-0.52
RTX,1975-04-25,0.21940121707943397,0.22788627971624598,0.21940121707943397,0.22485600411891937,3859363,37.11847516098462,32.97243051053316,34.371243036390425,35.46352744206088,35.520771495637135,1.37,10.0,-0.65,-0.55
RTX,1975-04-28,0.22667427605602716,0.22909853778292552,0.22667427605602716,0.22788628935813904,2023750,36.97901258221863,32.30945942403094,34.12430494708715,35.46185929021681,35.38004484257435,1.39,6.0,-0.66,-0.5
RTX,1975-04-29,0.2278862104509636,0.2297044722448039,0.2260681837797165,0.2260681837797165,2028835,35.68456262165448,31.64197769111689,34.130833412060625,35.42924396967871,35.3384204854812,1.41,7.0,-0.69,-0.5
RTX,1975-04-30,0.22606816557086196,0.2333409770378351,0.2206133953238623,0.23273496329784393,2766131,36.39693726584589,30.64801364368219,34.21608490184666,35.557662286626275,35.40636568536986,1.42,9.0,-0.68,-0.51
RTX,1975-05-01,0.23273512177688033,0.23455338466239808,0.22970461015849622,0.23152287304401398,900010,34.67140119720289,30.7200109518826,34.25339540450732,35.54030627393619,35.41367923420328,1.43,11.0,-0.71,-0.52
RTX,1975-05-02,0.23394727950186808,0.23879580199718475,0.23394727950186808,0.23879580199718475,9427219,35.14417354217935,31.17481014350186,34.266379227413964,35.51941758902086,35.40874121259131,1.44,12.0,-0.68,-0.53
RTX,1975-05-05,0.23879571125507865,0.23940172490363382,0.23455318955559093,0.23515918850898743,1418659,35.29496961231434,31.413241501773193,34.37107407815406,35.56792637159717,35.37063024837004,1.45,15.0,-0.69,-0.55
RTX,1975-05-06,0.23515909907434324,0.2357651124924221,0.22788607104336459,0.22849231958389282,2557654,33.6344869849384,32.0841062646198,34.72303234432163,35.519919926221384,35.50681428380374,1.45,21.0,-0.74,-0.6
RTX,1975-05-07,0.22849231958389282,0.23152259240643044,0.2266740589023599,0.22849231958389282,1505101,31.719844762772652,31.858361905558276,34.5557058117921,35.49946673625249,35.50160964307993,1.45,19.0,-0.8,-0.56
RTX,1975-05-08,0.22849244095823995,0.2339472259004005,0.2230376560160794,0.23273496329784393,2349178,31.598213454662964,31.973087705371388,34.35430704170686,35.5377324129622,35.48651192438876,1.46,14.0,-0.86,-0.52
RTX,1975-05-09,0.23334102318716088,0.24000805735529854,0.23334102318716088,0.23697753250598907,3442410,31.5291372950306,32.03150812654103,34.3371678283871,35.58027577760069,35.2261806962005,1.46,14.0,-0.92,-0.51
RTX,1975-05-12,0.2369775931804657,0.23879585565299993,0.23273506891555792,0.23334108293056488,1774595,32.09226641683173,32.14920478573601,34.075750925956406,35.59217611764184,35.19046874701007,1.47,6.0,-0.98,-0.5
RTX,1975-05-13,0.2333410589618401,0.2351593065524369,0.23152279667607725,0.23455330729484558,605091,30.804943008543944,31.712237036463993,33.44594755903235,35.43090013655489,35.19108527380088,1.49,1.0,-1.03,-0.46
RTX,1975-05-14,0.23515927049899307,0.24000805735529854,0.23515927049899307,0.23697753250598907,1261030,28.988160807710045,31.710825947674508,33.1707659817978,35.38419577381318,35.11754222197368,1.52,1.0,-1.06,-0.41
RTX,1975-05-15,0.2369774150617815,0.24000793840918658,0.2369774150617815,0.23758342862129211,2766131,28.99747165532175,31.226415143033577,33.164515341749464,35.38405122983121,34.99596850699658,1.54,1.0,-1.1,-0.41
RTX,1975-05-16,0.23637164754791587,0.23637164754791587,0.23031085943388202,0.23152287304401398,2105107,30.44761644012382,31.887934604125345,33.20805879070853,35.363904148324686,35.049809172926686,1.57,3.0,-1.15,-0.41
RTX,1975-05-19,0.23397273615591083,0.23519781231880188,0.22662296230929674,0.23519781231880188,1352557,29.888114519121423,31.905543108040106,33.205868482727375,35.36156843671049,35.038193201265045,1.59,3.0,-1.19,-0.41
RTX,1975-05-20,0.2351976190589033,0.2351976190589033,0.23152261634997023,0.23213504254817963,1713578,30.004573201270556,31.869610487170842,33.179514110694164,35.4158297994076,35.07203048497955,1.61,3.0,-1.24,-0.41
RTX,1975-05-21,0.23152274935449715,0.23152274935449715,0.22662290628495335,0.2296852469444275,1083062,29.117493254522834,31.987338924981394,33.255468743140796,35.376534950680146,35.05838840153747,1.63,6.0,-1.28,-0.44
RTX,1975-05-22,0.2296852469444275,0.23029767349446195,0.22784774453435783,0.2296852469444275,935603,26.968739919536,31.206961917009256,33.255468743140796,35.371639549573516,35.04049062754125,1.65,6.5,-1.32,-0.44
RTX,1975-05-23,0.2296853037258242,0.23519781231880188,0.2296853037258242,0.23519781231880188,767805,27.69011305271672,31.444942747381155,33.38170876211504,35.43432637102121,35.085689715448666,1.67,8.0,-1.35,-0.46
RTX,1975-05-27,0.23519768179651712,0.23642277213021587,0.23397260631347822,0.23458527028560638,808483,26.914689014192124,31.464561335112624,33.18763078212092,35.12707285380081,35.08854091565251,1.69,4.0,-1.38,-0.42
RTX,1975-05-28,0.23458527028560638,0.2376475951520373,0.23336017995190764,0.23458527028560638,3091558,26.754848669694297,31.22627640209265,33.05544129547175,34.78683566297702,35.050371700501934,1.71,1.0,-1.41,-0.39
RTX,1975-05-29,0.23458536211303277,0.23519777386366944,0.23091035698524898,0.23152276873588562,584752,26.85050603420737,31.43504537067221,33.03098046147596,34.82917376210375,35.07808622453392,1.73,1.0,-1.44,-0.39
RTX,1975-05-30,0.2315228065901501,0.23519781231880188,0.2315228065901501,0.23519781231880188,1855952,26.093677046461977,31.481075352334443,32.948266934172054,34.69829618203373,35.10200885950995,1.75,1.0,-1.46,-0.36
RTX,1975-06-02,0.2351976367241763,0.24438514418656618,0.2351976367241763,0.24316005408763885,4388182,27.369400416572276,32.02497733074009,32.09484707814502,34.83404434085159,35.199463315359445,1.78,1.0,-1.49,-0.57
RTX,1975-06-03,0.24377252542128164,0.2523476082255558,0.24377252542128164,0.24867260456085205,5608534,27.917226644795196,32.2067034022404,31.74969075548138,34.77056481859451,35.2538328202982,1.81,1.0,-1.48,-0.55
RTX,1975-06-04,0.2498974015395692,0.2584724675806305,0.2498974015395692,0.25357240438461304,9895021,28.256654361721566,32.29798569855516,31.49353276246866,34.65164797011091,35.29256488092008,1.85,1.0,-1.45,-0.52
RTX,1975-06-05,0.2535724511423084,0.26214728115402935,0.2511225081964791,0.2615348696708679,3345798,28.10415941010121,32.526163621607964,31.77067410849828,34.78891419917131,35.38292965128619,1.87,3.0,-1.36,-0.57
RTX,1975-06-06,0.2627599307256211,0.2688848772052889,0.2627599307256211,0.26704737544059753,4586490,28.420684335325696,32.558277835170216,31.262231850020388,34.45469949489898,35.41125715100176,1.9,1.0,-1.25,-0.55
RTX,1975-06-09,0.27072241537961966,0.283584662150446,0.27072241537961966,0.27133482694625854,5252598,27.69600445108273,32.472698888963585,30.976078322622087,34.41257011696143,35.37946155220866,1.93,1.0,-1.12,-0.51
RTX,1975-06-10,0.2701097641088281,0.2701097641088281,0.2609224907212905,0.26643499732017517,2562739,28.49327605164742,32.72972925652925,31.167047551798632,34.477127275365326,35.4417534852011,1.96,2.0,-1.08,-0.55
RTX,1975-06-11,0.2664349804719205,0.2664349804719205,0.2633724175968865,0.2639848291873932,2547485,28.544983885429946,32.05412131950231,31.239304811721635,34.436423662999324,35.442399045537634,1.98,3.0,-1.07,-0.57
RTX,1975-06-12,0.2639847493187862,0.2652098394410605,0.2621472477912903,0.2621472477912903,2369517,27.825739009346577,32.128120624619314,30.88451660312096,34.44145449040458,35.423559713299284,2.01,1.0,-1.08,-0.53
RTX,1975-06-13,0.26214740984930596,0.27133492316645313,0.26214740984930596,0.2701098322868347,1718662,28.668772857155954,31.545675245866917,31.145001791619848,34.540278249937934,35.511867094058054,2.02,3.0,-1.05,-0.58
RTX,1975-06-16,0.2701096780877663,0.2768472731113434,0.268884855219366,0.2768472731113434,1713578,28.23150386781913,31.618665785707968,31.086046927372557,34.624419645935646,35.54100333149293,2.04,3.0,-1.0,-0.57
RTX,1975-06-17,0.2786849085850813,0.2854222395329222,0.2786849085850813,0.28480982780456543,3300035,28.345322316223903,31.738319498717832,31.30052360542149,34.28271685956517,35.63090917656342,2.05,8.0,-0.89,-0.62
RTX,1975-06-18,0.2848098098781824,0.29399705447316266,0.2848098098781824,0.2878721356391907,11267917,26.329215646423208,29.961314347310637,31.043760383250756,34.246830231773444,35.618322678428335,2.06,3.0,-0.8,-0.56
RTX,1975-06-19,0.2866472366889412,0.2866472366889412,0.28235982136667487,0.285422146320343,4123773,26.66088028275305,29.112028400499838,30.96978266600058,34.27785992895257,35.5737562936646,2.06,2.0,-0.77,-0.55
RTX,1975-06-20,0.28542217924194807,0.2921595087666334,0.28542217924194807,0.29032227396965027,3422070,26.614588019599573,29.028884785680887,31.019757722132073,33.92321102648395,35.578462751096716,2.07,4.0,-0.72,-0.56
RTX,1975-06-23,0.2903223180133661,0.2988971509478062,0.28970963900950875,0.29828473925590515,3813600,27.05257802211083,29.162366110447056,30.93981001238627,34.02423596969374,35.6557628888129,2.07,2.0,-0.64,-0.55
RTX,1975-06-24,0.2988970383589396,0.30440954344546156,0.2988970383589396,0.3025720417499542,1972902,26.20237141736258,29.167665583907105,30.49456411766182,33.924180487248776,35.65736985920293,2.08,1.0,-0.55,-0.49
RTX,1975-06-25,0.2970596101153187,0.2970596101153187,0.28419709506634183,0.2890971899032593,6620410,30.553027292414782,30.422352118373315,31.08508702108687,34.40519423250555,35.98400721654095,2.08,8.0,-0.58,-0.3
RTX,1975-06-26,0.2884847797011926,0.2884847797011926,0.27807217836380005,0.27807217836380005,2822064,33.28994480217882,31.002305896123783,31.060098146308768,34.675156658478386,36.00324580789144,2.06,8.0,-0.64,-0.35
RTX,1975-06-27,0.2737848868746589,0.2737848868746589,0.2670475541045286,0.27194738388061523,3828854,34.23407675140677,31.55208498538465,31.35696851603879,33.87812948799881,36.08502242784205,2.05,16.0,-0.69,-0.43
RTX,1975-06-30,0.2719472275438636,0.2854221526497172,0.2719472275438636,0.284197062253952,1983072,34.83935042524507,32.442549022574305,31.974776359541035,34.176604177828715,36.292256618726896,2.02,20.0,-0.74,-0.46
RTX,1975-07-01,0.28419715548100505,0.2903223421572252,0.28358474373817444,0.28358474373817444,2379686,34.82768682175572,32.17764314566626,31.96664074947906,34.121417985857775,36.294939886902064,1.99,20.0,-0.78,-0.45
RTX,1975-07-02,0.28235994937438463,0.28235994937438463,0.27807226479641417,0.27868494391441345,2267821,35.0580147000671,32.37175910322531,32.109092566347854,33.65050074988799,36.267253187139154,1.97,23.0,-0.82,-0.49
RTX,1975-07-03,0.2792972424390518,0.28542215995077047,0.2792972424390518,0.2829722464084625,2781386,34.78793951201771,31.944890517834025,32.00552207212218,33.672205519904686,36.04859556017722,1.94,22.0,-0.86,-0.45
RTX,1975-07-07,0.28297238744049596,0.28297238744049596,0.2792973816394806,0.2792973816394806,1967818,35.218648169476,31.318402723676204,32.1347300818733,33.69589340420352,36.051300274216295,1.92,25.0,-0.89,-0.49
RTX,1975-07-08,0.2762350467698202,0.2762350467698202,0.2682725938412454,0.27072253823280334,4123773,36.461439132370465,32.138616016157805,32.60898093759244,33.95355162561054,35.257834301233046,1.9,26.0,-0.92,-0.56
RTX,1975-07-09,0.2719472739494059,0.2768473690567363,0.2719472739494059,0.27562227845191956,1754256,36.590143725682644,31.975610025517742,32.57805687476423,33.95666506710726,35.28699644230574,1.88,26.0,-0.95,-0.56
RTX,1975-07-10,0.27807217836380005,0.2823598616090386,0.27807217836380005,0.27807217836380005,1728832,36.567091220450436,31.898167445051424,32.33460189710844,33.94748193981932,35.14727076367672,1.85,26.0,-0.97,-0.49
RTX,1975-07-11,0.278072152011949,0.2829722464084625,0.27745974045434646,0.2829722464084625,1433914,36.27385188735682,31.864312450630788,32.387504897636184,33.97026934292535,35.16943576439513,1.83,27.0,-1.0,-0.5
RTX,1975-07-14,0.2829723725244662,0.2848098753281155,0.2799097787477118,0.2817472815513611,1510186,36.30507062277823,31.545293578035537,32.147202162077726,33.729338661775444,35.15276125917633,1.8,26.0,-1.02,-0.44
RTX,1975-07-15,0.28174710961925564,0.2860345244407654,0.2811346981624267,0.2860345244407654,1505101,35.491272965208694,31.478226383423035,32.18498572728923,33.73749468338432,35.122740546302396,1.77,27.0,-1.05,-0.45
RTX,1975-07-16,0.2860347140666548,0.2897097198676702,0.2780722906017985,0.2792973816394806,1693238,36.09218895408607,31.99011030123241,32.485672288086626,33.86312879070415,35.21117057575714,1.74,30.0,-1.07,-0.51
RTX,1975-07-17,0.27929721655541045,0.2823598086833954,0.27745971474099407,0.2823598086833954,1266115,35.85348628402603,32.01226124728988,32.3465737781198,33.83519606824413,35.21872316930107,1.72,29.0,-1.11,-0.46
RTX,1975-07-18,0.28174710626421834,0.28174710626421834,0.27929719315422247,0.281134694814682,1016960,34.96304637441328,31.5976353691785,32.35164083209449,33.835158606788426,35.22573764217204,1.7,30.0,-1.15,-0.46
RTX,1975-07-21,0.2811347852056901,0.2811347852056901,0.27562227845191956,0.27562227845191956,1189843,35.08443128560023,31.98020502516914,32.124739684833706,33.94981558976653,35.30224141660386,1.67,25.0,-1.17,-0.49
RTX,1975-07-22,0.2756223898687025,0.2756223898687025,0.2701098808865716,0.27194738388061523,1601712,35.034379745811464,31.69965067744758,32.2530188745937,33.978868874874394,35.16552911799315,1.65,29.0,-1.19,-0.53
RTX,1975-07-23,0.2719472014439384,0.2719472014439384,0.2603100170032267,0.2615348696708679,1672899,36.46936695510487,32.78035634297537,32.97090654388119,34.29789561173199,35.41758736558388,1.63,38.0,-1.2,-0.58
RTX,1975-07-24,0.2615353038827871,0.2688853231309965,0.2596977990707348,0.2633728086948395,1215267,36.43956392460853,32.72310730003806,32.818836237288366,34.299891134307465,35.23050145711132,1.6,37.0,-1.2,-0.55
RTX,1975-07-25,0.2633723749241124,0.2658222882011053,0.2596973713526887,0.2609224319458008,1642390,36.48487800297262,32.3381716443082,32.88582997933865,34.32140573546995,35.24655491495018,1.57,38.0,-1.2,-0.57
RTX,1975-07-28,0.2572475043260617,0.2572475043260617,0.24622250520734648,0.2498975247144699,2588163,37.3877872123726,33.60584330541197,33.70184834207281,34.194681614547044,34.79392875803384,1.57,56.0,-1.19,-0.58
RTX,1975-07-29,0.2498975247144699,0.2590850066542915,0.24744759586348228,0.2498975247144699,3116982,36.49988273812978,33.032915962625864,33.70603783810865,34.194681614547044,34.78813281637186,1.56,57.0,-1.19,-0.58
RTX,1975-07-30,0.24989754018927152,0.2609225251400406,0.24867268706790738,0.2603101134300232,1723747,37.60494491246655,33.85873615882483,34.21258788174594,34.24697023040586,34.96507810301978,1.56,64.0,-1.19,-0.62
RTX,1975-07-31,0.2603101288470942,0.2639848963381331,0.2603101288470942,0.2627600431442261,1352557,37.56489777395571,33.29087855742698,34.19004556909375,34.13696870276975,34.95973097705324,1.56,62.0,-1.19,-0.61
RTX,1975-08-01,0.26153490696814785,0.26153490696814785,0.2547975480556488,0.2547975480556488,2511891,38.39107161582546,33.973150618657606,34.47941628600189,34.37086904441998,35.11932627852789,1.57,75.0,-1.17,-0.66
RTX,1975-08-04,0.2547975705553071,0.2572474843655356,0.25051015455942555,0.2560224235057831,1342387,37.97659435383489,33.80353317884785,34.38369320513876,34.360249686795974,34.97227351534488,1.57,73.0,-1.14,-0.64
RTX,1975-08-05,0.2560224235057831,0.2596974278770892,0.2547975705553071,0.2560224235057831,706787,36.83448583188868,33.629755888598886,34.32913663325635,34.311468268225894,34.93443545721894,1.57,67.0,-1.12,-0.63
RTX,1975-08-06,0.2560223246120701,0.25908488647450023,0.25540991322405077,0.25785982608795166,838992,36.566069486400025,33.467561949622585,34.240099159640266,34.26022656124334,34.65209310326524,1.57,63.0,-1.1,-0.61
RTX,1975-08-07,0.2578599527283325,0.2584726020277465,0.2560224503500153,0.2566350996494293,737296,34.52060768293572,33.48496684346827,33.740088049978176,34.184589055233246,34.65934564989093,1.57,55.0,-1.06,-0.58
RTX,1975-08-08,0.25663505007904297,0.2584725521024372,0.2547975480556488,0.2547975480556488,920349,32.920320009137136,33.48063738050617,33.77254405990871,34.20227715357933,34.656445025114515,1.57,56.0,-1.02,-0.59
RTX,1975-08-11,0.2572713414390752,0.2585080862045288,0.25356065729738647,0.2585080862045288,1037299,32.764277589023344,33.58977081822296,33.32611765871883,34.135539115950046,34.635900203931776,1.57,51.0,-0.98,-0.53
RTX,1975-08-12,0.2609819099382856,0.26469235251834916,0.2609819099382856,0.2622186541557312,1118656,30.18504891233929,33.203410021860286,33.2415388124299,33.49218506375297,34.65324772320581,1.57,49.0,-0.94,-0.51
RTX,1975-08-13,0.2622187118369894,0.26283730900435176,0.26036337018013,0.26036337018013,533904,30.211555245119058,33.1316371754391,33.19210015493137,33.51271905536658,34.64613508988403,1.56,47.0,-0.9,-0.5
RTX,1975-08-14,0.26036326958428313,0.26160022352363455,0.2591265255726235,0.25974488258361816,803398,29.893570431731852,32.999604677287415,32.33801319123945,33.517209254280274,34.52043683856223,1.56,31.0,-0.89,-0.5
RTX,1975-08-15,0.2597449171722707,0.26469234372278183,0.2597449171722707,0.2634555995464325,777974,29.839770506308167,32.99023676060701,31.71621223905554,33.51291126270461,34.52190731919602,1.55,18.0,-0.85,-0.49
RTX,1975-08-18,0.26345553285296325,0.2696399419316416,0.26345553285296325,0.2646922767162323,767805,29.73057360700162,32.99033537624748,31.579632200353448,33.50809146816194,34.341361633466406,1.54,18.0,-0.8,-0.46
RTX,1975-08-19,0.26221877034621754,0.26221877034621754,0.2585080862045288,0.2585080862045288,1769510,29.157508967690127,33.108557159116266,31.802311081877605,33.21624980311739,34.426229245927324,1.52,22.0,-0.75,-0.51
RTX,1975-08-20,0.2585080244381848,0.2585080244381848,0.24737621459039413,0.2479945868253708,2949184,30.754893420745173,34.25894332265774,32.563499755960365,33.506541910794716,34.704365786935064,1.5,39.0,-0.69,-0.54
RTX,1975-08-21,0.2479947030737358,0.2510870155433717,0.24552098805165648,0.2504684031009674,2639011,30.79407674083146,34.30783581469312,32.29807612812587,33.472921249409616,34.7115136868944,1.48,33.0,-0.67,-0.47
RTX,1975-08-22,0.25046836380030707,0.2597450598360573,0.24985000636733953,0.2578897476196289,864416,31.663146247168683,34.6531795319565,32.18368334668151,33.5536027569749,34.77332279187964,1.44,31.0,-0.72,-0.43
RTX,1975-08-25,0.257889671273363,0.26160032459739996,0.2572712840337736,0.26036337018013,1230522,31.870758084783983,34.56973646993766,32.19977335872676,33.55532366821218,34.65730306555475,1.43,33.0,-0.82,-0.43
RTX,1975-08-26,0.26036326958428313,0.2622186105242995,0.2572711846326071,0.25974488258361816,772890,31.425149069995044,33.94439847843847,32.14694782663024,33.412372339593546,34.62265761738111,1.41,30.0,-0.93,-0.43
RTX,1975-08-27,0.2597448514181563,0.2671662142877702,0.25912649448135505,0.2646922767162323,1174589,31.42731235050851,33.856873631296075,31.998705564473774,33.424486137674094,34.659647409316605,1.4,25.0,-1.01,-0.4
RTX,1975-08-28,0.26654769432952846,0.2708769738674164,0.26654769432952846,0.2708769738674164,940688,32.047793689989604,33.948251658144656,32.027045979092875,33.475296210618936,34.584193017879386,1.39,27.0,-1.08,-0.41
RTX,1975-08-29,0.2708770146612895,0.27396910059965834,0.26964006032722265,0.27149540185928345,1403405,32.052098505534616,33.376397106583575,31.674461906493217,33.38567347854885,34.561966320670976,1.37,19.0,-1.11,-0.36
RTX,1975-09-02,0.2727321183194616,0.27644280141138683,0.2727321183194616,0.2733507454395294,1271200,31.63256793367469,33.13592038651377,31.114541153615804,33.25042929700778,34.56361531469459,1.35,11.0,-1.11,-0.32
RTX,1975-09-03,0.2733507359299521,0.2739690931213875,0.2714953944485348,0.27273210883140564,3716989,31.394005070473163,32.980930473071204,31.120900441744098,33.22429993696351,34.50917541458925,1.33,12.0,-1.1,-0.33
RTX,1975-09-04,0.2733509177496037,0.2782983183860779,0.2733509177496037,0.2782983183860779,920349,29.621786813987704,33.009996516703396,31.044190772739523,33.01781494058649,34.54680249169195,1.31,8.0,-1.09,-0.31
RTX,1975-09-05,0.27891675757992673,0.2851011391536569,0.27891675757992673,0.27953511476516724,1723747,29.593964686295575,32.95258740278387,31.000721115744952,32.63854196282464,34.53114483636423,1.29,6.0,-1.08,-0.29
RTX,1975-09-08,0.2807720204262199,0.28448270587997754,0.2807720204262199,0.2820090055465698,1006790,29.45736519685917,32.94905187229315,30.94219334032722,32.46904640668611,34.30899166252484,1.27,4.0,-1.08,-0.26
RTX,1975-09-09,0.2820089446881693,0.28633798681423517,0.27953524488859366,0.2801536023616791,2801725,26.253043354300114,32.43620397577095,30.71753432697638,32.488282335734205,34.076769870544986,1.24,2.0,-1.06,-0.23
RTX,1975-09-10,0.2776797508636016,0.2776797508636016,0.26840304429908385,0.2696400284767151,1805104,28.938647762392765,33.00190309956719,31.316326163715836,32.70167472774085,34.31977688824748,1.23,22.0,-1.03,-0.28
RTX,1975-09-11,0.2696400284767151,0.27149536978961863,0.26778468716381154,0.2696400284767151,1413574,26.566662031305466,32.452211851835784,31.316326163715836,32.6691542721149,34.209197769979944,1.22,22.5,-1.0,-0.28
RTX,1975-09-12,0.2696400375027298,0.27458743456469226,0.26716630898207133,0.2684030532836914,1449168,26.50063138921781,32.36982586769162,31.332123952396913,32.59258091890169,34.192633005987524,1.21,24.0,-0.96,-0.29
RTX,1975-09-15,0.2684031207262728,0.2684031207262728,0.26592942157371663,0.2671663761138916,549158,24.832492878835925,32.34156857495927,31.113332094907502,32.603302180896215,34.09955725245557,1.19,15.0,-0.97,-0.22
RTX,1975-09-16,0.2671663761138916,0.27087705979630755,0.2665477788850648,0.2671663761138916,1489846,24.817423027258226,32.12153131559588,31.109991370229228,32.603302180896215,33.98741768737858,1.18,15.0,-0.97,-0.22
RTX,1975-09-17,0.2671663778409361,0.27087706154733904,0.2659294232927651,0.2690217196941376,1001706,24.864018148023,31.621170140079393,30.79358702541925,32.590875623321026,33.98286080373741,1.17,3.0,-0.94,-0.17
RTX,1975-09-18,0.26902186170231407,0.27458765028244303,0.26716651886973547,0.27396929264068604,996621,25.28048380840587,31.716791799977674,30.84946827885781,32.53092048849823,33.71726291681662,1.17,4.0,-0.9,-0.19
RTX,1975-09-19,0.27582446312785974,0.28200884540311993,0.27582446312785974,0.2813904881477356,6040742,26.17788164805407,30.892107374924144,31.059230704018393,32.564350376078316,33.754783027297485,1.17,14.0,-0.89,-0.21
RTX,1975-09-22,0.2813904729684647,0.2851011561148803,0.27706143260002136,0.27706143260002136,1622051,26.56914322352984,30.00877471030408,30.882912942224987,32.557445968493674,33.782660369109706,1.16,5.0,-0.84,-0.21
RTX,1975-09-23,0.27706160318060463,0.2795353034988417,0.27458763295507693,0.2782983183860779,467802,26.34472743164852,29.661709518995455,30.865558714964752,32.48665989778279,33.72012046087854,1.16,5.0,-0.79,-0.2
RTX,1975-09-24,0.28015340149741436,0.288811479541881,0.28015340149741436,0.2857194244861603,1693238,27.03699667269084,28.754891541562493,30.763400244320877,31.968024923161074,33.78231410540241,1.15,3.0,-0.75,-0.19
RTX,1975-09-25,0.2857195969305492,0.28881165385246277,0.2857195969305492,0.28881165385246277,1052554,26.960706629552806,28.83361113271881,30.672192815617354,31.69996642957093,33.76723814846012,1.14,2.0,-0.71,-0.14
RTX,1975-09-26,0.2888113836684863,0.2937590479850769,0.2888113836684863,0.2937590479850769,1774595,27.17975702425826,28.7921270485128,30.360395725218797,31.533741167785546,33.79470647960828,1.13,1.0,-0.67,-0.04
RTX,1975-09-29,0.29375910773665737,0.2962328054446356,0.28571938775547384,0.2869561016559601,2181379,28.13677132476077,29.05711916010356,30.636340353280247,31.692235821083514,33.58453151191193,1.11,3.0,-0.65,-0.14
RTX,1975-09-30,0.28510127186806433,0.28510127186806433,0.27953524488859366,0.2801536023616791,1210182,29.182182605535527,29.35531452343471,30.80713836749116,31.55248205397748,33.658351706757166,1.1,8.0,-0.59,-0.21
RTX,1975-10-01,0.27953516546527535,0.27953516546527535,0.26964009917118836,0.27025845646858215,1494931,30.315157176664837,29.587789816757383,31.273703699581034,31.68074018325353,33.87994476916082,1.08,33.0,-0.5,-0.29
RTX,1975-10-02,0.2702585899213394,0.2789169458961051,0.2690218447261672,0.2782983183860779,1011875,28.479947587869344,29.97225518068598,31.46944384806102,31.825244518675994,33.72325361891251,1.06,39.0,-0.42,-0.28
RTX,1975-10-03,0.278297975455634,0.2844823535842218,0.278297975455634,0.2807716727256775,1561034,28.461652380006857,29.97224054770899,31.484964553183698,31.83061308869674,33.72740095229279,1.06,40.0,-0.33,-0.29
RTX,1975-10-06,0.28077192798540274,0.29190398068157974,0.28077192798540274,0.28881165385246277,4093264,28.388013644033517,30.31694944252893,31.736034721430293,31.725205228245752,33.722784410197946,1.05,45.0,-0.26,-0.32
RTX,1975-10-07,0.2888115532458125,0.289430180340461,0.28262717164909296,0.2881931960582733,2455958,28.383673907437153,30.305817418733668,31.742625985661206,31.727338904375575,33.70255615119982,1.05,46.0,-0.18,-0.33
RTX,1975-10-08,0.2881931119552283,0.2925221508188829,0.2881931119552283,0.2919037938117981,1627136,28.456479669988745,30.261564394999912,31.473575484473198,31.609618153067842,33.623012483026486,1.04,40.0,-0.14,-0.24
RTX,1975-10-09,0.29190408872505397,0.29561477433056194,0.2844827175140381,0.2844827175140381,1291539,29.34052831906562,30.329421982714127,31.71137150074338,31.778137214656226,33.038838111852094,1.03,45.0,-0.05,-0.32
RTX,1975-10-10,0.28448270587997754,0.2869564062133852,0.2820090055465698,0.2820090055465698,1403405,28.835734547333896,30.30333491432078,31.666239780435074,31.685614813687344,33.03896700974211,1.03,44.0,0.02,-0.31
RTX,1975-10-13,0.2826270631902467,0.2869561016559601,0.2826270631902467,0.2869561016559601,1184758,29.208566870474833,30.497599110253436,31.695580635554627,31.631931999145436,33.017764150799565,1.02,46.0,0.01,-0.29
RTX,1975-10-14,0.2869561752985455,0.2943775402340572,0.27335069945954066,0.2758243978023529,3452579,31.524360646309475,31.313148464933544,32.381187606534894,32.02389581933814,32.895378479426604,1.01,74.0,-0.02,-0.37
RTX,1975-10-15,0.27582461806784075,0.2782983183860779,0.2733509177496037,0.2782983183860779,5405142,31.612027648300963,31.238506761119194,32.21141303093034,31.914175333172977,32.89944895198731,1.0,68.0,0.03,-0.34
RTX,1975-10-16,0.27644287124967715,0.27644287124967715,0.26345571706440957,0.2721138298511505,2893251,31.74045218106305,30.521702466663342,32.43237483198225,31.843715825009944,32.96394508626434,1.0,77.0,0.05,-0.41
RTX,1975-10-17,0.27087703682756925,0.27087703682756925,0.260981971149223,0.26407405734062195,1535610,32.80232579688941,31.128945999423657,32.81449321008948,31.857982746747787,33.12648800401609,0.99,82.0,-0.01,-0.5
RTX,1975-10-20,0.2640741044232614,0.2721138298511505,0.2640741044232614,0.2721138298511505,1830528,33.95714399653574,31.661430519291102,33.04870565978762,31.521912504987288,33.20648354280794,0.99,87.0,-0.31,-0.5
RTX,1975-10-21,0.27211379826792076,0.2752061245692043,0.2702584564685821,0.27025845646858215,1616966,33.96054874706259,30.359931372600187,32.99731973261377,31.541426169335057,33.21282770415589,0.99,86.0,-0.59,-0.51
RTX,1975-10-22,0.27025856272831306,0.2708771601863989,0.26592952013015747,0.26592952013015747,4662762,32.43499947109569,30.569220173521327,32.7127026595125,31.614138901434114,33.25903085713078,1.0,81.0,-0.66,-0.51
RTX,1975-10-23,0.2659293547527102,0.2684030532836914,0.25974494348203203,0.2684030532836914,2649181,32.557223568394924,29.479559250223797,32.55866414359583,31.616761910209863,33.093833756589184,1.0,77.0,-0.63,-0.49
RTX,1975-10-24,0.2684031652695138,0.27025850741862784,0.26098203659057617,0.26098203659057617,1733917,33.52957927316811,29.991805116300174,32.73620343073794,31.80303577934876,33.229726858439285,1.0,81.0,-0.62,-0.54
RTX,1975-10-27,0.26098203659057617,0.2690217626010008,0.26098203659057617,0.26098203659057617,1550864,33.51220278269193,29.303368317778045,32.36566259737684,31.744169966148178,33.196192813443716,1.0,71.0,-0.62,-0.5
RTX,1975-10-28,0.2622186632251009,0.2696400284767151,0.2622186632251009,0.2696400284767151,767805,34.88504258787534,30.028256788378098,32.61213173981668,31.94032289144374,33.29818105653108,1.0,79.0,-0.61,-0.52
RTX,1975-10-29,0.2690216320471018,0.2690216320471018,0.2622186541557312,0.2622186541557312,1444083,35.760810601808586,30.601797374991108,32.81230262643014,32.113738318900346,33.43160443908933,1.0,81.0,-0.64,-0.57
RTX,1975-10-30,0.2622186541557312,0.2622186541557312,0.2622186541557312,0.2622186541557312,0,35.30311913121329,30.56947600802178,32.68679511457053,32.041087688606645,33.43160443908933,1.0,78.0,-0.66,-0.53
RTX,1975-10-31,0.2591263949871063,0.2591263949871063,0.2547973582776764,0.2591263949871063,605091,34.385325688938664,30.654020365144152,32.7079957298792,31.969873220567806,33.44363478435331,1.0,78.0,-0.68,-0.54
RTX,1975-11-03,0.2591265423011002,0.2591265423011002,0.24366545677185059,0.24366545677185059,1205098,38.239143353991636,33.1324602669542,34.11210212834593,32.84805951749211,34.01699136623514,1.01,94.0,-0.59,-0.29
RTX,1975-11-04,0.24366557037888495,0.24861298390182326,0.23995488652922575,0.24242860078811646,5588195,38.14961996581932,32.99125707056552,33.762242459393306,32.74194746288388,34.024713491445226,1.02,92.0,-0.53,-0.25
RTX,1975-11-05,0.24304726571795784,0.2492316501720739,0.24304726571795784,0.24737630784511566,3223763,37.7582605079526,33.13156825559216,33.68351405807874,32.81208508985473,34.06412695971713,1.03,88.0,-0.57,-0.24
RTX,1975-11-06,0.2473762819652827,0.24861301177722847,0.24366559769956792,0.24675792455673218,1276285,37.4776778880296,33.10862946706218,33.35058252338206,32.80967072845822,33.634784978300694,1.03,87.0,-0.58,-0.19
RTX,1975-11-07,0.2461329723314002,0.2461329723314002,0.2430093475060903,0.24363422393798828,477971,36.93173299473935,33.19644258313667,33.34112324802029,32.797830361299766,33.667527099123454,1.03,86.0,-0.56,-0.21
RTX,1975-11-10,0.24363415763584528,0.24988116323947906,0.24051053366059258,0.24988116323947906,1159334,37.65497940053898,33.49199101612489,33.59570226283608,32.90486952474442,33.563636763092184,1.04,87.0,-0.58,-0.24
RTX,1975-11-11,0.24613303658848834,0.24613303658848834,0.24488354089211214,0.24550841748714447,900010,37.415602128753775,33.64597012200125,33.56449442891199,32.68914135029042,33.54529980412917,1.04,86.0,-0.58,-0.26
RTX,1975-11-12,0.2455084547212093,0.24925671517848966,0.2455084547212093,0.24925671517848969,1393235,36.59280967780211,33.482383962785015,33.35764378673181,32.725848543560886,33.56490076203069,1.04,85.0,-0.65,-0.23
RTX,1975-11-13,0.24925671517848966,0.25175546460320414,0.24800720414592378,0.24925671517848969,2211888,35.32889665175588,32.37847307612341,33.259464370793104,32.71131414079166,33.559618753456014,1.03,81.0,-0.87,-0.21
RTX,1975-11-14,0.2492566293040164,0.2498812482848955,0.2473824997210557,0.24800711870193481,483056,35.129862066997184,32.32932479575229,32.52058100292197,32.61622701122266,33.53511888777076,1.02,62.0,-0.9,-0.13
RTX,1975-11-17,0.2467576250958188,0.2467576250958188,0.23926136420143534,0.24238473176956177,1093232,34.149297343937675,32.07118662807862,32.15074626106922,32.74679731924795,33.59581691365561,1.01,46.0,-0.9,-0.09
RTX,1975-11-18,0.24238465917971808,0.24363416941695806,0.23738716351124564,0.23988591134548187,2033920,34.155041057575296,32.050207873866555,32.008967799329675,32.77236711528042,33.561969759194184,1.01,39.0,-0.89,-0.04
RTX,1975-11-19,0.23988586276358867,0.23988586276358867,0.23488811061370177,0.23551298677921295,1225437,33.84948178181009,32.239413149571845,31.285699460473637,32.857208569933796,33.61891371288529,1.01,20.0,-0.8,-0.1
RTX,1975-11-20,0.23551314357789324,0.2405106567081634,0.23363901367395712,0.2361377626657486,1891546,33.49258061748085,31.969132233416854,31.29391493511423,32.8416715195745,33.56081690800843,1.02,21.0,-0.75,-0.1
RTX,1975-11-21,0.23613775071160936,0.23613775071160936,0.23301436764339215,0.23363900184631348,838992,33.509602999253794,31.587673751072654,31.22624978281304,32.84248417981103,33.07784451987885,1.02,19.0,-0.7,-0.07
RTX,1975-11-24,0.2336389854240353,0.24051062762737274,0.23301435126501893,0.24051062762737274,716957,34.378489979430796,32.22674489776739,31.491546612964605,32.90713504160885,33.18764032364845,1.03,29.0,-0.73,-0.1
RTX,1975-11-25,0.24051069841553444,0.24363432453053746,0.23988606407267296,0.24176019430160522,620346,32.98724498748621,32.209409489754,31.455964208940674,32.842186466346,33.1884707419087,1.03,26.0,-0.77,-0.08
RTX,1975-11-26,0.24300926849965573,0.24863165503712792,0.24300926849965573,0.24738240242004395,1484762,33.7241520277428,32.61535702489894,31.327508563854106,32.91656925603915,33.23753581926661,1.03,25.0,-0.82,-0.01
RTX,1975-11-28,0.24738241552607168,0.24988116323947906,0.2461329053492527,0.24988116323947906,355936,33.48629599040013,32.390703187061895,31.231657533854058,32.866568847385764,33.24109493077632,1.04,20.0,-0.85,0.01
RTX,1975-12-01,0.24988116323947906,0.24988116323947906,0.24675753926422636,0.24988116323947906,477971,32.48655220611386,32.367017590602906,31.192329549333103,32.545776793627006,32.93676528614126,1.04,19.0,-0.87,0.02
RTX,1975-12-02,0.24988133441350582,0.24988133441350582,0.2417601943016052,0.24176019430160522,1072893,32.255116342328755,32.9090098368681,31.457626387557415,32.796785921437866,33.03727306635073,1.04,30.0,-0.88,-0.07
RTX,1975-12-03,0.2361377626657486,0.2361377626657486,0.231764883770021,0.2361377626657486,1271200,32.74443765601141,33.17944814657628,31.647523851135496,32.667135907248266,33.1022551670844,1.05,36.0,-0.87,-0.14
RTX,1975-12-04,0.23613769629770873,0.23613769629770873,0.22801655987660724,0.22989068925380707,1362726,33.21655583479679,32.738036703655375,31.778028590175932,32.74130828871419,33.193605943599216,1.05,44.0,-0.8,-0.2
RTX,1975-12-05,0.22989076278945572,0.2305153819015561,0.21989549379394638,0.22239424288272858,905094,33.917655563470035,33.32285195779424,31.9734194808359,32.951288025564516,33.373320053354554,1.05,46.0,-0.6,-0.23
RTX,1975-12-08,0.22239431319847536,0.22426844376771227,0.22176969388888534,0.22364382445812225,361021,33.43935663993376,33.37025671951403,31.92881921680871,32.52072648056071,33.25433398203857,1.05,46.0,-0.5,-0.22
RTX,1975-12-09,0.22364382445812225,0.2261425743369492,0.22239431319847536,0.22364382445812225,574582,33.43935663993376,33.37435282637407,31.929288564133053,32.111990109971494,33.22054948809114,1.05,47.0,-0.44,-0.22
RTX,1975-12-10,0.22364382445812225,0.22489332057107655,0.21989556331964843,0.22364382445812225,808483,31.517591272050716,33.37435282637407,31.80729939864184,32.01791717151937,33.20531585497588,1.05,46.0,-0.43,-0.16
RTX,1975-12-11,0.22364375374730996,0.22426837285941034,0.22176962377062817,0.22239424288272858,742381,30.8403739620385,33.314569599177815,31.760566992426075,32.005647473788166,33.15989514207329,1.05,44.0,-0.44,-0.14
RTX,1975-12-12,0.22239424288272855,0.22239424288272855,0.22114498951184,0.22239424288272858,305088,30.8403739620385,33.022726984835344,31.2016975705596,32.005647473788166,33.07606691096473,1.05,20.0,-0.48,-0.03
RTX,1975-12-15,0.22239422751629076,0.22489323392609573,0.21989547860016087,0.22114497423171997,2872912,30.781324984808457,32.418977694968476,31.17726470438932,31.872574054559205,33.06721671275309,1.05,19.0,-0.51,-0.03
RTX,1975-12-16,0.221144909840963,0.22614242136478424,0.2198954145732194,0.22614242136478424,2359347,26.807459646494248,32.772173835380215,31.385870500559836,31.783449922252917,32.92095647344406,1.05,31.0,-0.58,-0.06
RTX,1975-12-17,0.22614242136478424,0.226767040251856,0.2255178024777125,0.22614242136478424,986451,26.80512383820499,32.7393636612557,30.664301796951122,31.782594556462897,32.625601455781634,1.05,3.0,-0.64,0.04
RTX,1975-12-18,0.22676713091195108,0.2355131620289769,0.22676713091195108,0.23488828539848328,1916970,28.537640142393638,33.27344668919051,31.28118536599316,32.03420230400524,32.68636790351889,1.04,26.0,-0.69,-0.01
RTX,1975-12-19,0.23488825510546973,0.23551313165537446,0.23238949109348744,0.23363900184631348,1713578,28.556109207239267,33.14684934205695,30.574807614460227,31.88286199515768,32.69355469555711,1.03,2.0,-0.75,0.01
RTX,1975-12-22,0.23363894800820675,0.23426356692050887,0.22989068925380707,0.22989068925380707,376275,28.68722785901333,32.96624139784174,30.62142821799157,31.854628574632613,32.641831942233374,1.02,3.0,-0.82,-0.03
RTX,1975-12-23,0.22989075191071592,0.2311402475694817,0.2242683622467296,0.22739200294017792,1652560,27.597816857607167,32.751765089566085,30.29618037322971,31.658571784363183,32.63481813850073,1.0,1.0,-0.88,0.06
RTX,1975-12-24,0.22739199336289573,0.2336390018463135,0.22739199336289573,0.23363900184631348,1174589,28.583783304877493,33.08370836829058,30.612664348789753,31.47004738846307,32.66081001699746,0.98,4.0,-0.93,0.0
RTX,1975-12-26,0.23363901367395712,0.2361377626657486,0.23363901367395712,0.2361377626657486,427123,28.382418741616306,32.47515212909996,30.66728881367493,31.493255720093394,32.67274056205123,0.96,8.0,-0.97,-0.01
RTX,1975-12-29,0.23613783759200657,0.23738734880455578,0.23114032287603087,0.23176495730876923,538989,28.793310876934076,31.968547099776718,30.770772826265613,31.440307918624384,32.735859457128974,0.93,12.0,-1.02,-0.06
RTX,1975-12-30,0.23176486084948134,0.235513120286667,0.2298907311308885,0.23238947987556458,2898336,28.819598482270898,31.89549300138842,30.770740292867416,31.42558109967151,32.72082124534805,0.92,12.0,-1.07,-0.06
RTX,1975-12-31,0.23238957659481552,0.2330144533746264,0.23114032287603087,0.23176495730876923,564413,28.14151320927577,31.21824144817583,30.75598037042177,31.398675526547464,32.65622120942758,0.9,11.0,-1.11,-0.05
RTX,1976-01-02,0.23176477557715947,0.2330142706632614,0.23176477557715947,0.2330142706632614,228816,28.080098418536103,31.271909621013826,30.673870403863603,31.23916452034483,32.58691615321089,0.9,10.0,-1.15,-0.03
RTX,1976-01-05,0.2330143161335942,0.2348882031814331,0.2330143161335942,0.2342635691165924,686448,27.639281942190387,31.14274428386578,30.59335120484939,31.217084332730572,32.52050134855678,0.89,4.0,-1.19,-0.01
RTX,1976-01-06,0.23551319147264604,0.2423848207576027,0.23551319147264604,0.2411355823278427,1022045,28.892405548944627,31.499893526177452,30.946482656862006,31.400042712905663,32.592902195959155,0.88,23.0,-1.21,-0.06
RTX,1976-01-07,0.24300928417100015,0.25175529508225775,0.24300928417100015,0.24863167107105255,2994947,29.940601491587255,32.20515969470152,31.343380494698785,31.6019515084936,32.297089855782474,0.88,44.0,-1.21,-0.12
RTX,1976-01-08,0.24863167876400488,0.2567528288041824,0.24613291579784302,0.2548786997795105,2257651,29.637606854249803,32.432227625209556,31.514573583687817,31.614360333244857,32.16405066914485,0.88,52.0,-1.21,-0.15
RTX,1976-01-09,0.2548789005973132,0.25800251201956453,0.25362963173004055,0.25737789273262024,2049174,29.71075871463714,31.553896944205007,31.545405744698442,31.626956453265652,32.013506944774456,0.88,53.0,-1.2,-0.16
RTX,1976-01-12,0.2573776899458742,0.2592515766236641,0.2548786997795105,0.2548786997795105,1194928,29.220670918604252,31.53124625072014,31.360146408265834,31.460409971922086,32.033991793463976,0.88,45.0,-1.2,-0.1
RTX,1976-01-13,0.2548786889596528,0.26175055567845246,0.24988116323947906,0.24988116323947906,2450874,29.693883502498213,31.459910910347876,30.815500686024333,31.51697275736311,31.908439726621836,0.88,19.0,-1.2,-0.07
RTX,1976-01-14,0.2505058197520937,0.25737770223747186,0.2505058197520937,0.256128191947937,874586,30.544125805390248,31.334619997106138,31.024103994101498,31.629814121500576,31.83005665060105,0.88,26.0,-1.2,-0.11
RTX,1976-01-15,0.25675289035987137,0.26487402720038544,0.25675289035987137,0.258002370595932,1703408,28.848348594626106,30.73039523878561,30.696456697141883,31.459334991230314,31.829906671805812,0.89,12.0,-1.2,-0.06
RTX,1976-01-16,0.2580021441022129,0.26424914598464966,0.25487853713430136,0.26424914598464966,1250861,28.450807095584302,31.120126846375594,30.89442787639204,31.57256874128282,31.905670211303356,0.89,24.0,-1.2,-0.1
RTX,1976-01-19,0.264249374928097,0.264249374928097,0.2598764970857733,0.2605011463165283,1357642,27.497246286638173,31.082129345698057,30.976923450314743,31.416666631039696,31.758930734992486,0.89,27.0,-1.2,-0.13
RTX,1976-01-20,0.2605011463165283,0.26362475599070917,0.25862701686406037,0.2605011463165283,1154250,25.167479298423224,31.01781195091069,30.829291869777382,31.360233031842593,31.7548431099942,0.89,21.0,-1.2,-0.1
RTX,1976-01-21,0.26050125834796417,0.26112587755397637,0.2567529978310476,0.2598766088485718,1276285,25.265032735379243,30.48599765699454,30.60457781755072,31.16768032414769,31.647890204991548,0.9,5.0,-1.18,-0.05
RTX,1976-01-22,0.2598764201801336,0.2629998168764327,0.2567528114303273,0.26175054907798767,2430534,25.227137459100952,30.52224922085492,30.625467735542777,31.176952796214586,31.640852919933586,0.9,8.0,-1.17,-0.06
RTX,1976-01-23,0.2617506833999181,0.26362481325951453,0.2598765535403217,0.262999951839447,1306794,25.17881826547159,29.776606671923634,30.614973614383175,31.10999503439279,31.563146042774733,0.91,7.0,-1.15,-0.06
RTX,1976-01-26,0.2629998819168226,0.26549887253209087,0.262375232716444,0.26487401127815247,1744086,24.964557179509338,29.25578361948763,30.636432423524507,31.050724330074846,31.48771072640982,0.91,11.0,-1.14,-0.06
RTX,1976-01-27,0.26487392037863733,0.26862217781496894,0.2617505239818041,0.26737266778945923,1154250,24.922405943414073,29.31669754980067,30.50006670853244,31.008724089256994,31.496832395757536,0.92,3.0,-1.12,-0.03
RTX,1976-01-28,0.2673728306317175,0.2686223414182363,0.2611258219798506,0.262999951839447,2023750,25.558549233834217,29.414023056196044,30.596352029362105,31.071139656053383,31.470194087754695,0.92,6.0,-1.09,-0.07
RTX,1976-01-29,0.2636248183072938,0.2692469656467438,0.2636248183072938,0.2692469656467438,1032214,25.624139787714604,26.835308101638645,30.799166553160834,31.167863158238173,31.402038815128346,0.92,25.0,-1.07,-0.12
RTX,1976-01-30,0.2692470175819856,0.26987187913454763,0.26674826811948105,0.26862239837646484,2964438,25.678722454989273,26.811551834860058,30.78494816092337,31.169140814044265,31.251669205006174,0.92,23.0,-1.05,-0.11
RTX,1976-02-02,0.2686223196337575,0.2686223196337575,0.26674818992614746,0.26674818992614746,589837,24.031467496730233,26.58883412131689,30.201638941079096,31.022824920295346,30.887319281677943,0.93,1.0,-1.04,-0.02
RTX,1976-02-03,0.26674807103238596,0.27237045764923096,0.26612342199500766,0.27237045764923096,1967818,24.321993246081426,26.877212231805743,30.384484861418088,31.06338271481836,30.945826691689582,0.94,4.0,-1.05,-0.06
RTX,1976-02-04,0.2773681393023981,0.2823659105342505,0.2773681393023981,0.27861765027046204,4693270,23.971295869413076,27.047083140914317,30.58495930295458,31.126087026057796,31.011828422684996,0.94,7.0,-1.07,-0.1
RTX,1976-02-05,0.27861773553529107,0.28486474700656456,0.27861773553529107,0.2811164855957031,2903421,23.407610926622247,26.65543272598138,30.604277936325413,31.109215908006586,31.01507392166632,0.95,10.0,-1.09,-0.1
RTX,1976-02-06,0.27924234076577814,0.27924234076577814,0.27424484089773504,0.2767435908317566,1316963,23.509783370894553,26.596314891831412,30.71191924350859,31.172422246422766,31.052414958890584,0.95,23.0,-1.11,-0.15
RTX,1976-02-09,0.27674346615612233,0.27861759592244295,0.2698718084798079,0.2704964578151703,1184758,24.85480660202875,26.930909581555497,30.912472379754046,31.18217188174225,31.109926069875648,0.95,37.0,-1.11,-0.22
RTX,1976-02-10,0.2704963704317777,0.27361997961997986,0.2679975921373207,0.27361997961997986,1749171,23.92644060217066,27.00876773789109,30.830014241601923,31.205194634178135,31.120449149604077,0.95,33.0,-1.11,-0.2
RTX,1976-02-11,0.2736200918713004,0.2761188711908695,0.2736200918713004,0.2754939794540405,3961059,23.91375624724973,26.994647396191308,30.551243540381794,31.213011227117683,31.100750118941466,0.95,6.0,-1.1,-0.15
RTX,1976-02-12,0.27549392827151664,0.27611881989225034,0.2679976522922516,0.2679976522922516,1230522,25.69276739576522,27.19263940730966,30.764673500663935,31.3509564728425,31.182420275928592,0.95,27.0,-1.09,-0.2
RTX,1976-02-13,0.2673726934246841,0.2673726934246841,0.2617505490779876,0.26175054907798767,1718662,26.979433569016436,27.575001699675372,30.97492220843175,31.432496263263392,31.20512212455552,0.95,39.0,-1.06,-0.27
RTX,1976-02-17,0.2617506344947712,0.26549889351364425,0.26112577319145197,0.261125773191452,996621,27.03591082057085,27.276323736118748,30.6733852129075,31.19254848110382,31.207316108902805,0.95,22.0,-1.02,-0.21
RTX,1976-02-18,0.2611258269797802,0.2692469656467438,0.2611258269797802,0.2692469656467438,1942394,27.179468623150278,27.912230844355168,31.02568704030595,31.289117917628495,31.255432757072455,0.95,41.0,-1.01,-0.26
RTX,1976-02-19,0.272151537051897,0.2753088748412886,0.272151537051897,0.2740458846092224,2750877,26.309552819849696,27.959461968302506,31.035761541551576,31.274039151525322,31.294926535887154,0.94,41.0,-1.05,-0.26
RTX,1976-02-20,0.2746775354291669,0.28036033414387257,0.2746775354291669,0.27846598625183105,2120362,25.80065041856597,27.560967577023426,30.931527956171685,31.118734260732637,31.32162347813294,0.94,35.0,-1.06,-0.22
RTX,1976-02-23,0.2828861176967621,0.28793752483032425,0.2828861176967621,0.2828861176967621,3259357,25.99569060007193,27.69059916054859,30.799789888595765,31.077165930973443,31.307800060195362,0.94,29.0,-1.06,-0.17
RTX,1976-02-24,0.28414907261887595,0.2936208135021299,0.28414907261887595,0.291095107793808,1927139,26.708492992345047,27.890283984973628,30.580408854262625,31.202755059917475,31.414149465898618,0.95,7.0,-1.05,-0.13
RTX,1976-02-25,0.2923576908734219,0.30309214197399226,0.2923576908734219,0.30182942748069763,4037331,27.221599255017082,28.68822669644092,30.763494896395226,31.409668472622286,31.376662529576777,0.95,25.0,-0.9,-0.12
RTX,1976-02-26,0.30182935193011634,0.30309206610734235,0.2967776684768797,0.2980406582355499,3579699,27.179098091576105,28.8637007318965,30.80960481173729,31.427335843889377,31.411545107121764,0.95,32.0,-0.84,-0.15
RTX,1976-02-27,0.2961464562887083,0.2961464562887083,0.2854120026228437,0.28983205556869507,2893251,28.795670754298534,28.609496473862695,30.817200804891893,31.596432565789417,31.54403060664879,0.96,34.0,-0.84,-0.18
RTX,1976-03-01,0.2898321171488283,0.291095107793808,0.28730641144050645,0.291095107793808,1530525,28.16348305884084,28.069723723679026,30.822748390506565,31.406151830019446,31.467511286655416,0.96,35.0,-0.83,-0.18
RTX,1976-03-02,0.29109482561100364,0.2948832427102349,0.29046319310998975,0.2929888963699341,2872912,27.680530199027505,27.35496304440272,30.772848572262458,31.28225713027964,31.470473089661375,0.96,29.0,-0.82,-0.16
RTX,1976-03-03,0.2929888963699341,0.2942518857905914,0.29109482561100364,0.2929888963699341,7459402,27.680530199027505,26.251110172036384,30.493777855749936,31.103835128176975,31.466537727478013,0.97,4.0,-0.81,-0.08
RTX,1976-03-04,0.2929888963699341,0.29362052887094797,0.29109482561100364,0.2929888963699341,1479677,27.64163790481146,26.26702722906175,30.459457627354485,31.078557796769786,31.4668198055566,0.97,4.0,-0.8,-0.06
RTX,1976-03-05,0.292989010545118,0.2942520004579512,0.28920059196957404,0.2923576533794403,1764426,27.680604925401614,26.28652581302181,30.33944343516418,31.062726587680945,31.458844047535887,0.98,3.0,-0.79,-0.03
RTX,1976-03-08,0.2929888963699341,0.2955148752112488,0.2929888963699341,0.2929888963699341,1662730,27.682104897669507,26.27459037403436,29.663363522883213,30.998673113101738,31.43806749469563,0.99,1.0,-0.8,0.06
RTX,1976-03-09,0.29362073540687567,0.2961464404434276,0.29362073540687567,0.2936207354068756,2089853,27.66485880584502,26.195147458194512,29.63444433475691,30.83283692864572,31.367407801652313,1.0,1.0,-0.8,0.06
RTX,1976-03-10,0.29362072821301666,0.29362072821301666,0.28983203296023163,0.29172638058662415,2486467,27.750016373943353,26.277474441238407,29.426337304320537,30.79450773291102,31.329403576045596,1.02,1.0,-0.83,0.14
RTX,1976-03-11,0.2929891072768436,0.2955150879364743,0.2929891072768436,0.29425209760665894,2333923,27.173264238615946,26.20444277625148,29.037187709770425,30.334961460576054,31.31680215736532,1.03,1.0,-0.87,0.25
RTX,1976-03-12,0.2942518857905914,0.2961462321308923,0.29172618253064714,0.2929888963699341,1088147,26.607152830538546,26.008949593899146,28.67619200390916,29.983287228232,31.274605910590246,1.05,1.0,-0.9,0.33
RTX,1976-03-15,0.2929890952831808,0.29362072821301666,0.29172638058662415,0.29172638058662415,844077,26.646913963324852,26.054575532141083,28.66200624386731,29.868120776839092,31.04283493887211,1.07,1.0,-0.93,0.33
RTX,1976-03-16,0.29172618253064714,0.29362052887094797,0.29046319310998975,0.2929888963699341,1077978,26.488426185892227,25.090363170172054,28.538487454651012,29.416852249018984,31.043780083156804,1.09,1.0,-0.98,0.4
RTX,1976-03-17,0.292989010545118,0.2948833576236289,0.2923576533794403,0.2923576533794403,889840,25.98483836796779,25.05002451499197,28.511606576706257,29.416852180383884,30.84446694883215,1.12,1.0,-1.01,0.4
RTX,1976-03-18,0.29235776074038455,0.2936207511170188,0.28604336002037134,0.28983205556869507,1169504,25.437781527916282,24.841770664237533,28.175857158893596,29.36131256685957,30.79626242132718,1.15,1.0,-1.06,0.51
RTX,1976-03-19,0.2898321171488283,0.291095107793808,0.2866747783271978,0.291095107793808,437293,25.353157082179433,24.649835667515852,28.18019365553941,29.310905912969215,30.766505568319406,1.18,2.0,-1.11,0.51
RTX,1976-03-22,0.2910949390480849,0.2955149903707844,0.28983194913525173,0.2923576533794403,900010,24.856589682779944,24.1801763096495,27.728280379404048,29.272626181292406,30.42304254036826,1.21,1.0,-1.14,0.61
RTX,1976-03-23,0.2923577499027203,0.2955150879364743,0.291726392528597,0.29425209760665894,1118656,23.756591576248425,24.144370611085257,27.356470240379476,29.041435958314267,30.127445097399203,1.26,1.0,-1.18,0.76
RTX,1976-03-24,0.29677769409998617,0.3049864392864563,0.29677769409998617,0.3030920922756195,4357674,24.88511618156785,24.262370023190606,27.725775039960233,29.17271852499475,30.192791062966716,1.29,2.0,-1.2,0.65
RTX,1976-03-25,0.30309205442732795,0.3056180338473267,0.2999349935244798,0.30119770765304565,2883082,25.01800081581272,24.359766864815793,27.67158688399113,29.166852087036048,30.183994088578288,1.31,2.0,-1.23,0.68
RTX,1976-03-26,0.301197621517732,0.3030919677502766,0.2999349077502721,0.30246061086654663,1739002,23.279713717698268,24.315929342933813,25.76225374546776,29.099968653924,30.184599483771716,1.37,1.0,-1.24,-0.44
RTX,1976-03-29,0.30246091871321146,0.30372390934750604,0.2967778742313385,0.2967778742313385,1301709,22.837810571625784,24.78307233636254,25.95515277029323,29.18464536534199,30.1397938852871,1.42,2.0,-1.27,-0.48
RTX,1976-03-30,0.2967775975849621,0.2974092301041398,0.292988904795409,0.29488325119018555,1332218,22.967538243971966,24.87327964142314,25.82409322936958,29.141873830758776,29.997988398953453,1.47,2.0,-1.3,-0.44
RTX,1976-03-31,0.29488317955455084,0.2999348605738819,0.29488317955455084,0.2986718714237213,1077978,21.721317360425942,24.393469114227592,25.87368995170147,29.03903802387796,30.01778950407974,1.52,3.0,-1.32,-0.46
RTX,1976-04-01,0.2986719935867296,0.299934983253479,0.29362058608258,0.299934983253479,620346,21.302529093622887,23.73433767804502,25.769129788687383,29.015666582668104,29.98547556125777,1.57,2.0,-1.33,-0.43
RTX,1976-04-02,0.2999349935244798,0.3018293402987621,0.2986720038144804,0.30119770765304565,971197,20.9487942558267,23.30180470769051,25.5010405157558,29.01387132355412,29.870700594387177,1.62,1.0,-1.35,-0.36
RTX,1976-04-05,0.301197621517732,0.3056179464479059,0.30056626463400204,0.30246061086654663,1474592,20.583763839822712,23.258505581122982,25.3104181330174,28.917588539304344,29.807129732978233,1.67,1.0,-1.36,-0.31
RTX,1976-04-06,0.3037238241448798,0.3087752341017327,0.3037238241448798,0.3062495291233063,3330544,19.275862916284332,23.196052044135545,25.27851744468616,28.904046671709672,29.665575745973392,1.71,1.0,-1.36,-0.3
RTX,1976-04-07,0.3062494793702552,0.3068808366169025,0.30182942748069763,0.30182942748069763,716957,16.835595542406008,22.99869301467617,25.41365229582861,28.573750291149974,29.45745332784676,1.75,3.0,-1.38,-0.34
RTX,1976-04-08,0.30182942748069763,0.30246078472734494,0.29930372291259516,0.30182942748069763,2949184,16.404539593380875,22.563320053622533,25.391231768299548,28.564347160417103,29.45745332784676,1.8,3.0,-1.38,-0.33
RTX,1976-04-09,0.3018292065084671,0.304354909227477,0.2986718714237213,0.2986718714237213,1911885,14.449523706811728,22.704485172787887,25.156794132285228,28.57050378505433,29.386094024511415,1.85,1.0,-1.38,-0.29
RTX,1976-04-12,0.2986720038144804,0.30246069736304504,0.2967776570401981,0.30119770765304565,2196634,14.579139594083026,22.296561330208924,25.096797840838867,28.10220342833513,29.37986817281823,1.91,1.0,-1.38,-0.27
RTX,1976-04-13,0.30119792494792397,0.304355263710022,0.30119792494792397,0.304355263710022,1967818,14.748676087152043,22.09131575376356,24.908846062535176,28.123866604463586,29.36820686519464,1.97,1.0,-1.36,-0.22
RTX,1976-04-14,0.3043550821433334,0.30751241902188403,0.3024607351324966,0.3030920922756195,2516976,14.828803015269862,22.128578259708448,24.93169124780958,27.730182347825476,29.25620829023339,2.03,2.0,-1.34,-0.23
RTX,1976-04-15,0.3030920922756195,0.3049864392864563,0.3011977452647827,0.3030920922756195,894925,14.828803015269862,22.111225447619976,24.846082393864904,27.711797761376616,29.23137966786698,2.08,1.0,-1.31,-0.2
RTX,1976-04-19,0.3030921227513757,0.3106695115566254,0.3030921227513757,0.31066951155662537,2003411,16.282272379988292,22.554200184472954,24.73913115620293,27.599230029657623,29.32502045748477,2.13,1.0,-1.28,-0.19
RTX,1976-04-20,0.3131952910434377,0.3220356404781342,0.3131952910434377,0.32203564047813416,4200045,19.01875304883941,23.549423961055474,25.29740809342208,27.902137817868976,29.528018520335632,2.17,8.0,-1.22,-0.24
RTX,1976-04-21,0.3232983241982884,0.33024432484161226,0.3232983241982884,0.3283499777317047,5537347,19.589723308701984,23.7669364722138,25.231368432685304,27.98412483546696,29.48701976453455,2.21,7.0,-1.13,-0.22
RTX,1976-04-22,0.3289813310369027,0.3346643717708032,0.3289813310369027,0.3334013819694519,3655971,19.61945353669675,23.858646256206516,25.282899668669913,28.024126663048943,29.515910754952518,2.24,9.0,-1.04,-0.24
RTX,1976-04-23,0.3308757126379187,0.3308757126379187,0.3283499777317047,0.3283499777317047,2806810,20.384923364779304,23.815784183529406,25.44287639966059,28.084294331445914,29.425923241177752,2.27,14.0,-1.0,-0.29
RTX,1976-04-26,0.3283496900442895,0.3296124339103699,0.3258237430100605,0.3296124339103699,2644096,20.2448617784754,23.456618727042137,24.788220560652515,28.067303398342474,29.40268901464457,2.31,2.0,-0.95,-0.29
RTX,1976-04-27,0.3296124339103699,0.33213838094459885,0.3296124339103699,0.3296124339103699,2115277,20.130408511967122,23.437361320184277,24.42350045957607,28.02493017069957,29.387681541605737,2.35,1.0,-0.91,-0.22
RTX,1976-04-28,0.3296127084318921,0.33213865756988525,0.32708700425520604,0.33213865756988525,1337302,20.15689683716541,23.351437136551482,23.948750788110615,27.99296335462801,29.263732221765398,2.4,1.0,-0.86,-0.17
RTX,1976-04-29,0.3334015629170382,0.33845321866252187,0.3334015629170382,0.33466455340385437,3528851,20.08825529686292,23.090679084631578,23.215853903479598,27.984723931391294,29.26259306409451,2.46,1.0,-0.81,-0.23
RTX,1976-04-30,0.3346643717708032,0.3352957288807521,0.3334013819694519,0.3334013819694519,1342387,19.857936932940383,22.783451971646027,23.248028900238623,27.987879864392983,29.11716271591651,2.51,2.0,-0.77,-0.24
RTX,1976-05-03,0.3334015450569364,0.33466453547609504,0.32898149196226356,0.3302444517612457,2028835,20.279298928736285,22.891438450983845,23.338504794345987,27.975785064297565,29.089466539688324,2.56,3.0,-0.75,-0.27
RTX,1976-05-04,0.33024435671455415,0.3352957963943481,0.33024435671455415,0.33529579639434814,2710198,20.5273510990698,22.707005225013596,23.39830078799949,28.021424724428197,28.964467120376103,2.6,4.0,-0.73,-0.3
RTX,1976-05-05,0.3365590047477467,0.3384533226490021,0.3365590047477467,0.3384533226490021,1835613,20.568014740225223,22.080663522155895,23.36178670650598,27.879428622084788,28.9746867501528,2.65,4.0,-0.7,-0.29
RTX,1976-05-06,0.3384533226490021,0.3409790594372175,0.33719036239433176,0.3384533226490021,2140701,19.192937433095185,22.033957431282854,23.36178670650598,27.40634953003974,28.925709894800466,2.69,4.5,-0.69,-0.29
RTX,1976-05-07,0.3371901436870852,0.3371901436870852,0.332770091864535,0.33529579639434814,9935699,19.353115160794214,22.180513594328804,23.40934845581456,27.420201822336626,28.897941610258588,2.73,7.0,-0.7,-0.31
RTX,1976-05-10,0.33529571706363553,0.3460301654617108,0.3346643599759381,0.3447674512863159,2516976,20.594264600386246,21.792608883748372,23.534320084868586,27.40164809034861,28.969094558282325,2.77,8.0,-0.68,-0.32
RTX,1976-05-11,0.3447675331674689,0.3460302476427543,0.34224155305387965,0.3428731858730316,2857658,19.615532212705926,21.112501910483942,23.575664577013995,27.398189259032605,28.975362361300483,2.8,9.0,-0.67,-0.34
RTX,1976-05-12,0.3428731044417799,0.3447674512863159,0.3416101146849412,0.3447674512863159,1881376,19.32528793560976,21.06441811706315,22.946441994067506,27.398247335163973,28.964778031521615,2.84,1.0,-0.65,-0.33
RTX,1976-05-13,0.3447674512863159,0.3447674512863159,0.3428731044417799,0.3447674512863159,813568,19.245557798738602,20.373862975222803,22.90777580283205,27.321420209543852,28.96496027280895,2.89,1.0,-0.64,-0.32
RTX,1976-05-14,0.3447673501134758,0.3453987070159,0.34097865753620493,0.34161001443862915,1408490,19.6681522629008,20.354913534984693,22.77869567999236,27.22857251020997,28.85498729943215,2.93,1.0,-0.65,-0.29
RTX,1976-05-17,0.34161001443862915,0.3422413713410533,0.34161001443862915,0.34161001443862915,879670,19.70831876222108,20.204595697945233,22.662632675373295,27.228740356964508,28.82010723039386,2.98,1.0,-0.69,-0.25
RTX,1976-05-18,0.34161000050664747,0.34224135738332284,0.3384529099217688,0.33908429741859436,1652560,19.99390946659238,20.157983218388768,22.43100240544522,27.240084080173908,28.79680775760639,3.02,1.0,-0.71,-0.19
RTX,1976-05-19,0.34224145281769297,0.34224145281769297,0.33087564796141217,0.33971574902534485,2153413,19.831193268441744,19.44048423099651,22.40540325400457,27.23707438448183,28.771133185042764,3.06,1.0,-0.73,-0.17
RTX,1976-05-20,0.3397159100673355,0.3435046053425992,0.3397159100673355,0.3422416150569916,2189006,19.10754343830146,18.166216524949068,22.12464445577117,27.153471518529987,28.77665412946756,3.11,1.0,-0.76,-0.11
RTX,1976-05-21,0.3422417848016879,0.3422417848016879,0.34097906947135925,0.34097906947135925,1733917,19.207705503188382,17.947806125158955,22.156721045235635,27.156663199446967,28.695413352323918,3.15,2.0,-0.81,-0.12
RTX,1976-05-24,0.3409785445128176,0.3409785445128176,0.3359268642238045,0.33718985319137573,793229,19.252040431319926,17.050886369897192,22.26100544799685,27.1797610277729,28.720425677830512,3.18,3.0,-0.88,-0.16
RTX,1976-05-25,0.33719036239433176,0.3409790594372175,0.33340166535144594,0.3384533226490021,1764426,19.207291743461898,17.04855937073745,22.259477199677196,27.166624177424303,28.720978469646564,3.22,3.0,-0.97,-0.16
RTX,1976-05-26,0.34151155129308525,0.3427857072457718,0.3351400917985494,0.33641424775123596,1601712,19.312809701992453,17.117061414630463,22.311825387513437,26.775146914365088,28.693521520944405,3.25,5.0,-1.06,-0.17
RTX,1976-05-27,0.33641432029220963,0.3376887236946422,0.328768456021364,0.33386579155921936,1838155,19.454322997046678,17.23132831090251,22.009076918575985,26.79517127471705,28.67197599400858,3.28,1.0,-1.12,-0.11
RTX,1976-05-28,0.3338657195677846,0.3389627759346873,0.3313171604874649,0.33641424775123596,2455958,19.469667546390408,17.260744721714303,21.57991600765202,26.796980536332253,28.4995638003464,3.31,1.0,-1.16,-0.02
RTX,1976-06-01,0.33768855878683096,0.34151145815849304,0.33768855878683096,0.34151145815849304,536446,18.742951648156676,17.429846994468623,21.383522873388873,26.837229854919485,28.45415394553737,3.34,1.0,-1.18,0.03
RTX,1976-06-02,0.3415114230005835,0.3415114230005835,0.33641412137359133,0.3402370512485504,813568,16.047140442197573,17.47791530312109,21.381095951882514,26.84354985859493,28.39934828540122,3.36,1.0,-1.2,0.04
RTX,1976-06-03,0.3402369871427361,0.34278551388862416,0.33768846039684797,0.338962584733963,925434,15.224814603191033,17.524651023138684,21.31252708476784,26.842036695310185,28.24590660523527,3.39,1.0,-1.22,0.07
RTX,1976-06-04,0.3376884038644601,0.3376884038644601,0.32494546329980534,0.3262196183204651,521192,18.457835429293564,19.334643099827833,22.004964574058473,27.17139887594663,28.447992951491525,3.4,5.0,-1.25,0.42
RTX,1976-06-07,0.322396844625473,0.322396844625473,0.31220245638140937,0.322396844625473,1454253,18.24597188113478,19.48177769305317,21.836832359689076,27.039229061287113,28.43497401020894,3.42,5.0,-1.26,0.47
RTX,1976-06-08,0.32239682752895854,0.33131705966745967,0.31857414455606564,0.31984826922416687,3310205,18.315560235958507,19.54233128741107,21.88200904335213,26.989944004694067,28.384863504799156,3.43,6.0,-1.26,0.45
RTX,1976-06-09,0.3198483190719002,0.3236712498154607,0.3134768605232239,0.3134768605232239,1291539,19.13015844708924,20.00485556349314,21.883409497215037,27.099488888931607,28.44401545447541,3.45,7.0,-1.24,0.46
RTX,1976-06-10,0.31602523497189555,0.3262196183204651,0.31602523497189555,0.3262196183204651,1255946,22.47707741142946,21.509843652248385,22.553237183146166,27.326126800751542,28.70162492172963,3.44,17.0,-1.24,0.54
RTX,1976-06-11,0.3287683888114643,0.33896277973126776,0.3287683888114643,0.3376886546611786,1932224,24.590305417465153,22.514344900460685,23.12528055479343,27.59269776448235,28.752384698933476,3.44,22.0,-1.25,0.43
RTX,1976-06-14,0.3402370329926569,0.3466084897518158,0.3402370329926569,0.3466084897518158,1426286,25.65870395794061,22.906815030481496,23.408674743966113,27.688194670911265,28.76463444404141,3.43,29.0,-1.26,0.32
RTX,1976-06-15,0.3453341412521358,0.3453341412521358,0.34023708627526594,0.34151145815849304,910179,25.89761847194475,23.192844424732613,23.56567009617007,27.600150265217216,28.674622546735804,3.41,32.0,-1.28,0.26
RTX,1976-06-16,0.3415115637931637,0.34533424806922036,0.33896278834147503,0.34406012296676636,1388150,25.62807421129477,23.211111561352173,23.575558735811523,27.450147392419694,28.665090359299317,3.4,33.0,-1.29,0.25
RTX,1976-06-17,0.34405996266249134,0.3466084897518158,0.34278556008198136,0.3466084897518158,1639848,25.576991622913187,23.21822033266169,23.576929991924345,27.10227357245304,28.657709605815818,3.38,35.0,-1.29,0.25
RTX,1976-06-18,0.34660865124349943,0.3504315826945117,0.3440601229667663,0.34406012296676636,2074598,25.68607978218696,22.61941475077508,23.60589166747292,26.916992248945988,28.622645700252146,3.37,36.0,-1.29,0.25
RTX,1976-06-21,0.34533397313312975,0.3517057058598738,0.34533397313312975,0.34788277745246887,877128,25.682625010453165,22.623742744067144,23.445596788063362,26.92707933866569,28.519081534050418,3.35,31.0,-1.3,0.29
RTX,1976-06-22,0.34788305441777856,0.3504315826945117,0.3440601229667663,0.34406012296676636,1705950,24.63117132509529,22.787286757978144,23.31070154117781,26.772389446037682,28.509714335150328,3.33,25.0,-1.3,0.36
RTX,1976-06-23,0.3440601068108597,0.34788303808235993,0.3415115477569289,0.3453342318534851,1004248,24.598947388085467,22.35966678483209,23.29890143783193,26.771737293446247,28.13367089103033,3.31,25.0,-1.3,0.36
RTX,1976-06-24,0.3453341349543183,0.3504314679099678,0.3453341349543183,0.34915706515312195,1688154,24.752514841341483,22.34741408315031,23.287125029878137,26.76150810066887,27.869983507190515,3.29,25.0,-1.3,0.36
RTX,1976-06-25,0.34915701684114026,0.35043141942165024,0.3466084897518158,0.3466084897518158,1194928,24.854219519379665,22.34465874103279,23.156916006153637,26.590508103416177,27.785150462283063,3.27,23.0,-1.29,0.42
RTX,1976-06-28,0.3466085596185786,0.35298001766204834,0.3466085596185786,0.35298001766204834,1398320,25.222740535719595,22.574096047917024,23.068180077895445,26.641379672117843,27.501441488095907,3.25,22.0,-1.26,0.46
RTX,1976-06-29,0.35297994860814635,0.37082019448280334,0.3517058240917619,0.37082019448280334,1922054,28.827835367338174,24.51052144902351,24.22221054302905,27.175914323026312,27.92303351122061,3.22,44.0,-1.14,0.71
RTX,1976-06-30,0.3720942361021515,0.3822886512174049,0.3720942361021515,0.38101449608802795,2768674,29.50080454179873,24.98534590535887,24.345029556205027,26.903995045570646,27.982122005056226,3.18,45.0,-0.92,0.63
RTX,1976-07-01,0.37974023171886656,0.37974023171886656,0.3733687740269804,0.3746431767940521,3709362,30.105457489542935,25.2748496998363,24.200587164762716,26.980685530198112,28.004887531248595,3.14,44.0,-0.84,0.66
RTX,1976-07-02,0.3746431500072773,0.3746431500072773,0.3669972900949941,0.3695458173751831,1398320,30.472186691307996,25.250050536660346,24.31263325428967,26.890060364391005,28.008149249299063,3.1,46.0,-0.81,0.63
RTX,1976-07-06,0.36954556399820293,0.37081996580036863,0.36444851293259134,0.36827144026756287,612718,30.467960960655983,25.27967081823892,24.326280910265456,26.631844834940104,27.823814543016923,3.06,47.0,-0.8,0.63
RTX,1976-07-07,0.36827159291693445,0.3733686460952856,0.36444866399735065,0.3720942437648773,973739,30.26188542616622,25.153121840647003,23.856684362921882,26.440246121676086,27.788297764520877,3.02,43.0,-0.79,0.7
RTX,1976-07-08,0.372094444109793,0.37591737508773804,0.370820319165005,0.37591737508773804,1169504,30.328628856639213,25.17037353108628,23.48832240756359,26.439377145970727,27.79243524799811,2.97,37.0,-0.83,0.78
RTX,1976-07-09,0.37591730148938757,0.37591730148938757,0.37082024656457313,0.3746431767940521,2005954,30.26588526520812,25.171815130251186,23.49541257797946,26.360220928576076,27.74807297910674,2.93,38.0,-0.91,0.78
RTX,1976-07-12,0.37464289313534016,0.3759170168659802,0.36699703846539716,0.36827144026756287,3427155,30.696233678864914,25.478882501952405,23.32053542417625,26.44160548877314,27.802892882702494,2.87,30.0,-0.96,0.88
RTX,1976-07-13,0.36827169277094673,0.3733687473313247,0.36444876281480515,0.3695458173751831,2107650,30.66886071026461,25.46991685200495,23.203905279843916,26.203495155540413,27.768219480971723,2.82,25.0,-1.01,0.97
RTX,1976-07-14,0.3682716815463271,0.3682716815463271,0.3593514192299735,0.36317434906959534,2100022,31.01310164416764,25.42065244270398,23.332435321226846,26.302167420847745,27.717750523983366,2.76,32.0,-1.05,0.96
RTX,1976-07-15,0.3618999236024098,0.3618999236024098,0.3568028695189282,0.35935139656066895,1034757,31.187042340096184,24.589556768795244,23.330743863953966,26.085882543419547,27.724272448826987,2.7,32.0,-1.07,1.01
RTX,1976-07-16,0.3593514192299735,0.3657228762721073,0.35680289202746157,0.36317434906959534,1749171,31.241071526944296,24.38541395529547,22.98820864204392,25.869650810025203,27.735789645699594,2.65,22.0,-1.09,1.17
RTX,1976-07-19,0.36317423453504777,0.3695456895678107,0.35935130590106595,0.3644486367702484,1647475,28.76969710880631,24.224096507250355,22.333895419872498,25.869521396328143,27.65796555885463,2.6,15.0,-1.11,1.39
RTX,1976-07-20,0.36444882346997015,0.3657229482862589,0.3580773651732387,0.36062589287757874,508480,28.713771113044228,24.103648655132396,22.301789640499656,25.860167647104397,27.644277415877696,2.54,14.0,-1.12,1.4
RTX,1976-07-21,0.3606257991173845,0.3631743261591253,0.3568028695189282,0.35935139656066895,3831397,28.586476261332237,24.12132628648187,21.801758180910166,24.746365944134986,27.35289077257752,2.48,5.0,-1.13,1.54
RTX,1976-07-22,0.3593514919296275,0.3606258948245592,0.34660857526736694,0.3517059087753296,1230522,28.690100883432734,24.574529202585882,22.119386830307008,24.889867972978806,27.44122609144896,2.41,11.0,-1.12,1.42
RTX,1976-07-23,0.3517056898241964,0.35425421595573425,0.3478827615910941,0.35425421595573425,1006790,26.61494844884491,24.56994278682918,22.12357781832674,24.803938859375762,27.427617863257105,2.34,12.0,-1.11,1.42
RTX,1976-07-26,0.35425439810877146,0.3568029255507292,0.34788294046801005,0.34915706515312195,866958,25.284680266170156,24.73622065916886,22.27435284010276,24.87501779518731,27.10975461150969,2.27,17.0,-1.09,1.34
RTX,1976-07-27,0.34915690154053475,0.3542542321076092,0.34788277745246887,0.34788277745246887,577125,24.17855956398973,24.735262986575645,22.289238250234153,24.822774479687826,27.114017103326205,2.19,18.0,-1.06,1.34
RTX,1976-07-28,0.3478828923323258,0.3478828923323258,0.33896263041214697,0.3466084897518158,1268658,23.792955879679177,24.660986115201254,22.297224136736915,24.67560250878479,26.8266233462207,2.11,19.0,-1.03,1.34
RTX,1976-07-29,0.3466085377111642,0.3529799953519256,0.3453341349543183,0.34915706515312195,694075,23.79020855950668,24.517571333681314,22.314999422028244,24.574901289068094,26.821110384802534,2.05,22.0,-1.0,1.31
RTX,1976-07-30,0.3491570872216162,0.35298001766204834,0.3491570872216162,0.35298001766204834,635600,23.900035476119776,24.54250758672816,22.362025041806227,24.547839996825903,26.646628547607882,1.98,24.0,-0.97,1.26
RTX,1976-08-02,0.3529800335984972,0.3529800335984972,0.3504315058803979,0.3517059087753296,251698,23.815494104268815,24.55809930997245,22.33957861451623,24.555576164150345,26.648805573017185,1.91,24.0,-0.93,1.27
RTX,1976-08-03,0.35170589289640536,0.35298001766204834,0.35043149005901075,0.35298001766204834,1080520,23.63243017411251,24.476027372709467,22.31519629575475,24.54248377634456,26.64954237702887,1.85,23.0,-0.89,1.3
RTX,1976-08-04,0.3529798138541698,0.35552833998570765,0.3517056898241964,0.35425421595573425,1566118,23.391339657841563,23.829426639869013,22.29527020277417,24.36377162623605,26.644048692198563,1.79,19.0,-0.85,1.3
RTX,1976-08-05,0.35425421595573425,0.35935126821880997,0.3529798138541698,0.35425421595573425,783059,23.378476806455076,23.797280365073377,22.275147394772173,24.31990923386401,26.63749952188449,1.73,18.0,-0.81,1.31
RTX,1976-08-06,0.3542544364934289,0.3555285613165965,0.35170590877532965,0.3517059087753296,254240,23.28692463768,23.826805346102596,22.31907251966282,24.222620676133893,26.637606648258043,1.67,26.0,-0.76,1.3
RTX,1976-08-09,0.35298001001108353,0.3568029403686524,0.35298001001108353,0.35680294036865234,523734,23.522882522060705,24.000072079868993,22.398304499417502,24.26528140670453,26.637262971186093,1.6,30.0,-0.72,1.21
RTX,1976-08-10,0.3568028695189282,0.359351396560669,0.3517058154354466,0.35935139656066895,1128826,23.0304502106124,23.94921355292037,22.347082239676546,24.22297833239253,26.611920030245802,1.54,29.0,-0.69,1.22
RTX,1976-08-11,0.35935146791644973,0.36317439827401854,0.354254412820855,0.35680294036865234,1619509,17.893517332297176,24.004276436961607,22.392445261597135,24.040923803765875,26.61197240650615,1.48,31.0,-0.66,1.21
RTX,1976-08-12,0.3568028553654646,0.36062578481227503,0.3568028553654646,0.3580772578716278,1004248,15.827337482052043,23.950561762118188,22.39078488185764,24.038853108150448,26.610472736990943,1.42,31.0,-0.62,1.21
RTX,1976-08-13,0.3580772720756437,0.3618999236024098,0.3568028695189282,0.35935139656066895,343224,15.265180317594911,23.955941907682206,22.380893778875883,23.91168226048592,26.57990393449906,1.37,31.0,-0.58,1.22
RTX,1976-08-16,0.362435939720088,0.3637212812900543,0.359865537038713,0.3637212812900543,1067808,15.287658568270862,24.029015125528172,22.000571143525292,23.922460034489607,26.59986084967564,1.31,9.0,-0.52,1.4
RTX,1976-08-17,0.3637212812900543,0.3637212812900543,0.359865537038713,0.3637212812900543,915264,15.262991455561693,24.010000547772748,21.96434488153231,23.922460034489607,26.482455038517877,1.24,9.0,-0.46,1.41
RTX,1976-08-18,0.3637214110628303,0.3637214110628303,0.35858032340722534,0.359865665435791,724584,15.191254105634572,23.998945487179054,22.051004848394488,23.604277422749544,26.158653904446094,1.23,13.0,-0.38,1.38
RTX,1976-08-19,0.35986568702540345,0.35986568702540345,0.350869133661682,0.3521541953086853,615261,15.91702181819221,24.43947649808882,22.119449679741223,23.57659967901748,26.2467971691412,1.2,15.0,-0.31,1.36
RTX,1976-08-20,0.3482983659055146,0.3482983659055146,0.34058715649712523,0.343157559633255,574582,17.337200452574383,25.003499518493012,22.513856525263,23.5606952843504,26.238007404265918,1.18,41.0,-0.24,1.23
RTX,1976-08-23,0.3418720476120513,0.3418720476120513,0.33544590274210867,0.3393016457557678,767805,16.99949356260951,25.064995267546582,22.53188505425895,23.23842646938426,26.253710857783968,1.15,42.0,-0.16,1.26
RTX,1976-08-24,0.3393016457557678,0.3444426987647506,0.3367312438994843,0.3393016457557678,915264,16.91956433138295,25.018351587965586,22.527804822163912,23.236830335690968,26.25166921099516,1.12,42.0,-0.07,1.27
RTX,1976-08-25,0.3393016457557678,0.34058698691314343,0.3328755008858251,0.3393016457557678,572040,16.36198398279259,24.82500858691569,22.52358748634768,23.236830335690968,26.190904037814207,1.1,42.0,0.02,1.28
RTX,1976-08-26,0.33930171408701887,0.34315745787717805,0.33544597029685974,0.33544597029685974,1304251,16.40115350128873,24.92287337934603,22.606986433511437,23.292145761122878,26.125745148134243,1.08,46.0,0.11,1.25
RTX,1976-08-27,0.3354462998058447,0.3380169540013963,0.33159055222818373,0.3367316424846649,399157,16.05339494411762,24.925593846679313,22.53749865876084,23.274089367189298,26.12705213542446,1.05,45.0,0.23,1.32
RTX,1976-08-30,0.3367312595593129,0.3418720635109552,0.3367312595593129,0.3380165696144104,297461,16.063612453445188,23.62883877966146,22.40437696695758,23.27314270416756,26.12190561860922,1.03,39.0,0.32,1.37
RTX,1976-08-31,0.34058720531081504,0.34829841582439164,0.34058720531081504,0.34701335430145264,650854,17.901674955150973,24.06042192042157,22.755889432370626,23.425158641694907,26.243379096491378,1.0,50.0,0.4,1.16
RTX,1976-09-01,0.34701331200916685,0.35472480204155227,0.34572797018423146,0.3495837152004242,1510186,18.061064390770053,24.015999153863824,22.69469335661976,23.31334103024418,26.180206078525913,0.98,50.0,0.38,1.17
RTX,1976-09-02,0.3495837152004242,0.35343946021661693,0.34701331200916685,0.3495837152004242,605091,16.973732217963384,23.593240236629786,22.66937681784968,23.31334103024418,26.17795963677719,0.96,50.0,0.36,1.2
RTX,1976-09-03,0.3495837915560041,0.3521541953086853,0.34572804569764504,0.3521541953086853,505938,16.977811138863764,22.257955829037993,22.64357030200827,22.934912141300266,26.173867675815366,0.94,49.0,0.35,1.22
RTX,1976-09-07,0.3521541953086853,0.3534395374143632,0.3495837915560041,0.3521541953086853,1571203,16.42816805228009,21.150281315762438,22.62692493962131,22.918765013123704,26.16324357108611,0.92,49.0,0.21,1.23
RTX,1976-09-08,0.3521541807612455,0.35343952281382607,0.3495837771147473,0.3508691191673279,416954,16.428159145210593,20.494367515235293,22.640533857602748,22.824544453415264,25.87049007682441,0.9,50.0,-0.08,1.22
RTX,1976-09-09,0.3508690997875647,0.3508690997875647,0.34701335430145264,0.34701335430145264,422038,16.719216151374,20.390797857008884,22.41694510768481,22.8255439183782,25.89855471776549,0.88,41.0,-0.18,1.39
RTX,1976-09-10,0.3470133045667534,0.3482983659055146,0.34187221783588645,0.343157559633255,434750,16.877534074910933,20.467849684472167,21.792662117806724,22.690057216516628,25.921164863133768,0.85,5.0,-0.12,1.58
RTX,1976-09-13,0.34315742202573724,0.34572782413112535,0.3405870199203491,0.3405870199203491,696618,16.63218416164482,20.464798336701087,21.620546106827184,22.69597796262686,25.929071152621542,0.83,5.0,-0.07,1.74
RTX,1976-09-14,0.3393020473835057,0.3393020473835057,0.3354462998058447,0.3367316424846649,574582,16.88111860135012,20.540357994770904,21.56686439689444,22.618368158728515,25.958293758229615,0.8,4.0,-0.05,1.83
RTX,1976-09-15,0.3367312595593129,0.340587002752285,0.33416082642143835,0.3380165696144104,945773,16.886230586104418,20.42185521824746,21.43307474012127,22.619182971132975,25.9529343198923,0.76,4.0,-0.01,1.89
RTX,1976-09-16,0.338016586652906,0.3405870199203491,0.3315901918637484,0.3405870199203491,1466965,17.02805892086526,20.366762683028032,21.4570256819126,22.621306210130154,25.903394615550145,0.74,5.0,0.04,1.87
RTX,1976-09-17,0.3431576088153406,0.34701335430145264,0.3431576088153406,0.34701335430145264,1787307,17.987941263986894,20.71719313590557,21.654040855872754,22.702863377440977,25.83522266301541,0.73,9.0,0.11,1.69
RTX,1976-09-20,0.34701331200916685,0.35086905702535953,0.3444428776558413,0.3495837152004242,1507643,18.024946588911117,20.648661211618602,21.65194250604533,22.70808770615594,25.791259829232644,0.73,9.0,0.16,1.69
RTX,1976-09-21,0.349583605369792,0.35858015394200354,0.3482982639486795,0.35600975155830383,2018666,18.325722952054875,20.922174153889546,21.805619034933805,22.565918354636587,25.846827754837815,0.73,13.0,0.18,1.57
RTX,1976-09-22,0.3585801954687467,0.36629168397142925,0.3585801954687467,0.3637212812900543,2412738,19.259479552492106,21.04875712890978,22.042124137646894,22.428670776709943,25.803310229603426,0.73,21.0,0.15,1.38
RTX,1976-09-23,0.3637214383974764,0.3740033340227407,0.3637214383974764,0.37143293023109436,2148328,20.013041848314266,18.938146644111185,22.20738162828818,22.378560822090705,25.862446699562945,0.73,28.0,0.11,1.24
RTX,1976-09-24,0.36886231266149627,0.36886231266149627,0.3650065660476684,0.36500656604766846,849162,20.72437934750982,18.410310368120506,22.28760723502954,22.4787199729002,25.878003267651188,0.72,33.0,0.08,1.25
RTX,1976-09-27,0.3650064789521413,0.3675771630537792,0.3637214173599849,0.3662918210029602,5684806,20.72393060838537,18.11824517610131,22.249946178084016,22.436293092059987,25.76408572766875,0.72,29.0,0.03,1.29
RTX,1976-09-28,0.3662917818341834,0.3662917818341834,0.35600988790309607,0.3585802912712097,1878834,21.368213921739006,18.42032481806383,22.523886003554892,22.45716097077158,25.73911006379324,0.72,57.0,0.03,1.18
RTX,1976-09-29,0.3585802912712098,0.3624360365526966,0.3572952298164692,0.3585802912712097,1238149,21.368213921739006,18.41027774329168,22.46755739929855,22.295460786090516,25.470784403604757,0.71,55.0,0.06,1.2
RTX,1976-09-30,0.35858015394200354,0.359865495363116,0.35086894679090447,0.35600975155830383,1261030,21.24806131475448,18.322399885338548,22.07353464292235,22.31174432528088,25.326314033096264,0.71,23.0,0.06,1.42
RTX,1976-10-01,0.3560099043451426,0.3560099043451426,0.3444429172630319,0.3457280099391937,950858,22.01564509588241,19.087436934927666,22.551583602378166,22.45677118243559,25.494103980071227,0.7,63.0,0.07,1.28
RTX,1976-10-04,0.34572804569764504,0.3521541953086853,0.34572804569764504,0.3521541953086853,1072893,21.33086764890747,19.508609877367203,22.723071531211282,22.466647750042213,25.40690453365057,0.7,72.0,0.08,1.16
RTX,1976-10-05,0.3521541613105037,0.35343950329209023,0.3444429196348551,0.34701335430145264,1388150,21.521598808041542,19.428491417519044,22.84614862136222,22.54931060010642,25.452467524310745,0.7,75.0,0.08,1.11
RTX,1976-10-06,0.3470133734682491,0.3508691191673279,0.34572803141566855,0.3508691191673279,1929682,21.72549683591415,19.564603781520916,22.86325901760649,22.571925273990484,25.444773368682018,0.7,75.0,0.11,1.07
RTX,1976-10-07,0.3508690244470246,0.353439427399619,0.34572793808324853,0.3482983410358429,900010,21.862480139259684,19.30890609313398,22.895229457956955,22.587442943193416,25.318733663798543,0.7,75.0,0.13,1.05
RTX,1976-10-08,0.34829834103584295,0.3521540856940282,0.3470132797888394,0.3482983410358429,1515270,21.552429611869155,19.198989098822512,22.862686474368804,22.585047250838524,25.300763154649342,0.7,73.0,0.18,1.07
RTX,1976-10-11,0.347013398594851,0.347013398594851,0.34058724878396834,0.3444429636001587,1644933,21.831434990131616,19.178335916185343,22.93256250569703,22.62507316045731,25.27416964930338,0.7,75.0,0.2,1.04
RTX,1976-10-12,0.34444310647789805,0.34572819986000747,0.3354462998058447,0.3367316424846649,823738,22.832942673413132,19.665297464467184,23.18484315510455,22.783902387792146,25.05907075136028,0.7,79.0,0.17,0.97
RTX,1976-10-13,0.3367312765330195,0.3418720807437957,0.3367312765330195,0.3405870199203491,661024,21.718066508836504,19.739244287868786,23.249838218760956,22.716435105968525,25.06827618257604,0.7,80.0,0.16,0.9
RTX,1976-10-14,0.3405873900623259,0.3418724522823465,0.33159055222818373,0.3367316424846649,988994,21.797986541458624,19.848318601443328,23.252421095981106,22.614538296954578,24.989312964784986,0.71,80.0,0.16,0.9
RTX,1976-10-15,0.3367312765330195,0.3405870199203491,0.335445935251078,0.3405870199203491,879670,22.10224473501763,19.54513301556017,23.315412220777056,22.642256262482633,24.818661293209384,0.71,83.0,0.18,0.86
RTX,1976-10-18,0.34187227487564087,0.34572802045245193,0.34187227487564087,0.34187227487564087,1301709,22.011447573165942,19.499374459171314,23.302020780092064,22.622388670005282,24.64918442182756,0.71,81.0,0.21,0.85
RTX,1976-10-19,0.34187221783588645,0.343157559633255,0.3393018146997567,0.343157559633255,1014418,22.052909215824062,19.30136910954929,23.275412980365978,22.505264622579016,24.638518340582515,0.71,78.0,0.28,0.86
RTX,1976-10-20,0.34315740472810613,0.3482982086797484,0.3380165696144104,0.3380165696144104,714414,22.424875433161098,19.527633297788483,23.372182522653397,22.443445840233988,24.631409394345614,0.71,86.0,0.29,0.83
RTX,1976-10-21,0.3380169540013963,0.3431577949611667,0.3367316424846649,0.3367316424846649,1731374,22.247220903912915,19.528623315309492,23.255688255548055,22.431283721042796,24.621825651329868,0.7,76.0,0.25,0.92
RTX,1976-10-22,0.3367313117130875,0.33930171408701887,0.33287556792292833,0.33544597029685974,2000869,22.056415870908896,19.471833495657616,23.25603394919145,22.350895922358543,24.454602296236565,0.69,76.0,0.22,0.92
RTX,1976-10-25,0.335445918342162,0.339301661535134,0.33416082642143835,0.3380165696144104,907637,22.089974846195858,19.400601493867352,23.281264284400187,22.18229905154699,24.463394479100845,0.68,77.0,0.21,0.89
RTX,1976-10-26,0.3393018609928064,0.3457280099391937,0.3393018609928064,0.3457280099391937,1047469,22.783192142111652,19.967091807465806,22.731848318738887,22.29274514056958,24.353157986007826,0.67,59.0,0.31,0.71
RTX,1976-10-27,0.34701331200916685,0.3495837152004242,0.34701331200916685,0.3495837152004242,859331,22.961621582673057,20.087872300855256,22.705095445501218,22.31333216144533,24.20037163575641,0.67,57.0,0.38,0.68
RTX,1976-10-28,0.3495837915560041,0.35729528327272225,0.3495837915560041,0.3521541953086853,2272906,22.955636625663896,20.13210929500595,22.68470523095474,22.05741897302174,24.207991136089714,0.66,55.0,0.35,0.67
RTX,1976-10-29,0.3521541426216092,0.3598656331845829,0.35086908116686866,0.3585802912712097,856789,22.915745551610385,20.474115182323004,22.591396349007606,21.940504349510963,24.231337997755556,0.66,49.0,-0.3,0.65
RTX,1976-11-01,0.3585802912712098,0.3611509750979561,0.35600988790309607,0.3585802912712097,1438998,22.839503994967036,20.415713935162742,21.73202875818455,21.935980049201522,23.396945065413348,0.66,7.0,-0.39,0.67
RTX,1976-11-03,0.35472494160623563,0.35472494160623563,0.34958385274237286,0.353439599275589,772890,22.641750123214095,20.422240516913305,21.18833279769196,21.748429974998913,23.44215994974796,0.68,1.0,-0.36,0.72
RTX,1976-11-04,0.35343948453498236,0.3598656331845829,0.35343948453498236,0.3585802912712097,816110,22.145591162768675,20.588127456771467,20.90900470721134,21.7180183927601,23.403035263949214,0.7,1.0,-0.39,0.8
RTX,1976-11-05,0.3590989692232905,0.3590989692232905,0.3552097678184509,0.3552097678184509,831365,21.324571109584806,20.627797870524244,20.827145910594588,21.687398073023125,23.42515815825703,0.72,1.0,-0.38,0.84
RTX,1976-11-08,0.3552098525812047,0.3578028427312953,0.3513206502482954,0.35650634765625,1421202,20.822838750552066,20.62839504314188,20.80319687078961,21.62147005817473,23.38280489162824,0.74,1.0,-0.38,0.86
RTX,1976-11-09,0.3565061163030947,0.3616915274537717,0.35520962206940393,0.3590988218784332,666109,20.91764431995105,20.66996667764378,20.802057067934715,21.38794670406127,23.26762868949759,0.75,1.0,-0.4,0.86
RTX,1976-11-10,0.359098966564809,0.36169167318478795,0.359098966564809,0.3603954613208771,488141,20.01000875125937,20.530526711033495,20.771168296608046,20.97984684802363,23.18947181836183,0.77,1.0,-0.42,0.87
RTX,1976-11-11,0.3603954419343006,0.3616916537284851,0.3590989472479743,0.3616916537284851,775432,20.034423221569288,20.544848979085376,20.708063779584386,20.91932990030456,23.150039267960018,0.78,1.0,-0.46,0.92
RTX,1976-11-12,0.36169167318478795,0.36169167318478795,0.359098966564809,0.3603954613208771,574582,19.94448027328325,20.440430014601453,20.636918892581118,20.640633119767593,23.15512283481995,0.8,1.0,-0.48,0.96
RTX,1976-11-15,0.360395461320877,0.36169167318478795,0.35780275470089806,0.3603954613208771,2796640,17.84900220486454,19.934647511054457,20.630522305075395,20.63773902306519,23.146434786234433,0.82,1.0,-0.49,0.97
RTX,1976-11-16,0.3603955152930173,0.36169172735104643,0.35650631333453087,0.3578028082847595,439835,17.260076889382994,19.239234650651603,20.595431292696976,20.651906352750764,23.033100656881945,0.84,1.0,-0.5,1.02
RTX,1976-11-17,0.3578028427312953,0.3578028427312953,0.3552098525812047,0.35650634765625,1037299,16.699892877976673,19.098655413911413,20.569189237182638,20.659118731766632,23.007979408138386,0.86,1.0,-0.49,1.03
RTX,1976-11-18,0.3578027354537899,0.3616916537284851,0.3578027354537899,0.3616916537284851,1543237,16.906565724794653,19.30024218560141,20.493990983669804,20.718956876033666,22.956106933712846,0.88,1.0,-0.53,1.07
RTX,1976-11-19,0.36169176827169663,0.36558097067019496,0.36169176827169663,0.36298826336860657,1466965,16.732461387643742,19.305740122480366,18.933653603853028,20.71710399313463,22.956679697676755,0.92,1.0,-0.5,-0.35
RTX,1976-11-22,0.3629882686699149,0.36558097600936884,0.3616917735540702,0.3655809760093689,2194091,16.808541234538215,19.164285355635354,18.458916139190737,20.728632880039548,22.929471255271523,0.98,1.0,-0.71,-0.39
RTX,1976-11-23,0.365580733764872,0.3668772280216217,0.3642845224001704,0.3668772280216217,3894957,16.3740736583081,19.162850770268356,18.27937113292477,20.73015059715359,22.7669160457293,1.04,1.0,-0.76,-0.32
RTX,1976-11-24,0.3668772209523525,0.3668772209523525,0.3603953155775984,0.3642845153808594,1309336,14.884459873259257,19.235115417123698,18.18510290403269,20.733523389479853,22.781018807966483,1.1,1.0,-0.76,-0.27
RTX,1976-11-26,0.3642847637857597,0.36687747112521363,0.3642847637857597,0.3655809760093689,488141,14.655115474005736,18.52321569690532,18.186646978714695,20.71676953218686,22.680728144083847,1.15,2.0,-0.75,-0.27
RTX,1976-11-29,0.365580733764872,0.3668772280216217,0.3642845224001704,0.3668772280216217,1426286,14.065251176012831,18.48223345949971,18.119640243121136,20.708193827149472,22.66556975132671,1.2,1.0,-0.77,-0.24
RTX,1976-11-30,0.3668772280216217,0.37206263926452426,0.3642845224001704,0.3668772280216217,1077978,13.850937243490499,18.48223345949971,18.043321453579786,20.698149151775127,22.66556975132671,1.26,1.0,-0.89,-0.21
RTX,1976-12-01,0.3668774421439958,0.37076664429206985,0.3668774421439958,0.36947014927864075,564413,13.909830637375512,18.4780534320184,18.07296743906802,20.706299844435932,22.404823741428444,1.31,2.0,-0.98,-0.22
RTX,1976-12-02,0.369469933643073,0.37206263926452426,0.3668772280216217,0.3668772280216217,2293245,14.180522283174621,18.54731606552148,17.90112246193859,20.72580586429095,22.278845244530114,1.36,1.0,-0.99,-0.15
RTX,1976-12-03,0.3694699771785134,0.37206268310546875,0.3694699771785134,0.37206268310546875,1680526,13.58925840657737,18.724080701205686,18.031985159772894,20.74669784829948,22.12706309326213,1.41,2.0,-0.95,-0.21
RTX,1976-12-06,0.37206265248634024,0.3798410525191596,0.37076644107557577,0.3772483468055725,1749171,13.760108147010497,18.73604436538907,17.94362414033222,20.796117423556044,21.877044366903334,1.45,2.0,-0.79,-0.17
RTX,1976-12-07,0.37724844866677215,0.38243386149406433,0.37724844866677215,0.38243386149406433,1942394,13.851936630334777,18.715659610231548,17.97911852254026,20.8435540037249,21.90478425827836,1.49,3.0,-0.45,-0.16
RTX,1976-12-08,0.3824338362159935,0.39021223783493036,0.3811376245409146,0.3902122378349304,1421202,14.563485525542545,18.983320459492248,18.17668815229631,20.951964867926367,21.97755731851208,1.53,8.0,0.34,-0.19
RTX,1976-12-09,0.39150875758210374,0.40058362874807163,0.39150875758210374,0.39539796113967896,2519518,13.804098700634945,18.896655186491046,18.279433949391,20.731784583534363,22.00387218635631,1.57,12.0,1.21,-0.23
RTX,1976-12-10,0.3953976004499843,0.396694094750593,0.39150840044021606,0.39150840044021606,4911917,14.261664411322078,19.069243644108706,18.26931010321845,20.75520822101628,22.02339912572486,1.6,11.0,1.31,-0.23
RTX,1976-12-13,0.39150832397315144,0.39280481802053663,0.383730176932403,0.38761937618255615,1266115,14.760796423996334,19.206631332646648,18.336968909681058,20.796651639992238,22.056214834190268,1.63,14.0,1.15,-0.27
RTX,1976-12-14,0.3863230347633361,0.3863230347633361,0.382433833976641,0.3863230347633362,1189843,14.178285340666838,18.925207516532296,17.999278584231504,20.66322746064593,22.04924956850957,1.67,4.0,0.94,-0.2
RTX,1976-12-15,0.3889157747001929,0.39280497550966137,0.3889157747001929,0.3902122378349304,1205098,14.32228303719916,18.96615700931952,18.029578559257935,20.666535160820583,21.9705537031046,1.71,5.0,0.8,-0.21
RTX,1976-12-16,0.39021222902802233,0.39150847210630296,0.38243382758464034,0.38373032212257385,2125446,14.577621984685399,19.029748545074295,18.082344669165433,20.736120280824125,22.05083306857922,1.74,9.0,0.6,-0.22
RTX,1976-12-17,0.38373035614695467,0.3876195572134911,0.3811376497333086,0.38243386149406433,1589000,14.24617890786107,18.580001861676777,18.08063467452602,20.741040534054168,21.761707290380414,1.77,9.0,0.41,-0.22
RTX,1976-12-20,0.38243375823274667,0.3837302525355693,0.37595185250274993,0.3772483468055725,1184758,14.591691358741993,18.33019225100107,18.21446004385859,20.813933070122726,21.805456730996298,1.8,15.0,0.27,-0.28
RTX,1976-12-21,0.37724844866677215,0.38243386149406433,0.37724844866677215,0.38243386149406433,1283912,14.972613581513643,18.15404783348828,18.299223145823902,20.862808060417137,21.761178381350273,1.82,19.0,0.11,-0.31
RTX,1976-12-22,0.38243386149406433,0.3863230625606008,0.3811376497333086,0.38243386149406433,1286454,14.913481210313439,18.14569785578754,18.229579758528352,20.821134244592997,21.72330197024403,1.84,16.0,-0.03,-0.28
RTX,1976-12-23,0.3837302169135866,0.3966940586025873,0.3837302169135866,0.3941013216972351,2288160,16.973231798269232,18.533119746704816,18.79658327284289,21.013177789016957,21.759419624993274,1.85,23.0,-0.08,-0.21
RTX,1976-12-27,0.3966942210811435,0.40317612886428833,0.3966942210811435,0.40317612886428833,2364432,17.916737443111945,19.03108653965572,19.104137322721197,21.162690558765455,21.840978928124237,1.86,25.0,0.09,-0.27
RTX,1976-12-28,0.4031759276479285,0.4057686328887939,0.4018794335814924,0.40576863288879395,2161040,17.801116164914614,18.955845095595972,19.117828157944352,21.12088800539856,21.7448400041786,1.87,26.0,0.22,-0.28
RTX,1976-12-29,0.40576868324893783,0.4083613888115852,0.40447244048118597,0.4044724404811859,1306794,17.88679864542316,17.825024528690285,19.130354705392694,21.113599735801238,21.75154317474982,1.88,27.0,0.21,-0.29
RTX,1976-12-30,0.4044725921453156,0.4044725921453156,0.40058339089699907,0.40317612886428833,1032214,17.708092212572403,17.555164991347922,19.095323836263255,21.095318430803562,21.752776694828814,1.89,25.0,0.13,-0.27
RTX,1976-12-31,0.40317612886428833,0.4044725921453156,0.40058339089699907,0.40317612886428833,422038,17.603485155532574,17.203487946943422,18.981818729148127,21.085176627419898,21.751532017986648,1.9,25.0,0.04,-0.22
RTX,1977-01-03,0.4044724164879483,0.4044724164879483,0.40058321692866306,0.4018794596195221,1563576,17.445588524059144,17.149080932419217,18.971034117445885,21.092029994595883,21.75586531240907,1.9,25.0,-0.08,-0.22
RTX,1977-01-04,0.40187968365274096,0.4031761785259262,0.397990733385086,0.39799073338508606,4022077,17.86219477404549,17.212592023777702,19.004317787214244,20.953443969579993,21.62120045366544,1.91,27.0,-0.22,-0.23
RTX,1977-01-05,0.39799062313366745,0.39928686618804926,0.3953976655380633,0.3992868661880493,2458501,17.821145141234965,17.207555025703357,19.003343981440032,20.5475383054919,21.429793230789162,1.91,27.0,-0.34,-0.23
RTX,1977-01-06,0.39928675421067356,0.40187945961952204,0.39799051151981457,0.4018794596195221,1316963,17.849966024391485,16.998606764071504,19.018624058904784,20.44272805294458,21.310867819361135,1.92,29.0,-0.44,-0.24
RTX,1977-01-07,0.40187963415080025,0.40317612886428833,0.40058339089699907,0.40317612886428833,1217810,17.589765299121915,16.16612680306848,18.940384265855585,20.374965677067433,21.296403912785195,1.93,25.0,-0.53,-0.21
RTX,1977-01-10,0.40317603437387844,0.40317603437387844,0.39799059108704793,0.40058329701423645,2644096,17.81879150122562,16.18433152602761,18.976969723021995,20.302111476887035,21.280981096211327,1.93,27.0,-0.62,-0.23
RTX,1977-01-11,0.40058318508839813,0.40058318508839813,0.3811374717296351,0.38761937618255615,1848325,20.637849157799177,17.52891567513414,19.64052458201335,20.694006017984638,21.453997153335308,1.93,36.0,-0.71,-0.03
RTX,1977-01-12,0.38632302347687486,0.38632302347687486,0.36947000915496775,0.3759519159793854,1489846,22.674220524281385,18.675538551236908,19.947408773030773,21.026029194582048,21.571781646802908,1.93,37.0,-0.75,0.07
RTX,1977-01-13,0.3759519206791918,0.38373032212257385,0.3759519206791918,0.38373032212257385,1731374,23.320123435877075,19.066538167516207,19.734129180615323,21.14001357836947,21.647364387760167,1.93,37.0,-0.8,0.09
RTX,1977-01-14,0.38373031974860994,0.38373031974860994,0.377248412883262,0.3798411190509796,884755,23.434950991187538,19.22284526666043,19.717082426599664,21.16434686470288,21.562390060954485,1.92,37.0,-0.82,0.09
RTX,1977-01-17,0.3798410525191596,0.38113754682198225,0.37595185250274993,0.3772483468055725,671194,23.21840496959947,18.988124234296002,19.757001478666858,21.176608328684477,21.520727077801485,1.92,39.0,-0.84,0.07
RTX,1977-01-18,0.37724841696830674,0.38243382935989234,0.37724841696830674,0.3785446286201477,907637,22.890821503587492,18.954230807325605,19.75982018464676,21.14419101615322,21.52110937152556,1.91,40.0,-0.86,0.07
RTX,1977-01-19,0.3785444012417254,0.38502633571624756,0.3707662873263888,0.38502633571624756,2529688,23.08123631200026,19.161797650556863,19.816023750187462,21.162515802842503,21.573182660229058,1.9,41.0,-0.89,0.07
RTX,1977-01-20,0.3850264984651428,0.3850264984651428,0.3798410555639514,0.38113754987716675,734754,22.47213867217367,19.29643092179851,19.89614451250073,21.176840624200672,21.597443852960907,1.9,42.0,-0.91,0.02
RTX,1977-01-21,0.38243382758464034,0.3863230283063313,0.38243382758464034,0.38373032212257385,1507643,22.20024467311506,18.844146749363592,19.91149714494549,21.18905650986994,21.601454004267044,1.89,43.0,-0.94,0.01
RTX,1977-01-24,0.38373033078318824,0.39280497550966137,0.3824338362159935,0.3902122378349304,1182216,22.6121111551085,18.99919498340255,19.663092661477783,21.23965684660908,21.64808299678322,1.88,37.0,-0.98,0.01
RTX,1977-01-25,0.3876193761825561,0.3876193761825561,0.3850264195202304,0.38761937618255615,1113571,22.50647627263757,19.04275387669363,19.676664192289604,21.013086016003328,21.64915874965125,1.87,38.0,-1.02,-0.01
RTX,1977-01-26,0.3876195228442648,0.3876195228442648,0.38243382758464034,0.38373032212257385,3127152,22.67754263250107,18.875527911389423,19.75509435146045,21.038920369737262,21.605227867224016,1.86,41.0,-1.04,-0.06
RTX,1977-01-27,0.3824337446423776,0.3824337446423776,0.365580733764872,0.3668772280216217,1194928,25.883456017012573,21.103096045513205,21.02444374918074,21.709350030581774,21.985843270283187,1.85,59.0,-1.03,0.67
RTX,1977-01-28,0.36817353352267973,0.3772484298561441,0.36817353352267973,0.37465572357177734,2799182,26.328222965182125,21.288226256244158,21.276327093490327,21.846150553236164,22.071390744527605,1.84,61.0,-1.03,0.59
RTX,1977-01-31,0.374655710772514,0.37854462862014776,0.374655710772514,0.3785446286201477,699160,26.510426332553717,21.19354949410492,21.320543690916672,21.84674104434063,22.073816864336536,1.83,62.0,-1.03,0.58
RTX,1977-02-01,0.37724819036847307,0.3863227980490029,0.37724819036847307,0.38502633571624756,986451,26.659911068972264,21.33385467947098,21.389516020809577,21.932689443685828,22.042845604071964,1.82,63.0,-1.04,0.59
RTX,1977-02-02,0.3850265993401698,0.3876195572134911,0.38243386149406433,0.38243386149406433,866958,26.4523714699479,21.392342085444355,21.336741316414606,21.92937880165358,21.95357631619967,1.82,63.0,-1.04,0.63
RTX,1977-02-03,0.3824337612983215,0.38373025561153684,0.37854456125073616,0.38113754987716675,699160,26.470669941863413,21.374409472046967,21.30443774662562,21.93417372676484,21.94492715794423,1.82,62.0,-1.03,0.66
RTX,1977-02-04,0.38113754682198225,0.38113754682198225,0.37595185250274993,0.3772483468055725,988994,25.017166917028387,21.490518257927864,21.288328559022045,21.957002146664504,21.909715818258046,1.82,62.0,-1.01,0.67
RTX,1977-02-07,0.3772484105011113,0.37854462213073126,0.3759519159793854,0.3759519159793854,940688,23.942177926614516,21.499311655099092,21.29627623052606,21.95633421042803,21.781345741431984,1.82,63.0,-0.98,0.65
RTX,1977-02-08,0.37595188344194264,0.3811375781879349,0.37206268310546875,0.37206268310546875,744923,23.904574878624913,21.601631524780604,21.34746291560327,21.950694937307723,21.78862411665485,1.81,67.0,-0.95,0.59
RTX,1977-02-09,0.3720624929365204,0.37595169128514333,0.36946978833475075,0.370766282081604,821195,23.905050178903046,21.617134599536186,21.166083579589476,21.95255845214706,21.78639702870815,1.81,60.0,-0.91,0.65
RTX,1977-02-10,0.37076664429206985,0.3733593514267147,0.36817365426521165,0.36947014927864075,1319506,23.90552839650016,21.574008677547628,21.148655036482662,21.943942987537564,21.599445568575415,1.81,60.0,-0.88,0.64
RTX,1977-02-11,0.36946978833475075,0.3720624929365204,0.36687708373298106,0.370766282081604,1222894,23.964047487870207,21.564712470603983,20.964054082748905,21.925390609032938,21.45580576994356,1.81,59.0,-0.86,0.72
RTX,1977-02-14,0.37076667480454395,0.37595208950057074,0.369470179684419,0.3733593821525574,844077,24.129678429124755,21.41454928808622,20.71917413050243,21.922657650093054,21.459701675759664,1.8,54.0,-0.86,0.81
RTX,1977-02-15,0.37335898668337364,0.37335898668337364,0.36817329458789744,0.370766282081604,1222894,24.070709134557898,21.459456958667083,20.48143920932612,21.87290422751631,21.27448788632335,1.79,48.0,-0.86,0.87
RTX,1977-02-16,0.370766282081604,0.3720624929365204,0.36817329458789744,0.370766282081604,2412738,24.023220938309837,21.413160841401595,20.28975525218431,21.867281536232806,21.211041725571985,1.78,48.0,-0.86,1.02
RTX,1977-02-17,0.373904207575218,0.373904207575218,0.3673674459995993,0.3699820935726166,1156792,23.87390926710707,21.407253343032153,20.285724048139098,21.863683206856965,21.16143383612358,1.77,48.0,-0.85,1.01
RTX,1977-02-18,0.36867472642117327,0.36867472642117327,0.36344542986697376,0.3660600781440735,1306794,23.910757643693238,21.471071523773848,20.069736685722315,21.412829264847204,21.14300415444044,1.76,48.0,-0.84,1.12
RTX,1977-02-22,0.3660600781440735,0.36867472642117327,0.36344542986697376,0.3660600781440735,709330,23.908079367570245,21.458878219022704,20.069736685722315,21.361877064090194,20.96106157418202,1.75,48.5,-0.83,1.12
RTX,1977-02-23,0.36606007702500654,0.36867472529411316,0.3647526102473398,0.36867472529411316,2872912,22.320539760476112,21.496422650224794,20.06398897113092,21.35039485012645,20.668982817850864,1.74,48.0,-0.8,1.15
RTX,1977-02-24,0.36867468738424747,0.3699821540274708,0.36606003938399834,0.3673675060272217,808483,20.58792553632896,21.50931920738297,19.50375882363033,21.211496084180947,20.629673554775326,1.73,36.0,-0.75,1.34
RTX,1977-02-25,0.3673674542328413,0.37128928303718567,0.36605998777395493,0.37128928303718567,635600,19.890131437460514,21.571567931846328,19.361269336639918,20.73215416779865,20.44952320168921,1.71,36.0,-0.72,1.42
RTX,1977-02-28,0.3712892742945564,0.37259674072265625,0.3686746267245073,0.37259674072265625,1161877,19.74198126852992,21.53110907524817,19.211795394504556,20.34061294220762,20.448316181742776,1.69,36.0,-0.66,1.56
RTX,1977-03-01,0.37259705606612253,0.37651917338371277,0.37128958853146177,0.37651917338371277,1296624,19.90633604970555,21.44594821248375,19.204098667165393,20.14785743441107,20.462977207482382,1.68,36.0,-0.62,1.57
RTX,1977-03-02,0.37913340356210035,0.3843629826265334,0.37913340356210035,0.3817480504512787,1296624,20.287285678531095,21.444605415253754,19.27146431380894,20.126844395484518,20.502681207087324,1.66,38.0,-0.57,1.56
RTX,1977-03-03,0.38174810165810935,0.38174810165810935,0.3765188071783068,0.3778262734413147,1296624,19.873753771307765,21.364937959810533,19.353515836334463,20.151862857616152,20.53397205969889,1.64,39.0,-0.51,1.47
RTX,1977-03-04,0.37782664091837354,0.3791338231666423,0.37259705606612253,0.37651917338371277,3043253,19.68899701632975,20.948829963625386,19.271170900346956,20.140745346136836,20.536414770112124,1.61,38.0,-0.43,1.55
RTX,1977-03-07,0.3765190227850087,0.37913367152214056,0.3752115557733038,0.3791336715221405,1083062,19.693484302294827,20.81121804441616,18.92048197520695,20.13345395642204,20.544621205094714,1.59,24.0,-0.38,1.8
RTX,1977-03-08,0.37913367152214056,0.3804411385338454,0.37913367152214056,0.3791336715221405,915264,19.012337922360445,20.723277827291138,18.850464948973297,20.09466279241362,20.544559574234807,1.56,24.0,-0.3,1.84
RTX,1977-03-09,0.3791338231666423,0.3791338231666423,0.37651917338371277,0.37651917338371277,498310,19.019075736059893,20.673076990535172,18.78859082346827,20.06723649742233,20.546244591438203,1.53,23.0,-0.26,1.91
RTX,1977-03-10,0.37521126866340637,0.37521126866340637,0.3712891559157519,0.37521126866340637,1245776,18.83949832059259,20.673862289869966,18.72990233464987,20.069112292529375,20.536888954992538,1.5,23.0,-0.18,1.93
RTX,1977-03-11,0.375211705849052,0.3791338231666423,0.375211705849052,0.37651917338371277,1609339,13.424070872585053,20.575181154361317,18.728866843629106,20.0331409414268,20.531595876624262,1.46,23.0,-0.1,1.93
RTX,1977-03-14,0.37651875667292195,0.3817480504512787,0.37651875667292195,0.3817480504512787,3081389,12.626003727212876,20.502862454854093,18.834405964714026,20.073986718386756,20.56438428731403,1.42,27.0,-0.02,1.86
RTX,1977-03-15,0.38174800416172117,0.38436293601989746,0.38044082351867475,0.38436293601989746,1100859,12.431566898722174,20.53946481378725,18.676442576017585,19.977778243888444,20.569893807451983,1.38,23.0,-0.01,2.03
RTX,1977-03-16,0.38436318352401505,0.38567036500879875,0.3817482499819969,0.383055716753006,920349,11.450004848627419,20.353297056240898,18.673761850506434,19.11896829939472,20.57224651952157,1.34,23.0,-0.06,2.04
RTX,1977-03-17,0.3830554700908093,0.38436293601989746,0.38174800416172117,0.38436293601989746,994078,11.320239244521547,20.172754195203986,18.658629055991245,18.85259232303092,20.550233884698336,1.3,23.0,-0.24,2.07
RTX,1977-03-18,0.3843631824220098,0.38828504384981133,0.3817482488874889,0.38567036390304565,1871206,11.305596027027097,20.18415218987897,18.634474970361563,18.748847355260875,20.548952195961817,1.25,23.0,-0.45,2.08
RTX,1977-03-21,0.38567036500879875,0.3869778317798078,0.3817482499819969,0.383055716753006,531362,11.064589982299342,19.242580836833756,18.363583840518626,18.694749416579835,20.561628230250943,1.22,22.0,-0.5,2.21
RTX,1977-03-22,0.383055516538906,0.383055516538906,0.3778262227605493,0.3817480504512787,607634,11.063882878424225,18.630414675032174,18.305509024714954,18.694654006127113,20.55937527484582,1.18,21.0,-0.5,2.23
RTX,1977-03-23,0.37913351121818906,0.37913351121818906,0.36867463540557033,0.37128928303718567,1243234,13.443792973562296,19.359948359020564,18.8315661531891,18.946066188490956,20.559625892245272,1.14,33.0,-0.48,1.94
RTX,1977-03-24,0.3699821033351679,0.3699821033351679,0.3634453415870667,0.36344534158706665,1283912,14.77011783885672,19.78166902732427,18.93610135002753,19.07386659830345,20.666781923946857,1.1,38.0,-0.47,1.81
RTX,1977-03-25,0.3634453415870667,0.36475252276499187,0.3608306939450579,0.36344534158706665,513565,14.746517476370776,19.78271408506765,18.93610135002753,19.070057896841778,20.66402769019184,1.08,38.5,-0.46,1.81
RTX,1977-03-28,0.36344537210087635,0.36344537210087635,0.35821579109164003,0.36083072423934937,554243,14.817883436736537,19.811076076313967,18.82903113852082,18.98151401603247,20.58485202848025,1.06,33.0,-0.48,1.91
RTX,1977-03-29,0.36213787512298307,0.3699821033351679,0.36213787512298307,0.36344534158706665,1205098,14.829621632934634,19.895576159729025,18.72470291909158,18.996701274421632,20.582228667459578,1.06,29.0,-0.47,1.98
RTX,1977-03-30,0.36344537210087635,0.36998213439778505,0.3595232576654947,0.36083072423934937,1711035,14.838707345768153,19.85890331886059,18.699052549825698,18.9041969639215,20.562886119123327,1.05,29.0,-0.48,2.01
RTX,1977-03-31,0.3608306939450579,0.36475252276499187,0.35690857983896546,0.36344534158706665,1957648,15.023385599031611,19.917168822493796,18.7246282435563,18.881716766392493,20.570155193875596,1.04,30.0,-0.48,2.0
RTX,1977-04-01,0.36475252276499187,0.36475252276499187,0.36213787512298307,0.36344534158706665,1100859,15.018128863596989,19.849636309464657,18.690455411370426,18.840187762863593,20.5673934910305,1.03,29.0,-0.47,2.01
RTX,1977-04-04,0.36344537210087635,0.3647525533885487,0.36083072423934937,0.36083072423934937,564413,14.850098384520413,19.854958789846698,18.71806116438159,18.85486909806284,20.57986371413499,1.02,31.0,-0.47,1.96
RTX,1977-04-05,0.3608306939450579,0.36475252276499187,0.35952322748097426,0.36344534158706665,742381,15.01685709144166,19.917199243899077,18.744573653196923,18.832888496540974,20.556521858871456,1.02,36.0,-0.47,1.94
RTX,1977-04-06,0.3634452905775321,0.3647524715719945,0.36083064330248893,0.3621378242969513,780517,14.881354623626224,18.82739368667939,18.744642550754108,18.833060557695937,20.50426903083178,1.01,37.0,-0.46,1.94
RTX,1977-04-07,0.36213797211629906,0.3647526204586029,0.3608307905882646,0.3647526204586029,554243,15.021165834881408,17.872494141150295,18.77893323129735,18.676264469218868,20.51434203551133,1.0,38.0,-0.45,1.92
RTX,1977-04-11,0.3647525131404311,0.3699820935726166,0.3647525131404311,0.3699820935726166,2133074,15.282597205380608,17.603186998004468,18.874087658733917,18.731740641801395,20.527164456858262,0.99,45.0,-0.43,1.89
RTX,1977-04-12,0.36998209315260716,0.37651885472080515,0.3686746267245073,0.37259674072265625,1278827,15.389261027426638,17.556810495341143,18.893047653202057,18.666456745200396,20.52251955275211,0.98,46.0,-0.41,1.9
RTX,1977-04-13,0.373904101269574,0.38044086098670954,0.373904101269574,0.3804408609867096,897467,16.26980672318162,18.027496195037248,19.040331731885807,18.816570526517964,20.59754977600587,0.98,58.0,-0.38,1.83
RTX,1977-04-14,0.3830554700908093,0.3869775825920321,0.3830554700908093,0.38436293601989746,1754256,16.046641974839716,18.134665402966533,19.097194241722608,18.845281934123406,20.6125439540098,0.98,59.0,-0.38,1.79
RTX,1977-04-15,0.3856700649124464,0.38828474283218384,0.3856700649124464,0.38828474283218384,716957,15.97371088265635,17.918466826655084,19.129713455510746,18.86249195653471,20.632871397500356,0.97,61.0,-0.4,1.77
RTX,1977-04-18,0.3882848832856279,0.39612911007298424,0.38697767064668326,0.39220699667930603,10286550,16.131548346743163,17.90116570510916,19.183011184117287,18.856304265309877,20.515562855547113,0.97,62.0,-0.44,1.73
RTX,1977-04-19,0.39220699667930603,0.3948216438463893,0.39089978404036146,0.39220699667930603,3457664,16.048786628511653,17.853070954250093,19.14298230273868,18.849814076354857,20.212403375662742,0.96,61.0,-0.48,1.78
RTX,1977-04-20,0.39220703833450177,0.4013587006219688,0.39220703833450177,0.4000512659549713,10189939,16.92972523601843,17.983210590713412,19.376183153867657,18.983039781197427,20.21600474019808,0.96,68.0,-0.54,1.65
RTX,1977-04-21,0.40005119978273906,0.4026658467950294,0.3987437336335491,0.40135863423347473,3119525,16.73055208953824,17.93125358207733,19.375273583971264,18.982347917656696,20.16523707239845,0.95,67.0,-0.59,1.65
RTX,1977-04-22,0.40005148396372114,0.40005148396372114,0.3961293680161225,0.39874401688575745,988994,16.842654754209445,17.855707625178734,19.410732762546868,19.001452140189414,20.114507819873428,0.94,68.0,-0.64,1.61
RTX,1977-04-25,0.39874375722285454,0.39874375722285454,0.39351443119045754,0.3948216438293457,2939014,17.184502657971315,15.298902350125495,19.45883843015162,19.019620848272815,20.14029781446002,0.93,68.0,-0.68,1.53
RTX,1977-04-26,0.39482169472438183,0.39743659581607993,0.39482169472438183,0.39612916111946106,864416,16.80156811974662,14.742710532202906,19.423830744531884,18.951944599013018,20.141830841354068,0.92,67.0,-0.72,1.58
RTX,1977-04-27,0.39612915214473654,0.40005126595497126,0.39612915214473654,0.4000512659549713,1367811,16.91163953978738,14.730118438366924,19.362356050163914,18.967982059764626,20.150681912941156,0.91,63.0,-0.77,1.62
RTX,1977-04-28,0.40005119978273906,0.4026658467950294,0.40005119978273906,0.40135863423347473,1344930,16.85958157912938,14.35495429213431,19.252460908464982,18.9483105416182,20.140600465217783,0.9,58.0,-0.83,1.69
RTX,1977-04-29,0.4013587300337601,0.40397337767014047,0.4013587300337601,0.4026659429073334,927976,16.85816366649894,14.27948269384404,19.14373933594794,18.9476692639528,20.137094307335644,0.89,54.0,-0.88,1.76
RTX,1977-05-02,0.40266579437385935,0.4052804410457611,0.4013585819824845,0.4052804410457611,1797477,16.91091413030041,14.297088348030234,18.908733921881495,18.957108679560932,20.118740469969378,0.89,35.0,-0.9,1.9
RTX,1977-05-03,0.40528052189838487,0.4078954226795562,0.40528052189838487,0.40658798813819885,1855952,16.723889471647453,14.108466372297062,18.80252536917312,18.91089339411155,20.068477608048294,0.88,28.0,-0.89,1.97
RTX,1977-05-04,0.40658784003551274,0.41050995204018625,0.4026657280308392,0.4092024862766266,1329675,16.690347637633412,14.113036991629304,18.756172497194022,18.923143788285774,20.057901333083432,0.88,24.0,-0.88,2.06
RTX,1977-05-05,0.4092024862766266,0.41050995204018625,0.40528037427195307,0.4092024862766266,3083931,14.074755286015739,13.900624511730172,18.681732369962,18.87541187922223,20.057901333083432,0.87,14.0,-0.89,2.16
RTX,1977-05-06,0.4092024862766266,0.4118171325177404,0.40658784003551274,0.4092024862766266,4149197,12.047081634544316,13.864540712322352,18.671534418236078,18.686980452183885,20.03227618733561,0.86,11.0,-0.92,2.18
RTX,1977-05-09,0.41051023214001586,0.415739528190303,0.41051023214001586,0.4144323468208313,1922054,12.245640173713571,14.004576936196225,18.71088053344106,18.466794610586117,19.88345289346207,0.86,16.0,-0.87,2.15
RTX,1977-05-10,0.41704689540216927,0.42619830395114106,0.41704689540216927,0.42358365654945374,4296656,12.740924696818013,14.585670993759015,18.802538742661298,18.570849177789658,19.985131489048044,0.85,28.0,-0.62,2.19
RTX,1977-05-11,0.42358383672721583,0.42489130362727634,0.41835453969948094,0.4209691882133484,1520355,13.155568368148144,14.651843797009462,18.824422404609184,18.5910724419945,19.991928893960093,0.84,28.0,-0.56,2.16
RTX,1977-05-12,0.4209687789242345,0.42227595926712846,0.4144320213518361,0.4196613132953644,1957648,12.877684702410807,14.572081538075949,18.69004415224792,18.597540246149098,19.995588413422034,0.83,11.0,-0.56,2.32
RTX,1977-05-13,0.4196616030996087,0.42227625087696097,0.41704695532225644,0.41835442185401917,1677984,13.072383194692813,14.60493874801938,18.591915007744667,18.54413565668686,19.97435002877533,0.83,4.0,-0.61,2.37
RTX,1977-05-16,0.41835442185401917,0.42227625087696097,0.41573948879049366,0.41835442185401917,2583078,13.072383194692813,14.58579980041407,18.591915007744667,18.542113449274623,19.97435002877533,0.83,3.5,-0.66,2.37
RTX,1977-05-17,0.41835451795179257,0.42227634787559504,0.41835451795179257,0.4222763478755951,1906800,12.634844888368724,14.416388166228975,18.04783179905728,18.564526259911904,19.975339632645937,0.84,1.0,-0.66,2.54
RTX,1977-05-18,0.42227634787559504,0.4248912815397817,0.42227634787559504,0.4222763478755951,2656808,12.709671762430313,14.416388166228975,17.697467506678777,18.324515171622156,19.97528047851191,0.85,1.0,-0.63,2.76
RTX,1977-05-19,0.42227634787559504,0.42358381470768836,0.42096916632974046,0.4222763478755951,872043,12.539416891606026,14.390282285666478,17.67187542540989,18.309655342836308,19.964646858161103,0.87,1.0,-0.6,2.77
RTX,1977-05-20,0.4209687789242345,0.4209687789242345,0.41835413295247037,0.4196613132953644,1309336,12.942326323567075,14.44640280958273,17.693945337432424,18.329410489410904,19.971962503009987,0.89,2.0,-0.61,2.73
RTX,1977-05-23,0.41966167197969423,0.41966167197969423,0.41573955702683296,0.41704702377319336,1660187,12.988971927599236,14.441047708039722,17.716153202781914,18.33398494744447,19.94831091536608,0.9,4.0,-0.64,2.69
RTX,1977-05-24,0.41573945604309687,0.41573945604309687,0.411817342042923,0.411817342042923,994078,13.811614091457367,14.741162396759796,17.835141235269827,18.403755871697825,19.99149394041676,0.91,5.0,-0.67,2.52
RTX,1977-05-25,0.41657816813424225,0.41657816813424225,0.4020311832427979,0.40203118324279785,1189843,14.949683802110147,15.536848253571106,18.239129337618223,18.63115349490442,20.13377726750992,0.92,7.0,-0.67,2.18
RTX,1977-05-26,0.4020312846895785,0.4059987414012938,0.3993861532238338,0.40070873498916626,2191549,14.801913931972607,15.333620638100495,18.180313406492292,18.584506949742753,20.1205246912977,0.92,7.0,-0.69,2.26
RTX,1977-05-27,0.3993861159159766,0.3993861159159766,0.39145145975310813,0.39674124121665955,1405947,14.913913391841534,15.322154303024188,18.242160318520018,18.57397481782608,20.136833000221248,0.93,9.0,-0.67,2.16
RTX,1977-05-31,0.3967412590432861,0.39806380867958063,0.3901288956408377,0.3980638086795807,1690696,14.673693004579116,15.304351627956061,18.220300682900472,18.549855822496507,20.086843221188847,0.94,8.0,-0.66,2.17
RTX,1977-06-01,0.39806382797786327,0.4020312846895785,0.3954189530314805,0.40070873498916626,1301709,14.77946659609838,15.299499046916207,18.244044640724507,18.50473982622942,20.0910546871323,0.94,11.0,-0.65,2.15
RTX,1977-06-02,0.40070863387611194,0.4059986389533828,0.40070863387611194,0.40203118324279785,1690696,13.65871146161615,15.305913758603607,18.22273905953716,18.503728688854153,20.08791236676369,0.95,9.0,-0.65,2.21
RTX,1977-06-03,0.40203116191059235,0.4073209422527967,0.40203116191059235,0.4059986174106598,1088147,13.917726005146752,15.321474062364093,17.505178651507087,18.516920410862877,19.723175837015383,0.96,1.0,-0.72,2.43
RTX,1977-06-06,0.40599894309013596,0.4112887276756378,0.402031484407499,0.40335381031036377,2072056,13.917722039223431,15.374528572250998,16.823452053123933,18.417439404117435,19.69631552831099,0.99,1.0,-0.78,2.69
RTX,1977-06-07,0.4033536468752167,0.40467622876167303,0.39938618980015644,0.404676228761673,4179706,13.592806096326825,15.373281898235152,16.52776482198114,18.403301681679967,19.6777770437178,1.03,1.0,-0.83,2.92
RTX,1977-06-08,0.40467606811414975,0.4073209422527967,0.4033534867527292,0.4059986174106598,1983072,13.59211709922925,15.154872004359257,16.443432409041556,18.28893579689407,19.565196841533826,1.06,1.0,-0.89,3.08
RTX,1977-06-09,0.4046760895866969,0.4046760895866969,0.39938605244451386,0.40203118324279785,1683069,13.651889357935904,15.266337733536758,16.484704223744526,18.16434695828774,19.202880012427116,1.09,2.0,-0.93,3.01
RTX,1977-06-10,0.4020311832427979,0.4059986389533828,0.40070863387611194,0.40203118324279785,1357642,13.620262308189087,15.242673424897454,16.478897825164434,18.00113298565319,18.90215176107024,1.12,2.0,-0.97,3.01
RTX,1977-06-13,0.402031271877516,0.40864360332489014,0.40070872221925125,0.40864360332489014,1230522,14.390907335188654,15.562890555892428,16.46242998906444,17.971976065009898,18.79549946308535,1.15,2.0,-1.02,3.02
RTX,1977-06-14,0.4112886604006547,0.41657841205596924,0.4112886604006547,0.41657841205596924,1009333,15.298227084586868,15.998380757799048,16.634074124556406,18.103253233228493,18.82253039759803,1.17,6.0,-1.08,2.96
RTX,1977-06-15,0.41922330856323237,0.42451305683813184,0.41922330856323237,0.4192233085632324,2842403,15.365282973881007,15.941095956010551,16.630165209174105,17.924920013433844,18.818933384278196,1.2,6.0,-1.13,2.96
RTX,1977-06-16,0.41922357364249296,0.4258359074592591,0.41922357364249296,0.42583590745925903,4426318,15.871989712426002,16.167008150341918,16.60433866419314,18.009700308703227,18.866151423767803,1.22,6.0,-1.14,2.98
RTX,1977-06-17,0.42583548375350067,0.4298029378128239,0.42583548375350067,0.4284803569316864,1233064,15.928292245917945,14.964671169702187,16.581142857271935,17.994061134923324,18.855762920231797,1.24,6.0,-1.15,3.06
RTX,1977-06-20,0.4284803569316864,0.4284803569316864,0.42583548375350067,0.4284803569316864,683906,15.928292245917945,14.134632684052233,16.486527852326326,17.628923165091383,18.828234535627022,1.26,5.0,-1.16,3.22
RTX,1977-06-21,0.4284805502152965,0.4337702989578247,0.42715796873755474,0.4337702989578247,2623757,15.902602334052416,14.256070537134427,14.840780366946438,17.559239372114885,18.824968493534243,1.31,1.0,-1.11,0.55
RTX,1977-06-22,0.4337702989578247,0.4350928804355665,0.4284805502152965,0.4337702989578247,1299166,14.691089005146289,14.112182201527428,14.516241313007086,17.458117913764823,18.823123121795465,1.35,1.0,-1.1,0.64
RTX,1977-06-23,0.4337704205974292,0.4337704205974292,0.42980325222015386,0.4298032522201538,930518,14.839764804651795,14.305301102169182,14.543524381688874,17.462234874906976,18.822626755544675,1.39,2.0,-1.12,0.6
RTX,1977-06-24,0.4311254245865606,0.4350928804355665,0.4311254245865606,0.4337702989578247,775432,14.993146282356392,14.209555364675236,14.381023193493458,17.458815347834282,18.823273281778018,1.43,1.0,-1.13,0.67
RTX,1977-06-27,0.4337704205974292,0.4350930024460546,0.42980325222015386,0.4298032522201538,500853,15.242702778791644,14.401368573728886,14.420357266210601,17.50163961517759,18.769435039563824,1.47,2.0,-1.17,0.64
RTX,1977-06-28,0.42980321424351825,0.43377038227026177,0.4284806325117538,0.4324480891227722,1601712,15.314758441850346,14.405393943837788,14.422952826665961,17.449979223422034,18.134639413657975,1.5,3.0,-1.19,0.65
RTX,1977-06-29,0.43112556161596216,0.43112556161596216,0.4218683540821075,0.42186835408210754,994078,16.836401938939392,15.349812043909566,14.894285842264281,17.49276029153579,18.11542718167435,1.52,7.0,-1.23,0.76
RTX,1977-06-30,0.42186860707467116,0.424513483872705,0.41922373027663734,0.4231911897659302,325427,16.861355170490775,15.32014566315606,14.879600435311117,17.45267178063086,18.034240895002572,1.53,7.0,-1.26,0.79
RTX,1977-07-01,0.42583606656396406,0.42583606656396406,0.41922373027663734,0.4231911897659302,694075,16.861355170490775,15.276186792866566,14.764680342252912,17.388913802455587,17.97801907904233,1.54,6.0,-1.28,0.9
RTX,1977-07-05,0.42319080147276833,0.4350928804355665,0.42319080147276833,0.4337702989578247,1589000,18.187216398147285,15.90884592097774,15.20376605416233,17.568237008028696,18.134899651716722,1.55,10.0,-1.28,0.87
RTX,1977-07-06,0.4337701032880579,0.4337701032880579,0.4284803569316864,0.4284803569316864,864416,18.48006946688622,16.02829627583699,15.341308297086412,17.63942702813428,18.154610281644814,1.55,11.0,-1.29,0.76
RTX,1977-07-07,0.4284805502152965,0.4337702989578247,0.4284805502152965,0.4337702989578247,1027130,18.304766928202522,16.127823970385887,15.433566500645721,17.68514084578926,18.166704935147546,1.55,12.0,-1.28,0.7
RTX,1977-07-08,0.43377038227026177,0.43641554573379066,0.4324480891227722,0.4324480891227722,1868664,16.673861121841167,15.707613608671517,15.426307553651606,17.585076841863177,18.165987024183792,1.55,12.0,-1.29,0.7
RTX,1977-07-11,0.4324481273331042,0.4337704205974292,0.4284806703715285,0.4298032522201538,419496,16.778592707543478,15.704852112128387,15.415248476557478,17.596868202702694,18.09132035426808,1.55,12.0,-1.29,0.7
RTX,1977-07-12,0.4298029378128239,0.43112523010987214,0.42451290287236315,0.4284803569316864,1540694,16.45653897748553,15.640564357885332,15.430529345472008,17.594008633669766,18.092823118306093,1.56,14.0,-1.29,0.69
RTX,1977-07-13,0.4284809433619979,0.4284809433619979,0.41922373027663734,0.4231911897659302,1899173,17.016593038164768,15.801711778926936,15.577099516867833,17.65324561870789,18.050008464446794,1.56,16.0,-1.28,0.58
RTX,1977-07-15,0.4231909359802201,0.42715810450593555,0.4179008969720809,0.42186835408210754,4250893,17.023164325651617,15.825443890278823,15.474988300204851,17.477498196521115,18.018986700395,1.56,16.0,-1.27,0.66
RTX,1977-07-18,0.4218683540821075,0.42715810450593555,0.4205457721839949,0.42186835408210754,3737328,17.02338211995916,15.34507108525999,15.474988300204851,17.437515910764432,17.991396689710847,1.56,16.5,-1.25,0.66
RTX,1977-07-19,0.4218681827006821,0.4218681827006821,0.41922330856323237,0.4192233085632324,1487304,16.988125313792033,15.406601463940461,15.495661462289748,17.442880554352264,18.002150337104045,1.57,18.0,-1.22,0.62
RTX,1977-07-20,0.4218683540821075,0.4258358111921341,0.4218683540821075,0.42186835408210754,477971,16.89568561352334,15.372581170504004,15.496222051592484,17.335455032922383,17.976628646650255,1.57,19.0,-1.2,0.64
RTX,1977-07-21,0.42186816792827886,0.4258356232876235,0.4192232938834437,0.424513041973114,851704,16.944837592582523,15.242378195485461,15.445376739060428,17.34663889536702,17.980524754341932,1.58,16.0,-1.17,0.67
RTX,1977-07-22,0.42451304197311396,0.4258356232876235,0.42054558661376934,0.424513041973114,716957,16.94332484906913,15.238003107782221,15.442853186326028,17.2502990835658,17.84242268574018,1.59,16.0,-1.14,0.67
RTX,1977-07-25,0.42451304197311396,0.4258356232876235,0.42186816792827886,0.424513041973114,1431371,16.60964407287984,15.131170909058081,15.37392906448587,17.17657965784812,17.830729759766843,1.6,12.0,-1.11,0.71
RTX,1977-07-26,0.42451304197311396,0.4258356232876235,0.42186816792827886,0.424513041973114,671194,16.60964407287984,15.125005001883752,15.241712468179314,17.132510441408055,17.76538215508457,1.61,11.0,-1.08,0.8
RTX,1977-07-27,0.42451317314665254,0.42451317314665254,0.4059987284627951,0.40864360332489014,1942394,19.684140438067736,17.099640580815294,16.366100546990367,17.74257315091797,18.180678606695405,1.6,25.0,-1.03,1.89
RTX,1977-07-28,0.4086436665654074,0.41128857390173995,0.40599879129399913,0.40996599197387695,1632221,18.854514929878814,17.062092836571008,16.35636045291868,17.728260683044773,18.177355664165788,1.6,25.0,-0.97,1.92
RTX,1977-07-29,0.4099661505751648,0.41128873301468777,0.40599894836051786,0.4073212742805481,722042,18.814636100705524,17.10417062333968,16.368030207577032,17.745390555930214,18.178969659419604,1.6,27.0,-0.92,1.87
RTX,1977-08-01,0.4073211167024686,0.41128857390173995,0.4046762414310603,0.40996599197387695,925434,18.29128276074925,17.10516646766618,16.393037103953606,17.75531721677825,18.159250373079065,1.6,28.0,-0.86,1.85
RTX,1977-08-02,0.4099659285287204,0.4099659285287204,0.4059987284627951,0.40864360332489014,737296,18.1608802699954,17.118227083614553,16.359345471986344,17.754146959574275,18.15839442089496,1.6,26.0,-0.78,1.9
RTX,1977-08-03,0.4086438246551345,0.4099661505751648,0.40467639798593147,0.4073212742805481,1052554,18.160670956527397,17.13092532807164,16.357793580450537,17.76008175949131,18.159889465409172,1.59,26.0,-0.7,1.9
RTX,1977-08-04,0.40732109037708275,0.41261109709739685,0.4046762152766142,0.41261109709739685,816110,18.20382484750822,17.137461060851113,16.464831768257152,17.793640023177527,18.199264975003793,1.59,33.0,-0.61,1.82
RTX,1977-08-05,0.41261084016982374,0.41657803812297506,0.4112882912158966,0.4112882912158966,521192,18.202062604302995,16.527364069832615,16.347172660706015,17.79224353361878,18.203169322088794,1.59,25.0,-0.54,1.89
RTX,1977-08-08,0.4112885610253373,0.41393343621394124,0.40467622876167303,0.404676228761673,866958,18.560662294028926,16.80012346142048,16.536896984080236,17.830820126614793,18.263979467425102,1.59,39.0,-0.47,1.68
RTX,1977-08-09,0.4046761788045303,0.4112885102519044,0.4046761788045303,0.40864360332489014,605091,18.5911665395723,16.92634709525725,16.589367380219542,17.86018900872627,18.234609829332946,1.58,41.0,-0.4,1.66
RTX,1977-08-10,0.4086433856974553,0.4112882912158966,0.4059985122439161,0.4112882912158966,739838,18.617472281160595,16.97529053559184,16.6092869064593,17.85697040589003,18.232318680223585,1.58,43.0,-0.32,1.65
RTX,1977-08-11,0.41128857390173995,0.41657832444455656,0.4086436665654074,0.40996599197387695,1230522,18.48245587256879,16.98581516314096,16.614925465826914,17.859507326759843,18.22005721563055,1.58,44.0,-0.24,1.62
RTX,1977-08-12,0.40335357225707985,0.40335357225707985,0.3940963344524252,0.39674124121665955,2801725,19.469262829045324,18.11751655237128,17.403515929695974,18.269790402272115,18.51991333425437,1.57,48.0,-0.18,1.64
RTX,1977-08-15,0.39277374338256726,0.39277374338256726,0.3861613809757659,0.3914514183998108,2222058,19.676744102422514,18.292612018029928,17.530665552505027,18.339797565904036,18.568700589986868,1.57,50.0,-0.13,1.5
RTX,1977-08-16,0.39145141839981074,0.39277374338256726,0.39012883689774336,0.3914514183998108,800856,19.676744102422514,18.292612018029928,16.94490379104551,18.335994160010017,18.53122816747712,1.56,48.0,-0.04,1.75
RTX,1977-08-17,0.3914513640516495,0.3914513640516495,0.38219416057509975,0.38616132736206055,925434,18.13118293858902,18.440221396017893,16.733581578998145,18.410281585988457,18.58325477187142,1.55,47.0,0.02,1.86
RTX,1977-08-18,0.3861614170535584,0.38748399867919026,0.3795490860939026,0.3795490860939026,1370354,18.388505092146026,18.700874430511146,16.97241645235121,18.509140806284073,18.6338878208114,1.54,50.0,0.03,1.62
RTX,1977-08-19,0.3795490860939026,0.3848391240121783,0.3742593367598786,0.3795490860939026,1721205,17.77634474931941,18.560725853216027,16.928183534066047,18.489361614819728,18.504058695017427,1.54,49.0,0.01,1.69
RTX,1977-08-22,0.37954922892095644,0.37954922892095644,0.3729368954730329,0.3755817711353302,2267821,17.856517938927105,18.054195538056362,16.983033765234005,18.458628759663302,18.348934614092432,1.53,52.0,-0.01,1.59
RTX,1977-08-23,0.3804039282194449,0.3830830541716244,0.3750462608941721,0.37772509455680847,1756798,18.101156029262448,18.102112354959196,16.960615279506438,18.3980025591605,18.31919055396492,1.52,51.0,-0.07,1.65
RTX,1977-08-24,0.3777251235510963,0.38308308357719073,0.3777251235510963,0.38174352049827576,1332218,18.607553262471598,18.156738713390144,17.003085075737726,18.369514341014824,18.347265098007576,1.51,54.0,-0.09,1.61
RTX,1977-08-25,0.38174328956155745,0.3937984731102773,0.3777248950453175,0.3804037272930145,1314421,18.42925630983487,18.146989724093814,17.014826536488297,18.21688904864767,18.35153306828887,1.51,55.0,-0.15,1.59
RTX,1977-08-26,0.3804037272930145,0.3844221218092545,0.37906445731386035,0.3804037272930145,943230,18.45780557639592,18.08261360428851,16.970460582868984,18.14759279822562,18.312785097744452,1.5,52.0,-0.28,1.66
RTX,1977-08-29,0.3804039574193607,0.38308308357719073,0.37906468663001125,0.38174352049827576,823738,18.54281968794127,18.08484258176395,16.943447206784594,18.11629925331616,18.31224673909888,1.49,50.0,-0.39,1.68
RTX,1977-08-30,0.3817435204982757,0.3844223543665402,0.37906468663001125,0.38174352049827576,1334760,18.545232456167675,17.94853863324648,16.930928461536908,18.078409195087257,18.309293925031863,1.48,50.0,-0.58,1.7
RTX,1977-08-31,0.3804040396315703,0.3804040396315703,0.3777252051843612,0.37906476855278015,472886,18.35890422282827,17.95547389134176,16.939054515788605,18.093068130414487,18.140535767521477,1.47,51.0,-0.75,1.65
RTX,1977-09-01,0.37906455648903153,0.3964774090888936,0.37906455648903153,0.39513784646987915,2832234,22.400272077554153,19.948450217176987,18.026271486120446,18.714722081723977,18.589231831748272,1.46,68.0,-0.8,2.38
RTX,1977-09-02,0.39513781838197587,0.40317460894584656,0.39513781838197587,0.40317460894584656,1431371,23.32792029852301,20.375786153695095,18.26258048077203,18.756850703792256,18.692705045633897,1.46,76.0,-0.82,2.19
RTX,1977-09-06,0.4031747037305604,0.40853240298302257,0.3964774741159919,0.401835173368454,1210182,23.32654821095586,20.286972988695673,17.988234733970945,18.756696624749495,18.6843813369839,1.45,68.0,-0.77,2.4
RTX,1977-09-07,0.40183517336845404,0.4031747037305604,0.3991563075039167,0.401835173368454,556786,23.32654821095586,20.286972988695673,17.920875237137558,18.683403113161503,18.6843813369839,1.43,68.0,-0.72,2.47
RTX,1977-09-08,0.40183513804036636,0.40183513804036636,0.3951378765379875,0.39915627241134644,943230,20.712616092043625,20.04276495225667,17.88805031862757,18.634487400968048,18.693652868300635,1.42,68.0,-0.67,2.5
RTX,1977-09-09,0.39513742437324323,0.39513742437324323,0.3897797641993153,0.3911190330982208,1245776,21.429943399791885,20.02872683146306,18.114500477609237,18.792895297091984,18.77426037925486,1.41,73.0,-0.68,2.32
RTX,1977-09-12,0.38977998233575023,0.38977998233575023,0.3817431952879986,0.3857615888118744,750008,21.679069175870097,20.136268545813422,18.24580597021509,18.524040233337058,18.792391356846323,1.4,80.0,-0.7,2.19
RTX,1977-09-13,0.38576178905233666,0.38576178905233666,0.37504616485619513,0.38308295607566833,1299166,21.582491283105917,19.850406024004645,17.993189968767325,18.340084700927626,18.79012162001453,1.38,71.0,-0.74,2.38
RTX,1977-09-14,0.38308308357719073,0.3871014805243702,0.3804039574193607,0.38174352049827576,1250861,21.583696445038967,19.783796001988403,17.989865969297234,18.32664979655295,18.756714047345582,1.36,71.0,-0.79,2.39
RTX,1977-09-15,0.3830827206559614,0.39111921464721827,0.3830827206559614,0.38710111379623413,1517813,22.084914513028583,20.04615533785247,18.108224005128996,18.401009496414083,18.801954054473565,1.35,75.0,-0.83,2.27
RTX,1977-09-16,0.38710133867966795,0.391119441864937,0.3830829432049404,0.3884406089782715,958485,21.708682914132318,19.864474051215513,18.052145518520508,18.40278121703272,18.79097983108396,1.33,75.0,-0.86,2.34
RTX,1977-09-19,0.3871015641840363,0.3871015641840363,0.37906476855278015,0.37906476855278015,627973,22.660992459428094,20.391935136469765,18.44916364772803,18.62465547919143,18.867011927662134,1.31,86.0,-0.88,2.07
RTX,1977-09-20,0.37906445731386035,0.3804037272930145,0.3763856250661633,0.3804037272930145,678821,22.360113850157624,20.373554981168436,18.386550876242037,18.627084130784716,18.856529816711937,1.3,86.0,-0.92,2.13
RTX,1977-09-21,0.3804039282194449,0.38576188783426085,0.37638582387026187,0.37772509455680847,1060181,22.11775878457252,20.26316062730852,18.405797619335612,18.610816573625417,18.785198683163028,1.29,87.0,-0.96,2.11
RTX,1977-09-22,0.3763855993747712,0.3763855993747712,0.3683488108908677,0.3763855993747711,1947478,21.95054381115284,20.21426921318408,18.401180289485122,18.60999983193815,18.667960753266783,1.28,87.0,-0.99,2.11
RTX,1977-09-23,0.37638582387026187,0.37906465753289825,0.3750462608941721,0.37772509455680847,828822,22.031079512625336,20.175619052659265,18.378139096788633,18.59818327177583,18.553586324770986,1.27,86.0,-1.04,2.14
RTX,1977-09-26,0.37772509455680847,0.37906465753289825,0.3750462608941721,0.37772509455680847,1029672,20.10929039611637,19.626159563430555,18.367737767230096,18.593393643412604,18.470026321116638,1.26,86.0,-1.09,2.15
RTX,1977-09-27,0.3777250405356497,0.379064603320159,0.36700941512807916,0.3696885406970978,1355099,20.650121839962317,20.005319903282707,18.62406758990984,18.747484201459432,18.59313294302653,1.26,94.0,-1.09,1.97
RTX,1977-09-28,0.3696885487240104,0.37102781924809747,0.3670094230968209,0.36834898591041565,2033920,20.64779738755323,20.001692879751772,18.627943926564097,18.34986963606302,18.47338739853908,1.26,95.0,-1.09,1.96
RTX,1977-09-29,0.3683486979958434,0.3723670910061997,0.3670091362292982,0.37102752923965454,1901715,20.51572468301599,19.303023678757135,18.67380969017416,18.013785388678514,18.48717092639196,1.26,96.0,-1.12,1.92
RTX,1977-09-30,0.3737064750205575,0.3777248692625092,0.3737064750205575,0.3763855993747711,907637,20.427050022501643,19.5031109364353,18.706139457561285,17.92960840872734,18.52681145975999,1.26,98.0,-1.17,1.89
RTX,1977-10-03,0.3763855993747712,0.37906443143961605,0.37504603719766433,0.3763855993747711,1433914,20.427050022501643,19.276123490194884,18.346242483803092,17.88945448241091,18.28814025942415,1.25,86.0,-1.2,2.13
RTX,1977-10-04,0.37638548401655597,0.37906431526036705,0.3710275292396545,0.37102752923965454,1138995,20.62293590824618,19.431438467994376,18.448166070018083,17.95135538941108,18.256333932508724,1.25,92.0,-1.22,2.03
RTX,1977-10-05,0.3710277598457878,0.37370659275458296,0.3683489269369926,0.37236732244491577,6104302,20.578159614665072,19.457256854306237,18.461836093514485,17.951848665285624,18.197895565947185,1.24,94.0,-1.24,2.02
RTX,1977-10-06,0.37236736041772706,0.37504619359970087,0.37236736041772706,0.3750461935997009,3048338,20.442077031967376,19.55485925011851,18.506729458559537,17.85781501302877,18.17896117484038,1.24,95.0,-1.27,1.97
RTX,1977-10-07,0.37504603719766433,0.3777248692625092,0.37236720513281946,0.3763855993747711,302546,20.457016923363117,19.472940683820234,18.520735084242375,17.823336800797474,18.165807232355846,1.24,96.0,-1.29,1.96
RTX,1977-10-10,0.3763857643414706,0.3763857643414706,0.37102780557406395,0.3737066388130188,251698,20.550816660745134,19.500642399663054,18.47009620702308,17.82414293224356,18.181059517221893,1.25,94.0,-1.3,2.0
RTX,1977-10-11,0.37504592225001077,0.37504592225001077,0.3710275292396545,0.37102752923965454,770347,20.599169827940646,19.524535180573917,18.493279672218733,17.729485817234018,18.16050766192866,1.26,94.0,-1.31,1.98
RTX,1977-10-12,0.37102787996076664,0.37102787996076664,0.3643306493759155,0.3643306493759155,1227979,21.194096127576984,19.784001238724542,18.68588058955654,17.84035010855268,18.109687337303836,1.27,99.0,-1.29,1.82
RTX,1977-10-13,0.3643304616049137,0.3656700239473138,0.3589727643375226,0.36165162920951843,2323754,21.20193619887376,19.727625645961407,18.694337732967824,17.822430963678126,18.091716639706203,1.28,99.0,-1.26,1.81
RTX,1977-10-14,0.36165162287984326,0.3643304552283533,0.3576332282123784,0.3589727580547333,3063592,16.85782497856547,19.665661011434153,18.70297187525348,17.036926234516862,18.070541875972992,1.29,99.0,-1.22,1.8
RTX,1977-10-17,0.3603121359211463,0.37370659275458296,0.3603121359211463,0.37236732244491577,770347,19.338153479955416,21.256805870892226,19.571715178805082,17.406554974395362,18.400091848779546,1.31,100.0,-1.24,1.89
RTX,1977-10-18,0.37236728285567,0.37236728285567,0.3656700551509857,0.3656700551509857,1105944,19.853565364910718,21.501161558909953,19.41667081098849,17.493814910416283,18.489583860577426,1.33,99.0,-1.27,1.96
RTX,1977-10-19,0.3656700551509857,0.3683488877749735,0.3656700551509857,0.3656700551509857,744923,19.853565364910718,21.501161558909953,19.413578246435943,17.374151921517633,18.486289465555856,1.34,98.0,-1.29,1.96
RTX,1977-10-20,0.36567010118321625,0.36968849676976684,0.36433053855787717,0.36700937151908875,1283912,19.919325222713265,20.211413174219174,19.37249654431649,17.36324484352414,18.424997790596745,1.36,97.0,-1.31,1.99
RTX,1977-10-21,0.36700948315194487,0.3696886092175297,0.3629910863431231,0.3643306493759155,1072893,19.269895081994534,20.21517093516303,19.388818997417786,17.37955521765808,18.43627547241608,1.37,97.0,-1.33,1.98
RTX,1977-10-24,0.3643305978278502,0.3670094312248593,0.36299103498458857,0.3629910349845886,655939,18.969357713478214,20.196698258560442,19.35623140370101,17.34364328760233,18.43596159729935,1.39,95.0,-1.35,2.02
RTX,1977-10-25,0.36031201481819153,0.36031201481819153,0.35897271248206486,0.36031201481819153,828822,18.97973551093182,20.150615760468497,19.370503177924316,17.360372838535856,18.437355707908868,1.4,95.0,-1.36,2.01
RTX,1977-10-26,0.36031209761358046,0.3670093253182647,0.3536148699088962,0.3656700551509857,4083094,19.586110023289947,20.4446710124505,19.457064180694545,17.408198516615816,18.358983103788987,1.42,99.0,-1.38,1.94
RTX,1977-10-27,0.3670094230968209,0.37370665258577934,0.3670094230968209,0.36834898591041565,1103402,19.22459905681183,20.528028745422226,19.481643787881247,17.425386770028197,18.34035512938521,1.44,99.0,-1.4,1.91
RTX,1977-10-28,0.36968853509933497,0.37370663881301885,0.36968853509933497,0.3737066388130188,828822,19.735215399629816,20.577012729240966,19.622790867538512,17.504292247613485,18.38182914368219,1.46,100.0,-1.41,1.79
RTX,1977-10-31,0.37370659275458296,0.376385717952839,0.3723673224449158,0.37236732244491577,1705950,18.496864718643696,20.57838780556124,19.616865293605983,17.504793175007332,18.29813612300546,1.48,99.0,-1.42,1.8
RTX,1977-11-01,0.37236737397661507,0.37370664447162305,0.3696885406970978,0.3696885406970978,833907,18.55098621331966,20.388523888883377,19.59097569734324,17.506045125595264,18.312967081406892,1.5,98.0,-1.44,1.82
RTX,1977-11-02,0.3696885569113825,0.3696885569113825,0.36299103498458857,0.3629910349845886,1835613,19.14745086944681,20.536160734905483,19.785070712516955,17.619762648874747,18.347642221435535,1.52,100.0,-1.45,1.68
RTX,1977-11-03,0.3629909759325381,0.3670093715190887,0.3603121429713266,0.36700937151908875,866958,19.4628529902073,20.637036030534933,19.684429474271333,17.668881769212504,18.323924744008067,1.54,99.0,-1.45,1.75
RTX,1977-11-04,0.36968853509933497,0.37772503481619957,0.36968853509933497,0.3737066388130188,940688,20.189971450039746,21.036726176768898,19.65511680634663,17.79692125798404,18.386757162599572,1.56,98.0,-1.43,1.77
RTX,1977-11-07,0.38174328956155745,0.38174328956155745,0.3763856250661633,0.3804037272930145,683906,20.862325373645017,20.370119585126513,19.847757753251948,17.873592591522925,18.46732178046731,1.58,100.0,-1.4,1.63
RTX,1977-11-08,0.38040387635293704,0.38442227244377136,0.37504620975816005,0.38442227244377136,1906800,20.009087418150376,20.32210365066012,19.75471169515326,17.915025213353534,18.482594199549688,1.6,98.0,-1.36,1.69
RTX,1977-11-09,0.38442227244377136,0.38576183523721724,0.38040387635293704,0.38442227244377136,996621,19.958920654445812,20.32210365066012,19.72158322508685,17.896522420055135,18.479580981804013,1.61,97.0,-1.31,1.73
RTX,1977-11-10,0.3857615454097035,0.39781646481230176,0.3857615454097035,0.3964771628379822,1807646,21.66050381550101,21.107824468718427,20.363485846708702,18.254089598022087,18.728782341475544,1.64,100.0,-1.27,1.52
RTX,1977-11-11,0.40317449640436903,0.40853219290171944,0.40317449640436903,0.40585336089134216,2661893,22.250344331893753,21.293946407788216,20.619235388371614,18.416044195110253,18.865221640719724,1.65,100.0,-1.24,1.4
RTX,1977-11-14,0.4058532712945542,0.4058532712945542,0.3924587894336955,0.3937983512878418,2333923,24.17886467377919,22.23724707691029,21.143403806261862,18.765839842922972,19.112142475402656,1.66,100.0,-1.21,1.24
RTX,1977-11-15,0.39379853969702355,0.40317460029404023,0.38978014450131976,0.4004957675933838,1932224,24.092998558397706,22.359717994283493,21.28951896144083,18.829714611603222,19.168014576469318,1.68,100.0,-1.17,1.14
RTX,1977-11-16,0.40049557597997676,0.40317440739897115,0.3937983512878418,0.3937983512878418,3401731,24.736735055188717,22.63673042596455,21.382816671634664,18.870788589075786,19.241822400774208,1.69,100.0,-1.13,1.1
RTX,1977-11-17,0.39732417489915806,0.39732417489915806,0.39325596484842945,0.3946121335029602,790686,24.68583062310571,22.544937603854944,21.347276787861645,18.830645424627406,19.1908590053764,1.7,99.0,-1.08,1.12
RTX,1977-11-18,0.394612087773125,0.39868029735240695,0.39190004669121353,0.395967960357666,1395778,24.684973125146232,22.5363379415002,21.329046290077866,18.829209997034692,19.190613632162847,1.7,98.0,-1.05,1.14
RTX,1977-11-21,0.39596803523590046,0.40003624558448797,0.39596803523590046,0.4000362455844879,1474592,24.658022338742676,22.620596172462005,21.053020444210684,18.849645481668095,19.20411944332788,1.71,95.0,-0.99,1.23
RTX,1977-11-22,0.4000362124745888,0.4041044224864617,0.4000362124745888,0.4027482867240906,1316963,24.52387187752966,22.64671313596217,21.076929578592363,18.865087860015045,19.212164443510748,1.71,95.0,-0.95,1.21
RTX,1977-11-23,0.4027481259956255,0.40952837467193604,0.4027481259956255,0.40952837467193604,3508512,24.014360427740964,22.875884169243058,21.25279040129152,18.94397673644986,19.266579328491105,1.71,96.0,-0.92,1.09
RTX,1977-11-25,0.4095285983005339,0.4135968089103699,0.4081726924933132,0.4135968089103699,1395778,23.830384781945636,22.879352571623627,20.936739526518675,18.97076356882091,19.28716675247248,1.71,92.0,-0.96,1.22
RTX,1977-11-28,0.4135968089103699,0.41495297775128337,0.41224090310314926,0.4135968089103699,1077978,23.603878948460792,21.301020045523803,20.851230771971125,18.96764285247645,19.28479527327425,1.71,91.0,-0.96,1.28
RTX,1977-11-29,0.41224084251020754,0.41224084251020754,0.4027482867240905,0.4027482867240906,1540694,23.285396498409696,21.635057755273493,21.162262009142914,19.170428365659554,19.47362498481909,1.72,95.0,-0.99,1.19
RTX,1977-11-30,0.4027483316825859,0.4068165421485901,0.3973242154572991,0.4068165421485901,961027,22.522155182560937,21.721186963847313,21.227968648684662,19.189673059444328,19.486291166651235,1.72,95.0,-1.03,1.13
RTX,1977-12-01,0.406816382101155,0.40817251748138744,0.4027481732356429,0.4054604768753052,572040,22.58863599661936,21.733310024684176,21.21408548367325,19.189489395815535,19.475639580332814,1.73,94.0,-1.06,1.14
RTX,1977-12-02,0.40546065543351684,0.40681656125648535,0.3851196021480905,0.3891878128051758,1022045,25.996440787089004,23.274260693662548,22.158846540031824,19.797336801533966,19.861664934540098,1.74,100.0,-1.06,1.18
RTX,1977-12-05,0.3918999742717698,0.39732405543327337,0.3918999742717698,0.3973240554332733,592379,26.39231846466511,23.29338983118882,22.345610969290462,19.943462848962895,19.920685893318694,1.77,100.0,-1.03,1.1
RTX,1977-12-06,0.3946121179203657,0.3946121179203657,0.382407488250121,0.3878318667411804,1639848,27.481980079462303,23.655568856487726,22.653280048547796,20.13402313340959,20.023285532348236,1.79,100.0,-0.99,0.95
RTX,1977-12-07,0.38511931896209717,0.38511931896209717,0.3796952393496904,0.38511931896209717,1502558,27.470381481364697,23.65621761161108,22.674036393610532,20.14730124818243,19.933818978500824,1.82,100.0,-0.94,0.94
RTX,1977-12-08,0.38647569814020255,0.391900076631262,0.38647569814020255,0.3878318667411804,671194,27.254018280368154,23.686251315356216,22.69209835092453,19.889712549099514,19.902107071377742,1.84,100.0,-0.89,0.93
RTX,1977-12-09,0.38918776999839283,0.3986803591251374,0.38918776999839283,0.39868035912513733,1050011,28.21667284581661,24.182847156617434,23.109009866575775,19.984390533960923,20.068776057145186,1.86,100.0,-0.88,0.8
RTX,1977-12-12,0.4000359939454219,0.4013921618461609,0.4000359939454219,0.4013921618461609,838992,28.024917600616195,24.20982916387309,23.11313701302505,19.998027360163466,20.054453547470978,1.88,100.0,-0.92,0.8
RTX,1977-12-13,0.4013921618461609,0.4013921618461609,0.39868012195738217,0.4013921618461609,536446,27.977706915501276,23.644274800267805,23.11313701302505,19.97676130075516,20.051400696595675,1.9,99.5,-0.98,0.8
RTX,1977-12-14,0.40003624558448797,0.40003624558448797,0.39732420398972473,0.4000362455844879,841534,27.883806765770096,23.65457198736638,23.117291422861417,19.966627649043012,20.029976258225098,1.92,100.0,-1.07,0.8
RTX,1977-12-15,0.4000359939454219,0.4027480667133895,0.39868012195738217,0.4013921618461609,1403405,27.169716138571324,23.602299900755025,23.125743240147294,19.948073500868176,19.96100694864164,1.93,100.0,-1.21,0.79
RTX,1977-12-16,0.40139233843431843,0.4027482438980627,0.395967960357666,0.395967960357666,879670,27.50148296531493,23.77464837823229,22.430086897958773,20.002773189245673,20.00544415059214,1.94,92.0,-1.18,0.78
RTX,1977-12-19,0.3959679462805462,0.3959679462805462,0.3905438643095557,0.39190003275871277,1616966,27.337565061529418,23.877072835355573,22.478728281122788,20.04350994427802,19.98518343230962,1.95,92.0,-1.15,0.75
RTX,1977-12-20,0.3919001063870532,0.3932559791781263,0.38918776897915786,0.39054393768310547,1133910,26.93533226327711,23.89144321556763,22.463292999058602,20.02828532967158,19.942349085761602,1.96,91.0,-1.12,0.76
RTX,1977-12-21,0.3905439080302841,0.391900076631262,0.3878318667411804,0.3878318667411804,1202555,26.868473011158333,23.500633957029574,22.45964475838839,20.031022844165847,19.95481266217581,1.96,90.0,-1.08,0.77
RTX,1977-12-22,0.38783165468099084,0.3905436944871942,0.3837634470153406,0.38511931896209717,2161040,26.952029819012246,23.538139847457124,22.479172796229683,20.044608071053872,19.73850015809228,1.97,92.0,-1.04,0.75
RTX,1977-12-23,0.38647569814020255,0.3932559493193878,0.38647569814020255,0.3878318667411804,706787,25.425360834580545,23.535509869216035,22.507390939485973,20.043772754289478,19.617870721227916,1.97,92.0,-0.99,0.73
RTX,1977-12-27,0.3878318667411804,0.38918773942930623,0.38647569814020255,0.3878318667411804,856789,24.38048542800314,23.364451890157504,22.40491384432144,19.97550391382289,19.606808236396116,1.97,86.0,-0.96,0.8
RTX,1977-12-28,0.3851196333820132,0.3851196333820132,0.3824075913616406,0.38376376032829285,1482219,23.00238363280922,23.47376032679488,22.456694324759184,19.999835346746863,19.631909994778525,1.97,87.0,-0.93,0.77
RTX,1977-12-29,0.38376376032829285,0.3864758023486654,0.3824075913616406,0.38376376032829285,1245776,22.384159768640906,23.274327267788244,22.31863864916104,19.8480467509812,19.629606853213613,1.97,83.0,-0.88,0.84
RTX,1977-12-30,0.3851196021480905,0.3905439816618401,0.3851196021480905,0.3891878128051758,1975445,22.323246879238066,23.43019454457689,22.379091653616044,19.88041316873705,19.681118586530726,1.96,84.0,-0.83,0.81
RTX,1978-01-03,0.3891877234362626,0.39190006052675924,0.3864756822586059,0.38647568225860596,602549,22.39086843983466,23.443890389439716,22.374748426759673,19.861493099005017,19.69065891051137,1.96,83.0,-0.81,0.81
RTX,1978-01-04,0.3864758023486654,0.38918784436903797,0.37969554934126803,0.38376376032829285,1578830,22.428911828829442,23.485407586139353,22.39425914814501,19.842366341924272,19.679398660731636,1.95,84.0,-0.77,0.8
RTX,1978-01-05,0.38376376032829285,0.3878319713153176,0.3824075913616406,0.38376376032829285,838992,22.177017330294458,23.4339781056508,21.793657038087908,19.842366341924272,19.67645147254059,1.95,78.0,-0.73,0.91
RTX,1978-01-06,0.38376376087183456,0.3851196339274753,0.3729152968620472,0.375627338886261,1022045,22.774467591177896,23.810686478274526,21.95255877054649,19.859265344798253,19.779626038673438,1.95,78.0,-0.73,0.85
RTX,1978-01-09,0.3688468348607869,0.3688468348607869,0.3620665864578962,0.3634227216243744,2890709,23.70698606103934,24.484328511889473,22.554713333513924,20.22720326187455,20.045841583610578,1.94,92.0,-0.75,0.75
RTX,1978-01-10,0.36342272162437433,0.3688468348607869,0.3607104184122257,0.3634227216243744,1380523,23.375339682854257,24.436514384580754,22.4604148591955,20.214760876386848,20.036705283280057,1.94,87.0,-0.78,0.8
RTX,1978-01-11,0.36342298669225503,0.3674909348500147,0.357998639345169,0.35799863934516907,958485,23.540074907872004,24.585610180064542,22.420992157649252,20.25752730183831,19.824224099147,1.93,83.0,-0.79,0.82
RTX,1978-01-12,0.35799834255323676,0.36342268540337125,0.35799834255323676,0.36071038246154785,1606797,22.866101910227002,23.427488826367888,22.457971117039662,20.2750767100499,19.605539013367153,1.92,85.0,-0.83,0.79
RTX,1978-01-13,0.3607106815018468,0.36613506172814914,0.357998639345169,0.35799863934516907,716957,22.51432458696327,23.186425135006647,22.429311274463203,20.254265320929676,19.509348075061883,1.91,82.0,-0.84,0.81
RTX,1978-01-16,0.3607103824615478,0.36206655037205404,0.3607103824615478,0.36071038246154785,701702,22.77261833428096,23.242843811360057,22.444234928546276,20.27215000827684,19.499488528707605,1.9,83.0,-0.87,0.8
RTX,1978-01-17,0.36206668615341187,0.36206668615341187,0.36206668615341187,0.36206668615341187,729669,19.962978821467654,23.243545233676606,22.384806627813816,20.273574821874664,19.492040491383303,1.88,77.0,-0.91,0.83
RTX,1978-01-18,0.36206655037205404,0.36206655037205404,0.35799834255323676,0.36071038246154785,1304251,18.72395521060681,23.208442595757763,22.385643852530297,20.259523187670492,19.491981809932504,1.87,77.0,-0.94,0.83
RTX,1978-01-19,0.3607104876045129,0.3647786966091664,0.3593546152114868,0.3593546152114868,1665272,17.64193003796665,23.208979386958607,22.391348526570937,20.257608497747352,19.418776687594953,1.85,77.0,-0.97,0.83
RTX,1978-01-20,0.35799859460372857,0.35799859460372857,0.35257447808904424,0.35393038392066956,511022,17.97903141580753,23.36745952331943,22.50142832552093,20.31242974186746,19.4511679048868,1.83,90.0,-0.98,0.77
RTX,1978-01-23,0.3539303734505108,0.3566426782217076,0.3512183317130038,0.3525744676589966,1360184,17.7367388346298,23.165524250653498,22.506393063460767,20.315362168872173,19.441379266214565,1.81,90.0,-0.98,0.77
RTX,1978-01-24,0.35257447808904424,0.3539303839206696,0.3498621732376106,0.35393038392066956,1245776,15.329319829764268,23.125890982276083,22.49579205936789,20.322638502275684,19.370191494854563,1.79,88.0,-1.0,0.78
RTX,1978-01-25,0.3539303734505108,0.3552865422757148,0.3512183317130038,0.3525744676589966,605091,14.9875129895589,22.918393815025272,21.457630157230504,20.262026659672305,19.363048943959278,1.77,64.0,-0.98,0.57
RTX,1978-01-26,0.3539301619697998,0.35799837010167096,0.3529132414535983,0.3552863299846649,1105944,15.339920625630501,22.979385901953965,21.23302132069585,20.10686678590644,19.355041982670958,1.76,58.0,-0.96,0.66
RTX,1978-01-27,0.3539301619697998,0.35799837010167096,0.3512181218527938,0.3552863299846649,1105944,15.384305033414009,22.940603595763758,21.231361445057704,20.097604725844832,18.829789735775393,1.74,57.0,-0.95,0.66
RTX,1978-01-30,0.35528676532641035,0.3715593218803406,0.35528676532641035,0.3715593218803406,1238149,20.819551694510523,24.462138195729185,22.452620154685583,20.81117271675465,19.243608545908618,1.73,80.0,-0.9,1.04
RTX,1978-01-31,0.36613529645006854,0.3769837679444617,0.36613529645006854,0.3688473403453827,2829691,20.60890283254989,24.41067897076864,22.457110055591876,20.824072088759387,19.229159506889353,1.72,81.0,-0.86,1.04
RTX,1978-02-01,0.36884708586926046,0.375627338886261,0.3661350438450467,0.375627338886261,1418659,21.299346285748044,24.4148182848072,22.43672427370473,20.943869599180935,19.240584975723415,1.71,77.0,-0.84,1.03
RTX,1978-02-02,0.3773223557528601,0.38240748657638207,0.3769834040219151,0.37969544529914856,1095774,21.578042936233093,24.240059718874548,22.402450284746294,20.954178695005353,19.259519769630074,1.7,72.0,-0.83,1.04
RTX,1978-02-03,0.3783393366612534,0.3783393366612534,0.37291525324720737,0.3769834637641907,770347,21.58296601669484,24.182415064484164,22.40402156633811,20.968494862152927,19.269833901556076,1.68,72.0,-0.82,1.04
RTX,1978-02-06,0.3756273254339936,0.3756273254339936,0.3729152835069056,0.3742714524269104,816110,21.58796561980604,24.223495189792732,22.4258981471221,20.982836613690935,19.25606314142522,1.67,74.0,-0.82,1.03
RTX,1978-02-07,0.37427159595595055,0.38240772485733027,0.37427159595595055,0.3824077248573303,2694944,22.4441538830632,23.777978709831377,22.578999229690275,21.13553007253131,19.37295705696041,1.65,92.0,-0.81,0.96
RTX,1978-02-08,0.3824075913616406,0.38376376032829285,0.37833938037461584,0.38376376032829285,139832,22.47401576701068,23.26570111408221,22.579347708420777,21.129886974291416,19.34747870738784,1.64,92.0,-0.79,0.96
RTX,1978-02-09,0.38376365517142424,0.38376365517142424,0.37833927670410644,0.37969544529914856,1360184,22.47848991640401,22.552018175471485,22.30603024958547,21.11526940466305,19.37417455535219,1.62,59.0,-0.79,1.06
RTX,1978-02-10,0.37969554934126803,0.3851196333820132,0.37833938037461584,0.38376376032829285,1133910,22.70422359723929,22.3818673687999,22.363246932190787,20.968007489929334,19.399511974469167,1.61,61.0,-0.8,1.02
RTX,1978-02-13,0.38376389429741115,0.38376389429741115,0.3810518513302846,0.3824077248573303,574582,22.328439967871205,22.136373419323153,22.341524893640976,20.96852687056132,19.400078895903185,1.59,59.0,-0.8,1.04
RTX,1978-02-14,0.3824076211319194,0.3824076211319194,0.3769835366689115,0.37833940982818604,551701,22.446242039956328,22.227775646752086,22.40013933976719,20.973559837007492,19.417904019529388,1.57,67.0,-0.8,1.0
RTX,1978-02-15,0.37833936736108154,0.37833936736108154,0.37427145242691046,0.3742714524269104,1517813,22.5648901699696,22.30616177137934,22.45896391933431,21.00616220923845,19.435639352481022,1.56,80.0,-0.8,0.97
RTX,1978-02-16,0.37427145242691046,0.37427145242691046,0.3674909037398081,0.3742714524269104,1459338,22.5648901699696,22.185751436597144,22.45896391933431,20.989858032406563,19.435639352481022,1.54,79.5,-0.81,0.97
RTX,1978-02-17,0.37839922046873786,0.37839922046873786,0.36876730266931135,0.3742711842060089,1357642,21.703639424051058,22.126561156652944,22.19493615550087,20.985358542056563,19.434436034168346,1.52,53.0,-0.8,1.09
RTX,1978-02-21,0.37427088020936383,0.37427088020936383,0.3687670031431187,0.3701428472995758,1177131,19.646792497566683,21.897140622064416,22.25856953257281,20.987886082988936,19.43688673746334,1.5,53.0,-0.79,1.05
RTX,1978-02-22,0.3715190125567049,0.3742709348099449,0.3715190125567049,0.372894823551178,333054,19.743840957728438,21.84704487031193,22.259917289175966,20.996402987082178,19.45082813937017,1.48,53.0,-0.79,1.05
RTX,1978-02-23,0.3728950720302679,0.3742711842060089,0.37151926011902087,0.3742711842060089,1255946,19.17141996330619,21.872513502789918,22.14982943432031,20.997481578728305,19.44137356896512,1.46,49.0,-0.79,1.13
RTX,1978-02-24,0.37427127522950965,0.37839931249618525,0.37427127522950965,0.3783993124961853,750008,19.29081701003936,21.394120527029763,22.218880702149015,21.036347232539228,19.468502020863582,1.43,51.0,-0.79,1.08
RTX,1978-02-27,0.37839922046873786,0.3825272567314668,0.3742711842060089,0.3742711842060089,1482219,19.45658801032452,21.362408879368957,22.16972459220786,21.044037632506182,19.47128380608358,1.4,49.0,-0.79,1.1
RTX,1978-02-28,0.3742709348099449,0.3783989683219518,0.3715190125567049,0.372894823551178,416954,19.424639801935964,21.36387174386504,22.170481486787484,21.047572656368597,19.47166230371429,1.37,49.0,-0.79,1.11
RTX,1978-03-01,0.3728948235511779,0.3783989683219518,0.370142901297938,0.372894823551178,955942,19.410671076407265,19.708881590468025,22.140784225322022,20.953299682929373,19.44327336790945,1.34,45.0,-0.79,1.13
RTX,1978-03-02,0.37289534959995396,0.38527946760642623,0.37289534959995396,0.3839033544063568,1505101,20.985095370697476,20.168594603681548,22.612974462740137,21.115981519424242,19.612042102904688,1.31,92.0,-0.8,0.96
RTX,1978-03-03,0.3839029179721151,0.388030952614712,0.3839029179721151,0.3852790296077728,1034757,20.915232651532236,19.57434784043956,22.588411790767513,21.106044693740653,19.587652574397985,1.28,91.0,-0.81,0.97
RTX,1978-03-06,0.38390307390252426,0.38390307390252426,0.38115114977783243,0.38252726197242737,676278,20.454282643278486,19.57662065769271,22.588184524903195,21.033262193678393,19.59787252695233,1.25,90.0,-0.8,0.97
RTX,1978-03-07,0.3825275414710049,0.38527946760642623,0.38115142827093546,0.3839033544063568,536446,20.364526810130766,19.53584980862501,22.39753333737811,21.023699488079664,19.58900386626038,1.22,61.0,-0.78,1.06
RTX,1978-03-08,0.38390318790166905,0.3935353755950928,0.38390318790166905,0.3935353755950928,1255946,21.335298453969717,19.373240299528728,22.688618467900596,21.237196668727446,19.74449119568679,1.19,94.0,-0.78,0.93
RTX,1978-03-09,0.39766320586204523,0.4004151293695008,0.39766320586204523,0.3976632058620453,2555112,21.30763709277252,19.443974532347678,22.699953525124055,21.222795332159617,19.7583841646013,1.15,95.0,-0.79,0.91
RTX,1978-03-10,0.39766322864619774,0.40179096401166475,0.39766322864619774,0.4004151523113251,2672062,21.297390151056643,19.497624376134436,21.992299981616508,21.240683930751437,19.766138266810653,1.13,38.0,-0.83,0.99
RTX,1978-03-13,0.4004151523113251,0.40454318794123995,0.4004151523113251,0.4004151523113251,1766968,21.297390151056643,19.485171404898924,21.783519285482125,21.21524639585482,19.763506737357517,1.11,35.0,-0.85,1.11
RTX,1978-03-14,0.4004151053806207,0.40179091691970825,0.39903899357712047,0.40179091691970825,1258488,17.435900387900332,19.48551481354515,21.78668585898425,21.189562506622075,19.719307957357866,1.08,35.0,-0.86,1.11
RTX,1978-03-15,0.40179096401166475,0.40179096401166475,0.3990390403465375,0.4004151523113251,1583915,17.278895501564904,19.292308748280817,21.793254789925832,21.16698373040606,19.711392470827207,1.05,35.0,-0.87,1.1
RTX,1978-03-16,0.4004151523113251,0.40316707597645235,0.3990390403465375,0.4004151523113251,788144,16.6563594273798,19.167639546381935,21.754112883053995,21.15278837740365,19.708142960099583,1.03,32.0,-0.87,1.13
RTX,1978-03-17,0.4004150285730754,0.4004150285730754,0.3935350714041119,0.3962869942188263,1815274,16.82896606262277,19.27821315481223,21.816038183603407,20.987438460367482,19.733567568214372,1.0,36.0,-0.85,1.09
RTX,1978-03-20,0.39903899357712047,0.40179091691970825,0.39903899357712047,0.40179091691970825,2966981,16.994562441083364,19.415535226973518,21.870615750565378,21.05014071415256,19.778230260877812,0.96,36.0,-0.83,1.06
RTX,1978-03-21,0.4017908398482551,0.4017908398482551,0.3935350714041119,0.3962869942188263,1050011,17.410319930948166,19.57787765920047,21.885993716680066,21.110660372956264,19.81526569905436,0.93,36.0,-0.81,1.05
RTX,1978-03-22,0.39628722273421085,0.39766333506726814,0.3935352983326246,0.39491111040115356,432208,16.44519707432029,19.54621775785161,21.871442243407973,20.902057762231152,19.815371664360963,0.9,35.0,-0.78,1.06
RTX,1978-03-23,0.3949108826792916,0.39628699421882635,0.39078284832504245,0.3962869942188263,1060181,16.44440116445636,19.556919609019687,21.765065325738806,20.860453536718637,19.618852686456346,0.87,28.0,-0.78,1.13
RTX,1978-03-27,0.3962870939761021,0.3990390174835577,0.39491098209015896,0.3976632058620453,470344,16.074422749202704,19.43366244781034,21.75942145797553,20.81092266404673,19.501003902943044,0.84,27.0,-0.77,1.13
RTX,1978-03-28,0.39766310575836106,0.39766310575836106,0.3949108826792916,0.3962869942188263,724584,15.898633024921892,19.45115962692524,21.73297726791872,20.8116998914066,19.50472228377118,0.8,25.0,-0.74,1.15
RTX,1978-03-29,0.3962870939761021,0.40179094099101326,0.3962870939761021,0.3976632058620453,2308499,15.851702892702155,19.257499702326026,21.522781621933827,20.80601250997137,19.492390313150416,0.77,24.0,-0.69,1.28
RTX,1978-03-30,0.39628722273421085,0.39628722273421085,0.3935352983326246,0.39491111040115356,678821,15.640841127200163,19.256713648218,21.49707856649887,20.81795465198005,19.49399509574502,0.74,23.0,-0.64,1.29
RTX,1978-03-31,0.3949108781185501,0.39628698964219244,0.39078284381197476,0.39215895533561707,933061,15.418842271145408,19.255922486756415,21.349953896022264,20.783907012898204,19.493127451391764,0.7,20.0,-0.6,1.39
RTX,1978-04-03,0.39215903430709087,0.39215903430709087,0.38940711096998615,0.3907829225063324,872043,15.483191545161082,19.272202201720585,21.178083295035872,20.784661532082303,19.484592204337225,0.67,11.0,-0.59,1.51
RTX,1978-04-04,0.39078315038863615,0.3935353755950928,0.39078315038863615,0.3935353755950928,950858,15.559940312144596,18.777569883297616,21.14235075139109,20.803265810133603,19.49618940674218,0.64,8.0,-0.6,1.54
RTX,1978-04-05,0.3949108826792916,0.39628699421882635,0.3949108826792916,0.3962869942188263,1703408,15.147427174638004,17.443606110283792,21.169301448749984,20.809441685162994,19.492755770901436,0.6,10.0,-0.6,1.52
RTX,1978-04-06,0.3962870939761021,0.3990390174835577,0.39491098209015896,0.3976632058620453,1530525,15.074282417956649,17.445826733989563,20.601222190655843,20.799511439684103,19.483128649322452,0.6,1.0,-0.61,1.72
RTX,1978-04-07,0.39766318203803297,0.40179091691970825,0.3962870702345327,0.40179091691970825,1121198,15.255109599048547,17.19138711519721,20.32719609181951,20.823243238187793,19.50448370709123,0.6,1.0,-0.6,1.87
RTX,1978-04-10,0.40179093089809076,0.410047001477497,0.40179093089809076,0.4072950780391693,4517845,15.402765800302188,17.32041651018491,19.86203972873469,20.888185593268023,19.53737757584682,0.64,1.0,-0.63,2.0
RTX,1978-04-11,0.40729500781237565,0.4086708525248151,0.4045430848485412,0.4059188961982727,1065266,14.979468751878471,17.243024050167445,19.692534271275644,20.891499452905606,19.491848364799548,0.67,1.0,-0.64,2.15
RTX,1978-04-12,0.40591895206579626,0.40591895206579626,0.39903899357712047,0.40179091691970825,1703408,15.33734820450105,17.386928652523434,19.574456604235586,20.924766458448644,19.50894322649517,0.72,1.0,-0.65,2.24
RTX,1978-04-13,0.40179086162033534,0.4059188961982727,0.4004150502706038,0.4059188961982727,2011038,15.478729012939816,17.46834634941382,19.63695443749985,20.47228762267616,19.425479820235434,0.75,2.0,-0.67,2.18
RTX,1978-04-14,0.4100473024556275,0.42518334287304416,0.4100473024556275,0.4238072633743286,3968686,17.893488944691775,19.359297240811284,20.77688409368055,21.096624086852877,19.86837696788154,0.76,7.0,-0.57,2.26
RTX,1978-04-17,0.43756664933866585,0.45407878217988884,0.43756664933866585,0.44582271575927734,7215331,22.55099838630791,21.659272744767705,22.192065308873026,21.909634223219193,20.471592973025867,0.75,43.0,0.43,2.62
RTX,1978-04-18,0.4416950320978816,0.4416950320978816,0.43481507139079467,0.43756699562072754,4924629,23.319544493514925,21.799687262209662,22.393256953541076,22.015152446979176,20.539306739033773,0.75,57.0,0.61,2.51
RTX,1978-04-19,0.43756665449227805,0.44169468775120335,0.4293108548760057,0.4361908435821533,2544942,23.423509925364108,21.7901957826033,22.256542717121146,22.014968760510957,20.542390630380627,0.74,44.0,0.71,2.67
RTX,1978-04-20,0.43894310275513737,0.4444469511508942,0.43894310275513737,0.44444695115089417,3050880,23.02625810736862,22.011903129078902,22.394446359325535,22.117832773851035,20.532691860563656,0.74,58.0,0.97,2.54
RTX,1978-04-21,0.4430707934368984,0.4430707934368984,0.4389427602291107,0.4389427602291107,2209346,23.427768973190286,22.209692568426064,22.491798889534216,22.120954385267673,20.570991449939243,0.73,80.0,1.0,2.47
RTX,1978-04-24,0.43894276566667834,0.44169468775120335,0.4293108548760057,0.4361908435821533,3539021,23.56278937933697,22.286000747961676,22.094916067876834,22.13091387210269,20.57017694410051,0.72,33.0,0.89,2.68
RTX,1978-04-25,0.4403192149863296,0.44582306338208644,0.4403192149863296,0.44444695115089417,7108550,23.988392739102242,22.493463832783767,22.230410339234265,22.149767626964334,20.626282134129173,0.72,41.0,0.89,2.55
RTX,1978-04-26,0.4444469511508942,0.44719917561327865,0.44307113918420804,0.44444695115089417,3508512,24.009573701342696,20.812004713080228,22.220579376762473,22.122564119919474,20.624367265186645,0.71,40.0,0.84,2.55
RTX,1978-04-27,0.4444467296024794,0.44582284114770565,0.44031899549551334,0.4430709183216095,4311910,24.00167052291137,20.74049033952718,21.193301079423225,22.115055730187592,20.605790534830877,0.72,11.0,0.68,2.6
RTX,1978-04-28,0.44307113918420804,0.4444469511508942,0.43894310275513737,0.44444695115089417,2735622,23.980605854402693,20.49855016209747,20.96631743089678,22.11308087298595,20.605571608102117,0.72,8.0,0.55,2.85
RTX,1978-05-01,0.4458228228363498,0.4540788912398917,0.4458228228363498,0.4513266682624817,4906832,23.84903601356226,20.596075462177833,20.6895007533239,21.82622100639859,20.65788199448008,0.74,7.0,0.47,2.9
RTX,1978-05-02,0.4513269840620352,0.4513269840620352,0.4430712101461614,0.449951171875,2171210,23.768119501299623,20.527465976627614,20.65740748163746,21.76605251003472,20.65197467102109,0.75,7.0,0.34,2.92
RTX,1978-05-03,0.4485749827965072,0.4485749827965072,0.4375669858578732,0.4403192102909088,2555112,24.373100485473437,21.03888357830085,20.963170904670495,21.92687865932551,20.76736776362886,0.75,10.0,0.18,2.77
RTX,1978-05-04,0.44031901685083485,0.4540789319130231,0.42931099138550216,0.4527028203010559,2323754,25.258083030819776,21.313571761301752,20.96790889990782,22.09337946379924,20.938982747983008,0.75,12.0,0.09,2.77
RTX,1978-05-05,0.4527029794358646,0.4774709286698511,0.4527029794358646,0.46921485662460327,7090754,26.82948478986735,22.36184231229799,21.657760649109733,22.37063484825475,21.23645084539546,0.74,23.0,0.22,2.39
RTX,1978-05-08,0.469214747616341,0.4788468961568226,0.46646279096603394,0.46646279096603394,4820390,27.03108832456721,22.255236508740868,21.688664414606194,22.385819350635145,21.2461062581842,0.73,24.0,0.21,2.38
RTX,1978-05-09,0.467838984802193,0.4774709014931544,0.467838984802193,0.4733428657054901,5199208,27.0291436959296,22.325366284384433,21.773889944141633,22.399284879293297,21.258168523324557,0.72,29.0,0.25,2.25
RTX,1978-05-10,0.4733432055310843,0.4967353250335161,0.4733432055310843,0.49123117327690125,7698387,28.481791038928023,23.309804640321897,22.48688370054283,22.79101796294606,21.465427680195106,0.72,87.0,0.55,1.9
RTX,1978-05-11,0.49123073009821416,0.49535876512527466,0.49123073009821416,0.49535876512527466,4067840,28.172364421928247,23.11700276504786,22.36845769288209,22.780041038851287,21.46863598529975,0.72,57.0,0.73,1.93
RTX,1978-05-12,0.4994872008072803,0.5063671646162228,0.4994872008072803,0.5008633136749268,5341582,27.84621528807245,22.932345666213504,22.320137333928283,22.80055441190336,21.490453713925785,0.72,55.0,0.85,1.9
RTX,1978-05-15,0.5008626231915883,0.5049903555747943,0.5008626231915883,0.5036145448684692,2644096,27.639915967121027,22.910271144683943,22.304911596977636,22.804597404689805,21.492303068807487,0.71,53.0,0.87,1.89
RTX,1978-05-16,0.5063666155481011,0.5173746057590525,0.5063666155481011,0.5104946494102478,4772085,27.675506581295462,22.953840720610767,22.3202534598861,22.847725249464272,21.530437045862797,0.71,57.0,0.89,1.82
RTX,1978-05-17,0.5091186313487728,0.5091186313487728,0.49535871612917187,0.4967348277568817,4820390,29.578315155894586,23.67484651812578,22.77454033346067,23.102229666172477,21.69583079967441,0.72,100.0,0.7,1.69
RTX,1978-05-18,0.493983143558039,0.493983143558039,0.4815990328788757,0.48159903287887573,3877160,31.60137998560683,24.7804190182354,23.37417005004609,23.397338112367976,21.924531578576296,0.73,100.0,0.47,1.57
RTX,1978-05-19,0.48716636642746564,0.4913421238446813,0.47463912792422175,0.48438262939453125,2422907,31.57957292890434,24.782005821375748,23.378484025119736,22.90990772442793,21.930728926939786,0.74,100.0,0.27,1.56
RTX,1978-05-22,0.4843826915841201,0.49273393750353756,0.48299070476952566,0.4913421869277954,1901715,31.593532763087374,24.829067845286463,23.365334506850395,22.85181803363183,21.962969907804638,0.75,98.0,0.09,1.52
RTX,1978-05-23,0.4913421487723697,0.4941259196949387,0.48716639114330174,0.48855841159820557,1624594,31.661371739407084,24.71307045938017,23.398016146626308,22.85993343086537,21.961260460428758,0.77,100.0,-0.07,1.5
RTX,1978-05-24,0.4843824110289992,0.4843824110289992,0.48020665549426533,0.4815986752510071,2293245,31.86899044408117,24.958237719885016,23.472894892316578,22.932448896409902,21.972407933326387,0.78,100.0,-0.23,1.51
RTX,1978-05-25,0.48159887218170755,0.4857743594367374,0.48159887218170755,0.4829906225204468,1794934,31.85625181185087,24.94418417032119,23.42749785431694,22.91519605331273,21.833421037572663,0.79,99.0,-0.37,1.53
RTX,1978-05-26,0.482990747652473,0.482990747652473,0.4774232386290739,0.4788149893283844,1138995,30.06930794669016,24.53927000298647,23.445471445335667,22.80316532408322,21.850030560352685,0.8,99.0,-0.49,1.52
RTX,1978-05-30,0.4788147155722132,0.4788147155722132,0.47046347368603514,0.47603094577789307,1070350,26.73844002466482,24.61661988482756,23.477734281101633,22.749243796617602,21.833736365336062,0.82,100.0,-0.61,1.51
RTX,1978-05-31,0.4760310946135108,0.4899501166789811,0.4760310946135108,0.4829906225204468,2018666,26.212314490876654,24.61538968906732,23.250925639623794,22.783057704568012,21.875751904467304,0.82,92.0,-0.71,1.54
RTX,1978-06-01,0.482990747652473,0.482990747652473,0.4760312179424796,0.4788149893283844,1619509,26.379003319827525,24.749841773554206,22.616050237334445,22.806624206799526,21.88816236475124,0.83,88.0,-0.8,1.62
RTX,1978-06-02,0.48159895419378346,0.49273393750353756,0.48159895419378346,0.4913421869277954,2400026,26.819649691356283,24.788839371106146,22.905650420078683,22.9426555302655,22.030419547128098,0.83,91.0,-0.87,1.4
RTX,1978-06-05,0.4969095297177258,0.5094367993993975,0.4969095297177258,0.5080447793006897,2933930,27.75134973859305,25.49358397651959,23.223243552740243,23.253844967368476,22.252886792513337,0.84,91.0,-0.91,1.21
RTX,1978-06-06,0.5136126069697202,0.5219638171846746,0.5136126069697202,0.5163963437080383,3678853,27.734223009231084,25.6105857415763,23.30356890607096,23.113616123627555,22.293550257211,0.84,92.0,-0.92,1.14
RTX,1978-06-07,0.516396098300346,0.5177878141403198,0.5108283237340956,0.5177878141403198,2107650,27.463085424467327,25.597493704961284,23.235630662950353,23.112907459660498,22.29302508853608,0.85,90.0,-0.94,1.16
RTX,1978-06-08,0.5177882015720128,0.5191802221890088,0.5136127471923828,0.5136127471923828,1296624,27.692782170448556,25.72260712425134,23.302143457739803,23.118733074810148,22.31026896384996,0.86,91.0,-0.98,1.15
RTX,1978-06-09,0.5136125559599547,0.5150042723230964,0.5080447793006897,0.5080447793006897,1919512,27.977447064400913,25.861095257380285,23.414464876559595,23.158578119811633,22.31575518818325,0.87,96.0,-1.03,1.11
RTX,1978-06-12,0.5080448849957563,0.5150043794660355,0.5066531683430778,0.5094369053840637,694075,27.979299550422905,25.849240826587682,23.38673570285783,23.157843704058244,22.316289544674913,0.88,94.0,-1.08,1.12
RTX,1978-06-13,0.5080447868336062,0.5080447868336062,0.5010852937080092,0.5066530704498291,798314,27.93144362566195,25.752423035968274,23.401777553300892,23.172450851320992,22.271921500187972,0.89,95.0,-1.13,1.11
RTX,1978-06-14,0.5066531683430778,0.5136126628133572,0.5066531683430778,0.5094369053840637,2285618,27.857473359741004,25.674940732904318,23.211894995678172,23.01255031887611,22.20033333002021,0.89,84.0,-1.18,1.17
RTX,1978-06-15,0.5094368337362016,0.5108285501931471,0.5038690567016602,0.5038690567016602,2166125,27.163487902318668,25.598473735055023,23.298157136568566,23.053353182567925,22.224556296352507,0.9,87.0,-1.23,1.14
RTX,1978-06-16,0.5010855019004803,0.5010855019004803,0.4927339851856231,0.49273398518562317,1421202,27.317609235969766,26.12075306698958,23.658530108295807,23.219177926761606,22.293157905627098,0.91,100.0,-1.29,1.04
RTX,1978-06-19,0.48577437979158744,0.48577437979158744,0.4774231349443812,0.48438262939453125,2616130,26.03812646182235,26.465805070104164,23.853246060938453,23.273752151453802,22.35582740870456,0.93,100.0,-1.33,0.97
RTX,1978-06-20,0.48299063923961927,0.48299063923961927,0.47463912446603646,0.47742313146591187,1939851,26.354238574323823,26.716450473169505,24.005590019193228,23.348891583218908,22.40577633818625,0.94,100.0,-1.37,0.93
RTX,1978-06-21,0.4760312199390451,0.4760312199390451,0.4676797032558401,0.4718554615974426,5008528,26.25657851558078,26.855814181669714,24.114321943327035,23.326300688050864,22.406977461933504,0.95,100.0,-1.41,0.89
RTX,1978-06-22,0.4718554655063907,0.47603122388258606,0.4704637485381242,0.47463923692703247,2232227,23.86318697414546,26.86251906099844,23.163822620406776,23.330976373762052,22.413817349854643,0.96,78.0,-1.43,0.95
RTX,1978-06-23,0.4760309457778931,0.48159872160527156,0.4760309457778931,0.47603094577789307,2178837,23.726444321476905,26.78328851238307,23.110819779864286,23.321476866631993,22.3947543831373,0.96,77.0,-1.45,0.96
RTX,1978-06-26,0.47603122388258606,0.47881499530322785,0.4704637485381242,0.47463923692703247,1296624,23.43689283608211,26.730667175009938,22.989454056307824,23.325349131381117,22.379820811956524,0.96,76.0,-1.47,1.08
RTX,1978-06-27,0.4746392310042958,0.4815989969531625,0.46907172198089664,0.4788149893283844,3038168,23.54439552046454,26.717687656613847,22.97287684073007,23.32031325646829,22.374932691291534,0.97,75.0,-1.49,1.09
RTX,1978-06-28,0.4788149893283844,0.4815989969531625,0.47324748030498526,0.4788149893283844,4060213,23.10490723069251,26.71564740555435,22.925654952067315,23.29861064674032,22.367633981504863,0.97,74.0,-1.5,1.11
RTX,1978-06-29,0.4788147155722132,0.48159872160527156,0.4760309457778931,0.47603094577789307,793229,21.875881987006462,26.768680065462476,22.911892719364115,23.197571534728965,22.233421017453285,0.97,73.0,-1.51,1.12
RTX,1978-06-30,0.4760312199390451,0.4760312199390451,0.4704637446407054,0.4718554615974426,582210,20.152676478456648,26.878644369530797,22.773569892427073,23.205879723469543,22.251182664137886,0.97,70.0,-1.51,1.25
RTX,1978-07-03,0.4718554074538967,0.4718554074538967,0.4648959122616989,0.4676796495914459,289834,20.192909445471095,26.93880273181634,22.838968974230724,23.214379309841796,22.27066229993384,0.97,71.0,-1.51,1.24
RTX,1978-07-05,0.46767946891307327,0.46767946891307327,0.4607199764095327,0.46350401639938354,2552570,19.767952017985337,26.939659911352738,22.816744794893694,22.866355349262637,22.156085495425913,0.98,70.0,-1.5,1.25
RTX,1978-07-06,0.4635040163993836,0.4648957326587657,0.46211199640445816,0.46350401639938354,1555949,19.74317553033014,26.91885775031761,22.77643040880241,22.750506328411774,22.120346280031313,0.98,69.0,-1.48,1.3
RTX,1978-07-07,0.4635038478705682,0.46628758311271673,0.4635038478705682,0.4662875831127167,3366138,19.49419097861711,26.803826525003338,22.768851928947274,22.75665601399566,22.095153958827993,0.98,66.0,-1.47,1.28
RTX,1978-07-10,0.4662876203153102,0.47324711084365845,0.4662876203153102,0.47324711084365845,3447494,20.004822229294287,26.87691717527303,22.767397635908456,22.810812771561302,22.140240295536085,0.98,65.0,-1.46,1.23
RTX,1978-07-11,0.47324748030498526,0.4788149893283844,0.47324748030498526,0.4788149893283844,3729701,20.167617885506246,25.591801673112645,22.71934334673692,22.81926739574825,22.159539287952672,0.98,64.0,-1.45,1.21
RTX,1978-07-12,0.4788149893283844,0.4802069762665682,0.4760312179424796,0.4788149893283844,3129694,20.091773458968717,23.502587369546237,22.71934334673692,22.811606992367317,22.15677936529723,0.98,63.5,-1.44,1.21
RTX,1978-07-13,0.47881488534143746,0.48438262939453125,0.47603111456009994,0.48438262939453125,2323754,19.926406563295334,23.22566070910091,22.761518877374478,22.81728774825938,22.14679800390618,0.98,64.0,-1.43,1.16
RTX,1978-07-14,0.4843828710013185,0.5150046348571777,0.4829908836711268,0.5150046348571777,11631480,26.48953069575476,26.21498363769535,24.490188707114747,23.835696005397175,22.9619476726099,1.01,100.0,-1.42,2.03
RTX,1978-07-17,0.5150046348571777,0.5191803943572331,0.5122208964357341,0.5150046348571777,7090754,25.548065308358975,26.00753663886421,24.486817290052535,23.82807461736955,22.9619476726099,1.03,99.0,-1.4,2.06
RTX,1978-07-18,0.5136123065519763,0.5136123065519763,0.5010850429534912,0.5010850429534912,5308531,25.033853895873666,26.548079243027917,24.964626827673953,24.03055336644881,23.12378044250041,1.06,100.0,-1.4,1.9
RTX,1978-07-19,0.5010852862782831,0.5080447793006897,0.5010852862782831,0.5080447793006897,3391562,24.897928556617195,26.59257096486402,24.991824608926922,24.06539911005074,23.15412310572317,1.09,100.0,-1.38,1.87
RTX,1978-07-20,0.5080448135436696,0.5122205703856791,0.5038690567016602,0.5038690567016602,1873749,24.976306181111436,26.465080336187942,24.95702230807526,24.071116309417512,23.164878280261387,1.12,98.0,-1.38,1.89
RTX,1978-07-21,0.5038691796037922,0.5066532206679304,0.49830170494683684,0.49969369173049927,1075435,24.982021621595933,26.547980017615718,24.99932760398517,23.983273238538974,23.18226963576298,1.15,100.0,-1.37,1.87
RTX,1978-07-24,0.49830135703086853,0.49830135703086853,0.495865533727991,0.49830135703086853,1543237,24.81036191087917,26.54553092728825,25.011564440113908,23.964050160221394,23.184730601695094,1.18,100.0,-1.37,1.87
RTX,1978-07-25,0.4983013078434118,0.5038687780635707,0.49273353388783453,0.5010850429534912,1848325,24.85748998792499,26.554897658961647,24.660745790894104,23.889225008815014,23.1898885952259,1.2,95.0,-1.35,2.13
RTX,1978-07-26,0.5080446993969581,0.5136124751805401,0.5080446993969581,0.51082843542099,1932224,25.45799134416114,26.65049425706728,24.800762968278768,23.90409807830518,22.9353873777511,1.22,95.0,-1.32,1.99
RTX,1978-07-27,0.5108285233367309,0.5136125635754261,0.5066530704498291,0.5066530704498291,1807646,25.523748130982028,26.713628922058113,24.811965113805563,23.9088946234598,22.952160729449197,1.24,95.0,-1.3,1.98
RTX,1978-07-28,0.506653062937548,0.5108285157625393,0.506653062937548,0.5080447793006897,1454253,25.32806103453406,26.25635492568086,24.811651140063052,23.908620239583897,22.941181964031614,1.26,94.0,-1.28,1.98
RTX,1978-07-31,0.5080448638534893,0.5122206211090088,0.5080448638534893,0.5122206211090088,3889872,24.490370392593338,25.750938770922517,24.576209357913832,23.66628447208046,22.946018266869917,1.28,91.0,-1.24,2.18
RTX,1978-08-01,0.5122206284066232,0.5261396169662476,0.5122206284066232,0.5261396169662476,4062755,24.927927969027063,25.308569971809717,24.84452685322453,23.71461857010586,23.08815668940704,1.3,95.0,-1.18,1.97
RTX,1978-08-02,0.5261398338723341,0.559545636177063,0.5261398338723341,0.559545636177063,9228912,29.653438591869335,28.04759681427964,26.532003327361796,24.465285299775278,23.864843815642747,1.36,100.0,-1.0,2.23
RTX,1978-08-03,0.559545636177063,0.5762484023357626,0.559545636177063,0.559545636177063,9200946,29.260630721390484,27.949084387538043,26.532003327361796,24.40185968562422,23.836506152803466,1.41,99.5,-0.85,2.23
RTX,1978-08-04,0.559545481683247,0.5720724853466594,0.5553697237996912,0.563721239566803,2135616,29.265014588893123,27.040308402941974,26.539940543542457,24.308594545183706,23.8404603363125,1.46,100.0,-0.72,2.21
RTX,1978-08-07,0.5637213952135703,0.5734646304749235,0.5567618643162239,0.559545636177063,2206803,29.504477400026584,27.082610249717398,26.573714946606003,24.334171986686123,23.792055692765963,1.5,100.0,-0.63,2.2
RTX,1978-08-08,0.5595454977700335,0.5692887306213379,0.5567617265977773,0.5692887306213379,2394941,29.590150214322176,27.200638370866603,26.6595414074221,24.40104493729094,23.830696842919487,1.55,100.0,-0.52,2.09
RTX,1978-08-09,0.572072372636822,0.5845995763225632,0.572072372636822,0.5776401162147522,4550896,29.68380587611574,27.311840361350892,26.622782290781593,24.42698975531263,23.862034971823327,1.59,99.0,-0.4,2.05
RTX,1978-08-10,0.5776401828317385,0.5776401828317385,0.5623291730880737,0.5623291730880737,2133074,31.160040658378087,27.850073595315006,27.012546914709016,24.65843652523762,24.024061452250823,1.64,100.0,-0.36,1.97
RTX,1978-08-11,0.5623292190270636,0.5651129563708801,0.5581534611435077,0.563721239566803,1817816,30.993396425976922,27.189426263936276,26.872655062826535,24.595276404124228,23.779924647898138,1.68,99.0,-0.33,2.02
RTX,1978-08-14,0.5637211754079623,0.5734644068702441,0.5595454179996622,0.5609374046325684,1629678,30.856959124490196,26.34862189084741,26.883436747615253,24.58904802823911,23.741987284592675,1.72,99.0,-0.32,2.02
RTX,1978-08-15,0.5609374046325684,0.5637211754079623,0.5567616472242682,0.5609374046325684,1192386,30.596588272093996,26.344996448823004,26.889209318320866,24.58904802823911,23.741987284592675,1.76,99.0,-0.3,2.02
RTX,1978-08-16,0.5637212557736413,0.5706807174526896,0.5637212557736413,0.5692887306213379,1339845,30.35610713055299,26.355030446287632,26.94901544370591,24.405834626568833,23.73120878594891,1.8,99.0,-0.28,1.95
RTX,1978-08-17,0.5665048754379426,0.5665048754379426,0.5651128888130188,0.5651128888130188,1871206,30.57472719797293,26.379426664642914,26.982047101970274,24.411158648244484,23.6729639864851,1.83,99.0,-0.27,1.94
RTX,1978-08-18,0.5651130279287988,0.5692887863411137,0.5637213109484943,0.5665050148963928,1950021,30.598017632520126,26.1468042045246,26.98259796550908,24.40352762853312,23.67259438105326,1.86,99.0,-0.27,1.94
RTX,1978-08-21,0.567910174543746,0.567910174543746,0.5538530080348328,0.5566644072532654,3628005,31.261670680144114,26.473321743582435,27.13902297727061,23.978428766730612,23.718938656555032,1.89,100.0,-0.27,1.87
RTX,1978-08-22,0.5566643139557693,0.5594756786196642,0.5510415505446352,0.5552587509155273,3958517,31.285002008994418,26.39353427476843,27.10459179758487,23.88066383786917,23.718813718760668,1.92,99.0,-0.29,1.88
RTX,1978-08-23,0.5566642620983115,0.563692826478335,0.5566642620983115,0.5580700635910034,5453448,31.249964534034103,26.34153653625251,27.082438962451665,23.681569040753203,23.70406057790047,1.94,98.0,-0.33,1.88
RTX,1978-08-24,0.5580700635910034,0.5594756265003067,0.5412012977622316,0.5580700635910034,1924597,31.22206620467881,26.230026549618607,27.082563363078766,23.65839800001286,23.699187956748418,1.96,98.0,-0.37,1.9
RTX,1978-08-25,0.5580706324239261,0.5594761967658997,0.5510420608797864,0.5594761967658997,564413,26.211528977371746,26.127981789258293,27.077244501664183,23.651111398944007,23.698902677053066,1.98,96.0,-0.42,1.91
RTX,1978-08-28,0.559475913518455,0.559475913518455,0.5496359456050685,0.5510417819023132,1194928,26.715454634418073,25.92164793112127,27.238424187714827,23.5418241054565,23.75692746343561,1.99,100.0,-0.48,1.85
RTX,1978-08-29,0.5510421948753359,0.5524477595590972,0.5412019810037891,0.5426077842712402,1845782,25.76899723345206,25.310861504526816,27.374814606626718,23.622133582592355,23.81641625160981,2.0,100.0,-0.52,1.83
RTX,1978-08-30,0.5426075948364844,0.5454189618061945,0.5369848608970642,0.5369848608970642,1993242,25.814816922202855,25.217355550991353,27.403611058488096,23.664647437480884,23.830807041223366,2.0,100.0,-0.55,1.87
RTX,1978-08-31,0.53698468955039,0.5412016193675699,0.5327674870663182,0.5383902192115784,3556818,25.636883689512207,25.217093701335703,27.38588899915814,23.65744442677225,23.4878981806733,1.99,99.0,-0.6,1.87
RTX,1978-09-01,0.5383902933701494,0.5510419025650138,0.5383902933701494,0.5496360659599304,1393235,25.976986022271774,25.478783969753664,27.45033221378544,23.763487031847234,23.49230490354667,1.97,100.0,-0.73,1.76
RTX,1978-09-05,0.5496360659599304,0.5538532690248852,0.5468246995000591,0.5496360659599304,1004248,25.933855923658523,25.35660311910218,27.431097390161703,23.694173051845606,23.48817997404112,1.96,99.0,-0.87,1.79
RTX,1978-09-06,0.5510415505446352,0.5594756786196642,0.5510415505446352,0.5552587509155273,3739870,26.00367813287603,25.420245787078,26.693992666214783,23.670366867610092,23.504818124797737,1.95,82.0,-0.94,2.09
RTX,1978-09-07,0.5552587509155273,0.5608815143266614,0.5510415505446352,0.5552587509155273,2433077,25.580123458562294,25.38135490640352,25.56558080155916,23.662781979793266,23.491554237638184,1.94,75.0,-0.97,2.37
RTX,1978-09-08,0.5552587509155273,0.5608815143266614,0.5496357148376378,0.5552587509155273,2049174,25.383635207345883,25.36974650899596,25.348136363496245,23.640139982167458,23.39118575002249,1.94,74.0,-1.0,2.48
RTX,1978-09-11,0.5468249300522487,0.5594762719142393,0.5468249300522487,0.548230767250061,912722,25.79333068858551,25.40881913882237,25.446903028946622,23.680486406853817,23.384550599747598,1.94,74.0,-1.04,2.43
RTX,1978-09-12,0.5482304160580522,0.5524473455326883,0.5482304160580522,0.5510417819023132,966112,25.750209375773984,24.931097639632647,25.314043112895746,23.675832859570367,23.37238022576786,1.93,72.0,-1.06,2.57
RTX,1978-09-13,0.5496358003747391,0.5496358003747391,0.5355786681175232,0.5355786681175232,1253403,26.18300500739966,25.404707109297526,25.674023909681022,23.946831775208345,23.557946659764266,1.93,75.0,-1.08,2.42
RTX,1978-09-14,0.5355789563398728,0.5355789563398728,0.5257390198144796,0.528550386428833,1657645,19.05077720456624,25.37173485450009,25.754207712990635,23.96822767674374,23.568658785633335,1.92,75.0,-1.1,2.38
RTX,1978-09-15,0.5243331690068187,0.5243331690068187,0.511681866207893,0.5173045992851257,2672062,19.86665231839203,25.670033785777086,25.87714042600367,24.12525859558736,23.676995666954408,1.92,75.0,-1.09,2.4
RTX,1978-09-18,0.5173045992851257,0.5173045992851257,0.5173045992851257,0.5173045992851257,0,19.655526742243172,25.655764451417923,25.87714042600367,24.08101237035267,23.537735248583928,1.91,74.5,-1.09,2.4
RTX,1978-09-19,0.4962187225615798,0.4962187225615798,0.48356715049879256,0.4863787889480591,8450938,26.004741249826207,28.72459546094614,27.744563213171908,25.19728211442193,24.361792468880967,1.92,100.0,-1.1,2.87
RTX,1978-09-20,0.4863789067867902,0.4948130402607584,0.4807558671094261,0.4835672676563263,3396646,25.159708117863705,28.74462945443048,27.7628137237718,25.191927295043843,24.35791661208486,1.92,100.0,-1.11,2.87
RTX,1978-09-21,0.4835672527401672,0.4948130249977112,0.4793500497998024,0.4948130249977112,3287323,25.850883136691117,29.06938206656644,27.890474259362197,25.32195032798906,24.45275319288676,1.91,100.0,-1.11,2.77
RTX,1978-09-22,0.49481302336617755,0.49621882584172755,0.4835672511457139,0.49200162291526794,3549190,25.021184750935078,29.097408634146625,27.903224532991512,25.190242937533704,24.460879477620956,1.9,100.0,-1.11,2.77
RTX,1978-09-25,0.4920017694718379,0.4920017694718379,0.48497319808417605,0.4905959665775299,770347,24.940514561816983,29.076368762276317,27.675536487182566,24.858778639278217,24.463784288219088,1.89,96.0,-1.18,2.91
RTX,1978-09-26,0.4905959665775299,0.49340760644952103,0.4877845993725406,0.4905959665775299,709330,24.976253906148205,29.011837150812564,27.343819164710865,24.858778639278217,24.359122827243777,1.87,90.0,-1.19,3.17
RTX,1978-09-27,0.49059583719030936,0.4948130402607584,0.47935006458587726,0.4835672676563263,1983072,25.101877375886822,29.11170561743839,26.865030241723797,24.85313927705025,24.40418235935806,1.86,76.0,-1.19,3.49
RTX,1978-09-28,0.48356714510002197,0.48356714510002197,0.47653854326401673,0.48216158151626587,1220352,24.407915505906903,29.053462231008155,26.851758126822894,24.84913322839138,24.399555160784374,1.84,75.0,-1.18,3.5
RTX,1978-09-29,0.4821614170589261,0.4920013472063506,0.4821614170589261,0.4891899824142456,1083062,25.077170146357332,29.1905215149999,26.84946389830017,24.871443452859555,24.40029068875209,1.83,74.0,-1.18,3.51
RTX,1978-10-02,0.48919025654772347,0.492001622915268,0.48778445407217347,0.49200162291526794,1365269,25.177275551168943,29.18865942586908,26.21028519248791,24.866399238373678,24.404567851087826,1.81,66.0,-1.18,3.94
RTX,1978-10-03,0.4920017694718379,0.49340760644952103,0.4891904022668485,0.4905959665775299,1883918,24.88528674760408,29.053076225098252,26.17980344408578,24.87111754729411,24.358796538502492,1.8,65.0,-1.18,3.99
RTX,1978-10-04,0.48919015807138516,0.48919015807138516,0.48216159019226573,0.48778435587882996,1337302,24.883857696380645,28.98838201479572,26.133501683835036,24.878378452809617,24.36712654175791,1.78,64.0,-1.19,4.06
RTX,1978-10-05,0.48778435587882996,0.490595721680433,0.48497295599386875,0.48778435587882996,2138158,24.76137344593402,28.98838201479572,26.117324595007236,24.87076995445269,24.359661679507525,1.77,63.0,-1.19,4.08
RTX,1978-10-06,0.48778445407217347,0.492001622915268,0.486378890180179,0.49200162291526794,3732243,25.021267196214144,28.945721369460937,26.061993387986547,24.802399355136096,24.37012343782531,1.75,62.0,-1.19,4.14
RTX,1978-10-09,0.4920018684721837,0.5018418431282043,0.4920018684721837,0.5018418431282043,2532230,25.91029626482233,26.34006367246172,25.894507403459144,24.883944503168657,24.427930718299955,1.74,61.0,-1.19,4.21
RTX,1978-10-10,0.5018415438345158,0.5046531825954281,0.5018415438345158,0.5032473802566528,3498342,25.736420352893756,26.348255883092094,25.41426567549399,24.883143534212635,24.414010755393157,1.73,54.0,-1.18,4.58
RTX,1978-10-11,0.5032473260221301,0.5074645280838013,0.499030123960459,0.5074645280838013,1375438,25.663179592670172,25.79542946642964,25.43132998288307,24.884963150431304,24.346232697616042,1.72,54.0,-1.17,4.56
RTX,1978-10-12,0.5074644694356415,0.5088699987936117,0.5032472678613564,0.5060586333274841,2550027,25.546698551210724,25.645842456465545,25.33965574354891,24.88230728497467,24.33407028172895,1.71,51.0,-1.17,4.69
RTX,1978-10-13,0.5060590481594605,0.5074648854200254,0.5018418431282043,0.5018418431282043,2267821,25.573452795643277,25.647412539249842,25.359360082843946,24.911291057692203,24.337622594257184,1.7,52.0,-1.17,4.67
RTX,1978-10-16,0.5004357483327794,0.5004357483327794,0.48778418072648216,0.4891899824142456,4116146,25.466033716523818,26.122219179374873,25.584644581834304,24.595271085244654,24.22596233091821,1.69,56.0,-1.16,4.48
RTX,1978-10-17,0.48778435366860906,0.48778435366860906,0.473727183890707,0.4849729537963867,2982235,25.474927144337627,26.173219050297096,25.61889958296143,24.60252597328429,24.168838152861273,1.68,56.0,-1.16,4.45
RTX,1978-10-18,0.48497295268174684,0.4891901547304619,0.48497295268174684,0.4863787889480591,2916133,25.204441091600238,26.152654759182354,25.584446775464126,24.52282648420167,24.169224216573294,1.67,54.0,-1.15,4.48
RTX,1978-10-19,0.4863787835178981,0.4863787835178981,0.48075574526564896,0.48216158151626587,2196634,25.19826120440286,25.87696185876802,25.605654946499897,24.52673628568904,24.187880086743256,1.66,55.0,-1.15,4.46
RTX,1978-10-20,0.48075575793791536,0.48075575793791536,0.47091582417488104,0.470915824174881,4962765,25.737880048226614,26.250607589375406,25.774846805040593,24.683422278718425,24.299173815107363,1.65,58.0,-1.16,4.35
RTX,1978-10-23,0.4681044475824205,0.4681044475824205,0.45545284153505167,0.46248140931129456,3355968,25.914242231403396,26.462196555671913,25.89583834938494,24.769020209101082,24.369631429297844,1.63,61.0,-1.15,4.24
RTX,1978-10-24,0.4624814940751897,0.46529286035091194,0.4568587615237452,0.4582642912864685,2290702,25.727629669923424,26.427922259374885,25.589493049574504,24.680274969748723,24.376303111931346,1.61,52.0,-1.15,4.57
RTX,1978-10-25,0.4554528104729536,0.4554528104729536,0.4442070414478879,0.4456128776073456,1878834,25.69273344178021,26.275153491270974,25.361136833247215,24.91562163066659,24.507788940461946,1.6,45.0,-1.11,4.81
RTX,1978-10-26,0.4428012587428619,0.4428012587428619,0.4189041543152865,0.42030999064445496,2163582,29.79553623943086,25.216116139509985,26.776739485695565,25.850295899205644,25.20456517705984,1.59,73.0,-0.87,4.64
RTX,1978-10-27,0.4217154979705811,0.43155570337639587,0.4217154979705811,0.42171549797058105,1426286,29.660471360122465,25.25233811779195,26.779859921867878,25.824557445745565,25.167445211389904,1.58,73.0,-0.73,4.64
RTX,1978-10-30,0.4217155951312728,0.4273386001586914,0.4062528936813578,0.4273386001586914,2819522,30.16882868167294,25.399390489501787,26.871404998272975,25.86371484345305,25.196407387864806,1.57,76.0,-0.69,4.53
RTX,1978-10-31,0.4273388384914996,0.43577297581947233,0.423121633493986,0.42452719807624817,5407685,25.21673147185126,25.39601203201724,26.843154803556374,25.843028429043123,25.19456687364822,1.56,72.0,-0.67,4.56
RTX,1978-11-01,0.43296139968352737,0.4526415779495532,0.43296139968352737,0.45123574137687683,6963634,31.562080009437317,28.408993875082434,28.628438015029218,26.77551306767955,25.839137813386998,1.58,100.0,-0.72,4.27
RTX,1978-11-02,0.4498300709929654,0.4498300709929654,0.4371784660430789,0.43858426809310913,5585653,31.49977523918216,28.58338306586808,28.94575272558409,27.0015188671353,25.98433312950358,1.6,100.0,-0.76,4.03
RTX,1978-11-03,0.43858456570664106,0.43999013012697213,0.43436736119497965,0.43577292561531067,2112734,31.503880605801697,28.207574514382,28.934997199032225,27.015189472996408,25.935334718881712,1.62,99.0,-0.8,4.06
RTX,1978-11-06,0.43542134422495377,0.4371785802046859,0.43155581361988876,0.43436717987060547,1136453,31.502854546464036,28.17372000885714,28.89683737050104,26.982282639805575,25.8808500175883,1.63,98.0,-0.83,4.09
RTX,1978-11-07,0.43155604348901316,0.43155604348901316,0.42452719807624817,0.42452719807624817,3040710,31.94331977370976,28.42958851290923,28.90739861185874,27.117337042411894,25.967094426107362,1.65,98.0,-0.84,4.08
RTX,1978-11-08,0.42452697195105127,0.4343671798706055,0.4217156057003345,0.43436717987060547,2267821,32.78962046877878,28.97212324188274,29.054979706569718,27.24209517583283,26.064523500456026,1.67,100.0,-0.87,3.92
RTX,1978-11-09,0.434367066443147,0.4399898315596561,0.43014989887653954,0.43858426809310913,2161040,33.01351209052818,28.847204849858453,29.024603660481407,27.235680111728282,25.901995791290634,1.69,99.0,-0.9,3.93
RTX,1978-11-10,0.43858438262181704,0.4399899464554026,0.4343671798706055,0.43436717987060547,996621,32.63241576428617,28.86131595065397,29.006713424567437,27.228149811513553,25.818362641809983,1.71,98.0,-0.92,3.94
RTX,1978-11-13,0.4343674112372102,0.4343674112372102,0.42452719807624817,0.42452719807624817,757635,32.947610526084915,29.07195709416107,29.19673090172213,27.367716908906598,25.742763576262075,1.71,100.0,-0.93,3.81
RTX,1978-11-14,0.4245269402244308,0.42593277661986173,0.4048470371065361,0.4118756055831909,2102565,33.74599676097178,29.424725708076117,29.552757184956235,27.61196304837139,25.869250299007657,1.73,100.0,-0.92,3.57
RTX,1978-11-15,0.4118756547923197,0.4160928577322158,0.4048470854759217,0.40484708547592163,3689022,33.90675992026325,29.52530794926839,29.657774062390473,27.481387329463203,25.87156444351932,1.73,100.0,-0.88,3.5
RTX,1978-11-16,0.40484694335485527,0.4090641448143076,0.40484694335485527,0.40765830874443054,1027130,34.0758220460918,29.555678687334623,29.642868880858458,27.48985284215954,25.879802477567548,1.74,99.0,-0.88,3.51
RTX,1978-11-17,0.41335976123809814,0.41621044599359125,0.410509076482605,0.41335976123809814,1800019,34.30587295225757,29.796815971964758,29.743880270512012,27.522059668621857,25.914307137265453,1.74,100.0,-0.9,3.42
RTX,1978-11-20,0.41621062334761844,0.42191230632852766,0.41621062334761844,0.42048680782318115,5547517,34.138774952791536,30.10216575288927,29.880651508351775,27.59018545841544,25.95016050144282,1.75,100.0,-0.94,3.29
RTX,1978-11-21,0.4219122695902974,0.43331532351871216,0.4219122695902974,0.42761367559432983,1444083,34.685866564371146,30.34190483043161,29.991980942628288,27.50743290974403,25.995087343414745,1.75,100.0,-0.98,3.19
RTX,1978-11-22,0.4276134121326609,0.4347402775668514,0.4276134121326609,0.4318895936012268,1601712,34.744314364584696,30.38751941574469,30.014687127390317,27.505018866949037,25.96094648032669,1.75,100.0,-1.01,3.16
RTX,1978-11-24,0.4318899025439902,0.43331536650657654,0.4290391819791379,0.43331536650657654,1700866,34.82823969231794,30.390002243305698,29.99282113936854,27.496452465422745,25.94465022357713,1.74,99.0,-1.03,3.17
RTX,1978-11-27,0.43331532351871216,0.4347405454195329,0.42761367559432983,0.42761367559432983,1288997,34.89575173288798,30.42583913954438,30.05888265225386,27.54405128627941,25.979386028287422,1.74,100.0,-1.06,3.12
RTX,1978-11-28,0.430464506149292,0.44186756391435,0.430464506149292,0.430464506149292,1494931,34.52149623451748,30.076953412034275,30.062844142034166,27.551712556916524,25.848530743823723,1.73,100.0,-1.09,3.12
RTX,1978-11-29,0.43046408641957734,0.43046408641957734,0.42191200015496316,0.4233372211456299,1660187,34.688620393390465,30.174846419503236,30.062401568309667,27.62217979194211,25.88521427745211,1.71,99.0,-1.12,3.14
RTX,1978-11-30,0.4233375534668624,0.43616610765457153,0.4233375534668624,0.43616610765457153,1200013,36.04363295725168,30.841577523550434,30.395700356402756,27.84245999379903,26.052473563929325,1.7,100.0,-1.16,2.93
RTX,1978-12-01,0.43616620238906134,0.44186757590604075,0.4333154810705091,0.44044235348701477,988994,36.21454448482914,30.960524985123598,30.442744597409217,27.833970132759113,25.737994786558893,1.69,100.0,-1.19,2.89
RTX,1978-12-04,0.4375914931297302,0.4375914931297302,0.4276136614325829,0.4375914931297302,816110,35.70547138937323,30.95453880751365,30.390479010066624,27.80194608068301,25.66726310101034,1.67,98.0,-1.22,2.94
RTX,1978-12-05,0.4375917453368054,0.4390169680118561,0.4304645951594896,0.4390169680118561,783059,35.42832529350107,30.934521865083532,28.71128582486654,27.751908192496177,25.550018313895823,1.66,78.0,-1.25,3.03
RTX,1978-12-06,0.4475689239480895,0.45469579100608826,0.4475689239480895,0.45469579100608826,3770379,36.912738157478444,31.894547284243675,29.295386456404792,28.046374790999746,25.7717825857948,1.66,86.0,-1.27,2.71
RTX,1978-12-07,0.45469585083534225,0.46039722081580065,0.4475689828395844,0.44756898283958435,3195797,36.28021386133821,31.570092520564945,29.088889705140797,28.11295779781106,25.816217275797914,1.65,84.0,-1.29,2.83
RTX,1978-12-08,0.44756885922700035,0.4518450410515043,0.44044195863955676,0.44329267740249634,742381,31.92418257546737,31.52883793491512,29.020371727122825,28.137202375426384,25.693004880663146,1.65,81.0,-1.32,2.89
RTX,1978-12-11,0.44329267740249634,0.4447181404640608,0.4390164955779923,0.44329267740249634,1589000,31.92463465794712,31.29487869983355,29.000062967099392,28.133131981756755,25.685104534688445,1.64,79.0,-1.34,2.9
RTX,1978-12-12,0.44329289894494306,0.44614358457252506,0.4375914931297302,0.4375914931297302,5415312,32.00125777838678,31.361781541031185,29.03789493335337,28.17675494427185,25.719692548410993,1.64,82.0,-1.36,2.87
RTX,1978-12-13,0.4375915510340152,0.44186745908102665,0.4290391819791379,0.43331536650657654,1357642,32.07937714365491,28.910388131653402,29.06833842260893,28.189546393688254,25.737102267061406,1.63,83.0,-1.38,2.85
RTX,1978-12-14,0.4333154402898741,0.4375916255454453,0.4333154402898741,0.43474066257476807,1075435,26.52798077445013,28.918342782576346,29.05664849907865,28.1772309738349,25.736984733832628,1.62,82.0,-1.4,2.86
RTX,1978-12-15,0.43474058854878905,0.4375915510340152,0.4276137180165515,0.43331536650657654,2700029,25.258465530070072,28.45495025635959,28.868041272327726,28.176772150553287,25.701600453901115,1.61,71.0,-1.42,3.01
RTX,1978-12-18,0.4261883164195615,0.4261883164195615,0.4190614488899006,0.42191213369369507,7388214,26.33620759241938,28.885975232093138,29.122491817286367,28.34969707625998,25.821481656377298,1.6,84.0,-1.43,2.85
RTX,1978-12-19,0.42191230632852766,0.42333752835345034,0.42048680782318115,0.42048680782318115,4416149,26.337331260930863,28.886405681490125,29.11424072280627,28.34232550265282,25.821362623431533,1.58,83.0,-1.44,2.85
RTX,1978-12-20,0.42048677120907685,0.42903913941550037,0.42048677120907685,0.42761367559432983,971197,25.98997436565241,29.15439008170274,29.222165658331612,28.406995272364217,25.863657474254246,1.57,85.0,-1.45,2.77
RTX,1978-12-21,0.4304644243354246,0.43616610765457153,0.4304644243354246,0.43616610765457153,2265278,25.76883393227219,29.388714831836083,29.068244531701865,28.475645318991884,25.92554815354673,1.55,79.0,-1.44,2.86
RTX,1978-12-22,0.4390167730762278,0.44186745908102665,0.43331536650657654,0.43331536650657654,711872,25.676523836707183,29.40452557657258,27.23810221462959,28.444482960578032,25.92679054763345,1.55,52.0,-1.42,2.66
RTX,1978-12-26,0.4333152122880275,0.448994169814514,0.4318897488327691,0.44756898283958435,2430534,27.203337810652467,30.048532340117674,27.794302801830582,28.691946716629253,26.12254475910773,1.54,62.0,-1.38,2.39
RTX,1978-12-27,0.44471825333407544,0.44471825333407544,0.43474042409111824,0.44186729192733765,1634763,26.582593218356287,30.098815727204542,27.800960364503457,28.707321178284566,26.133257066886223,1.54,62.0,-1.35,2.38
RTX,1978-12-28,0.44329267740249634,0.4504195434299083,0.44186717978090034,0.44329267740249634,1845782,24.839196863358794,30.115383865519824,27.803644620655017,28.685984648478485,26.134549356672878,1.54,62.0,-1.31,2.38
RTX,1978-12-29,0.44329267740249634,0.4504195434299083,0.44186717978090034,0.44329267740249634,1845782,24.146527383614405,30.105341152661673,27.62851114727358,28.233875767197457,26.099625680588467,1.53,56.0,-1.27,2.5
RTX,1979-01-02,0.4432927998340557,0.4475689828395844,0.43759139529355623,0.44756898283958435,1037299,24.196555211786904,30.19122299152317,27.561636264940347,27.613405410609243,26.10443949133701,1.53,55.0,-1.25,2.54
RTX,1979-01-03,0.4504195564746634,0.45897192037135937,0.4504195564746634,0.4561212360858917,2082226,24.434459875359025,30.411104476187354,27.49195467446367,27.61325181555797,26.157413964772005,1.53,54.0,-1.2,2.59
RTX,1979-01-04,0.46182269204980675,0.4718002444571913,0.46182269204980675,0.4660988748073578,3544106,24.691841921230345,30.467703185080374,27.74022628707773,27.726071730450908,26.241093771259106,1.53,57.0,-1.14,2.43
RTX,1979-01-05,0.46609898365045815,0.47465135116270296,0.4618227998943357,0.4675241708755493,1774595,24.36408118776375,30.46919650182191,27.746930527925368,27.641636189655355,26.147178613622295,1.53,58.0,-1.08,2.43
RTX,1979-01-08,0.46609893146152376,0.46609893146152376,0.4546958797354679,0.4618227481842041,841534,24.66057398958706,30.48547615633214,27.79475078684724,27.64040073352539,25.958686368670076,1.53,60.0,-1.02,2.39
RTX,1979-01-09,0.46182265806408695,0.46182265806408695,0.45327029317835693,0.45469579100608826,1403405,25.18941563783078,30.619208293936868,27.747242500604912,27.693087423507055,26.01094304481294,1.52,57.0,-0.97,2.42
RTX,1979-01-10,0.45469584065675034,0.45469584065675034,0.4390166070009225,0.44186729192733765,1426286,26.344604031739376,31.08296565064507,28.05050768774114,27.814031933716617,26.129621618383364,1.52,64.0,-0.92,2.23
RTX,1979-01-11,0.44186729192733765,0.44329278991072674,0.42903901967824754,0.44186729192733765,3971229,26.293264902210367,30.699606658519578,28.042239455294155,27.814031933716617,26.121058534205467,1.52,63.0,-0.87,2.24
RTX,1979-01-12,0.44186730997075646,0.4489941780979978,0.4390166249279351,0.44471827149391174,3706819,25.800302059095475,30.709193670006705,27.97298540700508,27.822093614170885,26.113587552579233,1.52,62.0,-0.79,2.29
RTX,1979-01-15,0.44471826328931413,0.4475689828395844,0.4404420802837854,0.44756898283958435,2227142,24.430683852979758,30.738624646268832,28.00649140882061,27.829939976576668,26.110870929049412,1.52,62.0,-0.71,2.27
RTX,1979-01-16,0.44471836271890497,0.44471836271890497,0.4347405310217576,0.4375914931297302,2450874,25.190491615593047,31.009009885216866,28.167879031922503,27.897463438807403,26.213807009281943,1.52,64.0,-0.64,2.16
RTX,1979-01-17,0.4361661762349583,0.4361661762349583,0.42903926968574524,0.42903926968574524,1072893,25.763190764474704,30.90197057151945,28.298457866967773,27.9914133881151,26.290008383659845,1.52,64.0,-0.57,2.07
RTX,1979-01-18,0.4304643470601649,0.4390167149833503,0.4304643470601649,0.4375914931297302,1576288,26.41538081107108,31.00992322713467,28.50942570527804,27.974730556563042,26.355007985673772,1.52,64.0,-0.51,1.95
RTX,1979-01-19,0.4375912744366488,0.4511321367205643,0.4375912744366488,0.44329267740249634,1517813,24.566134251165554,31.089889422908286,28.539390965124134,27.822344465726694,26.333870722021217,1.52,64.0,-0.41,1.94
RTX,1979-01-22,0.44329315443803935,0.44471861903357124,0.43474078158567286,0.4390169680118561,1278827,24.30557681015572,30.62262682446538,28.486118933543953,27.51409504377821,26.350931560828855,1.52,62.0,-0.29,1.97
RTX,1979-01-23,0.44329295760366644,0.4475691421311051,0.43331536650657654,0.43331536650657654,2102565,24.43723055966502,28.259159044203024,28.5089193296158,27.547507138652016,26.38604554717969,1.52,62.0,-0.15,1.96
RTX,1979-01-24,0.44329295760366644,0.4475691421311051,0.43331536650657654,0.43331536650657654,2102565,24.43723055966502,28.253158320775817,28.500832052525883,27.489297178567217,26.382058314649626,1.53,61.0,-0.01,1.96
RTX,1979-01-25,0.4333153869551907,0.4418674799332232,0.4318899229253352,0.43616610765457153,1174589,24.245096806550983,28.156886566798793,28.30022434859874,27.136687721206503,26.379412047516933,1.53,59.0,0.11,2.07
RTX,1979-01-26,0.4375912744366488,0.4447181404640608,0.4375912744366488,0.44329267740249634,2405110,24.511219332674074,28.30431492032665,28.45048043609794,27.189208363988175,26.424140603448503,1.53,59.0,0.24,1.98
RTX,1979-01-29,0.44329267740249634,0.44756885922700035,0.44044195863955676,0.44329267740249634,1385608,24.500298405842695,25.362149022435155,28.38401861160807,27.15386247754194,26.05395559900479,1.52,58.0,0.29,2.02
RTX,1979-01-30,0.4461435109295156,0.4532703793422885,0.4461435109295156,0.45041969418525696,2420365,24.86344727833592,24.88537768248269,28.528787653509585,27.215483900048394,26.085913290504354,1.51,63.0,0.29,1.94
RTX,1979-01-31,0.45041969418525696,0.4532703793422885,0.4475690090282254,0.45041969418525696,2679690,23.416815059888027,24.844365666329093,28.528787653509585,27.163195415374847,26.02730619060577,1.49,62.5,0.17,1.94
RTX,1979-02-01,0.450419866960255,0.450419866960255,0.44471845989916575,0.44899436831474304,3190712,23.41246852870314,24.843968186035013,28.478295787417423,26.97957296144931,26.010584826806433,1.47,57.0,0.07,1.97
RTX,1979-02-02,0.4489941780979978,0.4532703611824177,0.4447182714939118,0.44471827149391174,1405947,23.228493618603576,24.453052323186643,28.480359399626547,26.758324643674776,26.01895218514805,1.45,57.0,-0.29,1.97
RTX,1979-02-05,0.43901679379389735,0.43901679379389735,0.4318899229253352,0.43616610765457153,1583915,23.296049520095078,24.354772075570956,28.303237727054853,26.84185416913392,26.08453055223376,1.43,53.0,-0.45,2.06
RTX,1979-02-06,0.4361661905520982,0.4361661905520982,0.430464506149292,0.430464506149292,1540694,23.534836910292036,24.419797474938452,28.302723509901263,26.824410294681105,26.035981920844886,1.41,52.0,-0.57,2.06
RTX,1979-02-07,0.4318897205871892,0.43331518394922236,0.41763595096782863,0.42191213369369507,2211888,22.08828042284206,24.681697744471663,28.27846688124432,26.91561226874299,26.114942796622614,1.4,49.0,-0.58,2.07
RTX,1979-02-08,0.42191200015496316,0.4276134025180486,0.4190613162534344,0.4233372211456299,1398320,21.894620714338117,24.24546510775919,28.28971784422199,26.87180774328138,26.09310676636535,1.38,49.0,-0.64,2.06
RTX,1979-02-09,0.42333752835345034,0.4261884908040904,0.4190616203583115,0.42048680782318115,2855115,21.90148452980264,23.460535745003824,26.63789296352414,26.877827491672324,26.08269475168457,1.39,19.0,-0.55,1.78
RTX,1979-02-12,0.42048663577162304,0.42333735513545634,0.41763595096782863,0.42191213369369507,1611882,21.94703492351477,23.180243630085645,26.63967549160013,26.865733050691876,26.08148401339967,1.39,20.0,-0.46,1.77
RTX,1979-02-13,0.4233372211456299,0.4290388654289106,0.4233372211456299,0.4233372211456299,1563576,21.74293501738573,23.150889200850738,26.363770604962404,26.86306880854167,26.05938120648715,1.4,19.0,-0.35,1.93
RTX,1979-02-14,0.4233374788548138,0.4233374788548138,0.4162105746822935,0.4190615713596344,2496637,20.94639407543662,23.08692378881036,26.39102601408489,26.82553176919256,26.05660592295483,1.41,20.0,-0.24,1.92
RTX,1979-02-15,0.4190614488899006,0.42333735513545634,0.41763595096782863,0.42191213369369507,2074598,19.85247928286962,22.860723145141456,26.42369374153181,26.82385973116005,26.064251972013796,1.42,21.0,-0.1,1.89
RTX,1979-02-16,0.4268315115525294,0.4268315115525294,0.419597104126625,0.4253848195075989,1426286,20.05096153267203,22.658468439426105,26.467607708363154,26.65899303139411,26.07563797281448,1.43,22.0,0.04,1.85
RTX,1979-02-20,0.4253847172670716,0.4311721155233031,0.4239377098361764,0.4282784163951874,877128,20.058040548387808,22.607741792838503,26.41645359580991,26.36209981624494,26.057055820702402,1.43,21.0,0.2,1.88
RTX,1979-02-21,0.42827867094581207,0.4311723717938205,0.42683166265487665,0.4268316626548767,1121198,19.677098287540883,22.605828411648368,26.41733299303062,26.283501197229107,26.05100828446842,1.44,22.0,0.36,1.88
RTX,1979-02-22,0.42683166265487665,0.4297253985844254,0.4253849700978036,0.4268316626548767,1861037,18.003552737111896,22.443021944728294,26.298160870586816,26.280025572617287,26.049143454547075,1.44,19.0,0.56,1.96
RTX,1979-02-23,0.4268314358284236,0.4268314358284236,0.418150337897701,0.4195970296859741,1205098,18.580829396455954,22.667648633064314,26.390883251463666,26.335392382931254,26.0872820279121,1.44,20.0,0.77,1.91
RTX,1979-02-26,0.41959692796482917,0.4224906265735627,0.4181502365272714,0.4224906265735626,1166962,18.598083318817068,22.458768326713056,26.424179964972737,26.326460864943037,26.070151494239806,1.44,24.0,1.0,1.89
RTX,1979-02-27,0.4224908488339545,0.4224908488339545,0.41091573257606384,0.41525644063949585,2931387,18.963423444342485,21.848429327230924,26.534480001166994,26.39257577613175,26.127287000596617,1.43,25.0,1.24,1.82
RTX,1979-02-28,0.4152561693908755,0.4152561693908755,0.4080217659219865,0.41091546416282654,1896630,18.16166409370745,21.824190528185323,26.570667051983932,26.410931071813575,26.150135043116563,1.43,25.0,1.48,1.8
RTX,1979-03-01,0.4109155406912959,0.4181502612411493,0.4094688491682345,0.4167032539844513,1558491,17.944025068556822,22.013058981848754,26.637489436015493,26.46019226332914,26.026964322188107,1.42,25.0,1.77,1.75
RTX,1979-03-02,0.41670332657841164,0.4181503340871931,0.4094689205018877,0.4138096272945404,1329675,16.90492561945785,22.032042279958908,26.426564372197276,26.443340638115654,26.035099003875207,1.41,21.0,2.0,1.89
RTX,1979-03-05,0.41380973312741165,0.42683154110203797,0.41236272524855433,0.42104414105415344,1622051,17.282456090232472,21.069604988205334,26.59292796965661,26.411128450818733,26.079934822153167,1.4,24.0,2.22,1.78
RTX,1979-03-06,0.42104412486998916,0.4224908169594659,0.4167034171340384,0.4181504249572754,1001706,17.189084019368426,20.885830919812914,26.55520475359073,26.35044775364981,26.088059178319128,1.38,22.0,2.12,1.82
RTX,1979-03-07,0.418150337897701,0.42104403720794187,0.4167033303757333,0.4195970296859741,2133074,16.897418497314508,20.831057726308803,26.56859954262879,26.304992723280442,25.974384608290357,1.36,22.0,1.77,1.8
RTX,1979-03-08,0.42249060222331064,0.43261902037055333,0.42249060222331064,0.4311720132827759,1827986,18.78289537626664,21.613948090138525,26.944926505691075,26.47845076124628,26.094313551909483,1.34,31.0,1.23,1.61
RTX,1979-03-09,0.4311720132827758,0.4384064523359747,0.4311720132827758,0.4311720132827759,3142406,18.67478997307043,21.456879683090772,26.669082986195136,26.46763225202037,26.085978140029255,1.32,26.0,1.12,1.74
RTX,1979-03-12,0.4311720132827758,0.4340657468062421,0.4239376093110881,0.4311720132827759,1855952,18.002240652989784,21.36391435828846,26.643373106039125,26.464508593064988,26.085978140029255,1.31,25.0,1.03,1.76
RTX,1979-03-13,0.4311725470767898,0.4413006971106499,0.4253851430280411,0.4355132579803467,3879702,18.27895201669738,21.45362860349194,26.695023071186004,26.492447720190963,26.102244907056587,1.29,26.0,0.56,1.72
RTX,1979-03-14,0.4355128081510373,0.44130024130365864,0.4340658358479476,0.43695953488349915,917806,17.64118688395909,21.452723996277463,26.676075690220486,26.473549128108647,26.10123174238116,1.28,25.0,-0.01,1.73
RTX,1979-03-15,0.4369596088199049,0.4456410231291757,0.4355128818426476,0.4384066164493561,1555949,17.683630625046693,20.719838335349912,26.436306303198037,26.477332722100975,26.102884924698117,1.27,13.0,-0.13,1.85
RTX,1979-03-16,0.438406616449356,0.43985358899728294,0.4369596088199049,0.4384066164493561,1144080,17.67215695727766,20.70337364478466,26.289522644632264,26.46975967927416,26.080706139670774,1.26,3.0,-0.08,1.94
RTX,1979-03-19,0.4384068697676038,0.4456412806275776,0.43695986130204884,0.44130057096481323,872043,17.595069749556032,20.468187955942614,26.27680113816232,26.46402368485898,26.053478329235702,1.25,2.0,-0.01,1.95
RTX,1979-03-20,0.4398536515692039,0.4398536515692039,0.42972526327117994,0.43261924386024475,889840,17.638120201493205,20.486981044515137,26.09037524380131,26.545527764980736,26.0936919168079,1.23,1.0,0.05,2.03
RTX,1979-03-21,0.4326191812200009,0.43695960771143183,0.42827847407637704,0.43406590819358826,1416117,17.23422429055809,20.454856900859443,24.37136202431077,26.529752070092837,26.092560437950297,1.28,1.0,0.09,1.4
RTX,1979-03-22,0.43406590929472066,0.43985358899728294,0.43406590929472066,0.4384066164493561,1070350,16.32693048652444,19.431614393817732,24.41475691855958,26.55778677487165,26.108310907062123,1.33,2.0,0.12,1.36
RTX,1979-03-23,0.43840633895297915,0.4427470433600955,0.4369593322394343,0.439853310585022,2018666,16.326081919145196,19.26966316500484,24.332325379684246,26.55070822520414,26.10811346274728,1.37,1.0,0.11,1.43
RTX,1979-03-26,0.43695967098013916,0.43695967098013916,0.43117223602494775,0.43261924386024475,607634,16.981486289755825,19.550316966630152,24.455562213487575,26.558575917376103,26.16051358696156,1.41,4.0,0.14,1.37
RTX,1979-03-27,0.43551279497972034,0.44274723529815674,0.43551279497972034,0.44274723529815674,828822,18.152775604849907,20.137258765292053,22.736429715221938,26.666858494355328,26.257861346620885,1.51,1.0,0.2,-0.4
RTX,1979-03-28,0.44274724868826665,0.4441942209913564,0.4355128081510373,0.43695953488349915,1543237,18.63881222556756,20.212847441403106,22.379797416643484,26.709252491454617,26.282713824369363,1.6,1.0,0.21,-0.4
RTX,1979-03-29,0.43695967098013916,0.4398536515692039,0.43117223602494775,0.43261924386024475,1050011,18.63006412835315,19.89801004197074,22.412705696111384,26.693836897427715,26.292855493337143,1.69,2.0,0.21,-0.41
RTX,1979-03-30,0.4326193800847559,0.4326193800847559,0.4253849700978036,0.4268316626548767,2064429,19.01040636989107,19.497615789160136,22.508141400155875,25.69927505839592,26.326513371715464,1.77,3.0,0.2,-0.44
RTX,1979-04-02,0.4297252622906956,0.4297252622906956,0.4224908195167137,0.4239378273487091,5143275,18.971922746650677,19.5046506158067,22.237509089949505,25.707991336553203,26.32764555371166,1.85,1.0,0.19,-0.39
RTX,1979-04-03,0.4253847172670716,0.4311721155233031,0.4253847172670716,0.4282784163951874,1688154,19.104736654114774,19.524425345587975,21.993927514371546,25.550457359367236,26.337801994255056,1.93,1.0,0.19,-0.34
RTX,1979-04-04,0.42972504127650946,0.43551271881250847,0.42972504127650946,0.4311720132827759,2961896,19.17392853034519,19.360983162625217,21.965600485235683,25.50702417650112,26.343760943913196,2.0,1.0,0.2,-0.33
RTX,1979-04-05,0.43117217468801217,0.438406616449356,0.4282784751628279,0.4384066164493561,1947478,19.746447528958342,18.805729710463183,22.072866479395817,25.576115747313484,26.375380378075718,2.07,3.0,0.19,-0.37
RTX,1979-04-06,0.4427471368138093,0.449981540441513,0.4427471368138093,0.44998154044151306,3188170,20.284393530205115,19.556835139731177,22.142525992704048,25.756155760499066,26.46747981701441,2.13,4.0,0.12,-0.38
RTX,1979-04-09,0.449981540441513,0.449981540441513,0.44708780705563905,0.44998154044151306,1273742,20.24843239509309,19.51512991102654,21.583832703691613,25.75490400464902,26.464790644870156,2.19,1.0,0.12,-0.39
RTX,1979-04-10,0.44998165067037665,0.46445046147010777,0.4485346432969387,0.4615567624568939,3861906,20.476279459598004,20.151265519151266,21.733834236752106,25.927695541599117,26.560679091750806,2.25,2.0,0.03,-0.41
RTX,1979-04-11,0.461556762456894,0.46734416048332156,0.45866306344368013,0.4615567624568939,3460206,20.073028159992433,19.57076113410697,21.716129882308834,25.8214578423316,26.542974518722772,2.3,2.0,-0.05,-0.4
RTX,1979-04-12,0.4615569571339776,0.46589766535146826,0.46010994915021564,0.4644506573677063,1527982,19.858418708068715,19.120427787070625,21.636600482587713,25.81786968296063,26.202535358464356,2.35,2.0,-0.05,-0.37
RTX,1979-04-16,0.46445059716210896,0.46445059716210896,0.4572161896486683,0.4601098895072937,2013581,19.982592727404626,18.8521250835254,21.548571857614267,25.83643131922911,25.729431827312972,2.4,1.0,-0.11,-0.32
RTX,1979-04-17,0.46010975508345603,0.4658974688435457,0.46010975508345603,0.4615567624568939,729669,19.549793429329174,18.689542234978756,21.400480709017682,25.81930266463691,25.661666204750905,2.44,1.0,-0.19,-0.26
RTX,1979-04-18,0.46155701467253646,0.46445071526699927,0.46155701467253646,0.4630040228366852,2150870,19.320600369043568,18.570169961680925,21.35330009545668,25.6168840964207,25.661091449726996,2.49,1.0,-0.28,-0.23
RTX,1979-04-19,0.46300390509967343,0.4673442970207344,0.46010988950729365,0.4601098895072937,2407653,19.522596686856232,18.403360014136776,21.377634145886297,24.52984930192108,25.601765673334565,2.52,2.0,-0.38,-0.24
RTX,1979-04-20,0.46010975508345603,0.46445046147010777,0.45866306344368013,0.4615567624568939,1716120,18.1332771119743,18.407321351253874,21.265451165187674,24.53462058686012,25.572201685181994,2.56,1.0,-0.45,-0.2
RTX,1979-04-23,0.4615569571339776,0.46589766535146826,0.4615569571339776,0.4644506573677063,465259,18.15575831066521,18.403506017156595,21.262766660142855,24.5292400896677,25.571002073364973,2.59,1.0,-0.51,-0.2
RTX,1979-04-24,0.4644503768557876,0.4716847809376777,0.4630036854795723,0.4702380895614624,1840698,18.362459271935954,18.28528902180377,21.155927187877655,24.568968994355625,25.532648327415746,2.62,1.0,-0.48,-0.19
RTX,1979-04-25,0.47023834371304163,0.4731320437630463,0.4673443279292617,0.46879133582115173,1169504,18.313071253034586,18.303263554895405,20.654631039303197,24.47420857934988,25.534778826854527,2.66,1.0,-0.52,-0.14
RTX,1979-04-26,0.46879142402561075,0.4716851246200735,0.4601100065083878,0.4630040228366852,1845782,18.810042946279214,18.23241163144758,20.707676764501418,24.439651581624815,25.563915016227025,2.68,2.0,-0.6,-0.14
RTX,1979-04-27,0.4586631655693054,0.4586631655693054,0.45432245821615475,0.4586631655693054,1377981,19.08866721883028,18.344400671022854,20.738015675543085,24.268620334460973,25.580181858529816,2.71,3.0,-0.67,-0.15
RTX,1979-04-30,0.4586631044839423,0.4601097962531653,0.4499816909338432,0.4543223977088928,1309336,19.350991007794256,18.441397259167072,20.79331101719115,24.284968765357583,25.552345555808632,2.75,4.0,-0.73,-0.17
RTX,1979-05-01,0.45432231094465064,0.45576900243759155,0.45287530371807966,0.45576900243759155,811026,19.293688484293053,18.337822760537097,20.03929127092571,24.28633678310651,25.55240612156919,2.79,1.0,-0.73,-0.29
RTX,1979-05-02,0.45576901764382843,0.45576901764382843,0.44998162001171443,0.4514285922050476,874586,18.538309178764617,17.990797039492822,19.938248544544702,24.306321737401092,25.477939700756853,2.84,1.0,-0.75,-0.26
RTX,1979-05-03,0.45142851237897824,0.45432224576485225,0.44853453342253835,0.44998154044151306,696618,18.57650772422754,17.78078624566749,19.884961866777306,24.23285412023068,25.328417204605717,2.89,1.0,-0.77,-0.24
RTX,1979-05-04,0.449981767808916,0.4514287404775096,0.44274736052580105,0.4470880329608917,1098317,18.513279248005308,17.313043191944907,19.912549198038583,24.229888163493378,25.079267455676856,2.93,2.0,-0.78,-0.25
RTX,1979-05-07,0.44419429615191836,0.44419429615191836,0.438406616449356,0.4384066164493561,938146,19.398259027819435,17.810078949599166,20.051169966985153,24.322181434843696,25.14800635233896,2.96,5.0,-0.78,-0.27
RTX,1979-05-08,0.4369595348834991,0.4369595348834991,0.43117210173087783,0.43695953488349915,1606797,18.7906385314726,17.763334061658288,19.99640071223148,24.247756385640205,25.10533960240537,3.0,4.0,-0.78,-0.25
RTX,1979-05-09,0.4369595969267003,0.44708798350822265,0.4369595969267003,0.44564101099967957,1202555,18.448625750551194,18.179596197501528,20.231040874240595,24.37446851800545,24.904329043615792,3.02,7.0,-0.79,-0.33
RTX,1979-05-10,0.4413006971106499,0.4413006971106499,0.4355132579803467,0.4355132579803467,541531,19.269651494407526,18.818684512936287,20.557774006153863,24.498357314605034,24.99091648115001,3.04,8.0,-0.79,-0.38
RTX,1979-05-11,0.4355128818426476,0.438406616449356,0.43406590929472066,0.4384066164493561,7947542,19.130874978209587,18.727969965350937,20.131232045569007,24.516120784744462,24.974262361865083,3.06,7.0,-0.75,-0.37
RTX,1979-05-14,0.43840667881543616,0.44274738658756424,0.43261924386024475,0.43261924386024475,808483,19.119602483621247,18.90288987709177,20.23952858461596,24.552411992381533,24.999445565731314,3.08,9.0,-0.72,-0.41
RTX,1979-05-15,0.4340662841827187,0.43840699508627556,0.4340662841827187,0.4355132579803467,1652560,19.074167697044324,18.878581972568334,20.09229612998128,24.516118426660434,24.96967365582295,3.09,7.0,-0.7,-0.36
RTX,1979-05-16,0.43551294379707584,0.43840667881543616,0.43261924386024475,0.43261924386024475,1118656,18.986228848814577,18.885398759942586,19.872543341605027,24.466977740428252,24.833036578024494,3.11,1.0,-0.71,-0.29
RTX,1979-05-17,0.4355126061779056,0.439853310585022,0.4355126061779056,0.439853310585022,755093,19.48274733809643,19.166239689160154,20.01957752565777,24.533174946280077,24.703448090459958,3.14,6.0,-0.7,-0.35
RTX,1979-05-18,0.43985358899728294,0.44274732360399144,0.4369596088199049,0.4384066164493561,2799182,18.91062273512836,19.181802402881736,19.34798864725598,24.530514959953635,24.69751263931767,3.18,1.0,-0.69,-0.46
RTX,1979-05-21,0.44046176465943027,0.44046176465943027,0.43458905409636023,0.4375253915786743,3561902,17.224070415823576,18.838683745834146,19.244416645646574,24.392979016070505,24.65410053822018,3.21,1.0,-0.68,-0.41
RTX,1979-05-22,0.4375255335831465,0.44046190761694,0.4360572397708893,0.4360572397708893,3839024,17.23574793083601,18.81213167719984,19.24388243751068,24.393762593680176,24.650258139347518,3.24,1.0,-0.68,-0.41
RTX,1979-05-23,0.4375253915786743,0.441930057995134,0.4375253915786743,0.4375253915786743,1718662,15.381083130434961,18.450121311132737,19.252009676714916,24.361976487736868,24.613609195977546,3.28,3.0,-0.67,-0.42
RTX,1979-05-24,0.4375253915786743,0.43899372051282,0.43458905409636023,0.4375253915786743,1594085,15.381083130434961,18.298359418607514,19.188702362449682,24.361976487736868,24.611455199088578,3.31,1.0,-0.65,-0.39
RTX,1979-05-25,0.43752597933123705,0.4433986977834508,0.436057684023092,0.4419306516647339,457632,15.589432783898935,18.196270619164263,19.013635749687733,24.398451719060795,24.619257064590666,3.34,1.0,-0.59,-0.35
RTX,1979-05-29,0.44193046672509384,0.44339851222946114,0.43899412652703534,0.4404621720314026,2298330,15.426281347256868,18.143578022113413,18.690124891197346,24.361552346433605,24.614901419110023,3.37,1.0,-0.53,-0.28
RTX,1979-05-30,0.4389938629938571,0.4389938629938571,0.4331208657370958,0.4360572397708893,808483,15.558063753183198,17.96034353707166,18.74123402077603,24.372156764986798,24.58895113250686,3.4,2.0,-0.47,-0.3
RTX,1979-05-31,0.43605734154508013,0.43899396545344527,0.43458929657936096,0.43458929657936096,1866122,15.48955594067927,17.912106415733668,18.654398328605286,24.158356418821427,24.576734395523847,3.42,1.0,-0.38,-0.26
RTX,1979-06-01,0.43458932561146707,0.43605737067525685,0.433120995759964,0.433120995759964,1916970,15.444734359035131,17.92108931253332,18.50567359118644,24.117305840135096,24.437156811010897,3.45,1.0,-0.31,-0.2
RTX,1979-06-04,0.43312094264444334,0.4345892723158787,0.4316529333591461,0.4316529333591461,1039842,15.371168485115543,17.051237927668684,17.954586493625854,23.99653595047429,24.200142867850712,3.48,1.0,-0.31,-0.26
RTX,1979-06-05,0.4316529862946384,0.43458932561146707,0.4301846564431353,0.433120995759964,3310205,15.256092601444692,17.065271514514937,17.963799739045392,24.001901191596456,24.143721247189315,3.51,2.0,-0.3,-0.26
RTX,1979-06-06,0.433120995759964,0.43458932561146707,0.4301846564431353,0.433120995759964,1693238,14.627629676623656,17.065271514514937,17.9323518422971,22.891254109773346,24.14142868978173,3.53,1.0,-0.28,-0.24
RTX,1979-06-07,0.4331209668259475,0.43605734154508013,0.43165295745869015,0.43458929657936096,2430534,14.734191699014005,16.95397535190398,17.910298646044026,22.887935227716806,24.133453806981098,3.55,1.0,-0.24,-0.23
RTX,1979-06-08,0.43458929657936096,0.43458929657936096,0.43165295745869015,0.43458929657936096,821195,14.446187351710632,16.93959740969978,17.551335647877764,22.715448895359604,24.111638952252928,3.58,1.0,-0.24,-0.18
RTX,1979-06-11,0.43458932561146707,0.43605737067525685,0.4301846564431353,0.433120995759964,704245,14.285872983749947,16.937786061308994,17.274663934098903,22.70996129265474,24.11085419604273,3.6,1.0,-0.23,-0.12
RTX,1979-06-12,0.43312107967062247,0.4389940798282623,0.43312107967062247,0.43899407982826233,2405110,14.767888953290631,17.16800389697527,17.12120748914481,22.770282118868256,24.147129853406152,3.62,1.0,-0.23,-0.1
RTX,1979-06-13,0.4389938629938571,0.4389938629938571,0.4345891951478065,0.4360572397708893,1266115,14.794509707356235,17.16727858207947,17.027953459822136,22.7815681565359,24.147248689127295,3.63,1.0,-0.21,-0.04
RTX,1979-06-14,0.4360572397708893,0.4360572397708893,0.43165285671246645,0.4360572397708893,607634,14.598170220990916,16.670699446525962,16.959284776973885,22.722630718180543,24.124851938162664,3.65,1.0,-0.21,-0.01
RTX,1979-06-15,0.43605750154117806,0.44046217203140264,0.43458945603681076,0.4404621720314026,1029672,14.937923149868954,16.782234149500656,16.90510562341709,22.755601864103557,24.048706651720376,3.66,1.0,-0.22,-0.0
RTX,1979-06-18,0.44046212517646366,0.4448667951981336,0.43605745515479366,0.43899407982826233,1380523,14.861067464598374,16.674578384839663,16.914233437251124,22.688083884790895,23.99236941000631,3.66,2.0,-0.22,-0.01
RTX,1979-06-19,0.43899412652703534,0.44046217203140264,0.43752579623486926,0.4404621720314026,681363,13.759053754375984,16.67495114283364,16.89080225983867,22.680447626416452,23.953495873338014,3.67,1.0,-0.22,0.01
RTX,1979-06-20,0.44046217203140264,0.44193046672509384,0.43752579623486926,0.4404621720314026,757635,13.720073638350987,16.311945692167328,16.692126457031435,22.678984668495797,23.92610042578375,3.68,1.0,-0.21,0.12
RTX,1979-06-21,0.44046192845644944,0.44339826703071594,0.44046192845644944,0.44339826703071594,1479677,12.591871710228949,15.662714205949243,16.726060175004747,22.68677237652695,23.928188507162364,3.68,2.0,-0.21,0.09
RTX,1979-06-22,0.44339826703071594,0.44633489039262386,0.44193022233817575,0.44339826703071594,1164419,10.572329886441356,15.419938676472883,16.529455871461714,22.68677237652695,23.926050966865553,3.67,1.0,-0.17,0.19
RTX,1979-06-25,0.4419304197139624,0.4419304197139624,0.43605745515479366,0.43899407982826233,1914427,10.842080649067244,15.419934847950016,16.602838149430013,22.687986697254345,23.94427727637153,3.67,2.0,-0.11,0.16
RTX,1979-06-26,0.4389940798282623,0.4419304197139624,0.43605745515479366,0.43899407982826233,844077,10.079225556340862,15.153120225359206,16.596307817768068,22.557483237348897,23.926984040293192,3.66,2.0,-0.06,0.16
RTX,1979-06-27,0.4389938629938571,0.44046190761694,0.4360572397708893,0.4360572397708893,1677984,10.11229848645829,15.151276996531477,16.561523674722846,22.56453287059312,23.935427490486493,3.64,2.0,-0.03,0.18
RTX,1979-06-28,0.43605745515479366,0.4419304197139624,0.43605745515479366,0.43899407982826233,1273742,10.084434203417313,15.072635023930614,16.307087220431878,22.556047311603326,23.939566947744847,3.63,1.0,-0.03,0.22
RTX,1979-06-29,0.4389938629938571,0.44046190761694,0.4360572397708893,0.4360572397708893,661024,9.061799367760862,15.083650863890066,16.205832058764,22.565698091812806,23.93301711933354,3.62,1.0,-0.03,0.27
RTX,1979-07-02,0.43605734154508013,0.4375256357000318,0.4331209668259475,0.43458929657936096,1222894,9.064064121354424,14.704150598506379,15.889833221234245,22.549933577405227,23.919523882022673,3.61,1.0,0.02,0.35
RTX,1979-07-03,0.43458905409636023,0.4375253915786743,0.4316527166140462,0.4375253915786743,953400,9.271820365904668,13.734479386561787,15.915334720741855,22.374175502823046,23.913871426153868,3.59,2.0,0.05,0.32
RTX,1979-07-05,0.43752566492829575,0.43752566492829575,0.433120995759964,0.433120995759964,1838155,9.6823527350261,13.875551739423445,15.962308092002583,22.382223744019296,23.934293542266925,3.6,3.0,0.11,0.3
RTX,1979-07-06,0.4331209668259475,0.43605734154508013,0.43165295745869015,0.43458929657936096,1855952,9.683098256812853,12.803340244559111,15.96230977799423,22.38338383640046,23.92887656365649,3.6,4.0,0.15,0.3
RTX,1979-07-09,0.4345894098065923,0.44046212517646366,0.43312107967062247,0.43899407982826233,2280533,10.134016688916322,13.002352442439422,16.03065560931859,22.398287447272562,23.90357935765933,3.6,5.0,0.2,0.24
RTX,1979-07-10,0.4389938837639092,0.44339826703071594,0.4389938837639092,0.44339826703071594,1441541,10.130983052306865,13.111262365029292,16.013119812307387,22.263191938116638,23.89555688715147,3.6,5.0,0.25,0.23
RTX,1979-07-11,0.44193008237421905,0.44193008237421905,0.43899374472992186,0.4400947690010071,851704,10.322967726192422,13.063366230912917,16.032208559345737,22.17948674236779,23.90629828795847,3.6,7.0,0.3,0.23
RTX,1979-07-12,0.44193065166473394,0.44193065166473394,0.43899431023787194,0.4419306516647339,1474592,9.938533729799344,13.078024414107142,15.995154663443357,22.16036569792076,23.88077331218908,3.59,5.0,0.34,0.26
RTX,1979-07-13,0.44046190761694,0.44046190761694,0.4360572397708893,0.4360572397708893,1006790,10.66898628146295,13.305882397669444,16.109621360756247,21.96894297152144,23.099632744772467,3.58,9.0,0.36,0.23
RTX,1979-07-16,0.4360570982429705,0.43899372051282,0.4360570982429705,0.4375253915786743,851704,10.655991774047616,13.289316487642736,16.107223129196356,20.84692058257077,23.103042616699497,3.56,9.0,0.41,0.22
RTX,1979-07-17,0.4375256357000318,0.4419303045741161,0.43458929657936096,0.43458929657936096,1227979,10.800531254040509,13.317074641018104,16.145276744204466,20.859788474078645,22.95473115670506,3.55,11.0,0.44,0.2
RTX,1979-07-18,0.4345892723158787,0.4345892723158787,0.4287162740162754,0.4316529333591461,851704,10.94273654480559,13.28161685051487,15.94614421028068,20.817556309045372,22.91769234340311,3.53,3.0,0.51,0.26
RTX,1979-07-19,0.4316529333591461,0.4375256112726113,0.4316529333591461,0.4316529333591461,1764426,10.94273654480559,12.978857384616651,15.911139608457098,20.802488150556485,22.905047600073733,3.51,2.0,0.57,0.3
RTX,1979-07-20,0.4316528414261644,0.43312085039880655,0.4287161827087402,0.42871618270874023,861874,11.058712557524744,13.021874988908271,15.704013648569717,19.514289893297157,22.900486185538043,3.49,1.0,0.61,0.36
RTX,1979-07-23,0.42871612456623764,0.43165278288539205,0.424311777859559,0.4301844537258148,1088147,11.115147955225881,12.857471313281724,15.614960543834275,19.22921029100889,22.902963150156026,3.46,1.0,0.58,0.4
RTX,1979-07-24,0.4301846564431353,0.433120995759964,0.42871632659163217,0.433120995759964,1230522,11.26381574321746,12.845710804773288,15.497735723356087,19.23169877756662,22.906618613440862,3.43,1.0,0.63,0.48
RTX,1979-07-25,0.43458945603681076,0.44046217203140264,0.43458945603681076,0.4404621720314026,1322048,11.64580991802496,13.223832136209044,15.669168384111195,19.330699586724776,22.886615447529042,3.4,3.0,0.63,0.37
RTX,1979-07-26,0.44046217203140264,0.44193046672509384,0.43899412652703534,0.4404621720314026,1347472,11.465134389010505,13.201918628902504,15.438618170810365,19.136171530112836,22.873896160853217,3.36,1.0,0.69,0.51
RTX,1979-07-27,0.4404623563565888,0.44193065166473394,0.43899431023787194,0.4419306516647339,780517,11.49722055786737,13.090524647301253,15.400031712832323,18.948351882474782,22.87481846308112,3.32,1.0,0.71,0.52
RTX,1979-07-30,0.44193046031705874,0.44486683607101435,0.44046216564465795,0.4448668360710144,729669,11.289362906210958,13.153834838048592,15.42341771464388,18.930152572433677,22.869354142358812,3.28,2.0,0.72,0.5
RTX,1979-07-31,0.44633501262418585,0.46248507499694824,0.44633501262418585,0.46248507499694824,2196634,15.810742027592381,15.32818517636802,16.03277407886671,19.441744924696597,23.04484082327813,3.21,18.0,0.5,1.57
RTX,1979-08-01,0.4639534830982832,0.4727628231048584,0.4639534830982832,0.4727628231048584,4182248,16.862827565578005,15.359968149196698,16.384123564358603,19.41114759585349,22.30247547922818,3.14,24.0,0.53,1.32
RTX,1979-08-02,0.4727627396350114,0.47716740886062126,0.4698264002799988,0.4698264002799988,3170373,17.034382818180077,15.408693503236767,16.422845673224195,19.07886671629021,22.309301717597936,3.07,25.0,0.4,1.3
RTX,1979-08-03,0.4698264002799988,0.4712944097644143,0.46835807040940164,0.4698264002799988,409326,16.990900060537513,14.921553829025946,16.357490659207976,18.959295079890374,22.294489174232577,2.99,24.0,0.24,1.39
RTX,1979-08-06,0.4698262085988094,0.4830398904984972,0.46688955005572236,0.4801035523414612,1202555,17.9098956600002,14.673242302147644,16.685722184120173,19.10530998525657,22.395950728287037,2.91,31.0,0.46,1.16
RTX,1979-08-07,0.4845081211834932,0.491849125275379,0.4845081211834932,0.48597612977027893,3821227,17.701086757183486,14.797108456126118,16.776568404155164,19.08984266950272,22.360845358065546,2.82,34.0,0.86,1.06
RTX,1979-08-08,0.48597651767739475,0.5006585731788459,0.48597651767739475,0.48744484782218933,5181411,17.67246394743014,14.464436216943302,16.77869092978977,18.99413231798926,22.31184902751209,2.73,35.0,1.06,1.05
RTX,1979-08-09,0.48744484782218933,0.49184951787033154,0.48450850791884165,0.48744484782218933,1441541,17.441308318432164,14.436836803095717,16.7560948961997,18.898853776606963,22.156442800190636,2.64,34.0,1.06,1.09
RTX,1979-08-10,0.4874446593526555,0.4947856664657593,0.4830399910075698,0.4947856664657593,1421202,17.72534878223352,14.569398890939905,16.563050955918662,18.94238861019579,22.208683530584228,2.55,29.0,1.31,1.06
RTX,1979-08-13,0.4991899717753178,0.5035946369171143,0.4991899717753178,0.5035946369171143,4423776,17.85306583278043,14.615690263966084,16.761496293038117,19.04531527039922,22.27825512745904,2.49,36.0,1.82,0.89
RTX,1979-08-14,0.5035951904244155,0.5050632357597351,0.500658565776715,0.5050632357597351,1848325,17.69531555657193,14.57030449023321,16.708174135698133,18.972957775298713,22.28071969096932,2.43,34.0,1.98,0.95
RTX,1979-08-15,0.5050632420362704,0.5079998667204649,0.5021268665413741,0.5065315365791321,3213594,17.697712581638793,14.542116977616873,16.707168891915288,18.962239263644104,22.231002083483105,2.36,34.0,1.96,0.96
RTX,1979-08-16,0.5065317021585173,0.5138727144923928,0.5050634071356869,0.5094680786132812,3233933,17.117158381278,14.50697131301938,16.469536826351654,18.85473499940511,22.22890445702671,2.29,27.0,1.91,1.03
RTX,1979-08-17,0.5094679057427552,0.5094679057427552,0.5035951904244155,0.5050632357597351,2382229,17.592109740190097,14.688609256075779,16.184104213196573,18.574590644020322,22.242380012888724,2.26,22.0,1.64,1.22
RTX,1979-08-20,0.5071448768260225,0.5071448768260225,0.4952473136420503,0.4982216954231262,3457664,18.32571474114143,15.04509751150051,16.195209118604502,18.622242443272434,22.215827225528,2.24,23.0,1.31,1.21
RTX,1979-08-21,0.49673481501339534,0.49673481501339534,0.48334992199145865,0.49078604578971863,1227979,19.06176455931455,15.359456255526984,16.30443974583317,18.695894117524272,22.262796270308346,2.21,25.0,1.02,1.17
RTX,1979-08-22,0.49078598937161383,0.49078598937161383,0.4848368962944846,0.4863242506980896,1248318,19.149520255287953,15.486919265880502,16.21904035570736,18.728908546871047,22.27253715351508,2.17,25.0,0.8,1.21
RTX,1979-08-23,0.48632411870393977,0.4878111481666565,0.48186238124138414,0.4878111481666565,2153413,19.14802502510637,15.295674325551875,16.1690148733705,18.275684653563008,22.275380522940573,2.14,22.0,0.6,1.23
RTX,1979-08-24,0.48781117574119853,0.49673465117072774,0.4803750543956645,0.49227291345596313,1161877,18.546292323215273,15.326762720424963,16.154962919186627,18.20252223285022,22.29417430664509,2.12,22.0,0.39,1.25
RTX,1979-08-27,0.4922730456360132,0.5026838779449463,0.4922730456360132,0.5026838779449463,2618672,19.17834576034029,15.7604890511453,16.42923946857399,18.321376780325966,22.34786839471531,2.09,33.0,0.22,1.06
RTX,1979-08-28,0.5026838319924269,0.5101199546548633,0.5026838319924269,0.5086326003074646,6976346,18.974410954918362,15.825098802028572,16.33309021576718,18.367882353820768,22.32930470903351,2.05,30.0,0.1,1.13
RTX,1979-08-29,0.5086323647868084,0.5101197184454925,0.5056579820065683,0.5071450471878052,1889003,18.79434169982869,15.866848565550779,15.864443617160905,18.30075683051434,22.30764199434775,2.02,8.0,-0.04,1.34
RTX,1979-08-30,0.5071452820197635,0.5101199546548633,0.5071452820197635,0.5086326003074646,1924597,18.740681531636536,15.857466461741884,15.865636752456158,18.258531785685623,22.30806720606731,1.99,9.0,-0.16,1.33
RTX,1979-08-31,0.5101197165635591,0.5160685181617737,0.5101197165635591,0.5160685181617737,1716120,18.543485747069628,16.041584685712866,15.53411622509954,18.327473518974337,22.25858557187229,1.97,5.0,-0.2,1.4
RTX,1979-09-04,0.5160687520630002,0.5160687520630002,0.5041708549965628,0.5056582093238831,963570,20.071306558007258,16.72603082570085,15.90384051827999,18.493963120021107,22.349388584187647,1.93,12.0,-0.32,1.26
RTX,1979-09-05,0.5026838779449463,0.5026838779449463,0.49376040011937744,0.5026838779449463,1527982,20.329478740198724,16.771860107663635,15.916988406909233,18.22000536597349,22.33131087058888,1.9,15.0,-0.44,1.28
RTX,1979-09-06,0.5026837385007046,0.5041707680342593,0.4997090303591588,0.5011963844299316,1098317,20.13530628730361,16.649758330114864,15.844884944551266,18.218657630025906,22.332751263005722,1.87,9.0,-0.56,1.33
RTX,1979-09-07,0.501196077204202,0.501196077204202,0.49673434226407864,0.4982216954231262,877128,20.319002026927162,16.633095342704074,15.877227665960323,18.13907937904043,22.339596138702742,1.84,12.0,-0.67,1.32
RTX,1979-09-10,0.49822193544431104,0.49822193544431104,0.4922728444791325,0.49376019835472107,897467,20.67092880583331,16.785856719285906,15.947756309718311,18.035187760364927,22.322022052619943,1.8,19.0,-0.76,1.28
RTX,1979-09-11,0.4937602396291315,0.49822197709168714,0.4848367647040203,0.4878111481666565,1858494,21.148731358867337,16.94989899638556,16.03911208233798,18.078626782035244,22.345686405078705,1.76,27.0,-0.84,1.22
RTX,1979-09-12,0.4863239740716643,0.4863239740716643,0.4818622379360247,0.48334959149360657,1548322,18.506229871353423,17.066188582895887,16.10836278796316,17.717603775750597,22.18594286909131,1.72,29.0,-0.89,1.19
RTX,1979-09-13,0.4848367921104291,0.4952476216239536,0.4848367921104291,0.49227291345596313,3389019,18.179179307038744,17.40296275437109,16.33043802250764,17.772460586321408,22.227053032027264,1.68,40.0,-0.97,1.02
RTX,1979-09-14,0.4937603903941465,0.5071453183912596,0.4937603903941465,0.4997091591358185,2257651,18.449008585769388,17.604840766962074,16.383602476613525,17.85130810194429,22.176763348841845,1.64,43.0,-1.03,0.99
RTX,1979-09-17,0.4997090325603771,0.5056581243324562,0.4952476194028423,0.4967346489429474,1314421,18.587434560736632,17.655614425697067,16.406563367549364,17.868410554209785,22.18442722422675,1.61,45.0,-1.09,0.97
RTX,1979-09-18,0.4922728856292121,0.4922728856292121,0.4848367647040203,0.4878111481666565,1505101,18.48269632815482,18.123298773431745,16.546058795086946,17.973379027788543,21.38602026940313,1.57,50.0,-1.15,0.93
RTX,1979-09-19,0.48781099067380107,0.49673446271791305,0.48483660817146307,0.484836608171463,1507643,18.241039290408803,18.034953040273184,16.503793543710856,17.855349016475603,21.38691427992785,1.53,49.0,-1.2,0.96
RTX,1979-09-20,0.4848369520287138,0.493760430401557,0.4774008282304539,0.49078604578971863,2463586,18.567469775268457,18.1599100641392,16.52654806632459,17.73129093743859,21.297532863175086,1.49,50.0,-1.27,0.9
RTX,1979-09-21,0.4907858839091889,0.49673465117072774,0.48929852982519373,0.49227291345596313,3846651,18.584936620580862,18.07305035109332,16.525995031642374,17.73122914189437,21.292098640311476,1.46,50.0,-1.33,0.9
RTX,1979-09-24,0.49227307582697377,0.493760430401557,0.49078604578971863,0.49078604578971863,1131368,18.079558372648158,18.07526258060477,16.454274129053754,17.672706399120532,21.29232620327167,1.43,48.0,-1.39,0.94
RTX,1979-09-25,0.49078581514071956,0.493760198354721,0.48334969483712803,0.49376019835472107,1248318,17.379458387120238,18.005801301054326,16.46190634036788,17.58383442639858,21.300891738291615,1.4,49.0,-1.44,0.92
RTX,1979-09-26,0.493760198354721,0.49970896478272403,0.493760198354721,0.49376019835472107,3755125,17.347952720937414,17.97549639617859,16.420095566183257,17.240286169218603,21.251390932985505,1.37,46.0,-1.5,0.94
RTX,1979-09-27,0.4937598090089125,0.4952471617116746,0.4863236945689412,0.4892980754375458,1914427,17.475519022039823,18.094130193561373,16.16692490611864,17.27827876123734,21.269054277558823,1.34,33.0,-1.54,1.01
RTX,1979-09-28,0.48929834419351903,0.490785697713237,0.48037487214940705,0.484836608171463,1375438,17.496814401232854,18.068089479180845,16.234085055174468,17.30223924454145,21.239534945651005,1.3,39.0,-1.57,0.97
RTX,1979-10-01,0.4848367116883796,0.4848367116883796,0.4774005915763083,0.4788879454135895,1383066,17.65615229299812,18.2982540918229,16.09369586241014,17.354076623931324,21.26716547163095,1.26,28.0,-1.59,1.09
RTX,1979-10-02,0.47888814400266466,0.49970915913581854,0.47888814400266466,0.4997091591358185,2755962,21.474430581578392,20.065110926866886,16.975473062017244,17.846239747970984,21.688962452506605,1.2,77.0,-1.62,2.17
RTX,1979-10-03,0.49970915913581854,0.49970915913581854,0.4937603903941465,0.4997091591358185,3353426,20.99020243289373,20.003064522798862,16.955912653951426,17.679469036601184,21.681090700355163,1.16,76.0,-1.66,2.22
RTX,1979-10-04,0.49970915913581854,0.5056582524147923,0.4952477448482154,0.4997091591358185,1784765,20.788122340169533,19.910328417323615,16.79516296930446,17.536235706511405,21.681090700355163,1.1,73.0,-1.68,2.33
RTX,1979-10-05,0.49970915913581854,0.5056582524147923,0.4967347747649825,0.4997091591358185,2964438,20.77954228639106,19.91033856195105,16.77569718807437,17.476164320776512,21.664239575665203,1.05,71.0,-1.71,2.38
RTX,1979-10-08,0.4997090325603771,0.5011963866377017,0.48781117355343856,0.4967346489429474,1037299,20.715435819590603,19.722143337291683,16.767554990938326,17.450639480498285,21.5815982472225,1.0,71.0,-1.73,2.39
RTX,1979-10-09,0.4878114313807463,0.4878114313807463,0.45509254522137654,0.45657986402511597,5972098,31.33556653365206,26.509355462095353,21.436354459489163,20.07802086621642,23.165680689652092,1.06,100.0,-1.72,14.94
RTX,1979-10-10,0.4565796703193899,0.46847724208954006,0.4431944558392475,0.46550285816192627,3462749,31.72547173478249,26.73465111355313,21.638285353325646,20.204281668118902,23.233404406337467,1.14,100.0,-1.71,14.44
RTX,1979-10-11,0.4655027022772479,0.46996443894317647,0.45211778075692416,0.45806658267974854,3874618,31.953549447932676,26.920348508805148,21.796630891933646,20.284781476371645,23.28558951857361,1.22,100.0,-1.7,13.89
RTX,1979-10-12,0.45806693041088453,0.462528670463842,0.45509254522137654,0.45657986402511597,1721205,31.89745733356312,26.933695138738088,21.79614583370961,20.200067711989472,23.273620696661546,1.3,99.0,-1.7,13.89
RTX,1979-10-15,0.4565792786274366,0.4580663431065831,0.4476558099626406,0.4536046087741852,1609339,31.43895235803432,26.930202160246303,21.819238938591134,20.215620773660557,23.144618455654776,1.37,100.0,-1.69,13.77
RTX,1979-10-16,0.45806675860119905,0.46252849698066717,0.45806675860119905,0.4625284969806671,1388150,31.788242285012107,27.19326976725415,22.0292100951714,20.258820293971066,23.21355861678467,1.45,100.0,-1.68,13.27
RTX,1979-10-17,0.46252826762673027,0.4655026502257118,0.4610409140586853,0.4610409140586853,4581405,31.77628293184302,27.18277935489005,21.98466415292976,20.262735489446374,23.21346133067133,1.52,99.0,-1.67,13.33
RTX,1979-10-18,0.461041142675088,0.46550288105455606,0.45806675860119905,0.4625284969806671,1037299,31.825434979662244,26.988108380233346,21.98079923407407,20.262196996383896,23.200275233839314,1.59,98.0,-1.66,13.38
RTX,1979-10-19,0.46252818731806283,0.46252818731806283,0.4521176517009735,0.4521176517009735,917806,32.34465516717954,27.417332498464113,22.2272769696043,20.411064812403623,23.19196380531741,1.67,100.0,-1.65,12.68
RTX,1979-10-22,0.44765585591273765,0.44765585591273765,0.4402197394411115,0.44319412112236023,1700866,32.667673165500474,27.72525699988206,22.452457496090584,20.418108542138064,23.20714026472283,1.75,100.0,-1.64,12.02
RTX,1979-10-23,0.44319471621990525,0.44914352362980264,0.44319471621990525,0.4461691379547119,1169504,32.69629233923712,27.725951491285095,22.46851655848196,20.371827110814955,23.199613708633578,1.83,100.0,-1.64,12.03
RTX,1979-10-24,0.4461689952032432,0.45509247391089835,0.44319457442010046,0.4491433799266815,1878834,32.75676095733232,26.56274649684846,22.483040326427155,20.242473738019772,23.039587576170675,1.91,100.0,-1.63,12.04
RTX,1979-10-25,0.44914325015799383,0.4625284643521543,0.4446818005708261,0.44765618443489075,2898336,32.16117752719534,26.151586405083293,22.48550496578498,20.243874974485347,22.281553133210032,1.98,100.0,-1.63,12.0
RTX,1979-10-26,0.44765618443489075,0.45211792249961086,0.4446818005708261,0.44765618443489075,1639848,31.716002351142514,26.12860157299883,22.48550496578498,20.226450547511877,22.279408433864358,2.05,99.5,-1.62,12.0
RTX,1979-10-29,0.44765597805207535,0.45063039660453796,0.44616866059681176,0.45063039660453796,1067808,31.8462400921685,26.172529056304437,22.502566835438337,20.23691911516175,22.25040585959716,2.12,100.0,-1.61,11.97
RTX,1979-10-30,0.4506302273982448,0.4565792786274366,0.4476558099626406,0.4536046087741852,388987,31.647462440419627,25.803002110086265,22.52409096644957,20.247178407740947,22.248932038992404,2.19,100.0,-1.6,11.94
RTX,1979-10-31,0.45360511928050906,0.45657979248158315,0.4491433799266815,0.4491433799266815,706787,31.704448010409052,25.72015990318817,22.575665814239994,20.245243791673538,21.41949013574894,2.25,100.0,-1.6,11.78
RTX,1979-11-01,0.45063046308224913,0.45806658267974854,0.45063046308224913,0.45806658267974854,884755,32.078423827268715,26.06412732418025,22.688531705178764,20.359724500729843,21.318682360788156,2.31,100.0,-1.59,11.54
RTX,1979-11-02,0.45806693041088453,0.4595542492146239,0.45509254522137654,0.45657986402511597,742381,32.039444460537,26.067122850650176,22.667456868762557,20.343504849427426,21.31116433951829,2.37,99.0,-1.57,11.61
RTX,1979-11-05,0.45657945006752776,0.45657945006752776,0.4491430430895969,0.45063039660453796,1815274,32.186717740675654,25.963926407215048,22.76962741012922,20.391723398130836,21.34996354622732,2.43,100.0,-1.57,11.3
RTX,1979-11-06,0.4506306043586494,0.4506306043586494,0.44765618443489075,0.44765618443489075,1716120,32.09200248242731,25.671932669901487,22.742227265605745,20.403516295138573,21.235145621398303,2.49,99.0,-1.56,11.29
RTX,1979-11-07,0.44765625094097466,0.44765625094097466,0.44170719385147095,0.44170719385147095,630515,32.20766600100128,25.756759577502347,22.837209490451524,20.46726323211086,21.15556106154951,2.55,100.0,-1.56,11.02
RTX,1979-11-08,0.44021976864549867,0.44021976864549867,0.4357580335591277,0.43873241543769836,3635632,32.18108929794844,25.75055660858897,22.856563269618906,20.38072178261791,21.144507350982884,2.6,100.0,-1.56,10.93
RTX,1979-11-09,0.43873279288390593,0.4402201473712921,0.4372457629338288,0.4402201473712921,1510186,32.199364581634235,25.722738140442512,22.863028109024675,20.368937257342225,21.124888150218933,2.65,100.0,-1.56,10.93
RTX,1979-11-12,0.4402197394411115,0.44468147423148885,0.4402197394411115,0.44319412112236023,838992,32.20419069292442,25.756789656089985,22.863692171959134,20.276415677540026,21.008995610456815,2.7,100.0,-1.56,10.93
RTX,1979-11-13,0.443194512213396,0.44765625094097466,0.44170719385147095,0.44170719385147095,711872,29.222940897912515,25.647354584419457,22.869898173680077,20.240072202085845,20.788947058992232,2.74,100.0,-1.56,10.9
RTX,1979-11-14,0.4417071282292091,0.4506306043586494,0.4387327083054504,0.44765618443489075,722042,29.640792369319684,25.691823949659025,22.91196324050446,20.234449020095227,20.755606443915696,2.78,100.0,-1.56,10.9
RTX,1979-11-15,0.44765597805207535,0.4536047790973231,0.44765597805207535,0.45063039660453796,994078,29.77381186532626,25.695658248396242,22.934629433835624,20.22869002129565,20.75468805081805,2.83,100.0,-1.55,10.88
RTX,1979-11-16,0.44972476446581383,0.44972476446581383,0.4451972842216492,0.44519728422164917,986451,29.85925083106021,25.774821322110657,22.992614047035527,20.183343753038052,20.74797299672565,2.87,100.0,-1.55,10.72
RTX,1979-11-19,0.4451972842216492,0.44972476446581383,0.44368834368638865,0.44519728422164917,4421234,29.872550845556955,25.681834984779563,22.968953562588947,20.165165488136168,20.67930960071558,2.91,99.0,-1.54,10.75
RTX,1979-11-20,0.4451976843567733,0.4467069555677293,0.4406702000433928,0.44217947125434875,1255946,17.62815622542243,25.264787174935833,22.969635845446742,20.179435138003253,20.623954738203317,2.94,99.0,-1.54,10.74
RTX,1979-11-21,0.4421792711229157,0.449724965123521,0.4376517888586849,0.4436885416507721,2064429,16.59854216673939,25.12604520551279,22.968464902546003,19.92733895013199,20.603054876716964,2.97,97.0,-1.54,10.78
RTX,1979-11-23,0.4436886191913827,0.45123431451070073,0.4436886191913827,0.4467068314552307,1622051,16.180751847048736,25.193968440476453,22.968801559687037,19.94271768670337,20.61141240455888,3.0,97.0,-1.54,10.78
RTX,1979-11-26,0.4527430551412036,0.4708529412746429,0.4527430551412036,0.47085294127464294,3244102,22.37852174247207,27.567370822162225,24.368762378183792,20.88585531939416,21.226391213997278,3.05,100.0,-1.52,9.41
RTX,1979-11-27,0.4708529412746429,0.4799076099086765,0.4708529412746429,0.47085294127464294,3526309,22.26644296851759,27.371849803398696,24.365673234659262,20.855122564909873,21.21710735311411,3.1,99.0,-1.51,9.41
RTX,1979-11-28,0.4708530590179262,0.48141700029373163,0.4708530590179262,0.4814170002937317,4057670,22.471890723677557,27.509543971781607,24.55804844016754,21.01080744897888,21.25962468718162,3.15,100.0,-1.49,9.09
RTX,1979-11-29,0.4814170527041801,0.4949991703033447,0.4814170527041801,0.4949991703033447,1866122,23.693019694331692,28.10515774498303,24.886666828555864,21.255097738409233,21.232421865907288,3.2,100.0,-1.5,8.59
RTX,1979-11-30,0.49499916030823743,0.49952664252298645,0.4904720074128232,0.49349021911621094,1484762,23.74313849536769,28.10553212531935,24.857733374394815,21.259530964792308,21.215000894513036,3.25,99.0,-1.49,8.65
RTX,1979-12-03,0.49349018069506406,0.4980176625573217,0.4919809103012085,0.4919809103012085,1375438,22.605204520335313,28.08675727320125,24.861870228407128,21.252331048593156,21.206497561060576,3.29,99.0,-1.48,8.63
RTX,1979-12-04,0.4934899023558401,0.5025448609731583,0.4934899023558401,0.49952632188796997,1858494,21.812976934942476,28.201449526364993,24.853218728792562,21.181893706207592,21.256004926550467,3.34,97.0,-1.47,8.71
RTX,1979-12-05,0.5010355710983276,0.5055630502232598,0.5010355710983276,0.5010355710983276,1510186,21.7994168391962,28.089522618928846,24.852572526752546,21.1813850994254,20.9722581268778,3.38,96.0,-1.46,8.71
RTX,1979-12-06,0.5040542524995918,0.5131092192242382,0.5040542524995918,0.5100910067558289,1627136,22.165743985920123,28.24118153813142,24.95612104080108,21.250656533673904,20.98202020326329,3.42,100.0,-1.44,8.59
RTX,1979-12-07,0.5100908877636876,0.5146180773415527,0.4949991703033447,0.4949991703033447,1540694,24.215085747050306,28.702601438520308,25.42353890206115,21.560115449356147,21.179514967440742,3.46,100.0,-1.44,7.86
RTX,1979-12-10,0.49499914374664244,0.5055633783340454,0.49047199100269695,0.5055633783340454,910179,24.729153884883118,28.865381980576416,25.614876936599206,21.59716008627916,21.280169798139184,3.5,100.0,-1.44,7.61
RTX,1979-12-11,0.5055635095314968,0.5055635095314968,0.49952675544078096,0.5025452971458435,869501,24.88496813938339,28.86554053941203,25.608211878792446,21.44869844311591,21.247318132911495,3.54,99.0,-1.45,7.62
RTX,1979-12-12,0.5025450981728838,0.5176364834454189,0.5010358279179188,0.5146179795265198,1739002,25.54952462164802,29.005392818341157,25.847222420516193,21.55701976839698,21.34767632402213,3.58,100.0,-1.46,7.32
RTX,1979-12-13,0.5146180925745397,0.5221640795967094,0.5131091147163399,0.5176365971565247,2257651,25.20006441682621,28.985560893033714,25.84295616807274,21.525776128510678,21.352354370382358,3.61,99.0,-1.44,7.32
RTX,1979-12-14,0.5191456813238899,0.5266913771629333,0.5191456813238899,0.5266913771629333,1637306,25.088774224994946,29.088749119534775,25.850994609549932,21.542980822655064,21.413318090829282,3.65,100.0,-1.36,7.31
RTX,1979-12-17,0.5266908662373918,0.5312183452127427,0.522163679990129,0.5251818895339966,2666978,25.07858923563867,29.097838188635265,25.8600607799546,21.527515503539288,21.238637656517316,3.67,100.0,-1.3,7.29
RTX,1979-12-18,0.5251823738519126,0.5266913519468722,0.5161274075508118,0.5161274075508118,1744086,25.370885053941528,29.332372608150088,26.036623233152294,21.612388197977545,21.312856051300543,3.7,100.0,-1.27,6.99
RTX,1979-12-19,0.5161275515588029,0.5206550359725952,0.5100911252200763,0.5206550359725952,1456795,25.174288103083292,29.357947630830232,26.04924750608784,21.62110623848176,21.267273435559687,3.72,100.0,-1.24,6.97
RTX,1979-12-20,0.5206546905886437,0.5251821719990645,0.519145456936442,0.5236729383468628,1817816,24.561479952960486,29.374404361064286,25.365036241237043,21.548913214534675,21.18743087809058,3.74,91.0,-1.21,7.7
RTX,1979-12-21,0.5266914618844886,0.5342371589373038,0.5266914618844886,0.531218945980072,1169504,24.393196565634707,29.423302573187087,25.234273682666224,21.400761223390468,21.218134776717662,3.76,90.0,-1.17,7.88
RTX,1979-12-24,0.5312187556307698,0.5357462381040401,0.5251822952882724,0.5282005071640015,2115277,24.63088649377711,29.378908375230083,25.230443676363084,21.414833793102105,20.989968174653406,3.77,89.0,-1.16,7.89
RTX,1979-12-26,0.5282007715606549,0.5282007715606549,0.5191458386726081,0.5221643447875977,348309,25.149485109944724,29.362367668851274,25.309870211061035,21.26479950538237,20.98182806890273,3.78,90.0,-1.16,7.73
RTX,1979-12-27,0.5221643447875977,0.5236733234121603,0.5191458386726081,0.5221643447875977,1347472,25.065715704945646,28.08445513960124,25.094129656891713,21.26479950538237,20.980357652221894,3.79,87.0,-1.18,8.01
RTX,1979-12-28,0.5221643447875977,0.5236733234121603,0.5191458386726081,0.5221643447875977,938146,25.00375651721557,28.08445513960124,25.028685195787354,21.254629808814677,20.980357652221894,3.8,86.0,-1.19,8.1
RTX,1979-12-31,0.5221638729169432,0.5236728501778687,0.5191453695297241,0.5191453695297241,767805,25.197812841824646,28.11603837465321,25.04718923155589,21.23498325534769,20.970910404593077,3.81,86.0,-1.21,8.04
RTX,1980-01-02,0.5191456807521037,0.5191456807521037,0.5100910067558289,0.5100910067558289,2341550,25.562464281863356,28.36317476970125,25.213634975559536,21.342491192283113,20.968281280803904,3.82,87.0,-1.23,7.73
RTX,1980-01-03,0.5100907908091514,0.5221639648910352,0.50405403910857,0.5146179795265198,2351720,25.55449931251624,28.384718256840536,25.142774906668198,21.362847436879484,20.877236387853696,3.82,86.0,-1.25,7.83
RTX,1980-01-04,0.5206546493833822,0.5598924160003662,0.5206546493833822,0.5598924160003662,5585653,34.15096751258698,27.87760973928283,28.332741165143936,23.53235872940228,22.499835840836642,3.87,100.0,-0.94,8.65
RTX,1980-01-07,0.5780021870153769,0.6006393064455715,0.5780021870153769,0.5885664224624634,12012840,36.22344593666209,29.294310582918342,29.375579082577275,24.231035012577788,22.99407896780444,3.94,100.0,0.05,7.54
RTX,1980-01-08,0.5885661433478846,0.5976208111889979,0.5734744326260095,0.5961118340492249,10034853,36.22688910829712,29.048004276980766,29.428725393575423,24.2616474753861,22.964098168266784,4.01,100.0,0.8,7.45
RTX,1980-01-09,0.5961121502445644,0.6036578449483622,0.5825297021861071,0.5840389728546143,9645866,34.851944934139006,29.452659311472125,29.628628328908846,24.363086950682238,22.87249512897241,4.07,100.0,0.89,7.21
RTX,1980-01-10,0.5840389728546143,0.5946028795760573,0.5795114901684618,0.5840389728546143,4484794,34.851944934139006,29.382162608634577,29.58569200268584,24.35818399473513,22.87249512897241,4.12,99.0,0.88,7.26
RTX,1980-01-11,0.5840387765988984,0.5870569876023282,0.5719656032659206,0.5764930844306946,3938178,35.02720261112835,29.415328623770737,29.57762868723462,24.362873066593632,22.9096179609468,4.17,98.0,0.74,7.27
RTX,1980-01-14,0.5780022407913291,0.5870572064971841,0.5780022407913291,0.5825297236442566,3297493,34.443646056253165,29.41162861858495,29.492151396907236,24.353994538830325,22.922613219939585,4.21,97.0,0.61,7.37
RTX,1980-01-15,0.5825301725605866,0.5946033596992493,0.5825301725605866,0.5946033596992493,3478003,34.61625742168147,29.607499201614946,29.589963259922815,24.424894894124257,22.88209514783997,4.24,99.0,0.57,7.22
RTX,1980-01-16,0.5946028795760573,0.6006393402023888,0.5825297021861071,0.5840389728546143,3254272,35.225072703109674,29.435464934288746,29.758091866238313,24.531838481354974,22.866160219441085,4.28,100.0,0.41,7.02
RTX,1980-01-17,0.5855478319944459,0.5946027960954587,0.5855478319944459,0.5900753140449524,3401731,35.13828202508927,29.02283473845852,29.766035374640804,24.519576970228183,22.808779610791202,4.31,100.0,0.29,7.01
RTX,1980-01-18,0.5900752266074366,0.5900752266074366,0.5825295340811564,0.5855477452278137,3472918,35.34226124376252,29.131858771858994,29.644744166426033,24.537448360405044,22.79536528085466,4.34,98.0,0.16,7.18
RTX,1980-01-21,0.5885661433478846,0.6006390216056952,0.5885661433478846,0.5961118340492249,1965275,35.34127781447337,29.25741773545124,29.71433082034957,24.595790433812834,22.830980681417262,4.36,98.0,0.08,7.09
RTX,1980-01-22,0.5961121167421819,0.6006393064455715,0.5870571518787794,0.5885664224624634,4283944,34.17963441150076,29.431133829375934,29.792979927663826,24.52573025961369,22.828908157001926,4.37,100.0,-0.04,6.99
RTX,1980-01-23,0.5900752368567818,0.6172398328781128,0.5900752368567818,0.6172398328781128,9356032,36.02168424685801,30.703282513310647,30.67749173031245,25.11306365180238,23.294321150100526,4.4,100.0,-0.0,6.18
RTX,1980-01-24,0.6187489628791809,0.6368585929498429,0.6187489628791809,0.6187489628791809,12376403,35.84706812271757,30.70785877450471,30.61128383721849,25.024168458507873,23.288815031385397,4.41,99.0,-0.0,6.27
RTX,1980-01-25,0.6187493314269886,0.624785829591383,0.615731155526885,0.6217675805091858,4347504,35.49381468593703,30.70678110422385,30.407043251490023,24.85179797393419,23.243932349321973,4.42,98.0,-0.03,6.48
RTX,1980-01-28,0.6217676314001627,0.6308225989341736,0.6172401476331572,0.6308225989341736,8697550,35.5718299138331,30.599218447767917,30.442990692904814,24.88968241812094,23.28048623110477,4.43,98.0,-0.04,6.42
RTX,1980-01-29,0.6308225132692135,0.635349996421392,0.6217675469648564,0.6262950301170349,3658514,35.63853350142118,30.569296976463317,30.468973597336767,24.84736069520426,23.250320916771393,4.43,98.0,-0.12,6.39
RTX,1980-01-30,0.6262949855972151,0.6278042197227478,0.6217675027668701,0.6278042197227478,4273774,35.56004923476429,30.524342223189432,30.440724273896713,24.841340865823117,23.250207142709055,4.42,96.0,-0.2,6.42
RTX,1980-01-31,0.6278043048339379,0.6338407298798341,0.5991304625673707,0.602148711681366,15839152,37.58932069560198,31.798309012894588,31.184464538311097,25.355162442851984,23.641284796911112,4.43,100.0,-0.34,5.83
RTX,1980-02-01,0.6021484475634217,0.6172398328781128,0.6006391773042407,0.6172398328781128,2799182,38.00688148241843,31.965315224760037,31.30903390838757,25.440340434839758,23.73379441321032,4.43,100.0,-0.45,5.68
RTX,1980-02-04,0.6127125330308861,0.6127125330308861,0.5915846824645996,0.5915846824645996,3841566,40.48504186648445,33.223626800694156,32.05753414239055,25.968941043394278,24.04542007171721,4.44,100.0,-0.57,5.16
RTX,1980-02-05,0.5946028291233596,0.6066760420799255,0.5946028291233596,0.6066760420799255,1965275,40.845568263615846,33.3908094469278,32.16516487282437,26.113773505371203,24.121043204183284,4.46,100.0,-0.67,5.06
RTX,1980-02-06,0.6066763054435861,0.6112037897109985,0.6021488211761736,0.6112037897109985,3714446,40.73987853435009,33.39067920453818,32.11031985433502,26.114886698819323,24.032363183334713,4.46,99.0,-0.77,5.11
RTX,1980-02-07,0.6112037265224443,0.6172401520419363,0.6036579933723042,0.6051669716835022,2438162,40.68768243156133,33.53796424803466,32.141482339477704,26.151545295968287,24.058578288673928,4.46,99.0,-0.86,5.08
RTX,1980-02-08,0.6051665827737204,0.6112033337331496,0.6036576054322653,0.6096940636634827,2522061,40.666743321009655,33.4933755021889,31.990408313554873,26.15918202623282,24.052068456872952,4.46,96.0,-0.95,5.22
RTX,1980-02-11,0.609694127170493,0.6142215719408168,0.6006391644477844,0.6006391644477844,3147491,41.06122539147676,33.70694174160671,32.079861245804736,26.216209699882253,24.107355590496894,4.45,97.0,-1.02,5.14
RTX,1980-02-12,0.6006394878841581,0.6051669716835022,0.5946030257736161,0.6051669716835022,4489878,40.94747921557445,33.709371326941486,32.05108685771381,26.21828186053009,24.114301803390738,4.44,95.0,-1.1,5.17
RTX,1980-02-13,0.6051673115417865,0.6096947978837393,0.5915851452444923,0.5946033596992493,3948347,40.9482051144596,33.846145289410664,32.202876319413306,26.28141871973597,24.161716576803116,4.42,100.0,-1.16,5.03
RTX,1980-02-14,0.5946025976633272,0.6021483253805887,0.5915843870766746,0.5976208448410034,2712741,40.93297429194878,33.83123166493328,32.19705523342547,26.27734605899463,24.158479892421006,4.4,99.0,-1.22,5.03
RTX,1980-02-15,0.5997574785275623,0.5997574785275623,0.5860227179284667,0.5921269655227661,4189875,33.47820841007953,33.870862349872496,32.23917910471981,26.302610684845497,24.171995711987716,4.37,100.0,-1.28,5.0
RTX,1980-02-19,0.5921266119260268,0.5921266119260268,0.5814440185055094,0.5844961404800415,2468670,30.456228268411017,34.0667506595015,32.32342908156704,26.353269916745848,24.207809423057775,4.33,100.0,-1.32,4.92
RTX,1980-02-20,0.5844966644492021,0.5967054963111877,0.5829707686037092,0.5967054963111877,2333923,30.83434555513857,34.223463681841956,32.41612149227506,26.44819200214365,24.281162937869414,4.29,100.0,-1.37,4.83
RTX,1980-02-21,0.5967049613974799,0.5967049613974799,0.5814440185055094,0.5844961404800415,2494094,30.84670273870177,33.128941865600794,32.56804850262694,26.580566590535394,24.380334524371605,4.24,100.0,-1.4,4.7
RTX,1980-02-22,0.5783921559208237,0.5783921559208237,0.5677092246900535,0.5753400325775146,3061050,31.185430581441366,33.359512995683325,32.61086686702737,26.6598020221537,24.370818041991857,4.18,100.0,-1.43,4.66
RTX,1980-02-25,0.5738135551866272,0.5738135551866272,0.5692352056503296,0.5692352056503296,1891546,31.111275833818137,33.246001154350445,32.00796763002397,26.69843336789463,24.393318661742665,4.13,87.0,-1.45,5.1
RTX,1980-02-26,0.569235613279463,0.576866090297699,0.5646572604646107,0.576866090297699,3472918,31.210252678029875,32.91077347858498,32.063928802057845,26.72853665484387,24.352734872239125,4.07,89.0,-1.47,5.04
RTX,1980-02-27,0.5768660400738587,0.5783922685524486,0.5646572113037109,0.5646572113037109,2359347,31.14185150132939,33.25690907370906,32.267482208085454,26.82853948858129,24.429928276797707,4.0,96.0,-1.49,4.86
RTX,1980-02-28,0.5646573214205024,0.569235674729597,0.5631314256638634,0.5677094459533691,1711035,30.819145872307523,33.24440079868011,32.273633427612545,26.81524387788204,24.400078112666137,3.93,96.0,-1.51,4.85
RTX,1980-02-29,0.5677089781317921,0.5692352056503296,0.5661830836325693,0.5692352056503296,2130531,30.65685420078723,33.13678805629122,32.253407653069985,26.815058961879114,24.386616822198803,3.84,94.0,-1.52,4.87
RTX,1980-03-03,0.5692357402307009,0.581444572786609,0.5646573863947819,0.5738140940666199,2450874,30.705423866782443,33.15799811743686,29.197360404596868,26.806967451600595,24.342741093849014,3.82,61.0,-1.52,3.7
RTX,1980-03-04,0.573814061452318,0.5967054963111877,0.5707619367417236,0.5967054963111877,2008496,32.39131215997446,33.862860046446,29.65641768651458,27.168034074495477,24.62184940260086,3.79,69.0,-1.53,3.39
RTX,1980-03-05,0.5967049613974799,0.5997571203741575,0.5844961404800415,0.5844961404800415,1683069,32.74292111953399,33.53014104678837,29.738081469427406,27.295968290863687,24.719771350723573,3.77,70.0,-1.53,3.35
RTX,1980-03-06,0.5844961487584456,0.5890744982947432,0.5692352056503296,0.5692352056503296,3416986,30.28948264038775,33.83437385084223,30.077293694286748,27.49618114410745,24.73787586748688,3.75,73.0,-1.51,3.17
RTX,1980-03-07,0.5692355810395611,0.5707618095645881,0.5585529804229736,0.5585529804229736,5870402,30.606612707929315,34.068032295660004,30.233169790311166,27.59431721356773,24.818756288286416,3.72,73.0,-1.49,3.08
RTX,1980-03-10,0.5585530433173991,0.5631313963884799,0.5432920514246693,0.5448179841041565,3561902,31.118470904948314,34.185824165272905,30.40334061743584,27.767320352535013,24.95361970718232,3.7,73.0,-1.47,3.07
RTX,1980-03-11,0.544818051357635,0.5524485297448346,0.5432921184897834,0.5463442802429199,3422070,30.684780178347943,34.17286834882155,30.39386821115358,27.73638072256648,24.937654386872186,3.68,72.0,-1.44,3.07
RTX,1980-03-12,0.5463442802429199,0.5463442802429199,0.538713764853541,0.5463442802429199,5890741,30.706617209321426,34.00086958223914,30.394059296152037,27.73638072256648,24.9366338713045,3.66,72.0,-1.41,3.07
RTX,1980-03-13,0.546344146997375,0.5509224995170224,0.5417657944777274,0.5432919859886169,2194091,30.63654477425167,34.01742342987419,30.164135533466997,27.732224876649042,24.94386716215813,3.63,69.0,-1.38,3.2
RTX,1980-03-14,0.5432924107465184,0.5524488269271387,0.5402399883361185,0.5509229302406311,3592411,29.01514071564211,33.91702648922323,30.020840772286995,27.765588562521078,24.978062137527036,3.61,67.0,-1.34,3.23
RTX,1980-03-17,0.5493961098089056,0.5493961098089056,0.5249784588813782,0.5249784588813782,2641554,30.623613738252338,35.34788486849471,31.05893714353447,28.361808421960706,25.450119009089576,3.59,79.0,-1.31,2.97
RTX,1980-03-18,0.5249787587213679,0.5295571125126212,0.5173482430736402,0.5204004049301147,3249187,28.568809238789015,35.37433476498816,31.09182778249209,28.380736557019233,25.384187175789414,3.57,79.0,-1.27,2.97
RTX,1980-03-19,0.5204003933891187,0.5249787470788371,0.512769877910614,0.512769877910614,6986515,27.30736508712211,35.37031138401829,31.189759149376002,28.43360152268713,25.430084665540775,3.55,80.0,-1.23,2.92
RTX,1980-03-20,0.5112440559532212,0.5112440559532212,0.4975089928979703,0.5005611181259155,2150870,27.52721880495598,35.683432730258566,31.449966417721708,28.557579485713227,25.532940261681414,3.53,81.0,-1.21,2.79
RTX,1980-03-21,0.5005611181259155,0.5020873472497206,0.49598309679383007,0.5005611181259155,2621214,27.575063140705712,35.61531241851968,31.43802794348794,28.556081903379095,25.53147945005015,3.5,80.0,-1.18,2.81
RTX,1980-03-24,0.5005611739601754,0.5005611739601754,0.4822480875301365,0.485300213098526,3734786,28.148769530396805,36.15039490545394,31.832365418695446,28.780023911605053,25.66826787944563,3.48,81.0,-1.17,2.66
RTX,1980-03-25,0.485299744973655,0.49445644586588244,0.4807213945275413,0.48682597279548645,2300872,28.226486426620784,36.16064297889831,31.789506657929532,28.759855611639352,25.568529380171523,3.46,80.0,-1.15,2.66
RTX,1980-03-26,0.48682597279548645,0.5051390415605606,0.4807213945275413,0.48682597279548645,3195797,27.973737086899213,36.14845248242229,31.645380460102647,28.744187129425725,25.53242926570935,3.44,79.0,-1.14,2.79
RTX,1980-03-27,0.48682639740909867,0.4883526265621186,0.4608824999257871,0.48835262656211853,2366974,27.952349280184873,35.99302220978847,31.641782864340566,28.742625881266704,25.51241079995517,3.41,78.0,-1.12,2.78
RTX,1980-03-28,0.48835240072900954,0.5020871246760344,0.4837740484068288,0.4990350008010864,2130531,28.946545648351997,36.23312106618412,31.73710874181849,28.80220692845679,25.561196017373334,3.38,79.0,-1.1,2.67
RTX,1980-03-31,0.4990351776448895,0.5051394275579574,0.4959830526883556,0.5036135315895081,2135616,29.25654143840799,31.70822964014223,31.739085102451437,28.81766717086332,25.564408165658335,3.35,79.0,-1.07,2.64
RTX,1980-04-01,0.5036132406443373,0.5051391357312535,0.49598276615142817,0.4959827661514282,1657645,29.315730693540274,29.93259008853832,31.76255430939451,28.86665159425132,25.596113898391533,3.32,79.0,-1.06,2.63
RTX,1980-04-02,0.4959826014658068,0.5036130734251008,0.4944563738662151,0.4975084960460663,3269526,28.380466027516775,29.782712563347747,31.73851177115003,28.854082994484298,25.589897048223158,3.28,77.0,-1.06,2.63
RTX,1980-04-03,0.4975087727036934,0.4975087727036934,0.489878296501199,0.4944566488265991,1286454,28.04076791388396,29.56829181661318,31.758345462446712,28.865634071446035,25.54764814307341,3.24,78.0,-1.07,2.63
RTX,1980-04-07,0.49445687713485587,0.49903523157424445,0.4883526265621186,0.48835262656211853,1400862,27.951040710300752,29.628022811894628,31.818324827785226,28.89389937560114,25.450407235242512,3.2,80.0,-1.08,2.62
RTX,1980-04-08,0.48835209630116805,0.5066651611544162,0.48529964130953535,0.5051389336585999,1670357,30.118407777639337,30.491690096183667,32.23359233083393,29.156153729631416,25.66952288111847,3.16,92.0,-1.09,2.35
RTX,1980-04-09,0.5051392397951645,0.5066654682159424,0.4975087637302984,0.5066654682159424,2178837,29.750057319058598,30.398460689816787,32.17702403766649,29.148789243433367,25.548493800063017,3.12,89.0,-1.09,2.4
RTX,1980-04-10,0.5066654682159424,0.5112438204587643,0.5051392397951645,0.5066654682159424,1205098,29.3267395415228,30.02860006694561,32.16599061649361,29.087199864786996,25.548493800063017,3.08,88.0,-1.09,2.42
RTX,1980-04-11,0.5066651956049519,0.5066651956049519,0.4944563738662151,0.4975084960460663,1299166,29.49552286568852,30.035427696369844,32.244809727545714,29.173988274641292,25.609197439718738,3.03,93.0,-1.12,2.38
RTX,1980-04-14,0.4944566273283002,0.4944566273283002,0.48835237983951596,0.4914045035839081,1583915,29.503497563347423,29.976489278959335,32.315111301975065,29.212848435562965,25.622093406161838,2.98,96.0,-1.16,2.36
RTX,1980-04-15,0.48987833605822356,0.48987833605822356,0.48224785923957825,0.48224785923957825,2865285,29.50752149912662,30.136120076826167,32.4447444985788,29.293779293241016,25.6912558359259,2.93,98.0,-1.24,2.3
RTX,1980-04-16,0.4822477331987541,0.4898782080230896,0.47614344954490656,0.4761434495449066,1022045,26.302242274384668,29.871943110944425,32.513742771728985,28.976131567586457,25.721915542758595,2.88,98.0,-1.32,2.28
RTX,1980-04-17,0.47614357470861485,0.47919573583894015,0.4700390304349344,0.47766950726509094,1599170,26.17485442962678,29.845565129261836,32.50168468464534,28.862035241320562,25.715759902450046,2.82,97.0,-1.4,2.29
RTX,1980-04-18,0.47766920008947245,0.4807213222548922,0.471564918756485,0.471564918756485,622888,25.574121893100425,27.939547461059977,31.482863771910164,28.89302543536528,25.7468419975257,2.77,63.0,-1.4,2.63
RTX,1980-04-21,0.471565141649558,0.4746173022597799,0.4532517709644078,0.4608822464942932,1810189,25.770158322744386,28.153401220443687,31.692583699786574,29.020182709210047,25.84173259332551,2.73,65.0,-1.38,2.54
RTX,1980-04-22,0.468512974720571,0.47766938170026124,0.468512974720571,0.4761434495449066,4200045,27.511449429799466,29.120503935760734,31.921581168862645,29.164070715413366,26.017421747188052,2.69,73.0,-1.38,2.42
RTX,1980-04-23,0.47614357399030816,0.4868262119346743,0.47309115384938616,0.48224785923957825,2339008,27.888615158387648,29.074924826800157,31.67446778186055,29.167576354813235,26.046391299925016,2.65,63.0,-1.38,2.58
RTX,1980-04-24,0.48224782029870455,0.4975087727036934,0.47919569642161025,0.4944566488265991,2951726,29.126522159232266,29.68852200773902,31.923623634055932,29.315657446559058,26.134280890858964,2.61,73.0,-1.38,2.39
RTX,1980-04-25,0.4944566399082542,0.5066654682159424,0.49293041148747646,0.5066654682159424,1375438,30.2003127101105,30.22625047510022,32.15281851846466,29.456450872298046,26.227091683122715,2.57,81.0,-1.37,2.22
RTX,1980-04-28,0.506665656546042,0.5097177815025759,0.5005610736133389,0.5036135315895081,1088147,29.81753461962976,29.168703140786988,32.0786439115401,29.413320875688736,26.216235980397716,2.52,77.0,-1.37,2.29
RTX,1980-04-29,0.503613116163504,0.5158219389383251,0.503613116163504,0.5081914663314819,1622051,26.726293901928837,28.704866932796868,32.10697466852605,29.358645764383656,26.229032370163907,2.48,78.0,-1.37,2.27
RTX,1980-04-30,0.5081918058837566,0.5142960548400879,0.5066655771348823,0.5142960548400879,1316963,26.882605559869937,27.677259971487956,32.036765676641814,29.390454299449264,26.234887630255272,2.43,72.0,-1.36,2.32
RTX,1980-05-01,0.5142959442808085,0.5142959442808085,0.5051392397951645,0.5066654682159424,716957,26.890868279814022,27.190521323903695,31.76415409634787,29.442342844409353,26.277854813403867,2.38,64.0,-1.36,2.43
RTX,1980-05-02,0.5051389680053603,0.5051389680053603,0.4959826014658068,0.4975084960460663,1095774,26.492849798757863,27.278501415034228,31.71986498135037,29.513046631291495,26.335401119074326,2.34,58.0,-1.36,2.52
RTX,1980-05-05,0.4975087510726923,0.49903497945463987,0.48835237983951596,0.4914045035839081,5832266,26.72517837989504,27.307593565464682,31.765613974392508,29.53115677992949,26.28990570334463,2.3,64.0,-1.37,2.5
RTX,1980-05-06,0.4914047046725447,0.4944568296659026,0.4883525796791868,0.48987847566604614,1533067,25.14964515216179,27.21275946402169,31.535152105102114,29.48971389433644,26.289631691437393,2.25,52.0,-1.38,2.68
RTX,1980-05-07,0.48987809541976873,0.48987809541976873,0.485299744973655,0.48682597279548645,1510186,25.20513612808778,27.116420603733047,31.531712664078498,29.44532649164453,26.22709704942415,2.21,51.0,-1.39,2.71
RTX,1980-05-08,0.4868262119346743,0.49140456462977034,0.48224785923957825,0.48224785923957825,1548322,25.353459682486672,27.04491062545503,31.430033220086955,29.44672232067219,26.140935164735396,2.16,47.0,-1.41,2.83
RTX,1980-05-09,0.4822477331987541,0.48529985652459684,0.47614344954490656,0.4761434495449066,3450037,25.5822144738319,26.956835536471786,31.484924072322805,29.482581550817,26.166388803800295,2.11,50.0,-1.42,2.81
RTX,1980-05-12,0.4761433004370131,0.48377380987395857,0.4761433004370131,0.4807213544845581,961027,24.890287874986523,27.035130447074547,31.418032244674997,29.484678325407437,26.146796464995447,2.06,45.0,-1.43,2.8
RTX,1980-05-13,0.48377427212273,0.49750900242122453,0.48377427212273,0.48835262656211853,1304251,25.20199096408302,27.29741716452271,31.491372683294216,29.438937574236746,26.18433834535972,2.01,50.0,-1.45,2.74
RTX,1980-05-14,0.489878406936622,0.5036134670091769,0.489878406936622,0.49293053150177,1563576,25.0016231067491,27.3394451142416,31.514835848382617,29.426463283462134,26.189524010217767,1.93,50.0,-1.46,2.71
RTX,1980-05-15,0.49293053150177,0.5020872382168066,0.49140463572899223,0.49293053150177,523734,24.98247844021296,26.904856254457027,31.424224367156057,29.42464388776581,26.139848000718608,1.85,43.0,-1.48,2.8
RTX,1980-05-16,0.49293042037829327,0.4975087727036934,0.4914045249495048,0.4944566488265991,1283912,24.938165601727217,26.684956005734772,31.41995629453147,29.424889898245283,26.13845885236174,1.76,42.0,-1.49,2.79
RTX,1980-05-19,0.5012638875740241,0.505905270576477,0.4966225045715711,0.505905270576477,844077,25.50336660466992,27.054861041786676,31.591812293946397,29.500279319794643,26.233096051950245,1.67,52.0,-1.5,2.62
RTX,1980-05-20,0.5043578795534946,0.5043578795534946,0.49816959580356096,0.5012637376785278,734754,23.706426595280288,27.036969427192158,31.62333023744832,29.421777206295342,26.248451700883518,1.56,52.0,-1.5,2.62
RTX,1980-05-21,0.5012637917891335,0.5059051739046796,0.49971655188256175,0.5043579339981079,1344930,23.76143145267276,26.90182016465027,31.640437780115505,29.422597248140292,26.252936432074225,1.44,52.0,-1.51,2.6
RTX,1980-05-22,0.504358106623374,0.5229236414399334,0.5028112037915171,0.5167350172996521,1200013,24.791521756669624,27.138775087317242,31.867284921672155,29.55957234957066,26.359434368351003,1.31,67.0,-1.51,2.41
RTX,1980-05-23,0.5167352008329762,0.5244707305526096,0.5167352008329762,0.5229238271713257,5783960,24.330291814260978,27.241849046055755,31.79780026157725,29.583013578309565,26.366836126551608,1.17,64.0,-1.51,2.41
RTX,1980-05-27,0.5229238271713257,0.5306593568909591,0.5229238271713257,0.5229238271713257,1459338,23.97322565648904,27.23034194826606,31.76798348925231,29.56249585746025,26.36387208140489,0.99,62.0,-1.5,2.44
RTX,1980-05-28,0.5229237603102612,0.5275648449767089,0.521376519522403,0.5260179042816162,1395778,23.15878086917087,27.202537982910297,28.77823801766157,29.53261581297573,26.34692894977485,0.98,1.0,-1.5,0.36
RTX,1980-05-29,0.5260180796480773,0.5337536109575546,0.5198294520378113,0.5198294520378113,2733080,23.10714018032969,25.931519133251648,27.664432566832915,29.546391815817717,26.373779558174622,1.03,1.0,-1.47,0.21
RTX,1980-05-30,0.5198294472822454,0.5306594611000162,0.5105470123584758,0.5291122198104858,1810189,23.500865588691845,25.962601388409063,27.739361546607512,29.54141757149872,26.425138697432494,1.07,2.0,-1.44,0.19
RTX,1980-06-02,0.5291120323660056,0.550771714723866,0.5291120323660056,0.5414889454841614,2145786,23.649521090765727,25.928226481330036,27.83139766581154,29.61351788526888,26.515822574347247,1.11,3.0,-1.41,0.16
RTX,1980-06-03,0.5414889454841614,0.5445831268742071,0.5368475983759037,0.5414889454841614,1258488,22.221589218704963,25.65222467003341,27.83139766581154,29.603730503342156,26.514787985898323,1.15,3.5,-1.38,0.16
RTX,1980-06-04,0.541488842100444,0.5538657903671265,0.5399416391660371,0.5538657903671265,2092395,21.330520509961975,25.570821559445584,28.005915581453078,29.635548115779965,26.603370943575232,1.18,5.0,-1.36,0.11
RTX,1980-06-05,0.5538657148201466,0.5569598576858094,0.5461301513422873,0.5507715344429016,1886461,21.417470204475748,25.593357276027334,27.96383840291877,29.633944510847094,26.61038012324673,1.22,5.0,-1.34,0.13
RTX,1980-06-06,0.5492245192820177,0.5492245192820177,0.5430361939257708,0.5476772785186768,938146,20.688431900778337,25.620651401985057,27.769617293266723,29.611723033957638,26.61834128087589,1.25,3.0,-1.3,0.2
RTX,1980-06-09,0.5476771420221169,0.549224382399842,0.5368474721908569,0.5368474721908569,884755,20.773695647347417,25.92329647167655,27.803563195889925,29.7101688829748,26.696827751573448,1.29,4.0,-1.26,0.19
RTX,1980-06-10,0.5368477643614029,0.5383949680695823,0.5229239062895487,0.5306594371795654,1492389,21.01965672177789,25.856341945871403,27.797626962354,29.741688139362076,26.695551790017642,1.33,4.0,-1.22,0.19
RTX,1980-06-11,0.5306592731074068,0.5430361862255626,0.5306592731074068,0.5414889454841614,1266115,21.597109082928178,24.226314170000357,27.98028069461223,29.826349897335824,26.75559988382869,1.36,9.0,-1.17,0.13
RTX,1980-06-12,0.5414891129046979,0.5430363541244835,0.5291121959597799,0.5306594371795654,1606797,22.323419802871825,24.52510717894584,27.986798471489564,29.9268532236464,26.838256278109306,1.39,10.0,-1.12,0.13
RTX,1980-06-13,0.5306594054858863,0.5368477322981253,0.5198293928031218,0.5353007912635803,1159334,21.89965267489008,24.37940693741426,27.968081205088236,29.92154238446496,26.833934694613724,1.41,9.0,-1.06,0.13
RTX,1980-06-16,0.5353006437095206,0.5399417281150818,0.5291120185103265,0.5399417281150818,2626299,21.130917553635125,23.874037546562203,26.91185904623058,29.914740836304905,26.842216332607077,1.47,1.0,-1.01,-0.04
RTX,1980-06-17,0.5399416153420352,0.5399416153420352,0.535300531905818,0.5368474721908569,650854,20.805971402657853,23.916032586217163,26.913978983881382,29.88472192549756,26.84903803530667,1.53,2.0,-0.95,-0.04
RTX,1980-06-18,0.5368474721908569,0.5383946750569962,0.5322060886619536,0.5368474721908569,922891,20.74671459283614,22.962221459712044,26.896125403972327,29.465494543792126,26.84903803530667,1.58,1.0,-0.9,-0.04
RTX,1980-06-19,0.5368474721908569,0.5430360585858995,0.5368474721908569,0.5368474721908569,1370354,20.5816079688147,22.962728098641932,26.775853540531614,29.465494543792126,26.84270259999163,1.64,1.0,-0.9,0.01
RTX,1980-06-20,0.5368477322981253,0.5368477322981253,0.5306594054858863,0.5353007912635803,1075435,20.31562792686026,22.979083391383785,26.76167719789875,29.468021040202817,26.845072051883008,1.69,1.0,-0.89,0.01
RTX,1980-06-23,0.5353005015707016,0.5368474417680766,0.5306591183048224,0.5322060585021973,2242397,19.930075041335495,23.026189001654576,26.76233803547929,29.477064175799367,26.831538227883193,1.74,2.0,-0.91,0.01
RTX,1980-06-24,0.5322063783065016,0.5353008232344667,0.5260180511246643,0.5306594371795654,3602581,19.939498386694982,22.652702386207952,25.98087097787987,29.47005016026646,26.83394849279402,1.81,1.0,-0.85,0.02
RTX,1980-06-25,0.5306594371795654,0.5322063783065016,0.5244708099048787,0.5306594371795654,2178837,19.60426105216494,22.590304949842256,25.64489225189594,27.69528030659114,26.82359428920547,1.88,1.0,-0.83,0.11
RTX,1980-06-26,0.5322060886619536,0.5414888182081745,0.5322060886619536,0.5368474721908569,2656808,19.680897848921774,22.440854920168324,24.872103964550707,27.637382848128585,26.83887101772798,1.96,1.0,-0.75,0.03
RTX,1980-06-27,0.5353008232344667,0.5353008232344667,0.5260180511246643,0.5306594371795654,1459338,20.108711843082563,22.5926961578725,24.570885199233107,27.603697526303407,26.857018000824574,2.05,1.0,-0.7,0.1
RTX,1980-06-30,0.5291117827266698,0.5291117827266698,0.5167348754480418,0.5182821154594421,1273742,21.477230476352492,23.108197391557173,24.781822182532697,27.75054418335769,26.964375945526765,2.13,2.0,-0.67,0.05
RTX,1980-07-01,0.5182824418186647,0.5229238271713257,0.5151882974516923,0.5229238271713257,1568661,20.637198521706644,23.000870450379956,24.80213369558582,27.75400965447179,26.970163185774354,2.2,3.0,-0.62,0.04
RTX,1980-07-02,0.5229237603102612,0.5275648449767089,0.5198292787345449,0.5260179042816162,2158498,20.44447935021994,21.997854781437617,24.7891452467911,27.671632418356808,26.953174277292458,2.26,3.0,-0.61,0.04
RTX,1980-07-03,0.527564777749939,0.5399416896625496,0.527564777749939,0.5383947491645813,2763589,21.3556369839513,22.475763417459227,25.001420224481397,27.795685820448295,27.045618997285626,2.32,6.0,-0.58,-0.02
RTX,1980-07-07,0.5399418299229856,0.549224600669904,0.5399418299229856,0.5461304187774658,1507643,20.64361997050884,22.63788377841091,25.08346719286887,27.839569813055103,27.063179074195475,2.37,7.0,-0.62,-0.05
RTX,1980-07-08,0.5476772785186768,0.5523186632043435,0.5476772785186768,0.5476772785186768,1166962,20.42566866438062,22.272007315900268,24.948988661499705,27.697317782625415,27.048437216408054,2.42,6.0,-0.61,-0.0
RTX,1980-07-09,0.5476773596772823,0.5554131895243843,0.5445832152964447,0.5461304187774658,3066134,20.460638976898046,22.102229807802086,24.93305768117895,27.588468213512822,27.03807824291627,2.47,6.0,-0.63,0.01
RTX,1980-07-10,0.5461304663419094,0.5476774073764545,0.5353007912635803,0.5353007912635803,1746629,21.331851002153677,22.15206450341486,25.08331890035098,27.694008946144145,27.11649084147284,2.51,9.0,-0.62,-0.04
RTX,1980-07-11,0.5353004825103476,0.555412917543516,0.5322060395520265,0.5507715344429016,3752582,22.4637290487747,22.607902291998503,25.441012894618876,27.876602048765037,27.22034851659331,2.54,11.0,-0.61,-0.1
RTX,1980-07-14,0.55386559856911,0.5724307894706726,0.55386559856911,0.5724307894706726,2544942,24.46274690672435,23.790810165829253,25.974925535336652,28.220942295414375,27.47847125525248,2.56,13.0,-0.73,-0.03
RTX,1980-07-15,0.5724308900226454,0.5739781302046312,0.5600539813794461,0.5616012215614319,2003411,24.448974124689972,24.0020265566912,25.944867855178792,28.32425447351401,27.541468700182115,2.58,13.0,-0.76,-0.03
RTX,1980-07-16,0.5616013635175344,0.5708841317473986,0.5585072199756845,0.5693368911743164,3010202,24.70997273257286,23.486323823682227,25.92166728726279,28.35536160198594,27.559305913646735,2.59,13.0,-0.77,-0.03
RTX,1980-07-17,0.5693367898129752,0.5801664590835571,0.5646954065243673,0.5801664590835571,4111061,24.456155459266355,22.92253921337679,26.038619682229225,28.424556106295924,27.61612135945615,2.61,17.0,-0.75,-0.07
RTX,1980-07-18,0.584808178286249,0.6049206256866455,0.584808178286249,0.6049206256866455,5125478,26.97846274881805,24.17239593231762,26.785281809935874,28.791657577334266,27.901073493968298,2.61,21.0,-0.5,-0.02
RTX,1980-07-21,0.6049204235723936,0.6095618079762497,0.5971848954340785,0.6064676642417908,2875454,26.851513109952407,23.764892574609622,26.55644614017455,28.711974273343007,27.900568746167938,2.62,18.0,-0.3,0.04
RTX,1980-07-22,0.6064674915664057,0.6157499576384416,0.6033733487129211,0.6033733487129211,2542400,26.061469451997954,23.41868415575843,26.56172209812197,28.717218170340203,27.902692884477958,2.62,19.0,-0.19,0.04
RTX,1980-07-23,0.6002787747493123,0.6002787747493123,0.5817135829160797,0.5894491076469421,2811894,26.87831650603804,23.96350446339544,26.83006509424988,28.816123472606876,27.967722664774115,2.62,24.0,-0.19,-0.03
RTX,1980-07-24,0.5894494365352057,0.5909966773863489,0.5801666666370965,0.5848080515861511,991536,26.593761253408022,24.02113659506327,26.83332422941398,28.821607415588364,27.98217062376524,2.63,25.0,-0.19,-0.02
RTX,1980-07-25,0.5848077963934623,0.5894491793171557,0.5801664134697688,0.5832608938217163,1444083,25.761493933198203,23.958091678614924,26.100075963399377,28.77162849571831,27.983829103034303,2.65,18.0,-0.23,0.02
RTX,1980-07-28,0.5832611842713485,0.587902231901941,0.5801667023784256,0.5863553285598755,1126283,25.716430406188916,23.700729866440547,25.90708726382312,28.75800101064113,27.981509703961667,2.68,13.0,-0.23,0.08
RTX,1980-07-29,0.5863549006957794,0.5925431847572327,0.5863549006957794,0.5925431847572327,1220352,25.757352309380167,23.359365411990947,25.60777669217858,28.776485405994194,27.740186218915387,2.7,12.0,-0.22,0.14
RTX,1980-07-30,0.5925433793324033,0.6002789057514317,0.5925433793324033,0.5956375598907471,1548322,25.62578011343823,23.145653959017295,25.429739149764313,28.77326050599955,27.663333244634618,2.73,11.0,-0.23,0.2
RTX,1980-07-31,0.5956377454818428,0.6064677184147509,0.5894494199485576,0.6002790927886963,1965275,25.63335585186256,23.126170829714827,25.121422182128818,28.776131610068038,27.662425732441914,2.76,11.0,-0.27,0.28
RTX,1980-08-01,0.6002790927886963,0.6064677184147509,0.5956377454818428,0.6002790927886963,3767837,25.63335585186256,23.05026115330778,25.120165434181065,28.743242374385154,27.662425732441914,2.79,11.0,-0.32,0.28
RTX,1980-08-04,0.5987319640100307,0.5987319640100307,0.5879019576457885,0.5940905809402466,3333086,25.891182065904882,23.072936872036834,25.1838363056414,28.771954627122643,27.60744572657019,2.81,13.0,-0.39,0.25
RTX,1980-08-05,0.594090663952705,0.6033734313893568,0.5909965206752495,0.6018261909484863,1446626,25.877579279620278,22.901606139475533,25.235066261145178,28.757212396050257,27.61076099435944,2.84,14.0,-0.45,0.22
RTX,1980-08-06,0.6018261909484863,0.6033734313893568,0.6002789505076158,0.6018261909484863,1375438,25.822778651205475,22.884469840515216,25.15021870354551,28.757212396050257,27.61002980229661,2.86,13.0,-0.49,0.27
RTX,1980-08-07,0.601826449452221,0.6095619797706604,0.601826449452221,0.6095619797706604,2239854,25.90765890459133,22.825805579045802,23.95336839766943,28.769245659831057,27.635673559398892,2.9,1.0,-0.55,-0.24
RTX,1980-08-08,0.6095620854730232,0.6172976546444682,0.6080148816108704,0.6080148816108704,3050880,25.900970844669907,22.83028132207954,23.90591616057315,28.773128642039964,27.601656883730097,2.94,1.0,-0.63,-0.22
RTX,1980-08-11,0.6080146048184454,0.611109048645647,0.6018262798379347,0.6064676642417908,1576288,25.553557270497723,22.852912082176903,23.771785020578953,28.771342495484276,27.551868059413625,2.97,1.0,-0.71,-0.18
RTX,1980-08-12,0.6064674708359555,0.6064674708359555,0.5832608938217163,0.5832608938217163,1286454,27.351488787261975,24.454708609798832,24.29576956096232,28.529512631039804,27.8362182455148,2.99,4.0,-0.78,0.02
RTX,1980-08-13,0.5848080876134141,0.5956377989370558,0.5848080876134141,0.5863553285598755,2979693,27.314302153227775,24.09912549886523,24.301812518596527,28.53327655770305,27.839251408905607,3.02,5.0,-0.85,0.01
RTX,1980-08-14,0.586355275937713,0.6002790927886963,0.5848080351301079,0.6002790927886963,3300035,27.89911851360657,24.35233252760886,23.980373022759736,28.54692612704287,27.92847065829811,3.03,4.0,-0.91,-0.04
RTX,1980-08-15,0.6002792083467609,0.6095619797706604,0.5987323048457314,0.6095619797706604,2501722,27.526262773985284,24.475659546484316,24.07161555662554,28.421175519874048,27.95120243970379,3.05,5.0,-0.95,-0.08
RTX,1980-08-18,0.6095620116412674,0.6095620116412674,0.598732336150115,0.6049206256866455,1215267,27.55819344833146,24.172827347856032,24.120318404350925,28.435933212742174,27.926644921900923,3.07,6.0,-0.99,-0.1
RTX,1980-08-19,0.6049203342259418,0.6126558987333104,0.6018261909484863,0.6018261909484863,2145786,27.669004859775047,24.14559254824088,24.147580153537067,28.441271746785997,27.887889262204453,3.08,7.0,-1.04,-0.11
RTX,1980-08-20,0.6033733140208092,0.6111088395118713,0.6033733140208092,0.6111088395118713,1520355,27.827678496573427,24.28553320375979,24.03776462475868,28.441873925412807,27.907493585367376,3.09,5.0,-1.07,-0.08
RTX,1980-08-21,0.614203286394025,0.6312216234565816,0.614203286394025,0.6265802383422852,4146654,27.543395533399345,24.708323297062474,24.287887033599247,28.581130753641006,28.01056536832185,3.1,9.0,-1.07,-0.15
RTX,1980-08-22,0.626580016515368,0.6389568890586708,0.626580016515368,0.6281269192695618,3938178,26.653421548545737,24.516762191848038,24.126128408755942,28.512652208372934,27.999128319993666,3.1,8.0,-1.06,-0.1
RTX,1980-08-25,0.635008599456077,0.6397008333456222,0.6303166689469921,0.6381369829177856,2822064,24.87312934803184,24.47190778839044,24.220236538250152,28.321991316035554,27.967157681753037,3.11,10.0,-1.03,-0.15
RTX,1980-08-26,0.6381369829177856,0.6475211473164157,0.6318805572973861,0.6381369829177856,3523766,23.956058776187433,24.121072377233006,24.18401681397779,28.225188712982096,27.94620752612444,3.11,10.0,-1.01,-0.13
RTX,1980-08-27,0.6334450941176974,0.6334450941176974,0.6162403029949538,0.6256247758865356,3068677,24.763655105611175,24.554542635087536,24.328276463107464,28.322522778098048,28.020258659711182,3.11,15.0,-1.03,-0.16
RTX,1980-08-28,0.6256250482385034,0.6271889381216808,0.6131125260370802,0.6146764159202576,2262736,25.0109257481023,24.52646289020669,24.01125880797202,28.282576444310337,28.080341612205444,3.1,5.0,-1.07,-0.15
RTX,1980-08-29,0.614676001970272,0.619368237298766,0.6005995993653431,0.6178043484687805,2748334,22.010667814304018,24.487596170677087,24.01578350659164,28.280854153100105,28.04974646382273,3.09,6.0,-1.11,-0.15
RTX,1980-09-02,0.6178043068092225,0.6224962384407786,0.6131120717971336,0.6193681955337524,938146,22.01047860720292,24.437217492592843,24.013822529843843,28.21446107013909,27.970229011496723,3.08,6.0,-1.14,-0.15
RTX,1980-09-03,0.6209320306927737,0.6334445751178288,0.6209320306927737,0.6303164958953857,2852573,22.46379888169004,24.200961318070824,23.917142859079956,28.279191406615855,28.01189693438314,3.07,3.0,-1.15,-0.14
RTX,1980-09-04,0.631880832079292,0.6428291929698188,0.631880832079292,0.6334450244903564,4756830,21.210895000115674,24.021177671113993,23.803673839122048,28.197926995365414,28.012124624387347,3.05,2.0,-1.16,-0.1
RTX,1980-09-05,0.6334450941176974,0.6334450941176974,0.6256247758865356,0.6256247758865356,1665272,21.440774406524923,23.950832064796124,23.679132367186824,28.228787991591876,28.035543751102836,3.04,1.0,-1.17,-0.07
RTX,1980-09-08,0.6256243954001259,0.630316628992238,0.6178041198476046,0.6209321618080139,1739002,21.5838141669858,23.57777041372761,23.607542245428114,28.24111759992341,28.030729190893215,3.02,1.0,-1.19,-0.05
RTX,1980-09-09,0.6209325394407448,0.6256247758865356,0.6084200226863703,0.6256247758865356,892382,21.62239579430334,23.56599491791772,23.62008468637824,28.207341695772314,28.007882423225062,2.99,2.0,-1.2,-0.06
RTX,1980-09-10,0.6256250311343099,0.6303172694944797,0.6224966826145616,0.6271889209747314,930518,21.4781905524127,23.53242038352838,23.48799684936374,28.196982560673522,27.98962978732315,2.99,1.0,-1.23,-0.01
RTX,1980-09-11,0.6271882783978788,0.6334447035692881,0.6256243901597167,0.6287524700164795,1433914,21.456175699104843,23.469638041669025,23.121980448365544,28.158592208534934,27.936356287781987,2.98,1.0,-1.28,0.08
RTX,1980-09-12,0.62875279490508,0.6318808384556078,0.620932477454601,0.6224963665008545,772890,21.644272133684897,23.60664285932443,22.725072715645542,28.188594117859,27.922205150427317,2.97,1.0,-1.31,0.13
RTX,1980-09-15,0.6224963800051531,0.6240605724659352,0.6052919315298609,0.613112211227417,2466128,22.159736955462765,23.87813775158441,22.842579883382527,28.253224110563185,27.960082208447957,2.96,2.0,-1.32,0.09
RTX,1980-09-16,0.6131121989640718,0.6162402425198923,0.6099841554082513,0.6115480065345764,1510186,21.93526210901721,23.87521754510419,22.565762754161383,28.245015599856067,27.897341248295277,2.95,1.0,-1.33,0.19
RTX,1980-09-17,0.6115478806301398,0.6381371365609633,0.6099840298257776,0.6350087523460388,3325459,24.162901042736433,24.89056366933546,22.99270041886528,28.490695376682872,28.129159874859404,2.92,4.0,-1.32,0.26
RTX,1980-09-18,0.6350083513985061,0.664725593554968,0.6334445015815667,0.6412647366523743,3505970,24.26666372619678,24.899228626153896,22.98469635513966,28.494569167270704,28.120674826311177,2.89,4.0,-1.31,0.26
RTX,1980-09-19,0.6412653872606171,0.6584701797451403,0.6381373810728171,0.6569059491157532,5669552,24.912320467630305,25.2560279680155,23.21821165494797,26.86654870718294,28.214255762889884,2.86,7.0,-1.26,0.17
RTX,1980-09-22,0.6569058409583962,0.6725464760835164,0.6522136807589202,0.6694183945655823,6770411,25.306009240431994,25.398504038787717,23.315246997896537,26.313617143266516,28.266664389780736,2.82,8.0,-1.19,0.13
RTX,1980-09-23,0.6694181627934763,0.6741103972135138,0.6553414595333639,0.6615978479385376,2951726,25.62643472177875,25.40257729573845,23.259332526495736,26.31562853005145,28.29225612872235,2.79,8.0,-1.15,0.15
RTX,1980-09-24,0.6615983533138026,0.6694186741424514,0.6522139531503877,0.6647264361381531,3127152,22.33339159124923,24.758611186112546,23.018334806515533,26.20060902122663,28.29424549636585,2.76,6.0,-1.11,0.22
RTX,1980-09-25,0.6647265059989378,0.6709828998407121,0.6615984228458349,0.663162350654602,2544942,22.4154443529166,24.773647555130907,22.904295940517226,26.203001607257235,28.277757685913805,2.72,4.0,-1.09,0.27
RTX,1980-09-26,0.658469849428132,0.658469849428132,0.6428289920384781,0.6443931460380554,2298330,23.569969713868495,25.65753956934291,23.43251671784228,26.383975402071396,28.41695931562387,2.68,12.0,-1.09,0.21
RTX,1980-09-29,0.6397011818432828,0.6397011818432828,0.6256247758865356,0.6256247758865356,2740707,24.972119653411593,26.18780402013575,23.946656958767388,26.59807809744663,28.550718542199405,2.63,21.0,-1.09,0.16
RTX,1980-09-30,0.6287525151386953,0.6381369829177856,0.6287525151386953,0.6381369829177856,2084768,25.42217980927079,26.31827685741727,24.0249488316222,26.59062712143096,28.308286551453104,2.58,27.0,-1.11,0.13
RTX,1980-10-01,0.6381370153216667,0.6506494879722595,0.6350086317011021,0.6506494879722595,3101728,25.834480068011867,26.543205345360647,24.03781733413834,26.59555679473234,28.36814006580381,2.53,29.0,-1.16,0.12
RTX,1980-10-02,0.650649696904096,0.6631619460371734,0.650649696904096,0.6537777781486511,4939883,25.563452665150553,26.519257603393452,24.017170815321922,26.575352745633936,28.370416848780742,2.47,27.0,-1.2,0.13
RTX,1980-10-03,0.6537781083303353,0.6662905913181008,0.6506500255059847,0.6647264361381531,2783928,25.02435624380814,26.221708778711385,24.029082130503244,26.624448155170928,28.412729451032888,2.41,29.0,-1.21,0.13
RTX,1980-10-06,0.6647261585209563,0.6709825490922742,0.6647261585209563,0.6694183945655823,2326296,25.067205074377775,25.71589620729511,24.016645364289133,26.556782682373914,28.409850825021792,2.35,27.0,-1.21,0.14
RTX,1980-10-07,0.6694185288448641,0.680366854276343,0.6694185288448641,0.6756746172904968,4627168,24.828204604212896,24.67746591455494,24.031865828901662,26.528449213867606,27.093897746199108,2.28,31.0,-1.21,0.13
RTX,1980-10-08,0.6756745774274885,0.6834948960973556,0.6725465713117987,0.6803668141365051,2720368,24.863048733262026,24.265543719887965,24.039300256009682,25.94853398412417,27.040365564052216,2.2,34.0,-1.2,0.13
RTX,1980-10-09,0.6788028967769874,0.6788028967769874,0.6725465059280396,0.6725465059280396,4080552,24.340391749194797,24.351019081593947,23.942615436052364,25.98695836576764,27.014466547088972,2.12,21.0,-1.2,0.15
RTX,1980-10-10,0.6725463776885297,0.6756743829036799,0.6584699749946594,0.6584699749946594,3427155,24.61054521795762,24.602141235963447,24.169588871158282,26.106969035829962,27.105394136499832,2.03,40.0,-1.23,0.09
RTX,1980-10-13,0.6584699028214132,0.6631618342847287,0.6506495872601475,0.6522135138511658,2211888,24.83084668153352,23.28025995510551,24.241344264476034,26.078426229506924,27.115969057042506,1.93,43.0,-1.25,0.06
RTX,1980-10-14,0.6522132519415085,0.6569054090559834,0.6459570930189421,0.6475210189819336,1896630,24.966617278847394,23.343058467705305,24.039022083009865,26.078496521846795,27.06903778741026,1.82,35.0,-1.26,0.12
RTX,1980-10-15,0.6490853340845367,0.6537775682123483,0.6490853340845367,0.6506494879722595,3716989,24.524983291325913,23.319010745854168,23.992894772466638,26.08295305340087,27.06739193758812,1.7,25.0,-1.26,0.14
RTX,1980-10-16,0.6506493569796686,0.6569054403552154,0.6287524204818739,0.6318804621696472,2242397,26.013420816406324,23.615654930538643,24.505232474157193,25.84167350140823,27.239517111445405,1.56,50.0,-1.25,0.06
RTX,1980-10-17,0.6318811593349013,0.6365733597724775,0.6256250311343099,0.6271889209747314,2016123,25.847906251809743,23.608421966004407,24.54129861017226,25.69259869924574,27.146922987049717,1.51,51.0,-1.22,0.05
RTX,1980-10-20,0.6271889209747314,0.6287531141959024,0.6240608758357326,0.6271889209747314,1787307,25.747143716890967,23.596376394702617,24.446161609789428,25.189087788834403,27.06344394639154,1.49,50.0,-1.21,0.09
RTX,1980-10-21,0.6271886747091123,0.6381373403516297,0.6178045050542159,0.6240606307983398,11265374,25.698936310558896,23.614605322319377,24.337529063095698,25.022262868035906,27.06565461451582,1.47,50.0,-1.17,0.13
RTX,1980-10-22,0.6240604305458414,0.6240604305458414,0.6146759605216635,0.6193681955337524,2666978,25.77607021747798,23.595445924207816,24.134914987730323,25.02370768885635,27.074892770491022,1.44,41.0,-1.14,0.2
RTX,1980-10-23,0.6193681955337524,0.6287526655579304,0.6193681955337524,0.6193681955337524,5374634,25.76175749048562,23.577432802234156,24.134914987730323,24.99541089516488,27.071276496503305,1.41,41.5,-1.1,0.2
RTX,1980-10-24,0.6193683942805766,0.6303170220005151,0.6146761577628131,0.6240606307983398,1589000,25.701472454667023,23.574707466263273,23.914751689630744,24.995804133224752,27.07819076314889,1.38,20.0,-1.06,0.29
RTX,1980-10-27,0.6240606410697029,0.6287528776646953,0.614676167879718,0.6162403225898743,2628842,25.578857161563484,23.730643451407488,23.991197684511718,24.97735063576124,27.108654124194832,1.34,26.0,-1.02,0.25
RTX,1980-10-28,0.6131121431359501,0.6131121431359501,0.6068557152908302,0.6099840998649597,2712741,25.74519280394039,23.72757922600772,24.034892721040944,24.991726997246957,27.127428258998943,1.31,36.0,-0.97,0.23
RTX,1980-10-29,0.6099842346653608,0.61780451522261,0.6068558493998895,0.6162403225898743,2875454,23.36937228155822,23.672650398199682,23.83874859737017,24.931737869414533,27.11958306268877,1.28,19.0,-0.9,0.3
RTX,1980-10-30,0.6146759592915735,0.6146759592915735,0.6068556434655418,0.6084198355674744,1983072,23.37842104227798,23.825948246215916,23.855798193257847,24.97202633080419,27.092430512066727,1.24,20.0,-0.84,0.29
RTX,1980-10-31,0.6099842246256801,0.6240606307983398,0.6099842246256801,0.6240606307983398,2560197,23.504408013662445,24.247008837391,23.973785352653778,25.125300185965916,27.19709026142588,1.2,27.0,-0.77,0.26
RTX,1980-11-03,0.6334451442556301,0.6569059491157532,0.6334451442556301,0.6569059491157532,2486467,27.508825430105798,26.38469146051045,24.997156254387424,25.78955123991976,27.6152201803872,1.15,69.0,-0.72,0.69
RTX,1980-11-05,0.694443052978855,0.74762116867552,0.694443052978855,0.7100836038589478,20555304,35.46569090293383,30.67944879450737,27.720707457576932,27.25965657757252,28.638685331399095,1.14,100.0,-0.52,2.89
RTX,1980-11-06,0.7100837287607609,0.711647655187175,0.6897509407795593,0.6928790211677551,8921282,36.29961434722293,29.97498007373546,28.041824890317862,27.306499821864826,28.719716883747832,1.17,100.0,-0.45,2.75
RTX,1980-11-07,0.6928791789495251,0.6960071842049047,0.685058862430517,0.6881869435310364,2519518,36.36208818815056,30.035563877436577,28.050154350650914,27.24958189317672,28.719828774618435,1.2,100.0,-0.4,2.74
RTX,1980-11-10,0.6944433619710275,0.7006994485855103,0.6944433619710275,0.7006994485855103,2494094,35.53071809861631,29.89479517851083,28.155189150850507,27.288099836319173,28.765251397654563,1.23,100.0,-0.33,2.63
RTX,1980-11-11,0.7006993892776336,0.7194683301387469,0.7006993892776336,0.7163399457931519,3968686,34.584386818655844,30.048978531379323,28.31964144407395,27.362640869587,28.832269415251798,1.27,100.0,-0.2,2.47
RTX,1980-11-12,0.7225967780804604,0.7570059895515442,0.7225967780804604,0.7570059895515442,5059376,37.35675808590277,31.834085089540253,29.495864677841883,27.96677334496116,29.315840078336304,1.34,100.0,0.31,2.18
RTX,1980-11-13,0.7570056559985652,0.7804664544267045,0.7429292527868231,0.7757745981216431,5384803,37.54714685888468,32.0596637489249,29.645249930361423,28.093967710808503,29.37961087462289,1.41,100.0,0.91,2.03
RTX,1980-11-14,0.7757748028560921,0.7820308910127353,0.7695183354736409,0.7742105722427368,6185659,37.615850820931215,32.00059285813198,29.640471700188208,28.097239786744627,29.379205812146818,1.49,99.0,1.2,2.04
RTX,1980-11-17,0.7779976725578308,0.7779976725578308,0.7606385868239396,0.7779976725578308,2494094,37.47188401519933,31.699295964182877,29.634764445450852,28.08979098309223,29.345434625027373,1.57,98.0,1.37,2.03
RTX,1980-11-18,0.78273225123503,0.7969348242961458,0.78273225123503,0.79220050573349,2750877,37.65434485556897,31.836702877887625,29.696000593395716,27.804094284159447,29.387458405347054,1.64,100.0,1.56,1.98
RTX,1980-11-19,0.7890440450690225,0.7890440450690225,0.7527480803691633,0.7559041380882263,4350046,40.58508828788647,33.38814861188765,30.6773126696006,28.268817442359197,29.782867412668878,1.74,100.0,1.42,1.9
RTX,1980-11-20,0.7559044830172071,0.7732635736465454,0.7511701647022877,0.7732635736465454,3584784,40.94879633689923,33.629542136071606,30.514849049322585,28.184450153526726,29.853629282957943,1.83,99.0,1.33,1.91
RTX,1980-11-21,0.7716852467697823,0.7716852467697823,0.7480140398993395,0.7511700987815857,3261899,41.83599213789573,33.949079540882366,30.949582155357437,28.312788694415392,30.012436357748758,1.93,100.0,1.17,1.77
RTX,1980-11-24,0.7511700987815856,0.7511700987815856,0.7338113923024333,0.7511700987815857,2155955,41.18891849551451,33.68097839989132,30.95270059941261,28.136890122570975,29.580271273050858,2.02,100.0,1.01,1.77
RTX,1980-11-25,0.7511700121029358,0.7622169056443164,0.7511700121029358,0.7574825882911682,1370354,40.98893397707412,33.69497331532572,30.801438524663617,28.1474332745434,29.58684332857206,2.1,98.0,0.85,1.88
RTX,1980-11-26,0.7606390184831537,0.7779981140682534,0.7606390184831537,0.76852947473526,1769510,40.909713014490464,33.77072762153283,30.80336335832457,28.186392202933202,29.543745441264292,2.17,98.0,0.7,1.87
RTX,1980-11-28,0.7685296389624731,0.7748421430587769,0.7637953182842987,0.7748421430587769,981366,40.91494630799216,33.66027929784902,30.81247902663992,28.181951516816195,29.435519838278406,2.24,98.0,0.57,1.86
RTX,1980-12-01,0.7748416266071526,0.7748416266071526,0.7622169329308424,0.7653729915618896,1563576,39.93377784254746,33.812460132696096,30.89827380677674,28.19602039907199,29.46524759536701,2.31,98.0,0.41,1.82
RTX,1980-12-02,0.7653729716313739,0.7701072890307225,0.7574825956831626,0.7606386542320251,1629678,39.89782377709069,33.713995382359485,30.70908749589322,27.577155685630437,29.47206513280221,2.37,94.0,0.25,1.91
RTX,1980-12-03,0.7606390008927741,0.7653733204497859,0.7606390008927741,0.7637951374053955,2267821,39.85785873968794,33.63928013626399,30.447103214063574,27.54813424025589,29.441955374899177,2.43,91.0,0.1,2.08
RTX,1980-12-04,0.7637951374053955,0.7685294569624074,0.7590608178483838,0.7637951374053955,1967818,39.75796530180437,33.635686295141554,29.91984902303482,27.475885508763064,29.44213096883549,2.47,90.0,-0.05,2.37
RTX,1980-12-05,0.7637953949978186,0.7653735785744564,0.7543270587921143,0.7543270587921143,1924597,39.936968377267995,33.791008696012284,29.81422263159446,27.353328427987616,29.430664412069646,2.51,89.0,-0.19,2.42
RTX,1980-12-08,0.7511699703797368,0.7511699703797368,0.7322330081203874,0.7369673252105713,955942,40.829935122393834,34.22017443776772,30.052059605839016,27.518851055693077,29.365597164767287,2.55,90.0,-0.31,2.34
RTX,1980-12-09,0.7369679047402679,0.7385458586271588,0.7259213857525569,0.7322335839271545,2232227,40.97884346811919,34.171770697387636,29.971739088395942,27.255186769689736,29.31077935379949,2.59,89.0,-0.41,2.43
RTX,1980-12-10,0.7322334904433219,0.7369678106520072,0.7132965922355652,0.7132965922355652,1474592,41.679225437478884,34.491135839955575,29.634846243975034,27.462566400964082,29.431873045008572,2.61,83.0,-0.49,2.63
RTX,1980-12-11,0.7069840860994042,0.7069840860994042,0.6848910486364993,0.7022497653961182,3406816,41.87807763345049,34.67645462593422,29.76069539292633,27.54152861472436,29.39488805279086,2.65,86.0,-0.54,2.57
RTX,1980-12-12,0.7054058084962757,0.7180302739143372,0.7054058084962757,0.7180302739143372,1352557,42.159379580236795,34.14508534352059,29.922775014343237,27.644665970341897,29.46621568923383,2.68,88.0,-0.61,2.42
RTX,1980-12-15,0.7180304635019669,0.7306551618295184,0.7148743271827698,0.7148743271827698,1090690,41.92030727354167,34.131400026844815,29.668527855191396,27.55768992434965,29.427566591057513,2.71,83.0,-0.67,2.55
RTX,1980-12-16,0.714874049064406,0.7353891949967023,0.7069835965480841,0.7196083664894104,1655102,41.492598135193845,33.83043015533899,29.635482341951757,27.55008542665683,29.429615248745783,2.73,80.0,-0.73,2.55
RTX,1980-12-17,0.7196088814763324,0.7322335839271544,0.7180306980132212,0.7322335839271545,1200013,39.29306870448582,33.799439173270216,29.7248133553907,27.533202603784616,29.41396952225371,2.76,84.0,-0.8,2.46
RTX,1980-12-18,0.7385454068801774,0.759060554945589,0.7385454068801774,0.744857907295227,2229685,32.7156569885223,33.8335422143336,29.81421638576192,27.589640304620072,29.44679313272738,2.79,85.0,-0.88,2.39
RTX,1980-12-19,0.7448580077302848,0.7511702028950175,0.738545506464071,0.7401236891746521,3198339,31.868312763317714,33.87150771938706,29.817781601968008,27.590608201111706,29.45381804296494,2.82,86.0,-0.95,2.41
RTX,1980-12-22,0.741701771875742,0.7527483606319791,0.741701771875742,0.744857907295227,1690696,31.773804438237434,33.87312342142038,29.821332238201876,27.539572625852337,29.429519918290808,2.85,86.0,-1.02,2.4
RTX,1980-12-23,0.7448578679701319,0.7527483208903041,0.735389232635498,0.735389232635498,2222058,31.732633801191927,33.41195013758701,29.90278174146926,27.341536334302408,29.45510154685263,2.87,86.0,-1.08,2.38
RTX,1980-12-24,0.7353891429884968,0.7385452778566062,0.7306548258983129,0.7369673252105713,531362,31.135830357831473,32.7499691705693,29.901013586894976,27.3413129469874,29.42712782880094,2.9,85.0,-1.13,2.37
RTX,1980-12-26,0.7369674249206094,0.7480140132415907,0.733811366150839,0.7432796955108643,355936,26.686915962789147,32.58001523118894,29.851712946905057,27.350793179749,29.435507572623816,2.92,84.0,-1.18,2.38
RTX,1980-12-29,0.7448580755223609,0.7543267134953991,0.7448580755223609,0.7480142116546631,2115277,25.704043139349753,32.40047147770815,29.809917014473037,27.247556565210946,29.43932119975002,2.95,79.0,-1.24,2.42
RTX,1980-12-30,0.7495922141578426,0.7622169852256775,0.7495922141578426,0.7622169852256775,2089853,26.348192212272544,32.57294962390543,29.924311109454855,27.261717953289597,29.481505393906353,2.97,88.0,-1.28,2.32
RTX,1980-12-31,0.7622170115290808,0.7701073884963989,0.7590605699457802,0.7701073884963989,2339008,26.491125751153344,32.482245444372424,29.90498110970175,27.159688717515877,29.431808345018993,2.99,85.0,-1.32,2.33
RTX,1981-01-02,0.7701078223806024,0.7748421430587769,0.765373501702428,0.7748421430587769,1545779,25.990069347558155,32.477326233282746,29.900647038620825,27.101357702730983,29.426404233330523,3.0,82.0,-1.36,2.33
RTX,1981-01-05,0.7795760249540412,0.8016693646411649,0.7795760249540412,0.7953571677207947,5471245,23.186410187136598,32.810697229990474,30.125012369857984,27.24271104854225,28.33990493320222,3.01,90.0,-1.36,2.16
RTX,1981-01-06,0.8064036971603438,0.8300749907920558,0.8064036971603438,0.8206063508987427,7459402,23.978173979925153,33.31879668098361,29.709790553442904,27.384590772001932,28.078827458012313,3.03,72.0,-1.3,2.15
RTX,1981-01-07,0.7874656915664674,0.7874656915664674,0.7732631274439667,0.7874656915664673,9943326,25.561379616059554,34.41375250460208,30.540959992585755,27.712971140731536,28.375448525209844,3.05,92.0,-1.34,1.96
RTX,1981-01-08,0.7874660953839203,0.7874660953839203,0.7637948879566047,0.7701073884963989,4980562,26.48040075743471,34.448099035328525,30.62211210134489,27.64823755757274,28.389992143252723,3.07,92.0,-1.38,1.97
RTX,1981-01-09,0.7701072815155283,0.7748415988686765,0.7511700121029358,0.7574825882911682,6503459,26.84518226851098,34.58280772474047,30.699482107445114,27.714998757170235,28.44447445438399,3.09,93.0,-1.41,1.97
RTX,1981-01-12,0.757482396523752,0.7685289046417985,0.7417014957257855,0.7559041380882263,7479741,26.49588002983707,34.53718093811871,30.666909498983703,27.590550729794305,28.41131752901899,3.1,91.0,-1.44,1.98
RTX,1981-01-13,0.7417017551120606,0.7417017551120606,0.725920925320589,0.7338113784790039,2519518,27.656726520768093,35.15902218751348,31.061490881831677,27.723818176497637,28.56131224759222,3.12,100.0,-1.45,1.83
RTX,1981-01-14,0.7338113187644234,0.7385453300880199,0.7196083664894104,0.7196083664894104,1876291,27.97345499365581,34.84458696772115,31.17346866476643,27.82520828696809,28.56626776665021,3.14,100.0,-1.45,1.81
RTX,1981-01-15,0.721186585734971,0.7369674150499596,0.721186585734971,0.735389232635498,2743250,28.770998747965454,35.01246934795299,31.11470190521109,27.9104984311969,28.580845554260996,3.16,99.0,-1.46,1.85
RTX,1981-01-16,0.7353891429884968,0.7385452778566062,0.7243426326874407,0.7369673252105713,1858494,28.745038280376583,35.00828876417101,31.114516346311998,27.885697514490527,28.5656465561781,3.18,98.0,-1.46,1.85
RTX,1981-01-19,0.7369677622271186,0.7448582188643955,0.7322334423295173,0.7385457158088684,1863579,28.75943106853729,34.97187449801475,31.031132258016203,27.81270278926288,28.552903378241805,3.2,96.0,-1.46,1.91
RTX,1981-01-20,0.7385458047904856,0.744858308606557,0.7259213328361511,0.7259213328361511,3055965,28.955509633443498,35.15043814602219,31.172181047863944,27.802690736603708,28.559471142460136,3.21,99.0,-1.46,1.85
RTX,1981-01-21,0.7259213328361511,0.7322335305506178,0.7211870123681484,0.7259213328361511,1863579,28.19440076709729,35.15043814602219,30.989100082734144,27.75072201091201,28.52731664642186,3.22,94.0,-1.45,1.93
RTX,1981-01-22,0.7243427678625232,0.7243427678625232,0.6975150425369695,0.7038276195526123,4400894,29.5034851498024,35.79890991673194,31.26765093381089,28.018773526230255,28.31515637464329,3.23,100.0,-1.42,1.84
RTX,1981-01-23,0.7022493509804217,0.7022493509804217,0.6864685208583636,0.6959371566772461,1693238,28.716150751861775,35.776647053762225,31.325786076088313,28.045923474857094,28.339024441977053,3.24,100.0,-1.4,1.82
RTX,1981-01-26,0.6959371566772461,0.6990932920915138,0.6817342029489223,0.6959371566772461,1927139,28.37199500045722,35.68865493323265,31.325609788373242,28.013958326988554,28.33561641243581,3.25,99.0,-1.38,1.83
RTX,1981-01-27,0.6959371661218218,0.7038276195526123,0.6943589836052307,0.7038276195526123,1055096,27.788160343932418,35.69958017723027,31.258196645625507,27.979702052277556,28.32159432531583,3.26,97.0,-1.35,1.87
RTX,1981-01-28,0.7038272867592221,0.7038272867592221,0.6912025213241577,0.6912025213241577,1375438,28.22830887171343,35.81165514786997,31.399838824559428,28.068110723889845,28.372019962953576,3.26,100.0,-1.32,1.82
RTX,1981-01-29,0.6912028689454647,0.6975150635242283,0.684890674366701,0.6943590044975281,1942394,28.18589815731251,35.48686101102837,31.332453108486035,28.022221545274107,28.37436708209797,3.26,99.0,-1.29,1.84
RTX,1981-01-30,0.6975150108337402,0.7069836463507564,0.6975150108337402,0.6975150108337402,1205098,27.69127440892934,33.961302760194926,31.306963587552605,28.010194828494463,28.06022651021805,3.26,96.0,-1.26,1.84
RTX,1981-02-02,0.6975154003517152,0.6975154003517152,0.6801566846955914,0.681734561920166,1105944,27.767619226720647,30.30362902814972,31.521070609398706,28.16282916540333,28.05262570851192,3.26,100.0,-1.23,1.77
RTX,1981-02-03,0.6817341812147854,0.6975150108337402,0.6801563048713548,0.6975150108337402,2125446,28.732257703357995,30.26766468757744,31.713586092206825,28.27274391985604,27.810530391754668,3.25,100.0,-1.19,1.65
RTX,1981-02-04,0.7006711871820664,0.7117176948635745,0.7006711871820664,0.7101395130157471,4205130,29.2156277182498,30.450481419761623,31.82588948351246,28.22704502539889,27.755690019859998,3.24,100.0,-1.16,1.57
RTX,1981-02-05,0.7101397316394016,0.7196083664894104,0.7006714028908008,0.7196083664894104,2855115,29.322555400971673,30.348896951550298,31.83127037668974,28.227806400995014,27.77607756045989,3.22,100.0,-1.12,1.54
RTX,1981-02-06,0.7211864372328459,0.7306547645163984,0.7211864372328459,0.7227643132209778,1578830,29.34864767922263,30.02509374569457,31.722273309955384,28.224914830791626,27.758230110388954,3.2,98.0,-1.08,1.58
RTX,1981-02-09,0.7227645154058016,0.7259209569931034,0.7132962619989573,0.7180302739143372,719499,29.264515426982197,27.770428112002516,31.74221342389479,28.118304618026414,27.759427854762027,3.18,98.0,-1.05,1.57
RTX,1981-02-10,0.7180304635019669,0.7180304635019669,0.7117181908635728,0.7148743271827698,1347472,29.19086092054595,27.2697230588469,31.22458626109903,28.102229082790085,27.71986285913963,3.15,87.0,-1.0,1.81
RTX,1981-02-11,0.7148745440794759,0.7148745440794759,0.7022497653961182,0.7022497653961182,1034757,28.904137639220046,27.477386442734726,31.33817164197276,28.19665370401967,27.772966991509684,3.12,93.0,-0.95,1.78
RTX,1981-02-12,0.6975153628826778,0.6975153628826778,0.6754223280110199,0.6801566481590271,3167830,29.82932385136837,28.13449536797054,31.545230184796463,28.47070562155744,27.9042150765123,3.09,95.0,-0.93,1.77
RTX,1981-02-13,0.6830289360200676,0.6830289360200676,0.6670703746024514,0.671858012676239,1261030,29.755583471989393,27.884413785406558,31.46712495384175,28.473649646652067,27.92981804984775,3.06,93.0,-0.92,1.85
RTX,1981-02-17,0.6734534792487666,0.6814327965110929,0.6734534792487666,0.6766451597213745,2415280,28.524770270726872,26.38818086293837,31.429645147217244,28.415920523057242,27.92062805233659,3.03,92.0,-0.91,1.85
RTX,1981-02-18,0.6702621579170227,0.6702621579170227,0.6654745959492302,0.6702621579170227,2054259,26.33724907257206,25.929536039759526,31.458766325354176,28.326200890736754,27.905852864976676,2.99,92.0,-0.9,1.85
RTX,1981-02-19,0.6702621579170227,0.6766455222825822,0.6670705531214889,0.6702621579170227,1911885,24.277283561910686,25.33282067664535,31.456340515870878,28.326200890736754,27.832609913798166,2.95,91.0,-0.89,1.85
RTX,1981-02-20,0.6702617748165879,0.6830287284122576,0.6686658185565273,0.6798370480537415,1227979,24.369928314546843,25.544144077986896,31.191973941206953,28.254043277305886,27.78510145402381,2.91,80.0,-0.86,1.92
RTX,1981-02-23,0.6798371476637315,0.6798371476637315,0.6670702695846558,0.6670702695846558,1050011,24.486949165290373,25.69920546387102,30.976290848791738,28.342952036980428,27.805665827783187,2.88,72.0,-0.83,1.99
RTX,1981-02-24,0.6670704031906195,0.6686660504552566,0.6622827649116515,0.6622827649116516,826280,24.492800202852308,25.4843785377861,30.847463679187037,28.348779209984365,27.793742285192508,2.84,68.0,-0.81,2.1
RTX,1981-02-25,0.6622827649116515,0.6638787217252027,0.6495158068882988,0.6622827649116516,1227979,23.315490088455547,25.393203976680866,30.69591530362065,28.238499316059475,27.764461969762884,2.8,62.0,-0.8,2.22
RTX,1981-02-26,0.6670702604803629,0.6957957744598389,0.6670702604803629,0.6957957744598389,1494931,27.374274512353374,27.45011742926083,31.666585944994306,28.766874227495276,28.10263356636208,2.77,95.0,-0.75,1.92
RTX,1981-02-27,0.6989872089138478,0.7181374437553756,0.6989872089138478,0.7133501172065735,1700866,27.6225323979711,27.96272678740499,31.800520772947436,28.815373904632256,28.202110249408346,2.74,98.0,-0.71,1.85
RTX,1981-03-02,0.7149457931518555,0.7277127458833357,0.7149457931518555,0.7149457931518555,2745792,27.623446428482513,27.950277275246176,31.785334995437108,28.699190465055004,28.201861549909484,2.7,97.0,-0.67,1.86
RTX,1981-03-03,0.7117536298373106,0.7117536298373106,0.6926034092903137,0.6926034092903137,1052554,28.99943766146938,28.64553841647595,32.16689923044797,28.957301626482522,28.380977851356292,2.66,100.0,-0.65,1.76
RTX,1981-03-04,0.692604109363363,0.6941997563227723,0.6846247911453247,0.6846247911453247,2537315,28.789117583835942,28.631772247443493,32.20331578969784,28.985325051445994,28.14466521282139,2.62,100.0,-0.65,1.76
RTX,1981-03-05,0.6846246833904941,0.6862204074859619,0.6830287271334216,0.6862204074859619,13619637,28.810733960433865,28.28294813861789,32.1511463622858,28.97335619502945,28.064437142337052,2.58,98.0,-0.63,1.77
RTX,1981-03-06,0.6862204074859619,0.6926040003526472,0.6846246833904941,0.6862204074859619,3544106,27.465398737280434,28.26263498646008,31.968369846185524,28.97335619502945,27.9324036957018,2.53,97.0,-0.59,1.84
RTX,1981-03-09,0.6846249379622749,0.7021792251222555,0.6846249379622749,0.6989875435829163,6422102,27.83227473919167,28.047684014522268,32.05493935777739,29.043155886876292,27.918011844062274,2.49,97.0,-0.53,1.75
RTX,1981-03-10,0.6989875264257516,0.7037751646980897,0.695795922351983,0.6973915696144104,8272970,27.841198831631196,27.870208330481077,32.03349447188202,29.041978288814548,27.799635208648994,2.43,96.0,-0.47,1.76
RTX,1981-03-11,0.698987543217326,0.7149461056801357,0.698987543217326,0.7101584672927856,2519518,28.1507598667153,27.742742454571097,32.14626208780319,29.0957213134179,27.852001986925707,2.37,97.0,-0.39,1.68
RTX,1981-03-12,0.7117544134363044,0.7245212927812957,0.7117544134363044,0.7213296890258789,4266147,27.930709499753025,27.91532201372177,31.863176770215933,29.137759192469414,27.88985515876953,2.32,93.0,-0.29,1.74
RTX,1981-03-13,0.7213296277865389,0.7293088686593225,0.705370681717687,0.7085626721382141,4116146,28.46254518219022,28.12316655334581,31.97873617860004,29.228943251011664,27.946304753747516,2.27,94.0,-0.19,1.69
RTX,1981-03-16,0.7085624804284621,0.7181374430656433,0.6957956056215767,0.7181374430656433,2244939,28.68298364921533,28.02835557331252,32.036636361539905,29.238540546555814,27.943919534033107,2.21,95.0,-0.08,1.64
RTX,1981-03-17,0.7181374943013649,0.719733450500081,0.6910080188287612,0.6941996216773987,2628842,29.640984999670312,28.617035445499866,32.50760617787635,29.498415259066057,27.725963457091463,2.15,100.0,0.0,1.5
RTX,1981-03-18,0.6957959250877302,0.706966848938756,0.6957959250877302,0.70377516746521,4477166,29.15667065513884,28.756570902664762,32.53927663940245,29.38164190253383,27.73667193412141,2.07,100.0,0.09,1.46
RTX,1981-03-19,0.70377516746521,0.7117544872299183,0.7005835633788925,0.70377516746521,2961896,28.673138926131898,28.717900617223112,32.53927663940245,29.369749483015468,27.690582567896193,1.99,99.5,0.17,1.46
RTX,1981-03-20,0.7037748450114231,0.7213294333153388,0.702178888925038,0.7133501172065735,2356805,28.68423239004196,28.760371181107303,32.5822911929439,29.399060793291078,27.600117474975168,1.9,100.0,0.28,1.43
RTX,1981-03-23,0.7133499460500232,0.7261165856444463,0.7117539903465615,0.7245208621025085,3452579,29.022491445728292,28.943520939746282,32.581980221325395,29.333467636152182,27.635887077927755,1.8,99.0,0.33,1.41
RTX,1981-03-24,0.7245211523011306,0.727712832824921,0.7069666385650636,0.7069666385650635,2913590,29.83531667382185,29.304189363292554,32.79292598681058,29.45743395406433,27.567482507036406,1.69,100.0,0.25,1.33
RTX,1981-03-25,0.7069663553977003,0.7245208621025085,0.7053703223070639,0.7245208621025085,2201718,30.674306124564225,29.7282539368309,32.96832315774731,29.583508450180695,27.663107664155156,1.57,100.0,0.18,1.24
RTX,1981-03-26,0.724521065740863,0.7261167897313047,0.7117541903965792,0.7149457931518555,1225437,30.467961302472784,29.563907197653165,32.97434142058049,29.631284489406482,27.70268815611463,1.43,100.0,-0.2,1.24
RTX,1981-03-27,0.7149455661661184,0.7181372452952753,0.7085622852949763,0.7117539644241333,2033920,28.917132766916847,29.47622061431162,32.76648897839003,29.529188431214525,27.708700730907935,1.28,97.0,-0.45,1.36
RTX,1981-03-30,0.7117541903965792,0.7213294629855866,0.7117541903965792,0.7149457931518555,4492421,28.629104272228517,29.460319858245988,31.776679312140015,29.35731626220399,27.636491290994037,1.14,77.0,-0.44,1.57
RTX,1981-03-31,0.7149457630575186,0.7197333991504955,0.7133501165214391,0.7181374430656433,4433946,28.598980592891266,28.927033585748624,29.28850509526703,29.025632062040224,27.627351999786537,1.1,5.0,-0.43,0.23
RTX,1981-04-01,0.7197332271536474,0.7277125413479081,0.7197332271536474,0.7245208621025085,2468670,28.45362772548722,28.191962121566462,29.052050426025055,28.937891390356228,27.586434123152063,1.08,4.0,-0.41,0.31
RTX,1981-04-02,0.7245212483021133,0.729308885802982,0.7229252917479411,0.7277129292488098,2636469,28.44731775083083,27.0117525784231,29.035358076065176,28.903322646913804,27.58750785514581,1.06,3.0,-0.37,0.32
RTX,1981-04-03,0.7277130312675042,0.7340966262174666,0.7261170744895935,0.7261170744895935,2072056,28.270339940403165,26.65689413984409,28.902960602095167,28.831311873125177,27.579309337939634,1.04,2.0,-0.36,0.37
RTX,1981-04-06,0.7261165856444463,0.7277125413479081,0.7213292602442838,0.7245208621025085,1372896,27.589783547187746,26.46092995426776,28.694768504955377,28.42759595838928,27.54633691433766,1.03,1.0,-0.36,0.44
RTX,1981-04-07,0.7245208621025085,0.7309041432061328,0.7197332271536474,0.7245208621025085,3371222,27.442493166378156,26.459856249953585,27.300658878287038,28.42723940876916,27.355993897079877,1.09,1.0,-0.3,0.09
RTX,1981-04-08,0.7245213498733633,0.7277130312675042,0.7229253930954525,0.7261170744895935,1337302,27.429038820820388,25.767246836826235,27.010320068715544,28.418304437502563,27.355640355063233,1.15,1.0,-0.21,0.17
RTX,1981-04-09,0.7261170778754202,0.7261170778754202,0.7149460768629969,0.719733715057373,3711904,23.84519380883617,25.515567781772734,27.040657373334536,28.2946351649624,27.37451245539618,1.2,2.0,-0.11,0.15
RTX,1981-04-10,0.7181374732943282,0.7181374732943282,0.7101581568573517,0.7149457931518555,1596627,22.84332343552102,25.14521744933285,27.041854546275474,28.289491875302158,27.315614898593328,1.26,3.0,0.01,0.14
RTX,1981-04-13,0.7149461056801357,0.7181377872178056,0.706966863142346,0.7101584672927856,2158498,22.917019249677384,25.171453043472546,26.885979330563693,28.301212747104465,27.292895158224127,1.31,1.0,0.1,0.19
RTX,1981-04-14,0.7101581276466102,0.7197333998417607,0.7037748450114231,0.7133501172065735,2664435,20.903397095044618,25.187004397055208,25.87596501677399,28.2996883708346,27.218503168068448,1.4,1.0,0.18,0.08
RTX,1981-04-15,0.7149459733003758,0.7277129292488098,0.7149459733003758,0.7277129292488098,3930550,21.249690632264713,25.288624044153202,25.816161310698575,28.365804926610057,27.242345538121004,1.49,1.0,0.3,0.09
RTX,1981-04-16,0.7293086942089473,0.7356919770381954,0.7293086942089473,0.7325003743171692,2277990,21.290079920910582,25.323849775968927,25.435336989040525,28.368975735839687,27.246290500421583,1.58,1.0,0.36,0.19
RTX,1981-04-20,0.7325008169190134,0.7516510639139649,0.7277131777830331,0.7468634247779846,3305120,21.854064725451256,24.782055715434996,25.626305429796485,28.44066368352509,27.264334358924515,1.65,2.0,0.38,0.12
RTX,1981-04-21,0.7468633092223214,0.7516509476175519,0.7372883419807816,0.7404799461364746,1609339,21.57809419070485,24.73127513052034,25.625723129950117,28.463946607579494,27.17128839160808,1.73,2.0,0.44,0.12
RTX,1981-04-22,0.7404800797682917,0.7516510832653603,0.7356924405090528,0.7372884750366211,3358510,21.620559702146927,24.754818830768052,25.52468458997333,28.438455640015135,27.002802419586846,1.8,2.0,0.55,0.16
RTX,1981-04-23,0.7420760951909738,0.7516510639139649,0.7420760951909738,0.7468634247779846,2722910,21.329019420696234,24.78603420708148,25.576124768426645,28.43825964453937,27.003478634084395,1.86,3.0,0.65,0.13
RTX,1981-04-24,0.7468631134964906,0.7532467070711192,0.7468631134964906,0.7516507506370544,1998326,20.97022867361323,24.486754868978615,25.52625661912223,28.444513782269947,26.906450971799682,1.93,3.0,0.71,0.16
RTX,1981-04-27,0.7564386561656448,0.7723972201347351,0.7564386561656448,0.7723972201347351,2366974,21.443301404979756,25.046069828379817,25.874757963234806,28.578161640853732,26.93198331929858,1.98,8.0,0.67,0.08
RTX,1981-04-28,0.7723968162840834,0.7787804087859562,0.7628218531608582,0.7628218531608582,3836482,21.64902493359553,25.208074894264804,25.943921706370404,28.62116857098857,26.958153210624218,2.03,10.0,0.67,0.05
RTX,1981-04-29,0.7628219813522471,0.7644176282374714,0.7468631134964906,0.7516507506370544,3180542,19.492658914398973,24.925755186302077,26.049224634177182,28.68039938066706,26.99759084671437,2.07,11.0,0.73,0.0
RTX,1981-04-30,0.751650500553114,0.7644173739058253,0.7484588209085283,0.756438136100769,4761915,19.24545722321838,24.551010164492816,25.994058773274265,28.284578359029783,26.981776386439783,2.11,11.0,0.72,0.03
RTX,1981-05-01,0.7596299664055354,0.7596299664055354,0.7500550019844772,0.7548426389694214,4306826,19.27809086745154,24.315193608240367,25.726680987142693,28.283966110690585,26.933556233970744,2.16,7.0,0.64,0.12
RTX,1981-05-04,0.7420758455884331,0.7420758455884331,0.7309045365875445,0.7340965270996094,2438162,20.85903161172136,24.885297702589007,26.090600153995958,28.372258487284917,27.021781663277377,2.2,14.0,0.64,0.03
RTX,1981-05-05,0.7340965233038508,0.7340965233038508,0.7229252917479411,0.7277129292488098,1655102,20.568723367967582,24.939284617087157,25.789238312217456,28.345303671971543,27.00555514661211,2.24,8.0,0.63,0.1
RTX,1981-05-06,0.7340964065587248,0.7468630509279849,0.7340964065587248,0.7388837337493896,4662762,19.630889627408614,25.08954771422352,25.772751053248715,28.376504503870986,27.03600444432086,2.28,8.0,0.61,0.12
RTX,1981-05-07,0.7388840339896419,0.7452676296234131,0.7356923522536088,0.7452676296234131,1764426,18.516665348515907,25.1230377147713,25.57055616549609,28.380507387959742,27.03333314972652,2.32,4.0,0.55,0.18
RTX,1981-05-08,0.7452673267892324,0.7452673267892324,0.7356920533102737,0.7388837337493896,1896630,18.250618773261515,24.90304633610359,25.59918666796826,28.354040026926363,27.02996689946133,2.37,6.0,0.52,0.17
RTX,1981-05-11,0.7388838841336066,0.7436715218475085,0.7340965559685821,0.7356922030448914,2011038,18.246802193345694,23.974431720090468,25.589837766486063,28.21735426303477,26.997947796405548,2.41,6.0,0.5,0.17
RTX,1981-05-12,0.7356920533102737,0.7388837337493896,0.7340964065587248,0.7388837337493896,2565282,18.244511668491413,23.813548702699023,25.45035194089752,28.219678356418804,26.98774990713681,2.45,2.0,0.48,0.22
RTX,1981-05-13,0.7388841226279677,0.7404800797682917,0.7340967929177062,0.7372884750366211,4576320,18.239503622498994,23.797570185569324,25.306041052541417,28.166079597435516,26.953585243472883,2.49,1.0,0.51,0.28
RTX,1981-05-14,0.7372883419807816,0.7404799461364746,0.7340966604378584,0.7404799461364746,1604254,18.114265792470523,23.695202828769197,25.29549845630628,28.16898382581768,26.943876848017663,2.53,1.0,0.51,0.28
RTX,1981-05-15,0.746862894484295,0.7564381659575431,0.746862894484295,0.7532464861869812,4350046,18.702112757442723,23.90210203612424,25.421121561770228,28.126854887195957,26.98777997056706,2.57,3.0,0.47,0.24
RTX,1981-05-18,0.7609857126706263,0.7642101853357595,0.7513120601283221,0.7577612400054932,4067840,18.72504977763916,23.78147576418142,25.35309582055738,28.044692029443713,26.990832997787905,2.61,3.0,0.4,0.27
RTX,1981-05-19,0.7577612400054932,0.7642101853357595,0.7497000192515095,0.7577612400054932,2369517,18.698897843679408,23.388530859003886,25.351410912788904,28.04115157794767,26.90729369999221,2.64,3.0,0.33,0.27
RTX,1981-05-20,0.7577612400054932,0.7609857126706263,0.7561488863994742,0.7577612400054932,1789850,18.698897843679408,23.312300026479935,25.316886333687183,28.040978138351413,26.885859142711578,2.68,3.0,0.28,0.29
RTX,1981-05-21,0.7577617027706197,0.7658230066299438,0.7561493481799357,0.7658230066299438,2252566,18.883276553891413,23.369594308409404,25.35198415370369,27.995819405695638,26.896970264135422,2.71,5.0,0.22,0.27
RTX,1981-05-22,0.765822931742183,0.765822931742183,0.7529247999191284,0.7529247999191284,1492389,19.42155197965744,21.56316405453323,25.321220081974953,28.073352751755397,26.865347996502564,2.74,4.0,0.25,0.27
RTX,1981-05-26,0.752924413734341,0.7577612400054932,0.7432507611920369,0.7577612400054932,2033920,19.31261564230052,21.02476823873722,25.287937845521196,28.035357439459645,26.8495680059673,2.78,1.0,0.29,0.29
RTX,1981-05-27,0.7577612400054932,0.7625980662766453,0.7561488863994742,0.7577612400054932,2092395,19.148372735989454,21.024181732771687,25.267835408810342,28.017015127152867,26.8495680059673,2.81,1.0,0.33,0.3
RTX,1981-05-28,0.7577613171841109,0.7609857901776593,0.7513121366500854,0.7513121366500854,648312,19.38213193090754,19.99444940597714,24.944759119700517,28.02970136855697,26.86451199399904,2.84,1.0,0.32,0.38
RTX,1981-05-29,0.7513122258787234,0.7577614071786776,0.7464753985404968,0.7464753985404968,2755962,18.726209630993267,19.879960306372816,24.43328785640021,28.043070520339874,26.843263774845877,2.88,1.0,-0.54,0.48
RTX,1981-06-01,0.7464753985404968,0.7545366992552222,0.7464753985404968,0.7464753985404968,2005954,18.6487822892107,19.88125147750405,23.564437030088932,28.042714863324058,26.79390563330867,2.94,1.0,-0.66,0.46
RTX,1981-06-02,0.7464754053907882,0.7497001915261557,0.7142303586006165,0.7142303586006165,5272938,21.90202431272759,21.964723975781492,24.321835679595736,28.517753087980115,27.088496349106173,2.98,2.0,-0.64,0.67
RTX,1981-06-03,0.7142303363411069,0.717454731464386,0.7061690358036405,0.717454731464386,2194091,21.86207431429945,21.666953240041906,24.20345768955924,28.457789304955757,27.090406916199107,3.01,2.0,-0.6,0.74
RTX,1981-06-04,0.7174542285003972,0.7255155233865748,0.7142298356375458,0.7222910523414612,2232227,21.95263592243722,21.697223593245656,24.229509408261837,28.4632157039864,27.01039617869962,3.05,3.0,-0.56,0.72
RTX,1981-06-05,0.7222913027760708,0.7368017793303706,0.7222913027760708,0.7335770726203918,1680526,22.104974756405706,21.612664803294628,23.90226237258068,28.180236991709446,27.040628321806427,3.08,2.0,-0.56,0.82
RTX,1981-06-08,0.7335772011358592,0.735189554773317,0.7255159020423889,0.7255159020423889,1111029,22.203551735586373,21.50912521915288,23.763108674570983,28.194471932772352,27.059660804971685,3.12,2.0,-0.56,0.88
RTX,1981-06-09,0.7255159136250096,0.7335772128471758,0.7222914408455257,0.727128267288208,1210182,20.544336527155778,21.18442207035083,23.512060007127793,28.057207789179117,26.97689908406593,3.16,1.0,-0.55,1.0
RTX,1981-06-10,0.7271282989478788,0.7287407308635881,0.7126178189880352,0.715842604637146,1090690,20.704416520220075,21.260403576567427,23.637801515514447,28.03738122608757,26.999213004842957,3.19,3.0,-0.53,0.92
RTX,1981-06-11,0.7190667252544048,0.7335768853758475,0.7190667252544048,0.7319647669792175,2903421,21.506466516794795,20.545375848855716,23.905034093303126,28.11915096138425,27.01463723829175,3.22,6.0,-0.52,0.8
RTX,1981-06-12,0.7319651130670588,0.7319651130670588,0.7255159327908112,0.7303527593612671,1172046,21.399082400348725,20.379490399660085,23.749076287412983,28.116675634165,26.931333694475008,3.25,4.0,-0.53,0.89
RTX,1981-06-15,0.7303524140357791,0.7400260626027928,0.7303524140357791,0.7319647669792175,1904258,21.419132176118612,20.38164438262339,23.75151124980482,28.115279846150226,26.921144050130287,3.28,5.0,-0.53,0.89
RTX,1981-06-16,0.7319650937308905,0.7384139611075539,0.727128267288208,0.727128267288208,4212757,19.939626168727788,20.256514159850354,23.252599154913913,27.91243053640323,26.92233892655045,3.31,1.0,-0.51,1.04
RTX,1981-06-17,0.7271282864966029,0.7319651130670588,0.7239038918142453,0.7303527593612671,1479677,19.82137650034306,20.026612085061878,23.186704899838574,27.682973092119195,26.915272855302447,3.34,1.0,-0.47,1.09
RTX,1981-06-18,0.7303527718677585,0.7335772447876382,0.7142302509037445,0.715842604637146,1721205,20.120749910005152,19.811754162365887,23.41504608239821,27.700844429539366,26.999094102424888,3.36,3.0,-0.43,0.96
RTX,1981-06-19,0.7158425050297119,0.7239038034811662,0.7142301515206648,0.7190669775009155,1652560,19.984135832887613,19.17665140456428,23.35869719202245,27.61455387272273,27.000926225782912,3.38,3.0,-0.4,0.99
RTX,1981-06-22,0.719066772349244,0.7255156372694759,0.711005476197699,0.7126175165176392,882213,19.99758840146787,19.07051324793144,23.2214360577516,27.63301488203155,27.017078640442342,3.4,2.0,-0.34,1.07
RTX,1981-06-23,0.7126179042325159,0.717454731464386,0.7077814679122315,0.717454731464386,1177131,20.10526925461267,19.098333990361905,23.23437232777613,27.576615978266428,27.013918597743874,3.42,3.0,-0.28,1.06
RTX,1981-06-24,0.7174546456413164,0.7190670775570257,0.7126178189880352,0.715842604637146,1896630,20.048724678217962,19.082755893513642,23.228058089906174,27.567165421678542,27.01299364854572,3.44,3.0,-0.23,1.06
RTX,1981-06-25,0.7158426902673807,0.719067163572977,0.7158426902673807,0.717454731464386,1405947,20.068341366243576,19.06622062990429,22.93140364078779,27.54762588058634,27.012937170032362,3.46,1.0,-0.13,1.22
RTX,1981-06-26,0.7174546456413164,0.7190670775570257,0.7126178189880352,0.715842604637146,1034757,20.00985195175462,18.981285548930384,22.652619233964945,27.538122196088842,26.994909658475674,3.48,1.0,-0.08,1.36
RTX,1981-06-29,0.7158432236873811,0.7174552660856209,0.7077819953253014,0.7093940377235413,1123741,19.36527730946388,19.04211085548475,22.521245525239866,27.524515489462015,26.98405508429871,3.49,1.0,-0.08,1.42
RTX,1981-06-30,0.7093935312180031,0.7206795399597539,0.7093935312180031,0.7142303586006165,2738165,19.395999978146865,19.09546181481665,22.447752397891367,27.416340031793514,26.87509441328144,3.51,1.0,-0.09,1.47
RTX,1981-07-01,0.7142299412932166,0.7158422943276815,0.7061686452145356,0.7077810764312744,2916133,19.49377559422753,19.17678284777365,22.481350072256667,27.413952760431766,26.88392350149372,3.52,2.0,-0.12,1.44
RTX,1981-07-02,0.7077814035321756,0.712617839412536,0.7029445767402649,0.7029445767402649,2888166,19.52552713660003,19.22226445689377,22.4834509286227,27.412552078415242,26.891804321982164,3.53,3.0,-0.15,1.44
RTX,1981-07-06,0.6997197871886706,0.6997197871886706,0.6771480172197505,0.6819848418235779,1825443,20.701032075179494,20.156330945925433,22.97577010883234,27.647341024338605,26.98260399696292,3.54,7.0,-0.24,1.25
RTX,1981-07-07,0.6803723234783223,0.6803723234783223,0.669086636691383,0.6755355000495911,1403405,20.400284520896854,20.16787949050178,22.853553572226083,27.448287785758257,26.969414755987593,3.54,6.0,-0.3,1.33
RTX,1981-07-08,0.6755357714272889,0.678760556222011,0.6658624334128547,0.6739237308502197,2227142,20.18308538086606,20.135985307739197,22.288592911490994,27.434504349211842,26.97060659383425,3.55,1.0,-0.3,1.53
RTX,1981-07-09,0.6739238383771644,0.6739238383771644,0.6690870122336404,0.6723114848136902,2041547,20.15469933993997,20.102869527147256,22.206143084303356,27.43645883138018,26.97005253130446,3.56,1.0,-0.3,1.59
RTX,1981-07-10,0.6723117954984369,0.6723117954984369,0.6626381387410557,0.6642504930496216,1062723,20.249323258062805,20.198913068701252,22.258626214875417,27.468682807797467,26.919927289968303,3.56,2.0,-0.26,1.55
RTX,1981-07-13,0.6642502353772881,0.6658625890603985,0.657801367920984,0.6610257625579834,1975445,20.238500976931384,19.725087280257124,22.22162426356959,27.45966544762155,26.782452021556622,3.57,2.0,-0.21,1.58
RTX,1981-07-14,0.6594133061374731,0.6594133061374731,0.6497399673689821,0.6545764803886414,2743250,20.267377697075048,19.721024707592733,22.274507804352673,27.48597494759884,26.531827803540857,3.57,4.0,-0.1,1.54
RTX,1981-07-15,0.6545766139131621,0.6561889676739636,0.6497400999069214,0.6497400999069214,2392398,16.436623226855364,19.24454265162261,22.182272299989087,27.48750612252237,26.470685797784434,3.57,1.0,0.04,1.6
RTX,1981-07-16,0.6497402078991801,0.65457672270929,0.6449033803597817,0.6481278538703918,2616130,16.277686290151554,19.200318971824558,21.98573918912613,27.447025556378797,26.439696906267436,3.57,1.0,0.18,1.73
RTX,1981-07-17,0.6481276111310764,0.6481276111310764,0.6384539596752938,0.6416783928871155,1889003,16.095949578432922,19.26205407410301,22.012608908895,27.44594236405572,26.396246455791477,3.58,2.0,0.38,1.71
RTX,1981-07-20,0.6416787416663037,0.6449034893600816,0.6191073060035706,0.6191073060035706,4718694,17.515973650131116,20.183201308167188,22.72205261521924,27.750040658493543,26.315234993765667,3.57,14.0,1.11,1.52
RTX,1981-07-21,0.6191070070413794,0.6239438330626214,0.6158825736339978,0.622331440448761,4657677,17.71283953882992,20.16060488316392,21.28236896944515,27.71479478386348,26.319038995020623,3.57,1.0,1.29,0.82
RTX,1981-07-22,0.6223317872520296,0.6271686159686634,0.6158829168435414,0.6207194328308105,2654266,17.5942036458545,19.14224086223875,20.869895481223242,27.553079348005756,26.315227695343452,3.57,1.0,1.28,0.92
RTX,1981-07-23,0.6207190596994552,0.6255558464173924,0.6174945873423597,0.6239438056945801,3633090,17.562945084720564,19.136326127486246,20.888159644973953,26.87573658286234,26.214327386535157,3.56,2.0,1.14,0.91
RTX,1981-07-24,0.6239436006375663,0.6368416812827714,0.6223312086243377,0.6320048570632935,2499179,16.489493733097532,19.268970373422682,20.431238992109762,25.26788877728987,26.231791513256976,3.56,1.0,0.98,1.05
RTX,1981-07-27,0.6320052726703365,0.6449033617973328,0.6303928795967972,0.6449033617973328,1975445,18.01546179658924,19.755726188539573,20.630870115762242,25.227006881284858,26.305366974483018,3.54,2.0,0.84,1.01
RTX,1981-07-28,0.644903664122732,0.644903664122732,0.6320055689492176,0.6352300047874451,1543237,18.183257245532193,19.91936224344364,20.753333624077886,25.275852942777625,26.346370049784223,3.52,3.0,0.7,0.9
RTX,1981-07-29,0.635229529868524,0.6432908284386758,0.6287806630134583,0.6287806630134583,1606797,18.24521723547962,19.291771788946832,20.80682428222533,25.206115007352146,26.347396099524218,3.5,4.0,0.58,0.85
RTX,1981-07-30,0.633617283212209,0.6432909369468689,0.633617283212209,0.6432909369468689,1177131,19.771668226866602,19.93472610047676,20.92160190349979,25.21562249656228,26.439422846961474,3.47,7.0,0.4,0.83
RTX,1981-07-31,0.6465153722039158,0.6561889868666565,0.6465153722039158,0.6529645919799805,2394941,19.936623544599684,19.92340899702391,21.069014245118307,24.397476651695264,26.469394404017205,3.44,8.0,0.26,0.77
RTX,1981-08-03,0.6529645728815971,0.6545766139131621,0.6465153532941639,0.6497400999069214,1261030,19.81299572200244,19.806863063903677,20.862420032721886,24.215471586567816,26.474650074746208,3.4,5.0,0.1,0.84
RTX,1981-08-04,0.6497400971045224,0.65618896484375,0.6497400971045224,0.65618896484375,1235606,20.100649196050753,19.91689753921446,20.76666927680134,24.249201017772464,26.47006279462237,3.37,4.0,-0.05,0.88
RTX,1981-08-05,0.6578015990505063,0.68037299489878,0.6578015990505063,0.6771485209465027,2753419,22.270912986547557,21.053283759007925,21.21456940250485,24.54054041366053,26.622339575934394,3.32,11.0,-0.12,0.95
RTX,1981-08-06,0.6900464174002561,0.7045565843582153,0.6900464174002561,0.7045565843582153,3691565,25.32411555911038,22.648782381028322,22.044883887928115,24.90435443836747,26.909470324958484,3.26,15.0,-0.13,1.1
RTX,1981-08-07,0.6964956826140831,0.6964956826140831,0.6642506228810209,0.6658629775047302,4339877,30.04525388372899,25.362592109169483,23.185898599640666,25.179242919135014,27.48077234874586,3.18,31.0,-0.21,2.28
RTX,1981-08-10,0.6658628473581875,0.6690873214283122,0.6578016230917079,0.6642504930496216,1594085,30.045176227849858,25.331888755598698,23.0770475508548,25.025412369577154,27.48065153971978,3.09,31.0,-0.3,2.34
RTX,1981-08-11,0.6658624334128547,0.6739237308502197,0.6658624334128547,0.6739237308502197,1970360,30.370147630153067,25.253496068986927,23.200062839992334,24.865018953445052,27.515235744841938,3.0,34.0,-0.36,2.26
RTX,1981-08-12,0.6739242815291713,0.6787611108532464,0.6658629775047302,0.6658629775047302,1034757,30.40222206316227,25.28466465916763,23.163559004376904,24.90164710928637,27.258069646009087,2.89,32.0,-0.45,2.25
RTX,1981-08-13,0.6690869054784284,0.6771481247335065,0.6690869054784284,0.6739237308502197,1083062,30.610624257930237,25.44819217953024,23.10767042659502,24.92413719796969,27.278233192299655,2.78,32.0,-0.52,2.29
RTX,1981-08-14,0.6739242497673611,0.6803731206818088,0.6706997752189636,0.6706997752189636,1845782,30.585880995073385,25.451439652365888,22.800547992350282,24.863704179615326,27.18611344798229,2.66,28.0,-0.58,2.53
RTX,1981-08-17,0.6706998281757471,0.6706998281757471,0.6578017725990644,0.6594138145446777,1210182,29.732188214248296,25.494408947498236,22.59052769821191,24.914472793515397,27.200290980736575,2.53,26.0,-0.67,2.59
RTX,1981-08-18,0.6594134406486393,0.6610257944094409,0.6481277461461199,0.6497400999069214,2992405,29.900294982306256,25.444789916874726,22.61227694400983,24.932191770166995,27.230585741263667,2.38,27.0,-0.76,2.57
RTX,1981-08-19,0.6497401891975112,0.6497401891975112,0.6449033617973328,0.6449033617973328,2013581,29.95266113904387,25.397286473060742,22.629148459686064,24.93643055053015,27.236269623890273,2.22,28.0,-0.85,2.55
RTX,1981-08-20,0.6449034081644079,0.6481278818140394,0.6432910540661041,0.6465154886245728,1398320,29.973039891777663,25.413720782405676,22.619175740952077,24.932493218301175,27.19538195655643,2.09,28.0,-0.93,2.55
RTX,1981-08-21,0.6465153532941639,0.6497400999069214,0.6449032731714442,0.6497400999069214,1881376,29.848137290096073,25.43070468494278,22.622528357927372,24.942042883628503,27.085705292569667,2.03,29.0,-1.01,2.55
RTX,1981-08-24,0.6494135620959479,0.6494135620959479,0.6379917860031128,0.6379917860031128,3071219,30.258143336891575,25.624665392985168,22.730880513955036,24.9890737718157,27.147007612416406,1.96,33.0,-1.07,2.42
RTX,1981-08-25,0.6347288267980693,0.6347288267980693,0.6233070840914114,0.6282019019126892,2702571,30.442176570920438,25.75285460080418,22.823269341498936,24.907608493009377,27.144998724049067,1.9,35.0,-1.13,2.32
RTX,1981-08-26,0.628201372640778,0.6314649905833883,0.6233065589434763,0.6298331618309021,1116114,30.40766404770598,24.29281394154077,22.83205590916208,24.902176485665745,27.146297219027556,1.83,36.0,-1.18,2.32
RTX,1981-08-27,0.6233071466072144,0.6233071466072144,0.6053584376525805,0.6102535724639893,2333923,31.671063943195676,24.989685066177795,23.328489705753885,24.987284591416344,27.25765394953666,1.76,50.0,-1.18,2.02
RTX,1981-08-28,0.6102528831584525,0.624937914943741,0.608621054710668,0.611884355545044,1909342,31.605991303995346,24.93824345991306,23.33733276733877,24.928997719687914,27.201942758943183,1.73,51.0,-1.2,2.01
RTX,1981-08-31,0.6118846722906381,0.6233067652154554,0.5906726717948914,0.5906726717948914,2026293,31.556704114813677,25.51439939302816,23.929293089843874,25.1103358787229,27.424528849637525,1.7,62.0,-1.12,1.73
RTX,1981-09-01,0.5906726717948914,0.5971996329035552,0.584146066747605,0.5906726717948914,4166994,31.495844572434486,25.477271206419015,23.906790218955305,25.10754499952724,27.42318934287279,1.66,62.0,-1.08,1.76
RTX,1981-09-02,0.5906727543673532,0.5906727543673532,0.5825143188870568,0.5857779383659363,4347504,31.553022759788018,25.46906670352222,23.916454860728237,25.105526320276116,27.3773577715898,1.63,63.0,-1.04,1.75
RTX,1981-09-03,0.5857778213445609,0.5923044655627742,0.571092426776886,0.571092426776886,2305957,32.191759846884096,25.742736247928484,24.192435578019836,25.17109450146438,27.486939046118565,1.59,65.0,-0.94,1.57
RTX,1981-09-04,0.5710924344518541,0.5710924344518541,0.551512264159837,0.5678291320800781,2308499,31.848471189682233,25.16623343584753,24.175154843973072,25.07996204686754,27.46571807900603,1.58,65.0,-0.87,1.57
RTX,1981-09-08,0.5645658783364267,0.5645658783364267,0.5547756143164665,0.5596707463264465,1416117,31.1779270305819,25.2494624745893,23.986591400434577,25.12034705859007,27.492612017941493,1.56,65.0,-0.79,1.63
RTX,1981-09-09,0.5596708391989873,0.5661974851501171,0.5547757063767021,0.5580390095710754,1299166,31.024798428034668,25.213709550176894,23.94137609487857,25.10311461593766,27.482164496398383,1.55,65.0,-0.74,1.65
RTX,1981-09-10,0.5596706905984873,0.5759875582994443,0.5596706905984873,0.571092426776886,1830528,31.96471971091077,25.837010333651232,24.035588256078864,25.237080923457828,27.581612694351122,1.54,67.0,-0.77,1.62
RTX,1981-09-11,0.5710924457531408,0.5759875774383545,0.562934011631574,0.5759875774383545,2189006,31.213652034800194,25.908064474151153,24.08219627475767,25.261051242181054,27.59453142550497,1.52,68.0,-0.81,1.61
RTX,1981-09-14,0.5743559509740522,0.5743559509740522,0.5629341716078827,0.5661975145339966,963570,30.934794784743296,25.83723498535494,24.19248087016321,25.302031180012957,27.628841040460717,1.51,71.0,-0.84,1.52
RTX,1981-09-15,0.5661974366710363,0.5743558719891513,0.5613023042678833,0.5613023042678833,4011907,30.95578052020865,25.79529179900375,24.081886572716183,25.29879652425468,27.601464243545156,1.5,68.0,-0.86,1.57
RTX,1981-09-16,0.5613022591845558,0.5613022591845558,0.5564071271745756,0.5596707463264465,1873749,30.646505887177323,25.776270856125212,24.03621016955011,25.18243672770436,27.601773046927576,1.49,68.0,-0.87,1.59
RTX,1981-09-17,0.5596705864736369,0.5629338881944307,0.5351949334144592,0.5351949334144592,1802562,30.66058936290415,26.986584027949334,24.44689186229313,25.64992599538537,27.69212899183043,1.47,78.0,-0.81,1.58
RTX,1981-09-18,0.5351948687467557,0.5417218274609793,0.5351948687467557,0.538458526134491,1329675,27.52121882984349,27.075158178592183,24.45420116762601,25.649703356080234,27.680477659555656,1.45,79.0,-0.8,1.6
RTX,1981-09-21,0.5384587345485007,0.5547756035577414,0.5319317733079736,0.5515123009681702,2232227,25.230421725152674,27.673432102515193,24.77005063080574,25.61731740114815,27.67917924873932,1.43,80.0,-0.83,1.52
RTX,1981-09-22,0.5515123559606173,0.5661974366710363,0.5515123559606173,0.5613023042678833,1263573,26.146859774255287,28.035300388227974,24.94294628116758,25.4176834099403,27.670438264762293,1.42,81.0,-0.88,1.44
RTX,1981-09-23,0.5613023042678833,0.5645659236818853,0.5498805264724264,0.5613023042678833,1456795,25.510492871014584,28.02776294744726,24.947077319054426,24.989003096443735,27.6482574848637,1.41,83.0,-0.92,1.44
RTX,1981-09-24,0.5613025864940939,0.5694610259143198,0.5564074516296387,0.5564074516296387,1677984,25.461872041225064,27.955380534791942,24.644043295520685,24.88449322891022,27.654821221291463,1.39,80.0,-0.97,1.62
RTX,1981-09-25,0.5515124180754325,0.5515124180754325,0.5237734500205675,0.5400903224945068,2664435,25.771387227686503,28.428274351509803,24.99716345751028,25.043504994851045,27.806645738480583,1.37,85.0,-0.99,1.42
RTX,1981-09-28,0.5400900966093848,0.5482485294342041,0.522141758031569,0.5482485294342041,4098349,26.569550570717194,28.70244752599017,24.992710668332656,25.12291952965574,27.70972779454071,1.36,85.0,-1.02,1.42
RTX,1981-09-29,0.551512264159837,0.5776190787577796,0.551512264159837,0.5678291320800781,2102565,28.997808510609335,29.281026449556403,25.650399547121527,25.279160750555913,27.786446390748175,1.36,100.0,-1.06,1.32
RTX,1981-09-30,0.5678292722356243,0.5792510509490967,0.5645659690583772,0.5792510509490967,1215267,29.714070534816177,29.62294962876591,25.882347224818407,25.312109111692248,27.787274744278022,1.37,100.0,-1.09,1.24
RTX,1981-10-01,0.5792509349314515,0.5906726717948914,0.5678291585056364,0.5906726717948914,2056802,30.447571813178893,29.966912565693764,26.113885130383863,25.28579865177046,27.788048990073676,1.38,100.0,-1.11,1.15
RTX,1981-10-02,0.5906730805087835,0.5988315204937803,0.5906730805087835,0.5939367413520813,2171210,30.506710394398013,30.00845871449671,26.122075349010448,25.295236679773097,27.789477819220533,1.39,100.0,-1.13,1.14
RTX,1981-10-05,0.5971994655652474,0.6069893703929962,0.5971994655652474,0.5988309383392334,1594085,30.59277939235805,30.00756280302084,26.174098116064755,25.316685708225954,27.75058341958216,1.41,100.0,-1.13,1.12
RTX,1981-10-06,0.5988309925864851,0.6004628215695738,0.5841459559839265,0.587409257888794,1060181,30.638714409793966,30.21606158869415,26.294682757668614,25.33582674104472,27.80423068916007,1.42,100.0,-1.14,1.03
RTX,1981-10-07,0.587409204676221,0.5988309383392334,0.587409204676221,0.5988309383392334,1141538,31.037081376160238,30.4799701499047,26.337543618991138,25.45061553001981,27.857305676843115,1.44,100.0,-1.14,1.02
RTX,1981-10-08,0.5988313220508756,0.6069897593322997,0.5971998482314942,0.6004631519317627,1611882,31.0386122608049,30.46649927306514,26.316593209891927,25.205416170396482,27.84927175410702,1.45,99.0,-1.14,1.03
RTX,1981-10-09,0.6004625337655485,0.6037258341063034,0.5906722766821444,0.5955674052238464,2285618,29.789967022580782,30.498247807348644,26.330255055253595,25.190138958940008,27.837853945425895,1.47,99.0,-1.14,1.01
RTX,1981-10-12,0.5955678036110449,0.598831106134688,0.584146066747605,0.5906726717948914,833907,29.847187757928673,30.479312637141447,26.343626788449697,25.20506926473145,27.771498856772446,1.49,100.0,-1.15,1.0
RTX,1981-10-13,0.5906727478940603,0.6020948422904401,0.5841461420059204,0.5841461420059204,2758504,28.22523300914277,29.69801075133272,26.294626072697717,25.19187610453083,27.77709235603698,1.5,95.0,-1.17,1.0
RTX,1981-10-14,0.5841460317122957,0.5857778213445609,0.571092426776886,0.571092426776886,1784765,28.950188761618506,29.996418505823307,26.387167771305727,25.240365602566083,27.857259516408373,1.52,100.0,-1.18,0.96
RTX,1981-10-15,0.5710928384579503,0.5743561827006753,0.5613026079177682,0.5694610476493835,2448331,28.875380526165724,29.99691012951195,26.34619342564558,25.232384868485298,27.85312585566963,1.54,99.0,-1.2,0.98
RTX,1981-10-16,0.5694606447976591,0.5710924344518541,0.5629340004917336,0.5678291320800781,2316126,27.941064629657188,29.966410490421126,26.342210927601624,25.224307615526794,27.704331057757543,1.55,97.0,-1.22,0.98
RTX,1981-10-19,0.5678284885184365,0.5759869132320165,0.5678284885184365,0.5743551254272461,1009333,28.08760756863758,29.938846906821404,26.42364696563304,25.13451444847788,27.720569768163806,1.57,100.0,-1.24,0.95
RTX,1981-10-20,0.5776187192579854,0.5971992334247935,0.5776187192579854,0.5955674052238464,2046632,29.56672650698568,30.611796130092905,27.12939522661501,25.36203990018402,27.96134852224074,1.61,100.0,-1.24,0.85
RTX,1981-10-21,0.595567656673738,0.6151481791074831,0.5939361838451189,0.6037260890007019,2766131,29.71185935593683,30.625155039732128,27.243964325453323,25.321948618921002,27.991204122728774,1.65,100.0,-1.24,0.8
RTX,1981-10-22,0.6037260890007019,0.6037260890007019,0.5923043549552104,0.6037260890007019,1055096,29.07453642431958,30.563331182850057,26.398406955302118,25.266202772859035,27.981301393045776,1.68,97.0,-1.21,0.92
RTX,1981-10-23,0.5988311933621674,0.5988311933621674,0.5890412843652114,0.5923045873641968,2842403,29.62063535203286,30.393903994493414,26.52326348495972,25.348750920369028,28.045717018183304,1.7,98.0,-1.18,0.85
RTX,1981-10-26,0.5923045873641968,0.5971997198933894,0.5825143223058116,0.5923045873641968,1006790,29.124196367427242,30.20530909012275,26.489006819186038,25.34072741114601,28.034999015452062,1.72,97.0,-1.16,0.86
RTX,1981-10-27,0.5923041324192312,0.6037258621734378,0.5923041324192312,0.5971992611885071,900010,29.0225247851848,30.264051237764132,26.391745939036284,25.361403022591354,28.019885904353753,1.75,94.0,-1.13,0.9
RTX,1981-10-28,0.6004629401724382,0.608621374576708,0.6004629401724382,0.6020947694778442,1746629,29.03497601525105,30.2388114628601,26.401342091735376,25.305095986260646,28.01375160505589,1.77,95.0,-1.09,0.91
RTX,1981-10-29,0.6020943899577831,0.6053576904502483,0.5971992611885071,0.5971992611885071,1812731,25.606931181795485,29.479486735306544,26.411906776278542,25.04853976654188,28.006455718882282,1.79,95.0,-1.06,0.9
RTX,1981-10-30,0.5971997198933894,0.5971997198933894,0.5874094548350042,0.5923045873641968,2331381,25.824070488675265,28.18663417192711,26.340335264122754,25.02683123147988,27.98954080343409,1.81,87.0,-1.02,0.94
RTX,1981-11-02,0.6037263630807549,0.613516628742218,0.6037263630807549,0.613516628742218,4294114,26.796280010473588,26.977065680292277,26.7189905232385,25.36837681682829,28.09614471881349,1.83,98.0,-0.98,0.92
RTX,1981-11-03,0.6135165506840249,0.6167798534688362,0.6069895890529962,0.6086214184761047,4998358,26.657445695198966,27.0107128668544,26.737312949778204,25.361695904980685,27.629732877585788,1.86,98.0,-0.94,0.91
RTX,1981-11-04,0.6086214584205526,0.6102532879507598,0.5923045873641968,0.5923045873641968,2097480,28.02491019653311,27.308891417949592,27.029827312725168,25.556693320229478,26.625240043552488,1.88,98.0,-0.92,0.78
RTX,1981-11-05,0.5923043887767501,0.5988309925864851,0.587409257888794,0.587409257888794,1939851,28.010188862675367,27.261866133314218,27.03822106053309,25.510927367195258,26.528835095839572,1.91,98.0,-0.9,0.78
RTX,1981-11-06,0.5874093535586488,0.590672655995002,0.5759875774383545,0.5759875774383545,1581373,27.159016262425045,27.333618457618197,27.15916500730236,25.517841350127785,26.589678077062374,1.94,99.0,-0.9,0.72
RTX,1981-11-09,0.575987705110526,0.5792510478325988,0.5645659660208883,0.5727244019508362,2570366,26.969506309238938,27.33723753590851,27.016248394777264,25.513114940018898,26.52766434471691,1.96,95.0,-0.87,0.79
RTX,1981-11-10,0.57272421098832,0.5808826441980147,0.561302159208055,0.5645657777786255,3010202,25.37053562000187,27.28371626132482,27.06240162825615,25.563156304862016,26.462289372012787,1.98,97.0,-0.85,0.76
RTX,1981-11-11,0.564566229097303,0.5710928384579503,0.564566229097303,0.5694610476493835,1695781,24.797790800147297,27.258798705854808,27.097935661103058,24.881161775854547,25.8731711135873,2.01,97.0,-0.82,0.74
RTX,1981-11-12,0.5694610476493835,0.5743561827006753,0.5678295337776267,0.5694610476493835,2733080,24.05758185422231,27.240057273279096,27.061951026821035,24.688109807678458,25.74528367390262,2.03,95.0,-0.8,0.76
RTX,1981-11-13,0.5694607883444903,0.5694607883444903,0.5580390095710754,0.5580390095710754,1909342,24.584907926906173,27.475246388356883,27.21156446436126,24.78668325992414,25.81545461343972,2.05,99.0,-0.8,0.69
RTX,1981-11-16,0.5577078902394526,0.5577078902394526,0.549433322347205,0.5527430772781372,4947510,24.47748287540192,27.46862297585934,27.223619784498016,24.54162087355843,25.82106075918161,2.07,99.0,-0.82,0.68
RTX,1981-11-17,0.5527430772781372,0.5560528322090693,0.5510883803775882,0.5527430772781372,4278859,23.974603507448908,27.281264191947457,27.22671606140278,24.511211300963968,25.747534017342627,2.09,99.0,-0.85,0.68
RTX,1981-11-18,0.5527436061000749,0.55439866571389,0.5411592721939087,0.5411592721939087,3485630,23.7181326689907,27.423034944393525,27.367750354387134,24.62129786366509,25.41784296498642,2.1,100.0,-0.86,0.62
RTX,1981-11-19,0.5411586640669005,0.5461234761989587,0.5328840975567282,0.5428133606910706,1573746,23.72569501417809,27.426823279331337,27.341112750431407,24.626247781335636,25.30702688832742,2.12,99.0,-0.94,0.63
RTX,1981-11-20,0.5444689508090678,0.5527435254098504,0.5444689508090678,0.5494337677955627,1772053,24.094308327463867,26.903570717492638,27.423158051987155,24.566287301512073,25.190800597931094,2.13,100.0,-1.0,0.59
RTX,1981-11-23,0.5494332305770728,0.552742984955187,0.5378489096887863,0.5428133606910706,1619509,24.197869293118217,26.97050585022634,27.457014832479665,24.599183579291932,25.21396311769645,2.15,100.0,-1.05,0.58
RTX,1981-11-24,0.5428134238114694,0.5577078619396256,0.5395036690484843,0.5560528039932251,2987320,25.276750069448784,26.58308783910567,27.418017067597912,24.6757498341254,25.32327553936425,2.16,98.0,-1.03,0.59
RTX,1981-11-25,0.5577080681962715,0.5626728827417896,0.5577080681962715,0.5593631267547607,3274611,24.56381421678129,26.620493751318737,27.420613801001466,24.608566074484095,25.284463268422403,2.18,98.0,-1.0,0.59
RTX,1981-11-27,0.5610180979138399,0.565982914881779,0.5610180979138399,0.5643278956413269,2158498,24.707592394717057,26.64862527632483,27.473237426067378,24.560077432133472,25.2870082117842,2.19,100.0,-0.96,0.57
RTX,1981-11-30,0.5643278118690246,0.5742574443308869,0.5626730737531987,0.5709476470947266,2565282,24.93427965187078,26.25671696510656,27.555661618359288,24.546136326160422,25.295506021828746,2.2,100.0,-0.9,0.53
RTX,1981-12-01,0.5709476062562703,0.5792221790059386,0.5709476062562703,0.5775671601295471,1937309,24.938209893118497,26.334050242298368,27.582858248704966,24.28315834228185,25.322158215369267,2.2,100.0,-0.84,0.53
RTX,1981-12-02,0.5775672014414835,0.5775672014414835,0.5676378899841298,0.5709476470947266,3302578,22.67368132522004,26.2704160729741,27.624411048021745,24.251283513512853,25.338114559754032,2.21,100.0,-0.76,0.51
RTX,1981-12-03,0.5709473249610189,0.5726023831475543,0.565982511531281,0.5692923069000244,2115277,22.224188630682985,26.270330138785567,27.59308564753331,24.251758278046978,25.338449592999424,2.22,99.0,-0.69,0.52
RTX,1981-12-04,0.5692926280999557,0.5775672014414835,0.5643278118690246,0.5709476470947266,1304251,22.262311219994604,25.84451065622295,27.58440323970032,24.193694467906603,25.316205480138226,2.22,98.0,-0.61,0.53
RTX,1981-12-07,0.5759124468653763,0.587496817111969,0.5759124468653763,0.587496817111969,1530525,23.317167523310108,26.446552269444663,27.987901030516987,24.369459243232463,25.391111045885168,2.22,100.0,-0.53,0.43
RTX,1981-12-08,0.5874965430847087,0.5908062985569322,0.5858414847836503,0.5891515612602234,1418659,23.334258503024905,26.198472980295833,27.95669926598878,24.21468282337162,25.38769024599784,2.23,99.0,-0.44,0.45
RTX,1981-12-09,0.5891518530564858,0.5941166692887514,0.58418703682422,0.5858417749404907,1034757,23.24596168769402,26.15943313475339,27.401201381344308,24.029093494168503,25.26459990736513,2.23,88.0,-0.41,0.58
RTX,1981-12-10,0.5858413628286482,0.5874964207851721,0.5742570405224355,0.5759120583534241,940688,23.565211488428744,26.4037239592231,27.510444332184946,24.060186725687803,25.273794719058458,2.21,93.0,-0.36,0.52
RTX,1981-12-11,0.5759125488176572,0.5808773657855962,0.5626731572798614,0.5643278956413269,2600875,24.121499574980444,25.05922533099991,27.683633247951406,24.163355572119503,25.242968151058566,2.19,98.0,-0.33,0.44
RTX,1981-12-14,0.5643278977504903,0.5643278977504903,0.5494337677955627,0.5494337677955627,2293245,25.12094192460621,25.664234993219164,27.966107359717018,24.340252371663055,25.372161172150577,2.16,99.0,-0.3,0.34
RTX,1981-12-15,0.5494337657420658,0.5742575295772051,0.5494337657420658,0.5643278956413269,1825443,24.11979288692395,25.78016056213499,28.230667146169537,24.558495163824055,25.51270665773512,2.13,100.0,-0.22,0.28
RTX,1981-12-16,0.5643277104977202,0.5659827291951968,0.5593632161630795,0.5626729726791382,1390693,24.069052726453805,25.536891746348328,28.02373223016336,24.529234268441424,25.446759460162838,2.1,99.0,-0.11,0.35
RTX,1981-12-17,0.5626728827417896,0.5626728827417896,0.5527432536507535,0.5593631267547607,3010202,22.94633695209787,25.565899418722648,27.946728033800987,24.525208111865446,25.386014009513275,2.06,95.0,-0.02,0.39
RTX,1981-12-18,0.5593633060093064,0.5792222094254482,0.5577082469204341,0.5742574334144592,1693238,24.260205089654907,26.060185806879694,28.248377955283537,24.74365832644009,25.52797641108689,2.03,100.0,0.07,0.31
RTX,1981-12-21,0.5742572480023705,0.5808770809648673,0.5709474518977716,0.5726025104522705,1426286,23.60428015073783,25.296777214761214,27.992476065793525,24.744141007490043,25.517882870735065,1.99,97.0,0.21,0.39
RTX,1981-12-22,0.5726026033573212,0.5726026033573212,0.5577081573400466,0.5626729726791382,3330544,24.086116294692207,25.40372589112118,27.991224220246668,24.817589665376804,25.543923283782494,1.96,96.0,0.39,0.39
RTX,1981-12-23,0.5626727475994269,0.565982502791521,0.5527431208932818,0.5543981790542603,2506806,24.109700043233644,24.539756098579396,28.06599044577644,24.864414998015217,25.578826953376087,1.91,98.0,0.56,0.35
RTX,1981-12-24,0.5543981353085203,0.5560528322090693,0.5510883803775882,0.5527430772781372,561870,23.957511502057645,24.176161397923472,28.006479557209886,24.84977182768744,25.56108898727109,1.86,96.0,0.77,0.38
RTX,1981-12-28,0.5527435254098504,0.5543985847820577,0.5494337677955627,0.5494337677955627,1589000,23.999060012333352,23.823847376864283,27.504350289332002,24.84792262597128,25.554429935694873,1.81,82.0,0.95,0.49
RTX,1981-12-29,0.5494337677955627,0.5527435254098504,0.5477787084233554,0.5494337677955627,1820358,23.30868003726094,23.784220209912764,26.679439958351065,24.840631658834226,25.475486030673483,1.77,59.0,0.59,0.54
RTX,1981-12-30,0.5494337677955627,0.5543985847820577,0.5477787084233554,0.5494337677955627,1360184,23.15142340222349,23.7034743813247,25.23723494162616,24.83127730000879,25.449217735657736,1.75,36.0,0.76,0.03
RTX,1981-12-31,0.549433322347205,0.5543981353085203,0.549433322347205,0.5527430772781372,950858,23.22124916024278,23.456283585257232,25.26841925819588,24.716828551000727,25.44885452837003,1.73,36.0,0.95,0.02
RTX,1982-01-04,0.5560530985170138,0.5659827291951968,0.5543984008239881,0.5626729726791382,2125446,22.87778361488835,23.404508950432398,25.328888408706007,24.804303534286113,25.372115634167123,1.71,36.0,1.04,-0.0
RTX,1982-01-05,0.5560530985170138,0.5659827291951968,0.5543984008239881,0.5626729726791382,622888,22.87456870962175,23.392476392017457,25.27716941618256,24.6802392491178,25.16023761374266,1.69,35.0,1.2,0.02
RTX,1982-01-06,0.5610177070711756,0.5676375787932885,0.5543981964789368,0.5659825205802917,1014418,22.685977037319997,23.38747890631124,25.210843641550696,24.681669284269212,24.85253892102898,1.67,32.0,1.1,0.05
RTX,1982-01-07,0.5593632161630795,0.5626729726791382,0.5560530985170138,0.5626729726791382,2420365,22.442875859735373,23.360296752890285,25.21470732676509,24.684837502279304,24.767464982792763,1.64,32.0,0.87,0.04
RTX,1982-01-08,0.5676375697178164,0.5709473249610189,0.5626727562880784,0.5692923069000244,1001706,21.61582732109801,23.398280424035793,25.18504107682184,24.67532792148365,24.753415216446964,1.6,30.0,0.77,0.05
RTX,1982-01-11,0.5626728375326253,0.5742572032469803,0.5510885119438171,0.5510885119438171,1324590,23.59914115939206,23.88182390914086,25.577432744529677,24.927818364429978,24.951203857660552,1.57,36.0,0.76,0.0
RTX,1982-01-12,0.5461235645374299,0.5510883774725738,0.5395036935806274,0.5395036935806274,4370386,24.168975493191148,24.25072205758329,25.75015890699794,24.794701387894204,24.869052956359326,1.53,37.0,0.74,-0.06
RTX,1982-01-13,0.5345389219983073,0.5444685486367674,0.5246096564897075,0.5279194116592407,2600875,24.52226267475072,24.620471720115372,25.93370512363245,24.87357184410433,24.885973237314975,1.49,38.0,0.56,-0.11
RTX,1982-01-14,0.5246094941659848,0.5279192483114199,0.5196446823829578,0.5262641906738281,2400026,24.153071531456312,24.481600739259786,25.909919946240013,24.82795688071973,24.780004840954252,1.45,37.0,0.05,-0.1
RTX,1982-01-15,0.5246096573010645,0.5295744706279731,0.5196448439741559,0.5212995409965515,1889003,24.098199183002087,23.234103590666074,25.80807928802919,24.823832149234118,24.79091105131485,1.41,35.0,-0.17,-0.06
RTX,1982-01-18,0.5163350770426128,0.5212995696379614,0.5113702634429258,0.5179898142814636,3661056,24.11751438055391,23.012548867395736,25.727744884724153,24.82904783247939,24.79340615801472,1.37,33.0,-0.2,-0.03
RTX,1982-01-19,0.5130249995214233,0.5212995684588928,0.5047504305839539,0.5047504305839539,3007659,24.920261916432278,23.496528083703723,25.996262141278375,24.801235012053468,24.863857606340083,1.32,38.0,-0.07,-0.1
RTX,1982-01-20,0.501440727753103,0.5047504834487606,0.4981309319318991,0.5030957460403442,1184758,22.92005016661242,23.255540657852606,25.567150625709928,24.7890334297825,24.8641139202899,1.29,29.0,0.2,-0.03
RTX,1982-01-21,0.5064055323600769,0.5080605506162658,0.5047504739783425,0.5064055323600769,2461043,23.05865203256991,23.32702453222614,25.592397346281725,24.72503717136083,24.700269345928877,1.26,30.0,0.28,-0.04
RTX,1982-01-22,0.5064054888233998,0.5080605069373033,0.5047504305839539,0.5047504305839539,1713578,23.063559261691243,23.217549526521076,25.027601478080207,24.69258046400487,24.680804111536315,1.24,20.0,0.3,0.02
RTX,1982-01-25,0.4981306569814258,0.5014404509757407,0.4948209031126351,0.4997853934764862,4886493,22.827553911267554,23.147952745481113,25.060970942842943,24.6977536716,24.695471025159016,1.23,20.0,0.35,0.01
RTX,1982-01-26,0.49978532599522413,0.5014403832710119,0.496475572573318,0.49813058972358704,950858,22.345077942875623,23.12399837210195,25.03974894015144,24.69679963532095,24.663884666387307,1.21,19.0,0.35,0.01
RTX,1982-01-27,0.49647569656372076,0.49978545081220865,0.491510884626109,0.4964756965637207,1479677,21.294066533104427,23.098663600000137,24.74991828487559,24.685064316600116,24.6074626345155,1.2,12.0,0.31,0.09
RTX,1982-01-28,0.5113703649381844,0.5229547316756397,0.4981309797545991,0.5196449756622314,4678016,24.126633393107937,23.91792313661707,25.839247262886584,25.325235722226058,25.044378890060194,1.18,34.0,0.16,0.27
RTX,1982-01-29,0.5295745134353638,0.534538966033706,0.5246096997071317,0.5295745134353638,1827986,24.930729324353972,24.29981278645007,25.93605709066479,25.434847350703134,25.118431048112477,1.16,37.0,0.06,0.21
RTX,1982-02-01,0.5113700483474797,0.5229544079130238,0.49813067136043165,0.5014404654502869,2463586,29.214690347762033,26.08165544865723,27.316332171027497,26.088493300956095,25.590241824307192,1.14,73.0,-0.03,0.6
RTX,1982-02-02,0.49647605160971564,0.5030958858449788,0.48820143938064575,0.48820143938064575,5486499,28.530111242600597,26.51924841919931,27.339490392340572,26.230105769327455,25.602298154711516,1.12,73.0,-0.02,0.59
RTX,1982-02-03,0.48323656427974604,0.4898564378239292,0.4749619931969972,0.4815818667411804,3101728,28.61778449922015,26.38775159496638,27.357647291363364,26.261927393520583,25.55739942584305,1.09,74.0,0.03,0.59
RTX,1982-02-04,0.4733074786527907,0.4815820529347293,0.46337784506241925,0.468342661857605,3798346,29.140800400739224,26.87224907934813,27.56324958156458,26.430877290245785,25.64918944603432,1.08,84.0,0.23,0.53
RTX,1982-02-05,0.4766170547570713,0.4815818696628358,0.46999718117272676,0.4749619960784912,2471213,29.588614440545786,27.005464654979562,27.65665024990382,26.458390932251852,25.690329564885516,1.05,88.0,0.2,0.49
RTX,1982-02-08,0.4749617698768537,0.4782718856575635,0.4716520152259475,0.4733070731163025,2066971,29.585787260530356,26.898775465718117,27.65746488563277,26.4036059232989,25.686270321870765,1.03,88.0,0.16,0.49
RTX,1982-02-09,0.4733070731163025,0.4766168277672086,0.4683422605750414,0.4733070731163025,1283912,29.622257030884203,26.898775465718117,26.78322903330985,26.38380296620715,25.685310625631473,1.01,55.0,0.13,0.52
RTX,1982-02-10,0.4782718576247378,0.4799265542883027,0.4766167998313904,0.4766167998313904,2448331,29.79224458602045,26.734357752045177,26.78977478756515,26.406398501529488,25.64810545231562,0.98,55.0,0.04,0.51
RTX,1982-02-11,0.4762805104255676,0.4796463643474013,0.4729146565037339,0.4762805104255676,1553406,29.783188911543846,26.698139801236092,26.4842050349468,26.397733381339343,25.465620327424045,0.97,48.0,-0.07,0.63
RTX,1982-02-12,0.47796319054081393,0.4813294112682343,0.47459733706418206,0.48132941126823425,1207640,29.95438648808012,26.827152115478086,26.378470602504727,26.438764215591444,25.470146107567217,0.95,41.0,-0.2,0.68
RTX,1982-02-16,0.47459733706418206,0.48301215438115597,0.4661825197472082,0.48132941126823425,1855952,29.232322055002946,26.54032265221582,26.378470602504727,26.438764215591444,25.456464017154435,0.94,40.5,-0.33,0.68
RTX,1982-02-17,0.4813294112682343,0.48301215438115597,0.47796319054081393,0.48132941126823425,1355099,29.232322055002946,26.52310682130667,26.354065987008735,25.969911660499122,25.443727867788052,0.92,39.0,-0.44,0.69
RTX,1982-02-18,0.4846952316643855,0.48974419516013545,0.47964626816863554,0.48637834191322327,755093,29.412167778555155,26.48694340729163,26.025233165065686,26.000903634235083,25.470521715804402,0.9,26.0,-0.54,0.77
RTX,1982-02-19,0.48974430026153043,0.49479326484081154,0.48469533568224926,0.48806118965148926,1273742,29.513636049338306,26.425773100626852,25.908412424689864,25.98807777147845,25.42771216399621,0.89,21.0,-0.64,0.84
RTX,1982-02-22,0.48806119809002096,0.4981591274231755,0.47796326875686646,0.47796326875686646,1855952,29.448332166644025,26.15212190423874,25.434482247380842,25.99640726410709,25.44203300060398,0.89,12.0,-0.73,0.89
RTX,1982-02-23,0.48637800128460196,0.49647555395364634,0.47459697229495745,0.49310970306396484,1566118,30.21217789651609,26.999790879188783,25.74002952887008,26.277141196528415,25.641943018469238,0.89,17.0,-0.81,0.85
RTX,1982-02-24,0.49311028329489526,0.5015251040458679,0.4830123514933528,0.5015251040458679,2692402,30.311629874797603,27.189867888992254,25.688869358207644,26.36894528668564,25.70545653444808,0.9,16.0,-0.87,0.87
RTX,1982-02-25,0.49479326484081154,0.5015249727792915,0.4863784462922904,0.48806118965148926,1479677,30.655953392994334,27.522790999815044,25.980702905935775,26.488095712774495,25.333980132078587,0.9,26.0,-0.94,0.76
RTX,1982-02-26,0.48469530992244536,0.4897442742333923,0.47964634561149844,0.48301219940185547,2895794,30.738796634766608,27.408183761364956,25.96319465522608,26.34610486838126,25.211421707044213,0.9,26.0,-1.0,0.78
RTX,1982-03-01,0.47796326875686646,0.48132949003515035,0.4745974147294312,0.47796326875686646,2410195,30.7595033776272,27.39540100335884,25.853358598340257,26.363952638287657,25.224430000537218,0.9,22.0,-1.05,0.83
RTX,1982-03-02,0.4762803338001162,0.4813292964359105,0.4695482612021568,0.4712313711643219,2397483,30.919241439587196,27.491745117323173,25.69596838393743,26.39534373028416,25.074348472265527,0.91,17.0,-1.09,0.91
RTX,1982-03-03,0.4712313950549728,0.4745972478992452,0.46618243216320443,0.4695482850074768,2013581,30.160343777373335,27.462854699398818,25.683485263710953,26.391004975226846,25.054876496467315,0.91,16.0,-1.12,0.92
RTX,1982-03-04,0.46113363332430973,0.46786570865857674,0.45271881459461355,0.456084668636322,2328838,31.137099029075227,27.14898736665441,26.014438402119854,26.56584847263399,25.20330392588669,0.91,32.0,-1.12,0.81
RTX,1982-03-05,0.44766980409622187,0.4560846219648231,0.43925498622762066,0.4476698040962219,3150034,31.301304324862496,27.26697813831873,26.122958853426688,26.553033805939407,25.26001450669697,0.92,34.0,-1.08,0.76
RTX,1982-03-08,0.44262118885431895,0.45440190182428014,0.43084019024482234,0.4358891546726227,2979693,31.974150514314616,27.639989440704298,26.364981898825118,26.691334004370326,25.301791865864843,0.92,39.0,-1.0,0.67
RTX,1982-03-09,0.43252312892017186,0.44093798547170737,0.4241083131742719,0.43757209181785583,2377144,32.03548727989852,27.57946960890139,26.196441425467494,26.692467723638437,25.30823609424232,0.92,35.0,-0.97,0.73
RTX,1982-03-10,0.447670053599855,0.4577679875704661,0.4375724460745926,0.4443041980266571,1802562,32.54051456198809,27.676092854932932,26.35058125176642,26.75384746880895,25.287073287721977,0.92,38.0,-0.99,0.65
RTX,1982-03-11,0.46113357863335924,0.4712315068117093,0.4510359769001706,0.4577677249908447,1474592,33.972840118952924,28.11515319279181,26.84566216324487,27.02903800899165,25.425609562156094,0.92,55.0,-1.05,0.51
RTX,1982-03-12,0.44430390319098506,0.45440183046071153,0.43420597592125854,0.4392549395561218,1494931,32.53817657769506,28.490727662746657,27.463729343871684,27.409798152837457,25.68071611929841,0.92,77.0,-1.05,0.48
RTX,1982-03-15,0.4358890862164708,0.44093804985133406,0.4308401225816076,0.4392549395561218,5094970,31.751124751065745,28.50253800681159,26.748659404770166,27.41164062264831,25.63536229698318,0.92,52.0,-1.06,0.58
RTX,1982-03-16,0.44766980409622187,0.4544018787415904,0.43925498622762066,0.4476698040962219,3760210,29.06013793486316,28.889741863754814,26.84714670697267,27.520794418975026,25.518776642643353,0.92,56.0,-1.09,0.54
RTX,1982-03-17,0.43420592346217496,0.4459869596037744,0.4207424709245319,0.4291572868824005,8145850,30.436887226981117,29.26145993818038,27.55513596358131,27.89507754801131,25.790517210458763,0.92,80.0,-1.08,0.46
RTX,1982-03-18,0.4342059125245554,0.4392548754222394,0.4274741660224879,0.43757209181785583,3689022,31.056422963029622,29.679567881802033,27.67512455929945,28.008781310811813,25.878305282650576,0.93,88.0,-1.1,0.42
RTX,1982-03-19,0.4358893287591384,0.4409382952034069,0.4325234327409544,0.4342062175273895,1975445,30.20216083777759,29.563944558351622,27.680767080002738,28.010788148655013,25.838534776972715,0.93,88.0,-1.11,0.42
RTX,1982-03-22,0.4493529273796097,0.461133599281311,0.4375722146722614,0.46113359928131104,9882309,34.98142666281132,32.294649319993,29.396856900281183,28.789686704853047,26.5186426206487,0.97,100.0,-1.14,1.04
RTX,1982-03-23,0.4644996658170634,0.4712313711643219,0.4577675932191041,0.4712313711643219,7085669,35.579314849230556,32.68999435633748,29.599875334299856,28.91387852780541,26.523336797697162,1.01,100.0,-1.17,0.95
RTX,1982-03-24,0.48132937841747336,0.4880610849112976,0.4745973046728856,0.48637834191322327,4375470,36.75284934936389,33.42737138809976,30.074854643104015,29.1864668738191,26.60309590398858,1.06,100.0,-1.18,0.78
RTX,1982-03-25,0.48974430026153043,0.49479326484081154,0.48301222507220815,0.48806118965148926,3577157,36.71658842159295,33.44382862391463,30.07096118011724,29.193025782309263,26.58173189835342,1.11,99.0,-1.19,0.78
RTX,1982-03-26,0.47964605772369195,0.4880608707743507,0.47123124467303323,0.47459709644317627,2590706,37.65185555201578,33.862077895218256,29.75614387430121,29.332313552118457,26.711561912835442,1.15,98.0,-1.25,0.85
RTX,1982-03-29,0.47796323509090854,0.48301219940185547,0.4712315275101945,0.48301219940185547,1042384,37.87932904136392,34.06773784357321,29.913796520029575,29.420075604569412,26.77357129302493,1.19,98.0,-1.29,0.77
RTX,1982-03-30,0.48469533568224926,0.48806118965148926,0.47964637110296815,0.48806118965148926,1461880,37.99627348747296,33.91500511423015,29.712822779016623,29.43925196685931,26.793561749900253,1.22,96.0,-1.3,0.82
RTX,1982-03-31,0.4897441720118061,0.49311002509962726,0.4846952087547013,0.49142691493034363,3541563,38.04117773971555,33.96473425891831,29.72772117656115,29.448265614323848,26.78659862074267,1.25,96.0,-1.3,0.81
RTX,1982-04-01,0.49479293102214267,0.4981587827205658,0.49142671207312505,0.4981587827205658,5717858,38.122755558721,34.08064171086474,29.687927457170943,29.50257835750406,26.822897675624034,1.28,94.0,-1.29,0.81
RTX,1982-04-02,0.49479281213405873,0.4981586630237402,0.491426593993871,0.49310970306396484,1563576,38.244974567974005,34.11238587098391,29.712873948789113,29.503346280614135,26.836868143797567,1.31,95.0,-1.28,0.8
RTX,1982-04-05,0.48974430984138895,0.4931101638764682,0.48469534516334534,0.48469534516334534,1899173,38.08118430557788,34.123875960570224,29.747854178159844,29.279769798367894,26.882542224427404,1.34,96.0,-1.28,0.79
RTX,1982-04-06,0.48806100048595247,0.49647581577301025,0.4796461851988947,0.49647581577301025,1383066,37.63169427172258,33.97984515520526,29.980842377731726,29.4234024105411,27.003835142017387,1.37,98.0,-1.26,0.7
RTX,1982-04-07,0.49310967950235396,0.49647553023120944,0.4880607197838265,0.48974382877349854,668651,37.49606424324469,33.8289595303873,30.04321158213386,29.459556694842536,27.028546097937923,1.4,98.0,-1.24,0.68
RTX,1982-04-08,0.4931102742475686,0.49984202463012056,0.4846954536509867,0.4947933852672577,2799182,36.767390994676276,33.65182657139443,29.948775630836895,29.481436538320594,27.04441550302547,1.43,96.0,-1.22,0.7
RTX,1982-04-12,0.49984195828437805,0.5015250282750083,0.4981591739333233,0.49984195828437805,2377144,36.72254613095616,33.7272377062053,29.972401713120288,29.465032470340347,27.064348500020348,1.46,96.0,-1.2,0.69
RTX,1982-04-13,0.5099397301673889,0.5133055834636027,0.504890766597684,0.5099397301673889,6213626,36.94538744495215,33.94581373236031,30.157085082684265,29.46295801216998,27.14360881031681,1.49,100.0,-1.18,0.61
RTX,1982-04-14,0.5099397170971998,0.5116227865219116,0.5065738230816158,0.5116227865219116,2893251,36.61937319823013,33.93060531407264,29.985990147349362,29.421977088249797,27.141318796423764,1.52,96.0,-1.16,0.67
RTX,1982-04-15,0.5149887279624045,0.5217204350022102,0.5082566536718056,0.5200376510620117,2529688,36.77457395484831,33.66742528661199,30.100348747279277,29.475006982896208,27.11525618765084,1.55,99.0,-1.14,0.62
RTX,1982-04-16,0.5200376643301348,0.5217204483132675,0.518354594707489,0.518354594707489,2565282,35.53173505719741,33.66722517943604,30.036017066546876,29.338867647517947,27.104331084701737,1.57,95.0,-1.12,0.65
RTX,1982-04-19,0.5267695535951418,0.5385505952505347,0.5149888791906498,0.5217205882072449,6223795,34.865156297979475,33.66657874073676,29.99918595485484,29.29046765165606,27.03546176668279,1.6,94.0,-1.1,0.67
RTX,1982-04-20,0.5200377495984533,0.525086714460379,0.514988825542179,0.5234036445617676,2013581,33.54979937635002,33.661823096578985,29.747295277478962,29.29187785811427,27.029844265885245,1.61,86.0,-1.07,0.77
RTX,1982-04-21,0.520037803772891,0.5234036990868443,0.5166719492645935,0.5217205882072449,6091590,33.65343077093045,33.600768982435696,29.73155601563026,29.263125833255394,27.02886681438389,1.63,85.0,-1.04,0.78
RTX,1982-04-22,0.5301350636570472,0.5368671355504923,0.5217202492282378,0.5351840257644653,5333955,34.02939929167167,33.96935754197987,29.983686129001562,29.177649043052483,27.12463363736617,1.65,92.0,-1.01,0.68
RTX,1982-04-23,0.5318181292250703,0.5368670909126927,0.5250863843363693,0.5284522771835327,5865317,33.6909514954177,34.076077795167734,29.980510509780245,28.797336517433404,27.1371382465382,1.68,90.0,-0.97,0.69
RTX,1982-04-26,0.533501283229101,0.5351840257644653,0.5301350636570472,0.5351840257644653,3866990,30.783400629016693,32.883442160168045,29.992856800498696,28.095591745252385,27.02170926027781,1.7,93.0,-0.94,0.68
RTX,1982-04-27,0.5284522958591814,0.5368671098857232,0.5183543721270732,0.5250864028930664,5133106,31.621059017430316,32.895007764691655,30.085185192494805,28.17441511823849,27.05659298019517,1.72,98.0,-0.9,0.65
RTX,1982-04-28,0.5166720243189656,0.5250868454375393,0.5065740920762957,0.5133058428764343,4370386,32.425236392638865,31.2482908440457,30.2831082389932,28.224626226155834,27.107281332879356,1.74,100.0,-0.85,0.58
RTX,1982-04-29,0.5015251040458679,0.5082568545519305,0.49311028329489526,0.5015251040458679,3178000,30.448908724904793,31.125162361874402,30.479892440335636,28.314206939419122,27.182327605193645,1.77,100.0,-0.79,0.51
RTX,1982-04-30,0.5015251040458679,0.5065740699466391,0.49647613814509667,0.5015251040458679,1827986,30.17959937184585,30.986438373782992,30.10229583156517,28.268552490023314,27.182772833635333,1.79,97.0,-0.77,0.63
RTX,1982-05-03,0.4998419794707966,0.5065740148847415,0.49142711882881474,0.5032081604003906,1644933,29.958258613413,30.412997646086144,30.10441466013653,28.2721882104994,27.059128365964323,1.8,97.0,-0.76,0.63
RTX,1982-05-04,0.5133058476957032,0.5183548138644414,0.508256881526965,0.5149889588356018,1764426,25.63421536774172,30.63365759703689,30.351255213768745,28.36332948104684,27.161109977312954,1.83,99.0,-0.76,0.54
RTX,1982-05-05,0.5149886805374956,0.5200376031721514,0.508256606866848,0.5116227865219116,994078,25.21561875343209,30.66079121507273,30.257527612304397,28.32528250695927,27.114726444127097,1.85,97.0,-0.72,0.57
RTX,1982-05-06,0.5183547336989474,0.5217205882072449,0.5133057683110506,0.5217205882072449,8888230,24.23593911868817,30.886269116448045,30.27753801005418,28.422988082403318,27.177493620913225,1.87,97.0,-0.68,0.56
RTX,1982-05-07,0.533501230132582,0.5419160437239101,0.5250863757356288,0.536867082118988,6284813,25.4057729856141,31.36133855530499,30.344666110979436,28.637762844805177,27.333099392529448,1.89,98.0,-0.66,0.54
RTX,1982-05-10,0.536867414225437,0.5402332682939621,0.5318184494972229,0.5318184494972229,4309368,23.957970734973028,31.444435064348355,30.06826827234362,28.64601512493695,27.343648874234816,1.9,87.0,-0.63,0.63
RTX,1982-05-11,0.533501283229101,0.5368671355504923,0.5301350636570472,0.5351840257644653,2468670,23.614877119748563,31.40629609247872,30.08573965842461,28.586520457481583,27.348447800936636,1.92,90.0,-0.6,0.62
RTX,1982-05-12,0.5402331617406447,0.5452821254730225,0.535184198008267,0.5452821254730225,4057670,23.94788906029947,31.594434896450124,30.226364272386046,28.628471339888566,27.421112063408593,1.93,94.0,-0.59,0.56
RTX,1982-05-13,0.5419160660974591,0.5469650279108327,0.5368671042840857,0.5402329564094543,4965307,24.218755216694852,31.67799625694109,29.95786156634447,28.643298997317864,27.427433692531388,1.95,75.0,-0.61,0.66
RTX,1982-05-14,0.5419163107872009,0.5452821644323427,0.5368673466940848,0.5419163107872009,1886461,24.015433514643146,31.629474866149543,29.96139442264981,28.412549107525525,27.36911643217953,1.96,75.0,-0.63,0.65
RTX,1982-05-17,0.5432829131038578,0.5467000733463375,0.5381575455483689,0.5449914932250977,7334824,23.707584114990286,31.637618637235786,29.853367989472073,28.419681663088074,27.368287336224235,1.97,71.0,-0.63,0.7
RTX,1982-05-18,0.5449914208685416,0.5484082078491561,0.5398660539935293,0.5467000007629395,4858526,22.894830169348925,31.281001826696496,29.767356005869782,28.12245226616435,27.371578785301853,1.98,70.0,-0.63,0.74
RTX,1982-05-19,0.546700086406725,0.5484082937605423,0.5432829260826111,0.5432829260826111,1403405,22.269719722294973,30.73722414593394,29.779901524720287,28.13088736266528,27.37578032244583,1.99,70.0,-0.62,0.73
RTX,1982-05-20,0.5449914208685416,0.5467000007629395,0.5415746338879271,0.5467000007629395,3096643,21.716642134187413,30.587809801288074,29.78245851683662,28.126494450458274,27.360346342559787,2.0,70.0,-0.62,0.73
RTX,1982-05-21,0.5484082078491561,0.5501167877435539,0.5449914208685416,0.5467000007629395,1998326,21.649527120346875,30.001925851264083,29.78245851683662,27.968699125389918,27.315500975729474,2.01,69.5,-0.62,0.73
RTX,1982-05-24,0.5467000007629395,0.5484082078491561,0.5432828409741438,0.5467000007629395,3645802,21.571163408032913,29.89548582388496,29.78245851683662,27.96108687188591,27.304945461352048,2.0,69.0,-0.61,0.73
RTX,1982-05-25,0.5449914570360108,0.5501168242511597,0.5398660898208618,0.5398660898208618,1365269,21.404259126212903,29.93567243740895,29.832357880230436,27.94838972534834,27.327918959205512,1.99,70.0,-0.6,0.71
RTX,1982-05-26,0.533032652867103,0.5381576904171267,0.5261987447738647,0.5261987447738647,2753419,22.835709078929785,30.29071983920869,29.960552924468892,28.108374793231466,27.42644017218912,1.98,74.0,-0.58,0.67
RTX,1982-05-27,0.5176566977243646,0.5244906072729465,0.5108230781378797,0.5159481167793274,3358510,23.110154162697057,30.591745511302094,30.11173138378088,28.061824870848834,27.48262145366573,1.98,92.0,-0.56,0.61
RTX,1982-05-28,0.5159481167793274,0.5193652372462452,0.5125313276976633,0.5159481167793274,1586458,23.092940676254923,29.919868826135087,30.09274513698378,28.041026991047318,27.48262145366573,1.97,88.0,-0.55,0.62
RTX,1982-06-01,0.5091147708006669,0.5159483940596691,0.5022811889648438,0.5022811889648438,2804267,24.251952000653468,30.208689450601987,30.363507259358897,28.14487023831743,27.26631025678905,1.96,99.0,-0.53,0.53
RTX,1982-06-02,0.49715550117556623,0.5005722899285291,0.4920301316419346,0.49544692039489746,4250893,24.474754953097744,29.79866947112785,30.35796852679651,28.171236094117397,27.287514828024563,1.95,98.0,-0.57,0.54
RTX,1982-06-03,0.4971551219314585,0.5022804875553151,0.49032117683028636,0.49202975630760193,2023750,24.516489979471704,29.853883661840406,29.95970774216436,28.179674636349787,27.28051363370983,1.94,69.0,-0.54,0.64
RTX,1982-06-04,0.490321408887894,0.49544677693746686,0.48519604083832113,0.4869046211242676,1558491,23.199797193833838,29.829641347307795,29.82410788031109,27.714332044419827,27.241370950258215,1.93,63.0,-0.51,0.7
RTX,1982-06-07,0.4834877656884815,0.48690455297387164,0.47836239835628913,0.48007097840309143,2641554,23.256235637695962,29.404650602638966,29.714484526224577,27.749692580763867,27.25382718260747,1.92,52.0,-0.5,0.74
RTX,1982-06-08,0.4800708119008889,0.48177901854702215,0.47836223244667053,0.47836223244667053,4845814,22.76504149974827,28.085937965755974,29.715359427189096,27.596980840593698,27.25174424154455,1.91,52.0,-0.49,0.74
RTX,1982-06-09,0.48177923653314525,0.4851960241794587,0.4783624488868319,0.4851960241794586,1833070,22.86073862725917,28.20546350092748,29.77993371375082,27.567925600307564,27.26134161828458,1.9,59.0,-0.48,0.7
RTX,1982-06-10,0.48519608697457545,0.4886132478713989,0.4800710912459443,0.4886132478713989,1405947,22.207970162238052,27.997566462775207,29.791092134480003,27.58332961956676,27.170077266850885,1.89,62.0,-0.47,0.69
RTX,1982-06-11,0.4971550436170262,0.49886325001716614,0.493738258008715,0.49886325001716614,3856821,22.15311893926334,26.74732403422481,29.702676865939655,27.683932563179596,27.26188034149539,1.87,46.0,-0.47,0.71
RTX,1982-06-14,0.4954466989042833,0.4971552789211273,0.4937384916956472,0.4971552789211273,1672899,22.17302345876241,26.539425842680476,29.7030820452153,27.46796255066605,27.259989088391823,1.86,46.0,-0.47,0.71
RTX,1982-06-15,0.4920301316419346,0.49544692039489746,0.4886133428889717,0.49544692039489746,3167830,22.163466181720626,26.486024544854974,29.688285038758416,27.408501992366936,27.25587183724033,1.84,44.0,-0.46,0.72
RTX,1982-06-16,0.49202997802861664,0.4954467657148476,0.48861319034238565,0.49032139778137207,1505101,21.161329184543607,23.689940771512987,29.728469395893743,27.102205006588807,27.263708574786065,1.81,51.0,-0.46,0.7
RTX,1982-06-17,0.4886132478713989,0.4903214555115086,0.48690466742298716,0.4886132478713989,2611045,21.117960616544476,23.311794011287105,29.6932401900873,26.991425624986796,27.201184704508062,1.77,43.0,-0.47,0.72
RTX,1982-06-18,0.48690460440674227,0.48861318463402587,0.4851960241794587,0.4851960241794586,2562739,20.19727794623869,22.44373955595196,29.708857879926498,26.89054281932312,27.20001094088664,1.74,45.0,-0.47,0.71
RTX,1982-06-21,0.48519602207646656,0.4886131825162227,0.48177923444496257,0.4834878146648407,3722074,17.92576008578386,22.44291196051141,29.709397572147246,26.880557828148987,27.19046106817606,1.7,45.0,-0.48,0.71
RTX,1982-06-22,0.488612970161061,0.49202975630760193,0.4834876045372044,0.49202975630760193,5214462,18.827605787570516,21.965788533147812,28.929566999799277,26.94859768753802,27.244607056613233,1.67,36.0,-0.46,0.72
RTX,1982-06-23,0.5022804341768705,0.5142393708229065,0.4903211247227839,0.5142393708229065,2341550,23.09324469421206,23.466745385441367,29.630310112950554,27.38760766266843,27.624193681873543,1.65,38.0,-0.43,0.7
RTX,1982-06-24,0.521073579788208,0.5296157404208662,0.5108231692909403,0.521073579788208,2476298,22.731569583214686,23.521449726241883,28.396882596328084,27.334687051909146,27.660064107020737,1.64,34.0,-0.46,0.49
RTX,1982-06-25,0.5176561980294548,0.5210729838128865,0.5142393708229065,0.5142393708229065,986451,22.875322255487113,23.670020819143208,28.147547237219122,27.370940676484253,27.685635652188807,1.64,33.0,-0.47,0.55
RTX,1982-06-28,0.5227820625449823,0.5313242215682813,0.514239862098527,0.5296156406402588,1545779,24.56392020593211,24.253576159585112,28.42573665191853,27.590713554391026,27.844986977333413,1.63,34.0,-0.5,0.46
RTX,1982-06-29,0.5279074907302856,0.5296157405954584,0.5244907010377914,0.5279074907302856,1014418,24.496926470240165,24.157983646150118,28.056382540173196,27.577632701815574,27.834279896896604,1.63,31.0,-0.49,0.56
RTX,1982-06-30,0.5313238868126412,0.5364492535591125,0.5244902715996637,0.5364492535591125,2725453,24.970698324096116,24.04044711918698,28.08168089830262,27.61945814978174,27.87629115959592,1.63,31.0,-0.51,0.54
RTX,1982-07-01,0.5261983877213896,0.5347405392143381,0.5176562362284411,0.5193647742271423,2059344,26.576531430987426,24.57507456787554,28.5746789147877,27.753441333090073,28.04537912834234,1.62,34.0,-0.49,0.44
RTX,1982-07-02,0.5091147708006669,0.5142401435818397,0.5022811889648438,0.5022811889648438,2115277,28.02098316499932,25.391824198980007,29.09095556154585,28.024268344417607,28.08020400819542,1.61,35.0,-0.45,0.34
RTX,1982-07-06,0.5039886709677386,0.5091140363550827,0.4988633055803945,0.5056972503662109,2867827,28.14892637662857,25.344217576752197,29.08990949874035,28.03698663866072,28.07915366073386,1.6,34.0,-0.42,0.34
RTX,1982-07-07,0.5108225850394749,0.5142393708229065,0.5056972199603021,0.5142393708229065,1609339,28.69662976145329,25.488745577601748,29.201856632009708,28.076300522769017,28.135842401337037,1.58,35.0,-0.39,0.29
RTX,1982-07-08,0.5091140057437338,0.5142393708229065,0.5022804341768705,0.5142393708229065,1543237,28.526284232968475,25.161762045833914,29.1599273963832,27.731424352004097,28.135731956912057,1.56,34.0,-0.37,0.31
RTX,1982-07-09,0.5244903224327163,0.5347407255340758,0.514239587946283,0.5330324769020081,3335629,29.57927716274003,26.20175389402349,29.691060700053658,28.018498851541178,28.35535105492926,1.54,40.0,-0.38,0.19
RTX,1982-07-12,0.5620758057888524,0.5723265409469604,0.5518250706307445,0.5723265409469604,11860296,35.35891678580882,29.764246510566288,31.707315396071472,29.278819936119632,29.25206426919924,1.54,100.0,-0.29,0.93
RTX,1982-07-13,0.5518251413126377,0.5603672974357935,0.5432829851894819,0.5569505095481873,4370386,36.45425539267371,30.331531322657302,32.00656217639221,29.368038281407188,29.359020098618338,1.54,100.0,-0.32,0.86
RTX,1982-07-14,0.5620758057888524,0.5723265409469604,0.5518250706307445,0.5723265409469604,11860296,36.031985426044486,30.780842234100962,32.26779598432152,29.548722515579833,29.482945453215535,1.54,100.0,-0.29,0.74
RTX,1982-07-15,0.5654923535890454,0.5740345049979833,0.5552419955831647,0.5603669881820679,4581405,36.41699967150047,31.126376178486215,32.27155634186148,29.63489413193828,29.554310918601523,1.52,100.0,-0.3,0.74
RTX,1982-07-16,0.5603671646161638,0.5637843245021065,0.5569503775384129,0.5586589574813843,2339008,36.3323903146722,31.125390135865626,31.927894292671937,29.619221446986053,29.540232709108523,1.51,97.0,-0.35,0.89
RTX,1982-07-19,0.5603675024611001,0.5689100345180479,0.5501171350479126,0.5501171350479126,4871238,36.533636424238445,30.886816248115117,31.9363837647709,29.658274432661397,29.365691494203745,1.49,97.0,-0.4,0.92
RTX,1982-07-20,0.5569506034573143,0.5637845531931001,0.5501170265298716,0.5620759725570679,3345798,36.45071963408423,31.060207121235138,31.779826498755153,29.75707817732883,29.442475139128664,1.47,95.0,-0.43,0.92
RTX,1982-07-21,0.5689100164848631,0.5723268055142876,0.5637846465365239,0.5672014355659485,2989862,36.368898227989646,31.01157220553589,31.74595605147147,29.47789932653887,29.456890062553555,1.44,94.0,-0.44,0.91
RTX,1982-07-22,0.5723265431341872,0.5791601180602197,0.5654925953999208,0.5740347504615784,3086474,36.32961037778278,30.80738121000639,31.72818585561273,29.50044408554814,29.477544986744796,1.42,93.0,-0.43,0.9
RTX,1982-07-23,0.5757433305972034,0.5791601180602197,0.5706179629985622,0.5740347504615784,6625494,36.362807430298844,30.39502251136314,31.625659742559158,29.326955809722698,29.447910389485017,1.38,91.0,-0.41,0.93
RTX,1982-07-26,0.5689097904852438,0.5723265781573482,0.5654926300048828,0.5654926300048828,3274611,36.52399205329045,30.150874397803673,31.728405947986044,29.36373383510641,29.411205100334296,1.34,93.0,-0.4,0.9
RTX,1982-07-27,0.567201245524493,0.5740348212937444,0.5586590894087888,0.5706180334091187,2697486,36.47686207934328,30.181987860666293,31.35669237669679,29.292545217745342,29.39000869061294,1.3,89.0,-0.36,0.99
RTX,1982-07-28,0.5706178520758984,0.5757432186782174,0.5637842784782474,0.5689096450805664,4405979,36.468592434080016,30.19925324589004,31.189728993312855,29.28700585504317,29.374766366707178,1.26,88.0,-0.32,1.05
RTX,1982-07-29,0.5620758423327784,0.5672012102450633,0.5552422669885695,0.5654926300048828,3729701,36.333941899718454,29.919253660016125,30.870585464496042,29.24627894937642,29.28741042653168,1.21,87.0,-0.32,1.15
RTX,1982-07-30,0.5706178520758984,0.5723264318793919,0.5672010652770729,0.5689096450805664,1904258,36.250888924768596,29.884552606769127,30.874746909194194,29.23707511523117,29.253812181326033,1.16,87.0,-0.31,1.14
RTX,1982-08-02,0.5757431884325493,0.5791599750518799,0.5706178220994825,0.5791599750518799,2847488,36.2469020307622,29.843654946504444,30.904456379366756,29.313367876397123,29.3082011397454,1.11,87.0,-0.29,1.13
RTX,1982-08-03,0.5842857006050903,0.591119650853421,0.5774521231651306,0.5774521231651306,4644965,36.23431530621825,29.326097541293848,30.606798674560903,29.21553780790504,29.290865299074238,1.07,84.0,-0.25,1.28
RTX,1982-08-04,0.5723264318793919,0.5774517984817109,0.5672010652770729,0.5689096450805664,6439899,36.54974923798421,29.43194385890014,29.9291585873925,29.247583901580526,29.14964875992203,1.05,49.0,-0.27,1.36
RTX,1982-08-05,0.5620757445591351,0.565492531636886,0.5569503775384129,0.5586589574813843,2613587,35.1625510879758,29.674634327807787,30.107802884709294,29.327999743360778,28.918483053968803,0.99,72.0,-0.29,1.3
RTX,1982-08-06,0.5535336482148356,0.5603672230833336,0.5449914932250977,0.5449914932250977,4039874,35.89733197303747,29.88603825856985,30.29518736100181,29.367642055232928,28.477220235515933,0.94,78.0,-0.26,1.28
RTX,1982-08-09,0.5364493154379595,0.5398661027270059,0.5313239481002825,0.5381575226783752,2603418,35.87696258508545,29.93776497962462,29.5510169168832,29.40352229050438,28.50131404465937,0.91,15.0,-0.46,1.36
RTX,1982-08-10,0.5415746827756365,0.5432828900160522,0.5381575226783752,0.5381575226783752,3505970,34.8851134661296,29.9304596949346,29.42458404639019,29.367845756988814,28.46006876594953,0.88,14.0,-0.62,1.46
RTX,1982-08-11,0.5398661027270059,0.5415746827756365,0.5381575226783752,0.5381575226783752,1324590,34.867386418765335,29.906285695746938,29.38468614051562,29.33307457366371,28.438209087316718,0.85,12.0,-0.99,1.47
RTX,1982-08-12,0.5415748953819275,0.544991684012304,0.5381577339431898,0.5415748953819275,3000032,34.606913563602,29.928734098092598,27.883215703178283,29.202217752162486,28.417991904521994,0.88,1.0,-1.05,1.37
RTX,1982-08-13,0.5432829131038578,0.5467000733463375,0.5381575455483689,0.5449914932250977,1665272,33.22034787565637,29.929840685916233,27.708030605637042,29.203283330673514,28.424226765153403,0.91,1.0,-1.07,1.48
RTX,1982-08-16,0.5484082806593468,0.5518250680935958,0.5449914932250977,0.5449914932250977,2011038,31.524774879490185,29.901777388697393,27.282668108196482,29.18373465921657,28.378062903303842,0.95,1.0,-1.07,1.72
RTX,1982-08-17,0.5620758079369046,0.5774519107328285,0.5449914978135894,0.5740347504615784,4258520,34.595063302800014,31.74217065249095,28.447350924601643,29.796284315114313,28.827439004467635,0.96,9.0,-1.07,1.57
RTX,1982-08-18,0.597953298698134,0.6082040388733964,0.5877025999460288,0.5894111394882202,8669584,35.01105847957084,32.172613273733,28.317319312823923,29.929169821635988,28.944170794885547,0.97,7.0,-1.03,1.52
RTX,1982-08-19,0.5945365153086355,0.6013701350422505,0.5877026056129172,0.5928279757499695,2738165,34.9858851938934,32.05525675575005,28.21566276763308,29.90445677375226,28.94928327587813,0.99,7.0,-0.96,1.6
RTX,1982-08-20,0.6082037288375239,0.621871292591095,0.5945362065070888,0.621871292591095,4235638,36.063811443829394,32.91704181845225,29.1091153059872,30.42800446589022,29.342844088446622,0.99,16.0,-0.45,1.39
RTX,1982-08-23,0.6301813828575655,0.6440311670303345,0.614599808978087,0.6440311670303345,7591606,31.5592380346337,33.22995022463164,29.55794775698985,30.6998370965334,29.496463419713386,0.99,22.0,0.49,1.17
RTX,1982-08-24,0.6336435495226439,0.6440308830723687,0.62325583818301,0.626718282699585,4512760,31.56066906763662,33.823364551006016,29.884139803154785,30.69605945942948,29.58207322288257,0.99,48.0,0.56,1.12
RTX,1982-08-25,0.6336440310663698,0.6423003378312032,0.6232563118324913,0.6371064782142639,4324622,31.018636452468478,33.33857619807372,29.89995086516396,30.753686417293473,29.62667545151705,0.99,48.0,0.71,1.07
RTX,1982-08-26,0.652688193917682,0.6613445024975295,0.644031507547559,0.6457629203796387,8397547,30.2367085548076,33.188709730719026,29.780157593750918,30.78382240478101,29.486155039858875,0.99,39.0,0.89,1.08
RTX,1982-08-27,0.6492251459893146,0.6561504171564703,0.6405688403729797,0.6544190049171448,6007691,30.242847470381918,33.15255108901479,29.634865160159624,30.74882307474432,29.514223626395204,0.99,24.0,1.04,1.16
RTX,1982-08-30,0.6544191106932841,0.6613443829797966,0.6474942161969787,0.6578815579414368,4093264,29.60105378866534,33.000408045105324,29.520106733278805,30.651371863679135,29.301688819139716,0.99,21.0,1.11,1.19
RTX,1982-08-31,0.6613444685935974,0.6682693639863594,0.6544191954105794,0.6613444685935974,6391594,29.231988599879266,32.75817461358595,29.499253342042774,30.47909212146072,29.30562241769405,1.0,21.0,1.11,1.21
RTX,1982-09-01,0.6561502337302245,0.6613440912061161,0.6509563762543328,0.6526877880096436,3391562,29.697925815272384,32.928517103876445,29.58561839894439,30.370716728435177,29.324223184357034,1.0,25.0,0.96,1.2
RTX,1982-09-02,0.6613446036422672,0.6751947750462962,0.6474944322382381,0.6717319488525391,4250893,30.445295002042815,33.23286936990215,29.748481348691396,30.5467541668442,29.345512744445884,1.0,40.0,0.93,1.13
RTX,1982-09-03,0.6907761364884246,0.6994324478051142,0.6821197831950246,0.6959699988365173,13477262,31.625742406155272,33.797118559682815,30.197777374364048,30.806232388943517,29.543940232491888,1.0,73.0,1.13,0.93
RTX,1982-09-07,0.6682688491107877,0.6855814940209135,0.6509562461773245,0.6561501026153564,11036558,36.410376908402,36.162219984599425,31.683343826314612,31.472440833037968,30.103721268706153,1.01,90.0,0.88,1.24
RTX,1982-09-08,0.6700009135459937,0.6873135333534467,0.6509568806416621,0.6717319488525391,6455154,36.78936701615589,36.327950835376136,31.8472106687921,31.583984276171694,30.188019689058983,1.03,95.0,0.7,1.15
RTX,1982-09-09,0.6821192192102086,0.6873130772639535,0.6769253611564636,0.6769253611564636,8026357,36.70676370431,36.28889746216829,31.85161999544232,31.518186969639817,30.11250171456074,1.05,95.0,0.54,1.14
RTX,1982-09-10,0.6648068886710661,0.6700007488949905,0.6596130284471416,0.6682693362236023,3366138,36.95109556984091,36.337762015435516,31.945971370490224,31.505256661787573,30.132474110752266,1.06,97.0,0.35,1.11
RTX,1982-09-13,0.6682691874828552,0.6734630465507507,0.6613442939190987,0.6734630465507507,2669520,36.9562973630926,36.296442003380314,31.943895266272065,31.51153022429096,30.08816773304725,1.08,96.0,0.19,1.1
RTX,1982-09-14,0.6890440682743586,0.6977007071778762,0.6786566892635265,0.6925068497657776,6134811,37.3568593121308,36.49284485854009,31.990108874729444,31.658785095857517,30.19583986386085,1.1,97.0,0.1,1.09
RTX,1982-09-15,0.680388236967503,0.6855820979810408,0.6751947117675631,0.682119607925415,2516976,37.7728412006905,36.69775346277076,32.02222711180905,31.717873085464714,30.235659982828377,1.12,98.0,-0.04,1.07
RTX,1982-09-16,0.676925285518775,0.6821191429921731,0.6717314280453767,0.6786566972732544,3556818,37.41639464436547,36.68028754813433,32.0035926522766,31.726303777339755,29.89467463698742,1.13,96.0,-0.18,1.1
RTX,1982-09-17,0.6734630465507507,0.6821193524005246,0.6648067407009769,0.6734630465507507,4205130,36.95047753135703,35.868213074690416,31.860471972776,31.738291242369023,29.90260685510055,1.15,90.0,-0.32,1.15
RTX,1982-09-20,0.6700006425992276,0.6751945019991451,0.6648067831993103,0.6648067831993103,1634763,36.24021104228702,35.99700245087502,31.701475988333762,31.718890981266394,29.844411653324222,1.16,82.0,-0.44,1.2
RTX,1982-09-21,0.6700007607701398,0.6769256559979496,0.663075487752083,0.6751946210861206,2354262,35.85717695939825,35.88960697653864,31.49445063081845,31.765531292353284,29.83328673369713,1.17,79.0,-0.54,1.26
RTX,1982-09-22,0.685581630687763,0.6907754881611613,0.6786566972732544,0.6786566972732544,3900042,35.794038140728084,35.51229186241363,31.49262421491735,31.764042175716252,29.836408698422666,1.17,78.0,-0.64,1.25
RTX,1982-09-23,0.676925285518775,0.6821191429921731,0.6700003940809375,0.6786566972732544,1899173,35.794038140728084,35.48984698417092,31.496232944452128,31.753754667263607,29.82122578875727,1.18,79.0,-0.72,1.25
RTX,1982-09-24,0.6734633619494177,0.6769258103528416,0.6682695004491152,0.6717319488525391,1525440,36.1713002796645,35.523704336970745,31.398410003864164,31.75629008213739,29.684055143456312,1.19,76.0,-0.81,1.32
RTX,1982-09-27,0.6665378597825159,0.6717316772057466,0.659612923799393,0.6648067831993103,2794098,36.52713322636118,34.84808866065779,31.43262754990103,31.53559491698236,29.671193606100445,1.2,76.0,-0.89,1.31
RTX,1982-09-28,0.6700008401301482,0.6751947010613294,0.6630755662918091,0.6630755662918091,3483088,36.576008865642386,33.99091949717149,31.325524767072555,31.42706895276095,29.472139246355322,1.2,73.0,-0.97,1.38
RTX,1982-09-29,0.6544192575458522,0.6630755665038249,0.644031535680168,0.6509568095207214,2026293,34.62267708691114,34.31433433248073,31.213496788666355,31.396046068372723,29.46958247695795,1.21,72.0,-1.03,1.47
RTX,1982-09-30,0.6405684947967529,0.6492247957431551,0.6319121938503507,0.6405684947967529,2018666,34.4418142026563,34.46129104822663,31.292773434077475,31.45834518127713,29.453478531440417,1.21,72.0,-1.09,1.44
RTX,1982-10-01,0.6457629485878794,0.6526882224284327,0.6388380525376179,0.6509568095207214,2819522,34.648903724493174,34.54589588716015,31.36656984877587,31.482835496332264,29.491151268101014,1.22,74.0,-1.14,1.39
RTX,1982-10-04,0.640568925362158,0.6457627849790972,0.6353750657452187,0.6371064782142639,1891546,32.64354006399821,34.2792618537673,31.469625798607286,31.585082330821635,29.561418061883266,1.22,76.0,-1.19,1.38
RTX,1982-10-05,0.6423001329037762,0.6457625789469684,0.63710627494395,0.6440311670303345,2890709,31.159577320798014,31.25223167429794,31.454928791653813,31.440919496056214,29.515131069615336,1.23,75.0,-1.23,1.37
RTX,1982-10-06,0.6578816274361022,0.6751946210861206,0.6405690115763307,0.6751946210861206,3089016,32.92944853828002,31.998899408273772,32.273190249780086,31.901239796255183,29.82618604226981,1.24,100.0,-1.28,1.16
RTX,1982-10-07,0.6925067629366973,0.6994316954012018,0.6838504609319043,0.6977006196975708,12668779,33.859380542084494,32.19670751868811,32.632593589965666,32.10854293748326,29.99995871995814,1.27,100.0,-1.3,1.0
RTX,1982-10-08,0.6977006196975708,0.7028941406451213,0.6925067629366973,0.6977006196975708,4418691,33.72249221389024,31.801056231561333,32.634765347124564,32.103624657715585,29.987064787687288,1.29,100.0,-1.33,1.0
RTX,1982-10-11,0.709819586059517,0.7184759327130912,0.6994319113078783,0.7150134444236755,5267853,34.1851856872112,32.05350998304956,32.79111625116641,32.185258665031405,30.06852623595084,1.31,100.0,-1.33,0.91
RTX,1982-10-12,0.7167445932672979,0.7254008563374271,0.7080882462438083,0.7202073335647583,4543269,34.201494236422405,31.7994329546042,32.7941229608513,32.184989727758854,30.05178983274327,1.33,100.0,-1.33,0.91
RTX,1982-10-13,0.7323262481737929,0.7479074915888897,0.7150136342243602,0.7340573668479919,6086506,34.5121583726543,31.747207774529528,32.892626033148005,32.24121682072409,30.01434363601741,1.35,100.0,-1.3,0.85
RTX,1982-10-14,0.7340568769671527,0.739250733243847,0.7271319031715393,0.7271319031715393,3175458,34.37350974892236,31.85924209340849,32.94861675614369,31.85287159562001,30.03017577936576,1.37,100.0,-1.3,0.83
RTX,1982-10-15,0.7236702793430403,0.7305951766407953,0.7167450462316319,0.7219389081001282,4337334,33.65807149735281,31.89967109119605,32.895258117830736,31.805706382542127,30.038766454648965,1.39,99.0,-1.31,0.85
RTX,1982-10-18,0.7219384055543222,0.7461762428283691,0.7202072873766923,0.7461762428283691,3778006,33.457862081432374,32.443924544734564,32.9174968088214,31.307420662651666,30.191591819034553,1.41,99.0,-1.28,0.8
RTX,1982-10-19,0.7461764845554638,0.7548328338280694,0.7357887646842785,0.7479075193405151,4967850,27.976572547871164,32.195649693871225,32.70800532058443,31.117156665394287,29.9840468009638,1.43,94.0,-1.25,0.87
RTX,1982-10-20,0.7617575223875367,0.768682751047473,0.7531011754576747,0.7652199268341064,5664467,27.942298465967713,32.40054939096302,32.84333853313997,31.152589881084264,30.037813669665,1.45,96.0,-1.19,0.8
RTX,1982-10-21,0.7669512349459338,0.7773389500287365,0.7548324858760274,0.7721450924873352,5217005,27.958519000697596,32.369107378198834,32.47896929570418,30.950095566583595,30.048489844786193,1.46,90.0,-1.13,0.89
RTX,1982-10-22,0.7842639345786685,0.7946516508935567,0.7738765540771936,0.7859953045845032,8229749,27.72478035061323,32.38756347944102,32.41925483826784,30.972427133164626,30.02740997885512,1.47,89.0,-1.05,0.9
RTX,1982-10-25,0.7808016240599674,0.7877266019386235,0.7738767301346838,0.7756077647209167,4347504,28.237122041725453,32.615308736544534,32.49281922742423,31.022204693849826,30.061856377676783,1.48,90.0,-1.03,0.87
RTX,1982-10-26,0.749638947003287,0.7704139662335573,0.7288638438196378,0.7669515609741211,5722942,27.717779745156818,32.67641892029321,32.5018911602015,31.064573867849333,30.078276351620747,1.49,90.0,-1.03,0.87
RTX,1982-10-27,0.7600271129304521,0.7669520114702855,0.7531017946234768,0.7617581486701965,3137322,27.33712327148933,32.72419758972162,32.415294745611625,31.08051452968674,30.07966597991728,1.5,86.0,-1.04,0.9
RTX,1982-10-28,0.751370578211116,0.7600269301763518,0.7427142262458801,0.7427142262458801,6109387,28.504767654070978,33.05742445143351,32.737380106415,31.25337202026155,30.180496046736195,1.51,93.0,-1.07,0.8
RTX,1982-10-29,0.7340573618755695,0.7427139626284733,0.7236699782737065,0.7409825921058655,2529688,28.37233788032314,32.75227383489494,32.71671487498595,31.243666101073135,30.168414337640538,1.52,92.0,-1.1,0.82
RTX,1982-11-01,0.7444450542690451,0.7582951784133911,0.7305948461713235,0.7582951784133911,1647475,28.514795114895293,32.379196529043455,32.850811437049906,31.338087757094467,30.054423157703997,1.53,96.0,-1.12,0.76
RTX,1982-11-02,0.775607887860801,0.7929205032128346,0.7582952725087675,0.7790703773498535,5481414,29.09497893251698,32.45073936275623,32.945227967068,31.470330967525552,30.154903229591323,1.54,99.0,-1.11,0.72
RTX,1982-11-03,0.7825327583425764,0.7929200530052185,0.7721450439132438,0.7929200530052185,3770379,29.33266509704444,32.50861967484076,32.986396041851705,31.506741131585347,30.06758790826068,1.55,100.0,-1.09,0.69
RTX,1982-11-04,0.7842641129992954,0.7946518316773968,0.7721453597349611,0.7756077647209167,5837350,30.351944181524747,33.006957000908855,33.23469996086983,31.642822620250584,30.142555395921676,1.57,100.0,-1.1,0.62
RTX,1982-11-05,0.7773391008377075,0.782532959386752,0.7721452422886629,0.7773391008377075,12577253,30.040342368091178,33.016387040480375,33.15112410570899,31.51930164471251,30.070738797444818,1.58,99.0,-1.12,0.65
RTX,1982-11-08,0.7582950285557466,0.7686827455412023,0.7461762772661247,0.7531011700630188,5817011,31.57529629810174,33.90810836525161,33.624983496835746,31.596910102375407,30.242249824060675,1.6,100.0,-1.14,0.54
RTX,1982-11-09,0.7721454489148804,0.7877266929181183,0.7548328343119529,0.7825331687927246,2908506,33.010394331940375,34.55190728380826,34.00416828997357,31.836611051497975,30.43061848743424,1.62,100.0,-1.16,0.43
RTX,1982-11-10,0.7911891917437248,0.8015765726259588,0.7790701049787655,0.7808014750480652,5994979,32.314221669340164,33.23708344583111,33.996649765113446,31.645298957752736,30.423691641752526,1.64,99.0,-1.19,0.44
RTX,1982-11-11,0.7911892917888195,0.8033080442727574,0.7790702034914135,0.8015766739845276,2410195,32.122096058741725,33.232329076960895,34.10812420637457,31.730284877761715,30.525993961985794,1.66,100.0,-1.19,0.4
RTX,1982-11-12,0.7981143881947314,0.8067707381166197,0.7894581222262315,0.8033082485198975,3266984,32.05115499024539,33.23756635052346,33.52388963424844,31.690785805337946,30.44881988693812,1.67,96.0,-1.19,0.53
RTX,1982-11-15,0.7872138495132717,0.7959606823167763,0.778467016709767,0.7889633178710938,6488205,31.796430224772728,32.34645374711279,33.68264128444684,31.723088529036065,30.491323178242375,1.67,97.0,-1.2,0.49
RTX,1982-11-16,0.7697199167431015,0.7749680649237786,0.7644717685624243,0.7732185125350952,4601744,32.73750042119018,32.05951076080611,33.79176842828917,31.830958610413408,30.567234620260823,1.66,97.0,-1.21,0.46
RTX,1982-11-17,0.785464564655736,0.7907127141952515,0.7784668622745471,0.7907127141952515,3122067,30.75327283590527,31.667125037743958,33.67474523909455,31.687829906699438,30.55547728325163,1.65,95.0,-1.22,0.5
RTX,1982-11-18,0.7959610092294623,0.8047081001183265,0.7854650430810278,0.7977104783058167,7535674,29.65397037424056,31.57629466594139,33.66311284853427,31.589698106930996,30.56383105936389,1.64,94.0,-1.22,0.5
RTX,1982-11-19,0.7837150606834936,0.7977100421639568,0.7697201640339532,0.7767177820205688,4655134,30.98056757078249,32.1149105952568,33.9597498502901,31.589707632381643,30.674791349275317,1.62,97.0,-1.23,0.43
RTX,1982-11-22,0.7627235095350731,0.769720793924127,0.7557258009910583,0.7557258009910583,3383934,31.57969555971362,32.640166205728335,33.83439492949492,31.79648454488122,30.780125334011792,1.62,96.0,-1.23,0.45
RTX,1982-11-23,0.7452292986787453,0.7574748132969779,0.7312344005919278,0.7329835295677185,3663598,32.89135845830798,33.324118647159985,33.756515020661176,32.00985905837005,30.859059556912804,1.62,94.0,-1.24,0.45
RTX,1982-11-24,0.7434799950791661,0.7539762982158774,0.7312345625791868,0.7522268295288086,2061886,33.28414147054681,33.68262695838396,33.93599795807533,31.96633665460193,30.955041675618666,1.62,96.0,-1.26,0.38
RTX,1982-11-26,0.7557258009910583,0.7609739551525811,0.7487285166020045,0.7557258009910583,1339845,33.15599045346822,33.53404259269814,33.87430877853634,31.534505401048285,30.947458707922713,1.61,95.0,-1.28,0.41
RTX,1982-11-29,0.7487280109665666,0.7574748438311494,0.7399811781019837,0.7417303919792175,1782222,33.57692160373708,33.35306082904009,34.05786073386409,31.637058663417246,30.992862547761202,1.61,99.0,-1.29,0.36
RTX,1982-11-30,0.7574744921475413,0.7732185125350952,0.7399808345404083,0.7732185125350952,3172915,34.37019205259485,33.64070648159911,34.2063642346343,31.910452637050867,31.239643477691477,1.62,100.0,-1.29,0.34
RTX,1982-12-01,0.7749684022160912,0.7819660210001552,0.7679711227557567,0.7784669995307922,4589032,34.407057887586724,31.184549655433695,32.45916059879174,31.455290071064816,31.218619112480134,1.62,64.0,-1.29,-0.08
RTX,1982-12-02,0.7959606013212999,0.8117049666302382,0.7802164905051384,0.7942113876342773,4439030,34.26104063510186,31.095074056235884,32.20178458659135,31.45973383416379,31.27227899838841,1.62,58.0,-1.27,-0.04
RTX,1982-12-03,0.7977106818270482,0.8029588359021739,0.7924625277519226,0.7924625277519226,3711904,34.1941461608579,31.094534552328728,31.98902767043073,31.439258154775406,31.273855848104752,1.62,55.0,-1.25,0.02
RTX,1982-12-06,0.8064568849128825,0.8239505502219676,0.7872138361067023,0.8187023997306824,4352589,35.0873862005642,31.519099600405603,32.08314062818792,30.90205797690691,31.311433486324564,1.62,59.0,-1.22,0.01
RTX,1982-12-07,0.8152039051055908,0.8239507397723481,0.8047079410321487,0.8152039051055908,3152576,34.85644352727148,31.544408739207107,32.090410689367225,30.83612424774649,31.31606876168242,1.62,59.0,-1.19,0.0
RTX,1982-12-08,0.7959610385492948,0.8082068135490426,0.7819663882255554,0.7819663882255554,2366974,36.8875274225449,32.42392815436501,32.75251561035812,31.09711982371057,31.60148697913917,1.63,72.0,-1.17,-0.0
RTX,1982-12-09,0.7557256309473864,0.7697206207314823,0.7417307259942637,0.7469788789749146,5250056,39.2266813724795,33.69993521267924,33.54376120214016,31.620063149658918,31.896457444443726,1.64,85.0,-1.14,0.0
RTX,1982-12-10,0.7504776153345906,0.7574749810971643,0.7434799950791661,0.7522268295288086,3185627,38.57375583400181,33.689836360923046,33.535557546764835,31.417781960216836,31.829780014856464,1.65,84.0,-1.09,0.01
RTX,1982-12-13,0.7592243250154364,0.7679711580276489,0.7504774920032238,0.7679711580276489,1797477,39.00652244196156,33.85374574296458,33.62483842747345,31.441087746242776,31.766074909993584,1.66,85.0,-1.05,-0.02
RTX,1982-12-14,0.7767179062089252,0.7854647392211378,0.7662216047971465,0.7679711580276489,3389019,38.44995574454007,33.710386076836,33.62483842747345,31.428736219870036,31.66363924813309,1.67,84.5,-1.01,-0.02
RTX,1982-12-15,0.7574746488824319,0.7697200760117874,0.7434796690023796,0.7592241168022156,2755962,37.74727222768281,33.71567735555546,33.581555702699724,31.467780594328904,31.686324086282553,1.68,83.0,-0.95,-0.01
RTX,1982-12-16,0.7504778172906279,0.7557256309473864,0.7434801951521204,0.7469788789749146,1482219,37.582708601875716,33.914105758606745,33.70471379132899,31.516657011186172,31.726505833134734,1.69,89.0,-0.89,-0.05
RTX,1982-12-17,0.7644720141671834,0.7854646136342623,0.7434797540237954,0.7767177820205688,2300872,38.89559923881172,34.76850056878609,34.1813019760241,31.78028691942502,31.853403421593914,1.7,99.0,-0.83,-0.12
RTX,1982-12-20,0.7679716636965959,0.7802171022471726,0.7557258009910583,0.7557258009910583,1271200,39.69092468111021,35.206581685925,34.49372936530455,31.892011815435545,31.979028594637725,1.72,100.0,-0.76,-0.19
RTX,1982-12-21,0.7679713790752228,0.7837154115698627,0.7522269224257793,0.7802168130874634,2397483,39.68932338417096,35.6370998271026,34.796495157782495,31.980455469784403,32.0719369740846,1.74,100.0,-0.68,-0.25
RTX,1982-12-22,0.7837153673171997,0.7907130728726358,0.7767180859165435,0.7837153673171997,1642390,38.11675555301184,35.62187315667719,34.71736032523906,31.92334492890329,32.032626555155296,1.76,99.0,-0.61,-0.23
RTX,1982-12-23,0.7959607372835124,0.8082065076483185,0.7837152214115267,0.8047078251838684,2476298,38.865785183262474,35.6667186765709,34.90148872372959,32.035063126502386,32.127377953712156,1.78,100.0,-0.53,-0.27
RTX,1982-12-27,0.8012091280430504,0.8099559649947766,0.792462375922299,0.8064572811126709,3300035,38.125652557318425,35.43322027521334,34.77960324589463,32.022849820351354,32.11862931713145,1.79,98.0,-0.44,-0.23
RTX,1982-12-28,0.809955589338328,0.8169532083499755,0.8029583096504211,0.8029583096504211,3289866,38.14328022710391,35.37894629615407,34.62918655298345,31.96674899648452,32.12364195014189,1.8,96.0,-0.37,-0.19
RTX,1982-12-29,0.8047078251838683,0.8082065076483185,0.7994596742407829,0.8047078251838684,1611882,37.76212560035254,34.99487579921796,34.32963130718614,31.966642294734836,32.123355098193755,1.8,94.0,-0.32,-0.12
RTX,1982-12-30,0.7994595376808987,0.8029582195477206,0.7942113876342773,0.7942113876342773,2522061,37.47932533578784,35.136375882384314,34.33598093000923,31.977562138802774,32.15347332216878,1.79,94.0,-0.3,-0.12
RTX,1982-12-31,0.7942119972746219,0.7977106818270482,0.7907133975531864,0.7924625277519226,1169504,36.92817708040322,33.94728111458161,34.34412362962576,31.97524303829352,32.11344994924837,1.79,94.0,-0.31,-0.12
RTX,1983-01-03,0.7767176931981831,0.7959604830211952,0.7557250961317351,0.7592241168022156,3928008,38.85119157748485,34.61340452721047,35.13156683826574,32.41540022546966,32.41608456163195,1.79,100.0,-0.36,-0.19
RTX,1983-01-04,0.7679713790752228,0.7802168130874634,0.7539763913289004,0.7802168130874634,2611045,38.977950398327124,35.01500676187388,35.33216483611522,32.551932078083894,32.517636138202,1.75,100.0,-0.46,-0.23
RTX,1983-01-05,0.7854649112972134,0.790713063152844,0.7802167594415829,0.7872140407562256,3124610,38.16029600098522,34.72896851300847,35.33966486030467,32.5550957903466,32.51868054146895,1.72,100.0,-0.63,-0.23
RTX,1983-01-06,0.8029584011356817,0.8169533014297485,0.7872139474352308,0.8169533014297485,7586522,38.27950289090465,35.466512355809684,35.72955824886442,32.70009940301872,32.698497072077224,1.67,100.0,-0.94,-0.29
RTX,1983-01-07,0.8344471968224819,0.8536902535989036,0.8134549254863273,0.8431939482688904,8669584,38.60235222900651,35.814799800908546,35.17820664802009,32.83336034955301,32.65905759891633,1.64,97.0,-1.04,-0.32
RTX,1983-01-10,0.844943646302152,0.8571890834500348,0.8326977849993571,0.851940929889679,5496669,38.6481013683886,35.76625039672302,35.00741203766333,32.82443730859818,32.58898741549315,1.59,95.0,-1.08,-0.29
RTX,1983-01-11,0.8431936627771591,0.8519404960929993,0.8344469142922581,0.841444194316864,4772085,38.369035959483824,35.84348363181806,35.09851539829897,32.772130382489436,32.53479087576135,1.55,95.0,-1.16,-0.32
RTX,1983-01-12,0.8414441943168639,0.8519404960929993,0.8291987634041905,0.841444194316864,5112766,36.70627432023623,35.278992015020165,34.37471602797185,32.6351024165977,32.531470447277464,1.51,87.0,-1.14,-0.29
RTX,1983-01-13,0.8449435469826116,0.8501916999260692,0.8396953940391542,0.839695394039154,7494995,36.71316232976776,35.288827724732116,33.99830449776265,32.49388173553525,32.51398444251095,1.48,78.0,-1.1,-0.24
RTX,1983-01-14,0.8449436704447015,0.8519409542321617,0.837945962502317,0.8466928005218506,6831429,36.38332335114868,35.04465890364985,33.669175154434804,32.49842275018429,32.50965385050192,1.45,67.0,-1.09,-0.16
RTX,1983-01-17,0.8606874121313911,0.8729328454279324,0.8484419788348497,0.8659355640411377,6305152,36.82793356908044,35.27269751599475,33.74397222408898,32.580732714882274,32.45351522475925,1.43,70.0,-1.01,-0.17
RTX,1983-01-18,0.8676851176729647,0.8729328454279324,0.8624369657632182,0.8659355640411377,3500885,35.745548790430774,35.11893990501761,33.70580932511884,32.494427999281186,32.449664868894644,1.39,69.0,-0.95,-0.17
RTX,1983-01-19,0.8571886201233186,0.86768492157058,0.8466923186760573,0.8554390668869019,4009365,35.93695897097851,35.099561322978154,33.74905942530398,32.524331093342965,32.47829632384728,1.35,70.0,-0.91,-0.19
RTX,1983-01-20,0.8519403216699181,0.8624366212970802,0.8414440220427559,0.8536897897720337,2585621,33.551062333012055,35.006260023937855,33.75473211685802,32.468646488300536,32.4764976200221,1.31,70.0,-0.88,-0.19
RTX,1983-01-21,0.8449430756249426,0.8554389515017944,0.8344467755934653,0.83619624376297,2905963,31.085063465844954,35.266985184920564,33.953841075609134,32.43958766908372,32.53450543059975,1.26,75.0,-0.86,-0.26
RTX,1983-01-24,0.8117045394589217,0.8169526867436293,0.8047072642386215,0.8134540915489197,2842403,32.36088585009055,35.34335546263061,34.19743430072949,32.60375139069161,32.66478890842346,1.22,82.0,-0.82,-0.3
RTX,1983-01-25,0.8256999437314926,0.83619624376297,0.8134545148542109,0.83619624376297,5872944,32.753080722557485,35.733512199672916,34.17448708304086,32.73681677589953,32.76072493790384,1.18,80.0,-0.79,-0.3
RTX,1983-01-26,0.8379449248313904,0.8396944768969021,0.8344463296856457,0.8379449248313904,2115277,32.74295132791216,35.462498490539424,33.75587208785271,32.679946706619624,32.46774663920572,1.14,67.0,-0.78,-0.24
RTX,1983-01-27,0.8571887238733809,0.8746823072433472,0.8396951405034146,0.8746823072433472,3539021,34.418936304822886,36.09135766826036,32.950009041810915,32.99936553108485,32.681896013675484,1.13,47.0,-0.72,-0.56
RTX,1983-01-28,0.8659353683341633,0.8781807988631584,0.8519404693996879,0.8554390668869019,6816174,34.777822119458385,36.27534021997574,33.02177032562601,33.13079931799784,32.27726256161457,1.12,48.0,-0.68,-0.57
RTX,1983-01-31,0.8589382171630858,0.8659354980163606,0.8501914676423311,0.8589382171630859,1438998,33.20270785212248,35.9511339323946,33.01202476800693,33.12923266811223,32.14732967203025,1.11,47.0,-0.64,-0.57
RTX,1983-02-01,0.8676849295683731,0.8746822094382342,0.8589380964459689,0.8694340586662292,11034016,31.975419334493367,36.01474100953002,32.95664839025812,33.148709467782,32.1227770955799,1.1,45.0,-0.59,-0.56
RTX,1983-02-02,0.8624367713928223,0.8694340512026156,0.8554390674283457,0.8624367713928223,9330608,31.105336408362984,35.39539424995722,32.98989411519201,33.15620454888357,31.9965506045421,1.1,46.0,-0.55,-0.57
RTX,1983-02-03,0.8624368688993472,0.8659354667843246,0.8589381861834235,0.8606873154640198,2867827,31.14183070438673,34.595769126960604,32.74422453089585,33.157701103217164,31.97834262171052,1.09,32.0,-0.52,-0.51
RTX,1983-02-04,0.8694337780869739,0.8746819271653228,0.864185629008625,0.8729323744773865,5150902,30.539796274299423,34.681068112920144,32.68021051344986,33.184698460020776,31.99451209661403,1.08,28.0,-0.47,-0.5
RTX,1983-02-07,0.881679544100698,0.8886768217124332,0.8729323744773865,0.8729323744773865,6284813,30.54962326676764,34.30747290075375,32.66023708951884,33.184698460020776,31.99451209661403,1.08,27.0,-0.43,-0.49
RTX,1983-02-08,0.8764317758605746,0.8851786099610313,0.8659354731428905,0.8746823072433472,2120362,30.47874971608591,34.30734530090967,32.619408659327945,33.13561555441755,31.991291997257914,1.07,24.0,-0.37,-0.48
RTX,1983-02-09,0.8606877074207104,0.8781812986287927,0.8431941162126281,0.8466928005218506,8654330,32.158465261625146,34.783793800610894,33.00301493668786,33.22828558812599,32.18005829640074,1.06,46.0,-0.32,-0.52
RTX,1983-02-10,0.867685026591065,0.8851786099610313,0.8501914432210987,0.8746823072433472,5641586,33.03956805174472,35.07793956725567,33.28415650946223,33.308628782797626,32.31149120016356,1.04,50.0,-0.26,-0.56
RTX,1983-02-11,0.8869276951855347,0.892175846283611,0.8816798834112292,0.8851785659790039,4200045,33.0919199568288,34.88431911976313,33.31488298582066,33.32374390111837,32.324722034065786,1.03,50.0,-0.2,-0.57
RTX,1983-02-14,0.9009227681412237,0.9201658210559962,0.8816799697193041,0.9166672229766846,8364496,31.213899449851528,35.511976725259714,33.703776418033186,33.34681724474201,32.48706458334019,1.01,61.0,-0.09,-0.62
RTX,1983-02-15,0.9096692034834819,0.9166669062096571,0.9026719249119148,0.9061706066131592,8112798,30.970626257779767,35.117324099679784,33.71699758849563,33.332108508075386,32.50777476049516,0.99,63.0,-0.03,-0.63
RTX,1983-02-16,0.9061703040999997,0.9114184521462227,0.9009221560537766,0.9044210910797119,3330544,31.01050851789181,34.57271466818042,33.6584980345652,33.31568099012996,32.51059908641591,0.97,55.0,0.02,-0.61
RTX,1983-02-17,0.9044216093234868,0.9114189743995667,0.8956745212391484,0.9114189743995667,4802594,29.469397573685974,33.868951129589384,33.653977209339494,33.27867966096328,32.43004813231074,0.95,54.0,0.06,-0.61
RTX,1983-02-18,0.9163632988929749,0.9198945166673502,0.9128320811185995,0.9163632988929749,3816142,28.26228128838854,33.55194815913205,33.476353337072844,33.21330320597079,32.30371346202418,0.92,46.0,0.06,-0.56
RTX,1983-02-22,0.9110659870645242,0.9145972034562159,0.9057690340473239,0.912831723690033,7167026,28.232095309149095,33.582553555709424,33.35103663711277,33.21421850990857,32.2771383531824,0.9,45.0,-0.03,-0.53
RTX,1983-02-23,0.930488188456929,0.942847490310669,0.9163630641188868,0.942847490310669,5631416,29.171115412967257,33.7933337334001,33.605763720491574,33.365031488373376,32.27853331123692,0.87,50.0,-0.03,-0.57
RTX,1983-02-24,0.9746288391960399,0.9852227472576703,0.9622695366501794,0.9710977077484131,7454317,30.078338770221926,33.307661027930926,33.60762928298106,33.502595588875714,32.36372212128548,0.85,50.0,0.0,-0.56
RTX,1983-02-25,0.9658009505287788,0.9746290378062108,0.9569727776315377,0.9605039954185486,4843272,30.363396408016456,33.43821066514997,33.67659827918462,33.487016538895396,32.36565366425859,0.82,58.0,-0.11,-0.58
RTX,1983-02-28,0.9552063010125215,0.9658002030336773,0.9428470055137348,0.9446127414703369,5128021,30.948063120040203,33.50969782983463,33.11086986857473,33.56303719369419,32.379754592164545,0.81,37.0,-0.19,-0.61
RTX,1983-03-01,0.9304877263620062,0.9552063177938424,0.9057687068314482,0.9287219047546387,8161104,30.974315004728087,33.74130794494686,32.92665308518761,33.64084393410447,32.43369373941262,0.81,27.0,-0.27,-0.6
RTX,1983-03-02,0.9181281498614406,0.9269563174975735,0.907534588433404,0.9216597080230713,4990731,31.103021931955904,33.220062060552884,32.96580479544818,33.626355346290126,32.29314715476846,0.81,31.0,-0.37,-0.61
RTX,1983-03-03,0.9340194113169598,0.9499099315989381,0.9181285485558002,0.9357852339744568,4502590,31.024175938055627,33.30334011635694,32.84259521772977,33.64437209014625,32.24509379773606,0.81,20.0,-0.45,-0.59
RTX,1983-03-04,0.9322528498063168,0.9446124844207497,0.9181277365749355,0.9410809278488159,5707688,30.995677706092128,32.02481155240196,32.83795077966543,33.621408623304234,32.10896689789284,0.81,19.0,-0.52,-0.59
RTX,1983-03-07,0.9287227978874731,0.9428479287945948,0.9145977526001783,0.9322540163993835,5982267,30.404945610285722,30.485399512310607,32.787601569301735,33.64643559120443,32.13309057864147,0.81,19.0,-0.59,-0.58
RTX,1983-03-08,0.9216592422726074,0.9287215844491682,0.9128310790976908,0.9145965576171875,1156792,29.74282420865144,30.832435397868018,32.91195845787886,33.713057636885054,32.18527315171975,0.81,25.0,-0.67,-0.61
RTX,1983-03-09,0.9163627560695368,0.9251909237056696,0.9057688521624677,0.9216597080230713,2974608,28.91473681355804,30.632378923330624,32.88775368831745,33.36755463888021,32.07481911111642,0.81,24.0,-0.75,-0.6
RTX,1983-03-10,0.9216600314204993,0.9357851559664725,0.9057691699840179,0.9093003869056702,2753419,29.319031359635783,30.814025893919023,32.61474457833276,33.40489865501742,31.81091270595494,0.81,11.0,-0.82,-0.57
RTX,1983-03-11,0.916362823687724,0.9234251699542914,0.9093001349420992,0.9198940396308899,2318669,26.893577811389846,30.71988682633752,32.65035245190704,33.363385060233654,31.821443894067887,0.81,13.0,-0.88,-0.58
RTX,1983-03-14,0.9251907752583699,0.9322531198706518,0.9181280025473663,0.9287219047546387,2979693,25.999538190975315,30.475999292481802,32.50226475681327,33.22588571612068,31.787678271002978,0.82,11.0,-0.95,-0.55
RTX,1983-03-15,0.935785142191115,0.942847490310669,0.9287223659726267,0.942847490310669,2702571,26.24372933743868,29.672148851621376,32.55029910344272,33.24731848947617,31.48607590018398,0.82,11.0,-1.0,-0.56
RTX,1983-03-16,0.9322537518350725,0.9410818384194389,0.9216601849255166,0.9251914024353027,4705982,26.850346169495932,29.34691765456252,32.61840499980334,33.31461864584433,31.520153191903894,0.81,12.0,-1.06,-0.57
RTX,1983-03-17,0.9287219047546387,0.9340188558582749,0.9216595601423568,0.9287219047546387,1843240,26.680271338547097,28.739239742870982,32.53197351436943,33.047455979555444,31.501965150242807,0.81,9.0,-1.11,-0.55
RTX,1983-03-18,0.9499100851980883,0.9640351275857505,0.9340195623466343,0.9605039954185486,4220384,28.122480720771343,29.421180698279574,32.85293792334038,32.95259530607935,31.128339115261166,0.81,24.0,-1.12,-0.59
RTX,1983-03-21,0.956971655941603,0.9622686048431496,0.9499089717864989,0.949908971786499,2905963,28.2561797112645,29.169884014883706,32.89011640989583,32.99615197692412,31.102574442556364,0.8,25.0,-1.15,-0.6
RTX,1983-03-22,0.9481440468498551,0.9622690796508742,0.9481440468498551,0.9516751766204834,2458501,28.2452143222679,29.17022776085733,32.59278573888492,32.95900190603912,30.967461066505862,0.8,9.0,-1.18,-0.54
RTX,1983-03-23,0.949909750674826,0.9710975636541784,0.9269565434731976,0.9693317413330078,2074598,28.597843142496465,29.305330672425427,32.68071449692824,33.003892864850386,31.007246948320617,0.81,16.0,-1.19,-0.56
RTX,1983-03-24,0.9658006104093403,0.974628694577846,0.9640347880881697,0.9693317413330078,5374634,26.52359927636434,29.31177587552567,32.518828202811186,32.78075388895851,30.855011726090385,0.81,7.0,-1.19,-0.52
RTX,1983-03-25,0.9693310850179796,0.9940500978040209,0.9693310850179796,0.9781592488288879,6727190,25.209471752762774,29.13923844055638,32.297579213914375,31.780750849420937,30.825912590399422,0.82,5.0,-1.19,-0.48
RTX,1983-03-28,0.9781597239587513,0.9799254603222843,0.9693315558596616,0.9746285080909729,2979693,25.172564279117243,29.152417451255374,32.216586426635274,31.586950107883,30.823086646519478,0.82,5.0,-1.21,-0.46
RTX,1983-03-29,0.9710969040881893,0.9746280326135253,0.9569717906487996,0.9587376117706299,3193254,23.916025654448497,27.833647452443262,32.12137021340208,31.540010998686057,30.879842195340352,0.84,4.0,-1.23,-0.44
RTX,1983-03-30,0.9587384052025526,0.9728631022326432,0.9569725826193642,0.9710977077484131,2056802,23.804854667957027,27.470029241018473,32.166169250024254,31.432085747288514,30.87710993407923,0.85,5.0,-1.25,-0.46
RTX,1983-03-31,0.971096767392685,0.971096767392685,0.94637775813851,0.949908971786499,3615293,24.80994369274776,27.94561254281881,31.94363257794611,31.564268754111712,30.949412772532632,0.86,1.0,-1.27,-0.44
RTX,1983-04-04,0.9481440490183966,0.958737952073017,0.9428470974910862,0.9552063941955566,2171210,24.77206720109719,27.0420144301592,31.422486451019704,31.49000901929982,30.88676572321078,0.88,1.0,-1.29,-0.39
RTX,1983-04-05,0.964034135359602,0.9834561984872656,0.9605030068267922,0.9781592488288879,3935635,25.57632929965693,26.72768886846983,31.603685706778194,31.50957816441253,30.884911739782773,0.9,2.0,-1.29,-0.43
RTX,1983-04-06,0.9799263118163303,0.9852232686503625,0.9675670027297661,0.9816921353340149,5631416,25.51466615822528,26.678882937687217,31.369402919310446,31.501561162570486,30.841410639364565,0.92,1.0,-1.3,-0.38
RTX,1983-04-07,0.9834575307525147,0.9852232686503625,0.9763951784999828,0.9816921353340149,4347504,23.888092642370268,26.506348029196193,31.371043987584894,31.48564382302334,30.833429641758016,0.94,2.0,-1.3,-0.38
RTX,1983-04-08,0.981692135334015,0.981692135334015,0.9587389125793865,0.9816921353340149,3963602,22.344662421436265,26.506348029196193,31.208264580876268,31.48564382302334,30.825570727018746,0.97,1.0,-1.31,-0.33
RTX,1983-04-11,0.9816912790781709,0.9869878888130188,0.9781597207429525,0.9869878888130188,2511891,22.12559662878245,26.494543533717746,31.005508267379795,31.414109839575495,30.777720405216318,1.0,1.0,-1.3,-0.27
RTX,1983-04-12,0.9869880380569922,0.9887537746817199,0.9675663051013909,0.9763944745063782,5649213,21.781790981089998,26.61064027464407,30.909635785308254,31.448928135074013,30.806841321293827,1.03,1.0,-1.3,-0.25
RTX,1983-04-13,0.9816914483137127,0.9905195322859058,0.9816914483137127,0.9887537956237793,3851736,21.3305303820314,26.367631881144654,30.936204468757822,31.461217371648882,30.792366688775402,1.05,2.0,-1.3,-0.26
RTX,1983-04-14,0.986987850641819,1.0011128847597424,0.9852223712116568,0.9958159327507019,9917902,21.174215867350355,26.382484090631277,30.598218750497807,31.446154754788786,30.79022995125154,1.08,1.0,-1.28,-0.19
RTX,1983-04-15,0.9922847193722159,1.0170036554336548,0.9922847193722159,1.0170036554336548,10871302,21.54165849250007,26.48041514503544,30.359493480318523,31.515740977638558,30.84316446562014,1.12,1.0,-1.24,-0.14
RTX,1983-04-18,1.0170039356928173,1.0417225360870361,1.0170039356928173,1.0417225360870361,4660219,22.39541677403362,26.809761434285594,30.060047026223895,31.564368385929388,30.91704388299364,1.16,1.0,-1.17,-0.1
RTX,1983-04-19,1.0417232976598036,1.0558484304309885,1.0328952074050903,1.0328952074050903,5941589,22.351512515143487,26.457225554913094,29.90340911986521,31.58661015403745,30.931787488731665,1.2,1.0,-1.13,-0.07
RTX,1983-04-20,1.0346603837539043,1.0699729824660862,1.0346603837539043,1.0682075023651123,3902584,22.948556254938143,26.35729880848218,30.290916484774026,31.71590138131915,31.002550417857144,1.24,3.0,-0.99,-0.15
RTX,1983-04-21,1.0735038076529622,1.0770353661859495,1.0487852096557617,1.0487852096557617,4055128,23.920911586400386,26.323484850526746,30.284573358894214,31.71751507156654,31.036140697368857,1.26,3.0,-0.96,-0.15
RTX,1983-04-22,1.0346601889141134,1.0417225360870361,1.0346601889141134,1.0417225360870361,1604254,23.561823156850455,26.40997375712618,29.702640879880644,31.562738915676974,31.034450188182667,1.3,1.0,-0.94,-0.1
RTX,1983-04-25,1.0399571983203113,1.0452541516316762,1.0346602450089466,1.036426067352295,2237312,23.62393529269974,25.16337881818566,29.72385495021337,31.520847805528536,30.96784146020258,1.34,2.0,-0.93,-0.11
RTX,1983-04-26,1.0399566559720008,1.0523159503936768,1.0275970190713835,1.0523159503936768,4164451,23.796499639506614,24.736568419576415,29.662933154052084,31.54750402028944,30.887717095210316,1.38,1.0,-0.92,-0.1
RTX,1983-04-27,1.0558475616440872,1.0717384192584556,1.0381913100429805,1.039957046508789,4723779,23.999583398809495,24.933016524443456,29.743431945824195,31.598073651135078,30.812051129622226,1.42,4.0,-0.91,-0.13
RTX,1983-04-28,1.0328940383845442,1.0417221186477124,1.0240658725016347,1.0311286449432373,4182248,23.346024431269345,24.975650138852927,29.406929423819488,31.629274328160896,30.831878616459907,1.46,1.0,-0.93,-0.07
RTX,1983-04-29,1.0311291056155136,1.03995718982276,1.0205351990793476,1.0275975465774536,2389856,23.434875298756502,24.90686818664198,29.40238059647321,31.6384491694146,30.83825186454729,1.5,1.0,-0.94,-0.07
RTX,1983-05-02,1.0134728898852827,1.0293633221912113,0.9958162070847825,1.011707067489624,3536478,22.220365579303902,25.175387638709662,28.693783290867447,31.71652294079558,30.82536259560032,1.55,1.0,-0.94,-0.11
RTX,1983-05-03,1.0028785210911084,1.0064096505375322,0.9781595019094803,1.001112699508667,5987352,22.19261881145787,25.204190901415778,27.710643443883537,31.229564705946373,30.83985622487172,1.64,1.0,-0.95,-0.3
RTX,1983-05-04,0.997581793240813,1.0099410915472862,0.9852224093145777,0.9869878888130188,8369581,22.66929576072256,25.42643002192734,27.83557474874871,31.172067648427138,30.83907986481466,1.71,2.0,-0.95,-0.33
RTX,1983-05-05,0.9763944951866643,0.9887537956237793,0.9640347666506641,0.9887537956237793,5951758,22.07971631910094,25.426484121179303,27.68581745325524,31.17038888150374,30.727715163192777,1.78,1.0,-0.94,-0.27
RTX,1983-05-06,0.9887534039672109,1.0170035525952628,0.9887534039672109,1.001112699508667,8646702,22.3393816962518,24.467058864566525,27.727152559912778,30.729387825104993,30.720711652704153,1.84,3.0,-0.93,-0.29
RTX,1983-05-09,0.9993474070779512,1.024066000660383,0.9993474070779512,1.0170036554336548,4149197,22.629186439311137,23.829670863904482,27.711153590832122,30.527580930010995,30.74692302924812,1.9,3.0,-0.93,-0.3
RTX,1983-05-10,1.0311289581466323,1.057613292600443,1.027597399613645,1.0487852096557617,3866990,24.125574929754343,24.452455776907083,27.8876127037385,30.502461089286147,30.834205885236297,1.96,6.0,-0.96,-0.34
RTX,1983-05-11,1.0523165150660456,1.0523165150660456,1.025832176208496,1.025832176208496,2923760,24.564893282324284,24.04398222883484,27.58626687864092,30.60194314920087,30.91047435089378,2.01,1.0,-0.96,-0.34
RTX,1983-05-12,1.0240663538385029,1.0275975704795826,1.011707052784834,1.025832176208496,2433077,24.366362620043038,23.88531946786906,27.162893173996704,30.576234600485343,30.911467602554804,2.07,1.0,-1.0,-0.28
RTX,1983-05-13,1.0258321523474305,1.034660236554677,1.022300935788488,1.0275975465774536,2097480,23.29148957268938,23.870920783091258,26.76693008137488,30.549642958921584,30.90997768262052,2.13,1.0,-1.0,-0.2
RTX,1983-05-16,1.0190456692560692,1.0190456692560692,1.0047932115894131,1.010137915611267,4670389,23.961829778484596,24.16409572768635,26.950793992050514,30.63601978510527,30.972318942868686,2.18,2.0,-1.0,-0.24
RTX,1983-05-17,1.0137012513399932,1.0226093530654907,1.0047934951810773,1.0226093530654907,2181379,23.272172463430074,24.24966917104024,26.723980815660102,30.65652701410997,30.975487787171318,2.23,1.0,-0.98,-0.18
RTX,1983-05-18,1.0261721136087707,1.0422058814505206,1.0208274091393499,1.024390459060669,2984778,23.263657619208452,24.22068871375888,26.724160913887896,30.600439641525078,30.973279197398075,2.28,2.0,-0.96,-0.18
RTX,1983-05-19,1.022609074551956,1.0243903834019825,0.9905411956703898,0.9923225045204163,2608502,25.17960396579249,24.34628536008493,27.250683484267718,30.707755211840343,31.161689945992322,2.31,6.0,-0.93,-0.23
RTX,1983-05-20,0.9869782328605652,0.9958859904960687,0.9727257688087637,0.9869782328605652,5143275,25.234876522796746,23.631229874526742,27.27679611374659,30.46391461632419,31.17048375138889,2.35,7.0,-0.89,-0.23
RTX,1983-05-23,0.9816336731108458,0.9994494502186997,0.9727259141444278,0.9941047430038452,5260226,25.272826721741517,23.555308520077652,27.179689402739754,29.59655094989352,31.1381397888112,2.38,6.0,-0.86,-0.21
RTX,1983-05-24,0.9958859729542754,0.9976676281199852,0.9780704579970755,0.9798521995544434,7375502,25.432880391991723,23.48953885118183,27.299824207020944,29.55483440380461,31.056821030577154,2.41,9.0,-0.83,-0.24
RTX,1983-05-25,0.9834149308854706,1.0083568014100692,0.9780702258319914,1.004793405532837,9340778,26.215818046547323,23.727458744463934,26.57265546878973,29.67312480917673,31.059360198209212,2.44,1.0,-0.96,-0.48
RTX,1983-05-26,1.0065754227197783,1.0190461454230693,1.0030123714319326,1.0137014389038086,3274611,26.257752361375736,23.702180552056635,26.300159524915966,29.62907447701908,31.06435493216462,2.47,1.0,-1.04,-0.41
RTX,1983-05-27,1.0083572091851178,1.0119202609366815,0.9941047430038453,0.9941047430038452,5783960,26.14349163159069,23.917291551107482,26.51329771899525,29.734187645982736,31.00303054101865,2.49,2.0,-1.11,-0.44
RTX,1983-05-31,0.9834151867343291,0.9869782379719874,0.9620367929167201,0.9709444642066956,1853410,25.861517347503494,24.419639808986286,26.236758794698318,29.730888510982144,31.07114266597789,2.51,1.0,-1.1,-0.43
RTX,1983-06-01,0.9709441419441333,0.9798518966692281,0.9673811782807056,0.9727254509925842,3666141,25.820978189190217,24.33265777389083,25.7954136858164,29.662083345849453,31.056341900447933,2.54,1.0,-1.05,-0.35
RTX,1983-06-02,0.9780699561793709,1.0101378320926238,0.9709439439142772,1.0065748691558838,3175458,25.892224006302882,24.92360836197751,26.279149321657503,29.893898185361863,31.1871345746408,2.56,3.0,-1.02,-0.4
RTX,1983-06-03,1.0137009652342153,1.0137009652342153,1.0065749523799397,1.010137915611267,1975445,25.463320041864257,24.894716424306758,26.183618140591026,29.87120095384901,31.140361985299247,2.58,2.0,-0.98,-0.38
RTX,1983-06-06,1.0101378320926238,1.0172642763157864,1.0065748691558838,1.0065748691558838,5450906,25.419860378918514,24.720918255654194,26.195900389174255,29.82457210846905,31.14029451314306,2.61,3.0,-0.95,-0.39
RTX,1983-06-07,1.0083574300144122,1.0137017928329868,0.9905419945716857,0.9905419945716858,1754256,25.76406686001088,24.896993548908274,26.342030732454237,29.861685705825142,31.17759452943703,2.63,7.0,-0.9,-0.42
RTX,1983-06-08,0.9887600278256253,0.9887600278256253,0.9691629409790039,0.9691629409790039,1202555,25.910493679470903,25.27653315100165,26.581394503783233,29.993540723723868,31.27194560788455,2.65,10.0,-0.83,-0.45
RTX,1983-06-09,0.9727259141444278,0.9941047430038453,0.9727259141444278,0.9941047430038452,2750877,27.001264422315547,25.613399388746405,26.644818140115333,30.120349463467598,31.30231746786763,2.67,11.0,-0.77,-0.46
RTX,1983-06-10,1.0012306403191735,1.0190460681915283,0.9976675893013646,1.0190460681915283,1838155,27.957051785778063,25.73632530308388,26.90127592380357,30.20283183841221,31.373559231481256,2.68,15.0,-0.71,-0.54
RTX,1983-06-13,1.0332979917512033,1.058239856284112,1.0297350286880762,1.0564581155776978,4655134,29.861620660553555,26.684947871839515,27.356729903346285,30.427055440372,31.542220890844856,2.69,22.0,-0.65,-0.58
RTX,1983-06-14,1.054676685236863,1.0671474000865402,1.0493319820835065,1.0600210428237915,4398352,29.45360699614169,25.867230273862884,27.349284836324273,30.420945446228746,31.51351526080674,2.69,22.0,-0.6,-0.58
RTX,1983-06-15,1.058239856284112,1.0600211650324416,1.0368610412059471,1.0564581155776978,5191581,29.270921297723646,25.752981615217323,27.11775927681972,30.326211806879556,31.513261077959264,2.69,17.0,-0.57,-0.54
RTX,1983-06-16,1.065365868801983,1.0671475231167802,1.0475504487450296,1.0564581155776978,5458533,28.882987850393715,25.755531122408854,26.693513114115024,30.245609672792817,31.498538258073072,2.7,12.0,-0.68,-0.5
RTX,1983-06-17,1.0564586697000253,1.0635851179138687,1.0511139631271362,1.0511139631271362,2242397,28.961192562655384,25.555982802050327,26.4181307604377,30.21814793374088,31.502173131971333,2.7,8.0,-0.7,-0.42
RTX,1983-06-20,1.054676685236863,1.0689291405875394,1.054676685236863,1.0600210428237915,4055128,28.859918393742362,25.595423794493172,26.436137764033262,30.088415157305164,31.473492778355254,2.71,9.0,-0.74,-0.43
RTX,1983-06-21,1.0653662389271552,1.0742739952461366,1.056458482608174,1.0724925994873047,2946642,28.71456092834602,25.63433314022157,25.67049580601611,30.09190814789413,31.214219016192246,2.73,1.0,-0.68,-0.5
RTX,1983-06-22,1.08496336885546,1.0938710384737378,1.0742739579735814,1.086745023727417,4212757,27.6025487518941,25.721558613065987,25.432550347707956,29.65074581349456,31.214216169683027,2.76,1.0,-0.65,-0.48
RTX,1983-06-23,1.0885260016769163,1.0885260016769163,1.0796183347702026,1.0796183347702026,2046632,26.818075411914187,25.501126401573472,25.47081487401302,29.452504536440383,31.186892635800966,2.79,2.0,-0.63,-0.49
RTX,1983-06-24,1.0831822614812612,1.0938716786186966,1.0796192952188384,1.092090368270874,2786470,26.9609125993934,25.47854860051537,25.464531932243784,29.4705385459308,31.08506462297657,2.81,2.0,-0.58,-0.48
RTX,1983-06-27,1.0920899621896554,1.0938712718751182,1.0707111358642578,1.0707111358642578,3139864,27.695739956201592,25.390503286800897,25.652524086702734,29.47045141717774,31.16157392813556,2.83,4.0,-0.58,-0.52
RTX,1983-06-28,1.072492343278009,1.076055393119431,1.043987512588501,1.043987512588501,2016123,28.262965946943574,25.985035038255006,26.012132163762598,29.643461008246614,31.259105256685345,2.84,7.0,-0.6,-0.56
RTX,1983-06-29,1.0457692534882777,1.0511135258797188,1.0422058580803506,1.043987512588501,3205966,28.064535550747856,25.56840084594428,25.940101658944194,29.575406037189023,31.062128309239856,2.85,7.0,-0.59,-0.53
RTX,1983-06-30,1.0457690954208374,1.0493320583320933,1.0422057005515155,1.0457690954208374,1792392,28.064423067108685,25.563367561701718,25.938519748941935,29.544112098775226,30.848809052719194,2.87,7.0,-0.59,-0.53
RTX,1983-07-01,1.0475505179038629,1.0475505179038629,1.0315167511031644,1.0386427640914917,5051749,26.438256519220893,25.613766323295017,25.97475660939328,29.542694970976825,30.861714518608373,2.88,9.0,-0.59,-0.54
RTX,1983-07-05,1.0226093910439502,1.0226093910439502,1.0047935324978776,1.0083569288253784,4050043,27.87908335299745,26.367049919691116,25.880427602752853,29.54664682284527,30.999882188961013,2.88,7.0,-0.81,-0.56
RTX,1983-07-06,1.0065753464333693,1.0226094647759565,1.0012306403191735,1.0190460681915283,4772085,27.96353202854037,26.429495029949067,25.44670783707129,29.565204165490062,31.008689439180355,2.89,2.0,-0.87,-0.52
RTX,1983-07-07,1.0137017236321675,1.0243911396731302,1.0083573611784287,1.0154833793640137,1474592,27.62221800932332,26.338163816189887,25.40402723442248,29.463942542916943,30.83524459809893,2.89,1.0,-0.91,-0.49
RTX,1983-07-08,1.0190455850009288,1.0208272392525264,1.0047931285126723,1.0065748691558838,5166157,26.805210705836803,26.289289520447845,24.875918262522823,29.476061617696995,30.077402180094097,2.9,1.0,-0.86,-0.46
RTX,1983-07-11,1.0101380186263589,1.0137010686126713,0.9976673004784506,0.9994489550590515,3554275,26.75002656572673,26.29328517091404,24.829512993217115,29.429282519781808,29.946437161967314,2.9,1.0,-0.83,-0.44
RTX,1983-07-12,0.9869782154756754,0.9923229217978303,0.9762891483979982,0.9798521995544434,2491552,26.767546597561438,26.2331281052292,25.043986322987564,29.484781922908336,29.922956057212662,2.9,3.0,-0.81,-0.49
RTX,1983-07-13,0.9887598880576575,0.9941045944739554,0.9834151816413595,0.9869782328605652,1980530,25.934587901156313,25.781747004085336,25.040854334968383,29.455326222076373,29.835981773974723,2.89,3.0,-0.78,-0.49
RTX,1983-07-14,0.9869779983592444,0.9941043582794451,0.9798519840056003,0.9834149479866028,7055160,25.959175487551317,25.73952444754134,25.039520372256664,29.445276593595548,29.83704096838851,2.88,3.0,-0.74,-0.48
RTX,1983-07-15,0.9816336652048752,0.9834153206538166,0.9620369239249412,0.9691629409790039,3005117,24.22623443599007,24.866328475522987,25.147155333161358,29.33536003437452,29.832341877136614,2.88,6.0,-0.73,-0.51
RTX,1983-07-18,0.9691628039812178,0.9869782328605652,0.9620367879344661,0.9869782328605652,8491616,24.8446043996302,24.94470719137942,24.7903517454155,29.398456771733862,29.812823088357128,2.87,1.0,-0.68,-0.51
RTX,1983-07-19,0.9923231443850505,0.9923231443850505,0.978070677387336,0.985197126865387,5272938,24.832968856953123,24.91662866232023,24.35033116359458,29.289485112846325,29.807606836601906,2.86,1.0,-0.67,-0.43
RTX,1983-07-20,1.0047931285126723,1.0065748691558838,0.9923224126676273,1.0065748691558838,5489042,25.197343839305976,25.3183534400167,24.517346956459658,29.22844609736397,29.853962433579866,2.85,2.0,-0.64,-0.49
RTX,1983-07-21,1.008357001529756,1.0190460681915283,1.0065753464333693,1.0190460681915283,4090722,24.498194667159073,25.24838116567069,24.432960650765974,29.19376450301962,29.87012359316006,2.85,2.0,-0.6,-0.49
RTX,1983-07-22,1.0252811141927975,1.0315168621819568,1.0190457981617977,1.0297352075576782,1667814,23.6055518420398,25.235596344206414,24.313891353998642,29.079021673916667,29.830724141024866,2.84,1.0,-0.55,-0.47
RTX,1983-07-25,1.0226091938019868,1.033298171239708,1.0226091938019868,1.0297352075576782,1977987,22.51979848257659,25.17536589093564,24.274803870308993,29.079511152434677,29.824191823885364,2.84,1.0,-0.52,-0.46
RTX,1983-07-26,1.0297353679310037,1.0315170228327615,1.0208276117720878,1.0226093530654907,1647475,19.89003140340427,25.205961489741536,24.20186933473546,28.82766939940441,29.833894622060548,2.84,1.0,-0.45,-0.42
RTX,1983-07-27,1.0261725144658045,1.0404249788934508,1.0154831013513232,1.0172648429870605,3500885,19.879036288030168,25.022690118978495,24.20909452760084,28.507314736771217,29.831793395561768,2.83,2.0,-0.38,-0.42
RTX,1983-07-28,1.008357083345646,1.0101383930199452,0.997667670249939,0.997667670249939,2453416,20.55448352366386,25.25028618278677,24.36849532608452,28.611347808997667,29.90880709725299,2.82,6.0,-0.31,-0.45
RTX,1983-07-29,0.9620367859150479,0.9869782307887921,0.9406579602947327,0.9549103379249573,8417886,23.856382702894056,26.648354037932815,25.180390008990987,28.951945511874573,30.219311355029614,2.79,16.0,-0.35,-0.16
RTX,1983-08-01,0.9549098581217428,0.9602545618413262,0.9424391419508964,0.9584729075431824,4233096,23.937882149708553,26.658563145785735,25.159127616469334,28.953441065169667,30.215734736890877,2.76,16.0,-0.36,-0.15
RTX,1983-08-02,0.9655991550391543,0.9691622040527699,0.9602544519313215,0.9620361924171448,2745792,23.778978664571643,26.537457235623386,25.065397361937524,28.86672103824536,30.168416776890993,2.74,15.0,-0.48,-0.11
RTX,1983-08-03,0.9655997765294649,1.0012307215568461,0.9620368116142195,0.997667670249939,3887330,26.088000060831035,27.40441532045012,25.644854481335344,29.054840522940744,30.29342044245185,2.71,24.0,-0.5,-0.13
RTX,1983-08-04,1.0012304590247283,1.0012304590247283,0.9691625737127579,0.9834149479866028,7266179,25.87791602377822,26.771534589127775,25.718673244787894,29.007095192995415,30.217985377516086,2.67,27.0,-0.5,-0.15
RTX,1983-08-05,0.9869782154756754,0.9958859729542754,0.9709444420758434,0.9798521995544434,3831397,25.85984898322897,26.416179672736607,25.62111394925911,28.998558237305723,30.186655469541883,2.64,24.0,-0.48,-0.1
RTX,1983-08-08,0.9745067551678541,0.9780697172341523,0.9477835893630981,0.9477835893630981,6922955,26.880075900154228,27.242375690645137,25.99536590526279,29.098129047750554,30.39565207752371,2.6,34.0,-0.56,-0.1
RTX,1983-08-09,0.9584729862125291,0.9602546406569072,0.937094515145962,0.9442209601402283,7967882,26.499116546980527,27.239440047969953,25.996715951111092,28.90593550237115,30.400778426278464,2.56,35.0,-0.63,-0.1
RTX,1983-08-10,0.9299683091191981,0.9317496176274196,0.9121525458972212,0.9281866550445557,20295979,26.036934284001056,27.2392090612168,25.578254549877116,28.74121083326873,30.459466488045685,2.51,24.0,-0.56,-0.08
RTX,1983-08-11,0.9370941848146475,0.9477835893630981,0.9317494825404221,0.9477835893630981,7614488,26.99668455327695,27.48043413069567,25.739541403406225,28.686787135193377,30.51441126003578,2.46,30.0,-0.56,-0.13
RTX,1983-08-12,0.9513471036969516,0.9673812183715553,0.9513471036969516,0.9655994772911072,11639107,27.701104777932677,27.775556128003036,25.907753866305633,28.75744014543511,30.55775362489454,2.4,33.0,-0.55,-0.19
RTX,1983-08-15,0.9893444283937912,1.0001373937484221,0.9839479457164758,0.9857468605041504,8893315,28.47555019342632,27.366872176818724,25.950846073980998,28.74796329366261,30.205626708476686,2.35,36.0,-0.53,-0.2
RTX,1983-08-16,0.9857464344815106,1.0019355266025323,0.9839475204712956,0.9893440008163452,3122067,27.253935084390314,27.354966950554143,25.95668743734569,28.35264249976865,30.10745648628611,2.29,37.0,-0.5,-0.2
RTX,1983-08-17,0.9911429302017082,1.0037348095301,0.9911429302017082,1.0001373291015625,2816979,27.26497475297621,27.406021142327276,25.973738977423615,28.367705380885898,30.11802197431923,2.24,38.0,-0.48,-0.21
RTX,1983-08-18,1.0037335968690075,1.0037335968690075,0.9803491300498273,0.9821476936340332,2044090,27.725990637391774,27.500486670519457,26.13042369363051,28.37433371483222,29.83306659173145,2.18,43.0,-0.47,-0.26
RTX,1983-08-19,0.9803493408121075,0.9821479047829811,0.9695563868742764,0.9767518639564514,3973771,27.66275674599228,27.018911851167537,26.01191256574655,28.382575745561823,29.65498549185201,2.13,42.0,-0.44,-0.22
RTX,1983-08-22,0.9857455558650735,0.9929405948931164,0.9785501679232147,0.9875441193580627,2577994,27.812565808086458,27.054301454349993,25.991014256778417,28.160271473536685,29.52707244846275,2.06,40.0,-0.42,-0.21
RTX,1983-08-23,0.9875444338508502,0.9875444338508502,0.9695564380242542,0.9713554382324219,1683069,27.629695313226133,26.97095943881057,25.885199307244243,28.230060423910224,29.547059462566605,2.01,33.0,-0.4,-0.19
RTX,1983-08-24,0.971356014791177,0.971356014791177,0.9497700929641725,0.9497700929641724,1189843,28.260636325977277,26.931452469714852,26.119528539993798,27.912326292231004,29.621404478405662,1.96,46.0,-0.4,-0.25
RTX,1983-08-25,0.9533678370458291,0.9533678370458291,0.9353793976306345,0.9461723566055298,4797509,28.261964717161174,26.936511907925077,25.845141700432134,27.356675559929677,29.602474044748185,1.9,32.0,-0.42,-0.17
RTX,1983-08-26,0.9479706128921823,0.9677571654319764,0.9443727010412906,0.9677571654319763,3312747,28.787901742161733,26.39648173451657,26.092545776193965,27.463911781069967,29.675167765016834,1.85,47.0,-0.44,-0.24
RTX,1983-08-29,0.9641603633551561,0.9641603633551561,0.9533678404839295,0.9605628848075867,945773,28.330619898189802,26.41812535370367,26.118378821941423,27.387185502276353,29.686400108379367,1.79,48.0,-0.47,-0.25
RTX,1983-08-30,0.9641605565826861,0.9641605565826861,0.9569655108170689,0.9623619914054871,1573746,28.340493306824747,26.41779784858873,26.120464707473474,27.386884679878516,29.649924155694208,1.73,50.0,-0.5,-0.25
RTX,1983-08-31,0.9623617037286768,0.9785507917404176,0.9605627901750806,0.9785507917404175,3452579,28.046485838523665,26.459508418300825,26.243238342345066,27.405417128886906,29.563072775144615,1.67,55.0,-0.51,-0.3
RTX,1983-09-01,0.9821479047829811,0.9875443817518966,0.9749528638431919,0.9767518639564514,6114472,27.763797695816482,26.07638304625351,26.188706503038656,27.327526590753216,29.36761061187007,1.62,53.0,-0.51,-0.28
RTX,1983-09-02,0.9749529587953106,1.0037339104137817,0.9749529587953106,0.996538519859314,5227174,28.256182045343632,25.876989740677896,26.306715466904073,27.05119755246892,28.796928233934693,1.56,59.0,-0.5,-0.31
RTX,1983-09-06,1.007331371307373,1.0109289353720943,1.001934894367576,1.007331371307373,7383130,28.464082209823133,25.460900622620354,26.337988664083632,26.855740331638568,28.72828250568243,1.5,60.0,-0.5,-0.32
RTX,1983-09-07,1.0073323771872014,1.0091312918585977,0.9929418448731046,1.0001373291015625,3638174,28.468386861854437,24.349260817037262,26.1472164869165,26.632133143400104,28.735095498592212,1.45,52.0,-0.5,-0.26
RTX,1983-09-08,1.0001360700634292,1.0001360700634292,0.9875441193580627,0.9875441193580627,3261899,28.651335386693834,24.450486632119436,25.931237214350706,26.681307616659318,28.734103321334377,1.4,36.0,-0.46,-0.21
RTX,1983-09-09,0.9965388161527962,1.0073317743507593,0.9893437723730223,1.0055328607559204,7505165,28.612965404161333,24.760725453303664,26.06574490092768,26.58835459529682,28.774876470017734,1.36,48.0,-0.42,-0.26
RTX,1983-09-12,1.014526516488812,1.01812442983726,0.996538519859314,0.996538519859314,3086474,25.57136791563076,24.816371007739825,25.52780440016645,26.61559409533171,28.672648796948696,1.3,24.0,-0.34,-0.21
RTX,1983-09-13,0.9947403067767313,1.0001367861757418,0.9893438273777209,0.9911423921585083,1647475,25.63730847444227,24.819005953716548,25.38233440211593,26.619061291005476,28.632831397006726,1.24,19.0,-0.26,-0.17
RTX,1983-09-14,0.9893433156071147,1.000136268822123,0.9893433156071147,0.9983372688293457,3767837,25.68854329020954,24.80069471206588,25.392621155946628,26.62847546422242,28.630949481641938,1.2,20.0,-0.2,-0.17
RTX,1983-09-15,1.0019353509565292,1.0055329166606863,0.9911423921585083,0.9911423921585083,2092395,23.523674543303446,24.689968782847338,25.40488327817309,26.592926248132372,28.629532961174114,1.15,22.0,-0.14,-0.18
RTX,1983-09-16,0.9911431647686167,0.9965396483742625,0.9785516313745302,0.9947410821914673,5532262,23.15724614709732,24.52694131263256,25.289364138073644,26.591269562298137,28.593372264815976,1.1,19.0,-0.04,-0.13
RTX,1983-09-19,0.9947397922146188,1.0037337454368498,0.9929407922218415,0.9983372688293457,1983072,23.143316384704477,24.52523902265057,25.233151837332297,26.069348478022764,28.560016513984838,1.04,19.0,0.04,-0.11
RTX,1983-09-20,1.0073312610774845,1.0199227775403874,1.0055323483992598,1.0127277374267578,4909374,21.106454386528476,24.594914847183542,25.306472229509815,25.933828595310693,28.586330877461013,0.98,21.0,0.08,-0.14
RTX,1983-09-21,1.010928873123246,1.010928873123246,0.9965383560650396,0.9983372688293457,2110192,21.58181999391368,24.444390005492632,25.400821185208937,25.9852010168528,28.63010628230222,0.93,24.0,0.13,-0.18
RTX,1983-09-22,1.0001363304064073,1.0109289353720943,0.9983373303028548,1.007331371307373,3709362,20.90158245859216,24.005306584182854,25.32339900066425,25.651272323481482,28.61518023147682,0.89,22.0,0.14,-0.15
RTX,1983-09-23,1.0073318993433453,1.0109294652938843,1.0037343333928066,1.0109294652938843,2720368,20.183954116643747,24.020202711306275,25.27365977319195,25.395924457564956,28.590567666872623,0.88,20.0,0.13,-0.13
RTX,1983-09-26,1.0163253010978062,1.0181242137760311,1.0073312610774845,1.0127277374267578,3551733,19.570436769289813,24.020494967211626,25.17050285224091,25.371928718300712,28.58735400344157,0.86,18.0,0.12,-0.09
RTX,1983-09-27,1.0109294652938843,1.0163259450624762,1.0073318993433453,1.0109294652938843,3147491,18.733783463788377,23.98614549827402,25.171348066392984,25.3242850078796,28.51804650678298,0.84,19.0,0.12,-0.09
RTX,1983-09-28,1.0091302220443539,1.010928873123246,0.9965383560650396,0.9983372688293457,4711067,19.10654070985258,23.347193899006495,25.175213107843785,25.374765452922247,28.497945453804256,0.83,20.0,0.12,-0.09
RTX,1983-09-29,1.0037348095301,1.0037348095301,0.9929418448731046,1.0001373291015625,4009365,18.85068843019316,23.24439985566902,25.04978067399574,25.372395896355442,28.461625923363748,0.81,15.0,0.14,-0.04
RTX,1983-09-30,0.996538519859314,0.9983374329192951,0.9929409554248086,0.996538519859314,1784765,18.089672266453853,23.245010638854506,24.558618354028752,25.363090453757266,28.371209792816348,0.79,9.0,0.25,0.03
RTX,1983-10-03,0.9911422006493693,0.9911422006493693,0.9731542011472035,0.9839471578598022,2621214,18.414825554883134,23.3196215345981,24.392611442218826,25.28345253071454,28.39352227909514,0.78,7.0,0.29,0.08
RTX,1983-10-04,0.9839467372747641,0.9911417769888333,0.9695562217043141,0.9749526977539062,2280533,18.319946848519294,23.3491004825358,24.432146126750922,25.310415761019033,28.042817091853838,0.78,8.0,0.32,0.06
RTX,1983-10-05,0.9785504795517931,0.9785504795517931,0.9659589609788094,0.9713554382324219,2082226,17.70719540107254,23.008688816317736,24.43470065210779,25.269592677604745,27.87037349777121,0.79,10.0,0.35,0.06
RTX,1983-10-06,0.9695560777431976,0.9695560777431976,0.9497691762896061,0.9677571654319763,6063624,16.426751223624876,22.96789052347031,24.295449120835904,25.272912302087562,27.87459967996987,0.79,4.0,0.33,0.12
RTX,1983-10-07,0.9749526542410837,0.9857456058585709,0.9713551781588381,0.9821476936340332,5061918,16.867271236408268,23.16344436413436,24.331764506881036,25.19837702894547,27.810055512116605,0.8,6.0,0.38,0.1
RTX,1983-10-10,0.9821489437002318,0.9857468605041504,0.9731549803618449,0.9857468605041504,5176326,15.63669203110516,22.97412528984554,24.337969144880855,24.97159249222139,27.804633048755704,0.8,7.0,0.43,0.1
RTX,1983-10-11,0.989343803828057,0.9911423685660325,0.9713558012784124,0.9731543660163879,3078846,15.95378364051723,22.820218836169946,23.8971827098748,24.82520443361487,27.78258101072446,0.81,1.0,0.41,0.14
RTX,1983-10-12,0.9731539509584095,0.9803493408121075,0.9731539509584095,0.9767518639564514,3218678,15.976711084422377,22.831851787968034,23.890350523779098,24.82705852555272,27.76334958657362,0.81,1.0,0.4,0.15
RTX,1983-10-13,0.9731536406802919,0.9749525529915131,0.9659586020345526,0.9677571654319763,2232227,15.452896400523471,22.45480168579389,23.905100981434313,24.34555045364318,27.770415187419832,0.81,3.0,0.37,0.14
RTX,1983-10-14,0.9713552719300439,0.9713552719300439,0.9659587956003435,0.9695562720298767,933061,15.459480272193971,22.298564398505473,23.79892206385318,24.194228298644134,27.585722185260092,0.81,1.0,0.35,0.19
RTX,1983-10-17,0.969556842862065,0.9713558438214043,0.9605628848075867,0.9605628848075867,3076304,14.416447413391001,22.23975648228702,23.49531510808364,24.21976807361912,27.604845177197255,0.83,1.0,0.32,0.27
RTX,1983-10-18,0.9569653155804251,0.9587638803906874,0.9425748780709338,0.9461723566055298,7792456,14.494903917041938,22.42057218160473,23.56167843120281,24.251734169200983,27.56369443085973,0.84,2.0,0.29,0.25
RTX,1983-10-19,0.9461727703566396,0.9461727703566396,0.9335812410653426,0.9407762885093689,4749203,14.456837295532726,22.409063155770358,23.38206935240961,24.241620895154036,27.559231517439564,0.86,1.0,0.24,0.32
RTX,1983-10-20,0.9425745373276984,0.9623614471716162,0.9425745373276984,0.9569649696350098,4647507,15.110295168135227,22.70948343934599,23.25308536861487,24.318882115499342,27.55488584613415,0.89,1.0,0.21,0.34
RTX,1983-10-21,0.9605625052210335,0.9605625052210335,0.9425745089918951,0.947970986366272,3216136,14.161682266456104,22.45365070250758,23.297523837608573,24.29405897233601,27.537771137189456,0.91,2.0,0.17,0.32
RTX,1983-10-24,0.9443734234387002,0.9461723371259985,0.9389772929764181,0.9425748586654663,5524635,14.051957207549897,20.623917839885383,22.647082243022393,24.30496176220478,27.519120254578745,0.95,1.0,0.13,0.37
RTX,1983-10-25,0.9497699028150467,0.9497699028150467,0.9389772929764181,0.9425748586654663,3083931,14.020039053799962,20.607641654353795,22.637384155172942,24.304288418070627,27.50863524575654,0.98,1.0,0.1,0.37
RTX,1983-10-26,0.938977239064459,0.9461722828009315,0.929983194515463,0.944373369216919,2778843,13.809367546762003,20.596035478238015,22.636475432057342,23.98673177056,27.38310645265222,1.01,1.0,0.07,0.37
RTX,1983-10-27,0.9425750473741049,0.9497700929641725,0.9407760460981207,0.9497700929641724,1200013,13.879938728267286,19.173218318876774,22.5224372899806,23.692431400058275,27.385205952313218,1.04,1.0,0.03,0.43
RTX,1983-10-28,0.9497693406912033,0.9515682533138097,0.9173908325105063,0.9227873086929321,3945805,15.894315910743865,19.826468205924648,22.7183466237852,23.904338369027613,27.456391405281828,1.06,5.0,0.01,0.42
RTX,1983-10-31,0.9281837879944062,0.9407753041103185,0.9245862244224976,0.9317813515663147,1327133,16.193041321434126,19.940550313538903,22.39705424259471,23.572329988896197,27.344514994477397,1.09,1.0,-0.04,0.5
RTX,1983-11-01,0.9317819021005617,0.9335808157920836,0.9209889433225272,0.9335808157920837,2829691,15.470838414172453,18.76513678943689,22.02741060199346,23.532770416139538,27.292059201551172,1.12,1.0,-0.05,0.62
RTX,1983-11-02,0.9299832704110277,0.9605628848075867,0.9299832704110277,0.9605628848075867,2786470,17.520322273688045,19.650707706843612,21.735428430678393,23.76874062479478,27.337779329223856,1.15,1.0,0.07,0.49
RTX,1983-11-03,0.9623617985384078,0.969556842862065,0.9533678404839295,0.9605628848075867,7581437,17.254994042831576,19.313044739378427,21.72496987978104,23.752571252497372,27.337557743922535,1.17,1.0,0.19,0.49
RTX,1983-11-04,0.9497700471827554,0.958764006386741,0.9443735669861288,0.9515689611434937,1952563,17.328009400054373,18.946081927963313,21.762953892925804,23.77231585496204,27.161753950383904,1.2,3.0,0.32,0.47
RTX,1983-11-07,0.9515683415244368,0.9551659054177513,0.9389768242835999,0.9389768242835999,3564445,17.591267689943987,18.73967510579355,21.849233029553655,23.821422781307984,26.937769733712308,1.22,4.0,0.43,0.42
RTX,1983-11-08,0.9281846284866333,0.9353796749172634,0.9281846284866333,0.9281846284866333,2102565,17.782812028423116,18.347982516784356,21.90287285710263,23.550983332249693,26.964200003121263,1.25,5.0,0.53,0.38
RTX,1983-11-09,0.9317821091948557,0.9623619914054871,0.929983456789121,0.9623619914054871,6455154,20.81870448616387,19.848485067558176,22.64433790990903,23.681200406891833,27.076412825877515,1.26,11.0,0.71,0.44
RTX,1983-11-10,0.9641597957001764,0.9731538356878768,0.9605623192706432,0.9695562720298767,4314453,20.953872742355923,19.77778536149405,22.593845097988115,23.661906552527682,27.08438893684616,1.27,9.0,0.87,0.46
RTX,1983-11-11,0.9695564380242542,0.9713554382324219,0.9659589609788094,0.9713554382324219,4988189,20.95542844753257,19.437992050279817,22.483714223686164,23.578842348818636,27.018981872792878,1.29,8.0,0.8,0.52
RTX,1983-11-14,0.9717194437980652,0.984433402884752,0.9717194437980652,0.9717194437980652,4103434,20.652767898003763,19.406523461141646,22.467847361718672,23.490686195326838,26.93677856896527,1.31,8.0,0.73,0.53
RTX,1983-11-15,0.968085723764232,0.9753511642260065,0.9662696719169616,0.9662696719169617,3727158,20.546981709969344,19.299952885846494,22.38882335038038,23.48239378313931,26.85815859621587,1.33,7.0,-0.06,0.58
RTX,1983-11-16,0.9680862751593027,0.97171917361263,0.9608212709426881,0.960821270942688,2544942,20.582928272134883,19.037805019033698,22.202536979222977,23.425120972134756,26.853771423616358,1.35,7.0,-0.47,0.66
RTX,1983-11-17,0.9680861285371656,0.9808005225464397,0.9644536710173501,0.9753515720367432,3981398,21.02865173320478,18.710216067953333,22.005303017355757,23.482207592263205,26.749940860550943,1.37,6.0,-0.47,0.71
RTX,1983-11-18,0.9771671365272673,0.9808000326156616,0.9735345927453279,0.9808000326156616,4378013,20.64315610969819,18.718054322110902,22.02744234621733,23.462719416820192,26.602494161000962,1.38,8.0,-0.5,0.7
RTX,1983-11-21,0.9826161247609104,1.0062279685835593,0.9808000729867241,1.0025954246520996,3325459,21.58998366265477,18.68946194126663,22.315245600064955,23.488157510234775,26.49467653199311,1.4,10.0,-0.65,0.58
RTX,1983-11-22,1.002595888095697,1.0171263347679949,1.002595888095697,1.0153099298477173,6287355,21.475248553379032,18.7724272802889,22.386233744591767,23.516454829735377,26.403503882333503,1.41,11.0,-0.75,0.54
RTX,1983-11-23,1.0153093318009854,1.0207582791222554,1.0116767883300781,1.0116767883300781,5448363,21.51171033632582,18.793954483323322,21.893105859769822,23.46232715240264,26.40552380789921,1.42,5.0,-0.76,0.66
RTX,1983-11-25,1.0243910444545268,1.035288942394316,1.0171260433912328,1.0334725379943848,3322917,22.042458579621798,18.98387359109607,22.0906169166723,23.55458614002415,26.4066560638339,1.44,10.0,-0.7,0.58
RTX,1983-11-28,1.0352893010084199,1.0371057941141995,1.0243913992937042,1.029840350151062,4739034,22.104534763869367,18.997392912937613,22.09069480848617,23.535792373982403,26.09966305503625,1.45,11.0,-0.67,0.58
RTX,1983-11-29,1.0280245053021908,1.0443710088729858,1.0225755533430176,1.0443710088729858,5290734,22.099623132167867,18.77594126317007,22.152285090650636,23.526723055478794,26.12539541881792,1.47,12.0,-0.54,0.55
RTX,1983-11-30,1.0498194397422105,1.0607173382512598,1.0443704904876858,1.0570844411849976,4652592,21.586930384594638,18.80805967953044,22.197101978993246,23.451347958418662,26.079953609444946,1.49,13.0,-0.28,0.52
RTX,1983-12-01,1.0607173382512598,1.0679823396940469,1.0516358442370228,1.0570844411849976,2158498,21.433284771138535,18.735540287053894,21.95597306648994,23.448662284856688,26.0780515978019,1.5,7.0,-0.16,0.63
RTX,1983-12-02,1.0552681494543392,1.0607170974719706,1.0480027092775956,1.053451657295227,3851736,21.16007054547009,18.544011383784675,21.941139571275553,23.1238014682906,25.89025136967012,1.52,7.0,-0.16,0.64
RTX,1983-12-05,1.0516356055192024,1.0552681494543392,1.046186657501571,1.053451657295227,1739002,20.84435264435739,18.204135120409372,21.930738217774167,23.082639244989508,25.885019648700553,1.54,7.0,-0.19,0.65
RTX,1983-12-06,1.0516354036710271,1.0516354036710271,1.0389211059936192,1.040737509727478,1759341,21.172616910866015,18.287752969571397,21.890592140254657,23.13107395190626,25.5632711590569,1.55,5.0,-0.28,0.67
RTX,1983-12-07,1.0407379457279735,1.0607173382512598,1.0280239950306618,1.0570844411849976,3668683,21.44150365909734,18.491737047660784,21.840986416871207,23.102965699460132,25.16614551867501,1.57,4.0,-0.31,0.69
RTX,1983-12-08,1.0589008214162914,1.0661662630757864,1.0552683648164503,1.0643497705459595,3104270,21.450990750654565,18.48644758927767,21.859057502722624,23.11516787436538,25.165810161571894,1.59,6.0,-0.3,0.68
RTX,1983-12-09,1.0607171259222654,1.0607171259222654,1.0461866855621338,1.0461866855621338,4164451,22.302925745324234,18.78847857760429,21.789224925359033,23.18739261883036,25.15901625618274,1.6,4.0,-0.36,0.69
RTX,1983-12-12,1.042554467803519,1.0516358739981206,1.0407379751806627,1.0498194694519043,2905963,20.129049859329783,18.787528911257574,21.71106995775037,23.18537982103673,25.159707212519482,1.62,1.0,-0.39,0.74
RTX,1983-12-13,1.0461866855621338,1.0516356337259156,1.0425542296061858,1.0461866855621338,3345798,20.18372135385561,18.79987909040999,21.657936083560234,23.103301666414485,25.131902531223087,1.64,1.0,-0.4,0.77
RTX,1983-12-14,1.0425550915735742,1.0498200975686776,1.0352896451950073,1.0352896451950073,1761883,20.602416200119404,18.723900761656136,21.72356878832888,23.092670193519652,25.09799880241705,1.66,3.0,-0.41,0.73
RTX,1983-12-15,1.037105445655686,1.037105445655686,1.0243910551071167,1.0243910551071167,1627136,19.561073664221297,18.61432182937491,21.76105328375618,22.975449186599512,24.83796303019716,1.67,6.0,-0.42,0.71
RTX,1983-12-16,1.0243913992937042,1.0316568432568414,1.0207589415421257,1.029840350151062,2753419,19.570965851889,18.55759578485585,21.76059147405869,22.97466307289332,24.6760305746263,1.69,6.0,-0.44,0.71
RTX,1983-12-19,1.0298399934244213,1.0389214869642793,1.028023941331022,1.0334725379943848,1111029,19.25383297493979,18.557268345639454,21.53900608278276,22.809602783512968,24.484407583629892,1.7,1.0,-0.52,0.82
RTX,1983-12-20,1.0371050911079798,1.0389211425994238,1.0225746534145428,1.028023600578308,1141538,18.806585092051655,18.590782726397283,20.364968112479296,22.815756548809496,24.490419532942045,1.74,1.0,-0.57,0.31
RTX,1983-12-21,1.0298400041336746,1.0352889531602325,1.0225750029948322,1.0243910551071167,3172915,18.40564941919494,18.602496591612663,20.370500142509105,22.82015999582401,24.36193039808919,1.77,2.0,-0.62,0.31
RTX,1983-12-22,1.0243910444545268,1.035288942394316,1.0243910444545268,1.0334725379943848,2115277,15.664247974706683,18.49169325257008,20.40612275839629,22.842756884143416,24.374344539711768,1.8,3.0,-0.68,0.28
RTX,1983-12-23,1.0371052641167369,1.053451667951903,1.0352887719392492,1.0480027198791504,1037299,15.958509383472741,18.69293310835956,19.707705022146392,22.892215435043152,24.402882657149274,1.84,1.0,-0.74,0.1
RTX,1983-12-27,1.051635613840848,1.0625331576558739,1.0498192097439802,1.0607171058654785,2161040,16.189828174160738,18.811290952324107,19.64648045205586,22.89554905797653,24.427433232459997,1.87,1.0,-0.79,0.12
RTX,1983-12-28,1.0643500219018054,1.0679825674361403,1.0607175644441267,1.0625336170196533,1772053,16.176100523765598,18.591764071434376,19.634419437824114,22.850633733738345,24.385707751533765,1.91,1.0,-0.83,0.12
RTX,1983-12-29,1.0661665148606134,1.0679825674361403,1.0607175644441267,1.0625336170196533,1754256,15.997343427256405,18.465834792915782,18.859252245148724,22.836692378550698,24.38365506367069,1.95,1.0,-0.85,-0.06
RTX,1983-12-30,1.0570842012303638,1.0607170974719706,1.0498192014367078,1.053451657295227,1685611,16.159417159545278,18.55080613375054,18.906626053361506,22.727596982717802,24.00046184908112,1.99,2.0,-0.88,-0.08
RTX,1984-01-03,1.05345168555065,1.0552681777584836,1.0407377373983522,1.0461866855621338,1670357,16.00035263247489,18.59980992120154,18.724774282910367,22.56533344784641,23.872159704347713,2.04,1.0,-0.92,-0.04
RTX,1984-01-04,1.0425545433122696,1.0589009523391724,1.0389216458800785,1.0589009523391724,2171210,16.224310101170207,18.524901667307077,18.54014454926631,22.587211187710725,23.884527092750634,2.08,1.0,-0.95,0.02
RTX,1984-01-05,1.073431834870022,1.080696840007615,1.0697992882628846,1.078880786895752,6884819,15.907288570167482,18.861418709712456,18.54182449267961,22.34351691717916,23.676873191091232,2.12,2.0,-0.92,0.02
RTX,1984-01-06,1.0788802134817723,1.0788802134817723,1.0552683648164503,1.0643497705459595,2959354,16.25890407402804,18.884826072588677,18.418984042449324,22.295111424177325,23.52286574749408,2.16,1.0,-0.97,0.08
RTX,1984-01-09,1.0589006053128585,1.0643495533304899,1.053451657295227,1.053451657295227,1525440,16.557244777642012,19.032166677482966,18.496279248198903,22.314292422945687,23.53051222594469,2.19,2.0,-1.02,0.05
RTX,1984-01-10,1.0570847380916375,1.058901143096629,1.017126382205026,1.03892183303833,4179706,16.002664510789426,19.164818724624947,18.5650331500414,22.36709186001343,23.53940638336168,2.22,5.0,-1.06,0.05
RTX,1984-01-11,1.040737509727478,1.0425540015379373,1.0316561075943882,1.040737509727478,2443246,15.969729913109365,19.164665075474243,18.326641168993568,22.294876389360297,23.539430972288084,2.25,1.0,-1.1,0.12
RTX,1984-01-12,1.044370261683231,1.0607171058654785,1.0407377177193498,1.0607171058654785,3828854,16.401743610209614,19.38014050487133,18.531618369172296,22.364395954394958,23.607554735572545,2.27,4.0,-1.13,0.01
RTX,1984-01-13,1.0679823396940469,1.0679823396940469,1.0461868949824982,1.0570844411849976,2956811,16.06288962245488,19.0949396696959,18.471581377024325,22.34481736399506,23.599920896232405,2.29,3.0,-1.17,0.07
RTX,1984-01-16,1.058900875646506,1.058900875646506,1.0498194694519043,1.0498194694519043,3391562,16.18676814267942,19.116372549983378,18.305695341722068,22.356370385586043,23.512729992490865,2.32,1.0,-1.19,0.12
RTX,1984-01-17,1.049819415686782,1.0643497705459595,1.048002923156955,1.0643497705459595,3849194,16.650272255528208,19.015331320789706,18.03571363691771,22.335680646251717,23.548397922268364,2.34,1.0,-1.19,0.08
RTX,1984-01-18,1.0716147718222773,1.0716147718222773,1.0625333660927678,1.0643497705459595,3027998,16.650272255528208,18.875407147156984,18.019339585073848,22.298661900228215,23.51228136898075,2.37,1.0,-1.19,0.09
RTX,1984-01-19,1.0643497949343346,1.0679823396940469,1.0570844411849976,1.0570844411849976,4845814,16.373748742352326,18.89656388970159,17.733626846194138,22.247999537157238,23.52315934209109,2.39,1.0,-1.2,0.2
RTX,1984-01-20,1.058901143096629,1.0607176361782829,1.03892183303833,1.03892183303833,6701766,16.52052095370544,19.300897442327894,17.920066872971123,22.345776784410123,23.494529267466714,2.41,2.0,-1.19,0.15
RTX,1984-01-23,1.037105445655686,1.037105445655686,1.0243910551071167,1.0243910551071167,2585621,16.814250838140175,19.56723902413005,18.073788488667788,22.363019461359922,23.369011598820798,2.42,5.0,-1.17,0.1
RTX,1984-01-24,1.028023600578308,1.0316561439442145,1.0243907049059868,1.028023600578308,1855952,16.168383514455943,19.551771193032376,17.896116452849185,22.289495535661285,23.21683826930549,2.43,2.0,-1.16,0.2
RTX,1984-01-25,1.0298401549420353,1.0316566477034934,1.0207587480545044,1.0207587480545044,1077978,16.228025988814952,18.60525302697068,17.932927410614525,22.003423218653687,23.2299472165944,2.43,4.0,-1.14,0.19
RTX,1984-01-26,1.0207585310319485,1.0280238839965743,1.0062280893325806,1.0062280893325806,3427155,16.675045531407832,18.81379587755386,17.80603388193284,21.912992276018333,22.89059328682852,2.44,2.0,-1.14,0.27
RTX,1984-01-27,1.0025958132809314,1.0044123061423185,0.9898818605542979,0.9989633560180664,5392430,16.5466058273273,18.894090220277597,17.76073536446818,21.92925932707946,22.78950344955232,2.44,2.0,-1.14,0.33
RTX,1984-01-30,1.0025961431023547,1.0134940469359137,0.9989636846445296,1.0098615884780884,4627168,16.655115199273276,18.13341648924585,17.808054977911727,21.966785037683387,22.809881802041517,2.44,4.0,-1.14,0.27
RTX,1984-01-31,1.0098609860064636,1.01530958236595,0.9935141400084683,1.0062280893325806,4802594,16.58639886476734,18.155531410267905,17.700419225455356,21.87717474082568,22.784499217677816,2.44,1.0,-1.13,0.31
RTX,1984-02-01,1.0080448651869391,1.0080448651869391,0.9916980131636501,1.0007795095443726,1942394,16.587902905206892,18.07839348115602,17.488402452152183,21.837371913387145,22.775922878714827,2.44,1.0,-1.13,0.45
RTX,1984-02-02,0.9953304649212297,0.9953304649212297,0.9626372159159371,0.9662696719169617,16029832,19.277249762998807,19.31502542962886,18.300215282951292,22.22462330371123,23.05239358581025,2.44,13.0,-1.16,0.76
RTX,1984-02-03,0.9735352264942737,0.9808006710942438,0.95900486575436,0.960821270942688,10784861,19.301037563821055,19.19537107272543,18.30185252477804,21.91640116090531,23.019492581550793,2.43,14.0,-1.19,0.76
RTX,1984-02-06,0.951740126167955,0.9735354971846604,0.9499236323978818,0.9717194437980652,5562771,19.43469931933807,17.855850007269996,18.35549018640424,21.949291143243993,23.045236386668652,2.42,17.0,-1.21,0.72
RTX,1984-02-07,0.97171892012587,0.9735349725337704,0.9608210202988009,0.969902515411377,6457696,18.83337191260913,17.795457492453455,18.3234263542614,21.933158698834184,23.045830829575014,2.41,16.0,-1.23,0.74
RTX,1984-02-08,0.9626372408322148,0.9662696969272594,0.9317599547983639,0.9353924989700317,7365333,20.68086201418572,19.276424021883447,19.182818720660904,22.28194448052429,23.10192125305722,2.39,29.0,-1.26,0.92
RTX,1984-02-09,0.9335763589991327,0.944473903437513,0.9281274106266961,0.9353924989700317,4665304,20.64434149393943,19.275743906260175,19.171142932506488,22.076198651386637,22.875649454703858,2.37,29.0,-1.29,0.93
RTX,1984-02-10,0.9390255808830261,0.9481070760723119,0.9335766309234653,0.9390255808830261,3869533,20.74399077868739,19.269048397501667,19.03491383821061,22.054840388224285,22.848590432354797,2.35,29.0,-1.32,1.02
RTX,1984-02-13,0.9426576090213831,0.9426576090213831,0.9317597150802611,0.9317597150802612,3244102,20.730064324816404,19.298147156682145,18.94441975666752,21.955192358539378,22.594798076763222,2.33,29.0,-1.34,1.08
RTX,1984-02-14,0.931759931854473,0.9499228284188109,0.931759931854473,0.9426578283309937,2389856,21.20183779462123,19.194153363154516,18.983601354325767,21.82591509471646,22.594232584501945,2.3,30.0,-1.37,1.05
RTX,1984-02-15,0.9481069072139824,0.9517394517967493,0.9335764646530151,0.9335764646530151,1769510,20.747865370489517,19.24023975936561,19.02489882523672,21.853580297162132,22.61470058037424,2.27,31.0,-1.39,1.02
RTX,1984-02-16,0.922678232192993,0.9317597224727121,0.9117803381654088,0.9226782321929932,12539117,19.677404450314214,18.76872037602254,19.099258835182802,21.507830402269704,22.632866591485236,2.25,33.0,-1.4,0.97
RTX,1984-02-17,0.921210233648466,0.921210233648466,0.8771686217609919,0.8991894721984863,9246709,20.432664551111056,19.19099983208673,19.502372578962618,21.709583947952943,22.773243186525484,2.21,36.0,-1.33,0.83
RTX,1984-02-21,0.8973542316378549,0.9083648352972408,0.8918493747457553,0.8936842083930969,3953432,20.38556749783689,19.207024099434765,19.433843186654144,21.71665792789512,22.778189663876198,2.18,36.0,-1.26,0.87
RTX,1984-02-22,0.8936842466530909,0.8973542700549682,0.8845088321983078,0.8881789445877075,5700061,20.231190600859392,18.594142035710753,19.44472825540529,21.64942217413808,22.5520769506701,2.14,37.0,-1.19,0.87
RTX,1984-02-23,0.8881787365188889,0.8900139257649526,0.8367965521916608,0.8661578893661499,5074630,20.91252167091737,19.161074769348073,19.808932688792794,21.69819625742236,22.48988618139319,2.11,42.0,-1.0,0.73
RTX,1984-02-24,0.8716637754718455,0.8973546624183654,0.8679936614777085,0.8973546624183655,5578026,23.050906147272396,20.424991385640308,20.56678279189125,21.897849046938603,22.74849265540169,2.08,46.0,-1.02,0.83
RTX,1984-02-27,0.8991899418843373,0.9028599668909129,0.8845092189451055,0.8973546624183655,3119525,23.10002990106851,20.20418739437484,20.524500811442405,21.68931565763272,22.688739224979262,2.05,46.0,-1.05,0.86
RTX,1984-02-28,0.8955195516892736,0.8955195516892736,0.8551475983050099,0.8624880909919739,3025456,25.13530182413274,21.5621931156614,21.42518147316327,21.732047373791275,22.96832000903872,2.02,48.0,-0.94,0.94
RTX,1984-02-29,0.8679931806622313,0.8863440074303572,0.8643228017385771,0.8845087289810181,4502590,26.139426680732956,22.344679775250455,21.82668016741766,21.948261724257755,23.097417113690977,1.99,59.0,-0.96,0.79
RTX,1984-03-01,0.8900138357643022,0.8918491138122792,0.8790032353263516,0.8808385133743286,3043253,26.08186245897523,22.33777284220861,21.687341776221185,21.94965969787474,23.049147195294193,1.96,51.0,-0.98,0.87
RTX,1984-03-02,0.8845087371320453,0.8955193400794016,0.8826735476533063,0.8863440155982971,8049238,26.332583855096402,22.333332920355563,21.7055144357085,21.966071208413297,23.05072815650582,1.92,52.0,-1.02,0.86
RTX,1984-03-05,0.8863438512501963,0.8900138735771178,0.8826733839857928,0.8900138735771179,6076336,26.25561193864821,22.054949430374833,21.63797990010835,21.968902795689836,23.036346481466797,1.9,50.0,-1.07,0.9
RTX,1984-03-06,0.8918493747457553,0.9010246998202062,0.8900140961608204,0.8936842083930969,4098349,26.247691234839408,22.010574408869214,21.640379234162218,21.948912189645327,22.96163016226407,1.87,51.0,-1.11,0.9
RTX,1984-03-07,0.8936846374117898,0.8973546624183654,0.8881793329392423,0.8973546624183655,3045795,26.26315556209119,21.851964313518067,21.612813245678964,21.90565638727663,22.95220681904292,1.85,50.0,-1.15,0.92
RTX,1984-03-08,0.8955192554730634,0.9046946680748115,0.8936840661677083,0.9028593897819519,3879702,26.429698265404227,21.88987015944518,21.63647483042272,21.85701763326985,22.921078175865862,1.82,51.0,-1.2,0.91
RTX,1984-03-09,0.9010250852401079,0.902859919672313,0.8918497562408447,0.8918497562408447,2443246,26.36674406725994,21.980389252995174,21.671384570442363,21.88770183205623,22.923873187262252,1.8,55.0,-1.23,0.89
RTX,1984-03-12,0.8918492764479566,0.9102000135617965,0.8918492764479566,0.9065295457839966,1512728,26.993924774875023,22.257970151067244,21.715653256272088,21.934204748543767,22.962556618407955,1.78,59.0,-1.26,0.87
RTX,1984-03-13,0.9102001918567948,0.9193755177172733,0.9102001918567948,0.9138702154159546,2816979,26.879438104251935,22.286549592519275,21.740390614852075,21.846566057272913,22.926595592689672,1.76,63.0,-1.27,0.86
RTX,1984-03-14,0.9120351915754475,0.9138703816639311,0.899189750831487,0.9102003574371338,4286486,26.880085836936257,22.239632747918705,21.569016403787195,21.656355015514364,22.852389781452345,1.74,50.0,-1.3,0.95
RTX,1984-03-15,0.9065295014301485,0.9120348023837,0.9028593897819519,0.9028593897819519,1050011,26.909191509933756,22.242612158630365,21.555876094140217,21.673533780222716,22.8631429958203,1.72,50.0,-1.33,0.96
RTX,1984-03-16,0.9230458510859189,0.9230458510859189,0.9046951059873529,0.9083651304244995,4441573,25.29742113145709,22.29828044992958,21.564423502775025,21.68684798835208,22.619340122954192,1.71,51.0,-1.35,0.96
RTX,1984-03-19,0.9046952463568848,0.9046952463568848,0.8955198278902003,0.8973546624183655,1492389,25.44875759467804,22.39312720634885,21.64584692802223,21.717150510274756,22.624931771980357,1.7,57.0,-1.37,0.9
RTX,1984-03-20,0.8991898023689904,0.9102004096057156,0.8955196889442962,0.9083651304244995,5186496,25.492532860963173,22.47452158166016,21.73629394164869,21.49927867194218,22.65808209354153,1.69,67.0,-1.39,0.84
RTX,1984-03-21,0.9083652713634603,0.9083652713634603,0.8973546624183654,0.8973546624183655,4383098,25.654387281212994,22.312292268101537,21.794265555299475,21.50198722383103,22.612789583265855,1.68,73.0,-1.41,0.8
RTX,1984-03-22,0.8955197810554819,0.8973546154876871,0.8881792864884238,0.8918497562408447,3765294,23.628501509223696,22.11299129527344,21.33855893575501,21.50912745129384,22.620324400864696,1.67,48.0,-1.42,0.94
RTX,1984-03-23,0.8936845906730498,0.8991898948576759,0.8826739823037978,0.8918497562408447,2799182,23.628501509223696,22.100561636524333,21.277853153695247,21.48772644748146,22.600674789865323,1.66,48.0,-1.43,0.98
RTX,1984-03-26,0.8955193601214089,0.9028594952880489,0.8955193601214089,0.8991894721984863,1238149,23.748187798693053,22.21034927494061,21.318816949596496,21.499507640728986,22.614487343202974,1.66,49.0,-1.45,0.95
RTX,1984-03-27,0.902859517056944,0.9065296292225118,0.8973542153273169,0.9046947956085205,983909,23.767560581773814,22.250405641744774,20.83797529543629,21.39179059092455,22.565469225362893,1.65,48.0,-1.47,1.09
RTX,1984-03-28,0.908364683368572,0.9230453968048096,0.9046946607376443,0.9230453968048096,3508512,24.278039329690852,22.706632489343487,21.094913482639452,21.510315710105434,22.61930456506279,1.65,49.0,-1.49,0.95
RTX,1984-03-29,0.9285506977137126,0.9322207203446404,0.9212101185268344,0.9230453968048096,2799182,24.128563810262296,22.518905081697234,21.04545080882971,21.506891547096057,22.512585857248986,1.64,49.0,-1.51,0.99
RTX,1984-03-30,0.9193753140658849,0.9212101474639772,0.9138700129840489,0.9157048463821411,1299166,23.998996041921735,22.11737013614922,20.978370319130484,21.45939724623215,22.51905354281521,1.64,49.0,-1.52,1.04
RTX,1984-04-02,0.9193753599906587,0.9322207961940803,0.9102000357042846,0.9120348691940308,2318669,22.784962696861086,22.0040135555633,20.908916128451153,21.350075718270485,22.393856838221264,1.63,49.0,-1.53,1.09
RTX,1984-04-03,0.9065295014301485,0.913869991689055,0.9010245564266149,0.9028593897819519,1428829,22.913796925145892,22.001338792828655,20.138118187914586,21.380158500745033,22.411979091367858,1.62,43.0,-1.55,1.02
RTX,1984-04-04,0.9028599668909129,0.9028599668909129,0.8845092189451055,0.8973546624183655,4184790,22.912232127988162,21.887934842528793,20.11457995076399,21.230026922006008,22.419411825798203,1.6,43.0,-1.58,1.02
RTX,1984-04-05,0.9010250972918626,0.9138705402651354,0.8955197930335999,0.8955197930335999,3592411,21.62520105075937,21.870736390543158,20.111139392064555,21.174614002169225,22.42001945020705,1.58,43.0,-1.61,1.02
RTX,1984-04-06,0.8918494331405502,0.9010247588157654,0.8900141544354484,0.9010247588157654,3676310,19.112487601863638,21.485190570299377,20.140507503600677,21.1487976276699,22.422069489830708,1.57,46.0,-1.63,1.01
RTX,1984-04-09,0.9046946891560019,0.9230454257996024,0.9046946891560019,0.9157048463821411,2748334,19.668374628763495,21.829904260928213,20.30271582711594,21.243018779471964,22.458164307585662,1.56,47.0,-1.65,0.93
RTX,1984-04-10,0.9212104715790375,0.937726380635438,0.9193756375353844,0.9303858876228333,3503427,16.02838045379637,22.127120016565634,20.452322600148293,21.319641899405095,22.479703195145046,1.54,51.0,-1.66,0.86
RTX,1984-04-11,0.9267157708117073,0.9358911868180165,0.9212104678153993,0.9212104678153992,3020371,14.901626606269136,21.937829344859242,20.35919322182886,21.341336748387327,22.488231918701835,1.53,48.0,-1.67,0.89
RTX,1984-04-12,0.9212099779949976,0.9248804450035095,0.9065293557858127,0.9248804450035095,3625462,14.826406754570126,21.971569706799578,20.348519155827873,21.22895530680262,22.389986984049624,1.52,48.0,-1.69,0.9
RTX,1984-04-13,0.9248810166354904,0.9358912676286495,0.9230458264907219,0.9267158508300781,4344962,14.762748662141561,21.9687165789233,20.02914606037472,20.593466176409237,22.257016977740733,1.51,43.0,-1.7,1.03
RTX,1984-04-16,0.9267158113980498,0.9322211146354674,0.9212105081606321,0.9322211146354675,2237312,14.799738854092698,21.800606872453088,19.943379883377435,20.600957635511598,22.251431321317643,1.49,43.0,-1.7,1.08
RTX,1984-04-17,0.9469014559272917,0.9542415903483242,0.9358908538519665,0.9432313442230225,4276317,15.07730172889126,21.82180443624935,20.038137047877974,20.644038373738237,22.02196533159849,1.48,45.0,-1.69,1.03
RTX,1984-04-18,0.9450658099086324,0.9505711082859633,0.9413956999778748,0.9413956999778748,4123773,15.09898078345123,21.797974634938377,19.725388746156252,20.183561607420813,21.94940790540836,1.47,42.0,-1.68,1.16
RTX,1984-04-19,0.9395608696558732,0.9505714706073536,0.93405592513012,0.9487365484237671,3676310,15.149445733558615,21.846869497540684,19.76904349706561,20.13637419749424,21.9554207785888,1.45,43.0,-1.67,1.14
RTX,1984-04-23,0.9542415377079638,0.9579120051597766,0.9505715151936558,0.9524067044258118,2644096,14.571729611628632,21.69798461458293,19.64045610024507,20.13791605109786,21.954335613699893,1.44,40.0,-1.64,1.21
RTX,1984-04-24,0.9579120414012581,0.9579120414012581,0.9469014395167551,0.9542415738105774,3874618,13.94188446589532,21.665089374760583,19.53487396037629,19.749912990206425,21.899983304601346,1.42,39.0,-1.62,1.28
RTX,1984-04-25,0.9560765381289372,0.9560765381289372,0.9487363172581023,0.9505712389945984,3188170,13.897653610409039,21.537620530612724,19.539312905693883,19.750153683250048,21.872737334564572,1.41,40.0,-1.59,1.27
RTX,1984-04-26,0.9542423484470407,0.9670882390486949,0.9542423484470407,0.9634177684783936,2458501,14.231490545996985,21.73180880772722,19.67001920504793,19.70712309811852,21.90055078591149,1.4,44.0,-1.56,1.2
RTX,1984-04-27,0.9615829336373373,0.9707582646811135,0.9524075136059845,0.9634177684783936,7215331,13.927719241621613,21.710077376781925,19.67001920504793,19.552818870557765,21.898266550841857,1.39,44.5,-1.53,1.2
RTX,1984-04-30,0.9615824946967337,0.9670877975950454,0.9487369659090784,0.9652525186538696,2672062,13.878201685360958,20.491845679083763,19.59176834365547,19.429413199030247,21.84512872176168,1.37,41.0,-1.49,1.28
RTX,1984-05-01,0.9505715001762214,0.9579119900263747,0.948736577935557,0.9560768008232117,4347504,13.662282835870599,20.553103684619742,19.464135428154343,19.305695923530592,21.840710166372872,1.36,38.0,-1.45,1.33
RTX,1984-05-02,0.961582359968605,0.96892249584198,0.9579122475381557,0.96892249584198,8018730,13.739953943925185,20.60622079589218,19.557962740064454,19.366719533584813,21.836863790236297,1.35,42.0,-1.42,1.27
RTX,1984-05-03,0.9725935444600525,0.9725935444600525,0.9615829336373373,0.9634177684783936,1797477,13.27146711752675,20.635578292682585,19.398863351132096,19.3337513439044,21.843287187685146,1.33,36.0,-1.38,1.39
RTX,1984-05-04,0.965252959269756,0.9689230738897511,0.9615829336373373,0.9634177684783936,2651723,13.046053490303594,19.213970054829808,19.387148715426715,19.21552072424402,21.8070664015666,1.32,36.0,-1.33,1.4
RTX,1984-05-07,0.9634177684783934,0.965252959269756,0.9597476538583983,0.9634177684783936,2227142,13.046053490303594,19.213970054829808,19.383090124604724,19.204769881467513,21.748563784753937,1.31,36.0,-1.28,1.41
RTX,1984-05-08,0.9615824946967337,0.9670877975950454,0.9560771917984221,0.9652525186538696,2359347,12.937396464114315,19.20337487480585,19.32578233570363,19.161112753263676,21.526074057845417,1.3,36.0,-1.24,1.47
RTX,1984-05-09,0.9689226315985415,0.9725931004933571,0.959747215755558,0.9652525186538696,3467834,12.90494824681543,19.127071296687397,19.260942158271305,19.06147313541,21.41454027057926,1.28,36.0,-1.19,1.54
RTX,1984-05-10,0.9689230738897511,0.9707582646811135,0.9634177684783934,0.9634177684783936,8712805,11.775563414850094,18.994051023565195,19.238713998887373,18.875068694020516,21.41517000060841,1.27,36.0,-1.14,1.55
RTX,1984-05-11,0.965252959269756,0.9689230738897511,0.9505723228146221,0.9634177684783936,3198339,11.775563414850094,18.878676365647877,19.227322636489344,18.869442111621762,21.41427341123495,1.26,36.0,-1.09,1.56
RTX,1984-05-14,0.963417136684982,0.963417136684982,0.9560770012461106,0.9615823030471802,1446626,11.481557239345097,18.712592178849142,19.214291645548457,18.6806438475109,21.347792947930937,1.26,36.0,-1.03,1.57
RTX,1984-05-15,0.9615818372632762,0.9634166700122971,0.9487363172581023,0.9505712389945984,2575451,11.996345280447132,18.067675133776635,19.286235334232924,18.709479836138136,21.34086131906082,1.25,40.0,-0.97,1.5
RTX,1984-05-16,0.9524072950940573,0.9597474336624144,0.9524072950940573,0.9597474336624146,3976314,11.713003756098072,18.092805376468355,19.296498136052936,18.743069886389282,21.362862968995483,1.25,41.0,-0.9,1.5
RTX,1984-05-17,0.9597474336624144,0.9689228515886403,0.9579125992423265,0.9597474336624146,3066134,11.474810510370718,18.029535079970657,19.15247719334185,18.637488560232622,21.126783904011376,1.25,34.0,-0.82,1.59
RTX,1984-05-18,0.9615829336373373,0.965252959269756,0.9579128190173422,0.9634177684783936,3716989,11.410093394425184,17.174920262156014,19.055189025866024,18.642105306851928,21.123816424706398,1.26,33.0,-0.74,1.66
RTX,1984-05-21,0.9663847088813782,0.9700942995544211,0.9626750282614202,0.9663847088813782,6475493,11.358433004777101,15.686222214665783,19.061287978364856,18.49161298766411,21.11355616927158,1.26,34.0,-0.67,1.66
RTX,1984-05-22,0.9645306123998527,0.9645306123998527,0.9292883862485514,0.9404173493385315,6574646,13.525490321398618,16.735957850405995,19.51189051219681,18.720453524203776,21.239161508724965,1.25,52.0,-0.58,1.42
RTX,1984-05-23,0.9422714813724713,0.9422714813724713,0.9292875528335571,0.9292875528335571,1800019,13.240948629066777,14.719682526436214,19.550879832433456,18.752998442746154,21.118855222879557,1.25,54.0,-0.47,1.38
RTX,1984-05-24,0.9292882183380966,0.9311428353083084,0.9125942370374819,0.920013964176178,3122067,13.248665865497886,14.024140998808644,19.580024478025177,18.73126812076221,21.121132343855976,1.25,55.0,-0.35,1.35
RTX,1984-05-25,0.9181584439311243,0.9255777176699986,0.9181584439311243,0.9237231016159058,1873749,13.249926628177338,14.004407067153334,19.481568312347925,18.60994089210909,21.038029430281675,1.24,48.0,-0.23,1.42
RTX,1984-05-29,0.9237229690824337,0.9255775848704308,0.9144487208323335,0.9163033366203308,2997490,13.435240862500997,14.073569265147695,19.241887817035202,18.604331989742125,20.922564608682737,1.24,37.0,-0.2,1.53
RTX,1984-05-30,0.912593791507922,0.9181584492247866,0.8977548841568403,0.9144488573074341,5494126,13.308285213025476,14.063281974043118,19.14678640402884,18.595905590948682,20.922303827093547,1.23,30.0,-0.11,1.63
RTX,1984-05-31,0.9144491968063667,0.9274331331253052,0.9125941303181415,0.9274331331253052,1833070,13.514850569892477,14.320862131552591,19.25348400043224,18.653486566321096,20.685160126914308,1.23,37.0,0.02,1.58
RTX,1984-06-01,0.9237235579045584,0.927433241579928,0.9181588974710202,0.920013964176178,4243266,13.683006458614056,14.410425795069964,19.178109375032236,18.657839861733613,20.695829970678954,1.22,31.0,0.18,1.65
RTX,1984-06-04,0.9274334091552123,0.9496916951231944,0.9255783421148678,0.9404173493385315,2842403,15.003179811585193,15.02908872810853,19.522167291210817,18.838543993486347,20.813130605309933,1.21,50.0,0.36,1.49
RTX,1984-06-05,0.9404167112121071,0.9422716870467392,0.9329974375021896,0.9385620951652527,1815274,14.958023738213665,14.796546244323139,19.256552350238877,18.833768041887964,20.75344788435512,1.21,36.0,0.47,1.63
RTX,1984-06-06,0.9459815443857053,0.9608205442933825,0.9459815443857053,0.9589658379554749,2097480,16.253091301472274,15.06364019721157,19.58784386701964,18.931569053326164,20.75284840441763,1.2,55.0,0.56,1.47
RTX,1984-06-07,0.9608202382258899,0.9645298296139438,0.953400875555917,0.9626752138137817,3096643,16.24113623316205,15.003191149489389,19.579489607003623,18.864248262424493,20.59881981780595,1.19,53.0,0.66,1.49
RTX,1984-06-08,0.9626750873200617,0.9645297028765307,0.951545774936676,0.951545774936676,2298330,16.120907873479332,15.188867494705644,19.511673501819043,18.880695830571845,20.478235910068644,1.18,46.0,0.58,1.51
RTX,1984-06-11,0.9496912956237794,0.95340124824982,0.9459816128386416,0.9496912956237793,1117385,16.126475717786164,15.087997693491007,19.511279882453177,18.87600947189199,20.15142365260267,1.17,45.0,0.33,1.51
RTX,1984-06-12,0.9459817292270472,0.949691412468604,0.9274331331253052,0.9274331331253052,2569095,17.452616880084893,15.862094469886499,19.818221335100837,19.07557866225459,20.281862768029786,1.15,62.0,0.03,1.32
RTX,1984-06-13,0.9348520040512085,0.9348520040512085,0.9237226935975826,0.9348520040512085,531362,17.474265045943053,15.718760063188292,19.704172289527,19.1011420337476,20.297612084668124,1.13,58.0,-0.11,1.43
RTX,1984-06-14,0.934852769449355,0.934852769449355,0.9051748537820065,0.9274331331253052,3878431,17.067510323235474,15.630876542189757,19.62497262607495,19.0680305244229,20.31133268812315,1.12,54.0,-0.12,1.5
RTX,1984-06-15,0.9274331307026981,0.9311427239875862,0.9051748514175415,0.9051748514175415,1755527,18.27685245307827,16.23056191514204,19.955851252452934,19.27428603887385,20.445111982800046,1.1,63.0,-0.29,1.29
RTX,1984-06-18,0.8903359409218214,0.9422720459854902,0.8643676185490511,0.9274331331253052,4283944,19.80883387006407,16.911042223588897,20.34108859103356,19.493527285922486,20.576475577923684,1.08,70.0,-0.42,1.17
RTX,1984-06-19,0.9311429698755119,0.9571112990379333,0.9237236913995402,0.9571112990379333,2741978,21.969974528655733,18.052718794941526,20.868292003273236,19.799841105367342,20.78880405851661,1.07,76.0,-0.47,1.16
RTX,1984-06-20,0.9385623015088217,0.9645301699638367,0.9348526188648144,0.9645301699638367,5537347,22.083236695876593,18.045096717015575,20.880398990246892,19.79233654670208,20.75987249438067,1.05,76.0,-0.5,1.17
RTX,1984-06-21,0.9571109400433143,0.9608206228633678,0.9311426206211294,0.9459816217422485,5276751,22.787232532246207,18.499303343425296,21.019475252355218,19.920008881612585,20.83733859880782,1.03,78.0,-0.66,1.07
RTX,1984-06-22,0.9534013265760022,0.9534013265760022,0.9422720074653627,0.9422720074653625,1948750,22.80430413901416,18.076937951976877,21.02069859601694,19.92057441817586,20.805128080104442,1.01,78.0,-0.85,1.07
RTX,1984-06-25,0.949691304562302,0.9608206228633678,0.9422719389221951,0.9459816217422485,1592814,22.843779464614876,18.091676747812045,21.019108543980888,19.84754345951653,20.720528144238816,0.98,76.0,-1.03,1.08
RTX,1984-06-26,0.9496909585912364,0.9608202728379088,0.9459812771226146,0.9534009099006653,1989428,22.969121361487616,18.06828958263083,20.316810099104973,19.86501645359899,20.586937702518224,0.96,64.0,-1.02,1.15
RTX,1984-06-27,0.9571109310349578,0.9608206138200956,0.9459816128386416,0.9496912956237793,3483088,22.75047362045193,18.067004980347402,20.306574333400523,19.812778873789934,20.58994396520366,0.95,63.0,-1.01,1.16
RTX,1984-06-28,0.9534009099006653,0.957110591369287,0.9459812771226146,0.9534009099006653,1684340,22.599990435686102,17.937453020846,20.234824718877956,19.813361252225352,20.593337464014095,0.93,61.0,-1.0,1.21
RTX,1984-06-29,0.9608205772667936,0.971949895039708,0.9534012119787791,0.9645301699638367,1247047,22.858688025891226,18.008603545560337,20.319246918221467,19.831930297406217,20.617728987106798,0.91,64.0,-1.0,1.16
RTX,1984-07-02,0.9608203443404304,0.9756592512130736,0.9608203443404304,0.9756592512130737,2122904,23.071630606502012,18.11719406060591,19.554203817013118,19.87731289476484,20.440035440035842,0.91,37.0,-1.02,1.11
RTX,1984-07-03,0.9867887496948242,0.9979177070504046,0.9830791572076035,0.9867887496948242,2309770,23.277788167425488,18.206263059915138,19.63073099420094,19.89076415463503,20.444374234363412,0.9,43.0,-0.99,1.05
RTX,1984-07-05,0.9979175228928785,1.0053371562328828,0.9942078411432901,1.0016275644302368,1575017,22.056520296477665,18.165517026715364,19.756560580310534,19.88401433401584,20.496818949396143,0.9,48.0,-0.83,0.97
RTX,1984-07-06,0.9942078411432901,1.0016275644302368,0.9904982493406442,1.0016275644302368,5031410,21.6659533945452,17.917355898795783,19.710789722055168,19.871084403703577,20.47795500411618,0.89,46.0,-0.74,1.01
RTX,1984-07-09,0.9942077968065731,1.0090467929840088,0.9830789319479849,1.0090467929840088,1810189,21.376790196761323,17.808236200566835,19.662436088402753,19.7892967520513,20.47886734799413,0.88,42.0,-0.6,1.04
RTX,1984-07-10,1.0053371113998537,1.0127563846212253,1.0016275197626372,1.0090467929840088,1465694,21.393143952037015,17.80343676087348,19.59251739878774,19.75539635577846,20.38176527730495,0.88,38.0,-0.54,1.1
RTX,1984-07-11,1.0016275644302368,1.009046837982471,1.0016275644302368,1.0016275644302368,2905963,21.36341009772136,17.894670854676235,19.533710524061608,19.763596592133347,20.382876947760384,0.87,28.0,-0.56,1.15
RTX,1984-07-12,1.0016275644302368,1.009046837982471,0.9904982493406442,1.0016275644302368,2797911,21.33030265238122,17.870404466399563,19.06285808242526,19.763596592133347,20.37953801251951,0.88,3.0,-0.57,1.33
RTX,1984-07-13,1.0016277492724208,1.0053373417596416,0.9830791572076035,0.9867887496948242,1374167,21.678030703050265,18.033250884426607,19.198070451560465,19.84496541022934,20.38192853924922,0.88,7.0,-0.59,1.24
RTX,1984-07-16,0.9904989203746121,0.9942085146903993,0.9719503191666519,0.9942085146903992,1235606,21.515830175572994,18.07657930160102,19.190755176065032,19.853033537555895,20.31418338034788,0.88,7.0,-0.61,1.25
RTX,1984-07-17,0.9867889073116153,0.9979178664447905,0.9830793142318726,0.9830793142318726,2453416,21.067876691917544,18.18843248056135,18.831424401803222,19.598035913619967,20.344717097072362,0.89,1.0,-0.68,1.36
RTX,1984-07-18,0.9793686623418418,0.9793686623418418,0.9571103981301495,0.9608200788497925,886026,22.208256828298857,18.799762423493046,18.411872216889215,19.758103268923076,20.358316465693072,0.91,1.0,-0.66,1.12
RTX,1984-07-19,0.9719495924586296,0.9867884983090345,0.9682399109694965,0.9793688654899597,1927139,22.024830644283615,19.195397704557415,18.642570639814593,19.883959970938996,20.41158759977335,0.92,2.0,-0.67,1.0
RTX,1984-07-20,0.9867885675910558,1.0016275644302368,0.98307897578841,1.0016275644302368,3933093,22.900023744797938,19.696006846436624,17.79543064043022,19.776139006934407,20.509573660928655,0.94,1.0,-0.78,0.2
RTX,1984-07-23,0.9942078411432901,1.0053371562328828,0.98307897578841,1.0016275644302368,2679690,22.574266102709498,19.52197352332589,17.38551991910468,19.776139006934407,20.509573660928655,0.96,1.0,-0.8,0.28
RTX,1984-07-24,1.0016274941063756,1.0016274941063756,0.9756591840008265,0.9793688654899597,2796640,23.622692572066388,20.088895605807803,17.769240486613704,19.925664550225694,20.62001898248704,0.97,2.0,-0.83,0.21
RTX,1984-07-25,0.9942085146903993,1.0053378373197814,0.9904989203746121,0.9942085146903992,3866990,22.749706202899826,20.31351449862852,17.889082424557582,19.938081167434902,20.669628516991345,0.98,4.0,-0.86,0.15
RTX,1984-07-26,0.997917115688324,1.001627155711784,0.9904978451635563,0.997917115688324,1887732,22.691291707120197,20.215099689987255,17.887465230744347,19.891856763166523,20.581413116191243,0.99,4.0,-0.88,0.15
RTX,1984-07-27,0.9979174783907281,1.0090467929840088,0.9942077968065731,1.0090467929840088,2321211,22.623174818010188,20.16011494805078,17.951122299421545,19.474208231941244,20.135669527863843,0.99,6.0,-0.87,0.11
RTX,1984-07-30,1.0016275197626372,1.023885699214506,0.9979174783907281,1.0090467929840088,7678048,21.141176144370135,20.11694548389375,17.94614806111111,19.45545455457015,20.132604758201705,1.0,6.0,-0.87,0.11
RTX,1984-07-31,1.012757214044112,1.031306266784668,1.012757214044112,1.031306266784668,4489878,20.942310262536257,20.573061350247606,18.227201240397356,19.62175660580918,20.245404452250185,1.0,8.0,-0.72,0.03
RTX,1984-08-01,1.0387248350639349,1.0572734253727207,1.035015152980958,1.0535638332366943,7767032,19.948002999448654,20.984029766704296,18.369538845691725,19.778750727133442,20.031197430984367,0.99,9.0,-0.28,0.02
RTX,1984-08-02,1.0758217197888567,1.1092092990875244,1.0721121286731117,1.1092092990875244,13919640,24.35278544435157,23.35079160351398,19.86932271955097,20.665680354842184,20.622979674891834,0.97,63.0,1.88,1.68
RTX,1984-08-03,1.1574361151422987,1.1574361151422987,1.1129196597568085,1.1388875246047974,12380217,24.035287894540904,23.86034157561237,20.22156464729708,20.87254858729905,20.78102006932393,0.95,72.0,3.87,1.47
RTX,1984-08-06,1.1425975538343232,1.150017190186571,1.1055002715428746,1.120339274406433,11087406,24.754005083350815,24.16498824673573,20.41354586784693,20.90564867749272,20.57250026235448,0.94,81.0,3.84,1.37
RTX,1984-08-07,1.1055002623234387,1.1425975443055107,1.101790669045699,1.1240489482879639,7662794,24.758692133798267,24.1597893861176,20.349023843696838,20.90004353778885,20.569366749928253,0.92,80.0,3.65,1.4
RTX,1984-08-08,1.150016766175101,1.1537264480629958,1.1314681768417358,1.1314681768417358,4269961,24.752339212594716,24.15521469258752,20.351605858351224,20.758860271882405,20.499671489778535,0.9,81.0,3.4,1.4
RTX,1984-08-09,1.1203391707466708,1.1685656782368694,1.1203391707466708,1.1611464023590088,6228880,25.24855179362448,24.429104105852417,20.563042156839895,20.925275277194196,20.554913725171318,0.89,85.0,3.49,1.27
RTX,1984-08-10,1.1871142610459289,1.1908239439219481,1.1166294768788316,1.1425974369049072,7543301,26.09287981274099,24.713751543845856,20.7162500253448,21.01398767325971,20.5460436180902,0.87,86.0,3.1,1.22
RTX,1984-08-13,1.1203388872361373,1.1537264747337412,1.1166292052624855,1.146307110786438,3727158,26.050260198850083,24.706396180566838,20.585947118266702,20.87241550849883,20.449581726996943,0.85,86.0,2.75,1.29
RTX,1984-08-14,1.161145815628766,1.1685650877576477,1.1574357748031616,1.1574357748031616,5537347,26.02099758902945,24.744054634344582,20.570813871520127,20.894259347582505,20.467425966474334,0.84,86.0,2.47,1.28
RTX,1984-08-15,1.1500170724978553,1.1574363483029244,1.1351781610998382,1.1425974369049072,4934798,26.507994728051255,24.95931171778097,20.713909281352077,20.894623648097436,20.486080771014585,0.83,88.0,2.12,1.2
RTX,1984-08-16,1.1500168025737634,1.1796947083509723,1.1463071205684552,1.1685653924942017,5631416,26.844472751511805,24.47927880976092,20.937014918142832,21.011418967942895,20.516953349426203,0.82,94.0,1.89,1.06
RTX,1984-08-17,1.1759850653457635,1.179695108396978,1.164856195449829,1.164856195449829,1512728,26.91307826589667,24.30761056313189,20.94955706037823,21.015972252854926,20.511208259624066,0.82,94.0,1.61,1.06
RTX,1984-08-20,1.1641072296724453,1.1790796518325806,1.1603641695105382,1.1790796518325806,1929682,26.984346690896043,24.19452464164743,20.817666028334443,21.055221144422894,20.51731063743263,0.82,90.0,1.38,1.14
RTX,1984-08-21,1.182822659745463,1.2277400149979802,1.182822659745463,1.2165106534957886,6718292,27.96434828074128,24.824486688565962,21.309468427006976,21.364587552829565,20.670205079089886,0.82,100.0,1.37,0.95
RTX,1984-08-22,1.2314840063575578,1.2464565299361814,1.1977959871292114,1.1977959871292114,7226772,28.403637879022998,25.032371760080963,21.439012714059505,21.396927206266557,20.60275132275335,0.83,100.0,1.16,0.89
RTX,1984-08-23,1.1977949569497433,1.2202534961111184,1.1828225370046666,1.190308928489685,2799182,28.575621797104006,25.09441433724821,21.45992699521534,21.340236071269043,20.609924845625734,0.84,100.0,0.93,0.88
RTX,1984-08-24,1.1865655058565756,1.1977949569497433,1.1753365085446081,1.190308928489685,3038168,27.957826630934058,25.02778196351803,21.366543968850173,21.327651033661272,20.495196819903967,0.86,98.0,0.72,0.93
RTX,1984-08-27,1.1903084627103253,1.1940515208537792,1.182822074154804,1.1865650415420532,1543237,28.086609170230233,24.94608283600222,21.340343855197766,21.226777680546014,20.48223341525112,0.87,97.0,0.51,0.94
RTX,1984-08-28,1.1790793293132176,1.1790793293132176,1.1641069112485614,1.1753363609313965,1760612,27.998231232806265,24.82547441821233,21.416159875394086,21.258458768429144,20.5080674780942,0.89,98.0,0.31,0.9
RTX,1984-08-29,1.1678510043301753,1.1753374928410576,1.1416494743741954,1.1453925371170044,2633926,28.26968285476169,25.529305258939118,21.881719477272178,21.482193138861398,20.617426862684404,0.91,100.0,0.13,0.8
RTX,1984-08-30,1.1416487253170051,1.1528778154214994,1.1416487253170051,1.1491347551345825,957214,27.995423132105707,25.246398152739115,21.77074986754209,21.444850536674974,20.617615834423432,0.93,99.0,-0.05,0.88
RTX,1984-08-31,1.149134113807444,1.160363560669855,1.1416480881677875,1.1566205024719238,2068242,27.524165195170937,25.255926199932276,21.671749808814354,21.414876988254296,20.53386383026914,0.95,98.0,-0.21,0.95
RTX,1984-09-04,1.1566211217796745,1.160364181981811,1.130419246583447,1.1341623067855835,2569095,28.393992473484147,25.505842943792867,21.863250004828245,21.541541353873043,20.60724347627132,0.97,99.0,-0.35,0.88
RTX,1984-09-05,1.1154462039649606,1.1266756515091232,1.1117032362959958,1.1191892623901367,2591977,27.763724319076637,25.703537444529466,21.996524784486578,21.600499752216702,20.63909666674018,0.99,100.0,-0.46,0.82
RTX,1984-09-06,1.1266763128898432,1.1453918882707619,1.1191899193761992,1.130419373512268,2890709,27.634536370242913,25.143940671761182,22.033867987292645,21.619041358251717,20.618864866185987,1.02,100.0,-0.58,0.79
RTX,1984-09-07,1.1379052762314654,1.149134729106638,1.130419246583447,1.1341623067855835,2157226,27.6355324354009,25.12511210090028,22.025882462313433,21.616083059055686,20.545699618858716,1.04,99.0,-0.69,0.8
RTX,1984-09-10,1.1341620597915583,1.1341620597915583,1.09673101214053,1.1079604625701904,3132237,28.681311209963894,25.611795078560522,22.33221587126355,21.777996471127764,20.662282814440488,1.07,100.0,-0.77,0.73
RTX,1984-09-11,1.130419373512268,1.1566212516505658,1.1229333430236828,1.130419373512268,3414443,29.078758959163054,25.20566650320702,22.51565566230199,21.84346646235858,20.74694975374847,1.1,100.0,-0.86,0.62
RTX,1984-09-12,1.1341623067855835,1.1416486994586197,1.1266761863813106,1.1341623067855835,1548322,28.57167105179651,24.837734291970037,22.49683678966288,21.802322679463597,20.7379102785093,1.13,99.0,-0.95,0.64
RTX,1984-09-13,1.1416486254547813,1.1940521001815796,1.1341622332670271,1.1940521001815796,4058942,31.42634214003247,26.10808987831041,23.837541558189482,22.624412785384397,21.33979838058739,1.2,100.0,-1.03,1.03
RTX,1984-09-14,1.197794623724276,1.2277395460400171,1.197794623724276,1.2090240716934204,6697953,28.19208769849703,26.15739556442213,23.892370565449266,22.66738636286695,21.370067307034613,1.26,100.0,-1.08,0.98
RTX,1984-09-17,1.209024408042911,1.2239969187442277,1.1828225370046666,1.190308928489685,8898400,27.77076439709637,26.024246557866825,24.04251522940128,22.723055416396303,21.430735385601384,1.32,100.0,-1.15,0.92
RTX,1984-09-18,1.1828219586295987,1.1865649256512756,1.156620372672099,1.1641064882278442,8692466,28.14666493948006,26.523964411627936,24.286392396123297,22.867290367295258,21.509385643878204,1.39,100.0,-1.22,0.87
RTX,1984-09-19,1.130419246583447,1.1641072421839473,1.130419246583447,1.1341623067855835,8673398,29.228716998814537,27.207593734162817,24.687091084006006,23.042191163591603,21.62267906878409,1.46,100.0,-1.28,0.77
RTX,1984-09-20,1.1304196208897872,1.134162682331332,1.1004746755760055,1.1266765594482422,4732678,29.232650457152538,27.259851155941238,24.721775272850127,22.95348696973382,21.617625114194183,1.53,100.0,-1.33,0.76
RTX,1984-09-21,1.1341622592395466,1.164107193382567,1.11544668674469,1.11544668674469,4714881,28.291268166829653,27.352593352107203,24.72720741875837,22.927310891925927,21.640595249120157,1.59,100.0,-1.37,0.76
RTX,1984-09-24,1.1229330777705337,1.13041910649081,1.0855016635817476,1.0892447233200073,2308499,28.72293224862886,27.882630390822673,24.976905986201416,23.0696692196057,21.77454376468255,1.66,100.0,-1.39,0.72
RTX,1984-09-25,1.0817587023599744,1.1154466032709525,1.0817587023599744,1.111703634262085,3847922,29.39712776871738,28.06696127667327,25.13748076390131,23.131943444100525,21.866242902224823,1.73,100.0,-1.42,0.61
RTX,1984-09-26,1.1154474906366352,1.1528785718463066,1.1117045186501422,1.1453925371170044,5880571,30.592984640300987,28.56996300202226,25.53774759356123,23.39298089066554,22.02522840104484,1.8,100.0,-1.46,0.46
RTX,1984-09-27,1.1491346809329315,1.1566210732921254,1.11544668674469,1.11544668674469,3680124,31.322416915253932,29.126374862878396,25.92675573458604,23.506209619535092,22.190143611482206,1.88,100.0,-1.48,0.37
RTX,1984-09-28,1.1191897467899108,1.1191897467899108,1.096731205006084,1.11544668674469,2369517,30.538751659135627,29.00476520438009,25.927697940358907,23.50209108643841,22.186485739352058,1.95,100.0,-1.5,0.37
RTX,1984-10-01,1.1079606305735499,1.1079606305735499,1.0967311784411342,1.100474238395691,2963167,30.732907562557532,29.172199841092784,26.035408840492515,23.54361703971667,22.191382796748265,2.02,100.0,-1.52,0.34
RTX,1984-10-02,1.1004742761425157,1.1004742761425157,1.0705293416976929,1.0705293416976929,3499614,31.308044507606414,29.749183970965937,26.432369830725612,23.717668048543434,22.34732021459698,2.1,100.0,-1.51,0.26
RTX,1984-10-03,1.0667862816147473,1.0892448236249241,1.0630433122880532,1.0705293416976929,3659785,29.58049009034969,29.749183970965937,26.432369830725612,23.717668048543434,22.343622031517874,2.17,99.5,-1.51,0.26
RTX,1984-10-04,1.0780156420670883,1.0892447306006812,1.0780156420670883,1.0855016708374023,1240691,29.835318350857886,29.812983791110764,26.50616228964806,23.759853282483625,22.380509725718795,2.24,100.0,-1.51,0.21
RTX,1984-10-05,1.0892447306006812,1.0967311223959704,1.0742726730600534,1.0855016708374023,2141972,29.836079939354317,29.812983791110764,26.42831430066792,23.66868354440675,22.33441671436732,2.3,97.0,-1.51,0.24
RTX,1984-10-08,1.0817584210072488,1.0817584210072488,1.0592998867452947,1.0742723941802979,2035191,29.895189560743297,29.72178766968637,26.459571039979256,23.641267801311635,22.358033445432422,2.36,99.0,-1.5,0.24
RTX,1984-10-09,1.0780155457026879,1.1042170524597168,1.0780155457026879,1.1042170524597168,2631384,31.209452553003164,30.175626270055293,26.78766179736351,23.856892250067773,22.48264783792779,2.42,100.0,-1.5,0.12
RTX,1984-10-10,1.1042180552778418,1.1042180552778418,1.0742735526536535,1.0967320203781128,2501722,31.16569446420202,30.107340423461388,26.816317438146918,23.85563425961341,22.492186780775704,2.48,100.0,-1.49,0.12
RTX,1984-10-11,1.1042172806309651,1.1341623067855835,1.1042172806309651,1.1341623067855835,4159366,32.01391455249707,30.349435176472067,27.300075990625782,24.110899047714238,22.712951558916135,2.55,100.0,-1.49,-0.0
RTX,1984-10-12,1.1341623762471233,1.1715937066109974,1.1341623762471233,1.141648769378662,5060647,32.06064591433906,30.16903151850227,26.915859518377765,24.10252884366233,22.720420978410516,2.61,99.0,-1.49,0.05
RTX,1984-10-15,1.137904666945033,1.1566205024719238,1.0592997187388322,1.1566205024719238,4749203,32.23501182867599,29.964105259606256,26.88041676568457,24.116765332680902,22.731895057457365,2.66,98.0,-1.49,0.04
RTX,1984-10-16,1.1641072685510196,1.1641072685510196,1.145391785603922,1.1491347551345825,2627570,31.762426104765513,30.01580258486314,26.84534226619685,24.126534442414393,22.68798163090828,2.71,97.0,-1.49,0.05
RTX,1984-10-17,1.145391785603922,1.1603642082641026,1.145391785603922,1.1491347551345825,4812763,31.49576038026936,29.57400666456143,26.84607431632585,24.1155456050074,22.678761555311695,2.75,97.0,-1.48,0.05
RTX,1984-10-18,1.1566209927966429,1.2052814960479736,1.1491346009584673,1.2052814960479736,4985646,34.22246072928557,30.886338521193895,27.748711083935945,24.370765938574408,23.10249100286354,2.81,100.0,-1.47,0.08
RTX,1984-10-19,1.2202545456063516,1.2277409435301405,1.1790804914794886,1.1977959871292114,7160670,34.30566777785697,30.946553808906856,27.775108057438334,24.37314861152497,23.09025882891112,2.87,100.0,-1.46,0.07
RTX,1984-10-22,1.190308928489685,1.1977949569497433,1.1865655058565756,1.190308928489685,2589434,33.56436123084986,30.958237766273623,27.75051003324248,24.35968130161744,23.09194818605734,2.92,99.0,-1.45,0.11
RTX,1984-10-23,1.1865658603195819,1.194052344797279,1.164107405205429,1.167850375175476,1964004,33.68848621972516,31.275096402965946,27.911521607310625,24.473962671659173,23.178018712810136,2.97,100.0,-1.44,0.07
RTX,1984-10-24,1.1715944565809722,1.1977959871292114,1.1715944565809722,1.1977959871292114,4379284,34.41089150568686,31.37576125488351,27.976936360334083,24.23708667195414,23.30661288949049,3.03,100.0,-1.42,0.05
RTX,1984-10-25,1.1977949569497433,1.2015380165578924,1.190308928489685,1.190308928489685,3647073,31.081029968905355,31.17670351016009,28.002407527056285,24.253439720821195,23.3128276404674,3.07,100.0,-1.4,0.04
RTX,1984-10-26,1.186565617237577,1.1940521001815796,1.1828226480343214,1.1940521001815796,2579265,30.87026453882323,29.427817267968752,27.834300770687857,24.25251117587361,23.122102069076,3.12,97.0,-1.37,0.12
RTX,1984-10-29,1.1940530150581123,1.2052824758093186,1.1790804914794886,1.1977959871292114,2819522,30.54524400291912,28.96019790812255,27.833428295140113,24.22919587459262,23.10667940685746,3.16,96.0,-1.33,0.12
RTX,1984-10-30,1.1940530150581123,1.2052824758093186,1.1940530150581123,1.1977959871292114,4522930,29.794530098965954,28.736836987391534,27.747608827962956,24.199102554893813,23.106702952359466,3.2,92.0,-1.3,0.15
RTX,1984-10-31,1.2015380165578924,1.2015380165578924,1.1865655058565756,1.190308928489685,4039874,28.770024314331465,28.772634586111284,27.772919762315908,24.180613990013843,22.952262734271255,3.23,94.0,-1.26,0.14
RTX,1984-11-01,1.1828227119944876,1.1865656814001413,1.1641072296724453,1.1790796518325806,6516171,28.85284933460476,28.826710895932763,27.524831809767313,24.1648382381856,22.975351786287693,3.26,90.0,-1.23,0.19
RTX,1984-11-02,1.1453918882707619,1.152877918759347,1.1117038888876138,1.130419373512268,12193350,31.362208813920372,29.646416366155826,28.402452647543523,24.498792357250004,23.351733739091667,3.3,100.0,-1.18,0.24
RTX,1984-11-05,1.1266759989516946,1.1266759989516946,1.0929880997116421,1.122933030128479,4932256,30.59661801897925,29.496048590986774,28.39152867301143,24.501008806141748,23.321056571376943,3.34,99.0,-1.14,0.25
RTX,1984-11-06,1.1266765594482422,1.134162682331332,1.1154471028547541,1.1266765594482422,4605558,30.051444782010357,29.496497314244547,28.07945049178307,24.48614216725133,23.289914628427027,3.37,98.0,-1.16,0.32
RTX,1984-11-07,1.134162682331332,1.1416490774832753,1.119190164296299,1.1266765594482422,6831429,28.729344959978587,29.423671154294475,27.85661537335021,24.284029447520016,23.017359956876476,3.4,94.0,-1.14,0.42
RTX,1984-11-08,1.1229329723868364,1.1229329723868364,1.09673101214053,1.1079604625701904,3558089,28.096715365865528,29.503705443342614,27.605538276802793,24.04101005190756,23.07249037665177,3.43,86.0,-1.08,0.52
RTX,1984-11-09,1.1266759535692397,1.1266759535692397,1.1004740837872677,1.1042170524597168,1938580,28.11148376543645,29.116631128441668,27.59774939234731,24.04666567837151,23.075417727063353,3.46,85.0,-1.01,0.54
RTX,1984-11-12,1.100474174803516,1.1042171437855326,1.0742726658794548,1.0892447233200073,3747498,28.117143303686927,29.22985467739869,27.50230176781766,23.61906200754163,23.118826382188463,3.49,83.0,-0.96,0.57
RTX,1984-11-13,1.092988246732876,1.0967312160595701,1.0705293416976929,1.0705293416976929,2462314,27.401519793214703,29.282910523099094,27.650423839450696,23.548938967286944,23.17928629163598,3.51,86.0,-0.94,0.52
RTX,1984-11-14,1.0780156420670883,1.0892447306006812,1.0742726730600534,1.0855016708374023,2316126,27.69561837020329,28.66022686974613,27.719865589283856,23.589416154235803,23.21034789586534,3.54,86.0,-0.9,0.48
RTX,1984-11-15,1.0892447107105834,1.0967311023691677,1.0742726534433518,1.092988133430481,3741142,27.4738313379236,28.57330603936431,27.714714562874292,23.591481865606788,23.173457648876113,3.55,85.0,-0.86,0.48
RTX,1984-11-16,1.0922321748596693,1.1035703487773305,1.065776527353396,1.0771147012710571,4205130,27.809560831681534,28.68372808678438,27.818761160739562,23.662590501656055,23.21666110809108,3.57,91.0,-0.84,0.45
RTX,1984-11-19,1.0733352338358417,1.0808937397160991,1.0582177639007568,1.0582177639007568,2960625,28.119672213455594,28.86859794848705,27.97743148983372,23.76350301734698,23.18495599469302,3.59,96.0,-0.84,0.41
RTX,1984-11-20,1.0657767989841238,1.0884531525988876,1.0657767989841238,1.0733357667922974,3949618,27.218480604221206,29.05607960551192,28.005204524209194,23.81230362786814,23.19398832078043,3.61,97.0,-0.81,0.39
RTX,1984-11-21,1.0733355524313846,1.092232235098197,1.0657765861328479,1.088452935218811,1939851,27.49522797637968,29.18408639626523,28.031804542909,23.854303110427345,23.231570030583367,3.62,97.0,-0.75,0.38
RTX,1984-11-23,1.0997899972640341,1.1224663309692495,1.0997899972640341,1.1186870336532593,1760612,26.88813134276846,29.31091129047197,28.295853828286965,24.004032518809883,23.294719527937513,3.63,98.0,-0.67,0.28
RTX,1984-11-26,1.1149079373039066,1.1149079373039066,1.099790557075197,1.1035702228546143,2032649,27.064888835973722,29.424682903214993,28.30744445314623,24.000792005218575,23.333184318810794,3.64,98.0,-0.58,0.31
RTX,1984-11-27,1.1073495672840672,1.122467041015625,1.1073495672840672,1.122467041015625,3152576,27.267886676262513,29.61164119048577,28.420730876678636,24.06034389358679,23.352602208330953,3.64,100.0,-0.48,0.25
RTX,1984-11-28,1.1300252453787833,1.1300252453787833,1.111128568649292,1.111128568649292,2314855,27.352457595548664,29.413774174136876,28.458985450177398,24.089780723051522,23.34560292156491,3.65,100.0,-0.37,0.25
RTX,1984-11-29,1.118687603083324,1.118687603083324,1.0960112578354824,1.1035702228546143,1727561,27.39964494324913,29.32192751444898,28.48548368748491,24.083405289631653,23.356159546926676,3.65,100.0,-0.26,0.25
RTX,1984-11-30,1.092232510771608,1.0960117199699042,1.0771150325336731,1.0846740007400513,1775866,23.483112801058283,29.447991185434297,28.60166639349771,24.173953734138372,23.418492722295248,3.66,100.0,-0.16,0.21
RTX,1984-12-03,1.0808940441539268,1.0846737105157256,1.0355420797496926,1.0468798875808716,6286084,25.239827673058624,30.28348630270542,29.175154971627965,24.50708035852545,23.68725813276392,3.66,100.0,-0.12,0.16
RTX,1984-12-04,1.0468798875808716,1.0619973617738492,1.0468798875808716,1.0468798875808716,3861906,25.26678282498726,29.93378180796547,29.071062088859257,24.47009576661034,23.65599524573816,3.66,99.0,-0.1,0.18
RTX,1984-12-05,1.0506595539426704,1.0582180619518098,1.0468798875808716,1.0468798875808716,1616966,24.899782079459847,29.61289732640272,29.050119236629325,24.42149558071018,23.604345936565753,3.65,98.0,-0.07,0.2
RTX,1984-12-06,1.0468804649156023,1.061997947445585,1.0468804649156023,1.0506601333618164,2406382,23.458568611672263,29.61493686217439,28.992544799202,24.40935444488479,23.597068372735762,3.64,97.0,-0.06,0.21
RTX,1984-12-07,1.0468801346066399,1.0582183116529766,1.027983447767629,1.0431008338928223,2823335,23.466879673392462,27.519666940274785,28.77411680245831,24.42809136187757,23.545212414319636,3.62,96.0,-0.24,0.26
RTX,1984-12-10,1.0468800562163838,1.0695564086110552,1.0468800562163838,1.0619975328445435,1207640,24.259874662159326,27.667728656660568,28.755809005247475,24.496475403496383,23.61117643127593,3.59,95.0,-0.3,0.27
RTX,1984-12-11,1.0619976459307026,1.0846740007400513,1.0619976459307026,1.0846740007400513,1923326,25.253923694838686,27.928372523530726,28.730793627577096,24.605454321648672,23.702362176382337,3.55,94.0,-0.26,0.28
RTX,1984-12-12,1.088452935218811,1.0997907432220277,1.088452935218811,1.088452935218811,2411466,25.313542342695317,27.60945761111444,28.733643735853992,24.502478569176784,23.680684249422658,3.49,94.0,-0.23,0.27
RTX,1984-12-13,1.084673779737488,1.0884529881657694,1.0506596209937156,1.054438829421997,6889904,26.625915207933993,27.852501990856414,28.961955684300428,24.80527654017261,23.871256807254998,3.44,96.0,-0.43,0.26
RTX,1984-12-14,1.058218078405927,1.0771147610798268,1.0544387785251235,1.0657765865325928,2725453,26.908320121834393,27.93488644494869,28.91553512555693,24.8112560138463,23.889100438041154,3.39,95.0,-0.55,0.28
RTX,1984-12-17,1.0695562525519986,1.088452935218811,1.0657765861328479,1.088452935218811,2572909,25.17232110399356,28.22720565109862,29.092068326281957,24.919216123950275,23.97821347487271,3.33,99.0,-0.67,0.2
RTX,1984-12-18,1.13380575063702,1.160260952715891,1.111129391875232,1.1564817428588867,7597962,30.835431708163302,30.45484943569165,30.560730572405305,25.863545515499357,24.721028434771704,3.3,100.0,-0.75,0.51
RTX,1984-12-19,1.1489226167846875,1.156481585278605,1.1375848054885864,1.1375848054885864,5714044,31.236013669948054,30.388765527876714,30.691073580182547,25.93473370204577,24.77585935936728,3.25,100.0,-0.87,0.48
RTX,1984-12-20,1.1375846694424565,1.1527021464475213,1.1338054605523649,1.1451432704925537,4250893,31.28901964441614,29.793629895701685,30.525528070414186,25.939184265066245,24.769327801685503,3.21,98.0,-0.89,0.56
RTX,1984-12-21,1.1451432704925537,1.1451432704925537,1.1338054605523649,1.1451432704925537,3902584,30.858201578618726,29.277834918649887,30.351683404733294,25.933478574537965,24.731941624957486,3.16,97.0,-0.86,0.66
RTX,1984-12-24,1.145142680918764,1.145142680918764,1.1375840837601912,1.1413633823394775,704245,30.857223418641034,29.287786113000703,29.251209830731174,25.878998820777138,24.706635068253018,3.13,96.0,-0.85,0.72
RTX,1984-12-26,1.1413639171688688,1.1527020931243896,1.1413639171688688,1.1527020931243896,1229250,30.632466336996394,29.20604742063165,28.992148647217103,25.84069270064871,24.724868515433528,3.09,90.0,-0.86,0.84
RTX,1984-12-27,1.1451434074426323,1.1489226167846875,1.1300259286296368,1.1375848054885864,1472050,30.43002587863662,28.754686598142783,28.94987330745849,25.863516837980633,24.761816886317547,3.06,88.0,-0.86,0.85
RTX,1984-12-28,1.1300262090609288,1.1300262090609288,1.0884535214569793,1.0922328233718872,5346667,32.61334097375256,29.997778489220522,29.66137671805692,26.33093506455561,25.08303354116668,3.03,96.0,-0.88,0.77
RTX,1984-12-31,1.0884519452988997,1.096010446548462,1.0733345762603437,1.096010446548462,2344093,32.56761490909547,29.872349210985323,29.64710523827929,26.332341658044665,25.075152691528253,3.0,95.0,-0.9,0.78
RTX,1985-01-02,1.103570544672957,1.114908262428504,1.0922323687426476,1.1073497533798218,1553406,32.389197076807,29.94437578835143,29.398444100397935,26.349072412459982,25.067277817684236,2.96,94.0,-0.89,0.89
RTX,1985-01-03,1.1073498390396457,1.1111291396738134,1.043100811909198,1.0733357667922974,3259357,33.28742913950043,30.55980904159879,29.69883047961343,26.590366490407614,25.193473074528306,2.93,96.0,-0.93,0.82
RTX,1985-01-04,1.0733349379363422,1.0808934417328535,1.0506589683723644,1.069555640220642,3106813,33.04838931327767,30.023753038305856,29.69583724643333,26.593253705267266,25.159293852120722,2.89,95.0,-0.95,0.83
RTX,1985-01-07,1.0771149757915057,1.1035706300404373,1.0695564661581296,1.0733357667922974,3211051,32.79861863767181,30.0062412540488,29.65733635752587,26.58214061821559,25.14037747857243,2.85,93.0,-0.97,0.86
RTX,1985-01-08,1.0846736671527035,1.0846736671527035,1.065776527353396,1.0771147012710571,2083497,31.7490905630143,29.175904737259394,29.600609885082243,26.581589573651076,25.10354520645662,2.8,91.0,-0.99,0.87
RTX,1985-01-09,1.0846738596939651,1.1073497533798218,1.0808941928123383,1.1073497533798218,2696215,32.59810740783766,29.72123738018605,29.715292588539022,26.77256767133495,25.253719249083613,2.76,96.0,-0.95,0.83
RTX,1985-01-10,1.1073499394975632,1.1489226167846875,1.0960117616615908,1.1375848054885864,4557252,33.16864645925379,30.12576461347727,30.030093418731514,26.944131830463803,25.32516021872558,2.72,96.0,-0.93,0.69
RTX,1985-01-11,1.145142680918764,1.1527015529820654,1.1111285355306386,1.1413633823394775,2430534,33.0240543808843,30.106375950833492,29.970166746242953,26.905019431921414,25.3242286830708,2.67,95.0,-0.88,0.72
RTX,1985-01-14,1.1375842797061666,1.1564810507622476,1.1300254063408683,1.148922085762024,2533502,32.98053022296101,30.137809222715013,29.561721111966317,26.913101570183805,25.321665326849025,2.63,87.0,-0.89,0.87
RTX,1985-01-15,1.152702513521469,1.1829373855248273,1.152702513521469,1.1640403270721436,7501351,32.66341805821709,28.59241846455212,29.54236023908346,26.950928981531025,25.318181879794505,2.58,86.0,-0.88,0.85
RTX,1985-01-16,1.1715974848456394,1.18293564828522,1.1564801168625682,1.1678181886672974,4074196,30.63234200486163,28.57835999621563,29.531896092976705,26.922639365471596,25.31979873123617,2.53,85.0,-0.86,0.85
RTX,1985-01-17,1.160260952715891,1.1640402542078752,1.1451435634779927,1.1564817428588867,3969958,30.86278319665817,28.617709087343744,29.57086552475895,26.913595432566645,25.329778471334347,2.48,87.0,-0.83,0.84
RTX,1985-01-18,1.1678198306048004,1.171599132096785,1.1527024413669025,1.1564817428588867,1920783,30.86278319665817,28.354888335627987,29.56733305768382,26.90212588045904,25.26748827955478,2.42,86.0,-0.81,0.84
RTX,1985-01-21,1.1602600816909265,1.190494929103941,1.1602600816909265,1.1867157220840454,2850030,31.543966357996084,28.373819280304158,29.816491258960376,27.06124877515521,25.35225111573578,2.36,94.0,-0.81,0.71
RTX,1985-01-22,1.1942748488303137,1.2093922345810215,1.1942748488303137,1.201833724975586,7042448,31.452304859700625,28.464613070271827,29.59027131504066,27.095052566232237,25.379312558103077,2.3,86.0,-0.84,0.76
RTX,1985-01-23,1.1980543506713681,1.2018340187553151,1.179157659681302,1.194275140762329,7432706,31.351255031061758,28.488231315122114,29.606377390795952,27.10959310068305,25.377044988264135,2.24,87.0,-0.88,0.76
RTX,1985-01-24,1.224510027115025,1.2471860199421776,1.2207307255221607,1.2320685386657715,9467898,31.958514993391972,29.18992943572144,29.99221554148843,27.340106095879314,25.51517423713168,2.17,95.0,-0.78,0.62
RTX,1985-01-25,1.2320682296080177,1.2585238839317057,1.2282890205981303,1.2471857070922852,4927171,32.040042876274654,29.2883663611708,29.87057649409366,27.367323585920968,25.52765922326912,2.11,93.0,-0.62,0.64
RTX,1985-01-28,1.2623024954802615,1.2849788384261456,1.2585232882591135,1.2698614597320557,7389486,30.34410314726477,29.464870255712395,29.904113381306257,27.4369819105089,25.5657988820294,2.04,93.0,-0.31,0.6
RTX,1985-01-29,1.269861275792973,1.3038753271102905,1.2623023126360926,1.3038753271102905,6042014,30.884850174817373,29.83216901514114,30.13929850978578,27.591415015733073,25.68871847180651,1.97,96.0,0.36,0.51
RTX,1985-01-30,1.3038755159763,1.3076548148323643,1.250964690546985,1.2698614597320557,5722942,32.01576853707533,29.00876384670978,30.4601462853298,27.7479448898702,25.827219716366233,1.9,97.0,0.32,0.43
RTX,1985-01-31,1.2736415846176874,1.2963175773620605,1.2660830730945336,1.2963175773620605,3230119,27.814849001454895,29.201683499919934,30.359729552152782,27.823127861938545,25.64702759556162,1.83,96.0,0.43,0.42
RTX,1985-02-01,1.2887582161117772,1.2887582161117772,1.2774200439453125,1.2774200439453125,2011038,27.70607621564798,29.40965088147511,30.32197208427505,27.889713910236097,25.68700705640744,1.76,94.0,0.33,0.46
RTX,1985-02-04,1.2736410415365247,1.292537724644275,1.2660825332363226,1.2887585163116455,3948347,27.732653233434284,29.43853837779796,30.344349884542886,27.901683116725156,25.678480622618803,1.68,94.0,0.26,0.45
RTX,1985-02-05,1.300095936038005,1.3076544399483128,1.2849784700429396,1.292536973953247,4352589,27.709496706436603,29.17133861960969,29.260087940027713,27.901580162826146,25.677350977518593,1.63,70.0,0.27,0.45
RTX,1985-02-06,1.296316729756209,1.296316729756209,1.273640751838684,1.273640751838684,3406816,28.166415348263975,29.362197272017887,29.302392008163313,27.758339627370088,25.452221715472735,1.57,70.0,0.22,0.45
RTX,1985-02-07,1.284979216344073,1.2963170246118476,1.2811995498367268,1.2887585163116455,2771216,28.208647037065347,29.231686673519093,29.24144104629859,27.73664506386573,25.473863711461114,1.52,67.0,0.17,0.45
RTX,1985-02-08,1.2963166857914266,1.3114341566152692,1.2925373868116552,1.307654857635498,3226306,27.907393515062633,29.023299964958447,29.0862318508942,27.741364802748624,25.507191558514787,1.47,64.0,0.13,0.49
RTX,1985-02-11,1.3114341136884287,1.3152133209095764,1.2660821608759913,1.2698614597320557,4066569,26.461252225325143,29.69563182841496,29.168597303828598,27.98591493288288,25.674826462880695,1.42,65.0,-0.03,0.48
RTX,1985-02-12,1.2660821886130103,1.2925373728199505,1.2660821886130103,1.2849788665771484,2749606,26.529456236989667,29.74339066306554,29.190876223354795,27.98653007521804,25.675672740586652,1.37,66.0,-0.17,0.46
RTX,1985-02-13,1.2849787569480335,1.3152132375143524,1.2849787569480335,1.311434030532837,3241560,26.85340638902169,29.73765359654072,29.28915683632426,28.067960731898424,25.723352592771974,1.32,69.0,-0.25,0.41
RTX,1985-02-14,1.326551972585555,1.3605661327776168,1.326551972585555,1.3378901481628418,5936504,24.76817808753922,29.604351749636837,29.14677283375945,28.11216448701036,25.75679715633383,1.28,62.0,-0.22,0.44
RTX,1985-02-15,1.3409367799758911,1.3523653443945092,1.337127350868489,1.3409367799758911,4808950,24.6033907929936,29.528288431440096,28.997895480268948,28.086640573279603,25.611057726433415,1.23,57.0,-0.24,0.51
RTX,1985-02-19,1.3409368537051258,1.3447465601184103,1.325698859341269,1.3333179950714111,3879702,24.87781220632524,29.511252912428592,28.672102220638184,28.001991700149038,25.609752955021932,1.19,47.0,-0.31,0.62
RTX,1985-02-20,1.3180799874722318,1.3180799874722318,1.2837946645399791,1.2876040935516357,4852170,27.705191984219113,30.100990663225836,28.910844923964664,28.335564360394027,25.85687924491507,1.16,51.0,-0.43,0.61
RTX,1985-02-21,1.2914136513266028,1.295223450452485,1.2799855470657349,1.2799855470657349,3422070,27.120674507747317,29.96815328423311,28.933683664199954,28.25219955770622,25.729780320233726,1.13,52.0,-0.55,0.6
RTX,1985-02-22,1.283795461442414,1.287604892818735,1.272366890216874,1.2761766910552979,1234335,26.37733632950067,29.834335519670763,28.84388131745555,28.25610203936494,25.508348221670435,1.1,49.0,-0.65,0.64
RTX,1985-02-25,1.2761761174017894,1.283794884364196,1.272366318275907,1.2799855470657349,2199176,26.37808702839754,29.724431210458064,28.465403461126886,28.212901889659882,25.508449852494902,1.07,41.0,-0.73,0.75
RTX,1985-02-26,1.2799860772427398,1.3066521883010864,1.2761766460009076,1.3066521883010864,2637740,26.815750674711808,29.89393349757042,28.62022915400488,28.29864116886076,25.245438522468717,1.05,43.0,-0.8,0.68
RTX,1985-02-27,1.306652173428027,1.3333186536449304,1.2952239721981356,1.2990334033966064,7439062,26.837832751715794,29.65682411696853,28.58288334908551,28.150652349623762,25.145254443100672,1.03,41.0,-0.88,0.7
RTX,1985-02-28,1.287604892818735,1.2990334640442749,1.257128979980539,1.2761766910552979,6417018,27.546457040721766,28.887593674943822,28.749701015117584,28.236604234257268,25.21275475449575,1.0,46.0,-0.94,0.64
RTX,1985-03-01,1.276175998520593,1.3409368509678234,1.276175998520593,1.3218895196914673,10231889,28.79601316491764,29.607260374260065,29.172508465121656,28.488632207495556,25.433037096589402,0.97,63.0,-0.99,0.53
RTX,1985-03-04,1.3256992623036945,1.3599849678662497,1.3256992623036945,1.348556399345398,3766566,29.107575836774807,29.77769668265032,29.0297899786245,28.395472916324486,25.498203142895697,0.95,56.0,-1.0,0.57
RTX,1985-03-05,1.3485559894352677,1.3561747557035067,1.325698859341269,1.3333179950714111,3422070,28.804234406922184,29.948442018152388,29.073998642758088,28.318494987668725,25.530137232668604,0.93,58.0,-1.05,0.55
RTX,1985-03-06,1.3371283456317804,1.3371283456317804,1.3142715692520142,1.3142715692520142,1772053,29.15269680816351,30.09848385579805,28.74164022341155,28.16601243774177,25.578767491048744,0.92,42.0,-1.11,0.64
RTX,1985-03-07,1.310462236404419,1.325699779517366,1.302843003020246,1.310462236404419,3925466,29.074981007034967,29.98438114553045,28.738181991934265,28.162416467179696,25.578377529449874,0.9,41.0,-1.16,0.65
RTX,1985-03-08,1.3142709461186852,1.325699144159055,1.2952236107112518,1.302842378616333,1632221,27.926595239007423,29.816126568483632,28.6995014873574,28.064681713614654,25.55172697724548,0.87,38.0,-1.22,0.67
RTX,1985-03-11,1.302842742229556,1.306652173428027,1.291414171537579,1.2990334033966064,2757233,27.78393803777643,29.841131531066896,28.68077937035044,28.062064965703616,25.51210545863932,0.85,37.0,-1.27,0.68
RTX,1985-03-12,1.2952243877150986,1.299033820135662,1.2685578989434008,1.272367238998413,6420831,28.03413825799704,29.37613567105147,28.891571115836467,28.187055549183732,25.5993427563032,0.82,46.0,-1.31,0.6
RTX,1985-03-13,1.276177148675898,1.2837959217950075,1.2457012249094304,1.257129430770874,3349612,27.0917315370527,29.495541237325234,27.976454093538607,28.223828009225244,25.628699108385746,0.82,17.0,-1.33,0.61
RTX,1985-03-14,1.241890440942417,1.2571284369622049,1.2266529067500582,1.2457002401351929,3288594,26.13976374483011,29.343917795639126,27.997810251616727,28.244806759162167,25.632711313060124,0.82,19.0,-1.35,0.6
RTX,1985-03-15,1.2418906034248465,1.2418906034248465,1.2190338373184204,1.2190338373184204,2659350,26.022204138861422,27.11216552467096,28.196498142815013,28.375696715105157,25.73026115068826,0.81,23.0,-1.36,0.52
RTX,1985-03-18,1.2190344612861026,1.230463034920073,1.2114156892934247,1.2266536951065063,2609774,25.84512826280225,26.88986751786708,28.041498696011452,28.35551035914233,25.700147249442846,0.81,21.0,-1.37,0.58
RTX,1985-03-19,1.2190335571171471,1.2571283124807406,1.2190335571171471,1.2495094537734985,4563608,26.32096232890782,27.099414585263247,27.907767897133244,28.402702372740162,25.73457762182729,0.81,14.0,-1.39,0.62
RTX,1985-03-20,1.2495096414745779,1.2495096414745779,1.2228431701660156,1.2228431701660156,2808081,26.951047336659293,27.506410850108804,28.10619423488986,28.50689163067191,25.800819697413495,0.81,22.0,-1.4,0.55
RTX,1985-03-21,1.2266530672388887,1.238081265561106,1.2076052695342114,1.2190338373184204,2941557,26.677597326315176,27.505164653973885,28.10748948132774,28.46442761357922,25.79388870296239,0.81,22.0,-1.4,0.55
RTX,1985-03-22,1.2266530672388887,1.2418906034248465,1.2190338373184204,1.2190338373184204,4999630,26.38553143499861,27.444804390535083,28.103594220095935,28.46442761357922,25.79388870296239,0.8,20.0,-1.41,0.55
RTX,1985-03-25,1.2228435726249502,1.241890913254104,1.2152248026312262,1.2380815744400024,1358913,26.438169906844045,27.443902468051295,28.208705457605916,28.505899985395178,25.824012074562813,0.8,23.0,-1.42,0.5
RTX,1985-03-26,1.2418904643656854,1.2647475973747035,1.2418904643656854,1.2609381675720215,4924629,25.726037747513082,26.214163801932695,28.331624402732132,28.57771601638998,25.87563817772951,0.79,25.0,-1.44,0.45
RTX,1985-03-27,1.2533199980285399,1.2723673464713285,1.2495105652862057,1.257129430770874,1430100,25.479548001424618,26.236594418412245,28.291817163741662,28.56386995269755,25.81050353660141,0.78,22.0,-1.46,0.46
RTX,1985-03-28,1.25331964358373,1.2799862194319866,1.2495102119187211,1.264748215675354,3367409,24.77652726985161,26.195617457098418,27.458683364938707,28.569057303000676,25.814694422712602,0.79,1.0,-1.48,0.5
RTX,1985-03-29,1.2647475735203275,1.2647475735203275,1.2342716738462376,1.2457002401351929,6239050,24.25417423078767,25.51977930157281,27.553337920815878,28.571068600416368,25.850510078374565,0.8,3.0,-1.48,0.47
RTX,1985-04-01,1.2228431701660156,1.2304623071142329,1.2076051733660529,1.2228431701660156,4624626,24.652883299074,25.85332833952703,27.724842147288747,28.65727318794174,25.920600054831077,0.81,9.0,-1.48,0.4
RTX,1985-04-02,1.2190335695847865,1.2228429989773684,1.1923674714712356,1.207605004310608,4901747,24.795516607060822,26.028044199131955,27.805614560317466,28.665490078506235,25.93233893188753,0.81,10.0,-1.47,0.37
RTX,1985-04-03,1.219033700442175,1.219033700442175,1.1809390329651668,1.2114149332046509,4034789,22.968386181153196,26.027224057347553,27.666920020976406,28.52322158783947,25.922811987518653,0.81,6.0,-1.45,0.42
RTX,1985-04-04,1.2037960127927998,1.2114151508612145,1.180939245146084,1.1961772441864014,4881408,23.149582562066463,25.63428853066477,27.74247742909925,28.49132756256461,25.957812951577104,0.8,9.0,-1.43,0.39
RTX,1985-04-08,1.1961775813169864,1.2076056912647293,1.1847490095415927,1.1923681497573853,5452177,23.15023006694843,25.084277693662393,27.653316500582047,28.382038468647362,25.956590393273583,0.8,4.0,-1.41,0.43
RTX,1985-04-09,1.1923676213029315,1.2152243852615356,1.1923676213029315,1.2152243852615356,1814002,23.91748676413131,25.355976954005882,27.644685644882905,28.461722674525003,25.974573021205654,0.8,3.0,-1.38,0.42
RTX,1985-04-10,1.219033919467613,1.23427191850793,1.1847486756320353,1.1961772441864014,5294548,23.280742062748256,25.561042646842903,27.701313907219056,28.394854665973433,25.986902036966775,0.8,6.0,-1.35,0.41
RTX,1985-04-11,1.2037961270909356,1.2076054655730721,1.1885581266037994,1.1999866962432861,4895391,23.329886284298027,25.4361433434812,27.68748385349083,28.347595036168453,25.96469662192904,0.8,6.0,-1.32,0.41
RTX,1985-04-12,1.1961773577611496,1.1999866962432861,1.1923679269135004,1.1999866962432861,3059778,22.89418017975498,25.4299387557565,27.57533125513855,28.34606604756929,25.96324105971285,0.81,3.0,-1.28,0.46
RTX,1985-04-15,1.1999862420572047,1.2114148073710624,1.1923674756110665,1.2037956714630127,2323754,20.074777307889,25.3461550601574,27.41207005417418,28.321946100126215,25.963947770820457,0.82,1.0,-1.24,0.52
RTX,1985-04-16,1.1923677822923773,1.1961772126779846,1.177129783653443,1.1885579824447632,4691999,19.015824529411898,25.494518505654508,27.422846785158118,28.368224712330953,25.995744115329327,0.82,2.0,-1.21,0.52
RTX,1985-04-17,1.1847490095415927,1.1923681497573853,1.1809395779819916,1.1923681497573853,4859798,19.008187789610997,24.949512962431196,27.346378559631397,28.26034823063322,25.974214979873345,0.83,1.0,-1.16,0.56
RTX,1985-04-18,1.188557696610855,1.1923674955422578,1.165701027428465,1.1695103645324707,3865719,19.30264323903701,25.122165619786752,27.2005018052335,28.254163438540754,26.051801102989025,0.85,1.0,-1.14,0.62
RTX,1985-04-19,1.1771297454833984,1.1847486060075612,1.1657012699661573,1.1771297454833984,3286052,19.53512378620661,25.131743648586948,27.12326802251594,27.607497832240085,26.048722131183794,0.87,1.0,-1.1,0.65
RTX,1985-04-22,1.1961769544713665,1.1961769544713665,1.1695103933353461,1.180938959121704,5078444,19.620608890313168,24.278851011316323,27.000059200715683,27.434996167618404,26.04806843727373,0.89,1.0,-1.07,0.71
RTX,1985-04-23,1.1809393572740134,1.1999866962432861,1.173320218482176,1.1999866962432861,5982267,20.401106155078498,24.377549376254336,27.05634907553847,27.426653812006897,26.09187533549111,0.9,2.0,-1.03,0.68
RTX,1985-04-24,1.1999869205110572,1.2076056912647293,1.1923681497573853,1.1923681497573853,4538184,19.70664979841359,24.090827553328328,27.05318376909395,27.436020107392256,26.097697184791258,0.92,2.0,-0.98,0.68
RTX,1985-04-25,1.196177775845888,1.230463034920073,1.1923683436667765,1.2266536951065063,3231390,21.355129810066973,24.18716492055536,27.247220637692056,27.62610523943913,26.212031356553723,0.94,6.0,-0.93,0.61
RTX,1985-04-26,1.2152243852615356,1.2266529519718161,1.2037958185512552,1.2152243852615356,2519518,21.362947449893174,23.668443677568522,26.6611532078418,27.48355549720001,26.23217641093161,0.96,1.0,-0.88,0.7
RTX,1985-04-29,1.2076049598487262,1.2076049598487262,1.1847482919692993,1.1847482919692993,3457664,21.706232596089862,23.77390945570298,27.000021065883566,27.58325445795002,26.363661430917578,0.98,2.0,-0.85,0.59
RTX,1985-04-30,1.1847489485871414,1.1847489485871414,1.1504636044870362,1.1618921756744385,4990731,22.23957109665928,23.907439699189517,27.199102839804834,27.67885315878341,26.42148526859223,0.99,7.0,-0.83,0.51
RTX,1985-05-01,1.1733199663344287,1.1733199663344287,1.1466537714004517,1.1466537714004517,3479274,21.616548848025687,23.923930469687217,27.28950202560489,27.699565271104333,26.428029328250812,1.0,10.0,-0.83,0.48
RTX,1985-05-02,1.139034704636758,1.150463272526503,1.116177938319263,1.1199873685836792,9131030,21.77071487767597,24.30510369143164,27.53437419348902,27.797349211287454,26.531121172393853,1.01,15.0,-0.88,0.41
RTX,1985-05-03,1.127606770434434,1.1466541109507633,1.1199876310237573,1.1314162015914917,3962330,22.0979779397403,24.300446048514587,27.4377033731677,27.69446814047824,26.54824563499365,1.02,14.0,-0.89,0.45
RTX,1985-05-06,1.131416180621058,1.1390349504284416,1.127606749534607,1.127606749534607,1669086,22.08662021549061,24.131489620819004,27.24686208372261,27.694772606787332,26.551201308571276,1.03,9.0,-0.89,0.54
RTX,1985-05-07,1.131416334859263,1.1580824484651475,1.131416334859263,1.1390351057052612,5061918,21.753920364821028,24.015780067364666,27.286083691863688,27.682983789180177,26.56775532315115,1.04,11.0,-0.87,0.52
RTX,1985-05-08,1.135225540383029,1.1390349715400867,1.0285602672336474,1.1314162015914917,5673366,20.836978943057336,23.36719918529198,26.819410056727733,27.439267050029258,26.57789644026023,1.05,2.0,-0.92,0.61
RTX,1985-05-09,1.1276061301965694,1.1542723178863525,1.1276061301965694,1.1542723178863525,4700898,21.9331872053508,23.63098175855005,26.948008689210667,27.485723634605204,26.64709839383083,1.07,3.0,-0.94,0.56
RTX,1985-05-10,1.1580822179950399,1.1999866962432861,1.1580822179950399,1.1999866962432861,6241592,24.941632508845647,24.651488590725197,27.43190696322103,27.861290776589104,26.918287931495104,1.07,18.0,-0.9,0.52
RTX,1985-05-13,1.2076051560570369,1.2152243852615356,1.1999863886799842,1.2152243852615356,2727995,24.942636703042645,24.423146086827472,25.78380090712883,27.90097902437352,26.94241491292878,1.09,1.0,-0.87,-0.35
RTX,1985-05-14,1.2152244994546797,1.2304624051026292,1.203795931670471,1.2190338373184204,7142873,24.391251001979626,24.429573612342654,25.642784457162364,27.90052673523778,26.914282393543314,1.11,1.0,-0.83,-0.31
RTX,1985-05-15,1.2228435726249502,1.24570071389581,1.2228435726249502,1.2380815744400024,6989058,24.50280030944526,24.662559898352185,25.733679862427717,27.935574208345653,26.93969463731156,1.13,2.0,-0.79,-0.34
RTX,1985-05-16,1.24570071389581,1.24570071389581,1.2380815744400024,1.2380815744400024,3308934,24.493898821383866,23.644672403482353,25.733679862427717,27.76253201529085,26.93969463731156,1.15,2.5,-0.75,-0.34
RTX,1985-05-17,1.2304624051026292,1.2304624051026292,1.2076052695342114,1.2190338373184204,6042014,24.642485695595028,23.81667877137228,25.855554696522017,27.824333143161777,26.988729208277558,1.18,5.0,-0.7,-0.38
RTX,1985-05-20,1.2457002401351929,1.2495095775005396,1.2114149107302703,1.2457002401351929,8421700,25.348565938904606,24.251465830143857,26.02906851894804,27.929094541019385,27.067248738921574,1.2,6.0,-0.66,-0.42
RTX,1985-05-21,1.2495102119187211,1.2685576473403626,1.2418910714921059,1.264748215675354,6633122,25.142738786990925,24.452077571745807,26.030987304445862,27.881271584711403,26.954953646323705,1.22,7.0,-0.61,-0.41
RTX,1985-05-22,1.2495095775005396,1.2495095775005396,1.2380811035770702,1.2457002401351929,2464857,25.106498745312127,24.249911512763266,25.294302991233348,27.895389378453345,26.97286205371217,1.25,1.0,-0.54,-0.57
RTX,1985-05-23,1.2457002401351929,1.2495095775005396,1.2266529067500582,1.2457002401351929,2547485,25.103300738061453,24.227483664229844,25.292812879878586,27.873084639625766,26.949716317715545,1.28,1.0,-0.47,-0.57
RTX,1985-05-24,1.2380809742736447,1.2457001100360356,1.2342715449406636,1.24189031124115,1573746,25.13219677176434,23.97154995903412,25.26051399130431,27.874373126417808,26.951586466115124,1.31,1.0,-0.39,-0.56
RTX,1985-05-28,1.2457001167853543,1.2609380189307917,1.2457001167853543,1.2495094537734985,2933930,25.16732351333264,22.838597523286893,24.733328264022276,27.73679118447624,26.940084012336136,1.35,1.0,-0.39,-0.55
RTX,1985-05-29,1.2495094470035406,1.253318876336522,1.24189031124115,1.24189031124115,4456827,24.91960384135636,22.44070970006452,24.75018180415926,27.651863414293675,26.94815270993117,1.38,2.0,-0.45,-0.55
RTX,1985-05-30,1.245700792303685,1.2914142464330483,1.2418909914221792,1.2837954759597778,11092491,26.56254492795848,23.42910154093742,25.254879007268414,27.918936534422784,27.106904807034876,1.4,3.0,-0.58,-0.59
RTX,1985-05-31,1.2952233324409348,1.3409368537051258,1.2952233324409348,1.3333179950714111,11504360,27.632173418429595,24.53858517870437,25.89460921968544,27.615325623842367,27.3358199634721,1.41,12.0,-0.78,-0.59
RTX,1985-06-03,1.3333189136903325,1.3333189136903325,1.3104622296761057,1.3142715692520142,10725114,28.150592204184242,24.71367316389198,25.698483426247144,27.635874878431068,27.30414222075206,1.42,8.0,-0.84,-0.55
RTX,1985-06-04,1.3142705914931354,1.3447464861797052,1.3142705914931354,1.3409367799758911,5138190,28.548609021828053,25.019185279559608,25.54987431606271,27.666395587795495,27.366398675395466,1.43,7.0,-0.82,-0.54
RTX,1985-06-05,1.348557035850153,1.3676043819452086,1.348557035850153,1.3637950420379639,6514900,28.582096192756406,25.232971771371894,25.66328363573738,27.597581791810015,27.33632287951241,1.43,9.0,-0.76,-0.58
RTX,1985-06-06,1.3599856097651717,1.3637950420379639,1.3523664681229453,1.3637950420379639,4986918,28.43540710092789,24.831134009676827,25.65311498041527,27.41108471825283,27.335556529287214,1.44,9.0,-0.71,-0.57
RTX,1985-06-07,1.363794654511201,1.3676039933360093,1.356175422668457,1.356175422668457,3171644,27.650466835307817,24.719618715048313,25.613911591519738,27.407346527529587,27.313395418973702,1.45,8.0,-0.69,-0.55
RTX,1985-06-10,1.3485567774871883,1.3523662090301514,1.340937637304673,1.3523662090301514,2829691,27.45339367933074,24.63988388451964,25.621632349932096,27.379706788317332,27.314594953229808,1.46,9.0,-0.69,-0.55
RTX,1985-06-11,1.3485568400179162,1.3561756110915844,1.3295094966888428,1.3295094966888428,3671226,26.78630345450757,24.474103280333424,25.728834735057315,27.305275922796763,27.261099817718478,1.46,14.0,-0.68,-0.57
RTX,1985-06-12,1.3218897359855604,1.3295088729468296,1.314270876120763,1.3180803060531616,2936472,26.14235187417683,24.53947321693847,25.777203131436433,27.2323896317961,27.271670642427857,1.46,17.0,-0.67,-0.59
RTX,1985-06-13,1.3142707835031808,1.3218896428310716,1.2799855470657349,1.2799855470657349,6082692,27.45991312559252,25.052564874435213,25.928792145788787,27.248249324765517,27.42824350867414,1.46,21.0,-0.63,-0.55
RTX,1985-06-14,1.2837954759597778,1.2914142464330483,1.2685575655511299,1.2837954759597778,3705548,26.225518394746988,24.634540068930676,25.861115706290978,27.057913490791936,27.30829315308795,1.46,20.0,-0.61,-0.52
RTX,1985-06-17,1.279986136905906,1.2876049073791764,1.2685575655511299,1.2837954759597778,3742413,26.202112635584722,24.621571590386054,25.837222672203268,27.057913490791936,27.211596389812076,1.45,19.0,-0.58,-0.51
RTX,1985-06-18,1.291414171537579,1.302842742229556,1.2837954015061586,1.2990334033966064,8517040,26.18947404619054,24.722456280631107,25.436505513431534,27.03540463842078,27.06293323407765,1.45,7.0,-0.59,-0.47
RTX,1985-06-19,1.2761767877669778,1.2837955587314624,1.264748215675354,1.264748215675354,6319135,27.66743912262167,25.18019460080628,25.73138593447546,27.023105588204587,27.19886234112634,1.44,16.0,-0.59,-0.49
RTX,1985-06-20,1.2609381437894949,1.2647475735203275,1.2228431075572823,1.2457002401351929,4329707,28.044787937241463,25.0958863139701,25.683807311107575,27.089998652839313,27.170061517211142,1.43,14.0,-0.59,-0.46
RTX,1985-06-21,1.2418910491996442,1.2609387613759693,1.2380817099685475,1.2533196210861206,4773356,27.607476196434078,25.121694400095013,25.347881708693826,27.052831817108842,27.169958895122605,1.43,7.0,-0.56,-0.39
RTX,1985-06-24,1.249510380546721,1.249510380546721,1.1923683436667765,1.2266536951065063,14351848,26.258423243322408,25.46831809296674,25.230846996821516,27.181139007512083,27.262565180612043,1.41,3.0,-0.57,-0.39
RTX,1985-06-25,1.226653234044814,1.2495099108938978,1.2190340030882476,1.2342720031738281,12267080,26.071034235026048,25.318804470103824,25.028812794455863,27.156820729143156,27.25899886011739,1.4,3.0,-0.56,-0.33
RTX,1985-06-26,1.2342715449406636,1.2457001100360356,1.2304621156076825,1.24189031124115,5463618,26.112045265196627,25.05795288661343,24.946456267841082,26.978002290943103,27.259305620255915,1.38,3.0,-0.55,-0.31
RTX,1985-06-27,1.2418906246418413,1.2761763285802197,1.2418906246418413,1.2685571908950806,7250925,26.447294914294485,25.27662810600687,25.13894152858062,27.072842552473602,27.332509602833266,1.37,5.0,-0.54,-0.37
RTX,1985-06-28,1.2685576473403626,1.2723669866398386,1.25331964358373,1.264748215675354,5973369,26.46965469227988,25.283888590892595,25.138052817622007,26.79437689792768,27.315355285965982,1.37,5.0,-0.52,-0.36
RTX,1985-07-01,1.2609379057391017,1.2876040935516357,1.2495093416077263,1.2876040935516357,3385206,26.462589008482468,25.36911246309581,25.19237596853074,26.86339440292178,27.34752467634073,1.36,7.0,-0.53,-0.39
RTX,1985-07-02,1.2837946645399791,1.3066514233408564,1.2837946645399791,1.2876040935516357,5140733,25.789197401954596,25.35380994224466,25.122533225780145,26.82320030886612,27.32839267986475,1.36,5.0,-0.53,-0.36
RTX,1985-07-03,1.291414329695947,1.2952241308230865,1.264748215675354,1.264748215675354,2836047,26.00223465800641,25.380809902434226,25.17201753685965,26.899588044807654,27.358329334573213,1.36,8.0,-0.5,-0.35
RTX,1985-07-05,1.2685578989434008,1.2761770408811803,1.257129324585058,1.272367238998413,2537315,25.650341748656974,25.169189117294387,24.757573468968776,26.90730000352209,27.362881564018483,1.36,3.0,-0.5,-0.32
RTX,1985-07-08,1.2685575655511299,1.2837954759597778,1.2609387027123327,1.2837954759597778,4116146,25.75964036446105,25.217872637861955,24.726674225236415,26.336122730345686,27.367012213228154,1.37,1.0,-0.5,-0.31
RTX,1985-07-09,1.2685575655511299,1.2914142464330483,1.2647481341317313,1.2837954759597778,2871641,25.73289750936644,25.217872637861955,24.509627424815253,26.324521206085578,27.367012213228154,1.37,1.0,-0.47,-0.23
RTX,1985-07-10,1.291414171537579,1.306652173428027,1.291414171537579,1.2990334033966064,2813166,25.881337004113426,25.30960921958128,24.37224334431772,26.34702031992956,27.375568006897065,1.37,1.0,-0.44,-0.19
RTX,1985-07-11,1.3066524282725,1.318081001193462,1.3066524282725,1.3142715692520142,4069111,25.951731753714434,25.2266754203719,24.442890984059655,26.27695817774271,27.39598828134436,1.38,2.0,-0.43,-0.22
RTX,1985-07-12,1.3104622296761057,1.3256997727108184,1.2914144234100904,1.3142715692520142,10720030,24.19693111368843,25.226939515671727,24.42700377542771,26.11267400884306,27.349069997932414,1.39,2.0,-0.42,-0.22
RTX,1985-07-15,1.31427034310592,1.3561744248296688,1.31427034310592,1.3447462320327759,6818717,22.539901352671087,25.213234498101873,24.055040333336077,26.234047312386743,27.428485735987685,1.4,1.0,-0.45,-0.33
RTX,1985-07-16,1.3409376396215953,1.363794783112045,1.3409376396215953,1.3599853515625,5035223,22.314061717194626,25.26587173442378,24.094089848379422,26.262403517299994,27.418280867921972,1.4,2.0,-0.49,-0.36
RTX,1985-07-17,1.3104614705377413,1.3256990047454897,1.2876043379367457,1.2952234745025635,20364624,25.877034809940426,27.356231556366208,25.333261035879577,26.906048583062116,27.767585886140782,1.39,23.0,-0.5,0.1
RTX,1985-07-18,1.2799855470657349,1.295223450452485,1.272366318275907,1.2799855470657349,8021272,25.471512767347125,27.322508709324346,25.400175896964573,26.945147556916993,27.739370216228345,1.39,25.0,-0.5,0.07
RTX,1985-07-19,1.2837949748341204,1.3180803060531616,1.2799856372672125,1.3180803060531616,9429762,27.0522138193928,27.880755678556156,25.616809183599702,27.150093408807447,27.800887781893955,1.38,29.0,-0.51,0.05
RTX,1985-07-22,1.3180800930730303,1.3409368537051258,1.314270663756173,1.3333179950714111,5483957,27.259956939512957,27.401781170285567,25.662423441262742,27.154258600303688,27.820119981173026,1.37,33.0,-0.54,0.03
RTX,1985-07-23,1.3333189136903325,1.3371283456317804,1.3104622296761057,1.3142715692520142,7230586,27.547752769513036,27.50518953205353,25.60782188236854,26.73327131239868,27.762925415065254,1.35,28.0,-0.57,0.04
RTX,1985-07-24,1.3180803060531616,1.3256990735524683,1.314270876120763,1.3180803060531616,2171210,27.138660245295128,26.9372358386932,24.99328346685072,26.719508892833506,27.7285457739216,1.33,12.0,-0.57,0.11
RTX,1985-07-25,1.3142715759998858,1.3180810079608924,1.2952242314637725,1.310462236404419,3286052,27.07522353373471,26.620105897135844,24.80239332373947,26.729598106123902,27.735909640224442,1.32,11.0,-0.55,0.18
RTX,1985-07-26,1.2990328801164306,1.3028422174148917,1.2799855470657349,1.2799855470657349,6973803,26.580831815813923,26.95421223307276,25.015011768039496,26.884561066771717,27.826403888088763,1.3,14.0,-0.51,0.12
RTX,1985-07-29,1.2723663646145804,1.2723663646145804,1.2495096010675124,1.2609381675720215,5178869,26.914142443234766,26.666317769125307,25.023797538377213,26.86928359739832,27.871862521450545,1.29,15.0,-0.47,0.12
RTX,1985-07-30,1.2571284606728768,1.2647475973747035,1.2533190308701945,1.2609381675720215,4458098,26.914142443234766,26.61446841795854,25.02069246867042,26.864991793536053,27.792608237736715,1.27,15.0,-0.43,0.12
RTX,1985-07-31,1.2571290752487385,1.2685576473403626,1.2571290752487385,1.264748215675354,3376307,26.681942647529876,26.593566958933746,25.01109184061911,26.81164462135206,27.71684298728575,1.26,14.0,-0.4,0.12
RTX,1985-08-01,1.2685580481245615,1.3028433134037478,1.2685580481245615,1.291414737701416,3869533,26.237390785350616,26.825827334210285,25.231601523518787,26.82830483526789,27.320441430307568,1.24,25.0,-0.39,0.04
RTX,1985-08-02,1.295223450452485,1.295223450452485,1.2761761174017894,1.2799855470657349,2147057,25.968867568121723,26.86005195882245,25.053829232447995,26.81011949732802,27.213567182897684,1.22,19.0,-0.4,0.1
RTX,1985-08-05,1.2761763285802197,1.2761763285802197,1.2609383303064399,1.2685571908950806,3044524,26.073985877039146,26.689031388243716,25.02069260575583,26.826080956998183,27.17732901756955,1.21,17.0,-0.4,0.11
RTX,1985-08-06,1.2685568776380338,1.2761760134417057,1.2418903179698266,1.2495094537734985,4188604,25.670774114561905,25.74543879185977,25.09495179884787,26.83019915942136,27.220663096221237,1.2,21.0,-0.4,0.09
RTX,1985-08-07,1.2342723005276213,1.264748215675354,1.2304628688626127,1.264748215675354,4311910,25.839704102770973,25.735804504928222,24.92458924793951,26.772293918696555,27.238893184564798,1.19,12.0,-0.39,0.14
RTX,1985-08-08,1.2723665288239014,1.283795096803361,1.2495097623269804,1.2685571908950806,3265713,25.799259313011234,25.735314810714748,24.910534697639722,26.72736758851445,27.120098719708153,1.18,12.0,-0.38,0.14
RTX,1985-08-09,1.2647475513135005,1.2799855470657349,1.260938121649555,1.2799855470657349,4294114,25.18815451973563,25.608879481625408,24.779958058832445,26.69943695223229,27.083240381232432,1.17,11.0,-0.39,0.19
RTX,1985-08-12,1.2761770408811803,1.2799864733017436,1.2647484665228377,1.272367238998413,2555112,25.236532114670705,25.64360257852025,24.553091250475685,26.524564455028106,27.089373652310993,1.17,7.0,-0.38,0.27
RTX,1985-08-13,1.2761761638792128,1.2761761638792128,1.2533190308701945,1.2609381675720215,6385238,24.79756552156656,25.505340850507636,24.592465594765116,26.495262721612544,27.089773763979125,1.16,8.0,-0.36,0.25
RTX,1985-08-14,1.2609387840103452,1.2685576473403626,1.2495102119187211,1.264748215675354,2441975,24.82034720480952,25.130864479669494,24.596073609679124,26.4262124668843,27.058399912406266,1.14,9.0,-0.34,0.25
RTX,1985-08-15,1.2647484665228377,1.272367238998413,1.2647484665228377,1.272367238998413,2341550,24.33382062832468,24.968045691860475,24.493287599653293,26.40225951981588,26.973529385060175,1.13,6.0,-0.34,0.3
RTX,1985-08-16,1.2647474482844128,1.2723662146261783,1.2495094537734985,1.2495094537734985,3197068,24.833635357963402,25.052397461682013,24.493614049068015,26.481681965302062,27.034453010941917,1.11,7.0,-0.34,0.3
RTX,1985-08-19,1.2717958688735962,1.2717958688735962,1.2487420105538876,1.2717958688735962,9050944,25.251081265846796,25.311512144621034,24.65049135078136,26.47084438027087,27.064525120221212,1.09,12.0,-0.35,0.23
RTX,1985-08-20,1.2717948199703675,1.2717948199703675,1.2602678537368774,1.2602678537368774,4177163,25.378858806074383,25.37647821791057,24.67506843440973,26.142971021573956,26.90155036853182,1.09,13.0,-0.34,0.22
RTX,1985-08-21,1.2602685724957396,1.2756377764117022,1.2602685724957396,1.264110803604126,3122067,25.132316618870966,25.353920008888437,24.559753700634236,26.143763365684297,26.857166695397428,1.08,10.0,-0.34,0.27
RTX,1985-08-22,1.2602678537368774,1.2641100826539549,1.2564257179805525,1.2602678537368774,2405110,24.853012601206306,25.32907070819722,24.38259675862671,26.147962534623538,26.851284389819853,1.07,4.0,-0.32,0.34
RTX,1985-08-23,1.2564257875723377,1.2564257875723377,1.2333718538284302,1.2333718538284302,4974206,25.524889922690747,24.767110490018567,24.545310594555406,26.28242154886373,26.939624694858594,1.06,10.0,-0.3,0.29
RTX,1985-08-26,1.2256872653961182,1.237214230167736,1.2141603006245,1.2256872653961182,6103031,24.414187786936175,23.45184694938678,24.562014924193335,26.27845427009691,26.945209658513967,1.05,13.0,-0.28,0.28
RTX,1985-08-27,1.2218455864417332,1.248741383867097,1.2218455864417332,1.2448991537094116,3775464,24.66344100443046,23.546304986814533,24.59675565078833,26.258041291692948,26.971751705866193,1.04,16.0,-0.22,0.27
RTX,1985-08-28,1.2372153997421265,1.2372153997421265,1.229530562974875,1.2372153997421265,4488607,20.5260895168049,23.158446313660185,24.6125150787735,26.16028917260826,26.852718860882774,1.02,17.0,-0.17,0.26
RTX,1985-08-29,1.2410567998886108,1.2448990296634435,1.2295298310817928,1.2410567998886108,2172481,20.32986445775266,22.86489527752523,24.435180151192913,26.159768865945537,26.85254492029588,1.01,6.0,-0.14,0.33
RTX,1985-08-30,1.244898820700384,1.244898820700384,1.2295296246985365,1.2333718538284302,3413172,18.218084643551883,22.88208694782671,24.322444555349247,25.8865031642554,26.853206890485858,0.99,3.0,-0.09,0.38
RTX,1985-09-03,1.229530562974875,1.2372153997421265,1.2256884240737353,1.2372153997421265,2045361,17.827790299704077,22.887894159017073,24.32224192666433,25.861524813963822,26.78049585456379,0.98,3.0,-0.04,0.38
RTX,1985-09-04,1.2372152897660926,1.2410574283257045,1.2218460834019016,1.2295304536819458,2505535,17.50877498366598,22.90678777055362,24.34433655274609,25.762437127718798,26.753702953700436,0.97,5.0,0.01,0.37
RTX,1985-09-05,1.2295298020220453,1.2295298020220453,1.2064763307571411,1.2064763307571411,4058942,18.08750771652029,22.96423031929659,24.528765076084564,24.860124085500736,26.80560089214782,0.95,14.0,0.01,0.29
RTX,1985-09-06,1.2218450369663194,1.2333716290949746,1.2141603006245,1.2256872653961182,3359782,18.858470746163512,23.19017949367228,24.569140317907184,24.84799692569357,26.848931561364868,0.94,19.0,0.07,0.28
RTX,1985-09-09,1.2180024957485842,1.2180024957485842,1.1949490308761597,1.1949490308761597,4700898,19.04853687244631,22.999897623570295,24.900632268270325,25.023596576066698,26.86761861347442,0.92,32.0,0.08,0.18
RTX,1985-09-10,1.1949490308761597,1.1949490308761597,1.1795798369194708,1.1949490308761597,5513194,18.671733647399346,22.9852303110713,24.706030589933174,25.023596576066698,26.79422585212875,0.9,26.0,0.12,0.26
RTX,1985-09-11,1.191107153892517,1.2064763523864532,1.1872649241396127,1.191107153892517,2228414,18.668207162714825,22.9875520705189,24.691311826271864,25.023427266742416,26.794628514094814,0.89,26.0,0.14,0.26
RTX,1985-09-12,1.1834229396720342,1.1834229396720342,1.1642115960670414,1.1718963384628296,5234802,19.059030635620903,23.026487799634932,24.822278166997286,25.072680520932728,26.345836119021264,0.88,34.0,0.13,0.21
RTX,1985-09-13,1.1834224462509155,1.1834224462509155,1.1642111106559776,1.1834224462509155,4378013,18.124313318983383,22.54242358492909,24.73929762119088,25.04862608012442,26.334419321996926,0.86,30.0,0.1,0.24
RTX,1985-09-16,1.1757378076440888,1.194949138793647,1.1718955786784786,1.1872646808624268,5397515,18.11760628513015,22.366824143919136,24.72472893075701,24.573520503326026,26.290333469972026,0.85,28.0,0.09,0.25
RTX,1985-09-17,1.179580479421537,1.1872652203267773,1.1680535078048706,1.1680535078048706,7186094,18.46693577937409,22.542466202753573,24.434091568753384,24.65084303068162,26.246502875607717,0.83,9.0,-0.0,0.29
RTX,1985-09-18,1.171895173484745,1.1757374011218689,1.1603682110912086,1.1642104387283325,2974608,18.0923878676961,22.146399733821795,24.396976653343863,24.626131638899267,26.117870015094276,0.82,8.0,-0.07,0.31
RTX,1985-09-19,1.1603682110912086,1.1680525732047349,1.148841248697672,1.1642104387283325,6450069,17.583360916489525,22.098368030000408,24.06621280844283,24.339744058868018,26.109142409054215,0.81,2.0,-0.1,0.42
RTX,1985-09-20,1.1565269567617467,1.1642114185030688,1.148842215538025,1.148842215538025,4592846,17.75231753968567,22.18955170018784,23.959613631710123,24.38955743309395,26.123951571894423,0.8,1.0,-0.1,0.46
RTX,1985-09-23,1.1680529770698536,1.191106909828037,1.1680529770698536,1.1872646808624268,7278891,20.353881922710805,22.814842438498175,24.431509194191197,24.688363272003027,26.218169032870538,0.77,12.0,-0.07,0.41
RTX,1985-09-24,1.1949489274284109,1.1987910625536617,1.179579734802246,1.179579734802246,4883950,20.36219755165267,22.838444479760465,24.155796358313513,24.69990215953888,26.149373571543617,0.74,5.0,-0.14,0.5
RTX,1985-09-25,1.1834224462509155,1.187264955587919,1.1795802163962381,1.1834224462509155,4385640,20.3325296551409,22.51083622152508,24.110536178133067,24.489698988081567,25.981635607220117,0.71,5.0,-0.18,0.53
RTX,1985-09-26,1.1680535078048706,1.1757383418709069,1.1488421679261482,1.1680535078048706,3722074,20.513557218013766,22.635022817938616,24.198676105559244,24.335688915035565,25.878028803759285,0.68,7.0,-0.27,0.48
RTX,1985-09-30,1.1680528227399758,1.175737652298847,1.1373149019156124,1.1449992656707764,5552602,20.935664486869833,22.700947432069423,24.360052021015264,24.448299882646854,25.95610713369257,0.65,11.0,-0.29,0.43
RTX,1985-10-01,1.141157130373565,1.1488414941287293,1.1373149019156124,1.1449992656707764,2660622,20.490737255104822,22.647649638723184,24.335905270163405,24.43574980364938,25.920080643976505,0.63,10.0,-0.35,0.44
RTX,1985-10-02,1.1373152781673668,1.148841874193764,1.1334726757952214,1.1411575078964233,3129694,19.538787128870077,22.539481778528792,24.131825695368782,24.389117099990834,25.77251926141657,0.6,6.0,-0.31,0.53
RTX,1985-10-03,1.1411584868799594,1.1795811897759,1.1373162538547061,1.175739049911499,4189875,21.72721652778288,23.462028245341006,23.802489790822037,24.64255869131019,25.941921212502255,0.56,1.0,-0.34,0.43
RTX,1985-10-04,1.1757386019373872,1.191107714504241,1.1526850262479231,1.1603693962097168,4097078,21.886865366561825,23.416826848604487,23.8007561309258,24.664881176798723,25.94143018534052,0.57,1.0,-0.39,0.43
RTX,1985-10-07,1.1642106874427645,1.1680528227399758,1.1449992656707764,1.1449992656707764,2672062,22.09681024394502,23.35960447534262,23.880880590420883,24.715433477964133,25.977042327990986,0.57,3.0,-0.42,0.39
RTX,1985-10-08,1.1411575078964233,1.148841874193764,1.129630539226937,1.1411575078964233,2791555,21.400240741316644,23.355637163069595,23.74389756659436,24.525973344635503,25.957708050889185,0.58,1.0,-0.47,0.46
RTX,1985-10-09,1.12963124480029,1.145000359637687,1.114262036802063,1.1373159885406494,3363595,21.373711375055144,22.754091308149725,23.746984347535452,24.48079201993632,25.815472518282185,0.58,2.0,-0.51,0.46
RTX,1985-10-10,1.1296305608343493,1.1373152999217717,1.121946194390023,1.1257883310317993,3385206,20.778767620425253,22.612219002753033,23.678359711753966,24.498475025049256,25.826801234010325,0.59,1.0,-0.52,0.49
RTX,1985-10-11,1.1257883094978807,1.1526844765659094,1.1219461729295963,1.1411575078964233,2419094,21.325583326813348,20.772527077463106,23.517688900741327,24.267511531768687,25.643480704328823,0.59,1.0,-0.59,0.54
RTX,1985-10-14,1.1373158205202527,1.1603693962097168,1.1296310779151923,1.1603693962097168,1061452,21.999914135992228,21.02345412872592,23.545319501853097,24.306271579135895,25.68935424478661,0.59,2.0,-0.66,0.53
RTX,1985-10-15,1.1603691395428146,1.1911074510382034,1.1565269088313885,1.1680535078048706,2834776,22.112056609998998,20.08898325416688,23.46195335084448,24.221859836516415,25.66481442069506,0.61,1.0,-0.72,0.57
RTX,1985-10-16,1.1718954728429896,1.1949490308761597,1.1718954728429896,1.1949490308761597,3061050,23.199379674787885,20.54039373586023,23.754341291695095,24.168343423339252,25.75665743928482,0.61,7.0,-0.76,0.45
RTX,1985-10-17,1.1911075844360044,1.2564264454535778,1.1718962424057124,1.2141611576080322,17288320,23.664010703676446,20.688378444791528,23.891758026647526,24.047695311771243,25.805032658640805,0.62,11.0,-0.77,0.39
RTX,1985-10-18,1.2602682606617188,1.2717952306171232,1.2410569235517261,1.2448991537094116,7639912,24.099343687785804,21.365729346860537,24.205384634602826,24.106738021030633,25.48346403697105,0.62,20.0,-0.77,0.29
RTX,1985-10-21,1.2487410498302776,1.2487410498302776,1.2295296246985365,1.2333718538284302,3458935,23.860964617188554,21.41172026446299,24.231027235404646,24.069668771653284,25.49301225250628,0.62,21.0,-0.78,0.28
RTX,1985-10-22,1.229530562974875,1.2525841416683419,1.2256884240737353,1.2372153997421265,3016558,22.599693397992713,20.905011737284802,23.64359788340927,24.048947468912488,25.486677877460867,0.63,4.0,-0.77,0.36
RTX,1985-10-23,1.2410563654367939,1.2410563654367939,1.2218450369663194,1.2256872653961182,3293679,22.80335018528879,20.770452013842274,22.87638005104978,24.070204005042662,25.431757453221138,0.65,1.0,-0.74,0.31
RTX,1985-10-24,1.2256872653961182,1.237214230167736,1.2218450369663194,1.2256872653961182,5397515,22.772522823917825,20.770452013842274,22.773298643187534,24.008885527639194,25.306333238631062,0.67,1.0,-0.71,0.36
RTX,1985-10-25,1.2295296440168713,1.2295296440168713,1.2141605409343026,1.2180026769638062,2781386,22.295956149934828,20.791225474254492,22.544323125272552,23.976844683747906,25.30638136250132,0.69,1.0,-0.67,0.44
RTX,1985-10-28,1.218002435893558,1.229529400665176,1.2103180721947016,1.2256872653961182,3550462,22.202914593909192,20.357721030087873,22.39269195596334,23.924563760103233,25.312149879069413,0.72,1.0,-0.67,0.51
RTX,1985-10-29,1.2256874887294007,1.2487410498302776,1.221845259599507,1.2333718538284302,2614858,22.244392824973698,20.33943925357285,22.42223819142281,23.687279527511112,25.317816600756338,0.75,2.0,-0.68,0.49
RTX,1985-10-30,1.2448992551516747,1.260268363356354,1.2410570246809,1.252583622932434,3894957,21.96615324329563,20.52624311353072,22.561111221369366,23.71696318833345,25.364243349591653,0.77,4.0,-0.68,0.43
RTX,1985-10-31,1.260268135084321,1.260268135084321,1.2372146632745515,1.2410567998886108,2131802,22.165306948171995,20.378479297248532,22.59883274691348,23.6149096341834,25.373578144458758,0.78,5.0,-0.68,0.41
RTX,1985-11-01,1.2333726854023783,1.2410574283257045,1.2218460834019016,1.2295304536819458,3320374,22.40690944094026,20.302462977860355,22.491102050197618,23.514969941978382,25.373018514140156,0.8,3.0,-0.65,0.46
RTX,1985-11-04,1.2295298020220453,1.2295298020220453,1.202634101073119,1.2064763307571411,3639446,22.793642087524827,20.636913889323974,22.641455245426283,23.61376007073355,25.08894176506573,0.81,7.0,-0.63,0.39
RTX,1985-11-05,1.2026339465242741,1.2218452787971052,1.2026339465242741,1.2180026769638062,1538152,20.93827456610401,20.64816099735205,22.235297864131688,23.635961057604558,25.096318771863007,0.83,1.0,-0.62,0.49
RTX,1985-11-06,1.2295302684965883,1.2333724996383242,1.2141611576080322,1.2141611576080322,4013178,20.858763174515545,20.626285712325597,22.232254256407128,23.281631470996103,25.096902701036818,0.84,1.0,-0.6,0.49
RTX,1985-11-07,1.2180029879851098,1.2525835253315292,1.210318620803114,1.2487413883209229,4938612,22.28803617274947,21.38092784398417,22.692380373637672,23.513043233032942,25.25021944904646,0.85,10.0,-0.58,0.38
RTX,1985-11-08,1.2564261281460505,1.260268265156657,1.2448991581495334,1.2487413883209229,3797074,21.848218886575406,21.37070560202456,22.609696263608566,23.510614536546832,25.191424421889597,0.86,9.0,-0.54,0.42
RTX,1985-11-11,1.2525833122597643,1.2910064458847046,1.2525833122597643,1.2910064458847046,8867891,22.589627450890028,22.41548675430742,22.835924200337153,23.838061443692787,25.401052581951127,0.86,13.0,-0.56,0.47
RTX,1985-11-12,1.287164699474075,1.2948490682330636,1.2794799580718785,1.2833220958709717,9603916,22.747217684899407,22.126524001734158,22.724588170207404,23.722347086854683,25.369313981688375,0.86,12.0,-0.59,0.53
RTX,1985-11-13,1.2833214135608475,1.2833214135608475,1.2564257179805525,1.2602678537368774,2888166,23.540070168436085,22.15215746251017,22.891980808475232,23.80857552257967,25.375106642177908,0.86,16.0,-0.59,0.45
RTX,1985-11-14,1.2564257179805525,1.2641100826539549,1.2487409806641399,1.2602678537368774,3156390,22.164770275065703,22.073416336521763,22.629444823234856,23.71647803022232,25.340327547841845,0.87,10.0,-0.6,0.56
RTX,1985-11-15,1.2564257179805525,1.2641100826539549,1.2487409806641399,1.2602678537368774,5358108,21.68956631057643,22.064296261893446,22.6095434763592,23.342415331295765,25.332544210089488,0.88,9.0,-0.6,0.57
RTX,1985-11-18,1.2788704633712769,1.2827460590481181,1.247867859104307,1.2788704633712769,6011505,21.40058914860562,22.258967018784272,22.70648369396932,23.285903844064194,25.325446995930413,0.89,14.0,-0.62,0.52
RTX,1985-11-19,1.2866215470938136,1.3021230862341642,1.2866215470938136,1.2943720817565918,3765294,21.425676477977454,21.91526550511325,22.5367678008557,23.293997568097087,25.2833577334775,0.9,6.0,-0.64,0.59
RTX,1985-11-20,1.2866215470938136,1.2982477719212957,1.2827462327809451,1.2943720817565918,6305152,21.34426441681868,21.86671076866522,22.530924983134568,23.23244408713408,25.24772528302746,0.91,6.0,-0.67,0.59
RTX,1985-11-21,1.2943716072926443,1.3137483596801758,1.290496388363232,1.3137483596801758,6996685,21.098772640983128,21.847310526411896,22.475117860419942,23.29707619247297,25.25247123197694,0.92,5.0,-0.68,0.61
RTX,1985-11-22,1.3021219914641955,1.344750788917066,1.3021219914641955,1.3292492628097534,6315322,21.041964553907995,21.90758781152545,22.549460810524756,23.327688025762246,25.134780457693033,0.93,10.0,-0.69,0.57
RTX,1985-11-25,1.3137475553586433,1.3253737688064575,1.3098723388017723,1.3253737688064575,2970794,20.86879808388881,21.919972949913475,22.365820879193024,23.327673259043642,25.096474432425364,0.93,3.0,-0.73,0.66
RTX,1985-11-26,1.3176236518079463,1.3253741812967175,1.3098727464675903,1.3098727464675903,3504698,21.375598034749434,22.028310716546116,22.43162800054077,23.23871443771116,25.07418936224565,0.95,6.0,-0.76,0.62
RTX,1985-11-27,1.3137481406215632,1.3176238287193527,1.3021223918089175,1.305997610092163,2361890,20.683511568611756,22.038649368927647,22.394332795771884,23.196337890857055,25.05349668874312,0.96,5.0,-0.77,0.64
RTX,1985-11-29,1.3137477421661727,1.3137477421661727,1.2982466858087922,1.3021219968795776,1890274,20.375784155269834,22.00369292231978,22.399880895728348,23.17283771411903,25.04492787687299,0.97,6.0,-0.79,0.64
RTX,1985-12-02,1.294371906449181,1.2982475960889683,1.2788704633712769,1.2788704633712769,1641119,20.02843757337438,21.969318780629905,22.504738918028686,23.1286091767853,25.050406411890386,0.98,11.0,-0.77,0.6
RTX,1985-12-03,1.274994636754872,1.286620855331421,1.2633684181783227,1.286620855331421,2994947,19.842256451181946,21.77825354179665,22.44722217696313,23.127932935122935,24.79209664420853,0.99,9.0,-0.75,0.63
RTX,1985-12-04,1.2866206881867956,1.3098727464675903,1.2827453764609618,1.3098727464675903,3850465,20.408125138216697,21.35685226504403,22.63085628999035,23.12192707754418,24.85078879419121,1.0,22.0,-0.75,0.54
RTX,1985-12-05,1.3059976034959773,1.3486264138400064,1.3021223852323043,1.333125352859497,9311540,20.609811026588016,21.60599052804593,22.508786772145335,23.065598099394723,24.90669984199737,1.01,13.0,-0.77,0.57
RTX,1985-12-06,1.3253741812967175,1.3331251805999695,1.302122216978819,1.3098727464675903,4090722,21.432164360587862,21.947503202767603,22.604311443410406,23.16080384204276,24.974231288782445,1.01,20.0,-0.86,0.53
RTX,1985-12-09,1.3253746258965617,1.340876159888609,1.3176240938078574,1.337000846862793,6943294,21.909528981979054,21.963880630740388,21.47458971194405,23.28250990261245,25.037769253683233,1.03,1.0,-0.85,-0.38
RTX,1985-12-10,1.3408763390982514,1.3873808533268464,1.3408763390982514,1.3796298503875732,5905995,23.38407367073537,22.7158706547601,21.942977258552894,23.501282485690997,25.164877288635758,1.04,2.0,-0.68,-0.41
RTX,1985-12-11,1.3796293984303054,1.406757148127372,1.3718788678447549,1.3912556171417236,5613619,23.410646593260758,22.746998375069825,21.496057288432432,23.425425990343662,25.09492865355617,1.05,2.0,-0.47,-0.36
RTX,1985-12-12,1.3796299540816102,1.4067577147044872,1.3796299540816102,1.3873809576034546,4367843,23.232343563801106,22.432302263770488,21.430269199923877,23.42493560443251,25.09651032891616,1.05,1.0,-0.33,-0.31
RTX,1985-12-13,1.3951314298393345,1.4067576527209933,1.3757546735920658,1.3835055828094482,3747498,23.00122463739102,22.42668548506909,21.30533759024172,23.419094797754948,24.883735137948985,1.06,1.0,-0.25,-0.28
RTX,1985-12-16,1.3796295203632958,1.4377602432063987,1.3757543017094795,1.4106324911117554,7519148,23.103340442455266,22.672033363901395,21.51279565044636,23.450817221777463,24.932820494910743,1.08,5.0,-0.05,-0.37
RTX,1985-12-17,1.4416354825166087,1.4416354825166087,1.3835052286551783,1.4028819799423218,8297122,22.22758262447753,22.485683478382228,21.510645413885253,23.3510945825331,24.860919456475777,1.09,5.0,0.02,-0.37
RTX,1985-12-18,1.4028819598412055,1.42225871085071,1.3990062713728004,1.4106324911117554,5281836,22.18771187642928,21.631777784028877,21.169878819104554,23.303948847917713,24.134272876506948,1.11,1.0,0.04,-0.34
RTX,1985-12-19,1.4106324296531323,1.4106324296531323,1.3873804610028562,1.39513099193573,5843706,22.551473314034105,21.73594153248684,21.10334011321527,23.344864299190622,24.101387349386098,1.13,1.0,-0.04,-0.33
RTX,1985-12-20,1.4028819598412055,1.4106324911117554,1.3873805214484345,1.4106324911117554,4735220,21.529462124579346,21.801559572562486,21.16267858035522,23.321198044195373,24.116169952220876,1.14,2.0,-0.08,-0.37
RTX,1985-12-23,1.4028822972773385,1.4028822972773385,1.3408763408660889,1.3408763408660889,2308499,26.746574587812884,24.21296859546535,22.70308084305335,24.103804197632194,24.660740908809125,1.13,37.0,-0.17,0.73
RTX,1985-12-24,1.3602526381431694,1.3718788567606535,1.333125358479825,1.3525021076202393,1512728,25.17904523729865,23.796733607323354,22.50713174236572,24.023922298058476,24.670525738806102,1.12,23.0,-0.25,0.82
RTX,1985-12-26,1.3486259562956677,1.3796289134045792,1.3486259562956677,1.3718783855438232,1733917,25.334650853510105,23.904178743135162,22.56169469154922,23.998140358390412,24.690600726797783,1.12,30.0,-0.33,0.79
RTX,1985-12-27,1.3718789293225404,1.4028818987202585,1.3718789293225404,1.39513099193573,1814002,24.915781640311337,24.03149055035056,22.65158568118183,24.07153256228347,24.70344289117602,1.11,38.0,-0.41,0.75
RTX,1985-12-30,1.39513099193573,1.4028818987202585,1.3873804610028562,1.39513099193573,1980530,24.915781640311337,23.39555578998725,22.505048734307604,24.07153256228347,24.349851738279323,1.1,23.0,-0.5,0.84
RTX,1985-12-31,1.3873801819102731,1.3990059289894317,1.356377124786377,1.356377124786377,3901313,26.53395134877047,24.02809815580352,22.90820334576672,24.313200588347105,24.522239096310223,1.09,48.0,-0.58,0.73
RTX,1986-01-02,1.3641278936166161,1.3757541117502643,1.3447511452825835,1.368003487586975,4105976,26.348047474086716,23.82574986936959,22.93916506767536,24.27838926254838,24.516069765887146,1.08,49.0,-0.65,0.71
RTX,1986-01-03,1.371878381214026,1.4028813382250886,1.3680030703144408,1.399005651473999,4694542,26.8493575611569,24.117032969481148,23.159839910089396,24.411358153419663,24.398565517931956,1.07,50.0,-0.71,0.62
RTX,1986-01-06,1.3912547460101825,1.4222576946061316,1.3873795301253211,1.4145067930221558,4610642,26.946709929992245,24.124890527686933,23.18877646514654,24.321136768265117,24.414514097467865,1.06,51.0,-0.76,0.61
RTX,1986-01-07,1.4183834260696255,1.464887457191094,1.4145077377819113,1.4532616138458252,7603047,27.635833423044403,24.41801531546946,23.49402670986639,24.506438394581817,24.550623316834454,1.05,53.0,-0.71,0.54
RTX,1986-01-08,1.457136743131134,1.480388802750722,1.4222584657759492,1.4377599954605103,10024683,27.810872018970862,24.52970055105272,23.57138065974739,24.545517336138868,24.578435028163845,1.04,56.0,-0.74,0.49
RTX,1986-01-09,1.4338847773724923,1.4455106200175014,1.4222585588758523,1.4261338710784912,7943729,27.941319789693303,24.50185296599973,23.605951415136257,24.505164454949536,24.450761591268716,1.04,57.0,-0.8,0.47
RTX,1986-01-10,1.4261341301781212,1.430009349121901,1.414507909569233,1.4183835983276367,3185627,27.721376466590048,24.55978391214825,23.42764211693356,24.50153334626496,24.32002427573316,1.03,52.0,-0.87,0.55
RTX,1986-01-13,1.42613447180552,1.4300096916776004,1.3873809576034546,1.3873809576034546,2860200,28.599235794125327,24.756406810100177,23.568952896309632,24.434771991584107,24.426990105236406,1.02,57.0,-0.93,0.5
RTX,1986-01-14,1.3873808964737246,1.3951314298393345,1.3718793599277892,1.3835055828094482,3961059,28.59663260202438,24.618755692967195,23.522216722083964,24.40911209684216,24.422563836647225,1.01,56.0,-1.0,0.52
RTX,1986-01-15,1.3912551236377044,1.410631866061383,1.38350459580141,1.399005651473999,4690728,28.06490530197375,24.23070848439349,23.575772369694743,24.24097702663769,24.41353077394932,1.0,60.0,-1.06,0.5
RTX,1986-01-16,1.4028819598412055,1.4145078037284893,1.3990062713728004,1.4106324911117554,2509349,28.093457692853963,24.149859108564325,23.594654121825343,24.134307080911274,24.42392283396961,1.0,61.0,-1.11,0.49
RTX,1986-01-17,1.4261339278506837,1.4377601468101455,1.414507708891222,1.4222586154937744,3910211,27.787055411236167,24.180299078718946,23.337569124676776,24.08887745072915,24.412411261447133,0.99,52.0,-1.16,0.6
RTX,1986-01-20,1.4261330044538436,1.4261330044538436,1.4067562672895824,1.4145067930221558,2884353,27.51849556119142,24.112973356514917,23.331331293147976,23.92206944199915,24.420372644361667,0.98,52.0,-1.2,0.6
RTX,1986-01-21,1.4106314831744438,1.4222576946061316,1.3951300558578945,1.4145067930221558,2168667,26.896569854042824,24.112973356514917,23.222116799048127,23.89930891863913,24.291059521042918,0.97,52.0,-1.25,0.66
RTX,1986-01-22,1.4106324296531323,1.4106324296531323,1.39513099193573,1.39513099193573,2157226,26.745139915384424,24.276775336022272,23.31550779330499,23.959351013210746,24.304297249226035,0.96,53.0,-1.29,0.61
RTX,1986-01-23,1.3951314298393345,1.3951314298393345,1.3718793599277892,1.3835055828094482,1922054,25.31815282005809,24.35864070041744,23.36275712105244,23.96231428937928,24.31103688133242,0.95,56.0,-1.32,0.57
RTX,1986-01-24,1.3990062713728004,1.4106324911117554,1.3873805214484345,1.4106324911117554,4686914,25.828713545052086,24.604575362230953,23.512738801119603,24.042012826110483,24.190886531608328,0.94,60.0,-1.35,0.52
RTX,1986-01-27,1.4145080063262643,1.4183836953497782,1.399006471750315,1.4067574739456177,5142004,25.82829923768733,24.4693536701501,23.5199295539795,23.942391226573342,24.164728787059488,0.94,62.0,-1.38,0.51
RTX,1986-01-28,1.4028820648120437,1.4183835983276367,1.3951311571098601,1.4183835983276367,6109387,25.90500565515258,24.390295506044026,23.514345945919505,23.533543259926304,24.113166770991885,0.93,61.0,-1.4,0.52
RTX,1986-01-29,1.4145073357708655,1.4300087690353394,1.4106320244361903,1.4300087690353394,5848791,25.403774157431176,24.299576821770447,23.30972078734705,23.508277672521757,23.984298831474828,0.92,53.0,-1.41,0.62
RTX,1986-01-30,1.4261337777249132,1.4377599954605103,1.4261337777249132,1.4377599954605103,1802562,25.378053357229184,23.890584203603527,23.20788745095147,23.51285308116342,23.838003995814987,0.91,52.0,-1.42,0.67
RTX,1986-01-31,1.4300091754519808,1.4532616138458252,1.4300091754519808,1.4532616138458252,3968686,25.506486908475694,23.906191019029606,22.843964855394933,23.47787715919156,23.77457435135697,0.89,46.0,-1.41,0.8
RTX,1986-02-03,1.4493860800505818,1.526893459563635,1.4455107674526795,1.52301824092865,9883580,28.48266669874272,25.506839267851067,23.92837395544161,24.099969922252935,24.174819429630027,0.88,83.0,-1.29,0.95
RTX,1986-02-04,1.523017990748111,1.5578962682144921,1.5191426787867919,1.5501452684402466,11617497,28.709832190406733,25.169718237880723,24.032226824563388,24.096720060082415,24.22066240294279,0.87,85.0,-1.11,0.9
RTX,1986-02-05,1.5423948764801025,1.5540210952929747,1.5307686576672304,1.5423948764801025,11743346,23.914867512937892,25.221277383171483,23.872928585113534,23.986654993321377,24.226452392566856,0.85,81.0,-1.01,0.98
RTX,1986-02-06,1.5501452018668604,1.5888990715189213,1.5462699840348704,1.5733976364135742,7463215,24.297177259444624,24.6901467718115,24.002483388039483,24.0319287978033,24.25251075698386,0.84,86.0,-0.85,0.91
RTX,1986-02-07,1.5501448452326643,1.6005245447158813,1.5423943173889123,1.6005245447158813,7666607,24.40539613134591,24.772714809609564,24.1087581925351,24.025436762276044,24.282293854904896,0.83,89.0,-0.66,0.85
RTX,1986-02-10,1.6005253701072681,1.6315284370993288,1.5850239305741625,1.6160269975662231,6484391,24.195090716550606,24.379074318934556,23.93126695084739,24.044635876100816,24.25941786828388,0.83,85.0,-0.48,0.94
RTX,1986-02-11,1.627652827496408,1.6315282338784314,1.6121513898941398,1.6199020147323608,3390290,24.16288348681321,24.366623406428445,23.908709323139597,24.038898162407254,24.070029840793566,0.82,84.0,-0.37,0.96
RTX,1986-02-12,1.6160261641806428,1.6160261641806428,1.5966493277754434,1.6005245447158813,2340279,22.643970904424744,24.578773863893627,24.027060847484634,24.085462554024506,24.080169104143863,0.82,89.0,-0.35,0.89
RTX,1986-02-13,1.6082765226789766,1.616027149209903,1.5966503009937867,1.6121517419815063,2983506,22.63206847972561,24.488104215917154,23.889434945268277,24.07881443723961,24.00904105570548,0.82,83.0,-0.33,0.97
RTX,1986-02-14,1.6542896032333374,1.6542896032333374,1.6152734826905413,1.6542896032333374,10440366,22.87274432796607,24.844161735353754,23.692072990353083,23.95733991227284,24.062746223678097,0.81,76.0,-0.24,1.0
RTX,1986-02-18,1.6503872245335838,1.673796848950146,1.638682223126043,1.658190369606018,10182312,22.831741179737143,24.832290669491098,23.640384420922825,23.56211052819212,24.062795733598907,0.8,74.0,-0.2,1.04
RTX,1986-02-19,1.6503871408037059,1.6581902854802593,1.6308788061141968,1.6308788061141968,3769108,22.725214269689225,25.08755953951219,23.852932467372607,23.58425441137266,24.11723964193079,0.8,83.0,-0.23,0.92
RTX,1986-02-20,1.6230764419200228,1.6542896032333374,1.6152734826905413,1.6542896032333374,4735220,22.485605910393286,25.1277557221881,23.772511453330566,23.52852326588071,23.886731953778742,0.79,81.0,-0.24,0.97
RTX,1986-02-21,1.6698960599677792,1.6816006878058152,1.6698960599677792,1.6776992082595825,6626766,22.306728496175772,25.17901064639866,23.531406789258963,23.504083466651277,23.912125921550338,0.78,68.0,-0.23,1.09
RTX,1986-02-24,1.6737974229304136,1.681600570678711,1.665994464381441,1.681600570678711,2936472,22.090477212977618,24.968627891107722,23.524696199336887,23.504089122846878,23.908979836659803,0.77,68.0,-0.23,1.1
RTX,1986-02-25,1.6776996895232148,1.6776996895232148,1.642585039138794,1.642585039138794,2824606,22.2437285165598,25.565417146385094,23.895262670202385,23.671057262615737,24.03406816020958,0.77,91.0,-0.29,0.95
RTX,1986-02-26,1.6464865198042022,1.650388378868395,1.6347818886085848,1.642585039138794,2669520,22.16629626795821,25.538926454858057,23.528833016590355,23.666910471205817,23.953302815541786,0.77,69.0,-0.36,1.08
RTX,1986-02-27,1.638681906605898,1.665993571281433,1.638681906605898,1.665993571281433,4336063,22.247240223560528,25.210080371515353,23.44049788729023,23.618345524360976,23.98014138471709,0.77,61.0,-0.41,1.14
RTX,1986-02-28,1.665993777288316,1.6737967326191752,1.6464852537656882,1.6620917320251465,6619138,22.3581113506288,25.24542100754314,23.302717829987536,23.592990659909184,23.90865245458058,0.76,55.0,-0.47,1.23
RTX,1986-03-03,1.6542887766942873,1.6620917320251465,1.6425837761002586,1.6620917320251465,3102999,22.397224678704585,25.098420391934678,23.282796570413538,23.310712443693692,23.661784420534865,0.76,55.0,-0.53,1.25
RTX,1986-03-04,1.6542890353160398,1.662091991866767,1.6386823654174805,1.6386823654174805,3689022,22.894856224373285,25.206270726982517,23.42991013200133,23.383230976400167,23.632010995125306,0.76,63.0,-0.6,1.16
RTX,1986-03-05,1.623076319694519,1.6269779882147866,1.6152733610526382,1.623076319694519,4207672,23.238360559786877,24.97275274110472,23.42081609245777,23.418428577900453,23.623435564225513,0.75,62.0,-0.68,1.16
RTX,1986-03-06,1.6347804337748453,1.677698196495839,1.6347804337748453,1.669895052909851,3298764,23.557343863878327,25.253974331923246,23.698355252778953,23.605415506210058,23.73527560400013,0.76,84.0,-0.75,1.06
RTX,1986-03-07,1.673797539514012,1.6776992082595825,1.6581910537310673,1.6776992082595825,2895794,23.16659219941,24.587945011965736,23.608594201929904,23.369611284521827,23.73500242846212,0.76,80.0,-0.81,1.1
RTX,1986-03-10,1.673796525647425,1.673796525647425,1.658190049317771,1.665993571281433,1861037,23.144626983997078,24.65302210153964,23.664542961916784,23.307088253747782,23.738661947770414,0.76,82.0,-0.88,1.06
RTX,1986-03-11,1.669894761196197,1.7557304608427833,1.665993284684363,1.740123987197876,5000901,25.473312065595916,25.98031165484312,24.314561962392876,23.82365969101376,24.113687441108205,0.77,100.0,-0.88,1.09
RTX,1986-03-12,1.7245177948362962,1.7362227951627252,1.6855016946792603,1.6855016946792603,5795401,27.859673105772725,26.96051332520669,24.883442381684002,23.997922311874202,24.240829157614545,0.78,100.0,-0.93,0.98
RTX,1986-03-13,1.6972073650320862,1.7167159001598207,1.6933058850457703,1.7089123725891113,3795803,27.949682868762306,26.8412032759712,24.69732712535861,24.03449305516567,24.237679361032463,0.79,99.0,-0.97,1.06
RTX,1986-03-14,1.7089123725891113,1.7167159001598207,1.6855027358737795,1.7089123725891113,2899607,28.002510900074206,26.788569362868774,24.621793292787906,24.029857026022256,24.215715749235674,0.8,98.0,-1.02,1.11
RTX,1986-03-17,1.7011084232981635,1.7011084232981635,1.681599899516055,1.6972063779830933,2220786,28.195186990276394,26.86482181511512,24.67430224560673,23.939233707451336,24.120392954388308,0.81,98.0,-1.06,1.08
RTX,1986-03-18,1.6894031956736568,1.6894031956736568,1.6620915309254154,1.669895052909851,3052151,25.923465899957815,27.001620157356637,24.78672572241364,24.02608641112593,24.178870856807208,0.83,99.0,-1.11,1.02
RTX,1986-03-19,1.6815998771492808,1.6815998771492808,1.6542887766942873,1.6620917320251465,2361890,25.638194908089986,26.99370723406703,24.812740032612332,23.958046232140713,24.12392770810576,0.85,99.0,-1.16,1.0
RTX,1986-03-20,1.6620917320251465,1.6776983994838512,1.6542887766942873,1.6620917320251465,5252598,25.554577608134455,24.599401496945116,24.772563767230746,23.958046232140713,24.016299900589203,0.87,97.0,-1.2,1.03
RTX,1986-03-21,1.6542881309548731,1.6620910832399063,1.615272045135498,1.615272045135498,12090383,26.52827446490219,25.440316077409065,25.271787089645326,24.11188692516928,24.19666366767759,0.89,100.0,-1.24,0.87
RTX,1986-03-24,1.6386837056542232,1.6542903883170819,1.6347822241879395,1.6503887176513672,6236507,26.79226507102872,25.621201079163768,25.44091866222834,24.223448228253268,24.282131605777927,0.92,100.0,-1.28,0.79
RTX,1986-03-25,1.6542887766942873,1.665993777288316,1.6464852537656882,1.6620917320251465,6765326,26.730661608942953,25.475649497528657,25.370381245992817,24.216291559619695,24.24686780763302,0.94,99.0,-1.31,0.82
RTX,1986-03-26,1.662092562462819,1.6737975689050648,1.6464860764058322,1.6542896032333374,5561500,26.77617758468549,25.516885915693223,25.325583030219214,24.226613524175058,24.19280569520654,0.96,98.0,-1.34,0.85
RTX,1986-03-27,1.654288572134775,1.6776981920296443,1.6464850501711132,1.665993571281433,5753451,26.557875193707005,24.696374101574932,25.25804768823196,24.204442518236526,24.19663114082135,0.98,96.0,-1.37,0.89
RTX,1986-03-31,1.669895295197395,1.6776984399155528,1.6581902943212816,1.6737967729568481,3072490,26.51871243418756,24.674926930359366,25.012256875115664,24.176764249389876,24.194220433928322,1.0,95.0,-1.41,1.02
RTX,1986-04-01,1.6815998771492808,1.6815998771492808,1.658190254359717,1.6620917320251465,4371657,25.567279043745998,24.440585651775386,25.044962569642227,24.196504787700643,24.15280290531551,1.01,95.0,-1.45,0.99
RTX,1986-04-02,1.658190254359717,1.665993777288316,1.6542887766942873,1.6620917320251465,3645802,25.55879257408088,24.387967392909047,25.029855673830916,24.059804960373576,24.07229551915756,1.02,94.0,-1.5,1.0
RTX,1986-04-03,1.662091991866767,1.6816001400406897,1.6347808871421168,1.6386823654174805,2564010,25.430638035670277,24.091838872604566,24.856447005322877,24.097965314160096,24.08229325328176,1.03,91.0,-1.52,1.05
RTX,1986-04-04,1.6386814695881158,1.650386465613184,1.615272045135498,1.615272045135498,9003910,25.406156002598166,24.186048297229174,25.001024533167037,23.43112090433986,24.13193495168848,1.04,92.0,-1.55,0.97
RTX,1986-04-07,1.6074690241090523,1.6074690241090523,1.568452926181563,1.599665880203247,3008930,25.13135705614664,24.216459016366265,24.584767153300728,23.415783087882833,24.116798278565767,1.05,83.0,-1.55,1.07
RTX,1986-04-08,1.6230749974205312,1.630878138904737,1.5996653837687405,1.615272045135498,4936070,25.321666484280563,24.218853092438092,24.579039114711076,23.198517079296817,24.127967160434725,1.05,82.0,-1.56,1.08
RTX,1986-04-09,1.6152729638273626,1.6386824015941759,1.6035679611450353,1.6074694395065308,4783526,24.467869892816893,23.733674398716232,24.387707586910654,23.17628170843012,24.069242032554385,1.05,81.0,-1.57,1.18
RTX,1986-04-10,1.611370917868026,1.626977588111129,1.5996662935842596,1.6074694395065308,2903421,24.467869892816893,23.714154925760443,24.387707586910654,23.10386551519175,24.009595248290598,1.06,80.5,-1.58,1.18
RTX,1986-04-11,1.6191749572753906,1.6308795852825941,1.6074699508695058,1.6191749572753906,6330576,24.1836842092163,23.667008122391874,24.396476540995106,23.114345049305616,24.016474508196882,1.06,81.0,-1.6,1.18
RTX,1986-04-14,1.6191749572753906,1.6230764368780115,1.6113714304721267,1.6191749572753906,1632221,24.181482469040052,23.64053665471428,24.321542545864396,23.100016535285285,24.016474508196882,1.06,78.0,-1.61,1.22
RTX,1986-04-15,1.591862505722652,1.5996658386248654,1.5606493633130258,1.5879608392715454,8290766,24.771432413502378,24.0222677504586,24.515714523376005,23.043746517981926,24.104242997081922,1.06,81.0,-1.6,1.11
RTX,1986-04-16,1.5879608969604937,1.603567563331894,1.5762559917815604,1.5957640409469604,9654764,24.54013481491833,23.981592225554714,24.51765977228037,22.967065167954296,24.06708987153734,1.06,81.0,-1.6,1.12
RTX,1986-04-17,1.5957657067302238,1.6698968817805098,1.59186422526394,1.6503887176513672,5627602,26.342697057035625,24.83786792555547,24.94472317245938,23.283179424175955,24.284643236965916,1.06,91.0,-1.59,1.0
RTX,1986-04-18,1.64258389026189,1.669895371013559,1.64258389026189,1.658190369606018,2349178,25.02521324047504,24.60561494397485,24.90190911901324,23.285610390302907,24.198327120567388,1.07,90.0,-1.58,1.03
RTX,1986-04-21,1.665993777288316,1.6737967326191752,1.6542887766942873,1.6620917320251465,4372928,24.994847278143524,24.49416021088318,24.888317960215808,23.171663136314965,24.19309186729297,1.07,89.0,-1.57,1.04
RTX,1986-04-22,1.6581902854802593,1.662091763218911,1.61527270596034,1.6308788061141968,4369114,25.507875713194732,24.661414039221228,25.01738615565488,23.265052603774762,24.27755290814752,1.07,93.0,-1.56,0.98
RTX,1986-04-23,1.6347813252553214,1.6386828045762618,1.6113713141337167,1.623076319694519,6012776,21.799718017585004,24.683271294738134,25.02868882031082,23.24423711963886,24.24000350644583,1.08,93.0,-1.54,0.98
RTX,1986-04-24,1.6191744421888579,1.6230759205503533,1.6074694395065308,1.6074694395065308,4126315,20.06209820927503,24.774458833931448,25.08616549754048,23.198564461432383,24.25255870975501,1.08,95.0,-1.53,0.94
RTX,1986-04-25,1.6074690241090523,1.6152725464133209,1.584059403192405,1.599665880203247,5953030,19.541723824465073,24.78184798795944,24.903819299895133,23.175093128112305,24.106069828656423,1.08,87.0,-1.55,1.03
RTX,1986-04-28,1.5918630735587713,1.6152730806160334,1.5723549235436802,1.6035680770874023,3390290,19.57830514161826,24.77121483848096,24.89637710360635,23.17460143686492,24.083755229768023,1.08,85.0,-1.57,1.04
RTX,1986-04-29,1.6152729638273626,1.6230759205503533,1.5957644368242034,1.6074694395065308,4718694,19.567732299611997,24.70208590962818,24.768705218374393,23.157055913844818,23.93667307888081,1.08,78.0,-1.56,1.11
RTX,1986-04-30,1.60356833673694,1.60356833673694,1.5762567520141602,1.5762567520141602,10816641,19.807537206724948,23.219197265780743,24.878096815248746,23.272985623081578,23.937785556763718,1.08,82.0,-1.54,1.06
RTX,1986-05-01,1.5606503544010322,1.5762569355167746,1.5528473003423444,1.5645523071289062,5243700,19.857270723676766,22.999360268689394,24.7297627731143,23.26402616788587,23.909922787546005,1.08,76.0,-1.54,1.13
RTX,1986-05-02,1.5723540782928467,1.580157598982954,1.5606490810564742,1.5723540782928467,3624191,19.953252578699985,22.994603284681563,24.552752932028366,23.26733222033396,23.783097409991623,1.06,70.0,-1.52,1.23
RTX,1986-05-05,1.5762560447012983,1.580157995223999,1.5606494724055546,1.580157995223999,3146220,18.353198656826322,22.652438322302398,24.091297097492433,23.264604713479564,23.769444072386868,1.04,61.0,-1.48,1.41
RTX,1986-05-06,1.5918633313130361,1.5996666682623053,1.572355178139188,1.5762567520141602,4774627,17.10135627997976,22.377671947112223,24.072270863151463,23.154948222776326,23.76782723443079,1.01,60.0,-1.43,1.42
RTX,1986-05-07,1.5762550453194941,1.5762550453194941,1.5606484829186682,1.568452000617981,1839426,16.930350842593178,22.30189534186468,24.084028627155384,23.084217786713275,23.759811659858524,0.98,60.0,-1.38,1.42
RTX,1986-05-08,1.5762560447012983,1.5840594727486002,1.5684529950524762,1.580157995223999,2360618,17.122177687344262,22.353689157043018,24.095288554156593,23.063571367847572,23.7542193177698,0.95,61.0,-1.33,1.41
RTX,1986-05-09,1.5723540342697988,1.5723540342697988,1.5528459898874898,1.560649037361145,7792456,17.204377115830038,22.36246220559435,24.016873001554735,23.11923720251051,23.71956205753389,0.92,55.0,-1.27,1.45
RTX,1986-05-12,1.5567487124608401,1.5645521441051167,1.545043706893921,1.545043706893921,2150870,17.224119684447945,22.39021628434389,24.059023871983342,23.15205199017914,23.442814869816136,0.89,57.0,-1.22,1.42
RTX,1986-05-13,1.545042723822068,1.5489445790610492,1.5216331059818349,1.541141152381897,6901345,17.174679780455087,21.69962473219878,24.05421660741083,22.998275752737772,23.416386179361556,0.84,56.0,-1.16,1.43
RTX,1986-05-14,1.5372406244277954,1.5411421985163731,1.517732564785572,1.5372406244277954,4286486,17.158085350987307,21.6887270976017,23.98455227475833,22.985443017615694,23.4179251264793,0.79,51.0,-1.1,1.47
RTX,1986-05-15,1.5255345909105964,1.5294365407698685,1.4904200693644705,1.5138300657272339,7431435,17.229378697846677,21.65210719946293,24.068059991184114,23.005666536413745,23.42823903709393,0.74,57.0,-1.04,1.43
RTX,1986-05-16,1.506027183899571,1.5138307085332487,1.482617650594621,1.4943221807479858,8866620,17.150036408233277,21.53853477076749,22.723675841748666,23.049797522394844,23.468541835822844,0.73,5.0,-1.04,0.83
RTX,1986-05-19,1.4856748580932617,1.5013963633160725,1.4817446485560641,1.4856748580932617,2744521,17.046304138264983,21.301599674150566,22.717152250968418,23.062714737885152,23.42110164869813,0.73,4.0,-1.03,0.85
RTX,1986-05-20,1.481745740082409,1.497467161590099,1.481745740082409,1.4935369491577148,3907669,16.818211386554847,21.335950021620484,22.628190610851835,23.052204937331044,23.331817173951706,0.73,2.0,-1.01,0.92
RTX,1986-05-21,1.4935364484551898,1.5053271770959036,1.4856754544476374,1.4896061420440674,10125108,16.804937124531286,20.861254794287696,22.48924038579525,23.055045083734985,23.288972336184564,0.73,1.0,-0.97,1.03
RTX,1986-05-22,1.493535902962819,1.5171178281129238,1.4817447021470362,1.5013964176177979,4158095,17.06179552129626,20.949935055663758,22.518198502792444,23.05294125504637,23.24578145047776,0.73,2.0,-0.93,1.0
RTX,1986-05-23,1.5092576056968823,1.5642825530843547,1.5053269187749758,1.5249791145324707,2735622,17.627541159406622,20.997713836236674,22.156907749845196,22.992216277744692,23.292991608924268,0.75,1.0,-0.91,1.01
RTX,1986-05-27,1.5289090729031742,1.5564213991165161,1.5210481768369322,1.5564213991165161,2251295,18.7830487513242,21.469871780954982,22.336789002584432,23.03956535705344,23.372005645895822,0.76,2.0,-0.88,0.9
RTX,1986-05-28,1.5642831760428118,1.5957261109394787,1.560352868740946,1.5839349031448364,4580134,18.73671592751926,21.80574417566454,22.23241435210757,22.897925593795055,23.425359547826872,0.77,2.0,-0.8,0.95
RTX,1986-05-29,1.5917950879247558,1.6035859085266577,1.580003886137654,1.5957252979278564,1677984,18.80889203552549,21.688595613267957,22.199412312985842,22.90759857107159,23.423514712422133,0.79,2.0,-0.7,0.97
RTX,1986-05-30,1.5800044767618913,1.5957258944289443,1.5800044767618913,1.5878649950027466,2927574,15.910062335088448,21.626036765111156,21.82978147477552,22.9135952190932,23.206730857347534,0.82,1.0,-0.61,1.17
RTX,1986-06-02,1.5878649950027466,1.6114473120959976,1.5721434820393578,1.5878649950027466,3638174,15.813850868222712,20.776937621941073,21.750840446203338,22.815757498449564,22.907494982965513,0.85,1.0,-0.5,1.21
RTX,1986-06-03,1.587865210446702,1.587865210446702,1.5760743838374538,1.5839349031448364,2481382,15.775043187843563,20.747687199054297,21.709079319556622,22.800607585831536,22.859683559115176,0.88,1.0,-0.38,1.23
RTX,1986-06-04,1.5839343762812212,1.5917953694555467,1.556421757837934,1.5642826557159424,4311910,15.259446917918554,20.84609898356116,21.791263838459983,22.8607069129693,22.814943445806176,0.9,3.0,-0.27,1.19
RTX,1986-06-05,1.5642822057906056,1.5721427202224731,1.5603519009265272,1.5721427202224731,3231390,15.333798253950324,18.712856690639835,21.483195747781902,22.765401218505456,22.760618486715796,0.93,1.0,-0.17,1.3
RTX,1986-06-06,1.5642822951827584,1.5721428100638213,1.5564213991165161,1.5564213991165161,3241560,15.353112850977235,17.716020037960735,21.548732919132792,22.800064707867204,22.78529533650821,0.96,2.0,-0.1,1.27
RTX,1986-06-09,1.548560529504395,1.548560529504395,1.509257104017042,1.5131874084472656,3631818,17.224731121514484,18.265071635216877,21.985282263370483,23.07017134500249,22.957339594487582,0.98,7.0,-0.06,1.2
RTX,1986-06-10,1.5131886199548785,1.5407012494753376,1.5092583123779237,1.5289100408554077,3713175,17.54489091846107,18.43612350051446,22.005577479221778,23.02690902094808,22.9763158385799,1.0,8.0,0.02,1.18
RTX,1986-06-11,1.5289093249728243,1.5407005280717485,1.5171181218739,1.5249791145324707,2347906,17.505178940406154,18.407169251316947,21.97980010259713,22.7284676846528,22.910928718838782,1.01,7.0,0.11,1.21
RTX,1986-06-12,1.5328400135040283,1.5367702249258695,1.5249794953640115,1.5328400135040283,1521626,16.76594713867063,18.211037164585466,21.9685914847942,22.713333572734573,22.896933384566637,1.03,7.0,0.19,1.21
RTX,1986-06-13,1.5407009325942582,1.5878649950027466,1.5407009325942582,1.5878649950027466,3803430,19.646406217441424,19.6867080659066,22.63893258062915,23.062210305585218,22.960379069284677,1.03,18.0,0.32,1.02
RTX,1986-06-16,1.5839343762812212,1.5878646822757503,1.556421757837934,1.5642826557159424,4625897,20.095858625192704,19.899664061713864,22.65935750579272,23.080264207198127,23.013764676965994,1.04,19.0,0.35,1.01
RTX,1986-06-17,1.5682122432795411,1.5682122432795411,1.521047830581665,1.521047830581665,3966144,21.5833894364746,19.8676748170305,23.080453301301787,23.20620599590059,23.193324605050222,1.04,23.0,0.16,0.91
RTX,1986-06-18,1.5249788206553383,1.5249788206553383,1.4974661140227716,1.5053266286849976,6512358,21.743074348932304,19.39391512893488,22.95799529826338,23.248671816379897,23.19259373549403,1.05,23.0,0.04,1.02
RTX,1986-06-19,1.5013964176177979,1.5210481330885595,1.4856749118263797,1.5013964176177979,10189939,21.721529361365107,19.31187767488569,22.957490862259043,23.24663286185606,23.03205729777564,1.05,23.0,-0.18,1.02
RTX,1986-06-20,1.5092582372396055,1.548561692237854,1.5053275486729192,1.548561692237854,8956875,23.547918571589005,20.423548775006246,23.426297410758984,23.265454130322084,23.174428172773442,1.05,31.0,-0.33,0.85
RTX,1986-06-23,1.5446299582253673,1.5446299582253673,1.513187053674106,1.5171172618865967,3491986,24.010982255481565,20.73260332226034,23.64065326573537,23.346974754657914,23.266699450813146,1.05,38.0,-0.52,0.8
RTX,1986-06-24,1.5210485711299682,1.548561190364139,1.5210485711299682,1.536769986152649,6268287,24.173972368612255,20.905226056091834,23.708953565371182,23.318610985859948,23.190272388051312,1.05,41.0,-0.71,0.75
RTX,1986-06-25,1.5367702249258695,1.5524917376875749,1.5249794953640115,1.5328400135040283,6038200,24.17424036534326,20.874216409275054,23.659235562635605,23.316389297051757,23.186716552800945,1.04,37.0,-0.84,0.79
RTX,1986-06-26,1.5328403484323625,1.5446315570522924,1.5249798285748082,1.5289100408554077,6526341,24.174521501281152,20.87375906806714,22.465436614811374,23.31414829422962,23.18312641126179,1.05,15.0,-0.84,0.54
RTX,1986-06-27,1.5249791145324707,1.5407005280717485,1.5210484276105642,1.5249791145324707,6328034,23.758126526111017,20.704781924597405,22.290498973625226,23.277130134157627,23.094679290481327,1.06,14.0,-0.86,0.66
RTX,1986-06-30,1.5249788631107903,1.5564213991165161,1.5171178717482532,1.5564213991165161,2961896,24.111766484560516,20.984164371433035,22.51391043599057,23.340333983197077,23.175196831767973,1.07,18.0,-0.85,0.53
RTX,1986-07-01,1.5485604364208505,1.5524907406148247,1.5171175263876908,1.521047830581665,3099186,25.051467503590064,21.40225119375772,22.58268583989057,23.45402381292989,23.23327834478115,1.07,20.0,-0.89,0.56
RTX,1986-07-02,1.5210475653953441,1.5249782500891176,1.5092567501653587,1.5171172618865967,3734786,25.032580421882084,21.291466631763967,22.411436794242093,23.451110289947152,23.235458334253856,1.08,16.0,-0.93,0.67
RTX,1986-07-03,1.5210486894224755,1.564282822337981,1.5210486894224755,1.5407007932662964,7625929,25.379502302551955,21.54076640475793,22.496960394359743,23.373157477742996,23.207217579261975,1.09,19.0,-0.96,0.62
RTX,1986-07-07,1.5367702750663024,1.5367702750663024,1.5053273438133326,1.5092580318450928,4702169,26.05528490523693,21.92294686198635,22.717728525263162,23.453304941798102,23.299607550055175,1.09,27.0,-1.0,0.55
RTX,1986-07-08,1.5092582068444362,1.5092582068444362,1.4463723370468446,1.4699543714523315,8274241,26.729032111955764,22.45619075290263,23.01222451150279,23.50749503532287,23.4412084698295,1.1,31.0,-0.99,0.49
RTX,1986-07-09,1.446371742176114,1.446371742176114,1.4070683041343106,1.4267200231552124,9131030,27.160154662426667,23.186249460823294,23.42983504564992,23.75777481148275,23.637354362575564,1.1,37.0,-0.79,0.43
RTX,1986-07-10,1.4227903109152342,1.4306508302688599,1.410999103051225,1.4306508302688599,5871673,26.524929668576185,22.92143234261862,23.035508513913637,23.757321714537262,23.610919595490536,1.1,32.0,-0.67,0.57
RTX,1986-07-11,1.4267205303975743,1.4267205303975743,1.375625775947831,1.3834863901138306,11131898,27.702909579745068,23.782478238395388,23.58215770009332,24.072820609514604,23.825589730432334,1.1,44.0,-0.26,0.5
RTX,1986-07-14,1.3756253714969096,1.3992073976541868,1.3677644737530819,1.3716951608657837,8906027,27.7248348768529,22.594237292682212,23.488034661519638,24.097479473026215,23.841693674961643,1.1,41.0,0.05,0.54
RTX,1986-07-15,1.3677637610347446,1.379554958561822,1.3205998285928253,1.336321234703064,13474720,28.35235427219176,23.019685666846048,23.662622255300633,24.291151517973102,23.87625376440279,1.1,49.0,0.54,0.53
RTX,1986-07-16,1.3441826827977825,1.3520436772134243,1.3166704411953511,1.3245309591293335,6269558,28.34872891852267,23.010651572219697,23.54292319009908,24.30659557702568,23.865516713449004,1.1,44.0,0.89,0.61
RTX,1986-07-17,1.3166695530033712,1.3481120800106263,1.3166695530033712,1.344181776046753,3950890,28.89640781469095,23.097244700551613,23.687678766257104,24.35581179557848,23.4054097635597,1.1,50.0,0.9,0.53
RTX,1986-07-18,1.3402521870419863,1.3520433902740479,1.3245306780288826,1.3520433902740479,6012776,28.92217971332246,23.168895631671226,23.47482472565136,24.299038275792345,23.381271346377762,1.1,41.0,0.79,0.59
RTX,1986-07-21,1.3363212634152737,1.3520427651595701,1.3245300656348507,1.344181776046753,2594519,28.884334953712553,23.135443937384508,23.480768552175945,24.28326664629184,23.205476259859346,1.1,42.0,0.69,0.59
RTX,1986-07-22,1.3363223946741407,1.387417056532369,1.3284614942029744,1.3756258487701416,7590335,29.116124802193383,23.74121368277526,23.680269227692268,24.40268710060246,23.29189376358998,1.1,50.0,0.53,0.53
RTX,1986-07-23,1.3834857570197299,1.4227895722347348,1.3834857570197299,1.4188588857650757,9817478,30.525709171687794,24.694849013061273,24.24773143248046,24.55315013517286,23.448939666946668,1.1,62.0,0.4,0.39
RTX,1986-07-24,1.4109982608965352,1.4188587755586104,1.3756250396024203,1.379555344581604,5482686,31.41477501688406,25.24496267537593,24.60845627337025,24.76968390303633,23.618687090915998,1.1,72.0,0.26,0.31
RTX,1986-07-25,1.3756250396024203,1.3913465454080318,1.3716948299195286,1.379555344581604,2900878,31.32936829746103,24.997617499960594,24.53057138787739,24.76558966938745,23.611070744303472,1.1,68.0,0.12,0.34
RTX,1986-07-28,1.37955567662587,1.3913468802903144,1.3363219302637805,1.3677644729614258,4316995,29.11203682145423,25.008793341916576,24.523043181904157,24.574303188562276,23.507298307149387,1.11,67.0,-0.01,0.34
RTX,1986-07-29,1.359904047296754,1.363834353484603,1.312739610671997,1.312739610671997,3901313,30.822615216664005,26.1930861102008,24.827953817678722,25.061637017154293,23.81962487924979,1.11,80.0,-0.02,0.48
RTX,1986-07-30,1.3166707547075354,1.3166707547075354,1.2852278178177485,1.3048795461654663,5499211,30.097607609259867,26.1471004501496,24.808386907876326,24.762508369457244,23.827598668177714,1.12,78.0,-0.03,0.49
RTX,1986-07-31,1.2930876016616821,1.3166700053238785,1.2891572963476163,1.2930876016616821,5830994,30.08000823451239,26.174383345024623,24.82013549065841,24.775888657913136,23.84360748870529,1.12,79.0,-0.04,0.49
RTX,1986-08-01,1.300948416517665,1.3088090266523829,1.2459230973154025,1.2655752897262573,5871673,30.44235723874631,26.437513796869162,23.876808662841437,24.813962571817257,23.84939215376802,1.12,47.0,0.01,0.21
RTX,1986-08-04,1.2341324623309715,1.2812964124532975,1.2341324623309715,1.2537841796875,6793293,28.401228466822566,26.362687068150542,23.451315349349354,24.83879123096286,23.851185056902757,1.11,36.0,0.05,0.29
RTX,1986-08-05,1.257714890200811,1.281296922293642,1.257714890200811,1.2695060968399048,5944131,28.64861190729473,26.51015321719301,23.428031690844023,24.88271861867735,23.867291180032844,1.11,35.0,-0.0,0.3
RTX,1986-08-06,1.2655749606475688,1.2812959862365865,1.2655749606475688,1.2734354734420776,3450037,28.22773534867104,26.507022942594784,23.443143534743875,24.824668680047594,23.820813061872567,1.11,37.0,-0.08,0.29
RTX,1986-08-07,1.2695056979079815,1.3127394415910956,1.2695056979079815,1.3009486198425293,5238615,29.331606172615913,26.982168529892945,23.74943492809904,24.9128949658985,23.885680081751104,1.1,50.0,-0.19,0.19
RTX,1986-08-08,1.3048795461654663,1.3127400659711153,1.2930883376233975,1.3048795461654663,2801725,29.424095119155304,27.008684477563282,23.665974773756467,24.915404437371382,23.885692159035248,1.1,47.0,-0.3,0.22
RTX,1986-08-11,1.3206004419096313,1.3481126771391914,1.3206004419096313,1.340252161026001,4557252,30.85111039614703,27.54135643838258,24.11276505998149,25.05423521172024,24.017674477120824,1.09,62.0,-0.41,0.11
RTX,1986-08-12,1.3638343361492737,1.4031381598987531,1.3481128257087462,1.3952772617340088,12506066,32.710332661400486,28.769719688585422,25.032574383008193,25.464015058345048,24.3411134472266,1.1,93.0,-0.47,0.19
RTX,1986-08-13,1.3992066675785788,1.422789062616336,1.3913461551214563,1.4070676565170288,5397515,32.36076209056547,28.818862309446846,24.71025449073692,25.47934227473429,24.336044185498828,1.09,76.0,-0.53,0.25
RTX,1986-08-14,1.438511012367195,1.438511012367195,1.4227895060715414,1.4345803260803223,5771248,32.98077580223297,29.091273908788594,24.662024789431168,25.537432510573886,24.40825586239832,1.08,76.0,-0.56,0.26
RTX,1986-08-15,1.4345801538440246,1.4385108396589776,1.4149284401023672,1.4227893352508545,3486902,32.614056495123876,29.13022903712755,24.64803627740157,25.555212045980053,24.417610335221948,1.07,76.0,-0.59,0.27
RTX,1986-08-18,1.4576456546783447,1.4655678246151163,1.4338798171417824,1.4576456546783447,6760242,33.05284932913249,29.526475859630843,24.978962719508292,25.705440579437283,24.461262574347593,1.07,91.0,-0.59,0.16
RTX,1986-08-19,1.457647428514674,1.4616082782053175,1.4457643032073975,1.4457643032073975,5080986,32.25706432318621,29.375097436576752,24.96693701127926,25.631252910872483,24.416774043697238,1.06,91.0,-0.6,0.17
RTX,1986-08-20,1.4418027595216765,1.457646823987845,1.4338809673865536,1.4497250318527222,3711904,31.044828614936392,29.049298736643593,24.95679997057694,25.624502594690306,24.39866804962637,1.06,91.0,-0.61,0.18
RTX,1986-08-21,1.44180197000612,1.4457629119243036,1.4180362224578857,1.4180362224578857,3444952,31.71879947671055,29.094426010262104,25.156710524479962,25.682625683699218,24.50227177900242,1.06,100.0,-0.64,0.12
RTX,1986-08-22,1.4180369798551222,1.441802740097046,1.3863488513497024,1.441802740097046,4009365,30.458595466470367,29.28012994822497,25.32125099301673,25.67371605876594,24.55293177615427,1.07,100.0,-0.65,0.05
RTX,1986-08-25,1.4338809251785278,1.4418027170804633,1.4259587491198658,1.4338809251785278,2658079,30.384882578410753,29.283071394046665,25.247292952850714,25.593915731762166,24.460098597160073,1.07,99.0,-0.67,0.07
RTX,1986-08-26,1.4338815620570184,1.4655696080920826,1.4259593824796097,1.4457643032073975,3742413,29.284629041505518,29.35230634322672,25.20511710357788,25.500064598892862,24.462331822643314,1.07,98.0,-0.67,0.08
RTX,1986-08-27,1.4497238972741466,1.4695287942886353,1.4418016311432014,1.4695287942886353,3246645,29.335173825541823,29.578787683248176,25.317200659372986,25.3040254442488,24.467037698890024,1.08,99.0,-0.67,0.03
RTX,1986-08-28,1.4695291267359263,1.4774509144634478,1.4536850710852278,1.4655681848526,2752148,29.188115055709595,29.48787179085695,25.262058837128738,25.288432189291154,24.459712940959218,1.09,98.0,-0.66,0.06
RTX,1986-08-29,1.457646584725751,1.461607432123576,1.4418025228602702,1.4536856412887573,2017394,29.3459125130186,29.494888568165113,25.28034103285152,25.30552585931191,24.47433601351777,1.1,98.0,-0.66,0.05
RTX,1986-09-02,1.449723868898003,1.4774505513051823,1.437840758051507,1.4576456546783447,4292842,29.241538939884514,29.44925369317882,25.28678325760373,25.304564798290443,24.46557442242976,1.11,98.0,-0.65,0.05
RTX,1986-09-03,1.441801903473682,1.4536850167972786,1.433880116042,1.4378410577774048,2560197,28.952045636740877,29.026860729100314,25.331612317497825,25.25533705793531,24.506290464652967,1.12,100.0,-0.65,0.04
RTX,1986-09-04,1.4814123144803133,1.5170611866113513,1.469529581194676,1.4972562789916992,6096675,29.912807784663325,30.15906725507499,26.181215712075634,25.694044121887956,24.819005423555847,1.14,100.0,-0.62,0.05
RTX,1986-09-05,1.4814126805891363,1.4972566490161203,1.4497250318527222,1.4497250318527222,5795401,30.296643991158405,30.85816469853041,26.490573067569184,25.974627833347093,24.960707273691664,1.17,100.0,-0.61,0.03
RTX,1986-09-08,1.4418027289276962,1.4932957692815267,1.4378418809637732,1.481412649154663,3910211,30.83737795531555,31.17787657891224,26.7159770242062,26.063787230543195,25.002770212910164,1.21,100.0,-0.59,-0.05
RTX,1986-09-09,1.481411856346774,1.4932949701141462,1.4655681848526,1.4655681848526,3150034,30.910693565982157,30.333617226686428,26.185238308584534,26.065252672444423,24.891632499510596,1.23,98.0,-0.58,0.02
RTX,1986-09-10,1.473490792414829,1.4774517365019828,1.4378419114737073,1.4497250318527222,3696650,28.36380624141084,30.266592299799367,26.212660031231653,25.386792518106045,24.918899253225774,1.25,98.0,-0.58,0.02
RTX,1986-09-11,1.4576465679098938,1.4576465679098938,1.3863486264748355,1.3982317447662354,4971663,30.491552711095437,30.617808598166874,26.781413380227015,25.734092538724834,25.18815372015819,1.28,100.0,-0.62,-0.03
RTX,1986-09-12,1.3546613119913082,1.3546613119913082,1.2992074030582865,1.3308955430984497,10297991,33.84792253401723,32.111310652524025,27.698262839438932,26.338274269082273,25.624702429491407,1.33,100.0,-0.69,0.16
RTX,1986-09-15,1.3467384823114399,1.3586212135689333,1.3150504626580168,1.3506994247436523,4653863,33.38534126506018,32.29544639520981,27.82245466030695,26.320888346386717,25.647660520857542,1.38,100.0,-0.75,0.11
RTX,1986-09-16,1.3625826380552986,1.3625826380552986,1.3308946161251838,1.3427772521972656,5988623,33.29606025267021,31.57691994998092,27.801857576531457,26.329524028154655,25.654185257671934,1.43,99.0,-0.81,0.12
RTX,1986-09-17,1.3388159931838874,1.350699105791901,1.3269332647323608,1.3269332647323608,4531828,33.39650909226197,31.414105328364418,27.84371996290696,26.155906413571156,25.62880151936387,1.48,100.0,-0.87,0.1
RTX,1986-09-18,1.3348555787978813,1.3467386960983276,1.322972461497435,1.3467386960983276,4769542,33.61795756681789,31.456537078960928,27.961542001731665,26.19569563253728,25.665794936102348,1.53,100.0,-0.91,0.05
RTX,1986-09-19,1.3388165218588703,1.3546604861811464,1.3269337887150625,1.3467386960983276,4315724,33.1069555054548,31.459660183105786,27.954965556252937,26.058597112743403,25.665794936102348,1.58,99.0,-0.96,0.06
RTX,1986-09-22,1.3467383731623614,1.406153177104171,1.3467383731623614,1.402192234992981,4951324,35.003513212462614,32.64307233576646,28.594149879336317,26.464517384351254,25.933953678112953,1.65,100.0,-0.97,0.08
RTX,1986-09-23,1.414075875230198,1.425958609942909,1.402192756360798,1.4219976663589478,6186930,34.423919129853296,32.79539792275928,28.677186274643418,26.32154472890927,25.76751799970738,1.71,100.0,-0.96,0.04
RTX,1986-09-24,1.4140748977661133,1.4219966834190136,1.4061527279567891,1.4140748977661133,3231390,32.50657731010037,32.49635170218018,28.670607477630444,26.299420564654024,25.765130351252164,1.77,99.0,-0.95,0.05
RTX,1986-09-25,1.4140754891611094,1.4140754891611094,1.3467385062263064,1.3625825643539429,4147926,34.17043344319781,33.01726677160523,29.217850988833877,26.645099632206765,26.03973940746011,1.84,100.0,-0.97,-0.03
RTX,1986-09-26,1.3467388393009696,1.3705046922723159,1.3467388393009696,1.3546606302261353,1913156,33.63718659455988,33.027119089956116,29.225613968269315,26.646185483291347,26.01173559527704,1.91,100.0,-1.0,-0.03
RTX,1986-09-29,1.3467386960983276,1.3546604861811464,1.3388165218588703,1.3467386960983276,2330110,33.60516524632538,32.83810381499504,29.228671407344642,26.527788632043553,25.93823337215464,1.97,100.0,-1.02,-0.03
RTX,1986-09-30,1.3546607291343506,1.3625830008337967,1.3308949704669586,1.33881676197052,4913188,32.698976139302935,32.62413488588918,29.20126571351381,26.53466117568503,25.94641208879328,2.03,97.0,-1.04,-0.02
RTX,1986-10-01,1.3467385062263064,1.3744652958224455,1.338816333103769,1.3625825643539429,4913188,33.182537289234475,32.46453501852967,29.308187080305775,26.58438204511721,25.998704998513865,2.09,100.0,-1.05,-0.05
RTX,1986-10-02,1.374465489603571,1.374465489603571,1.3467386960983276,1.3467386960983276,3915296,33.26800361009767,31.991396017748848,29.3217784083195,26.60032401820293,25.862644710823062,2.15,100.0,-1.06,-0.06
RTX,1986-10-03,1.3388166642191246,1.3586215737083032,1.3388166642191246,1.3546606302261353,3983941,32.81733246338731,32.013187889110164,29.343629212590162,26.591269831941588,25.831436960283337,2.21,100.0,-1.07,-0.07
RTX,1986-10-06,1.350699448728856,1.370504353319896,1.350699448728856,1.3625825643539429,1666543,32.4457979021133,31.308996414228744,29.364638013921464,26.593793225231664,25.798610116756826,2.26,100.0,-1.07,-0.08
RTX,1986-10-07,1.3625827564597632,1.3625827564597632,1.3348555787978813,1.3467386960983276,2178837,32.555228850958834,31.35110622101011,29.32558848824357,26.628491321806685,25.825202048327235,2.31,98.0,-1.08,-0.06
RTX,1986-10-08,1.3427775116621226,1.3665437487901482,1.334855720736957,1.3546606302261353,3521224,32.49659659761731,30.908142313101735,29.28506138702683,26.589535319011397,25.827252049318517,2.35,95.0,-1.09,-0.05
RTX,1986-10-09,1.3625825401577234,1.3784261178082853,1.3467384823114399,1.3506994247436523,3786905,32.021134150178206,30.857493159037414,29.27656529602336,26.573691937868027,25.80673931586538,2.38,94.0,-1.1,-0.04
RTX,1986-10-10,1.346738164295018,1.3586208927465446,1.3150501521243476,1.3269332647323608,12153943,32.31245824459219,30.927900767587328,29.37989329084254,26.55262639401777,25.840300633029567,2.42,100.0,-1.12,-0.08
RTX,1986-10-13,1.322972441187881,1.322972441187881,1.2675185669112128,1.283362627029419,9220014,33.448737016413176,31.63663106470564,29.820841329226784,26.83768923142184,26.011840490021694,2.46,100.0,-1.13,-0.16
RTX,1986-10-14,1.2794014709934671,1.2912842019762396,1.271479298194764,1.2873233556747437,6200914,33.4553478854553,31.629645570331665,29.792145226509977,26.820990786614935,26.005798535339018,2.5,99.0,-1.13,-0.15
RTX,1986-10-15,1.2992067492015977,1.3625829013471502,1.2992067492015977,1.3546606302261353,4212757,36.923261415194006,33.01197721267749,30.82228020913666,27.486917256093022,26.399759048557627,2.55,100.0,-1.11,0.01
RTX,1986-10-16,1.3625829013471502,1.3665437487901482,1.3467388393009696,1.3546606302261353,3235204,34.671701850025315,32.365630542203164,30.62800171090427,27.47855827642966,26.354173215342634,2.6,99.0,-1.08,0.08
RTX,1986-10-17,1.3467389376307892,1.3467389376307892,1.3348558181991508,1.33881676197052,2199176,33.680627117112614,31.947245175936274,30.520374444492802,27.48002287475418,26.2663954654501,2.64,98.0,-1.06,0.13
RTX,1986-10-20,1.330894540838295,1.334855387291879,1.307128309647042,1.315050482749939,2260194,33.14938518376119,32.14554543341955,30.59294431120967,26.973383107454946,26.312021616440106,2.67,98.0,-1.07,0.11
RTX,1986-10-21,1.3190115690231323,1.322972415908473,1.307128452132172,1.3190115690231323,2626299,33.14464475569183,32.113394760322024,30.59908926824185,26.887722353154736,26.31191044886549,2.7,98.0,-1.06,0.11
RTX,1986-10-22,1.3071284290979714,1.3071284290979714,1.2516745568581258,1.2675185203552246,12966240,34.72749760023072,32.047620920065455,31.185006074330456,27.27538456994888,26.59841986009852,2.74,100.0,-1.06,0.03
RTX,1986-10-23,1.2833634744187188,1.307129340190445,1.2675194038388655,1.2992074489593506,13983200,34.379569328931396,32.44094461864396,31.476951734324693,27.33314092025766,26.711561653262304,2.78,100.0,-1.07,-0.05
RTX,1986-10-24,1.3071288064347424,1.3269341026604717,1.2952460704795437,1.3229727745056152,6667444,31.848836984378853,32.59710717290557,31.59184074110712,27.343071889649924,26.763262831936018,2.82,100.0,-1.05,-0.09
RTX,1986-10-27,1.3229719390789914,1.3348550516870048,1.3150501521243476,1.3269332647323608,5641586,31.549283538167206,32.279628075953795,31.582571014593654,27.317754640491813,26.757916838634277,2.85,99.0,-1.03,-0.09
RTX,1986-10-28,1.3269339298117913,1.3823878108363288,1.3269339298117913,1.3546606302261353,8767466,32.096767278919856,32.462776528664065,31.751954909739467,27.43606377179479,26.82886952566614,2.88,100.0,-1.0,-0.14
RTX,1986-10-29,1.3625829013471502,1.3823878108363288,1.3546606302261353,1.3546606302261353,5533534,31.88958980042356,32.37995484802224,31.46069049013553,27.404817608696824,26.78610976392764,2.9,96.0,-0.94,-0.08
RTX,1986-10-30,1.3625833977875,1.3784269854102458,1.3586220687053916,1.366544246673584,8228478,31.70367146980177,32.4155439879972,31.446877455696182,27.41166219239048,26.78205260588331,2.93,95.0,-0.88,-0.07
RTX,1986-10-31,1.3625828054407758,1.3665436526049868,1.350699687713165,1.3586214780807495,2839861,31.7561725071994,32.16988749045153,31.454890355534587,27.23246553247295,26.771555171413375,2.95,95.0,-0.81,-0.07
RTX,1986-11-03,1.3625828054407758,1.3665436526049868,1.350699687713165,1.3586214780807495,4023348,29.399090504882647,32.16663987082136,31.43927725405734,27.22969176604531,26.70120238320286,2.97,93.0,-0.74,-0.07
RTX,1986-11-04,1.3507002748940187,1.366544246673584,1.3427780008866217,1.366544246673584,2875454,29.128216248513883,31.724933515420094,30.91273900110586,27.179193691145976,26.691203841424915,2.98,91.0,-0.78,0.02
RTX,1986-11-05,1.3586217412285537,1.4338809251785278,1.3546607972579952,1.4338809251785278,10257313,32.416114142444265,32.18510824343386,31.82131450222704,27.735651001224927,27.11039259621348,3.01,100.0,-0.79,0.04
RTX,1986-11-06,1.4299195970512426,1.4338809251785278,1.4140760132473718,1.4338809251785278,5586924,30.401734353699066,32.14239305895345,31.522086572247932,27.67953888188882,26.9702863982274,3.03,96.0,-0.74,0.12
RTX,1986-11-07,1.4299196391426618,1.4536858799006913,1.4140760548724158,1.4497250318527222,6456425,30.43050567821985,31.97577743795639,31.535602458754962,27.71259743430159,26.99042273128879,3.05,96.0,-0.7,0.11
RTX,1986-11-10,1.4497256330941628,1.4497256330941628,1.4259593824796097,1.4457643032073975,3335629,30.371351929124252,31.933628216470293,31.535827851334876,27.58229651614047,26.791995666910395,3.07,96.0,-0.65,0.11
RTX,1986-11-11,1.4299196198781259,1.441802740097046,1.4259587718835192,1.441802740097046,3080118,30.310439190797634,31.546081011740334,31.13536866987512,27.58321416754385,26.7861769037614,3.08,87.0,-0.65,0.21
RTX,1986-11-12,1.4378418691490864,1.4418027170804633,1.4219978051493072,1.4338809251785278,2649181,30.04712677283483,31.52185273395573,30.98321692566589,27.53199806835126,26.727913140100267,3.1,86.0,-0.6,0.26
RTX,1986-11-13,1.4338800368271454,1.4378409783437276,1.4061529660154601,1.41011381149292,2694944,30.275875375378046,31.69766496441275,31.012601954967973,27.595527040572637,26.783332469565153,3.11,86.0,-0.56,0.26
RTX,1986-11-14,1.414075822762146,1.461607432123576,1.4021927043336586,1.4536856412887573,5603450,31.397786782903587,31.99284044983485,31.406295533050926,27.843509092685203,26.950610039589186,3.13,88.0,-0.56,0.15
RTX,1986-11-17,1.4488956928253174,1.4608701677638258,1.4369212178868087,1.4488956928253174,7089482,31.421389925249276,31.821831653922022,31.407721935793564,27.79929287635824,26.916175637506328,3.12,88.0,-0.55,0.15
RTX,1986-11-18,1.4409119878422358,1.448895161763533,1.3890231961258312,1.3970062732696533,4641151,33.136569082281795,32.67531353120419,31.920409882308277,28.100924923100777,27.14342528653398,3.12,100.0,-0.51,0.06
RTX,1986-11-19,1.3970063238188477,1.4089807948016517,1.3810405560633996,1.3930150270462036,3856821,33.1268214881677,32.62845480808089,31.738664013056557,27.885145896633222,27.14525355205563,3.12,97.0,-0.64,0.12
RTX,1986-11-20,1.40099821345205,1.4129726886749268,1.3930155203026706,1.4129726886749268,4259791,33.325645446741284,32.58516350318683,31.63525256128839,27.935428980668043,27.14191460261628,3.12,96.0,-0.64,0.14
RTX,1986-11-21,1.4209553312807712,1.4449042808746582,1.416964033236809,1.4289385080337524,5828452,32.92691604869587,32.672841051397725,31.690731481722917,27.963177582611827,27.139869530727808,3.11,96.0,-0.66,0.12
RTX,1986-11-24,1.4329292495814199,1.448895112999289,1.4249465598161648,1.4369206428527832,4496234,31.12725838283182,32.655313930476595,31.60238091149454,27.471256492506125,27.143077792672827,3.09,94.0,-0.87,0.15
RTX,1986-11-25,1.4329292495814199,1.4369206428527832,1.4049890127945166,1.4369206428527832,4666575,31.145964658290566,32.64970499220566,31.440614198727346,27.225458263411724,27.115970479255758,3.08,84.0,-0.94,0.21
RTX,1986-11-26,1.4369212520106291,1.4449043322700599,1.40099821345205,1.4129726886749268,4967850,28.25928692881584,32.710915408924045,31.276113645171343,27.233921194996487,27.168328584696066,3.07,80.0,-0.92,0.25
RTX,1986-11-28,1.4249460697174072,1.4289374616159636,1.4129716036894229,1.4249460697174072,2872912,28.32857530779372,31.64630587581452,30.947046798625493,27.256821322581647,27.17843820502014,3.05,75.0,-0.91,0.33
RTX,1986-12-01,1.4209551811218262,1.4209551811218262,1.4089810947002777,1.4209551811218262,3756396,28.07679232249655,30.965001087038925,30.946984804550798,27.248748303377184,27.117680047183494,3.03,74.0,-0.91,0.33
RTX,1986-12-02,1.432930387054176,1.464862042460072,1.4289390873919559,1.4608707427978516,5947945,28.378847117967403,31.173548956898,30.78805182763365,27.3982416293993,27.248978945674352,3.02,71.0,-0.94,0.34
RTX,1986-12-03,1.4528873801186735,1.484819031509409,1.4449046850204468,1.4449046850204468,6826344,28.688434020927893,31.176990736646825,30.80875041317738,27.421158387673884,27.216866246772124,3.0,71.0,-0.97,0.33
RTX,1986-12-04,1.4409127009913134,1.464861653943379,1.4409127009913134,1.4528871774673462,3286052,25.651031079003815,31.11905334053556,30.520222471670916,27.431105585281156,27.166940649643408,2.97,65.0,-0.98,0.42
RTX,1986-12-05,1.4528874046761684,1.4688532790301683,1.4289389318665522,1.4329302310943604,2900878,25.45143960225947,30.3360732963425,30.57056934967296,27.27559187322919,27.144583234914,2.95,66.0,-0.96,0.4
RTX,1986-12-08,1.4449046850204468,1.4568787760565551,1.4289389077138472,1.4449046850204468,2605960,25.11029850022352,28.54480601375403,30.51307662537423,27.169101256673112,27.081102395700807,2.93,63.0,-0.96,0.42
RTX,1986-12-09,1.4568792581558228,1.5087680999616955,1.444905163157339,1.4568792581558228,10337398,25.157522888555768,28.445200014410688,30.525817092791907,27.174265413835474,26.91284979107158,2.9,65.0,-0.97,0.42
RTX,1986-12-10,1.4568785498314176,1.5087673664093018,1.4568785498314176,1.5087673664093018,12450133,26.34048369436123,29.229585765318294,30.98642685431531,27.49666073590967,27.124657834605355,2.87,76.0,-0.92,0.31
RTX,1986-12-11,1.5087675449878384,1.532716500396148,1.4888103724801793,1.5127593278884888,11093762,26.320302418009927,29.08764910855511,30.786746084538752,27.48453959273415,27.123842000087635,2.84,68.0,-0.89,0.38
RTX,1986-12-12,1.528724529281442,1.528724529281442,1.4888101891803116,1.496793270111084,5515737,26.593203027128325,29.082795068269807,30.46122741954658,27.503245104501815,27.144169921911587,2.81,59.0,-0.9,0.47
RTX,1986-12-15,1.492801606903118,1.492801606903118,1.4648616458346513,1.4848188161849976,10127650,26.665000541995802,29.1500727607105,30.14619093175791,27.506828889638662,27.088934340803846,2.79,58.0,-0.93,0.56
RTX,1986-12-16,1.488809568261538,1.5047754331318406,1.4768354841356235,1.5007840394973755,11735718,26.7418610717854,28.081375796698083,30.187329713230003,27.539347350931457,27.103087192645,2.77,58.0,-0.95,0.54
RTX,1986-12-17,1.5047752096518603,1.5047752096518603,1.484817954111022,1.48880934715271,4072925,26.929218440123915,28.012292555664636,30.182914894075065,27.506039954867433,27.11055668934475,2.74,57.0,-0.97,0.54
RTX,1986-12-18,1.4928007401943977,1.4928007401943977,1.4728434846535594,1.48880934715271,5154716,23.26623488030494,27.981561401051362,29.425996083298163,27.456640206872258,27.086972296528224,2.72,53.0,-0.95,0.64
RTX,1986-12-19,1.496792953872503,1.5167502164840698,1.468852708794309,1.5167502164840698,9331879,23.797233546029943,27.067952012980566,29.53033942194574,27.52644917390302,27.12762004450872,2.69,53.0,-0.9,0.6
RTX,1986-12-22,1.5167507236790074,1.5167507236790074,1.492801768270698,1.5127593278884888,5421668,23.67096194039055,27.037442757502944,29.48925024758723,27.502026742882336,26.641792615499384,2.66,52.0,-0.86,0.61
RTX,1986-12-23,1.5127591037107304,1.5207417973312691,1.480827458230909,1.492801547050476,5069546,24.02641611159543,27.170090317366075,29.354016597471205,27.539469117006774,26.66456746965101,2.61,48.0,-0.87,0.66
RTX,1986-12-24,1.4928015915818793,1.5127591488374827,1.4928015915818793,1.5087673664093018,2625028,24.154672950672868,27.183486643398748,29.334720551875353,27.570454783365715,26.64829572034837,2.56,46.0,-0.93,0.67
RTX,1986-12-26,1.5007841302635432,1.5087668212377792,1.492801052179361,1.5047755241394043,649583,24.096564812986053,27.003160464793723,29.293644904206385,27.55688317744275,26.598841208348233,2.5,42.0,-0.96,0.69
RTX,1986-12-29,1.5087673592308768,1.5087673592308768,1.4888101891803116,1.496793270111084,2646638,23.564053197931507,26.899925116867767,29.313895114574294,27.5629623544979,26.604760964196323,2.44,43.0,-0.99,0.68
RTX,1986-12-30,1.4967932925947456,1.5047760833128663,1.4768361222443995,1.4848188161849976,3532665,22.122477979412334,26.960063995065113,29.18074133287351,27.48492149071005,26.464397282512696,2.38,34.0,-0.98,0.74
RTX,1986-12-31,1.4768359577785453,1.4808273526931093,1.4608701845652663,1.4688528776168823,5864046,22.34664074148543,27.062178373746722,29.24279425721516,27.505339116920503,26.475100325534655,2.31,38.0,-0.95,0.71
RTX,1987-01-02,1.4688529823012675,1.492801547050476,1.464861587102239,1.492801547050476,1796206,19.85758341882937,27.095346501586516,29.05507526227205,27.276850363816557,26.430076813898307,2.26,32.0,-0.93,0.78
RTX,1987-01-05,1.4967932772325385,1.5167505441555775,1.4848188009456893,1.5087673664093018,4819119,19.94322716751566,27.144180155137178,28.412523775883532,27.301959564884093,26.428547650272293,2.22,28.0,-0.95,0.9
RTX,1987-01-06,1.516750492182992,1.548682137521197,1.5087673147102658,1.5247331857681274,10510282,19.785030977074193,27.18418976007214,28.428936714361985,27.331204620277212,26.31196564302874,2.17,28.0,-0.96,0.89
RTX,1987-01-07,1.5167490109287167,1.5446888466895305,1.5127576196453751,1.540697455406189,6727190,19.755096762370144,26.920784166957716,28.31548028553969,27.27253552365238,26.308846957810466,2.13,26.0,-0.95,0.95
RTX,1987-01-08,1.5566649436950684,1.5566649436950684,1.532716377319946,1.5566649436950684,6064895,19.86635756482379,25.903812552107812,28.319188862373473,27.296164106802074,26.31436514015783,2.08,26.0,-0.91,0.94
RTX,1987-01-09,1.5486822355379075,1.5566649296282709,1.5327163634695595,1.5367077589035034,4875052,20.362740002746822,26.11369669774505,28.154068539184102,27.314616045780998,26.341394960863646,2.03,24.0,-0.92,1.01
RTX,1987-01-12,1.5367070894013886,1.5367070894013886,1.516749927371422,1.5207412242889404,4828018,19.92444838136836,24.25599873605799,28.17414968913378,27.335853406453005,26.26748652704064,1.99,24.0,-0.95,1.0
RTX,1987-01-13,1.5087667528714925,1.5207412242889404,1.5087667528714925,1.5207412242889404,4155553,19.854045510715807,24.25599873605799,28.17198443929988,27.333963566013388,26.265595836598866,1.94,23.0,-0.98,1.0
RTX,1987-01-14,1.5327158085335715,1.5726301355317016,1.5207413362346518,1.5446898937225342,9703070,20.16890910660897,24.245124108366902,28.03856881368646,27.396997694481723,26.287867111253664,1.9,21.0,-1.0,1.05
RTX,1987-01-15,1.572629884211443,1.5885957479476929,1.556664117252667,1.5885957479476929,10797573,20.20387630875164,24.429850504188884,28.259414164219127,27.502015084619874,26.421191652731668,1.86,24.0,-0.9,0.97
RTX,1987-01-16,1.5925877898497385,1.608553563310272,1.572630524635315,1.572630524635315,8206867,20.1527777818284,24.580345578165872,28.2955839230689,27.513956477661683,26.43080136532292,1.81,24.0,-0.9,0.96
RTX,1987-01-19,1.56863942043768,1.5726307191301667,1.5486822495325694,1.5566649436950684,4946239,20.48268319007925,23.08397005451857,28.325566457955787,27.534152152111872,26.445600868918863,1.76,26.0,-0.92,0.94
RTX,1987-01-20,1.5806126709133572,1.5885957479476929,1.572629884211443,1.5885957479476929,6311508,20.535915173453116,22.92826219388921,28.388580671903668,27.63321044619056,26.520514783321307,1.72,26.0,-0.89,0.92
RTX,1987-01-21,1.568638576265757,1.5965784262973743,1.568638576265757,1.5806126594543457,7271264,20.624646050744897,22.78168266153409,28.39830187687945,27.638148104138615,26.487705863809826,1.66,26.0,-0.89,0.91
RTX,1987-01-22,1.5846049617260058,1.5965790495891836,1.540698843823394,1.5646477937698364,14491680,20.904606373558238,22.939731337649828,28.416126325571177,27.65811594737319,26.494299187165833,1.61,27.0,-0.92,0.9
RTX,1987-01-23,1.572630145845836,1.5965787034907857,1.5486816849783762,1.5526729822158813,13474720,18.656738451465177,22.728111151295614,28.44560334313771,27.658639731108934,26.438446704452335,1.56,28.0,-0.96,0.89
RTX,1987-01-26,1.5486820249495081,1.5486820249495081,1.532716155052185,1.532716155052185,6171676,19.07604395987477,22.937057705800783,28.436327184227174,27.66192761520004,26.470161142629223,1.5,27.0,-1.0,0.89
RTX,1987-01-27,1.5367079840031583,1.5925882057064733,1.5247335056147118,1.5686396360397339,8545006,19.871662246355775,23.30426995192502,27.947084933782694,27.7727223375601,26.556863653642004,1.47,10.0,-1.02,0.94
RTX,1987-01-28,1.5806132849696382,1.5885963651053399,1.5726304951664705,1.5766218900680542,8204325,19.683941295825154,23.249138603597725,27.45840282667251,27.777224606977814,26.54959711843458,1.45,5.0,-1.04,1.08
RTX,1987-01-29,1.5806131743972338,1.5925876485968404,1.5766217797748696,1.5846048593521118,5992437,19.534690776478264,23.249166074250176,27.264458048609058,27.781493904656333,26.54894678219857,1.44,4.0,-1.05,1.18
RTX,1987-01-30,1.5885963651053399,1.5885963651053399,1.568639197042398,1.5766218900680542,5463618,19.423868084527278,23.290883907375303,27.21861317869098,27.727204924653705,26.53413566847635,1.42,3.0,-1.08,1.21
RTX,1987-02-02,1.5766218816330142,1.5766218816330142,1.5566647136768448,1.5646477937698364,10773420,19.613768114865813,21.336946194452096,27.188267268973505,27.698584790083142,26.130653622809625,1.39,2.0,-1.12,1.22
RTX,1987-02-03,1.564647454593336,1.572630145845836,1.5526729822158813,1.5526729822158813,7875084,19.114153901305272,21.417258987160796,26.572514739949398,27.70526366694194,26.082623806841504,1.4,1.0,-1.16,1.38
RTX,1987-02-04,1.5646477937698364,1.568639188650066,1.5566647136768448,1.5646477937698364,6713207,19.18773958013782,21.364198262757963,25.3322330447829,27.712873973536954,26.08899319269909,1.45,1.0,-1.16,1.22
RTX,1987-02-05,1.5885962430468665,1.608553409576416,1.5806131635245382,1.608553409576416,7981865,20.1627082238231,22.01954086098138,25.584339496306256,27.899739032243197,26.159841214313477,1.5,2.0,-1.14,1.11
RTX,1987-02-06,1.6165368629363754,1.6444767266668832,1.6125450805472952,1.6285109519958496,7164483,20.22800608739557,22.103872008973887,25.609441908173753,27.92142525016739,26.133075157596906,1.54,3.0,-1.09,1.08
RTX,1987-02-09,1.632501950360531,1.6484677220962447,1.616536565734828,1.6205278635025024,5928877,20.28910977843918,22.09553351528027,25.537747324685988,27.870309704789857,26.12008569254356,1.59,2.0,-1.06,1.12
RTX,1987-02-10,1.628510725247479,1.6484677956412348,1.5885962941274463,1.6045621633529663,7039906,20.484498268758305,21.891717930872762,25.523405857258787,27.793647758019308,26.137754221255623,1.63,2.0,-1.06,1.15
RTX,1987-02-11,1.6005707171641033,1.6125448041713244,1.5965789354591793,1.608553409576416,4118688,20.24817427080124,21.084114917700226,25.522112745950903,27.718313994505795,26.111161787848246,1.67,2.0,-1.05,1.14
RTX,1987-02-12,1.624519459939331,1.6444767266668832,1.6045623867668195,1.6285109519958496,6958549,20.019060899628265,21.169366243181507,24.822120608048838,27.742701055670473,26.13025496731144,1.74,1.0,-1.05,1.28
RTX,1987-02-13,1.6478017568588257,1.6598585842955955,1.631725662122358,1.6478017568588257,7366604,19.81556712803469,19.686825581406367,24.79576954077803,27.770334174058224,26.028869488174916,1.8,1.0,-1.04,1.29
RTX,1987-02-17,1.6678972391088893,1.6879922151565552,1.6598588978833202,1.6879922151565552,5931419,20.616871970359522,20.128822340040266,25.027293619048063,27.91382365730799,26.13932735164124,1.85,3.0,-0.94,1.16
RTX,1987-02-18,1.720144605596324,1.7241634838703566,1.6678972391088893,1.6879922151565552,8392462,20.54143874339423,20.00680584988564,24.241442147089856,27.91184174084845,26.08564118162378,1.93,1.0,-0.86,1.25
RTX,1987-02-19,1.7000506347634696,1.7000506347634696,1.627708241160104,1.667898416519165,7337366,20.89802907311601,20.161817102862724,24.31240045848203,27.90860767790318,26.074998369056946,1.99,2.0,-0.84,1.22
RTX,1987-02-20,1.6598585513789872,1.7161253690719604,1.655839673943917,1.7161253690719604,10439094,22.10824737913918,20.843561551375586,24.63653885925787,28.101541348329427,26.19280339561393,2.05,3.0,-0.73,1.05
RTX,1987-02-23,1.7241640090942383,1.732201962983368,1.6960306832508818,1.7241640090942383,7669150,21.572653081338107,20.837223351960873,24.602761563088258,28.07780789791799,26.19586961550721,2.1,3.0,-0.63,1.06
RTX,1987-02-24,1.732201777940007,1.7482778788934894,1.7080877239560532,1.744258999824524,7904322,21.24785083245096,20.49193201418556,24.52748071152685,27.89840357916587,26.113601873184848,2.16,3.0,-0.53,1.11
RTX,1987-02-25,1.7522973426400754,1.764353979846972,1.7281828988710415,1.744258999824524,5271666,21.24785083245096,20.478229117429287,24.425601787270907,27.875403160697193,26.113601873184848,2.21,3.0,-0.46,1.16
RTX,1987-02-26,1.7522975588366012,1.7522975588366012,1.7241640376349792,1.7402403354644775,7603047,21.072060391318804,20.472068289667693,24.432127003954015,27.8749740004821,26.077408940908985,2.26,4.0,-0.44,1.16
RTX,1987-02-27,1.7482778423500291,1.7603350639825195,1.7442589633650685,1.7563161849975586,3040710,19.877032562912575,19.875460775403987,24.449617253005222,27.88812230212797,26.091752812158752,2.31,5.0,-0.41,1.15
RTX,1987-03-02,1.756316113772608,1.7603349925945888,1.7281827926635742,1.7281827926635742,4364030,20.305178919079133,20.058596315275395,24.525691743307384,27.654930831825393,26.143032037227833,2.35,6.0,-0.43,1.11
RTX,1987-03-03,1.7241634665748284,1.7281825397010457,1.6799540519714355,1.6799540519714355,5538618,21.950119849962043,21.0492917193595,25.00133796856765,27.804393511870256,26.258658496907483,2.39,12.0,-0.47,0.98
RTX,1987-03-04,1.70406888576718,1.7281829403296225,1.692011663593414,1.7201449871063232,4236910,22.204655416267435,21.213874604735246,25.21875410506538,27.73280729468089,26.345774147139,2.42,14.0,-0.5,0.86
RTX,1987-03-05,1.732201671485555,1.7482777714510622,1.7241637189490655,1.7281827926635742,4778441,22.090421304737408,21.188232416882133,25.012602144456032,27.70537107867885,26.197068821572884,2.45,13.0,-0.53,0.95
RTX,1987-03-06,1.7603356955985603,1.7603356955985603,1.7040694206951674,1.7121071815490723,7160670,22.04998896305738,21.307920025123977,24.415141857664032,27.728375000614967,26.210217633553412,2.49,3.0,-0.57,1.02
RTX,1987-03-09,1.720145596885856,1.720145596885856,1.6598598544312433,1.6719170808792114,5584382,23.18925109237951,20.901245091122913,24.77851373231372,27.644655556401066,26.309014225036787,2.52,11.0,-0.61,0.9
RTX,1987-03-10,1.6799550369519096,1.6879931879172216,1.6678982002891691,1.6719170808792114,4828018,22.74134857114644,20.90323263688313,23.535669354689276,27.532223612444195,25.94364735356657,2.56,1.0,-0.63,0.65
RTX,1987-03-11,1.6839735117957981,1.7201447842666868,1.6719162910438208,1.7080875635147095,6226338,22.610097907160192,21.12851557504971,23.731397690342785,27.604440419129727,25.836342118461957,2.61,2.0,-0.66,0.55
RTX,1987-03-12,1.7080879595168608,1.7121068391400662,1.6879927818305653,1.6960307359695435,2706385,22.77957514830063,21.109779562414687,23.672248171931916,27.6168867652767,25.809200904079532,2.65,2.0,-0.68,0.57
RTX,1987-03-13,1.7080879595168608,1.7121068391400662,1.6920118563463378,1.6960307359695435,2550027,22.776185601507464,21.039986995266176,23.451461987108555,27.614462062491697,25.809200904079532,2.69,1.0,-0.71,0.67
RTX,1987-03-16,1.6920125484466553,1.7000507007661236,1.6759364387003652,1.6920125484466553,4015721,22.71457010693785,20.956521132635807,23.464301225487418,27.614147348635036,25.801141599224863,2.73,2.0,-0.74,0.66
RTX,1987-03-17,1.6839735117957981,1.7442588359855982,1.6638785336608792,1.7080875635147095,6317864,22.601699516110713,21.004966051177572,22.485973518924474,27.5337045985047,25.766922385155063,2.78,1.0,-0.86,0.48
RTX,1987-03-18,1.7241640626873835,1.7241640626873835,1.6839739022073599,1.6960307359695435,4352589,22.577923433478418,20.812000369991793,22.269799629225666,27.40655823089087,25.77250295660651,2.83,1.0,-0.93,0.59
RTX,1987-03-19,1.6920116100957627,1.7000497579574585,1.6759355092649102,1.7000497579574585,4123773,22.53348900355775,20.791074893770322,22.131377995743893,27.404702869635976,25.773515800432623,2.87,1.0,-0.99,0.68
RTX,1987-03-20,1.7040688318883062,1.7161260536808496,1.687992536164915,1.7000497579574585,6377610,21.26719544923055,20.552439424059283,22.134809669142786,27.348199690909585,25.612364259911907,2.92,2.0,-1.05,0.68
RTX,1987-03-23,1.7000494346561568,1.712106264370755,1.6799540688234875,1.6879922151565552,6847954,21.180672191101593,20.561972609809708,21.992336015483623,27.24756434305599,25.533149809421037,2.95,1.0,-1.09,0.78
RTX,1987-03-24,1.6879921982238704,1.6920112713500879,1.6638783441440645,1.6799540519714355,5769977,21.17718201238651,20.58650901410635,22.01752954117545,27.065355364830868,25.52811949398522,2.99,2.0,-1.13,0.77
RTX,1987-03-25,1.6920112713500879,1.6960301495838057,1.6759351737377177,1.6799540519714355,5159801,20.919008287349662,20.536359110749768,21.994711487089052,26.81964670797081,25.523669851185993,3.03,2.0,-1.16,0.8
RTX,1987-03-26,1.679954354811521,1.6839736235547789,1.655840301492251,1.6598591804504395,5440736,21.281522473220267,20.63535194265621,22.073438715238858,26.862358669252924,25.542542525606297,3.06,4.0,-1.19,0.76
RTX,1987-03-27,1.655839903942043,1.65985878193534,1.5915353224469468,1.5955545902252197,8349242,24.020698024823883,22.16917959247359,23.034884844310156,26.97925386706219,25.841539783414653,3.07,9.0,-1.21,0.88
RTX,1987-03-30,1.5191929016694592,1.5674213900566658,1.4870409983450763,1.5634024143218994,7631014,24.37533978527664,22.390934354508403,23.286502897963807,27.07277394222291,25.911258363555117,3.08,10.0,-1.22,0.78
RTX,1987-03-31,1.58349732944711,1.6357446908950806,1.58349732944711,1.6357446908950806,6310237,26.956229182995965,24.099463479026763,23.144044131052382,27.391090732750868,26.307314606874225,3.09,10.0,-1.22,0.64
RTX,1987-04-01,1.61565049565371,1.6357454794504673,1.6076121513283692,1.6277077198028564,5458533,26.97737929145286,24.056086624835775,23.164377916165797,27.374842914549763,26.273689361930195,3.09,11.0,-1.22,0.63
RTX,1987-04-02,1.635744950968401,1.6397640243862872,1.6035927534103394,1.6035927534103394,3333086,27.09298685918447,24.196654723155962,23.252682576726322,27.392561212941445,26.276691504834464,3.09,12.0,-1.2,0.61
RTX,1987-04-03,1.6116310084676126,1.6558401342361413,1.6035927641318404,1.651821255683899,4989460,27.202529807551162,24.84097983776991,23.68371159368988,27.595900842126614,26.425267218762233,3.08,18.0,-1.2,0.46
RTX,1987-04-06,1.6719153592954568,1.67995330709142,1.6518203923593422,1.6638776063919067,4010636,27.26226319156519,24.70278697155908,23.693201653631725,27.59303549360861,26.417520436649294,3.07,19.0,-1.19,0.45
RTX,1987-04-07,1.663879139465047,1.6759359748217713,1.639764689181227,1.6437835693359375,3743684,27.163671165920505,24.7399433094688,23.76606755527372,27.513749941169017,26.44139290256034,3.07,21.0,-1.18,0.42
RTX,1987-04-08,1.6317254174744884,1.6357442943866984,1.5634018789190371,1.5995731353759766,8373394,28.12353204660044,25.422511970520254,24.027920876087443,27.4835787705931,26.582493426221017,3.05,22.0,-1.16,0.39
RTX,1987-04-09,1.611630902709106,1.6156498784438726,1.5392879752357937,1.5634024143218994,9166623,28.7121634922966,25.689208526040062,23.87010491802894,27.413541745303437,26.670296507449915,3.04,22.0,-1.12,0.42
RTX,1987-04-10,1.5593837245285387,1.5915356317393792,1.5473265035280335,1.5714404582977295,3661056,28.5788987885158,25.050481347701552,23.871400057418953,27.418426196514208,26.675494821848527,3.02,23.0,-1.09,0.42
RTX,1987-04-13,1.5714403994461397,1.579478741371294,1.5433074695094702,1.5473264455795288,5194123,28.553702910298252,25.165047739342146,23.261428475339077,27.463356522685256,26.64934305095304,3.0,13.0,-1.08,0.36
RTX,1987-04-14,1.5433078709591992,1.5513457277438878,1.5111555668038832,1.5232127904891968,7868728,27.834235822229374,25.28281789197046,23.404950996396543,27.081972047569742,26.69014066515649,2.97,15.0,-1.1,0.3
RTX,1987-04-15,1.531250398578718,1.5433076203057805,1.4629268242492448,1.507136344909668,8429327,26.704368481779085,24.995668736780477,23.37689408440937,27.103797666503326,26.492976613050324,2.95,15.0,-1.11,0.34
RTX,1987-04-16,1.5191931853365064,1.5312504071309099,1.495079131532777,1.5031170845031738,10406043,26.57223051509246,24.98354297909097,23.320690034899304,27.081514714578436,26.489063670304276,2.92,15.0,-1.1,0.38
RTX,1987-04-20,1.5111552881083357,1.5111552881083357,1.4629267920467832,1.4870412349700928,6657274,26.596949537192856,24.99341147774562,23.374354972631465,26.986341156390537,26.507857169123923,2.89,16.0,-1.1,0.37
RTX,1987-04-21,1.4790020891649251,1.5031161276176286,1.4589070246389364,1.4910593032836914,5420397,26.049366867580293,24.962686448207545,23.377272346379094,26.959526064525313,26.44436843155088,2.86,18.0,-1.11,0.37
RTX,1987-04-22,1.4950787737124718,1.4950787737124718,1.4428314097854764,1.4589076042175293,8789077,26.533528329555295,25.213432908958588,23.48383138286942,27.058394369542434,26.527563060331627,2.83,22.0,-1.14,0.35
RTX,1987-04-23,1.4548894086524633,1.4749844919344632,1.4146988523032704,1.4669462442398071,13983200,25.564645188641975,24.75112500452733,23.462570256547977,27.06278943993126,26.517863605787483,2.81,21.0,-1.16,0.36
RTX,1987-04-24,1.4468504675445086,1.4589076871385378,1.430774272198721,1.4388126134872437,6066166,25.89423761874815,24.995536110848356,23.664578275881027,27.05573956051776,26.582139015252032,2.78,25.0,-1.18,0.3
RTX,1987-04-27,1.4347933381625202,1.4468501654541777,1.3986216869327737,1.4307739734649658,12066230,25.842020761263,24.971182463206404,23.26381163140729,27.06393925772635,26.585620292237007,2.75,14.0,-1.16,0.44
RTX,1987-04-28,1.4468504675445086,1.4548887113867794,1.4347936377354855,1.4388126134872437,5257683,26.03308877630489,25.005584511249694,23.217142333543602,26.890458852020505,26.5909664133324,2.73,12.0,-1.16,0.44
RTX,1987-04-29,1.4428314009482595,1.4790026676679022,1.438812522895792,1.4749836921691895,4920815,27.15276810148735,25.546106120035834,23.53511170893156,26.62962550852181,26.64061475808416,2.7,26.0,-1.16,0.32
RTX,1987-04-30,1.474984013508438,1.499098066646681,1.4669457684210683,1.4870412349700928,3737328,27.40332667996309,25.574691333082768,23.4611891863503,26.628474122292317,26.644003934876253,2.67,23.0,-1.17,0.33
RTX,1987-05-01,1.491059614384538,1.511154683103245,1.4790023977501041,1.499097466468811,5238615,27.574905961772373,25.580318506551038,23.459090566739345,26.548109841462587,26.651854211366548,2.64,23.0,-1.18,0.33
RTX,1987-05-04,1.4950783426357592,1.515173506797092,1.4910594657174414,1.5111545324325562,6113201,27.777753064157384,24.958125637863525,23.4570465779056,26.544567008485725,26.65953431990864,2.6,23.0,-1.17,0.33
RTX,1987-05-05,1.5232118633541114,1.5513447834851062,1.5232118633541114,1.5392875671386719,7065330,28.50118004046737,25.128936318504742,22.977314372336604,26.480346351901495,26.72344326973332,2.56,9.0,-1.16,0.32
RTX,1987-05-06,1.5312501653466022,1.5433073852371713,1.5272312869422537,1.5352691411972046,7306858,28.496863170943932,25.11781454809906,22.97824490400856,26.463408531074023,26.720177321123117,2.52,10.0,-1.16,0.33
RTX,1987-05-07,1.5513452394921223,1.559383580978343,1.5312501653466022,1.5352691411972046,4384369,28.496863170943932,25.048146266050203,22.913437890602104,26.461892260425174,26.709509652150693,2.48,9.0,-1.14,0.35
RTX,1987-05-08,1.5232125516067823,1.5352693836161084,1.4910602524938477,1.5031170845031738,3842838,28.868791992132397,25.384917916041672,23.128151464027503,26.45095483087281,26.764203798338777,2.45,13.0,-1.14,0.29
RTX,1987-05-11,1.5191932310611207,1.5473266519818845,1.5191932310611207,1.5272315740585327,6479306,27.25273409978107,25.476575689720637,23.2036252646005,26.444965395405305,26.79370568999771,2.41,16.0,-1.13,0.25
RTX,1987-05-12,1.5312502489605166,1.5473264455795288,1.519193028411563,1.5473264455795288,2912319,26.959009084277426,25.50585135746553,23.255613597332836,26.47867340209063,26.824591702543927,2.37,19.0,-1.11,0.21
RTX,1987-05-13,1.551345156292428,1.5634023755363604,1.5433073024685526,1.5553641319274902,4011907,23.32976760535294,24.998864862016156,23.26796823263809,26.46837594590948,26.828323109101955,2.34,22.0,-1.09,0.2
RTX,1987-05-14,1.5714398517238206,1.5714398517238206,1.5392875671386719,1.5392875671386719,3119525,23.4492851051657,25.065249936724815,23.146873206031124,26.43107917223219,26.804341518198616,2.3,15.0,-1.08,0.27
RTX,1987-05-15,1.5111543678096802,1.527230555855161,1.4709642387577027,1.4910593032836914,7435249,24.744011115621017,25.739752271625665,23.693821936676557,26.700379897716736,26.962350564174002,2.27,43.0,-1.09,0.21
RTX,1987-05-18,1.4983490705490112,1.5023986082305196,1.474051255336325,1.4983490705490112,4187333,22.93085909507286,24.993581561193405,23.612764604492856,26.688270234575707,26.960458276390092,2.23,39.0,-1.09,0.23
RTX,1987-05-19,1.5064483880996704,1.5185972984510026,1.498349409094,1.5064483880996704,5171242,22.86221725154884,25.00251835625437,23.567445264299128,26.693735683100723,26.960681239316486,2.19,39.0,-1.09,0.26
RTX,1987-05-20,1.4943003287507268,1.502399803305513,1.4578540678770988,1.4781019687652588,5147089,23.176099434196964,25.065113613474953,23.756056725880903,26.739974354702284,27.026505925540274,2.15,47.0,-1.1,0.19
RTX,1987-05-21,1.482151902417353,1.4902508860353858,1.465953444244534,1.4781019687652588,4562337,22.071858502539587,25.065113613474953,23.74176437902137,26.305716940064457,27.01482270157728,2.11,47.0,-1.1,0.2
RTX,1987-05-22,1.4821506593419038,1.522646427154541,1.4781007290864743,1.522646427154541,3331815,23.116194454073174,25.93259860923109,24.173289795774505,26.259750248016307,27.13341831140615,2.06,53.0,-1.09,0.1
RTX,1987-05-26,1.5307457120731827,1.550993600054794,1.5226467336176568,1.538845181465149,3054694,23.2927642914021,25.9602345531425,24.162635085026434,26.165710707823898,27.076927597203838,2.01,53.0,-1.07,0.1
RTX,1987-05-27,1.5388456998679774,1.5712425082894366,1.5307462277474795,1.5550440549850464,2702571,23.076005181978758,25.922675192979362,24.08512135392116,26.16101656755596,27.040151267234407,1.97,53.0,-1.05,0.13
RTX,1987-05-28,1.54694353348,1.5509929719742832,1.5064476757284415,1.5104972124099731,2866556,24.1731355660708,25.956405687079133,24.47733625529935,26.358515015500057,27.1844157351676,1.93,62.0,-1.05,0.08
RTX,1987-05-29,1.5185980418562426,1.5185980418562426,1.4619033936912906,1.4740523099899292,4989460,25.003379380378483,25.815081005365954,24.72271994507168,26.166188423144515,27.28802267823327,1.89,67.0,-1.06,0.03
RTX,1987-06-01,1.4902508860353858,1.502399803305513,1.4781019687652588,1.4781019687652588,3427155,25.016287453860176,25.79510310020244,24.667710432034184,25.491910767206438,27.28969970910044,1.85,67.0,-1.08,0.06
RTX,1987-06-02,1.4821515083312988,1.490250489795911,1.4659530544654518,1.4821515083312988,3729701,24.843562541433155,25.779088417621875,24.613125921017314,25.437327814677136,27.290472380157354,1.82,66.0,-1.1,0.09
RTX,1987-06-03,1.4983492430650165,1.5023987812127781,1.4740514250547432,1.4902498722076416,3406816,24.883339472833622,25.438533769836674,24.54987203730787,25.432534996873045,27.26875795610867,1.78,65.0,-1.12,0.11
RTX,1987-06-04,1.4942995972771096,1.51454758644104,1.4902501565440074,1.51454758644104,2370788,24.42458299288041,25.705122609364437,24.633577264207783,25.455729526085236,27.31294874040585,1.74,68.0,-1.12,0.06
RTX,1987-06-05,1.5185971301783927,1.5226466683261544,1.48620033405988,1.4902498722076416,3102999,24.8998770700707,25.417807397555443,24.766327159463017,25.478468281130045,27.342081727447987,1.7,72.0,-1.13,0.02
RTX,1987-06-08,1.502399067867129,1.5266964977641617,1.4942995972771096,1.51454758644104,1751714,24.561041416017495,25.67539626747196,24.77538717883458,25.545216506464456,27.245605986154892,1.66,73.0,-1.14,0.01
RTX,1987-06-09,1.5347960344361482,1.5428950149564888,1.5226471218127282,1.5307461023330688,3901313,24.59189451853244,25.801038727980274,24.422408042825136,25.133761574717322,27.246771443770314,1.61,59.0,-1.15,0.08
RTX,1987-06-10,1.5307450859980196,1.5874396793697818,1.5307450859980196,1.5509929656982422,4233096,24.777482451579335,25.979245503783538,24.46535211825166,25.12726257589357,27.27713642834859,1.56,63.0,-1.15,0.06
RTX,1987-06-11,1.5631424822966093,1.6198367051177398,1.5590930422331724,1.6076881885528564,6200914,25.829994183409866,26.99878423343375,25.06983616579453,25.4634589302723,27.50706129075537,1.51,82.0,-1.15,0.03
RTX,1987-06-12,1.6117377807226558,1.6198367593077592,1.5874403540308972,1.5995888710021973,5064461,25.879049008031448,26.98245800551445,24.877784484818914,25.072944723163516,27.28543510651554,1.46,79.0,-1.16,0.11
RTX,1987-06-15,1.6036380529403687,1.6117374224743464,1.5914895386693748,1.6036380529403687,2580536,25.82382392649573,26.983331872602378,24.867240964967902,25.060900666243246,27.244978774926288,1.4,79.0,-1.16,0.11
RTX,1987-06-16,1.5955392792388274,1.6117377268035797,1.5833903699247986,1.6076881885528564,2965710,25.76630628726388,26.992167218143482,24.81499771502617,25.04849631953709,27.09922789568804,1.33,78.0,-1.16,0.13
RTX,1987-06-17,1.591490010146984,1.6036385280169663,1.583390540026277,1.5955394506454468,3053422,25.430523523593646,26.99691471805592,24.814207416631096,25.055810944373015,27.0896548327568,1.26,78.0,-1.16,0.13
RTX,1987-06-18,1.579340882917201,1.595539231813189,1.579340882917201,1.5914897918701172,2093666,25.429586311339,26.98724744234577,24.728076016473246,24.980927587993783,27.089578895438986,1.19,74.0,-1.15,0.17
RTX,1987-06-19,1.5995888174895507,1.6076881885528564,1.5914898391753904,1.6076881885528564,4728864,25.557154858146646,27.081332140276874,24.507805228780843,24.959913593499955,26.9323018064276,1.13,65.0,-1.15,0.24
RTX,1987-06-22,1.5995888710021973,1.6076882423364591,1.5955393326160008,1.5995888710021973,2883082,24.72660821732915,26.994544271325292,24.509726498691727,24.963277391571726,26.857476502441706,1.07,66.0,-1.15,0.24
RTX,1987-06-23,1.6076883612646165,1.615787438636136,1.5874404714612242,1.5955394506454468,3383934,24.405218063289436,25.754107264688354,24.500655897627222,24.959748219334,26.828732671229155,1.02,65.0,-1.15,0.25
RTX,1987-06-24,1.5874403715133667,1.6036384270492523,1.5793410000899064,1.5874403715133667,3266984,24.22116354114721,25.42664968054976,24.500861108190705,24.92511312372325,26.832487545796873,0.97,66.0,-1.15,0.25
RTX,1987-06-25,1.5874405251005412,1.5995890433810196,1.579341152893455,1.5833905935287476,4319538,24.20480804879053,23.639236260904468,24.473549602230516,24.921474012144255,26.832474670585672,0.92,64.0,-1.15,0.26
RTX,1987-06-26,1.5793410995278143,1.6076883612646165,1.5712421203435918,1.5955394506454468,2711470,24.057452913035068,23.67999664501986,24.470115661619463,24.93019981000916,26.841554272548024,0.88,64.0,-1.15,0.26
RTX,1987-06-29,1.6157876345707365,1.64818434073451,1.6157876345707365,1.6400854587554932,6448798,23.109344300831467,24.156494485913335,24.82356893027141,25.028236483688687,26.904877524148063,0.88,88.0,-1.16,0.16
RTX,1987-06-30,1.6441348501280526,1.72107697585139,1.6400854092607489,1.6927297115325928,15381520,24.533696159079,24.261119748877828,24.940428605224135,24.94571581022092,26.985946297444656,0.87,91.0,-1.19,0.17
RTX,1987-07-01,1.6927298389047483,1.7291765768244813,1.6927298389047483,1.7170276641845703,10763250,24.709081293262678,24.387315881760482,24.965462441714532,24.9904217921123,27.019597447761946,0.86,92.0,-1.22,0.16
RTX,1987-07-02,1.7170278188313028,1.7291767325654244,1.7048789050971815,1.7089283466339111,6615325,23.868822609158737,24.269717440389236,24.96444802370287,24.300334517289798,26.98289812190448,0.85,92.0,-1.25,0.16
RTX,1987-07-06,1.7170275885595414,1.7413250200199506,1.7129779511912673,1.73322594165802,7872542,23.970718029115858,23.712338507342114,25.000110138000913,24.347148238476592,26.934634145688722,0.84,94.0,-1.28,0.14
RTX,1987-07-07,1.7372744788817591,1.7575224588150495,1.7332250399947133,1.7494233846664429,7458130,22.871653554383624,23.22096843354295,25.035401056453054,24.314736058899875,26.812471342434307,0.83,98.0,-1.3,0.12
RTX,1987-07-08,1.7332257051149174,1.7453742228125273,1.7251262351091319,1.741324782371521,3701734,22.95265298700721,23.248769156945347,24.982013828052,24.21619260200365,26.642111487763053,0.83,93.0,-1.32,0.15
RTX,1987-07-09,1.7372753826516765,1.7453744610136068,1.725126470546854,1.73322594165802,4192418,23.00777992912985,23.012118499248853,24.932228489728764,24.226737900093205,26.646947499696587,0.84,89.0,-1.34,0.17
RTX,1987-07-10,1.7332257702333835,1.7575231992906564,1.729176329640237,1.7534737586975098,2584350,20.912056510110734,22.799945239574974,24.709307500393507,23.750895065630615,26.44542309805692,0.83,79.0,-1.33,0.24
RTX,1987-07-13,1.7575231332593193,1.7575231332593193,1.7332257051149174,1.741324782371521,4533099,19.33129601770985,22.723357883439558,24.73666778921199,23.61629503626315,26.440115915067537,0.84,81.0,-1.34,0.23
RTX,1987-07-14,1.7453737638489866,1.773721017729382,1.741324324472821,1.7656221389770508,3625462,19.458795010617216,22.817858154995314,24.749969655740458,23.579672178469483,26.331167027215773,0.84,81.0,-1.34,0.22
RTX,1987-07-15,1.7494241539323474,1.769672142769189,1.7372752428054812,1.737275242805481,7885254,20.474462175167783,22.981060046515626,24.48129718571418,23.672769154264504,26.36915470575919,0.84,65.0,-1.34,0.27
RTX,1987-07-16,1.741325656336908,1.7494249340331023,1.7170282159977037,1.725127100944519,4170807,20.782736499006475,23.06524335183319,24.496316608335338,23.583460722428736,26.34578398928439,0.84,66.0,-1.34,0.27
RTX,1987-07-17,1.72512609230315,1.806118232786792,1.7170272120915628,1.7737213373184204,11070881,21.587462406674284,23.07870888384472,24.823840532784107,23.789338042412385,26.477365187811706,0.84,87.0,-1.32,0.19
RTX,1987-07-20,1.7777709913801842,1.7777709913801842,1.7534737586975098,1.7534737586975098,3757667,21.222302118801263,23.269817513602714,24.89262212250933,23.822985885311976,26.498183759553644,0.84,89.0,-1.31,0.16
RTX,1987-07-21,1.7534740093550503,1.7575234505270607,1.6927298389047483,1.7170276641845703,5492855,22.293972106914516,23.3393610487433,25.113706337478714,23.95504025029542,26.4966400600768,0.85,99.0,-1.31,0.09
RTX,1987-07-22,1.7129769088017852,1.737274325476606,1.6927287342819375,1.7291754484176636,3022914,22.227834355604628,23.285393067205458,25.095722324791254,23.964173153759155,26.331667347238565,0.86,98.0,-1.32,0.1
RTX,1987-07-23,1.7291760558778348,1.7777707099242974,1.7291760558778348,1.7615723609924316,6928040,22.47442022536526,23.494054983800964,25.13755513352588,24.045013799979376,26.231108965561145,0.86,99.0,-1.31,0.08
RTX,1987-07-24,1.7534734491158719,1.777770677508789,1.7534734491158719,1.7696717977523804,2297058,20.375923253913246,23.066855923517547,24.727402983568176,23.398038493118108,26.23341687790382,0.86,74.0,-1.31,0.16
RTX,1987-07-27,1.7777700312929134,1.7899189356351148,1.773720592886672,1.7818200588226318,4603015,20.24859801529798,23.056100277248923,24.470004326275873,23.4072269716947,26.222257276397066,0.85,59.0,-1.29,0.25
RTX,1987-07-28,1.8101675510406494,1.8263658994971514,1.7980186424173517,1.8101675510406494,8570430,20.550070130093687,23.182162375409508,24.58329960703303,23.442286759348658,25.920145125040015,0.85,70.0,-1.23,0.19
RTX,1987-07-29,1.806118130683899,1.810167570560771,1.7939692219295922,1.806118130683899,3795803,20.626793443808307,23.185402946127184,24.53696340368251,23.441177314785126,25.91225960234887,0.85,68.0,-1.19,0.21
RTX,1987-07-30,1.8142165552384317,1.8668612241744995,1.8020680422813966,1.8668612241744995,6985244,21.985014768463905,23.78862152250393,24.76253961541924,23.73688630640379,26.085257731770273,0.85,80.0,-1.03,0.2
RTX,1987-07-31,1.8628128420215362,1.8952097459074777,1.8628128420215362,1.8709123134613037,12042078,21.8824028464696,23.758737345426656,24.762473014206243,23.72264104624386,25.983249787346274,0.85,79.0,-0.91,0.2
RTX,1987-08-03,1.8425651578266313,1.8587635125556392,1.8304162444988974,1.8466145992279053,6227609,22.47125577550224,23.986130165513973,24.648327534278135,23.687207648152874,26.001543756341945,0.85,71.0,-0.87,0.25
RTX,1987-08-04,1.8304162444988974,1.8466145992279053,1.826366606722986,1.8466145992279053,5977182,22.32964087145104,23.458880247965972,24.616433219879095,23.436242092304372,25.978826935336986,0.86,69.0,-0.86,0.26
RTX,1987-08-05,1.8385145211663116,1.8668613810726291,1.8385145211663116,1.858762502670288,6859395,22.225828248492483,23.324152394130802,24.632666691635603,23.437850676468173,25.983287387275837,0.86,69.0,-0.85,0.25
RTX,1987-08-06,1.8547124862670898,1.8628113621489932,1.8425635833208256,1.8547124862670898,4756830,22.125861644846758,23.259870606354475,24.632037219281607,23.005363646412132,25.90906203138873,0.86,68.0,-0.85,0.25
RTX,1987-08-07,1.8628127341941516,1.8668621751176984,1.8344654694816394,1.8425649404525757,4681830,22.278083507161707,23.33779825924964,24.622026544155226,23.019617561104102,25.920819800498617,0.85,67.0,-0.87,0.26
RTX,1987-08-10,1.8466139981512453,1.8790106970640685,1.8466139981512453,1.874961256980896,5106410,22.555773848046528,23.361396545209963,24.730566198912342,23.047552918539974,25.84587043248948,0.83,76.0,-0.87,0.21
RTX,1987-08-11,1.8709121533427526,1.9033084653322385,1.8668621234075446,1.8790110349655151,8625092,21.56705476663358,22.187912578420317,24.730294741873106,23.018973715084897,25.549232370086305,0.81,75.0,-0.87,0.21
RTX,1987-08-12,1.8628123476076568,1.8871097736049876,1.8628123476076568,1.874961256980896,4505133,20.05230304797721,22.22087523396901,24.734888876188865,23.017996555159648,25.541053447603996,0.79,76.0,-0.89,0.21
RTX,1987-08-13,1.8749613782574805,1.8952093654813225,1.8709119379123813,1.8830604553222656,8083561,19.790421603995746,22.218543465733624,24.706174790893236,23.019749497574548,25.477490117404788,0.76,69.0,-0.91,0.22
RTX,1987-08-14,1.8830606547995277,1.9600031715005068,1.8790110176508539,1.9519037008285522,12286148,21.8000537622422,22.66564173714021,25.297184634298077,23.273083045755225,25.69685053849316,0.74,100.0,-0.82,0.14
RTX,1987-08-17,1.9307224750518799,1.9592353688154118,1.9185029738306574,1.9307224750518799,12839120,22.03924191671512,22.87029760295947,25.372838873554677,23.307908953117693,25.621817899766548,0.72,100.0,-0.82,0.11
RTX,1987-08-18,1.906283550156821,1.9103566523996667,1.8329649444768643,1.8492579460144043,8395005,25.778100997295255,24.262954986781903,26.255596257200654,23.897692291579897,25.98455769338599,0.72,100.0,-0.89,0.24
RTX,1987-08-19,1.8655508393146618,1.881843838181818,1.8451841463061711,1.87369704246521,6005149,25.903488264837073,24.301459603197653,25.50303184878984,23.734062262279924,26.012391942865094,0.72,99.0,-0.97,0.21
RTX,1987-08-20,1.8981359772794013,1.906282771001409,1.8533304882670898,1.894062876701355,12450133,25.922909679091326,24.305843442483276,25.29889495291024,23.714236803603068,25.92678177892131,0.72,97.0,-1.03,0.28
RTX,1987-08-21,1.894062876701355,1.906282771001409,1.8859164780232907,1.894062876701355,5354294,25.80417240856837,23.365137879059848,24.327951373063158,23.710095049964735,25.880430582828414,0.71,40.0,-1.08,0.17
RTX,1987-08-24,1.8899905612414938,1.9022104618948945,1.8655513525009155,1.8655513525009155,3842838,26.174809988101288,22.96158950355124,24.450469406592287,23.722761921963762,25.923114854363288,0.7,41.0,-1.15,0.11
RTX,1987-08-25,1.8818433774452443,1.902209472901391,1.8777696843012828,1.894062876701355,7033550,26.227810901387343,23.075158162689554,24.406769565462362,23.76440681443038,25.951624237026564,0.69,39.0,-1.2,0.14
RTX,1987-08-26,1.889989999450965,1.8940632984579966,1.8655507979748231,1.8696238994598389,6275914,26.047262807448323,23.33927427447543,24.099438077423237,23.812319146524825,25.944317299614134,0.69,35.0,-1.25,0.17
RTX,1987-08-27,1.8696238994598389,1.889989999450965,1.8655507979748231,1.8696238994598389,4460641,25.904705852203563,23.350248612382675,24.080735220046627,23.474540459950706,25.94190439016485,0.69,33.0,-1.3,0.18
RTX,1987-08-28,1.8736975578923674,1.8818443558500422,1.8614776572389666,1.8655513525009155,3507241,24.814746446143175,23.23686166345141,23.992250327682278,23.477279773763605,25.927740256556746,0.69,31.0,-1.35,0.23
RTX,1987-08-31,1.8614767135441979,1.8777697086334229,1.8370373196713474,1.8777697086334229,2200447,24.531921763273694,22.88004307094894,23.565318425004,23.44382144625199,25.933087174982578,0.69,23.0,-1.4,0.33
RTX,1987-09-01,1.8818433474724545,1.910355841152537,1.8614766597747803,1.8614766597747803,3741142,23.764782018486958,22.87613105902902,23.296658271360617,23.447768068694536,25.909601945816103,0.7,12.0,-1.43,0.42
RTX,1987-09-02,1.8492557582160891,1.8533290531619957,1.8044499088547539,1.8248159885406494,6560663,24.60347136698656,23.317025560629023,23.541437407753637,23.553472050655987,25.68882827487935,0.7,24.0,-1.47,0.32
RTX,1987-09-03,1.8411109999655295,1.845184101441769,1.775939203603532,1.8044517040252686,5215734,24.352691047084814,23.395741938667797,23.473186869404845,23.57398991286707,25.50259319441063,0.7,21.0,-1.49,0.34
RTX,1987-09-04,1.8003781399477774,1.8085245392228337,1.7718652486801147,1.7718652486801147,2144514,24.935023364501568,22.71719953673132,23.52360443993347,23.68397591600771,25.488320667158103,0.7,22.0,-1.49,0.33
RTX,1987-09-08,1.7555730371787732,1.7677929378354464,1.7107673273371942,1.7596465349197388,5140733,24.92788842786485,22.74385962991875,23.482452806037635,23.6089297732083,25.473889936035377,0.69,20.0,-1.49,0.35
RTX,1987-09-09,1.759646229345412,1.7963055299051507,1.7433532288213105,1.7840856313705444,6148794,24.82189691803717,22.880476445119633,23.552483748014446,23.655007655683004,25.480570343493937,0.69,24.0,-1.49,0.32
RTX,1987-09-10,1.8003779992886244,1.8044512973689089,1.7881581050477713,1.792231798171997,3283510,24.858232680867477,22.887098176374977,23.471463531448794,23.598375086123635,25.21104589581388,0.69,17.0,-1.49,0.36
RTX,1987-09-11,1.7963062552928593,1.8370386742907339,1.7963062552928593,1.8166725635528564,2665706,23.16923563192382,22.926207054678006,23.544288748699525,23.61755854567345,24.730130615927923,0.69,23.0,-1.49,0.33
RTX,1987-09-14,1.8329659700393677,1.8411123766051063,1.812599657341777,1.8329659700393677,2652994,23.32955060917383,22.946176762366292,23.25805087270291,23.631881108199813,24.704916205080686,0.69,9.0,-1.49,0.44
RTX,1987-09-15,1.8248180339197781,1.828891728475394,1.7800125293810491,1.7840856313705444,3620378,24.303978096308494,23.66097664009356,23.712341196006555,23.853428615743688,24.855926495529438,0.69,29.0,-1.48,0.32
RTX,1987-09-16,1.7800114767209958,1.804450864293206,1.7637184858322144,1.7637184858322144,3216136,24.483988368770163,23.776180211412836,23.564470870829705,23.875248632097026,24.85392023562482,0.69,24.0,-1.47,0.37
RTX,1987-09-17,1.7759393293735863,1.7800124311382781,1.7352063365063748,1.7514995336532593,3044524,24.409148207983357,23.82639390078802,23.57657582706223,23.85282812908491,24.828885292337553,0.69,26.0,-1.47,0.36
RTX,1987-09-18,1.7514999344819564,1.771866040532263,1.718913730252902,1.7596465349197388,3822498,24.48425351718061,23.79393740432521,23.57335180093358,23.78834492352302,24.831265182027494,0.68,25.0,-1.47,0.36
RTX,1987-09-21,1.7596457485285233,1.7922319381947072,1.7596457485285233,1.7718652486801147,2872912,24.565678438381234,23.800522822947002,23.302007216692424,23.77100639475761,24.523324227323037,0.68,11.0,-1.45,0.45
RTX,1987-09-22,1.7922328320412,1.804452338287068,1.7759398278432346,1.8003790378570557,5400058,24.472089472188937,23.947308999012915,23.388839360275853,23.810706908690502,24.534482831701027,0.68,12.0,-1.43,0.41
RTX,1987-09-23,1.812598288575042,1.845184087753296,1.812598288575042,1.845184087753296,5458533,25.58913370977411,23.820123500343225,23.644940786794702,23.94880999012565,24.639211707003142,0.68,27.0,-1.41,0.33
RTX,1987-09-24,1.8370387964256223,1.8492587007073287,1.8288925886154175,1.8288925886154175,3456393,25.698187530524088,23.102934421809206,23.688902813953174,23.951375924216435,24.36054026951054,0.68,27.0,-1.39,0.3
RTX,1987-09-25,1.8370371700896373,1.8451835682099378,1.8207441763270777,1.8411104679107666,1686882,25.747953698040742,22.972997534533622,23.55295336748871,23.904507354605176,24.356529956411308,0.67,19.0,-1.36,0.36
RTX,1987-09-28,1.8655497795194997,1.922575144398151,1.8655497795194997,1.9144283533096313,8004746,26.149819706024296,24.2120316143653,24.272289908575708,24.28511881483429,24.63791083823768,0.66,37.0,-1.33,0.34
RTX,1987-09-29,1.9144285255037676,1.9429416055515307,1.8899891376495361,1.8899891376495361,4029704,26.221821660726796,24.261115339729677,24.387445146578884,24.34215831290413,24.66834610056478,0.64,38.0,-1.29,0.28
RTX,1987-09-30,1.8655499473172303,1.8899891376495361,1.8451832640469026,1.8899891376495361,5550059,22.935399788993678,24.20725494804843,24.103766157024666,24.282003118057617,24.61483230782431,0.63,33.0,-1.26,0.39
RTX,1987-10-01,1.8818435668945312,1.8940630673808057,1.8696236713642735,1.8818435668945312,3319103,22.67146747592789,24.20398771442701,24.026519846862733,24.078173566455526,24.58677233596106,0.62,29.0,-1.22,0.42
RTX,1987-10-02,1.8818435668945312,1.8899897688707197,1.8736967723523679,1.8818435668945312,4798780,22.44488671007477,24.173833641233607,23.963933600975288,24.04259718611765,24.582900494446903,0.61,27.0,-1.17,0.45
RTX,1987-10-05,1.87369704246521,1.8859169397570923,1.8574040435980534,1.87369704246521,2678418,22.476461106574277,24.106095780922388,23.97897788159552,24.01412524761125,24.585134645989122,0.6,27.0,-1.13,0.44
RTX,1987-10-06,1.8655489379997154,1.8777682302719791,1.8248159885406494,1.8248159885406494,3554275,23.3419834525698,24.707374523512097,24.3204832581055,24.122518307374435,24.707012230576286,0.59,36.0,-1.06,0.37
RTX,1987-10-07,1.8370380618514432,1.8370380618514432,1.7759395524849633,1.7963056564331055,5767434,23.231071548924835,24.782943724585945,23.886075100331137,24.191998331119873,24.760557374316505,0.59,24.0,-1.0,0.38
RTX,1987-10-08,1.7963053263563193,1.8044517269342384,1.7514994318507022,1.7759392261505127,3803430,23.169036646309337,24.666280297023498,23.973420601280335,24.20035715149618,24.788952852540596,0.58,25.0,-0.92,0.34
RTX,1987-10-09,1.7677919905329467,1.7677919905329467,1.7270596027374268,1.7270596027374268,2984778,24.370510468125612,25.296942087736056,24.421532911082124,24.416405665766668,24.887062679625835,0.58,39.0,-0.85,0.25
RTX,1987-10-12,1.7352063243160332,1.7392800186181938,1.7026203252952488,1.731133222579956,4071654,24.413434435963705,24.633169454453633,24.202597158012562,24.364114016308434,24.64607352968863,0.57,33.0,-0.79,0.33
RTX,1987-10-13,1.743352197840757,1.7637184858322144,1.7270592069519757,1.7637184858322144,5724214,25.04707759934199,24.827656836984488,24.352185056597698,24.311192956556752,24.707166949487814,0.57,36.0,-0.72,0.26
RTX,1987-10-14,1.74742566340627,1.7514989613620668,1.7107663768480277,1.7352057695388794,3883516,25.316400196793037,24.675093208839844,24.102877752686318,24.387850622243246,24.259423388181535,0.57,29.0,-0.63,0.3
RTX,1987-10-15,1.6944738711105565,1.7311331682386895,1.678180872111611,1.7066937685012817,10886557,25.13389631069149,24.86802565889016,24.22197222770743,24.465488708789703,24.32265279933904,0.57,32.0,-0.54,0.26
RTX,1987-10-16,1.7026205946561466,1.7066940920807219,1.547837173581123,1.5844963788986206,8763653,32.62510158370696,28.836965759881895,26.963685201391772,26.00635757108186,25.428508162011422,0.62,100.0,-0.53,2.92
RTX,1987-10-19,1.515250284582222,1.5233966831700787,1.266781868540098,1.3360271453857422,12906494,58.152045943478484,45.00026128898843,37.97811001592561,32.91106094286645,30.603864330812197,1.49,100.0,0.07,24.05
RTX,1987-10-20,1.3115870015598776,1.3889786268794257,1.034605678489059,1.3034402132034302,12277250,58.31381069325949,45.119179815108794,37.982327145228275,33.02193726589657,30.7023116664367,2.0,100.0,0.7,24.04
RTX,1987-10-21,1.3686131833310282,1.417491865820731,1.2382687461324917,1.2708548307418823,22636258,58.02792895846176,45.08857357453121,38.16835633034105,33.130841438416574,30.54753230812847,2.41,100.0,1.32,23.35
RTX,1987-10-22,1.1405110286188673,1.2219762996136159,1.1405110286188673,1.2016096115112305,12886154,59.23284845627844,46.235207492888634,39.129773125219415,33.58262297476075,30.956474298097515,2.8,100.0,2.16,20.77
RTX,1987-10-23,1.164950901321979,1.2056837017109556,1.1568045980228534,1.1934638023376465,10031039,58.72209048441307,45.48257418870625,39.117952185987214,33.54700901733006,30.90775030112675,3.14,99.0,2.6,20.73
RTX,1987-10-26,1.164950468237852,1.164950468237852,1.0794124883177938,1.0916318893432617,8261529,62.17599606942645,48.41559785316557,41.367719140925516,35.10540814100321,32.15529035869801,3.53,100.0,3.33,16.71
RTX,1987-10-27,1.116072393631135,1.1242186991178993,1.0997793876133928,1.1119987964630127,8408988,62.950082365346795,48.73257021730223,41.45841247872351,35.17828178697372,32.141331712666144,3.88,100.0,3.46,16.71
RTX,1987-10-28,1.0997791656084033,1.152731473857467,1.0957055692625903,1.1445847749710083,8317462,64.26175959225075,49.30270812265141,41.65609081407511,35.364227760033366,32.27788184207084,4.21,100.0,3.25,16.42
RTX,1987-10-29,1.148657877511654,1.169024575347284,1.1242184721795119,1.1445847749710083,10277652,64.36340352014271,49.23844957778306,41.602924607048166,35.324492479877215,32.26415119435334,4.5,99.0,2.97,16.47
RTX,1987-10-30,1.1649507782397472,1.1771706763219698,1.1242182784374208,1.1486576795578003,14873040,64.33650967736443,49.2817924774623,41.5365749708901,35.29286299923275,32.26284988229749,4.76,98.0,2.64,16.54
RTX,1987-11-02,1.1405111460670354,1.1812435388565063,1.1282912504604006,1.1812435388565063,5780146,65.22086983276907,49.829605602285206,41.36627085589173,35.336174278824075,32.38967362519279,5.0,95.0,2.25,16.8
RTX,1987-11-03,1.1771708905988307,1.1771708905988307,1.140511584723246,1.1690245866775513,6283542,64.63029126749798,49.56275821406021,41.38145467057947,35.349374222714864,32.39823780873564,5.23,96.0,1.91,16.74
RTX,1987-11-04,1.1527313969927773,1.2423430047867756,1.1486578009185935,1.1934638023376465,4792424,64.43590007730941,49.86755172210005,41.54484439628662,35.43133659845487,32.09898601437817,5.44,98.0,1.59,16.53
RTX,1987-11-05,1.156803965889194,1.193463150171635,1.156803965889194,1.1771701574325562,8913654,64.41420188339585,49.87043698041475,41.57051912324231,35.27391976067927,32.12527869257948,5.64,98.0,1.3,16.4
RTX,1987-11-06,1.177170693277693,1.1812437951750692,1.1079252944748172,1.140511393547058,8556447,64.26754334132609,50.04272134418702,41.810964294622025,35.43710455605436,32.251004919801325,5.84,100.0,1.05,15.86
RTX,1987-11-09,1.1242185975445413,1.1242185975445413,1.0794130819465706,1.103852391242981,7014482,62.2630330370026,49.42155747700696,42.06876315645801,35.579634489636646,32.40617863372846,6.03,100.0,0.84,15.28
RTX,1987-11-10,1.0916320728738593,1.148657567009624,1.0875589714342433,1.128291368484497,7994577,63.33518480134291,49.837198254716256,42.2082217043848,35.695812480919585,32.48699528215758,6.22,100.0,0.63,15.1
RTX,1987-11-11,1.1364381928886642,1.1486576961028283,1.132365090991288,1.140511393547058,4760644,63.66542244521126,49.48199258569982,42.268511816596344,35.7299266397057,32.50496415813808,6.39,100.0,0.42,15.07
RTX,1987-11-12,1.1730977245033716,1.1893908266406286,1.1527315196636156,1.1608778238296509,7972966,64.35768928964835,49.57435028273859,42.4006875000892,35.78273559707133,32.519128016777536,6.56,100.0,0.23,14.94
RTX,1987-11-13,1.1486576975075984,1.1527312932150455,1.09977899326404,1.107925295829773,5720400,64.7638217907312,50.04178319662434,42.958897188662874,36.129885111992834,32.69017691388403,6.73,100.0,0.07,13.92
RTX,1987-11-16,1.1071023401627091,1.1359118145595586,1.0782932649189687,1.127680778503418,4207672,65.46764540557236,50.3069854146071,43.0911978760812,36.07658555496223,32.74310375139465,6.89,100.0,-0.08,13.8
RTX,1987-11-17,1.1029867303995093,1.1029867303995093,1.053599218688539,1.0659462213516235,7695845,66.41006145399082,51.232596791157434,43.86295084873927,36.50740463487229,33.01770619898803,7.07,100.0,-0.21,12.53
RTX,1987-11-18,1.070061689329438,1.07417765624862,1.0330210804932787,1.0659462213516235,7249654,66.61136506460959,51.01669186839995,43.57533706887368,36.49841039948668,33.0173904520078,7.23,99.0,-0.35,12.82
RTX,1987-11-19,1.065945853081524,1.0700613196374995,1.0412522554397583,1.0412522554397583,6792022,66.60860961176532,51.09140749642055,43.29599095046428,36.572637927305465,33.05710874758981,7.37,98.0,-0.48,12.98
RTX,1987-11-20,1.020674239984593,1.028905273012541,1.0000962083676403,1.012442708015442,8130595,66.61058968000411,51.18608408793685,43.34154341247262,36.610942902724666,33.14199068578614,7.51,98.0,-0.59,12.75
RTX,1987-11-23,1.0165586136713234,1.0247900485992432,0.9959805751870302,1.0247900485992432,9316625,66.92678555614174,51.36567425191364,43.42947804257372,36.65200405357605,33.16222857970864,7.65,98.0,-0.7,12.69
RTX,1987-11-24,1.0782932649189687,1.1482588176910176,1.0782932649189687,1.127680778503418,21279888,73.8997511157084,55.659360186483966,46.19080658948914,38.35419382560024,34.55210564550556,7.83,100.0,-0.82,10.93
RTX,1987-11-25,1.1276803020367265,1.152373898713014,1.123564336700483,1.1441428661346436,13666671,74.38666604905157,55.85836165000634,46.237036511316624,38.40129761186483,34.54976446719857,8.01,100.0,-0.93,10.89
RTX,1987-11-27,1.148258724410676,1.148258724410676,1.1235647201538086,1.1235647201538086,2089853,74.39303897378203,55.84381410189233,46.28966810256237,38.44676465357195,34.580387683966514,8.17,100.0,-1.04,10.8
RTX,1987-11-30,1.0906398498762457,1.0906398498762457,1.0206742241422073,1.0412522554397583,7111093,74.52100085039275,57.555298747896444,47.66859979763069,39.42579969555659,35.38698450598737,8.36,100.0,-1.12,9.43
RTX,1987-12-01,1.0535989876796383,1.061830420771836,1.0289053869208071,1.0330208539962769,4436488,57.87679340451549,57.52473713040482,47.59512587841566,39.404025934171365,35.27367621561173,8.53,99.0,-1.2,9.45
RTX,1987-12-02,1.0371366890955438,1.0618302867373093,1.0206742241422073,1.0412522554397583,5693705,57.85972402921126,57.62808178551558,47.64056274487128,39.42108006676875,35.27265986204018,8.7,99.0,-1.28,9.44
RTX,1987-12-03,1.0494836548650854,1.0618306575745544,1.008327577896499,1.0247900485992432,6269558,57.67207948285994,57.45328388694239,47.57283664662071,39.44737103929891,35.29628036051779,8.85,97.0,-1.34,9.44
RTX,1987-12-04,1.024789588444246,1.04125215154318,0.9877490958892744,0.9918645620346069,5712773,56.33396675953237,57.57763862522294,47.73910086763073,39.60353090404609,35.412934953204925,9.0,100.0,-1.4,9.24
RTX,1987-12-07,1.0124428320455923,1.0124428320455923,0.9959803648199855,1.0083273649215698,3748769,56.721495245355825,57.631357132746366,47.866744275370685,39.66718182541675,35.444848251215404,9.14,100.0,-1.46,9.16
RTX,1987-12-08,1.016558141736303,1.078292727470398,1.0042115439118122,1.078292727470398,5025054,54.76392644601238,59.636672337261885,48.95400455080202,40.52051298126999,36.0885951492072,9.3,100.0,-1.52,8.5
RTX,1987-12-09,1.0782929780437696,1.086524011910079,1.0535989783505837,1.070061445236206,5762350,54.50370588570658,59.51636606975734,48.94484362617928,40.524098766187116,35.910787185218716,9.45,99.0,-1.57,8.51
RTX,1987-12-10,1.061830671744846,1.065946239581318,1.0289056301116943,1.0289056301116943,5837350,54.801728337637925,59.84590392663856,49.18189009308229,40.741177458899806,36.10737161790584,9.59,100.0,-1.62,8.27
RTX,1987-12-11,1.0289052570423973,1.0453677219957338,1.0289052570423973,1.0412522554397583,4601744,54.97766778442868,59.998150978499076,49.218703003393735,40.540222217392305,36.120804282631056,9.73,100.0,-1.66,8.25
RTX,1987-12-14,1.0330208287294491,1.0865239949551966,1.0330208287294491,1.0824084281921387,4829289,56.282638378391155,60.7246035578056,49.568874387483824,40.77381956692424,36.33754866729247,9.87,100.0,-1.7,8.01
RTX,1987-12-15,1.0824081877249203,1.1194487793047705,1.0824081877249203,1.102986216545105,7777202,55.921087749147425,60.89927238746555,49.68949472870642,40.461330872247295,36.37350997767317,9.99,100.0,-1.74,7.93
RTX,1987-12-16,1.1071023401627091,1.131796346425627,1.0947557361843594,1.127680778503418,6194558,56.30479126174402,61.01571538769458,49.83931165782754,40.562186760540996,36.44192332731112,10.11,100.0,-1.77,7.83
RTX,1987-12-17,1.1153339211253601,1.1317964943303802,1.1071024848404145,1.1112184524536133,5761078,56.04294084220314,60.655404828314886,49.75723735844649,40.56121046595255,36.46712079912316,10.23,99.0,-1.79,7.85
RTX,1987-12-18,1.1276803020367265,1.1441428661346436,1.1153333041221125,1.1441428661346436,7979322,56.66478043467661,61.14398081004278,50.049123494142535,40.55648040507614,36.540146386044285,10.34,100.0,-1.82,7.67
RTX,1987-12-21,1.1359111231585783,1.152373684191893,1.1276800921124626,1.1400266885757446,6818717,55.92314876043522,61.07634097683135,49.68425342053712,40.54173653525788,36.540678768504534,10.43,96.0,-1.84,7.89
RTX,1987-12-22,1.1317956575296289,1.1441426531457772,1.107101666297332,1.1400266885757446,4099620,55.06030521061118,60.311304047926406,49.677560022287935,40.524821434042316,36.52044248153813,10.52,95.0,-1.85,7.89
RTX,1987-12-23,1.144143001766281,1.1606050688745064,1.1235644698926528,1.1317960023880005,5335226,54.7495560448898,60.30553456236392,49.661931018112924,40.41843994360359,36.50666564528444,10.61,94.0,-1.86,7.92
RTX,1987-12-24,1.135911963002127,1.135911963002127,1.1029869163803774,1.1112184524536133,2229685,54.90676326185988,60.311711344528874,49.70129381327445,40.3889625905594,36.54691310719379,10.68,97.0,-1.87,7.85
RTX,1987-12-28,1.070061208257975,1.090639736354763,1.0618301762145288,1.0865237712860107,4090722,54.96078706395725,60.368168060140285,49.74193054015475,40.45336653293207,36.60652242336869,10.75,97.0,-1.88,7.76
RTX,1987-12-29,1.0824081935530765,1.0947551905304775,1.0700611965756752,1.078292727470398,3202153,53.35603793143778,60.339023276042894,49.74053305056147,40.427356631246994,36.60575409107673,10.82,96.0,-1.88,7.75
RTX,1987-12-30,1.0865236230231716,1.0988706184505463,1.0659455966755256,1.0741770267486572,7694574,53.06862358914704,60.34091452091304,49.74083125766926,40.39510052537813,36.59413585368579,10.88,96.0,-1.88,7.76
RTX,1987-12-31,1.0741776016173656,1.1153336763381958,1.0577150320254578,1.1153336763381958,6216168,51.61963524759049,60.986577060631795,50.07832943309182,40.651362237889664,36.75885918975545,10.93,100.0,-1.87,7.54
RTX,1988-01-04,1.1235639827597128,1.1564891005836035,1.1194485176610829,1.1482579708099365,4592846,52.230722568766566,61.4403744928975,50.360722583228736,40.81378527038007,36.8644802304565,10.99,100.0,-1.86,7.36
RTX,1988-01-05,1.1770675029314754,1.1976455335563156,1.1688364703003638,1.1729519367218018,5552602,51.90944164789949,61.715181995406944,50.5306256539232,40.8874075759633,36.91411843068803,11.04,100.0,-1.85,7.27
RTX,1988-01-06,1.1852988280666257,1.2017613907887863,1.1770673970232053,1.1976454257965088,5801757,51.217576742782256,61.81527843958431,50.67342534842966,40.96871498882629,36.96125203297249,11.09,100.0,-1.83,7.19
RTX,1988-01-07,1.1852982205657452,1.201760774850353,1.1729512300111575,1.1935292482376099,3983941,51.24399825892606,61.792813129309664,50.257532525403924,40.89639937187556,36.94458413742514,11.13,97.0,-1.82,7.43
RTX,1988-01-08,1.1935299715519234,1.201761503153217,1.135911345895827,1.1688364744186401,5358108,43.95533228961979,61.64504258917899,50.312881003549506,40.9555822306831,36.97900399681746,11.17,97.0,-1.8,7.37
RTX,1988-01-11,1.1400270359421132,1.1482584686492139,1.0865239706990462,1.1317960023880005,3448766,44.80307323931819,61.834966029502084,50.13216079887517,41.063499878580615,37.09811210264103,11.2,95.0,-1.78,7.52
RTX,1988-01-12,1.131796380563816,1.135911848821882,1.0947557692052987,1.1194493770599365,4997087,44.603236206021826,61.8090748247007,50.057340172890974,41.07626091576348,37.1108460635874,11.23,93.0,-1.75,7.54
RTX,1988-01-13,1.107101666297332,1.1482581187747267,1.0988706352512163,1.1400266885757446,3992839,38.62026555484632,60.40072109434591,50.131179664614756,41.13343860668316,37.1235450013228,11.24,94.0,-1.72,7.5
RTX,1988-01-14,1.1564891005836035,1.164720529721882,1.1441425057113066,1.1482579708099365,2992405,38.49599490008928,49.68574346066299,50.16272381209379,41.02856682299754,37.017146145279014,11.24,95.0,-1.69,7.48
RTX,1988-01-15,1.185299277305603,1.1935303123157517,1.172952275743189,1.185299277305603,7193721,39.34246447456809,49.95584441376849,50.47271715684478,41.200513930600394,37.15343607432066,11.24,98.0,-1.64,7.33
RTX,1988-01-18,1.1811834682940925,1.1894145009252042,1.160604938728073,1.1729519367218018,3397918,39.129287624835925,49.74680333250924,50.381970619699445,41.1997974959641,37.15410262144279,11.24,97.0,-1.6,7.35
RTX,1988-01-19,1.1647212505340576,1.1852992872797825,1.1523742488677449,1.1647212505340576,2551298,37.69352027188758,48.44241861525226,50.366192756368086,41.19007885942924,37.09635321339926,11.22,96.0,-1.55,7.38
RTX,1988-01-20,1.1729512018478268,1.1729512018478268,1.1359106302261353,1.1359106302261353,5384803,38.54100786363438,48.68716930211696,50.463137217117506,41.215836256293784,37.170854193335146,11.2,97.0,-1.5,7.26
RTX,1988-01-21,1.1482579708099365,1.1523735356967701,1.1276799467993612,1.1482579708099365,5239886,33.67717795324183,45.11777972107719,50.52361122400644,41.242194081519564,37.17990801971408,11.17,98.0,-1.44,7.23
RTX,1988-01-22,1.1564896828432292,1.2058771848678589,1.1523741158843248,1.2058771848678589,9104334,36.15866720730045,46.049458881796184,51.211286079697096,41.67378089370387,37.511188003113695,11.13,100.0,-1.38,6.84
RTX,1988-01-25,1.201761230251833,1.2388017170110268,1.201761230251833,1.2182236909866333,7253467,33.78650004221382,45.73032111693799,51.25889775950561,41.62890889257208,37.50860215539274,11.09,100.0,-1.31,6.83
RTX,1988-01-26,1.2223397589757865,1.2388022264809426,1.2141082258584448,1.2305707931518555,5331413,33.76084592098924,45.767217369521425,51.246788337384686,41.60092837141711,37.44704739855717,11.04,99.0,-1.23,6.89
RTX,1988-01-27,1.222338921258378,1.2717263897149074,1.222338921258378,1.2429169416427612,5428024,32.30062890803122,45.80025323813217,51.280631871011465,41.58761266599444,37.45820600932503,10.98,100.0,-1.14,6.9
RTX,1988-01-28,1.2511483463940043,1.2634953419560706,1.2305703198218756,1.247032880783081,4112332,32.018741727250024,45.46474948570901,51.23959165435624,41.584143090289125,37.45580935140181,10.91,97.0,-1.05,6.97
RTX,1988-01-29,1.2429171824614527,1.2634952068328857,1.238801617502448,1.2634952068328857,4460641,31.681646023601612,45.47047330846808,51.30434266138967,41.604227583839545,37.479888041330256,10.84,100.0,-0.96,6.95
RTX,1988-02-01,1.271727204322815,1.2799583379184916,1.263495771362388,1.271727204322815,4036060,31.198244971456223,45.30461691162269,51.255458517062316,41.452483405196666,37.48096867299257,10.76,97.0,-0.85,6.98
RTX,1988-02-02,1.2758424577022422,1.2758424577022422,1.259379994978492,1.267611026763916,3000032,30.372131569156757,45.20904450713495,51.23965216270627,41.447729175327325,37.475438492433824,10.67,95.0,-0.74,6.98
RTX,1988-02-03,1.2552651299178912,1.2634961662981237,1.2223400863024294,1.234687089920044,6743716,31.51995965076317,45.05671965454003,51.293548975514,41.54933228706948,37.55227646641181,10.58,99.0,-0.61,6.87
RTX,1988-02-04,1.234686388309811,1.238801854267174,1.2058768293613495,1.222339391708374,6653461,31.727563249140665,44.563600560936685,51.26155557783769,41.50856819630339,37.4530340269356,10.47,97.0,-0.47,6.86
RTX,1988-02-05,1.2223397589757865,1.2346867592870354,1.2223397589757865,1.2305707931518555,2164854,31.619439359326655,44.37789059019153,51.15629781156884,41.5185660774005,37.43703065256764,10.36,90.0,-0.32,7.0
RTX,1988-02-08,1.1852988280666257,1.2017613907887863,1.1770673970232053,1.1976454257965088,6950922,32.22541399621856,44.715945733239394,51.27683961126684,41.47112567066692,37.52543118226448,10.24,97.0,-0.16,6.88
RTX,1988-02-09,1.2099924226792993,1.2141078887304426,1.1852988280666257,1.1976454257965088,4644965,31.35879794184483,44.57739114664955,51.27808157452347,41.44721345038098,37.515442689127774,10.11,97.0,0.02,6.89
RTX,1988-02-10,1.201761230251833,1.2182236909866333,1.1976452658093857,1.2182236909866333,6507273,31.431055939599684,43.59726530826419,51.367702999006745,41.48093307035205,37.557836943059264,9.98,100.0,0.22,6.85
RTX,1988-02-11,1.2223392562762265,1.2264547217776063,1.214107726544186,1.2182236909866333,3531394,31.3671009820346,43.46890166206715,51.34310505747052,41.3499536566648,37.53379047532367,9.82,99.0,0.44,6.85
RTX,1988-02-12,1.221547426340957,1.2506320064042487,1.221547426340957,1.2423219680786133,5608534,30.109542281261536,41.92976940911126,51.38172718789852,41.329791997669666,37.56891987015838,9.66,100.0,0.69,6.83
RTX,1988-02-16,1.250632882118225,1.250632882118225,1.2298583258338782,1.250632882118225,2542400,29.145371874484255,41.934701550432216,51.209050262878705,41.33733641324034,37.49180669718628,9.49,85.0,0.96,6.93
RTX,1988-02-17,1.2506318907758374,1.2755612982596845,1.2506318907758374,1.2714065313339233,5495398,28.913741593202253,41.67051863056691,51.30426330340042,41.38641210323314,37.533227614766794,9.31,96.0,1.26,6.9
RTX,1988-02-18,1.2630971670150757,1.2797169500902343,1.254787527330551,1.2630971670150757,5477601,28.506829519847287,41.20923338032251,51.279652769542054,41.385058516321024,37.521410079835796,9.12,93.0,1.59,6.89
RTX,1988-02-19,1.2630966368047374,1.2880264520645142,1.250632132139567,1.2880264520645142,4316995,28.91688205105918,41.302097980555516,50.957545070188495,41.40657762244647,37.461073930597486,8.93,81.0,1.9,7.08
RTX,1988-02-22,1.2755614858858186,1.3378856182098389,1.2714067183489204,1.3378856182098389,7347536,29.791155518548436,37.321677332524786,51.36908694048058,41.62057257839162,37.66048188661614,8.73,99.0,2.23,6.88
RTX,1988-02-23,1.3254212776014913,1.3420409592989382,1.3088014951628264,1.3171111345291138,5528449,28.3713369215238,37.43107890780442,51.40235790144555,41.61035375777801,37.66752795814158,8.51,100.0,2.58,6.83
RTX,1988-02-24,1.3295750281144565,1.354504430817016,1.3295750281144565,1.3503496646881104,6333118,28.51654312515619,37.46455171939879,51.601326520944724,41.69974746021021,37.757276336880714,8.27,100.0,2.91,6.73
RTX,1988-02-25,1.3545044427199258,1.396054018455779,1.342039942741394,1.342039942741394,7294146,28.503419541307395,33.707605648499865,51.60052457884141,41.6721323044697,37.76058262801824,8.02,99.0,3.23,6.72
RTX,1988-02-26,1.333730346967066,1.342040385746737,1.3088009358162778,1.3378856182098389,3855550,28.604280819418527,33.647566709637005,51.600313902337966,41.44338398588732,37.74716689000467,7.75,98.0,3.49,6.72
RTX,1988-02-29,1.337885906106356,1.3669700910525995,1.337885906106356,1.354505181312561,3706819,27.567123262409638,33.67998123193572,51.52622686227265,41.47067589709164,37.74051344558044,7.47,97.0,3.82,6.84
RTX,1988-03-01,1.3586597125910502,1.3669693456630243,1.3295750397982955,1.342039942741394,3301306,27.511686268794765,33.53516561006572,51.49554989995253,41.480274995036545,37.64992652213302,7.16,96.0,4.19,6.88
RTX,1988-03-02,1.3461952540248099,1.358660161082554,1.333730346967066,1.3378856182098389,3245374,27.391591569303493,32.672573728368405,51.4775813603114,41.47890858217597,37.56986371272081,6.82,95.0,4.56,6.91
RTX,1988-03-03,1.3461954298032062,1.3461954298032062,1.3046463386325364,1.3129559755325317,3419528,26.8590010767726,32.942011758953505,51.38493039205048,41.5251517175524,37.60766581285189,6.46,93.0,5.12,6.99
RTX,1988-03-04,1.3004907281711802,1.3254201283604277,1.2921806930454593,1.2963354587554932,4540726,27.267335038759693,30.419529668584122,51.402687304300635,41.547720508960076,37.61667626039834,6.07,94.0,5.62,6.95
RTX,1988-03-07,1.304646372795105,1.3088011409833025,1.2963362319715654,1.304646372795105,2655537,23.736292656703746,30.344005947803325,51.30868176519415,41.53580798244889,37.55517747909722,5.64,87.0,5.35,7.0
RTX,1988-03-08,1.3171107491071976,1.3337305266824702,1.3129559810104594,1.3295756578445435,3708090,24.110548829969954,29.18121282926927,51.381217090926654,41.60103802006685,37.607819218498776,5.15,90.0,4.14,7.01
RTX,1988-03-09,1.329576046914026,1.329576046914026,1.3088014951628264,1.3171111345291138,4630982,24.268737369057806,29.26982181529647,51.344489386097244,41.612523355241365,37.55048493189942,4.6,87.0,1.13,7.05
RTX,1988-03-10,1.3171111712382129,1.321266444372649,1.2797169367473544,1.2921818494796753,4746661,24.920745358095413,28.724830302886467,50.11552907682187,41.66463851676409,37.589177523936485,4.1,54.0,-0.82,7.9
RTX,1988-03-11,1.2838712035443238,1.329575146136382,1.2838712035443238,1.3254203796386719,4566150,25.87965954527679,28.91075162403717,42.40295496179788,41.78241091469581,37.68218381716245,4.01,19.0,-0.83,2.12
RTX,1988-03-14,1.3171108550572317,1.354505181312561,1.3171108550572317,1.354505181312561,4290300,26.31550803249117,28.898615232562353,42.357091596502144,41.85637844198926,37.75011194364433,3.92,17.0,-0.81,2.15
RTX,1988-03-15,1.36281522188045,1.371124960224749,1.350350412881608,1.354505181312561,4721237,26.293264777918747,28.668826586846258,42.156247869760875,41.71950110018831,37.7359523612479,3.84,14.0,-0.81,2.25
RTX,1988-03-16,1.358660419402211,1.396054744720459,1.3545051473694039,1.396054744720459,4803865,27.46425160547499,28.708731985199904,41.42209200298648,41.704609462640136,37.85891478463818,3.79,5.0,-0.79,2.44
RTX,1988-03-17,1.3877440456270147,1.4126738544584343,1.3877440456270147,1.4002089500427246,5304718,26.00021685730577,28.67263320142839,41.40128103382559,41.66760244735687,37.85946618404583,3.75,4.0,-0.79,2.45
RTX,1988-03-18,1.408519235244156,1.408519235244156,1.3877446871708512,1.4043644666671753,6443713,25.651908358769184,28.66393924890067,38.75775672236919,41.668198609394636,37.861231008608264,3.8,1.0,-0.78,2.11
RTX,1988-03-21,1.4085189709017578,1.4085189709017578,1.371124751091252,1.387744426727295,3143678,26.08428014466838,28.754137213840842,38.73933067207924,41.64824314957729,37.87232954062906,3.86,1.0,-0.81,2.13
RTX,1988-03-22,1.3835896655927653,1.3960545734915943,1.3752799284759094,1.3918997049331665,2900878,24.365103485064797,28.395148261104698,38.502961745794906,41.63245461611661,37.87206209582227,3.93,1.0,-0.85,2.25
RTX,1988-03-23,1.3877446871708512,1.4126745075271376,1.3877446871708512,1.4043644666671753,8097544,24.34279431915417,27.880834291719687,38.51743954194656,41.647899664822134,37.88431792423207,3.99,2.0,-0.88,2.24
RTX,1988-03-24,1.383589103354185,1.383589103354185,1.333729894984503,1.3503496646881104,5087342,27.271794275958438,29.179001382133553,39.06939063558521,41.888449720524164,38.06303259254056,4.04,5.0,-0.93,2.04
RTX,1988-03-25,1.3503503042577425,1.3628151122538998,1.3171107491071976,1.3295756578445435,5778875,27.806288594648198,29.405782009147995,38.93220035494494,41.89284733657615,37.893347743777426,4.08,5.0,-0.98,2.12
RTX,1988-03-28,1.3171107491071976,1.3337305266824702,1.3129559810104594,1.3295756578445435,2722910,27.361671973289347,28.543501861002518,38.88843538700392,41.88827186832535,37.84210024877759,4.13,5.0,-1.03,2.14
RTX,1988-03-29,1.3337305784225464,1.350350356642558,1.3337305784225464,1.3337305784225464,3540292,27.33134525594353,28.018108798906177,38.765114703557465,41.85210907341042,37.56282225599357,4.18,5.0,-1.07,2.21
RTX,1988-03-30,1.3461954298032062,1.3461954298032062,1.30880110671194,1.3129559755325317,2886895,27.455910422555462,27.984158578300995,38.78539662483771,41.84975597185308,37.590112707609045,4.24,6.0,-1.11,2.2
RTX,1988-03-31,1.3046455946223445,1.3088003603323781,1.2797157914685744,1.2963354587554932,3729701,27.66288497904953,27.85845397682931,38.49441851455238,41.86574369024884,37.582529259764776,4.3,1.0,-1.12,2.31
RTX,1988-04-04,1.2963368422869366,1.304646987022892,1.2714075162326899,1.2755622863769531,3245374,27.502713153427305,28.072253050819985,38.21187584789498,41.75447014931887,37.48855182592545,4.37,1.0,-1.12,2.43
RTX,1988-04-05,1.2672515140738339,1.2880260514384219,1.2672515140738339,1.2797160148620605,5035223,25.030501266555493,27.697179671505822,38.07222440739404,41.74292373693267,37.48177148902444,4.44,1.0,-1.12,2.51
RTX,1988-04-06,1.2921814965425444,1.3088011741638184,1.2755617181800771,1.3088011741638184,8311106,25.58786722888299,27.115100983056788,38.19177041578985,41.777567966621845,37.53862250572239,4.51,2.0,-1.13,2.44
RTX,1988-04-07,1.3171113557046752,1.3461960554122925,1.3171113557046752,1.3461960554122925,3697921,25.880788200275955,27.473609170056857,38.341577624898484,41.91300875397675,37.55712210098021,4.57,4.0,-1.16,2.37
RTX,1988-04-08,1.3295763165295056,1.3877452142662337,1.3212666754781641,1.3669706583023071,6400492,26.190260874474465,27.41169643002501,37.61528306949249,41.89299815890218,37.52474358002366,4.66,1.0,-1.16,2.58
RTX,1988-04-11,1.3669690177132354,1.3794339176658776,1.3461944866821847,1.3586593866348267,2619943,26.24157275971939,27.460682136449094,37.55401463429785,41.89054553459178,37.52453369514821,4.75,1.0,-1.17,2.63
RTX,1988-04-12,1.3503493525919479,1.3586593866348267,1.337884855603776,1.3586593866348267,3734786,26.00069437115296,26.79407671279946,36.37956486659941,41.87925996001706,37.49479246605216,4.86,1.0,-1.16,2.92
RTX,1988-04-13,1.362814811661792,1.379434585571289,1.3420402705719616,1.379434585571289,2708927,26.200361886842032,26.78847447996988,36.43352146607131,41.875782986522985,37.49635479941561,4.97,2.0,-1.14,2.87
RTX,1988-04-14,1.354504551051841,1.354504551051841,1.3129554756986428,1.3254203796386719,5603450,28.743751937081985,28.115428821641984,36.82563844526826,42.12195157544535,37.69083604634116,5.07,3.0,-1.11,2.74
RTX,1988-04-15,1.3295753905583707,1.3295753905583707,1.283871439564344,1.300491213798523,7955170,28.753762776277124,27.891564782767738,36.66238145682498,41.96662650061069,37.735520865696884,5.17,3.0,-1.09,2.81
RTX,1988-04-18,1.2797162693381707,1.3088008490626917,1.271406634074002,1.300491213798523,5415312,28.51156871824288,27.837861066431586,36.631921228106215,41.96437348879991,37.72172049448218,5.26,3.0,-1.07,2.84
RTX,1988-04-19,1.2880264520645142,1.3171106320871766,1.2880264520645142,1.2880264520645142,6260660,28.582761342869002,26.162197632640748,33.48437968682063,41.95358854363598,37.73126796569638,5.44,1.0,-1.03,1.41
RTX,1988-04-20,1.2838716445300742,1.2963361497868273,1.267251968383789,1.267251968383789,4688186,28.33051330787765,26.33068945368694,33.532494796818135,41.98677075337194,37.704053662111534,5.61,2.0,-1.0,1.38
RTX,1988-04-21,1.2755622863769531,1.3004921161373908,1.2672526453471884,1.2755622863769531,3813600,28.325277951598192,26.286438563754448,33.40196989558031,41.98671111484126,37.70587622254618,5.77,1.0,-0.96,1.45
RTX,1988-04-22,1.2797169367473544,1.3046467622119962,1.2755620665778018,1.2921818494796753,2195362,28.073645494908423,26.338565235870725,31.06195129180658,42.02438678357494,37.68247596417348,5.98,1.0,-0.91,0.39
RTX,1988-04-25,1.3088011409833025,1.3088011409833025,1.292181463783368,1.304646372795105,2771216,27.191241159311907,26.39721378445692,31.041607400243247,42.043219767562,37.69217545797221,6.18,1.0,-0.86,0.39
RTX,1988-04-26,1.3088014951628264,1.329576046914026,1.3088014951628264,1.3171111345291138,4137756,26.546749093992304,26.335356713848707,31.049831478858476,42.00233162668854,37.70040885458233,6.37,2.0,-0.81,0.39
RTX,1988-04-27,1.3171108002025345,1.3337305784225464,1.3171108002025345,1.3337305784225464,4536913,26.832272589231508,26.42123416204598,30.951838801298244,42.034615572398835,37.637981020345315,6.55,1.0,-0.78,0.41
RTX,1988-04-28,1.3254209525262857,1.3295757208198142,1.300491536835568,1.3088011741638184,2729266,25.694510202914785,26.715614516156638,30.627352447163002,42.08250956421373,37.67334286483772,6.73,1.0,-0.86,0.44
RTX,1988-04-29,1.312956401809881,1.3171111712382129,1.2797169367473544,1.2921818494796753,3359782,25.82682101848206,26.274937653086777,30.64643648350509,42.09502822055758,37.68336893894791,6.9,2.0,-0.92,0.46
RTX,1988-05-02,1.2921814965425444,1.3088011741638184,1.2921814965425444,1.3088011741638184,2481382,26.167529529617006,26.290349063834917,28.89478629383938,41.88956224167079,37.69731028128761,7.1,1.0,-0.87,-0.25
RTX,1988-05-03,1.308801146047152,1.3212660551071167,1.3046463778428794,1.3212660551071167,2214430,26.222827918736563,26.32149988410791,28.877942802955385,41.89948256983101,37.662545496476724,7.29,1.0,-0.82,-0.24
RTX,1988-05-04,1.3171107781008882,1.3171107781008882,1.2963362319715654,1.304646372795105,2781386,26.37469439074543,25.81930186862524,28.2104253691988,41.634035830854,37.68131109725121,7.48,1.0,-0.87,-0.27
RTX,1988-05-05,1.2963358380766101,1.2963358380766101,1.2714065313339233,1.2714065313339233,4489878,27.020020835415114,26.415060444391074,28.51946102223909,41.69052528699439,37.765157508348786,7.65,2.0,-0.92,-0.32
RTX,1988-05-06,1.2672516636670024,1.283871335817007,1.2630963930354406,1.2714065313339233,3780549,24.790134264572927,26.20308978582405,27.904622408422348,41.662808955526586,37.70954808030374,7.83,1.0,-0.88,-0.27
RTX,1988-05-09,1.2755622863769531,1.2921820721426733,1.2714075162326899,1.2755622863769531,2855115,24.497310764358478,26.207835685706748,27.769137277973165,41.66703981781906,37.67490673108425,8.0,1.0,-0.82,-0.22
RTX,1988-05-10,1.2714063812502923,1.2880260514384219,1.2630962439327826,1.2797160148620605,3995382,24.53135098351501,25.91897300658088,27.57211972054187,41.643303609322494,37.65161893202544,8.16,1.0,-0.74,-0.16
RTX,1988-05-11,1.2381672859191895,1.2506321941673013,1.2215476097374094,1.2381672859191895,6291169,26.150067916847647,26.776460584191426,27.99178045204454,41.75213591280791,37.78460401030285,8.3,4.0,-0.67,-0.18
RTX,1988-05-12,1.2464776039123535,1.254787241705369,1.2381674624133436,1.2464776039123535,2251295,25.9709299338908,26.591175488035006,27.64213965946273,41.74655054562659,37.78016024445236,8.44,2.0,-0.6,-0.11
RTX,1988-05-13,1.2381679447012492,1.2797171572624546,1.2381679447012492,1.2755622863769531,2427992,26.71479648153195,26.984959640942353,27.855973693762888,41.853141119956604,37.72679500342889,8.57,4.0,-0.5,-0.17
RTX,1988-05-16,1.272202655120045,1.2847988591006108,1.2638053894042969,1.2638053894042969,2490281,26.43788931448449,26.745975302557923,27.904221173685702,41.86165638225617,37.73260268425179,8.7,5.0,-0.41,-0.19
RTX,1988-05-17,1.2722027861072804,1.276401317595125,1.2344145774841309,1.2344145774841309,2703842,27.25146866587096,25.94285076295606,28.145868445635802,41.92483118065296,37.79670341795949,8.81,8.0,-0.32,-0.24
RTX,1988-05-18,1.2344146798036204,1.2596070924467626,1.2008251016864313,1.209222674369812,3924194,26.857453985288576,26.079543681809437,28.18760367504165,41.97398447915013,37.80490017011401,8.91,9.0,-0.27,-0.25
RTX,1988-05-19,1.1966260919687812,1.2218180894851685,1.1840298896059847,1.2218180894851685,3143678,25.546185126622472,25.617884751951365,27.97732291848465,41.94909918334528,37.8212905625597,9.01,7.0,-0.27,-0.2
RTX,1988-05-20,1.21762049724578,1.25121009349823,1.2092233272380415,1.25121009349823,3068677,26.18917568272766,26.122971177066372,28.16943513891982,42.04769964397095,37.77805283446427,9.1,10.0,-0.33,-0.25
RTX,1988-05-23,1.2470104095278831,1.2554075717926025,1.238612738251691,1.2554075717926025,2900878,26.23356800209663,26.136029472820372,28.15801997113005,42.00822032642129,37.76313438414369,9.19,10.0,-0.51,-0.25
RTX,1988-05-24,1.2512090336984083,1.2806000709533691,1.247010503151975,1.2806000709533691,4722508,27.02696805275846,26.345474789736034,27.71759996704595,42.082795522555635,37.802984098176296,9.27,3.0,-0.5,-0.25
RTX,1988-05-25,1.29319586654223,1.3057920689987028,1.2092223033244023,1.2302156686782837,13146750,28.681477551524498,27.49730123609906,28.131527744999907,42.2854248807523,37.9022926282382,9.34,10.0,-0.46,-0.19
RTX,1988-05-26,1.2260171381307305,1.2554076663820204,1.217619466221811,1.2302156686782837,6568290,26.567869254898675,27.49669453912179,27.937255035704638,42.278818210585875,37.8281716753395,9.41,8.0,-0.4,-0.13
RTX,1988-05-27,1.2218184734820494,1.2344146798036204,1.2008251016864313,1.209222674369812,3959788,26.47684313384656,27.455403964335034,27.88435404881976,42.27531126380051,37.86245980544364,9.46,6.0,-0.39,-0.13
RTX,1988-05-31,1.209222201436402,1.2596065998077393,1.209222201436402,1.2596065998077393,4562337,29.29521272312642,28.675367134445285,28.61708801648362,42.561610870098654,38.08901088526776,9.51,19.0,-0.32,-0.15
RTX,1988-06-01,1.2680045905173527,1.2847994348823877,1.2596074228407355,1.2764017581939697,3488173,29.463746518599322,28.77973146387308,28.478848110090414,42.49602089540666,38.10950970259935,9.55,18.0,-0.23,-0.11
RTX,1988-06-02,1.2512097461523177,1.288997967819516,1.2512097461523177,1.2764017581939697,5567856,29.07275334289378,28.497825451119002,27.981069721512732,42.481136779821085,38.072281573355696,9.6,11.0,-0.19,-0.02
RTX,1988-06-03,1.272202487739902,1.3015934228897095,1.272202487739902,1.3015934228897095,2007225,29.557954633078083,28.735649573877897,28.062358611409525,42.55149246433276,38.09387859255642,9.64,13.0,-0.26,-0.04
RTX,1988-06-06,1.2931966025590047,1.2931966025590047,1.2722032252568414,1.2764017581939697,2652994,29.883914976720988,28.74802906698418,28.130210721675734,42.59735896220058,38.10402159010014,9.67,14.0,-0.25,-0.06
RTX,1988-06-07,1.2638051563070851,1.2973947219863642,1.2596066260259058,1.2847986221313477,4683101,29.808267742298746,28.286969333330873,28.126895162672085,42.596336856178404,38.09403539465775,9.7,14.0,-0.24,-0.06
RTX,1988-06-08,1.288997220566391,1.3099905856983516,1.280600057757749,1.3015934228897095,6044556,29.92668483662259,28.0498044944858,27.762213888884812,42.580324872617446,38.09348111297125,9.72,4.0,-0.15,-0.0
RTX,1988-06-09,1.3015929137674724,1.343579627608156,1.293195347034361,1.3393810987472534,4971663,30.878280886577762,28.684728881993752,28.045416231337345,42.618199045975054,38.03013815086394,9.73,14.0,-0.11,-0.06
RTX,1988-06-10,1.33518376063874,1.3561771378821925,1.3057928085327148,1.3057928085327148,3802159,31.282874677790783,28.430302479737534,28.334713615219243,42.70169444711731,38.10772493582802,9.74,24.0,-0.06,-0.13
RTX,1988-06-13,1.3099905856983516,1.3225867880216702,1.2931958528718628,1.3015934228897095,1529254,31.067526998104245,28.420619543849824,28.03139935095525,42.68990964660727,38.10701266180991,9.75,14.0,-0.3,-0.05
RTX,1988-06-14,1.3225862706878142,1.3771691819247731,1.3225862706878142,1.3393810987472534,8646702,31.949596656707424,29.060921628142612,28.325195572315575,42.56660868586485,38.21923736276976,9.74,25.0,-0.58,-0.11
RTX,1988-06-15,1.3309839847846365,1.335183024406433,1.3099906191171207,1.335183024406433,2757233,31.859891568253307,28.973108331932984,27.293597753863075,42.54722238812277,38.21381004385984,9.73,1.0,-0.57,-0.27
RTX,1988-06-16,1.33518376063874,1.33518376063874,1.3015941738049681,1.3057928085327148,3888601,32.318644957929024,29.298084777926185,27.501351703285344,42.614458781303874,38.27412968446196,9.72,2.0,-0.52,-0.34
RTX,1988-06-17,1.3141893148422241,1.3141893148422241,1.2764007167967653,1.3141893148422241,5833537,31.416803261604855,29.26611232828389,27.47558849335125,42.62533740337606,38.26529413168052,9.7,2.0,-0.47,-0.33
RTX,1988-06-20,1.301593736293486,1.301593736293486,1.2764013255809037,1.2889975309371948,4436488,31.97178144087669,28.432344323547927,27.616478548800398,42.6740798909229,38.30796099507799,9.67,5.0,-0.43,-0.38
RTX,1988-06-21,1.305791903578024,1.3267852662724189,1.297394639942098,1.3183881044387817,2973337,32.60100251666518,28.658848670506927,27.836647011908894,42.77268358194225,38.37896258582864,9.63,10.0,-0.4,-0.43
RTX,1988-06-22,1.3393816568190149,1.351977859463671,1.318388291151499,1.335183024406433,3258086,32.7685065298224,28.778670899067542,27.83150078245395,42.70773667204799,38.39988016502098,9.59,10.0,-0.4,-0.43
RTX,1988-06-23,1.3351829770236943,1.343580139748557,1.3225867748260498,1.3225867748260498,6666173,31.297477992944472,28.837409935306514,27.860183276736354,42.685219682333,38.40950358505604,9.54,13.0,-0.39,-0.44
RTX,1988-06-24,1.3267854203271416,1.3267854203271416,1.288997220566391,1.3015934228897095,3458935,31.702814244834016,28.844420421197885,27.97592057437166,42.70339360741777,38.430617543034856,9.48,18.0,-0.37,-0.48
RTX,1988-06-27,1.3099909011240365,1.3099909011240365,1.2847989994230824,1.2889975309371948,2898336,31.179482500547174,28.794762665605866,27.697237387276747,42.600509234261324,38.33522052509818,9.42,7.0,-0.31,-0.43
RTX,1988-06-28,1.288997211420912,1.2973947813791777,1.2806000486718478,1.2931958436965942,3884787,31.055036745160663,28.606512707172676,27.649557786117246,42.60181968920745,38.19813679580413,9.35,7.0,-0.23,-0.41
RTX,1988-06-29,1.2973947219863642,1.3015933540698392,1.2847986221313477,1.2847986221313477,2569095,30.280110577715348,28.63244297678277,27.654414030357017,42.53726918517305,38.17095366358311,9.28,8.0,-0.16,-0.41
RTX,1988-06-30,1.288997211420912,1.2973947813791777,1.2806000486718478,1.2931958436965942,3804702,29.58391870894638,28.283678123629745,27.3147933955653,42.5131383866688,38.176931375843374,9.21,2.0,-0.14,-0.34
RTX,1988-07-01,1.2889959983541777,1.3057908170583004,1.2889959983541777,1.297393560409546,2342822,29.485813495167502,27.670376871210795,27.31731977661526,42.47976779970993,38.14886802746749,9.12,3.0,-0.14,-0.34
RTX,1988-07-05,1.2889975309371948,1.293196164253633,1.2847989994230824,1.2889975309371948,2074598,28.84168741476671,27.494512551972623,27.216510471475026,41.592931209021934,38.13812008479594,9.03,1.0,-0.08,-0.31
RTX,1988-07-06,1.2931958436965942,1.3141896158888078,1.2847986809475302,1.2931958436965942,3985212,28.841009615489067,27.48692209460669,27.219688078087067,36.38398831367384,38.13916335544804,8.93,2.0,-0.03,-0.31
RTX,1988-07-07,1.2889972338485378,1.2931958661972733,1.2680038685002564,1.2806000709533691,4569964,28.431901980954237,27.547529261577345,27.097166941363,36.28522537586151,38.14730452641222,8.83,1.0,0.03,-0.29
RTX,1988-07-08,1.2764011861756044,1.2847988591006108,1.2638053894042969,1.2638053894042969,1815274,26.103849711111003,27.450143883939244,27.16187572119944,36.19488179479312,38.14432129113768,8.72,2.0,0.06,-0.31
RTX,1988-07-11,1.2638063066205856,1.2722035784307126,1.2470115593955549,1.25121009349823,4254706,26.29450897052687,26.319959169891195,27.080908930637946,35.597236261423745,38.15010943890793,8.6,1.0,0.02,-0.29
RTX,1988-07-12,1.2470103225151787,1.2512088524534302,1.221817921258221,1.2386126518249512,2837318,25.956033849535142,26.122528706864223,27.108217787972784,35.608616362833615,38.12973580199471,8.47,3.0,-0.01,-0.3
RTX,1988-07-13,1.242812074817262,1.2512092390908685,1.2260173390607734,1.2470107078552246,3279696,23.11397515617922,26.168173317837688,26.94671606978752,33.99056877146662,38.10947724953304,8.34,1.0,-0.07,-0.25
RTX,1988-07-14,1.2428118708032396,1.2806000709533691,1.2302156683501269,1.2806000709533691,3821227,24.096919988416936,26.687408742868417,26.592690124823644,34.06347512248555,38.20698087392288,8.19,1.0,-0.05,-0.31
RTX,1988-07-15,1.2805999633927383,1.2847985953888206,1.2470103984126113,1.2596065998077393,4220384,24.574913068880182,26.69442136856592,26.605862166191567,33.959740816727496,38.126614472088484,8.04,2.0,-0.09,-0.32
RTX,1988-07-18,1.2554076660471436,1.2889972338485378,1.2428118708032396,1.2806000709533691,6347102,24.376586093455497,26.87846726831885,26.43495648086307,34.01237224870118,38.1548306333831,7.87,1.0,-0.03,-0.29
RTX,1988-07-19,1.2931957691056382,1.2973947065460287,1.2554075717926025,1.2554075717926025,2739436,24.39872230194894,27.047607245383382,26.598268110549544,34.0967707836274,38.14909531760029,7.68,3.0,-0.02,-0.34
RTX,1988-07-20,1.263805130001528,1.2680037619976103,1.242811766416529,1.2596065998077393,2987320,24.33498203058808,26.978284189401975,26.60291756252023,33.94149570799842,38.14280114255128,7.49,4.0,-0.01,-0.34
RTX,1988-07-21,1.255407593566062,1.255407593566062,1.2386127597338652,1.2428117990493774,2195362,24.251627960988664,27.02110882728569,26.59815613010424,33.95687384623496,38.11003429906038,7.28,3.0,0.02,-0.34
RTX,1988-07-22,1.2428119710640142,1.2428119710640142,1.2134210332403144,1.2260172367095947,3029270,22.72859907759136,26.99413217769424,26.642112000332354,33.90995482586768,38.12483510940038,7.06,7.0,0.01,-0.36
RTX,1988-07-25,1.226017412706117,1.2344145774841309,1.2218183722066476,1.2344145774841309,3272069,21.865246478301227,26.79697204866627,26.66787054999409,33.87862154804934,38.12480169065865,6.82,8.0,0.01,-0.37
RTX,1988-07-26,1.2302155973235076,1.251208961459735,1.226017067019477,1.2428117990493774,2993676,22.003372561990084,26.72868351026071,26.537172762753432,33.67368035200052,38.09454147605239,6.57,2.0,-0.03,-0.33
RTX,1988-07-27,1.2428121494714446,1.2470107827616141,1.226017412706117,1.2344145774841309,2290702,20.09643963029658,26.60926719054164,26.484293416586134,33.453504119818234,38.09814082199784,6.29,2.0,-0.08,-0.31
RTX,1988-07-28,1.2344142294298346,1.2428117990493774,1.2218180277039647,1.2428117990493774,3819956,20.283218427647956,26.56969327747844,26.48693715462417,33.3658443765472,37.94890154674044,6.0,3.0,-0.12,-0.31
RTX,1988-07-29,1.242811766416529,1.263805130001528,1.242811766416529,1.2596065998077393,4524201,19.878303803613285,26.619339793617268,26.398504057723482,33.37876345241567,37.976845322515715,5.68,1.0,-0.1,-0.29
RTX,1988-08-01,1.2680037733000071,1.2680037733000071,1.2512089397590955,1.2554075717926025,1597898,19.754413547203896,26.10327782807286,26.36407544108733,33.31937356718681,37.95971749077038,5.33,1.0,-0.1,-0.27
RTX,1988-08-02,1.2512090336984083,1.2806000709533691,1.2512090336984083,1.2806000709533691,3981398,19.948131442324065,26.425728541792253,26.389083092367265,32.92248971321134,38.01971395919446,4.99,2.0,-0.1,-0.27
RTX,1988-08-03,1.280600800142899,1.2847994348823877,1.2596074228407355,1.2764017581939697,3316561,18.75598322620742,26.426530282575694,26.0748589820841,32.86464698887882,38.011635051648206,4.87,1.0,-0.06,-0.2
RTX,1988-08-04,1.2764011861756044,1.2806002262427365,1.2512091854237313,1.2638053894042969,2136887,18.458080093726707,26.495284266475068,25.875610187056196,32.183516564954964,38.02091616341051,4.75,1.0,0.04,-0.16
RTX,1988-08-05,1.2596066260259058,1.2847986221313477,1.2596066260259058,1.2847986221313477,2169938,19.046982532501808,25.810876507079882,26.018611740610915,32.235690887823196,38.06001536099619,4.63,2.0,0.16,-0.2
RTX,1988-08-08,1.2806002262427365,1.2847988591006108,1.2638053894042969,1.2638053894042969,2963167,19.079988528946103,26.01384233769905,25.667666738555194,32.171716391411536,38.04234402233383,4.51,1.0,0.24,-0.19
RTX,1988-08-09,1.2596065231436575,1.2596065231436575,1.2386126518249512,1.2386126518249512,1672899,19.722287626707207,25.900465175492094,25.838303029699855,32.08424765458799,38.08573488219057,4.39,2.0,0.25,-0.25
RTX,1988-08-10,1.230215767594734,1.2428119710640142,1.2218181968129034,1.2260172367095947,4247079,19.83658274667835,25.9151120726203,25.868634409094525,32.08530331951046,38.095340442994576,4.32,3.0,0.13,-0.26
RTX,1988-08-11,1.217619278611277,1.2260169492262851,1.2092221170077013,1.2134207487106323,2309770,19.9461727702775,25.55281182032202,25.853468813038234,30.069808603160947,38.10033095440091,4.25,3.0,0.12,-0.26
RTX,1988-08-12,1.2092222943315776,1.2218180894851685,1.200824724287412,1.2218180894851685,3193254,19.960486836797884,25.2379053380635,25.877559606253403,30.033125010085353,37.922539839167065,4.17,6.0,0.01,-0.26
RTX,1988-08-15,1.2176194571665377,1.2260171290130049,1.2134209266502083,1.2218180894851685,1249590,19.910099626656024,25.148400807075173,25.826596970421985,29.952278855267693,37.91208711056526,4.09,2.0,-0.43,-0.25
RTX,1988-08-16,1.2134210075110758,1.2302157415093817,1.2050238441165393,1.21761953830719,2614858,19.86988637218091,24.663451443367695,25.107134541553265,28.53854431397911,37.68514602300323,4.0,1.0,-0.41,-0.26
RTX,1988-08-17,1.2218181709056122,1.2218181709056122,1.1840299685082698,1.21761953830719,2443246,19.818925262568143,24.650943392744228,25.000105129496813,28.519511203753456,37.6562824245854,3.91,1.0,-0.4,-0.22
RTX,1988-08-18,1.209222674369812,1.2176198398438591,1.2008251016864313,1.209222674369812,2074598,19.738359815635718,24.314132391126485,25.01803583827853,28.522178968700647,37.63883033496355,3.81,2.0,-0.37,-0.22
RTX,1988-08-19,1.2092223076857331,1.2134209400507319,1.2008247375488281,1.2008247375488281,2303414,19.509926773252698,22.942557881202127,25.02753186456319,28.46764826542913,37.64197184040762,3.7,3.0,-0.33,-0.23
RTX,1988-08-22,1.19742827072484,1.2101670106379032,1.1889360863123275,1.1931822299957275,2147057,19.40358182892487,22.97505758520095,24.93225329700717,28.20038684702474,37.62091774558525,3.59,1.0,-0.3,-0.19
RTX,1988-08-23,1.1931810617442997,1.19742709831609,1.1846887826923458,1.1889349222183228,3291137,19.245370299328794,22.720134657045957,24.864332232676826,28.14557546469864,37.58284563641653,3.48,1.0,-0.3,-0.17
RTX,1988-08-24,1.1889347817549198,1.2016735076904297,1.1889347817549198,1.2016735076904297,1886461,19.42078110807452,21.17795322314503,24.8088875442453,27.04843952422447,37.58686360685341,3.36,1.0,-0.36,-0.15
RTX,1988-08-25,1.193181116819561,1.2016737051260793,1.1889349770975892,1.1974271535873413,2378415,17.54355094219679,20.981458248678106,24.805499256689032,27.035099868327322,37.586872021938774,3.24,1.0,-0.41,-0.15
RTX,1988-08-26,1.1931809207792483,1.2059196467147584,1.1931809207792483,1.2016735076904297,3654700,17.081106490857845,21.001661959200842,24.536584770367924,26.618080991075356,37.590594749993315,3.11,1.0,-0.44,-0.07
RTX,1988-08-29,1.205920876452653,1.2398905380587202,1.2016747330983193,1.235643982887268,2410195,18.39225073727468,21.41527395375059,24.527769183401713,26.7778382729995,37.698240099322824,2.97,1.0,-0.39,-0.07
RTX,1988-08-30,1.2356432659841952,1.2483819975191996,1.2356432659841952,1.244135856628418,1690696,17.64968938377843,21.11304135672811,24.422289206559427,26.40705825420803,37.70112869770434,2.83,1.0,-0.41,-0.03
RTX,1988-08-31,1.2483817338943481,1.2526277709342604,1.2441355939002379,1.2483817338943481,1569932,17.650914000328434,21.07837786029626,24.417812381116946,26.32148221428593,37.65960380623675,2.69,1.0,-0.4,-0.03
RTX,1988-09-01,1.239890205825023,1.2483823873038955,1.2271514703125799,1.2313975095748901,5578026,17.66887538857283,21.059658130476507,24.50240617830175,26.251740315778044,37.66683045655387,2.57,3.0,-0.43,-0.07
RTX,1988-09-02,1.2483817338943481,1.2696126397732963,1.2483817338943481,1.2483817338943481,2018666,17.655299327044006,20.376608713711832,24.478725188885893,26.23541317849164,37.65993919967378,2.44,3.0,-0.78,-0.06
RTX,1988-09-06,1.2356432659841952,1.244135856628418,1.2313971250934135,1.244135856628418,1972902,17.590841658627358,19.74868292220242,23.672919209438074,26.018613607331286,37.65639829680295,2.29,1.0,-0.75,-0.13
RTX,1988-09-07,1.2441363767018463,1.2483825193675988,1.22715160013031,1.2398903369903564,2482654,17.510604453532107,19.749753736964877,23.493985111059875,26.018213692067015,37.62611246291795,2.13,1.0,-0.74,-0.07
RTX,1988-09-08,1.2398899158569794,1.2398899158569794,1.2144124507904053,1.2144124507904053,2848759,18.420911978141387,19.192009632686233,23.713419316015493,26.139153325953302,37.67073608321553,1.95,3.0,-0.76,-0.13
RTX,1988-09-09,1.2186594177530676,1.2526285590790884,1.2144128632702633,1.2398903369903564,3854278,19.327511549032543,19.72944837953057,23.911561378038922,26.23445799009988,37.70665953932467,1.88,4.0,-0.76,-0.2
RTX,1988-09-12,1.2398895331035884,1.2653664755343013,1.235642981374051,1.2611204385757446,3511054,19.56922890103017,19.58168794751513,23.931837697555167,26.209984344902292,37.73762097173674,1.79,5.0,-0.76,-0.21
RTX,1988-09-13,1.2568754970427938,1.2908447516873185,1.2526289412643377,1.2823525667190552,5923792,20.122277326129893,19.85014119919895,24.05700685164146,26.13200663446817,37.69374351372249,1.7,6.0,-0.77,-0.25
RTX,1988-09-14,1.2950904390291815,1.2993365801431653,1.269612974619926,1.2865978479385376,2797911,19.307906292817336,19.46585417581733,23.974038061683306,26.113777044210806,37.68268541740675,1.68,6.0,-0.76,-0.22
RTX,1988-09-15,1.2865979414074409,1.2950905331150553,1.2738596200942993,1.2738596200942993,2935201,19.506742512680038,18.98948803579492,23.97474432628835,26.13969337334848,37.68843077591811,1.65,7.0,-0.72,-0.21
RTX,1988-09-16,1.261120267087671,1.3035820722579956,1.261120267087671,1.3035820722579956,5804299,20.381915568176666,19.41417310482242,24.210452689857917,25.908337619040346,37.7623683075171,1.62,9.0,-0.71,-0.27
RTX,1988-09-19,1.2865978479385376,1.2950904390291815,1.2823517068245538,1.2865978479385376,5138190,20.237556732356285,19.500900659004447,24.211967325723265,25.741762235416527,37.772312209626044,1.58,10.0,-0.69,-0.26
RTX,1988-09-20,1.286597309008193,1.3078282115933553,1.2823511696728334,1.3035820722579956,1500016,19.953525772224182,19.4225818594982,24.121785048142087,25.667605277962547,37.76033035006655,1.55,9.0,-0.69,-0.25
RTX,1988-09-21,1.3078282115933553,1.3078282115933553,1.2908433453893704,1.3035820722579956,1282641,18.924145692652946,19.3160352204438,24.035137898783834,25.554363015733006,37.67119993520248,1.52,8.0,-0.71,-0.22
RTX,1988-09-22,1.3035830547148295,1.3333066701889038,1.2908443182455436,1.3333066701889038,3428426,19.503917140169435,19.844273824155636,24.21574086471808,25.683021092115904,37.73941792515494,1.52,13.0,-0.69,-0.26
RTX,1988-09-23,1.3290605596457197,1.3290605596457197,1.3120756802320819,1.3205679655075073,4459370,19.462485797021646,19.90091443043244,24.218764452716602,25.584296771292607,37.74021603225986,1.52,14.0,-0.69,-0.25
RTX,1988-09-26,1.3205673026833595,1.3460442486764128,1.3205673026833595,1.3375520706176758,4444115,19.64337865092853,20.02338794690267,24.21712041337715,25.32269067975793,37.54904089958793,1.53,14.0,-0.67,-0.26
RTX,1988-09-27,1.3417985019327643,1.350291093648947,1.3375523605060222,1.3460445404052734,2707656,19.644565872243422,20.05101957122588,23.871819887271815,25.290975180737146,37.53942791753811,1.53,4.0,-0.67,-0.2
RTX,1988-09-28,1.3417985019327643,1.3460445404052734,1.3375523605060222,1.3460445404052734,2745792,19.56819101165185,19.996816935695147,23.871819887271815,25.20836891889193,37.53942791753811,1.55,4.5,-0.69,-0.2
RTX,1988-09-29,1.3460441337055278,1.3630290031433105,1.341798096515935,1.3630290031433105,2475026,19.71896354031058,20.13709505256094,23.943759686840927,25.235007223710404,37.56387227950527,1.56,8.0,-0.61,-0.23
RTX,1988-09-30,1.367276102212064,1.367276102212064,1.3502912259778745,1.3545373678207397,3136050,19.68833706458728,20.070004084682605,23.96511071510737,24.98140428644265,37.566932845460826,1.57,9.0,-0.62,-0.24
RTX,1988-10-03,1.3587839603424072,1.3630301039153527,1.346045220760716,1.3587839603424072,3160203,19.424898904897784,19.856605436452572,23.355263026241644,24.947270227055853,37.56830167084109,1.59,1.0,-0.62,-0.23
RTX,1988-10-04,1.358782775253611,1.4267221456632306,1.354536738338214,1.3927524089813232,7248382,20.042908867466284,20.28798311376925,23.641363682803597,25.088696126277636,37.57243272569876,1.6,3.0,-0.36,-0.3
RTX,1988-10-05,1.3885076235169902,1.409738547908607,1.3842610680032303,1.4012459516525269,5208106,19.872432789687014,20.15313751498943,23.392282375853153,24.903506006128936,37.55023572873082,1.62,2.0,-0.13,-0.23
RTX,1988-10-06,1.4097376121687406,1.4139837530468928,1.3969988806716251,1.4054914712905884,5731841,19.82258910456047,20.130453905815575,23.337161921751417,24.878079911925173,37.537766728735214,1.63,1.0,0.02,-0.21
RTX,1988-10-07,1.401245087746705,1.4309685900690519,1.401245087746705,1.4224764108657837,5581839,19.737496197439828,19.584528970410165,23.06421522587328,24.254142658136615,37.46188833712898,1.65,1.0,0.27,-0.16
RTX,1988-10-10,1.4224764108657837,1.4267225519445301,1.4097376787668712,1.4224764108657837,3617835,19.79836837306087,19.215018957468697,22.793406463256193,24.229273713392715,37.46065548625743,1.67,1.0,0.4,-0.09
RTX,1988-10-11,1.4097379446029663,1.4139840864824131,1.3969992101018942,1.4097379446029663,3052151,19.06753000740856,19.10389112344538,22.811645347896732,24.23219718572753,37.41869506028294,1.68,2.0,0.34,-0.09
RTX,1988-10-12,1.4012447790518396,1.4054912280577645,1.354536825658515,1.3715215921401978,5386074,21.164377115026216,19.528419930621915,22.98430271808679,24.43597207241825,37.48160132248064,1.7,3.0,0.18,-0.07
RTX,1988-10-13,1.3630297364006734,1.3927532481683444,1.3630297364006734,1.384260654449463,2944099,21.23568111120177,19.589924940818214,23.01920954007428,24.45551046388929,37.46238027761418,1.7,4.0,0.04,-0.09
RTX,1988-10-14,1.388506293296814,1.4054910577200372,1.3757675655481125,1.388506293296814,3610208,20.60625473522143,19.34067309429563,22.821884757751587,24.41185875292045,36.73097175281333,1.72,3.0,-0.09,-0.01
RTX,1988-10-17,1.3800144366756193,1.4139840864824131,1.3757682947961725,1.4097379446029663,3236475,20.670984140785073,19.257709909234823,21.96888599197345,24.4633023489383,32.55715887583441,1.75,1.0,-0.16,-0.34
RTX,1988-10-18,1.4182298183441162,1.4182298183441162,1.4012450485952443,1.4182298183441162,4648778,20.555543047229005,19.250257652610973,21.980090935983043,24.46747322469432,32.46598081664687,1.77,2.0,-0.21,-0.35
RTX,1988-10-19,1.4224766791040382,1.426722820983485,1.4054918027235195,1.4097379446029663,2886895,20.65412503211407,19.301818684336833,21.80959414752622,24.269859415616995,32.37008015403375,1.8,1.0,-0.28,-0.31
RTX,1988-10-20,1.401244997496809,1.435214638710022,1.401244997496809,1.435214638710022,3284781,19.593733258317293,19.479077850214075,21.049040004848624,24.320339674019344,31.91704482706844,1.83,1.0,-0.3,-0.66
RTX,1988-10-21,1.4267230793777559,1.4352152617204275,1.405492057272633,1.4309691190719604,4699626,19.197580623268987,19.490230484017513,20.97211679186991,24.3146859702556,31.910286521720288,1.86,1.0,-0.36,-0.62
RTX,1988-10-24,1.4309684979047563,1.4437072291832063,1.4267224600537087,1.435214638710022,2458501,18.85021974956678,19.353806747558675,20.973279471268228,24.087171310383674,30.60759806964817,1.9,2.0,-0.42,-0.62
RTX,1988-10-25,1.4394606765610696,1.4437072291832063,1.435214638710022,1.435214638710022,2490281,18.51508427343706,19.325247223606883,20.76595717637247,24.087171310383674,30.557876091460262,1.94,1.0,-0.48,-0.56
RTX,1988-10-26,1.443707855880149,1.4479539985286163,1.4224769367292889,1.4309691190719604,8659414,18.617115585398857,18.99892384696187,20.51415070543836,24.01591506705675,30.43194941202477,1.97,1.0,-0.56,-0.51
RTX,1988-10-27,1.4267226079462736,1.4309686462374611,1.3927528602575747,1.3969990015029907,3123338,19.906055633955415,19.700896362831546,20.879910034060096,24.19607962572552,30.53364242243857,2.0,3.0,-0.66,-0.54
RTX,1988-10-28,1.3969992101018942,1.4139840864824131,1.3969992101018942,1.4097379446029663,2815708,19.08127174998424,19.61492361806504,20.83116635366846,24.112754819996095,30.543656868951608,2.03,3.0,-0.74,-0.52
RTX,1988-10-31,1.409738393891925,1.5074009236955457,1.4012457985636777,1.4139845371246338,2459772,18.489750107187973,19.377953456191047,20.351752452427952,24.103895347023236,30.42255651253234,2.06,1.0,-0.8,-0.5
RTX,1988-11-01,1.418230577403066,1.418230577403066,1.409738393891925,1.4139845371246338,1944936,18.26472032357101,19.01241639219603,19.922602411513886,24.03065006031361,30.40218967264178,2.1,1.0,-0.87,-0.47
RTX,1988-11-02,1.4309685900690519,1.4309685900690519,1.4182298579701396,1.4224764108657837,3230119,18.269966438830572,18.466850298484516,19.928969131736523,24.023961272195645,30.3408879050107,2.13,2.0,-0.94,-0.48
RTX,1988-11-03,1.4182307323475354,1.4224772878612952,1.4012459516525269,1.4012459516525269,3254272,18.00504382121339,18.632051630143007,19.584708230177203,23.9897022467289,30.34733209736785,2.17,1.0,-0.99,-0.52
RTX,1988-11-04,1.3969985488509153,1.409737277322277,1.3885063720659263,1.3927524089813232,2279262,17.84196263399606,18.52986678072329,19.6039858409297,23.58279525934495,30.181156102675644,2.22,2.0,-1.04,-0.53
RTX,1988-11-07,1.388506293296814,1.388506293296814,1.3757675655481125,1.388506293296814,2768674,17.581527492159886,18.536581046326717,19.272683151198525,23.51042235332084,29.996219115719786,2.26,1.0,-1.09,-0.49
RTX,1988-11-08,1.388506772186129,1.392752810325089,1.380014181137085,1.380014181137085,3136050,17.639419884228662,18.609205915881496,19.27954189204127,23.33894193050405,29.93021478797121,2.31,2.0,-1.14,-0.49
RTX,1988-11-09,1.3715215921401978,1.388506461576082,1.3672755549510798,1.3715215921401978,2530959,17.755036353271816,18.651865430601234,19.04632850901772,23.338942813111014,29.92149331411075,2.35,1.0,-1.18,-0.45
RTX,1988-11-10,1.3587834067093618,1.367276102212064,1.3502912259778745,1.3545373678207397,2079683,17.775726328064195,18.881871142231333,18.830054942330165,23.383366797577036,29.90177930564878,2.39,1.0,-1.2,-0.42
RTX,1988-11-11,1.3545372516573222,1.3545372516573222,1.3290601968765259,1.3290601968765259,3150034,18.519749998587596,19.27709233012898,18.96972435067173,23.445589802308444,29.58853156928637,2.42,2.0,-1.19,-0.42
RTX,1988-11-14,1.3256275342879866,1.3256275342879866,1.3084673295242706,1.3213372230529785,3872075,18.54354906772027,19.25689443364927,18.932327931087148,23.430315345180492,29.54665532021714,2.46,2.0,-1.19,-0.4
RTX,1988-11-15,1.3170484027416318,1.3342087268829346,1.3170484027416318,1.3342087268829346,2510620,17.203790560259943,19.254283245005098,18.818950243979206,23.456037266414718,29.002034428260643,2.48,1.0,-1.21,-0.39
RTX,1988-11-16,1.3470781009155146,1.3470781009155146,1.3170474767684937,1.3170474767684937,4497506,17.36491419410858,19.462063811531877,18.869283370111056,23.40008982658829,29.034901921442817,2.51,3.0,-1.21,-0.4
RTX,1988-11-17,1.3170474916408985,1.3342078039111236,1.3170474916408985,1.3256278038024902,1689425,17.481977232718496,19.39887012102865,18.889570259164852,23.36310515045757,28.93774395626772,2.53,4.0,-1.22,-0.41
RTX,1988-11-18,1.3299170392097976,1.3556572327714622,1.3299170392097976,1.3513672351837158,2577994,18.097300050210364,19.69834678940995,19.095963002853313,23.460783187470852,28.847929913767462,2.55,8.0,-1.24,-0.48
RTX,1988-11-21,1.3427875762653942,1.3427875762653942,1.3213369605111487,1.3384971618652344,1582644,18.23078420778986,19.837737356421847,19.137770302913594,23.38262539890092,28.846620692598346,2.57,9.0,-1.25,-0.49
RTX,1988-11-22,1.34278864152234,1.3642388582229614,1.3384982237185192,1.3642388582229614,1895359,19.091109336225003,19.420138589547385,19.361894171964668,23.463026174711064,27.29954077222141,2.58,12.0,-1.28,-0.55
RTX,1988-11-23,1.355657226863907,1.3728174251752998,1.3513672292948553,1.3685275316238403,1862308,17.4010258925083,19.39258151170002,19.33367003846006,23.352745112926247,27.26577056496286,2.59,12.0,-1.31,-0.54
RTX,1988-11-25,1.355659060555142,1.355659060555142,1.3427891544574895,1.3470791578292847,1077978,17.745938484734864,19.712369154174336,19.50286379390356,23.23832956449074,27.250442953694247,2.6,14.0,-1.32,-0.59
RTX,1988-11-28,1.3556581426056031,1.368528456059382,1.351368142138673,1.3599480390548706,1826714,17.968168081250344,19.532704719552132,19.4866215452632,23.12311885629335,26.15051009840414,2.6,14.0,-1.34,-0.59
RTX,1988-11-29,1.3556571865776723,1.394267683639709,1.3556571865776723,1.3771073818206787,1958919,17.781113560657708,19.503588439961288,19.450906061660852,23.170494779882446,26.15994762791688,2.61,14.0,-1.36,-0.59
RTX,1988-11-30,1.381397795332602,1.385687688756578,1.368527490955137,1.3771073818206787,5067003,17.666764984315897,19.4784478143483,19.37319590406301,22.891632399695226,26.151285698233735,2.61,14.0,-1.37,-0.56
RTX,1988-12-01,1.3728174251752998,1.3771074227443516,1.3685275316238403,1.3685275316238403,2731809,17.672940583424143,19.518782253926513,19.326556747546444,22.90035122258958,26.10579649276048,2.61,12.0,-1.37,-0.54
RTX,1988-12-02,1.3556581426056031,1.3642384555924518,1.3427882452224753,1.3599480390548706,4811492,16.794006545461894,19.02830696367206,19.338546243818897,22.908937787194127,25.895314953814836,2.61,14.0,-1.36,-0.54
RTX,1988-12-05,1.3599481554459367,1.3856887845565045,1.3599481554459367,1.3728184700012207,4680558,17.09987708845529,18.686626492800436,18.945642618043255,22.894209323540025,25.863344963777152,2.62,6.0,-1.38,-0.55
RTX,1988-12-06,1.3899775619932913,1.3985574520921558,1.381397671894427,1.3942675590515137,3378850,17.750702649814336,18.637513348794112,18.886652279468095,22.96544446880938,25.0460226880727,2.63,4.0,-1.38,-0.55
RTX,1988-12-07,1.381397671894427,1.407137758261341,1.381397671894427,1.3942675590515137,2264007,17.750702649814336,18.374938946276163,18.72261030000247,22.94098531070342,25.031069810908924,2.64,1.0,-1.4,-0.49
RTX,1988-12-08,1.389977727504285,1.389977727504285,1.3685275316238403,1.3685275316238403,2300872,18.470460738152582,18.822145619038313,18.68882776167582,22.5723390457904,24.781966443315216,2.65,1.0,-1.39,-0.49
RTX,1988-12-09,1.3685285731848027,1.3813988877400867,1.3685285731848027,1.3728184700012207,1948750,17.225950923787703,18.686670350156945,18.688153384402035,22.498853423304006,24.759091412069527,2.65,1.0,-1.38,-0.49
RTX,1988-12-12,1.3728172617076617,1.3942675590515137,1.3685273686670196,1.3942675590515137,3368680,17.63488888459198,18.37119171182683,18.689525938531578,22.571790605381178,24.51182982628203,2.65,3.0,-1.36,-0.49
RTX,1988-12-13,1.3856889327289352,1.3856889327289352,1.3813990354537964,1.3813990354537964,2974608,17.78911362044494,18.26057408445238,18.61495628367882,22.597326925089515,24.467686957835614,2.65,1.0,-1.34,-0.47
RTX,1988-12-14,1.3771084708353103,1.3813988877400867,1.3685285731848027,1.3728184700012207,3120796,17.856992692582708,18.15082683954989,18.62977731911556,22.531246809197686,24.38466949066583,2.65,2.0,-1.31,-0.48
RTX,1988-12-15,1.3771086180902434,1.3813990354537964,1.368528719522283,1.3813990354537964,2171210,17.865381743307555,18.183070060757313,18.625694611495817,22.489071197227936,24.34101461370721,2.64,2.0,-1.27,-0.48
RTX,1988-12-16,1.377107368891612,1.4071378707885742,1.377107368891612,1.4071378707885742,6300067,18.209156742436193,17.994283322597305,18.785659715023154,22.504323235189148,24.238991072936315,2.64,8.0,-1.24,-0.52
RTX,1988-12-19,1.3899784824262327,1.4242990017066928,1.3899784824262327,1.411428689956665,4196231,18.130191995976006,17.86531914626269,18.767324829261522,22.50398710054182,24.23592316489326,2.63,8.0,-1.21,-0.51
RTX,1988-12-20,1.4200080614887483,1.4285880556051929,1.3942675590515137,1.3942675590515137,3339442,18.475990142640754,17.902808167437907,18.786421359922432,22.402313426940005,24.271066064723616,2.62,10.0,-1.18,-0.51
RTX,1988-12-21,1.3942675590515137,1.3985574520921558,1.381397671894427,1.3942675590515137,2392398,18.380305726671907,17.864637014471366,18.7741925713663,22.156433731270077,24.257765712347915,2.6,9.0,-1.14,-0.51
RTX,1988-12-22,1.3813999351688415,1.4028501636389932,1.3813999351688415,1.3899798393249512,3898770,18.306743705099144,17.880101529062028,18.540631031798284,22.086509507216057,24.18452541006686,2.59,1.0,-1.12,-0.44
RTX,1988-12-23,1.394267683639709,1.394267683639709,1.3771073818206787,1.3771073818206787,877128,18.135412163975683,17.814012689752857,18.599085129641416,22.10241022498494,24.092483757819156,2.58,2.0,-1.08,-0.47
RTX,1988-12-27,1.3771079941499995,1.3899783042502314,1.3771079941499995,1.385688304901123,902552,17.223956716365244,17.805228154174642,18.539542996913465,22.114331131063857,24.08290015667978,2.58,1.0,-1.03,-0.45
RTX,1988-12-28,1.385688836876938,1.4028491529142457,1.385688836876938,1.3985587358474731,1803833,17.22902615367975,17.889490266968643,18.420292677549984,22.068539961074542,24.092102470062745,2.56,1.0,-1.0,-0.41
RTX,1988-12-29,1.402848809175776,1.424299016935558,1.3985583931602792,1.4200090169906616,1627136,17.518509797317027,17.441723398381605,18.348597032924552,21.62089538178295,23.853992864317803,2.56,1.0,-0.96,-0.4
RTX,1988-12-30,1.415718689855692,1.4242990017066928,1.4028487941762604,1.411428689956665,1820358,17.114418407194343,17.448034123277004,18.066556342124883,21.511675339966487,23.696236820295542,2.55,1.0,-0.88,-0.36
RTX,1989-01-03,1.4114278814411498,1.4114278814411498,1.368527490955137,1.3771073818206787,5625060,18.750179623792672,18.156755767550106,18.44102505677115,21.71523712785333,23.742813399956656,2.53,4.0,-0.79,-0.33
RTX,1989-01-04,1.389977673148243,1.4157178655911513,1.3813977823632544,1.4071378707885742,2830962,18.95626485752703,18.5362990601238,18.629441358302827,21.82754713370338,23.749236094792707,2.51,10.0,-0.7,-0.35
RTX,1989-01-05,1.4071392673878635,1.424299586077565,1.4028493697463986,1.4157192707061768,3409358,18.714142401224695,18.580656523442947,18.623849225939377,21.746075840358316,23.751892883250132,2.49,9.0,-0.6,-0.35
RTX,1989-01-06,1.4242993593215942,1.42858936029776,1.4200093583454283,1.4242993593215942,4034789,18.04427129649671,18.527950903312526,18.63638097284638,21.744260608981158,23.658729262488702,2.47,13.0,-0.49,-0.35
RTX,1989-01-09,1.4200095844184084,1.424299586077565,1.41142926904702,1.4157192707061768,5738197,18.16478739405703,17.661889740533862,18.658608324203218,21.708686954245,23.43610530359256,2.45,14.0,-0.37,-0.36
RTX,1989-01-10,1.4242990017066928,1.4242990017066928,1.4071386900576381,1.411428689956665,2656808,17.495662331887104,17.582154019701342,18.671067385345737,21.685648461175894,23.409219995392274,2.44,15.0,-0.24,-0.37
RTX,1989-01-11,1.41142926904702,1.4157192707061768,1.4028493697463986,1.4157192707061768,2623757,17.33989004424891,17.5819745304007,18.62392324269727,21.66103708470955,23.345754156913564,2.42,10.0,-0.11,-0.35
RTX,1989-01-12,1.4200093583454283,1.4328792572562505,1.4114290443400714,1.4242993593215942,3722074,17.075504261812295,17.35056597867093,18.586449754564967,21.62339149337474,23.342899777179625,2.4,7.0,0.0,-0.32
RTX,1989-01-13,1.4285888372933089,1.4371691481574256,1.424298837887706,1.4328787326812744,1882647,17.129802619032166,17.35056383025769,18.553190679100798,21.511920398333377,23.141915121367937,2.39,7.0,0.08,-0.3
RTX,1989-01-16,1.4285890168804543,1.4328789128077004,1.4200090169906616,1.4200090169906616,1297895,17.254704755965598,17.407355358963795,18.613709072519352,21.483835952776737,23.13531006485117,2.37,10.0,0.11,-0.33
RTX,1989-01-17,1.4071392673878635,1.4200095844184084,1.3985589520164752,1.4157192707061768,3308934,17.15676347100896,17.01792755979834,18.57421867803629,21.438250405530205,23.125198706651258,2.35,8.0,0.18,-0.32
RTX,1989-01-18,1.4157192603082633,1.445749791790255,1.4071392570529668,1.4414598941802979,3132237,17.681663498541024,17.412569665053933,18.735784632095626,21.512645053142663,23.043270599813876,2.33,25.0,0.17,-0.36
RTX,1989-01-19,1.4457484145656885,1.475779021458119,1.4457484145656885,1.4671986103057861,6256846,17.8420862372687,17.77340064054412,18.9022735421192,21.551388849903283,23.08313295775116,2.3,35.0,0.11,-0.42
RTX,1989-01-20,1.4629097206445554,1.5101001420482363,1.4629097206445554,1.5058101415634155,11548852,19.166313622627833,18.53155805307769,18.83832309784525,21.527282598695123,22.714881159608005,2.28,32.0,0.3,-0.44
RTX,1989-01-23,1.5101001892052741,1.5186805024958492,1.4929398746771234,1.4972302913665771,8609838,18.269341377621203,18.563973251618464,18.861177958976523,21.541407929949052,22.705136021030263,2.26,33.0,0.44,-0.46
RTX,1989-01-24,1.4929398280559636,1.5101001420482363,1.4929398280559636,1.5058101415634155,4984375,18.286331318657556,17.855393018321248,18.869574602764747,21.547131082066524,22.69143185997843,2.23,35.0,0.59,-0.46
RTX,1989-01-25,1.5058097998937927,1.5143901109695435,1.4972299048886006,1.5143901109695435,9559424,17.92458881920383,17.805303268016104,18.712583348332203,21.552748665964533,22.678030829793077,2.21,24.0,0.67,-0.4
RTX,1989-01-26,1.5100997994052086,1.5272600054861516,1.5058097998937927,1.5143901109695435,4404708,17.582130665059235,17.80288253428275,18.622007882552133,21.171438539353822,22.67674917455878,2.18,13.0,0.77,-0.37
RTX,1989-01-27,1.527260302147228,1.5444206155790976,1.5101000927330182,1.540130615234375,8787806,17.793438046259897,18.089430311093125,18.75147162597171,21.243134890349765,22.700258051933673,2.16,28.0,0.94,-0.4
RTX,1989-01-30,1.5487103916798488,1.5615807037678744,1.5487103916798488,1.553000807762146,4934798,17.82820611146416,18.120878318637804,18.755596057519348,21.10039825659742,22.705607696259065,2.15,29.0,1.09,-0.4
RTX,1989-01-31,1.544420315584734,1.5487102110785103,1.5100997994052086,1.5143901109695435,4225469,19.167512672781335,18.62725696019408,18.905939722457852,21.293502874335875,22.85022664478004,2.13,43.0,0.83,-0.34
RTX,1989-02-01,1.5143901109695435,1.5401303160733182,1.5100997994052086,1.5143901109695435,6594986,19.17959236183919,18.56602811742621,18.673112855802053,21.092872892838166,22.68874399906509,2.11,22.0,0.67,-0.28
RTX,1989-02-02,1.5143899773304779,1.5358402850475694,1.5100996661447466,1.5186799764633179,2251295,18.674771098241607,18.54494873907955,18.518676944770412,20.934274859345216,22.66338495078189,2.08,5.0,0.57,-0.23
RTX,1989-02-03,1.5186802002095516,1.5444204068341418,1.5186802002095516,1.5358405113220215,1330946,18.809273269778455,18.581417844021164,18.427388393731267,20.939876167571285,22.679622170959522,2.05,4.0,0.53,-0.2
RTX,1989-02-06,1.540130718514322,1.5572910330969487,1.5358408218995823,1.5444207191467285,6647105,18.72426141955517,18.52242342882624,18.435596821568,20.77463602833976,22.509385774620096,2.03,5.0,0.5,-0.21
RTX,1989-02-07,1.5444201792956191,1.5572904887470307,1.5143899773304779,1.5186799764633179,5421668,19.288329017962177,18.687832925976753,18.578681394067527,20.881488497108293,22.579589981648365,2.0,12.0,0.37,-0.24
RTX,1989-02-08,1.5272601835860953,1.557290807773836,1.5272601835860953,1.553000807762146,3441138,20.054487743995082,18.63381041647712,18.558087619251605,20.914961581504972,22.623800591624864,1.96,11.0,0.34,-0.24
RTX,1989-02-09,1.5401305528109657,1.5916113870023325,1.5401305528109657,1.565870761871338,8318733,20.033125824818793,18.58533321466745,18.431977029874613,20.3486897791501,22.63532215709786,1.92,5.0,0.33,-0.18
RTX,1989-02-10,1.5358405113220215,1.565870613693849,1.5315505115571384,1.5358405113220215,7108550,20.807537366278968,19.074597125609554,18.65165475020585,20.4951113990509,22.64925867394881,1.88,26.0,0.21,-0.24
RTX,1989-02-13,1.5280487278189359,1.532377419777685,1.5064046382904053,1.5064046382904053,4581405,21.62938939197967,19.33731867186508,18.945632273299758,20.523772136852337,22.73137195999648,1.83,53.0,0.1,-0.32
RTX,1989-02-14,1.5150620112198736,1.5323770901981824,1.5150620112198736,1.5193907022476196,4310639,20.145828113011753,19.361687714151685,18.67756508104184,19.995730662121172,22.690190425146962,1.78,30.0,-0.03,-0.28
RTX,1989-02-15,1.519391681189341,1.5367067713237357,1.519391681189341,1.532378077507019,3241560,19.45907380478822,19.083336170087886,18.629583620332003,19.962872859847007,22.691792018494787,1.73,24.0,-0.15,-0.25
RTX,1989-02-16,1.532377398076004,1.549692480533175,1.5237196994137245,1.5367060899734497,4411064,19.434860969504214,18.92816854321869,18.542812225500338,19.96364247193531,22.614345508943092,1.68,11.0,-0.26,-0.21
RTX,1989-02-17,1.5410346984863281,1.5583497811858735,1.5410346984863281,1.5410346984863281,3096643,19.409605274522157,18.604276574862272,18.527356357438084,19.84300139048833,22.303625294641098,1.63,9.0,-0.36,-0.21
RTX,1989-02-21,1.5453639030456543,1.5496925952635716,1.5323775115244909,1.5453639030456543,1800019,19.23485854876094,18.603554201475617,18.52749437158523,19.693870206178605,22.24523295299057,1.58,10.0,-0.45,-0.2
RTX,1989-02-22,1.5453644738246968,1.5496931676414136,1.5280493836903022,1.532378077507019,3184356,19.442871895905594,18.36202511013655,18.505166184681595,19.714884956354247,22.12938397156322,1.52,8.0,-0.56,-0.22
RTX,1989-02-23,1.532377565317566,1.5367062576874393,1.506404781363482,1.5280488729476929,3241560,19.50932688876439,18.324850334509097,18.478199906302862,19.668025782803365,22.12178359863285,1.46,8.0,-0.65,-0.2
RTX,1989-02-24,1.523720182880913,1.523720182880913,1.4977478133437712,1.502076506614685,3474190,20.289842010522445,18.59934064968939,18.703332850209517,19.50443105528716,22.189294439002733,1.4,40.0,-0.71,-0.29
RTX,1989-02-27,1.497747354605179,1.5020760465502763,1.4804322719573975,1.4804322719573975,4030975,20.783421105635902,18.883285458325442,18.47343200730849,19.34175471334986,22.207399939842123,1.34,8.0,-0.76,-0.34
RTX,1989-02-28,1.4890899583636839,1.5150622129440308,1.4847608469364348,1.5150622129440308,6028030,21.500305304742266,19.341824013013717,18.797134624656103,19.516985142459205,22.30262675459379,1.28,51.0,-0.84,-0.37
RTX,1989-03-01,1.519391029034045,1.5237197209927942,1.5020760512874538,1.5064046382904053,4024619,21.57117787021632,19.332319020827292,18.821898548585473,19.250156243342452,22.30841809832417,1.22,53.0,-0.91,-0.39
RTX,1989-03-02,1.5020757282250858,1.5193907022476196,1.5020757282250858,1.5193907022476196,2748334,21.133880658772195,19.318827438811635,18.777231132382912,19.26760989330036,22.23880312221265,1.16,49.0,-0.98,-0.37
RTX,1989-03-03,1.5150622129440308,1.5193909045481238,1.5150622129440308,1.5150622129440308,2316126,20.619756552063933,19.12354795762814,18.785239931067295,19.07770970342772,22.201299278709428,1.1,50.0,-1.04,-0.38
RTX,1989-03-06,1.52371972074258,1.5410346984863281,1.519391028784542,1.5410346984863281,3347070,19.826296600317246,19.38643625670403,18.899030422502285,19.162283596943947,22.2542600198085,1.04,63.0,-1.1,-0.39
RTX,1989-03-07,1.541035320137659,1.5626789985704725,1.5323780376850453,1.5540217161178589,4866154,19.846882879716453,18.96419248349972,18.37894945951297,19.03048200897842,22.19228819662491,0.97,3.0,-1.14,-0.44
RTX,1989-03-08,1.5540209498139037,1.5843224205365587,1.5540209498139037,1.571336030960083,3419528,20.01221613447131,19.05208610352733,18.401560437289042,18.895951164491517,22.19387229513055,0.89,4.0,-1.16,-0.44
RTX,1989-03-09,1.5626789985704725,1.5670081120980588,1.5540217161178589,1.5540217161178589,2403839,20.289747964180442,19.041225721600817,18.50311883122718,18.89807148464451,22.13637496860928,0.81,12.0,-1.2,-0.49
RTX,1989-03-10,1.5410346769150993,1.5453637886357294,1.5280487061785584,1.5367060899734497,2182650,20.588762509150808,19.093306524018736,18.467124484773855,18.91244264264403,22.029261021413244,0.76,10.0,-1.25,-0.5
RTX,1989-03-13,1.5367067649347437,1.5626790326829045,1.5367067649347437,1.5583504438400269,1993242,20.4066332083886,19.180560130094403,18.56689425364148,18.869452243108487,21.96839769722539,0.7,23.0,-1.29,-0.53
RTX,1989-03-14,1.5626789985704725,1.5713368058022856,1.549693127369472,1.5540217161178589,3086474,20.285082482786933,19.186840220122487,18.543223431087483,18.831743567388713,21.97086581147678,0.64,21.0,-1.32,-0.52
RTX,1989-03-15,1.5540217500413072,1.5713368401037127,1.5496931611984295,1.5583504438400269,3000032,18.83367988485439,18.87756102559653,18.34597488591679,18.831047964049944,21.769284977164073,0.61,2.0,-1.36,-0.47
RTX,1989-03-16,1.5583498425322042,1.5713362337849366,1.5540211504037618,1.5670075416564941,5417854,18.87768966094602,18.89206672219786,18.35096509426092,18.817011232174554,21.773802852388258,0.58,4.0,-1.39,-0.46
RTX,1989-03-17,1.5410346984863281,1.5453638102675564,1.528048727568011,1.5410346984863281,5661925,19.562891701375197,19.055248274290403,18.559535199840898,18.92338345856549,21.83977947000148,0.54,26.0,-1.42,-0.53
RTX,1989-03-20,1.5367059858318626,1.5367059858318626,1.5020759282201739,1.5150622129440308,2734351,19.922918892677632,19.43345217641981,18.771059068214768,19.040406240100186,21.874421817273156,0.5,57.0,-1.45,-0.6
RTX,1989-03-21,1.5280490628108394,1.5323777557185612,1.5064049685373064,1.5107340812683105,2400026,19.85108464201192,19.431353333159628,18.770582925351913,19.025501803857196,21.875152815059828,0.47,57.0,-1.47,-0.6
RTX,1989-03-22,1.4934186673699559,1.5107337500723446,1.4934186673699559,1.5064046382904053,2743250,19.273089419392736,19.324578208734287,18.361733010199732,19.0285542510543,21.86043001172516,0.43,5.0,-1.48,-0.58
RTX,1989-03-23,1.497747124213712,1.5064044018164007,1.489089846611023,1.489089846611023,2070785,18.296006164065844,19.4819280041146,18.41579592376922,19.043655039815075,21.531157842314812,0.38,8.0,-1.48,-0.61
RTX,1989-03-27,1.4934186673699559,1.5064046382904053,1.4847609685850651,1.5064046382904053,1287726,18.471934866416966,19.528494429771026,18.49476087821716,19.012012178710254,21.50068020583764,0.35,17.0,-1.49,-0.64
RTX,1989-03-28,1.5150629873726242,1.5367067713237357,1.5107343985117503,1.532378077507019,1559762,18.394295077059144,19.589490038314228,18.67805203634322,19.061906591537127,21.5645906513565,0.33,50.0,-1.51,-0.69
RTX,1989-03-29,1.5323774195260491,1.5496925022255947,1.5323774195260491,1.5410346984863281,2590706,17.523791681813368,19.549150265175065,18.67563287407673,19.022159193396774,21.569046107594346,0.31,49.0,-1.53,-0.69
RTX,1989-03-30,1.5367067649347437,1.5626790326829045,1.532378071136024,1.5583504438400269,2942828,17.640003290823554,18.87404833700237,18.573052545404277,19.04744004401899,21.532876256618668,0.29,31.0,-1.53,-0.66
RTX,1989-03-31,1.5583502525384167,1.592980323456231,1.5583502525384167,1.5756652355194092,4589032,17.750867678535247,18.52946683280064,18.604404625312306,18.844112634622732,21.515431242373744,0.28,36.0,-1.52,-0.66
RTX,1989-04-03,1.5843230313284342,1.610295295715332,1.5799939182666083,1.610295295715332,4121230,18.74518186211326,18.95395591405105,18.873344055405045,18.882587919772632,21.549767107769632,0.28,79.0,-1.46,-0.69
RTX,1989-04-04,1.6016380141941375,1.610295295715332,1.5886516196111171,1.610295295715332,4041145,18.74656276767281,18.941354596136605,18.83541134822503,18.79679220688289,21.54869579967845,0.27,75.0,-1.42,-0.67
RTX,1989-04-05,1.6016372206467961,1.618951880066291,1.6016372206467961,1.6146231889724731,4112332,18.745842276703666,18.866481934452622,18.79548634726973,18.62834910292194,21.44049172315467,0.27,71.0,-1.37,-0.65
RTX,1989-04-06,1.6146237289107717,1.6146237289107717,1.6016377562425201,1.6059664487838745,4446658,18.625922671577225,18.900243652524683,18.693641404098294,18.644097971153826,21.27283443520065,0.27,57.0,-1.33,-0.61
RTX,1989-04-07,1.6059667074326491,1.6146239889538436,1.6016380141941375,1.610295295715332,3021642,18.581459542392377,18.899689232293266,18.397294119674932,18.561657746931097,21.223165445023014,0.27,7.0,-1.31,-0.55
RTX,1989-04-10,1.6146237289107717,1.618952421452126,1.597308643877919,1.6059664487838745,2150870,17.758616350005948,18.907549934783628,18.370395077621183,18.48187214346245,21.215021903071445,0.27,6.0,-1.31,-0.53
RTX,1989-04-11,1.618952751159668,1.623281759450081,1.60596677584676,1.618952751159668,5190310,17.102042032407585,18.93072530204286,18.354633834329253,18.48742376087627,21.22777591664149,0.27,5.0,-1.29,-0.52
RTX,1989-04-12,1.610295295715332,1.6146239889538436,1.5973089011323116,1.610295295715332,2155955,16.153291640623564,18.854115954067023,18.23723630679454,18.494486364341792,21.186436651369654,0.28,2.0,-1.3,-0.48
RTX,1989-04-13,1.6016377906217423,1.6059664832560123,1.579993697715509,1.5843228101730347,2072056,16.865595899420914,19.199604569688255,18.45130298815191,18.587588223137725,20.861123939327335,0.28,18.0,-1.33,-0.55
RTX,1989-04-14,1.588651363751022,1.6059664487838745,1.588651363751022,1.6059664487838745,3049609,17.10309688275284,19.0609499288891,18.33655096175656,18.632623312570423,20.80649315402252,0.28,3.0,-1.32,-0.54
RTX,1989-04-17,1.6059665604287956,1.6102951483152568,1.5886514741922184,1.5973087549209595,3728430,17.179883037777223,18.824553090650976,18.283096636149455,18.595072218079608,20.8156967420946,0.27,3.0,-1.32,-0.51
RTX,1989-04-18,1.601637285931392,1.6449247234128996,1.5886508972532687,1.6405960321426392,15643387,18.136012013748974,18.867685852751794,18.507503350210694,18.82809901013502,20.94974885753847,0.27,27.0,-1.27,-0.46
RTX,1989-04-19,1.631938392769332,1.6622397575176275,1.631938392769332,1.6492533683776855,7386943,18.06401075188883,18.82425292986113,18.514355503676853,18.706268718505676,20.882579654541285,0.26,28.0,-1.21,-0.46
RTX,1989-04-20,1.662240593329278,1.6752265691757202,1.6405969154138045,1.6752265691757202,5175055,18.309325001574916,19.025036147781336,18.42304176841105,18.773219475374056,20.92630990738513,0.24,16.0,-1.1,-0.43
RTX,1989-04-21,1.666568452923883,1.6838834285736084,1.666568452923883,1.6838834285736084,3709362,17.890988057527203,19.020718780756432,18.391900601023778,18.728700683351878,20.89644781206409,0.23,12.0,-0.99,-0.42
RTX,1989-04-24,1.6708967685699463,1.6925404321460278,1.666568182792805,1.6708967685699463,5781418,17.684497851569393,19.11739303776336,18.38170633791612,18.676945629466736,20.89717634901067,0.22,12.0,-0.94,-0.43
RTX,1989-04-25,1.6795551476369515,1.6838837349031555,1.6665687561035156,1.6665687561035156,2215702,17.42331262865434,18.87015253958687,18.393258801235593,18.561151747383402,20.88263660614215,0.2,14.0,-0.91,-0.43
RTX,1989-04-26,1.6665694493907435,1.7055281154187039,1.6622407553680134,1.6925417184829712,4358945,17.76569183052712,19.039449625257664,18.470954152625517,18.4536103738272,20.90099958184311,0.19,26.0,-0.84,-0.45
RTX,1989-04-27,1.7098559179849853,1.8527048453758121,1.7098559179849853,1.8137460947036743,19319698,26.17288736860932,22.844011269065852,21.267822256610525,20.050891701473734,21.893452775902343,0.32,100.0,0.04,4.6
RTX,1989-04-28,1.7834451686976787,1.813746543333031,1.7618013896471807,1.8007601499557495,8996282,26.411338656496625,22.931696457291633,21.30117385826125,20.026740980682927,21.864476111969637,0.42,100.0,0.41,4.6
RTX,1989-05-01,1.7834441430620693,1.7877727284535454,1.7704577571530902,1.7791155576705933,3884787,26.11909476504089,23.13628103809939,21.329845713532002,20.089892872550813,21.87502826398162,0.49,100.0,0.47,4.66
RTX,1989-05-02,1.7747874971604323,1.805088657003556,1.7704584901536382,1.783444881439209,7778473,25.305181496875672,23.06678073907485,21.326265110093715,20.08839544265775,21.859655734879457,0.56,99.0,0.49,4.65
RTX,1989-05-03,1.7704578408910063,1.7747868463102667,1.7618004597870662,1.7661292552947998,3378850,25.579093386924367,23.19290803270172,21.148560769218676,20.12678224281507,21.843118295447994,0.61,96.0,0.44,4.83
RTX,1989-05-04,1.7618013477746843,1.7661301454642295,1.7401577791502238,1.7488150596618652,2332652,25.849270778372606,22.991914633051692,21.2397165277293,20.174719294250085,21.702854207007064,0.66,96.0,0.35,4.74
RTX,1989-05-05,1.74448645847612,1.7704588261531158,1.74448645847612,1.7531442642211914,4305554,25.385066572774928,22.61127534289789,21.135887607828852,20.1467710928913,21.702815525939798,0.7,94.0,0.26,4.93
RTX,1989-05-08,1.7444857024301126,1.7488143935149847,1.7141843400571246,1.7314993143081665,3095372,25.830497411771354,22.764373120002187,21.185623013351147,20.19148242045839,21.74503567554037,0.74,95.0,0.17,4.88
RTX,1989-05-09,1.7618014120501877,1.7618014120501877,1.7271714490936925,1.7401578426361084,3764023,25.560218873581025,22.34625994933408,21.146004663808643,20.169560351522474,21.74736413814741,0.78,93.0,0.08,4.9
RTX,1989-05-10,1.7444857024301126,1.7444857024301126,1.7271707281790707,1.7314993143081665,2355534,25.694873968006902,21.94815202925743,21.168864669296358,20.1758820056792,21.48355078383985,0.81,94.0,-0.01,4.9
RTX,1989-05-11,1.7401578631620975,1.7444864511489868,1.73150005745339,1.7444864511489868,2893251,25.62593237134208,21.935788567115658,21.026174044135047,20.16035305807728,21.48565462845542,0.84,90.0,-0.09,5.13
RTX,1989-05-12,1.7921022289302835,1.7964308150109864,1.7574720709038063,1.7877730131149292,7531860,26.248039989080553,22.36996436564699,21.323472228606814,20.322993077498356,21.5008095552566,0.88,98.0,-0.15,4.7
RTX,1989-05-15,1.8007603164044632,1.8310616938406465,1.7964317281235715,1.8180752992630005,9961123,25.99954112906372,22.559533662982687,21.31578694718399,20.395566325339214,21.529791908051106,0.91,97.0,-0.15,4.61
RTX,1989-05-16,1.8007598599083658,1.805088657003556,1.7747874971604323,1.783444881439209,7604318,26.843337607284855,23.007018069098805,21.593555083609186,20.325427756128818,21.483971157537418,0.95,100.0,-0.22,4.35
RTX,1989-05-17,1.7877726451221523,1.8094164107167447,1.7834440599324397,1.7921018600463867,12077671,26.84559357692612,23.01220579884906,21.57841883349107,20.320128200536757,21.371843598369644,0.98,99.0,-0.28,4.35
RTX,1989-05-18,1.7877730131149292,1.7921022289302835,1.7834444270342262,1.7877730131149292,5747095,26.77444193543105,22.92323050313925,21.50978311801276,20.326250063304364,21.35721224182674,1.01,98.0,-0.36,4.41
RTX,1989-05-19,1.7877734686227953,1.7921026855411932,1.7747874971604323,1.783444881439209,5659382,26.8300976320558,22.919304384722366,21.51665694576426,20.247324359869072,21.243432849530354,1.04,98.0,-0.43,4.43
RTX,1989-05-22,1.788679847823895,1.8148555121904337,1.7799544853319083,1.8017674684524536,6358542,26.836169258327896,22.59756235927515,21.5249746522505,20.223346859667796,21.260850680128982,1.07,98.0,-0.5,4.42
RTX,1989-05-23,1.7974045276641846,1.8017669962120708,1.7886793790137567,1.7974045276641846,3302578,26.864838472652895,22.3308643191212,21.44232447209197,20.219956374035267,21.18351922039669,1.09,95.0,-0.56,4.58
RTX,1989-05-24,1.7886800971147845,1.8061308245308907,1.7886800971147845,1.793042778968811,3610208,26.794273462734168,21.969913386605285,21.413768695643196,20.21653467831422,20.773772805290598,1.11,94.0,-0.63,4.61
RTX,1989-05-25,1.7799542384800475,1.7930422804029205,1.7799542384800475,1.788679599761963,2525874,26.197532495727327,21.925557606941616,20.98683733724545,20.040937987902343,20.776961505657603,1.13,80.0,-0.72,4.99
RTX,1989-05-26,1.788679847823895,1.8017674684524536,1.788679847823895,1.8017674684524536,1562305,26.06202611943817,21.912742965567883,20.77988690606288,19.927879513009557,20.69992352457179,1.14,79.0,-0.78,5.32
RTX,1989-05-30,1.8104927914120699,1.8104927914120699,1.7799542384800475,1.788679599761963,4482251,26.125745102972747,21.980758043789077,20.8291347526452,19.879221803044352,20.340268762464486,1.15,79.0,-0.85,5.29
RTX,1989-05-31,1.7886800971147845,1.793042778968811,1.7886800971147845,1.793042778968811,2572909,25.20238578619647,21.779759871770604,20.820676795761383,19.80167555826596,20.305715327132347,1.16,78.0,-0.91,5.32
RTX,1989-06-01,1.788679599761963,1.7974047494891967,1.7843167075663238,1.788679599761963,4800051,25.24005830223558,21.768208864125334,20.791738420967224,19.807438470637017,20.308801366615402,1.17,77.0,-0.98,5.35
RTX,1989-06-02,1.7886805070566947,1.7974056612096976,1.7755924584950074,1.7843176126480103,5319972,24.978195784316238,21.71274109890421,20.788046270784278,19.7644473267574,20.229783891608992,1.17,76.0,-1.05,5.36
RTX,1989-06-05,1.7712288954730058,1.7712288954730058,1.7363277714858423,1.7450528144836426,8054323,25.93195324555584,22.119668570207885,21.15103967046316,19.807640279769274,20.259511743667407,1.19,84.0,-1.11,5.0
RTX,1989-06-06,1.7363277714858423,1.749415811980524,1.7276023053787255,1.7450528144836426,6476764,25.7969654323227,21.954002878686108,21.144058509075037,19.73092766868684,20.252847826914124,1.2,81.0,-1.17,5.03
RTX,1989-06-07,1.7625045716913839,1.7712300434537083,1.7537795230386506,1.7581419944763184,5260226,25.824901728095195,21.8439175980447,21.152360058340307,19.696213592244057,20.22815890960811,1.21,84.0,-1.22,5.02
RTX,1989-06-08,1.7755927036592072,1.784317859016932,1.7668677598563003,1.7799553871154785,3244102,25.696287138969947,21.921734202576,21.139552669414915,19.73556420667808,20.071417932426876,1.22,79.0,-1.3,4.96
RTX,1989-06-09,1.7625042669714168,1.7755922079086304,1.7625042669714168,1.7755922079086304,6261931,15.848882298243408,21.942689108218886,21.136112008775918,19.585456690605028,19.897374908175852,1.23,78.0,-1.38,4.96
RTX,1989-06-12,1.7712302287375816,1.7755927006315966,1.762504756062508,1.766867756843567,3255543,15.782025166384193,21.97893574873533,21.014281886001335,19.55563887295348,19.901923736705772,1.24,75.0,-1.44,5.21
RTX,1989-06-13,1.7537785768508911,1.7712290878511572,1.749416001989495,1.7537785768508911,1897902,15.544123522565403,21.722263613023713,20.915972623514616,19.539472359745385,19.729295618866725,1.25,73.0,-1.49,5.44
RTX,1989-06-14,1.7494166433663416,1.7755922079086304,1.7494166433663416,1.7755922079086304,2375873,15.966341965790557,21.44817122512902,20.624770380714892,19.57344451420749,19.756967589031728,1.25,67.0,-1.53,5.87
RTX,1989-06-15,1.7799548901468278,1.793042936861421,1.7581416905105984,1.7755922079086304,3624191,15.704333666911696,21.424807029791726,20.592773170196004,19.57344451420749,19.617301722234558,1.26,66.0,-1.56,5.9
RTX,1989-06-16,1.7755922079086304,1.7843173608302667,1.7712297372251915,1.7755922079086304,5825910,15.414470727818092,21.401043534716795,20.584433666187543,19.530416515884813,19.610746548316317,1.26,65.0,-1.59,5.93
RTX,1989-06-19,1.7668676300045445,1.775592573166232,1.7668676300045445,1.7712301015853882,1784765,15.426087318247097,21.221814658883396,20.584396589940994,19.51447243960778,19.505499007766307,1.26,64.0,-1.61,5.97
RTX,1989-06-20,1.7799547334067314,1.793042778968811,1.7755920515527048,1.793042778968811,3019100,15.308259211703385,21.234115726462488,20.652275065515987,19.554976246399825,19.41963627041485,1.26,67.0,-1.64,5.81
RTX,1989-06-21,1.7930422804029205,1.7974047494891967,1.7755915578390897,1.788679599761963,2872912,15.298334403101968,21.053057352567624,20.518300365355564,19.365346986133282,19.389014514776704,1.26,62.0,-1.66,6.1
RTX,1989-06-22,1.7930431899105905,1.7930431899105905,1.7755924584950074,1.7843176126480103,1966546,15.2305768316296,21.068033822744574,20.49829045371086,19.36254166034174,19.362998945533285,1.27,61.0,-1.67,6.18
RTX,1989-06-23,1.7974047717327757,1.8279433250427246,1.7799542605076695,1.8279433250427246,3775464,16.556292897114552,21.46210339866541,20.36643053159634,19.54890961316061,19.421409854229545,1.27,60.0,-1.67,6.1
RTX,1989-06-26,1.8235806631277096,1.8279435559284138,1.8017674684524536,1.8017674684524536,3134779,15.688633824001114,21.670656806173263,20.52841176767714,19.598195889648316,19.453962194587522,1.27,62.0,-1.68,5.91
RTX,1989-06-27,1.806129813194275,1.8235798961750422,1.806129813194275,1.806129813194275,2877997,14.904478052465944,21.286221546493785,20.527959768015545,19.598003474692195,19.453313641180863,1.26,61.0,-1.68,5.91
RTX,1989-06-28,1.8017681325088044,1.8061312384722779,1.7799551413489032,1.7843176126480103,2708927,14.246335221084216,21.477639720282948,20.588002275651128,19.624932329848235,19.484256530518557,1.26,64.0,-1.69,5.92
RTX,1989-06-29,1.7755913640832415,1.7755913640832415,1.7450528144836426,1.7450528144836426,3554275,15.55297480478253,22.030187065465253,20.91902887583253,19.526387853665764,19.618891414402025,1.26,73.0,-1.68,5.59
RTX,1989-06-30,1.7581410459349467,1.7581410459349467,1.7319653852118884,1.7537785768508911,3617835,15.637493758592436,21.998515459410758,20.726126697615793,19.508605592571072,19.62150337043728,1.26,66.0,-1.67,5.78
RTX,1989-07-03,1.7581419944763184,1.7625045716913839,1.749416945823585,1.7581419944763184,1219081,15.653542241245304,21.998064397516988,20.454148048859064,19.507996842302564,19.606717276642605,1.26,55.0,-1.66,6.27
RTX,1989-07-05,1.749416945823585,1.7625045716913839,1.7406914740612607,1.7581419944763184,2714012,15.32338613279414,21.9832559522418,20.42406303674061,19.438676803491656,19.60605021796857,1.25,54.0,-1.65,6.36
RTX,1989-07-06,1.766867756843567,1.7755927006315966,1.7494171288256457,1.766867756843567,3302578,15.405029254225184,21.95297458063256,20.165249983282038,19.435426432629512,19.578358058518795,1.25,52.0,-1.63,6.67
RTX,1989-07-07,1.7755915578390897,1.8104927914120699,1.7712290887528135,1.788679599761963,3153847,15.834026112245681,22.0163322768195,19.960612337370083,19.460032559012554,19.55491309649369,1.25,51.0,-1.61,6.84
RTX,1989-07-10,1.7886793790137567,1.806130099423923,1.7843164873565598,1.7974045276641846,1623322,15.881017637685058,21.70159567073498,19.936771122904897,19.364466328052167,19.52445633123587,1.24,50.0,-1.59,6.91
RTX,1989-07-11,1.801768075653494,1.8366693258285522,1.801768075653494,1.8366693258285522,4084366,16.946116893293812,21.944274499094135,20.15821857796652,19.506954776632924,19.593595198673505,1.24,51.0,-1.56,6.48
RTX,1989-07-12,1.8323058159048384,1.8672070503234863,1.8279433467128583,1.8672070503234863,3630547,17.375272077731708,22.076950056770624,20.291988531298884,19.587837794295808,19.64360634022256,1.23,52.0,-1.5,6.18
RTX,1989-07-13,1.8628457216090106,1.8672081934717977,1.845394987938598,1.8497576713562012,2439433,17.651715707549073,21.62682480695495,20.371046964741534,19.62916252956418,19.513301564676446,1.23,53.0,-1.46,6.1
RTX,1989-07-14,1.8497558338650866,1.8628438711166382,1.8192172918327383,1.8628438711166382,3114440,17.70349892627393,21.641432850112672,20.38737642394616,19.633514290780155,19.43738118963436,1.22,53.0,-1.42,6.06
RTX,1989-07-17,1.8497572996582066,1.8672078182672225,1.8497572996582066,1.8584822416305542,2536044,17.70170453659049,21.47192214121748,20.331827487941098,19.40346951753212,19.382934803110132,1.22,50.0,-1.37,6.12
RTX,1989-07-18,1.849757486507014,1.8541199579338525,1.8410319089889526,1.8410319089889526,2116548,16.56986276752731,21.58042350988854,20.398101242243584,19.42645709177781,19.295450378661375,1.21,53.0,-1.33,6.04
RTX,1989-07-19,1.841031562356887,1.9151963128616283,1.841031562356887,1.9064713716506958,6938210,19.136429666373473,22.55093085312085,20.833276833746673,19.82478745585244,19.581807182167456,1.21,71.0,-1.25,5.44
RTX,1989-07-20,1.8933832580419379,1.9108337745093764,1.889020787591139,1.8977457284927368,4168265,19.20777870030424,22.572717069974722,20.6874051118208,19.83762219042305,19.533422224383433,1.2,64.0,-1.22,5.61
RTX,1989-07-21,1.88902009303903,1.9239211131415517,1.8846574126375473,1.9195586442947388,5674637,19.169588557243415,22.48613988153679,20.472611875305923,19.864857180790217,19.497130898148228,1.2,53.0,-1.14,5.96
RTX,1989-07-24,1.9064713716506958,1.9064713716506958,1.8846581724043445,1.9064713716506958,2605960,19.31009611660726,17.686715181061693,20.484547101736716,19.791374142670726,19.50951046020235,1.19,53.0,-1.08,5.95
RTX,1989-07-25,1.9021088878274635,1.9282843459426324,1.9021088878274635,1.9151962995529175,3699192,19.194051433845853,17.62307020762199,20.4633704617311,19.77245593269385,19.50500778112297,1.19,51.0,-1.02,6.0
RTX,1989-07-26,1.9151967225968065,1.928284771877514,1.9021093079805005,1.9239223003387451,5171242,18.95762923951527,17.422771597532396,20.4495089406239,19.766803433022506,19.488355136453606,1.18,49.0,-0.96,5.99
RTX,1989-07-27,1.9195596509539048,1.9195596509539048,1.9021091317512089,1.9108340740203857,4702169,18.95754475113261,17.500317635144206,20.36583810815707,19.770885110676193,19.50066847469372,1.18,43.0,-0.91,6.24
RTX,1989-07-28,1.9151962995529175,1.9195594047923297,1.906471358402615,1.9151962995529175,3999195,18.943484155776087,17.353154943360558,20.341256825076474,19.74813181959321,19.465258660402835,1.17,42.0,-0.86,6.31
RTX,1989-07-31,1.9108338289777662,1.9195594047923297,1.8977457825880513,1.9151962995529175,11646734,18.943484155776087,17.198278409874668,20.292591713880874,19.675868221733133,19.459507110851032,1.16,40.0,-0.8,6.46
RTX,1989-08-01,1.915195774695166,1.915195774695166,1.884657642819041,1.889020323753357,12186994,19.477483177185906,17.479178492930366,20.34092932163281,19.607268253188586,19.434435110089364,1.15,41.0,-0.75,6.39
RTX,1989-08-02,1.8846581055855924,1.8977457284927368,1.8715700595689526,1.8977457284927368,2271634,19.258175551355077,17.25746800949404,20.23519009727071,19.587836348353154,19.430781939617873,1.14,37.0,-0.7,6.5
RTX,1989-08-03,1.8933827877044678,1.9021083611027785,1.8846576374155473,1.8933827877044678,4030975,19.25558434912473,17.25970504603246,20.15689800302044,19.573015991871056,19.400462643765863,1.13,34.0,-0.64,6.72
RTX,1989-08-04,1.8890201389575916,1.8933826079104479,1.8715694169274664,1.8759320974349976,3397918,19.48901981929715,17.34926084498284,20.221708405079408,19.538362158214877,19.373081502610145,1.12,36.0,-0.57,6.64
RTX,1989-08-07,1.875933284921791,1.910834327965443,1.8715706016526321,1.9021093845367432,3044524,18.667791088374226,17.494480780223775,20.310490466595347,19.58177261246922,19.327904553234767,1.1,39.0,-0.5,6.42
RTX,1989-08-08,1.8933827931329772,1.915195774695166,1.884657642819041,1.889020323753357,4782254,18.23887037967235,16.899707078283782,20.351216061499237,19.502139508917526,19.223374742640615,1.09,42.0,-0.43,6.41
RTX,1989-08-09,1.8802947503300291,1.9064708359359253,1.8802947503300291,1.889020323753357,4910646,18.24263660694434,16.572603326431977,20.134547470093363,19.455994663107532,19.18701063232115,1.07,30.0,-0.35,6.69
RTX,1989-08-10,1.875933284921791,1.9021093845367432,1.875933284921791,1.9021093845367432,3832668,17.835454223278955,16.09284939751983,19.915732802220628,19.358236223222043,19.155778741524305,1.07,27.0,-0.29,6.94
RTX,1989-08-11,1.915196237476073,1.915196237476073,1.8846580982208252,1.8846580982208252,3266984,16.647597467035283,16.209735620283734,19.982904070872447,19.40177977150403,19.180356677756528,1.06,29.0,-0.25,6.84
RTX,1989-08-14,1.8584807689235758,1.8933819900397746,1.8584807689235758,1.8628438711166382,3603852,17.12810320959486,16.398036112029356,20.087930208965474,19.354970278091255,19.226115855679723,1.04,29.0,-0.22,6.7
RTX,1989-08-15,1.8628456582239326,1.9021093845367432,1.8628456582239326,1.9021093845367432,3975042,17.97900671460122,16.89613542285095,20.18478632816744,19.46489289645871,19.31457332689986,1.02,33.0,-0.32,6.38
RTX,1989-08-16,1.9108330719371036,1.9195586442947388,1.9064706030902907,1.9195586442947388,4198774,18.05784541207037,16.872400451627932,20.160542255603662,19.442751083621005,19.327753885113292,1.01,31.0,-0.4,6.44
RTX,1989-08-17,1.9151957692041166,1.9195588732353146,1.889020318337355,1.8933827877044678,4208943,18.67706144820433,17.129132873616232,20.183381245835072,19.528776806148983,19.370574588228187,1.0,32.0,-0.43,6.56
RTX,1989-08-18,1.8846574126375473,1.9239211131415517,1.8846574126375473,1.9195586442947388,4489878,18.74944510646571,17.315435029162217,20.260086120548113,19.55635333615529,19.3873056202852,0.98,35.0,-0.47,6.38
RTX,1989-08-21,1.907254569210504,1.9204385009164853,1.885281562805176,1.8852815628051758,4906832,19.635177976705222,17.741955070410313,20.459817238608398,19.674214800241828,19.471703539739476,0.97,50.0,-0.48,6.22
RTX,1989-08-22,1.87649270121047,1.8896762067071697,1.8545192685958602,1.8852815628051758,2979693,18.697137106396646,17.692228564794785,20.409225417796197,19.6545150396995,19.46507333182018,0.96,46.0,-0.46,6.36
RTX,1989-08-23,1.8764910812720772,1.911647349719739,1.8764910812720772,1.9028584957122803,3324188,18.28600831822503,17.69629156272131,20.19397249923047,19.606998555319674,19.459288703228754,0.94,30.0,-0.4,6.77
RTX,1989-08-24,1.9072547982593597,1.9687789678573608,1.9072547982593597,1.9687789678573608,5272938,20.42732593604963,18.94587971340127,20.83578506471839,19.97536821145078,19.71672801187838,0.93,71.0,-0.33,5.83
RTX,1989-08-25,1.942411086185506,1.9555950164794922,1.942411086185506,1.9555950164794922,2529688,20.525713800151816,19.004686688545743,20.881460304289703,19.85216527331361,19.735224298827703,0.92,71.0,-0.28,5.8
RTX,1989-08-28,1.9336217379632659,1.9468052387237549,1.9292266694309315,1.9468052387237549,2136887,20.57147400305618,19.02759275650221,20.8741741441006,19.866503635433414,19.57281976066111,0.91,70.0,-0.25,5.81
RTX,1989-08-29,1.9380166134989154,1.9512001172955094,1.9248326834930947,1.9292271137237549,2781386,20.5548664498316,18.51098451529783,20.946552783185844,19.843083533038726,19.596347529624502,0.89,73.0,-0.22,5.75
RTX,1989-08-30,1.916044454010976,1.933622820036249,1.91164938301912,1.9204388856887817,3575886,18.013663464916654,18.55220417800497,20.958905933901065,19.81388867329974,19.60575779232821,0.87,73.0,-0.2,5.74
RTX,1989-08-31,1.924832264182723,1.9599891901016235,1.9116483370489226,1.9599891901016235,2694944,18.865616381125,18.9121411668008,21.143347138150094,19.911475104065225,19.633082417541058,0.84,79.0,-0.18,5.42
RTX,1989-09-01,1.9687788547442218,2.0083302261303833,1.9643844236716015,1.99075186252594,5102597,19.100058663569527,19.000647816623236,21.221072087899852,19.97016500522114,19.6453401171735,0.82,86.0,-0.16,5.21
RTX,1989-09-05,1.9951447354986742,2.0171177214267404,1.9907498825877303,1.9995393753051758,3854278,18.96555410727762,18.986034078615273,21.018025588858197,19.87638417814401,19.63987600582141,0.79,73.0,-0.29,5.4
RTX,1989-09-06,1.9951458780698903,1.999540520393096,1.942410596400549,1.9468052387237549,3030541,20.633912367215064,19.83160682290012,21.438651722560188,20.16342609912904,19.840334542755453,0.76,94.0,-0.42,5.14
RTX,1989-09-07,1.9468046551766691,1.9863559980210326,1.9468046551766691,1.9643830060958862,3397918,20.748610670932536,19.797023395888413,21.435145821811386,20.111976202226657,19.72351929803734,0.73,93.0,-0.68,5.08
RTX,1989-09-08,1.9731731414794922,1.9775675708068525,1.951199716215274,1.9731731414794922,2046632,20.65084595556053,19.684451665290606,21.07112741433812,20.11296218262807,19.634237653106275,0.71,72.0,-0.77,5.63
RTX,1989-09-11,1.9687782473644602,1.9731733163951382,1.9424108166446306,1.9511998891830444,2936472,20.949544667901474,19.860182943056497,21.165003540520182,20.164301212510694,19.618357539979787,0.68,81.0,-0.88,5.56
RTX,1989-09-12,1.9424108166446306,1.9687782473644602,1.9424108166446306,1.9511998891830444,3024185,20.949544667901474,19.860182943056497,21.047981922528287,20.1216298802213,19.561463974251613,0.64,70.0,-0.93,5.81
RTX,1989-09-13,1.9468050250781754,1.9599889506009673,1.9336215257644653,1.9336215257644653,5424210,20.711602240276342,19.962977692398233,21.106335231351327,20.156969438101306,19.59006382946366,0.6,71.0,-0.98,5.78
RTX,1989-09-14,1.9292271137237549,1.9424110437295756,1.9248326834930947,1.9292271137237549,3124610,20.697057931948933,19.84957498018064,21.063970594234704,20.14356064361738,19.55957850087117,0.55,69.0,-1.08,5.82
RTX,1989-09-15,1.9336211583678817,1.9643830060958862,1.9336211583678817,1.9643830060958862,7370418,21.286264300637935,20.13072516994976,21.217935370294963,20.172980830204878,19.510892205640282,0.5,83.0,-1.22,5.5
RTX,1989-09-18,1.9511996821785913,1.981961965560913,1.9468052529278874,1.981961965560913,2669520,21.159421519926052,20.168678824236263,21.134602354213,20.168589345039518,19.468079096664535,0.45,70.0,-1.28,5.65
RTX,1989-09-19,1.9687785205642425,1.9775680205315178,1.9555950164794922,1.9555950164794922,2265278,21.28728625507914,19.85263667676981,18.285905400523326,20.003992186577573,19.492685257156538,0.51,1.0,-1.33,0.48
RTX,1989-09-20,1.9511996922411898,1.9687780486483566,1.9468052629678232,1.9599891901016235,2037734,21.159646931357738,19.587169621264476,18.242921541441046,19.867311890840238,19.492116873676146,0.57,1.0,-1.36,0.49
RTX,1989-09-21,1.9599896599108209,1.9687785205642425,1.9555950164794922,1.9555950164794922,1941122,21.180966681514445,19.600150257664318,18.13176044237108,19.866722780629427,19.38222790910123,0.62,1.0,-1.38,0.55
RTX,1989-09-22,1.9555950164794922,1.9687785205642425,1.9555950164794922,1.9555950164794922,2027564,21.11249548810755,19.40051257496654,18.130799589226456,19.86139909445179,19.3506791582748,0.66,1.0,-1.4,0.55
RTX,1989-09-25,1.9468057296168346,1.9555950164794922,1.9380166558587952,1.9555950164794922,2700029,20.89565688684712,18.761032376290423,18.050511198748485,19.840834205972005,19.31844954603352,0.71,1.0,-1.42,0.59
RTX,1989-09-26,1.9512001599435456,1.973173590204807,1.9512001599435456,1.9555950164794922,2089853,20.5418119400714,18.75379777049517,17.96704102339107,19.83368084491225,19.31295630449884,0.76,1.0,-1.42,0.64
RTX,1989-09-27,1.9468057296168346,1.9555950164794922,1.9468057296168346,1.9555950164794922,1367811,19.71720449872518,18.75692262202711,17.96658205937323,19.834296055886217,19.31295630449884,0.8,1.0,-1.43,0.64
RTX,1989-09-28,1.9511998891830444,1.9687782473644602,1.9424108166446306,1.9511998891830444,4647507,19.58098555969598,18.77167354325289,17.843935768684503,19.83356369993793,19.284553486575977,0.84,1.0,-1.45,0.71
RTX,1989-09-29,1.9643840902375316,1.9643840902375316,1.9512001599435456,1.9555950164794922,2918675,19.110730988025352,18.760077362516412,17.834409706099926,19.827192945734563,19.269324984712764,0.88,1.0,-1.45,0.72
RTX,1989-10-02,1.9687780486483566,1.9687780486483566,1.9511996922411898,1.9599891901016235,2913590,18.736199103674533,18.630697845018062,17.807806520234003,19.785966179646813,19.26875651658936,0.91,1.0,-1.47,0.73
RTX,1989-10-03,1.9775675443783711,1.9995405431398,1.968778046527406,1.9863566160202026,5148360,18.21289962255477,18.776606049441344,17.884674963472627,19.824792638080847,19.164610113349216,0.95,4.0,-1.46,0.67
RTX,1989-10-04,1.986356038700476,1.995145320892334,1.9775669696131224,1.995145320892334,4529286,18.221175246160218,18.32167515135726,17.501173633372332,19.734035811644652,19.161258613592942,0.99,1.0,-1.44,0.83
RTX,1989-10-05,1.9951458926267223,1.9951458926267223,1.9775675363102092,1.981961965560913,2486467,18.243743195993016,18.118791683742945,17.360547973636812,19.668041934834125,19.17736546875419,1.03,1.0,-1.45,0.95
RTX,1989-10-06,1.981961965560913,1.9907510371668868,1.9775675363102092,1.981961965560913,2558926,15.385867622679536,17.99069992125467,17.059747761984852,19.455118306465934,19.147999323607536,1.07,1.0,-1.43,1.07
RTX,1989-10-09,1.9863563857244608,1.9907508144836086,1.9775673151016233,1.9775673151016235,1362726,15.264256821800734,17.96115092146074,17.056679239043337,19.441198272243142,19.150817736323372,1.11,1.0,-1.42,1.09
RTX,1989-10-10,1.9775675363102092,1.981961965560913,1.9643836092444003,1.981961965560913,3246645,15.20184373734116,17.949249252084194,17.049012952560886,19.435046333687865,19.12306049376043,1.15,1.0,-1.4,1.09
RTX,1989-10-11,1.9731725012122452,1.9775669291136742,1.959988578194457,1.9643830060958862,4113603,15.193006312567878,17.93644498638375,17.113426891317854,19.467778357104386,18.931114112114255,1.18,4.0,-1.38,1.04
RTX,1989-10-12,1.9555950164794922,1.9643840902375316,1.942411086185506,1.9555950164794922,5197937,15.190600592116462,16.522753878383746,17.070152529029233,19.479689783574646,18.923959407879476,1.21,4.0,-1.36,1.11
RTX,1989-10-13,1.9468064549648796,1.9512008869288835,1.7929955823979178,1.8633092641830444,8342886,19.779910877465788,19.290762238735525,18.764354309901073,20.264057703381823,19.56509923130283,1.21,19.0,-1.33,2.82
RTX,1989-10-16,1.8105721045430598,1.894069210238947,1.7754152994762904,1.8896747827529907,12417082,19.66906098038118,19.366220949532092,18.883980856136205,20.30426419890786,19.55733689914426,1.21,20.0,-1.29,2.7
RTX,1989-10-17,1.880886752936644,1.9907513366120548,1.8589137509597227,1.8720972537994385,7778473,19.699677027380666,19.409312717223948,18.94331630302731,20.101338063090328,19.579406672143644,1.21,21.0,-1.24,2.63
RTX,1989-10-18,1.863307365419334,1.9028587045242995,1.8589127248288977,1.8896747827529907,4172078,18.5360756788266,19.485091580497148,18.964985494947012,20.124028564180165,19.58363829481651,1.21,22.0,-1.2,2.61
RTX,1989-10-19,1.9028598930259537,1.9468056870648491,1.89846524969068,1.9292271137237549,3855550,19.377248438870858,19.930793599171494,19.192746007296112,20.254885815061566,19.60970503748459,1.21,23.0,-1.15,2.45
RTX,1989-10-20,1.920438863696617,1.9424116611480715,1.907254929500127,1.9424116611480713,3416986,19.442375929891533,19.92590763657934,19.215042535231092,20.231167423806447,19.613362288963135,1.21,24.0,-1.1,2.43
RTX,1989-10-23,1.9380172517140548,1.9424116833918605,1.916044454010976,1.9204388856887817,2697486,19.450940279142205,20.06324192153147,19.305571710159526,20.280173051619744,19.652893875809742,1.21,25.0,-1.04,2.33
RTX,1989-10-24,1.907254569210504,1.911649000007857,1.8545192685958602,1.8852815628051758,6831429,20.13242155010963,20.41919912975319,19.53862515118603,20.30200087437054,19.750413814532966,1.21,26.0,-0.97,2.12
RTX,1989-10-25,1.876492101439447,1.8896756027223895,1.8633081739473591,1.867702603340149,4442844,20.143486755857655,20.31471870071206,19.26098504128103,20.18340921283688,19.773958094560506,1.21,25.0,-0.93,2.31
RTX,1989-10-26,1.8589141237633091,1.86770319845396,1.8457301920703717,1.8501248359680176,4942426,20.285165285899836,20.377236746425623,19.32785074100261,20.202884570514936,19.641644407777097,1.2,27.0,-0.9,2.24
RTX,1989-10-27,1.8457302856602877,1.8501249297807691,1.8149679899215698,1.8149679899215698,7744150,20.052006740823593,20.73434046766329,19.54804774163767,20.20036471334451,19.7297529210392,1.2,29.0,-0.89,2.05
RTX,1989-10-30,1.8193619019073077,1.84133468231087,1.8193619019073077,1.8325453996658325,2941557,20.089563580615668,20.763003592124278,19.51056612251261,20.081514120705872,19.747650874267972,1.19,28.0,-0.85,2.09
RTX,1989-10-31,1.8325458134250032,1.8852808818884055,1.8325458134250032,1.8764920234680176,3977585,21.205251224635095,21.145826269364917,19.85553924131034,20.239937972240405,19.87702486408568,1.18,31.0,-0.78,1.88
RTX,1989-11-01,1.872096954944132,1.8896755242031633,1.863308096523744,1.8764920234680176,3321646,21.18191367997413,21.0999714475605,19.83633249550254,20.221537683410563,19.87132999410584,1.18,31.0,-0.71,1.9
RTX,1989-11-02,1.8677025257339381,1.8808864526782114,1.863308096523744,1.8764920234680176,2129260,21.1845977885964,21.0999714475605,19.794715749089985,20.220963198540716,19.805518555643022,1.17,31.0,-0.65,1.94
RTX,1989-11-03,1.8720972537994387,1.8940702557763598,1.8677028238877327,1.8720972537994385,1796206,21.182260061490485,21.053706258735026,19.711227049870747,20.22405617807947,19.795332024061764,1.17,31.0,-0.58,2.01
RTX,1989-11-06,1.8589128974903726,1.8633075384889963,1.8325452646031297,1.8369396924972534,4117417,21.773538905100676,21.32353956685768,19.95245958835101,20.361411927883253,19.89308539691607,1.17,37.0,-0.54,1.82
RTX,1989-11-07,1.8281511146414915,1.8545185415064618,1.8237566855670346,1.8457294702529907,6438628,21.857083168772018,21.21992051362627,19.96477738552447,20.335548335770035,19.883102563778994,1.17,39.0,-0.49,1.81
RTX,1989-11-08,1.8589141256024948,1.907254569210504,1.8589141256024948,1.8852815628051758,7098381,22.860364727131692,21.234557012978026,20.230477737329906,20.4696393172025,19.970089135629042,1.16,51.0,-0.4,1.65
RTX,1989-11-09,1.88528118284835,1.8940702557763598,1.8720972537994387,1.8720972537994385,1885190,22.920706765344487,21.190994658436335,20.17993716430954,20.376979579764164,19.939931213010286,1.16,47.0,-0.31,1.68
RTX,1989-11-10,1.8764917539981787,1.9116480350494385,1.8764917539981787,1.9116480350494385,5755994,23.798404195505267,21.448897686234993,20.43411237448068,20.42279369681327,19.93181374349776,1.16,69.0,-0.19,1.52
RTX,1989-11-13,1.9116483321885727,1.9160434007644653,1.902859473664185,1.9160434007644653,2733080,23.798980760838674,21.267151127404873,20.429619659728722,20.25923881282586,19.918615046865256,1.16,69.0,-0.06,1.53
RTX,1989-11-14,1.9072531320102555,1.9116475594962115,1.8852801421625547,1.8896747827529907,5926334,23.70313945752805,21.133523858110266,20.209297466187948,20.321693316980372,19.96023519990554,1.16,51.0,0.03,1.61
RTX,1989-11-15,1.8940699758260986,1.9160434007644653,1.8940699758260986,1.9160434007644653,5827181,24.0687233048701,21.32241276398644,20.18233484423251,20.358002214256643,19.947037823772927,1.16,48.0,0.18,1.64
RTX,1989-11-16,1.916927456855774,1.9257812920721904,1.9125003245675014,1.916927456855774,2180108,24.021215822315927,21.239677748526265,20.180274835599814,20.35228632533573,19.940958673927653,1.16,48.0,0.33,1.64
RTX,1989-11-17,1.9080742351580915,1.9346370463945406,1.9080742351580915,1.925782561302185,2966981,24.076831813031802,20.05452798064026,20.085987051853408,20.270448318152283,19.8636193440756,1.15,41.0,0.51,1.73
RTX,1989-11-20,1.9302106194910928,1.9302106194910928,1.779689486752466,1.792970895767212,14461171,31.584277121973553,24.76564256961301,22.849893611902942,22.001647154552174,21.130658048085348,1.19,100.0,0.31,6.04
RTX,1989-11-21,1.8195331792144656,1.8416684302651285,1.801824634885538,1.8283870220184326,9493322,32.23907737404226,25.127162783738765,23.042749464219366,22.080197904869486,21.13506281971494,1.23,100.0,0.15,5.82
RTX,1989-11-22,1.8195321541970195,1.8549487935427256,1.8195321541970195,1.850521445274353,2441975,32.458561582303574,25.211378937967467,23.114307761558987,22.073870862664084,21.162113505146262,1.27,100.0,0.0,5.75
RTX,1989-11-24,1.8505223638775623,1.8593766354493315,1.8460954427719116,1.8460954427719116,1170775,32.4502629500713,25.20106304108255,23.118783593382386,22.030030105766038,21.096396464177893,1.31,100.0,-0.27,5.74
RTX,1989-11-27,1.8460956864210547,1.872658289961882,1.8460956864210547,1.868230938911438,3246645,29.527989380761472,24.957671182983717,23.179407611503848,22.014249518493568,21.10724730940204,1.35,100.0,-0.52,5.67
RTX,1989-11-28,1.8638033866882324,1.8682303068805042,1.8549493316234993,1.8638033866882324,2181379,29.235352838423058,24.724734498030397,23.10752353121501,22.0133118154027,21.079904964374066,1.39,97.0,-0.65,5.73
RTX,1989-11-29,1.8638028114108398,1.8682297302367081,1.841667358561004,1.8549487590789795,3217407,29.14433777446205,24.708961402747946,23.110825536557165,22.022858188575864,21.088006326985518,1.42,97.0,-0.76,5.69
RTX,1989-11-30,1.8460941121547692,1.854948377344612,1.8239586638602414,1.8328131437301636,4886493,29.186781974447705,24.24039237320962,22.937813586068884,22.06937405379887,21.116204298017628,1.45,94.0,-0.76,5.79
RTX,1989-12-01,1.8372410068138434,1.8815117114978883,1.8328140866215716,1.8638033866882324,4074196,28.9528437808202,24.42905890930565,22.942934834270943,22.04935881813965,21.16038196552649,1.48,94.0,-0.76,5.79
RTX,1989-12-04,1.8593767599138076,1.8593767599138076,1.8283870220184326,1.8283870220184326,3999195,29.30984219201205,24.687657559552854,23.096963940914968,22.076077542970683,21.242694352097747,1.51,95.0,-0.76,5.55
RTX,1989-12-05,1.815105921631187,1.8549497143436808,1.815105921631187,1.8460954427719116,4337334,29.35947780590591,24.69906853876611,23.121054359474083,22.09448214948066,21.21094625076538,1.54,99.0,-0.77,5.53
RTX,1989-12-06,1.8372413858803762,1.8505223638775623,1.8328144647747255,1.8460954427719116,1843240,28.90589831841594,24.69906853876611,23.118232260114635,22.089806371554065,21.21094625076538,1.57,97.0,-0.78,5.54
RTX,1989-12-07,1.8416673764035476,1.8460945099524306,1.8283859757568985,1.83724045753479,2216973,28.817154443728317,24.654713874146864,23.082157674263396,22.049605651286992,21.12660525015215,1.6,92.0,-0.78,5.61
RTX,1989-12-08,1.8372410068138434,1.8682303068805042,1.8328140866215716,1.8638033866882324,4369114,29.00327280900598,24.84850923281739,22.513290713272553,22.07061368649427,21.166845861883022,1.61,87.0,-0.82,6.06
RTX,1989-12-11,1.8638032018368358,1.908073902130127,1.859376067403456,1.908073902130127,3085202,29.154765664349835,25.045999167324823,22.81365771205509,22.148144839747907,21.23577775363296,1.63,87.0,-0.81,5.77
RTX,1989-12-12,1.9080742130770332,1.9080742130770332,1.8726577758789062,1.8726577758789062,4473353,29.636497999032272,25.24314006343126,22.933058787360782,22.26712259839669,21.30380851506649,1.66,88.0,-0.84,5.5
RTX,1989-12-13,1.877084792010017,1.8992200370202512,1.8682303075815816,1.8903661966323853,3063592,28.95546755437657,25.195441594084915,22.959227897547922,22.2568552499175,21.306403822236547,1.68,90.0,-0.85,5.53
RTX,1989-12-14,1.8815110106102562,1.8947924102801441,1.87708409206707,1.8859379291534424,1472050,28.965172527936794,25.19113676024069,22.949802900480147,22.228738366780004,21.303613821391362,1.7,89.0,-0.86,5.51
RTX,1989-12-15,1.8992200370202512,1.8992200370202512,1.8460950625713475,1.8903661966323853,5162343,28.971969774538074,25.19622616802778,22.940988946034093,22.091998134415405,21.233628129218786,1.72,87.0,-0.86,5.52
RTX,1989-12-18,1.8770842496354314,1.8992194882497935,1.8593757152557373,1.8593757152557373,2382229,29.371122398020532,25.407228294295315,23.06397692623972,22.18775037607811,21.306390953026487,1.74,91.0,-0.89,5.32
RTX,1989-12-19,1.8593757152557373,1.8638028488506608,1.819532156941809,1.8593757152557373,3188170,28.829469936999896,25.407228294295315,23.060391602935532,22.186812915073293,21.26464611444352,1.76,90.0,-0.92,5.32
RTX,1989-12-20,1.8593763704143798,1.8726577758789062,1.8416680444752145,1.8726577758789062,2755962,28.868321462931718,25.459113359516895,23.090378751542953,22.18722669315206,21.272718418849994,1.79,92.0,-0.94,5.3
RTX,1989-12-21,1.8593765760744045,1.8682306326832059,1.8328144062480007,1.8416682481765747,2736894,28.592534134421594,25.667720470594514,23.13864908862077,22.282896080111612,21.343415255408367,1.81,99.0,-0.97,5.23
RTX,1989-12-22,1.8416679270061151,1.8682303068805042,1.8372410068138434,1.8638033866882324,2276719,28.76085301143133,25.802754394088872,23.207133382501258,22.31839564470583,21.345043856559478,1.83,100.0,-1.0,5.16
RTX,1989-12-26,1.868230938911438,1.8770854263320635,1.8638040172215187,1.868230938911438,1847054,28.07532221241204,25.803378949764273,23.20812103005369,22.30261589301624,21.339447239047548,1.85,100.0,-1.01,5.18
RTX,1989-12-27,1.8593771378020774,1.885939530333348,1.8593771378020774,1.8770856857299805,1875020,28.107201176439734,25.82075516683599,23.174318510708027,22.295351124559307,21.32709673530904,1.87,97.0,-1.01,5.28
RTX,1989-12-28,1.8770846051369747,1.908073902130127,1.8770846051369747,1.908073902130127,2509349,28.241378164605578,25.898150868897744,23.216004180207076,22.27709353560878,21.33503409070875,1.89,100.0,-1.01,5.23
RTX,1989-12-29,1.9125010749179898,1.9390634497089758,1.9080737262126273,1.921355128288269,1886461,28.02354632428091,25.924440577831675,23.214716221523712,22.238340701159647,21.330383375251806,1.91,99.0,-1.01,5.29
RTX,1990-01-02,1.91692931146709,1.970054306284107,1.9036479017526315,1.9656269550323486,4586490,28.785325347151208,26.331103689062267,23.490504676398434,22.37377175453377,21.28043397648304,1.93,100.0,-1.05,5.04
RTX,1990-01-03,1.9611990425600536,1.9789073652214377,1.9390635855632825,1.9434905052185059,3068677,28.97370988826132,26.43068192559318,23.540168722795034,22.21368384815287,21.2217347636129,1.95,100.0,-1.07,4.91
RTX,1990-01-04,1.9302112525427395,1.9567734352430515,1.9257836853918595,1.9390650987625122,2400026,19.459610789647765,26.43086787078252,23.495129225116912,22.210952156320467,21.219222141705597,1.97,99.0,-1.07,4.99
RTX,1990-01-05,1.9302112525427395,1.9434920218723986,1.9213567622819732,1.9390650987625122,2148328,18.793551883012835,26.425644185416402,23.417254839972674,22.1419419472333,21.21411881859938,1.99,97.0,-1.06,5.14
RTX,1990-01-08,1.9346357073418516,1.9523440212291854,1.9257812283780988,1.947917103767395,2131802,18.56884211061542,26.383727024995864,23.196673495342115,22.14040040718397,21.204140661772044,2.0,92.0,-1.07,5.35
RTX,1990-01-09,1.9434908874462786,1.9523453725386342,1.921355640776316,1.925782561302185,1568661,18.923547223777216,26.470799053807337,23.22561024400473,22.164725479914217,21.237818769722526,2.02,96.0,-1.07,5.24
RTX,1990-01-10,1.9036460599909564,1.9257812920721904,1.881510613229658,1.916927456855774,2538586,18.731161460195853,24.52338834588035,23.13298020789033,22.170336608901206,21.24506154270035,2.03,87.0,-1.07,5.4
RTX,1990-01-11,1.9257817094809035,1.9302092720889688,1.9125007390975952,1.9125007390975952,2655537,18.730258818138083,24.365199717143163,23.032750342493546,22.104224006717082,21.24238058128358,2.04,74.0,-1.07,5.48
RTX,1990-01-12,1.88593863169016,1.8947931161152727,1.8638033866882324,1.8638033866882324,2842403,20.211905397378196,24.86835951195516,23.219547549719074,20.778075507207504,21.40705766902717,2.06,95.0,-1.09,5.25
RTX,1990-01-15,1.8549487935427256,1.8593757124508432,1.8372404738698724,1.850521445274353,4393267,20.00599749318305,24.83126219398514,23.246388880670185,20.77790826195265,21.399043048360728,2.07,96.0,-1.11,5.19
RTX,1990-01-16,1.828386899628373,1.8460954427719116,1.828386899628373,1.8460954427719116,5358108,19.398763361349346,24.442582131600727,23.1992053922886,20.729082222450046,21.397929468295718,2.08,89.0,-1.15,5.21
RTX,1990-01-17,1.846095383821089,1.8593765760744045,1.828386841243032,1.8416682481765747,3353426,18.57260058438901,24.393987997851976,22.53722395169676,20.729663577562906,21.332718166532054,2.09,62.0,-1.16,5.72
RTX,1990-01-18,1.8195331792144656,1.8460955663473604,1.8151060431322337,1.8283870220184326,4853442,18.47438883749202,24.332645613942226,22.540918727532283,20.714805368358018,21.282105402194183,2.09,62.0,-1.17,5.71
RTX,1990-01-19,1.8460956864210547,1.872658289961882,1.837241628360954,1.868230938911438,4773356,19.533171956243443,24.47458150790234,22.806264206315237,20.833436058645084,21.23431450181724,2.1,62.0,-1.16,5.47
RTX,1990-01-22,1.8638037386482456,1.8726580100652057,1.8195330256041353,1.8239599466323853,3968686,20.730953791023943,24.889372560701126,23.07167275039902,21.030014517654575,21.369211799038403,2.11,74.0,-1.18,5.1
RTX,1990-01-23,1.8239586638602414,1.8416669795598477,1.8195317459453995,1.8328131437301636,2572909,20.32837062521634,24.83948593127241,23.078441689450035,20.983053859642066,21.36736946711849,2.12,74.0,-1.2,5.13
RTX,1990-01-24,1.797397561741965,1.8239599466323853,1.784116154616525,1.8239599466323853,6659817,19.03470370683227,24.542327307483376,22.844510860610292,20.984475685739877,21.369046390620845,2.13,61.0,-1.2,5.32
RTX,1990-01-25,1.8283859350121359,1.8372404165927092,1.7796883257801288,1.7885422706604004,4609371,19.104968520068148,24.78665681947387,22.888476526607988,21.106919425188174,21.465597937953955,2.14,62.0,-1.12,5.13
RTX,1990-01-26,1.7796889305428178,1.7929703354067001,1.7132823355837927,1.7708344459533691,4091993,18.964823486635364,24.34439448234921,22.914481251071745,21.122838921492818,21.42989929161332,2.15,62.0,-0.99,5.04
RTX,1990-01-29,1.7708358489959415,1.7752633094787598,1.7442734475830335,1.7752633094787598,3455122,19.012981887759363,24.354007829250534,22.553022922263327,20.92410545457161,21.416614147258798,2.15,56.0,-0.91,5.57
RTX,1990-01-30,1.7708344459533691,1.7796889305428178,1.7442720655859916,1.7708344459533691,3333086,18.96820933163642,24.355338973433543,22.498180623836177,20.8297527070978,21.26283386736531,2.16,52.0,-0.83,5.61
RTX,1990-01-31,1.7708348879932618,1.7796893747929878,1.757553909174538,1.7664079666137695,4721237,18.47517781126477,24.35574262966974,22.48198990297844,20.707653254044892,21.26504035232324,2.16,51.0,-0.75,5.6
RTX,1990-02-01,1.7708334020997303,1.7796878814697266,1.7619794594299016,1.7796878814697266,3302578,18.661995564650148,24.123371544078715,22.464192721276174,20.71883183648442,21.27502737598651,2.17,50.0,-0.75,5.71
RTX,1990-02-02,1.7664075256789353,1.7796889305428178,1.7619804980644047,1.7708344459533691,2881810,18.507636712428063,24.114689400998653,22.47294194116418,20.725213820770296,21.255668851935983,2.17,50.0,-0.73,5.67
RTX,1990-02-05,1.7841157327036175,1.8106781113124886,1.7752617854008101,1.7973971366882324,2464857,18.572495080470844,23.903649445631846,22.57492398359729,20.79843460343465,21.298081035191263,2.18,56.0,-0.77,5.63
RTX,1990-02-06,1.7929707829722061,1.7929707829722061,1.7619809378941538,1.7664079666137695,2175023,18.766676096491597,24.112611639452705,22.72826758474228,20.864712882030233,21.30295423963204,2.18,56.0,-0.77,5.35
RTX,1990-02-07,1.7708348879932618,1.7708348879932618,1.7531265584345515,1.7664079666137695,4043687,18.733522768922644,23.679291447903225,22.52508246326049,20.862898928642313,21.190823748480366,2.19,51.0,-0.75,5.55
RTX,1990-02-08,1.7664073092270072,1.7796887124634135,1.7398449321145288,1.7531259059906006,3380121,18.695724100894555,23.701060572381014,22.49111229387755,20.87973818058318,21.191773913589486,2.19,48.0,-0.71,5.54
RTX,1990-02-09,1.761981894091942,1.7796903406008506,1.7575548629698512,1.7752633094787598,3191983,18.394537941342012,23.72989708918566,22.510919654113316,20.931599866964582,21.1324315303246,2.17,49.0,-0.72,5.61
RTX,1990-02-12,1.7708344459533691,1.7796889305428178,1.757553470449874,1.7708344459533691,1229250,18.180192983116694,23.52716886895466,22.50628356345657,20.915363540707187,21.039878937209306,2.16,48.0,-0.73,5.6
RTX,1990-02-13,1.7752629955818275,1.8018252849578857,1.7752629955818275,1.8018252849578857,2900878,17.576342357001643,23.83415051358129,22.693192499911902,20.999070514714603,21.091295523130402,2.14,55.0,-0.73,5.43
RTX,1990-02-14,1.8018237138416653,1.8106777667999268,1.797396794702604,1.8106777667999268,3769108,17.529558077364563,23.837179769414288,22.711024312098985,21.0050531701231,21.080917973322787,2.12,55.0,-0.72,5.42
RTX,1990-02-15,1.8062507373727343,1.83724045753479,1.8062507373727343,1.83724045753479,5731841,18.20299644816467,19.011852349731733,22.840889717167112,21.072872948252314,21.125647666793924,2.1,58.0,-0.69,5.3
RTX,1990-02-16,1.853317231793059,1.853317231793059,1.8265219926834106,1.8265219926834106,4930985,18.231742855316813,18.627772270975623,22.855699695723313,21.082632495242205,21.134748441897266,2.07,60.0,-0.65,5.26
RTX,1990-02-20,1.8220584260489816,1.8265240877975755,1.7729344143429886,1.7818659543991089,5768706,19.26641338241083,19.13011907891374,23.172446584725066,21.12205515658808,21.285976631350728,2.05,85.0,-0.65,4.8
RTX,1990-02-21,1.7595349613615159,1.7863297704027774,1.7506035388133527,1.7773983478546143,3359782,19.098846112945854,19.130589949693547,23.172860966584636,21.12433767634369,21.26904964981372,2.02,85.0,-0.64,4.8
RTX,1990-02-22,1.7818648142312647,1.790796673410525,1.7684671878814697,1.7684671878814697,4601744,19.103026429595317,18.970379162530225,23.176257959577264,21.114744714733906,21.273758400215765,2.0,86.0,-0.62,4.76
RTX,1990-02-23,1.7372066011289333,1.7773990470607302,1.7372066011289333,1.7684671878814697,4641151,19.118716211305156,18.9688218922287,23.170983883160357,21.063981031699246,21.199313430217305,1.96,82.0,-0.6,4.76
RTX,1990-02-26,1.7640007267752746,1.781864113268373,1.7640007267752746,1.7773983478546143,2909777,17.920758332945123,18.9893566058362,23.076859678002236,21.070523275622765,21.14901939999706,1.93,69.0,-0.62,4.85
RTX,1990-02-27,1.7773986311129388,1.8265224916104152,1.7773986311129388,1.7997276782989502,4604286,18.290332506796783,19.030487191938516,23.16145351126621,21.113816250156173,21.062492899916034,1.89,81.0,-0.66,4.77
RTX,1990-02-28,1.7997271866911304,1.8399196122382349,1.7997271866911304,1.8265219926834106,4141570,18.839599831582404,18.95851211891304,23.27874808674805,21.16570018443745,21.099607192471357,1.84,96.0,-0.66,4.71
RTX,1990-03-01,1.8309893816623493,1.853318546872724,1.8309893816623493,1.8443865776062012,3532665,19.052150194981095,18.65441577312823,23.338639734633702,21.146761479244503,21.10419660093997,1.79,96.0,-0.66,4.67
RTX,1990-03-02,1.8488515615463257,1.8711804941891672,1.844385255276919,1.8488515615463257,5337769,18.936418853437097,18.5558963647817,23.342662081024308,21.148356740418674,21.1016961495002,1.72,96.0,-0.66,4.68
RTX,1990-03-05,1.853317409029695,1.8756463439723967,1.8488517519763776,1.866714596748352,9039503,18.07193115842099,18.659687795577984,23.395454740672296,21.177500858987475,21.057636906123907,1.66,96.0,-0.71,4.64
RTX,1990-03-06,1.8711820644440205,1.8935112323836916,1.8667159709854493,1.8801136016845703,16125172,16.68535404091455,18.683962328828315,23.38916912773526,21.190541593354148,21.053490089922064,1.59,95.0,-0.71,4.71
RTX,1990-03-07,1.8935105689027538,1.9337030137990658,1.8935105689027538,1.9113738536834717,5832266,17.249746066453113,18.75714513303303,23.533367086499858,21.230098318195797,21.087049756329904,1.51,99.0,-0.73,4.61
RTX,1990-03-08,1.902441571465098,1.9247707278836235,1.897975913428395,1.9158391952514648,3748769,17.149219910482696,18.137416505513677,22.235383825770175,21.22877064213088,21.05396010775884,1.47,26.0,-0.77,5.32
RTX,1990-03-09,1.915839042825085,1.9560314778689238,1.915839042825085,1.9471001625061035,6956006,16.41782072587339,18.00255891688364,22.271594656782884,21.308157279665096,21.074916843462436,1.43,26.0,-0.78,5.28
RTX,1990-03-12,1.938168804230811,1.9426344633102417,1.9247711773161091,1.9426344633102417,7725082,16.045685283290272,17.918872085891973,22.221947098530357,21.12353885222051,21.036576240321384,1.4,24.0,-0.82,5.38
RTX,1990-03-13,1.933702539785667,1.960497135550334,1.9292366655455215,1.9471001625061035,8361954,16.04643482980514,17.913142228803892,22.177603606398616,21.051564431182904,21.03384371102049,1.36,23.0,-0.84,5.42
RTX,1990-03-14,1.9471001625061035,1.9694291005893603,1.9381681974670772,1.9471001625061035,6814903,15.987208997810013,17.909449623716924,21.934676618903996,21.05029512026433,21.03317783213578,1.32,22.0,-0.84,5.66
RTX,1990-03-15,1.9426343711276954,1.9604976562741732,1.9381687122601705,1.9515663385391235,4522930,15.899712336749605,17.557270773641648,21.91115911976129,20.998199522197442,21.028465810949022,1.28,21.0,-0.83,5.68
RTX,1990-03-16,1.9560318814290036,2.00068998336792,1.9560318814290036,2.00068998336792,15978984,17.05063944111972,18.234621923122642,22.18365597200923,21.01953007150942,21.090296985248298,1.25,23.0,-0.63,5.5
RTX,1990-03-19,1.9783619687454899,2.005157232284546,1.9694304307913526,2.005157232284546,7557284,16.85082239189025,18.194577486517673,21.977505571284205,21.014252433117868,21.01273942522253,1.21,21.0,-0.5,5.87
RTX,1990-03-20,2.00068941206259,2.049813808252913,2.00068941206259,2.027484655380249,13934894,16.674754311074285,17.92027638697252,21.98067882607248,21.04881093040366,21.032480459769378,1.17,21.0,-0.28,5.95
RTX,1990-03-21,2.0319505292665254,2.0364161865940837,2.0185529076076962,2.027484655380249,6803462,15.451607411373844,17.79249931380107,21.919312794225572,21.04881093040366,21.02890719184786,1.13,18.0,-0.17,6.08
RTX,1990-03-22,2.0408833841010945,2.0542810158706226,1.9783619687454899,2.005157232284546,8229749,16.059118274097266,17.973667295606102,21.76725921059646,21.089591617309054,21.02600001770705,1.1,16.0,-0.21,6.33
RTX,1990-03-23,2.0096213763938615,2.0319505292665254,2.0096213763938615,2.027484655380249,4000466,15.777210698792773,18.0739464755069,21.78295105229674,21.08083091787001,21.023641473989898,1.06,16.0,-0.2,6.31
RTX,1990-03-26,2.0319522393348914,2.0364179004207004,2.0140887287560543,2.0230202674865723,3465291,15.73071830101769,17.810581691599126,21.482261634775504,21.0777415108075,20.965453291335468,1.03,14.0,-0.24,6.65
RTX,1990-03-27,2.023019392981089,2.0364170201237264,2.0006902309688344,2.0185537338256836,3405545,15.720049201330646,17.77843262003937,21.48709568978218,20.932312872877944,20.96310646421203,1.0,14.0,-0.3,6.63
RTX,1990-03-28,2.031951110422933,2.03641676902771,2.0185534849322617,2.03641676902771,4046230,15.296239747227055,17.26457015082243,21.524964561729256,20.869480654522434,20.953001525892198,0.97,14.0,-0.33,6.6
RTX,1990-03-29,2.031951635693102,2.1168022029411047,2.0274857593750926,2.067678213119507,9532729,15.633925324157689,17.339541403422956,21.639808870492907,20.908850679518167,20.977194698845175,0.93,14.0,-0.24,6.49
RTX,1990-03-30,2.072143968986637,2.072143968986637,2.0274858534117643,2.045349359512329,5429295,15.934486407460563,17.497918220665007,21.487364519128263,20.938647499486393,20.90800554637014,0.9,12.0,-0.3,6.76
RTX,1990-04-02,2.018552912997326,2.0319505346919278,2.005155724420162,2.0096213817596436,3225034,16.877027959658257,17.904157237958742,21.68246266232145,21.045822008089843,20.990139323979488,0.86,14.0,-0.4,6.35
RTX,1990-04-03,2.014085797115202,2.0408805908639858,2.014085797115202,2.031949281692505,6377610,14.78769958087605,18.014626823406303,21.499004894618327,21.050156688790427,21.01401658331082,0.84,11.0,-0.48,6.57
RTX,1990-04-04,2.0319505292665254,2.0453481509253546,2.027484655380249,2.027484655380249,4807678,14.775389281211599,17.847675304315818,21.468280092119187,20.651093355374748,21.00687342892274,0.81,7.0,-0.57,6.65
RTX,1990-04-05,2.0319522393348914,2.0319522393348914,2.0185546064007633,2.0230202674865723,2918675,14.640537164919357,17.82300568438573,21.229397699932452,20.64500959353292,21.008444534312673,0.79,6.0,-0.64,6.93
RTX,1990-04-06,2.023019392981089,2.023019392981089,2.0006902309688344,2.0185537338256836,1694510,14.713178676944407,17.822235928773324,21.232102520272917,20.605053898341232,21.007671850650468,0.77,6.0,-0.71,6.9
RTX,1990-04-09,2.0096221989560656,2.0274854852541084,2.0096221989560656,2.0185537338256836,1964004,14.766819101173564,16.93406666671601,21.10681173877815,20.58766338632638,20.995599844694134,0.75,4.0,-0.79,7.19
RTX,1990-04-10,2.0140875321826806,2.0408823490142822,2.0140875321826806,2.0408823490142822,2434348,14.700957882626922,16.954381158585598,21.0661767273177,20.620411959418128,21.010552284498974,0.72,3.0,-0.84,7.25
RTX,1990-04-11,2.040882679279132,2.040882679279132,2.014087858111471,2.0185537338256836,1993242,14.983686280667383,17.132489208415166,21.14695731102048,20.657925843494258,20.97387309885165,0.7,4.0,-0.9,7.04
RTX,1990-04-12,2.031949281692505,2.031949281692505,2.0185516682595277,2.031949281692505,3527580,14.89491336358047,17.144689769771038,21.15922885586308,20.654170013896742,20.94341094064401,0.67,4.0,-0.94,7.03
RTX,1990-04-16,2.0274846779223865,2.0676771102283085,2.0274846779223865,2.0587451457977295,4043687,15.16379768377323,17.201521972971808,17.831795894400702,20.70808331828495,20.968923140348085,0.82,1.0,-0.97,-0.28
RTX,1990-04-17,2.054280599290955,2.0632125685515756,2.0453492797068478,2.0498149394989014,2386042,15.22110595661047,16.755548835182406,17.613967229879226,20.715656591650184,20.815790131924807,0.96,1.0,-1.02,-0.24
RTX,1990-04-18,2.063212020009053,2.063212020009053,2.03641676902771,2.03641676902771,4770814,15.422742374504914,15.984454478832891,17.56856933516535,20.663906101657656,20.824383606786284,1.08,1.0,-1.07,-0.23
RTX,1990-04-19,2.018552596525671,2.031950216119774,2.0140867233276367,2.0140867233276367,4104705,15.340558501649305,16.186533010270534,17.663659338532725,20.70203286906868,20.80489489236777,1.18,3.0,-1.13,-0.28
RTX,1990-04-20,2.018554430936311,2.02748618544933,2.0006909219102735,2.005157232284546,6275914,15.443353095829599,16.179989769437128,17.59399179284995,20.7074168498924,20.806546120895682,1.27,2.0,-1.17,-0.26
RTX,1990-04-23,2.0006906595397966,2.0006906595397966,1.9828273694152319,1.9962249994277954,3716989,14.888955620287806,15.620970192118971,17.606442696978974,20.683952464017587,20.795784178705368,1.36,3.0,-1.21,-0.27
RTX,1990-04-24,1.9917584657669067,1.9917584657669067,1.9872925910547032,1.9917584657669067,3162746,14.887939831952862,15.45160790228646,17.591120791045977,20.62351080413911,20.795250968561994,1.44,2.0,-1.25,-0.26
RTX,1990-04-25,1.9828264997837415,1.996224123920352,1.9828264997837415,1.9917584657669067,4750474,14.883195951126766,15.456369319465699,17.473047665773386,20.60593273902887,20.742505784145408,1.51,1.0,-1.27,-0.19
RTX,1990-04-26,1.9872933626174927,1.991759239063564,1.960498103941065,1.9872933626174927,3111898,14.907295313538896,15.45336219434978,17.291392681634594,20.608094841722362,19.570370832594644,1.59,1.0,-1.3,-0.13
RTX,1990-04-27,1.991758784258397,1.991758784258397,1.9515663385391235,1.9515663385391235,2641554,15.861235572439128,15.96838047447977,17.261696966661205,20.707611551837754,19.64332484889005,1.66,1.0,-1.29,-0.13
RTX,1990-04-30,1.9471006282887906,1.969429571713546,1.9381686611130717,1.9649639129638672,2668249,14.177546825498377,15.958822882260963,17.230312252676967,20.692595035177394,19.614444043055535,1.73,1.0,-1.3,-0.12
RTX,1990-05-01,1.9738957332792788,1.991759239063564,1.9694300733920498,1.9872933626174927,2323754,14.573065711963709,16.01842829649245,17.31306783975624,20.685308323097747,19.64371857456596,1.79,4.0,-1.31,-0.16
RTX,1990-05-02,1.9872919172568004,2.0140867233276367,1.9872919172568004,2.0140867233276367,2740707,14.744782696540836,15.969550399399088,17.405516020580045,20.599820552002278,19.659595207949394,1.84,5.0,-1.33,-0.19
RTX,1990-05-03,2.0230182531650205,2.031950216119774,2.0140867233276367,2.0140867233276367,2975879,14.744782696540836,15.462017748467622,17.272120644846304,20.57313326402222,19.632071504624246,1.9,3.0,-1.35,-0.14
RTX,1990-05-04,2.0319505292665254,2.0319505292665254,2.0140870337214194,2.027484655380249,4247079,14.503281565943313,15.481653897553551,16.911841966307964,20.519091890609896,19.640537525622605,1.96,1.0,-1.37,-0.11
RTX,1990-05-07,2.027486361690182,2.0319522393348914,2.0230202674865723,2.0230202674865723,2661893,14.15814750752056,15.374881777917171,16.63185287164079,20.45967349217594,19.59916961576979,2.03,1.0,-1.39,-0.02
RTX,1990-05-08,2.031951110422933,2.03641676902771,2.0185534849322617,2.03641676902771,3481817,14.272499076458375,15.254823147618128,16.60063514318304,20.356606828828998,19.603441393959322,2.09,1.0,-1.41,0.0
RTX,1990-05-09,2.027484655380249,2.0364161865940837,2.023018564935254,2.027484655380249,3878431,14.318818803805392,15.285181104659603,16.61353557943531,20.36455240141044,19.60182844623053,2.14,2.0,-1.42,-0.01
RTX,1990-05-10,2.0453487359136044,2.0453487359136044,2.027485235259376,2.03641676902771,3776735,14.142801323369595,14.966044593603955,16.62181709649255,20.342770708467327,19.593452514062353,2.2,3.0,-1.44,-0.01
RTX,1990-05-11,2.040882955211449,2.07660974919669,2.040882955211449,2.067678213119507,5663196,14.142801323369595,15.19845284133792,16.54621643872776,20.023471347084616,19.501612799788784,2.25,1.0,-1.43,0.03
RTX,1990-05-14,2.0721421241760254,2.103403232020513,2.063210812194907,2.0721421241760254,4629710,13.772730715063766,14.978903461867352,16.54623517767907,20.0073762455834,19.434109444469215,2.3,2.0,-1.42,0.03
RTX,1990-05-15,2.0632114528511,2.0766086415414464,2.0542794884205207,2.0587451457977295,1787307,12.851457728112454,14.993691339710901,16.560870002307173,20.015477508690193,19.345656205243262,2.34,3.0,-1.43,0.01
RTX,1990-05-16,2.0542799739888546,2.058745632421607,2.0230190656069573,2.0408823490142822,3725887,12.758675199918082,14.105652737329303,16.392281688480033,20.013173899054596,19.363087955828913,2.39,1.0,-1.42,0.06
RTX,1990-05-17,2.0498149394989014,2.0721438881356833,2.0453492797068478,2.0498149394989014,4422505,12.795661352742208,14.076656584205324,16.307689235350832,20.01043013392381,19.36465398137519,2.43,1.0,-1.41,0.1
RTX,1990-05-18,2.0453481509253546,2.0542794655804713,2.0140870337214194,2.027484655380249,7483554,13.193410414682827,14.260755972983857,16.41498305367326,19.91228059202684,19.396532921832755,2.47,3.0,-1.41,0.03
RTX,1990-05-21,2.0166820066414184,2.084205150604248,2.0166820066414184,2.084205150604248,6204727,15.389689015640897,15.164905247866074,16.946262856176237,20.09296563849751,19.56093955325711,2.5,12.0,-1.4,0.07
RTX,1990-05-22,2.0842061124634106,2.1067137647416843,2.0842061124634106,2.1022121906280518,6170405,15.53910991092548,15.2055424146333,16.81171749279843,20.111303402928645,19.57502378300599,2.52,11.0,-1.38,0.13
RTX,1990-05-23,2.088706016824826,2.1067123007666133,2.088706016824826,2.0977089405059814,3551733,15.295070506098323,15.102680677012337,16.791460304610073,19.855296839051732,19.574598233719943,2.55,11.0,-1.38,0.14
RTX,1990-05-24,2.088706504350619,2.097709430133151,2.0707004344957665,2.084205150604248,5483957,15.04209657230737,14.99518439334626,16.458877444257105,19.845510641098517,19.585037508081964,2.58,4.0,-1.39,0.19
RTX,1990-05-25,2.070699908654723,2.070699908654723,2.0391891306933494,2.0436909198760986,1613153,16.08785099196112,15.561856541322571,16.66338349343379,19.97914728131034,19.677600675771483,2.6,12.0,-1.4,0.16
RTX,1990-05-29,2.043691683931406,2.0977096816838423,2.043691683931406,2.0797040462493896,3790718,16.438323064301503,15.893227522613678,16.87301110199971,20.03683807013842,19.73486498583014,2.61,15.0,-1.41,0.08
RTX,1990-05-30,2.0887060165405273,2.1112136531749597,2.0752013035860246,2.0887060165405273,3691565,16.415581855477683,15.821182258837768,16.882376853093835,20.042279268109578,19.737523593102317,2.63,16.0,-1.41,0.07
RTX,1990-05-31,2.0797031067359844,2.111213445663452,2.0797031067359844,2.111213445663452,2931387,16.521847080531906,15.888740327830881,16.94602714901965,20.047845284656255,19.760990016989695,2.64,18.0,-1.41,0.04
RTX,1990-06-01,2.120217785586188,2.1337220668792725,2.102211495089228,2.1337220668792725,3769108,16.318851691177795,15.703123931355847,16.902058455205786,20.08075050868164,19.783500505856892,2.66,17.0,-1.39,0.07
RTX,1990-06-04,2.1337207050134537,2.1607301235198975,2.1112130745477624,2.1607301235198975,5672094,16.48661013461307,15.856648085378167,16.976271401578554,20.023904702811354,19.683998403391076,2.67,21.0,-1.35,0.04
RTX,1990-06-05,2.160730080329144,2.160730080329144,2.1382224503133567,2.151726722717285,5862774,16.476223404900985,15.626284278397865,16.98865026038962,20.006659192459672,19.69023189474268,2.68,22.0,-1.32,0.03
RTX,1990-06-06,2.147225414266676,2.1742341779040837,2.147225414266676,2.1607301235198975,3423342,16.420653022447848,15.612485385846858,16.43464919602762,19.943338039727518,19.681825069816334,2.69,4.0,-1.28,-0.01
RTX,1990-06-07,2.1607315026247127,2.169734211293557,2.11121442204789,2.1337220668792725,3893686,16.995917387870957,15.886404991719905,16.529485259643472,20.002681678558204,19.69316290411793,2.71,6.0,-1.26,-0.05
RTX,1990-06-08,2.133721289809392,2.1382230790839647,2.0752013035860246,2.0887060165405273,3856821,18.28903344027786,16.560583020767343,16.909539928414546,20.16587184224462,19.813718589209344,2.71,20.0,-1.24,-0.1
RTX,1990-06-11,2.079704756639668,2.11571647638917,2.075202745946255,2.1022121906280518,3316561,17.3395640979765,16.594445264540443,16.919435172903125,20.178642479374567,19.81425362411566,2.72,22.0,-1.22,-0.1
RTX,1990-06-12,2.1112142129002094,2.147226572036743,2.079703862521559,2.147226572036743,5336498,18.133502035339507,16.386917234964994,17.153412908902776,20.32787145768616,19.90294620596486,2.73,27.0,-1.18,-0.13
RTX,1990-06-13,2.160730080329144,2.1787361406838386,2.151726722717285,2.151726722717285,5252598,17.960922680286753,16.386566100194283,16.852828069593215,20.3286277887575,19.869538265607023,2.74,17.0,-1.15,-0.07
RTX,1990-06-14,2.1562281171894666,2.1697328264426883,2.1427238445156016,2.1607301235198975,3311476,17.678326674053217,16.269167356214272,16.358323136739937,20.333095514991943,19.87231682181777,2.74,2.0,-1.1,-0.06
RTX,1990-06-15,2.1562278629870706,2.187738629240037,2.147225161125628,2.1697325706481934,8336530,17.671517670753833,16.279897844245646,16.35533159239431,20.334789758178125,19.875029724681774,2.75,2.0,-1.05,-0.06
RTX,1990-06-18,2.156228295881746,2.1607303025852698,2.1202166080474854,2.1202166080474854,5588195,19.1057735553195,16.840956601443978,16.79132514674286,20.525736904731055,20.015476452346213,2.75,17.0,-1.01,-0.06
RTX,1990-06-19,2.12471913992061,2.1427252121277527,2.115715776382312,2.1337220668792725,4653863,19.12285820073591,16.746995197772776,16.46288906607695,20.53653675032782,19.990073009718444,2.76,8.0,-0.95,0.02
RTX,1990-06-20,2.142723801684775,2.156228074088703,2.1382224503133567,2.151726722717285,2391127,19.16945349848647,16.805316327308788,16.388086173945048,20.50105659850505,20.002434296129138,2.76,4.0,-0.89,0.08
RTX,1990-06-21,2.156229533100827,2.1652328968048096,2.1517281786835687,2.1652328968048096,3296222,19.117092434161183,16.825210252766265,16.402156114083855,20.507238546885628,20.007486534973726,2.77,6.0,-0.83,0.07
RTX,1990-06-22,2.1607307157183975,2.165232068413493,2.0887060165405273,2.0887060165405273,3803430,22.066946635721987,18.388047144909248,17.46224398555384,20.939547347756847,20.2045544250478,2.76,41.0,-0.76,0.77
RTX,1990-06-25,2.1157157536979265,2.1202177628535326,2.0797040462493896,2.0797040462493896,2419094,21.683348705296993,18.15041638775931,17.47561716542093,20.9466287194416,20.154683314029544,2.76,43.0,-0.68,0.75
RTX,1990-06-26,2.0977089402204574,2.1022107294950296,2.0797033111503356,2.0887060165405273,2775030,21.709406463190557,18.02525484667846,17.45580377411928,20.949986441243553,20.157330397785014,2.75,41.0,-0.59,0.76
RTX,1990-06-27,2.0932080763867797,2.1022112204591012,2.084205150604248,2.084205150604248,1980530,21.62851944908931,17.641216596643464,17.434383879527402,20.950752054542875,20.11871745693886,2.74,41.0,-0.49,0.78
RTX,1990-06-28,2.0887057551688577,2.0887057551688577,2.052693628376064,2.070699691772461,1444083,21.556775373831616,17.56400970510211,17.35075589224299,20.93781735220886,20.000283931917508,2.73,40.0,-0.38,0.8
RTX,1990-06-29,2.0706997105709473,2.0842044219581286,2.061697006225586,2.061697006225586,3122067,21.568483270959916,17.582757533029188,17.112871810039742,20.937416210683544,20.00190267904218,2.72,34.0,-0.27,0.94
RTX,1990-07-02,2.070699691772461,2.079703050905226,2.0436907058227214,2.070699691772461,4044958,21.3361567131156,17.594593357644918,17.116831040510927,20.126898026868464,20.004510699740933,2.71,35.0,-0.16,0.95
RTX,1990-07-03,2.0752017882421376,2.088706504350619,2.0752017882421376,2.084205150604248,3359782,19.85040004305701,17.630179856045704,17.07116404098566,20.075553444200033,20.012953718945127,2.7,34.0,-0.07,1.01
RTX,1990-07-05,2.0706989549127344,2.0752003054427415,2.0436899785741582,2.048191547393799,2802996,20.29889397667629,18.010491319378225,17.249968179996056,20.154262480665118,20.089946505215217,2.69,39.0,0.06,0.88
RTX,1990-07-06,2.0391889171114834,2.075201043904277,2.0391889171114834,2.070699691772461,2644096,20.579161853433543,18.008669915541553,17.3037476745807,20.16491825835991,20.082568351798148,2.68,43.0,0.18,0.86
RTX,1990-07-09,2.093205690383911,2.097707038999286,2.079701426248246,2.093205690383911,2940286,20.74764845953123,17.98180694496567,17.182618698802983,20.058968161252924,20.10408727220428,2.66,38.0,0.34,0.92
RTX,1990-07-10,2.093207344593203,2.0977086967658836,2.0571949991837664,2.061697006225586,2914862,20.415710320150055,18.223362587843713,17.37571891822865,20.129343374546874,20.054624614862885,2.64,47.0,0.53,0.76
RTX,1990-07-11,2.0661983583982666,2.0706997105709473,2.0571949991837664,2.061697006225586,1864850,19.755752914375492,18.025228594263947,17.246026073945504,20.08114006427406,19.989971690421214,2.62,40.0,0.75,0.82
RTX,1990-07-12,2.070699951172777,2.0977089405059814,2.0661985984770683,2.0977089405059814,2894522,20.368863174987176,18.344776639121946,17.398004672182097,20.05417563878791,20.037094142281422,2.6,49.0,0.97,0.78
RTX,1990-07-13,2.1067118976750927,2.1382226702543123,2.102210327550962,2.1202166080474854,4330978,20.36680825568797,18.40600723758995,16.946334064503507,20.05422330231423,20.052254485349277,2.57,32.0,1.13,0.9
RTX,1990-07-16,2.1517274477855026,2.1877395806299114,2.1472260948972623,2.1742348670959473,6472950,21.42575752278558,18.910675206155314,17.33451833337167,20.224825707757173,20.20095916033045,2.54,48.0,1.21,0.82
RTX,1990-07-17,2.196742124024244,2.2507605322197928,2.1877392015181263,2.2327544689178467,8902214,22.4615531272579,19.56623505967946,17.728485095732907,20.309446942007394,20.341228585338907,2.5,64.0,1.17,0.77
RTX,1990-07-18,2.192242401872927,2.2192518443422355,2.1787381172180176,2.1787381172180176,4150468,23.617525873471465,20.25791752393433,18.229641472912917,20.50912943089331,20.20672344715204,2.46,66.0,1.0,0.64
RTX,1990-07-19,2.1697325706481934,2.1832372783093157,2.147225161125628,2.1697325706481934,6516171,23.625494042233903,20.276488682589545,18.25004380297586,20.33844870970084,20.205640053652136,2.42,67.0,0.73,0.61
RTX,1990-07-20,2.1787381172180176,2.2327561289971456,2.1787381172180176,2.1787381172180176,3990297,23.33868159979392,20.28181035654515,18.17588148823979,20.342040222403174,20.17930760993917,2.38,66.0,0.47,0.65
RTX,1990-07-23,2.1787366138107918,2.1787366138107918,2.1202168503776644,2.156228542327881,3301306,22.64700288965126,20.414115027521444,18.161383897605056,20.385071590834134,20.195362303541465,2.34,66.0,0.3,0.62
RTX,1990-07-24,2.1607307986379087,2.1652321515057467,2.106712381326382,2.1427245140075684,2744521,22.684425651944036,20.07205924881368,18.15810792204856,20.39886724919405,20.202508211893814,2.29,66.0,0.16,0.6
RTX,1990-07-25,2.1247193692854887,2.129220724105835,2.0842056478734805,2.129220724105835,4305554,21.906620323991003,20.105309027497782,18.199811245930743,20.281447888908026,20.209593179154798,2.23,69.0,-0.05,0.56
RTX,1990-07-26,2.129220724105835,2.133722297216023,2.1067132951345786,2.129220724105835,1624594,21.895303180325456,19.999262840990248,18.153439198178262,20.27621260713668,20.196604547057813,2.18,66.0,-0.24,0.58
RTX,1990-07-27,2.1292198005348135,2.151727438032992,2.1292198005348135,2.1427245140075684,2861471,21.942648424476356,19.866453398400093,18.147122883404045,20.141347684041342,20.204366119638344,2.12,66.0,-0.44,0.59
RTX,1990-07-30,2.129220283323578,2.1517279259252384,2.129220283323578,2.147226572036743,3081389,21.91457008837599,19.86645376251582,17.98370705677835,20.12097189048071,20.204991692180123,2.06,66.0,-0.53,0.67
RTX,1990-07-31,2.1472267847519926,2.1472267847519926,2.12471913992061,2.1337220668792725,2787742,20.918750383348726,19.888656047058863,18.021689005947543,19.994660213028574,20.16605552247132,2.02,67.0,-0.62,0.63
RTX,1990-08-01,2.133721331161565,2.133721331161565,2.102210770236518,2.1067123413085938,4918273,21.162224656680774,20.074108020265026,17.98936211171603,20.05586547134905,20.20500750111521,1.98,67.0,-0.61,0.62
RTX,1990-08-02,2.0706989549127344,2.088705011901663,2.048191547393799,2.048191547393799,7342451,22.452035521836773,20.88426502138,18.56210558277725,20.270754314493264,20.404550639769674,1.94,77.0,-0.61,0.55
RTX,1990-08-03,2.0526945583664955,2.0526945583664955,1.9311534116583007,2.021184206008911,7512792,22.56806177199913,21.044461267338633,18.688501568474965,20.272265086981182,20.427391381026784,1.9,78.0,-0.62,0.46
RTX,1990-08-06,1.9266512937760802,1.976167698059908,1.9086452293593597,1.9671649932861328,3938178,21.538191510468945,21.738077788928102,19.190330714967633,20.529595054622572,20.56440647965012,1.86,79.0,-0.65,0.35
RTX,1990-08-07,1.9806695667481418,1.9851709188201143,1.854626688069621,1.868131399154663,6433543,25.907547411615106,23.87708864996874,20.870890946296942,21.417492480012772,21.195392449103114,1.84,80.0,0.03,1.72
RTX,1990-08-08,1.8681313295395845,1.9221497352873658,1.8681313295395845,1.9131463766098022,2763589,27.01590469607553,24.432086264850128,20.839158474138564,19.8631784684576,21.32920928722433,1.82,80.0,0.09,1.72
RTX,1990-08-09,1.9131459794478896,1.9131459794478896,1.8816352129215839,1.8906383514404297,3594954,27.13728261557524,24.504771283749108,20.912635517989735,19.783144574938536,21.351056112973183,1.8,82.0,0.22,1.63
RTX,1990-08-10,1.877134020998711,1.8816353723498724,1.827617409818551,1.8366203308105469,4325894,28.135638544238585,25.107340516471822,21.307225779554255,20.03115103000948,21.527325710098278,1.78,89.0,0.74,1.41
RTX,1990-08-13,1.8321191308459355,1.8636301246899145,1.8051102532753895,1.8591281175613403,5290734,28.52292609825808,25.23946245957656,21.409104454770244,20.08122442600483,21.53092936392437,1.77,90.0,0.78,1.36
RTX,1990-08-14,1.8501253018918566,1.8501253018918566,1.8276176687880736,1.8456237316131592,3556818,28.44564536914515,25.192769755451234,21.371585735819064,20.049839573659042,21.440850871298025,1.77,90.0,0.86,1.39
RTX,1990-08-15,1.8456235530915688,1.8591278260420252,1.8096114309247415,1.8141127824783325,2501722,28.52733330569006,24.645490072296443,21.442343444859592,20.150589288696093,21.488584327802783,1.76,92.0,1.03,1.3
RTX,1990-08-16,1.8141126332120656,1.8141126332120656,1.7871036529541016,1.7871036529541016,4325894,28.44112067661509,24.673655118527194,21.554856305830512,20.219872005475544,21.496972425287197,1.76,98.0,1.26,1.19
RTX,1990-08-17,1.7735982381062991,1.7916043996810913,1.7465893777508725,1.7916043996810913,11361986,28.1463235066632,24.696658945263263,21.56249372816648,20.173533782856314,21.453065218131943,1.76,98.0,1.27,1.2
RTX,1990-08-20,1.7943309414237418,1.8352144398723191,1.7807034023171726,1.80341637134552,7611946,27.96794783600289,24.754658343046003,21.538968816892364,20.089227375618147,21.389697652661656,1.76,96.0,1.12,1.21
RTX,1990-08-21,1.7807043617767988,1.8079598952399,1.7579909399458191,1.7943319082260132,3767837,27.800525779678644,24.500535034046464,21.384785102156037,19.97026733030059,21.395240964332395,1.76,91.0,0.97,1.27
RTX,1990-08-22,1.798873914536702,1.8125018974150426,1.7716183893445598,1.7852463722229004,5244971,27.76597211772851,24.162066857480067,21.339469473883156,19.94508026545892,21.379561670978678,1.75,90.0,0.83,1.31
RTX,1990-08-23,1.7080221992321938,1.7398201705438099,1.6807666693752048,1.7034796476364136,4245808,29.502744068049548,25.766180335594086,22.38692955277155,20.696212120910346,21.606405676642844,1.77,100.0,1.11,1.58
RTX,1990-08-24,1.72619241808618,1.771618366241455,1.7171068760034984,1.771618366241455,5939046,32.03512937691133,27.06261917536592,23.224783448621054,21.21474872624725,21.96071443640247,1.81,100.0,0.91,1.61
RTX,1990-08-27,1.8352154287030014,1.8352154287030014,1.7943319082260132,1.7943319082260132,3085202,31.1766005562935,27.11167699668445,23.332044683946506,21.20000151543672,21.9959657210519,1.86,100.0,0.68,1.56
RTX,1990-08-28,1.7761601692112214,1.821586651763885,1.7716177302240332,1.817043662071228,2609774,30.138205938645473,27.111671671114205,23.433980702570874,21.06739422163209,22.016060758483913,1.91,100.0,0.48,1.51
RTX,1990-08-29,1.8079595943264715,1.8215875790721419,1.7988741610215413,1.812502145767212,2064429,29.69141919958631,27.11044416364277,23.434387371534832,20.954355270782475,22.01295523663371,1.95,100.0,0.29,1.51
RTX,1990-08-30,1.8125014708439717,1.8125014708439717,1.7897883916745159,1.80341637134552,2197905,29.687370712215188,27.07401903620103,23.44208753008337,20.93092012851693,21.920510543673508,2.0,100.0,0.12,1.5
RTX,1990-08-31,1.7988745244825466,1.8034174072646219,1.7625339954729022,1.7761614322662354,1653831,29.63381735872006,27.119418659422166,23.466441729646256,21.004353531003982,21.91255167759641,2.05,100.0,-0.03,1.44
RTX,1990-09-04,1.757991075515747,1.762534068627553,1.7398205349038194,1.757991075515747,2264007,29.63275858497612,26.89526275396145,23.459230187125602,21.034806243396137,21.929082404391746,2.1,99.0,-0.15,1.45
RTX,1990-09-05,1.757989752415906,1.821586651763885,1.757989752415906,1.817043662071228,2822064,31.805026446921698,27.824938287610134,24.055958427169006,21.315597603890367,22.02595974211142,2.16,100.0,-0.29,1.32
RTX,1990-09-06,1.821586651763885,1.8306716398793552,1.7988732452759126,1.817043662071228,2007225,31.843507471024946,27.392293444792315,23.94850539694299,21.315597603890367,22.00634288469436,2.23,99.0,-0.42,1.38
RTX,1990-09-07,1.8079594373703003,1.8443003964470686,1.8079594373703003,1.8079594373703003,1981801,31.804334521132954,27.37696852533959,23.950927314223247,21.30586484005197,22.0061068677039,2.3,99.0,-0.55,1.38
RTX,1990-09-10,1.8306724214284489,1.857927948116234,1.8261299805020055,1.8352149724960327,1941122,32.17869216351016,27.584540284986204,24.07298916572131,21.290077556892875,22.03207832404853,2.36,100.0,-0.65,1.33
RTX,1990-09-11,1.8261301305128823,1.8306725718124728,1.8079595943264715,1.812502145767212,1707222,32.169684050160654,27.617647577376825,24.0891218010527,21.292750650533275,22.06586775451772,2.43,100.0,-0.75,1.31
RTX,1990-09-12,1.8215869007657501,1.8261294505149759,1.7807034023171726,1.80341637134552,2183922,32.169546296451706,27.302809243630843,24.091383217268618,21.298378749168307,22.053499027051952,2.49,100.0,-0.84,1.31
RTX,1990-09-13,1.7897884771089128,1.798873577041036,1.7261921167373657,1.7261921167373657,2782657,33.973512389776026,28.499047300922875,25.022540769417724,21.904780634368993,22.477451468850195,2.57,100.0,-0.88,1.2
RTX,1990-09-14,1.7307349739961067,1.7307349739961067,1.698936565858687,1.7080219984054565,3675039,33.3821735345531,28.424942554029105,25.064221659928705,21.84516491461754,22.423189456249,2.65,100.0,-0.9,1.16
RTX,1990-09-17,1.6807663440704346,1.6989364367956625,1.6716809122138576,1.6807663440704346,3591140,33.44492215991343,28.454449095896145,25.16897893409299,21.902887243967502,22.456560074750268,2.72,100.0,-0.9,1.08
RTX,1990-09-18,1.6625960626401441,1.7034794631388515,1.6580530709717842,1.6989365816116333,2305957,33.18317723182315,27.83144206113552,25.246240037536978,21.766838408947244,22.44885305972187,2.79,100.0,-0.94,1.05
RTX,1990-09-19,1.7034802748358,1.7489063582246671,1.698937391143928,1.7352783679962158,2546214,30.897770876582353,28.283523456966936,25.360246355483746,21.885030370379745,22.552069431889123,2.86,100.0,-1.0,1.05
RTX,1990-09-20,1.7216495560190441,1.7307345457533145,1.671680625575526,1.6898510456085205,2599604,30.621960875056015,28.64591777774012,25.643405558545883,22.097794479604627,22.701349020421688,2.93,100.0,-1.03,0.9
RTX,1990-09-21,1.6762233527893156,1.6853088947870247,1.6671383614972677,1.6807663440704346,6533968,30.53803713514273,28.64695513613258,25.56797334324442,22.104373654730104,22.706366786216527,2.99,99.0,-1.07,0.92
RTX,1990-09-24,1.6535104120062196,1.662595954185705,1.6217124462127686,1.6217124462127686,2904692,31.080003778875415,29.392345302371247,26.01753278874952,22.47871408390509,22.976953626702258,3.07,100.0,-1.03,0.78
RTX,1990-09-25,1.6126274539582202,1.648968421034322,1.5672013827895486,1.644425868988037,2822064,31.162824147255325,29.62229016863841,26.140414117348794,22.513407649537058,23.023518039294437,3.14,100.0,-1.06,0.73
RTX,1990-09-26,1.6171692870029621,1.6217122779034798,1.57628589341424,1.5944563150405884,2430534,32.1074196708892,30.085222830219006,26.499313606276065,22.78723347417946,23.220222352315144,3.21,100.0,-1.03,0.58
RTX,1990-09-27,1.5989991969389359,1.6080846299182765,1.51723217252435,1.5263177156448364,5434380,33.85889826033607,31.053584139480783,27.297137340902104,23.339046735841144,23.612209305531316,3.29,100.0,-0.89,0.47
RTX,1990-09-28,1.4899761854418736,1.553572654724121,1.458177785589082,1.553572654724121,6076336,34.40520967383528,31.295861619131543,27.451033196533874,23.262463803494185,23.68382305321749,3.37,100.0,-0.87,0.43
RTX,1990-10-01,1.57174360010399,1.6080845594406128,1.5354026407673669,1.6080845594406128,4159366,36.18691586160483,32.15590610554128,28.076917185742634,23.626592793240377,23.945006202084667,3.46,100.0,-0.93,0.36
RTX,1990-10-02,1.6307972684344079,1.648967800201879,1.5808283336091427,1.5944563150405884,5387346,36.082320291770934,32.01380892195399,28.073119833739412,23.643554224618875,23.915136011759174,3.55,99.0,-0.98,0.35
RTX,1990-10-03,1.5944563537818124,1.6080843355443835,1.5853713630301423,1.5989989042282104,2921218,36.136863775749404,31.97111979456825,27.943085668820466,23.646744793289947,23.912166826675797,3.62,98.0,-1.04,0.39
RTX,1990-10-04,1.5808286788499157,1.6307976245880127,1.5808286788499157,1.6307976245880127,3875889,36.770755005023645,32.33517317852994,28.156422768749493,23.75770256511222,23.99333360588959,3.69,100.0,-1.11,0.33
RTX,1990-10-05,1.5989987251613218,1.7171065655168987,1.5808281949872138,1.6898510456085205,3497071,35.980073643463186,33.055347952779385,28.785396104586102,23.998631960920804,24.26697087723806,3.78,100.0,-1.17,0.27
RTX,1990-10-08,1.7125647508279742,1.717107192282601,1.689851662425612,1.7034796476364136,3077575,34.09157892226186,33.011049705210915,28.80834024489677,23.85724586548043,24.281891902468526,3.85,100.0,-1.23,0.28
RTX,1990-10-09,1.671680382805678,1.703478778457165,1.6535098552703857,1.6535098552703857,4361487,34.788879909352,32.88300615656684,29.130068507074043,24.100904009977057,24.45484016849747,3.93,100.0,-1.28,0.16
RTX,1990-10-10,1.6580528310192635,1.6625958220301642,1.5989989042282104,1.5989989042282104,3853007,35.583495126371574,32.75931468744054,29.521404660438535,24.409378534130152,24.660599699279132,4.01,100.0,-1.32,0.06
RTX,1990-10-11,1.617169465794086,1.621712457196868,1.5263175679001808,1.5490305423736572,2726724,36.45674221937987,32.97150348394936,29.49107572008908,24.583192694829663,24.85128640984579,4.09,99.0,-1.33,0.03
RTX,1990-10-12,1.553572671788616,1.6262546821900048,1.5217747121510021,1.6171691417694092,3306391,39.051002831444166,34.45098592879524,30.330051175807256,25.09980924370185,24.780937074874114,4.18,100.0,-1.37,0.06
RTX,1990-10-15,1.6353403203641133,1.703479697715524,1.5944568040944238,1.67168128490448,3999195,40.3002380357937,35.279220817408,30.85722872934745,25.41156717790589,24.96695167513285,4.28,100.0,-1.41,-0.02
RTX,1990-10-16,1.7080223686241773,1.7216503551865254,1.6353404344719737,1.644425868988037,3319103,40.44911785217572,35.34472370759067,30.932290370200683,25.481717262513676,25.00227145566466,4.37,100.0,-1.44,-0.05
RTX,1990-10-17,1.6262549521364085,1.7080218556844207,1.6217124014543067,1.6943938732147217,7133974,40.22324129315576,36.039878982702916,31.22756246066195,25.7320368396658,25.16800687965926,4.46,100.0,-1.47,-0.07
RTX,1990-10-18,1.7034788074891205,1.7625328302383423,1.7034788074891205,1.7625328302383423,3886058,42.005321130291925,37.1128100190014,31.763729461138862,26.141161209460694,25.394405381988665,4.56,100.0,-1.48,-0.09
RTX,1990-10-19,1.807959382307201,1.807959382307201,1.717106932311707,1.7534478902816772,5166157,42.00663368326691,37.10918647576641,31.754013104019478,26.141649986886073,25.38870328397072,4.65,99.0,-1.49,-0.08
RTX,1990-10-22,1.753447103458218,1.753447103458218,1.735276687697403,1.7443621158599854,2471213,41.74560580703294,37.05750928363213,31.695398841449073,26.08797639533399,25.36940459945147,4.74,98.0,-1.49,-0.07
RTX,1990-10-23,1.7489052377806962,1.7489052377806962,1.7261922657080269,1.7307347059249878,1681798,41.663639420227554,37.05018665823111,31.64525262008589,26.02360344222394,25.315485308481513,4.81,97.0,-1.49,-0.05
RTX,1990-10-24,1.7261922657080269,1.7443626874226117,1.7216497153499424,1.7307347059249878,1998326,41.6525513922274,37.05299915176731,31.559691171507133,26.02360344222394,25.299269629687014,4.88,96.0,-1.49,-0.03
RTX,1990-10-25,1.7352761057733332,1.7398185429786015,1.6989351762975302,1.7216485738754272,1847054,39.69615864405648,37.00492562809025,31.5618810084647,26.015819791303795,25.287511385196314,4.95,96.0,-1.48,-0.03
RTX,1990-10-26,1.7216502350562857,1.7216502350562857,1.6625962915869912,1.67168128490448,2928845,40.498309181491514,37.04251850087104,31.83839849244504,26.20231271119149,25.38520734044447,5.01,100.0,-1.48,-0.1
RTX,1990-10-29,1.671680382805678,1.6762228219425808,1.644424866855483,1.6535098552703857,3081389,40.355585110824094,37.018900599965875,31.826275270995772,26.231093130578415,25.38747378899217,5.06,99.0,-1.47,-0.09
RTX,1990-10-30,1.6535107475637183,1.676223726492646,1.6444257542462295,1.67168128490448,2257651,40.35992323168492,36.796676288652655,31.753749658116813,26.180955016407133,25.297700821705956,5.11,96.0,-1.46,-0.07
RTX,1990-10-31,1.6762231591571963,1.6853087001053717,1.639882206916809,1.639882206916809,2233498,40.16895447188,35.53245406388964,31.836397333657,26.267257915197078,25.367012043098104,5.16,99.0,-1.45,-0.1
RTX,1990-11-01,1.6126265926560603,1.6353395610388415,1.5899135141321736,1.6035414934158325,4123773,39.96666514076708,35.351010052856466,31.7634564648512,26.331977916802362,25.461080537520488,5.21,96.0,-1.43,-0.08
RTX,1990-11-02,1.5808280844686289,1.6126265926560603,1.5581151160858477,1.6035414934158325,5813198,39.95450251603297,35.307031831885816,31.756783455603887,26.325138805852166,25.46056899024413,5.25,95.0,-1.41,-0.08
RTX,1990-11-05,1.612626701982451,1.6171691417694092,1.5944561718468253,1.6171691417694092,2656808,38.70148045297843,34.95052172009352,31.788512272721132,26.191330536745948,25.409829478200702,5.27,97.0,-1.39,-0.09
RTX,1990-11-06,1.6126266976019865,1.6307971175471414,1.608084147686254,1.626254677772522,1877562,38.514763723601405,34.86144131760451,31.797500373329314,26.200322152660792,25.411693505789835,5.3,97.0,-1.36,-0.09
RTX,1990-11-07,1.6126268859907813,1.6217123173069543,1.5989989042282104,1.5989989042282104,4233096,37.75974428904949,34.976485655181065,31.712532478292793,26.26681276913369,25.370586371752445,5.32,90.0,-1.33,-0.07
RTX,1990-11-08,1.5989988653766138,1.6126268468080596,1.57628589341424,1.5944563150405884,2716554,35.42945909231019,34.839956098001494,31.678419705845513,26.26811632770487,25.363507581279933,5.33,88.0,-1.29,-0.06
RTX,1990-11-09,1.6035414934158325,1.6126265926560603,1.5899135141321736,1.6035414934158325,5190310,35.1205494716691,34.771924615173056,31.656615952100097,26.27016503821905,25.279230152658688,5.34,87.0,-1.25,-0.05
RTX,1990-11-12,1.6126267956245972,1.6444251976731359,1.6126267956245972,1.639882206916809,2023750,34.286101952132825,35.11487527680154,31.87914027508206,26.365686300011888,25.382948411793038,5.35,100.0,-1.21,-0.11
RTX,1990-11-13,1.6444251428961039,1.6716806634215333,1.6353397123916904,1.658052682876587,2138158,34.29976291571116,35.17019708735049,31.503962824608532,26.338725700187315,25.37457505416966,5.36,82.0,-1.16,-0.05
RTX,1990-11-14,1.6625961447314808,1.6625961447314808,1.626255183401076,1.6307976245880127,9480610,34.68356996836025,35.30033583703941,31.583837105879738,26.378209934981793,25.383955991279382,5.37,84.0,-1.11,-0.08
RTX,1990-11-15,1.6289622783660889,1.6473167609730943,1.6151962495256047,1.6289622783660889,2867827,34.21235373829945,35.29296777422859,31.56603531777757,26.3756761442346,25.38376110091565,5.37,83.0,-1.05,-0.07
RTX,1990-11-16,1.624373505527081,1.6748481593535967,1.624373505527081,1.6702595949172974,3644530,33.38578311308086,34.41192718545204,31.866977936529768,26.52330475829176,25.508103165840186,5.37,99.0,-0.98,-0.14
RTX,1990-11-19,1.6748484373092651,1.684025901475361,1.6610828529726542,1.6748484373092651,2368246,33.30494652787533,33.419022168411594,31.869113220365108,26.510249011802888,24.496829804284395,5.37,99.0,-0.91,-0.14
RTX,1990-11-20,1.6794373657856567,1.6840258195032956,1.6381397247314453,1.6381397247314453,3888601,32.79404724002699,33.574069486630925,32.025846058949746,26.55303162370568,24.513023798166824,5.37,100.0,-0.83,-0.19
RTX,1990-11-21,1.628962117121101,1.6610826253890991,1.6106075250741294,1.6610826253890991,2682232,31.474721954166775,33.599021161443915,32.1121548658087,26.607873880773113,24.52331447520625,5.36,100.0,-0.74,-0.22
RTX,1990-11-23,1.6794373554512718,1.6794373554512718,1.6427282795974065,1.6519052982330322,1235606,29.966042298497232,33.608675206780276,32.08594600913489,26.536789684508143,24.527863392949378,5.34,99.0,-0.64,-0.21
RTX,1990-11-26,1.647316439277928,1.647316439277928,1.6197848320007324,1.6197848320007324,3560631,27.971540071479627,33.806079642640285,32.11427655129354,26.628663217237886,24.571156669636014,5.33,100.0,-0.55,-0.21
RTX,1990-11-27,1.6381401500221853,1.6473171710968018,1.6243741177544462,1.6473171710968018,2773758,26.6639780979558,33.900622857185375,32.19031345976654,26.70970149533167,24.632117951936074,5.31,100.0,-0.44,-0.23
RTX,1990-11-28,1.6564937621156381,1.6794373657856567,1.6381397247314453,1.6381397247314453,2889438,26.282694369363053,33.860846637979144,32.125664551670056,26.71514560093136,24.63369173692877,5.29,99.0,-0.31,-0.21
RTX,1990-11-29,1.633550413125734,1.638139422280193,1.6197848320007324,1.6197848320007324,3333086,24.86201372504254,33.15878117813025,32.092323583972195,26.740077245349198,24.630343512861756,5.26,96.0,-0.18,-0.2
RTX,1990-11-30,1.6151962323182454,1.6564937621156381,1.596841638649959,1.6381397247314453,4723779,22.009810622856204,33.26681454026226,32.16365390222685,26.60278361023539,24.597776523783367,5.23,99.0,-0.04,-0.23
RTX,1990-12-03,1.6381393407545368,1.73908908161199,1.6381393407545368,1.7115570306777954,4192418,25.74803361798311,34.542966488191446,32.843896726863676,27.126818881390534,24.92274333678273,5.2,100.0,0.14,-0.21
RTX,1990-12-04,1.7023802489564797,1.748266339302063,1.684025657058715,1.748266339302063,3270798,26.484481736375475,34.68932167306109,32.99014313771189,27.216193641003432,24.99574557507075,5.17,100.0,0.34,-0.25
RTX,1990-12-05,1.7436778860270359,1.7574433571089254,1.716145831295177,1.748266339302063,2719097,26.378075624784113,34.60455483211708,32.7048362405975,27.216193641003432,24.99574557507075,5.13,98.0,0.53,-0.18
RTX,1990-12-06,1.7712094075673175,1.7895639997043833,1.757443380021911,1.762032389640808,4536913,26.467193997147486,34.63476939004273,32.41990147180328,27.207929190734415,25.00442611796999,5.09,97.0,0.63,-0.11
RTX,1990-12-07,1.7666206430054179,1.7666206430054179,1.7528546178851836,1.7574430704116821,1548322,26.42725148550061,33.439544796174964,32.22533247368062,27.172589352019006,24.963031043553315,5.05,96.0,0.82,-0.06
RTX,1990-12-10,1.7253221697740442,1.734499181600446,1.7069675898375634,1.7299107313156128,2506806,25.34794031182154,33.52884481250189,32.29664226964536,27.23000383351564,24.89735182780886,5.01,96.0,1.03,-0.08
RTX,1990-12-11,1.7253236956676175,1.7253236956676175,1.7069690994981477,1.7161462306976318,1642390,25.240339302241054,33.40154861855963,32.292792259756865,27.242589499793183,24.840973619781867,4.96,95.0,1.22,-0.08
RTX,1990-12-12,1.7253221697740442,1.7528537615369268,1.711556151379132,1.7299107313156128,2752148,25.156475162112685,33.369558252522594,32.308668507273794,27.238637679821547,24.83576750778384,4.91,96.0,1.44,-0.09
RTX,1990-12-13,1.7345003119361337,1.7574433571089254,1.7345003119361337,1.748266339302063,1670357,24.535863590055722,33.15636913736381,32.3650619470209,27.205205294031487,24.858864656824537,4.86,96.0,1.68,-0.11
RTX,1990-12-14,1.7574426795256608,1.762031687315433,1.739088650988345,1.7528542280197144,172883,23.40664379742366,32.69047762650766,32.366040823291705,27.182711210622195,24.8591743679415,4.8,96.0,1.95,-0.11
RTX,1990-12-17,1.7390885897928763,1.780386209487915,1.7390885897928763,1.780386209487915,1266115,23.66929326570632,32.80844503554668,32.48422149800524,27.178349446958478,24.856107150888352,4.73,97.0,2.17,-0.15
RTX,1990-12-18,1.7757977733921828,1.812506842300623,1.7620321924148092,1.8033298254013062,3235204,23.781789944356426,31.98585167009769,32.541672920843624,27.18979882321108,24.889956162650464,4.66,97.0,2.21,-0.16
RTX,1990-12-19,1.7987412600024146,1.7987412600024146,1.7666207551956177,1.7666207551956177,2936472,24.78175195057699,32.20655605076736,32.67253294465395,27.291068965565845,24.962968387084334,4.59,97.0,2.02,-0.2
RTX,1990-12-20,1.7528546178851836,1.803329709555673,1.743677601575397,1.7574430704116821,2518247,24.20050477808172,31.538276232302188,32.669263214732844,27.295613956920622,24.913342160649318,4.51,96.0,1.53,-0.2
RTX,1990-12-21,1.7620320792221296,1.7620320792221296,1.7299115764551627,1.7574430704116821,5270395,24.15327124175071,30.09619773778871,32.62463280709174,27.295238387154203,24.88355426063116,4.42,95.0,0.76,-0.19
RTX,1990-12-24,1.7482651999953582,1.75744221182176,1.7253221697740442,1.7299107313156128,425852,24.759080116911022,30.14921393053813,32.42861963206865,27.35285171682221,24.930699713988368,4.33,92.0,0.23,-0.14
RTX,1990-12-26,1.7253230561448927,1.7299116200437992,1.706968466778889,1.7115570306777954,2093666,24.30277484114142,29.470263934673874,32.40754467489127,27.340751478772603,24.94701883010916,4.24,90.0,-0.4,-0.14
RTX,1990-12-27,1.7161453367741917,1.7390888203628674,1.7161453367741917,1.7344998121261597,3233933,24.390491508923237,29.507602747818172,32.23486455555312,27.366625444845265,24.928282381811236,4.16,84.0,-0.75,-0.1
RTX,1990-12-28,1.7390890377921089,1.7712090955319164,1.7345000289816612,1.7574430704116821,2825878,23.994008899516654,29.6043746853903,31.283341016363085,27.402533602162908,24.954268736241566,4.09,51.0,-0.73,-0.18
RTX,1990-12-31,1.7620320792221296,1.7620320792221296,1.7528546178851836,1.7574430704116821,1353828,23.981466062707714,29.363754665542448,31.03758215006457,27.352726267044314,24.8459814505635,4.03,49.0,-0.87,-0.11
RTX,1991-01-02,1.7528542280197144,1.7574426795256608,1.748265665257003,1.7528542280197144,2679690,23.0474348817926,28.486953356891526,30.98898468570848,27.3504017454953,24.822938758682316,3.95,48.0,-0.96,-0.09
RTX,1991-01-03,1.75744221182176,1.7620312183902707,1.7299107313156128,1.7299107313156128,3320374,23.437839832594516,28.5823438039429,30.722838156026388,27.380970776650614,24.85507274998709,3.89,45.0,-0.94,-0.04
RTX,1991-01-04,1.7345004789821297,1.7436780539569043,1.7115574315997426,1.7390894889831543,2044090,22.40002156416762,27.904156468183256,30.669317832450837,27.364134370497624,24.86167350074348,3.81,44.0,-0.96,-0.02
RTX,1991-01-07,1.734499563085881,1.734499563085881,1.6840249300003052,1.6840249300003052,2614858,24.18104196759735,27.834559581483475,31.058046548182155,27.611502998844845,25.058247444301372,3.74,49.0,-0.96,-0.09
RTX,1991-01-08,1.6840258091406757,1.6840258091406757,1.6473167332868104,1.6519052982330322,2566553,24.795682389423952,27.322476648857087,31.086930636116584,27.69321857442904,25.10447165997879,3.67,49.0,-0.95,-0.1
RTX,1991-01-09,1.6656711954797088,1.6702596488072463,1.5876644849777222,1.5876644849777222,3690294,26.774544574609244,27.152704841612746,31.613087288824364,28.067339389024387,25.403539230460296,3.59,56.0,-0.96,-0.15
RTX,1991-01-10,1.5968416344078178,1.6243736917223341,1.587664615740101,1.6151962280273438,2438162,26.793921356742462,26.501880525683692,31.74239122400157,28.151793016596933,25.466280375282935,3.52,61.0,-0.97,-0.19
RTX,1991-01-11,1.6151962495256047,1.6289622783660889,1.606019119478922,1.6289622783660889,1014418,26.879219856633974,26.35643436178533,31.755530337230496,28.174621151078995,25.357251738630797,3.43,63.0,-0.96,-0.19
RTX,1991-01-14,1.6151966489551886,1.6197855488838004,1.5922535956511459,1.5968420505523682,1135182,27.3024903017837,25.901567711974643,31.890970793617168,28.190499588926027,25.422730014522475,3.34,74.0,-0.96,-0.23
RTX,1991-01-15,1.6014302968978882,1.6060187496076743,1.5922528351943444,1.6014302968978882,2932658,27.09630869489088,24.51144056898669,31.89111512985521,28.17863227183148,25.424417760818258,3.24,74.0,-0.96,-0.23
RTX,1991-01-16,1.601430462369862,1.6473165518041437,1.601430462369862,1.6335505247116089,2814437,24.426150643514667,24.889431528352755,31.203995527850033,28.249919145293067,25.505587070081496,3.16,44.0,-0.98,-0.28
RTX,1991-01-17,1.6886142215905502,1.7528549038338983,1.6886142215905502,1.748266339302063,7117449,31.049430162019963,28.611826886896264,32.437391622587306,29.356733786158255,26.395968298674454,3.1,92.0,-0.97,0.44
RTX,1991-01-18,1.7436778860270359,1.780386958565757,1.7345003119361337,1.748266339302063,3720802,31.049430162019963,28.56467414548553,32.371685169737006,29.356733786158255,26.30562213618277,3.04,88.0,-0.95,0.47
RTX,1991-01-21,1.7253236956676175,1.7253236956676175,1.6977920795554975,1.7161462306976318,2591977,31.40994851275275,28.820977552819997,32.43444240202741,29.4182419927021,26.2619750043891,2.98,91.0,-0.92,0.47
RTX,1991-01-22,1.7161456198871377,1.7299116455572618,1.5509552032111484,1.6014302968978882,11925127,37.13358100422179,32.09710145249527,34.21401629696524,30.50657910208074,27.146514484663196,2.93,100.0,-0.92,0.86
RTX,1991-01-23,1.6197848320007324,1.647316439277928,1.6151959341030713,1.6197848320007324,5745824,37.162113251953414,31.650319125501653,34.26701512212037,30.529329743052113,27.16920802258439,2.88,100.0,-0.91,0.83
RTX,1991-01-24,1.6473167332868104,1.656493751922436,1.6335507046776907,1.6519052982330322,4221655,37.64701965762748,31.840482547792632,34.347294527021994,30.626972123170088,27.175105946095123,2.83,100.0,-0.86,0.8
RTX,1991-01-25,1.6564935678379822,1.6702595949172974,1.6519051146584884,1.6702595949172974,4411064,37.72282745604777,31.842254692739125,34.36313249088068,30.654005388567494,27.181494460381057,2.77,100.0,-0.82,0.79
RTX,1991-01-28,1.6702595949172974,1.6840256219966123,1.6610825773015043,1.6702595949172974,3488173,37.56145279807039,31.590118924928166,33.939655881172186,30.592647833831315,27.18012347137673,2.71,96.0,-0.8,0.92
RTX,1991-01-29,1.670260018416042,1.7161462306976318,1.6564939878463143,1.7161462306976318,5323786,38.45557556612761,31.698893125616813,34.22824124127738,30.772872342047318,27.31629357327638,2.65,97.0,-0.79,0.82
RTX,1991-01-30,1.7253234602914485,1.7620325363655416,1.7253234602914485,1.7390894889831543,4267418,38.37646793708851,31.795348812295614,34.290951767022946,30.812540587292993,27.34807617900803,2.58,98.0,-0.79,0.79
RTX,1991-01-31,1.7345005177764998,1.7620325757757023,1.7345005177764998,1.743678092956543,3251730,38.176265358477224,31.762100876637252,34.20620981676516,30.801473704854597,27.338924443073438,2.52,94.0,-0.92,0.83
RTX,1991-02-01,1.743677601575397,1.7666206430054179,1.7390890377921089,1.7574430704116821,4555981,37.80534469684212,31.77869177087943,34.17769960476933,30.812624645297916,27.345972318851075,2.44,93.0,-0.98,0.84
RTX,1991-02-04,1.7482661651264773,1.8079182768949926,1.7299116863141335,1.7666207551956177,5717858,37.80534469684211,31.560294116019538,34.18035873218662,30.79739084454891,27.31006079537359,2.36,93.0,-1.02,0.84
RTX,1991-02-05,1.7712097454879892,1.8125073909759521,1.76203272581064,1.8125073909759521,5234802,38.518880234296496,31.924448600238502,33.70136016280594,30.772980802671384,27.374985240782067,2.29,90.0,-0.97,0.91
RTX,1991-02-06,1.8125074109909214,1.8675709760018655,1.798741825694473,1.8262734413146973,6506002,38.22641226190907,31.93572209400117,33.67274813902824,30.768778380835922,27.38515617309984,2.22,89.0,-0.9,0.92
RTX,1991-02-07,1.8262721015957426,1.8354491146423462,1.7803860350519718,1.7987405061721802,8219579,38.37689720454257,31.847338185935996,33.66170612608162,30.815600093871083,27.41732319769559,2.15,88.0,-0.93,0.93
RTX,1991-02-08,1.7941527058811997,1.803330281385111,1.7757982224143274,1.7895642518997192,430937,38.26189820946494,31.81387161217491,33.635058380198544,30.812570012633188,27.39370515098145,2.07,87.0,-0.97,0.94
RTX,1991-02-11,1.7941518338128928,1.835449457168579,1.7849748190537014,1.835449457168579,6849226,38.75604125099794,31.968167683305715,33.70631123844369,30.885704778484328,27.508889313380784,1.99,90.0,-0.9,0.91
RTX,1991-02-12,1.8170958658432026,1.8492163787954667,1.7895642518997192,1.7895642518997192,7831863,39.525196436891314,32.44905829312931,33.68209247934547,30.948217461615478,27.571751505769203,1.91,88.0,-0.94,0.92
RTX,1991-02-13,1.7161458564664167,1.7345003373765842,1.6840256817588382,1.7253233194351196,18497231,40.96346696898367,32.99693421653004,34.18223538617659,31.229043238657756,27.80804165552235,1.83,93.0,-0.96,0.78
RTX,1991-02-14,1.743677146910363,1.7574426121572932,1.7069679786752592,1.7207340002059937,10671724,40.794375423344505,33.00012203379189,33.69454132162981,31.198103349075346,27.76960401612742,1.74,87.0,-0.94,0.92
RTX,1991-02-15,1.7345003345499952,1.784975435112724,1.7207347520318264,1.762032389640808,10919608,41.35469541379282,32.996855724540055,33.82891552182383,31.30596194250178,27.867078534946156,1.66,89.0,-0.97,0.88
RTX,1991-02-19,1.7694439851303008,1.7694439851303008,1.727755505750313,1.760180115699768,17894682,40.189306095887964,32.8933284402856,33.45011706900048,31.263858674078943,27.757510734108788,1.58,81.0,-0.95,1.01
RTX,1991-02-20,1.7509151632872972,1.7601795915075589,1.732386980705052,1.7416512966156006,11214526,39.87788545670517,32.952104247408066,32.73014353928178,31.281804760197033,27.776428919259256,1.51,78.0,-1.07,1.15
RTX,1991-02-21,1.7416504710103833,1.7694426193995563,1.7416504710103833,1.7462824583053589,7664065,37.89436315370632,32.674776804601684,32.625466823445606,31.278661707238854,27.773298734331618,1.44,74.0,-1.11,1.2
RTX,1991-02-22,1.764811284783467,1.7926034434509939,1.7601794080851474,1.7740751504898071,9414507,37.8514386795697,32.65378598724951,32.272556602952925,31.313246776567265,27.818433726076243,1.39,59.0,-1.1,1.31
RTX,1991-02-25,1.801867552070689,1.8064995405483173,1.7694430711788498,1.7787073850631714,8159833,37.81744207943456,32.62383204265013,32.23755030317961,31.222753007047437,27.81508810242691,1.33,58.0,-1.1,1.33
RTX,1991-02-26,1.7787075887366328,1.7787075887366328,1.7601794080851474,1.7740751504898071,7811524,37.23707813713183,32.528655052990665,32.241629966662344,31.211171820810602,27.788024884024043,1.26,58.0,-1.09,1.33
RTX,1991-02-27,1.778708106118343,1.7879719745193108,1.7694437884784393,1.7833400964736938,5214462,37.239762276270014,32.47472886116412,32.110058968413774,31.10877089706772,27.753188371837386,1.19,49.0,-1.08,1.39
RTX,1991-02-28,1.8018681703798964,1.8435566425323486,1.792603853316534,1.8435566425323486,7174653,37.941060781000026,31.950245628275443,32.047242628828954,31.369532719497435,27.935339561526508,1.14,46.0,-1.04,1.4
RTX,1991-03-01,1.8203959390702071,1.848188096023436,1.8018676472518973,1.8157639503479004,4594117,33.128922281091995,31.8488103101724,32.12707398268229,31.40944214271447,27.975492558234937,1.09,52.0,-1.06,1.36
RTX,1991-03-04,1.829660540427353,1.8574531578026043,1.820396671564821,1.8342925310134888,4572506,33.22582985565793,31.90812278457476,31.78845693664006,31.431212159588867,27.977411846203033,1.04,33.0,-1.04,1.5
RTX,1991-03-05,1.8296600349451688,1.8991409976390183,1.8203961686419752,1.87134850025177,8456022,33.07275430320621,32.11930357183746,31.440851534947882,31.417135135100686,28.04014020594709,1.01,14.0,-0.9,1.61
RTX,1991-03-06,1.8898767232894897,1.908404904437484,1.880612745025197,1.8898767232894897,6907701,25.071543773794147,32.16095136404066,31.00917838939378,31.430920583436865,28.008743681823212,0.98,7.0,-0.79,1.79
RTX,1991-03-07,1.8945093065036385,1.9084056160106049,1.8806134462356567,1.8806134462356567,2558926,25.18476156850122,31.99217806799673,30.319694267365836,31.41626968223629,28.01194076225481,0.98,1.0,-0.7,2.01
RTX,1991-03-08,1.90377272754368,1.908404603636049,1.862084270376747,1.8667161464691162,3566987,25.036518422049745,31.985235630760684,29.92332261456754,31.415006089324187,27.97380838695238,1.0,1.0,-0.71,2.19
RTX,1991-03-11,1.8620843887329102,1.8667162651196865,1.8528199621011956,1.8620843887329102,1966546,25.016160330212095,31.96512215661036,29.796817714571045,31.136004080492736,27.973958485223623,1.02,1.0,-0.72,2.27
RTX,1991-03-12,1.8667168174872566,1.8806131246177098,1.8435566425323486,1.8435566425323486,5313616,25.30822023953414,31.98649190942144,29.490826440151935,31.152709637203458,27.990102831295143,1.05,1.0,-0.78,2.43
RTX,1991-03-13,1.8389242887496948,1.8528201438928191,1.8296599735186947,1.8389242887496948,3511054,24.323348239346327,31.991905093898808,28.838434919034807,31.14779735035842,27.991037832280874,1.1,1.0,-0.82,2.72
RTX,1991-03-14,1.8435568378646103,1.8620851370253024,1.8157646698979195,1.8250285387039185,3003846,24.256756169456445,31.88674198635102,28.852916231958524,31.157973388827,27.999540452012628,1.15,2.0,-0.86,2.71
RTX,1991-03-15,1.829661250114441,1.834293242497229,1.8157653852758595,1.829661250114441,3611479,24.25640609231893,31.78557798573359,28.840851265244844,31.152786674668278,27.887182824402686,1.2,2.0,-0.9,2.72
RTX,1991-03-18,1.8065003144594416,1.8250285009268719,1.792604006144264,1.8111321926116943,2378415,24.41498300937151,31.56566123718298,28.860380431555605,31.170051003293498,27.90323835995505,1.25,4.0,-0.94,2.7
RTX,1991-03-19,1.7926039637716904,1.7972364033631265,1.7694437873897182,1.7879719734191895,1966546,24.70490847324586,31.6628601285145,28.937747373651273,31.19718496371238,27.907089028192377,1.28,5.0,-0.97,2.64
RTX,1991-03-20,1.778708106118343,1.7972364044689484,1.778708106118343,1.7833400964736938,2701300,23.525188311384863,31.6683266222608,28.927723753246653,31.185714108726632,27.907829000792606,1.32,5.0,-0.99,2.65
RTX,1991-03-21,1.7972364044689484,1.8111321509155334,1.778708106118343,1.7833400964736938,2106378,23.400486782718495,31.491701718961068,28.53040645971313,31.123510026338348,27.88770599478755,1.37,1.0,-1.0,2.9
RTX,1991-03-22,1.7740753353602474,1.778707774089804,1.732386980705052,1.7416512966156006,536446,23.974523196767812,31.79951094481653,28.732622090697706,31.20938609058482,27.959581169196333,1.41,2.0,-0.98,2.77
RTX,1991-03-25,1.7231230017236423,1.755547602016854,1.7231230017236423,1.7416512966156006,3851736,23.94544905152265,31.683435821181465,28.6841662773968,31.178178946017248,27.959182596551745,1.45,2.0,-0.96,2.8
RTX,1991-03-26,1.7370188918236134,1.774074911199296,1.7370188918236134,1.7694430351257324,3664870,23.188651684382773,31.73559934492397,28.6134267506596,31.195912160179557,28.006881255827352,1.49,2.0,-0.93,2.86
RTX,1991-03-27,1.7648117981230884,1.7833400964736938,1.7601799200774715,1.7833400964736938,6235236,22.1626858859841,31.774880007534428,28.39189688062839,31.212639195728915,28.00375197979997,1.53,1.0,-0.9,3.02
RTX,1991-03-28,1.7833397794134211,1.801867962160164,1.7833397794134211,1.7972360849380493,6228880,19.377584821459937,31.80615600132019,28.41123190358166,31.154962359954386,27.971478176019254,1.57,2.0,-0.88,3.01
RTX,1991-04-01,1.80186751535691,1.80186751535691,1.7555471822856699,1.7694430351257324,4780983,19.963826869554243,31.853933977837922,28.509768058243267,31.173045961815184,27.992944543216815,1.61,3.0,-0.83,2.93
RTX,1991-04-02,1.7833400964736938,1.792603964874662,1.7740756665240565,1.7833400964736938,5035223,18.890006120591092,31.874835006888013,28.52126966356574,31.035393604241506,27.95298904237466,1.64,4.0,-0.79,2.92
RTX,1991-04-03,1.8157646335255755,1.825028502146006,1.8065003156661987,1.8065003156661987,3518682,19.22676253110811,31.23845084874075,28.439479372622994,30.905841872983046,27.961276703643623,1.68,3.0,-0.76,2.99
RTX,1991-04-04,1.8111322301010955,1.8342925198196562,1.7926040432501424,1.8250285387039185,4989460,19.094649446469376,30.99816145796218,28.467429168537695,30.80988240782576,27.981063665460802,1.71,4.0,-0.74,2.97
RTX,1991-04-05,1.8435559361022469,1.852819800376892,1.7972356039418662,1.852819800376892,2857658,19.49400498920982,29.892014658310835,28.543223206039475,30.86628316627734,28.023516950644368,1.74,8.0,-0.72,2.91
RTX,1991-04-08,1.834292280893705,1.8435565977319346,1.783339942154995,1.8203964233398438,2330110,19.84107381194602,30.016964073726516,28.502710914471102,30.92407289927236,28.07632451668155,1.77,5.0,-0.68,2.92
RTX,1991-04-09,1.8203958058189667,1.8250276818925302,1.7601791706689194,1.7694430351257324,3057236,21.56288377167033,30.6215123643558,28.836242068730595,31.074024403045065,28.21534828007079,1.79,13.0,-0.63,2.71
RTX,1991-04-10,1.7648121087859752,1.774075978817678,1.7416519283128267,1.7555482387542725,1782222,21.668585437686648,30.362335071152057,28.736930692431283,31.078362228946105,28.201106910283833,1.82,13.0,-0.55,2.78
RTX,1991-04-11,1.7694432737914876,1.7926034434509939,1.7694432737914876,1.7740751504898071,3446223,21.84004028806665,30.416384128949964,28.7769635072411,31.1023422506717,28.20342985434631,1.84,14.0,-0.47,2.76
RTX,1991-04-12,1.7787074611365161,1.7833394498122492,1.7648111581802368,1.7648111581802368,3563174,19.444736477155402,30.210801912718093,28.529605969570188,31.106108802132326,28.198261167657545,1.87,8.0,-0.41,2.91
RTX,1991-04-15,1.76944314685597,1.7787074611365161,1.7601792818141968,1.7648111581802368,3020371,19.005780129115738,26.83549238158755,28.52756219864694,31.09402760081305,28.164955773595622,1.89,8.0,-0.34,2.91
RTX,1991-04-16,1.7648110539076554,1.769443042309711,1.7231225967407227,1.7231225967407227,3807244,19.82288043474103,27.284909043299756,28.564186543438773,31.2086484172696,28.258754749094468,1.91,12.0,-0.26,2.89
RTX,1991-04-17,1.6768032395094483,1.7138597298440437,1.6351147580766237,1.6906991004943848,40633908,19.26172320273006,27.298029805897635,28.64865899340928,31.27379379266366,28.312013227192462,1.93,14.0,-0.22,2.82
RTX,1991-04-18,1.6768023529528002,1.6860662179415293,1.6582741737365723,1.6582741737365723,15953560,19.378067480205036,23.58080511440665,28.802523044857043,31.317726878022455,28.354682283947962,1.95,19.0,-0.21,2.71
RTX,1991-04-19,1.658274966336417,1.6768031544084978,1.6397466659545898,1.6397466659545898,7314485,19.48018235746466,23.593611358295,28.687099751888272,31.177172096406476,28.37164373409448,1.97,16.0,-0.21,2.79
RTX,1991-04-22,1.6490104529668845,1.662906761791139,1.6397465840132701,1.6536428928375244,5271666,19.817832022424078,23.309604786708114,28.59310672843453,31.16499221886333,28.384243029446527,1.99,13.0,-0.21,2.86
RTX,1991-04-23,1.672170639038086,1.6860669479312607,1.6582748916936167,1.672170639038086,7281434,20.29845192080989,23.31147590880889,28.632627885130212,31.04446373525237,28.40871106583989,2.01,15.0,-0.17,2.83
RTX,1991-04-24,1.7231224309384912,1.7277544188948477,1.6906979536956164,1.7045942544937134,10641215,21.23948714025764,23.64072439227296,28.73026556512903,30.541700431911355,28.4782485608818,2.02,19.0,-0.1,2.77
RTX,1991-04-25,1.7092272895068066,1.7138597298440437,1.6906991004943848,1.6906991004943848,5477601,21.300715101482563,23.032762784720358,28.710810820538157,30.417405113306025,28.48784965429058,2.04,19.0,-0.04,2.78
RTX,1991-04-26,1.686065721138217,1.6999620199203491,1.6768018588791072,1.6999620199203491,3812329,21.3816426745861,22.891927633994396,27.86369437651402,30.397007871565762,28.440023417320752,2.06,1.0,-0.06,3.11
RTX,1991-04-29,1.704595203830092,1.718491512367429,1.695331335067749,1.695331335067749,5393702,21.331152446005266,22.888148969595072,27.65651595269419,30.2098672103308,28.431159016855062,2.08,1.0,-0.1,3.26
RTX,1991-04-30,1.6906979536956164,1.7277544188948477,1.6906979536956164,1.7045942544937134,6101760,21.325830565442935,22.855936122296622,27.67158051608974,30.18074748201476,28.412616861664336,2.11,2.0,-0.14,3.25
RTX,1991-05-01,1.7138593196868896,1.7231231873565878,1.7045950027782917,1.7138593196868896,4303012,21.175587580930177,22.85824284305564,27.656205885709078,30.17785361161688,28.384346546042615,2.13,1.0,-0.16,3.26
RTX,1991-05-02,1.7138595218313881,1.723123390593731,1.6906988952927553,1.695331335067749,4664033,21.35086523639233,22.292047238397295,27.704981683718948,30.137379085985966,28.402689904329076,2.15,4.0,-0.21,3.22
RTX,1991-05-03,1.6906987376648859,1.6953311770079862,1.676802879662046,1.6814348697662354,4547082,21.42747800869226,22.264385403974416,27.623681609296046,30.10175644534462,28.403147603267858,2.18,1.0,-0.26,3.29
RTX,1991-05-06,1.6814350695863514,1.6860669479312607,1.6582748916936167,1.672170639038086,4207672,20.45472746885686,22.095724016743716,27.60895583239896,30.10605753737296,28.4068040870324,2.2,1.0,-0.3,3.3
RTX,1991-05-07,1.6721699150648193,1.6721699150648193,1.6490097471993805,1.6582741737365723,4206401,20.549394727189657,22.12996237670111,27.60650149351152,30.109281419579474,28.407263610215928,2.22,1.0,-0.37,3.3
RTX,1991-05-08,1.6582749244262183,1.6814351027761103,1.653642933680137,1.6768031120300293,5916165,20.244072396644533,21.585816066206593,27.61227872578954,30.135356316847517,28.429957309911323,2.24,3.0,-0.43,3.29
RTX,1991-05-09,1.6675382079869514,1.690698378203238,1.6675382079869514,1.6860663890838623,5365735,20.159491852810536,21.051322371326798,27.624172598478452,30.13814214599601,28.432199781144153,2.26,5.0,-0.47,3.28
RTX,1991-05-10,1.6906987376648859,1.6906987376648859,1.6629065724202952,1.6814348697662354,2904692,19.952225524420808,19.70919227322748,27.507393780862078,29.626199625845807,28.38753844215958,2.28,1.0,-0.5,3.37
RTX,1991-05-13,1.690698378203238,1.690698378203238,1.6768025231548147,1.6860663890838623,2581807,19.589351370973553,19.714212616783968,27.429135392142506,29.257207192953388,28.388226197597216,2.29,1.0,-0.52,3.44
RTX,1991-05-14,1.686066939569008,1.686066939569008,1.6351145933815925,1.6536428928375244,7597962,20.03551060010713,19.44620197618025,27.40852587986307,29.303202159294017,28.443546248215124,2.31,1.0,-0.57,3.46
RTX,1991-05-15,1.6536429807947206,1.66290685024108,1.635114680353269,1.644378662109375,3582242,19.50899789016729,19.46864246454278,27.410332323851215,29.268351815910343,28.436656829203322,2.32,2.0,-0.63,3.45
RTX,1991-05-16,1.6490104098121514,1.6490104098121514,1.6165863639292077,1.6351145505905151,4226740,19.103994484226227,19.392492284925606,27.421513970105583,29.27366890157184,28.435822651263244,2.33,3.0,-0.69,3.44
RTX,1991-05-17,1.625849962234497,1.625849962234497,1.6026897889146539,1.625849962234497,5768706,18.260081516217365,19.399685904706562,27.32690936284614,29.275178375332793,28.421988143176264,2.35,1.0,-0.75,3.53
RTX,1991-05-20,1.6426985579316644,1.6426985579316644,1.6333386898040771,1.6333386898040771,1502558,17.988658246210733,19.114721165394037,27.29146930925715,29.229425229404356,28.283432206405923,2.36,1.0,-0.79,3.57
RTX,1991-05-21,1.6520586560493327,1.6754589473015309,1.6333384684369994,1.6473783254623413,2895794,16.708573652077522,19.206407961911978,27.240718357894472,29.225354201997394,28.283284024451433,2.38,1.0,-0.84,3.61
RTX,1991-05-22,1.6473785170931465,1.652058848224576,1.6239783365924927,1.6426985263824463,2480111,16.62804545042241,19.207170424121532,27.154792270022348,28.955176601410994,28.283663334643062,2.4,1.0,-0.88,3.69
RTX,1991-05-23,1.6473783254623413,1.6660985130746746,1.6380183451297379,1.6473783254623413,4913188,16.263547160118303,19.179136429681147,27.16034737877094,28.957908061308927,28.28084005766463,2.42,2.0,-0.92,3.68
RTX,1991-05-24,1.6380185758118624,1.6520588887087542,1.6239783763885498,1.6239783763885498,2492823,16.60645003349161,17.958453209965512,27.245191143892928,28.998946112807655,28.25049778663769,2.43,4.0,-0.96,3.6
RTX,1991-05-28,1.6380183451297379,1.6473783254623413,1.6286580243764448,1.6473783254623413,4642422,17.316429288678638,18.058197197459577,27.275767492666763,28.99409018845576,28.231606730546595,2.45,5.0,-0.99,3.58
RTX,1991-05-29,1.647377676589454,1.6614179819788213,1.647377676589454,1.6520580053329468,8163646,16.108839688214132,17.916134269411717,27.26530482595429,28.962513472883984,28.229231234914447,2.47,5.0,-1.02,3.59
RTX,1991-05-30,1.6520581031299373,1.6801382616768605,1.6380177969094252,1.661418080329895,9166623,15.335114123557709,17.406355832014032,26.80452363409219,28.96665095166837,28.212778365449488,2.49,1.0,-1.03,3.94
RTX,1991-05-31,1.6660979306934411,1.755019187927246,1.6660979306934411,1.755019187927246,13369210,21.335046217356005,20.816258700437025,28.01107178378266,29.238616187474964,28.735986408986637,2.5,25.0,-1.01,3.75
RTX,1991-06-03,1.7503388589762545,1.759699176457667,1.7409788819154124,1.755019187927246,4721237,20.979943165210322,20.803512541151374,27.257080120416948,29.211026479792174,28.704814028090457,2.51,6.0,-1.0,4.21
RTX,1991-06-04,1.7316193427261308,1.7737398147583008,1.7316193427261308,1.7737398147583008,5951758,21.04481534652608,20.89946293007096,27.177473715819822,29.17288096698188,28.72556188694762,2.52,4.0,-0.98,4.29
RTX,1991-06-05,1.7737404931117635,1.7737404931117635,1.7503398562852972,1.7597001791000366,6301338,21.07799373608448,20.947617192979013,27.186463934699507,29.162449390354116,28.730200750336177,2.53,5.0,-0.94,4.28
RTX,1991-06-06,1.759700949942328,1.759700949942328,1.6894998030262227,1.6941802501678467,6293711,23.340446517764548,22.208589788427844,27.681816471155102,29.401751890622485,28.94564867642324,2.54,26.0,-0.95,4.0
RTX,1991-06-07,1.698859371946174,1.7269394304979395,1.698859371946174,1.7128996849060059,9873410,23.43210451386658,22.3518095438841,27.728788274532235,29.262375587766588,28.897236955475208,2.54,28.0,-0.94,3.96
RTX,1991-06-10,1.703540123188354,1.7129005635770507,1.6894998030262227,1.6941802501678467,4304283,23.609776401278214,22.404267768357396,27.617664656973435,29.28458480287221,28.906017765034097,2.55,21.0,-0.92,4.06
RTX,1991-06-11,1.7175795622787906,1.7222595531251548,1.7035392493189587,1.7128996849060059,5345396,23.811626865912753,22.531726552950456,25.471413416712853,29.000820661317604,28.84586597097824,2.57,1.0,-0.92,3.48
RTX,1991-06-12,1.712899734656287,1.7175796121649962,1.6941794303063693,1.708219289779663,3620378,23.777277323176165,22.455124228431515,25.474557852487695,28.957733412292097,28.844882430519135,2.59,2.0,-0.92,3.47
RTX,1991-06-13,1.7082188066202093,1.7269389922016516,1.7035388169616241,1.7175791263580322,3167830,23.778135212120326,22.354437136004513,25.319891331073936,28.727083264784483,28.84745419412418,2.62,1.0,-0.92,3.65
RTX,1991-06-14,1.7269390810774057,1.7456593810958265,1.7222592046515246,1.7362995147705078,4375470,23.74250864724046,22.47426131618657,22.81638831959927,28.269754932741307,28.866976015087136,2.66,1.0,-0.93,1.55
RTX,1991-06-17,1.7409793015980597,1.7409793015980597,1.7175791263580322,1.7175791263580322,4970392,23.840567848498882,22.57466222878634,22.826792448696892,28.23003762789076,28.798313552508915,2.71,2.0,-0.91,1.55
RTX,1991-06-18,1.7128992501729978,1.7222591160166174,1.7035388169616241,1.7175791263580322,3306391,23.768698037438522,22.05864557915419,22.6215766189909,27.93993333828742,28.789406330239064,2.74,1.0,-0.88,1.7
RTX,1991-06-19,1.7128996849060059,1.7175795622787906,1.7035392493189587,1.7128996849060059,4376742,23.634358574297494,22.064505096639333,22.561968426127688,27.922440496174726,28.774961542534765,2.78,1.0,-0.85,1.76
RTX,1991-06-20,1.7128994481558955,1.717579324881846,1.698859137136659,1.7035390138626099,6180574,23.511295265686726,21.830985415341235,22.58028905783023,27.929542960245684,28.769567195864482,2.82,2.0,-0.83,1.75
RTX,1991-06-21,1.6988595724105835,1.703539450335591,1.6848192577940029,1.6988595724105835,4498777,23.481064882085896,21.763501203927948,22.168400725534262,27.836844745064372,28.554430898653866,2.85,1.0,-0.84,1.99
RTX,1991-06-24,1.6941799787480376,1.6941799787480376,1.6754597818115817,1.6801396608352661,2084768,23.69673350842619,21.78912379017901,22.131358740105135,27.548743004265514,28.57074950832581,2.88,1.0,-0.86,2.04
RTX,1991-06-25,1.6801393823755622,1.6801393823755622,1.6614191885417176,1.6754595041275024,2593248,23.694729248269216,21.58319958494944,22.129519672917567,27.533897276614315,28.566688577629478,2.91,1.0,-0.89,2.05
RTX,1991-06-26,1.6660985456398327,1.689498723875842,1.6614186688556225,1.6707789897918701,2594519,23.003567140899904,21.50927947279835,22.092882483029694,27.308598364642172,28.567048906532648,2.93,1.0,-0.91,2.09
RTX,1991-06-27,1.6848196533325703,1.6988599712453418,1.6754597818115817,1.6801396608352661,6045827,22.98044670219332,21.35775385912197,22.09545495202073,27.022126483142923,28.568732713835445,2.95,2.0,-0.92,2.09
RTX,1991-06-28,1.6754595088668884,1.6801393871281862,1.642698885880988,1.6660990715026855,3995382,23.06007033656353,21.27317941924707,21.727856025437784,26.772614781756022,28.57658289206833,2.98,1.0,-0.9,2.34
RTX,1991-07-01,1.6660979554563486,1.6754583865504071,1.6567380917299162,1.661418080329895,5804299,23.006810080925234,20.989914676588477,21.688048857034005,26.289805220708253,28.57247252400047,3.0,1.0,-0.86,2.39
RTX,1991-07-02,1.6614197300701494,1.6988602434149194,1.6567397368230767,1.6941802501678467,5074630,23.624056325545997,21.174020272692633,21.807550792061242,26.097736172998136,28.63585358560928,3.02,3.0,-0.83,2.27
RTX,1991-07-03,1.698859137136659,1.7035390138626099,1.6801388359179081,1.7035390138626099,3935635,23.558157217619748,20.441650877703317,21.816761062535644,26.03135021695203,28.594129953046664,3.04,4.0,-0.8,2.25
RTX,1991-07-05,1.6894992188611813,1.694179664384484,1.6801393490769636,1.6848193407058716,1306794,23.796875064296692,20.499829926719155,21.482893865249423,25.82306251509466,28.588614270334496,3.05,1.0,-0.73,2.49
RTX,1991-07-08,1.6660985456398327,1.680138856833856,1.6567386785978468,1.6707789897918701,3012744,23.936452888714598,20.424713322576775,21.157685196658438,25.410848418796057,28.574619799209287,3.07,1.0,-0.7,2.7
RTX,1991-07-09,1.6848190425048029,1.6894989198318071,1.62865824510918,1.6333386898040771,5603450,24.500686104820296,20.88617293181691,20.667362218020617,25.542048020588688,28.62200762569432,3.08,1.0,-0.73,2.73
RTX,1991-07-10,1.642697688266517,1.6614179819788213,1.642697688266517,1.6520580053329468,4985646,24.36914919694654,21.046195798655514,20.751063073003902,25.573561845127674,28.648375086400872,3.09,2.0,-0.75,2.62
RTX,1991-07-11,1.6801392663954025,1.7082194417341914,1.6707793970717946,1.6988595724105835,2911048,25.665774615363713,21.32662798442147,20.886261074710117,25.774632726051117,28.735636142450648,3.1,3.0,-0.74,2.57
RTX,1991-07-12,1.708219240165323,1.7175795622787906,1.6894989363591268,1.7128996849060059,3889872,25.717849756526128,21.03159316520405,20.930424044092202,25.793487420156975,28.726852573184797,3.1,4.0,-0.72,2.51
RTX,1991-07-15,1.722259756350772,1.722259756350772,1.6894991357190103,1.6988595724105835,4112332,20.146838553752797,20.710132561317657,20.90424689544708,25.804304032893544,28.617222748489667,3.12,4.0,-0.71,2.53
RTX,1991-07-16,1.7222588922822735,1.7456590644824432,1.7128990276545708,1.7409790754318237,5242429,21.468371995598794,21.142303563444827,21.26570933215802,25.728947542211056,28.597977327145536,3.12,7.0,-0.71,2.25
RTX,1991-07-17,1.7503408193588257,1.75970114732381,1.7363009515164272,1.7503408193588257,4848357,21.290452143155953,21.10543290433413,21.132255073758476,25.701704445155965,28.50732858972713,3.13,6.0,-0.69,2.38
RTX,1991-07-18,1.722259021850279,1.8299000263214111,1.722259021850279,1.8299000263214111,12003942,24.81070160804312,22.82641938479025,22.283073109746166,26.19783102478307,28.863240269835515,3.12,19.0,-0.73,2.3
RTX,1991-07-19,1.8252197046905838,1.8252197046905838,1.7924591060302368,1.8111793994903564,8214494,22.162192883941202,22.6489376110795,22.34165959277576,26.124506220404193,28.875109520837583,3.1,20.0,-0.77,2.26
RTX,1991-07-22,1.806500792503357,1.820541108438984,1.8018209141386887,1.806500792503357,4901747,22.044709444472037,22.58080893745408,22.331504564276596,25.984132273861,28.859464430658615,3.08,20.0,-0.79,2.29
RTX,1991-07-23,1.8065008263030515,1.8111808182288862,1.7924605101047297,1.7971409559249878,2616130,21.816008314820607,22.59855889661386,21.70687198025936,25.993263626086716,28.857557597926974,3.07,11.0,-0.77,2.65
RTX,1991-07-24,1.8065004759010377,1.8065004759010377,1.7831002938635223,1.7877802848815918,3805973,21.739242033183224,22.62155859926496,21.58965085721663,25.985665911526866,28.85561505722064,3.06,10.0,-0.74,2.74
RTX,1991-07-25,1.7971409559249878,1.8018209478508227,1.7877806316525007,1.7971409559249878,2897065,21.729192356813545,22.61965310379459,21.543869802215028,25.984665632269067,28.861600258184854,3.05,10.0,-0.71,2.8
RTX,1991-07-26,1.7971409559249878,1.7971409559249878,1.7690603235283442,1.7971409559249878,2014852,21.70444757009669,22.60046019029244,21.298964901935715,25.90163245870787,28.85313984970206,3.04,9.0,-0.73,3.06
RTX,1991-07-29,1.783100325931874,1.7877803170341116,1.7737404572009854,1.7784204483032227,3884787,21.787033855968733,22.591833541713022,21.294187587799847,25.9318169529826,28.868284892827372,3.04,9.0,-0.83,3.11
RTX,1991-07-30,1.7784188487678791,1.7784188487678791,1.764378547668457,1.764378547668457,2366974,21.66782680425257,22.586736144711704,21.315060893521736,25.944310617214146,28.871867282671015,3.05,11.0,-0.91,3.1
RTX,1991-07-31,1.7550188324694442,1.7596988200519905,1.7269382261331636,1.74565851688385,5744553,21.925173430779072,22.67267514657009,21.347584751766526,25.846623736852475,28.863972126316874,3.06,12.0,-0.94,3.07
RTX,1991-08-01,1.7362999961679229,1.7690600480204233,1.7316200049709356,1.7597001791000366,3708090,22.006839162560688,22.64122605860096,21.389864684040823,25.83158521252125,28.74535222912109,3.07,13.0,-0.99,3.0
RTX,1991-08-02,1.7643796811142474,1.773740001333793,1.7316195248710702,1.7362995147705078,2304686,22.323058249511142,22.72993104284842,21.434608848709154,25.804958935186573,28.745857479479657,3.08,14.0,-0.98,2.96
RTX,1991-08-05,1.7456606297801966,1.7456606297801966,1.6941802501678467,1.6941802501678467,2400026,23.4753832177096,23.28003340109224,21.76776335929507,25.97219248170553,28.723531798312358,3.09,21.0,-0.96,2.75
RTX,1991-08-06,1.6848191079210362,1.708219289779663,1.6848191079210362,1.708219289779663,3827583,23.357426920281604,23.332042580814477,21.787650256248654,25.82189813919151,28.27555045614167,3.09,22.0,-0.91,2.7
RTX,1991-08-07,1.6988589407765897,1.7175791263580322,1.6941789511180045,1.7175791263580322,3569530,23.377297570494402,23.351018544040024,21.803545483367508,25.827788697962113,28.1774787470589,3.1,23.0,-0.87,2.67
RTX,1991-08-08,1.7082188066202093,1.7269389922016516,1.7082188066202093,1.7175791263580322,2139430,23.353649818623687,22.98663907322927,21.74990963027995,25.69114104531826,28.15422240098365,3.11,21.0,-0.81,2.71
RTX,1991-08-09,1.7175795622787906,1.7222595531251548,1.7035392493189587,1.7128996849060059,2600875,23.333619686396595,22.960691300219924,21.66285658991845,25.642109887229836,28.00843044237404,3.11,18.0,-0.75,2.77
RTX,1991-08-12,1.7082188066202093,1.7222591160166174,1.7082188066202093,1.7175791263580322,2499179,23.181518008909084,22.92620728064297,21.665792117364855,25.634847106565523,27.982159566335994,3.11,19.0,-0.68,2.76
RTX,1991-08-13,1.7222589679444325,1.7409791519163964,1.7222589679444325,1.7269388437271118,2564010,23.18642435263597,22.904731371760924,21.68535842711636,25.532938391190708,27.979242539215587,3.11,20.0,-0.62,2.73
RTX,1991-08-14,1.7362994254130255,1.7362994254130255,1.7128992501729978,1.7175791263580322,3381392,22.601537332996788,22.929804788709674,21.377033932097053,25.466289001419202,27.932312129712482,3.12,13.0,-0.6,2.93
RTX,1991-08-15,1.717579214752087,1.740979391196389,1.717579214752087,1.7362995147705078,3129694,22.757368790185208,22.967350806849378,21.447976672571194,25.487612831202362,27.914526737013233,3.12,16.0,-0.59,2.84
RTX,1991-08-16,1.7316194357544403,1.7362994254130255,1.7128992501729978,1.7175791263580322,3095372,22.74811404346833,23.080850294888478,21.363626090464003,25.484924921271613,27.93383777422204,3.12,13.0,-0.54,2.97
RTX,1991-08-19,1.625887320111616,1.6731513085009868,1.625887320111616,1.658971905708313,5930148,24.84065504473478,24.19175387287822,22.009602230604823,25.786023232760524,28.138234522412482,3.12,33.0,-0.48,2.75
RTX,1991-08-20,1.6778776729515084,1.6920570758409494,1.6684249668872853,1.687330722808838,3233933,24.381775384551585,24.243815047059574,22.147654651757716,25.335743147959334,28.187153844271286,3.11,38.0,-0.38,2.62
RTX,1991-08-21,1.7676799256440445,1.8338501478979694,1.7676799256440445,1.8149443864822388,13985742,31.977036330010737,28.291613131407832,24.90957897012965,26.65141697230262,29.11636600849486,3.09,48.0,-0.41,5.11
RTX,1991-08-22,1.824395834271433,1.8433015838070603,1.8149432459977783,1.8291221857070923,8033984,31.141318618164483,28.318871887866464,24.909255828634443,26.66646128744738,28.742157845182938,3.07,48.0,-0.39,5.11
RTX,1991-08-23,1.8291224263488943,1.857481226279752,1.8196698368316442,1.8480280637741089,4268690,31.180010694565517,28.36238027949019,24.878837194794162,26.677800070536016,28.49316149618745,3.05,48.0,-0.28,5.16
RTX,1991-08-26,1.848028138424725,1.848028138424725,1.8243961479874378,1.833849310874939,2522061,31.16453201945247,26.17911399031165,24.85843141463082,26.69232708701826,28.475929889010885,3.02,48.0,-0.26,5.25
RTX,1991-08-27,1.8291235107247554,1.8291235107247554,1.7913125572515518,1.8196709156036377,3275882,30.58784992404467,26.236647523389284,24.770628709334297,26.641318048821255,28.458985255960496,3.0,48.0,-0.39,5.44
RTX,1991-08-28,1.8149444923323528,1.824397087097168,1.8149444923323528,1.824397087097168,2130531,30.56777674397723,26.157363210332075,24.615105635022307,26.624492768229125,28.459038907844864,2.98,48.0,-0.38,5.56
RTX,1991-08-29,1.8149436618137706,1.8243962522530783,1.8007642604652048,1.8054906129837036,1777138,27.86707234618731,26.196184123944516,24.249701304394907,26.6391166153322,28.473751003251913,2.95,48.0,-0.42,5.9
RTX,1991-08-30,1.810217261314392,1.819670426885357,1.8054910223220568,1.810217261314392,1716120,27.721843862479734,24.94758210445994,24.217847350323396,26.612376369837964,28.43379244133005,2.92,48.0,-0.48,5.9
RTX,1991-09-03,1.8196693540319144,1.8291219410411779,1.796037370819339,1.8007636070251465,1852138,27.753795840890255,24.89454321599201,24.178074797155958,26.61852401605452,28.419809673012804,2.89,48.0,-0.51,6.02
RTX,1991-09-04,1.8054902465279201,1.8054902465279201,1.7818582595365713,1.786584496498108,1154250,27.80804416374028,24.83995798876599,24.19691544750785,26.5718285928366,28.237657618288818,2.86,49.0,-0.54,6.0
RTX,1991-09-05,1.786584496498108,1.8196696449985292,1.786584496498108,1.786584496498108,1864850,27.767187755351497,24.75097808447801,24.19691544750785,26.528249078746946,28.237657618288818,2.83,49.5,-0.57,6.0
RTX,1991-09-06,1.7724072255832979,1.7771335815935487,1.7535015723467466,1.7676805257797241,2529688,27.8870871534109,24.85062518439943,23.951966706515346,26.446041167004015,28.2531472301015,2.8,48.0,-0.62,6.26
RTX,1991-09-09,1.758226566683898,1.758226566683898,1.739320926856743,1.7440471649169922,1472050,28.13572373482146,24.993664043495315,23.854628369257547,26.48692385965976,28.24408336843362,2.77,48.0,-0.64,6.37
RTX,1991-09-10,1.7393212307119523,1.7393212307119523,1.7015098298543887,1.720415472984314,2476298,28.243294778669537,25.054339305390467,23.75156408408091,26.535758450859237,28.24951210995365,2.73,48.0,-0.63,6.48
RTX,1991-09-11,1.7251417618488876,1.7298685735463117,1.6873308207984703,1.7062360048294067,3015286,28.2507996118241,25.013097910472524,23.719384761575345,26.48813401651413,28.256947960250145,2.7,48.0,-0.6,6.52
RTX,1991-09-12,1.720415472984314,1.7251418264679386,1.7109628806147776,1.720415472984314,2857658,28.227829416803573,25.072092821496362,23.71799327665018,26.47634015148409,27.929098454377264,2.66,48.0,-0.57,6.52
RTX,1991-09-13,1.7440471649169922,1.758226566683898,1.734594574198801,1.7440471649169922,3312747,28.421634227690507,25.21928239107334,23.750133154049095,26.478678397477513,27.942118883925747,2.63,50.0,-0.58,6.46
RTX,1991-09-16,1.7724072255832979,1.7771335815935487,1.7535015723467466,1.7676805257797241,4522930,28.412330130966012,25.33231933652642,23.651787706514877,26.480928861989433,27.926672666543233,2.59,48.0,-0.63,6.63
RTX,1991-09-17,1.75822687263356,1.7771326303482056,1.7393212295166274,1.7771326303482056,3401731,27.416039279334008,25.340601427407062,23.624755638908297,26.48835424602719,27.911366483133843,2.55,48.0,-0.68,6.61
RTX,1991-09-18,1.767679579594313,1.7771326303482056,1.7535006337508963,1.7771326303482056,2045361,27.346101950657204,25.22110760505593,23.61144362190371,26.486441550855332,27.831724026542542,2.52,48.0,-0.73,6.66
RTX,1991-09-19,1.7771316583177665,1.7771316583177665,1.7345939272725008,1.7393202781677246,4422505,28.097693722312357,25.62760594091893,23.86250909102957,26.5633564739353,27.78800238279865,2.49,56.0,-0.74,6.38
RTX,1991-09-20,1.7345949339660167,1.7393212876042379,1.7204155292582022,1.7251418828964233,5330142,28.208234196081843,25.68205032539178,23.885129477249194,26.57363487803737,27.79496501620643,2.46,57.0,-0.74,6.4
RTX,1991-09-23,1.734595734334403,1.7487751455848097,1.7109637260437012,1.7109637260437012,2070785,28.302436516696705,25.722322946211722,23.90650210399283,26.315927691932195,27.573767434337892,2.43,58.0,-0.74,6.43
RTX,1991-09-24,1.7109629365794765,1.748774338673831,1.7015098855098834,1.7251418828964233,2963167,28.394487759004228,25.70818481676682,23.878241244140632,26.232393970588124,27.551353139072038,2.4,57.0,-0.74,6.39
RTX,1991-09-25,1.7204154210246647,1.748774228656205,1.7109628289406138,1.7156891822814941,3800888,28.39429492366975,25.72916432508554,23.85766683158473,25.80873022570294,27.380600240894765,2.37,56.0,-0.73,6.41
RTX,1991-09-26,1.7062359057418794,1.7204153086313205,1.687330722808838,1.687330722808838,2625028,28.757916963497042,25.657194243082003,23.990937329719184,25.81009882397097,27.076718505199654,2.34,62.0,-0.72,6.27
RTX,1991-09-27,1.663697316132454,1.7015086916975966,1.658970965810334,1.6778767108917236,6640749,28.584450824614983,25.65524294266312,23.970430750827774,25.800630076997116,27.02749067258914,2.31,62.0,-0.7,6.28
RTX,1991-09-30,1.6731516004031557,1.715689357811614,1.6636985489611356,1.701509952545166,5203022,28.757550169247192,25.718232032829814,24.008314743524476,25.740945235662988,26.844324881512332,2.28,64.0,-0.69,6.22
RTX,1991-10-01,1.6920564683741444,1.6920564683741444,1.668424367904663,1.668424367904663,5060647,27.494127519488682,25.980247834223626,24.196442991576156,25.84748797487447,26.903659520220057,2.25,66.0,-0.7,6.06
RTX,1991-10-02,1.658971905708313,1.6684249555011303,1.6495193143063014,1.658971905708313,3526309,27.074501150249358,25.578155223203723,24.20906984479476,25.75087952782271,26.9086908280336,2.21,69.0,-0.72,6.06
RTX,1991-10-03,1.6542455542682173,1.663698260276843,1.6353399130555626,1.6400662660598755,4153010,15.926365158162747,25.582047124367918,24.271002403881624,24.491018394168663,26.861799235970878,2.18,72.0,-0.74,6.03
RTX,1991-10-04,1.640066448095249,1.654245737877388,1.6306137410374417,1.6353400945663452,1869935,15.573072663555493,24.909218506935623,24.08026897262108,24.492809884100993,26.625079114649587,2.15,65.0,-0.74,6.22
RTX,1991-10-07,1.6258880502121442,1.6353406458588178,1.606982285930033,1.611708641052246,2433077,15.291899180336763,25.00039086337582,24.17391425434224,24.45567508191892,26.651357875023297,2.12,66.0,-0.71,6.12
RTX,1991-10-08,1.6211596314443095,1.6258864402770996,1.5975276500378683,1.6258864402770996,4759373,15.73579671939997,25.033376053760907,24.19943273121685,23.066553555343777,26.500497567484665,2.08,71.0,-0.71,6.03
RTX,1991-10-09,1.6258880502121442,1.6306142907366046,1.611708641052246,1.611708641052246,3551733,15.75906894109315,24.524746069401107,24.22255121596223,23.050671122428653,26.301577624717424,2.05,74.0,-0.69,6.01
RTX,1991-10-10,1.611708641052246,1.6164348815767065,1.5975292318923477,1.611708641052246,2861471,15.681850701868507,24.48724562827094,24.21091939571798,22.93163193263511,26.10733589948065,2.01,73.0,-0.67,6.04
RTX,1991-10-11,1.616433281002077,1.6258864402770996,1.5928012995956358,1.6258864402770996,3289866,15.995647129237486,22.658512540892115,24.212761815357705,22.917493586856004,25.764696899094265,1.98,74.0,-0.67,6.04
RTX,1991-10-14,1.6211605697720446,1.6636983213611845,1.6211605697720446,1.6542456150054932,3301306,17.015723304564116,22.929511996568024,24.365845191663137,23.0102257240999,25.60827189980917,1.94,79.0,-0.66,5.75
RTX,1991-10-15,1.6542456150054932,1.6589719681833388,1.6447925648566846,1.6542456150054932,3489444,17.023692287340804,22.93045504000174,24.361783516717924,22.782260057871913,25.555303272511782,1.91,79.0,-0.66,5.77
RTX,1991-10-16,1.6447916128507507,1.6542446575281338,1.6211596314443095,1.6258864402770996,9507305,17.478235703284714,23.147437737377935,24.411104112083866,22.814669143778076,25.43645188003062,1.87,81.0,-0.66,5.72
RTX,1991-10-17,1.5975285160325516,1.6400662660598755,1.5928021630282385,1.6400662660598755,7826778,17.792241694480726,23.23154377227751,24.343519551994724,22.83711310481813,25.14010142256765,1.83,79.0,-0.66,5.83
RTX,1991-10-18,1.7724047915006498,1.7913105333713029,1.7487728147081634,1.7818574905395508,16418819,30.4175551419076,28.938815268829686,27.676131635912114,24.854358874762955,26.476095109176523,1.84,97.0,-0.67,7.14
RTX,1991-10-21,1.7771322686773314,1.8149436618137706,1.7676792198472644,1.8054906129837036,6347102,30.352644057292217,29.067279659093366,27.735728687814127,24.895363841527153,26.50318203685061,1.86,99.0,-0.69,7.02
RTX,1991-10-22,1.7865857440011337,1.8243971558653234,1.7865857440011337,1.8196709156036377,5258954,30.07969404377765,29.025479715441723,26.377863340880808,24.726899438560416,26.502128153540085,1.83,92.0,-0.73,8.34
RTX,1991-10-23,1.829123019467743,1.8338498314486569,1.810217261314392,1.810217261314392,3802159,30.002832237313303,28.99757538023951,26.392637598037066,24.718225427769955,26.50763871120885,1.81,93.0,-0.78,8.34
RTX,1991-10-24,1.796038022544396,1.8054906129837036,1.7771322686773314,1.8054906129837036,2255109,29.969998851717733,28.912825609005743,26.34470711785795,24.654476306625302,26.50350188364178,1.8,92.0,-0.8,8.48
RTX,1991-10-25,1.7960376580071802,1.810216483489457,1.7818582595365713,1.786584496498108,1909342,29.945329960435078,28.95837987403261,26.368131455273332,24.67865136459369,26.358170320601676,1.78,93.0,-0.82,8.46
RTX,1991-10-28,1.7818582595365713,1.8054902465279201,1.777131907977368,1.786584496498108,3040710,29.704108997330174,28.81868094846854,25.650925990649664,24.493989062608783,26.334220237744958,1.74,92.0,-0.85,9.26
RTX,1991-10-29,1.7865856766582278,1.8433028496155093,1.7771330818934126,1.824397087097168,5172513,30.27064010836685,28.638627108352665,25.80247090493632,24.436348552268715,26.39374916199041,1.7,93.0,-0.9,8.94
RTX,1991-10-30,1.8054903277677312,1.8527547622678049,1.7913113870497928,1.8385753631591797,4922086,30.334281054423684,28.633469033497533,25.759051345259387,24.059857336942674,26.330815681001123,1.66,93.0,-0.92,8.91
RTX,1991-10-31,1.8338491259849814,1.8574811140396748,1.8291223158224246,1.8385753631591797,2433077,29.570266981432212,28.6208154745684,25.707623371583015,24.057219623991866,26.23062390725285,1.67,92.0,-0.95,9.07
RTX,1991-11-01,1.8480283689393882,1.8622077712462644,1.8338495396209993,1.8433021306991577,3966144,29.417001759216667,28.621305201074914,25.703322783475503,23.8978632337694,26.23134713841397,1.67,91.0,-0.97,9.05
RTX,1991-11-04,1.8385753631591797,1.8433017149310498,1.8149433751044861,1.8385753631591797,2435619,29.287189190646558,28.62038825054895,25.697535749688388,23.899699079089444,26.221143750114944,1.67,90.0,-1.01,9.1
RTX,1991-11-05,1.8338494156808351,1.8338494156808351,1.8054906129837036,1.8054906129837036,2255109,29.823817095239818,28.89095571881976,25.817752711388962,23.96472975381771,26.282393385606184,1.69,94.0,-1.04,9.06
RTX,1991-11-06,1.8054913243983626,1.8527557849884033,1.8054913243983626,1.8527557849884033,2003411,30.557450677758922,29.329200102375154,26.067055334825344,24.154456759529808,26.34713998276113,1.72,94.0,-1.06,8.46
RTX,1991-11-07,1.8433021306991577,1.8527551801681061,1.8385757778612297,1.8433021306991577,2954269,30.105862225596198,29.32620340383327,26.083483725379537,24.092644170269146,26.35108538143353,1.74,94.0,-1.09,8.46
RTX,1991-11-08,1.8716591719432603,1.8905647993087769,1.86693282240069,1.8905647993087769,6306423,30.670827073820906,29.67790529919402,26.367877903803965,24.27358459319011,26.462206539828458,1.76,95.0,-1.01,7.88
RTX,1991-11-11,1.885839819908142,1.8905660579997043,1.87638711452963,1.885839819908142,4061484,30.57542707579392,29.57983095773814,26.353523078289786,24.273407847530972,26.373687202110354,1.78,94.0,-0.98,7.89
RTX,1991-11-12,1.8811127549371027,1.8905653421387068,1.8669333584452696,1.8763864040374756,4235638,29.90352266762468,28.635383196172313,26.364272418730017,24.274709497204565,26.35857032863707,1.8,94.0,-0.98,7.88
RTX,1991-11-13,1.8716616042340484,1.904746667015344,1.8527562960932646,1.8952940702438354,7620844,29.811858629800973,28.516446206853725,26.331107127920088,23.985277197297,26.319858915135878,1.82,91.0,-0.94,7.82
RTX,1991-11-14,1.8905660579997043,1.8905660579997043,1.8669340653580362,1.885839819908142,4765729,29.57024781239118,24.408909842469136,26.34198360114446,23.923729566262633,26.325256351071996,1.84,91.0,-0.93,7.82
RTX,1991-11-15,1.8716596364974976,1.9094710152111005,1.8574806989481287,1.8716596364974976,7595420,29.704113105777825,24.41947811919411,26.37103132380132,23.911839608625357,26.22281487682509,1.85,96.0,-0.93,7.8
RTX,1991-11-18,1.8649829449231603,1.8697531218715204,1.7838967600958224,1.850674033164978,4248350,29.535996581850004,24.445852721030377,26.434358677478297,23.831840128999872,26.247976180678844,1.87,98.0,-0.95,7.78
RTX,1991-11-19,1.8506731431379233,1.8506731431379233,1.8077451563686286,1.8172844648361206,4394538,30.23251003676647,24.681308724444527,26.568381149995385,23.89866865792073,26.21681396839492,1.88,98.0,-0.94,7.63
RTX,1991-11-20,1.8363647106306686,1.8602135158642314,1.8268248184602047,1.8411343097686768,2853844,30.111174428347514,24.775307223719565,26.631556682677594,23.943362182883803,26.212462455801784,1.89,98.0,-0.93,7.45
RTX,1991-11-21,1.82682528408593,1.8315954626851463,1.7886674404144287,1.7886674404144287,2908506,31.609866217009863,25.476426543681256,26.883916811542196,24.169604834165895,26.369426301749133,1.91,98.0,-0.91,7.38
RTX,1991-11-22,1.7791271209716797,1.7982063261340244,1.7695878075131797,1.7791271209716797,2607231,31.669231222293014,25.411795874351085,26.888110779014614,24.175727360572136,26.299505892477328,1.92,98.0,-0.89,7.42
RTX,1991-11-25,1.7743573749080064,1.8029758930206299,1.769587776087992,1.8029758930206299,3886058,31.534007519255407,25.557448161353562,26.90141944223307,24.200782958274363,26.279611740069964,1.93,98.0,-0.86,7.29
RTX,1991-11-26,1.8077463101548146,1.8220553398132324,1.7648182959869023,1.8220553398132324,2520790,31.598282918430836,25.625341007225266,26.90690478921518,24.231815595868607,26.29241090625238,1.93,98.0,-0.83,7.19
RTX,1991-11-27,1.8220548119836977,1.8363643000931413,1.817285098262932,1.8315945863723755,1988157,30.996260519929375,25.589280661083517,26.649062634213326,24.223137850285724,26.270501686083996,1.92,94.0,-0.8,7.42
RTX,1991-11-29,1.8268237733036126,1.8315939479578969,1.8172844648361206,1.8172844648361206,1247047,31.14766537322799,25.64513739909154,26.63570708889082,24.239089314861605,26.261279457503147,1.91,93.0,-0.75,7.53
RTX,1991-12-02,1.7982057541714247,1.802975351559055,1.7743568420410156,1.7743568420410156,1980530,21.279247658743266,26.027770402595703,26.57018033098271,24.37397706938685,26.009067844025342,1.9,91.0,-0.71,7.86
RTX,1991-12-03,1.7743569691636651,1.802975480732059,1.7743569691636651,1.7934361696243286,3939449,21.156141645179478,25.962428241753553,26.591462133385747,24.359832599768854,25.944644683457263,1.89,91.0,-0.68,7.82
RTX,1991-12-04,1.7934371564172285,1.8077466513729399,1.7743579454587173,1.7886674404144287,1974174,21.02747021330869,25.8046236827228,26.559816859388512,24.35993745406876,25.94611512898306,1.87,88.0,-0.64,7.84
RTX,1991-12-05,1.7838963326699107,1.7838963326699107,1.7600474196764582,1.7648175954818726,2593248,21.317636925526354,25.902041204230823,26.369902986919048,24.411790227197592,25.96946404334433,1.86,83.0,-0.63,8.31
RTX,1991-12-06,1.7505084326808853,1.7934364377494465,1.7457388342384685,1.7695876359939575,4126315,21.334967485186972,25.856282819220095,26.35985183276436,24.251796114604197,25.96952318782588,1.84,79.0,-0.62,8.34
RTX,1991-12-09,1.7743569062513733,1.779126619460642,1.755277822116226,1.7648175954818726,1853410,21.140439866065968,25.717204368505893,25.385603582192388,24.254037468174598,25.922423705174154,1.83,65.0,-0.6,9.84
RTX,1991-12-10,1.7600473165512085,1.7743568022876979,1.7361985206041486,1.7600473165512085,2736894,21.150446018133444,25.574125783358674,25.338681870435348,24.183559603235885,25.91129799354587,1.83,64.0,-0.59,9.89
RTX,1991-12-11,1.7743578492049414,1.7838972806930542,1.7409692607510574,1.7838972806930542,2491552,20.59505069708698,25.701403365605994,25.42947859867249,24.218497412692795,25.933787035233184,1.82,65.0,-0.58,9.62
RTX,1991-12-12,1.7791271896297416,1.8125158866891458,1.7791271896297416,1.807746171951294,4721237,20.854394201765057,25.843718875186234,25.50475334245837,24.252170095093437,25.94622470432081,1.8,65.0,-0.59,9.38
RTX,1991-12-13,1.8125159053971058,1.8602135158642314,1.8029760132266417,1.8411343097686768,6297525,21.559971705342555,25.69729633309287,25.65370018781078,24.276380478788223,26.008626016799102,1.78,66.0,-0.62,8.99
RTX,1991-12-16,1.822055097844157,1.8315948737295211,1.8029758930206299,1.8029758930206299,1835613,22.38219159673629,26.021938624669605,25.861177194543995,24.387907169546803,26.04810189669939,1.76,72.0,-0.62,8.77
RTX,1991-12-17,1.8077455271918463,1.8077455271918463,1.7695872446533853,1.7743568420410156,1855952,22.81211716309554,26.184184362527947,25.986122089331694,24.41340769687382,26.065758700416414,1.73,72.0,-0.61,8.63
RTX,1991-12-18,1.7648176580559347,1.7934361696243286,1.755277884352042,1.7934361696243286,2525874,22.47690544015984,26.21941600044889,25.988894704669153,24.4163955459011,26.00628919701719,1.7,72.0,-0.62,8.52
RTX,1991-12-19,1.7695883451050218,1.7886674404144287,1.764818629102222,1.7886674404144287,1948750,21.079334853849783,26.197497893653992,25.961009073500207,24.351003532128928,26.002356840826174,1.68,70.0,-0.62,8.55
RTX,1991-12-20,1.807746025750725,1.850674033164978,1.7743573313916152,1.850674033164978,5218276,23.37793230594591,26.818014499623725,26.454094562750015,24.59694060282531,26.223816176790272,1.65,87.0,-0.64,7.67
RTX,1991-12-23,1.8315949063254096,1.9746884246276188,1.802975925107202,1.969918131828308,4493692,28.719180084072594,29.532020886929843,28.19680800863205,25.449448943497053,26.90287571199166,1.65,100.0,-0.38,6.53
RTX,1991-12-24,1.95560902115376,2.0033066272735596,1.9269901567943135,2.0033066272735596,4697084,29.036431562694904,29.583773416481662,28.208539012902918,25.501256390224803,26.92849896938472,1.65,100.0,0.01,6.39
RTX,1991-12-26,1.9937669672707228,2.0033066272735596,1.969918048561759,2.0033066272735596,4395810,28.96700617663305,29.22141560267014,27.90034824051628,25.474903432652845,26.89839920259034,1.65,98.0,0.24,6.65
RTX,1991-12-27,1.9889973053256216,2.0080763934265318,1.955608958973559,1.9937669038772583,3015286,28.936295512906966,29.21041645305746,27.89881888567421,25.473452385981375,26.873998784193105,1.64,97.0,0.3,6.71
RTX,1991-12-30,1.993766860141523,2.0796233329575533,1.993766860141523,2.060544013977051,5481414,30.2347867243564,29.681109465665685,28.334710432019193,25.757769949385846,27.069057373942634,1.64,100.0,0.7,6.11
RTX,1991-12-31,2.070082664489746,2.079622551694211,2.003305767038782,2.070082664489746,4460641,30.07278707758455,29.64869378197104,28.33664224361156,25.59223983028467,27.070013101323966,1.64,100.0,0.93,6.08
RTX,1992-01-02,2.0223860388219044,2.027155637741089,1.9746884305430874,2.027155637741089,4506404,30.608171422135417,29.84743063816122,28.558723858251888,25.61484744119274,27.12106168577371,1.64,100.0,0.83,5.91
RTX,1992-01-03,2.0128453001496585,2.0510036945343018,2.0033058750270283,2.0510036945343018,3502156,30.026222899942205,29.874236777812325,28.60251138167787,25.530563522314182,27.139668685536943,1.63,100.0,0.77,5.82
RTX,1992-01-06,2.0319240788520347,2.0414639651489086,1.9460683403522647,1.979456901550293,4042416,31.99301465228904,30.844419184128903,29.201272652824038,25.856182499159452,27.182144291113424,1.64,100.0,0.6,5.43
RTX,1992-01-07,1.9699185298540867,1.993767454389842,1.9269906275984563,1.9460698366165161,3866990,31.155439108712912,31.120876917567443,29.327432062722643,25.9289831621087,27.16655555966877,1.63,100.0,0.48,5.34
RTX,1992-01-08,1.936530351638794,1.9794583683477507,1.9269905739218574,1.936530351638794,4225469,31.145813518344124,31.141620925223368,29.30290487611531,25.909326785123994,26.869429310416944,1.63,99.0,0.36,5.42
RTX,1992-01-09,1.9460699918295155,2.017616771143149,1.9460699918295155,2.0128467082977295,5162343,32.71351405117695,31.862173918004892,29.83830174443371,26.204150806391937,27.085790409236466,1.63,100.0,0.25,4.82
RTX,1992-01-10,2.0033058750270283,2.060543350954973,2.0033058750270283,2.0510036945343018,4083094,32.950395778743435,32.01193622667075,29.38658394958546,26.26635173036314,27.13434853208176,1.63,99.0,0.22,4.97
RTX,1992-01-13,2.0366950035095215,2.055773625557458,2.027155114240356,2.0366950035095215,2579265,33.09934259970896,31.79403909006162,29.324843998247495,26.278422380737815,27.065462665508562,1.64,97.0,0.14,5.13
RTX,1992-01-14,2.036695529473874,2.051004557529567,2.012846147089119,2.027155637741089,3231390,33.017733892025184,31.82365676203462,27.038991965970244,26.283385117827322,27.070690091879214,1.64,84.0,0.02,5.44
RTX,1992-01-15,2.0510044805399983,2.0843930595097993,2.0319251603868946,2.0796234607696533,3444952,32.54003554831453,27.6029957608361,27.296628556464004,26.43855471147425,27.116605318259978,1.64,84.0,-0.03,5.1
RTX,1992-01-16,2.0987021923065186,2.12732070506742,2.065313619021346,2.0987021923065186,7503894,32.52062684960443,27.549054892190245,27.28758150328098,26.450729380093513,26.28487975398204,1.65,83.0,-0.06,5.11
RTX,1992-01-17,2.1368609316047094,2.175019352521174,2.1225518996206136,2.160709857940674,7496266,33.147926945400116,28.06534980996077,27.60351570674947,26.61807072970016,26.43765131378813,1.65,84.0,0.08,4.69
RTX,1992-01-20,2.1511707783404312,2.155940610648105,2.1082427501678467,2.1082427501678467,3935635,33.874636785714756,28.57946290265571,27.877136465386194,26.770778692923024,26.488949034199226,1.66,86.0,-0.01,4.49
RTX,1992-01-21,2.089162529851573,2.1273209365144625,2.0510043544867993,2.060544013977051,9188234,34.88299984887682,29.03391698957858,28.14317653644226,26.91112173378262,25.651955927618946,1.67,88.0,-0.14,4.33
RTX,1992-01-22,2.060543350954973,2.089161857620904,1.9937662186063572,2.0510036945343018,7487368,34.9251092543197,28.948632113588268,28.097292863593076,26.896266414370256,25.636829597100746,1.68,87.0,-0.26,4.36
RTX,1992-01-23,2.0366958781584783,2.0366958781584783,1.9269905739218574,1.936530351638794,12165384,39.30282235941486,31.429927374230388,29.6010454888055,27.749188896797772,26.224107488182103,1.71,99.0,-0.32,4.1
RTX,1992-01-24,1.9222209120807607,1.9603793301168801,1.9222209120807607,1.9460698366165161,9878495,39.18656273700491,31.173589725444987,29.593308579562454,27.747856257942377,26.206805257318035,1.74,98.0,-0.38,4.08
RTX,1992-01-27,1.9508393821442085,1.9651488752459796,1.9317607519030486,1.936530351638794,7315756,39.12251834498101,31.16590463346488,29.574777267583997,27.752929884345424,26.21255339505913,1.76,97.0,-0.43,4.09
RTX,1992-01-28,1.941299557685852,1.955609047885709,1.9269901831350607,1.941299557685852,7704743,38.82758954425086,31.167065081822088,29.575648727663495,27.752661042088846,26.07777635409007,1.78,97.0,-0.48,4.09
RTX,1992-01-29,1.9317605804400961,1.9603791015071035,1.869753360748291,1.869753360748291,8620007,39.95367903903952,32.14484843175319,30.144407514956555,28.020130399375937,26.32172247493207,1.81,100.0,-0.48,3.78
RTX,1992-01-30,1.8888318064955911,1.9222203841956655,1.8602132899505228,1.9174507856369019,7083126,40.19447713895599,32.54228782907017,30.310737512883097,28.159374748851512,26.438297361274994,1.84,100.0,-0.51,3.59
RTX,1992-01-31,1.936530351638794,1.9508393821442085,1.9269905739218574,1.936530351638794,4539455,40.18121055320839,32.35530126601122,30.252627307437272,28.16892874679367,26.44487610717406,1.87,99.0,-0.53,3.6
RTX,1992-02-03,1.9365299097741588,1.9365299097741588,1.9222204199374329,1.931760311126709,2436890,40.17903415570927,31.95083441627091,30.22042756410303,28.160854387809465,26.441958287308232,1.89,98.0,-0.54,3.62
RTX,1992-02-04,1.9460697824084632,1.9460697824084632,1.8554440336057152,1.936530351638794,8350513,39.05333552108101,31.92970748426119,30.20006946683739,28.158109061225456,26.320718160115526,1.91,97.0,-0.55,3.65
RTX,1992-02-05,1.9412990309292706,1.9508384571759272,1.8840616639060908,1.888831377029419,6746258,35.23122632626903,31.944144243692186,30.41519748382411,28.309162074970345,26.430652043317327,1.93,100.0,-0.54,3.56
RTX,1992-02-06,1.879292460714199,1.955609047885709,1.879292460714199,1.941299557685852,4555981,35.83548771842431,32.42881734936811,30.64256131500952,28.480606424575132,26.52570686141778,1.95,100.0,-0.57,3.38
RTX,1992-02-07,1.9603793301168801,1.9842280233544507,1.9269906275984563,1.9460698366165161,5710230,35.84878192334248,32.4107742359279,30.63545571232033,28.480273843643605,26.520985825149523,1.96,99.0,-0.59,3.39
RTX,1992-02-10,1.955609136664483,1.993767085035297,1.92222055598054,1.926990270614624,3158932,35.92579616227358,32.42007903928868,30.682777923569404,28.45160130729466,26.421351064784414,1.98,100.0,-0.61,3.36
RTX,1992-02-11,1.950839586948066,1.9746889759196293,1.9365305549404548,1.9603794813156128,6062353,34.902213438681905,32.58410860217381,30.58096709762548,28.472607005999162,26.351066886547947,1.99,97.0,-0.62,3.37
RTX,1992-02-12,1.96991868696919,2.017616771143149,1.965149086720177,2.0128467082977295,5644128,35.80285923540977,32.96044715246889,30.803166505291752,28.630611590142745,26.217343940423067,2.01,100.0,-0.64,3.16
RTX,1992-02-13,2.0128447902816906,2.0366941565901953,1.974687099456787,1.974687099456787,4947510,35.71843802113245,33.12669708595869,30.939478068109267,28.725213261421256,26.289683282282443,2.03,100.0,-0.64,3.08
RTX,1992-02-14,1.955609223666373,1.9842277440422107,1.9412997321803018,1.9508391618728638,3003846,35.6578091474466,32.999093438130025,30.994493970695657,28.042550291155415,26.216873384143835,2.04,100.0,-0.63,3.07
RTX,1992-02-18,1.9508393821442085,1.9651488752459796,1.9174512588012775,1.936530351638794,2661893,34.24185770658609,32.95083091946835,31.006220542146384,28.058245994311097,26.22798212262307,2.06,100.0,-0.61,3.07
RTX,1992-02-19,1.9269905084980214,1.9365302858910702,1.9079113006591797,1.9079113006591797,1975445,34.15962016633322,32.53270031760477,30.981396960168684,28.091684660332422,26.249577576071392,2.07,98.0,-0.56,3.08
RTX,1992-02-20,1.9365303973747838,2.0033071082341007,1.9222209039350584,1.9842280149459839,4247079,36.026005856814635,33.42676033175361,31.541766904535802,28.44640288437668,26.53478174939692,2.09,100.0,-0.53,2.73
RTX,1992-02-21,1.9651472141545956,1.9889961178671345,1.9556077914483696,1.974687099456787,3831397,34.21583749938316,33.366906884417126,31.49619417492055,28.081084716919086,26.49561404398485,2.1,99.0,-0.5,2.79
RTX,1992-02-24,1.9470473734038003,1.9470473734038003,1.9136423621243301,1.9184144735336304,2827149,34.65305792220121,33.88685030121389,31.688363119788715,28.27448008228442,26.65652775762623,2.12,100.0,-0.43,2.71
RTX,1992-02-25,1.9088687938261113,1.9231854677200317,1.8706918067255265,1.9231854677200317,4383098,34.64856442625198,33.87643813171542,31.668443987270784,28.241461262975935,26.65581427485435,2.14,99.0,-0.36,2.71
RTX,1992-02-26,1.9136423116105044,1.9422750950176793,1.9136423116105044,1.9375030994415283,3153847,34.7417196664571,33.8542333098693,31.61385492115801,28.226308976191394,26.660794751602175,2.16,98.0,-0.29,2.72
RTX,1992-02-27,1.9279585297533195,1.9375030994415283,1.9231864184699874,1.9375030994415283,2970794,33.78844771875322,33.45315904067439,31.60659516269064,28.22349727062983,26.45564942742634,2.17,97.0,-0.22,2.72
RTX,1992-02-28,1.9184134745029735,1.9470463594623173,1.9184134745029735,1.9231854677200317,3823770,33.639453587359384,33.445664979334,31.533393393119024,28.23403528901634,26.421655177418085,2.17,95.0,-0.17,2.76
RTX,1992-03-02,1.9327312714020477,1.9804528512007882,1.9327312714020477,1.9709081649780273,3316561,33.28296070093179,33.774896130113355,31.720902173849236,28.349750764800252,26.514658537555867,2.18,100.0,-0.14,2.62
RTX,1992-03-03,1.975680521360112,2.056806985036261,1.9709078319336473,2.0377187728881836,4552167,34.24833778474093,34.24176131682122,32.06206797951581,28.577455961859,26.647421753701412,2.19,100.0,-0.18,2.39
RTX,1992-03-04,2.047263410417303,2.047263410417303,2.0090860483954933,2.0186305046081543,4970392,33.723387730013066,34.32703265824605,32.1143602257037,28.603543701448064,26.647998156350273,2.2,100.0,-0.26,2.37
RTX,1992-03-05,1.9995415737906086,2.0186302524167274,1.9709082087298484,1.9804528951644897,1891546,34.12842981492221,34.590282035508245,32.274668274980016,28.69813488653913,26.713294644194125,2.21,100.0,-0.31,2.31
RTX,1992-03-06,1.98045375096913,1.98045375096913,1.9470483753773153,1.9518203735351562,2580536,29.998874247384055,34.7430433578908,32.285947722769244,28.746229799661734,26.743307083876193,2.22,100.0,-0.31,2.34
RTX,1992-03-09,1.9518193175843437,1.9518193175843437,1.9375030994415283,1.9375030994415283,3355968,30.04441918736121,34.70466323784412,32.31668890208584,28.759325404048468,26.752627833317362,2.23,100.0,-0.33,2.33
RTX,1992-03-10,1.9565926464285197,1.9995422456216232,1.9518201859004947,1.9852255582809448,4198774,30.826732371492376,34.939694815912034,32.3734110491719,28.85965087867714,26.84190460546485,2.23,100.0,-0.55,2.25
RTX,1992-03-11,1.98045330950421,1.98045330950421,1.951819938452931,1.9613646268844604,2639011,31.04750775525859,34.87287003009927,32.432119654209174,28.897481337781382,26.869036820452447,2.24,100.0,-0.8,2.24
RTX,1992-03-12,1.9422753064978642,1.9804528951644897,1.9422753064978642,1.9804528951644897,1932224,28.987763315473693,34.61160020969925,29.740841772816907,28.912886054967007,26.873940187940722,2.24,69.0,-0.8,0.84
RTX,1992-03-13,1.970908256848347,1.9852249397282598,1.9661362606361028,1.975680947303772,1995784,28.153996885590583,34.428602747809826,29.682039136528253,28.91029638220186,26.87440804146195,2.24,68.0,-0.8,0.87
RTX,1992-03-16,1.9804532665736354,2.0043139457702637,1.9756812695829686,2.0043139457702637,2806810,28.30694521388845,34.47768559641091,29.73925767737804,28.93286150932993,26.890479212728525,2.24,68.0,-0.82,0.84
RTX,1992-03-17,2.0090861884835687,2.018630645361738,1.9852252777025776,1.9899975061416626,4207672,28.391778206585588,34.515236466856116,29.75124011795966,28.945584872504348,26.86826070811628,2.23,69.0,-0.82,0.84
RTX,1992-03-18,1.9947691624106096,2.0234025281538344,1.9947691624106096,2.013857841491699,3381392,28.566127558255182,33.92314951132752,29.79637544287877,28.89097990026196,26.89107543471309,2.23,69.0,-0.82,0.81
RTX,1992-03-19,2.018629866497075,2.0520349898528276,2.013857408484954,2.0377187728881836,2074598,27.60068028838966,31.534739623567553,29.78536533938047,28.914392027902693,26.91473999168939,2.22,68.0,-0.83,0.81
RTX,1992-03-20,2.0424911493724878,2.0472631454467773,1.9995415648031711,2.0472631454467773,5581839,26.588587123143537,31.365378935905547,29.789349922458598,28.882014831737873,26.80805711051332,2.21,68.0,-0.84,0.81
RTX,1992-03-23,2.037718356087335,2.0568065643310547,2.0234016792223786,2.0568065643310547,3836482,26.601105852635044,31.377566932125596,29.628576531778577,28.863113662399837,26.810973628362895,2.19,62.0,-0.85,0.88
RTX,1992-03-24,2.052035638523633,2.0663523228426244,2.0090860483954933,2.0186305046081543,3922923,27.061123935501442,31.6062640042438,29.77750185843838,28.82118569144411,26.837411327921064,2.18,66.0,-0.86,0.83
RTX,1992-03-25,2.028174524363312,2.037719211025447,2.013857841491699,2.013857841491699,2025022,26.670236507750715,30.863804987505063,29.781762965255947,28.798482202916663,26.828926143322157,2.16,66.0,-0.85,0.82
RTX,1992-03-26,2.0138578899552972,2.0281745731714413,2.004313665892267,2.0090858936309814,3076304,25.558960827205684,30.84867714018571,29.785091142465614,28.62363288175732,26.820458296285853,2.14,66.0,-0.84,0.82
RTX,1992-03-27,2.004314243320717,2.01385847013337,1.9852255582809448,1.9852255582809448,1712306,25.174554916220522,30.648135094715013,29.849723966900598,28.650754391402483,26.801092828399355,2.12,70.0,-0.82,0.8
RTX,1992-03-30,1.9947693640765023,2.0234027327144846,1.9947693640765023,2.0186305046081543,2780114,25.33432348711629,30.74881401354373,29.799833547246894,28.691609845222306,26.84018048680355,2.1,68.0,-0.79,0.8
RTX,1992-03-31,2.01385847013337,2.032947155173142,1.9852255582809448,1.9852255582809448,2313584,25.74700491191691,30.06174701287335,29.666057015695586,28.62975558099217,26.86589994419155,2.09,57.0,-0.76,0.86
RTX,1992-04-01,1.9804532318668358,2.004313910645313,1.9661365469024363,1.9947694540023804,2758504,25.331593255795585,29.864745147384287,29.65840254584983,28.62854239789509,26.851472873844617,2.07,56.0,-0.73,0.86
RTX,1992-04-02,1.999541621448874,2.032946520572789,1.9899971662011324,2.013857841491699,2454687,22.825534136012664,29.901324550406567,29.43103663825089,28.17219071216674,26.826431680069035,2.05,50.0,-0.73,0.96
RTX,1992-04-03,1.9899975061416626,1.9947695031663142,1.9709085923853231,1.9899975061416626,2336466,23.0606630411214,28.93690473513862,29.49445442041038,28.18169435085882,26.79393741877394,2.04,50.0,-0.72,0.93
RTX,1992-04-06,1.9995419630198321,1.9995419630198321,1.9756812836532742,1.9899975061416626,3141135,21.34122588705845,28.66575187937302,29.481112848349834,28.17933806258641,26.63812565972955,2.02,49.0,-0.7,0.94
RTX,1992-04-07,2.004313910645313,2.0186305956097126,1.9852252287738748,1.9947694540023804,2093666,21.34078501503413,28.639448867217247,29.443790097522303,28.17191153028044,26.62560648393829,2.01,48.0,-0.69,0.96
RTX,1992-04-08,1.9661365469024363,2.004313910645313,1.9422756367095313,1.9947694540023804,3610208,21.261690739316297,28.625163237210938,29.430657853325997,28.163545555515896,26.60674555067017,1.99,46.0,-0.67,0.96
RTX,1992-04-09,1.9947685714364662,2.0329459182881484,1.9804523556349918,2.0281739234924316,4603015,21.735332462314226,28.33775926195662,29.51092917232164,28.221958612871013,26.649383893559158,1.97,50.0,-0.65,0.92
RTX,1992-04-10,2.0424910268890515,2.061579704284668,2.0424910268890515,2.061579704284668,1873749,21.975161299651834,28.47956710836198,29.548758743635112,28.28261513660767,26.696019870320693,1.95,50.0,-0.62,0.89
RTX,1992-04-13,2.0568063718124514,2.0758950410980503,2.0472621528767894,2.052034378051758,1758070,21.02009621657498,27.823081904365843,29.40148860382321,28.2584141524815,26.587643701501968,1.94,43.0,-0.56,0.95
RTX,1992-04-14,2.0424901591160958,2.0758950410980503,2.0424901591160958,2.052034378051758,3925466,18.704153991503293,27.380468492347664,29.34081328007036,28.239528281315827,26.514168771557824,1.92,41.0,-0.51,0.99
RTX,1992-04-15,2.0568065643310547,2.0615790213670033,2.037718356087335,2.0568065643310547,4299198,18.486273900796295,26.982759456207045,28.94428935072042,28.206826345298865,26.437416810910296,1.91,36.0,-0.43,1.13
RTX,1992-04-16,2.066351725662242,2.1474786543663225,2.066351725662242,2.1379339694976807,13667942,20.595313773578244,28.104197018075855,29.521402247450013,28.546973433749745,26.67843260495574,1.89,49.0,-0.34,0.96
RTX,1992-04-20,2.118845032825776,2.118845032825776,2.071123465679726,2.1140730381011963,4286486,20.375747546034432,25.49698111485956,29.535540585498293,28.532678025195356,26.69623025184646,1.88,49.0,-0.26,0.96
RTX,1992-04-21,2.1236176823651713,2.157022805528837,2.094984322943157,2.118845224380493,8674669,20.154052999006343,25.487426145882676,29.50101471161274,28.36923538162537,26.677034791792302,1.87,46.0,-0.2,0.98
RTX,1992-04-22,2.109301550317965,2.1140737781273726,2.0806688777047264,2.0854408740997314,3209780,19.82025453743544,25.70227175021962,29.623506938181375,28.42901582112311,26.66663863953292,1.85,54.0,-0.13,0.94
RTX,1992-04-23,2.0854404448145516,2.099757125295705,2.0424908661998016,2.0806684494018555,4128858,19.429830609651546,25.71103975133987,29.59298925223536,28.42709671344595,26.65321026332207,1.83,51.0,-0.04,0.95
RTX,1992-04-24,2.0854409607440636,2.0997576447671054,2.023402690887451,2.023402690887451,3090287,21.114367330984113,25.161083287782443,29.686642181282906,28.63287455341516,26.803383496798627,1.81,58.0,0.08,0.93
RTX,1992-04-27,2.023402470832168,2.0615798279128077,2.0138577844404275,2.0472631454467773,5834808,21.3287989295362,24.763540442537003,29.695357780614977,28.658066904266,26.823825454563664,1.79,58.0,0.21,0.92
RTX,1992-04-28,2.0329456676370903,2.066351246988656,2.0329456676370903,2.0568065643310547,2982235,20.989036540949034,24.707074548471812,29.693062186051968,28.660610631666124,26.822539923391513,1.77,57.0,0.34,0.92
RTX,1992-04-29,2.085439918060968,2.085439918060968,2.047262344502047,2.0568065643310547,3484359,20.853102685825004,24.697446059689447,29.598831079989747,28.65598923283609,26.81853092908641,1.74,49.0,0.44,0.96
RTX,1992-04-30,2.0520352498796735,2.0711239272752895,2.0520352498796735,2.061579704284668,4036060,20.60446580534806,24.697100439219525,29.5985099661159,28.646271715276374,26.79370761241216,1.71,48.0,0.53,0.96
RTX,1992-05-01,2.0615790213670033,2.0711232411960117,2.042490350294691,2.0568065643310547,3400460,20.354164431893867,24.108724598112605,29.59718610717401,28.62503048250833,26.780273103994272,1.66,47.0,0.59,0.96
RTX,1992-05-04,2.05203639945609,2.104530465262646,2.05203639945609,2.0902137756347656,2111463,20.831588827157294,23.696663336026155,29.67924732911591,28.64649306719655,26.8163520705179,1.61,54.0,0.53,0.92
RTX,1992-05-05,2.0902118765882656,2.094983870714163,2.0329456329345703,2.0329456329345703,2796640,22.360524494700858,24.428847681641273,29.984457523784137,28.53595892486312,26.95359726569622,1.55,70.0,0.6,0.83
RTX,1992-05-06,2.047262344502047,2.085439918060968,2.037718356087335,2.0568065643310547,2708927,21.924895850549323,24.428880807922233,29.969163434348943,28.501561524193004,26.955792858238,1.5,69.0,0.71,0.84
RTX,1992-05-07,2.0520348231283143,2.0568068179240306,2.0281739234924316,2.0281739234924316,1315692,22.319562051217744,24.387751528318244,29.94137024177297,27.24656578348117,26.992328031700417,1.44,68.0,0.89,0.86
RTX,1992-05-08,2.042490315429243,2.042490315429243,2.0234016446827754,2.0329456329345703,1623322,22.313566964989135,23.789818444520197,29.735094847082127,27.234036272280584,26.990537791484236,1.39,55.0,1.0,0.94
RTX,1992-05-11,2.0377190311009272,2.061579704284668,2.0281743452815597,2.061579704284668,2436890,22.333147123638465,23.60962168044141,29.67451978473359,27.256117269210144,27.022254830687565,1.34,49.0,0.7,0.96
RTX,1992-05-12,2.0663517689207023,2.0902124402272477,2.052035088439549,2.0806684494018555,2705114,21.986960431356966,23.51811864543559,29.66378285497354,27.257016005414265,26.95882473351054,1.28,47.0,0.37,0.96
RTX,1992-05-13,2.080669002869228,2.0902129962333658,2.0663523185797716,2.071124315261841,2225871,21.413168720772504,23.482567666124257,29.672260022142105,27.245754480478663,26.95653629369732,1.23,48.0,-0.37,0.96
RTX,1992-05-14,2.0711238586043557,2.0711238586043557,2.0424909591674805,2.0424909591674805,3411901,21.839061394619424,23.455222163658636,29.305466125832947,27.29977902526541,26.98943366396243,1.18,19.0,-0.51,1.08
RTX,1992-05-15,2.037719211025447,2.0520354310682722,2.013857841491699,2.013857841491699,4808950,22.090761908732624,22.27350167496195,27.694549487135124,27.324357180390564,27.02319684911548,1.19,5.0,-0.49,0.52
RTX,1992-05-18,2.035999298095703,2.0600655123452722,2.031185775159113,2.035999298095703,1699594,22.01214011312582,22.35428928106762,27.620613653844302,27.35068471214999,27.039449809003337,1.2,5.0,-0.5,0.55
RTX,1992-05-19,2.031184927342882,2.0600646524746495,2.007118956544008,2.0552515983581543,2581807,22.15239817461478,21.565794171887433,27.65958913355903,27.36119310523597,27.042016760246597,1.2,6.0,-0.53,0.53
RTX,1992-05-20,2.0456255953906957,2.064878519654072,2.0263726711273193,2.0263726711273193,2616130,22.58164984293102,21.79008405462404,27.742926409677292,27.39891195264179,27.08124966936314,1.2,8.0,-0.54,0.49
RTX,1992-05-21,2.0311856269836426,2.05043855029768,2.0167462262550475,2.0311856269836426,2691130,22.5873334974535,21.749842445457293,27.24337238834321,27.399496934669614,27.08093849929177,1.22,2.0,-0.51,0.61
RTX,1992-05-22,2.0263726711273193,2.04081253937902,2.0215593817100856,2.0263726711273193,1880105,22.08293373909004,21.758940926781406,27.23486962342459,27.36873043563642,27.04023075104568,1.24,2.0,-0.47,0.61
RTX,1992-05-26,2.00712005165727,2.00712005165727,1.9638009071350098,1.9638009071350098,2211888,23.30485093092619,22.676910690335774,27.48567240582669,27.580870419216748,27.197773557324517,1.26,6.0,-0.49,0.56
RTX,1992-05-27,1.958987134704364,1.9926801574466138,1.958987134704364,1.9878664016723633,3558089,23.623111081535146,22.25253921966587,27.491168989449065,27.561589896578404,27.22119152184566,1.27,7.0,-0.46,0.56
RTX,1992-05-28,1.997494158228507,2.0119335651397705,1.9878673423411564,2.0119335651397705,2963167,23.925541755619836,21.30331932203638,26.972967085044562,27.572169411427677,27.24024712833525,1.3,1.0,-0.46,0.67
RTX,1992-05-29,2.021559715270996,2.040812876116736,2.016746658465158,2.021559715270996,3408087,23.962578086142315,21.239941027838217,26.841274788615106,27.562118089566557,26.697641808115215,1.33,1.0,-0.42,0.74
RTX,1992-06-01,2.0215592457154075,2.0215592457154075,1.9878664554669176,1.9974932670593262,3568258,21.07405885169947,21.015210303660716,26.900083933553688,27.56201145885433,26.72701493600926,1.36,2.0,-0.36,0.7
RTX,1992-06-02,2.0167461900275168,2.035999112995707,1.9926802113714355,1.9974932670593262,6160235,20.90987420925933,20.790670138867267,26.188077997453096,27.520636932698757,26.707825817652182,1.41,1.0,-0.36,0.8
RTX,1992-06-03,2.0023072160637128,2.016747089786269,1.9878673423411564,2.0119335651397705,1929682,21.043880751112205,20.77311345695818,26.039971020280756,27.52597869879511,26.702851953706713,1.45,1.0,-0.34,0.86
RTX,1992-06-04,2.0071200780422878,2.021559715270996,1.9926806742191763,2.021559715270996,6869565,20.684352301746078,20.198623212120832,26.028684602251122,27.53008912033486,26.42512472921436,1.5,1.0,-0.33,0.88
RTX,1992-06-05,2.0215601476214746,2.0215601476214746,1.997494158228507,2.0119335651397705,3277154,20.70992183607297,20.062031237901166,26.029041651767553,27.410865725231666,26.410520999667987,1.52,2.0,-0.32,0.88
RTX,1992-06-08,2.035999585905301,2.0648788603627173,2.016746658465158,2.021559715270996,2684774,19.14324895179376,19.990313200770583,25.715371307124258,27.3938834907847,26.387876957791967,1.55,1.0,-0.26,0.99
RTX,1992-06-09,2.0215583204541,2.0215583204541,1.9734261517663474,1.9830524921417236,4794966,19.588846705941247,20.382651737914063,25.844895835092373,27.47610030236196,26.44258343235513,1.58,2.0,-0.18,0.91
RTX,1992-06-10,1.9830539045004825,1.9878669614133795,1.973427557269087,1.9782408475875854,1539423,19.516762820531735,20.168032624383226,25.4040131456352,27.46448726767718,26.44221474626501,1.62,1.0,-0.41,1.05
RTX,1992-06-11,1.9734271853467027,1.9782404747580637,1.9397343928727335,1.9493612051010132,3284781,19.893541622985843,20.337433969239747,25.2171812342892,27.515603469360762,26.48172876246231,1.67,1.0,-0.4,1.13
RTX,1992-06-12,1.9782407775794921,1.9782407775794921,1.958987616986849,1.9638009071350098,4465726,20.037918423669637,20.241590893065485,24.998717295505596,27.44884155438031,26.470425101190347,1.73,1.0,-0.37,1.26
RTX,1992-06-15,1.9589873171126198,1.9589873171126198,1.9445475655813156,1.9493612051010132,1974174,20.106839914821,20.128951711189867,25.014097916107858,27.455469474571988,26.457815532023325,1.78,2.0,-0.37,1.24
RTX,1992-06-16,1.9445470137941143,1.9493606519478877,1.9349207878112793,1.9349207878112793,3635632,19.432105744077553,20.142859247124946,23.31976407507461,27.427970914666695,26.469677797790936,1.88,1.0,-0.37,0.29
RTX,1992-06-17,1.9734261517663474,2.0023054062979115,1.9589862910951297,1.9830524921417236,7474656,19.454565923153403,20.782578313712875,23.632062889867285,27.464938905716892,26.577088008454357,1.97,2.0,-0.34,0.19
RTX,1992-06-18,1.9830538343220594,1.9830538343220594,1.958987616986849,1.9638009071350098,3494529,19.248497126663676,20.52797137525817,23.671135836346487,27.483031554967276,26.59031368206699,2.05,3.0,-0.3,0.17
RTX,1992-06-19,1.9637998522813085,1.9686129064385471,1.9445468187332153,1.9445468187332153,8941621,19.05071182337471,20.614833149028158,23.721063197789384,27.473472747217397,26.608681425248694,2.12,4.0,-0.3,0.15
RTX,1992-06-22,1.9445468187332153,1.9589865647186018,1.930107422856031,1.9445468187332153,4446658,19.0226322603686,20.611774458596827,22.943515273769925,27.469927823991004,26.58317453584363,2.21,1.0,-0.43,0.1
RTX,1992-06-23,1.9493616396890239,1.9734276252999514,1.9397348253145554,1.968614101409912,3689022,18.909442239028163,20.63783045364923,22.678615833688177,27.440123194647065,26.60679189506335,2.3,1.0,-0.39,0.17
RTX,1992-06-24,1.9734271853467027,1.983053530763867,1.9493612051010132,1.9493612051010132,4962765,18.773315442750146,20.428776197369753,22.68145153005706,27.45532437633551,26.625193332567243,2.38,2.0,-0.38,0.19
RTX,1992-06-25,1.9638009071350098,1.9782407775794921,1.958987616986849,1.9638009071350098,4217842,18.95893286043701,20.212676805354253,22.707312600569747,27.440905373006068,26.629160783781014,2.46,3.0,-0.35,0.16
RTX,1992-06-26,1.9638009071350098,1.9638009071350098,1.9493615035017142,1.9638009071350098,1894088,18.609938964103637,20.18611952878046,22.70432402458075,27.440905373006068,26.613869193764433,2.54,3.0,-0.32,0.17
RTX,1992-06-29,1.9638004236675424,1.9926801574466138,1.9638004236675424,1.9878664016723633,3758938,18.59794878374636,20.248358700734453,22.423544515196753,27.45733542451528,26.63649092806481,2.61,1.0,-0.35,0.2
RTX,1992-06-30,1.9926811003933014,2.016747089786269,1.9878673423411564,2.0119335651397705,4250893,18.65899328136295,20.252130136030257,22.084659084545713,27.42075430973967,26.59385490059629,2.69,1.0,-0.31,0.27
RTX,1992-07-01,2.0167461900275168,2.0167461900275168,1.9974932670593262,1.9974932670593262,2773758,18.520952645660735,20.308629249412462,22.1145100192648,27.438016278267668,26.60107218191851,2.76,2.0,-0.26,0.26
RTX,1992-07-02,2.002306322747217,2.0167461900275168,1.9926802113714355,1.9974932670593262,3400460,18.093686703268965,20.302811200431986,22.055046879881736,27.351450067961895,26.575293814608454,2.83,1.0,-0.2,0.29
RTX,1992-07-06,1.992680381767393,2.007119783471335,1.954174299132779,1.9589873552322388,10155617,18.884391932329418,20.691924567180372,22.110777950233683,27.444833553216746,26.636307308493308,2.89,3.0,-0.2,0.3
RTX,1992-07-07,1.958987616986849,1.968613963877577,1.958987616986849,1.9638009071350098,4726322,18.910289134505508,20.39915522599468,21.705488060711907,25.65612180617353,26.53399258152226,2.96,1.0,-0.23,0.43
RTX,1992-07-08,1.954173706587932,1.9638000492735128,1.9252939783147156,1.9349207878112793,14276847,17.12886667373052,20.297291553182248,21.620358989257785,25.67580697592215,26.557676189359224,3.02,1.0,-0.27,0.46
RTX,1992-07-09,1.9349198568781978,1.9589858187162246,1.9252930520133047,1.9397329092025757,7313214,16.731354553478198,20.296075877976236,21.539177070324882,25.661797945382464,26.416507323185755,3.08,1.0,-0.28,0.49
RTX,1992-07-10,1.9541744884147336,1.9782407048653428,1.9349215619353632,1.973427414894104,4459370,17.140128107217325,20.63412417659664,21.680027988124507,25.730482223815038,26.458102233885644,3.14,3.0,-0.24,0.41
RTX,1992-07-13,1.992679299327971,1.992679299327971,1.9782394386567532,1.9830524921417236,4287758,17.14268562646182,20.65634344012537,21.55677102988233,25.733040499568315,26.4468176698187,3.19,2.0,-0.22,0.46
RTX,1992-07-14,1.9830539728632004,1.9830539728632004,1.9638010443310925,1.968614101409912,3808515,16.926464433445958,19.00388263034076,20.67030469274648,25.716397216809657,26.34957688801331,3.25,1.0,-0.24,0.29
RTX,1992-07-15,1.9686138915172804,1.9830537614309969,1.9541744884147336,1.973427414894104,2674605,16.94733501860107,18.90752165353119,20.660051193879752,25.717299878336952,26.34576975431194,3.31,1.0,-0.24,0.29
RTX,1992-07-16,1.968613479225185,1.9878664016723633,1.9541740791467213,1.9878664016723633,4282673,16.95074155537475,18.974262506341645,20.164144829052134,25.61542912166348,25.98260717700207,3.37,1.0,-0.2,0.34
RTX,1992-07-17,1.9878668910646269,1.9878668910646269,1.9638009071350098,1.9638009071350098,4737762,17.211186936472135,18.865331653377208,20.258892639776978,25.644325550309077,25.991076645245993,3.42,2.0,-0.18,0.29
RTX,1992-07-20,1.9445477917694636,1.973427414894104,1.930108388666917,1.973427414894104,4046230,17.25327041065557,18.901735527153672,20.239967816318472,25.64986942678781,25.99343276532175,3.48,2.0,-0.14,0.3
RTX,1992-07-21,2.0023060369846957,2.0600650310516357,1.9974929819837084,2.0600650310516357,16510346,21.357941994485287,20.115166655740737,21.348886882434964,26.138806150275474,26.33420089493026,3.5,6.0,-0.17,0.66
RTX,1992-07-22,2.0504394465590594,2.098572359397251,2.036000039518899,2.069692611694336,4942426,20.533987794985187,19.995584237020765,21.319325035129367,26.140401660045683,26.33103023785914,3.53,6.0,-0.24,0.67
RTX,1992-07-23,2.0841324855457932,2.088945543423964,2.0552532046541754,2.069692611694336,4033518,20.50641145949718,19.973890890441275,20.975780309032913,26.044507518797616,26.326966981595202,3.55,6.0,-0.3,0.83
RTX,1992-07-24,2.0696910827166426,2.0793176581726787,2.060064740666082,2.0745041370391846,3235204,19.92209921341917,19.979042301369443,20.306642784422056,25.873733000790516,26.327494827012167,3.58,4.0,-0.37,0.94
RTX,1992-07-27,2.0648793204105167,2.0937586013021345,2.0648793204105167,2.069692611694336,2425450,19.895983451640546,19.98009544139843,20.252528120212737,25.867113279797383,26.305786236837957,3.6,3.0,-0.44,0.97
RTX,1992-07-28,2.0745045245994755,2.103384256362915,2.0745045245994755,2.103384256362915,3053422,20.124942446309827,20.242665516770884,20.16823340719438,25.766537500215787,26.337563727388424,3.62,2.0,-0.5,0.98
RTX,1992-07-29,2.156330656672759,2.1996498107910156,2.146704541055261,2.1996498107910156,11360714,23.309892192522067,21.970808362023888,21.204263299114697,26.28795192800531,26.678314458799296,3.62,10.0,0.85,1.36
RTX,1992-07-30,2.1755838215303354,2.1996498107910156,2.156330656672759,2.1996498107910156,6455154,22.525385367935836,21.146757432192707,21.160793836044654,26.278848782954384,26.668953178289474,3.62,10.0,1.47,1.38
RTX,1992-07-31,2.1948354244232178,2.2092752893257845,2.1803955595206514,2.1948354244232178,5855147,22.24481917031201,21.04740317065124,20.841424805357452,26.258757893014305,26.632270780008376,3.61,9.0,1.56,1.6
RTX,1992-08-03,2.1852077526809093,2.19002103805542,2.175581181931888,2.19002103805542,2490281,21.947930161085015,20.823361625673233,20.74211162339588,26.252108406392345,26.511020777511575,3.6,9.0,1.49,1.66
RTX,1992-08-04,2.1852091361230874,2.2044622898101807,2.1803956142958043,2.2044622898101807,3804702,21.92746626936382,20.85059516324188,20.715196708054187,26.241826288379666,26.5069504453623,3.63,9.0,1.45,1.69
RTX,1992-08-05,2.2044619481580336,2.2285279197260857,2.185208797454834,2.185208797454834,3969958,22.09935085803808,20.78302731788124,20.76696095232918,26.22712940713077,26.52117003703544,3.65,11.0,1.23,1.65
RTX,1992-08-06,2.18039608001709,2.194835948366691,2.1755830239727825,2.18039608001709,2848759,21.808995576167874,20.721191471500962,20.661603207464037,26.130981146443393,26.522884025990944,3.67,8.0,0.99,1.77
RTX,1992-08-07,2.1900233299512397,2.1996494439634255,2.1659571112983507,2.1707701683044434,3462749,21.905624402655583,20.719303138233535,20.639103459124968,26.099505615180913,26.525786167969883,3.69,7.0,0.76,1.78
RTX,1992-08-10,2.146703666618867,2.1515167224670697,2.1226374537556514,2.1370768547058105,3621649,22.571930004600326,20.774420525527443,20.727086033677974,25.932729188952596,26.576921304793927,3.71,12.0,0.56,1.77
RTX,1992-08-11,2.127450942993164,2.1467041039302948,2.1226378861644792,2.127450942993164,3277154,22.488708017292705,20.573022948423276,20.66456765249455,25.930048941259777,26.57837702830494,3.72,10.0,0.41,1.85
RTX,1992-08-12,2.1370772900561317,2.141890813696012,2.1226378861644792,2.127450942993164,2965710,22.304008917452183,20.46732975554463,20.653461834375815,25.888797099519195,26.571076507502656,3.73,8.0,0.27,1.87
RTX,1992-08-13,2.1370766715940475,2.1370766715940475,2.1130104607929043,2.1226372718811035,1699594,22.175173004064817,20.39560878259744,20.646274110179455,25.866201664510818,26.55391600653057,3.74,8.0,0.16,1.89
RTX,1992-08-14,2.1322630998319827,2.190022085130634,2.1274498121561827,2.185208797454834,3872075,23.503385984379324,20.980099732474,20.915791190981928,26.075759762923777,26.67775280897561,3.75,19.0,0.02,1.73
RTX,1992-08-17,2.1735658125949646,2.192972864472275,2.1590109942294093,2.1687142848968506,2553841,22.756921489543995,21.056465512868435,20.95214579853888,26.07450809874568,26.450473412737324,3.75,20.0,-0.13,1.7
RTX,1992-08-18,2.1735656878330456,2.183269448485922,2.168714160413408,2.178417921066284,2475026,22.757194293556932,21.055038991624706,20.954396628088837,25.908837652632243,26.404613337219295,3.75,21.0,-0.26,1.69
RTX,1992-08-19,2.1687143246700895,2.1687143246700895,2.1201973999006762,2.1299004554748535,6945837,23.39571613509509,20.542562540769755,21.184288766371854,26.03419449750634,25.50510765573949,3.74,24.0,-0.36,1.59
RTX,1992-08-20,2.1299008814031506,2.134753115974222,2.1153462951313213,2.125049352645874,2537315,23.44907716456604,20.43049661307213,21.03345696788182,26.033485852488397,25.49664820846136,3.74,23.0,-0.45,1.74
RTX,1992-08-21,2.1396032168970867,2.144454742416765,2.0765310324301884,2.1056411266326904,3532665,23.309591747265017,20.40857310307149,20.910535538071123,26.005283958994145,25.496667290194893,3.73,19.0,-0.5,1.81
RTX,1992-08-24,2.0862346446550633,2.0959381677525335,2.0619760721825324,2.0716798305511475,3275882,23.893483042650182,20.685208491180575,21.069253366894056,26.084285928733173,25.53869670209371,3.72,25.0,-0.51,1.73
RTX,1992-08-25,2.0571244157977278,2.086234512706719,2.0474206580428476,2.0813827514648438,2978422,23.763530190144614,20.540358308296447,21.029690562061486,26.084646495910906,25.528659295486015,3.71,24.0,-0.54,1.78
RTX,1992-08-26,2.08138292080913,2.11534525226548,2.08138292080913,2.095938205718994,3289866,23.809391752553402,20.580035387204813,20.96330399266987,26.09084753183208,25.535952463940852,3.7,23.0,-0.57,1.79
RTX,1992-08-27,2.1250485318245116,2.129900058707837,2.1153454780578613,2.1153454780578613,2021208,23.85304755827963,20.61090221219298,21.008509996833133,26.067073254121038,25.526766770627212,3.69,25.0,-0.62,1.74
RTX,1992-08-28,2.115345799769782,2.1541589618239723,2.115345799769782,2.144455671310425,1962733,23.6868452348109,20.763523277151645,21.10885067957487,26.06969257827053,25.559309627506288,3.68,29.0,-0.69,1.64
RTX,1992-08-31,2.1444543692360734,2.1493061291825506,2.134751319885254,2.134751319885254,2734351,23.77655018773553,20.76076739142893,21.125081210775633,25.995628076390965,25.557779846601107,3.66,30.0,-0.74,1.63
RTX,1992-09-01,2.134751612629259,2.154157949263206,2.134751612629259,2.1396031379699707,1830528,20.471556486165902,20.74760690805967,20.971944809454115,25.866789392256813,25.54373478073163,3.64,24.0,-0.81,1.77
RTX,1992-09-02,2.139604143689256,2.144455671310425,2.1299003826332883,2.144455671310425,1652560,20.448739220470298,20.317937428095377,20.820478885146336,25.788438601170977,25.544102216881953,3.62,18.0,-0.87,1.92
RTX,1992-09-03,2.1444555989599317,2.1784179380607482,2.1347525440449595,2.159010887145996,2469942,20.50863229377027,20.3331381459613,20.828991703221345,25.771934378308465,25.525658973617887,3.61,19.0,-0.93,1.89
RTX,1992-09-04,2.168713993859181,2.1735655209062283,2.163862466812134,2.163862466812134,1703408,20.508344743777414,20.05241663088968,20.830645429277517,25.768574745434297,25.485895583110068,3.58,20.0,-0.99,1.88
RTX,1992-09-08,2.159010828510818,2.1687141184334666,2.1541588306427,2.1541588306427,2508078,20.552277010550092,20.057427152620562,20.843823262123813,25.475209476764793,25.45003970169686,3.57,22.0,-1.05,1.88
RTX,1992-09-09,2.1541576538579603,2.1541576538579603,2.1201960400458235,2.134751319885254,1873749,20.269574964064773,20.09204730171564,19.97497117401323,24.424304875702617,25.4529570771085,3.55,1.0,-1.05,2.0
RTX,1992-09-10,2.1298993814752487,2.1590099451461167,2.1201963307938247,2.1396031379699707,1301709,15.352492749482744,20.0056689993671,19.896937480966496,24.34766131327795,25.442541111302642,3.53,1.0,-1.06,2.05
RTX,1992-09-11,2.129898914183716,2.129898914183716,2.1056405869890407,2.1201958656311035,997892,15.531009516836153,19.544845867266755,19.947648596787634,24.373444547594055,25.42956135348719,3.5,2.0,-1.06,2.02
RTX,1992-09-14,2.144454516334293,2.188119888305664,2.1396029913260945,2.188119888305664,5880571,18.196119065653978,20.37803739865517,20.401105348460575,24.64382899965131,25.583844172500882,3.47,10.0,-1.1,1.84
RTX,1992-09-15,2.1832688686849084,2.1832688686849084,2.1444550127370268,2.1493067741394043,2509349,18.90822766576579,20.639570902764895,20.604484812529638,24.435341365531865,25.64833149623911,3.43,11.0,-1.14,1.72
RTX,1992-09-16,2.144454742416765,2.144454742416765,2.100789601113012,2.1056411266326904,5333955,19.62914400292606,21.13319073588959,20.379066986314584,24.552658985113286,25.736371018977987,3.39,10.0,-1.16,1.75
RTX,1992-09-17,2.037717437713127,2.037717437713127,1.979497006713077,1.9940522909164429,15858220,24.861165783450655,23.899340309833793,22.07954375510568,25.266450114717287,26.2275867568326,3.34,53.0,-1.17,2.9
RTX,1992-09-18,1.9843481968013514,1.9843481968013514,1.945534935614234,1.9552381038665771,13923454,25.31983715642235,24.15920971287137,22.27812591438866,25.33278282680651,26.29092444059114,3.28,57.0,-1.19,2.73
RTX,1992-09-21,1.95523794673323,1.960089589287272,1.8727588469591179,1.9115725755691528,19674362,25.90941230512844,24.548284369299182,22.551884775851974,25.125010628282123,26.377741426638995,3.22,59.0,-1.18,2.51
RTX,1992-09-22,1.916424885662744,1.9212765299067374,1.877611143532895,1.8970179557800293,9461542,25.706368545920988,24.592243630564052,22.573017271425762,25.06110798170778,26.378368878979153,3.16,60.0,-1.16,2.49
RTX,1992-09-23,1.8970179557800293,1.8970179557800293,1.8727594992889018,1.8970179557800293,8531023,25.73137430651463,24.448647789698352,22.5721319915226,25.054678579939775,26.371812040078463,3.09,60.0,-1.15,2.49
RTX,1992-09-24,1.887314623766459,1.9067215519919813,1.8776109832003423,1.8824630975723267,8192884,25.728806753139587,24.341171801999963,22.4338725526061,24.64187289698159,26.328769768724786,3.02,59.0,-1.12,2.61
RTX,1992-09-25,1.8873146930390208,1.8921663370467998,1.843649426426711,1.8679078817367554,10623418,25.744469088901887,24.347416953004565,22.048409180612726,24.551418025283795,26.334588739370936,2.94,52.0,-1.08,2.87
RTX,1992-09-28,1.867907813176507,1.9067215519919813,1.867907813176507,1.8824630975723267,4760644,24.033109645871725,24.414512662058225,22.000631664303604,24.558689326413333,26.309750943586575,2.86,52.0,-1.08,2.92
RTX,1992-09-29,1.872759598384504,1.872759598384504,1.8242426828350145,1.8533527851104736,9120860,24.21990056138083,24.301768576107275,22.025817363627922,24.618994564014795,26.281875952489543,2.77,53.0,-1.04,2.9
RTX,1992-09-30,1.8630567384486985,1.9018704891204834,1.848501449606722,1.9018704891204834,8154748,25.71062614602766,24.90577119949772,22.426140791899492,24.623313475836294,26.397230010712814,2.69,62.0,-1.07,2.61
RTX,1992-10-01,1.9115736621083153,1.930980596262011,1.8727599114365305,1.9018704891204834,5068274,25.163411711805068,24.727352315036747,22.303089000977213,24.596733512011507,26.369771585555196,2.59,61.0,-1.09,2.72
RTX,1992-10-02,1.897017863419004,1.901869977969082,1.8630562377289763,1.8679078817367554,2364432,25.493469426750554,24.98487380940169,22.410336808213973,24.42814454749824,26.433131147594143,2.5,62.0,-1.09,2.65
RTX,1992-10-05,1.8485010484228575,1.8533526926816146,1.7611703930450018,1.8242425918579102,8459836,26.072907892299384,25.141384883858308,22.688950694248163,24.41567546419683,26.500826611223633,2.4,71.0,-1.02,2.45
RTX,1992-10-06,1.8290933428117107,1.8290933428117107,1.7951316143157072,1.8096864223480225,3068677,25.866133088631706,25.14478603727778,22.624365178838925,24.289404398270307,26.50136524009543,2.3,69.0,-0.95,2.5
RTX,1992-10-07,1.8290947220757392,1.8436500116258436,1.8145394325256348,1.8145394325256348,5110224,25.81102477053234,25.1299705011592,22.53738995245456,24.288214669721025,26.486249791961825,2.24,66.0,-0.92,2.57
RTX,1992-10-08,1.8242433301991519,1.8290949764215563,1.804836392402649,1.804836392402649,2852573,25.5782343339395,25.130454777311833,22.465307016851312,23.338224221403784,26.492632037791413,2.17,66.0,-0.89,2.65
RTX,1992-10-09,1.7951329946517944,1.8048361682559155,1.775726176901097,1.7951329946517944,3471647,25.22136925959981,25.07557262628623,22.410067383943876,23.337096205508452,26.485860555972295,2.11,62.0,-0.87,2.71
RTX,1992-10-12,1.804835359343727,1.8387975692749023,1.804835359343727,1.8387975692749023,1679255,26.069498635915945,25.523352520543945,22.673223691195563,23.509813467657935,26.537568412243427,2.04,73.0,-0.91,2.52
RTX,1992-10-13,1.8485010745482506,1.8679080047643053,1.8436495478565063,1.8582042455673218,2476298,26.460298376309233,25.605288632948042,22.7403282197553,23.542258952361383,26.556661779341358,1.98,79.0,-0.96,2.45
RTX,1992-10-14,1.8485011569369398,1.8582043283884866,1.8145390569540307,1.833945870399475,3499614,26.488308796174024,24.02313999468459,22.82229699400814,23.171920995248193,26.532033192305377,1.91,80.0,-0.99,2.39
RTX,1992-10-15,1.8193916839767474,1.8387986217732504,1.78057792601937,1.804836392402649,7135246,26.573527741505988,24.15352127487329,22.428818470820914,23.051061700643917,26.5701804039118,1.84,66.0,-1.0,2.56
RTX,1992-10-16,1.804835359343727,1.8387975692749023,1.7902800761008402,1.8387975692749023,3666141,27.273236670746503,24.527999148954112,22.547475705168612,23.128781439059004,25.313208941775166,1.76,70.0,-1.04,2.46
RTX,1992-10-19,1.8485008478164673,1.9018698699556316,1.8485008478164673,1.8485008478164673,3017829,27.3601813780086,24.557375925486877,22.47502884208624,23.13661193254539,25.284600097226438,1.69,69.0,-1.08,2.53
RTX,1992-10-20,1.8630554242142838,1.8630554242142838,1.7999832562049867,1.8096864223480225,3779278,27.7467758662176,24.873913847627428,22.687379921073592,23.266932155781507,25.362153060358892,1.62,79.0,-1.11,2.39
RTX,1992-10-21,1.8242420249857736,1.8339451928525066,1.6980975489230061,1.7660213708877563,22847278,28.255983570813274,24.982559693881086,22.92400600215124,23.259353660342956,25.474154476156112,1.54,85.0,-1.09,2.25
RTX,1992-10-22,1.7708730136388948,1.7708730136388948,1.7369113967453804,1.7660213708877563,9273404,28.20361732376116,22.935326122382754,22.92400600215124,23.0235065860665,25.47290313996728,1.49,85.5,-1.09,2.25
RTX,1992-10-23,1.766020899997814,1.766020899997814,1.7369109336172888,1.7563177347183228,4806407,28.1928000282018,22.92557116192038,22.893750023813894,23.02827814018816,25.457197247761158,1.43,85.0,-1.08,2.28
RTX,1992-10-26,1.7611703374467245,1.7660218639167433,1.7369118816475908,1.7466150522232056,6615325,25.81994535568174,22.926109033814093,22.881970850606614,23.009450042053484,25.463075996827598,1.38,85.0,-1.08,2.3
RTX,1992-10-27,1.7611702820666415,1.7757255668324687,1.7417633533477783,1.7417633533477783,2753419,25.662818279941874,22.924665065881726,22.876818546454984,22.91399354678075,25.376697725328786,1.31,85.0,-1.08,2.3
RTX,1992-10-28,1.7369125621303767,1.7854294927364724,1.7369125621303767,1.775726318359375,4228011,26.425408210662273,23.316561258878277,23.092753052565374,22.811077648526386,25.43927479128751,1.26,91.0,-1.12,2.14
RTX,1992-10-29,1.775725661353948,1.775725661353948,1.7660219023890542,1.7708735466003418,3391562,22.014036122107832,23.292223254934978,22.914418003117333,22.706691371761817,25.440597600917155,1.2,88.0,-1.15,2.26
RTX,1992-10-30,1.7708742018105221,1.775726318359375,1.7611710274334247,1.775726318359375,10638673,21.578643162274354,23.32598522534034,22.921644230138586,22.668419288261525,25.440784376080945,1.15,89.0,-1.18,2.25
RTX,1992-11-02,1.7854288269670036,1.795132468268198,1.770873541468581,1.7805771827697754,4875052,20.838029959048985,23.358884738307275,22.82470680853809,22.656996993499064,25.44123981037103,1.1,85.0,-1.21,2.32
RTX,1992-11-03,1.7902808864882906,1.7902808864882906,1.7805777128408165,1.7854293584823608,2541129,20.82647307302019,23.247420542069186,22.793618142467977,22.59491068644241,25.378268111369064,1.06,84.0,-1.25,2.35
RTX,1992-11-04,1.780577187929656,1.7854288321409437,1.7611703758133461,1.7708735466003418,1541966,20.892484198483587,23.269827298044437,22.79976103421325,22.116722472035878,25.257637545077866,1.01,85.0,-1.28,2.35
RTX,1992-11-05,1.7611703758133461,1.775725661353948,1.7563187316020585,1.7708735466003418,3840295,20.838412278401215,23.269827298044437,22.776551275368025,22.111225592858133,25.252780159995837,1.0,84.0,-1.3,2.36
RTX,1992-11-06,1.7660219023890542,1.780577187929656,1.7611703758133461,1.7708735466003418,1980530,20.77443743351858,23.277750906162296,22.408518932315296,21.853293552713176,25.12292686329492,0.99,62.0,-1.33,2.63
RTX,1992-11-09,1.7660221529506839,1.7805774405563768,1.7514668653449907,1.7611706256866455,2080954,20.599979901572055,22.30094342923673,22.37696323972612,21.858630067111577,25.12738957630934,0.97,62.0,-1.36,2.66
RTX,1992-11-10,1.7611703374467245,1.7708735080223392,1.7466150522232056,1.7466150522232056,4202587,20.295210867484172,22.306940467194114,22.362827909172342,21.857702592528778,25.135738891775773,0.95,62.0,-1.38,2.67
RTX,1992-11-11,1.7417634081176097,1.7611703374467245,1.7369118816475908,1.7466150522232056,2255109,18.521693809004145,22.25664660567016,22.362827909172342,21.857702592528778,25.114435205121016,0.94,62.5,-1.4,2.67
RTX,1992-11-12,1.7660225033926022,1.7660225033926022,1.6980986378700227,1.7175055742263794,4177163,18.933802756078755,22.080068472706767,22.39705601026742,21.927198007705197,25.16420621293995,0.94,65.0,-1.41,2.66
RTX,1992-11-13,1.7223570864989057,1.7320607303778774,1.7175054410128359,1.7272086143493652,3822498,18.584514668713606,22.159490970521393,22.382818342681375,21.73542123003902,25.160986587143135,0.94,65.0,-1.43,2.67
RTX,1992-11-16,1.7301491380438072,1.7350503447428742,1.6664326190948486,1.6664326190948486,8192884,20.057878804043515,23.105947719978428,23.002837917410883,21.74961993185896,25.387015167323757,0.94,99.0,-1.4,2.43
RTX,1992-11-17,1.6566290855407715,1.6615301711433228,1.6272216212275146,1.6566290855407715,7285247,20.021492887024394,22.966346439104253,23.01118522410257,21.734731888747355,25.330196528485537,0.94,99.0,-1.38,2.42
RTX,1992-11-18,1.6566302401365813,1.681136517089802,1.6566302401365813,1.6615313291549683,3638174,20.028406005277347,22.94219911863065,22.915934947690765,21.63406050715849,25.2966655715927,0.95,94.0,-1.38,2.51
RTX,1992-11-19,1.6811353454142337,1.6811353454142337,1.6468267954984253,1.6566290855407715,2580536,20.015222947993276,22.833965145596146,22.80899582729844,21.57493971291944,25.135684883757214,0.96,87.0,-1.37,2.61
RTX,1992-11-20,1.6860378024030114,1.69093889026478,1.661530937046588,1.6664326190948486,5716586,20.157988135743643,22.762470000947708,22.8269192705179,21.576178233825033,25.138192390111296,0.96,89.0,-1.38,2.59
RTX,1992-11-23,1.656628953016381,1.68113521092943,1.6517277489686648,1.6762340068817139,5028867,18.71784506377365,22.559407952390657,22.857731972953857,21.382663628930988,25.108819013568294,0.97,89.0,-1.4,2.56
RTX,1992-11-24,1.6713335790992117,1.7056421397659143,1.66643237312358,1.7007410526275635,5487770,19.00507369371673,22.87944784557704,22.823957025200738,21.419020052379704,25.12922401402518,0.97,86.0,-1.43,2.56
RTX,1992-11-25,1.7154444640078907,1.730148434638977,1.7105433781386954,1.730148434638977,3061050,19.611307476337785,23.247726617050333,23.005709443707833,21.488444782158194,25.183615929908214,0.98,98.0,-1.46,2.41
RTX,1992-11-27,1.7350497082225707,1.764457175303146,1.7350497082225707,1.754654884338379,2561468,19.674289775368177,23.498006817373007,23.02957081308471,21.558834868513703,25.212364113252,0.99,99.0,-1.48,2.38
RTX,1992-11-30,1.7546556820328378,1.7742607482241672,1.74975447490366,1.759556770324707,7392028,18.821217253391072,23.43902408538967,23.03079226759287,21.48842632867152,25.100801560204612,1.0,99.0,-1.5,2.38
RTX,1992-12-01,1.7595571197430677,1.7595571197430677,1.7399520496585024,1.744853138923645,3964873,18.81291394954228,23.430785995020514,22.874053484270984,21.494077346620106,25.09146262034698,1.01,86.0,-1.52,2.51
RTX,1992-12-02,1.7448519991873377,1.754654884338379,1.7350497082225707,1.754654884338379,4226740,18.01115317632325,23.50532688601661,22.87934686968093,21.454700792233556,25.096628034336128,1.01,87.0,-1.54,2.51
RTX,1992-12-03,1.7546556820328378,1.759556770324707,1.74975447490366,1.759556770324707,2237312,16.61213821209031,23.509412908690752,22.8671468433158,21.40702016482911,25.062404276736356,1.01,84.0,-1.56,2.52
RTX,1992-12-04,1.759557408854113,1.7840636910677552,1.744853425618694,1.7693597078323364,4909374,16.693531110611453,23.551798730220817,22.884837835307547,21.410461377756462,25.067134123318425,1.01,88.0,-1.57,2.5
RTX,1992-12-07,1.8134710683015194,1.8134710683015194,1.769359132928211,1.79876708984375,2717826,17.262829295914113,23.857996065470505,23.016705750652935,21.49855070332781,25.119744543909295,1.01,97.0,-1.58,2.39
RTX,1992-12-08,1.784063546853077,1.803668737411499,1.7742612486672218,1.803668737411499,4793695,17.165122073629068,22.797195064001542,22.953926741951637,21.395426307028977,25.119573036894106,1.0,93.0,-1.58,2.44
RTX,1992-12-09,1.8134718427070486,1.8526816368103027,1.8134718427070486,1.8526816368103027,4855984,18.665138153766282,23.401075863189302,23.353778496168896,21.639149920281675,25.2261383016721,1.0,100.0,-1.59,2.2
RTX,1992-12-10,1.8526808950187348,1.8820888527177377,1.8428785989643501,1.872286081314087,3434782,18.125317158004748,23.242800314255742,22.358852460559937,21.676916488150454,25.213245146542906,1.0,47.0,-1.57,2.24
RTX,1992-12-11,1.8624844451695257,1.8624844451695257,1.8232740586859169,1.8330764770507812,2372059,19.273545563257365,20.916510167564688,22.568572205678908,21.773310048991387,25.236691317546526,1.0,63.0,-1.55,2.08
RTX,1992-12-14,1.8428774734877669,1.862482647809906,1.8428774734877669,1.8477786779403687,3242831,19.370956932924834,20.651669529084955,22.615091423967772,21.701174735932206,25.161565381405985,0.99,65.0,-1.53,2.05
RTX,1992-12-15,1.8428793368311944,1.8575833215679953,1.8428793368311944,1.8526816368103027,2199176,19.370478771198986,20.163854400087057,22.61642672095317,21.61846515056102,25.11083747914622,0.98,65.0,-1.51,2.04
RTX,1992-12-16,1.8477799349896544,1.8624839148623455,1.818372450593571,1.8232735395431519,1836884,20.00273006773881,20.361702222023244,22.738672435130447,21.688243351470156,25.1403970438134,0.97,69.0,-1.49,1.94
RTX,1992-12-17,1.8232722991656278,1.8477786779403687,1.8134700090976683,1.8477786779403687,2216973,20.14483467333228,20.56304118008978,22.688426642778076,21.71784890471498,25.173927502816106,0.96,67.0,-1.45,1.98
RTX,1992-12-18,1.9016939550034102,1.9016939550034102,1.847779724782249,1.8673847913742065,8139494,20.31188918144656,20.62787992275376,21.54232084392923,21.71396892007945,24.964453156463215,0.95,35.0,-1.41,1.73
RTX,1992-12-21,1.8673847913742065,1.8771870869955627,1.847779724782249,1.8673847913742065,5318701,20.31188918144656,20.566527362859002,21.54232084392923,21.71396892007945,24.165426695299605,0.95,34.5,-1.37,1.73
RTX,1992-12-22,1.862483524057526,1.8967920902042255,1.862483524057526,1.8918908834457397,3422070,20.44575810836517,20.679733347164238,21.667645589350727,21.769377394197534,24.141702507242414,0.94,35.0,-1.32,1.65
RTX,1992-12-23,1.911495069617176,1.9212978345311884,1.8918898963008646,1.8967911005020142,5382261,20.193244514824833,20.42544495729128,21.676952510550194,21.77202097447789,24.143332580717203,0.94,35.0,-1.27,1.65
RTX,1992-12-24,1.8918911959110483,1.896792403479019,1.8820888996124268,1.8820888996124268,830094,20.41008047765252,19.788047078973705,21.661695995366642,21.696815775694915,24.150904573322936,0.93,33.0,-1.23,1.65
RTX,1992-12-28,1.8722862821197834,1.8820890545747972,1.8673850741482705,1.8771873712539673,1358913,19.644042662387687,19.794281830848455,21.631687016155922,21.60649570896638,23.92121080564329,0.92,32.0,-1.17,1.68
RTX,1992-12-29,1.8673847913742065,1.8771870869955627,1.8624837029821841,1.8673847913742065,2055530,19.76785685226923,19.474038922719135,21.639480768008582,21.60820704132599,23.92087657443886,0.91,32.0,-1.11,1.67
RTX,1992-12-30,1.8820876067358037,1.8967911005020142,1.8722848418217912,1.8967911005020142,3333086,16.41817221929127,19.096719422685105,21.805100646368317,21.692461182268886,23.8850963790654,0.9,35.0,-1.04,1.58
RTX,1992-12-31,1.9016930881662142,1.9114953793194516,1.8869891166687012,1.8869891166687012,2836047,16.38056126479191,19.050645450467858,21.693491014090426,21.69719040485607,23.85986737296072,0.89,34.0,-0.97,1.67
RTX,1993-01-04,1.896792502592769,1.9163975715637207,1.896792502592769,1.9163975715637207,3146220,16.687033027554314,19.286204252608762,21.848126957428835,21.27700483582757,23.648928620424538,0.88,35.0,-0.89,1.59
RTX,1993-01-05,1.9114967706310222,1.9458058247563979,1.9114967706310222,1.9409042596817017,3694107,16.675453406332974,19.390430896394694,21.956442828446455,21.29730878717615,23.622642095318998,0.87,35.0,-0.82,1.53
RTX,1993-01-06,1.9458058247563979,1.9458058247563979,1.9212995442683838,1.9409042596817017,2722910,16.743892917823384,19.3434488243418,21.955848727071675,21.294911260069956,23.617511818173128,0.85,34.0,-0.74,1.53
RTX,1993-01-07,1.9458055315321252,1.9556079471802752,1.9163975715637207,1.9163975715637207,7389486,17.515833644219626,18.960991175660986,21.502055027045497,21.26579867464192,23.330510150851637,0.85,23.0,-0.67,1.62
RTX,1993-01-08,1.9212978345311884,1.9212978345311884,1.8771859271857028,1.8967911005020142,4375470,17.752230569228054,18.980090502657767,21.52640658529264,21.296441450597733,23.274157590126414,0.84,23.0,-0.58,1.59
RTX,1993-01-11,1.8967920902042255,1.8967920902042255,1.8820885887660683,1.8918908834457397,2080954,17.3645506179293,18.782068947132963,21.507105988570903,21.04717487353063,23.26560190223882,0.83,22.0,-0.5,1.6
RTX,1993-01-12,1.8967911005020142,1.8967911005020142,1.857581348055581,1.8967911005020142,3991568,17.04346898776897,18.46750413366604,21.24746398604919,21.000961000188223,23.263164133556852,0.83,20.0,-0.39,1.8
RTX,1993-01-13,1.8918911959110483,1.8918911959110483,1.8771872166951782,1.8820888996124268,3493258,17.30639513114589,18.17041571434074,21.272782883592974,21.010181615693792,23.13020108490442,0.83,20.0,-0.27,1.77
RTX,1993-01-14,1.8820884815656402,1.8820884815656402,1.8477794420239233,1.8575822114944458,4632253,17.609480457022748,18.349014941962235,21.319337725215842,21.063016513665417,23.145128727972832,0.83,20.0,-0.13,1.73
RTX,1993-01-15,1.8575833215679953,1.8575833215679953,1.8330765615026294,1.8526816368103027,6812361,17.62856341582108,17.814990138875118,21.18451244469645,21.06163103795091,22.95442998909986,0.82,17.0,0.0,1.86
RTX,1993-01-18,1.852681551455227,1.852681551455227,1.8134717591584113,1.8330764770507812,3551733,17.989751228558575,17.208483704348353,21.217400923529365,21.094205646233778,22.850348549412978,0.82,17.0,0.16,1.8
RTX,1993-01-19,1.8281746013944502,1.8477797874890463,1.8232733939987877,1.8428785800933838,5365735,17.98535803930966,17.234950393291175,21.202816397781767,21.01209461166384,22.74749966421456,0.82,16.0,0.33,1.81
RTX,1993-01-20,1.8330764770507812,1.8428792519277213,1.828175267868349,1.8330764770507812,3954703,17.49572205707636,17.232264921437928,21.145070972217113,20.771286469295653,22.748887715023912,0.82,14.0,0.53,1.84
RTX,1993-01-21,1.8281735036182296,1.8526797635557264,1.8232722991656278,1.8477786779403687,6197100,17.61662030932823,17.245628674022736,21.060891548102326,20.7452941739669,22.03298900109023,0.82,12.0,0.74,1.9
RTX,1993-01-22,1.8477790517529622,1.862483024597168,1.8428778463088282,1.862483024597168,2489010,15.967142135100096,17.286546374335636,21.10786315277888,20.707854321479584,22.042047175135256,0.82,13.0,0.97,1.87
RTX,1993-01-25,1.8624837029821841,1.8869899768034752,1.8624837029821841,1.8673847913742065,7289061,15.683836231528348,16.86963539031192,21.109509631535246,20.708414985079504,22.038667995220205,0.82,13.0,1.21,1.87
RTX,1993-01-26,1.8379766408646943,1.862483024597168,1.8183715814136225,1.862483024597168,9172979,14.38559010875914,16.86867053808146,21.102404803106484,20.638295308730886,22.038505627945895,0.81,11.0,1.48,1.87
RTX,1993-01-27,1.857581700407948,1.8673839918323407,1.8183714651750336,1.8281737565994263,5400058,15.226427314065512,17.326439889750887,21.235885916242157,20.714919416004932,21.795820204725636,0.81,17.0,1.74,1.74
RTX,1993-01-28,1.8330761509047941,1.8330761509047941,1.8085697528408038,1.8134714365005493,5185225,15.35915418028472,17.407958832769786,21.250724601188,20.72816630777537,21.661902077656958,0.8,18.0,1.99,1.71
RTX,1993-01-29,1.823273075603721,1.8379770517349243,1.813470781361469,1.8379770517349243,2605960,15.180607731355567,17.608394203885652,21.382113112212085,20.735828553121458,21.68127600389532,0.79,20.0,2.26,1.64
RTX,1993-02-01,1.837977588644534,1.891891351680494,1.837977588644534,1.8771873712539673,3593682,15.910606391157945,18.01123907527628,21.648507543913496,20.830891088961184,21.784542861953547,0.76,27.0,2.55,1.53
RTX,1993-02-02,1.8820895195739715,1.8820895195739715,1.8330764770507812,1.8330764770507812,6247948,17.097588066401915,18.711675663620127,21.932664786257643,20.969674168637084,21.911064629466836,0.73,33.0,2.83,1.33
RTX,1993-02-03,1.8379771108817338,1.9163971310654586,1.8330755476723426,1.9114960432052612,4922086,21.076811772490675,20.537041684332063,22.9553714251198,21.532203720137268,22.171662885655206,0.7,92.0,3.05,1.47
RTX,1993-02-04,1.9360017098917954,1.9507056819051745,1.911495446381281,1.945804476737976,4449200,21.360056318630683,20.76242617211541,22.55923479929385,21.576707920632497,22.073245362991734,0.67,57.0,1.97,1.53
RTX,1993-02-05,1.9212995767593384,1.9360030838586408,1.911496802956203,1.9212995767593384,4285215,21.71261372711056,20.871137534546204,22.475750595597408,21.62459646765206,22.108233442747125,0.65,53.0,0.79,1.58
RTX,1993-02-08,1.9016936639948059,1.9016936639948059,1.8575822114944458,1.8575822114944458,2447060,23.769649595629048,22.08968616885506,22.860245159394577,21.981981295344518,22.34215993347197,0.62,78.0,-0.26,1.5
RTX,1993-02-09,1.8722857120951175,1.8722857120951175,1.8526805296659519,1.8575822114944458,3305120,23.76096875341512,21.776471492392183,21.20943111383603,21.672729405448678,22.27436409693697,0.63,8.0,-0.32,0.49
RTX,1993-02-10,1.8624833888857404,1.8722856828539995,1.769358803510934,1.7791616916656494,21150226,26.784457352425456,23.581242415841825,22.05391026654759,22.205644951630905,22.524020879811385,0.63,36.0,-0.33,0.82
RTX,1993-02-11,1.7791616916656494,1.7938656673858488,1.7742604852628743,1.7791616916656494,11295883,26.288884634894032,22.334802966186164,21.7794727386869,22.154720947983577,22.446093758817224,0.64,28.0,-0.32,0.97
RTX,1993-02-12,1.788964899975543,1.788964899975543,1.7644586177619006,1.7693597078323364,8173816,26.292532482881093,22.329911385831945,21.76491743908131,22.15252242530972,22.42107623180995,0.64,28.0,-0.34,0.98
RTX,1993-02-16,1.779161075889681,1.784062161758876,1.7252468734207813,1.730148434638977,8630177,26.379535485431514,22.83906129922957,22.03572236461001,22.261165775414426,22.51836520962965,0.64,37.0,-0.39,0.84
RTX,1993-02-17,1.7252483426677077,1.754656308974138,1.7154459249069334,1.7399523258209229,8761110,26.082564405558973,22.848742161719056,22.033072501553015,22.274054367435205,22.479754228749606,0.64,37.0,-0.44,0.84
RTX,1993-02-18,1.7546557447735391,1.7644580405450838,1.7301493517394553,1.7350505590438843,11016219,26.06112926687374,22.835787487964552,22.007204644345933,22.25512917873459,22.12681858765452,0.64,36.0,-0.5,0.86
RTX,1993-02-19,1.7399509131235815,1.754654884338379,1.7252469419087841,1.754654884338379,8204325,26.268080050376202,22.914342230798137,22.04822457541726,22.29111189164528,22.153818771125984,0.64,39.0,-0.51,0.84
RTX,1993-02-22,1.7477246937600084,1.7922842502593994,1.7427733384846418,1.7922842502593994,6853039,27.076990739218814,23.126412092116038,22.189518953318668,22.437341455274517,22.074692190493998,0.64,40.0,-0.52,0.81
RTX,1993-02-23,1.7774310055739757,1.7922843519760654,1.762577659171886,1.7724801301956177,4316995,27.208471107350512,23.002005175821203,21.85271673967149,22.462071139955558,22.09951482636087,0.64,32.0,-0.5,0.89
RTX,1993-02-24,1.7724796472186175,1.7724796472186175,1.7625771788931759,1.7675286531448364,1123741,27.171343706120137,22.833199031376488,21.854932915954272,22.35541533082362,22.087195677085212,0.64,33.0,-0.48,0.89
RTX,1993-02-25,1.7823818998421537,1.7972352454012783,1.7774309047002745,1.7922842502593994,3725887,27.519747225658676,23.001769556138026,21.799745813293466,22.420483702229106,22.13324332729421,0.64,30.0,-0.46,0.94
RTX,1993-02-26,1.7922843519760654,1.7922843519760654,1.767529134772757,1.7724801301956177,2150870,27.453433184708203,23.052395001097338,21.548852540077526,22.392541314028996,22.148231181817366,0.64,21.0,-0.48,1.05
RTX,1993-03-01,1.7675292633185906,1.792284482322254,1.7675292633185906,1.7823821306228638,2052988,27.528481516682223,23.052090896779315,21.53279895556881,22.38456784083954,22.01559003648536,0.64,19.0,-0.49,1.07
RTX,1993-03-02,1.7873323057734727,1.7972347736358643,1.7823814319756697,1.7972347736358643,3553004,27.51675475926737,23.10548137616615,21.570054596923796,22.393974458639438,21.771415547272515,0.65,23.0,-0.5,1.05
RTX,1993-03-03,1.8021861204986616,1.8021861204986616,1.787332774939537,1.7922842502593994,1970360,27.463542643357364,23.088340011787643,21.55783211460149,22.380273302464833,21.75422761750615,0.65,23.0,-0.5,1.06
RTX,1993-03-04,1.8021860390301943,1.8368437237236097,1.7873326941425203,1.831892728805542,3063592,28.205280885540546,23.275630320825076,21.81904083369264,22.339892225829384,21.787715427240276,0.65,36.0,-0.5,0.95
RTX,1993-03-05,1.8318911729245908,1.8467440250193237,1.8170378406523042,1.8269397020339966,2337737,28.11152822317606,23.27814028033068,21.486023491785147,22.314069390941622,21.74205403655984,0.65,16.0,-0.5,1.08
RTX,1993-03-08,1.8269402224026843,1.8566468954086304,1.821989350323872,1.8566468954086304,4244537,28.420954917950205,22.855953832730957,21.574905992973576,22.370841495197567,21.791892390940294,0.65,26.0,-0.5,1.04
RTX,1993-03-09,1.8566469034775015,1.8714997598673335,1.8516955511994804,1.8615978956222534,2429263,28.42124663859969,22.758406597768374,21.475679768656445,22.37349116484446,21.65458826251317,0.65,16.0,-0.51,1.12
RTX,1993-03-10,1.8615978242941331,1.8913040161132812,1.8516954802507737,1.8913040161132812,3963602,28.780042208201028,22.55759410427635,21.46084370952186,22.4052329981187,21.681362530729846,0.66,16.0,-0.55,1.16
RTX,1993-03-11,1.896255359062169,1.896255359062169,1.8814026195963642,1.8863534927368164,1493660,28.225657519047314,22.5123290537778,21.267067436762048,22.377945663634684,21.660263220234302,0.66,13.0,-0.58,1.25
RTX,1993-03-12,1.8814038941384856,1.8814038941384856,1.8269418518096665,1.8368443250656128,2830962,29.237963017772728,23.17260877492437,21.673595979684563,22.57652197117236,21.81956471592485,0.66,35.0,-0.58,1.06
RTX,1993-03-15,1.8368432893104505,1.8665494918823244,1.8368432893104505,1.8665494918823242,2577994,29.34880210424688,23.16652473593728,21.554557413711645,22.65987889792293,21.831357340526782,0.66,27.0,-0.6,1.15
RTX,1993-03-16,1.8615978875318655,1.8615978875318655,1.8516955431521276,1.8566468954086304,1371625,28.730285215955575,23.03603433637689,21.207085582341044,22.618950666581895,21.826284495747117,0.66,8.0,-0.58,1.32
RTX,1993-03-17,1.8566469034775015,1.8615978956222532,1.8467445590547285,1.8615978956222534,2223329,27.867029484327976,22.939333935640768,21.209699483340735,22.573677594597537,21.793969060832307,0.66,10.0,-0.57,1.33
RTX,1993-03-18,1.8516971946378247,1.8516971946378247,1.8219909753152823,1.8368443250656128,4812763,25.214053498505002,23.101511235646445,21.30341122775289,22.611612363515807,21.79909019104171,0.66,17.0,-0.53,1.25
RTX,1993-03-19,1.8467462099265692,1.8516972064971922,1.8417952133559463,1.8516972064971924,5534805,24.725776461447566,23.001195824588976,21.315437385135247,22.634015947733506,21.80962600227383,0.66,18.0,-0.48,1.26
RTX,1993-03-22,1.8566472751052883,1.8715001344680788,1.846744928700455,1.8715001344680786,3658514,24.745914668187158,23.104166459386143,21.367882476621457,22.557560973015033,21.831747860113722,0.66,20.0,-0.44,1.24
RTX,1993-03-23,1.8764529096174898,1.8814039061881127,1.8467462099265692,1.8516972064971924,4165722,22.9198992887783,23.151442086355242,21.233017397778564,22.588601017635288,21.77832757135173,0.66,12.0,-0.41,1.27
RTX,1993-03-24,1.8516966052000194,1.8715008251405933,1.8170394003707524,1.8467456102371216,3044524,22.931960960617122,23.15174811007668,21.23279660017671,22.52455954352534,21.778639568700655,0.66,12.0,-0.38,1.27
RTX,1993-03-25,1.846745428261502,1.9259625403068412,1.846745428261502,1.9012073278427124,4304283,20.614478557841547,23.892955961993557,21.711849347116402,22.7881507577333,21.97523979919961,0.65,46.0,-0.38,1.13
RTX,1993-03-26,1.89130470070704,1.9012070483347427,1.8665494918823244,1.8665494918823242,1306794,21.45831978496105,23.978081080556457,21.91920001691624,22.796458906654756,22.019225011554074,0.65,55.0,-0.36,0.99
RTX,1993-03-29,1.8814026195963642,1.901206832424863,1.8764516264114637,1.8863534927368164,2900878,21.50050072064971,24.05708291807269,21.974860856564597,22.824557568351892,21.980386530615217,0.64,59.0,-0.35,0.96
RTX,1993-03-30,1.8863534927368164,1.8913044859217167,1.8764516264114637,1.8863534927368164,1455524,20.220337892115857,23.840108811348447,21.930403313430997,22.809244183321894,21.91850437482382,0.63,56.0,-0.33,1.0
RTX,1993-03-31,1.8814026009173594,1.8962553402357027,1.8715001344680788,1.8715001344680786,1873749,20.43951599983605,23.735152125361374,21.972065482725878,22.824986254996716,21.926221769012557,0.63,60.0,-0.29,0.96
RTX,1993-04-01,1.8715003655850206,1.89130470070704,1.861598498135166,1.8665494918823242,3003846,20.435728896714462,23.73846666596062,21.97778407633534,22.808779237950787,21.905507106556676,0.63,62.0,-0.25,0.96
RTX,1993-04-02,1.8516966052000194,1.8715008251405933,1.8318927453929201,1.8467456102371216,1820358,20.601354590043634,23.69785821594948,22.029127578385907,22.798428426911777,21.899196489338905,0.63,64.0,-0.18,0.92
RTX,1993-04-05,1.8615981536830277,1.8913043507583538,1.8516958078875594,1.8764514923095703,3472918,20.221237360979355,23.850384515950207,22.11957135421979,22.871673072556504,21.959422285157363,0.62,69.0,-0.09,0.89
RTX,1993-04-06,1.881403462301258,1.9012076840003236,1.881403462301258,1.8962562084197998,1972902,20.016271258382847,23.94456346673455,22.173632494754823,22.323480834210944,21.984099796606298,0.62,70.0,-0.01,0.87
RTX,1993-04-07,1.9160616432398971,1.9358658762368988,1.911110645012932,1.9309149980545044,2656808,20.47035235151587,24.224902121516134,22.15984988260701,22.42343486047297,22.060243647230006,0.62,70.0,0.09,0.91
RTX,1993-04-08,1.9259620384382625,1.9457663713112099,1.8863534927368164,1.8863534927368164,4853442,21.555932584055327,24.652924155900166,22.48648057712701,22.58736376063247,22.117669916173924,0.62,75.0,0.23,0.75
RTX,1993-04-12,1.8962572901983248,1.9309149980545044,1.8962572901983248,1.9309149980545044,3278425,22.0828022545661,24.952962309460645,21.984301802406343,22.760893756596502,22.181603783310013,0.61,63.0,0.29,0.7
RTX,1993-04-13,1.9408160667310412,1.9655712815276316,1.930913716714525,1.9606199264526367,3114440,22.363483090538853,25.121539996475107,22.060251247444018,22.834990214796605,22.23140584450763,0.6,70.0,0.27,0.68
RTX,1993-04-14,1.9606197960405058,1.9655711507861573,1.9457669322483815,1.950717806816101,1840698,22.43277626698067,25.0375959266328,22.085207001243027,22.757682399274128,22.236757641495366,0.6,71.0,0.22,0.66
RTX,1993-04-15,1.9556684494018557,1.965570796977256,1.9457665820043009,1.9556684494018555,4344962,22.372587497473393,25.02364980814021,22.073549098668792,22.117241216192383,22.237009015618174,0.59,71.0,0.03,0.67
RTX,1993-04-16,1.9556689315111153,1.9705222764691532,1.9556689315111153,1.9606199264526367,4826746,21.639215208597527,24.990647113238435,22.063547135229815,22.120315985566076,21.89352004530844,0.58,71.0,-0.18,0.67
RTX,1993-04-19,1.955668606268483,2.00022815355404,1.9507176121503496,1.9903262853622437,5285650,21.89465362474992,25.114836628464644,22.15626900819166,22.197099336480733,21.919982076119,0.58,75.0,-0.32,0.63
RTX,1993-04-20,1.9853754770539984,2.000228340753997,1.906158363305278,1.9408159255981445,3739870,22.966618919237483,25.64950640897372,22.46686609845144,22.387125708176185,22.059994542976877,0.57,80.0,-0.42,0.52
RTX,1993-04-21,1.9507183686236729,1.955669364661764,1.906158924102783,1.9061589241027832,1944936,23.646014720558643,25.93022257815994,22.52980880808209,22.464057789506647,22.07606255383659,0.56,83.0,-0.41,0.47
RTX,1993-04-22,1.906158363305278,1.9804240022945758,1.9012073687237845,1.9408159255981445,7367875,23.775053397394437,26.173279785832975,22.596943165509582,22.55380941938707,22.151487355339032,0.56,86.0,-0.39,0.45
RTX,1993-04-23,1.930913716714525,1.9705222764691532,1.925962721773003,1.9606199264526367,1433914,23.90037044478403,25.930735079476904,22.641897818585935,22.58924980554757,22.00128507105043,0.55,89.0,-0.36,0.43
RTX,1993-04-26,1.9606197960405058,1.9655711507861573,1.940815937636179,1.950717806816101,1487304,22.490595082517892,25.892217639912733,22.612596142184863,22.590902613057036,21.974547250827577,0.55,87.0,-0.35,0.45
RTX,1993-04-27,1.9408159255981448,1.9507177947166496,1.9210117071832058,1.9408159255981445,1950021,22.17618556111418,25.797221203929226,22.622286414324062,22.526344425955415,21.974583281295107,0.54,90.0,-0.33,0.43
RTX,1993-04-28,1.9210126542847796,1.9507187564639867,1.9160611770841698,1.945767879486084,1665272,22.08916045765908,25.454574643987183,22.621834791311596,22.52428063851086,21.97632888455809,0.54,90.0,-0.3,0.43
RTX,1993-04-29,1.9507177947166496,1.9507177947166496,1.925962581720217,1.9408159255981445,1212725,22.118222472762987,24.953085008916315,22.616925119406453,22.525508747378666,21.97607377441163,0.53,90.0,-0.27,0.43
RTX,1993-04-30,1.950717806816101,1.9606197960405058,1.940815937636179,1.950717806816101,2058073,21.689775859805174,23.46996979249349,22.489367298795653,22.534246996407806,21.9815222607716,0.52,83.0,-0.26,0.49
RTX,1993-05-03,1.9705222792426185,1.9705222792426185,1.9507179393151846,1.9655712842941284,1723747,21.678855215571122,23.237932752274613,22.51312847816199,22.280044017233504,21.934445615089302,0.52,84.0,-0.26,0.48
RTX,1993-05-04,1.9655725858661133,1.9655725858661133,1.9259639998275393,1.9309149980545044,2220786,22.251406039537258,23.381874511796596,22.31688702371485,22.357767740328622,21.83102408456202,0.5,79.0,-0.29,0.48
RTX,1993-05-05,1.9408158398241069,1.9705220460891721,1.9408158398241069,1.9705220460891724,4367843,22.643795796139106,22.655603328144128,22.483041105454358,22.486916447171083,21.8951640063921,0.5,82.0,-0.34,0.42
RTX,1993-05-06,1.9804238578608016,2.039836748861557,1.9804238578608016,2.0249834060668945,4458098,23.73439950114393,23.285248054380737,22.608561032062212,22.57366868168298,22.021819386918143,0.5,89.0,-0.2,0.44
RTX,1993-05-07,2.0299350068838544,2.049739466347949,2.015081662285784,2.034886121749878,3015286,22.43214154613419,21.35918861629684,22.58945721248701,22.5806313776863,22.02598647642661,0.5,88.0,-0.08,0.45
RTX,1993-05-10,2.0497393528174697,2.0596411018231287,2.034886009042092,2.039836883544922,3692836,21.56030930519045,21.354117166171935,22.589066511487644,22.557727978831966,21.982603063931837,0.5,88.0,-0.01,0.45
RTX,1993-05-11,2.0398372467926587,2.044788122177124,2.0299352559347215,2.044788122177124,1235606,21.439871859331937,21.292097637874882,22.42564577658811,22.47837023961922,21.96436690065887,0.49,80.0,0.06,0.54
RTX,1993-05-12,2.0299348944503,2.0447877580477516,2.0299348944503,2.039836883544922,2037734,21.4777667850747,20.68216836785572,22.34680407144833,22.472962565936903,21.960943139492674,0.49,80.0,0.04,0.57
RTX,1993-05-13,2.010130216386647,2.049738883972168,2.0051793430162514,2.049738883972168,3457664,21.2521582436725,20.6779817896608,22.302917438843647,22.464937683617467,21.922166736123327,0.49,78.0,0.02,0.6
RTX,1993-05-14,2.039836416964653,2.0546897573425635,2.029934430134954,2.049738883972168,3245374,21.20444051581875,20.653696773649493,22.302917438843647,22.43743956803905,21.876205628163408,0.49,77.5,-0.02,0.6
RTX,1993-05-17,2.052735676065177,2.0777079162251346,2.052735676065177,2.072713613510132,2141972,20.912413465853696,20.65214161880888,22.27879005525484,22.41751495909353,21.877271482114775,0.49,76.0,-0.01,0.61
RTX,1993-05-18,2.0727140016024,2.0727140016024,2.0527360604168012,2.0677196979522705,4252164,20.664315069161088,20.3159117606163,22.283362167599385,22.413126432488447,21.858531557666883,0.49,76.0,-0.04,0.6
RTX,1993-05-19,2.067720823678282,2.077709436416626,2.04274783866147,2.077709436416626,4524201,20.55611708373964,20.125413195437357,22.248693376399306,22.419074867460147,21.817302038570368,0.49,74.0,-0.08,0.63
RTX,1993-05-20,2.077707689624714,2.127652406692505,2.067719085284093,2.127652406692505,5435651,20.976090089390233,20.54966488314798,22.53195797841179,22.595316500281953,21.944063735400462,0.5,88.0,0.1,0.53
RTX,1993-05-21,2.1076749610679264,2.147631083077446,2.102680657737371,2.14263653755188,6015318,19.42075009918699,20.442973772571772,22.526107358288144,22.596411441495214,21.953169873961738,0.5,86.0,0.25,0.54
RTX,1993-05-24,2.1326468905882026,2.1576191216445877,2.1276518631091816,2.137641191482544,3508512,18.636268444082855,20.262990731514314,22.417069539921677,22.59638218209725,21.724561922152063,0.5,78.0,0.27,0.59
RTX,1993-05-25,2.0777079162251346,2.082702461135119,2.062724281495182,2.072713613510132,10127650,20.754240435641673,21.41648664469261,22.9663354059674,22.88233265157804,21.914282773791484,0.51,100.0,0.12,0.48
RTX,1993-05-26,2.0827030665307484,2.1126701025064247,2.0777085201689602,2.107675313949585,6059810,21.081505650252524,21.582711984006423,22.987521718751466,22.945379638738533,21.944801407259522,0.53,100.0,0.02,0.48
RTX,1993-05-27,2.1176628240101585,2.1526238918304443,2.1126682819523275,2.1526238918304443,4543269,21.754155159020854,21.878978249037573,23.134958667566565,23.080222187202228,22.039626027949353,0.54,100.0,0.03,0.43
RTX,1993-05-28,2.1476307975671385,2.152625100233741,2.107674680869464,2.1126694679260254,3739870,22.664940422900393,21.97017648146643,23.34650329086317,23.161849019814206,22.08757923082621,0.56,100.0,-0.07,0.33
RTX,1993-06-01,2.102680788404477,2.1226587295532227,2.102680788404477,2.1226587295532227,3842838,22.36380354316428,21.94947218960773,23.25265934735446,22.862936934974908,22.09213882578084,0.57,99.0,-0.17,0.38
RTX,1993-06-02,2.112669257986618,2.132647435447681,2.112669257986618,2.127652406692505,2313584,20.808970848861183,21.764901895094418,23.182682426437072,22.767219954935364,22.082111988037905,0.58,98.0,-0.27,0.43
RTX,1993-06-03,2.1176641174366466,2.132647752761841,2.107674785024859,2.132647752761841,3015286,19.830176541490275,21.764754646688843,23.175673813300584,22.638198323236526,22.078422334882145,0.59,97.0,-0.37,0.44
RTX,1993-06-04,2.122658953034949,2.122658953034949,2.1026810097828488,2.107675313949585,3860634,19.846629319630534,21.76524632129788,23.265780616427566,21.736441958668866,22.105402233434933,0.6,99.0,-0.48,0.38
RTX,1993-06-07,2.107675313949585,2.1126701025064247,2.0876973706974846,2.107675313949585,2886895,19.735364635967283,21.74910247282681,23.223313408079054,21.606308091970085,22.100607395881443,0.61,97.0,-0.58,0.41
RTX,1993-06-08,2.107675942466359,2.112670732512664,2.092692783303065,2.1026816368103027,3685209,19.66207630442252,20.947708634148842,23.118065343663023,21.435039481220112,22.016187834061267,0.61,93.0,-0.67,0.47
RTX,1993-06-09,2.0876973706974846,2.107675313949585,2.0876973706974846,2.107675313949585,1833070,19.53028860791006,20.749749897055864,23.110339751496205,21.414028250227084,22.01559535398442,0.61,92.0,-0.75,0.48
RTX,1993-06-10,2.0976860523223877,2.107674900893325,2.092691749134421,2.0976860523223877,3100457,19.651011297292683,20.741478345089526,23.05181359762325,21.423231137418057,21.970149116740153,0.62,91.0,-0.82,0.52
RTX,1993-06-11,2.0976860523223877,2.1026805977053584,2.0876969615564454,2.0976860523223877,2640282,19.607890828333375,20.745210629230186,23.04389257782389,21.40079205543603,21.958633318983427,0.62,90.0,-0.89,0.52
RTX,1993-06-14,2.1026810097828488,2.1126701025064247,2.1026810097828488,2.107675313949585,2502993,19.604391301949818,20.50260852058873,23.025655009416333,21.383154638117688,21.949754651469945,0.61,89.0,-0.95,0.54
RTX,1993-06-15,2.0976859184824206,2.122658401608936,2.0926916156131083,2.117664098739624,2093666,19.558426499600884,20.47400251264579,23.007702848322033,21.372000445112015,21.94036338980794,0.61,88.0,-1.0,0.54
RTX,1993-06-16,2.107674766416033,2.117664098739624,2.0876968283538186,2.117664098739624,2869098,18.612809607668265,20.40351878872418,22.9845444673283,21.284666058141607,21.805293463598378,0.61,86.0,-1.05,0.55
RTX,1993-06-17,2.1076734976996536,2.1526238918304443,2.1076734976996536,2.1526238918304443,6203456,18.329381792374924,20.436482575602568,23.10825114819664,21.156574076954648,21.84131667428752,0.61,91.0,-1.09,0.5
RTX,1993-06-18,2.147629591967457,2.162613218140949,2.142635049909626,2.1526238918304443,9334422,16.828117500939836,20.41480849127114,23.100291221533936,21.156574076954648,21.817252579607825,0.6,90.0,-1.12,0.51
RTX,1993-06-21,2.147629881372225,2.1975750664860745,2.147629881372225,2.182591438293457,10811556,17.155960536855343,19.79920384830212,22.95718423562934,21.095602043749302,21.858452253804696,0.6,82.0,-1.12,0.59
RTX,1993-06-22,2.1875857388294535,2.1975750664860745,2.172602110636836,2.182591438293457,3603852,17.169251532815178,19.331205686311602,22.904752840145516,20.893242061006305,21.82613026859325,0.59,80.0,-1.13,0.63
RTX,1993-06-23,2.1825928401012438,2.2275432691595305,2.1775985363575696,2.222548723220825,3914025,17.7763153099348,19.52599663181369,22.977565499257675,20.96354574835166,21.87357779606691,0.59,83.0,-1.09,0.6
RTX,1993-06-24,2.2125603319746285,2.2325382798606532,2.2025714791291704,2.2075657844543457,7644997,17.93052502681037,19.615444561939984,22.809844634173142,20.98356410818509,21.874774987832303,0.59,77.0,-1.09,0.65
RTX,1993-06-25,2.182591937532904,2.2025698708312103,2.182591937532904,2.197575569152832,3747498,18.035854369257585,19.550261250636687,22.46636036437918,20.980216410343584,21.880443234119483,0.59,57.0,-1.11,0.79
RTX,1993-06-28,2.187586604597879,2.1975759362079197,2.167608667962713,2.177597999572754,3708090,18.329810198033737,19.670481518599768,21.592600378777885,21.001156974718615,21.86948929294416,0.59,19.0,-1.14,0.58
RTX,1993-06-29,2.1775975908434684,2.182591892418614,2.152624629798183,2.1676082611083984,2661893,18.216042005946807,19.534927484484378,21.449501654207015,20.833049034638034,21.843593976311286,0.6,10.0,-1.19,0.62
RTX,1993-06-30,2.1726026236592357,2.177597651959349,2.1426358445876175,2.1576194763183594,2844946,18.268292332608528,19.39175113748139,21.355945843078665,20.811912298115747,21.836214052221735,0.6,9.0,-1.23,0.69
RTX,1993-07-01,2.1576205353724136,2.162615081734202,2.1026810097828488,2.107675313949585,4006822,19.596598044899086,20.017058853118563,20.986881010590125,20.94417452792589,21.964723435472617,0.61,1.0,-1.24,0.6
RTX,1993-07-02,2.0976857239148625,2.1026802685159023,2.087696634712783,2.092691421508789,2150870,18.417941847437373,19.803799067224475,21.028330724296605,20.870362064678837,21.888289655440037,0.61,2.0,-1.25,0.56
RTX,1993-07-06,2.0926923480124096,2.0976866526296254,2.057730762521456,2.062725067138672,1801290,18.69834047978994,19.40907541584408,19.95434976817544,20.83957821745763,21.936333435636985,0.65,1.0,-1.24,-0.15
RTX,1993-07-07,2.077709139749523,2.1026816368103027,2.06772052843741,2.1026816368103027,4417420,19.609612157007383,19.226725382647537,20.14962510127825,20.947902166162322,21.966231218825396,0.68,2.0,-1.24,-0.21
RTX,1993-07-08,2.107674680869464,2.117664012787607,2.092691530674678,2.1126694679260254,2647910,17.422657662737002,19.022869902501068,20.122185650434616,20.789775678564197,21.969608224007168,0.71,2.0,-1.23,-0.19
RTX,1993-07-09,2.1226578515676047,2.182591892418614,2.117663549992459,2.1676082611083984,4126315,18.310780317207417,19.620988152557494,20.09887733038682,20.777040142327483,22.05090734631035,0.74,2.0,-1.26,-0.16
RTX,1993-07-12,2.157619820742616,2.1825923020853164,2.157619820742616,2.177597999572754,3214865,17.329725736860517,19.62903587391805,20.0950444001718,20.780616360657017,22.050376482163287,0.77,2.0,-1.29,-0.16
RTX,1993-07-13,2.1875875132941283,2.2075654582278808,2.177598904119861,2.202571153640747,4630982,16.62744784967266,19.72727791529279,20.130618351326945,20.800494834622377,22.06433678790599,0.8,5.0,-1.31,-0.17
RTX,1993-07-14,2.197576782925178,2.212559938430786,2.197576782925178,2.212559938430786,1958919,16.6241960613233,19.545952209141383,20.08365591457202,20.788275807946924,22.06721164394762,0.82,2.0,-1.33,-0.15
RTX,1993-07-15,2.212558155089991,2.21755245550139,2.1825913838421194,2.192579984664917,8414073,16.893824269895376,18.863782701751905,19.93312360579057,20.819017844148327,22.076975947776027,0.85,1.0,-1.33,-0.13
RTX,1993-07-16,2.1875867801742555,2.1875867801742555,2.132647752761841,2.132647752761841,4608100,18.822488334889822,19.401016484218196,20.38068483135094,20.98844933403849,22.219962714710316,0.87,9.0,-1.34,-0.1
RTX,1993-07-19,2.1326492284291043,2.142637841167448,2.072715130047454,2.077709436416626,4043687,20.02056658100809,19.932158091731804,20.846265413880786,21.22793247519236,22.3716424894405,0.87,10.0,-1.34,-0.17
RTX,1993-07-20,2.0827022339899797,2.1426360397883015,2.0827022339899797,2.127652406692505,4768271,21.217619628264963,20.3846947561421,21.051589246908204,21.398666439669405,22.083592179062926,0.88,13.0,-1.34,-0.2
RTX,1993-07-21,2.197575011660925,2.197575011660925,2.1825913838421194,2.192579984664917,8414073,22.877891098356525,21.167618305179516,21.424298722909015,21.6722767753868,22.281104539607774,0.88,23.0,-1.37,-0.17
RTX,1993-07-22,2.1925829989889087,2.1975780328520007,2.1825943844339424,2.187588691711426,4553438,22.900342248249746,21.13552877842883,21.428418640289806,21.675269154014007,22.282505113892658,0.88,24.0,-1.39,-0.18
RTX,1993-07-23,2.177600077156459,2.187588691711426,2.177600077156459,2.187588691711426,1943665,22.833635217374244,21.139130654668612,21.407290581348192,21.6473682060886,22.281515554453126,0.88,23.0,-1.41,-0.18
RTX,1993-07-26,2.187585684253518,2.1925799846649165,2.1825913838421194,2.192579984664917,1761883,22.83105655205532,21.11837260522207,21.393927319357864,21.647307662832414,22.281015362503428,0.88,23.0,-1.43,-0.17
RTX,1993-07-27,2.1875872456914376,2.1925815496676293,2.1726036071777344,2.1726036071777344,4501319,23.01258408130562,21.231727938910932,21.227527766955234,21.68143318684264,22.243148720418038,0.89,16.0,-1.42,-0.14
RTX,1993-07-28,2.172602110636836,2.1875857388294535,2.15761896683397,2.182591438293457,1102130,23.01063587510558,21.205676622369026,21.220506318429713,21.67084187744348,21.792253347097226,0.89,16.0,-1.42,-0.13
RTX,1993-07-29,2.182591438293457,2.207563667558068,2.172602110636836,2.182591438293457,2255109,23.01063587510558,20.815546230705557,21.09695953184425,21.64190079169083,21.792253347097226,0.89,14.0,-1.4,-0.09
RTX,1993-07-30,2.1775975908434684,2.1875861939937593,2.1626139595332527,2.1676082611083984,1727561,22.645479404083492,20.54073350011329,21.139354432544117,21.66278620114197,21.801988920048565,0.9,15.0,-1.38,-0.11
RTX,1993-08-02,2.1676096022494495,2.2325379848480225,2.1626152975842334,2.2325379848480225,5649213,24.182749957798773,20.66574498498136,21.483915765795274,21.813549957592354,22.000355705608087,0.89,32.0,-1.34,-0.12
RTX,1993-08-03,2.2325387329189392,2.277489185333252,2.227544426580249,2.277489185333252,6195829,24.522014847344025,20.994680787785544,21.667138464249636,21.917480595434423,22.080400076559073,0.89,34.0,-1.27,-0.18
RTX,1993-08-04,2.2724932380602403,2.277487540792617,2.2375314235687256,2.2375314235687256,3973771,25.139827023718013,21.37395222676531,21.41402427603265,21.585001727648702,22.134520741210498,0.89,28.0,-1.25,-0.19
RTX,1993-08-05,2.2525148597336946,2.26749849319458,2.2425262551496936,2.26749849319458,4189875,24.888164571480978,21.509011117958902,21.37259907748523,21.610180208340793,22.17264983498655,0.89,26.0,-1.19,-0.18
RTX,1993-08-06,2.2675003304607144,2.2874785245961045,2.252516684859172,2.277489185333252,3561902,24.80864956116764,21.4982559599695,21.344161231043834,21.611990511560414,22.171902828393243,0.89,23.0,-1.14,-0.16
RTX,1993-08-09,2.2874780685829372,2.312450321883593,2.2724944259684126,2.3074560165405273,3471647,24.98902309536996,21.61324809175915,21.415697969079414,21.646021467858805,22.15196139502382,0.89,29.0,-1.06,-0.19
RTX,1993-08-10,2.2974660551357644,2.3124496936798096,2.2824824165917192,2.3124496936798096,2597062,24.780002644850537,21.60935582976686,21.27037547535316,21.64067023332128,22.147440508180285,0.89,20.0,-1.01,-0.13
RTX,1993-08-11,2.307454509067724,2.3573992252349854,2.302459480402611,2.3573992252349854,7149229,25.18864899787374,21.81855494847127,21.421189023406676,21.733661755303796,22.228077632351116,0.89,29.0,-0.88,-0.18
RTX,1993-08-12,2.3723841967894645,2.3723841967894645,2.322438968048368,2.3374226093292236,5476330,25.313151962810636,21.908558697239005,21.449725982310422,21.716180543492936,22.244382262653943,0.89,32.0,-0.81,-0.2
RTX,1993-08-13,2.357400825817567,2.3723844688165063,2.352406520346369,2.367389678955078,3875889,24.220680496447912,22.011297975678936,21.413929737581036,21.67849867397838,22.09259336240347,0.89,25.0,-0.72,-0.18
RTX,1993-08-16,2.35027722481304,2.370408298473912,2.34524421234931,2.36537504196167,2675876,24.040321282061143,21.553906256012027,21.404743705990768,21.63092170145774,22.07869706385617,0.89,23.0,-0.66,-0.17
RTX,1993-08-17,2.380474303034211,2.380474303034211,2.3603434653387576,2.3704092502593994,3635632,23.40335876959834,21.5262860082154,20.97583506995924,21.63057590801564,22.075554297425043,0.89,11.0,-0.6,-0.12
RTX,1993-08-18,2.375440822840618,2.390539128086272,2.36537504196167,2.36537504196167,4536913,23.064568636555816,21.524669236430945,20.726565641882488,21.60229041009867,21.95741934597369,0.9,10.0,-0.58,-0.03
RTX,1993-08-19,2.3603422185105103,2.3603422185105103,2.330146099942447,2.3402113914489746,7984407,23.44779002527034,20.6002260010462,20.7873556456243,21.646765698944808,21.983903467561003,0.91,11.0,-0.57,-0.07
RTX,1993-08-20,2.340212576080743,2.340212576080743,2.3251147532025698,2.3351798057556152,4327165,22.520595155385674,20.386901422362254,20.795844254082322,21.650838977556003,21.964458185795007,0.92,12.0,-0.58,-0.07
RTX,1993-08-23,2.3251132971557564,2.3301458202807814,2.315047518760351,2.320080041885376,2098751,22.658839342791243,20.047155634030418,20.7796299406613,21.666531167958407,21.91166547148819,0.93,11.0,-0.59,-0.06
RTX,1993-08-24,2.299949924114671,2.3301465364362652,2.299949924114671,2.3251140117645264,2919946,22.48724464045527,19.610110365299956,20.765386772764245,21.593292477065297,21.908249458791488,0.93,11.0,-0.61,-0.05
RTX,1993-08-25,2.320080320338957,2.3402113914489746,2.320080320338957,2.3402113914489746,3240289,22.51477941543308,19.625330304056508,20.67316980977882,21.601019752632805,21.906819656866176,0.94,10.0,-0.67,-0.0
RTX,1993-08-26,2.3402125629330413,2.3402125629330413,2.32511474013969,2.3301472663879395,1544508,22.355445462993817,19.6622646038684,20.584213053614693,21.399473015288972,21.894151505020208,0.95,10.0,-0.7,0.03
RTX,1993-08-27,2.3301458202807814,2.3351783434058064,2.2898841709898705,2.320080041885376,2925031,20.611208180842606,19.69778469765865,20.56599080889337,21.381232806086356,21.858462833653604,0.96,10.0,-0.72,0.03
RTX,1993-08-30,2.3150491587702082,2.3251149442963426,2.304984105389948,2.310016632080078,2422907,18.849196123363576,19.543629538229194,20.42714783607438,21.225709765911425,21.85805094134264,0.97,10.0,-0.73,0.08
RTX,1993-08-31,2.2999505731187107,2.2999505731187107,2.2697544403733723,2.2898855209350586,1952563,18.16093863272909,19.654861228950264,20.098652728544167,21.24369566570507,21.87592960083993,0.99,5.0,-0.77,0.13
RTX,1993-09-01,2.2999492172399205,2.3301458202807814,2.2898841709898705,2.320080041885376,2697486,16.51059335542594,19.783983164313423,19.885477774362194,21.28972664222748,21.91265371215125,1.01,1.0,-0.78,0.19
RTX,1993-09-02,2.3200816854603383,2.3200816854603383,2.2999508465539438,2.310016632080078,1833070,16.5666861588489,19.821246148288115,19.79181338906656,21.201261219194134,21.90797755727996,1.03,1.0,-0.78,0.23
RTX,1993-09-03,2.294917992550318,2.294917992550318,2.2496235504589106,2.2546560764312744,3125881,18.20808235116614,20.477429293922587,20.187863616607032,21.36701635426409,22.043848908434843,1.04,12.0,-0.76,0.15
RTX,1993-09-07,2.2596886456580165,2.284851999994277,2.2496228646361844,2.2697536945343018,1789850,18.279184281720383,20.506343961978075,20.20422177649559,21.347780368136412,22.048448904647373,1.05,13.0,-0.75,0.14
RTX,1993-09-08,2.269753626572709,2.269753626572709,2.234524492269457,2.2395575046539307,1725018,18.526567832072033,20.712548196911264,20.3410025850264,21.41606287693151,22.071021627278007,1.06,14.0,-0.71,0.07
RTX,1993-09-09,2.2294917853309406,2.264720916748047,2.2093607136363156,2.264720916748047,2679690,18.734196417188638,20.803859031816625,20.283881086211977,21.402451547685388,22.097386242388993,1.07,14.0,-0.69,0.1
RTX,1993-09-10,2.264720579170938,2.3301458202807814,2.264720579170938,2.320080041885376,2771216,19.869412179638317,21.330442567914943,20.156037828692007,21.57634050677044,22.20634454798012,1.08,12.0,-0.68,0.09
RTX,1993-09-13,2.3150491587702082,2.3301474709864722,2.2999508465539438,2.310016632080078,1430100,19.783679883415473,21.136014105200335,19.929699915528342,21.560216634007595,21.989407973412607,1.09,3.0,-0.72,0.17
RTX,1993-09-14,2.3150488835399754,2.3150488835399754,2.27981973660562,2.2898855209350586,3464020,18.2268703970766,21.232716258451,19.832186760894523,21.587491002511022,21.932727011545214,1.1,2.0,-0.72,0.21
RTX,1993-09-15,2.284852821813474,2.3301472663879395,2.2798198074680185,2.3301472663879395,2256380,18.01209831323255,21.33807232370624,19.944892581615612,21.660239280813208,21.900133534718105,1.11,6.0,-0.72,0.16
RTX,1993-09-16,2.315047518760351,2.3251132971557564,2.304982472510301,2.320080041885376,1351286,17.22066765785616,21.36595362967639,19.93887513541946,21.602150299035706,21.20217026606362,1.12,6.0,-0.73,0.16
RTX,1993-09-17,2.284853022434929,2.3150491587702082,2.284853022434929,2.310016632080078,4732678,16.900148802603496,21.091457386924745,19.93275909966119,21.5989508071935,21.110384308132666,1.13,5.0,-0.75,0.16
RTX,1993-09-20,2.310014930888504,2.320079976856443,2.2949166297912598,2.2949166297912598,3019100,16.985413534455223,21.08841000974722,19.975751138237893,21.550224457918926,20.993700989413103,1.14,10.0,-0.78,0.14
RTX,1993-09-21,2.294917992550318,2.294917992550318,2.2395582544655923,2.2546560764312744,5538618,17.305859503125358,21.396870135589865,20.200339337349302,21.617912914123227,21.057930999653,1.14,20.0,-0.82,0.06
RTX,1993-09-22,2.2647218605217727,2.269754386494137,2.2244599444027298,2.2546560764312744,4070382,17.28534737153191,21.304251974691837,20.19347008963211,21.617912914123227,21.057930999653,1.14,20.0,-0.86,0.06
RTX,1993-09-23,2.2546553177100335,2.2546553177100335,2.229491964170243,2.2345244884490967,3812329,16.34389928377309,21.368359881244523,20.23634833763317,21.589461152926745,21.063377692722238,1.15,23.0,-0.88,0.04
RTX,1993-09-24,2.2345251901964645,2.2345251901964645,2.2143948427106546,2.229492664337158,2814437,16.22029733541808,21.34962153560142,20.012708361325473,21.55202180632987,21.048409933481636,1.15,11.0,-1.07,0.12
RTX,1993-09-27,2.2345249143981762,2.2445906970201635,2.2143945693969727,2.2143945693969727,4400894,15.702016114863357,20.817755107100393,19.82388022237767,21.567347169770233,21.04972780151889,1.16,2.0,-1.17,0.2
RTX,1993-09-28,2.224459619873297,2.224459619873297,2.1791654284385107,2.2143945693969727,5303446,15.71043375721266,20.752513802230897,19.377741094716953,21.566627655256028,20.986690327560066,1.17,1.0,-1.17,0.29
RTX,1993-09-29,2.2143948924580013,2.254656076431275,2.209361634339867,2.2546560764312744,4599202,16.732541655056984,20.79155094106109,19.55794263593815,21.63702478584517,20.90705099377363,1.18,2.0,-1.17,0.21
RTX,1993-09-30,2.2546553177100335,2.2546553177100335,2.229491964170243,2.2345244884490967,5902182,16.86579584564283,20.567082173659376,19.62071690088941,21.604553478830052,20.929185763206608,1.19,3.0,-1.17,0.17
RTX,1993-10-01,2.234525236940245,2.26975438298385,2.234525236940245,2.2596893310546875,3251730,17.06583157039695,20.659462460766413,19.68726754761584,21.633518894924347,20.871534728452747,1.2,4.0,-1.17,0.13
RTX,1993-10-04,2.24459008910191,2.269753440623215,2.2395573211782533,2.264720916748047,2836047,17.090997078138667,20.018233719826082,19.68051899207492,21.588722758534438,20.727610745358252,1.2,4.0,-1.18,0.14
RTX,1993-10-05,2.264722405326475,2.3049843311309814,2.259689878143479,2.3049843311309814,4119959,17.83328665521625,20.301656505142386,19.847134570823226,21.670860206079794,20.77593257352317,1.21,9.0,-1.21,0.06
RTX,1993-10-06,2.3049843311309814,2.315049385496973,2.29995107180204,2.3049843311309814,2895794,17.819156557474226,20.184993305187014,19.847134570823226,21.65725953188576,20.775435138142086,1.21,9.5,-1.24,0.06
RTX,1993-10-07,2.30498307394091,2.3150481228171955,2.264721170096159,2.2697536945343018,2144514,18.22113201803882,20.437689064533554,19.954746825214208,21.731860440179933,20.830249888462113,1.21,18.0,-1.23,0.03
RTX,1993-10-08,2.2798197629249195,2.3150489102659764,2.2798197629249195,2.29995059967041,4103434,18.64907501682747,20.505647246964383,20.042586237486525,21.764097327635728,20.856835691755542,1.21,21.0,-1.25,-0.02
RTX,1993-10-11,2.2999491527752296,2.304982407904534,2.2798183286940157,2.2949166297912598,1602983,18.6205396878586,19.638700206805336,20.04004935166126,21.767027848212933,20.730351298173186,1.21,21.0,-1.25,-0.02
RTX,1993-10-12,2.2949170617724963,2.304982841780492,2.2747862339019775,2.2747862339019775,2089853,18.748014315260537,18.91783567078399,19.763504282306794,21.794389555757263,20.730321920143684,1.22,6.0,-1.23,0.05
RTX,1993-10-13,2.269753440623215,2.2747862085468715,2.259688392872879,2.264720916748047,3537750,18.624443911511953,18.376533744674333,19.75346773540251,21.67825740578617,20.689772362053198,1.22,6.0,-1.22,0.06
RTX,1993-10-14,2.27478586946944,2.3301458202807814,2.2546548007755325,2.320080041885376,3389019,19.57018805363699,18.014283029362083,20.099277750822086,21.819238710141647,20.751213085682796,1.21,29.0,-1.21,-0.04
RTX,1993-10-15,2.320080754947207,2.34021182982827,2.315048230275468,2.3251140117645264,4243266,19.53549435670887,18.003369024956168,19.448137306358653,21.77229247395717,20.67582650679004,1.21,2.0,-1.22,-0.1
RTX,1993-10-18,2.3251149442963426,2.3553110806316213,2.304984105389948,2.310016632080078,2724182,18.23760965997226,18.068456198221376,19.323831035964226,21.663638156420046,20.6845942849886,1.21,1.0,-1.2,-0.04
RTX,1993-10-19,2.315048089955026,2.36537504196167,2.315048089955026,2.36537504196167,4644965,19.345446479845197,18.660545522063753,19.3966327444632,21.622485474803334,20.69018848019354,1.2,3.0,-1.19,-0.04
RTX,1993-10-20,2.3653741222708957,2.395570721021341,2.3653741222708957,2.380472421646118,4787339,18.87654392077737,18.56124761310308,19.15621178610697,21.088271751561916,20.537925218084226,1.19,1.0,-1.15,0.02
RTX,1993-10-21,2.380473347207324,2.3955716524529778,2.34524421234931,2.36537504196167,2795369,18.822894081814216,18.61959610616478,19.185056025953738,21.014595178871502,20.55146062905156,1.18,2.0,-1.13,0.01
RTX,1993-10-22,2.400605350419891,2.5113250781845258,2.400605350419891,2.486161470413208,18301466,22.600620947434198,21.09887456621613,20.685112679590496,21.726886566527767,21.10806793923713,1.16,51.0,-0.73,1.12
RTX,1993-10-25,2.481127746811666,2.6019124689215154,2.466029443005507,2.5868141651153564,10634859,24.95517685233067,22.36582425606261,21.552523356725818,21.790759948971306,21.441128334638844,1.14,82.0,0.53,1.05
RTX,1993-10-26,2.5666846456991728,2.5666846456991728,2.5012593737780784,2.5264229774475098,11865381,25.955779882576017,22.320913448144207,21.824584519389383,21.99711937866582,21.584293229921474,1.11,85.0,0.69,0.99
RTX,1993-10-27,2.526422223211235,2.526422223211235,2.5062911510467525,2.506291151046753,5325057,25.79679524953952,22.098570132507636,21.878381031867566,21.372769951121622,21.530438287804106,1.09,86.0,0.69,0.96
RTX,1993-10-28,2.511324167251587,2.5364875218467917,2.506291398713139,2.511324167251587,4600473,25.717781294083466,21.72957846525783,21.86851168680294,21.371572455107756,21.526585232045736,1.07,86.0,0.67,0.96
RTX,1993-10-29,2.51635666377436,2.51635666377436,2.491193065410309,2.4962258338928223,3624191,25.76211084952389,21.658240358553588,21.903331013594002,21.37413421830754,21.53891223521078,1.05,88.0,0.59,0.95
RTX,1993-11-01,2.4911939967285863,2.4962267670925713,2.4811289440978297,2.486161470413208,3563174,25.694705118277344,21.680742397943735,21.8982994534162,21.189560716791302,21.54520192516241,1.04,88.0,0.51,0.96
RTX,1993-11-02,2.486161105858686,2.546553853273691,2.4811285802812444,2.541520595550537,7390757,25.53727097413007,21.961260698382862,22.132612092648372,21.317280610388362,21.643993159369796,1.02,90.0,0.51,0.8
RTX,1993-11-03,2.5515863788511326,2.556618904428574,2.521389761095059,2.541520595550537,5829723,25.53727097413007,21.96341058786806,22.129990170230187,21.310714961137148,21.623059014243484,1.0,90.0,0.47,0.81
RTX,1993-11-04,2.5314549973568616,2.5364875218467917,2.511324167251587,2.511324167251587,2649181,25.68307110326385,21.821236569571283,22.23336517241291,21.347671724746682,21.664010783613836,0.99,92.0,0.38,0.78
RTX,1993-11-05,2.486161470413208,2.5113250781845258,2.4509323219139203,2.486161470413208,2753419,25.944196565236016,21.852762577340947,22.31035911830996,21.271824055113704,21.69386478484194,0.98,93.0,0.28,0.75
RTX,1993-11-08,2.4811280165423133,2.511324139340362,2.4811280165423133,2.4962258338928223,2984778,25.755149956157886,21.726000165937855,22.1880987777197,21.217650043964735,21.684630563217723,0.96,92.0,0.17,0.84
RTX,1993-11-09,2.5012596458700473,2.5717174509507137,2.49622663173038,2.5465540885925293,3521224,26.13319748348181,22.07097726439486,22.37962721018612,21.3173284274658,21.742005994827114,0.94,95.0,0.1,0.71
RTX,1993-11-10,2.5364880699730956,2.5515863788511326,2.5163572355176176,2.541520595550537,3024185,25.886376014291614,22.079888750801807,22.301804041656837,21.27552387329496,21.744273177317687,0.93,94.0,0.0,0.78
RTX,1993-11-11,2.5415199612550285,2.5817818641662598,2.531454912612113,2.5817818641662598,4801322,25.80092379154059,22.268415191183443,22.41377784502092,21.280638199408962,21.71274953656707,0.92,97.0,-0.03,0.69
RTX,1993-11-12,2.576749339844802,2.6119784743860657,2.576749339844802,2.5817818641662598,7482283,25.76427228644846,22.126500694983193,22.25909537691542,21.278015751033717,21.709596056202628,0.91,94.0,-0.1,0.81
RTX,1993-11-15,2.569618098923945,2.6050957103606764,2.559481182077453,2.589891195297241,3861906,25.75880711565459,22.11435397641178,22.221002265862293,21.265465989521903,21.382567375911837,0.89,93.0,-0.16,0.81
RTX,1993-11-16,2.5848247290545343,2.665916919708252,2.5848247290545343,2.665916919708252,6582274,26.459563483693703,22.735135630942352,22.617471200882466,21.49436372726823,21.54058005102428,0.9,100.0,-0.05,0.63
RTX,1993-11-17,2.676053632518344,2.681121725066524,2.6355071717193543,2.660848617553711,10478502,26.495592009915704,22.751567639345,22.556483909337015,21.372029859430484,21.54364184714425,0.91,99.0,-0.02,0.65
RTX,1993-11-18,2.6355050573161907,2.650709568535876,2.605095051784151,2.620300054550171,5162343,26.49253017711814,23.016716019065527,22.7008281457946,21.464072310410927,21.607119115878252,0.93,100.0,-0.09,0.6
RTX,1993-11-19,2.5898916938686565,2.5898916938686565,2.4986628655132814,2.5493454933166504,8651787,27.950100923779793,23.7593764890069,23.15253029010773,21.67863874294724,21.800424440865292,0.96,100.0,-0.19,0.52
RTX,1993-11-22,2.549343678215584,2.549343678215584,2.5189341723394088,2.5341386795043945,2992405,28.037850863087087,23.77910317154853,22.834859046014536,21.697705413357305,21.809822211799798,0.98,99.0,-0.26,0.6
RTX,1993-11-23,2.534139549855071,2.534139549855071,2.5087981224060063,2.508798122406006,4698355,28.086655610009775,23.86725975680914,22.868698995226385,21.676719070854176,21.80257413860909,1.0,99.0,-0.33,0.59
RTX,1993-11-24,2.518935858453134,2.53414037579565,2.49359393119812,2.49359393119812,2572909,28.12982781935458,23.82504345583159,22.75598194032982,21.689987111466948,21.75937658113861,1.02,97.0,-0.4,0.63
RTX,1993-11-26,2.5037315173203223,2.5037315173203223,2.4834584125012644,2.4986634254455566,516107,27.42050678313027,23.700950810513195,22.586545405394983,21.42991357332197,21.722580008528144,1.03,94.0,-0.47,0.75
RTX,1993-11-29,2.5037314891815186,2.5240045937727325,2.5037314891815186,2.5037314891815186,2886895,27.420673446125264,23.672802431072977,22.581437643005557,21.362001074245775,21.722224728094112,1.04,93.0,-0.53,0.76
RTX,1993-11-30,2.4935931184726554,2.5240031263393568,2.4935931184726554,2.508798122406006,2508078,27.289006698356566,23.063810418068332,22.252006878975163,21.346025412884252,21.700048568657635,1.04,86.0,-0.59,0.94
RTX,1993-12-01,2.513867276383518,2.513867276383518,2.4885258406750372,2.49359393119812,4539455,26.661454135015944,23.096290897375287,22.278235415275226,21.365365383583207,21.70899781411759,1.05,87.0,-0.63,0.94
RTX,1993-12-02,2.493594462985671,2.5189363956451416,2.488526371381759,2.5189363956451416,1522898,26.739730678751773,22.94784807605171,22.264350203165407,21.313800628225064,21.72606295302272,1.06,86.0,-0.69,0.95
RTX,1993-12-03,2.518936438308417,2.518936438308417,2.5037314259191983,2.5138678550720215,3097914,26.652753382507644,22.880738983122807,22.26475478002197,21.305198657973385,21.72479620937584,1.06,86.0,-0.74,0.97
RTX,1993-12-06,2.513867918590461,2.5189365019549257,2.498663397363712,2.5037314891815186,4690728,22.513240384090917,22.426276964835683,22.219513861913093,21.28927646474355,21.678567108818868,1.06,80.0,-0.77,0.99
RTX,1993-12-07,2.5087995176089484,2.513867855072021,2.4935945052197295,2.5138678550720215,3406816,19.213802180366805,22.402416958420847,21.7294424836838,21.241114086640874,21.679829120913247,1.06,71.0,-0.82,1.08
RTX,1993-12-08,2.5037309562523244,2.5493454933166504,2.5037309562523244,2.5493454933166504,3676310,18.43581595871141,22.44714304285131,21.355616313523022,21.284474533033407,21.566215765545806,1.06,56.0,-0.95,1.09
RTX,1993-12-09,2.5493457592670192,2.5493457592670192,2.5240043198350515,2.5442776679992676,4170807,18.282293832223672,22.22086762023089,21.07874952739632,21.040035744251036,21.54857574377636,1.06,49.0,-1.02,1.3
RTX,1993-12-10,2.5341401701221153,2.5392082602338673,2.4935937288153784,2.524003744125366,4290300,18.440075860452964,22.274422251635077,20.640706997571193,20.936494642612942,21.451291796493095,1.06,41.0,-1.06,1.55
RTX,1993-12-13,2.5240045299981673,2.52907286746124,2.5037314259191983,2.5138678550720215,1901715,18.390576485204306,22.27095754855348,20.650496134388423,20.920518522351948,21.447148428310406,1.06,42.0,-1.1,1.55
RTX,1993-12-14,2.5087981224060063,2.5138664570504563,2.488525029601391,2.508798122406006,2936472,18.359053880036605,22.220966332131724,20.656441259956562,20.924049195640013,21.44910813455276,1.06,43.0,-1.13,1.55
RTX,1993-12-15,2.513867918590461,2.5240045937727325,2.5037314891815186,2.5037314891815186,4164451,17.171298070751636,21.872407807073444,20.662904731035166,20.898048250821937,21.381987907202586,1.06,44.0,-1.16,1.56
RTX,1993-12-16,2.5087981224060063,2.5138664570504563,2.503730033534742,2.508798122406006,2009767,17.186396045384676,21.86943709469368,20.59467430438106,20.89193270722655,21.347648922378397,1.06,41.0,-1.19,1.58
RTX,1993-12-17,2.498663397363712,2.513867918590461,2.493594568225918,2.5037314891815186,4742847,16.845568791181215,21.76970746485377,20.59568061090113,20.845212730703917,21.3294360283188,1.06,42.0,-1.22,1.6
RTX,1993-12-20,2.4986634254455566,2.5037315173203223,2.478390074853167,2.4986634254455566,2711470,16.59130808184414,21.76789991087382,20.601629151485728,20.780439711325034,21.33150824227295,1.06,43.0,-1.26,1.6
RTX,1993-12-21,2.49359393119812,2.49359393119812,2.483457750151954,2.49359393119812,5190310,16.56144033039528,21.708437717161893,20.566569875713036,20.75769537044793,21.300437680830886,1.06,40.0,-1.3,1.61
RTX,1993-12-22,2.493594568225918,2.5087995809993253,2.478390046999169,2.5037314891815186,3786905,15.50025913691222,21.708562962919036,20.071863462550283,20.66595656868807,21.30197850691679,1.07,28.0,-1.32,1.91
RTX,1993-12-23,2.50373138351345,2.5341409162301956,2.50373138351345,2.5189363956451416,2000869,15.611071519228382,21.46975303705748,19.86098083688915,20.461198953683095,21.28898158336013,1.07,18.0,-1.34,2.11
RTX,1993-12-27,2.513867855072021,2.513867855072021,2.498663334229448,2.5138678550720215,2616130,14.858140448809959,21.367165866346348,19.639743636720834,20.301233640589125,21.28801070117517,1.08,9.0,-1.35,2.24
RTX,1993-12-28,2.508799957114899,2.5746876183574567,2.508799957114899,2.5544145107269287,2476298,15.644187584054094,21.478182066971517,19.686777631158233,20.308440566271702,21.329847639812254,1.08,11.0,-1.37,2.2
RTX,1993-12-29,2.5442779727317704,2.549346064606536,2.4986634254455566,2.4986634254455566,2665706,16.816806578989045,22.03904809275755,20.022471944054733,20.48434474252425,21.40758376391241,1.08,29.0,-1.37,2.05
RTX,1993-12-30,2.498663397363712,2.5087995809993253,2.4885264764081114,2.5037314891815186,2569095,14.23856595809188,21.786248444635657,19.928482088702687,20.48402799914174,21.398505097445135,1.09,22.0,-1.38,2.17
RTX,1993-12-31,2.498663334229448,2.53414095915099,2.498663334229448,2.5138678550720215,1573746,14.349192611793832,21.791064099502208,19.933940779392152,20.486009983051037,21.352073962337915,1.09,25.0,-1.38,2.16
RTX,1994-01-03,2.508798341192901,2.51386667627935,2.417569538502861,2.432774543762207,4212757,16.49906772794417,22.64008329015051,20.416165163326973,20.81611151038043,21.586711430685607,1.09,45.0,-1.38,2.25
RTX,1994-01-04,2.382092637134605,2.4733217409090673,2.3516830997253555,2.4631853103637695,5426753,15.2541966429343,22.622609398479185,20.456240634912508,20.62179131586287,21.617257409821953,1.09,47.0,-1.37,2.16
RTX,1994-01-05,2.4682533094510104,2.518936438308417,2.4631849719879377,2.5138678550720215,8670855,16.397068288018907,22.950616541004894,20.607467240086155,20.61507326556017,21.660514962437862,1.09,54.0,-1.38,2.04
RTX,1994-01-06,2.5138664570504563,2.5290714609838068,2.498661944663478,2.508798122406006,2300872,16.143978222250023,22.86209592235123,20.61039358610256,20.525690354822355,21.63274487334217,1.09,55.0,-1.39,2.04
RTX,1994-01-07,2.508799046991368,2.5493454933166504,2.4986628655132814,2.5493454933166504,2361890,16.68345990374047,23.014411648179077,20.754527749383314,20.572626390274852,21.68087957854914,1.09,63.0,-1.4,1.89
RTX,1994-01-10,2.544277347581115,2.6253695011589815,2.5341404290023157,2.5949599742889404,5611077,17.394925505418698,22.78678755285681,20.923787341426415,20.64758450049617,21.743547421990012,1.09,67.0,-1.41,1.72
RTX,1994-01-11,2.5848238468170166,2.5848238468170166,2.544277642442468,2.5848238468170166,2421636,17.457283165145604,22.817413660782847,20.855490970152392,20.64270399189904,21.730866567612768,1.09,66.0,-1.41,1.76
RTX,1994-01-12,2.594958874819806,2.6456414800537034,2.594958874819806,2.620300054550171,5060647,17.832952928675137,22.8786447645964,20.94519529538529,20.691529405637223,21.717896768190055,1.09,67.0,-1.4,1.65
RTX,1994-01-13,2.6101649564988496,2.6101649564988496,2.5746866020464743,2.6000280380249023,1858494,17.901446529396647,22.516519996677538,20.9580538250836,20.71564613808131,21.733430955690746,1.09,67.0,-1.39,1.64
RTX,1994-01-14,2.5898916378861765,2.6203011647562175,2.584823547256684,2.5949599742889404,3198339,17.73152672112016,22.5055024087809,20.96310781416395,20.71581866423333,21.702681412755442,1.09,67.0,-1.38,1.65
RTX,1994-01-17,2.589890540564466,2.6304369688340183,2.5746855377984463,2.620300054550171,2471213,17.88409858448913,22.508731371288945,20.990600304291128,20.726046734612066,21.715126880216378,1.09,67.0,-1.37,1.62
RTX,1994-01-18,2.620300054550171,2.6304369688340183,2.605095051784151,2.620300054550171,2895794,17.815852860475072,20.154238661432082,20.973310115853888,20.598282366277036,21.70507968597779,1.09,66.0,-1.35,1.63
RTX,1994-01-19,2.630439343852056,2.655780792236328,2.6253707592471347,2.655780792236328,2670791,18.137489449855927,18.657938884617273,21.04434636496342,20.526947284437842,21.72853658458682,1.09,67.0,-1.31,1.54
RTX,1994-01-20,2.7115303694102706,2.772349917668808,2.645642730274591,2.6507108211517334,12898866,17.79189277282392,17.980304057892983,21.031104575352487,20.30365501086071,21.72131842216054,1.09,66.0,-1.28,1.54
RTX,1994-01-21,2.655779943735101,2.67605304681074,2.635506594886151,2.6405749320983887,4653863,17.829439690966257,17.91331807159427,20.985231757814304,20.309380047469155,21.727256243925765,1.08,64.0,-1.24,1.57
RTX,1994-01-24,2.6203011647562175,2.6355061739645094,2.5898916378861765,2.5949599742889404,3324188,18.452218451740016,18.2991720764039,21.112041559051324,20.431374815571147,21.804877450373446,1.08,68.0,-1.21,1.55
RTX,1994-01-25,2.584822547635274,2.605095148086548,2.5746856329766965,2.605095148086548,2665706,18.410421929456366,18.25985466253228,21.09826535741283,20.43322284350955,21.71450956994394,1.07,67.0,-1.18,1.55
RTX,1994-01-26,2.594960450649048,2.6456430866607477,2.594960450649048,2.6304385662078857,3437325,18.545123463145273,18.323769828706705,20.740649506615423,20.45197645890703,21.709277820937594,1.07,54.0,-1.13,1.65
RTX,1994-01-27,2.605095051784151,2.6304369688340183,2.5341393553020612,2.620300054550171,7210246,18.583791155164903,17.81247736420232,20.74171998217012,20.457356768949655,21.682572040401308,1.07,54.0,-1.08,1.67
RTX,1994-01-28,2.6456430587298474,2.6507111502361904,2.6203016181048766,2.6355066299438477,2850030,18.624668062175,17.84486523937416,20.615758244030026,20.46338057159804,21.5967602547835,1.07,47.0,-1.03,1.73
RTX,1994-01-31,2.64564290981325,2.752077003601881,2.6355064815978047,2.7318036556243896,7202619,21.058255392732555,19.058895697364893,21.26992466000948,20.835327392541085,21.72367472775258,1.07,68.0,-0.91,1.55
RTX,1994-02-01,2.7115305091657333,2.7115305091657333,2.676052888104048,2.7013940811157227,5044122,21.409550994439247,19.089159390587923,21.06678621641534,20.884595000276683,21.38067700898148,1.06,64.0,-0.85,1.74
RTX,1994-02-02,2.7013940811157227,2.7115305091657333,2.6811209792424053,2.7013940811157227,2363161,21.37944465713266,19.083103302623055,21.047254853744224,20.881547003856717,21.317453411394872,1.06,63.0,-0.79,1.74
RTX,1994-02-03,2.7165990440398047,2.7165990440398047,2.6811214171831197,2.706462860107422,2369517,21.376479913163426,18.684152083595343,20.98215168350083,20.712467412924667,21.271288478182388,1.05,58.0,-0.72,1.78
RTX,1994-02-04,2.7115291882905583,2.7115291882905583,2.605095148086548,2.605095148086548,3330544,24.38601683845092,20.331652046226633,21.761309104731748,21.22190001407839,21.349441895894895,1.05,71.0,-0.67,1.91
RTX,1994-02-07,2.600026963301979,2.6304369688340183,2.5594805350324266,2.620300054550171,3790718,24.40418467000563,20.11342531997849,21.75630808941542,21.225331093763387,21.35370050351493,1.05,70.0,-0.6,1.9
RTX,1994-02-08,2.635507436910199,2.6659169783526138,2.6253707592471347,2.655780792236328,3563174,24.282311845156205,20.29443388567046,21.823783220746023,20.930928651526287,20.915043766194238,1.05,71.0,-0.54,1.82
RTX,1994-02-09,2.655780792236328,2.6811219948472105,2.6405757757417314,2.655780792236328,4164451,23.25791272067067,20.28701932428972,21.787750342107397,20.851655298830256,20.915043766194238,1.05,70.0,-0.46,1.84
RTX,1994-02-10,2.6557800071003936,2.6659161902200905,2.6203016457682393,2.6304385662078857,2635198,23.500525044888604,19.495085501721302,21.6437645606086,20.756996102991327,20.932860856359298,1.05,66.0,-0.36,1.93
RTX,1994-02-11,2.6152332019186058,2.6507108211517334,2.6152332019186058,2.6507108211517334,2625028,23.556302657279907,19.55859235175601,21.664148769796892,20.636334547847152,20.802580580842438,1.04,66.0,-0.26,1.9
RTX,1994-02-14,2.6963260339836794,2.7419405753864354,2.691257451216006,2.7318036556243896,5500482,22.574019220067836,20.249098632954382,22.063351374102062,20.91354878217433,20.992558864940484,1.05,76.0,-0.18,1.68
RTX,1994-02-15,2.731802683434326,2.7774172086038496,2.7013931638367854,2.7723491191864014,5758536,22.659887917043445,19.579037016298194,22.144437566469712,20.972694411583607,21.027211292908348,1.05,78.0,-0.08,1.6
RTX,1994-02-16,2.777419097915017,2.88892131909175,2.77235100505005,2.8787851333618164,11361986,24.249387002942914,20.87728713802126,22.801124013992514,21.40554067011167,21.30986709501829,1.05,97.0,0.22,1.41
RTX,1994-02-17,2.878784764025334,2.919330976383434,2.843306398108637,2.863579750061035,16694670,24.34456737145633,20.781381900392553,22.83211434299222,21.361912910224802,21.234164010023438,1.05,97.0,0.36,1.39
RTX,1994-02-18,2.8686457033931876,2.8686457033931876,2.797689761785092,2.823031187057495,8630177,24.668784973647476,20.987323160959644,22.85121500594919,21.444403185351035,21.25580859484989,1.05,98.0,0.42,1.42
RTX,1994-02-22,2.8128965179564527,2.8331698674312005,2.802759843219079,2.807828426361084,3708090,24.410431167462594,21.043060604939278,22.81361118453647,21.455334737956107,21.2631092375957,1.05,95.0,0.42,1.45
RTX,1994-02-23,2.821092225322864,2.8261939612171854,2.7394696460122088,2.7547736167907715,4287758,25.14793887905379,21.47942288769076,23.01777630711583,21.594200512323898,21.330827166111444,1.06,99.0,0.42,1.37
RTX,1994-02-24,2.749672351856265,2.7547738407845137,2.72926664352417,2.72926664352417,4492421,25.114299622388224,21.594820842805536,23.087300671643877,21.619412637400135,21.32067980383215,1.06,99.0,0.42,1.34
RTX,1994-02-25,2.7241655242838894,2.7241655242838894,2.693557084101968,2.7139627933502197,4923358,25.054236630334163,21.588277659534093,22.97811872128561,21.6349989016061,21.329727342211257,1.07,97.0,0.45,1.44
RTX,1994-02-28,2.7445702417618345,2.785381892891664,2.7343670197533494,2.7751786708831787,6873378,25.746580174737883,21.93993644576126,23.209412616047636,21.772191329731648,21.41924061520374,1.07,100.0,0.46,1.28
RTX,1994-03-01,2.7598736286163326,2.770076351888783,2.7445691726365684,2.759873628616333,4276317,25.740931454294824,21.97657776885252,23.07506650831521,21.784797958315558,21.42685674894976,1.08,97.0,0.42,1.34
RTX,1994-03-02,2.7241652223731805,2.729266463584205,2.6782523198077697,2.693556785583496,6579731,26.82536547933686,22.581921407388947,23.376238318911703,21.996982208013733,21.488508321775974,1.09,100.0,0.46,1.27
RTX,1994-03-03,2.698657751083374,2.7088604798439353,2.678252046181393,2.698657751083374,6980159,26.564094217014983,22.57474402889419,23.368457466181063,21.924226735361362,21.484324651217708,1.1,99.0,0.47,1.27
RTX,1994-03-04,2.6986562994587273,2.764974866562195,2.6986562994587273,2.759873628616333,5454719,27.296130400869178,22.84337001733954,23.53911191054564,22.06631431455485,21.53643310974426,1.1,100.0,0.37,1.15
RTX,1994-03-07,2.7649762100729762,2.8057878651354686,2.7649762100729762,2.8006858825683594,5131834,27.51741579419385,22.99507149803849,23.6029740722742,22.073325640739146,21.57602574768797,1.11,100.0,0.17,1.08
RTX,1994-03-08,2.790482759475708,2.8057872193695625,2.790482759475708,2.790482759475708,3049609,26.95796462074481,22.93469505541478,23.353866744128098,22.080773292156426,21.535115473903343,1.11,96.0,0.07,1.24
RTX,1994-03-09,2.7904842280038156,2.795585469938905,2.7751797600557886,2.7853829860687256,2196634,26.981798240910766,22.915814236707472,23.36108400738787,21.993421245734158,21.5337238619198,1.11,96.0,-0.06,1.24
RTX,1994-03-10,2.7853819744807398,2.7955844546456086,2.7394690820730263,2.7649760246276855,2893251,27.02470109335526,22.978876056551016,23.36906946752163,21.99655593899681,21.366559320819427,1.1,97.0,-0.26,1.24
RTX,1994-03-11,2.775179486576446,2.846599340438843,2.764976756330773,2.8465993404388428,5647942,28.10551457138982,23.643384082530414,23.513399568140304,22.23065426407831,21.494457859567593,1.09,98.0,-0.33,1.2
RTX,1994-03-14,2.856802565446306,2.8619038068786953,2.841498099006454,2.8465993404388428,4985646,28.10142557398607,23.647442599752292,23.504022858323893,22.195758599337793,21.483659361493903,1.08,97.0,-0.4,1.21
RTX,1994-03-15,2.841497263820521,2.841497263820521,2.7700774309501695,2.7751786708831787,2368246,27.39276142754541,24.29858980561081,23.863895662522882,22.41165191271981,21.653714105258178,1.07,100.0,-0.56,1.09
RTX,1994-03-16,2.785381892891664,2.8057875947661675,2.7751786708831787,2.7751786708831787,5992437,27.167812246972755,24.288808871054655,22.578052392970132,22.40092870696901,21.602112999979457,1.07,73.0,-0.64,0.79
RTX,1994-03-17,2.7802800335939275,2.8006852379766998,2.775178299581854,2.790482759475708,3333086,27.1987505602945,24.28777855164066,21.726993235241427,22.210392174269746,21.596005955293666,1.07,44.0,-0.74,0.78
RTX,1994-03-18,2.795585469938905,2.795585469938905,2.7751797600557886,2.7853829860687256,6594986,27.21054743599249,24.295145682112956,21.377121534863754,22.190018472315877,21.57976271813861,1.07,42.0,-0.83,0.91
RTX,1994-03-21,2.7904842280038156,2.795585469938905,2.7853829860687256,2.7853829860687256,2720368,24.560346293478112,24.281293724083163,21.32928328483024,22.10897871515078,21.545497981241475,1.07,41.0,-0.9,0.94
RTX,1994-03-22,2.7853819744807398,2.790483214563174,2.7649760246276855,2.7649760246276855,1608068,24.689476448801067,24.340532595840692,21.370378116087785,22.035834656851836,21.559930963622524,1.07,43.0,-0.96,0.92
RTX,1994-03-23,2.7700774309501695,2.785381892891664,2.7496714816948438,2.7751786708831787,2125446,24.449827136603364,24.159214978921025,21.34509100814932,22.034018570852147,21.38402436927193,1.07,42.0,-1.02,0.93
RTX,1994-03-24,2.764975943636338,2.785381892891664,2.764975943636338,2.7751786708831787,3025456,24.449827136603364,23.662585421587917,21.330152872545593,21.84636010439521,21.291086379528434,1.07,42.0,-1.07,0.94
RTX,1994-03-25,2.7853828994095555,2.790484141185935,2.7037595676547266,2.7139627933502197,3663598,25.21527543466681,24.17038125045923,21.384012491567447,22.021655452239614,21.405199545577386,1.07,47.0,-1.09,0.94
RTX,1994-03-28,2.724164944056065,2.724164944056065,2.6323391483067207,2.698657751083374,4492421,25.20648920893182,24.205829833547217,21.40726418696392,22.003131433284114,21.41649635939646,1.07,48.0,-1.11,0.93
RTX,1994-03-29,2.6935559780958496,2.6935559780958496,2.642541354851064,2.6476430892944336,3022914,24.211633582592377,23.538002783992074,21.543226129689806,22.128799635598025,21.494410259260906,1.07,49.0,-1.1,0.87
RTX,1994-03-30,2.6425399843588124,2.647641716156287,2.5507142543792725,2.5507142543792725,5861503,25.90257937323678,24.72024546400152,22.30428447554137,22.55745373875112,21.836090515894146,1.07,69.0,-1.09,0.9
RTX,1994-03-31,2.5507162822096925,2.555817523301312,2.4792961857373568,2.535412311553955,7756862,22.894125563501532,24.40768809233824,22.317991777051553,22.31556910473678,21.815579483872487,1.07,69.0,-1.08,0.89
RTX,1994-04-04,2.4997002263428127,2.5405116081237793,2.47929428807164,2.5405116081237793,8539922,22.962472027767305,24.406415345052963,22.093290914726946,22.08234942707243,21.76575196145441,1.07,59.0,-1.08,1.01
RTX,1994-04-05,2.5711224475572454,2.6935572032231936,2.560919963553287,2.6731514930725098,6934396,27.704794009324978,26.340685173897306,23.522224552761205,22.69887950753097,22.307058648743165,1.08,97.0,-1.08,1.49
RTX,1994-04-06,2.683353660692482,2.6884549020929933,2.6119338072763916,2.6272382736206055,4444115,28.05215605918841,26.357361184341755,23.563079296003757,22.544622050063047,22.32138488877187,1.09,98.0,-1.08,1.49
RTX,1994-04-07,2.6272374418018334,2.6629471098228232,2.6068314931370136,2.6425414085388184,2996218,27.677116049808426,26.36775721700782,23.58001568298367,22.548344679050196,22.189195980769316,1.11,98.0,-1.08,1.48
RTX,1994-04-08,2.6476431430858383,2.703758512390833,2.6374399213726134,2.6425414085388184,3203424,27.57705836065169,26.22247776568963,23.57544128151119,22.548344679050196,22.079235746563352,1.12,97.0,-1.08,1.48
RTX,1994-04-11,2.6578463307133737,2.6578463307133737,2.606831944970795,2.617034673690796,2959354,27.66063466250996,26.250346222688986,23.171204357475066,22.58366516297616,22.061197738982592,1.13,85.0,-1.07,1.69
RTX,1994-04-12,2.6374396933810678,2.6425411801062784,2.5966282943409693,2.6119327545166016,2819522,26.74684258481302,26.25034712803383,23.171297066311265,22.554219060349926,22.05459801844366,1.13,85.0,-1.07,1.69
RTX,1994-04-13,2.6170336851921907,2.627236904819976,2.5864252632126568,2.6221349239349365,4150468,26.778918132211725,26.18637551678592,23.05169835799783,22.552835127966368,22.055874051104155,1.14,80.0,-1.07,1.75
RTX,1994-04-14,2.6017302533516236,2.6527443828712283,2.5915270316383987,2.6425414085388184,5339040,26.028055487582098,26.23437891981923,22.658319203007128,22.56655153124165,22.0653032472785,1.13,71.0,-1.06,1.92
RTX,1994-04-15,2.6731506682880766,2.7088603408076173,2.642541741434866,2.6884543895721436,7608132,26.532044953567897,26.32743203447136,22.792096439310452,22.627231383671212,22.080170986565857,1.13,73.0,-1.06,1.8
RTX,1994-04-18,2.673149445023222,2.673149445023222,2.622134590279539,2.632337808609009,7761947,26.31450478770937,26.684355613416184,22.989916847670035,22.52768357240496,22.034785820304258,1.13,79.0,-1.04,1.69
RTX,1994-04-19,2.6119340875850536,2.642542528796544,2.581325646373563,2.5966296195983887,8012374,26.073839872553528,26.81845313954637,23.076284138724187,22.47900318713409,22.000874530236025,1.14,82.0,-1.01,1.64
RTX,1994-04-20,2.5966292402422715,2.6017309762067384,2.504803435261307,2.53031063079834,5379718,26.938529111977168,27.10345857038704,23.448356833585855,22.593822268701285,22.10211954488989,1.15,91.0,-1.01,1.47
RTX,1994-04-21,2.5405122610586837,2.6068308353424072,2.5354110225605146,2.6068308353424072,3387748,28.592985158265027,27.790532510568905,23.91528909367915,22.806728142065477,22.26993783284686,1.16,100.0,-0.98,1.26
RTX,1994-04-22,2.606831722749943,2.611933210365493,2.5864260196685787,2.586426019668579,3513597,28.60125182446697,27.76230391801332,23.94967659142509,22.825417525951806,22.279493935560808,1.18,100.0,-0.96,1.25
RTX,1994-04-25,2.5762236622828354,2.6017313563081967,2.5762236622828354,2.5966296195983887,2222058,27.097370937407767,27.76535150311716,23.934496089961538,22.78129736907262,22.272524806509388,1.2,99.0,-0.94,1.25
RTX,1994-04-26,2.6017313563081967,2.6017313563081967,2.586426888321532,2.5966296195983887,3372494,27.097370937407767,27.737807273933672,23.883882706000602,22.78072160835956,22.272382382648356,1.22,97.0,-0.91,1.29
RTX,1994-04-28,2.5966287475188428,2.5966287475188428,2.5813247794338654,2.586426019668579,3066134,26.26035236937718,26.7033704839425,23.890583647022854,22.67906955835367,22.275127957898988,1.23,97.0,-0.89,1.29
RTX,1994-04-29,2.5864256476159766,2.606831347762018,2.581324408115067,2.6017301082611084,4153010,26.361661038485916,26.651966836340357,23.896888626842312,22.662422551684124,22.276718520536242,1.25,97.0,-0.86,1.28
RTX,1994-05-02,2.5966271193690424,2.5966271193690424,2.5507142543792725,2.5507142543792725,3756396,26.74083967972003,26.93953458334823,24.102895156709632,22.743883766445666,22.36538371945116,1.27,100.0,-0.85,1.18
RTX,1994-05-03,2.5660209030055374,2.6272382736206055,2.5558176780618354,2.6272382736206055,5205564,28.35829912923693,27.651869767944515,24.454353978787285,23.003221081267284,22.466273842729503,1.29,100.0,-0.83,1.06
RTX,1994-05-04,2.622134923934937,2.627236904819976,2.591526501955403,2.6221349239349365,1906800,28.352289083218146,26.516890202196404,24.454246536788844,23.00441971909814,22.386568606988646,1.31,99.0,-0.81,1.06
RTX,1994-05-05,2.642541354851064,2.662947055720492,2.6374398677885047,2.6476430892944336,3102999,28.50293362486671,26.564176441078878,24.4625363105679,23.027414605029385,22.249157408412792,1.33,100.0,-0.78,1.04
RTX,1994-05-06,2.6323389134468576,2.6323389134468576,2.5609190763525014,2.586426019668579,6878463,29.152450015545035,26.849212126454198,24.744877484607343,23.1639086673674,22.379728422438262,1.35,100.0,-0.75,0.93
RTX,1994-05-09,2.5915263777056423,2.627236778858094,2.5915263777056423,2.6068308353424072,8121697,29.296059385154166,26.902970546288525,24.7711360919592,23.1777116305894,22.38990908888781,1.37,100.0,-0.72,0.91
RTX,1994-05-10,2.6323395150211164,2.6323395150211164,2.5915278521507736,2.6272382736206055,4718694,28.78538494200611,26.8828159203661,24.795903626336877,23.17774919268894,22.399851751086448,1.38,100.0,-0.68,0.89
RTX,1994-05-11,2.6170339938610185,2.6221352332054355,2.6017300284469735,2.6119327545166016,3837753,28.788023110392963,26.86024709269157,24.814890764513926,23.189939367385584,22.407697143664205,1.4,100.0,-0.64,0.88
RTX,1994-05-12,2.6119338072763916,2.6323395150211164,2.6119338072763916,2.6272382736206055,1730103,28.336970657434833,26.1383964803777,24.82673350325205,23.18783261752197,22.409650751598416,1.42,100.0,-0.6,0.87
RTX,1994-05-13,2.6272372146922334,2.6323384540366503,2.606831267791391,2.6119327545166016,4562337,26.146114302209284,25.96070362593214,24.843932704598966,23.193150782894314,22.419843534898806,1.43,100.0,-0.56,0.86
RTX,1994-05-16,2.6252901554107666,2.63556512665263,2.6150149350364145,2.6252901554107666,1774595,26.09307406900757,24.716996818512367,24.851647923067926,23.191577503931715,22.400414598898237,1.44,100.0,-0.52,0.85
RTX,1994-05-17,2.625289205643157,2.6407015323638916,2.620151846447045,2.6407015323638916,1838155,26.12769125903929,24.750151204835603,24.859798687676008,23.19181384840514,22.40325297795881,1.45,100.0,-0.47,0.84
RTX,1994-05-18,2.635565731119603,2.6509785652160645,2.6201533952882334,2.6509785652160645,3553004,21.518190538227557,24.624913266920725,24.84991312814601,23.16715547623026,22.40183470340244,1.45,98.0,-0.43,0.85
RTX,1994-05-19,2.6509785652160645,2.6766663729109545,2.6458412029831235,2.6509785652160645,2548756,20.902556999628967,24.609015341361705,24.846760150920897,23.12115503350328,22.284889286889076,1.44,97.0,-0.38,0.85
RTX,1994-05-20,2.661254930771258,2.661254930771258,2.6304297447204594,2.630429744720459,3635632,20.962367915943695,24.361460221883014,24.756515990806776,23.135362114743423,22.293056519208235,1.43,91.0,-0.34,0.91
RTX,1994-05-23,2.6252919838496296,2.630429597615003,2.615016756318883,2.620154619216919,3357239,20.990556785299667,24.305816300599965,24.505609130916547,22.950622794592242,22.295855822208555,1.42,89.0,-0.29,1.02
RTX,1994-05-24,2.6150169025623837,2.6561173167185657,2.6150169025623837,2.630429744720459,3139864,20.830121540375696,24.301557849359416,24.510482793264188,22.94305905083173,22.07024116951228,1.41,89.0,-0.24,1.01
RTX,1994-05-25,2.6355659404578917,2.666391611099243,2.630428577816899,2.666391611099243,2345364,21.176109198273068,24.015584774445323,24.59225117323985,22.929793292599772,22.04987709729046,1.4,89.0,-0.18,0.96
RTX,1994-05-26,2.686942385647621,2.753730618023339,2.686942385647621,2.692080497741699,5054291,21.314825222007975,24.084574607701352,24.042096820908426,22.920628260588643,21.974072738872103,1.38,82.0,-0.34,1.06
RTX,1994-05-27,2.6972166729965372,2.707491397857666,2.686941200737741,2.707491397857666,2490281,21.265712609451697,23.592635975498062,23.984540229277957,22.761264389034753,21.890719089490965,1.37,81.0,-0.44,1.1
RTX,1994-05-31,2.7074940435538077,2.7383197430546393,2.702356676103135,2.7280445098876953,5422939,20.796773533050082,23.639750564728015,23.806082617907514,22.76654395686355,21.89743853600674,1.36,73.0,-0.47,1.2
RTX,1994-06-01,2.722904880224277,2.7691428970255423,2.712630152919174,2.753730058670044,3495800,19.904852904669976,23.263265897967813,23.840179645381234,22.759087589454456,21.91304969966241,1.35,73.0,-0.54,1.17
RTX,1994-06-02,2.7691423708909055,2.7691423708909055,2.712629637521908,2.7177670001983643,4564879,19.87147424292367,23.210286296039314,23.81967429215806,22.736340433125303,21.958377832318003,1.33,72.0,-0.54,1.21
RTX,1994-06-03,2.6920793866155925,2.712629584316048,2.6766665514908285,2.697216749191284,3507241,18.328074382523184,23.247138571571142,23.695973568210423,22.750075976227663,21.93796351366028,1.32,70.0,-0.53,1.3
RTX,1994-06-06,2.7074915554633803,2.722904391049937,2.6920794672745343,2.7023541927337646,2059344,16.34528950585873,23.251062578131616,23.687093125515148,22.742044920116815,21.937936490089402,1.31,69.0,-0.52,1.3
RTX,1994-06-07,2.697216749191284,2.7023541117669763,2.6818039140665206,2.697216749191284,1719934,16.14846152830771,23.20928073707335,23.595145526059564,22.72729972231005,21.937265542380697,1.3,67.0,-0.52,1.38
RTX,1994-06-08,2.712629507685898,2.717766870116462,2.6972166729965372,2.707491397857666,1341116,16.14666189124672,22.40061895467065,23.566055712694016,22.621762868066433,21.93863735426753,1.28,64.0,-0.52,1.39
RTX,1994-06-09,2.702354192733765,2.7074915554633803,2.6869413571472083,2.7023541927337646,1450439,16.170270977705854,22.400976494303535,23.5659249946295,22.624080679827767,21.932993453282563,1.27,63.0,-0.51,1.39
RTX,1994-06-10,2.7229068933042235,2.753732094539457,2.712632158402878,2.7280445098876953,1458066,16.257062802727525,21.903563118097146,23.563384876577324,22.61477662541331,21.94904295963223,1.25,62.0,-0.52,1.39
RTX,1994-06-13,2.7280445098876953,2.743457359638111,2.7229068933042235,2.7280445098876953,1174589,16.216926151536608,21.903563118097146,23.563384876577324,22.611629808191516,21.94612622450982,1.24,61.5,-0.54,1.39
RTX,1994-06-14,2.73317921821265,2.8051050198935763,2.728041358431677,2.7742793560028076,3001303,15.476346076197098,22.152259339450193,23.61664859918968,22.667673697740348,21.999763011083605,1.22,68.0,-0.6,1.36
RTX,1994-06-15,2.7588676173127125,2.7640049799366104,2.733179807662964,2.733179807662964,985180,14.101989828622319,22.357632408883877,23.739621824320263,22.747932047050362,22.057615934510725,1.21,70.0,-0.63,1.29
RTX,1994-06-16,2.7331803244375017,2.7691428661346436,2.728042462577035,2.7691428661346436,2264007,14.46701014791108,22.525382170122597,23.816157203739216,22.703840577503303,22.036991899955332,1.19,71.0,-0.68,1.23
RTX,1994-06-17,2.7742810024973545,2.7999690709851484,2.733180840314861,2.7383182048797607,4768271,14.743579754105468,22.59187381809473,23.717269724254972,22.719310714909593,22.07049347690565,1.18,68.0,-0.67,1.27
RTX,1994-06-20,2.6715293054426663,2.722904682159424,2.6715293054426663,2.722904682159424,2766131,12.969784969563886,22.60494796605016,23.731228583407894,22.701619527014806,22.04236385324817,1.16,68.0,-0.66,1.27
RTX,1994-06-21,2.7331794074699154,2.7331794074699154,2.681803546560323,2.686940908432007,2571638,13.535744250822848,22.76067824000356,23.783780731180972,22.764368971716475,22.087732745280935,1.14,69.0,-0.64,1.27
RTX,1994-06-22,2.6920793105659726,2.712629507685898,2.6818038383071765,2.707491397857666,2082226,13.528049310565487,22.36105785326769,23.8035403824265,22.69188148982184,22.02989643119174,1.11,69.0,-0.63,1.24
RTX,1994-06-23,2.697217496376864,2.702354860375713,2.6766672929835726,2.681804656982422,1616966,13.731048937303827,22.416694919353525,23.83830531567038,22.725176801460716,22.041155327228836,1.08,72.0,-0.61,1.23
RTX,1994-06-24,2.6715281488303737,2.6715281488303737,2.6150149350364145,2.6252901554107666,2796640,15.066884060488714,22.501189088371333,23.381714941032946,22.795107999863298,22.145181253916956,1.07,46.0,-0.61,1.32
RTX,1994-06-27,2.6150149350364145,2.63556512665263,2.6098773248492386,2.6252901554107666,2052988,14.965653297843112,21.127003985290987,23.31758317199239,22.747418999969174,22.123268531620916,1.04,40.0,-0.63,1.35
RTX,1994-06-28,2.630428762110211,2.645841598510742,2.60987831357617,2.645841598510742,2210617,15.06295988075464,21.135238388963973,23.352846090138275,22.760030335080558,22.127955805419735,1.02,40.0,-0.63,1.32
RTX,1994-06-29,2.6407025343521635,2.6766658062976445,2.6407025343521635,2.661252975463867,1802562,15.061502797810514,21.15953113922318,23.370114493804152,22.73893059074933,22.126927695918756,0.99,44.0,-0.63,1.3
RTX,1994-06-30,2.650976998153312,2.6561143573494244,2.6150139889861355,2.6407015323638916,2065700,15.195089156946667,18.468757104318364,22.597010630543117,22.75321503546327,22.009676526324935,0.98,21.0,-0.61,1.36
RTX,1994-07-01,2.6561153651859413,2.6663908348742864,2.645840642895076,2.661252975463867,1705950,15.36598864940973,18.188741438000587,22.61146410554534,22.599048753097193,22.005497795228983,0.97,21.0,-0.59,1.34
RTX,1994-07-05,2.6458396215040443,2.6561143398284917,2.6304267966201818,2.656114339828491,2164854,15.196913573830567,18.156217675919038,22.512883385141997,22.60066679469121,21.953256966028757,0.96,18.0,-0.59,1.44
RTX,1994-07-06,2.6509793976785447,2.7023547800687138,2.6509793976785447,2.6766672134399414,3275882,15.288315802662305,18.22326753587708,22.546101728853035,22.599054168952378,21.88772440650416,0.95,18.0,-0.59,1.4
RTX,1994-07-07,2.681803167443077,2.6920786371314223,2.661252975463867,2.661252975463867,2730538,15.369637584777141,18.149693381991565,22.51259101414258,22.447767923238672,21.894741496602865,0.94,16.0,-0.57,1.42
RTX,1994-07-08,2.6561163245125963,2.6561163245125963,2.6407034881120652,2.645841598510742,2947913,14.945037120449346,18.187106795759572,22.499083022025467,22.4503912101831,21.76329728566506,0.93,15.0,-0.57,1.45
RTX,1994-07-11,2.6663917979122003,2.6663917979122003,2.6407034881120652,2.645841598510742,1549593,14.651599306047977,18.170925114419653,21.973502807355374,22.43528091526901,21.760079177634907,0.93,10.0,-0.56,1.7
RTX,1994-07-12,2.6407025343521635,2.6715281960197186,2.6355651732067313,2.661252975463867,1826714,14.65534210192842,18.14052325443388,21.863273535216994,21.668346227821118,21.73982136744978,0.93,10.0,-0.5,1.8
RTX,1994-07-13,2.661252975463867,2.681803167443077,2.6561153651859413,2.661252975463867,2247482,14.452991261594262,17.786715956721146,20.9935678981121,21.15756132880148,21.736643428563173,0.96,1.0,-0.58,1.99
RTX,1994-07-14,2.6715289921822802,2.7537295354638327,2.6612537685642312,2.7177670001983643,3673768,15.521196851813757,17.764285627018168,21.263398043622455,21.11039916052561,21.808486757684534,0.98,2.0,-0.66,1.78
RTX,1994-07-15,2.712630544672752,2.7537304563592024,2.7074924328803185,2.7485930919647217,4066569,15.397295707814914,17.648199349819905,21.229849109157136,21.125564058686944,21.643656325464306,1.0,2.0,-0.65,1.77
RTX,1994-07-18,2.743455410003662,2.7537301376032803,2.7331804332714214,2.743455410003662,1756798,15.228469505252868,16.753051888538813,21.21551859179075,21.126686222483137,21.47397262797962,1.03,2.0,-0.63,1.78
RTX,1994-07-19,2.7434535441906323,2.7845539214326176,2.722903106437187,2.779416561126709,4319538,15.648500968143345,15.865899718579513,21.101398816030155,21.164135380752004,21.386973889063245,1.05,2.0,-0.64,1.81
RTX,1994-07-20,2.7742825608733446,2.7742825608733446,2.7280445098876953,2.7280445098876953,2490281,16.63492748679328,16.274440586430927,21.259018040518768,21.279560364632864,21.278342159099285,1.07,5.0,-0.64,1.72
RTX,1994-07-21,2.5790527938006695,2.594464879251559,2.537952155337282,2.568777322769165,18232822,24.13033605874148,20.5108194531112,23.29124521305345,22.30697007810444,22.13414441271293,1.07,37.0,-0.68,3.1
RTX,1994-07-22,2.5790527938006695,2.5841901556176325,2.5585023500027124,2.568777322769165,8750941,24.135614228961195,20.5108194531112,23.0014533789081,22.30697007810444,22.13414441271293,1.07,31.0,-0.66,3.33
RTX,1994-07-25,2.56877692844614,2.5841897589286438,2.5636395674177934,2.5739142894744873,3788176,23.93202860811795,20.500441474266562,22.992862466436513,22.262241453182206,22.13395284383116,1.07,31.0,-0.65,3.35
RTX,1994-07-26,2.5687790416657124,2.5739164069203397,2.5328164883525504,2.5379538536071777,7761947,24.179122069893445,20.65949515107672,22.781343099934485,22.29306445197425,22.161229860023628,1.07,29.0,-0.67,3.53
RTX,1994-07-27,2.537952742052162,2.5585029414683147,2.5276772686452103,2.5430901050567627,5913622,23.529193015353172,20.26502393386997,22.78171298329084,22.2893400464897,22.158100990909134,1.07,30.0,-0.69,3.53
RTX,1994-07-28,2.543089359616652,2.54822697024788,2.4814385303069377,2.4917140007019043,6019132,23.824550694218097,19.726904975130463,22.69449854750985,22.294825284149532,22.257478411797667,1.07,29.0,-0.57,3.55
RTX,1994-07-29,2.4660269449971635,2.4865771425494456,2.4557514725221807,2.476301670074463,9839088,23.3388109552402,19.755997731695764,22.568503426791807,22.305387510863365,22.2552962129583,1.07,25.0,-0.41,3.67
RTX,1994-08-01,2.5174025542808005,2.5790534019470215,2.512264942119851,2.5790534019470215,9919174,26.518515103119594,21.418139211285272,23.523387711517636,22.74589242851704,22.42820452571513,1.07,52.0,-0.39,3.31
RTX,1994-08-02,2.620154205171628,2.640703909587803,2.5893285274505615,2.5893285274505615,7756862,26.550108845831762,20.893264192199794,23.534895716492628,22.75077179208733,22.346514540969952,1.07,52.0,-0.35,3.3
RTX,1994-08-03,2.5841901556176325,2.5841901556176325,2.548227128103734,2.568777322769165,4510218,26.391941763658373,20.89138625136145,23.53950453922401,22.767268625852054,22.288010647037957,1.07,52.0,-0.32,3.29
RTX,1994-08-04,2.563640553605499,2.563640553605499,2.5430901050567627,2.5430901050567627,4634795,26.358286361786853,20.918089135401782,23.09280507347207,22.53480076696085,22.27616770841874,1.07,39.0,-0.44,3.6
RTX,1994-08-05,2.5225406483307493,2.543090853797324,2.5225406483307493,2.5276780128479004,4754288,26.292447116123892,20.920699801953766,23.105409069524722,22.54449620409918,22.282189256209392,1.07,40.0,-0.61,3.58
RTX,1994-08-08,2.532817405014499,2.543092139242323,2.517404556274414,2.517404556274414,4310639,25.658575549589063,20.89002569630331,22.782051616924566,22.477736382992166,22.250338749472316,1.07,33.0,-0.6,3.89
RTX,1994-08-09,2.5174022805034895,2.5174022805034895,2.481438999287992,2.507126808166504,8771280,25.666590269235428,20.874727794731264,22.786851487272088,22.24810797712854,22.25400000777154,1.07,33.0,-0.59,3.88
RTX,1994-08-10,2.507126106339259,2.573914291074153,2.507126106339259,2.558501958847046,7933559,26.308258410243766,21.28234896335818,23.014196444246792,22.366977442801435,22.263060010202835,1.06,37.0,-0.6,3.66
RTX,1994-08-11,2.563641676411085,2.563641676411085,2.5328164883525504,2.5379538536071777,3577157,26.298077205721526,21.29797857630767,23.042088583682848,22.35557827479307,22.261326175851085,1.04,37.0,-0.63,3.63
RTX,1994-08-12,2.537952742052162,2.553365578463714,2.5276772686452103,2.5430901050567627,1656374,26.25130345827457,21.284415960501185,23.046400944926727,22.34478545650438,22.227102558370238,1.03,37.0,-0.65,3.62
RTX,1994-08-15,2.5638070695566446,2.605242538793937,2.5586278556688304,2.579345464706421,2644096,26.50659582502561,21.500695840604564,23.14605093157598,22.405438169038305,22.27002619312031,1.01,41.0,-0.63,3.53
RTX,1994-08-16,2.5793465946927197,2.600064463968715,2.568987660054722,2.5845260620117188,2419094,26.51967767964088,21.45178469635582,23.139507485403715,22.405415305638023,22.269933337504487,0.99,40.0,-0.63,3.54
RTX,1994-08-17,2.6104225257686937,2.6104225257686937,2.568987295422305,2.574167013168335,4168265,26.406021925073453,21.452532035722925,23.145145303856996,22.409804089536905,22.27283930566758,0.97,40.0,-0.63,3.53
RTX,1994-08-18,2.574168886927376,2.574168886927376,2.5379128456115723,2.5379128456115723,2192820,26.641227384848023,21.62083270833858,22.988010225113268,22.461943421145584,22.292909319675385,0.95,28.0,-0.64,3.67
RTX,1994-08-19,2.589705719983751,2.589705719983751,2.548270225524902,2.5482702255249023,3499614,26.658934218674286,21.44165357520908,22.986187016065664,22.435390689549227,22.29466431040929,0.93,27.0,-0.65,3.67
RTX,1994-08-22,2.5379116660373042,2.5379116660373042,2.480937769785812,2.5171937942504883,9317896,26.845381750031756,21.459219518728933,22.871664238620923,22.481537548498753,22.31994610936318,0.91,26.0,-0.7,3.79
RTX,1994-08-23,2.5171934963870943,2.543090581893921,2.5171934963870943,2.543090581893921,6830158,26.98274753397532,21.54064494223015,22.15895721159053,22.508791688803868,22.34120910440722,0.91,10.0,-0.7,4.22
RTX,1994-08-24,2.548268947552187,2.563807344367502,2.5430897331092197,2.5534489154815674,4009365,27.02824605279444,21.492828799346974,22.14741186153841,22.508852521931882,22.335888389608257,0.92,10.0,-0.69,4.24
RTX,1994-08-25,2.579345464706421,2.589704143644161,2.5638070695566446,2.579345464706421,4372928,26.420467435514233,21.508302142889946,22.20250320595712,22.479444125730623,22.35216732167479,0.92,11.0,-0.67,4.17
RTX,1994-08-26,2.5897045223323216,2.610422134399414,2.584525307687159,2.610422134399414,3772922,26.45110261618321,21.523075785276934,20.750623520547332,22.522169183902776,22.376965534047518,0.95,1.0,-0.65,4.01
RTX,1994-08-29,2.615601642933056,2.657037122885071,2.615601642933056,2.6259608268737793,2497908,26.54379900731753,21.51586267700828,20.59097376955532,22.51159178195781,22.378375626005013,0.99,1.0,-0.65,4.24
RTX,1994-08-30,2.6466791005121357,2.6673969712297056,2.6207822644396503,2.6518585681915283,4628439,26.40760970281943,21.613615232977917,20.629543569709753,22.53439650743636,22.378250293833137,1.03,2.0,-0.65,4.2
RTX,1994-08-31,2.6518582770494112,2.6725758943301976,2.631140408606414,2.636319875717163,2575451,25.944632909031444,21.641415431387493,20.65088181185871,22.54459916051545,22.352125001862973,1.06,3.0,-0.65,4.16
RTX,1994-09-01,2.6466781925008296,2.6466781925008296,2.6000637528653,2.605242967605591,1397049,19.33155911558077,21.7498392493141,20.679451908414727,22.588707566044885,22.381102190965738,1.09,4.0,-0.66,4.12
RTX,1994-09-02,2.6207807783809947,2.6207807783809947,2.58452477634569,2.5948832035064697,1805104,19.37441876054675,21.75918526860047,20.686739315763628,22.593144834509154,22.24758121613766,1.12,5.0,-0.66,4.1
RTX,1994-09-06,2.5948832375914406,2.5948832375914406,2.558627737404095,2.568986415863037,2379686,19.59716321103026,21.737954251808812,20.73690699512536,22.62401840531334,22.264179041993888,1.15,6.0,-0.69,4.01
RTX,1994-09-07,2.563809695056959,2.563809695056959,2.5068365258121608,2.5379128456115723,4421234,19.48657958774141,21.85675606628552,20.783419468455637,22.669496848406194,22.256852933690556,1.17,8.0,-0.73,3.92
RTX,1994-09-08,2.558629413092444,2.558629413092444,2.5379117914441514,2.5482702255249023,8667042,19.51412293341607,21.562412126537538,20.603531908459395,22.672973864556155,22.23396953468615,1.2,2.0,-0.73,4.1
RTX,1994-09-09,2.5379117914441514,2.5534501960520686,2.5327323232415124,2.5482702255249023,4859798,18.52454578568499,21.37919612422779,20.338167669298656,22.66813804006966,22.106506501377105,1.23,1.0,-0.76,4.45
RTX,1994-09-12,2.5482686744068688,2.579345464706421,2.543089460519054,2.579345464706421,2983506,18.687550594653704,21.353007263166685,20.31967518678949,22.701918735968647,22.13253315570316,1.26,1.0,-0.77,4.53
RTX,1994-09-13,2.5897050967614503,2.625961114292513,2.5897050967614503,2.620781898498535,5650484,15.222670218412606,21.532903674359368,20.050262207063398,22.777268522431605,22.167286811557133,1.3,1.0,-0.73,4.87
RTX,1994-09-14,2.631140648235261,2.672576137732746,2.6259614318150297,2.6570377349853516,5656840,15.670832718731642,21.709692738249277,19.60727295661259,22.75679052333118,22.142106706300066,1.34,1.0,-0.74,5.25
RTX,1994-09-15,2.6570368937667403,2.6881136894226074,2.65185767898625,2.6881136894226074,4905561,15.740505430204985,21.67860245071245,19.64762120777642,22.641181671752832,22.164499902908958,1.38,2.0,-0.76,5.24
RTX,1994-09-16,2.6570377847086823,2.6673969712297056,2.6466791005121357,2.6518585681915283,6423374,15.996921960884752,21.795668421396957,19.763444070618085,22.700672285636358,22.2043124176933,1.41,3.0,-0.76,5.02
RTX,1994-09-19,2.6518576752401377,2.6622161047864856,2.6414989945316356,2.6466782093048096,1456795,15.873660188863425,21.714427250951438,19.76641157193907,22.697921288796636,22.194292159018044,1.44,4.0,-0.76,5.01
RTX,1994-09-20,2.6466790604737858,2.6466790604737858,2.615602254867554,2.6156022548675537,2912319,16.264766035634725,21.405919091823666,19.847620765684947,22.401324623959066,22.15341534437901,1.47,5.0,-0.75,4.87
RTX,1994-09-21,2.6207805844493732,2.6207805844493732,2.548268334582404,2.5897037982940674,8837382,16.51945190959002,21.501623885035524,19.889423217772713,22.38872773505328,22.178407362968827,1.49,6.0,-0.75,4.77
RTX,1994-09-22,2.5948833575319754,2.6000633249061225,2.579345464706421,2.579345464706421,2686046,15.536558130704881,21.449479808224265,19.646610853732433,22.266248334952046,22.162572889659753,1.52,2.0,-0.73,5.13
RTX,1994-09-23,2.579345841879849,2.610422134399414,2.574166627234687,2.610422134399414,1911885,15.687343890974143,21.56298042739072,19.16819792591452,22.308654978889848,22.190039297760862,1.55,1.0,-0.74,5.57
RTX,1994-09-26,2.610422134399414,2.610422134399414,2.5534490151675944,2.610422134399414,7852202,15.68615560985864,21.507328998125253,19.16582826639156,22.22918642718286,22.177624691005423,1.58,1.0,-0.74,5.58
RTX,1994-09-27,2.610422616195317,2.6363196988494466,2.605243400594246,2.6311402320861816,2380958,15.326653615430045,21.50976427717933,19.14495365909686,22.149890416770283,22.189374542473477,1.61,1.0,-0.73,5.61
RTX,1994-09-28,2.631139746466506,2.6466781438884364,2.6052429197542515,2.610422134399414,3181814,15.5191519215053,21.565192027935055,18.819641531299318,22.16504494518223,22.137426073077425,1.64,1.0,-0.72,6.11
RTX,1994-09-29,2.6104221823458813,2.6207813653129195,2.5948837846385526,2.605242967605591,3493258,15.48082760425395,21.503065358983655,18.781082334209913,22.107323905713212,22.11818557495827,1.67,1.0,-0.72,6.16
RTX,1994-09-30,2.605242384153537,2.615600811314317,2.58970398992608,2.5948832035064697,2452145,14.917872921578496,21.487250238059577,18.749568643142553,22.093219823203167,22.097305157586717,1.69,1.0,-0.73,6.18
RTX,1994-10-03,2.6052436801254935,2.6052436801254935,2.5793465946927197,2.5845260620117188,2496637,14.944591531311657,21.471075221269764,18.737536452060183,22.09708088596939,22.101331645004947,1.71,1.0,-0.75,6.21
RTX,1994-10-04,2.584524929756346,2.615600966569566,2.5638070695566446,2.579345464706421,4615727,14.472831403213393,21.47345292643563,18.715527239538105,22.067851111998767,22.03594074259082,1.73,1.0,-0.76,6.23
RTX,1994-10-05,2.5948832375914406,2.5948832375914406,2.553448523755674,2.568986415863037,4787339,14.25455787809822,21.446096049256795,18.70375406543965,22.07276284024136,22.040433097926982,1.75,1.0,-0.78,6.26
RTX,1994-10-06,2.558628129924535,2.5689868099726065,2.548268947552187,2.5534489154815674,4600473,14.326615382637897,21.475007790336587,18.707722291152802,22.02471495283637,21.99282150454533,1.76,2.0,-0.81,6.21
RTX,1994-10-07,2.5586286134168006,2.5793462285899946,2.5482694290869254,2.574167013168335,7988221,14.21502031669547,21.076634228080017,18.729636163108783,22.045625889415714,21.96891667149461,1.78,4.0,-0.83,6.18
RTX,1994-10-10,2.568987295422305,2.5845256951738396,2.568987295422305,2.574167013168335,4768271,13.749481550912604,20.924364794208284,18.717930728604102,22.041311106846997,21.96736763904492,1.79,4.0,-0.84,6.19
RTX,1994-10-11,2.579346173338757,2.6000640392303467,2.5741669580280395,2.6000640392303467,5475058,13.96340693551017,21.046802008286996,18.78924834987277,21.97738918931579,21.968286370667055,1.79,9.0,-0.83,6.09
RTX,1994-10-12,2.605243861401473,2.6570377847086823,2.600064644884319,2.6518585681915283,9025520,14.855982662889295,21.279615567150536,19.012545169617415,22.096256740714047,22.04617336937907,1.8,11.0,-0.84,5.82
RTX,1994-10-13,2.662216633719097,2.6725758188100825,2.63631980122155,2.6414995193481445,4919544,14.799295427364124,20.962872459282895,19.012545608859593,22.071793527950664,21.923812214749283,1.8,12.0,-0.84,5.82
RTX,1994-10-14,2.6414998839949817,2.6518585681915283,2.6259614809568044,2.6518585681915283,3808515,14.395544998319018,16.89842137897501,19.01254603026093,22.071700312837596,21.92582960667412,1.8,13.0,-0.85,5.82
RTX,1994-10-17,2.6518585185651204,2.6570377349853516,2.6259614318150297,2.6570377349853516,5055562,14.33426360750805,16.900535883455003,18.891637549762734,22.0623701441698,21.91489481412493,1.8,11.0,-0.84,6.0
RTX,1994-10-18,2.662216708946488,2.662216708946488,2.631140408606414,2.636319875717163,3269526,14.203442477853795,16.984661236551844,18.8681007455911,21.66532657060118,21.807315427976373,1.81,11.0,-0.81,5.99
RTX,1994-10-19,2.6466786323759757,2.6466786323759757,2.5948842159055223,2.6311402320861816,3725887,13.688471625992033,16.72339221300269,18.846153522566432,21.626867733431933,21.800473297137522,1.82,11.0,-0.76,6.01
RTX,1994-10-20,2.631140084581191,2.636319551054089,2.6000640392303467,2.6000640392303467,3150034,14.170265488277774,16.91457304738448,18.892738699084592,21.671380298870588,21.824625948082712,1.83,14.0,-0.69,5.88
RTX,1994-10-21,2.6000633249061225,2.605242538793937,2.553448641781016,2.579345464706421,4925900,14.391161600251797,16.44824512828443,18.863393635724897,21.689482813679934,21.268684676109455,1.84,12.0,-0.64,5.88
RTX,1994-10-24,2.579347034740737,2.600064907551293,2.543091008484527,2.5482702255249023,2965710,14.3911616002518,16.59643760963705,18.846811850869226,21.263350796894564,20.92996637547031,1.84,12.0,-0.59,5.91
RTX,1994-10-25,2.5379128456115723,2.5379128456115723,2.5223744345494983,2.5379128456115723,5766163,13.561391546668924,14.350981085256217,18.822068071322693,21.256646561387782,20.799896094352697,1.85,11.0,-0.56,5.97
RTX,1994-10-26,2.5793466607210145,2.5793466607210145,2.4653996325972307,2.4964759349823,11824702,13.520110277517142,14.69982361165187,18.984759615090066,21.28130538900852,20.849796394993984,1.85,18.0,-0.52,5.65
RTX,1994-10-27,2.506835360681583,2.527552478981645,2.5016553904103764,2.5171937942504883,10380619,13.256413531138689,14.72910350470927,19.038157050128326,21.30563724952764,20.86527633245078,1.85,22.0,-0.49,5.58
RTX,1994-10-28,2.5120138626776303,2.6000640392303467,2.5120138626776303,2.6000640392303467,4850899,16.194313453698527,16.043353146203206,19.73797585595699,21.62454423187612,21.105982949087135,1.85,29.0,-0.41,4.98
RTX,1994-10-31,2.600063705109089,2.6207813171761813,2.600063705109089,2.610422134399414,4217842,16.244168263906474,16.003028578517835,19.748684954929256,21.610318985303916,21.105183374674272,1.84,30.0,-0.32,4.98
RTX,1994-11-01,2.6104224698517817,2.6104224698517817,2.5948840704330896,2.6000640392303467,4604286,15.923972590989543,16.001849966935197,19.693942907590877,21.31365005145144,20.995054113269745,1.83,29.0,-0.22,5.04
RTX,1994-11-02,2.600064463968715,2.6052436801254935,2.5845260620117188,2.5845260620117188,4133942,15.753780238022863,16.030091035056106,19.71319690153884,21.249183666781978,21.00386739094305,1.82,30.0,-0.1,5.0
RTX,1994-11-03,2.5897050474505425,2.5897050474505425,2.5534495329342324,2.563807964324951,2190278,15.884605279865285,15.582405661316864,19.550667150907543,20.779643479237393,20.985058887800818,1.81,26.0,-0.1,5.19
RTX,1994-11-04,2.5586276513961974,2.5689863295069335,2.527550863577716,2.5327305793762207,2374602,15.81907010799511,15.69671320108349,19.505175852826127,20.81739317439906,20.99645555468664,1.8,26.0,-0.02,5.26
RTX,1994-11-07,2.5327318957009384,2.548269795361436,2.517193493715998,2.5223729610443115,3178000,15.84096912706292,15.71257025924884,19.38527296927503,20.75871103188556,20.99679195770725,1.79,26.0,-0.08,5.42
RTX,1994-11-08,2.527553653741155,2.5379128456115723,2.5171949641954736,2.5379128456115723,2501722,15.761478955918376,15.48541944593755,19.347008751940873,20.76626005351396,20.910464129929647,1.78,26.0,-0.02,5.51
RTX,1994-11-09,2.5430920648032287,2.5430920648032287,2.491298114750087,2.5379128456115723,6185659,15.635368688637403,15.478279403369,19.33147652834975,20.649156106216417,20.909533415194208,1.77,26.0,0.07,5.55
RTX,1994-11-10,2.5275518038067,2.5275518038067,2.475757891661918,2.4912962913513184,3582242,16.446655907416417,15.907273942391479,19.436043456354263,20.73361535191114,20.93151649378217,1.75,29.0,0.13,5.39
RTX,1994-11-11,2.480936683162328,2.480936683162328,2.449860391417687,2.4653987884521484,5703874,16.6374712434132,15.788486999645796,19.44950028386249,20.758232662604758,20.95687520298473,1.73,30.0,0.23,5.34
RTX,1994-11-14,2.460175682341807,2.475845253963462,2.4549518163595714,2.4653987884521484,10895455,16.629948242366694,15.76032828067325,19.401068188750525,20.57974470628573,20.954234885789173,1.71,29.0,0.29,5.44
RTX,1994-11-15,2.470622873607716,2.4758462350785746,2.4392832113640295,2.4497296810150146,10570028,16.687962569841247,15.61878680329542,19.143454572367556,20.582806535380865,20.758029040897767,1.7,23.0,0.29,5.84
RTX,1994-11-16,2.4549525860114154,2.501962328776924,2.4392830094771933,2.49151611328125,10589096,17.51923552847098,15.87189885501304,19.34623712195161,20.493582609920526,20.828928041900383,1.69,28.0,0.23,5.55
RTX,1994-11-17,2.486290602536254,2.5071840286254887,2.4810674993044377,2.5071840286254883,4070382,17.57520598033444,15.904426078299785,19.33101471643961,20.507112546172774,20.783789733071533,1.68,27.0,0.23,5.57
RTX,1994-11-18,2.501961544387062,2.512408516479639,2.4549518163595714,2.4653987884521484,5762350,17.981323645951466,16.10748476344331,19.47484512404085,20.41722523432674,20.670473488443445,1.66,35.0,0.24,5.31
RTX,1994-11-21,2.4758458588626926,2.4758458588626926,2.397496461868286,2.397496461868286,7395842,19.541320652547938,16.820811023103612,19.917468879466117,20.58923164504706,20.84856025426527,1.65,49.0,0.45,4.79
RTX,1994-11-22,2.381827089911743,2.3922740676712,2.3348173363841833,2.340040445327759,4863611,20.168536903765467,17.385635054911535,20.206874177349523,20.77205343238945,20.963897804978473,1.64,51.0,1.15,4.41
RTX,1994-11-23,2.3295936803588857,2.334816788075867,2.2982540208941633,2.3139235973358154,10866218,19.03267325032296,17.313554478755595,20.268171973054955,20.807184198176106,20.98449743149689,1.63,52.0,1.76,4.31
RTX,1994-11-25,2.3191466696992005,2.3661564114703664,2.3191466696992005,2.360933303833008,1844511,20.331336647454968,17.892021941833544,20.504018037395166,20.943021207353777,21.082306250900736,1.62,55.0,1.7,4.07
RTX,1994-11-28,2.36093293669382,2.4183893913862917,2.36093293669382,2.4131662845611572,2921218,21.549853261726156,18.413601442444484,20.816514466043294,20.814738821371318,21.196792542982188,1.61,65.0,1.52,3.79
RTX,1994-11-29,2.402719259262085,2.407942365974665,2.3922730458369244,2.402719259262085,2799182,21.49766703596648,18.41596883966693,20.80914334843372,20.81837584566745,21.199803832233492,1.6,65.0,1.34,3.8
RTX,1994-11-30,2.4340596686609137,2.454952861872142,2.4288365603261606,2.4445066452026367,6744987,22.258713818848378,18.708472616508597,21.00852976011497,20.72411829699856,21.26273938658409,1.59,68.0,1.22,3.6
RTX,1994-12-01,2.444508040045869,2.481071338996696,2.4392846754399105,2.4758477210998535,6015318,22.69419259542495,18.759883771661652,21.092603804543497,20.784947553266612,21.277002876637937,1.59,69.0,1.19,3.52
RTX,1994-12-02,2.460176147822236,2.4967389106750493,2.4549522808516127,2.496738910675049,7741608,22.69034273351899,18.824974252636025,21.1420447221566,20.799841385044036,21.292932311544643,1.59,70.0,1.2,3.47
RTX,1994-12-05,2.491515722432284,2.512408910018209,2.481069255284657,2.4862923622131348,3464020,22.62011958933924,18.841339237929226,20.861760224430252,20.80365901861485,21.293226389228654,1.59,67.0,1.27,3.71
RTX,1994-12-06,2.4915157131814425,2.5176320075988774,2.4810692460726025,2.517632007598877,3030541,22.71617417699205,18.853032381130333,20.881215318009904,20.86172282085629,21.326386471428158,1.59,68.0,1.36,3.69
RTX,1994-12-07,2.501962328776924,2.501962328776924,2.4758460301656067,2.49151611328125,3664870,22.879449369302073,18.65016736633579,20.935681577253245,20.878975577527648,21.30525120822879,1.59,69.0,1.4,3.62
RTX,1994-12-08,2.4915143573132164,2.5124075334516163,2.4653978238175833,2.4810678958892822,6124642,22.41272617243542,18.411934862836308,20.82102594995425,20.87716304241844,21.308379458106398,1.58,67.0,1.16,3.73
RTX,1994-12-09,2.4758446313671727,2.4758446313671727,2.413165347479876,2.428834915161133,3971229,23.068332130546366,18.670305085845563,20.881246524877994,21.019544725438372,21.398974242232555,1.58,70.0,1.0,3.67
RTX,1994-12-12,2.4183892428782903,2.4549520015716557,2.4183892428782903,2.4549520015716553,4010636,21.096490402091064,18.672884651538897,18.701346285478934,20.905272340580293,21.422849582854138,1.57,1.0,0.84,0.81
RTX,1994-12-13,2.4497299444196283,2.4654000305171127,2.4340598583221436,2.4340598583221436,1902986,21.104863950514826,18.731744260390318,18.745236220100175,20.917994009009668,21.43867750575008,1.56,8.0,0.66,0.79
RTX,1994-12-14,2.4392812903219503,2.4862909999559832,2.4392812903219503,2.4810678958892822,5108953,21.992123708512633,19.06713609216179,18.999767901396318,20.930567860387793,21.523999973670996,1.54,21.0,0.57,0.63
RTX,1994-12-15,2.5019616839169023,2.5646414936428497,2.5019616839169023,2.54897141456604,5135648,23.44534451950471,19.805839746138936,19.361008626576833,20.71471507533401,21.692263205363336,1.53,34.0,0.58,0.53
RTX,1994-12-16,2.5646411358400254,2.6012043952941895,2.554194671203557,2.6012043952941895,7508978,24.078177679844522,20.23086687257241,19.623790419327783,20.840612594924366,21.7852302817011,1.51,43.0,0.57,0.38
RTX,1994-12-19,2.595983054846431,2.595983054846431,2.5698659889789557,2.580312967300415,1895359,23.9183753364089,20.146811914759905,19.389815699927272,20.86197930880044,21.799651599551883,1.5,36.0,0.63,0.45
RTX,1994-12-20,2.56986704679994,2.5803140294216362,2.5594208240509033,2.5594208240509033,3228848,24.015833760863455,20.212264091370326,19.40877784431828,19.989004152579067,21.81424067594794,1.48,38.0,0.74,0.44
RTX,1994-12-21,2.559418845178494,2.601205223611879,2.559418845178494,2.5646419525146484,4243266,23.961239792909865,20.14582848264541,18.30303884939733,19.887068853839672,21.81150056951883,1.46,1.0,0.74,-0.14
RTX,1994-12-22,2.575089858075859,2.6064295265863255,2.575089858075859,2.580312967300415,3094101,24.018504096576475,20.12811096851128,18.317978064005892,19.888291428656167,21.811603160751623,1.43,2.0,0.74,-0.15
RTX,1994-12-23,2.585534318403572,2.6064277542577288,2.580311212730643,2.6012043952941895,1741544,23.41090200166256,20.19514456068242,18.318031010043768,19.911920031114338,21.82509502096185,1.4,3.0,0.73,-0.17
RTX,1994-12-27,2.611650842580126,2.648214101791382,2.611650842580126,2.648214101791382,1630950,23.601602429857536,20.507922514753588,18.45988889253763,19.992121619455297,21.839868625391013,1.38,4.0,0.68,-0.24
RTX,1994-12-28,2.642991873672559,2.642991873672559,2.6116517096940512,2.622098684310913,1778409,23.861951131922016,20.59691967103267,18.504114524871788,20.0255794619649,21.74939460741796,1.36,5.0,0.67,-0.25
RTX,1994-12-29,2.6220988291376774,2.6429920196533203,2.6116518539437963,2.6429920196533203,1423744,23.783001386687577,20.6513159564109,18.5289635729924,20.0422786194521,21.762427479508453,1.34,6.0,0.66,-0.28
RTX,1994-12-30,2.637767455850493,2.6482144282867726,2.627321243286133,2.627321243286133,1272471,23.50293246943992,20.67268099151179,18.5429712102519,20.03364763067801,21.767717267972213,1.31,7.0,0.68,-0.28
RTX,1995-01-03,2.6220981370039524,2.627321243286133,2.6012046987126727,2.627321243286133,3924194,23.46884206241543,20.629292944769112,18.2687451459976,19.928148078973756,21.51465938998895,1.29,1.0,0.66,-0.19
RTX,1995-01-04,2.622099181913003,2.6429923752396003,2.622099181913003,2.637768507003784,3249187,22.819438334879194,20.581694080752115,18.228915088360107,19.776996644956608,21.483440538119392,1.26,1.0,0.64,-0.18
RTX,1995-01-05,2.632544899055697,2.632544899055697,2.6168748170664435,2.622098684310913,1800019,21.11948755844085,20.622905266652623,18.25468348559804,19.722983714892703,21.39733446996418,1.23,2.0,0.63,-0.19
RTX,1995-01-06,2.6273225027317593,2.663885783978005,2.6220993939458053,2.6534388065338135,3125881,19.61224189842132,20.66403506522984,18.214286754370203,19.529229411132157,21.42820412478442,1.19,1.0,0.58,-0.17
RTX,1995-01-09,2.648214797256831,2.6743313454690534,2.6429916902469266,2.6638848781585693,3061050,19.061403717754207,20.281111928496923,18.221472513227383,19.215924717926285,21.37265498634685,1.15,2.0,0.53,-0.18
RTX,1995-01-10,2.669108707550824,2.700448371254891,2.669108707550824,2.6795551776885986,4384369,18.498985062114258,20.297966743686814,18.229376453899917,19.204309652338132,21.307606265737117,1.11,4.0,0.47,-0.19
RTX,1995-01-11,2.6795539022993515,2.6795539022993515,2.658660718677603,2.669107437133789,3669954,17.85818543091731,20.300757185815666,18.092561107585606,19.205226352134737,21.307592849661066,1.07,1.0,0.44,-0.14
RTX,1995-01-12,2.669108325862225,2.6743316868295315,2.6586616039276123,2.6586616039276123,2323754,17.842956133630253,20.313654445182397,18.09692789689559,19.211269508443085,21.26816679336676,1.02,2.0,0.41,-0.13
RTX,1995-01-13,2.663884331196319,2.6743307963618816,2.658660718677603,2.669107437133789,3743684,17.354270568354803,20.262665320878817,17.990041673673083,19.210342344398345,21.257109701413714,0.98,1.0,0.41,-0.1
RTX,1995-01-16,2.674330152857043,2.731786077378366,2.674330152857043,2.695223331451416,5556415,17.22814946334715,20.350832357089498,17.98340901066167,19.23179500144173,21.277887269029222,0.95,1.0,0.37,-0.09
RTX,1995-01-17,2.7056715652186623,2.7056715652186623,2.6638854339675437,2.6743319034576416,3026727,17.41082053575913,20.26230142877369,18.023273776363077,19.108000350057925,21.27084777587022,0.93,3.0,0.34,-0.11
RTX,1995-01-18,2.679554038616497,2.700447223301146,2.669107572919491,2.6900010108947754,2328838,17.328833459729598,20.213690434863373,17.97806267848849,18.799639826477545,21.278645417627573,0.89,1.0,0.29,-0.08
RTX,1995-01-19,2.6795539022993515,2.6900008740461603,2.669107437133789,2.669107437133789,1866122,17.32086871423916,20.115746320960003,17.928489439770157,18.821480475662387,21.250916232833024,0.9,1.0,0.25,-0.03
RTX,1995-01-20,2.6795551776885986,2.684778286112114,2.669108707550824,2.6795551776885986,3414443,16.92464902963366,20.100124266934174,17.91492514579961,18.7924715044651,21.25357246136014,0.9,1.0,0.22,-0.02
RTX,1995-01-23,2.6429924055610168,2.684778286112114,2.6429924055610168,2.6795551776885986,2876726,16.825181625962056,19.77307620526797,17.848512088390176,18.58403610094811,21.25001389205346,0.9,1.0,0.2,0.03
RTX,1995-01-24,2.6691085420672285,2.6795550115573263,2.6638854339675437,2.6743319034576416,2061886,15.309433325077132,19.727514260291162,17.82589395031362,18.563334651606144,21.178411174906373,0.9,1.0,0.18,0.04
RTX,1995-01-25,2.669107572919491,2.6952241170979607,2.669107572919491,2.6900010108947754,1702137,15.16717013138,18.644204200628973,17.74382294111216,18.55341789013552,21.18278479073859,0.91,1.0,0.13,0.06
RTX,1995-01-26,2.700447314879399,2.7317869663238525,2.700447314879399,2.7317869663238525,4093264,15.165347280970213,18.879426279227214,17.89064739771538,18.62739671227887,21.216476736998654,0.9,4.0,0.09,-0.03
RTX,1995-01-27,2.7317871942068623,2.7526803813429352,2.7056709002547703,2.7161176204681396,3456393,14.693793336733613,18.901947711783766,17.839286949725178,18.62890304603554,21.220908027794604,0.9,3.0,0.04,-0.0
RTX,1995-01-30,2.7265651157355433,2.7265651157355433,2.6534388065338135,2.6534388065338135,3919110,14.797970545625155,19.490900305408882,18.128168228830273,18.822762449326184,21.342747694137522,0.89,14.0,0.05,-0.0
RTX,1995-01-31,2.65343666556053,2.6900001705956122,2.622097278259272,2.6847763061523438,4450471,14.034960682630135,19.544718648269157,18.20792199856724,18.86401152409809,21.070284112249773,0.89,15.0,0.03,-0.05
RTX,1995-02-01,2.6743313454690534,2.679554452478958,2.658661264567315,2.6638848781585693,2897065,14.02091769808838,19.440895517230917,18.25578787584034,18.874878307775095,21.055063750465074,0.88,21.0,0.02,-0.07
RTX,1995-02-02,2.6586600234226845,2.684776306152344,2.6586600234226845,2.6847763061523438,2956811,13.873213782230659,19.464856146514077,18.19835423727603,18.89182842949039,21.06975716114689,0.88,15.0,-0.01,-0.04
RTX,1995-02-03,2.6795534805457333,2.7108936309814453,2.6743303754303644,2.7108936309814453,2536044,14.069924640316664,19.517916245104118,18.08917234541727,18.926015966442773,21.091271471591053,0.88,12.0,-0.05,0.0
RTX,1995-02-06,2.7108951406161164,2.731787826002827,2.7056715260106716,2.721341609954834,3218678,14.026066730764208,19.524584860322175,17.970398657635293,18.907635524190393,20.743296586609087,0.89,8.0,-0.07,0.07
RTX,1995-02-07,2.710894513652121,2.7213409805748245,2.700447540148086,2.7161176204681396,3134779,13.935217252142643,19.10078439183217,17.880318730945383,18.903018279866924,20.736584356219133,0.89,5.0,-0.08,0.13
RTX,1995-02-08,2.7213406737221963,2.7317868861763417,2.700447235651358,2.7056705951690674,2834776,13.102774668130932,18.972824481496776,17.75710882153134,18.903875416602315,20.6972565661623,0.9,2.0,-0.11,0.19
RTX,1995-02-09,2.7108936309814453,2.721340094502766,2.70567001928491,2.7108936309814453,2828420,12.711925052833822,18.970211825253525,17.75580743785696,18.837564243592723,20.698085954688327,0.9,2.0,-0.14,0.19
RTX,1995-02-10,2.7108951406161164,2.731787826002827,2.7056715260106716,2.721341609954834,1712306,12.57560632993155,18.902610289467937,17.659019328432482,18.80904472159673,20.678664381346554,0.91,1.0,-0.18,0.23
RTX,1995-02-13,2.7161180832920158,2.74745774269104,2.7161180832920158,2.74745774269104,3928008,12.636502218557622,18.709617999471046,17.63950691293786,18.83077362577418,20.686373632795515,0.91,1.0,-0.22,0.23
RTX,1995-02-14,2.757904767990112,2.7787979590652645,2.742234684715713,2.7579047679901123,4564879,12.645476415761939,18.690279207849787,17.63121021987146,18.81497221260469,20.469522799966846,0.92,1.0,-0.25,0.23
RTX,1995-02-15,2.7422348818830193,2.804914712905884,2.7422348818830193,2.804914712905884,5379718,13.388232249037237,18.549410724911645,17.728684956241086,18.888391220885044,20.486298000409136,0.93,4.0,-0.23,0.19
RTX,1995-02-16,2.7996899109882527,2.7996899109882527,2.7787972319613345,2.789243698120117,5197937,13.37013674223943,17.539958815785813,17.756752435258406,18.834918944138924,20.142488535057932,0.94,7.0,-0.25,0.18
RTX,1995-02-17,2.783981691412643,2.783981691412643,2.741879940032959,2.741879940032959,4332250,14.13964177212979,17.131099636500707,17.940534332759555,18.92364120945375,20.207617906487297,0.94,16.0,-0.3,0.12
RTX,1995-02-21,2.7524041861493624,2.7787183472332684,2.7471416601753034,2.7681925296783447,7568725,14.330218505343748,16.94095032678266,17.948536714649247,18.955557986525772,20.181216305432095,0.95,17.0,-0.34,0.11
RTX,1995-02-22,2.7576678016170115,2.773455381393433,2.7576678016170115,2.7734553813934326,4646236,14.26590970441016,16.561535577517343,17.944957098804988,18.955145532108382,20.175090006748846,0.95,17.0,-0.39,0.11
RTX,1995-02-23,2.773455266468595,2.783981084823608,2.7681927400945203,2.7839810848236084,3339442,14.20316779211479,16.07358737406152,17.936545574420972,18.955107303265134,20.087967776587604,0.96,16.0,-0.43,0.11
RTX,1995-02-24,2.7787185584495333,2.789243611197683,2.7787185584495333,2.7839810848236084,4623354,14.120625166552514,16.020608228926864,17.921083618286367,18.953541999284727,20.066051050087914,0.96,15.0,-0.46,0.12
RTX,1995-02-27,2.7839812366066674,2.815557417381806,2.7681928910167968,2.7787187099456787,3635632,14.135777657929733,15.743773882842484,17.92064577594449,18.92272641689291,20.05887429076928,0.96,15.0,-0.5,0.12
RTX,1995-02-28,2.7787210853394626,2.7997719755857067,2.76293272625289,2.794508934020996,2804267,13.974007807536465,15.606432541551495,17.921032823695455,18.93416979777743,19.942566590504303,0.97,16.0,-0.53,0.12
RTX,1995-03-01,2.7681937393902016,2.820820808544914,2.7681937393902016,2.805032968521118,2577994,13.727152895899641,15.554218904473775,17.89247959817659,18.835107031382016,19.938209265250762,0.97,14.0,-0.55,0.13
RTX,1995-03-02,2.8050326444718863,2.8050326444718863,2.7839817682014116,2.7997701168060303,1079249,13.701710358439264,15.522433682985682,17.861117744486837,18.752038717804325,19.788359380976235,0.98,12.0,-0.58,0.16
RTX,1995-03-03,2.7839812366066674,2.7945065451309468,2.7787187099456787,2.7787187099456787,2646638,13.687414469666875,15.484961128468866,17.910270604643745,18.710413786836906,19.8025419484462,0.98,16.0,-0.61,0.13
RTX,1995-03-06,2.7681927180345824,2.820819767771957,2.762930191702445,2.8155572414398193,2612316,14.095512203960423,15.4543574526949,17.958755189085135,18.726929884241958,19.719255392901246,0.99,26.0,-0.64,0.1
RTX,1995-03-07,2.805032108857527,2.805032108857527,2.7681928910167968,2.7787187099456787,4102162,14.73197800456965,15.716086820339356,17.83498566462886,18.780830525424886,19.708893476335003,0.99,10.0,-0.67,0.14
RTX,1995-03-08,2.778718673592468,2.7892437267767494,2.773455381393433,2.7734553813934326,2457230,14.730955924088216,14.980596712089358,17.825241199925355,18.714569328832606,19.70644091017447,1.0,9.0,-0.71,0.15
RTX,1995-03-09,2.7787187389737995,2.7787187389737995,2.762930393218994,2.762930393218994,2897065,14.732803750849536,14.92443530139607,17.829570548736516,18.699405563994492,19.709242476356525,1.0,11.0,-0.74,0.15
RTX,1995-03-10,2.7681927400945203,2.789243611197683,2.7629302137204452,2.7839810848236084,2641554,14.228486810864599,14.804692714083641,17.86441221499171,18.684814704054613,19.710162054166645,1.01,16.0,-0.77,0.12
RTX,1995-03-13,2.789246147658805,2.794508934020996,2.768195257412561,2.794508934020996,1572474,14.124620928187802,14.384979613634954,17.82218207518951,18.5132597475708,19.496768758357614,1.01,9.0,-0.8,0.14
RTX,1995-03-14,2.7945067187289165,2.7997697561214543,2.773455589968035,2.7892439365386963,4008094,12.148101952126398,13.425326249777084,17.821892378876473,18.515101994905862,19.497609604638125,1.01,9.0,-0.83,0.14
RTX,1995-03-15,2.773455266468595,2.783981084823608,2.75766768734637,2.7839810848236084,1881376,11.802993857517862,12.857330226543201,17.714263177145174,18.495611322403683,19.332002619415327,1.02,4.0,-0.86,0.2
RTX,1995-03-16,2.7787188825628903,2.7892439365386963,2.7787188825628903,2.7892439365386963,2598333,11.489391201047647,12.714290070465761,17.66034211974286,18.48493921832999,19.332912806425842,1.03,4.0,-0.87,0.23
RTX,1995-03-17,2.7892439365386963,2.7892439365386963,2.7787188825628903,2.7892439365386963,4105976,11.340524871677012,12.565111147940428,17.539323022204613,18.460368586920257,19.325084216784376,1.03,1.0,-0.88,0.3
RTX,1995-03-20,2.783981691412643,2.7997700395817815,2.741879940032959,2.741879940032959,5745824,12.239250694017116,13.126993047756063,17.754695654213922,18.55352205651303,19.400009572650045,1.04,9.0,-0.86,0.22
RTX,1995-03-21,2.741878915399914,2.7471414409540245,2.715565266820368,2.7366161346435547,4997087,12.211378161204609,13.099897302880423,17.544205180241622,18.55350434804129,19.400899142195687,1.04,2.0,-0.82,0.31
RTX,1995-03-22,2.736616674439256,2.773455381393433,2.736616674439256,2.7734553813934326,2778843,12.773454151445288,13.266594505889298,17.617220861632152,18.597966317685533,19.43345663903005,1.05,3.0,-0.8,0.27
RTX,1995-03-23,2.757670195093219,2.8102972931075687,2.757670195093219,2.794508934020996,1862308,12.848391248155275,12.869020297323647,16.916968741738568,18.604619933438197,19.44468241661636,1.06,1.0,-0.81,0.06
RTX,1995-03-24,2.789243481841163,2.857659128756395,2.789243481841163,2.8418707847595215,4085637,13.633638209351878,13.073908098689499,17.101404788959552,18.69279347522,19.516937541660027,1.06,2.0,-0.82,-0.02
RTX,1995-03-27,2.847132368881715,2.8576576709747314,2.831344032938972,2.8576576709747314,2425450,13.666965347266549,13.031424076505186,17.09977373084113,18.702626374346806,19.394336910106574,1.07,2.0,-0.82,-0.01
RTX,1995-03-28,2.841871162544475,2.8576595086401766,2.831345853682984,2.8523967266082764,2356805,13.490894554669369,12.960874203853745,17.06956815756128,18.693548292440372,19.386516964696085,1.07,2.0,-0.82,0.01
RTX,1995-03-29,2.8576604781723134,2.920813118374288,2.8523976943548828,2.905024766921997,7306858,14.354213552982223,13.4120475344533,17.225876810111327,18.813021787173884,19.37305947693452,1.08,5.0,-0.79,-0.02
RTX,1995-03-30,2.894499709691929,2.926075902191718,2.883973886854672,2.905024766921997,3308934,13.619126095114092,13.407715685809507,17.091847808635503,18.653869537891726,19.000491042045134,1.08,3.0,-0.74,0.06
RTX,1995-03-31,2.8839725365610676,2.920811750832338,2.873447484258894,2.9102861881256104,4036060,13.467460703317121,13.31465785019564,17.069441316241825,18.609507920086664,18.989588570826026,1.09,2.0,-0.7,0.08
RTX,1995-04-03,2.894498327431629,2.941862848764903,2.8839725096209494,2.926074504852295,5019969,12.304869996496974,13.169346627616191,17.064695802596,18.6173936554959,18.99526248629506,1.09,2.0,-0.66,0.09
RTX,1995-04-04,2.926075150859042,2.931337678122809,2.9102868034607488,2.9208123683929443,3361053,12.151831279912056,13.178964278573336,17.070908121723292,18.557953053941976,18.312055286006,1.1,5.0,-0.63,0.08
RTX,1995-04-05,2.920813118374288,2.920813118374288,2.889236415469706,2.905024766921997,1642390,12.329901725024435,13.223431580083862,16.805739311892744,18.433525694515833,18.23521624620006,1.11,1.0,-0.59,0.16
RTX,1995-04-06,2.905024020994651,2.9208123683929443,2.889235673596357,2.9208123683929443,2958082,12.364721169147034,13.203303557798273,16.706159389528338,16.97891492424987,18.234101908592713,1.12,1.0,-0.54,0.24
RTX,1995-04-07,2.9102861881256104,2.920811750832338,2.899760880621159,2.9102861881256104,1991970,12.449287308956421,13.19800150670777,16.7253039780306,16.986423104561947,18.238465455855305,1.12,2.0,-0.49,0.22
RTX,1995-04-10,2.8997597094722063,2.905022233497876,2.847132682800293,2.847132682800293,4558523,14.159360820898057,14.033599355337865,17.094021318401342,17.195379206477295,18.347143010347366,1.13,10.0,-0.42,0.16
RTX,1995-04-11,2.852396726608276,2.878710381565469,2.847134199778685,2.8523967266082764,3425884,14.088638748475462,13.91830418773947,16.914663929879683,17.107637607940333,18.346323891998832,1.13,4.0,-0.37,0.24
RTX,1995-04-12,2.841871810070255,2.899761915206909,2.841871810070255,2.899761915206909,2525874,14.793688908722313,14.154225670920006,17.06694605625235,17.209063242013915,18.413679961557207,1.14,7.0,-0.32,0.17
RTX,1995-04-13,2.9366017549539727,2.9681784664127586,2.915551379588845,2.9471275806427,7628471,15.392623260764699,14.450841764073088,16.97206584519629,17.120955584233684,18.4668691254474,1.14,6.0,-0.25,0.23
RTX,1995-04-17,2.9629145211657844,2.9892281796105196,2.9629145211657844,2.9839653968811035,3377578,15.437059719342436,14.48798620609518,16.372034443286413,17.15346326375834,18.429226072127026,1.14,1.0,-0.17,0.06
RTX,1995-04-18,2.9787022489734847,2.9787022489734847,2.936600243894939,2.941863536834717,2992405,15.808485872683956,14.849806568661444,16.0331225643484,16.58851199643797,18.36129581844723,1.15,1.0,-0.19,-0.08
RTX,1995-04-19,2.9418650506020345,2.9523901106833654,2.9366017549539727,2.9471275806427,2260194,15.187578021555062,14.846322113342628,15.886369312139662,16.58450582330256,18.307104905239523,1.15,1.0,-0.35,0.0
RTX,1995-04-20,2.947125621342473,2.994490146636963,2.9313372761094456,2.994490146636963,3316561,15.666360938561464,15.114705512010945,15.781608316928864,16.649367563078073,18.179386116240423,1.15,1.0,-0.4,0.01
RTX,1995-04-21,2.9944903858859235,3.0997450083730524,2.98922785892342,3.062905788421631,9504762,16.57653841781085,15.681106199214511,15.804247057679746,16.79575823658174,18.077512051413343,1.14,2.0,-0.28,0.02
RTX,1995-04-24,3.0471184045855573,3.120796357360415,3.026067524478113,3.1155338287353516,7079313,17.002866874053787,15.74305022919905,15.936506260216227,16.880434555769735,18.13135181910812,1.13,4.0,-0.09,-0.03
RTX,1995-04-25,3.1207955856824237,3.157635063365362,3.094482183456421,3.094482183456421,9143742,17.27457488224523,15.766583451283195,15.830513403478097,16.895285623911967,18.144038962739664,1.11,3.0,0.01,-0.0
RTX,1995-04-26,3.083955835013568,3.131320351393019,3.083955835013568,3.1207945346832275,3772922,17.2599479141217,14.890866671408705,15.773618471748879,16.90581452097894,18.160526359483384,1.08,1.0,0.13,0.03
RTX,1995-04-27,3.126057825841495,3.126057825841495,3.094481141318864,3.1207945346832275,3311476,17.215012697480166,14.780520880943069,15.747450273493929,16.753401696674924,18.154635028710437,1.05,1.0,0.19,0.04
RTX,1995-04-28,3.1155330556103356,3.1155330556103356,3.07343130584307,3.0786943435668945,2939014,17.933735500119905,14.998300463513553,15.914594489284292,16.808545108682278,18.20356605129342,1.03,7.0,0.17,-0.03
RTX,1995-05-01,3.083957636175383,3.136584708842796,3.0629067560679384,3.1155338287353516,3443681,18.07485187826771,15.084184597791191,15.904417051392528,16.85691656422388,18.12147493756722,1.0,7.0,0.17,-0.02
RTX,1995-05-02,3.1102694582597636,3.1418456321208406,3.0997441520401536,3.136582851409912,2786470,16.97675506736134,15.0361043247619,15.792414656180053,16.798936495212224,17.900097361071083,0.96,4.0,0.17,0.05
RTX,1995-05-03,3.1313206877201454,3.1523715577940044,3.1260581616033867,3.147109031677246,4369114,16.872366740985456,15.03445222378932,15.758704308102603,16.80072480922721,17.900065568385767,0.93,2.0,0.17,0.08
RTX,1995-05-04,3.13132032590123,3.1576339742536246,3.13132032590123,3.136582851409912,4113603,16.817960792587172,15.054923804359452,15.324701283562527,16.79805808261406,17.882025001535197,0.9,1.0,0.09,0.08
RTX,1995-05-05,3.1365852603072244,3.1365852603072244,3.099746532645325,3.1050093173980713,2155955,17.276143549734883,15.21985211675118,15.399329974792597,16.752804403963967,17.751454747362754,0.92,2.0,-0.02,0.04
RTX,1995-05-08,3.094483088164214,3.105008911496162,3.073432207107544,3.073432207107544,4571235,17.244760263399254,15.434512407837644,15.431762173917237,16.80264461100804,17.770577347385636,0.94,3.0,-0.18,0.02
RTX,1995-05-09,3.083956018296875,3.152371406555176,3.083956018296875,3.152371406555176,4842001,18.451801610951723,16.15201702128189,15.634780352551505,16.972029052495014,17.927553211214388,0.94,4.0,-0.26,0.09
RTX,1995-05-10,3.1523711935426966,3.1523711935426966,3.1260578003925477,3.136582851409912,3144949,18.55108222574696,16.15448601654532,15.171464906847905,16.95430899126743,17.92471992519762,0.95,1.0,-0.34,0.02
RTX,1995-05-11,3.1313216279367566,3.2207881716168982,3.120795806935911,3.2155253887176514,3404274,19.10616749402503,16.806384600379406,15.327714765747311,17.181337356395694,18.07939024646216,0.95,3.0,-0.32,0.09
RTX,1995-05-12,3.1892103369676184,3.1892103369676184,3.1576341612367207,3.1681597232818604,4969121,19.80591606853341,16.907973294778863,15.479307558158034,17.25443901263752,18.134890063313502,0.95,6.0,-0.4,0.05
RTX,1995-05-15,3.1681612370783285,3.1787569522857666,3.1575650080520505,3.1787569522857666,3526309,19.80362463280624,16.83472208262072,15.394110243002917,17.208293280018406,18.131517722148914,0.95,4.0,-0.47,0.11
RTX,1995-05-16,3.1734585730859095,3.21584219939326,3.1734585730859095,3.2052459716796875,3231390,19.8525476767856,16.3899005389968,15.424824281832542,17.2199225684003,18.140062595708123,0.96,6.0,-0.52,0.08
RTX,1995-05-17,3.2052458216112476,3.2052458216112476,3.1469690125542833,3.15226674079895,4432674,20.620119931597745,16.790974377857072,15.700419108070971,17.31622072086211,18.220861839508068,0.97,10.0,-0.61,-0.0
RTX,1995-05-18,3.1363731321253967,3.1363731321253967,3.0992880026747267,3.1151814460754395,6178032,20.91701495473718,17.034402572758353,15.822145692143824,17.363619939729723,18.263725046230288,0.98,17.0,-0.7,-0.06
RTX,1995-05-19,3.115180661286458,3.115180661286458,3.072797042954592,3.088690996170044,4311910,21.127954840708654,17.164040254235108,15.693338915469617,17.333637514628606,18.26739335340577,0.98,10.0,-0.79,-0.03
RTX,1995-05-22,3.0886913668226668,3.1999480250446206,3.0886913668226668,3.157564401626587,6741174,21.847297134838968,17.65701679484067,15.918451691189988,17.50234974545945,18.386617000495292,0.98,23.0,-0.86,-0.04
RTX,1995-05-23,3.146969549754032,3.184054681434776,3.146969549754032,3.1787569522857666,4086908,20.578361270093357,17.661758389423397,15.907555800756679,17.46455685080021,18.393519695781062,0.98,22.0,-0.93,-0.03
RTX,1995-05-24,3.162863176847104,3.2423324584960938,3.152267461027491,3.2423324584960938,8899671,21.091572637858526,18.012951924446277,16.110360307367028,17.53001674639262,18.44754806349642,0.98,27.0,-0.94,-0.08
RTX,1995-05-25,3.2317338491917713,3.2317338491917713,3.1628608478954434,3.1946487426757812,5011070,21.46503091871553,18.35548177594837,16.329781014323355,17.63105478391933,18.49187447085044,0.97,28.0,-1.0,-0.16
RTX,1995-05-26,3.1946493840074104,3.1946493840074104,3.162861482845594,3.1681597232818604,3714446,21.35366836142807,18.463439075495288,16.407644572125342,17.666892591258947,18.506806176278705,0.97,30.0,-1.07,-0.21
RTX,1995-05-30,3.1681590872680787,3.205244193784069,3.1628608478954434,3.1946487426757812,2735622,21.219375727084973,18.397109560299274,16.391689687370896,17.639583053858736,18.509838431725953,0.97,30.0,-1.13,-0.2
RTX,1995-05-31,3.18935446815332,3.2211418860711927,3.1787584909076663,3.21584415435791,2501722,20.664705116653266,18.280710967708096,16.33186695522006,17.564169193231812,18.498806240755943,0.96,29.0,-1.17,-0.17
RTX,1995-06-01,3.2158402701002697,3.2847132682800293,3.210542030967385,3.2847132682800293,4235638,21.322980041441507,18.401356458807776,16.613273027039458,17.661279586382978,18.560906769923083,0.96,33.0,-1.16,-0.24
RTX,1995-06-02,3.263521743972109,3.263521743972109,3.1893507602123914,3.1946487426757812,5022511,22.840537389947727,19.420699280909616,17.265652668522865,17.946745319521366,18.76108084156853,0.95,50.0,-1.21,-0.07
RTX,1995-06-05,3.205244048743734,3.3059049402653993,3.1946485981149,3.2847132682800293,3450037,23.291227737868713,20.062106354863975,17.7283800022984,18.141673860585595,18.95590177594423,0.95,59.0,-1.22,-0.06
RTX,1995-06-06,3.274117855995653,3.342991128104024,3.268820129372107,3.327097177505493,6479306,23.09112150056551,20.14300068549825,17.783360075646442,18.18980048029322,18.992170769153056,0.94,66.0,-1.19,-0.08
RTX,1995-06-07,3.316500647803467,3.316500647803467,3.252925374938124,3.2847132682800293,4158095,23.3598484107841,20.400182618784356,17.9410363841885,18.200414828575397,19.038768015378917,0.94,88.0,-1.21,-0.16
RTX,1995-06-08,3.2741174697875977,3.279415452695502,3.258223521063884,3.2741174697875977,2239854,23.32394819827419,20.41493780304263,17.918162081139855,18.159434916982313,19.04110609912645,0.94,82.0,-1.24,-0.15
RTX,1995-06-09,3.2635227969522353,3.2688205242156982,3.2529265716973237,3.2688205242156982,3345798,23.338308338581232,20.412441400913643,17.859616315414545,18.151798254341703,19.022507618596823,0.94,75.0,-1.28,-0.12
RTX,1995-06-12,3.2688199681862904,3.295309627635003,3.2688199681862904,3.2900116443634033,7198806,22.928811333768365,20.426420705545965,17.86327507935069,18.117901007594593,19.031033604343996,0.94,77.0,-1.3,-0.12
RTX,1995-06-13,3.2953097965002414,3.3006075231340333,3.2794158458709717,3.2794158458709717,4606829,22.79237894710608,20.455660479830232,17.814036352400656,18.12514192238231,18.96660320785471,0.94,67.0,-1.33,-0.09
RTX,1995-06-14,3.2794160687373677,3.2953100204467773,3.2635226308465892,3.2953100204467773,3832668,22.7626328586083,20.03742989745637,17.81709603038068,18.112948419892046,18.906381799154907,0.94,68.0,-1.35,-0.09
RTX,1995-06-15,3.2847132682800293,3.31120292248905,3.2847132682800293,3.2847132682800293,3355968,22.799511690784755,20.053001554180806,17.833942781302905,18.088075835779062,18.86987153420056,0.94,74.0,-1.38,-0.1
RTX,1995-06-16,3.290012036543641,3.2953100204467773,3.2847143095498197,3.2953100204467773,5302175,22.75938575241452,19.937248107613108,17.82340303454754,18.08534617303175,18.83384692784399,0.94,71.0,-1.4,-0.1
RTX,1995-06-19,3.316504823088835,3.364186209311298,3.3112070911048836,3.353590488433838,6672529,22.927737437151055,20.141023020684113,17.981963120319005,18.17570090751886,18.897520375123282,0.94,95.0,-1.4,-0.16
RTX,1995-06-20,3.342994510646821,3.3535904884338383,3.3112070911048836,3.353590488433838,4908103,22.621639990555266,19.94391298402185,17.85980641392479,18.16505474222253,18.844460049544452,0.94,77.0,-1.39,-0.1
RTX,1995-06-21,3.3535877290997185,3.3641834412590197,3.3059063821094976,3.316502094268799,2369517,21.935837009491554,20.136062650486565,17.93966577173953,18.22137602099772,18.87033303319704,0.94,88.0,-1.41,-0.14
RTX,1995-06-22,3.3217987889188922,3.358884669126616,3.3217987889188922,3.3376927375793457,2171210,21.881278600959508,20.131062527737065,17.485517142637914,18.21934465762244,18.849861418390987,0.93,51.0,-1.43,-0.12
RTX,1995-06-23,3.3376935192256596,3.342991503353199,3.316501839624827,3.3323957920074463,1761883,20.804195102551102,19.881025706568277,17.430152231761777,18.2010161527904,18.719753287895553,0.93,51.0,-1.44,-0.09
RTX,1995-06-26,3.3323950241449047,3.3482884590466484,3.290011417800098,3.321798801422119,2604689,20.291763630691545,19.907376431825437,17.37816467267993,18.19229875354596,18.72407909503564,0.92,51.0,-1.47,-0.06
RTX,1995-06-27,3.32179919397265,3.3323954179476347,3.32179919397265,3.327097177505493,2618672,20.28490683113324,19.907622213131074,17.355136395719793,18.191529003511164,18.711519382764855,0.91,51.0,-1.49,-0.04
RTX,1995-06-28,3.33239604787177,3.3376937754967475,3.3006081406658283,3.316502094268799,2093666,20.224498422532804,19.9269635802013,17.333130713506968,18.17086740539012,18.709502149880976,0.91,51.0,-1.5,-0.03
RTX,1995-06-29,3.316501839624827,3.342991503353199,3.3059061282790743,3.3323957920074463,4447929,19.52704296958741,19.917766346958086,17.336275908311915,18.04373410033979,18.693460639030718,0.9,52.0,-1.51,-0.03
RTX,1995-06-30,3.3217989321789014,3.3376928815248164,3.300607256626958,3.3112034797668457,3209780,19.256946802959117,19.934410279116086,17.3765136903085,18.05606027759499,18.69504565970953,0.9,54.0,-1.52,-0.06
RTX,1995-07-03,3.311205613817935,3.321801073058697,3.305907627288111,3.319152593612671,1222894,18.994177874952722,19.92305704434295,17.3514005524285,18.05380841917071,18.693549729038043,0.9,53.0,-1.53,-0.04
RTX,1995-07-05,3.3217998239672863,3.3588857157307013,3.316502096339002,3.3482894897460938,4019534,18.171143164034927,19.931823291608122,17.383912638449107,18.075394056502027,18.69761611874104,0.89,57.0,-1.54,-0.06
RTX,1995-07-06,3.3535877311930706,3.3747794124342474,3.3376937775801787,3.3482894897460938,9006452,18.123059255354438,19.287243000054477,17.38486533753764,18.043538266301436,18.68586667903233,0.89,58.0,-1.54,-0.06
RTX,1995-07-07,3.353587848772263,3.427758864171543,3.348289607139526,3.4012691974639893,6216168,17.80370447924037,19.46906837931927,17.479316975259348,18.119037123244183,18.731935095599265,0.89,60.0,-1.52,-0.1
RTX,1995-07-10,3.3959727025413096,3.448952320115706,3.390674715092921,3.4118666648864746,2616130,17.11249756653003,19.263781303767118,17.477999714363865,18.050727723194264,18.73285647430792,0.89,60.0,-1.5,-0.1
RTX,1995-07-11,3.433057286966563,3.486036374197292,3.427759558080075,3.448951244354248,3493258,16.988684483619366,19.133743966926403,17.373372331736267,18.048428504909147,18.752393351041015,0.89,55.0,-1.47,-0.06
RTX,1995-07-12,3.448951561408136,3.4807389652868324,3.4224618869029353,3.4754409790039062,5937775,16.970825426341502,19.054174757213392,17.35182394733223,17.988119759753577,18.763784099822846,0.89,54.0,-1.42,-0.05
RTX,1995-07-13,3.4701422291059254,3.4701422291059254,3.4277588651257824,3.433056592941284,3629276,17.477848549575675,18.98537073265134,17.23084669598841,18.05134979191194,18.703521318748983,0.88,50.0,-1.4,-0.04
RTX,1995-07-14,3.417162314898213,3.4330562675664016,3.4118645875848146,3.4224605560302734,2439433,16.576357180183123,19.020293546773495,17.211321188651745,17.93111242535121,18.67885990970746,0.87,49.0,-1.39,-0.02
RTX,1995-07-17,3.422460339089679,3.459545712479381,3.41186437131587,3.4383537769317627,2304686,14.096334780980133,18.818837029240658,17.215892723765588,17.917688825625905,18.680600858018664,0.87,50.0,-1.37,-0.03
RTX,1995-07-18,3.443652305481642,3.4542482749313552,3.4277588651257824,3.433056592941284,3100457,11.905812303606462,18.35178600990139,17.223765385988195,17.546264402349664,18.642413688055353,0.86,51.0,-1.35,-0.03
RTX,1995-07-19,3.4277574455672855,3.4277574455672855,3.3535864608642485,3.3694798946380615,5757265,12.767736323993997,18.55290070143875,17.534469418958786,17.70630502261526,18.642798510318723,0.86,69.0,-1.34,-0.11
RTX,1995-07-20,3.3853767864775266,3.4012707478927453,3.3535893774660344,3.364185094833374,4018263,12.155457897933724,18.486540375221637,17.532780406567078,17.698279812876628,17.610390824657383,0.86,69.0,-1.32,-0.11
RTX,1995-07-21,3.3429944214237306,3.3906755494640475,3.337696432671623,3.3588883876800537,6125913,12.117201287251039,18.436897750069953,17.53099658300161,17.679894715452456,17.612057265593524,0.85,69.0,-1.3,-0.1
RTX,1995-07-24,3.337696432671623,3.3641861195226106,3.337696432671623,3.3588883876800537,4763186,12.09757834236535,18.436897750069953,17.53067617640827,17.64459422619442,17.612127139707304,0.85,69.0,-1.27,-0.1
RTX,1995-07-25,3.422462449749852,3.4701438203188486,3.4065684882872045,3.454249858856201,8298394,14.355936078124504,18.971875236092668,18.006021507226855,17.84507909228071,17.75121031168312,0.85,100.0,-1.24,-0.12
RTX,1995-07-26,3.4648450659455774,3.5178246727753164,3.454249350107178,3.5019307136535645,12311572,14.693882762594077,19.016214900204766,18.03226310343846,17.887625676558393,17.794909922385337,0.85,100.0,-1.19,-0.14
RTX,1995-07-27,3.491333861098462,3.5813983155844844,3.491333861098462,3.5761005878448486,9117046,15.657714497603054,19.388905734824935,18.19329029387383,18.023385960646394,17.769756962253258,0.86,100.0,-1.11,-0.18
RTX,1995-07-28,3.581398468578206,3.5866967103628804,3.55490880111101,3.565505027770996,3311476,15.649515129383266,19.415906662022184,18.042621151765765,18.031219624455463,17.75873117759407,0.86,99.0,-1.04,-0.12
RTX,1995-07-31,3.5549102965319115,3.5708042578438555,3.5443148361428904,3.560208797454834,3864448,15.696196194072186,19.397388833011288,18.040202740819336,17.871426847692238,17.319148985909035,0.86,98.0,-0.99,-0.12
RTX,1995-08-01,3.5602073857959597,3.5602073857959597,3.539015445782857,3.544313430786133,2696215,15.161045953268317,19.279565101124028,18.046495971635597,17.826835516193476,17.32655396722582,0.86,99.0,-0.96,-0.12
RTX,1995-08-02,3.57080438324156,3.597294062782247,3.5496126909909065,3.55491042137146,10239516,15.154185935000907,19.105160546382358,18.028169418775278,17.82558071733616,17.30267740950585,0.87,95.0,-0.93,-0.11
RTX,1995-08-03,3.5443120840185904,3.5443120840185904,3.523120152057997,3.5390141010284424,6178032,14.77422946284021,18.545753110810416,18.060277252021066,17.81440619453725,17.274977106889963,0.87,99.0,-0.89,-0.13
RTX,1995-08-04,3.5337157249450684,3.5443119474262743,3.5178222904056744,3.5337157249450684,1802562,14.755617106742273,18.50337629022445,18.058061567339074,17.73105311742706,17.261370939107227,0.87,98.0,-0.87,-0.13
RTX,1995-08-07,3.5390169733203196,3.5602089224804527,3.5337187291208063,3.55491042137146,3227577,14.763074262524004,17.90146958403857,18.054073971183577,17.730093473620602,17.259056143671657,0.88,97.0,-0.84,-0.13
RTX,1995-08-08,3.544314960610353,3.5602089224804527,3.5390169733203196,3.55491042137146,4081823,14.691656823028204,17.572131394762703,18.058043005539638,17.59089495093932,17.250907921557644,0.88,97.0,-0.82,-0.13
RTX,1995-08-09,3.5443120840185904,3.57080148515079,3.5337158611290227,3.5390141010284424,3601310,14.820579875684011,17.618183128777165,18.087357171381946,17.24401456015248,17.156023156992404,0.88,99.0,-0.8,-0.15
RTX,1995-08-10,3.565503759069913,3.57080148515079,3.5178224259771196,3.5390141010284424,4239452,14.751106649400592,17.569244427288382,17.819526248637185,16.95726587750623,17.13082774720047,0.89,79.0,-0.82,-0.07
RTX,1995-08-11,3.5284186916231373,3.539014659274849,3.4966313024866267,3.5178229808807373,1999598,14.915233989396745,17.22700053887536,17.857381165585174,16.90986344986622,17.146325329597435,0.89,81.0,-0.86,-0.09
RTX,1995-08-14,3.5284181350481454,3.5496098100994677,3.5284181350481454,3.5390141010284424,3266984,14.75574518775323,17.00925699849699,17.78147031721749,16.7828874277822,17.104234378731825,0.89,74.0,-0.89,-0.05
RTX,1995-08-15,3.5337158611290227,3.5443120840185904,3.5178224259771196,3.5390141010284424,2905963,14.769563100959335,16.86999919767216,17.76650842090444,16.621434179395912,17.104526447147457,0.89,73.0,-0.9,-0.03
RTX,1995-08-16,3.5390157017682418,3.544345344232694,3.496376752853394,3.4963767528533936,3012744,15.190764084319463,16.6099144664673,17.761313937087504,16.689422298919084,17.148710771211025,0.9,72.0,-0.9,-0.01
RTX,1995-08-17,3.496377612760166,3.496377612760166,3.405770308638891,3.4803881645202637,15933221,15.286368088876031,16.625904835292012,17.78369801055075,16.60995632081207,17.08892675261137,0.9,75.0,-0.88,-0.02
RTX,1995-08-18,3.4857162703427407,3.5017059699848327,3.4857162703427407,3.49104642868042,5097512,14.677866924239796,16.187410722677384,17.773956802990995,16.560953331462013,17.087546700956317,0.9,72.0,-0.88,-0.02
RTX,1995-08-21,3.464397605781516,3.5390157017682418,3.464397605781516,3.4963767528533936,3541563,14.664005755499343,15.838131749245438,17.581719481190635,16.54297164634491,17.033568601719317,0.9,68.0,-0.85,0.08
RTX,1995-08-22,3.501707575875052,3.5709955307287693,3.501707575875052,3.5496761798858643,3005117,14.970010176765822,15.945415633146062,17.704740563557294,16.60113907817212,17.06632955983558,0.91,68.0,-0.83,0.0
RTX,1995-08-23,3.549676179885864,3.555005823753765,3.5336864729108597,3.5496761798858643,4381826,14.8364616809993,15.893198790220655,17.70757694507359,16.555188654187663,17.06461450377588,0.91,68.0,-0.8,0.0
RTX,1995-08-24,3.5390153662401174,3.5390153662401174,3.5283553069507776,3.5336852073669434,2876726,14.4112803418985,15.911572693549559,17.72880597976435,16.507879859225234,17.0516372326683,0.91,69.0,-0.77,-0.0
RTX,1995-08-25,3.5283553069507776,3.5390153662401174,3.517696023032461,3.5336852073669434,1796206,14.363481164718262,15.379354523329589,17.721579185975003,16.493343807693766,17.01802004400858,0.92,67.0,-0.74,-0.0
RTX,1995-08-28,3.5230257511138916,3.533685293749794,3.5070360494745163,3.5230257511138916,2134345,14.369615428963666,14.173382133490234,17.700420510345072,16.271118192166277,17.016577661645286,0.92,64.0,-0.71,0.01
RTX,1995-08-29,3.523025664991619,3.560334709447774,3.517696023032461,3.5336852073669434,3242831,14.365549840755785,13.087199134873787,17.69247184309841,16.239124684116007,16.995464445025732,0.92,63.0,-0.68,0.02
RTX,1995-08-30,3.5390141544638953,3.5656633889628866,3.5390141544638953,3.560333490371704,4154282,13.211206539688348,12.930466578864621,17.69232570721461,16.203095219568304,16.992713948844685,0.92,62.0,-0.67,0.01
RTX,1995-08-31,3.5603340393244034,3.576323220649414,3.5550038814544673,3.5550038814544678,2089853,13.209551906203723,12.613033004694167,17.280608493362454,16.08149333209452,16.94434472580629,0.92,42.0,-0.76,0.05
RTX,1995-09-01,3.5656661449760523,3.5976450443267822,3.5656661449760523,3.5976450443267822,1632221,13.482878533527746,12.761083736498366,17.348962011204975,15.848744509371397,16.96981655166974,0.92,44.0,-0.9,-0.0
RTX,1995-09-05,3.6083031897946007,3.629622532373102,3.602973031078725,3.6242923736572266,4100891,13.543516674796663,12.79821825692507,17.21980687908866,15.711118400983356,16.942433690870434,0.92,37.0,-0.97,0.07
RTX,1995-09-06,3.6296233369811057,3.6456125243881843,3.6136336326599126,3.613633632659912,4479709,11.266549654924894,12.794569334011713,17.092134615966636,15.677317731971058,16.893489004549185,0.92,34.0,-1.01,0.15
RTX,1995-09-07,3.6136342324145794,3.6136342324145794,3.549676179885864,3.5496761798858643,2571638,11.986520788852664,13.367083286031972,17.298550247567032,15.806400609078569,17.000686730572383,0.92,41.0,-1.03,0.13
RTX,1995-09-08,3.5603336458523853,3.5816532411481456,3.5496738482045047,3.570993185043335,2978422,10.447337991132375,13.382105246914389,17.12085603165095,15.814083369249843,17.00657847584176,0.91,33.0,-1.12,0.19
RTX,1995-09-11,3.576323585129028,3.624292167820597,3.5709939436298423,3.618962526321411,4619541,11.100375968983487,13.570280008081918,17.21628539581884,15.864735489478193,17.014798933769164,0.91,35.0,-1.23,0.12
RTX,1995-09-12,3.6189637933735885,3.634953498840332,3.613633891551341,3.634953498840332,21184548,11.140312181570804,13.57846614389912,17.0762186477837,15.85056464071224,16.95447773441634,0.9,30.0,-1.29,0.21
RTX,1995-09-13,3.6349532384215038,3.6349532384215038,3.5976441867957765,3.613633632659912,4788610,11.204341754520371,13.251609779523701,16.795577770096497,15.761103911862929,16.923435782194368,0.89,29.0,-1.29,0.31
RTX,1995-09-14,3.6136318281974877,3.6242913672983987,3.592312491538738,3.6029720306396484,4150468,11.228792507628766,13.277274306221154,16.6284941673397,15.71020693635663,16.896203980837285,0.88,28.0,-1.28,0.42
RTX,1995-09-15,3.6029735822896107,3.6029735822896107,3.576324335375225,3.586984395980835,5967013,11.227482391010374,13.08186339039486,16.603197465061577,15.710055794567312,16.840801149011487,0.87,26.0,-1.28,0.43
RTX,1995-09-18,3.586985002134806,3.5923146456526918,3.5123671498564843,3.576324939727783,5852605,11.257882256256693,13.067585425198903,16.57992246638474,15.693631485361252,16.843029627826194,0.86,25.0,-1.26,0.47
RTX,1995-09-19,3.57632543348347,3.613634494002147,3.5709957892297615,3.5976450443267822,6329305,11.256328742277033,13.091297433524199,16.594331140793216,15.700253401984742,16.798909398658445,0.85,25.0,-1.25,0.45
RTX,1995-09-20,3.581653210894755,3.6083021878754966,3.581653210894755,3.6029720306396484,2350449,11.259946875740939,13.05825995369874,16.41900953206929,15.698055456010875,16.7611347876126,0.85,23.0,-1.25,0.53
RTX,1995-09-21,3.592312491538738,3.6136318281974877,3.592312491538738,3.6029720306396484,2818250,11.16396922015398,13.061095762015782,16.3370309909529,15.67277094535834,16.75315725307456,0.84,20.0,-1.24,0.61
RTX,1995-09-22,3.586984190957635,3.608303535579174,3.576324130961328,3.5816545486450195,3397918,11.322896635041038,13.113645887354759,16.356571810292586,15.6526319719858,16.73457509534056,0.84,20.0,-1.21,0.61
RTX,1995-09-25,3.5923129448707387,3.629621982574463,3.5923129448707387,3.629621982574463,2575451,11.748762907927441,13.325385913492532,16.46387760524047,15.71090268778661,16.777382574245028,0.83,23.0,-1.18,0.52
RTX,1995-09-26,3.6562723239389663,3.709570559155648,3.6562723239389663,3.6669318675994873,7652624,11.965396270229107,13.34459673473482,16.50463258764506,15.735565497094282,16.788150162304255,0.81,23.0,-1.14,0.47
RTX,1995-09-27,3.6775908470153813,3.6989104464811637,3.66693104728249,3.677590847015381,5426753,11.970018863010354,13.346123807871521,16.399184129934856,15.721768405691892,16.763311698526216,0.79,19.0,-1.12,0.53
RTX,1995-09-28,3.682921614278055,3.688251256942749,3.6616020097911113,3.688251256942749,4058942,11.280450298788521,13.268130037489959,16.288431580860436,15.707645539464654,16.760635396262007,0.78,13.0,-1.15,0.59
RTX,1995-09-29,3.6829194667797833,3.7788563387453453,3.6775895687658933,3.7681970596313477,2875454,12.464555690270325,13.871004290649545,16.15572203880127,15.87659771363605,16.87146284799649,0.77,12.0,-1.04,0.57
RTX,1995-10-02,3.76286701121472,3.76286701121472,3.6722597699808235,3.6989095211029053,2763589,13.895244699920012,14.195630088067418,16.441285243616107,16.032598239478006,16.981400043623633,0.74,21.0,-1.02,0.48
RTX,1995-10-03,3.6669314770344497,3.6829211785077254,3.645611875070082,3.6562719345092773,6498374,14.43791975868891,14.437669849353629,16.147197830216083,16.07083735177419,17.027839147633568,0.73,10.0,-0.99,0.52
RTX,1995-10-04,3.6349536029953633,3.6402832465132495,3.544346044792134,3.576324939727783,4829289,15.383972196021208,15.059955648638482,16.371616492793052,16.308853652508702,17.180852643139776,0.71,16.0,-0.96,0.54
RTX,1995-10-05,3.586983303876173,3.629621982574463,3.581653662881608,3.629621982574463,2694944,15.950143485968319,15.272306169102027,16.509879055772732,16.34494279220406,17.21749106986416,0.69,23.0,-0.92,0.45
RTX,1995-10-06,3.6402820744338524,3.6562717752104787,3.6242923736572266,3.6242923736572266,2499179,15.88720880331682,15.038425234789823,16.47766347186322,16.34713817629777,17.20674403514548,0.67,21.0,-0.88,0.47
RTX,1995-10-09,3.602973829779117,3.6136336326599126,3.581654999388698,3.613633632659912,2127989,15.923694176524556,15.036798474964403,16.240594840380375,16.355106466167697,17.21159717870938,0.66,8.0,-0.86,0.58
RTX,1995-10-10,3.5976441867957765,3.61896353410031,3.533685886425118,3.613633632659912,4618270,15.885620745873638,15.017714270338658,16.103830317775394,16.35066762650721,17.190102304393058,0.65,4.0,-0.89,0.67
RTX,1995-10-11,3.613632280056524,3.6935797379094666,3.613632280056524,3.682920455932617,3386477,16.727687078674577,15.462303684967452,16.259923582128767,16.471466842658675,17.182377601049787,0.64,8.0,-1.01,0.59
RTX,1995-10-12,3.6935797379094666,3.6935797379094666,3.6669307575964596,3.682920455932617,2805538,16.62971904511516,14.901016567514064,15.932882703624818,16.39216624903114,17.174901860353533,0.64,2.0,-1.03,0.73
RTX,1995-10-13,3.677590890585367,3.757538355701298,3.677590890585367,3.7255594730377197,3591140,16.876765958753605,15.027154657497945,15.990836552490254,16.409527744736092,17.203205233432232,0.64,2.0,-1.02,0.68
RTX,1995-10-16,3.725560272298212,3.73088991491421,3.6829215806279887,3.6935808658599854,6434814,16.83103740864189,15.161514546224398,15.802142067306843,16.183327257791486,17.231949346554185,0.65,1.0,-0.99,0.76
RTX,1995-10-17,3.69358168964387,3.714901040233862,3.6882520458391954,3.7042417526245117,5986081,16.73022710567719,15.160166350497637,15.590955789233533,16.140896064727674,17.20821346907621,0.66,1.0,-0.99,0.89
RTX,1995-10-18,3.709568795155131,3.8161659902697553,3.709568795155131,3.757537364959717,2725453,17.14180589246727,14.382230385110942,15.642053329412336,16.16760701476211,17.25345313691394,0.68,2.0,-1.01,0.85
RTX,1995-10-19,3.7575373649597164,3.773527060532522,3.7468778263680953,3.757537364959717,2291974,16.16068889180895,14.153801385931736,15.608161618212558,16.153883316965086,17.20236625277453,0.69,2.0,-1.01,0.88
RTX,1995-10-20,3.7522097916781134,3.7628690776841482,3.7149004814575832,3.7415497303009033,2716554,16.208261279850532,13.580204939398467,15.615149885852064,16.143189295859493,17.185782893011492,0.7,3.0,-1.01,0.88
RTX,1995-10-23,3.6775916799789368,3.6775916799789368,3.64028263092041,3.64028263092041,3835210,17.856737889405107,14.742863523128872,15.959776470395804,16.50738354076763,17.374680237797026,0.71,7.0,-0.98,1.08
RTX,1995-10-24,3.645610703957149,3.645610703957149,3.6029720306396484,3.6029720306396484,5039037,18.062960933809197,14.899534033084647,15.38658636987385,16.562362668734135,17.40557543913976,0.74,1.0,-1.03,0.93
RTX,1995-10-25,3.688249106336782,3.768197059631348,3.656270235167225,3.7681970596313477,8761110,22.20599852408881,17.44820602243864,16.344070244226156,17.322477453348696,17.84814296223276,0.74,17.0,-0.98,2.88
RTX,1995-10-26,3.768197059631348,3.800175930800905,3.72555813397712,3.7681970596313477,5750909,22.17217888735962,17.444575701942522,16.241890052642322,17.32384198701262,17.83644747087484,0.74,14.0,-0.94,3.05
RTX,1995-10-27,3.7735284638582174,3.789517648463359,3.730889518264121,3.7628684043884277,2637740,22.118921648116558,17.41492986942244,16.090677168784946,17.326403772675917,17.568904882003878,0.75,10.0,-0.91,3.21
RTX,1995-10-30,3.741547311105007,3.7735266991883467,3.741547311105007,3.7681970596313477,3565716,22.076626316360812,17.4071535041444,16.073835632160524,17.301891538679367,17.567099407288634,0.75,10.0,-0.89,3.22
RTX,1995-10-31,3.7788571792765326,3.8481450934981383,3.7788571792765326,3.784187078475952,8395005,22.05390350001795,17.38979493235742,16.072657408178294,17.302698658988554,17.560793260052762,0.75,10.0,-0.86,3.21
RTX,1995-11-01,3.762868404388428,3.778858105907594,3.7575387623390517,3.7628684043884277,3484359,22.156229299816946,17.442712599912756,16.091775253253747,17.230413824674752,17.55935362826965,0.76,13.0,-0.85,3.21
RTX,1995-11-02,3.7841883146072686,3.816167720250079,3.762868710845395,3.8055076599121094,3202153,22.332243315418758,17.53173890805993,16.15140368557332,17.24630616060824,17.56024508005849,0.76,16.0,-0.82,3.09
RTX,1995-11-03,3.8214962803018273,3.8321555622494756,3.789516883717121,3.816166639328003,4048772,22.21174817263559,17.53286445954317,16.14389179777205,17.100188570081457,17.506190550768565,0.76,15.0,-0.78,3.11
RTX,1995-11-06,3.8108360575591513,3.8108360575591513,3.7788571792765326,3.784187078475952,4400894,22.15286420125868,17.582377013748353,16.203240501612743,17.118210089722595,17.52567825878274,0.76,19.0,-0.78,3.04
RTX,1995-11-07,3.7841859599048324,3.7841859599048324,3.741547037370106,3.7468771934509277,3753854,22.223461901799276,17.699323583142153,16.299760485091856,17.173555279234684,17.55747215299357,0.76,24.0,-0.78,2.95
RTX,1995-11-08,3.773527702338688,3.8428156195680048,3.768198061364864,3.816166639328003,3828854,22.79716472796098,18.052116121229687,16.320337038663716,17.28454003517384,17.636711450522217,0.76,25.0,-0.75,2.93
RTX,1995-11-09,3.837486121494176,3.880124807357788,3.826826579256775,3.880124807357788,5068274,23.227165104470558,18.103305953511274,16.499140916211246,17.372477157414533,17.583643814389426,0.76,35.0,-0.65,2.68
RTX,1995-11-10,3.8588066995035417,3.8747964056629307,3.8428175102583273,3.84814715385437,3352154,22.620027438761884,18.17402674553704,16.450030367437783,17.408188342368067,17.569828468836892,0.76,33.0,-0.62,2.73
RTX,1995-11-13,3.816167489138235,3.8214971312989,3.7788581848144536,3.778858184814453,8370852,22.591531175820368,18.62020389386195,16.723597857147755,17.561618008977387,17.6817683567148,0.75,43.0,-0.62,2.54
RTX,1995-11-14,3.7095707116253793,3.7735290100454555,3.666932018316695,3.7522096633911133,11211984,22.414949709174437,18.699447593624033,16.769871465056372,17.590307273052133,17.685119841789028,0.75,44.0,-0.61,2.5
RTX,1995-11-15,3.738262450765688,3.818713226378213,3.7328992911296193,3.79725980758667,4501319,21.537628101050586,18.608887687910716,16.841157275587037,17.62756443419673,17.649066782324333,0.75,46.0,-0.61,2.38
RTX,1995-11-16,3.807987448418202,3.9152548323591345,3.807987448418202,3.8884379863739014,12767933,22.145964008518373,19.17444702850033,17.212175451367422,17.784484659555428,17.780584346710672,0.75,51.0,-0.56,2.07
RTX,1995-11-17,3.8830757663717366,3.8884394496862593,3.845532583996009,3.8616223335266113,3882245,22.28242181949076,19.213070879308695,17.248523427105976,17.763573360337492,17.704363278808138,0.75,57.0,-0.57,2.04
RTX,1995-11-20,3.850894388134093,3.8669846521514994,3.8187143802642822,3.8187143802642822,3312747,22.570529936524732,19.385497776136155,17.357388870766403,17.741512009665904,17.5001877625771,0.75,63.0,-0.59,1.96
RTX,1995-11-21,3.8026236036648426,3.893800973892212,3.797260443131146,3.893800973892212,2994947,23.131177066542286,19.716944330383534,17.5479706267611,17.859175415477004,17.391312635135677,0.75,73.0,-0.6,1.77
RTX,1995-11-22,3.883074835833679,4.033249349926998,3.883074835833679,3.9474353790283203,4412335,22.851394308495227,19.868622457725444,17.651782698191916,17.900547979405967,17.379206507154873,0.75,74.0,-0.54,1.65
RTX,1995-11-24,3.9635250131390385,3.990341598433006,3.9635250131390385,3.984978437423706,1544508,22.93271220592724,19.896426896951912,17.65948915352523,17.9101940695689,17.300976830785746,0.76,74.0,-0.4,1.64
RTX,1995-11-27,3.9903432067587645,4.001069793183253,3.968889773827194,3.97961688041687,5850062,22.802306337109652,19.895351633600733,17.664160165281853,17.913269944341724,17.189584412168074,0.76,74.0,-0.33,1.64
RTX,1995-11-28,3.9688873950819046,3.9957042351943928,3.9367073950128697,3.974250555038452,4636066,22.59897603335837,19.79488131090905,17.52770955372039,17.911759182567828,17.181140928266935,0.76,65.0,-0.3,1.79
RTX,1995-11-29,3.974251270295584,4.006431796321115,3.942071524517508,4.001068115234375,3175458,22.632912175365963,19.78725676810549,17.545247973682628,17.914651956179952,17.11952728026765,0.76,69.0,-0.24,1.76
RTX,1995-11-30,4.011794698525506,4.0439747002245925,4.001067597821725,4.022521018981934,3947076,22.37768042822865,19.778011495351272,17.49354729368142,17.91898292165702,17.08870750315541,0.76,63.0,-0.19,1.83
RTX,1995-12-01,4.033247441861789,4.086880855707501,4.027884282534903,4.081517696380615,3132237,22.645536759408223,19.516880889608572,17.589118631988114,17.978431288877378,17.1231962924744,0.76,71.0,-0.04,1.73
RTX,1995-12-04,4.070791637565639,4.183422433608306,4.070791637565639,4.140515327453613,2982235,22.786293126551133,19.65864076269574,17.562125874358124,17.88971794993034,17.156784071163596,0.76,69.0,0.23,1.69
RTX,1995-12-05,4.119063964608995,4.194151632997419,4.119063964608995,4.161971092224121,2928845,20.830158953169455,19.53645149892749,17.551631314291864,17.88588933508503,17.127317100854185,0.76,68.0,0.43,1.69
RTX,1995-12-06,4.167332691434316,4.178059272911134,4.119061904417504,4.140515327453613,3422070,20.56537340889415,19.591443514285857,17.582521834180575,17.859253016502073,17.097070579957492,0.77,70.0,0.45,1.68
RTX,1995-12-07,4.140517187725635,4.140517187725635,4.10297400564795,4.123086452484131,3150034,16.802733590383806,19.565176272093993,17.600820004445165,17.864094712030802,17.09712870302749,0.77,71.0,0.4,1.66
RTX,1995-12-08,4.10297272679692,4.10297272679692,4.05470245330325,4.076156139373779,3912754,17.30054184919171,19.73737305613366,17.422444563809396,17.850797913848186,16.990601080545893,0.77,58.0,0.29,1.74
RTX,1995-12-11,4.065429937393923,4.145880757826011,4.054703352063528,4.0976104736328125,3119525,17.273323839594372,19.700906602139277,17.421451747659056,17.850021768541506,16.971511147317173,0.77,58.0,0.18,1.73
RTX,1995-12-12,4.070792376073561,4.081519479661397,4.03324920405252,4.038612365722656,3620378,17.988764312489348,19.97049491407907,17.608323822166355,17.950982239223343,17.019173194138542,0.77,71.0,0.05,1.6
RTX,1995-12-13,4.038611243101077,4.124425187042148,4.038611243101077,4.070791244506836,2734351,18.055046370829572,19.99135336761863,17.632233948770974,17.859824262220016,16.942774474264795,0.77,71.0,-0.09,1.56
RTX,1995-12-14,4.0600664038196435,4.0761566704689915,4.017159286170593,4.027886390686035,2607231,18.302672286047677,20.158775597596893,17.2395265818858,17.919382450576542,16.801555583165083,0.76,53.0,-0.21,1.74
RTX,1995-12-15,4.043974488218614,4.065427908254124,4.033247908242078,4.054701328277588,5875486,18.153378839658647,20.178508319921065,17.148719059468846,17.928454372069254,16.706089804038214,0.76,50.0,-0.33,1.84
RTX,1995-12-18,4.043974641138889,4.054701481603491,3.9152541160583496,3.9152541160583496,5171242,21.09606195989209,21.50038801854181,17.817170162387765,18.445281998872666,17.078081704191217,0.75,89.0,-0.42,2.22
RTX,1995-12-19,3.9474369920725194,3.979617536902331,3.9259835556019484,3.968890428543091,12053518,21.22033139238887,21.50758328882504,17.919416086315408,18.495101183029625,17.091372777115865,0.75,92.0,-0.51,2.11
RTX,1995-12-20,3.9903408151554074,4.060064755497339,3.9742505550384517,3.974250555038452,5795401,20.939305477029695,21.43035422052298,17.914764576764547,18.47572975101913,17.09139128355863,0.75,92.0,-0.6,2.11
RTX,1995-12-21,4.065431046178192,4.119064507623012,4.060067882091556,4.113701343536377,5553873,22.50235412376174,22.480448420958208,18.658375069791447,18.873049160087533,17.39714999232944,0.76,100.0,-0.68,1.96
RTX,1995-12-22,4.086882591247559,4.097609694703936,4.070792326186768,4.086882591247559,2640282,22.239326757620926,22.545110055071387,18.700172756838622,18.888278488756576,17.406084092605802,0.77,100.0,-0.76,1.93
RTX,1995-12-26,4.097608605898166,4.097608605898166,4.060064924148182,4.070791244506836,2161040,22.105028901182067,22.193612407562423,18.696074301946606,18.687670973558056,17.339983483480896,0.78,99.0,-0.84,1.93
RTX,1995-12-27,4.092244665471491,4.097608605898166,4.065428084327509,4.070791244506836,1664001,21.28537518340659,21.80732608654656,18.691674800436306,18.68914252968793,17.30160407765932,0.79,98.0,-0.91,1.94
RTX,1995-12-28,4.076156139373779,4.113699309749674,4.070792197691127,4.076156139373779,3232662,21.096044607017372,21.633597486218186,18.67733784928127,18.60954319547752,17.290482224427862,0.8,97.0,-0.97,1.96
RTX,1995-12-29,4.081518345112837,4.092244665471491,4.060064924148182,4.070791244506836,1419930,20.9443285126298,21.063816307492974,18.680963566164706,18.535181366773966,17.276065903737408,0.81,97.0,-1.04,1.95
RTX,1996-01-02,4.033248119685714,4.065428121384801,4.011794698525506,4.022521018981934,5359379,20.31726251989645,21.09108415418859,18.777345116727393,18.56253562215098,17.32921089173892,0.83,100.0,-1.09,1.88
RTX,1996-01-03,4.02252153916891,4.043975223185931,3.9957049543126044,4.001068115234375,3841566,20.268168172035548,21.131013707494247,18.805794867323833,18.48533104451648,17.341950589763,0.84,100.0,-1.13,1.85
RTX,1996-01-04,4.01715837824714,4.081518910133232,4.001068115234375,4.001068115234375,6438628,19.932181741013892,21.112279382503125,18.771131717323563,18.486433295910462,17.32592310470819,0.86,98.0,-1.17,1.88
RTX,1996-01-05,3.979612725612843,3.99570245841024,3.9688856302224926,3.9903390407562256,3537750,19.22333119263833,21.128665816440513,18.76622106539547,18.41562010865792,17.301003576365805,0.87,97.0,-1.2,1.9
RTX,1996-01-08,4.01179577712441,4.05470263098063,4.01179577712441,4.038612365722656,1347472,19.13284715693323,20.93177859750901,18.843571236047147,18.28803530424712,17.330772338118035,0.88,100.0,-1.23,1.81
RTX,1996-01-09,4.070793041320815,4.086883309208253,4.001069327389609,4.006433010101318,3691565,19.111980662040853,21.020877988101084,18.7799920275149,18.229128165166273,17.35237363069474,0.9,98.0,-1.26,1.86
RTX,1996-01-10,3.9903430838619736,4.022523102226934,3.9045290946960454,3.904529094696045,4189875,20.53835288286704,21.634433818346217,19.245883091339643,18.485606013226622,17.55840345523836,0.92,100.0,-1.28,1.67
RTX,1996-01-11,3.91525536751353,3.958162483004134,3.883074835833679,3.9474353790283203,4339877,20.807762113016036,21.642507657191143,19.306210902003965,18.501347325229187,17.575079682186317,0.95,100.0,-1.3,1.61
RTX,1996-01-12,3.9688881741483386,3.984978437423706,3.904527641211846,3.984978437423706,4904290,20.902263288515474,21.707521349360793,19.35041592085723,18.52582910995832,17.59127032996794,0.97,100.0,-1.32,1.57
RTX,1996-01-15,3.97425448680527,4.001071353447933,3.9367112896378544,3.9635281562805176,2898336,20.889373684561825,21.57581997729251,19.25132264990338,18.45809382533278,17.586005711037277,0.99,98.0,-1.33,1.66
RTX,1996-01-16,4.022521937286566,4.022521937286566,3.9206182285325135,3.9420719146728516,5593280,20.43615838026287,21.614022707427548,19.278502900991835,18.433263769949974,17.575066214577785,1.01,98.0,-1.34,1.64
RTX,1996-01-17,3.9420719146728516,3.9688885021832525,3.936708493137767,3.9420719146728516,4001738,19.906093406666272,21.589012422613703,19.258648985556885,18.422573523248122,17.57041723675945,1.03,97.0,-1.34,1.66
RTX,1996-01-18,3.947433777603819,3.958160877227783,3.8830732605194345,3.958160877227783,5514466,19.876057147658557,20.77470278811148,19.26361456970744,18.423920966398487,17.54732483317279,1.05,97.0,-1.35,1.65
RTX,1996-01-19,3.9581612756662117,4.038611279913928,3.94743417496243,4.022521018981934,5984810,20.499363697508226,20.84511809826994,19.397870126407668,18.49910810129328,17.606180401556095,1.07,100.0,-1.37,1.53
RTX,1996-01-22,4.033248119685714,4.054701540845922,4.01715785875372,4.022521018981934,3483088,20.47761406657464,18.82155878850759,19.397078178962914,18.449234841804433,17.606180401556095,1.1,99.0,-1.39,1.53
RTX,1996-01-23,4.0171551917140125,4.043972015380859,3.9849752113796177,4.043972015380859,5181411,20.29747063025934,18.83997280160553,19.382297006067425,18.402535313635425,17.60641717037924,1.12,98.0,-1.4,1.55
RTX,1996-01-24,4.204874723939882,4.28532549379788,4.108334216242128,4.17805814743042,16517973,22.386127040397675,19.901204806860218,20.004790761299297,18.55431982622062,17.872182417910913,1.15,100.0,-1.38,1.36
RTX,1996-01-25,4.194151474667577,4.263875196796495,4.194151474667577,4.2263312339782715,13259887,22.123404712387497,20.000895328772554,19.999195792624093,18.57463261604729,17.846329777287888,1.18,99.0,-1.31,1.37
RTX,1996-01-26,4.204877368041801,4.253147652243893,4.199514205416898,4.231694221496582,4933527,22.03946354899828,19.995423372884424,19.97784114422341,18.368397522207104,17.83057289779845,1.21,98.0,-1.26,1.39
RTX,1996-01-29,4.237056557483992,4.263873925871917,4.204876547682536,4.247783660888672,3558089,21.75780857846245,19.93746222330667,19.967891285970992,18.26671312222766,17.65256525186191,1.24,97.0,-1.21,1.4
RTX,1996-01-30,4.269236821494479,4.328233415761064,4.263873660250018,4.322870254516602,5178869,22.19370188735702,20.101891857228487,19.879236373069674,18.362241704159015,17.694448219438346,1.27,96.0,-1.08,1.41
RTX,1996-01-31,4.322869058187692,4.419409575025986,4.322869058187692,4.403319835662842,6161506,19.687073939721504,20.37795650638619,20.040895218053997,18.45246150145999,17.74459363675758,1.29,100.0,-0.83,1.29
RTX,1996-02-01,4.38186684296378,4.392593684330091,4.290689731680012,4.34432315826416,4894120,20.090237656099575,20.518846927691463,20.110081204333387,18.411555344651948,17.80223484956889,1.32,100.0,-0.76,1.27
RTX,1996-02-02,4.344323679741951,4.344323679741951,4.269236821494479,4.322870254516602,4158095,20.218125470739913,20.41775330477293,20.13436110337103,18.357820747981865,17.79823661197245,1.35,100.0,-0.75,1.25
RTX,1996-02-05,4.322871391996745,4.344324822867151,4.285328213076747,4.290691375732422,3353426,18.044716562062845,20.241202168781836,20.15123553352266,18.34976641335204,17.82147301209726,1.37,100.0,-0.76,1.24
RTX,1996-02-06,4.301416868364706,4.3979571527144845,4.301416868364706,4.381867408752441,4165722,18.745288799589005,20.397118910545426,20.36814727811091,18.334231825555904,17.920749576902786,1.4,100.0,-0.71,1.1
RTX,1996-02-07,4.419411602920936,4.473045825958252,4.33359814647397,4.473045825958252,5574212,19.37105119875331,20.631074559313785,20.55479227073585,18.459613855506678,18.00852322378139,1.43,100.0,-0.54,0.97
RTX,1996-02-08,4.440863958280583,4.478407382965088,4.397956592738361,4.478407382965088,5416583,19.357278354482972,20.17882722033817,20.538671207048687,18.336406550693802,18.008698470726934,1.45,99.0,-0.44,0.98
RTX,1996-02-09,4.478407953184723,4.483771374560407,4.365777144625393,4.381867408752441,6315322,20.66520541063359,20.70590734044232,20.880774180035946,18.443646867004418,18.164032358075335,1.49,100.0,-0.47,0.86
RTX,1996-02-12,4.408685768987103,4.451592632025659,4.37650523158432,4.414048671722412,5236073,20.681376467353232,20.63837069377562,20.897827743393805,18.416121056895978,18.155945809253762,1.52,100.0,-0.48,0.84
RTX,1996-02-13,4.419410827711414,4.564221644015594,4.414047406348481,4.537404537200928,8780178,21.408709225076052,20.820938563941333,21.28414718772763,18.65062992737735,18.335776925028416,1.55,100.0,-0.38,0.69
RTX,1996-02-14,4.515952670029315,4.537405841482778,4.483772652766543,4.526679515838623,6357271,21.312646133364773,20.753068604172498,21.256505476319802,18.649282776859476,18.27945422609971,1.58,99.0,-0.34,0.7
RTX,1996-02-15,4.537403970255764,4.537403970255764,4.467680541579532,4.478407382965088,4221655,21.71520436912182,20.74040277286444,21.283252487836123,18.566634180707467,18.307689005932602,1.62,99.0,-0.37,0.7
RTX,1996-02-16,4.494497254293338,4.494497254293338,4.440864086151123,4.440864086151123,6308966,21.925561746179763,20.561390176209205,21.307857477196304,18.27201154699423,18.23750320927952,1.65,100.0,-0.43,0.7
RTX,1996-02-20,4.397955895655317,4.43013641471132,4.360412737003933,4.403319835662842,5021240,22.043664047976367,20.534257758830474,21.371074150103944,18.04899185074267,18.250880452314423,1.68,100.0,-0.5,0.67
RTX,1996-02-21,4.394693773298786,4.534892559051514,4.3839093921168395,4.534892559051514,5229717,23.084100562064798,21.24762847325937,21.81654746413269,18.299517457007767,18.45840513302041,1.71,100.0,-0.51,0.52
RTX,1996-02-22,4.545677358901787,4.653522743353929,4.534892715863003,4.615777015686035,7418723,21.580194485600636,21.470313356509298,21.739467872726376,18.31414637595193,18.524432335596817,1.74,99.0,-0.47,0.55
RTX,1996-02-23,4.615775087852018,4.729012223560849,4.604990449317568,4.712835788726807,5558958,21.97939700191304,21.77991029328991,21.688694603150253,18.4399799347413,18.618448684338347,1.77,98.0,-0.31,0.53
RTX,1996-02-26,4.707442504706651,4.739796417273644,4.658912158823746,4.680481433868408,6636935,22.258655452269988,21.854783541398323,21.624058184439562,18.46515973127473,18.635872326337765,1.79,97.0,-0.28,0.56
RTX,1996-02-27,4.680484071920281,4.702053359121997,4.62116957805132,4.642738342285156,4191146,22.385426854655236,21.956401119809275,21.33108981006088,18.495893843729867,18.66000531533688,1.81,95.0,-0.3,0.64
RTX,1996-02-28,4.658913075760223,4.729012710484338,4.648128959083018,4.669698238372803,4857255,22.154378332875943,21.82192549992871,21.247919204290255,18.491389467740458,18.663017014866053,1.83,90.0,-0.33,0.7
RTX,1996-02-29,4.64813068174081,4.691268733340216,4.631953716278076,4.631953716278076,4859798,22.456912235459676,21.775205716850426,21.305796347075123,18.526534981191997,18.686514971691466,1.85,93.0,-0.39,0.67
RTX,1996-03-01,4.658914076715924,4.702052644563704,4.599599591860825,4.604991912841797,7605590,22.689373590933048,21.8207590060488,21.329387631743156,18.539284775343063,18.678527989804525,1.86,94.0,-0.46,0.66
RTX,1996-03-04,4.61577626347701,4.8422511155448005,4.61577626347701,4.772151470184326,6005149,24.175448768032233,22.85260434011368,21.967721508319368,18.964735999582825,18.94690203552272,1.88,100.0,-0.43,0.55
RTX,1996-03-05,4.734406501585078,4.761367583129978,4.691267934364771,4.745190620422363,4694542,24.346612066534206,22.87233358686269,21.852970830756842,18.896766545283462,18.901008973909192,1.9,99.0,-0.45,0.63
RTX,1996-03-06,4.809898711180409,4.809898711180409,4.745191373054546,4.750583171844482,6795835,24.37959080720699,22.69297482686427,21.85036172578017,18.895612683283204,18.896966962937544,1.91,98.0,-0.48,0.63
RTX,1996-03-07,4.734405078409276,4.745189194004825,4.648128492871445,4.702051162719727,4671660,23.361318644427723,22.83657413724481,21.89637609042586,18.887589105608075,18.928404205906403,1.92,99.0,-0.55,0.63
RTX,1996-03-08,4.540283638833063,4.6804823862481095,4.529498999116285,4.572637557983398,7632285,24.98873050358218,23.415627839977194,22.351220400003925,19.20716578127797,19.15671749044022,1.94,100.0,-0.63,0.58
RTX,1996-03-11,4.615778848291965,4.7344089228826745,4.604994200971345,4.723623752593994,6010234,26.43741551593926,24.205525625982762,22.864563305919074,19.54400924855417,19.397531417051354,1.96,100.0,-0.69,0.44
RTX,1996-03-12,4.691267424031441,4.869211902586584,4.680482783399557,4.842250823974609,5639043,27.138208369340383,24.474492760540723,23.063473463024227,19.720492125127656,19.525891294325824,1.98,100.0,-0.68,0.36
RTX,1996-03-13,4.8853886517657115,4.928526689455591,4.820681333747034,4.856405258178711,7181009,26.85155842094228,24.463211095640663,23.059957526968024,19.720642421894805,19.521729763630365,2.0,99.0,-0.69,0.36
RTX,1996-03-14,4.836856619257227,4.869210005580518,4.809895551149073,4.820679664611816,4036060,26.67726678111146,23.255729395263973,23.088774763665665,19.742714113179087,19.545258581052845,2.01,100.0,-0.72,0.35
RTX,1996-03-15,4.79911228850131,4.820681569886671,4.7344060132484405,4.788328170776367,6446255,26.38427565575067,23.25055046903051,22.634073367280035,19.76751304905157,19.564358227193534,2.02,96.0,-0.79,0.4
RTX,1996-03-18,4.809900533028781,4.836861629062031,4.782938914027457,4.804508209228516,6710665,26.269683467820848,23.247637064103408,22.537373802084645,19.742879792358078,19.468793490095447,2.02,95.0,-0.86,0.44
RTX,1996-03-19,4.842249588955843,4.960879036746846,4.820680313193333,4.923133850097656,7181009,26.730153788979926,22.753396009642803,21.789710156353546,19.91876210512926,19.589945841114424,2.02,88.0,-0.86,0.12
RTX,1996-03-20,5.004017816402081,5.0579404909344925,4.982449060369725,5.0148024559021,5931419,26.60246290625352,22.882129335972433,21.928462769683556,19.99667910619287,19.625222119848516,2.02,92.0,-0.8,0.04
RTX,1996-03-21,5.020195247778352,5.036371685582019,4.917742208828302,4.950096130371094,3837753,26.61713931332389,23.08044241931464,22.06239647561341,20.076081970868845,19.677945129497616,2.01,93.0,-0.82,-0.01
RTX,1996-03-22,4.966272815917957,4.977057456970215,4.917742454150554,4.977057456970215,2556383,26.615292620616803,23.07452269726628,22.065460206092425,20.015353588094094,19.626386817460684,2.0,93.0,-0.84,-0.01
RTX,1996-03-25,5.004016597104286,5.090293169114273,4.987839641795997,4.998624801635742,4577591,25.51042992665179,23.07143574905676,22.065614792500554,20.016718006418756,19.6247010234844,2.0,93.0,-0.85,-0.01
RTX,1996-03-26,4.977056740619716,5.020194775652109,4.95009566483735,5.0148024559021,3758938,25.497164970624453,23.050536403940818,22.024219205137403,19.990471712493484,19.620716881030884,1.98,90.0,-0.87,0.01
RTX,1996-03-27,4.939310821729212,4.960879576872461,4.874604033331804,4.912349224090576,5102597,25.49543005092018,23.366249500704473,22.295440549279956,20.159050628250732,19.687158168995037,1.98,93.0,-0.93,-0.04
RTX,1996-03-28,4.890781142369311,4.915046322101377,4.879996501828896,4.906958103179932,6058539,25.47640096171509,23.31501325572878,22.302928364195136,20.091544454589854,19.68863165428462,1.97,93.0,-0.99,-0.04
RTX,1996-03-29,4.971665465621745,4.982449583285894,4.842250823974609,4.842250823974609,3804702,25.603622591514252,23.555212926418772,22.376759007980688,20.16376187663054,19.74840494453161,1.96,94.0,-1.05,-0.07
RTX,1996-04-01,4.858425892117775,4.863817687365381,4.8045032329339366,4.820679664611816,2796640,25.48106695602179,23.576953189288158,22.316741277512428,20.17530943701958,19.75607432583036,1.95,92.0,-1.11,-0.04
RTX,1996-04-02,4.826074093810534,4.917742497629677,4.755974449318846,4.8799967765808105,3781820,25.395343357375395,23.580280718985534,22.227681175565923,20.208227408937336,19.778917728850693,1.93,89.0,-1.17,-0.01
RTX,1996-04-03,4.847642580207654,4.939311501833443,4.820681501824349,4.906958103179932,2963167,24.183159609711836,23.46961793267107,22.11719058564519,20.062488352240027,19.76774324327971,1.92,88.0,-1.21,0.05
RTX,1996-04-04,4.906959090259776,4.939312495421472,4.8638205194204,4.885389804840088,2391127,23.833339760789393,22.733449081097888,22.078369300416178,20.07256172467036,19.77549297298233,1.9,87.0,-1.26,0.06
RTX,1996-04-08,4.766758648698455,4.82607364654541,4.755974008550334,4.82607364654541,5064461,23.474829404996385,22.914743998865145,21.957158120021838,20.139158297166336,19.81886057130959,1.89,81.0,-1.3,0.09
RTX,1996-04-09,4.896174715298309,4.896174715298309,4.734407663364977,4.761368751525879,3682666,23.739391945381715,23.135157643492587,22.05150333197492,20.221317682641214,19.734261251589597,1.87,83.0,-1.35,0.06
RTX,1996-04-10,4.755973309600374,4.772150267445149,4.691266524156543,4.702051162719727,5983538,23.914482204819418,23.29113188203297,22.123708116684426,20.054037114772495,19.788021108214743,1.86,88.0,-1.38,0.05
RTX,1996-04-11,4.691268000847643,4.702052642805555,4.6103837091310975,4.637345314025879,11466224,24.207457300644165,23.482317777864957,21.994193509377922,20.087111565220546,19.797514993514522,1.84,80.0,-1.4,0.11
RTX,1996-04-12,4.637344346650465,4.664305945920909,4.594206310785444,4.648128986358643,6887362,24.100854432418693,23.475703994595705,21.950224588067773,19.9543349077684,19.745169630826254,1.83,77.0,-1.42,0.12
RTX,1996-04-15,4.648130616426142,4.750583160680163,4.62116953066832,4.7290143966674805,2963167,24.53043857033234,23.662153355332748,21.984589748852994,20.034481025370017,19.777117977136058,1.82,79.0,-1.45,0.09
RTX,1996-04-16,4.7775432888465765,4.82607364654541,4.7451898913699235,4.82607364654541,4323351,22.99590489210969,23.776925439974008,22.001939409829447,20.153407988586476,19.79739612099128,1.81,80.0,-1.47,0.08
RTX,1996-04-17,4.804506389422597,4.84764391754934,4.723622086023299,4.750583171844482,3150034,23.409045657362253,24.080485811214707,22.105328548854008,20.2461009479273,19.87662922705656,1.8,86.0,-1.49,0.07
RTX,1996-04-18,4.755974739259648,4.777544022869801,4.712837217974925,4.745190620422363,3723345,23.409045657362253,24.087668082495398,22.076425792551994,20.248081301368423,19.828755073463324,1.79,84.0,-1.5,0.09
RTX,1996-04-19,4.761365210180371,4.850337153311304,4.761365210180371,4.820679664611816,3973771,23.63627254383849,23.43162365815364,22.18256531216055,20.30422355161171,19.76878784789563,1.78,88.0,-1.51,0.03
RTX,1996-04-22,4.8638205194204,4.906959090259776,4.853036399678391,4.885389804840088,3442410,22.26118781618554,23.465294119646202,22.24988897153813,20.34695808269917,19.743589809374548,1.77,89.0,-1.52,-0.01
RTX,1996-04-23,4.896172232461667,4.9716647053403245,4.8746040004316455,4.901565074920654,8847552,20.335230903129712,23.46475486192108,22.23827332476044,20.34168225467394,19.725414357480087,1.75,88.0,-1.53,-0.0
RTX,1996-04-24,4.90156391487134,4.90156391487134,4.777541641858251,4.820679664611816,5241158,19.6983434917044,23.78620643433209,22.42788079511441,20.457184987822323,19.800177021021305,1.74,94.0,-1.53,-0.06
RTX,1996-04-25,4.82607413821095,4.836858779457778,4.772151454944579,4.782936096191406,4268690,19.79994776481582,23.652108249590885,22.385806516926845,20.475437715000144,19.822643572191595,1.73,93.0,-1.53,-0.02
RTX,1996-04-26,4.772152873009488,4.777545195235253,4.658915152204275,4.761368751525879,9031876,19.73080389114669,23.424410720252936,22.312204609037263,20.487616746406907,19.77317890213296,1.71,89.0,-1.52,0.03
RTX,1996-04-29,4.7505812644843814,4.788327501633934,4.648128761124304,4.6750898361206055,4431403,20.327524452009328,23.57397908101955,22.520989163574626,20.603413305678668,19.847614289022463,1.69,94.0,-1.51,-0.02
RTX,1996-04-30,4.664308266807438,4.772153148648064,4.621170209477597,4.76676082611084,4876323,21.129730353929453,23.829039101013173,22.682687912260285,20.704847464736115,19.920888970984404,1.68,96.0,-1.5,-0.1
RTX,1996-05-01,4.745190620422363,4.777544022869801,4.691267934364771,4.745190620422363,3036897,19.81950388040614,23.788704353024137,22.684746366697933,20.716900663651153,19.929780402717373,1.66,96.0,-1.48,-0.1
RTX,1996-05-02,4.658913334935466,4.702051895914833,4.64812921765834,4.653521537780762,3750040,19.596852159560697,23.830907399295263,22.83655907001038,20.804170393676028,20.03552479620901,1.64,96.0,-1.46,-0.13
RTX,1996-05-03,4.642738100315145,4.664307386392714,4.604992372647251,4.615777015686035,5828452,19.420958218358038,23.54787619213866,22.87690591437757,20.823298112673555,20.024942156735186,1.62,97.0,-1.42,-0.14
RTX,1996-05-06,4.626560975775688,4.631953297108621,4.497147355656658,4.534892559051514,4953866,19.770165438617184,23.84074041537141,22.937839194578594,20.946606460154257,20.082841282213465,1.6,97.0,-1.38,-0.15
RTX,1996-05-07,4.540283954529687,4.551068594996346,4.416262158066281,4.513322353363037,8715347,19.648674198298373,23.42129976719513,22.930948345745918,20.959532926571825,19.949673763467377,1.57,96.0,-1.34,-0.14
RTX,1996-05-08,4.4755778312683105,4.497147115447945,4.329986208991386,4.4755778312683105,10093328,19.596418602475797,23.44713736082047,22.90522328425269,20.92770497842538,19.96348092954669,1.54,95.0,-1.3,-0.13
RTX,1996-05-09,4.502537892780031,4.777543065918667,4.497146095925272,4.669698238372803,12602677,23.10194408362394,24.369398247419678,23.81529674694447,21.486464588359684,20.24662589906592,1.52,100.0,-1.25,0.0
RTX,1996-05-10,4.766760137117917,4.793721745906974,4.702053321959927,4.750583171844482,5260226,23.74061145648515,24.599862490319993,23.21757175762304,21.55378873957047,20.240631495505983,1.5,99.0,-1.21,-0.14
RTX,1996-05-13,4.7397990401577585,4.745191361902898,4.658914736948546,4.7290143966674805,5520822,23.484463487706332,24.508712545645224,23.164065871029813,21.565397376831406,20.24923005110591,1.47,98.0,-1.16,-0.09
RTX,1996-05-14,4.750580755513059,4.750580755513059,4.669697539189882,4.696658611297607,4833102,23.527386406532482,24.485527350897677,23.204375788401784,21.581832941052266,20.255466843256777,1.45,98.0,-1.1,-0.1
RTX,1996-05-15,4.702053321959927,4.793721745906974,4.680484034928682,4.750583171844482,4806407,23.48917807030613,24.498152119414268,22.65639309596734,21.612466149175344,20.19695679139852,1.43,85.0,-1.04,-0.05
RTX,1996-05-16,4.75597594334699,4.79641862183894,4.739799499511719,4.739799499511719,3274611,23.412929527173176,23.792141837453247,22.628239566449356,21.606069753331706,20.15556183402705,1.42,83.0,-0.97,-0.05
RTX,1996-05-17,4.777544769405859,4.815290498653959,4.723622074922342,4.7290143966674805,4352589,23.39538304644311,23.535305599669176,22.6196078569185,21.60783600363945,20.133443985764114,1.4,82.0,-0.89,-0.04
RTX,1996-05-20,4.755974739259648,4.766759381064725,4.707444374104594,4.745190620422363,2797911,23.18680743776159,23.158100247210957,22.620343851493686,21.573952797576805,20.030188342481626,1.38,82.0,-0.81,-0.05
RTX,1996-05-21,4.750582387920836,4.7613675526246055,4.723621306548672,4.734406471252441,2597062,22.868747058031435,23.117778597406602,22.628403208452042,21.56739363905245,20.02745439941501,1.36,83.0,-0.71,-0.05
RTX,1996-05-22,4.758252881177631,4.8395435206048125,4.747413393411362,4.834124565124512,3053422,23.34409215515691,23.433310467074648,22.83080199302044,21.68197879936636,20.037231230820044,1.33,87.0,-0.62,-0.15
RTX,1996-05-23,4.844963412362902,4.888318739093481,4.763672240443309,4.801608085632324,3945805,23.041982936495977,23.457257522994382,22.76670970683249,21.581122430062745,19.9871162469703,1.31,86.0,-0.51,-0.13
RTX,1996-05-24,4.812446726176032,4.839543606465833,4.774510357927652,4.7853498458862305,2510620,23.076428789291565,23.40337249893923,22.753258445764786,21.583290872641804,19.96855285183798,1.29,85.0,-0.39,-0.13
RTX,1996-05-28,4.796185442578237,4.807024398516625,4.714894324243496,4.725733280181885,3812329,22.864066793121452,23.52134420922238,22.865118090744225,21.602706777143478,20.00732818058119,1.27,89.0,-0.26,-0.16
RTX,1996-05-29,4.704055533151788,4.73657240210646,4.69321710243517,4.698636054992676,1989428,22.08390643431309,22.375624084570013,22.885130593976807,21.616771114058427,20.01413950587734,1.24,90.0,-0.11,-0.16
RTX,1996-05-30,4.671540191266658,4.741992896836904,4.660701232624818,4.720314979553223,2721639,21.677110532258226,22.368605265333894,22.82961253484515,21.602461502719297,19.918857154015736,1.21,84.0,0.05,-0.13
RTX,1996-05-31,4.720316456882651,4.763671779417321,4.660702691296774,4.741994380950928,3671226,21.71926879030457,22.387799556385207,22.782828565451556,21.599065176069505,19.703649634980117,1.18,83.0,0.22,-0.12
RTX,1996-06-03,4.720314979553223,4.7365734175159835,4.704056541590462,4.720314979553223,4216570,21.227889088317447,22.30691277738866,22.37774399341572,21.599596890839916,19.53616204294692,1.16,68.0,0.34,-0.09
RTX,1996-06-04,4.741994380950928,4.752832817383183,4.720316456882651,4.741994380950928,1548322,20.8736465126232,21.547538584650606,22.335182484247877,21.59593488107395,19.50531909508978,1.13,65.0,0.48,-0.06
RTX,1996-06-05,4.709478742071817,4.817866802215576,4.709478742071817,4.817866802215576,2377144,21.409488706148323,20.75202054728294,22.41393803441564,21.65613923083452,19.506252400052677,1.11,69.0,0.65,-0.11
RTX,1996-06-06,4.844964296396756,4.872061183446861,4.796189479224942,4.861222743988037,3856821,21.02229365140447,20.200608137107785,22.41085538711726,21.6735183436297,19.51453009450734,1.08,68.0,0.78,-0.13
RTX,1996-06-07,4.823283856715662,4.9750282374108075,4.801606463474753,4.958769798278809,4557252,21.61702801396087,20.597603385754574,22.555531736006536,21.77927147442171,19.597409369892663,1.05,72.0,0.81,-0.22
RTX,1996-06-10,4.9533511255712614,4.9533511255712614,4.904576325830599,4.915415287017822,2147057,21.749959036446008,20.621991320751167,22.621252203320413,21.79605803093505,19.619132116656353,1.02,74.0,0.77,-0.23
RTX,1996-06-11,4.926252854000879,4.926252854000879,4.807025365888292,4.855800151824951,2471213,21.34738837221228,20.732096507900756,22.73433191216424,21.814783416368794,19.661758182670212,0.99,80.0,0.66,-0.25
RTX,1996-06-12,4.861218646594995,4.899154992332439,4.8449602127075195,4.8449602127075195,1433914,20.65858402358621,20.727673478336428,22.631391810523162,21.795363680121273,19.662637237505386,0.96,75.0,0.61,-0.18
RTX,1996-06-13,4.834124974881708,4.850382893904466,4.801608085632324,4.801608085632324,1866122,20.793558164771593,20.181253251273716,22.69508669223651,21.830339284967025,19.68507141947379,0.92,79.0,0.41,-0.19
RTX,1996-06-14,4.7745106779245035,4.817866530257016,4.741994839878988,4.801608085632324,2951726,19.921516290477967,19.795124429663304,22.689625163830275,21.83038839693414,19.684890386780165,0.89,78.0,0.05,-0.18
RTX,1996-06-17,4.790768801462672,4.828705169711052,4.774510357927652,4.7853498458862305,2504264,19.778148890919933,19.638287413359443,22.155045921067874,21.70784380887007,19.62485319166902,0.86,48.0,0.02,-0.09
RTX,1996-06-18,4.774510357927652,4.861221531179193,4.774510357927652,4.7853498458862305,2932658,18.958272968850117,19.59896311225412,22.096311436313933,21.579179549252668,19.62485319166902,0.84,44.0,0.05,-0.04
RTX,1996-06-19,4.758253553097195,4.839544204003542,4.747414063800267,4.817866802215576,2842403,18.906253153645945,19.631919270817264,22.113743201692795,21.532487300580712,19.591681539407958,0.81,45.0,0.03,-0.06
RTX,1996-06-20,4.855799168632503,4.909993422655836,4.8070243925716625,4.8449602127075195,4609371,18.659693410362006,19.65782502813455,22.120826512806367,21.353066116763383,19.589922569607452,0.78,46.0,-0.02,-0.06
RTX,1996-06-21,4.899158324409991,4.985868453979491,4.877480397816157,4.985868453979492,8245003,16.393103596995452,20.100339646535655,22.397731691693288,21.53530611966059,19.775146872185108,0.75,61.0,0.02,-0.1
RTX,1996-06-24,4.975028162214866,4.985866595870623,4.937091804813598,4.947931289672852,3519953,15.994062188057534,20.16362611685891,22.27577048848863,21.56069788569594,19.79096955012977,0.72,51.0,0.11,-0.01
RTX,1996-06-25,4.947929329824897,5.029219915252182,4.947929329824897,4.9967041015625,3153847,16.074460111235922,20.06246088012174,22.192485987849984,21.574575418770756,19.8080650287924,0.69,47.0,0.15,-0.02
RTX,1996-06-26,5.002125641545058,5.040061477946426,4.958770324857523,4.980448246002197,5098783,15.938222396284043,20.05117235562102,22.181787669592396,21.58184769157306,19.808234354842554,0.66,45.0,0.12,-0.02
RTX,1996-06-27,4.964187236669738,5.007542530925214,4.94250932674123,4.9967041015625,1831799,15.69090438944101,19.911656133674928,22.137708272063673,21.485291377242994,19.80637542240269,0.62,43.0,-0.11,-0.01
RTX,1996-06-28,5.007546380573325,5.023804825518701,4.975030016284519,4.985868453979492,1566118,15.688705088121976,19.88957550790457,21.92272038778573,21.489237387761403,19.79380271130248,0.59,22.0,-0.13,0.11
RTX,1996-07-01,4.9750314815117935,5.029225262753434,4.96961147266511,5.007547855377197,2013581,15.66056962030305,19.882590086042974,21.709215263413544,21.459793638656382,19.795515875541266,0.57,15.0,-0.07,0.22
RTX,1996-07-02,5.1159312215880615,5.1159312215880615,5.018381674447578,5.029220104217529,3789447,15.670315334173587,19.722175431466095,21.715119707668023,21.427258940049096,19.78451060709715,0.55,15.0,-0.01,0.21
RTX,1996-07-03,5.029219801672756,5.061736140229632,4.980445556638206,5.023800849914551,3836482,15.646170495367212,19.503665647569594,21.404551777982512,21.42934514893454,19.78568755549083,0.54,11.0,-0.11,0.27
RTX,1996-07-05,4.9425114840201685,4.9425114840201685,4.904575650688805,4.931673049926758,1739002,15.679839812966613,19.71655997719338,21.61340791620088,21.509197847130086,19.83677406079012,0.52,11.0,-0.16,0.25
RTX,1996-07-08,4.866639109944585,4.88831650058216,4.82870328212756,4.855800151824951,4651321,16.23511998822255,19.771669090566522,21.35133083020802,21.602556901864595,19.90857007522859,0.52,8.0,-0.07,0.37
RTX,1996-07-09,4.8720571653743825,4.888315599557043,4.828702392090481,4.877477169036865,1985614,16.23622728510634,19.783653573532487,21.35402683127606,21.594865265611336,19.888542768377555,0.52,8.0,0.03,0.36
RTX,1996-07-10,4.8666416132409545,4.872060569486473,4.801608356673128,4.817866802215576,3643259,16.219480241869547,19.66071534403722,21.377018266023185,21.382749540883633,19.925349235724322,0.52,9.0,0.11,0.35
RTX,1996-07-11,4.785348136518871,4.790767090159615,4.660701165145815,4.769089698791504,7214060,16.42054234107906,19.325709034101163,21.397972638917818,21.381767457995295,19.91212783057405,0.52,9.0,0.08,0.34
RTX,1996-07-12,4.736574899933859,4.785349703485598,4.736574899933859,4.741994380950928,4290300,16.467987082981953,19.08798450189845,21.371975885202627,20.768986950670172,19.919608832738295,0.52,7.0,-0.27,0.35
RTX,1996-07-15,4.731151179173729,4.74199065830033,4.6444411277771,4.6444411277771,6793293,17.485031373461503,19.555711856090493,21.141117343840556,20.931972541394593,20.038667068476084,0.53,1.0,-0.29,0.45
RTX,1996-07-16,4.649862457753505,4.671540375893935,4.400569027147258,4.563151836395264,15339570,18.136294531818525,19.577664000018466,21.143301367419713,21.048022196185418,20.12536595957237,0.54,2.0,-0.28,0.53
RTX,1996-07-17,4.628183099264459,4.639022053730524,4.552310943603516,4.552310943603516,6809818,18.057862350033744,19.352738604986676,20.877935007199707,21.051935802326252,20.029942327202484,0.55,1.0,-0.32,0.7
RTX,1996-07-18,4.573989907813086,4.747411116874542,4.53605355842946,4.714894771575928,5264039,20.363512082388958,20.71556049232645,21.59438523160059,21.43083852267386,20.312667638732666,0.55,14.0,-0.3,0.6
RTX,1996-07-19,4.704056686874098,4.709476691964132,4.628185025241372,4.682378768920898,4264876,20.22726398585178,20.489608524308036,21.58386197981494,21.437101122511578,20.327394524589906,0.55,13.0,-0.28,0.6
RTX,1996-07-22,4.660701625280041,4.660701625280041,4.573991000043547,4.628185272216797,2121633,19.41392674547413,20.562263260044496,21.643879032377594,21.45721780535601,20.368268013178533,0.54,15.0,-0.3,0.61
RTX,1996-07-23,4.584828592795272,4.736572947520482,4.584828592795272,4.649861812591553,4281402,19.415199501401435,20.572727416365126,21.618353766728248,21.46046925073815,20.19383650369623,0.54,14.0,-0.29,0.59
RTX,1996-07-24,4.64444453836045,4.720316217548733,4.595669737281736,4.655282974243164,4899205,19.181047938040326,20.233607913946656,21.598473077324897,21.43059894748272,20.154617148812136,0.53,12.0,-0.27,0.59
RTX,1996-07-25,4.682377319466781,4.714894186330815,4.655280456014991,4.693216800689697,4510218,19.375759879329905,19.898411672800734,20.875044812809033,21.405750472199557,20.068495104140347,0.55,1.0,-0.31,0.63
RTX,1996-07-26,4.698636862275582,4.872058090756615,4.68779842969679,4.866639137268066,4680558,22.027687690667015,21.237260810799082,21.64192211071413,21.710759784424166,20.37064515951673,0.55,16.0,-0.31,0.56
RTX,1996-07-29,4.844962530962036,4.844962530962036,4.752832412719727,4.752832412719727,1831799,23.110544803155033,21.420100417594632,21.971691808415397,21.834743930851246,20.520544297550728,0.55,26.0,-0.31,0.5
RTX,1996-07-30,4.790767720740803,4.823284074873765,4.7148960525632955,4.812445640563965,1918241,23.38392991664718,21.487250982654363,21.99747770280724,21.846907830171208,20.543859748347703,0.55,28.0,-0.28,0.44
RTX,1996-07-31,4.801605001786047,4.882896647097752,4.790766045664274,4.877477169036865,2054259,23.696061574506494,21.2958192108529,21.626965986663883,21.771377254322054,20.579379230800456,0.55,16.0,-0.22,0.4
RTX,1996-08-01,4.861216915731305,4.909991674425617,4.839539011599877,4.8883137702941895,3800888,23.630256228741867,21.260106395768165,21.017825019642526,21.74808602004553,20.57153299813517,0.56,3.0,-0.22,0.54
RTX,1996-08-02,4.899156292052069,4.904575245850594,4.8774783744510675,4.882897853851318,3888601,23.583835246416463,21.169933415906588,20.649492979213026,21.71445632012895,20.57104116144867,0.58,1.0,-0.23,0.73
RTX,1996-08-05,4.893737590184694,4.926254475244994,4.877479673256411,4.909996032714844,1906800,22.066597815649082,19.392867427972693,20.662803526173654,21.557188471225178,20.570067843950486,0.59,2.0,-0.25,0.72
RTX,1996-08-06,4.975028038024902,4.996705955998775,4.926253248185426,4.975028038024902,3099186,22.304804745402418,19.26544112717036,20.730376295963662,21.580347587397654,20.603892880775483,0.6,3.0,-0.31,0.63
RTX,1996-08-07,5.0075432227144665,5.040059566497803,4.980446357161955,5.040059566497803,5142004,22.442585570782374,19.393424919933757,20.795963722922846,21.5713945867166,20.62842888310913,0.62,4.0,-0.36,0.55
RTX,1996-08-08,5.06173774068633,5.067157745361328,5.045479829068112,5.067157745361328,2546214,22.46327481088859,19.341778519303116,20.805322644796927,21.47065206287766,20.631736185748856,0.63,5.0,-0.39,0.54
RTX,1996-08-09,5.067155425692377,5.09425228305266,5.007541708778007,5.088833332061768,3406816,22.475661310291777,19.23674692799004,20.460314526979392,21.424087220104155,20.62016665022123,0.65,1.0,-0.38,0.71
RTX,1996-08-12,5.083416737850937,5.099675178527832,5.045480901873323,5.099675178527832,2480111,22.463990099372648,19.224478427709826,20.255453578019672,21.402830538077858,20.61523909197965,0.68,1.0,-0.33,0.85
RTX,1996-08-13,5.099674094199458,5.099674094199458,5.050899308141417,5.067157745361328,1655102,22.530436254030246,19.27495026600741,20.173357899940665,21.420190454049287,20.629674780588918,0.7,1.0,-0.34,0.89
RTX,1996-08-14,5.05631878721472,5.0779961779062415,5.034640870921504,5.067157745361328,2214430,22.49982136557022,19.27052460971475,20.156151831640834,21.418398379840614,20.585333008656534,0.73,1.0,-0.35,0.92
RTX,1996-08-15,5.056320086564841,5.099675404690831,5.056320086564841,5.0942559242248535,2761046,22.543617089942586,19.276790636271162,20.1620722271919,21.414113937934342,20.579929615194118,0.75,2.0,-0.33,0.91
RTX,1996-08-16,5.099672788530794,5.099672788530794,5.018381674447578,5.029220104217529,4228011,22.186555381005178,19.047186861037403,20.261662703333,21.474345163095833,20.629345074296996,0.77,5.0,-0.33,0.88
RTX,1996-08-19,5.050903195731769,5.050903195731769,4.996709414490129,5.007547855377197,2574180,21.71044651904576,19.01329028073456,20.00180769633195,21.425621391559265,20.63740278775217,0.8,1.0,-0.37,0.97
RTX,1996-08-20,4.996704289306115,5.040059059589041,4.958767945505825,5.029220104217529,2958082,21.708620757111692,19.00808020755157,20.011395562367003,21.37131896143067,20.593600428262622,0.82,2.0,-0.42,0.95
RTX,1996-08-21,5.02595515372106,5.02595515372106,4.911604951415671,4.927940845489502,3654700,22.255977093348285,19.30752635664891,20.163857049936983,21.51531456476125,20.707482093748844,0.84,5.0,-0.45,0.91
RTX,1996-08-22,4.927943636596308,5.009622097015381,4.927943636596308,5.009622097015381,2680961,22.45616941002549,19.525287587041507,20.313908748842213,21.58077384816492,20.75435252553004,0.86,9.0,-0.52,0.77
RTX,1996-08-23,4.99872744871827,5.031398697368217,4.987836856466445,5.0150628089904785,3184356,22.349366792238694,19.51138855215647,20.22533814603876,21.571638997178503,20.753909125943554,0.87,7.0,-0.57,0.85
RTX,1996-08-26,5.015063418118584,5.0313993084804745,5.004173352649585,5.020509243011475,1151707,21.29717567771844,19.497195250977754,20.20836695070639,21.52001505337188,20.749209838099453,0.89,7.0,-0.61,0.88
RTX,1996-08-27,5.053181162464404,5.053181162464404,4.993283411745539,5.0259552001953125,1915698,20.42321722910373,19.463059885315364,20.195109812450173,21.514507753403237,20.748599829959712,0.91,7.0,-0.66,0.87
RTX,1996-08-28,5.0150622030862175,5.031398089490305,4.993281021214102,4.998726844787598,2370788,20.514930619969636,19.49352287686031,20.116794796788103,21.44836132590676,20.750678757513754,0.92,3.0,-0.7,0.91
RTX,1996-08-29,4.987838369540523,5.004174262873797,4.93338591986863,4.949721813201904,2206803,18.460660579774167,19.360812737994117,20.061147923484825,21.472788289098588,20.77897230364311,0.94,3.0,-0.73,0.93
RTX,1996-08-30,4.949721966914649,4.949721966914649,4.8734883237643,4.911604881286621,1915698,18.494697725630147,19.3496486399483,19.996741060872157,21.453512834075244,20.77116539171235,0.96,1.0,-0.71,0.96
RTX,1996-09-03,4.873490522533253,4.938833599270665,4.82448334700668,4.9224982261657715,1797477,18.064081703940754,18.91550713082635,19.86666938176246,21.44383606274709,20.76224645935212,0.98,1.0,-0.67,1.01
RTX,1996-09-04,4.922494755792062,4.922494755792062,4.878932383274761,4.917048931121826,2683503,18.068980205416292,18.830651334567232,19.866546562358884,21.01177790690045,20.759362746574954,1.0,1.0,-0.63,1.02
RTX,1996-09-05,4.922496888777991,4.9497228552931185,4.868043899536134,4.868043899536133,1361455,18.39415945205585,18.775368884597757,19.754717349426294,21.002360017676438,20.701737781596975,1.02,1.0,-0.61,1.15
RTX,1996-09-06,4.868044147280463,4.933387209590327,4.829927580977137,4.889825344085693,2321211,18.31011966599805,18.79086110716613,19.504346152563837,21.006042463230795,20.69880115943477,1.04,1.0,-0.61,1.34
RTX,1996-09-09,4.9116064584323285,5.047737894605047,4.889825787756689,5.042292594909668,2471213,17.435845586782513,19.704572644333247,19.930621501358186,20.926148083902625,20.872734185692813,1.05,5.0,-0.64,1.18
RTX,1996-09-10,5.04773801051472,5.04773801051472,4.960613741493926,5.031402111053467,2074598,15.811499577266149,19.71337343891158,19.933557303337505,20.909957049932004,20.873302297920223,1.07,6.0,-0.66,1.18
RTX,1996-09-11,5.02595497657697,5.064071533300077,4.998729015519235,5.047736167907715,3920381,15.498788458287107,19.700295741784988,19.789061626911515,20.902567527259738,20.86176263592938,1.08,3.0,-0.7,1.31
RTX,1996-09-12,5.129416517273635,5.129416517273635,5.0749640464782715,5.0749640464782715,5602178,15.136311785829907,19.720757628999166,19.69741303685887,20.907928622846434,20.861239557090787,1.1,2.0,-0.73,1.41
RTX,1996-09-13,5.096741878252569,5.1511937849617215,5.096741878252569,5.12941312789917,3925466,15.37614713005246,19.785770818517854,19.759866758698617,20.9377867334368,20.8737723598946,1.11,4.0,-0.75,1.34
RTX,1996-09-16,5.151197213932762,5.298218727367842,5.129416542371583,5.270992755889893,5711502,17.044350363104087,20.482576094734416,20.019249823505408,21.15923451757131,21.02786663324279,1.12,13.0,-0.54,1.16
RTX,1996-09-17,5.238317469009719,5.249207532389471,5.156638560975873,5.2110915184021,4080552,17.48948505115237,19.8413188724924,20.066933790874028,21.154877955863302,21.06307017094528,1.13,15.0,-0.52,1.14
RTX,1996-09-18,5.205648295145542,5.211094121714235,5.15664113708487,5.1620869636535645,1725018,17.4616482970787,19.87739076523985,20.11574625117337,21.17894785799139,21.091351048391395,1.14,16.0,-0.55,1.12
RTX,1996-09-19,5.1403057698018175,5.211094121714235,5.1185245759500715,5.1620869636535645,2176294,17.10384769979627,19.786974459525418,19.881993664691343,21.17894785799139,21.091351048391395,1.14,8.0,-0.56,1.21
RTX,1996-09-20,5.216538892071415,5.221984190534351,5.162086963653564,5.1620869636535645,5021240,17.050013010645877,19.771499419086215,19.66160793216032,21.174011197794737,21.078901959708034,1.15,2.0,-0.59,1.4
RTX,1996-09-23,5.1620833606566965,5.2110904845117,5.1566375378890426,5.194754600524902,1885190,17.098141042504704,19.79889558952847,19.66210716232704,21.144525957266627,21.05099807579867,1.16,3.0,-0.6,1.37
RTX,1996-09-24,5.205644661744045,5.216535251068577,5.178418716538105,5.194754600524902,3758938,17.093674397027538,19.790691613561414,19.388560303719704,21.115633382470552,21.032890064542357,1.17,1.0,-0.59,1.48
RTX,1996-09-25,5.194756380775787,5.260099411010742,5.183865259613463,5.260099411010742,4140298,17.296245277680843,19.92529569200016,19.414962296200226,20.905875938002396,21.061735504573356,1.18,2.0,-0.53,1.4
RTX,1996-09-26,5.254656015212971,5.254656015212971,5.221984749046785,5.232875347137451,4332250,17.393827529168416,19.949249772662082,19.20416606412541,20.8922053319352,21.071564594748253,1.19,1.0,-0.54,1.5
RTX,1996-09-27,5.249207075218164,5.249207075218164,5.216535831713372,5.238317012786865,3888601,17.346882059584324,19.94608219123915,19.17855651266027,20.871129259595314,20.975151328889847,1.2,1.0,-0.59,1.5
RTX,1996-09-30,5.28187999385854,5.292770058654761,5.232872853906078,5.243763446807861,3664870,16.848152541527984,19.54034407676111,19.113108002048662,20.85498860752679,20.880138548251185,1.2,1.0,-0.74,1.53
RTX,1996-10-01,5.254653511604082,5.2655441045058655,5.20564637165162,5.243763446807861,3303849,16.76724420823854,19.236218214075087,17.95515014782732,20.839284348183902,20.839933900933776,1.22,1.0,-0.74,1.18
RTX,1996-10-02,5.254654884338379,5.260100710317509,5.23287422095036,5.254654884338379,2574180,16.74749183691356,19.22563185518497,17.771420163112467,20.838508476104913,20.705571036636204,1.25,1.0,-0.75,1.35
RTX,1996-10-03,5.270989475961927,5.270989475961927,5.216537038783726,5.260099411010742,3143678,15.422494483851793,19.0176690052541,17.749051491091848,20.83652600201395,20.662737144945897,1.28,1.0,-0.76,1.36
RTX,1996-10-04,5.281880868126831,5.314552124134435,5.270990273422414,5.309106826782227,4221655,14.980046754037197,18.926734110942924,17.75041876561822,20.784857909639125,20.675305674217856,1.31,2.0,-0.73,1.32
RTX,1996-10-07,5.31455396688917,5.31455396688917,5.276436872207085,5.2927727699279785,2790284,15.049111606109475,18.890098073929234,17.687645288769556,20.791272367396132,20.67560493282465,1.34,1.0,-0.74,1.41
RTX,1996-10-08,5.309106547226402,5.347223098579153,5.303661778266542,5.341777801513672,4549625,15.199479179759232,18.3486714399557,17.726187374644688,20.8063947243518,20.689363922044667,1.37,2.0,-0.71,1.34
RTX,1996-10-09,5.347225730412389,5.347225730412389,5.298218560807999,5.3363356590271,3605123,15.22351256862553,17.885480030198767,17.721034163128955,20.477239703797924,20.616645165423016,1.4,2.0,-0.7,1.34
RTX,1996-10-10,5.347223492015574,5.347223492015574,5.298216342926025,5.298216342926025,1746629,15.305266915229913,17.969282287891776,17.76707465102955,20.466311293487117,20.634239361917555,1.42,6.0,-0.72,1.33
RTX,1996-10-11,5.309106533240611,5.314551830291747,5.281880576090544,5.314551830291748,2735622,14.892874020394578,16.640008493815607,17.761493433695893,20.46744759246424,20.610147749389338,1.44,6.0,-0.73,1.32
RTX,1996-10-14,5.303663508087972,5.3690060379743665,5.292772382299181,5.352670669555664,2818250,14.638051901399992,16.56766053690499,17.50628850997679,20.477119308434897,20.593413750244917,1.46,1.0,-0.74,1.51
RTX,1996-10-15,5.358114099018357,5.379895288931961,5.325442314147949,5.325442314147949,3653429,14.818752255246157,16.386986323109657,17.489609357203364,20.399369019123796,20.603393776002477,1.49,1.0,-0.77,1.52
RTX,1996-10-16,5.325441077311995,5.4071199924123885,5.265543875172056,5.401675224304199,4506404,15.145309766431511,16.56074969406477,17.59911931028649,20.355052751373034,20.60294534803459,1.5,3.0,-0.75,1.39
RTX,1996-10-17,5.4234581747624055,5.467020034790039,5.407122279212381,5.467020034790039,3266984,14.826228335485785,16.672584225868015,17.542537473291734,20.32082153093841,20.629578429771634,1.52,3.0,-0.66,1.37
RTX,1996-10-18,5.488803971878514,5.559592366676829,5.46157799117521,5.548701763153076,5070817,15.16302548564748,16.822224804518566,17.631301868123998,20.37020547001765,20.664464445633406,1.53,5.0,-0.47,1.25
RTX,1996-10-21,5.54869668608116,5.554141982860576,5.499690071277608,5.526916027069092,2759775,13.085497625776753,15.357388124273397,17.647140256348713,20.352839738665036,20.46598846075216,1.54,6.0,-0.39,1.26
RTX,1996-10-22,5.5269200190727785,5.5269200190727785,5.412569760322923,5.46157693862915,1867393,13.711760810252663,14.688218148142912,17.76910593980774,20.278649268364397,20.47593289865402,1.54,14.0,-0.41,1.2
RTX,1996-10-23,5.467019881553686,5.467019881553686,5.358114970484241,5.37989616394043,3091558,14.647900699593183,14.957099485689964,17.93634770291817,20.238043241480515,20.07988878436735,1.55,16.0,-0.45,1.11
RTX,1996-10-24,5.467018955183101,5.619485699224123,5.434347698640616,5.5595879554748535,7932288,17.13231276696311,16.08639277345885,18.61636040350136,20.585488950090124,20.32398148704466,1.55,18.0,-0.39,1.01
RTX,1996-10-25,5.570478523540375,5.630375738895631,5.570478523540375,5.614040374755859,4147926,17.098567046333425,16.16094216998171,18.52187593334681,20.427166234540746,20.338313830900955,1.55,18.0,-0.31,1.08
RTX,1996-10-28,5.619486707681212,5.663048566923897,5.526917690777286,5.532362461090088,3841566,16.23052015336013,16.51777434212814,18.659608986579443,20.50251530710667,20.403073560945938,1.54,20.0,-0.36,1.05
RTX,1996-10-29,5.543255683504176,5.559591056835108,5.483357906341553,5.483357906341553,3539021,16.069498072519792,16.653147704503102,18.488690933322406,20.29670382597223,20.427802282075056,1.53,18.0,-0.45,1.22
RTX,1996-10-30,5.494249801746467,5.565037140332628,5.428906708710029,5.548701763153076,4553438,15.970906292298482,16.61720870129684,18.50071983120756,20.332639194060683,20.441486180793454,1.52,19.0,-0.5,1.16
RTX,1996-10-31,5.537808912520857,5.657604446459861,5.537808912520857,5.608597278594971,2778843,16.132602305675345,16.558911342707088,18.43560802606646,20.31505780566724,20.439017390855003,1.51,18.0,-0.51,1.15
RTX,1996-11-01,5.641266345977783,5.663047005541011,5.614039861391739,5.641266345977783,3832668,16.133911115435364,16.56327993562568,18.43899522541685,20.28945799751157,20.443095139092467,1.5,19.0,-0.51,1.12
RTX,1996-11-04,5.652157852794516,5.695719711133216,5.641267784289147,5.668493747711182,1933495,16.11275975583439,16.567151349818047,18.36879065370436,20.259858558094784,20.421137866498444,1.49,18.0,-0.49,1.15
RTX,1996-11-05,5.679383521137627,5.706610011250819,5.652157559130149,5.673938751220703,2631384,16.100094367955013,16.567886153839627,18.367214678239126,19.98331074269562,20.388521457135546,1.47,18.0,-0.49,1.15
RTX,1996-11-06,5.6848290099676815,5.733836693816337,5.673938941662601,5.706610202789307,4483522,15.868882688630706,16.498673093679866,18.3603777176868,19.894825346828643,20.32391572482541,1.47,18.0,-0.48,1.13
RTX,1996-11-07,5.706611109171285,5.777398940873344,5.69027574006625,5.733837604522705,3233933,15.699296162684764,16.503102523056953,18.364306794585126,19.762061665518637,20.27042552529568,1.46,19.0,-0.47,1.12
RTX,1996-11-08,5.7501719647355465,5.7719526290893555,5.73928136850578,5.7719526290893555,3212322,15.72067144411013,16.516165453420847,18.363311956214577,19.74994022691895,20.252673023965876,1.45,19.0,-0.45,1.12
RTX,1996-11-11,5.804622849955984,5.853629991647431,5.782842191485108,5.837294101715088,2410195,15.874897695432155,16.32313529184037,18.414900584452614,19.754932104989336,20.17779191712063,1.44,23.0,-0.4,1.07
RTX,1996-11-12,5.837296848181949,5.8590780450065285,5.8100708802570535,5.848187446594238,2486467,15.847593509022284,16.262157416966488,17.906311677447956,19.74775172439857,20.158431403826498,1.43,16.0,-0.39,1.28
RTX,1996-11-13,5.837295451925273,5.8917479028560935,5.782843529100155,5.793733596801758,3704277,16.285629309270444,16.44040703002548,17.93090292652892,19.756567831156126,20.162978078976693,1.43,17.0,-0.45,1.26
RTX,1996-11-14,5.793735437690352,5.831852535127161,5.744728269091755,5.750173568725586,4784797,16.574682546459428,15.8854602863821,17.939776881464923,19.76622405873584,20.061876219492667,1.42,19.0,-0.52,1.29
RTX,1996-11-15,5.761064167993245,5.788290138056523,5.744728269091755,5.750173568725586,5599636,16.48585657735521,15.627674897443903,17.925668754825,19.337637178126734,20.04446196862436,1.41,17.0,-0.59,1.3
RTX,1996-11-18,5.750173684356044,5.755618455993492,5.690276443391182,5.739283084869385,2694944,16.45352492279215,15.649480700754543,17.93101016357569,19.3243848705846,20.006631684881246,1.4,19.0,-0.66,1.3
RTX,1996-11-19,5.733834852420854,5.815513243059831,5.733834852420854,5.804622650146484,2811894,16.537026355182498,15.75719832551195,17.990696937038553,19.362506974817574,19.95011807725894,1.39,23.0,-0.72,1.22
RTX,1996-11-20,5.817747664715701,5.872425812053319,5.812279796952478,5.834151268005371,2522061,16.509980382115316,15.763980362852791,17.994008041664785,19.32059434060432,19.916264571879168,1.38,24.0,-0.76,1.22
RTX,1996-11-21,5.834153382449044,5.899766758798428,5.774007345549769,5.872427940368652,2891980,16.25429891634252,15.697948905238816,18.006224683586485,19.017536797746022,19.9067350796681,1.37,25.0,-0.8,1.2
RTX,1996-11-22,5.87789166952709,5.910698334591654,5.856020736248858,5.90523099899292,4709796,16.265658246408233,15.488675081262853,18.01245362509576,18.66126570068457,19.908687337888374,1.37,26.0,-0.82,1.18
RTX,1996-11-25,6.069265792527807,6.091136729185876,6.009119788702714,6.058330059051514,7324654,17.458886697784575,16.005096348180086,18.11850297666471,18.675578207283156,20.050904294599807,1.36,27.0,-0.76,1.09
RTX,1996-11-26,6.058330437434814,6.1184764450164275,5.998184960147749,6.036458969116211,4775898,17.395942425441458,16.069543518975312,17.92241538768283,18.683338395727244,20.051412879099058,1.35,17.0,-0.74,1.19
RTX,1996-11-27,6.096604477297206,6.145814742408076,6.080200878828764,6.113007545471191,4119959,17.321241105335755,16.15068811939825,17.99528717996225,18.703580401773785,20.078010871771323,1.35,26.0,-0.68,1.11
RTX,1996-11-29,6.1130072253844006,6.162217487918542,6.1130072253844006,6.134878158569336,1445354,17.158685337417808,15.898467160130583,17.844266822058717,18.68084592975118,20.037160562189186,1.34,16.0,-0.64,1.19
RTX,1996-12-02,6.113009024410885,6.1239447593688965,6.009120602898943,6.1239447593688965,5745824,16.90794786678599,15.939750263078926,17.742962967544955,18.683051737042813,19.999137327351292,1.34,10.0,-0.63,1.25
RTX,1996-12-03,6.107541762632415,6.134880572444119,5.970846652984619,5.970846652984619,4168265,18.738425092058808,16.028179103776413,18.24012219170485,18.745632370566746,20.175391474608364,1.32,32.0,-0.67,1.18
RTX,1996-12-04,5.992719483872395,5.9981878839121165,5.823217642959211,5.872427940368652,7538216,19.10222088395408,16.48733807423089,18.117447863523857,18.747223275322945,20.245388604677995,1.32,31.0,-0.72,1.19
RTX,1996-12-05,5.872427940368652,5.932573977267927,5.866960070623736,5.872427940368652,4095806,18.38953601580448,16.495132949560652,17.835843716266492,18.674849265270936,20.23805703612504,1.31,17.0,-0.78,1.33
RTX,1996-12-06,5.719326868758315,5.8122795562951755,5.708391133684662,5.779472351074219,5274209,16.86317362553172,16.911531154878297,18.05963370242571,18.773774077264,20.271790756007967,1.31,32.0,-0.84,1.21
RTX,1996-12-09,5.861489730422113,5.8669575978624735,5.757601839939008,5.7685370445251465,5410227,16.692709266431503,16.83751544764953,17.292839106913192,18.771899970564398,20.27070647915676,1.3,1.0,-0.87,1.23
RTX,1996-12-10,5.77400136823825,5.877889725255646,5.77400136823825,5.8122758865356445,4126315,16.12509009898286,16.040224824592258,17.255031872749747,18.786756027582324,20.21737440465587,1.29,1.0,-0.91,1.24
RTX,1996-12-11,5.664648511171106,5.8177466609480355,5.599034639627763,5.74119758605957,6559392,16.347361408456035,16.071622353602617,17.268846692782873,18.678255873500362,20.25341311843225,1.28,2.0,-0.96,1.23
RTX,1996-12-12,5.7849409288660905,5.828683340226865,5.55529260635376,5.55529260635376,3544741,18.849581339901075,17.42434332214264,18.13840882265268,19.10002644364773,20.50715866211984,1.25,38.0,-0.98,1.39
RTX,1996-12-13,5.555292472390605,5.675584498452911,5.467807651778709,5.620906352996826,6427823,18.901329720647336,17.554802513508335,18.206875133191804,19.071880957862632,20.526906079673566,1.23,39.0,-1.02,1.33
RTX,1996-12-16,5.730264930530474,5.752135879263597,5.588101377438542,5.5990376472473145,6066166,18.854705868822617,17.586412616726545,18.202107134732728,19.069785047580325,20.20796893200195,1.22,39.0,-1.04,1.34
RTX,1996-12-17,5.609969392225351,5.6865189912577625,5.588097926703382,5.664648056030273,4358309,19.116524336427602,17.684481304457602,17.415974308000376,19.065030669977265,20.19706805855655,1.2,4.0,-1.06,1.17
RTX,1996-12-18,5.708391705818873,5.741198914327994,5.631842613220215,5.631842613220215,4178434,19.18680450413499,17.744683003531225,16.984131900022263,19.072936058407905,20.209968202654366,1.18,1.0,-1.08,1.3
RTX,1996-12-19,5.719324482842858,5.916165510874582,5.675582091090739,5.86148738861084,6038836,22.40882865906591,19.30618080060092,17.960985376657298,19.618385608371067,20.30727740324324,1.14,32.0,-1.12,1.73
RTX,1996-12-20,6.036458355700393,6.036458355700393,5.861488748109901,5.938038349151611,6668080,22.657161321159787,19.38388945755853,17.95386601576005,19.605688517172574,20.324382776641745,1.11,31.0,-1.15,1.74
RTX,1996-12-23,5.93803686556971,5.93803686556971,5.850551553337637,5.927101135253906,1498745,22.612762236582558,19.399669338832,17.96399740021081,19.531442238683997,20.319834323731143,1.09,34.0,-1.18,1.73
RTX,1996-12-24,5.916165404938102,5.93803686556971,5.894293944306494,5.927101135253906,1036028,22.39840053375539,19.40317111991728,17.96009092124884,19.46337468413554,20.319834323731143,1.07,33.0,-1.2,1.73
RTX,1996-12-26,5.927099561235093,6.025520047351763,5.927099561235093,5.981777667999268,1846418,22.536879334032196,19.45309772069302,17.988002109442984,19.401827482389766,20.334376694278745,1.06,36.0,-1.23,1.7
RTX,1996-12-27,5.9927145634813,6.058328416252439,5.927101241004531,5.948972702026367,1990064,22.41398405048731,19.51691380573054,17.93649438365964,19.41873854760162,20.344537488265026,1.04,30.0,-1.24,1.77
RTX,1996-12-30,5.95990621317591,6.014584319940084,5.927099561235093,5.981777667999268,2711470,22.306365951276554,19.528259722264192,17.856699531416854,19.333024927338975,20.303603519023916,1.02,24.0,-1.26,1.85
RTX,1996-12-31,5.981780949582412,6.036458556048301,5.774004135951794,5.795875072479248,4346233,24.259492527513064,20.65288181029991,18.611159375440455,19.58785912632307,20.56108390712054,1.0,62.0,-1.26,1.79
RTX,1997-01-02,5.795875193668747,5.8068114576029135,5.697455181795516,5.74119758605957,4039238,24.41718829037986,20.754355431242118,18.68396860477846,19.526049080346013,20.589718553040207,0.98,65.0,-1.26,1.73
RTX,1997-01-03,5.774005048760232,5.965378292528439,5.774005048760232,5.883361339569092,6339474,25.22952897795019,21.230636152302004,19.04486491078518,19.719584800128274,20.713779362305694,0.97,66.0,-1.26,1.51
RTX,1997-01-06,5.883358849634085,5.94897270240945,5.850551658099217,5.86148738861084,4743483,25.21824674273451,21.25217443021095,19.02162483837648,19.651376401110458,20.693611508170484,0.96,66.0,-1.26,1.53
RTX,1997-01-07,5.872424295632778,5.88336002833532,5.784939494601405,5.817746162414551,3394104,25.237457843172862,21.257918341589402,19.073316909408653,19.62310533342159,20.691331757210087,0.95,68.0,-1.25,1.49
RTX,1997-01-08,5.839617627819633,5.861488562930238,5.784939494601405,5.817746162414551,4920815,25.17620229901354,21.257882221630894,19.063975006301295,19.621465249082377,20.510354662989645,0.94,68.0,-1.24,1.5
RTX,1997-01-09,5.828680726995007,6.014586024503137,5.817744996484088,5.948972702026367,3973136,24.896402160027083,21.65296322058205,19.214741829392455,19.670940584292325,20.593786853937267,0.92,73.0,-1.22,1.41
RTX,1997-01-10,5.87242306816179,6.091135025024414,5.87242306816179,6.091135025024414,3921652,25.84343131665211,22.060271122038888,19.502325620177004,19.81955342325979,20.69621637261547,0.92,76.0,-1.2,1.24
RTX,1997-01-13,6.091136855141233,6.091136855141233,5.9489744381877925,5.992716312408447,3626734,26.00450059361451,22.238083638934455,19.712114526125614,19.917257850168248,20.762189980627568,0.91,81.0,-1.18,1.12
RTX,1997-01-14,6.0255202691349945,6.10206930324587,6.003648813506607,6.014584541320801,3165288,26.005515502766013,22.138484340224153,19.392874720015314,19.782555023486186,20.75099626381717,0.9,75.0,-1.17,1.27
RTX,1997-01-15,5.752131144083356,5.927101241386205,5.752131144083356,5.86148738861084,6659181,27.006632448226036,22.65963361817502,19.747314405159916,19.925404503219553,20.931314264161003,0.89,83.0,-1.13,1.22
RTX,1997-01-16,5.872425604429287,5.916168014693912,5.850554134149677,5.883361339569092,3099821,26.072799014178656,22.644002442134887,19.750109257510687,19.91620007564661,20.93092589744579,0.89,84.0,-1.1,1.22
RTX,1997-01-17,5.916165510493613,5.959907902242915,5.87242311874431,5.948972702026367,3310840,25.81897281528015,22.573046588493263,19.807291477327865,19.797147449337718,20.901787389149163,0.88,88.0,-1.07,1.17
RTX,1997-01-20,5.959907795906958,5.970843526222763,5.905230204916659,5.927101135253906,1580102,25.846378743773545,22.337096729021706,19.82549541613783,19.77400761994535,20.907779148247048,0.87,89.0,-1.03,1.15
RTX,1997-01-21,5.905232531723284,6.014588287087097,5.850553858599523,5.916167736053467,4095171,25.394383384242055,21.375566097914707,19.80104907375506,19.647403454584285,20.907049325099962,0.87,88.0,-0.98,1.17
RTX,1997-01-22,5.88336002833532,5.916166696148466,5.817746162414551,5.817746162414551,3309569,25.891937814798133,21.603807138868035,19.933802212054466,19.752231839814367,20.752059725950605,0.87,96.0,-0.94,1.1
RTX,1997-01-23,6.102070755441137,6.244233659975434,6.080199824902057,6.091135025024414,8799246,29.026339474358142,23.279481751984427,21.080020771800413,20.407295645881582,21.202342339054066,0.89,100.0,-0.93,1.47
RTX,1997-01-24,6.113006485857859,6.123942216274582,6.003650242279365,6.091135025024414,5441372,28.73314338034614,23.179256941466857,21.082785505262745,19.82382270003473,21.202831024045214,0.92,100.0,-0.92,1.47
RTX,1997-01-27,6.0692661715941165,6.080201905753418,5.99271656277355,6.036458969116211,3396011,26.993680082328712,23.185536348732125,21.15098026248767,19.774017739538184,21.22727073993477,0.94,100.0,-0.93,1.43
RTX,1997-01-28,6.123942269023579,6.145813730045416,5.93803697151545,5.948972702026367,4293478,27.310519977954144,23.3308995159074,21.22989694805025,19.851684945572103,21.22528328928419,0.97,100.0,-1.01,1.39
RTX,1997-01-29,5.9489725958855155,6.003650186875815,5.894293944306494,5.927101135253906,3759574,27.30663260664433,23.328129036089507,21.245267675054933,19.836879388636845,21.160780395809077,1.0,100.0,-1.1,1.39
RTX,1997-01-30,5.959908883982435,6.113007545471191,5.894295020403123,6.113007545471191,2222693,28.448623752441303,24.117042251409167,21.25147089225617,20.108619924778175,21.316630575381684,1.03,100.0,-1.09,1.39
RTX,1997-01-31,6.123943705072759,6.233299444942472,6.102072238922119,6.102072238922119,4726322,28.369908792068337,24.125081093634986,21.249732802063892,20.10746097557851,21.309586815089105,1.06,99.0,-1.09,1.39
RTX,1997-02-03,6.003652296932852,6.0692661715941165,5.959909890590192,6.036458969116211,4330978,26.312075537962983,24.230614666929597,21.344522370716934,20.154746805418725,21.326103094288488,1.08,100.0,-1.1,1.33
RTX,1997-02-04,6.036456903235167,6.091135025024414,5.992714511862642,6.091135025024414,3418257,26.17994276614992,24.27496986012366,21.367895038164487,20.173693445289693,21.248550207142628,1.11,100.0,-1.11,1.31
RTX,1997-02-05,6.091136080846601,6.222363808005225,6.091136080846601,6.113007545471191,5747095,26.17870753180193,24.252900769980673,21.322776019917537,20.170630789403184,21.161438870680357,1.14,98.0,-1.09,1.35
RTX,1997-02-06,6.113007971997439,6.113007971997439,6.01458743490855,6.102072238922119,4010636,26.18996651498216,24.163463769279755,20.934403309015448,20.04115343317228,21.163607754473727,1.15,90.0,-1.04,1.58
RTX,1997-02-07,6.14581441052152,6.266105868577407,6.134878148505348,6.222363471984863,4397081,26.639258978087256,24.467615923842637,21.025547439711456,20.13356341796097,21.115630891231557,1.17,90.0,-0.98,1.49
RTX,1997-02-10,6.255174352749712,6.320788257008533,6.20049618758316,6.211432456970215,3621013,26.57810687100863,24.379224394118495,20.956396271645726,20.128971820424045,21.10956296131182,1.18,89.0,-0.95,1.53
RTX,1997-02-11,6.320785470232186,6.5066908316576235,6.320785470232186,6.473883628845215,9938242,28.98084520831685,25.6614867575591,21.87307818846687,20.606968232132473,21.325983662670183,1.22,100.0,-0.73,1.45
RTX,1997-02-12,6.561368690530101,6.692596435546875,6.528562019423173,6.692596435546875,10133371,28.414195169927385,26.44371375703452,22.41474799329862,20.920932395454283,21.558440753756518,1.27,100.0,-0.16,1.22
RTX,1997-02-13,6.64885350034493,6.725402576359273,6.64885350034493,6.692596435546875,7390757,28.131829734544812,26.433015456247873,22.410526936610843,20.919850498832915,21.523794675562723,1.32,99.0,0.21,1.23
RTX,1997-02-14,6.6488518714904785,6.780079054064316,6.6488518714904785,6.6488518714904785,6536510,27.711213893928864,26.433906628971744,22.45353469761043,20.941552629134694,21.515906807403343,1.37,100.0,0.36,1.21
RTX,1997-02-18,6.648854595837297,6.72540368446418,6.616047389030389,6.714468479156494,6115108,27.657849845787908,26.473331628373643,22.42706813852467,20.94834274283796,21.507593730316984,1.41,99.0,0.52,1.23
RTX,1997-02-19,6.697778934166835,6.785618017213643,6.697778934166835,6.741698741912842,4557888,27.423312989772686,26.46138001042252,22.39498567066123,20.94749470906379,21.327584754427587,1.45,96.0,0.63,1.24
RTX,1997-02-20,6.7197373055331076,6.851496161056908,6.653857345326144,6.752676486968994,6690326,27.402028325664755,26.452907724035015,22.39418195420581,20.881948991679835,21.266204877363286,1.5,95.0,0.67,1.24
RTX,1997-02-21,6.774638578324179,6.785618131111069,6.642878620429343,6.664838790893555,3572708,27.376347037538046,26.180477910268017,22.530241133271073,20.93957657137229,21.227504717533233,1.54,100.0,0.61,1.17
RTX,1997-02-24,6.598959344391352,6.730718769840972,6.566019088695035,6.664838790893555,5316794,26.738195546947587,26.160240107649507,22.530241133271073,20.829274006428857,21.211751155789777,1.58,99.5,0.54,1.17
RTX,1997-02-25,6.675816421093505,6.675816421093505,6.555037125292588,6.566016674041748,3488173,26.65622720008557,26.276417735506907,22.697706348029556,20.885317394237074,21.253505425953083,1.61,100.0,0.44,1.1
RTX,1997-02-26,6.587978802557748,6.642878160022865,6.412299580800946,6.489159107208252,4581405,26.99851584119021,26.404943570856837,22.80567189154935,20.88139447338918,21.28942448491448,1.65,100.0,0.35,1.05
RTX,1997-02-27,6.5220972199108695,6.63189697265625,6.5111171381473225,6.63189697265625,3980763,26.1691486199734,26.740026179441983,22.990991144526873,21.011753673001746,21.3661524644886,1.69,100.0,0.25,0.94
RTX,1997-02-28,6.587978033911788,6.631897834226688,6.489158350091984,6.60993766784668,4504497,26.257728018095545,26.17786304446838,22.992403766607463,20.98166530758029,21.35903545315896,1.73,100.0,0.16,0.93
RTX,1997-03-03,6.544058799743652,6.555039417222157,6.489159439467567,6.544058799743652,2536044,26.4659599686346,26.014994638242683,23.046133088910405,21.027024120103587,21.111219293949585,1.76,100.0,0.06,0.93
RTX,1997-03-04,6.566020337617218,6.566020337617218,6.4452409744262695,6.4452409744262695,2694944,26.93269361605256,26.245939835768954,23.203591958951144,21.113852692709674,21.164175077255557,1.8,100.0,-0.02,0.86
RTX,1997-03-05,6.456221719325555,6.587981183257085,6.456221719325555,6.577001094818115,3598767,27.35921321091,26.262879742333322,23.33875521040853,21.227000635926757,21.249479688241944,1.84,100.0,-0.11,0.76
RTX,1997-03-06,6.55503650086869,6.741695733608759,6.55503650086869,6.7087554931640625,5626331,27.05395719400652,26.49630067430589,23.506478714284853,21.32639850429939,21.298242200222177,1.88,100.0,-0.19,0.65
RTX,1997-03-07,6.741698642428771,6.873458063722482,6.697778835330867,6.807578086853027,4177163,24.295096956118897,26.59313241498581,23.57533532953635,21.375445284938767,21.134460744024366,1.91,100.0,-0.24,0.61
RTX,1997-03-10,6.9173777803854755,6.950317502166963,6.774638276072106,6.785617828369141,4423776,24.355905841486113,26.440000752008082,23.562056390639498,21.14481964368344,20.910678608123693,1.94,99.0,-0.32,0.61
RTX,1997-03-11,6.763654117474842,6.906393535814019,6.67581455733456,6.82953405380249,3751311,24.070593044425586,25.379149078796882,23.49531262694734,21.12281259132524,20.784946123494898,1.97,97.0,-0.38,0.66
RTX,1997-03-12,6.7636566162109375,6.829536576876993,6.730716902100444,6.7636566162109375,2250024,23.77937855052419,25.45977544279307,23.52049804233419,21.144614610519977,20.813719571166104,2.0,98.0,-0.46,0.67
RTX,1997-03-13,6.686796165165285,6.741696035923324,6.598956584930419,6.59895658493042,2567824,25.127801304751824,26.05129788678641,23.811046566044524,21.36535539260761,20.957313617365575,2.03,100.0,-0.55,0.64
RTX,1997-03-14,6.708756247653948,6.829536077977879,6.664836454566617,6.675816535949707,2632655,23.897810699900685,26.050278335728493,23.84439088739375,21.39731426873211,20.967320149893556,2.06,100.0,-0.64,0.6
RTX,1997-03-17,6.544055806499985,6.64287546170927,6.522096178922901,6.620916366577148,4318266,24.08175310363072,26.089408882063097,23.797854447220086,21.42455723639138,20.98812696931697,2.09,98.0,-0.72,0.62
RTX,1997-03-18,6.664838328965055,6.697778582378339,6.412299580800946,6.489159107208252,3206602,24.67846550791435,25.317143957073153,23.902502690046443,21.574809750496563,20.96767214072858,2.12,100.0,-0.8,0.6
RTX,1997-03-19,6.5879775129437546,6.7197374359141815,6.544057183656896,6.697777271270752,6079514,26.03855922594428,25.95343614323487,23.86325363309675,21.866405021690312,21.118271608302216,2.15,99.0,-0.88,0.59
RTX,1997-03-20,6.631896742862376,6.686796617332797,6.5660167870088655,6.675816535949707,4993909,26.10495145450481,25.964241305149105,23.84331469866726,21.871754397882214,21.075313833488735,2.18,97.0,-0.95,0.62
RTX,1997-03-21,6.741700352744314,6.807579813881662,6.719740709846975,6.774640083312988,5780782,26.282232899038537,26.090656662241358,23.78497897909695,21.795138741313444,21.114365066572233,2.21,94.0,-1.01,0.61
RTX,1997-03-24,6.763659631009214,6.89541961107133,6.75267954392982,6.884438991546631,5261497,26.118074522877734,26.207163355694895,23.823422092567764,21.76318656767926,21.164346117910867,2.24,96.0,-1.05,0.57
RTX,1997-03-25,6.939337354620123,6.983257157376438,6.884436935618297,6.950316905975342,4267418,26.130239787118075,26.19601008157928,23.80251396001808,21.77969304005755,21.179548092633482,2.26,94.0,-1.07,0.58
RTX,1997-03-26,6.950314144560493,6.972274303436279,6.8514944945093275,6.972274303436279,4634795,23.568757673897565,26.189304865814922,23.764119690610027,21.713858283852154,21.06546750241466,2.28,91.0,-1.08,0.61
RTX,1997-03-27,6.950315894567801,6.961296509215417,6.7526765447022195,6.85149621963501,7136517,22.37026777175981,25.556453343209157,23.960156706416203,21.788771180350157,21.14837597503487,2.31,100.0,-1.13,0.55
RTX,1997-03-31,6.840516984217828,6.840516984217828,6.56601757876549,6.653857707977295,4923993,24.007803190496958,26.274019242919916,24.461888679180966,22.082742456522872,21.3190415390309,2.33,100.0,-1.18,0.47
RTX,1997-04-01,6.609936580096196,6.675816535949707,6.522096993921535,6.675816535949707,5034588,23.95059900876914,25.871982051237353,24.463134944317797,21.917936240170665,21.312237909866678,2.36,100.0,-1.24,0.47
RTX,1997-04-02,6.5879769497750456,6.752676040741279,6.576996868391956,6.675816535949707,5030774,23.773969643216834,25.847375866237076,24.455525734546224,21.794036274591907,21.284294533818887,2.39,98.0,-1.28,0.48
RTX,1997-04-03,6.664840737439135,6.664840737439135,6.478181896203495,6.577001094818115,4653228,24.11280880200146,26.01008289252761,24.589211305673196,21.88069629239121,21.341097340022788,2.41,100.0,-1.31,0.43
RTX,1997-04-04,6.500136852264404,6.522097015101899,6.324457679344567,6.500136852264404,8421064,24.305760056797475,26.160689161825267,24.66226815898561,21.584691017071922,21.37298485415721,2.44,100.0,-1.34,0.42
RTX,1997-04-07,6.522096552891167,6.6318962944072455,6.522096552891167,6.59895658493042,4513396,24.48628356548732,25.96068192858027,24.7095395063422,21.616807136399117,21.37617603977334,2.46,100.0,-1.37,0.39
RTX,1997-04-08,6.587981183257085,6.587981183257085,6.500141008190694,6.577001094818115,3096008,24.501413141437467,25.574831510553288,24.719894632365477,21.56579382024828,21.32992343385884,2.48,100.0,-1.39,0.39
RTX,1997-04-09,6.577001094818114,6.598961271696055,6.555041450385545,6.577001094818115,4073560,24.112849012920357,25.313425964944646,24.663008006728663,21.56458277818586,21.285178371422894,2.5,98.0,-1.41,0.41
RTX,1997-04-10,6.5879791398768495,6.609938777498242,6.5001389920556605,6.544058799743652,3523131,23.903470824868656,25.34509591918107,24.64328158393567,21.580074872113986,21.240170523564718,2.51,96.0,-1.42,0.42
RTX,1997-04-11,6.500137451808454,6.500137451808454,6.324458262684742,6.357398509979248,3364866,24.45480973048433,25.497422698595212,25.10577166706026,21.873006326318645,21.45500616397173,2.53,100.0,-1.41,0.34
RTX,1997-04-14,6.302501030606673,6.401320753584473,6.170742109896709,6.368381023406982,3288594,24.464299164962576,25.49277309145882,25.10170687959606,21.48212952720565,21.394784961637665,2.54,99.0,-1.4,0.34
RTX,1997-04-15,6.412299580800946,6.555039081589642,6.412299580800946,6.489159107208252,5025054,24.98529201467979,25.666985155126333,25.2073197465908,21.369173025403587,21.381599602366606,2.56,100.0,-1.4,0.29
RTX,1997-04-16,6.357397156183885,6.467196359782138,6.357397156183885,6.456216812133789,2452780,24.629152230896505,25.68060744718266,25.21831541828335,21.345956578278642,21.323247885505758,2.57,100.0,-1.39,0.29
RTX,1997-04-17,6.4562193862401465,6.555039081589642,6.412299580800946,6.489159107208252,3060414,23.932068573889488,25.68220634663901,25.211277150050375,21.303888326931574,21.32543762616016,2.58,99.0,-1.38,0.3
RTX,1997-04-18,6.489157303290687,6.505627425418808,6.390337635412021,6.500136852264404,3861270,23.16115769043315,25.39692959014273,25.20088918606465,21.303758935334596,21.27546683219244,2.59,97.0,-1.38,0.31
RTX,1997-04-21,6.511120640389909,6.511120640389909,6.247601730991843,6.2915215492248535,3453850,24.39697900156896,24.6656390229889,25.44555794656712,21.682718396159448,21.50706896171448,2.61,100.0,-1.37,0.37
RTX,1997-04-22,6.335436948515354,6.631895914143209,6.291517160916222,6.620916366577148,6107480,28.92834618668928,26.74726559189038,26.676205610098076,22.45896431581902,22.080236765451442,2.64,100.0,-1.38,0.56
RTX,1997-04-23,6.631899365386974,6.829538778657194,6.631899365386974,6.818558692932129,6963634,30.168813969720183,27.26322369086364,26.995153435921925,22.657610910976118,22.1868354080713,2.67,100.0,-1.4,0.45
RTX,1997-04-24,6.928355277033662,6.928355277033662,6.587976504289813,6.59895658493042,5663196,31.517711488720284,27.97973447018083,27.520470456450408,22.981977644969273,22.428943673272673,2.71,100.0,-1.41,0.38
RTX,1997-04-25,6.598961271696055,6.642880560561195,6.533081273507604,6.577001094818115,4530557,30.7123757692841,27.976930020438683,27.525168617363494,22.98441846345359,22.42617813440507,2.75,100.0,-1.41,0.38
RTX,1997-04-28,6.544055954842288,6.555036567547185,6.467196457912779,6.478177070617676,5740739,30.804729936982895,27.514899902409695,27.326857782579513,23.06547576938451,22.400801657932092,2.78,98.0,-1.4,0.42
RTX,1997-04-29,6.5879791398768495,6.5879791398768495,6.478179886879473,6.544058799743652,4767636,30.888892711693185,27.572106425112132,27.222040828029044,23.08867844686562,22.344490277531882,2.81,97.0,-1.37,0.43
RTX,1997-04-30,6.5660180590536665,6.653858194690762,6.500138090437128,6.642877578735352,7984407,30.61601658434591,27.60038391228586,27.31069243550193,23.12581751389114,22.378937157260744,2.83,97.0,-1.35,0.38
RTX,1997-05-01,6.642877092825089,6.6867974236535375,6.587977744179715,6.653857707977295,4053221,29.1896108389206,27.557036474807195,27.17129043214409,23.125130746598423,22.28090360562073,2.85,95.0,-1.32,0.42
RTX,1997-05-02,6.6538574744289685,6.708756821147393,6.642876859662179,6.697777271270752,6171040,29.23955075933588,27.573665928346326,27.178364289051565,23.128496251666473,22.266099739378937,2.85,95.0,-1.29,0.41
RTX,1997-05-05,6.71973607759967,6.796595573425293,6.664835677088558,6.796595573425293,5021240,29.237447400702298,27.694801229144705,27.24186525125974,23.116811458789275,22.22148555564455,2.85,96.0,-1.26,0.37
RTX,1997-05-06,6.752678129863681,6.928357889009286,6.752678129863681,6.895418167114258,3766566,29.16328849515214,27.575125589967048,27.226051768171832,23.15484907041372,22.249145227382282,2.85,95.0,-1.23,0.35
RTX,1997-05-07,6.873455069250917,6.884434616908172,6.741695705359148,6.796595573425293,4313182,29.31350867293279,27.76499721352126,26.7800535908805,23.232069324613352,22.284768199498508,2.85,90.0,-1.25,0.39
RTX,1997-05-08,6.796595573425293,6.9393350174192845,6.752675253016403,6.796595573425293,5846884,29.291291485598762,26.492043672534095,26.73634723336708,23.08488297400137,21.90554820426141,2.84,89.0,-1.26,0.42
RTX,1997-05-09,6.873459634831698,6.917379451968626,6.796600087953403,6.840519905090332,3184356,28.92974979275645,25.64748435417216,26.729660763948754,23.025776218201386,21.854637308474246,2.84,88.0,-1.28,0.42
RTX,1997-05-12,6.840519708119666,6.961299601102388,6.796599892247396,6.884438991546631,4387547,27.616788168189487,25.677120652307366,26.694397163451,23.03226531126805,21.851901155843542,2.82,87.0,-1.29,0.44
RTX,1997-05-13,6.928356262607775,6.9393363448103225,6.829536587674984,6.85149621963501,4000466,27.661347909100016,25.659060246265074,26.687396146587854,23.045202453244944,21.84493686353011,2.79,86.0,-1.32,0.44
RTX,1997-05-14,6.9063998091468335,6.950319629110936,6.829540257320993,6.9283599853515625,3010202,27.81952351719307,25.681231184457527,26.02670831257101,23.072042459435497,21.84376726954708,2.76,84.0,-1.28,0.53
RTX,1997-05-15,6.928356262607775,6.9393363448103225,6.818556505472436,6.85149621963501,2753419,27.65080947472044,25.780924387026843,26.04185237624338,23.107156826761887,21.877198731231243,2.73,84.0,-1.24,0.55
RTX,1997-05-16,6.862478511281905,6.961298210363488,6.741698642428771,6.807578086853027,4431403,27.473779237936373,25.81566147035717,26.066702357647642,23.086507036460596,21.888264828128783,2.7,84.0,-1.19,0.54
RTX,1997-05-19,6.8075764971526755,6.829536661796105,6.697777271270753,6.697777271270752,3330544,27.63237826326496,25.893031022287243,26.216076093932152,23.15788075058751,21.958812493320632,2.67,84.0,-1.13,0.49
RTX,1997-05-20,6.6538573916942685,6.807576412506619,6.5989575132134,6.7636566162109375,5739468,27.735893127420404,25.969291772712033,26.22093084784609,23.177471695074978,21.971851430122268,2.63,84.0,-1.07,0.49
RTX,1997-05-21,6.757929383241835,6.835099638849136,6.735880433298172,6.79100227355957,4184790,27.74875093055008,25.7859308978722,26.202336407548493,23.176484846675535,21.886760956264677,2.59,82.0,-1.0,0.49
RTX,1997-05-22,6.790995247949214,6.879189887286762,6.790995247949214,6.857141494750977,5224632,27.795840386411342,25.72250604356442,26.227785402967623,23.152401106045456,21.887440098844756,2.55,84.0,-0.93,0.47
RTX,1997-05-23,6.879190093077385,7.0225065199375045,6.879190093077385,6.94533634185791,2981600,26.413933098616692,25.47647253687272,25.75068727333973,23.186231503135218,21.91151923825451,2.51,77.0,-0.88,0.51
RTX,1997-05-27,6.879195299652376,7.066609723943793,6.835097945288991,6.989439487457275,6164684,26.429118524394774,25.487089425790955,25.696520582906317,22.938714701065315,21.871554748072413,2.48,76.0,-0.86,0.52
RTX,1997-05-28,7.011487077341688,7.143779124960192,7.000462606390756,7.044559955596924,7242026,26.052544815031155,25.422313680775265,25.460655720439807,22.944890449535468,21.86825896575427,2.44,75.0,-0.78,0.63
RTX,1997-05-29,7.121728909331642,7.187875188609363,7.055582630053922,7.143777847290039,3793261,26.14102195850105,25.319745153824087,25.517974509796915,22.98911133296748,21.90126965082891,2.4,75.0,-0.68,0.59
RTX,1997-05-30,7.05558206750116,7.121728341504932,7.022509197797985,7.088655471801758,3999831,26.331801095778108,25.093875309651953,25.520420861174625,23.01382470588243,21.919356762066663,2.36,75.0,-0.63,0.59
RTX,1997-06-02,7.077632266419591,7.121729612090357,6.9563646994743635,6.978413105010986,3046431,26.878978639723872,25.025637031129893,25.67215631846251,23.082773147719074,21.978725920155252,2.32,75.0,-0.6,0.53
RTX,1997-06-03,6.956364013033543,7.165826785248434,6.956364013033543,7.143777847290039,3047702,25.407309719409948,25.29878331751859,25.695395945384348,23.02785097588016,22.085278738866258,2.28,75.0,-0.51,0.52
RTX,1997-06-04,7.099682331085205,7.165828627367146,7.044560506616522,7.099682331085205,1975445,21.33540991412099,25.32621054338709,25.48694062279323,22.9941592380012,22.052569214531086,2.25,71.0,-0.43,0.64
RTX,1997-06-05,7.1437745206821,7.276067017633515,7.110701663742856,7.154798984527588,3249823,19.814658384660344,25.33988893626996,25.344255262090265,22.96654580653053,22.048769553384552,2.21,68.0,-0.34,0.68
RTX,1997-06-06,7.231976033035378,7.309146818673159,7.209927618994389,7.243000507354736,3048338,17.150276140561736,25.351774681663553,25.397224011488035,22.998657030273765,21.998287073867527,2.16,68.0,-0.23,0.64
RTX,1997-06-09,7.2650447892310694,7.386312868574491,7.2650447892310694,7.331191062927246,2809352,17.230134428922668,24.868988754211284,25.057433122746424,23.029277071257244,21.999388654938322,2.12,60.0,-0.13,0.7
RTX,1997-06-10,7.364266402271616,7.485534522285401,7.331193521630403,7.38631534576416,2787742,16.313193298075475,24.81404008203827,25.07025315065364,23.03285354805799,21.963579652905516,2.08,60.0,-0.02,0.69
RTX,1997-06-11,7.37529140861549,7.386315345764159,7.2870961692429175,7.38631534576416,3962966,16.2670523545204,24.730274119370062,25.03277800889193,23.03285354805799,21.960732950740198,2.03,58.0,0.08,0.73
RTX,1997-06-12,7.485530862013608,7.540652659193931,7.474506395658075,7.496555328369141,4485429,16.25700302006306,24.441710879921782,25.094942886780785,23.049390206302004,21.973707280092885,1.98,60.0,0.22,0.67
RTX,1997-06-13,7.518604444920207,7.6288475073791036,7.507579443697757,7.584750175476074,4219113,16.38942319140535,23.754772959263075,25.129371059112458,23.06215757666477,21.99537696415072,1.93,62.0,0.4,0.64
RTX,1997-06-16,7.584754062050847,7.650900361098712,7.573729589776598,7.639875888824463,2881810,16.3983267867591,23.751333779381774,24.949383586560863,23.069960298220924,21.995811991490744,1.88,55.0,0.5,0.7
RTX,1997-06-17,7.62884662586234,7.706016814126252,7.562700368352349,7.606797695159912,4149197,16.28899903876744,23.645391100568684,23.991696800585586,23.08220417228732,22.003767118545817,1.85,45.0,0.58,0.68
RTX,1997-06-18,7.595779897472357,7.683974087700894,7.551682535059228,7.617828845977783,3234568,15.980944841732168,23.46091419640981,23.98938314869682,23.081014360028128,21.998224053725703,1.82,44.0,0.61,0.68
RTX,1997-06-19,7.650903173328609,7.706024485765447,7.5627078973144535,7.595781326293945,3308298,15.19765339086473,23.421780457848534,23.935926970042882,23.088513853913028,21.999957481779912,1.79,42.0,0.59,0.7
RTX,1997-06-20,7.606799243451763,7.739091785398636,7.595775310454024,7.6949944496154785,4733313,15.386910614919044,23.53799163326701,23.84052744100481,23.124354003189598,21.86297472777036,1.77,37.0,0.6,0.73
RTX,1997-06-23,7.672945934042562,7.672945934042562,7.397337436676025,7.397337436676025,2856386,19.88197594809968,24.702410639278412,24.73864517382652,23.625168585372215,22.228103861838456,1.74,54.0,0.48,0.76
RTX,1997-06-24,7.529628192838398,7.606798388132446,7.397336200364027,7.496555328369141,5058740,20.096806614119572,23.984535020677082,24.375049358984313,23.65674959013902,22.24391443562816,1.7,44.0,0.38,0.87
RTX,1997-06-25,7.518605040728983,7.6288481119240465,7.342215164541568,7.408361434936523,6509815,20.429922624050086,24.149156074513964,24.467201117840787,23.696608684310952,22.279261363041908,1.67,47.0,0.29,0.82
RTX,1997-06-26,7.441432004708344,7.518602718769501,7.325676735512454,7.446944236755371,3299400,20.285641555208954,24.156676236623966,24.38667631593888,23.697544063590513,22.281570387032488,1.64,43.0,0.17,0.86
RTX,1997-06-27,7.430411344166439,7.540654972345126,7.408362939289204,7.441435813903809,2863378,19.9015099643559,23.91069082351944,24.3654091026724,23.67529048707864,22.279609092374407,1.61,41.0,0.05,0.88
RTX,1997-06-30,7.408362762703134,7.496557449304869,7.320167541503906,7.320167541503906,5302811,20.50441160111533,24.044866175837903,24.538871252800508,23.77379764900905,22.350568814781298,1.57,47.0,-0.05,0.79
RTX,1997-07-01,7.342212785035129,7.468993050988001,7.320163857183422,7.391822338104248,4313817,19.819343983106837,23.94512367014815,24.564163631992418,23.784023360693805,22.363991730657037,1.52,47.0,-0.18,0.77
RTX,1997-07-02,7.463482297558627,7.468995065605739,7.320165831657338,7.4304094314575195,3907033,19.733045339015245,23.929502692458826,24.407643122998202,23.773232326425344,22.365468931222047,1.48,41.0,-0.29,0.86
RTX,1997-07-03,7.843822468179057,7.843822468179057,7.474506578419824,7.584750175476074,4882044,20.369475520740313,24.223993130207912,24.581910974831242,23.83147179623542,22.3548465981967,1.43,47.0,-0.4,0.77
RTX,1997-07-07,7.606805268022619,7.64539093516536,7.540659479259283,7.595781326293945,3538385,20.298166597972845,24.175838405921695,23.756749383926206,23.800961294115844,22.28797503512827,1.4,21.0,-0.49,0.82
RTX,1997-07-08,7.573725708850978,7.623335274066556,7.529628376947949,7.584750175476074,1923961,20.14585376804101,23.289989634227652,23.213181523695102,23.753654077581917,22.28867571745212,1.39,14.0,-0.6,0.95
RTX,1997-07-09,7.584750854820398,7.595775322432924,7.342215240331842,7.435922145843506,4047501,21.162682245561182,23.751921966966137,23.45230753105976,23.881034580718318,22.34887100548242,1.38,15.0,-0.7,0.83
RTX,1997-07-10,7.435921298011051,7.502067561546907,7.402848433541793,7.496555328369141,7279527,21.169139825729168,23.54075089526134,23.446811223206968,23.838646344301058,22.325960598297726,1.36,14.0,-0.8,0.84
RTX,1997-07-11,7.496555310833317,7.524115942060338,7.474506378173828,7.474506378173828,5199208,20.908323695222307,23.515684873883504,23.41489530956044,23.761198242399896,22.318382899781717,1.35,13.0,-0.88,0.85
RTX,1997-07-14,7.524115942060338,7.529628175225211,7.43040904745219,7.474506378173828,3169102,20.73015824994086,23.514333143803796,23.41062036093551,23.47346167584195,22.203630425811568,1.33,12.0,-0.97,0.85
RTX,1997-07-15,7.507586050279791,7.606805268022619,7.474513155898123,7.595781326293945,2878632,20.45050180736616,23.68162427754887,23.53232624836034,23.51628920425117,22.161827835450126,1.32,18.0,-1.03,0.79
RTX,1997-07-16,7.67294646230539,7.772165613723918,7.612312417639075,7.689483165740967,2572273,19.71653679436958,22.59211264420136,23.48511892830767,23.46867475915622,22.180984443634813,1.3,14.0,-1.08,0.82
RTX,1997-07-17,7.650897492463772,7.689482596358879,7.606799619900876,7.6343607902526855,3214865,19.756841140582672,20.386423602099548,23.52400711119918,23.458580281612008,21.95102554928133,1.29,17.0,-1.13,0.79
RTX,1997-07-18,7.634359536163105,7.661920701987466,7.474506378173828,7.474506378173828,2732444,20.827467386734128,20.15471478149209,23.654119064650686,23.58510020157333,22.05450661300212,1.28,20.0,-1.18,0.75
RTX,1997-07-21,7.419381274667897,7.540649281057201,7.347723344653663,7.480015277862549,2556383,20.574693591931137,18.849064277083343,23.561345172812654,23.56055879117819,22.013148161420165,1.27,17.0,-1.22,0.81
RTX,1997-07-22,7.529627506896,7.62884662586234,7.502066878115258,7.606797695159912,2449602,20.83737095954352,19.052460432160107,23.46548891417347,23.624079275237115,22.061858220461687,1.26,10.0,-1.27,0.84
RTX,1997-07-23,7.672942415278907,7.672942415278907,7.524113766649487,7.573723316192627,7472749,20.81096391392597,18.75370464874972,23.47136305443441,23.63176642543499,22.07074923744114,1.25,10.0,-1.31,0.84
RTX,1997-07-24,7.584752486561343,7.606800891932362,7.446948215550542,7.551679611206055,8147756,20.838257363620663,18.720836116835144,23.410729797238073,23.63771297402895,22.067281900483486,1.25,5.0,-1.34,0.88
RTX,1997-07-25,7.628847822413005,7.645384523033533,7.496555821240907,7.518604755401611,4233732,20.450690680775917,18.584453014673553,23.277467440204454,23.643046351074982,21.804020913725125,1.25,2.0,-1.37,0.96
RTX,1997-07-28,7.540653047848069,7.573725914021941,7.452458381652832,7.452458381652832,6231422,20.304115080820733,18.718211101089654,23.140192191926324,23.671628907114243,21.680753206214582,1.25,1.0,-1.39,1.01
RTX,1997-07-29,7.452461376911656,7.5847534293747225,7.452461376911656,7.507582664489746,5708959,20.308433026610633,18.727371125590565,22.96933415873002,23.67408025499375,21.66153361281793,1.26,1.0,-1.41,1.1
RTX,1997-07-30,7.496558727732678,7.507582664489746,7.457973077991398,7.507582664489746,5569127,20.277597199994695,18.541296471842553,22.867671817915696,23.645953877084334,21.63057150851107,1.27,1.0,-1.44,1.16
RTX,1997-07-31,7.496558652742749,7.513094825011727,7.452461302362844,7.457973003387451,5074630,20.347346451209685,18.42348584962273,22.88995301314051,23.664947310562923,21.646580856122565,1.28,2.0,-1.46,1.14
RTX,1997-08-01,7.485530670065,7.551676931904693,7.375287613128615,7.402848243713379,7400926,20.431658378500387,18.22242927141197,22.910909179434867,23.653723247301755,21.663922291683576,1.28,3.0,-1.48,1.12
RTX,1997-08-04,7.364263663100008,7.496556205653247,7.2650445234837795,7.468995571136475,3779278,20.224708873814603,18.283828824588362,22.88409580990872,23.64655017431973,21.672577352666266,1.29,2.0,-1.49,1.15
RTX,1997-08-05,7.463485578792858,7.496558994031673,7.37529140861549,7.38631534576416,2246846,16.94511640708417,18.43797395902385,22.59728280517663,23.692814795376343,21.679364242202364,1.31,1.0,-1.48,1.26
RTX,1997-08-06,7.391827313518513,7.491045951843262,7.391827313518513,7.491045951843262,2096209,16.998290338891216,18.5955623009539,22.63017190735677,23.7369737065151,21.685416028617645,1.32,2.0,-1.48,1.24
RTX,1997-08-07,7.496556183114996,7.496556183114996,7.408361511409594,7.435922145843506,3875889,16.7771795761479,18.639976709847105,22.621364940208792,23.73098926159523,21.700514792777014,1.34,2.0,-1.47,1.25
RTX,1997-08-08,7.40836217896001,7.430410581574391,7.088655796973172,7.248508453369141,7200077,18.26690507865808,19.320507223192536,22.767110740903902,23.939158930118627,21.866568180810116,1.35,4.0,-1.45,1.21
RTX,1997-08-11,7.254020679944039,7.281581314800888,7.198898875632934,7.237483978271484,3225034,18.267715115816372,19.16714509171322,22.23740120935372,23.93287604119783,21.868400722389715,1.37,1.0,-1.43,1.38
RTX,1997-08-12,7.23748724786106,7.287096840692823,7.176853182267205,7.187877655029297,4893484,17.766103929317246,19.174678634181973,22.261401870768104,23.945907903022047,21.8701725220939,1.39,2.0,-1.4,1.36
RTX,1997-08-13,7.231972057589041,7.276069930625682,7.154801848969785,7.160314083099365,5224632,17.512915251338274,18.8662250928093,22.159855873525782,23.774534834702678,21.875993606081384,1.41,1.0,-1.38,1.42
RTX,1997-08-14,7.165826785248434,7.1713384851405655,7.094168271481115,7.143777847290039,6310872,17.414398498089454,18.791407416742555,22.023805036977357,23.771524745629797,21.875453994541356,1.44,1.0,-1.36,1.5
RTX,1997-08-15,7.033533569576418,7.099679842674342,7.01148516827539,7.028021335601807,4535006,16.65453233108686,19.10788094116287,22.132538332443776,23.81814411632062,21.900935281916265,1.46,2.0,-1.36,1.43
RTX,1997-08-18,7.0555826179306615,7.176850707298536,7.011485811284574,7.121728897094727,5711502,17.240645741351084,19.194000088309004,22.22563092021729,23.861598656201956,21.92588585876107,1.48,4.0,-1.35,1.36
RTX,1997-08-19,7.242996614787823,7.276070019971425,7.143777468431896,7.20992374420166,6528883,17.742844664386467,19.1814825761673,22.124976478676437,23.898104307970147,21.951112506158545,1.5,2.0,-1.33,1.43
RTX,1997-08-20,7.204170228927573,7.2484354318582405,7.182037895778477,7.215236663818359,3365502,16.89795620662481,19.14462111793891,21.603520739257913,23.69355702028469,21.8421362023618,1.53,1.0,-1.29,1.65
RTX,1997-08-21,7.21523274197433,7.237365599725573,7.126702384233724,7.148834705352783,4645600,16.832510795796768,19.185878868299024,21.65845715692893,23.6321056907114,21.81691796657157,1.56,2.0,-1.25,1.6
RTX,1997-08-22,7.082441747083917,7.126707494326456,6.9773122072805895,7.060309410095215,4691364,17.122826912484754,19.142362698045467,21.758577101972985,23.686145083170807,21.860956095965285,1.58,3.0,-1.21,1.52
RTX,1997-08-25,7.060304559247886,7.165434563453242,6.9994402718719,7.027105808258057,5804935,17.13186975002011,19.10132402384186,21.633846956121502,23.609920404035893,21.869371043316555,1.61,2.0,-1.16,1.61
RTX,1997-08-26,6.982843807263338,7.0824401055777875,6.944111824035645,6.9441118240356445,5166157,16.46166230698281,18.98507335532114,21.63568524141096,23.657189214607403,21.90925430019097,1.64,3.0,-1.13,1.61
RTX,1997-08-27,6.949646533018759,7.010510861171083,6.9330468780867305,6.971778869628906,4053221,15.962276580172045,18.365050673475995,21.51866087647972,23.647086547029716,21.90050247211823,1.67,1.0,-1.08,1.7
RTX,1997-08-28,6.910908797015453,7.0935032537730525,6.844511300587375,6.960707187652588,4276317,15.925032942459005,18.32730577007418,21.512433587140382,23.596080028379703,21.873754980473826,1.7,1.0,-1.04,1.7
RTX,1997-08-29,6.938575190208458,6.993907338469891,6.816846073929965,6.910909652709961,3047702,15.036303462346586,18.30189981415912,21.54741527289867,23.268424354371415,21.871527682947217,1.72,3.0,-0.99,1.67
RTX,1997-09-02,6.9717766454768775,7.121171882307055,6.960710212385964,7.093506336212158,4528650,17.16943758079097,18.924645065641734,21.907313158407433,23.421086066997503,22.010688084121274,1.74,9.0,-0.93,1.49
RTX,1997-09-03,7.115639357939747,7.259501392218735,7.104572923772339,7.237369060516357,4944968,17.499902959894406,19.217075860578746,21.592869814993364,23.517886470473382,22.087796125295792,1.76,4.0,-0.91,1.57
RTX,1997-09-04,7.248434958051327,7.259501392218735,7.193103860479164,7.237369060516357,6790750,17.487091557939557,19.149984278615033,21.59373402350231,23.486961452608725,22.05790018619013,1.78,5.0,-0.9,1.56
RTX,1997-09-05,7.281632978013787,7.281632978013787,6.971776095697183,7.038174152374268,13295481,19.088155315246734,19.965637733455583,21.90016178759521,23.7262923428548,22.252015688719613,1.8,11.0,-0.86,1.48
RTX,1997-09-08,6.993910916350551,7.132239211239971,6.993910916350551,7.04924201965332,5391159,19.11090777428264,19.705909921194912,21.879988798454985,23.274611525566886,22.057277970840076,1.81,11.0,-0.83,1.5
RTX,1997-09-09,7.0381756415771415,7.065841191344128,6.946878361407662,7.032641887664795,4675474,19.005847752748565,19.528077734548948,21.875445399588838,23.234451341540943,22.057597342601472,1.83,11.0,-0.8,1.5
RTX,1997-09-10,7.016044493543083,7.021577175124544,6.850049557020421,6.899847984313965,7876355,19.42109062255692,19.781416212720753,22.100966128180303,23.35252486755325,22.150754382501873,1.84,16.0,-0.8,1.36
RTX,1997-09-11,6.861111096926253,6.899843599811775,6.794713593815488,6.850045204162598,6674436,19.443362349061413,19.80692508818263,21.488784944837434,23.371934043760206,22.163038574955415,1.85,1.0,-1.07,1.5
RTX,1997-09-12,6.905378823450302,6.94964455735171,6.838980759230597,6.92197847366333,3828219,19.797226094251275,19.95420418010928,19.989904894069692,23.37878984705578,22.162081770111357,1.88,1.0,-1.06,0.38
RTX,1997-09-15,6.927510334974458,7.038173574810957,6.927510334974458,6.955175876617432,3572072,19.848875055653856,19.99487291289025,19.456587562263543,23.3713762682309,22.010468108889064,1.92,1.0,-1.04,0.4
RTX,1997-09-16,7.09350688413205,7.1543711975686115,7.021575600117346,7.137772083282471,7728260,21.231326457395905,20.56184973672411,19.15479120149251,23.552458260103197,22.113593170448418,1.95,1.0,-1.01,0.33
RTX,1997-09-17,7.248429109636308,7.30376123582847,7.137766467148002,7.182031631469727,3872711,21.142458269755863,19.00922756161781,19.162274731968793,23.239383413769616,22.092913224719418,1.97,2.0,-1.0,0.34
RTX,1997-09-18,7.193100260768188,7.403360258196793,7.193100260768188,7.3369622230529785,5869130,21.688412523193232,19.326553957335744,19.26083448397875,23.326136981718495,22.18310768452113,2.0,3.0,-1.1,0.37
RTX,1997-09-19,7.3369622230529785,7.392293292935292,7.303763473797156,7.3369622230529785,5735654,21.595792140310856,19.178026288364432,19.209082013260424,23.16413404228888,22.18310768452113,2.02,3.0,-1.18,0.39
RTX,1997-09-22,7.336963431891888,7.469758987426758,7.336963431891888,7.469758987426758,5201115,20.8714230984697,19.505064657735456,19.26881963029721,23.240627782925642,22.239379867703672,2.04,5.0,-1.2,0.37
RTX,1997-09-23,7.469765240208285,7.508497242581991,7.414433578260401,7.4918975830078125,3007659,20.864737168236363,19.51338963488034,19.270764459068708,23.21756493121225,22.239423281190202,2.05,6.0,-1.23,0.37
RTX,1997-09-24,7.458691328079106,7.502956505964259,7.331429008738313,7.3369622230529785,16088307,21.711992851906757,19.695747537346435,19.566390205401955,23.366552079821165,22.323472766767463,2.06,8.0,-1.24,0.24
RTX,1997-09-25,7.348031788324126,7.348031788324126,7.187570639513138,7.22076940536499,3884787,22.210079902467285,19.858684782146995,19.622738256361256,23.320659191245763,22.380943198996288,2.06,9.0,-1.2,0.18
RTX,1997-09-26,7.281635345170986,7.314834115985809,7.22077048481671,7.292701244354248,4961494,22.368126810913257,19.938589243937418,19.554615066277783,23.1902023571949,22.39757724075512,2.06,8.0,-1.16,0.21
RTX,1997-09-29,7.259503364766386,7.270569801940759,7.204171715527103,7.253970146179199,3758303,21.861808265434,19.481775350440287,19.42986531599165,23.111270152146698,22.407398265911915,2.07,7.0,-1.12,0.28
RTX,1997-09-30,7.253968098866089,7.253968098866089,7.110106602732115,7.170970916748047,5372091,21.83951317012133,19.60008416629686,19.525329120990033,23.15692379150079,22.443559645255533,2.07,9.0,-1.09,0.21
RTX,1997-10-01,7.14883994976904,7.242904127585479,7.126707612413613,7.187572479248047,4779076,21.54936716648522,19.611219871069714,19.50452915732452,22.93740333929716,22.443660718220553,2.07,9.0,-1.05,0.22
RTX,1997-10-02,7.170972824895311,7.170972824895311,6.9939119794934825,7.132240295410156,7390121,21.660056432649238,19.2665226787235,19.52458574910264,22.959204362168574,22.46157673300339,2.07,10.0,-1.01,0.19
RTX,1997-10-03,7.226303374772667,7.237369810086219,6.993910916350551,7.04924201965332,8429963,21.758989965293768,19.30744165524102,19.601623907231122,22.97755849159555,22.48390590078663,2.07,14.0,-0.99,0.14
RTX,1997-10-06,7.054776071023935,7.087975380887993,6.944113314708083,6.971778869628906,6565748,21.69516847237088,19.413012035089615,19.605092788389126,23.014938330904975,22.512973786329415,2.07,15.0,-0.99,0.12
RTX,1997-10-07,6.97177785263824,7.027109491041081,6.9441123017530595,6.949645519256592,10031675,21.6733317907123,19.41583064985774,19.52965552307879,23.017720496178747,22.50219428133903,2.08,12.0,-0.99,0.17
RTX,1997-10-08,6.960711407847243,6.971777842838752,6.861114566188618,6.888780117034912,9558788,21.54906221553299,19.136194033013805,19.553521954197077,22.950747894554876,22.522785400387317,2.08,13.0,-1.01,0.16
RTX,1997-10-09,6.816845175521329,6.966240882873534,6.800246069862756,6.966240882873535,5813833,21.77237867679545,19.104000413707805,19.453406807449095,22.352471867512687,22.53060952316898,2.07,8.0,-1.13,0.22
RTX,1997-10-10,6.955177165393658,6.960710382074004,6.805781924921526,6.883246421813965,10206465,22.044015685077902,19.188473208413512,19.49276410761171,22.40303002123482,22.567563364656856,2.07,10.0,-1.19,0.18
RTX,1997-10-13,6.916446743814538,7.027109483874885,6.899847091320869,6.905379772186279,3697285,21.97079040878168,18.77984200579849,19.489047658111026,22.375225461572672,22.56027660474925,2.06,10.0,-1.24,0.18
RTX,1997-10-14,6.982843065830673,7.099039003176161,6.960710199689217,7.054773807525635,5826545,21.52539011802158,19.34561198080053,19.722033075787042,22.433032863549933,22.643730453471044,2.05,22.0,-1.25,0.13
RTX,1997-10-15,7.093506336212158,7.148837428401953,7.060307036939416,7.093506336212158,4437759,20.732495514005763,19.037639056504393,19.6381381482259,22.432592503747284,22.609821202783177,2.04,22.0,-1.23,0.16
RTX,1997-10-16,7.13777393113709,7.170972704936427,7.016044736117811,7.060309410095215,4541998,20.763889991758074,19.040149990309907,19.628657097357813,22.158607680957918,22.590375178632495,2.04,22.0,-1.22,0.16
RTX,1997-10-17,7.060304559247886,7.093503846869913,6.916443126081228,7.027105808258057,4013814,19.161296877662558,19.05075935394012,19.603659226032168,22.166118621231973,22.554890395445,2.03,20.0,-1.23,0.17
RTX,1997-10-20,7.004977290272155,7.110107896250807,6.927513311086871,7.071375370025635,3444952,19.244391174985164,19.09988551420363,19.501367936530638,22.13247553529065,22.555869801489635,2.02,12.0,-1.24,0.21
RTX,1997-10-21,7.04924291332796,7.082441686844928,6.949646592777057,7.004977703094482,4650685,19.431440122615097,19.110714094099908,19.52004165492019,22.14463593327013,22.54312243459719,2.02,14.0,-1.25,0.2
RTX,1997-10-22,7.126706051470903,7.170971253119049,7.060307980682454,7.065841197967529,6708122,18.732701914193626,19.136564571119372,19.408242236828947,22.161788166586348,22.498251393445017,2.01,7.0,-1.24,0.27
RTX,1997-10-23,6.99390756077937,7.004973454151178,6.778114322229421,6.783647537231445,9645230,22.182512069128414,20.79560763605367,20.108703056433836,22.69911521998151,22.65821125719557,1.98,30.0,-1.2,0.72
RTX,1997-10-24,6.81684887629262,6.866647830199939,6.451660304066033,6.573390007019043,13799512,23.69102266903457,21.653938996320083,20.68305591835389,22.90157702085543,22.86874553941299,1.96,31.0,-0.83,0.6
RTX,1997-10-27,6.4405938112125,6.490392223884663,6.175002098083496,6.175002098083496,10036124,29.422252503690245,24.928473129725276,22.841901231603416,24.07697214927497,23.676513082490427,1.93,59.0,1.13,2.67
RTX,1997-10-28,6.020071777938124,6.169466956341888,5.90940856357263,6.147334098815918,22143033,28.025525716427108,24.805770044802173,22.74022734420363,23.572570716000673,23.663169992093795,1.9,58.0,1.99,2.71
RTX,1997-10-29,6.285668073656872,6.457195700899291,6.285668073656872,6.374197959899902,13134038,30.325360962703922,26.03199652945588,23.424063930027213,23.63551060075837,23.90557104914221,1.88,72.0,1.76,2.56
RTX,1997-10-30,6.191602706909179,6.34099796806647,6.16947037375577,6.19160270690918,16863739,30.18685528233759,26.36097336516295,23.786916254243568,23.879740890952338,24.06609039960543,1.87,83.0,1.79,2.27
RTX,1997-10-31,6.219266402381367,6.241398727023287,6.141801924553972,6.197133541107178,11264739,30.2025022453654,26.35909235786823,23.7890242581393,23.869105015769083,24.06000448228815,1.85,84.0,1.67,2.27
RTX,1997-11-03,6.285665569801052,6.2967314657780395,6.2082005415355965,6.280131816864014,7427622,29.916834577813177,26.144430331749437,23.763437625407978,23.893632458815258,24.09069673184815,1.83,83.0,1.44,2.28
RTX,1997-11-04,6.246934547145283,6.418462147013566,6.180536472268775,6.346531391143799,8292038,30.187714893919264,26.277592350649147,23.74716746142366,23.92272482349667,24.111850147664864,1.81,82.0,1.21,2.29
RTX,1997-11-05,6.363133214231276,6.551259994506836,6.357599458085691,6.551259994506836,13973666,31.678311559065126,27.160763725681186,24.29654284596228,24.221146524062068,24.308668691172684,1.8,91.0,1.02,2.1
RTX,1997-11-06,6.50699186505244,6.573389390772638,6.490392215306194,6.5125250816345215,8407717,31.475695470990388,27.171673050904733,24.302525277244754,24.18213166152111,24.3135763897987,1.81,91.0,0.83,2.1
RTX,1997-11-07,6.407397270952689,6.429529608355303,6.2967339740418895,6.374197959899902,7106644,31.632469963156208,27.475635772693646,24.50195713121999,24.313590768450936,24.40472185194982,1.82,96.0,0.66,1.92
RTX,1997-11-10,6.407394305539668,6.418460200803267,6.296731059845044,6.307796955108643,5487770,31.679451726461664,27.37010196803553,24.540203484238656,24.281318858997643,24.40434789749625,1.82,97.0,0.5,1.88
RTX,1997-11-11,6.329928217166942,6.352060538726077,6.219265536106882,6.241397857666016,5639043,31.66319473710542,27.24592245707535,24.462535918242867,24.27374327119966,24.42810512392939,1.83,93.0,0.38,1.9
RTX,1997-11-12,6.130733034293647,6.24139622300247,6.097534292333821,6.152865886688232,5755358,31.712460844836286,27.18617566054079,23.8016164042568,24.18888346312115,24.452553801728776,1.82,87.0,0.26,2.11
RTX,1997-11-13,6.158403599553281,6.335464953616193,6.158403599553281,6.329931735992432,5958750,33.1537069062353,27.91307147197689,24.162807494879708,24.424832423622618,24.601087751801018,1.82,88.0,0.11,1.98
RTX,1997-11-14,6.374195644932007,6.429527273292174,6.346530099068114,6.401861190795898,9132301,33.35757005850187,28.00839616457806,24.194671632872737,24.434936956459843,24.62526701535544,1.81,89.0,-0.04,1.98
RTX,1997-11-17,6.451659834404652,6.5955218586557525,6.451659834404652,6.567856311798096,3474190,34.287348123065996,28.474135553124675,24.551708172986277,24.556917714501235,24.752402632721772,1.81,98.0,-0.15,1.82
RTX,1997-11-18,6.55679273769926,6.562325419724755,6.495927869092886,6.523593425750732,3219950,34.313865064187056,28.48800663513738,24.567092467046646,24.452874611290902,24.739345131726783,1.82,99.0,-0.25,1.8
RTX,1997-11-19,6.523367899009661,6.578932741430004,6.445576149602206,6.51225471496582,3895592,34.25525280177936,28.401885146892013,24.447429941633352,24.338924440560408,24.73597845164962,1.82,93.0,-0.36,1.9
RTX,1997-11-20,6.534481540487273,6.651168364417745,6.512255170843678,6.640055179595947,4261062,34.610236652886805,28.69437365135591,24.60546461123104,24.386693232721807,24.801446426040147,1.82,100.0,-0.42,1.82
RTX,1997-11-21,6.640056107288545,6.690064907073975,6.578934121128678,6.690064907073975,6005149,34.56287293053811,28.744322688615505,24.623078015755564,24.400599481258585,24.806176314486244,1.82,100.0,-0.47,1.81
RTX,1997-11-24,6.62338874060062,6.651171716657942,6.578936517808645,6.606719493865967,7774024,34.69925344916561,28.817078845134276,24.443620942283438,24.43246971605709,24.711697596927287,1.82,92.0,-0.52,1.87
RTX,1997-11-25,6.623387833035048,6.623387833035048,6.501144371832385,6.551153182983398,5014884,34.06173331792602,28.308338911100687,24.464913807790577,24.426083916135845,24.724184721289944,1.83,94.0,-0.57,1.85
RTX,1997-11-26,6.578935072229914,6.673396092269561,6.567822423148488,6.617831230163574,4658948,34.18246336579416,28.059337765262782,24.534193361204352,24.281693245128046,24.71308384867234,1.84,95.0,-0.61,1.81
RTX,1997-11-28,6.634502888998887,6.712294149073679,6.612276506749077,6.662285327911377,1822901,34.27282215345577,28.108040017030817,24.387144589451783,24.255805764707407,24.719189321484595,1.85,89.0,-0.64,1.94
RTX,1997-12-01,6.662284223829967,6.923441477487096,6.6456144399051436,6.890101909637451,6262567,35.77099712595665,28.45414068608458,24.961808356881594,24.559642077680813,24.941412568062923,1.87,100.0,-0.63,1.76
RTX,1997-12-02,6.934553623199463,7.001232215146446,6.895658541338219,6.934553623199463,6193286,35.77356374673556,28.485598597882582,24.986076197723495,24.450962556807813,24.813614985011526,1.89,100.0,-0.61,1.75
RTX,1997-12-03,6.912326320725555,6.990117545766717,6.867873576245428,6.956778526306152,6139260,35.691335422380845,28.490999214822683,24.993682572592775,24.168776925680163,24.75465382208477,1.91,100.0,-0.59,1.75
RTX,1997-12-04,6.956780351246852,7.101250192006795,6.917884189623287,7.02901554107666,7086940,35.73093730415274,28.295092538308246,24.911592410672178,24.194729768853403,24.773383481061636,1.92,97.0,-0.56,1.8
RTX,1997-12-05,7.0234580250075815,7.034570673685118,6.967892087121894,6.979005813598633,5255776,33.682734919283234,28.293915405892463,24.84345158289962,24.14956545557271,24.729476185033466,1.94,96.0,-0.54,1.83
RTX,1997-12-08,6.956777618179633,7.001229817957511,6.851203441619873,6.851203441619873,4466997,32.793882827501776,28.4718636856694,24.979693064143458,24.175168289420956,24.802798341131144,1.95,98.0,-0.53,1.73
RTX,1997-12-09,6.790080558969902,6.81230692534334,6.717845946055003,6.740071773529053,9142470,27.235497628382333,28.6437601801167,24.892838076170964,24.225091653300375,24.851477791218223,1.97,95.0,-0.53,1.78
RTX,1997-12-10,6.623386787662842,6.6845093169666745,6.60116095227012,6.628943920135498,8052416,27.74466085580119,28.291262861053685,25.01367885603754,24.29980421241622,24.877723409280105,1.98,100.0,-0.55,1.68
RTX,1997-12-11,6.606717615092363,6.606717615092363,6.4844741719021295,6.490030765533447,9954767,26.64878114112947,28.539565659856102,25.044104053957327,24.34061678635934,24.7464323949244,2.0,100.0,-0.6,1.63
RTX,1997-12-12,6.512256601159132,6.59004783419841,6.490030765533447,6.490030765533447,4046865,25.12516796538524,28.13624826412645,25.04138997276666,24.095337567045235,24.721280851847325,2.02,99.0,-0.65,1.64
RTX,1997-12-15,6.562265005547464,6.567821598840595,6.456690810777077,6.478916645050049,4967214,25.142618462114935,28.133121711052294,25.0404424810204,24.092578377700125,24.718281563432537,2.03,98.0,-0.69,1.64
RTX,1997-12-16,6.490030291831443,6.556708871640856,6.473360512154203,6.523369312286377,5213191,24.94750503100306,27.886789451061205,25.071239987802347,24.106822925379777,24.701320872540215,2.05,100.0,-0.73,1.63
RTX,1997-12-17,6.578935182392225,6.590048370559358,6.451135135169087,6.495587348937988,5107682,24.838885696559814,27.868365829501833,25.047315868104214,24.04774711570721,24.697814300323326,2.07,99.0,-0.76,1.65
RTX,1997-12-18,6.451134733167997,6.451134733167997,6.301108318959458,6.323334693908691,7135246,24.291490635045534,28.06431987150698,25.3313645792028,24.217152973066568,24.531187001248842,2.09,100.0,-0.82,1.48
RTX,1997-12-19,6.390011447756458,6.390011447756458,6.162193325443649,6.18441915512085,10996516,25.015813954119714,28.22139115987637,25.537648808380865,24.288733608838882,24.600939818103186,2.12,100.0,-0.85,1.35
RTX,1997-12-22,6.1955327829425695,6.295550362199031,6.189975651984507,6.245541572570801,3798981,24.508770134928998,28.21992565690652,25.594350608782285,24.31600238565426,24.619096912354056,2.14,100.0,-0.9,1.32
RTX,1997-12-23,6.223314791190484,6.284436221978885,6.1621928215026855,6.1621928215026855,2782657,24.6264196818634,28.302404221841698,25.645892741067506,24.36567974382857,24.656865051574584,2.17,100.0,-0.93,1.29
RTX,1997-12-24,6.201092322469296,6.245545083930486,6.112187877346387,6.134413719177246,1702772,24.478913862449865,28.245886209697268,25.591379321477543,24.364397978281765,24.64456089478304,2.19,98.0,-0.96,1.31
RTX,1997-12-26,6.134410830669266,6.2344284190622234,6.134410830669266,6.15108060836792,598735,24.145131354086768,28.248984286378608,25.559550592479063,24.12840139910239,24.639510873446124,2.22,97.0,-0.99,1.34
RTX,1997-12-29,6.173305511474609,6.2066445200490294,6.134409372755206,6.173305511474609,5986716,22.635217009259136,28.256528288487555,25.447441410134413,24.13152234414518,24.636098882003886,2.24,95.0,-1.04,1.4
RTX,1997-12-30,6.206645861196382,6.445576641890413,6.206645861196382,6.423350811004639,5582475,25.29899181229643,29.47206799209523,26.275221580994508,24.48720729030029,24.746248862707592,2.27,100.0,-1.08,1.3
RTX,1997-12-31,6.428905424682373,6.501140571406587,6.395566416370848,6.473358154296875,4060213,24.243480245324715,29.46513597409448,26.02940055031605,24.49720232921332,24.737130556112362,2.3,99.0,-1.1,1.43
RTX,1998-01-02,6.517812280386354,6.578933723956761,6.384455129742986,6.501142501831055,3003846,24.20621387183027,29.483797631968773,26.043488840990697,24.495035997897077,24.62274530703689,2.33,99.0,-1.11,1.43
RTX,1998-01-05,6.523370319355821,6.590048370559358,6.4678049174197865,6.495587348937988,4579498,24.202411473971907,29.44027641997534,26.02686308354714,24.494429622278837,24.619595084409806,2.36,97.0,-1.12,1.44
RTX,1998-01-06,6.467803011675658,6.490029381460904,6.406681033665705,6.423350811004639,3689658,23.677699730062347,29.40244576418659,26.073225188684308,24.22238143500818,24.634253614320386,2.38,99.0,-1.14,1.41
RTX,1998-01-07,6.3122229655139295,6.401126861572266,6.2733268036825836,6.401126861572266,4952595,23.544172639581713,29.322582563428778,26.075249319508703,23.455822998067504,24.63724662558039,2.41,99.0,-1.15,1.4
RTX,1998-01-08,6.401124025294241,6.423350393635285,6.312220168628369,6.3455586433410645,3673132,23.41391426686564,29.347673463198,25.989828887300682,23.21099377086111,24.55523977580601,2.43,94.0,-1.18,1.46
RTX,1998-01-09,6.301110484604748,6.301110484604748,6.017727340002894,6.089962005615234,5335226,26.041703000918897,30.060062684368216,26.654313234022204,23.395717732702185,24.78904573201345,2.47,100.0,-1.18,1.32
RTX,1998-01-12,6.045506429499202,6.206645444013299,5.956601495233486,6.19553279876709,11504360,26.415300863221812,30.286923193586944,26.730094534405204,23.48587674634818,24.79423600209461,2.5,100.0,-1.19,1.28
RTX,1998-01-13,6.195534216666693,6.3288903013363305,6.18997708442264,6.30666446685791,4957680,26.929851046304066,30.558605958004016,26.902996031601532,23.516635891923386,24.85455276438382,2.53,100.0,-1.2,1.2
RTX,1998-01-14,6.306662027607849,6.445575190793601,6.295549384116494,6.434462547302246,4086272,25.634114262498244,30.88063873024374,27.085589097018048,23.607005505980474,24.796328094340257,2.56,100.0,-1.19,1.13
RTX,1998-01-15,6.412237216978467,6.412237216978467,6.289993807657787,6.3011064529418945,3798346,26.05010485892492,31.0921347162011,27.209716675355107,23.6665861629956,24.885362384513467,2.6,100.0,-1.19,1.07
RTX,1998-01-16,6.34555818305924,6.384453785935299,6.289993344035955,6.334444999694824,4747296,26.10130547964514,31.086496962442457,27.22251068063408,23.67466689211188,24.86677331768508,2.63,100.0,-1.2,1.07
RTX,1998-01-20,6.3400025901552395,6.37334160376737,6.24554160250467,6.3455586433410645,5717222,25.834136937553232,31.0206846321144,27.170263782619188,23.661885300559934,24.864084232481076,2.66,98.0,-1.2,1.11
RTX,1998-01-21,6.312219188855856,6.42334939661332,6.312219188855856,6.367784023284912,2414009,25.88455349496308,29.953872454115277,27.168177340565503,23.599429650227297,24.86525716297034,2.69,97.0,-1.2,1.11
RTX,1998-01-22,6.423351180362255,6.81230836277422,6.423351180362255,6.634499549865723,10418755,28.424757130929713,30.489196919468185,27.971498205773663,24.039912232518674,25.137354195672444,2.73,100.0,-1.18,1.0
RTX,1998-01-23,6.712290342038164,6.73451671168176,6.590046386797326,6.640055179595947,9579128,28.055881971810624,27.54952499210513,27.951563615444684,23.980566221019046,24.72069369117869,2.77,99.0,-1.17,1.02
RTX,1998-01-26,6.712289737718039,6.9901160998529415,6.656724357511175,6.962333679199219,9403066,30.85414028277117,29.099408798085214,28.66136136948067,24.631028633744563,25.164442671595143,2.82,100.0,-1.15,1.1
RTX,1998-01-27,6.956777064490284,7.062350693747986,6.912324868250352,7.017899036407471,6343288,30.12900576466834,28.245794138792817,28.507332724993777,24.637107937265686,25.157009394663426,2.86,99.0,-1.14,1.17
RTX,1998-01-28,7.067911542250124,7.229050636291504,7.034571973359052,7.229050636291504,6832064,31.11501004907824,28.085284975826834,28.90116617552853,24.87260430529576,25.277437117255413,2.91,100.0,-1.14,1.02
RTX,1998-01-29,7.145701751805745,7.367963356463896,7.145701751805745,7.345736980438232,7641183,31.27593753615942,28.21706893423715,28.66202636345485,24.93470088567338,25.31927134240521,2.95,99.0,-1.14,1.12
RTX,1998-01-30,7.3679634044588305,7.3679634044588305,7.15681498643809,7.223493576049805,6117650,31.845850323913222,28.4132042213894,28.79116550654181,24.983898105819772,25.200027260566177,3.0,99.0,-1.15,1.05
RTX,1998-02-02,7.356842962948503,7.523539015385964,7.356842962948503,7.512426376342773,6744987,33.39277518463915,29.35948296383103,29.444639661997325,25.368697405092817,25.491958184091494,3.05,100.0,-1.11,0.9
RTX,1998-02-03,7.467977540942779,7.601334119150875,7.37907261657134,7.584664344787598,5775062,32.02674671806534,28.771735168059447,29.30694639158243,25.377695470435718,25.480027141677148,3.1,99.0,-1.05,0.97
RTX,1998-02-04,7.534661795162338,7.534661795162338,7.456870528230645,7.523548603057861,3928008,31.1939562316992,28.801972332085914,29.31327415383187,25.319619510800234,25.482782900790063,3.14,99.0,-1.06,0.97
RTX,1998-02-05,7.52910573800992,7.562444775423528,7.412418298712561,7.523548603057861,2912319,31.233716088507794,28.374775053509353,29.273900293235656,25.296341607848838,25.4814254033999,3.17,97.0,-1.06,0.99
RTX,1998-02-06,7.467979432333644,7.5568838403222385,7.456866246610192,7.5402140617370605,4421869,30.703417518482052,28.24083687826167,29.267910790468925,25.29376833608768,25.480446336565354,3.18,96.0,-1.07,0.99
RTX,1998-02-09,7.545768740109823,7.551324792662374,7.479090181586098,7.501316547393799,3021007,30.724804663165862,28.151532837823765,29.00395311219846,25.279534933887394,25.418256741571476,3.19,95.0,-1.07,1.09
RTX,1998-02-10,7.55688515709871,7.8235989664385075,7.512432945358679,7.734694004058838,7080584,31.46647266009562,28.472546297398658,29.383307573060115,25.489102661211344,25.592113770387133,3.19,99.0,-0.97,0.96
RTX,1998-02-11,7.7402487087447245,7.7680311322141025,7.651344306963346,7.684683322906494,3631183,31.713801046961038,28.08189005655969,29.21828706501582,25.49363863760413,25.27704342920176,3.19,94.0,-0.91,1.03
RTX,1998-02-12,7.645787189446206,7.8235965196981025,7.590221807423703,7.756917953491211,2799818,30.202850071659636,28.060861713220635,29.25224071169652,25.500328936860615,25.080424092998687,3.19,94.0,-0.83,1.01
RTX,1998-02-13,7.734693585339758,7.756919959456348,7.556884748005346,7.634675979614258,2825878,30.87276348568067,27.9341119222157,29.23342389055768,25.5234297445499,25.13439217173988,3.19,93.0,-0.81,1.02
RTX,1998-02-17,7.679126775428707,7.7735877636083455,7.656900406963174,7.695796012878418,3295586,30.878649155543673,27.888435825453683,29.256219808033467,25.520836569509342,25.1353008541956,3.18,94.0,-0.77,1.01
RTX,1998-02-18,7.7401877567394735,7.807105454264471,7.645386693712182,7.69557523727417,4091357,30.864513201331484,27.87886324550664,29.05881007346469,25.448656740178855,25.118240219376343,3.17,90.0,-0.75,1.1
RTX,1998-02-19,7.673268312438215,7.678844876494959,7.56173811297613,7.623079776763916,2980964,30.78700416020274,27.770491479822564,28.983437711245124,25.329666542730404,25.135642884167954,3.16,88.0,-0.76,1.14
RTX,1998-02-20,7.617500522549485,7.706724975110936,7.561735442512154,7.689995288848877,3625462,30.673988320348105,27.781538173286584,28.974382830428326,25.33690010755503,25.148940013561678,3.14,87.0,-0.76,1.14
RTX,1998-02-23,7.678846112811211,7.751340916384357,7.578468484465134,7.656540393829346,2007225,30.516424297883088,27.64496419818589,28.96982258098338,25.328320965964878,25.11663590677276,3.12,86.0,-0.78,1.14
RTX,1998-02-24,7.639809416187131,7.6621151314237075,7.528279217495076,7.567314624786377,1980530,27.60129356235058,27.7082309031757,28.97210894823766,25.32891807980314,25.146550609069134,3.1,86.0,-0.81,1.14
RTX,1998-02-25,7.606352370157207,7.851718540753471,7.600775263984806,7.807106018066406,4828018,28.329055425437456,28.289423798132162,29.377130863427237,25.554521753574377,25.284929436420217,3.08,98.0,-0.81,1.0
RTX,1998-02-26,7.896330561775209,8.030167057994033,7.851719117484344,8.024590492248535,6589265,28.764741086829144,28.730212063847716,29.64650248527384,25.74187274698692,25.3951268826659,3.06,100.0,-0.72,0.9
RTX,1998-02-27,8.024591416990017,8.024591416990017,7.851720022304393,7.9688262939453125,3876524,28.849191789711348,28.085500150325537,29.603642031853187,25.756848053828563,25.31997386903567,3.04,99.0,-0.71,0.92
RTX,1998-03-02,7.940940859343966,8.091506479965469,7.890752319136798,8.0413179397583,7290968,27.595541264991923,28.106638712461617,29.563444391678047,25.720531409318504,25.330353877299476,3.02,98.0,-0.7,0.95
RTX,1998-03-03,8.030164381825248,8.085928939022759,7.985552411565411,8.046894073486328,5870402,27.668588020904288,28.108545286009157,29.554473207861182,25.685363575557414,25.307162563388424,2.98,97.0,-0.72,0.95
RTX,1998-03-04,8.063620036268455,8.063620036268455,7.935360740084724,7.963243007659912,3385206,28.129290249410683,28.181480982362306,29.57024691790177,25.703621317735504,25.28131838541356,2.95,98.0,-0.78,0.94
RTX,1998-03-05,7.88517604604219,7.9297880202780915,7.818257814270124,7.91863489151001,3263806,28.366980604081803,28.161924142789402,29.54975300325613,25.707265681344566,25.214268385549314,2.91,95.0,-0.85,0.95
RTX,1998-03-06,7.935366414309717,8.035742973856875,7.913060151630426,8.019014358520508,3847922,26.56572990346806,27.91065684630348,29.52647917258024,25.74855432810026,25.169577132110067,2.87,94.0,-0.9,0.97
RTX,1998-03-09,8.030167093133532,8.108237932239014,8.030167093133532,8.080355644226074,2858929,26.5168241175898,27.645626061601064,29.541173626307867,25.760322270159218,25.14043338054657,2.82,94.0,-0.94,0.96
RTX,1998-03-10,8.097083540500916,8.13611841053457,8.06362415332389,8.085929870605469,2595790,23.55400835109052,27.346139896392962,29.36970610677013,25.71647592052098,25.13736646316449,2.77,89.0,-0.97,1.03
RTX,1998-03-11,8.085927756777167,8.119387135207221,8.030163207733004,8.069198608398438,3106177,23.623446455797005,26.891876332136967,29.367250147274376,25.280202697317982,25.132222434549377,2.71,88.0,-1.02,1.03
RTX,1998-03-12,8.08593152404873,8.08593152404873,7.940942439142989,8.019014358520508,2735622,22.59149609812782,26.958154689710316,29.37629856899943,25.246258550347157,25.120305254887075,2.65,89.0,-1.07,1.03
RTX,1998-03-13,8.119388433942056,8.136117584996693,8.052470207214355,8.052470207214355,3376943,22.278105242938512,26.936262133373596,29.364042843596046,25.208278656546344,24.993565036316078,2.59,86.0,-1.12,1.04
RTX,1998-03-16,8.074780833255641,8.136121988381992,8.06920426627385,8.113816261291504,1773960,21.497869601358968,26.94053328505399,29.370359887312418,25.216198315863274,24.97945039772955,2.51,88.0,-1.16,1.03
RTX,1998-03-17,8.097078962577502,8.141690912754411,8.019008184976945,8.108231544494629,2454052,18.729501851581524,26.905642604315155,29.3212027934385,25.21616412314441,24.963436148500147,2.43,84.0,-1.21,1.06
RTX,1998-03-18,8.097081027441517,8.203034098108542,8.08035133904533,8.175151824951172,3892414,18.689531101263807,26.153191835990718,29.318589460458615,25.152077863911526,24.88585265986351,2.34,83.0,-1.24,1.06
RTX,1998-03-19,8.175150942125391,8.230916023254395,8.130538985389432,8.230916023254395,3800252,18.45313392548341,25.5671460426118,28.537102966489947,25.13944973492815,24.701209291539776,2.25,64.0,-1.28,1.22
RTX,1998-03-20,8.292258374525948,8.30898752170754,8.203033912600338,8.297834396362305,4639244,18.488118067120908,25.55490525897719,28.044711853032307,25.149235696162304,24.70845257010452,2.17,62.0,-1.31,1.4
RTX,1998-03-23,8.297833021791869,8.336868954033724,8.2197622389805,8.264374732971191,2956811,18.607496922750844,25.341224624976665,26.069488478425672,25.042785758425843,24.67416256469704,2.14,48.0,-1.34,0.35
RTX,1998-03-24,8.264374732971191,8.339656964490056,8.258797630386185,8.264374732971191,1873749,18.468604714673337,25.28642106607505,26.046755476039323,25.04257827326373,24.626479805914578,2.1,47.0,-1.37,0.35
RTX,1998-03-25,8.297836665712243,8.339660626777047,8.208612720221309,8.242072105407715,3959788,16.602695469877084,25.331356969965796,25.508239745347282,25.044363742705812,24.612968836671133,2.08,37.0,-1.4,0.49
RTX,1998-03-26,8.197459895387361,8.20861248262361,8.091505719533652,8.164000511169434,3224399,16.76166060712782,25.501688493618886,25.076265456179737,24.956450998111624,24.632772884423414,2.06,34.0,-1.43,0.56
RTX,1998-03-27,8.253219532795027,8.375902786766948,8.15284252166748,8.15284252166748,6639478,16.64136826860422,24.45859931008762,25.083128937888244,24.941008654162708,24.56651611171938,2.04,34.0,-1.47,0.55
RTX,1998-03-30,8.158428256309158,8.169581390272741,8.052474565328476,8.113816261291504,2073327,15.920330613034036,24.51095382484419,25.053707660895665,24.9455398057728,24.38811797763087,2.03,31.0,-1.5,0.59
RTX,1998-03-31,8.175153893371796,8.38148406494762,8.175153893371796,8.236495018005371,3413172,16.27506532628205,24.618927053400526,25.100085024530262,25.00480084896612,24.428296490049757,2.01,34.0,-1.52,0.56
RTX,1998-04-01,8.225342067019064,8.465131613258789,8.175153532185801,8.398213386535645,5959386,16.9992013621481,24.800756781830803,24.81076757354134,25.03725244003227,24.498916525094046,2.01,17.0,-1.53,0.64
RTX,1998-04-02,8.387060703218141,8.493014335632324,8.342448732860019,8.493014335632324,2980328,16.745880523478014,24.628526986842644,24.812140972523448,25.030737030833635,24.46883641185231,2.0,17.0,-1.52,0.62
RTX,1998-04-03,8.493011417041927,8.532046810086376,8.40936352813389,8.431669235229492,2850666,16.959439792159337,24.693928557879865,24.561636319739964,25.030976895162325,24.449365822372567,2.0,12.0,-1.53,0.69
RTX,1998-04-06,8.532043636891087,8.688185691833496,8.526466536146152,8.688185691833496,6860031,18.501170509534315,25.07316847979151,24.84289488260486,25.1374469634057,24.580194159319593,2.0,17.0,-1.49,0.56
RTX,1998-04-07,8.610121153932878,8.671462820255893,8.509744619272148,8.548779487609863,3352790,18.875742865085403,23.58060252761572,24.937578669518157,25.217907477637297,24.63688833385163,1.99,20.0,-1.49,0.53
RTX,1998-04-08,8.565503890269182,8.61011583617743,8.459550856759645,8.49858570098877,2649181,17.23239540289125,23.572709687363506,24.82352822181662,25.157264492537955,24.64642117877916,1.98,15.0,-1.49,0.57
RTX,1998-04-09,8.515319730467974,8.604543667832028,8.49301401654514,8.504166603088379,2082861,15.57217660122627,23.445409097762923,24.496748651536713,25.1503041560502,24.63899385207537,1.97,6.0,-1.49,0.73
RTX,1998-04-13,8.470708669261601,8.548779487609863,8.398213874364142,8.548779487609863,2978422,15.365874857828665,23.23406539042879,24.463039015366377,25.152549556807312,24.45786920397055,1.97,4.0,-1.49,0.75
RTX,1998-04-14,8.5487807071863,8.766264582068693,8.5487807071863,8.6826171875,4529286,15.72245597863816,22.70886000722622,24.27671094642577,25.206334466813356,24.499934823385708,1.97,1.0,-1.48,0.84
RTX,1998-04-15,8.660309691681451,8.665886255968672,8.46513210497438,8.548779487609863,3819320,16.570282372835422,23.108464410171045,24.404189203180902,25.254794476594284,24.493399032142314,1.98,3.0,-1.48,0.79
RTX,1998-04-16,8.543202304128842,8.677038214812747,8.481860642251746,8.6380033493042,3871440,16.30626195022467,23.12440329868311,24.42387371201729,25.268406237357038,24.503050979713727,1.98,4.0,-1.47,0.76
RTX,1998-04-17,8.63800094384084,8.649153527664838,8.559929612055491,8.587812423706055,4034789,16.31568990000775,23.23141291999607,24.315556955938355,25.280340789680505,24.509771279030243,1.98,2.0,-1.47,0.85
RTX,1998-04-20,8.62127332216638,8.660308726992278,8.532049385182509,8.654732704162598,2609138,16.11996811040494,21.994121942031953,24.316928452535354,25.278572547208267,24.51872938422321,1.98,3.0,-1.47,0.85
RTX,1998-04-21,8.6324272250667,8.743956885898584,8.598967840064368,8.732804298400879,6369983,16.161951188677282,22.000610861156616,24.2162562695683,25.277735538341407,24.29560884277938,1.99,1.0,-1.45,0.87
RTX,1998-04-22,8.77741599001376,8.788568577154571,8.598967564887765,8.699344635009766,4214664,16.261168219651076,20.170044619212106,24.17284677183642,25.266059446352944,23.782197787717752,1.99,1.0,-1.44,0.89
RTX,1998-04-23,8.721647045875516,8.76625899727997,8.64357572529061,8.743952751159668,3386477,16.221355430708766,20.15297080447695,24.147449623970864,25.230724159455097,23.615125768288824,1.99,1.0,-1.42,0.92
RTX,1998-04-24,8.743954229763256,8.782990167074765,8.710495395761061,8.749530792236328,3510419,16.01404195755584,19.419280376117143,24.141634525731043,25.182237591278223,23.37119888499292,2.0,1.0,-1.41,0.93
RTX,1998-04-27,8.665879452197727,8.699338270815389,8.62126751376218,8.688185691833496,6008327,16.26463011063369,19.343152557398938,23.67534790980602,25.180658069600142,23.38121335331346,2.01,1.0,-1.41,1.11
RTX,1998-04-28,8.766261212636385,8.766261212636385,8.582236798982962,8.626848220825195,4526743,16.42347819215251,19.02338286863318,23.712784012215504,25.002458859604786,23.33886446717793,2.03,2.0,-1.41,1.11
RTX,1998-04-29,8.68819188341521,8.727227289760135,8.610120529888983,8.6380033493042,3046431,16.404866689934163,17.459217953517143,23.712636692726775,25.00073170890801,23.321445050402406,2.05,2.0,-1.4,1.11
RTX,1998-04-30,8.710496627734717,8.905674178552335,8.710496627734717,8.782991409301758,4402801,16.853210692980827,17.643836830646375,23.789064485252187,25.051490747514706,23.331943009596003,2.06,4.0,-1.4,1.06
RTX,1998-05-01,8.822029113769531,8.900101024596978,8.771840569074092,8.822029113769531,3666776,16.813377660103885,17.510619323659217,23.74396053716392,25.047582935282165,23.334253732390643,2.07,4.0,-1.39,1.07
RTX,1998-05-04,8.838754088132719,8.93355510266738,8.822024401890802,8.883366584777832,2885624,16.78181846467883,17.523341539149726,23.518220237339854,25.05341601126196,23.335101584189935,2.09,1.0,-1.37,1.15
RTX,1998-05-05,8.822031317436291,8.844337583244616,8.749537035232489,8.75511360168457,2600240,17.39015360191241,17.878897343026555,23.482802571067698,25.036621293995616,23.3477948185261,2.11,1.0,-1.34,1.16
RTX,1998-05-06,8.777413227264356,8.833178308761523,8.65473048063956,8.66588306427002,2761046,17.738540412848423,18.00153182895066,23.37130169870676,25.032062573517464,23.335696171159533,2.13,1.0,-1.31,1.21
RTX,1998-05-07,8.65473205939491,8.65473205939491,8.537625312805176,8.537625312805176,3584784,18.337528647221912,17.359200071418897,23.22919427848136,25.067493493318622,23.33888377841879,2.15,1.0,-1.27,1.26
RTX,1998-05-08,8.543201301054332,8.638002335098905,8.537625278662357,8.582237243652344,4121866,18.08644136512816,17.290526607276835,23.22826707147599,25.072576625104286,23.342673551830252,2.18,1.0,-1.23,1.25
RTX,1998-05-11,8.632426449498453,8.70492123632057,8.632426449498453,8.654732704162598,2068878,18.16584416298793,17.27407325875457,23.233858346935556,25.058395685249106,23.34817740454278,2.2,3.0,-1.18,1.23
RTX,1998-05-12,8.632420633580065,8.704915371560322,8.576655034490642,8.688185691833496,2023750,18.05762238091682,16.87887311666794,23.22580255121202,25.008760672937065,23.34358545672858,2.22,1.0,-1.13,1.24
RTX,1998-05-13,8.64357856456952,8.699343657352076,8.576660345063189,8.598966598510742,4339241,17.998469420481225,17.025284554711106,23.292922593382265,25.036069927484416,23.363709731206146,2.24,5.0,-1.07,1.21
RTX,1998-05-14,8.565510179534579,8.632428417950019,8.537627895682759,8.604545593261719,3988390,17.16957437005028,17.022658968545926,22.80483412100982,24.988309180918325,23.341024410788663,2.27,1.0,-1.0,1.35
RTX,1998-05-15,8.565508976842954,8.632427205862339,8.520897004442167,8.532050132751465,3578428,17.079563159919456,16.99534610104902,22.519267325290862,25.012113798913887,23.328647422204828,2.31,1.0,-0.93,1.45
RTX,1998-05-18,8.52089606789753,8.576660621642045,8.342448197907855,8.387060165405273,5129292,17.681958329160867,17.37240542331822,22.723707672800877,25.10335283416546,23.386803840962596,2.34,2.0,-0.85,1.38
RTX,1998-05-19,8.43724767419907,8.543200746145596,8.414941422734783,8.476283073425293,5067003,15.577238466518631,17.42889984245113,22.602455862529688,25.10948946111619,23.34389028982739,2.37,2.0,-0.77,1.41
RTX,1998-05-20,8.530915537552563,8.676456055719898,8.508524980931012,8.64286994934082,4013178,15.945180895171319,17.574659857598984,22.714632508539975,25.029036499783597,23.400707897910298,2.4,3.0,-0.69,1.3
RTX,1998-05-21,8.665262275868947,8.71004339545312,8.55890508100563,8.603687286376953,1685611,15.904056565352413,16.55404851565972,22.749633723668715,24.935547026809516,23.405162325822108,2.43,5.0,-0.61,1.29
RTX,1998-05-22,8.654064733473634,8.654064733473634,8.55890311184711,8.620478630065918,2175023,15.910216012988126,15.653140511000696,22.750688850161886,24.935556621384872,23.388891508881667,2.45,6.0,-0.53,1.29
RTX,1998-05-26,8.642869742622528,8.6764558481983,8.508524777425954,8.514122009277344,3260628,16.26760651910648,15.813293320099376,22.12589936416604,24.74961355513854,23.396195535786394,2.49,1.0,-0.41,1.41
RTX,1998-05-27,8.441355673930198,8.452551228261582,8.239837867540189,8.307010650634766,7691396,17.05131534511075,16.57790684371394,22.53530681100911,24.93537542321604,23.52727355113211,2.52,3.0,-0.27,1.29
RTX,1998-05-28,8.307010751101501,8.41336688985477,8.245436287321644,8.379780769348145,3804066,16.76000806328243,16.662478576077184,22.555284891132708,24.949378931605562,23.530084568020715,2.55,4.0,-0.12,1.26
RTX,1998-05-29,8.402169152385738,8.480536922441102,8.379778050716462,8.418962478637695,3389019,16.512564041230927,16.518734758083852,22.551166759633716,24.838826580966312,23.495636016592304,2.58,4.0,0.04,1.26
RTX,1998-06-01,8.379774547560327,8.463740057931314,8.351786225067773,8.424556732177734,4161909,16.44980453593132,16.462497225408633,22.445107961710388,24.819018469602376,23.480503629450393,2.61,2.0,0.22,1.32
RTX,1998-06-02,8.396572972384588,8.469343523743174,8.35179130343071,8.368584632873535,2853208,16.340576931735995,16.35752931420708,22.473261321490536,24.811365804493803,23.434727501111993,2.64,3.0,0.41,1.3
RTX,1998-06-03,8.374179332175753,8.418960984674149,8.23983383178711,8.23983383178711,1938580,16.564736361234857,16.624687717360786,22.586404039620874,24.88445340645362,23.379395203808027,2.66,8.0,0.61,1.25
RTX,1998-06-04,8.217446971385748,8.217446971385748,7.937561363225483,8.122285842895508,7061516,16.946520395956163,16.89483988690389,21.648006584155826,24.77154037619644,23.417393875916748,2.7,1.0,0.71,0.91
RTX,1998-06-05,8.099891821490557,8.279018990336109,8.077501264693302,8.217443466186523,3383299,17.296650711879582,17.0535996654354,21.57254997685608,24.796942516490503,23.432741873010087,2.74,1.0,0.83,0.97
RTX,1998-06-08,8.217442111542983,8.329396505754108,8.183856010437012,8.183856010437012,2248117,17.286659976652825,17.024116837638516,21.465781445826273,24.68191841375063,23.40778479954501,2.78,1.0,0.99,1.09
RTX,1998-06-09,8.195059495089932,8.22864617161694,8.049519401715322,8.14468002319336,4482887,17.244694859143266,17.03719767033484,21.313416570901772,24.69010827306894,23.3845701832469,2.82,1.0,1.2,1.24
RTX,1998-06-10,8.133475676986722,8.133475676986722,7.786418070985033,7.814406394958496,10186126,20.631906539152133,18.975878500501008,22.11479759790623,25.097615771876452,23.744345355903373,2.85,5.0,1.23,1.61
RTX,1998-06-11,7.81440783983776,7.831201163062926,7.5289240594772275,7.601694583892822,15417114,21.74264925858742,19.764584191301985,22.60685533631764,25.31071140212199,23.906781898124,2.86,15.0,1.11,1.46
RTX,1998-06-12,7.6072903014871365,7.7864179611206055,7.573704204614203,7.7864179611206055,10433374,22.451145286029373,20.3383354563362,22.879531010803955,25.344426313787732,23.98111677592842,2.88,21.0,0.88,1.28
RTX,1998-06-15,7.668867983715639,7.803212409326713,7.601695228016602,7.702454090118408,9182513,22.388049176350737,20.37767579345893,22.96944104989041,25.305287585862978,23.978085569656656,2.89,22.0,0.34,1.24
RTX,1998-06-16,7.724846169465999,7.730443945452135,7.607293959544341,7.668869495391846,6253033,22.12373793469478,20.297200449623496,22.115593842612004,25.285794980473643,23.971288351681068,2.9,6.0,0.01,1.35
RTX,1998-06-17,7.758430362930055,8.00472971367894,7.747234814511143,7.9599480628967285,6343924,25.060303855872633,21.77097138652003,22.833834317622774,25.65215909749055,24.254597752197604,2.91,22.0,-0.52,1.16
RTX,1998-06-18,7.959952440562394,8.015929670548827,7.853595757877543,7.881584644317627,4990096,25.0519127052426,21.853090164654606,21.706010861229004,25.642215401134095,24.27515251449718,2.92,5.0,-0.71,0.89
RTX,1998-06-19,7.959949020255634,7.982340119786479,7.680062990587563,7.702454090118408,6975710,25.486808057834075,22.319447392552384,22.016036369225382,25.791718165148808,24.38326373722274,2.93,6.0,-0.96,0.79
RTX,1998-06-22,7.702451637669048,7.803209924796062,7.702451637669048,7.719244956970215,3904491,25.412457626737016,22.260310304319866,21.530620850222448,25.774479725913984,24.349697453947872,2.94,3.0,-1.05,0.96
RTX,1998-06-23,7.752832336738653,7.954350030155614,7.752832336738653,7.892775058746338,5836079,26.277793798086623,22.760416961625317,21.66573179388909,25.861995396666497,24.12628714044812,2.95,6.0,-1.08,0.91
RTX,1998-06-24,7.90397580550595,8.004734718486878,7.842400793596767,7.982344150543213,2038369,26.534871013758032,22.870289230978667,21.546461909973445,25.855032356676006,24.116059076299692,2.96,4.0,-1.21,0.94
RTX,1998-06-25,8.027120001025253,8.139073845244129,7.93755616559942,8.015924453735352,3779913,26.512053425127117,22.668253216330754,20.664303940871505,25.853974267927953,24.088683907356522,2.97,1.0,-1.19,0.92
RTX,1998-06-26,8.038318575398533,8.206250230648697,8.038318575398533,8.099893569946289,3410630,26.757933000050528,22.403862030517654,20.67409429810382,25.85361538182738,24.10498154221279,2.97,2.0,-1.16,0.91
RTX,1998-06-29,8.139077130442791,8.239836010934738,8.133479354538395,8.200652122497559,2966981,27.001525679895877,22.430714905199217,20.708733234911087,25.860604520386023,24.13471598874102,2.98,3.0,-1.14,0.88
RTX,1998-06-30,8.167065219371349,8.28461742401123,8.099892996343058,8.28461742401123,6398585,26.77089604779079,22.493951113116978,20.76101510218016,25.838057263654147,24.095262684041575,2.98,4.0,-1.11,0.84
RTX,1998-07-01,8.290214152374544,8.418961892217903,8.26782305226491,8.407766342163086,4332885,26.946543939753504,21.825879140485966,20.875386408604818,25.88783782809166,24.119793690390036,2.98,5.0,-1.1,0.77
RTX,1998-07-02,8.407768053339186,8.452549719779046,8.385376948672445,8.430158615112305,1847054,26.309829307269638,21.58987789811649,20.8526040644273,25.775568538069756,24.116160042416258,2.98,5.0,-1.1,0.78
RTX,1998-07-06,8.43015647389117,8.564501981981232,8.418961467294904,8.514122009277344,2942828,26.465627939339658,21.65579520935988,20.360766159190966,25.79177282762595,24.05066384671533,2.98,1.0,-1.07,0.87
RTX,1998-07-07,8.525319544048163,8.65406675628243,8.463744011436638,8.497330665588379,3396646,26.460447869816896,21.65925734395577,20.33133471801351,25.785315078349498,24.05168292721337,2.98,1.0,-1.03,0.9
RTX,1998-07-08,8.474941090841746,8.598090541698957,8.430158880100604,8.586894989013672,2073327,26.39519071724109,21.74019633061781,20.34392690222126,25.800364994657304,24.071843153002227,2.98,2.0,-0.98,0.89
RTX,1998-07-09,8.553309440612793,8.598091111427625,8.508527769797961,8.553309440612793,3373129,25.358991585820828,21.5136861667378,20.17889813265685,25.79983506017452,23.989533943204915,2.97,1.0,-0.95,0.99
RTX,1998-07-10,8.55330518820565,8.558902419242786,8.441350795381577,8.474937438964844,2829691,25.415241614928043,21.360178499637207,20.214966632508872,25.798538343678025,23.997241725999505,2.96,2.0,-0.9,0.96
RTX,1998-07-13,8.486135114204465,8.508526216972292,8.390974013228359,8.497330665588379,2844946,25.39230775703414,21.25586338486615,20.216066065397193,25.783430848460277,23.995720164528198,2.96,3.0,-0.84,0.96
RTX,1998-07-14,8.508525581005523,8.547709465026855,8.480536704637757,8.547709465026855,3888601,25.444174323367662,21.26099923712637,20.160912659533146,25.30561689088271,24.001741766627628,2.95,1.0,-0.81,1.0
RTX,1998-07-15,8.508525126405678,8.704445078938122,8.46934124447789,8.609283447265625,2588163,25.422480254747942,21.252128284658113,20.14745511603399,25.01256996978362,23.96022192953116,2.94,1.0,-0.77,1.01
RTX,1998-07-16,8.59809332544853,8.648472785949707,8.508529960756176,8.648472785949707,2155320,24.954931623679673,21.190615305468928,20.13527322060435,23.826621732035154,23.934593779286555,2.93,1.0,-0.74,1.02
RTX,1998-07-17,8.648466259238088,8.659661264205768,8.441350795381577,8.474937438964844,4027797,25.338976168438737,21.576417854258565,20.319970676152778,23.95871546084312,24.01219795901391,2.91,7.0,-0.79,0.94
RTX,1998-07-20,8.474941539871873,8.474941539871873,8.206250975657133,8.318204879760742,5972098,25.794496201702767,21.863666980351944,19.981019960956715,23.726744293543085,23.99098253378662,2.88,1.0,-0.72,0.92
RTX,1998-07-21,8.351790468953649,8.59808989503756,8.34059491711038,8.441353797912598,4848357,26.082878622545287,22.092664589563267,19.64415900336993,23.497548010513988,24.033382314464575,2.86,1.0,-0.66,0.97
RTX,1998-07-22,8.575697266858013,8.877973855529266,8.558903942078443,8.626076698303223,6520620,26.688261779933093,22.513655301304766,19.890621855618345,23.61526228926089,24.071235621721616,2.82,2.0,-0.6,0.88
RTX,1998-07-23,8.626078880518529,8.72124053544981,8.50852720600396,8.586894989013672,5548152,23.430061065276902,22.486157113718843,19.86400945860096,23.587694913555435,24.071638724925712,2.79,2.0,-0.54,0.89
RTX,1998-07-24,8.654060994745755,8.665256538676113,8.452543375572208,8.480531692504883,3764023,22.076130465232975,22.626659394913634,19.97289931948886,23.623981164422897,24.104151253985847,2.74,4.0,-0.47,0.81
RTX,1998-07-27,8.48613440900466,8.732433804515324,8.396571091163242,8.715641021728516,4388182,22.362864865837683,23.070985170252026,20.342041284488584,23.550533134153063,24.24852738178019,2.69,14.0,-0.4,0.74
RTX,1998-07-28,8.598086836756597,8.648466259238088,8.435753021451033,8.474937438964844,2792191,23.84105085091246,23.74501953686706,20.829346700743866,23.7933223086982,24.39862122412289,2.63,21.0,-0.29,0.63
RTX,1998-07-29,8.542115223329064,8.547712457668728,8.318205762674557,8.379780769348145,2874183,24.114501535502754,23.789569913456653,20.82662923872605,23.68545609311135,24.417305596800574,2.57,21.0,-0.2,0.62
RTX,1998-07-30,8.36298519939254,8.654066823155695,8.36298519939254,8.631675720214844,3500249,23.257017461269072,24.42655612767952,21.306856281770564,23.87393398328316,24.590995316222145,2.5,25.0,-0.13,0.53
RTX,1998-07-31,8.6092855514906,8.79401054211688,8.564504426536743,8.586894989013672,4886493,23.075277112495982,24.360086207061748,21.327161331811713,23.843296661589324,24.587220572555964,2.42,27.0,-0.05,0.52
RTX,1998-08-03,8.586892016169722,8.788409723163404,8.55330591263526,8.665260314941406,4261698,21.79005229678869,24.235211877892596,21.36507326498107,23.781975786084804,24.588843794555242,2.35,28.0,0.03,0.5
RTX,1998-08-04,8.654065092710521,8.654065092710521,8.27901853659329,8.351788520812988,5383532,24.790828469184927,25.373259855247433,22.156397535465995,24.01091214951896,24.858355575171977,2.26,40.0,0.14,0.54
RTX,1998-08-05,8.35738600890381,8.424558759098131,8.071902227748032,8.23983383178711,6909608,24.496294118731583,25.443440642232368,22.257288856681996,24.048233229005607,24.87052812664423,2.16,41.0,0.22,0.47
RTX,1998-08-06,8.307007247673983,8.329397804270748,8.206248385754789,8.234236717224121,5447092,24.32306238911571,25.424805031639373,22.226378917614014,23.876392052097852,24.832992679850815,2.06,41.0,0.27,0.49
RTX,1998-08-07,8.195054086492394,8.200651862219125,7.982341323344547,8.08869743347168,8201147,24.905293915827663,25.589820845525026,22.408670973331382,23.96450319281842,24.88768885093073,1.95,43.0,0.26,0.39
RTX,1998-08-10,8.088696580845422,8.195053222655126,8.06070824805559,8.116684913635254,3856821,24.740618547830888,25.6040874757012,22.376793359049124,23.96342958509675,24.753724726858508,1.84,43.0,0.23,0.41
RTX,1998-08-11,8.049516309437383,8.055113543814393,7.81441183564111,7.853595733642578,5186496,26.22515976088057,26.38982619942432,22.948502229548374,24.203382076355027,24.97735109035287,1.74,61.0,0.11,0.33
RTX,1998-08-12,7.847995939763314,7.98793870689122,7.847995939763314,7.976743698120117,5198572,26.477148087773895,26.406653817227838,23.049746783563418,24.25288688261825,25.013145524449943,1.65,63.0,-0.01,0.29
RTX,1998-08-13,7.976746811816988,8.0327240490974,7.937562365695038,7.971148490905762,4037967,26.039966352441475,26.299299455262027,23.042396626213606,24.20041995950174,25.009752818001026,1.61,63.0,-0.11,0.3
RTX,1998-08-14,7.971142317095894,7.987935638141394,7.803210735321045,7.803210735321045,5602814,26.604561893268848,26.269604882472763,23.28059777835825,24.318789654341746,25.10247138182328,1.57,69.0,-0.22,0.2
RTX,1998-08-17,7.825606149097264,8.010331153869629,7.769629467171475,8.010331153869629,4327800,27.666323355610846,26.876058201647783,23.662233777739544,24.47777549224533,25.178827914232826,1.55,74.0,-0.3,0.11
RTX,1998-08-18,8.04951311286318,8.06070812006524,7.982340355183238,8.043914794921875,3855550,27.724968196619432,26.891104409636856,23.6260931493189,24.47144116864524,25.14913378181676,1.53,74.0,-0.34,0.13
RTX,1998-08-19,8.070667956768498,8.087528868174088,7.924541693155371,7.975123882293701,3443045,27.539382912286086,26.834048345717566,23.663359642950866,24.188408774945604,25.137303110025865,1.51,76.0,-0.39,0.11
RTX,1998-08-20,7.969502204043282,8.093147776203043,7.89081905454405,7.9638824462890625,4061484,27.53746049997802,26.382306754935097,23.65278551386623,24.18056014905284,25.137931694341408,1.5,75.0,-0.43,0.12
RTX,1998-08-21,7.902060426513815,7.918921337809659,7.654769786233629,7.784035682678223,3540928,28.10884547860687,26.691884719217047,23.796610785073558,24.339500619039548,25.226874380292024,1.48,83.0,-0.52,0.07
RTX,1998-08-24,7.84023873266549,7.857099100081609,7.6547703304603845,7.755934715270996,4863611,28.061427621736986,26.667725702952637,23.583665415356442,24.317134445688957,25.197313025671775,1.46,74.0,-0.62,0.14
RTX,1998-08-25,7.789654022061666,7.845856500462994,7.710970334268486,7.739071846008301,6198371,27.934781686695825,26.66483786000036,23.505617435272864,24.30213253142001,25.193447415427066,1.45,73.0,-0.71,0.17
RTX,1998-08-26,7.649147699775751,7.6547674567524036,7.418718040915233,7.452439308166504,10070446,29.46082341806792,27.66784220902439,24.20232421163989,24.619487507744406,25.45122650336151,1.44,89.0,-0.6,0.15
RTX,1998-08-27,7.2838342139027805,7.2838342139027805,6.99158168394251,6.997201442718506,13064122,33.78858024696289,30.256893432372284,25.611960770660573,25.66572506846137,26.223882651384567,1.46,100.0,0.57,1.41
RTX,1998-08-28,7.148949548455255,7.216392113908438,7.019683632026035,7.059025764465332,4850899,33.85143484473153,30.2485719066536,25.57098316539468,25.60719259897844,26.23806902369103,1.47,99.0,0.9,1.47
RTX,1998-08-31,7.0590276802332435,7.0590276802332435,6.525104045867919,6.52510404586792,8327631,39.73945380389256,33.90499729330468,28.319778796941847,27.144178583530877,27.384301962175517,1.57,100.0,2.63,3.26
RTX,1998-09-01,6.5644421724600255,6.924137185955093,6.4520366631253125,6.867934703826904,12638906,42.846230238901775,35.73243592197322,29.578594309452093,27.811378824697613,27.739636669676077,1.71,100.0,2.41,3.06
RTX,1998-09-02,7.014060538958216,7.20514918531783,6.946617455238451,7.075883865356445,7541394,43.38180372639605,36.35403374086776,29.989444548235934,28.02856876842079,27.82794540606952,1.86,100.0,2.02,2.86
RTX,1998-09-03,6.946618105975659,6.985960226459978,6.721808714314187,6.789251804351807,12074493,44.52657901727321,36.35200076144305,30.503283045703146,28.45168445931775,28.132183663097926,2.01,100.0,1.86,2.55
RTX,1998-09-04,6.856696254597429,6.867936317601501,6.73305065584646,6.845455646514893,6589901,44.74326938414533,36.0291778353008,30.47739333829028,28.462402312546807,28.00739301954312,2.15,99.0,1.59,2.61
RTX,1998-09-08,7.070266704734367,7.193911786771786,6.991583520263154,7.188292026519775,6042014,46.58178582285508,37.13152529412475,31.478450755692556,28.852893988052564,28.432047099261027,2.32,100.0,1.3,2.43
RTX,1998-09-09,7.171429022722815,7.23887212197683,6.969100270039197,7.036543369293213,3751311,46.35279356089176,37.30819419507649,31.624433712968,28.843267821541634,28.511599446821606,2.48,100.0,1.02,2.32
RTX,1998-09-10,6.901659030192781,6.969101597211907,6.699329693899802,6.755532741546631,4391996,47.408594993463026,38.16284957001512,32.176555617593515,29.236577916692617,28.738842817805217,2.65,100.0,0.86,2.04
RTX,1998-09-11,6.710572118976217,6.946621693311405,6.609407704216201,6.8960394859313965,4608100,46.86861059722883,37.576853510388844,32.334099395498015,29.286410775088452,28.803901093014968,2.81,100.0,0.66,1.97
RTX,1998-09-14,7.1039859587610215,7.193909176182715,7.053403774219924,7.137707233428955,5079080,48.419185811577435,38.290607447174146,32.856470896613864,29.551726964833914,28.990425318905093,2.98,100.0,0.46,1.8
RTX,1998-09-15,7.115228602300573,7.216393008094183,7.008444436254952,7.188292026519775,3347070,48.36735989788916,38.06999599801303,32.86862394727782,29.560083021554412,28.994997209784096,3.13,100.0,0.29,1.8
RTX,1998-09-16,7.1882914923791335,7.295076195568488,7.1096083137546335,7.289455890655518,3427791,47.81144087039631,38.19064571170929,32.9635032221352,29.599051345563126,28.91286928801535,3.28,100.0,0.15,1.76
RTX,1998-09-17,7.182670082440675,7.255733489990234,7.070265091631414,7.255733489990234,8372123,47.73604808548833,37.88969597499614,32.956050182981734,29.243988450684,28.91020056686565,3.42,99.0,0.02,1.77
RTX,1998-09-18,7.463680507968073,7.463680507968073,7.148947360335538,7.165807723999023,7864279,47.781944427278475,37.86271666693003,32.989105108536606,29.272979008739096,28.857753663967824,3.55,100.0,-0.12,1.74
RTX,1998-09-21,7.014059721448583,7.025300870016377,6.721807301189672,7.019680023193359,6745623,47.85513525080665,38.03570846782423,33.11877627622196,29.37638992667318,28.93053912649292,3.68,100.0,-0.26,1.65
RTX,1998-09-22,7.0646494826857085,7.0646494826857085,6.789257671766404,6.822978973388672,5336498,48.27164880460992,38.31664847354151,33.2428264166427,29.57373092675089,29.010457833973895,3.81,100.0,-0.35,1.56
RTX,1998-09-23,6.969101882143223,7.27821538636766,6.969101882143223,7.20515251159668,8460472,50.59369333619206,39.96913200317529,34.438205927432044,30.229429100705474,29.522972766162237,3.96,100.0,-0.45,1.47
RTX,1998-09-24,7.171428935910644,7.368137382518679,7.098366078925134,7.120846748352051,5167428,50.34796418524707,39.93278390810152,34.44238613035226,30.2612505404099,29.472655750552622,4.1,100.0,-0.55,1.46
RTX,1998-09-25,7.075884987384141,7.1882894179700525,7.0028215896788275,7.137707233428955,6427823,50.37211461796775,39.784258749173624,34.39284509701467,30.24165108423672,29.430688475252676,4.24,98.0,-0.64,1.49
RTX,1998-09-28,7.328796207916915,7.36251748646323,7.17704963684082,7.17704963684082,4643058,50.15612472740888,39.8049161603498,34.38806931746968,29.835528794140515,29.418997829637895,4.36,97.0,-0.73,1.5
RTX,1998-09-29,7.272590998724868,7.328792922749788,7.1601855154404,7.2388691902160645,3536478,49.527330012001364,39.78782595039906,34.36372861110413,29.78676410357601,29.42687989019024,4.48,96.0,-0.8,1.53
RTX,1998-09-30,7.216390843884608,7.261352727966658,6.856695771228209,6.873556137084961,6302610,51.405681972865594,41.038573713586395,35.253600437358095,30.362273546353595,29.857367578313532,4.62,100.0,-0.87,1.31
RTX,1998-10-01,6.794877376724343,6.946623493101398,6.626269793413824,6.6543707847595215,8429963,52.000563463014515,41.35295711030164,35.53465095182377,30.520135246585202,30.029784086619937,4.75,100.0,-0.9,1.18
RTX,1998-10-02,6.710569984759853,6.867936317601501,6.5981649940914195,6.845455646514893,5417854,52.93533928485572,41.888011285953105,35.85881592420298,30.596390078596276,30.156343404834285,4.89,100.0,-0.97,1.08
RTX,1998-10-05,6.856698113720685,6.89041940203301,6.474521150840349,6.665609359741211,6829522,53.05703882729181,42.13694035544936,36.04357522304715,30.75808575329766,30.250425164184513,5.02,100.0,-1.01,1.0
RTX,1998-10-06,6.834214210510254,7.0028216760871675,6.761151356981803,6.834214210510254,8210045,53.7723420330849,42.53422431692927,36.30449601997708,30.896183091827854,30.33539617765884,5.15,100.0,-1.07,0.93
RTX,1998-10-07,6.811733294997416,6.94099863236138,6.721808989572073,6.856695175170898,5082893,53.81362428485813,42.51245451218241,36.301665829557614,30.895894921474287,30.335649503663,5.27,99.0,-1.12,0.93
RTX,1998-10-08,6.631886212180329,6.76677131652832,6.553201962794368,6.76677131652832,5537347,52.94096139006036,42.495417936965836,36.26573848986231,30.556591605506622,30.351589462725258,5.39,98.0,-1.17,0.95
RTX,1998-10-09,6.800494541271719,7.126469513885544,6.766773255522011,6.9016594886779785,6982702,50.17769424546547,42.739502219493076,36.376493985904865,30.644636339845952,30.39546504395006,5.5,100.0,-1.22,0.92
RTX,1998-10-12,7.081507365809031,7.27259611317401,7.047785533585368,7.115228652954102,4752381,50.913137751882985,43.16541456741483,36.583734290004436,30.341817250414486,30.5241923696881,5.61,100.0,-1.26,0.87
RTX,1998-10-13,7.126466041876692,7.126466041876692,6.946617455238451,7.075883865356445,3729701,45.14921887609486,43.04448624670477,36.585889825171876,30.33481094864795,30.527882501887138,5.71,100.0,-1.29,0.87
RTX,1998-10-14,7.059021951906953,7.103983819618134,5.845049888470402,6.985958576202393,5789680,42.93011662073731,42.93858764909258,36.62065414459734,30.166972747641157,30.479738008816522,5.81,100.0,-1.33,0.84
RTX,1998-10-15,6.946618309912063,7.216390132904053,6.924137642625114,7.216390132904053,6649647,43.09194362239999,43.26105469754843,36.98982410389313,30.35342227895706,30.647662528836904,5.91,100.0,-1.34,0.76
RTX,1998-10-16,7.261352522341806,7.598567461025665,7.238871853476595,7.50864315032959,11658811,42.626538732295856,44.133877241921226,37.380352657513775,30.650636035027468,30.898910606351887,6.02,100.0,-1.34,0.73
RTX,1998-10-19,7.508641344897176,7.6547675651598315,7.463679472899303,7.615426540374756,3849829,42.719019498883945,44.20697398293761,37.425934435801906,30.34331145678567,30.92596124677392,6.12,100.0,-1.33,0.72
RTX,1998-10-20,7.778418411372136,7.991987857400295,7.733456508799678,7.789659023284912,5755994,40.9398581498906,44.08438273014754,37.60271741719182,30.43994296455731,31.000666325656194,6.21,100.0,-1.32,0.67
RTX,1998-10-21,7.902062679346848,8.256138647033978,7.868341392219851,8.132493019104004,6293076,41.901287472895454,44.68708591367451,38.24123891143118,30.844228849077552,31.27711192998438,6.32,100.0,-1.31,0.56
RTX,1998-10-22,8.13248909732319,8.154969762873998,7.980742560811492,8.070666313171387,6054090,39.81821807866928,44.65627458062105,38.24560256604733,30.85894868995867,31.277373994065016,6.41,100.0,-1.3,0.56
RTX,1998-10-23,8.053803856201439,8.08190590916129,7.86833608449561,7.90767765045166,4933527,40.27661718262544,44.38511413692351,38.30281579588906,30.956000977365566,31.073192604297073,6.51,100.0,-1.28,0.54
RTX,1998-10-26,7.947025861115605,7.952645621927074,7.800899543208594,7.918924331665039,3853643,39.272315384819436,44.382021684233955,38.23832074394882,30.949529363966473,30.905755430504456,6.59,97.0,-1.28,0.57
RTX,1998-10-27,7.980742264448791,8.194311577181452,7.980742264448791,8.076286315917969,7596056,39.542055012092376,44.54118375576557,38.323080466976776,30.825202290975373,30.303798614918144,6.67,100.0,-1.27,0.55
RTX,1998-10-28,8.12687089073816,8.385402154261664,8.08190954804017,8.22241497039795,5091792,39.64629730065582,44.07966668154735,38.42508551454388,30.885528179501314,30.34545170673026,6.74,100.0,-1.27,0.53
RTX,1998-10-29,8.250512415106677,8.407879772597772,8.160589223114204,8.391018867492676,4283308,39.83170599841356,44.19019977518754,38.550852249645,30.957369972921946,30.20193263081634,6.81,100.0,-1.28,0.5
RTX,1998-10-30,8.542764016537344,8.655168942498163,8.45284029379995,8.565244674682617,8031442,39.73388062796742,44.38380621675356,38.097014086717266,30.987103248211735,30.111974803623625,6.87,93.0,-1.3,0.62
RTX,1998-11-02,8.615829767744597,8.711373823789518,8.55400752800612,8.610209465026855,4662126,38.93121770144713,44.224845183667206,37.82704325625541,30.979672351921963,30.114534886172294,6.93,92.0,-1.32,0.73
RTX,1998-11-03,8.520283808915737,8.582106579926041,8.402259113435935,8.525904655456543,4733949,37.82690057999803,44.27775151977599,37.689932392703064,31.004319981945006,30.110883415493163,6.98,91.0,-1.33,0.75
RTX,1998-11-04,8.677652003892451,8.722614422791501,8.570867349163807,8.638310432434082,7576352,35.15894536085584,43.78058012844937,37.69156515102657,31.016452964779152,30.119993000994317,7.04,91.0,-1.35,0.77
RTX,1998-11-05,8.598967736328184,8.745093398325315,8.554005868387938,8.733853340148926,5139462,34.77350950542614,43.72837598732469,37.71326680350804,31.025856675520792,29.980012652574683,7.08,91.0,-1.35,0.77
RTX,1998-11-06,8.761956666295829,8.941804186561466,8.756336908231107,8.863121032714844,5134377,34.820214984077296,43.808831776517195,37.33394214492529,31.06392457579583,30.00209789846433,7.12,85.0,-1.36,0.85
RTX,1998-11-09,8.846262230029861,8.919325638709935,8.75633845402244,8.82378101348877,5045393,34.98183532537244,43.5654380934203,37.303216565901344,31.03451240504336,29.921021591009684,7.14,84.0,-1.36,0.87
RTX,1998-11-10,8.76757436267551,8.885599603432714,8.75633430480957,8.75633430480957,4444751,35.229719737424794,43.31582436361415,37.1299698583819,30.8396627190753,29.9112831555853,7.16,83.0,-1.37,0.94
RTX,1998-11-11,8.778819483426865,8.835021981992686,8.694515463038888,8.806921005249023,3689658,30.626268451895992,43.32122673707473,37.13652456069261,30.680230615578395,29.890733493847133,7.18,83.0,-1.38,0.94
RTX,1998-11-12,8.806921763658787,9.048592146748357,8.80130145881036,8.947427749633789,4847086,28.15094097414526,43.367084276771884,37.0585692083996,30.72045768385135,29.884105876607148,7.19,81.0,-1.38,0.97
RTX,1998-11-13,9.009251622124381,9.16661909583362,8.908087206938898,9.054213523864746,4836280,27.613138423985095,43.408886406691984,37.06267787397305,30.733078703087646,29.780415667068556,7.2,81.0,-1.37,0.97
RTX,1998-11-16,8.96990578525132,9.00362705729431,8.683273065111695,8.761956214904785,4976748,28.361135806998703,43.70102236046926,37.451598627731244,30.98718172598844,29.959646557362397,7.2,87.0,-1.39,0.82
RTX,1998-11-17,8.835022707479732,9.042971805725438,8.784440509124792,8.9024658203125,5369549,28.04024225828043,43.777502845335334,37.497256967183574,31.013318529670425,29.896170386312004,7.19,87.0,-1.4,0.8
RTX,1998-11-18,8.934958511225345,9.0534145974403,8.878550877173842,8.9970064163208,5217640,27.994852934427715,43.79974104041711,37.484397313879875,31.026601099142198,29.900007090551874,7.18,86.0,-1.4,0.81
RTX,1998-11-19,9.025209035765135,9.171868094498318,9.01392740138015,9.104179382324219,2653630,27.194176169299084,43.02544357657983,37.49572241670063,31.02265704472975,29.917096269379222,7.17,86.0,-1.39,0.8
RTX,1998-11-20,9.250838610523603,9.408779287854776,9.205712077494294,9.33544921875,5304082,27.405785983010194,40.96014041851303,37.62820517044413,31.146045948968844,29.956739840683866,7.16,88.0,-1.34,0.77
RTX,1998-11-23,9.408779985937974,9.724662458172883,9.386216717749239,9.58928394317627,3784362,27.189273231653114,41.20115756895686,37.849506292758846,31.29788955625229,30.05873045227134,7.14,92.0,-1.24,0.71
RTX,1998-11-24,9.504670721682762,9.910803967004743,9.504670721682762,9.797989845275879,7982500,26.980335857581995,37.44715053636328,37.961675551402266,31.39029801640184,30.092859730244864,7.12,92.0,-1.08,0.69
RTX,1998-11-25,9.837474819380791,10.051823616027832,9.809270195350168,10.051823616027832,8743949,26.343148108520232,36.504809424346334,38.150729227819475,31.511382215780582,30.17146500357311,7.09,93.0,-0.85,0.65
RTX,1998-11-27,10.06310353921353,10.153355476044542,10.017977023730385,10.085665702819824,2519518,25.735085722442573,36.1792000661603,38.12563007872948,31.510482805334046,30.16007489084328,7.06,92.0,-0.68,0.65
RTX,1998-11-30,10.02925854359889,10.057462068401689,9.656969171450257,9.673891067504883,5982267,28.547748715335903,36.19783526286418,38.73154593020141,31.907794587407697,30.465659249753323,7.03,100.0,-0.69,0.5
RTX,1998-12-01,9.600561717376658,9.747221807503132,9.48774651592599,9.606203079223633,4274410,28.838680449561476,36.29071610558114,38.718119046434666,31.921244514121817,30.305827222960307,6.99,99.0,-0.72,0.5
RTX,1998-12-02,9.318519760509064,9.386208411035605,9.14365622800278,9.171859741210938,10428925,32.43713432411962,36.68655248152093,39.44514987109217,32.39392463271826,30.67256542708106,6.96,100.0,-0.77,0.35
RTX,1998-12-03,9.205710203509483,9.273399989273997,9.053410373810292,9.121098518371582,7046897,30.5418718020031,36.36096362541629,39.449038875373724,32.39382115204321,30.6790580758156,6.92,100.0,-0.8,0.34
RTX,1998-12-04,9.13238303250122,9.262119633466062,9.104178947884618,9.200072288513184,5455990,30.374940044551195,35.13366150699638,39.45578381049713,32.39559392616104,30.67435733883219,6.87,100.0,-0.84,0.34
RTX,1998-12-07,9.183146128613842,9.476465225219727,9.183146128613842,9.476465225219727,4035424,30.288970914822062,35.35074812059117,39.718127187709804,32.572193823646565,30.795439821413307,6.82,100.0,-0.87,0.28
RTX,1998-12-08,9.470831990456618,9.527239088019808,9.3523764290922,9.521598815917969,4020170,30.260278657278008,34.82492941594047,39.57678959113998,32.575483943843146,30.733832197111276,6.77,99.0,-0.91,0.35
RTX,1998-12-09,9.510314019968941,9.769789427362852,9.42006203735153,9.617487907409668,3373129,30.0134216460117,34.83840111310831,39.47275408846432,32.591078819325894,30.694820417905795,6.7,98.0,-0.95,0.4
RTX,1998-12-10,9.634405077000212,9.656968332536458,9.442618499077298,9.510308265686035,2847488,30.179458942093795,34.93884314513957,39.465690060403816,32.59926163744783,30.66762676962328,6.62,97.0,-0.99,0.38
RTX,1998-12-11,9.453905532091994,9.47646770378173,9.233915331497794,9.358012199401855,3551733,30.40585532090447,35.14538433913961,39.42304981581496,32.66022292468309,30.634473278705265,6.54,93.0,-1.03,0.36
RTX,1998-12-14,9.284682738500873,9.318527639447867,9.047771167211282,9.070334434509277,5069546,31.582968665653933,35.731480442125154,39.74154348642827,32.87257927498348,30.807964697109092,6.45,100.0,-1.05,0.27
RTX,1998-12-15,8.93495369808959,9.14930248260498,8.906749622722984,9.14930248260498,5257683,31.630014553766195,35.37492341331881,39.706997428309386,32.84206628446103,30.815165044539235,6.36,98.0,-1.09,0.29
RTX,1998-12-16,9.126738970564375,9.126738970564375,8.85598258985188,8.940593719482422,4194960,32.28722860505082,35.17939649685579,39.65433101815698,32.88362539686567,30.906925241179273,6.27,97.0,-1.1,0.27
RTX,1998-12-17,8.95751905626195,9.07033429690468,8.833422729209236,8.89547061920166,6427187,32.15311882533041,33.64837899178478,39.40458186366218,32.86423675072873,30.90844618754104,6.18,89.0,-1.12,0.35
RTX,1998-12-18,8.946232521772318,9.245192362748972,8.946232521772318,8.968795776367188,5574848,32.08764439687855,33.50964515331152,39.377829768031106,32.86542757844106,30.786822115047542,6.08,88.0,-1.14,0.37
RTX,1998-12-21,9.047768880871224,9.611844403034572,9.047768880871224,9.408777236938477,5141368,34.66796155125415,34.70145601504598,39.824005235119145,33.159966587967475,31.0443804965061,5.98,100.0,-1.17,0.35
RTX,1998-12-22,9.408779098418623,9.527234604032023,9.374935293463755,9.425702095031738,2486467,34.61436073736706,34.70567399528738,39.81237651128519,33.101299263135616,31.03354750115891,5.88,99.0,-1.2,0.36
RTX,1998-12-23,9.544157088918768,9.87132114684557,9.544157088918768,9.77542781829834,6302610,35.859133919841284,35.308224997922906,40.18981802808433,33.363255306106346,31.19070271418909,5.78,100.0,-1.22,0.29
RTX,1998-12-24,9.752864833328024,9.837476531878078,9.628767967224121,9.628767967224121,1143444,36.261598180041226,33.54487694563958,39.81238615630052,33.416218553741274,31.230344344960585,5.68,98.0,-1.25,0.38
RTX,1998-12-28,9.668252452994423,9.860036892093271,9.668252452994423,9.820552825927734,3514232,36.39884855544563,32.71179998085739,39.84474878649908,33.48785178451878,31.28167313722902,5.58,99.0,-1.28,0.39
RTX,1998-12-29,9.820554826679261,9.96721386708545,9.814913463123826,9.910805702209473,3149398,36.35052668705521,32.399986993570636,39.86000391112066,33.45672466109319,31.289693265872558,5.47,99.0,-1.31,0.4
RTX,1998-12-30,9.905161918502282,9.984132227174818,9.905161918502282,9.939006805419922,1681798,34.729824422944525,31.681030461918525,39.73501146825608,33.401527329094684,31.058562227148386,5.36,93.0,-1.33,0.45
RTX,1998-12-31,9.939011587641911,9.978496760976736,9.741584626831974,9.81491470336914,4134578,34.87588142296703,31.687988440850063,39.80201079327466,33.41954937414662,31.085456506374353,5.23,94.0,-1.36,0.42
RTX,1999-01-04,9.86004280862772,9.961576451508684,9.741587256645298,9.747228622436523,4252800,34.92547961426433,31.794619382322924,39.434659521370214,33.42280839591445,31.09612145887441,5.11,82.0,-1.39,0.53
RTX,1999-01-05,9.72465779847091,10.15335531209746,9.72465779847091,10.03489875793457,5876758,35.66868845900475,31.89258485810566,39.60972813242978,33.581064787347756,31.21623114061407,4.98,88.0,-1.41,0.49
RTX,1999-01-06,10.288740354933495,10.311303629168034,10.113877714956018,10.142081260681152,5585017,35.1415806366151,31.78634980337417,39.62871539236966,33.58725077729172,31.20185899858075,4.85,88.0,-1.42,0.49
RTX,1999-01-07,10.164636940786082,10.164636940786082,9.950288183972805,10.03489875793457,5196666,34.58492615840659,31.5728700945715,39.50227675553405,33.610121109114885,31.222222133246298,4.71,85.0,-1.44,0.54
RTX,1999-01-08,10.243608549448227,10.452315971376567,10.226685557196728,10.35078239440918,5467431,35.16468416315941,31.901792119131706,39.58272545363672,33.79592692189931,31.34042930583083,4.57,86.0,-1.43,0.52
RTX,1999-01-11,10.288735562363499,10.356424259401134,9.989776147489671,10.125153541564941,3146856,35.078346400373206,32.193658742087585,39.77383114662339,33.90509388838309,31.13471767409401,4.42,93.0,-1.45,0.44
RTX,1999-01-12,10.063103953861718,10.187200782418474,10.034899333454947,10.04054069519043,3087745,35.15285160951189,31.85671281369314,39.77247125071923,33.909890986653224,31.114661625086143,4.26,92.0,-1.47,0.44
RTX,1999-01-13,9.75850581182763,10.108233170057442,9.64569166440974,10.006699562072754,6872107,32.9008528216408,31.095883594082213,39.77836642385409,33.90058262793693,31.078276775536896,4.09,93.0,-1.49,0.44
RTX,1999-01-14,9.950290222572429,10.017978914436844,9.797989845275879,9.797989845275879,4246444,33.4509924867467,31.47892710895984,39.75097968296362,33.99941906708509,31.10827637718415,3.91,90.0,-1.51,0.45
RTX,1999-01-15,9.86567408893473,9.933362750279885,9.769781909873677,9.899518966674805,3793896,30.437193799773443,31.27163612161675,39.75967751561191,33.96583089173704,31.037109590287386,3.7,90.0,-1.52,0.46
RTX,1999-01-19,10.04053906885383,10.102587473081792,9.781063824433701,9.837471961975098,6943930,30.454984674074066,30.25689595651717,39.77717965470271,33.97276897715669,31.045618722394618,3.47,92.0,-1.53,0.45
RTX,1999-01-20,9.927726688046556,10.221045803587774,9.916445057356265,10.108230590820312,5176326,31.240934289673323,30.564559948478298,39.44281116467509,34.10974753914054,31.149386876617534,3.25,72.0,-1.53,0.56
RTX,1999-01-21,10.559493586177298,10.61590065694773,10.283096313476562,10.283096313476562,9750104,30.5247928155733,30.264481391120828,38.052798934232435,34.116270848988215,31.18655123927,3.04,55.0,-1.51,0.58
RTX,1999-01-22,10.085665562840259,10.424111141860706,10.07438393412605,10.339499473571777,5119758,30.529652780650668,30.258961790514306,38.045454320876026,34.09470713849941,30.94036064577217,2.82,54.0,-1.49,0.58
RTX,1999-01-25,10.322581058765152,10.46924009323876,10.232329092750094,10.45231819152832,3409358,30.547824080567228,30.12297424440537,35.68707006233428,34.061906538554034,30.95356573872908,2.68,23.0,-1.47,-0.2
RTX,1999-01-26,10.491801097480819,10.711791242990735,10.480519467392972,10.582054138183594,4192418,30.373030524730844,30.036502800410286,34.923273319015046,34.08436487373688,30.631970947500765,2.58,20.0,-1.44,-0.17
RTX,1999-01-27,10.593336572148857,10.717433431214264,10.44667754300068,10.457959175109863,3371858,30.153320897490115,30.02219611444909,34.774246589567746,34.107726208928526,30.65490864434166,2.49,19.0,-1.41,-0.15
RTX,1999-01-28,10.412830489330918,10.582053841773165,10.384626961969001,10.553849220275879,4947510,28.30283820845494,29.838570488147226,34.016972364538525,34.11952692232473,30.53477673154982,2.42,13.0,-1.38,-0.08
RTX,1999-01-29,10.604621045501046,10.824610195231699,10.548213963977863,10.779484748840332,3481817,28.6705185812568,30.056127682016083,34.115588111148234,34.17465181405001,30.563624104102782,2.34,13.0,-1.34,-0.1
RTX,1999-02-01,10.818966642417458,11.089722521029955,10.818966642417458,10.94870376586914,4486700,27.491242390325894,30.016793762727172,33.416670197910044,34.216537215470474,30.540351260240982,2.3,11.0,-1.28,-0.07
RTX,1999-02-02,10.982545072276436,11.067155641243751,10.881011514207497,10.943059921264648,4852806,27.35275369442264,29.973447873952573,33.17411797865451,34.19741159793401,30.307200002595664,2.26,9.0,-1.24,0.0
RTX,1999-02-03,10.926139480099156,11.084081215112942,10.909217581186608,11.055877685546875,3758303,27.36766785808586,29.966361871489116,32.38502653647822,34.14210073533867,30.309115702764554,2.26,2.0,-1.19,0.09
RTX,1999-02-04,11.061521530151367,11.281510663681898,10.999473088563617,11.061521530151367,4969756,24.50771291526601,29.889647880426512,32.294609032261626,34.12532161943817,30.294005169011452,2.26,1.0,-1.14,0.11
RTX,1999-02-05,10.943058309405405,11.281502723693848,10.943058309405405,11.281502723693848,8593312,24.82618702636926,30.017962054577264,32.03289126284983,34.12703310699247,30.347976578083724,2.28,1.0,-1.07,0.16
RTX,1999-02-08,11.225096644126346,11.247659898774106,10.785117555035534,10.830244064331055,8571702,26.62626074168285,31.313792726437406,32.830326415878524,34.48525762615928,30.643051037861525,2.28,4.0,-1.04,0.07
RTX,1999-02-09,10.785122021379456,10.988189209033399,10.75691848845765,10.852811813354492,5923792,26.04633287757062,31.31174042664839,32.793520402484525,34.4852972821779,30.635928878832487,2.28,4.0,-1.01,0.07
RTX,1999-02-10,10.830247912948584,10.858451444213076,10.666665899824803,10.739995956420898,7251560,25.930293774412057,31.33227653034863,32.84533795234839,34.47509493765592,30.518428004013142,2.28,6.0,-0.98,0.05
RTX,1999-02-11,10.728717576578775,10.965628623962402,10.604620688443056,10.965628623962402,4847721,26.386381152863287,31.49261520002703,32.84718777099283,34.413202790568114,30.570390015545378,2.29,7.0,-0.94,0.07
RTX,1999-02-12,10.875373344144668,10.959985032073662,10.683587799756394,10.739995956420898,4402801,27.300747421996512,30.998144454347532,32.850819625353324,34.50357701036452,30.640294481289015,2.29,8.0,-0.9,0.07
RTX,1999-02-16,10.897939909586487,10.965628623962402,10.745639481638792,10.965628623962402,4949417,27.403960398128767,31.098323036855525,32.53224730392959,34.57787859866878,30.653381152024988,2.3,4.0,-0.86,0.16
RTX,1999-02-17,10.998208430608909,11.218852276598088,10.998208430608909,11.020838737487793,5440100,27.219929006366133,31.065083104011038,31.53902888537739,34.58029674140749,30.64848244225253,2.36,1.0,-0.81,0.13
RTX,1999-02-18,11.043472063017077,11.16793768748606,10.992554407314941,11.139650344848633,4341784,26.25813339167345,31.052913683240874,31.45021008284058,34.58374911067148,30.662217839144944,2.41,1.0,-0.76,0.18
RTX,1999-02-19,11.145309454546574,11.382925591300106,11.015186776219188,11.354637145996094,6162142,26.572288057488464,30.898260125535444,31.53390302818928,34.585442899960384,30.693091162780163,2.47,2.0,-0.7,0.17
RTX,1999-02-22,11.213200003020159,11.496075694470733,10.907693992880612,11.45081615447998,8978486,26.247646596987924,30.526838777952026,31.53937797074952,34.54075167145621,30.692392288716213,2.52,4.0,-0.64,0.17
RTX,1999-02-23,11.44515853325663,11.44515853325663,11.23583081957617,11.320693969726562,4142841,25.37799668973709,30.41739671637853,31.636066778726835,34.557061608982956,30.71425883782468,2.56,5.0,-0.58,0.11
RTX,1999-02-24,11.24714451170179,11.303719206161055,11.122678867026892,11.23582935333252,4692635,24.466561446397357,30.09523572147621,30.388336863038734,34.56764933446445,30.698911066720054,2.64,1.0,-0.54,-0.07
RTX,1999-02-25,11.224516480737778,11.382927632779538,11.032160944062822,11.043476104736328,4671024,24.970537365858036,30.34705935146941,30.00768432974381,34.63238511759321,30.61174461614158,2.73,1.0,-0.52,-0.04
RTX,1999-02-26,11.122679441238306,11.213199615478516,11.003871918308121,11.213199615478516,5885656,25.129094780358436,29.10328558767756,29.82120695277831,34.28707023073006,30.531404382396616,2.83,1.0,-0.48,0.0
RTX,1999-03-01,11.16794118667404,11.348981553142234,11.10005022620802,11.281091690063477,5211284,24.00046780699433,29.044538654833303,29.38898138117456,34.108726577674254,30.5236085682441,2.93,1.0,-0.49,0.12
RTX,1999-03-02,11.337666393064563,11.405557353530584,11.269776529985807,11.281091690063477,3294315,23.977019589728588,27.203596490436084,29.229453106652365,34.01069104229946,30.514175195974552,3.03,1.0,-0.48,0.16
RTX,1999-03-03,11.292407553997078,11.346153195981897,11.032161050764026,11.162284851074219,6097311,24.174438330066415,27.29421621314318,29.333086391175634,34.00934474826167,30.537430657859655,3.12,2.0,-0.49,0.11
RTX,1999-03-04,11.20188415038035,11.405555908588466,11.196227119751821,11.354637145996094,3659149,23.5113682036728,27.418667058684882,29.25195699408356,34.046956169489974,30.555210571502034,3.21,2.0,-0.54,0.16
RTX,1999-03-05,11.586591657460499,11.750658649272566,11.518700732517551,11.682768821716309,6235236,24.284542874265927,27.374408083734696,29.395477896689897,33.93546044644954,30.666626559362125,3.29,5.0,-0.58,0.12
RTX,1999-03-08,11.677116112607358,11.767636281960653,11.456473268395394,11.496074676513672,4449836,24.985875390820272,27.665587529900808,29.30852065215789,33.97441668569074,30.697085483914638,3.38,3.0,-0.61,0.1
RTX,1999-03-09,11.501732487785908,11.631855159062868,11.428184509277344,11.428184509277344,3259357,25.031936134399015,27.689187529986555,29.311977421641693,33.85680818371116,30.699538350715212,3.45,4.0,-0.67,0.1
RTX,1999-03-10,11.43384307255946,11.43384307255946,11.292405237863326,11.405555725097656,3832668,24.91035512832504,27.553012542930933,29.196925839205523,33.86041012397276,30.701300172296982,3.53,1.0,-0.81,0.15
RTX,1999-03-11,11.462129931674225,11.643170264581038,11.42818445773405,11.535677909851074,4594117,24.658049768950253,27.310882829500276,28.880485965551912,33.794034811840426,30.715531918005468,3.61,1.0,-0.92,0.22
RTX,1999-03-12,11.614884044880762,11.688432030191214,11.507391679724849,11.541336059570312,3179271,24.606758061802868,26.34561489471342,28.33623740329797,33.77690268308105,30.706060112273775,3.7,1.0,-0.98,0.29
RTX,1999-03-15,11.530018306895574,11.756319242767296,11.507389091217938,11.711058616638184,3608301,24.256919736904177,26.418278866215307,28.340550066755366,33.80862407961969,30.733054946291325,3.78,2.0,-1.03,0.28
RTX,1999-03-16,11.716714264629495,11.812891428724758,11.711056138867015,11.733686447143555,3209144,23.951037428315907,25.809059289332147,28.190075868026103,33.79415007465991,30.726981767055694,3.86,1.0,-1.07,0.32
RTX,1999-03-17,11.824203718071104,12.01655909704407,11.6884240960822,11.79025936126709,7640548,23.946211559921526,25.731551316888634,27.489205297831376,33.77353982700045,30.728034285186517,3.95,1.0,-1.06,0.37
RTX,1999-03-18,11.733691241295611,11.993936600646817,11.699745765011356,11.948677062988281,5116580,24.049876332865367,25.78300641518047,27.47052582811598,33.78636872104433,30.743589116958447,4.04,1.0,-1.06,0.4
RTX,1999-03-19,12.3333841812024,12.3333841812024,12.14102873770422,12.208918571472168,8899671,24.657029207324914,24.4314088825913,27.33174258867077,33.83188714659403,30.80439092747076,4.12,1.0,-1.06,0.49
RTX,1999-03-22,12.1523459114469,12.1523459114469,12.022223251199975,12.0618257522583,2787742,24.541752499819992,24.65878607635249,27.452874397900718,33.873451934840034,30.827685629216965,4.19,2.0,-1.1,0.42
RTX,1999-03-23,12.016564543175058,12.061825169275266,11.767634391784668,11.767634391784668,3511690,22.438170335616743,24.417399303627626,27.718748102196678,34.00672326231493,30.933839098054595,4.26,5.0,-1.15,0.31
RTX,1999-03-24,11.812895364819953,11.926045846518075,11.620539875149264,11.637513160705566,4499412,22.796529552816136,24.303558135832834,27.724419804439158,34.038204049069236,30.958873708290675,4.32,6.0,-1.2,0.27
RTX,1999-03-25,11.699744738993978,11.971306330678955,11.694087708802934,11.84118366241455,6035658,22.866345579097114,24.239277019582666,27.682798773143567,34.072686999195874,30.997383695933017,4.38,5.0,-1.22,0.29
RTX,1999-03-26,11.858156890284073,12.073142711976745,11.812896255238401,11.948677062988281,4997087,22.33047628563786,24.238105571779702,27.561765981018006,34.07663618873256,30.987076075487668,4.44,5.0,-1.23,0.32
RTX,1999-03-29,12.016566165205175,12.265497447583932,12.016566165205175,12.169319152832031,5686078,21.594290786411744,24.436769937385357,27.662575163997648,34.10630767319891,31.031099839336523,4.5,6.0,-1.22,0.29
RTX,1999-03-30,12.146688785050248,12.350360531739954,12.095771122724587,12.276812553405762,4314453,21.06509107695129,24.2329515594024,27.59260714820078,34.11568077746796,31.032777825451475,4.55,6.0,-1.21,0.34
RTX,1999-03-31,12.38996269046059,12.395620818499573,12.22023750487232,12.25984001159668,4343690,21.113622641768522,24.1554597652153,27.56208329557788,34.11495844900234,31.005188779653665,4.61,6.0,-1.21,0.34
RTX,1999-04-01,12.282469256348852,12.316414729456895,12.124059243285382,12.146688461303711,3879702,21.317776878875748,23.717128819812714,27.60952455321061,34.13535352324477,30.97202593539649,4.65,8.0,-1.21,0.3
RTX,1999-04-05,12.203270002627008,12.310762405395508,12.174982643728724,12.310762405395508,3094101,21.002430014769498,23.761422198181677,27.59687024279035,34.161123046357375,30.97973723795418,4.7,8.0,-1.2,0.3
RTX,1999-04-06,12.310757510855222,12.37864846208392,12.18063483374756,12.254182815551758,2920582,21.032810169513443,23.643272543499748,27.59800905529673,34.06776669437554,30.973393621721396,4.75,9.0,-1.2,0.3
RTX,1999-04-07,12.276809911216677,12.35035787372203,12.1693164820042,12.180631637573242,5213827,20.783873959999923,23.001690055619605,27.58254751257297,33.99228481930388,30.849928995987874,4.8,7.0,-1.21,0.31
RTX,1999-04-08,12.174980985590253,12.242870857177568,12.084460791011365,12.112748146057129,4118052,20.710657934484587,22.48688406775688,27.61560345957693,33.97134904977768,30.807714415104453,4.84,12.0,-1.23,0.29
RTX,1999-04-09,12.118405745822065,12.118405745822065,11.863817343708682,11.926050186157227,5974640,20.572399974872727,22.687968769761714,27.698817475524745,33.95356430268516,30.845642630899373,4.88,15.0,-1.23,0.23
RTX,1999-04-12,11.892099896005561,12.152345201291265,11.8411822408508,11.971304893493652,5701968,20.223306998028637,22.651226291567646,27.661736200966835,33.9459371484523,30.846530436734064,4.92,13.0,-1.24,0.24
RTX,1999-04-13,11.993936600646817,12.118402249635281,11.909074556016886,11.948677062988281,5349845,20.22250087333658,22.11554001933714,27.07803332854899,33.90621944463233,30.8457714187864,4.96,1.0,-1.26,0.36
RTX,1999-04-14,11.993938856933068,12.46917122476426,11.914733828090318,12.401281356811523,8618736,22.642425818560458,23.140716223021244,27.54067727425863,34.02982886856174,31.0212940286888,4.99,6.0,-1.26,0.3
RTX,1999-04-15,12.582311180353503,13.080172354897002,12.457845612371024,12.808610916137695,12685305,23.766246195126378,23.769087396319676,27.900588304366526,34.03055390977557,31.127696261874377,5.02,21.0,-1.2,0.22
RTX,1999-04-16,12.94439722041204,12.989657845528548,12.74921269502416,12.853877067565918,8386742,23.46960802227313,23.291490855567613,27.86875826101298,33.99241525327309,31.115832917498594,5.04,21.0,-1.15,0.23
RTX,1999-04-19,12.899129464376244,13.487510631243355,12.831238570008829,13.125429153442383,17981124,22.881363748126514,23.394489431601155,27.793964035743112,33.90966673482569,31.16676101937408,5.06,21.0,-1.05,0.25
RTX,1999-04-20,13.08017394520146,13.125433458906441,12.435216821466417,12.84821605682373,19719490,23.325005080651152,23.964403547963208,27.812755143998725,34.01378790731768,31.245593653334282,5.08,22.0,-1.03,0.22
RTX,1999-04-21,12.853881273390307,13.125441820784012,12.378650041104507,12.38996410369873,11489741,25.933163394064078,25.27062981331809,28.33880649533943,34.308101890036184,31.46528950608071,5.09,27.0,-1.04,0.17
RTX,1999-04-22,12.491795539855957,12.559686478514761,12.356015857312173,12.491795539855957,6911514,25.941293764650357,25.218237925748593,28.10947833424989,34.002919574211276,31.46821002657122,5.1,25.0,-1.06,0.24
RTX,1999-04-23,12.582320378222041,12.644553207706432,12.503115357928174,12.587977409362793,4469539,25.86073192779536,25.053161629413616,28.122433512360136,33.957248835833354,31.472246784906204,5.1,26.0,-1.08,0.23
RTX,1999-04-26,12.587972831201888,12.695466260266553,12.457850188417087,12.599287986755371,4097078,25.857686737427848,25.02520414081856,27.228584456429633,33.95577761688325,31.472190420631346,5.11,2.0,-1.07,0.25
RTX,1999-04-27,12.599286286867045,13.091490548794877,12.57665597881335,13.023599624633789,7694574,27.11144923007606,25.51248191441348,27.609012409391987,34.064202122451825,31.619386065952774,5.11,14.0,-1.04,0.19
RTX,1999-04-28,12.921771511311134,13.193333163981837,12.921771511311134,13.057552337646484,6799649,27.10867545918843,25.380831355772916,26.4529030459745,34.064066750073316,31.607490126431877,5.12,1.0,-1.01,0.0
RTX,1999-04-29,13.057549310728703,13.170699790213794,12.938740703706491,13.051892280578613,4816577,27.130313472509,25.380360368823236,26.420638876471386,33.80202991965981,31.608154536985683,5.12,1.0,-0.99,0.02
RTX,1999-04-30,13.074525453887592,13.623304732106092,12.984005262392646,13.114129066467285,13976208,26.970089718833375,25.337605786214816,26.409002887906908,33.76887577761161,31.573821602953583,5.12,1.0,-0.97,0.02
RTX,1999-05-03,13.09149411892025,13.53277975937505,13.023603176244915,13.430944442749023,7040541,27.116273974523704,25.695425286016988,26.28047563027064,33.85844107437042,31.65112750642529,5.11,1.0,-0.91,0.04
RTX,1999-05-04,13.578035215612292,13.668555340644385,13.27252938210902,13.363049507141113,7732074,26.8461395449063,25.518521536463822,26.31466037089717,33.74948467090799,31.653843308668385,5.1,2.0,-0.87,0.02
RTX,1999-05-05,13.350351062249816,13.577204113297386,13.174539040130536,13.225581169128418,6103667,25.843934340985474,24.01199759619263,26.382474085536025,33.67256642272044,31.635084528338496,5.09,3.0,-0.86,-0.0
RTX,1999-05-06,13.168870277151457,13.19155591778247,12.936345210858223,13.078128814697266,5041579,25.848617042764943,24.19536500960099,26.38254124153916,33.7128157221329,31.638880454704037,5.07,4.0,-0.85,-0.0
RTX,1999-05-07,13.089472410701312,13.248270804459013,13.066786768725937,13.151857376098633,6559392,25.539595009347703,24.034354351521422,26.20226772663377,33.68774582262888,31.59768537911581,5.05,1.0,-0.83,0.06
RTX,1999-05-10,13.151858155750842,13.497810366138891,13.13484447329569,13.412739753723145,5439465,25.921505227583193,23.999924114758368,25.731141241351512,33.742935290390626,31.64663260406238,5.03,1.0,-0.83,0.09
RTX,1999-05-11,13.463779152310165,13.787045653377927,13.441093513621608,13.554520606994629,6654732,25.641283717199713,23.507018875636597,25.74149811215543,33.61532468676741,31.651762109070646,5.01,2.0,-0.82,0.08
RTX,1999-05-12,13.543174934658776,13.577202282689745,13.27662150804582,13.282292366027832,6233329,26.499725760995446,23.750980471144484,25.670769377358027,33.719808159685556,31.727860084513377,4.98,1.0,-0.86,0.09
RTX,1999-05-13,13.304976290542621,13.384374892517506,13.021409226306995,13.236919403076172,8044789,26.53307777994987,23.786243379557344,25.65743658862518,33.72281560540048,31.709141998995992,4.96,1.0,-0.93,0.09
RTX,1999-05-14,12.987380296236475,13.078121709391118,12.839924812316893,12.839924812316895,5930784,28.021682772193756,24.698411696461612,26.222757769648204,33.60972633436138,31.871697135674186,4.92,6.0,-1.01,0.02
RTX,1999-05-17,12.839933106676163,12.839933106676163,12.045944403619083,12.499652862548828,11178297,28.99152219848981,25.159678963861353,25.687445564059686,32.87335224720641,31.98284236801404,4.88,3.0,-1.02,-0.21
RTX,1999-05-18,12.692471393614797,12.851269703762549,12.03459582320081,12.045937538146973,7101241,30.939868752635757,26.326840333160167,26.453428527816804,33.20848263880502,32.15999777746871,4.83,15.0,-1.02,-0.21
RTX,1999-05-19,12.045936897824353,12.045936897824353,11.580887007255825,11.909825325012207,10735602,31.060170338117604,26.32555181634373,25.974466672812685,31.804978293822412,32.17221784415838,4.77,6.0,-1.0,-0.22
RTX,1999-05-20,11.88714198190715,11.989226231180183,11.342692285761148,11.44477653503418,9190140,33.04574454110989,27.567499969343416,26.675231190797522,31.700106970741793,32.382757640947496,4.71,17.0,-0.97,-0.14
RTX,1999-05-21,11.569548753809391,11.705661480349404,11.478807302805958,11.637605667114258,6927722,33.20989375021707,27.52166323891293,26.6277289314869,31.580615657738853,32.41519707209624,4.64,17.0,-0.94,-0.13
RTX,1999-05-24,11.637604560028855,11.87580043372715,11.546862017588039,11.569547653198242,8260893,33.21145799000902,27.390396837820013,26.62745767151438,31.1590454263262,32.42279872858745,4.56,17.0,-0.9,-0.14
RTX,1999-05-25,11.614920209648401,11.93251584312543,11.580891752467732,11.807745933532715,9549254,33.789746212871364,27.67004035022173,26.794173000315563,31.221031638038443,32.45070988541362,4.48,20.0,-0.86,-0.18
RTX,1999-05-26,11.819089749385759,11.819089749385759,11.54686426912106,11.751032829284668,6966176,31.86926580246298,27.693274977041927,26.717123573913188,30.75404125613872,32.352135266924684,4.4,20.0,-0.83,-0.15
RTX,1999-05-27,11.62625543778983,11.637599350586571,11.21791967994121,11.285975456237793,8271381,32.071660147937024,28.85955177093794,27.511323387910547,31.04501874641683,32.61178492499409,4.31,28.0,-0.81,-0.14
RTX,1999-05-28,11.285980809861426,11.422093527090214,11.206581083104007,11.26329517364502,4149515,31.995490339208388,28.64643614914944,27.157246402173797,30.618389851033566,32.611459437368495,4.22,23.0,-0.78,-0.09
RTX,1999-06-01,11.274637970247584,11.524176667943129,11.195239343711258,11.478806495666504,6803145,31.866002303723,28.30409191569138,27.26315051701992,30.60567845391561,32.65994362829608,4.11,25.0,-0.73,-0.12
RTX,1999-06-02,11.694320497056164,11.875803427549375,11.569550569815872,11.682977676391602,6223477,32.07371852416121,28.34341788626837,27.31911705348326,30.425302369066763,32.69134560973895,4.01,26.0,-0.69,-0.11
RTX,1999-06-03,11.68298067677427,12.045946630976353,11.68298067677427,11.966547966003418,5294866,31.412786555271715,28.72443549864544,27.148726792035106,30.524865293916758,32.72572467815372,3.89,23.0,-0.64,-0.1
RTX,1999-06-04,11.921170301990506,12.250107579348628,11.921170301990506,12.238764762878418,5037448,32.04988960805281,29.06036560032771,27.08827434191977,30.585223040445168,32.75408063467083,3.77,23.0,-0.6,-0.04
RTX,1999-06-07,12.125333438824406,12.556355913003618,12.068620476465135,12.420243263244629,3274611,32.273856617919776,29.11898487100533,27.11328840879368,30.604004443624678,32.764954281028395,3.63,24.0,-0.58,-0.02
RTX,1999-06-08,12.340851192177745,12.36353682912765,12.159368296717865,12.204739570617676,3911165,32.645719675828445,29.37095006284951,27.278518576695767,30.645549568698804,32.81590780404353,3.49,29.0,-0.56,-0.09
RTX,1999-06-09,12.204735870248054,12.204735870248054,11.694314693978844,11.785056114196777,5287874,32.41626039471577,30.133763970950856,27.664671474663006,30.847917273161436,33.01319544348814,3.33,48.0,-0.57,-0.09
RTX,1999-06-10,11.671633890663204,11.705662349843262,11.138527963927757,11.35403823852539,10390789,33.81090077980184,31.087557178772503,28.31715226154322,30.99154224322765,32.96182008851324,3.16,60.0,-0.6,-0.18
RTX,1999-06-11,11.161208093787419,11.33134812232989,10.968382434754119,11.206578254699707,7910042,33.87199885806519,31.17181656779076,28.38426712642933,30.431748829412403,32.86502323208131,2.97,64.0,-0.69,-0.21
RTX,1999-06-14,11.251949049698451,11.365376097385807,11.183893261113766,11.342690467834473,7214378,34.12207127537833,31.148120011026194,28.134571148959758,30.405610867044615,32.8047083258431,2.78,59.0,-0.71,-0.17
RTX,1999-06-15,11.410751969414639,11.433437608136902,11.263296417789697,11.331352233886719,4600791,33.04823662932971,30.795894719033758,28.019144436877657,30.408562643683297,32.782310750359684,2.62,57.0,-0.72,-0.15
RTX,1999-06-16,11.614920029345969,11.751031655816261,11.444778846153524,11.637605667114258,6544138,34.35243686967884,31.23358451053,28.30639650014377,30.54017078475106,32.8730193830707,2.45,62.0,-0.71,-0.2
RTX,1999-06-17,11.614918990849585,11.921171773130089,11.512834730089416,11.898486137390137,4842001,35.16365801555094,31.165877891402367,28.461390231095603,30.619332192911386,32.74337639218347,2.34,68.0,-0.7,-0.23
RTX,1999-06-18,12.045934104523768,12.148018310495479,11.887136939709567,12.068619728088379,6681745,35.45095731803797,31.205541061315955,28.481299577645654,29.952641366841377,32.74713613185718,2.25,69.0,-0.68,-0.23
RTX,1999-06-21,12.057281019634953,12.193393707275392,11.830428006993431,12.19339370727539,4058624,35.571403449416614,31.0769658956917,28.43824040938508,29.664160129849527,32.66430449159084,2.17,68.0,-0.7,-0.19
RTX,1999-06-22,12.0913124017525,12.102655220148478,11.904158648393034,11.932515144348145,3305756,35.347140525836345,31.350884007501207,28.647549340268654,29.661408700436574,32.748342417402654,2.09,71.0,-0.69,-0.28
RTX,1999-06-23,11.955201389448277,11.955201389448277,11.4788084490898,11.751032829284668,4065298,35.22475161807401,31.268849543263897,28.586911628930995,29.53193179148657,32.727624185231825,2.01,71.0,-0.66,-0.31
RTX,1999-06-24,11.819087738054586,11.819087738054586,11.376722232957045,11.478806495666504,5919978,35.35702331755872,31.552458026854964,28.746240197432023,29.58369789188524,32.80834794665626,1.95,73.0,-0.64,-0.38
RTX,1999-06-25,11.59223424620826,11.88714423328861,11.569548608724455,11.72834587097168,4341148,36.174115285523975,31.89119225883028,28.93888738860228,29.665648316982352,32.868547645069434,1.89,75.0,-0.61,-0.41
RTX,1999-06-28,11.819087213239854,12.068625899854885,11.762373125325352,11.830430030822754,5199208,35.46135873886864,31.89806819094885,28.926607623520013,29.610487012292737,32.864240480660165,1.84,75.0,-0.58,-0.41
RTX,1999-06-29,11.955198548112755,12.545018448390177,11.89848556157705,12.510991096496582,5625060,38.54987247163347,33.8190706397903,30.227186517293514,30.200560621407618,33.29477659287336,1.81,87.0,-0.6,-0.08
RTX,1999-06-30,12.79455302455197,13.112148480136495,12.624413034087416,13.066777229309082,7247747,38.88838182969606,34.93947378387711,30.826414580502416,30.403517402135755,33.5455479409311,1.79,89.0,-0.66,-0.08
RTX,1999-07-01,13.021416942289628,13.021416942289628,12.567708490607295,12.919331550598145,4221655,38.88789169202859,35.002658697113176,30.144690465124587,30.435228630436978,33.54596064356677,1.74,87.0,-0.71,-0.05
RTX,1999-07-02,12.703814506530762,12.805898743994824,12.567701823222224,12.703814506530762,3027998,37.23740784394165,35.16804209458581,30.28864627526807,30.46904401186451,33.59692549881173,1.69,89.0,-0.74,-0.1
RTX,1999-07-06,12.692473225893671,12.703816042546622,12.476961909626628,12.681130409240723,3463067,37.05179246603667,35.00792655135189,30.23227431647791,30.27692160169215,33.5883334683694,1.63,89.0,-0.79,-0.08
RTX,1999-07-07,12.669786433094949,12.771870673559617,12.545016561400487,12.726500511169434,4027797,36.95946256075325,35.00722590443577,30.07811365604282,29.962760824299323,33.587018498362184,1.58,87.0,-0.81,-0.03
RTX,1999-07-08,12.61307698139658,13.021414057416274,12.567705706252298,12.760531425476074,2798229,36.59783368664384,35.00350536022054,29.86557379867975,29.933174587399215,33.575359119346146,1.51,86.0,-0.88,0.04
RTX,1999-07-09,12.613076689314548,12.703818137432094,12.545019778174124,12.692475318908691,2871005,36.60752482463603,34.20700335185612,29.728727834485873,29.856165603176553,33.5780087042361,1.45,85.0,-0.91,0.08
RTX,1999-07-12,12.703810456515786,12.737837791442871,12.601726251596494,12.737837791442871,2721004,34.26821466264002,33.562093738075376,29.725190808996487,29.46775472792888,33.561161549504945,1.42,85.0,-0.94,0.08
RTX,1999-07-13,12.658444646577534,12.68113027965161,12.397563166434155,12.408905982971191,3836799,35.33665452837564,33.97434403003925,30.007594243833367,29.63846601995403,33.6757438857741,1.39,89.0,-0.94,0.01
RTX,1999-07-14,12.408906109778432,12.828585925659569,12.363534843166631,12.681130409240723,4562972,35.451677510503075,33.99619893350012,30.049924822241536,29.601296136782445,33.733462823105114,1.36,91.0,-0.95,-0.0
RTX,1999-07-15,12.703818354697603,12.703818354697603,12.43159400568928,12.488306999206543,4368161,35.58205671847116,33.86112789257702,30.138940023884064,29.677070566086254,33.77089530034836,1.33,93.0,-0.95,-0.03
RTX,1999-07-16,12.408904409382624,12.862611512981491,12.374875964086701,12.749185562133789,4139027,35.41882565046392,33.293971628415925,30.23626055099552,29.685420515029932,33.82409201174604,1.3,97.0,-0.96,-0.06
RTX,1999-07-19,12.749189629567176,12.749189629567176,12.374879912102315,12.488306999206543,3028316,35.46993796468636,33.53304495467035,30.404309365080195,29.754921979469866,33.82673894288865,1.3,99.0,-0.95,-0.11
RTX,1999-07-20,12.454280387092947,12.79456169878926,12.227427279365271,12.374881744384766,5154716,35.32230034255972,33.54549962849706,30.30669884345119,29.708294391030098,33.78294350217695,1.31,98.0,-0.95,-0.08
RTX,1999-07-21,12.499649893605586,12.862615694480999,12.499649893605586,12.760531425476074,4191782,36.01629251566272,34.14063530347471,30.587445820491055,29.82065227869606,33.882999912763026,1.32,99.0,-0.96,-0.13
RTX,1999-07-22,12.658439209854315,12.885293243023636,12.613069063261861,12.737837791442871,5151220,34.340726553174875,33.44582326896406,30.581756084854305,29.822199803063302,33.82505492218611,1.34,98.0,-0.97,-0.13
RTX,1999-07-23,12.681135806092737,12.771877277864691,12.476967219588346,12.499652862548828,3300671,32.86879277328041,33.6533073222434,30.74719126876866,29.892539831167742,33.88126613672765,1.36,99.0,-0.95,-0.18
RTX,1999-07-26,12.408908151170698,12.703818132454595,12.386222514132777,12.53367805480957,2681279,32.5059072147361,33.66068285787711,30.691769968108503,29.864118005519042,33.852492769574546,1.38,98.0,-0.95,-0.16
RTX,1999-07-27,12.658447784607544,12.658447784607544,12.442936417117538,12.522335052490234,2020572,32.434037607766314,33.64164951442248,30.586826723662075,29.84720748463776,33.75409919146073,1.4,96.0,-0.93,-0.12
RTX,1999-07-28,12.4996420466772,12.828580284765815,12.4996420466772,12.737837791442871,1900126,32.64783717865522,33.45709123637477,30.378314316299736,29.862712654347597,33.660145076008185,1.41,93.0,-0.94,-0.08
RTX,1999-07-29,12.499655459957767,12.70382408888808,12.318172478701976,12.431599617004395,3107766,32.90254364313724,33.79136803792468,30.523032026628012,30.015621405191613,33.73555539574376,1.43,94.0,-0.91,-0.11
RTX,1999-07-30,12.352197165944556,12.465623169427124,12.102657318115234,12.102657318115234,2413691,33.37869946399663,34.14845152044664,30.81864034408023,30.186594759158723,33.736445614663744,1.45,99.0,-0.87,-0.18
RTX,1999-08-02,11.88713811447981,12.227419201370816,11.819082337129265,12.03459358215332,3342938,33.16928105181229,34.09967901918407,30.83182755127379,30.19566371470624,33.73732744265859,1.47,100.0,-0.84,-0.19
RTX,1999-08-03,12.01191321602028,12.136683112520402,11.853114865910229,11.898486137390137,2745474,33.174338684210554,34.12837717979299,30.84004681317723,30.18846050777619,33.75220138981824,1.49,100.0,-0.82,-0.19
RTX,1999-08-04,11.898482391463409,11.989223805786033,11.785055348542809,11.796398162841797,2461361,32.67566486486723,33.865042427807744,30.872558479513195,30.187534849138594,33.54967995027581,1.52,100.0,-0.8,-0.2
RTX,1999-08-05,11.796404109352062,11.841774289349624,11.558207089137909,11.751032829284668,2938061,32.387650282322426,33.763572951283585,30.792639364722106,29.917823787967112,33.52062814013303,1.54,95.0,-0.8,-0.17
RTX,1999-08-06,11.955200534093317,12.023256349255409,11.56954908139188,11.648947715759277,2366974,31.736566709135737,33.584295700064956,30.822382229489175,29.89428665045097,33.53531273411285,1.56,96.0,-0.8,-0.18
RTX,1999-08-09,11.660291876467094,11.751033340479495,11.433438766471028,11.512837409973145,1787307,31.283428069716578,33.64073468468735,30.867711648960665,29.9155779920721,33.50584600360996,1.58,99.0,-0.82,-0.19
RTX,1999-08-10,11.433430921627698,11.6716266887003,11.127177178120268,11.285975456237793,2826195,31.64034455085043,33.332108594122545,30.946387469606513,29.994822402212957,33.57281277439963,1.6,100.0,-0.84,-0.2
RTX,1999-08-11,11.35403735861475,11.569548716580574,11.229267451360371,11.467464447021484,3595271,27.126252465628998,33.1307404277892,30.85724663045464,29.911763121091457,33.42766227973244,1.62,97.0,-0.88,-0.18
RTX,1999-08-12,11.53551746286523,12.125336143186175,11.524173547780377,12.045937538146973,4787339,28.01662959696076,33.882039966354135,31.797468350415336,30.297179345676756,33.73772745913159,1.66,100.0,-0.88,-0.14
RTX,1999-08-13,12.113997508930442,12.182053316261298,11.728345000536597,11.841772079467773,2639011,28.219313611282566,33.98432792736126,31.669972649940398,30.27817368171366,33.78891474016692,1.69,99.0,-0.87,-0.11
RTX,1999-08-16,11.887146690058938,12.114000911642565,11.887146690058938,12.091315269470215,2378415,28.71282954979721,33.22082226341794,31.789113246938534,30.229438869473306,33.76543951655534,1.72,99.0,-0.84,-0.16
RTX,1999-08-17,12.29548304324323,12.29548304324323,12.114000117895626,12.261454582214355,2810941,29.067293896235363,33.169976891306696,31.747728978796964,30.26703180909157,33.69860088854645,1.75,98.0,-0.83,-0.15
RTX,1999-08-18,12.284136680637152,12.318165131853554,12.159366792913218,12.170709609985352,2258922,29.08778440530012,33.185077120295,31.740627567920548,29.85413157237001,33.70997640019744,1.78,97.0,-0.81,-0.14
RTX,1999-08-19,12.0686290830869,12.148027727039864,12.000573259708629,12.057286262512207,2476933,29.147300549388543,32.99651707063915,31.642399265509418,29.86457673360326,33.71242506952734,1.8,95.0,-0.82,-0.1
RTX,1999-08-20,12.227427221255343,12.408910146602947,12.04594319583788,12.261454582214355,3451626,29.62147050154381,33.148862908020035,31.7249284700441,29.379766463501905,33.74500980342935,1.83,96.0,-0.82,-0.13
RTX,1999-08-23,12.227421765054936,12.703814506530762,12.227421765054936,12.703814506530762,2584032,31.447008929795427,32.77454999462678,32.21916394107621,29.638285302173085,33.82246605563414,1.86,100.0,-0.84,-0.22
RTX,1999-08-24,12.590392477755323,12.692476755954281,12.488308199556363,12.613078117370605,2869098,30.547503371360374,32.818329457106834,32.204886439969535,29.64631101414173,33.830191591482134,1.89,99.0,-0.85,-0.22
RTX,1999-08-25,12.714057563510616,12.736802101135254,12.634452784750271,12.736802101135254,3273340,30.020402291568505,32.66788156525997,32.172417334707966,29.476410236663703,33.83670646883669,1.92,98.0,-0.87,-0.21
RTX,1999-08-26,12.714061737060547,12.736806282151367,12.679944919424319,12.714061737060547,2564328,29.668617671738417,32.506262930947535,32.164494618673665,29.476854702126243,33.60321239272881,1.95,97.0,-0.89,-0.2
RTX,1999-08-27,12.725431353659719,12.725431353659719,12.327406309347857,12.372894287109375,3819320,30.094940910107187,32.6801286432667,32.44608086672025,29.655733378228895,33.09290388033601,1.98,100.0,-0.89,-0.26
RTX,1999-08-30,12.463870562479032,12.566219875612695,12.077216743920639,12.099961280822754,3278425,30.19117682153784,32.68537045402442,32.62943851684321,29.751080678602477,33.177293490246875,2.01,100.0,-0.89,-0.3
RTX,1999-08-31,12.16820064961643,12.236433189685092,12.008989918887721,12.031734466552734,3726841,30.127258828615723,32.554859776011995,32.54739315187836,29.69013802251797,32.18077381577491,2.04,99.0,-0.88,-0.28
RTX,1999-09-01,12.099964310421207,12.361524344433425,12.031731785556603,12.247802734375,2414644,29.16784965364946,32.57260612906887,32.66372208639622,29.497863614485205,31.844020226413594,2.07,100.0,-0.87,-0.32
RTX,1999-09-02,12.213685920479634,12.30466298794115,11.952126989393543,12.247802734375,2493777,29.170221802527845,31.743176244227662,32.66197668754394,29.4867334377763,31.724564927552002,2.09,99.0,-0.86,-0.32
RTX,1999-09-03,12.372892321661858,12.509358439120653,12.145450263131657,12.236427307128906,4405344,28.69078141140485,30.7480244596911,32.12088150548678,29.34168344111035,31.423824318170645,2.11,91.0,-0.86,-0.23
RTX,1999-09-07,12.145453942019072,12.179569654523121,11.554101322526048,11.918010711669922,10540473,29.61237254060713,31.130786504358625,31.96223792332204,29.519002486404037,31.548864699998457,2.12,90.0,-0.85,-0.19
RTX,1999-09-08,11.918007614848957,11.918007614848957,11.747425787874821,11.872518539428711,5173784,29.61783098251481,31.06024149771489,31.958671073933115,29.515554402027227,31.20446398538566,2.14,89.0,-0.83,-0.19
RTX,1999-09-09,11.872517521835094,11.906634325476125,11.440376857011007,11.736052513122559,3541881,29.194532333301787,31.161057165317718,31.81277303175471,29.03604010687854,31.14635055167998,2.15,88.0,-0.81,-0.13
RTX,1999-09-10,11.758800255762493,11.781544799859452,11.429008778061384,11.440381050109863,3906398,29.272373594314573,31.130568005048858,31.887058411052436,29.20784362962291,30.972978706511427,2.16,88.0,-0.82,-0.15
RTX,1999-09-13,11.34940126336316,11.463122853734498,11.326656724703705,11.37214469909668,5098148,28.394781419523685,30.796093887954584,31.395521417453754,28.91471831824923,30.927614014758987,2.17,79.0,-0.85,-0.08
RTX,1999-09-14,11.349401919486677,11.417634436483716,11.144703265569563,11.360773086547852,6225066,28.376003872808376,30.6380377411322,31.362022979286735,28.853220519239375,30.756766225011035,2.18,78.0,-0.88,-0.07
RTX,1999-09-15,11.463125504937784,11.5313580337711,11.201565455712052,11.25842571258545,5189356,28.31664668385342,30.589845316824295,31.357369633950956,28.790017325825197,30.771521356961735,2.18,77.0,-0.89,-0.05
RTX,1999-09-16,11.269793498454089,11.269793498454089,10.97411785397242,11.099211692810059,3848876,28.48006162127701,30.417509535857825,31.424654473952092,28.82706860105727,30.78862380237909,2.18,79.0,-0.89,-0.07
RTX,1999-09-17,11.144704759359582,11.315286626179264,11.144704759359582,11.247054100036621,7418723,28.813584587253764,30.414369044138823,31.02667809309153,28.864487802954763,30.803733508152686,2.18,75.0,-0.87,0.01
RTX,1999-09-20,11.281171282402315,11.39489290941702,10.91726295829629,11.019612312316895,4505133,29.2661255651297,30.324528780302362,31.16490652438535,28.930251684990026,30.850838590301933,2.17,75.0,-0.82,-0.02
RTX,1999-09-21,10.974120096500378,11.190191016029985,10.78079371648462,11.076469421386719,5858325,29.17900068625557,29.99686412428342,31.183246950910572,28.92106902319245,30.7712355490663,2.15,75.0,-0.79,-0.03
RTX,1999-09-22,11.167452597714531,11.372150236545375,10.507867272973634,10.667078018188477,10160066,30.583582763378576,30.852618950231857,31.6846979840732,29.07700415659697,30.876062224057577,2.14,81.0,-0.65,-0.08
RTX,1999-09-23,10.644329336768276,10.644329336768276,10.18944293035267,10.200815200805664,15458745,32.50163652887787,29.690833193091827,32.12253987418418,29.534641425919165,30.768583675676876,2.13,91.0,-0.25,-0.03
RTX,1999-09-24,10.246304845496308,10.564724023968271,10.132583237645134,10.462374687194824,8926684,29.72772851742121,28.683127216662243,32.42746350086465,29.65799155564036,30.832907352580246,2.12,95.0,-0.16,-0.12
RTX,1999-09-27,10.462376371374852,10.644331634982626,10.189445130352615,10.28042221069336,4490196,29.744313641060003,28.78158561949592,32.49219657930716,29.504896479983593,30.891695198378972,2.11,96.0,-0.01,-0.14
RTX,1999-09-28,10.234929799210407,10.30316230424938,9.92788187214632,10.189440727233887,4366254,28.75542525065426,28.674088912453044,32.47847084463978,29.407714185202426,30.90625865729404,2.1,95.0,0.12,-0.13
RTX,1999-09-29,10.166699736910232,10.632958475575354,10.052978120234012,10.530609130859375,6492972,30.36310686271961,29.638477469970127,32.938377862799165,29.646548658237982,31.058723620987756,2.1,100.0,0.09,-0.22
RTX,1999-09-30,10.576093906720432,10.837652773663846,10.553349369701216,10.79216480255127,4871238,31.538017965131537,30.146929261777387,33.03006938182944,29.781915057832386,30.679865835940234,2.08,100.0,0.01,-0.24
RTX,1999-10-01,10.96274628976997,10.96274628976997,10.246302218936789,10.541977882385254,6589901,32.006960106302074,30.42059058450955,33.137917461268216,29.807394445175277,30.592615224577123,2.06,100.0,-0.12,-0.24
RTX,1999-10-04,10.519239133855717,10.837658405901049,10.428262041424702,10.507866859436035,3877160,31.37051620168804,30.417252090405867,33.01543355144004,29.787132450676594,30.480870924416898,2.03,98.0,-0.19,-0.22
RTX,1999-10-05,10.007492272007074,10.382772915115993,10.007492272007074,10.121213912963867,8047649,30.273406300578337,31.184251927226125,33.48341385745756,30.111778786368724,30.60138680079827,2.01,100.0,-0.17,-0.28
RTX,1999-10-06,10.25767512430969,10.371396722301228,10.23493168705219,10.360024452209473,6925180,31.57092985062001,31.31946128090208,33.436379427504896,30.06681714820606,30.589138742243293,2.0,99.0,-0.23,-0.3
RTX,1999-10-07,10.394141752456761,10.735305459587561,10.371397211201092,10.587468147277832,5243700,32.28991906014266,31.319993825515454,33.41167238143082,30.10800957096853,30.654484499156894,1.97,98.0,-0.33,-0.32
RTX,1999-10-08,10.632960599216824,11.144707425004073,10.632960599216824,10.780797958374023,4919862,33.02966612266124,31.506991334755043,33.07204918548518,30.176328665184908,30.661258416816356,1.95,96.0,-0.43,-0.31
RTX,1999-10-11,10.758050232240805,10.758050232240805,10.496491310952852,10.632957458496094,4813081,32.48865205994311,31.217188878670164,33.09361111795368,30.195209649727783,30.648259073176053,1.91,96.0,-0.53,-0.31
RTX,1999-10-12,10.485115070913775,10.49648733748122,9.927880626663034,10.007485389709473,8050192,35.968885154906765,33.19305468089648,33.86811948229817,31.002105721587842,31.139978489810776,1.91,100.0,-0.51,-0.04
RTX,1999-10-13,9.99611353524305,10.030230336351885,9.620833134748716,9.677693367004395,7230268,36.81945871008287,33.73532954387573,34.12409183450396,31.221043531821625,31.327180593001362,1.9,100.0,-0.37,-0.08
RTX,1999-10-14,9.768670121067123,9.984740982727176,9.552599259407069,9.836902618408203,7430164,36.734252818527565,33.22714439206727,34.23905262251609,31.263593576229,31.33150161517187,1.89,100.0,-0.38,-0.12
RTX,1999-10-15,9.60946088687021,9.768670419844087,9.39339001860158,9.57534408569336,5277069,37.09702878126257,33.54329339090358,34.28919292660383,31.314958019815954,31.302719710865162,1.88,100.0,-0.33,-0.12
RTX,1999-10-18,9.552603792948313,9.723186771645997,9.416138733501612,9.518486976623535,3569847,37.039922377352234,33.41526471648462,34.29197409006844,31.261398462714595,31.06989874306056,1.87,100.0,-0.3,-0.12
RTX,1999-10-19,9.871021970477905,10.098465157649535,9.654951052957454,9.75730037689209,5428660,37.83848125013943,33.92200859557944,33.999604515972855,31.40731996682056,31.133510700216394,1.87,96.0,-0.36,-0.11
RTX,1999-10-20,9.961997573202904,10.189440727233887,9.939253037214645,10.189440727233887,7372642,40.52014606197908,35.288252123305384,34.73486764086021,31.81015295029297,31.34624166015618,1.87,100.0,-0.45,-0.18
RTX,1999-10-21,10.121209737644772,10.212186792294009,10.030232682995535,10.143954277038574,6411297,40.473922096291886,35.02896640812761,34.59106774929654,31.813493965729144,31.06590806647398,1.86,99.0,-0.55,-0.14
RTX,1999-10-22,10.212187146868683,10.462373780109255,10.212187146868683,10.360024452209473,3756396,40.659886203648526,35.12779041985497,34.64320037431793,31.826275540155237,31.11956789951995,1.86,99.0,-0.64,-0.15
RTX,1999-10-25,10.325907540356535,10.53060617227827,10.030231861239129,10.075719833374023,4408204,41.273054249266075,35.1575738286707,34.660748366240036,31.63087339362712,31.17960568707873,1.85,99.0,-0.74,-0.14
RTX,1999-10-26,10.189442644678943,10.234931725215578,9.905139200103013,9.950628280639648,3758621,41.33399584919437,35.20711189848008,34.48313663452954,31.66176101801788,31.208578652379714,1.83,96.0,-0.82,-0.08
RTX,1999-10-27,9.961996323439697,10.143951485593131,9.757297731077044,10.007485389709473,4596659,41.41130480122049,35.211019036448164,34.40097104943629,31.647839265534706,31.155428583761864,1.81,95.0,-0.89,-0.05
RTX,1999-10-28,10.052982396030563,10.587473890864162,10.052982396030563,10.519241333007812,6095086,44.10494947541046,36.80840517654449,35.287312879212365,32.10563819854378,31.493143678803964,1.81,100.0,-0.94,-0.07
RTX,1999-10-29,10.780793696211964,11.190190994987478,10.746677989931321,11.0082368850708,6096675,46.00484535615736,38.06203840339438,35.65134706032465,32.46289642679512,31.74730014738096,1.81,100.0,-0.97,-0.09
RTX,1999-11-01,10.962751019527111,10.962751019527111,10.735307764000172,10.849030494689941,2950137,45.81756314288242,38.130883803061856,35.23834360319743,32.41574588500338,31.7252613528362,1.82,98.0,-1.0,-0.04
RTX,1999-11-02,10.849024809229821,11.030978877127342,10.6670707413323,10.917257308959961,3975042,45.83078195189593,38.0964173128275,35.19579628770847,32.41883319294313,31.72683471091374,1.83,97.0,-1.01,-0.03
RTX,1999-11-03,10.871773937901596,10.951379849384434,10.758052310138126,10.849030494689941,2745474,44.501749512111225,37.90774095890228,35.152591284421966,32.40166077469441,31.716660504059526,1.83,96.0,-1.04,-0.01
RTX,1999-11-04,10.871771003297816,10.871771003297816,10.121210006753742,10.325908660888672,4824840,44.93824989412498,39.03491383204648,36.00212611494048,32.83985167248022,32.090326888517296,1.84,100.0,-1.09,-0.05
RTX,1999-11-05,10.416887178700321,10.63295813313381,10.098466882847083,10.166699409484863,7792456,44.52838317088037,37.65552119194137,35.801477171827386,32.87023409987336,32.11460263170461,1.85,99.0,-1.15,0.02
RTX,1999-11-08,10.178077232536978,10.32591574096867,10.098472390886108,10.234938621520996,3188487,44.29720893865539,37.58602641007459,35.62651398678898,32.85658111300493,32.08931400209681,1.86,97.0,-1.2,0.07
RTX,1999-11-09,10.3259059112919,10.348650445234,9.893764178094802,9.9847412109375,4852170,44.80475551843254,37.54127918840241,35.72585790350588,32.97098960715662,32.185266458322914,1.86,98.0,-1.25,0.07
RTX,1999-11-10,9.825534887615149,10.030233554084758,9.711813283695802,9.791418075561523,7356434,43.957717147683574,37.515312596475184,35.78084176759235,32.9882924219069,32.23739412581051,1.86,98.0,-1.28,0.07
RTX,1999-11-11,9.734557825064885,9.802790346246066,9.700441013011261,9.791418075561523,6576553,43.21906728532534,37.51508558133853,35.64630440236529,32.933984501073695,32.233001458234625,1.87,95.0,-1.31,0.1
RTX,1999-11-12,9.961998895067916,10.030232512086664,9.71181227477703,9.825533866882324,4449200,42.827744727614046,37.523505626257155,35.592011370574475,32.92795012054427,32.19737173581024,1.86,93.0,-1.35,0.11
RTX,1999-11-15,9.757306485820022,9.973377538619866,9.757306485820022,9.91651725769043,5920932,42.957135513809824,37.38116443052436,35.46369240668214,32.949028696776814,32.18897316076616,1.86,92.0,-1.38,0.12
RTX,1999-11-16,9.916513889330378,10.371399291034106,9.89376934351362,10.28042221069336,6011187,42.954119729754616,37.40798121267699,35.776956519064655,33.213193339802785,32.21294398081999,1.86,97.0,-1.41,0.08
RTX,1999-11-17,10.202815761917693,10.351179373408357,10.145753515556182,10.294116020202637,4272821,42.409170012032874,37.413205497953335,35.74378501894145,33.14829217238675,32.1765077538762,1.86,96.0,-1.44,0.09
RTX,1999-11-18,10.29411762869636,10.704970515442195,10.134342428443299,10.670732498168945,4122184,43.23992982067179,38.182546288219754,35.06182897068401,33.2516138362096,32.35507331876334,1.86,85.0,-1.44,-0.03
RTX,1999-11-19,10.727788740019795,10.727788740019795,10.316937190419834,10.419650077819824,4761280,43.443303077389196,38.41994171004865,34.482936164042044,33.314930138307055,32.42790965885101,1.86,79.0,-1.45,0.01
RTX,1999-11-22,10.316943273046812,10.328355945802539,9.951742172241211,9.951742172241211,4510218,45.22009850987215,39.10364330594675,35.145950897134625,33.73972847711549,32.66509843949912,1.87,85.0,-1.47,-0.04
RTX,1999-11-23,10.043037829225558,10.465302099634675,9.974561824179384,10.24846363067627,4309050,42.56224973614324,39.482082066890726,35.43447110427761,33.92739200702437,32.68693936308145,1.88,89.0,-1.47,-0.11
RTX,1999-11-24,10.339763863893928,10.385414533924711,10.020212494210167,10.24846363067627,4447293,41.30492596901229,39.48143064259734,35.43606972563439,33.89773358627911,32.61713156362138,1.88,89.0,-1.46,-0.11
RTX,1999-11-26,10.202818292979012,10.202818292979012,10.043043078055222,10.088692665100098,1402769,41.37722829419084,39.336292533688265,35.489281226947966,33.94419290886883,32.555615672251655,1.88,90.0,-1.46,-0.12
RTX,1999-11-29,10.043038743074527,10.16857699023841,9.917500495910645,9.917500495910645,3569530,40.89861131626333,39.432478576608595,35.557335003141155,33.94974912977655,32.59884408578586,1.88,90.0,-1.46,-0.14
RTX,1999-11-30,9.951744831278262,10.522371980465728,9.928919479668034,10.316946029663086,5087025,42.306978254128374,40.40373063338168,36.1735630396799,34.28338073443083,32.569001747320286,1.89,100.0,-1.45,-0.23
RTX,1999-12-01,10.590846007438346,10.716384323532687,10.556609089845061,10.602258682250977,7031643,42.42643904476011,40.56520974138435,36.46235378940426,34.43709784245346,32.67251673545309,1.9,100.0,-1.43,-0.29
RTX,1999-12-02,10.590839821221177,10.853328974899911,10.568015591772392,10.733497619628906,5128974,40.76888425899126,40.667883852545046,36.32009999826074,34.4313683441033,32.356178468925805,1.9,99.0,-1.4,-0.27
RTX,1999-12-03,10.910391481850066,11.275592444298406,10.887567251830042,11.024517059326172,6554943,41.35599381818015,41.02673092043405,36.41080063584584,34.48396993893874,32.45538601877343,1.91,99.0,-1.37,-0.29
RTX,1999-12-06,11.092993912691762,11.092993912691762,10.556605043179767,10.659317970275879,4319855,42.285354019847034,41.26838180514479,36.70506946696838,34.679554245606695,32.62770280895169,1.92,100.0,-1.33,-0.33
RTX,1999-12-07,10.36258919890932,10.522364330329248,10.043037829225558,10.24846363067627,6355682,43.08754650852827,41.99280256734198,37.01294345150999,34.86458567591763,32.73990376356172,1.94,100.0,-1.31,-0.35
RTX,1999-12-08,10.282706931189725,10.682146072387695,10.248468911026078,10.682146072387695,4187333,44.48037301461652,42.91534096130596,37.532990505488456,35.19804401291212,32.994516444196684,1.97,100.0,-1.27,-0.4
RTX,1999-12-09,10.670731983240946,10.876156756434291,10.465306103203275,10.85333251953125,4802594,44.644743993712254,43.02056536296221,37.61476945117988,35.188113388453466,33.01685130463392,2.0,100.0,-1.22,-0.42
RTX,1999-12-10,10.956047546979415,11.138648118060162,10.727796279706208,10.819096565246582,3628958,42.36348528663183,42.93043058028448,37.26392969339823,35.171242525190344,32.998055391519365,2.01,98.0,-1.19,-0.35
RTX,1999-12-13,10.864745294101725,11.11582075716305,10.590843380232942,10.839066505432129,4225787,40.213785328014716,42.83902370273249,37.26804975546851,35.10091317043621,32.95590442774112,2.03,98.0,-1.15,-0.35
RTX,1999-12-14,10.636492629400257,10.727792886058559,10.533779702304145,10.659317970275879,4654499,40.283986792164455,42.77247386178598,37.24421908880745,35.13415910684967,32.84711491124366,2.05,96.0,-1.1,-0.35
RTX,1999-12-15,10.659318170707781,10.727793087778023,10.533779900375494,10.613667488098145,4628439,40.24403997588728,42.76248299161459,37.24018963247096,35.136541939857906,32.840881258968366,2.06,95.0,-1.04,-0.35
RTX,1999-12-16,10.659319388792383,10.659319388792383,10.179992700837616,10.488131523132324,4914459,40.341764847514874,42.133001585161,37.27536883619164,35.14682726067997,32.77898010467498,2.07,98.0,-0.99,-0.35
RTX,1999-12-17,10.636492818904332,10.647905489545476,10.282704456405702,10.294116020202637,6928676,38.06329024639955,41.290485364565136,37.2473686996042,35.168960327040125,32.830938619177694,2.08,95.0,-0.97,-0.34
RTX,1999-12-20,10.499543932448072,10.727795176243315,10.453894347795678,10.562313079833984,3990297,38.485354639845944,41.30103134509873,37.335246692637384,35.307883490424906,32.91837509302168,2.08,98.0,-0.9,-0.36
RTX,1999-12-21,10.62508191200882,10.80768245889009,10.442481365127552,10.647907257080078,3374083,38.50432996627676,41.165485424827594,37.14644096832749,35.31806123373642,32.58376514800668,2.09,91.0,-0.82,-0.33
RTX,1999-12-22,10.716377852111235,10.762028523794172,10.488127814228386,10.499539375305176,3372811,37.995769220850114,41.22948225764957,37.19536671210406,35.34847239838684,32.615827408242275,2.09,91.0,-0.74,-0.34
RTX,1999-12-23,10.590848901251457,11.11582655185286,10.590848901251457,10.8761625289917,3478957,38.64882608121347,41.309663388538596,37.60986644965835,35.56032051546404,32.60285823994017,2.1,99.0,-0.67,-0.41
RTX,1999-12-27,10.95604089717113,11.321241817672622,10.796264664318828,11.138641357421875,3718578,39.07665926859962,41.29284482540931,37.79290577067649,35.67349129882603,32.64919211607695,2.11,100.0,-0.61,-0.45
RTX,1999-12-28,11.20711870322991,11.811982385231996,11.20711870322991,11.720682144165039,3344209,41.345002651949166,42.25073301373958,38.66264230800109,36.18630680178937,32.98045403983483,2.14,100.0,-0.61,-0.48
RTX,1999-12-29,11.675034773467713,11.675034773467713,11.355483316194427,11.617971420288086,2854480,41.547911572775874,42.29423010127323,38.66308259840624,35.92736127583337,32.9831482646168,2.16,100.0,-0.6,-0.48
RTX,1999-12-30,11.686448947783429,11.720685857252215,11.481023063593316,11.709274291992188,1725654,40.5248401562786,41.51438240415308,38.63685433702656,35.73006026321936,32.990272728035364,2.18,98.0,-0.62,-0.48
RTX,1999-12-31,11.686443843664447,11.869044303894043,11.515254943710817,11.869044303894043,1426286,40.60076977773026,41.35236727948933,38.5593902368359,35.76563431617212,32.988619464554965,2.19,97.0,-0.68,-0.46
RTX,2000-01-03,11.857633926742865,11.869046596066736,11.321244002741407,11.412544250488281,3401096,41.41879945658305,42.00869785871848,38.98902398479201,35.96735932611108,33.22137205221776,2.21,100.0,-0.67,-0.5
RTX,2000-01-04,11.161466214178722,11.40112889293865,10.773438869190791,10.94462776184082,5350163,42.71569858536626,42.77206551704827,38.739796440129844,36.213643706536885,33.36844662768173,2.24,99.0,-0.58,-0.52
RTX,2000-01-05,10.944631261543286,11.00169350611055,10.682143165583186,10.727792739868164,6204409,40.824668903850366,42.877908313384424,38.77347171499682,36.0400382765586,33.4142892143194,2.26,99.0,-0.5,-0.53
RTX,2000-01-06,10.682143578938366,11.287008486240373,10.385417460649318,11.241357803344727,9770125,42.10964922136205,42.0162112811583,39.35866917024532,36.46201236748265,33.71864945855304,2.29,100.0,-0.42,-0.54
RTX,2000-01-07,11.241359262282533,11.81198623147051,11.070171392895013,11.68644905090332,6348055,43.34830957005558,42.025011102145484,39.79045364750212,36.74663691267837,33.798933864749856,2.33,100.0,-0.38,-0.59
RTX,2000-01-10,11.686446009316711,11.914696073479513,11.629382663142955,11.800570487976074,3909258,42.94894708414507,41.95836083543583,39.80733477311103,36.76587986603153,33.73562063684269,2.37,100.0,-0.35,-0.6
RTX,2000-01-11,11.75492455865721,11.766337231426734,11.49243640549141,11.526673316955566,3511690,43.27527909057133,41.85848635464817,39.95194441675983,36.64994018443784,33.80971967125926,2.4,100.0,-0.3,-0.62
RTX,2000-01-12,11.538080447127326,11.960344709377125,11.526667779840155,11.789156913757324,4023666,42.37054935251848,42.00210670512149,40.02510374947508,36.750639459936565,33.878626166492126,2.43,100.0,-0.27,-0.63
RTX,2000-01-13,11.720682581877824,12.028821322052845,11.686445681976627,11.914695739746094,3347070,41.86211443137988,41.79617830606284,39.65144274052793,36.774354400410246,33.822681677492064,2.46,96.0,-0.35,-0.59
RTX,2000-01-14,11.914702258418018,11.914702258418018,11.503851486914137,11.652214050292969,4831831,42.45375145941502,41.27344550480741,39.78704737335297,36.85889347618926,33.88737975245001,2.49,96.0,-0.39,-0.61
RTX,2000-01-18,11.503844451710265,11.583732022123787,10.990279917846237,11.4581937789917,7745739,42.188333714519224,41.43584149662447,39.83101601010773,36.79190082831328,33.9252163304627,2.51,98.0,-0.51,-0.62
RTX,2000-01-19,11.38972280329294,11.595147580813478,11.03593328828925,11.081583976745605,5754087,42.169186794129295,41.86883671054519,40.16093899300299,36.989719032227924,33.99003815468373,2.54,100.0,-0.66,-0.66
RTX,2000-01-20,11.150057791589244,11.195707368652702,10.602255118918047,10.830506324768066,6102078,41.050676075477526,41.73576305608391,40.096538874449216,37.064100621379566,34.027518478932414,2.57,99.0,-0.67,-0.65
RTX,2000-01-21,10.864740790992995,11.13864148449383,10.602251657899632,11.07016658782959,7201984,39.78275756354397,41.848431413103995,40.12180846393397,37.14391787418307,34.09255797188757,2.6,99.0,-0.62,-0.66
RTX,2000-01-24,11.412545485205523,11.640796682689126,10.864743939457918,10.95604419708252,8651152,39.66693150167461,41.91354624296144,40.14299626983492,37.15239826585155,34.09245775525033,2.63,99.0,-0.56,-0.67
RTX,2000-01-25,10.841916267178393,10.887566939597265,10.225638830587378,10.385415077209473,8228160,42.6218641402223,42.17144551622717,40.884355787403656,37.58510133829259,34.490095861434966,2.66,100.0,-0.56,-0.66
RTX,2000-01-26,10.385417038297263,10.590841782440846,10.111515165750806,10.408241271972656,7009397,42.624283845865705,41.08935415993732,40.8880957816116,37.560787913074165,34.470729106013565,2.7,100.0,-0.59,-0.66
RTX,2000-01-27,10.408245241453834,10.476720182283234,9.86044350112945,10.07728099822998,6155468,43.34629719176467,41.49976860500277,41.17697773634761,37.67241119595821,34.60916698931678,2.73,100.0,-0.68,-0.7
RTX,2000-01-28,10.031625090416341,10.065863092696077,9.403935023017928,9.540885925292969,11385821,45.97304044340591,42.88689212317031,41.84492364758097,38.193507995161,34.968987908409666,2.77,100.0,-0.65,-0.68
RTX,2000-01-31,9.609362358703734,9.81478819152394,9.552299012451414,9.666425704956055,6506637,46.14841129808373,42.99244345544908,41.914389765942886,38.081190201165725,34.95833639169566,2.81,100.0,-0.64,-0.7
RTX,2000-02-01,9.769138344204647,9.860438588773993,9.597949417148582,9.803375244140625,8373394,46.14052032610093,41.95296876872575,41.96387369503966,38.00649981138175,34.98865380218824,2.84,100.0,-0.61,-0.71
RTX,2000-02-02,9.837613202425889,9.951738784285999,9.712074951695364,9.814787864685059,4869014,45.419016188146074,41.84295715536588,41.79343347022233,37.77040415463634,34.97256503477368,2.86,97.0,-0.57,-0.68
RTX,2000-02-03,9.906088438683579,9.928913777184507,9.403936525883529,9.666425704956055,7058338,45.45222510363474,41.9212281990607,41.844260814221116,37.787914844499085,35.0035386805184,2.88,97.0,-0.54,-0.69
RTX,2000-02-04,9.677837065644907,9.769138417745602,9.130035594105035,9.381112098693848,10730199,46.012356032761915,42.06094511309645,42.08510197261961,37.66355772748439,35.06757655891775,2.89,100.0,-0.47,-0.73
RTX,2000-02-07,9.346875190734863,9.495237691656017,9.18709946603704,9.346875190734863,11746524,44.504033208943774,41.88792141767593,42.070533250139455,37.60499671090264,34.83718920748895,2.91,99.0,-0.42,-0.73
RTX,2000-02-08,9.312634468078613,9.426760031549872,9.11862134223063,9.312634468078613,7658344,43.657936962824316,41.891775918464326,42.0247799276977,37.60207419241844,34.8375178906079,2.91,98.0,-0.4,-0.72
RTX,2000-02-09,9.472408334333041,9.597946548156873,9.221333013529089,9.244157791137695,8769055,40.186712095886634,41.90312188828372,41.96500882848134,37.521105081359536,34.83016354283795,2.91,97.0,-0.35,-0.7
RTX,2000-02-10,9.266986228037766,9.438174607875178,9.084385732282161,9.152860641479492,5535440,40.19019246369435,41.887078717225954,41.88038030282101,37.53260096847376,34.776209964421945,2.9,94.0,-0.32,-0.69
RTX,2000-02-11,9.152862983961562,9.324051407611035,8.684948955479596,8.833312034606934,6336932,40.67314442691322,41.7274024970466,42.20392813976204,37.46607335451837,34.89273025171337,2.89,100.0,-0.19,-0.73
RTX,2000-02-14,8.913197210421693,9.403936450011964,8.913197210421693,9.187098503112793,7424444,42.57260999740723,42.59270207668772,42.32823200897038,37.77312927612142,35.055952333211486,2.89,100.0,-0.23,-0.74
RTX,2000-02-15,9.24415843069134,9.655010543711322,9.061557983501919,9.575121879577637,10315788,43.91164296992549,42.81290694386927,42.29717233475887,38.033136710622216,35.303085119571314,2.9,99.0,-0.28,-0.74
RTX,2000-02-16,9.657609609083186,9.87527830990325,9.531590712121814,9.554503440856934,6143392,42.56939497290656,42.566809016720406,42.09246305330126,37.968632806707795,35.285254270666094,2.9,97.0,-0.34,-0.7
RTX,2000-02-17,9.898190749412418,10.012752167576943,9.53159043360795,9.921103477478027,6334072,44.00328635629056,42.28072314568381,42.447628595553596,38.129952712213885,35.43764284380103,2.91,100.0,-0.36,-0.73
RTX,2000-02-18,9.944020842812897,9.989846325434502,9.508683202237258,9.600334167480469,4666893,42.25770000906538,42.3544137060724,42.7399681288661,38.21144679968759,35.57309471452196,2.92,100.0,-0.4,-0.78
RTX,2000-02-22,9.829455928717929,9.978387601024965,9.405574758784992,9.806544303894043,4588714,40.95086562924592,42.60096626334079,42.54647924006692,38.257910402073335,35.62421450907664,2.93,99.0,-0.42,-0.76
RTX,2000-02-23,9.806541696946104,9.966928583487139,9.669066429138184,9.669066429138184,5782371,40.74585300853632,42.57827094091838,42.40486678981819,38.23983475047222,35.643235053778966,2.93,97.0,-0.44,-0.73
RTX,2000-02-24,9.691981719643994,9.737806080299194,9.199362898337226,9.3253812789917,7706650,41.36410337807493,43.06892334287891,42.62343145700995,38.25498074310669,35.7820701629027,2.94,99.0,-0.48,-0.75
RTX,2000-02-25,9.2566441939276,9.371206762330639,9.142082181065634,9.176450729370117,6911514,40.46885536040056,42.335969022274114,42.68772982296307,38.05638726097159,35.77934802065431,2.94,99.0,-0.52,-0.77
RTX,2000-02-28,9.302467565641235,9.48576775575998,9.16499283970791,9.359748840332031,11246306,40.927464006899456,42.14221392068478,42.420949515602956,38.11035939912704,35.83204057792052,2.94,95.0,-0.56,-0.74
RTX,2000-02-29,9.531589909543538,9.531589909543538,9.256640521118733,9.336833953857422,5150902,40.731302838971985,42.03552311165632,42.245126251712584,38.07895220659148,35.83237014207798,2.94,91.0,-0.6,-0.71
RTX,2000-03-01,9.336838481018573,9.37120758789189,8.935870011825493,9.313925743103027,5820189,40.65543761944565,41.59652192195992,42.08766316093994,38.07929850829153,35.81918297686691,2.93,88.0,-0.64,-0.68
RTX,2000-03-02,9.302469929686374,9.417033063722979,9.096257510610949,9.313925743103027,5262132,39.908480224680915,41.09840719876207,41.97347189916117,37.93609173616163,35.774641794425264,2.91,84.0,-0.65,-0.66
RTX,2000-03-03,9.268098761761145,9.703436214921975,9.16499258133263,9.497223854064941,5078444,40.21855981140999,40.597350320469644,42.05691436989645,37.91412664362777,35.71196631571853,2.89,85.0,-0.67,-0.67
RTX,2000-03-06,9.588870301740302,9.657608479908749,9.027515179854634,9.164990425109863,5253552,40.407397152876825,40.2039213448741,41.337437219150196,38.086007501173405,35.84874392712861,2.88,75.0,-0.7,-0.76
RTX,2000-03-07,9.187909436181359,9.451403204298543,8.935872039621714,9.256647109985352,5278022,40.65785736554795,40.10569399221479,41.03883856363735,38.084566920304134,35.86155326290438,2.86,73.0,-0.71,-0.73
RTX,2000-03-08,9.256646322926995,9.256646322926995,8.981696206630263,9.027521133422852,5309485,38.52854435788697,40.36790861185411,41.13425173154459,38.112259211562474,35.943147475958064,2.84,73.0,-0.74,-0.73
RTX,2000-03-09,8.890045272070607,8.981694553243415,8.523444814132798,8.809850692749023,7058656,38.8863823558643,40.590765672862226,41.09516950927182,38.17356979940539,35.9983573558577,2.82,72.0,-0.72,-0.73
RTX,2000-03-10,8.764024292079581,9.073342835720576,8.603636837353772,8.958780288696289,6406212,38.55200445866668,40.70323432074761,41.18125326002038,38.146148307559244,36.042193252489554,2.8,74.0,-0.73,-0.75
RTX,2000-03-13,8.89004305582289,9.061885762395477,8.832761227730431,8.98169231414795,4731724,35.44537693031838,40.71738996318031,40.98316855435214,38.051887607406,36.00995216759145,2.77,69.0,-0.75,-0.71
RTX,2000-03-14,9.084799153407824,9.279555160902332,9.084799153407824,9.153536796569824,7657391,35.702857940021396,40.91278425889452,40.4941846726602,38.10992530365985,36.06429944117936,2.75,66.0,-0.79,-0.69
RTX,2000-03-15,9.176447126330215,10.173139635688544,9.05042823945871,9.875277519226074,9841630,42.02936009084948,43.782873685066455,42.29217155168206,38.60288297201577,36.8705197026995,2.74,91.0,-0.8,-0.38
RTX,2000-03-16,10.058577665213782,10.619933949728782,9.944015135494768,10.448089599609375,10592910,45.07154172907487,45.00689973113157,43.10929609899697,38.84338424045927,37.284042173620286,2.74,100.0,-0.8,-0.4
RTX,2000-03-17,10.264787395674743,10.700124676088066,9.932556254776078,10.012749671936035,8560579,46.652110726586216,45.799519133217494,43.4144842363693,39.132184505832385,37.45364227776444,2.74,100.0,-0.8,-0.41
RTX,2000-03-20,10.01275668998706,10.59702596414518,9.886738850871906,10.287707328796387,5574530,46.27235368814852,46.07525573497377,43.58042156645035,39.233602649307095,37.53966916119378,2.74,100.0,-0.8,-0.46
RTX,2000-03-21,10.21896687727132,10.597022492943973,10.127315953634898,10.402266502380371,5469338,46.2830946173905,45.5412083770618,43.605617097685624,39.26026652176658,37.479846090394766,2.74,100.0,-0.8,-0.46
RTX,2000-03-22,10.539738585591259,10.67721383283244,10.150226681336541,10.230420112609863,8359729,46.61146018960071,45.3632877936925,42.9579348898255,39.29932188318326,37.49970531787732,2.74,96.0,-0.79,-0.4
RTX,2000-03-23,10.241880212059817,10.700130462646484,10.081493291003735,10.700130462646484,5560864,48.02736286805976,45.08138067103569,42.94319114788882,39.67377306307013,37.73181661074523,2.74,95.0,-0.77,-0.4
RTX,2000-03-24,10.539744332543954,10.814693865864967,10.356444643663279,10.459550857543945,5240840,48.51171662667715,45.26768379721929,43.03189035574701,39.754032772709984,37.785779484367126,2.73,96.0,-0.75,-0.42
RTX,2000-03-27,10.791782976840533,10.791782976840533,10.448095203349693,10.528289794921875,4734584,47.007569171589545,45.25689248305279,43.03301760090632,39.76050280911318,37.74525857020441,2.72,96.0,-0.72,-0.42
RTX,2000-03-28,10.44809418397013,10.677219343942514,10.44809418397013,10.597025871276855,3827583,45.930290624670896,45.17796444418665,43.03617741472387,39.65788290899748,37.74025187769531,2.71,96.0,-0.7,-0.42
RTX,2000-03-29,10.516827129580866,10.677215122583206,10.322072265009835,10.562652587890625,3656607,44.64233092475126,44.504855499714004,42.311033453573074,39.56768751170932,37.74110972325707,2.7,83.0,-0.71,-0.38
RTX,2000-03-30,10.53974776921528,11.36459774921754,10.53974776921528,11.250036239624023,6609287,47.8387892752633,45.599607649715935,43.3909942378499,40.24943252250133,38.26337598670905,2.7,97.0,-0.77,-0.38
RTX,2000-03-31,10.997989376827963,11.822838691198234,10.952163921104392,11.582257270812988,8862489,47.40084686641585,45.76849968961827,43.61095845229736,40.32437717413902,38.351899354187125,2.7,100.0,-0.83,-0.43
RTX,2000-04-03,11.582257176794146,11.708276067929258,10.952163832200325,11.341675758361816,6804734,46.69263665401576,44.99224614926041,43.55799698193105,40.32661432048937,38.40557638560781,2.69,97.0,-0.87,-0.42
RTX,2000-04-04,11.547889290102061,11.708276162971059,10.917794829311713,11.582257270812988,4932256,46.685052631841074,44.482796229215964,43.54004208886181,40.39367969542356,38.460179317644275,2.69,96.0,-0.91,-0.43
RTX,2000-04-05,11.410415716770583,11.502065530652082,11.08964081264438,11.181290626525879,4320809,47.84460255472274,45.00770474371167,43.93210087142232,40.43320709779642,38.615807076571095,2.68,100.0,-0.94,-0.48
RTX,2000-04-06,11.192750026701145,11.479155911615829,11.135468183068877,11.272943496704102,3677264,46.23892624255398,44.796206647924045,43.944234343580746,40.446700961857154,38.59476516711905,2.67,100.0,-0.96,-0.48
RTX,2000-04-07,11.272940315320731,11.341677397198657,10.997990876727123,11.16983413696289,3918792,45.99044595637002,44.57501101412083,43.95775004563362,40.40155849218035,38.6030391035929,2.66,100.0,-0.98,-0.48
RTX,2000-04-10,11.169832502489326,11.731188774108887,11.135463411038616,11.731188774108887,5824003,47.47909421018285,45.6807994921947,44.26729770649528,40.82496906992109,38.916267981638114,2.65,100.0,-1.02,-0.49
RTX,2000-04-11,11.524977093827005,12.051964303546473,11.490608000449061,11.777013778686523,7272853,47.398722326545595,45.45635448142347,44.26919030318543,40.8280351966796,38.73832269575411,2.64,100.0,-1.05,-0.49
RTX,2000-04-12,11.754102160849696,11.960313387871956,11.754102160849696,11.777013778686523,7556013,47.358133594442734,45.3186773795827,43.92071635868589,40.775520293696225,38.6004788767727,2.61,95.0,-1.08,-0.42
RTX,2000-04-13,11.754101081839885,11.857206130345215,11.146920487725332,11.15837574005127,7534085,50.60349156069667,46.16209023974395,44.60934109638116,41.16872455219281,38.969061157767875,2.58,100.0,-1.1,-0.43
RTX,2000-04-14,10.471003384366817,10.814689897122465,10.276247397516782,10.310616493225098,8042882,56.082555498123234,48.71849037344168,45.78275368557429,42.0897003891122,39.69080719083244,2.57,100.0,-1.09,-0.16
RTX,2000-04-17,10.631392192984263,10.94071077690211,10.562655100252101,10.917798042297363,4419009,57.01255675610728,49.94458631732253,46.44061782918854,42.64335813276197,40.06148298120976,2.58,100.0,-1.1,-0.18
RTX,2000-04-18,10.768871762449502,11.066734097252061,10.413727568406536,10.642852783203125,4291571,57.71188616492356,50.17169594903584,46.625595543120184,42.72659895093941,39.97932874451375,2.59,100.0,-1.1,-0.22
RTX,2000-04-19,10.83760323093317,11.444783955757744,10.768866146771764,11.204203605651855,4810539,58.53976260786894,50.04340455747416,47.249087501486606,43.1564241082037,40.30692742485359,2.61,100.0,-1.12,-0.28
RTX,2000-04-20,10.997993105386572,11.84575432394635,10.97508036975687,11.742648124694824,7115542,58.84356233349851,50.911494836217244,47.71412903693623,43.5142801380085,40.576551471119174,2.64,100.0,-1.13,-0.34
RTX,2000-04-24,11.914487585738936,12.120699898653767,11.7311879989439,11.89157485961914,8239918,58.811762679436285,50.44812259292411,47.3615883444764,43.52727475261977,40.59682794621879,2.67,99.0,-1.15,-0.29
RTX,2000-04-25,11.914491591147115,12.04051051608931,11.605173017788296,11.834298133850098,5261179,58.92568094290775,49.037743222911736,47.18930578386643,43.50840195678481,40.46096145168861,2.69,97.0,-1.17,-0.25
RTX,2000-04-26,11.765558662379096,11.822840490752425,11.112553596496582,11.112553596496582,5925699,62.4221184212177,50.850037757875796,48.234234137727206,44.08164686544059,40.94026696947415,2.73,100.0,-1.18,-0.28
RTX,2000-04-27,11.089639332540052,11.513520359593924,10.997989530890806,11.364588737487793,3638492,59.08891165072245,50.961228155117254,48.178817610698246,44.12144534111231,41.00519752131774,2.77,99.0,-1.19,-0.27
RTX,2000-04-28,11.364583407974385,11.524971318956682,11.135458455760386,11.39895248413086,2216973,57.01932690587089,50.96062615517114,47.87100722219007,43.732151741026776,41.00330782941193,2.79,98.0,-1.21,-0.21
RTX,2000-05-01,11.26148257174717,11.662450870618287,11.1812891341893,11.364588737487793,3667094,55.40862287391188,50.840512443814,47.4443177283457,43.68777481461771,40.930582942500756,2.81,96.0,-1.23,-0.15
RTX,2000-05-02,11.444783829830156,11.708278019866524,11.28439693152431,11.502065658569336,4782890,55.03909975297111,50.41493074617649,47.03452662334447,43.64025328891981,40.94779917665039,2.83,92.0,-1.25,-0.08
RTX,2000-05-03,11.227112101824614,11.398955302939,11.101093235836021,11.238567352294922,2444518,55.534294255664406,50.68952202172642,47.12288947187018,43.690800176012786,40.99855042775105,2.85,92.0,-1.26,-0.1
RTX,2000-05-04,11.261482072400613,11.410413687902949,10.99798904322782,11.31876277923584,5121347,55.245400042242935,50.6764261162975,47.13162790168752,43.692133311752166,40.992084780800944,2.85,92.0,-1.27,-0.1
RTX,2000-05-05,11.364588704306186,12.086331862383249,11.295851631040387,11.971769332885742,5380672,56.06606151625697,51.76533706895526,47.951943642084196,44.18672702674338,41.37751760733626,2.87,98.0,-1.28,-0.18
RTX,2000-05-08,11.925952524452578,12.269639219059345,11.353139514970524,11.410421371459961,6002289,57.5627917467223,52.7914923344857,48.50063687233637,44.5035468463214,41.601578841503326,2.9,100.0,-1.29,-0.24
RTX,2000-05-09,11.433329032661161,11.639540291127828,11.284397383061824,11.4562406539917,3826948,57.553497733318004,52.15519517670424,48.49687072043161,44.302109658266886,41.58914517492387,2.92,99.0,-1.31,-0.24
RTX,2000-05-10,11.536434698463179,11.639539767517292,10.814690326429007,10.952165603637695,6842552,59.17930271925941,52.60149235591513,48.99888560737189,44.606446393425735,41.779149078467306,2.95,100.0,-1.31,-0.3
RTX,2000-05-11,11.295852268157976,11.822839489137355,11.25002792042341,11.639538764953613,4171761,61.63676917568197,53.35663351402692,49.82938635956236,45.18275313064664,42.230358320702734,2.99,100.0,-1.32,-0.35
RTX,2000-05-12,11.662451245175179,11.89157631219787,11.524977093827005,11.777013778686523,3846016,59.0499442890856,53.372465046370976,49.703753667931736,45.20568025304769,42.14071161681879,3.02,99.0,-1.33,-0.32
RTX,2000-05-15,11.639541925443298,11.914492530835453,11.639541925443298,11.742648124694824,3619424,58.47700486259741,52.90882649599289,49.695078324772496,45.09437233249775,42.05739799863638,3.05,98.0,-1.35,-0.32
RTX,2000-05-16,11.891582445890577,12.177988371856566,11.788476223656232,12.132164001464844,3461160,58.832038595376346,52.724925168165285,49.88803609172321,45.18520590539152,42.02314598975953,3.07,100.0,-1.35,-0.35
RTX,2000-05-17,12.08849271780313,12.08849271780313,11.88165425429533,11.985074043273926,3440503,58.69936787684973,52.70040419947222,49.63775407111925,45.203393713218546,42.02549948524951,3.09,96.0,-1.36,-0.31
RTX,2000-05-18,11.939109484434326,12.111473567494354,11.835690811708435,11.93049144744873,2936472,57.71274676825028,52.601477477351686,49.50919694539527,45.156698923449724,41.83726595998237,3.11,95.0,-1.37,-0.28
RTX,2000-05-19,11.6748185560305,11.743765091765118,11.330090335155607,11.467982292175293,3433829,58.92491468280956,52.71369261371085,49.25439175080245,45.3965982421385,41.99177802336473,3.13,94.0,-1.37,-0.26
RTX,2000-05-22,11.582895914955893,11.582895914955893,11.330094095590326,11.387548446655273,5487770,58.89725378807286,52.602779764003635,49.247364285349924,45.40342087213975,41.99357076208742,3.15,93.0,-1.36,-0.26
RTX,2000-05-23,11.479469824314883,11.479469824314883,11.111759503106336,11.180706024169922,5133741,57.30221617850347,52.681839055670864,49.31384593407317,45.34864284352471,41.98279738254668,3.17,94.0,-1.35,-0.27
RTX,2000-05-24,11.376046229117902,11.376046229117902,10.847462035523876,11.008336067199707,7510885,57.41684354362873,52.80738473033447,49.319623366387304,45.382421073745434,42.008271671987366,3.18,94.0,-1.34,-0.26
RTX,2000-05-25,11.008341849631277,11.008341849631277,10.74405017123227,10.916414260864258,5905995,57.43971975538905,52.84629014286336,48.94894507338526,45.37300046479767,41.82291040856562,3.19,89.0,-1.33,-0.21
RTX,2000-05-26,11.054307937196196,11.054307937196196,10.732560768760086,10.835979461669922,2667613,55.364744562835014,52.88382650609987,48.51037589327989,45.28236616454233,41.82880451043894,3.18,88.0,-1.33,-0.15
RTX,2000-05-30,10.790014047694667,10.950887058956253,10.617649947850182,10.847468376159668,5636183,50.178027609746486,52.766031716263214,48.4054361405376,45.27759448819415,41.78499385196392,3.17,85.0,-1.33,-0.13
RTX,2000-05-31,10.83598110278543,11.284129211416866,10.790016736997691,11.111763954162598,4507675,47.85647238174826,52.35472014032116,47.98096957113984,45.368940613348364,41.817584677574565,3.16,82.0,-1.33,-0.08
RTX,2000-06-01,10.847469878575732,11.376054454352543,10.675105754858158,11.341582298278809,5209695,47.53225442713387,52.45686951695336,47.6892708296665,45.421601711056965,41.798672241517984,3.15,78.0,-1.32,-0.03
RTX,2000-06-02,11.548419725000233,11.927621244025271,11.513946454379907,11.605874061584473,4972617,45.65043838482815,52.268517560503845,47.8071931406952,45.470703426418105,41.801664780605115,3.14,79.0,-1.32,-0.06
RTX,2000-06-05,11.238162691471635,11.318599201732162,10.98536095699621,11.16921615600586,3889554,44.90706717304684,52.67085987047757,48.0493881667724,45.67249761826947,41.94797957424529,3.14,82.0,-1.31,-0.09
RTX,2000-06-06,11.169214766437625,11.387543206017797,11.0543061171896,11.318597793579102,2998443,44.92635989611336,52.63954915127709,47.96000206694993,45.634788403414554,41.93509232003578,3.13,80.0,-1.31,-0.07
RTX,2000-06-07,11.330086399974332,11.444996138505203,11.008339354977725,11.03132152557373,3076622,45.45930395197178,52.98785426907,48.094088172988045,45.73314453656497,41.86820622735844,3.11,82.0,-1.29,-0.09
RTX,2000-06-08,10.663615670639071,10.709580035672957,10.295905208166936,10.468269348144531,11416329,44.32756052102974,54.100442059388,48.67096914503097,45.93655423099483,42.029474982556074,3.11,88.0,-1.28,-0.15
RTX,2000-06-09,10.571688611486998,10.90492693217425,10.548706427760333,10.790017127990723,6127184,44.75933546260799,52.22278677341975,48.85711149043199,45.76818936383001,42.120868668287905,3.1,88.0,-1.27,-0.19
RTX,2000-06-12,10.801506062719994,10.870451485681324,10.709578460621698,10.715323448181152,2804267,44.760655335275636,50.976678058439404,48.58442295880179,45.67914689302954,42.10839526333455,3.09,86.0,-1.26,-0.14
RTX,2000-06-13,10.801504584703876,10.812995672699985,10.479757464161086,10.514230728149414,4267418,45.02746185452593,50.35215785328887,48.54149609064911,45.68707982241147,42.14992544247178,3.08,85.0,-1.26,-0.13
RTX,2000-06-14,10.663613013842859,11.077287738283491,10.663613013842859,10.985360145568848,5128021,46.83238857151541,50.839906794419996,48.9203448221229,45.96568147891293,42.29488306887267,3.07,88.0,-1.26,-0.18
RTX,2000-06-15,10.996853520820794,11.353072877361642,10.835980478728093,10.962381362915039,3457028,46.38219618624209,50.80110397563651,48.89369453823259,45.80340201946754,42.23543252525966,3.06,87.0,-1.26,-0.18
RTX,2000-06-16,10.87044709672662,11.0772843965494,10.698083051690679,10.824483871459961,5740739,46.44198788029503,50.74873916410327,48.18100376704612,45.73684702322032,42.228104696813176,3.05,77.0,-1.26,-0.11
RTX,2000-06-19,10.893433485365778,10.904924574744964,10.353358971241375,10.548704147338867,6803780,43.59750415773933,50.19895467394749,48.35939049047441,45.75468588894115,42.2903382801095,3.03,78.0,-1.26,-0.14
RTX,2000-06-20,10.479761833839051,10.502744019414001,10.135033508014342,10.226961135864258,8663546,42.37172426509897,50.38465623614652,48.33698447365678,45.89982387051275,42.34735351219351,3.02,77.0,-1.25,-0.14
RTX,2000-06-21,10.50273411024605,10.560189519975133,10.1809871591097,10.456770896911621,4428543,42.982236540680226,50.57865284050597,47.65287492103719,45.7595094138494,42.38281963869891,3.02,64.0,-1.21,-0.1
RTX,2000-06-22,10.663618420598164,10.663618420598164,10.226962412419056,10.387835502624512,4195278,41.126141117997015,50.576773816414814,47.62751640261594,45.68341649828588,42.32460469987671,3.01,63.0,-1.18,-0.09
RTX,2000-06-23,10.387827568889646,10.525719479786119,10.261426743438644,10.491246223449707,2465810,36.80722521883966,50.61620773947251,47.60239876794434,45.62576739254453,42.28020862090747,3.0,62.0,-1.15,-0.08
RTX,2000-06-26,10.617647048900709,10.663610276233417,10.387827568889646,10.491246223449707,2383500,36.54212397917937,48.875209132859815,47.6024551281984,45.57465644191133,42.27034444074619,2.98,62.0,-1.12,-0.08
RTX,2000-06-27,10.479763141949062,10.686600609041808,10.353363334409073,10.387835502624512,4823568,36.5826882370426,48.4957658234539,47.564671840570405,45.560530092307566,41.899345302867005,2.97,60.0,-1.08,-0.07
RTX,2000-06-28,10.387831201363122,10.606159672275005,10.330376868493998,10.430922508239746,4080870,34.99512374584867,48.34456535217993,47.31215652314006,44.99075872343242,41.66671487965707,2.95,57.0,-1.03,-0.03
RTX,2000-06-29,10.307393527922173,10.318884616090862,9.96266422620977,10.020119667053223,5517644,36.404073013840446,48.75837253170179,47.75800098760919,45.06803294615411,41.83873647102973,2.94,66.0,-0.99,-0.1
RTX,2000-06-30,10.100553322080232,10.844592991473336,9.928189277044291,10.824483871459961,8059726,43.6692921891274,50.92358258164199,49.27190417334633,45.94230757968645,42.53293427651922,2.94,92.0,-0.93,-0.08
RTX,2000-07-03,10.571688985067901,10.583180077337303,10.18099630570754,10.422307014465332,2695897,43.550769069036946,51.45834221220041,49.64798392766742,46.05221785311757,42.69542079462075,2.94,96.0,-0.86,-0.14
RTX,2000-07-05,10.755542798742233,10.881942554859563,10.594668659534474,10.801506042480469,4492739,44.96372690236286,51.98543499233202,49.91597521085177,46.23417160143208,42.84920985163217,2.95,100.0,-0.79,-0.19
RTX,2000-07-06,10.80150452243972,10.870449935569525,10.59466716860089,10.606158256530762,3962330,44.96116693056679,51.06449726906684,49.662911507156345,46.19902228475087,42.88398923589432,2.95,95.0,-0.75,-0.16
RTX,2000-07-07,10.652124107269236,10.835979311121326,10.617650838628379,10.801506042480469,4541680,45.12753105074053,51.215954641593974,49.37077737806299,45.966051027951664,42.923410094312395,2.95,91.0,-0.67,-0.11
RTX,2000-07-10,10.812999630555652,10.950890508081976,10.709580915185994,10.904927253723145,4699944,45.158760024208085,51.26461610471495,48.97540339286928,45.97533355084352,42.93341626799928,2.94,84.0,-0.59,-0.04
RTX,2000-07-11,10.91641178704286,11.042812610871733,10.767028792617978,11.03132152557373,5405460,45.22365971012965,50.13475156545788,48.998968709907714,45.928726452681886,42.87364526456613,2.93,85.0,-0.5,-0.04
RTX,2000-07-12,10.881942338116316,11.100270806260664,10.709578227244272,11.077288627624512,6174854,45.23533863791654,47.37075509658746,48.65612878980997,45.8082592699428,42.81843492118543,2.91,77.0,-0.44,0.03
RTX,2000-07-13,11.077289461593862,11.19219924897622,11.008344034944303,11.12325382232666,5045393,44.70615276309417,45.916121043922196,48.35218919021405,45.783977433230746,42.795187166788864,2.9,69.0,-0.34,0.08
RTX,2000-07-14,11.215179863552672,11.353070697600378,11.100270092213265,11.23816204071045,2694626,44.397770314410536,45.64158699362249,48.26922743642447,45.794335266879536,42.75624957538244,2.88,67.0,-0.25,0.1
RTX,2000-07-17,11.192200153976167,11.203691245088534,11.077290357302218,11.128999710083008,2327567,43.9144038800059,44.45734273264023,48.23860267385882,45.43401424589722,42.718461774109656,2.86,66.0,-0.14,0.11
RTX,2000-07-18,11.077287918918632,11.077287918918632,10.732559719229664,10.847468376159668,3181496,43.13175156715665,43.657181787205005,48.05774924617972,45.21789411866803,42.783877306608325,2.84,61.0,-0.0,0.13
RTX,2000-07-19,11.031326875397331,11.111763397043209,10.525724449330772,10.571687698364258,6564477,43.49267945793105,43.84191885518651,48.17208649728842,45.28764733714977,42.74276365453872,2.82,62.0,0.13,0.11
RTX,2000-07-20,10.57168632609724,10.663613926681172,10.456777661204493,10.548704147338867,6670940,42.921961616303115,43.83787926900367,48.08505753931268,45.28183531495291,42.74287825254394,2.8,60.0,0.27,0.14
RTX,2000-07-21,10.548704301346664,10.847469286218706,10.548704301346664,10.801506042480469,5604721,40.68757717102536,42.25431945630099,48.213395154272284,45.363840273750945,42.773527896751126,2.77,64.0,0.44,0.1
RTX,2000-07-24,10.778526489038622,10.939399536352003,10.732562124406384,10.858963012695312,2675876,39.762000573353966,42.002933635158904,48.213101579775845,44.98549154939485,42.776312446807104,2.74,63.0,0.63,0.1
RTX,2000-07-25,10.847471292616968,11.031327644925549,10.68659823810296,10.709580421447754,3711904,39.920095444238704,42.0803620946646,48.2744332729519,44.97758516894236,42.796921522210276,2.7,67.0,0.83,0.09
RTX,2000-07-26,10.75554264171466,10.75554264171466,10.468267636134122,10.548704147338867,4762869,39.77815982081936,42.17785794269869,48.2570232665192,45.00798444089949,42.784470551111966,2.67,65.0,1.02,0.1
RTX,2000-07-27,10.57168769836426,10.686597492622527,10.35336031516822,10.571687698364258,4938294,37.57011474578848,42.09376351906814,47.897826321678735,44.91078109523583,42.7198216102687,2.61,50.0,1.21,0.16
RTX,2000-07-28,10.571688761451036,10.617653129556391,10.353361356300042,10.560198783874512,3164335,37.56935117910144,41.84854081531231,47.87987733144608,44.848874707121865,42.638960848491784,2.55,49.0,1.42,0.17
RTX,2000-07-31,10.663615518556982,10.985362725856284,10.652125541912117,10.732562065124512,2525557,37.737841126189394,41.96525764290179,47.74896701541875,44.8876358792279,42.668624004962666,2.48,45.0,1.55,0.19
RTX,2000-08-01,10.870450440260747,10.939396971041004,10.778523961452674,10.8934326171875,4869967,37.184926123969035,40.39597280044032,47.60862929254286,44.91850304317335,42.681927999616384,2.41,40.0,1.32,0.21
RTX,2000-08-02,10.870451812064044,10.91641617171805,10.67510551243374,10.698087692260742,2790602,36.39938955018662,39.37888774976101,47.65732966019099,44.96073811802244,42.71087265854071,2.34,42.0,0.98,0.21
RTX,2000-08-03,10.698088121120927,10.73256139224338,10.445286361788913,10.502741813659668,3971864,36.29510524898476,39.52339800003412,47.76487243278944,44.814930550048146,42.74759999436092,2.26,46.0,0.22,0.19
RTX,2000-08-04,10.583176682101495,10.858960579192043,10.479757999304908,10.847468376159668,5454719,37.40041976587008,39.057334218433915,47.935175985893174,44.976192479578565,42.864489609141486,2.16,50.0,-0.64,0.15
RTX,2000-08-07,10.93939760137043,11.215180397033691,10.778524582512578,11.215180397033691,4671342,38.46255178818356,37.60011354276059,46.71906539025248,44.948273997501644,42.98034703555945,2.1,25.0,-0.7,0.1
RTX,2000-08-08,11.20369109064037,11.307109794776277,11.03132695523043,11.261146545410156,4082141,38.46026638833065,37.525299626666346,45.87877554691996,44.85892074377234,42.93633327759744,2.06,22.0,-0.69,0.2
RTX,2000-08-09,11.35306887775222,11.35306887775222,11.10026831288795,11.192195892333984,3856185,38.371317191646234,37.53907021758607,45.36505538832049,44.525576354804016,42.91070931975587,2.03,20.0,-0.71,0.29
RTX,2000-08-10,11.23816204071045,11.444999406231489,11.192197686394895,11.23816204071045,4483522,38.371166690444504,36.90373326437928,45.176363184057365,44.39623589280942,42.62643420396984,2.01,19.0,-0.69,0.34
RTX,2000-08-11,11.272634844754979,11.272634844754979,11.065798581706282,11.16921615600586,3590822,36.29468723418556,36.848073275492766,45.16022196162957,44.40320579897949,42.597125391484134,1.99,18.0,-0.66,0.34
RTX,2000-08-14,11.077288706248856,11.21518066459495,11.05430764189914,11.203689575195312,2162947,28.822523022058853,36.85135106259552,45.07560205556354,44.362395598376956,42.545843095140576,1.95,17.0,-0.64,0.36
RTX,2000-08-15,11.215180268111338,11.261144624084938,10.985360717142376,11.042816162109375,3820274,26.79722737824691,36.08298717532794,44.583509501810006,44.34861309605359,42.54507804904719,1.92,15.0,-0.62,0.46
RTX,2000-08-16,11.215175131893456,11.238157299355105,11.06579327229076,11.14622974395752,2483289,24.929715598613413,36.11462909164192,44.45178859202657,44.119244418970645,42.55032909007625,1.89,14.0,-0.58,0.49
RTX,2000-08-17,11.192197084858194,11.559908556271145,11.077287319694735,11.490962028503418,5713726,25.640392205524964,36.460045077318725,44.69413962466543,44.14808675375604,42.65185764384272,1.86,16.0,-0.59,0.43
RTX,2000-08-18,11.571405624589811,11.571405624589811,11.307112693786621,11.307112693786621,2451191,25.76092369645025,36.47133726945606,44.765922070962525,44.16876612054808,42.64730470271983,1.83,16.0,-0.57,0.41
RTX,2000-08-21,11.422019295173486,11.720784308918992,11.39903711385852,11.674819946289062,4603969,27.153479189892003,36.98915794431199,45.03674276294215,44.217392417969556,42.61972615266055,1.77,16.0,-0.59,0.34
RTX,2000-08-22,11.720785140991213,11.812712758327441,11.502456631899008,11.720785140991211,4831831,27.017541293810147,36.95060132648466,43.92772402549614,44.033747636029595,42.616311405664845,1.76,5.0,-0.65,0.43
RTX,2000-08-23,11.711560419801916,11.872940842974739,11.504073220791435,11.82106876373291,5125161,27.077028526511675,36.98007465032473,43.70645943011168,43.787586240667345,42.61355149877924,1.76,3.0,-0.66,0.49
RTX,2000-08-24,11.826827585085683,11.988206817107613,11.550175875967614,11.665447235107422,4846768,27.433702312490677,36.79472235754204,43.62813521760369,43.55030971114351,42.63299791225717,1.75,2.0,-0.7,0.51
RTX,2000-08-25,11.734609603408774,11.792245841956841,11.538648628258,11.665447235107422,2663482,27.312216318500056,36.56597900435846,43.50158277076179,43.51172590831487,42.547637581334165,1.76,1.0,-0.71,0.55
RTX,2000-08-28,11.65392510059939,11.803778268616654,11.5271264381166,11.769196510314941,3427791,27.193062670629498,36.30675296329235,43.15241064696631,43.52110534939182,42.49942054965941,1.77,1.0,-0.76,0.63
RTX,2000-08-29,11.723087326049697,11.723087326049697,11.504071783507683,11.538652420043945,2841768,26.728859283441764,35.657605039401766,43.254209762255854,43.58665802149659,42.541390545577315,1.79,2.0,-0.79,0.61
RTX,2000-08-30,11.527127577035458,11.527127577035458,11.158259923865783,11.250476837158203,3267937,26.68754187482742,35.944062234663825,43.4187207350685,43.64565986244494,42.57691819765071,1.8,3.0,-0.8,0.56
RTX,2000-08-31,11.250472062639192,11.550177183138763,11.238944813625002,11.515595436096191,4003327,27.347663893570346,35.85567424422889,42.86861685019416,43.72675833040331,42.642427736929484,1.83,1.0,-0.77,0.64
RTX,2000-09-01,11.561706557718983,11.573233808852404,11.35421827323072,11.434907913208008,2256380,26.764262640283338,34.15070419098033,42.87722361346986,43.71119380310338,42.647777228356745,1.86,2.0,-0.74,0.64
RTX,2000-09-05,11.273530576766461,11.434909884542208,11.25047607052511,11.296585083007812,2836047,27.04875662391366,33.72697790000204,42.918599555934094,43.677846699048715,42.584139108227006,1.88,3.0,-0.7,0.63
RTX,2000-09-06,11.285057483875077,11.826832774151127,11.27353023110784,11.769196510314941,6319771,28.977012969337157,34.67604924072077,42.54843633866609,43.83890582526271,42.78128138638645,1.92,1.0,-0.75,0.63
RTX,2000-09-07,11.96516049733027,12.091959190819624,11.642400694792412,11.711563110351562,7694256,28.56504591291258,34.43998580381918,40.60353178238705,43.83467048771794,42.768457922510734,2.03,1.0,-0.76,0.39
RTX,2000-09-08,11.688505590768193,11.688505590768193,11.227420001931009,11.411853790283203,5216369,29.810832557667,33.76384836885546,39.825175656498615,43.91279745284694,42.77091924872358,2.17,1.0,-0.77,0.45
RTX,2000-09-11,11.411850959449504,11.676975442650884,11.388796462135224,11.596285820007324,4664668,30.04138903616491,33.90533403861126,39.6818962412794,43.75715538838774,42.79670381116964,2.29,1.0,-0.77,0.47
RTX,2000-09-12,11.457959954078065,11.619340317321605,11.331161336805945,11.596285820007324,4704393,29.79473874709707,33.78757037693123,38.84551905570498,43.66780814586677,42.796567763733215,2.44,1.0,-0.81,0.62
RTX,2000-09-13,11.607817649841309,11.665452797917052,11.504073488939481,11.607817649841309,5041579,29.567635262492242,33.31749145867749,38.12066477578203,43.24912837816306,42.7868375153636,2.6,1.0,-0.79,0.77
RTX,2000-09-14,11.803778648376465,11.872941049248212,11.769196888962163,11.803778648376465,8179854,29.22006210153655,32.75551302267997,38.16144551936506,43.2819777313125,42.79458935344747,2.75,2.0,-0.8,0.75
RTX,2000-09-15,11.988213627055552,12.414717562763034,11.74614352355753,11.792252540588379,16632063,28.5229340474812,32.49961765843349,38.154129322505185,43.27234838198912,42.77487843341425,2.88,2.0,-0.8,0.76
RTX,2000-09-18,11.895995523364753,11.988212430263403,11.642398190925832,11.872941017150879,7687900,27.242938377155333,32.46406506937277,36.810540201636385,43.25007443064281,42.72978367443645,3.05,1.0,-0.84,0.73
RTX,2000-09-19,11.965153092953244,11.965153092953244,11.354215632701127,11.550176620483398,9907415,27.069193401832997,32.98936183526584,36.91337496589727,43.12303279333823,42.81759848854164,3.2,2.0,-0.86,0.74
RTX,2000-09-20,11.619347301577424,11.780726643867807,10.881609651813383,11.711563110351562,16404518,27.31433252892323,33.083002347655174,36.97494743803043,42.863564903767035,42.670389758506,3.34,3.0,-0.89,0.71
RTX,2000-09-21,11.342694041290946,11.6308720424636,11.29658614244094,11.481019973754883,7242344,27.923420950799997,33.29667686197804,37.10978337310926,42.86270066497605,42.4790041233313,3.47,4.0,-0.9,0.67
RTX,2000-09-22,11.573241936585957,12.126544789784099,11.285063809736748,12.080435752868652,12751407,31.465387523222493,34.79000208850434,37.93147335847182,42.92836033856946,42.705579584141326,3.57,5.0,-0.89,0.54
RTX,2000-09-25,12.172646293852896,12.541513922956343,12.149591787544717,12.310972213745117,8637804,31.709973045130862,33.79080155605984,37.85128350098222,42.74156314754782,42.70589492772849,3.66,5.0,-0.81,0.53
RTX,2000-09-26,12.380136489868164,12.587624842155256,12.28791956862468,12.380136489868164,5933008,31.71726459545218,30.097214194410654,37.84575355367361,42.73155466795223,42.6977600866782,3.76,5.0,-0.72,0.54
RTX,2000-09-27,12.414714560590891,12.910380784023843,12.29944316384609,12.691365242004395,9919491,31.84613305811056,29.2602106870889,37.00120886260852,42.73587851999481,42.64412243312518,3.86,4.0,-0.35,0.58
RTX,2000-09-28,12.818167870839815,13.440632935791253,12.72594983044075,13.18703556060791,10719712,33.29223340662445,29.386693834401584,36.650826431250664,42.89084910286361,42.743447256997264,3.96,1.0,0.61,0.52
RTX,2000-09-29,13.094814941663135,13.210086341665248,12.656783845246451,12.795109748840332,5851651,33.98912327970295,29.85827920862964,36.990080420318414,43.02842425603018,42.78695589981809,4.05,5.0,0.61,0.45
RTX,2000-10-02,12.70289309100986,12.864272383269734,12.449295782650921,12.587621688842773,6009916,34.00028247744689,29.95157837997561,36.35532219144319,42.99015404241043,42.819355330353076,4.15,1.0,0.46,0.51
RTX,2000-10-03,12.679836819783581,13.394518519248221,12.622200567754488,13.025650978088379,5761078,34.1660195100658,30.616751877402365,35.48079712757129,43.1258338144758,42.77729316777915,4.25,1.0,0.57,0.42
RTX,2000-10-04,13.048706462805663,13.279249272144282,12.944962310398962,13.01412582397461,5348574,34.19107875563039,30.574119033462555,35.441221174962195,42.934705277169385,42.71893709258818,4.35,1.0,0.6,0.45
RTX,2000-10-05,12.968024821596618,13.452164125757895,12.95649868017435,13.417583465576172,5243382,35.056675448279506,31.09902510577766,35.743580574376345,42.983134704746014,42.771109745370964,4.43,3.0,0.88,0.34
RTX,2000-10-06,13.440635395606172,13.45216153480845,13.175510716851603,13.279254913330078,5167428,34.941339117705155,31.221980011939053,35.43555786018595,42.933867190961216,42.751180306949124,4.51,1.0,0.97,0.45
RTX,2000-10-09,13.233145705909847,13.429106822504693,12.81816896066026,12.921913146972656,4289664,36.10926043580923,31.78918006508553,35.65765166565329,43.043467464284376,42.8186459643267,4.58,4.0,0.85,0.4
RTX,2000-10-10,12.96801900285488,13.34841503783007,12.887329341359642,13.244670867919922,5977818,36.60406734209155,32.01235709070196,35.848190830648875,42.64428007461779,42.43856538798562,4.65,6.0,0.79,0.32
RTX,2000-10-11,13.187035560607908,13.440632935791253,13.083291383116002,13.18703556060791,7166390,36.0036157099368,31.495590298493614,35.26468150400839,42.6495085055197,42.299695148107055,4.72,1.0,0.62,0.4
RTX,2000-10-12,13.16398238578087,13.244673179314825,12.437773069675355,12.54151725769043,7409507,38.43216250623031,32.826937058331545,36.18081275579888,42.89964473154068,42.58338765231962,4.78,8.0,0.45,0.36
RTX,2000-10-13,12.495406572002857,12.944963874789424,12.472352064691519,12.852746963500977,5623471,38.48807084859857,33.10696089434856,36.23838725220463,42.46785638693576,42.55566385533765,4.82,9.0,0.25,0.32
RTX,2000-10-16,12.875806118886658,13.336891959734507,12.829698205576259,13.290782928466797,5026960,39.29462582593034,33.42533128594478,36.490718510079404,42.61384043814361,42.67220067687694,4.86,11.0,0.13,0.25
RTX,2000-10-17,13.336887145211458,13.359941652522798,12.852746963500977,12.852746963500977,4155871,40.571785351503294,34.269676332458424,36.88660026156388,42.79202883239835,42.74860439592871,4.89,14.0,-0.04,0.17
RTX,2000-10-18,12.829694268182308,12.9795463378986,12.50693450223426,12.610678672790527,8593630,39.57205065106994,34.39296325082915,37.00490185530489,42.86083450457542,42.58440683303182,4.92,19.0,-0.16,0.14
RTX,2000-10-19,12.403189103816555,12.749002226132145,11.803778648376465,11.803778648376465,8704542,44.242929771848004,37.01157574700113,38.53142556345196,43.55609767497042,43.10481377594351,4.94,27.0,-0.19,0.29
RTX,2000-10-20,11.365746713201371,12.391660991818107,11.042987001575453,11.988211631774902,54523993,43.73867665880036,37.11686707096406,38.423802546234676,43.43153843567759,43.081833716312254,4.95,27.0,-0.24,0.32
RTX,2000-10-23,12.103486446405665,12.172648861964815,11.619347301577424,11.711563110351562,16488100,44.10046897454007,37.47699902346534,38.48117640570457,43.52596030955878,43.05450473424342,4.96,28.0,-0.26,0.31
RTX,2000-10-24,11.803781605118779,11.942106441511415,11.68851016282016,11.93057918548584,11852669,44.41425579899435,37.51858188184437,38.420055510174926,43.56983882703702,43.07156628481105,4.97,27.0,-0.29,0.33
RTX,2000-10-25,11.953630703258058,12.057374863544107,11.71156062327166,11.803778648376465,10445133,44.54199220992752,37.50269877398537,37.96033434021165,43.58094279003004,43.08371327711218,4.99,24.0,-0.31,0.42
RTX,2000-10-26,11.895989840784521,12.403183145424991,11.872935345583517,12.264857292175293,6841916,45.6484852474255,38.03247366304292,38.37974776597084,43.778488669550654,42.96652738199991,4.99,28.0,-0.39,0.32
RTX,2000-10-27,12.357081594630927,12.449298512998016,12.103485348610677,12.403190612792969,5466796,45.732865711439445,37.82779827204331,38.17757205030904,43.56876378123398,42.74376323844848,5.0,28.0,-0.47,0.37
RTX,2000-10-30,12.449290337653133,12.910375744654642,12.43776309068247,12.702887535095215,5975593,46.16443854067855,37.58570351257948,37.36496308364654,43.42062389455828,42.7808057620682,5.0,21.0,-0.55,0.39
RTX,2000-10-31,12.72594885390773,12.93343831092676,12.426244717436905,12.875802040100098,7522326,45.38791572170335,37.110663760282605,37.13549304806229,43.18775997856037,42.79655146880911,5.01,21.0,-0.63,0.46
RTX,2000-11-01,12.760530130546801,12.852747042401349,12.529988409888887,12.65678596496582,4221337,45.66893093662029,37.32176253617007,37.23171736612173,43.24278318640063,42.82807197795465,5.01,22.0,-0.7,0.43
RTX,2000-11-02,12.702896505460918,12.829695193723001,12.541516051866344,12.679841995239258,2740707,45.17155530058457,37.28370743072426,37.0847526219813,43.0290912451895,42.53261001514834,5.02,20.0,-0.76,0.47
RTX,2000-11-03,12.587624842155256,12.691369018298802,12.091958471237652,12.380136489868164,4449200,43.49666616815818,37.65920179732292,36.69095658394785,42.941834644412445,42.57320451482267,5.02,13.0,-0.8,0.54
RTX,2000-11-06,12.483879870306613,12.910383802596096,12.460825361975946,12.875802040100098,3990932,44.617619230550844,38.40175862684731,37.18051123160111,43.111445184366936,42.742802134136475,5.01,24.0,-0.87,0.42
RTX,2000-11-07,12.864271823418182,12.864271823418182,12.449295240859099,12.553040504455566,3379803,45.26897605074141,38.82013680162978,37.35930670201234,43.18951174661881,42.746692865777625,5.01,26.0,-0.91,0.37
RTX,2000-11-08,12.553037815231376,12.622199073565948,12.38013019756911,12.483874320983887,4841683,44.7005031815358,38.702305658420414,37.12016799046318,42.96507369234857,42.70227890676846,5.0,23.0,-0.93,0.44
RTX,2000-11-09,12.529988288879395,12.668313096346877,12.322498841764368,12.529988288879395,3853007,43.18549885138782,38.674273027381325,36.74985136438729,42.91394381757643,42.703034999041854,5.0,14.0,-0.96,0.53
RTX,2000-11-10,12.506937811982223,12.610682009992622,12.022798593919442,12.207232475280762,4398988,42.967681740509434,38.6303669149754,36.874353203024775,42.985551708405694,42.78798102282359,5.0,16.0,-0.96,0.51
RTX,2000-11-13,12.080432259901869,12.310975141904462,12.045850492214344,12.184176445007324,3917521,42.73920242921466,38.47046605305346,36.85535801017332,42.98488175381543,42.78061968902691,5.0,16.0,-0.96,0.51
RTX,2000-11-14,12.20723120713804,12.518463768836988,12.20723120713804,12.414719581604004,4207990,41.85551705539158,38.11201458270546,36.93272160996262,43.03073098805085,42.6724818553359,4.99,20.0,-0.96,0.48
RTX,2000-11-15,12.444787233392237,12.548879333469108,12.340695133315368,12.410089492797852,4348457,41.85654168177068,38.1082057531076,36.93320186928924,43.030948461115116,42.67258856232168,4.98,21.0,-0.97,0.48
RTX,2000-11-16,12.502607018706906,12.745488791209265,12.421646801774624,12.68765926361084,3991250,41.363865109771794,38.324869167285186,37.02727136661867,43.04747527559313,42.58048486343358,4.97,26.0,-0.99,0.45
RTX,2000-11-17,12.757068602592682,12.98838360001514,12.687673093829885,12.838028907775879,4199409,41.46631586188418,38.265596765484084,37.05837494023621,42.835333656352496,42.52361160232989,4.97,27.0,-1.01,0.44
RTX,2000-11-20,12.849585674957678,12.95367774226506,12.618269720562175,12.768624305725098,4068158,40.74607635974362,38.291373728837556,36.45538935198722,42.83313353957167,42.26841466555258,4.95,11.0,-1.1,0.54
RTX,2000-11-21,12.907415440421618,13.265955319064133,12.780192661854128,12.953679084777832,7431117,40.302950187223885,38.35348693154641,34.48546867250437,42.73922403421436,42.193838058846055,4.94,1.0,-1.12,-0.04
RTX,2000-11-22,12.861152885508975,13.09246774159164,12.757060807674659,12.988375663757324,5952076,40.29961521501828,38.09401629409843,33.894179284170725,42.62356456214121,42.19409429952067,4.93,1.0,-1.15,0.07
RTX,2000-11-24,12.953678030959695,13.312216758728026,12.953678030959695,13.312216758728027,2516340,38.05568518158025,37.941424395689175,33.65944336730598,42.67163269181696,42.227073862829215,4.91,1.0,-1.15,0.1
RTX,2000-11-27,13.462578263180152,13.462578263180152,12.814893746359914,12.942117691040039,6649965,38.40915507041704,38.22018866381979,33.84889940808717,42.822881652294285,42.28955423113546,4.89,2.0,-1.16,0.06
RTX,2000-11-28,12.94211573707799,12.94211573707799,12.618273527560602,12.652971267700195,5699425,37.61865597900831,38.508336305748045,33.97026658737589,42.873872736846884,42.178679125348204,4.86,4.0,-1.16,0.01
RTX,2000-11-29,12.791765235267347,12.930555131086209,12.791765235267347,12.838028907775879,5098783,36.64543567207735,38.48657943866888,34.00920028964718,41.98644150290205,42.11754244253181,4.84,5.0,-1.17,0.0
RTX,2000-11-30,12.814890763736036,13.277522774276246,12.745496410837477,13.104036331176758,7184505,36.65733196695679,37.82677877259856,34.105490630523526,41.53789044442331,42.1481056964854,4.81,6.0,-1.17,-0.02
RTX,2000-12-01,13.02307464995848,13.31221908916151,12.953680298627477,13.0462064743042,6554625,30.6719272161789,37.82323254941514,34.11708864950621,41.21536459547871,42.07054675769777,4.78,7.0,-1.17,-0.03
RTX,2000-12-04,13.046210507959206,13.485710819588897,12.895854724930864,13.427881240844727,10498841,31.367022474766703,37.77378522113911,34.38739370807358,41.23115313163312,42.02250631829291,4.74,8.0,-1.16,-0.09
RTX,2000-12-05,13.64762745570229,14.040863990783691,13.601363806066276,14.040863990783691,11460821,32.42870141317162,38.64945761280323,35.027572877104994,41.53128034552766,42.05424699116789,4.7,10.0,-1.0,-0.14
RTX,2000-12-06,14.052428682187694,14.283744666856531,13.902072955641124,13.948336601257324,8797975,32.406415073402755,38.69647529748086,35.003697355369916,41.48586290006819,41.86724357696095,4.66,10.0,-0.92,-0.13
RTX,2000-12-07,13.821111503134079,13.959901306282742,13.774848983221847,13.936769485473633,6502188,32.110931948633564,38.702474116665535,34.721153193442966,41.167590119403215,41.841125479723104,4.61,10.0,-0.86,-0.06
RTX,2000-12-08,14.064000850037942,14.260619187961353,13.809554051075063,13.844250679016113,9075732,30.737604472894027,38.64593554997562,34.45690581277784,41.078338244579676,41.846077974156216,4.56,9.0,-0.84,0.01
RTX,2000-12-11,13.855814186031672,13.913643758721129,13.312221811282711,13.370051383972168,8501786,32.64359798663038,39.398271496759094,34.961299251520934,41.29901330134039,41.99908291103478,4.51,12.0,-0.86,-0.09
RTX,2000-12-12,13.439443601503795,13.86737788418467,13.370049247073942,13.601364135742188,9234632,32.31762503906637,39.50798440323898,34.87523776301232,41.33700109006636,41.99353726626878,4.45,12.0,-0.86,-0.07
RTX,2000-12-13,13.763289207343238,13.86738132567382,13.25439453125,13.25439453125,6453565,33.13103166241703,39.4540497908075,35.15637678151267,41.458919118628884,42.075840863804444,4.38,16.0,-0.86,-0.14
RTX,2000-12-14,13.277524622884215,13.508840660360072,12.953682394759282,13.173431396484375,4812763,32.75891936896908,39.41619467308375,35.08907320333805,40.81045069199034,42.062197628923585,4.3,16.0,-0.86,-0.12
RTX,2000-12-15,13.092471119879725,13.589800936964721,13.092471119879725,13.173431396484375,8663864,32.760818022275465,39.15536738812674,34.982250867827894,40.672116971552086,42.01636786635498,4.22,14.0,-0.87,-0.09
RTX,2000-12-18,13.335355519730621,13.809553595788083,13.242829312094017,13.659197807312012,5101961,33.372406569121026,38.486952054329,35.39589769083881,40.805276227043514,42.09142240903717,4.14,20.0,-0.9,-0.15
RTX,2000-12-19,13.693892931875997,13.855813483787196,13.497273516403355,13.832681655883789,6552718,31.729505264650566,38.39083874827248,35.42679827673829,40.75963951745641,42.10153203766663,4.05,21.0,-0.92,-0.16
RTX,2000-12-20,13.508840064472084,13.78641862417505,13.462576410335112,13.566668510437012,7112046,31.319977380885405,38.63064641811886,35.53244274322841,40.60445912022143,42.12432764535568,3.96,25.0,-0.95,-0.2
RTX,2000-12-21,13.485712468624813,13.890515082507356,13.393186253026515,13.878949165344238,5796036,31.752979122010956,38.57957849026208,35.6250912855802,40.67698135609737,42.04090600602438,3.87,26.0,-0.94,-0.22
RTX,2000-12-22,13.832683115987486,14.156525375699264,13.832683115987486,14.06399917602539,6790750,31.877647797863045,37.893640908677675,35.51286367479302,40.683273592906254,41.996323641449735,3.77,25.0,-0.94,-0.18
RTX,2000-12-26,14.064001526847214,14.480370055829576,13.93677756039002,14.376277923583984,4664351,30.98504839270696,37.56239815749457,35.47894065423514,40.360722850883555,41.74914929968731,3.66,24.0,-0.94,-0.15
RTX,2000-12-27,14.330003312039599,14.75793743133545,14.063990786866766,14.75793743133545,4339877,31.472479366586565,37.689419012285,35.36447352626729,40.468391676899074,41.81492343967068,3.54,20.0,-0.74,-0.14
RTX,2000-12-28,14.64228725986957,14.64228725986957,14.434103043606285,14.56132698059082,6341381,31.754066656286295,37.24739301322104,35.12416189084535,40.505337820513475,41.83378365660788,3.44,18.0,-0.67,-0.11
RTX,2000-12-29,14.619156303858793,14.711682495988901,14.480366454810452,14.549760818481445,4268372,31.760864883505104,37.24711277930627,35.12748512252582,39.971430076294276,41.814695735257686,3.36,19.0,-0.63,-0.12
RTX,2001-01-02,14.387837215075958,14.387837215075958,13.797982444548552,13.92520523071289,5387346,34.37588341218974,37.9160489285746,35.868336803767,39.18368227236566,41.861982834833775,3.29,35.0,-0.67,-0.18
RTX,2001-01-03,13.832678560021247,14.110257067618901,13.54353414106043,13.90207290649414,7914491,34.30166659178215,37.850284574742155,35.87217171472809,38.6238597021179,41.6431919670006,3.21,36.0,-0.71,-0.19
RTX,2001-01-04,14.087126092303247,14.110256792873107,13.45100770995189,13.612929344177246,7748282,34.91314520546641,37.673507534251996,36.03674283031708,38.583570963768295,41.648402264366105,3.12,37.0,-0.73,-0.23
RTX,2001-01-05,13.693890624294749,13.693890624294749,13.150298368697971,13.161864280700684,6629308,36.2041722053457,37.99602646073656,36.47831903406499,38.34308626942824,41.53678426608956,3.03,42.0,-0.72,-0.32
RTX,2001-01-08,13.208117963983383,13.589789439420013,13.173420251205858,13.393171310424805,6004195,36.53083545689549,38.15371135790577,36.471842756750355,38.00162167301727,41.39401370000708,2.95,42.0,-0.73,-0.31
RTX,2001-01-09,13.612932076248217,13.636062781460335,12.999945393148353,13.069339752197266,6388416,36.54588877564085,37.04947188167702,36.69144575112862,38.09168347386505,41.45908403105454,2.87,47.0,-0.72,-0.37
RTX,2001-01-10,12.99994660558519,13.451011664031022,12.78597886919378,13.370051383972168,6035975,36.185714867088805,37.00273296917391,36.557186694511365,38.17677996426514,41.44939952956072,2.77,45.0,-0.72,-0.35
RTX,2001-01-11,13.520405348683935,13.705457728558455,13.47414281456847,13.670761108398438,5776651,35.96885928774517,36.64565190510922,36.59324292333778,37.50322856299592,41.447951461877516,2.67,46.0,-0.73,-0.34
RTX,2001-01-12,13.670761778378619,13.670761778378619,12.861156735470521,13.080906867980957,7496266,38.22041561732023,37.12634577478111,36.99180426469531,37.796928549385875,41.67568841103495,2.55,60.0,-0.7,-0.37
RTX,2001-01-16,13.138732660228756,13.323785011726537,12.826456396436438,13.127166748046875,7352939,37.766954873737106,36.91246720616425,36.991091556250645,37.79740284127547,41.61475023398309,2.46,60.0,-0.68,-0.37
RTX,2001-01-17,13.39318367316868,13.578236068719615,13.254393815652268,13.346920013427734,7469571,38.04074310716555,34.32126041423169,37.054366960229196,37.840879789582935,41.60964305937454,2.36,65.0,-0.67,-0.38
RTX,2001-01-18,13.346920239468627,13.636064752627163,13.346920239468627,13.520406723022461,17543196,37.29214106983029,34.28197568476753,37.027147941192204,37.84471238286521,41.487037112162966,2.27,64.0,-0.66,-0.36
RTX,2001-01-19,13.323785518175905,13.393180993904977,12.988377417270655,13.150299072265625,7931970,35.66784016571389,34.43279480842661,37.316328004940026,37.88958514897675,41.517601812372675,2.17,74.0,-0.62,-0.43
RTX,2001-01-22,13.277525610561408,13.323788148474115,12.907419698727647,13.30065631866455,5784913,35.854104386925044,34.31646599769498,37.331591716947635,37.90280288366147,41.47719477622465,2.08,75.0,-0.58,-0.43
RTX,2001-01-23,13.300658019506342,13.670763978667964,13.208131810142579,13.462579727172852,8970541,36.07295408402114,34.27975014826451,37.21784919074509,37.35441312033258,41.47771706332573,1.97,73.0,-0.55,-0.39
RTX,2001-01-24,13.508842468261719,13.612934586885972,13.381618518452857,13.508842468261719,4985329,36.057652363504126,33.44480939161522,36.9691773413253,36.90389140291798,41.11850099829007,1.86,58.0,-0.54,-0.32
RTX,2001-01-25,13.728584457461121,14.133386808726662,13.659190121208887,13.9830322265625,4614774,35.97152597399912,34.06511642922727,37.177043582221046,37.115359155874714,41.25426449550322,1.75,73.0,-0.54,-0.35
RTX,2001-01-26,13.994604025715752,13.994604025715752,13.508841224109716,13.53197193145752,6961409,36.98047214126968,34.487571563059056,37.55819975793425,36.92950951134557,41.25816255376067,1.64,81.0,-0.51,-0.42
RTX,2001-01-29,13.749408026012059,13.877094097109191,13.619871139526369,13.619871139526367,3962648,36.20918838291431,34.40892665350786,37.49971246720978,36.24616083978069,40.87828302128266,1.51,81.0,-0.52,-0.39
RTX,2001-01-30,13.740155652269669,13.841934799059555,13.601365804673794,13.771615028381348,5134695,36.26212314568847,34.261055519199616,37.00290386058026,36.24345039612683,40.87306235428504,1.39,64.0,-0.5,-0.35
RTX,2001-01-31,13.878939094130093,13.897443875139153,13.66982957236917,13.875237464904785,6757064,36.30059663299918,34.28371936017952,37.000005103989366,36.24907021899851,40.85790028347079,1.32,63.0,-0.48,-0.34
RTX,2001-02-01,13.875244085884004,13.875244085884004,13.51624196501209,13.721651077270508,4237227,34.96140515989366,33.977486920249,36.79286291520689,36.07963518756223,40.877042350825754,1.28,51.0,-0.48,-0.29
RTX,2001-02-02,13.767919357968568,13.87895150845549,13.59582036599396,13.686495780944824,4637973,34.76727660224431,33.0727918193643,36.728690712614295,36.049205540323534,40.845132161939766,1.24,50.0,-0.45,-0.29
RTX,2001-02-05,13.740152596329375,13.871540274542188,13.653177749205916,13.730900764465332,4963400,34.30477271384157,32.61377637913901,36.728569823193894,36.04487196018194,40.724125055438535,1.21,50.0,-0.43,-0.28
RTX,2001-02-06,13.68464030216532,14.206488384612245,13.634676135991745,13.76051139831543,6052501,33.65150866223869,32.58113249168199,36.72847222280384,35.72446278739194,40.72086713565214,1.2,50.0,-0.41,-0.28
RTX,2001-02-07,13.76051777591601,13.989983107909074,13.669842357266353,13.742012977600098,5148042,33.40652546792439,32.58383642119189,36.65209480565765,35.71274902535202,40.71854733365433,1.19,48.0,-0.37,-0.27
RTX,2001-02-08,13.758665460790025,13.986279933087754,13.66983975369498,13.880800247192383,3237111,32.87630793537133,32.11308914780071,36.67475669118337,35.65380985974208,40.717497501231904,1.17,49.0,-0.34,-0.27
RTX,2001-02-09,14.063999782347606,14.091757531275805,13.803075147692137,13.856740951538086,5073041,31.835827602048983,32.112269937497686,36.669090361071795,35.599947057188686,40.702429922541015,1.17,49.0,-0.3,-0.28
RTX,2001-02-12,14.017739049595004,14.025140070004495,13.853041107084465,13.878949165344238,4125362,31.669215040462014,31.925387493170852,36.370884854741995,35.581388057018,40.53088591035095,1.17,41.0,-0.32,-0.2
RTX,2001-02-13,13.888196228398108,14.44335445288912,13.87894439521274,14.323070526123047,7958983,33.09163768153282,32.49336299287419,36.62605547497842,35.74428196829818,40.466136640312385,1.17,48.0,-0.33,-0.23
RTX,2001-02-14,14.336990727906596,14.531862547021682,14.207076181829873,14.290592193603516,6195511,30.44676576173429,32.24429923246079,36.46442062647374,35.74709625029129,40.27215926113127,1.17,43.0,-0.47,-0.18
RTX,2001-02-15,14.383391528925921,14.800972778578442,14.374110470630777,14.661779403686523,7002405,31.267348390770543,32.54790671032768,35.8206061782438,35.761513395181254,40.34208788318314,1.16,34.0,-0.41,-0.21
RTX,2001-02-16,14.661769786988629,14.773124413864338,14.448338210516813,14.522575378417969,6017543,30.712355787384826,32.600077131708574,35.76219342112387,35.714117518008074,40.19560184843858,1.15,34.0,-0.4,-0.21
RTX,2001-02-20,14.661775956854795,14.763850699453233,14.615377426147461,14.615377426147461,6867340,28.782707553087544,32.51274688259522,35.76455878961271,35.626139197564974,40.04992169870011,1.14,35.0,-0.39,-0.21
RTX,2001-02-21,14.550424684947467,14.921608546179712,14.448348785615545,14.684050559997559,6209812,28.48223588646905,32.51711726717274,35.574850606121494,35.31471436240463,40.00282663734958,1.14,31.0,-0.4,-0.18
RTX,2001-02-22,14.684047837527759,14.73230258552377,14.383389955652207,14.559701919555664,8983570,27.499314680154534,32.24210981708928,35.11361455068284,35.30662414500834,39.98461255908863,1.14,18.0,-0.46,-0.15
RTX,2001-02-23,14.420505406825443,14.440920355040321,14.140261390472533,14.336989402770996,6133222,27.41438347583977,31.843392370900492,34.857477063484154,35.216252034748855,39.84104980698589,1.15,12.0,-0.5,-0.09
RTX,2001-02-26,14.179238194838758,14.568981851858995,14.1272721489074,14.559701919555664,8000615,27.052434862918854,31.55594191048452,34.816540309000075,34.66625896217233,39.82427699391193,1.16,12.0,-0.51,-0.05
RTX,2001-02-27,14.56897631984772,14.84736405845081,14.420501959278436,14.7824068069458,11009863,23.47339720928523,31.56711897508054,34.490441677228596,34.53770347683109,39.806125280782545,1.17,11.0,-0.54,-0.01
RTX,2001-02-28,14.800972076853972,14.8195319426108,14.216357680071365,14.45948314666748,7841397,24.668935266777357,31.72721512775112,34.68774616346169,34.637686421662785,39.87561784653418,1.17,12.0,-0.59,-0.08
RTX,2001-03-01,14.401945555802111,14.630223515874615,14.231201138510576,14.47803783416748,7203890,24.34436339004855,31.7021795829587,34.36430182021037,34.550822397595745,39.873424221959425,1.19,8.0,-0.64,-0.03
RTX,2001-03-02,14.431640115550978,14.646925718508985,14.29058945329911,14.485461235046387,5949852,24.157334070256585,31.195391132479326,34.318028059582254,34.1867534481738,39.87323123608224,1.2,8.0,-0.69,-0.0
RTX,2001-03-05,14.661777070547592,15.051519583201728,14.624658468157536,14.865927696228027,8968952,23.350706668936418,30.307171191282013,34.246465907681525,34.30541877666406,39.90716289128113,1.21,8.0,-0.7,0.06
RTX,2001-03-06,15.01439733747662,15.19998916550958,14.880770411310005,14.916032791137695,8995329,23.248834480689254,30.26977370809255,34.0443893450606,34.26341434546886,39.73050499728138,1.23,6.0,-0.72,0.1
RTX,2001-03-07,14.91789763700088,15.292793931620402,14.849227923394588,15.161023139953613,5953983,23.40969140098049,30.425679906832354,34.116476886910455,34.148080718917264,39.74840627032627,1.24,8.0,-0.7,0.09
RTX,2001-03-08,15.209272971777857,15.311348848261744,15.034817226034836,15.233400344848633,7206115,23.4102543680124,30.38640648700127,33.10166430224415,33.92307879483108,39.6566309074269,1.28,1.0,-0.65,0.16
RTX,2001-03-09,15.233401872749372,15.240825594056005,15.070081128980142,15.162877082824707,4202905,21.663023476766234,29.45518078284043,32.91872525292015,33.84884179416146,39.573273617388146,1.32,1.0,-0.65,0.18
RTX,2001-03-12,15.070074975741306,15.071930061577985,14.522578284122195,14.550416946411133,7757498,22.963773896106947,30.5889224368052,33.21434415378033,34.219569489583634,39.782722461854725,1.35,3.0,-0.69,0.12
RTX,2001-03-13,14.568986073872685,14.708179473876951,14.374113063912779,14.708179473876953,7998708,23.06366294720897,30.127337213248474,32.787536461711255,34.222630235917805,39.79254169204998,1.38,1.0,-0.72,0.25
RTX,2001-03-14,14.309155388195297,14.429790030497374,13.646591273967893,13.919411659240723,17600717,28.320608040571134,32.27024284223254,33.842306632642966,34.88030276442054,40.16260938879917,1.39,6.0,-0.68,0.31
RTX,2001-03-15,14.29059065093698,14.299870581791147,13.834034702563656,14.058601379394531,11154144,28.383229278339133,32.32253686696935,32.11271788654775,34.86744723747429,39.474418631002024,1.42,1.0,-0.68,-0.09
RTX,2001-03-16,14.104997327689846,14.1495396412201,13.223435486886382,13.256841659545898,13913284,33.038313568242636,33.74004004416193,33.43772552050018,35.59083161829395,39.542898055998954,1.42,6.0,-0.64,0.08
RTX,2001-03-19,13.288396731029312,13.566784586609684,13.223439452229558,13.557504653930664,8260893,33.731925154722745,33.96200235686441,33.37860681549672,35.33278333070139,39.358652387857276,1.41,6.0,-0.68,0.15
RTX,2001-03-20,13.65029716190083,13.81733028309825,13.297672183806903,13.331079483032227,6758970,34.04864474230358,33.90423396280078,33.39057505201971,34.237665100394466,39.31370357974572,1.41,7.0,-0.68,0.11
RTX,2001-03-21,13.30696303656552,13.308819249151938,12.935779018102828,12.93949031829834,6683016,35.03876874403988,34.08906369537511,33.699233154547024,34.121585993289685,39.421289428642915,1.4,10.0,-0.77,0.02
RTX,2001-03-22,12.898657532967333,12.898657532967333,12.044933804698697,12.4996337890625,15692328,36.2828880022669,34.63029347633135,33.62686566084056,34.13406620810448,39.541871719348286,1.39,9.0,-0.78,-0.05
RTX,2001-03-23,12.499623883463583,12.694495633036459,12.143287677086784,12.434666633605957,12276932,36.06912234597885,34.27433433697956,33.59085030060094,34.066351810807184,39.29758700777893,1.38,9.0,-0.79,-0.06
RTX,2001-03-26,12.62026673970086,13.455431607582252,12.52747076826703,13.318093299865723,13464868,41.720242639704594,36.79806994942594,35.11664115078597,34.93843851861042,39.81177766066883,1.37,40.0,-0.75,0.41
RTX,2001-03-27,13.318086857321141,13.919405856299287,13.177037318968049,13.819186210632324,12948761,43.16706234277443,37.553088971569466,35.53232234789495,35.18045423560861,39.97025140636957,1.36,49.0,-0.73,0.33
RTX,2001-03-28,13.715261770001296,13.770940256871935,13.39975521930136,13.585347175598145,9521606,42.3608859057754,37.69943166951455,35.53117228175653,35.22627377108724,40.00760843810651,1.35,49.0,-0.68,0.33
RTX,2001-03-29,13.585347069166238,13.965810914087076,13.446153665522637,13.835897445678711,7881440,42.75614811456061,36.83222569175406,35.640129036226824,35.28275933703502,40.04261728407732,1.34,54.0,-0.64,0.3
RTX,2001-03-30,13.87301170478387,13.91941024517398,13.501827881569923,13.603903770446777,7494995,42.2206245317899,36.991925489923666,35.53320724021642,35.346212818350985,39.59595410337634,1.34,52.0,-0.6,0.33
RTX,2001-04-02,13.659573229126456,13.891563547125294,13.423871615027966,13.622454643249512,7278891,42.18080010092673,36.74163898005149,34.99831202367019,35.32942679356119,39.49359313437767,1.33,36.0,-0.56,0.43
RTX,2001-04-03,13.473978731564033,13.57234212074518,13.061964198146779,13.145480155944824,9303913,43.190226210426054,36.81993641934271,35.228958248244744,35.57298694565779,39.60120021750761,1.31,45.0,-0.52,0.39
RTX,2001-04-04,13.102803684874209,13.499969919214966,12.991447877365175,13.251276969909668,6865433,43.25599748551446,36.679820917454755,35.23596819634092,35.44199063542247,39.55531014448762,1.3,46.0,-0.48,0.39
RTX,2001-04-05,13.473995211597995,13.993653695648721,13.473995211597995,13.94725513458252,5838622,46.01818509535616,37.79961936978034,36.13735992768504,35.78848012992024,39.71451359921907,1.3,65.0,-0.43,0.33
RTX,2001-04-06,13.733823255558184,13.91941523367847,13.585348773080247,13.692992210388184,5114038,46.105010549695116,37.73288017177834,36.01049020371032,35.863585488648475,39.75439308254344,1.29,64.0,-0.43,0.36
RTX,2001-04-09,13.733820363564865,14.079021775169727,13.733820363564865,13.90456485748291,4376106,46.10240728773872,37.58833103560655,36.07722578268617,35.80427201685558,39.768335480014514,1.29,66.0,-0.47,0.34
RTX,2001-04-10,13.548225343463512,13.962095250901719,13.405318435425874,13.845171928405762,10064726,45.8335300361111,36.448415168485596,35.97918957809872,35.8075284581991,39.47635023915393,1.28,64.0,-0.45,0.37
RTX,2001-04-11,13.780213879504238,13.821044904501727,13.425733758917128,13.520384788513184,7201666,45.89827517438591,36.79263154063527,36.19392581459262,35.88563497556345,39.55023965042034,1.27,69.0,-0.45,0.3
RTX,2001-04-12,13.715252744661736,13.98992919921875,13.594618164950266,13.98992919921875,4760008,47.08970407190717,37.292756612330564,36.42322467746213,36.04129988038295,39.69257834860754,1.27,71.0,-0.41,0.26
RTX,2001-04-16,13.984367288804314,14.225636544793081,13.84517279497897,13.97323226928711,4176210,47.08708721934167,37.2087404683058,36.3834678856251,36.04270606828667,39.31218929660979,1.26,71.0,-0.37,0.27
RTX,2001-04-17,13.928691533741008,14.105004668649809,13.789498137736095,14.030767440795898,3628958,46.41467476434236,36.74357085862184,36.37312643229732,36.042597732772265,38.48594476905736,1.26,71.0,-0.34,0.27
RTX,2001-04-18,14.216351786321383,14.819525798799699,14.160674462086767,14.494739532470703,7061516,47.461731688090815,37.24921983524413,36.65680041554607,36.1874537691825,38.20345493448322,1.26,80.0,-0.35,0.21
RTX,2001-04-19,14.448341469186923,14.450197680047108,14.160674909885863,14.346266746520996,7244251,47.247271885595445,37.25805216849056,36.70063645132931,36.18068249797801,38.12721161161182,1.26,83.0,-0.34,0.19
RTX,2001-04-20,14.123555230738045,14.327706926573917,14.123555230738045,14.240478515625,5089249,47.2310576297535,37.294723504147484,36.5274266291986,36.12109904303354,37.80172226297709,1.25,74.0,-0.35,0.24
RTX,2001-04-23,14.383397224760927,14.383397224760927,14.15697418697536,14.227499008178711,3284781,47.22700018239246,36.631410251350985,36.234137120540275,36.04381507861977,37.51908571797206,1.24,66.0,-0.31,0.32
RTX,2001-04-24,14.207081525312068,14.448350844498417,14.197801589965822,14.19780158996582,4100891,45.749853440875334,35.98189391328776,36.04071413114261,35.86188479868378,37.501294761570456,1.23,62.0,-0.3,0.39
RTX,2001-04-25,14.244199871236061,14.279462274909788,13.91013345488487,14.188521385192871,3991886,45.617714898917825,35.96353320304218,35.977893599006556,35.66196938266767,37.49743594147756,1.22,58.0,-0.26,0.4
RTX,2001-04-26,14.290592193603516,14.457625342127386,14.151397715670857,14.290592193603516,4301105,42.69869004339281,35.92414105492529,35.85588602412966,35.667211031186014,36.95415091517976,1.22,55.0,-0.23,0.44
RTX,2001-04-27,14.355551366923468,14.63208414802764,14.283170363814415,14.56898307800293,4780983,42.95630014823383,36.10155496618877,35.96431497213972,35.71919396212944,36.93723305264401,1.21,57.0,-0.23,0.41
RTX,2001-04-30,14.61538060846949,14.791693713575603,14.461338667954992,14.491033554077148,4935116,39.10047260151084,36.0393611527486,35.70186784836638,35.72692012216467,36.94211356174541,1.2,50.0,-0.25,0.48
RTX,2001-05-01,14.476184778778961,14.615379263422371,14.383389955652207,14.559701919555664,4762551,38.66916548080352,36.04032102538564,35.008769160338446,35.71767559781562,36.941874313459486,1.2,29.0,-0.31,0.59
RTX,2001-05-02,14.828807203819526,14.828807203819526,14.374106351204645,14.502165794372559,5978454,38.29118389235996,36.05167444401502,34.9978498066973,35.722926495259635,36.928488136570586,1.2,27.0,-0.35,0.6
RTX,2001-05-03,14.66177547604314,14.66177547604314,14.374106620049048,14.533717155456543,4252482,37.02455115971661,36.051702782111775,34.99843388111871,35.67290147707491,36.849350004676054,1.2,28.0,-0.4,0.6
RTX,2001-05-04,14.496598802624971,14.698894339043079,14.318430638661619,14.654353141784668,3602581,35.19457309424533,36.07980901333119,35.00178550663056,35.66987411068163,36.85144893961152,1.2,28.0,-0.46,0.6
RTX,2001-05-07,14.457621030455924,14.658060298917276,14.457621030455924,14.550416946411133,3035626,35.24835969475381,36.068889331090936,34.5614778806462,35.51745551223179,36.44302181190145,1.2,19.0,-0.46,0.72
RTX,2001-05-08,14.594959713551365,14.637645813729257,14.192224953191777,14.312859535217285,4289347,30.218005613539756,36.23870030931743,34.56969984734043,35.51977506735181,36.154238022266554,1.2,20.0,-0.46,0.71
RTX,2001-05-09,14.40194723908454,14.40194723908454,14.197795498913113,14.244194030761719,4509582,28.442396263833487,36.25448902900582,34.32195974902671,35.338550035619384,36.157378040711215,1.21,17.0,-0.41,0.8
RTX,2001-05-10,14.383390735816581,14.723023451806709,14.355550937396538,14.61166763305664,4521341,28.76336983282905,36.05438814554249,34.52742077074944,35.45451614460856,35.946075336193005,1.21,20.0,-0.39,0.74
RTX,2001-05-11,14.6617705923083,14.84736239727907,14.54113490659882,14.680329322814941,4842954,28.379896012478195,36.06113460646832,34.5318596946956,35.44631506220892,35.44440522638182,1.21,21.0,-0.36,0.74
RTX,2001-05-14,14.82880470029209,14.82880470029209,14.559696881405694,14.639501571655273,3433193,27.85354735944771,35.68144453844045,34.07393030612042,35.407834857416105,35.42964559241288,1.22,14.0,-0.38,0.86
RTX,2001-05-15,14.791690922261697,14.843656963169051,14.531861842701467,14.73601245880127,4568057,27.87684453523726,35.65070406000453,34.033532522226416,35.41307415524869,35.43217975238285,1.23,13.0,-0.42,0.87
RTX,2001-05-16,14.749969677425971,15.429306030273438,14.705300781733422,15.429306030273438,7447643,28.177209580390418,36.8453256070284,34.63077723999252,35.7948859361172,35.57696051151783,1.24,26.0,-0.34,0.81
RTX,2001-05-17,15.382773106260828,15.88157227128977,15.364160506743383,15.755011558532715,10707953,28.528316571986107,37.06536455667882,34.60256274085541,35.77786118159846,35.60800533427781,1.24,26.0,-0.13,0.82
RTX,2001-05-18,15.755011877107423,16.285451795137945,15.699175205599126,16.231477737426758,13229378,26.142508279773175,37.46710463853817,34.84722940487469,35.785829336246735,35.718863442939316,1.24,30.0,0.46,0.74
RTX,2001-05-21,16.09934262514795,16.18495747927243,15.954169219224248,16.062118530273438,7102194,25.62117575770263,37.38387923668308,34.74122978062203,35.726523768581934,35.50352618765111,1.24,29.0,0.59,0.77
RTX,2001-05-22,15.969050928918987,16.071416856958194,15.643341670691166,15.786653518676758,7489275,26.25073478503251,37.47955428754769,34.62757605653011,35.78306158940938,35.54263109420866,1.25,27.0,0.55,0.8
RTX,2001-05-23,15.833177441369473,15.838760768509006,15.581916438362596,15.736394882202148,4594117,26.22185876603098,37.378932132810654,34.55968461266678,35.7494899850971,35.490898180233835,1.25,24.0,0.45,0.83
RTX,2001-05-24,15.86668956349841,15.946721068715258,15.60612321016105,15.676848411560059,4632571,24.978412618173255,37.08226324092552,34.56642433538631,35.45059801871311,35.45418506700986,1.25,26.0,0.34,0.83
RTX,2001-05-25,15.67870645552384,15.680567941647357,15.261798997913546,15.4944486618042,5054291,23.827710689339053,37.17860204246071,33.87979377289607,35.477245452754836,35.46493257984032,1.26,13.0,0.2,0.96
RTX,2001-05-29,15.634043925938073,15.67126802001803,15.429311972585204,15.513065338134766,3904491,23.797633449329417,37.17838078687494,33.87696896873426,35.3263177425783,35.45396979184724,1.27,13.0,0.07,0.96
RTX,2001-05-30,15.522370023863646,15.671266384645415,15.181771008792435,15.20596694946289,4775581,24.749036099117863,37.0618058583515,33.86035164521034,35.37777842463258,35.5185978605909,1.28,13.0,-0.02,0.96
RTX,2001-05-31,15.261808298254735,15.552155183520668,15.252501990139416,15.505624771118164,4888400,23.64764167843253,37.264651523462426,33.52008785340414,35.441382519471674,35.492226177305774,1.29,9.0,-0.08,1.06
RTX,2001-06-01,15.447924080267239,15.594957836874032,15.243192133586545,15.47956371307373,3580335,23.38088898579922,37.124133292965475,33.42818630769848,35.44345604957265,35.44132678736584,1.3,8.0,-0.15,1.1
RTX,2001-06-04,15.503757591170372,15.755018774349109,15.289719367728514,15.693598747253418,2438479,23.402784706198045,37.21510485532861,33.22358921037381,35.427144858231976,35.39605241991648,1.31,6.0,-0.2,1.18
RTX,2001-06-05,15.755021248540213,15.874137220386292,15.693601211799033,15.797828674316406,4784797,23.38850501273065,37.22027101266408,33.06336744758735,35.43082095147601,35.17659634307525,1.32,4.0,-0.25,1.25
RTX,2001-06-06,15.941133155984163,15.941133155984163,15.317632414689813,15.354856491088867,5289781,25.117764864129953,36.69367028574891,33.239050750568126,35.603252209491934,35.28207940556919,1.33,8.0,-0.32,1.19
RTX,2001-06-07,15.401390402489074,15.650790079327768,15.183630351719371,15.487005233764648,5893601,25.155790770623664,36.67098235477772,32.455588534065676,35.44539124761411,35.185891513412365,1.35,2.0,-0.35,1.36
RTX,2001-06-08,15.485132398568897,15.485132398568897,15.090559643728998,15.151978492736816,5983221,26.11896507666152,35.10264779531182,32.66867302315124,35.52377899143273,34.84868045335711,1.36,3.0,-0.35,1.27
RTX,2001-06-11,15.215276511753496,15.22458169016441,14.917484854604325,14.978903770446777,5321243,25.865338459262443,35.15490025591906,32.64102453834495,35.466724993493635,34.75220499168862,1.37,3.0,-0.34,1.28
RTX,2001-06-12,14.978903863307865,15.03846242074171,14.68483517823912,14.967737197875977,8321275,25.802303359903423,32.87839767530475,32.58772696677321,34.976756295659825,34.7429599261492,1.38,3.0,-0.34,1.31
RTX,2001-06-13,14.96774181995631,15.098025640487897,14.880265443755876,14.937962532043457,6744987,25.793223604803877,32.61091778244472,32.263732460952724,34.91510846512077,34.68496249359781,1.39,2.0,-0.31,1.44
RTX,2001-06-14,14.70344443784547,14.70344443784547,14.208365734358985,14.349817276000977,21624383,28.38519513500725,33.51276776987977,32.884613818958556,35.24995434236825,34.6702305774292,1.39,8.0,-0.25,1.28
RTX,2001-06-15,14.377733974323665,14.377733974323665,13.77098417516826,13.912434577941895,19900318,29.72144646933181,33.55865100593775,33.21524579715891,35.33291389145758,34.816402412237835,1.38,13.0,-0.21,1.16
RTX,2001-06-18,14.23814674914296,14.563856165470877,14.12833595252261,14.481963157653809,11912097,31.97540027647295,33.64765577656485,33.80784376660845,35.360792206956134,35.00886753349036,1.37,24.0,-0.16,1.0
RTX,2001-06-19,14.517322890699337,14.517322890699337,13.800763444841357,13.912434577941895,13082555,33.948238484663335,34.730484901217096,33.98340484276744,35.50168808351736,35.14852522808858,1.35,29.0,-0.17,0.99
RTX,2001-06-20,13.910579314080275,13.968275259984466,13.633260609819482,13.810074806213379,12351297,33.70154256304326,31.864852956123812,33.59752538851515,35.457733697503585,35.01129542312224,1.33,22.0,-0.14,1.11
RTX,2001-06-21,13.847297778763055,13.970136747064146,13.605342816320233,13.810074806213379,12792403,33.68551028134749,30.952218113598395,33.58248069876645,35.23041953396176,34.9477474691836,1.31,21.0,-0.13,1.12
RTX,2001-06-22,13.84729119795787,13.856597500759543,13.62953115834351,13.674200057983398,7620208,32.81572443054169,30.81794221838931,33.57354373944174,35.25086908766326,34.95653696075943,1.3,21.0,-0.14,1.13
RTX,2001-06-25,13.828688561610095,13.931054573353704,13.571843916732682,13.690959930419922,9024884,32.76777739299016,30.5858910960901,33.55231728887211,35.066820669973175,34.945336164617046,1.28,21.0,-0.15,1.14
RTX,2001-06-26,13.67978892329419,13.772849732616802,13.478779921759077,13.700263023376465,7161305,32.778938996432196,30.38662532796482,33.50613271166774,35.044716371965194,34.94519603446988,1.27,20.0,-0.15,1.16
RTX,2001-06-27,13.735617812336002,13.819371139221655,13.650002999562242,13.657447814941406,7365651,32.67352602345838,30.392711533233825,33.50734646990171,34.89456621567204,34.93041688140536,1.26,21.0,-0.16,1.16
RTX,2001-06-28,13.865901253616919,14.052020506382265,13.811926061101417,13.8286771774292,9005181,29.654167785719775,29.56800744745079,33.56210749979077,34.804334552555275,34.94762369881397,1.25,24.0,-0.15,1.13
RTX,2001-06-29,13.7728432033691,13.819372457798524,13.493663164099068,13.635114669799805,12379263,28.861257543026657,29.68596315967713,33.635490439767345,34.84149211366826,34.73484969481621,1.23,30.0,-0.16,1.1
RTX,2001-07-02,13.596029151284245,13.596029151284245,13.140037266668605,13.229373931884766,9896292,27.82938656552083,28.406143254366274,33.97326335835341,34.51344959600925,34.029236939631716,1.22,37.0,-0.2,0.99
RTX,2001-07-03,13.214486032484892,13.579279813647934,13.199596398300805,13.577418327331543,5850062,29.374430149818693,28.691293906550136,34.19095275794122,34.52825143479047,33.89961766866415,1.2,43.0,-0.22,0.9
RTX,2001-07-05,13.670482101465119,13.698399889636123,13.456443845197802,13.514142036437988,7029418,29.16473185872361,28.522876405653967,34.19743936600433,34.30611001159724,33.72487633039655,1.18,44.0,-0.25,0.9
RTX,2001-07-06,13.642561850614767,13.661173329977872,13.517861441543904,13.558807373046875,6450387,29.263703713508132,28.521979796256208,34.20084250388237,34.07416546277287,33.67089514840491,1.17,45.0,-0.28,0.9
RTX,2001-07-09,13.586722548271833,13.609055866096911,13.491800306648964,13.534608840942383,5620611,29.27645597999528,28.104837301238216,33.820804728087865,33.997600516608614,33.6272681833328,1.15,33.0,-0.32,1.04
RTX,2001-07-10,13.586721318092739,13.596026490286253,13.23309318589085,13.381989479064941,5442643,29.269313678463888,27.279852743419188,33.86305906413812,33.094574163447064,33.63822802647201,1.13,36.0,-0.37,1.02
RTX,2001-07-11,13.39129865122789,13.549501292023644,13.270321223017953,13.342907905578613,6301338,29.219145107481758,27.283387243893063,33.600950787070126,33.05030069439258,33.623062260882655,1.13,29.0,-0.42,1.13
RTX,2001-07-12,13.549499656065905,13.893820421003232,13.428521114289346,13.8472900390625,7012893,31.28989030267388,28.35240493251624,34.10918261959417,33.207415298821786,33.81739725885048,1.12,45.0,-0.43,0.97
RTX,2001-07-13,13.847291226484662,14.040855330482817,13.661171939108495,13.986881256103516,4673885,30.81076414794317,27.60737484092249,34.13282487757158,33.1592051075271,33.82821540701841,1.11,47.0,-0.42,0.96
RTX,2001-07-16,13.986884041035786,14.014801826883584,13.86590659297077,13.958966255187988,3431922,30.809338592562213,27.53510760959394,34.12376009175189,33.13245781266745,33.81635436871231,1.11,47.0,-0.42,0.97
RTX,2001-07-17,14.014804018961161,14.370292728828113,13.996192534876137,14.24931526184082,6116697,31.202995505849778,27.829433576280877,34.262408759485304,32.916499365909516,33.85680638432355,1.11,53.0,-0.41,0.9
RTX,2001-07-18,14.052023551423488,14.053885037679564,13.890099066961561,14.0054931640625,11558386,31.31608608311029,28.053326312959577,34.28448118201939,32.96245163286861,33.80111259150258,1.1,54.0,-0.41,0.9
RTX,2001-07-19,14.238146228596552,14.321900720118125,13.92174312949535,14.120890617370605,4682465,30.625730389326435,28.10397894197212,34.219762900566,32.8591624290099,33.7015680285852,1.1,52.0,-0.41,0.92
RTX,2001-07-20,14.14508671374493,14.256758994263443,14.135780408324946,14.163698196411133,5237662,30.488870778267607,28.110950352773038,34.134041231494166,32.824459197044156,33.70043055468649,1.1,49.0,-0.38,0.96
RTX,2001-07-23,14.182309115109625,14.23442283980039,14.003633487598426,14.033413887023926,4043369,30.02501699618908,28.132645818910824,33.987147234164304,32.777746928038766,33.640381770657285,1.1,42.0,-0.38,1.02
RTX,2001-07-24,14.033415934963065,14.033415934963065,13.696538725895035,13.748652458190918,5718175,30.369614128328713,28.130785398650062,34.13692320237503,32.872057540950934,33.70643562733665,1.1,51.0,-0.39,0.96
RTX,2001-07-25,13.931050670813597,13.931050670813597,13.57184011481913,13.730040550231934,8792573,30.366448979336525,28.116003073843572,34.13677667701945,32.744729431383675,33.67453912975818,1.1,51.0,-0.4,0.96
RTX,2001-07-26,13.717008353986317,13.726314657386762,13.51599942084728,13.620226860046387,7303997,30.40156204733549,28.128519872133367,33.89146768010843,32.43486195442514,33.64787223928923,1.11,40.0,-0.38,1.07
RTX,2001-07-27,13.633255007902893,13.661172789930701,13.445274222620363,13.620226860046387,5890423,28.29951084425423,28.12310164209834,33.88496116146337,32.290453339498335,33.64782130269253,1.11,40.0,-0.36,1.07
RTX,2001-07-30,13.64255976586525,13.679782718903338,13.421076764700269,13.489941596984863,4591257,27.03259859401027,28.169156692664053,33.79966298992448,32.30472174744124,33.66393804460294,1.11,33.0,-0.31,1.12
RTX,2001-07-31,13.568112269635739,13.689089693382998,13.52716521420591,13.661171913146973,6091273,24.445934345532216,28.24581342089069,33.857652452230006,32.3346406509962,33.64960064339226,1.1,36.0,-0.24,1.09
RTX,2001-08-01,13.772852621459926,13.772852621459926,13.409918999133252,13.467616081237793,6976663,21.959587671473297,28.347983657908514,33.91781318283108,32.22789697869155,33.654779369718135,1.09,42.0,-0.18,1.07
RTX,2001-08-02,13.586721586548421,13.614638231853714,13.354071969996923,13.452714920043945,9383681,21.878273866891742,28.171074498398486,33.30449995236236,32.22719646761137,33.60164387192256,1.09,13.0,-0.18,1.22
RTX,2001-08-03,13.521576256494928,13.540188854355208,13.236814114058676,13.447129249572754,3449083,21.877163431293663,28.160308582867977,33.252889635029476,32.154566661042324,33.545800541895254,1.09,12.0,-0.16,1.25
RTX,2001-08-06,13.447127965283478,13.60532939112167,13.43782166724215,13.495518684387207,3670908,21.743725473068643,27.63529269007285,32.10218512639442,32.156571179494534,33.39926944309872,1.11,1.0,-0.18,1.31
RTX,2001-08-07,13.530888456747864,13.651865882910501,13.48435919814999,13.597891807556152,5339358,21.862941163434133,27.668188325925303,32.084961919872555,32.06454581906718,33.24679310802831,1.11,1.0,-0.19,1.32
RTX,2001-08-08,13.614639465374234,13.633252068161681,13.251707249098358,13.294514656066895,4294114,22.797016664013643,28.009047162867112,30.90168427864604,32.15008594565703,33.32676716049998,1.16,1.0,-0.19,1.16
RTX,2001-08-09,13.335464842053417,13.530890464782715,13.214487397937273,13.530890464782715,6031208,23.41386897330266,28.237533427013783,30.822377607821956,32.208996956797954,33.362796647840874,1.21,1.0,-0.19,1.2
RTX,2001-08-10,13.484356107654337,13.880790534773855,13.428519430691301,13.769118309020996,5009481,23.69358594692253,26.759063421225264,30.826728268486995,32.229870194530925,33.402945049108894,1.25,2.0,-0.17,1.15
RTX,2001-08-13,13.77098770063125,13.798905491053523,13.521586817357598,13.583006858825684,4144430,23.669059059958634,26.436341781866133,30.52935513535033,32.270820027594624,33.42685041570462,1.31,1.0,-0.14,1.23
RTX,2001-08-14,13.726313010329921,13.735619312613677,13.428521490810223,13.527164459228516,3172597,21.931875004565413,25.56774519095678,30.017304450683636,32.1440953391147,33.42962128421692,1.37,1.0,-0.17,1.36
RTX,2001-08-15,13.5867286286602,13.5867286286602,13.145625097091818,13.184709548950195,6297525,21.874275457058065,25.9422230181525,30.29520644034053,32.113872675564174,33.49930867599919,1.42,2.0,-0.25,1.27
RTX,2001-08-16,13.102811756188702,13.698394775390623,13.102811756188702,13.698394775390625,7038317,24.60677236542094,27.12972856731956,28.909248398684944,32.314292533092285,33.698017967329,1.52,1.0,-0.24,0.37
RTX,2001-08-17,13.772846366067165,13.772846366067165,13.30754694588466,13.354077339172363,3944851,25.704502890203408,27.53935605813792,28.590560026480272,32.415125826531614,33.66811609166882,1.61,1.0,-0.26,0.44
RTX,2001-08-20,13.400613025306901,13.70026623917139,13.33919409516524,13.690959930419922,4266465,26.733310761274076,28.114692973716267,28.741769736702068,32.458109393604026,33.71355166170112,1.68,2.0,-0.25,0.36
RTX,2001-08-21,13.597893513425669,13.83984839610443,13.372688624420178,13.419219017028809,6870518,27.18050080429066,28.285927885184936,28.767972595026205,32.54227572428795,33.630965861108685,1.75,3.0,-0.27,0.39
RTX,2001-08-22,13.604989091080325,13.689004638017117,13.451893113628586,13.6012544631958,5540207,27.43664711222205,28.46387051885889,28.725896766995866,32.402141908603106,33.65412392255336,1.82,2.0,-0.27,0.38
RTX,2001-08-23,13.603118044367498,13.679666577940738,13.591916427198546,13.610586166381836,4387229,25.16704258077067,28.225951299149184,28.72527922004558,31.96545156947228,33.644709521152436,1.89,2.0,-0.27,0.38
RTX,2001-08-24,13.629258175096982,13.68900202449424,13.492964654030693,13.62739086151123,8823399,24.97333041877902,27.881544573721673,28.151647974478955,31.956681511681158,33.61617903473845,1.96,1.0,-0.25,0.46
RTX,2001-08-27,13.627391369940545,13.657262729901054,13.582582632441914,13.58444881439209,3280332,24.98013996253943,27.88212000735541,28.1301663083732,31.95858482573654,33.61824204257176,2.03,1.0,-0.24,0.48
RTX,2001-08-28,13.53777033515228,13.573243626751259,13.274519920349121,13.274519920349121,5999428,24.92112089443422,28.00535285825237,27.16065477941524,32.06459940115774,33.69115170874584,2.12,1.0,-0.26,0.29
RTX,2001-08-29,13.276390251587083,13.296927305949323,12.789098360839212,12.882448196411133,15843919,25.837806833251115,28.480559711154097,27.41602654177564,31.995650982235958,33.768065008533995,2.19,2.0,-0.27,0.25
RTX,2001-08-30,12.873111558401547,12.929121902273932,12.529580242165585,12.59865951538086,13334252,26.218470357617736,28.27632811180882,27.50920139161139,32.03458058471413,33.74632922531875,2.25,3.0,-0.26,0.25
RTX,2001-08-31,12.673344185893649,12.78909953171966,12.591194829218468,12.770428657531738,8316826,26.630340981609763,28.383615635931115,27.600210602066866,31.933457443520396,33.69411418714385,2.31,4.0,-0.29,0.2
RTX,2001-09-04,12.863782849939106,13.011278039742512,12.660277286977177,12.667746543884277,11452241,26.610421573793086,28.136047481525,27.380085278788684,31.939366228498578,33.69658492912148,2.37,2.0,-0.29,0.26
RTX,2001-09-05,12.695750933945696,12.807772814925887,12.563193122751164,12.686416625976562,8224028,26.142252492185094,28.09408245799327,26.80862714229486,31.939982751577396,33.6730727378308,2.43,1.0,-0.32,0.38
RTX,2001-09-06,12.695743721941824,12.807765539286374,12.557584046402702,12.650936126708984,6148159,26.139239828447213,28.090919366950303,26.810169692919512,31.645916722258644,33.42780646880769,2.49,2.0,-0.35,0.38
RTX,2001-09-07,12.565058307154043,12.565058307154043,12.109503866760177,12.255131721496582,10566850,27.432736308419354,28.710972378651284,27.23838258760203,31.823874509908517,33.57746688796013,2.53,4.0,-0.32,0.3
RTX,2001-09-10,12.509043393279763,12.559452934479546,12.275666558365286,12.359682083129883,15418067,27.63718859949849,27.758163589668616,26.739897920035876,31.763726893247153,33.48509892602807,2.57,1.0,-0.32,0.41
RTX,2001-09-17,10.455318763354592,10.511329106556094,8.868350928759652,9.12973403930664,63223768,91.18336072935027,67.3644289092773,54.792845957760186,47.75230475539446,45.14205379064361,3.36,100.0,4.38,54.2
RTX,2001-09-18,8.980373118503733,9.338841276313405,8.961702813536684,9.161474227905273,34330027,90.99839025460848,66.68426297546574,54.80547009627552,47.721426630736985,45.14412033281885,4.0,100.0,5.29,54.23
RTX,2001-09-19,9.083056543861025,9.092391976800869,8.373588537938572,8.896354675292969,25176434,91.11720546856498,66.49661087153858,54.94518461809583,47.73926644928462,45.23309099116087,4.54,100.0,5.43,53.44
RTX,2001-09-20,8.681648987971503,8.718989596259291,7.746271560108859,7.7742767333984375,30568864,97.51283726265645,71.43630071931912,58.6969413504082,50.11139723457199,47.13366552654127,5.19,100.0,6.14,41.08
RTX,2001-09-21,7.776145152669693,8.261570300185936,7.486756811913564,7.888166427612305,29937713,97.84676090746729,71.58159958571477,58.78183941048607,50.14318621017729,47.161458616971544,5.77,100.0,5.71,40.92
RTX,2001-09-24,7.880695969611204,8.541621852644269,7.880695969611204,8.32691478729248,21419402,99.8811173973586,72.75314688705723,59.5151414620817,50.602468275211166,47.48241157805454,6.31,100.0,4.92,39.13
RTX,2001-09-25,8.328782703998705,8.754463965651995,8.289575345945027,8.73766040802002,20907109,101.39777599983104,73.64474592217273,59.994270347195766,50.729871124677814,47.66697863873071,6.82,100.0,4.16,38.0
RTX,2001-09-26,8.756330601963569,8.758197915509642,8.229831362301617,8.336251258850098,10268118,101.80885165124369,74.06666610188435,60.36217405165346,51.0014662068539,47.8634616053216,7.3,100.0,3.54,36.8
RTX,2001-09-27,8.336250490396067,8.448271751403809,8.093537098051332,8.448271751403809,10453713,101.69524193348944,74.19248475048789,60.41495068040459,50.99113414818601,47.84963446196711,7.75,100.0,2.99,36.71
RTX,2001-09-28,8.494949159932114,8.803007839165101,8.345587256032223,8.68165111541748,12930646,102.01192108513484,74.4282792406991,60.6371883952515,50.978642488150406,47.6491275789156,8.17,100.0,2.49,36.3
RTX,2001-10-01,8.625637591896377,8.862749011042771,8.532286082535139,8.821674346923828,10659965,102.41657969838307,74.57424990447319,60.71925306074242,50.97117327484235,47.637643226426604,8.56,100.0,2.06,36.16
RTX,2001-10-02,8.819807828980002,9.185744057633107,8.754462619506832,9.140935897827148,10823632,103.40280486192867,74.92671698931484,61.024629078974314,51.09851756948805,47.7752935688377,8.94,100.0,1.68,35.54
RTX,2001-10-03,9.139065930768272,9.648763056638131,9.05505044333471,9.534873962402344,11344824,104.54853870922905,75.29675097027962,61.475695389451666,51.2824935460478,47.901678994712164,9.31,100.0,1.37,34.7
RTX,2001-10-04,9.6618363340409,9.988565262975394,9.540479066361568,9.764521598815918,14379497,104.04324132385874,75.54211772512785,61.603831462339684,51.2931363320169,47.80357407579059,9.65,100.0,1.1,34.59
RTX,2001-10-05,9.755184613493789,9.876540716110592,9.521806709588912,9.652498245239258,9851800,103.9566537114133,75.5301998646926,61.61583257817961,51.059818682049126,47.726423142360396,9.98,100.0,0.85,34.53
RTX,2001-10-08,9.641295065198717,9.773853907828823,9.531141713522329,9.689838409423828,7501987,103.50589594868238,75.55144626523472,61.44897253518952,51.06030964004907,47.704456268350114,10.29,97.0,0.63,34.82
RTX,2001-10-09,9.66184045960348,9.686112149844275,9.391122331113428,9.52181339263916,8277101,103.49025363822338,75.58203122865656,61.46903448315033,51.047748532242274,47.60100156309138,10.58,97.0,0.42,34.66
RTX,2001-10-10,9.559153343144567,9.818669265287442,9.53114815807367,9.745855331420898,9465037,103.7334277477593,75.81278098004931,61.624503957735996,51.10457085429988,47.66400470575733,10.86,100.0,0.25,34.41
RTX,2001-10-11,9.988558547493236,10.063238586965907,9.783185892608564,9.83919620513916,10224579,103.85245816362729,75.36432731758013,61.639308188035024,51.02853505027224,47.57005080128694,11.13,100.0,0.09,34.39
RTX,2001-10-12,9.764522256452343,9.783193128909007,9.568486017593818,9.67863941192627,9620124,103.80063142095221,75.32372097806432,61.144613969605864,51.03508288195502,47.58568309441911,11.37,93.0,-0.04,35.26
RTX,2001-10-15,9.801858351472692,9.904544707535225,9.68236957599052,9.898943901062012,8349559,104.24338737702973,75.54830569734638,61.16235072079198,51.08971177184728,47.572766152354596,11.61,93.0,-0.16,35.23
RTX,2001-10-16,10.063244984890865,10.287287509157476,9.997899201492057,10.081915855407715,12787954,104.5011057427492,75.51593789959041,61.02480731265676,51.14111926689727,47.54249328892053,11.83,91.0,-0.25,35.51
RTX,2001-10-17,10.100585079268733,10.111787827348719,9.682372539519825,9.708510398864746,10211232,104.65946830664596,75.76531682671983,61.2428520697327,51.137020944115065,47.68257316933581,12.04,93.0,-0.36,34.83
RTX,2001-10-18,9.605824924702695,9.607692238177743,9.331373414518337,9.409788131713867,10344390,104.78748165048708,75.87839042213707,61.35393682401913,51.124325745309065,47.52463829850985,12.25,93.0,-0.47,34.49
RTX,2001-10-19,9.447125083412567,9.695439216309875,9.372444451768445,9.689838409423828,7825825,105.19118897081215,76.21405018791361,61.59736944942507,51.24912602702398,47.5531584478118,12.45,96.0,-0.56,34.07
RTX,2001-10-22,9.624497707905245,9.932555829161693,9.587157089512417,9.850407600402832,6245406,105.45353733275445,76.35364059994299,61.68982501434781,51.272120245082284,47.45885199140559,12.65,100.0,-0.65,33.95
RTX,2001-10-23,9.941886993239544,9.997897330900475,9.74584967972141,9.885876655578613,6452611,105.47256159108332,76.31649817622579,61.69308063266534,51.26417248553593,47.350048535260434,12.83,100.0,-0.73,34.02
RTX,2001-10-24,9.884014110734931,10.044578212412729,9.669306958320094,9.947492599487305,6679838,105.54583748795974,76.3497975014703,61.70998740118917,51.2612022812807,47.32110868764444,13.01,100.0,-0.8,34.0
RTX,2001-10-25,9.867206986760674,10.21260675159076,9.652499911851308,10.169665336608887,6941388,105.64634144963627,76.55423213288012,61.80157866826463,51.33887511143399,46.921689352961224,13.17,100.0,-0.86,33.99
RTX,2001-10-26,10.169666495092956,10.686830847058632,10.169666495092956,10.643889427185059,10930413,106.63710056321882,77.24474904547064,62.19148383449531,51.6391598296148,47.1212021858026,13.34,100.0,-0.91,33.23
RTX,2001-10-29,10.64202277159733,10.64389008519557,10.104320201490092,10.164066314697266,12139642,60.12414627674849,77.71690228410235,62.55280810077052,51.90748074211244,47.287002830443505,13.5,100.0,-0.96,32.2
RTX,2001-10-30,10.081912451977693,10.083778633035328,9.801858542405602,9.981093406677246,6975074,60.453604876089216,77.67970806292664,62.524903996114624,51.94408228363285,47.280643014541894,13.65,99.0,-1.03,32.11
RTX,2001-10-31,9.981094562331048,10.270482805812033,9.981094562331048,10.061376571655273,10525536,59.68820563126851,77.70318081358981,62.5316087935331,51.93811131801066,47.277998940877424,13.8,99.0,-1.1,32.1
RTX,2001-11-01,10.06324508713376,10.128590871196481,9.839202560590868,10.02590560913086,7183233,42.903883350552356,77.69976809086107,62.41388785967993,51.93852067027228,47.116776047741325,13.93,97.0,-1.16,32.48
RTX,2001-11-02,9.941891597592498,10.208875613355822,9.904550977956823,10.134194374084473,6038836,42.87132727896537,77.76090366040694,62.42621500697485,51.95820258210222,47.1155894244057,14.05,97.0,-1.22,32.47
RTX,2001-11-05,10.156596542634126,10.384373707148209,10.132325993914906,10.317160606384277,7405693,40.742598676901174,77.88129210145082,62.45950265119912,51.860494910684764,47.08792143330489,14.17,97.0,-1.27,32.58
RTX,2001-11-06,10.315293202777841,10.6140169607475,10.16219839437722,10.578543663024902,5816376,39.243629812980224,78.07849708185749,62.61443183556541,51.95760707159908,47.13710755636805,14.28,100.0,-1.3,32.41
RTX,2001-11-07,10.541207013624252,10.632691828397112,10.361973144161231,10.380642890930176,7849342,36.67966798686562,78.04514846114834,62.66047730099423,51.89515131539301,47.143454006092796,14.39,100.0,-1.34,32.22
RTX,2001-11-08,10.52066841035018,10.763381872998375,10.47399348441752,10.614019393920898,6940752,36.89648817212235,78.10569785473163,62.794748188426055,51.965581038094264,47.19894672040504,14.48,100.0,-1.38,32.04
RTX,2001-11-09,10.60468555890687,10.716707435146622,10.548675186639779,10.653227806091309,4347504,36.43556074313478,77.9947233800685,62.52675638615197,51.960654912096416,47.143327802884016,14.57,95.0,-1.4,32.84
RTX,2001-11-12,10.455323302998071,10.457190617036895,9.969897477170885,10.324631690979004,13819215,37.95031878962498,78.16965928451786,62.531069964674735,52.07241497132333,47.072634167206786,14.66,95.0,-1.43,32.83
RTX,2001-11-13,10.595346008055584,10.733505687861289,10.501995056571461,10.632686614990234,7409189,37.56338621236636,78.47917146231511,62.36590658722342,52.198307369254074,47.105042034544475,14.74,89.0,-1.45,33.15
RTX,2001-11-14,10.777960487940765,10.922291292441107,10.680490894971653,10.90542221069336,7656438,36.414233245662565,78.57427835540169,62.24198698753902,52.270663141597936,47.174028546880955,14.82,88.0,-1.46,33.76
RTX,2001-11-15,10.77796026162075,10.939161280678512,10.77796026162075,10.824821472167969,6876556,36.09743001574895,78.10286387074214,62.24205543919208,52.23632729863852,47.177117974355866,14.89,88.0,-1.47,33.76
RTX,2001-11-16,10.824816232458266,11.027254200748157,10.744215761943726,10.94290542602539,5708641,35.87285318468296,78.02971876939836,62.2766817851811,52.21919822298145,47.12113403375457,14.95,88.0,-1.48,33.73
RTX,2001-11-19,10.965404470243813,11.199707125135966,10.927915727326562,11.143474578857422,5431520,36.100469293408274,77.93759673197982,62.349149667311174,52.21482218525819,47.15756643586149,15.01,88.0,-1.48,33.7
RTX,2001-11-20,11.134094520443503,11.134094520443503,10.916659981908166,11.021628379821777,5940000,35.80188442510804,77.87721609528766,62.36300243147037,52.225991843866616,47.130406600616645,15.06,88.0,-1.48,33.61
RTX,2001-11-21,11.021634487329491,11.068494553076828,10.78545602924527,11.023508071899414,4078010,35.394859689864106,77.8026579787504,62.3624633189719,52.22582052386399,47.13044944147322,15.1,87.0,-1.48,33.61
RTX,2001-11-23,10.993518580871948,11.2090773900007,10.976648365829021,11.162216186523438,1757434,35.44490376414339,77.86750476600133,62.40573345838192,52.15061885829573,47.09397205577533,15.14,89.0,-1.47,33.58
RTX,2001-11-26,10.993517237434489,11.330913543701174,10.993517237434489,11.330913543701172,6459285,35.02168068397254,77.95284211260113,62.42203739858302,52.18434877373341,47.10350284786056,15.18,90.0,-1.46,33.56
RTX,2001-11-27,11.246560466208063,11.293420509910636,11.105978062712607,11.212820053100586,5391795,34.91423588656662,77.96760091324317,62.4068161961664,52.15177898990431,47.11152364747986,15.21,88.0,-1.45,33.61
RTX,2001-11-28,11.0778637360731,11.302794939072765,11.040375012874145,11.08536148071289,5922203,34.93030368952933,77.87723394303315,62.26145201779042,52.15883433899936,47.10026850980772,15.24,81.0,-1.45,34.05
RTX,2001-11-29,11.087235551268414,11.546470395207283,11.040374365967018,11.537097930908203,7926568,34.27550999005513,78.16057356333786,62.459114812977745,52.390479479818154,47.27354514356002,15.26,91.0,-1.43,33.66
RTX,2001-11-30,11.527732753441837,11.57459283217011,11.22782393204097,11.2840576171875,9678599,33.516608368833445,78.15947601326107,62.54258729103858,52.23542847774304,47.255765581881285,15.28,96.0,-1.42,33.38
RTX,2001-12-03,11.10598473648995,11.154720665555034,10.986021907225275,11.042254447937012,8744903,33.69749941467757,78.19659411799624,62.61622567017796,52.269838296543846,47.2220427340121,15.29,98.0,-1.41,33.08
RTX,2001-12-04,11.24656296017809,11.434005448942234,11.143469250499574,11.417135238647461,5666692,34.572317506010414,78.52955242070352,62.86846778812028,52.04241096067241,47.29238549843982,15.3,100.0,-1.39,32.68
RTX,2001-12-05,11.462123051582992,11.62144929931919,11.302796803846794,11.5558443069458,8514498,34.63139817649561,78.57808684766867,62.886972926355455,52.049373901242376,47.28527216811764,15.31,100.0,-1.37,32.76
RTX,2001-12-06,11.602700506969203,11.602700506969203,11.443374327833807,11.583956718444824,5864046,34.63916469729501,78.58185852150464,62.88955836979143,51.59709239631544,47.239484434012915,15.3,100.0,-1.35,32.78
RTX,2001-12-07,11.55022126704232,11.606453792950344,11.407765231756859,11.449002265930176,4134260,34.582133700561144,78.35846747903086,62.60532859061738,51.539314703886696,47.251215843334585,15.3,93.0,-1.32,33.18
RTX,2001-12-10,11.302794628648796,11.6626840890865,11.297171604371902,11.332785606384277,4526425,32.46139828218232,78.35402382828521,62.58955778850132,51.51645513105376,47.168923677253815,15.28,92.0,-1.3,33.12
RTX,2001-12-11,11.334663678015584,11.525854513320223,11.332788957304285,11.422761917114258,4941790,29.08942998636443,46.82746223877571,62.60973732008923,51.41165823835229,46.95720914605175,15.27,93.0,-1.27,33.12
RTX,2001-12-12,11.419006878312612,11.419006878312612,11.11534999209231,11.152838706970215,8560896,29.51279497264312,47.169110908886516,62.5995313035012,51.32806238660813,47.010485363364346,15.24,91.0,-1.25,32.93
RTX,2001-12-13,11.38714818929653,11.538976725775663,11.293426912563529,11.368404388427734,12941769,29.828792255039566,46.78127244257061,62.64703601962226,51.3783527958929,47.053144318027265,15.22,95.0,-1.22,33.0
RTX,2001-12-14,11.4152658221914,11.634574091315166,11.342163065816809,11.520233154296875,11853622,29.854058319309356,36.77410193489904,62.67334738679866,50.743248247708436,47.070454920715115,15.18,96.0,-1.19,32.96
RTX,2001-12-17,11.668306244504851,11.925103095092053,11.668306244504851,11.780771255493164,10179770,30.24817346832849,36.881432399841685,62.78817275502738,50.61982157321777,47.00171092459006,15.15,96.0,-1.17,32.79
RTX,2001-12-18,11.799522236483067,11.949476040148888,11.763907086120444,11.876373291015625,7550292,30.018074434478514,35.53409118344844,62.79643242025662,50.594110308822806,46.9762493900716,15.1,97.0,-1.14,32.86
RTX,2001-12-19,11.8295111006261,12.22313990660244,11.748910618970553,12.110674858093262,8714394,29.736172011814947,34.55188506219364,62.81244305009651,50.60100765728585,46.95001665538218,15.05,97.0,-1.11,33.02
RTX,2001-12-20,12.146288285334192,12.161283775911269,11.808892019738334,11.870747566223145,6794564,29.814773090745287,33.217334137845135,62.882867584733326,50.61628314002108,46.98765409798605,15.0,98.0,-1.08,32.76
RTX,2001-12-21,11.97759035238143,12.13879131832329,11.934478598256774,11.940101623535156,10852870,29.340862078951556,33.18095808554753,62.88445717404648,50.6216683409147,46.991779353236105,14.93,98.0,-1.05,32.83
RTX,2001-12-24,12.033822478408126,12.136915049339478,12.007579803466797,12.007579803466797,2202354,29.34492763095189,32.877494719289466,62.893823082328325,50.456262761697445,46.85194519182036,14.87,100.0,-1.02,32.83
RTX,2001-12-26,12.015077311675743,12.251255700526363,12.013203727655045,12.099427223205566,4076738,27.37653123088596,32.806935270381814,62.89506597648753,50.4553434143107,46.840539705900646,14.79,100.0,-0.99,32.92
RTX,2001-12-27,12.11629491152173,12.318732858141763,12.080680912482572,12.288743019104004,4160955,26.59888296814753,32.269647533152394,62.912910952759105,50.11625785313133,46.82942076377585,14.71,100.0,-0.97,32.89
RTX,2001-12-28,12.333730657849413,12.352475588980136,12.112548878343611,12.155660629272461,4922404,26.241797797205447,31.47560583263718,62.897126638591295,50.086796741605575,46.78327789325756,14.62,99.0,-0.94,32.94
RTX,2001-12-31,12.202523720788662,12.277501191578194,12.114426612854004,12.114426612854004,5438511,26.12046189254203,31.239249633464134,62.89825410836074,50.05160916920411,46.76369166596137,14.52,99.0,-0.91,32.93
RTX,2002-01-02,12.12753904854534,12.195018732185812,11.913855087974493,12.060060501098633,5528449,26.136804274691784,31.126692491625867,62.90054778311291,50.05183050213612,46.710398382215715,14.41,99.0,-0.88,32.9
RTX,2002-01-03,12.146289346569617,12.382466639502386,12.10130287090787,12.371220588684082,6904841,26.581620439403064,31.44464505726294,63.03775827304111,50.07256105837814,46.70624628837094,14.28,100.0,-0.86,32.7
RTX,2002-01-04,12.373093595620958,12.583029316773363,12.296241426293797,12.337479591369629,6555261,26.29687210295727,31.156473347189355,63.023904970310426,49.90330468987153,46.6892703170816,14.14,99.0,-0.84,32.68
RTX,2002-01-07,12.352472057001677,12.399332099041349,12.196894172355787,12.343099594116211,7058974,26.293622975965754,30.91395179695778,62.9290393493388,49.90345562682869,46.689400838663964,13.97,98.0,-0.82,33.01
RTX,2002-01-08,12.343099042774933,12.378713036716304,12.11067015419307,12.15378189086914,5844024,26.731597000906525,31.144130558400647,62.90238659558074,49.930662322532754,46.51142924766295,13.79,96.0,-0.79,32.91
RTX,2002-01-09,12.249379529473163,12.538040960595172,12.155658300358148,12.215639114379883,8680389,26.49288456065198,30.865680929481513,62.84025240935196,49.778083533393854,46.51467834799838,13.6,85.0,-0.77,32.99
RTX,2002-01-10,12.262502501346509,12.286870457050501,12.037571283797961,12.061939239501953,7210882,26.593315218563596,30.800618682803936,62.83567227743293,49.78512392080338,46.48519281611942,13.39,84.0,-0.75,33.0
RTX,2002-01-11,12.174406837726224,12.226891064625178,11.92698233282553,11.96634578704834,7071686,26.45456391271437,30.723856467904298,62.843181772533676,49.78617864527556,46.371658731887635,13.16,85.0,-0.72,32.97
RTX,2002-01-14,11.79013976462096,11.885735673619006,11.666427612304688,11.666427612304688,10922786,25.17491589173938,30.124981449275072,62.840632319235546,49.869925910752485,46.40424980646722,12.92,84.0,-0.68,32.97
RTX,2002-01-15,11.666438715709898,11.743289778175644,11.359033329652377,11.456502914428711,11942924,24.887415080278643,29.602913372027405,62.57661010393548,49.91062689377354,46.375833009089064,12.65,68.0,-0.65,33.3
RTX,2002-01-16,11.488361769397224,11.488361769397224,11.11722628023305,11.128472328186035,9052851,25.54281685322117,29.82572733730619,62.61380050505654,50.01929424924101,46.40414780056282,12.34,72.0,-0.61,33.19
RTX,2002-01-17,11.48086655473669,11.91198404848258,11.300920676101072,11.874496459960938,13831927,30.284258214303517,32.35185298069433,63.3652916791404,50.62026481202484,46.81024405578021,12.03,100.0,-0.59,31.77
RTX,2002-01-18,11.874492596973127,11.986957598339373,11.747030974405142,11.93072509765625,7373278,30.13170679225056,32.3533968493803,63.301947768925125,50.56724529526871,46.608427465154215,11.7,99.0,-0.57,32.03
RTX,2002-01-22,12.01508525707355,12.240016609573395,12.01508525707355,12.136922836303711,7344358,30.488931106868755,32.47500363282658,63.32617870470798,50.61065363307582,46.639689772415544,11.35,99.0,-0.58,31.99
RTX,2002-01-23,12.183785470052669,12.249390502823417,11.996342843906234,12.033831596374512,7947542,30.382139305431178,32.32489432049714,63.33631731798908,50.61389775996859,46.6158967044975,10.98,99.0,-0.59,31.92
RTX,2002-01-24,12.052568199383444,12.493058221118382,12.033824402451982,12.286871910095215,7668832,30.658141866796324,31.3076704375412,63.431872303457936,50.67871804882618,46.645230834160145,10.56,100.0,-0.62,31.81
RTX,2002-01-25,12.37122100150176,12.536170281571456,12.305616006354429,12.446198463439941,6575918,30.76540132187376,29.6958173465838,63.46931740139481,50.703763387891655,46.582761338701886,10.12,100.0,-0.67,31.8
RTX,2002-01-28,12.4274533536225,12.734859807015356,12.4274533536225,12.693621635437012,9547348,30.05508079232274,29.535758695294508,63.45154449757033,50.75067859208161,46.61094175498078,9.61,99.0,-0.69,32.04
RTX,2002-01-29,12.727361816714838,12.744230892942296,12.371220588684082,12.371220588684082,9683684,30.93187862151564,30.143435612916285,63.404722368477465,50.831002754932506,46.66430163974467,9.07,97.0,-0.69,32.16
RTX,2002-01-30,12.418078691237078,12.436823621238526,11.902611295302597,12.363720893859863,12131697,30.785626894295504,30.12047230296016,63.30770113228875,50.797282727866424,46.66277685406822,8.48,93.0,-0.69,32.48
RTX,2002-01-31,12.4574411005362,12.903555172514501,12.361845146812707,12.882935523986816,10359327,32.28995063619259,31.06228943402233,63.61087655701105,51.03674610584164,46.717233360741545,7.83,100.0,-0.69,31.95
RTX,2002-02-01,12.933546421547998,13.130362510681152,12.804212309403512,13.130362510681152,11174166,32.594429821747454,31.084740247389973,63.66779982744134,50.9961399191255,46.64300970709582,7.1,100.0,-0.67,31.95
RTX,2002-02-04,12.905428163809214,12.956037645919272,12.547412349374595,12.556783676147461,8707084,35.04268830101381,32.32961158795551,64.06729151059857,51.25785977045846,46.85032254628365,6.23,100.0,-0.67,30.89
RTX,2002-02-05,12.558664888985062,12.905434836099621,12.506180659907814,12.628019332885742,10130193,34.4773858951399,32.01435604987362,64.07229356163558,51.263147448593315,46.840209575315185,5.19,100.0,-0.67,30.92
RTX,2002-02-06,12.699238256094876,12.76296849189716,12.656126525740952,12.708609580993652,9451690,34.482822050328174,31.777098760921486,63.87671718322457,51.262728579396054,46.83844027780732,3.89,98.0,-0.68,31.51
RTX,2002-02-07,12.717992501338191,12.77984806302715,12.536171849350954,12.629894256591797,5564042,34.54757128411535,31.832702926118866,63.87172852760187,50.96305700324123,46.829655326729736,1.63,97.0,-0.68,31.45
RTX,2002-02-08,12.583029787451165,12.905431694241749,12.511801776284171,12.761099815368652,4751110,34.59702969802357,31.058410484169936,41.453942356015425,50.9141837328681,46.841237138801844,2.53,1.0,-0.63,6.53
RTX,2002-02-11,12.877312141993107,13.053508556264575,12.847321166270818,12.952289581298828,9049991,34.57494057842525,30.681973178294992,41.494281528344615,50.81693812341771,46.86444239374828,3.18,2.0,-0.57,6.52
RTX,2002-02-12,12.91480432501611,12.944795308781098,12.772348288326683,12.821083068847656,6121464,34.553076794384694,30.454751353568753,41.21878770778247,50.81616523339678,46.87437164871857,3.73,1.0,-0.51,6.8
RTX,2002-02-13,12.838952804811965,13.166275438848492,12.829546647775274,13.151226043701172,5149949,35.18203088479833,30.73133192302777,34.87709062036895,50.87762860707274,46.944652616320816,4.59,1.0,-0.61,0.01
RTX,2002-02-14,13.168156453335627,13.215186096651403,13.062810690864207,13.070335388183594,6608651,35.21523090916431,30.749371249367524,34.89170036409441,50.880644533197625,46.93720816133911,5.29,2.0,-0.74,0.01
RTX,2002-02-15,13.168155241533428,13.186966412961581,13.006374834193693,13.030830383300781,5858007,34.575285708592716,30.608252395383374,34.01389345479089,50.88014135777611,46.93779959241207,5.95,1.0,-0.78,0.03
RTX,2002-02-19,13.077859012119005,13.087265168065821,12.822020464536582,12.831426620483398,5502389,34.91157957067868,30.705553755446612,33.42827078715516,50.89302285212174,46.961940506375896,6.56,1.0,-0.77,0.05
RTX,2002-02-20,12.833309299209553,13.243402457730081,12.803210509542277,13.168156623840332,8061633,35.6292990703647,31.07167254746154,32.597709192469644,50.99222808820283,46.92721658620541,7.14,1.0,-0.87,0.0
RTX,2002-02-21,13.168151040966427,13.20577337182142,12.942411354446692,13.008252143859863,9074143,35.50229263964656,31.16035934191831,32.67505058611718,50.95954397870835,46.9418787735323,7.66,2.0,-0.97,-0.02
RTX,2002-02-22,13.008252957106622,13.186963030813235,12.923599856695677,13.111717224121094,7540441,35.53144600071584,31.073219051772906,32.47317384989304,50.91270659306094,46.87668090594274,8.14,1.0,-1.05,0.03
RTX,2002-02-25,13.111720947721196,13.262213744121981,13.074097463551412,13.17756175994873,13142301,35.25026064336888,30.960285171949643,32.41767361668296,50.91747381336001,46.87091373051685,8.59,1.0,-1.12,0.05
RTX,2002-02-26,13.337465913006161,13.534987286427945,13.205783096926979,13.506771087646484,13451838,35.63961528394751,31.140571968806825,32.193551117218774,50.97815825808806,46.93310889809703,9.02,1.0,-1.12,0.09
RTX,2002-02-27,13.54439144812802,13.901812923962133,13.497362936724876,13.723101615905762,11226921,34.67344841416397,30.310571857533986,31.66366329741418,51.00902892965205,46.95845328792526,9.43,1.0,-1.06,0.16
RTX,2002-02-28,13.883001747456602,14.099335408524034,13.70429043940023,13.723101615905762,10969820,33.993582075753636,29.86462720607484,31.50297205949279,50.902815612555074,46.95117887594608,9.82,1.0,-1.0,0.21
RTX,2002-03-01,13.704288918305528,14.061710354467985,13.638448097426169,13.958247184753418,9279124,32.45031535997997,29.53559236534682,31.48405595694801,50.93396685829654,46.95781744778018,10.18,1.0,-0.93,0.22
RTX,2002-03-04,13.960129519834563,14.626062522611235,13.960129519834563,14.532004356384277,11112195,29.30388438553718,29.861636807338716,32.01553860966019,51.09881091644076,47.10595707658361,10.51,4.0,-0.73,0.13
RTX,2002-03-05,14.466156702816129,14.468037021447575,13.798342555227098,13.901806831359863,20217165,32.832982133638424,31.40940395562003,32.750466681152126,51.34786166785192,47.28891371546911,10.81,10.0,-0.71,0.14
RTX,2002-03-06,13.901814054151362,14.127553891963066,13.866072017690058,14.108742713928223,12586787,32.764857700158956,31.500258355158262,32.64962846579247,51.37928609498369,47.26162996325189,11.09,9.0,-0.68,0.17
RTX,2002-03-07,14.174586336416368,14.174586336416368,13.740036293439971,14.050429344177246,8774458,32.631583941698906,31.384164133684,32.65960552483826,51.38089596005656,47.263152572524966,11.36,10.0,-0.66,0.17
RTX,2002-03-08,14.165175717449442,14.278045052902362,14.031612606236807,14.168938636779785,8504010,32.311206782107156,31.270815622616364,32.50985147557249,51.17181928086305,47.270790031190195,11.62,8.0,-0.65,0.22
RTX,2002-03-11,14.168940894520738,14.342007844607704,14.052307480874012,14.238543510437012,6810772,32.2193008647337,31.25969387556201,32.371976819372975,51.042869819827565,47.201329521540906,11.86,6.0,-0.63,0.26
RTX,2002-03-12,14.155771229154688,14.217850283199233,13.975179586961069,14.108742713928223,6195511,32.1211884308888,30.84705084300844,32.34862128481033,50.83190325862389,47.20852242664077,12.1,6.0,-0.63,0.27
RTX,2002-03-13,14.108746857007134,14.108746857007134,13.892411974546057,13.89993667602539,6355682,31.41040832007699,30.918535953957033,31.80877098875609,50.63994414774965,47.20206466134605,12.34,4.0,-0.65,0.32
RTX,2002-03-14,13.920633101488631,14.099343370180994,13.843504611621977,14.042908668518066,6291804,31.43286277746383,30.883209869127885,31.33024152644026,50.64670458867272,47.21117684850564,12.57,1.0,-0.7,0.43
RTX,2002-03-15,14.042896291326596,14.074876535564307,13.864185039868294,13.986461639404297,12966240,29.492281173867656,30.660203908791296,31.090498091125816,50.64905066959553,47.210654186000056,12.8,1.0,-0.74,0.51
RTX,2002-03-18,13.930026141980665,13.993986631809571,13.619634409561474,13.864185333251953,8436954,29.258258065738858,30.732218107566084,31.084654113074635,50.64615682659029,47.03955342350392,13.01,1.0,-0.77,0.51
RTX,2002-03-19,13.939428329467772,14.061703756504972,13.85477637389078,13.939428329467773,6408437,25.73296258478986,30.535040722663993,31.08625658857425,50.6499169618724,47.03003582500857,13.22,2.0,-0.8,0.51
RTX,2002-03-20,13.93943557653505,13.977059067555588,13.760724279257134,13.773893356323242,5244971,26.10672581471198,30.32691104054188,31.17848904249918,50.66991051829653,46.72114112883803,13.41,4.0,-0.84,0.47
RTX,2002-03-21,13.732503329161718,13.783294739374776,13.57260326264696,13.724977493286133,5941589,26.15053318285182,30.343639528777555,31.0496787453498,50.67031121338059,46.711663951185116,13.59,1.0,-0.86,0.52
RTX,2002-03-22,13.6779554667877,13.715578962560008,13.510531765809962,13.704291343688965,7600505,26.048657285817317,30.345638559995347,30.29666145215348,50.649012802306004,46.33964786652609,13.78,1.0,-0.87,0.63
RTX,2002-03-25,13.751317400937412,13.77953473031492,13.469142966883936,13.487954139709473,5489042,26.48907399709179,30.54874798085943,29.42876487576734,50.656557732384286,46.313046958339946,13.96,1.0,-0.88,0.6
RTX,2002-03-26,13.487950313613533,13.723095038482597,13.45032683835662,13.544384956359863,6515218,26.2120144149791,30.419386233878516,29.23612124475932,50.531681021025406,46.284084357577484,14.14,1.0,-0.91,0.67
RTX,2002-03-27,13.506767824615245,13.94884126355896,13.503004905500918,13.873594284057617,8134727,26.75696312648493,30.646475623215817,29.415049056645227,50.51814866463248,46.24823197367658,14.31,2.0,-0.95,0.59
RTX,2002-03-28,13.90181138094361,14.221609327992361,13.883000206526008,13.958247184753418,6669351,25.89862151290233,30.63405758327553,29.39852729392158,50.51981553556557,46.11908670418317,14.47,2.0,-1.01,0.6
RTX,2002-04-01,13.92063229531869,14.005284342910722,13.638456522786838,13.977066993713379,6141485,25.7843230585139,30.601562424983857,29.37587705458955,50.51864624569522,46.11568450871085,14.62,2.0,-1.06,0.61
RTX,2002-04-02,13.920631279576082,14.07676741911254,13.803998969921759,13.965778350830078,5073995,25.752966556258606,30.22905278435947,29.287896379414974,50.518245842891005,45.6050671695617,14.76,2.0,-1.1,0.66
RTX,2002-04-03,13.920626159310052,14.02409048761422,13.634688731719223,13.704291343688965,5431520,25.979925851433723,30.517872645629375,29.278324417546276,50.550416975103865,45.49505497568732,14.9,2.0,-1.11,0.67
RTX,2002-04-04,13.723091973382381,13.828437680572408,13.657252331735897,13.819032669067383,5762985,25.06972438032415,30.546319596608413,29.088404356507464,50.55839281005766,45.470485391677705,15.02,1.0,-1.15,0.74
RTX,2002-04-05,13.883002544551113,13.948843376518674,13.591421880163155,13.694886207580566,5857054,24.933406292594036,30.41854358810226,28.981546394734288,50.378586900367196,45.44267965317168,15.14,1.0,-1.17,0.8
RTX,2002-04-08,13.638447310708727,13.928146449755568,13.57072617448897,13.911216735839844,5164250,25.200846896613683,30.54174009844631,29.0558956720327,50.39892001351311,45.438055382588985,15.25,2.0,-1.19,0.76
RTX,2002-04-09,13.911218962659749,14.02220798183971,13.694885303453688,13.713696479797363,5289781,25.61666933826382,30.577539325871903,28.67188896406219,50.42669617454487,45.46063681882386,15.36,1.0,-1.26,0.83
RTX,2002-04-10,13.798349724262932,14.212207043816653,13.775775626453889,14.108742713928223,8572019,25.932381286374827,30.970089505998455,28.648718443353467,50.48025932966134,45.40722123985248,15.46,1.0,-1.3,0.84
RTX,2002-04-11,14.042896291326596,14.12566795035003,13.882997350694572,13.986461639404297,7549657,25.721468114776513,30.508281324846493,28.477279860468585,50.44935334107381,45.4094094344981,15.56,1.0,-1.32,0.93
RTX,2002-04-12,14.01467918523164,14.04289651163547,13.692999839782715,13.692999839782715,8194155,26.48962396690344,30.604883049040954,28.68272186233326,50.50193822942474,45.16994890547772,15.65,4.0,-1.33,0.85
RTX,2002-04-15,13.732504276311921,13.779532771830809,13.516169548034668,13.516169548034668,6490429,26.235696865148306,30.059437757104657,28.752591474181006,50.52324272895816,45.151176160393014,15.72,5.0,-1.34,0.83
RTX,2002-04-16,13.704290720370793,13.822804441593473,13.582015219881333,13.74755859375,6981748,23.79963048951581,27.343669517694625,28.73632148449184,50.55284752824251,45.157089723207434,15.79,5.0,-1.34,0.84
RTX,2002-04-17,13.685470132837244,13.685470132837244,13.070328993559967,13.130526542663574,21327876,24.04892281496828,29.077969027704082,29.661438016362684,50.78611316253414,45.38770588964314,15.84,17.0,-1.33,0.84
RTX,2002-04-18,13.158749213798336,13.262213508356343,12.509747259172498,12.650835037231445,28241615,25.58739879854806,29.95761052233849,30.29906167115301,50.97395576228102,45.47777702397135,15.88,19.0,-1.31,0.71
RTX,2002-04-19,12.791925058962033,12.980041385952324,12.588759334590227,12.970636367797852,16796683,26.894598837674327,30.30171628676028,30.47957416615914,51.054361781705005,45.4173120624527,15.91,20.0,-1.29,0.64
RTX,2002-04-22,12.980045939444631,13.164400551901766,12.867176559766529,13.121133804321289,10034217,27.021811083738783,30.1050028945754,30.445464785170333,51.0734686003834,45.43263500360021,15.93,20.0,-1.26,0.65
RTX,2002-04-23,13.074094908189377,13.139935707548174,12.923601000924624,13.02706527709961,8065446,26.95891076056862,30.050347646057414,30.417136743812485,51.06800440102928,45.43580958953045,15.94,20.0,-1.24,0.67
RTX,2002-04-24,12.980045218763301,13.128657776719134,12.855889364122415,12.874700546264648,8953062,27.021473877820085,29.895213791739746,30.42078214319523,51.063394832421416,45.330299137618496,15.95,21.0,-1.22,0.66
RTX,2002-04-25,12.820135928473077,13.032706544887812,12.613207407380838,13.008252143859863,8435365,27.048657123299876,29.46779644777523,29.825463019748643,51.05177481827561,45.3323139565009,15.96,18.0,-1.18,0.79
RTX,2002-04-26,13.008251444803712,13.175675027139615,12.83894640394278,12.857757568359375,7477834,26.916751449194393,29.577370843814727,29.661657246805312,51.06962859942795,45.340869722781676,15.96,18.0,-1.15,0.85
RTX,2002-04-29,12.904788156627466,13.151220472420086,12.744889256134364,12.773106575012207,6702402,26.936172321811373,28.380367437726132,29.460518114924,51.07516025988777,45.34508289968737,15.96,17.0,-1.16,0.93
RTX,2002-04-30,12.933012062040511,13.352512562353708,12.812618030828805,13.2001371383667,8831662,28.804631210572275,28.917303652609316,29.446806459222362,51.22385828717013,45.46693316846262,15.94,17.0,-1.13,0.93
RTX,2002-05-01,13.074095740661212,13.35438866530229,12.780633743087355,13.282904624938965,8669584,28.823471486524806,27.394090186209745,29.407798516512162,51.22133384880063,45.471619325917224,15.92,15.0,-1.09,0.95
RTX,2002-05-02,13.083505652191137,13.190732893147674,12.961230154195773,13.075982093811035,8101993,28.960697363887135,27.58592070254671,29.53210378629497,51.1854447501075,45.4916060415405,15.89,20.0,-1.04,0.9
RTX,2002-05-03,13.123013032462849,13.15875507263303,12.88598669129025,13.098557472229004,5316158,28.97224823810302,27.560776220420024,29.459297307551953,51.14252651473262,45.4493374660001,15.86,19.0,-1.0,0.93
RTX,2002-05-06,13.083501173102935,13.083501173102935,12.641427843871725,12.667763710021973,6188837,30.410161008359083,28.396442049153563,29.91859562842715,51.2499056717034,45.56656536253289,15.82,25.0,-0.98,0.81
RTX,2002-05-07,12.726088374969809,13.12677667935411,12.726088374969809,12.820146560668945,11167492,30.424478008904664,28.423476087299644,29.948893493765972,51.24686083769624,45.580679826932865,15.77,26.0,-0.94,0.8
RTX,2002-05-08,13.017657953061006,13.28102226710844,12.998846786482343,13.224586486816406,6778674,31.839903006426397,28.971710180366767,30.04890107615247,51.37902811328399,45.68843091395321,15.71,27.0,-0.98,0.77
RTX,2002-05-09,13.121121348452334,13.205773302850885,13.062805253570323,13.074092864990234,8444582,31.088504419618847,28.992470379617636,29.989282560311608,51.307177586532006,45.70112644478073,15.64,27.0,-0.97,0.8
RTX,2002-05-10,13.130536417348194,13.168159913832312,12.933013916015625,12.933013916015625,7445418,31.09429645666494,28.60166507966866,29.99068640207232,51.12010040782485,45.704627259205985,15.57,28.0,-0.95,0.8
RTX,2002-05-13,13.01766100690778,13.186966106945555,12.923602871393081,13.083501815795898,6716067,31.345527028569037,28.676546657223028,29.84498799919761,51.05145622513116,45.71564441205609,15.49,25.0,-0.9,0.87
RTX,2002-05-14,13.309248711555066,13.356278374690243,13.186973183794075,13.337467193603516,6737996,31.954772875611916,28.93708870909355,29.964012937618513,51.016618558517834,45.72922302666154,15.4,28.0,-0.85,0.81
RTX,2002-05-15,13.336519135987503,13.419577833670754,13.261012373235296,13.298765182495117,4922404,31.53287760043669,28.75818168278722,29.825145175707597,50.962762560163355,45.72772673710096,15.3,24.0,-0.79,0.88
RTX,2002-05-16,13.300649769200842,13.36671888488012,13.162848732322864,13.185501098632812,7345629,31.47813654652444,28.326786356619188,29.675414024462704,50.94711175217243,45.66194957378543,15.2,24.0,-0.73,0.94
RTX,2002-05-17,13.232692833029475,13.28554835506946,13.128869772223288,13.27044677734375,7487686,31.478373128369636,28.240225607833537,29.67800705265856,50.95299218961918,45.66422092097005,15.09,25.0,-0.66,0.94
RTX,2002-05-20,13.22325443368957,13.242130832629329,12.98729315366538,13.081677436828613,5918707,31.293778772985014,28.352714455007998,29.768652058509964,50.98034077221902,45.684853324186975,14.97,26.0,-0.59,0.9
RTX,2002-05-21,13.176065547669873,13.249685470116466,12.72302039918279,12.83816909790039,6637571,31.473042091024855,28.590271036650933,29.9108002514042,51.026525452010475,45.716124311490894,14.84,30.0,-0.53,0.84
RTX,2002-05-22,12.864596151842377,12.968418082146822,12.723019127998226,12.889135360717773,4953231,30.178830279447123,28.124589377454807,29.820039962738402,50.95694567633805,45.47932646166462,14.7,27.0,-0.47,0.89
RTX,2002-05-23,13.025049316567145,13.100557220298091,12.685266038242924,13.062803268432617,5590420,30.494246573749077,28.06578622672055,29.83348972381346,50.8579483314046,45.4497143006612,14.55,30.0,-0.39,0.88
RTX,2002-05-24,13.062802270992968,13.10810700977219,13.006171919635156,13.047701835632324,5673683,29.96185106817377,28.065340605526917,29.827736630036544,50.78861529837039,45.34619630144522,14.39,30.0,-0.31,0.88
RTX,2002-05-28,13.034488759294828,13.062802791870324,12.866483393564584,12.896686553955078,4577273,29.919596446360615,27.90129185013297,29.88119148322701,50.782852434609126,45.34879867468408,14.23,33.0,-0.22,0.86
RTX,2002-05-29,12.855159429716647,12.968420151478691,12.798527924603004,12.874035835266113,4057670,29.399066814287767,26.520037580959045,29.61735481814054,50.77411954842118,45.3188962513907,14.05,22.0,-0.16,0.97
RTX,2002-05-30,12.836277563915697,12.911785449190337,12.673937326923577,12.892909049987793,5544021,26.32039556662479,25.017142053725944,29.613559094123453,50.77411655579246,45.318832551713726,13.86,22.0,-0.1,0.97
RTX,2002-05-31,12.930657725435866,13.072233522365869,12.877802227273838,13.00050163269043,8170956,24.025391356877233,24.874864705654982,29.639902010775153,50.78223179605833,45.326945802517194,13.66,24.0,-0.02,0.96
RTX,2002-06-03,12.987298211720063,13.043928574826912,12.439868698477623,12.496499061584473,8071484,25.63296914424047,26.07270058399077,30.21135065596279,50.85910427385326,45.47974023023408,13.45,44.0,0.02,0.86
RTX,2002-06-04,12.553126145026015,12.572002546385708,12.317164834751837,12.488945007324219,7314803,25.34699898576051,25.985149575745154,30.201841140153,50.84937535902282,45.479279910197135,13.23,44.0,0.06,0.87
RTX,2002-06-05,12.534246401892636,12.987291356061956,12.490829660531613,12.934435844421387,7692667,27.415980329046498,27.045189132001408,30.63042707357321,36.08032802550193,45.57976469057985,13.0,52.0,0.17,0.75
RTX,2002-06-06,12.93066538343533,12.949541786128016,12.790976341965614,12.826842308044434,8922871,27.308951703911582,27.03608566056636,30.633342610189747,36.10036252843209,45.54120955164394,12.75,53.0,0.28,0.75
RTX,2002-06-07,12.704145397476069,12.985410376565868,12.68526784673577,12.904239654541016,7316709,27.19417133859072,26.935594647412863,30.357235860659955,35.91162927464059,45.54613797643514,12.49,48.0,0.36,0.85
RTX,2002-06-10,12.977852077419309,13.166620610223484,12.90989499368628,13.042033195495605,5423893,27.15068727175249,26.942774710056046,30.23826593534416,32.01907896677967,45.53728815989349,12.22,46.0,0.29,0.89
RTX,2002-06-11,13.138314775867672,13.251575518297825,12.911792146774534,12.972198486328125,7538216,27.12502351845129,26.950119644885127,29.864677359686127,32.00359397665703,45.53363110323789,11.94,36.0,-0.57,1.02
RTX,2002-06-12,12.949546036817395,13.204383850097656,12.879702065272474,13.204383850097656,6679203,25.881151802839103,27.180873206808087,28.210902507811316,31.466486962423662,45.486157671798075,11.64,1.0,-0.64,0.37
RTX,2002-06-13,13.166625235158778,13.204379183827545,12.968417862822067,12.977856636047363,5385121,26.284900107964255,27.356788138643694,28.354470719095186,31.082187028253067,45.50738219798633,11.31,2.0,-0.73,0.3
RTX,2002-06-14,12.817402369186755,12.992957360773323,12.609756237284747,12.883471488952637,7732074,25.98136046676623,27.295263903550637,28.26221632238121,30.547234087904307,45.46263761055226,10.97,2.0,-0.76,0.32
RTX,2002-06-17,12.885356686115731,13.176060292533746,12.883468703156627,13.115653991699219,8148392,26.516541227617225,27.56498416178942,28.355633814166374,30.574621742873365,45.487078116239275,10.6,4.0,-0.85,0.3
RTX,2002-06-18,13.043924095253708,13.25723301983151,13.006170151403795,13.185501098632812,4961494,24.5714339433766,27.592460968919852,28.184313311790284,30.433905415127466,45.49081852263947,10.2,1.0,-0.86,0.36
RTX,2002-06-19,13.138310505797742,13.402587011219616,13.079792169432396,13.196828842163086,8128371,24.364189512695546,27.40952947670552,28.116619658448162,30.390801908993105,45.49077524003829,9.77,1.0,-0.84,0.38
RTX,2002-06-20,13.204375042530343,13.33651324931222,12.98729133605957,12.98729133605957,6701131,23.098119924177414,27.5782957728768,28.07029981788035,30.206859261296188,45.343118956438225,9.31,1.0,-0.82,0.37
RTX,2002-06-21,12.826845600477181,12.89291474320908,12.402115560662512,12.411554336547852,14128435,26.342328090884422,28.568756263307364,28.697733923314182,30.340505572799888,45.46315214567149,8.82,12.0,-0.83,0.44
RTX,2002-06-24,12.194464623592525,12.666387215435721,12.081203933858829,12.553125381469727,11736990,26.459913049199645,28.65138135654256,28.753588163222656,30.247062242662658,45.29606931864372,8.28,15.0,-0.85,0.43
RTX,2002-06-25,12.553117537585896,12.738111178686585,12.449294540716174,12.468172073364258,9205077,26.236553539558738,28.662120546071595,28.011657482829673,30.2236852807793,45.12616934136123,7.68,1.0,-0.86,0.46
RTX,2002-06-26,12.326599892925964,12.402107764075165,12.062323488135782,12.241654396057129,9132619,25.901400100655053,28.857894573833615,27.982497374220888,30.312439851671996,45.156375714575894,7.0,1.0,-0.83,0.43
RTX,2002-06-27,12.317164308280912,12.628633499145508,12.235994756094524,12.628633499145508,9000732,27.710340605136697,29.43625448832664,27.534226494772213,30.43369636917688,45.26680023654628,6.22,1.0,-0.83,0.4
RTX,2002-06-28,12.553130086940296,12.932555370545298,12.553130086940296,12.81740665435791,7422219,28.0367118936678,29.55762335063718,27.620186293594323,30.365456161911396,45.2820468575197,5.29,2.0,-0.82,0.37
RTX,2002-07-01,12.789087157044085,12.796637946258342,12.458741559210747,12.519147872924805,6216804,28.690231340618844,29.868827065277397,27.8559598380858,30.494558888904972,45.341616979112665,4.15,3.0,-0.82,0.27
RTX,2002-07-02,12.519147366556812,12.519147366556812,12.222779760058787,12.288848876953125,7542030,28.874998921249347,29.85245174288061,27.993099909049462,30.51294567318939,45.378042134416326,2.48,5.0,-0.79,0.21
RTX,2002-07-03,12.345477622956084,12.424761468348137,12.01513322549516,12.237879753112793,5464571,28.447614671808953,29.747096009245976,27.947793138238193,30.415323880869988,45.378770854643165,2.23,4.0,-0.76,0.22
RTX,2002-07-05,12.723013240341087,13.072235107421875,12.675820539487619,13.072235107421875,5370502,34.524889777671156,32.26950938146592,29.7758544618289,31.302578798243697,45.84431605238654,1.93,46.0,-0.76,1.07
RTX,2002-07-08,13.072237759283007,13.164734052872225,12.789084929416962,12.855154037475586,6353775,34.64970539644327,32.39046818383862,29.851641535697876,31.029978095011014,45.85313083777492,1.58,53.0,-0.75,1.04
RTX,2002-07-09,12.826840853995982,12.968416718723235,12.6210827100779,12.628633499145508,5820189,35.008673395635256,32.30850477323467,29.703460669790083,30.869933505356776,45.78834933872347,1.5,45.0,-0.79,1.11
RTX,2002-07-10,12.723018184635889,12.773985726363547,11.986819088311526,12.118958473205566,7712370,36.78562335332752,33.24596976489012,30.388975504704703,31.10615438989104,45.89567032418883,1.42,70.0,-0.75,0.97
RTX,2002-07-11,12.081202334095243,12.307724827799372,11.824476688666277,12.11706829071045,10901176,36.789746555601035,33.016944408797904,30.386930939403488,31.053977203030325,45.893722791986995,1.36,70.0,-0.74,0.97
RTX,2002-07-12,12.11707182012855,12.232220511445485,11.747084247962764,11.95095443725586,7967564,36.92995486718154,31.83120849794277,30.368108031485423,31.10289626818527,45.91162364647482,1.32,70.0,-0.66,0.98
RTX,2002-07-15,11.911314280064188,11.930190684277248,11.307253325990695,11.769737243652344,10526807,36.96116436177932,31.09076693705684,30.152311840806412,31.156621678775654,45.93523844755435,1.29,64.0,-0.54,1.07
RTX,2002-07-16,11.703670834567642,11.873563088928451,11.439395392957591,11.684794425964355,9538767,35.36130876908802,30.630179789160795,30.11603864575527,31.069425782002302,45.92740644391369,1.26,64.0,-0.42,1.09
RTX,2002-07-17,12.08120823059437,12.288853283700135,11.835808075173208,12.260538101196289,16740115,38.255610933921055,32.18407375145587,31.081303878129436,31.1219902624358,46.18348454149263,1.24,82.0,-0.49,0.99
RTX,2002-07-18,12.260529582216432,12.505928422894494,12.100076230027259,12.166145324707031,11572369,36.770353386160124,32.18855406731795,31.0878214367148,30.634945231337586,46.035956891229354,1.22,85.0,-0.56,0.99
RTX,2002-07-19,12.166148744411483,12.166148744411483,11.605505845487118,11.63570785522461,11418872,38.756008470445764,33.33330501805542,31.583250276797937,31.024492472943948,46.23384941666241,1.21,91.0,-0.49,0.98
RTX,2002-07-22,11.656475378027698,11.920753046464911,11.063742326489551,11.326130867004395,12991346,39.24664739235448,33.63418313403935,31.715359989941593,31.18647750174509,46.3080819609459,1.21,92.0,-0.25,0.96
RTX,2002-07-23,11.51490016236536,11.81693065694621,11.382761892500776,11.567755699157715,12779374,39.70922704624492,33.914583901057696,31.9242215092311,31.276029548362576,46.310536061847934,1.22,93.0,-0.24,0.86
RTX,2002-07-24,11.514905533361912,12.29640875850089,11.311035226302451,12.175597190856934,12984672,42.804980616452134,35.590427911080184,32.88230912395928,31.819087415790843,46.57206377116319,1.24,100.0,-0.28,0.84
RTX,2002-07-25,12.177478069517884,12.45874416848108,11.854684337527532,12.364359855651855,11800232,42.715381079978144,35.05974052149911,32.31216054148875,31.8017367859479,46.591151269812876,1.25,93.0,-0.33,0.95
RTX,2002-07-26,12.505936193858371,12.505936193858371,12.118961298572922,12.419102668762207,6494243,42.510988052470104,35.0453581001155,31.59025719383482,31.675904838053647,46.59242396344754,1.23,90.0,-0.34,1.07
RTX,2002-07-29,12.515371215439606,13.251569118383486,12.515371215439606,13.23269271850586,9166623,46.43253918659524,37.31949680214002,33.122067641003134,32.44120224468836,47.02098276261124,1.24,100.0,-0.29,1.25
RTX,2002-07-30,13.213823033687587,13.602687138025427,13.12510150628806,13.402591705322266,13544318,46.293809792032874,37.40715989798705,33.18518393531717,32.37463219664194,46.99467094181093,1.25,100.0,-0.24,1.2
RTX,2002-07-31,13.251570504444086,13.304426031555103,12.862707701279737,13.119433403015137,10214410,46.70729470186559,37.02034036338234,33.31856738317423,32.483986244126726,47.04255522484726,1.27,100.0,-0.18,1.17
RTX,2002-08-01,13.072241264211598,13.072241264211598,12.798525987656731,12.826842308044434,7185776,47.15340009850179,37.24245028543069,33.484281073448386,32.37684434975264,47.08928634261666,1.3,100.0,-0.14,1.13
RTX,2002-08-02,12.836283013965623,12.953319713716828,12.175592742108405,12.40400218963623,9433893,47.90667979745524,37.29433690639725,33.855842637870346,32.46130359201327,47.20674805930937,1.33,100.0,-0.14,1.03
RTX,2002-08-05,12.403994969426146,12.403994969426146,11.84335215620498,11.911309242248535,10890370,47.543156045457295,38.107516586038365,34.35880989046889,32.69679886645616,47.368491444037566,1.39,100.0,-0.19,0.93
RTX,2002-08-06,12.137843140248453,12.449311408643275,12.10008916802993,12.307735443115234,10266847,48.436454307972845,38.69580554306273,34.73883527706387,32.9046468174037,47.46705907036005,1.47,100.0,-0.2,0.8
RTX,2002-08-07,12.420987703250155,12.713579357134874,12.235995082507289,12.677713394165039,7808346,49.179605333221744,39.11722778288002,35.08095653788527,33.060604981987076,47.541271050382235,1.55,100.0,-0.15,0.67
RTX,2002-08-08,12.76077285984516,13.079791723648322,12.658837770568859,13.009947776794434,10296720,49.372511065205224,39.283836999444205,35.315324471697224,33.13002202005709,47.61280942167424,1.63,100.0,-0.09,0.56
RTX,2002-08-09,12.836282802117658,13.070357341989663,12.798528844073788,13.00617504119873,6372208,48.59735591619095,39.280408382992604,35.3020636380676,33.100294661512635,47.612803607876145,1.71,99.0,-0.02,0.57
RTX,2002-08-12,12.817406264980223,13.009950876931256,12.67582920981238,12.921229362487793,5289463,48.46265402330214,39.264743797666384,35.26866508357641,33.11199406318868,47.6156439776027,1.79,98.0,0.04,0.58
RTX,2002-08-13,12.779650890027588,12.781538873759393,11.782952239496046,11.792389869689941,20635390,54.92258074720395,43.44274546832378,38.09802964896566,34.836669317735286,48.475220916248006,1.95,100.0,-0.0,1.7
RTX,2002-08-14,11.722546861395209,11.769738448876561,10.969359147484068,11.58096981048584,29023085,54.91027432622006,43.495302226481435,38.18876514256529,34.86018014994088,48.456905319463104,2.11,100.0,-0.02,1.65
RTX,2002-08-15,11.514899178828228,11.741421744357448,11.137360806791191,11.656475067138672,20977978,54.96035111002584,43.38775276608964,38.14190220478376,34.84538560539761,48.42778218152514,2.25,99.0,-0.07,1.68
RTX,2002-08-16,11.798053670156477,11.986822309186309,11.514900711611727,11.560205459594727,11000965,51.10492500297552,43.393230813448326,38.14637331541875,34.83259015675839,48.39989737386324,2.37,99.0,-0.11,1.67
RTX,2002-08-19,11.573417285535585,11.967944069712974,11.429952272232224,11.941516876220703,12692614,52.0277366487249,43.852017229898024,38.3136453690872,34.72348732715909,48.495582872021174,2.5,100.0,-0.14,1.62
RTX,2002-08-20,11.913203333097544,11.967945711191932,11.722546713232163,11.80749225616455,8283139,51.89548301462715,43.8977908086535,38.32536069792827,34.64855316115189,48.50623231756815,2.61,100.0,-0.19,1.61
RTX,2002-08-21,11.901301231202158,11.977104914749074,11.484376951131715,11.609453201293945,9200946,50.776776596152864,43.962231696778865,38.398295007216525,34.610818041359934,48.468723639030244,2.72,100.0,-0.23,1.58
RTX,2002-08-22,11.692832523736895,11.89939972427387,11.53174819925547,11.797063827514648,7646904,51.02822137140504,44.11303979829716,38.50289516014792,34.43758309479101,48.341350787805645,2.83,100.0,-0.29,1.53
RTX,2002-08-23,11.759164813130871,11.863396146889041,11.406674145409546,11.461631774902344,5259908,51.54258109966262,44.46328556922185,38.64815369610067,34.57870306470576,48.36003371566479,2.93,100.0,-0.31,1.48
RTX,2002-08-26,11.461634144804,11.486271002030806,11.021968423025303,11.347928047180176,8341932,51.4411518972767,44.44073555140699,38.63533982507398,34.597327191538774,48.30099129462348,3.02,99.0,-0.31,1.48
RTX,2002-08-27,11.522273915860225,11.685253670033742,11.35171368128953,11.446470260620117,10408268,51.48550728872715,43.80721078986142,38.65504155138705,34.58507437859634,48.27108347169361,3.11,100.0,-0.35,1.47
RTX,2002-08-28,11.40857308381452,11.435104202990182,11.112935361652733,11.236117362976074,6546044,49.58636622183993,43.946318816527274,38.64316438991014,34.63379127382467,48.28335318547518,3.19,98.0,-0.36,1.48
RTX,2002-08-29,11.086401916179671,11.272122008903457,10.876043820135994,11.135674476623535,7921165,49.598255525697994,43.29257114828449,38.60974474810583,34.63681966982783,48.29012480517784,3.26,96.0,-0.34,1.49
RTX,2002-08-30,11.152732824471492,11.45594987185542,11.086403879968977,11.2550687789917,6041378,48.13179528459946,43.358059001470316,38.355146732334674,34.54422707916473,48.30331282364683,3.33,93.0,-0.48,1.59
RTX,2002-09-03,11.162206391297381,11.162206391297381,10.707379719413987,10.741491317749023,9345227,49.37710891779172,44.2691022802822,38.98684340271097,34.90856792173991,48.520829846703045,3.4,100.0,-0.32,1.4
RTX,2002-09-04,10.688428805531132,11.01249300175063,10.546295043532327,10.991645812988281,8557401,49.45715059208431,44.505065379179975,39.08279072916476,34.981004168315906,48.52856999809835,3.47,100.0,-0.34,1.37
RTX,2002-09-05,10.896891565621155,10.989752775256653,10.641051684575487,10.781290054321289,7406647,47.06663111549068,44.63049469371573,39.14014137487544,34.94916401053232,48.475792040031926,3.54,100.0,-0.29,1.35
RTX,2002-09-06,10.877941936150687,11.190634897705944,10.877941936150687,11.118620872497559,5482686,47.826368058037296,44.97000278548295,39.374118531729266,35.130644477105584,48.52928369632487,3.61,100.0,-0.4,1.27
RTX,2002-09-09,11.07692047817699,11.34223607630475,10.857087750939371,11.205788612365723,6091590,47.88546846174002,44.92009088074714,38.77197673049517,35.06445270209297,48.51601940867771,3.67,96.0,-0.51,1.44
RTX,2002-09-10,11.247487476283771,11.654937046950105,11.143257259352577,11.599979400634766,10136231,45.026417959813045,45.542240877566464,38.76746515426205,35.22976463694555,48.63663125966651,3.72,95.0,-0.61,1.46
RTX,2002-09-11,11.84444293295709,11.880449928643644,11.683358581668719,11.810331344604492,8772233,45.22387659001189,45.54427125178998,38.66460702952738,35.28792572879041,48.67080856874196,3.78,94.0,-0.67,1.49
RTX,2002-09-12,11.768647081908911,11.787597721623456,11.569660195610043,11.579134941101074,7981865,45.17403117429997,45.66813333957453,38.72686592946493,35.35815540571478,48.709184961179,3.83,94.0,-0.74,1.46
RTX,2002-09-13,11.25696270479433,11.296759377016219,10.81919126922938,10.991645812988281,13732774,46.99154748174236,46.79277519323978,39.54865720800328,35.87384511283439,48.88252537512911,3.9,100.0,-0.8,1.27
RTX,2002-09-16,10.94427156653025,11.366881000423515,10.934795673550283,11.332769393920898,8946706,47.298630516788506,47.21332441517404,39.84413275795126,36.01246849570364,48.97271544514364,3.97,100.0,-0.89,1.18
RTX,2002-09-17,11.370667447880342,11.389618077826084,10.96890306520451,11.020071029663086,8702953,46.56771851589714,46.6676990850038,40.02388757274111,36.13877551784873,38.52164609057235,4.03,100.0,-0.94,1.11
RTX,2002-09-18,10.934794598988372,11.0105994379141,10.821088489331993,10.915843963623047,8598397,45.3768253927449,46.60899824273129,40.01177909195492,36.152777477974624,38.534280499414265,4.09,99.0,-0.99,1.12
RTX,2002-09-19,10.773706514215824,10.989749657322461,10.722538552523703,10.840035438537598,7021473,44.24631706483338,46.60974250269714,40.012969977293736,36.15773093608139,38.42379528938806,4.15,99.0,-1.02,1.11
RTX,2002-09-20,10.991646764563242,11.181157697813413,10.955639756169637,11.035235404968262,10962829,43.81553499716685,46.66895096840212,39.75303796847498,36.091528892524146,35.968901079151415,4.19,96.0,-1.07,1.19
RTX,2002-09-23,10.821085727121714,10.96890340219635,10.678951977600349,10.879834175109863,6722741,43.85731937431209,46.22832678295959,39.7801427886909,36.12630864217795,35.97814086810926,4.24,96.0,-1.11,1.17
RTX,2002-09-24,10.802133878568323,10.877938697657703,10.517867530081027,10.608833312988281,8828166,44.212019509321394,46.316159012075566,39.89222655988714,36.24234965631356,35.68165070671867,4.28,97.0,-1.09,1.13
RTX,2002-09-25,10.754756055688622,10.972693461028006,10.555769279570637,10.923420906066895,9591840,37.39457548141883,46.58548736923157,40.196829329524824,36.374007547448414,35.47997351278457,4.33,100.0,-1.14,1.04
RTX,2002-09-26,10.94995227011596,11.482479092962144,10.923421158845676,11.380143165588379,11180840,39.13812571142152,47.28824560173763,40.4412504923441,36.69910421727256,35.37787743573911,4.38,100.0,-1.18,1.0
RTX,2002-09-27,11.20010708947148,11.243694571839681,10.72632870875222,10.739595413208008,9558471,42.44066276224212,48.69136379979123,41.379079225114474,37.298179929272436,35.84782203511831,4.44,100.0,-1.21,0.87
RTX,2002-09-30,10.739596180863584,10.896889750659193,10.4685953780242,10.705483436584473,8996282,42.408291904409765,46.57496523865017,41.04319929481709,37.28927953675786,35.75273183251986,4.49,99.0,-1.22,0.96
RTX,2002-10-01,10.80213280715626,11.222847788275725,10.71685325568812,11.192525863647461,8901896,43.403735855514036,47.50302108461026,41.6751144094559,37.55157810522079,35.98683373528052,4.56,100.0,-1.26,0.83
RTX,2002-10-02,11.16220073791394,11.171676623825721,10.59745792549944,10.650521278381348,8045425,45.47818101143561,48.386663986461286,42.344826173578156,37.94581060164105,36.172179162649485,4.62,100.0,-1.27,0.7
RTX,2002-10-03,10.754756729756746,10.91584110879626,10.470489232496027,10.506497383117676,8652105,45.40320590040782,47.77916892195279,42.32901001665433,37.82552773247564,35.95788620274027,4.69,99.0,-1.25,0.7
RTX,2002-10-04,10.612622202105761,10.688427015641748,9.941752474141856,9.94554328918457,13492835,47.38324139924818,48.971269097019686,43.003484448288795,37.57238208837575,36.30249179502675,4.76,100.0,-1.07,0.6
RTX,2002-10-07,9.901957456285677,10.072517740757233,9.731397171814121,9.733292579650879,10842065,47.120554004538,49.06827786598768,43.10513922549153,37.64489280625481,36.34854915030354,4.83,100.0,-0.85,0.57
RTX,2002-10-08,9.816678111753884,9.960707301569794,9.37322211425873,9.718132972717285,12137735,47.11347917116334,49.00717928897614,43.09700211329224,37.582122809262955,36.346859309864506,4.9,99.0,-0.7,0.57
RTX,2002-10-09,9.570309965750637,9.684016022833413,9.253826345481656,9.322050094604492,10108900,48.07480572856678,49.63067897561414,43.50088769170229,37.87521431232213,36.542964548423505,4.96,100.0,-0.4,0.47
RTX,2002-10-10,9.322053046352151,9.92848879755605,9.286046040292518,9.883007049560547,11899385,51.50141907408493,50.13468899305863,44.561783707705445,38.4434462107907,36.935751145217566,5.04,100.0,-0.44,0.39
RTX,2002-10-11,9.884899586259099,10.660000657249519,9.884899586259099,10.434481620788574,10686343,54.19440941239013,51.508882540665915,45.39701363411196,38.96595871601584,37.320358340116066,5.14,100.0,-0.52,0.31
RTX,2002-10-14,10.27150372476913,10.330252179714966,10.051670870696457,10.16727352142334,7415545,54.4789522475139,50.99859800498461,45.54378055936114,38.99928453458668,37.37497627089855,5.23,100.0,-0.59,0.27
RTX,2002-10-15,10.603147126315928,10.77370739548512,10.385209706602579,10.466699600219727,11250756,53.661827834137455,51.13024849227623,45.74873179691276,39.05320000905124,37.419697219508755,5.32,100.0,-0.64,0.22
RTX,2002-10-16,10.466700050330262,10.6600017736169,10.290454699313614,10.352993965148926,8843421,53.249144738547514,50.951320525069235,45.76924215010217,39.071074316217604,37.39197297088532,5.4,100.0,-0.7,0.22
RTX,2002-10-17,10.896887244606422,11.463525574312882,10.574718548172289,11.370665550231934,18711111,59.74209993511804,53.52509161165065,48.215492935308966,40.34517063912123,38.35562784011879,5.53,100.0,-0.69,0.59
RTX,2002-10-18,11.351713725915856,11.700414676825256,11.228531780526195,11.509008407592773,16861515,59.19544785214057,53.485929247713436,48.26196133651205,40.30580154757027,38.238668181891,5.65,100.0,-0.68,0.58
RTX,2002-10-21,11.442682007008964,12.109760985062703,11.370668001484358,12.052907943725586,12425344,60.59826669932439,54.35073633038747,48.84136715726226,40.34495890479022,38.40164024167235,5.78,100.0,-0.65,0.45
RTX,2002-10-22,11.76864408977777,11.859608745505648,11.535545651764084,11.61513900756836,9631882,60.84900930546856,53.18854996143113,49.15776230601031,40.572394263227125,38.55556363564482,5.9,100.0,-0.62,0.4
RTX,2002-10-23,11.567759964199103,11.74969039479188,11.200108287411615,11.71178913116455,10482633,60.66552209619095,53.14281682175495,48.791392722974024,40.57759289181206,38.56201117338765,6.01,98.0,-0.61,0.46
RTX,2002-10-24,11.891819739770972,11.95814864959583,11.351712574416679,11.46541976928711,7128572,60.7086569251091,53.14139093013197,48.900978751555634,40.64666091169455,38.620203714260604,6.12,99.0,-0.61,0.44
RTX,2002-10-25,11.465420887632495,11.774324027913334,11.264538731466333,11.740212440490723,7631649,59.04574492184089,53.23145861101006,48.72152531677123,40.72754071297896,38.629460818805576,6.22,96.0,-0.57,0.48
RTX,2002-10-28,11.740211736977498,11.768638249581542,11.268328870794486,11.361188888549805,7137152,59.25679939991627,53.21354922474224,48.97004453293018,40.86539841763724,38.50772317649969,6.32,99.0,-0.55,0.43
RTX,2002-10-29,11.42752301055719,11.683362889359909,11.232325850214718,11.607559204101562,7710781,58.95367950579781,52.78436980579427,49.089229770067114,40.93374163970192,38.28276808456233,6.41,99.0,-0.51,0.39
RTX,2002-10-30,11.702307862056157,11.967624652665803,11.635980100318227,11.874763488769531,8122968,59.16060128637453,52.555616685547804,49.20042924633122,40.911139469653854,38.300883842468814,6.49,100.0,-0.47,0.36
RTX,2002-10-31,11.863397259260823,11.977103344035495,11.484375445035965,11.687151908874512,7433024,59.34585986895794,52.26528079512613,49.253141108977665,40.94621637770503,38.32972876519488,6.57,100.0,-0.42,0.35
RTX,2002-11-01,11.531753625881555,11.863398317271272,11.484376469244204,11.816020011901855,5711502,59.22469865914817,52.02239340703198,49.199089712097155,40.968111335328636,38.34147656607158,6.61,98.0,-0.36,0.37
RTX,2002-11-04,12.011213368375463,12.28410951825894,11.795170248004297,11.882345199584961,8505917,59.02408382570539,52.04273467249302,49.14150588067117,40.93612880864915,38.33133152352827,6.65,96.0,-0.31,0.37
RTX,2002-11-05,11.94867507949505,12.117339923038891,11.929724451041546,12.077543258666992,6411615,58.527193483011786,52.158606033305624,49.20576259794722,40.864835580476274,38.32443409910744,6.69,99.0,-0.26,0.35
RTX,2002-11-06,12.261371197610897,12.54753414959526,12.185567514775482,12.475520133972168,9165988,58.652641431786115,49.086195318924084,49.399051862753886,41.02534143380417,38.37884069581439,6.72,100.0,-0.23,0.31
RTX,2002-11-07,12.41297671475191,12.41297671475191,12.075647050044335,12.107864379882812,8414708,58.41312026279959,49.34107955930621,49.60959317241807,41.163487820829545,38.45098821581901,6.74,100.0,-0.18,0.27
RTX,2002-11-08,12.213988614860156,12.316324517660052,11.899400426670418,11.941092491149902,15972310,55.81864713332373,49.41608547204817,49.65173731599607,41.18888854618972,38.41663613986173,6.76,100.0,-0.13,0.26
RTX,2002-11-11,11.749686650524653,11.798960345255756,11.499531957401766,11.543119430541992,7377091,56.840285294119575,49.884848686733115,49.87011116495958,41.26689388655409,38.56855155369605,6.77,100.0,-0.07,0.22
RTX,2002-11-12,11.654930537005347,11.9164565091586,11.654930537005347,11.791378021240234,6592443,55.73807567246415,49.626030720427885,49.48824965502411,41.3026253116944,38.49386346649419,6.78,97.0,-0.03,0.26
RTX,2002-11-13,11.839899065121736,11.961666259255482,11.615392530847394,11.805652618408203,6277821,53.571599424662274,49.57295808235036,49.45259532515561,41.303220967803966,38.384640825933296,6.79,96.0,0.01,0.27
RTX,2002-11-14,11.986395892987217,12.100551440253762,11.642024044648293,11.919803619384766,7202619,53.351936321004075,49.48452038644394,49.46904958751698,41.2676413690278,38.31437325207155,6.77,96.0,0.05,0.27
RTX,2002-11-15,11.921713611051645,12.079630185750016,11.748576133893833,11.99020767211914,5866588,50.32606718881958,49.39160015093689,49.395527300835354,40.984384210301464,38.31038398530644,6.75,93.0,0.06,0.28
RTX,2002-11-18,12.06250216509172,12.089139311720055,11.716228485107422,11.716228485107422,5015202,50.40207759161133,49.261109802327354,49.27009136702424,40.74522603117231,38.36794168485081,6.71,92.0,0.12,0.32
RTX,2002-11-19,11.74856658490382,11.881749949811988,11.586846645943298,11.81515884399414,7519466,50.351840510906435,49.24038903527703,49.2288719436398,40.7175838158462,38.33465882270144,6.67,90.0,0.2,0.33
RTX,2002-11-20,11.81516642619918,12.155732618885756,11.81516642619918,12.072017669677734,5051113,48.39482555971082,49.399620235336045,49.218852933600424,40.80260115173691,38.37685055863888,6.62,89.0,0.24,0.32
RTX,2002-11-21,12.224225454048877,12.513421396598625,12.138608757740409,12.403070449829102,7491817,46.40137783851201,49.51721637903949,49.3220619798361,40.921617024164256,38.46955754238622,6.57,92.0,0.22,0.29
RTX,2002-11-22,12.404974510318647,12.404974510318647,12.104363441467285,12.104363441467285,7892245,45.10117756434564,49.75833098239122,49.470644028874275,41.01134632395833,38.53045455412059,6.51,96.0,0.24,0.26
RTX,2002-11-25,12.104359200722723,12.365015024277218,12.047280264571942,12.330768585205078,5222407,44.288864302742034,49.847000995439636,48.42026282666199,41.0637061555372,38.54557707908575,6.46,75.0,0.28,0.33
RTX,2002-11-26,12.17665528067109,12.309836361204342,11.919803005993494,11.992101669311523,7787689,44.831794437511476,49.21360094074604,48.54652143818045,41.15496694458713,38.633551589952624,6.42,75.0,0.36,0.3
RTX,2002-11-27,12.005423995246435,12.203294498470338,11.96737175361242,12.14431381225586,9659213,44.64517391175443,49.06823060123966,48.51400926993227,41.16492629980529,38.635275656633176,6.36,74.0,0.4,0.31
RTX,2002-11-29,12.119580858783616,12.119580858783616,11.853216292224888,11.885560989379883,4387547,36.57408393944578,49.11074240467576,48.19242886389172,41.23628120399331,38.49182050605166,6.3,70.0,0.42,0.36
RTX,2002-12-02,12.138607156092366,12.300328329963053,11.889365243397249,12.02254867553711,9716735,36.558559486888825,48.778600959039636,48.22792769956416,41.25139374770259,38.4431549260343,6.24,71.0,0.43,0.35
RTX,2002-12-03,11.853221002825114,12.033968953366799,11.624908591222786,11.710526466369629,9306773,34.84891730009742,49.08409525142009,48.35901377168992,41.35473573382058,38.472457447796806,6.18,72.0,0.44,0.32
RTX,2002-12-04,11.758089342540526,12.062505051603834,11.74096554084415,11.938836097717285,7870953,33.587512031390645,48.733059347926655,48.396226300480095,41.403248872664534,38.376298806493644,6.1,72.0,0.43,0.31
RTX,2002-12-05,11.836094507255199,11.84370495694663,11.569729921328344,11.636321067810059,8076887,34.372383851068484,48.884398020954094,48.555882821249554,41.506524526010246,38.44433819323989,6.02,75.0,0.43,0.27
RTX,2002-12-06,11.463179030085987,11.925512221900535,11.417516350243474,11.7980375289917,6614054,34.007179934930555,48.79583853147946,47.9923434291248,41.54297007201672,38.46828473674761,5.95,65.0,0.46,0.37
RTX,2002-12-09,11.645832182719142,11.759987752904207,11.463181425186308,11.529773712158203,6308648,33.98728033188633,47.816859828497336,48.112911665826985,41.58763711166871,38.51951351185205,5.87,65.0,0.49,0.34
RTX,2002-12-10,11.558309172454564,11.622998546295642,11.267211603260625,11.586849212646484,5841482,32.61132415647524,47.42228387330278,47.598517029425054,41.58903853341782,38.50889543960611,5.79,63.0,0.49,0.43
RTX,2002-12-11,11.430836778059522,11.739058171634822,11.349024755823187,11.661050796508789,6196782,32.06406668516284,47.06643476371287,47.41238875321766,41.49274132146814,38.506088763685035,5.71,62.0,0.5,0.48
RTX,2002-12-12,11.681986438362197,11.843707666345987,11.548804114931611,11.826583862304688,6299432,31.628677164187252,47.09121403086879,47.34703012884708,41.52272234799245,38.45584465287394,5.62,61.0,0.5,0.49
RTX,2002-12-13,11.777106905424546,11.777106905424546,11.434638023376465,11.434638023376465,6514264,32.79792824203668,47.608449911510135,46.93629992211448,41.70248524297795,38.557907022787994,5.55,60.0,0.53,0.55
RTX,2002-12-16,11.434648370230041,11.862734283515367,11.404207715040366,11.858929634094238,7373596,34.3794652428306,48.04162857061045,47.23707166572205,41.938491937700306,38.70710769378556,5.46,60.0,0.57,0.48
RTX,2002-12-17,11.729550612758855,11.866538735247744,11.681986157405273,11.748576164245605,7121580,34.445421021608134,47.98570904783201,47.251754184710535,41.8960075941481,38.65397229506666,5.34,60.0,0.64,0.48
RTX,2002-12-18,11.643934589375226,11.88936963844583,11.459382000624739,11.735260009765625,7563958,34.08086106074376,47.670324686212716,46.12354594013704,41.88173470814879,38.64558510097989,5.25,57.0,0.72,0.59
RTX,2002-12-19,11.643933098223208,11.820875212614832,11.558315239253282,11.67247200012207,6693186,32.59204146973057,47.34272273802196,46.07363263792944,41.87398821838036,38.599092015100055,5.16,56.0,0.73,0.61
RTX,2002-12-20,11.81135959766981,11.864632742534035,11.630612869186148,11.81706714630127,9011537,31.76112115276813,46.67190787834963,46.012081832360195,41.85715825811197,38.56740853736218,5.06,55.0,0.79,0.62
RTX,2002-12-23,11.653444409118606,11.796138893623318,11.615392162159639,11.720035552978516,4755877,31.60159312388436,45.09322532979942,45.897741295175734,41.83600601337968,38.571671448444334,4.96,54.0,0.89,0.65
RTX,2002-12-24,11.643934799253094,11.771409579194009,11.642031897975624,11.70101261138916,2058391,29.992124301511474,45.08751513764949,45.599059788268875,41.690834259324646,38.56771471377491,4.86,51.0,0.96,0.73
RTX,2002-12-26,11.657247732118448,11.900780931700703,11.643929735514925,11.702910423278809,3219314,29.335193487607654,44.187729559004985,45.146944483304004,41.681082745279674,38.55993176915995,4.76,48.0,0.97,0.85
RTX,2002-12-27,11.830389877946157,11.868440982520823,11.558316522650419,11.60207748413086,4053221,29.43163591280973,42.973476221380096,44.85599432939601,41.621799050660314,38.53715898243811,4.67,47.0,1.04,0.93
RTX,2002-12-30,11.632519319543366,11.714330232529909,11.510752094124392,11.689597129821777,5448045,29.374432237835617,42.87566061551805,44.61367801899023,41.60876760869311,38.529989781076885,4.58,46.0,1.15,1.0
RTX,2002-12-31,11.744769086419845,11.807555584561255,11.575437446094204,11.784724235534668,4787975,29.424271340116654,41.232847271428454,44.432018614922185,41.56862154121161,38.53743963698185,4.49,44.0,1.22,1.06
RTX,2003-01-02,11.853214838252727,12.12338517287664,11.796137053355316,12.064404487609863,6612782,29.42013832462113,41.127216835187276,44.6010988490503,41.31952239109723,38.60679805383091,4.39,45.0,1.24,1.0
RTX,2003-01-03,12.111967864373819,12.298423252436844,11.986397209893667,12.254663467407227,6682063,29.652931416069322,41.18654191696076,44.6667807837208,41.13067097980433,38.554175902782006,4.3,46.0,1.24,0.98
RTX,2003-01-06,12.361212722343836,12.528642624307917,12.319355823489436,12.366921424865723,8290766,29.1291095245512,40.09172549735966,42.245110982432884,41.03693533900202,38.56407345178896,4.25,35.0,1.17,0.53
RTX,2003-01-07,12.224224548628033,12.344088837200376,12.083431812726399,12.106263160705566,7721269,28.711062620391637,38.83872966463638,42.28409302973806,41.08790426973735,38.622880903158226,4.21,35.0,1.14,0.52
RTX,2003-01-08,12.108168626461003,12.170953981749895,11.929323606039254,12.033967018127441,7823600,27.881924186935976,37.401566755787655,42.285045536172646,41.08536485781935,38.596625868138396,4.17,35.0,1.11,0.53
RTX,2003-01-09,12.081529011224436,12.378335384116241,12.043477917553345,12.355504035949707,6884501,28.426483093001575,37.24595231248994,42.46297828955335,41.185025492079106,38.68359020604178,4.12,37.0,1.04,0.47
RTX,2003-01-10,12.205197657610627,12.300327687075857,12.075820033312278,12.237541198730469,6628037,27.340239443285757,36.94408908669883,42.18546472711444,41.18061960937953,38.674685559319414,4.08,31.0,1.01,0.55
RTX,2003-01-13,12.269888766599161,12.338382819032974,12.11577801357803,12.20329761505127,4177481,27.119516664015315,36.85445540906423,42.14791174657871,41.15976109924391,38.66739602608284,4.04,30.0,0.97,0.56
RTX,2003-01-14,12.205200830898223,12.235641479492188,12.037772073901587,12.235641479492188,5665103,26.3324655750546,31.598805788616087,42.05848825170362,41.15433423355322,38.58359976461448,4.0,29.0,0.92,0.58
RTX,2003-01-15,12.157638437224161,12.252768516540527,12.091047266375345,12.252768516540527,5168381,26.144902529315296,31.517559362919346,41.98525275664782,40.96575046047061,38.53977375092953,3.95,28.0,0.88,0.61
RTX,2003-01-16,12.423996227025485,12.726510103511329,12.41448287839036,12.59713363647461,11791651,25.996972249144296,30.60232789069322,41.94319148357121,41.093458696117565,38.52430358430443,3.92,27.0,0.82,0.6
RTX,2003-01-17,12.557182708593043,12.60665006220396,12.463954397885018,12.500104904174805,9573089,25.65065059227881,29.633504318305302,41.929871680945816,41.06220528867226,37.98630923472396,3.88,26.0,0.77,0.6
RTX,2003-01-21,12.690366110298832,12.690366110298832,12.365020751953125,12.365020751953125,7799448,24.625233068176627,29.69840380678167,41.9533073370353,41.080698114509566,37.99967123289061,3.84,27.0,0.73,0.6
RTX,2003-01-22,12.365018378392948,12.365018378392948,12.035868434136558,12.138608932495117,8115023,25.05727489535015,29.61513151846325,41.95251549175431,40.9488084575759,38.00666949882676,3.8,26.0,0.74,0.6
RTX,2003-01-23,12.271789359002883,12.443022727966309,12.184268620720161,12.443022727966309,6636300,24.914303178141214,29.651499467477667,42.09465651569599,41.03049615970619,38.077437192112825,3.75,29.0,0.74,0.55
RTX,2003-01-24,12.300335211605116,12.380244392977207,12.125295942573517,12.157639503479004,7368193,25.990708606893442,29.24628558751233,42.242044528308334,40.951378829399204,38.09184525417753,3.7,31.0,0.75,0.52
RTX,2003-01-27,11.995909369541316,12.123384077127191,11.910292699933505,11.957857131958008,6498057,26.470744842369548,29.155645983476685,41.6466004204043,40.975197912810884,38.10536785821492,3.67,20.0,0.89,0.6
RTX,2003-01-28,11.96736944052032,12.178557899178694,11.872239431458809,12.148116111755371,8026357,26.54871208690014,28.962596628705477,41.565289540873415,41.00163543119239,38.08697396871658,3.64,19.0,0.96,0.63
RTX,2003-01-29,12.15003050219582,12.29272622737327,11.87225065916787,12.167154312133789,6828251,24.438910009714533,28.763167205747376,41.4373783446074,40.97778254539918,38.000829116543464,3.61,18.0,1.09,0.66
RTX,2003-01-30,12.136704837811234,12.344088714946592,11.967373206930954,12.005425453186035,7158763,22.54333193081702,28.82368328189852,41.22713089310773,40.93949969460789,38.02411914365345,3.58,16.0,1.16,0.74
RTX,2003-01-31,11.900775117769674,12.235632382810556,11.900775117769674,12.096742630004883,9710379,22.44019424530824,28.84217996853652,41.2261399767167,40.94992134929038,37.80603825050149,3.55,15.0,1.21,0.74
RTX,2003-02-03,12.186169949110479,12.500100058256068,12.159533958247511,12.33837890625,8973719,23.078962380380514,28.933413003428864,40.98349977221156,41.008905913492725,37.80997638044871,3.51,13.0,1.17,0.81
RTX,2003-02-04,12.25275834060562,12.336473248319043,12.10816101691871,12.256564140319824,5551330,23.116077782001103,28.182275685707932,40.90442702084555,41.007606152912004,37.55182219081694,3.48,12.0,1.15,0.85
RTX,2003-02-05,12.37262661954987,12.486783349164494,12.193782806396484,12.193782806396484,6107163,22.96795241890621,27.519743215681924,40.786808239502676,40.97820148448344,37.55073073011395,3.45,11.0,1.14,0.88
RTX,2003-02-06,12.22423068016803,12.35741303354608,12.052997214345135,12.157639503479004,7828050,22.832988746172038,27.373381449267725,39.91076211840826,40.920911170956444,37.54610574056098,3.44,5.0,1.24,1.01
RTX,2003-02-07,12.309836262728256,12.309836262728256,12.06249848950887,12.113868713378906,7031325,22.861672816193302,26.445340223963132,39.63432556093673,40.919605941835805,37.54280263587099,3.44,1.0,1.27,1.12
RTX,2003-02-10,12.110067183407692,12.243249450422542,11.94454022318785,12.172852516174316,9671925,22.884426462270376,26.114369190874005,39.372114595967716,40.89175982883934,37.53141541355258,3.45,1.0,1.38,1.19
RTX,2003-02-11,12.174757681659376,12.22422502758251,11.847509501075942,11.914100646972656,10264622,23.659124147699334,26.500511233784845,39.49918649940034,40.96778550119349,37.561045981712255,3.46,2.0,1.54,1.15
RTX,2003-02-12,11.96280978588869,11.96280978588869,11.452819456762857,11.555963516235352,12037628,25.247781062003767,27.15667493958096,39.79408506295934,41.10072362203127,37.66950924029324,3.46,6.0,1.71,1.07
RTX,2003-02-13,11.555958231221588,11.555958231221588,11.18349309913492,11.385961532592773,11676608,25.451513892316225,27.27940365974357,39.77240786512998,41.13490696376739,37.60731164635226,3.46,4.0,1.8,1.1
RTX,2003-02-14,11.479557977833636,11.88258458077955,11.269449146678436,11.83292293548584,10104769,27.039818851759694,28.04464759495332,40.16114617604997,41.39477164958936,37.80537473470484,3.46,8.0,1.99,0.96
RTX,2003-02-18,11.89977623546978,12.088874442928867,11.737419808495506,11.821463584899902,6901345,26.59498865582477,27.992718296652967,39.94445397827369,41.38159949262899,37.8044961560498,3.46,7.0,2.3,1.02
RTX,2003-02-19,11.794724009130432,11.915059149297615,11.74697272287266,11.880678176879883,7201666,26.482610376901704,27.65358923897585,39.69437901078032,41.12524827968984,37.77810163996757,3.47,4.0,2.51,1.12
RTX,2003-02-20,11.928427009728113,11.937976569406583,11.479558339535796,11.603713035583496,7683451,26.640182488349932,27.463561436152606,39.35478813746121,41.21760670657694,37.75755568936533,3.48,1.0,2.56,1.25
RTX,2003-02-21,11.746971752402048,11.80427491210208,11.473830897850622,11.750792503356934,7589700,26.90598524120392,27.169354576338158,38.281102185401714,41.03087194592942,37.76178886595582,3.53,1.0,2.86,1.33
RTX,2003-02-24,11.766071629983102,11.766071629983102,11.385966008388797,11.391695976257324,7074228,27.013913247131345,27.582713077502145,38.61065102656022,41.17924224312384,37.87634125824164,3.57,2.0,3.14,1.24
RTX,2003-02-25,11.269449668909601,11.422256519668347,11.17585634117218,11.374504089355469,9535589,26.936338839689423,27.023197759412053,37.965414886943925,41.171695144664774,37.872331048698534,3.62,1.0,3.2,1.47
RTX,2003-02-26,11.403156181358886,11.403156181358886,11.049791209217739,11.06698226928711,9770761,27.89234931035035,27.411517298320266,37.382743653360215,41.27023387220799,37.88170632682738,3.69,1.0,3.4,1.54
RTX,2003-02-27,11.06698011235881,11.269447412368425,11.040238339929136,11.200685501098633,8341297,28.194911016125207,27.22820863995531,37.359797400307606,41.295028877774726,37.866535537540855,3.76,1.0,3.75,1.52
RTX,2003-02-28,11.269449919589517,11.355404064504064,11.068892949662827,11.189228057861328,6821259,28.17120630778158,27.104341008100697,36.28573658602673,41.23596641939063,37.86645514005753,3.86,1.0,4.28,1.65
RTX,2003-03-03,11.19113579315342,11.19304616802818,10.982937350287273,11.040239334106445,7447961,26.75712129295088,26.720521511021538,36.17839188680537,41.216730567681196,37.84498955506653,3.95,1.0,4.64,1.69
RTX,2003-03-04,10.99248758244498,11.042149222379594,10.877883619856961,10.883613586425781,7987585,26.895238777620417,26.517157885440056,36.259981019560925,41.24030031727961,37.6412375764643,4.04,2.0,4.77,1.66
RTX,2003-03-05,10.82058486688249,10.90462748910703,10.772832429688615,10.845415115356445,7317663,26.83111461599828,26.040775106377634,35.61546055456202,41.180642079539304,37.39153512357352,4.14,1.0,2.76,1.82
RTX,2003-03-06,10.883617707478052,10.925639021964528,10.650587786681816,10.74991226196289,8370216,26.534507211373647,25.89773105388916,34.46111296716967,41.183891706114736,37.366172645975674,4.27,1.0,1.83,2.11
RTX,2003-03-07,10.534067051904401,10.923723215964488,10.534067051904401,10.910351753234863,9075097,25.7399926629571,25.718898257065042,33.45740915371104,41.226482421549385,37.39864210123267,4.41,1.0,1.75,2.39
RTX,2003-03-10,10.744179110231016,10.835862056295028,10.658224973404945,10.690696716308594,7070097,25.570840811133362,25.993183056530274,33.35658461456754,41.25177989390568,37.43649213100447,4.54,1.0,1.07,2.43
RTX,2003-03-11,10.690695265423527,10.694514856998111,10.358342170715332,10.358342170715332,10200427,26.548951495737725,26.66700132340215,33.424846713582376,41.07566056479296,37.55518290752855,4.67,2.0,1.23,2.5
RTX,2003-03-12,10.360256324704654,10.488230635080813,10.220819762014921,10.34306526184082,11509763,25.848802999729315,26.45632111247771,33.38062503587534,41.04941108735889,37.546824216993365,4.79,2.0,1.25,2.52
RTX,2003-03-13,10.543621564804653,10.975298015738938,10.513060195215843,10.956197738647461,11836143,31.610987597236957,28.364830801443492,31.21795597905229,41.62596969236557,37.97911568753699,4.95,1.0,1.11,-0.3
RTX,2003-03-14,11.126194639644398,11.389784719220895,11.034510529633575,11.244619369506836,12497167,32.58504843659604,27.856623898895283,31.436257671952628,41.692167726400996,38.05823781603562,5.08,2.0,1.02,-0.35
RTX,2003-03-17,11.002043508908825,11.651469358601766,10.887438334243537,11.647649765014648,12626830,34.246510701111276,28.760828155220754,31.07038869029487,41.73861311524185,38.22761134570697,5.21,1.0,1.0,-0.43
RTX,2003-03-18,11.737420557491697,11.865396026641319,11.592255183151188,11.794722557067871,8972130,33.92309213957428,28.877152563035274,30.574069211291622,41.72768528533739,38.24198934565481,5.34,1.0,1.03,-0.41
RTX,2003-03-19,11.79472172901688,11.911237253192578,11.69921917496355,11.80427360534668,9282938,33.89356345682019,28.855105190315406,30.546466972043163,41.637422339540834,38.23744336954909,5.47,1.0,1.04,-0.4
RTX,2003-03-20,11.804274769279939,11.932249084260436,11.513941696747645,11.689669609069824,9604234,33.96593309767289,28.813443519347388,30.396119883626522,41.59611329258796,38.23157943360984,5.58,1.0,1.09,-0.37
RTX,2003-03-21,11.937974469519329,12.22066593170166,11.74696710030517,12.22066593170166,13488703,36.46212026698274,30.1734412233419,30.97681916512471,41.92816032678152,38.495126047041,5.68,4.0,1.07,-0.33
RTX,2003-03-24,11.943705010746003,11.966624875066536,11.68011383522903,11.74505615234375,9858156,38.24387246983259,31.286796646739123,31.183156644496098,41.44898468696373,38.694458135607945,5.77,6.0,1.18,-0.3
RTX,2003-03-25,11.813821636750943,11.899774618954094,11.699217660480073,11.766070365905762,8795433,38.213141166022226,31.288790835914153,30.99982803930305,41.40530197275418,38.66466424711288,5.85,5.0,1.2,-0.24
RTX,2003-03-26,11.737423795406944,11.834837916241305,11.626640516493802,11.70495319366455,7849978,37.748168776851685,31.25561873872878,30.797550612606145,41.358106878739456,38.664556618535016,5.93,4.0,1.19,-0.17
RTX,2003-03-27,11.5273132565343,11.592255602255428,11.422258814977683,11.464280128479004,9762498,37.17808838302785,31.507514420685418,30.870359895470685,41.14471794068132,38.637939523546606,5.99,5.0,1.13,-0.19
RTX,2003-03-28,11.4642759112538,11.4642759112538,11.114732903541391,11.225517272949219,11239633,37.43281756734355,31.739954298664514,30.99385017262942,41.217811000960644,38.68493780497418,6.05,7.0,0.97,-0.2
RTX,2003-03-31,11.002044613565268,11.147210024913129,10.9065408706569,11.036425590515137,10901176,35.83265642349626,31.500635139207155,31.087748893676427,41.2340818714454,38.717850990562056,6.11,10.0,0.77,-0.22
RTX,2003-04-01,11.164392401098201,11.34585018182639,11.05551726954022,11.246525764465332,8732508,36.35471921855722,31.58198617972837,31.12614697582093,41.258978234371774,38.76842275111264,6.15,11.0,0.65,-0.23
RTX,2003-04-02,11.24843615559581,11.617081720942315,11.24843615559581,11.534948348999023,9538767,37.146860286110375,31.985171300024984,30.953728086065812,41.361098703646434,38.81400186276374,6.19,6.0,0.68,-0.21
RTX,2003-04-03,11.57506374649424,11.57506374649424,11.221698760986328,11.221698760986328,9223509,37.3722999489963,32.17763169883098,30.898951770022652,41.08824566312336,38.895955538122806,6.22,6.0,0.57,-0.21
RTX,2003-04-04,11.431811928020403,11.527315670030406,11.219792625047138,11.471922874450684,11287303,37.77220841772898,32.51322628417744,31.036911797208116,41.165434274330586,38.95430209309376,6.25,11.0,0.52,-0.26
RTX,2003-04-07,11.964720161574741,11.987640034521954,11.670567512512207,11.670567512512207,10006251,36.99493316165135,32.23839347743467,30.690786860238433,40.87829066510859,38.960896073428366,6.27,4.0,0.55,-0.26
RTX,2003-04-08,11.603715858343298,11.764163088291163,11.580795983296948,11.601806640625,6171994,37.040808617280376,32.20503295814921,30.51641047645352,40.75836656944929,38.94051188107413,6.29,2.0,0.52,-0.19
RTX,2003-04-09,11.479559555552246,11.853935216212511,11.479559555552246,11.661017417907715,11443025,36.086162218314946,32.22562246995412,30.527067847435863,40.68631633587978,38.83547216596142,6.31,3.0,0.51,-0.2
RTX,2003-04-10,11.471920383572256,11.718320609671526,11.471920383572256,11.689669609069824,7222323,35.955979629935605,32.22477655500517,30.489999802393484,40.22951268189903,38.828572817228675,6.32,2.0,0.51,-0.18
RTX,2003-04-11,11.794719377665666,11.884493103630543,11.590341683441263,11.699216842651367,7198488,35.94904901795873,32.22333051675485,30.474864290914024,40.1868340510484,38.77429211209926,6.33,2.0,0.5,-0.17
RTX,2003-04-14,11.641915417717252,12.027750995661176,11.641915417717252,11.928427696228027,6696046,36.02560448050486,31.953281988874277,30.410042620088763,40.25069925185359,38.80584404863943,6.33,2.0,0.51,-0.18
RTX,2003-04-15,11.980000844027838,12.214939961873494,11.855846129197497,12.169097900390625,8532294,36.00023557234314,32.20413661371199,30.544852142050967,39.60591287382018,38.820564981888,6.33,7.0,0.48,-0.23
RTX,2003-04-16,12.081236561115478,12.18629101357453,11.823376369136353,11.894048690795898,7575399,36.766661058326186,32.46269595593761,30.57259676767311,39.662689636209755,38.617544095155694,6.32,9.0,0.5,-0.21
RTX,2003-04-17,11.89595499451463,12.03157078001752,11.4222560905643,11.460457801818848,23671333,38.43997694535018,33.11890617593229,30.815937983686894,39.82222885659924,38.616768911355734,6.3,13.0,0.51,-0.17
RTX,2003-04-21,11.555965135201301,11.718321590739102,11.450910685664276,11.640008926391602,11040690,38.461512918624926,32.865861519633384,30.689524114553034,39.783697495193785,38.56612691700542,6.28,11.0,0.51,-0.16
RTX,2003-04-22,11.326755142153957,11.792813817040747,11.326755142153957,11.750792503356934,8099769,37.912891639169594,32.60900051515907,30.58084240407671,39.60675747979574,38.56025030667091,6.27,11.0,0.57,-0.13
RTX,2003-04-23,11.714501511902123,11.87494758517728,11.685849352285587,11.697310447692871,7749871,36.54600728055845,32.44979131327982,30.272239034942068,39.32002525903408,38.55651624446578,6.25,1.0,0.57,-0.06
RTX,2003-04-24,11.651470581130628,11.762255016029387,11.580798251024339,11.613268852233887,6387462,36.65900676734388,32.30276904658872,30.221371838384908,39.13397510329408,38.545759033798,6.23,1.0,0.59,-0.03
RTX,2003-04-25,11.63809157221206,11.731684869745408,11.521577254461887,11.533037185668945,8191295,33.031868210234165,32.323686529036195,30.0503942174837,38.97895072960264,38.53615493907556,6.21,1.0,0.56,0.01
RTX,2003-04-28,11.597982845096212,11.792810994274305,11.5368612646782,11.70303726196289,8638122,32.465974014411124,32.371191882549724,30.086204530653305,38.89441852770592,38.54931751607341,6.19,2.0,0.57,-0.01
RTX,2003-04-29,11.746964801906332,11.87685057486459,11.632360865922266,11.819548606872559,8786852,30.964694247248296,32.39928899952282,29.836881843191136,38.91422523708835,38.55787922813923,6.16,1.0,0.58,0.04
RTX,2003-04-30,11.821462592990626,11.882585334337893,11.716408170750785,11.806181907653809,11705210,30.75485265696507,32.125674506967485,29.677807928283446,38.907702434528595,38.41365621923843,6.13,1.0,0.58,0.1
RTX,2003-05-01,11.806180709138923,11.863482694433374,11.620903286590947,11.7775297164917,6600388,30.762069186408876,32.10409656992111,29.396432109250647,37.374805795783885,38.40827782613155,6.09,1.0,0.59,0.17
RTX,2003-05-02,11.737418998698704,12.17482659683348,11.701127659933263,12.109884262084961,9616946,31.650137458136886,32.614742229429034,29.64587386278188,37.45684366583944,38.481654112698685,6.05,2.0,0.57,0.1
RTX,2003-05-05,12.062136373389102,12.08696662604826,11.836746776953461,11.874948501586914,7753367,29.407967973210063,32.853889482795005,29.5826500370584,37.52269872114398,38.52937474127972,6.01,2.0,0.59,0.11
RTX,2003-05-06,11.890224194818845,12.149994655359691,11.878763103343376,12.023929595947266,8052099,27.24329516371634,32.951726613337485,29.636831455128625,37.537701636917404,38.407293181175426,5.97,3.0,0.6,0.09
RTX,2003-05-07,12.023931982927467,12.314263867968714,11.928428271419707,12.081233978271484,9317896,27.26637073450896,32.95106983360468,29.629545533465517,37.345428242680704,38.39113999355078,5.92,3.0,0.59,0.09
RTX,2003-05-08,12.069770812988281,12.201565830138295,11.916963989217647,12.069770812988281,7047851,27.21161152343605,32.64988461160639,29.548079131760037,37.32121455604814,38.26239516469034,5.87,2.0,0.57,0.13
RTX,2003-05-09,12.264597888944152,12.40594362332538,12.136623620117508,12.37729263305664,7523279,27.270679010181336,32.404136575556564,29.305234263541376,37.382799735614505,38.33098121461019,5.83,1.0,0.56,0.11
RTX,2003-05-12,12.396395780445356,12.793691265258195,12.341003009205416,12.76885986328125,11013041,27.53968445639935,32.803691321662924,29.153150330215503,37.51457296409887,38.443915321065155,5.78,1.0,0.52,0.11
RTX,2003-05-13,12.768860714190565,12.988519123152436,12.625605733477657,12.850994110107422,10512824,26.793270403771547,31.922057159964467,29.121664838327067,37.35872234945604,38.43172345356345,5.72,1.0,0.49,0.11
RTX,2003-05-14,13.021672366933702,13.060027994979162,12.71482850503791,12.927701950073242,9936017,26.47552390346859,31.93185126869029,29.13080622927118,37.34258448067753,38.3877088607048,5.67,2.0,0.46,0.11
RTX,2003-05-15,13.012080680751238,13.03892786914825,12.877835439025665,12.99673843383789,8702317,25.742553561129338,31.933467279919608,29.12108402742798,37.3347337177852,38.390545303451646,5.63,1.0,0.45,0.1
RTX,2003-05-16,12.994822556585842,13.03701316148782,12.764689976494365,12.943042755126953,6767869,24.094509571701497,31.527098770111508,29.076566177856407,37.26899254823663,38.38331457550489,5.57,1.0,0.39,0.13
RTX,2003-05-19,12.858664156647832,12.885512519925387,12.71291390605293,12.77044677734375,7747011,24.075489921164557,31.598167289574164,29.12965790774099,37.28909609995091,38.400900907549584,5.52,4.0,0.3,0.11
RTX,2003-05-20,12.778115986072397,12.862497207973304,12.457847934848324,12.567160606384277,8861217,24.368649741310307,31.086408537569593,29.250664857407006,37.32314358232699,38.4076580522092,5.46,7.0,0.23,0.08
RTX,2003-05-21,12.465522803390794,12.695655485570045,12.452098619736756,12.597848892211914,7813749,24.23906269509677,31.07986775608274,29.251804228609956,36.89654579492307,38.36291404250265,5.4,8.0,0.17,0.08
RTX,2003-05-22,12.597847041579582,12.83948696172828,12.555656424159505,12.730173110961914,4139345,24.333676111292224,30.52883452797917,29.252890924595054,36.82026545433436,38.3752500146213,5.35,9.0,0.11,0.07
RTX,2003-05-23,12.695647984246301,12.781947253147314,12.523048283976687,12.666881561279297,5315523,24.44141858155421,30.497424791159393,29.24853931528977,36.74887188653811,38.354649845593116,5.29,7.0,0.05,0.08
RTX,2003-05-27,12.666884498326143,13.067698766212944,12.586338262848908,13.03317928314209,7276984,25.550807490597077,30.96718129210098,29.555903395923217,36.72349758660443,38.461182871666395,5.23,14.0,0.0,-0.01
RTX,2003-05-28,13.132902202052755,13.175092808761491,13.021671469619696,13.081122398376465,6083963,25.108275383837775,30.788811768194886,29.33948530627583,36.71577342669627,38.44514658532307,5.16,12.0,-0.04,0.06
RTX,2003-05-29,13.017839789037566,13.184685348757595,12.618942346178393,12.739762306213379,9189823,25.98217969084682,31.175703864499066,29.55763020463754,36.63672494369765,38.53597877190635,5.09,16.0,-0.09,0.04
RTX,2003-05-30,12.877839330677013,13.115643067230037,12.839484864270583,13.088794708251953,8095002,25.936142838228342,31.545003430194065,29.827787123990575,36.713053172307006,38.63068652851964,5.05,22.0,-0.11,-0.04
RTX,2003-06-02,13.198114211272827,13.47235680908107,13.107978727372528,13.311263084411621,10821408,23.21965230408311,31.567851885747842,29.730520322384123,36.68311747165448,38.658443800366285,5.0,22.0,-0.11,-0.04
RTX,2003-06-03,13.359202451852788,13.414817247830648,13.234546354033096,13.307422637939453,8257080,23.047038417458204,31.48955301982947,29.71042010327424,36.140620747420115,38.453152203412444,4.96,22.0,-0.13,-0.03
RTX,2003-06-04,13.307425606298796,13.420573295759562,13.19619366459556,13.397561073303223,7670421,23.009093693027623,31.1076981417317,29.446177366059846,35.97642902248853,38.458546189436774,4.91,14.0,-0.12,0.05
RTX,2003-06-05,13.39755684198843,13.573991574886115,13.292079151680317,13.545225143432617,7266497,22.92507024981425,30.253279275088858,29.442118692301015,35.8306445890322,38.31506566099349,4.86,14.0,-0.09,0.04
RTX,2003-06-06,13.61618209424538,13.807959077621359,13.549060033816996,13.6181001663208,6788844,22.63621753650533,30.228321263138564,29.443712279618637,35.81161717049261,38.308939434678514,4.8,15.0,-0.08,0.04
RTX,2003-06-09,13.531796967432513,13.635356563964669,13.184680628127891,13.27865219116211,5762667,24.073018439742757,28.755321233848406,29.737721624000446,35.93555974099161,38.389044063647376,4.74,27.0,-0.16,-0.03
RTX,2003-06-10,13.616185755798094,13.69289703476422,13.449340177132063,13.558652877807617,5406096,24.362671786507928,28.60088189046443,29.90750807209092,35.95711285732881,38.43085072572799,4.68,30.0,-0.19,-0.09
RTX,2003-06-11,13.60660157970062,13.999746157723893,13.543315623035692,13.951801300048828,6200596,25.279913506738367,28.313896358455988,29.927507483740413,36.0563989678062,38.53171006987684,4.62,31.0,-0.05,-0.09
RTX,2003-06-12,14.057277909867725,14.07070209693134,13.809884835888047,13.923033714294434,9460588,25.302696013063976,28.261934685389022,29.89881871715375,35.91968372019456,38.49253115512555,4.55,30.0,-0.01,-0.09
RTX,2003-06-13,13.980562174348668,14.024670867834633,13.788785145064626,13.829057693481445,5566267,25.451789000177204,28.326981787149997,29.864240903095823,35.780956570665104,38.45881229264122,4.47,30.0,-0.05,-0.08
RTX,2003-06-16,13.900016484935492,14.097546577453612,13.861660845012496,14.097546577453613,5070181,24.9081066248615,28.407992467457582,29.834226709528277,35.53346038631496,38.497989297201116,4.39,29.0,-0.04,-0.08
RTX,2003-06-17,14.114815656717058,14.116733730519407,13.813724568507011,14.024680137634277,5687349,24.002260765281168,27.117328140022757,29.61758371489341,34.8392200804301,38.46174767551523,4.31,21.0,-0.07,-0.01
RTX,2003-06-18,13.846315617234222,14.204939320458188,13.819467256284664,14.038092613220215,8585367,23.94561948426214,25.66979967671874,29.3581495059055,34.83486156983144,38.45847735804154,4.22,13.0,-0.13,0.06
RTX,2003-06-19,14.038090999709667,14.06877550153549,13.704398786055647,13.78878116607666,7789278,24.863321842583556,26.023915569039364,29.380002078682168,34.532060455344464,38.50130596377862,4.13,14.0,-0.25,0.05
RTX,2003-06-20,13.919189739783164,14.15315849511397,13.857821895939011,13.894259452819824,15232154,24.826935407659786,25.991375545556355,29.306911930408493,34.00689675495986,38.47410629137461,4.05,12.0,-0.34,0.08
RTX,2003-06-23,13.735082798421633,13.806040996982167,13.533716634216406,13.579743385314941,7191496,25.286903516478283,26.077224361959345,29.55837398338348,34.082534734659035,38.271885851492584,3.96,23.0,-0.45,0.02
RTX,2003-06-24,13.606589756916824,13.773436414687865,13.577823332294436,13.643027305603027,6106845,23.858096785051018,25.599999525298323,29.471999978612523,33.41965148884506,38.25844952066114,3.86,20.0,-0.55,0.04
RTX,2003-06-25,13.627689949599615,13.78111131039694,13.497280804824111,13.539472579956055,5923474,23.989440543817537,25.354460889881864,29.488055302579554,33.32317113646586,38.26008791533395,3.77,21.0,-0.63,0.04
RTX,2003-06-26,13.527966075381356,13.585498943629156,13.328517946312415,13.481939315795898,7233128,24.016163127358126,25.194855500634944,29.347593116049058,33.328570749728016,38.2170252466268,3.67,14.0,-0.71,0.1
RTX,2003-06-27,13.516458038998286,13.631524931447261,13.328517191700257,13.539472579956055,7255692,24.00298411996086,24.764669678571146,29.327349955282422,32.92657779292132,38.094308424999,3.57,13.0,-0.78,0.1
RTX,2003-06-30,13.529886146464992,13.67180026578356,13.405230030221487,13.583582878112793,6865433,23.951259008365096,23.95134873503687,29.312939856367333,32.23695067666249,38.06745634936125,3.46,13.0,-0.86,0.11
RTX,2003-07-01,13.466596576389051,13.702483420130811,13.29207990568017,13.671797752380371,9145013,23.55691719399131,23.637856851813158,29.31807037864121,31.630734202643936,37.99751941483792,3.37,14.0,-0.92,0.1
RTX,2003-07-02,13.754261682756542,13.792616147570953,13.616181424540342,13.78878116607666,6013412,22.96534120870285,23.481211050334576,29.33093676836618,31.472233349027647,37.958660240226564,3.28,16.0,-0.99,0.09
RTX,2003-07-03,13.788777910449758,13.850145737144162,13.616178209665435,13.700560569763184,3587644,23.130128749102862,23.489491261179044,29.350690155572718,31.317926111719892,37.96209469061428,3.19,19.0,-1.05,0.09
RTX,2003-07-07,13.901935361895472,14.107137773898025,13.838649418920161,13.91152572631836,5427071,23.31072591850542,23.624914298714888,29.207860914446833,31.325115540831668,37.41851573436623,3.1,7.0,-1.1,0.11
RTX,2003-07-08,13.894271724953402,14.23947036542011,13.848244929566123,14.18001937866211,7330375,23.641351505583806,23.855894020518278,28.881575394495457,29.422062549780964,37.426858807418576,2.99,1.0,-1.12,0.14
RTX,2003-07-09,14.133987310238492,14.160836845431989,13.90577265467058,13.930704116821289,6058539,23.230880282426156,24.23575041109675,28.928630425860952,29.478626285138798,37.42666635325506,2.87,2.0,-1.15,0.13
RTX,2003-07-10,13.875082406569526,13.875082406569526,13.666045080339522,13.767687797546387,5425799,23.575608664213917,24.171606512732417,28.410790121736714,29.02396636840374,37.21348405865578,2.74,1.0,-1.2,0.2
RTX,2003-07-11,13.815632239901426,14.078367466584222,13.809879185295081,14.076449394226074,5025054,22.727531102785818,24.24418401288136,28.5963134826324,28.784387241405884,37.27646507209113,2.6,2.0,-1.23,0.13
RTX,2003-07-14,14.118645050833212,14.15316571572935,13.882759265562658,13.930704116821289,5058740,21.910069336068716,23.81998188532582,28.656233159512386,28.803366225319486,37.26483995066395,2.45,3.0,-1.27,0.11
RTX,2003-07-15,13.930696146145578,14.055351060638753,13.673714029377905,13.79261589050293,6998909,21.716179114655894,22.49640317419277,28.432222052559897,28.711513153477654,37.24586736490752,2.3,2.0,-1.29,0.17
RTX,2003-07-16,13.865493806800988,13.942205075465905,13.727414685672219,13.844398498535156,5571034,21.7238977638275,22.34677442846261,28.380783679857835,28.586653184716138,37.23875912780121,2.19,1.0,-1.32,0.19
RTX,2003-07-17,14.20111168996043,14.325766695838174,13.997828463828053,14.13974380493164,10407950,22.42319611725825,22.61875124187896,28.0579329871506,28.402292038045374,36.99065611267613,2.05,1.0,-1.33,0.22
RTX,2003-07-18,14.291244046005996,14.291244046005996,14.17234212385388,14.285490989685059,7804850,22.399025694583138,22.6086376254895,28.080897356165185,28.320745332536728,36.99388482951969,1.92,2.0,-1.32,0.2
RTX,2003-07-21,14.239465162797181,14.320011444061537,14.06878339744912,14.143576622009277,8388967,22.62576409949308,22.670926101404444,27.746236060279156,28.233937102266598,36.73018267978059,1.8,1.0,-1.32,0.27
RTX,2003-07-22,14.172340739563854,14.640277253215665,14.09562945454935,14.5750732421875,9265777,22.67273625956956,23.2193821637686,28.050588763535707,28.37034423980836,36.74039552726754,1.67,2.0,-1.29,0.18
RTX,2003-07-23,14.48876936803774,14.65561490745917,14.287403179967216,14.63260269165039,7853474,22.042417848444533,23.111465703981732,28.045182956335985,28.34855857059912,36.686129463465264,1.57,2.0,-1.26,0.18
RTX,2003-07-24,14.63260399350886,14.766846968364806,14.320005868055002,14.35452651977539,5934279,21.47896169098129,23.544062292073917,28.144453527686498,28.445792974385746,36.39172538363656,1.46,6.0,-1.25,0.16
RTX,2003-07-25,14.258633587014547,14.527121778259236,14.20685378798694,14.506025314331055,6126866,21.63389772561183,23.572490361520774,28.040151843095902,28.41031299423424,36.37514561880774,1.33,2.0,-1.24,0.19
RTX,2003-07-28,14.506031720319863,14.740000536358032,14.348775344544103,14.701644897460938,7126983,21.76376150955624,23.627437700357074,28.07056381093465,28.202685154853185,36.3955942546376,1.22,6.0,-1.22,0.17
RTX,2003-07-29,14.701638685067321,14.786021054983918,14.575065711426289,14.716980934143066,7698387,21.14508238654068,23.090506118189875,28.007797061977723,27.963183331777095,35.845623412921555,1.14,2.0,-1.21,0.2
RTX,2003-07-30,14.715067005558726,14.734245403537132,14.532879199572205,14.65178108215332,5422304,21.125993672172154,22.655046487649848,27.970281398666852,27.914408584024354,35.827454496072676,1.1,2.0,-1.2,0.22
RTX,2003-07-31,14.651786938451892,14.699730627624819,14.412065005181692,14.427407264709473,7534402,21.686352875388444,22.90363389623355,27.8770009166302,27.672629027035534,35.79631531652749,1.05,2.0,-1.21,0.24
RTX,2003-08-01,14.427399611118236,14.483014400551966,14.350688354173883,14.429316520690918,5179822,20.9426004935744,22.90841932876961,27.324778196675382,27.569963189985074,35.72221593751258,1.01,1.0,-1.3,0.33
RTX,2003-08-04,14.5079497942022,14.575071871661171,14.385212912188546,14.529045104980469,5895826,20.925103484999834,22.907597782047016,27.31970870226809,27.57840302885079,35.564415836647726,0.97,1.0,-1.41,0.33
RTX,2003-08-05,14.460002397946548,14.532877511878215,14.241375893683628,14.262471199035645,5303129,20.51619017374546,22.859177167356314,26.12217471829593,27.65762404125494,35.37627579827925,1.02,1.0,-1.43,-0.22
RTX,2003-08-06,14.249050396378431,14.258639596526594,14.03042384030312,14.072615623474121,7448596,20.948187247099227,22.279090513424194,25.973941748403284,27.70372663762142,35.25762082227786,1.06,1.0,-1.44,-0.19
RTX,2003-08-07,14.086031980724725,14.087950052182414,13.913432286286287,13.993978500366211,7264272,20.8838877605913,22.30478621694542,25.45814536153245,27.567256202192997,35.141638284948975,1.12,1.0,-1.43,-0.15
RTX,2003-08-08,13.965216542896819,14.114802915066742,13.953709272939482,14.047680854797363,6552400,20.835046905983702,22.29061321203543,25.402322736479217,27.55522419950674,35.05021539254773,1.19,1.0,-1.42,-0.13
RTX,2003-08-11,14.08029049337376,14.112893087753418,13.85399389331336,13.99974536895752,5845295,20.861353631393932,22.296610259438133,25.415160940311754,27.451216473555682,35.052143986855874,1.25,2.0,-1.4,-0.14
RTX,2003-08-12,14.028502409103249,14.316169044930001,13.986311798501637,14.30274486541748,5591373,21.671310305079082,22.645536833220913,25.53868151398086,27.383356407573515,35.108826147289705,1.3,4.0,-1.39,-0.17
RTX,2003-08-13,14.239460601967105,14.390965075618846,14.20494111032981,14.323843002319336,4969756,21.62440711456415,22.426290701168668,24.61684891115023,27.219178965114565,33.87700934308949,1.37,1.0,-1.38,-0.32
RTX,2003-08-14,14.32576214712453,14.709317409728717,14.285489594343163,14.5750732421875,8896175,22.02172132573607,22.32920028202272,23.835472506404926,27.20909875427649,33.864452123317406,1.46,1.0,-1.35,-0.51
RTX,2003-08-15,14.728490689925593,14.732326834379117,14.621096082247153,14.667122840881348,3188170,21.915006735149216,22.34295283896863,23.84442689180681,26.999811736400424,33.864122144554,1.54,2.0,-1.32,-0.51
RTX,2003-08-18,14.805205392546712,14.805205392546712,14.724659127465522,14.764931678771973,5019651,21.61039726176236,22.298970664794897,23.824881328846306,26.973269656464243,33.856304964119104,1.62,1.0,-1.28,-0.5
RTX,2003-08-19,14.87232486923743,15.18875681859649,14.843558434065523,15.098621368408203,7994895,21.85201988476954,22.61003709653158,23.744032863720534,26.95490426047472,33.776962283344446,1.69,1.0,-1.23,-0.47
RTX,2003-08-20,15.087079534428945,15.094777061480965,14.890793177836809,14.936978340148926,5930784,21.39061141554088,22.139827490450198,23.53687081182758,26.965575185103912,33.77510221086052,1.76,1.0,-1.2,-0.44
RTX,2003-08-21,14.942747924130474,15.314152648270126,14.940823251171436,15.281437873840332,7697752,21.754479181815647,22.53495460177846,23.530411255821505,26.886240456407652,33.79788360172284,1.83,1.0,-1.17,-0.41
RTX,2003-08-22,15.385348547951281,15.394970742941355,15.090920346054725,15.094768524169922,6792657,21.471569361365685,21.934851088905877,23.524174657465913,26.851171889117374,33.79085118798894,1.89,1.0,-1.14,-0.43
RTX,2003-08-25,15.06783248966204,15.106320115189341,14.852301786709155,15.00625228881836,4654499,21.277459613333598,21.414687824982106,23.288893622024283,26.672879338834026,33.665160249723556,1.95,1.0,-1.11,-0.39
RTX,2003-08-26,15.006261186755022,15.12364763936607,14.87155500076988,15.07168960571289,5550377,20.952128518020306,21.203469315773397,22.78224018424502,26.63449368375955,33.64846928466502,2.02,1.0,-1.1,-0.34
RTX,2003-08-27,15.012023908852942,15.173670756331315,15.010099236117448,15.154427528381348,3933728,20.963773602729812,21.20898154052425,22.579486950832464,26.480489324842825,33.64284705377086,2.09,1.0,-1.06,-0.29
RTX,2003-08-28,15.144798251157116,15.394965910629713,14.996620694106287,15.346856117248535,5744871,20.465423533448128,21.29705287855023,22.51717927565897,26.510025167721952,33.60431601097078,2.16,1.0,-1.01,-0.27
RTX,2003-08-29,15.346867917076544,15.462330810087327,15.30838028607295,15.443087577819824,5448999,20.37018472347749,21.23668093394121,22.481019243130554,26.50969005974366,33.59233861884791,2.23,1.0,-0.96,-0.25
RTX,2003-09-02,15.419992006281639,15.53930306502633,15.244874764043308,15.389203071594238,5779193,20.107057246913243,21.257636424879706,22.50064285050456,26.474276016393766,33.58253940573347,2.3,2.0,-0.91,-0.26
RTX,2003-09-03,15.346856476471912,15.389193422249281,15.271805943579889,15.337235450744629,6918824,18.4369035427107,20.51867224427426,22.521823163158963,26.14835694908559,33.23923843450165,2.35,4.0,-0.87,-0.27
RTX,2003-09-04,15.337242628126456,15.348788330989333,15.173669950135086,15.294905662536621,4848357,18.468454090020657,20.179073967346675,22.536674637980834,25.823176895797417,33.170889549712996,2.41,5.0,-0.84,-0.28
RTX,2003-09-05,15.29683656596886,15.29683656596886,14.908113192068132,15.019726753234863,9355714,18.370339420951236,19.820189085050504,22.615802930054226,25.89576798027699,33.1638002300009,2.46,7.0,-0.8,-0.3
RTX,2003-09-08,15.196769697041976,15.343021545625112,15.167903095535461,15.321853637695312,5716586,18.96389741450574,20.17292703144003,22.614618533137666,25.98678809797233,33.0843327923623,2.5,7.0,-0.76,-0.3
RTX,2003-09-09,15.298759824210082,15.300684497449248,15.044742616573581,15.13326358795166,5314887,19.06862947394853,20.30472569324697,22.377773971284913,26.02607134082427,33.10589841807118,2.55,1.0,-0.71,-0.28
RTX,2003-09-10,15.10631507459616,15.183289133498057,14.88501159327463,14.975457191467285,6351233,19.354944134616566,20.10886790523933,21.56408716751906,26.03180061355401,32.956048077155764,2.61,1.0,-0.69,-0.58
RTX,2003-09-11,15.063984712587253,15.231405609448549,15.019724230238825,15.065909385681152,6590536,19.35664269988459,20.092670203696276,21.472199982558646,26.012757962572902,32.91595526135491,2.66,1.0,-0.66,-0.54
RTX,2003-09-12,15.065904968876376,15.160199925210893,14.885013746325951,15.112090110778809,5348892,18.73025025066162,20.096236042998473,21.443915018562702,26.011008020175343,32.85066858146684,2.72,1.0,-0.62,-0.53
RTX,2003-09-15,15.106320776800231,15.15250476298729,15.021647996931758,15.048588752746582,4447293,18.80089098007005,19.731415026062134,21.44103944290135,26.019133232578177,32.419402084129054,2.77,1.0,-0.59,-0.53
RTX,2003-09-16,15.087078407568374,15.406524006664572,15.087078407568374,15.364188194274902,5949216,19.566581084596418,20.087057838105387,21.577167337067092,26.09178615851791,32.34510884931459,2.82,5.0,-0.58,-0.57
RTX,2003-09-17,15.27950994842637,15.4257628992805,15.196763026423113,15.252569198608398,3690611,18.806182104556772,19.518228951037052,21.581361252824962,26.103026845455297,32.22360851103233,2.86,6.0,-0.61,-0.57
RTX,2003-09-18,15.252577893230992,15.341098883343035,15.183300140177224,15.287216186523438,4059259,18.212924883679392,19.510190614965957,21.497825996963506,26.09129971294471,32.20552090970405,2.91,4.0,-0.62,-0.53
RTX,2003-09-19,15.287213359203381,15.45463427316882,15.219860292252832,15.231407165527344,7604954,18.14387012913479,19.44444140349784,21.489462542844198,25.966232796831584,32.198648298265375,2.95,4.0,-0.62,-0.52
RTX,2003-09-22,15.106322230792157,15.233330829585277,15.033195148814809,15.092850685119629,4975159,18.46782654939889,19.536627551499734,21.56171493905918,25.93896248645829,32.17290491938522,2.99,6.0,-0.63,-0.55
RTX,2003-09-23,15.09477054539463,15.296829668434043,15.01202245692316,15.252569198608398,5776651,18.528732750552066,19.611299178716195,21.585070080056116,25.945580971892966,32.148843227706244,3.03,10.0,-0.69,-0.56
RTX,2003-09-24,15.221784959789598,15.306457753385576,15.033196139105616,15.056288719177246,7722540,18.21243369737333,19.846366290114386,21.34050919894571,25.862462930965542,32.070363170210356,3.07,1.0,-0.67,-0.55
RTX,2003-09-25,15.056286278189171,15.192917063177996,14.983160369718817,15.048588752746582,9070648,18.2237715272542,19.826461519478364,21.058167817876047,25.84910787798478,31.948891835122666,3.11,1.0,-0.74,-0.5
RTX,2003-09-26,15.042814979340909,15.07745325847772,14.898486677745462,15.012024879455566,6615960,17.631768355849744,19.79018895805608,21.009056416985466,25.67904750856763,31.701405313171893,3.15,1.0,-0.8,-0.47
RTX,2003-09-29,15.106317414222481,15.298754340983388,15.054359420667673,15.252569198608398,7086940,18.096508080436568,19.94066752862934,21.1174509825659,25.70696480811373,31.17649723725262,3.19,3.0,-0.87,-0.52
RTX,2003-09-30,15.214087802670155,15.241028563507156,14.771482923384081,14.871549606323242,9877224,19.584305340616005,20.494373596488963,21.562766017479916,25.893682859715312,31.287321567627586,3.22,11.0,-0.99,-0.53
RTX,2003-10-01,15.010098075491804,15.406518805529974,14.915804282831886,15.371880531311035,8790348,20.84487431836851,21.206405910054166,21.814047010283605,26.168394701034416,31.149805273253538,3.24,16.0,-1.03,-0.47
RTX,2003-10-02,15.327627533398879,15.608585542237371,15.285291714661243,15.481576919555664,8429645,20.641042099955033,20.859935796288788,21.329590467776757,26.1775237082674,30.733013685225487,3.27,4.0,-1.01,-0.44
RTX,2003-10-03,15.481578173254713,15.931881826446967,15.481578173254713,15.741368293762207,8140765,20.152341905141697,20.885472061773687,21.44584822734522,26.05266863927646,30.732706357682986,3.29,8.0,-0.97,-0.49
RTX,2003-10-06,15.741360029157192,15.818335271289534,15.641293380853432,15.662461280822754,4376424,19.84398614761493,20.516667312441847,21.465523106812345,26.041513829878976,30.212939379438613,3.32,9.0,-0.93,-0.49
RTX,2003-10-07,15.66246122353205,15.797167313536775,15.58741065434461,15.735587120056152,5401011,19.750636470647066,20.36619935463483,21.463086066956915,26.004564183575074,30.122927431514857,3.34,9.0,-0.89,-0.49
RTX,2003-10-08,15.670160197494814,15.858747807774622,15.647067622803092,15.7798490524292,4492103,19.736898925637007,20.212596979454972,21.441544477335892,25.897918484046436,30.121049784283432,3.36,7.0,-0.85,-0.48
RTX,2003-10-09,16.058888874850364,16.19744320329329,15.808719814494173,15.895316123962402,7835677,19.775416725953303,20.23688856036075,21.31445848027482,25.758628356426733,29.806769799386185,3.38,4.0,-0.83,-0.45
RTX,2003-10-10,15.895313171300833,15.962667399222997,15.779851446790985,15.804868698120117,4137756,19.599902521231517,19.916148529321358,21.151861136572546,25.606489928884834,29.27545458734455,3.4,4.0,-0.87,-0.4
RTX,2003-10-13,15.876064562731177,16.028090359416716,15.876064562731177,16.0126953125,4137120,19.85688344788524,19.974979704084095,21.220870047581563,25.552791636746917,28.820812602185143,3.41,5.0,-0.9,-0.44
RTX,2003-10-14,16.116614765705222,16.251320871993336,15.991530857428666,16.214757919311523,4656723,20.069609637822055,19.935837112932635,21.243645700083157,25.530341264651955,28.706954866149292,3.42,6.0,-0.88,-0.45
RTX,2003-10-15,16.214754233985058,16.218602412434006,15.9722839976567,16.10698890686035,7103783,20.164886559727233,19.15586735265395,21.260264234294116,25.549099359848356,28.589413395974777,3.44,7.0,-0.93,-0.45
RTX,2003-10-16,16.106996891002428,16.357165941172298,16.097375856876894,16.241703033447266,8083243,20.21098088449972,19.199195169768622,20.867265776057963,25.499465455588748,28.568814242318684,3.45,1.0,-0.9,-0.41
RTX,2003-10-17,16.24169626919007,16.24169626919007,16.00114951979613,16.114688873291016,5612984,19.52701631810815,18.80805389149528,20.926677101164294,25.514562533933955,27.05122736310973,3.46,2.0,-0.9,-0.44
RTX,2003-10-20,16.26094169336439,16.334067592537224,16.108915876819566,16.222454071044922,5391477,18.857130093953316,18.749754349829303,20.43195719182225,25.430020541432345,27.035093227112984,3.47,1.0,-0.98,-0.44
RTX,2003-10-21,16.23207579743944,16.24169799504877,16.105067221576082,16.141630172729492,4742847,18.488560485828316,18.64516422711144,20.079420661325127,25.42327293611625,26.665238550763803,3.48,1.0,-1.01,-0.39
RTX,2003-10-22,16.039635588468162,16.09929226836269,15.837576478494753,15.951114654541016,5148678,18.57530340692812,18.847179421385327,20.059828871582496,25.460611229856926,26.421550141659296,3.49,1.0,-1.04,-0.38
RTX,2003-10-23,15.951113819699364,16.12430750010749,15.820257098082248,15.966508865356445,4941472,18.540406592299203,18.808866056824574,20.057479363242766,25.45516264982873,26.412140689459072,3.5,1.0,-1.06,-0.38
RTX,2003-10-24,15.88568244078018,16.01461563204528,15.818329420443824,16.004993438720703,5312663,18.537928180421183,18.47809233328824,20.042155355848166,25.448075308355776,26.315671212318957,3.51,1.0,-1.08,-0.37
RTX,2003-10-27,16.039641641137056,16.16472673246622,16.00692802990996,16.158952713012695,4719648,18.572660660698936,18.544418288990165,20.027173253675198,25.462824688640616,26.23299429588069,3.52,1.0,-1.09,-0.36
RTX,2003-10-28,16.153175744174522,16.203210234544756,16.020394327010713,16.18204116821289,6131633,17.73631140096114,18.515265509591693,20.018902946646538,25.314597051115012,26.008838780047792,3.52,1.0,-1.09,-0.35
RTX,2003-10-29,16.234009372948016,16.337925431417325,16.16473277828115,16.27442169189453,5541161,17.560853310188733,18.03943040732535,19.55510947651966,25.02666089772361,25.934503728972853,3.53,1.0,-1.11,-0.35
RTX,2003-10-30,16.31482625182579,16.541902682778904,16.28403614820716,16.50149154663086,6348055,17.88513030935823,17.896956396019355,19.414401301271745,24.98688122107309,25.875902223666586,3.53,1.0,-1.08,-0.32
RTX,2003-10-31,16.501486306159038,16.547670280451527,16.276334619801936,16.297502517700195,4697402,18.32554732691614,18.085483549515562,19.07181789033299,24.665849201237652,25.854933527407137,3.53,1.0,-1.08,-0.32
RTX,2003-11-03,16.405269630787174,16.591934899890763,16.40334612442726,16.511110305786133,4815306,18.25365936807422,18.211155852652734,19.149164854805235,24.699436217125232,25.863448929880512,3.53,2.0,-1.07,-0.37
RTX,2003-11-04,16.488012477775165,16.609248163835133,16.36677795818321,16.553442001342773,4767636,18.113460883094266,18.16662862458801,19.10124687501817,24.69675751127605,25.860198123815376,3.53,2.0,-1.04,-0.35
RTX,2003-11-05,16.568837740266336,16.738183251911238,16.555367366184345,16.626569747924805,6181210,17.495828101852787,17.751733128616497,18.900830056533994,24.51237113691705,25.818360554888997,3.52,1.0,-1.03,-0.28
RTX,2003-11-06,16.601560024092244,16.895989547144218,16.599635350789434,16.805543899536133,6622316,17.584961601729006,17.82941045399523,18.922919195329058,24.50189209716701,25.64605536681247,3.52,2.0,-0.98,-0.29
RTX,2003-11-07,16.83826137560807,16.924858862942454,16.653521857880417,16.680463790893555,6578142,17.796505477246,17.679765732402807,18.979782822187694,24.211680877540665,25.470453708150153,3.52,3.0,-0.97,-0.32
RTX,2003-11-10,16.69392032281459,16.738180783395475,16.334062621725497,16.439903259277344,4513078,18.138008663232785,17.98848930267063,18.89786969743758,24.28801039117499,25.474459910646818,3.51,1.0,-0.98,-0.31
RTX,2003-11-11,16.439910820601426,16.441834327165484,16.251322025122867,16.407196044921875,4064026,16.18716917295771,17.978277740706876,18.883571134093973,24.03898053200927,25.23092071229157,3.5,1.0,-0.99,-0.3
RTX,2003-11-12,16.434247125108936,16.700904633816105,16.35888719068707,16.656461715698242,5716904,13.998139458975576,17.681922572923202,18.58630724904191,24.059369322273756,25.18944478449771,3.49,1.0,-0.99,-0.33
RTX,2003-11-13,16.53086266994468,16.774332423118167,16.449706085553515,16.704769134521484,4448564,13.935245702709592,17.493364943530285,18.582130412023417,24.056435415230315,25.18990100407737,3.48,1.0,-0.99,-0.33
RTX,2003-11-14,16.675778460510212,16.811039774118278,16.540517146902147,16.598485946655273,4432357,13.500874514827924,17.017565798012775,18.566826080982406,24.006496761293096,25.188151150794624,3.47,1.0,-1.0,-0.32
RTX,2003-11-17,16.598490342385286,16.598490342385286,16.26806739352183,16.422651290893555,4052586,13.840916337608208,16.96451791796449,18.64952955200629,23.97501513937505,25.21227766645441,3.45,4.0,-1.03,-0.35
RTX,2003-11-18,16.46322773547221,16.492212138748663,16.084495544433594,16.084495544433594,6927087,15.245149556020632,17.505414571066687,18.992627074500746,24.120754093382537,25.19091896802096,3.42,10.0,-1.05,-0.39
RTX,2003-11-19,15.960825943144627,16.159853877337788,15.958894508718151,16.055509567260742,8625728,15.249134014094857,17.502883351557983,18.999217908892934,24.089775306438565,25.182512314699768,3.39,11.0,-1.07,-0.39
RTX,2003-11-20,16.055519058803036,16.264207802327668,15.95697133629932,16.096097946166992,7413003,15.12889340646446,17.481488412900152,18.98415213619125,24.043225037167804,25.10036944660414,3.36,10.0,-1.08,-0.38
RTX,2003-11-21,16.144397835002252,16.24294551426817,16.06710530787676,16.21202850341797,6659181,15.136434867838261,17.36225691990909,18.972938749851195,23.900743826573514,24.972730373248282,3.32,9.0,-1.08,-0.38
RTX,2003-11-24,16.308647323499336,16.449706510729946,16.289324772916906,16.44390869140625,6297843,15.219594877045528,17.542168842098352,19.032861417113903,23.59867336894722,24.875952781468865,3.28,14.0,-1.11,-0.41
RTX,2003-11-25,16.39560059117172,16.56950821944791,16.343428419816522,16.503808975219727,5012659,14.841208636699099,17.524177593193134,18.912695230616666,23.594093261519657,24.816379182239597,3.24,8.0,-1.11,-0.36
RTX,2003-11-26,16.538587563217234,16.714426587818796,16.441971324448907,16.679645538330078,5813515,14.95079212502918,17.603248957333374,18.760855665318818,22.689956865922785,24.662555119554867,3.21,5.0,-1.1,-0.31
RTX,2003-11-28,16.679657417009082,16.74342291502938,16.557921900188276,16.55985450744629,2393987,14.981915113944622,17.671556780768714,18.55758754352359,22.54231649833368,24.65099348077859,3.17,1.0,-1.1,-0.27
RTX,2003-12-01,16.73375274733703,16.975289865695206,16.69510648044231,16.886404037475586,6322631,15.715887049898999,17.58460494073021,18.64294708057401,22.293428365725624,24.612215882996754,3.14,5.0,-1.11,-0.31
RTX,2003-12-02,16.847758413675106,17.02359864193894,16.81490996401809,16.919254302978516,6151972,15.64199377263681,17.181564058768036,18.36120342303061,22.258500360211585,24.591529184861294,3.1,1.0,-1.08,-0.22
RTX,2003-12-03,16.946303665009513,17.06803910002617,16.86128188683852,16.86321449279785,5915211,15.589866468305674,16.964258538358493,18.275117129116012,22.266974849563432,24.43900505850855,3.06,1.0,-1.08,-0.19
RTX,2003-12-04,16.87867484634917,17.02166544874878,16.86901298677074,16.994613647460938,4527379,15.16372130163666,16.811231380740203,18.198450702395647,22.233420048811652,24.381488541322128,3.02,1.0,-1.1,-0.16
RTX,2003-12-05,16.998480095492877,16.998480095492877,16.894135745355474,16.952104568481445,5308531,15.219765334748796,16.817259215409777,18.21099416700891,21.661161410581368,24.23290386782933,2.98,2.0,-1.13,-0.16
RTX,2003-12-08,16.926983523801404,17.16852065091051,16.91345762271732,17.110551834106445,5458851,15.366460464805304,16.883150827399078,17.991191774817146,21.10791651335773,24.214131382074708,2.95,1.0,-1.1,-0.1
RTX,2003-12-09,17.187848637318005,17.352094439885377,17.069978368216503,17.098962783813477,6874967,15.227147632550162,16.842486892088896,17.945717484428243,21.110429402524197,24.090171164329472,2.91,1.0,-1.08,-0.07
RTX,2003-12-10,17.098949905341875,17.1781738368858,17.006198908267695,17.056438446044922,5576754,15.279612183022634,16.41272753217919,17.859709940431188,21.09967285782001,24.09117753362466,2.87,1.0,-1.08,-0.03
RTX,2003-12-11,17.027461917761848,17.31344311956775,17.0255293116111,17.249677658081055,5400375,15.488387915120525,16.41712330195123,17.34681986846879,20.950865733692936,24.10598614190979,2.83,1.0,-1.05,-0.1
RTX,2003-12-12,17.38107383736549,17.804247822693586,17.354022036292296,17.69990348815918,11889216,16.627350525343097,17.121566309413417,17.760134313193394,20.949599973123455,24.19502971724435,2.78,2.0,-0.92,-0.15
RTX,2003-12-15,17.850624481151325,17.968494716005114,17.690242767333984,17.690242767333984,9230501,16.056449160940936,17.086058184639548,17.440323446313585,20.82389452851094,23.935108478751562,2.73,2.0,-0.83,-0.09
RTX,2003-12-16,17.71923017096471,18.15593130115055,17.6902457588878,18.07090950012207,9028698,16.68343540516147,17.33736467296641,17.655578772102505,20.85256138132817,23.76195264650218,2.67,3.0,-0.63,-0.14
RTX,2003-12-17,18.07283816623054,18.084432632050806,17.94723867604922,17.993614196777344,5243700,16.816918891364267,17.32852306251257,17.593129277134082,20.692723019055947,23.743765330726337,2.61,3.0,-0.54,-0.1
RTX,2003-12-18,18.028396148329726,18.16365632481159,17.873811081590816,18.130807876586914,6299432,16.869018620977133,17.042334748178995,17.614598709527435,20.39092360120314,23.749382308757244,2.54,4.0,-0.45,-0.12
RTX,2003-12-19,18.279598497335968,18.3530258319456,18.070909790013147,18.1829833984375,10468968,16.70546043165514,17.02583294135554,17.583859566489636,20.260052501388955,23.738973199419984,2.47,3.0,-0.38,-0.11
RTX,2003-12-22,18.163659128671426,18.366552352905273,18.08636775464723,18.366552352905273,7071686,16.55622486863095,17.043003763888954,17.399213879523582,20.205203718894563,23.729937783315187,2.4,2.0,-0.28,-0.06
RTX,2003-12-23,18.588769047800348,18.695044845449306,18.26993814102316,18.35302734375,5513194,15.734516564875294,16.860399206415234,17.402661124135765,20.18408534740854,23.710056999290494,2.33,3.0,-0.24,-0.06
RTX,2003-12-24,18.353030368689616,18.376218138710307,18.165596772813416,18.17525863647461,2591023,16.13152807600325,16.022211701576122,17.49346962909971,20.233944319488277,23.735598079772334,2.26,5.0,-0.25,-0.1
RTX,2003-12-26,18.24095036459675,18.36461842820092,18.215829996358014,18.29119110107422,1171729,15.777600658518361,14.79179633337058,17.185124813031848,20.2391857430302,23.73953012902833,2.22,1.0,-0.26,-0.04
RTX,2003-12-29,18.337565077967508,18.465097180308277,18.260273711074923,18.461233139038086,4159684,15.87700982116392,14.824342401750275,17.02753320875716,20.253994099715065,23.72810978032326,2.18,1.0,-0.26,0.0
RTX,2003-12-30,18.43417755869801,18.453500103642355,18.244811464627748,18.279592514038086,4077374,16.094391052189764,14.773485350595664,17.094255671389476,20.20702030458543,23.75015317647506,2.15,2.0,-0.32,-0.02
RTX,2003-12-31,18.300855939705396,18.414862168871643,18.2428871073851,18.312450408935547,3685209,15.557936011184045,14.691155540443887,17.09379632960059,20.09825082131237,23.74164745520351,2.11,2.0,-0.39,-0.02
RTX,2004-01-02,18.324037578336668,18.528862200981216,18.165588474548596,18.233219146728516,5128656,13.96028500643719,14.752979056354077,17.102710469757483,19.890580757046465,23.649027538337126,2.08,4.0,-0.48,-0.03
RTX,2004-01-05,18.33757070967277,18.364623691978547,18.26414336149989,18.343368530273438,4816259,13.852668149306604,14.770962464948362,16.845330520509386,19.331363858479293,23.611345125544542,2.04,1.0,-0.55,0.07
RTX,2004-01-06,18.337563326426245,18.353021832583526,18.126942058490634,18.296985626220703,5965424,13.990274410435735,14.772313893166011,16.863462010801854,19.279371963286554,23.602842916660364,2.01,2.0,-0.62,0.06
RTX,2004-01-07,18.279600981296216,18.418727585934707,18.165594750869992,18.35689353942871,5423575,13.96559576819603,14.67758109920102,16.693167872834334,19.261809297533926,23.49158410872366,2.0,1.0,-0.68,0.15
RTX,2004-01-08,18.318248833720535,18.360759158706212,18.24288887588788,18.33563995361328,6027395,13.711362440328848,14.528810229416358,16.689769443639086,19.248502498139946,23.4807713308412,1.99,1.0,-0.75,0.16
RTX,2004-01-09,18.269936342979282,18.356890750486663,18.024533972288356,18.07090950012207,6412251,14.688172696904802,14.768377594256513,16.884953053096076,19.319986362711724,23.405033465952833,1.98,5.0,-0.82,0.09
RTX,2004-01-12,18.115343965925703,18.157854260959432,17.875738355233583,17.96076011657715,7147322,14.737845935034116,14.755218199036666,16.6150890183578,19.314628185131383,23.391046133530327,1.97,1.0,-0.88,0.17
RTX,2004-01-13,18.028395501085274,18.1539949848441,17.806179768445052,18.047718048095703,7313849,14.461555024864131,14.706591675557771,16.500487160972316,19.262415474772602,23.389330095457357,1.96,1.0,-0.94,0.23
RTX,2004-01-14,18.144341260754217,18.629350643594456,18.130815354654906,18.521141052246094,6876239,15.197791435650466,15.375708095722004,16.607263636915892,19.44209159583007,23.515432021042912,1.95,2.0,-0.98,0.26
RTX,2004-01-15,18.46316063020843,18.497942850593134,18.213894297591544,18.43417739868164,8642571,15.362327143302975,15.415004344835525,16.485231155359923,19.45607641707919,23.523997809813213,1.93,1.0,-1.02,0.32
RTX,2004-01-16,18.579104946116363,18.849627681216543,18.48828649893759,18.8399658203125,7480376,16.185001486620873,15.856411944192317,16.731470743727808,19.580540497982955,23.46523674700748,1.92,7.0,-1.02,0.22
RTX,2004-01-20,18.729827654339047,18.776203188157954,18.269938700883436,18.318246841430664,8338436,18.561928853497342,16.806833723209664,17.407574305956597,19.684052215509467,23.63410934194371,1.9,19.0,-1.07,0.35
RTX,2004-01-21,18.298914885344075,18.598423113711576,18.01873154429013,18.524995803833008,7457495,18.66642476423252,16.903080280701108,17.461034149759094,19.538749451985883,23.621143391947413,1.89,21.0,-1.11,0.32
RTX,2004-01-22,18.608088943545322,18.617750804234404,18.20230602119984,18.40133285522461,7215331,18.76954540647371,17.007362727539903,17.431490029661603,19.53228963530845,23.549838660627177,1.87,20.0,-1.15,0.34
RTX,2004-01-23,18.424528634569004,18.472835616479415,18.103766198639523,18.21390724182129,4817530,19.108288400113867,17.1309173844337,17.52097538654414,19.586933491199137,23.464854882483763,1.85,24.0,-1.18,0.29
RTX,2004-01-26,18.211961504375946,18.405191635259396,17.999407657638393,18.399394989013672,5340629,19.194493782651563,17.211296884317672,17.552626710898306,19.605085340041864,23.34885225076996,1.83,25.0,-1.21,0.27
RTX,2004-01-27,18.3781539609002,18.577182062244592,18.291200686568118,18.526941299438477,6925498,19.06318945703204,17.22381122597402,17.55150467240341,19.42414322018467,23.282925358172747,1.81,25.0,-1.24,0.26
RTX,2004-01-28,18.53466340581354,18.59843005274093,18.347229849468146,18.424522399902344,9213022,17.84668281525392,17.119706029471555,17.57579320403586,19.138517934524156,23.25139486599688,1.79,27.0,-1.26,0.25
RTX,2004-01-29,18.455438868106906,18.550121361099478,18.134676550313486,18.4090633392334,10556998,17.849576232329248,16.869783031212624,17.286375300207716,19.134414290999516,23.252729207296184,1.77,16.0,-1.28,0.35
RTX,2004-01-30,18.327904389153765,18.47282643412519,18.289258120069206,18.461233139038086,7541712,16.82818591315893,16.71475834971802,17.047640631586276,19.12889607839744,23.20402310367484,1.74,12.0,-1.3,0.46
RTX,2004-02-02,18.468959453865715,18.841893841452226,18.37620842282237,18.588762283325195,8607931,16.85126304252891,16.74594842965364,16.911564820663983,19.13362175276392,23.20236566751066,1.72,11.0,-1.31,0.54
RTX,2004-02-03,18.540458396401462,18.66219385963064,18.467031065693153,18.577173233032227,5801439,16.743332558331687,16.745930914855442,16.79752706597388,19.122286754140113,23.132402928223954,1.72,8.0,-1.33,0.61
RTX,2004-02-04,18.50180900785453,18.540455273105618,18.113416091814837,18.18877601623535,8736322,17.892117578197766,17.28884778444991,17.186880307774455,19.231235206445483,23.229494769257247,1.71,19.0,-1.34,0.51
RTX,2004-02-05,18.1443341771261,18.260272979736328,18.088296796378703,18.260272979736328,6500599,17.68049620473078,17.198906887482018,17.188929070093785,19.112720717607232,23.220916847084734,1.7,20.0,-1.35,0.51
RTX,2004-02-06,18.16366414614139,18.304723373100302,17.902804369064476,18.22549819946289,6561299,17.68686684090158,16.888013967281353,17.171984526291194,19.118472414751125,23.21906042172408,1.69,18.0,-1.36,0.52
RTX,2004-02-09,18.204234042213223,18.364615745956183,18.11728082614891,18.33176612854004,4318902,17.534479413808995,16.890532871156555,16.916628492292098,19.09766605794433,23.216934896005537,1.68,13.0,-1.36,0.64
RTX,2004-02-10,18.240947682789194,18.565575130746435,18.15592707283772,18.472824096679688,4977066,17.57784830987336,16.709893353759327,16.87936791878006,19.090946570713776,23.22253410924513,1.66,11.0,-1.37,0.67
RTX,2004-02-11,18.35688492032208,18.637068262263465,18.252540601474408,18.494077682495117,4767636,17.37609502952824,16.708498700304922,16.879706301588154,18.830770459704755,23.106102082842536,1.65,12.0,-1.36,0.67
RTX,2004-02-12,18.494084315920944,18.52886654886332,18.34722964302509,18.38007926940918,4116146,17.224321492612464,16.70442528426004,16.905631912361777,18.854129809765336,22.89207302888652,1.64,14.0,-1.36,0.65
RTX,2004-02-13,18.38007832977433,18.550120758846546,18.18684813701818,18.2853946685791,4534688,17.285707413450858,16.568497905696624,16.85139571252093,18.56995095371651,22.841822392260873,1.62,10.0,-1.37,0.69
RTX,2004-02-17,18.447711511797177,18.50568034321645,18.25834533504718,18.459304809570312,5262768,17.45034798888296,15.955258439421971,16.838438267510753,18.35179808641641,22.55716931989129,1.6,9.0,-1.37,0.7
RTX,2004-02-18,18.61833923894407,18.975190124821864,18.56015723373948,18.882099151611328,28179644,18.5455797618966,16.465601394031978,16.98634472399703,18.430819178081073,22.6518487009685,1.58,19.0,-1.38,0.67
RTX,2004-02-19,18.918945487658217,18.967431269706672,18.833611028509853,18.858823776245117,8066082,18.52811699089477,16.485337857090958,16.989733633708322,18.432768200312292,22.65175037562614,1.57,20.0,-1.4,0.67
RTX,2004-02-20,18.92863745297061,18.9577284436267,18.692028926406287,18.738574981689453,8088963,18.63708880857324,16.560319196803004,17.029192904293232,18.450066095676,22.522913546169136,1.56,22.0,-1.45,0.64
RTX,2004-02-23,18.738577011939626,18.75991032902657,17.99966153711558,18.19166374206543,18417463,20.603721740829975,17.628778823906757,17.621164182628203,18.79006469664833,22.716488467661623,1.53,47.0,-1.46,0.81
RTX,2004-02-24,18.211059919405603,18.29057641092834,17.592388934127705,17.809602737426758,15108848,21.091444282020436,18.236978572969385,17.473215586110925,18.978285346538527,22.595262620323687,1.5,39.0,-1.57,0.76
RTX,2004-02-25,17.687413725286813,18.044264435072723,17.687413725286813,17.90074920654297,7817880,21.081916049338897,18.15150698593323,16.747372490574776,18.7143308909569,22.595294618226074,1.47,8.0,-1.59,0.63
RTX,2004-02-26,17.732026012043377,17.77469265237333,17.245234372625617,17.43141746520996,19541522,22.367258062838825,18.949626094191967,17.305428597370415,18.869915623598203,22.584548287361702,1.44,33.0,-1.6,0.58
RTX,2004-02-27,17.489597912049234,17.89493448603195,17.431415921192173,17.86390495300293,12364962,22.224791505602404,19.18527036366504,17.527886756777416,18.79325109302924,22.675661207198246,1.41,44.0,-1.58,0.58
RTX,2004-03-01,17.70680817223301,17.958932041734876,17.675777469796873,17.88135528564453,9779977,22.20800109302306,19.184129008628176,17.498931596832282,18.78886509512371,22.67399660039013,1.37,43.0,-1.58,0.61
RTX,2004-03-02,17.706807683162566,17.75529344827571,17.47020034699749,17.512866973876953,10563672,21.838145912499158,19.6784176396308,17.83957510095053,18.947672528814625,22.736184781191046,1.33,55.0,-1.57,0.46
RTX,2004-03-03,17.367413494901417,17.62535535931073,17.357717280871228,17.5555362701416,7945953,20.47204261708588,19.626165523574855,17.838743211436594,18.827923192240576,22.678578653499056,1.29,55.0,-1.55,0.46
RTX,2004-03-04,17.43529236905773,17.55165633089319,17.390684851359453,17.497352600097656,6643291,20.12264693658779,19.632279863054496,17.82401796805987,18.820297662256525,22.67811712295588,1.25,55.0,-1.53,0.46
RTX,2004-03-05,17.396510525964867,17.563298855554205,17.365479810994575,17.435298919677734,6752614,20.07811342388756,19.563499394268135,17.806783920752387,18.828777815403463,22.65911486315869,1.21,55.0,-1.52,0.48
RTX,2004-03-08,17.5225643154012,17.745596012927983,17.491533613904696,17.54389762878418,7085351,20.043152087984346,19.599479310920152,17.721440601740806,18.69977715017546,22.626263445690913,1.17,54.0,-1.49,0.52
RTX,2004-03-09,17.425601336092505,17.503178127900327,17.15214520224202,17.21226692199707,8131549,20.387201872059766,19.996025019255473,17.903430013129153,18.839894536110656,22.614239455878106,1.12,61.0,-1.46,0.44
RTX,2004-03-10,17.115292528312917,17.142443811321268,16.86898774124761,16.89225959777832,12679267,20.742851210761206,20.228935539130923,18.129981444326948,18.77177895195864,22.45958987562595,1.07,64.0,-1.44,0.34
RTX,2004-03-11,16.756501872379353,16.996988693377734,16.581954720716453,16.607166290283203,10954566,21.12457978422932,19.76487835820716,18.296335564133184,18.890667163092015,22.536996703106706,1.03,68.0,-1.44,0.25
RTX,2004-03-12,16.659529493184078,16.993108425371652,16.65565124251348,16.940744400024414,7281751,22.176105263523656,20.225901802255198,18.51335370792372,18.992180564268903,21.907893942899946,0.99,70.0,-1.42,0.2
RTX,2004-03-15,17.26075420247667,17.342209253122338,17.02220584094787,17.04741859436035,10742276,22.274048563820383,19.756623118020126,18.510167159587223,18.99011145038123,21.777086452392822,0.96,70.0,-1.4,0.2
RTX,2004-03-16,17.22195984629265,17.26074823213215,16.878683513300867,17.07456398010254,8247228,22.12940945044964,19.751222645058913,18.489953306369866,18.986890981837085,21.514798384587753,0.93,70.0,-1.37,0.22
RTX,2004-03-17,17.19287360868743,17.324754166055264,17.06681219289159,17.221965789794922,5079397,22.369384322535648,19.770594012281446,18.4249489309059,19.00518795607774,21.498080200675414,0.91,70.0,-1.37,0.27
RTX,2004-03-18,17.08620038960646,17.21614000741097,16.996987693591294,17.033836364746094,7821694,21.822776320133034,19.86266349290197,18.519071482099715,19.050720942460202,21.53421263606555,0.89,74.0,-1.37,0.21
RTX,2004-03-19,17.03189953252579,17.03189953252579,16.54898612402826,16.562562942504883,14580982,22.982248242769998,20.4759110515059,19.06864641117706,19.342789328073927,21.706942918954027,0.87,93.0,-1.4,0.15
RTX,2004-03-22,16.56449890261339,16.574196292706482,16.25419299988789,16.35892105102539,10662190,23.128651931440245,20.59048461008855,19.116387087211596,19.387783499525042,21.315810059259448,0.85,96.0,-1.41,0.1
RTX,2004-03-23,16.572260626212714,16.578079767039725,16.358925045574352,16.364744186401367,8233562,22.989255161033007,20.53063105483479,19.115281992400128,19.31313455683585,20.917691655049374,0.83,96.0,-1.42,0.1
RTX,2004-03-24,16.397711582553555,16.440379399198875,16.194073417441217,16.30074119567871,9445016,22.731668727843665,20.465224506534373,19.1047491505505,19.199283055910534,20.924183036525136,0.82,96.0,-1.42,0.1
RTX,2004-03-25,16.45007452384527,16.659530639648438,16.339528501745555,16.659530639648438,7478152,23.906406480971953,20.91305855376964,19.291131210612534,19.23206840683546,21.01376593350725,0.82,100.0,-1.41,0.08
RTX,2004-03-26,16.591651349851233,16.85347147753867,16.576135995945034,16.737106323242188,7391075,24.005905395716074,20.882444876389915,19.198995755000496,19.17668468715591,20.897863559284765,0.82,99.0,-1.41,0.14
RTX,2004-03-29,16.795278287074538,16.892247420942038,16.62073125983059,16.649822235107422,6860349,24.006384870040915,20.88515372693456,19.108733620657546,19.02586749563567,20.786078039128864,0.82,96.0,-1.41,0.17
RTX,2004-03-30,16.659525756066785,16.69831413199022,16.436494063986327,16.630435943603516,8716301,23.717925778000055,20.877431398596066,19.105593262694697,18.979681995478398,20.7043508793518,0.82,95.0,-1.41,0.17
RTX,2004-03-31,16.620742344529422,16.876744508397966,16.440377237057664,16.737106323242188,9035690,22.604002037929927,20.88329989619866,19.119727465572296,18.945516158598018,20.637615803214025,0.82,98.0,-1.4,0.16
RTX,2004-04-01,16.756495776721156,16.911648090878295,16.71770740428604,16.791404724121094,6362038,22.68890997959199,20.90492084853577,19.05056436313772,18.944602050642597,20.500219292583257,0.82,91.0,-1.41,0.2
RTX,2004-04-02,16.8922574876199,17.101714750485197,16.8922574876199,17.016380310058594,6600706,23.21108080069334,21.101680423263335,19.128808631270825,18.850713738623543,20.32581237318089,0.83,98.0,-1.39,0.17
RTX,2004-04-05,17.105604599845222,17.36742488648213,17.08621098348059,17.30536460876465,6137354,22.513349463043433,21.425422924028638,19.162191795634925,18.912091230424203,20.27991262442003,0.83,98.0,-1.36,0.19
RTX,2004-04-06,17.260751129150055,17.43529830693167,17.123052630204658,17.406206130981445,5240522,21.825229582774515,21.279984010567325,19.176253563431857,18.874477248047764,20.224285368991694,0.83,98.0,-1.32,0.19
RTX,2004-04-07,17.35771426346186,17.590443344651757,17.268500410573683,17.491533279418945,11763685,21.82030255614105,21.278237982465818,19.04810748522945,18.564360860966637,20.212931064548478,0.84,87.0,-1.28,0.24
RTX,2004-04-08,17.644752080419487,17.710690575182767,17.29759748499114,17.41590118408203,6920731,20.444206890159155,21.26414683466531,19.05942343664097,18.5718082799451,20.218696357156574,0.85,88.0,-1.25,0.23
RTX,2004-04-12,17.444992584091846,17.466325903616706,17.289840207524264,17.297597885131836,6678885,19.152158334476425,20.569144806666518,19.06348139278088,18.440025363378187,20.235970984430562,0.85,88.0,-1.21,0.23
RTX,2004-04-13,17.37710589453634,17.40037891757634,17.066800096252955,17.08231544494629,6495832,19.424327866634663,20.68909658387077,19.093459754480442,18.474877858609958,20.284772790353482,0.86,89.0,-1.19,0.21
RTX,2004-04-14,16.97952623412945,17.19286050388693,16.960131461507604,17.099769592285156,5627920,18.55049731316581,20.13147452221212,18.78853683322863,18.415052167237242,20.20504483508509,0.85,78.0,-1.21,0.34
RTX,2004-04-15,17.148259725036983,17.154077688075162,16.88062049386161,17.093955993652344,5029503,18.525943543347417,19.36173703495932,18.78518269510587,18.415564131341693,20.119778650429765,0.85,78.0,-1.25,0.34
RTX,2004-04-16,17.088133238060973,17.21225602638191,17.020255057677097,17.206438064575195,5018062,18.634188553236058,19.257705124371046,18.806459893646743,18.4172200126039,19.97896126751774,0.85,80.0,-1.29,0.33
RTX,2004-04-19,17.150200247950234,17.183169490446158,16.960136591335118,17.105592727661133,3433193,18.678788717947484,19.248496143186063,18.80562188821337,18.33249355489022,19.61381702201273,0.85,80.0,-1.32,0.32
RTX,2004-04-20,17.09589651805274,17.233593802549276,16.87868158220319,16.96595573425293,4625579,18.686642623900305,19.212153679558057,18.727302295840182,18.36415968229066,19.58788681822687,0.84,77.0,-1.32,0.34
RTX,2004-04-21,16.533473168058908,16.68862675388379,16.331774682070634,16.488866806030273,17553683,19.650721757018342,19.862060245783255,19.27000371013841,18.676916170381606,19.79989426443588,0.85,99.0,-1.32,0.27
RTX,2004-04-22,16.53735433122044,17.13469217258926,16.52377868493191,17.008630752563477,11021940,21.0819562104752,20.903463981162723,19.821580293857906,18.8782095065108,20.012144133367247,0.87,100.0,-1.31,0.32
RTX,2004-04-23,17.076498014576362,17.26074249214837,16.83213302842562,17.24716567993164,7591289,20.787552176550367,21.119351541847728,19.90441945296671,18.862078457431572,20.03154764249741,0.89,100.0,-1.3,0.28
RTX,2004-04-26,17.29954385593302,17.402333422294824,17.22972472746574,17.35772705078125,6863209,20.093067641655647,21.175064783967127,19.691291489246083,18.855182149462347,20.019075949551027,0.9,98.0,-1.27,0.36
RTX,2004-04-27,17.357715220567464,17.46826121694273,17.31892684229978,17.44304847717285,7326243,20.064514967047323,21.19525427439659,19.70327695092754,18.857719891569612,19.979196028361336,0.92,98.0,-1.24,0.36
RTX,2004-04-28,17.415897302236054,17.415897302236054,17.22971308546011,17.274320602416992,6725601,20.290580393157978,21.206429935030155,19.759374223855193,18.894166876733575,19.993507821972933,0.94,98.0,-1.22,0.32
RTX,2004-04-29,17.23165291881414,17.322805315019085,16.73516402177246,16.86898422241211,7866821,21.293861274902255,21.702123884829536,20.08442482602101,18.96832183357014,20.150713748259477,0.96,100.0,-1.22,0.22
RTX,2004-04-30,16.88837900527764,16.969834018592568,16.713831876412144,16.729347229003906,7264272,21.195483642751554,21.366061157823275,20.123435461921947,18.999591409462273,20.170561450134674,0.99,100.0,-1.23,0.19
RTX,2004-05-03,16.785595744743485,16.872868747738003,16.729352280718775,16.86317253112793,7290014,19.656205856771052,21.425047017498088,20.10860464689293,18.916762784299408,20.006336120298876,1.01,99.0,-1.24,0.2
RTX,2004-05-04,16.795286471495437,16.867044088735064,16.688618726445394,16.74873924255371,8345110,19.401704929051217,21.454253976837677,20.136271823317273,18.926809633580707,19.91285709061765,1.04,100.0,-1.26,0.18
RTX,2004-05-05,16.65952641088259,16.750678803989622,16.576132868848664,16.702194213867188,7238848,19.429044919040663,21.402927530583764,20.137170609393095,18.918246233915877,19.88586457632634,1.06,100.0,-1.27,0.18
RTX,2004-05-06,16.630447822049266,16.781720832823595,16.591659418420864,16.620750427246094,5662560,19.45100541320194,21.326514632334288,20.065997168115928,18.752924819157357,19.892444558950086,1.08,95.0,-1.29,0.21
RTX,2004-05-07,16.58195698051946,16.74680676411591,16.484986588732372,16.519895553588867,6700495,18.473225369439405,21.335892190345177,19.64250766802558,18.721397649885937,19.904817515410503,1.09,89.0,-1.33,0.28
RTX,2004-05-10,16.320137127456224,16.36862173651537,16.060255484843694,16.14946937561035,8569795,19.508481636243104,21.741882885149696,19.950183207414902,18.7341458031731,19.902644287993727,1.1,94.0,-1.3,0.17
RTX,2004-05-11,16.12618637084961,16.149460569300746,16.029217205608663,16.12618637084961,7181009,19.47122099569811,21.73326439028186,19.630047927408615,18.675329005595636,19.673468067932138,1.11,87.0,-1.28,0.26
RTX,2004-05-12,16.087407129077942,16.467531006030242,15.963284279079543,16.386075973510742,9736121,20.088414274399575,21.9217076564549,19.810295855917197,18.75142249131951,19.723514438402432,1.12,91.0,-1.31,0.19
RTX,2004-05-13,16.291039753048786,16.329828130470556,16.097099041523435,16.186311721801758,9145013,20.259751037743353,21.407807147083325,19.843445443396217,18.806235646726588,19.761364002766797,1.14,92.0,-1.31,0.16
RTX,2004-05-14,16.194076350266126,16.260017212773683,16.060257262678594,16.145591735839844,8477633,20.22090639182447,21.406006593053046,19.834182491486526,18.799630117427494,19.759263133733455,1.15,91.0,-1.31,0.17
RTX,2004-05-17,16.00013166213818,16.058314831160846,15.80619090028609,15.969100952148438,7553470,19.918803111476144,21.461554947549075,19.81202165521043,18.790312768583924,19.788529137004307,1.16,89.0,-1.27,0.17
RTX,2004-05-18,15.922554856619454,15.967161204954843,15.844978087521513,15.951645851135254,7289379,19.096826794091733,20.71450237802262,19.811799029278195,18.7772216826101,19.7376792991936,1.17,88.0,-1.25,0.17
RTX,2004-05-19,16.029546578734667,16.234054883359075,15.945795491282357,15.961377143859863,6607380,18.95403062502332,20.337383167934238,19.769080462857513,18.772191337199125,19.664391230308205,1.17,86.0,-1.24,0.2
RTX,2004-05-20,15.980862862920768,16.01397300589813,15.751033961747531,15.873739242553711,5296773,18.82231697136213,20.299151992247367,19.741801361021206,18.779579686452074,19.674392936448236,1.18,84.0,-1.21,0.21
RTX,2004-05-21,15.893211400420597,15.939956369010325,15.712075532590934,15.885421752929688,7780062,18.853923750166167,19.64867068308485,19.670784600893178,18.77639263135976,19.65111076695885,1.18,81.0,-1.19,0.25
RTX,2004-05-24,15.941904609363304,16.15420379275793,15.836729018768752,16.11135482788086,6864480,19.45897743734385,19.169880396107846,19.779231008864727,18.72024486519014,19.686733594125638,1.18,86.0,-1.21,0.21
RTX,2004-05-25,16.107465444326365,16.407410682970962,16.05487762741325,16.358718872070312,7298595,19.859228051394584,19.475912344909503,19.946511541311395,18.65962651450622,19.544474240787242,1.19,93.0,-1.21,0.14
RTX,2004-05-26,16.360658991409075,16.360658991409075,16.13277816772461,16.13277816772461,10474688,20.167244754764333,19.23267585481939,20.043336275980888,18.675138922462132,19.598447673459976,1.19,94.0,-1.22,0.08
RTX,2004-05-27,16.175630612025188,16.442465631471197,16.146415297151346,16.378190994262695,8637168,20.761265686026896,19.512668064224332,20.17816602533737,18.711378183439738,19.457776468556872,1.2,100.0,-1.22,0.03
RTX,2004-05-28,16.38014601456638,16.51064216677179,16.368460355853337,16.47947883605957,5138508,20.74842764842938,19.56451862654831,20.210028004787716,18.71198193813831,19.288661736165515,1.2,100.0,-1.22,0.01
RTX,2004-06-01,16.415192864322744,16.574904233907645,16.35871025176883,16.489206314086914,5474105,20.712830946044374,19.559842471890335,20.199940714397695,18.709502362932902,19.222176245436934,1.2,99.0,-1.2,0.02
RTX,2004-06-02,16.54374238634048,16.687870923143542,16.45804328445649,16.629440307617188,4660537,20.788308324599168,19.60050150022807,20.25663534181204,18.724848772055168,19.236912713434652,1.2,100.0,-1.18,-0.01
RTX,2004-06-03,16.561277018953884,16.643080147220893,16.508689209310255,16.600231170654297,4987235,19.046164775933157,19.23182443778421,20.140016491348824,18.571781021886867,19.22967785516151,1.2,96.0,-1.17,0.05
RTX,2004-06-04,16.623601183919448,16.779416586889024,16.600228696382878,16.701509475708008,4221655,16.77622843805796,18.900840390035746,20.151914870549234,18.56091518445408,19.21010194461454,1.2,96.0,-1.15,0.05
RTX,2004-06-07,16.779411256988194,16.974180743984444,16.74629994834382,16.958599090576172,4114874,16.882009641442213,18.8311937222502,20.292968848121514,18.64195333633803,19.25908819870439,1.19,100.0,-1.12,-0.0
RTX,2004-06-08,16.958604101298736,17.139739990234375,16.944970445689982,17.139739990234375,6039789,17.077043297008952,18.51371553490303,19.926568179957272,18.67285637344695,19.104202782535847,1.18,84.0,-1.07,0.02
RTX,2004-06-09,17.139742356228048,17.16895885448956,17.02482908828503,17.11052703857422,5089885,17.005250513692122,18.47393707933419,19.91719042856958,18.638650703482444,19.001757476993696,1.17,83.0,-1.01,0.02
RTX,2004-06-10,17.139735316703412,17.213747581776286,17.12610166481218,17.19037628173828,5355566,16.848037595669194,18.495439039711325,19.60750023456668,18.607980759738123,18.801659188497922,1.15,66.0,-0.98,0.09
RTX,2004-06-14,17.145584178719755,17.163112658713114,17.083257546012184,17.159217834472656,5912351,15.309356661572362,18.414369860438175,19.11839492246471,18.539780194122134,18.801289880464104,1.15,58.0,-0.92,0.17
RTX,2004-06-15,17.237128208011775,17.47279875034871,17.221546547952247,17.389047622680664,7857923,15.500498206194191,18.47168880355522,19.15413680353344,18.598775745872214,18.82697235107788,1.14,60.0,-0.85,0.16
RTX,2004-06-16,17.38904962731903,17.431899787726405,17.192332031845314,17.295560836791992,5753133,15.483872231521708,17.543960317208388,19.14472278475446,18.609310971743266,18.747257705750584,1.13,59.0,-0.79,0.17
RTX,2004-06-17,17.28193005687415,17.353994369506836,17.149485909035473,17.353994369506836,4698673,15.326979266898222,17.33758960955498,19.09252091357298,18.524962110477112,18.739316601511018,1.13,49.0,-0.72,0.21
RTX,2004-06-18,17.353988451209062,17.519542694091797,17.334511967590693,17.519542694091797,7948496,15.463339363639065,17.424379335352068,19.083756753280614,18.293064449188776,18.75926427354981,1.12,48.0,-0.66,0.21
RTX,2004-06-21,17.47474546541434,17.52928127160432,17.237126937926522,17.276081085205078,5459804,16.0104927870208,17.66984310505217,19.165782324239267,17.972530159991482,18.723846875435964,1.11,61.0,-0.58,0.15
RTX,2004-06-22,17.17868886400924,17.227381825507734,16.95080807096203,17.106624603271484,7464804,16.19763798281558,17.26360479061828,19.20572844130496,17.998759074382146,18.742378318211028,1.11,63.0,-0.49,0.13
RTX,2004-06-23,16.96445022487535,17.470853028080185,16.956660574962903,17.453323364257812,5584699,15.450605841392909,17.707466704343965,19.487637856632826,18.046321796210428,18.688756553672217,1.1,65.0,-0.41,0.05
RTX,2004-06-24,17.455267425935066,17.54291336404246,17.36372548314335,17.529279708862305,6067755,15.410381791347472,17.679251355869287,19.495760082929138,18.039443925758665,18.68817953541373,1.09,65.0,-0.33,0.04
RTX,2004-06-25,17.484476615501286,17.607180649758682,17.301392794034577,17.383195877075195,5988941,15.212099650043207,17.775831860184773,19.498706197616297,18.064280162040276,18.691797217390036,1.07,65.0,-0.25,0.03
RTX,2004-06-28,17.422162631677036,17.587716919382093,17.3189349973973,17.361783981323242,4712974,14.640271216294135,17.740865724980537,19.498908489406748,18.063504692782715,18.685712767486418,1.05,65.0,-0.17,0.03
RTX,2004-06-29,17.361777500225045,17.655879810528365,17.334510189834234,17.63250732421875,5131199,15.044773536510943,17.993635469558026,19.387044844044116,18.132423140819693,18.73890027176152,1.04,61.0,-0.1,0.07
RTX,2004-06-30,17.714306646123156,17.91881497212329,17.655876033153753,17.817535400390625,7040859,14.596198731874832,17.917959428239513,19.45075224956964,18.154286277962044,18.761154305971502,1.02,61.0,-0.05,0.04
RTX,2004-07-01,17.848704712029885,17.87791884773323,17.560445192870464,17.665620803833008,6987469,14.96308255691898,17.699626738492096,19.493874214344554,18.126681823635778,18.77797615707091,1.01,62.0,0.01,0.01
RTX,2004-07-02,17.650034994549646,17.650034994549646,17.389042850482316,17.42994499206543,4620812,15.724711465080643,17.884079278971665,19.579131890261404,18.145209182599366,18.818173682083913,0.99,65.0,0.12,-0.04
RTX,2004-07-06,17.412415253067067,17.463055043823427,17.155319114446552,17.227384567260742,6448480,16.110511077554207,18.01365298641751,19.61460100420365,18.18243794050786,18.84619939581058,0.97,66.0,0.24,-0.06
RTX,2004-07-07,17.141690608865726,17.33840818583728,17.10468446059073,17.24686622619629,5636183,16.106677259850425,17.99559241778431,19.614554116169817,18.1580308427298,18.790901667167585,0.94,65.0,0.36,-0.06
RTX,2004-07-08,17.241017343167847,17.346192923557766,17.13194693935218,17.200115203857422,6321678,15.809286668046646,17.950395899165343,19.597585503373644,18.135593327578125,18.704490313586142,0.92,63.0,0.5,-0.05
RTX,2004-07-09,17.246858965144266,17.579915340007812,17.246858965144266,17.48253059387207,5168381,15.887327443133021,18.068953939671943,19.767277513483233,18.218206183649116,18.675978890001137,0.89,73.0,0.62,-0.11
RTX,2004-07-12,17.449422786430713,17.59355252298418,17.342299189999526,17.539016723632812,3432876,15.134659628613528,18.077910645224566,19.712350343546134,18.209800874952347,18.63398086769109,0.86,70.0,0.7,-0.08
RTX,2004-07-13,17.60134506225586,17.67925335461596,17.521489948042422,17.60134506225586,4904607,14.681632099717978,18.08845678654043,19.37145127447598,18.154078855758186,18.513740899588957,0.84,52.0,0.42,-0.02
RTX,2004-07-14,17.470852039274504,17.73184307601794,17.37346607298001,17.498119354248047,5078126,14.82767492144929,18.089792056852726,19.388742268359284,18.16992869518458,18.491538650777922,0.81,53.0,-0.06,-0.03
RTX,2004-07-15,17.558494394693597,17.763002756916997,17.548755563937977,17.724048614501953,5941907,15.14744278563485,18.223544636769557,19.486150385298632,18.22701095768138,18.497521047521435,0.78,54.0,-0.65,-0.06
RTX,2004-07-16,17.821424737030625,17.821424737030625,17.60133482458252,17.683137893676758,6192015,15.09470589568329,18.142042773419874,18.923436273415806,18.19855572606523,18.498392200240723,0.76,24.0,-0.74,-0.05
RTX,2004-07-19,17.724042664975023,17.81947939640053,17.453312941827104,17.511743545532227,5750591,15.442836215581194,17.235940484021008,18.68623440433697,18.238474423595445,18.418278991739793,0.74,18.0,-0.74,0.01
RTX,2004-07-20,17.50979825242375,17.655874774433183,17.402674682545403,17.64029312133789,6484709,15.476724657438861,16.12000074553503,18.70538510991945,18.246057110204443,18.405543584551655,0.7,18.0,-0.75,-0.0
RTX,2004-07-21,17.883760276607372,18.380422943489357,17.881812274305513,18.049314498901367,14741789,16.196199227443728,16.537446853517185,18.57535315978067,18.370953990842846,18.505193926974705,0.68,16.0,-0.72,-0.03
RTX,2004-07-22,17.99672282157393,18.152538179378045,17.798057325403104,18.035676956176758,8955922,16.009109868925464,16.49829410896882,18.167408927513343,18.30702600250438,18.274063751780037,0.66,9.0,-0.69,0.03
RTX,2004-07-23,17.998682245738436,18.109700714355384,17.87402893590219,17.936355590820312,5006303,16.11747047429802,16.52151792808979,18.188667019020315,18.26078929774248,18.282472624515613,0.65,9.0,-0.68,0.02
RTX,2004-07-26,18.279137965194092,18.286927610890903,18.039570351500288,18.113582611083984,8466828,16.272642008675657,16.492597820434995,17.94337227562031,18.292808142110832,18.193931605507142,0.64,6.0,-0.64,0.07
RTX,2004-07-27,18.162282029490164,18.479756838516188,18.074634907250278,18.405744552612305,9290247,16.74641267611708,15.970325495336093,18.112179282549114,18.378895684984474,18.231285581695545,0.64,6.0,-0.47,0.0
RTX,2004-07-28,18.308361302456028,18.501184055371706,18.242141016455474,18.444700241088867,10173414,16.420460869015844,15.840440000415287,18.103754913665586,18.340221734654033,18.188791097992564,0.63,5.0,-0.34,0.01
RTX,2004-07-29,18.501176282533116,18.54207841918197,18.11553211932888,18.327831268310547,7385036,16.460384051734724,15.867525299009117,18.12529582534363,18.33386235770143,18.203252164751525,0.63,6.0,-0.33,-0.01
RTX,2004-07-30,18.308355407821736,18.39210651062321,18.121376723230984,18.21097183227539,5795401,16.628754292974545,15.858643189400045,18.1346720869357,18.265013456546246,18.210032719883092,0.62,7.0,-0.35,-0.01
RTX,2004-08-02,18.16228069812998,18.370683884836453,18.086320415373752,18.304462432861328,4549307,16.496268246978595,15.852425975398166,17.878881925028544,18.27036517184775,18.141239144104773,0.62,1.0,-0.39,0.07
RTX,2004-08-03,18.18564950107421,18.394052645579368,18.080473927880007,18.228498458862305,6644880,15.93220285666913,15.840517828832763,17.62435422368222,18.19750895612271,18.148241291070285,0.63,1.0,-0.44,0.16
RTX,2004-08-04,18.113585356891246,18.308354863406947,18.08437004897462,18.23044776916504,4193689,15.556597392214561,15.763842392529112,17.392668337517435,18.19533343808676,18.138548067499713,0.65,1.0,-0.48,0.27
RTX,2004-08-05,18.168120258814263,18.247976531772526,17.77858126487528,17.817535400390625,5338404,16.22114930420333,15.779180515407546,17.53178527220263,18.38723563362874,18.19099619407612,0.67,2.0,-0.53,0.27
RTX,2004-08-06,17.646140320063996,17.724048604851667,17.490324931096097,17.539016723632812,7970742,16.860949324978975,16.16641483141022,17.695237392700726,18.44024956091406,18.211068325553214,0.68,4.0,-0.56,0.19
RTX,2004-08-09,17.529280876619893,17.638351305934602,17.365674642344054,17.42605209350586,4624626,16.787416803621635,15.954453399527196,17.726246375052202,18.285862589479258,18.214333969968923,0.7,5.0,-0.57,0.17
RTX,2004-08-10,17.529281969409084,17.80195983060614,17.509805485298276,17.778587341308594,4812445,17.74627580753849,16.176527576356815,17.955444018877795,18.42995975200855,18.312522664037225,0.7,8.0,-0.61,0.1
RTX,2004-08-11,17.6948319287285,17.996725033241912,17.54096337328979,17.89739227294922,5199208,17.29067908126554,16.1869549371926,17.89109106684457,18.442637640329355,18.316204286788036,0.71,7.0,-0.66,0.14
RTX,2004-08-12,17.753255316017615,17.862326861881176,17.66366142221884,17.683137893676758,5470927,17.394836195862656,16.223629243469556,17.41485925173485,18.486152196047772,18.246824451151006,0.74,2.0,-0.66,0.04
RTX,2004-08-13,17.788324508337347,17.81559300207858,17.609136609213248,17.70846939086914,4290300,17.220227441791973,16.21331243573387,17.289448143157784,18.414343097750525,18.24681015570041,0.76,1.0,-0.63,0.11
RTX,2004-08-16,17.698730920588584,18.061002731323242,17.644195112598847,18.061002731323242,4806407,17.634612876421198,16.623798793690035,17.548106415271995,18.55170287987936,18.269441330426513,0.78,5.0,-0.63,0.01
RTX,2004-08-17,18.109694404593633,18.170073035356516,17.90129120058273,17.95193099975586,4562019,17.35055749643804,16.63490216316491,17.566597489677928,18.528740632377524,18.274242221618383,0.8,6.0,-0.61,0.0
RTX,2004-08-18,17.903050539623575,18.16699297809356,17.828756140174576,18.163082122802734,6177396,17.605921321977792,16.749095919453012,17.334049087458602,18.55431349529737,18.297402403564476,0.82,2.0,-0.62,0.04
RTX,2004-08-19,18.141578674316406,18.172860780868533,17.99298866819381,18.141578674316406,5080033,17.57796011093399,16.577899939542906,17.32637934953364,18.416835559600166,18.170330078163975,0.84,2.0,-0.64,0.05
RTX,2004-08-20,18.055547958511763,18.415290900670634,18.055547958511763,18.38205337524414,4708525,17.376401469780035,16.51253468996808,17.40921197978048,18.47788285646783,18.17596692349594,0.86,5.0,-0.64,0.0
RTX,2004-08-23,18.36837002766402,18.382055650966574,18.137665118735377,18.163082122802734,6206316,17.811934732289558,16.43818168786947,17.527606224258104,18.53120356257145,18.08634692685746,0.87,7.0,-0.64,-0.06
RTX,2004-08-24,18.319499580090483,18.438762942792426,18.192416873550833,18.309724807739258,7318298,17.911495916221487,16.260243539077504,17.542739803510855,18.532792913755465,18.054145729160343,0.89,9.0,-0.64,-0.07
RTX,2004-08-25,18.342958766173656,18.44657987231353,18.20805554834445,18.368375778198242,4717105,17.78734957946342,16.23802809356065,17.542602440136324,18.53243299616898,18.043409308013,0.9,9.0,-0.65,-0.07
RTX,2004-08-26,18.36836901236075,18.415292162610985,18.198272888980537,18.296030044555664,3389019,17.531206827179652,16.279130487797694,17.445432868980802,18.509575737269465,18.04610251022238,0.91,7.0,-0.68,-0.02
RTX,2004-08-27,18.29603202593253,18.37228067196205,18.24519801510255,18.262794494628906,2593884,17.523558000768883,16.233779226977205,17.25713623505172,18.51097843201398,18.04174699706862,0.93,1.0,-0.71,0.07
RTX,2004-08-30,18.221739924458852,18.42507245136654,18.221739924458852,18.24324607849121,3433193,17.236413181510645,16.228388380086095,17.238190487514544,18.508657581660977,18.00315890268907,0.95,1.0,-0.75,0.08
RTX,2004-08-31,18.256928850662174,18.360549926757812,18.096608667292138,18.360549926757812,3748133,17.211255854154288,16.232406314594904,17.24979059628839,18.477317126187398,18.00365789839079,0.97,2.0,-0.78,0.07
RTX,2004-09-01,18.36055525027591,18.462220928158196,18.211965219751598,18.368375778198242,4727911,15.947895302620005,15.98052191271152,17.232488935942573,18.2281327159291,17.998782670492762,0.98,1.0,-0.81,0.08
RTX,2004-09-02,18.36641404871365,18.751572842807544,18.339042802930148,18.728111267089844,4145701,16.844944486735024,16.29634147974247,17.448955126802602,18.3687163314761,18.090775816331238,0.99,12.0,-0.81,0.01
RTX,2004-09-03,18.70073973227115,18.710515684946003,18.407471817994033,18.434843063354492,6753250,17.455182700129363,16.664978649525768,17.519806113163202,18.296409245696378,18.16317553683802,1.0,13.0,-0.83,-0.0
RTX,2004-09-07,18.573662595774667,18.636226815274387,18.475906595360332,18.569751739501953,6596575,17.35763060916312,16.696759756371073,17.55041669397553,18.30851713833443,18.07542574210287,1.01,19.0,-0.85,-0.02
RTX,2004-09-08,18.554108065809494,18.622537374951875,18.5052306650551,18.534557342529297,5201433,16.76315729399394,16.69742555925789,17.554786863759045,18.288794056043326,17.97567255837213,1.02,20.0,-0.87,-0.03
RTX,2004-09-09,18.56388001107366,18.567790865949814,18.36836808006194,18.4016056060791,4896345,16.88915474525232,16.595422672025624,17.575930035277576,18.306286388573493,17.94506670980654,1.03,22.0,-0.89,-0.04
RTX,2004-09-10,18.44657167727209,18.49154058167872,18.319489043822724,18.46025848388672,3583831,16.80709324335659,16.548603781546973,17.548815441894288,18.271598511037464,17.910989031647652,1.04,19.0,-0.91,-0.02
RTX,2004-09-13,18.563877958575574,18.72028724907019,18.489583575218315,18.50326919555664,5835761,16.697585404793685,16.543819351334335,17.491485253280544,18.273388973875218,17.904046342979907,1.05,13.0,-0.92,0.01
RTX,2004-09-14,18.491542165705056,18.554105181540834,18.427022537205286,18.44657325744629,4547400,16.670644565338474,16.470722624520857,16.85804052267534,18.240165264135854,17.90682154803519,1.07,1.0,-0.88,-0.12
RTX,2004-09-15,18.45635382857482,18.528694000294667,18.397700468066986,18.413341522216797,6613736,16.630348296258965,16.188219581254234,16.16661870584765,18.2261885592307,17.901686965633736,1.1,1.0,-0.89,-0.36
RTX,2004-09-16,18.46025874183374,18.622533145012827,18.42897664360463,18.54823875427246,4744436,16.751930141521164,16.07536507716013,16.063474713519753,18.213739764508265,17.801391645451893,1.13,1.0,-0.9,-0.32
RTX,2004-09-17,18.71051676744943,18.76917011667674,18.602984837127575,18.700740814208984,6317228,15.327405242252862,15.663779387446795,16.082137617755123,18.20079646705361,17.79851363863012,1.16,2.0,-0.92,-0.33
RTX,2004-09-20,18.661642963912524,18.702701029947505,18.526739752110135,18.583438873291016,5266582,14.624924030271677,15.722734664052307,16.10663928461037,18.21550696026782,17.812047341051983,1.18,3.0,-0.94,-0.35
RTX,2004-09-21,18.622536104026004,18.66163873302557,18.520870453734847,18.602985382080078,4282355,14.41094525778008,15.6017289254278,16.020929015141842,18.208265106354933,17.806506907269263,1.21,1.0,-0.95,-0.3
RTX,2004-09-22,18.604940539737395,18.610805637725264,18.27452421831818,18.321447372436523,4993909,14.240005637367315,15.952912560439131,15.744832812374437,18.28484536848208,17.85116093606465,1.24,1.0,-0.93,-0.42
RTX,2004-09-23,18.280385898066243,18.292116091088094,18.004713325871336,18.092693328857422,5014248,14.6601407322125,15.893407377121582,15.821929626523929,18.342790149284056,17.87377137288225,1.26,2.0,-0.88,-0.44
RTX,2004-09-24,18.084884422975527,18.131807595421453,17.994948935008253,18.01449966430664,5132470,14.257934111197484,15.783972449892127,15.800223591937215,18.3454013663029,17.828502543710055,1.28,2.0,-0.84,-0.43
RTX,2004-09-27,18.002765186431418,18.02622676708009,17.820938825235118,17.84440040588379,5367960,14.552008067787842,15.806973484524834,15.83812494292271,18.378575662100086,17.857256692062855,1.3,4.0,-0.79,-0.44
RTX,2004-09-28,17.90500918270073,18.133758705063443,17.78183618064267,18.055553436279297,5995297,13.79093709867097,15.724291332197076,15.926342248295045,18.3521168116858,17.888843970744624,1.32,5.0,-0.73,-0.49
RTX,2004-09-29,18.03990842825433,18.223690177058984,17.95388383655586,18.13375473022461,3929279,13.72336333549852,15.53153107864303,15.91001880331478,18.34474711940752,17.827679298467906,1.33,5.0,-0.65,-0.48
RTX,2004-09-30,18.10443540954918,18.34491517462501,18.10443540954918,18.256935119628906,6451976,13.440561526843902,15.578738946529464,15.897800092167447,18.353292906642192,17.64590087092696,1.35,5.0,-0.57,-0.48
RTX,2004-10-01,18.358596091162962,18.62644822923859,18.31949345949778,18.540422439575195,5590420,14.137345065864274,15.83731739474514,15.600776601376426,18.18672424904777,17.40818435518428,1.37,1.0,-0.48,-0.6
RTX,2004-10-04,18.622544015598184,18.849339360147038,18.456358660578893,18.485685348510742,5237344,13.668727888572862,15.545335980147263,15.609599445889838,18.18151936285548,17.40032471467885,1.39,2.0,-0.39,-0.6
RTX,2004-10-05,18.41138777724018,18.41334320546464,18.315587200645954,18.331228256225586,3453533,13.428260290302433,15.653968610142394,15.507704000928566,18.0229346881252,17.350114860731818,1.41,1.0,-0.27,-0.57
RTX,2004-10-06,18.333178357959138,18.339043455820462,18.129844694500168,18.323402404785156,4626532,13.227225273681084,15.644672258360998,15.36072880479263,17.713967772293998,17.34122606207837,1.43,1.0,-0.14,-0.52
RTX,2004-10-07,18.25106076792797,18.276477770076802,18.02426791651659,18.065324783325195,4340512,13.811400753138301,15.88389560264773,15.543936787361798,17.74245146668266,17.399477324722234,1.45,3.0,-0.0,-0.57
RTX,2004-10-08,18.055552641999594,18.190455835886823,17.989078759011257,18.07119369506836,4802276,13.775682698509131,15.67576532110414,15.422764001061232,17.725356123077262,17.398009642415563,1.46,2.0,0.11,-0.52
RTX,2004-10-11,18.155263738208355,18.168949363124725,18.02231597458104,18.0399112701416,3096643,13.77494556089027,15.672062240908808,15.425554525224664,17.685400857905982,17.386243177813448,1.48,3.0,0.2,-0.52
RTX,2004-10-12,17.9871184219877,18.123977006433513,17.92259998451853,18.0496826171875,3758621,13.776142787748794,15.530827645603242,15.425628322369601,17.643996283258716,17.375065463251556,1.49,4.0,0.28,-0.52
RTX,2004-10-13,18.143530640795046,18.266703623613374,17.517892143570815,17.6938533782959,7080266,14.731889250596758,16.015604474261984,15.751776467342507,17.77872754159043,17.448933709004997,1.5,10.0,0.22,-0.51
RTX,2004-10-14,17.699721815014897,17.873727654872106,17.56677285377002,17.734914779663086,5458533,14.760578230980146,15.299481720974903,15.75288462307638,17.770141221010846,17.407401221669115,1.51,11.0,0.06,-0.52
RTX,2004-10-15,17.73687207415918,17.971486743377145,17.729051545681646,17.922609329223633,5751227,13.884771632786089,15.458825449963642,15.687449575043782,17.81533197137535,17.422666998221654,1.51,9.0,0.01,-0.5
RTX,2004-10-18,17.879593059272043,17.88154730212796,17.375170861737097,17.596099853515625,9829872,14.136191069242033,15.870663383408996,15.821725072044423,17.941799259567713,17.505587610562444,1.51,14.0,0.05,-0.48
RTX,2004-10-19,17.58632238527858,17.90109767093354,17.461193968091692,17.605873107910156,7747328,13.902884084032433,15.730470039620132,15.646757786026594,17.921904379891284,17.486377344823214,1.51,9.0,-0.19,-0.41
RTX,2004-10-20,17.605876935146306,17.846357867927136,17.298923293946473,17.57655143737793,12018878,13.90287103883265,15.352321913464564,15.484313846430053,17.92259315618955,17.476019797949014,1.51,5.0,-0.3,-0.35
RTX,2004-10-21,17.576545748060184,17.88936438755804,17.476833162383407,17.799428939819336,8729013,14.40608565023779,15.585071538371716,15.57549788024439,17.814961568023413,17.510858521545863,1.51,8.0,-0.37,-0.39
RTX,2004-10-22,17.799427427654603,17.8756772460174,17.703626890399494,17.791606903076172,6314686,14.350470000964286,15.538728284145629,15.576659057053742,17.808499210005348,17.46775733053117,1.51,9.0,-0.51,-0.39
RTX,2004-10-25,17.772065044862153,18.082929570459065,17.76033365959179,17.922609329223633,6579096,14.530656868655706,15.570792323399886,15.563425678647668,17.82919185014107,17.481318243153517,1.5,8.0,-0.6,-0.38
RTX,2004-10-26,17.918690168655274,18.11420328999012,17.848306630082302,18.104427337646484,5510334,14.86956440612562,15.67725981806703,15.628411191949674,17.856323646174896,17.506799085438267,1.49,13.0,-0.82,-0.42
RTX,2004-10-27,18.06532614693179,18.26083809867368,17.977344939072573,18.163082122802734,7053889,14.906489917720931,15.670399457400597,15.610750026435891,17.836990117363317,17.48523786762801,1.48,13.0,-1.03,-0.41
RTX,2004-10-28,18.14353243433555,18.19241102079952,17.948020458695286,18.000808715820312,8128688,14.916935259937079,15.776429972845458,15.514242131062076,17.867251088806583,17.510404865148313,1.47,7.0,-1.06,-0.38
RTX,2004-10-29,18.035992677432414,18.200222465403087,17.940190980193506,18.14743423461914,5820189,14.912894327564855,15.13814181226612,15.477990370055359,17.87935766056711,17.519386634771497,1.47,5.0,-1.03,-0.37
RTX,2004-11-01,18.182634842623386,18.567794875724204,18.147443066675915,18.534557342529297,8556447,16.132646651443842,15.35124477743233,15.812624209859957,18.043465118377785,17.59003774608688,1.45,23.0,-1.05,-0.41
RTX,2004-11-02,18.53455628565585,18.581479440982037,18.235422059282214,18.274524688720703,9022024,16.63171930796073,15.587324620429014,15.976339643134011,18.08651372757495,17.603288389527414,1.44,30.0,-1.03,-0.46
RTX,2004-11-03,18.485679465467864,18.724204935235758,18.485679465467864,18.57561492919922,8210681,16.732638215737904,15.410302876252558,16.16502771019616,17.990242083475163,17.630195690005003,1.44,35.0,-1.03,-0.52
RTX,2004-11-04,18.571709821202184,18.773086950105135,18.487639435514275,18.759401321411133,6095086,16.4755436703426,15.476329741501221,16.10608649533496,18.028054869996385,17.65391290276237,1.43,34.0,-0.98,-0.5
RTX,2004-11-05,18.769168823017836,19.06243673404867,18.73006619785887,19.013559341430664,7637370,16.760213084769173,15.455936130367892,16.20055144197211,18.08230818675445,17.69718378663627,1.43,38.0,-0.82,-0.54
RTX,2004-11-08,19.013568162277355,19.042894848475026,18.919721818358287,19.0018367767334,4895073,16.435172338838644,15.460376252027904,16.197724272938633,17.73390096723995,17.668025835861137,1.42,38.0,-0.7,-0.54
RTX,2004-11-09,19.003779970155794,19.121087824529443,18.943171208339585,19.005735397338867,5817011,16.183783038673276,14.970490487509396,16.139388278189458,17.548994518146564,17.64997913892417,1.41,36.0,-0.62,-0.51
RTX,2004-11-10,19.130870901827677,19.199300216998594,19.02724980760894,19.08590316772461,5945085,16.182236755091242,14.915926697315257,15.972072343184285,17.54590612817502,17.588978785596673,1.4,30.0,-0.52,-0.45
RTX,2004-11-11,19.209071210266053,19.209071210266053,19.042885942792772,19.05852699279785,8469370,16.13377668662536,14.756519334337076,15.88209960382764,17.252503392832114,17.58824656732552,1.4,27.0,-0.52,-0.41
RTX,2004-11-12,19.04288357721615,19.148460059081543,19.0311533837233,19.111312866210938,6961727,15.58899958278775,14.75601206355393,15.590503255333141,17.016672078378555,17.52944829398949,1.39,13.0,-0.46,-0.35
RTX,2004-11-15,19.130865423105234,19.191474193896315,19.02333350361637,19.156282424926758,4457781,15.547453638615025,14.535751637207262,15.582535698850295,17.018132060052594,17.5287985414113,1.37,13.0,-0.4,-0.35
RTX,2004-11-16,19.156281839996815,19.15823726740974,18.980320630306817,19.042884826660156,4291253,15.431942198175886,14.362403517325811,15.550519188323925,16.847293089659974,17.527087457418688,1.36,10.0,-0.41,-0.33
RTX,2004-11-17,19.180240716153666,19.266575556086732,19.037001097445074,19.103715896606445,6180574,15.432987011635998,14.292000217628253,15.550840581336834,16.848773513650713,17.492943289979987,1.35,11.0,-0.4,-0.33
RTX,2004-11-18,19.18024271129143,19.221447655714268,19.07624673145367,19.17435646057129,4704393,14.71844161982935,14.296024289371298,15.38244425283088,16.846996038435794,17.36302718964689,1.34,2.0,-0.4,-0.27
RTX,2004-11-19,19.16062437771879,19.203793000767675,19.02719711581302,19.0841007232666,5812562,14.839971359318566,14.30764551000573,15.32973681924884,16.8515150967039,17.36968682909266,1.32,1.0,-0.44,-0.24
RTX,2004-11-22,19.111562504519476,19.123335003428036,19.017377755724652,19.078205108642578,5860868,14.816091549237903,14.299628069841647,15.258802394180284,16.83807928298596,17.36898607578236,1.31,1.0,-0.47,-0.2
RTX,2004-11-23,19.07820909614354,19.113528979014532,18.93693313280506,19.072322845458984,8027946,14.824735209105558,14.296384003914895,15.089206004716068,16.67696776324667,17.3569780121031,1.29,1.0,-0.49,-0.12
RTX,2004-11-24,19.121370462340117,19.19985655027733,19.009525794815776,19.09978675842285,5233213,13.31792419797398,14.248415021685359,14.953692844582509,16.517744454900484,17.30373714816149,1.28,1.0,-0.54,-0.05
RTX,2004-11-26,19.099788427446583,19.140993359603478,19.033073641205252,19.058582305908203,2609774,13.387708987774213,14.260061208432868,14.962258768074854,16.386579522046244,17.30321396547089,1.26,2.0,-0.61,-0.05
RTX,2004-11-29,19.08212661743164,19.18023511832879,18.88787090551308,19.08212661743164,9761863,13.166521356613481,13.71372819582082,14.950440122398884,16.227998838187297,17.27404890807992,1.24,1.0,-0.72,-0.05
RTX,2004-11-30,19.05270015108183,19.164544859395416,18.99187397570362,19.14688491821289,6404941,11.64903250474757,13.309544137739776,14.754519803114388,16.217520114276056,17.2588623644113,1.22,1.0,-0.75,0.04
RTX,2004-12-01,19.229289733794584,19.657043627834092,19.091937587807244,19.65115737915039,10223308,13.419203312869044,14.229534574178174,15.278974940991205,16.492314868629563,17.34209879167498,1.19,7.0,-0.49,0.1
RTX,2004-12-02,19.445129223709174,19.617800051744382,19.362718173723767,19.45101547241211,8500514,13.934979437488659,14.402239899818095,15.3799822112447,16.517199327584223,17.37538053485735,1.16,10.0,-0.47,0.05
RTX,2004-12-03,19.366647837926955,19.4176639911832,19.22537187914744,19.313669204711914,5668281,13.970833375600616,14.39957974717396,15.394878091510044,16.484869310609657,17.387891974571705,1.13,12.0,-0.51,0.04
RTX,2004-12-06,19.31366928597449,19.34702668788727,19.1841658276393,19.22929573059082,4666575,14.094361776577987,14.429625255398301,15.30000737304546,16.137827963862442,17.379635889009197,1.1,8.0,-0.57,0.1
RTX,2004-12-07,19.2292982618739,19.32936929140346,18.964405059814453,18.964405059814453,6681109,14.796557370225461,14.72940484217999,15.46924893146555,16.156062767115166,17.436377539780764,1.08,17.0,-0.6,0.03
RTX,2004-12-08,18.96440242944731,19.38627020338583,18.96440242944731,19.266576766967773,7378363,15.160310974033234,15.043646450318438,15.561745337916538,16.252960826616782,17.481629090761164,1.06,25.0,-0.65,-0.02
RTX,2004-12-09,19.266578581627268,19.562866696576393,19.13511382125315,19.513813018798828,8770327,15.47131360622431,15.233666664371407,15.642021844799583,16.302883738781208,17.524293868772958,1.03,35.0,-0.64,-0.06
RTX,2004-12-10,19.670785715532624,19.86896527811667,19.619769559529185,19.823835372924805,7873495,15.553166850685097,15.480647476404666,15.426525214585338,16.210330965579477,17.587713513545552,1.01,17.0,-0.48,-0.1
RTX,2004-12-13,19.951377930998785,20.216272321609928,19.833648147955564,20.184877395629883,8202418,16.082605933137586,15.801814518054494,15.661012133904059,16.330290069351562,17.64202005921016,1.0,38.0,-0.0,-0.19
RTX,2004-12-14,20.186837459263366,20.27905974594424,20.120122654851286,20.21038246154785,6709076,15.204112618711104,15.722984131181464,15.62469461834197,16.31326001940995,17.460658302958766,0.99,35.0,0.27,-0.16
RTX,2004-12-15,20.151520073652396,20.286909800470728,20.01416786660662,20.092655181884766,8427420,14.574964378389597,15.792803569282546,15.602211188048829,16.33168429727478,17.471952252513827,0.98,33.0,0.28,-0.15
RTX,2004-12-16,19.994543456734775,20.092653185776708,19.919981109318925,20.0141658782959,9098932,14.159665941782782,15.453138052663187,15.435423582569177,16.32974894164448,17.35230721094827,0.96,18.0,0.19,-0.07
RTX,2004-12-17,20.01415844989781,20.473307244171433,19.98276353855793,20.386972427368164,13051093,14.755883761966123,15.556917791999709,15.68578289789307,16.457962623080498,17.43938434854356,0.95,42.0,0.3,-0.16
RTX,2004-12-20,20.50470363945989,20.593000941957428,20.31241157765884,20.335956573486328,5707688,14.474133063486349,15.529709486061668,15.65167998792055,16.398767199902306,17.427345204507294,0.93,41.0,0.28,-0.14
RTX,2004-12-21,20.337922381641953,20.508631955001682,20.267282625071935,20.377164840698242,7493088,14.449035550993933,15.343454239763993,15.606862640356637,16.290508736253344,17.426369013147823,0.91,35.0,0.24,-0.12
RTX,2004-12-22,20.28886710052839,20.644021219447296,20.261397141885666,20.60477638244629,5991483,14.653837716885306,15.32660320880089,15.674686615443486,16.324977269086247,17.432566976520008,0.9,44.0,0.28,-0.16
RTX,2004-12-23,20.681307579990225,20.8088497714567,20.679345099658242,20.70485496520996,5250692,14.66071586756478,15.330072090418573,15.661733973453277,16.324825294173213,17.437667863592313,0.89,44.0,0.3,-0.15
RTX,2004-12-27,20.74997744163894,20.853972210623365,20.459575653076172,20.459575653076172,5624424,15.222490001092694,15.569154418824402,15.80024087006058,16.383849402825962,17.451869882203216,0.88,52.0,0.18,-0.21
RTX,2004-12-28,20.593012358487595,20.64206723554712,20.465470153885686,20.551807403564453,3925783,15.234729739410543,15.32340633574667,15.329756470345988,16.36356398786193,17.44655825707343,0.87,10.0,0.09,-0.27
RTX,2004-12-29,20.63616844429621,20.63616844429621,20.261394337512474,20.398746490478516,3714129,15.502570670423,15.410006895102532,15.148801494539823,16.315841507701514,17.442131481557237,0.86,6.0,-0.01,-0.24
RTX,2004-12-30,20.47527818987619,20.557688082147255,20.359508514404297,20.359508514404297,2896429,15.364946501362201,15.286707993263324,15.105089066689903,16.319475936763688,17.41314888233966,0.85,6.0,-0.12,-0.22
RTX,2004-12-31,20.298684225071142,20.398756453562676,20.22019690236135,20.279064178466797,3056600,15.465451685243291,15.3252714791108,14.835948099470489,16.329178688255798,17.418117915580588,0.84,2.0,-0.24,-0.15
RTX,2005-01-03,20.253549884911827,20.469389380495308,20.141707555915083,20.21038246154785,7464486,15.533875484488158,15.004018211880298,14.829596809851806,16.323502862962076,17.41579519839358,0.83,2.0,-0.36,-0.14
RTX,2005-01-04,20.210383822910885,20.334001040140294,19.976886749267578,19.976886749267578,7562687,15.908085356460916,15.254191031486275,14.820119353151354,16.371112870955884,17.44803117574229,0.82,2.0,-0.45,-0.14
RTX,2005-01-05,20.03771157508397,20.161328791301774,19.77870583019135,19.827760696411133,7554424,16.11492725838939,15.354437567203638,14.884446590833909,16.36584114230693,17.46327163379156,0.82,5.0,-0.52,-0.17
RTX,2005-01-06,19.778701682173708,20.01808733338512,19.76300422342602,19.839529037475586,6265109,16.109300102237125,15.354292195332544,14.583283746902964,15.987986716938533,17.460783349611734,0.81,1.0,-0.59,-0.09
RTX,2005-01-07,19.867005050350976,19.916059921233085,19.488305824066796,19.62565803527832,5842435,16.48957786131028,14.918423724169777,14.661215609587193,15.645573408060818,17.495744733247076,0.81,2.0,-0.64,-0.12
RTX,2005-01-10,19.59228911483538,19.82382476774127,19.496143105075465,19.57070541381836,6066484,16.501038144561925,14.946659758389172,14.56966820269201,15.572948303492803,17.435235488307967,0.81,1.0,-0.68,-0.05
RTX,2005-01-11,19.464756233417262,19.76889423894619,19.464756233417262,19.653125762939453,5552919,16.528917410817602,14.841888168938718,14.57659010960539,15.56384910242101,17.42755486922029,0.8,2.0,-0.73,-0.07
RTX,2005-01-12,19.670778231822222,20.063213436941975,19.625648343799938,20.00238609313965,9193954,17.20914940552814,14.609920281991917,14.68928892475245,15.684505051700015,17.507213396860916,0.8,5.0,-0.8,-0.08
RTX,2005-01-13,20.00239378959891,20.03378871323904,19.660975779085238,19.73946189880371,5377176,16.066113871680404,14.943066587330438,14.718340470287345,15.722996811357012,17.372058266536822,0.78,6.0,-0.85,-0.09
RTX,2005-01-14,19.739462330397323,20.0828440178737,19.739462330397323,19.806177139282227,4775263,15.783307377378039,14.927283315494458,14.678746765955667,15.453552617102417,17.367691252462237,0.77,5.0,-0.89,-0.05
RTX,2005-01-18,19.72964705427397,20.131891144284168,19.71983584568932,20.053403854370117,6381106,15.968026865020654,14.921396996973696,14.789608563859943,15.474245137635972,17.276336302083454,0.76,9.0,-0.95,-0.13
RTX,2005-01-19,20.01416657140618,20.082843859866628,19.78655456121124,19.827760696411133,4595388,16.30369533420157,15.16150294485408,14.896677418531207,15.520271949376754,17.080542909074627,0.74,14.0,-0.99,-0.17
RTX,2005-01-20,19.778709589237113,19.925873026483757,19.44514024156802,19.578567504882812,9314718,16.21015958256323,15.40140378466776,15.043668472274488,15.576370279404184,17.094273730962122,0.73,18.0,-1.01,-0.23
RTX,2005-01-21,19.76889422036811,19.943527579495527,19.562864750301383,19.637428283691406,9786333,15.611755008705424,15.300102865592018,15.045387061812113,15.572323701276995,17.082381781959764,0.71,19.0,-1.02,-0.24
RTX,2005-01-24,19.676672410328923,19.686482431515977,19.413740530632406,19.425514221191406,6294982,15.518442433234164,15.497196040561152,15.128971934848837,15.619423738012147,17.08626825382147,0.7,22.0,-1.03,-0.26
RTX,2005-01-25,19.49811314320934,19.80813620198987,19.429437051315155,19.539318084716797,6881959,14.88796503478134,15.382028826309343,15.152122561534187,15.608432447880963,17.066742243748017,0.68,24.0,-1.03,-0.28
RTX,2005-01-26,19.572675774487756,19.827758915025818,19.527545872523465,19.782629013061523,7213107,14.35565002940607,15.48633480687617,14.970578639389343,15.411757378605797,17.096923996384845,0.66,18.0,-1.06,-0.28
RTX,2005-01-27,19.690404104119338,20.14170425297752,19.523618309821323,20.045557022094727,8387695,14.902147094483222,15.138332140922703,14.87254151266618,15.474673370241328,17.135768027268224,0.63,13.0,-1.1,-0.29
RTX,2005-01-28,20.0475232813207,20.196647976152402,19.82579752972379,20.0141658782959,7116813,14.81456961556351,14.806539013589553,14.841141987312964,15.377744254465792,17.13642321601709,0.61,13.0,-1.12,-0.26
RTX,2005-01-31,20.016130721549278,20.063223111597765,19.629582767986403,19.75516128540039,8299665,15.24586636673145,14.773694909118879,14.995981814014037,15.38730536569522,17.186494713371545,0.57,21.0,-1.14,-0.32
RTX,2005-02-01,19.70022039236298,19.721804107373593,19.56679314172538,19.62565803527832,8168731,14.24405039048375,14.738284150278814,14.988030227093905,15.408245074507901,17.187190700137823,0.54,21.0,-1.14,-0.32
RTX,2005-02-02,19.517735281795357,19.586412566265512,19.239107130850947,19.549131393432617,10436234,14.26040689813436,14.527051951002793,14.99971475984728,15.35278078820354,17.19193533242053,0.5,23.0,-1.13,-0.32
RTX,2005-02-03,19.549126917421084,19.721796571527616,19.445130963915595,19.71983528137207,5416583,14.524712762998854,14.622501563201961,15.0526264308732,15.37654050452015,17.078724472128837,0.45,26.0,-1.13,-0.36
RTX,2005-02-04,19.66098165597239,19.959232330322266,19.62173798969185,19.959232330322266,7533449,14.597177828056937,14.8090657063593,15.14923274308149,15.430241321058821,17.115346971794008,0.43,31.0,-1.14,-0.42
RTX,2005-02-07,19.90624101489776,19.916052223158292,19.549126831040155,19.657045364379883,5989577,15.046103137984252,15.151882205168688,15.356907927713475,15.53305186714637,17.184960864416528,0.43,38.0,-1.12,-0.47
RTX,2005-02-08,19.57268299629174,19.876819921479083,19.494196853566827,19.817955017089844,5805888,14.989694594409281,15.227028032352349,15.366900088105131,15.554788918578971,17.194083502861382,0.42,40.0,-1.12,-0.47
RTX,2005-02-09,19.768890133509956,19.782625111506473,19.607991788481318,19.71983528137207,5821778,14.935460047122486,15.263528179495086,15.34474832805193,15.495880553849503,17.18621597216665,0.42,38.0,-1.12,-0.45
RTX,2005-02-10,19.717875001422833,20.204495049866836,19.715912521666827,20.143665313720703,7208657,16.18622329745784,15.841548870557077,15.653311460395514,15.589311221774713,17.31392170191631,0.41,74.0,-1.12,-0.48
RTX,2005-02-11,20.06322325588417,20.165255579007688,19.83757370533986,19.896438598632812,9668747,16.54837961581445,16.01225123295358,15.791900960506192,15.56918347789417,17.3481870863717,0.41,83.0,-1.11,-0.52
RTX,2005-02-14,19.79832397001223,19.902318741495076,19.73945790540497,19.87681007385254,4183201,16.520958077084124,16.0077368920999,15.586838348378656,15.482622973460975,17.339967638249817,0.41,63.0,-1.09,-0.47
RTX,2005-02-15,19.87877580253716,20.175065085530395,19.808137227092175,20.165252685546875,8118519,17.062447638794822,16.243287728783642,15.585598400293899,15.551326928419162,17.373111159795286,0.41,63.0,-1.05,-0.5
RTX,2005-02-16,20.165252062118594,20.3189597886807,20.131751231382186,20.267723083496094,6564159,16.764091991902998,16.22407517516658,15.573883592826782,15.558199854832774,17.23501316736317,0.4,60.0,-1.02,-0.5
RTX,2005-02-17,20.238172698050768,20.309113837028995,19.966228878142722,20.001699447631836,6104938,17.079504669795668,16.482097947142464,15.649864252087134,15.625891560494152,17.287131233299736,0.4,76.0,-0.97,-0.51
RTX,2005-02-18,20.001684152785476,20.001684152785476,19.804623460540387,19.885417938232422,5236391,17.17086095179167,16.536548314761625,15.595018457496298,15.643525737684547,17.285043868982783,0.4,67.0,-0.91,-0.47
RTX,2005-02-22,19.784925595525266,19.84010294869176,19.438098907470703,19.438098907470703,7828050,18.148272233894666,17.219164518280987,16.032759447150266,15.88193641276536,17.179246381590506,0.4,95.0,-0.84,-0.42
RTX,2005-02-23,19.623336626763038,19.769161900773646,19.512983107874188,19.656837463378906,6955689,18.43282775482947,17.354776626628173,16.090647065535368,15.836958757242359,17.07768817948041,0.4,95.0,-0.77,-0.45
RTX,2005-02-24,19.68639861560258,19.73369230057323,19.449924218268713,19.710044860839844,4963400,18.409263902566867,17.359985848714416,15.921317861686918,15.795599667003184,17.072721667764316,0.41,91.0,-0.72,-0.38
RTX,2005-02-25,19.788861619515743,19.966216748206712,19.69624281681606,19.9070987701416,3775464,17.902378967088698,17.45774087684972,15.979380435703504,15.829967717292567,16.883459159138997,0.41,93.0,-0.66,-0.42
RTX,2005-02-28,19.804630974403164,19.91892631482852,19.645011681455472,19.682453155517578,5149949,17.790870544901885,16.807334198051986,16.029233855654397,15.888829081439818,16.752377145063782,0.41,93.0,-0.58,-0.43
RTX,2005-03-01,19.680477169901035,19.824331468888317,19.629241670349746,19.686389923095703,5194441,17.7608252219501,16.67066282108494,16.028409556597907,15.886036204238941,16.752281751229283,0.42,92.0,-0.49,-0.43
RTX,2005-03-02,19.51297832354788,19.798717240488052,19.511007405525234,19.613479614257812,5102915,17.376782664857686,16.62192473267616,15.865945650673904,15.824374454033652,16.62171020775709,0.42,86.0,-0.38,-0.38
RTX,2005-03-03,19.696247355279013,19.765218743746097,19.447951073495062,19.64895248413086,5676861,17.09668792704255,16.596573410964446,15.866507421738858,15.80848204803994,16.62107747432148,0.42,86.0,-0.25,-0.38
RTX,2005-03-04,19.840100581867144,19.991837389101573,19.73171680684374,19.851924896240234,6890857,16.948605212282768,16.449371532492833,15.931401940876476,15.845924563823694,16.645735699585337,0.43,88.0,-0.12,-0.42
RTX,2005-03-07,19.932721276466932,20.226342716834235,19.909073839991283,19.9622802734375,4803865,16.997638005241598,16.180678992289764,15.947859945769263,15.82209897873775,16.648348880415362,0.43,88.0,0.03,-0.43
RTX,2005-03-08,19.985924801643755,20.277576475736776,19.974101682374364,20.151456832885742,5504296,16.83156011186462,16.08818795051222,15.645571429067436,15.757952400320438,16.66248599503212,0.43,68.0,0.14,-0.44
RTX,2005-03-09,20.15145872899923,20.19284084483166,19.784924079722913,19.81251335144043,6035022,17.569304477664936,16.163026667034856,15.910794721798274,15.848128964811545,16.638727323680094,0.43,85.0,0.29,-0.49
RTX,2005-03-10,19.932720025402194,20.123868034548455,19.879513595295446,20.066720962524414,4075149,17.59163379729769,15.94515184593996,15.948134360338134,15.74635647309139,16.56955818259487,0.43,88.0,0.46,-0.51
RTX,2005-03-11,20.08052518403564,20.1258491587962,19.90317112340553,19.97411346435547,5480779,17.225806437316717,15.969337859621405,15.666631201337525,15.753505696406489,16.482721688497747,0.43,75.0,0.54,-0.49
RTX,2005-03-14,19.98789874011794,20.362314694667386,19.9741047007206,20.293344497680664,6196782,17.828140533942914,16.25817419782292,15.836287460748036,15.817260403515284,16.44056124803926,0.43,80.0,0.55,-0.55
RTX,2005-03-15,20.297288440344804,20.533762858793718,20.159345626831055,20.159345626831055,6014683,17.500884916790632,16.29667684567255,15.880390943273392,15.840155711894663,16.44737416402192,0.44,82.0,0.47,-0.57
RTX,2005-03-16,20.161314324507742,20.267727203838508,19.9169586468599,20.003665924072266,7696163,17.54646717407293,15.917948076591532,15.84267020641778,15.776146562700792,16.468620130357348,0.44,79.0,0.5,-0.55
RTX,2005-03-17,20.100221821313774,20.291372219711047,20.039132912793697,20.173133850097656,5919978,17.63323510957309,16.011344363774235,15.882356919034143,15.760514912231796,16.467852523976237,0.44,83.0,0.41,-0.58
RTX,2005-03-18,20.362309864668745,20.6322826115372,20.100218400304197,20.4450740814209,14585749,17.86125504040183,16.244520509703158,15.970183871800028,15.793091805116083,16.475684475972628,0.44,88.0,0.32,-0.61
RTX,2005-03-21,20.4943424810799,20.592874053417862,20.41551770100786,20.460844039916992,5258637,17.561807532629025,16.08143690486775,15.908219564262287,15.701918560731624,16.220311744176257,0.44,82.0,0.31,-0.58
RTX,2005-03-22,20.4647845436523,20.563316121076863,20.24604606628418,20.24604606628418,5373045,17.237467789442405,16.187787806114137,16.01407629927667,15.68967621813934,16.206459128377766,0.45,91.0,0.3,-0.61
RTX,2005-03-23,20.275607261936283,20.311076622725796,20.047016584550633,20.072633743286133,6290851,17.315813231507825,16.10083963869822,16.00823164819835,15.729847187304951,16.233913081652283,0.45,90.0,0.0,-0.61
RTX,2005-03-24,20.169198138456323,20.265756425652572,20.050959746942542,20.0864315032959,4327800,17.24028055255405,16.07106655890095,15.968658321406181,15.724165403587198,16.226974578553982,0.45,85.0,-0.28,-0.58
RTX,2005-03-28,20.135692193071346,20.283487158733738,20.050954660831067,20.084455490112305,4897934,16.090109062089923,16.002955523357425,15.640933704090182,15.61704391784321,16.090389523790193,0.45,59.0,-0.28,-0.54
RTX,2005-03-29,20.084464313025006,20.297290112667824,19.952433050470173,19.993816375732422,5496669,15.728117163039315,16.02335288500144,15.481018213472689,15.626805947252128,16.09417880730925,0.45,47.0,-0.66,-0.5
RTX,2005-03-30,19.981972990629224,20.275594224143028,19.91497137056895,20.244064331054688,4682465,16.119295670236056,16.214759529843768,15.394068157207066,15.684696092460454,16.125716636539046,0.44,43.0,-0.8,-0.49
RTX,2005-03-31,20.15934450148654,20.24802150758254,19.97607892778737,20.033226013183594,5817647,15.879712163591797,16.34182924402714,15.42998870028079,15.721465114794682,16.163756726868957,0.44,46.0,-0.83,-0.48
RTX,2005-04-01,20.127810314522385,20.13569398752248,19.74748281706333,19.891338348388672,6378564,15.9194865923316,16.23230262866844,15.34082418191952,15.682778290772106,16.172719114744464,0.43,38.0,-0.77,-0.43
RTX,2005-04-04,19.775080336647353,19.80463934474221,19.5721067291346,19.676549911499023,7740337,15.771589406135078,16.312433493067747,15.444744373619331,15.737924338299203,16.211752637501274,0.43,49.0,-0.72,-0.47
RTX,2005-04-05,19.64697962595186,19.7041278882371,19.548449251369952,19.658803939819336,8044154,15.692586744639648,16.31248994399926,15.446007258890123,15.690903056443103,16.16236905029823,0.42,50.0,-0.67,-0.47
RTX,2005-04-06,19.71595730488251,19.844047907797325,19.690340139896488,19.782958984375,4447611,14.2900325466328,16.21070325995283,15.462860283588286,15.685269261696847,16.09005158566558,0.42,51.0,-0.6,-0.48
RTX,2005-04-07,19.85783543179483,20.066719298486888,19.74551102077198,20.03519058227539,5187767,14.391478859090073,16.40001730795148,15.582848158308197,15.52630199746744,16.12722348058243,0.41,59.0,-0.54,-0.55
RTX,2005-04-08,20.03716701737528,20.10022685991206,19.865724563598633,19.865724563598633,3586691,14.615855702698225,16.480210292798596,15.643570815995608,15.562631239835781,16.14665761017787,0.41,68.0,-0.46,-0.57
RTX,2005-04-11,19.985922374342422,19.985922374342422,19.759302661737287,19.897245407104492,3171644,14.332506213795373,16.0783730467334,15.641598749441272,15.54638780887874,16.13969773952066,0.41,66.0,-0.38,-0.57
RTX,2005-04-12,19.818423819528142,20.149486700423697,19.599686548550054,20.115985870361328,6297525,14.256306989284365,15.99711035841,15.69735063694895,15.556160202543234,16.156195684692065,0.42,77.0,-0.32,-0.61
RTX,2005-04-13,20.115989625849544,20.26181609305397,19.85586899826121,19.91301727294922,5159165,14.600376576415336,16.12598711877186,15.782665552699676,15.498804123820683,16.138512151067225,0.42,77.0,-0.23,-0.63
RTX,2005-04-14,19.869655553064156,20.131745790149814,19.62726971426925,19.637123107910156,7752731,15.141488631912154,16.17084189309341,15.937189918635609,15.590638203321797,16.203993315791077,0.42,89.0,-0.15,-0.67
RTX,2005-04-15,19.63909628354621,19.71594894039573,19.193738129314887,19.223297119140625,10020234,16.340616152307152,16.58414005803068,16.282074219371832,15.78019733586277,16.35042175951727,0.43,100.0,-0.17,-0.65
RTX,2005-04-18,19.262719544966377,19.436132933105227,19.085364319064947,19.351396560668945,7940233,16.16080876141444,16.452080984750676,16.31527928711385,15.778119268161884,16.35073433255143,0.44,100.0,-0.18,-0.67
RTX,2005-04-19,19.43021361775005,19.499185000607046,19.272565254575117,19.365182876586914,9688133,16.055001614146498,16.439767780293334,16.3153662448167,15.767923538090448,16.338337725941415,0.44,100.0,-0.2,-0.67
RTX,2005-04-20,19.903152539247724,19.938623079354564,19.48932439518798,19.51691246032715,9932521,15.9697057667732,16.36956230338423,16.359378614002477,15.783689826596062,16.33125516700944,0.45,100.0,-0.18,-0.7
RTX,2005-04-21,19.706102794032592,20.181020083989072,19.698220314691106,20.177078247070312,8090870,18.116049043675286,17.693278094318178,17.174686502392923,16.256187508619984,16.395431606119033,0.48,100.0,-0.19,-0.27
RTX,2005-04-22,20.177075402569738,20.25590018487213,19.77507140181927,20.01351547241211,5938729,17.909960509957575,17.60621542143005,17.229834826820014,16.048539083610468,16.13610527350643,0.51,100.0,-0.17,-0.28
RTX,2005-04-25,20.155399468084003,20.2834900492394,20.04504715212581,20.153430938720703,4806725,17.969807343383884,17.455123998704,17.254576153821553,15.946499574025651,16.09354398990884,0.53,100.0,-0.15,-0.3
RTX,2005-04-26,20.100222484350898,20.2283130602441,19.942574106823162,19.960309982299805,4993909,17.565936492713067,17.565640172314705,16.836990996583754,15.971109350075524,16.115569568512605,0.54,97.0,-0.12,-0.32
RTX,2005-04-27,19.916947165085347,20.084448867266246,19.710033086892107,20.01744842529297,6098264,17.495908333817127,17.364773675784516,16.759386098842853,15.807772601419268,16.11132590623762,0.56,96.0,-0.04,-0.3
RTX,2005-04-28,19.842069926386703,20.025336631420483,19.64697890791759,19.67456817626953,6961727,18.060213593468678,17.67928645336599,16.950510308048177,15.93307853327989,16.177263889995555,0.57,97.0,0.03,-0.33
RTX,2005-04-29,19.824345888806064,20.084466605728945,19.715962057672122,20.045055389404297,6662677,18.732578908828593,18.064551867233817,17.18542325616825,16.00601029306358,16.09429956389704,0.6,98.0,0.1,-0.41
RTX,2005-05-02,20.080522475144637,20.13964048737957,19.84799106958895,19.993816375732422,5343171,18.29133420952361,17.991402173147367,17.039249620355342,16.01039544992121,16.072279816564006,0.61,96.0,-0.27,-0.37
RTX,2005-05-03,19.911049614205133,20.06081674840926,19.80463672136085,19.89528465270996,8663864,18.325096263613112,17.850546455048036,16.883279349296988,15.862742562405527,16.06557073426034,0.63,94.0,-0.26,-0.29
RTX,2005-05-04,19.980012567297535,20.198751016856708,19.82827577298827,20.1416015625,6977935,18.47933425439389,17.741279165503066,16.875066004920733,15.904004258981178,16.090082856037156,0.64,93.0,-0.23,-0.29
RTX,2005-05-05,20.123870615643252,20.27758075454629,20.066723536289505,20.177078247070312,5384485,18.311862655517437,17.670286277291716,16.694256478515854,15.85014433399164,16.086532059677847,0.65,90.0,-0.25,-0.2
RTX,2005-05-06,20.198747487410234,20.29136628219351,20.07065695322325,20.106128692626953,8258351,18.342212389021935,17.65441818672975,16.455930255638755,15.8562301686382,16.082305710869793,0.65,89.0,-0.23,-0.1
RTX,2005-05-09,20.10416237646255,20.316988083614465,20.07066154702368,20.303194046020508,6499328,18.557085778704103,17.223567139189193,16.528070833110352,15.823150239949491,16.09265223211055,0.66,89.0,-0.26,-0.16
RTX,2005-05-10,20.251954060566185,20.29333855563244,19.98395105197815,20.088394165039062,4973570,18.78012477526355,17.17405268065141,16.588948184625046,15.80891493601609,15.96064010262399,0.66,89.0,-0.26,-0.18
RTX,2005-05-11,20.062776775545093,20.517987103977134,20.062776775545093,20.488428115844727,6718928,19.30495871556975,17.633054713169443,16.86891701681899,15.94648500656437,16.06980947287572,0.67,92.0,-0.33,-0.27
RTX,2005-05-12,20.537700212642818,20.537700212642818,20.090373365480843,20.092344284057617,8762064,19.916414296621593,17.860019981326268,16.901957047271924,16.1205013127124,16.128415330318578,0.68,94.0,-0.27,-0.23
RTX,2005-05-13,20.14159711147308,20.224363703256667,19.715945814279674,19.922861099243164,6582909,19.96313684582513,17.909426794585382,16.949620920634306,16.14693222585207,16.1019699573551,0.69,94.0,-0.2,-0.25
RTX,2005-05-16,19.981983550970362,20.297280259495647,19.93862932781393,20.25392723083496,5043804,20.235401543634502,18.027497684173845,17.152174728995437,16.255176284490812,16.174297898261425,0.71,96.0,-0.17,-0.34
RTX,2005-05-17,20.204671919260658,20.65791400958509,20.112053059989474,20.6224422454834,7502940,20.819278940172946,18.34650594829311,17.30148502851449,16.38456667392398,16.220399777858667,0.73,100.0,-0.15,-0.37
RTX,2005-05-18,20.695646254218214,20.966758828858897,20.68377321863726,20.927181243896484,9253700,21.122785075552553,17.909210768782607,17.44110638463653,16.454217990038536,16.27632105576543,0.75,100.0,0.36,-0.43
RTX,2005-05-19,20.86188845115572,20.863867691451567,20.644205605720856,20.778772354125977,6185341,21.022287035081245,17.867291891131735,17.373384267034897,16.480344173247335,16.296876728869112,0.76,99.0,0.51,-0.41
RTX,2005-05-20,20.867824520488952,20.867824520488952,20.582857123865292,20.808454513549805,5393702,20.819795123729516,17.863782032709924,17.36067915895207,16.329601351510554,16.28363225596132,0.78,98.0,0.67,-0.4
RTX,2005-05-23,20.808454472921518,21.37245154465004,20.78272914932005,21.30120849609375,8095002,21.762473984270212,18.360722614533362,17.705255608228686,16.434557567028783,16.43597658348123,0.8,100.0,2.16,-0.44
RTX,2005-05-24,21.202259383470626,21.243816221432912,20.986555835495388,21.1745548248291,7432071,21.72913002350416,18.237170963270422,17.730533938938546,16.435717150881807,16.399678222685267,0.82,100.0,2.39,-0.45
RTX,2005-05-25,21.109253779750222,21.1745591091032,21.045927690569034,21.14091682434082,4878866,21.463587898193957,18.245125028279165,17.71971876661006,16.435066286239813,16.340107521818066,0.83,99.0,2.31,-0.44
RTX,2005-05-26,21.273500852954584,21.322974651939653,21.069672735625016,21.2972469329834,6293076,20.970953982313812,18.259334560734857,17.74315802985022,16.426489315602062,16.28340528796091,0.84,100.0,2.34,-0.46
RTX,2005-05-27,21.297252240092444,21.3724537767734,21.24184310683195,21.348705291748047,3215818,19.70000675027378,18.26037327634836,17.63820412808555,16.425178966143502,16.223242973708814,0.85,96.0,2.22,-0.43
RTX,2005-05-31,21.269539573693105,21.269539573693105,21.065711483192032,21.115182876586914,6570197,20.114288585692574,18.338158599466816,17.68818334584218,16.483399872173457,16.259682726673095,0.86,96.0,1.86,-0.45
RTX,2005-06-01,21.158725038398394,21.380363924758825,21.08550275717734,21.271522521972656,5755676,20.143803386821197,18.36127370586397,17.72058376919107,16.495808783233194,16.272192650984657,0.87,98.0,1.59,-0.47
RTX,2005-06-02,21.22402677802616,21.235902216964774,21.075607782079224,21.192363739013672,3685844,20.188497715646793,18.30292896667435,17.63852338935803,16.501643681358537,16.261775612142475,0.87,94.0,1.33,-0.44
RTX,2005-06-03,21.095390635604883,21.154758213874118,20.980611558294,21.026126861572266,5534169,18.207963124124777,18.017930177434412,17.68297877094107,16.51492926692714,16.283539345756516,0.88,94.0,1.08,-0.46
RTX,2005-06-06,21.02613619697934,21.255692054443987,20.99051467457107,21.164661407470703,3609890,18.038360478726688,17.88970578858612,17.69881817260519,16.505687089626846,16.285148487584532,0.88,95.0,0.85,-0.47
RTX,2005-06-07,21.17455708025538,21.398175212056284,21.17059860029109,21.180492401123047,7128890,17.975435741770358,17.852828221246856,17.49079315020818,16.484780706860295,16.22142394963972,0.88,90.0,0.62,-0.39
RTX,2005-06-08,21.204239338016375,21.24381693754146,20.948955784166305,21.020198822021484,6520938,17.87393846834193,17.663998961221832,17.40022978284813,16.51411538480337,16.213889070588078,0.88,88.0,0.42,-0.36
RTX,2005-06-09,20.948953104591634,21.022172973840732,20.8282386825403,20.964784622192383,6739902,17.914617661731928,17.613314772063372,17.40226526805663,16.409959258474384,16.21561265037374,0.87,88.0,0.24,-0.36
RTX,2005-06-10,20.927198755061514,20.92917799582745,20.529433737180593,20.764925003051758,29324359,17.341659699142216,17.65447126307176,17.37154456649305,16.379636603486368,16.244137674556796,0.87,85.0,0.11,-0.32
RTX,2005-06-13,20.67982872805126,21.123109015218187,20.569008056489697,20.865848541259766,6654096,16.622128036443634,17.601883225124116,17.284561788607007,16.375437366974634,16.247243446368692,0.87,82.0,-0.03,-0.3
RTX,2005-06-14,21.075612711448205,21.178516412767625,20.893551394083406,20.952919006347656,4786863,16.599356241767037,17.41526967505928,17.164412458313198,16.334123297116456,16.202124571690202,0.86,77.0,-0.15,-0.26
RTX,2005-06-15,20.952921700196686,21.016247801174618,20.596713581735546,20.723365783691406,7330852,16.896904542987524,17.57163551213663,17.260094066958708,16.343057386856458,16.233230735761612,0.86,81.0,-0.23,-0.3
RTX,2005-06-16,20.65212038500364,20.84209624530484,20.640244944483214,20.790645599365234,5729775,16.588097021109252,17.437550541391186,17.168140379606434,16.34024725068024,16.233020066867542,0.86,76.0,-0.3,-0.26
RTX,2005-06-17,21.09540197256491,21.111233495216638,20.79460304218212,21.032075881958008,7588746,16.86427538441409,17.48000955953418,17.235546534249586,16.37471060984951,16.245446811671734,0.85,79.0,-0.4,-0.3
RTX,2005-06-20,20.86188740688245,21.13102089022081,20.802519797295428,21.095401763916016,5050637,16.805290222980332,17.485954695652048,17.13839276173497,16.284301428986172,16.179620155146594,0.85,72.0,-0.51,-0.24
RTX,2005-06-21,21.036033718661805,21.07561132454047,20.881676977300753,20.93708610534668,4509423,16.823395295726502,17.568761708155506,17.067523938463406,16.307822555345055,16.165924904422095,0.84,71.0,-0.61,-0.2
RTX,2005-06-22,20.972703728123342,21.131016521263657,20.960830688476562,20.960830688476562,4499730,16.45633011560255,17.535245436753765,17.06484310889532,16.2720439534637,16.049882894195488,0.83,70.0,-0.7,-0.2
RTX,2005-06-23,20.964790144896405,21.07561079729485,20.707529715423487,20.727319717407227,5195871,15.898970273072521,17.53365231514176,17.030592031914274,16.332807349601552,16.089955316133207,0.82,68.0,-0.75,-0.19
RTX,2005-06-24,20.731277801647636,20.842098464753846,20.34340907939463,20.628374099731445,11615272,14.833522670041594,17.42157914158867,17.014058381190093,16.24998957500588,16.073738091405616,0.81,67.0,-0.77,-0.18
RTX,2005-06-27,20.485888779416303,20.533380940944213,20.224667496540725,20.390899658203125,5120394,15.029772239382828,17.52860569239186,17.107949491948276,16.315148837068293,16.119326189923203,0.8,71.0,-0.76,-0.22
RTX,2005-06-28,20.497757225990306,21.043940951941348,20.422558121652617,20.984573364257812,5734383,16.485919352145274,18.299873828029963,17.640625080521982,16.64601042575213,16.294836344800256,0.79,92.0,-0.82,-0.14
RTX,2005-06-29,20.97666300545506,20.97666300545506,20.67982260852532,20.782726287841797,4838664,15.972332727253452,18.427942107562906,17.619045191333303,16.692332949242992,16.298106225127608,0.79,89.0,-0.87,-0.1
RTX,2005-06-30,20.71148903475014,20.77877120569448,20.232587281077905,20.323617935180664,9186009,16.65749911552821,18.99717494014007,17.814078576962828,16.737116346011423,16.433610071624162,0.79,100.0,-0.86,-0.09
RTX,2005-07-01,20.343413865518436,20.57692828937485,20.29591928444189,20.33549690246582,3433670,16.560024348795906,18.82581755348254,17.769979987283243,16.736115749076742,16.37350261923939,0.79,99.0,-0.85,-0.05
RTX,2005-07-05,20.339446943888916,20.616497352330104,20.22466782081301,20.43839454650879,4126315,16.6338581878873,18.761669396412323,17.766166629780557,16.70361736249389,16.3327492598929,0.79,98.0,-0.84,-0.06
RTX,2005-07-06,20.406726803440716,20.53733501779895,19.927825219304207,20.006982803344727,4580293,16.068214861872626,19.284343389163638,17.777113145949315,16.754679020371757,16.480326799546468,0.8,99.0,-0.84,-0.01
RTX,2005-07-07,19.828880744162934,20.09009839751602,19.654734042541946,20.082183837890625,5114991,16.111321030706627,19.16770062902495,17.67744375511756,16.758522638636503,16.479998813743332,0.8,88.0,-0.83,0.03
RTX,2005-07-08,20.125726981943533,20.489849632320908,20.054485124441154,20.398818969726562,4440302,16.883403859629457,19.314491605628827,17.847905185340963,16.84857819071036,16.4739926700531,0.8,100.0,-0.83,-0.07
RTX,2005-07-11,20.541300674066946,20.541300674066946,20.331532403295306,20.497764587402344,3751311,16.78765252611325,19.10077064161323,17.71900492779975,16.797172753359003,16.47735129054362,0.8,91.0,-0.84,0.0
RTX,2005-07-12,20.458187794751538,20.462146275727868,20.228631884315156,20.25238037109375,4749839,17.032715076627678,18.73586183047305,17.806436784559654,16.865051270524255,16.52322538726698,0.8,98.0,-0.84,-0.02
RTX,2005-07-13,20.31570036177567,20.394857971451575,20.224669710418112,20.363197326660156,3789765,16.924247384906714,18.721838909993085,17.700342328510402,16.856135143117072,16.51776960470616,0.8,88.0,-0.84,0.01
RTX,2005-07-14,20.40276950217986,20.576916197121285,20.236539765638565,20.426515579223633,5726597,16.78060233758776,18.72750929889445,17.67994151742525,16.82160705015161,16.474065221864382,0.8,84.0,-0.83,0.01
RTX,2005-07-15,20.51755133890722,20.580877425636302,20.335490039100577,20.466100692749023,3767678,16.791177769340802,18.673492338532736,17.29181590896324,16.819522019554736,16.472100708348172,0.8,70.0,-0.82,0.06
RTX,2005-07-18,20.466094898351603,20.501714012742987,20.268202132890444,20.331525802612305,2684774,16.750820596314146,17.460144771835637,17.242779398039858,16.802689136263023,16.455323085206526,0.8,66.0,-0.79,0.11
RTX,2005-07-19,20.541295353403356,20.81834572304739,20.37902409076197,20.52150535583496,5098465,16.878080650266046,17.473289581734527,17.297540586541455,16.81067831213433,16.464667379432615,0.8,70.0,-0.77,0.06
RTX,2005-07-20,20.284035106896113,20.572958517238416,20.141551441862696,20.557126998901367,6527771,16.889522032088173,17.422357062752404,17.23119139174345,16.634665575303732,16.311893421860717,0.8,63.0,-0.76,0.12
RTX,2005-07-21,20.620458044163332,20.715444778009996,20.45422826108295,20.501720428466797,5849109,16.782495683801717,17.310685787915723,17.136521577503903,16.547170454582876,16.314571807459323,0.79,55.0,-0.74,0.16
RTX,2005-07-22,20.450269670996406,20.52942728134285,20.189050756392625,20.240501403808594,6363309,17.13364131001014,17.514468162605535,17.264766382576852,16.5173335039595,16.35794673267485,0.79,67.0,-0.7,0.1
RTX,2005-07-25,20.32361401302462,20.43443464852616,19.868459630809344,19.9674072265625,8064652,17.342478870362466,17.372979958077472,17.393494276753213,16.562827354335248,16.391099845613198,0.79,74.0,-0.68,0.05
RTX,2005-07-26,20.006987814287402,20.062396937454434,19.868461407751685,19.931787490844727,7732710,17.24422272378066,16.947682896808477,17.39428361292917,16.491003354716238,16.317328617215257,0.79,74.0,-0.66,0.06
RTX,2005-07-27,19.911997188919283,20.16529910312181,19.900122949464585,20.10988998413086,7148275,17.433407107312966,17.038875039318025,17.375173988776574,16.522248375900382,16.338910169281657,0.78,72.0,-0.63,0.07
RTX,2005-07-28,20.382985544458204,20.48193315930678,20.240501842744703,20.323617935180664,6778833,17.517884885774286,17.139293757988295,17.433298261231087,16.56675120002186,16.356908253091845,0.78,76.0,-0.61,0.03
RTX,2005-07-29,20.29986474685136,20.303823226306754,20.02677404738046,20.06635284423828,4375788,17.81916579036128,17.161971452271217,17.48895855016907,16.632733217202574,16.395659497457483,0.77,77.0,-0.62,0.03
RTX,2005-08-01,19.789306376515302,20.046566807621847,19.789306376515302,19.797222137451172,6073476,17.74317246617791,17.376457780378427,17.41220358458437,16.711337307151318,16.44734234727671,0.77,74.0,-0.62,0.05
RTX,2005-08-02,19.888240814208984,20.006977156758705,19.87636658018464,19.888240814208984,6251921,17.787915305088188,17.392027169708076,17.307885912911413,16.716645013361266,16.44673227142487,0.76,65.0,-0.64,0.12
RTX,2005-08-03,19.888255554960626,19.888255554960626,19.785350648479945,19.828887939453125,5249897,17.712890949028306,17.276795088066148,17.298913673026064,16.71900905972071,16.450096817989255,0.75,63.0,-0.65,0.12
RTX,2005-08-04,19.820960666324225,19.868454011424518,19.53203611953837,19.599319458007812,8380704,17.914236674782135,17.303561338297957,17.20494253956384,16.762051256889844,16.32841214144683,0.75,52.0,-0.69,0.2
RTX,2005-08-05,19.642861920451843,19.74972407439231,19.472673690238725,19.53995704650879,5245925,17.714365235561523,16.79383934087,17.18101852651294,16.762389676922634,16.251591106239086,0.74,50.0,-0.73,0.21
RTX,2005-08-08,19.7022355540885,19.789308935643273,19.50829998584994,19.532047271728516,5329188,17.699282998624994,16.333802712550906,17.139566382038893,16.757129327243653,16.237089481983837,0.73,45.0,-0.75,0.22
RTX,2005-08-09,19.53204742467234,19.931791607449085,19.476638290061405,19.698278427124023,7761153,17.692791223181146,16.348507662623476,17.140063689280506,16.77639183624871,16.13804469283026,0.72,45.0,-0.78,0.22
RTX,2005-08-10,19.860554500214604,19.979289752229572,19.72202923983724,19.781396865844727,10358373,15.374199896382185,16.00388856530703,17.01576753768108,16.7830746235156,16.130372326807223,0.72,36.0,-0.81,0.31
RTX,2005-08-11,19.91991104528921,20.521505133229464,19.896163768188245,20.434432983398438,9701004,18.143527961502322,16.959719658688552,17.794671143856473,17.21196748490063,16.3978591826422,0.71,97.0,-0.81,0.44
RTX,2005-08-12,20.576919103842876,20.70356886443086,20.481929984092908,20.493803024291992,7592401,16.946467014204224,16.68978498750519,17.719827984279352,17.214099542910734,16.39928947511523,0.71,90.0,-0.81,0.47
RTX,2005-08-15,20.382980282399778,20.561085463331878,20.29986421142101,20.4819278717041,4473830,16.947996114839032,16.630220181293033,17.66497220205194,17.21181815199895,16.286765369641852,0.71,80.0,-0.81,0.49
RTX,2005-08-16,20.497764063569726,20.616499278544115,20.363197326660156,20.363197326660156,4521023,16.97255754609354,16.66538779826823,17.690551580642794,17.227204734388923,16.285798714797323,0.7,84.0,-0.81,0.49
RTX,2005-08-17,20.418838855416844,20.573860837347627,20.30356925035114,20.518211364746094,4039556,15.865403518817223,16.00406221065873,17.729939568907668,17.244727602271652,16.262608722336758,0.69,91.0,-0.81,0.44
RTX,2005-08-18,20.430766736570487,20.55001182869624,20.27972263196038,20.47051429748535,4362441,15.866320784210869,15.969558676491266,17.718429819492986,16.97605724093603,16.264187134898272,0.67,86.0,-0.8,0.45
RTX,2005-08-19,20.569893448938178,20.74876114482297,20.51821943463767,20.56591796875,4403596,15.271609290973892,16.00359158211844,17.624777435904548,16.93821423036737,16.21970924650764,0.65,73.0,-0.81,0.52
RTX,2005-08-22,20.629506346761715,20.804398480499767,20.553984305487408,20.617582321166992,3506764,15.225926355114328,15.93291845392106,17.545822069391807,16.917267636746026,16.17288899594357,0.63,71.0,-0.81,0.55
RTX,2005-08-23,20.621559123276793,20.669257643671447,20.430767451079415,20.482439041137695,3235999,14.92353145274058,15.96820940664267,17.54032191178519,16.927936453807916,16.170543368092506,0.61,70.0,-0.79,0.55
RTX,2005-08-24,20.490389714831174,20.56988724771888,20.152527007094335,20.168426513671875,5309008,15.523126425932327,16.116296039462192,17.62955940588327,16.947624293285475,16.246013173039984,0.59,73.0,-0.75,0.52
RTX,2005-08-25,20.176374606135255,20.267796164544013,20.088928526626308,20.1207275390625,4452855,15.499214484032612,16.029539213791303,17.63352576155384,16.850282453531285,16.242568021071193,0.56,73.0,-0.71,0.52
RTX,2005-08-26,20.057123824101208,20.104822329223705,19.8742807591552,19.989551544189453,3703006,15.577827201332573,16.06086488133962,17.638910587538813,16.803191566279178,16.255836946230932,0.54,75.0,-0.69,0.54
RTX,2005-08-29,19.822614515008905,20.084953970276192,19.822614515008905,20.01738166809082,3607030,15.490653703114878,16.002966016465326,17.524894843733424,16.700739316781835,16.255527867160716,0.51,66.0,-0.69,0.64
RTX,2005-08-30,19.88223984832639,20.021359951264007,19.74709522502797,19.83454132080078,4997564,15.398201287987382,16.01782861883907,17.533628177120082,16.59811582446613,16.272082658388022,0.48,66.0,-0.69,0.63
RTX,2005-08-31,19.78684126524941,19.9100618494962,19.600023853903835,19.87428855895996,7710781,15.402729297886793,16.026007531483245,17.53472094038762,16.599198876374626,16.272962026430186,0.46,66.0,-0.69,0.63
RTX,2005-09-01,19.77491420961291,20.108802641047998,19.762990182096573,19.88223648071289,4876323,15.401415544335679,15.97040965104215,17.44686767725644,16.58518874295157,16.159797793452025,0.43,61.0,-0.72,0.72
RTX,2005-09-02,19.902107968342,20.212147104331006,19.882234189874445,20.112775802612305,5185066,15.39723077559167,16.168267473154703,17.469054528719834,16.63522426828486,16.118702411575764,0.4,61.0,-0.7,0.66
RTX,2005-09-06,20.263824551131155,20.311520663831605,20.132653013060935,20.2836971282959,6374115,15.055319466498931,16.16744954931558,17.37222061048927,16.520999792115283,16.12419171456624,0.38,50.0,-0.65,0.67
RTX,2005-09-07,20.27176846216412,20.410888517394834,20.20817044727227,20.394989013671875,4173191,15.105430512744874,16.176578226753797,17.040685891537567,16.531119809455287,16.130716744391282,0.36,20.0,-0.71,0.74
RTX,2005-09-08,20.271766758539673,20.35126427047357,20.14457194413573,20.2200927734375,3256814,15.138856019197517,16.23507790444126,17.07484816182442,16.560810436911993,16.13800127762846,0.35,22.0,-0.73,0.75
RTX,2005-09-09,20.22010380461284,20.450647919685874,20.17240647612128,20.446672439575195,3335152,15.173799803832772,16.262588980441947,17.15917946079995,16.56114597925707,16.171511851579147,0.33,28.0,-0.77,0.66
RTX,2005-09-12,20.442692065689776,20.450643024007757,20.327420035748222,20.406917572021484,3859204,14.688642757838,16.250120477948425,17.12392829873503,16.552419066083175,16.17205992470411,0.32,22.0,-0.77,0.71
RTX,2005-09-13,20.446663211468326,20.65732983090868,20.37114117035988,20.47846221923828,4722031,14.088367422162614,16.082183217502916,16.304064546219372,16.49763609532407,16.171300816869756,0.34,1.0,-0.76,0.5
RTX,2005-09-14,20.446657180035864,20.49435567762051,20.196240670061478,20.255863189697266,4836916,14.469880884508052,16.207562823611184,16.34612614259075,16.53942164140954,16.2095736638103,0.35,2.0,-0.75,0.47
RTX,2005-09-15,20.29165454329825,20.442698706594175,20.088936362292834,20.14458465576172,5090997,14.542600940476666,16.17626719173529,16.333085720006107,16.52867615705885,16.20527140927636,0.36,2.0,-0.75,0.51
RTX,2005-09-16,20.33139756399047,20.478468623263765,20.232027440669942,20.422819137573242,10312610,14.555771158700484,16.43874264221558,16.403228023199986,16.6073937363821,16.24158960458483,0.37,4.0,-0.72,0.43
RTX,2005-09-19,20.406914604837837,20.406914604837837,20.120725925247502,20.224071502685547,5922044,14.861287511829937,16.40145545305676,16.474190860059863,16.641256328113226,16.25963929328035,0.38,6.0,-0.7,0.4
RTX,2005-09-20,20.224077669966725,20.470518867042035,20.224077669966725,20.27177619934082,4057194,14.857775695452178,16.38537267408599,16.240105783997492,16.638731367062306,16.260739238939202,0.39,1.0,-0.67,0.48
RTX,2005-09-21,20.092901947413836,20.29959309769658,20.07302696433172,20.104825973510742,5950487,14.941518886280052,16.301823442443872,16.02648212975362,16.6104371789745,16.208445999534998,0.41,1.0,-0.66,0.61
RTX,2005-09-22,20.172400053589456,20.279722321426064,20.041229731445334,20.22804832458496,4220225,14.990576626296109,15.210127336056322,16.049905526675257,16.60161971860466,16.166371792457177,0.43,2.0,-0.64,0.57
RTX,2005-09-23,20.228049382228665,20.641434150428378,20.1565016014935,20.550012588500977,4607464,12.49280612655067,15.455686564364962,16.22015479736279,16.704906186326475,16.231815629518177,0.44,3.0,-0.6,0.44
RTX,2005-09-26,20.66926125238339,20.74875880025421,20.542067585171736,20.585790634155273,5233213,12.475407714825339,14.753548049012743,16.107831996724183,16.65416032392426,16.201103006135284,0.45,3.0,-0.6,0.54
RTX,2005-09-27,20.585781719469114,20.71695080961686,20.482433747301126,20.64937973022461,3874935,12.50197026451736,14.765121784434584,16.11242998683549,16.65345559431799,16.164088300928377,0.47,4.0,-0.6,0.53
RTX,2005-09-28,20.617590098846897,20.681185729136185,20.506293529422646,20.63348960876465,4906355,12.373443784579312,14.732577214979731,16.10202729963965,16.647434605602566,16.16012385117771,0.47,3.0,-0.58,0.54
RTX,2005-09-29,20.538087801359893,20.60565889585328,20.3075461655389,20.47051429748535,6240321,12.411966682963078,14.141637619484898,16.081291029566263,16.5468263255821,16.16983174026171,0.48,3.0,-0.58,0.58
RTX,2005-09-30,20.474494152065837,20.62156280920066,20.430771102900938,20.605663299560547,5298362,12.53950994877801,14.182253335822326,16.021337497514203,16.487566906266984,16.111858172891118,0.49,1.0,-0.56,0.59
RTX,2005-10-03,20.526164532946545,20.685157191865667,20.418841054807864,20.550012588500977,4806884,12.494793152899234,13.835759371572887,15.720526219251028,16.486979674745346,16.111347238500194,0.52,1.0,-0.56,0.76
RTX,2005-10-04,20.550007764210253,20.59770627350273,20.029300844802897,20.04520034790039,5596458,14.388654298980457,14.715094899213236,15.911689535158041,16.687397904991055,16.285195856608727,0.53,2.0,-0.57,0.84
RTX,2005-10-05,20.033280587602963,20.124702147530176,19.814662975818347,19.88223648071289,6224113,14.44989781587293,14.604710989695063,15.907602628254311,16.661454658515257,16.307283495910585,0.55,2.0,-0.57,0.84
RTX,2005-10-06,19.973657768094988,20.100852613526197,19.59207082242021,19.790813446044922,7035615,13.835877767889057,14.580689875137368,15.701702570134781,16.60248936766258,16.24976072509279,0.57,1.0,-0.61,1.0
RTX,2005-10-07,19.874284016346255,19.96570556380231,19.691440921434143,19.93390655517578,5574371,14.008463476721914,14.64773325499358,15.473570048585028,16.620409174252863,16.26415862387494,0.59,1.0,-0.65,1.13
RTX,2005-10-10,19.914037328828396,19.929936836775767,19.723243233459918,19.87428855895996,3704118,13.908782741876907,14.648907285797286,15.290444380641812,16.573585950172877,16.266302554803133,0.62,1.0,-0.65,1.31
RTX,2005-10-11,19.814658147355082,19.95377819282786,19.73913611231336,19.83850860595703,4098031,13.907971831487098,14.596375248038893,15.25527884301979,16.561154182713768,16.267763152295455,0.65,1.0,-0.66,1.33
RTX,2005-10-12,19.854413962631373,20.03328161267231,19.68746913602624,19.925960540771484,4995498,13.71015297992208,14.49128591424899,15.271932538901837,16.50460745468174,16.14458374366617,0.68,2.0,-0.66,1.31
RTX,2005-10-13,19.925953616610062,20.13662141272719,19.874280838200292,20.069047927856445,4930667,13.851165167320135,14.569215591802598,14.838001126830871,16.452130546980083,16.157380260185725,0.71,1.0,-0.64,1.43
RTX,2005-10-14,20.172398381017963,20.522186279296875,20.07302707911053,20.522186279296875,7314167,15.248936093809876,15.285760853381197,15.25140552623568,16.661555395838075,16.27364655624475,0.73,2.0,-0.58,1.25
RTX,2005-10-17,20.41089157397723,20.414867052848503,20.132651421848628,20.315494537353516,5815581,15.247976060629801,15.198644653236299,15.329541848535788,16.632780671552137,16.197982191277564,0.75,6.0,-0.51,1.19
RTX,2005-10-18,20.21612791267446,20.438718627081176,19.73119409768365,19.854415893554688,9552909,16.46336349476129,15.67210415738679,15.690121684154393,16.83778259640328,16.367961861698124,0.76,8.0,-0.52,1.13
RTX,2005-10-19,19.874288979826762,20.64938699694826,19.874288979826762,20.62156105041504,7401562,19.85704612735989,17.49468982374823,16.83931543534369,17.415998318411756,16.788994371187318,0.76,27.0,-0.56,1.81
RTX,2005-10-20,20.66130959183265,20.81235370535746,20.442691970445075,20.59771156311035,6392388,19.680829266092452,17.411383252923414,16.753098311664413,17.388111253264746,16.746859124564832,0.75,27.0,-0.51,1.87
RTX,2005-10-21,20.597711335705853,20.852103447786483,20.11277878143342,20.235998153686523,6789003,20.11222161955567,17.668756077745957,16.934985111596976,17.459926367889494,16.84624154515443,0.75,29.0,-0.52,1.79
RTX,2005-10-24,20.29164961733653,20.557965783370275,20.124704777457083,20.51026725769043,5462188,20.49775932258958,17.68238742822363,17.070875448898395,17.43552520975621,16.882262436694965,0.75,36.0,-0.52,1.63
RTX,2005-10-25,20.466541508644966,20.538088083025396,20.251896966741295,20.36319351196289,4657359,20.58095839636373,17.517610418953815,17.063576821323604,17.431998133812836,16.87251601030293,0.75,34.0,-0.45,1.64
RTX,2005-10-26,20.27177653162072,20.522193212593937,20.188304706193268,20.23202896118164,5620134,20.41844315975745,17.553007844096292,17.0550615175205,17.43908880389796,16.884404069882027,0.74,34.0,-0.45,1.68
RTX,2005-10-27,20.23202652048875,20.299597623021906,19.981609869724572,20.03725814819336,4150468,20.550635447691366,17.659407445626915,17.116544762986386,17.29515389619953,16.888456921562874,0.74,41.0,-0.5,1.64
RTX,2005-10-28,20.09290734051596,20.45064508510928,20.04123333438509,20.422819137573242,4459052,20.919523211623854,17.901121116217013,17.358740363742285,17.379250479528796,16.9737459791055,0.74,62.0,-0.47,1.43
RTX,2005-10-31,20.418838255796185,20.530134788349926,20.355242646574958,20.383066177368164,5451541,20.72361857297459,17.89287154461627,17.3567034290576,17.380504332499424,16.848408487333394,0.74,62.0,-0.42,1.43
RTX,2005-11-01,20.283700561814268,20.3313990919702,20.16843092097373,20.23202896118164,5412929,20.831690318730843,17.96937082341611,17.330815459485553,17.320136296086503,16.80379541897893,0.74,62.0,-0.36,1.44
RTX,2005-11-02,20.251895033990294,20.307544505980747,20.14854945655225,20.224071502685547,6152767,20.686709621368568,17.894856780504657,17.31145117921006,17.309768994161633,16.727596313160078,0.74,61.0,-0.3,1.48
RTX,2005-11-03,20.391014304647737,20.621555912637483,20.31151678303388,20.4744873046875,5859120,20.917257370107258,18.044017776286207,17.412994065479637,17.299137829070055,16.743441012716854,0.74,69.0,-0.25,1.37
RTX,2005-11-04,20.649382316740283,20.716953404596403,20.474487765255596,20.522186279296875,3934841,20.414514766312248,16.780694663568738,17.331264886572743,17.286491595702255,16.692861266428878,0.74,61.0,-0.21,1.41
RTX,2005-11-07,20.56988805099529,20.56988805099529,20.458591500606254,20.526165008544922,4054651,20.407686941798218,16.770364307091995,17.323070539204373,17.06990243413542,16.692609685628472,0.74,59.0,-0.17,1.43
RTX,2005-11-08,20.53013756153235,20.542063998666944,20.42679197203455,20.482439041137695,3410947,20.393032611737922,16.775779595482394,17.224246872588623,17.022993922820472,16.694388553563,0.74,50.0,-0.18,1.55
RTX,2005-11-09,20.48243708018808,20.94352273319294,20.41486598980071,20.88389778137207,7707921,21.173888717268934,17.193656474741488,17.498221062421617,17.171322822605656,16.799035275662256,0.74,73.0,-0.33,1.34
RTX,2005-11-10,20.963393500391213,21.050841976560502,20.78849895743344,21.01904296875,8320004,21.09219815043702,17.175050853442407,17.48783420865248,17.148690004517128,16.809092467013652,0.75,71.0,-0.27,1.31
RTX,2005-11-11,21.050838386165402,21.24560546875,20.967365402554638,21.24560546875,7316233,21.22315597740526,17.294256689853217,17.569150413087666,17.136418126315352,16.839187208586235,0.75,78.0,0.09,1.22
RTX,2005-11-14,21.20586090277512,21.35690740720754,21.12636578597617,21.285358428955078,6523322,21.194799098275972,17.275959018862192,17.476728558147737,17.13724848375911,16.838702451092736,0.75,69.0,0.42,1.28
RTX,2005-11-15,21.28933598805759,21.352934015216515,21.1422673572885,21.229713439941406,8579647,19.750772931887933,17.28336818578204,17.464166421554093,17.134015482942193,16.829393120132607,0.75,67.0,0.51,1.28
RTX,2005-11-16,21.329496164810262,21.473183591285192,21.29756562559361,21.381383895874023,6597051,19.56903891703763,17.27217918534942,17.39287014964698,17.15150063968915,16.840442280780437,0.75,60.0,0.67,1.31
RTX,2005-11-17,21.449232260302708,21.493138561697755,21.333485882115482,21.453224182128906,4983263,19.456157202561567,16.947338745620637,16.80124506051812,17.115292738899882,16.839824928314194,0.75,28.0,0.99,1.47
RTX,2005-11-18,21.73261110518018,21.73261110518018,21.193786436348624,21.369401931762695,6111612,19.498747068874334,16.963541720217524,16.7398004280224,17.11210542526637,16.837543124184247,0.75,27.0,1.02,1.52
RTX,2005-11-21,21.433270715572345,21.52905990980243,21.153879718980054,21.473182678222656,4812445,19.445431965553745,16.907652038201505,16.35674130835516,17.08652590294068,16.843100858942666,0.74,25.0,0.98,1.66
RTX,2005-11-22,21.453221276241205,21.728620296707277,21.397344055629386,21.700681686401367,5636660,19.53256332695127,17.015813411655625,16.433423229339404,17.00381420354866,16.87297503742693,0.74,27.0,1.18,1.56
RTX,2005-11-23,21.740595142241446,21.83239481185252,21.62484636527532,21.71265411376953,3964873,19.540288567580507,16.875098809741704,16.418290498196793,16.941304014885915,16.872719107324684,0.74,27.0,1.21,1.59
RTX,2005-11-25,21.82042373663024,21.832399502553827,21.612877664807797,21.676738739013672,1262461,19.53894247097129,16.887167108872482,16.041830875913817,16.932448766191165,16.871993891491233,0.74,15.0,1.12,1.76
RTX,2005-11-28,21.696688670203145,21.79248026014324,21.56098512746106,21.58493423461914,4067681,18.70379540215209,16.926239466661958,16.054612701873396,16.841841581495544,16.878528351630788,0.74,17.0,0.93,1.77
RTX,2005-11-29,21.73262577003435,21.90425187952421,21.612887411573244,21.624860763549805,5167269,18.36595185470472,16.793823878528393,15.876596628588638,16.822318899738935,16.876575422338792,0.74,11.0,0.75,1.97
RTX,2005-11-30,21.632842281965463,21.74858870418978,21.481170968983882,21.489154815673828,6482326,16.974112424409086,16.793886072240852,15.89900514722338,16.813270564379266,16.694410143412604,0.75,12.0,0.56,1.97
RTX,2005-12-01,21.63283621710708,21.80445984065565,21.612879025324787,21.640817642211914,6294824,13.376106436292822,16.814824847770108,15.80487146467879,16.804643154637162,16.673717713083004,0.75,11.0,0.39,2.01
RTX,2005-12-02,21.772526966433606,22.015997905894185,21.692703046559185,21.948144912719727,5683535,13.825492950013846,16.904992518043702,15.930686217381599,16.812596666804012,16.712484659244424,0.75,16.0,0.4,1.87
RTX,2005-12-05,21.95213849596427,21.95213849596427,21.684720844171178,21.760555267333984,4731724,12.910053872828387,16.901131195845622,15.994627985412924,16.84604635787842,16.730109777129496,0.75,17.0,0.25,1.83
RTX,2005-12-06,21.8483610775277,22.11178675442014,21.668751231850983,21.940160751342773,5208583,12.606273211536054,16.952797429770957,16.038707326442225,16.82153638458859,16.68550430685886,0.75,20.0,0.18,1.76
RTX,2005-12-07,21.840385816222906,21.91622025398159,21.716655562088125,21.872316360473633,4836439,12.3936264053094,16.968597284573914,16.007790931569527,16.79243303492355,16.61922939923125,0.75,18.0,0.06,1.79
RTX,2005-12-08,21.924197708928094,22.13174376671205,21.85634471733729,22.071874618530273,4723779,12.247592748679386,16.858036426188505,16.00485336943711,16.823263739765018,16.59612068218566,0.76,18.0,0.02,1.79
RTX,2005-12-09,22.139731057029294,22.323330451863505,22.091835247157736,22.119773864746094,5518756,11.657774504079622,16.796356661136503,16.00569484150691,16.824220921096007,16.526040929215895,0.76,19.0,-0.03,1.79
RTX,2005-12-12,22.33928973485807,22.471001362195796,22.13972512355028,22.171655654907227,6177555,10.657419260149956,16.605353393212006,15.998188934894525,16.814764434796835,16.43234400098533,0.76,18.0,-0.08,1.78
RTX,2005-12-13,22.151693872293215,22.67455319060589,22.071867560461943,22.42310333251953,6856535,10.839742739003528,16.562189327996517,15.933769045487612,16.803785261369182,16.46826686693607,0.76,17.0,-0.03,1.78
RTX,2005-12-14,22.471010033375908,22.937992420162086,22.443071412494096,22.78632354736328,5805570,10.979087746242602,16.82106851433384,15.937078058441035,16.85169631937767,16.53036441600842,0.77,18.0,0.25,1.72
RTX,2005-12-15,22.81026969942596,23.201417640449602,22.81026969942596,22.989879608154297,8138699,10.988800642500497,16.743317975856982,15.974219087192573,16.85347493397306,16.54564380721986,0.77,19.0,0.54,1.65
RTX,2005-12-16,23.221362432543785,23.504745244720183,23.117589433169723,23.1614933013916,11204198,10.767883961983033,16.758634882833064,15.958528037289613,16.81423271115238,16.462404564908073,0.77,19.0,0.77,1.67
RTX,2005-12-19,23.06171820197832,23.12557927695679,22.782327208620867,22.806276321411133,5105139,12.166371457923837,16.903632685684762,16.112402186881667,16.92407858821258,16.536955979182796,0.77,35.0,0.63,1.62
RTX,2005-12-20,22.83820725474683,23.05373717686152,22.818250063633478,22.918033599853516,5607422,12.130953150338161,16.915971985078457,15.967887147799686,16.91849260936404,16.542164003828898,0.77,20.0,0.52,1.71
RTX,2005-12-21,22.989875463957986,23.12557903720701,22.87013473994141,22.90206527709961,5421032,12.078263800133255,16.921352004658736,15.793566696824243,16.86048926722443,16.5080057684641,0.77,11.0,0.4,1.85
RTX,2005-12-22,22.969905241655898,23.189426955238456,22.91003612328707,23.089643478393555,5317430,11.217797692353178,16.96396522927245,15.821720473216011,16.847165811678952,16.52023761348391,0.77,13.0,0.32,1.81
RTX,2005-12-23,23.109618323734615,23.133567440997172,22.81825392924557,22.862157821655273,2768515,11.810109687349858,17.01735134622636,15.909365192466874,16.894721856795027,16.506330728021414,0.77,17.0,0.17,1.73
RTX,2005-12-27,22.949955661048975,23.057720593662424,22.578765068786417,22.650609970092773,4078327,12.065926712478072,17.139141625604804,15.8645607739277,16.89298306106756,16.529910666550602,0.77,14.0,0.02,1.76
RTX,2005-12-28,22.650619124574696,22.758384100742475,22.49096641197537,22.698514938354492,3077575,12.065668080615982,17.11616148129585,15.848592256286073,16.844840513946384,16.511927822085852,0.77,14.0,-0.11,1.77
RTX,2005-12-29,22.670571529006633,22.8302242249148,22.47899071326364,22.482982635498047,2429581,12.463308711432507,16.373493407448052,15.94259725682855,16.79874728776302,16.54034308392662,0.77,24.0,-0.24,1.69
RTX,2005-12-30,22.371227328697472,22.403157870134724,22.18762792510676,22.31534767150879,3994905,12.650372525283935,16.35622814324302,15.963780165016134,16.622051042637636,16.553407327067713,0.77,26.0,-0.36,1.7
RTX,2006-01-03,22.530886581158942,22.614702462270206,22.13574662092061,22.562814712524414,5905519,12.944185736864558,16.403340303440842,16.032534123977427,16.651727175848816,16.583203190124713,0.78,36.0,-0.47,1.62
RTX,2006-01-04,22.670573518062305,22.670573518062305,22.287409433611714,22.427104949951172,4948941,13.037968074953088,16.45457469425084,15.274755237434103,16.671643856272556,16.551798367541807,0.78,5.0,-0.59,1.54
RTX,2006-01-05,22.471010084637285,22.546844521209685,22.203594804904622,22.343290328979492,4955932,13.09035101656438,16.464928620552797,15.289352581965204,16.659480447584325,16.537955830067936,0.78,6.0,-0.7,1.53
RTX,2006-01-06,22.530887098458546,22.618694905261904,22.391189121370342,22.415138244628906,4567263,12.811415527009832,16.448157534735003,15.292081042380781,16.207079343945185,16.54021613013137,0.78,8.0,-0.8,1.52
RTX,2006-01-09,22.49894297254592,22.71048093373773,22.415124720733274,22.67056655883789,3920381,13.149265177748482,16.551733051160124,15.342537267074299,16.223261649331867,16.536418426093764,0.78,10.0,-0.89,1.45
RTX,2006-01-10,22.52688651244703,22.75838171174193,22.37122573883953,22.68653678894043,5843230,13.118758453505075,16.52119456226717,15.307057961339652,16.206077903686793,16.53294801124008,0.78,9.0,-0.98,1.5
RTX,2006-01-11,22.63066280339347,22.65860142433901,22.187629533029003,22.343290328979492,5022988,13.902699131940881,16.344329608591323,15.514596153787249,16.269771359724402,16.60447119336196,0.77,13.0,-1.05,1.36
RTX,2006-01-12,22.251488596142334,22.319341607654874,22.000038583822118,22.1357421875,6396202,14.22782424003076,16.32128589023877,15.586619328631308,16.310119939755026,16.544307577797262,0.77,14.0,-1.11,1.31
RTX,2006-01-13,22.17166274531231,22.331313033806303,22.17166274531231,22.215566635131836,3395057,14.088689339379549,15.513873387436677,15.590739113743638,16.17520780151986,16.490579812605937,0.76,15.0,-1.17,1.3
RTX,2006-01-17,22.291402590546944,22.542855017751144,22.279429241477022,22.343290328979492,4914141,14.046157080713654,13.605448641745008,15.566004606053966,16.044712999026643,16.496437620179456,0.76,14.0,-1.22,1.31
RTX,2006-01-18,22.411131369189842,22.562800177699305,22.107793752170917,22.20757484436035,4083094,13.630727448653335,13.681470301351622,15.386135070497936,16.059956050361297,16.465848751907185,0.75,12.0,-1.26,1.42
RTX,2006-01-19,22.211576231168852,22.475002007442978,22.06389928082975,22.343290328979492,4164133,13.45350756698878,13.130379201851362,15.39812489664093,16.059589776646828,16.433430830726206,0.75,13.0,-1.3,1.39
RTX,2006-01-20,22.343294715318027,22.375222845990102,21.8324083343504,21.956138610839844,6977935,14.272217286699293,13.468402093886109,15.631483896627463,16.141605797131632,16.479203930528378,0.74,19.0,-1.32,1.27
RTX,2006-01-23,21.956130509369498,21.984069125490915,21.632835624221503,21.7406005859375,5145818,14.533259088549885,13.549774722415211,15.725038226886538,16.187163569578864,16.509443118564622,0.73,23.0,-1.33,1.2
RTX,2006-01-24,22.255467146176827,22.64262294888834,22.011998706557574,22.530868530273438,10814416,17.711710259295995,15.200926399454131,16.58867910937465,16.709836130303152,16.84384583883441,0.72,69.0,-1.36,1.55
RTX,2006-01-25,22.53087919585135,22.750398635864258,22.522895351116215,22.750398635864258,10305460,17.899845031896923,15.094771780099157,16.64214905147067,16.709398146219005,16.86031914147483,0.71,70.0,-1.39,1.48
RTX,2006-01-26,22.937999113627484,22.969929666623432,22.54286154448742,22.957956314086914,10607528,18.051753521565754,14.751017847629203,16.68652134763951,16.685058070414108,16.840437230491602,0.7,71.0,-1.41,1.42
RTX,2006-01-27,23.245311281375812,23.68435484316061,22.989869470055474,23.448867797851562,9985594,18.74663289076487,15.242074444911047,16.90333791756067,16.708961363043255,16.918851507919776,0.69,76.0,-1.37,1.29
RTX,2006-01-30,23.365051562302188,23.46882699959957,23.093644463246495,23.293209075927734,7400768,18.36429736083139,15.22160934476615,16.916042980194273,16.557912457128808,16.933128859261597,0.69,77.0,-1.36,1.31
RTX,2006-01-31,23.14952942325931,23.540677356170598,23.141547997369873,23.297208786010742,6325968,18.20077271743036,15.217702171195826,16.904356781360104,16.52116739162813,16.877833404580194,0.69,77.0,-1.36,1.33
RTX,2006-02-01,23.197416669713007,23.48479144385043,22.98987064107102,23.149520874023438,7347854,18.17928218176197,15.177248194542473,16.87438237863994,16.438146347986933,16.876911704700074,0.68,76.0,-1.38,1.35
RTX,2006-02-02,23.229354946259406,23.309181299027674,23.001851655380054,23.049747467041016,5829405,17.635895184165133,15.23302054109322,16.824477634336414,16.31950484131788,16.87808110912173,0.68,75.0,-1.39,1.43
RTX,2006-02-03,23.053722522005945,23.14153023613208,22.750382603428516,22.822227478027344,7768939,17.826247067351403,15.422254727787516,16.909811236885343,16.280754759894123,16.891690246775457,0.68,80.0,-1.41,1.37
RTX,2006-02-06,22.89009660464449,22.894088527441077,22.694523839124678,22.78632354736328,5757106,17.830444459807016,15.416650243477553,16.910808561625355,16.257528743273294,16.853593284763384,0.68,80.0,-1.42,1.38
RTX,2006-02-07,22.834215530965487,22.83820745309217,22.650616145298947,22.706493377685547,5264357,17.677003402301914,15.007033711736456,16.817579622165173,16.26411008305896,16.783952419905425,0.68,73.0,-1.43,1.44
RTX,2006-02-08,22.66658188153953,22.75438965405553,22.554824995116654,22.638643264770508,4418850,17.471904119423,14.995928420972119,16.796981225778673,16.03875646203274,16.770414732453148,0.69,71.0,-1.42,1.46
RTX,2006-02-09,22.686540318489524,22.78632387375058,22.431098384750598,22.634654998779297,4724256,17.263795518358886,14.867306906211939,16.677114372627617,16.021351859097216,16.761507088798673,0.69,67.0,-1.42,1.6
RTX,2006-02-10,22.722452195540896,22.933990137341386,22.53885286200144,22.802278518676758,4637973,17.38742568443239,14.922950242671654,16.616389898116832,16.04103204325196,16.646308319752297,0.69,65.0,-1.41,1.62
RTX,2006-02-13,22.810273949722962,22.934004221733137,22.70650087558952,22.8861083984375,4009683,17.167651889358922,14.91082091894439,16.620024535996905,16.024444455934848,16.59925419849343,0.69,65.0,-1.4,1.61
RTX,2006-02-14,22.886106294121774,23.289227621950136,22.814263775457817,23.201419830322266,4266942,17.396958124041795,15.08085979083886,16.66649517445333,16.09968875524338,16.650316780096325,0.69,66.0,-1.39,1.52
RTX,2006-02-15,23.205422238205863,23.393723777066448,23.097247876991645,23.2895565032959,3788176,17.170180717969178,15.08359357226497,16.653989543414184,16.04648374538515,16.59577540106648,0.69,65.0,-1.36,1.54
RTX,2006-02-16,23.277527142795588,23.36967554110105,23.17335991613219,23.317590713500977,4160955,17.038122580070592,15.043434355642619,16.493549888797716,16.026090601920856,16.58975970042148,0.69,60.0,-1.34,1.72
RTX,2006-02-17,23.357658576215368,23.405736322019518,23.101243931926565,23.237462997436523,5164886,17.030581560670278,15.059515648042723,16.51024685869496,16.025061385019768,16.537035272001464,0.69,60.0,-1.33,1.71
RTX,2006-02-21,23.337627030561418,23.61407226477444,23.265511621625834,23.57000160217285,5066368,17.4309659475023,15.173869438485369,16.63633295000772,16.075305513562906,16.580223217497835,0.69,63.0,-1.29,1.57
RTX,2006-02-22,23.61407214487406,23.6341051472411,23.449808325368185,23.59003448486328,5512877,17.189441950390734,15.173299751924848,16.633133574880695,16.059827267430478,16.41256107736305,0.69,62.0,-1.26,1.57
RTX,2006-02-23,23.590042985039748,23.61808774133669,23.437795512143005,23.457828521728516,3642624,17.30662309317666,15.228852113312513,16.604385344885568,16.076683111247505,16.391464760823506,0.69,59.0,-1.23,1.59
RTX,2006-02-24,23.377702078388257,23.698220561018207,23.265523038006055,23.594053268432617,3933728,16.639698834105115,15.2112080904713,16.598538174928137,16.058998417207935,16.398155814804852,0.69,58.0,-1.2,1.6
RTX,2006-02-27,23.590045162287574,23.758316144137783,23.541967391967773,23.541967391967773,5159642,16.350576981927905,15.229775798973035,16.595646370334,16.057842764561233,16.374472258286428,0.69,57.0,-1.16,1.6
RTX,2006-02-28,23.51791567992843,23.69820783673807,23.313588292634204,23.437786102294922,5612030,16.450063101723806,15.1942806988414,16.082579184088857,16.023237880602732,16.338097886937447,0.69,49.0,-1.13,1.69
RTX,2006-03-01,23.437801354718268,23.674183155431095,23.401744842721726,23.51793098449707,5423257,16.415397073830395,15.155502401566654,16.009190091622454,16.018872273411063,16.340284825865265,0.69,44.0,-1.09,1.74
RTX,2006-03-02,23.437792935789997,23.566000297383596,23.24548432193728,23.35365867614746,5242270,16.455359203312955,15.015907322676119,16.03770287086565,16.039052755635687,16.35256204352021,0.69,45.0,-1.07,1.72
RTX,2006-03-03,23.205423230086314,23.505906230448474,23.093241776633395,23.18138313293457,5494762,16.604934294036212,14.98555239357294,16.076660497650778,16.00788030655714,16.37219059507658,0.68,48.0,-1.03,1.72
RTX,2006-03-06,23.197403426525693,23.217436431201925,22.997080665375435,23.125288009643555,5237821,15.678527127197354,14.926800876004151,16.07283378779436,16.008865103643377,16.34650007845834,0.67,47.0,-1.0,1.72
RTX,2006-03-07,23.097250249834413,23.413759191105548,23.009106459707613,23.137313842773438,4834374,15.295392403515596,14.904060958605275,16.064861259936805,15.955719580157277,16.33898209108112,0.67,46.0,-0.98,1.72
RTX,2006-03-08,23.19740230089742,23.269517714280237,22.973039459315167,23.173364639282227,3744002,11.503083785655052,14.807881290007183,16.05831470423348,15.953474027004955,16.31513519979371,0.66,45.0,-0.95,1.74
RTX,2006-03-09,23.049162259600738,23.117273015960368,22.892912599990737,22.997079849243164,5001854,11.453001158437582,14.905523452667344,16.097571370716995,15.954212596618245,16.24108791475502,0.64,49.0,-0.9,1.74
RTX,2006-03-10,22.87689341895058,23.325616811560064,22.860867496766744,23.16535758972168,4617157,11.345726005488336,14.963926781341105,15.772758758393193,15.97415979252623,16.209206721927313,0.63,16.0,-0.84,1.99
RTX,2006-03-13,23.217432424754165,23.35365149026412,23.181373508266816,23.237462997436523,3657084,9.521688996894655,14.810882611643288,15.670255241609176,15.915495668109566,16.202767176072356,0.63,13.0,-0.77,2.06
RTX,2006-03-14,23.25749658077827,23.421762823521515,23.20541417625622,23.361663818359375,3652317,9.459896772406164,14.491753190924857,15.189654440969274,15.912001833779163,16.137327860314528,0.64,1.0,-0.77,2.19
RTX,2006-03-15,23.261509819369383,23.33763233179767,23.057179947677604,23.20942497253418,6538417,9.653243335250474,14.451180146205067,14.085731319500852,15.868396902678969,16.136941119968643,0.67,1.0,-0.69,1.29
RTX,2006-03-16,23.1693597871551,23.501896995148194,23.08121844801656,23.32961654663086,4940201,9.58417573747071,14.40974786524336,14.094756455378413,15.524810761466332,16.121838080998486,0.71,2.0,-0.6,1.26
RTX,2006-03-17,23.50991897254897,23.70623474190498,23.437801092286268,23.55799674987793,7618302,9.86295346416759,14.169696307337349,13.825882668899329,15.514172223886627,16.128727657067692,0.75,1.0,-0.54,1.29
RTX,2006-03-20,23.497900398456288,23.598060614275873,23.433796694633248,23.51793098449707,4187492,9.36721785627313,14.147677841325388,13.70147370141748,15.273089072314363,16.079249738959618,0.79,1.0,-0.45,1.46
RTX,2006-03-21,23.397721872397756,23.598044596602183,23.341632383893803,23.413747787475586,4797350,9.471901169390625,14.181173426429641,13.664547119065643,15.285702441597534,16.086990452382054,0.82,1.0,-0.36,1.49
RTX,2006-03-22,23.45782050883152,23.762312922076273,23.45782050883152,23.690195083618164,3695855,9.876554663646349,14.283791353692699,13.703512713606465,15.332407118947563,16.087171413082498,0.86,3.0,-0.3,1.4
RTX,2006-03-23,23.7302692087826,23.734273867871657,23.361673003470685,23.5379581451416,3328955,10.059515739597707,14.194364499976148,13.645527457808553,15.129415319193443,16.076202423186942,0.89,1.0,-0.32,1.44
RTX,2006-03-24,23.678182118602347,24.014726448184096,23.634111444482027,23.75029754638672,4349570,10.290299365265202,14.150540800294134,13.409216741207056,15.155903878840402,16.09786641155327,0.92,1.0,-0.26,1.61
RTX,2006-03-27,23.702229187473748,23.80639648681986,23.557995860929445,23.726266860961914,3822816,10.167764226727137,14.152558241416772,13.403894707630739,15.056089695041486,16.098560895512872,0.95,1.0,-0.21,1.62
RTX,2006-03-28,23.778346032599067,23.9386028174126,23.27753781227936,23.349653244018555,5236867,11.307791888066015,14.412480987972565,13.616777113908677,15.179562244240758,16.176396519224525,0.97,3.0,-0.23,1.52
RTX,2006-03-29,23.578014894161672,23.698208047411946,23.25749658077827,23.361663818359375,5241952,10.613506908456543,14.313012995577465,13.614440132922395,15.103397793804765,16.13278865786976,1.0,3.0,-0.32,1.52
RTX,2006-03-30,23.329623397493698,23.493889720579276,23.129300567920072,23.2454891204834,4562496,10.66225979923659,14.198276499576965,13.539729339617738,15.10854257494837,16.10441378452254,1.01,3.0,-0.33,1.65
RTX,2006-03-31,23.209424596099062,23.361669618486363,23.145320917507018,23.22545051574707,4862181,10.657750167188496,14.136117592768652,13.542853443543802,15.10707621936079,16.08654171467987,1.03,4.0,-0.37,1.65
RTX,2006-04-03,23.2695309851225,23.590049513034867,23.249500398531946,23.30959701538086,3556341,10.66358632139459,14.12035898045207,13.547038341215028,15.110298959906945,16.047980465125455,1.05,5.0,-0.48,1.64
RTX,2006-04-04,23.209415998477997,23.4698352748861,23.06117811804986,23.29755973815918,3502156,9.789150388715024,14.11277682570592,13.539128461389865,15.085938057449402,16.047646809890622,1.07,3.0,-0.73,1.64
RTX,2006-04-05,23.237468120657617,23.46984272900807,23.237468120657617,23.32961654663086,3602740,9.796102891142073,13.937152322774784,13.223663497923921,15.051852057594575,16.037881438082067,1.09,1.0,-0.79,1.93
RTX,2006-04-06,23.229456375525693,23.401734395505553,23.085223106313784,23.32961654663086,3259039,9.66896612625214,13.937410504003777,13.19694081867345,15.051593368266431,15.992566980960952,1.1,1.0,-0.83,1.98
RTX,2006-04-07,23.3897185551303,23.545968247756004,22.977051700349683,23.08522605895996,5455832,9.945964035974217,13.74253165886132,13.231388880814343,15.104944804006394,16.005489979607876,1.12,3.0,-0.79,2.02
RTX,2006-04-10,23.18539262571614,23.317604673883093,23.065199413102878,23.109270095825195,3401255,9.948464039889942,13.587656622512204,13.230386622043063,15.019562271429521,16.005244674485745,1.13,3.0,-0.76,2.02
RTX,2006-04-11,23.257489799382864,23.317586358485105,22.88488919011992,23.00107765197754,4360216,9.957328466212804,13.618765324237842,13.248208599145054,14.936828367382729,15.980155900402176,1.14,5.0,-0.75,2.0
RTX,2006-04-12,23.061183144068522,23.117272640014455,22.864865051183298,23.013105392456055,3714605,9.890416925196105,13.576344515308023,13.209467556788953,14.933731015528217,15.944189603791441,1.15,2.0,-0.71,2.08
RTX,2006-04-13,22.68458444019272,22.99708873726539,22.668558516534166,22.892921447753906,6171358,9.805462655868928,13.559724853135513,13.23647822625288,14.9194616958551,15.888191734267615,1.17,6.0,-0.65,2.07
RTX,2006-04-17,22.836824732337373,23.121284210746822,22.784742312725573,23.037147521972656,3909576,9.790192205366747,13.563080593118878,13.245928758775399,14.88817386862149,15.745117082737009,1.19,7.0,-0.64,2.02
RTX,2006-04-18,23.137312662154198,23.658151486475308,22.8568602402773,23.598054885864258,9691788,12.022965716153545,13.877626067617529,13.738955128831822,15.05632388217783,15.906373351483296,1.2,21.0,-0.63,1.8
RTX,2006-04-19,24.559608735435262,25.27275872276785,24.479481542609516,25.160579681396484,19740147,21.96719465535951,18.775312223839727,16.9487949799043,16.719953974583916,17.12060797865739,1.2,100.0,0.75,11.08
RTX,2006-04-20,25.35688544146981,25.749519217182893,25.25672284709523,25.725479125976562,12709299,22.669907489406928,17.93870283896183,17.264206454814893,16.897224571725015,17.237882830665722,1.21,100.0,2.73,10.04
RTX,2006-04-21,26.021965365785906,26.021965365785906,25.58125612972328,25.729494094848633,8162534,22.44921787491742,17.875082694678166,17.257648939036844,16.889742734004248,16.9327970049736,1.22,99.0,3.48,10.04
RTX,2006-04-24,25.557207123572557,25.961859713550204,25.541181206290155,25.85368537902832,5546722,22.426670522559018,17.824717455971836,17.237944891740703,16.822271426142667,16.912411047982186,1.23,98.0,3.85,10.03
RTX,2006-04-25,25.881730562211967,25.905770652808304,25.545188722161534,25.701440811157227,6637253,22.59746431567063,17.439791122568813,17.281341992605583,16.836690945973142,16.915927451328834,1.24,100.0,3.71,9.96
RTX,2006-04-26,25.705448549931525,25.809615802392702,25.561215288305572,25.725479125976562,5697360,22.600056779784552,17.356727803392054,17.233957071076837,16.835277782483928,16.8824591241198,1.26,96.0,3.51,10.04
RTX,2006-04-27,25.364907965933707,25.75353482018416,25.364907965933707,25.601289749145508,6389051,22.54165523148423,17.405333618923045,17.245230739160633,16.83166355107509,16.891529533090196,1.27,97.0,3.18,10.11
RTX,2006-04-28,25.701446534753924,25.74151012328675,25.080445126999205,25.164579391479492,10724797,23.29791548482548,17.754843238339145,17.38679278682311,16.972476486860415,16.89074811801724,1.28,100.0,2.79,10.01
RTX,2006-05-01,25.240706503094543,25.260739515275578,25.040383666899025,25.212661743164062,5918548,23.197432745385132,17.71512228864847,17.313558620996343,16.563299030231544,16.797529276172796,1.29,99.0,2.46,10.13
RTX,2006-05-02,25.300808711267017,25.469079720482114,25.08045283526735,25.465072631835938,4088020,23.27039500697805,17.63634754457461,17.3330324571912,16.59474069510797,16.81821655922888,1.3,99.0,2.13,10.06
RTX,2006-05-03,25.581259287575936,25.581259287575936,25.204651267957185,25.38494110107422,3655812,23.239259421207663,17.652292273869318,17.33340273361921,16.6014274447721,16.812867014932678,1.31,99.0,1.84,10.06
RTX,2006-05-04,25.533168419309494,25.641342749414243,25.384928083366155,25.5491943359375,4406774,23.110620889352067,17.64234003944486,17.309067370519017,16.591977984671065,16.783395782190297,1.32,96.0,1.55,10.16
RTX,2006-05-05,25.761549759774816,26.04200223727314,25.645361194622215,26.005943298339844,5395132,23.356044204698414,17.902413780758994,17.50018320258829,16.689413683122854,16.866859726638904,1.33,100.0,1.37,9.52
RTX,2006-05-08,26.041991659375338,26.20225084671887,25.89775839076616,25.997920989990234,6474857,23.31566948930225,17.903219651158224,17.502451231649154,16.68491685266165,16.861255355765934,1.35,100.0,1.17,9.53
RTX,2006-05-09,26.02196579444681,26.222288619327585,25.929817343572417,26.070043563842773,5102597,23.284660717362478,17.872369710300152,17.4345935108316,16.681130731540357,16.83938643453168,1.36,98.0,0.97,9.79
RTX,2006-05-10,26.122130104100602,26.58287238815635,26.098090003584748,26.502742767333984,8402473,22.86278912893835,18.1070361513265,17.4430505511296,16.776577192547663,16.869519252018286,1.37,98.0,0.88,9.76
RTX,2006-05-11,26.4546577100506,26.598890987813505,26.29840559960853,26.37052345275879,7008443,22.996020265504022,18.016394628205905,17.432813740206768,16.767074219501378,16.776465413014673,1.38,96.0,0.7,9.9
RTX,2006-05-12,26.238305672736505,26.238305672736505,25.921794405009283,26.00192642211914,11446203,23.452419094512333,18.315816631623854,17.57621797363281,16.748417786339655,16.71832447222557,1.39,100.0,0.47,9.69
RTX,2006-05-15,26.021958646869003,26.20625549799608,25.593268356511455,25.953847885131836,7691078,23.470997973583223,18.331010756539023,17.38050763958742,16.74688683994743,16.693668621325408,1.4,93.0,0.26,10.11
RTX,2006-05-16,26.082066975019487,26.214281471189256,26.02197035986543,26.118125915527344,8050351,23.483117751705468,18.32117461060489,17.38945440226718,16.72996636112516,16.630137682370506,1.41,94.0,0.08,10.07
RTX,2006-05-17,26.087945742798674,26.120128406709348,25.347746911303258,25.645435333251953,7526457,24.314686615335685,18.599511538231837,17.662447589345952,16.892383081693715,16.653203990913784,1.42,100.0,-0.09,9.51
RTX,2006-05-18,25.564966012422584,25.790244548228074,25.158661910610043,25.20693588256836,5420079,25.024779440367457,18.98831929524581,17.864446174556186,16.99006501445189,16.693377613867657,1.44,100.0,-0.22,9.21
RTX,2006-05-19,25.331665085665108,25.383962543758347,24.973634644136872,25.22304916381836,6540165,25.019739617611382,18.936894833516465,17.78073122312058,16.990073330174805,16.674742563950367,1.45,99.0,-0.34,9.36
RTX,2006-05-22,25.223039715720684,25.496592359150753,25.001784510794174,25.31958770751953,4841683,24.709002151770534,18.920834124483026,17.70949042987574,16.992273548654598,16.677407275037044,1.47,98.0,-0.46,9.45
RTX,2006-05-23,25.335670541016626,25.484513482941843,25.138553619384766,25.138553619384766,5697042,24.882059628088818,18.986048332064527,17.757473140901872,16.978548389062478,16.540683958308293,1.48,98.0,-0.55,9.39
RTX,2006-05-24,25.190842716010764,25.343709063473014,24.840859492973365,24.965566635131836,7552358,24.948168436269647,19.023480272978595,17.722463845753094,16.983872654295293,16.54473522192581,1.49,97.0,-0.62,9.46
RTX,2006-05-25,25.098337173461914,25.223044409797932,24.840878252534576,25.098337173461914,4381826,24.949864532498957,19.037441866565228,17.681985400565075,16.98328395041416,16.54971215591612,1.5,95.0,-0.69,9.47
RTX,2006-05-26,25.22303502557433,25.323606441276365,25.054077290568554,25.18280792236328,3755919,24.83064516769127,18.96763276757056,17.614989090347873,16.94540627764901,16.53830432414042,1.51,93.0,-0.76,9.72
RTX,2006-05-30,25.20292453565263,25.383950171010635,24.969599029242627,25.118444442749023,5377971,24.866808482737248,18.89900561505344,17.587801067669464,16.909955687559766,16.54050190816182,1.52,92.0,-0.83,9.77
RTX,2006-05-31,25.239126318890875,25.367856950503732,25.033962484370285,25.150625228881836,6769140,24.044189003313342,18.882765857582427,17.57040979942858,16.905965801477567,16.49924269402099,1.53,90.0,-0.88,9.78
RTX,2006-06-01,25.283388125117117,25.540849503016137,25.219022780642362,25.42418670654297,4904290,15.573659304297543,18.979977793353232,17.634138415625813,16.942355404149755,16.516816554872022,1.53,93.0,-0.95,9.54
RTX,2006-06-02,25.42418124158289,25.520729237541907,25.142584139260837,25.35579490661621,5483957,14.143471738340363,19.000091183070147,17.570677974499976,16.887269982171848,16.514350606844147,1.54,89.0,-1.01,9.83
RTX,2006-06-05,25.15464829400997,25.34371835829779,24.659840545770813,24.720182418823242,5912669,15.87482218398287,19.700039047331174,18.067526855642967,17.160816963366155,16.697605240797216,1.55,100.0,-1.04,8.95
RTX,2006-06-06,24.64374846257662,24.860980174294514,23.979985440871822,24.15699005126953,12083551,16.954082316476928,20.272451063887473,18.28562971702411,17.331858472274916,16.85397469463216,1.57,100.0,-1.03,8.59
RTX,2006-06-07,24.49490613727802,24.59547755084711,24.056419260863976,24.144920349121094,7481012,16.925506339889136,20.26762030026374,18.21490695153118,17.28583194980979,16.854270685399904,1.58,99.0,-1.03,8.71
RTX,2006-06-08,24.189175469571982,24.333995001619424,23.67425534625388,24.261585235595703,9462018,17.02287471876783,20.26284275928235,18.220594635283128,17.291042830585937,16.839969013372546,1.6,99.0,-1.03,8.68
RTX,2006-06-09,24.21733192247456,24.406404419423378,24.136875281384693,24.15699005126953,6221730,17.015894727946872,20.234414765256098,18.2223440002283,17.267540735232515,16.844022649401662,1.61,99.0,-1.02,8.74
RTX,2006-06-12,24.21733953170439,24.402388645129854,23.947810308978045,23.98401641845703,5960657,16.47374935712365,20.275422622963283,18.233666238520332,17.28402222007451,16.831254197275317,1.62,99.0,-1.02,8.72
RTX,2006-06-13,23.847235851150455,24.237448804867743,23.75471130613656,23.915624618530273,6962998,16.44336926670577,20.19333761543746,18.222498803696315,17.19916190680945,16.829232898709527,1.63,98.0,-1.01,8.81
RTX,2006-06-14,23.855285752265313,24.084585422581615,23.694372419525667,23.98401641845703,5800486,16.129159319229398,20.196110342413846,17.991129250613657,17.200488258170157,16.826913307664544,1.64,93.0,-1.02,9.22
RTX,2006-06-15,23.935738561284523,24.535136361856132,23.855281907880645,24.462726593017578,7219939,17.31067711757351,20.557964853124847,18.15459682645723,17.343618531817857,16.896118945839337,1.65,94.0,-1.1,8.66
RTX,2006-06-16,24.49894038487189,24.985699023431728,24.418483706219256,24.840879440307617,9534636,17.837322092197528,20.65337763478344,17.442662800840004,17.425793069487444,16.957893477882806,1.66,75.0,-1.13,9.85
RTX,2006-06-19,24.820756049265988,24.84891526741168,24.241470602405503,24.498931884765625,4673249,17.307509671789163,20.81957270122578,17.543465286654715,17.482770285840115,16.98515291486502,1.66,78.0,-1.14,9.74
RTX,2006-06-20,24.615600421397186,24.63973864390579,24.33802671247714,24.53112030029297,3554752,17.327566928816807,20.74797301520424,17.492714074629493,17.47019633843508,16.983593776573585,1.66,75.0,-1.15,9.94
RTX,2006-06-21,24.418475895625342,24.953508370239078,24.38226979220003,24.736276626586914,5384644,17.532407125668232,20.80636609885175,17.226634876314257,17.486303698404004,16.981412754521244,1.67,57.0,-1.17,10.72
RTX,2006-06-22,24.647781352280145,25.00581171353385,24.49893833804621,24.89719581604004,4324781,16.857298990507868,20.544372668602445,17.213262381100773,17.224040377425418,16.991332617058152,1.67,56.0,-1.2,10.67
RTX,2006-06-23,24.752370994631207,25.227064085870637,24.6678933275387,25.0540828704834,4903018,17.00411047547953,20.571696503866047,17.236107901788884,17.198222847333707,16.958465585417418,1.67,58.0,-1.23,10.55
RTX,2006-06-26,25.017873889719393,25.142581093111684,24.85293957877631,25.037988662719727,3675516,16.595798893494795,20.535456136633602,17.200132381700964,17.18548704445214,16.949942579986605,1.67,54.0,-1.26,10.63
RTX,2006-06-27,24.67593693229782,25.10637945392212,24.67593693229782,24.700075149536133,4011431,16.976429013287024,20.75547454557438,17.332557731363114,17.260957391042588,16.965820120529497,1.67,65.0,-1.26,10.31
RTX,2006-06-28,24.659848539735584,24.780534763412778,24.378251415239397,24.671918869018555,3292408,16.809368712984348,20.753011055239774,17.251584334132684,17.256019080085245,16.733302616426222,1.68,59.0,-1.26,10.49
RTX,2006-06-29,24.7403022181396,25.56095527229138,24.7403022181396,25.460386276245117,5982267,18.676436978815598,21.670962063307034,17.920821581629138,17.61944580052011,16.982438072611362,1.68,91.0,-1.3,8.93
RTX,2006-06-30,25.460392139857724,25.577054933203293,25.28741089083193,25.5126895904541,5888357,17.97386239642208,21.6712668705024,17.90607329227735,17.61598514191664,16.823117382903416,1.69,90.0,-1.33,8.93
RTX,2006-07-03,25.746010671605003,25.754055119577465,25.57705287967893,25.741987228393555,2759934,18.143887160175616,21.72249253881229,17.935794102497525,17.625540332795882,16.842306563394466,1.7,91.0,-1.37,8.78
RTX,2006-07-05,25.74199504296233,25.778201165955693,25.488557058911137,25.68567657470703,5392113,18.137080796059546,21.589738823059815,17.942816293184265,17.453265484418345,16.84011702991978,1.7,91.0,-1.41,8.77
RTX,2006-07-06,25.766130832657122,26.01956881670832,25.5810816501598,25.68567657470703,4409316,17.9925964899146,21.592312635818452,17.917032193475315,17.401451628097423,16.69171883485845,1.71,88.0,-1.44,8.89
RTX,2006-07-07,25.64543541070885,25.68566495994373,25.142583114423363,25.383953094482422,4576161,18.22816128640676,21.73216234042555,18.03078068577501,17.231885838992536,16.738406638264458,1.72,92.0,-1.46,8.7
RTX,2006-07-10,25.464408815354815,25.532795145011853,25.210970955252307,25.291427612304688,3397441,18.210159120392024,21.75817617160321,17.930984102592532,16.683953423465322,16.67922153016856,1.73,88.0,-1.47,9.06
RTX,2006-07-11,25.34373019366584,25.786240720632822,25.198910606089967,25.68164825439453,4641151,18.709779662039463,21.890593236742415,18.071579805931208,16.765702096469596,16.737121705199424,1.73,93.0,-1.48,8.64
RTX,2006-07-12,25.806354373126656,25.898878942766625,25.315569858925013,25.440277099609375,5196348,18.917726357658758,21.993619938525065,18.14706626724942,16.66236170990769,16.718949708610968,1.74,93.0,-1.49,8.52
RTX,2006-07-13,25.452341301488634,25.476479520497605,24.696053518495344,24.71214485168457,6601659,20.750594013457597,22.372139855058435,18.74693484202689,16.98041748786804,16.978512732355565,1.76,100.0,-1.47,7.66
RTX,2006-07-14,24.716170463598353,24.728238354936746,23.453006793518664,23.658170700073242,12083551,23.903633759920133,20.122096630345336,19.890352453094433,17.75691480912284,17.546502020598915,1.79,100.0,-1.47,7.14
RTX,2006-07-17,23.738622081812633,23.996083404493486,23.111064984678386,23.31622886657715,11333860,24.162277208921427,19.715750355037244,20.024285021271666,17.829442107882446,17.611143216397494,1.83,100.0,-1.48,6.93
RTX,2006-07-18,23.87941476465248,24.05239593870585,23.42081555400365,23.686321258544922,15659595,23.75799205891307,20.032778216196608,20.161635846928437,17.873116488845145,17.662198797658014,1.86,100.0,-1.47,6.63
RTX,2006-07-19,23.875403064660837,24.720192055156954,23.73862549807766,24.567325592041016,13224929,25.271452457714794,21.454723398282013,20.956964475751505,18.238127601778963,18.003166190721238,1.92,100.0,-1.46,5.75
RTX,2006-07-20,24.92133787284198,24.969609444980122,24.23745727539063,24.237457275390625,9956038,25.598502301154618,21.58763605954005,21.06944974654727,18.315905584188343,18.059011080561778,1.97,100.0,-1.44,5.61
RTX,2006-07-21,24.25755408022956,24.26157752107647,23.806999420396526,24.120779037475586,8933517,25.597501182868044,21.59811782873228,21.07177008715414,18.30164389607363,18.064226248684545,2.02,100.0,-1.42,5.61
RTX,2006-07-24,24.20124133519251,24.78857117545577,24.16503523598122,24.720182418823242,8473501,26.54292513913083,22.210207283084976,21.415814616136387,18.512048347568406,18.1707158037091,2.07,100.0,-1.4,5.11
RTX,2006-07-25,24.599499662301596,25.037986558468155,24.523066457463806,24.953506469726562,7028624,26.546157028198902,22.028204006166398,21.42774050973783,18.49046167017856,18.1334268121489,2.12,100.0,-1.38,5.05
RTX,2006-07-26,24.957534799621047,25.021900129658775,24.61961925537313,24.848918914794922,6605632,26.567389404304137,22.039505062342844,21.4030594286137,18.500485144542818,18.13860328423039,2.17,98.0,-1.36,5.08
RTX,2006-07-27,25.029942814103116,25.142582133737182,24.70007417856403,24.792598724365234,6657116,26.58242703310332,21.93995909449644,21.402503515523385,18.504408543534165,18.12339078369357,2.22,97.0,-1.33,5.08
RTX,2006-07-28,24.860988625511144,25.13051785517329,24.860988625511144,25.001787185668945,5763144,26.088862493112806,22.006772433246784,21.43739924022779,18.520882906222063,18.11297771710171,2.26,100.0,-1.3,5.01
RTX,2006-07-31,24.881102466754612,25.074198463751113,24.84087535327212,25.01787757873535,3667094,25.718603246401756,21.963361709714746,21.43704160151033,18.3924566032454,18.061747682487354,2.31,99.0,-1.26,5.01
RTX,2006-08-01,25.01788274354188,25.142589991068036,24.712149790297403,24.812721252441406,5814151,25.501365028029294,21.693749300557766,21.443215953513228,18.413289598830964,18.027291518067205,2.35,100.0,-1.23,5.01
RTX,2006-08-02,24.977650709895393,25.150631932619795,24.840875596575014,25.058107376098633,3933570,25.64655598876947,21.80267098942111,21.46679532708214,18.406987694345,18.045738010108344,2.39,100.0,-1.19,4.97
RTX,2006-08-03,25.042016825319514,25.428206396711666,24.840876372751723,25.239133834838867,6692709,25.619458018872393,21.850857097664043,21.487870470402804,18.421663010298698,18.05235435832637,2.42,100.0,-1.16,4.93
RTX,2006-08-04,25.44027647967223,25.504641820192536,24.852946405100276,25.17074966430664,4283626,25.576744285879492,21.56512275579813,21.48288960824595,18.421926505579595,18.011803173582436,2.45,99.0,-1.11,4.95
RTX,2006-08-07,25.227050785294786,25.440259000441483,25.054069661109192,25.37991714477539,4943856,25.623318241738264,21.62777227077663,21.483747979312938,18.42789078199847,18.02192313597695,2.47,99.0,-1.07,4.92
RTX,2006-08-08,25.379920658123766,25.412103310727247,24.744316926878806,24.893159866333008,5526860,26.258172794849315,21.7946481970613,21.711316349463193,18.581633553981504,18.136533136619214,2.49,100.0,-1.01,4.69
RTX,2006-08-09,25.070170303584714,25.162694841789936,24.189175469571982,24.261585235595703,8095002,27.018603354150894,22.38714130329301,22.05962882975098,18.836896021114388,18.315492677518556,2.5,100.0,-0.97,4.43
RTX,2006-08-10,24.140910249974674,24.410439543934448,23.935748744572674,24.317914962768555,6162937,27.031158819715124,22.34544570649363,22.059601238201022,18.831451797819234,18.312960556755943,2.52,99.0,-0.93,4.42
RTX,2006-08-11,24.18113995510334,24.321938549676705,23.959884672423637,24.19723129272461,3164970,25.297146061095223,22.076098173106935,22.06271376725176,18.80668752723765,18.043895806525054,2.53,100.0,-0.89,4.41
RTX,2006-08-14,24.490888767801657,24.683984759274924,24.277680439387545,24.32595443725586,3961536,25.35654101163184,21.848491817391473,22.00159208686577,18.814908057659274,18.048481378496568,2.53,97.0,-0.84,4.51
RTX,2006-08-15,24.571340433531454,24.760412943782423,24.438586356780917,24.551225662231445,3249028,25.3664252953281,21.939701518962398,22.020474935775542,18.84027224156123,18.06819698234031,2.54,97.0,-0.78,4.45
RTX,2006-08-16,24.747199363580485,25.24820385748369,24.646189286996933,25.118911743164062,4184314,26.334415441641635,22.439247070753023,22.26662647167972,19.012453397809086,18.191203524244656,2.54,100.0,-0.72,4.16
RTX,2006-08-17,24.965366105883376,25.167383709009837,24.87647659716715,25.030012130737305,3771809,26.345759524570443,22.402884107772866,22.274809784865937,19.019146001351643,18.183780517132504,2.53,100.0,-0.66,4.15
RTX,2006-08-18,25.187592921026337,25.211833962269047,24.86032172065623,24.985572814941406,4055128,26.142923482296922,22.36068935309478,22.119941880722365,19.002881470781237,18.182916974443238,2.53,98.0,-0.57,4.3
RTX,2006-08-21,24.840115135026736,24.88455866500385,24.630015553490008,24.832033157348633,2965869,26.17913097645771,22.368306868467826,22.14658312225863,19.006463983640018,18.192030252568145,2.52,98.0,-0.47,4.28
RTX,2006-08-22,24.79162809713436,24.924958673518,24.484559509166523,24.605772018432617,3454486,25.844238378377902,22.430695166960575,22.183244463993407,18.975875517260857,18.21805981918635,2.51,98.0,-0.38,4.25
RTX,2006-08-23,24.508817251900528,24.751237513324988,24.39972764444246,24.553260803222656,2983824,25.73381916106247,22.429113401603953,22.18625816710613,18.947092294455185,18.2056577697592,2.5,98.0,-0.29,4.25
RTX,2006-08-24,24.609822132398243,24.7512347521487,24.55325806413208,24.64214515686035,3637221,24.366229880387692,22.4415807552157,22.1862477924548,18.92908531000166,18.135347899502303,2.48,97.0,-0.18,4.25
RTX,2006-08-25,24.444160882454806,24.642137509028217,24.246181806797104,24.512847900390625,2771057,20.67390706279539,22.34180672897566,22.204860396270583,18.936837410685452,18.142719359986557,2.46,98.0,-0.08,4.23
RTX,2006-08-28,24.415883191235853,24.969410625718456,24.39568069135953,24.860321044921875,4101050,20.443725803905554,22.5384107278296,22.308764942559964,18.977374469251927,18.176264110446585,2.43,100.0,0.05,4.08
RTX,2006-08-29,24.767399419628905,25.21992181974761,24.634068763550808,25.118911743164062,5408638,20.18964884729919,22.02544362550637,22.361678456619156,19.011171307448908,18.20091755805116,2.4,100.0,0.19,3.99
RTX,2006-08-30,25.0098039739472,25.353234066424445,24.937075987908717,25.1592960357666,3704754,17.329172438772133,21.48372962006058,22.288862538361137,19.010478680553273,18.1728995066826,2.37,98.0,0.3,4.06
RTX,2006-08-31,25.114850435637475,25.4421189984508,25.05424541834798,25.33707046508789,4437759,16.872132019130564,21.52163007187153,22.310441687038526,18.983894263776424,18.18282955098854,2.33,99.0,0.41,4.02
RTX,2006-09-01,25.45425414818981,25.648192274296584,25.32900305401705,25.55930519104004,4443162,16.889489724549488,21.567710786104357,22.326252843468815,18.919906170658336,18.199322687733314,2.28,99.0,0.43,3.97
RTX,2006-09-05,25.353255659333158,25.81385764989012,25.26032755276865,25.74517059326172,4933527,15.56915215480566,21.579108468176802,22.347673244009194,18.910785352179776,18.17946778223054,2.23,99.0,0.38,3.94
RTX,2006-09-06,25.704747424146596,25.741108969906257,25.454242897439045,25.587575912475586,6400333,15.522977409468771,21.56309201388111,22.354679893102922,18.910206111424635,18.177771826585793,2.18,99.0,0.12,3.93
RTX,2006-09-07,25.417894640895824,25.563345798147985,25.135069408671644,25.361328125,4099461,15.713092551264065,21.64525622764919,22.39499942613229,18.847751270762775,18.19835676714411,2.12,100.0,-0.16,3.91
RTX,2006-09-08,25.324959658538056,25.632025850259303,25.324959658538056,25.591623306274414,2563534,15.869685869963646,21.70518376955547,22.126065010376468,18.867469486373476,18.191672304863136,2.07,85.0,-0.14,4.2
RTX,2006-09-11,25.59969992756625,25.65222543295612,25.38556181551009,25.417884826660156,4793854,15.87041113874571,21.40950127451447,19.691562697949784,18.887309718556512,18.17911854948616,2.06,60.0,-0.16,1.5
RTX,2006-09-12,25.357288075794827,25.59162875863643,25.171429476430593,25.54314422607422,5817011,15.92082023262976,21.209412291905373,19.386524949318975,18.87288973474389,18.1814210840109,2.05,59.0,-0.14,1.66
RTX,2006-09-13,25.454248630295055,25.922932333453257,25.405766558362945,25.8138427734375,4098667,15.936013467369817,21.09471621908612,19.45959164505502,18.868353802693925,18.205188991555794,2.04,59.0,-0.15,1.61
RTX,2006-09-14,25.696665254961367,25.809795777670555,25.38555815432387,25.454242706298828,5260226,16.323642788143307,21.3141594860205,19.571303455897073,18.911816901600197,18.228061684199997,2.03,59.0,-0.11,1.5
RTX,2006-09-15,25.797687239150864,26.15727656737745,25.640110672552122,26.104753494262695,8986748,17.740170102269794,21.850339321225395,19.958897400595347,19.13361331709099,18.37807689075817,2.02,61.0,-0.13,1.35
RTX,2006-09-18,26.01989291257802,26.072418410476903,25.825957322419995,25.88656234741211,4893008,17.922388371277574,21.90053597360396,20.00450928328784,19.125382786920785,18.35780510679356,2.0,61.0,-0.15,1.31
RTX,2006-09-19,25.785560756316332,25.94717584177022,25.494656051583828,25.918893814086914,3679012,17.787488808927503,21.86951956249558,19.989877125292956,19.100135064142577,18.32624718211447,1.99,60.0,-0.18,1.32
RTX,2006-09-20,25.918896403309475,26.056268015126058,25.80980682200149,25.817886352539062,5584699,16.80946841392494,21.887427589909866,19.80706046389846,19.06960245690576,18.33223617060446,1.98,57.0,-0.23,1.45
RTX,2006-09-21,25.8259680645661,25.87445259454336,25.252235684377567,25.413850784301758,7599234,15.633485118776907,21.952038179185898,19.96774769861933,19.15301081634959,18.385441932561168,1.97,59.0,-0.24,1.33
RTX,2006-09-22,25.264345800972986,25.361312362513065,25.126971811381235,25.171415328979492,5768865,15.959693126203284,22.04659692630979,19.962605123028354,19.184512002976895,18.40802337472845,1.96,58.0,-0.22,1.32
RTX,2006-09-25,25.349212987551468,25.627997288764035,25.304769432891053,25.547189712524414,6704309,16.326407468500786,21.29415050529156,20.096418038307775,19.255252894011825,18.400358422734662,1.95,62.0,-0.23,1.24
RTX,2006-09-26,25.781525478979574,25.797686989570412,25.361326203617807,25.70071792602539,5918072,16.34037588031913,21.32520003320182,20.092844314512856,19.224195021019547,18.40730198108429,1.93,61.0,-0.25,1.24
RTX,2006-09-27,25.72899570648422,25.777480230246383,25.478493558255234,25.51081657409668,4659107,16.398170411658946,21.299636346967,19.92599399176092,19.248148785667098,18.424623964319935,1.92,54.0,-0.21,1.33
RTX,2006-09-28,25.60778619009043,25.749198775264873,25.236071499662113,25.720916748046875,5902499,15.230616889079766,21.363511296930753,19.970479719207756,19.175317421653613,18.438597577850675,1.91,57.0,-0.19,1.3
RTX,2006-09-29,25.571418221860615,25.797679302714005,25.417885141537848,25.595659255981445,7132544,15.268544685274557,21.38714737041395,19.97935666502976,19.149480503924448,18.426500009572617,1.9,57.0,-0.15,1.29
RTX,2006-10-02,25.623950679705278,26.06030900493721,25.58758666957437,25.817886352539062,4446975,15.417009222571314,21.317659454543993,19.851719505758414,19.16913328261739,18.43405890492229,1.89,50.0,-0.23,1.36
RTX,2006-10-03,25.720919198467556,26.26232610378346,25.66435268955804,26.1815185546875,5403395,15.696477144576484,21.48443662570831,19.964835225385176,19.223619796438403,18.476851492793976,1.87,54.0,-0.27,1.29
RTX,2006-10-04,26.137069468687127,26.3835306043174,26.060302925606944,26.322925567626953,5533216,15.3801875746337,21.28910248888621,19.8560941968824,19.212976907822714,18.299022284562522,1.86,49.0,-0.24,1.38
RTX,2006-10-05,26.383528365292467,26.666353478568865,26.367366860274274,26.601707458496094,4547559,15.504226959344807,21.287840475638923,19.92199928759174,19.23691098721706,18.299717810867744,1.84,50.0,-0.1,1.34
RTX,2006-10-06,26.60171028606918,26.646153817322258,26.274441611477403,26.427974700927734,3972977,15.728852372324425,20.425470686403703,19.92698736845531,19.132547759259573,18.3068945094151,1.83,51.0,-0.06,1.33
RTX,2006-10-09,26.452227337026933,26.573437454939214,26.24212767677193,26.343137741088867,3360576,15.65404027266459,18.206603193778108,19.71570572386063,19.095378924889282,18.301936559953553,1.82,44.0,-0.08,1.47
RTX,2006-10-10,26.444142344534153,26.58959593891387,26.335052761020563,26.38353729248047,3851895,15.258233305833144,17.885198494351627,19.51541149153066,18.645490570005276,18.2973492674274,1.81,41.0,-0.14,1.63
RTX,2006-10-11,26.383538374037524,26.52090999426289,26.15323867697574,26.47242546081543,3965032,15.058438881871043,17.659017140045417,19.520852521938785,18.61835628881302,18.296346569527454,1.79,41.0,-0.18,1.63
RTX,2006-10-12,26.63807395689943,26.892617072552497,26.541104917690244,26.819889068603516,4417420,15.409531601103268,16.29308877611165,19.615607488899485,18.648884330606883,18.332148298886757,1.78,42.0,-0.12,1.56
RTX,2006-10-13,26.726965094072906,27.025951786020283,26.638078019118257,26.868377685546875,5727709,15.339101434909653,15.991180037761973,19.5770451278079,18.49232572081613,18.322442349498594,1.77,41.0,-0.1,1.6
RTX,2006-10-16,26.868366976848982,27.26028157706992,26.844125947553643,26.985538482666016,5504296,15.223012068674707,15.941315409583954,19.547769867338186,18.476043012331665,18.2016989206361,1.76,39.0,-0.06,1.64
RTX,2006-10-17,27.15119751512829,27.256246078370086,26.274440110675712,26.375450134277344,10769765,16.717176466826906,16.021894055772027,19.890292268767702,18.68727622664063,18.324701447090426,1.74,47.0,-0.15,1.43
RTX,2006-10-18,26.36737130276542,26.504742894023057,26.18151518828432,26.49262237548828,7738589,16.615957422722,15.944000506094424,19.894951759105936,18.673589153770344,18.16867888485343,1.73,48.0,-0.24,1.42
RTX,2006-10-19,26.36736238301214,26.464331396655652,26.145142339016648,26.262313842773438,5875804,16.60813112536256,16.03388147468301,19.94323389449567,18.69773050023931,17.816343709802688,1.71,51.0,-0.32,1.38
RTX,2006-10-20,26.46030578013378,26.46030578013378,26.080511480608408,26.270408630371094,6710188,16.440272606712785,16.020667371943986,19.942794892979812,18.65487002088465,17.81519838589703,1.69,50.0,-0.39,1.38
RTX,2006-10-23,26.270393909222243,26.395644942148124,26.124942834851513,26.25423240661621,4026526,16.285955673866443,15.94829709368717,19.87375103903928,18.653510402042667,17.71695778498555,1.67,43.0,-0.45,1.42
RTX,2006-10-24,26.084543283483033,26.322924884272034,26.060302249069824,26.31080436706543,4304760,16.24903557346747,15.950603327314274,19.869926616422667,18.647179241636806,17.673342718249767,1.66,42.0,-0.52,1.43
RTX,2006-10-25,26.379492349128984,26.460299889451644,26.20575919879079,26.363330841064453,4532940,15.9991992545133,15.839425736847106,19.437159720018194,18.642165538152348,17.654496537290747,1.65,29.0,-0.57,1.66
RTX,2006-10-26,26.35928726196289,26.415851304833637,25.971411142561372,26.35928726196289,4894279,15.382610649803356,15.73351358647788,19.063072069542894,18.64214813314085,17.638901120090544,1.64,27.0,-0.57,1.9
RTX,2006-10-27,26.262322557041955,26.36333014295726,25.975456408763904,26.238079071044922,4531351,13.659979666013808,15.71589491404562,19.081752640433322,18.63697226645035,17.615244084025843,1.63,27.0,-0.57,1.87
RTX,2006-10-30,26.33505384059006,26.52899197437991,26.205764200481713,26.47242546081543,3333881,13.63701584603124,15.789705033246868,19.11433721768842,18.658603197758083,17.540178495711235,1.62,27.0,-0.57,1.85
RTX,2006-10-31,26.59363528390433,26.710804390871555,26.47646372785247,26.55323028564453,6606903,13.65273960403093,15.72075731855644,19.099168462937413,18.597624973021727,17.538777748530958,1.62,26.0,-0.57,1.87
RTX,2006-11-01,26.545151997016024,26.613836578734794,25.741119923787622,25.959299087524414,8814819,15.2035280543934,15.911754956650864,19.420922195835256,18.79831122317343,17.677721419781033,1.61,28.0,-0.53,1.68
RTX,2006-11-02,25.79767967241209,26.052220330664806,25.708790164832376,25.991615295410156,4205924,14.432087932736366,14.93038727582063,19.41222774126246,18.798330325265407,17.677194078985643,1.6,27.0,-0.5,1.69
RTX,2006-11-03,26.209801274020858,26.254244814921506,25.749201905685336,25.846168518066406,4653545,14.229352828662156,14.992155502907833,19.436284628410306,18.80665325399191,17.652885052811968,1.58,28.0,-0.45,1.66
RTX,2006-11-06,26.060302925606944,26.448176629876325,25.846162353671968,26.322925567626953,5674796,14.555385964514308,15.348422706745271,19.40069855578673,18.854233407754677,17.737470287023275,1.57,25.0,-0.44,1.68
RTX,2006-11-07,26.375461425174283,26.621922657513878,26.242128332869175,26.4683895111084,4647348,14.541713315139548,15.35070929779636,19.274657097616174,18.863119289627353,17.743049199541613,1.55,23.0,-0.46,1.77
RTX,2006-11-08,26.468384468180886,26.569392066693503,26.262325832386782,26.488584518432617,4353066,14.322851878143442,15.264504428690337,19.133993557414776,18.84841274551718,17.740264622149702,1.53,22.0,-0.45,1.9
RTX,2006-11-09,26.41179861200402,26.524929096696006,26.201701589516055,26.225942611694336,4718059,14.523401251589812,14.754993443426365,19.209615210971844,18.88037605831251,17.677633475338272,1.51,22.0,-0.42,1.82
RTX,2006-11-10,26.137069866375896,26.423935996887394,26.052221344267753,26.286561965942383,4115033,14.434741218839923,14.731488428698022,19.172244278592654,18.878520381629862,17.669436578907067,1.49,21.0,-0.41,1.85
RTX,2006-11-13,26.335044605515208,26.60574921006264,26.286560089070115,26.391611099243164,5019174,14.279557619395325,14.735520497692518,19.156858680741973,18.873120932229543,17.64462610315557,1.46,20.0,-0.42,1.86
RTX,2006-11-14,26.395656586999824,26.646158763364483,26.262325968491858,26.508787155151367,4559953,13.768264712545614,14.67805364564095,19.145089724649182,18.875592190241044,17.64795359723962,1.43,19.0,-0.44,1.87
RTX,2006-11-15,26.4945841398106,26.693363633559,26.4945841398106,26.612228393554688,5230988,13.728175419753033,14.532014082895008,19.151355789119798,18.85726171038552,17.647044666790293,1.4,19.0,-0.46,1.87
RTX,2006-11-16,26.750165624125955,27.151784575791485,26.677145114285405,27.08281898498535,6143392,14.315487027010427,14.887509386075266,19.201129182749685,18.936528245222505,17.71446961767999,1.38,21.0,-0.42,1.87
RTX,2006-11-17,27.086873498784147,27.099043172634545,26.7501627954782,26.811016082763672,6883866,14.50428373776666,15.07331312454838,19.27794290766898,18.976925068926963,17.747025139345855,1.34,23.0,-0.4,1.79
RTX,2006-11-20,26.737996386339844,26.932721027789075,26.628464390278914,26.721769332885742,3333722,14.506958856893842,15.042057815349835,18.651987299687676,18.983266078418147,17.745543666459877,1.33,9.0,-0.44,1.94
RTX,2006-11-21,26.656860451574456,26.766392444892677,26.652805532575247,26.705541610717773,4194007,14.506671147912648,14.814427952474421,18.651072190730893,18.983778821029293,17.741710577399807,1.32,8.0,-0.48,1.94
RTX,2006-11-22,26.660917161182375,26.819130309677398,26.65280486437036,26.689313888549805,2705908,14.481919461493224,14.694922933551219,18.60196585820639,18.958066357336946,17.71568910381255,1.31,7.0,-0.52,1.98
RTX,2006-11-24,26.65279300556065,26.778551992818965,26.531091394411522,26.770437240600586,1482378,13.997610923184148,14.70031160960023,18.602216057129503,18.944322022785556,17.71705028188631,1.3,7.0,-0.56,1.98
RTX,2006-11-27,26.75422801924917,26.806966566756387,26.303930282592773,26.303930282592773,6264315,14.873100898605344,15.130300999755395,18.820220738913175,19.06664173747497,17.810804911868637,1.29,10.0,-0.57,1.79
RTX,2006-11-28,26.226844682849745,26.263353704392713,26.028065146615575,26.178163528442383,5531627,14.838909631455714,15.074505272861158,18.738562435924162,19.06956844711607,17.812439233817205,1.28,8.0,-0.58,1.87
RTX,2006-11-29,26.178157469499386,26.405336137486497,26.09702223093256,26.263347625732422,5306783,13.35254301636541,15.01911921234429,18.73346186523277,19.05291339279542,17.813844480859466,1.26,7.0,-0.57,1.88
RTX,2006-11-30,26.324206991664468,26.405342249010072,26.011838095146455,26.178163528442383,6113360,13.309384889214183,14.97753168050946,18.587967018160345,19.05108017757461,17.804313978942982,1.26,2.0,-0.58,1.99
RTX,2006-12-01,26.117308446262708,26.25929450873698,25.73597402835758,25.906356811523438,7637211,13.410995837881776,15.02195181493789,18.601749073756167,19.064968848178683,17.828441072906898,1.25,2.0,-0.58,1.97
RTX,2006-12-04,26.05240058813898,26.567606321265156,25.975322719971526,26.32826042175293,6465800,14.249535087551038,15.266430953209941,18.173213997997966,19.15243745992982,17.845094085660133,1.26,1.0,-0.52,2.11
RTX,2006-12-05,26.303922548424143,26.43779387870982,26.17410613674101,26.25524139404297,4570441,14.272369920006414,15.206471153766426,16.74408616442679,19.147254919677735,17.824128621185125,1.31,1.0,-0.53,0.89
RTX,2006-12-06,26.27956953831246,26.36070476102514,26.190322022836362,26.35259246826172,6039630,14.299682548372678,15.193572509073928,16.56093553050839,19.105221407670808,17.81082611376293,1.36,1.0,-0.84,1.0
RTX,2006-12-07,26.445902527261822,26.555434484572995,26.210611564926115,26.263347625732422,4243742,14.321338763474694,15.068848417620512,16.41171326581925,19.09279314476445,17.811487102518598,1.41,1.0,-0.99,1.12
RTX,2006-12-08,26.287695496963753,26.466193063028058,26.165993840519185,26.25524139404297,5292006,14.321434694332519,14.771508690471133,15.394465532406251,19.06706829293397,17.791999043144425,1.49,1.0,-0.93,0.47
RTX,2006-12-11,26.222785825342253,26.39722600403656,26.121368603646296,26.372886657714844,5388458,14.31655589900689,13.873035509135534,15.236664197238797,19.071751662450524,17.79541139700593,1.57,1.0,-0.91,0.58
RTX,2006-12-12,26.44995584652852,26.462125515692676,26.21466492028637,26.28768539428711,7560621,14.104507651590337,13.776985940471336,15.22369025276607,18.975007828836773,17.79897814319515,1.64,1.0,-0.92,0.59
RTX,2006-12-13,26.42968776419254,26.470254172823328,26.007786786559645,26.04835319519043,6568449,14.299422777622237,13.909072299877124,14.823619517065634,19.010434992569582,17.794020081956905,1.72,1.0,-0.85,0.54
RTX,2006-12-14,25.456062241485853,25.68323849246062,25.070670401790327,25.1761474609375,27121529,16.0980652367423,15.553774692193157,15.7383433941627,19.437212478883463,18.060417179538817,1.77,5.0,-0.83,1.2
RTX,2006-12-15,25.322194262489187,25.350590990235236,25.15586635594755,25.33436393737793,13079377,16.224720275566668,15.27788565300793,15.753419291680846,19.44876238008433,18.049908721400847,1.81,6.0,-0.79,1.2
RTX,2006-12-18,25.31812789856501,25.383036086956906,25.208595945407698,25.257274627685547,8070054,16.176327998213715,15.161956563209369,15.75700096639063,19.449629947653058,18.03923217468987,1.85,7.0,-0.75,1.2
RTX,2006-12-19,25.220779474343534,25.43578612227194,25.082850727729415,25.346538543701172,10225533,15.202797852365169,14.866129285532564,15.711236131983602,19.452699638404088,17.972069372663416,1.89,5.0,-0.72,1.23
RTX,2006-12-20,25.419546033203964,25.776538623468007,25.269447686291457,25.646724700927734,8980869,15.549576535791982,15.014336479371629,15.81934823106462,19.498380877003775,18.00242380606603,1.92,9.0,-0.66,1.16
RTX,2006-12-21,25.646729098412653,25.796827471061594,25.41549547337918,25.460119247436523,6455471,15.643239718609314,15.011965041207848,15.807319561702435,19.52028725952309,18.01874745098461,1.95,9.0,-0.6,1.17
RTX,2006-12-22,25.407384994350434,25.48040550427658,25.314080053160414,25.37898826599121,4852965,15.43983645919268,14.926358053004959,15.741447923839798,19.4812537234937,18.00555807631639,1.98,7.0,-0.56,1.21
RTX,2006-12-26,25.354643602723304,25.687296926528795,25.31407720377876,25.650785446166992,3037374,15.785160833081061,15.05819779643126,15.790419723613958,19.517989279288788,18.005097347612566,2.01,10.0,-0.52,1.17
RTX,2006-12-27,25.796818277768047,26.048336241017548,25.46416509104843,25.533130645751953,3598449,15.754186081709461,14.979181132456059,15.801980700153951,19.517629632433568,17.985663958825832,2.04,11.0,-0.48,1.16
RTX,2006-12-28,25.610214566437108,25.6142719433267,25.370866215195722,25.480398178100586,4026208,15.66822786416342,14.688988837266702,15.751703239484272,19.520142927628143,17.986700889547514,2.06,8.0,-0.47,1.18
RTX,2006-12-29,25.476340333826826,25.561530484624875,25.334354290147395,25.362751007080078,3013539,15.61642023963688,14.662315451774182,15.460618244509003,19.517730307745794,17.96597664828756,2.09,5.0,-0.42,1.37
RTX,2007-01-03,25.395208017516968,25.796824395162705,25.314072774806643,25.480398178100586,7602412,14.66144920021881,14.519653343102986,14.907793702306648,19.511901732842887,17.95290628513562,2.12,2.0,-0.42,1.51
RTX,2007-01-04,25.395215396018024,25.55748346956886,25.33436456105933,25.50474739074707,7830910,14.482560853885285,14.472240832696562,14.905106473163295,19.310684907586882,17.921978013138997,2.14,2.0,-0.42,1.52
RTX,2007-01-05,25.395213513689825,25.55342665646225,25.180204459219937,25.42766761779785,6918983,14.479754506882328,14.470833055979998,14.89016858499859,17.765829525095953,17.913518486813608,2.17,2.0,-0.55,1.54
RTX,2007-01-08,25.33840968706797,25.796821920137628,25.155857252746593,25.634553909301758,5318701,14.752031534628419,14.57427555726611,14.919765223487854,17.595920555547647,17.924522930053765,2.19,5.0,-0.63,1.51
RTX,2007-01-09,25.545312819574352,25.598051355400663,25.245113575287906,25.34247589111328,7190225,15.036194987722585,14.72314224197274,14.97403925327646,17.647883407825958,17.962613540648317,2.21,6.0,-0.66,1.43
RTX,2007-01-10,25.24105350027891,25.504743692217307,25.090955123682683,25.431720733642578,8205914,15.050052138550281,14.469959162031875,14.541402867768724,17.643472783598984,17.93222103981408,2.23,1.0,-0.63,1.56
RTX,2007-01-11,25.553418909978845,25.942865582198127,25.44388695657292,25.841445922851562,7955646,15.118099372056273,14.868763832720996,14.744977315314806,17.731779941660673,17.999302881284297,2.24,2.0,-0.56,1.44
RTX,2007-01-12,25.756265865027416,26.255244686231304,25.719754379909116,26.133543014526367,8439020,15.44157479857674,15.033832063602029,14.84234830634254,17.781036796455087,17.961265002505016,2.26,4.0,-0.47,1.37
RTX,2007-01-16,26.295810266347694,26.368830768450366,26.072688923401472,26.178163528442383,6537782,15.419333787970707,14.300281150847328,14.805622775847874,17.772368988873446,17.933743718293428,2.27,3.0,-0.4,1.43
RTX,2007-01-17,26.23901478887712,26.39722792855277,26.165994285571735,26.29581069946289,6929947,15.445330799747808,14.300984620906618,14.736746527475248,17.65956686599683,17.935414352492206,2.27,2.0,-0.41,1.53
RTX,2007-01-18,26.29985944174655,26.42156353069631,25.96720618878077,26.332313537597656,6687307,15.117776437426262,14.190796781926535,14.730315056655602,17.658982440005964,17.928359639454666,2.28,2.0,-0.5,1.54
RTX,2007-01-19,26.53110641412639,26.54733100971653,26.307985028029595,26.441856384277344,6650124,14.425122156127049,14.215684098221509,14.733270619492863,17.62731216613541,17.91893295637703,2.28,3.0,-0.6,1.54
RTX,2007-01-22,26.34854079561653,26.34854079561653,25.837392470410148,25.99966049194336,7810094,15.22844371870894,14.634893203008762,14.966184985699076,17.73844542903042,17.99636749760595,2.28,13.0,-0.94,1.36
RTX,2007-01-23,26.449956850989537,27.070637051106182,26.36882162178765,26.83129119873047,12899025,17.781911976951132,16.003685652397916,15.606992507144648,18.107461794965815,18.167766012672462,2.26,19.0,-1.04,1.66
RTX,2007-01-24,26.766399544689307,27.16396122030462,26.6933790161141,27.111225128173828,8331763,17.96028421437976,16.132740236600963,15.607478631034958,18.02854840745681,18.161287525688998,2.24,20.0,-0.98,1.66
RTX,2007-01-25,27.168012720571834,27.220751260308283,26.815077373308647,26.85970115661621,7432865,18.208141787249474,16.256699242295834,15.688636844018522,18.06384833185617,17.849839081109952,2.22,21.0,-0.99,1.57
RTX,2007-01-26,26.819130064510187,26.997627641928887,26.636577568231004,26.790733337402344,7307652,18.197769373073044,16.235694864154254,15.663209403969368,18.064125879064274,17.82988969001592,2.2,21.0,-0.99,1.59
RTX,2007-01-29,26.620351669488567,26.871869764516582,26.539216403509045,26.64874839782715,6866069,18.24498216824825,16.177290659413764,15.635292221573502,17.97084091847928,17.819641686627843,2.17,21.0,-0.99,1.6
RTX,2007-01-30,26.750159966447118,27.293764903786478,26.733935375706956,27.15989112854004,12030319,18.77387669523195,16.625090390744386,15.8754317084587,18.100139617228617,17.795921700369416,2.14,34.0,-0.94,1.46
RTX,2007-01-31,27.11120635287043,27.68320542512167,27.017901452467182,27.593957901000977,8272652,15.944042489512672,16.216745749042886,16.023317881537405,18.11509498622876,17.84627892134834,2.1,35.0,-0.58,1.36
RTX,2007-02-01,27.606138855046158,27.881998751749048,27.54528802199828,27.821147918701172,9379549,15.987675051035119,16.283403801475977,15.991233946118832,18.13707940602081,17.862067072119483,2.06,35.0,-0.06,1.4
RTX,2007-02-02,27.89010440640995,27.89010440640995,27.516884741125235,27.585847854614258,7213107,16.246098355999,16.34498943934971,16.00699568953657,18.153581452247096,17.871812328013696,2.03,36.0,0.0,1.37
RTX,2007-02-05,27.58178652240716,27.845474161166486,27.346495597834632,27.492536544799805,5612189,16.347680438144213,15.970442247314478,15.975017566904063,18.02424811883771,17.869431868555484,2.03,35.0,-0.0,1.41
RTX,2007-02-06,27.598014856516546,27.82924841585794,27.50470995753585,27.75217056274414,5730570,16.247458173827212,16.039950596079425,16.020323283465178,17.932777707379355,17.858596214684308,2.03,38.0,0.09,1.36
RTX,2007-02-07,27.75216205135438,27.890090669413354,27.6182883492566,27.792728424072266,4579975,15.978220782967856,16.04053826447183,15.944864654244906,17.933108481553187,17.857164437049704,2.03,35.0,0.12,1.43
RTX,2007-02-08,27.79274426174182,27.88199426700442,27.520944245715214,27.60613441467285,4777011,16.128402369787516,15.961442075881848,15.814445473198987,17.949408907248667,17.867873747433936,2.03,33.0,0.07,1.54
RTX,2007-02-09,27.64670430380158,27.76840595487487,27.358674767845947,27.415468215942383,3242990,16.189847813785537,16.03762665098402,15.367998132458812,17.94796094694231,17.880546384452522,2.03,17.0,-0.06,1.64
RTX,2007-02-12,27.419522907189716,27.419522907189716,27.090927006073233,27.196401596069336,6527930,16.344841466384207,16.121151720736453,15.362655472476616,17.95492221522078,17.901873554300757,2.03,17.0,-0.15,1.65
RTX,2007-02-13,27.200471174612794,27.362741738948678,27.180186739316433,27.261322021484375,4794172,16.29697934159104,16.105297440920157,15.365134208610067,17.94718982320888,17.890211062181965,2.03,18.0,-0.24,1.65
RTX,2007-02-14,27.430336676703345,27.874272656781322,27.32851792467992,27.764307022094727,6033274,16.801435938519152,16.501157603681968,15.604858964611863,18.06759182519746,17.973974022845958,2.03,22.0,-0.28,1.49
RTX,2007-02-15,27.902781807974772,28.244899036021685,27.800963055953623,28.07383918762207,8578693,16.95884401696264,16.271876703314263,15.463828848917938,18.106719085416497,17.957108046494895,2.02,22.0,-0.17,1.61
RTX,2007-02-16,28.212313268443502,28.301914155140654,27.8498338120297,27.972017288208008,5275798,17.064172975738455,16.14411599325939,15.388850628061142,18.113521977148647,17.95985893174043,2.02,20.0,-0.16,1.7
RTX,2007-02-20,28.037166988751476,28.1023321317382,27.686905579573164,27.747997283935547,9714352,17.2805627168037,16.22305627253522,15.296008624403132,18.1010538029757,17.981175837348676,2.01,17.0,-0.22,1.75
RTX,2007-02-21,27.695067076098113,27.70728739951115,27.491427112992824,27.524009704589844,7238054,17.49453502418997,16.31992048316759,15.33846964573227,18.12574268947858,17.99797222554363,2.0,18.0,-0.3,1.69
RTX,2007-02-22,27.495507539462594,27.71951229641328,27.312232266731755,27.49143409729004,4979449,17.036156916361257,16.322023772466647,15.286495144337255,17.864272239812145,17.947486830899358,1.99,17.0,-0.35,1.76
RTX,2007-02-23,27.38960964676969,27.5280844331571,27.291861867407164,27.51179313659668,4161591,17.043784829364512,16.313535664071587,15.239696443496017,17.641513287417084,17.947475555825047,1.99,17.0,-0.42,1.8
RTX,2007-02-26,27.61360983764752,27.77652030783514,27.206327490298687,27.381458282470703,5057469,16.686833217909236,15.914718514851428,15.238476201627101,17.652817199286012,17.94464980685065,1.98,17.0,-0.46,1.81
RTX,2007-02-27,26.982336061817847,27.2063383563853,26.3714135311709,26.66058349609375,11066273,18.381445249212163,16.840729658529643,15.789967757931864,17.940406050261494,18.14327690958604,1.96,41.0,-0.44,1.7
RTX,2007-02-28,26.68094185667711,27.01083875931343,26.50988447776409,26.73388671875,9824469,18.389028004113758,16.83728855281054,15.642484761931048,17.933025032573784,18.14265474588502,1.95,33.0,-0.45,1.83
RTX,2007-03-01,26.342882938571925,26.607614503116547,26.094442661172398,26.52208709716797,11154621,18.51951299258449,16.907068090003,15.673407871214312,17.93792612411738,18.155681765507605,1.93,35.0,-0.45,1.78
RTX,2007-03-02,26.35103226016135,26.47729161063643,26.188121827091326,26.208486557006836,8254378,18.848015020058796,16.948881807277736,15.696811164735692,17.993944254268023,18.19543071041519,1.92,37.0,-0.45,1.74
RTX,2007-03-05,25.964121442079644,26.249217832424158,25.84193798014678,25.878591537475586,8225776,19.14196462810552,16.818325366221647,15.790046601798652,18.059060137506737,18.22742296816577,1.9,45.0,-0.47,1.64
RTX,2007-03-06,25.99670161966783,26.17590582432083,25.903027311696192,26.139249801635742,7729691,18.75333280695758,16.941484390796493,15.865561212882213,17.94863486318601,18.23574235233905,1.88,51.0,-0.48,1.58
RTX,2007-03-07,26.13517891940618,26.289944967831882,26.065942776032454,26.17183494567871,6471361,16.247122580499365,16.925583329412,15.864886088535126,17.860377908007276,18.233576434707093,1.87,51.0,-0.48,1.58
RTX,2007-03-08,26.31438252461661,26.42842157242817,26.23292606189407,26.294017791748047,3885582,15.986666933082752,16.939397054909787,15.873365528974324,17.788075353204846,18.238336270937904,1.85,53.0,-0.48,1.57
RTX,2007-03-09,26.391773876075842,26.47323036450549,26.139259996320185,26.269590377807617,4067999,15.791869515534474,16.940388327468938,15.734025544976602,17.78842113158559,18.238594747753258,1.83,39.0,-0.46,1.69
RTX,2007-03-12,26.269578458088418,26.664640396150016,26.265505018327122,26.615766525268555,4028592,16.279048506540505,17.1284549802218,15.872175589839577,17.82727058690173,18.26355405710621,1.81,54.0,-0.44,1.57
RTX,2007-03-13,26.55467138848991,26.55467138848991,26.179971759924555,26.19219207763672,6516966,16.857540731222816,17.43500560286988,16.055873633891927,17.918179500624102,18.326417985112997,1.79,63.0,-0.4,1.41
RTX,2007-03-14,26.253294611273276,26.428425414398045,25.89895956410752,26.37140464782715,7588746,15.975023131821503,17.386599552257465,15.680899077615084,17.920824914038764,18.335500880482634,1.77,36.0,-0.4,1.59
RTX,2007-03-15,26.33474020386533,26.412123205537196,26.110735608564703,26.228845596313477,6304993,15.197582906385348,15.903468569542486,15.687984995518434,17.933217960904095,18.33859502483021,1.74,37.0,-0.4,1.57
RTX,2007-03-16,26.32660356563595,26.38769530288964,26.078163175803734,26.310312271118164,8688970,14.979519751146944,15.869220556612335,15.63463359073408,17.860384307407475,18.326998126878085,1.71,32.0,-0.4,1.64
RTX,2007-03-19,26.628000274624096,26.73796593257691,26.444725000953692,26.50174331665039,5315682,15.068462303107873,15.90756494314932,15.676684024661858,17.87810158813578,18.33351187335807,1.68,37.0,-0.4,1.6
RTX,2007-03-20,26.5872618282951,26.61169753344438,26.375475019076937,26.57097053527832,4195119,15.097715712407862,15.901950651759186,15.681357090011701,17.49423239204825,18.31129796428516,1.65,39.0,-0.41,1.59
RTX,2007-03-21,26.672788698501492,27.075997574914165,26.636135141556146,26.953811645507812,6247948,15.45787697120308,15.984914582359977,15.839330637910903,17.57203292303858,18.362064978287343,1.62,57.0,-0.44,1.46
RTX,2007-03-22,26.937518384810943,27.08413752594671,26.742022904961495,26.9130802154541,4940360,15.441214731383527,15.902949017663936,15.839234101772554,17.54317048951277,18.356425015532,1.6,57.0,-0.47,1.46
RTX,2007-03-23,26.831624506069254,27.24705117783944,26.737950203243813,27.177812576293945,5408162,15.655724465043496,15.981725252138748,15.911946568974653,17.57696322154788,18.345531314556887,1.57,64.0,-0.53,1.4
RTX,2007-03-26,27.36923582733151,27.409965289594034,26.851990419108848,27.047483444213867,11681851,15.592144837796724,15.902601735675686,15.913534592217305,17.587370223817874,18.33998839495255,1.55,65.0,-0.56,1.39
RTX,2007-03-27,26.957892729467584,27.043422657427897,26.84792708994857,26.925310134887695,6525387,15.477119750632415,15.90157599599083,15.871718064493583,17.537827914914534,18.327398174726543,1.53,61.0,-0.59,1.42
RTX,2007-03-28,26.860133378530474,26.892715959078817,26.416200038874184,26.623910903930664,6270989,15.7711181155798,16.084916016013747,15.967844270274098,17.585143776100217,18.364469282134518,1.51,68.0,-0.59,1.33
RTX,2007-03-29,26.680931594254872,26.803115036660664,26.432491269696076,26.469144821166992,7705856,14.752900905354544,16.10390026445199,15.579370970121282,17.508576460232966,18.30101309323127,1.47,29.0,-0.57,1.49
RTX,2007-03-30,26.4162120544195,26.554686850360223,26.192207328447815,26.473230361938477,8027787,14.26874913789288,16.0835182839517,15.578462566119008,17.471195504902283,18.30104519797159,1.44,29.0,-0.56,1.49
RTX,2007-04-02,26.485443087895508,26.636138179474862,26.33067702424796,26.35918617248535,6595780,14.277103838330488,16.115328495064098,15.56755689652588,17.129853043980507,18.299158081730013,1.41,29.0,-0.53,1.5
RTX,2007-04-03,26.566893904862216,26.67685950233362,26.51802003168032,26.58318519592285,6916758,14.468184624523408,16.178318718126857,15.35387054856587,16.338833590423775,18.315943129564193,1.37,22.0,-0.53,1.63
RTX,2007-04-04,26.668725402764437,26.693163585442534,26.326610595292443,26.44472312927246,11359920,14.376439893532359,16.14976521819965,15.352097874552454,16.253624630188938,18.322343026094305,1.34,22.0,-0.53,1.63
RTX,2007-04-05,26.379557933801095,26.48545014206573,26.310319296424602,26.44472312927246,6590695,14.381603772561233,15.956347692301136,15.351599484988062,16.154864525911684,18.322127896857722,1.31,22.0,-0.53,1.63
RTX,2007-04-09,26.473225882560513,26.54246203443959,26.371404672073773,26.497661590576172,6243181,14.401704462251589,15.947985989602945,15.271526263899581,15.580812657797912,18.322533062733726,1.27,19.0,-0.53,1.72
RTX,2007-04-10,26.477290316416028,26.51394386597068,26.159611407768292,26.24921226501465,13224453,14.563021233572346,15.755766910733726,15.341751831543258,15.536688311338514,18.349339452484443,1.24,23.0,-0.53,1.64
RTX,2007-04-11,26.228851961954742,26.269581426667585,25.94375558397143,26.09852409362793,10769924,12.528290939157428,15.634480158522358,15.355029185768734,15.541526181207011,18.326807699893966,1.2,27.0,-0.54,1.62
RTX,2007-04-12,26.037429921962207,26.39991178950325,25.923393345658944,26.367326736450195,6562570,12.89146458497017,15.772181408341615,15.426422051217237,15.31976022539954,18.35270534540576,1.16,33.0,-0.54,1.55
RTX,2007-04-13,26.367337612826677,26.50581488760456,26.232936248707325,26.49359703063965,5769818,12.775925765726567,15.775763461033845,15.432809165853628,15.291136046430562,18.350115728762255,1.11,34.0,-0.54,1.54
RTX,2007-04-16,26.693156541271595,26.81941345699072,26.550608330983806,26.79497528076172,6736248,12.674096537238503,15.939928615783225,15.283433892429413,15.336479480507084,18.381577665711145,1.06,20.0,-0.51,1.63
RTX,2007-04-17,26.87642862250977,26.95788508586343,26.656497405830763,26.953811645507812,7568407,12.097249141808181,15.962187288061552,15.228415345073607,15.346830158561591,18.379819550397734,1.01,16.0,-0.52,1.69
RTX,2007-04-18,27.320368427129328,27.422189638159562,26.937526697410746,27.255203247070312,11303669,12.169544189951873,15.703600349695565,15.319164118932916,15.369969788564616,18.401067480948512,0.97,24.0,-0.57,1.61
RTX,2007-04-19,27.28777570147225,27.40996160307486,26.961952390951353,27.377376556396484,7856016,12.20203070441087,14.366991762006798,15.333587130299934,15.377220935017565,18.254783290726795,0.93,25.0,-0.62,1.6
RTX,2007-04-20,27.894637383344694,27.894637383344694,27.32851791356787,27.48328399658203,12117078,12.1862969923155,14.233859520256445,15.343641471218378,15.347061551198554,17.108047610441186,0.88,28.0,-0.68,1.59
RTX,2007-04-23,27.511790605885164,27.711357118828662,27.483281456714963,27.605464935302734,9679076,12.193533378996387,14.118456485093894,15.351622738106924,15.314374099334529,16.971909312467666,0.84,30.0,-0.73,1.58
RTX,2007-04-24,27.723567204099684,27.796876770430618,27.51992732540159,27.601381301879883,8422653,11.708427291890478,14.104990653759023,15.081651608260296,15.29404873449414,16.971958806658876,0.78,15.0,-0.79,1.8
RTX,2007-04-25,27.658410355611885,27.715428650023384,27.373313946050537,27.711355209350586,6153879,10.522353192672503,14.069979750858474,15.067829344635658,15.294763149107094,16.969915075191437,0.72,15.0,-0.84,1.83
RTX,2007-04-26,27.642135037468545,27.768392021280274,27.52809591398461,27.552534103393555,6045827,10.639422558784561,13.597775734736258,15.094761939555148,15.284838113612514,16.9693433342487,0.65,17.0,-0.88,1.79
RTX,2007-04-27,27.43032903928387,27.601386371307537,27.34887257909364,27.568803787231445,5308849,10.44241893111498,13.203134889082035,15.082925668290564,15.101794485601525,16.969244004720952,0.58,17.0,-0.92,1.8
RTX,2007-04-30,27.625832851182302,27.674706741993447,27.328518533645465,27.340736389160156,5950328,10.82223745014761,13.197845835581573,15.047292147424734,14.813393880246167,16.98327412136163,0.49,15.0,-0.93,1.84
RTX,2007-05-01,27.279633932849546,27.65025770672001,27.279633932849546,27.585092544555664,5181729,10.911406238168901,13.217387986510683,14.898962083638532,14.844162182602346,16.914211841152838,0.42,10.0,-0.96,1.96
RTX,2007-05-02,27.491433444682254,27.95166080542331,27.466997729732675,27.857986450195312,7029418,11.182906166813645,13.350055373566565,14.963599206965931,14.867938096336017,16.94008094978085,0.4,14.0,-0.99,1.9
RTX,2007-05-03,27.800966866400024,27.857985177846707,27.58917998191455,27.666563034057617,7403787,10.766294537373685,13.289030936331972,15.002062325064438,14.885759249286817,16.928381107792614,0.39,17.0,-1.02,1.84
RTX,2007-05-04,27.813184707541105,27.988315552424286,27.633980420770428,27.695072174072266,5369549,10.742599039369571,13.287232007319963,14.989377114812644,14.851400876888238,16.924913162870375,0.38,17.0,-1.05,1.86
RTX,2007-05-07,27.75616826652349,28.13493913752114,27.707294366838035,28.122718811035156,6668874,11.24605929111762,13.579590269212996,15.17139290305585,14.719062464866337,16.98021500948493,0.38,24.0,-1.04,1.7
RTX,2007-05-08,27.951655733560816,28.000529623344512,27.735797905247058,27.833545684814453,5227174,11.608404696265998,13.674726018459548,15.259219371551772,14.768011395244168,16.924277636730896,0.38,29.0,-1.07,1.6
RTX,2007-05-09,27.776515477382805,28.020884843295253,27.719497193045648,28.0086669921875,5148996,11.587163157291075,13.618948526471799,15.273986041978132,14.780554099148285,16.9348112141394,0.38,30.0,-1.08,1.59
RTX,2007-05-10,27.939433358721327,28.016816387839683,27.690992977407035,27.703210830688477,5105457,11.559970278359057,13.813087102183848,15.306341277319024,14.82250638133288,16.97032851575142,0.37,33.0,-1.08,1.56
RTX,2007-05-11,27.73172694515178,27.898713367374945,27.723582530501957,27.853910446166992,3894480,11.413978234347319,13.340123296157932,14.278419548167113,14.787675713115567,16.900164627845097,0.39,1.0,-1.09,0.73
RTX,2007-05-14,27.84983376910508,27.939434655664126,27.69506523493212,27.796886444091797,4800051,11.457692186030236,13.146315101748119,14.261535197026909,14.78744521241236,16.893624602966973,0.41,1.0,-1.09,0.75
RTX,2007-05-15,27.9068584804054,28.28155587623036,27.84576672836895,27.898714065551758,8964344,11.330624001625543,13.149062605998427,14.253676213308536,14.787565950747664,16.836048737875327,0.42,1.0,-1.09,0.76
RTX,2007-05-16,28.01521968447714,28.203295849814925,27.786255887685865,27.998865127563477,5211761,11.171923005852832,13.062614901442474,14.253929672015719,14.774485255733719,16.83791560194871,0.44,2.0,-1.09,0.76
RTX,2007-05-17,28.0152260814579,28.440442179968056,27.953897098612508,28.36275863647461,6735612,11.424884184087908,13.204709679009044,14.276987654207918,14.76034381780145,16.87448218652475,0.45,4.0,-1.03,0.74
RTX,2007-05-18,28.477260913009033,28.559033774690356,28.211500971300495,28.2891845703125,7518989,11.495576834745485,13.215581304800574,14.226732353727769,14.721039586531989,16.773615355784152,0.46,1.0,-1.0,0.79
RTX,2007-05-21,28.17468843408363,28.25237199413659,28.031586617493495,28.17877769470215,8058455,11.633435957416454,13.245954729311618,14.232648141711504,14.73051742602672,16.685626043344584,0.47,2.0,-1.0,0.78
RTX,2007-05-22,28.211478906859657,28.33413686427929,28.088818471100954,28.297338485717773,6634870,11.12504133641752,13.224332881404019,14.158449951563865,14.716933307517724,16.689843845503507,0.49,1.0,-0.96,0.85
RTX,2007-05-23,28.313706847348264,28.334150676330317,28.084745380442357,28.150163650512695,6035181,11.091084951086074,12.012822939990222,14.16497882483446,14.701127598673574,16.69601510984359,0.5,2.0,-0.95,0.85
RTX,2007-05-24,28.21149381922188,28.415924682428084,27.892580978684887,27.908935546875,6356318,11.294241292486722,12.162912101389393,14.238578778441877,14.718918478443276,16.703161293128048,0.51,5.0,-0.95,0.78
RTX,2007-05-25,27.83124338776979,28.191041298693733,27.80262104350547,28.05611801147461,4636861,11.305801329287362,12.061603822023043,14.227193571982285,14.708881841030582,16.69393349633924,0.52,4.0,-0.97,0.79
RTX,2007-05-29,28.13787852813998,28.325954699533412,28.031575143947766,28.207386016845703,5210172,11.003797409391074,11.793187628255204,14.232540811088876,14.677413059417436,16.69414787182229,0.53,5.0,-0.98,0.78
RTX,2007-05-30,28.03158233691237,28.387290954589844,27.92527892544247,28.387290954589844,5726120,11.019380355873801,11.476222762496054,14.257762767087312,14.659098393993327,16.702059458080626,0.54,10.0,-0.99,0.75
RTX,2007-05-31,28.464980723845866,28.898372946698288,28.464980723845866,28.84522247314453,8600939,11.463012568128775,11.727681076955937,14.43744309676408,14.745523804397182,16.771203370150246,0.54,14.0,-0.92,0.63
RTX,2007-06-01,28.988322263376652,29.282701912660293,28.83295267907242,28.939258575439453,7266338,11.444589971092494,11.732009786014016,14.399418452535699,14.740150728683066,16.77322983655497,0.55,14.0,-0.82,0.67
RTX,2007-06-04,28.755271965536327,29.09871781501035,28.6775884048831,28.955615997314453,4788134,11.434110985357238,11.717545461404349,14.2558654887243,14.693502680475405,16.741561933275015,0.56,10.0,-0.83,0.77
RTX,2007-06-05,28.845233488650404,29.025131280670305,28.755282114299792,28.927003860473633,6978888,11.431041425502265,11.718098930850033,14.256242925969023,14.590909943999343,16.739148004042992,0.56,11.0,-0.86,0.77
RTX,2007-06-06,28.722564064490797,28.882020453261823,28.4690695467871,28.5876407623291,5731364,12.063660821267067,11.786247559786368,14.209445993955775,14.370937168466396,16.5824139367987,0.57,3.0,-0.89,0.81
RTX,2007-06-07,28.583543189620876,28.61216305039274,28.150151061728817,28.158327102661133,6779627,12.918293484612143,11.730698186925064,14.342223430647921,14.451559208735617,16.487830072120317,0.57,17.0,-0.9,0.77
RTX,2007-06-08,28.203303979512885,28.738912774903046,28.150153512976686,28.71438217163086,9229230,13.893908942502211,12.268995831600373,14.649227771372834,14.626756639319519,16.595912150925074,0.58,20.0,-0.91,0.62
RTX,2007-06-11,28.559012133509572,28.742999074116888,28.419997134822303,28.69393539428711,5088614,13.905441171369162,12.194615618533685,14.64031227389904,14.617885128859337,16.591302299106765,0.58,20.0,-0.91,0.64
RTX,2007-06-12,28.616262477212537,28.783894920105944,28.424096946127385,28.48542594909668,7165913,13.847345089030602,12.321613490400802,14.697285885621694,14.51837129327862,16.60293120549569,0.58,22.0,-0.93,0.59
RTX,2007-06-13,28.571283004987787,28.91881561279297,28.456801063062176,28.91881561279297,7900667,14.251218694800915,12.585081907714155,14.86293115022091,14.567474286545442,16.64678738723345,0.58,23.0,-0.92,0.48
RTX,2007-06-14,28.755264210356483,29.184569547662242,28.755264210356483,29.14368438720703,5372886,14.158073154257197,12.649073316601456,14.625938648013975,14.495318975194124,16.657535536699374,0.58,20.0,-0.86,0.55
RTX,2007-06-15,29.397177605180236,29.56072319688913,29.31131554994831,29.44215202331543,9747879,14.143210479413401,12.498884920303947,13.872606585704045,14.525240082000282,16.68281372103447,0.59,1.0,-0.74,-0.1
RTX,2007-06-18,29.638436235590003,29.642523020696466,29.32361003858631,29.515775680541992,5630463,14.140196951841489,12.485003069772487,13.792123565388149,14.494054684120854,16.574914500790292,0.61,1.0,-0.66,-0.05
RTX,2007-06-19,29.51575675101275,29.56073366341186,29.196843973432962,29.323591232299805,6789797,13.78142905961558,12.472408571878546,13.746814236117402,14.493116693994162,16.52579437327237,0.62,1.0,-0.67,-0.02
RTX,2007-06-20,29.515741692843132,29.699731074378622,29.32766553090715,29.368553161621094,6934078,13.32538754967193,12.408056351918283,13.7360395197969,14.478025952403865,16.46157807132394,0.64,1.0,-0.67,-0.01
RTX,2007-06-21,29.311320107925763,29.55663853363668,29.205016695954065,29.41762351989746,6405895,13.257441851428725,12.347056492729113,13.70007081441955,14.448065917252832,16.461745702736312,0.65,1.0,-0.68,0.02
RTX,2007-06-22,29.458504727076697,29.507568401499146,29.05373251101506,29.184566497802734,9719913,13.035554557019937,12.219467956015487,13.464232770901905,14.397696623931141,16.46672327499399,0.67,1.0,-0.73,0.02
RTX,2007-06-25,29.160054120562503,29.38901559926277,28.99241917528691,29.139610290527344,6900074,13.020617944240367,12.140486149067788,13.247889638575113,14.388626739346716,16.45776064526162,0.69,1.0,-0.79,0.09
RTX,2007-06-26,29.17641673006911,29.241835021538865,28.771641671185264,28.85341453552246,6524911,13.397916509183434,12.363316483732987,13.292598576635939,14.392131264446414,16.481258997197763,0.71,2.0,-0.85,0.06
RTX,2007-06-27,28.718481243050018,29.258179482815365,28.673506802792943,29.233646392822266,6216963,13.818083683300891,12.531027287632327,13.367902754468657,14.445143496828585,16.52835583456696,0.72,3.0,-0.9,0.04
RTX,2007-06-28,29.143689259476602,29.23772737475018,29.000587456450788,29.06600570678711,5371615,13.963264020258324,12.543186041292612,13.390998538425922,14.457585314258509,16.47925180771055,0.73,4.0,-0.95,0.02
RTX,2007-06-29,29.266349171506512,29.319502122998184,28.824778430928603,29.00058937072754,6399539,13.547857691587831,12.489987842963217,13.322715317997725,14.460888922038182,16.480838208731523,0.75,3.0,-1.0,0.06
RTX,2007-07-02,29.22137397439762,29.642500879762878,29.192754108322056,29.62614631652832,6494402,14.75773547328826,13.127270939221598,13.729079560096713,14.66555993567938,16.321192654066433,0.75,8.0,-1.01,0.06
RTX,2007-07-03,29.642493342324748,29.789684374008285,29.523924647778376,29.63022804260254,2739913,14.67423657984921,13.132171563387482,13.678355523808877,14.59106362814653,16.320606818657133,0.76,7.0,-1.03,0.11
RTX,2007-07-05,29.5975276200825,29.73245339168446,29.462604326820266,29.48713493347168,5067480,14.772654494495868,12.996958229605642,13.652651305939035,14.60422171691132,16.307990213529735,0.77,7.0,-1.06,0.12
RTX,2007-07-06,29.556640514155507,29.797867217677673,29.450334616721108,29.683387756347656,3969481,14.712533593788498,12.931489256928371,13.61170089801311,14.615151050883021,16.317033542065285,0.78,7.0,-1.08,0.16
RTX,2007-07-09,29.568903918494645,29.724271016045467,29.4380674244142,29.650676727294922,5488247,14.410398821624401,12.83661680914249,13.613114303471848,14.349094521548759,16.31779549674893,0.79,8.0,-1.1,0.15
RTX,2007-07-10,29.38899832861784,29.6220514103784,29.31131479414397,29.466684341430664,8479222,14.569423182793253,12.931007608686091,13.367514556768331,14.36494453539938,16.28473033023429,0.8,4.0,-1.14,0.2
RTX,2007-07-11,29.46259541074145,29.846923828124996,29.433973073856958,29.846923828125,6982702,14.891762513753202,12.98219180279285,13.4049535318611,14.394362399146624,16.324902517398574,0.81,7.0,-1.15,0.18
RTX,2007-07-12,29.871469100093,30.255800152710627,29.84693601251103,30.251710891723633,6289898,15.216646559450119,13.175517684452956,13.541348012270538,14.473219014595573,16.30934809612388,0.82,9.0,-1.1,0.11
RTX,2007-07-13,30.35799693150118,30.750503802815693,30.137211661490603,30.664644241333008,7795316,15.038251587701733,13.257411151756035,13.616931315516693,14.550871335790383,16.32861749353851,0.83,12.0,-0.98,0.09
RTX,2007-07-16,31.016272283821944,31.474197473425612,30.873170507174606,31.347450256347656,11689955,16.115284028337754,13.872824797390255,13.94023046491237,14.7640428657861,16.191451258943662,0.83,21.0,-0.64,0.14
RTX,2007-07-17,31.707250691830637,31.817643358402897,31.35562887138883,31.41695785522461,13905021,16.10369737794464,13.868796636249794,13.935249207495005,14.76428063210869,15.562373140303407,0.83,21.0,-0.43,0.15
RTX,2007-07-18,31.073512063572043,31.155284861577982,30.603321572961757,30.893611907958984,13850836,17.044446032281986,14.397183640830571,14.229321082960483,14.91278872839816,15.586625929126829,0.83,28.0,-0.45,0.05
RTX,2007-07-19,31.14710714506643,31.645919986584268,30.701449721545767,31.555971145629883,13309464,17.371784234067434,14.92485555206993,14.54821140039928,15.090865968097662,15.64759675176704,0.83,43.0,-0.34,0.03
RTX,2007-07-20,31.560064777371974,31.57641934094447,31.00810135472496,31.085784912109375,10707477,17.36083245314763,15.331827464207686,14.085119289389187,15.180226015020718,15.32292632080791,0.83,23.0,-0.38,-0.47
RTX,2007-07-23,31.30656154959454,31.41695420333482,31.061245642766806,31.16345977783203,8188117,16.662604725734262,15.248702090852223,14.084628277251069,15.17926291087191,15.254816823725722,0.83,23.0,-0.42,-0.46
RTX,2007-07-24,30.9672053553174,31.200255945969744,30.541989329476017,30.5583438873291,9381456,17.858745933443316,15.880224562732309,14.402376868495093,15.117623384305121,15.382563103013075,0.82,44.0,-0.49,-0.39
RTX,2007-07-25,30.69737137347297,30.967220470594338,30.546091019906427,30.742345809936523,7525345,17.665877911324678,15.76483602343148,14.260862172479555,15.129604040385313,15.207618990400821,0.82,39.0,-0.55,-0.34
RTX,2007-07-26,30.56652651270084,31.24932635225409,30.17810877792828,30.43977928161621,14800899,17.606843438375726,15.88119704029998,14.196846224252807,15.164094254744015,15.221300862664025,0.81,27.0,-0.61,-0.33
RTX,2007-07-27,30.55834698678398,30.6033214058569,29.887812525135732,29.965496063232422,11719193,18.20952987831599,16.177871148563103,14.395437467785824,15.149175131555689,15.302407208534191,0.8,45.0,-0.65,-0.35
RTX,2007-07-30,29.814214645469214,30.30893819331999,29.814214645469214,30.104507446289062,7897012,18.0342222578846,16.103317670040727,14.404729474214435,15.145605160086614,15.304321091889966,0.79,48.0,-0.69,-0.35
RTX,2007-07-31,30.664660175474463,30.664660175474463,29.83466911315918,29.83466911315918,9406880,18.243762670575496,16.24404036185049,14.48908939422761,15.189195437470998,15.316153540687594,0.79,50.0,-0.72,-0.39
RTX,2007-08-01,29.86738984064706,30.558368610213936,29.622073752719544,30.521570205688477,11157958,19.231253049021635,16.58743123100559,14.880658031407293,15.359536920678021,15.47421774415886,0.78,57.0,-0.76,-0.39
RTX,2007-08-02,30.4070719570447,30.652390392202662,30.186286604572278,30.5665283203125,7741449,19.23120725253048,16.407231718672943,14.764127667259075,15.358731535066926,15.44781238661797,0.77,56.0,-0.8,-0.33
RTX,2007-08-03,30.652399224420527,30.832296983699486,30.190384563835543,30.22718048095703,9956674,19.56841609440807,16.58159111041412,14.637324416563292,15.419498122890884,15.46755956694114,0.75,53.0,-0.84,-0.33
RTX,2007-08-06,31.31066313819577,31.36381609549679,29.936887075324464,30.60333251953125,9698303,19.65513602514373,16.535605726630166,14.715585542472331,15.4746410104004,15.497821873297099,0.75,57.0,-0.87,-0.37
RTX,2007-08-07,30.599251233326985,30.60334049534049,30.059552911125532,30.317136764526367,8738864,19.89397684563619,16.66986150738387,14.776497710513098,15.51704244820693,15.52725801336227,0.74,59.0,-0.9,-0.4
RTX,2007-08-08,30.284414100819014,30.75869393236508,30.05136344523332,30.276235580444336,8483035,19.629003956776597,16.664273904012358,14.780719750334583,15.389466820572787,15.510172323328,0.73,60.0,-0.92,-0.4
RTX,2007-08-09,30.272161356736284,30.631959400672468,29.5893611907959,29.5893611907959,9847828,20.553655546010443,17.388280521100214,15.24674136354322,15.58937284837198,15.560766794628956,0.73,74.0,-0.91,-0.28
RTX,2007-08-10,29.217297546266526,30.124972486926517,29.057841104281113,29.879653930664062,9334581,20.641634399337153,17.47369725835611,15.306915542598674,15.620450098845387,15.35986220587518,0.72,80.0,-0.91,-0.31
RTX,2007-08-13,29.87964024398896,30.415249081894963,29.867374941379264,30.2598819732666,6121940,20.89269490340152,17.466033699636345,15.272887970998905,15.684356418976844,15.404580135212747,0.71,77.0,-0.93,-0.31
RTX,2007-08-14,30.276233206521635,30.358006012159166,29.67520618300993,29.75697898864746,6276868,20.652164932079014,17.83068245187695,15.53032950800487,15.819078224995007,15.494263143704023,0.71,93.0,-0.92,-0.36
RTX,2007-08-15,29.818569686628344,29.90070110023097,29.338088221708094,29.416114807128906,7213901,20.927214953351182,17.984891350289246,15.591826868652534,15.881227471940848,15.53667366456794,0.7,97.0,-0.9,-0.38
RTX,2007-08-16,28.9890355447601,29.321676151366358,28.33607380084014,29.190261840820312,14996664,20.998328019551334,18.051820597615976,15.625100025147834,15.765331347613678,15.536292717979446,0.7,98.0,-0.87,-0.4
RTX,2007-08-17,29.789841591354197,30.479764364274956,29.38738892232837,30.31549644470215,13401626,23.673500338300908,19.559909287401297,16.671475193557104,16.356255218437433,15.820185577923041,0.72,100.0,-0.86,0.52
RTX,2007-08-20,30.266208282185616,30.80828978802851,29.962313953801907,30.676877975463867,10160702,23.88439868562174,19.569573378068217,16.63598464642011,16.405860205410878,15.853132771681782,0.74,99.0,-0.86,0.5
RTX,2007-08-21,30.631709996666626,30.676885541031773,29.806268065853615,29.95410919189453,8773505,24.881108138369402,20.233198511607494,17.07565128956525,16.657550467798163,16.04168902336221,0.77,100.0,-0.84,0.48
RTX,2007-08-22,30.036236315843524,30.4797571037549,29.982848632378474,30.336023330688477,7108868,24.874625109921627,20.35400975515395,17.170764002833998,16.663472970185516,16.071077540209558,0.81,100.0,-0.82,0.4
RTX,2007-08-23,30.311384898460872,30.389411520650597,30.015702708735557,30.101943969726562,5527178,24.675617054980613,20.406895425405484,17.20821938661043,16.59480483478998,16.062945929126595,0.84,100.0,-0.81,0.38
RTX,2007-08-24,30.12657567052651,30.578310996114983,29.98284192959235,30.52492332458496,4735379,24.69502146777412,20.346687297548435,17.288071482198184,16.662762024534285,16.113920855069818,0.88,100.0,-0.8,0.33
RTX,2007-08-27,30.41405580188119,30.479762966697464,30.184083214309144,30.274429321289062,4234208,23.877740847386935,20.42712710721882,17.32401969903027,16.69374105339287,16.137195002071508,0.92,100.0,-0.79,0.31
RTX,2007-08-28,30.10194068275591,30.2703133776674,29.527005643687662,29.568071365356445,6670622,24.718624529857642,21.028452816064323,17.77055044756267,16.934352040922544,16.309949759964205,0.97,100.0,-0.76,0.25
RTX,2007-08-29,29.662539713395763,30.586542564776224,29.617366650010773,30.533157348632812,6561776,26.198975363118908,22.010171858324533,18.439258021373632,17.338114728115414,16.555954864732612,1.03,100.0,-0.76,0.29
RTX,2007-08-30,30.147114521032453,30.615276704721488,30.089619522033853,30.323701858520508,4398988,25.44017797691201,21.911816242522733,18.40566907954684,17.356667749937994,16.54601668688307,1.1,99.0,-0.79,0.31
RTX,2007-08-31,30.582417553622694,31.00540665278651,30.52492504971337,30.64812469482422,6247154,25.327329128014377,21.738200414231514,18.426462893240895,17.389156044792,16.57537120897845,1.15,99.0,-0.91,0.28
RTX,2007-09-04,30.697412391219974,30.730265969676825,30.266211040937296,30.565998077392578,7113159,25.319063193831937,21.420889615631523,18.386417441579216,17.35361774142737,16.56703394651253,1.21,97.0,-0.99,0.32
RTX,2007-09-05,30.348337445056814,30.57420511849495,30.023911550025968,30.163537979125977,7183869,24.970089537474887,21.618054191588282,18.526328710345336,16.933323893127834,16.606449643865357,1.26,100.0,-1.07,0.26
RTX,2007-09-06,30.282632213662538,30.845247773424614,30.163539880807917,30.804182052612305,5847361,25.67554967570273,21.93970011090904,18.722882472989557,17.087105530556844,16.71802520112624,1.32,100.0,-1.12,0.19
RTX,2007-09-07,30.38942389804518,30.57422347492768,30.24158274296788,30.30318260192871,6054726,25.96249797629362,22.043131328093686,18.919787889238933,17.205177947083826,16.79154121608829,1.38,100.0,-1.15,0.13
RTX,2007-09-10,30.508489951468736,30.779530590429946,30.023903651073454,30.59062385559082,4862499,25.674712886299833,22.068733899416035,18.899182292257404,17.231555415906755,16.78685319825425,1.43,99.0,-1.16,0.14
RTX,2007-09-11,30.676876553137607,30.791861572639867,30.270314197963405,30.664554595947266,8793685,25.653195314241433,21.984925401005032,18.89280660317974,17.18503670616246,16.767044085229273,1.49,98.0,-1.16,0.15
RTX,2007-09-12,30.69741219480275,31.00541386854381,30.541358942773535,30.734373092651367,5573259,25.493501205480147,21.98418386221558,18.888655318956467,17.15729227452064,16.75068921764362,1.54,97.0,-1.16,0.16
RTX,2007-09-13,30.931504126823164,30.964355225943464,30.623502357841275,30.80830192565918,6389210,24.65156712182752,21.93528445903622,18.882321203545718,17.150607317855705,16.746304132245506,1.58,96.0,-1.15,0.16
RTX,2007-09-14,30.82061808813372,31.362697216242612,30.791869336724954,31.26824378967285,6496627,25.007094154079212,22.12184097516422,19.006257769604563,17.19039280557387,16.776861241754986,1.63,100.0,-1.13,0.08
RTX,2007-09-17,31.087540593860343,31.30930095087743,31.013618815331963,31.140928268432617,4124091,24.797057757522705,22.146271765199856,19.019836025017113,17.188087840217168,16.71820832114831,1.68,100.0,-1.11,0.08
RTX,2007-09-18,31.17378350909055,32.15528095059854,30.988984016681,32.09778594970703,8578852,26.022634001541206,22.863469331695647,19.538632662013985,17.526515293703802,16.799371959082624,1.74,100.0,-0.98,0.04
RTX,2007-09-19,32.142964987642,32.43864470559947,32.05261640189793,32.40168380737305,8155225,25.903643902510513,22.90979201397446,19.578129428231207,17.53865615758746,16.795745874341208,1.79,100.0,-0.8,0.01
RTX,2007-09-20,32.241522449170354,32.45917802430136,32.13474956601912,32.331871032714844,6060923,25.91435162672998,22.796682573985855,19.523054602000585,17.539235641727544,16.798469959846734,1.84,98.0,-0.71,0.03
RTX,2007-09-21,32.68505761777857,32.83289878274374,32.33188523540139,32.61935043334961,10286868,24.850967071278625,22.724198297907844,19.522627413972675,17.56177899517894,16.81044471475658,1.89,97.0,-0.56,0.03
RTX,2007-09-24,32.62345568625631,32.7507627256943,32.29902959531513,32.31545639038086,6131633,25.032819317105098,22.787547872619047,19.5561066054222,17.600031735490802,16.75862962857763,1.94,99.0,-0.52,0.04
RTX,2007-09-25,32.315444725045445,32.85341895764133,32.245630248896596,32.82467269897461,7418882,25.15165904967025,22.947103398353335,19.637255444527753,17.663273318843466,16.789142217591127,1.98,100.0,-0.39,-0.02
RTX,2007-09-26,32.816459655048426,33.16142224367235,32.693259975182244,32.93555450439453,7393140,24.464783255653483,22.595162374748128,19.63871234077329,17.59863129744678,16.733852209838656,2.03,100.0,-0.29,-0.02
RTX,2007-09-27,33.058756963426454,33.17374450263447,32.82878188501042,33.136783599853516,5384168,24.06163288019492,22.60978697823703,19.530475517022566,17.60551258849655,16.73415293464783,2.07,95.0,-0.18,0.04
RTX,2007-09-28,32.980721317621466,33.25586937467122,32.89858738348092,33.050533294677734,5080033,23.891321393468555,22.586106484394165,19.448195200254098,17.527010574460856,16.71674397816601,2.1,92.0,-0.14,0.07
RTX,2007-10-01,33.050540841126164,33.82670482901306,33.050540841126164,33.7035026550293,7337208,22.17903390250405,22.855668157420844,19.640933372948354,17.620446906146512,16.80408665224423,2.14,100.0,0.05,-0.02
RTX,2007-10-02,33.67474106555026,33.880074609678374,32.94375295145473,33.1080207824707,6907224,22.868818548854982,23.21050248227608,19.784556867436972,17.766829609124322,16.899721059340578,2.18,100.0,0.01,-0.04
RTX,2007-10-03,33.01766712732765,33.14086922618849,32.60289278508552,32.71788024902344,6995096,21.91075894214751,23.32242378822007,19.893416769020124,17.83072261053726,16.93117305884759,2.22,100.0,-0.06,-0.08
RTX,2007-10-04,32.689143163976176,33.140878511368946,32.689143163976176,32.8903694152832,3577634,21.729378903473282,23.220275839660573,19.8930276665503,17.837133528466257,16.886087509329034,2.25,99.0,-0.13,-0.09
RTX,2007-10-05,32.951976378927,33.32568268258507,32.951976378927,33.1983757019043,6413045,21.57926525917359,23.14525332197046,19.927628559305177,17.859505313201467,16.901147841889223,2.29,100.0,-0.18,-0.11
RTX,2007-10-08,33.198380327371545,33.37907501487261,32.93965901077075,33.001258850097656,5103868,21.493523499632396,23.05814116512635,19.96265696190616,17.749914443512445,16.887410482531497,2.32,100.0,-0.25,-0.12
RTX,2007-10-09,32.97660907591928,33.45298333353809,32.935543359621335,33.34621047973633,4699785,21.355064220787085,22.731042860157505,19.93048922309698,17.417732772662404,16.897827303314084,2.35,99.0,-0.3,-0.1
RTX,2007-10-10,33.39550191408929,33.46942122366689,32.602911171916574,33.058753967285156,5524635,20.127161261620785,22.815892921323048,19.986262897076493,17.422257397994343,16.91995805937626,2.38,100.0,-0.37,-0.13
RTX,2007-10-11,33.20658251501594,33.346208931085144,32.294899758416264,32.545406341552734,7520419,19.00044117964999,22.779144271686643,20.154208132044257,17.49152251938267,17.000575808208335,2.41,100.0,-0.44,-0.18
RTX,2007-10-12,32.680942193522974,33.108036264600464,32.47560855337581,32.98483657836914,4698991,19.074402329418362,22.536341949167145,20.239186676642632,17.546868434804114,17.0452290473852,2.43,100.0,-0.51,-0.22
RTX,2007-10-15,33.333895255451885,33.333895255451885,32.55362663223211,32.800025939941406,5147566,19.07598357978299,22.33728304569885,20.242716958527947,17.548487385138912,17.013603363623332,2.46,100.0,-0.58,-0.23
RTX,2007-10-16,32.90680142861226,33.153203245233584,32.4961342235278,32.70968246459961,6375863,19.077683417657443,22.347147422477924,20.189403808914534,17.425399980226562,17.01701203239314,2.49,98.0,-0.66,-0.2
RTX,2007-10-17,32.886265664842334,33.05463835134331,31.03415366691125,31.539274215698242,22773071,21.71660673390261,23.25165880949355,21.06253780989793,17.8914485655293,17.41526805621887,2.53,100.0,-0.69,0.05
RTX,2007-10-18,31.526959574732984,32.13064093015139,31.42429401533171,31.79800033569336,10386340,21.02070780166357,23.277679960264884,21.081393302211225,17.891274166016956,17.271005512478,2.56,100.0,-0.72,0.04
RTX,2007-10-19,31.732290317675048,31.867811930561068,31.157355271229164,31.210742950439453,15833591,21.191946510531864,23.513400248805457,21.298057506297592,18.00494709488206,17.375316862291122,2.6,100.0,-0.72,-0.03
RTX,2007-10-22,31.00130173001765,31.43661032947775,30.853460650888596,31.12860870361328,9380979,21.06178966884694,23.282109139088984,21.167819914113608,18.002767982397792,17.352949560379695,2.63,99.0,-0.72,0.04
RTX,2007-10-23,31.395536994154693,31.457139300700476,30.97255042062338,31.218952178955078,6501870,21.065918058815914,23.272130634528125,21.166826440178458,17.97490183544811,17.354333160290366,2.67,98.0,-0.71,0.04
RTX,2007-10-24,31.132724806748463,31.477684932763346,30.882218107839677,31.411977767944336,8376414,21.12291234467649,23.212141782817632,21.184178636187376,17.98648444015208,17.362472711750478,2.7,99.0,-0.71,0.03
RTX,2007-10-25,31.51874954825109,31.600881005590388,30.96024120049297,31.095760345458984,8855020,21.34710991406651,22.862361638673935,21.253412310280982,18.010546949691,17.395576575033196,2.72,99.0,-0.7,-0.01
RTX,2007-10-26,31.255912413027954,31.342153655834434,30.775430823000324,30.980764389038086,9165829,20.92396734951452,22.875743381543746,21.170671985749216,17.99544249377912,17.40053312897704,2.75,97.0,-0.68,0.03
RTX,2007-10-29,31.075237272887293,31.227185750427406,30.886330373204064,31.120412826538086,4748250,20.937272848537198,22.76763933352091,21.023386527838532,17.97116807896706,17.404617849998008,2.77,92.0,-0.7,0.09
RTX,2007-10-30,31.0259453665922,31.411971144581138,30.960238215627857,31.136825561523438,5966059,18.871376667811113,22.632621100725814,20.811843295552155,17.97013208110593,17.396587048243926,2.79,91.0,-0.69,0.18
RTX,2007-10-31,31.161454862646867,31.502309980552987,30.923267758696298,31.45302963256836,8407876,18.905092790313702,22.62907384440289,20.86247479816781,17.88357285762176,17.40275367045295,2.81,91.0,-0.69,0.15
RTX,2007-11-01,30.845255416008396,31.223069102516227,30.63170714273431,30.685094833374023,8420747,20.117985430587737,23.21484064419939,21.217413105358453,18.091207696639138,17.585435575039853,2.83,98.0,-0.69,0.08
RTX,2007-11-02,30.759005456914046,31.169672607931716,30.594740090077426,31.067007064819336,6064260,20.303904783120625,22.834369039719952,21.174770720450738,18.138832532440478,17.46980025884211,2.85,96.0,-0.67,0.1
RTX,2007-11-05,30.80008200495266,31.420190218102416,30.80008200495266,31.255922317504883,6192015,20.285381062954695,22.784954877806005,21.162229193803523,18.121184970465812,17.47791454168012,2.87,92.0,-0.66,0.11
RTX,2007-11-06,31.28056492799242,31.518752148207383,31.050589858474943,31.465364456176758,5612189,19.803254178382275,22.684508548270088,21.12947085011772,18.10491872051305,17.47634140168015,2.88,91.0,-0.66,0.12
RTX,2007-11-07,31.255916338970465,31.403757421229663,30.541354841977416,30.57831573486328,7873018,21.247287933405353,23.196479153149777,21.6313910614388,18.43355180488519,17.633084485836033,2.89,100.0,-0.64,0.06
RTX,2007-11-08,30.726158338657257,30.857570151221903,30.397622584034654,30.676877975463867,9820338,21.162776897959397,23.067805141668735,21.60774592420644,18.43616516874373,17.62815638420396,2.9,99.0,-0.61,0.07
RTX,2007-11-09,30.51671474193236,30.582419397812,30.151218124637587,30.18817901611328,10947416,21.52084362506017,23.260489739110717,21.76521395931118,18.5307292609542,17.70654355628769,2.91,100.0,-0.59,0.01
RTX,2007-11-12,30.073204358819595,30.726168770498866,30.073204358819595,30.360671997070312,8375937,20.612472020089527,21.957556355647498,21.781169767536028,18.255071550586425,17.68269651759158,2.92,100.0,-0.56,-0.0
RTX,2007-11-13,30.55366798683449,30.952015620188128,30.389402640936204,30.935588836669922,6929470,21.121110060701128,22.161189987523986,21.93526499615511,18.377979263902315,17.775113150700186,2.92,100.0,-0.54,-0.06
RTX,2007-11-14,31.216038397561714,31.273778670334725,30.815991328656622,30.898475646972656,5812562,20.925491535696267,21.593138400894322,21.93449079730357,18.349984709484364,17.77289141643436,2.92,99.0,-0.51,-0.06
RTX,2007-11-15,30.836628225270562,30.869621968851764,30.26336505542815,30.498443603515625,7431435,21.05228729196913,21.617733187301962,21.97854420073754,18.36158599494522,17.821075458538836,2.91,100.0,-0.49,-0.07
RTX,2007-11-16,30.76650172073341,30.8324891774947,30.25922627176054,30.642776489257812,7420789,20.868943310685783,21.575685530450624,21.897016871906477,18.29663094813086,17.82282196384032,2.91,97.0,-0.47,-0.04
RTX,2007-11-19,30.457202711915905,30.552059099853775,30.036533730684155,30.325227737426758,8783039,20.969796017688164,21.494738472022714,21.943242953530206,18.313600309386732,17.774716841493248,2.9,99.0,-0.45,-0.06
RTX,2007-11-20,30.43657470483653,30.931478256951586,30.337593494432664,30.651031494140625,8471277,20.985725762886656,21.538876006702086,21.999126196568866,18.350680748531065,17.77248597273193,2.89,100.0,-0.44,-0.08
RTX,2007-11-21,29.987036485937846,30.57267155590834,29.974664459790805,30.015905380249023,6983019,21.57667761540655,21.41943043705784,22.00602195212746,18.525544514454737,17.897678550035113,2.88,100.0,-0.43,-0.09
RTX,2007-11-23,30.156135350064467,30.32522891768602,30.024162870343755,30.29636001586914,2340915,21.539243837508845,20.458337531337595,22.054111201312633,18.55212331217531,17.919148510669967,2.87,100.0,-0.41,-0.11
RTX,2007-11-26,30.288100758418867,30.6097884196481,29.94166904628159,29.97466278076172,6260978,21.131458269627345,20.526442490073666,22.10758721251423,18.543427721293508,17.953647490838843,2.86,100.0,-0.4,-0.13
RTX,2007-11-27,30.16438247194532,30.626292361462752,29.941675962712,30.51906394958496,8334305,21.986911098086747,20.746511940125988,22.2653093623884,18.549203196605458,18.037356206469717,2.85,100.0,-0.37,-0.19
RTX,2007-11-28,30.811876313259532,31.45112685917778,30.692275888489984,31.28203582763672,9131665,23.34577086050805,21.349084237549505,22.598654219012886,18.74965667737085,18.10669079549992,2.84,100.0,-0.36,-0.26
RTX,2007-11-29,31.24078477282124,31.310894568080265,31.009828682794495,31.112932205200195,5069546,20.91502114289471,21.195113000662534,22.59289022754625,18.749656459952003,18.108706917648874,2.82,99.0,-0.34,-0.26
RTX,2007-11-30,31.41401013882219,31.57485398257558,30.721144158045714,30.83662223815918,8494000,20.889219103467262,20.84343447733366,22.555734723095224,18.784150981067302,18.13228593063393,2.8,98.0,-0.32,-0.25
RTX,2007-12-03,30.527301977912696,31.05519919328047,30.527301977912696,30.902605056762695,7597645,20.22389237887624,20.56421590170718,22.459159193182867,18.769487168638015,18.128696821208678,2.77,97.0,-0.31,-0.2
RTX,2007-12-04,30.65514570305813,31.092311314086167,30.65514570305813,30.82836151123047,5466796,20.221727738518986,20.483107852843364,22.36046699901209,18.772262076216155,18.097107108167368,2.75,96.0,-0.31,-0.16
RTX,2007-12-05,31.426364934339492,31.727430746062492,31.343880636627105,31.69443702697754,7702995,21.783086584404543,21.245269446092678,22.52023830504956,18.973613919331942,18.2325705707912,2.73,97.0,-0.33,-0.15
RTX,2007-12-06,31.68208783148842,32.185238660156024,31.434634760082822,32.16461944580078,7230586,22.11521916057885,21.44077253564602,22.63727400020537,19.041705884410163,18.282653936656505,2.71,100.0,-0.39,-0.2
RTX,2007-12-07,32.115113186708975,32.33369475170714,31.929522848588537,32.19759750366211,5755994,21.872141446678135,21.438118231472487,22.47211019983348,19.012911447866426,18.280357258809797,2.68,95.0,-0.47,-0.15
RTX,2007-12-10,32.22233827444431,32.560522689634965,32.22233827444431,32.51103210449219,3815348,21.95750371082456,21.31960406895348,22.274170348983567,19.02855811941754,18.29706445653533,2.66,92.0,-0.54,-0.09
RTX,2007-12-11,32.51105056170928,32.704888171921745,31.45113096965996,31.517118453979492,8896811,23.88330803605277,22.270346037193594,22.69622613625661,19.392715125866527,18.572702155172276,2.64,100.0,-0.56,-0.08
RTX,2007-12-12,32.27598562496345,32.27598562496345,31.26143137587089,31.665603637695312,8300936,23.915503258402378,21.39540387626169,22.70475240794438,19.344028853001678,18.573180778273343,2.6,100.0,-0.58,-0.08
RTX,2007-12-13,31.57485041724961,32.09037312756965,31.137684698992647,32.00788879394531,5495080,23.93867105251814,21.42269924130035,22.542833937118544,19.361533031961784,18.59588147717303,2.58,94.0,-0.63,-0.03
RTX,2007-12-14,31.797568761361124,32.15637262195072,31.529493951837726,31.628475189208984,8048603,23.033733031572584,21.553858029389033,22.610234081351948,19.422102598519523,18.612841638331513,2.54,97.0,-0.65,-0.06
RTX,2007-12-17,31.54186186580033,31.611971685971305,30.86136787652949,30.94797706604004,7103466,23.68499643070304,21.90439568150659,22.823455224661345,19.59788475270989,18.421337587831406,2.5,100.0,-0.65,-0.12
RTX,2007-12-18,31.26140913561092,31.418128115465084,30.77887767139891,31.31089973449707,6987469,23.866929688266364,21.980118419339785,22.752395988964285,19.618907071717466,18.445227788313353,2.47,99.0,-0.63,-0.09
RTX,2007-12-19,31.364511973622545,31.59134323705589,30.910849446755858,31.26140594482422,6105891,23.78777899354895,21.72110998469686,22.74464761527087,19.607614942378166,18.44270835416673,2.43,98.0,-0.62,-0.09
RTX,2007-12-20,31.426388625944465,31.541866729797995,31.158316331213108,31.508872985839844,5516372,22.309659791647174,21.77786359874146,22.725341759901067,19.624540349173362,18.454211607294457,2.39,97.0,-0.6,-0.08
RTX,2007-12-21,31.58722102282311,32.1687311739102,31.58722102282311,32.0986213684082,10594816,22.877078747833266,22.091920015045698,22.630029692981026,19.73404670806744,18.506740313144117,2.35,93.0,-0.65,-0.06
RTX,2007-12-24,32.07799705182507,32.5192850561112,32.06562502831972,32.24296569824219,3937224,22.272986311382002,22.11127080662526,22.638372212977938,19.698587448709894,18.49188513701552,2.31,94.0,-0.69,-0.07
RTX,2007-12-26,32.234731290704154,32.30484362363075,31.82231197913627,32.09450912475586,4019217,22.332523176191525,21.7302122336497,22.576016911118582,19.693417708355806,18.49562304681695,2.26,88.0,-0.72,-0.04
RTX,2007-12-27,32.20172319438113,32.251213789701296,31.56247279637542,31.690322875976562,3760369,22.121719805597014,21.58308987510781,22.59372220275865,19.73104503495278,18.519612330836033,2.2,89.0,-0.72,-0.05
RTX,2007-12-28,31.859417319703486,31.974895378899017,31.5954674701137,31.702695846557617,3130171,22.11400122521538,21.45905095702764,22.539626243894613,19.726115853795825,18.51162746085897,2.15,84.0,-0.72,-0.02
RTX,2007-12-31,31.66147055001069,31.814067257051388,31.455260878254563,31.566614151000977,3920222,21.779825121307088,21.43842925480815,22.550483662823844,19.697670608887822,18.516521060502424,2.09,85.0,-0.71,-0.03
RTX,2008-01-02,31.60782986150898,31.81404186860759,30.869600975704483,31.018070220947266,6773748,22.408275456449108,21.60873028190446,22.42362854646202,19.808853645667796,18.599607170314165,2.03,79.0,-0.68,-0.01
RTX,2008-01-03,31.059330082867042,31.628468324364935,30.939727155359908,31.45937728881836,6921366,22.507067635009438,21.80829934219121,22.480290281473547,19.83413319258525,18.64344729230954,1.98,81.0,-0.65,-0.03
RTX,2008-01-04,31.216051649237343,31.422261282614684,30.89023907855264,30.939729690551758,8803537,22.899827850367625,21.919597047587143,22.558922283417342,19.93629931802757,18.725321866486386,1.92,86.0,-0.63,-0.06
RTX,2008-01-07,31.067561334020848,31.220157921895357,30.56028598764187,30.795364379882812,9297080,22.057991878219447,21.87726477492374,22.408448699170847,19.942712354656617,18.729404765065926,1.86,76.0,-0.6,-0.0
RTX,2008-01-08,31.009836981808903,31.009836981808903,29.463263732592935,29.60761070251465,13110680,24.775905940155408,23.05299905200687,23.204060632305172,20.490091714417026,19.138910344658765,1.81,100.0,-0.62,0.14
RTX,2008-01-09,29.553986264500697,30.13549880923008,29.100323782805138,29.677711486816406,14670125,24.610435824745146,22.85655428494366,23.173250762813144,20.491321785649546,19.10155257889347,1.75,99.0,-0.69,0.16
RTX,2008-01-10,29.512738615073566,30.01176423105599,28.88173562558495,29.855045318603516,11332112,24.072631146423216,22.89619007757916,22.39412366568781,20.49752536918106,19.106821041164697,1.71,73.0,-0.69,0.08
RTX,2008-01-11,29.640602593581153,29.8880530980997,29.39727443087493,29.562240600585938,9059842,22.958448336844988,22.958072411866166,22.36304671843991,20.52066198006216,19.073145598106255,1.66,72.0,-0.7,0.07
RTX,2008-01-14,29.739583549343063,29.900427389431744,29.53337394664808,29.7725772857666,6819829,23.07704335700232,21.850235148884593,22.07383947248406,20.535954703779115,19.054262721938326,1.62,67.0,-0.7,0.18
RTX,2008-01-15,29.66947641677506,29.813823401702315,29.356035892413438,29.430273056030273,7249813,23.16377811515151,21.872281878461372,22.053299179022616,20.559058250921915,19.09212157206611,1.58,65.0,-0.68,0.16
RTX,2008-01-16,29.39727335819148,29.797320492482587,29.125076313210894,29.29829216003418,11274908,23.151635318572268,21.583180839710778,22.031395085523663,20.54227258231547,19.09425631440216,1.54,64.0,-0.65,0.18
RTX,2008-01-17,29.273549790363937,29.368406152398865,27.90431480375314,28.081655502319336,14624362,25.977224502779713,23.187526232866567,22.904791937593462,21.12401526317492,19.56865465390575,1.5,98.0,-0.2,0.38
RTX,2008-01-18,28.283741040201747,28.869376044277764,27.92493482297998,28.065156936645508,14376636,24.300772293167796,23.16889142336137,22.874004001571823,21.108021367140047,19.564919605570196,1.46,97.0,0.09,0.41
RTX,2008-01-22,27.005245963378933,28.061040732251875,26.88977036358403,27.73110580444336,17923920,23.733258957130797,23.20160351020712,22.65164202147392,21.155803599013808,19.52807939364945,1.43,90.0,0.48,0.49
RTX,2008-01-23,27.343413352878922,29.442629539739553,27.25268186736303,29.27353858947754,19565039,29.244476031986256,25.836964893129455,23.706861456579567,22.031468015975555,20.016814950296947,1.43,100.0,0.37,1.52
RTX,2008-01-24,29.450888487676977,30.053022904598276,29.343660098322843,29.925172805786133,13367304,29.92595598060931,26.256533953913202,23.948994886052077,22.14544202381902,20.10899143677781,1.42,100.0,0.34,1.39
RTX,2008-01-25,30.325220078790622,30.609789170736295,29.900426361911563,30.00353240966797,12722011,28.72747282776842,26.243824124067682,23.890903748697102,22.136021978365285,20.086522056350802,1.42,99.0,0.29,1.43
RTX,2008-01-28,29.87980052988137,30.498429179597686,29.69008534406089,30.407697677612305,9247821,29.00280672490403,26.39933499554614,23.984528365887428,22.147750102823203,20.125822523466912,1.41,100.0,0.27,1.37
RTX,2008-01-29,30.630409714790456,30.651028923633845,29.987034401025394,30.180871963500977,7792774,28.822619067324805,26.346632912913087,23.921111878331498,22.160163555233975,20.133301557679967,1.4,98.0,0.28,1.41
RTX,2008-01-30,30.086016747892263,30.68814866707333,29.834441391236304,30.00353240966797,10426065,28.694132130744492,25.8918147307955,23.699872314185665,22.170921219923528,20.057334316301237,1.39,95.0,0.22,1.54
RTX,2008-01-31,29.549869583026876,30.519057425185842,29.549869583026876,30.217988967895508,11154303,28.16132412207643,25.803688690140312,23.586126268239372,22.181823778127743,20.008703263460678,1.38,94.0,0.21,1.61
RTX,2008-02-01,30.312854266163306,30.62629231575585,30.209748197273573,30.568552017211914,7323701,28.15657087224896,25.88701474199489,23.609849906204,22.217588855715924,20.024593002075168,1.37,94.0,0.21,1.6
RTX,2008-02-04,30.56853219541929,30.64689415690925,30.354075511045593,30.539663314819336,5313775,28.15563875348273,25.845461846334615,23.60710367856327,22.168935311204883,20.00525202837237,1.36,93.0,0.2,1.6
RTX,2008-02-05,30.065393303772744,30.411825004423626,29.776699386595666,29.83856201171875,9990996,28.76100499616177,25.618478010240747,23.88880566866234,22.34201503936589,20.14088635441959,1.35,96.0,0.14,1.44
RTX,2008-02-06,29.98292247645451,30.08190372120028,29.57050312325229,29.640615463256836,7464804,28.131345698520537,25.638694452915857,23.906035064349965,22.35165255364527,20.13225175330274,1.34,97.0,0.06,1.42
RTX,2008-02-07,29.50037385355229,29.657092817842525,29.211682471909274,29.475629806518555,11642921,28.060471878670075,25.457672578851987,23.79484396337284,22.357475483681792,20.14035535294665,1.32,94.0,-0.04,1.49
RTX,2008-02-08,29.372512972063483,29.73131902138339,29.211671725706026,29.426128387451172,7946907,28.058603888079652,25.427101813453163,23.788934928948315,22.34927609486093,20.129132538749772,1.31,93.0,-0.13,1.5
RTX,2008-02-11,29.475637206007946,29.553996707824233,29.042596274978344,29.516878128051758,5769341,27.952717603752458,25.12048797212301,23.27807136379669,22.326871168154202,20.118151212038534,1.29,87.0,-0.19,1.7
RTX,2008-02-12,29.644730654832845,30.31285264572449,29.578743174255667,30.032405853271484,8007766,28.5224323885008,25.392437427164804,23.40000987880394,22.409894207161262,20.172483013789165,1.28,87.0,-0.19,1.63
RTX,2008-02-13,30.38865061949505,30.454929351806644,30.00755041964187,30.45492935180664,7452410,28.872899864109154,25.425057115659122,23.515263852637148,22.459895016554334,20.217188230003245,1.27,87.0,-0.17,1.55
RTX,2008-02-14,30.525343667609253,30.52948420416229,30.02411276028337,30.094532012939453,6361562,28.6414362588425,25.520653529003667,23.533775794938077,22.495907135492118,20.1750310813517,1.26,87.0,-0.14,1.53
RTX,2008-02-15,30.032403365958693,30.032403365958693,29.3944743407247,29.630590438842773,8376731,28.56958123098025,25.62866008370777,23.611216885025623,22.495976836310803,20.208015083178914,1.24,90.0,-0.16,1.48
RTX,2008-02-19,30.028255441930273,30.09453164628798,29.738287317981158,29.804563522338867,6248901,28.309613661432397,25.558528619524363,23.48794183959405,22.50313039446524,20.212150341608915,1.23,84.0,-0.13,1.56
RTX,2008-02-20,29.601602224148213,29.866717223112886,29.369629110993273,29.846004486083984,5868336,28.30032294535354,25.201780166879878,23.48072914508539,22.503548811489956,20.195297261286356,1.21,83.0,-0.09,1.57
RTX,2008-02-21,29.895705866367592,29.8998464039581,29.34062524632795,29.365478515625,7279527,26.306114378865818,25.338066182441576,23.576683998002856,22.586697836601,20.24549546721651,1.19,86.0,-0.08,1.5
RTX,2008-02-22,29.28261309777023,30.007533177213695,29.28261309777023,29.920541763305664,5890105,26.870027094026444,25.550300234392598,23.78673774480228,22.649283130653583,20.32899110364311,1.17,92.0,-0.02,1.38
RTX,2008-02-25,29.999265653678236,30.47564343556971,29.90813364817558,30.409364700317383,10162926,27.2203312341612,25.498831468504214,23.718722737932527,22.65311565639482,20.390809383230284,1.15,91.0,-0.02,1.41
RTX,2008-02-26,30.20637379228303,30.55019397102436,30.111098774849463,30.359643936157227,8225300,27.049331045756382,24.972668033148242,23.56561446138121,22.539691274107522,20.3852980193262,1.13,83.0,0.05,1.51
RTX,2008-02-27,30.260234559228135,30.430074429283202,30.032402057020615,30.210525512695312,8025880,27.03404238677108,24.968694860701973,23.508979418388435,22.54788617637694,20.210379043286572,1.11,80.0,0.13,1.55
RTX,2008-02-28,30.053116913109445,30.181531331333964,29.738295440406183,29.895706176757812,6703832,26.993694427160335,24.99314016636813,23.53847878879328,22.566082555066888,20.23882889873615,1.09,82.0,0.19,1.53
RTX,2008-02-29,29.510442495434347,29.763128108406473,29.145912225004324,29.20804786682129,7430959,27.832461202847327,25.41674078113067,23.744014707511678,22.667524904266198,20.360227276743114,1.07,91.0,0.17,1.42
RTX,2008-03-03,28.971955738249285,28.971955738249285,28.251178122973965,28.748266220092773,13089070,25.271391066278582,25.598959001284726,23.84560044822892,22.72684442334758,20.388131371178588,1.05,94.0,0.15,1.35
RTX,2008-03-04,28.541137695312504,28.61570251927846,28.25116951773852,28.5411376953125,12877574,25.375811963069474,24.90802118087318,23.788104190209342,22.709535934413914,20.36046741658296,1.03,91.0,0.05,1.39
RTX,2008-03-05,28.28845035601127,29.112788845416656,28.28845035601127,28.88495635986328,8495430,25.296996943852395,24.83658190631567,23.85669228059894,22.752865691536154,20.370675800768243,1.01,94.0,-0.02,1.35
RTX,2008-03-06,28.802118074108666,29.07551665063848,28.50800676135929,28.512149810791016,7798335,20.069867748363336,24.934574652195653,23.8198191757056,22.79128824733729,20.41441558664366,0.99,92.0,-0.04,1.37
RTX,2008-03-07,28.371285833259567,28.698533744560233,27.903194442451827,27.957046508789062,10738780,19.56723361602273,25.07074905848889,23.877577508950335,22.906846816957113,20.507411448859,0.97,94.0,-0.05,1.34
RTX,2008-03-10,28.002615775499173,28.002615775499173,27.397826391098537,27.43510627746582,11240745,20.08365025297632,24.597826413263714,24.025351915399956,23.01072590868612,20.595771874890374,0.95,100.0,0.11,1.25
RTX,2008-03-11,27.99847346421507,28.32158088684082,27.55937831099132,28.32158088684082,9518428,22.005418702418638,25.536879351045283,24.609020659576007,23.30558190448389,20.797583748448545,0.94,100.0,0.01,1.08
RTX,2008-03-12,28.37544690444315,28.590850284749948,28.189037332361504,28.25117301940918,6884025,21.952012038812022,25.401397809540622,23.96167535449409,23.30663844544193,20.735077646563273,0.94,97.0,-0.08,1.22
RTX,2008-03-13,27.91561977674597,28.57840417176124,27.787205441451963,28.379568099975586,8218149,22.007636706655102,25.352880160722886,23.932804827172667,23.28456406377309,20.729124857361835,0.93,95.0,-0.16,1.24
RTX,2008-03-14,28.644679539645843,28.644679539645843,27.73335016061042,28.048173904418945,9569753,22.018249986949947,25.098370024528894,23.82924667343059,23.27203596732167,20.756256646662507,0.92,87.0,-0.24,1.3
RTX,2008-03-17,27.459967402670323,28.247020858676464,27.459967402670323,27.986051559448242,12340492,21.614481557458543,24.944977681714175,23.82863979741005,23.26398832500037,20.755777200810165,0.92,86.0,-0.32,1.3
RTX,2008-03-18,28.53284771741806,28.938803577260078,28.313301364789968,28.926374435424805,11212937,24.00096077047864,25.951368077210518,24.429332958362203,23.59297972521484,21.002050330054892,0.92,99.0,-0.38,1.12
RTX,2008-03-19,28.839382005433844,29.199769323316794,28.483135223388672,28.483135223388672,9691947,23.49823038585681,26.039142084919487,24.51401475100704,23.525585025375342,21.060025120965904,0.92,99.0,-0.45,1.08
RTX,2008-03-20,28.520420424528137,28.864238100026604,28.22630927146604,28.58669662475586,10182471,23.493089806111083,25.721777146088243,24.480672292665634,23.52995651554859,21.01563390285748,0.92,98.0,-0.51,1.1
RTX,2008-03-24,28.75653611092068,29.286763283056917,28.66540162867353,29.137636184692383,6862732,24.172178765738344,26.04940040171066,24.679414825966635,23.633629145122093,21.09926416230413,0.92,100.0,-0.55,0.98
RTX,2008-03-25,29.170785333747197,29.24534765249435,28.81039535276921,29.06308364868164,7347536,24.177633282063855,26.04294410077741,24.667642667342353,23.621972344430084,21.079728564847393,0.92,99.0,-0.58,0.99
RTX,2008-03-26,28.955377257737652,28.959520305948015,28.66955212811207,28.835248947143555,6729892,24.24833370064769,25.974645726269458,24.693153546652574,23.639512037956422,21.089353536038367,0.91,100.0,-0.62,0.98
RTX,2008-03-27,29.000940816005876,29.237056859619376,28.694403008589706,28.752395629882812,6822213,23.63758760713502,25.972726118683408,24.63358412562332,23.630728679165312,21.0862434860624,0.9,97.0,-0.64,1.02
RTX,2008-03-28,28.88908630228735,29.096205964938225,28.309150242490087,28.39613914489746,7694256,23.37919412831095,26.062396016635137,24.40777452445332,23.62495186942542,21.093230302277238,0.89,92.0,-0.7,1.11
RTX,2008-03-31,28.44172259299653,28.719264166056504,28.234602803096696,28.50800132751465,8245003,23.266077118024306,25.878359473074326,24.328732268327734,23.57370921490999,21.08754110122984,0.88,91.0,-0.74,1.17
RTX,2008-04-01,28.6819746206049,29.659583200801944,28.6819746206049,29.510456085205078,11692021,25.150980679693706,26.727086334356613,24.947836314748592,23.876921734484245,21.364104804582105,0.88,100.0,-0.72,1.01
RTX,2008-04-02,29.713445431841805,29.75901144216982,29.344771788901813,29.485612869262695,8462537,25.087204973397824,26.528853388604666,24.920731065720393,23.72996861627216,21.359176363918287,0.87,99.0,-0.69,1.03
RTX,2008-04-03,29.460740163641443,29.469023745992526,29.067210994937124,29.311613082885742,5796990,25.132328123563894,26.537818506646698,24.530358415528593,23.737153106694294,21.35339310931284,0.87,93.0,-0.7,1.16
RTX,2008-04-04,29.299183437859273,29.99096418592636,29.286756810143157,29.713422775268555,7213583,25.007850534267384,25.452350799462657,24.624983773065438,23.7138590410293,21.386769191080095,0.87,94.0,-0.69,1.09
RTX,2008-04-07,29.866716678381568,30.061409874460505,29.60988778328835,29.73830223083496,6222206,24.398309972078152,25.448365574186145,24.49581868540157,23.576790160498017,21.38675125563085,0.86,90.0,-0.69,1.15
RTX,2008-04-08,29.556022717935914,29.74242973327637,29.41103864680289,29.742429733276367,4912552,23.898591408070345,25.41843791602234,24.47792733975028,23.512022588563227,21.38622074259027,0.86,88.0,-0.69,1.17
RTX,2008-04-09,29.70100995904641,29.833567412158807,29.12107361261793,29.33233642578125,6896578,24.2002672352569,25.498004309016604,24.38247300719095,23.56495673507152,21.41156453390064,0.86,85.0,-0.68,1.25
RTX,2008-04-10,29.27847663998595,29.89983577178475,29.241196749296844,29.763137817382812,7082173,24.592808556261677,25.63443484797582,24.499868603206775,23.518490325532465,21.44901257469203,0.86,90.0,-0.65,1.16
RTX,2008-04-11,29.28262895441266,29.40690031791432,28.72754835608376,28.80211067199707,12390069,26.182144493992343,26.402539119926267,24.95728165739136,23.822262448209116,21.684066042490226,0.86,100.0,-0.68,1.06
RTX,2008-04-14,28.735826029519984,29.1666351757088,28.735826029519984,28.99265480041504,8105489,25.418311934230488,26.426149265989896,24.969159008937254,23.809282023292923,21.68854939160718,0.86,100.0,-0.68,1.05
RTX,2008-04-15,29.203916070312673,29.597442790383468,29.01750907305878,29.344757080078125,6997797,25.215339435176865,25.028661245035355,24.99821847774438,23.78261707241805,21.692536233016362,0.87,100.0,-0.68,1.02
RTX,2008-04-16,29.473178390891153,30.334796841334796,29.473178390891153,30.086254119873047,10216952,26.049048819322117,25.513772113793383,25.259497415634158,23.960643247991865,21.82464452441659,0.87,100.0,-0.67,0.91
RTX,2008-04-17,29.547739021497108,29.585018917861124,29.034081458393842,29.324047088623047,10589732,27.03151907115759,25.964867707936932,25.36912360659874,24.129189796137744,21.95342474627764,0.88,100.0,-0.67,0.88
RTX,2008-04-18,29.879134076187576,30.077970260296553,29.48974780444333,30.036544799804688,11178297,27.548529257868005,23.987396979445077,25.616022083170424,24.14622873648415,22.07734619593012,0.9,100.0,-0.67,0.78
RTX,2008-04-21,29.817001898469098,29.966129054066183,29.659591156363703,29.862567901611328,5756788,26.898476014063714,23.592414076436853,25.576436330813273,24.154969165097263,22.083161936693376,0.91,99.0,-0.67,0.79
RTX,2008-04-22,29.680292612289506,29.78385373415849,29.37789785262013,29.593303680419922,6505684,26.377606365763857,23.657604607783792,25.451091101498097,24.14270526827122,22.099189897749564,0.92,98.0,-0.65,0.87
RTX,2008-04-23,29.763145159929955,29.96612438448623,29.427610995326305,29.767288208007812,7204049,24.90616868655044,23.522650982753344,25.154066979945917,24.107588367835117,22.10620349622678,0.93,95.0,-0.6,1.01
RTX,2008-04-24,29.825273903247496,30.29336541000986,29.72585583812206,30.11524200439453,7180850,25.037338798787484,23.60102201886282,25.21455274446751,24.122413587026625,22.132172781510526,0.93,95.0,-0.55,0.96
RTX,2008-04-25,30.239520961356956,30.285089469242017,29.862563841302258,30.106966018676758,5399740,25.036001989005698,23.56953590629094,25.17686330789716,24.12192520753911,22.123848596008887,0.94,94.0,-0.51,0.98
RTX,2008-04-28,30.04482986449667,30.488065704345345,30.04482986449667,30.25609016418457,6452770,24.706588618802805,23.545835956601792,25.187531427195626,23.974167471513727,22.128596601294152,0.95,94.0,-0.48,0.97
RTX,2008-04-29,30.276805303297888,30.38865003418486,29.966126890244322,30.285091400146484,5372091,24.670731182611362,23.424399519481568,25.185733061403877,23.946949712010813,22.11151492253019,0.95,93.0,-0.45,0.97
RTX,2008-04-30,30.285088654991846,30.58748345472505,29.96198112595307,30.019973754882812,8001727,23.119796989400548,23.49081617644593,24.820958560646165,23.922854703534686,22.114070676196953,0.95,85.0,-0.37,1.12
RTX,2008-05-01,30.032405825563778,30.943735948749893,30.032405825563778,30.86088752746582,8210681,23.780156881694868,23.680817811906884,25.10581517873154,24.06231453433444,22.261838545936126,0.95,90.0,-0.34,1.03
RTX,2008-05-02,31.026578087200875,31.233697859762213,30.898163677556546,31.109426498413086,8735051,23.82952852471051,23.680787299938753,25.140563045945864,24.039361465867717,22.262694554771844,0.95,90.0,-0.34,1.0
RTX,2008-05-05,30.93959507663754,31.068009510927496,30.827750327770122,30.910598754882812,5380672,23.459830011020973,23.69095879071766,25.10692486409873,24.03376510001129,22.27323511080598,0.95,89.0,-0.41,1.03
RTX,2008-05-06,30.85258596168327,31.03485239712753,30.587473657429033,30.935434341430664,4074673,23.423600340818368,23.685352279066944,24.625104477567646,23.61597870419626,22.223068913846873,0.94,77.0,-0.38,1.17
RTX,2008-05-07,31.01000657863767,31.068001718539797,30.251949310302734,30.251949310302734,6911356,24.316342123669934,24.15079338288525,24.861545713315262,23.723015174063676,22.31342825337634,0.94,82.0,-0.31,1.08
RTX,2008-05-08,30.3845005761803,30.79459951021486,30.334791538390114,30.678611755371094,6079355,24.53757855177819,24.06120352889861,24.90421255248024,23.611654690444496,22.347475295036592,0.94,82.0,-0.29,1.05
RTX,2008-05-09,30.500483272137085,30.500483272137085,29.986825811106254,30.293363571166992,6337250,24.546389904859854,24.03597633354373,24.91284292101539,23.612353581670515,22.356603749042613,0.94,82.0,-0.22,1.05
RTX,2008-05-12,30.309941003841924,30.889877319335938,30.29337132308672,30.889877319335938,5296455,25.0537222742732,24.237409669757685,24.874876649120598,23.706531106795158,22.43282669851514,0.94,80.0,-0.22,1.03
RTX,2008-05-13,30.90643671881851,31.159122383073875,30.724170291143647,31.03485107421875,5397515,23.17562407218402,24.021595084628128,24.816095649499747,23.655821326521938,22.435515605444373,0.93,77.0,-0.2,1.07
RTX,2008-05-14,31.23454457166571,31.55903802021286,31.059815390364562,31.267826080322266,7117131,23.22240022580065,24.03857811732772,24.843884627282556,23.650990836433728,22.444276352573972,0.93,78.0,-0.2,1.05
RTX,2008-05-15,31.138865830905623,31.209587156798463,30.810211510933655,30.905895233154297,7830592,23.44922263051912,24.17289484251994,24.879538956694258,23.523595322181883,22.474577439775384,0.92,80.0,-0.17,1.04
RTX,2008-05-16,30.893416328643656,31.018220749328332,30.5730836373082,30.768611907958984,9072713,23.239578557358115,23.9424069474275,24.705908833577222,23.222066954053304,22.44451344849322,0.92,74.0,-0.21,1.15
RTX,2008-05-19,30.697893409147763,31.201274521155053,30.68541346924563,30.935022354125977,5764415,23.271526328059817,23.669902261957525,24.710916520424327,23.215950662174336,22.448299717131135,0.91,74.0,-0.33,1.15
RTX,2008-05-20,30.826846930419826,30.889249127871402,30.373388272449354,30.535634994506836,7982500,23.637632208865373,23.6016756376707,24.782876700683893,23.233453601299132,22.483980685746197,0.9,74.0,-0.42,1.11
RTX,2008-05-21,30.6479709888836,30.79357701164015,29.899141815928058,29.961544036865234,9556405,23.958110329513847,23.920679728726988,24.88175904156936,23.33952064002293,22.563155309813247,0.89,80.0,-0.41,1.07
RTX,2008-05-22,29.96153665684466,30.10298182424261,29.76600840115832,29.88665199279785,6230151,23.60758448378737,23.905486100172936,24.883181892284075,23.288896874973958,22.558218458046717,0.88,80.0,-0.42,1.07
RTX,2008-05-23,29.645360606197862,29.71608444673947,29.075419149442133,29.125341415405273,11169876,22.830935917734816,24.388948356476376,25.196949226280957,23.3514205933103,22.69106597712735,0.88,94.0,-0.44,0.95
RTX,2008-05-27,29.06710470730273,29.470641232463393,29.050463947861797,29.45400047302246,7340227,22.97941967071351,24.031324763960793,25.12442543327226,23.31219658239951,22.71231351575156,0.86,88.0,-0.4,0.97
RTX,2008-05-28,29.549689712735237,29.62873270437337,29.008868712745947,29.216876983642578,7882076,22.84153406618998,23.86223525457266,25.042148115721137,23.302824968862193,22.721351546184817,0.85,85.0,-0.41,1.03
RTX,2008-05-29,29.1045524669242,29.578812938462747,28.913184958567694,29.216876983642578,9118000,21.5682110314671,23.81111732628071,24.91192421463691,23.30068275491712,22.712776291330457,0.84,78.0,-0.39,1.09
RTX,2008-05-30,29.245993556600457,29.632889339726074,29.02134455489587,29.55384635925293,8430598,20.53559298980518,23.800805075249883,24.975969045875157,23.34016347366495,22.685434385312462,0.82,83.0,-0.34,1.04
RTX,2008-06-02,29.300068944338676,29.54967775976289,29.12534226919998,29.42487335205078,6938369,19.293571287696707,23.65911473906041,24.193540621188145,23.34322493425268,22.687596921071883,0.82,47.0,-0.35,1.11
RTX,2008-06-03,29.524730133990015,29.578813243230087,28.813340680207215,29.02134895324707,11020033,19.61479094937977,23.47552905531641,24.28829165891798,23.32872016583186,22.729915372882118,0.81,47.0,-0.38,1.07
RTX,2008-06-04,28.875728079649814,29.00053247503343,28.684360667606015,28.813325881958008,11367229,19.55521083169089,23.182418992253496,24.292821649167433,23.338515322436372,22.74111669981552,0.79,47.0,-0.43,1.08
RTX,2008-06-05,28.888201595074687,29.162772716926288,28.734276544535838,29.108692169189453,8650834,19.724997468330024,22.3572997583494,24.301778815032893,23.086379228857698,22.733062204895013,0.76,47.0,-0.45,1.06
RTX,2008-06-06,28.88404619897772,28.88404619897772,27.84400540382932,27.877286911010742,18800730,22.888256545334105,24.0789132478285,25.215369470199285,23.601105360378035,23.09243312891231,0.74,95.0,-0.51,1.08
RTX,2008-06-09,28.02290480165266,28.180990767194995,27.652649767952163,28.101947784423828,9889936,23.0863191446753,24.11897978112765,25.191451706397068,23.62382603839621,23.022892487464013,0.71,92.0,-0.58,1.08
RTX,2008-06-10,27.95634967958702,28.126918155242148,27.88146749619585,27.90642738342285,8282345,23.020007691304993,24.040901310074254,25.204677684878863,23.607230358543433,23.03314032214401,0.67,93.0,-0.64,1.07
RTX,2008-06-11,27.893933280469398,27.95633548857086,27.70256583650254,27.72752571105957,9693695,23.017743433729738,24.072361688273777,24.312591505219345,23.594937195620588,23.030603225967198,0.66,44.0,-0.61,1.09
RTX,2008-06-12,28.006252496845818,28.70516163532885,27.935528662708865,28.255861282348633,12765549,23.7903794146993,23.40338004573294,24.498805948402673,23.629900790055732,23.058708725397118,0.64,51.0,-0.61,0.97
RTX,2008-06-13,28.48051636769286,28.763409243815083,28.318272134994256,28.522119522094727,8032713,22.35927749006539,23.274045920337436,24.46612527832157,23.65562319546058,23.06485979354408,0.61,47.0,-0.62,0.97
RTX,2008-06-16,28.43474911786404,28.800843152265124,28.25170083980939,28.655237197875977,7836471,22.240981337928737,23.28179375275402,22.905181012773586,23.650347780720125,23.04674345794243,0.63,1.0,-0.66,0.18
RTX,2008-06-17,28.859086643645906,28.859086643645906,28.368185668229536,28.4597110748291,8296010,22.247580079026438,22.980200765463245,22.648993050532738,23.660209124309304,23.0550810661827,0.65,1.0,-0.71,0.27
RTX,2008-06-18,28.226732903625603,28.576188638517035,28.226732903625603,28.31825828552246,7978687,22.230391148283392,22.995312462178678,22.654488839126277,23.540288740805405,23.051290334712732,0.67,2.0,-0.76,0.26
RTX,2008-06-19,28.359878605320866,28.705173762412922,27.868977421268468,28.63028907775879,8359729,21.796596744752193,23.058871945132907,22.61973524474115,23.496408564410004,23.077407602995155,0.69,1.0,-0.77,0.28
RTX,2008-06-20,28.468043455829932,28.68021253485665,28.19763297231766,28.621971130371094,14018953,21.28144884289019,23.051747069479276,22.592809383356318,23.45968028662632,23.07673023597776,0.71,1.0,-0.78,0.29
RTX,2008-06-23,28.800857506840334,28.800857506840334,28.468042289954138,28.63028907775879,7338638,21.065211163754665,22.90663356018701,22.57676613408562,23.449151160516145,23.063314232500932,0.73,1.0,-0.8,0.3
RTX,2008-06-24,28.580367629774106,28.705174600605538,28.268356506969404,28.3557186126709,9182354,20.168815132963257,22.979284884945297,22.59007955650196,23.44157458120614,23.08267627917108,0.75,2.0,-0.82,0.3
RTX,2008-06-25,28.247552023244314,28.405637978787787,27.382237566378457,27.465438842773438,17425133,21.709147776613715,22.734267556792656,23.042172084626632,23.72007515474703,23.28049598733897,0.76,8.0,-0.76,0.26
RTX,2008-06-26,27.21166947273765,27.32399397108397,26.06346461040168,26.121706008911133,23160152,25.1923403004567,24.84983447241794,24.32425313302054,24.382722909076687,23.772150103002627,0.75,42.0,0.09,0.66
RTX,2008-06-27,26.096740195821432,26.105061835497082,25.397833418262394,25.439434051513672,21492814,25.83918791635161,25.339525816352744,24.403047128893153,24.548280741196756,23.908422092458583,0.75,44.0,1.22,0.64
RTX,2008-06-30,25.439435515232127,25.85545195851738,25.17318589934485,25.668245315551758,15592539,26.22030975463935,25.231782735327712,24.446418874739745,24.5205964334651,23.9265677812815,0.75,46.0,1.45,0.63
RTX,2008-07-01,25.335429535616864,25.518475335893882,24.77380463267842,25.24390411376953,23232928,26.163868680332214,25.389292520408922,24.55736688958585,24.52451243386363,23.88034203496748,0.75,54.0,1.74,0.57
RTX,2008-07-02,25.385346294027475,25.464391769585074,24.836206436157223,24.836206436157227,14352484,26.248971641274863,25.532646535972887,24.66848800695302,24.5821989506962,23.931402520064573,0.75,59.0,2.02,0.5
RTX,2008-07-03,24.99430390581657,25.41448126216014,24.95686156025417,25.39784049987793,8582825,27.307233299359456,25.950103140147352,24.951780273664266,24.743900515711953,24.038514070171882,0.74,77.0,1.79,0.41
RTX,2008-07-07,25.45606679354988,25.818002527876555,25.052530439071127,25.20229721069336,11544880,27.299256145075677,25.72840483131888,24.787189370781242,24.402494660982804,24.03807519860375,0.74,63.0,1.6,0.47
RTX,2008-07-08,25.16902576664192,25.98441791688128,25.16902576664192,25.69736671447754,11048794,27.550674671057845,25.34829516489,24.8907816248621,24.500115989223104,24.12192953269725,0.73,71.0,1.35,0.44
RTX,2008-07-09,25.776403793204285,25.867929207920767,25.38534730573843,25.426950454711914,13388755,27.214564467694025,25.346802179203276,24.877833502252376,24.43773206164675,24.136106917577617,0.73,67.0,1.12,0.45
RTX,2008-07-10,25.42694595257796,25.95944750450913,25.42694595257796,25.8637638092041,10794872,27.923660212398428,25.486037417686575,24.953399153093592,24.531405083372977,24.163254200377946,0.73,77.0,0.87,0.43
RTX,2008-07-11,25.50599257076952,25.709839924551048,24.86116647831837,25.248062133789062,13709256,28.48644765014746,25.24290405302349,25.184813121083604,24.678020089687607,24.23600818931287,0.72,88.0,0.68,0.34
RTX,2008-07-14,25.50184337285948,25.610009588548703,25.023424609383014,25.39784049987793,7109504,28.254294384789226,24.854496881042312,25.20899025272595,24.67699382860279,24.20284046568301,0.72,93.0,0.49,0.33
RTX,2008-07-15,25.24390201862779,25.31046503928,24.490912260489765,24.994293212890625,10714309,28.430971598620157,24.387611163017855,25.205846075700272,24.71690785717339,24.142388622429333,0.72,92.0,0.35,0.33
RTX,2008-07-16,25.027581361575457,25.481040168763357,24.528361095978468,25.42279624938965,13637910,29.03852973200643,24.723534641031616,25.171850048995847,24.80875123507596,24.206710838576072,0.72,84.0,0.18,0.34
RTX,2008-07-17,26.833089025397445,27.170062441149256,26.034335263767844,26.916290283203125,22954058,34.04764701670403,27.549579530018036,26.699289167247482,25.738625786046015,24.837026417133703,0.75,100.0,0.09,1.12
RTX,2008-07-18,27.041086332240546,27.041086332240546,26.375458885676466,26.66250991821289,12681015,33.89866350263585,27.55189904829515,26.73136320421384,25.75852280802751,24.756541829060644,0.77,100.0,-0.01,1.1
RTX,2008-07-21,26.824771080342135,26.824771080342135,26.338030794440623,26.645883560180664,7452728,31.673412694584655,27.41036647086717,26.725233817074145,25.725480820234637,24.71462263088124,0.79,99.0,-0.1,1.1
RTX,2008-07-22,26.662509131621594,27.178369820105715,26.50442327967471,27.153409957885742,10415895,32.109791569535304,27.741761734328822,26.873092157772337,25.674749370575334,24.789405013227576,0.82,100.0,-0.17,1.02
RTX,2008-07-23,27.236622022973755,27.44046936574311,26.93292763569567,27.36558723449707,10170077,32.161670089055534,27.777013593469956,26.668271259613885,25.64765777031772,24.72920086602287,0.84,96.0,-0.22,1.1
RTX,2008-07-24,27.43215549817686,27.44879625669043,26.641725773055246,26.70828628540039,10345661,32.85101738394221,28.154977751907452,26.82416949261734,25.786266564549386,24.835515970155623,0.86,99.0,-0.31,1.04
RTX,2008-07-25,26.787343392719812,27.161756839030577,26.77902174900079,27.136796951293945,8075139,32.70439678202463,28.3585660487949,26.932969391474476,25.8474521233129,24.872212211255487,0.88,100.0,-0.37,0.98
RTX,2008-07-28,27.240791536959442,27.240791536959442,26.62924673512995,26.65420913696289,7385990,32.88393617838683,27.88067162879175,26.998782809095843,25.716704248793132,24.887002489075087,0.91,100.0,-0.45,0.96
RTX,2008-07-29,26.641716772602678,27.303183547915214,26.625076019710907,27.25741958618164,9057141,33.60106698059496,28.263453705822766,27.175636768036483,25.85800571415432,24.986574439247637,0.94,100.0,-0.5,0.88
RTX,2008-07-30,27.307350699968374,27.715048017168968,27.19918703195115,27.56112289428711,9053963,33.762254242487394,28.37930642627604,27.060388132214406,25.829798307989787,24.99781109802,0.96,99.0,-0.51,0.92
RTX,2008-07-31,27.37391677975965,27.477922161062207,26.604286036274466,26.61676597595215,10875593,35.14569562621159,29.164127938359858,27.458767318116315,26.136717440878854,25.127600890785317,0.99,100.0,-0.55,0.85
RTX,2008-08-01,26.654210475638138,26.76237416445474,26.184110854886967,26.442041397094727,9684002,34.9480243514944,28.883829288240946,26.98850625223816,26.042512042208806,25.134032468233375,1.01,96.0,-0.63,1.0
RTX,2008-08-04,26.404590019821292,26.720764379922418,26.06345830859104,26.525236129760742,8024132,34.98229905934612,28.708073663461864,26.99373475961772,26.046807761021117,25.114227317778496,1.03,96.0,-0.69,0.99
RTX,2008-08-05,26.691641020623347,27.29070312595903,26.48779115207903,27.265743255615234,8964185,36.04846290727559,29.27260935704672,27.350322393579084,26.221338696969216,25.237852880000656,1.05,99.0,-0.73,0.86
RTX,2008-08-06,27.203343235925708,27.764965580708743,27.007814989647787,27.685922622680664,11359761,36.29046287706864,29.15459945582613,27.40157818938524,26.281436066423307,25.27081028672249,1.08,99.0,-0.74,0.84
RTX,2008-08-07,27.386392561053206,27.436314833893046,26.891333174194337,26.932933807373047,11078826,35.98867869429967,29.593244455046978,27.744259442200846,26.449859141243202,25.41676848287613,1.1,100.0,-0.78,0.71
RTX,2008-08-08,26.995325946596594,27.852318259627886,26.83307926598116,27.814878463745117,9391149,34.00642486010837,30.368945289285126,27.719212964978485,26.70143810806603,25.52531087799342,1.14,99.0,-0.79,0.71
RTX,2008-08-11,27.74416867411522,28.122745294198378,27.602723489724106,27.964656829833984,7531383,32.917425852683245,30.337161611525183,27.628324602235487,26.59973427824091,25.511795326220415,1.16,98.0,-0.8,0.75
RTX,2008-08-12,27.85650104949747,27.97298639032948,27.581929721248343,27.669294357299805,6973803,33.10601527711714,30.387619191099873,27.670815051627752,26.60195245415225,25.499685677616483,1.19,98.0,-0.82,0.73
RTX,2008-08-13,27.648375942265876,27.82394730561905,27.25960734169165,27.631654739379883,6922320,32.62952066059703,30.35111700054272,27.49544561164482,26.57463070766623,25.44667104367027,1.21,96.0,-0.84,0.81
RTX,2008-08-14,27.46863495046785,28.00789211481297,27.301425371261445,27.64002799987793,7264749,32.12750132980839,30.26539275907884,27.493819467812486,26.483988049087458,25.42175448105977,1.23,95.0,-0.85,0.81
RTX,2008-08-15,27.736166584995114,28.13329460923548,27.602396931869933,27.924278259277344,7064535,31.70033420378282,30.143245534885427,27.520489791870737,26.344850498172733,25.432191853247883,1.26,96.0,-0.86,0.8
RTX,2008-08-18,28.05387370593636,28.05387370593636,27.28888155511601,27.518795013427734,7054524,31.96817537228383,30.268234419381816,27.611331230669663,26.390897848087175,25.185037650098284,1.28,96.0,-0.88,0.75
RTX,2008-08-19,27.293059412575484,27.36412518348189,27.008801396750684,27.150930404663086,6255099,31.91309946437249,29.94672029019363,27.622755101757974,26.41628750135957,25.188765801558194,1.3,96.0,-0.91,0.75
RTX,2008-08-20,27.16346425708736,27.234530011195744,26.7496176043027,27.067317962646484,7182916,31.73320231243248,29.837208170027708,27.616889548707363,26.41559659324747,25.080806018353496,1.31,95.0,-0.94,0.75
RTX,2008-08-21,26.79561009198947,27.03806638418058,26.553153799798356,26.84159278869629,6474698,31.54696087808867,29.840049613363522,27.06422998796504,26.430343919517117,25.05896705833786,1.33,86.0,-0.97,0.88
RTX,2008-08-22,27.121665895015013,27.614940232815716,26.33577170270206,27.58149528503418,6511881,31.47025921476722,30.409987161281805,27.430441747526768,26.422621866517886,25.200500610141635,1.34,89.0,-0.97,0.75
RTX,2008-08-25,27.464440834080587,27.502061637579093,26.954445447851704,27.155099868774414,7293987,31.907674713742335,30.443057802340707,27.52025167716921,26.41569013021926,25.205296444231507,1.36,92.0,-0.99,0.7
RTX,2008-08-26,27.025517720734147,27.22617219015452,26.904288345317685,27.125844955444336,4963559,31.45588662933829,30.43685027273367,27.423506745245547,26.414659325252682,25.19328593886388,1.37,87.0,-0.99,0.75
RTX,2008-08-27,27.11330295366912,27.297233671662386,26.962812111211164,27.19272804260254,5844342,31.163600892635067,30.335009825381466,27.42735847728574,26.387507633789774,25.087205003932432,1.38,87.0,-0.99,0.75
RTX,2008-08-28,27.334855403902527,27.99952008485727,27.17600523540258,27.890830993652344,5689415,27.446083244663605,30.784868387256964,27.74169805416734,26.32682734716206,25.008299522143577,1.4,99.0,-0.97,0.63
RTX,2008-08-29,27.731984100262856,27.96190004524959,27.351579837819305,27.41846466064453,6335025,27.78926110548941,30.885819931592795,27.785151973212844,26.390241965442247,25.055757157966863,1.41,100.0,-0.97,0.61
RTX,2008-09-02,27.769603864384397,28.405007065359072,27.464443800033955,27.656736373901367,8795115,27.874061625482693,29.661976400856176,27.71816633557006,26.378474822747584,25.047744708385277,1.43,96.0,-0.95,0.64
RTX,2008-09-03,28.34229764642955,28.34229764642955,27.71525390282641,28.18344497680664,9247186,27.873922044032135,29.871748006098386,27.4077692551208,26.44734673859428,25.120674588734527,1.44,82.0,-0.95,0.7
RTX,2008-09-04,27.89083836919255,28.00370589075267,26.854128531484672,27.121667861938477,13626628,30.060274278003163,30.865079526177517,28.046462874067686,26.70657574462313,25.375232523345193,1.46,100.0,-0.96,0.59
RTX,2008-09-05,26.95445817393154,27.201095382619684,26.62003651506831,26.787248611450195,10812192,29.42514748908997,30.938537938548823,28.03264798403576,26.701172625753816,25.311769974583694,1.48,99.0,-0.96,0.6
RTX,2008-09-08,27.284691942442453,27.623294419439905,26.879204650151728,27.497886657714844,11699489,30.04856840487141,31.170151141285896,28.06216958961727,26.892122285802678,25.402182394304674,1.5,100.0,-0.93,0.59
RTX,2008-09-09,27.405932757037498,27.589866092968958,26.799793243408203,26.799793243408203,11823431,30.54209719346827,31.525060915545872,28.063394646850785,27.03438268820398,25.508696818421235,1.52,100.0,-0.93,0.59
RTX,2008-09-10,26.941907924588257,26.941907924588257,26.293964458393578,26.46953582763672,9884375,30.004265612074942,31.58719501761619,27.835082924847065,26.968923386679045,25.534562053696323,1.53,96.0,-0.91,0.67
RTX,2008-09-11,26.33159234772708,26.724536895751953,26.051512775089112,26.724536895751953,11406319,29.955213930956187,31.643941111745395,27.87836658705561,26.990467534273233,25.553246772069148,1.55,96.0,-0.88,0.65
RTX,2008-09-12,26.507172235900498,27.130035470922568,26.482089151415266,26.946102142333984,9292313,28.282940754602485,31.68992340506089,27.888215182512297,27.00944677246293,25.566750523478444,1.56,96.0,-0.86,0.64
RTX,2008-09-15,26.264702286328983,26.803959182706286,26.13511359654138,26.385929107666016,12926833,28.895158259268822,31.858814970947186,28.04720991523301,27.0781957699479,25.601784076821716,1.58,98.0,-0.84,0.58
RTX,2008-09-16,25.984629692586243,26.66601572906849,25.875943111068278,26.381757736206055,15255195,28.87910479610384,31.85901656437698,27.972315439932764,27.07787203153446,25.599549034827294,1.59,95.0,-0.8,0.61
RTX,2008-09-17,26.030614429713953,26.160203164233792,25.328328729026058,25.37849235534668,14335005,29.7308702321436,32.765496728524845,28.596150305781336,27.44137416856207,25.693008210385806,1.61,100.0,-0.77,0.49
RTX,2008-09-18,25.63766710547829,26.24380642491156,24.931198010143472,26.12257957458496,16979260,30.68037974290651,33.329225493990435,28.988153656062966,27.602090954426167,25.845168443324322,1.64,100.0,-0.72,0.39
RTX,2008-09-19,26.966999694712996,28.003709672419905,25.503902652365788,26.879215240478516,17582603,30.916579317318536,33.26640278330991,29.37536963798295,27.765354133667202,26.011553839713947,1.68,100.0,-0.65,0.28
RTX,2008-09-22,26.557328433897773,27.004617553967634,25.616764974062903,25.758893966674805,11848061,31.718265008344463,32.8144561678742,30.078869811111673,28.139571508558088,26.327725131039305,1.73,100.0,-0.6,0.21
RTX,2008-09-23,25.79234342404165,26.114224846406014,25.06497452144539,25.144399642944336,10439730,32.226492795746125,32.73855350120808,29.9237857897581,28.269188147269297,26.416577395315883,1.77,99.0,-0.56,0.23
RTX,2008-09-24,24.927015304565426,25.38266626253573,24.718001498857028,24.92701530456543,9338553,32.1944421338215,32.7275768323255,29.898180969597547,27.91642927990921,26.374771286332948,1.81,98.0,-0.52,0.24
RTX,2008-09-25,25.127676948686425,25.273986907846222,24.609321954394645,24.734729766845703,12753791,32.21109911392975,32.589909588383804,29.903687213947926,27.925121813038125,26.37930509228393,1.85,98.0,-0.48,0.24
RTX,2008-09-26,24.295799254577027,25.46627889727367,24.157851171265236,25.441198348999023,9715146,33.49758706473952,32.93228923662917,30.28721248354976,28.12600241536447,26.53189965492122,1.89,100.0,-0.44,0.14
RTX,2008-09-29,25.035714222492295,25.16530298486013,23.472287200944415,23.685482025146484,15591268,38.71326778245931,35.75642221574601,32.08204567904572,29.323213842371555,27.451238285222168,1.97,100.0,-0.3,0.88
RTX,2008-09-30,23.965561428237063,25.232187549448017,23.815070518634524,25.10677719116211,14407781,42.77107428010965,37.74227696573506,33.402478462070825,30.1417153540242,28.014128271584664,2.1,100.0,-0.26,1.02
RTX,2008-10-01,24.864321233053776,25.06497578202728,24.5048164330934,24.71383285522461,13133085,42.82526370992532,37.65462030659864,33.4316029072258,30.16670334805814,28.00262990347892,2.21,100.0,-0.21,1.0
RTX,2008-10-02,24.433749812194538,24.617683123395583,22.945569714178813,22.983190536499023,16624754,47.321411308197796,40.39839446249086,35.07783067629982,31.33249123621319,28.880647069782402,2.37,100.0,-0.02,1.29
RTX,2008-10-03,23.560073348978744,23.86941449964973,22.903767687694092,22.933029174804688,15463830,47.322199346153724,40.209630757507796,35.0566970763892,30.94945681320861,28.873005777914436,2.51,99.0,0.1,1.3
RTX,2008-10-06,22.523355902067212,22.77417146237396,21.03099520976198,22.00918197631836,20281996,47.39473265704774,40.756754425364186,35.531662228028274,31.30900615823177,29.12391065002004,2.66,100.0,0.39,1.13
RTX,2008-10-07,21.96320050283933,22.569342433413848,20.913950331143187,20.95157241821289,17357918,48.87338691573847,41.83604283992935,36.24497815106882,31.79389277317802,29.50765844199399,2.82,100.0,1.06,0.96
RTX,2008-10-08,20.39977199679397,21.733282441262222,20.34124777723158,20.767637252807617,22235830,48.820704582492596,41.76785954952191,36.2533346129096,31.106706030259666,29.490449130495755,2.96,100.0,1.5,0.95
RTX,2008-10-09,21.210753839591383,21.298538298194973,19.36724853515625,19.36724853515625,18716513,51.763769754025326,43.72778693488219,37.697921441930774,31.997294659896813,30.255734251545757,3.14,100.0,2.44,0.93
RTX,2008-10-10,18.815450359880032,21.164769044895106,18.092261169338997,19.91068458557129,33350885,51.91101162086931,42.351297956586905,38.02108258378802,32.18956486591288,30.37120295628073,3.32,100.0,2.55,0.86
RTX,2008-10-13,20.608794865659338,22.65295364606045,20.45830521610458,22.627870559692383,21823008,65.67865890272698,50.34198487280149,43.35304414142057,35.64209433965825,32.99799246445026,3.68,100.0,2.3,4.71
RTX,2008-10-14,24.09095695438782,24.09095695438782,21.57442720881158,21.959014892578125,24989409,65.86408391548262,50.648528411623886,43.56741981740307,35.79334285176886,33.118472240425604,4.01,100.0,2.03,4.6
RTX,2008-10-15,21.482467645396994,22.69474890141244,20.408135723131597,20.587886810302734,23119473,67.35639933913784,51.958847766522695,44.50323514773943,36.55153888619757,33.71005136753965,4.35,100.0,1.8,4.24
RTX,2008-10-16,20.77599860781015,22.351964152586103,19.91068056879337,22.105329513549805,25580834,70.80049168138832,54.177957313279244,45.99709750190809,37.54930840272078,34.312105860895734,4.71,100.0,1.55,3.73
RTX,2008-10-17,22.042628295492243,22.368688074898554,21.043539210541823,21.198209762573242,18146698,71.51531049148223,54.5841626548166,46.40613961799297,37.81480333097547,34.53636196310095,5.04,100.0,1.3,3.56
RTX,2008-10-20,21.465748363636905,21.85869552344052,20.58788865790988,21.8336124420166,17478523,71.6601175850988,54.86540866389862,46.69405048036734,37.998672337839295,34.63369586231191,5.36,100.0,1.08,3.39
RTX,2008-10-21,21.403038744482668,21.85868968529744,21.072796842541198,21.29853057861328,11553778,71.64086604071336,54.95995935548014,46.764765179872356,38.01170068990323,34.71243756499728,5.66,100.0,0.87,3.39
RTX,2008-10-22,20.830341094383705,21.17730420917112,19.860514973194235,20.316165924072266,15576490,72.54625295090368,55.396497238087896,47.28216412922238,38.38475858128583,35.00915064429178,5.94,100.0,0.73,3.2
RTX,2008-10-23,20.466659717776153,20.884688675638913,19.25855806934263,20.353792190551758,19101369,72.41019220284362,55.31501786613114,47.26232228833419,38.38533681724747,35.00207344132906,6.2,99.0,0.56,3.19
RTX,2008-10-24,18.88651220478983,20.445756532163664,18.827987979922028,19.77691078186035,14549043,72.43478449191134,55.18834292048369,47.42826996003504,38.51502507369962,35.09642457761174,6.44,100.0,0.45,3.13
RTX,2008-10-27,19.513554240250166,19.973384915168694,18.81126732217731,18.886512756347656,13174558,73.11726339910717,55.827744501980845,47.845863940381506,38.85751354034317,35.37412082517471,6.68,100.0,0.44,3.01
RTX,2008-10-28,19.33380509543476,21.51173197625211,19.091348812108855,21.44066619873047,17620103,83.3275551302322,62.063406866854564,51.78118078259774,41.700095540342396,37.64149310534647,7.03,100.0,0.25,3.79
RTX,2008-10-29,21.653848506592134,22.57351201220622,21.27762529127639,21.770896911621094,18340715,83.00385671192878,61.85179575986568,51.83197914294985,41.70741174189975,37.67829825758067,7.35,100.0,0.09,3.76
RTX,2008-10-30,22.556795604017847,22.92465956408219,21.62877256782171,22.39376449584961,12818304,82.9795439669054,62.07786741118826,52.05598677761279,41.841316735123065,37.777257314561815,7.65,100.0,-0.03,3.6
RTX,2008-10-31,22.573518506596876,23.250723529675803,21.946474566205357,22.974824905395508,11790380,82.8802485683743,62.15516994353783,52.23796920935998,41.932159799041635,37.79995562195267,7.93,100.0,-0.12,3.48
RTX,2008-11-03,22.97483278788346,23.284173929354527,22.61114707632262,22.67803192138672,6552242,82.16253326546189,61.761251332569856,52.160616061859535,41.94550504032476,37.794010324092156,8.2,99.0,-0.21,3.55
RTX,2008-11-04,23.40957964997822,24.095146716574543,23.154583101438334,23.93211555480957,12765867,83.61638021289016,62.844046092666694,52.88390789513322,42.452448132790636,38.18653545706989,8.46,100.0,-0.23,3.23
RTX,2008-11-05,23.60186623648949,23.802520702197757,22.36450463298821,22.43556785583496,12882023,85.57124894865399,64.09853886280712,53.804195928849374,43.07379294107759,38.70283488136778,8.71,100.0,-0.32,3.01
RTX,2008-11-06,22.230735636669575,22.65712512176861,20.9975523981949,21.156402587890625,13927903,87.05220369875114,65.08672020274075,54.53693332069942,43.533934250607686,39.03142097689781,8.97,100.0,-0.43,2.82
RTX,2008-11-07,21.28598848788858,21.720737251571123,20.964107216064964,21.65803337097168,9638397,86.90538161786786,65.33104086349472,54.69650692726046,43.584689030205524,39.10803301869996,9.2,100.0,-0.53,2.73
RTX,2008-11-10,22.163853237411097,22.673848808114112,21.49082905811231,21.8168888092041,10918655,84.66622541114607,65.30645850301745,54.67640098158918,43.59825509326843,39.0897908213625,9.42,99.0,-0.62,2.74
RTX,2008-11-11,21.49082957231794,22.15549443057417,20.90140888397551,21.653858184814453,10706682,82.66987914426306,65.27377800800615,54.680233501777224,43.60189073838798,39.088389410023645,9.63,99.0,-0.7,2.74
RTX,2008-11-12,21.39484878135185,21.41590744461896,20.607283112070935,20.640975952148438,11009545,83.55583105212563,65.86616123211515,55.144406220871865,43.92982095112614,39.31205319507837,9.83,100.0,-0.79,2.63
RTX,2008-11-13,20.973688931723327,22.089759690573732,19.613347657331975,22.01816177368164,18792150,83.51459388135466,67.37419592358812,56.17556525868146,44.55809988982436,39.86547270777157,10.04,100.0,-0.86,2.29
RTX,2008-11-14,21.601215267607834,22.557246402889696,20.948420966027676,21.154788970947266,11484656,84.26017295990624,67.78364034053878,56.29796547693733,44.758175670599634,40.03571777840154,10.24,100.0,-0.94,2.26
RTX,2008-11-17,20.893665890336848,21.28534314623936,20.219811805691677,20.27877426147461,12756174,84.30733649775682,67.91496943834176,56.14240466701087,45.010664274916316,40.23845843440795,10.43,98.0,-1.01,2.3
RTX,2008-11-18,20.068201000658533,20.847344766522454,19.878679406103807,20.771535873413086,14399677,83.46426395327595,68.1389422752001,56.16644943838346,45.08534507320217,40.31025281756242,10.62,98.0,-1.09,2.24
RTX,2008-11-19,20.695714016391985,20.86838908209111,19.314316043672193,19.36906623840332,15801493,85.85055279071833,69.44034476630043,57.16031221028521,45.78124343247828,40.867405634705996,10.81,100.0,-1.13,2.08
RTX,2008-11-20,19.07848361030199,19.53754678839108,18.008740701764808,18.20247459411621,26195142,85.35256296444027,70.37459443594697,57.89138414125734,46.28279475279904,41.2663503603676,11.01,100.0,-1.08,1.93
RTX,2008-11-21,18.438313768773984,19.807078108304967,17.58757355283336,19.655460357666016,25126221,87.98682439264162,72.1426793960504,59.22907275541894,47.17873480816158,41.99720915281293,11.22,100.0,-1.14,1.64
RTX,2008-11-24,19.866040906192104,21.00316894965765,19.428035339969014,20.683088302612305,15885869,80.76125961626045,73.03172783328252,59.70476774612244,47.424977270028535,42.316296709690874,11.42,100.0,-1.2,1.52
RTX,2008-11-25,21.05792021830989,21.05792021830989,19.62177011558439,19.84919548034668,20570082,81.14894306643811,73.35540454887465,60.02057153001387,47.65360130456176,42.45622765417275,11.62,100.0,-1.26,1.46
RTX,2008-11-26,19.453305456632627,20.118735072961528,19.246937494621008,20.10188865661621,13691301,79.15636615006001,73.27814534479248,59.967248554777655,47.67884369663506,42.3980885939303,11.81,99.0,-1.32,1.48
RTX,2008-11-28,20.0302961200238,20.510416531138993,20.0302961200238,20.438819885253906,6317546,76.38141545289004,73.09458255810043,60.02888999469329,47.71464094625302,42.43623812986142,11.98,100.0,-1.37,1.44
RTX,2008-12-01,20.186121505217912,20.186121505217912,19.14164875787666,19.213245391845703,14704765,77.48299041893416,74.01292510343349,60.68823381549723,48.24126013396161,42.85488943426825,12.16,100.0,-1.4,1.36
RTX,2008-12-02,19.554388328313333,19.625984980249545,18.973189349342306,19.3985595703125,15021294,76.96310448984572,73.78702131448898,60.62540971831617,48.08033270653827,42.868400942410695,12.32,99.0,-1.44,1.36
RTX,2008-12-03,19.29747397000394,20.009230490762167,19.03635455418256,19.929210662841797,12681809,77.20637094350779,73.9702134520935,60.793121529526836,48.17806815750778,42.96522132604764,12.47,100.0,-1.48,1.3
RTX,2008-12-04,19.68494364561818,20.29983534803851,19.55017357842913,19.86182975769043,15443968,76.02212898600298,73.95443490712697,60.754293239926426,48.173711770653476,42.86372847168259,12.61,99.0,-1.52,1.3
RTX,2008-12-05,19.651253242402507,20.80522790930759,19.29748097446342,20.640975952148438,14979026,76.86766442452458,74.42976491035022,61.023049728017874,48.347652579043285,43.0214943446886,12.75,100.0,-1.55,1.22
RTX,2008-12-08,21.10424284407518,21.268494745927093,20.438813305921347,20.489351272583008,15867277,76.40985771114052,74.38600907984906,60.28558010979973,48.35190940641824,43.02423231258125,12.87,95.0,-1.57,1.42
RTX,2008-12-09,20.39670497405852,20.544110517220883,19.861833030560472,20.202972412109375,15506574,75.24459648922091,74.33411060946631,60.30311175727476,48.36819211969263,43.0261909005779,12.99,95.0,-1.59,1.41
RTX,2008-12-10,20.40512682354877,20.62412900198595,19.882890368645764,20.219816207885742,11419031,65.32189711148708,74.33683338178378,60.304878126085114,48.36921186914411,42.92725925294395,13.09,95.0,-1.61,1.41
RTX,2008-12-11,19.87025631076024,20.485148116664668,19.647043149969086,19.828140258789062,10705252,65.30350022157197,74.06157643855728,60.262602469151126,48.39818626396195,42.95914141068201,13.19,92.0,-1.62,1.45
RTX,2008-12-12,19.29327490725141,20.615712921435453,19.171138961091906,20.560962677001953,15846779,65.68137384941664,74.21768243623131,60.5633705140447,48.60499546860085,43.11006450993117,13.28,95.0,-1.62,1.36
RTX,2008-12-15,20.84313141803687,21.10003868173436,20.58201318760859,20.9020938873291,12694521,65.38940996993826,74.03228424075067,60.54154439617705,48.46123853025303,43.13626404009637,13.36,94.0,-1.62,1.33
RTX,2008-12-16,21.331674749069464,21.824430606794365,20.670455972096104,21.76125717163086,14329125,66.50598963482427,74.14479771378159,60.85246531746783,48.71767367716872,43.29171612115218,13.44,99.0,-1.61,1.25
RTX,2008-12-17,21.43696559416219,21.677025159305497,21.150576460366562,21.310617446899414,10250798,64.61653308717842,74.10816315564391,60.87393306144221,48.768355831367785,43.31567473515911,13.51,99.0,-1.61,1.24
RTX,2008-12-18,21.386423213642157,21.782312740843203,21.281132468073018,21.399057388305664,12619520,62.02381980927113,74.11096815366524,60.754938636205026,48.739151432025075,43.319382687837404,13.58,96.0,-1.59,1.29
RTX,2008-12-19,21.984477073465168,22.056075016856806,21.18427572731772,21.63491439819336,19258998,59.690516193540766,74.15403812971132,60.75426913665033,48.76164927855803,43.32716942978556,13.63,94.0,-1.57,1.29
RTX,2008-12-22,21.331679747979944,21.86234081230902,21.03686988931811,21.790742874145508,12550717,59.33848215634008,73.91098583868033,60.54900916339584,48.77263220592336,43.289289662413516,13.67,90.0,-1.55,1.31
RTX,2008-12-23,21.900239896138626,22.051857683870878,21.222174647651798,21.319042205810547,9329178,59.63721189766048,72.62285971717094,60.627153635480155,48.80987640354696,43.33275094323981,13.71,92.0,-1.53,1.3
RTX,2008-12-24,21.39063510222762,21.647542337024056,21.247441826492487,21.542251586914062,2240808,59.68752852320238,71.58812128191468,60.654315511372715,48.79271790107492,43.34846130016023,13.73,92.0,-1.5,1.29
RTX,2008-12-26,21.571729990821183,21.69807682087907,21.31482153606333,21.533824920654297,3149398,57.94890875859979,71.53616126018105,60.4689575024451,48.65308697411449,43.33430731188357,13.75,86.0,-1.47,1.35
RTX,2008-12-29,21.445392858195234,21.618066787719727,21.21796741302871,21.618066787719727,6214261,54.782354724048346,70.02703448619924,60.41132626905647,48.6477386329555,43.33729817264708,13.76,85.0,-1.43,1.38
RTX,2008-12-30,21.807583213738706,22.380358900627076,21.660177687312473,22.338241577148438,7672963,54.293405394767845,70.36780736594926,60.53250090173662,48.79125656370255,43.47175907010188,13.77,86.0,-1.39,1.31
RTX,2008-12-31,22.384570664665734,22.776247979115418,22.338241099255484,22.5740909576416,7357865,52.69930246006326,69.88676537003273,60.31895371861419,48.71077613175301,43.457532418655944,13.77,83.0,-1.35,1.38
RTX,2009-01-02,22.515124231294234,23.264785838882275,22.334025915655122,23.142648696899414,7452887,52.72905403812117,69.28505161842584,60.45963699797652,48.72629148892229,43.50899800562734,13.76,84.0,-1.3,1.33
RTX,2009-01-05,22.87731841513307,23.15528297613069,22.65831758093727,22.868896484375,8679595,48.186441940559405,69.3078265502694,60.46468573236298,48.648748441110875,43.49465138793399,13.74,84.0,-1.25,1.33
RTX,2009-01-06,22.995251403619516,23.378506827569293,22.784672426118167,23.113176345825195,8198922,43.71608207113445,67.70956229711523,60.49736237846335,48.667183342655484,43.50928330101452,13.71,85.0,-1.2,1.31
RTX,2009-01-07,22.595147229104526,22.704647661050732,22.254009206104516,22.540395736694336,9223033,39.550226596450386,67.75007980503547,60.60927640607443,48.739532028520266,43.40696993952896,13.68,89.0,-1.14,1.3
RTX,2009-01-08,22.39299104042952,22.64147505716158,22.224526867581645,22.536184310913086,9489985,37.03446843432933,62.466289067702974,60.578141447307964,48.7319018537454,43.40568546676627,13.64,88.0,-1.09,1.31
RTX,2009-01-09,22.679379312357977,22.742552736667925,22.13187204688146,22.195045471191406,7029736,35.06831995304672,62.23706622282569,60.581505715459485,48.73341727995692,43.422918810064495,13.59,88.0,-1.02,1.31
RTX,2009-01-12,22.182414195346656,22.371934493039976,21.90023731740091,22.051855087280273,7191337,35.0832826457637,60.781660487416055,60.558460447715056,48.73639103397372,43.417446622378776,13.53,85.0,-0.95,1.31
RTX,2009-01-13,21.933936601495457,22.14030337871508,21.184274570523854,21.394853591918945,11097894,36.12614803256073,59.33018215765307,60.72320488940646,48.846297990898215,43.50663564159936,13.47,93.0,-0.87,1.29
RTX,2009-01-14,21.015802610152978,21.26849758291573,20.74204897840503,21.070552825927734,9412283,31.216874858064724,58.78584958507679,60.750495317006035,48.87056105590034,43.51699407668,13.39,93.0,-0.78,1.28
RTX,2009-01-15,21.070551885705843,21.27270887604495,20.291409619636795,20.927358627319336,10112873,31.281356082437384,58.47438213575338,60.568131224393305,48.86726596644951,43.51931416734469,13.3,84.0,-0.7,1.35
RTX,2009-01-16,21.289557499634288,21.68965672674484,20.897878928453704,21.52119255065918,13003899,31.35008149394663,58.54570748337806,60.727986046349834,48.87030717237296,43.42143475292099,13.21,92.0,-0.59,1.28
RTX,2009-01-20,21.436970131591522,21.584375696379855,20.69994103121229,20.78838539123535,12569626,33.12414495564511,58.16633640338962,60.94381602167852,49.00764875339788,43.55110754442795,13.11,99.0,-0.49,1.25
RTX,2009-01-21,20.885242799827978,21.011589643636388,19.87446294361255,20.742048263549805,19011591,31.22396440166183,58.167953483785205,60.938326164407165,49.00513448543528,43.53778441662665,13.0,98.0,-0.37,1.25
RTX,2009-01-22,20.493567691930295,20.784166484329212,20.106101358961233,20.615703582763672,12492400,31.199611829366567,57.86900706803348,60.77405390152801,49.005964305800845,43.18516574511474,12.88,94.0,-0.29,1.32
RTX,2009-01-23,19.983963725901894,20.278774735267486,19.769173832329837,19.967117309570312,9889459,32.32188991628255,57.453018680066606,60.90749185276264,49.074686900454694,43.22877552710421,12.76,97.0,-0.19,1.29
RTX,2009-01-26,20.17348318880806,20.817855355876716,20.000808077453975,20.49777603149414,10202016,33.230826836650515,51.41808142833732,61.058074639239294,49.1531488431614,43.316334385081454,12.62,100.0,-0.09,1.24
RTX,2009-01-27,20.74626004559808,20.994742761913574,20.43881487447591,20.737836837768555,8035414,32.82576152014798,51.37498057071503,61.00299492642098,49.16480325280701,43.31068602604542,12.47,98.0,-0.1,1.26
RTX,2009-01-28,20.82207092005988,21.508557956706838,20.82207092005988,21.33588409423828,8048603,32.174202685969966,51.380355807499335,60.940159081020795,49.23136365208217,43.40981190083287,12.32,96.0,0.03,1.23
RTX,2009-01-29,21.05792835284327,21.13794823040229,20.426189991682904,20.501998901367188,9786174,33.95071570509421,51.69368882681113,61.21026997069349,49.42733321240749,43.577931118684724,12.16,100.0,0.17,1.19
RTX,2009-01-30,20.527259857767785,20.994744745379286,19.941848772964907,20.21139144897461,10778187,31.853257508637945,51.706032216099615,61.06152484910351,49.433745300097804,43.58790478559907,11.99,99.0,0.21,1.25
RTX,2009-02-02,19.90394663616075,20.28720074599295,19.769176563327463,20.02187156677246,9959534,31.44570956327693,50.40187078452749,60.96247355456199,49.428611489906984,43.574898539346286,11.81,95.0,0.33,1.27
RTX,2009-02-03,20.316673307411275,20.48513742739035,19.857611771560126,20.346155166625977,8626840,31.838203169802277,48.87870747252591,61.01720610252536,49.47628910615377,43.610968220665605,11.61,96.0,0.49,1.23
RTX,2009-02-04,20.329319559508015,20.57780363032619,19.941853154057405,20.017662048339844,8887118,31.876979589039152,47.51705937370343,61.023510490722785,49.495299661752554,43.58192359967512,11.4,97.0,0.6,1.25
RTX,2009-02-05,19.89130537500002,20.438811233512652,19.592282188538253,20.23665428161621,10534434,31.99344738305385,47.31142952611469,61.03713071106216,49.5040920856154,43.59671315176873,11.17,97.0,0.64,1.24
RTX,2009-02-06,20.287205803388886,20.876828050559848,20.211398176963378,20.649402618408203,11399168,32.098209294565926,47.48293993725245,61.07575874516645,49.53507626343047,43.64872093120339,10.93,99.0,0.78,1.21
RTX,2009-02-09,20.674665531200663,21.00316939370389,20.468297556495155,20.897878646850586,11096305,32.14933185858373,47.53516297076917,61.117629355037614,49.562845032844045,43.6691919318028,10.68,99.0,0.88,1.19
RTX,2009-02-10,20.742059147053737,20.96527363839105,19.689163974732047,19.81972312927246,12868358,35.498247110114015,47.76126853082989,61.37415975252111,49.85002701081871,43.97066763383782,10.42,100.0,1.09,1.15
RTX,2009-02-11,19.903943322982528,20.228236189964846,19.794441619927703,20.055561065673828,7171475,35.70134008762078,45.86827536996971,61.21167981167377,49.852372039797174,43.95041719111533,10.16,99.0,1.2,1.2
RTX,2009-02-12,19.625981197445043,19.798656343376578,19.12480345405349,19.756540298461914,10144494,34.256199938744544,45.25560150330674,61.036993658990625,49.87078398689988,43.94290422111435,9.89,92.0,0.72,1.27
RTX,2009-02-13,19.85340334334767,20.198753579195323,19.70178688268408,19.832345962524414,7066442,34.06316964470252,44.44410417066162,60.71636174773904,49.87519231306944,43.934451024324325,9.62,72.0,0.64,1.32
RTX,2009-02-17,19.360655583032635,19.67231181973525,19.027940681788515,19.2385196685791,17277197,33.71239698015762,44.567908220250246,60.78090537628835,49.96017815783848,44.00668339850463,9.32,79.0,0.67,1.31
RTX,2009-02-18,19.43177466210947,19.49548506527814,18.909346009180435,19.049510955810547,10109695,33.687519273951246,42.257792618607375,60.784192060155306,49.967496928075946,44.00763191629553,9.0,79.0,0.7,1.31
RTX,2009-02-19,19.19816919400668,19.508228995300087,18.947574326974443,18.994295120239258,8789871,33.330471590314765,40.25131225338832,60.778802446504976,49.94914822058041,44.00662513148802,8.67,77.0,0.73,1.3
RTX,2009-02-20,18.70122995800392,18.985804108764537,18.38267528632128,18.684240341186523,13555600,33.005184265068046,37.13880891711033,60.61571812992296,49.97380587407968,44.007378958518295,8.31,64.0,0.32,1.38
RTX,2009-02-23,18.747939213072623,18.892350867072153,17.93244196999341,17.98765754699707,11951346,34.19863107752258,36.30391031851596,59.88183670091013,50.127766449467295,44.107264252880505,7.98,41.0,0.44,1.47
RTX,2009-02-24,17.99615613331172,18.412398972112463,17.737065244140624,18.26374053955078,14991262,34.73630504068884,35.559727299887875,59.15060352376514,49.93886531033056,44.10333317514191,7.66,38.0,0.02,1.65
RTX,2009-02-25,18.11933843282541,18.11933843282541,17.439756348483538,17.635135650634766,16282483,35.70658757703583,36.09412433973195,59.333568209484454,50.07255069219282,44.22660207282347,7.33,39.0,-0.22,1.61
RTX,2009-02-26,17.73281865899379,17.87298229874635,17.418513446558197,17.45673942565918,12507178,35.06104664568206,35.915116838175734,58.298137084691945,50.07790393842739,44.23300524022976,7.01,36.0,-0.06,1.77
RTX,2009-02-27,17.248611542903056,17.562917936890212,17.03199473053342,17.34205436706543,20708643,34.968466219643155,33.74411846343171,58.301245605093634,50.07807950515393,44.22739366374314,6.67,36.0,0.07,1.77
RTX,2009-03-02,17.087215451843683,17.12968947242988,16.598766146032258,16.636993408203125,21078403,36.41201164380085,34.626527069238044,58.307757124963885,50.222838821460094,44.352191881714546,6.32,36.0,0.35,1.77
RTX,2009-03-03,16.768669582362353,16.789905958325484,16.31419929370963,16.3736629486084,18272706,34.870251670271664,34.17686840333224,57.8705702930784,50.224790333051104,44.3524636675714,5.97,32.0,0.54,1.86
RTX,2009-03-04,16.636997604268437,16.92157168303936,16.513823557145667,16.632749557495117,15476542,34.71950128177433,34.39733164464687,57.9329076006697,50.2657282438687,44.3857881226288,5.59,33.0,0.51,1.82
RTX,2009-03-05,16.178272837955408,16.509568861373488,15.974398857115968,16.106067657470703,17156910,35.40756884153857,33.80472281396224,57.11751720041591,50.382084258907646,44.46432793002144,5.22,29.0,0.65,1.94
RTX,2009-03-06,16.241986879868573,16.471345302789867,16.029618065110828,16.369407653808594,19368639,36.11904022195956,34.053018907873955,56.99565133637194,50.433725459181,44.48986882567228,4.84,28.0,0.58,1.99
RTX,2009-03-09,16.152791987748298,16.458604957304765,15.88520757031639,15.953166007995605,12328892,35.79977371594284,34.287769233855684,53.174172792208964,50.477287519152924,44.5180531906753,4.64,17.0,0.6,1.38
RTX,2009-03-10,16.263225806606545,17.325071334838867,16.110320596350682,17.325071334838867,19292208,43.32697630384136,38.58785008777457,54.723051202526165,51.485981657220655,45.28511477188284,4.42,22.0,0.44,1.21
RTX,2009-03-11,17.350555857582812,17.707336400085218,17.138187008090316,17.43975067138672,16024747,43.17683413251866,38.46824072475303,53.825605023912914,51.49669942215249,45.167212605343835,4.23,17.0,0.27,1.32
RTX,2009-03-12,17.337812180398924,17.83475502169276,16.98952648580646,17.75405502319336,12222906,42.553460266414014,37.862466013989724,52.64371223405274,51.5477198716644,45.210483410329374,4.09,13.0,0.16,1.53
RTX,2009-03-13,17.609646614216278,17.80502585091807,17.116949188836237,17.23162841796875,14433205,41.95894582165251,38.064354493050985,52.44693559273199,51.53201169771885,45.2925715233305,3.96,12.0,0.02,1.57
RTX,2009-03-16,17.367543242367788,17.932444515575135,17.32931597900407,17.465232849121094,13330439,42.24095204957139,37.140946724548144,52.26216019826683,51.254272445304935,45.308159213724736,3.83,11.0,-0.09,1.64
RTX,2009-03-17,17.499216125529507,17.724327850231365,17.074477095183756,17.715831756591797,11532326,42.57489958907545,37.14226394430323,52.200373085410156,51.20967324301336,45.33683138967688,3.7,9.0,-0.2,1.63
RTX,2009-03-18,17.62239206314185,18.04288309174498,17.189158180000234,17.788040161132812,13798240,42.222097191809105,37.141654131557786,51.69796947657442,51.19820674986192,45.20553235809367,3.6,4.0,-0.3,1.74
RTX,2009-03-19,17.953671754005345,17.953671754005345,17.36753316625851,17.43549156188965,11264262,42.32674142736131,37.184023201060995,51.78023065545191,51.21321064472018,45.22158129236191,3.48,4.0,-0.4,1.72
RTX,2009-03-20,17.673355932162764,17.80502476403938,17.155175409528557,17.214637756347656,16500017,42.129152836635846,37.16165123265164,51.62830321429146,51.20109480289774,45.23095793175446,3.37,2.0,-0.49,1.76
RTX,2009-03-23,17.56716554424453,18.497340568822217,17.516196732334073,18.467609405517578,12843410,46.98969418541273,39.953068516071546,52.36301013952852,51.83215675474242,45.75700579257878,3.26,11.0,-0.51,1.6
RTX,2009-03-24,18.246753273940097,18.637513037141904,18.19153768218836,18.352937698364258,10045181,46.75729511357795,39.870685836257785,48.242245157044785,51.83003251500538,45.75908025362767,3.35,1.0,-0.56,0.28
RTX,2009-03-25,18.471863618099214,18.99004413764217,18.14481427611176,18.55681037902832,16773484,44.601803006224486,39.96740956882297,48.20927264918283,51.79112050262405,45.77308676094525,3.44,1.0,-0.58,0.29
RTX,2009-03-26,18.603535330494918,19.363817261561554,18.50159765684792,19.312847137451172,14585749,46.08869277008012,40.884757143301535,48.42922825256963,52.01507366302855,45.962303959190145,3.52,3.0,-0.57,0.26
RTX,2009-03-27,19.121715343944395,19.24488938551406,18.80740881379095,18.892356872558594,8761587,46.31411081588491,40.44082219250937,48.34102804133059,52.02409235496399,45.99490702803438,3.61,3.0,-0.56,0.29
RTX,2009-03-30,18.51858690609123,18.65025575499397,17.89846864480233,18.093849182128906,10377600,47.82465827871982,41.17701920858427,48.75228885957596,52.188340374728966,46.17880502618704,3.69,5.0,-0.58,0.22
RTX,2009-03-31,18.106592455915063,18.629021141478614,18.093850889400162,18.255250930786133,10235067,47.22450087515979,40.83220006820472,47.95172543505552,52.195733066436226,46.046997219610034,3.79,1.0,-0.67,0.33
RTX,2009-04-01,18.03013557566745,18.764932995750236,17.86448880779011,18.63751220703125,11456213,47.5982077206845,41.1074765114153,47.05386440008689,52.236207077947995,46.10246637600177,3.93,1.0,-0.68,0.37
RTX,2009-04-02,19.083488289367658,19.85651305830941,18.981551904982144,19.512474060058594,16207641,49.46756185848046,42.24079909666072,46.76547036510943,52.49233301334654,46.346558517182515,4.07,1.0,-0.67,0.34
RTX,2009-04-03,19.64839172420189,19.67387614311685,19.091985129442566,19.38080596923828,10334062,49.251425138683686,41.9943612199999,46.6124644083232,52.03125262053114,46.324130729486285,4.22,1.0,-0.65,0.39
RTX,2009-04-06,19.240634891813432,19.690858165135072,18.956060921226637,19.669620513916016,8864078,47.958414813311386,42.141803773347206,46.66198755198299,52.06024299067676,46.35280196728943,4.36,2.0,-0.62,0.37
RTX,2009-04-07,19.359568057499942,19.571936910948512,19.070745953386638,19.181177139282227,9309315,48.486922834951855,42.32039634164747,46.808058402443514,52.133976140267315,46.411982679865744,4.48,4.0,-0.61,0.34
RTX,2009-04-08,19.232141890465364,19.274615909596065,18.641756242764924,18.951814651489258,10696354,47.42256246359995,42.358364459337,46.24011859500305,52.08947688033104,46.40748178609769,4.62,1.0,-0.62,0.43
RTX,2009-04-09,19.457259547755694,20.175067474180437,19.427528368840022,20.085872650146484,12400715,49.91419553983308,43.73694655898962,46.0178276043446,52.56086212689084,46.76398509651386,4.77,1.0,-0.58,0.41
RTX,2009-04-13,19.894741985578904,19.894741985578904,19.342582090218333,19.703609466552734,8072120,50.29445925921184,43.799092704983586,45.6855619126588,52.533466424885724,46.69240184604423,4.91,1.0,-0.56,0.46
RTX,2009-04-14,19.537953897292056,19.64838634904617,19.185421463006833,19.34682273864746,9611702,48.88870333307474,43.925501962662466,45.28647885443772,52.527910132773584,46.71530299897439,5.06,1.0,-0.56,0.53
RTX,2009-04-15,19.283115505938504,20.047644178443182,19.244889522863666,19.860759735107422,9623461,48.843609522684545,43.87674685351031,45.31821757398992,52.59762662646638,46.77825998537583,5.2,2.0,-0.55,0.52
RTX,2009-04-16,20.03065618897885,20.336467940207733,19.525218412982557,20.175067901611328,8924777,48.843645402872916,43.455584758113055,43.99672116349276,52.56063157740017,46.73475744448445,5.37,1.0,-0.54,0.51
RTX,2009-04-17,20.27700338284646,20.49786834518512,20.08162412652608,20.098613739013672,10621829,47.570003058583126,43.45943375544838,42.845962469146784,52.539289746033525,46.67278204595636,5.56,1.0,-0.5,0.57
RTX,2009-04-20,19.805543977778015,19.86500633156539,19.325589377180677,19.457258224487305,9341572,48.856924368191855,43.9360446710512,41.41127729047359,52.51847835569677,46.704346855435325,5.77,1.0,-0.5,0.44
RTX,2009-04-21,20.068879839222276,20.748460384705847,19.958447373028918,20.38318634033203,17114801,49.29217816437681,44.50981951871549,41.276809890305074,52.8241296155069,46.950581912212584,5.97,1.0,-0.5,0.44
RTX,2009-04-22,20.230280169423047,20.57431785016532,19.894737293907255,19.915973663330078,13075404,44.751773203475814,44.434413764501336,40.9194870971031,52.8837731765087,46.99461548700485,6.16,1.0,-0.5,0.49
RTX,2009-04-23,19.87350994727045,20.451153103066936,19.648398150208973,20.40443229675293,12720898,45.10896634691364,44.65541129625497,41.051446183222076,52.85959087663813,47.059636696418536,6.34,2.0,-0.5,0.45
RTX,2009-04-24,20.497869374644445,21.100998073670844,20.319478434565475,20.969327926635742,12237525,45.42079467062028,44.625197643130605,41.19539853688774,52.93275306969028,47.1296410521714,6.5,3.0,-0.51,0.41
RTX,2009-04-27,20.75695420809317,20.95658147466562,20.455390572526984,20.58281135559082,7598598,44.77031527319673,44.028469809580514,40.0936520575813,52.881268488193946,47.16073903061514,6.68,1.0,-0.51,0.39
RTX,2009-04-28,20.255758052658695,20.625280029910257,20.107099652780743,20.374685287475586,5691480,44.94784276879161,43.97928908647163,40.10458927968654,52.73844249007531,47.164185852393835,6.85,2.0,-0.51,0.4
RTX,2009-04-29,20.587060429510938,21.09249811558825,20.451143547683948,20.773944854736328,8793208,45.06345270019795,44.10839569260757,39.99499705388424,52.791166381810896,47.21016789716924,7.0,1.0,-0.52,0.44
RTX,2009-04-30,21.016040421092786,21.35583126644997,20.608292436493326,20.74420928955078,10399528,45.10478323060827,43.99219600336443,39.991471320716975,52.78038821700506,47.20448377331357,7.15,1.0,-0.52,0.44
RTX,2009-05-01,20.92685214129176,21.147714508072337,20.66776121911588,21.033035278320312,7143032,44.528308451242204,43.939592508587296,39.583930114125444,52.81194230747531,47.13922045411356,7.3,1.0,-0.53,0.55
RTX,2009-05-04,21.07550724704489,21.831542282494947,21.07550724704489,21.73809814453125,11030202,44.80379921288184,44.38650922404215,39.90458796869561,52.96901126106906,47.255819346150226,7.43,2.0,-0.56,0.43
RTX,2009-05-05,21.61917463227198,22.0439123111857,21.61917463227198,22.01418113708496,7834247,40.74995017128938,44.27508765582635,39.87984319515437,52.977108552934084,47.27396719765803,7.56,2.0,-0.6,0.42
RTX,2009-05-06,22.23079547605805,22.447412361965107,21.878264283437893,22.20956039428711,7927839,40.595361693540866,44.246865050965695,39.89994345312069,52.96688410163919,47.28445870113783,7.68,3.0,-0.64,0.4
RTX,2009-05-07,22.20531260272964,22.409187926997266,21.746595697700958,21.96746063232422,10028338,40.874587873397466,42.873962644462566,39.81072643106791,52.95956517622147,47.24732937539784,7.8,2.0,-0.67,0.42
RTX,2009-05-08,22.26477355683079,22.770213789602455,21.674387852176135,22.744728088378906,11645304,40.523913017991305,43.3601764951714,39.777146033677646,53.129511272807115,47.360232820962025,7.9,2.0,-0.7,0.43
RTX,2009-05-11,22.383703703142935,22.566341382890126,22.133107577482956,22.298755645751953,8484942,40.398593368274874,43.45176437458744,39.83515165030486,53.169136078863765,47.383039807105256,8.0,4.0,-0.72,0.44
RTX,2009-05-12,22.464405632716563,22.540860178185284,21.975957479216902,22.44317054748535,10363935,37.66692872455006,43.45977349722801,39.33725247073539,53.07069613476263,47.3437219558522,8.1,1.0,-0.73,0.58
RTX,2009-05-13,22.008897471409504,22.008897471409504,21.337164010840766,21.653776168823242,12822118,39.66530595765359,43.645988463136334,39.61169005492172,53.201944449549984,47.46561007246712,8.18,3.0,-0.74,0.53
RTX,2009-05-14,21.735061074040615,22.269881161573572,21.713668841102578,22.03883934020996,10606893,39.57335972156861,43.69107990972279,39.703928984207955,53.24884530686455,47.49556619818798,8.26,4.0,-0.75,0.49
RTX,2009-05-15,21.983221791706256,22.222822112367965,21.78640853932629,21.94043731689453,11273478,37.76834991142176,43.70046219737294,39.67397204665667,53.248539184763786,47.485436284497425,8.33,4.0,-0.76,0.51
RTX,2009-05-18,21.88909606251793,22.706301119625856,21.88909606251793,22.66779327392578,9532093,38.51807160270897,43.952284043414544,39.993018755912736,53.306427673500366,47.605711490605636,8.4,13.0,-0.77,0.41
RTX,2009-05-19,22.60789268313156,22.749083783656,22.338342971665806,22.376848220825195,8855815,38.75634502658914,43.24263188559384,39.89107416275958,53.2911876026235,47.61541695974117,8.46,10.0,-0.79,0.43
RTX,2009-05-20,22.543709260563503,22.62927818934848,22.073067184899234,22.137245178222656,9742000,38.02416620524332,43.27315558276158,39.89855136411336,53.2905391426428,47.61043466712365,8.51,11.0,-0.8,0.45
RTX,2009-05-21,21.837749060714355,21.89764783754956,21.34999391225639,21.71794891357422,9817795,38.35076051565045,42.7931592389075,40.01710763368384,53.27835733027505,47.61096977904396,8.56,17.0,-0.8,0.43
RTX,2009-05-22,21.72650967965367,22.145808942605257,21.615266674022532,21.837751388549805,6824755,34.83414742048429,42.70024966420311,40.02178912049807,53.102609987267016,47.61562820802854,8.6,18.0,-0.81,0.42
RTX,2009-05-26,21.83775860377114,22.689192494040558,21.666616758374307,22.565113067626953,8468417,35.23654340140237,43.0541435044376,40.021667963640375,53.23725297413434,47.672520175378565,8.64,18.0,-0.81,0.42
RTX,2009-05-27,22.6078941182053,22.76192031155994,22.004616648244095,22.008895874023438,7903845,35.6629806067762,42.42979131876537,40.182639146673836,53.21415728618438,47.71657120110196,8.67,22.0,-0.8,0.41
RTX,2009-05-28,22.188590298175022,22.492365990550994,21.79924048156518,22.411073684692383,7960413,35.305508125783795,42.296863341205345,40.08918675315814,53.182984241548006,47.75026902570115,8.7,20.0,-0.81,0.44
RTX,2009-05-29,22.475258533313102,22.547992403131833,22.132972345448017,22.50948715209961,7592878,35.13224734700845,42.24078420850585,40.05279141719183,53.169380029391036,47.75324879931779,8.72,20.0,-0.82,0.44
RTX,2009-06-01,22.885994567624746,23.78021250739209,22.76619442698601,23.6475772857666,9493957,37.450773256123846,42.475104813346185,40.78247300407188,53.48665877066436,48.002160814737884,8.73,25.0,-0.78,0.3
RTX,2009-06-02,23.621910808746808,23.92568654234623,23.390866347595008,23.780216217041016,8705813,35.69143587962564,42.42600263797504,40.58794110500246,53.48132270252064,48.00523518366078,8.74,25.0,-0.73,0.33
RTX,2009-06-03,23.583395990520113,23.690358441749684,23.18976960548947,23.399417877197266,7899078,34.2073868098689,42.16139048828795,40.67411275150307,53.45840167080511,48.012130675721345,8.74,26.0,-0.72,0.32
RTX,2009-06-04,23.472159194081602,23.70748029255923,23.390866875357155,23.587682723999023,8101834,33.184896499802655,39.06799458829318,40.61419481811851,53.46824037216533,48.016055131226345,8.73,26.0,-0.7,0.32
RTX,2009-06-05,23.912855773173217,24.383495450941655,23.90002068786881,24.12678337097168,13427209,33.108730276776406,39.23071520064832,40.74714117922833,53.344729408185984,48.06054331545213,8.73,28.0,-0.65,0.26
RTX,2009-06-08,24.066881936168283,24.37493691702078,23.651861871419538,24.169565200805664,8339072,32.47395512997498,39.1510799987448,40.4400275511776,53.232279062529976,47.87151167946567,8.71,25.0,-0.63,0.31
RTX,2009-06-09,24.20379584076286,24.23802446298953,23.57057151651027,23.754547119140625,9338712,32.395790927883596,38.75430254111892,40.462569690144214,53.15730308267308,47.892930740855974,8.69,26.0,-0.66,0.31
RTX,2009-06-10,23.981308025088154,24.054041888979246,23.339522771880198,23.745986938476562,9547665,32.126407370222644,38.73422319479612,40.442976526632975,52.92315858469488,47.88874229925612,8.67,26.0,-0.69,0.31
RTX,2009-06-11,23.835836990687916,24.096828234753623,23.66897314106266,23.767379760742188,8120585,31.85709094382563,38.696461670973086,40.215435813204685,52.84822291027561,47.8854537253869,8.65,25.0,-0.72,0.39
RTX,2009-06-12,23.67752905662935,23.947078751839836,23.433652119446926,23.891456604003906,5738991,31.80796465656558,38.69612238306165,39.812094618393054,52.84280654628644,47.849102687263034,8.62,8.0,-0.75,0.46
RTX,2009-06-15,23.664693531147368,23.703201370733343,23.091368129876216,23.41225814819336,9155977,32.48590181925392,38.70283453691199,39.956474916484666,52.888580693643796,47.87842649464535,8.58,15.0,-0.8,0.43
RTX,2009-06-16,23.42509363351333,23.651858856293824,23.25395315195447,23.352359771728516,9611543,31.302340256031087,38.56034598936301,39.943895066012075,52.78059704762802,47.8756337964028,8.54,15.0,-0.85,0.43
RTX,2009-06-17,23.301014217662143,23.630462654782942,23.253950525711964,23.3951416015625,8891408,31.151684461701805,36.09130846670763,39.58729719306087,52.10004022602145,47.87251593435451,8.5,3.0,-0.89,0.49
RTX,2009-06-18,23.39087092603468,23.660420688914094,23.34380721688298,23.50211524963379,8596967,31.095096279630962,36.02912685464995,39.39288718121817,51.63882040389526,47.87361361321936,8.45,2.0,-0.94,0.57
RTX,2009-06-19,23.6261883672977,23.639023450790038,23.117040912027512,23.189777374267578,13356340,31.189667471714404,36.17604200876234,39.426993542985926,51.629533791230855,47.875768322477626,8.4,3.0,-0.98,0.58
RTX,2009-06-22,23.04002549332061,23.04002549332061,22.385405179608526,22.496646881103516,9021706,30.917585941970714,36.03759915784258,39.49452002747408,51.03577803077648,47.96657890836869,8.34,4.0,-1.0,0.62
RTX,2009-06-23,22.599331950781153,22.659233321432236,22.09874042101226,22.18003273010254,8713599,30.651992688419156,35.84473774978845,39.03345998802259,51.0623181418625,47.984611504918604,8.28,1.0,-1.02,0.69
RTX,2009-06-24,22.36401198320499,22.470977054555558,21.58103694554095,21.739343643188477,10298309,31.11371614102566,34.88166256062534,39.10113380242347,50.8851968132972,48.014765322967015,8.21,2.0,-1.03,0.68
RTX,2009-06-25,21.66232896577915,22.398240295749012,21.623822422393285,22.26132583618164,9709267,30.104761655576585,35.119383166109955,39.23595621061761,50.624216189453406,47.978198701268774,8.13,3.0,-1.05,0.6
RTX,2009-06-26,22.13725202445308,22.28272236053937,21.901930913844858,22.055959701538086,19555029,29.81574824752093,35.021819568421805,39.19540818476194,50.62539043279267,47.72971306939265,8.05,3.0,-1.07,0.64
RTX,2009-06-29,22.162926586310654,22.522327162182222,22.120142100204152,22.4495906829834,8116453,30.214362444947668,34.00276556284454,39.189441715877805,49.972980367291655,47.694363224579504,7.96,3.0,-1.09,0.61
RTX,2009-06-30,22.419630184559608,22.509480932414704,21.88481010890129,22.231372833251953,11115214,28.795839498265398,34.042578741691024,39.19597280609583,49.88603247609026,47.69386502075002,7.86,5.0,-1.11,0.63
RTX,2009-07-01,22.312671607538153,22.543716084294182,22.265607904419944,22.36829376220703,7422219,28.6193857066715,33.952890270126716,39.08361607302522,47.536269534668065,47.67110093193618,7.76,2.0,-1.13,0.68
RTX,2009-07-02,22.120139818584807,22.145812582377207,21.349999697074903,21.49547004699707,8766195,30.727111659972273,34.58303504393423,39.568142450500545,47.63717520271027,47.80720495560807,7.64,12.0,-1.13,0.62
RTX,2009-07-06,21.337161503571572,21.812081629841536,21.106118333714676,21.77785301208496,9982734,30.490437978524636,34.53353728598664,38.684563230655776,47.042150236624906,47.77141440320767,7.52,1.0,-1.13,0.65
RTX,2009-07-07,21.773576465201412,21.816360945925688,21.127514467401536,21.148906707763672,9983528,31.60237822227414,33.11861321245467,38.940165014707866,46.41064726874293,47.852352095359386,7.39,2.0,-1.13,0.63
RTX,2009-07-08,21.281537168343757,21.4141724001776,20.969203008455974,21.25586700439453,11124748,30.004373083630494,32.86273937563165,38.86637995780744,46.149113574284826,47.81311647721362,7.25,2.0,-1.13,0.63
RTX,2009-07-09,21.474076252860403,21.662332367594033,21.174577122258878,21.24303436279297,6894512,29.204105278989772,32.612615551460486,38.863756265510915,46.01530008373532,47.80293967950322,7.11,2.0,-1.12,0.63
RTX,2009-07-10,21.05477550028966,21.38850191086989,20.96492473544715,21.238752365112305,7632603,28.629714516349107,32.20629940928389,38.543227657310084,45.921663462374106,47.76975870898365,6.97,1.0,-1.11,0.7
RTX,2009-07-13,21.328598636115384,22.047395569964923,21.225914100842456,22.00033187866211,8988655,30.53997038415072,32.82668258025001,38.88320027782499,45.76444998265787,47.84740186140899,6.81,5.0,-1.09,0.56
RTX,2009-07-14,22.077346977622792,22.13724574800787,21.765010264987886,22.068788528442383,5742328,26.642270909587367,32.81009686113669,38.8778173147914,45.76523561898184,47.84441883149919,6.64,5.0,-1.08,0.55
RTX,2009-07-15,22.34690078511414,23.074257665876505,22.257052602408304,22.997241973876953,10547305,29.415087915665218,33.02198477918132,39.275528363877555,45.885279800300886,48.00076390171564,6.45,15.0,-1.06,0.42
RTX,2009-07-16,23.018633170181946,23.215446419118333,22.676349597266924,23.09136962890625,6611035,29.099669174885378,31.743676616041718,38.74720618740103,45.5459893261536,47.9713188025209,6.28,3.0,-1.02,0.49
RTX,2009-07-17,23.03146606309683,23.09992328986454,22.77903068775832,23.018630981445312,7047533,28.99753113881974,31.325332186474313,38.70330250714449,43.02141920927408,47.62377339642504,6.12,3.0,-0.98,0.53
RTX,2009-07-20,23.12132595362226,23.5449019697064,23.082818099988888,23.51923179626465,6992712,28.923127686670075,31.24940438223467,38.35399208607873,43.0580742477505,47.66673864293207,5.94,1.0,-0.93,0.54
RTX,2009-07-21,23.296738735267276,23.37803105141622,22.911668094819145,23.09136962890625,11732064,29.349902343905516,31.0937569922089,38.446859554067956,42.98760181238219,47.700192990151805,5.78,2.0,-0.87,0.52
RTX,2009-07-22,23.0229018855382,23.223994290774552,22.637833970968924,22.72768211364746,12760941,29.285229048072576,31.02293661636989,38.532719427429825,42.92211812216728,47.68458931492701,5.6,3.0,-0.8,0.5
RTX,2009-07-23,22.783307989583935,22.992956283760655,22.52231677966546,22.838930130004883,17759935,29.34191263293894,30.93128987772684,37.876002087530516,42.898357156007954,47.68028637926378,5.42,1.0,-0.74,0.58
RTX,2009-07-24,22.838938658517097,22.903116678792266,22.184318183463553,22.34690284729004,12181115,29.924688642793857,31.087060557065264,37.96203897571041,42.49467390041587,47.66837034932501,5.23,2.0,-0.69,0.56
RTX,2009-07-27,22.316948648057778,22.445307254457962,22.12869385401869,22.295555114746094,9666364,29.845393517107443,31.090728245504355,37.91760471650303,41.80350694832293,47.63938620800174,5.03,2.0,-0.62,0.6
RTX,2009-07-28,22.18003200320519,22.513759678780662,22.09446306531323,22.43674659729004,8350195,29.447161768808712,30.998399246069226,37.50046548277198,41.22268667788341,47.61339131694379,4.84,1.0,-0.62,0.67
RTX,2009-07-29,22.30839373186286,22.821820398712028,22.227101414013163,22.761919021606445,7678843,29.797701014527416,30.4100751073854,37.48556523480266,41.165159706750124,47.581230088098465,4.64,1.0,-0.62,0.67
RTX,2009-07-30,22.97585116606146,23.527783130118426,22.860327627385075,23.202613830566406,12049546,30.352385128629813,30.548577041403757,37.27714482661105,41.21761809209472,47.60825880656096,4.53,1.0,-0.76,0.68
RTX,2009-07-31,23.215450881943735,23.45932787727229,23.108485786018484,23.305301666259766,9165988,30.350391012906407,30.512795693297175,35.07395000766195,41.20981219242067,47.4870022864849,4.4,1.0,-0.71,0.11
RTX,2009-08-03,23.15554647408396,23.694643268867036,23.15554647408396,23.609071731567383,9882468,30.322270896027547,30.512558586604456,35.105179818385345,40.83272991670107,47.50216051706572,4.29,2.0,-0.66,0.09
RTX,2009-08-04,23.532065755502956,23.686094569185784,23.326694003925844,23.442214965820312,9733737,28.979543750753102,29.741769548540358,35.06026635627747,40.129705093953774,47.505417021389235,4.2,1.0,-0.59,0.12
RTX,2009-08-05,23.467877678295658,23.506385513587972,22.963006968681235,23.198328018188477,7049122,28.825939733370063,29.530178852169005,34.734094192986625,39.8628712573041,47.43226226453412,4.11,1.0,-0.56,0.18
RTX,2009-08-06,23.33096708355001,23.64330126168133,23.05714074706157,23.557729721069336,9628069,28.34819204881558,29.661217464530505,34.75008328123566,39.5740330763121,47.43253545927229,4.01,2.0,-0.53,0.17
RTX,2009-08-07,23.77593022943997,23.959908344856917,23.579117034684458,23.784488677978516,8903644,27.72503099079199,28.71146313090146,34.719495066153236,39.49180954686094,47.366191807584286,3.91,1.0,-0.48,0.18
RTX,2009-08-10,23.728873166843382,24.143893200085103,23.681809467151222,23.912851333618164,7832658,27.52257017449876,28.52796175824386,34.72120374237772,38.589812465964094,47.2559941928987,3.81,2.0,-0.44,0.18
RTX,2009-08-11,23.938516676557345,23.96846606183026,23.720312530443575,23.86150360107422,8836270,27.181829769316018,28.51162264721024,34.535576474626254,37.85042475697777,47.252439030977875,3.7,1.0,-0.47,0.22
RTX,2009-08-12,23.835833873385887,25.15362759708772,23.831554648706465,24.888357162475586,13772340,29.30327498016341,29.019025864897053,34.98892120971152,37.09432964961641,47.43459012829,3.58,6.0,-0.61,0.11
RTX,2009-08-13,24.849852914975646,24.866967222694694,24.36209903518755,24.55891227722168,9433575,29.706375200335877,29.02781698922241,33.42159300450251,36.66030240971903,47.4520575486905,3.44,1.0,-0.56,-0.24
RTX,2009-08-14,24.47762107849121,24.678713554979147,24.118223193496174,24.47762107849121,6967765,26.872959194883933,28.932805637251874,33.40464377836177,36.320265125895816,47.45284710087599,3.42,1.0,-0.53,-0.24
RTX,2009-08-17,24.285084378070163,24.387770228715784,23.857229260516725,24.01553726196289,8595696,27.569849335140606,28.930838511697026,33.558785925651165,36.372835112030025,47.47684263115865,3.39,3.0,-0.49,-0.26
RTX,2009-08-18,24.088271710829716,24.443392971207942,24.0583223187006,24.30647850036621,6105574,25.878382590605238,28.998749663777414,33.05683597704733,36.349148455583965,47.472628471948134,3.35,1.0,-0.42,-0.18
RTX,2009-08-19,24.07170458001357,24.39047829842907,23.929550108766954,24.123397827148438,10483269,26.11796370175429,28.32856856626774,32.86532544562299,35.58837783395198,47.46011949922793,3.32,1.0,-0.35,-0.14
RTX,2009-08-20,24.106162061149174,24.666168212890625,24.05446882405786,24.666168212890625,8050986,26.587013412954867,28.124238797194362,32.18737455003534,35.66149747878118,47.51369321854024,3.28,1.0,-0.44,-0.2
RTX,2009-08-21,24.847101072882555,25.346799858671524,24.6489449279489,25.29079818725586,10842383,27.157889389843902,28.328878406716722,32.36245696388245,35.642212942496926,47.57445297003734,3.24,2.0,-0.51,-0.26
RTX,2009-08-24,25.385570649833006,25.72588127099795,25.31664370750328,25.54495620727539,9147555,25.73062913431956,28.37228553508508,32.2597633304566,35.65249761366272,47.5059508045929,3.23,2.0,-0.5,-0.22
RTX,2009-08-25,25.5923448560152,26.117891654081717,25.43295927475837,25.721576690673828,10802817,25.730067926104244,26.635767826978114,31.53086860895204,35.38488745039151,47.48654690426214,3.23,1.0,-0.39,-0.15
RTX,2009-08-26,25.717269427099726,25.833578593965193,25.488956906092703,25.74742317199707,5913305,23.35687067664283,26.621518301497787,31.49516593860303,35.37011905341665,47.48662364160122,3.23,1.0,-0.32,-0.14
RTX,2009-08-27,25.68280927521645,26.036045227442827,25.644038679494592,25.85080909729004,6487728,23.356789599018054,26.37596620866879,31.437470656087147,35.32436121254069,47.48774674041146,3.23,1.0,-0.24,-0.12
RTX,2009-08-28,25.971424671962048,26.005886840767893,25.583729189645293,25.691421508789062,6112247,23.451081831093,26.390396972670104,31.152264192387342,35.335619385320804,47.42206591982396,3.22,1.0,-0.24,-0.06
RTX,2009-08-31,25.53634814056191,25.570810317993164,25.342500350886077,25.570810317993164,5974640,22.942320980998673,26.04568447468282,31.08440596967066,35.25559794286967,47.394305675729385,3.21,1.0,-0.32,-0.05
RTX,2009-09-01,25.566494371100273,26.018808312239276,25.243412238525092,25.44156837463379,9823834,22.188711064022566,26.07437333108115,29.825126594920338,35.018391517223165,47.38821113359402,3.24,1.0,-0.31,-0.25
RTX,2009-09-02,25.41141794725585,25.540649772668875,25.273569274193445,25.351110458374023,5917277,21.545025362165624,25.81592979901277,29.639788588967487,34.97556238498186,47.35005256895781,3.27,1.0,-0.33,-0.2
RTX,2009-09-03,25.355411295256832,25.738800883600344,25.351105483443074,25.695724487304688,7522167,21.732196649449502,25.938826010513242,29.501250454686918,34.69531795141701,47.21634012590358,3.3,1.0,-0.39,-0.18
RTX,2009-09-04,25.7086474242747,26.143730259597305,25.618183596556296,26.070497512817383,5440895,20.511624724265882,26.078463107742948,29.322769154771084,34.63428356201081,47.22318480882292,3.33,1.0,-0.39,-0.13
RTX,2009-09-08,26.165276453890478,26.225583947012755,25.77326991509726,26.010196685791016,7867934,20.512106344554944,26.078872238785994,29.259160560765462,34.634780062409085,47.14982686512689,3.39,1.0,-0.39,-0.1
RTX,2009-09-09,26.057573194478355,26.436656950969223,26.057573194478355,26.38065528869629,7825825,20.67598111423887,25.80914388192236,29.298816156907474,34.64959245525818,47.101896005231005,3.45,2.0,-0.37,-0.12
RTX,2009-09-10,26.384969337484613,26.70804888942713,26.16527367546419,26.686511993408203,7267609,20.58427976498789,25.86448023328689,28.782856251333165,34.66415120847483,47.0997481776606,3.54,1.0,-0.4,-0.08
RTX,2009-09-11,26.725282490170603,26.725282490170603,26.453896163210445,26.70374298095703,7572538,20.195954626417354,25.86639094568548,27.93360494310374,34.5559363116899,47.09002230076641,3.64,1.0,-0.38,-0.07
RTX,2009-09-14,26.496978933489878,26.604671283086912,26.337593316066243,26.518518447875977,7688059,20.476309999452297,25.929249805287117,27.668290948350638,34.55222189959595,47.08781180949547,3.75,1.0,-0.44,-0.01
RTX,2009-09-15,26.565892769207338,26.591738087301266,26.354813967554566,26.402198791503906,8599827,20.457105210990935,25.766343215656196,27.478101138536577,34.55799299650423,47.04290987029483,3.86,1.0,-0.5,0.06
RTX,2009-09-16,26.57881706865012,26.85882021738892,26.42804574068833,26.686511993408203,11542814,20.288924592642257,24.91366223262192,27.222979351288895,34.57505965465781,47.0550921592586,3.96,1.0,-0.52,0.14
RTX,2009-09-17,26.673582584979012,27.156050237386587,26.673582584979012,26.932048797607422,10620558,19.838854656059077,24.690717361201933,27.033524155937343,34.38358859273259,46.901992491680055,4.06,1.0,-0.53,0.19
RTX,2009-09-18,27.018212423987162,27.259445018020017,26.92344014493296,27.061288833618164,10863993,19.592377136917786,24.20946968268426,26.95667637719256,34.368088649867225,46.815956286558,4.17,1.0,-0.56,0.22
RTX,2009-09-21,26.910508645108447,27.147435348182206,26.83727590050425,26.99666404724121,5864999,19.63627867306335,23.873706444185412,26.837474481474672,34.25274355137587,46.729591128379475,4.27,1.0,-0.6,0.28
RTX,2009-09-22,27.2292893581159,27.268059951877696,27.052672696514726,27.237903594970703,7284294,19.680670917653348,23.75800672022401,26.847857821262274,34.232094726932786,46.541688038494,4.36,2.0,-0.62,0.27
RTX,2009-09-23,27.345604507536883,27.44899103939713,26.996676920883527,27.026830673217773,7465917,19.908303369985415,23.682327679458666,26.839488540142366,34.22828973044591,46.48440525240144,4.45,2.0,-0.67,0.28
RTX,2009-09-24,27.108666449115876,27.13882018894492,26.712354185841477,26.854511260986328,7468141,16.547831827738268,23.614106977208806,26.426448503202444,34.09988135089303,46.480537529098896,4.55,1.0,-0.74,0.4
RTX,2009-09-25,26.7898888633309,26.7898888633309,26.281575949595155,26.509885787963867,7417293,16.51414427344342,23.832930148333038,26.478882973400182,34.139215831208716,46.49239555560287,4.63,2.0,-0.81,0.39
RTX,2009-09-28,26.664960127490705,26.772652391169483,26.51849729108195,26.552959442138672,8526415,16.42354688556572,22.11821615386901,26.45524653986785,34.08514004493618,46.40824817700309,4.71,2.0,-0.88,0.41
RTX,2009-09-29,26.56158369287997,26.67789284377501,26.384967060471073,26.410812377929688,6433702,15.286493166276319,22.101363050322327,26.401496092951128,34.081983085939285,45.85060585812396,4.79,1.0,-0.94,0.43
RTX,2009-09-30,26.35050448677432,26.50558161144647,25.833574645147426,26.24711799621582,10320714,15.281557215486416,21.135765618257185,25.897179597433105,33.889870191595136,45.48587079027052,4.87,1.0,-1.01,0.56
RTX,2009-10-01,26.20403410515912,26.268649996930662,25.807721909672292,25.84218406677246,9733578,15.903914012385517,21.493923451818546,25.817063102251446,33.89175378501891,45.48507827002621,4.95,1.0,-1.05,0.58
RTX,2009-10-02,25.579420490243702,25.820655669286328,25.549266745654865,25.68711280822754,7409189,14.900279719707957,21.5639924861913,25.831744661694987,33.889241884804946,44.89905296119977,5.02,2.0,-1.09,0.58
RTX,2009-10-05,25.846500964193083,26.053271363428394,25.5751120408329,26.031734466552734,5661130,13.618215954447685,21.651809699420077,25.202641609460457,33.76998457815048,44.916735331541695,5.11,1.0,-1.13,0.6
RTX,2009-10-06,26.225581659045492,26.67358722774854,26.14373466359168,26.488353729248047,5921885,14.200284871357955,20.824161956868238,25.198880600598383,33.55609859066126,44.753178660623085,5.18,1.0,-1.16,0.6
RTX,2009-10-07,26.216961426836697,26.47542501417636,26.216961426836697,26.307422637939453,3774511,14.280934883102269,20.923720890273426,25.216878139851385,33.56749246684505,44.47778081168476,5.25,3.0,-1.19,0.59
RTX,2009-10-08,26.535740772106667,26.82866658186741,26.40220052712277,26.613279342651367,7093773,14.62081984792613,19.43614752128465,24.780032139678063,33.577532736932504,44.47974447738663,5.32,1.0,-1.22,0.72
RTX,2009-10-09,26.639119637338055,26.802813594923716,26.61327432242048,26.78127670288086,4468109,14.675177062141543,19.449420530529547,24.68089834000243,33.34635988965242,43.91102948021131,5.39,1.0,-1.25,0.75
RTX,2009-10-12,26.845904526228043,26.919137302966636,26.294512321793967,26.479745864868164,5741534,14.97176667216062,19.621600377864684,24.68827893953093,33.25226903163426,43.84887369244297,5.45,2.0,-1.27,0.75
RTX,2009-10-13,26.479742130644848,26.77266797395718,26.367741380103798,26.69512939453125,5852605,15.007164608246795,19.250635020444783,24.47861538792931,33.239578919229785,41.967018390198234,5.51,1.0,-1.28,0.82
RTX,2009-10-14,27.026827544408462,27.513603783856286,26.815748691338023,27.466218948364258,8319527,16.787645174355156,19.514510983789815,24.829916804944006,33.240097474536185,41.94551782335275,5.56,5.0,-1.27,0.67
RTX,2009-10-15,27.336974226466932,27.759134385231135,27.336974226466932,27.74190330505371,9007564,16.81808534232231,19.168917808406245,24.37753891710807,32.89023496171942,41.43843063254173,5.62,1.0,-1.25,0.81
RTX,2009-10-16,27.638526154282907,28.039146907427835,27.62129506991648,27.952991485595703,9862605,16.582803612798504,19.186257501065263,24.003751665048156,32.842594049375336,40.8447466773765,5.67,1.0,-1.22,0.92
RTX,2009-10-19,28.013288575810673,28.37083279088997,27.909902107992686,28.189905166625977,9502220,16.303390404982633,18.481144104157714,23.891404973722725,32.824659453711064,40.62435586044838,5.72,1.0,-1.18,0.99
RTX,2009-10-20,27.746216961132347,28.379456013131854,27.48344489723894,28.172685623168945,10435599,16.266123001972275,18.460279124998248,23.893446459802693,32.78262052221495,40.52447713393317,5.76,2.0,-1.15,1.0
RTX,2009-10-21,28.060682275307947,28.543150000109197,27.896988288330604,28.172685623168945,9264029,15.91133962068065,18.47036094703607,22.671257328595726,32.71270311898594,40.441607232199665,5.82,1.0,-1.15,0.73
RTX,2009-10-22,28.112377520475796,28.45699921347846,27.95730036979063,28.38807487487793,7630219,15.751490452738501,18.356232695906762,22.682256155305176,32.702363527974526,40.15441112842123,5.86,2.0,-1.15,0.73
RTX,2009-10-23,28.431149285422144,28.586229036388758,28.232993131436622,28.349302291870117,8839289,15.777970919687084,18.096541575480543,22.50580276798723,32.6318346568757,40.1552793607902,5.91,1.0,-1.15,0.81
RTX,2009-10-26,28.349297542873895,28.54314524073494,27.750520757571117,27.92713737487793,8670696,16.336899173034876,18.480722537629507,22.643326116188785,32.66911997183549,40.075381569562346,5.95,2.0,-1.17,0.75
RTX,2009-10-27,28.008996385913914,28.185615690252526,27.530836959098565,27.608375549316406,8908887,16.692664740704824,18.597593908445813,22.487998497504297,32.05634312404436,39.812740240800004,5.98,1.0,-1.2,0.82
RTX,2009-10-28,27.474835678000375,27.707454063271,26.95790564282492,26.9708309173584,7954057,17.9321650622323,19.2476590894654,22.827359835688846,32.17221513623608,37.850381806181154,6.01,6.0,-1.23,0.7
RTX,2009-10-29,27.013888984348192,27.457585940472576,26.854503485023013,27.38866424560547,7930699,18.2843372396831,19.242229350524887,22.745786717843362,32.15153180055124,37.85072066190926,6.03,6.0,-1.25,0.72
RTX,2009-10-30,27.31975166558664,27.474828809554868,26.458200081562854,26.47112274169922,12995795,20.799776821625173,20.48682768003143,23.43238259915954,32.429692748163035,37.91213562037708,6.03,8.0,-1.26,0.64
RTX,2009-11-02,26.583126090008644,27.11297865604013,26.462508502694103,26.992361068725586,7289220,21.600527732106382,20.744010060290496,23.613931336186667,32.273505109160425,37.876632852852524,6.03,9.0,-1.27,0.56
RTX,2009-11-03,26.781270996452676,27.289583841234236,26.781270996452676,27.22496795654297,7042607,21.58941612014039,20.77589793320086,23.634304148718694,32.252739404526544,37.86007742952321,6.04,10.0,-1.29,0.54
RTX,2009-11-04,27.37573897985089,27.845283856319636,27.306814673818984,27.38866424560547,7065489,21.528007196171373,20.770752387545322,23.390687159692284,32.25094282200476,37.486867781200914,6.04,8.0,-1.29,0.65
RTX,2009-11-05,27.582518241908332,28.215757185265005,27.526516577585863,28.194217681884766,5806206,22.947010759480623,19.848111200588892,23.781786959401334,32.33227955253001,37.02003875884156,6.03,12.0,-1.28,0.53
RTX,2009-11-06,28.155453116191946,28.31053024803191,27.866833136167248,28.030527114868164,6189473,22.64660262803864,19.65805991228478,23.813238455439183,31.990295189186213,36.53969768807993,6.02,13.0,-1.28,0.51
RTX,2009-11-09,28.271756617305428,28.75422422123652,28.047752588867866,28.745607376098633,6093338,23.63383661821801,20.177440463843162,24.097441842019673,32.06785901706314,36.55089199148708,6.0,17.0,-1.26,0.4
RTX,2009-11-10,28.749915798667576,28.948071902856668,28.556068117047428,28.745607376098633,5645081,23.52666188596356,19.672207359951994,23.97317689450051,31.75683824706535,36.54578286685934,5.98,16.0,-1.23,0.46
RTX,2009-11-11,28.801610391746937,29.055768167800416,28.702532334988597,28.848995208740234,5416901,23.370351911697593,19.582267790691414,23.400816810127868,31.719971574242535,36.53642243957888,5.97,9.0,-1.19,0.57
RTX,2009-11-12,28.92653085300797,29.107458479568297,28.650836213159238,28.732683181762695,7415545,22.80132077865643,19.51545728513215,23.272100780186015,31.710782444948478,36.20709703895478,5.95,8.0,-1.15,0.63
RTX,2009-11-13,28.801603732326793,29.400380357201268,28.715448352638973,29.288379669189453,7867457,23.050800505857964,19.394418671907108,23.13262871343933,31.327430369694287,35.69129988796521,5.94,8.0,-1.1,0.67
RTX,2009-11-16,29.42193234335599,29.895783216022817,29.297006336991345,29.869937896728516,8537697,23.33597257128222,19.16324933178406,23.048667898746622,31.305216443791878,35.499113289390365,5.92,8.0,-1.02,0.7
RTX,2009-11-17,29.88716917329921,30.137018576478788,29.75793735366015,30.124095916748047,7645156,23.05221261464595,19.141206650418365,22.981438580223852,31.276713788628435,35.23425369211921,5.89,8.0,-0.93,0.74
RTX,2009-11-18,30.208567541576155,30.21722946744143,29.628131863087948,29.805728912353516,9468533,23.23575047984004,19.3150939913945,22.96397833387137,31.03557282063358,35.18299474077079,5.86,8.0,-0.88,0.75
RTX,2009-11-19,29.66277960002138,29.66277960002138,29.147320271491033,29.45919418334961,6687942,23.567478153154468,19.529997381556896,22.99291031668804,31.049246263376872,34.47234499086153,5.83,10.0,-0.85,0.73
RTX,2009-11-20,29.337908982121217,29.502511801491035,29.233952761494507,29.44186782836914,5340788,23.578122860953382,19.534989050313726,22.992951476651122,30.86029720690588,33.873248185140085,5.79,11.0,-0.81,0.73
RTX,2009-11-23,29.68010203153633,29.944328759472135,29.58047547426149,29.771066665649414,5181252,23.27569819953978,19.540857141704162,21.993502502114477,29.406258209090712,33.041930338904635,5.76,1.0,-0.79,0.52
RTX,2009-11-24,29.67144086144971,29.771067421253118,29.415876050189308,29.57181167602539,6175649,23.439160369142563,19.57662654481417,21.993277326929697,29.42556154688213,32.67909970856655,5.73,1.0,-0.76,0.53
RTX,2009-11-25,29.658447743899647,29.658447743899647,29.42020937525442,29.589141845703125,4328277,22.209108949772403,19.518442416598276,21.37685026661592,29.37312768793455,32.398541975599635,5.7,1.0,-0.77,0.58
RTX,2009-11-27,28.99139764553062,29.27295103567844,28.74016494537027,29.10835075378418,4129811,22.74329911844545,19.86278970822614,21.60323649764598,29.20460001922274,32.42905133673955,5.66,2.0,-0.8,0.5
RTX,2009-11-30,29.095343081369936,29.220958060500926,28.81378982153227,29.12566375732422,6850656,22.673768177152205,19.7276454071334,21.598781258553085,29.17881976659637,32.39344814377258,5.62,2.0,-0.83,0.5
RTX,2009-12-01,29.45487403869629,29.753756499941066,29.411559147907546,29.45487403869629,6127502,22.76397665032943,19.651749990534803,21.62985164791831,29.164439233507423,31.779542795383176,5.58,4.0,-0.89,0.47
RTX,2009-12-02,29.337916621407448,29.73642563579206,29.246954576470863,29.519845962524414,4223562,22.756305525284183,19.630837368481664,21.014325149200495,29.164154642069313,31.76968082623974,5.53,1.0,-0.9,0.57
RTX,2009-12-03,29.476512608384752,29.66710377368801,29.09966255157661,29.134315490722656,6018496,23.150022172543615,19.712839966333025,21.168859723143715,29.099673440199346,31.70195308660606,5.48,2.0,-0.91,0.5
RTX,2009-12-04,29.3639090839733,29.810062655016832,29.238291449518663,29.593482971191406,6974757,23.46030127428643,19.818473685978454,20.360895754688368,29.07925554441535,31.729539468106648,5.42,1.0,-0.89,0.29
RTX,2009-12-07,29.59347314082719,29.97465294266493,29.541493718900977,29.82737922668457,5539890,23.518842734780055,19.85699390547971,20.37716943559755,27.96363963771864,31.519139545273266,5.37,2.0,-0.87,0.27
RTX,2009-12-08,29.680104818189534,29.680104818189534,29.190633909020868,29.554487228393555,6527135,23.21866926749936,19.904443801890892,20.442683044451453,27.97909424029473,31.52477971183384,5.3,3.0,-0.85,0.24
RTX,2009-12-09,29.342246048404316,29.411551957219867,28.91341901963515,29.199304580688477,7684086,23.249890919907624,20.068647532135966,20.34282387163865,28.01521311815795,31.515586728021024,5.24,1.0,-0.82,0.28
RTX,2009-12-10,29.359567850625382,29.888024008386,29.27293547840059,29.424541473388672,7605749,22.031516445877433,20.019987603182056,20.092601407103437,27.666556682563503,31.521661223900775,5.18,1.0,-0.79,0.37
RTX,2009-12-11,29.810061918583305,30.16958570771254,29.736426350762542,30.061294555664062,9224463,22.394877901578447,20.371162138654103,20.100012293312325,27.605467973214203,31.513232338349955,5.1,2.0,-0.77,0.35
RTX,2009-12-14,30.277867584339408,30.312520535334485,30.091608629146222,30.28219985961914,7944206,19.442257575696466,20.393474587644825,20.110181447248117,27.068280808017985,31.326115902502426,5.04,3.0,-0.75,0.35
RTX,2009-12-15,30.225887280778455,30.45112881052323,30.043957996326267,30.42947006225586,8688493,18.915557682866545,20.382787836661972,19.72156394785825,27.059863060053935,31.2921070724061,4.96,1.0,-0.76,0.45
RTX,2009-12-16,30.49444368143689,30.646049668066333,30.360166793918214,30.42947006225586,8319210,18.898282521148545,20.33562013341971,19.708944308697067,26.978006623525886,31.04908757631145,4.89,1.0,-0.8,0.46
RTX,2009-12-17,30.34718018667943,30.373171218474983,30.087285622455656,30.139265060424805,5909173,19.270207596202766,20.375399381968094,19.80449783957117,26.523326032901423,30.98811544955562,4.81,3.0,-0.86,0.41
RTX,2009-12-18,30.27785928933169,30.321176779018845,29.93999704812347,30.087270736694336,15200056,17.68834044489111,20.317396736457425,19.73269232963406,26.505440279485054,30.98841285763828,4.72,3.0,-0.9,0.46
RTX,2009-12-21,30.12626640873386,30.334184148029056,30.009313336785763,30.04396629333496,6506161,17.561492912607154,20.09499599151372,19.567627296411395,26.468534383318993,30.974615799725946,4.64,1.0,-0.92,0.55
RTX,2009-12-22,30.05263463057293,30.26055239605648,29.978996432225305,30.039640426635742,6367123,16.173653774343773,20.09999662889075,19.570149321421578,26.267398471007454,30.96932863235928,4.59,2.0,-0.94,0.55
RTX,2009-12-23,30.043964583735995,30.225893908077826,29.944337995731576,30.108938217163086,4571712,16.169269988355108,20.040371590941422,19.49881743990705,26.21052752576433,30.882068116149348,4.54,1.0,-0.94,0.61
RTX,2009-12-24,30.182576955883103,30.537768434007564,30.182576955883103,30.477127075195312,1992447,16.451474570672758,20.06507550794146,19.498886825895326,25.390630972152206,30.88767073133963,4.49,2.0,-0.96,0.6
RTX,2009-12-28,30.451127534847995,30.659045208013968,30.31684802733355,30.52043342590332,3212799,16.35803025540999,19.71176277181209,19.38687502749625,25.261344540407222,30.887160857461172,4.43,1.0,-1.02,0.66
RTX,2009-12-29,30.576749422301717,30.70669667350933,30.451131820678707,30.45113182067871,3600674,15.56636866033039,19.655273365575646,19.29640820205897,25.147404307360954,30.888277632100554,4.38,1.0,-1.06,0.73
RTX,2009-12-30,30.45113000359209,30.555088848603262,30.32118276013872,30.533430099487305,3481658,14.572042558429462,19.53327714350315,19.26364121585285,24.98885859697853,30.72721502848032,4.31,1.0,-1.09,0.76
RTX,2009-12-31,30.611402407591683,30.650387636590796,30.0266371007128,30.065622329711914,4200680,15.106563346164128,19.634254746008722,19.46679072900145,25.02693345974718,30.75819951430428,4.24,4.0,-1.12,0.66
RTX,2010-01-04,30.4121483461842,31.126863520221697,30.260544961460294,31.027236938476562,9699415,17.316676377690424,20.441921391263822,19.99650158166007,25.254694520055555,30.81644858992948,4.16,13.0,-1.15,0.55
RTX,2010-01-05,31.031567277572137,31.031567277572137,30.44247232492738,30.56375503540039,7952786,17.56175311778127,20.67819761303433,19.16377724250626,24.999555005195685,30.831466885957504,4.07,1.0,-1.14,0.08
RTX,2010-01-06,30.56373884735081,30.68069447156988,30.33416512341002,30.403470993041992,7511044,17.65559770586197,20.718554814798257,19.04137883144278,24.461914920323853,30.823376097194334,4.01,1.0,-1.15,0.14
RTX,2010-01-07,30.325515035086145,30.58974179694032,30.13492381923233,30.533430099487305,6776132,17.42691516385583,20.53220159320487,19.024165173592877,24.275410746775687,30.712626235302004,3.95,1.0,-1.17,0.15
RTX,2010-01-08,30.43381129530125,30.62440255978875,30.429479019248344,30.59408187866211,7396477,17.280834596779744,20.49756778988411,18.71610753465062,24.135740249756164,30.712406246181544,3.88,1.0,-1.24,0.25
RTX,2010-01-11,30.637391023096217,31.300126735789934,30.637391023096217,31.25680923461914,8787170,18.252238632877614,20.16098025530133,18.8974212913041,24.059726373837584,30.734019399361813,3.81,2.0,-1.27,0.18
RTX,2010-01-12,31.100868998544858,31.165842620589224,30.780333163291623,31.074880599975586,7423808,17.581590399258165,20.15923483789116,18.876001867719523,23.95135462178139,30.732460770481783,3.74,2.0,-1.37,0.19
RTX,2010-01-13,31.109528651955085,31.473381928382842,31.096534454715687,31.43006706237793,7749712,17.773315189248194,20.219692079720005,18.66446894028248,23.929233620400918,30.584143810153424,3.69,1.0,-1.39,0.26
RTX,2010-01-14,31.291456521260493,31.555683253213655,31.239477104637118,31.53835678100586,5643016,17.584242678492206,20.177109624776964,18.31083567463556,23.84398316251424,30.53815552691168,3.63,1.0,-1.37,0.37
RTX,2010-01-15,31.547039799430554,31.5903546924987,31.04890408822354,31.183183670043945,8490504,18.02098897998704,20.352120192168627,18.392594234388856,23.894578171007648,30.55395036728492,3.56,2.0,-1.37,0.33
RTX,2010-01-19,31.183177612494585,31.59468083200552,31.031571577772965,31.313127517700195,5848632,17.460779034425336,20.355196029930177,18.379191620336492,23.85606556640306,30.43996510396223,3.51,2.0,-1.36,0.34
RTX,2010-01-20,31.191845451930114,31.291472060192955,30.594085802353064,30.94061279296875,5836715,17.475759645627477,20.50969597230728,18.511375333490253,23.631810485209606,30.253623232774483,3.45,4.0,-1.36,0.27
RTX,2010-01-21,30.949249612259084,31.122514279812993,30.212878713585045,30.37748146057129,8121856,18.27858650283955,20.90111325956907,18.783390263798434,23.719316275604953,30.3169914847908,3.38,7.0,-1.36,0.18
RTX,2010-01-22,30.264864877245177,30.446791506022528,29.88801742312509,29.922670364379883,9238446,18.6296470414108,20.90381552334107,18.930017796398438,23.78803628536532,30.352916368835032,3.3,10.0,-1.35,0.12
RTX,2010-01-25,30.10892487662104,30.10892487662104,29.697424505368204,29.710418701171875,7944047,18.393912830509702,20.810168999335087,18.95409267983523,23.76368053448446,30.17924623648314,3.23,11.0,-1.34,0.11
RTX,2010-01-26,29.45485806084915,29.827375896923968,29.368228326264138,29.658443450927734,7939280,18.28010167142267,20.181422498632,18.932141935731252,23.43833026841272,30.07931507760976,3.18,11.0,-1.34,0.12
RTX,2010-01-27,29.134314431682085,29.38987919218921,28.805114147381644,29.28592300415039,12220522,17.504826512850176,20.180417785786513,19.048822906650717,23.361989519244762,30.094840879757907,3.12,15.0,-1.35,0.06
RTX,2010-01-28,29.320570170624222,29.381214118229156,28.826769797153204,29.181961059570312,8864554,17.345611803463377,18.831459197051842,18.96623251234911,23.362211927180336,29.975827483333145,3.07,13.0,-1.33,0.11
RTX,2010-01-29,29.190632851981164,29.667109545122766,28.86576476631279,29.229618072509766,11491807,17.27240664064218,18.45942025795565,18.84778635641167,22.93759807606067,29.690317209036976,3.02,8.0,-1.3,0.18
RTX,2010-02-01,29.350909574319072,29.44187160724511,29.108338901939877,29.259944915771484,7812636,17.28201481639918,18.397448350516168,18.839634933948144,22.858948705775582,29.64856630278115,2.96,8.0,-1.28,0.19
RTX,2010-02-02,29.407215294211607,29.641121388756506,29.32058292111697,29.467859268188477,9739458,17.26337312468742,18.41087382511512,18.749067020753195,22.85678678789005,29.633636363053643,2.9,7.0,-1.24,0.24
RTX,2010-02-03,29.376882683627752,29.641109344989967,29.324903280891224,29.558809280395508,6595939,17.2959759333727,17.484184786948106,18.67738117197303,22.55851144107025,29.598128806860093,2.85,6.0,-1.2,0.28
RTX,2010-02-04,29.398554451994805,29.433207402508376,28.735818742638724,28.753145217895508,9507305,18.99091115488173,18.38465788657713,19.223451574345923,22.757027746324543,29.68820149857889,2.8,22.0,-1.16,0.25
RTX,2010-02-05,28.753144857717675,29.021703908023078,28.17704415748343,28.805124282836914,12434402,19.011088226090077,17.64905604046295,19.18440354278176,22.71103844245568,29.673086182857215,2.76,22.0,-1.11,0.27
RTX,2010-02-08,28.709831270571758,28.73149002174817,28.289666201229405,28.328651428222656,8358776,19.480157637060362,17.97840534616217,19.367754763201336,22.681687027183372,29.667749249119268,2.72,26.0,-1.06,0.2
RTX,2010-02-09,28.675181361132765,29.06935807137939,28.462931353453158,28.813793182373047,8385948,19.832584710397168,18.30679801051333,19.47548082021293,22.750927067755544,29.69017222257071,2.68,29.0,-1.01,0.15
RTX,2010-02-10,28.813787103270013,28.99138149254916,28.63619008836971,28.865766525268555,7838696,19.83840387762524,18.291154603011694,19.429753118595727,22.445591917071848,29.186426088816493,2.64,28.0,-0.95,0.18
RTX,2010-02-11,28.744483550384356,28.95673090496392,28.527903920546482,28.896089553833008,8746015,19.855732213247563,17.855717693348986,19.418763436184282,22.226016626485716,29.16799652259915,2.59,28.0,-0.89,0.19
RTX,2010-02-12,28.545226419430954,28.701162050793748,28.15971436443677,28.454261779785156,12644309,20.194050402362652,17.632545570454266,19.580035846591546,22.227489527395917,29.170212970261993,2.55,36.0,-0.84,0.12
RTX,2010-02-16,28.61453233041109,28.77480023653503,28.39795010497938,28.73148536682129,9996399,20.092103925438888,17.66179577420846,19.58914391330548,22.246657435360788,29.180918202333633,2.5,37.0,-0.78,0.11
RTX,2010-02-17,28.90369153787516,29.439915831758878,28.69443566159068,29.36144256591797,9515727,18.856977614834815,18.128526554437705,19.827910663270153,21.639812253300708,29.074454451574734,2.45,42.0,-0.71,0.04
RTX,2010-02-18,29.439905922965952,29.771229157056773,29.391948879958456,29.692758560180664,6554307,18.79473395011581,18.118940333994065,19.861708854233928,21.666116416620845,29.066837186146525,2.41,43.0,-0.64,0.02
RTX,2010-02-19,29.74943637858851,30.037165478392645,29.692764186654053,29.871503829956055,8415503,18.854399229894657,18.158049018125816,19.75092898592803,21.574325805962527,29.06613127980159,2.36,41.0,-0.55,0.07
RTX,2010-02-22,30.011005512262628,30.045881922318014,29.70147803365925,29.819185256958008,5261656,18.800375307533752,18.019787232700065,19.75633171293761,21.562846378317776,29.010552619286003,2.31,42.0,-0.45,0.06
RTX,2010-02-23,29.81047179667672,29.971773234648634,29.52274269329048,29.553258895874023,6598005,18.92716713459148,18.06143861607057,19.79471135111459,21.447052782456744,28.754291041019865,2.25,43.0,-0.35,0.04
RTX,2010-02-24,29.727637390439565,29.949973869112956,29.553257962944187,29.91510009765625,7694574,18.140885087065246,18.232966600054553,19.836278329079214,21.486701801201324,28.741738443563186,2.21,46.0,-0.26,0.02
RTX,2010-02-25,29.457350526549106,29.949975273060463,29.230653824859537,29.93689727783203,9407833,18.103057077989387,17.903221117716672,19.651634413452364,21.373696528357154,28.5012314367647,2.16,38.0,-0.22,0.11
RTX,2010-02-26,29.93690420127671,30.07204968251588,29.705849876110943,29.928186416625977,6313415,17.708501539432902,17.90387313399416,19.617072733623306,21.37362287744759,28.475652799046493,2.11,38.0,-0.28,0.13
RTX,2010-03-01,30.011012101291183,30.42952647128952,30.011012101291183,30.359773635864258,5884385,18.251564449983782,17.993967297051704,19.632866518485596,21.429107277102435,28.488053876019748,2.08,39.0,-0.29,0.12
RTX,2010-03-02,30.46875369187091,30.516708090777207,30.359764259540967,30.407718658447266,9464561,18.01540154670105,17.99190138624961,19.467677579100524,21.424237280498843,28.1478593473932,2.04,31.0,-0.23,0.2
RTX,2010-03-03,30.446971653811485,30.68238620601518,30.268229311456253,30.342342376708984,7683768,17.956017188031595,17.7756876257685,19.431332111160867,21.27381038269264,28.09131579535345,2.0,30.0,-0.23,0.22
RTX,2010-03-04,30.368488005616445,30.861112683102107,30.359767581650654,30.67801284790039,8980551,17.976467390529173,17.63387652528801,19.424136931313637,21.298408438571226,28.07298964251529,1.96,29.0,-0.19,0.22
RTX,2010-03-05,30.765196091371855,31.08780148798712,30.765196091371855,31.0616455078125,6447209,17.49371517911155,17.738514151080036,19.487610703297424,21.337485134498944,27.87459613647228,1.93,35.0,-0.15,0.19
RTX,2010-03-08,31.035488190627387,31.135757189768107,30.8480281829834,30.8480281829834,6385397,17.004232937094265,17.69024699587233,19.42619303822371,21.35798891529759,27.85711896823854,1.89,30.0,-0.19,0.22
RTX,2010-03-09,31.175011619223795,31.497617213763096,31.022427927787014,31.2927188873291,8835635,17.24614954206931,17.701525705037042,19.50456875209372,21.337516340496123,27.73676318708731,1.86,39.0,-0.22,0.18
RTX,2010-03-10,31.37553442043897,31.484523850800002,31.11832158453094,31.29706382751465,7788960,17.221688550190102,17.65010300534096,19.02304970647173,20.995820623266034,26.554660553416156,1.82,18.0,-0.16,0.24
RTX,2010-03-11,31.36682263659187,31.40605926513672,31.066015531222973,31.40605926513672,7919099,16.672743641547193,17.14092006990666,18.975434656427723,20.910056259797617,26.55147861400881,1.78,18.0,-0.1,0.27
RTX,2010-03-12,31.2970692966054,31.584798377677757,31.01369778516915,31.183719635009766,9225098,16.812733139550577,17.158909109376257,18.993733903646024,20.773842490984343,26.52225563497866,1.76,19.0,-0.04,0.26
RTX,2010-03-15,31.175007300038253,31.436577796230985,31.092176466740337,31.318870544433594,8680866,16.822776520978255,17.153527127978457,18.964432893484766,20.614450837379874,26.3264211005463,1.73,17.0,0.0,0.27
RTX,2010-03-16,31.375543462728558,31.606597739215697,31.209881806282947,31.563003540039062,8190501,16.891705791691983,17.217935654779787,18.99232104238161,20.58307313427926,26.308466757823094,1.7,20.0,0.05,0.26
RTX,2010-03-17,31.663273005606733,31.737386052019996,31.41478051757025,31.471452713012695,7128731,16.90563057887082,17.103100336552433,19.002340155134988,20.506041729598895,26.286487936510905,1.69,22.0,0.1,0.25
RTX,2010-03-18,31.423486657034882,31.628384869382117,31.414768877332886,31.606586456298828,5044439,16.914720512289858,17.110725602187202,18.9806392243396,20.46105977463849,26.28664504746491,1.68,20.0,0.14,0.26
RTX,2010-03-19,31.92919921875,32.147175472086964,31.702505183704908,31.92919921875,14617370,14.488210009947503,17.210004955775485,19.030988843326025,20.478131506044182,26.202698935661058,1.67,26.0,0.18,0.23
RTX,2010-03-22,31.676350145083465,31.837654229224945,31.637116159119138,31.65455436706543,8226094,14.904148710654667,17.322115211726235,18.91963574498963,19.907053280448903,26.182062735834982,1.66,14.0,0.25,0.28
RTX,2010-03-23,31.702504351807406,31.898682181896977,31.64146931124087,31.863805770874023,7887955,13.691136477072833,17.359452297134172,18.827310731475716,19.87188663096526,25.284501891977072,1.65,10.0,0.33,0.34
RTX,2010-03-24,31.815852602690995,32.05998748933854,31.719943789927306,31.842008590698242,6643450,13.174320895973024,17.204038092816972,18.406504408573387,19.520249709187627,25.272099785361885,1.64,4.0,0.31,0.45
RTX,2010-03-25,32.00330721884321,32.18204681998581,31.903038210937197,31.942272186279297,6254781,13.166526901536098,17.21061650580124,18.276508081086696,19.517745855138003,25.25663261378171,1.63,1.0,0.35,0.52
RTX,2010-03-26,32.02511751008399,32.29104822597277,32.02511751008399,32.09486770629883,7617189,13.1535265724047,17.218104684282327,17.36746060310605,19.516983959474025,24.971736146469432,1.62,1.0,-0.08,0.14
RTX,2010-03-29,32.16896590112198,32.40002009091594,32.0992130945686,32.26051712036133,4821026,11.872691935100347,17.2364831144253,17.145838044540206,19.51762348391264,24.856788891745694,1.6,1.0,-0.31,0.25
RTX,2010-03-30,32.35643251466968,32.63108358591414,32.23872529021529,32.317195892333984,4570123,11.77506648452445,16.89640715444375,17.111157360237268,19.12090256163962,24.437066852040896,1.59,1.0,-0.5,0.27
RTX,2010-03-31,32.23001436216129,32.40439646552789,32.00767784100725,32.090511322021484,5977182,10.920774803061995,15.753541794697579,17.15321215319356,19.151313993755732,24.445890417020518,1.57,3.0,-0.73,0.26
RTX,2010-04-01,32.20384887981749,32.46977952718617,32.05998566884111,32.317195892333984,5492061,10.71122984033254,15.466357899318004,16.605796385546554,18.586871267737564,24.38021501858383,1.56,1.0,-0.75,0.23
RTX,2010-04-05,32.400035131923964,32.67468627459065,32.35644092886652,32.6310920715332,7158445,10.857373724514794,15.513678793828495,16.61717495157646,18.607869233632485,23.99452989441631,1.54,2.0,-0.74,0.22
RTX,2010-04-06,32.49594392434346,32.6834040028679,32.44362929946083,32.552616119384766,5862774,10.88362519943992,15.517244558856577,16.188470498873514,18.60520956916542,23.982408000053145,1.51,1.0,-0.73,0.28
RTX,2010-04-07,32.50030327512278,32.53953726082937,32.055630296690126,32.256168365478516,8303161,10.901819696137272,15.656249779925005,16.2712912796834,18.504170402029775,23.974273335157324,1.49,2.0,-0.76,0.23
RTX,2010-04-08,32.12538409852641,32.22129292322181,31.94664180221306,32.12974166870117,5328394,10.71126795968311,15.086837157499867,16.28637403174751,18.36155314556764,23.826834344625833,1.47,3.0,-0.8,0.22
RTX,2010-04-09,32.13410091065638,32.26052857807472,32.003315673194926,32.256168365478516,4478279,10.708512321030614,15.045435560424753,16.271757831395558,18.241760500272004,23.785582306928895,1.46,3.0,-0.84,0.22
RTX,2010-04-12,32.41746952047053,32.41746952047053,32.08178600458122,32.15589904785156,6029619,10.802967749581056,14.895704379362815,16.026908622749207,18.248166131158914,23.11679203259515,1.45,1.0,-0.88,0.33
RTX,2010-04-13,32.07741148870818,32.134083651808524,31.79404010299976,32.02509689331055,7019090,10.344296003304274,14.909407358333384,15.761654410136657,18.043836093900023,23.027576340733656,1.45,1.0,-0.94,0.43
RTX,2010-04-14,31.968427903557085,32.28231289049515,31.88123689536536,32.26051712036133,5377017,10.467869549939842,14.780016517750068,15.748279017778502,18.04748611225485,22.9442472420401,1.44,1.0,-0.99,0.44
RTX,2010-04-15,32.21258233798672,32.574424611322875,32.15591012542424,32.52647018432617,5340311,10.543690612371792,14.845258861801828,15.687680848859964,18.055186219937593,22.823998621219005,1.44,1.0,-1.02,0.48
RTX,2010-04-16,32.54826109317139,32.60057836894382,31.916130566245684,32.125389099121094,12028094,11.039374816197505,14.861469038867991,15.702622243349534,18.076026683480993,22.827148335441763,1.43,2.0,-1.05,0.47
RTX,2010-04-19,32.02511381154208,32.177697468087494,31.82457310196698,32.15589904785156,8139335,10.545576782683591,14.324534137555839,15.700893306584293,17.95925893460312,22.820302392722613,1.41,2.0,-1.08,0.47
RTX,2010-04-20,32.31719345959898,32.55696810239618,31.94227339732181,32.34770965576172,7909883,10.348397356976138,13.962979284232963,15.63638705564358,17.96329723143505,22.562494395528347,1.42,1.0,-1.11,0.52
RTX,2010-04-21,32.09921937480354,33.607617505259164,32.09921937480354,33.537864685058594,17012311,13.976897971416838,15.570199691692387,16.562063746426343,18.370285568333383,22.380551335066496,1.4,12.0,-0.94,1.07
RTX,2010-04-22,33.4070953942088,33.45941003429854,33.10628819560827,33.31990432739258,13681926,14.198262643189654,15.650002050279532,16.607762762024866,18.366443036292313,22.254102690499245,1.4,14.0,-0.88,1.04
RTX,2010-04-23,33.359132100747416,33.472479136202224,33.03652656055767,33.33733367919922,7485620,14.19896229029997,15.355957559862043,16.367604563100457,18.307836102848565,22.142792259199894,1.39,12.0,-0.84,1.17
RTX,2010-04-26,33.38091503364095,33.60325144872097,33.24576962864646,33.30680465698242,5493650,13.96591664464034,15.323483444361313,16.37115142097487,18.24183235152155,21.997651931563773,1.39,13.0,-0.82,1.17
RTX,2010-04-27,33.22398539291542,33.28501779988872,32.29104522492568,32.40003204345703,9910752,16.396850991256358,16.49640790436015,16.925156141129484,18.550055704793596,22.09975970380255,1.37,18.0,-0.85,1.22
RTX,2010-04-28,32.53952669650936,32.65287368933972,32.06869788046547,32.54824447631836,9728811,16.31034011790055,16.506037903242852,16.93374172694982,18.54803201557402,22.068766542710023,1.36,19.0,-0.88,1.21
RTX,2010-04-29,32.83163526209995,33.28502614304907,32.766242626079325,33.14116287231445,7904163,16.988508401526108,16.80708888426229,16.99556615410732,18.642593689162744,22.05837296824301,1.34,20.0,-0.88,1.15
RTX,2010-04-30,33.14116175302397,33.34605743911014,32.652891821126765,32.67469024658203,8053847,17.578861506224843,17.12686283208438,17.013794574955757,18.111555207600443,22.114167581517886,1.34,21.0,-0.91,1.17
RTX,2010-05-03,32.809817070557465,33.29808408224871,32.75750246474567,33.25448989868164,6539688,18.0373705774346,16.31002106730577,17.182915586839307,18.124376831182875,22.137890447345427,1.34,25.0,-0.92,1.05
RTX,2010-05-04,32.96241338599465,32.96241338599465,32.02075540341716,32.33028030395508,8622867,19.783649995838022,17.475092855832735,17.728052622572395,18.456792089445344,22.118556156259633,1.32,27.0,-0.93,1.05
RTX,2010-05-05,32.081790924072266,32.39567871041094,31.750467569934916,32.081790924072266,9818908,19.848205058048197,17.16123960377165,17.659935192048,18.32686749298827,22.110084422263736,1.31,27.0,-0.92,1.1
RTX,2010-05-06,31.84636514586161,32.26052183465581,28.41105477641179,31.05729103088379,14730030,21.99482264397877,18.281118181854588,18.403694043524588,18.722243087530025,22.356617709308697,1.3,33.0,-0.88,1.16
RTX,2010-05-07,30.887270086030895,31.153200725584945,30.019722706070294,30.281295776367188,16350810,23.067154875451905,19.072960160440708,18.548718655711085,18.957503764208877,22.481444911574627,1.29,36.0,-0.87,1.14
RTX,2010-05-10,31.624032334610778,31.977154028025637,31.38861787233421,31.842008590698242,12222906,27.525842015642127,21.59930745778487,20.15817634096102,19.67020551850586,22.764639813388165,1.29,100.0,-0.88,2.39
RTX,2010-05-11,31.5368377361517,32.36950597197324,31.532477524824802,31.88123893737793,9488555,27.482301864708546,21.306275507779805,20.146482990718358,19.46893189870297,22.665513635058755,1.3,99.0,-0.89,2.41
RTX,2010-05-12,32.03252884173281,32.199158865227105,31.826432833410912,32.076377868652344,8051781,27.540659724957,21.262767560522278,20.166168354842284,19.44983025550032,22.664752834161742,1.3,100.0,-0.9,2.38
RTX,2010-05-13,32.058847235074104,32.49734822997473,31.89221451797132,31.949220657348633,8387854,27.489252105146,20.88640744430129,20.114172224455654,19.44806584134286,22.361373043367944,1.31,97.0,-0.9,2.42
RTX,2010-05-14,31.725564074579694,31.839576280079278,30.99765246546186,31.38791847229004,10564784,27.86115568625023,21.14633129062869,20.320207270407035,19.57661190827296,22.385525420937434,1.31,100.0,-0.87,2.27
RTX,2010-05-17,31.44492608108032,31.572090071306356,30.660008331619416,31.146743774414062,9502856,27.73954774954731,21.192455581129938,20.359213920335765,19.60121629792222,22.396402795805752,1.32,100.0,-0.85,2.24
RTX,2010-05-18,31.379161616155432,31.5457916312921,30.905577795977635,30.99327850341797,9596924,27.756033947258015,21.218232469742322,20.37646267922363,19.595310961713267,22.184614367936035,1.33,100.0,-0.82,2.23
RTX,2010-05-19,30.765273622177777,31.023987506880477,30.10751933964238,30.41008758544922,13508566,28.131829865194312,21.509965261825776,20.602759250397007,19.72683367651674,22.231835818859388,1.35,100.0,-0.8,2.08
RTX,2010-05-20,29.730401896410857,30.063661989525617,29.09895934177198,29.129653930664062,17311837,30.54654439107607,23.1402256745903,21.617636514619683,20.390066476996278,22.636624916212266,1.38,100.0,-0.85,2.22
RTX,2010-05-21,28.318413221284658,29.427822192794032,28.318413221284658,29.13402557373047,16885985,30.48880013793216,23.13927833456626,21.61577700376284,20.38373962455609,22.545718921073206,1.41,99.0,-0.9,2.23
RTX,2010-05-24,29.230512865142583,29.287519007573525,28.857786733711322,28.99810791015625,8493364,30.490917157842578,23.15541264607144,21.624258101594133,20.33734944214274,22.549041003378786,1.44,100.0,-0.94,2.22
RTX,2010-05-25,28.213188319975718,29.077035870181266,27.97201197384711,29.011260986328125,12486998,30.511031898842422,22.949205902669284,21.618768985558383,20.270888068942934,22.324240782846672,1.47,99.0,-0.99,2.23
RTX,2010-05-26,29.30066893045433,29.708475293047,28.9410973003188,29.006872177124023,10424635,30.361512659256707,22.944426039198156,21.48586219167203,20.26813216658798,22.171981301209577,1.5,96.0,-1.02,2.33
RTX,2010-05-27,29.5286816057774,29.866327285766605,29.37520339705555,29.8663272857666,8064811,31.64965010978152,23.750145358504135,21.402596094344343,20.4868162570585,22.284868598536374,1.52,95.0,-1.04,2.34
RTX,2010-05-28,29.927721261079505,29.997881827905182,29.397133967960304,29.546226501464844,7642137,31.610309556307005,23.728272788099037,21.338676573481553,20.490673046556907,22.314257021564153,1.54,94.0,-1.08,2.39
RTX,2010-06-01,29.199810921346266,29.585691401425,28.910399896787194,28.96302032470703,8146644,31.973132167150524,23.894194186534904,21.55097365886868,20.633754513717808,21.88152654096861,1.57,96.0,-1.11,2.23
RTX,2010-06-02,29.147187479867338,29.611999882768423,28.92355134883002,29.581302642822266,6833336,32.657378443669074,24.293764495734926,21.810147069769677,20.758914456840287,21.97057210564668,1.6,100.0,-1.14,2.04
RTX,2010-06-03,29.712863630546874,29.92772842437913,29.502381879690354,29.75232696533203,6216486,30.619427947360016,24.130781205878232,21.828549007495273,20.759251979315007,21.90943245316227,1.63,100.0,-1.16,2.02
RTX,2010-06-04,29.21296266219881,29.296277667533523,28.449970514923113,28.563980102539062,10265417,32.420304500402125,25.47797410552069,22.477066240408742,21.294981775696595,22.29120675906655,1.67,100.0,-1.19,2.07
RTX,2010-06-07,28.61660508294544,28.699920101548532,27.691368477405675,27.722063064575195,13205702,33.15099938015011,26.10944434343123,22.932137776344085,21.568324470417767,22.3930456495116,1.72,100.0,-1.13,1.84
RTX,2010-06-08,27.735226133115123,28.182498610394486,27.57298174590657,28.156187057495117,11799120,33.71490417041999,26.334713328410626,22.999544949124104,21.638193955028925,22.442841441112755,1.77,100.0,-1.15,1.8
RTX,2010-06-09,28.26141832188738,28.41927961148277,27.743985423880353,27.809762954711914,12709458,33.13534077327033,26.393880342055088,23.05709483786482,21.687388228035747,22.40863554451992,1.82,100.0,-1.13,1.75
RTX,2010-06-10,28.29649419501537,28.77446103157426,28.002697505259036,28.71745491027832,9332833,34.755819111944675,27.236368745219853,23.599256181682087,21.99093543687779,22.628576406468664,1.88,100.0,-1.17,1.58
RTX,2010-06-11,28.47190517521618,29.068267496552966,28.305272454930375,29.041955947875977,7283340,34.43166690226405,27.36077319621742,23.663951449040006,22.007750673759567,22.652839078834692,1.93,100.0,-1.2,1.54
RTX,2010-06-14,29.155953949130694,29.743547292025266,29.134030768305987,29.33574104309082,10580992,34.55026820312913,27.437057484668863,23.656637483138102,22.02237394634437,22.667542549974332,1.99,99.0,-1.23,1.54
RTX,2010-06-15,29.388369834302765,30.107510441029703,29.36205828861742,30.081201553344727,7857605,35.01542127619165,27.869512725828994,23.828028237783315,22.15542754859935,22.697890199745878,2.05,100.0,-1.23,1.48
RTX,2010-06-16,29.897022587698306,30.129427440015544,29.84001647045086,30.076807022094727,6447685,34.22078460899803,27.82431666913675,23.70655376843159,22.15538089774293,22.695375611290054,2.1,99.0,-1.23,1.57
RTX,2010-06-17,30.10313329462119,30.125056485985905,29.690941148152447,30.06366729736328,6910561,34.18769766543213,27.781289228316503,23.678826177516527,22.144072539423952,22.69567952561009,2.14,98.0,-1.22,1.59
RTX,2010-06-18,30.1031206442872,30.366220094107742,30.041728823462567,30.335525512695312,9832414,33.08981108535542,27.856354824235,23.71871455837796,22.15017175147822,22.707025634646712,2.19,99.0,-1.21,1.56
RTX,2010-06-21,30.844186820967185,30.96696780418338,30.274136243034505,30.418840408325195,7181327,32.27219938608057,27.854045457079284,23.63186617906631,22.065638233141748,22.661624891996798,2.23,94.0,-1.18,1.63
RTX,2010-06-22,30.3881416427876,30.550385926197848,29.75231363218118,29.813705444335938,6670781,29.062326035606823,28.10611708436084,23.84682026269713,22.190318226059567,22.541786081749358,2.28,100.0,-1.16,1.5
RTX,2010-06-23,29.897020435546526,30.120656531111536,29.58129795074908,29.813705444335938,8057660,29.051905117948714,28.076015469526954,23.845757985289293,22.14060775115651,22.489755547235216,2.32,99.0,-1.15,1.5
RTX,2010-06-24,29.769867886872966,30.04173882647911,29.449762209272286,29.533077239990234,8748716,29.013869883533022,28.117655545149457,23.894500283390816,22.084431749289354,22.414033523208918,2.37,100.0,-1.14,1.46
RTX,2010-06-25,29.56815037455231,29.769860679879525,29.296279500763458,29.75670623779297,12584086,29.163427005257454,28.153788998844654,23.898059516984212,22.081681191659204,22.309026263404572,2.41,100.0,-1.13,1.45
RTX,2010-06-28,29.77864148158554,29.800564672651333,29.3006744515379,29.427841186523438,5268806,28.92289861965722,28.17106210607157,23.95910062748336,22.087441464062614,22.31844024296618,2.45,100.0,-1.14,1.41
RTX,2010-06-29,28.980552583540454,29.278732269303298,28.204403476364796,28.489431381225586,11168128,30.19335463818002,28.76815796410433,24.11052305567048,22.41818690618472,22.50703976286536,2.49,100.0,-1.13,1.4
RTX,2010-06-30,28.498213150051203,28.87532495763039,28.252653765627944,28.463132858276367,10425906,30.193056272389608,28.769445269005317,24.10894637262924,22.37572656418646,22.482136367601736,2.53,99.0,-1.13,1.4
RTX,2010-07-01,28.436823489226676,28.463132378614148,27.897467334778575,28.2351131439209,9020594,29.84865166943274,28.75899598361024,23.996664923118725,22.37905383578824,22.49419330923682,2.56,98.0,-1.13,1.47
RTX,2010-07-02,28.261416137187872,28.471897840377476,27.993930966217746,28.191255569458008,6338203,27.26156820069156,28.7570875953496,23.84204881571611,22.127662426046697,22.12101983712586,2.6,92.0,-1.12,1.56
RTX,2010-07-06,28.419281342322034,28.59906582847729,28.02462942329789,28.32280921936035,9184420,27.310629490212733,28.764081361267795,23.852505133165486,22.10325495306584,22.091300844405207,2.63,94.0,-1.12,1.56
RTX,2010-07-07,28.32719884604547,29.199817826231026,28.309658699257803,29.18227767944336,8351307,28.7022656421149,29.50362359645159,24.325474204580207,22.36548241509412,22.06799453701645,2.67,100.0,-1.11,1.37
RTX,2010-07-08,29.41028149678487,29.484827746014865,29.068252800904276,29.48044204711914,5780623,28.847051432363035,29.597144777216787,24.2491435952492,22.375320649771275,22.082706825074286,2.7,99.0,-1.1,1.42
RTX,2010-07-09,29.502378175612957,29.686548355489215,29.326976738587827,29.603233337402344,4639244,28.865161692789005,29.564456976250458,24.210740905716655,22.379852166209773,22.08372159323714,2.74,98.0,-1.08,1.44
RTX,2010-07-12,29.458523516458897,29.638310635778154,29.059488609969794,29.239273071289062,6017861,27.790386189210807,29.57861152475915,24.047963999446313,22.42980492539834,22.12561197318287,2.77,95.0,-1.08,1.52
RTX,2010-07-13,29.4585153468265,29.958407924300165,29.4585153468265,29.712848663330078,8002045,28.033191437351558,29.716772641957633,24.117936093741648,22.49130901963266,21.912254244018296,2.8,97.0,-1.08,1.48
RTX,2010-07-14,29.655849237332866,29.967186075982625,29.54622534944201,29.822479248046875,5468226,27.388245207741548,29.730891796049157,24.106070166544733,22.4941239801086,21.912835240481712,2.83,94.0,-1.08,1.49
RTX,2010-07-15,29.800564827297546,29.97596630473925,29.45415023185127,29.883882522583008,6896578,26.718724919954372,29.701310500442585,24.10667079598374,22.421376456884374,21.54165339868412,2.86,94.0,-1.08,1.49
RTX,2010-07-16,29.79617456544831,29.826869152064326,28.88847546208754,28.95425033569336,7148434,28.2124945234684,29.29432652865682,24.584649558285484,22.695909490201142,21.785230661639094,2.89,100.0,-1.1,1.32
RTX,2010-07-19,29.125256947545758,29.335738603556695,28.99370724153862,29.112102508544922,7518671,25.597548286925882,29.32583112157256,24.52154327235502,22.529019001661208,21.78612586255936,2.93,99.0,-1.12,1.36
RTX,2010-07-20,28.83147762561171,29.704096693022066,28.83147762561171,29.616395950317383,8352420,24.320286997413586,29.590432087695184,24.677102581506933,22.546842351640876,21.749248808713876,2.96,100.0,-1.13,1.27
RTX,2010-07-21,29.67338629149676,30.13819865124017,29.17349365335764,29.392744064331055,10485334,24.141110893074483,29.611780934302743,24.70559458540044,22.19107864602054,21.679943617999953,2.99,100.0,-1.14,1.25
RTX,2010-07-22,29.822485117786442,30.65563799333967,29.822485117786442,30.4890079498291,8263595,25.823262526116814,30.167581230389967,25.285544701366074,22.487003065356127,21.905093267842734,3.03,100.0,-1.14,1.15
RTX,2010-07-23,30.467078471661114,31.194990393564925,30.326757332595303,31.089752197265625,7406329,24.83025168641964,30.43992808999873,25.472843851189488,22.57810855539281,21.978742394787083,3.07,100.0,-1.14,1.06
RTX,2010-07-26,30.966966607337312,31.480013702447764,30.848571328311795,31.39231300354004,7206751,24.787639507511084,30.266807342222883,25.514036118845173,22.59442066821428,21.873090767878452,3.11,100.0,-1.14,1.03
RTX,2010-07-27,31.5545773113342,31.558963013560415,31.02398974000407,31.17308235168457,7337208,24.834340475615825,30.168053684151364,25.48262941177822,22.361493840924815,21.88603818751029,3.15,99.0,-1.14,1.05
RTX,2010-07-28,31.16429503261423,31.339696452077373,31.037130997003448,31.181835174560547,5819077,23.853330474831957,29.925379565839094,25.40662353060573,22.34863304932187,21.880562324104226,3.19,97.0,-1.14,1.09
RTX,2010-07-29,31.34408390357987,31.57210310362374,30.90996603064997,31.199377059936523,8201624,23.850745408712672,29.388027578826165,25.38234601717575,22.156154033790326,21.841212058393435,3.22,96.0,-1.14,1.11
RTX,2010-07-30,30.94065127102103,31.35284317629523,30.60300561516853,31.177444458007812,7509137,23.85247900080989,29.35055490103004,25.28024666131916,22.156513616717795,21.76775986566117,3.25,94.0,-1.14,1.17
RTX,2010-08-02,31.589642378299597,31.944828269297965,31.471247081300145,31.839590072631836,6033274,24.44028183298518,28.904512796708715,25.500211532373328,22.286817592140988,21.855708516328264,3.28,99.0,-1.15,1.06
RTX,2010-08-03,31.681728688671658,31.914133581811516,31.563333392053234,31.585256576538086,5653344,24.595621978334613,28.46131783705156,25.52757996819397,22.30332185927597,21.843485987393418,3.31,100.0,-1.15,1.04
RTX,2010-08-04,31.66417835206028,31.984283854082346,31.598403503781693,31.865888595581055,4461594,23.831148860442756,26.5852727804858,25.539248815554387,22.21527090661759,21.841214359278737,3.34,100.0,-1.16,1.03
RTX,2010-08-05,31.738733147373402,32.16407962004033,31.620337847064054,32.098304748535156,4872033,23.86539992967475,26.625837953908295,25.555563326724435,22.112685505553177,21.817988797863926,3.37,100.0,-1.18,1.02
RTX,2010-08-06,31.747496321753605,32.10268213064952,31.431773830735377,31.892200469970703,5106410,23.750260829741425,26.629426559136533,25.548674441719527,22.106443737655948,21.785632893284046,3.39,99.0,-1.18,1.03
RTX,2010-08-09,32.15969471680912,32.273704310287314,31.96236745571226,32.16407775878906,4236910,23.76906048508595,26.67436732375707,25.578525866428176,22.088933611544288,21.78169395928385,3.41,100.0,-1.2,1.01
RTX,2010-08-10,31.931661354024325,32.36577904545011,31.541395330580436,32.18160629272461,6505207,23.42251138972387,26.41408697252573,25.570278172697915,22.04183030853038,21.7777345690506,3.44,99.0,-1.21,1.01
RTX,2010-08-11,31.642268967955793,31.716815252362235,31.032752221810934,31.252002716064453,7689012,23.029869020043332,27.060956511985584,25.94319720263002,22.321863488914634,21.9877833445244,3.46,100.0,-1.2,0.89
RTX,2010-08-12,30.84858672022434,31.107300588587922,30.82227516842403,30.94944190979004,4547718,23.302815429619773,27.11645995293549,25.952778526119207,22.31631648371147,21.624002240356056,3.49,100.0,-1.19,0.89
RTX,2010-08-13,30.813498331759188,31.124835221968603,30.752109157013802,31.00205421447754,3929279,23.07919068271989,26.828156932865916,25.931698095114005,22.301728371082348,21.577159629715577,3.51,98.0,-1.18,0.9
RTX,2010-08-16,30.78278740029639,31.037118023205434,30.47583637354421,30.848562240600586,4123296,23.160142655822508,25.292045385198236,25.942315267880527,22.310259011051084,21.58103936937507,3.52,98.0,-1.17,0.89
RTX,2010-08-17,31.067829213825153,31.278310941793595,30.6556371588871,30.918739318847656,10305142,23.155661555946843,25.292898138913127,25.939724572471818,22.223707203051006,21.488023292228974,3.54,97.0,-1.15,0.89
RTX,2010-08-18,31.03123942256312,31.14594041039236,30.56802050071704,30.850364685058594,7856969,21.732009309948445,25.274361116363657,25.928513022804378,22.225730037282297,21.46176612936902,3.54,95.0,-1.13,0.9
RTX,2010-08-19,30.713583809357015,30.942985627567996,30.00772650707981,30.223894119262695,9650474,22.51729238516324,25.657305820817612,26.108285777277366,22.323461435448184,21.552230436517302,3.54,100.0,-1.12,0.82
RTX,2010-08-20,29.80039625329248,30.307730031634026,29.738634810405188,30.051856994628906,6073794,22.572110155990515,25.690273167828376,26.117649821474366,22.332808283462608,21.455218237375174,3.54,100.0,-1.1,0.81
RTX,2010-08-23,30.23714664089438,30.42684326503275,29.65040223758523,29.65481185913086,6284495,22.61971455058705,25.13933402468835,26.175016002793285,22.3341013440935,21.362766374067796,3.53,100.0,-1.09,0.79
RTX,2010-08-24,29.262192225091237,29.368068640197915,28.847500462681637,28.96661376953125,8400249,23.148037073308036,25.50160117424066,26.39016135628991,22.43033640762215,21.47741245386524,3.52,100.0,-1.09,0.7
RTX,2010-08-25,28.737200622937003,29.006307889970667,28.48573986558352,28.79014015197754,10498364,23.155497338009113,25.203267586030286,26.345215278452056,22.421219124824876,21.477918990307302,3.5,99.0,-1.09,0.73
RTX,2010-08-26,28.90043568987147,29.041605113630983,28.653384518583817,28.69750213623047,8889819,23.142034364959134,24.818588379145197,26.34644292026375,22.398621949014718,21.480977876663886,3.48,99.0,-1.08,0.73
RTX,2010-08-27,29.112165314330284,29.416565374519696,28.671005574277512,29.368038177490234,8063539,22.344934059504123,25.25594562300575,26.596771887224374,22.521447594371033,21.597397244352457,3.45,100.0,-1.06,0.63
RTX,2010-08-30,29.323941431543048,29.323941431543048,28.847488403320312,28.847488403320312,5356678,22.909864782152805,24.095871282056414,26.728654128522866,22.602190018164553,21.665366791525145,3.43,100.0,-1.05,0.57
RTX,2010-08-31,28.72837140454265,28.997478603189293,28.52984755256093,28.76807403564453,8261847,22.308902174538296,23.276554014842894,26.717854947901554,22.458684788551054,21.661577855920797,3.4,99.0,-1.03,0.58
RTX,2010-09-01,29.129830639904263,29.81362948121657,28.975424363668626,29.72098731994629,8312059,24.229338961764466,23.99450570789933,27.24671439240285,22.77524363314073,21.891043252474795,3.37,100.0,-0.99,0.45
RTX,2010-09-02,29.606285612772332,29.751867294311523,29.518053075118992,29.751867294311523,6097470,21.66233408967792,23.83431836807687,27.24309741125841,22.768031400221673,21.887060025235368,3.33,99.0,-0.95,0.45
RTX,2010-09-03,30.012157805423485,30.245972065077265,29.769518953418068,30.113624572753906,6858124,21.157825781401826,23.06280723779049,27.289405301057286,22.81382837657342,21.87915775876545,3.28,100.0,-0.89,0.43
RTX,2010-09-07,30.00332744306463,30.17979251497197,29.85333346900258,29.990093231201172,5973528,20.92536050611186,22.980246290717847,27.257207532818022,22.79084133555299,21.8399510889216,3.23,99.0,-0.82,0.44
RTX,2010-09-08,30.025376509941015,30.413596868139457,30.012142302368712,30.20625114440918,4882838,21.00614308790413,22.93673320418641,27.22244606948999,22.805861388352426,21.848063393551225,3.18,96.0,-0.76,0.45
RTX,2010-09-09,30.594488662717005,30.63860360021822,30.109210979609742,30.272441864013672,4269325,21.023921334852062,22.360295430692233,27.224971523817267,22.8066281883714,21.806299735079428,3.11,96.0,-0.7,0.45
RTX,2010-09-10,30.395953962341743,30.506245278098636,30.210667012058565,30.391544342041016,4808950,21.068024415378993,22.3739110628447,27.214482858101103,22.811245949056133,21.781103459261864,3.05,94.0,-0.62,0.46
RTX,2010-09-13,30.585653833999665,30.792999586508035,30.122435111737573,30.347427368164062,7113635,21.06861482830142,22.376062960696466,26.568730763462415,22.81038455516495,21.78198868564048,2.99,90.0,-0.61,0.57
RTX,2010-09-14,30.316558837890625,30.576844206751975,30.157740238804536,30.316558837890625,5509222,20.018688980365564,22.30097966571036,26.55398279398794,22.76513005975169,21.769635882739436,2.92,89.0,-0.59,0.58
RTX,2010-09-15,30.30772792601693,30.30772792601693,30.020974187490268,30.11802864074707,5867700,19.98287435943379,22.33351933426706,26.567873720881202,22.77759581924615,21.77566096595224,2.85,89.0,-0.59,0.57
RTX,2010-09-16,30.069496217656212,30.298900773304016,29.99891020053381,30.23272705078125,4454444,19.80675829562573,21.95652921299444,26.578873858597845,22.78067709097014,21.75415464108732,2.77,90.0,-0.61,0.57
RTX,2010-09-17,30.41360008975083,30.71800026674544,30.245959645097376,30.673885345458984,8264866,20.199117546379597,22.14984305314916,26.344050637496245,22.843239516649273,21.781964345300548,2.69,83.0,-0.55,0.63
RTX,2010-09-20,30.748880135011312,31.154749700647606,30.550358983494895,31.044458389282227,4700262,20.51329621602093,22.175605251044967,26.407251189887322,22.812476962673923,21.80813538364745,2.62,86.0,-0.51,0.6
RTX,2010-09-21,31.11505814818243,31.41945845131375,31.00476946220621,31.145938873291016,7102194,20.360858653714224,22.13759011611219,26.247030309524167,22.509645306947508,21.807823457778706,2.53,81.0,-0.59,0.67
RTX,2010-09-22,31.070936025358847,31.41504156643004,31.070936025358847,31.137109756469727,4858209,20.35655701057216,22.0003210408293,26.156907728375558,22.438145726609747,21.791939122067443,2.44,79.0,-0.59,0.71
RTX,2010-09-23,30.863594841123508,31.132702100842952,30.71360084997814,30.79300880432129,5423257,18.787781968194,21.03318052802491,26.04876767124904,22.46851219821321,21.807244957640055,2.35,76.0,-0.8,0.77
RTX,2010-09-24,31.07533214407462,31.62237093596049,31.07533214407462,31.5429630279541,4752858,19.866060691783925,21.537846822292767,25.96932702851045,22.6419832087478,21.922702086697868,2.26,75.0,-0.83,0.77
RTX,2010-09-27,31.47239699260387,31.525336522888875,31.25622924952921,31.282697677612305,5921726,20.029598835996588,21.542586287712183,25.973655055186413,22.663062491960645,21.898834191692774,2.17,75.0,-0.83,0.77
RTX,2010-09-28,31.38859034097414,31.675344248698604,30.89890281627175,31.587114334106445,5552443,20.144661148792988,21.592948928925253,25.500883633586735,22.54992339822232,21.91723331199245,2.09,60.0,-0.84,0.88
RTX,2010-09-29,31.454734932280186,31.666492948733726,31.397385808412142,31.538555145263672,4657836,20.15054879666598,21.596445981176597,25.173584451570598,22.53983421221947,21.90995327562391,2.0,52.0,-0.89,1.02
RTX,2010-09-30,31.684145829024356,32.178245292774726,31.322393815144007,31.423860549926758,7969312,20.172520185834163,20.811964727115182,23.877473846657423,22.503992955574777,21.903300481295833,1.96,34.0,-0.88,0.7
RTX,2010-10-01,31.62238350445847,31.77678976270291,31.313573662087766,31.37974739074707,7940551,19.168476709458446,20.73480788129022,23.877309148139204,22.50086552688309,21.843454857054315,1.91,33.0,-0.88,0.7
RTX,2010-10-04,31.73708279041786,31.776785417713803,30.982698108263225,31.11504554748535,7035139,19.272087412132464,20.815099999483717,23.892112174557177,22.48321734858683,21.852482570475967,1.86,34.0,-0.87,0.68
RTX,2010-10-05,31.459153892266695,32.12530611753587,31.42827317685305,31.98854637145996,8804967,20.236864967755427,21.342196539319602,24.293591755499666,22.71580633962776,21.982179471364155,1.8,46.0,-0.87,0.57
RTX,2010-10-06,31.93121036573182,32.18267385654652,31.93121036573182,32.14738082885742,6279410,18.679770060452938,21.13871998107668,24.138372114576036,22.677256706993195,21.92315654452191,1.75,43.0,-0.86,0.65
RTX,2010-10-07,32.12530107387309,32.226767793798,31.94442643047753,32.1076545715332,4792265,18.515149902853665,21.139200550923615,24.105932468645584,22.569985033839217,21.910740954501783,1.7,37.0,-0.87,0.67
RTX,2010-10-08,32.200316827516886,32.29295900941818,31.895916502779883,32.16502380371094,5569763,18.4105497179503,21.138820307956824,24.09233390092855,22.49615457078346,21.884297100307556,1.64,36.0,-0.88,0.68
RTX,2010-10-11,32.253254018639396,32.253254018639396,32.032673972946384,32.17384338378906,3900359,17.49775657322158,20.003366515091408,23.89139369136006,22.47836245633393,21.877273042179556,1.59,29.0,-0.91,0.79
RTX,2010-10-12,32.028263255977905,32.32383898079152,31.675333026172048,32.19590377807617,6256846,16.358631976779147,19.989731014645802,22.846573291754233,22.476863904848337,21.843793884536414,1.57,11.0,-0.92,0.68
RTX,2010-10-13,32.429717625442336,32.91058305167219,32.36354387674927,32.72529602050781,7930540,16.63958304671323,19.961856643136507,22.97490244625788,22.500389294470516,21.88680897123964,1.55,12.0,-0.88,0.61
RTX,2010-10-14,32.729697897243156,32.734107518064945,32.381180079351246,32.71205139160156,7709987,14.35591057998242,19.87390394480711,22.957271104380936,22.495249896210293,21.710102193476175,1.52,11.0,-0.85,0.63
RTX,2010-10-15,32.7958929883179,33.02970733478851,32.381201172666735,32.69001388549805,7423490,14.38682216867527,18.504316024984032,22.958908213566744,22.495464998869156,21.69045036597459,1.5,11.0,-0.84,0.62
RTX,2010-10-18,32.7649825055542,33.042911555483364,32.6370447039343,32.89291763305664,6089048,14.167997354813696,18.13779843437861,22.97150370858379,22.505057403170653,21.68643103600352,1.48,11.0,-0.81,0.62
RTX,2010-10-19,32.557643777133485,32.725284236673886,32.13853995416444,32.47382354736328,9228594,14.7576432266512,18.260413792452827,22.636556540447312,22.548172360443655,21.713929036500723,1.45,6.0,-0.85,0.68
RTX,2010-10-20,31.7679706835967,32.76940396704735,31.728265373208266,32.61058807373047,13922500,14.703345644044516,18.206298619311294,22.565732489903798,22.550341625283266,21.716655113644382,1.43,5.0,-0.87,0.73
RTX,2010-10-21,32.78704656688668,33.34291014960166,32.75616585098432,33.07380294799805,14042946,15.07849269681506,18.410312221114918,22.408795224438535,22.3559756278768,21.75863215860265,1.41,3.0,-0.83,0.8
RTX,2010-10-22,33.19732952672869,33.19732952672869,32.862048560922034,33.060569763183594,5029344,15.106264675883521,18.412305565895462,22.184173592916625,22.356071001390728,21.747578898939597,1.4,2.0,-0.83,0.91
RTX,2010-10-25,33.28997091929856,33.338498141007285,32.99880491492807,33.09144973754883,6465482,15.063580101949356,18.409023977020745,22.171634076303324,22.259506128328553,21.74670193240211,1.39,1.0,-0.84,0.91
RTX,2010-10-26,32.85322330602576,33.007632247932236,32.659114403059,32.94145584106445,5599795,15.177178466795798,17.961425263674858,21.154673211256313,22.185668226594714,21.696380961770952,1.42,1.0,-0.84,0.72
RTX,2010-10-27,32.74292546151958,32.88409747799607,32.33705858826726,32.84880447387695,5272938,15.014614838285073,17.88667231173389,20.561713380675574,22.18929677892321,21.665007042305746,1.47,1.0,-0.89,0.8
RTX,2010-10-28,33.091452601828266,33.254680786624085,32.6370557133413,32.95469284057617,4991049,15.012502234346506,17.81362214309023,20.443274464589756,22.191236508875146,21.531374801980952,1.53,1.0,-0.9,0.89
RTX,2010-10-29,32.787048946370646,33.03410003975523,32.689994496743,32.985572814941406,4210850,14.609941528080997,17.75897628827403,20.320840502557854,22.108007707641427,21.481580849915293,1.58,1.0,-0.97,0.96
RTX,2010-11-01,33.20615063486462,33.42673061672732,32.69440464908426,32.928218841552734,5405142,14.367394414670862,17.70705999196864,19.733369944187576,22.084776021820378,21.196953363587028,1.66,1.0,-0.98,1.09
RTX,2010-11-02,33.179683966985046,33.360561341166445,33.1223348220014,33.197330474853516,4459211,14.474826773269028,17.70050026559065,19.700044104538303,21.961835030793786,21.12702000259967,1.73,1.0,-0.97,1.12
RTX,2010-11-03,33.19292058496441,33.32085576038701,32.78264128593036,33.109100341796875,5699425,14.525540061791922,17.712553414602766,19.6600740749634,21.92945305704536,21.115472891074425,1.8,1.0,-0.97,1.15
RTX,2010-11-04,33.532616036688836,33.92524885356483,33.28997720818958,33.63408279418945,8743631,14.495832493996238,16.862445011507038,19.425340516431973,21.993290364935223,21.162030659915075,1.87,1.0,-0.96,1.23
RTX,2010-11-05,33.74436239561818,33.92082743691717,33.589956153011045,33.859066009521484,7476881,13.103197844383008,16.74192499083313,19.444167901182,22.00285208880872,20.980632153194023,1.94,2.0,-0.94,1.22
RTX,2010-11-08,33.75760985193483,33.92965997843876,33.67378959959541,33.80613708496094,5004238,12.769166863911435,16.75360257468612,19.447384663102593,21.974508634812366,20.971605989169824,2.0,3.0,-0.93,1.21
RTX,2010-11-09,33.832611083984375,33.87231640578025,33.67820476759051,33.832611083984375,6054408,12.598666545659206,16.70105691158527,19.406888442192454,21.932444020688536,20.82748174528104,2.07,1.0,-0.94,1.25
RTX,2010-11-10,33.762019932003,33.80172524779907,33.439973131987074,33.59437942504883,6392865,12.844085778738284,16.792948360297018,19.448065086920696,21.95160375370691,20.841666900923865,2.13,5.0,-0.97,1.22
RTX,2010-11-11,33.470849656348506,33.50614267171279,33.10468796459212,33.25909423828125,5571670,13.220376588129975,16.94022537655803,19.2347614244036,21.987640545209395,20.86666183538564,2.19,1.0,-0.99,1.32
RTX,2010-11-12,33.06057181918825,33.18409737842151,32.831169883302174,33.03410339355469,7581278,13.427458392262832,16.41213951503683,19.27472473646254,21.94384911490823,20.87455720700214,2.25,2.0,-1.01,1.29
RTX,2010-11-15,33.09585521211003,33.40907997769586,33.029681493150335,33.223793029785156,7497061,13.118701811845677,16.365403776529032,19.21513331636513,21.952286704500448,20.797461688542636,2.31,1.0,-1.02,1.33
RTX,2010-11-16,32.99880527336645,33.0605667063724,32.544411093392895,32.716461181640625,9517792,11.707081716807231,16.452352821406702,19.36597561965248,22.030453971325777,20.768573793919078,2.36,4.0,-1.02,1.24
RTX,2010-11-17,32.714246756801636,32.86510527397407,32.581133769149154,32.674312591552734,6192810,11.652001513798009,15.61241768626352,19.27279707206605,21.99530019585269,20.753231107773434,2.41,3.0,-1.01,1.3
RTX,2010-11-18,32.98935947338544,33.499617666982964,32.93611478933184,33.29107666015625,5803981,12.76693545654288,15.886972368886887,18.714165546732225,22.056225588272728,20.805047439820083,2.47,1.0,-1.0,1.17
RTX,2010-11-19,33.31768840227494,33.45967148598278,33.11802023627341,33.41530227661133,6390958,12.786931763232118,15.845302912696132,18.713025699774267,22.042638102525267,20.77187653835019,2.53,1.0,-1.0,1.17
RTX,2010-11-22,33.23337833456083,33.49516390009813,32.949409511772274,33.32655715942383,5470450,12.834982429792651,15.287232031716972,18.661820254258213,21.983703609140512,20.773998331688738,2.59,1.0,-1.03,1.2
RTX,2010-11-23,32.99821709881909,33.04702403108612,32.7009350883341,32.91391372680664,6530313,13.429998257100594,15.022355009712415,18.78944958761017,22.035879443795604,20.786699529279755,2.64,4.0,-1.08,1.12
RTX,2010-11-24,33.171268091104686,33.81463917081756,33.08252697429612,33.76139450073242,6224749,14.560493246928875,15.719270142928307,19.162354014670218,22.232814388559234,20.924262248780078,2.69,5.0,-1.11,0.94
RTX,2010-11-26,33.54839828812852,33.57945699039729,33.366481110889374,33.4019775390625,3120637,14.949922289858561,14.668393880360348,18.72364065599682,22.253983558669702,20.954366751764056,2.74,4.0,-1.1,1.04
RTX,2010-11-29,33.15351799010136,33.313251991310274,32.780808010146,33.18901443481445,6926133,15.086841345351582,14.76684358875132,18.709745376844047,22.263393524565352,20.897399264083518,2.79,2.0,-1.08,1.06
RTX,2010-11-30,32.88285301997788,33.583903628131786,32.85179430946736,33.39754867553711,8809098,15.089339954337824,14.641676033749265,18.72125019897902,22.257035738376846,20.905288588017857,2.83,5.0,-1.06,1.05
RTX,2010-12-01,33.96103840203312,34.82626037884368,33.96103840203312,34.72420883178711,12631597,18.246359351624246,16.45612687679772,19.529318529057996,22.71812075746981,21.22887116526569,2.86,19.0,-0.96,1.23
RTX,2010-12-02,34.78191223158828,35.21230465089997,34.65323962340388,34.91946029663086,7696639,18.264063126630646,16.439915150239738,19.403899876325557,22.72172305750942,21.23409491288832,2.9,14.0,-0.85,1.33
RTX,2010-12-03,34.79520797674724,34.96825240342404,34.73752560467797,34.937191009521484,5125320,17.921056940759538,16.444519780218112,19.401831723162083,22.692984848166105,21.188773296265754,2.93,14.0,-0.77,1.34
RTX,2010-12-06,34.866218499714876,34.96383508554389,34.710924887212684,34.79079055786133,4288870,17.99575216609784,16.496297216959558,19.423346890297886,22.673885339662718,21.141369914273923,2.96,17.0,-0.73,1.33
RTX,2010-12-07,35.23448156619803,35.23448156619803,34.773030545305375,34.84846115112305,7114906,17.994295273314314,16.478761893356904,18.683119137617883,22.662822665686264,21.12916050088078,3.0,2.0,-0.7,1.34
RTX,2010-12-08,34.90169809410495,35.061432047786155,34.32044734679026,34.47130584716797,8552475,18.277694432663953,16.686398208286132,18.782762545305953,22.70239318040706,21.13771425717814,3.03,8.0,-0.69,1.3
RTX,2010-12-09,34.67098751754852,34.702046237191695,34.351519485278345,34.444698333740234,6138625,18.245186435244943,16.5992027318981,18.621528057535606,22.700557414460533,21.099701021923135,3.07,1.0,-0.68,1.46
RTX,2010-12-10,34.82626533199193,34.977123811331694,34.63991042345093,34.78633117675781,6074588,18.398233530663887,16.670059243430064,18.61072103206591,22.722336848322673,21.10813933274411,3.1,1.0,-0.66,1.42
RTX,2010-12-13,34.98158020608839,34.98158020608839,34.65767444438467,34.67542266845703,5962723,18.453987262025834,16.51277829297882,17.76225126245312,22.719478251038723,21.008524346402645,3.15,1.0,-0.66,1.44
RTX,2010-12-14,34.52899814603151,35.05700439382762,34.52899814603151,34.98601150512695,5639679,18.541374139104438,16.445109186640288,17.564053676007397,22.741281175928034,21.014280061280267,3.19,1.0,-0.68,1.6
RTX,2010-12-15,34.92387191006276,35.234464256264424,34.86618955221489,35.03036117553711,6309125,18.45106175936757,16.443606770669728,17.51106128240884,22.72404931413825,21.010009592465767,3.23,1.0,-0.7,1.67
RTX,2010-12-16,34.977136137480954,35.16349111169455,34.8706468123498,35.061439514160156,4845814,18.40525475219782,16.43853866665336,17.462833451300387,22.710731554747365,21.009959966102755,3.27,1.0,-0.72,1.7
RTX,2010-12-17,34.97712427048074,35.08805128557347,34.77745887075098,34.96381378173828,8559149,17.974332563170638,16.242750239732818,17.473628875642515,22.687398509235212,20.987996029623773,3.31,2.0,-0.75,1.7
RTX,2010-12-20,35.2211802904332,35.27442496326123,34.95939465474517,35.008201599121094,4453173,17.90202018713561,15.585798189629338,17.47338940070253,22.685200552997443,20.98681515192437,3.35,2.0,-0.77,1.69
RTX,2010-12-21,35.06587976647157,35.261110209935126,34.85733882879124,35.207862854003906,4504338,17.93113901385634,15.464605176924223,17.485562680069027,22.66515845907718,20.991956686353276,3.38,4.0,-0.78,1.67
RTX,2010-12-22,35.221154395021095,35.36314008483799,35.08360643039359,35.28327178955078,3374400,17.93169339796965,15.380932745900244,17.195839273566015,22.659893172053245,20.99235405007249,3.42,1.0,-0.81,1.92
RTX,2010-12-23,35.26997633541928,35.31878326471252,35.141301076799294,35.2744140625,2959036,17.760064490795692,15.371098724482223,17.135917939121857,22.65644170726041,20.991873532254242,3.45,1.0,-0.83,1.96
RTX,2010-12-27,35.216747762514984,35.23005826030448,35.04370322265313,35.17237854003906,2206803,17.471181650936195,15.360429353446797,17.10224690581347,22.65597036858439,20.962840754126635,3.48,1.0,-0.87,2.03
RTX,2010-12-28,35.30547763041929,35.30547763041929,35.070315716228755,35.18124008178711,3283351,17.286395227690747,15.349053567354055,17.07290972612442,22.64945520285847,20.962689907371164,3.51,1.0,-0.9,2.08
RTX,2010-12-29,35.25668458503729,35.349860766072545,35.09251280156618,35.09695053100586,2477410,17.298648899812,15.223641771623086,17.040584709471492,22.637561076406826,20.962864193571285,3.54,1.0,-0.93,2.11
RTX,2010-12-30,35.01707291108255,35.105811332426306,34.87952486160803,34.98601150512695,2390492,16.589817858625374,14.28492586976932,17.009879176251616,22.62280173913864,20.965069902047066,3.57,1.0,-0.96,2.17
RTX,2010-12-31,34.963822091179395,34.972694855939395,34.71978475160267,34.92832565307617,2831916,16.596812504204255,14.280707453115454,17.014420336190412,22.572781715640577,20.90480788718329,3.59,2.0,-0.99,2.17
RTX,2011-01-03,35.13687496660104,35.238926578196875,35.03482335500521,35.048133850097656,4862022,15.852859648708575,14.276137799193714,16.3181327595654,22.575429064105666,20.675619101395,3.62,1.0,-1.0,2.23
RTX,2011-01-04,34.8706501411228,35.26554607569895,34.78634675639595,35.105812072753906,5814151,15.841399512239146,14.276030145275383,16.224811614365546,22.566493601754647,20.61700593845879,3.65,1.0,-1.0,2.29
RTX,2011-01-05,34.87063821649364,35.30103044898847,34.87063821649364,35.15460968017578,4481933,15.789177284811945,14.273909207171453,16.224673150733967,22.164042827558873,20.608920120502773,3.67,1.0,-0.99,2.29
RTX,2011-01-06,35.234472159463294,35.38533064129145,35.07030318884785,35.119110107421875,5539890,15.230773624724423,14.28215248007421,16.19820960282173,22.149892012480006,20.606190983367426,3.69,1.0,-0.98,2.31
RTX,2011-01-07,35.114683272208076,35.35872063029787,34.888394134516304,35.08806228637695,4404549,13.555862059876079,13.948813710956538,16.201120503261862,22.15031155949353,20.60619038601301,3.71,2.0,-0.97,2.32
RTX,2011-01-10,34.72866582600867,34.91502081144246,34.52455992911906,34.81296920776367,5246242,13.361704963353525,14.068043478987882,16.256834785835668,22.17089443745594,20.51613582786022,3.73,5.0,-0.95,2.28
RTX,2011-01-11,34.875077403083665,35.13242520805418,34.817395024725485,35.01706314086914,5521139,13.212913404099137,14.097584013333602,15.89471936334591,21.931363094409907,20.513581431695144,3.74,1.0,-0.9,2.43
RTX,2011-01-12,35.3054710902406,35.451891871141505,35.15904761980826,35.243350982666016,5151856,13.218248730377061,14.101554636621142,15.872011386010943,21.937467483016178,20.493234664045154,3.76,1.0,-0.86,2.41
RTX,2011-01-13,35.26997633541928,35.38977613987782,35.11911782045881,35.2744140625,4281561,7.1129255258488815,13.79795502217622,15.691914622741177,21.837260777942316,20.4910900383862,3.77,1.0,-0.8,2.55
RTX,2011-01-14,35.1413042580392,35.1901138812826,34.91501780987923,35.08806228637695,7347536,7.137814748070516,13.852152456457986,15.206112601487042,21.779331544434626,20.46517657943017,3.79,1.0,-0.78,2.7
RTX,2011-01-18,35.1767980669953,35.38533896868655,35.13686659123619,35.30547332763672,6029778,7.347810214145534,13.630721973749099,15.1660401491895,21.694193817747305,20.469825966156385,3.8,1.0,-0.78,2.69
RTX,2011-01-19,35.34984764526901,35.49627114616639,35.127996219558675,35.456336975097656,6529042,7.3018071558371505,13.642478604380761,15.146463238549737,21.431840783946832,20.435083385465948,3.81,1.0,-0.82,2.68
RTX,2011-01-20,35.327662870646144,35.4563354548564,35.04369133661211,35.29660415649414,6262249,7.4442432183991505,13.692055085904364,14.80317784396204,21.41788306177464,20.353181600266087,3.81,1.0,-0.8,3.12
RTX,2011-01-21,35.45189372754072,35.71811701066208,35.38977630624486,35.58500671386719,7330375,6.958872555497529,13.716417783922605,14.493794698395067,21.073532158501134,20.305983001243746,3.82,1.0,-0.86,3.27
RTX,2011-01-24,35.61161367018057,36.179553760932514,35.61161367018057,36.17068099975586,7533767,8.217975947698815,14.029222252322473,14.646785439075968,20.923910040847222,20.350775262498853,3.82,2.0,-0.98,2.95
RTX,2011-01-25,36.14407043800178,36.26387023925781,35.88672261717285,36.26387023925781,7143667,7.84593427913259,14.026676999073597,13.817942452601953,20.087154840488854,20.349968322978977,3.82,1.0,-0.96,3.19
RTX,2011-01-26,36.241683189940524,36.36148567707848,35.83347687061919,36.121883392333984,8444264,7.885697230386402,14.071701937255272,13.849048415757863,20.09457343908813,20.31081005673206,3.82,2.0,-0.96,3.16
RTX,2011-01-27,36.3570630242364,36.82295191687524,36.29494289149838,36.645469665527344,7071050,8.478683664307415,14.298873405013502,13.896786160527904,20.14983764235782,20.35112850712284,3.81,3.0,-0.91,3.09
RTX,2011-01-28,36.769701131413356,36.86287728073843,35.8113025124578,36.130767822265625,7251560,9.622082981290992,14.601847262590125,14.09825355397861,20.219160381364695,20.406539676157102,3.79,4.0,-0.91,2.91
RTX,2011-01-31,36.294929543346115,36.3792355988806,35.78910934732841,36.07307815551758,6821100,9.652220884117737,14.590802268644973,14.082820607506369,20.10216113755043,20.40798687271659,3.77,4.0,-0.89,2.98
RTX,2011-02-01,36.21952341446286,36.41031620685717,36.13078226805467,36.30826187133789,5600748,9.714901983969849,14.324489048051333,14.10264787278806,20.088024669168085,20.40627987353532,3.74,6.0,-0.88,2.93
RTX,2011-02-02,36.31268417844319,36.62327671419147,36.2416912914685,36.45466995239258,4367684,9.747943207065353,14.29220550014853,14.103027910536467,20.079640883085137,20.40754251269575,3.71,7.0,-0.86,2.93
RTX,2011-02-03,36.454653800235086,36.521208929901924,36.197306043742266,36.48127746582031,3618471,9.661767374087663,14.2807685276417,14.094393390751115,19.939613145786534,20.206434651382967,3.69,5.0,-0.85,2.93
RTX,2011-02-04,36.530103198720916,36.64990303173778,36.38811741454323,36.61440658569336,4503862,9.684474481882246,14.288631881874176,14.089749077728058,19.241207959565696,20.20805520646515,3.66,5.0,-0.86,2.91
RTX,2011-02-07,36.7608245281331,37.19121688554973,36.70757986323839,37.12022399902344,5678292,10.323686263584042,14.402305294021506,14.14777016117614,19.296996033405676,20.17038307881633,3.63,10.0,-0.88,2.73
RTX,2011-02-08,36.87617681009277,37.24445163855569,36.87174177301417,37.217830657958984,4094059,10.233687008990758,14.195463841151545,14.145383031524824,19.28425295956285,20.107701792181874,3.59,10.0,-0.9,2.74
RTX,2011-02-09,37.14683353523484,37.271071039361296,36.92498219406023,37.2621955871582,4909057,10.224283954179159,14.0812299664093,14.005283256749998,19.283948038422622,20.107554687868575,3.56,4.0,-0.88,3.0
RTX,2011-02-10,37.435252196317414,37.781341154282764,37.421941703210706,37.603858947753906,7033709,10.346656974570083,14.136743281139392,13.959981773228794,19.304744464508815,20.123920299759146,3.51,4.0,-0.82,3.08
RTX,2011-02-11,37.55504136922361,37.91887844472055,37.47517574368763,37.80351638793945,4726481,10.248406623484897,13.674071454815314,13.968694871538844,19.026063164030667,20.060370596690944,3.47,5.0,-0.75,3.06
RTX,2011-02-14,37.745846893842995,37.9100159272186,37.670416279327064,37.80796432495117,4423458,10.19765332103345,13.660855331125354,13.96721655961166,18.9722359147626,20.042155076034167,3.43,5.0,-0.7,3.06
RTX,2011-02-15,37.76359291253174,37.76359291253174,37.488496837331624,37.6837272644043,4477961,10.33760422006798,13.280448486633386,13.835713817084915,18.810614332422222,19.939798149969782,3.38,2.0,-0.72,3.2
RTX,2011-02-16,37.84202598521152,37.962428290934945,37.64135637669177,37.93121337890625,4760326,10.403180191803644,13.308060524879181,13.397825715114314,18.67470960606002,19.921188421587246,3.34,1.0,-0.68,3.68
RTX,2011-02-17,37.75730297618828,37.90446286846126,37.57001077943389,37.69933319091797,5271825,10.70208665934427,13.380079406006793,13.360692084345466,18.688442480808646,19.927380340171023,3.29,1.0,-0.7,3.72
RTX,2011-02-18,37.788525582029735,37.91784530752272,37.71717564945767,37.90892791748047,6052183,10.692937455577962,13.050611348119473,13.315112293574286,18.011606872251573,19.930900597332634,3.25,1.0,-0.69,3.84
RTX,2011-02-22,37.699338461059334,37.76622834760398,37.09286673251373,37.26232147216797,6632645,12.101474610897304,12.752907507529063,13.643988587697159,17.759733573470633,19.989039957818438,3.2,4.0,-0.73,3.53
RTX,2011-02-23,37.35150603647397,37.5700131627055,36.67814447280062,36.918949127197266,8321752,12.206030676140877,12.696459935329543,13.728466830145678,17.728921477374225,19.982812755888915,3.18,5.0,-0.77,3.42
RTX,2011-02-24,36.843149834305855,37.182062089046596,36.48194274799492,36.88774490356445,5612030,12.174855318367998,12.596435578234955,13.725625909881135,17.65411445324329,19.98351673282904,3.15,5.0,-0.82,3.42
RTX,2011-02-25,37.15975956120367,37.25786437549552,36.968007276499605,37.17759704589844,4142841,12.227906888521591,12.624348264959199,13.664410454993806,17.292624550759804,19.995436127341417,3.12,5.0,-0.92,3.44
RTX,2011-02-28,37.271233673004474,37.5477132738593,37.15083135337602,37.25339889526367,5097989,12.225102952199254,9.970122848812835,13.017944393223067,17.253426869742437,19.95011809124401,3.09,1.0,-0.95,3.92
RTX,2011-03-01,37.338119359261206,37.47189908902352,36.530975529431174,36.602325439453125,6376816,13.322462461026522,10.643300516217197,13.355799010368386,17.36806743362371,20.035013534769988,3.05,3.0,-0.98,3.62
RTX,2011-03-02,36.691519764822786,36.80746203900265,36.308015277468435,36.58895492553711,6143074,13.253729917973772,10.645773744687665,13.35230671812537,17.13526260574327,20.033224179870462,3.0,3.0,-1.0,3.62
RTX,2011-03-03,36.76287317915979,37.57001453519326,36.72273816760804,37.391639709472656,6330099,14.509142487059473,11.42420082189609,13.73915752507818,17.307225283292162,20.11662574286262,2.95,11.0,-1.03,3.13
RTX,2011-03-04,37.31582027283991,37.37379004501018,36.655836335852165,36.95015335083008,6333595,14.936929170385335,11.733684864950735,13.901341671780171,17.37534827624596,20.122228778033225,2.9,16.0,-1.06,2.96
RTX,2011-03-07,37.02596894059397,37.32920338859424,36.52206217274655,36.6915168762207,6120987,15.00001228314084,11.59296987070751,13.964934645806323,17.376807533131604,20.122699298742962,2.86,18.0,-1.09,2.89
RTX,2011-03-08,36.825295269734625,37.48081923753292,36.633543048188294,37.12853240966797,5492537,14.654781598165654,11.795133770287537,13.860359039716345,17.422513529969187,20.107405789732265,2.82,15.0,-1.1,3.02
RTX,2011-03-09,37.07056018249103,37.101775094875386,36.58003356616764,36.96353530883789,6046781,14.725216567799407,11.713073044016092,13.887633384777551,17.25201853908114,20.11388747382959,2.77,16.0,-1.12,2.99
RTX,2011-03-10,36.64245631342957,36.68259130906187,35.928959996612015,36.08503723144531,10488989,16.334797759186987,12.76580424094792,14.45328241941004,17.508312804845495,20.263039537988696,2.72,32.0,-1.1,2.78
RTX,2011-03-11,35.960171555095194,36.39718831255388,35.790716905179714,36.24557113647461,6648058,15.817581601497194,12.674812254961623,14.439927840772505,17.46794670873063,20.252129950432888,2.66,32.0,-1.09,2.8
RTX,2011-03-14,36.00478744506836,36.22329459882777,35.81303516603105,36.00478744506836,5922839,15.394264259100707,12.76066120191184,14.322812111883424,17.4754936495579,20.261637066428754,2.61,32.0,-1.08,2.93
RTX,2011-03-15,34.99696155702651,35.67924306349959,34.359275097099705,35.456275939941406,9102110,16.012945351570657,13.16485921643992,14.547250334242424,17.524181733037096,20.31084091995575,2.55,36.0,-1.06,2.73
RTX,2011-03-16,35.37154313719242,35.49640547351623,34.867636450035896,34.93006896972656,9778229,16.39195540516614,13.513664382553362,14.603841498980447,17.17339976315277,20.366541710159012,2.49,37.0,-1.02,2.77
RTX,2011-03-17,35.39830859655996,35.63019314123665,35.228853882436646,35.44736099243164,7219780,16.974441354068013,13.844528974387588,14.774684883515155,17.246417362769144,20.413000349800278,2.43,39.0,-0.98,2.51
RTX,2011-03-18,35.89773761148838,36.08056966994793,35.594500591216544,35.74612045288086,9623937,17.183724188731475,13.901259246801828,14.825090371461167,17.231787409292288,20.405351158970348,2.37,41.0,-0.95,2.42
RTX,2011-03-21,36.254512941118826,36.57558768643081,36.08505817706696,36.325862884521484,5181252,17.82240102940485,14.271118509261099,14.997584021035479,17.316727434642207,20.444580013755395,2.33,42.0,-0.92,2.19
RTX,2011-03-22,36.352603159477084,36.35706050152368,35.92896374795846,36.067203521728516,7172269,17.42125740684309,14.356017927733653,15.041150940779154,17.341854944225137,20.449959042765116,2.29,43.0,-0.89,2.15
RTX,2011-03-23,36.05829991264644,36.68260915571568,36.03600238166292,36.504234313964844,6245088,17.799434107463625,14.536200563146394,15.140189468749732,17.054355861823094,20.482197706828654,2.26,44.0,-0.87,2.01
RTX,2011-03-24,36.56220149079601,36.96800081788202,36.4640939905856,36.90557098388672,5176485,18.10810413775091,14.68871869594777,15.22170182786958,17.06025941453108,20.50693286807102,2.22,48.0,-0.85,1.9
RTX,2011-03-25,37.01705671191815,37.27569886769913,36.91895190550215,37.244483947753906,6383808,18.108737046859773,14.771624974735753,15.267547014632408,17.082404867893523,20.520577688016,2.19,49.0,-0.85,1.82
RTX,2011-03-28,37.34704559967634,37.50312288908337,37.16867078233737,37.22218322753906,5648577,18.030314863160633,14.750131421063259,15.229880452147615,17.006629718015592,20.515810122551937,2.17,49.0,-0.83,1.88
RTX,2011-03-29,37.26677340694801,37.57000785368694,37.12853361736392,37.51203536987305,5458692,18.188908413222578,14.802947014111789,15.25339307206877,16.933597925113187,20.528072869854995,2.14,50.0,-0.82,1.83
RTX,2011-03-30,37.64582737900906,37.71271726798404,37.4451550090255,37.561100006103516,3879544,18.17117369528927,14.795651878059642,15.075599360655954,16.93121434551197,20.513887046942727,2.12,44.0,-0.8,2.04
RTX,2011-03-31,37.44960924930887,37.95351606492405,37.44069186025553,37.74838638305664,5667804,18.126800561856136,14.816083252730913,15.062087362401627,16.936611295210977,20.508442326169153,2.09,44.0,-0.78,2.06
RTX,2011-04-01,37.944573434100114,38.32807769981882,37.85984612465853,38.04713821411133,5244018,18.18067535140252,14.879084221416186,15.094380314560382,16.49541742130552,20.501317158238454,2.06,46.0,-0.75,2.0
RTX,2011-04-04,38.20325045887088,38.22108794454505,37.86879827824503,38.00703811645508,3298605,18.115944285331434,14.879382313351485,15.098434010289857,16.49158319116095,20.49976413203901,2.03,47.0,-0.72,2.0
RTX,2011-04-05,37.90446783760549,38.172027381456985,37.71717561629774,38.08283996582031,3829172,17.36255152797118,14.872880922296835,15.041119160612295,16.385693520304898,20.476753786187587,2.0,43.0,-0.69,2.05
RTX,2011-04-06,38.26567757995504,38.34594490823857,37.98919792324002,38.198787689208984,3196909,17.112099931335855,14.751073577838822,14.934240549397085,16.35192920065538,20.472939940973774,1.98,42.0,-0.65,2.15
RTX,2011-04-07,38.1051183605668,38.35038295464055,37.752831624529975,38.06498336791992,4106771,17.156254405197828,14.759216217483056,14.897593525465005,15.817722362415868,20.474627382132464,1.95,42.0,-0.64,2.19
RTX,2011-04-08,38.1853919399961,38.337009133183564,37.5387854677643,37.819725036621094,4107247,17.165481569833265,14.80749166541816,14.933492721622885,15.693237792378412,20.48356188149852,1.92,43.0,-0.62,2.17
RTX,2011-04-11,37.90445078976463,38.15417273817428,37.81080336970021,37.895530700683594,3843314,17.165228822282643,14.808321163993362,14.692170756969936,15.660285836698634,20.478518278382722,1.89,39.0,-0.68,2.37
RTX,2011-04-12,37.68593978639565,37.80188201086306,37.235545614627355,37.44959259033203,5190151,16.707398280969365,14.99032610226981,14.837289833761439,15.705610626652295,20.505616241580782,1.85,43.0,-0.77,2.22
RTX,2011-04-13,37.67256828121881,37.801890667516474,37.16866157436518,37.55216598510742,5954301,16.71337134729831,14.956953594921519,14.576625979160754,15.706671178127039,20.492499513710978,1.83,37.0,-0.78,2.51
RTX,2011-04-14,37.33811040993641,37.467430063562176,36.87879615002454,37.44959259033203,4841047,15.52463372610194,14.961060611309641,14.58426596748906,15.712906555735554,20.453791291341407,1.81,38.0,-0.77,2.52
RTX,2011-04-15,37.49418988296617,37.547702309737154,37.08393064744602,37.213253021240234,7090913,15.234814666839045,14.993781232886692,14.620212954511535,15.735659748212738,20.465526427170133,1.78,40.0,-0.79,2.48
RTX,2011-04-18,36.84313978981097,36.847599836132716,36.20545317896115,36.43288040161133,8723292,16.335331784294528,15.58091956298038,14.889709633851586,15.771673512013662,20.573736878282027,1.75,47.0,-0.92,2.39
RTX,2011-04-19,36.44179603782018,36.776248137750045,36.44179603782018,36.727195739746094,5418172,16.127280696493404,15.309361398186033,14.412550785140029,15.76047791989485,20.274520372281145,1.72,33.0,-0.9,2.63
RTX,2011-04-20,37.824193220326215,38.72944200032237,37.45852891519355,38.30580520629883,12631120,20.221798371785123,17.54334008428373,15.71353757274113,16.47282132108392,20.68730458267187,1.68,68.0,-0.99,3.84
RTX,2011-04-21,38.41280494290824,38.91671145833736,38.19875799949904,38.840904235839844,9296127,19.062120716284213,17.712080569400584,15.787793480849738,16.526525680644543,20.730135450253712,1.65,69.0,-1.12,3.66
RTX,2011-04-25,38.796319954624174,38.83645495021814,38.479705440621466,38.591190338134766,5565949,19.224105526479843,17.563977575610142,15.820599967834081,16.52657789232885,20.74159857408266,1.62,70.0,-1.28,3.66
RTX,2011-04-26,38.69821945582401,39.44739080548353,38.63132959116725,39.17982864379883,9534000,19.399008931078892,17.52050270984189,14.802243470205026,16.587275421034334,20.59832792959356,1.56,45.0,-1.15,3.11
RTX,2011-04-27,39.22888103100994,39.295770895666706,38.94794143700542,39.17982864379883,5525589,18.645212691717056,17.51207619797135,14.786572458800043,16.587655635155667,20.594908313089338,1.51,45.0,-1.06,3.14
RTX,2011-04-28,39.2021195344264,39.88439820094831,39.08617459911564,39.69264602661133,6566701,18.013166739397985,17.643593826697142,14.905316610994662,16.247858530157682,20.55844378922514,1.45,52.0,-0.86,2.95
RTX,2011-04-29,39.75954350994087,40.04494315555843,39.68373625636699,39.94683837890625,5788091,17.753703014422058,17.664707699961774,14.901035419777287,16.205286664960617,20.511679303072956,1.38,52.0,-0.64,2.94
RTX,2011-05-02,40.14750981849126,40.43290947719645,39.90670520798766,40.134132385253906,6009598,17.706106908342758,17.67564450805088,14.910167284453488,16.20984634000015,20.446092426764388,1.34,54.0,-0.45,2.92
RTX,2011-05-03,40.00482056941045,40.34819009730939,39.9022557157019,40.06725311279297,5684965,17.38542980450727,17.6828137047944,14.788027140749566,16.196219539688336,20.240291428098864,1.29,46.0,-0.35,3.06
RTX,2011-05-04,40.11184430450966,40.28575908671267,39.54996764874039,39.857662200927734,7102036,17.29496524344289,17.549751921574586,14.822556377145007,16.21527406685945,20.231297315401438,1.24,49.0,-0.35,3.02
RTX,2011-05-05,39.72833684582101,39.929009189063564,39.197675148424295,39.478614807128906,7848389,17.481346463872818,17.6841053371447,14.862715956404656,16.26158036432585,19.980740169509602,1.18,52.0,-0.4,3.0
RTX,2011-05-06,39.9735973234767,40.38385665286137,39.6659028264382,39.78184509277344,7969947,17.371072444914056,17.73683919533177,14.879599053046919,16.068264135127315,19.81707260114152,1.15,53.0,-0.44,2.96
RTX,2011-05-09,39.634677565711876,40.21439144910539,39.634677565711876,39.920074462890625,4106612,17.260106872262707,17.665090396022137,14.834358644288601,16.046766657216864,19.194003431083654,1.12,51.0,-0.46,3.04
RTX,2011-05-10,40.049407958984375,40.187647752989974,39.99143547331627,40.049407958984375,5452336,17.23966395061818,17.64870905001849,14.837469932360886,15.949918102736557,19.195398886544336,1.09,53.0,-0.49,3.03
RTX,2011-05-11,40.0850717825414,40.21439144910539,39.82642704329886,39.920074462890625,6639319,17.239438797565327,17.668917643780862,14.855080946507963,15.67806427243032,19.192726636234454,1.06,54.0,-0.53,3.01
RTX,2011-05-12,39.750622987095625,40.00034765731321,39.57670826752989,39.94237518310547,6038200,17.24369726813764,17.64745735566068,14.841142192122945,15.65063157141767,19.18660194910907,1.03,54.0,-0.58,3.02
RTX,2011-05-13,40.093998692707714,40.14305108488619,39.39833970493834,39.67927932739258,5418808,17.399035861640392,17.67583028655702,14.894573477420806,15.67110085148051,19.11039775867646,0.99,59.0,-0.63,2.96
RTX,2011-05-16,39.44740093600282,39.79968782720337,39.28240355149306,39.63469314575195,5344443,17.31485814705415,17.622255849014298,14.882194771315715,15.46844264933184,19.091827218107447,0.96,58.0,-0.69,2.99
RTX,2011-05-17,39.51429216978877,39.64361189161175,38.840930579072584,39.16200256347656,8123286,17.733048937005826,17.787933631414298,15.027604096810851,15.37913421638387,19.12672750993991,0.93,68.0,-0.74,2.83
RTX,2011-05-18,39.031975315171564,39.22029686550418,38.85262016346712,39.076812744140625,9116093,17.75390006257728,17.41019693559904,15.034937533139184,15.376925381848494,19.024502662525126,0.9,69.0,-0.78,2.82
RTX,2011-05-19,39.29651625734226,39.75386773320486,39.260645233598495,39.50277328491211,5991960,17.97973837480397,17.401911411232437,15.1017762296928,14.971952343401673,18.529466851042258,0.87,76.0,-0.82,2.7
RTX,2011-05-20,39.5027859688073,39.51175236866545,39.00956059291828,39.2337532043457,6249537,18.079635336102267,17.4740271474324,15.154428307715841,15.004901500102754,18.54662497437039,0.84,79.0,-0.86,2.64
RTX,2011-05-23,38.74499426495601,38.794318953805615,38.4625133917906,38.60151290893555,6546362,18.644401992669657,17.767912657363148,15.393123098755154,15.098663492494978,18.61925451388049,0.81,86.0,-0.87,2.43
RTX,2011-05-24,38.60599717973834,38.700159288667216,38.35938730952152,38.39077377319336,5412293,18.724148187566517,17.809078556366238,15.413189783284503,15.106504486947859,18.630865906475208,0.78,87.0,-0.87,2.41
RTX,2011-05-25,38.278678908347274,38.88400174746584,38.20693686169874,38.67774200439453,6423850,18.458305891792364,17.456599458358934,15.442073367539248,15.107973662546367,18.641186497864865,0.74,88.0,-0.88,2.35
RTX,2011-05-26,38.5880657376669,38.82571195462281,38.30110025938132,38.73603439331055,5598365,18.45213903155575,17.454930503390464,15.437471778119964,15.107670804500838,18.427187505894803,0.73,88.0,-0.88,2.36
RTX,2011-05-27,38.816742405868546,38.89745356910469,38.59254986404943,38.709129333496094,4619859,18.425371606716634,16.91278976679006,15.43945423226433,15.10655484726744,18.389872013136934,0.72,89.0,-0.89,2.36
RTX,2011-05-31,39.00953708072368,39.36376266095066,38.821215618064684,39.354793548583984,7540441,18.812014582570992,17.021426987636676,15.635888519511793,15.20935551173135,18.333201288272267,0.71,91.0,-0.91,2.14
RTX,2011-06-01,39.13061647985785,39.24719596113764,37.77649197650815,37.798912048339844,11067067,21.48013030878906,18.955707206129496,16.96285163089576,15.990446617366391,18.689937314439028,0.73,100.0,-0.88,2.99
RTX,2011-06-02,37.8078731036909,37.91100161446414,37.529874036752,37.7944221496582,6977617,21.385037853540016,18.807874719293153,16.961425922096897,15.964367143430167,18.68405161269253,0.75,99.0,-0.85,2.99
RTX,2011-06-03,37.26532874675392,37.49400585428657,36.96042774865288,37.3236198425293,8061950,17.81845338829222,18.96729413487475,17.037710367942214,16.04459489748326,18.259814924121144,0.77,100.0,-0.84,2.9
RTX,2011-06-06,37.18462542066483,37.686817127716395,37.10840151959669,37.534366607666016,8688811,17.380805669365206,18.312928670461034,17.036091441054246,15.975187468089874,17.99846330444393,0.79,99.0,-0.82,2.9
RTX,2011-06-07,37.641960665667696,37.7316381962104,37.32360611171929,37.32809066772461,5298044,17.357994134444407,18.33865429520821,17.039111878973884,15.941552977591178,17.95316417149047,0.82,100.0,-0.79,2.89
RTX,2011-06-08,37.498492083950985,37.498492083950985,37.07700887550581,37.233943939208984,4980721,16.66229459467141,18.289216736866862,17.046131913454747,15.944818561618995,17.90575603010035,0.85,100.0,-0.76,2.88
RTX,2011-06-09,37.36397045347353,37.897548488102544,37.202550860593306,37.704742431640625,6176761,17.16397677192149,18.146178559538765,17.126073198538688,16.002719950313047,17.67155622006051,0.88,100.0,-0.74,2.8
RTX,2011-06-10,37.48951791652089,37.60161281426949,37.036648332774234,37.081485748291016,6804416,17.17274014924963,18.213984738978574,17.323588001620358,16.075561624307397,17.73076415468173,0.91,100.0,-0.72,2.59
RTX,2011-06-13,37.18013438280503,37.31913663964034,37.00078198020241,37.112876892089844,5379560,17.004483061972397,17.98865119598322,17.313132203062626,15.840293623612,17.70723641485564,0.95,99.0,-0.69,2.6
RTX,2011-06-14,37.37743190220955,37.852721700193506,37.36846550348848,37.67336654663086,6390164,17.63130747989285,18.158118815137378,17.446905947131135,15.88953072947003,17.597305520319573,0.98,100.0,-0.68,2.47
RTX,2011-06-15,37.30567365899973,37.6419637465813,37.139772252351605,37.33706283569336,5629350,17.74199638236303,17.986736856594693,17.471364332997442,15.899810951373682,17.62462156217368,1.02,100.0,-0.64,2.43
RTX,2011-06-16,37.36846403556368,37.951364184873356,37.25636638951197,37.82133102416992,7820899,18.255946258111766,18.09325718260845,17.40038909159184,15.959792661161451,17.66510797149843,1.05,98.0,-0.61,2.49
RTX,2011-06-17,38.108296813564976,38.22936085021806,37.88410425375978,37.91997528076172,9852436,18.1438898829655,17.945320796333323,17.400488469271767,15.95127056710238,17.647264239338327,1.07,98.0,-0.58,2.49
RTX,2011-06-20,37.825811720254706,38.50735848951915,37.74958782920298,38.35490798950195,5690368,18.337126524718553,17.95710330157379,17.472482759263382,15.995528880208237,17.677647042371373,1.1,100.0,-0.56,2.42
RTX,2011-06-21,38.46700486727032,38.60600441923689,38.175554807514516,38.36387634277344,6971738,18.2891937658927,17.86960387269832,17.332014638033403,15.955193440696405,17.551468349315897,1.12,95.0,-0.55,2.56
RTX,2011-06-22,38.23383472111204,38.65531781161673,38.18899459093621,38.31005859375,5391795,18.23803513734004,17.872466634962723,17.176068820526915,15.642609638584457,17.55283317841027,1.14,92.0,-0.52,2.74
RTX,2011-06-23,37.80786244496555,38.19795902733318,37.52538161826126,38.16657257080078,7947066,18.242980984791537,17.827906783247446,17.186442760985067,15.645565866463818,17.527979704523457,1.15,92.0,-0.48,2.73
RTX,2011-06-24,38.15761542213016,38.23384202724742,37.59265087367734,37.81235885620117,7006696,18.37061070917185,17.934769196019644,17.230859607470276,15.690702700203401,17.54608019118042,1.17,92.0,-0.43,2.66
RTX,2011-06-27,37.668876794954876,38.4625212016153,37.54781276246956,38.260746002197266,5064938,18.72485564276274,18.067571594218506,17.31623141274694,15.74312465961436,17.53744764916416,1.18,93.0,-0.4,2.57
RTX,2011-06-28,38.50286990403585,38.82570910103213,38.323517512506925,38.80777359008789,6871154,19.250292472817147,18.22747996430775,17.45252130558198,15.820524626848231,17.26208273130395,1.2,98.0,-0.39,2.43
RTX,2011-06-29,39.12164125988812,39.12164125988812,38.556674058944836,38.77190017700195,6700336,18.950904066844508,18.22707858553381,17.447434326716216,15.822181987047202,17.262084346173875,1.22,97.0,-0.38,2.43
RTX,2011-06-30,38.87951855816826,40.19777191693787,38.84364753358176,39.68661117553711,7308606,20.138746957897887,18.82424151058521,17.696289032722394,15.938758238544345,17.377499032569663,1.24,100.0,-0.43,2.29
RTX,2011-07-01,39.78077234782361,40.59234950342969,39.61935274102595,40.412994384765625,7124599,20.57019339534199,19.156181608661125,17.909988913266275,16.065077263451702,17.455840435681505,1.27,100.0,-0.45,2.11
RTX,2011-07-05,40.29191806420863,40.61027262321417,40.00495267982621,40.13498306274414,6430524,20.572434776315486,19.202415470021784,17.951803621673225,16.092051577929265,17.47265116802732,1.29,100.0,-0.5,2.06
RTX,2011-07-06,40.18880030416034,40.62821896907888,40.06325444382375,40.543025970458984,6882754,20.092302749082762,19.232078859552416,17.964231339948476,16.11608955661172,17.259270319881924,1.31,100.0,-0.53,2.05
RTX,2011-07-07,40.807568888940274,41.1752454623652,40.69547127885787,40.97795486450195,10032469,20.140650185893787,19.330109277453246,18.019010844561304,16.06875106164904,17.261946876209855,1.33,100.0,-0.5,1.99
RTX,2011-07-08,40.578907590455586,40.789649222363124,40.33229492682276,40.51165008544922,7185458,20.45267578738518,19.31887110623614,18.123438596991836,16.135372167624435,17.306531826372268,1.35,100.0,-0.56,1.89
RTX,2011-07-11,40.06326155611542,40.31884059734717,39.82561531133231,39.96461486816406,7798335,20.918123971689933,19.555844612019666,18.254404132419456,16.156473543347722,17.316632651599917,1.37,100.0,-0.62,1.77
RTX,2011-07-12,40.103608156030916,40.11257727076716,39.60590110766206,39.66419219970703,7982818,21.061262673431525,19.620227198238616,18.27437740518434,16.187602730605004,17.274588429084996,1.38,100.0,-0.67,1.75
RTX,2011-07-13,39.771823301206126,40.0587916358686,39.45347120233367,39.5341796875,5932532,20.55225595908081,19.581775657189628,18.25385695394662,16.19557647543384,17.278363985250547,1.39,98.0,-0.71,1.77
RTX,2011-07-14,39.41758336755122,39.978063401058094,39.28306565902886,39.377227783203125,5000106,16.66111376920516,19.058953218080728,18.249135408514626,16.192997294013466,17.28561141304851,1.4,97.0,-0.74,1.78
RTX,2011-07-15,39.51172475722909,39.7269508183949,39.287532302471,39.601402282714844,6596098,16.700931835090074,19.029275126430203,18.048306960100486,16.19606239510801,16.976874336148022,1.4,95.0,-0.76,1.93
RTX,2011-07-18,39.462407135535194,39.51621365674125,38.92434464138756,39.28753662109375,5859755,16.415534280690103,17.110172067383434,18.031382533460643,16.22883398498961,16.996477091464683,1.41,94.0,-0.75,1.95
RTX,2011-07-19,39.44896429187127,40.157412889808285,39.43102878111666,39.82560729980469,7955487,16.74041030104037,17.101203434008728,18.146956401023672,16.29744955122275,16.966481340797827,1.42,96.0,-0.76,1.84
RTX,2011-07-20,39.30099962125397,39.30099962125397,38.41319854394441,39.10819625854492,9929820,17.612493500782996,17.46734593205991,18.357729663694915,16.452344543831686,17.054260535422465,1.43,100.0,-0.75,1.69
RTX,2011-07-21,39.67314222064323,39.906303774667435,39.37272320551323,39.55207824707031,7863484,17.788605873538053,17.344258362894813,18.435911034466685,16.475884204671935,16.709729493530627,1.42,100.0,-0.75,1.62
RTX,2011-07-22,39.82112471426542,39.8659648523288,39.30996670932063,39.32341766357422,5792223,17.63759401126042,17.3871584085442,18.232641285567603,16.489799608356137,16.620154857771972,1.42,94.0,-0.71,1.77
RTX,2011-07-25,38.85260369383461,39.39963531568922,38.695668682096546,39.15302276611328,5273891,16.886089223230872,17.1980305291204,18.249575311416123,16.407419473336386,16.605178359764487,1.42,95.0,-0.66,1.75
RTX,2011-07-26,39.02300000444523,39.11716212362208,38.38180883627177,38.64187240600586,7337684,17.433360435304056,17.342311555135726,18.06510571804149,16.47570733867552,16.645693218575914,1.41,90.0,-0.64,1.84
RTX,2011-07-27,38.341450045335094,38.38180290339019,37.444677285692165,37.54780578613281,9693218,18.993949248216207,18.2395707048654,18.54629517946586,16.83839565755816,16.90630863625702,1.42,100.0,-0.61,1.73
RTX,2011-07-28,37.709226189148396,37.83029020176329,37.135292588990126,37.18013000488281,7410302,19.030991677373336,18.326933782439824,18.57942454058071,16.883477476513416,16.93936199040746,1.43,100.0,-0.58,1.7
RTX,2011-07-29,36.85280282772378,37.54331848604139,36.543417371405766,37.14425277709961,7736682,18.626191205247757,18.308031895977763,18.48498806863641,16.86027880244549,16.939599711420623,1.43,98.0,-0.58,1.78
RTX,2011-08-01,37.35499705574923,37.58367410662812,36.42684061842748,36.92006301879883,7068984,18.66566144422733,18.253554422163862,18.496552521939904,16.83166118719735,16.829508958021755,1.43,98.0,-0.58,1.77
RTX,2011-08-02,36.6196615009919,36.83040312905712,35.391082763671875,35.391082763671875,10685231,21.81483869286291,20.01393872824426,19.308928911630584,17.559097469477116,17.346591913279717,1.46,100.0,-0.53,2.33
RTX,2011-08-03,35.39556584049925,35.64666304748814,34.817147527121094,35.56147003173828,11792605,21.90787897530577,20.031225379771172,19.311238172483137,17.555482985080605,17.33165506097605,1.48,100.0,-0.51,2.33
RTX,2011-08-04,35.027872811208724,35.1668723064913,33.28365500396425,33.34642791748047,15607317,28.28578059681667,23.7296179708765,21.80984022665897,19.063649047441988,18.48791472042913,1.56,100.0,0.44,4.91
RTX,2011-08-05,33.75895158189091,34.099726302149996,32.579697809984076,33.243309020996094,16543079,28.288175426790403,23.729589700906445,21.687660992702714,19.06671182337568,18.478962927747,1.64,99.0,1.09,5.12
RTX,2011-08-08,32.25236768366565,32.88459225091454,31.25695114733107,31.270404815673828,19292526,32.690298343735236,26.53593745289428,23.6195588259292,20.273877161841273,19.45164080700688,1.78,100.0,3.34,5.36
RTX,2011-08-09,30.472277925649358,32.13579014016124,30.095634983981327,32.09095001220703,18652635,33.61300717058299,27.230925367672086,23.87591704477697,20.505091491478264,19.62474209100181,1.92,100.0,3.64,5.15
RTX,2011-08-10,31.30181039787274,31.48564741383967,30.136007196025535,30.2391357421875,16535929,36.4498433238112,29.53503048843692,25.565312099105487,21.667555607437038,20.29606044995215,2.11,100.0,4.78,4.7
RTX,2011-08-11,30.288439229769203,31.67843419216366,30.135988783099798,31.270404815673828,14054387,38.374548369802255,30.50029272902428,26.019831444144152,21.992363304303517,20.550175999405695,2.3,100.0,4.41,4.43
RTX,2011-08-12,31.337671174090573,32.534860460173675,31.306284708214207,32.485538482666016,15019228,39.61635609652343,31.684326103240583,26.751790269281607,22.25118078193952,20.899507838419343,2.5,100.0,3.91,4.09
RTX,2011-08-15,32.8263164484184,33.04602446737496,32.373446735902874,32.97428512573242,11414105,39.452506452087086,31.772076069893256,26.79167077173372,22.28777264484435,20.944952985004132,2.68,100.0,3.41,4.06
RTX,2011-08-16,32.58419443312001,33.12674182126298,32.27929062314178,32.53038787841797,9551956,39.50134952346485,31.83639139478886,26.795628188475675,22.332409088922343,20.989462157273874,2.85,100.0,2.92,3.99
RTX,2011-08-17,32.83731141078148,32.9230718188587,32.26858132604085,32.5213508605957,7509296,39.22385275657144,31.72324332706622,26.744212242884995,22.31952966114146,20.988118088147374,3.0,97.0,2.47,4.02
RTX,2011-08-18,31.53284131171923,31.6050584283479,30.44052014450589,30.747451782226562,15294920,41.277391368541714,33.54524037951873,28.119574449781897,22.803230285903915,21.63239130338022,3.18,100.0,2.21,3.51
RTX,2011-08-19,30.318654985516243,31.167232926424607,30.314140559954183,30.445039749145508,13802531,41.27372435443518,33.487238957737276,28.104629496951937,22.81680397808491,21.647610876417794,3.35,99.0,1.96,3.48
RTX,2011-08-22,31.15369986730078,31.216890896282962,30.318662266529206,30.54886245727539,9456457,41.42175599318209,33.502800444933165,28.113048013095295,22.821646622621447,21.60858706278896,3.5,99.0,1.67,3.47
RTX,2011-08-23,30.792595306768415,31.564441680908203,30.612045647315995,31.564441680908203,10469921,43.14748766239618,34.33067730529577,28.629700932928912,23.158255118860236,21.722683501521125,3.66,100.0,1.33,3.23
RTX,2011-08-24,31.45159894020335,32.31372018465022,31.370352957633163,32.23247146606445,8128688,43.92312145060273,34.45150424009357,28.816467682183287,23.29604265723379,21.810304372804413,3.81,100.0,1.03,3.12
RTX,2011-08-25,32.29113598570844,32.78313155326885,31.78108545963167,31.934551239013672,11891917,43.920360078632875,33.60404404694627,28.84169070645111,23.286729660031945,21.82896915920901,3.95,100.0,0.76,3.08
RTX,2011-08-26,31.71339349526782,32.51683538587388,31.08598684082947,32.30017852783203,8397388,44.09412520104884,33.7258582849926,28.911085801019727,23.328560233835045,21.738064347503933,4.09,100.0,0.52,3.05
RTX,2011-08-29,32.80572161176219,33.41055899924787,32.78766664186637,33.34285354614258,6457537,45.484413671874044,34.385262592211,29.385500488824945,23.606002760262772,21.88587562432905,4.22,100.0,0.33,2.84
RTX,2011-08-30,33.3067343567962,33.550475014692864,33.094589203438865,33.29319381713867,8765719,45.143559133892445,34.349781761433476,29.383489261056404,23.60385857205329,21.88430678331024,4.35,99.0,0.16,2.84
RTX,2011-08-31,33.62269211560784,34.01989857440291,33.315760473815075,33.51436233520508,8094366,45.13306133231245,34.38675756992315,29.398816886508598,23.592898313016637,21.65587315408615,4.47,100.0,0.01,2.86
RTX,2011-09-01,33.54596673453731,33.97928597107747,32.93661497817243,32.97272491455078,8019206,44.96807926779941,34.51475211980173,29.491269929164034,23.66849159409733,21.720618149395587,4.58,100.0,-0.14,2.75
RTX,2011-09-02,32.336289623688046,32.444619433780524,31.89394700316747,32.065467834472656,7688694,45.41081108663023,34.77939853917083,29.745253483401935,23.89159755704979,21.872316977248975,4.69,100.0,-0.29,2.56
RTX,2011-09-06,30.950571025166877,31.893938069107303,30.914461098584418,31.821718215942383,7537104,45.4053397098155,34.67352740913015,29.75273692640097,23.905004097910144,21.882191770765445,4.79,100.0,-0.43,2.54
RTX,2011-09-07,32.53488431324652,32.93660518398615,32.26406260695754,32.932090759277344,7331646,46.896940444260835,35.481793101094276,30.294424138848512,24.25673600438472,22.135172887526643,4.9,100.0,-0.55,2.35
RTX,2011-09-08,32.69286346405461,33.1487492080574,32.62967246429774,32.783138275146484,8495589,46.36955168199471,35.3078679919439,30.288146881464538,24.25113033965511,22.1397510773944,5.0,99.0,-0.66,2.36
RTX,2011-09-09,32.30919727849901,32.46717751248599,31.65019526747442,31.835256576538086,8423607,46.90515531644085,35.71625137764878,30.45173716485483,24.489650475748988,22.334356985720806,5.1,100.0,-0.76,2.26
RTX,2011-09-12,31.47868384783028,32.14671217033745,31.252995387072946,32.1060905456543,7969947,47.058211323232534,35.645570219962146,30.455153720437835,24.512991705180674,22.349098270511465,5.19,100.0,-0.86,2.26
RTX,2011-09-13,32.31372006552181,32.82828251326198,31.90748468213733,32.701900482177734,6728303,47.535024349632835,35.89236147645208,29.820728926201074,24.613133608954147,22.422402629910838,5.27,96.0,-0.95,2.39
RTX,2011-09-14,32.864385320928726,33.74004691337527,32.1783022060345,33.257080078125,7777837,46.47782098961494,35.99909003005036,29.86347859025268,24.69742129975128,22.47249376032145,5.35,96.0,-1.02,2.37
RTX,2011-09-15,33.60013289078392,34.17337473212497,33.54145629399511,34.128238677978516,8567570,47.14429798964168,36.45853882022796,30.167442793134093,24.889367017733225,22.61386792564463,5.42,96.0,-1.08,2.27
RTX,2011-09-16,34.36746717744908,34.412605970519415,33.726519845588484,34.078590393066406,14227429,43.20759742418134,36.45850710892649,30.053071190561315,24.88727743784009,22.570891644801716,5.49,95.0,-1.12,2.31
RTX,2011-09-19,33.50083996486118,34.25011724830636,33.33834520613274,34.101165771484375,8447442,43.192442746129686,36.46041462547719,30.05403745653109,24.886813838448997,22.540890860222735,5.54,95.0,-1.17,2.31
RTX,2011-09-20,34.39906314369296,34.733075962959084,33.83484741987726,34.30878829956055,9189664,38.993516313621875,36.46261121318262,29.98960359213358,24.894105844862953,22.54625086842352,5.6,93.0,-1.2,2.34
RTX,2011-09-21,34.281693609048226,35.01742993543693,33.767131264663064,33.794212341308594,11071993,38.71949313939431,36.4568448406664,30.040629242123874,24.956275108874358,22.59935744890241,5.65,93.0,-1.24,2.26
RTX,2011-09-22,31.618607289104908,31.81720918294902,30.386360623684844,30.83321762084961,20851811,43.92629293860239,40.65626634116595,33.246685865708415,27.201665847548597,24.375736375004156,5.75,100.0,-1.28,3.72
RTX,2011-09-23,31.14467049950234,31.478686052153503,30.851279310394766,31.10856056213379,13923295,42.89150884833377,40.7359459499693,33.29672548883035,27.22543779717408,24.272395931368074,5.85,100.0,-1.33,3.71
RTX,2011-09-26,31.537348683921948,32.36787413963383,31.203333279169687,32.295654296875,12660993,42.83968551826452,41.235714037114754,33.89259254876041,27.596557779569086,24.546034873673346,5.95,100.0,-1.37,3.48
RTX,2011-09-27,33.17131751035208,33.78969515808851,32.66126689636944,33.01784896850586,10872097,43.10982300718129,41.332548453693846,34.08768421750341,27.711047303959223,24.6259829904363,6.05,100.0,-1.4,3.42
RTX,2011-09-28,33.12168037254866,33.523401378348616,32.34080502004984,32.43107986450195,10133689,43.24825736723711,41.434494633543636,34.149232661618505,27.779605021980835,24.691911130654333,6.14,100.0,-1.44,3.32
RTX,2011-09-29,32.99980332641046,33.085563727249564,32.01129740008199,32.6883544921875,7496584,43.31029486447117,41.4057788279346,34.174686060189906,27.78522396885807,24.70127690343819,6.23,100.0,-1.47,3.31
RTX,2011-09-30,31.916509100892192,32.494265269477985,31.614091844284268,31.75853157043457,10962193,40.887745201125476,41.616254730154786,34.428372036674034,27.987714792350232,24.870670690817153,6.31,100.0,-1.5,3.07
RTX,2011-10-03,31.541873993798784,32.011300397724504,31.171748539929776,31.307159423828125,9643323,41.01094664796454,41.64160137204551,34.480758115103164,28.029403266888934,24.897615396464328,6.39,100.0,-1.52,3.01
RTX,2011-10-04,30.88737462005611,31.451590122203896,30.183236584495436,31.388399124145508,13665400,41.0073630336588,41.61933159725801,34.48675385322506,28.020347665872375,24.74368558666905,6.46,100.0,-1.54,3.01
RTX,2011-10-05,31.392914355281853,31.568949568041432,31.054387204601987,31.419998168945312,15532157,39.885094615017245,41.62534262601945,34.48434079598812,28.01494981986773,24.7387804492889,6.52,99.0,-1.56,3.03
RTX,2011-10-06,31.48771587165566,32.060957774778686,31.221405736246695,32.03839111328125,9206189,39.82049132653694,41.900112206502264,34.65758520927192,28.11240090702278,24.81585086668052,6.58,100.0,-1.57,2.97
RTX,2011-10-07,32.31371853818602,32.67030069420116,31.997758003378422,32.25503921508789,8279167,39.773638409032785,41.952467420099055,34.649392819689965,28.10681227954102,24.82438992325067,6.64,99.0,-1.58,3.02
RTX,2011-10-10,32.81474023081183,33.28868103027344,32.70189874675835,33.28868103027344,5421509,40.6791920017336,42.520597312554116,35.05463917597066,28.29247932133427,25.023848687260575,6.7,100.0,-1.58,2.87
RTX,2011-10-11,33.229999534941015,33.406034755689454,32.927582298078,33.28416442871094,5773790,39.61956496553308,42.51103069711976,34.99870980491972,28.290204716721707,25.023802128890665,6.75,99.0,-1.58,2.88
RTX,2011-10-12,33.5324189376974,33.85289386971688,33.32478821645047,33.509849548339844,8097862,39.66575644878826,42.421522736707814,35.01459155027162,28.300110187331708,24.979998921522643,6.79,99.0,-1.56,2.9
RTX,2011-10-13,33.77615739013963,33.81678174113729,32.6748101125571,33.19388961791992,7555059,39.71418065959878,42.324828655718974,34.95883186373043,28.26516261309784,24.99827215115827,6.83,97.0,-1.56,2.95
RTX,2011-10-14,33.60463496864872,33.78518459092159,33.397004271042356,33.69039535522461,5022511,39.65131402378911,42.381457054112495,35.04888569853945,28.277001531610253,25.04185457103106,6.87,99.0,-1.54,2.94
RTX,2011-10-17,33.61818167829736,33.65880603477073,32.47620989579222,32.55294418334961,6371731,40.09694942931451,42.87230466670225,35.40924983661674,28.560761786715013,25.2702343615334,6.91,100.0,-1.53,2.66
RTX,2011-10-18,32.70640401873777,33.8167800917234,32.36336247242499,33.45568084716797,7953104,40.75685454498699,43.32434663273313,35.70576380752561,28.739472383671078,25.38532943085806,6.94,100.0,-1.51,2.56
RTX,2011-10-19,33.17584231587328,33.75359853274429,32.72446813393058,33.06751251220703,10210437,39.72336095905679,43.31013787140583,35.74222401632702,28.765022720982202,25.409302270123764,6.97,100.0,-1.49,2.51
RTX,2011-10-20,33.211945118266186,33.694911969209684,32.75605934441585,33.51436233520508,7980594,39.88050979486128,43.08494401291168,35.70538482955543,28.812090214862145,25.40560904616826,7.0,98.0,-1.45,2.53
RTX,2011-10-21,33.85288894300508,34.23204040175388,33.64074382755771,34.105655670166016,9614880,39.113863438563286,43.23344505823221,35.28627123654966,28.88640830962531,25.46532232904423,7.03,96.0,-1.43,2.83
RTX,2011-10-24,34.32683830745519,34.71501597710113,34.209482395051324,34.597660064697266,6672211,39.23072934320053,43.35395380500216,35.370117923743834,28.89064171297656,25.50476723014571,7.06,96.0,-1.4,2.81
RTX,2011-10-25,33.925106054459334,34.46223770038374,33.83483125346058,33.979270935058594,6660929,39.36830616702246,43.48079234298772,35.42696902914598,28.96360734833303,25.565450374239855,7.08,97.0,-1.38,2.76
RTX,2011-10-26,34.4803074822491,34.68793824579088,33.8664413075963,34.331356048583984,7892404,39.189237177052824,42.69611249237919,35.4568192259194,28.99120399799538,25.583982828301856,7.1,97.0,-1.35,2.75
RTX,2011-10-27,35.148323683833816,36.09620499655212,35.12123987534822,35.793785095214844,9747244,40.31452693920073,43.55371142297597,36.087181622450025,29.39642622191704,25.917419200388377,7.12,100.0,-1.33,2.58
RTX,2011-10-28,35.6628881218242,36.073637810101445,35.6403214720616,35.88857650756836,6552242,40.305137663404125,41.43373217034086,36.08883571870788,29.39102867050542,25.91838484364685,7.14,100.0,-1.31,2.59
RTX,2011-10-31,35.730604016744365,35.73511844242609,35.17993163607186,35.1979866027832,5896461,40.7691837033576,41.64118189570243,36.15432394276778,29.478101982037124,25.99286527962678,7.16,100.0,-1.28,2.49
RTX,2011-11-01,34.36295389053208,34.42163048837505,33.56402355605782,33.938663482666016,9308839,42.15253769587412,40.35292775330701,36.511105210957155,29.78316915394585,26.23830680684479,7.17,100.0,-1.25,2.3
RTX,2011-11-02,34.54800143591014,34.931667325441985,34.38099508983786,34.71500778198242,7526616,42.42275491532491,40.27315411614802,36.70046984259716,29.897799292055755,26.333314604380654,7.19,100.0,-1.22,2.24
RTX,2011-11-03,35.12125550736555,35.50040984281832,34.823349897517694,35.40562057495117,7003676,32.395409093511546,38.39656102234255,36.7591747456269,29.985290406596427,26.359796782824297,7.2,100.0,-1.19,2.22
RTX,2011-11-04,35.27923697974546,35.27923697974546,34.53898872439823,35.11674499511719,6565430,32.57707197825771,37.91121006191258,36.754904422679004,29.99133447224916,26.365099424521777,7.21,99.0,-1.15,2.22
RTX,2011-11-07,35.24311500663838,35.364985321499994,34.69695443410486,35.3604736328125,5476171,31.020785429136527,37.171069757554896,36.71128005550975,29.93710015742799,26.373218918248973,7.21,98.0,-1.11,2.24
RTX,2011-11-08,35.49137495073776,35.658384063602995,35.166388311671454,35.59970474243164,5969873,30.514393412343317,37.08162418159923,36.72655739727988,29.929492769095134,26.381323206338696,7.2,98.0,-1.07,2.24
RTX,2011-11-09,34.94973717515282,35.049038140197545,34.286220460684135,34.50288009643555,7440651,31.521456575436137,37.55984220960112,36.994886084087,30.154703107554255,26.558996384163198,7.2,100.0,-1.01,2.04
RTX,2011-11-10,34.88654270890274,35.261179872089635,34.69245248835387,34.96778869628906,5822573,31.64948380714495,37.64454974416407,37.065412856225116,30.18313104033722,26.57248812244986,7.19,100.0,-0.94,2.02
RTX,2011-11-11,35.50492563030868,36.272257769921225,35.50492563030868,36.03303146362305,7267609,31.217849305923863,36.15291826663545,37.389145614356046,30.394863077907136,26.729662193495823,7.17,100.0,-0.89,1.94
RTX,2011-11-14,35.739629485056184,35.98788456983381,35.513943790535244,35.68095016479492,5004556,31.01256876555521,36.15195986513098,37.41450755698935,30.345749890752575,26.74344187199196,7.15,100.0,-0.84,1.91
RTX,2011-11-15,35.572623091018414,36.01948005455745,35.27020311140207,35.807334899902344,5999270,31.00909980944831,36.15208785288017,37.39451064277539,30.348855513797446,26.699026771690665,7.12,99.0,-0.79,1.95
RTX,2011-11-16,35.38047602590706,35.83005339505228,35.121625780475036,35.17158126831055,9135956,31.66644281219333,35.841607829820724,37.44239041849774,30.309813275321446,26.761015450002596,7.09,100.0,-0.72,1.87
RTX,2011-11-17,35.08528756312026,35.15794431208513,34.027188387723186,34.372318267822266,7822965,32.221098322015216,35.970119702020696,37.52742072480725,30.397723584032533,26.797788478369466,7.06,100.0,-0.62,1.77
RTX,2011-11-18,34.62662393722698,34.70382258744572,34.18158589928387,34.563045501708984,5469815,32.20869695267645,35.91604003135704,37.54268744262817,30.395522405584742,26.800837167935214,7.02,100.0,-0.52,1.77
RTX,2011-11-21,33.895493691045644,33.98631807167616,33.07807977071309,33.63664627075195,7456065,32.07187281984592,36.321312063394004,37.560615488278984,30.52576506331201,26.93820342972793,6.98,100.0,-0.4,1.68
RTX,2011-11-22,33.532202306818455,33.58215503304102,32.937305994462875,33.17344665527344,6066961,32.33562499074733,35.85372309743647,37.47485653715085,30.563010695283026,26.94512403438039,6.94,97.0,-0.29,1.67
RTX,2011-11-23,32.592176679997486,32.891895820965246,32.2288818359375,32.2288818359375,7489910,33.31315960887797,36.335964070742435,37.7102114146362,30.62051904797616,26.97860441468128,6.89,100.0,-0.17,1.54
RTX,2011-11-25,31.97458110054459,32.70117371363731,31.97458110054459,32.260677337646484,3007341,33.2279557718613,36.306860444251186,37.6621745219046,30.61520059935001,26.95816396712835,6.84,99.0,-0.07,1.55
RTX,2011-11-28,32.97363476053407,33.41413097334064,32.919140128289534,33.214317321777344,6397473,34.065489707482755,36.66189189743748,37.93685100091365,30.808518084634358,27.109048622151544,6.79,100.0,-0.02,1.47
RTX,2011-11-29,33.47771150201954,33.554910177676426,33.128039625795815,33.14166259765625,5942701,32.52736160111015,36.1982257267663,37.90726269913398,30.758201891643434,27.102627959349196,6.73,99.0,0.06,1.5
RTX,2011-11-30,34.21793295927452,34.93544171833902,34.213391050295904,34.78558349609375,8453957,34.54272469553313,37.457428085173575,38.694622479014775,31.245317169445986,27.255275825612475,6.67,100.0,0.16,1.41
RTX,2011-12-01,34.60392809082142,35.03534054504229,34.60392809082142,34.776493072509766,4347981,34.328084473636075,36.828623712876045,38.68239186989019,31.196171485414276,27.249487033070572,6.61,99.0,0.28,1.43
RTX,2011-12-02,35.244226831771705,35.56665268256711,34.71744819684088,34.75831985473633,7512315,34.1510251466698,36.81248198322183,38.68129886632092,31.179807706363604,27.249482938514873,6.55,98.0,0.41,1.43
RTX,2011-12-05,35.34868401260444,35.4712935055154,34.53126720694055,34.80373764038086,7177195,33.80117996616403,36.26627562243681,38.68103806142727,31.120389627235273,27.246567662114924,6.47,97.0,0.54,1.44
RTX,2011-12-06,34.953596367710325,34.96721933798546,34.572136683978655,34.65387725830078,5641109,33.578163723762636,36.25575052391988,38.66811244258517,31.11334465461991,27.249469954622562,6.38,96.0,0.64,1.43
RTX,2011-12-07,34.467676546230095,34.79918616008798,33.91819396602648,34.62662124633789,8233880,33.139969512187285,36.08168540384762,38.65360328568542,31.079149988383758,27.227769598578792,6.29,95.0,0.77,1.45
RTX,2011-12-08,34.363238764742434,34.57213623448753,33.645730225082026,33.772884368896484,6823325,33.8146785903983,36.31201417585683,38.76076530343513,31.186648173221283,27.342053938140644,6.19,100.0,0.77,1.35
RTX,2011-12-09,33.91820383138771,34.77648949611963,33.872790260242176,34.65387725830078,6275438,32.366465032035045,36.308825494240835,38.91093669405423,31.32052390613453,27.445994325591123,6.09,100.0,0.84,1.36
RTX,2011-12-12,34.34507463362649,34.40411117556289,33.67297964991159,33.822837829589844,7698228,33.03079834350806,36.65422030367438,39.029545826924775,31.447641864148267,27.551253110401607,5.98,100.0,0.72,1.27
RTX,2011-12-13,34.06350270063913,34.494914855242904,33.491310760915546,33.69566345214844,8574562,32.62099342772296,36.66139372944049,39.02527009728246,31.434437443863533,27.538774995208954,5.86,99.0,0.51,1.27
RTX,2011-12-14,33.49587854479651,33.695689485441825,33.03721735873153,33.22794723510742,8224664,31.14436177153263,36.745089341631385,39.072800594996394,31.47341104395201,27.573079141361895,5.72,100.0,0.13,1.24
RTX,2011-12-15,33.423206298883294,33.61847800940822,33.1144034358345,33.39141845703125,6046304,30.406143270426355,36.634726258414354,39.04261578409913,31.473244669113537,27.577615663198795,5.58,99.0,-0.26,1.27
RTX,2011-12-16,33.45499920391783,33.74563723665569,32.63304333475562,32.87372589111328,18548238,30.007692355314532,31.47339822353432,38.86479624678465,31.506081756481503,27.61958619878127,5.43,95.0,-0.35,1.35
RTX,2011-12-19,32.97363908989815,33.27789738570619,32.51497793945556,32.58309555053711,6826185,30.01974006519599,31.495451189703296,38.85974165767978,31.520532908659387,27.63264623558488,5.27,94.0,-0.41,1.36
RTX,2011-12-20,33.25063563834553,33.90456549498479,33.09623285709849,33.786495208740234,7592242,31.961906563811045,31.437533271373702,39.315211987076935,31.823565963998302,27.867218275230748,5.1,100.0,-0.52,1.26
RTX,2011-12-21,33.90913051090124,34.01811981217693,33.08717434762336,33.43230438232422,9805401,31.966234045232678,31.201133374566226,39.33647860184562,31.841861031074686,27.88553204115306,4.91,100.0,-0.63,1.24
RTX,2011-12-22,33.47769811838553,33.53219273671317,33.12348447559114,33.38233184814453,9199039,30.744170835302704,30.974009303908634,38.77521918020464,31.840287743407963,27.88582655819373,4.73,91.0,-0.58,1.46
RTX,2011-12-23,33.48678988174193,33.713849487679695,33.264272183617486,33.68660354614258,3615293,30.59268787735662,30.986927002512065,38.79624291805845,31.85396169374014,27.899973234823094,4.53,91.0,-0.53,1.46
RTX,2011-12-27,33.59121674600428,33.872770815866154,33.504934313563034,33.618465423583984,4030499,29.12245029026583,30.3831291415537,37.425948163656265,31.852817322942517,27.900555421288516,4.38,73.0,-0.53,1.68
RTX,2011-12-28,33.595767863587426,33.63663951482984,33.128025838125104,33.20976638793945,4047024,29.184813032153738,30.341403275620284,37.47375354441071,31.85479752950236,27.925719763651035,4.22,74.0,-0.53,1.65
RTX,2011-12-29,32.86464134479291,33.545820032800606,32.82376968760435,33.52311325073242,3972659,29.33710825292023,30.38876036106104,36.19413104641352,31.87453591818874,27.940645358201323,4.08,60.0,-0.46,1.9
RTX,2011-12-30,33.54128408736586,33.59123681465759,33.18707033589727,33.191612243652344,3857774,29.055507598116453,30.47280436997169,36.00546663542079,31.892619625921874,27.957341483394437,3.95,56.0,-0.42,1.94
RTX,2012-01-03,34.0181065138491,34.349613444466144,33.800127996509694,33.90457534790039,7746693,29.09873982143076,30.520795824760626,34.85575059810714,31.990546429657453,28.03729314910574,3.85,42.0,-0.45,2.17
RTX,2012-01-04,33.732005785928486,34.172501914987464,33.645723322779894,34.08168029785156,9805242,29.093103593548786,30.509998931184825,34.473665038881485,31.90272642240055,28.04182778390465,3.76,36.0,-0.4,2.31
RTX,2012-01-05,33.813759141296806,33.93182948078922,33.45500346214063,33.754722595214844,7320682,28.122496936437653,29.905759430359897,33.989954006305254,31.905669860255802,28.057562341208488,3.67,31.0,-0.37,2.46
RTX,2012-01-06,33.70476343463032,33.84099862748866,33.432290296242655,33.559444427490234,5544180,27.870052293906777,29.931267707712944,33.92333648409473,31.507155099597455,28.063109253499967,3.59,30.0,-0.36,2.47
RTX,2012-01-09,33.8319249828299,33.8319249828299,33.495876081482145,33.65027618408203,6873378,26.454805677667864,29.904484508885055,33.85395174610654,31.46193745076859,28.064498380468088,3.5,28.0,-0.33,2.54
RTX,2012-01-10,34.16797284328448,34.67204480361426,33.986324050070365,34.52672576904297,7503576,27.372778894404163,30.291781993296553,34.09247760286823,31.610380390449087,28.172659306400966,3.4,32.0,-0.33,2.44
RTX,2012-01-11,34.32236840711305,34.95359443930623,34.28603865326948,34.83098220825195,7306381,26.249134470546164,30.19567683407447,32.88051402250821,31.57466885001628,28.180313846754384,3.34,24.0,-0.33,2.8
RTX,2012-01-12,35.03987264316521,35.19881460867901,34.74469549368839,35.076202392578125,5901069,26.26970429238896,29.331225800734217,32.844310542098206,31.58762248871559,28.18169435711413,3.28,23.0,-0.42,2.85
RTX,2012-01-13,34.767401710711546,34.849142269227954,34.426811003663445,34.54942321777344,5519550,22.70512799968251,29.00643810186046,32.947398311432174,31.59227770361932,28.222025701914987,3.21,24.0,-0.52,2.75
RTX,2012-01-17,35.062579671594584,35.521240696658985,34.96267423634104,34.98537826538086,8173975,23.00457900724369,28.99562125590619,32.61086702346017,31.620287423291792,28.245291670618855,3.16,21.0,-0.5,2.91
RTX,2012-01-18,34.87639135227149,35.35775919128685,34.77194400314613,35.239688873291016,5980202,23.09331562961468,28.909515004937614,32.47012608075245,31.62792676155965,28.24783696370414,3.11,20.0,-0.5,2.98
RTX,2012-01-19,35.262384332532754,35.35320869071072,34.99899782282216,35.053489685058594,7142555,23.15149684019636,28.72548491620675,32.4444679670975,31.632370177053755,28.24950396273901,3.05,19.0,-0.47,3.01
RTX,2012-01-20,34.844603780001705,35.316887808351595,34.372319751651816,34.826438903808594,10356308,23.1974106287795,28.612917786228348,32.42200548297547,31.63522966338687,28.253350102765275,3.0,18.0,-0.44,3.0
RTX,2012-01-23,34.72651870880343,35.212425499710854,34.72651870880343,34.90362548828125,6873696,23.203006974599074,28.36429783786093,32.039486312142046,31.619754731226386,28.24231618173122,2.96,17.0,-0.47,3.19
RTX,2012-01-24,34.79919344933005,35.33051402085711,34.740156912714454,35.32143020629883,8908729,22.156015163944442,28.389780606756755,32.089231404368675,31.639507410633357,28.219972756469215,2.92,17.0,-0.5,3.17
RTX,2012-01-25,34.944509987415834,35.721055020825666,34.34507181259671,35.262393951416016,11590802,20.939249417054036,27.05901008259565,32.076569177122025,31.63590887471395,28.219137653579168,2.88,16.0,-0.54,3.17
RTX,2012-01-26,35.81188002112351,35.81188002112351,34.976301188893345,35.15340805053711,7823442,19.612519795330268,27.058359911126463,31.9688400166445,31.633721858813104,28.218136624344414,2.84,14.0,-0.55,3.26
RTX,2012-01-27,35.03986937478197,35.36229518257925,34.92633823028866,35.24876403808594,6472633,19.557259190531635,26.770257399969672,31.640820716635666,31.634899032302656,28.182032054364477,2.81,13.0,-0.51,3.53
RTX,2012-01-30,34.949051188904335,35.25331217748451,34.703826736219135,35.24422836303711,7584774,19.00892326708447,25.669773964508224,31.611453617078876,31.634621305121758,28.14700488885408,2.78,12.0,-0.45,3.57
RTX,2012-01-31,35.25784204314978,35.761913745365376,35.25784204314978,35.580265045166016,9542898,19.116659927655057,25.3281951851645,31.1891831067324,31.649596466775343,28.162907569011974,2.76,11.0,-0.46,3.8
RTX,2012-02-01,35.8618236816673,36.502133366206074,35.8618236816673,36.429473876953125,10773102,19.331302462456364,25.466833028186777,31.386224895571914,31.778692116893986,28.254523917409212,2.74,11.0,-0.41,3.7
RTX,2012-02-02,36.54755591624891,36.615673521147464,36.23875574035262,36.338661193847656,7990922,19.06493485688568,25.41071955647044,31.01156094217839,31.750034797175182,28.25275409400001,2.74,9.0,-0.34,4.02
RTX,2012-02-03,36.76553245198754,37.01075691733712,36.69287294334008,36.80640411376953,8557401,16.63214346700976,25.501713923064788,31.04445678210088,31.78770908246134,28.281660168323214,2.73,9.0,-0.23,4.0
RTX,2012-02-06,36.55663683653816,36.69741394289194,36.38407188410535,36.58842468261719,6123370,16.361582921706265,25.505130930906944,30.944978852793497,31.766668875003447,28.285622450766194,2.71,7.0,-0.2,4.04
RTX,2012-02-07,36.483975826526596,36.55209342322406,36.17971484229641,36.456729888916016,4448723,16.423354388774282,24.64977823351248,30.850787573532994,31.75979817059079,28.254275967620107,2.69,6.0,-0.23,4.08
RTX,2012-02-08,36.57026167769217,37.174241794791826,36.225131755161655,37.119747161865234,10986028,16.911521208804402,24.768022169654948,30.714346568978296,31.778039431883066,28.310930622063363,2.68,5.0,-0.21,4.17
RTX,2012-02-09,37.5738586093976,38.2868278454667,37.464869365998034,38.046142578125,14154018,17.92729262067903,24.523069741625214,30.943407093844538,31.90752299335949,28.417921863402302,2.66,6.0,0.03,4.03
RTX,2012-02-10,37.655599041848596,37.91899108886719,37.532986831594755,37.91899108886719,7165437,17.40014487465196,24.437897517401446,30.951401660400208,31.89737730313092,28.40543751727963,2.64,7.0,0.11,4.02
RTX,2012-02-13,38.236874313129526,38.69099618361344,38.18237968867145,38.545677185058594,8842308,17.68982425873279,24.63578933666129,31.03717329230358,31.956568685461473,28.447718819187585,2.62,8.0,0.31,3.96
RTX,2012-02-14,38.354958329877604,38.44124082174392,38.13243786162145,38.43669891357422,5649213,17.29596307243033,24.327203307881078,30.93429607358934,31.9581966522704,28.44920505500609,2.61,3.0,0.35,4.07
RTX,2012-02-15,38.65591483415167,38.67418331386971,37.669422466119315,37.72422790527344,10283055,17.879063414020926,24.158696999292157,27.30700226895177,31.972895974608356,28.50919052071078,2.72,1.0,0.28,-0.08
RTX,2012-02-16,37.70137758052629,38.057611418247156,37.66940844501183,38.00737380981445,6626925,17.909319885203857,24.175665575854204,27.298870221049743,31.62726873857306,28.511488985911576,2.83,1.0,0.23,-0.07
RTX,2012-02-17,38.28597028851627,38.450386563431074,38.121554013601454,38.26313400268555,6065849,17.477981846926944,23.440513907290097,26.712696239863387,31.63712449368895,28.512637003742697,2.95,1.0,0.21,-0.0
RTX,2012-02-21,38.500632861108464,38.655913549365366,38.025655172596906,38.34535217285156,5721512,17.233668207940077,23.201755852787905,26.511465292422955,31.602456066607765,28.508098378486185,3.08,1.0,0.15,0.07
RTX,2012-02-22,38.317934438578156,38.500619164697554,38.10784838772578,38.34077072143555,5045870,17.27780107679605,22.27461172229697,26.32938988909735,31.595740325563824,28.45545718422205,3.2,1.0,0.1,0.13
RTX,2012-02-23,38.454957362175186,38.6559106171515,37.91147361031614,38.13069534301758,7473862,16.262404172406505,22.337823581157572,26.33461202808642,31.59569879715126,28.44550092463189,3.31,2.0,0.02,0.14
RTX,2012-02-24,38.231178434770996,38.61024873329364,38.16724013379254,38.34992218017578,5226221,16.197374309680132,21.66363679947664,25.886956906587983,31.601080389331038,28.450846415067517,3.43,1.0,-0.04,0.22
RTX,2012-02-27,38.0530496735976,38.418416421832255,37.82926292095479,38.19462966918945,4852965,16.28887442263324,21.683896514279155,25.774526855179086,31.570438098005866,28.443489349419064,3.55,1.0,-0.13,0.26
RTX,2012-02-28,38.23573399309042,38.26770313333388,37.957139047783805,38.12155532836914,4089133,15.450606096826675,19.45786591401091,25.781770118234398,31.508508442380474,28.443542857617732,3.66,2.0,-0.24,0.26
RTX,2012-02-29,38.27228728531576,38.509774801412384,38.148975714319434,38.304256439208984,6637889,15.208289733696123,19.4655194709612,25.78524118408354,31.513165580516024,28.391590825757856,3.77,3.0,-0.35,0.26
RTX,2012-03-01,38.29968667907111,38.56457829101708,38.212912079327715,38.43669891357422,6413681,15.156444220347579,19.463958775038275,25.633271421522103,31.46634439025676,28.39342003601318,3.87,1.0,-0.42,0.33
RTX,2012-03-02,38.327077128056295,38.65590692735022,38.31794150588045,38.61023712158203,5722307,14.96103472683572,19.472395136894445,25.624809983002134,31.451996497609713,28.314621387118077,3.97,1.0,-0.49,0.33
RTX,2012-03-05,38.41840830583612,38.454945249778085,37.84295559130475,38.03934097290039,5015837,15.618691301009862,19.73172160749469,25.31117952324721,31.46584706547261,28.329078919731966,4.08,1.0,-0.59,0.41
RTX,2012-03-06,37.728780826923945,37.76075273243635,36.99804740972383,37.17159652709961,7690919,17.345485849254928,20.36327023601499,25.6053495661629,31.582782962619877,28.415039412563804,4.17,2.0,-0.65,0.32
RTX,2012-03-07,37.40453571315839,37.84754432711476,37.31776111541139,37.71052932739258,6778833,17.482534914223105,19.79435249221933,25.676864529294296,31.600106894780144,28.42682405513337,4.25,5.0,-0.73,0.28
RTX,2012-03-08,38.14439993092636,38.35905387417289,37.91147750807648,38.14896774291992,4353224,17.64887146063532,19.26875055064037,25.671791254478638,31.630160948222564,28.446381419160403,4.34,5.0,-0.8,0.27
RTX,2012-03-09,38.13069116937618,38.327076591332954,38.01194746134544,38.1580924987793,3990138,17.581319623923754,18.502441750003378,25.58147138048421,31.629754596274257,28.342614024511303,4.42,2.0,-0.87,0.32
RTX,2012-03-12,38.290544649890826,38.46866161942725,38.22203854904923,38.35905075073242,5708324,17.59645679800856,18.474469301175027,24.94351567410761,31.632749227860163,28.34394644589771,4.5,1.0,-0.93,0.38
RTX,2012-03-13,38.59654515556164,39.61043888011156,38.391024062358625,39.5373649597168,12067978,19.277475994036294,19.039530100252783,25.02378375565749,31.8141555589199,28.493907399097484,4.58,2.0,-0.89,0.37
RTX,2012-03-14,39.43688653617261,39.688077425263664,39.208531937463675,39.64697265625,11116485,19.204342050762317,19.034930863862215,24.932654020119394,31.785980452264734,28.451104941833687,4.66,1.0,-0.87,0.41
RTX,2012-03-15,39.683509826660156,39.962102051009516,39.23136843856434,39.683509826660156,11445885,18.255356172542037,18.646629118889024,24.86338281604508,31.742454885872917,28.409117430572817,4.74,1.0,-0.86,0.45
RTX,2012-03-16,39.73373967091247,39.89815594728555,38.92536449005938,39.03954315185547,12724076,19.033958678778617,18.91366246006758,24.89649502895396,31.8021223292923,28.423105716883885,4.81,2.0,-0.92,0.46
RTX,2012-03-19,39.14915709604886,39.14915709604886,38.619374005672384,38.64677810668945,7327356,19.103784468082726,17.785367133647114,24.87458495641402,31.703441027250083,28.43098536529769,4.88,2.0,-0.99,0.49
RTX,2012-03-20,38.30423837421341,38.40471360145509,37.93886887811604,38.0256462097168,7242821,19.679856067876734,17.99581967014852,24.84036098478262,31.684978978987832,28.43443703244983,4.95,1.0,-1.03,0.5
RTX,2012-03-21,38.13526378352144,38.14439663834932,37.63744983357925,37.779029846191406,5371456,19.760285374634957,18.068280791541547,24.825540228663105,31.68385750232811,28.432854713554473,5.02,1.0,-1.08,0.52
RTX,2012-03-22,37.541539535809875,37.63744973729594,37.24011103333024,37.4821662902832,8194155,19.262753758255887,18.121472307470736,23.987226003502606,31.67186057658833,28.419244316993286,5.09,1.0,-1.11,0.53
RTX,2012-03-23,37.46845942151097,37.582638082076045,37.23097201545831,37.358848571777344,6069186,17.84671758145403,18.134732219674024,23.991994558934465,31.646010376432056,28.400423361268707,5.16,2.0,-1.14,0.53
RTX,2012-03-26,37.705946168007664,38.144386758712415,37.683109884296705,38.13525390625,5657476,18.845854893451612,18.299107466763665,23.99064055772752,31.716957027514987,28.46008785607022,5.22,2.0,-1.19,0.5
RTX,2012-03-27,38.10329735084616,38.13526926826872,37.83840576555064,37.957149505615234,5772996,18.251847144103486,18.293611855171918,23.254399328210102,31.682012264268995,28.464013065717133,5.29,1.0,-1.22,0.51
RTX,2012-03-28,38.02565070003319,38.02565070003319,37.04829133511504,37.23097610473633,7743515,19.042088485898798,18.6539919494639,23.220367858143554,31.750523158532463,28.51938229561457,5.36,1.0,-1.24,0.56
RTX,2012-03-29,37.05285648925827,37.62374150873626,36.99348325129658,37.59634017944336,5963358,18.530440045129666,18.290350091114767,23.066524926806416,31.771094812654514,28.535901967114047,5.42,1.0,-1.26,0.64
RTX,2012-03-30,37.88864182793157,38.03022462342053,37.578080438033794,37.87950897216797,5557210,18.531365099219098,18.31505162173453,23.04879357318559,31.78132007817714,28.541446499688632,5.48,1.0,-1.29,0.63
RTX,2012-04-02,37.67854917497165,38.16723023561383,37.40908983518246,37.783592224121094,5302016,18.429152476452266,18.183569722141137,23.033333918101306,31.77473870705946,28.53162008065518,5.54,1.0,-1.32,0.65
RTX,2012-04-03,37.737935181885724,37.957154208522375,37.34516418334866,37.54154968261719,5188244,18.492782684321075,18.195286350229807,23.03972085791389,31.770035404310963,28.538617977064877,5.59,2.0,-1.34,0.67
RTX,2012-04-04,37.33145899249711,37.49130750657367,37.180743334587554,37.413665771484375,4719966,18.50832361522168,18.226446405203653,22.477643885259877,31.72933135502833,28.539854409228056,5.64,1.0,-1.35,0.74
RTX,2012-04-05,37.244675941032874,37.52326813222401,37.16703422358006,37.26750946044922,3945646,18.479260395747115,17.563216675462563,22.398917285016445,31.661295231444992,28.540717786414625,5.69,1.0,-1.35,0.82
RTX,2012-04-09,36.91127833746908,36.91127833746908,36.51850747553042,36.64181900024414,5087184,18.948469713501723,17.88152038141496,22.06915636813984,31.692353480745645,28.5883476623545,5.74,1.0,-1.36,0.94
RTX,2012-04-10,36.45001145468807,36.56875520098701,35.78321325999891,35.842586517333984,7984884,19.854176018427193,18.436801969210816,22.29438549225513,31.7893690997062,28.665310462381065,5.78,2.0,-1.36,0.87
RTX,2012-04-11,36.28102326566094,36.55048264733993,36.13944324102616,36.3677978515625,5895826,20.433660298740886,18.37480999315491,22.406510829423848,31.835885390475894,28.702469223491565,5.82,4.0,-1.36,0.78
RTX,2012-04-12,36.3540969180096,37.20357705960363,36.34952910605586,37.07113265991211,4358468,21.230976577536126,18.603088882352207,22.418282210641788,31.883366666708906,28.74320762782878,5.85,5.0,-1.36,0.73
RTX,2012-04-13,36.79252901516224,36.96151310242503,36.41802942707004,36.445430755615234,5167746,21.674945108651464,18.91539494717159,22.27860753887399,31.76602263720803,28.79191762328592,5.88,2.0,-1.35,0.76
RTX,2012-04-16,36.59614382014618,36.97521398977656,36.3586564100876,36.48196792602539,5058264,21.61046355377109,18.876076507804235,22.264599131230707,31.745431398593503,28.79093329238583,5.9,2.0,-1.33,0.77
RTX,2012-04-17,36.70574978689034,37.2675018660295,36.587006097663576,37.10308837890625,4801322,21.909088917546235,19.103847502008108,21.965247123920996,31.808798595995597,28.834073661272313,5.92,1.0,-1.31,0.76
RTX,2012-04-18,36.9752013501934,37.19898801939762,36.92496375248383,37.08481216430664,4137756,20.86959143673431,19.10488980957957,21.83736765511975,31.80071795259828,28.75560137044932,5.94,1.0,-1.28,0.81
RTX,2012-04-19,37.034603002414975,37.25838984344665,36.53678891569729,36.7194709777832,4227693,20.591592268599893,19.09656446966307,21.37653169628498,31.422549311215832,28.761628634749158,5.97,1.0,-1.28,0.87
RTX,2012-04-20,36.81537513821777,37.24011522274988,36.81537513821777,36.993492126464844,5753610,20.408832419296644,19.14047684265432,21.39858808096175,31.4295139267739,28.459738148147938,5.98,2.0,-1.3,0.84
RTX,2012-04-23,36.58245211278097,36.6509582197008,36.2581872895476,36.422603607177734,7739860,20.832615488812714,19.416981551139127,21.09644038001088,30.536934637847395,28.46641478829173,6.0,1.0,-1.26,0.98
RTX,2012-04-24,36.64182615459655,36.87931639629747,36.19881758770192,36.46827697753906,5931260,20.751193215118786,19.412491517339795,21.09059185565973,30.534077975301795,28.460006356651697,6.01,1.0,-1.23,0.97
RTX,2012-04-25,36.829064330386046,37.030017548153346,36.23534306681055,36.44999694824219,6558439,18.42122737079853,19.41321214042346,19.67064559231608,29.638987548978125,28.418189694685243,6.02,1.0,-1.2,0.1
RTX,2012-04-26,36.47740117028199,37.157899817263704,36.32212051023346,37.107662200927734,4907150,19.311124090446093,19.652800056581476,19.863450074742836,29.55864324915233,28.47620245334628,6.03,2.0,-1.18,0.0
RTX,2012-04-27,37.2812177732232,37.49587170874812,37.20357604560923,37.450199127197266,4399782,19.574334911597973,19.151764349760104,19.908642137245973,28.692148800639846,28.460971795946126,6.02,3.0,-1.16,-0.03
RTX,2012-04-30,37.44106148101242,37.660280431944884,37.139633001156135,37.2857780456543,3941197,19.1095871273426,19.16828760634109,19.92515576284507,28.440043993056953,28.456239444826046,6.02,4.0,-1.13,-0.04
RTX,2012-05-01,37.22184188549569,37.559807337852604,36.842771666331544,37.18987274169922,3852213,18.939643062276403,19.003020193026433,19.915946209415605,28.097319432979027,28.452812652050213,6.0,4.0,-1.1,-0.03
RTX,2012-05-02,37.0756981828762,37.299487751052624,36.9204174897791,37.24468231201172,3531394,18.41510078148176,18.961854325588508,19.914864272046806,28.04676653026351,28.453032692238295,5.99,4.0,-1.06,-0.03
RTX,2012-05-03,37.19900802896059,37.29491823499265,36.78340359568682,36.95238494873047,3667412,18.457004404617706,19.019548201161207,19.53483355074571,28.014253132997847,28.458857174706438,5.96,1.0,-1.0,-0.01
RTX,2012-05-04,36.838204565080126,36.865605895840325,36.21251131677062,36.299285888671875,4012225,19.008524203955783,19.0059215461207,19.347787941965183,28.09981899702739,28.497889460202902,5.94,1.0,-0.95,0.03
RTX,2012-05-07,36.0298276950805,36.27188571021423,35.997858552054495,36.038963317871094,4488448,19.08173990944391,18.323432352919745,18.97841658867094,27.294886112326576,28.494804378459122,5.91,1.0,-0.89,0.07
RTX,2012-05-08,35.86084395442217,36.08006566626173,35.481773769792184,35.99785614013672,4814670,17.932399992987456,18.316438990456497,18.9674888030879,27.26592458641041,28.49226238881436,5.87,1.0,-0.82,0.07
RTX,2012-05-09,35.40870910328528,35.58225827268002,35.05704018420117,35.17121887207031,7940869,18.95703047302918,18.52069436039944,19.204673716152026,27.413645019263726,28.581049659915042,5.82,3.0,-0.79,0.06
RTX,2012-05-10,35.37673410789831,35.58682021764908,35.20318495361469,35.299095153808594,4538820,18.34931028821051,18.54856545788827,19.198392340413292,27.151627797229082,28.582735271002115,5.77,3.0,-0.75,0.07
RTX,2012-05-11,35.10271157588163,35.63249468994117,35.03877051623052,35.24885940551758,3754489,18.02136649650084,18.195240271478546,19.025305447615885,27.044715751226754,28.582693990550105,5.71,3.0,-0.74,0.13
RTX,2012-05-14,34.865231743938196,34.98397827509394,34.550102468642805,34.68711471557617,6974757,18.217890005298432,18.358437230139774,19.151144440107384,27.09109286488912,28.618617133263115,5.64,4.0,-0.82,0.09
RTX,2012-05-15,34.63685915970286,35.189478443085605,34.53181612227318,34.787574768066406,6322631,18.295970515994778,18.301952197748918,18.28326067109909,27.061498561293217,28.620602948497307,5.57,1.0,-0.81,-0.2
RTX,2012-05-16,34.98981707396478,35.03117973913254,34.29121511531102,34.33258056640625,7005901,18.516442948990466,18.43705749274389,18.32757368451398,26.849919842854174,28.62554294092792,5.49,2.0,-0.82,-0.21
RTX,2012-05-17,34.31416997622426,34.323363530592,33.67991501817027,33.70289611816406,6704786,19.056407007650748,18.746328181828947,18.566681547742593,26.940047195850838,28.6815690595211,5.41,3.0,-0.83,-0.27
RTX,2012-05-18,33.8086174531685,33.82700178259908,33.15597793727277,33.26628112792969,9157089,19.25687433806202,18.86722433570624,18.626248833456422,26.97313551446904,28.685451417104762,5.32,4.0,-0.81,-0.28
RTX,2012-05-21,33.36279750894297,33.89594024382413,33.261685096235766,33.87295913696289,6217916,19.843903419880267,19.256384925829867,18.846020631132046,26.98811745274618,28.739899694323555,5.24,5.0,-0.82,-0.36
RTX,2012-05-22,34.07518656411739,34.37852658652574,33.822402747789354,33.9832649230957,7897966,19.028925863002286,19.282383377846816,18.748676135198465,26.78321690485243,28.699324624639793,5.17,5.0,-0.85,-0.33
RTX,2012-05-23,33.71210046602073,34.12114972386457,33.29386043603262,34.038421630859375,6715432,18.4246450747293,19.296252704089394,18.692527301835028,26.766905581947004,28.69576286962079,5.11,5.0,-0.87,-0.3
RTX,2012-05-24,34.08896650857072,34.107350832673525,33.36738666290552,33.78103256225586,5460757,17.32810120025476,19.28018219802444,18.66396381611384,26.47679873300372,28.69347066419939,5.05,5.0,-0.91,-0.29
RTX,2012-05-25,33.68453745519005,33.937321389908064,33.450137857286585,33.56044387817383,4017945,16.856253716750587,19.266263513044645,18.384534972110576,26.482890976845315,28.6990227899309,5.0,3.0,-0.9,-0.21
RTX,2012-05-29,33.90053728602425,34.5301956599519,33.75805943704407,34.51181411743164,9154388,19.04519077939766,20.194927266408147,18.899124362760755,26.452949850101444,28.840404405420717,4.96,10.0,-0.89,-0.21
RTX,2012-05-30,34.16251029866516,34.26821948586831,33.84078595867482,33.89134216308594,5622835,18.754645191061467,20.295049415537207,19.058475409942353,26.526638828879157,28.84373225177739,4.91,14.0,-0.9,-0.25
RTX,2012-05-31,34.12574894928736,34.36474525921838,33.89594619808637,34.061405181884766,6382060,18.886209434045938,19.856228942119763,19.0513613820684,26.445315787129616,28.571569153252224,4.87,14.0,-0.92,-0.25
RTX,2012-06-01,33.417950018009,33.679924603161744,32.99051648047888,33.10082244873047,7727625,20.22507751977351,20.33979561206458,19.58535736351015,26.589732620306926,28.710309040036808,4.81,21.0,-0.86,-0.23
RTX,2012-06-04,33.05485561241709,33.12379892237629,32.5400972851665,32.83884048461914,6656003,19.99518609833462,20.169419260384448,19.177962759755758,26.426798953204685,28.69470089418159,4.75,17.0,-0.78,-0.18
RTX,2012-06-05,32.609045660134605,32.80208251701424,32.49873968075385,32.576873779296875,7063264,19.73333091128964,20.192432384898403,19.15640415968385,26.44250620449689,28.697823374978498,4.7,17.0,-0.68,-0.16
RTX,2012-06-06,32.875612893413724,33.85457346125255,32.85722856584171,33.84538269042969,6691438,23.151675821283593,21.806595945565878,20.09163435268309,26.830911359046933,28.953892821420357,4.64,30.0,-0.72,0.21
RTX,2012-06-07,34.43828445019688,34.971427307601374,34.32797845502484,34.654296875,9128328,24.35568004061904,21.425268917373323,20.3068420173739,26.967191272599788,29.052393231341206,4.58,31.0,-0.72,0.13
RTX,2012-06-08,34.54397573644317,34.81054702678729,34.42447624406693,34.70024108886719,4701215,23.66273508350068,21.413018676733323,20.20879636438343,26.907102281475975,29.024209532220063,4.51,31.0,-0.73,0.2
RTX,2012-06-11,35.01279028811901,35.10471195160715,34.24524788040185,34.295806884765625,3777689,23.5613834110655,21.490428469282616,20.25803765783043,24.63171963695204,29.00046646483393,4.45,32.0,-0.76,0.2
RTX,2012-06-12,33.84079300238727,34.28661094997183,33.84079300238727,34.17171096801758,10484858,23.55826025264652,21.295475222574495,20.24921123455615,24.616863620697337,29.00212361680261,4.38,32.0,-0.79,0.2
RTX,2012-06-13,34.17170761786167,34.21766704895219,33.53285285999527,33.7994270324707,13081919,23.672892882320113,21.309508795770547,20.29648386568518,24.258252196490808,28.980590933880922,4.31,34.0,-0.81,0.18
RTX,2012-06-14,33.82240764487459,34.34635968159704,33.794832541538725,34.075191497802734,12445048,23.864431363315997,21.21139225735795,20.336774525415716,24.13692152986853,28.98044939119535,4.24,36.0,-0.84,0.15
RTX,2012-06-15,34.11655290854903,34.24064643075483,33.836191199477334,34.23604965209961,10612613,23.918008202916504,21.230269271533793,20.259412467839528,24.04631023018661,28.954439994584195,4.16,34.0,-0.88,0.2
RTX,2012-06-18,34.148738312458605,34.58536280947568,34.01545118015178,34.470462799072266,5103074,23.614192100382414,21.259434095661778,20.289761073138106,24.041850929277924,28.961901226436048,4.08,35.0,-0.9,0.17
RTX,2012-06-19,34.74162997261661,35.38967292014197,34.74162997261661,35.11391067504883,6767710,24.26177326022235,21.64185292898203,20.50044390733545,23.88584888385822,28.999515777587746,3.99,39.0,-0.91,0.06
RTX,2012-06-20,35.095515353490185,35.26097153438135,34.677272550515816,34.88869094848633,5462982,24.315423401398604,21.193518217759173,20.5209363962902,23.834917452224943,29.00583353757973,3.91,40.0,-0.92,0.06
RTX,2012-06-21,35.18745567396548,35.412661742194885,34.35097241006303,34.38774108886719,6584180,23.746270357600203,21.350782781245016,20.647165127217722,23.900201617247145,29.039851884359752,3.82,41.0,-0.95,0.02
RTX,2012-06-22,34.53939681759051,34.69106547120577,34.38313138437045,34.5623779296875,8042882,23.772927839474768,21.07177221029172,20.605972206191197,23.90622089169274,29.043106779074968,3.74,41.0,-0.98,0.04
RTX,2012-06-25,34.332577547875815,34.332577547875815,33.808625428469654,33.89595031738281,4436488,24.387888238743937,21.2704871177497,20.469144596455966,23.915655100846514,29.092110613000315,3.65,39.0,-1.04,0.11
RTX,2012-06-26,33.92352449547466,34.01084937482343,33.46851298105008,33.84079360961914,5494126,23.984217870235746,21.18337949957071,20.46769294294008,23.904492723083727,29.066445383703872,3.56,39.0,-1.1,0.11
RTX,2012-06-27,34.00164920497475,34.13953027335622,33.900536792951854,34.08437728881836,4292366,24.073746821080412,21.263800827739125,20.39265588864751,23.62790846361302,29.039295751174933,3.46,39.0,-1.15,0.15
RTX,2012-06-28,33.77184978172108,33.82240599265169,33.02728859690315,33.36739730834961,7661840,24.548150456536085,21.618453145852147,20.635122875810648,23.7630813341734,29.113281574225606,3.36,45.0,-1.2,0.08
RTX,2012-06-29,33.983269011933764,34.73242699399054,33.969481460603205,34.71404266357422,8155701,26.62117722370196,23.22968363199312,21.607279269272013,24.207065461175272,29.29205065596144,3.26,51.0,-1.23,0.29
RTX,2012-07-02,34.654290557773066,34.98980526174121,34.249838101798055,34.488834381103516,5589149,26.38847294389538,23.24847927484718,21.422407545051218,24.192929556312773,29.237983067033536,3.15,51.0,-1.26,0.41
RTX,2012-07-03,34.401509021689414,34.90707388794165,34.36933714257109,34.815155029296875,2426085,26.02437296532797,23.11811877628231,21.096924609192204,24.155190606776426,29.248369568347677,3.02,49.0,-1.27,0.52
RTX,2012-07-05,34.74160652096281,34.893275096197584,34.53937896805751,34.64968490600586,3691883,26.065487453582676,22.708803264584514,21.102326973265136,23.81104854352573,29.231665890737336,2.89,50.0,-1.28,0.52
RTX,2012-07-06,34.34176428781624,34.36934217819144,33.72129657846053,34.05221176147461,5752180,26.581246218518377,22.744402424499597,21.079097553120043,23.684843607346235,29.25751157283078,2.75,47.0,-1.29,0.58
RTX,2012-07-09,34.01084890219151,34.29120786809561,33.90054291320164,34.16251754760742,5122777,26.497173181087767,22.36988056702518,21.08942653982189,23.646206720298206,29.240381893284372,2.6,48.0,-1.3,0.57
RTX,2012-07-10,34.80595340891714,34.91625935684978,33.8315897740305,34.079776763916016,6653302,26.430356640590286,22.13216652798378,20.902452870401394,23.595561232451757,29.21215624356039,2.54,47.0,-1.31,0.63
RTX,2012-07-11,34.04761356835857,34.04761356835857,33.211130762269924,33.32603073120117,7932606,25.908902022869206,22.5506838266964,21.129400646165866,23.653044613980505,29.284870029172243,2.48,54.0,-1.32,0.6
RTX,2012-07-12,32.93535360665481,33.27086540322912,32.609032578378525,33.01808166503906,6016907,25.52893088302644,22.275171923360574,21.127359023347402,23.614884933383543,29.296347374340854,2.43,54.0,-1.31,0.63
RTX,2012-07-13,33.06405801558411,33.854578650499604,33.06405801558411,33.82240676879883,4909216,26.48993343702706,22.90336904054831,21.506191600165767,23.694045569237783,29.39904942171079,2.38,59.0,-1.3,0.46
RTX,2012-07-16,33.753475345100156,33.81322513149115,33.234119960720214,33.64776611328125,4122819,25.145562355338757,22.850073773661276,21.514377330584324,23.66979330661515,29.39580610252924,2.33,60.0,-1.29,0.47
RTX,2012-07-17,33.80403761800422,34.14874327112356,33.2479162493547,33.82701873779297,4889512,25.04990087379407,22.818929634654378,21.52921901061476,23.150380157773693,29.392624958933677,2.29,61.0,-1.28,0.44
RTX,2012-07-18,33.85458276165604,34.553184615383614,33.610992443853334,34.40151596069336,4981038,25.308324135893777,22.931766578983627,21.691835251750167,23.236697463441466,29.410105172544625,2.24,63.0,-1.26,0.35
RTX,2012-07-19,34.43368970209386,34.930063923725974,34.24984636596078,34.84733581542969,5703716,23.113914996842546,23.10256886318146,21.799093695207688,23.17531959173221,29.387499104462666,2.2,64.0,-1.22,0.27
RTX,2012-07-20,34.63131657042067,34.681872785504666,34.06140508051585,34.11655807495117,7151930,22.947018458900853,23.478904858200664,22.035108209530687,22.90713528985976,29.43663301997509,2.16,67.0,-1.19,0.2
RTX,2012-07-23,33.90055130259429,33.90055130259429,33.11462441895618,33.67993927001953,4599202,23.21547571418716,23.261898779983127,22.093206390458498,22.799154324060158,29.457734064659146,2.12,69.0,-1.16,0.2
RTX,2012-07-24,33.59719528955218,33.702904475440455,32.81586555527324,33.06405258178711,5848156,23.565187665498883,23.402978648385826,22.24678824998589,22.77804599862024,29.50942767688684,2.07,70.0,-1.13,0.17
RTX,2012-07-25,33.29384850257196,33.66153218916159,33.04566152658697,33.37198257446289,6489635,23.746457457058412,23.51242640025573,22.292373851946117,22.78743814246791,29.499442982342728,2.03,73.0,-1.1,0.14
RTX,2012-07-26,33.54204314850497,34.61292536921097,33.24789668915691,33.51906204223633,10272091,23.59175476961502,23.546617752040248,22.206553509913043,22.77818108399641,29.367880333054963,1.99,70.0,-1.06,0.15
RTX,2012-07-27,33.758051311450075,34.461246829904645,33.38577083945781,34.139522552490234,7899555,24.0885180096979,23.895867590071287,22.144307405249243,22.86980579067498,29.41259778026665,1.95,70.0,-1.03,0.1
RTX,2012-07-30,34.13492931049161,34.73701245301151,34.13492931049161,34.4566535949707,7051982,24.200194428609986,23.9567617181778,22.069043803640824,22.59604428018454,29.428135880994134,1.9,68.0,-0.97,0.14
RTX,2012-07-31,34.30498773798086,34.50721533917545,34.14412556987581,34.21306610107422,5572146,24.20606893700496,23.73776387001378,21.99948083300698,22.555058403516394,29.430363112078567,1.85,67.0,-0.91,0.2
RTX,2012-08-01,34.42449573451604,34.6405109554316,34.19928973986631,34.373939514160156,6575759,23.60025281758673,23.729939353161157,22.01766586482244,22.27613398342673,29.13081209740283,1.79,68.0,-0.83,0.18
RTX,2012-08-02,34.13033802082138,34.37392826917927,33.59719531268915,34.21306610107422,7139695,23.568890878842403,23.74334190872982,22.001854565343823,22.253412232800372,29.130188946434675,1.75,68.0,-0.75,0.21
RTX,2012-08-03,34.433682929480156,35.50456527645548,34.433682929480156,35.302337646484375,6747530,24.935648425287336,24.176053392543,22.041940531289143,22.560796449851168,28.580322606578495,1.71,71.0,-0.77,0.22
RTX,2012-08-06,35.490798351981596,35.70221687686028,35.21503324175183,35.22882080078125,5336815,24.917335400720297,24.1684015806539,22.033537215467216,22.462151579058578,28.579319923648537,1.67,70.0,-0.86,0.24
RTX,2012-08-07,35.481589704706515,36.08367312367283,35.43563026550402,35.90442657470703,7780221,24.713294761688918,24.478535715405993,22.26307447607793,22.40627101629247,27.96771215000817,1.63,79.0,-1.06,0.12
RTX,2012-08-08,35.87685050972858,36.06069383348039,35.49997308900086,35.61027908325195,5091315,24.86907692814495,24.30671887891427,22.157417542753336,22.419671121171007,27.86513734682135,1.59,77.0,-1.13,0.15
RTX,2012-08-09,35.60568634947721,35.63326424413711,35.08173699613977,35.40346145629883,4074196,24.90577058366262,24.334755943630793,22.122570554366717,22.194417343026853,27.217256215334796,1.54,76.0,-1.17,0.16
RTX,2012-08-10,35.26097409235937,35.8125012358354,35.15526488570553,35.79871368408203,4344644,24.11598465787449,24.269657402328164,22.0656287498288,22.166909122628667,27.036780375873132,1.5,73.0,-1.14,0.14
RTX,2012-08-13,35.72059280111266,35.79412736058623,35.31613740140615,35.605690002441406,3529010,21.460641031101275,23.973459961921666,22.058827072145544,21.902352090025783,26.778407095552886,1.45,73.0,-1.1,0.14
RTX,2012-08-14,35.70679587028123,35.96877331141108,35.58270231929814,35.74816131591797,4895391,21.36354982440288,23.803515045416727,22.039420949031282,21.906078240972196,26.74097115827403,1.42,72.0,-1.06,0.13
RTX,2012-08-15,35.7504693550357,36.17623472031591,35.662539673302696,36.092933654785156,5150426,21.369670293436585,23.609501684741552,22.09238060337769,21.66816283993276,26.720588818101092,1.39,78.0,-1.02,0.09
RTX,2012-08-16,35.829139247762534,36.6112547055908,35.829139247762534,36.45390701293945,5817329,21.438193266541337,23.675925813498836,21.8999841174102,21.694851796126162,26.73751097990881,1.36,66.0,-1.05,0.16
RTX,2012-08-17,36.76861621892973,37.20826476147976,36.56036208907279,37.19438171386719,7746852,21.291864666785195,23.992045019132817,22.130460949917882,21.064741546441084,26.200077428591612,1.35,82.0,-1.09,0.04
RTX,2012-08-20,37.15271606086906,37.57385275104733,36.9259475613378,37.060157775878906,9750899,21.37607630539993,23.941648782314644,21.924676859483867,21.069898511788164,26.182012840433956,1.33,67.0,-1.09,0.1
RTX,2012-08-21,37.07405633289331,37.27305602759856,36.65291666124565,36.6853141784668,5919184,21.653718725858734,24.00522705659565,21.925938785343916,21.106406128585657,26.203516761249574,1.32,68.0,-1.1,0.13
RTX,2012-08-22,36.5834916009897,37.0000025752352,36.564979939796075,36.86579513549805,5793971,20.33999981656846,23.376216207402557,21.906449695975596,21.11312464185663,26.009666688495557,1.3,67.0,-1.14,0.14
RTX,2012-08-23,36.745466627870584,36.838024930545856,36.458537292188275,36.65290832519531,3961854,20.17581980731558,23.077113921079974,21.921108530091523,21.11840883905394,25.937195657862393,1.29,68.0,-1.17,0.14
RTX,2012-08-24,36.583483309485,37.115692746873,36.56034584215362,37.060157775878906,5248944,19.357731325393566,23.151629380466105,21.97234963521857,21.156147336957186,25.93980562784772,1.27,72.0,-1.19,0.09
RTX,2012-08-27,37.161982265129716,37.536841334234076,36.93984231074679,37.28230667114258,7524710,19.215348251453925,22.306151263987253,21.987182115826034,20.950127923126573,25.9228454950328,1.27,73.0,-1.2,0.07
RTX,2012-08-28,37.18975047536429,37.458171004812364,37.00463664138911,37.319332122802734,6008962,19.219141540409833,22.211230569207547,21.9789430491029,20.734534752259943,25.73293358846398,1.26,73.0,-1.2,0.07
RTX,2012-08-29,37.37949302339361,37.42114496550073,37.04628590220383,37.1018180847168,3907192,18.950504593242044,22.17342849912419,21.83133564581182,20.539400867397987,25.739910061057714,1.26,65.0,-1.2,0.11
RTX,2012-08-30,36.805623145579915,36.96759944279658,36.26878789855695,36.588111877441406,5888040,19.268209740091883,21.10349068918457,21.65888512524374,20.604444499870063,25.772372196897773,1.25,63.0,-1.23,0.14
RTX,2012-08-31,36.92595120192784,37.24527521271039,36.63439327676906,36.95372009277344,5109112,18.144462015351863,20.667282555400014,21.593520270561164,20.56286525062636,25.735802788320782,1.25,62.0,-1.24,0.18
RTX,2012-09-04,36.884300688990336,37.0555314227605,36.06053330489337,36.2595329284668,7514063,18.675219395962493,21.070949863499884,21.587848730724076,20.685928103147504,25.652332622669615,1.24,62.0,-1.22,0.23
RTX,2012-09-05,36.24565381266756,36.24565381266756,35.861540371422194,36.111446380615234,8840402,17.716735227320246,20.935875352054637,21.428692295474537,20.60454301243223,25.64352885275608,1.23,59.0,-1.21,0.29
RTX,2012-09-06,36.44003847982921,36.88894430216476,36.39838933285708,36.745479583740234,7280480,18.12163269557452,21.185598101303487,21.60747602664207,20.670309305164196,25.475089131352775,1.22,66.0,-1.22,0.18
RTX,2012-09-07,37.069427104501436,37.18049709114223,36.583498016864986,36.75010299682617,7346106,18.13958927739727,21.035019374373586,21.43871886218763,20.231703737806413,25.47022691758843,1.22,60.0,-1.22,0.28
RTX,2012-09-10,36.65291106045151,36.83339906283185,36.37523893692624,36.37986755371094,6066643,17.931818998632494,21.117970122857525,21.497714624923738,20.22859930048417,25.31658733122981,1.22,61.0,-1.21,0.26
RTX,2012-09-11,36.384502807811465,36.731595857518236,36.34285366160723,36.44929504394531,5211920,17.80402381847448,21.1052635938385,21.443627505565132,20.22795167588443,25.30442003408078,1.22,60.0,-1.2,0.28
RTX,2012-09-12,36.48630662552829,36.731584026658595,36.32895891169418,36.4816780090332,5486340,17.603798910361306,21.07086568623445,21.41043344112303,20.202212869777235,25.240678515535436,1.22,56.0,-1.19,0.31
RTX,2012-09-13,36.527953773524374,37.43502229617004,36.42151243125356,37.26841735839844,7406170,18.453886980281233,21.17971528899051,21.534916850142142,20.35059051501926,25.274036968792284,1.22,64.0,-1.2,0.22
RTX,2012-09-14,37.48592547271694,38.180108446590445,37.337832207286304,38.1569709777832,11829628,19.269974187795214,21.618067657167458,21.850790884269735,20.47385946167824,25.251905537869114,1.22,72.0,-1.1,0.09
RTX,2012-09-17,38.12457641223241,38.20788028307242,37.860787366756895,38.01813507080078,5900275,17.48415785084325,21.389531919161538,21.85998211033166,20.454687856266183,25.254507174969714,1.22,72.0,-1.06,0.09
RTX,2012-09-18,37.754346594759404,37.94871762094782,37.52758086507658,37.70806884765625,6512675,17.710412211067673,21.472059903105777,21.721241511364976,20.442928258648145,25.269211747170417,1.22,68.0,-1.04,0.18
RTX,2012-09-19,37.65253163467782,37.846902649337316,37.1619740794158,37.81913375854492,6481054,16.989187539547704,21.0259426350939,21.677742299834264,20.298163582889728,25.26409841670002,1.22,66.0,-1.02,0.21
RTX,2012-09-20,37.6664134122704,37.717319770921094,37.106437856669366,37.44890213012695,9000414,17.077458431120867,21.150479021279995,21.723601022321905,20.328189660093127,25.237105113787095,1.22,68.0,-1.02,0.2
RTX,2012-09-21,37.57387625101537,37.647922925318774,37.12497039196843,37.3702507019043,20199686,16.969083356170035,21.133172841715524,21.72227902676224,20.29467430642292,23.48371036571053,1.22,67.0,-1.02,0.2
RTX,2012-09-24,37.222142061367435,37.222142061367435,36.759350537099245,37.037025451660156,5783642,17.00962004976383,20.712623155249222,21.76791900130046,20.312034615470644,23.48951481815288,1.22,68.0,-1.01,0.19
RTX,2012-09-25,37.064786125278715,37.13420694769306,36.412255080535196,36.45390701293945,8666565,17.618606189590245,19.466788902558193,21.877696158017766,20.40296110532894,23.25581511138613,1.22,72.0,-1.0,0.16
RTX,2012-09-26,36.51406902816601,36.58811566372445,36.241025566071585,36.342838287353516,7429370,17.6254292173894,19.424082294851626,21.698457175315905,20.184146421812198,23.15671776929745,1.21,63.0,-1.0,0.21
RTX,2012-09-27,36.49092725245926,36.56034807435654,36.07904496302163,36.2595329284668,7638482,17.43085997027241,19.352197991227307,21.670933824183514,20.16108618088163,23.08525766532391,1.2,60.0,-1.01,0.22
RTX,2012-09-28,35.85690301000715,36.287296899229624,35.60236844655318,36.23176193237305,9653016,17.18235904208825,19.32150223677322,21.67048591056053,20.14519638745117,23.07340979275863,1.18,59.0,-1.02,0.22
RTX,2012-10-01,36.35671983494562,36.73157880812671,36.18086048533795,36.2595329284668,5593280,16.074109536965384,18.948203531948838,21.346230639286162,20.062731912241837,22.885574473069546,1.17,43.0,-1.05,0.28
RTX,2012-10-02,36.36598680351823,36.55573206607887,36.08831464105072,36.27805709838867,4805454,16.056869594866818,18.94299519211771,21.3396072694921,20.009569607065817,22.837021940297085,1.16,42.0,-1.08,0.29
RTX,2012-10-03,36.361352401740824,36.44928208609893,36.06516583950548,36.35672378540039,5837192,15.821933541931642,18.930889576396133,21.339947544149904,19.993429368013935,22.836686203140292,1.14,42.0,-1.12,0.28
RTX,2012-10-04,36.52795207102776,36.66679091531074,36.301186353546434,36.342838287353516,4660696,15.744732587815907,18.293488044252975,21.178245242604486,19.982949163577572,22.836849910551095,1.12,40.0,-1.15,0.33
RTX,2012-10-05,36.606637806697954,36.68531308081672,36.18087233552023,36.33359146118164,4325258,15.663881398662639,18.160436179033574,21.17496161386784,19.96713148719291,22.757898930491898,1.09,39.0,-1.18,0.34
RTX,2012-10-08,36.185494944027916,36.34284547833469,35.995752506782395,36.268798828125,3116188,15.293677744260343,17.55681538126356,21.065686484420144,19.967158990657357,22.750395658740636,1.05,32.0,-1.2,0.38
RTX,2012-10-09,36.194752245815955,36.324333883925995,35.787498474121094,35.787498474121094,6543979,15.582056639225762,17.761917013765782,20.962660836907673,19.982700296030277,22.577029384989807,1.02,31.0,-1.19,0.41
RTX,2012-10-10,35.72733371736273,35.81526341051075,35.10256863172032,35.181243896484375,7931335,16.21262292748052,18.120626654452415,21.039372549443843,20.0846107266296,22.643744515148914,0.99,31.0,-1.16,0.39
RTX,2012-10-11,35.412640736769944,35.7041959269076,35.19050077740553,35.19512939453125,7004153,16.183738849344785,17.80384059831172,20.851121492524896,20.081314359561613,22.63423822566591,0.96,28.0,-1.15,0.51
RTX,2012-10-12,35.17198074456867,35.32470263159549,35.02851608959043,35.15346908569336,6818717,15.766128917887952,17.61451565772843,20.84747886313611,20.07922221088067,22.61385881094521,0.93,27.0,-1.13,0.52
RTX,2012-10-15,35.23214343107729,35.426514441658135,35.11644486477678,35.241397857666016,4535642,15.447869204180787,17.048689987584257,20.84931616159464,20.081418363833905,22.567377316246045,0.89,27.0,-1.11,0.52
RTX,2012-10-16,35.48668444399328,35.96335907026749,35.357105606766886,35.912452697753906,4601585,15.6382773962369,17.221649442470287,21.015191499829974,20.174189318271658,22.376601725411856,0.85,30.0,-1.09,0.4
RTX,2012-10-17,35.972607510989256,36.45391067424949,35.87542339924746,36.347469329833984,5737720,15.995094825809659,16.87543569281515,21.06107503750449,20.030298126059236,22.243340655966453,0.8,31.0,-1.09,0.34
RTX,2012-10-18,36.250279096439925,36.72695079453201,36.1206974874172,36.66679000854492,5270713,15.371272505615535,16.865587871867046,20.64732975719393,20.054832480131175,22.226458612932568,0.77,23.0,-1.1,0.45
RTX,2012-10-19,36.47704708468902,36.62514036138542,35.930957334703955,36.092933654785156,6526659,16.03020067173184,17.22394965681993,20.595961245509994,20.0841453758013,22.24659964685843,0.74,19.0,-1.09,0.47
RTX,2012-10-22,35.935575084701405,36.49092194251688,35.78285603128227,36.01887893676758,5811132,15.782261897533404,16.8620326723405,20.58826786441374,20.073521944646437,22.180686798412836,0.71,18.0,-1.07,0.48
RTX,2012-10-23,35.408015794840864,36.328967632101765,35.33396913403367,35.667179107666016,10463565,16.001738317872043,16.911070719400424,20.121438894715233,20.102250136232136,22.157880440735134,0.7,4.0,-1.04,0.5
RTX,2012-10-24,35.912437333902155,36.24101851394879,35.537578418247584,36.051273345947266,9084472,16.337433520353144,16.959773460454112,20.134240219165605,20.027816481572767,22.107808081697687,0.67,4.0,-1.03,0.45
RTX,2012-10-25,36.20863807672409,36.37524305282416,35.644036532218884,35.76898956298828,7197058,15.10784605613048,17.033977632738264,20.132575589466967,19.829208532961342,22.099349368429003,0.65,3.0,-1.08,0.45
RTX,2012-10-26,35.843034336270485,36.296565872885886,35.76898768411553,36.19012451171875,6870200,13.736132353939842,17.14491838099627,19.306632125771362,19.877025619327753,21.73357068922775,0.67,1.0,-1.06,0.23
RTX,2012-10-31,36.64364618345642,36.64364618345642,36.02813570415736,36.171600341796875,6506637,13.72886143899274,15.932020835564147,18.95329028161822,19.778052623840864,21.73207015210241,0.7,1.0,-1.05,0.37
RTX,2012-11-01,36.310439828053724,37.20362236790904,36.15308934116439,36.588111877441406,9566733,14.092263203263961,16.082391463141597,19.033449329346556,19.824983244750108,21.67374545433455,0.73,2.0,-1.05,0.31
RTX,2012-11-02,36.69455667503232,36.97685736667445,36.1114436330229,36.12995529174805,7777361,14.429965595885157,15.843143404152006,19.048333446432416,19.75806708331205,21.39911209016884,0.76,3.0,-1.02,0.3
RTX,2012-11-05,36.0975510815552,36.25027293898186,35.96334368463727,36.051273345947266,5585335,14.21562815639112,15.755567544944011,19.041708333253794,19.737994144634808,21.28222452674296,0.78,3.0,-0.99,0.3
RTX,2012-11-06,36.12532626794647,37.143461875892314,36.051279633881784,37.009254455566406,7306381,16.290620241781625,16.579290190550793,19.382319648689084,19.969216631367782,21.352313990509657,0.8,6.0,-0.96,0.21
RTX,2012-11-07,36.63440023074202,36.63440023074202,35.59312413342347,35.9494743347168,8230226,18.151119805237688,17.522832700512375,19.920977236677153,20.257086148302534,21.535516588187253,0.81,7.0,-0.91,0.24
RTX,2012-11-08,35.83839920448227,35.958723589750214,35.24140028392258,35.246028900146484,5402282,18.460719441813232,17.956064304384036,20.16769465077886,20.386730003962278,21.615744520381856,0.81,11.0,-0.87,0.18
RTX,2012-11-09,35.1766099758019,35.449656247682704,35.005376426905045,35.09793472290039,6125754,18.47429183181602,17.953547195566134,20.152774089588114,20.382839592692783,21.609126430745214,0.81,11.0,-0.85,0.2
RTX,2012-11-12,35.25064879024277,35.722691787236705,35.06090362425257,35.61162185668945,4857891,19.020098773438615,18.097612651526426,20.070720487821973,20.446944739678035,21.429175491044038,0.81,8.0,-0.84,0.23
RTX,2012-11-13,35.34784391349309,36.00037785530655,35.29230893087776,35.63477325439453,5929036,19.023457908333917,17.974213625044356,20.043131017487735,20.44271336185654,21.387866819131816,0.82,8.0,-0.81,0.24
RTX,2012-11-14,35.78623952421388,35.79089770151953,34.69107350867214,34.7889404296875,6792022,20.194582098542185,18.100673073778427,20.27737108119766,20.632473699679732,21.310995059545107,0.82,15.0,-0.79,0.22
RTX,2012-11-15,34.891448283838066,35.10582037884326,34.74232171221384,34.87746810913086,5759966,20.219665622994825,18.10831478910717,20.26564336373625,20.626091321495256,21.29046465811515,0.83,15.0,-0.78,0.23
RTX,2012-11-16,34.938053266339686,35.27359158964043,34.70503716770075,35.068538665771484,6808071,20.291413965891035,18.0540481437713,20.03829109399062,20.63291797558568,21.294632944961645,0.83,8.0,-0.73,0.29
RTX,2012-11-19,35.45534501550211,35.75826201181469,35.23165089984741,35.688358306884766,6061876,21.00512173455909,18.404529047369685,20.220141993186015,20.734668179871534,21.2915473996335,0.84,16.0,-0.66,0.19
RTX,2012-11-20,35.52060605380799,35.800223842698756,35.380798571787665,35.73963928222656,4478438,21.013289782836367,18.376044354745385,20.19267460489533,20.664259466901008,21.16585762723279,0.84,16.0,-0.58,0.21
RTX,2012-11-21,35.79556359518278,36.27557343669282,35.63245392110124,36.037899017333984,4626374,21.164877411189906,18.311481478413462,19.926383841182872,20.51137330333788,21.17476334961933,0.85,8.0,-0.52,0.26
RTX,2012-11-23,36.26624816768932,36.657710220319224,36.16838124210688,36.6344108581543,2266391,21.316590992637412,18.59124501199437,19.100935917458134,20.532977908023568,21.058127845729864,0.87,5.0,-0.48,-0.21
RTX,2012-11-26,36.24293657079442,36.70430506468217,36.24293657079442,36.667022705078125,4672296,20.633174672373176,18.590953464728695,19.06753389141532,20.485995073028548,21.00983621303037,0.9,5.0,-0.43,-0.19
RTX,2012-11-27,36.55517243677404,36.816148931231766,36.30351794382856,36.73692321777344,8359570,20.631556771467658,18.559925367315433,19.01645764876113,20.48746834670393,20.803569604863593,0.92,2.0,-0.4,-0.16
RTX,2012-11-28,36.58314587915203,37.28218601956393,36.52256132687343,37.18898010253906,6783123,20.84907257027706,18.50505784230298,19.087088783552847,20.530253959867974,20.836461753834403,0.95,7.0,-0.37,-0.2
RTX,2012-11-29,37.21692394361277,37.37537534463901,36.86740544099249,37.17032241821289,6687465,20.859424711775603,18.395377191915767,18.866413550183697,20.20852707936219,20.63833430292505,0.98,1.0,-0.3,-0.12
RTX,2012-11-30,37.263542774995926,37.44995177388506,37.10509413724281,37.33344650268555,12447749,20.24173324620964,17.979604759883735,18.870930598824767,20.212915980144484,20.640363261783932,1.0,2.0,-0.23,-0.13
RTX,2012-12-03,37.622385498067395,37.911322428419616,37.16101973985647,37.18898010253906,5264993,20.031994300745936,17.977316787171986,18.878825832154035,20.21669419625601,20.075665699105414,1.03,3.0,-0.14,-0.13
RTX,2012-12-04,37.268212073470174,37.61773078972833,37.07248102739557,37.347434997558594,6216327,19.918355959591672,17.647780038796732,18.514162354223206,20.133975887164933,20.07954991146882,1.06,1.0,-0.08,-0.07
RTX,2012-12-05,37.44062868987115,37.631701495485835,36.97460200398294,37.389366149902344,6608333,19.30286493914767,17.64861151363182,18.438586007596104,20.10033015787312,20.079560937691383,1.09,1.0,-0.12,-0.03
RTX,2012-12-06,37.42200252006735,37.701620338669485,37.24957365056718,37.68763732910156,5015996,19.37489016640942,17.581663370236296,18.105182454349503,20.032363334118003,20.093908418696305,1.13,1.0,-0.04,0.03
RTX,2012-12-07,37.76684389678693,37.91597332427744,37.41266433134596,37.7435417175293,5997998,19.075586323233974,17.580519786355328,18.07742407407203,20.018407930826633,20.088856417272403,1.16,1.0,0.02,0.05
RTX,2012-12-10,37.743542835727666,37.90199144470607,37.65965894270358,37.752864837646484,4514667,18.895144623666983,17.580533308953257,18.06560162806303,19.996434020772146,20.088540789505988,1.2,1.0,0.09,0.06
RTX,2012-12-11,37.95792393950784,38.05579085850615,37.724910559585396,37.83675765991211,5950646,18.684148256897277,17.044471004053435,17.88952362973109,19.99413063856182,19.92799913723617,1.23,1.0,0.17,0.14
RTX,2012-12-12,38.111712552919606,38.17229427734274,37.58510126649393,37.74821090698242,5838463,18.48434519464336,16.34369147697774,17.794187163303164,19.84667652698696,19.767281566716758,1.27,1.0,0.22,0.2
RTX,2012-12-13,37.850739593320206,37.92530433032289,37.37073262992777,37.45461654663086,6458649,18.670122241900994,16.403552860137342,17.4974515542525,19.860377642875434,19.62954571963729,1.31,1.0,0.33,0.26
RTX,2012-12-14,37.27285385131836,37.63169724022176,37.202950138824534,37.27285385131836,7424761,18.48682204259397,16.348876760811898,17.382256826657137,19.736475023576393,19.63219438663021,1.34,1.0,0.42,0.32
RTX,2012-12-17,37.342765766804376,37.403350315870334,37.04917067480679,37.277523040771484,9194272,18.059063999531542,16.33599730819288,17.10047873595842,19.70229673178878,19.579078696895756,1.39,1.0,0.14,0.43
RTX,2012-12-18,37.328780867494984,38.42860484134007,37.23557496719468,38.32141876220703,9590886,19.596678663600915,17.177929145209667,17.562717374479732,19.95298310738704,19.76178198175292,1.41,4.0,-0.09,0.39
RTX,2012-12-19,38.31675503250102,38.94589123728448,38.16762561363418,38.694236755371094,11861408,18.37030586999675,17.274570650057974,17.605784307690097,19.982913277707045,19.715849239716587,1.44,5.0,-0.28,0.36
RTX,2012-12-20,38.73151253225543,38.97850881453253,38.526462426031166,38.75947570800781,6572422,15.927955791089285,17.16092494611277,17.39596611125896,19.968474147770817,19.692887538900685,1.46,3.0,-0.24,0.48
RTX,2012-12-21,38.38666226993485,38.61967559590877,37.93461579607865,38.465885162353516,11390270,14.800663961887588,16.900488693201076,17.40492631434513,19.985232172904144,19.383358934358927,1.49,4.0,-0.24,0.48
RTX,2012-12-24,38.48919377488914,38.58706068758471,38.27482159216027,38.32608413696289,1928093,14.777743282512795,16.90680010014364,17.372138263482807,19.984475610795876,19.356122673403444,1.51,2.0,-0.33,0.5
RTX,2012-12-26,38.372677554262566,38.41928191228665,38.027817169249936,38.2654914855957,3463702,14.412319294605755,16.90170448405291,17.367996197484683,19.881973087035533,19.356215900891964,1.54,2.0,-0.41,0.51
RTX,2012-12-27,38.28879623482328,38.42394549234656,37.808789393987034,38.24685287475586,4692953,14.428049137002624,16.900628280035544,17.3452917135491,19.704480673185852,19.337509691853725,1.56,2.0,-0.59,0.53
RTX,2012-12-28,37.99054826888848,38.130355732386526,37.5990834163043,37.65966796875,3515663,13.23280616949065,17.230602512965998,16.85368511412211,19.720337030279957,19.40180876494538,1.59,1.0,-0.6,0.35
RTX,2012-12-31,37.519847430362496,38.33073439086352,37.41266136905281,38.21888732910156,5845613,13.689108503760842,17.471430659493848,16.995319805491583,19.66742593607071,19.412278567596086,1.62,2.0,-0.63,0.27
RTX,2013-01-02,38.88065229682837,39.14628982543945,38.73152285267469,39.14628982543945,7126983,14.964799652815639,18.100996856416522,17.148616857492293,19.76092067884903,19.53332217884948,1.63,4.0,-0.49,0.28
RTX,2013-01-03,39.029791079962756,39.360671407138895,38.8713424200608,39.290767669677734,6016907,14.377543341456036,18.104689942880402,17.092036544766835,19.764623874221705,19.506913097223524,1.65,3.0,-0.35,0.32
RTX,2013-01-04,39.365332875326565,39.607665458078955,39.17892102332472,39.603004455566406,6127025,14.430788986729079,18.152090600008595,17.091895038585225,19.687757345729967,19.410978423159005,1.67,3.0,-0.14,0.31
RTX,2013-01-07,39.397949903080956,39.60766109484344,39.31872416849529,39.411930084228516,5368437,14.54632328553805,18.185959072047066,17.042171214295156,19.697119165262993,19.41310747134827,1.69,3.0,-0.11,0.35
RTX,2013-01-08,39.32804164426807,39.47716826742112,38.79676939818413,38.93657684326172,7675823,14.60864949132204,18.145234435305344,17.1393539030951,19.715233514797166,19.427886320609367,1.7,7.0,-0.17,0.3
RTX,2013-01-09,39.11833104781466,39.75678943386501,39.06706850182587,39.40260696411133,5990530,14.879761770106942,17.85355738073759,17.221471857474672,19.744939958625714,19.450247607829702,1.71,9.0,-0.19,0.24
RTX,2013-01-10,39.612311628869165,39.62163080555495,39.3140527773409,39.598331451416016,5627444,14.897217830126841,17.861717890622362,17.17799763097123,19.661327695366342,19.45395268371642,1.72,9.0,-0.19,0.27
RTX,2013-01-11,39.551736679150196,39.840673599170124,39.449211586513975,39.696205139160156,4740940,14.609053233052085,17.84989526747241,17.11889975694609,19.66254004385527,19.291442810461398,1.73,7.0,-0.22,0.32
RTX,2013-01-14,39.728814828933444,40.06435601962961,39.728814828933444,39.985130310058594,4966261,14.658370698900727,17.881830648471418,16.87062214876597,19.678536047356314,19.28553289340574,1.74,2.0,-0.19,0.41
RTX,2013-01-15,39.696194642653786,40.13892190941131,39.57036739865356,40.059696197509766,4383733,14.647483302546163,17.53744658310385,16.857168691939822,19.570481449644696,19.275063631906118,1.75,2.0,-0.19,0.42
RTX,2013-01-16,39.863968582670374,39.98979583721219,39.68221779001563,39.87794876098633,3888760,14.673500801009547,17.45388838245662,16.787768313965287,19.55136677872681,19.217706794585713,1.77,1.0,-0.25,0.46
RTX,2013-01-17,40.11562960454166,40.35796215085802,39.88727441396135,40.2647590637207,5451382,14.817863229510966,17.470840040075164,16.833914690398213,19.574005808542307,19.201818377823127,1.78,2.0,-0.26,0.43
RTX,2013-01-18,40.40921769112446,40.712134712756985,40.19018455744973,40.52106475830078,6705580,14.852728452919933,17.117997379365367,16.82169464824227,19.583198721709525,19.198891063421854,1.78,2.0,-0.24,0.44
RTX,2013-01-22,40.37194286293331,40.777385025982895,40.236793592017165,40.763404846191406,6543025,14.802685864079953,17.117175142630163,16.763644685940633,19.59361777613981,19.197454109590907,1.79,1.0,-0.21,0.48
RTX,2013-01-23,40.67953089737786,41.18750109452025,40.45583666657567,41.04302978515625,6292281,14.848344368107483,16.96322775206377,16.77075876244452,19.58236735608105,19.19427153218067,1.8,2.0,-0.14,0.47
RTX,2013-01-24,41.015065531096624,41.45779294804928,40.79137132149741,41.439151763916016,8504646,14.956199318091581,16.941412170540556,16.82680633693448,19.48799120931043,19.214530994683532,1.8,5.0,-0.03,0.43
RTX,2013-01-25,41.41118387018056,41.85391123683083,41.41118387018056,41.84458923339844,7227567,15.075701438942291,16.873383420011642,16.84613256332547,19.4939445444099,19.203067408687087,1.8,7.0,0.12,0.42
RTX,2013-01-28,41.90983534202734,41.94245670477691,41.63953961162447,41.84925079345703,7067236,15.011723826346282,16.77359875344255,16.671330667680266,19.492724828324416,19.201708471426077,1.81,1.0,0.16,0.52
RTX,2013-01-29,41.85390673444742,41.87720609082296,41.5276874966976,41.830604553222656,6943294,14.680443775877889,16.773108781397244,16.616404669476616,19.28195478139145,19.19830617560202,1.82,1.0,0.13,0.56
RTX,2013-01-30,41.765353173168215,41.81195470110302,41.48573553101348,41.52301788330078,7117290,14.825119524772104,16.784194062765028,16.3576255376115,19.304515594366705,19.21415882012697,1.83,1.0,0.03,0.64
RTX,2013-01-31,41.28535774485719,41.52303211594301,40.81000900268555,40.81000900268555,9124038,15.996362894726806,16.98749554002895,16.60271866584199,19.422751803068742,19.297884169012764,1.83,2.0,-0.12,0.54
RTX,2013-02-01,41.00573972102587,41.993716670638314,41.00573972102587,41.867889404296875,10763092,15.734165690722456,17.634640240336005,16.854770875735557,19.53816947721644,19.4391693166208,1.83,13.0,-0.19,0.55
RTX,2013-02-04,42.142829488302255,42.291956053554046,41.56029492686008,41.728065490722656,9365566,15.70283812932539,16.96338534594995,16.869952398830463,19.543807026189143,19.30617317377233,1.83,15.0,-0.28,0.54
RTX,2013-02-05,42.06360650531243,42.22205508008431,41.49971308128027,41.59757995605469,8114070,15.786826472783542,15.723065608829245,16.786021072635364,19.47729237155614,19.307281632341862,1.83,7.0,-0.38,0.6
RTX,2013-02-06,41.317973066630934,41.723418021232,41.317973066630934,41.64885330200195,5314728,15.507702475610625,15.030781174253077,16.78578336007177,19.337502693022177,19.26819261438237,1.83,7.0,-0.48,0.6
RTX,2013-02-07,41.72807372661672,41.91914367675781,41.29466846973317,41.91914367675781,6007532,15.42792150041033,14.97782654371579,16.805380172219024,19.27326324172446,19.2665717261835,1.83,10.0,-0.56,0.58
RTX,2013-02-08,41.98905889003325,42.35722153916365,41.82594924894187,41.984397888183594,6116538,15.373876415915214,14.784530727598966,16.49830974498022,19.16951941694574,19.262334759660003,1.83,2.0,-0.64,0.72
RTX,2013-02-11,41.97506087755781,42.09156610035832,41.64418073408936,41.76068878173828,4892531,15.535648501424875,14.871531441116081,16.134734504089828,19.183491003581597,19.19124706679601,1.82,1.0,-0.72,0.83
RTX,2013-02-12,41.84924065479546,41.979728899030384,41.7327325876592,41.93312454223633,5267694,14.52389904638441,13.795641872169337,16.12611237764748,19.18664375291683,19.040735978037514,1.82,1.0,-0.79,0.83
RTX,2013-02-13,42.10893812772684,42.10893812772684,41.72451243925977,41.958919525146484,5680198,14.1532301951843,13.804697141061848,16.0591108135619,19.15851021692317,19.037057823080456,1.82,1.0,-0.86,0.89
RTX,2013-02-14,41.83233071756532,42.19331760965406,41.63074015519514,42.0479850769043,5767117,12.696060785571445,13.797052129708224,16.057202939430493,19.136551774732695,18.970083777120927,1.81,1.0,-0.93,0.89
RTX,2013-02-15,42.21675722858608,42.55899429321289,42.12299668562161,42.55899429321289,7023221,13.000329290611454,13.596520008385685,16.055515663119007,18.915635784845637,19.0035898940128,1.81,1.0,-0.97,0.9
RTX,2013-02-19,42.67620529910738,42.90123746937383,42.488681332297844,42.67151641845703,7026717,12.904691965788723,13.593090081201629,16.0477397776482,18.776331941213662,18.90767816041502,1.8,1.0,-1.01,0.91
RTX,2013-02-20,42.6715156179678,42.75590410110757,42.244895688689724,42.26833724975586,4798462,13.201530194091324,13.78184609717147,16.05671437726521,18.814163485740814,18.92085903433483,1.79,3.0,-1.07,0.9
RTX,2013-02-21,42.090177660901155,42.10424430001389,41.49947259576047,41.916717529296875,6014683,12.883131657291164,13.659993599893742,15.895406993608924,18.512651488412754,18.930567628068516,1.78,1.0,-1.13,0.98
RTX,2013-02-22,42.14175873710355,42.42304611206055,42.03861757010621,42.42304611206055,5798579,12.890116725100373,13.802150826081371,15.96773300874054,18.522711846046395,18.965548656089187,1.76,2.0,-1.18,0.93
RTX,2013-02-25,42.615259294614546,42.638698013316905,41.42915725708008,41.42915725708008,6357589,14.924575572992177,14.805373565305423,16.453262124665372,18.72723756681078,19.118111747755748,1.74,11.0,-1.23,0.83
RTX,2013-02-26,41.729198088613536,41.972982933368215,41.5698017263776,41.818275451660156,4142682,15.095337991854537,14.731952991768726,16.498701190970365,18.232282496439158,19.130503419890303,1.72,13.0,-1.27,0.79
RTX,2013-02-27,41.77139847758763,42.549630564683845,41.44791682497939,42.46055603027344,5342377,15.520683902502357,14.97118424932475,16.64318843350776,18.113662451465686,19.180852768468963,1.7,16.0,-1.31,0.7
RTX,2013-02-28,42.54024541504037,42.812157834107246,42.301149473116034,42.451168060302734,6096357,15.534057164806248,14.972503100864138,16.644789307300755,18.114350287879898,19.175729334311324,1.68,17.0,-1.34,0.7
RTX,2013-03-01,42.31521938568368,42.544937600618525,41.85578011406808,42.2542724609375,4302694,15.537771874753407,14.986582780231247,16.673724834372845,18.063001042546162,19.18101884221725,1.66,19.0,-1.37,0.67
RTX,2013-03-04,41.977673302083716,42.057370065154196,41.48541755634086,41.785457611083984,4998041,15.80713979637674,15.224147395092958,16.7920531931336,18.11300406122185,19.2107350171144,1.64,25.0,-1.4,0.58
RTX,2013-03-05,42.04799475306562,42.798096303795454,41.96360626834278,42.67151641845703,5343489,16.75896619343845,15.71849055195171,17.07499160741382,18.20729227324497,19.31888911681806,1.61,38.0,-1.41,0.47
RTX,2013-03-06,42.938734909909265,43.06531477189671,42.61525335613527,42.694950103759766,4075308,16.713360037914306,15.676091984050174,17.067205120678054,18.18933603068749,19.31453047886395,1.59,38.0,-1.43,0.48
RTX,2013-03-07,42.75589917872765,43.07938074886637,42.74652141868251,42.9949951171875,4014450,16.718019157108515,15.707911921639287,16.917402644746428,18.197494631065943,19.26450032021803,1.56,36.0,-1.43,0.58
RTX,2013-03-08,43.145019901968325,43.557578884837035,43.07938693920306,43.16377258300781,4958951,16.560379918782438,15.706720679368596,16.64585305930069,18.188245627387133,19.121621782122144,1.54,18.0,-1.43,0.72
RTX,2013-03-11,43.20597076412034,43.64665738784508,43.088768628249674,43.55758285522461,4081029,16.532689027323,15.769326101606548,16.681022650067987,18.09647237616977,19.09048118945551,1.52,21.0,-1.42,0.7
RTX,2013-03-12,43.53412890215829,43.71227791670055,43.24815270293279,43.66539764404297,4810539,16.53163500267761,15.739010268784106,16.672616523199068,18.074264084891084,19.059575127468392,1.49,20.0,-1.4,0.71
RTX,2013-03-13,43.68885915764214,43.80137243176373,43.463826925905714,43.63728713989258,6079037,16.533675562436937,15.60795812342831,16.67849456218291,17.97888177076145,19.05991779170902,1.47,22.0,-1.4,0.71
RTX,2013-03-14,43.77791731742589,43.810733795166016,43.585701647669914,43.810733795166016,5194282,16.335365318514683,15.53361259032601,16.464508103784695,17.976131916561535,19.05715433451085,1.44,12.0,-1.38,0.82
RTX,2013-03-15,43.74040345432909,43.83416398914214,43.59975696861951,43.73102569580078,8863124,15.34769802836994,15.552466771525808,16.39597984130455,17.80932725796196,18.82329827069794,1.41,11.0,-1.37,0.86
RTX,2013-03-18,43.585683827646264,43.87165993352528,43.421598664286364,43.491920471191406,4735538,13.816640336470604,14.74205232830291,16.399206445043184,17.82443287738634,18.830957708123243,1.38,12.0,-1.37,0.85
RTX,2013-03-19,43.59975705201302,43.909174774373916,43.3559751142408,43.651329040527344,5881048,13.76241539688664,14.661368337446385,16.16031917693659,17.81324230375999,18.833755450145517,1.36,10.0,-1.37,1.0
RTX,2013-03-20,43.98419394421842,44.068579578656674,43.76385067689821,43.810733795166016,4786068,13.704167119278809,14.665020181975812,16.150134248349158,17.61031733460792,18.761356662506408,1.34,10.0,-1.35,1.02
RTX,2013-03-21,43.604454846695006,43.74509851968474,43.262220582938724,43.332542419433594,3531553,14.190596122905216,14.775589370654469,16.17274225117172,17.080223868685938,18.766437326797252,1.32,12.0,-1.35,1.0
RTX,2013-03-22,43.50132249769461,43.89981485364381,43.41224796980269,43.876373291015625,5097194,14.483479384273776,14.882135143383335,16.199425370287766,17.106752032666307,18.729948280341073,1.3,13.0,-1.34,0.98
RTX,2013-03-25,43.96543971620966,44.068578025972016,43.28566010098752,43.50600051879883,3740029,14.770446617199603,15.024451382853465,16.209231490687912,17.118789783653906,18.738455206825762,1.28,14.0,-1.33,0.98
RTX,2013-03-26,43.73102669246271,43.82479007115771,43.38410361216379,43.435672760009766,4773674,14.666451085518428,15.034676086860177,16.14315106778605,17.107303264277505,18.720551653712253,1.28,10.0,-1.31,1.02
RTX,2013-03-27,43.29035126927337,43.48725299385554,42.798095536945056,43.41693115234375,3881450,14.650001591389872,14.592475923269502,16.142859791246046,16.96411257363904,18.716781883462986,1.27,10.0,-1.3,1.02
RTX,2013-03-28,43.64663458993788,43.9419884785237,43.60444036535572,43.80134201049805,6430206,14.81537199233218,14.427551915178057,16.10826750037151,16.985678227465577,18.627545808293196,1.27,8.0,-1.28,1.05
RTX,2013-04-01,43.674769073114646,43.7919740080142,43.45911472097476,43.562255859375,4041463,14.947615568013081,13.783328330685077,15.985340824906668,16.999118290269326,18.629947291256336,1.27,3.0,-1.25,1.14
RTX,2013-04-02,43.670088227222685,43.85292328694062,43.52944172027325,43.59507751464844,4109790,14.585965973422882,13.77913605132087,15.973197401598163,16.763245524445793,18.522906827890104,1.27,3.0,-1.23,1.16
RTX,2013-04-03,43.67008850516014,44.05451414693168,43.60445271036721,43.69352722167969,7003359,14.582177759663011,13.71935536442071,15.489913460480206,16.714349784228748,18.500915528216346,1.26,1.0,-1.2,1.27
RTX,2013-04-04,43.77321879380378,43.97480933775463,43.58100600813875,43.674766540527344,4813876,14.259864714779303,13.66012292968761,14.69107567199806,16.499802795395617,18.48818379277829,1.26,1.0,-1.17,1.04
RTX,2013-04-05,43.130949277306804,43.48256128072752,43.08406900299857,43.430992126464844,4075467,14.122948022686336,13.441043263409332,14.32584785611644,16.50224387265173,18.495872470485306,1.26,1.0,-1.15,1.13
RTX,2013-04-08,43.52474720115823,43.93730606686476,43.32784552703447,43.9326171875,3791354,14.08887134638777,13.428042743661454,14.366779299436928,16.538859667199336,18.514726001706563,1.26,2.0,-1.14,1.09
RTX,2013-04-09,44.04044890076716,44.34049174310937,43.777914255463095,44.279544830322266,5055086,12.072816573367737,13.470310358323436,14.260287919160671,16.455176661030585,18.524389535073727,1.26,1.0,-1.11,1.18
RTX,2013-04-10,44.406133609544014,44.86557288325076,44.36862824672118,44.621788024902344,6006738,11.997403176405314,13.522920593667617,14.28494148233094,16.415713512708177,18.531947486321844,1.25,2.0,-1.08,1.16
RTX,2013-04-11,44.78117509200131,44.93119651212323,44.6170898741793,44.92182159423828,6211242,11.430284699404499,13.51416659085831,13.665851286775071,16.206311483305498,18.45655189151056,1.25,1.0,-1.1,1.05
RTX,2013-04-12,44.8327542055533,44.86088180541992,44.61709695901075,44.86088180541992,4035424,11.453143587119767,13.531059174465664,13.679967546080565,16.11919646485275,18.31466236745575,1.25,2.0,-1.14,1.03
RTX,2013-04-15,44.710846420977674,44.76241556581815,43.83416243345491,43.84354019165039,6286402,13.41273179345569,14.401529888649781,14.255176001542374,16.206187388001894,18.41736956967603,1.24,3.0,-1.2,1.08
RTX,2013-04-16,44.25609001153134,44.45299164694434,43.93729742881401,44.30765914916992,4518163,13.142252020669911,14.423633734158322,14.106785882637263,16.21530220950127,18.350873727773898,1.22,3.0,-1.21,1.17
RTX,2013-04-17,43.97011679019303,44.016997052476114,43.32315382526509,43.5294303894043,5611871,13.0593561013823,14.919765664297453,14.455386263921424,16.37152496227695,18.357773983653004,1.19,9.0,-1.23,1.0
RTX,2013-04-18,43.557571109945414,43.65133449840637,42.77933640659213,42.91998291015625,6972214,13.7427635316786,15.209572787414812,14.641799048851013,16.350332951094877,18.417339267174512,1.17,10.0,-1.24,0.89
RTX,2013-04-19,42.99968634849093,43.73572404071734,42.99968634849093,43.70290756225586,6013094,14.570712410245603,15.568476252950186,14.686443388963264,16.44408727083919,18.428301205086928,1.16,11.0,-1.22,0.88
RTX,2013-04-22,43.70290588850478,44.096709298451806,43.38411035142035,43.895118713378906,4978655,14.5808164396915,15.482458434970587,14.691641586430999,16.417468018290506,18.43172752218478,1.15,13.0,-1.21,0.87
RTX,2013-04-23,43.74040671727581,44.1857792369692,42.4980468582578,43.54819107055664,10335809,14.550642216762027,15.478150691803885,14.772655417721886,16.4496066793447,18.421457378605627,1.14,14.0,-1.19,0.8
RTX,2013-04-24,43.473196719240015,43.6325959521214,43.04657671575378,43.13096237182617,6718451,14.792042964438028,15.621041204516093,14.783573958749225,16.485304659563756,18.43762168902408,1.12,15.0,-1.15,0.79
RTX,2013-04-25,43.318475630490326,43.68884030832804,43.13094885161738,43.182518005371094,5707847,14.799117691101044,15.620404435019788,14.78023092049595,16.09278286945175,18.366158852287843,1.11,15.0,-1.11,0.8
RTX,2013-04-26,43.14502768157653,43.2294161823435,42.72309654472723,42.73247146606445,4651639,15.023429264859942,15.700064183167461,14.8942509361098,16.14684775461565,18.399881443523665,1.09,17.0,-1.05,0.71
RTX,2013-04-29,42.78871552614741,43.032497502148,42.48398663527396,42.95280075073242,4756830,15.118808064036394,15.281708021073431,14.882484897826725,16.01300492089503,18.405056055917175,1.07,17.0,-1.0,0.72
RTX,2013-04-30,43.17783049846717,43.23877456821875,42.68088597223069,42.79808807373047,6634393,15.075892917001518,14.40949459785813,14.89699619259107,15.98486168400167,18.328368342594466,1.06,19.0,-0.95,0.71
RTX,2013-05-01,42.680884698272145,42.96686088648059,42.624626668203156,42.68557357788086,6327239,15.033990885019765,14.402391443707577,14.910453916544537,15.970069263187098,18.310647598733524,1.05,20.0,-0.89,0.7
RTX,2013-05-02,42.798102331949956,43.22003628975645,42.798102331949956,43.01375961303711,4329707,15.180161444397594,14.45973691123601,14.907282049027613,15.944700083056718,18.317829064987727,1.04,20.0,-0.81,0.7
RTX,2013-05-03,43.47317720385379,43.82478915618277,43.332533559620195,43.651329040527344,4906991,15.479138980218643,14.747677187320244,15.058116160980923,16.008130542215998,18.369568073857746,1.03,22.0,-0.74,0.59
RTX,2013-05-06,43.5763270997102,43.98888319854989,43.50600242171034,43.82948684692383,3278584,15.089091469286359,14.716364232117737,15.06255691750702,16.008333882995128,18.372597925442342,1.02,23.0,-0.66,0.58
RTX,2013-05-07,43.87637587332115,44.02170845502654,43.72635441046497,44.00764465332031,4015562,14.916055656811952,14.73118280548017,15.067635960492481,15.98047906467893,18.355756762048493,1.02,24.0,-0.58,0.58
RTX,2013-05-08,43.95137682559785,44.24673080444336,43.876366110859585,44.24673080444336,4141252,14.973361012858089,14.705065661287994,15.067477949013428,15.95411463875583,18.26720485804905,1.01,24.0,-0.51,0.58
RTX,2013-05-09,44.30767602619541,44.81399836378974,44.21860151057354,44.42488098144531,5773314,15.001804135145361,14.704141373700377,14.996534946496833,15.79669518895071,18.252420184446947,1.01,22.0,-0.47,0.64
RTX,2013-05-10,44.495209489505065,44.654605865478516,44.33581311353162,44.654605865478516,4018581,14.868123661404791,14.729013296111015,14.96911632864461,15.794818535674635,18.256458289283074,1.01,22.0,-0.47,0.66
RTX,2013-05-13,44.55145951981362,44.68741430841234,44.429568529734496,44.513954162597656,3120478,14.800269668155622,14.752108736821492,14.987540243286885,15.746528993911927,18.100247706588775,1.01,23.0,-0.51,0.65
RTX,2013-05-14,44.52333105054315,44.992145164812875,44.52333105054315,44.973392486572266,5665580,15.056805487810523,14.69830940005424,14.470124642873044,15.777643764167939,18.12233252977094,1.01,10.0,-0.43,0.53
RTX,2013-05-15,45.008750402245404,45.20204119920783,44.688166989190286,45.16904067993164,4834691,15.083569014523658,14.710938098160875,14.41894962493949,15.76083891033348,18.123883888018067,1.01,9.0,-0.34,0.56
RTX,2013-05-16,45.02759885754781,45.17845875101074,44.810732223935865,44.867305755615234,4669912,15.247777799351923,14.637266849090977,14.47826362759933,15.743986109202973,18.059530000772792,1.01,12.0,-0.24,0.51
RTX,2013-05-17,44.91917521698743,45.92335350929142,44.72588441255839,45.89506530761719,6684287,16.359291351781298,15.161129442339277,14.789137564694329,15.93961399703053,18.18768418839452,1.01,20.0,-0.14,0.5
RTX,2013-05-20,45.748915470610726,46.06949602277458,45.70177228035697,45.8384895324707,4171602,16.12129405963138,15.011715064901503,14.771660476209778,15.942108649480776,18.132782371579616,1.01,17.0,-0.07,0.51
RTX,2013-05-21,45.99407217143901,46.27222473799119,45.83377902135893,45.989356994628906,4435852,16.016365592433942,14.082388008221884,14.763584544762196,15.922360560654642,18.026232480465897,1.0,17.0,-0.02,0.52
RTX,2013-05-22,46.01292409938103,46.286361453933196,45.31047143702877,45.37647247314453,6865275,16.44252800944341,14.327749252231795,14.956829194788476,15.91543704086271,18.02926685843578,1.0,28.0,-0.01,0.41
RTX,2013-05-23,44.96633771787876,45.24449037140818,44.754188987281154,45.01819610595703,5197142,16.514116664062634,14.154750125170814,14.783171580621824,15.917623381642612,17.972821506676958,1.0,21.0,-0.21,0.47
RTX,2013-05-24,44.78717242518105,44.914462186491406,44.40530314124999,44.8060302734375,4155871,16.568165525511276,14.201006633589804,14.671461336653005,15.75329655506498,17.981058679108212,1.0,14.0,-0.33,0.52
RTX,2013-05-28,45.23032983207752,45.550910390513934,45.022893504000464,45.24447250366211,5452018,15.302249619550757,14.266829157350047,14.287553623089414,15.773164114274193,18.001740664536957,1.0,7.0,-0.31,0.52
RTX,2013-05-29,44.97104359827507,45.08419070760717,44.697606179564104,44.843753814697266,5039514,15.292062056188954,14.19091932602696,14.376723731088811,15.700811687216554,18.00856294708827,1.0,10.0,-0.29,0.44
RTX,2013-05-30,44.994604576266326,45.499048398163076,44.88145749723834,45.23975372314453,5881525,14.470475164102464,13.67472241997607,14.387624938002816,15.726652842276104,18.008269324365006,1.01,11.0,-0.25,0.43
RTX,2013-05-31,45.08417715379412,45.54619009147881,44.740020751953125,44.740020751953125,6724648,14.217840790617798,13.89706081573335,14.490129271329078,15.736997876682986,17.84824983492537,1.01,16.0,-0.22,0.36
RTX,2013-06-03,44.8625950369684,45.14074467220365,44.320432720137006,44.89559555053711,6942023,13.330190523309874,13.848271906129908,14.333635779440193,15.739146925007278,17.745728808448533,1.01,9.0,-0.34,0.47
RTX,2013-06-04,44.749456589229425,44.98517826285918,44.1460083045861,44.447731018066406,5456149,13.65289287159109,14.004734258619134,14.348359887237457,15.794658130159716,17.776284578132433,1.0,10.0,-0.38,0.45
RTX,2013-06-05,44.28744956758625,44.32988044891191,43.7830055998217,43.84900665283203,6028348,14.043810587114102,14.17903757288255,14.525172759452198,15.704605660692184,17.58688963236056,1.0,19.0,-0.39,0.34
RTX,2013-06-06,43.80185274559482,43.91028465342755,43.29740604344542,43.72642135620117,7386308,13.764039960095525,14.182703697016802,14.535866773010135,15.477248880090045,17.567785130409458,0.99,20.0,-0.42,0.32
RTX,2013-06-07,44.18371844257146,44.60801854480021,43.26911720656649,44.55144500732422,7643090,14.74480206815473,14.68843101115217,14.773282636259461,15.612877003257394,17.631030966528723,0.99,29.0,-0.45,0.25
RTX,2013-06-10,44.59387777086475,44.702309681498626,44.292155063178264,44.38172912597656,5528926,14.415432142695678,14.6930838826435,14.793133454605048,15.585664146326225,17.24316458582221,0.99,34.0,-0.48,0.23
RTX,2013-06-11,43.995150562584435,44.61274158975564,43.7877170663125,44.16487121582031,4175256,14.474183842824386,14.724802618063745,14.796602517180347,15.598844003507098,17.104098571205643,0.98,35.0,-0.61,0.23
RTX,2013-06-12,44.59858746493235,44.71173453803709,43.59441219207176,43.693416595458984,4045435,14.811510663777991,14.84956915995013,14.847669751392218,15.607838182451847,17.143983227497838,0.98,36.0,-0.67,0.2
RTX,2013-06-13,43.75941612755834,44.532584909617654,43.46240578524892,44.45243835449219,6502506,15.525135726054447,15.24423023490792,15.049779262967572,15.723317992440391,17.1740876855087,0.97,46.0,-0.72,0.12
RTX,2013-06-14,44.47601612591915,44.716452959296745,44.150720410395216,44.32515335083008,3552051,15.453131890280531,15.2416757818919,15.039831968563172,15.68568949509827,17.172193672612348,0.96,46.0,-0.75,0.13
RTX,2013-06-17,44.77303960276871,45.18319432047063,44.63631945841251,44.77775192260742,4776852,15.155445553991703,15.195494097545245,15.08275548786907,15.59371685788162,17.154015474628174,0.95,52.0,-0.77,0.1
RTX,2013-06-18,44.7635936916506,45.456615954589225,44.7635936916506,45.3387565612793,4900635,15.500872625608158,15.194782110839819,15.131388848392202,15.642820820241047,17.17719606603955,0.95,53.0,-0.76,0.07
RTX,2013-06-19,45.28219762436619,45.4472031143498,44.400596618652344,44.400596618652344,5412770,16.731088771529503,15.714832603368597,15.454407198029866,15.855458629828808,17.314145573202712,0.94,54.0,-0.73,0.07
RTX,2013-06-20,43.95743444957162,44.065866373701205,43.46713320250528,43.53784942626953,5969873,17.615610065198446,16.235166002073544,15.784034132133517,16.04298905921831,17.4269271677401,0.93,56.0,-0.67,-0.01
RTX,2013-06-21,43.80656756629423,43.8678534264172,43.07111438335804,43.457698822021484,9104017,17.56570161246336,16.23948838018614,15.787486808557857,16.046540559398853,17.339541976199932,0.92,57.0,-0.61,-0.02
RTX,2013-06-24,43.028695197887984,43.59442790969989,42.571394422475166,43.13241195678711,6127661,17.58029182033985,16.206332202491243,15.789164981171485,16.078083080924774,17.344423978572866,0.92,58.0,-0.55,-0.02
RTX,2013-06-25,43.434120877842844,43.58026846262875,43.05696397666488,43.26911544799805,5059376,17.613231726095055,16.1842356512697,15.537465288911656,16.079569893119945,17.277710370282357,0.91,56.0,-0.64,0.07
RTX,2013-06-26,43.669860073867376,44.023444096493314,43.43885352225934,43.83486557006836,4046706,17.780701965747728,16.404997583482633,15.14503351079961,16.14150369552085,17.314973477075018,0.9,54.0,-0.59,-0.06
RTX,2013-06-27,44.018719570182576,44.12243630884717,43.707566496506026,44.084720611572266,7018613,17.819017408427936,16.43932105693528,15.155121640942307,16.150082473210905,17.199566707494466,0.89,55.0,-0.54,-0.06
RTX,2013-06-28,43.9480106692271,44.24030594293118,43.570853633684266,43.81600570678711,7280162,17.802916278587592,16.489062554621125,15.180932423960167,16.168984765785858,17.21240563711369,0.88,56.0,-0.49,-0.08
RTX,2013-07-01,43.990424516543456,44.89559825247067,43.990424516543456,44.664588928222656,6180416,17.430802420227824,16.903123165159272,15.46709646514605,16.219076323728775,17.29715539449495,0.87,58.0,-0.47,-0.14
RTX,2013-07-02,44.6504556844139,44.83903418122622,44.075295555660716,44.22144317626953,5872944,17.62791892497864,16.87771714063104,15.53103402077449,16.127552840062915,17.187312971575057,0.85,60.0,-0.42,-0.19
RTX,2013-07-03,44.10359157914545,44.83904503708928,43.90087036041264,44.65989685058594,2760093,17.87477236489112,16.921903030560596,15.600813886688195,16.159217159826078,16.771883475802163,0.85,62.0,-0.38,-0.22
RTX,2013-07-05,45.0228978260273,45.55562994010345,44.98518212639272,45.50848388671875,4220225,18.360877417943115,17.28375036011741,15.835677483301144,16.288393483412417,16.849148061094116,0.84,66.0,-0.38,-0.26
RTX,2013-07-08,45.7536464348742,46.093084951804066,45.63578413204584,45.720645904541016,4596977,18.244764966144977,17.256544669797417,15.838682430125536,16.29236486871146,16.83226116729343,0.84,67.0,-0.36,-0.26
RTX,2013-07-09,46.09307141708332,46.451370540631416,45.99406985515448,46.210933685302734,5369867,18.40522164043625,17.382877806142645,15.914838066888374,16.19760389694354,16.84918033353285,0.84,69.0,-0.28,-0.3
RTX,2013-07-10,46.20621000554764,46.24864087152745,45.90919965905344,46.10249328613281,4993909,18.24090416169623,16.695950996086005,15.922395681446519,16.153960960590307,16.749886063251765,0.84,70.0,-0.24,-0.31
RTX,2013-07-11,46.639938544885645,47.04066561903311,46.58808018411209,46.99823760986328,5937299,18.77963817683126,17.004630867403538,16.089912742495525,16.2692197061188,16.845613592837722,0.84,76.0,0.09,-0.32
RTX,2013-07-12,46.96053800367016,47.47441232697997,46.682385401322506,47.06425476074219,7513269,18.65420833093354,16.551866065238467,16.087885549215347,16.14069570405689,16.84154233001525,0.84,75.0,0.29,-0.32
RTX,2013-07-15,47.18209406949219,47.38009999004471,47.01237348429779,47.25752258300781,4597454,18.291110469294114,16.24597568338477,16.007139033134145,16.13817603169665,16.675597378641996,0.84,74.0,0.49,-0.27
RTX,2013-07-16,47.196241044547655,47.45553569228322,47.07366648400585,47.13966751098633,3660897,18.326183829089544,15.898405584407502,15.94583206701583,16.089067594923524,16.645785727849066,0.84,70.0,0.55,-0.23
RTX,2013-07-17,47.530977356476676,47.61583624634179,47.33768369389119,47.549835205078125,3997765,18.092651355394192,15.958343965674734,15.896772257876668,16.07446863580046,16.505983265682428,0.84,68.0,0.69,-0.21
RTX,2013-07-18,47.58754837425149,47.84212790329315,47.493261988273886,47.776126861572266,4295067,17.469787798579773,15.855082184374961,15.3985899902415,16.039872259898967,16.496406084659583,0.83,57.0,0.8,-0.27
RTX,2013-07-19,47.813851715762254,48.32301372903686,47.710134956714654,48.31358337402344,5198414,17.546238848197962,15.802405037707612,15.425405848230527,16.035395646898696,16.520863897620526,0.82,58.0,1.11,-0.28
RTX,2013-07-22,48.80859143516088,48.80859143516088,48.09671402010239,48.13914489746094,4806884,17.03225316621358,15.842181774483704,15.285882163362476,16.045372963661602,16.45561494413484,0.81,57.0,1.13,-0.23
RTX,2013-07-23,48.70014740625485,49.8127574335061,48.572860521183124,49.55817794799805,8563598,18.555202822652088,16.586378279339016,15.907602649094693,16.330319362263207,16.647907916054976,0.8,72.0,1.94,-0.04
RTX,2013-07-24,49.723183279690026,49.73732880786619,48.91701391167672,49.49689483642578,6645357,18.43814915658436,16.593998672959838,15.882973301547468,16.245491488749884,16.49492795853557,0.79,71.0,2.18,-0.03
RTX,2013-07-25,49.5393242200279,49.54403939648922,48.97830966697768,49.40260696411133,5306466,18.006090637146073,16.571490975836323,15.761534616050271,16.24459286136171,16.43542800179427,0.78,66.0,2.17,0.03
RTX,2013-07-26,49.209313315767496,49.529899592277275,49.02074054946991,49.48746871948242,4201475,17.57941577071744,16.53911009382469,15.454494529685267,15.981435815338887,16.312608012417552,0.76,61.0,2.02,0.13
RTX,2013-07-29,49.22817570604817,49.60061750565566,49.18574483180147,49.534610748291016,3684573,17.492386147005274,16.506217419709746,15.45400760748858,15.559606728538425,16.294540420910856,0.74,60.0,1.83,0.13
RTX,2013-07-30,49.737343253886564,49.97777729516012,49.48747885775656,49.77034378051758,4704235,17.38886292885359,16.3126714321554,15.437650638100791,15.35072983420313,16.295188510096875,0.72,60.0,1.64,0.14
RTX,2013-07-31,49.86463018298239,50.23235686871835,49.65719666833986,49.77034378051758,5016632,17.206893083197702,16.313907900170637,15.434322444630402,15.335144398161994,16.20863983692999,0.7,60.0,1.42,0.14
RTX,2013-08-01,50.17106164602726,50.84522901606815,50.17106164602726,50.52935791015625,4789246,15.961066543126822,16.52672464204944,15.540316361055185,15.342307627437195,16.247561412686963,0.69,69.0,1.34,0.09
RTX,2013-08-02,50.472788088185816,50.84993934961875,50.25120907873737,50.80751419067383,5219547,14.257613717102052,16.527307719865565,15.552575178849473,15.347247924017957,16.229303609723146,0.68,70.0,1.25,0.08
RTX,2013-08-05,50.60477200734818,50.6236327071007,50.251191040624086,50.27476119995117,4773992,14.839199462813832,16.73090710253523,15.666484776757983,15.106814814273276,16.27131311343257,0.66,72.0,1.02,0.02
RTX,2013-08-06,50.185199391330364,50.185199391330364,49.39316987649483,49.59589385986328,5281042,15.374793689907735,17.02156792851501,15.840780045352462,15.219592879185054,16.329633321858545,0.65,79.0,0.75,-0.06
RTX,2013-08-07,49.45447243529338,50.07206344353177,49.360180328703244,49.98720169067383,3764341,15.395448766138353,17.035688532259794,15.867671235460328,15.230001026465082,16.065108975304035,0.64,80.0,0.52,-0.08
RTX,2013-08-08,50.24177060682994,50.51992597553342,49.78918230780613,50.09562301635742,3337536,15.214282557562228,16.94705263129824,15.830406041844105,15.117225236540065,16.061528013196472,0.63,77.0,0.33,-0.05
RTX,2013-08-09,50.0013463672631,50.204064676847494,49.49218728954353,49.793907165527344,3030541,15.508325686153734,17.013937556534408,15.870225393898085,15.146203470084036,15.981038428998634,0.63,82.0,0.13,-0.08
RTX,2013-08-12,49.56289569871946,49.841045362300584,49.45917897188184,49.75618362426758,3569847,15.279002966677702,16.93309253166638,15.869172784036294,15.129679991920108,15.953780473887852,0.63,82.0,-0.05,-0.08
RTX,2013-08-13,49.88820285345393,50.62837135462982,49.66662382081359,50.350215911865234,4171920,14.796835236415685,16.502776715849077,15.834686773045725,15.07726138466966,15.972244034423097,0.62,78.0,-0.19,-0.07
RTX,2013-08-14,50.35731446395412,50.53262560194411,49.717658575871226,49.779258728027344,3411424,14.919707073172317,16.70628045147024,15.867194530583625,15.157291208350927,15.993507592241416,0.62,82.0,-0.34,-0.08
RTX,2013-08-15,49.25804473255379,49.357544689448574,48.65155567535607,48.798439025878906,4365460,16.321753806155503,17.25957524801446,16.146820444789856,15.371178526024043,16.119773628575185,0.62,100.0,-0.46,-0.09
RTX,2013-08-16,48.78424329057013,49.14434340886767,48.67052655676991,48.84109878540039,5273097,15.619233801327331,16.996646396181735,16.140799977964193,15.319019934214486,16.117463251029417,0.62,98.0,-0.57,-0.09
RTX,2013-08-19,48.72264116536585,49.00693586043571,48.580496689900656,48.62788009643555,3532188,15.722705238078657,16.930405228856124,16.16290327114658,15.333045065270648,16.105264718696468,0.62,100.0,-0.67,-0.1
RTX,2013-08-20,48.627879638056534,48.77476302720461,48.28199053864939,48.51890182495117,4706300,15.552559814044892,16.900404590430906,16.124411751194007,15.335517334356453,16.08476164992264,0.62,97.0,-0.76,-0.08
RTX,2013-08-21,48.42412894089519,48.55679555260285,47.95504539777592,48.187217712402344,4886175,15.706873736669035,16.889892767375073,16.140122484068822,15.35416825295436,15.991170212752303,0.62,97.0,-0.83,-0.09
RTX,2013-08-22,48.372010737419686,49.276999759253926,48.16353010236438,48.78423309326172,4295703,15.143975969578745,16.91570509321657,16.239478529605115,15.404503203209785,16.024037681762522,0.62,100.0,-0.91,-0.14
RTX,2013-08-23,48.80320760340178,49.1585746554058,48.63737424111303,48.70844650268555,4142364,15.165509929518112,16.855481643381324,16.24398768480093,15.408644308683906,15.986397715274968,0.63,100.0,-0.98,-0.15
RTX,2013-08-26,48.75580458756097,49.03062143423824,48.47151565551758,48.47151565551758,2633291,15.236515095839675,16.708375295807205,16.269867738042134,15.407458914376088,15.993092151491448,0.64,100.0,-1.04,-0.16
RTX,2013-08-27,47.95506092362357,48.244088809946156,47.23959670884818,47.35331344604492,4898410,16.755576069849358,17.449006802601737,16.692458782756965,15.683003906691498,16.16421108087425,0.65,100.0,-1.07,-0.15
RTX,2013-08-28,47.282247447303305,47.56180041181161,47.244341863231995,47.37227249145508,3809151,16.560792354726402,17.300662594612824,16.605481222676726,15.682874964240959,16.132896222774047,0.66,99.0,-1.09,-0.1
RTX,2013-08-29,47.25381845094199,47.80344653343217,47.1448406176243,47.59970474243164,3692042,16.561863259340058,17.045008582243813,16.579103207678187,15.688033283285627,16.12963767264111,0.67,98.0,-1.12,-0.08
RTX,2013-08-30,47.72763630877096,47.75606406060146,47.25381938308044,47.42913055419922,3960583,16.235507050128913,17.054030100467088,16.555024865040963,15.692775246210752,16.136080105863947,0.67,97.0,-1.15,-0.07
RTX,2013-09-03,47.90295375066648,48.864801603874284,47.89821770612162,48.642112731933594,7362632,17.847859468853816,17.388642161116273,16.985130506835418,15.909640496736452,16.3033750083791,0.67,100.0,-1.2,-0.08
RTX,2013-09-04,48.53785882555392,48.99746472017388,48.35780874910555,48.97377014160156,4080393,15.783643928367852,17.386992543874253,17.008114155150654,15.904283254410823,16.24337617237086,0.67,100.0,-1.25,-0.09
RTX,2013-09-05,48.912168573292604,49.33860773969447,48.727379608151,49.12538528442383,2657920,15.813406431270355,17.335671983494432,16.576802952803508,15.904501540465699,16.220602601483094,0.68,95.0,-1.3,-0.07
RTX,2013-09-06,49.33388222013125,49.46654890019824,48.414676059855836,48.91218185424805,3883675,15.85143117849551,17.18771617404088,16.53041798742236,15.613490969067762,16.104259128449133,0.67,93.0,-1.34,-0.04
RTX,2013-09-09,49.05905501227729,49.65606643587092,49.05905501227729,49.50444412231445,3486902,16.244632605672845,17.022051179896756,16.347052337271244,15.633637191434419,16.131906138988356,0.67,92.0,-1.37,-0.02
RTX,2013-09-10,49.86927602146931,50.418903957362346,49.750820387942774,50.34783172607422,4578068,16.965844186732827,17.270832392399488,16.344902836528235,15.741157967299602,16.126837203309965,0.67,91.0,-1.39,-0.04
RTX,2013-09-11,50.58948743660241,51.091732025146484,50.42364838271321,51.091732025146484,4959746,17.417061457162262,17.384754445804226,16.2661549448811,15.781275723734204,16.182125960438732,0.68,89.0,-1.38,-0.02
RTX,2013-09-12,51.07751527967955,51.707693345007264,51.00644304062406,51.091732025146484,5583746,17.417061457162262,17.25793607957727,16.26166228449916,15.77020364658718,16.14193125595868,0.68,88.0,-1.38,-0.01
RTX,2013-09-13,51.17703987475056,51.35708999633789,50.888006152688625,51.35708999633789,3526150,16.94119990545327,16.594791609297676,16.200758563432057,15.771308864754563,16.1463884424252,0.68,85.0,-1.37,0.02
RTX,2013-09-16,51.897214071383665,52.11990858814101,51.6697806401244,51.97776412963867,4480186,17.210124888304907,16.05731928443596,16.18155165533312,15.816918628098986,16.181407191773463,0.68,84.0,-1.32,0.02
RTX,2013-09-17,51.930401066717565,52.81644056625247,51.87827873092214,52.304718017578125,5341265,16.938514969994586,16.03989981577585,16.196248617877735,15.693257390479273,16.064812564992582,0.68,84.0,-1.26,0.01
RTX,2013-09-18,52.16731537074074,52.636393442869974,51.60347045437565,52.598487854003906,5909014,16.37403645212709,15.894182175751748,16.083799886185506,15.624475917292676,15.915133557081509,0.68,75.0,-1.21,0.07
RTX,2013-09-19,52.84012478811037,53.28551395715028,52.75484153354183,53.06755828857422,4917478,16.408584181590925,15.93508018153095,16.112829523428505,15.423282037206812,15.925543132144057,0.68,77.0,-1.12,0.05
RTX,2013-09-20,53.067541479057745,53.15756936519376,51.920902252197266,51.920902252197266,9150098,17.802992310014936,16.624080444115776,16.5322907916362,15.670620807903548,16.06536111956617,0.68,93.0,-1.14,0.03
RTX,2013-09-23,51.96830643929743,52.51793457242881,51.69348950066124,51.84511184692383,4919385,17.690405164998435,16.636017377905173,16.525100984764023,15.65625360132067,16.066792530458727,0.68,91.0,-1.17,0.03
RTX,2013-09-24,51.90670589270979,52.404211631578995,51.69348340333979,52.11992263793945,4004280,17.714676444422967,16.541757117313143,16.508499146383453,15.644420676730796,16.033136944705802,0.69,90.0,-1.19,0.04
RTX,2013-09-25,52.05358564184385,52.54161351480753,51.755079921874646,51.769290924072266,3905762,17.59350369810716,16.303038841709725,16.43656507123993,15.590983029999721,16.049801263900076,0.69,89.0,-1.21,0.07
RTX,2013-09-26,51.9635668886926,52.299978247338856,51.698227785971795,51.95882797241211,4095330,17.213608813223217,16.097114426020084,16.43516467567023,15.544641173857645,16.01845517739629,0.69,88.0,-1.23,0.08
RTX,2013-09-27,51.64135832979207,51.916169446702355,51.314424892016355,51.81666946411133,2934565,16.044791151466708,16.064272198271578,16.445782565087338,15.547482580434485,15.93037338794435,0.7,89.0,-1.25,0.07
RTX,2013-09-30,51.57977823822923,51.650850494682025,50.935383269697496,51.087005615234375,5296137,16.71596423371198,16.05388571976105,16.624322491530666,15.65722165877936,16.00029633095557,0.7,97.0,-1.26,-0.01
RTX,2013-10-01,51.21018952653141,51.39971741892424,50.39048354598484,50.878517150878906,7937532,16.707443035575263,16.09043413398497,16.642096681015907,15.655066699913684,16.00540762787517,0.7,97.0,-1.28,-0.02
RTX,2013-10-02,50.575272884341956,50.58475071506425,49.5376112561659,49.741355895996094,8905551,18.08967379952593,16.73741983335748,17.05898457505074,15.909139589215565,16.182317754588443,0.72,100.0,-1.28,-0.05
RTX,2013-10-03,49.67028673453732,49.74135898108295,48.67526953875824,49.130130767822266,6776767,18.361297964915103,16.95326731487429,17.179381128267842,15.975659946898318,16.239489630551677,0.73,100.0,-1.26,-0.11
RTX,2013-10-04,49.168030270215304,49.57077486556213,48.94533572680028,49.40494155883789,3355174,18.09117083102663,16.553872819234122,17.130943778096707,15.95241655707753,16.24521791425227,0.73,99.0,-1.26,-0.08
RTX,2013-10-07,49.01168298008436,49.63238330745302,48.803199402914274,49.29123306274414,3438755,18.099587264796735,16.565843571299148,17.12984022869827,15.945483477626974,16.248769670671148,0.73,98.0,-1.24,-0.08
RTX,2013-10-08,49.28176009204023,49.50445469461807,48.675276452431895,48.68948745727539,3496595,18.411704159596937,16.764283979539545,17.21535753011314,16.01296623462563,16.303950205961208,0.74,100.0,-1.22,-0.12
RTX,2013-10-09,48.80319763735761,48.987986628538906,48.428880739305725,48.727386474609375,5638725,17.011652444360745,16.752729279648584,16.855732574113667,15.997849082232458,16.303377424300407,0.74,93.0,-1.2,-0.05
RTX,2013-10-10,49.4523445055504,50.186767578125,49.26756118821174,50.186767578125,5433586,18.91502176821043,17.70173015782061,17.466145756090654,16.31952853888177,16.545103065450924,0.75,100.0,-1.2,0.03
RTX,2013-10-11,50.0730289370849,50.71267912479311,49.92614553550362,50.70320129394531,5087342,19.052159031960763,17.788248105268316,17.52501796627555,16.323386103203326,16.503576650122454,0.76,100.0,-1.21,-0.01
RTX,2013-10-14,50.238870009340246,50.731642615654266,50.073036664611024,50.651092529296875,3869692,19.000010200533712,17.664931010341995,17.37575884299161,16.324882074760687,16.40097094550387,0.77,98.0,-1.2,0.06
RTX,2013-10-15,50.61318519923582,50.65582969902191,50.11567369391897,50.12989044189453,4306508,18.021225819265176,17.789906237087205,17.4119083822774,16.379652420818836,16.442981171407965,0.78,98.0,-1.17,0.04
RTX,2013-10-16,50.466299900009076,50.76480564325071,50.21043865496487,50.42839431762695,5158212,17.998964152326966,16.81935675896076,17.40376544152524,16.359447058436928,16.44714854307928,0.78,97.0,-1.14,0.05
RTX,2013-10-17,50.21517519187298,51.24809795474646,50.21517519187298,51.181758880615234,3288436,18.43505021650664,17.077339005237572,17.486041600840345,16.292505403910624,16.501307549554202,0.78,99.0,-1.12,0.01
RTX,2013-10-18,51.21019914332782,51.380771406443344,50.72690436300282,51.04909896850586,4303330,18.394751563432177,17.082165799443885,17.421622855519853,16.03921780895811,16.413661812960193,0.78,97.0,-1.08,0.04
RTX,2013-10-21,51.124896102763394,51.14384601828848,50.67476811540593,50.99222946166992,4700262,18.128524176053286,17.08373710181785,17.384063067666087,16.032681815497483,16.380690719772435,0.77,94.0,-1.05,0.07
RTX,2013-10-22,50.99224040345615,51.43762382732748,49.78400065304841,50.286251068115234,9267366,17.979718635857882,17.33765780732423,17.440847225684177,16.123740725473027,16.434775707105633,0.77,97.0,-1.0,0.05
RTX,2013-10-23,50.31942072595672,50.660570996139384,50.063559459354934,50.40944290161133,5401011,17.45215540506535,17.31857138529082,17.438162375826614,16.124570407515666,16.346006510654163,0.76,96.0,-0.94,0.05
RTX,2013-10-24,50.864307595413585,50.93064093109345,50.324157333839636,50.72690200805664,4218318,17.56067320226018,17.36301125574366,17.363898987763967,16.123684753644856,16.34994511196924,0.75,90.0,-0.88,0.09
RTX,2013-10-25,50.655826830317864,50.94959365205161,50.47577675352688,50.944854736328125,4341943,17.538621452696805,17.108048328831195,17.204921660794366,16.128107336201143,16.313981440986215,0.74,88.0,-0.81,0.17
RTX,2013-10-28,50.74111188335628,50.81218987759309,50.1820117143692,50.21991729736328,5218594,17.597495215766692,17.324054571269322,17.37484274938747,16.21331167262989,16.36284811972014,0.73,90.0,-0.74,0.09
RTX,2013-10-29,50.23411334628572,50.43785794827714,50.11092454633342,50.423641204833984,3569689,17.527752076652163,17.209506393385134,17.157690161212823,16.21311980970779,16.33911732084061,0.73,85.0,-0.65,0.18
RTX,2013-10-30,50.50419905773697,50.80744367821808,50.07302670307767,50.20095443725586,3227895,17.429281365093228,17.000325294906673,17.16253211377386,16.225878542051866,16.316216144999665,0.72,85.0,-0.55,0.18
RTX,2013-10-31,50.17726057695054,50.81217750142141,50.096710514689896,50.34309387207031,4709478,17.201259931826247,16.93467826162095,17.1360883721317,16.226783651410884,16.315913018193697,0.71,83.0,-0.44,0.2
RTX,2013-11-01,50.4378646689584,51.04434815298604,50.418909008508415,50.94010925292969,3989979,16.537477749287934,17.098421101055376,17.106171909531266,16.224026661358515,16.31806969428737,0.7,80.0,-0.35,0.21
RTX,2013-11-04,51.31916487160286,51.38075927960751,50.92589235980219,51.162803649902344,3644689,16.598233374036923,17.06708484896945,16.926841474943647,16.227758068122107,16.260918897872315,0.69,76.0,-0.23,0.3
RTX,2013-11-05,50.97802734214247,51.29548303534286,50.56106589543521,51.02067184448242,3638174,16.520818196544226,17.078250247798714,16.92629676559192,16.18598935013425,16.262353131978852,0.69,75.0,-0.1,0.3
RTX,2013-11-06,51.281272057056775,51.63663333650441,51.21967188958249,51.489749908447266,5005827,16.65795541399077,17.009401565552594,16.913790185350496,16.1754043312272,16.08914418056477,0.68,74.0,0.03,0.31
RTX,2013-11-07,51.541867916082005,51.774034585230076,50.74111175927271,50.82640075683594,4029704,17.01810969931951,17.058548905566646,16.97212554106243,16.209131639143596,15.863176040590183,0.67,76.0,0.17,0.28
RTX,2013-11-08,50.70318911092363,51.451822685219184,50.59895022906419,51.4328727722168,4688980,17.390696347084294,16.68620926251389,16.683111894717737,15.990625518182044,15.754990503700261,0.66,70.0,0.33,0.32
RTX,2013-11-11,51.42814929173194,51.45657704183607,51.06804339523205,51.2101936340332,3829013,16.93336276165085,16.72040489190577,16.36463284760371,15.97445509531498,15.755462701845662,0.66,56.0,0.46,0.41
RTX,2013-11-12,51.12016759220413,51.15807317510843,50.76954525844481,50.91168975830078,4773992,16.97854412745575,16.742513323740916,16.398519564422532,15.906829916259927,15.717983946327276,0.66,56.0,0.59,0.38
RTX,2013-11-13,50.76400426636336,51.23567804954734,50.51149536449547,51.19756317138672,4445386,15.626439900660172,16.7594639918023,16.345399592134093,15.91540225477443,15.723346414977978,0.66,53.0,0.61,0.42
RTX,2013-11-14,51.69304053765429,51.916964680361076,51.2070773816554,51.783565521240234,4069429,15.38032199210297,16.815756241266676,16.41584548388287,15.947708220301521,15.545356386194356,0.65,56.0,0.57,0.37
RTX,2013-11-15,51.845503304983765,51.93126321319845,51.54534940208827,51.735923767089844,4726322,15.355198993638014,16.660174567645438,16.322651887998145,15.88253810223339,15.547057951652029,0.64,50.0,0.59,0.43
RTX,2013-11-18,51.74067054294263,52.36479775760383,51.74067054294263,51.99317932128906,3837753,15.341633575150462,16.671350319549237,16.318512033926503,15.713627384460557,15.545872388364455,0.63,49.0,0.6,0.43
RTX,2013-11-19,51.89313916283622,52.16470253106326,51.8359639755193,51.9788932800293,2983665,14.769282271726535,16.627657876255704,16.274060419850052,15.71433465440735,15.464116433614725,0.62,48.0,0.43,0.47
RTX,2013-11-20,52.07417815385809,52.25045722682919,51.74067455122296,51.85025405883789,3559201,14.826160666123004,15.845816339987662,16.043687671891018,15.704174232160645,15.469211146561628,0.61,30.0,0.41,0.58
RTX,2013-11-21,51.98841934656501,52.33621819577771,51.92648485971587,52.29810333251953,3120955,12.523042744105156,15.910223266407828,15.976659019471686,15.726010348852956,15.470522498313766,0.6,28.0,0.09,0.62
RTX,2013-11-22,52.28382400678406,52.5649233748184,52.04084528946531,52.50298309326172,3920540,12.265481721748976,15.903826907460628,15.926852761324945,15.700782163120074,15.399661030551396,0.6,26.0,-0.23,0.67
RTX,2013-11-25,52.860296870590915,52.879351414562784,52.45056352872356,52.55537796020508,3424454,12.248077553768818,15.867212183443769,15.686261613282163,15.699854924789594,15.399627015886846,0.6,11.0,-0.36,0.8
RTX,2013-11-26,52.60302478449242,53.122331879719006,52.52679505428665,52.855533599853516,4490355,11.8052082012242,15.116252516723428,15.692575034659884,15.708256113597189,15.405467079102287,0.6,12.0,-0.49,0.8
RTX,2013-11-27,52.99370274586068,53.31291116085971,52.92223808913172,53.12710189819336,2813325,11.78259125923153,15.094576105459643,15.634278911796157,15.711864924341471,15.371867771961266,0.61,10.0,-0.55,0.85
RTX,2013-11-29,53.027049838440945,53.17474422495382,52.74119122605602,52.817420959472656,2067289,11.300321161437722,15.161688859488901,15.66541743511948,15.729503954331738,15.387841655250472,0.61,11.0,-0.7,0.82
RTX,2013-12-02,52.96511130207242,53.07469081351053,52.46008791278225,52.55537796020508,3323076,11.387650096635262,15.171997214175938,15.431666979002943,15.72664355937665,15.398046876349673,0.62,4.0,-0.71,0.94
RTX,2013-12-03,52.369562561293144,52.66018619762512,52.05511352798064,52.25998306274414,5234484,11.534030239290386,15.064669894698671,15.468769090142565,15.743399121903579,15.405054753559897,0.62,9.0,-0.73,0.91
RTX,2013-12-04,52.093236549849365,52.19805676128049,51.4500546959627,51.90266799926758,3989979,10.912453943125541,14.771458557984584,15.511515742046763,15.767605665794521,15.424108400635502,0.63,10.0,-0.73,0.87
RTX,2013-12-05,51.49770347164449,52.20759080298882,51.49770347164449,51.955081939697266,3216136,10.904467867018498,14.474451591884058,15.501737006505422,15.703727321723079,15.424126018455498,0.63,10.0,-0.76,0.88
RTX,2013-12-06,52.522030251890804,52.979402859689195,52.44103544113706,52.941287994384766,3903379,11.98175365602965,14.963686672086707,15.711954435118761,15.786455698069272,15.50904382026703,0.64,19.0,-0.76,0.78
RTX,2013-12-09,52.907965555228145,53.14618503047056,52.74598162585239,52.969905853271484,4453967,11.953128790200001,14.933110180362034,15.701105641650804,15.745899179407857,15.50924832220654,0.63,18.0,-0.75,0.79
RTX,2013-12-10,52.72689743681327,53.1747456890028,52.45056897746106,52.87459182739258,4464454,11.046508904379575,14.746008199506452,15.622460089939269,15.746358207405594,15.512055819312783,0.63,12.0,-0.72,0.86
RTX,2013-12-11,52.922226790282686,52.979396193118156,51.76449151225158,51.769256591796875,5491425,12.847648344542062,15.3284612482776,15.994228889448861,15.96344973154012,15.673557046849398,0.62,31.0,-0.68,0.75
RTX,2013-12-12,51.69303916609762,51.897908756003766,51.149906606559306,51.49769973754883,5803187,12.879769247021244,15.315360617777326,15.362490777477555,15.953027138966794,15.682968455339447,0.63,1.0,-0.66,0.65
RTX,2013-12-13,50.578187410202155,51.402419361490246,50.45431840655595,51.145145416259766,7181644,13.055833715720603,15.249862869605149,15.403583159651966,15.961731928352648,15.67781653240051,0.63,2.0,-0.63,0.61
RTX,2013-12-16,51.36428363927957,51.988410812774084,51.216589290379645,51.70731735229492,5206676,12.993778368260328,14.77289933931808,15.490760403154551,16.005863734702288,15.695669998696307,0.64,9.0,-0.61,0.55
RTX,2013-12-17,51.92648904002657,51.99318861213439,51.15943240907685,51.27377700805664,5484751,13.190105516230641,14.86943535626678,15.553211396276028,16.043383893781773,15.725318154810752,0.63,13.0,-0.57,0.49
RTX,2013-12-18,51.45482816356121,52.33622951313109,50.95456975313831,52.317169189453125,5904406,14.379186900673641,15.405105228233493,15.867236791553033,16.20348438892098,15.616962254636594,0.63,25.0,-0.57,0.38
RTX,2013-12-19,52.23141583243309,52.40292986879137,52.02178114815548,52.16947555541992,4651639,14.195177563554804,15.351887027558217,15.861747497986606,16.190908805391416,15.599125675276394,0.62,23.0,-0.56,0.39
RTX,2013-12-20,52.03606801097534,52.946053937107095,51.96460335934711,52.722129821777344,7338002,13.898045712466493,15.48365887256707,15.941793315302327,16.182685162885416,15.627065652477745,0.62,29.0,-0.56,0.33
RTX,2013-12-23,53.08421562545638,53.10803524698513,52.67924162849022,52.7983512878418,3126358,13.527987367130438,15.4729728418733,15.770756712796826,16.162227936577533,15.601942892393394,0.62,18.0,-0.59,0.43
RTX,2013-12-24,52.7888390695498,53.16998198111103,52.731663878509714,53.10804748535156,1188413,13.509101250331895,15.213899818503803,15.773783720336265,16.152871580056242,15.60089331491194,0.61,18.0,-0.62,0.42
RTX,2013-12-26,53.17474886487882,53.72264651171006,53.15092923705327,53.68929672241211,3892097,13.619258667434044,15.323918994377761,15.760711534909577,16.181341142828824,15.627606639986993,0.61,16.0,-0.61,0.43
RTX,2013-12-27,53.7655302923641,53.85605528108936,53.57019084754253,53.7417106628418,2532707,13.57215538594505,14.520287454953534,15.594168055858374,16.178929634158674,15.626570362541772,0.61,9.0,-0.58,0.54
RTX,2013-12-30,53.78934399174048,53.78934399174048,53.40820108212454,53.70835494995117,2566076,13.264099009810366,14.245499557059278,15.554549311239402,15.927519422040145,15.536378948382879,0.62,9.0,-0.58,0.57
RTX,2013-12-31,53.91322827562864,54.28484686559997,53.87511340035322,54.21814727783203,3341985,13.457887499495937,14.314881219513028,15.6146294472326,15.91903135945123,15.4997526914384,0.62,11.0,-0.55,0.52
RTX,2014-01-02,53.78933155759888,53.937025917095475,53.508238076952026,53.593997955322266,4210056,13.940021321378604,14.545840051625197,15.700808534236934,15.833047123057323,15.386920192852022,0.62,17.0,-0.55,0.47
RTX,2014-01-03,53.81318163986246,54.07998578040444,53.708367171470805,53.78935623168945,3678376,13.954791943600142,14.269731155365317,15.70567516030719,15.731218123176072,15.386848663867472,0.62,19.0,-0.54,0.47
RTX,2014-01-06,54.018028181359476,54.237187211167964,53.436780821941724,53.736934661865234,4698355,13.92769410154665,14.278880153513576,15.606879815286772,15.605398463552028,15.373840557840627,0.63,11.0,-0.57,0.53
RTX,2014-01-07,53.894162058715565,54.29913035490185,53.78934184250783,54.07997131347656,3972977,13.839099492519887,13.086779661993969,15.51210892488247,15.612918821578154,15.370403661890094,0.63,8.0,-0.55,0.6
RTX,2014-01-08,53.80841015148882,54.28484317208725,53.62736595021277,54.14667892456055,4991685,13.813876079590754,12.95191993890591,15.151853987787456,15.575378317573637,15.31150310261889,0.64,1.0,-0.5,0.73
RTX,2014-01-09,54.3467764865652,54.4230062302635,53.860813314452436,54.175262451171875,3373765,13.81463577596852,12.944948049582445,15.152050184319021,15.522161128792142,15.274727337692998,0.65,2.0,-0.46,0.73
RTX,2014-01-10,54.432537845606824,54.65169692062734,53.83699512300797,54.2324333190918,3572390,13.743223929617244,12.722642996146217,15.127183180227643,15.522179081143205,15.270242597882719,0.66,1.0,-0.4,0.76
RTX,2014-01-13,53.96086973718567,54.48018271244741,53.65595075519216,53.7417106628418,5179346,13.975193651246576,12.86123112201285,15.20443732046104,15.508269147848324,15.304671240735171,0.67,4.0,-0.36,0.69
RTX,2014-01-14,53.67978682356903,54.03235094843193,53.41775349101132,53.66073226928711,5451065,13.863267437525383,12.546172253145258,15.157480032246488,15.504873414892117,15.29497194378657,0.68,4.0,-0.31,0.73
RTX,2014-01-15,53.63212091733541,54.446822557369146,53.62259075699813,54.34676742553711,3609890,14.196369426977503,12.75989227173184,15.164969767622432,15.553167578879112,15.338278464378915,0.69,5.0,-0.25,0.73
RTX,2014-01-16,54.25625192132754,54.49923059547669,54.11808769045557,54.418235778808594,4215776,14.051217351230441,12.752054424894139,15.15912078154949,15.546031061088714,15.32738411838787,0.7,5.0,-0.2,0.74
RTX,2014-01-17,54.16571032335484,54.53732872921725,54.14665578308533,54.41345977783203,6807753,13.842921146424606,12.365041107442137,15.130031881642367,15.528777282788312,15.304599106641351,0.71,2.0,-0.14,0.76
RTX,2014-01-21,54.71362674161783,55.25676507746201,54.5325825549549,54.785091400146484,7527411,13.92407603078344,12.41427371323001,14.636434688774576,15.460699214665386,15.306226819552094,0.73,1.0,-0.2,0.79
RTX,2014-01-22,55.97616393461507,56.31443260297843,55.004243645855254,55.32345199584961,8013009,13.190934241130467,12.493660306121305,14.694788484488285,15.490015504429644,15.322904089584188,0.75,2.0,-0.26,0.73
RTX,2014-01-23,54.82796000263135,55.22816893858655,54.546866507377615,54.71361541748047,6493290,13.682990859943589,12.73908246233362,14.821269927090036,15.555456943520934,15.361608310247417,0.76,3.0,-0.38,0.64
RTX,2014-01-24,54.322942804129696,54.480167331815046,53.25096736456865,53.265262603759766,8135362,15.886093743487478,13.616585762645874,15.46522915122244,15.896817730755993,15.590403255710584,0.77,15.0,-0.59,0.77
RTX,2014-01-27,53.3033665574484,54.69931515031191,53.15567221944878,54.21335220336914,12179685,15.31747276735371,14.026234841079887,15.208504381872162,16.014173844492074,15.654819437173964,0.77,12.0,-0.63,0.7
RTX,2014-01-28,54.118096713111,54.28008059759827,53.832232266866455,54.24673080444336,5819077,15.185003265862132,13.977712679873916,15.181051506269677,16.007012595901152,15.654604382801802,0.77,11.0,-0.65,0.72
RTX,2014-01-29,53.865563013602745,54.33723658399112,53.565414981338414,53.96561813354492,6167227,15.11015727959633,14.036648418358244,15.209278415854463,16.01643414509631,15.666300329636803,0.78,14.0,-0.66,0.69
RTX,2014-01-30,54.30388835576683,54.9184912937592,54.14666958693945,54.63739776611328,5101961,15.191396232877876,14.055978572733748,15.29265857609768,16.03536084652894,15.684587926750929,0.78,15.0,-0.7,0.64
RTX,2014-01-31,53.82745519840645,54.75650144612987,53.536831511451524,54.32294845581055,5532898,15.054803051588506,14.11093665013289,15.229863149777719,16.051056979830385,15.590731612384367,0.79,15.0,-0.71,0.67
RTX,2014-02-03,54.36582543981568,54.66597927086867,52.46008802179839,52.48391342163086,8361636,17.438126340146358,15.856770835220368,16.0197775823261,16.56631758073716,15.799633315339126,0.79,49.0,-0.67,1.35
RTX,2014-02-04,51.63110017928294,52.417217129942784,51.216601730691025,51.9788932800293,15508004,17.649594073125293,15.885791638981248,15.934275304830543,16.40879899093489,15.829306824290812,0.79,46.0,-0.65,1.37
RTX,2014-02-05,51.59775460923364,51.87884816095689,50.97839231379855,51.41194534301758,10907691,17.621442486322376,15.820380547019608,16.03210170129725,16.465196767484834,15.868546037088413,0.79,51.0,-0.64,1.25
RTX,2014-02-06,51.502472601114434,52.169480031528174,51.502472601114434,52.145660400390625,5907425,18.14301166817587,15.900003682663153,16.168095743729157,16.540041827302083,15.924398558564254,0.79,55.0,-0.63,1.17
RTX,2014-02-07,52.42198186431478,52.965120208737844,52.402927317138676,52.75548553466797,6328193,18.39193103881754,16.040124561123278,16.160998514532523,16.504571993120905,15.950865874817467,0.79,55.0,-0.63,1.17
RTX,2014-02-10,52.68879241017776,53.208105414427536,52.564923398720424,53.16999053955078,6505366,18.25224556614807,16.0539805583678,16.17787914476213,16.492055237302136,15.965723937400348,0.79,57.0,-0.65,1.16
RTX,2014-02-11,53.2414364976108,53.932269083958495,53.06992250886771,53.81792449951172,5345396,18.60317790221683,16.19335643689833,16.266363143766892,16.531142083486063,15.992187821655449,0.79,57.0,-0.69,1.1
RTX,2014-02-12,53.894550990316716,54.05260102531433,53.62634610193477,54.014286041259766,4777011,18.630880331578904,16.05510550390335,16.21665295363713,16.50158412980888,15.9913236582687,0.79,56.0,-0.72,1.13
RTX,2014-02-13,53.72692460125777,54.39743389462827,53.49224460672406,54.263328552246094,4005710,18.47389033992939,16.071118735007452,15.841595082165883,16.465045616938216,15.99531372247402,0.79,43.0,-0.76,1.34
RTX,2014-02-14,54.24418915888941,54.66564827997219,53.81793413167871,54.536338806152344,5508427,18.19190913916927,16.071770151739994,15.855178286703564,16.446139943543773,15.999939569573801,0.79,44.0,-0.8,1.34
RTX,2014-02-18,54.598583212314836,54.65126849079577,54.10049424385931,54.474063873291016,3802159,18.174849098909124,16.075222829699758,15.838674572879007,16.384681612970443,15.962868716921522,0.79,43.0,-0.84,1.34
RTX,2014-02-19,54.33040774225654,55.21164692018598,54.316037440197086,54.617767333984375,6667762,18.180853048805307,16.06508976850095,15.800221074758895,16.38327127700191,15.962862587656709,0.79,43.0,-0.88,1.4
RTX,2014-02-20,54.77100259012192,55.26909154996292,54.34474768958141,55.10146713256836,4920815,18.262850023141976,16.069608931583936,15.847344976834254,16.354981253161398,15.947262595644208,0.79,46.0,-0.9,1.36
RTX,2014-02-21,55.21642982557278,55.59478386249222,54.94343476529596,55.25952911376953,5815740,18.273698016632952,16.062589553913405,15.842367126637031,16.26156263719474,15.920268653611638,0.79,46.0,-0.91,1.38
RTX,2014-02-24,55.44632935376558,56.31320416313327,55.22122942553705,55.79116439819336,5293754,18.45445146882075,16.161765121125974,15.724917381696768,16.28370467195496,15.905384412462734,0.79,40.0,-0.87,1.51
RTX,2014-02-25,55.580425621032546,55.877365408843254,55.34574552867165,55.5037956237793,4082936,18.540072795586067,16.180117800273056,15.734486545423557,16.17035580810275,15.722214806148916,0.78,41.0,-0.86,1.5
RTX,2014-02-26,55.50378515805121,55.93482445668757,55.36968559123495,55.60914993286133,4690092,18.304174973006365,16.156897787057293,15.278143708222375,16.1594234710026,15.700896886215201,0.78,16.0,-0.83,1.75
RTX,2014-02-27,55.6187314146955,55.858195761843376,55.3888414609828,55.8486213684082,3411742,18.308562048274123,16.113398833619396,15.132212815947794,16.146769379738682,15.640168455379108,0.78,6.0,-0.82,1.93
RTX,2014-02-28,55.99708208816865,56.47122641136539,55.65224721394347,56.04497146606445,5199526,18.003718095962615,16.0743872448749,15.120823033100084,16.085125426025463,15.641483778974461,0.78,4.0,-0.79,1.94
RTX,2014-03-03,55.364887723629536,56.08328645389602,55.29304785060289,55.92045211791992,4966578,18.027982352624562,16.028713946293898,15.12034841268332,15.979765301358166,15.634410425793257,0.78,4.0,-0.79,1.94
RTX,2014-03-04,56.41852965763965,56.595734254659625,56.1072255398866,56.317955017089844,5111972,18.11317390025929,15.986549597468258,14.990732452911077,15.986822251443789,15.597057521015575,0.77,4.0,-0.87,2.12
RTX,2014-03-05,56.59096330060742,56.71548265458459,56.19344313041031,56.23175811767578,3952479,18.047865994143443,15.997413311775615,14.99787194200537,15.955743855697744,15.472120123431829,0.78,5.0,-0.99,2.11
RTX,2014-03-06,56.55265878114099,56.61012836958631,56.159928637431,56.39939880371094,2839384,17.862783140108,15.58195642748445,14.309098354462527,15.90152821531728,15.473164661756893,0.78,1.0,-0.97,2.09
RTX,2014-03-07,56.62928257397753,56.70591255430837,56.322762652654134,56.66280746459961,4628598,17.544646988083237,15.599008567454952,14.246352853766254,15.687097914201594,15.465968567100195,0.78,1.0,-0.92,2.15
RTX,2014-03-10,56.61012953351872,56.70591992447296,55.98751521704429,56.40419006347656,3931663,15.528742655828323,15.631538742275492,14.271011670291703,15.503785352054411,15.47372278308033,0.78,2.0,-0.92,2.1
RTX,2014-03-11,56.41375340810704,56.42812370579013,55.31699487039079,55.3840446472168,5323786,15.849798686202893,15.467381440833506,14.48569857452392,15.67332067374342,15.572587147212854,0.78,4.0,-0.95,1.95
RTX,2014-03-12,55.27390200916948,55.47505719032047,54.842862657508725,55.465476989746094,5059694,15.851277688514829,15.410121584728822,14.464260443077158,15.63782633982643,15.571927934216834,0.78,4.0,-0.97,1.97
RTX,2014-03-13,55.5660689601505,55.795959008345996,53.794009999465565,54.0670051574707,9417050,17.521532696914864,16.279869669579707,14.89156556626147,15.957630956600777,15.794864583148366,0.77,9.0,-0.96,1.85
RTX,2014-03-14,54.13881302026466,54.77100737543582,53.841873335353654,53.928077697753906,6695728,17.140454414656165,16.16016895496405,14.891445338602633,15.902417739699459,15.795448473298743,0.75,9.0,-0.93,1.85
RTX,2014-03-17,54.20108433925281,55.020063698186526,54.14360894579017,54.79496383666992,6345830,17.69962021861385,16.343300598273782,15.08794768538268,15.989727122130162,15.865351190625837,0.74,13.0,-0.93,1.73
RTX,2014-03-18,54.93863512139239,55.216420233475155,54.761430480781094,54.92427062988281,4059736,14.31515276040444,15.857615860247515,14.9055575081993,15.96651236668221,15.853075968604143,0.72,11.0,-0.94,1.97
RTX,2014-03-19,54.90511959348342,55.125429358544814,54.04303512724315,54.603389739990234,4723144,14.097447155622831,15.899447215570953,14.941641953423346,15.845154690258614,15.86517291911463,0.71,12.0,-0.93,1.89
RTX,2014-03-20,54.61295899560678,54.8380588156048,54.11965427000973,54.488433837890625,4600950,13.63512279861634,15.778033689919289,14.922660005019337,15.794928348780271,15.865566518762101,0.69,12.0,-0.91,1.89
RTX,2014-03-21,55.80551004983945,56.322759484890355,54.794955869926326,54.871585845947266,16434074,13.228661224205155,15.832605311333644,14.945460661875371,15.77635451373304,15.832702680751382,0.68,14.0,-0.9,1.87
RTX,2014-03-24,55.06315628934791,55.173311145109764,54.086127077958984,54.478851318359375,4965466,13.124851867834156,15.874757470936512,14.804335418773407,15.665778993777884,15.81091823731858,0.66,8.0,-0.9,2.02
RTX,2014-03-25,54.77579499999387,55.19246391489092,54.49800991721556,55.173309326171875,5487294,13.413131807180998,15.92900368383484,14.915065634450354,15.720695183777966,15.82694080458279,0.65,13.0,-0.91,1.93
RTX,2014-03-26,55.484621021288355,55.69535636289292,54.87637710571289,54.87637710571289,5502071,13.136108625632087,15.973563687824438,14.924677352676344,15.697149739573057,15.83758518519922,0.63,15.0,-0.95,1.92
RTX,2014-03-27,54.737497168660475,54.933862267838315,54.263352676376016,54.50282287597656,3818685,13.278661710283735,16.040208081521126,14.971445557386579,15.71936785586211,15.856015399322413,0.61,18.0,-0.97,1.82
RTX,2014-03-28,54.69438070038164,55.28826010598821,54.65606571272377,54.98653030395508,3904332,13.453446454541096,16.025710460770306,14.923498094353564,15.59642725210055,15.856119660070005,0.6,15.0,-0.96,1.86
RTX,2014-03-31,55.307423487633436,56.0162479688786,55.211638906354594,55.958778381347656,5728981,14.285954434961015,16.218264131628974,15.148914509841871,15.720348547431415,15.929912177567562,0.58,28.0,-0.96,1.72
RTX,2014-04-01,56.07849304968289,56.514328167361775,55.93002321335433,56.47601318359375,5250056,14.473368100016963,16.30086967265716,15.19421826334375,15.746252975456867,15.951015618009167,0.56,35.0,-0.95,1.71
RTX,2014-04-02,57.28542127299598,57.53446580412358,56.87353658333426,57.40994644165039,11874915,15.126930081569324,16.605630479198656,15.335955686174835,15.845793246943476,16.024508844240096,0.55,42.0,-0.81,1.62
RTX,2014-04-03,57.46741004775374,57.47220014676327,57.05073530191143,57.36204528808594,5998952,14.988230380647098,16.573711712793163,15.172992639315725,15.82176064622702,16.02494420742798,0.53,34.0,-0.74,1.82
RTX,2014-04-04,57.58714579350791,57.706880851636996,56.50475178364069,56.60053634643555,5879300,15.57149746791886,16.832244129914383,15.25044885974138,15.906951251233398,16.076187392799383,0.51,41.0,-0.75,1.67
RTX,2014-04-07,56.131184321377866,56.83042849514957,55.60914478913129,55.642669677734375,5551648,16.169872040404588,17.223394670493107,15.494889434330306,16.001789669139075,16.143563809080742,0.5,51.0,-0.75,1.46
RTX,2014-04-08,55.470254817426024,55.724089433211674,55.04878995340516,55.44630432128906,3881768,16.13229443505153,17.242136935173487,15.473874129672408,16.001475827364164,16.13469686556476,0.5,50.0,-0.77,1.49
RTX,2014-04-09,55.58999362429276,56.068928098943175,55.36489378252712,56.05455780029297,4055605,16.43475238186069,17.260693633604678,15.538174198204787,15.69128343296105,16.15148380400247,0.49,56.0,-0.8,1.44
RTX,2014-04-10,56.04018698196403,56.23176193128391,54.833273510520584,54.866798400878906,4887128,17.53933636665807,17.84203298850452,15.84465613523103,15.906267296185234,16.29430264389267,0.48,80.0,-0.76,1.24
RTX,2014-04-11,54.670432059349004,55.178107114587824,54.37828244586213,54.565067291259766,4944809,17.550994645575905,17.694188331242238,15.872476999372479,15.91990518384942,16.305111514082505,0.47,85.0,-0.72,1.2
RTX,2014-04-14,54.94342140612438,55.22120069274118,54.5746418528142,55.04878616333008,3624032,17.768958252552714,17.78354916156715,15.91174136243513,15.949422384757348,16.149923816792395,0.47,86.0,-0.69,1.18
RTX,2014-04-15,55.221208783669645,55.5947784906123,54.56506964981095,55.47983932495117,4439666,17.79681080363898,17.851586573048444,15.952393233861473,15.972165128211401,16.13588548935559,0.46,90.0,-0.66,1.16
RTX,2014-04-16,56.03540741747511,56.557447021108835,55.51336781384139,56.54786682128906,4650050,18.672884789586806,18.21493082989943,16.209386250499254,16.113390416369043,16.12921050114831,0.46,98.0,-0.66,1.07
RTX,2014-04-17,56.75380573457628,57.13216556200191,56.562230770931556,56.787330627441406,5266105,18.692598674971624,18.12982409722272,16.17109408435401,16.118528466793812,16.06048949086672,0.47,96.0,-0.65,1.09
RTX,2014-04-21,56.84001095284761,57.022005700861236,56.60533091711742,56.658016204833984,4266465,18.657821847585137,17.980052341149154,16.170875108319553,16.03093084577127,15.973361922147758,0.47,95.0,-0.65,1.08
RTX,2014-04-22,57.127379387546846,57.78830870289953,56.993279806871946,57.08427429199219,6656798,18.728626412851163,17.09955090804611,16.2061459965276,16.041231917606055,15.982937789537557,0.48,97.0,-0.63,1.06
RTX,2014-04-23,57.031599036062545,57.44348381523214,56.96454343456506,57.304588317871094,4263764,17.89281709869686,16.761791868177248,16.194690298881486,15.99022405745246,15.959913564165243,0.48,96.0,-0.62,1.07
RTX,2014-04-24,57.510517985142236,57.510517985142236,56.77774892395165,56.98368835449219,3416827,17.99887167335223,16.81525302127093,16.21156159406821,15.917312640259906,15.937897444230883,0.49,98.0,-0.63,1.02
RTX,2014-04-25,56.734644396937654,56.9214292385144,55.98271493133629,56.1359748840332,5465207,16.877223939026212,17.082529023981312,16.369725176153903,16.003417277116558,16.018937800025316,0.5,100.0,-0.63,0.9
RTX,2014-04-28,56.42812281406313,56.6963277233096,55.74324314658135,56.37064743041992,5367801,16.857601536009035,16.924284439704653,16.354700378324853,16.007860043796736,15.98012407145266,0.5,99.0,-0.61,0.93
RTX,2014-04-29,56.476020664163606,56.6819601003319,56.064135985645954,56.3036003112793,4740623,16.301852731832938,16.877509737538006,16.32605018300113,15.989570517842044,15.976583650326484,0.51,98.0,-0.58,0.97
RTX,2014-04-30,56.327534288971634,56.911833342834925,56.260478723525885,56.67236328125,4514508,16.378773945481424,15.25535066819653,16.30561112682273,16.00356426504259,15.978913197985523,0.52,97.0,-0.55,1.03
RTX,2014-05-01,56.52869883857286,56.76337886558576,55.84861506005168,55.93960952758789,6550017,16.767477237532784,15.372837789131038,16.45404745055931,16.030395871314337,16.03697156496536,0.53,100.0,-0.5,0.88
RTX,2014-05-02,55.57083903859149,56.236558434419976,55.48462885003552,55.805519104003906,9220014,16.77210600682677,15.18172671160492,16.20385835821737,15.970880072954863,16.027041001106795,0.53,90.0,-0.46,0.96
RTX,2014-05-05,55.57084361781504,56.10725358119344,55.3217990379091,55.94920349121094,4489402,16.678374890471662,14.948212914271759,16.207108747760522,15.784351760074927,15.968872900473722,0.54,91.0,-0.42,0.96
RTX,2014-05-06,55.71452020411632,55.85340988433249,55.5133708340478,55.56126022338867,3111262,16.66931632940867,14.878171788797253,16.246755032651354,15.810734278438353,15.9855475069245,0.54,94.0,-0.35,0.91
RTX,2014-05-07,55.68578199823857,56.068931926587815,55.37926205555917,55.99230194091797,4139822,16.41967635633356,14.87621894647502,15.91151203509309,15.820717432151044,15.996943325581746,0.54,75.0,-0.29,1.12
RTX,2014-05-08,55.973131593040115,56.557436581466845,55.93002650798939,56.04497146606445,4004598,16.324672111932003,14.690376575435776,15.881981943856488,15.816625989349687,15.990668481707521,0.54,74.0,-0.25,1.17
RTX,2014-05-09,55.94920429326708,56.16951407983871,55.628319814438605,56.03062438964844,3471965,16.171539603971045,14.678475498270153,15.834827616855831,15.79087602550064,15.988114605873202,0.54,64.0,-0.31,1.23
RTX,2014-05-12,56.24612821942867,56.87353250485384,56.22218352978891,56.816062927246094,4441732,16.45249613930759,14.909143940484626,15.889981148403992,15.808455682772186,16.035372683902295,0.54,74.0,-0.31,1.2
RTX,2014-05-13,57.002862570334344,57.08428267320494,56.84002817077606,56.8687629699707,3300512,15.697587861364012,14.882855904989123,15.818919924091942,15.8058752374311,16.03006185183062,0.55,62.0,-0.46,1.3
RTX,2014-05-14,57.066094858821735,57.07090887895314,56.392242908767024,56.4692497253418,2809034,15.624687097087211,14.963084434605067,15.569805234938395,15.819070014811048,16.02277624265352,0.54,51.0,-0.42,1.34
RTX,2014-05-15,56.33928853738974,56.43555142426383,55.516219556226446,55.68949508666992,4551214,15.325596536376974,15.24820308622914,15.733285326335498,15.654508788443069,16.087229496489773,0.54,58.0,-0.38,1.17
RTX,2014-05-16,55.77129971265679,55.939766992088224,55.10225628299488,55.150390625,7128731,15.531891872263632,15.280615715600169,15.738091227980739,15.704854636713886,16.1042876562875,0.54,60.0,-0.29,1.1
RTX,2014-05-19,54.90493600438927,55.62692812609681,54.83273737573608,55.36219787597656,5093222,15.167620384442957,15.289618936697508,15.74649787463162,15.701880262806728,15.95747488531209,0.54,61.0,-0.19,1.1
RTX,2014-05-20,55.27075409720668,55.4151513678225,54.197390937990264,54.43805694580078,5960657,15.145809050738718,15.541342571098054,15.959670853801983,15.832124298409825,16.052853851952,0.54,79.0,-0.11,0.9
RTX,2014-05-21,54.67869825482352,55.33330560231523,54.67869825482352,55.275543212890625,5291529,15.808972488893469,15.835616208128128,16.048925660824843,15.657813773537526,16.116946706102308,0.55,81.0,-0.04,0.87
RTX,2014-05-22,55.097460289026756,55.598042438183114,55.00601142799212,55.37181854248047,3458300,15.473701466382824,15.834821026972602,16.05021446158237,15.641572815772243,16.054531264965593,0.55,81.0,0.03,0.87
RTX,2014-05-23,55.38145947406059,55.67025401744956,55.31888304386373,55.612491607666016,2391604,14.18162519678231,15.835294289913335,16.062275634433362,15.644968782941266,16.034507130075024,0.55,81.0,0.11,0.87
RTX,2014-05-27,55.87719954122703,55.992718479426706,55.66541773878124,55.761680603027344,3159409,14.08064063136935,15.828187245261505,16.000500525401375,15.635201937212278,16.02580961071241,0.55,76.0,0.15,0.9
RTX,2014-05-28,55.8002016723911,56.0986242161994,55.752073145127184,55.80982971191406,3142089,13.87001152085518,15.823005774823853,15.88726671007707,15.57722335858507,16.00104929945681,0.55,69.0,0.25,1.03
RTX,2014-05-29,55.94461032796291,56.146770023275,55.73282842634199,56.00237274169922,3621649,13.726354786839092,15.770590054287117,15.886289174847711,15.46083259140209,15.973279581784915,0.55,68.0,0.32,1.03
RTX,2014-05-30,55.973462035382724,56.21412208690518,55.72798213073228,55.93976974487305,5818600,12.52372150206269,15.769207974496599,15.886622258449815,15.371067630093687,15.954739934395853,0.56,68.0,0.42,1.03
RTX,2014-06-02,56.03123936779671,56.579950090603134,55.930162458768656,56.50775146484375,4275522,12.82295562668947,15.895442261371631,15.933355119875609,15.412827236774357,15.936212976705441,0.56,72.0,0.46,1.01
RTX,2014-06-03,56.796555852291185,56.902446788609275,56.58476814447914,56.70991516113281,8521171,12.851184649770705,15.88347005547365,15.940642806362924,15.407211075123497,15.936376373164576,0.56,73.0,0.48,1.01
RTX,2014-06-04,56.7484021119819,56.78690842433063,56.228569812860925,56.38259506225586,4414878,12.757048806631266,15.900388105820682,15.971489930117682,15.364683902016255,15.912754152648532,0.56,75.0,0.53,0.96
RTX,2014-06-05,56.45000581878756,56.989094441576924,56.28153843597467,56.87838363647461,4454444,12.976709132797707,15.535859638346846,16.02621464122109,15.380732190551862,15.864927404832965,0.56,77.0,0.54,0.93
RTX,2014-06-06,57.003516239561094,57.229740142822266,56.93131761810966,57.229740142822266,3111262,13.002225592098842,15.578741572083448,15.977259927987806,15.383493941994347,15.868493984937132,0.56,74.0,0.6,1.02
RTX,2014-06-09,57.27787810566984,57.85065309386249,57.02758408939487,57.80252456665039,5048412,12.479170620093699,14.717355511105248,16.041785853497924,15.39233684922339,15.794974096418446,0.56,78.0,0.68,1.0
RTX,2014-06-10,57.610009885003464,57.6822085322177,57.06610718513389,57.3404655456543,4163339,12.70634218339008,14.81777973722058,15.985802411642688,15.195835949986936,15.813547743185422,0.56,73.0,0.67,0.97
RTX,2014-06-11,57.08534191203487,57.12866225119107,56.72915699521998,56.94094467163086,3443681,12.886115510069471,14.574700772325746,16.02983116466425,15.220221273129681,15.822793512744472,0.56,76.0,0.69,0.91
RTX,2014-06-12,56.72434130535677,56.91205886007852,56.10342625156796,56.24301528930664,4032088,13.257638328011497,14.809822707575874,16.157697997781735,15.285190910462564,15.835521314772466,0.56,81.0,0.75,0.77
RTX,2014-06-13,56.27672590382355,56.44518743844837,55.9783033266229,56.214149475097656,3050403,12.695230652859557,14.753805469398781,16.124770441854587,15.261781989653345,15.752229756815206,0.55,80.0,0.78,0.78
RTX,2014-06-16,56.089003713621324,56.416304550753544,55.93016439737494,56.25265121459961,2875613,12.672571753625112,14.743946807905207,16.052545892127366,15.257068701436847,15.747633118620886,0.55,78.0,0.78,0.82
RTX,2014-06-17,56.0119778979222,56.48848989946529,55.93015124908139,56.32002258300781,3565716,12.65709527162396,14.6828993323315,15.951512999774925,15.252623864611516,15.720468280207545,0.54,64.0,0.81,0.93
RTX,2014-06-18,56.35854720301226,56.54145080002916,55.80020837128272,56.42593765258789,4602221,12.479481269498221,14.599312176185986,15.348842674053738,15.153588948453045,15.678038765354415,0.54,34.0,1.01,1.04
RTX,2014-06-19,56.54144629949504,56.6714073327862,56.151574869972954,56.59439468383789,3586214,12.315818970439556,14.390412954904855,15.108457485025367,15.146190507447754,15.526155987474347,0.54,20.0,1.11,1.15
RTX,2014-06-20,56.84948934954318,56.93131600758671,56.52700257186125,56.79173278808594,8341773,12.348251361167796,14.352009871715603,15.116198767475595,14.896201939101644,15.389916523359457,0.54,21.0,1.2,1.15
RTX,2014-06-23,56.690651103243084,56.76285555916496,56.175632719202255,56.37779235839844,3338489,12.550733047712631,14.36303325451161,15.140108756938977,14.845584434183664,15.40997825411361,0.54,25.0,1.37,1.12
RTX,2014-06-24,56.16601840593481,56.31041566771385,55.66543617461504,55.67987823486328,4402007,12.373093926079784,14.50145275624721,15.154947933428462,14.916451868060026,15.445389588759737,0.54,27.0,1.45,1.03
RTX,2014-06-25,55.660609438731534,55.99753825096906,55.52584024790634,55.89164733886719,3920540,12.433136301518305,14.067600231620602,15.135253634494077,14.916824594415406,15.446402091185659,0.55,25.0,1.59,1.08
RTX,2014-06-26,55.862769445825776,55.93978207973603,55.38144340147398,55.713558197021484,4630505,12.308260260901916,13.94941712581331,14.086931892672732,14.844049874359596,15.405160977240802,0.57,1.0,1.89,0.1
RTX,2014-06-27,55.703940124303344,56.113067626953125,55.58360713289444,56.113067626953125,14498036,11.810523712978513,13.602820816137621,14.027770365130248,14.863332407355509,15.410360520792219,0.59,1.0,1.97,0.17
RTX,2014-06-30,56.02160623331842,56.02160623331842,55.44883129907618,55.56916427612305,5366371,11.811447217744519,13.737285497738833,14.002979936502033,14.516895857566176,15.43131868653852,0.61,1.0,0.93,0.19
RTX,2014-07-01,55.819434598891014,56.06009464091703,55.5932107749862,55.80017852783203,5156782,11.82010822527562,13.505292199408766,13.84851652183097,14.477609292676465,15.325793835691806,0.63,1.0,0.23,0.25
RTX,2014-07-02,55.824261980001594,55.824261980001594,55.20816092139899,55.41994857788086,6072364,10.881545248108305,13.117919690344305,13.786963486820975,14.502718965049255,15.306702722715999,0.65,1.0,-0.2,0.25
RTX,2014-07-03,55.60287690322561,55.83390906799885,55.54030046458675,55.60768508911133,2774394,9.998466660460117,13.11639850247302,13.744772900464831,14.4490758452818,15.282265603397002,0.67,1.0,-0.47,0.27
RTX,2014-07-07,55.64620259032564,55.737651493750754,55.21300484011019,55.40072250366211,6005149,10.05074829717464,12.940537059593037,13.632163179804799,14.44384997281041,15.182352841889385,0.69,1.0,-0.49,0.31
RTX,2014-07-08,55.232240591155744,55.400702106588184,54.84717736277379,54.90493392944336,4547559,10.29227654089259,12.305086463994044,13.700401374725764,14.386547382327569,15.208692563918449,0.71,2.0,-0.52,0.23
RTX,2014-07-09,55.03969992662241,55.11189854067526,54.57281010958445,54.794219970703125,5336498,10.259090516851838,12.258799058064424,13.6861253479019,14.385024100806712,15.178325968765488,0.73,2.0,-0.53,0.23
RTX,2014-07-10,54.28883435688897,54.83273101869797,54.120367019445695,54.63539123535156,5807477,10.271003990091197,12.136020543534691,13.671382700333673,14.38921857374113,15.17953440371676,0.75,2.0,-0.52,0.23
RTX,2014-07-11,54.77496428914134,55.135957323547494,54.649817314132704,54.93380355834961,5875486,10.357422178402668,12.079840782041568,13.697137435454495,14.300079679907936,15.072409541464507,0.77,4.0,-0.51,0.22
RTX,2014-07-14,55.342930339110985,55.521019845131754,55.19371910849313,55.294795989990234,4794649,10.563189160986964,11.486424022282417,13.729758856888221,14.316211636907768,15.08388007652032,0.79,6.0,-0.47,0.2
RTX,2014-07-15,55.429568471123964,55.954214818790966,55.17928034408189,55.275543212890625,7132544,10.084880552925322,11.446378624611965,13.658938305838179,14.300112574163348,15.08019750709261,0.8,2.0,-0.45,0.24
RTX,2014-07-16,55.48251940373467,55.48251940373467,54.981937291361945,55.04451370239258,5567379,10.04765875471955,11.466078126897601,13.667586985434651,14.303483407833095,15.084657342134317,0.82,3.0,-0.47,0.22
RTX,2014-07-17,54.83754017802038,54.924180848751135,54.255137247998476,54.27920150756836,7747328,10.651979142778758,11.67180948038378,13.757578564208526,14.298727129875779,15.13343825882541,0.83,10.0,-0.52,0.15
RTX,2014-07-18,54.394731851666045,54.70759646748719,54.28884091813179,54.664276123046875,6745146,10.524610033413225,11.745438373754405,13.78394884787455,14.313943224160438,15.14171995461522,0.84,11.0,-0.58,0.15
RTX,2014-07-21,54.59207103289136,54.63057735281699,54.18294357187218,54.38028335571289,8243414,10.336372886641396,11.738586679467,13.803200372935029,14.317994628672453,15.114658998454011,0.86,13.0,-0.63,0.12
RTX,2014-07-22,54.80386080821288,54.87124541904347,52.51755721382644,53.35988235473633,16727721,10.882650967452411,11.968738507093232,14.099290185025149,14.497557413359585,15.233486601620012,0.87,18.0,-0.39,0.03
RTX,2014-07-23,53.25878927153035,53.38393041503542,52.729328915423075,52.81596374511719,11108381,10.996085640782717,12.074850284843516,14.169726498733972,14.486648783588057,14.996677278805674,0.87,19.0,0.11,-0.04
RTX,2014-07-24,52.94594807873535,53.037396967359356,52.36353909624667,52.4405517578125,10824109,11.000912380087382,12.13831055369711,14.205492352258938,14.5040047890612,15.01413837999072,0.88,20.0,0.66,-0.07
RTX,2014-07-25,52.29132232577839,52.56086654780655,52.19024543070832,52.40684127807617,6910402,10.631042887889594,12.03219313124703,14.1513787142597,14.500152239657263,15.012865168441053,0.88,19.0,0.92,-0.04
RTX,2014-07-28,52.46940586801358,52.5464184855256,52.021772216914975,52.45977783203125,8566935,10.663081269753254,11.790067914686317,14.153417288662192,14.460932710408212,15.012331086312495,0.89,20.0,0.95,-0.04
RTX,2014-07-29,52.37316510812735,52.58495283681434,51.60304435749008,51.66080093383789,8708832,11.267843984880715,12.145656168971549,14.330251842527916,14.493930720242226,15.09274585781449,0.89,25.0,1.37,-0.13
RTX,2014-07-30,51.8918386852208,52.05549204279274,51.05433332074,51.20354461669922,9498248,11.333018343304463,12.217105235188049,14.358388278476431,14.464618847121818,15.11279265878166,0.89,25.0,1.83,-0.16
RTX,2014-07-31,50.87621852479159,51.294973965132606,50.58742408393882,50.611488342285156,10373787,11.484866727440778,12.343497325281126,14.446351224647028,14.520851750943855,15.158344851171645,0.89,25.0,2.35,-0.22
RTX,2014-08-01,50.50079284309914,50.92917640080203,50.17830604630279,50.41897201538086,7518036,11.31279929300543,12.198513951031199,14.189102696656288,14.511439924269615,15.087490374987953,0.89,22.0,2.53,-0.14
RTX,2014-08-04,50.55855191699341,50.702949154870495,50.25050136409568,50.5633659362793,6328510,11.27920430337456,12.222897248101601,14.196825786283249,14.500030222693027,15.080158074050848,0.89,23.0,2.36,-0.15
RTX,2014-08-05,50.452675842704586,50.88586768379203,50.28902247953291,50.5489387512207,8865508,11.276742092704875,12.222749074155423,13.637437473850895,14.435898119470773,15.043143341032222,0.91,2.0,2.24,-0.34
RTX,2014-08-06,50.17830763326582,50.322704885209326,49.64403313293446,49.9568977355957,8594424,11.232473635089573,11.950287869666344,13.74799278488425,14.501278155566077,15.027745584688374,0.92,11.0,2.25,-0.39
RTX,2014-08-07,50.24569461979731,50.332335309138074,49.93283583749031,50.16386795043945,6603407,11.25228078956411,12.003454929003434,13.50827954605556,14.497474671520848,15.012869769837058,0.93,1.0,1.99,-0.36
RTX,2014-08-08,50.38046021310881,51.010997514476166,50.11573000999165,51.00136947631836,7118402,12.680358064516147,12.549473467770964,13.780334090932278,14.632409223161016,15.1022930670023,0.94,14.0,1.64,-0.4
RTX,2014-08-11,51.29497642154856,51.429745611020564,50.866598758459354,50.88584899902344,5184271,12.317729741177814,12.289911115536642,13.758153952743246,14.631950373846767,15.091671041654472,0.95,14.0,1.35,-0.38
RTX,2014-08-12,50.70777263019688,50.924368527403544,50.428600305779234,50.49599075317383,6916758,12.238097568128865,12.23867722808129,13.801124090864683,14.622476194808954,15.111475665817078,0.96,18.0,1.1,-0.41
RTX,2014-08-13,50.71864811191655,51.19785523913275,50.71864811191655,51.09620666503906,5541955,12.825389724842893,12.493120450498067,13.890849579440873,14.683519636680812,15.111069816657748,0.97,21.0,0.84,-0.44
RTX,2014-08-14,51.091348045106145,51.333375083803766,51.06714768850666,51.197837829589844,3697921,12.847091358836673,12.084702002331998,13.858362927460782,14.685075951046631,15.068358403067798,0.98,21.0,0.62,-0.41
RTX,2014-08-15,51.45923691757008,51.48344314843108,50.79609181916788,51.13008499145508,4936546,12.727208766158132,11.598016110685071,13.693886360140905,14.669252188294374,14.93458346026494,0.99,8.0,0.4,-0.35
RTX,2014-08-18,51.6286560492251,52.33536648115193,51.54152535618718,52.32084274291992,8003634,14.756879368105471,12.61196194547727,14.183359640008902,14.911289112126294,15.10805499570129,0.99,31.0,0.25,-0.2
RTX,2014-08-19,52.36440565693835,52.55802615015215,52.12722568740614,52.548343658447266,6294982,14.70649551779418,12.611992206462045,14.16681637610386,14.904585268917284,15.10626804971184,1.0,30.0,0.14,-0.19
RTX,2014-08-20,52.56771856445996,53.182463012929915,52.54835357739488,53.10501480102539,7153996,15.109956579281134,12.809717890402611,14.197497664668715,14.945075975723714,15.13863258269103,1.0,35.0,0.05,-0.2
RTX,2014-08-21,53.245372458276044,53.351862252548045,53.00334539733184,53.2744140625,4524836,15.14783525342541,12.831516051376465,13.917649321751338,14.934201808643882,15.123865289435958,1.01,24.0,-0.03,-0.15
RTX,2014-08-22,53.14373955066117,53.21634651667885,52.87751205253701,52.95011901855469,3757826,15.101107246902036,12.846652004209774,13.858298880377884,14.929509973321087,15.090299903914447,1.02,22.0,-0.12,-0.11
RTX,2014-08-25,53.090479383203345,53.31798272211013,53.090479383203345,53.15824508666992,2753419,15.002433869319326,12.885049459684783,13.60688922583908,14.935956865468853,15.093390197351859,1.03,2.0,-0.18,-0.06
RTX,2014-08-26,53.19698207524194,53.32767813632164,53.07113312921485,53.090492248535156,3213753,14.999656413696247,12.681351400917043,13.607122830539675,14.770516724049157,15.085173016073039,1.04,3.0,-0.24,-0.06
RTX,2014-08-27,53.34219531112561,53.409961030127455,52.69840924425215,52.80490493774414,4048931,15.023565928921887,12.67521707163047,13.47760424023744,14.784230985738912,14.907800293760356,1.05,1.0,-0.32,0.01
RTX,2014-08-28,52.664523838826284,52.87266810075887,52.41282009405395,52.814579010009766,3375354,14.543265446376575,12.641700773121137,13.21987574464543,14.782724834740588,14.907820798462035,1.06,1.0,-0.4,0.1
RTX,2014-08-29,52.81457765440363,52.93074996474234,52.13690877818324,52.26760482788086,7495790,14.59200886315674,12.61438160475699,13.304551695120217,14.62067608847498,14.9406635919544,1.07,2.0,-0.5,0.04
RTX,2014-09-02,52.40313073770316,52.79521297733148,52.14174453400991,52.78068923950195,6582909,14.90307210150691,12.728073412484115,13.280641654893296,14.651894106706331,14.964805780869996,1.09,2.0,-0.57,0.05
RTX,2014-09-03,53.24053879740193,53.245380043491636,52.6742010275625,52.85813903808594,4178593,13.907980323248825,12.52317129819086,12.85776810825392,14.62895705500456,14.756168443935383,1.1,1.0,-0.63,0.01
RTX,2014-09-04,52.99850326125114,53.07595144999761,52.7903649216051,52.86781311035156,4539137,13.585604329076311,12.452995241834754,12.83155881245277,14.572948466200945,14.741889688055457,1.12,1.0,-0.69,0.03
RTX,2014-09-05,53.00818425044322,53.00818425044322,52.4612115675683,52.61610794067383,4438236,13.494316047435701,12.418331727537261,12.766361750788224,14.549216651377078,14.747932901744242,1.13,1.0,-0.75,0.08
RTX,2014-09-08,52.712924785503915,52.73228976973688,52.50962766012003,52.567710876464844,6015001,13.495901806810515,12.204323645809996,12.697753195015368,14.353701887482542,14.741128596125929,1.15,1.0,-0.82,0.14
RTX,2014-09-09,52.64515072762134,52.75164051948244,52.47573061516077,52.601585388183594,3360099,13.494182250583972,12.209111536451836,12.30433340599547,14.349862321687857,14.69390610930674,1.17,1.0,-0.87,0.15
RTX,2014-09-10,52.60159945314676,52.86782693807324,52.32084822846554,52.519309997558594,3757349,12.691421570704689,12.203714876833171,12.279358040638003,14.296639770633139,14.599521083326225,1.19,1.0,-0.92,0.17
RTX,2014-09-11,52.41282358891912,52.63064449035271,52.301492514752304,52.52415466308594,3607983,12.37388731881763,12.196759917427231,12.27776333526475,14.295582798554094,14.526763526270923,1.2,1.0,-0.96,0.17
RTX,2014-09-12,52.37893533653649,52.587073722742744,52.25308053462593,52.44670104980469,4640516,11.821674752569534,12.180391316238655,12.206655573601923,14.279448158884382,14.527624970526498,1.22,1.0,-1.0,0.24
RTX,2014-09-15,52.41281732672524,52.50478927048129,52.15627234892092,52.43218231201172,3996335,11.735890102525019,12.150674411755539,12.183770022272435,14.219845392457852,14.518726747255478,1.23,1.0,-1.03,0.26
RTX,2014-09-16,52.19499771730432,52.6935698142183,51.933611486838466,52.538673400878906,4909692,11.728794304412364,12.130037859182835,12.168700493207924,14.221546017615022,14.470604438607202,1.25,1.0,-1.06,0.27
RTX,2014-09-17,52.59675684889042,52.737129523518774,52.09334937154132,52.291805267333984,6529201,11.849502236170077,12.086499287014101,11.971706091186212,14.231776069034355,14.464816833939576,1.26,1.0,-1.1,0.36
RTX,2014-09-18,51.99168038816334,52.596742135557214,51.99168038816334,52.52897644042969,5465683,11.231941114838204,11.91404560844409,11.975506413451345,14.196930129970317,14.461034451138644,1.27,2.0,-1.12,0.36
RTX,2014-09-19,52.80973777207797,52.85814436968054,52.354736880053466,52.49510955810547,9450578,11.226359423404668,11.872842013496909,11.975257955386063,14.132094153896269,14.433629949518814,1.29,2.0,-1.15,0.36
RTX,2014-09-22,52.291802994991045,52.49994724283621,51.488285217462355,51.536685943603516,6582115,11.720611984071178,12.389748691822215,12.24402256279984,14.289855882622241,14.38576182610716,1.29,7.0,-1.18,0.35
RTX,2014-09-23,51.54153623553109,51.54153623553109,50.84450814863084,51.028446197509766,6100330,12.072866319391164,12.386324741057749,12.175911540131281,14.335387386705992,14.41898047285892,1.29,5.0,-1.22,0.38
RTX,2014-09-24,51.130089289987275,51.43019963247668,50.89290928484988,51.343074798583984,6080785,11.963210929703445,12.367353572293844,12.224941494553383,14.33399603686637,14.422440833129082,1.3,8.0,-1.25,0.33
RTX,2014-09-25,51.30918275097231,51.33822435706838,50.486294211621896,50.57826614379883,6254622,12.290617981993005,12.626096228849235,12.417318507656585,14.438161369937848,14.484410530455069,1.3,13.0,-1.27,0.24
RTX,2014-09-26,50.46209997055648,51.0090727797051,50.46209997055648,50.941307067871094,6477400,12.46550584719642,12.705275398272306,12.447241430023444,14.465266823589296,14.497711365111432,1.3,14.0,-1.3,0.22
RTX,2014-09-29,50.53470913486569,51.06232285002873,50.4717846665838,50.863861083984375,4603015,12.467227199770463,12.666059045315498,12.371013706872189,14.464976621361156,14.495977911755748,1.3,13.0,-1.32,0.28
RTX,2014-09-30,51.08651496459237,51.410831483005175,50.85901162440119,51.115562438964844,7967405,10.488069653412674,12.724880057980734,12.402866546238272,14.440939260864658,14.435113528006019,1.3,14.0,-1.34,0.25
RTX,2014-10-01,50.92194340696009,50.946143768119256,50.0700191024004,50.263633728027344,9319008,11.347257134005039,13.022933242038008,12.656001685903147,14.572142465645943,14.527036565182193,1.3,17.0,-1.34,0.16
RTX,2014-10-02,50.200708911487396,50.326563698609974,49.59080582738247,49.97320556640625,6410503,10.81897821215198,13.052663876769094,12.446176433963155,14.502830888765217,14.361307805703,1.3,16.0,-1.33,0.24
RTX,2014-10-03,50.29750808482514,50.621824557730214,50.14745296099617,50.544376373291016,4838187,11.405207360496696,13.313697242821423,12.602668006419332,14.568805261141371,14.351927672053352,1.3,18.0,-1.33,0.14
RTX,2014-10-06,50.854184455254504,51.08652321049973,50.220080921440726,50.44757843017578,4738239,11.330673130638791,13.239698810807113,12.568094771907937,14.569842812492864,14.342839925745402,1.3,18.0,-1.33,0.18
RTX,2014-10-07,50.26363218143377,50.33623913085399,49.07287351640093,49.09223556518555,9520494,13.414396921147736,14.150111939474316,13.0806885426339,14.885431463223805,14.59886489353695,1.29,25.0,-1.28,0.66
RTX,2014-10-08,49.227771109281825,49.71181940663381,48.73888156609334,49.67793655395508,9930297,14.05641587972827,14.428798439313272,13.17358169374673,14.90789930037216,14.594823208137653,1.28,26.0,-1.28,0.63
RTX,2014-10-09,49.49399380310573,49.7166558811552,48.32259433657201,48.37583923339844,10709224,15.713437107323308,15.29101579516202,13.757694342654137,15.171289531000745,14.835748900435734,1.27,47.0,-1.18,0.76
RTX,2014-10-10,48.400042526169756,48.77760098341471,48.041846116324244,48.37583923339844,10611501,15.710382731437763,15.095598156009189,13.533109964819031,14.849092721657092,14.53631743709814,1.25,32.0,-1.13,0.93
RTX,2014-10-13,48.42908582225647,48.869571682461455,48.02732699229151,48.070892333984375,8121697,15.585355144718719,15.004245279228781,13.297126037397744,14.706138536222998,14.511867836310783,1.24,29.0,-1.06,1.02
RTX,2014-10-14,48.26451660906997,48.94218545211057,48.201592144617294,48.46297836303711,7266497,15.477068995957938,15.136057788675483,13.373841139280296,14.742150163423368,14.53553390077551,1.22,31.0,-1.05,0.96
RTX,2014-10-15,47.94988314824268,48.20642810794673,47.09795588973508,48.00312805175781,11289845,15.539056245227641,14.803277605651367,13.405390031734893,14.769991475599037,14.530073909367763,1.2,32.0,-1.0,0.9
RTX,2014-10-16,47.51423905118876,48.44845283186872,47.412590488946684,48.03217315673828,9691470,15.547543406338757,14.704404377815736,13.393081429712817,14.689341900201233,14.5173445240252,1.18,32.0,-0.97,0.91
RTX,2014-10-17,48.55011684323782,49.36331728715173,48.52107229361845,49.1454963684082,11571098,17.278243102594022,15.488423140769031,13.938153097713416,14.940329669394742,14.623469487028121,1.17,64.0,-0.98,0.96
RTX,2014-10-20,49.09224287440659,49.26166009297397,48.87442199371514,49.12128448486328,10160543,17.28159847702579,15.488635470323697,13.91824543107485,14.386111552266906,14.621467055855655,1.15,64.0,-0.99,0.98
RTX,2014-10-21,50.39917234037876,50.4136902101874,48.734041917815745,49.363304138183594,19948465,17.387969542435965,15.53174724204055,13.953279586424403,14.356829010770431,14.629914379454254,1.13,66.0,-0.99,0.95
RTX,2014-10-22,49.91027941845359,49.91027941845359,48.917976628894785,48.9760627746582,9822245,17.466548390993957,15.311150869319402,13.872567651354222,14.329084270965506,14.584921577996768,1.11,62.0,-0.98,1.0
RTX,2014-10-23,49.79411293029837,50.312044122775305,49.5956511756211,49.94416809082031,9043794,18.578411146916746,15.779928467614207,14.246980684958388,14.419725217600654,14.714988350490362,1.09,81.0,-0.97,0.9
RTX,2014-10-24,49.934472986382985,50.278148568546655,49.760217506883784,50.25394821166992,5812403,18.71778333915633,15.661023018169498,14.277065377914663,14.37096276607004,14.714584264807678,1.07,82.0,-0.95,0.88
RTX,2014-10-27,50.23944297624224,50.48630548544928,50.09422904515834,50.43306350708008,4699468,18.77111866894329,15.659619250343438,14.208957001224135,14.345960868188406,14.71261240141736,1.04,81.0,-0.92,0.94
RTX,2014-10-28,50.80577308219336,51.56089010324186,50.7573664898198,51.439876556396484,6631692,19.72391379140461,16.166404451738977,14.54856775715245,14.467222591724433,14.77506683968501,1.02,87.0,-0.89,0.86
RTX,2014-10-29,51.65769611180461,51.92392356085255,51.02843389958988,51.236572265625,6452452,19.71187678578176,16.189480608420567,14.447505242086969,14.466385656738723,14.775258347780342,1.0,87.0,-0.9,0.94
RTX,2014-10-30,50.92677460103708,51.59476077168209,50.6799063195972,51.47374725341797,4593005,19.7140303114776,16.017956212076832,14.434997749737,14.466472747485753,14.775348740075883,0.97,86.0,-0.89,0.95
RTX,2014-10-31,52.19498312689865,52.25306633157579,51.78354184454532,51.7932243347168,7088688,19.814176874367973,16.04336590859626,14.449195402548634,14.473174175290907,14.785394258069323,0.95,89.0,-0.86,0.94
RTX,2014-11-03,51.99654219657386,52.03526630455769,51.32371448796628,51.454410552978516,7289696,19.166607645387273,15.754097523173332,14.36224075524047,14.491885801417915,14.753747865031952,0.91,86.0,-0.81,1.02
RTX,2014-11-04,51.793219377351626,51.9335919986989,51.46890293305582,51.735130310058594,6343924,18.99620062819469,15.782807287586248,14.397273942772474,14.50373112113498,14.75731458050995,0.88,87.0,-0.75,0.98
RTX,2014-11-05,52.059464297456415,52.49027071265304,51.831966775126304,52.243408203125,10644552,19.119384649367564,15.812156200346974,14.493649471919163,14.512665713586353,14.786577065841296,0.85,92.0,-0.69,0.9
RTX,2014-11-06,52.22886966987292,52.67903507658858,52.170780592909715,52.558021545410156,5690686,18.593428575842957,15.679852515592227,14.530039933635095,14.52703797407056,14.770559189834136,0.82,93.0,-0.64,0.87
RTX,2014-11-07,52.5144640120255,52.80005645751953,52.25307779727164,52.80005645751953,5169812,18.537929572267913,15.699720141417814,14.548650954967346,14.491390884563424,14.719111639959111,0.81,95.0,-0.59,0.85
RTX,2014-11-10,52.78553001220093,52.87266070204315,52.60159200889379,52.761329650878906,5599159,18.52930446970863,15.697233938873802,14.536905909228853,14.479958699298217,14.672320396937344,0.8,94.0,-0.55,0.86
RTX,2014-11-11,52.76132511513765,52.83393206103874,52.29179472134603,52.40312576293945,4686756,18.637148355282957,15.04820035701747,14.553351272730907,14.498170494381963,14.6819167021217,0.79,97.0,-0.55,0.84
RTX,2014-11-12,52.40314311204152,52.69029466314331,52.2522656732591,52.631893157958984,5057151,17.891290004566397,15.048412107965506,14.538363437777999,14.498436995316144,14.675939262728091,0.78,95.0,-0.52,0.86
RTX,2014-11-13,52.7195013160694,53.03585361976335,52.54915277533626,52.631893157958984,6692391,17.76337209287403,14.888134739934818,14.415646822165984,14.491298777157253,14.665673888037473,0.77,88.0,-0.46,0.97
RTX,2014-11-14,52.52480865216054,52.76815607256738,52.26685790838956,52.296058654785156,4664510,17.671883094256568,14.926015651674811,14.42804084654618,14.507327254396122,14.636240243542023,0.76,89.0,-0.4,0.95
RTX,2014-11-17,52.17923802262326,52.43232093496716,52.150037282801144,52.257110595703125,3804861,17.657550695387908,14.877442576914198,14.422361947555352,14.480234080232272,14.636135305432752,0.76,88.0,-0.34,0.96
RTX,2014-11-18,52.417754306309135,53.09426899462973,52.21820498303186,52.953121185302734,4257408,15.797074489617582,15.108642412217938,14.537883992150835,14.569298651479773,14.687331089709765,0.77,96.0,-0.33,0.89
RTX,2014-11-19,52.831456947752855,52.962863320641254,52.66597613710098,52.88499069213867,3608937,15.57992851462825,15.108683983812154,14.464043441683817,14.564393270564876,14.687920645790928,0.77,92.0,-0.29,0.96
RTX,2014-11-20,52.563737048192436,52.98230068473648,52.50046189012285,52.96282958984375,3488967,13.007145709177484,15.070715815976165,14.448397705436463,14.553812565477973,14.686355143323338,0.78,90.0,-0.27,0.97
RTX,2014-11-21,53.619889603951165,53.83403628918148,53.52254591042249,53.68315887451172,5676067,13.320126951518475,15.321115902569668,14.582408466432165,14.637399443119707,14.72308972590046,0.78,100.0,-0.26,0.89
RTX,2014-11-24,53.03099020632305,54.36455428795221,52.7633038348196,52.94824981689453,15423787,13.957072397318187,15.436753744959741,14.725447805349889,14.56954083802042,14.783366154624286,0.79,100.0,-0.25,0.78
RTX,2014-11-25,53.58095959468862,54.637101621322294,53.391145860398076,54.369415283203125,12876303,15.45220318110194,16.238074527847594,15.325271221621115,14.907874933659285,15.01793339958394,0.81,100.0,-0.28,0.83
RTX,2014-11-26,54.40833636442245,54.50567414181121,53.45926795847096,53.615013122558594,8372123,15.834684227852994,16.50467433504927,15.41825513213199,14.691433874806775,15.073506591807718,0.83,100.0,-0.26,0.78
RTX,2014-11-28,53.84863821128066,53.926510803942875,53.498211544300666,53.57608413696289,3371064,15.861866199904783,16.505853404822385,15.41582057651753,14.688588200826263,15.06510886743342,0.85,99.0,-0.24,0.78
RTX,2014-12-01,53.07963465171343,53.67340859805189,52.90442431190262,53.38625717163086,5496033,14.89245385497941,16.491945436959046,15.419021044367007,14.570589875910786,15.057858703979434,0.87,100.0,-0.22,0.78
RTX,2014-12-02,53.4544135177405,53.89244247574595,53.288932764538345,53.38140869140625,4375629,14.885281254224003,16.49032436685835,15.392146366190271,14.567551266675881,15.049442404970442,0.88,97.0,-0.2,0.8
RTX,2014-12-03,53.48847332053689,54.22826291383609,53.33272814300022,54.018978118896484,5420715,15.10725840162318,16.661292401444346,15.475297223813955,14.620848051529173,15.084695926305589,0.9,100.0,-0.24,0.74
RTX,2014-12-04,53.76588897067673,54.13091300083041,53.51280603645896,54.12604522705078,7313531,14.756451837220386,16.65888061107947,15.479270827128014,14.620787853803884,15.069452770628711,0.92,100.0,-0.3,0.74
RTX,2014-12-05,54.25746538616549,54.340205751906446,53.7512935430635,54.16498947143555,4801481,13.942567014331711,16.658717082453574,15.466765510333364,14.597048094915383,15.069317786911837,0.94,98.0,-0.33,0.75
RTX,2014-12-08,54.632226490739804,55.75163764464939,54.27693204606439,55.021583557128906,10090468,14.413069280829898,16.9403048848276,15.50860979892184,14.690777574410108,15.0338323488332,0.95,100.0,-0.3,0.73
RTX,2014-12-09,54.62249627896937,55.97065757002317,54.296408450183826,55.965789794921875,9357144,14.973435343769816,17.261039407552285,15.70096633278069,14.752211706002841,15.128067805073833,0.97,100.0,-0.12,0.64
RTX,2014-12-10,55.727289769934124,55.98524045378455,55.16758434264901,55.2405891418457,12495102,14.88959830576574,17.500603838516447,15.81891335834807,14.819754101737285,15.184794719803444,0.99,100.0,-0.09,0.56
RTX,2014-12-11,55.5326148971138,55.902506710106,55.12378679326285,55.503414154052734,8399613,14.781072127649924,17.479906328474687,15.535309845322951,14.807531984179557,15.040153563358222,1.01,98.0,-0.07,0.68
RTX,2014-12-12,53.79995424577085,55.318463560262686,53.58580761435895,54.58354187011719,9323140,15.794398351250539,17.834877267592198,15.681266503275904,14.90360827370582,15.125836331592362,1.02,98.0,-0.12,0.62
RTX,2014-12-15,54.83178880889914,55.216278192242655,54.325616831597415,54.466758728027344,7305269,15.784943133961107,17.842118433798472,15.640769330508686,14.758198826292329,15.11093574801954,1.04,97.0,-0.18,0.65
RTX,2014-12-16,54.62251003961224,55.82466198181027,54.18448097414792,55.10921096801758,8166348,15.845141469117976,17.535184763073143,15.743113279753699,14.783730555350747,15.116782688757443,1.06,99.0,-0.24,0.58
RTX,2014-12-17,55.24547756136883,55.649437994579706,54.42294746918418,55.4352912902832,7982500,15.853629321957241,17.40940781537617,15.766240916335397,14.670126222380494,15.102116343477078,1.07,99.0,-0.28,0.56
RTX,2014-12-18,56.04364450127866,56.92457580566406,55.72729232370617,56.92457580566406,7531860,17.221976284729816,18.13272320553229,16.088722655216646,15.006280958104917,15.199160468569328,1.1,100.0,-0.11,0.64
RTX,2014-12-19,56.59362435166694,57.03652097211704,56.15558960477973,56.2578010559082,12507972,17.70461157947535,18.01730488206284,16.140306755442417,14.98766565113742,15.244181266012951,1.12,100.0,-0.13,0.61
RTX,2014-12-22,56.10693113025352,57.04139633407999,56.10693113025352,57.0121955871582,4859321,17.982716460053155,18.13988195003466,16.131610066997244,14.932630952708543,15.265470415963126,1.14,99.0,-0.05,0.61
RTX,2014-12-23,57.1874026860369,57.440485645384776,56.90511898144357,57.046260833740234,4315565,17.965671238519395,18.128123212124656,16.11198342440533,14.926335236412333,15.265073485142109,1.16,98.0,-0.01,0.63
RTX,2014-12-24,57.26528889320444,57.396701128561865,56.88079363830743,56.900264739990234,1617443,17.813720703696532,18.139823642086753,16.121054595103576,14.874738980478902,15.257589150583401,1.18,98.0,-0.02,0.62
RTX,2014-12-26,57.197139661942835,57.3334137433773,56.992722639458556,57.06085968017578,2537156,17.807206082087095,17.721663853176466,16.1213990103695,14.656378788749812,15.22254653241181,1.2,98.0,-0.04,0.62
RTX,2014-12-29,56.627688934182714,57.10952181198275,56.627688934182714,56.87590408325195,3957722,17.874608451015373,17.68073868384546,16.002801715978606,14.646344390635837,15.226357779337832,1.21,94.0,-0.07,0.7
RTX,2014-12-30,56.89053765387175,56.89053765387175,56.42330194797066,56.55471420288086,3460842,17.84361885834412,17.646306571253525,16.0341349760743,14.626956534816616,15.23751487049931,1.23,94.0,-0.12,0.68
RTX,2014-12-31,56.74936788400408,56.89537749532619,55.951176895155655,55.97064208984375,3755602,18.215727133882655,17.80846039193398,15.947356240262092,14.651262136342458,15.245778121687565,1.24,92.0,-0.2,0.72
RTX,2015-01-02,56.03879559518042,56.28214302652014,55.386614094604,55.9901237487793,4989619,17.923559020494647,16.758473748785896,15.939410862995334,14.475531423878468,15.20043056524932,1.26,91.0,-0.26,0.73
RTX,2015-01-05,55.75165153037911,56.19454832762696,54.91939166943295,55.05567169189453,7572062,18.709523556618503,17.07986304680998,16.130499558963894,14.60171668831779,15.29113259435791,1.27,98.0,-0.29,0.64
RTX,2015-01-06,54.64196175471625,55.016721395604776,53.64908914492523,54.27693176269531,9172185,19.24681002164531,16.381335572754374,16.21045030621726,14.694379226956174,15.357871930073989,1.29,100.0,-0.3,0.61
RTX,2015-01-07,54.680898790916366,55.16273177852952,54.520285828267674,54.8658447265625,4929396,19.10670469943977,16.47637965318303,16.289635953773693,14.723951550319162,15.382543250972697,1.31,100.0,-0.33,0.55
RTX,2015-01-08,55.445017581313834,55.97065466025865,55.14326274338873,55.80031204223633,6196941,19.15052111441405,16.655371663031236,16.487623987161033,14.854924230597643,15.47395152660592,1.33,100.0,-0.37,0.44
RTX,2015-01-09,55.936591051526264,56.03393475637769,55.18220389042923,55.49369430541992,6078084,17.753251774357796,16.692557822711603,16.13028287206067,14.854382388433205,15.48412792443726,1.34,94.0,-0.43,0.52
RTX,2015-01-12,55.70784018731294,55.8489879672156,55.00699266433753,55.702972412109375,7970742,17.217130870419005,16.512830021496193,16.127139875732073,14.75600725973059,15.488183074795375,1.36,93.0,-0.49,0.52
RTX,2015-01-13,56.22861163091382,56.866195801072706,55.24061253667118,55.64944076538086,6668080,17.219638845224907,16.523541661171095,16.049586027066198,14.747863577239434,15.461035502703101,1.37,88.0,-0.54,0.58
RTX,2015-01-14,55.08000448536546,55.566705363183054,54.81231811751563,55.25034713745117,5575483,17.34031544547447,16.07728059224723,16.08942400145087,14.771388103547647,15.47757744931988,1.38,89.0,-0.57,0.55
RTX,2015-01-15,55.566705363183054,55.81978840356797,55.02646485166176,55.25034713745117,5038083,17.339773384544664,16.074397614565086,16.056085642445822,14.750298803366462,15.425896067808562,1.39,87.0,-0.61,0.58
RTX,2015-01-16,55.08973159519085,56.62283883036991,55.07512826996371,56.53036880493164,9173615,18.205761814541617,16.628827892098013,16.4394679261193,14.920247576244543,15.593605663980137,1.41,99.0,-0.66,0.47
RTX,2015-01-20,56.73964710004722,57.299352722526955,56.40869150158095,57.2020149230957,8685474,18.44893948631109,16.605762243577836,16.53216052610954,14.98190585691612,15.637112965576325,1.42,100.0,-0.7,0.41
RTX,2015-01-21,57.119282945041824,58.06348392969108,57.041410333916055,57.932071685791016,11405206,18.709602879099204,16.362935701875873,16.6101222640379,15.05262702885934,15.673038493489475,1.44,100.0,-0.71,0.36
RTX,2015-01-22,58.28736839804429,58.735132978646696,57.80066751041845,58.623191833496094,10428448,18.502064571630207,16.45897379725459,16.69999227203514,15.091380850527782,15.687149611420576,1.45,100.0,-0.67,0.3
RTX,2015-01-23,58.58423431424891,58.866523913040865,58.37008765332557,58.3944206237793,6830158,18.025398315740844,16.51085269072018,16.618186191273224,15.073529491347767,15.65156451042769,1.46,99.0,-0.68,0.35
RTX,2015-01-26,58.32142104809922,58.365225119114456,57.56703399265022,57.79578399658203,9047607,17.851174736247057,16.312161474153537,16.657373182411263,15.124738379114586,15.450395831768516,1.48,99.0,-0.72,0.32
RTX,2015-01-27,56.700695975243185,58.57936162570385,55.975509792970826,57.995323181152344,11644351,17.834644522328023,16.26826892305633,16.662029058704523,15.129611030009906,15.355559289835451,1.48,99.0,-0.76,0.32
RTX,2015-01-28,58.1024084419291,58.1024084419291,56.84184949290133,56.90512466430664,6898008,18.046045930784054,16.819434735009768,16.95878680289666,15.209852322979017,15.47562543741109,1.49,100.0,-0.81,0.22
RTX,2015-01-29,56.885662918792136,56.95866775136652,55.71271192171853,56.67638397216797,10056145,18.086338843115577,16.83258024471748,16.953041484810594,15.216937670800338,15.471985547716669,1.5,99.0,-0.86,0.22
RTX,2015-01-30,55.98038768647931,56.56929401123819,55.790573977620454,55.86357879638672,7346106,18.366920116477072,17.0697079442535,17.1219335718336,15.290023094061281,15.492471601017698,1.51,100.0,-0.88,0.13
RTX,2015-02-02,56.05340437897883,56.79805604826661,55.50830201007782,56.739654541015625,5588354,18.823624323352576,17.29725789027921,17.285690033249715,15.311876133803803,15.558192646126006,1.52,100.0,-0.92,0.05
RTX,2015-02-03,57.22633262307247,58.17053321689723,56.661759376266524,57.86391067504883,7136994,18.096940237498462,17.612271912927785,17.538552639792304,15.439813954638131,15.287576516564863,1.52,100.0,-0.95,-0.03
RTX,2015-02-04,57.795768605232,57.917445236686056,57.16305838213467,57.32853317260742,5098148,17.963583096356427,17.731385750785655,17.613652138658868,15.475224783732338,15.285154954033473,1.53,100.0,-0.98,-0.08
RTX,2015-02-05,57.5572832935874,58.57935638036543,57.391808502603006,58.457679748535156,7448120,18.426709356564093,18.103776374498924,17.855589654304097,15.509589975065854,15.36141223573781,1.54,100.0,-1.0,-0.16
RTX,2015-02-06,58.404163389232245,58.90059971029334,58.10240855685521,58.31168746948242,4496234,18.452031902525114,18.117522237654235,17.86339449626059,15.411921174859271,15.30291755869685,1.54,100.0,-1.02,-0.16
RTX,2015-02-09,58.13160171464311,58.37495501880601,57.87365098844308,58.07320022583008,4068952,18.481198959742613,18.071748847314097,17.88143091879784,15.419705015850186,15.268296814503637,1.55,100.0,-1.04,-0.17
RTX,2015-02-10,58.35060115044279,58.51121405389498,57.87850388616093,58.11212158203125,4067840,18.47008511218973,18.064504184614787,17.858070168125124,15.412173120355884,15.25002139688049,1.54,98.0,-1.06,-0.16
RTX,2015-02-11,57.9898082247596,58.25893709178563,57.725573364859656,58.07788848876953,4302376,18.43791679942799,18.067207709424878,17.851228969276452,15.409755557725127,15.204512835597656,1.54,96.0,-1.08,-0.15
RTX,2015-02-12,58.31275971285814,58.69932098576393,58.14149320819202,58.518272399902344,4603333,18.439662070192476,18.028204741737174,17.879374899922084,15.43396688521721,15.218166582627454,1.53,99.0,-1.1,-0.17
RTX,2015-02-13,58.395930764935684,59.3941537303267,58.395930764935684,59.330543518066406,6041537,18.458046013575853,18.18332078076161,17.71500907054616,15.512273428946093,15.271740254917058,1.52,94.0,-1.08,-0.15
RTX,2015-02-17,59.20823024800307,59.64861973411768,58.997823519871936,59.36481475830078,5150267,18.45644253248388,18.03727422493076,17.62242633621598,15.511356140968049,15.264577897581011,1.51,93.0,-1.06,-0.1
RTX,2015-02-18,59.364816166767646,60.02051233616353,59.21312566033408,59.69266128540039,5522093,17.59665908040352,18.039662321594978,17.618438463326246,15.480099529247774,15.27259111660417,1.5,92.0,-1.03,-0.09
RTX,2015-02-19,59.49204885533759,60.186885294545725,59.49204885533759,60.142845153808594,5413723,16.8922722897061,18.07430288632758,17.442939287741194,15.498826902335619,15.287661764226158,1.49,89.0,-0.99,-0.02
RTX,2015-02-20,60.181984266769604,60.89639665503389,59.697554639427494,60.73003005981445,6454836,16.85431278521409,17.988719094951374,17.467946533628933,15.5212600218806,15.292903298582159,1.47,89.0,-0.93,-0.04
RTX,2015-02-23,60.495152064999566,60.75449293368773,60.22112917403218,60.53919219970703,4349570,16.45502376731381,17.71872247251334,17.4776197449851,15.495067572038081,15.294937628539031,1.45,89.0,-0.89,-0.04
RTX,2015-02-24,60.39239194889338,60.744701140378254,60.18197930329702,60.57344055175781,3901631,16.28439419550418,16.984357211821184,17.471052917649878,15.479658540713254,15.266964193157687,1.44,88.0,-0.87,-0.04
RTX,2015-02-25,60.602792833664076,60.837669560150424,60.16240342059914,60.367916107177734,4565038,16.384136063134093,16.700797477711223,17.237653190610285,15.44315090866759,15.261609873173734,1.42,84.0,-0.84,0.04
RTX,2015-02-26,60.34343826910492,60.455982600076524,59.7709286031725,60.02537536621094,3969640,16.53214372027347,16.765977106528073,17.236484499796088,15.428014587161098,15.272662366471245,1.39,83.0,-0.82,0.04
RTX,2015-02-27,59.96667238436727,60.113468854334265,59.59478720283365,59.65350341796875,4902542,16.484309566500308,16.811771430149864,17.21491861590415,15.423147778643001,15.281236095984738,1.37,82.0,-0.8,0.05
RTX,2015-03-02,59.65350065819125,60.43152903157712,59.477346088806215,60.27983856201172,3695855,16.620972677199,16.898252111330592,17.261376828166163,15.39680727294382,15.311742694837077,1.34,84.0,-0.77,0.02
RTX,2015-03-03,59.68775537409654,60.13304472156374,59.262047985171236,59.55074691772461,5064938,16.052417328625403,17.01773761000914,16.775632476824743,15.467980888100985,15.36034784373253,1.32,77.0,-0.74,-0.17
RTX,2015-03-04,59.330564572425764,59.39906881488176,58.97335540514746,59.22780227661133,3373765,15.889198794118297,17.07891551937311,16.739732218031588,15.482906925179899,15.355453309595843,1.3,76.0,-0.71,-0.14
RTX,2015-03-05,59.350119916000466,59.44798817986165,58.89015449938826,59.10546112060547,3064069,15.530802686961298,17.093910011294838,16.12530021272293,15.485022283811631,15.356153733931274,1.28,60.0,-0.69,-0.33
RTX,2015-03-06,58.42530346551658,58.89505098256649,58.17085071447993,58.439979553222656,5820666,15.532613210200811,17.029384152996904,16.260719988251175,15.544364796851987,15.396699843244921,1.26,66.0,-0.67,-0.38
RTX,2015-03-09,58.37147852170225,59.790521028049575,58.37147852170225,59.57521438598633,6557962,16.461050698192647,17.124539785697106,16.437434687332374,15.703611364068898,15.508285356351065,1.24,67.0,-0.68,-0.44
RTX,2015-03-10,58.9880262834412,59.19843297867978,57.41729335068148,57.446651458740234,8872658,19.437595023110955,18.55293998500268,17.508895867812655,16.28693264466622,15.927128815446794,1.22,89.0,-0.66,0.48
RTX,2015-03-11,57.6326047539647,58.18554456370064,57.431986034870825,57.9066276550293,5955413,19.555416036546013,18.595119492557032,17.443416874301594,16.289888646059524,15.83987775402425,1.21,85.0,-0.7,0.53
RTX,2015-03-12,58.89014041949157,59.43818595612221,58.8558883149681,59.32564163208008,7798494,19.92567228883034,18.84732301607954,17.798508576713864,16.467205213476387,16.02071243396551,1.19,94.0,-0.79,0.42
RTX,2015-03-13,59.0907873387739,59.5018186807542,57.593452522849454,58.102352142333984,11697424,20.89458500243079,19.37875313394502,17.851838244422456,16.651560786623474,15.951439025232384,1.19,95.0,-0.79,0.41
RTX,2015-03-16,58.351905491182464,58.79719488668921,58.24425513068661,58.75315475463867,7428098,20.58287438603497,19.365330970152325,17.91128953327598,16.69654954933747,15.985664298408986,1.19,100.0,-0.83,0.38
RTX,2015-03-17,58.48401813311895,58.782505071505135,58.10723895527451,58.650390625,6074429,20.17597263858518,19.347250032737126,17.912947756051185,16.678336152131667,15.909977629010424,1.18,100.0,-0.86,0.37
RTX,2015-03-18,58.36658083609534,59.01248885731571,57.37325173747268,58.87058639526367,8390238,19.420446745847244,18.610626421382637,17.849310214861312,16.640955987558595,15.912416095458495,1.17,91.0,-0.98,0.42
RTX,2015-03-19,58.73848229249271,58.87060271014595,58.24915861743152,58.415531158447266,4577591,19.357623956025442,18.51468952846434,17.68468900178876,16.662029867631603,15.92090450004119,1.17,88.0,-1.02,0.47
RTX,2015-03-20,58.625938199455305,58.91464314371148,58.45467758178711,58.45467758178711,13040923,18.512711989987952,18.324799011769745,17.66970418781649,16.640708851930558,15.919166763326581,1.16,87.0,-1.06,0.48
RTX,2015-03-23,58.454682824149174,58.56722722074749,57.833238672597226,58.0730094909668,7218509,18.5972401061968,18.380254987604562,17.71271949700735,16.656272694538206,15.919369222789099,1.16,88.0,-1.09,0.45
RTX,2015-03-24,58.24916881683456,58.80700276842807,57.86260144417312,58.190452575683594,6409708,18.568507464861234,18.37379361857227,17.466907535460187,16.650872197543823,15.902965600082311,1.15,77.0,-1.07,0.56
RTX,2015-03-25,58.32744474244439,58.39594898196098,56.95244221617921,56.9866943359375,7081379,19.53520922838344,18.875297866842995,17.799065294808393,16.80315158286935,15.994118604627014,1.14,90.0,-1.06,0.45
RTX,2015-03-26,56.74201614813599,57.06496713811181,56.28205079370192,56.78116226196289,6975233,19.55401740825074,18.878122058636983,17.80518459907292,16.807183599420497,15.988927870573889,1.14,90.0,-1.04,0.44
RTX,2015-03-27,56.83010685114709,57.34878850575992,56.786066723466895,57.20199203491211,4455556,19.547805345653824,18.9011187344004,17.815101794637776,16.824530024739424,15.989938311132034,1.13,90.0,-1.01,0.43
RTX,2015-03-30,57.583678539324374,58.342131102066226,57.446664117974805,58.146400451660156,4768271,19.728830744579685,19.05673638357028,17.939150754936676,16.921416906392174,16.04852579474488,1.13,100.0,-1.01,0.38
RTX,2015-03-31,57.57878342748059,57.81366020346413,57.324336552897016,57.34880065917969,5601861,20.0871838146157,19.28544493302788,18.083685439869797,16.987192579131285,16.015201750126728,1.12,100.0,-1.0,0.29
RTX,2015-04-01,57.431983881027556,57.4858060984224,56.448442624348665,56.72246551513672,5444232,20.180455175074886,19.09859984140865,18.12830118287436,17.038561887799325,16.02718862101262,1.11,100.0,-0.96,0.26
RTX,2015-04-02,57.05029841424861,57.583662059412404,56.756705488728414,57.31453323364258,6717180,20.311076421418015,18.95300628576094,18.173443653181586,17.073608264589293,15.976643351386869,1.11,100.0,-0.91,0.24
RTX,2015-04-06,56.727350226866015,58.08767065317147,56.727350226866015,57.67174530029297,4540250,20.166273447157835,18.87408385862598,18.18370934293298,17.00388392127271,15.988516575589905,1.1,100.0,-0.86,0.23
RTX,2015-04-07,57.62282781825385,58.0093951324138,57.47113729741623,57.49070739746094,3605600,20.166253218356744,18.590530825606937,18.19318600532172,16.98989038506595,15.93518667698727,1.1,100.0,-0.8,0.22
RTX,2015-04-08,57.598333012627734,58.05829838541441,57.28027601570583,57.661949157714844,3947235,20.202048558474516,18.554707037237485,18.154443797282084,16.980258605454782,15.844659909408662,1.09,97.0,-0.76,0.25
RTX,2015-04-09,57.59346116632439,58.10236086218325,57.339014284460305,57.681541442871094,3318468,20.202854912807354,18.543339376553465,18.14649265532615,16.824788118030973,15.840369983288152,1.08,96.0,-0.71,0.26
RTX,2015-04-10,57.808758977571145,58.20021428986799,57.46133786465873,57.9653434753418,3582718,20.24609570353089,18.56148288409905,18.156908659688188,16.78488044723303,15.810804231918324,1.07,97.0,-0.67,0.25
RTX,2015-04-13,57.72559539695119,58.043658524503236,57.36838612957939,57.45157241821289,4815306,20.319232718591508,18.595656231809286,18.18706194622369,16.797536488087598,15.688609462888683,1.05,99.0,-0.66,0.23
RTX,2015-04-14,57.275396822313674,57.79407853626071,57.045414076442256,57.588565826416016,4141570,20.048418539442192,18.598499821961873,18.186460069092064,16.79843361017015,15.679689349913037,1.04,98.0,-0.67,0.23
RTX,2015-04-15,57.77941330734469,58.12194048693264,57.505390377248126,57.67665100097656,4408363,19.80795519318234,18.01485491780298,18.080227412017177,16.798756972112713,15.656413218356882,1.02,90.0,-0.63,0.29
RTX,2015-04-16,57.42219146940668,57.89194496050323,57.21178475910077,57.485801696777344,4616204,19.776766345789625,17.86939340530382,18.089200927225487,16.698714861913462,15.641583619009767,1.0,91.0,-0.6,0.29
RTX,2015-04-17,56.91330838624243,57.01607069985132,56.203789868577786,56.32612228393555,6862097,20.55970075087204,18.15598920410544,18.399524324188903,16.845268263583897,15.659767415191281,0.98,100.0,-0.59,0.18
RTX,2015-04-20,56.77138724591066,57.33410905340392,56.70777702092911,57.01115798950195,6367918,20.717225681243644,18.162700329236007,18.37555444450185,16.83800380573876,15.700834179391022,0.97,99.0,-0.53,0.19
RTX,2015-04-21,58.09744855283251,58.22956892603276,56.815420599593224,57.2264518737793,7285565,19.883693890408633,18.168664672326095,18.236505978039016,16.833544778555797,15.703607768004307,0.95,98.0,-0.54,0.26
RTX,2015-04-22,57.24603578063004,57.46133649386359,56.62948581839892,57.231353759765625,4437918,16.881384307168158,18.04958277625783,17.764562110392625,16.8317424061318,15.685759787552241,0.94,70.0,-0.46,0.32
RTX,2015-04-23,56.967108242037575,57.69620243131758,56.776271667182506,57.37813949584961,4183519,16.7278744810959,18.04293210883451,17.614643408199598,16.832794748939985,15.683117047206743,0.93,63.0,-0.41,0.42
RTX,2015-04-24,57.46622746946852,57.59344791506398,56.790961323659396,56.83988952636719,5598206,15.216647308020558,17.721186827183093,17.686280744735143,16.81048354316281,15.701439789509497,0.92,67.0,-0.38,0.36
RTX,2015-04-27,57.08455010891857,57.187306445672725,56.614796685821474,56.63437271118164,6229357,14.084504662548683,17.717463284744188,17.686718649433548,16.813338128162624,15.633575290248425,0.9,67.0,-0.39,0.36
RTX,2015-04-28,56.37014927311993,56.87904298540952,56.24781688631047,56.800750732421875,4364506,13.672172646822272,17.469036672496582,17.69026804187285,16.70909854998165,15.630775923341325,0.89,67.0,-0.45,0.36
RTX,2015-04-29,56.5560858927696,56.874142946185934,56.35546127425013,56.45821762084961,4598248,13.745772631419777,17.22112904517199,17.62876542295098,16.72421110653927,15.642131000333132,0.88,62.0,-0.44,0.39
RTX,2015-04-30,56.23802934537883,56.58055647205254,55.435536711560665,55.66062545776367,6195829,14.156765332114741,16.962184571945475,17.779874595948066,16.787474569746315,15.692933072585912,0.87,70.0,-0.46,0.3
RTX,2015-05-01,56.07164267759233,56.62457633036939,56.03249656478602,56.48756790161133,4420121,14.829839331967525,17.153192360207473,17.927552975229542,16.81874524805545,15.708611897344582,0.85,84.0,-0.46,0.22
RTX,2015-05-04,56.653960453552095,57.31944467692145,56.61481432276567,56.9818115234375,6237302,15.094898889504654,16.76050662225503,17.810075139095805,16.845591857841384,15.730576769533705,0.84,72.0,-0.41,0.27
RTX,2015-05-05,56.766495476633885,57.192208837215226,56.13037540535554,56.3065299987793,4811810,15.349255910681029,16.92074952534047,17.71297944044336,16.909133226120357,15.774260349823605,0.83,65.0,-0.4,0.29
RTX,2015-05-06,57.03562459263537,57.03562459263537,55.91507493537883,56.311424255371094,5863887,15.326083318443933,16.905346617116937,17.587930922866686,16.69617522124123,15.758672155046966,0.82,53.0,-0.36,0.37
RTX,2015-05-07,56.33587892476198,57.035609035773675,56.07164413946243,56.78116226196289,5014407,14.352647842658369,17.000368886459132,17.620454150415135,16.715918045611144,15.761610237075041,0.8,56.0,-0.31,0.35
RTX,2015-05-08,57.59835317314445,58.15618699571984,57.40262845982134,57.95066833496094,5891694,15.486007300763921,17.52511348739523,17.69663853027601,16.83993029780142,15.892003939595176,0.79,63.0,-0.28,0.36
RTX,2015-05-11,57.46623199799244,57.9800196918177,57.46623199799244,57.59345245361328,4804818,15.474813351484334,17.49708698157605,17.72417633363871,16.85526005835912,15.904507793625763,0.77,66.0,-0.26,0.34
RTX,2015-05-12,57.275399190045476,57.65707244654087,56.771393544749216,57.42708969116211,4455715,14.716715002416663,17.257247876323415,17.641437179772673,16.841993759279177,15.846684253345247,0.76,56.0,-0.2,0.39
RTX,2015-05-13,57.55006816008017,58.05683716901551,57.495944881590034,57.74687194824219,4828494,14.247596640693667,17.301121522525,17.63877915706965,16.84782826814264,15.85602623853248,0.74,55.0,-0.14,0.39
RTX,2015-05-14,57.96829846746823,58.730909740925306,57.96829846746823,58.61774826049805,4336063,14.456610160795766,17.547405319285584,17.295833181145138,16.933683717651306,15.909676513998702,0.73,39.0,-0.17,0.35
RTX,2015-05-15,58.588215736827664,58.7407379565461,58.017487623192736,58.29792785644531,4710908,14.300895051991395,17.50207962158507,17.21248587320604,16.934067657305857,15.857152194410418,0.72,33.0,-0.15,0.41
RTX,2015-05-18,58.31763053460997,58.6079125464698,58.253671506661405,58.30778884887695,3869374,14.200473714765854,17.372500907113544,17.08649563213237,16.934072022087552,15.825912637243858,0.72,31.0,-0.16,0.48
RTX,2015-05-19,58.35205776774959,58.77026370912813,58.3077761562484,58.58330154418945,4462548,14.214335146653074,17.399465566833236,17.10127169137309,16.890763050993886,15.828176108826064,0.71,31.0,-0.18,0.47
RTX,2015-05-20,58.873595995423166,58.873595995423166,58.3520701595603,58.48490905761719,3863812,14.211584298481927,17.399419328366395,17.098132549949764,16.857884782209613,15.736490511962268,0.69,30.0,-0.18,0.47
RTX,2015-05-21,58.45537267316135,58.87357857963904,58.40125534724253,58.60789489746094,3370587,14.219318058242566,17.397933221679704,17.095793923433096,16.858526608143386,15.665555770676528,0.68,29.0,-0.2,0.47
RTX,2015-05-22,58.54885484350671,58.873576682524615,58.327452776268686,58.36189270019531,3797074,14.220891585144457,17.381648055035274,17.1014927333834,16.867955327462365,15.671094171543793,0.67,31.0,-0.2,0.47
RTX,2015-05-26,58.32746119730984,58.361901126208735,57.274562068626075,57.500885009765625,5457579,14.651770829232818,17.592840979578693,17.24433004590619,16.95480131042825,15.737787261590256,0.66,36.0,-0.16,0.38
RTX,2015-05-27,57.761644105122386,57.99780871470183,57.407403155409725,57.87972640991211,5347144,14.759986973014922,17.506475729671735,17.190261290590914,16.969151633304303,15.74890132832346,0.64,31.0,-0.09,0.43
RTX,2015-05-28,57.69770088496064,58.056868739246895,57.69770088496064,57.90434646606445,4613820,14.754614399920529,17.342872268071936,17.190267109286665,16.96915153618962,15.748762572953023,0.63,31.0,-0.02,0.43
RTX,2015-05-29,57.81578333755817,57.86498580261606,57.28441580183909,57.64849853515625,8042565,14.780725977495685,17.3317448429576,16.986544292860188,16.977515836836524,15.751887245716583,0.61,23.0,0.06,0.54
RTX,2015-06-01,57.67801132381654,57.87480921286927,57.299160177515,57.564849853515625,3720802,13.461611831626078,17.329750174049902,16.82525815924219,16.97904389522502,15.752184811813963,0.6,20.0,-0.07,0.66
RTX,2015-06-02,57.432008300679634,58.08145807274203,57.19092282051294,57.73213195800781,5566744,13.044593241907357,17.192863121750023,16.749912541037233,16.979739883936013,15.722773539164233,0.6,18.0,-0.08,0.7
RTX,2015-06-03,58.07162417923268,58.6079125464698,57.76165879590682,58.30778884887695,4973411,13.301261546432702,16.84534800431601,16.612449595409775,17.015729791149884,15.749712643333853,0.6,12.0,-0.02,0.77
RTX,2015-06-04,57.973216265495516,58.263498232539234,57.461526226931824,57.633731842041016,5691162,13.767511917894257,15.274939937935772,16.69639343018272,17.076089388229665,15.78245932406819,0.59,15.0,0.04,0.7
RTX,2015-06-05,57.36312515788117,57.751812023375535,57.16140046224671,57.564849853515625,4238499,13.755366809042657,15.187194080589109,16.689355498127025,17.06601375844788,15.758943779377347,0.58,14.0,0.11,0.7
RTX,2015-06-08,57.33852032539477,57.741969712281055,57.126959912865644,57.161399841308594,5143752,13.62820405848844,14.379552436397214,16.72909046967088,17.082745506427262,15.762800134747096,0.56,16.0,0.16,0.67
RTX,2015-06-09,57.3237826183833,57.68786539004623,57.08269707533212,57.220462799072266,3971706,13.58181131622967,13.75106384367909,16.686564783055875,17.082357983122115,15.73139638718271,0.55,12.0,0.15,0.71
RTX,2015-06-10,57.810848236083984,58.05685453604012,57.520566289619886,57.810848236083984,4998676,13.86654107851459,13.721273196509804,16.760477658178782,16.972309091163883,15.744504261431791,0.54,18.0,0.11,0.66
RTX,2015-06-11,58.05193813119402,58.25366283540335,57.776412724288605,58.21430206298828,4302218,13.837883491593187,13.796909756871534,16.404124213989803,16.94202149455984,15.74380403027646,0.54,3.0,0.15,0.74
RTX,2015-06-12,57.791162726386816,58.07160294999308,57.574675542691786,57.860042572021484,3726682,13.247693458222404,13.826517229943514,16.33030137209129,16.94890695096812,15.706746222529077,0.54,3.0,0.17,0.77
RTX,2015-06-15,56.684147621315326,56.84158471542137,56.285619133242015,56.388938903808594,9490938,14.784430074538122,14.705648806401555,16.712742905368174,17.13545754507642,15.918227750972028,0.54,14.0,0.11,0.73
RTX,2015-06-16,56.33973967683288,56.76778126175196,56.246255628501046,56.551300048828125,7843622,14.578933232772037,14.720645958375275,16.607293757219384,17.11991417425322,15.920663636487872,0.54,6.0,0.1,0.8
RTX,2015-06-17,56.718582990108665,56.81698191160511,56.078969124087585,56.615257263183594,6037247,14.155781947388762,14.671031198063517,16.59913949860851,17.118205900792244,15.920615627542947,0.54,6.0,0.08,0.81
RTX,2015-06-18,56.231503437028096,57.3483615580014,56.231503437028096,57.02363967895508,5964470,14.300472627191038,14.74582250521051,16.563248296106924,17.128311936068766,15.935679230932779,0.54,6.0,0.06,0.86
RTX,2015-06-19,56.87602891151297,57.14663341512757,56.526702880859375,56.526702880859375,6690008,14.337475194358081,14.2229949614503,16.609259835808718,17.039304828152233,15.95713579566986,0.54,9.0,0.02,0.81
RTX,2015-06-22,56.77762794975201,56.96459009824464,56.5611467177408,56.718589782714844,4721078,13.006282741236666,14.222249967943167,16.3449604544841,17.025027017083744,15.956936807114408,0.55,4.0,0.01,0.98
RTX,2015-06-23,56.66447734027362,56.83668296230223,56.5414741766328,56.69399642944336,5772519,12.90261699615827,14.138450561327323,16.3325530477502,16.97818260760334,15.940114562838376,0.56,4.0,0.01,1.0
RTX,2015-06-24,56.43323564656756,56.497200634256714,56.00027308349589,56.074073791503906,6786937,13.241068980107615,13.88254233471298,16.263901477304216,17.03130606547201,15.929292310673175,0.57,3.0,0.0,1.04
RTX,2015-06-25,56.20689897372693,56.40862364326414,55.74441146850586,55.74441146850586,6016272,13.17977176746901,13.653794141266157,16.098444436473297,16.724973703636216,15.935759800305688,0.59,1.0,-0.01,1.12
RTX,2015-06-26,55.828070513076156,56.0839125838741,55.62142494053997,55.85266876220703,5827975,12.30483401884916,13.48477575815568,15.786631918354816,16.672941755180766,15.933737928773391,0.61,1.0,-0.05,1.26
RTX,2015-06-29,55.46888824341827,55.61157475229947,54.83420109196644,54.87356185913086,6610876,13.120073710928445,13.762806674707853,15.962802018759556,16.501213709541066,16.015370265230818,0.63,2.0,0.05,1.15
RTX,2015-06-30,55.22288651451129,55.340968812994625,54.425835473240916,54.5783576965332,9390672,13.13855797506475,13.718370954159454,15.65744133515135,16.516772300781223,15.99495845866365,0.65,1.0,0.2,1.26
RTX,2015-07-01,55.119559396789775,55.188439237231165,54.189663656864795,54.524227142333984,6557485,12.980636197436851,13.710548676240172,15.654824156360975,16.497024941871103,15.989601706807264,0.67,1.0,0.27,1.26
RTX,2015-07-02,54.775175532789206,54.90309358202801,53.73703878775909,53.90432357788086,8198446,13.2393384914312,13.854644644498817,15.738791864208457,16.535385417491085,16.015659586643018,0.69,3.0,0.48,1.17
RTX,2015-07-06,53.31391291765689,54.02732178082008,53.11218819020025,53.8059196472168,6666014,13.163823499511572,13.851989422928144,15.738069655099524,16.494040671362168,16.01272805972029,0.7,3.0,0.59,1.17
RTX,2015-07-07,53.89446127792118,54.22902476553582,53.16136933788151,54.16506576538086,7519307,13.439895391616588,13.889191545792567,15.782112153702515,16.50940585039767,16.022957396299763,0.72,5.0,0.52,1.14
RTX,2015-07-08,53.51069700854568,53.983026157242094,53.264690752435726,53.46641540527344,6048211,13.299760514639758,14.011329113213211,15.845383411848795,16.374228402387985,16.0501772759846,0.73,7.0,0.61,1.06
RTX,2015-07-09,54.12079920382711,54.337280468093525,53.58943176269531,53.58943176269531,4059895,13.105098117951997,14.010428423997364,15.678389052565953,16.375252486413245,16.050816200190486,0.74,3.0,0.62,1.16
RTX,2015-07-10,54.307764798862685,54.75056903946145,53.87971712082273,54.20936584472656,6847954,13.704381867788479,14.240572822698972,15.802102684329428,16.41883537460902,16.090044730889414,0.75,8.0,0.54,1.08
RTX,2015-07-13,54.70628960389663,55.09497051581383,54.489802376316455,54.89816665649414,6185818,14.339857865775022,14.503796666086185,15.915676358516539,16.45041411532717,16.130550418516044,0.76,10.0,0.47,1.01
RTX,2015-07-14,54.85881054179447,54.92769637189711,54.62265185521953,54.863731384277344,4747138,14.342735692642997,13.915999066662932,15.859317675684151,16.295903418472783,16.117241187748814,0.78,10.0,0.42,1.04
RTX,2015-07-15,54.85880269732834,55.02116661741585,54.519318296472356,54.73580551147461,4519911,14.280009733527644,13.673253823507942,15.768743828981474,16.285405117158792,16.11885736202133,0.79,6.0,0.34,1.1
RTX,2015-07-16,55.26224064235031,55.28191804073904,54.632468459423286,54.74071502685547,4868378,13.858191426826044,13.642888165382244,15.766100572224284,16.281330730439024,16.113476874208878,0.8,6.0,0.25,1.11
RTX,2015-07-17,54.74073419064342,54.844053988829565,54.41600630397617,54.484886169433594,5506044,13.587024004252097,13.665560952934888,15.774797653610898,16.129374063591577,16.059171490695316,0.81,8.0,0.14,1.09
RTX,2015-07-20,54.59803595940295,54.6177193251224,53.879706439112184,54.356956481933594,11896843,13.586146845774962,13.650722375805827,15.771718479430085,16.124485839422206,16.045249574770896,0.82,8.0,0.02,1.1
RTX,2015-07-21,51.34095808053905,51.636160884656476,50.076498514337224,50.53406524658203,31049219,24.656464045640565,20.048220581025998,19.456376279575842,18.297927509079607,17.61694818265089,0.85,100.0,1.79,10.36
RTX,2015-07-22,50.312663045612695,50.430745359961335,49.63861207128555,49.96333694458008,14990149,24.693489963309332,20.13810320385935,19.503690029971455,18.330759503426332,17.552540147568042,0.89,100.0,2.97,10.2
RTX,2015-07-23,50.27330196416548,50.278222806148456,49.56481106477084,49.76161193847656,9415937,24.29399231645143,20.114541308962597,19.40805215208859,18.320873746364942,17.528063848298675,0.91,98.0,3.49,10.35
RTX,2015-07-24,49.692727569461546,49.78620864701047,48.83663534691226,48.861236572265625,10468332,24.315126309716995,20.36826745019635,19.513736095983223,18.432674709800295,17.60715127283045,0.94,100.0,3.97,10.05
RTX,2015-07-27,48.600474704357204,48.974402027373976,48.4036738324663,48.64475631713867,12013476,24.318326623370996,20.223941701156733,19.509877236587794,18.399796789530694,17.612030327652338,0.97,99.0,3.98,10.07
RTX,2015-07-28,48.72347653626921,48.84647670507124,48.22654905460036,48.69395446777344,8871387,23.63594426373263,19.924676585269914,19.51559868861918,18.384823130131156,17.612031270997463,0.99,100.0,3.69,10.07
RTX,2015-07-29,48.75299950663519,48.99408498629946,48.01498948803998,48.885841369628906,18965986,23.668110054415088,19.833951188195183,19.479076761526144,18.382447019731625,17.552029677098087,1.01,96.0,3.23,10.27
RTX,2015-07-30,48.89568145383897,49.8354131661044,48.70871629746438,49.55989074707031,10708430,24.217931714961516,20.011159552272613,19.34616128675214,18.4581790286654,17.58527666620931,1.02,93.0,2.79,10.54
RTX,2015-07-31,49.65337608345414,49.933819368523736,49.32373033848048,49.35325241088867,11468131,23.966616462738845,20.010093929481528,18.54123483818093,18.44781986323418,17.552104920768468,1.03,92.0,2.32,12.51
RTX,2015-08-03,49.35324197481563,49.35324197481563,48.305266781337174,48.91535568237305,11319559,23.968938373504272,19.93500280231316,18.514916526958245,18.467130862501847,17.570337286089106,1.04,91.0,1.94,12.46
RTX,2015-08-04,49.21549075493668,49.25977237333518,48.66444287555158,48.72348403930664,8831026,23.84464577024675,19.357876890107484,18.045973832830537,18.471766446768562,17.571895410597268,1.04,75.0,1.65,13.61
RTX,2015-08-05,49.185962442749215,49.2646869667654,48.57587347699768,48.64475631713867,6190108,23.8271340296632,19.3473186622947,17.790607976257533,18.45865796954124,17.57250527159075,1.04,65.0,1.34,14.68
RTX,2015-08-06,48.703792453979275,48.81203307148039,48.39382716111101,48.69887161254883,6671258,23.825407947067625,19.364025541943818,17.67615776070621,18.4594798373679,17.534099428327114,1.04,55.0,1.07,15.03
RTX,2015-08-07,48.57094981652834,48.7037916566789,48.21670292124144,48.3593864440918,4603492,23.83233024022082,19.304951826721496,17.69480330288905,18.40439314319128,17.542428465577675,1.04,60.0,0.84,14.9
RTX,2015-08-10,48.63491148003554,49.097399016301566,48.63491148003554,48.97931671142578,9642688,24.296169132239676,19.221722112498803,17.82529390604371,18.470686331075147,17.510043166793977,1.04,72.0,0.6,14.5
RTX,2015-08-11,48.55126655238807,48.65458930296419,48.2167000600261,48.51682662963867,12189855,24.020572389140586,19.26141200728103,17.842001777437773,18.50032686488602,17.533634378900512,1.04,72.0,0.39,14.42
RTX,2015-08-12,48.16027107685616,48.947673001750054,47.863136859061036,48.873390197753906,7339273,24.242944288454765,19.368140349985985,17.89714966507518,18.448845864547863,17.53342059853967,1.04,72.0,0.19,14.27
RTX,2015-08-13,48.79911577316852,49.02691722570206,48.56141134530413,48.71988296508789,7452251,24.23022758082189,19.302313730169267,17.882251853629406,18.38400459712915,17.49487131610881,1.04,71.0,0.0,14.35
RTX,2015-08-14,48.58616343732065,48.96748344376853,48.52673659194831,48.87834167480469,7012734,24.199332267930817,19.34386828464561,17.889905954476777,18.10797409350179,17.496898618212526,1.04,71.0,-0.17,14.34
RTX,2015-08-17,48.59607109440673,49.23986048041783,48.3385547396401,49.20519256591797,6718928,24.367674611635127,19.4176500778477,17.672320518961243,18.057848580886446,17.509905409451203,1.04,53.0,-0.33,15.38
RTX,2015-08-18,49.007113719421575,49.53204951738613,49.007113719421575,49.22996520996094,7516606,24.22118866361682,19.428253069163695,17.67168414665779,18.058195530778985,17.354801995487858,1.04,53.0,-0.48,15.42
RTX,2015-08-19,48.8783423375771,49.210141478285756,48.46731040377494,48.635684967041016,5751862,24.192949586250542,19.3642714982781,17.69574040729817,18.10740385120629,17.389371135191293,1.04,60.0,-0.61,15.14
RTX,2015-08-20,48.284087953642754,48.6059841947345,47.452117919921875,47.452117919921875,9667476,24.913942075257946,19.77183307649791,17.831095425928904,18.33078786602754,17.524351168983756,1.04,69.0,-0.7,14.32
RTX,2015-08-21,47.026214071914865,47.154970732071874,46.01596373489345,46.06053161621094,12115172,25.53789370412941,20.48342396412273,18.273689126716782,18.590406372034895,17.76392363147755,1.04,88.0,-0.7,12.9
RTX,2015-08-24,43.911276677105704,46.14967905448252,43.168445543933956,45.000762939453125,17470896,25.451874597164014,20.868189672285304,18.526716622649477,18.774884170996845,17.900045532790347,1.04,91.0,-0.63,12.05
RTX,2015-08-25,46.23386684021011,46.42700336343618,43.92118455154781,43.97565841674805,13162482,25.819251985180813,21.216152351246368,18.702589696507648,18.95346661431331,18.0335704072666,1.05,92.0,-0.5,11.31
RTX,2015-08-26,44.91161975804,45.40684046490467,43.98060218754105,45.34246063232422,11727297,28.047108702447638,22.357425839411086,19.38528612017984,19.220446498205227,18.304103583459423,1.07,93.0,-0.55,10.11
RTX,2015-08-27,45.81788641848732,46.29329829141036,45.337521556832954,46.189300537109375,11875868,28.904949177940864,22.653345763963475,19.666851375289724,19.240975330382224,18.397377178340598,1.09,100.0,-0.65,9.58
RTX,2015-08-28,45.98130195965327,46.327957092474406,45.892163183314764,46.1744384765625,8310788,28.945396574243986,22.60670310670797,19.651780774525747,19.18830704275995,18.39724961733255,1.11,99.0,-0.75,9.6
RTX,2015-08-31,45.16915434403515,45.86741480233733,44.83735507556126,45.36724090576172,11239633,29.138495520597406,22.779497545453946,19.798770323653653,19.27656272561974,18.450310563014607,1.13,100.0,-0.81,9.15
RTX,2015-09-01,44.31736605194572,44.906678669152654,44.213368295115586,44.43126678466797,10783907,21.711325246453267,23.033366040870895,19.978060153429553,19.329780079079768,18.53203669801693,1.16,100.0,-0.84,8.62
RTX,2015-09-02,45.0354324762857,45.193901082506635,44.55506766579706,45.183998107910156,8965138,22.436431598272776,23.40989503631726,20.189115229737244,19.445583529194533,18.613149190048127,1.19,100.0,-0.91,8.33
RTX,2015-09-03,45.56034927543522,45.8475774638502,45.38207178042592,45.51578140258789,7205479,22.64655432762571,23.34119179646091,20.234022245821233,19.411800689315744,18.62990893095333,1.22,100.0,-0.98,8.26
RTX,2015-09-04,44.976010082387205,45.13943169301422,44.74820562235023,44.90667724609375,7250289,22.407005483364177,23.307656117168396,20.300800796978198,19.44927907447922,18.669771473641962,1.25,100.0,-1.04,8.04
RTX,2015-09-08,45.634654327311935,46.03578639129239,45.53561256035114,45.966453552246094,7650717,23.64277736363551,23.98232723753731,20.710033368731224,19.389013360764686,18.82277693013326,1.29,100.0,-1.11,7.48
RTX,2015-09-09,46.377483809589485,46.47157557976718,45.431610117620664,45.486083984375,7600982,23.755420510614968,23.587425653199954,20.54853027666719,19.37977628787021,18.848783317475355,1.32,99.0,-1.18,7.82
RTX,2015-09-10,45.58016955256764,45.60493148929073,45.01066602061174,45.26322937011719,9725792,23.692905734218485,23.55034385867242,20.42578880756886,19.30764652993406,18.853514761279232,1.35,98.0,-1.23,7.98
RTX,2015-09-11,45.16418107137143,45.72873157119991,45.06513633408297,45.72378158569336,7134928,23.50180021688003,23.70094459607471,20.49868645591558,19.35354743924754,18.883821585272077,1.38,98.0,-1.29,7.87
RTX,2015-09-14,45.70893246072846,45.778265292656705,45.258282561345055,45.47618103027344,5210649,23.511506372888306,23.597377060326874,20.501429587549694,19.35930137009986,18.889906092822603,1.41,98.0,-1.33,7.83
RTX,2015-09-15,45.86739506270308,46.11005542405854,45.59997576791954,45.89710998535156,6527135,23.683423808783903,23.722307973848345,20.5686583995173,19.392956890669733,18.91518688815864,1.44,99.0,-1.38,7.73
RTX,2015-09-16,45.916934297055114,46.60529171216818,45.8971253425982,46.52110290527344,5568174,24.103119349378403,23.936857529620465,20.686290041185636,19.469312464740803,18.965501493529814,1.47,99.0,-1.42,7.62
RTX,2015-09-17,46.49632706881458,47.00640674321708,46.124913035989195,46.20909881591797,8272016,24.15000099702029,23.9393936660321,20.69835619608605,19.47322577430424,18.97109483556829,1.5,99.0,-1.46,7.58
RTX,2015-09-18,45.76340994461725,45.85750171610317,44.83239220303486,45.09981155395508,16634923,24.999783037014332,24.272416317509826,20.981485328811818,19.635336815193412,19.11301887737341,1.53,100.0,-1.49,6.98
RTX,2015-09-21,45.2285546365132,45.64454250311583,45.06513308313417,45.33750534057617,4737127,25.062969211642095,24.33547152421795,21.006899981110134,19.649368237539928,19.122004254498446,1.57,100.0,-1.52,6.98
RTX,2015-09-22,44.064785517318704,44.421346543455606,43.41109330454464,43.67851257324219,12571691,26.62459570253545,25.27403611157618,21.651815467900548,20.024141500850163,19.38968961646004,1.62,100.0,-1.53,6.18
RTX,2015-09-23,43.65376871849418,43.76766944628321,42.53952038016752,43.064453125,11638154,26.745168937251602,25.203278080589286,21.55429301179813,20.023349598037505,19.414680213531913,1.66,99.0,-1.52,6.2
RTX,2015-09-24,42.465231529255746,43.0793059751362,42.34142484176849,42.9951171875,11324485,26.54184559584661,25.206512649144774,21.477170745924937,19.971743424639417,19.402815320857833,1.7,98.0,-1.52,6.29
RTX,2015-09-25,43.396250837818826,43.66367018965921,42.95055091748113,43.232826232910156,11834236,26.69199112051445,25.274573488934905,21.467357996296197,19.870560917665532,19.359401128713355,1.73,97.0,-1.52,6.38
RTX,2015-09-28,42.88616414438977,43.31700803153399,42.732645541215966,43.000064849853516,8491139,26.60596884251164,25.227615214470568,21.467268462856147,19.870241684666603,19.34947615762579,1.77,96.0,-1.52,6.35
RTX,2015-09-29,42.876269731582695,43.619100959244605,42.81684287315239,43.569580078125,6542866,26.902765918300798,25.462643583321487,21.54422706671492,19.935700910339047,19.398627295810883,1.8,98.0,-1.53,6.26
RTX,2015-09-30,43.896420361611604,44.356976200798016,43.619095059778296,44.06974792480469,8049715,27.24705867502576,25.56237802283676,21.3461850764013,19.992923499520714,19.42803109236076,1.83,94.0,-1.54,6.49
RTX,2015-10-01,44.02518226656623,44.287651637434315,43.3467278953418,43.75776290893555,5829405,27.15015024378385,25.496935494149664,21.35047048000285,19.992540552461044,19.370854297100575,1.86,94.0,-1.54,6.48
RTX,2015-10-02,43.32691249871468,44.515443385023865,42.99511336739509,44.456016540527344,7347854,26.948116724610706,25.774085896230194,21.553164063425804,20.094476778823292,19.43268783147951,1.9,98.0,-1.54,6.24
RTX,2015-10-05,44.78782523165181,45.7980758001059,44.67887449258107,45.689125061035156,7805963,26.951724532045528,26.356508535826794,22.03473671458784,20.17651039597674,19.595588027741883,1.93,100.0,-1.54,5.76
RTX,2015-10-06,45.63464746125363,45.981302598894025,45.56531763444995,45.83273696899414,5381307,26.065052315331833,26.18975135579446,21.877637945144134,20.12390475037467,19.598181585117544,1.97,99.0,-1.54,5.94
RTX,2015-10-07,46.55080865362824,46.6300474627437,45.84264237811001,46.30815124511719,5587083,25.213783087736758,26.327973465398948,21.965749834866312,20.10283920851852,19.44073980427576,2.0,99.0,-1.53,5.87
RTX,2015-10-08,45.98625816888358,46.74394832717239,45.976352192034895,46.7142333984375,6438310,23.793177519739213,26.43423887750019,22.032220349523076,20.077524008126602,19.42371070634496,2.03,99.0,-1.52,5.8
RTX,2015-10-09,46.882604360688774,47.51153778395465,46.803368559275405,47.2292594909668,6514741,23.408235652110807,26.575798442619252,22.10449838360192,20.126980615426717,19.275184616081205,2.06,100.0,-1.5,5.72
RTX,2015-10-12,47.01631937745765,47.278788749971675,46.85289776979686,47.25897979736328,5076696,23.40610207228528,26.579111240456793,22.108799054432428,20.09874713200092,19.275318460609025,2.09,100.0,-1.48,5.72
RTX,2015-10-13,46.63499452014171,46.92222280267307,46.372528176290416,46.68946838378906,6482008,23.0816350620053,26.654149783648744,22.154760493403717,20.133370683895905,19.302851381737206,2.12,100.0,-1.47,5.6
RTX,2015-10-14,46.68452346867942,46.97670176923633,45.44151543690834,45.64455795288086,8911589,23.233671025640827,22.67748687888091,22.387592586779377,20.183408601931035,19.415764294786918,2.15,100.0,-1.45,5.22
RTX,2015-10-15,45.91196379453609,46.16947710243401,45.63463853792713,46.144718170166016,6085552,22.943840635316278,22.731102272622174,22.397743203566506,20.231436985803803,19.42505202672079,2.18,100.0,-1.42,5.3
RTX,2015-10-16,46.55080856141441,46.625094381973405,45.872357215884826,46.05558776855469,5002808,22.868603550907356,22.724425607236373,22.35365451426019,20.169685956832627,19.425711312453686,2.21,98.0,-1.39,5.33
RTX,2015-10-19,45.80796957308762,45.98129712125975,45.1691362398963,45.585121154785156,8761428,22.718117120914762,22.527696727664352,22.385078749770646,20.10122910407162,19.312955462472974,2.24,98.0,-1.36,5.25
RTX,2015-10-20,46.714221576032784,48.37816410793068,46.095194237610414,47.353057861328125,14309263,24.346189099641784,23.904114730567485,23.28431906394572,20.484792929264362,19.689979997194857,2.28,100.0,-1.31,4.75
RTX,2015-10-21,47.660094932430034,48.868434685410094,47.55114422396246,48.51682662963867,16682752,24.997543305636842,24.43454801832899,23.654163749377318,20.68027643304264,19.834634788544996,2.32,100.0,-1.27,4.44
RTX,2015-10-22,48.67531675428926,49.63604653893668,48.58122497144354,49.418148040771484,9092894,25.336428545171017,24.714045446689866,23.858295079970713,20.665412831067805,19.90478339051425,2.37,100.0,-1.22,4.26
RTX,2015-10-23,49.749938238627344,49.967836697209286,49.61127558316611,49.82917404174805,7997278,25.296585097110015,24.612341044402285,23.83963888770856,20.693269005168556,19.825375055425347,2.41,99.0,-1.18,4.28
RTX,2015-10-26,49.829176262146895,50.00745382530157,49.52213901227802,49.63603973388672,4291889,25.256455413265805,24.610231902357878,23.788127037442557,20.692813341850645,19.819363229761255,2.45,98.0,-1.13,4.36
RTX,2015-10-27,49.42308633393245,49.50727211365055,48.88329473897907,48.96748352050781,5397039,25.622983556796598,24.701169554926658,23.865041009700995,20.74631984047497,19.86196798229038,2.48,100.0,-1.08,4.24
RTX,2015-10-28,49.21014859765746,49.28443141567418,48.615883051712586,49.185386657714844,6085711,25.408001019539718,24.70359257333644,23.86826642754696,20.756087354943816,19.766829207934702,2.52,100.0,-1.01,4.26
RTX,2015-10-29,49.145758008801025,49.32899152141453,48.65053732909559,49.051666259765625,5223520,25.3167205090178,24.708021545681394,23.865556039314832,20.732601014698858,19.764838910223865,2.55,99.0,-0.95,4.25
RTX,2015-10-30,49.04176313281752,49.11604593435869,48.66044315060727,48.73472595214844,6373320,24.211588096605542,24.744237992613467,23.802680619248484,20.667980927363637,19.76899441367264,2.58,95.0,-0.9,4.29
RTX,2015-11-02,48.93777252270926,49.314142574183386,48.70501810975035,49.22005081176758,4874258,24.293632873883013,24.782251234808427,23.834650800046727,20.708053684643602,19.78459704242936,2.6,95.0,-0.88,4.26
RTX,2015-11-03,49.21509566172648,49.690507440892326,48.92786739912516,49.522132873535156,4910010,21.132057631083434,24.67719660238529,23.85584631345218,20.710900996323016,19.784306075450857,2.62,96.0,-0.85,4.26
RTX,2015-11-04,49.73013302684831,50.03717028612039,49.52214052892387,49.68556213378906,4951483,20.408580663039803,24.602159328997736,23.549541196400003,20.692386316858364,19.779378404076837,2.64,90.0,-0.78,4.65
RTX,2015-11-05,49.73507773144099,50.01240001521207,49.383469637673876,49.91830825805664,4500684,20.318982232484053,24.576285082840347,23.559317939586524,20.663996350467308,19.76021192653007,2.65,90.0,-0.72,4.64
RTX,2015-11-06,49.54194122943491,49.91830825805664,49.17052418669767,49.91830825805664,4346074,20.369098378665107,24.565612134229546,23.557097097660858,20.66293867634495,19.75046435032072,2.66,89.0,-0.66,4.64
RTX,2015-11-09,49.819269433724905,49.938123141670246,49.13091212747198,49.353763580322266,5028708,20.699828061018962,24.675858047881064,23.571963934811922,20.69788205825332,19.776045329521516,2.67,90.0,-0.62,4.58
RTX,2015-11-10,49.25906240158839,49.55313215201518,48.820451787136136,49.18429946899414,4351477,20.66203898215886,24.64898829613661,23.54510718242193,20.69794539236442,19.778536268866436,2.68,86.0,-0.56,4.62
RTX,2015-11-11,49.36372695392934,49.54315979636007,48.880260415613165,48.97496032714844,3441615,20.675529965678162,24.664139572878163,23.536901642090072,20.6942194964549,19.771727731549163,2.68,85.0,-0.52,4.61
RTX,2015-11-12,48.4765250847948,49.7076297059494,48.28712530345164,49.453433990478516,13996230,20.49872147094365,24.614596351233082,23.603383906346583,20.724986994625187,19.791601758086646,2.68,90.0,-0.49,4.56
RTX,2015-11-13,49.204232706379656,49.66278026936075,48.042908796576384,48.087764739990234,9881832,22.182670261882702,24.76936122927946,23.93214462902736,20.923337716905703,19.98525938982068,2.69,100.0,-0.44,4.21
RTX,2015-11-16,48.12763321279676,48.775583540711324,48.037918314992325,48.7606315612793,8101834,21.19908602651291,24.11937084723048,24.046326880238393,20.959193629089633,20.02666607358877,2.69,100.0,-0.38,4.13
RTX,2015-11-17,48.930104040855895,48.994899992807554,48.5463193727709,48.6210823059082,7196263,21.24659713939481,23.600864644048254,24.041749458336493,20.953926963141107,20.028286008300768,2.68,99.0,-0.33,4.12
RTX,2015-11-18,48.66095458645987,48.775591482792066,48.26719992962415,48.700828552246094,6676978,21.098562289563784,23.04958282785424,23.903586016468374,20.95609725127287,19.983234357076864,2.67,97.0,-0.24,4.33
RTX,2015-11-19,48.83041507880853,49.288965663266595,48.76063715264947,48.994895935058594,6938527,21.034363078880403,22.270156580736135,23.921194548925527,20.937167721499826,19.993085989885657,2.66,97.0,-0.15,4.34
RTX,2015-11-20,49.16435386866036,49.61791638589432,48.9151431299537,48.95501708984375,7783240,20.85439311863585,21.98245813503593,23.92122770717285,20.798528438821208,19.992356218459566,2.64,97.0,-0.05,4.34
RTX,2015-11-23,48.93507960180345,49.13444637797137,48.79053574339975,48.890220642089844,6637412,20.866692502965797,21.985933390528825,23.8635751442903,20.37028512008201,19.94437129132019,2.62,91.0,0.06,4.43
RTX,2015-11-24,48.631041698468884,48.78555556304448,48.07779426685658,48.52637481689453,8491775,20.652283420278913,21.71587155756304,23.885498150018822,20.357562711298854,19.91170482563591,2.59,94.0,0.2,4.39
RTX,2015-11-25,48.551294916608974,48.870283570606155,48.47154699780661,48.48151397705078,6890540,19.386981582729465,21.233500388321108,23.853704319641597,20.13570817326735,19.728677828198236,2.57,87.0,0.32,4.41
RTX,2015-11-27,48.35193095873471,48.431678887167685,48.11767217426601,48.24726104736328,3050403,19.29647638468613,21.027693226652616,23.785470511086853,20.003759127813794,19.686954744182145,2.54,82.0,0.48,4.51
RTX,2015-11-30,48.37684625152476,48.47154614813948,47.818613850905855,47.87343978881836,8836429,19.46011732983404,21.064407884431734,23.803391109960568,19.966908675472478,19.700686506702034,2.51,84.0,0.65,4.46
RTX,2015-12-01,47.86846710893143,48.5712435460276,47.858497106083725,48.197425842285156,7302250,19.20506442312432,20.884324677549436,23.75106436874829,19.988527439848834,19.7113009152086,2.47,80.0,0.8,4.51
RTX,2015-12-02,48.07780002273221,48.26221786948974,47.41489760854912,47.474708557128906,6185183,16.4874544747382,20.62727630366229,23.74889335438423,20.048699610135376,19.766024487768366,2.44,79.0,0.86,4.44
RTX,2015-12-03,47.49962465213993,47.74883539638624,47.051044104011616,47.2005729675293,9664298,14.87797380043259,20.541922295137134,23.758469534951164,20.04097638867736,19.734225929861474,2.4,80.0,0.85,4.41
RTX,2015-12-04,47.34511466291817,48.162527852357385,47.24542975918017,47.71394729614258,14664722,14.167027552635922,20.613923592253723,23.838377290247976,20.090102685559742,19.765300606090417,2.35,85.0,0.76,4.35
RTX,2015-12-07,47.659120504502305,47.97312416916198,47.53451362174876,47.80366134643555,7438427,13.915055761958287,20.525051838505902,23.842861868053646,20.082826603671354,19.766358673017155,2.3,86.0,0.47,4.35
RTX,2015-12-08,47.34013853510287,47.50960139261266,46.801842975240596,46.96632385253906,11141750,14.682944188875435,20.833268486872193,23.97777231062616,20.174960767436836,19.773615930303603,2.25,98.0,0.01,4.17
RTX,2015-12-09,46.642339264882615,47.63918530044348,46.457924455288904,46.931427001953125,10982215,14.257858013974714,20.755949539544087,23.9776526328254,20.038194797110485,19.69411639235716,2.2,97.0,-0.84,4.17
RTX,2015-12-10,46.8865615703911,47.18561322495197,45.670411931338656,46.7868766784668,9238605,14.155739873512804,20.585373540525907,21.06614650227154,20.037351342535807,19.656592348782077,2.19,44.0,-0.84,0.44
RTX,2015-12-11,46.35823325071393,47.165676345170766,46.31835929386085,46.502777099609375,15798791,14.211127146027069,20.576745614592866,21.015292063900866,20.02068475315929,19.656545173424675,2.18,43.0,-0.84,0.47
RTX,2015-12-14,46.50277605552734,46.63734990158202,45.95451067171315,46.368202209472656,10722890,14.145859132818941,19.950539130595946,21.011455740345177,19.91275096087067,19.59201785078386,2.17,42.0,-0.84,0.48
RTX,2015-12-15,46.69218209262089,47.18063660795278,46.46789030499928,46.482845306396484,10516002,13.77667717655122,19.930098064081943,20.82752297034847,19.861356983178883,19.593912730677115,2.16,39.0,-0.85,0.57
RTX,2015-12-16,46.83672466501255,47.56442297500772,46.57256192755292,47.414894104003906,15680729,14.993318219605175,18.717238214101197,21.066170323661126,19.981577752486906,19.66209650776702,2.15,44.0,-0.84,0.47
RTX,2015-12-17,47.41488696577185,47.71394164154478,46.77192469998116,46.7868766784668,7630855,15.307374189932688,18.688759297657313,21.167040621427326,19.988482317695713,19.692342461293137,2.15,44.0,-0.84,0.41
RTX,2015-12-18,46.50776918760743,47.01616073738626,46.02429962158203,46.02429962158203,13769956,15.723990990200184,19.033820523988894,21.307372014703642,20.050903850498994,19.565008728100544,2.14,44.0,-0.85,0.34
RTX,2015-12-21,46.36321413259011,46.7968395983372,46.1987333198775,46.657283782958984,13838283,16.411696176882167,19.186463912053664,21.306783485244317,20.127027518970404,19.58760218379287,2.13,43.0,-0.84,0.34
RTX,2015-12-22,47.006190306250886,47.55445276009369,46.85167643529144,47.28530502319336,7379475,16.779389095059607,19.293094929713465,21.413686790057728,20.194567962829154,19.5879634687209,2.1,46.0,-0.82,0.28
RTX,2015-12-23,47.59931028234772,48.14757574080546,47.56442132143766,47.998046875,7432071,17.422758242807433,19.342773817539786,21.508059879011117,20.28317100571182,19.650388400557038,2.08,49.0,-0.8,0.24
RTX,2015-12-24,47.79369508880365,48.10769875820658,47.78372508785083,47.998046875,2197110,17.393164565365385,19.236903029024955,21.49970687427503,20.271282969275724,19.64960148342147,2.05,48.0,-0.79,0.25
RTX,2015-12-28,47.83855405983415,48.00303491627564,47.69899820735362,47.89338302612305,5731205,17.114972087256742,19.1700438330952,21.500877365087064,20.25020835570317,19.647038718158782,2.01,48.0,-0.78,0.25
RTX,2015-12-29,48.18246230275419,48.73072471270203,48.022966465149466,48.48151397705078,5230035,15.508239068633179,19.06843649639057,21.58945910182382,20.306657621916038,19.68761126610677,1.97,52.0,-0.77,0.21
RTX,2015-12-30,48.30707086205026,48.5961555852414,48.10770104563826,48.29710388183594,5023782,14.997249953522013,18.314147612527005,21.569270438836952,20.307287331711166,19.683731491352933,1.93,51.0,-0.77,0.22
RTX,2015-12-31,48.05287806596662,48.187454966256624,47.70398237632737,47.88341522216797,4689139,15.173049884207934,18.411350763002076,21.514115264819903,20.32545382074991,19.675682766549123,1.89,47.0,-0.75,0.24
RTX,2016-01-04,47.07596105045084,47.669082377055354,46.8317353327224,47.634193420410156,8552316,15.218766677706718,18.34090987837464,21.47798085269449,20.20088733396043,19.680808466351888,1.85,43.0,-0.74,0.26
RTX,2016-01-05,47.41988436464887,47.84852800139573,47.25042151467376,47.70896911621094,6758176,15.101222514912857,18.261696872348896,21.446194793587367,20.143701527890617,19.614751303530817,1.81,39.0,-0.72,0.28
RTX,2016-01-06,46.80184419033843,47.17067690226676,46.123989721487405,46.4130744934082,13189653,16.961762942264578,18.99591927130777,21.8755572857699,20.378811597612657,19.75236755561365,1.76,53.0,-0.71,0.18
RTX,2016-01-07,45.59066708433395,46.52769908902529,45.57073010460808,45.804988861083984,11098847,17.279769624924672,19.17753913089716,21.959605262407322,20.427819641705124,19.75882104065094,1.72,54.0,-0.72,0.13
RTX,2016-01-08,45.64051996108682,45.79503083907415,44.96765049585374,45.05736541748047,11919566,17.710090962007545,19.309600932848483,22.07003958764837,20.501835395881052,19.741898168421518,1.66,57.0,-0.74,0.09
RTX,2016-01-11,45.401281856669954,45.55579274382442,44.818127278465035,45.10721206665039,11417283,17.735269268132033,18.757204013963253,22.071208167646297,20.4812449907992,19.737299296998263,1.6,57.0,-0.75,0.09
RTX,2016-01-12,45.351437880754375,45.43118582524871,44.69352035988932,45.10721206665039,12231010,17.7329481933766,18.614283953773818,21.99742919460684,20.479908470321615,19.732106214689654,1.54,53.0,-0.77,0.12
RTX,2016-01-13,45.19192785681669,45.19192785681669,44.065493100281216,44.27482986450195,13647603,18.296899075412508,18.98448704402887,21.851526660124104,20.576338484062713,19.812126517199104,1.48,48.0,-0.83,0.14
RTX,2016-01-14,44.399444324392,44.6486581264876,43.79137086497759,44.36455535888672,11752085,18.137756386737358,18.8855871964399,21.3519729427341,20.572745358853496,19.804192677155026,1.44,31.0,-0.88,0.22
RTX,2016-01-15,43.35774794739389,43.89105850779041,42.6001455554224,42.679893493652344,16661618,20.650147142722282,18.75307834212616,21.90680307611979,20.98848924536075,20.162243446316793,1.39,50.0,-0.82,0.43
RTX,2016-01-19,43.0387555011292,43.0387555011292,42.10172328444871,42.48550796508789,11869830,20.64163447443632,17.95914419418745,21.617899902630583,20.902554651420292,20.02157994965427,1.35,45.0,-0.74,0.55
RTX,2016-01-20,42.08677358177939,42.6549761934807,41.56342994556361,42.281158447265625,15256307,20.19120630284677,17.44356465668387,21.05083122581118,20.870033867162473,19.982665509004853,1.32,21.0,-0.69,0.62
RTX,2016-01-21,42.28114978374257,43.25805891299266,42.13660892534893,42.64998245239258,9125468,20.458877578098004,17.454478564802834,20.879842984695145,20.869788265524377,19.958773383815288,1.3,16.0,-0.72,0.69
RTX,2016-01-22,43.3378044180237,43.55212319313433,42.80449091695442,43.03874969482422,7384719,20.35159349732493,17.61482203226358,20.93847971392203,20.90672888485782,19.942391989208254,1.28,16.0,-0.78,0.66
RTX,2016-01-25,42.8543385873724,42.93906850036343,42.21137314280073,42.3160400390625,16595516,20.73906952103968,17.71957674905198,20.924332057493753,20.953424725985627,20.002431879040053,1.27,15.0,-0.78,0.66
RTX,2016-01-26,42.510428433133846,43.098567978301816,42.47055446325083,42.68986129760742,11748748,21.040909193101815,17.81395837318886,20.725863694012798,20.82641954624519,20.007085310363692,1.26,12.0,-0.78,0.77
RTX,2016-01-27,42.714781592830214,43.6468288042127,42.24127897452061,42.76960754394531,12845317,21.067506350469685,17.834787475112506,20.54520474104613,20.823791934335812,20.004022744260258,1.25,6.0,-0.81,0.86
RTX,2016-01-28,43.013833408597094,43.46241404219232,42.82443356942951,43.08859634399414,9148191,21.274543014313814,17.922612288158355,20.546328715891317,20.85094793708544,19.94273507333847,1.25,6.0,-0.87,0.86
RTX,2016-01-29,43.29793092713988,43.706634521484375,43.24310196137927,43.706634521484375,12533238,21.778475426168978,18.067512951498863,20.573568850695075,20.918120779628538,19.99944191864266,1.24,8.0,-0.9,0.87
RTX,2016-02-01,43.39263491823105,43.78140156739235,43.08859516241739,43.641845703125,8003634,20.768070842510173,17.988969712040625,20.22325056795565,20.825620289969933,19.954111514727256,1.25,1.0,-0.95,1.0
RTX,2016-02-02,42.94903585869478,43.22815058609021,42.40575536392074,42.575218200683594,11754945,21.52230622264365,18.538742990642408,20.526272992246025,20.999673193077907,20.02560918312136,1.25,5.0,-0.99,0.87
RTX,2016-02-03,42.8593275949531,43.04872745647472,42.01201019883078,42.84437561035156,13197440,21.310117612030826,18.568916345177914,20.544350404373628,21.020075336175896,19.931053925489024,1.25,5.0,-1.03,0.87
RTX,2016-02-04,42.909164373234645,44.2150292194805,42.87925738783563,43.92095947265625,9409581,22.264189282403418,19.392567580570404,20.868512841731203,21.240030443751188,20.083162496729415,1.24,13.0,-1.07,0.79
RTX,2016-02-05,43.881076038265725,44.1153347849599,43.58202437607717,43.78139114379883,8289495,21.781884582582205,19.29828749257592,20.857778724773045,21.24085401764686,19.97782670413596,1.24,12.0,-1.11,0.8
RTX,2016-02-08,43.53218170816736,43.56208868799968,42.77458253019432,43.25306701660156,10897998,21.2977489997067,19.40814641029906,20.88322582421415,21.272656819804258,20.007620050359133,1.23,14.0,-1.15,0.76
RTX,2016-02-09,42.993906127636464,43.74652367402687,42.829428236884795,43.48236083984375,11696470,21.42733252558755,19.462164451714443,20.78252995301428,21.28648629294075,20.015913463415146,1.23,9.0,-1.2,0.82
RTX,2016-02-10,43.5421623545737,44.08544291243955,43.23314060761976,43.34279251098633,5750273,21.424772179401636,19.30983769133416,20.763951524118262,21.22912402253513,20.01614058414076,1.23,8.0,-1.25,0.83
RTX,2016-02-11,42.5602702678976,43.13843978094148,41.79269789681832,42.1964225769043,12254050,21.94406037076894,19.242860182307,20.84031328033504,21.4154445580334,20.179598025165447,1.23,11.0,-1.26,0.83
RTX,2016-02-12,42.36089006594143,42.92909245862498,42.31603110774711,42.83937454223633,9353331,22.679109881693236,19.288215206457007,20.970114923070376,21.50692421798161,20.226951019159483,1.23,18.0,-1.3,0.76
RTX,2016-02-16,43.53219442427282,43.61194236550441,42.645003109890986,43.103553771972656,11060076,22.821311428818934,19.36239517371962,20.152102099134552,21.524255694096144,20.184375192423193,1.25,1.0,-1.3,0.71
RTX,2016-02-17,43.54040017416977,44.4342058668535,43.505248049748495,44.2484130859375,8169208,24.38128134173147,20.197097435250683,20.45370001703022,21.774677114724053,20.369862927234152,1.26,3.0,-1.29,0.67
RTX,2016-02-18,44.46433677725495,44.710383407894305,44.2685026887146,44.36893081665039,7941345,24.400080312068404,20.155211961587415,20.455109171304485,21.774174849669976,20.362600256764637,1.27,4.0,-1.27,0.67
RTX,2016-02-19,44.363907548569706,44.68527754999047,43.89691904805845,44.303653717041016,18778008,23.208742845959083,20.15449359441698,20.439968628797946,21.732002446253578,20.34391461217319,1.28,3.0,-1.26,0.68
RTX,2016-02-22,44.78570766796161,47.657936964757305,44.62502266010232,46.38250732421875,34685169,26.684485487922206,22.384380861673822,21.662565644542173,22.409599103741535,20.853442759103096,1.28,46.0,-1.21,1.16
RTX,2016-02-23,46.312220443747954,46.41264860473972,45.43850000872777,45.995872497558594,18381075,26.340863707735423,22.39646991545641,21.61840659506728,22.425625230337417,20.865206532611676,1.28,45.0,-1.17,1.2
RTX,2016-02-24,45.74980673204411,47.276308055883796,45.74980673204411,47.00515365600586,27002354,27.03674005354702,22.870269919919757,21.81102179213298,22.57850673225608,20.988775805628663,1.28,46.0,-1.12,1.1
RTX,2016-02-25,47.15579785190428,49.57610200861523,47.040306267130816,49.244693756103516,26794989,30.030784683927635,24.798388150636093,22.958358673432524,23.270224436037847,21.519123175500596,1.28,64.0,-1.09,1.31
RTX,2016-02-26,50.31928274531862,50.49001213565672,48.45635030800146,49.05389404296875,23286477,29.408944386420742,24.756723043626028,22.851188843365776,23.23541019080524,21.515763666128105,1.28,63.0,-1.06,1.4
RTX,2016-02-29,48.92332942532186,49.64640897771301,48.46136303264405,48.516597747802734,14069324,29.703874651329105,24.829913468627627,22.533482211210014,23.247024057582276,21.533231772527472,1.28,62.0,-1.06,1.58
RTX,2016-03-01,46.307192647019875,47.728240966796875,46.23186925757702,47.728240966796875,19630347,27.611481117759695,24.864618721414516,22.69005632700853,23.3104444087173,21.559429173043902,1.28,62.0,-1.05,1.5
RTX,2016-03-02,47.58262273187342,48.20527417346037,47.40185207484353,47.969268798828125,8655760,27.50094904756313,24.8542764004997,22.646760800711657,23.135458557991093,21.537997369018115,1.28,61.0,-1.04,1.54
RTX,2016-03-03,47.8035539045092,48.28058367092061,47.73827486542657,48.260498046875,7306063,27.376553530157054,24.786993037537865,22.625520928907896,23.145808063189747,21.544118332186564,1.28,60.0,-1.05,1.56
RTX,2016-03-04,48.29063594225056,48.85804958826315,48.094801836551326,48.7074089050293,7427145,27.384214805278777,24.85389431239868,22.606302675091197,23.175462782587683,21.567063734034466,1.28,59.0,-1.06,1.58
RTX,2016-03-07,48.48143896274701,48.93838309617185,48.23037018895823,48.66722869873047,10022776,27.388532315566344,24.571445512940535,22.606956062144725,23.15579434625694,21.54101451486304,1.28,59.0,-1.07,1.58
RTX,2016-03-08,48.27558048212139,48.953466755480314,48.27056135694002,48.65720748901367,8507665,26.692573916384333,24.570444150403954,22.51931594243771,23.136961789782212,21.447630280749276,1.28,56.0,-1.07,1.63
RTX,2016-03-09,48.86809956957453,48.94844208824476,48.406133130959084,48.506561279296875,6608492,26.754813829165464,24.570547480367416,22.221974024047146,23.133032843735236,21.14947318569436,1.28,52.0,-1.06,1.78
RTX,2016-03-10,48.50654340846154,48.76765345420294,47.728226306526714,48.2956428527832,7640865,26.8637505645995,24.5529472477886,22.174069913429076,23.136652652179055,21.13480586763052,1.28,52.0,-1.05,1.84
RTX,2016-03-11,48.797806070215096,49.03380843678255,48.44128687033917,48.581886291503906,6405418,26.850732489551284,24.565228325968913,22.187509222927304,23.119171112520842,20.99686041848788,1.28,53.0,-1.04,1.82
RTX,2016-03-14,48.3559083063803,48.89319803651319,48.35088613898727,48.62204360961914,6315481,26.68708936536422,24.562701962339677,22.119819973596776,23.111977546271103,20.900782019691324,1.28,52.0,-1.02,1.85
RTX,2016-03-15,48.23540331937228,48.556773391138066,48.14501950855734,48.350894927978516,4369909,26.780869997637197,24.2692504408801,21.31143877088921,23.116774921572695,20.8725272888217,1.28,31.0,-1.02,2.07
RTX,2016-03-16,48.30569317733423,49.20954020400903,48.20526505353977,48.95344924926758,7306699,25.520708356638437,24.223292120346237,21.051535323111995,23.08135732280328,20.913707591044066,1.28,26.0,-1.02,2.24
RTX,2016-03-17,49.119154324468376,49.847255908194605,48.90323462843198,49.6313362121582,6619933,25.653545310284397,24.098084351876373,20.961218181462876,23.13688220275944,20.959034813951593,1.27,22.0,-1.02,2.31
RTX,2016-03-18,49.81713985079844,50.359448803794756,49.62130572402329,49.73679733276367,15106464,24.956311946670283,23.96007921853986,20.922352771197524,23.138937398686572,20.94880366268876,1.27,20.0,-1.03,2.35
RTX,2016-03-21,49.75185628464673,50.01296638488106,49.60623473188158,49.79704666137695,6350756,24.876569544668182,23.822544830051857,20.914025739083904,23.1032389800316,20.949212439655632,1.26,20.0,-1.02,2.35
RTX,2016-03-22,49.55099510924968,49.84725730923003,49.36520232197891,49.540950775146484,5578026,24.555951970830296,23.670307447996773,20.81731108849216,23.109408950209417,20.94572316954991,1.26,14.0,-1.03,2.43
RTX,2016-03-23,49.59618884095493,49.9476857710991,49.35014220734914,49.76691818237305,5140892,24.554891598829364,23.684346925644267,20.81790412252844,23.101640106003742,20.950466675998815,1.25,15.0,-1.03,2.43
RTX,2016-03-24,49.28486188737075,49.75185036417682,49.20953851430804,49.74180603027344,4523883,24.493385328618157,23.67841119741116,20.813179440939738,23.05362613293566,20.851264511346056,1.25,14.0,-1.03,2.43
RTX,2016-03-28,49.69158957960819,49.85729673621699,49.53592980046469,49.66648483276367,3622443,22.708205807894064,23.558614012723346,20.787873181323935,23.051755675502353,20.84921507017959,1.24,14.0,-1.04,2.45
RTX,2016-03-29,49.41542916156905,50.37451414375609,49.24972196101994,50.274085998535156,5985127,22.614397030873818,23.663734631589193,20.817701772780744,23.05667521465282,20.872871824441255,1.23,17.0,-1.04,2.42
RTX,2016-03-30,50.62556873359714,50.71595251698336,50.16359939562744,50.33934783935547,4784002,22.642914666132867,23.584916437599496,20.79693921898515,23.005346969015587,20.804743238382446,1.22,15.0,-1.03,2.45
RTX,2016-03-31,50.25399298006378,50.42471927996635,49.70666195189384,50.264034271240234,6089843,21.814461951471216,23.556444779270265,20.792487042167433,23.005654778507058,20.762465033786313,1.22,15.0,-1.03,2.46
RTX,2016-04-01,49.9075201476308,50.44480686171611,49.62129920380665,50.19875717163086,6416541,21.869979650253633,23.560278322845715,20.780776374353632,23.004810325358804,20.736059111449862,1.21,13.0,-1.03,2.48
RTX,2016-04-04,50.3644668413091,50.806347610519744,50.11339801491182,50.349403381347656,5891059,21.809037305058297,22.807987782453246,20.786014324235353,23.008395780675407,20.710327301770217,1.21,15.0,-1.03,2.47
RTX,2016-04-05,50.088289455080385,50.38957386840406,49.8824140554461,50.143524169921875,4958316,18.00458684453349,22.635815277225255,20.715875991080328,23.006984862078436,20.702366049064523,1.2,11.0,-1.03,2.53
RTX,2016-04-06,50.007940447496935,50.484973279012294,49.4204412443892,50.39960861206055,8056866,17.712269691618108,22.33414640806872,20.722436960971653,23.01523921377266,20.708412696512973,1.19,12.0,-1.03,2.51
RTX,2016-04-07,50.16362126399951,50.921850072842616,50.04812964009393,50.66073989868164,6109228,16.824768524024307,22.34374199698046,20.724290999239656,21.346077746853652,20.713292711175203,1.18,13.0,-1.03,2.5
RTX,2016-04-08,50.936897193329045,51.393844389806205,50.69586969930976,50.87664031982422,4378490,10.467178836887895,22.34500791005235,20.679389150715192,21.308877375182313,20.718606502389065,1.18,11.0,-1.03,2.55
RTX,2016-04-11,51.007203001250375,51.68508912509688,50.77119763892269,51.28839874267578,7283182,10.546545625447767,21.958527139139054,20.210823174186025,21.323855122395933,20.729261385024277,1.16,2.0,-1.02,2.78
RTX,2016-04-12,51.363716134505985,51.96126275771993,51.363716134505985,51.760406494140625,5066844,10.079515570470466,22.001273351664977,20.145677272188173,21.23690314857099,20.73432456142425,1.15,1.0,-1.0,2.85
RTX,2016-04-13,52.03658181132846,52.59897933547014,52.02653747652845,52.5286750793457,5822891,9.092142358681437,20.385049705851678,20.262062692542887,21.297487424763446,20.787768738020674,1.14,5.0,-0.94,2.71
RTX,2016-04-14,52.724514078421734,52.94043685934292,50.841496370707695,52.56383514404297,8290290,9.1033455236908,20.325171459313083,20.26159271230474,21.29739385869663,20.78716058915354,1.12,5.0,-0.9,2.71
RTX,2016-04-15,52.458367491339885,52.80484219244696,52.32781551228404,52.508583068847656,5982108,9.132457408170882,20.27348859008268,20.24598391689296,21.294001039574265,20.785172343539312,1.11,5.0,-0.88,2.74
RTX,2016-04-18,52.53872305930906,52.89524218216419,52.23744169421079,52.789794921875,4463660,8.96373276556158,20.249305209028094,20.25789947910034,21.243446635839007,20.69539180246518,1.09,6.0,-0.85,2.72
RTX,2016-04-19,53.02579763038377,53.37227240042139,52.47846659782962,52.724510192871094,6118445,8.978534660543472,20.23952947850752,20.257676928040063,21.237469186871003,20.65844931875962,1.07,6.0,-0.84,2.72
RTX,2016-04-20,52.93540479886407,53.28187952968579,52.824935388852445,52.99064254760742,6075383,8.961170205789237,19.79342742792217,20.225675057634415,21.215781664430615,20.66134610875187,1.05,5.0,-0.84,2.73
RTX,2016-04-21,53.00570950538288,53.206565769964556,52.85004666126655,52.940433502197266,4176528,8.858195407529095,19.78805105213328,20.225727786510376,21.21005782327718,20.661408357468503,1.03,6.0,-0.84,2.73
RTX,2016-04-22,53.09107816149214,53.382315201376414,52.68936560219356,53.076011657714844,4865359,8.587391058726352,19.78599071291329,20.206532824808278,21.210051013001387,20.661403043502286,1.01,3.0,-0.86,2.75
RTX,2016-04-25,52.819917560441745,52.8249397277832,52.36297338207596,52.8249397277832,4398352,8.840678912781744,19.84246597624417,20.178861581592002,21.218919144590235,20.64595999784858,0.99,3.0,-0.88,2.77
RTX,2016-04-26,52.95047665625591,53.11115557686155,52.031560027225275,52.62408447265625,8763335,9.030271557313947,19.7657324256378,20.17172206764835,21.20652175360265,20.646271868588453,0.96,3.0,-0.92,2.79
RTX,2016-04-27,53.38734923907293,53.76395712995133,52.66427255904793,53.17143249511719,10072194,8.949433493092448,19.797377443222388,20.062643312755114,21.188932223363942,20.67119472369358,0.94,1.0,-0.94,2.86
RTX,2016-04-28,52.799834128346575,53.02077907590861,52.0667132858106,52.337867736816406,7421266,10.083453948195942,19.335909154461646,20.21295025973756,21.243743077812855,20.721548369364317,0.91,8.0,-0.98,2.73
RTX,2016-04-29,51.98636984925169,52.694385927453276,51.98636984925169,52.408164978027344,4852806,9.474048489663447,19.3312778909142,20.152071092432884,21.228171432434785,20.674927523992302,0.88,3.0,-1.02,2.81
RTX,2016-05-02,52.167143538352725,52.67430334392875,51.991392017001836,52.408164978027344,6711300,9.488016333636155,18.816826650806775,20.15204677840843,21.22406186352089,20.62012686824231,0.85,3.0,-1.06,2.81
RTX,2016-05-03,51.951223459420525,52.15710191048401,51.1528265826973,51.28337860107422,7612263,11.671342618023289,19.446272688651863,20.256404109848493,21.38165313336716,20.710746853303917,0.8,15.0,-1.09,2.75
RTX,2016-05-04,50.91179688691999,51.10763099366817,50.329316734473615,50.55025863647461,8943369,12.379534187853379,19.524901012316473,20.399729065647005,21.43809718390112,20.726035595236315,0.75,20.0,-1.11,2.63
RTX,2016-05-05,50.776219673389036,50.83145438796658,50.16863172555999,50.35944366455078,5609647,12.388241874044272,19.559986871315793,20.40335833818023,21.44309779674451,20.728681385496763,0.76,21.0,-1.12,2.63
RTX,2016-05-06,50.34436760975433,50.86156858275601,50.11840664017576,50.776206970214844,5951600,12.590775821078068,19.559254864997282,20.408149849376468,21.414512242778166,20.7284049297994,0.76,22.0,-1.13,2.61
RTX,2016-05-09,50.37952406719661,50.901750326969164,50.20377560609221,50.259010314941406,6092544,12.971353597985926,18.77295235224913,20.47588014101426,21.24615216158662,20.64548214371066,0.76,26.0,-1.14,2.55
RTX,2016-05-10,50.364465731218495,51.42900094066608,50.31425318454103,51.29844284057617,5834808,13.82210702459881,18.95264300648374,20.71115919900007,21.075506367023078,20.744477615986025,0.76,33.0,-1.15,2.33
RTX,2016-05-11,51.494276084870705,51.55955209008477,50.936903738008574,51.01724624633789,4442685,13.93520753980064,19.02024722855665,20.513337249725762,20.89617674289004,20.74917802290207,0.77,27.0,-1.17,2.52
RTX,2016-05-12,51.10763403432402,51.35869982683707,50.79128614402686,50.94694900512695,4555186,13.933815357035998,18.40054876345177,20.392103553157085,20.706029336637414,20.740554472849333,0.77,20.0,-1.17,2.62
RTX,2016-05-13,50.83647757418076,51.07750510851645,50.193740526357054,50.349403381347656,5212715,14.373641069084783,18.62721604091728,20.305184834334554,20.45350435178609,20.712868279299805,0.77,20.0,-1.17,2.69
RTX,2016-05-16,50.23891733935652,51.258258873374764,50.23891733935652,51.12770080566406,5512877,15.020418840788578,18.806996490042973,20.333794411236507,20.41786219588369,20.768238088725717,0.77,21.0,-1.17,2.66
RTX,2016-05-17,51.04736803424142,51.18796740968586,50.08326107493152,50.24394607543945,6659499,15.850646907312113,16.9391800335721,20.441256355573557,20.528439508335282,20.836874882488214,0.78,27.0,-1.17,2.61
RTX,2016-05-18,50.2692190072423,50.79996519118121,49.935607207736346,50.1883430480957,5307896,15.781480859433078,16.826493690790496,20.31279316711525,20.416061604547526,20.83012644490979,0.78,21.0,-1.18,2.76
RTX,2016-05-19,49.874950972544134,50.01142838962611,49.50595670146677,49.79407501220703,4987712,15.853334010223275,16.39257394845736,20.355741342043622,20.28189127309967,20.842559255538447,0.78,23.0,-1.18,2.73
RTX,2016-05-20,50.11759018313392,50.491640052276935,49.87496224727415,50.092315673828125,6851927,15.906561632702845,13.411456593982866,20.370890700174396,20.200686907405018,20.851259401392365,0.78,24.0,-1.18,2.7
RTX,2016-05-23,50.01649689174749,50.077153877752124,49.672773971054546,49.9912223815918,4224992,15.701133096527814,13.39216537435472,20.286911091160082,20.18701196092281,20.84863350842324,0.78,20.0,-1.18,2.81
RTX,2016-05-24,50.289437827186795,50.72920008757434,50.254055361166536,50.50173568725586,4693429,15.759087528798164,13.329988797583708,20.335903658730935,20.150012661514047,20.82709400943252,0.78,24.0,-1.19,2.74
RTX,2016-05-25,50.69381783377042,51.02237413996664,50.69381783377042,50.708984375,3740824,15.135971036114384,12.863659708564903,20.291935816362532,19.97307814427618,20.82012202890319,0.78,21.0,-1.19,2.77
RTX,2016-05-26,50.7696343012876,51.05270015343196,50.69381385687866,50.75447082519531,3980127,15.138523082272132,12.836246244738037,20.270716838438705,19.929780288908873,20.82039132887637,0.79,20.0,-1.19,2.78
RTX,2016-05-27,50.7949152396608,50.936448183664844,50.592725319655024,50.931392669677734,4243107,15.198389805740256,12.803266654190978,20.275228579289763,19.92178847843298,20.820517399342958,0.79,21.0,-1.2,2.77
RTX,2016-05-31,50.93644777043195,51.15380116668786,50.72414988812213,50.84040832519531,8367197,15.079224791171608,12.696018592220693,19.769601247414936,19.891922403294224,20.820700089520567,0.79,1.0,-1.18,3.08
RTX,2016-06-01,50.59272662795187,50.799972067304,49.91539497433894,50.724151611328125,4460164,15.082204598150362,12.707142186742976,19.647073909064108,19.882012169220577,20.818673777004378,0.79,1.0,-1.15,3.2
RTX,2016-06-02,50.67359743731743,50.95666330381729,50.582613512202016,50.94655227661133,3922447,15.059352667088236,12.728009882595181,19.452734679163818,19.86075591093424,20.79813878143511,0.8,1.0,-1.11,3.37
RTX,2016-06-03,50.92633244474062,50.94149898529898,50.49162875286236,50.764583587646484,3577634,15.073126143527388,12.734577719274254,19.467691052413947,19.807036965495826,20.770596676369774,0.8,2.0,-1.06,3.36
RTX,2016-06-06,50.92128352431943,51.34082376866358,50.80502508900017,51.234676361083984,5989259,15.346158168685156,12.805342356410007,19.508399332670155,19.815138456996753,20.793204309455145,0.8,3.0,-1.01,3.29
RTX,2016-06-07,51.446966417339794,51.760359206450914,51.28015899658203,51.28015899658203,4035583,15.31923246260688,12.764141823128469,19.24590151742524,19.592915200296428,20.783157399314177,0.81,1.0,-0.94,3.54
RTX,2016-06-08,51.28017022211929,51.61883452297691,51.24478775056079,51.593563079833984,4078645,15.429270116553603,12.808386433754809,19.259723180125228,19.595895418571725,20.79289320898133,0.83,2.0,-0.86,3.51
RTX,2016-06-09,51.34083856575216,51.73511054622482,51.30040057103438,51.71994400024414,5733748,15.106046594271966,12.73772925398876,18.147905690752488,19.06810402900599,20.76727491564196,0.86,1.0,-0.77,3.56
RTX,2016-06-10,51.33071658776016,51.75531235245002,51.15885362514717,51.55817794799805,5723101,14.45392284638743,12.547271975688156,18.136296248409543,18.989672823928156,20.75570038170772,0.89,1.0,-0.68,3.58
RTX,2016-06-13,51.54806874698327,51.760369700800055,51.14874747392817,51.15885543823242,7141761,14.593801581159507,12.377273862843431,18.170337666883153,19.015593673121053,20.760917451397294,0.93,3.0,-0.58,3.54
RTX,2016-06-14,51.15885827003954,51.51268912738925,50.80503047663795,51.14875030517578,5887563,14.592967896593764,12.373456869796335,18.140667818038906,19.008370456389866,20.605378086614625,0.96,2.0,-0.46,3.61
RTX,2016-06-15,51.30543547804176,51.42674634951837,50.82018280029297,50.82018280029297,7118720,13.309263510044248,12.452995345290994,18.149914694446885,19.0136786633476,20.611639651604783,0.99,4.0,-0.33,3.65
RTX,2016-06-16,50.69382940915342,51.32567072499942,50.21868760749295,51.113372802734375,7229791,12.72319216897808,12.448070253537642,17.91399765358289,18.966756902234266,20.620320248747817,1.03,1.0,-0.21,3.85
RTX,2016-06-17,50.97688555247242,51.40148131541262,50.71403865963696,51.15380096435547,9044429,12.662427348094473,12.41989502209409,17.88047943778163,18.925353216123522,20.6065887373648,1.06,1.0,-0.07,3.93
RTX,2016-06-20,51.56828803405985,51.99288379099498,51.38631711082431,51.40653610229492,7067713,12.52253517689609,12.45177756668528,17.887336926438632,18.90789440386723,20.596533031131532,1.1,2.0,0.09,3.91
RTX,2016-06-21,51.55311817731552,51.60872269824484,51.25489190223645,51.3408203125,5273732,12.123325161590893,12.450199129570285,17.87146618011483,18.825816604794923,20.593254090790857,1.13,1.0,0.26,3.96
RTX,2016-06-22,51.441912109612716,51.543003990319555,51.10324481100784,51.2296142578125,4186221,10.596159594392061,12.223890513460656,17.76911917402984,18.56167867590758,20.594017162295593,1.16,1.0,0.47,4.17
RTX,2016-06-23,51.81091087197997,51.81091087197997,51.42169762214108,51.724979400634766,4885857,10.823839526517455,12.370705253642013,17.807677042483114,18.589823971799895,20.59075446038518,1.19,2.0,0.69,4.07
RTX,2016-06-24,50.254063451956455,50.75447969811744,49.92045159986645,49.98616409301758,11832330,14.768060676663373,14.261250411066786,18.223235225128786,19.00607119918711,20.860379690868257,1.21,12.0,0.89,4.16
RTX,2016-06-27,49.536284118595184,49.64243458351878,48.97521096843575,49.136962890625,9909799,15.193471055859156,14.681544584328893,18.44786215910813,19.09313518964359,20.92570450782985,1.23,13.0,1.1,3.94
RTX,2016-06-28,49.61211574714302,50.10242404353803,49.500909750469646,50.05693054199219,8871705,15.515061708328378,15.17108300084256,18.271068320118847,19.17380538227034,20.940795239240824,1.25,13.0,1.4,4.11
RTX,2016-06-29,50.53712568559594,50.901067554770314,50.27428184402909,50.78480911254883,7527570,15.276569827886776,15.43552195905879,18.374629357599176,19.24636960403341,20.986820639118523,1.26,14.0,1.74,3.92
RTX,2016-06-30,50.986998413329225,51.8463041135401,50.83535749256477,51.8361930847168,9276105,16.34207769723263,15.957260110758861,18.488567468669597,19.334280810151867,21.089271343537963,1.27,16.0,2.06,3.72
RTX,2016-07-01,51.80081937530957,52.66517767221469,51.73005441736709,51.927188873291016,10453872,16.11993314096566,15.929631568089118,18.48015949343325,19.13634992978619,21.059956642688093,1.29,16.0,2.43,3.74
RTX,2016-07-05,51.60871035535403,51.730024267362694,50.65336559624586,50.86061096191406,6850338,17.280244541749,16.48670439318832,18.80753555718015,19.265298026042547,21.159914224111716,1.3,18.0,2.83,3.46
RTX,2016-07-06,50.82523748950525,51.300379132957666,50.1984518972578,51.24477767944336,8306498,17.38007885068312,16.47587113896416,18.2696486364511,19.280697459779816,21.162939608292405,1.31,13.0,2.76,3.78
RTX,2016-07-07,51.320608666612664,51.62894601287564,51.23973575830522,51.54301452636719,4848992,17.22187806918524,16.4102422912919,18.15808017337258,19.246988599774884,21.132554140924466,1.33,11.0,2.66,3.95
RTX,2016-07-08,52.018157979880726,52.43770437301655,51.846301139225005,52.39726638793945,5566108,17.79647426985807,16.479469406550535,18.293051654573247,18.821443281289,21.19617617867616,1.34,16.0,2.2,3.75
RTX,2016-07-11,52.39726731888324,52.81680759157714,52.36693423361456,52.54890823364258,5270872,17.803950646635254,16.489842519440206,17.87558329279805,18.610973104843538,21.166368410989243,1.36,4.0,2.04,4.24
RTX,2016-07-12,52.68537316213785,53.10491948752586,52.61460823165394,52.82185363769531,5945085,17.830029717832705,16.5223756133413,17.88335621704303,18.496693966204177,21.134412098244752,1.38,6.0,1.57,4.22
RTX,2016-07-13,53.109975642022654,53.18074670942154,52.86735386771109,53.120086669921875,4687709,17.85107932442578,16.526395992308128,17.886384146831695,18.48337565418369,21.14226414837053,1.4,7.0,0.27,4.2
RTX,2016-07-14,53.56995091749995,53.575006430592,53.04425721855778,53.145355224609375,5255459,17.818544925038786,16.524185880954498,16.433920966921136,18.47649718965177,21.14118748968524,1.44,1.0,0.11,3.8
RTX,2016-07-15,53.25150728103775,53.403148175505216,53.008879398731736,53.327327728271484,4507834,17.807538741643715,16.507012172738357,16.362620415072097,18.405232358235697,21.144134261175367,1.48,1.0,-0.44,3.9
RTX,2016-07-18,53.31722155509661,53.54468291750544,53.01393973855151,53.3222770690918,3472442,17.749362361012587,16.505612379346545,16.03943747445394,18.39929498249064,21.139132406421833,1.52,1.0,-0.64,4.33
RTX,2016-07-19,53.06953163057559,53.549725683155756,53.01898263055346,53.38797378540039,5551807,17.60334942616296,16.4994819839612,14.301894109912563,18.395648722294215,21.13831368551583,1.59,1.0,-0.62,1.92
RTX,2016-07-20,53.42337603763306,53.72160234545509,53.35766048242967,53.60028839111328,4746979,17.618622851193855,16.486926120553395,14.290660142525754,18.381595498310865,19.836047232916705,1.66,1.0,-0.59,1.96
RTX,2016-07-21,53.76708805560745,53.954111410164536,53.38292419189387,53.50423812866211,6052342,17.587238313151804,16.470930869357634,14.169670068417641,18.349644476389003,19.802961983127023,1.73,1.0,-0.57,2.13
RTX,2016-07-22,52.95832678743872,53.17568321517402,52.821852442863225,53.14030075073242,5583587,17.735361049488304,16.39828632350669,13.951134466405742,18.357399135746064,19.810995333706856,1.8,1.0,-0.64,2.35
RTX,2016-07-25,53.0998644551141,53.17568489958993,52.7814161371576,52.897674560546875,5500006,17.768809299794675,16.095149389689563,13.965081159393403,18.363498613386113,19.729656368785626,1.86,2.0,-0.7,2.29
RTX,2016-07-26,54.105760541173716,54.5707943056772,53.83280567383924,54.5354118347168,7014482,19.527859222234664,17.252230500717776,14.710101650863077,18.700104111119995,19.953090386163957,1.9,6.0,-0.58,2.39
RTX,2016-07-27,54.62133426513217,54.83868456898957,54.32815738990452,54.43431091308594,6348691,19.550934569101674,17.259466494174596,14.661848772306623,18.70207943294617,19.95434554368609,1.93,6.0,-0.5,2.43
RTX,2016-07-28,54.434320042695475,54.585960955079095,54.13608760416456,54.37871551513672,4459846,19.408244365520744,16.6255346593476,14.66254300556719,18.649735770264016,19.951794724388826,1.96,7.0,-0.47,2.43
RTX,2016-07-29,54.338272568309534,54.631449465938026,54.181576156101734,54.414093017578125,5136601,19.38468827093837,16.31424293344818,14.66121733043476,18.64373099661511,19.90727294556055,1.99,6.0,-0.45,2.44
RTX,2016-08-01,54.31806007363381,54.41409645575763,53.83280426533742,54.05521011352539,4864882,19.54592957296281,16.36170825891268,14.697556741805078,18.654377055935313,19.914361550960372,2.02,9.0,-0.48,2.38
RTX,2016-08-02,53.82774420498484,53.949058146812604,53.52446241436305,53.7165412902832,3788335,19.661757066985093,16.36477544363066,14.718885315601494,18.639695315701573,19.903808523466783,2.04,11.0,-0.57,2.35
RTX,2016-08-03,53.716550653240404,53.84292013065781,53.590181175823005,53.726661682128906,4743801,19.64855339599444,16.199303060941507,14.698948596427075,18.329529908455232,19.8991322446716,2.07,10.0,-0.64,2.37
RTX,2016-08-04,53.858083209465896,54.12093320618757,53.74182475518782,53.762046813964844,2960148,19.619575729511297,15.6888604352934,14.699025166456464,18.26130808581301,19.898131367500397,2.09,11.0,-0.72,2.37
RTX,2016-08-05,54.00971756568899,54.459590911865234,53.92379221003362,54.459590911865234,4252323,19.757964398370166,15.826533933498371,14.780488805224765,18.314999320453538,19.93720802779167,2.11,14.0,-0.82,2.3
RTX,2016-08-08,54.45958421246514,54.76286599672955,54.33321475972327,54.48485565185547,4800210,16.582136724741325,15.818768643017906,14.671391081479399,18.314615851665213,19.923213388820894,2.14,9.0,-0.86,2.42
RTX,2016-08-09,54.596065666292304,54.79320005516071,54.525294604525406,54.76286697387695,3516616,15.46544277337896,15.606963151046681,14.544683039491296,18.311086392565663,19.890597802625106,2.18,6.0,-0.85,2.56
RTX,2016-08-10,54.82352768503454,54.843743611577956,54.479801782738896,54.65166473388672,2635674,14.877418367476642,15.348187079859791,14.551358423076602,18.312995777339776,19.867187825353145,2.2,7.0,-0.87,2.55
RTX,2016-08-11,54.84374967005152,55.24307401037554,54.82353374127489,55.187469482421875,3186263,14.622463137404864,14.9512516022962,14.618448773640589,18.343411453783627,19.87710112576574,2.23,8.0,-0.81,2.47
RTX,2016-08-12,55.10658215986168,55.187458114100096,54.86901593816786,55.03076171875,2873548,13.700118648964594,14.968726448501743,14.598143783781795,18.322654431013866,19.87657019879204,2.25,8.0,-0.81,2.5
RTX,2016-08-15,55.18241907234021,55.51602785018477,55.18241907234021,55.44526290893555,3248711,13.79243101818205,14.887046583188205,14.623670594675739,18.339273559092867,19.8870681864146,2.28,10.0,-0.76,2.47
RTX,2016-08-16,55.20262434287024,55.409869740426906,55.09647695149008,55.17735290527344,3835369,12.1682672123978,14.922303630412099,14.651836964942056,18.339274308621828,19.884551551606762,2.3,11.0,-0.77,2.42
RTX,2016-08-17,55.20278948688705,55.43672074582963,55.02479482694262,55.401123046875,3508512,12.090318938058527,14.911038197558751,14.653779850827082,18.315257191532755,19.887796629913403,2.31,12.0,-0.77,2.43
RTX,2016-08-18,55.45707358489574,55.64523465957019,55.355366728771735,55.599464416503906,3114122,12.056207807607082,14.812428374850409,14.551759881797336,18.30463479219636,19.84978689274149,2.33,8.0,-0.76,2.54
RTX,2016-08-19,55.436717562864004,55.645217478316816,55.38077480190659,55.50282669067383,3795803,11.364688344414473,14.818757563800434,14.558201294457312,18.209226392074598,19.689736215912827,2.35,9.0,-0.78,2.53
RTX,2016-08-22,55.187529252313475,55.426546771341904,54.994281963656405,55.1773567199707,3893845,11.581841140894348,14.895556441762928,14.593754396851566,18.209693895877948,19.463230511464282,2.36,10.0,-0.83,2.47
RTX,2016-08-23,55.4316114574792,55.60959987832959,54.923065185546875,54.923065185546875,4868855,11.668493209517685,14.939495477538928,14.61617718343148,18.18252694203392,19.321217424182453,2.38,12.0,-0.89,2.43
RTX,2016-08-24,54.93326336025522,55.08583287883878,54.71967713154836,54.90275192260742,3884628,11.604428109995318,14.9299715373907,14.613651933524402,18.182563835149885,19.172879795925933,2.39,12.0,-0.94,2.43
RTX,2016-08-25,54.79594803791282,54.99428159139876,54.6230396499406,54.78068923950195,2850030,11.643409319651546,14.92932766674386,14.600485888057513,18.05341667507126,18.941518060548553,2.4,12.0,-0.98,2.45
RTX,2016-08-26,54.89255709993744,55.07055171675975,54.38401073999764,54.57217788696289,3990138,11.701949977941615,14.951176691834995,14.603586915646934,18.0608968949183,18.862815832035174,2.4,13.0,-1.02,2.44
RTX,2016-08-29,54.70948432161066,54.99935828476641,54.63320267317547,54.90781784057617,2849236,11.800729118480362,14.95256354581528,14.611730674296492,18.06563627469989,18.87047483974466,2.41,14.0,-1.06,2.43
RTX,2016-08-30,54.856975818199224,54.984113987505665,54.51116517642988,54.592533111572266,3798981,11.960438875190501,14.92915780617989,14.638006611609706,18.06387255733996,18.79189945845035,2.41,19.0,-1.1,2.38
RTX,2016-08-31,54.40945588146746,54.51116271321377,54.0839841556051,54.12466812133789,5321879,12.218350016034364,15.06002018736071,14.663918028483309,18.093337508456806,18.69035917255998,2.42,25.0,-1.13,2.33
RTX,2016-09-01,54.282320665602654,54.39928630278961,53.753429082355886,54.27214813232422,5134854,12.220404850203767,15.02617304380892,14.60303625711803,18.093677365425112,18.622133347098625,2.43,13.0,-1.17,2.4
RTX,2016-09-02,54.51114736571089,54.78067625086609,54.15007804213709,54.378929138183594,4872986,12.02815230355387,15.024304683124395,14.425248676862616,17.95258117168123,18.61080991312005,2.44,6.0,-1.21,2.59
RTX,2016-09-06,54.4145496789997,54.66373360907609,53.641554223091255,53.91108322143555,5832742,12.240879822442741,15.12848448318226,14.495477754847668,17.909244243605375,18.580098366683504,2.45,7.0,-1.23,2.49
RTX,2016-09-07,53.76359515664365,54.05346916405272,53.54492270845802,53.82970428466797,4010954,8.354759989258449,15.031980741843432,14.496712345757077,17.79390502748657,18.442278745306684,2.45,8.0,-1.25,2.48
RTX,2016-09-08,53.70764519105035,53.98734662888335,53.66188113327759,53.778846740722656,4465408,8.345462390576696,15.034983017146086,14.474829399025936,17.729920560662237,18.409091332040763,2.45,7.0,-1.27,2.51
RTX,2016-09-09,53.39745374264796,53.44831025133395,52.212538396920785,52.21762466430664,6766280,11.85896766027955,16.20532015601559,15.219646581840326,18.02387342230188,18.64590067624931,2.45,38.0,-1.27,2.39
RTX,2016-09-12,51.9735169435515,53.06689159541406,51.81586118057029,52.90415573120117,6120510,12.565566264284412,16.375767727372324,15.34139062482827,18.003890166149255,18.663326787569982,2.44,39.0,-1.27,2.27
RTX,2016-09-13,52.415961956898975,52.55835895821085,51.89724279426412,52.03455352783203,5630304,13.268311241852018,16.74838689567919,15.56446160724659,18.11734236597012,18.73249106047004,2.43,40.0,-1.27,2.03
RTX,2016-09-14,51.96843802870176,52.309162439364904,51.58702656364403,51.69890594482422,6502506,13.27454264097313,16.776300243109482,15.590120687561237,18.133210170771765,18.725196533455605,2.42,41.0,-1.27,1.99
RTX,2016-09-15,51.587021685817,52.33458266129269,51.49548121661054,52.23287582397461,4989301,13.686776969527973,16.902537628358573,15.662399840610487,18.11699096737164,18.70541201841624,2.41,42.0,-1.26,1.93
RTX,2016-09-16,52.161684745601214,52.161684745601214,50.778435885406545,50.90557098388672,12273754,15.444464630520653,17.719356153502254,16.172742559659454,18.37297556328806,18.874600793188044,2.39,44.0,-1.28,1.7
RTX,2016-09-19,51.108982837769645,51.454793457377264,50.97167522666285,51.078468322753906,5269283,14.893741059282636,17.618950494629242,16.093320624652737,18.3460173114415,18.713473834019485,2.37,44.0,-1.28,1.77
RTX,2016-09-20,51.24628908089791,51.61752793934445,50.97675704956055,50.97675704956055,4941949,14.87347453596603,16.139824766562427,15.90517194513104,18.33618057670876,18.708992366748987,2.36,43.0,-1.29,1.97
RTX,2016-09-21,51.18526793227674,51.91249000151885,51.09373054626518,51.85146713256836,4997087,15.75777736524356,16.07895995804423,16.13828838382951,18.44107960724136,18.394449911303397,2.34,46.0,-1.29,1.8
RTX,2016-09-22,52.24304367922316,52.62445199147787,52.18710091634595,52.380348205566406,5680039,16.134524650002398,15.774293036671628,16.220197285006428,18.172647110570402,18.358143443452114,2.32,48.0,-1.29,1.73
RTX,2016-09-23,51.9226544568238,52.38034439826191,51.82602773665139,52.156585693359375,4205130,15.799419217294403,15.545717023224872,15.858980942481743,18.107451337803727,18.363570993141668,2.3,43.0,-1.28,1.98
RTX,2016-09-26,51.95316420746104,52.360003807926596,51.75991693853253,51.98876190185547,5330459,15.8018056383605,14.989263638951595,15.696068510543961,17.99807988681429,18.361678814578006,2.28,43.0,-1.27,2.16
RTX,2016-09-27,51.912486364828595,52.24304434980642,51.759923037968434,52.04979705810547,6831588,15.579540111352241,14.986915092139053,15.68312801128624,17.99809810550461,18.35140815664902,2.25,43.0,-1.25,2.18
RTX,2016-09-28,52.21761301854892,52.314239746984995,51.70398335695875,52.04979705810547,7962002,15.568836476982284,14.346935222066765,15.631785377828866,17.99809810550461,18.309271261251222,2.23,42.0,-1.23,2.23
RTX,2016-09-29,52.26847824755538,52.26847824755538,51.302238545050734,51.393775939941406,5911080,15.763202840082613,14.514190099136481,15.678299258178715,17.92140013840525,18.326344463653587,2.2,44.0,-1.22,2.18
RTX,2016-09-30,51.57685170765511,51.88706774937667,51.39377384275835,51.668392181396484,8030012,15.830074316986654,14.50648889114294,15.361613005414274,17.928769399601148,18.315971174840723,2.17,40.0,-1.21,2.4
RTX,2016-10-03,51.66839300920976,52.212534180552446,51.5107403110833,52.09048843383789,6311031,16.124304874235452,14.202273256419481,15.388239634539215,17.320083371925758,18.26807767968726,2.14,41.0,-1.2,2.39
RTX,2016-10-04,52.1616654596488,52.28371732852501,51.51580842415844,51.5819206237793,5091474,16.243852412296725,14.32613732807032,15.468387324496046,17.35535738995588,18.099389866015443,2.11,42.0,-1.19,2.27
RTX,2016-10-05,51.71923803215578,52.03962347818209,51.581930424228155,51.998939514160156,4360375,16.496174152339954,14.385102724298266,15.399764863702895,17.360595978693276,18.113296664952188,2.08,42.0,-1.17,2.39
RTX,2016-10-06,51.927749644797856,51.9836862480491,51.54633821214715,51.91249084472656,5802234,16.490527087754224,14.335082818819716,15.213122357280017,17.34052546839152,18.08770235243624,2.05,38.0,-1.16,2.56
RTX,2016-10-07,51.34291312113975,51.368341369406274,50.75808498910867,51.14966583251953,6257800,16.911855112945563,14.634839352718695,15.141209163750844,17.415776177714033,18.13262188378163,2.02,38.0,-1.15,2.61
RTX,2016-10-10,50.93606864473918,51.378502833329364,50.67162291859298,50.84452819824219,7178784,16.94055460204144,14.650371419543756,15.171506834085388,17.305223303928376,18.11230062679012,1.99,39.0,-1.14,2.56
RTX,2016-10-11,50.625857915242065,50.78859376349592,50.07154124406645,50.229190826416016,6856217,16.974214743986618,14.8337939109066,15.244305687263736,17.35041349722532,18.155128279999875,1.95,42.0,-1.16,2.47
RTX,2016-10-12,50.24953999666014,50.47330182002283,50.11223237569767,50.31056594848633,6067120,17.003487880883384,14.836490989390944,15.217171225333349,17.350244847647886,18.113114991473257,1.91,41.0,-1.16,2.5
RTX,2016-10-13,50.04102882345862,50.900472110515715,49.913893756465455,50.77842330932617,5987670,17.25268466089553,14.951096437940212,15.283391829593851,17.361257957338374,17.988088683214876,1.87,44.0,-1.17,2.43
RTX,2016-10-14,51.06830611089455,51.25646716358214,50.89031450959647,50.93608474731445,5040308,17.262285903817777,14.972245228058314,15.206658621459532,17.290740204028012,17.959376571817213,1.83,40.0,-1.16,2.52
RTX,2016-10-17,50.920814310752945,51.07846079853363,50.6767105569277,50.70722198486328,3896864,17.231204616644494,14.939992356593987,15.210207294977812,17.300167809996495,17.964555229100355,1.79,41.0,-1.16,2.49
RTX,2016-10-18,51.1039055475767,51.14967578684675,50.6919826419047,50.849632263183594,4836598,17.18621055456604,14.936484486624948,15.216085635515014,17.03176117218426,17.934288927272995,1.74,43.0,-1.16,2.49
RTX,2016-10-19,50.98693929701896,51.07339350737908,50.72249348142446,50.732666015625,6378087,17.185989389984837,13.453883882440712,15.210293636452016,17.02438510767747,17.534046204476628,1.69,42.0,-1.16,2.48
RTX,2016-10-20,50.727568327873364,50.94624385550573,50.48346763563604,50.49363708496094,6160076,17.201182457825194,13.472626329945916,15.22600903469889,16.79838094306974,17.37452680294468,1.66,47.0,-1.17,2.46
RTX,2016-10-21,50.03086385104712,50.23428059295436,49.644366184510694,50.178340911865234,6506955,15.191589691722228,13.511569034623502,15.253812823344607,16.812549741375634,17.289322405480178,1.62,49.0,-1.16,2.41
RTX,2016-10-24,50.51906214932353,50.78350480613553,50.38684082091753,50.610599517822266,6813791,14.874781681877083,13.658311981503429,15.299773205242861,16.76743853487614,17.290754275741346,1.58,51.0,-1.17,2.36
RTX,2016-10-25,51.41920656919159,51.92266997082305,51.08865159630227,51.54634475708008,10729405,15.231114333803403,14.18254991690576,15.564453793144562,16.886236931180335,17.382211982095512,1.54,57.0,-1.15,2.17
RTX,2016-10-26,51.36325708690463,51.78026311210139,51.23611892324746,51.368343353271484,5933485,15.150107681047063,14.147585857967163,15.506508103594346,16.887108862792108,17.331494943203463,1.5,57.0,-1.15,2.22
RTX,2016-10-27,51.607354014909404,51.6785524910678,50.8496206026493,50.89030456542969,5640950,15.036690225044502,14.255336856224767,15.577027876576663,16.607291591508783,17.352390382751892,1.46,60.0,-1.16,2.11
RTX,2016-10-28,51.1191534366098,51.942999121766306,51.1191534366098,51.790435791015625,7069620,14.01237701121601,14.745387040774,15.796673118961218,16.63849074792546,17.436915745338023,1.42,67.0,-1.16,1.95
RTX,2016-10-31,51.87689925282174,52.17693970152018,51.820956477810135,51.97352600097656,6379041,14.014849503203694,14.501722538030009,15.801807694261436,16.63008721818003,17.427043662906215,1.4,68.0,-1.15,1.94
RTX,2016-11-01,52.08030426816141,52.339660669762765,51.51581507240642,51.87688446044922,6426711,14.01279489821872,14.501041602709053,15.796579598532382,16.361372245844965,17.40131062504851,1.38,67.0,-1.15,1.95
RTX,2016-11-02,51.795524206945935,52.156593648453814,51.444627298622635,51.637874603271484,6539530,13.186990436068852,14.46857476286458,15.764627039397888,16.37281039523329,17.39782248022204,1.36,67.0,-1.14,1.99
RTX,2016-11-03,51.77009855551712,51.82603515716648,51.22086499849784,51.38868713378906,3883834,12.883013864199604,14.488699559401988,15.783999582596934,16.384346382681702,17.402144996496553,1.33,68.0,-1.14,1.96
RTX,2016-11-04,51.485311187120175,51.75484015989617,51.2310379315118,51.53107833862305,4143794,12.87172538050669,14.336546871055598,15.755279334281507,15.485702449803915,17.398195721642846,1.31,67.0,-1.12,2.01
RTX,2016-11-07,52.36509917559245,52.55326021157467,52.131167905955834,52.40577697753906,6715432,13.770764598739918,14.796502874702137,15.952690936007999,15.567412908236092,17.478204852781168,1.29,75.0,-1.11,1.86
RTX,2016-11-08,52.497320372453636,52.848217296476946,52.18710741781732,52.56851577758789,4010954,13.79310497869692,14.718077863441573,15.95889778201531,15.368786564630458,17.441930522175127,1.27,76.0,-1.09,1.86
RTX,2016-11-09,51.4090243461293,53.54492317743715,51.4090243461293,53.300819396972656,7951197,14.336374552591396,14.998758902115068,16.087136170011227,14.452817603045654,17.490709786563254,1.25,78.0,-1.08,1.75
RTX,2016-11-10,53.590674899890566,55.15700404789546,53.570336005454706,55.13157272338867,9701798,16.673696018885696,16.54720779866304,16.93593973181248,14.971656418343743,17.801437455079085,1.24,85.0,-1.11,1.85
RTX,2016-11-11,54.87222037233685,55.390939282909585,54.41453047986269,55.36042785644531,6594191,16.65875135184132,16.55298337081014,16.938245695430705,14.91273004433654,17.78105345778118,1.23,86.0,-1.13,1.85
RTX,2016-11-14,55.64521325404923,55.64521325404923,54.78576999708185,54.85187911987305,6576077,16.888813556966735,16.65604325510435,16.95195138588207,14.820875689919719,17.57739311505905,1.22,87.0,-1.16,1.83
RTX,2016-11-15,54.84678818310484,54.93323618614787,54.24161517078822,54.76033401489258,6031208,16.567497184479603,16.616969285615944,16.01359823943131,14.814953723200341,17.52734449079488,1.19,77.0,-1.17,1.59
RTX,2016-11-16,54.55568146556796,54.94456584471834,54.41753015185374,54.72965621948242,4302218,16.481617113079217,16.590895741675038,15.752152417423776,14.802197363698221,17.524467419815842,1.15,67.0,-1.3,1.77
RTX,2016-11-17,54.76546429961893,54.97525625546298,54.55056091350829,54.59660720825195,3537909,16.496804013914605,16.597940051523096,15.51006512505567,14.77196382753647,17.526471954984796,1.12,58.0,-1.33,2.0
RTX,2016-11-18,54.576140049418626,54.72964423245492,54.427753499575765,54.49427032470703,4254548,15.78443137121952,16.596176323444453,15.362291675681162,14.773948689068769,17.51907868927171,1.08,54.0,-1.33,2.17
RTX,2016-11-21,54.67335891723633,54.78081681272405,54.34588620692679,54.67335891723633,3459889,15.59886618233948,16.59182957710306,15.037555377707386,14.776937381525073,17.52096337350635,1.04,38.0,-1.35,2.46
RTX,2016-11-22,54.857575080397815,54.91897428199215,54.683600337226004,54.719417572021484,4196072,14.984547261230919,16.544102798549343,15.036367349912465,14.770219218066325,17.520114328620185,1.0,38.0,-1.36,2.46
RTX,2016-11-23,54.93944185328156,55.40507208368867,54.93944185328156,55.318084716796875,3779437,15.157664022527939,16.65029783644594,14.732420198121826,14.807209944899377,17.532963033892862,0.94,37.0,-1.35,2.6
RTX,2016-11-25,55.58416327692982,55.87581876739186,55.4101885468216,55.66091537475586,1602824,15.076169144486368,16.591114983448154,14.71841096321943,14.80856211390039,17.54147343746279,0.89,36.0,-1.33,2.63
RTX,2016-11-28,55.517643581406396,55.763252790495066,55.410191878627344,55.492061614990234,3898612,15.179373331918944,16.59966824884688,14.70923487658884,14.815360764846206,17.536830990358578,0.85,35.0,-1.33,2.65
RTX,2016-11-29,55.604636309078444,55.99863212708826,55.594401040248776,55.69162368774414,4979767,15.018814388851881,16.609668718483793,14.500091828938336,14.79998781557309,17.51943297609381,0.8,10.0,-1.33,2.92
RTX,2016-11-30,55.788831003114,56.28516702181672,55.118526458740234,55.118526458740234,6534127,15.518372769968497,16.652865564390602,14.598966478018383,14.793532559934718,17.542587012236744,0.76,17.0,-1.34,2.8
RTX,2016-12-01,55.2618034602458,55.34879082762243,54.78593795974209,54.995723724365234,6444348,15.516363112640628,16.656988975704312,14.585589374933866,14.71504534506878,17.474445662320655,0.71,15.0,-1.36,2.83
RTX,2016-12-02,55.282273194217936,55.55346438715745,54.99572909852611,55.3743782043457,4964672,15.398285764540297,16.707676904069718,14.598126821804511,14.732756362869662,17.473911865708686,0.66,17.0,-1.37,2.81
RTX,2016-12-05,55.630217682691566,55.67115255437898,54.934331067198755,54.965030670166016,4890624,15.462721448834028,15.59375123516429,14.651010456049047,14.763050612146984,17.462367343278586,0.65,29.0,-1.39,2.75
RTX,2016-12-06,54.903629341476375,55.10830369200004,54.791059999486585,54.97014617919922,3463226,15.393927636817159,15.385232569667295,14.642714572317903,14.747551845245505,17.461928079954923,0.64,29.0,-1.4,2.77
RTX,2016-12-07,55.00595523655702,56.20329535669874,54.791051852854864,56.12142562866211,6772000,15.61959297898627,15.501544229651513,14.997093105096408,14.9319616748955,17.481731559857604,0.64,47.0,-1.4,2.42
RTX,2016-12-08,56.11630256745234,56.12142020035863,55.33342879661796,55.481815338134766,5034747,16.065671977010794,15.640984780859446,15.116486941706391,15.000204792919982,17.523470163675743,0.63,49.0,-1.41,2.3
RTX,2016-12-09,55.538114126959485,56.280053185086416,55.29250491782719,56.17771911621094,5447569,15.902757370962389,15.70170108097392,15.227521568002814,15.06343546965027,17.559025949901493,0.63,59.0,-1.41,2.16
RTX,2016-12-12,55.988389913791,56.541007517344305,55.666028611186164,56.48472595214844,7116654,15.338262981151892,14.682929595476482,15.243524961775174,15.012313054857279,17.551969832823165,0.62,59.0,-1.39,2.12
RTX,2016-12-13,56.73545980437057,57.14991995669326,56.418209893120846,56.44379806518555,6050276,15.372426671814898,14.68731166886801,15.199171552059038,15.01298675917028,17.54875303246332,0.61,49.0,-1.39,2.17
RTX,2016-12-14,56.46425779405366,56.510310296820556,55.81954136489525,55.91164016723633,4387547,15.725095392438233,14.84600832987623,15.261393786520092,15.058530263341522,17.577822890900837,0.59,61.0,-1.39,2.11
RTX,2016-12-15,55.79394208270776,55.99349875282443,55.32319428718976,55.328311920166016,5738038,16.044653091194256,14.690757752528341,14.586763515296287,15.113918488255617,17.508194336690895,0.59,11.0,-1.4,2.02
RTX,2016-12-16,55.471597660387076,55.906528360217344,55.30785816823544,55.52788543701172,12690072,15.904199044552355,14.579019785251587,14.593435231459335,15.115469376817275,17.454580736031218,0.59,12.0,-1.41,2.0
RTX,2016-12-19,56.065137511577,56.83266465629174,55.71207663783812,56.704742431640625,6099059,16.77406152393314,15.099656720812177,14.959679315492943,15.297066378446047,17.48716224625584,0.59,41.0,-1.4,1.75
RTX,2016-12-20,56.76102862218506,56.79684585158387,56.361915262379206,56.617759704589844,3584784,16.314350733803234,15.081568776950869,14.962841045281392,15.290264095521037,17.44117846906808,0.59,41.0,-1.39,1.75
RTX,2016-12-21,56.766152603091655,56.8633690357045,56.52566103367055,56.53589630126953,3303054,16.354854074025862,15.09296688005197,14.92360551673313,15.282755832194969,17.39656867654698,0.59,39.0,-1.4,1.79
RTX,2016-12-22,56.581941342620865,56.67404634258143,56.12654638288861,56.52054214477539,3317673,16.00705856458424,15.09412863551054,14.885020813136347,15.276947106738797,17.337872030194987,0.59,38.0,-1.4,1.83
RTX,2016-12-23,56.46424931734838,56.709858493104576,56.30562750007149,56.617759704589844,2070785,12.856692702114783,14.807095042790971,14.886164253239114,15.251661635905227,17.338078311713225,0.59,38.0,-1.41,1.83
RTX,2016-12-27,56.81732832912176,56.86338083968448,56.54101946893916,56.78662872314453,1695940,12.835482528722174,14.789725357011491,14.891250891661628,15.220025963804687,17.33727721653459,0.59,38.0,-1.41,1.82
RTX,2016-12-28,56.79683234131837,56.84288482621712,56.33631989871148,56.38236618041992,3010837,12.706874729229769,14.83163534410529,14.807923705456439,15.152273076037154,17.316053974343287,0.59,35.0,-1.43,1.92
RTX,2016-12-29,56.4284470899676,56.70475593535459,56.30052483485298,56.56660461425781,4613820,12.700006621974696,14.653507002287377,14.81514798055023,15.15604380292103,17.312414044087156,0.58,35.0,-1.44,1.91
RTX,2016-12-30,56.58706627924149,56.68940655978143,55.967931774428116,56.090736389160156,3496595,12.991052259517241,14.730160243894835,14.861282529383999,15.191296719134181,17.31159514624196,0.58,35.0,-1.45,1.87
RTX,2017-01-03,56.484730698678355,56.77639242630416,56.28517398044869,56.709869384765625,4353224,13.277603376524707,14.850232426271887,14.953870243798159,15.231865252810087,17.332431823908813,0.58,39.0,-1.45,1.75
RTX,2017-01-04,57.032202827818004,57.15500737923498,56.58191947262242,56.74565887451172,4912235,13.245893405698316,14.459409987889494,14.878038756652531,15.23064533134631,17.332209386248497,0.58,34.0,-1.45,1.85
RTX,2017-01-05,56.88384571028953,57.27784152344875,56.571719640373246,56.97594451904297,5315046,13.257507829206563,14.37675878409395,14.8814622023183,15.226878721385646,17.102048548483452,0.57,34.0,-1.45,1.84
RTX,2017-01-06,57.011758651458685,57.73322711660568,56.82754865764061,57.58995819091797,4166358,13.529271317158962,14.183857298315255,14.929493887410631,15.274808110492847,17.07261064494503,0.57,38.0,-1.42,1.78
RTX,2017-01-09,57.66670387503543,57.66670387503543,56.93499402102609,57.05268096923828,3867785,13.608743707698265,14.383200755339464,14.987034881734779,15.317000099709471,17.014872896108432,0.57,41.0,-1.42,1.72
RTX,2017-01-10,57.180591144757635,57.22152599652584,56.82753037445316,56.92987060546875,2860836,13.548940821444203,14.330585233969517,14.980260289812009,15.307827547110877,17.01767162347652,0.57,40.0,-1.43,1.74
RTX,2017-01-11,57.11410728935102,57.11410728935102,56.58195390933345,56.7968635559082,4363712,13.533454265954214,14.354557390397215,14.976495403576596,15.303101528163355,17.020553599319836,0.56,39.0,-1.43,1.75
RTX,2017-01-12,56.86848188668334,56.86848188668334,56.13677817555216,56.704742431640625,4202269,13.523561644596638,14.312484832238633,14.97612060582432,15.259304098356838,16.90913832813845,0.56,38.0,-1.44,1.75
RTX,2017-01-13,56.761035585375,56.92989268982098,56.20841797372681,56.39773941040039,4577273,13.250164592648952,14.388613575450906,14.971603968787708,15.153662568347842,16.92094672998991,0.56,37.0,-1.45,1.76
RTX,2017-01-17,56.172612342638196,56.42333303097458,55.97817323194731,56.26982879638672,3559519,13.250957838400327,14.388228781814385,14.956919968022495,15.156579645247112,16.449127941147186,0.55,34.0,-1.46,1.77
RTX,2017-01-18,56.38749553181073,56.74055638515968,56.193056490974705,56.500064849853516,4131877,13.1640348006413,14.33271510756962,14.968981748188504,15.162780802852563,16.44197451288956,0.55,36.0,-1.48,1.75
RTX,2017-01-19,56.81219032663574,57.10384575180407,56.29539008881487,56.6586799621582,4494010,12.949754923279302,14.23295826501096,14.968784304719925,14.935154789643901,16.43193596571326,0.55,35.0,-1.49,1.75
RTX,2017-01-20,56.771261812101244,56.848013901318694,56.30050780752489,56.68939208984375,4980403,12.947641635558494,14.170065965086307,14.9540034379274,14.828818720818937,16.414670393516843,0.54,31.0,-1.51,1.76
RTX,2017-01-23,56.71496610108777,56.950339968783545,56.27491795644117,56.45912170410156,3649297,11.592713233541236,13.799340710321953,14.941824736259393,14.830067495600574,16.403421218995284,0.54,29.0,-1.52,1.78
RTX,2017-01-24,56.63312411490327,57.1499245910059,56.45914934352851,57.10898971557617,5148360,11.490857679432128,13.907383649940886,15.014283823033281,14.858011814730437,16.335916285292758,0.54,42.0,-1.53,1.69
RTX,2017-01-25,57.24200494728245,57.569477606426226,55.66090459445981,56.77637481689453,8030806,11.117467488217462,13.805832203285783,14.978188068118136,14.821702844823504,16.333070102454013,0.54,38.0,-1.55,1.73
RTX,2017-01-26,56.69453198063708,57.04759297028418,56.04469158049581,56.46938705444336,6349644,11.130880127049153,13.488079555448639,15.002908124916365,14.650553273971646,16.346033180801708,0.53,41.0,-1.57,1.71
RTX,2017-01-27,56.361909082860464,56.74566950090915,56.085600341227185,56.13165283203125,4496870,11.26450138040848,13.56620926669855,15.034948436076887,14.65358311086979,16.349003165188947,0.53,42.0,-1.58,1.68
RTX,2017-01-30,55.93210427943979,56.080490835496654,55.389715779713846,55.860469818115234,4623831,11.00981706516498,13.609417229668125,14.98936987841899,14.665665580199436,16.305726015432217,0.52,38.0,-1.59,1.72
RTX,2017-01-31,55.79395262146385,56.18794840314165,55.46136224390837,56.11631393432617,6269717,10.625231748807684,13.570904625070185,15.001176019096832,14.599979793342827,16.30780340712491,0.52,39.0,-1.6,1.7
RTX,2017-02-01,56.09585385938621,56.239122807891185,55.210639590313384,55.35390853881836,7420789,11.339317788689717,13.861952491474167,15.165885787172293,14.591349007998646,16.1694002639662,0.51,46.0,-1.6,1.56
RTX,2017-02-02,55.30275306326613,55.60976154457404,54.67337699211321,55.446022033691406,7491341,9.44288953173335,13.85859956573987,14.397171210555806,14.43608053821262,16.16090015862968,0.52,1.0,-1.59,1.36
RTX,2017-02-03,55.53298581620267,56.172590682482976,55.51763291738643,56.1060676574707,5420397,10.116991405523521,13.654484483973551,14.371414887333161,14.496281781307177,16.02052511129272,0.52,1.0,-1.58,1.38
RTX,2017-02-06,56.18794794678533,56.92477557111261,56.12143111245301,56.633113861083984,6720834,10.488008887817452,13.752577728709728,14.171239060263922,14.497360565597164,16.036908612997614,0.54,1.0,-1.56,1.43
RTX,2017-02-07,56.991279545152636,57.17037187851656,56.7814876185007,56.92476272583008,4408522,10.589905015178125,13.526055215628391,14.138418210493105,14.493434150436373,15.987534544742498,0.55,1.0,-1.54,1.44
RTX,2017-02-08,56.84291770415113,56.84291770415113,56.46426854512102,56.4898567199707,3292885,10.822794777766777,11.807338753656909,14.12452390564817,14.52379895540281,16.005874086506346,0.56,1.0,-1.52,1.5
RTX,2017-02-09,56.48983671991798,56.653576168208865,56.28516240955439,56.331214904785156,4217206,10.810940073771654,11.799350438920259,13.482977563272073,14.485634517068485,16.00485040748101,0.57,1.0,-1.48,1.35
RTX,2017-02-10,56.41307585899123,56.929876086121,56.32608851521073,56.822418212890625,4257249,10.908889899815954,11.753083249863918,13.532805841568676,14.511328805297484,15.776787028823433,0.59,2.0,-1.44,1.27
RTX,2017-02-13,57.108979388265894,57.35970623033195,57.011762953696525,57.31877136230469,4498141,11.149965659567892,11.859558092732398,13.577630516577234,14.542647468679434,15.73280744250213,0.61,3.0,-1.39,1.18
RTX,2017-02-14,57.30342730265489,57.47228443472149,57.027118451633896,57.088523864746094,4404549,10.914786063763826,11.897242466955216,13.361873638704438,14.549384385034353,15.73328705131721,0.63,1.0,-1.34,1.41
RTX,2017-02-15,57.201748723610606,57.69074216037908,57.165718350808376,57.60323715209961,4171125,10.763565818385217,11.998090504326985,13.342636343248948,14.57986765302406,15.550567208047902,0.64,1.0,-1.3,1.44
RTX,2017-02-16,57.72162302328157,57.81942420426777,57.551761098466606,57.68559265136719,4452537,10.766756548203109,11.984615166724414,13.316411360675378,14.575794275952948,15.549708309332196,0.66,1.0,-1.26,1.45
RTX,2017-02-17,57.61352929561142,57.819421583006594,57.44881546569528,57.726768493652344,4023030,10.715748264156954,11.974819390939771,13.299229882805033,14.569286096251416,15.54769666829286,0.68,1.0,-1.2,1.45
RTX,2017-02-21,57.747382287624895,58.06136580246443,57.67017343119249,57.90694808959961,3395534,10.30029634061815,11.983370786450463,13.303276305059045,14.563180704728065,14.884423913332444,0.7,2.0,-1.14,1.44
RTX,2017-02-22,57.82971876986918,58.01501871171617,57.5054391915576,57.98928451538086,3504698,9.897294670055915,11.803776319094384,13.302289284519198,14.52839611639742,14.855500756914953,0.72,2.0,-1.08,1.44
RTX,2017-02-23,58.00987193008925,58.10252502315104,57.63411771054393,57.69588851928711,5516531,10.001959690659499,11.809442778360621,13.155882137215864,14.544349163663533,14.720052412130228,0.74,1.0,-1.01,1.53
RTX,2017-02-24,57.556913396106545,58.00472839423671,57.52088302155658,57.8863410949707,4636543,9.99896336175216,11.797465445568307,13.143419608004212,14.533386136513272,13.988229832730866,0.76,1.0,-0.93,1.55
RTX,2017-02-27,57.95325235391031,58.14885472545755,57.665009364485506,58.066497802734375,4340195,10.000192129408843,11.792839168722077,13.09941742513143,14.534753331064042,13.982997707403388,0.78,1.0,-0.86,1.63
RTX,2017-02-28,58.14884760487157,58.26208679972271,57.82456804137186,57.93265914916992,4675633,9.871589342441105,11.584677767188396,12.99426262002919,14.532063646351368,13.936995030553662,0.8,1.0,-0.77,1.72
RTX,2017-03-01,58.49371519126815,58.90549976793889,58.40106210149081,58.51430130004883,8080860,10.165125323461758,11.71674713431423,13.024027907201443,14.539124588692143,13.861699948159965,0.82,2.0,-0.68,1.68
RTX,2017-03-02,58.59150709178507,58.699604437625304,57.97383649889411,58.00471878051758,4577591,10.533726939484165,11.821323610295687,13.11164271261401,14.58206461407906,13.88799130931139,0.84,4.0,-0.59,1.6
RTX,2017-03-03,58.00473685998034,58.385639252411025,57.73707993564212,57.8245849609375,4939089,10.579047250340949,11.726358791373261,12.879746965725957,14.564396433262363,13.883117759387481,0.86,1.0,-0.48,1.74
RTX,2017-03-06,57.56206098099785,57.80398366522425,57.412791396294104,57.47455596923828,5994026,10.758619673746285,11.81100307621388,12.8810118301669,14.574040245729853,13.873318845272257,0.88,2.0,-0.36,1.73
RTX,2017-03-07,57.5774922722882,57.8605933547312,57.3921861149917,57.79367446899414,3904491,10.76751989333416,11.102180523653074,12.717776628928723,14.585493258888233,13.881081461147469,0.91,1.0,-0.26,1.81
RTX,2017-03-08,57.89663205330439,57.98928514528722,57.469409444905075,57.520877838134766,4102480,10.389144578461524,10.876084322358919,12.75492849991062,14.590644709876338,13.891360846148851,0.93,2.0,-0.14,1.79
RTX,2017-03-09,57.58265073494031,57.82457340825544,55.10165943163055,57.61353302001953,4639562,10.233451525906007,10.594219175029787,12.691716910643457,14.589342451601112,13.886528822056615,0.95,1.0,0.0,1.92
RTX,2017-03-10,57.850286815261654,57.948087962988026,57.28408475183408,57.72160339355469,5116898,10.084723793807145,10.546952168741578,12.688691208580924,14.58622614903662,13.877798978305202,0.97,1.0,0.16,1.93
RTX,2017-03-13,57.937818918970194,58.02532393630623,57.62898355435527,57.80913543701172,4729341,9.882099107232722,10.547093145553852,12.655146249708011,14.547604941613903,13.868215837996434,0.99,1.0,0.32,1.95
RTX,2017-03-14,57.58779029956755,57.737059855447235,57.41792839661195,57.562049865722656,3487537,9.85473223266347,10.392127291967663,12.683836831963028,13.958495275619844,13.877122008700734,1.01,2.0,0.5,1.94
RTX,2017-03-15,57.71133574403687,58.31871024720357,57.58265227264657,58.20547103881836,5035700,10.236030077602981,10.360926050015026,12.767031311072843,13.847735168771894,13.90198723905994,1.03,7.0,0.66,1.77
RTX,2017-03-16,58.04591532834832,58.27754187287798,57.623840707657,57.8245849609375,4661808,9.518849060033316,10.454484791326928,12.792754788238367,13.71636210723076,13.871689559723476,1.04,8.0,0.8,1.74
RTX,2017-03-17,57.99957186791872,58.653279082729405,57.7885377391309,58.395912170410156,11825815,9.82386529715821,9.756681955858175,12.803890669986975,13.6626391471075,13.840044229104295,1.05,9.0,0.81,1.65
RTX,2017-03-20,58.37018849051722,58.72020231263719,58.07679115603511,58.42681121826172,4858844,9.34815267350305,9.747550510685825,12.754562936444794,13.45976145460464,13.839253872449175,1.07,6.0,0.86,1.76
RTX,2017-03-21,58.50403993612509,58.75625265241135,57.63929190281734,57.7319450378418,5676067,9.793807927640593,10.071316637527397,12.63961453094757,13.541756643796838,13.896384190263591,1.08,1.0,1.07,1.95
RTX,2017-03-22,57.840011430742,57.86575186839644,57.35102423668695,57.61353302001953,3379803,9.728460228704481,10.082616775900194,12.62857645730929,13.305541893804193,13.886971165005132,1.09,1.0,1.27,1.96
RTX,2017-03-23,57.613541520327225,57.881198430680826,57.42309345411615,57.56721496582031,3634679,9.432558342839256,10.080917921416907,12.52016512345997,13.281806365877785,13.881995756705676,1.11,1.0,1.3,2.06
RTX,2017-03-24,57.639266268996195,57.793683931957176,57.30469674594941,57.5466194152832,3574773,9.381415351967451,10.06591307759177,12.246396475682001,13.268129231911535,13.881888525022498,1.12,1.0,1.53,2.42
RTX,2017-03-27,57.176005759100995,57.61352449330727,56.851726213496725,57.562049865722656,3957881,9.072069954189072,9.948171685475861,12.240559730880248,13.133871326048387,13.88033341561159,1.13,1.0,1.79,2.45
RTX,2017-03-28,57.345873257787034,58.24149692056404,57.29954671245092,58.03045654296875,5176485,9.026651284564272,10.057710271985645,12.28298133517325,13.16156862441063,13.852281867177405,1.14,3.0,2.0,2.32
RTX,2017-03-29,57.93265781451838,57.93265781451838,57.60323017155494,57.68043899536133,3176093,9.131593190925788,9.979034645779365,12.302100332412614,13.173031552492235,13.867881288824918,1.15,4.0,2.06,2.3
RTX,2017-03-30,57.6289786394531,57.98928861414364,57.57235591538628,57.88119125366211,2354262,8.813366588175288,9.757463668888061,12.27059329322085,13.163652773342486,13.869459492367103,1.16,3.0,1.67,2.31
RTX,2017-03-31,57.906939568703926,57.97385223707047,57.572363746657004,57.75766372680664,3946599,8.829342763408867,9.770422015249018,12.279235660806693,13.167283941223046,13.870838429876228,1.17,4.0,0.81,2.32
RTX,2017-04-03,57.793684883070114,57.89663415347567,57.25837114134317,57.61353302001953,3373447,8.857137019404433,9.7550750225731,12.031397019274918,13.167196034831466,13.872018608278655,1.18,1.0,0.33,2.69
RTX,2017-04-04,57.788541648261756,58.29297309279911,57.77309738603988,58.159141540527344,4720760,9.234795396263598,9.698858823919691,12.101899979481525,13.209974986834212,13.892580614206649,1.18,2.0,-0.48,2.54
RTX,2017-04-05,58.236369631660814,58.87463283955967,57.88120764405013,57.90694808959961,4785909,9.31643248871309,9.541153071754644,11.954758350714565,13.22199976632226,13.893914689845746,1.19,1.0,-0.94,2.84
RTX,2017-04-06,57.942975532671305,58.12827553068356,57.74737935696178,57.860618591308594,3473077,9.197726082122422,9.530617002367741,10.726460092304256,13.216178271815501,13.886820411579384,1.2,1.0,-0.89,0.32
RTX,2017-04-07,57.97384159439455,58.27238074316994,57.76794929863259,58.159141540527344,3280014,9.269042245195493,9.56647129578468,10.736353778902066,13.225282982531311,13.88951389131262,1.22,2.0,-0.85,0.31
RTX,2017-04-10,58.159140283755825,58.55033251719724,57.999574538001625,58.10252380371094,3332928,9.231544536356164,9.561544632928184,10.62548618749533,13.197977432868116,13.869709373881427,1.23,1.0,-0.81,0.38
RTX,2017-04-11,57.906929576440206,58.25179527557567,57.77824611015765,58.236351013183594,3803272,9.227164747601755,9.491044085905322,10.6228181218154,13.18584731922024,13.843616758131574,1.25,1.0,-0.78,0.37
RTX,2017-04-12,58.05105103411059,58.07163714384971,57.72162335743653,57.77309799194336,4139504,9.034354281157599,9.634411081625514,10.708805127589962,12.733382836830689,13.794908058558427,1.28,3.0,-0.74,0.31
RTX,2017-04-13,57.67529616967073,58.00987193008925,57.55690887969442,57.69588851928711,3592570,8.689933558872047,9.610862029186256,10.702462859432485,12.732283617205104,13.795941532691176,1.31,3.0,-0.74,0.32
RTX,2017-04-17,57.922373710436965,58.30842415001894,57.80398640659077,58.30327606201172,5567538,9.170057822087948,9.820727011026406,10.810125038595665,12.787703123746594,13.8321053941844,1.33,7.0,-0.8,0.2
RTX,2017-04-18,58.138554132635804,58.51430210391736,58.0716352379414,58.452537536621094,4324464,8.990373172510127,9.829973790731392,10.806292952877634,12.790244895318065,13.824950759257174,1.36,7.0,-0.83,0.21
RTX,2017-04-19,58.653287460992715,58.81285322219409,58.015024416187195,58.12311553955078,4078486,9.037108713003336,9.866723524748917,10.852704515940106,12.78329758391322,13.837255448835798,1.38,9.0,-0.88,0.17
RTX,2017-04-20,58.14369712048993,58.83857652210537,58.06648829808822,58.648128509521484,3928485,9.260298371584502,9.762613885947223,10.811230945064414,12.798567037832559,13.856247152491862,1.41,9.0,-0.83,0.2
RTX,2017-04-21,58.67903799418425,59.3378935735713,58.67903799418425,59.18861770629883,8991992,9.582516020795333,9.834465612067225,10.861020837388248,12.83969627422892,13.88328385182257,1.43,11.0,-0.7,0.15
RTX,2017-04-24,59.703320918450146,60.01215619175895,59.56948938796736,59.87317657470703,5013613,10.061703790957848,9.99514989390212,10.981083586710499,12.90503589262348,13.925689897959428,1.45,12.0,-0.32,0.04
RTX,2017-04-25,60.09968309836879,60.38278428216872,59.91952496317465,60.15629959106445,5278817,10.112549631539384,9.916744941418374,10.9899375086816,12.831450853477433,13.922218264239197,1.47,13.0,0.07,0.03
RTX,2017-04-26,60.39820686622366,61.381335505457315,59.97098427557629,60.84087371826172,8108190,10.367962041353461,10.051376830365967,10.97017589007574,12.894481213049172,13.957157890843213,1.49,12.0,0.81,-0.01
RTX,2017-04-27,60.9232348962882,61.371049866800064,60.78940334185189,61.13942337036133,5409751,10.03613537841136,10.055948206765537,10.975282119764936,12.893551034241257,13.92945542286238,1.5,13.0,1.45,-0.03
RTX,2017-04-28,61.35046730739566,61.56665581596903,61.041631929525465,61.24752426147461,7115224,9.730102625256775,9.550282748989973,10.936448568516063,12.890416471279979,13.832808881575225,1.52,12.0,1.8,0.01
RTX,2017-05-01,61.273281937178076,61.61300597507173,61.08283379720316,61.211517333984375,4064026,9.458437479454707,9.561652671004929,10.855913490855027,12.845375936598211,13.833149189579085,1.54,11.0,1.92,0.07
RTX,2017-05-02,61.22692319191717,61.515172415610614,61.12398016065117,61.41737747192383,4765252,9.46691620384461,9.33101647687716,10.860754120146929,12.84309324886815,13.835721946910498,1.55,12.0,2.0,0.05
RTX,2017-05-03,61.40707872050168,62.0041632530493,61.252661060028004,61.92180633544922,5761873,8.717640227113781,9.29200546982283,10.459037655862186,12.848446687044623,13.673330093810723,1.57,1.0,2.1,-0.22
RTX,2017-05-04,62.09166410241763,62.28211212158203,61.84459336615305,62.28211212158203,5048253,8.67116657204952,9.3041553791022,10.29386433610998,12.846530772148096,13.597675165134394,1.59,1.0,2.26,-0.2
RTX,2017-05-05,61.87549180169816,62.51375491695723,61.829165246541116,62.4622802734375,3873346,8.611132300787231,9.109339926137768,10.137129173958561,12.842977169683683,13.591329659204373,1.6,1.0,2.24,-0.12
RTX,2017-05-08,62.4725613445611,62.56521443247207,62.22549060353559,62.32329177856445,4306667,8.685940048801381,9.097819811299928,10.12576440633359,12.842832899574939,13.574512924949763,1.62,1.0,2.02,-0.09
RTX,2017-05-09,62.518898010253906,62.77111687923126,62.333598044537716,62.518898010253906,3092194,8.657084597287513,8.9859213365916,10.127718352035615,12.843096004172889,13.531008588326648,1.63,2.0,1.82,-0.1
RTX,2017-05-10,62.36963209189372,62.451989023750876,61.829163946567796,62.292423248291016,3389178,8.694720520589398,8.924515021610791,10.01543623935291,12.829701338943172,13.394375983326759,1.65,1.0,1.57,-0.05
RTX,2017-05-11,61.94240369843974,62.47771746606195,61.64900637572902,62.42624282836914,4371975,8.32215812030244,8.854009838815397,9.843303537598214,12.815371233974778,13.380270129836807,1.67,1.0,1.38,0.01
RTX,2017-05-12,62.28726750738301,62.37991436425942,62.10196755352398,62.19461441040039,3910370,8.517891639023347,8.777432193622326,9.866529787462335,12.825464060997282,13.386137038417578,1.69,2.0,1.15,-0.0
RTX,2017-05-15,62.17916409086618,62.43137665371964,62.112245205121205,62.240928649902344,3471171,8.42510713623844,8.778051264284038,9.339694135462192,12.820762848143206,13.326330987839624,1.72,1.0,0.89,-0.59
RTX,2017-05-16,62.32841801930928,62.529162146017654,62.174000420318755,62.48798370361328,3213435,8.299704671246571,8.794529888937863,9.343500486555065,12.815152910309486,13.25040743412475,1.74,2.0,0.67,-0.59
RTX,2017-05-17,62.488005537700836,62.488005537700836,61.804850060798856,61.887657165527344,5335544,8.785515041328656,9.068301380466284,9.487615103413264,12.85790717211657,13.165473186092596,1.76,3.0,0.45,-0.63
RTX,2017-05-18,61.84626631810318,62.094687683321304,61.049252477024794,61.778987884521484,4108995,8.652255722911724,9.086992539540926,9.495232251552856,12.838467719776613,13.16659279179725,1.78,4.0,0.26,-0.64
RTX,2017-05-19,61.9756328741773,62.803697545375435,61.79449627625271,62.70536804199219,5099260,9.352122765920221,9.426250111883409,9.751038718090562,12.899784274999107,13.212157623160332,1.79,5.0,0.1,-0.61
RTX,2017-05-22,62.9123883005044,63.16597954776531,62.85545606789404,62.96413803100586,3468946,9.333300009405619,9.43486648802843,9.758539524695362,12.903745476291636,13.206334605787177,1.8,6.0,-0.02,-0.62
RTX,2017-05-23,62.96415180622577,63.38853984416485,62.94862939336561,63.17634582519531,5409433,9.27157355920752,9.437000009198165,9.676641907804424,12.906547497155682,13.205327563191634,1.81,5.0,-0.12,-0.57
RTX,2017-05-24,63.19188245813247,63.57486071202216,63.06249553887112,63.1815299987793,3830285,9.304003838237726,9.409506329605383,9.672036622331623,12.857581979510732,13.173012279384896,1.82,5.0,-0.23,-0.57
RTX,2017-05-25,63.36264638473531,63.455805940659054,63.160811137260154,63.269493103027344,4348775,8.74686147432463,9.239483353421837,9.549986141965059,12.854565371095175,13.169178768634692,1.83,5.0,-0.32,-0.51
RTX,2017-05-26,63.30057276575591,63.36785121194508,62.922770691963045,63.062503814697266,3378532,8.848476803705548,9.051473839127823,9.44618162406688,12.86222974346928,13.175731762924459,1.83,3.0,-0.44,-0.47
RTX,2017-05-30,63.036624014296116,63.10390245523118,62.695043031232906,62.76232147216797,4236115,8.827516712421408,9.09308166684641,9.491276057272815,12.364316728197112,13.185103394300485,1.84,5.0,-0.56,-0.5
RTX,2017-05-31,62.9124021625609,62.922754620628496,62.622577256187355,62.767486572265625,6543661,8.85416780766746,8.964649609580725,9.479795793967696,12.281481742145592,13.182702864046227,1.84,4.0,-0.67,-0.49
RTX,2017-06-01,62.726087121394386,63.21775362119431,62.663984917356515,63.03144073486328,5107364,8.532686927853925,8.94284588752217,9.364867080682421,12.108936146891534,13.183218567468998,1.85,3.0,-0.77,-0.44
RTX,2017-06-02,63.17631308215227,63.57999599476754,62.99000030487359,63.20219421386719,3810581,8.321923272400179,8.852855468388912,9.222711022160215,12.077168308778962,13.17980874256666,1.85,1.0,-0.86,-0.38
RTX,2017-06-05,63.27986158978036,63.321265150211275,62.58635352111688,62.61222839355469,5088296,8.753566678684068,9.13272557465433,9.356398879152467,12.091204142573906,13.212121508120376,1.85,4.0,-0.95,-0.43
RTX,2017-06-06,62.29651640189441,62.53458525920949,61.92906065928648,62.16712951660156,4746979,8.638354866157929,9.29730664517518,9.429999459802861,11.706062026227888,13.209116969678911,1.85,6.0,-1.02,-0.47
RTX,2017-06-07,62.431098574233374,62.456973449504474,61.77899399459564,61.991188049316406,2854162,8.652449344045381,9.334393263555233,9.440211841036787,11.712159814654598,13.214019474526758,1.84,7.0,-1.09,-0.48
RTX,2017-06-08,61.99116750688617,62.368969422052466,61.62888800205154,62.073974609375,5638884,8.083427547768288,9.265108057459472,9.385851244427466,11.706501066977095,13.203275576978788,1.84,6.0,-1.15,-0.44
RTX,2017-06-09,62.19301132046841,62.52940969675266,62.01186842428625,62.436256408691406,3383299,8.129724787747602,9.086261776861724,9.402838086093213,11.566285321121386,13.21197311114754,1.83,7.0,-1.22,-0.46
RTX,2017-06-12,62.2344374695758,62.389699280267216,61.768645763283075,62.04294204711914,4869014,8.371692370515746,9.077455057450742,9.461957096727751,11.54766616015794,13.22520530292719,1.82,11.0,-1.27,-0.49
RTX,2017-06-13,62.06879946174694,62.187833889369905,61.89283279734079,62.136077880859375,3745273,8.371498772575626,8.896818012995588,9.457669996391125,11.531112215192039,13.197782173787179,1.81,11.0,-1.31,-0.49
RTX,2017-06-14,62.13608528893328,62.317228203208565,61.898016405303984,62.11021041870117,2811100,8.330907016117967,8.90122163454462,9.459875623835197,11.521514002171148,13.197961626747027,1.8,12.0,-1.36,-0.49
RTX,2017-06-15,62.01705676736664,62.581177931169904,61.9963581240484,62.493194580078125,3094736,8.184984879181417,8.53943528079986,9.461915268119785,11.537658682264373,13.188915124409744,1.78,13.0,-1.4,-0.5
RTX,2017-06-16,62.67950906168726,62.99520883679836,62.23959233907037,62.32757568359375,7215490,8.05752325186858,8.55044947377806,9.330125631879362,11.5452181908413,13.184142889221304,1.77,2.0,-1.44,-0.45
RTX,2017-06-19,62.741627726381815,63.27469788819514,62.62259325085249,63.062503814697266,5392907,8.710689121879009,8.799856088255273,9.424445600316618,11.499007266524128,13.229415247789738,1.75,9.0,-1.46,-0.46
RTX,2017-06-20,62.91240153065121,63.4092379480842,62.86582174403191,62.88652038574219,4263923,8.726624359551687,8.8361541329331,9.387680669645386,11.49748384224197,13.227939282735921,1.73,8.0,-1.49,-0.44
RTX,2017-06-21,63.124596600968026,63.24363105871596,62.876181500524524,63.010738372802734,4341784,8.700322709338797,8.833083729974549,9.319799507260838,11.46740891047634,13.22680554041489,1.7,2.0,-1.52,-0.38
RTX,2017-06-22,63.052121726366025,63.636947642715114,63.04694549844241,63.22808837890625,4793377,8.66692512958301,8.735507935157585,9.276762674276661,11.397583469269405,13.22601166765185,1.68,2.0,-1.55,-0.35
RTX,2017-06-23,63.145277698178596,63.36781784097479,62.876157780928125,63.25395965576172,6119398,8.652816883664052,8.598512978152367,9.262238881669415,11.368082814295127,13.19660771232774,1.65,2.0,-1.58,-0.33
RTX,2017-06-26,63.35229877274447,63.70422580220003,63.041775292296364,63.07282638549805,2613111,8.620796886167891,8.635642498306728,8.974770034622342,11.373077311281515,12.726051048015538,1.62,1.0,-1.64,-0.47
RTX,2017-06-27,63.09870027235858,63.212558461809635,62.88650630270879,62.92790985107422,2706226,8.657380234191969,8.638598157226479,8.992785037160678,11.222439796180375,12.600562860051156,1.61,2.0,-1.7,-0.48
RTX,2017-06-28,63.17633737233533,63.450633554479275,62.97967206675636,63.39888381958008,2862107,8.840829597426827,8.686069240684997,8.888076348750038,11.214814466236463,12.493663605408846,1.6,1.0,-1.73,-0.48
RTX,2017-06-29,63.357483606098064,63.37818224630534,62.42590676400787,62.95897674560547,3747815,8.603994524411181,8.70433535322265,8.885598117477436,11.143845944091678,12.444704058617928,1.58,1.0,-1.75,-0.46
RTX,2017-06-30,63.14529598488049,63.47134822626898,62.94345441993606,63.197052001953125,3829808,8.623199694386487,8.637336573789113,8.872306546155151,11.14775463197836,12.291179943216347,1.57,1.0,-1.77,-0.45
RTX,2017-07-03,63.45582625211398,63.735298735125255,63.17117753942612,63.1815299987793,1837202,7.512723566144825,8.631890523025564,8.764307068796622,11.108507348434717,12.291226139784383,1.56,1.0,-1.79,-0.39
RTX,2017-07-05,63.331610455092864,63.662838933940016,63.22810469256177,63.548980712890625,2761682,7.603126991738137,8.644805403275654,8.772575723505998,11.119542492737043,12.109681257769063,1.55,2.0,-1.81,-0.41
RTX,2017-07-06,63.429957128565924,63.657673609674085,63.07802994661195,63.08320617675781,4859480,7.859237537968456,8.819290954299722,8.794075548465614,11.1453438261234,12.119177665630017,1.55,3.0,-1.82,-0.4
RTX,2017-07-07,63.28501249782903,63.60588842603937,63.16080812813579,63.45580291748047,2801248,8.045660110981597,8.865988849652044,8.743028432600793,11.157512703421704,12.11953571773335,1.54,1.0,-1.82,-0.36
RTX,2017-07-10,63.51792507676071,64.04064262979105,63.32125975004025,63.6887092590332,3262376,8.103013331394312,8.656464848984253,8.715309946177232,11.153246412311612,12.021243207493248,1.53,1.0,-1.82,-0.34
RTX,2017-07-11,63.740472255497636,64.00959226771673,63.326436641147104,63.937137603759766,3104112,8.10058692896862,8.646382716994617,8.635290778897772,11.134718396155483,12.02343399954641,1.53,1.0,-1.8,-0.29
RTX,2017-07-12,64.18554632206532,64.58405316950459,63.999233469436675,64.02510833740234,3776894,7.95019295014165,8.451503743588857,8.635233937346507,11.098178910560932,12.015464539298996,1.52,1.0,-1.78,-0.29
RTX,2017-07-13,64.00440551110603,64.03546288273729,63.57484755325504,63.69388198852539,4271073,8.12837000663934,8.560794216269851,8.691573423028679,11.091546162492163,12.020165112722873,1.51,3.0,-1.77,-0.33
RTX,2017-07-14,63.88535349253195,63.988865487713326,63.54895519372938,63.86983108520508,2827626,8.081921786258446,8.436193846503121,8.689524077706187,10.906199285351066,12.021866315840004,1.5,3.0,-1.75,-0.33
RTX,2017-07-17,64.03548332097476,64.03548332097476,63.65249874990031,63.71460723876953,2927574,8.093999486966146,8.331226683553664,8.706071208047703,10.900715205538653,12.022967519281158,1.49,5.0,-1.73,-0.35
RTX,2017-07-18,63.56449560670628,63.63177402404072,63.103880318989205,63.46615982055664,2990021,7.671613607096004,8.239429494712729,8.68752662842244,10.845465937669054,12.031558239858498,1.48,3.0,-1.71,-0.33
RTX,2017-07-19,63.6835361210388,63.776689413744606,63.42476233479523,63.699058532714844,2718779,7.376436304139046,7.971703307769943,8.690243445519387,10.674705616733963,12.03511109197855,1.47,5.0,-1.69,-0.34
RTX,2017-07-20,63.58519508392328,63.80773525140607,63.3005464522066,63.37300109863281,2910095,7.504070423338296,8.032551250994883,8.736647012841896,10.696695761151748,12.044704592753003,1.46,9.0,-1.66,-0.37
RTX,2017-07-21,63.29019020466336,63.9164196666148,63.06765005051092,63.9112434387207,3928803,7.830398885835145,7.89392834588026,8.803715272557119,10.726094627134227,12.067300647205274,1.44,14.0,-1.63,-0.43
RTX,2017-07-24,63.911250292052934,64.04580713486577,63.57484563658824,63.724937438964844,5847202,7.769712995807032,7.8840949458667815,8.705461604202695,10.715092805794104,12.04913633667091,1.43,7.0,-1.6,-0.37
RTX,2017-07-25,63.08836567861763,63.140121697281735,62.09986274001533,62.32240295410156,7629425,10.054218724489926,9.175292761045277,9.326578283352562,11.045624408434513,12.255098543548995,1.41,25.0,-1.56,1.33
RTX,2017-07-26,62.322402948967074,62.4000401140655,61.737583152714905,61.86697006225586,4757307,10.274743189538096,9.30610695021017,9.394572901405207,11.088381346000528,11.909271109578986,1.39,33.0,-1.51,1.23
RTX,2017-07-27,61.778993967916506,61.80486884317642,60.992332508147115,61.427066802978516,6764850,10.472839692490545,9.400947469751229,9.415523933102191,10.9690940315224,11.931444354437076,1.36,35.0,-1.47,1.2
RTX,2017-07-28,61.47881051992721,61.82039146576908,61.22004297006945,61.52021408081055,3417621,10.307144565696627,9.25138338837891,9.384146013801695,10.966184318292173,11.93093640221106,1.34,31.0,-1.41,1.24
RTX,2017-07-31,61.67027886495513,61.763432130427276,61.297646980422485,61.364925384521484,3451785,10.304940147026715,9.18131959835041,9.35861232902364,10.86435625469759,11.934737931934277,1.32,30.0,-1.36,1.29
RTX,2017-08-01,61.587480011010925,61.71686060938379,61.256251624933626,61.52537155151367,2468194,9.684079039241674,9.177448191568876,9.362585064961038,10.133370734597651,11.91532666012307,1.3,31.0,-1.3,1.28
RTX,2017-08-02,61.48397719865545,62.306872059109565,61.411522546918775,62.28616714477539,3717307,10.37905179855917,9.519823439330922,9.541343888726333,10.218851434511095,11.953639299101084,1.28,51.0,-1.23,1.13
RTX,2017-08-03,62.301714820182355,62.679523153989386,62.03259477132515,62.674346923828125,3227577,10.532048435528973,9.583952210857515,9.579859284534818,10.171822579198189,11.966794466404764,1.25,53.0,-1.16,1.09
RTX,2017-08-04,62.736420340412046,62.96413671767242,62.441425550373715,62.87615966796875,2865920,10.525422655339568,9.5746286069956,9.552329912318584,10.171944540791223,11.969625842915063,1.23,53.0,-1.09,1.15
RTX,2017-08-07,61.747932532321585,61.975648964322446,60.99749225893404,61.339073181152344,7906387,12.702467343180505,10.838946652335864,10.245936250799597,10.609665565799444,12.17237737880659,1.2,65.0,-1.01,2.41
RTX,2017-08-08,61.30285997708872,61.58233248956257,61.07513721840075,61.168296813964844,4396604,12.701483750336026,10.82807366669082,10.19683385658479,10.611189150022144,12.176742316057776,1.17,65.0,-0.92,2.51
RTX,2017-08-09,61.364933131299935,61.46326891051835,60.56791953887245,60.65590286254883,5058423,12.8772345048077,10.9530511861869,10.185945008040049,10.660996879668511,12.200026654196524,1.13,65.0,-0.85,2.44
RTX,2017-08-10,60.495489652279744,60.70250747675147,60.08145400333629,60.4282112121582,5018698,12.62801670802374,10.935131591799125,10.207087294902028,10.668577633791273,12.204717508331232,1.1,67.0,-0.78,2.37
RTX,2017-08-11,60.552392737389866,60.94572327730094,60.21598815039972,60.495460510253906,3322440,12.5466131013588,10.774082451058069,10.015225762199611,10.668727526017154,12.168736229550872,1.06,61.0,-0.71,2.71
RTX,2017-08-14,60.70767391716635,60.837054546657,60.52135476807785,60.630043029785156,2949184,12.499714570575259,10.78320403316688,10.010830069547326,10.599737808047244,12.165872230638112,1.03,61.0,-0.63,2.75
RTX,2017-08-15,60.614504703128866,60.614504703128866,59.88476945842138,60.014156341552734,3631024,12.752054416749804,10.495201421603229,10.15261623181999,10.653576267051337,12.190733574444868,1.0,67.0,-0.57,2.46
RTX,2017-08-16,60.357817751735126,61.492905701880495,60.305747412337894,61.44084167480469,5485864,14.561025854085855,11.57341466141338,10.792244229559802,10.989634910322204,12.39796212254551,0.97,80.0,-0.47,2.68
RTX,2017-08-17,61.326290852419895,61.326290852419895,60.441126569410144,60.451541900634766,4325099,15.10811974592475,11.989924511169301,11.120195277171103,11.161778744847076,12.503914442038663,0.95,93.0,-0.4,2.34
RTX,2017-08-18,60.42028526255109,60.54004260105891,60.061013247027645,60.128700256347656,4386276,14.986375618586006,12.025822783320912,11.090815678319547,11.109308236931351,12.51265071742473,0.93,93.0,-0.33,2.36
RTX,2017-08-21,60.20159949804748,60.24325450209455,59.712161090895144,60.02457046508789,3040075,14.89691150013466,12.018269329046792,11.04844799699558,11.107754059394113,12.512640312091754,0.9,93.0,-0.28,2.44
RTX,2017-08-22,60.18076543325981,60.3109380889247,59.89438811572489,60.238037109375,3823929,14.885495733905502,12.041469505806814,11.04899050813674,11.087888507696885,12.501320773598804,0.88,94.0,-0.21,2.44
RTX,2017-08-23,60.09226653205393,61.89383468192341,59.842336470121126,60.93577575683594,9857362,15.366916071559528,12.270417558303116,11.181017675545526,11.124566172762647,12.54101946247485,0.85,97.0,-0.12,2.28
RTX,2017-08-24,61.029500983693104,61.029500983693104,59.85275167873359,60.03498840332031,6881959,15.81215526585791,12.619309651055147,11.43682317520934,11.27397709404092,12.633860812149958,0.84,98.0,-0.1,2.01
RTX,2017-08-25,60.28490954005444,60.44632189178759,59.88919015754493,59.91522216796875,3569053,15.748464893730299,12.579561064033651,11.351088197234338,11.017406445560127,12.633412368187383,0.82,98.0,-0.05,2.11
RTX,2017-08-28,60.029781426918746,60.28491281744024,59.97771109091964,60.05060577392578,5529561,15.799218371876853,12.574491137185943,11.3307137243843,10.929327132590581,12.627883287987347,0.81,98.0,-0.03,2.16
RTX,2017-08-29,59.91001622418403,61.826133639933225,59.58719154545931,61.8053092956543,8855338,18.124460726679857,13.839612051707434,12.194807378830914,11.345398618579114,12.93139940678976,0.84,100.0,0.08,2.74
RTX,2017-08-30,61.93550844842704,62.40933670145326,61.60227457725702,62.273956298828125,8285523,18.243976481522523,13.853372165070704,12.223315147826833,11.360963370882015,12.935550772957852,0.87,100.0,0.22,2.69
RTX,2017-08-31,62.28956559933781,62.581144383440154,61.86260013006429,62.336421966552734,6322631,18.202653658295947,13.841817663600498,12.220519260656802,11.36008996957914,12.9031126883564,0.9,99.0,0.35,2.7
RTX,2017-09-01,62.346820976160686,62.565511319308136,61.34710721960195,61.39917755126953,4202428,18.471458154622926,14.1865907205928,12.47379879719152,11.450110225470771,12.99648387422527,0.93,100.0,0.48,2.42
RTX,2017-09-05,60.185991799993865,60.34740417572836,57.863732868153534,57.90538787841797,22592720,24.83553898748704,18.50563720301256,15.557982882289375,13.356679402634036,14.275117758097974,1.09,100.0,0.44,12.3
RTX,2017-09-06,57.796040301931626,57.84290297302598,56.806735481089255,57.072288513183594,14601480,24.416120627488233,18.67615568261445,15.726484328114799,13.463958892366017,14.323610147907084,1.23,100.0,0.73,11.59
RTX,2017-09-07,57.072274919406915,57.31178957033275,56.806721950563386,57.26492691040039,8188276,24.445534836464002,18.69244390358847,15.645049854053807,13.239980928979604,14.325982930106568,1.35,99.0,0.99,11.82
RTX,2017-09-08,57.33263636297014,57.45239373532829,56.93691689885816,57.04105758666992,6998115,24.411144592501234,18.698657151934274,15.649978871808829,13.247004932344813,14.331544079974275,1.46,99.0,1.28,11.75
RTX,2017-09-11,57.2805579016908,57.65544660887245,56.90045521787786,57.08790588378906,8935265,24.402124851352546,18.638366590179483,15.62676636637161,13.246135618820237,14.018121310418888,1.56,97.0,1.48,11.89
RTX,2017-09-12,57.31181091108098,57.43677594665969,57.11915884835118,57.20246887207031,6302610,24.43688969513298,18.65058025042157,15.56160401390477,13.248086157984812,13.960976373520717,1.65,96.0,1.59,12.08
RTX,2017-09-13,57.3534784244036,57.520098508160416,57.17644300733118,57.421165466308594,6071410,24.46058881105318,18.482057145515494,15.50215032061732,13.254090851566492,13.86195115247482,1.74,94.0,1.57,12.26
RTX,2017-09-14,57.41594989810852,58.98321747813859,57.327438514076405,58.910316467285156,11175119,25.435603658793188,19.299390718520385,15.931222798696822,13.589878504771988,14.072024647368373,1.83,100.0,1.46,11.21
RTX,2017-09-15,59.217521868827184,59.31644858022647,58.696837358669384,58.87907409667969,10375534,25.32452730763208,19.289242745187874,15.912077020645674,13.562033751768118,14.038248545716444,1.91,99.0,1.33,11.24
RTX,2017-09-18,59.045676078134626,59.17064107980383,58.65516439311843,58.71764373779297,6418924,25.27506260506525,19.26825179478596,15.808947107234994,13.561819274391173,13.793326249814363,1.99,98.0,1.12,11.5
RTX,2017-09-19,58.83741361793368,59.17586135864258,58.71244858962523,59.17586135864258,5288828,24.508743420220668,19.35398337053767,15.839853292242639,13.551885013017737,13.809289411859146,2.06,98.0,0.94,11.41
RTX,2017-09-20,58.957181617877374,59.477866173608646,58.951973951718124,59.410179138183594,5458692,24.548531505701764,19.377988018759684,15.85099831869935,13.49932977479034,13.810947249010486,2.13,98.0,0.79,11.38
RTX,2017-09-21,59.45180728411459,59.79025493291357,59.13419029053759,59.61842727661133,4076103,24.477473396893032,19.397767878991637,15.862412536076272,13.504708781252623,13.715563003939508,2.2,98.0,0.66,11.37
RTX,2017-09-22,59.57678569162828,59.941265429194075,59.425788656552484,59.88398742675781,4502273,24.500186567232372,19.352111416312205,15.86966578530242,13.506341848074173,13.687335515349266,2.26,98.0,0.56,11.35
RTX,2017-09-25,59.837141986580654,59.87879700607916,59.207115339948416,59.50910949707031,5879459,24.556724902784612,19.34355068988262,15.84006664013935,13.471030065056567,13.695847423762448,2.32,95.0,0.41,11.35
RTX,2017-09-26,59.660099390040415,59.88399112398818,59.47785635384526,59.732994079589844,6388098,24.575763153526363,19.343351546989354,15.822999990338268,13.429427210532353,13.694460863738739,2.38,93.0,0.29,11.4
RTX,2017-09-27,59.80590010396784,61.15968503179679,59.79548477139492,61.01388931274414,8859470,25.176973748731786,19.8691863460717,16.183880999282223,13.653242821734374,13.84941178922129,2.44,100.0,0.26,10.48
RTX,2017-09-28,60.91496047073369,60.94099248893745,60.076652474237484,60.3161735534668,9580399,24.437903959353957,19.948062507224027,16.279623093980554,13.721843510910018,13.902324102116406,2.5,100.0,0.19,10.12
RTX,2017-09-29,60.04539314698971,60.467150840318816,59.61322643717779,60.44111251831055,5196666,23.993216818463882,19.9106523981105,16.274739153261784,13.721384151154703,13.839091572104445,2.56,99.0,0.14,10.13
RTX,2017-10-02,60.47234623416835,61.258577152872846,60.3682055919076,61.222129821777344,3703641,24.219136275674515,20.059476062231198,16.399459420520774,13.783096372540307,13.884921954795843,2.62,100.0,0.12,9.86
RTX,2017-10-03,61.44085170530854,61.44085170530854,61.065956562623676,61.28984832763672,3513438,24.20933680125881,20.043111351510213,16.396545443731014,13.779482284896572,13.86476827929829,2.67,99.0,0.11,9.86
RTX,2017-10-04,61.373137765639484,61.55538076596961,61.19090107762968,61.248172760009766,4449041,24.19703374758519,20.020835671296894,16.386970187388947,13.773446058664335,13.825642107292671,2.73,98.0,0.09,9.91
RTX,2017-10-05,61.24817296583552,61.6126526554003,61.14924628124643,61.52934265136719,4252959,24.00673336910546,20.04589425286801,16.403623641320923,13.779326237472048,13.811411486273848,2.77,100.0,0.08,9.88
RTX,2017-10-06,61.388768771854,61.58662847851528,61.23256407250673,61.56059646606445,2844469,23.569476281438195,20.024961838110215,16.390933885431387,13.779323911100096,13.809437747899173,2.82,97.0,0.08,9.9
RTX,2017-10-09,61.59184355629581,61.899045327008906,61.48770918163836,61.76887893676758,2779956,23.56480549289935,20.029755303128503,16.329022161279987,13.773045075922058,13.7242425854887,2.86,95.0,0.08,10.17
RTX,2017-10-10,61.75844500523242,61.867787012539466,61.31065533565879,61.5033073425293,4234049,23.611536916811296,20.04094161121006,16.34095332624277,13.722836455973711,13.717014818902602,2.9,95.0,0.08,10.12
RTX,2017-10-11,61.602277005546895,61.75327410252322,61.14407173518135,61.310691833496094,4903495,22.084926405928428,20.03611522038066,16.171415027734007,13.709211215563007,13.66112893303533,2.93,90.0,0.07,10.51
RTX,2017-10-12,61.269007292217964,61.925072035188336,61.248176633802025,61.867794036865234,3774828,22.135002325804955,20.11496319714948,16.223930318424262,13.729177175774735,13.685811461094646,2.97,91.0,0.08,10.38
RTX,2017-10-13,61.99796643020884,62.456165165405935,61.81572341918945,61.81572341918945,5517803,22.132618709296054,20.091844712201727,16.2143046458558,13.708316708873422,13.660551054530117,3.0,90.0,0.1,10.38
RTX,2017-10-16,61.87821815364673,62.22186725542612,61.64911875246046,61.96673583984375,3437960,21.688372061383106,20.01605643126318,16.2197338344564,13.695164808970928,13.659585164679273,3.03,90.0,0.12,10.38
RTX,2017-10-17,61.76887132555025,62.15417540785939,61.534557964879944,62.14896774291992,3220109,12.595043698859667,20.02198770430122,16.22543231279349,13.6898231258882,13.650964336191254,3.06,91.0,0.14,10.37
RTX,2017-10-18,62.221879779835135,62.221879779835135,61.75326555244992,62.055259704589844,2948548,11.609321455953857,19.500152405397696,16.2192651957149,13.586867909142613,13.651443493500597,3.08,88.0,0.16,10.4
RTX,2017-10-19,62.01356805359844,62.23745967946216,61.55536316398156,62.21662902832031,2592771,11.608130048701906,19.448312234683133,16.208124749497053,13.5883126607864,13.649090371600007,3.11,86.0,0.17,10.48
RTX,2017-10-20,62.46139329970317,62.966461181640625,62.35725891093732,62.966461181640625,3995858,11.726767094625048,19.539149336255893,16.32094326216009,13.590015802531521,13.683272965290861,3.13,93.0,0.16,10.21
RTX,2017-10-23,62.87793827369798,63.096628678020316,62.726941213175685,62.94562530517578,4095806,11.752603832304239,19.538362364054983,16.30735400734568,13.550893150459562,13.665042076861242,3.15,92.0,0.16,10.22
RTX,2017-10-24,62.4561819533951,64.19006960714906,61.93549741559989,62.346839904785156,8632243,12.323522636975632,19.63596327979332,16.371385054709986,13.592920165067538,13.683070748914506,3.17,95.0,0.18,9.95
RTX,2017-10-25,62.331216817453694,62.63321091469037,61.89383604329021,61.956321716308594,5859120,12.600693065495214,19.67513187945907,16.334239718050654,13.582170315916361,13.588150896410847,3.19,93.0,0.19,10.08
RTX,2017-10-26,62.195828782970935,62.5186535021775,61.96152174077023,62.44575881958008,5372091,10.68145845749921,19.578924699770333,16.343531227094125,13.604132666763036,13.600300952838658,3.21,94.0,0.19,10.15
RTX,2017-10-27,62.284351798204455,62.45617318981875,61.940696390332846,61.99797439575195,4533099,10.985971643789469,19.591288343153693,16.377727549867554,13.600609771175828,13.585905531146572,3.22,95.0,0.19,10.01
RTX,2017-10-30,62.17501175775452,62.75817559952773,61.88342668070705,62.39369583129883,7043084,10.981373326651866,19.62518193102103,16.407569998671757,13.583556371991351,13.493245867521878,3.24,100.0,0.19,9.95
RTX,2017-10-31,62.503020481946166,62.60716113665574,62.22185081394226,62.35723114013672,5467113,10.867715901849857,18.943282120161868,16.381738479184357,13.573619666709904,13.490976947435046,3.25,94.0,0.19,9.99
RTX,2017-11-01,62.76859870156087,63.00290580036226,62.44577390437073,62.544700622558594,4275363,10.854436236313434,18.940466022031327,16.357203598630317,13.53940683386761,13.49039030228188,3.26,91.0,0.18,10.13
RTX,2017-11-02,62.5290760288265,63.26844458182802,62.331216305151024,63.24241256713867,3119366,11.181232445240463,18.975946060249377,16.449034461361443,13.597340181493397,13.519177918645035,3.27,100.0,0.16,9.91
RTX,2017-11-03,63.39342456635058,63.39342456635058,62.68008785979238,63.03936004638672,3822657,11.25392767590372,18.970806614054986,16.457603853307436,13.604462766493025,13.513355352659392,3.28,100.0,0.14,9.86
RTX,2017-11-06,63.13828882096717,63.24242320957,62.67487595772609,62.6852912902832,3838388,11.215484845268907,19.014928916849268,16.454546111734142,13.620051558797183,13.527245267304258,3.29,99.0,0.14,9.8
RTX,2017-11-07,62.83106761649856,63.242410043642785,62.680070575146345,62.87272262573242,2945370,11.205642905208164,19.01836641168904,16.455479922062736,13.622895165136645,13.432796935238258,3.29,99.0,0.13,9.83
RTX,2017-11-08,62.75296337599417,62.99768575884317,62.48741664531524,62.62799835205078,3195479,9.664225927219153,18.908747578169507,16.36090717806751,13.616910535675572,13.438595258131322,3.3,87.0,0.14,10.02
RTX,2017-11-09,62.628005472769935,62.66445281985728,61.48770975715842,61.63349914550781,4473035,10.236705381564429,18.606316391746763,16.55027317403632,13.751109524097771,13.476928742847482,3.3,100.0,0.15,9.41
RTX,2017-11-10,61.44085908985884,61.69078290269786,61.44085908985884,61.498130798339844,4961653,10.262533492345979,18.301479164713683,16.549571133403383,13.750454358294512,13.061040116574357,3.3,99.0,0.16,9.39
RTX,2017-11-13,61.41481047372385,61.440848802603895,60.878509271304935,60.95661163330078,3522654,9.930182730967429,18.361294546624368,16.594794519224763,13.78973017378103,13.088552767761714,3.3,100.0,0.16,9.19
RTX,2017-11-14,60.95659158436667,61.97192195636534,60.92014424824446,61.85737228393555,4541203,10.817080873114925,18.592703711480787,16.765263345337015,13.847095460766953,13.130475513940244,3.3,100.0,0.19,8.82
RTX,2017-11-15,61.5814177365041,61.638695735819276,60.7014612742456,61.21693801879883,4175892,11.252840252584447,18.71458315421817,16.83810041452608,13.86376739713204,13.173817226891138,3.3,100.0,0.2,8.58
RTX,2017-11-16,61.4421675839846,61.91882723537411,61.33740317370757,61.7512092590332,3371222,11.459855346126597,18.650875536959017,16.895128428521105,13.893182392976822,13.199199049801653,3.29,100.0,0.22,8.49
RTX,2017-11-17,61.5416965354882,61.61502782421947,61.012654595171306,61.038848876953125,4463024,11.95125392925305,18.548909635521543,16.946428746393465,13.944580503005955,13.251259696860721,3.28,100.0,0.24,8.26
RTX,2017-11-20,61.19598415864737,61.37931236547136,60.91836924538339,60.96027374267578,4631776,11.903452034871467,18.54576778996856,16.914224584794194,13.932109144782254,13.25035703642801,3.27,99.0,0.25,8.38
RTX,2017-11-21,61.00741034734853,61.61502237905597,61.00741034734853,61.30598068237305,3961377,11.972086313393229,18.574227580655045,16.92844894001867,13.933542940795181,13.257583241584097,3.26,99.0,0.28,8.35
RTX,2017-11-22,61.28504581417465,61.38456504883146,61.049328994977316,61.14361572265625,4545493,11.962247082105142,17.609475066638684,16.932547788426493,13.937260135013641,13.261161124442769,3.24,99.0,0.31,8.33
RTX,2017-11-24,61.28503550678944,61.368844506157345,60.94456065309125,61.237892150878906,2361890,11.658038711813278,17.53966426832256,16.906801172476992,13.936796188843733,13.220160172996408,3.23,96.0,0.35,8.37
RTX,2017-11-27,61.190756270447785,61.400278794464235,60.991711460164545,61.347896575927734,4082936,11.673231745165124,17.542888681449366,16.872927423155275,13.937170388867587,13.208197552173212,3.21,94.0,0.38,8.51
RTX,2017-11-28,61.520763190029584,61.8193272776489,61.232670467671426,61.65694808959961,4343849,11.748857192220846,17.297348283042002,16.865443503064107,13.937310718554704,13.211821580051367,3.18,93.0,0.43,8.52
RTX,2017-11-29,61.725040206046785,62.049798546981165,61.63599233512029,61.89265823364258,4400418,11.771778265414062,12.250515782681774,16.86636711727628,13.884825083277585,13.212385261820984,3.15,93.0,0.49,8.52
RTX,2017-11-30,62.29598440406334,63.77310710434332,62.12836638272923,63.615966796875,8539922,14.218919848568243,12.96488883612463,17.420921707091434,14.22610281784871,13.442101635426612,3.13,100.0,0.5,7.64
RTX,2017-12-01,63.72596468575874,63.8778724886733,62.22264767855252,62.919307708740234,6168180,14.61333993132412,13.223367815723527,17.505884114698905,14.247994701587416,13.489059956015206,3.1,100.0,0.54,7.39
RTX,2017-12-04,63.474536355341534,63.867387082515215,62.866924267252735,62.87739562988281,4380714,14.194244756463279,13.18247949257239,17.487634773638796,14.248561428105806,13.474605299041622,3.07,99.0,0.57,7.45
RTX,2017-12-05,63.89882789350202,64.1816817491662,62.96121844877383,63.00836181640625,5004238,14.207258820606672,13.181731534277757,17.48511640394586,14.17358632145587,13.451986228105243,3.04,98.0,0.6,7.46
RTX,2017-12-06,63.46406297762331,63.58977648893178,63.05025679666573,63.48501205444336,4143159,14.067610585451574,13.236819906113434,17.52335463913233,14.194802784929772,13.470073370365817,3.01,100.0,0.61,7.41
RTX,2017-12-07,63.54785605359808,64.33879622006157,63.41166486295827,64.11356353759766,5733589,14.15825955070263,13.334757639651551,17.582013949082885,14.23654290668171,13.350059580358497,2.97,100.0,0.59,7.34
RTX,2017-12-08,64.11356965142906,64.47499355899797,64.04023836875625,64.32833099365234,4766523,14.031594694971442,12.386914826196682,17.580443245410407,14.239780761247884,13.29855157879209,2.93,99.0,0.59,7.34
RTX,2017-12-11,64.39121595963336,64.70549666725226,64.16598314587486,64.58502197265625,4985488,13.837550355028558,12.390368072485423,17.57095755899339,14.245273263543531,13.249449040177335,2.89,98.0,0.58,7.4
RTX,2017-12-12,64.70546344150577,65.0354605551073,64.41213831841839,64.67927551269531,5606469,13.75633156067263,12.3581521391937,17.52218656917125,14.217921079259654,13.240648080572573,2.85,96.0,0.59,7.48
RTX,2017-12-13,64.68975653297458,65.3235565136561,64.57452075013508,65.10879516601562,8274082,13.833371735258137,12.335807921340262,17.545485240532805,14.213487841540914,13.253976720455075,2.8,97.0,0.63,7.47
RTX,2017-12-14,65.21880005589978,65.40736712792541,64.63737592113843,64.82594299316406,4820390,13.925140639844827,12.385291700024611,17.18842416893974,14.221944208549392,13.224900374833199,2.75,90.0,0.56,8.26
RTX,2017-12-15,65.37068615611766,66.22972501636227,65.03545023989982,66.08829498291016,9841630,14.616467444839707,12.90815909462539,17.40189789869795,14.388193165528273,13.309455788393846,2.71,90.0,0.64,7.92
RTX,2017-12-18,66.38688661387,66.80593164390271,66.14069845249196,66.37117004394531,6713684,14.569014207825234,12.90664381406561,17.36599599184553,14.38898103697947,13.31108912917118,2.66,89.0,0.69,8.06
RTX,2017-12-19,66.63308365842579,66.63308365842579,65.80547120131052,66.40784454345703,5788886,14.407282170479057,12.801423223320384,17.3656226775754,14.352232885425419,13.15468721911798,2.61,88.0,0.68,8.06
RTX,2017-12-20,66.71687721508006,66.98925328272985,66.15116965527663,66.5230712890625,5197301,14.403826982417486,12.795127972060447,17.358234371133438,14.339944732204115,13.15335481496497,2.56,87.0,0.65,8.1
RTX,2017-12-21,66.65402218320305,66.8164013345099,66.44450602356058,66.68545532226562,4804977,14.29952985266651,12.139582047851794,17.35779800322678,14.340069402512274,13.1529042367237,2.5,86.0,0.6,8.1
RTX,2017-12-22,66.79546378138481,66.83736829056802,66.49689335968822,66.64356231689453,2549551,13.265316635275365,11.843831903162751,17.261106270789007,14.33164122202229,13.153205045736845,2.44,85.0,0.53,8.28
RTX,2017-12-26,66.75877652667558,67.01543600600453,66.51782726437517,66.59639739990234,1672740,13.225380351596344,11.853431250318042,17.239549430682054,14.331223599903115,13.153471156052085,2.38,84.0,0.45,8.3
RTX,2017-12-27,66.76402782860372,66.842597978778,66.48117401795041,66.8268814086914,2877361,12.768617167322788,11.627806547840338,17.240515993520276,14.333623402206369,13.154406875717894,2.31,84.0,0.38,8.3
RTX,2017-12-28,66.90544992604946,67.13592151425217,66.67497833784675,67.10973358154297,2245257,12.293779521108181,11.641298915409578,16.762589818966372,14.301450018298336,13.135921786615617,2.26,70.0,0.3,9.44
RTX,2017-12-29,67.21451244923003,67.30355397961769,66.8216552734375,66.8216552734375,2871164,11.846626237337556,11.693969749098537,16.77278559813626,14.312079217299795,13.142834069421912,2.2,71.0,0.19,9.41
RTX,2018-01-02,66.99450791675119,67.50783338631702,66.61212848065911,67.13069915771484,4918591,11.732488073794388,11.694361303523682,16.71638851098055,14.273165865712256,13.116824699606205,2.13,68.0,0.1,9.63
RTX,2018-01-03,67.82735528397758,68.19925701850813,67.73831375610155,68.11544799804688,7958983,11.390177592776883,11.99670245033175,16.83579927868814,14.3645653819212,13.149848454854174,2.06,71.0,0.1,9.4
RTX,2018-01-04,68.52400614770376,68.55020043189819,68.19924782472886,68.3302001953125,5820666,11.295003790873613,11.99541079291043,16.838637751934712,14.346216285603983,13.152071909242544,1.98,72.0,0.09,9.4
RTX,2018-01-05,68.67066671775848,69.33065464680314,68.33543072197152,68.91685485839844,5835444,11.367119043268884,12.010529047639137,16.8781489299637,14.34279109474613,13.171130171522991,1.9,75.0,0.11,9.32
RTX,2018-01-08,70.81302801198586,71.12730860811466,69.24685118770276,69.57160949707031,10526807,11.302081977395318,12.062264670101888,16.825970822500878,14.34512259135321,13.162138188813735,1.81,68.0,0.18,9.57
RTX,2018-01-09,69.8335385192406,70.4306731296277,69.68163702495582,70.3311538696289,6724489,11.426040998322907,12.112421225325065,16.521923493667458,14.338651931713251,13.161403483647918,1.73,60.0,0.28,10.24
RTX,2018-01-10,70.25255787610857,70.97016691654684,70.05874558551405,70.66112518310547,5216528,11.394714492667978,12.10728690718364,16.28724060450454,14.338514238778878,13.163588258112515,1.66,38.0,0.36,11.07
RTX,2018-01-11,70.5825537082692,71.37349402480633,70.5825537082692,70.70826721191406,7633874,11.454134590025841,12.111419033305111,16.25016964936622,14.28481178877532,13.15969135495262,1.59,35.0,0.36,11.23
RTX,2018-01-12,71.03301434119591,71.54110717773438,70.83396956145639,71.54110717773438,8285523,11.636257295655266,12.266685846168963,16.31951608051393,14.334748994279606,13.20181147174741,1.5,39.0,0.42,11.09
RTX,2018-01-16,72.14347156634935,72.14347156634935,70.1215908793921,70.1739730834961,8288065,11.624248771649055,13.02359292314945,16.655048256737313,14.531522414737802,13.340867882829006,1.41,63.0,0.29,10.01
RTX,2018-01-17,70.5354425649659,70.68734406994686,69.63973741124829,70.40972900390625,6219028,10.807480365646635,13.025876490101124,16.58066451879059,14.533875305114496,13.339442498170968,1.32,61.0,0.17,10.19
RTX,2018-01-18,70.47778952010779,71.05921368267859,70.37827029821408,70.50921630859375,5098465,10.750327745203919,12.861200933032974,16.3724213048098,14.530836521791043,13.335695593614785,1.23,45.0,0.06,10.91
RTX,2018-01-19,70.74491962982526,71.1849136352539,70.44634932072505,71.1849136352539,5140892,10.862232684006532,12.947280607060152,16.4101164382467,14.541472933351221,13.362427628602752,1.12,53.0,-0.01,10.86
RTX,2018-01-22,70.69779570163446,70.95969409460841,69.98018026160344,70.8235092163086,6520938,11.125053390448048,12.807797187857092,16.445443222201956,14.545566511014163,13.375828396039873,1.0,53.0,-0.11,10.7
RTX,2018-01-23,71.14304715581795,71.48875464833137,70.45162582065991,71.25304412841797,9101156,10.99449413433901,12.71097723400417,15.87600351293278,14.557007978519268,13.376471804438545,0.91,18.0,-0.21,12.03
RTX,2018-01-24,70.72398837239822,72.48397134557553,70.2001852012408,71.0697021484375,8806238,11.135694110572208,12.696823680250919,15.857850721140803,14.558064615179614,13.339182339776864,0.81,15.0,-0.31,12.02
RTX,2018-01-25,71.67207776161422,72.43683028887051,71.24255495649247,72.15397644042969,7217874,11.650926662585324,12.818734097674945,16.008736946079352,14.654985625320805,13.398125084652445,0.69,20.0,-0.37,11.6
RTX,2018-01-26,72.37396381120871,72.54682068911873,71.5935011324118,72.27444458007812,5090520,11.64758505263374,12.794840797476322,15.78557379093925,14.645866467609833,13.38301826786528,0.56,8.0,-0.43,12.5
RTX,2018-01-29,72.31112014678762,72.93444895406776,71.50446307273712,71.58827209472656,5530356,12.223080779098495,13.01526836877565,12.627286797710449,14.696212923687494,13.406215841496893,0.67,1.0,-0.49,1.29
RTX,2018-01-30,71.23730942790064,71.78206799431555,70.87588545263549,71.49921417236328,5675590,12.089438401821957,13.034582688452831,12.355844526542143,14.68851607178808,13.395389437423933,0.79,1.0,-0.57,1.44
RTX,2018-01-31,71.82397271828987,72.45253394670826,71.52540232471337,72.2901611328125,9389719,11.351433719205877,13.031921885171528,12.432549789700817,14.738274455058953,13.428098619063606,0.88,2.0,-0.62,1.33
RTX,2018-02-01,71.7558838339738,72.80872902384517,71.50969564727713,72.4525375366211,6674277,11.346756383862148,12.982439267539906,12.392152866397257,14.734539635575908,13.347443798536693,0.97,2.0,-0.68,1.37
RTX,2018-02-02,71.99158407528878,72.25348244617713,70.39921937382839,70.50921630859375,7443988,14.311401492118096,14.237337216925303,13.250467574038147,15.052678230166455,13.643079852474319,1.02,5.0,-0.77,1.94
RTX,2018-02-05,69.91731114858676,70.26301847455143,65.94688083000223,66.64877319335938,10984757,22.1460819698512,18.578568511890882,16.173365713610362,16.49406311873126,14.75392785505221,1.01,21.0,-0.81,9.82
RTX,2018-02-06,65.03548132322423,67.9949722290039,64.55882149586476,67.9949722290039,13781079,22.882219213579376,18.95263872208394,16.433511651820446,16.56811273059872,14.854793084652057,1.01,52.0,-0.87,9.24
RTX,2018-02-07,67.77496425104594,69.84398866198816,67.6021073912374,69.12637329101562,12563270,23.333379123439112,18.850274159393123,16.15760897109239,16.6711934515838,14.931960370993242,1.01,18.0,-0.93,9.77
RTX,2018-02-08,69.06353849506058,69.33067579184662,66.71689850911166,66.7745132446289,11691068,25.541656382333187,20.26943994523721,17.147586648600115,17.177879917783294,15.322877384118497,1.01,81.0,-0.95,8.11
RTX,2018-02-09,67.64925275289818,68.11543478240202,64.01405148348003,65.49118041992188,19253277,26.132421810265992,20.609521734028764,17.44793657868267,17.335523128229454,15.44999277647094,1.01,91.0,-0.96,7.39
RTX,2018-02-12,64.4645168808037,67.31924889592096,64.42785123887938,66.72211456298828,15172249,26.693957498761,20.735399693207317,17.637619479326627,17.47153725161986,15.533944977144332,1.02,100.0,-0.98,7.07
RTX,2018-02-13,66.18783222587436,66.50211277781567,65.45974556047518,65.8787841796875,8052258,26.917117444925253,20.796314626501637,17.769483317718223,17.534331542010698,15.569979174219778,1.02,100.0,-0.98,6.7
RTX,2018-02-14,65.46500644661837,66.41832613501872,64.92548666079932,66.3659439086914,11043073,26.974110522973383,20.777797944412782,17.793741347054198,17.544285860075284,15.578030918292624,1.03,100.0,-0.99,6.68
RTX,2018-02-15,67.41409930097328,68.49385904043453,67.3087528380841,68.47279357910156,7240596,28.184194396204788,21.493701242711243,18.42091371245828,17.922167563766703,15.855132636850907,1.05,100.0,-1.03,6.01
RTX,2018-02-16,68.4412087279358,69.00479136869235,67.90395951655893,68.08303833007812,7602888,28.219862274590017,21.540878874583296,18.415119870427638,17.931593267349374,15.867834309956105,1.06,99.0,-1.07,6.03
RTX,2018-02-20,67.81438548402515,68.08827473301452,66.30271707595756,66.60820770263672,7364856,28.781290709210133,22.066353324562296,18.77649441532937,18.122930670698366,16.027371383748374,1.08,100.0,-1.08,5.39
RTX,2018-02-21,66.7504544202565,69.11013147162072,66.61877450253881,68.08303833007812,12340333,29.398614273990898,22.44505410022261,18.79544289559175,18.265302472940945,16.166824680824103,1.1,100.0,-1.11,5.37
RTX,2018-02-22,68.89414309394664,70.89038700483218,68.89414309394664,70.35840606689453,12827679,30.8106756352784,23.331171753048725,19.35026434872818,18.640540987764744,16.48487050926839,1.14,100.0,-1.16,5.06
RTX,2018-02-23,70.8851540766613,71.06423287416575,69.19966788267018,70.13195037841797,7316709,30.791780971347716,23.358594846130824,19.364816869621066,18.641634351911186,16.479331703699057,1.17,100.0,-1.21,5.02
RTX,2018-02-26,70.48483918978793,71.44345492770542,70.45323142096247,71.35391235351562,7548386,31.20813582322013,23.55524186900821,19.443623914259604,18.744562399064833,16.5598865111073,1.2,100.0,-1.26,4.93
RTX,2018-02-27,71.44344326929927,71.75946982272076,70.51642906607302,70.5322265625,6848431,31.19848123796113,23.72742915258429,19.55470373839203,18.791649050718,16.60469850589534,1.24,100.0,-1.3,4.72
RTX,2018-02-28,70.64285123520165,72.94985435016054,70.57964208408337,70.96941375732422,14665993,30.733192347481292,23.152646214140006,19.56640337033329,18.784324063314813,16.610584589122496,1.27,100.0,-1.33,4.72
RTX,2018-03-01,71.21170487975779,71.47505826263887,68.3569166631277,68.63080596923828,10061230,32.24261291745091,24.123932862936226,20.33166219712782,19.216288510200105,16.935462957395178,1.32,100.0,-1.35,4.06
RTX,2018-03-02,68.06196443900963,68.63081497231225,67.57212056947631,68.44120025634766,9265618,32.23984956446153,24.1356320444938,20.340700285158615,19.219967919559448,16.912752981134968,1.36,100.0,-1.36,4.04
RTX,2018-03-05,68.11463672467012,69.73691367582948,67.42990380102758,69.37348175048828,7570791,32.373638069815,24.262872142600493,20.433780386619162,19.270077073860826,16.957343683212244,1.41,100.0,-1.38,3.95
RTX,2018-03-06,69.63155177141854,69.72109433870506,68.64133472642413,69.32079315185547,4830878,32.34878113600304,24.23578783133077,20.417358688774733,19.266905107793043,16.944290552241085,1.45,99.0,-1.39,3.99
RTX,2018-03-07,68.39904877136065,69.14170997983467,68.32004212396113,68.96263122558594,4718059,32.30848998398325,24.209398881147372,20.43097015946731,19.23319179201939,16.94774444514578,1.49,99.0,-1.4,3.96
RTX,2018-03-08,69.39454479309755,69.57362996110885,68.27791563027675,69.13645935058594,6279092,32.321841040462154,24.206886182835408,20.393213455643426,19.230663601883695,16.93991659900772,1.53,97.0,-1.4,3.99
RTX,2018-03-09,69.42614082451232,70.67971763236943,69.26812114600928,70.61650848388672,6629308,32.628614834195815,24.545541826989865,20.637750689098354,19.384696516846734,17.062742490940728,1.57,100.0,-1.41,3.79
RTX,2018-03-12,70.9483504448579,70.9483504448579,69.05218423518663,69.26287078857422,5778716,33.061065260120486,24.91446421707026,20.89633538779489,19.52534712656437,17.181073266927747,1.61,100.0,-1.41,3.46
RTX,2018-03-13,69.77903939338051,69.79483689204326,68.21996547725465,68.55179595947266,6134335,33.07848284562372,24.9970928606521,20.972706896797245,19.56731946727276,17.216319960604068,1.66,100.0,-1.4,3.33
RTX,2018-03-14,68.73613214213005,68.99422389660047,67.4983593606766,68.25155639648438,5154080,33.08938480321219,24.997411020390963,20.986390237457403,19.57177607487872,17.216629935911836,1.7,100.0,-1.38,3.31
RTX,2018-03-15,68.557066666839,68.77302116408002,67.35088864463803,68.0777587890625,4779076,32.87512026086532,24.708770964715374,20.992022290873756,19.572289669721243,17.187643958244,1.74,100.0,-1.36,3.28
RTX,2018-03-16,68.06195614399701,68.38851868388626,67.30349098716731,67.59317779541016,11507220,32.88237021919456,24.744959262870072,20.954573046956764,19.574809542167614,17.1901683282201,1.77,97.0,-1.34,3.27
RTX,2018-03-19,67.41936654549644,67.91447192833975,66.434410970623,66.99799346923828,6069662,32.096985069769765,24.815766286540637,21.00883954907225,19.585975789678226,17.191134996293563,1.81,100.0,-1.31,3.19
RTX,2018-03-20,67.02434162000398,67.77227739836272,66.79785753262729,66.97693634033203,4472717,27.6081763831549,24.8137243955042,20.945952974331643,19.58187298814014,17.191349884741776,1.84,95.0,-1.27,3.28
RTX,2018-03-21,66.96110223874778,67.68269780877313,66.55553317992701,66.89263153076172,5542273,26.961021270066237,24.810498887276562,20.91838266875502,19.582654715553883,17.14643552824169,1.87,94.0,-1.24,3.33
RTX,2018-03-22,66.39754527988283,66.86104930387518,65.27037383519226,65.34938049316406,7916239,27.243377931313017,25.269473984900927,21.232999766756123,19.77044386340097,17.31067166811792,1.91,100.0,-1.21,2.99
RTX,2018-03-23,65.41256358956404,65.90767518781287,64.33279784693104,64.4223403930664,6138148,25.714614497948418,25.43095293068951,21.327665672247697,19.824453102206192,17.373267715720036,1.95,100.0,-1.18,2.88
RTX,2018-03-26,65.28090727253245,66.82417741056867,65.01754749905201,66.70303344726562,18321011,27.137475215578032,26.43295640645672,21.997425416371332,20.23363146411258,17.70921990939456,1.99,100.0,-1.14,2.63
RTX,2018-03-27,66.81889032634507,67.51415252228698,65.50211099200865,65.98668670654297,14319115,26.777989306121302,26.508837655553062,22.07184445508287,20.271870070706775,17.745747331898553,2.04,100.0,-1.1,2.54
RTX,2018-03-28,66.3237913762807,66.38173256427682,65.30196653507741,65.54952239990234,4961017,26.591793815029845,26.528379956983578,22.097869067735864,20.283173447480404,17.743944933142412,2.08,100.0,-1.06,2.5
RTX,2018-03-29,65.78654240343343,66.7082886636897,65.51791471955845,66.2711181640625,4509423,26.69998564446677,26.61033553331018,22.096101666017805,20.322980125368957,17.762516668542226,2.13,99.0,-1.02,2.5
RTX,2018-04-02,66.18159667150219,66.37121139046609,63.84298533903891,65.03862762451172,10481839,25.514247748095396,26.696476687821203,22.29919275606798,20.43685484143718,17.864781679779227,2.17,100.0,-0.99,2.31
RTX,2018-04-03,65.09657579774341,65.86030910319903,64.61199344553934,65.79183197021484,6045351,25.767045657379583,26.803771000245696,22.348911278008913,20.47900822251866,17.8969673526693,2.21,100.0,-0.95,2.3
RTX,2018-04-04,63.79556277157714,66.3079906402688,63.553274879801435,66.24478149414062,11538047,25.093050457180627,26.781302348468706,22.368413412398077,20.491931818298518,17.905606704722445,2.25,100.0,-0.9,2.29
RTX,2018-04-05,66.60297204848973,66.68197871616587,65.81816694888548,66.23954010009766,6481372,24.205126992059682,26.698650312837515,22.357405498250074,20.48609271319094,17.883539478976456,2.29,99.0,-0.84,2.3
RTX,2018-04-06,65.61800013832844,66.22898786441043,64.36968487981981,64.65937805175781,7077724,22.894332104069935,27.006723430760772,22.547412313755718,20.68389717782888,18.046433219776493,2.33,100.0,-0.81,2.19
RTX,2018-04-09,65.23350556649218,65.51793081697834,64.31175907976753,64.37496185302734,5649531,22.898741132071564,26.983523341275827,22.556819202038298,20.681506193692044,18.0525240213041,2.37,100.0,-0.79,2.17
RTX,2018-04-10,65.33358285116687,65.48106024295225,64.43290184391435,64.76473236083984,6561299,22.263170493065918,27.024796611356372,22.524292211648454,20.669692650155834,18.05508193257164,2.41,98.0,-0.77,2.23
RTX,2018-04-11,64.40131246239633,64.94382324430927,64.20116179963271,64.4961166381836,4164610,22.12466861194518,26.889744888272343,22.423129223351175,20.672731923960082,18.060364367089473,2.44,97.0,-0.74,2.28
RTX,2018-04-12,64.80686480382288,65.23876740833673,64.67518492224148,64.91747283935547,5136125,22.136840274481422,26.689010381099866,22.376021529338338,20.515048765968675,18.06968756356681,2.47,96.0,-0.72,2.35
RTX,2018-04-13,65.20190716766422,65.31251521864162,64.18008212681099,64.633056640625,5512241,20.167561472138214,26.678550097472847,22.351785347351257,20.502727637452413,18.05644352554355,2.5,93.0,-0.7,2.35
RTX,2018-04-16,65.25984576365298,65.32831649932537,64.70152479797297,65.21244049072266,5573259,20.41212481977282,26.756998625827915,22.307368701220632,20.509415812059974,18.07542133822636,2.53,91.0,-0.69,2.43
RTX,2018-04-17,65.69176860213479,66.33962596535339,65.3915393715706,65.59169006347656,6679203,20.033290530720432,26.703226959221055,22.31996815593235,20.51915442546716,18.055528590649295,2.55,91.0,-0.7,2.43
RTX,2018-04-18,66.06044161947021,66.0709775424824,65.40204859773465,65.73387908935547,6561299,20.065272956385556,26.7013836751767,22.307248026412545,20.51738341495875,18.055116301557465,2.58,89.0,-0.7,2.44
RTX,2018-04-19,65.68647205750372,66.13944649537852,64.86479779277303,65.2334976196289,7665495,20.114229974468508,26.689128118698825,22.34035348802228,20.537554379791732,18.06297936420232,2.6,91.0,-0.74,2.4
RTX,2018-04-20,65.77075256962293,65.77075256962293,64.52244356183958,64.82793426513672,8543894,20.108956589484354,26.70613782630042,22.366536637562735,20.502563637530237,18.054935475417963,2.62,94.0,-0.8,2.36
RTX,2018-04-23,64.84900502883521,65.05442361001589,64.52244248364585,65.02808380126953,5212873,18.934437607717783,26.498111746045677,22.369266436470852,20.493030540941046,18.035474577742782,2.65,95.0,-0.87,2.36
RTX,2018-04-24,66.62929929457633,67.05594036877446,63.62703343059101,64.31175994873047,12952734,18.449313575647857,26.556903234573802,22.43381396749317,20.53320611417965,18.03694830702199,2.67,97.0,-0.95,2.27
RTX,2018-04-25,64.3907601241264,64.78579338607429,62.873823458675396,63.96938705444336,7501510,18.321243504791614,26.51952160611034,22.445618850525356,20.329580808340893,18.040160671759452,2.69,97.0,-1.03,2.24
RTX,2018-04-26,63.995732998370435,65.43893125535945,63.63756901176436,64.69100189208984,5698154,18.7210508617659,26.65481837716156,22.091094110681958,20.367782972674586,18.039558348494246,2.7,80.0,-1.03,2.41
RTX,2018-04-27,64.41183070840951,64.65411864639756,63.73764012869753,64.50137329101562,4609848,18.722753041548234,26.524591923925435,22.024166456820062,20.345057816229797,18.036281742294495,2.72,78.0,-1.05,2.49
RTX,2018-04-30,64.53825279567876,64.67520067212229,63.28467559814453,63.28467559814453,7058497,19.325882232994847,26.740432279211756,22.235781996980826,20.468423471633358,18.138041759968015,2.74,82.0,-1.07,2.28
RTX,2018-05-01,63.20565240884694,63.34259386409268,61.64657847451368,62.657867431640625,6588471,19.361696468429372,26.283418985759173,22.290010267604128,20.503760710767622,18.165923332182807,2.75,82.0,-1.05,2.21
RTX,2018-05-02,62.65788015560203,63.10031876510327,62.24704293562036,62.415592193603516,4859321,19.358540217890877,23.725489096706532,22.264664958501843,20.507963481643717,18.16726883757129,2.77,81.0,-1.01,2.21
RTX,2018-05-03,61.89940513591608,62.43665421481166,60.78276967026237,61.99420928955078,8062745,19.397459136319224,23.340257961856896,22.230576071067574,20.487520361009608,18.161744249982615,2.78,79.0,-0.93,2.21
RTX,2018-05-04,61.852018299357795,63.28468080823466,61.4464489848421,62.94758224487305,10399369,19.022346331585826,23.300629929788506,22.360908515668594,20.37849381052324,18.216611238930298,2.8,90.0,-0.92,2.13
RTX,2018-05-07,63.084514889238775,63.97992794274849,63.03184165508866,63.67443084716797,4596500,18.953399363858072,22.405459838525815,22.428333497725195,20.328893304176265,18.25032213235504,2.82,95.0,-0.93,2.08
RTX,2018-05-08,63.73237809641838,64.16954874078291,63.56382883945638,64.14848327636719,4867902,15.96294813353991,22.126292827699206,22.459084767854222,20.335147856724724,18.263579167407894,2.83,97.0,-0.93,2.07
RTX,2018-05-09,64.50665905381084,64.89642449277183,64.15903093679779,64.84375762939453,5643810,16.07221519083258,21.89638230487941,22.50036779925085,20.37088837502827,18.29225451143614,2.84,97.0,-0.94,2.04
RTX,2018-05-10,65.02806732716128,65.46524418751528,64.78577946052472,65.36516571044922,3715718,16.15275991551251,21.813237146078777,22.525619041796997,20.387330619969312,18.30516494883057,2.86,98.0,-0.93,2.04
RTX,2018-05-11,65.27562972186708,65.79180688415654,65.06494321111407,65.56532287597656,4318108,15.842950346727225,21.767794551289015,22.319840364694528,20.34723980606947,18.30636917419552,2.87,80.0,-0.94,2.16
RTX,2018-05-14,65.51790176429643,66.17629455660864,65.46523493840353,65.82866668701172,7024016,14.88896111621136,20.77995781833754,22.318576067149497,20.269913472019578,18.306096089851405,2.87,79.0,-0.94,2.16
RTX,2018-05-15,65.47579144119959,65.70754983512896,65.02808492426988,65.60220336914062,5377971,14.546151729339027,20.761630193014767,22.324707958801778,20.273163582360564,18.30969916572327,2.88,81.0,-0.95,2.15
RTX,2018-05-16,65.85502277639387,65.88135619840794,65.37044694472472,65.72334289550781,5861821,14.409685163539526,20.286905821249086,22.324950309839746,20.27272041972213,18.306566816228624,2.89,81.0,-0.96,2.15
RTX,2018-05-17,65.94053001470273,66.2212622090459,65.57504775171643,66.00408935546875,5290893,14.46932933438941,19.781094535524975,22.332151265280157,19.996500148026307,18.284241806405294,2.89,81.0,-0.97,2.15
RTX,2018-05-18,65.9935002684536,66.4278395532241,65.77102973339431,66.31130981445312,3670749,12.60048057227953,18.553702583860368,22.344671280312806,19.984732118525063,18.28837105129951,2.9,82.0,-0.97,2.14
RTX,2018-05-21,66.72448055203236,67.97453472487433,66.72448055203236,67.82622528076172,7470048,13.977295663559117,19.164864510637873,22.631407143262916,20.15713425589432,18.366200241198005,2.9,100.0,-0.97,1.99
RTX,2018-05-22,67.93743532006894,68.34529258047466,67.60903043914837,67.7308578491211,6296730,13.94496005377143,18.801453899551408,22.626674938107136,20.072635583100723,18.36301326454491,2.91,99.0,-0.97,1.99
RTX,2018-05-23,67.18526825169104,67.65668471867893,66.78800004106523,67.57723236083984,6370142,13.889187195098932,18.67121012024006,22.62028433343471,18.802918564797956,18.36218587558324,2.91,98.0,-0.97,1.98
RTX,2018-05-24,67.42893148251282,67.72025897169236,67.05815162550532,67.48189544677734,2916292,13.833228635064557,18.616249952393126,22.610718473096284,18.71608443917665,18.362944751522676,2.91,97.0,-0.97,2.0
RTX,2018-05-25,67.50838203685932,67.63020942568494,67.02107248155686,67.2859115600586,2749129,13.786911178571954,17.33493383514065,22.604008611347293,18.719308371932737,18.365322186489134,2.9,96.0,-0.97,1.99
RTX,2018-05-29,66.83039286231542,67.04756569492703,65.9934940420482,66.26892852783203,4411223,14.396253639000772,17.595967942174873,22.610976192362518,18.807903441051614,18.42712313194166,2.9,97.0,-0.97,1.94
RTX,2018-05-30,66.43312045557163,67.0846324288855,66.34837040852014,66.84627532958984,4421551,14.511275365342765,17.45776966944509,22.64925885652243,18.830773727065445,18.439778023623386,2.89,100.0,-0.96,1.91
RTX,2018-05-31,66.62381990349976,66.69797460606632,65.80280765058598,66.11532592773438,5430249,14.88681924345561,17.586846610589877,22.66914461387362,18.882559349516672,18.474030900255173,2.89,100.0,-0.95,1.87
RTX,2018-06-01,66.70854357798098,67.03165066949998,66.35895450928876,66.63968658447266,4258361,14.857515879562335,17.651526200591146,22.653237819436704,18.89790475324927,18.485769541095518,2.88,99.0,-0.92,1.88
RTX,2018-06-04,66.95219779083614,67.39184098989706,66.74562039050326,66.89393615722656,5114991,14.734071503781893,17.663148971841895,22.591369190015044,18.670210462478728,18.487586196788033,2.87,91.0,-0.87,1.92
RTX,2018-06-05,66.75623458606455,67.17998486565543,66.28481801877248,66.71385955810547,3450196,14.759808702755661,17.076505882718756,22.578645361848565,18.67398644635436,18.464797193980313,2.85,90.0,-0.81,1.92
RTX,2018-06-06,67.04225986113998,67.1746826171875,66.6608846354384,67.1746826171875,4674202,14.412169433244548,16.71119897976239,22.608895796807037,18.68377188922981,18.461711150660722,2.84,92.0,-0.74,1.9
RTX,2018-06-07,67.17997057164439,67.62490505982937,67.17467289159774,67.57723236083984,3993952,14.321720060004091,16.636154848986585,22.548226328415,18.67545957942702,18.46767606258118,2.82,87.0,-0.67,1.94
RTX,2018-06-08,67.2329259345691,67.63549177377979,67.14288464957743,67.5931167602539,4388500,14.047188133592241,16.61385402502872,22.34764373925449,18.671631170243582,18.46741029657616,2.8,69.0,-0.61,2.12
RTX,2018-06-11,67.56133521872376,68.1228057909848,67.55604396042871,67.88973999023438,6155945,14.008079788481087,16.631983472467766,22.352587719491087,18.673766402954104,18.46367901074322,2.78,71.0,-0.55,2.11
RTX,2018-06-12,68.12811783061025,68.20227251953055,67.45541510662312,67.72026062011719,3989661,12.631577213313971,16.574470734458437,22.353299256232003,18.67235302319586,18.453811569889904,2.75,71.0,-0.48,2.11
RTX,2018-06-13,67.76792771491591,67.88446385196241,67.18527913684046,67.23824310302734,4458893,12.419941980009451,16.539190268654508,22.321286739577666,18.677165003877562,18.46862708869657,2.73,61.0,-0.39,2.11
RTX,2018-06-14,67.45011823206904,67.66199336111076,66.89395163708704,67.23824310302734,6260819,12.301374981936144,16.53901212179435,22.309674837486916,18.67374095206379,18.468508890133762,2.7,57.0,-0.29,2.13
RTX,2018-06-15,67.25414600166344,67.46602116175491,66.47550880172253,67.22236633300781,11852033,12.016585570394028,16.536841564579394,22.284886591004163,18.513052465888745,18.45929883823375,2.66,52.0,-0.19,2.14
RTX,2018-06-18,67.03165900531089,67.58253428617218,66.78270655606202,67.5295639038086,6185024,11.430382121949005,15.822021144711501,22.297420321400597,18.463474900446467,18.461845144082506,2.62,53.0,-0.08,2.14
RTX,2018-06-19,67.29120830242248,67.29120830242248,66.06763675065558,66.23713684082031,9243054,12.70588809389681,16.055666356601588,22.35275704298988,18.61287229710544,18.530222151412413,2.58,70.0,-0.01,2.05
RTX,2018-06-20,66.47020894545086,66.58673867433079,66.03586969754714,66.40135192871094,6264950,12.579758873863355,14.383502438273812,22.3554468325956,18.55652601075852,18.52918107467308,2.53,71.0,0.04,2.05
RTX,2018-06-21,66.30601276558792,66.30601276558792,65.24664332118613,65.40554809570312,7310353,13.085400673513817,14.547047420794707,22.4279563535055,18.647445997778707,18.591561998472876,2.4,78.0,0.13,1.99
RTX,2018-06-22,65.9564055847221,66.2848104083416,65.73923278868733,66.14179229736328,6050912,13.279818438424783,14.665582037116213,22.50990451498498,18.69098648206054,18.621484530386553,2.24,83.0,0.23,1.94
RTX,2018-06-25,65.57504775171643,66.09413710608118,65.3790656260164,66.00408935546875,10027067,13.273806307544072,14.49797156892519,22.431295859379237,18.68677205843547,18.622843938898686,2.06,78.0,0.18,1.98
RTX,2018-06-26,66.20535422077458,66.91513428010738,65.77101503308211,66.54965209960938,8867573,13.433946910258959,14.059479751260184,22.47282526171573,18.709790708390727,18.63774393828056,1.86,81.0,-0.02,1.96
RTX,2018-06-27,66.9469141468641,67.46600980708136,65.86106296361588,65.87165832519531,8265501,13.742118616914492,14.030658742987182,22.125575506526665,18.74895636651431,18.66538437654638,1.68,41.0,0.07,2.17
RTX,2018-06-28,65.69687164963476,66.2159609761627,65.40554410697584,65.99879455566406,5215893,13.74303987242679,13.96419683857004,20.250605906557638,18.741626478460567,18.651933358391652,1.6,17.0,0.06,0.65
RTX,2018-06-29,66.13649950779835,66.97340467043561,66.11531520540028,66.22654724121094,6055520,13.7237536653217,13.982676170628109,20.001447668588256,18.740360320527557,18.641066705458584,1.52,16.0,0.11,0.78
RTX,2018-07-02,65.61211257162644,66.23184492216832,65.20425535222257,66.22654724121094,6706692,13.65633847314579,13.046378649787963,19.820066624584996,18.712347242214427,18.63762313489292,1.43,15.0,0.2,0.89
RTX,2018-07-03,66.67148420707257,67.25413923332867,66.08353149966828,66.16828155517578,3918474,11.851400690261492,13.010836634219958,19.047355022068487,18.712382841029328,18.637878628219585,1.39,9.0,0.21,0.85
RTX,2018-07-05,66.69796516886916,66.69796516886916,65.4902865285492,66.18417358398438,5456944,11.853985252842252,12.958811804845737,18.79388694178819,18.71078046050534,18.629350734166465,1.35,7.0,0.22,0.97
RTX,2018-07-06,66.13119602147368,66.66088059210429,65.73923187935078,66.42252349853516,3665346,11.911219710932928,12.940747597776891,18.56706924336421,18.71221596552253,18.617166872147582,1.33,5.0,0.22,1.12
RTX,2018-07-09,66.74562408624244,67.26471966637168,66.63968975108581,67.10051727294922,5400534,12.305827871906496,13.034368971880989,18.524632771956462,18.746598295383468,18.63512569075187,1.31,4.0,0.22,1.13
RTX,2018-07-10,67.1852586499965,67.88973440977577,67.03694289417763,67.30178833007812,5083052,12.311405232002588,13.002608489997472,18.494450191974227,18.747303892898632,18.634005736175258,1.29,3.0,0.2,1.16
RTX,2018-07-11,66.64500736512423,66.64500736512423,65.79750674465572,66.14710235595703,5806047,12.547123809155039,13.396979341076298,18.01533001266647,18.813559046135598,18.712458956678958,1.3,1.0,0.27,1.11
RTX,2018-07-12,66.71916687343885,67.52958378142675,66.22126182838069,67.45542907714844,7329739,13.56457125669139,13.928852025842978,18.269357320109624,18.95163481315721,18.81292134893604,1.31,2.0,0.3,0.97
RTX,2018-07-13,67.56134819135808,68.7743308598234,67.42893185852718,68.59953308105469,7378045,13.941678886203452,14.323304701081858,18.126280007689623,19.013695475810117,18.878163138256145,1.32,2.0,0.22,0.98
RTX,2018-07-16,68.61543471797866,69.01799429050014,68.21287514545716,68.31880950927734,6454359,13.87644931391514,14.253324721792806,17.804474038543734,19.004434298228066,18.88163495604236,1.35,1.0,0.21,1.15
RTX,2018-07-17,68.42473011333217,69.38876024239327,68.42473011333217,69.23515319824219,7483713,14.320874603662503,14.40551584773557,17.144855775343018,19.044953599010746,18.924706464709374,1.4,1.0,0.21,0.97
RTX,2018-07-18,69.39406506540415,70.25745219972524,69.34639235886362,69.7542495727539,5969237,14.386777324933902,14.459309177994092,17.180229342589623,19.03977475325368,18.933329141999277,1.45,2.0,0.21,0.94
RTX,2018-07-19,69.56887757885413,69.68010963671247,69.00210908268205,69.0497817993164,4090245,14.675573356925112,14.427017846932202,17.027066997550598,19.07031248920578,18.959617207565834,1.5,1.0,0.05,1.01
RTX,2018-07-20,68.8431974145501,69.3781797651068,68.79552470268948,68.99681091308594,5109906,14.603606806431435,14.369049847541476,16.93139522464749,19.070479672244925,18.95203892978077,1.56,1.0,0.01,1.09
RTX,2018-07-23,68.80080214255972,68.92792719630975,68.26052226947962,68.5253677368164,6132904,14.766644336438272,14.311434175420517,16.93243836767208,19.088387946726936,18.948034666444002,1.61,2.0,-0.12,1.09
RTX,2018-07-24,68.40883203568968,71.15259975663702,67.95859991789773,71.10492706298828,12897913,18.149004202915915,16.07386887187585,17.113730698990583,19.53038690651249,19.296813565469677,1.66,4.0,0.05,1.32
RTX,2018-07-25,70.7447713925823,71.49692659475399,70.1833070424723,71.3750991821289,8814978,18.11882953302678,15.49045051718335,17.114959954802657,19.528456019006267,19.164664366188905,1.72,5.0,0.2,1.31
RTX,2018-07-26,71.46512878391692,72.38678396056577,71.05197390078898,71.95243835449219,9750899,18.005565492584562,15.335530893474303,17.030083640826568,19.53323104231542,19.162988249374784,1.77,4.0,0.48,1.38
RTX,2018-07-27,72.30204287938152,72.30204287938152,71.15792349848375,71.25856018066406,6031844,18.327364768916425,15.481263185651251,17.10394593848843,19.570499186192844,19.17503940360799,1.81,5.0,0.53,1.33
RTX,2018-07-30,71.42276276300215,71.52870354822282,70.44814349899123,70.50111389160156,5871991,18.681820688170138,15.598536618755453,17.170859214784326,19.60936905348992,19.2079162959704,1.86,9.0,0.48,1.28
RTX,2018-07-31,71.01490479155493,72.00541708976893,70.97782744353198,71.89948272705078,8112481,19.38827097026913,15.78059421783285,17.44216880149331,19.636476930622297,19.300065635811727,1.9,11.0,0.58,1.09
RTX,2018-08-01,71.21088166431447,72.21728042048218,71.21088166431447,71.45453643798828,5982744,18.480839342269398,15.75338615201772,17.15065680388566,19.650980312133782,19.31111587120991,1.94,9.0,0.62,1.28
RTX,2018-08-02,70.96722715175191,71.33800057267983,70.64411359106175,71.0413818359375,3547919,18.6377836855931,15.789246614875665,16.891925324272155,19.63315963683079,19.28582413478747,1.99,1.0,0.58,1.41
RTX,2018-08-03,71.35920019432781,71.35920019432781,70.5593723457525,70.91956329345703,3093147,17.94496661953839,15.689714047599315,16.809865756516047,19.566412575155024,19.27863173940001,2.03,1.0,0.49,1.47
RTX,2018-08-06,70.80832447659476,71.04139033948684,70.37398525906737,70.946044921875,3091876,17.7730214833457,15.632198675915943,16.79275458381178,19.521320717006162,19.27669418637384,2.08,1.0,0.39,1.48
RTX,2018-08-07,71.0307882849148,71.4386454797593,70.8136154858966,71.23736572265625,3491669,17.729642059587587,15.638460969109659,16.796317616404625,19.502810439593567,19.11279065569957,2.12,2.0,0.28,1.47
RTX,2018-08-08,71.24797036185193,71.47043444904673,71.03079753455346,71.3539047241211,2900720,17.648633466762753,15.629002064786302,16.752999969176155,19.447165891023875,19.11005110831695,2.16,1.0,0.16,1.49
RTX,2018-08-09,71.68228422336699,72.34439141213686,71.00429041766729,71.10492706298828,5203657,17.336922966792482,15.629650760109506,16.698148184103275,19.452363389642926,19.093060739046454,2.21,1.0,0.03,1.54
RTX,2018-08-10,70.73417334479582,70.84540538998873,70.07206591217866,70.50111389160156,3825676,17.631784946876493,15.759440042301323,16.76032584157744,19.475469440411995,19.110013543236672,2.24,3.0,-0.1,1.49
RTX,2018-08-13,70.46934688031757,70.72359068335685,69.70659620690029,70.0138168334961,4015721,17.823729898465935,15.832504329777208,16.79978171733952,19.49267481417652,19.12483907488859,2.28,6.0,-0.2,1.46
RTX,2018-08-14,70.28394188965329,70.44814432939204,69.90786429840774,70.14093017578125,5073359,17.815087941677874,15.81516907952523,16.36165695862193,19.49285712198505,19.124530632930984,2.33,1.0,-0.3,1.61
RTX,2018-08-15,69.91844875268677,69.93963947524732,68.65250214405737,69.78602600097656,7253626,17.91340044936345,15.201706863309669,16.211390405191757,19.504628366637007,19.102322260160047,2.37,1.0,-0.35,1.71
RTX,2018-08-16,70.49961222379513,71.13862643594926,70.49961222379513,70.9895248413086,6771365,18.44635324231091,15.572421234712566,15.49461201068681,19.594288860420377,19.03595002347632,2.42,1.0,-0.45,1.25
RTX,2018-08-17,71.20785045570994,71.7829657703534,70.9788656521448,71.59126281738281,6773271,18.528365665397452,15.637289040938493,15.434530353590354,19.61200030564094,18.977063098924283,2.48,1.0,-0.53,1.28
RTX,2018-08-20,71.86816390353002,72.11844614992103,71.6072297005101,71.9640121459961,8489074,18.405560694075014,15.6530474583865,15.403228783890114,19.36131662916155,18.972749358643018,2.53,1.0,-0.59,1.29
RTX,2018-08-21,72.10246961862649,72.67225892912602,72.10246961862649,72.41133117675781,3551733,18.438935357487036,15.665376160829222,15.342941969998044,19.321984916812255,18.97905503187572,2.57,1.0,-0.64,1.36
RTX,2018-08-22,71.9214273270886,71.93739880854267,70.94159566150472,70.9522476196289,5965265,18.74144811580537,15.928343950309653,15.396532085535316,19.48252201220511,19.093785818830654,2.62,2.0,-0.7,1.36
RTX,2018-08-23,71.09601899408435,71.09601899408435,70.39841913358664,70.62207794189453,5603132,18.1092821187637,15.893319310544477,15.325872390619521,19.49199600169891,19.069875140212705,2.66,1.0,-0.76,1.44
RTX,2018-08-24,70.61673718197808,71.06937422637668,70.61673718197808,71.01612091064453,4575684,17.56930001589535,15.724689620960778,15.313997993841971,19.48355824509931,19.01281132885337,2.7,1.0,-0.83,1.46
RTX,2018-08-27,71.49542460948867,72.26224305403413,71.42619978244679,72.08119201660156,4819596,17.933854937766718,15.916009359703281,15.478120562686218,19.526188416024304,19.063956969258324,2.73,7.0,-0.88,1.3
RTX,2018-08-28,72.42198243324829,72.60303989092753,71.5220340351573,71.62321472167969,3571913,17.74038005522779,15.984344863937647,14.997418867176723,19.54116725618869,19.076565769315504,2.77,1.0,-0.91,1.35
RTX,2018-08-29,71.95337624563115,71.95337624563115,71.08537723491962,71.15460205078125,6034704,17.770858971529755,16.043532838701754,15.02117805542358,19.5552827075385,18.88031700579189,2.81,2.0,-0.94,1.33
RTX,2018-08-30,70.98951433372685,71.09069501206548,70.40374708880022,70.6061019897461,4610801,17.656700410534683,16.097146000516354,15.062750298260742,19.579451923768108,18.885365055258355,2.84,3.0,-0.96,1.31
RTX,2018-08-31,70.35582400327236,70.590134788884,69.75408524237251,70.13217163085938,4381668,17.785298894103487,16.134352152956914,15.090163304092252,19.584329588659898,18.8991364498411,2.87,4.0,-0.97,1.29
RTX,2018-09-04,70.2652849776494,70.2652849776494,69.50911238098064,70.23865509033203,4653387,17.64758304416979,16.13519018068919,15.063164604286861,19.576530963863686,18.834243167961574,2.9,4.0,-0.97,1.33
RTX,2018-09-05,70.02565997165618,70.78715214710002,69.80200118008771,70.707275390625,4185108,14.081831366332143,16.1643515540718,15.068507009523675,19.462087062004493,17.884183287752116,2.93,5.0,-0.98,1.3
RTX,2018-09-06,70.96287640130159,71.67112163779943,70.69661626955079,71.10132598876953,5728345,14.134369101721243,16.181036717690553,15.032295145314963,19.466306956327013,17.824436032434914,2.95,3.0,-0.99,1.34
RTX,2018-09-07,70.89367699116117,70.96823425143255,69.7328006296356,70.2972640991211,5056834,14.27775721524104,16.29269437853592,15.135626749963418,19.515918948791107,17.864620901167633,2.98,8.0,-1.0,1.29
RTX,2018-09-10,70.75520103814335,71.49006976237527,70.75520103814335,71.17056274414062,6670304,14.508784368487312,16.464265982964335,15.246720458978972,19.56710192159301,17.89538475891747,3.0,9.0,-1.01,1.17
RTX,2018-09-11,71.16523940840652,71.35694233531814,70.37711733329971,71.14926147460938,3257450,14.154534766620813,16.464465070186264,15.187749248070215,19.565719703693052,17.895771407192047,3.01,9.0,-1.01,1.21
RTX,2018-09-12,71.01613226184575,71.62320337332872,70.92028402508338,71.29837036132812,5549741,12.932503198982873,16.449099693034995,15.146071170858205,19.566434619224648,17.895829924705573,3.03,9.0,-1.0,1.24
RTX,2018-09-13,71.50604862119302,72.18233805482856,71.34629511000776,72.16636657714844,4450789,13.287003141487375,16.054425112505243,15.245697807425099,19.615086277337287,17.928649575745077,3.04,11.0,-0.99,1.13
RTX,2018-09-14,72.25690121841915,73.47103714956923,72.25690121841915,73.38050842285156,8720432,13.966245860916704,16.35524956135716,15.320758407952411,19.705900738671353,17.827200767194324,3.05,14.0,-0.93,1.05
RTX,2018-09-17,73.39114130279371,73.91300315684757,73.18878644282466,73.35919189453125,7567136,13.947543162674938,15.983763624037199,15.28584530142677,19.701193660929672,17.827027451310503,3.06,13.0,-0.89,1.07
RTX,2018-09-18,73.4763558303657,74.72776703250541,73.19945015473115,74.32837677001953,6855105,14.37086177916169,16.03647414850992,15.320087489277428,19.749309184894557,17.865291858432197,3.07,15.0,-0.8,1.05
RTX,2018-09-19,74.10471826634323,75.0153184347062,74.09939228859798,74.81828308105469,6344400,14.42664965934775,16.041675450001218,15.326098751024142,19.756269839776454,17.861070487319854,3.08,18.0,-0.7,1.03
RTX,2018-09-20,75.35614345794542,75.94191078942836,75.03131037275071,75.53720092773438,6158646,14.608493506888895,16.065751996821948,15.020552014709217,19.71534803138186,17.879403586038762,3.09,2.0,-0.56,1.09
RTX,2018-09-21,76.51170437545841,76.76198667706461,75.50525564527689,75.65968322753906,11648482,14.519306373885039,15.858834769923039,14.902509985290676,19.713369496435234,17.877704418159418,3.1,1.0,-0.48,1.18
RTX,2018-09-24,75.51587404802889,76.14956854386365,74.47215029171687,74.73307800292969,4023825,14.798935429308829,16.139881278489426,15.045290965945041,19.74903466577317,17.92332743903376,3.1,6.0,-0.54,1.08
RTX,2018-09-25,74.6531923403339,74.94607588205743,74.23251117491175,74.39759063720703,5196666,14.68833473293988,16.19303266764037,15.01659335814155,19.728462395734,17.917070885850173,3.11,3.0,-0.69,1.11
RTX,2018-09-26,74.34436365879354,74.88752957483887,73.95029932703318,74.31773376464844,3763388,14.715751540976019,16.20001971631016,14.867670689305218,19.689658632649188,17.91581504764037,3.11,1.0,-0.78,1.26
RTX,2018-09-27,74.55736140075234,74.90881785883059,73.85444202886472,74.38162994384766,2917881,14.570234429111393,16.191091894945135,14.78446747796634,19.682896871558743,17.798937152412815,3.11,1.0,-0.84,1.36
RTX,2018-09-28,74.36565632551502,74.5680112293165,74.08875063437584,74.45085906982422,3935317,13.862832426125212,16.188596276414348,14.754817902615372,19.682993469048878,17.7561370072953,3.11,1.0,-0.89,1.4
RTX,2018-10-01,75.16443982319039,75.35614279395301,74.69050514756835,75.04196166992188,5268965,13.840794358202432,16.23126036696746,14.715776415519578,19.65705573182909,17.769805305352225,3.11,1.0,-0.91,1.45
RTX,2018-10-02,75.05794208561791,75.8247604497193,74.86623265279316,75.3241958618164,5877870,13.814309702645575,16.14724370561592,14.683047554661158,19.522891966864183,17.73149187344204,3.1,1.0,-0.91,1.49
RTX,2018-10-03,75.60109125666231,75.66499654410771,74.97804859666086,75.09520721435547,5461711,13.802165055570912,16.177590384838837,14.697651691410323,19.52391188297571,17.73568344401889,3.1,2.0,-0.94,1.49
RTX,2018-10-04,75.13777554366101,75.59041251239165,74.18457427562583,74.75968933105469,5409274,12.335248056160639,15.737246631560387,14.720406019945079,19.53187146384537,17.74294325234565,3.09,4.0,-0.97,1.48
RTX,2018-10-05,74.75972862115523,75.00468492328883,73.8118528312182,74.05148315429688,4578227,12.630996794275978,15.479487276811968,14.801286044806321,19.53547867423528,17.76870911092331,3.09,7.0,-1.01,1.41
RTX,2018-10-08,74.0354925016686,74.36032552237228,73.18347156958899,74.33370208740234,5042692,12.593003430502927,15.157798667633863,14.806685780880802,19.529792447983095,17.77134267983155,3.07,8.0,-1.04,1.4
RTX,2018-10-09,74.16330063834927,74.52541552570423,72.25689732423193,72.35807800292969,7576670,14.435268145163368,16.194818555361078,15.458119025885097,19.78074862188507,17.983603999926448,3.06,36.0,-1.05,1.45
RTX,2018-10-10,72.00662645964132,72.07052529370874,69.78070947742854,69.82331085205078,9112597,17.706173679270474,17.643677162776843,16.49982670600858,20.225729539405005,18.33974251828278,3.03,41.0,-1.03,1.97
RTX,2018-10-11,69.6901695264524,70.57946573340074,68.4334325217655,68.89139556884766,12920318,18.008408121157547,17.79236385502353,16.26247740941537,20.205230553419664,18.389124536144177,2.99,40.0,-1.02,2.06
RTX,2018-10-12,69.86060164297886,70.34519480699545,67.95953021388799,69.0298843383789,8156496,17.916459004681162,17.67625165644721,16.263160000396965,20.205726727558726,18.369603045504267,2.96,41.0,-1.01,2.06
RTX,2018-10-15,69.14170702565971,70.0363295885338,68.78492448759594,69.40264129638672,5177121,17.909156154975395,17.709857387452484,16.27907868513775,20.186341999227235,18.375812374725335,2.92,42.0,-0.99,2.04
RTX,2018-10-16,69.69548548338507,70.61141153070166,69.02452210727492,70.56348419189453,5576913,18.566182174019293,17.96654374484185,16.481351901377295,20.283045377430444,18.445453695572763,2.89,44.0,-0.98,1.87
RTX,2018-10-17,70.37180473076661,70.62741298571883,68.9819437210955,69.26417541503906,5924587,19.227711510039796,16.713715476044698,16.748297634862283,20.357582693937328,18.542391764383737,2.84,47.0,-0.96,1.67
RTX,2018-10-18,69.01388510374727,69.63692773175295,68.20979149136258,68.66242218017578,5420079,19.270185128228327,16.77518997677518,16.626267961539128,20.380123149979944,18.564000403887437,2.8,46.0,-0.93,1.76
RTX,2018-10-19,68.42279850053197,69.1470218752118,67.94353787379279,68.52397918701172,7269198,19.028721369242007,16.678753740251093,16.576645160745183,20.128639428218108,18.564257446675708,2.76,46.0,-0.91,1.81
RTX,2018-10-22,68.52394989318219,68.68902934369665,66.93705419532692,67.309814453125,8711216,19.22238286421358,16.947107401391253,16.73075997843319,19.107159156407945,18.617030276218415,2.71,49.0,-0.9,1.71
RTX,2018-10-23,66.96370360855501,69.78070058629223,66.51638600415079,69.23754119873047,11171623,21.110174496875995,17.845538519800254,17.272377199409323,19.25255610743515,18.82587313512665,2.66,69.0,-0.87,1.59
RTX,2018-10-24,69.3493554962021,69.91381869956469,64.83363050211155,65.00403594970703,13442463,27.723370172086025,21.564159336250107,19.986481750494388,20.557235480468,19.843271563364144,2.62,81.0,-0.86,5.89
RTX,2018-10-25,65.71229051076146,66.81991962184124,65.20640007327103,66.24480438232422,7501351,28.114718207373663,21.949774135674907,20.213136713814958,20.27449821371856,19.920824228669908,2.58,83.0,-0.86,5.63
RTX,2018-10-26,65.48864266203609,66.59095243514626,64.74312828181402,65.62177276611328,7456541,27.551178709915664,21.994709257614293,20.236379556028623,20.174619388256986,19.92973919628361,2.54,84.0,-0.86,5.53
RTX,2018-10-29,66.4844368110546,66.80926983133517,63.47040445599494,64.48218536376953,7856334,27.815747097920852,22.243798677849078,20.395935161640626,20.15845957422421,19.994807093119793,2.51,86.0,-0.85,5.22
RTX,2018-10-30,64.47152340834688,65.3927754564373,64.11474103033264,65.29692077636719,7725400,27.785241385903213,22.428976536296958,20.500270933181906,20.159120497577508,20.02367969796639,2.48,87.0,-0.86,5.11
RTX,2018-10-31,66.07438448001874,66.79860757707247,65.72825408974897,66.14361572265625,9773145,28.059150303459795,22.592348334709797,20.594400679908258,20.198217614470252,20.06376684533896,2.45,88.0,-0.88,5.0
RTX,2018-11-01,66.9370654503578,68.1298971847327,66.601580516357,67.93819427490234,8884576,29.20734064924884,23.304806758466086,21.032881010233588,20.107276524820715,20.236724191154458,2.42,89.0,-0.88,4.61
RTX,2018-11-02,68.61449479089296,69.0298565035739,67.21398211898253,67.85832214355469,9839247,29.175684254850825,23.29827032933086,21.002372468583136,20.096448785406718,20.20836902270805,2.4,89.0,-0.87,4.67
RTX,2018-11-05,67.88495219467448,68.09263307126068,67.3364668059384,67.7624740600586,8702953,29.064271171856827,23.24275598353044,21.003728291898348,19.927892777101356,20.206042669177737,2.37,90.0,-0.86,4.66
RTX,2018-11-06,67.78910879358631,68.23109401429393,67.44829780136271,68.12991333007812,5171083,29.169321031374203,23.238069629561515,21.02068415868788,19.7687488408104,20.203733451986068,2.35,91.0,-0.85,4.66
RTX,2018-11-07,68.68904435060283,69.7114706807097,68.18315393541,69.51976776123047,8579329,29.92860205724226,23.61693806773731,21.249755719613546,19.527397564762595,20.29950438698813,2.33,93.0,-0.83,4.43
RTX,2018-11-08,69.70617225934718,70.27064219694148,69.42394051841661,69.94048309326172,7543778,30.012384541962206,23.627703557933813,21.03413294195728,19.53704417421763,20.30268895711565,2.3,93.0,-0.78,4.76
RTX,2018-11-09,69.96708123534547,69.98305271333088,69.06180701750506,69.60497283935547,7956282,30.008917707814476,23.3772553770319,21.048883952783026,19.43639302171321,20.24241536388571,2.28,94.0,-0.74,4.72
RTX,2018-11-12,69.7274636845078,69.77539103866907,68.20979856663769,68.32162475585938,6669669,30.21289073448703,23.6001182564078,21.122024813261966,19.512282412548036,20.33057209674717,2.25,95.0,-0.71,4.63
RTX,2018-11-13,68.60916109500303,69.61028987507332,68.2843281303483,68.75826263427734,5454719,30.27413380715678,23.614074523223803,21.07331802203001,19.51317287311884,20.317910210794857,2.22,95.0,-0.67,4.68
RTX,2018-11-14,69.25351991264233,69.59433090180204,68.47604968542058,68.63580322265625,9136432,30.276327104066926,23.57026043355649,21.072472061194627,19.10708422311734,20.269092577158982,2.19,95.0,-0.63,4.68
RTX,2018-11-15,68.12971685433777,69.94529359955594,67.8297968290478,69.4793472290039,7307811,30.590362897507557,23.365795270919055,21.11963738565361,19.158701170580358,20.27409430149402,2.16,97.0,-0.58,4.63
RTX,2018-11-16,69.08836781209743,70.12201480709724,68.97054374163096,69.69355773925781,8238012,30.554979989456527,23.358606304657858,21.05407131045595,19.0952415679639,20.2591037494013,2.14,95.0,-0.53,4.76
RTX,2018-11-19,69.62394434973437,69.62394434973437,68.21539887263033,68.47247314453125,7928633,30.832060221681278,23.597135797440174,21.250822279624884,19.209595764877587,20.30452121845128,2.16,100.0,-0.49,4.45
RTX,2018-11-20,68.14041413050094,68.14041413050094,66.76400144285357,67.48165893554688,6969831,30.190444436257653,23.543289248586046,21.376583403548494,19.276847230420817,20.35938653781407,2.18,100.0,-0.47,4.24
RTX,2018-11-21,67.6369803648231,68.25823989956304,67.31028426815686,67.32634735107422,4335904,28.49013667975402,23.519104176184904,21.380227674492243,19.275999896069827,20.354331042985805,2.2,100.0,-0.46,4.23
RTX,2018-11-23,66.94072463252053,69.77388448921904,66.83361362443321,69.10977935791016,15454773,29.31226363215078,24.137576036656853,21.773403669890463,19.362062195652804,20.51445434729801,2.24,100.0,-0.41,3.92
RTX,2018-11-26,69.51146537994812,70.90929757640639,68.39747705124357,68.54208374023438,16858972,29.404994310299614,24.144344948600597,21.816990068863205,19.251004711248758,20.53274882935353,2.29,100.0,-0.37,3.85
RTX,2018-11-27,66.23377904853491,67.02107131603539,63.85585864283539,65.70356750488281,26805953,31.765292038166603,25.593251999924327,22.835674583354532,19.85329681191004,20.97235162076842,2.35,100.0,-0.37,3.37
RTX,2018-11-28,66.00884050237816,66.1373776111793,64.30573192670924,65.7303466796875,13559890,31.29290114012189,25.58943913772197,22.776496815814976,19.847280314628435,20.966928032870285,2.41,99.0,-0.37,3.41
RTX,2018-11-29,65.76247668942538,65.84281156760126,64.31108586525704,64.91091918945312,9781407,31.06901561784257,25.64327059942983,22.854357474972993,19.899042459061157,21.00282457944425,2.47,100.0,-0.36,3.29
RTX,2018-11-30,64.67526371406385,65.51075154615435,64.2896524470784,65.25367736816406,15312716,31.07687767112018,25.639955454329343,22.70881554313819,19.892822564976026,20.830014985880855,2.53,97.0,-0.35,3.49
RTX,2018-12-03,66.29805004585245,67.4763036776356,66.01955621193828,66.1962890625,10925328,31.42201585963507,25.75537920793232,22.607923035963267,19.940026242956485,20.848509491179687,2.58,96.0,-0.37,3.57
RTX,2018-12-04,65.99275836915487,66.10523237592272,63.893332310482656,64.73417663574219,12213849,31.65389295162798,25.96751296455538,22.712338015242292,20.113350773735302,20.969818584195817,2.63,97.0,-0.39,3.38
RTX,2018-12-06,64.00581164280034,65.08766076616703,63.438110951719274,65.04481506347656,14831249,30.459503394954368,25.999130373375678,22.72109018947305,20.121544073960095,20.974111259515585,2.68,97.0,-0.43,3.4
RTX,2018-12-07,64.89484633569333,65.44112732066817,63.80228436574362,63.97366714477539,11923220,24.82706478505712,26.17073444139992,22.754592662845035,20.027842065044492,21.027346559538294,2.73,97.0,-0.44,3.29
RTX,2018-12-10,63.743380582988486,64.61100768131449,62.60797920651266,63.9522590637207,8448713,24.134492737773257,26.01208844591585,22.716174221267497,19.95678901880146,21.00423797610906,2.78,95.0,-0.46,3.31
RTX,2018-12-11,65.3929386951316,65.40900177603241,63.539866881235426,63.695186614990234,6883230,24.023849098901906,25.720877786393988,22.673243459497307,19.526906223358218,21.005355706455152,2.83,92.0,-0.48,3.38
RTX,2018-12-12,64.25216977213331,65.03409893969582,64.03259123738897,64.08614349365234,4905720,23.583736805974397,25.77637974816015,22.69989042761777,19.500913604673865,21.010549242591903,2.87,92.0,-0.53,3.36
RTX,2018-12-13,64.35930994072021,64.47713403586238,63.66306543647852,63.866580963134766,9081135,23.285314070405075,25.57706619592529,22.682900604074128,19.48956924445786,21.012760524491146,2.91,91.0,-0.57,3.39
RTX,2018-12-14,63.17565379912949,63.9736522433343,62.75255347354241,63.62553024291992,6374432,22.936482591099967,25.50768302012302,21.868640609038934,19.449427852206334,21.005357571888215,2.94,88.0,-0.61,3.69
RTX,2018-12-17,63.59342227881615,63.66840063308287,61.45115019416116,61.75642013549805,8063381,22.783012715078726,25.971510060762874,22.32291216832067,19.64064853129395,21.210564061553498,2.97,88.0,-0.53,3.24
RTX,2018-12-18,62.179515726682034,62.897179545460816,61.692149969586936,62.00813293457031,6003560,22.873601945813554,25.996375032147856,22.28864058922297,19.59736873261054,21.12467432809414,3.0,87.0,-0.51,3.26
RTX,2018-12-19,61.89568673230065,62.86506854930728,60.55676307729622,60.947731018066406,16601078,23.235425754393592,26.088710999242572,22.39150993190594,19.680293090000323,21.187923362539657,3.03,88.0,-0.43,3.14
RTX,2018-12-20,60.894167417906296,60.95843922836079,58.31808131513254,58.709049224853516,22699660,25.048485142408033,27.004499975537804,23.061040160510913,20.160207262391097,21.50976639483095,3.07,100.0,-0.1,2.75
RTX,2018-12-21,58.73581495863523,59.55523332434858,56.802414838945936,56.86668014526367,19808474,25.05138073647896,27.59620551388698,23.289328382592448,20.307344762279588,21.73640626002044,3.11,100.0,0.42,2.51
RTX,2018-12-24,56.43287406072219,56.63103300013994,54.60122839350787,54.66013717651367,6793611,26.483902903368943,28.49284012128456,24.02103800945942,20.81730990427573,22.08031781014074,3.17,100.0,1.15,2.15
RTX,2018-12-26,55.13144514030788,56.99522363823799,53.813944531949794,56.775638580322266,11301604,29.672859488967084,29.81044565376458,24.866452829161208,21.304566287969337,22.417970392579655,3.23,100.0,1.09,2.04
RTX,2018-12-27,54.94934080261519,56.64174270629883,54.44590869716414,56.64174270629883,10412081,29.483574324480223,29.701715426876213,24.866316770486595,21.301562361607996,22.418633261069438,3.29,99.0,0.99,2.04
RTX,2018-12-28,56.93095370480183,57.4022499463904,56.19722022723747,56.416805267333984,8925413,29.25028860513509,29.650069511654937,24.864236612441225,21.28757358969226,22.417317758013787,3.35,98.0,0.86,2.03
RTX,2018-12-31,56.556051357013864,57.027347564697266,56.36324246045567,57.027347564697266,7049281,29.65289247884672,29.819890446572217,24.93026972993879,21.326866299539233,22.441185237558887,3.41,100.0,0.69,1.99
RTX,2019-01-02,56.32040516096199,58.02887040053397,55.82768278338767,58.00209426879883,9361752,29.938329492425588,30.144766782346665,25.108499350629916,21.398830405037778,22.50694366020523,3.47,100.0,0.5,1.91
RTX,2019-01-03,57.60040005296208,57.84141115402845,55.28674542477261,55.42063903808594,8884258,31.90470074298239,31.295882662401848,26.038489110664422,22.033380938000622,22.945429950995017,3.54,100.0,0.41,1.66
RTX,2019-01-04,55.76341345396299,57.412963293605884,55.436717400742054,57.316558837890625,10083317,33.905376836624505,32.23069881939145,26.64300782626369,22.407256313258802,23.151681712509593,3.62,100.0,0.24,1.54
RTX,2019-01-07,57.33797807047472,57.52542394219134,56.5239098043957,57.28977584838867,8314601,33.8391863523729,31.892527634603486,26.632724836961053,22.392318378028868,23.148495263365394,3.7,99.0,0.08,1.56
RTX,2019-01-08,58.29129264103332,58.61798867001593,57.49329391022392,58.32342529296875,5951282,34.50190077657073,31.499809934468164,26.812914607705345,22.490315836423484,23.20467475073281,3.78,100.0,-0.07,1.48
RTX,2019-01-09,58.676896000336455,58.71974169470316,58.130615020349836,58.54835891723633,6726873,33.351027883883994,31.45434505328669,26.822980791530938,22.492259801734615,23.186896995077735,3.85,100.0,-0.21,1.49
RTX,2019-01-10,58.248454679434765,59.201766765214266,58.232385104953885,59.132144927978516,5368119,33.6367874444107,31.546732047239228,26.718560686900076,22.491566671741193,23.182404326138357,3.9,98.0,-0.33,1.54
RTX,2019-01-11,58.676912143262754,58.901847231004375,58.17347671913997,58.88578414916992,5759807,31.716019113727267,31.50445051812002,26.67015871599893,22.488441507761397,23.17872724122164,3.95,97.0,-0.44,1.54
RTX,2019-01-14,58.48410753175316,59.70520700081257,58.269878985185024,59.3677978515625,5049524,31.88115464599558,31.33037365659952,26.69446902004402,22.46894976773027,23.195315615957114,4.0,97.0,-0.53,1.53
RTX,2019-01-15,59.31423645174168,59.56595417116091,58.66620080837934,59.480262756347656,4444751,31.79552392228183,31.172597390342133,26.669872832632596,22.46877471679897,23.163363492147695,4.04,95.0,-0.61,1.54
RTX,2019-01-16,59.496325951634425,59.76410672464359,59.15356032913607,59.378501892089844,6177238,31.7037298587496,31.146261391298918,26.506379344873732,22.360185543104024,23.088514350946248,4.08,92.0,-0.69,1.68
RTX,2019-01-17,59.110707941446286,60.787040193237246,59.07321876731982,60.39607238769531,5079239,31.839746708508716,31.399394863893264,26.66884991457856,22.424528084099457,23.15252468629709,4.11,94.0,-0.75,1.62
RTX,2019-01-18,61.21012811742628,61.42971310943699,60.46568824667016,61.00126266479492,7366763,31.515038290239772,31.32045190159607,26.707974509199584,22.45244561204507,23.175831120945393,4.15,97.0,-0.8,1.6
RTX,2019-01-22,60.5246228164107,60.60495770620342,59.260684187051595,59.480262756347656,9039980,32.15057886652383,31.05826405059559,26.840043612108122,22.63512970086957,23.28426946929775,4.18,100.0,-0.85,1.47
RTX,2019-01-23,62.82220684986624,63.914762508752744,61.242278897274524,62.68295669555664,19960859,35.64647627439538,30.45568960678402,28.182249706476064,23.40779090758651,23.878927213653895,4.23,100.0,-0.87,1.63
RTX,2019-01-24,63.063213070021526,63.92012063642304,61.344034919997206,61.890316009521484,14356933,35.81656607242106,30.27947666014097,28.228297641913237,23.41553370334022,23.901157908033042,4.27,100.0,-0.9,1.59
RTX,2019-01-25,62.308062241111685,62.60798217265204,61.63324401833517,62.02421188354492,7375185,35.81740558457773,30.236737710191953,28.21541110621744,23.399848207263748,23.901838409962973,4.31,99.0,-0.92,1.61
RTX,2019-01-28,61.69751154477584,61.72964419773853,60.9316454414176,61.63323974609375,14161009,35.78746681732795,30.06109446510452,28.213467720681564,23.37449017620154,23.856789907503114,4.35,98.0,-0.95,1.61
RTX,2019-01-29,61.895654382618446,63.314912195729256,61.858165215118866,63.11139678955078,17208552,36.5038390765473,30.357129484131107,28.48810919784381,23.526087439443867,23.97947276456307,4.38,100.0,-0.96,1.5
RTX,2019-01-30,63.51844982593288,64.40214006469563,62.79542935917112,63.79694366455078,11627984,36.630855069611755,30.320743057211015,28.52437343789871,23.558995824937007,23.989094638186614,4.42,100.0,-0.95,1.48
RTX,2019-01-31,64.03794893482451,64.03794893482451,62.998945438894445,63.23460006713867,9663345,35.63392327262324,29.821993273796398,28.531414665368544,23.576167693588644,24.003665029405116,4.44,100.0,-0.95,1.46
RTX,2019-02-01,64.04866569531353,64.28431384445338,63.256023338583994,63.72196960449219,6572581,35.67812627150888,29.877392621432698,28.518318027476937,23.591495449538876,23.98999008249395,4.47,98.0,-0.94,1.49
RTX,2019-02-04,63.72732045020912,63.86656412012877,63.1328371124532,63.807655334472656,7857128,35.26037148784266,29.881296158396616,28.44080534977948,23.590969968085606,23.989125342396438,4.49,96.0,-0.93,1.52
RTX,2019-02-05,64.17184917727978,64.69135422505605,63.77553122749333,64.6806411743164,7192132,33.414901930416015,30.003041663679113,28.53595025785119,23.64136278326863,23.88005780909062,4.51,100.0,-0.91,1.48
RTX,2019-02-06,64.72883937572699,65.19478563352344,64.45034552315936,64.99662017822266,5565473,31.713387032595758,29.706520222064643,28.546914806488545,23.64202855357032,23.215000161284028,4.52,100.0,-0.88,1.48
RTX,2019-02-07,64.46104545965585,64.79845456020624,63.727318474725095,64.65385437011719,7384719,29.01940878189972,29.680651083731952,28.478319737117737,23.494845720962832,23.132792818122727,4.53,94.0,-0.85,1.5
RTX,2019-02-08,64.42355310895586,65.61786972053457,64.38606393215802,65.601806640625,6263679,27.503246726505854,29.847988589643187,28.44647001337196,23.559758766192402,23.119494165788282,4.53,93.0,-0.81,1.52
RTX,2019-02-11,65.82138116718654,65.9338551834845,65.0769412152917,65.72498321533203,6222365,27.434489619950813,29.625826126889777,28.450157667786712,23.55968067025998,22.860792517936694,4.54,93.0,-0.76,1.52
RTX,2019-02-12,66.06774189084008,66.59795329521792,65.7196198160865,66.39978790283203,5624266,27.340973926153445,29.675145973120685,28.416852848317326,23.59108732952655,22.80098487442149,4.53,90.0,-0.7,1.53
RTX,2019-02-13,66.59796309439976,66.88716994777371,66.52833477355064,66.63545227050781,3914660,27.298648130711317,29.686009069567753,28.40004102623371,23.592585275385673,22.72745497605079,4.53,89.0,-0.65,1.54
RTX,2019-02-14,66.34721791540595,67.01526947816559,66.11016946776215,66.87519836425781,5957638,27.072275019166884,29.580750995881367,28.35844887046055,23.527158523912732,22.694346549750673,4.51,88.0,-0.61,1.56
RTX,2019-02-15,67.66716208048491,68.91167621979505,67.36007154647938,68.83086395263672,10850328,23.402287542350827,30.18328489967167,28.753809525700834,23.75087290872241,22.864508692370983,4.5,100.0,-0.59,1.42
RTX,2019-02-19,68.62614040747808,69.57434074139522,68.34598511343673,69.30496215820312,9680983,22.022116284428154,29.995076620179795,28.721873154205614,23.726750862592635,22.660536427850154,4.48,99.0,-0.57,1.45
RTX,2019-02-20,69.33729951369241,69.84372006894328,68.86858438766195,69.19183349609375,10012607,22.055969934683393,29.839607572224207,28.71596360098171,23.71035375029719,22.653806926247636,4.45,98.0,-0.54,1.46
RTX,2019-02-21,69.04096470701177,69.27801311042984,67.79106243770785,68.05504608154297,5179822,22.732336699346554,30.03764729842564,28.825848096119927,23.78923149659456,22.60811517426391,4.43,100.0,-0.5,1.38
RTX,2019-02-22,68.98708283223131,69.14870732601854,68.3136430872257,68.83623504638672,5018221,22.800516078667044,29.64287751067006,28.89067694522317,23.824474783697912,22.530711309884826,4.39,100.0,-0.48,1.36
RTX,2019-02-25,69.33729560491788,69.5635673555282,69.04637011746159,69.10562896728516,4245967,22.763387376187673,29.604212117976346,28.899007562886364,23.815271772942705,22.291880321049934,4.35,100.0,-0.46,1.35
RTX,2019-02-26,68.84164043696497,69.20260146032955,68.29750145859582,68.52377319335938,5397833,22.94954586622961,28.31693236494092,28.891033090415053,23.826850807857213,22.305443295451806,4.31,99.0,-0.46,1.34
RTX,2019-02-27,68.46450814677766,68.60996760147412,67.93652775080298,68.3675308227539,3969322,23.02622828667919,28.32348759219954,28.882125804150643,23.82847840661417,22.238211145292873,4.25,97.0,-0.49,1.34
RTX,2019-02-28,68.2543840687286,68.59917993990312,67.65097986433146,67.7048568725586,7017342,23.393579215499653,28.27344343268394,28.91391313737544,23.851029641641734,22.229479823132188,4.2,100.0,-0.52,1.32
RTX,2019-03-01,68.4106517037149,68.60998823518833,67.47322137313435,67.75875854492188,6073158,23.348657063970194,28.25745894511454,28.910052751541414,23.84938432614358,22.220577671223825,4.14,99.0,-0.56,1.32
RTX,2019-03-04,68.03889038139464,68.63689976917823,67.39777415700803,67.7425765991211,5526065,23.07366567354218,28.112836434461336,28.877830023249135,23.834245179175532,21.967271600669037,4.07,94.0,-0.59,1.35
RTX,2019-03-05,67.68871724280588,68.33522199042294,67.68871724280588,67.850341796875,5141845,23.00749872038853,27.711701397276993,28.870805994972105,23.834948251922313,21.966185676966756,4.0,93.0,-0.66,1.35
RTX,2019-03-06,67.97961549295768,68.34596477073207,67.54323067818851,67.55400085449219,5592486,21.482059204615986,27.718793779531737,28.57375323078027,23.84068435611945,21.92812581721877,3.93,88.0,-0.66,1.52
RTX,2019-03-07,67.34929999106124,67.39240030560076,66.22330998863885,67.05298614501953,6616437,16.15727967158841,27.538487858554934,28.040804115541974,23.85086335134588,21.94031292672852,3.88,70.0,-0.64,1.74
RTX,2019-03-08,66.72436710563856,66.88060333969844,65.8839140059009,66.81595611572266,4912394,15.628323950943612,27.55188647365332,27.967647095987964,23.744074573530817,21.93713893211176,3.81,69.0,-0.63,1.8
RTX,2019-03-11,65.50137628503543,67.98501595862979,65.4474992685667,67.8880386352539,7398066,16.099861384802605,27.70755711381545,28.08386875408116,23.816580032258734,21.994202690173008,3.74,70.0,-0.62,1.74
RTX,2019-03-12,67.72644302229149,68.37294790182193,67.08533303118347,67.16614532470703,6108434,16.36741087317603,27.790563111056834,28.11889536530544,23.78249868793038,21.91577284425906,3.67,70.0,-0.61,1.7
RTX,2019-03-13,67.32773601974979,68.5722499386123,67.32773601974979,68.22744750976562,7713801,15.628501688315005,27.942320865797697,28.10532497417697,23.817709758941156,21.888321920684536,3.59,69.0,-0.6,1.71
RTX,2019-03-14,68.22746280423068,68.38908734614907,67.72642411174763,68.36215209960938,6236984,15.433958736128522,27.92425590366829,27.95462492013192,23.81713525768959,21.864978586974136,3.51,65.0,-0.6,1.82
RTX,2019-03-15,68.51300912775473,68.6530867975138,67.82879891053923,67.83956909179688,15396933,15.363462518206475,27.234053044793388,27.9468893015514,23.81593064793683,21.874046347971447,3.43,64.0,-0.59,1.83
RTX,2019-03-18,67.94191610561975,68.42140783958257,67.6294437769597,68.3675308227539,6181051,15.365728551029465,27.25896893629552,27.97302989066749,23.801030979324125,21.88636026833221,3.34,66.0,-0.59,1.82
RTX,2019-03-19,68.75544093659265,69.05174823247383,67.83417585391298,68.15742492675781,4704076,15.444021629918891,26.993247314727025,27.83087212209065,23.80330369317222,21.876780259201507,3.24,62.0,-0.59,1.93
RTX,2019-03-20,68.11971805906744,68.1520416624986,67.09069885434252,67.51092529296875,4680876,15.415878631435326,25.83999025945457,27.50365859183127,23.827738498200972,21.87968363348796,3.15,61.0,-0.58,2.05
RTX,2019-03-21,67.1014748012913,68.51839029372474,66.9829505691674,68.35676574707031,4127904,15.716575600456977,24.913619266497907,25.662923600134462,23.872455490132616,21.914876003907857,3.11,47.0,-0.59,1.35
RTX,2019-03-22,67.88265913553299,68.06044874113444,66.50884402141449,67.42472076416016,6152926,16.22399645043102,23.54988677959388,25.589993798305972,23.928798758191732,21.957965377055704,3.07,46.0,-0.6,1.38
RTX,2019-03-25,67.3223692444646,67.79108437999967,67.12303272564554,67.55941772460938,3608460,15.740088508871274,22.427860191232714,25.544863375214817,23.929840468796726,21.833025429737766,3.02,45.0,-0.6,1.41
RTX,2019-03-26,67.97963862711781,68.39447669911524,67.37624076391252,67.95809173583984,5091474,15.802645132000592,22.408920294252635,25.399274582950504,23.936059116941344,21.79241703515874,2.98,44.0,-0.6,1.51
RTX,2019-03-27,67.94729606442424,68.49682328042371,67.68869425320821,68.04427337646484,4336063,15.565868324105583,22.364523038820096,25.326278899022647,23.906718259519252,21.514457525593624,2.94,43.0,-0.61,1.55
RTX,2019-03-28,68.26517706938989,68.63691483463552,67.98502828935123,68.56687927246094,2974767,15.673582492090077,22.328169155516548,25.274260192059195,23.92106057549129,21.49991360610545,2.9,42.0,-0.62,1.58
RTX,2019-03-29,69.10025253223809,69.54742081759896,68.68002602993589,69.43966674804688,4839617,16.02204776707578,22.231213009299523,24.99653974940352,23.876679013639816,21.525221050128867,2.86,40.0,-0.63,1.71
RTX,2019-04-01,70.03227318651835,71.88557991693824,70.03227318651835,71.75627899169922,8422971,16.648650947326363,20.67007894842052,25.52514247223403,24.077846843512674,21.7445333341403,2.83,44.0,-0.63,1.51
RTX,2019-04-02,71.69163419548616,71.85325873933692,70.87273476495156,71.06129455566406,4616840,16.867670957482936,19.939458891932993,25.57561525574875,24.026975199411122,21.683564410056423,2.79,45.0,-0.64,1.47
RTX,2019-04-03,71.44380626472501,71.50307164314006,70.366304993109,70.7434310913086,4512760,16.924020957576364,19.991213203362015,25.575256373705407,24.02798077869222,21.65987910395231,2.75,44.0,-0.65,1.47
RTX,2019-04-04,70.8457961667032,71.79938484911696,70.49560531736566,71.49229431152344,3546171,16.3279758655452,19.821620248128493,25.430228068221787,24.00875566705518,21.674160378786215,2.71,41.0,-0.65,1.55
RTX,2019-04-05,71.7401221473578,72.0849246541721,71.41687306288942,72.04182434082031,3973771,16.168160630949057,19.840716248648608,25.440883144697608,24.00956780393935,21.68659601371738,2.67,41.0,-0.65,1.54
RTX,2019-04-08,71.2929490531184,71.99332413433883,70.67876805344811,71.95561218261719,4318425,16.170297537312216,19.816808539283382,25.42889514462232,23.978688842860816,21.5475190558908,2.62,39.0,-0.65,1.55
RTX,2019-04-09,71.46537955017713,71.60545070498908,70.68418535948453,71.2498779296875,3320692,16.248997643976157,19.94179981472565,25.30056537183484,24.00810343281206,21.566664928128425,2.58,36.0,-0.66,1.63
RTX,2019-04-10,71.27139805612147,71.29295147574571,70.17773835635178,70.9319839477539,4324622,16.303236201178407,19.97505782646195,25.294194116261497,23.99992308651291,21.564705263525877,2.54,35.0,-0.67,1.63
RTX,2019-04-11,70.99127502833295,71.65393842031908,70.83503880483677,71.55696105957031,2767879,16.10269944986909,20.00899567676972,25.327427752124144,23.620880190233024,21.576267734181208,2.49,37.0,-0.68,1.61
RTX,2019-04-12,72.09567600837823,72.9037984353222,72.00408705830117,72.89302825927734,4553280,16.804665277104288,20.22972061570847,25.421411418740785,23.717711997796165,21.643486080137414,2.44,38.0,-0.68,1.56
RTX,2019-04-15,72.7314123031874,72.87148993415481,72.23037368219595,72.48897552490234,2979216,16.94832070216644,20.11096688866506,25.435906155785847,23.708256645455858,21.646428274337502,2.39,40.0,-0.68,1.54
RTX,2019-04-16,72.65600229484481,72.92538089868711,72.41356547019097,72.91460418701172,3176411,16.978767027448434,20.068043843135346,25.2842366414323,23.689765859683533,21.636544432852713,2.34,31.0,-0.69,1.65
RTX,2019-04-17,73.0492883125392,73.43180276784628,72.58596158807403,73.15703582763672,4425365,16.85793486472577,19.186667816615447,25.1696418626305,23.657698822976702,21.63180275433741,2.3,29.0,-0.7,1.73
RTX,2019-04-18,73.2755757736717,74.21300613462351,73.2755757736717,73.80894470214844,3970117,16.670674239113552,16.29415252263153,25.19698212596138,23.56729255015816,21.64758375496355,2.25,29.0,-0.71,1.72
RTX,2019-04-22,73.45874243679859,74.06214684542797,73.1031632060212,73.76044464111328,4694224,16.590097269439568,15.990299034042755,24.87109136658948,23.555374914952846,21.632604313604308,2.21,24.0,-0.71,1.88
RTX,2019-04-23,75.36591677144706,76.69663159032103,74.82177776794742,75.43595886230469,9030605,17.12255508201326,16.482552738876166,25.06837441595204,23.691393347240634,21.733168700813025,2.16,26.0,-0.69,1.78
RTX,2019-04-24,75.24738497672405,75.51676353927948,74.30996142547066,75.20428466796875,4344803,16.710905330846636,16.415178658056337,24.10031330400147,23.69359546687398,21.734835142638016,2.15,19.0,-0.69,1.94
RTX,2019-04-25,74.74636177219215,75.55987945152634,74.36384726941519,75.27972412109375,3712381,16.33920733089808,15.861093642208631,24.099905691703515,23.693730198284328,21.703353982613937,2.13,18.0,-0.7,1.94
RTX,2019-04-26,75.42516400116048,75.8723255597709,75.1988857790575,75.84539031982422,3273022,16.378996467277922,15.805296666995124,24.015425499575137,23.704706098668087,21.70586793390803,2.11,16.0,-0.71,2.01
RTX,2019-04-29,75.9639239953642,76.77743496288558,75.88850008903417,76.56732177734375,5417378,16.11778024240606,15.669703705089757,24.04123881677412,23.72882801598612,21.69806334937612,2.1,17.0,-0.7,1.99
RTX,2019-04-30,76.73974797418494,76.99834990687683,76.30336292769113,76.83133697509766,5232736,16.079742525317265,15.64189401899559,23.95629191587104,23.72702654069798,21.696799694933887,2.08,14.0,-0.71,2.05
RTX,2019-05-01,77.04144967244665,77.79570203834523,76.2440969847441,76.27642059326172,3487537,16.280985123518832,15.782017887683574,23.69263628919615,23.720708142096207,21.621003437858707,2.06,13.0,-0.73,2.22
RTX,2019-05-02,75.84000534020218,76.21174301843223,74.77327443330566,75.31741333007812,4379761,16.525597790632496,15.943681886766564,23.795206899415298,23.755342708992195,21.636083810788016,2.05,13.0,-0.77,2.13
RTX,2019-05-03,75.9908810292297,76.33568359285626,75.40364161230616,76.30335998535156,4513396,16.55202774279953,16.08108537549581,23.6868179625313,23.80154684267049,21.66584346430899,2.03,11.0,-0.79,2.22
RTX,2019-05-06,74.77330301526418,75.7861572956932,74.29381765783211,75.53294372558594,3776100,16.254899978657594,16.214154534228427,23.760047977355008,23.82574296058585,21.680303246521802,2.02,12.0,-0.82,2.15
RTX,2019-05-07,74.53085801081077,74.7086476323744,72.5590266997302,72.9684829711914,7794522,19.69063469326687,17.719040051007344,24.43041409845777,24.099326049167797,21.917133941705032,1.99,19.0,-0.84,1.91
RTX,2019-05-08,73.00080035255426,74.42849249664309,72.91459972710452,73.84664154052734,3807721,19.857725996034315,17.84168788656456,24.476964564818378,24.119973900911287,21.91959327077764,1.97,19.0,-0.87,1.87
RTX,2019-05-09,72.97924542814103,73.87896362133323,72.20344634640428,73.7334976196289,4066569,19.892700775782167,17.771330069198704,24.469243782535262,24.113391890621344,21.909868066306977,1.94,18.0,-0.89,1.88
RTX,2019-05-10,72.85532747937955,73.99209403824122,71.9610042388263,73.90050506591797,4214823,19.836837071819634,17.76773747654125,24.455242378104973,24.10396004823854,21.886493007288653,1.9,17.0,-0.9,1.89
RTX,2019-05-13,72.20883350281578,72.55363599179125,70.24777914377742,71.09362030029297,6545091,22.902820920105345,19.599572154383907,24.78414057645995,24.41942778552872,22.222244148493882,1.86,19.0,-0.88,1.92
RTX,2019-05-14,71.12056480352437,72.7368168839809,71.12056480352437,72.1819076538086,4305078,21.272367539293928,18.962317893935737,24.87726428863997,24.47885392216994,22.27025594373864,1.82,23.0,-0.87,1.86
RTX,2019-05-15,71.54617961483989,72.63445771382918,70.9319984685671,72.1819076538086,3861588,21.06358795731063,18.920571652186226,24.696054064272634,24.47028878726512,22.267308983948165,1.78,17.0,-0.83,1.99
RTX,2019-05-16,72.61257629253177,73.71227558335242,72.28753752251471,73.26805877685547,4463819,21.411664772649456,19.137571000628903,23.9732733667921,24.470707268836673,22.311542731532725,1.76,7.0,-0.79,2.2
RTX,2019-05-17,72.66133559600442,73.38182192524,72.34713297037781,72.45547485351562,2551298,21.5098827422003,18.957203478298272,23.442675225994343,24.494999812239964,22.341155636409532,1.76,1.0,-0.73,2.42
RTX,2019-05-20,72.14126993453563,72.46088403279917,71.84873966188778,72.3092041015625,3091558,21.410604118213314,18.842929881496012,22.467890334136158,24.48358757495675,22.339048076186735,1.79,1.0,-0.74,2.63
RTX,2019-05-21,73.0784682943597,73.76645277440784,72.73176373078745,73.69061279296875,3480863,22.0862854463546,19.196022294526337,21.90523937213707,24.566683397415474,22.41205189419668,1.84,1.0,-0.7,2.81
RTX,2019-05-22,73.32763724668034,73.84768735934507,73.10011080732451,73.35472106933594,3086791,21.917232690875068,19.130050300699704,21.920782202267848,24.559363429389506,22.306632395025243,1.89,2.0,-0.66,2.79
RTX,2019-05-23,71.78915839683953,72.49340364475185,70.09356879758002,70.66779327392578,8983570,24.5367167896999,20.6818560516272,22.796268592061704,24.957755255486553,22.62122509194028,1.92,4.0,-0.61,2.53
RTX,2019-05-24,70.77071812184603,71.44245484072614,70.4294316833997,71.18242645263672,4952595,24.492837843657707,20.613818448547182,22.76971537949298,24.960121159235513,22.630970291487518,1.95,4.0,-0.56,2.55
RTX,2019-05-28,71.3070078474759,72.09250436122868,70.35898869919106,70.38066101074219,6419719,24.038042005865403,20.763977681152664,22.746483150567517,24.98748906647597,22.65979204410005,1.98,4.0,-0.48,2.55
RTX,2019-05-29,69.98520011860082,70.31023881884576,69.5084880750112,70.13688659667969,4444592,24.0125076336037,20.78032059588403,21.455931726263568,24.95457511107436,22.660626212807802,2.03,1.0,-0.53,2.45
RTX,2019-05-30,70.1748277254039,70.6027903319456,69.35682250142771,69.55725860595703,4367525,24.006701598184733,20.858441948118685,20.925789409380485,24.93017505071564,22.623922401405583,2.1,1.0,-0.5,2.69
RTX,2019-05-31,68.94509249910017,69.02093245351678,68.00249801195484,68.41962432861328,5646829,24.340265069181047,21.123336820365544,21.12625788563377,25.005243704640158,22.669109272492694,2.17,2.0,-0.49,2.52
RTX,2019-06-03,68.50087492323199,69.45430546245,68.22459238981168,68.72297668457031,4307779,24.19767752892737,21.079586658293834,20.97255388525549,25.009795468007702,22.64582152052331,2.23,2.0,-0.44,2.66
RTX,2019-06-04,69.50851624060964,70.25609307610169,69.08055358964296,70.0827407836914,3805973,25.020713580131353,21.424717480694326,21.162803982367222,25.077312325654983,22.71605901758831,2.28,4.0,-0.4,2.49
RTX,2019-06-05,70.68945729615434,71.1824236579476,70.18023669798048,71.16075134277344,3770538,24.498189106994133,21.405438182627183,21.231897223467957,25.064447187415194,22.763171482553275,2.33,5.0,-0.35,2.43
RTX,2019-06-06,71.21491438170837,71.5995388093447,70.68402811908436,71.32867431640625,3197068,24.52697740364934,21.273289820172106,21.210011274205897,25.066226428960547,22.762225027413756,2.38,5.0,-0.33,2.45
RTX,2019-06-07,71.56704122450428,72.03292371464113,71.42077281332949,71.58870697021484,2930752,24.56468725361404,21.06057532164535,21.188327758807933,25.020556581071034,22.755064601139168,2.43,5.0,-0.3,2.47
RTX,2019-06-10,73.40350563368789,73.52810177394825,69.32974643107761,69.34600067138672,21901664,25.897098366489214,22.094185246997622,21.85327136064307,25.28521453821474,22.97260244913002,2.46,9.0,-0.28,2.19
RTX,2019-06-11,69.45972449384419,69.4976444674562,66.18771806971544,66.59942626953125,17434985,27.779111944333913,23.564734871820676,22.840857463905234,25.695479067835358,23.327120382131387,2.48,16.0,-0.34,2.06
RTX,2019-06-12,67.20075640883778,67.93749687665547,66.96239379024082,67.21158599853516,15850911,27.972153027428142,23.586877333744326,22.73607186564486,25.720481258550727,23.341106890291247,2.49,13.0,-0.35,2.13
RTX,2019-06-13,67.57453729719609,67.69913338765448,66.58859816203645,67.61245727539062,7317027,28.1188433037596,23.613717420716902,22.70492341309956,25.694659133898195,23.347451471449503,2.51,13.0,-0.33,2.16
RTX,2019-06-14,68.31669889130511,68.52797110370484,67.67204609773474,67.8779067993164,4873145,28.086860423322868,23.54588533705365,22.3143662035538,25.695777315504564,23.33970601437087,2.53,12.0,-0.51,2.42
RTX,2019-06-17,68.10543248832398,68.24086475241316,66.69153725177934,67.29826354980469,5317589,27.68055172227338,23.468620074780173,20.807347159733492,25.713423851919043,23.355595771224678,2.57,1.0,-0.48,1.66
RTX,2019-06-18,67.74790462858314,68.78801164031199,67.74790462858314,68.59298706054688,7208181,28.41820356217926,23.626232621483517,20.896411114402255,25.817405755983643,23.433156458046682,2.6,2.0,-0.48,1.68
RTX,2019-06-19,68.85301271836603,69.01011073786755,68.43046823549626,68.66883087158203,5172354,26.837399246392042,23.62418520028462,20.895626279940725,25.817545618502113,23.429072704962543,2.62,2.0,-0.5,1.68
RTX,2019-06-20,69.50307015889467,70.54317692694457,69.27012564705423,70.44024658203125,6906906,27.720074765806004,24.157876590142344,21.2183167021811,25.980676986362734,23.485003993529656,2.64,10.0,-0.58,1.58
RTX,2019-06-21,70.32108879573511,70.8899017605571,69.65477010319972,69.74686431884766,9087332,27.824674162784145,24.25274032555516,20.98588072457895,26.000484611605085,23.505762560432807,2.66,6.0,-0.58,1.63
RTX,2019-06-24,70.48902061382991,70.96032126769056,70.15315223916097,70.52152252197266,5842594,28.053058170735724,24.30593456542833,20.988788248487193,26.033945186642764,23.480284134521487,2.68,7.0,-0.56,1.62
RTX,2019-06-25,70.52694530767099,70.88990410282072,69.71978279264614,69.89313507080078,4439825,25.867886197044683,24.24662922009888,20.98995147569535,26.049305390558402,23.47285202965107,2.69,8.0,-0.58,1.62
RTX,2019-06-26,69.9039508087059,70.23440106068426,69.1888760867201,69.2105484008789,4643853,25.557464133940776,23.347702518910918,21.0319501789279,26.050791169935657,23.493185941406644,2.7,9.0,-0.59,1.55
RTX,2019-06-27,69.45432713877375,69.98521349510207,69.21055299252203,69.86603546142578,3199452,25.747686805252812,23.35783900315549,21.076103672949838,26.071976093584375,23.497596005032243,2.71,10.0,-0.61,1.53
RTX,2019-06-28,69.91476350881898,70.74359789995411,69.42179733551541,70.5323257446289,8637486,25.500471047305744,23.425979849658283,21.02331881822287,25.904636690402082,23.492483043540908,2.72,9.0,-0.61,1.56
RTX,2019-07-01,71.06325672183506,71.55080508095662,70.87906828356998,71.14993286132812,6233329,25.481514097886933,23.393952440604806,21.05081617612014,25.57815673854766,23.507099265911037,2.72,11.0,-0.6,1.55
RTX,2019-07-02,71.31243419494541,71.6699682706954,71.09574389114184,71.48578643798828,5394655,25.523666183455866,23.360085813653843,21.03577720168874,25.532986796758493,23.509138394756416,2.73,11.0,-0.63,1.58
RTX,2019-07-03,71.75123071207516,72.08709906171758,71.35035855099085,72.04917907714844,3237746,24.992071243156047,23.415937087184453,20.95259380412783,25.548146400874977,23.521225689909055,2.73,5.0,-0.65,1.63
RTX,2019-07-05,71.9137401066808,71.9137401066808,70.88446940564282,71.79998016357422,5636024,24.979463595411026,23.3372790801596,20.96365427277004,25.544502688449413,23.52398540974497,2.73,6.0,-0.65,1.61
RTX,2019-07-08,71.44245770340213,71.54538150653968,70.57569637503984,70.89531707763672,5088455,22.764795130498346,23.466648179282238,21.019237543615464,25.514698410735008,23.55990098527912,2.73,11.0,-0.63,1.52
RTX,2019-07-09,70.47817118043744,70.71110911847661,69.84976610729706,70.63526916503906,4803229,22.686817942854482,23.40628249214178,21.025223822175647,25.422411197056526,23.560825448818555,2.72,13.0,-0.61,1.5
RTX,2019-07-10,70.96574167095737,71.64831460115226,70.52694291086951,70.66779327392578,3717148,22.442923022520535,23.079896696676705,21.01969396249771,25.4006950548587,23.539815715858055,2.72,12.0,-0.59,1.5
RTX,2019-07-11,70.66237793483731,71.3937070408889,70.46194182502306,71.14993286132812,3874141,22.496854600011172,23.103536615988187,20.551181379976676,25.411474631058734,23.547414969434872,2.71,1.0,-0.58,1.63
RTX,2019-07-12,71.45869545985592,72.4879727526468,71.35035359252586,72.43921661376953,5088455,22.890402503933085,23.37308905013019,20.715753223428532,25.406151529609954,23.547952383880148,2.7,2.0,-0.62,1.55
RTX,2019-07-15,72.19002132456446,72.4987992453175,71.98416718827325,72.17376708984375,3779754,22.316364274355017,23.37319937811228,20.723474245016078,25.193731893028897,23.47204344710762,2.68,3.0,-0.64,1.54
RTX,2019-07-16,72.23877572439957,72.41753946519127,71.89207126430128,72.152099609375,5085118,22.30974113973122,23.296181035779224,20.544157765505496,24.040923460828935,23.413208539182097,2.67,1.0,-0.64,1.71
RTX,2019-07-17,72.08165160155974,72.1845819229835,70.46190281353782,70.47815704345703,4347663,22.782076404100287,23.77225429377279,20.820679262425557,24.10894831996998,23.528802174410554,2.64,6.0,-0.63,1.49
RTX,2019-07-18,70.35900113861108,71.15533394893049,70.29399732719935,71.12825012207031,4638132,22.498701589323833,23.370619202749648,20.861157312902648,24.103184003512325,23.509110283910616,2.62,7.0,-0.62,1.47
RTX,2019-07-19,71.31243688148353,71.98417356489689,70.92781239866328,71.7187271118164,5138985,22.617748202293736,23.442675464299032,20.851643061314757,24.02557156444081,23.511753644248163,2.59,7.0,-0.62,1.51
RTX,2019-07-22,71.66454647260734,72.15210127270205,71.26367435690291,72.02208709716797,5399422,22.626106055303808,23.462462276454776,20.85546054500373,23.98734492861303,23.492699759485653,2.56,8.0,-0.61,1.53
RTX,2019-07-23,73.84768948861469,73.9452017607741,71.51286557388919,73.10011291503906,12855169,20.860084821271744,23.620900980282723,20.912865113893066,24.00276872910389,23.538371941614482,2.52,12.0,-0.62,1.55
RTX,2019-07-24,72.79674787144238,74.14563920295618,72.57464606689955,72.72632598876953,5684171,16.766821337804014,23.54396240833365,20.933776717052453,23.80826221272361,23.53377930206781,2.48,14.0,-0.61,1.51
RTX,2019-07-25,73.08929193174765,74.92573841269544,73.07846234054534,73.86937713623047,6339633,17.075674081969858,23.76941373858874,21.066039591621475,23.87544854722328,23.294939168953064,2.44,28.0,-0.63,1.46
RTX,2019-07-26,73.57141211166238,74.04271266188252,73.28971802408932,73.4738998413086,3521383,17.22876018536725,23.750249086233175,21.088897306278014,23.884427688261926,23.298575182764687,2.39,30.0,-0.64,1.42
RTX,2019-07-29,73.43596794280438,73.87476652080731,73.33845568827789,73.52264404296875,3259675,17.235756674173007,23.618615712631296,21.072596153452814,23.87715783422633,23.285001535935073,2.34,29.0,-0.63,1.45
RTX,2019-07-30,73.3384669874388,73.52265537050734,72.82925302972703,73.29513549804688,3584148,16.996858234516733,23.458198728257056,21.04034562907825,23.764417121938948,23.266540082021443,2.31,27.0,-0.63,1.48
RTX,2019-07-31,73.26806702705947,73.69061156502976,72.04918956250967,72.37422180175781,5348733,16.85218058883311,23.506797870234607,21.138538542116358,23.803633462108117,23.276483217945128,2.27,34.0,-0.6,1.39
RTX,2019-08-01,72.21712456137323,73.40891820830456,71.32327932617474,71.42079162597656,4633524,17.40802647197427,22.585240874415646,21.114800670269528,23.84958795745509,23.231723806738586,2.23,33.0,-0.55,1.33
RTX,2019-08-02,71.1986612675499,71.43702386394703,70.10438025743622,70.86279296875,3443681,16.012028685166143,22.488316984271403,21.081178002925796,23.764278659907056,23.236668947495822,2.18,32.0,-0.5,1.36
RTX,2019-08-05,69.79561250225808,69.84436864423589,67.56913017930536,68.12168884277344,6322790,19.534877917344144,23.850496137613035,21.874743414342884,24.211091167125197,23.561890594174013,2.13,44.0,-0.51,1.33
RTX,2019-08-06,67.98626483958363,69.91479903367402,67.98626483958363,69.7739486694336,6042808,20.5474513474882,24.39812886763465,22.20177441077169,24.376284998066566,23.68456971835743,2.07,47.0,-0.48,1.22
RTX,2019-08-07,68.86384371763017,70.48901114757406,67.79123492138287,69.88770294189453,6835401,20.391073586627016,23.097226086499628,22.166835339683878,24.334306243244384,23.685135678148953,2.01,47.0,-0.44,1.26
RTX,2019-08-08,70.19646902579532,71.33950608248293,70.19646902579532,71.22574615478516,4253117,20.88763325363441,23.217832251495864,22.333650220006625,24.434690306182464,23.757882218740292,1.95,50.0,-0.39,1.19
RTX,2019-08-09,71.18241739030094,71.51828570698112,70.16939436194392,71.09574127197266,3767360,20.745269993501967,23.22010400571686,22.32956029041099,24.34396991926485,23.758011895258242,1.89,50.0,-0.33,1.2
RTX,2019-08-12,70.34272879670915,70.54858288380068,69.08593196637887,69.35137176513672,4135055,21.82241311108727,23.53759369168679,22.633481226270177,24.461758553930007,23.88496881066984,1.83,53.0,-0.3,1.04
RTX,2019-08-13,69.2647154790013,70.80863142480884,69.17803935781839,69.85519409179688,3813918,21.771881844372587,23.497692272454216,22.57712187942086,24.47432556145481,23.881144539382397,1.8,53.0,-0.26,1.07
RTX,2019-08-14,68.85303059787967,68.93970674853344,67.04909224253173,67.3362045288086,5337769,24.081419462666105,24.635640465304352,23.224594701414667,24.666012121681604,24.15183001814041,1.78,61.0,-0.26,0.98
RTX,2019-08-15,67.57323061618204,67.80211045806324,66.72311492695495,67.43154907226562,6295618,23.924552226609137,24.28394480554298,23.223498899338733,24.647809730351884,24.15153647984821,1.76,61.0,-0.26,0.98
RTX,2019-08-16,68.11273730293127,68.48875566917106,67.58414335877437,68.14543914794922,4023348,24.20292361704281,24.398800309184438,23.26524821794405,24.162138424237792,24.170046166973354,1.74,63.0,-0.26,0.97
RTX,2019-08-19,69.06094801837436,69.37701962019183,68.65769131258797,69.01190185546875,2896906,24.32050916286178,23.3688631352777,23.350493571565316,24.20686906034034,24.14227322951536,1.72,64.0,-0.24,0.94
RTX,2019-08-20,68.65224456386126,69.35522198479487,68.34162325364532,69.03370666503906,3161474,24.30840845199341,23.31503099132634,23.31945660977674,24.158796161648926,24.127041742673658,1.7,64.0,-0.23,0.94
RTX,2019-08-21,69.69853020864858,69.87291361765773,69.09363858445221,69.38790893554688,2732286,24.366210300226342,23.232608023374038,23.246567118288848,24.15837555531855,24.12687549192447,1.69,63.0,-0.23,0.97
RTX,2019-08-22,69.75301002540824,69.97098262820613,68.83749734664464,69.73120880126953,2593248,24.32290915487849,23.24650404540648,22.658350881418077,24.107212641350035,24.123876732475523,1.66,55.0,-0.25,1.04
RTX,2019-08-23,69.03367858290598,69.64401373265255,66.93019087733353,67.25715637207031,5532580,25.733150362854428,24.339593283408934,23.316208057739672,24.343456125536004,24.307321885816336,1.64,66.0,-0.31,0.89
RTX,2019-08-26,68.1072887122163,68.48330044502764,67.37705986860755,68.38520812988281,3325936,26.317317901735755,24.36025901401013,23.46602215686189,24.415042208516258,24.36139971962892,1.61,70.0,-0.36,0.86
RTX,2019-08-27,68.35794639969227,68.66311067148092,67.56232067272548,67.88384246826172,3459571,26.36189621827606,24.388353479953924,23.42690494811902,24.34945092636922,24.365360847894955,1.59,69.0,-0.41,0.84
RTX,2019-08-28,67.76396309500852,69.18626844101014,67.46969279561398,69.13722229003906,3252047,26.188853248961948,24.34476889254138,23.581753836264184,24.44189715210786,24.388896065403806,1.56,72.0,-0.43,0.79
RTX,2019-08-29,69.75846809051782,70.99003919839372,69.75846809051782,70.57588195800781,7271105,26.7634327955787,24.513564792369795,23.815859735374506,24.552020475258626,24.468950243313056,1.54,77.0,-0.43,0.74
RTX,2019-08-30,70.97370910644531,71.49685276517872,70.94100726004716,70.97370910644531,3702529,26.70108395291619,24.536867672269494,23.782728603219503,24.550506131688106,24.466763644877414,1.52,76.0,-0.43,0.79
RTX,2019-09-03,70.11812581516958,70.39604519671795,69.55683013923743,70.28160858154297,4028433,26.80161665453881,24.604263939627327,23.823009367635976,24.57665427907854,24.47416633596279,1.5,79.0,-0.43,0.76
RTX,2019-09-04,71.21890686550582,71.78565277561701,70.9954773636004,71.41508483886719,3585102,26.86161653832041,23.93028700265382,23.91888507520199,24.63914430660544,24.51707644183957,1.48,80.0,-0.43,0.73
RTX,2019-09-05,72.52133977624781,72.85920594697693,72.20527483275671,72.49409484863281,4231348,27.20936775259136,22.538923276342896,23.856226361928723,24.428886617761854,24.562063762721504,1.46,80.0,-0.42,0.74
RTX,2019-09-06,72.91916448085277,73.15893838056303,72.55949702485383,72.85376739501953,3375513,26.84807686617699,22.493736593330286,23.852836322619197,24.430723198611602,24.558117116668008,1.43,80.0,-0.43,0.77
RTX,2019-09-09,73.37690428872583,73.78561122660275,72.94094581736886,73.08263397216797,3675834,26.82615515477462,22.476540506136725,23.83990006731881,24.336466678163788,24.55392701274727,1.41,80.0,-0.44,0.77
RTX,2019-09-10,73.0771754151696,73.41504154071859,72.38509224582961,72.9736328125,4552326,26.827557213658963,22.476938098488528,23.835201429466455,23.905176940134723,24.52740390261554,1.39,80.0,-0.43,0.77
RTX,2019-09-11,72.750206006574,74.11256444155597,72.52132619559843,74.08531951904297,4557093,27.176765475271587,22.560874278201773,23.91506073001653,23.63454272062582,24.5428112279655,1.37,84.0,-0.44,0.74
RTX,2019-09-12,74.3632734832664,75.19703845435836,74.22158529868568,74.90821838378906,4805931,27.059009152815083,22.354975534855914,23.978488931998935,23.150931272326158,24.566894770728588,1.36,88.0,-0.47,0.73
RTX,2019-09-13,75.2024732231711,75.96539724754717,74.90820290556503,75.23516845703125,4807520,26.723506688416766,22.362644186756672,23.720610581768504,22.74866398691588,24.5696818303294,1.34,75.0,-0.47,0.8
RTX,2019-09-16,75.75833579073802,75.75833579073802,74.83192217427876,75.24608612060547,3355968,26.574592622951933,21.7994984628808,23.715581548461884,22.74450860623541,24.540678383378502,1.33,75.0,-0.47,0.81
RTX,2019-09-17,74.8700507283964,75.06078503762977,74.45589348251505,74.77196502685547,3369316,23.658965045866488,21.734770573743074,23.736230463339396,22.754248954877067,24.49299511142977,1.33,77.0,-0.46,0.78
RTX,2019-09-18,74.61394757107325,75.08804507332911,74.08534699071852,75.01720428466797,2773600,22.81877355862716,21.641949490182803,23.71151663416012,22.72886462767463,24.495055988304813,1.33,75.0,-0.47,0.78
RTX,2019-09-19,75.16977303931756,75.21336888756923,74.55398746339128,74.94635009765625,3479433,22.83866572532059,21.546238620823257,23.661961849884246,22.656398801840105,24.460261363738365,1.32,73.0,-0.53,0.78
RTX,2019-09-20,74.98449056761716,75.45314425301777,73.87279981560341,73.87825012207031,8439656,22.771227987905302,21.664794575198474,23.760407820917912,22.038766726545937,24.493591931900024,1.32,81.0,-0.63,0.68
RTX,2019-09-23,73.24611397244051,74.18342134713257,73.07718089699364,73.93274688720703,4137597,22.75354537930955,21.595022036288032,23.735552407963638,21.706690583672575,24.474708587068,1.32,78.0,-0.68,0.72
RTX,2019-09-24,74.13438697027841,74.22157867509569,73.38236347105432,73.82921600341797,4506881,21.386111269224486,21.526122370687663,23.653711324872116,21.708111553805217,24.474459931414625,1.32,73.0,-0.68,0.8
RTX,2019-09-25,74.07989094315194,74.7392790405531,73.64393241647623,74.56489562988281,3357875,21.456112944769746,21.546409446370802,23.614851511857243,21.643375953739984,24.463961447960184,1.32,73.0,-0.78,0.81
RTX,2019-09-26,74.52674253564619,75.3605073528308,74.39050468405567,74.94635009765625,4278541,18.015009072534298,21.549623544144467,23.575884401529564,21.64590957445301,24.465110544623624,1.32,72.0,-0.8,0.87
RTX,2019-09-27,75.21883074169655,75.33327398994636,74.21613268441065,74.32511901855469,3395375,18.334473907640874,21.578127322823796,22.959640803952766,21.652103671105625,24.47912950730154,1.3,62.0,-0.83,1.05
RTX,2019-09-30,74.73928210419777,74.76107672820834,74.2052312355204,74.39596557617188,4079122,18.213448986594162,21.562284964611617,22.882258858139593,21.64244686894305,24.479164172844474,1.28,62.0,-0.83,1.07
RTX,2019-10-01,74.62482460727502,75.0335381421538,72.59217736531822,72.90824890136719,5539095,19.15423685775364,21.813597893132133,23.10640728499517,21.775636589211032,24.56216507436092,1.27,64.0,-0.81,0.9
RTX,2019-10-02,72.38510482964654,72.47774683626018,70.74482006504013,71.09903717041016,5175532,20.687299402600175,22.422148199625898,23.441421719697594,21.996099604122943,24.676158380464607,1.25,73.0,-0.77,0.7
RTX,2019-10-03,71.25705705463356,71.56767825531215,70.09632023646127,71.50228118896484,4609053,20.697225849513874,22.450884486228585,22.63889876928606,22.00062565979417,24.679960909148864,1.23,55.0,-0.77,0.83
RTX,2019-10-04,71.54589214935717,72.64668243985419,71.36061473615746,72.5921859741211,3009884,21.07301363072433,22.619764621986867,22.637813762425697,21.982688450122087,24.72584286964399,1.2,55.0,-0.78,0.83
RTX,2019-10-07,72.36330383209435,73.00089060172347,72.00363645138613,72.30880737304688,2662052,17.93023738721264,22.3342057203027,22.64657641613967,21.964488993437417,24.724908558939006,1.18,57.0,-0.78,0.81
RTX,2019-10-08,71.567684921711,72.14532492835501,71.02818384821073,71.2734146118164,3970911,18.04892643957851,22.517009506333416,22.633848376366355,21.81958395835094,24.748452951377075,1.16,55.0,-0.75,0.74
RTX,2019-10-09,71.76930734343439,72.28155684203712,71.45323583318586,71.91099548339844,3864448,17.98017562386784,22.594328468842008,22.612461294730085,20.965986174337342,24.761895132461415,1.16,54.0,-0.74,0.81
RTX,2019-10-10,71.87831272608716,73.05539418152122,71.55134712322958,72.9791030883789,3710633,17.72682168856545,22.25750205876235,22.73204159144533,20.96911694686412,24.659474312734293,1.16,61.0,-0.76,0.78
RTX,2019-10-11,73.60578759452622,74.76107439835334,73.56764204887139,74.19432830810547,4849469,17.38710728118196,22.428600435598696,22.68440148788395,21.049739435541248,24.452350399468987,1.16,59.0,-0.76,0.79
RTX,2019-10-14,74.11257320098925,74.35780395831543,73.74746212786454,74.06897735595703,2637740,17.371741846485627,22.37795132098725,22.674026639659598,21.034194434695173,24.41456936447558,1.16,58.0,-0.78,0.81
RTX,2019-10-15,74.25972539096608,75.0498944477018,74.18888460709758,74.19432830810547,3964078,17.042814790626448,22.366167565618927,21.866817140877984,20.86060524995097,24.41436546405211,1.16,44.0,-0.82,0.94
RTX,2019-10-16,74.07987369436056,74.77740717462768,73.9327418548865,74.49948120117188,3339125,16.52277695281719,22.179037166112767,21.84769856118506,20.830861287091114,24.4120153693797,1.16,43.0,-0.86,0.95
RTX,2019-10-17,74.82102275903146,75.60574152495214,74.75017536722862,75.29512023925781,4103751,16.256784639579543,22.24871956227263,21.824225132016675,20.83045395846928,24.379278834376045,1.16,43.0,-0.89,1.02
RTX,2019-10-18,75.32782088983987,75.44225752741393,74.39051334650007,74.54854583740234,5413246,16.535243591161525,22.128199239057196,21.87990802830837,20.85505350986116,24.327573924069405,1.16,47.0,-0.92,0.97
RTX,2019-10-21,75.29511142368362,75.74742083359372,75.06078786478345,75.39320373535156,5951758,16.802237635149282,22.213381859330916,21.897567775040496,20.891232641637604,24.335320092810107,1.15,47.0,-0.92,1.01
RTX,2019-10-22,76.7392157566784,77.51304039930294,75.70927294186123,77.06073760986328,10544286,17.830140222108636,22.644160072933495,21.97306027656852,20.984757647017528,24.4288990020468,1.14,47.0,-0.78,1.09
RTX,2019-10-23,76.7446732706189,77.07708916208766,75.86186222939865,76.24332427978516,5324262,17.724175850737044,22.752373164625148,22.04693978131211,21.02459208114421,24.38512756780068,1.14,47.0,-0.75,1.0
RTX,2019-10-24,76.5648227316543,78.38494088030379,76.3086979852595,78.16696166992188,7235353,18.831625043818384,23.113788439535195,22.176815856438264,21.202716156894756,24.3494403703711,1.13,48.0,-0.54,0.98
RTX,2019-10-25,78.11793971877715,78.58114316773083,77.8236693701058,77.90541076660156,5074154,18.859671612354433,22.935988794713573,22.07061926081075,21.147984338717663,23.501519905945347,1.13,46.0,-0.48,0.99
RTX,2019-10-28,78.07435001460598,78.81547294871605,77.55119975069282,77.94901275634766,3773081,18.85811124573192,22.85509370295249,22.069454785338902,21.147750890700394,23.430463348673083,1.12,45.0,-0.45,0.99
RTX,2019-10-29,77.62747207430215,78.20511866929687,77.23511607767901,77.38224792480469,5647306,18.893941791627807,21.285181318580353,22.103009892417475,21.14122592436159,23.422141330989376,1.12,46.0,-0.5,0.94
RTX,2019-10-30,77.51850380478099,78.61929418691395,77.38226593232358,78.38496398925781,4040191,19.19056539317319,20.91729800291317,21.556790678326575,21.18674265394106,23.382549847685734,1.12,35.0,-0.45,1.13
RTX,2019-10-31,78.16698080628187,78.38496007002813,77.74737320098278,78.24327850341797,4852647,19.201623305180394,20.93134126919414,20.50413798504328,21.186728596593507,23.35399268659435,1.13,1.0,-0.44,1.04
RTX,2019-11-01,78.68466572971387,79.99253445639758,78.6574208043526,79.9325942993164,6444348,19.438257818884384,21.020436106079018,20.709021437250772,21.066169037592715,23.413638814115327,1.14,4.0,-0.24,0.96
RTX,2019-11-04,80.37400996894446,80.64648569413706,79.780018965943,80.3849105834961,6823166,19.44884254147797,21.019275315241178,20.707504101231734,21.061739167842298,23.272822349717725,1.15,4.0,-0.04,0.96
RTX,2019-11-05,80.46664019008921,80.96253880233479,79.94349004545734,80.57018280029297,6453406,19.40908375564708,20.258546417353067,20.7047463850214,21.06042206774425,23.272654927577577,1.16,4.0,0.08,0.96
RTX,2019-11-06,80.55384402674557,80.85901499046108,80.1778322810085,80.82086944580078,5015679,19.29559946104254,20.234942425353424,20.639905933164098,20.959841931999584,23.272959524935878,1.16,4.0,0.17,1.03
RTX,2019-11-07,81.09878981217012,81.3876098573331,80.89716147193559,81.04974365234375,4407092,19.282095658050995,18.51643830470222,20.455114842680622,20.92411924341755,23.269148781209335,1.17,1.0,0.22,1.11
RTX,2019-11-08,80.36311056369367,81.20777607549493,80.2868194735503,81.13148498535156,2701618,19.01006729410633,18.518197750922365,20.455188732391537,20.9210820495296,23.186628921815995,1.17,2.0,0.22,1.11
RTX,2019-11-11,80.65192551378557,80.98979166948723,80.39580074372579,80.77181243896484,2341233,19.122598890726643,18.515219020982858,20.117581090636527,20.901222900266518,23.18570770840161,1.19,1.0,0.13,1.18
RTX,2019-11-12,80.86991513682602,81.21868197897305,80.65194246691773,80.86447143554688,2562421,17.856170905850288,18.404820508943004,20.036452775015064,20.897778190865637,23.179481321453387,1.2,1.0,0.04,1.27
RTX,2019-11-13,80.58653926410682,80.92985577248263,80.34131507424783,80.82086944580078,2926302,15.731993121092607,18.410270250990067,19.97997611269594,20.859947328388824,23.099466944829484,1.22,1.0,-0.06,1.29
RTX,2019-11-14,80.75241656895119,81.29459810526124,80.75241656895119,81.1138687133789,2757551,15.727502994747486,18.404171477948292,19.914343537434593,20.86226325705328,23.094283383888886,1.23,1.0,-0.14,1.37
RTX,2019-11-15,81.2069670886045,82.04488455985381,81.19053473060488,81.7984390258789,3160839,15.439787060072574,18.436654579761925,19.86106375322045,20.8800985080852,23.105948789977486,1.25,1.0,-0.18,1.47
RTX,2019-11-18,81.6615219116211,81.75462532746327,81.29459234020743,81.6615219116211,2948866,15.35383638630078,16.601768403178145,19.828881933167573,20.882478453410368,23.07816017892356,1.26,1.0,-0.25,1.46
RTX,2019-11-19,81.94082375181544,81.95724946864924,81.24529357000802,81.2562484741211,4495758,14.591100626021014,16.446792729785834,19.814568724722015,20.884778084498702,23.08367253576465,1.28,1.0,-0.34,1.43
RTX,2019-11-20,81.05910706596511,81.37127543604775,80.00760199106107,80.31429290771484,4204335,15.238597010201534,16.584157129914406,19.887327711896962,20.914785747846164,23.04363323237666,1.29,4.0,-0.45,1.32
RTX,2019-11-21,80.30880642678055,81.02623987657738,80.12260622781747,80.6702651977539,3731131,14.876966284473674,16.27136947354125,19.886095795596066,20.911654469358904,22.996010096230552,1.31,4.0,-0.54,1.32
RTX,2019-11-22,81.19051946949097,81.34386819731994,80.60452509503054,80.88931274414062,3783568,14.343073762156374,15.83209301253936,19.859123078087023,20.8376887753648,22.9948831486504,1.32,3.0,-0.63,1.33
RTX,2019-11-25,81.36027231759056,81.4588531422191,80.61545860069403,80.79071044921875,3818367,14.330670298606124,15.8323800483782,19.849018064496995,20.79313962585282,22.853605778441327,1.34,3.0,-0.72,1.35
RTX,2019-11-26,80.88931060381441,81.39315646905932,80.72500697705898,81.11932373046875,5722625,14.329809941258462,15.63884952939438,19.72900707770199,20.723211162577357,22.83879336713832,1.35,1.0,-0.78,1.48
RTX,2019-11-27,81.2617251241749,81.62865465431932,80.88384069002552,81.50269317626953,2401456,14.335083800547075,15.388424153976455,19.71959749549104,20.727634549201994,22.43111409687236,1.37,1.0,-0.84,1.52
RTX,2019-11-29,81.34388834529557,81.38770132990793,80.77979699832852,81.23983001708984,1575494,14.25656199436441,15.193302231698874,19.732921361344413,20.708186796339504,22.434792620897937,1.39,3.0,-0.9,1.49
RTX,2019-12-02,81.26719948578437,81.38768350724997,79.34491267612246,79.4051513671875,6121940,15.65726938267934,16.001037217631527,20.084150284558188,20.883439498652606,22.519947898719252,1.39,14.0,-0.94,1.24
RTX,2019-12-03,78.82463226428516,78.97250354066323,78.19482491527188,78.71510314941406,5938729,15.712801070742726,16.131373467998035,19.96028870018786,20.909016169580024,22.53555811375328,1.4,12.0,-0.99,1.25
RTX,2019-12-04,79.37777828440524,79.8871016775984,79.02727445098127,79.14775848388672,4829130,14.533809614134585,16.14427369340858,19.960621202792204,20.8800231583316,22.4992710906307,1.41,13.0,-1.03,1.27
RTX,2019-12-05,79.67899340933025,79.72280638945567,79.08752149730527,79.55303192138672,3720644,14.158188870904157,15.908316780837147,19.97064647947984,20.840789856832977,22.384144088196628,1.42,14.0,-1.07,1.28
RTX,2019-12-06,80.58263679228709,80.71955319046111,80.07331336812246,80.50048828125,4143953,12.704623076844603,15.93012857213665,19.654418923891196,20.808667053266706,22.40779554033564,1.43,1.0,-1.1,1.51
RTX,2019-12-09,80.45120343859386,80.69764898883459,80.04046085485933,80.07879638671875,2403045,12.772694555034903,15.97047856016115,19.641191305559733,20.821377208977545,22.34770766173567,1.45,1.0,-1.13,1.48
RTX,2019-12-10,79.83233952227268,79.95830101653094,79.60232634458538,79.61328125,4246761,12.921628508925451,16.03160844032685,19.63929495075523,20.82838659767804,22.357488600906574,1.46,1.0,-1.16,1.44
RTX,2019-12-11,80.27593940456845,80.70859173523127,79.95282283929002,80.65382385253906,3603693,13.165077250993656,16.14595634396599,19.724476862592827,20.877548506275396,22.384790247174706,1.47,5.0,-1.18,1.4
RTX,2019-12-12,80.99883568720318,81.95175949471455,80.60451895340461,81.82579803466797,4327483,13.289887828662076,16.36558339939731,19.71696491702333,20.923529855248763,22.41948677056013,1.49,4.0,-1.21,1.4
RTX,2019-12-13,81.20148051975697,82.23108216139944,81.20148051975697,81.63961029052734,3762911,13.30051364901769,16.376185240475486,19.69914332097127,20.88085601134882,22.417509106107943,1.5,4.0,-1.24,1.42
RTX,2019-12-16,82.00105983390326,82.51586063879094,81.66151093189951,81.85319519042969,5162502,11.893037251112574,16.043672232212792,19.564268800905936,20.533824052602416,22.413008965375692,1.52,1.0,-1.26,1.49
RTX,2019-12-17,81.71082001416073,81.80940089187295,81.02624460198196,81.39318084716797,5759172,11.942380409253849,16.113164361412075,19.56654218096892,20.510141124710522,22.208721540944925,1.53,2.0,-1.29,1.49
RTX,2019-12-18,81.10837808530663,81.38768830727008,80.61000961466928,80.89479064941406,6036929,12.076477229144452,16.180060848274863,19.599527839466766,20.51704294841441,22.218469933338497,1.55,3.0,-1.31,1.44
RTX,2019-12-19,81.2233856143195,81.6888959789971,80.61548142257114,81.44244384765625,4755241,12.199809408977721,16.122801904507657,19.61000044013737,20.4965160394185,22.149470191429202,1.56,4.0,-1.33,1.46
RTX,2019-12-20,82.64183018903358,82.64183018903358,81.71080934349396,81.86962890625,7252673,12.26357611811674,16.124063161317455,19.497147901226967,20.486971946006726,21.811824209970453,1.58,1.0,-1.34,1.6
RTX,2019-12-23,82.12702505508112,82.45014825551222,81.90796016648441,82.05035400390625,4361328,12.27418290434158,15.994705135120793,19.35857967718971,20.48646670517174,21.555703499175184,1.6,1.0,-1.33,1.76
RTX,2019-12-24,82.18726200289215,82.32417837421127,81.84223566847547,81.9134292602539,1596786,12.205710900283433,16.00860195287457,19.30838906035811,20.449781889141796,21.16099447811406,1.61,1.0,-1.32,1.82
RTX,2019-12-26,82.12154652976189,82.56515375329002,82.01201740656286,82.53777313232422,2231274,12.37863740364856,15.393211376130465,18.18331104182601,20.456029927099948,20.852633759015877,1.65,1.0,-1.31,1.59
RTX,2019-12-27,82.69658574315555,82.73492126502411,82.17630751312682,82.3022689819336,2928050,12.416695639233556,14.354240727690005,17.851038076655577,20.438831099499083,20.853611659767058,1.7,1.0,-1.29,1.71
RTX,2019-12-30,82.38991231454763,82.58706741709406,81.91892441020207,82.08322143554688,2674605,12.417745525016075,14.375867141473927,17.864185172868478,20.3336196455032,20.850569959614777,1.74,2.0,-1.26,1.68
RTX,2019-12-31,82.03391228745126,82.26393205406656,81.65602788748949,82.01748657226562,3227100,12.18633166854691,14.137443490020773,17.649634060520174,20.32092555943475,20.830979297285353,1.79,1.0,-1.24,1.79
RTX,2020-01-02,82.00654952162805,83.91240429085188,82.00654952162805,83.86859130859375,4451584,13.766220863044424,14.677912135563767,17.950531587184035,20.47268755560579,20.87798551673531,1.82,4.0,-1.21,1.67
RTX,2020-01-03,82.65825919001473,84.6955527183792,82.4282393945101,83.98359680175781,4969756,13.653722142517053,14.252180925697495,17.440805556969828,20.4705796249405,20.337988245024818,1.87,1.0,-1.16,1.97
RTX,2020-01-06,84.03837564934273,84.25196313300492,83.51810389321165,84.16433715820312,4139504,13.10792949518248,14.194378088722273,17.41995883021272,20.448551055981493,20.082920119838462,1.91,1.0,-1.12,1.97
RTX,2020-01-07,83.18950321222358,84.13695657551969,83.18950321222358,83.89598846435547,4348775,13.149233346576633,14.01500035527363,16.306849699334595,20.453173702732084,20.08748446806109,1.97,1.0,-1.12,1.51
RTX,2020-01-08,83.8576298820335,84.64077934773756,83.6440424569623,84.02192687988281,3772445,13.142672942962882,13.699891085842944,16.30675121936498,20.289137437695633,20.02015428404535,2.03,1.0,-1.12,1.51
RTX,2020-01-09,84.23005195603716,84.4436394194058,83.85764491818169,84.14790344238281,4672455,13.121584110748122,13.678038496756201,16.252229170644082,20.28469232629579,20.018704419407022,2.08,1.0,-1.11,1.55
RTX,2020-01-10,84.34506140482969,84.34506140482969,82.93209762703344,83.16759490966797,4605240,13.626325273877448,13.969226162932808,16.31045507598198,20.337126206948096,20.04359345985119,2.13,4.0,-1.09,1.46
RTX,2020-01-13,83.25521887299564,83.51809677499604,82.93209562870219,83.27164459228516,4910010,13.577429866321108,13.962257615412527,16.30886937108922,20.320578262945233,20.035910615074453,2.18,4.0,-1.07,1.46
RTX,2020-01-14,82.89922142700114,83.46879010388832,82.76230504975555,82.99232482910156,4987712,13.580752940522602,13.881052857258227,16.32148568726858,20.29768475323225,20.029887473977652,2.22,6.0,-1.04,1.43
RTX,2020-01-15,83.04710677335062,83.83025636745815,82.77875142521884,83.22235870361328,4937023,11.605855187014056,13.670766041781372,16.314479885026454,20.296441008519793,20.030325855222124,2.26,6.0,-1.0,1.43
RTX,2020-01-16,83.57831598208881,84.35051714933645,83.57831598208881,84.0931167602539,5671300,11.455318756656242,13.64659291498189,15.197405752837579,20.309750037757006,20.048491098214615,2.32,1.0,-1.09,0.39
RTX,2020-01-17,84.50932621924527,85.17746900203615,84.16429992601144,84.5586166381836,7365492,11.456290240281001,13.016994680640929,15.030868321095546,20.257296825995823,19.991549741464354,2.38,1.0,-1.12,0.48
RTX,2020-01-21,84.26289814419023,85.16653830622171,83.67142627360056,84.59696960449219,7797382,11.433190602291035,12.768554882114977,14.9564076849172,20.203826685549803,19.972922763307192,2.44,1.0,-1.22,0.55
RTX,2020-01-22,84.54768015859432,84.92009378757002,83.97264063746448,84.22456359863281,5546881,11.191576872436348,11.877625158556539,14.767622577710116,20.17234881609341,19.802822085129037,2.5,1.0,-1.27,0.63
RTX,2020-01-23,84.12599843181536,84.47102486458753,83.56738452348601,84.23005676269531,6369348,11.01724822262138,11.841745625378518,14.465189639567189,19.734328326162974,19.127986564533366,2.55,1.0,-1.26,0.75
RTX,2020-01-24,84.01099506659239,84.56960899641618,83.45785859011379,83.89598846435547,5879141,10.919934658044719,11.890218642879073,14.48032968866768,19.6974421355396,19.084113942256753,2.6,2.0,-1.25,0.74
RTX,2020-01-27,82.69112478266649,83.2223580218403,82.15442073013637,82.71302795410156,6889427,11.323755328982658,12.182144308415289,14.585561929990742,19.774614819828564,19.145941822831634,2.65,3.0,-1.26,0.69
RTX,2020-01-28,82.43918579935728,84.56410506508692,81.08099025381196,83.7152328491211,9083677,11.094086315265505,12.14901741794179,14.499632036857598,19.819740479529404,19.16212999853263,2.69,3.0,-1.25,0.73
RTX,2020-01-29,84.29576331220952,84.31219566973958,82.95399990601825,83.6933364868164,6079832,11.061433925671606,12.13734242597315,14.34196469631396,19.257422472414653,19.02919876637792,2.73,1.0,-1.21,0.84
RTX,2020-01-30,82.93756796960751,84.45458330647668,82.93756796960751,84.3395767211914,6958867,11.22931800250959,11.468689751476035,14.36565289799249,19.19945680598157,19.01583868358621,2.77,2.0,-1.17,0.82
RTX,2020-01-31,83.90144428362784,84.10955426039692,81.94082190111654,82.25846099853516,7325131,13.410905091701455,12.58992198566206,14.963492912497067,19.441373291139584,19.168487725844447,2.79,9.0,-1.11,0.85
RTX,2020-02-03,82.72944809268876,83.41402334880318,82.03391793280659,82.12154388427734,7450027,13.284694155165463,12.590363243589971,14.964306731189408,19.369654432277454,19.15879150777903,2.81,10.0,-1.06,0.85
RTX,2020-02-04,82.94304355601739,83.97264526589134,82.92114038569525,83.79191589355469,6090160,14.355278340284123,13.219467649956332,15.103796334100487,19.455225606225778,19.254039626280413,2.82,12.0,-1.0,0.82
RTX,2020-02-05,84.72292307852302,85.23224639892578,84.0109672481325,85.23224639892578,5727709,15.052800086814447,13.636163697358056,15.232451409334935,19.54675819786487,19.279651939358118,2.82,14.0,-0.94,0.76
RTX,2020-02-06,85.63755228711632,85.84018487809527,84.98583488441336,85.54444885253906,6011664,15.065903215478068,13.648363992865011,15.229276585672627,19.43184928394965,19.277641299361896,2.83,14.0,-0.89,0.77
RTX,2020-02-07,85.43489553044213,86.45354236942741,85.22130807583758,85.88945770263672,7886048,15.055795055517207,13.617526352298714,15.234343515082768,19.424848023395075,19.269201234878032,2.84,16.0,-0.83,0.76
RTX,2020-02-10,86.3220849302662,86.51923996967432,84.87078615204564,85.736083984375,6419878,14.975491407794816,13.629666083282101,15.193385580281173,18.888873471754504,19.224107878843053,2.84,13.0,-0.77,0.8
RTX,2020-02-11,86.65070582185558,86.77118986336878,84.81604465695649,85.02415466308594,8577104,15.189398306594926,13.759772607083331,15.267956035500674,18.907131760834968,19.246889362021207,2.84,18.0,-0.71,0.73
RTX,2020-02-12,84.96937696995138,85.31440333589497,84.09860151631804,84.98580932617188,9167100,15.155422104883304,13.750007040944068,15.266348214033412,18.851115257816364,19.225282756216515,2.84,18.0,-0.64,0.74
RTX,2020-02-13,84.75745518462239,85.09862002402501,84.14665791700392,84.22369384765625,5420874,15.431761746900793,13.800431191793837,15.150341140383357,18.88116502450106,19.24943334798113,2.83,13.0,-0.55,0.79
RTX,2020-02-14,84.23470149334914,84.76846283416008,83.95406869511342,84.44380187988281,6175331,14.048180997918697,13.799697555198515,15.151454009821775,18.849486952276358,19.248320913328534,2.82,14.0,-0.45,0.79
RTX,2020-02-18,83.75046063489475,83.77247471172683,82.73797320299589,83.24421691894531,4553280,14.658969115808224,14.089038080359344,15.347909050562055,18.822594078721107,19.103383211346987,2.81,22.0,-0.34,0.67
RTX,2020-02-19,83.39278763683144,83.62389540609085,82.61140802625259,82.91405487060547,5339993,14.677664086724123,13.894673809185898,15.305469185532075,18.827877750360226,19.099326413815763,2.8,22.0,-0.22,0.69
RTX,2020-02-20,82.7544651185306,82.94705489276478,81.40081316813047,82.48483276367188,5380831,14.720861112360403,13.919316401555545,15.323494382565917,18.7121220179898,19.107020405100876,2.79,23.0,-0.09,0.67
RTX,2020-02-21,82.35278726341038,83.42580674044152,81.83553650674241,83.37628173828125,6796948,15.073497412519735,14.073668238936838,15.328536265202807,18.670921177523777,19.054418973061836,2.78,24.0,0.06,0.68
RTX,2020-02-24,81.10368494258853,81.53288604350728,80.08568736099103,80.65796661376953,10190257,17.817457179655904,15.671056143194342,16.26671873436208,19.099050334379452,19.32447683802358,2.76,27.0,0.23,1.12
RTX,2020-02-25,80.83956525363246,81.17522658271545,76.18431479059592,76.38240814208984,12089748,23.399181968846243,19.209524062906123,18.18901853571828,20.179267389398735,20.091449970938875,2.73,41.0,0.29,4.89
RTX,2020-02-26,77.14727047929452,78.78706568446312,75.98620805813859,76.14579010009766,13401785,23.36710044303016,19.176921196606138,17.730413636330077,19.8171708665558,20.074894018836083,2.69,37.0,0.23,5.56
RTX,2020-02-27,74.8251487838214,75.63954282892009,72.70662089441798,72.73413848876953,16203986,26.46482681299463,21.251787628881154,19.18753422907936,19.984656208738244,20.59940071284074,2.66,43.0,0.15,5.22
RTX,2020-02-28,69.96080090163392,72.09583274730105,69.24545683068743,71.85921478271484,19610008,26.46586684265422,20.90973528495326,19.13405798040181,20.013179937563883,20.612245965600074,2.63,43.0,0.19,5.16
RTX,2020-03-02,72.35996181604615,73.8071605186925,70.57159162783718,73.77413940429688,14433840,27.638986740358597,21.624326807455788,19.5768324789886,20.236639598159314,20.77632151799801,2.6,50.0,0.15,4.79
RTX,2020-03-03,73.70261107878953,76.0412399100176,72.28292322194079,72.9267349243164,14444010,27.551240096453743,21.685253245838815,19.527508873669095,20.282426134739865,20.810251456158454,2.57,48.0,0.03,4.87
RTX,2020-03-04,73.97773854469203,76.94917169906093,73.03678360065324,76.50895690917969,9077480,31.512750444867237,23.89636591293222,20.90435529915605,21.019730556615276,21.348751461199896,2.54,85.0,-0.04,4.83
RTX,2020-03-05,74.33541178708394,74.55551919553467,68.89878881754585,69.57561492919922,13601522,41.2189290030838,30.600873351546465,25.720663282403905,23.77029519695016,23.381924163673766,2.61,100.0,0.44,12.14
RTX,2020-03-06,66.94534300523416,69.95530112248301,66.03190555423373,69.59762573242188,13614711,41.22239902989181,30.60022432686356,25.576399198823342,23.769999069751353,23.36960393902138,2.67,99.0,0.78,12.38
RTX,2020-03-09,63.51168265563391,65.51465001813133,61.910405466865924,63.478668212890625,13778378,48.10442267592063,35.69508969497517,29.404633027378864,25.966793984834034,25.119502515515947,2.85,100.0,3.11,11.33
RTX,2020-03-10,65.90534147852223,66.30153481417865,62.47167924469768,65.68523406982422,14774045,49.69246473106982,36.37745826336673,29.942665526509543,26.265945678504465,25.302753171174245,3.05,100.0,3.36,10.62
RTX,2020-03-11,63.731795138863426,64.28756387458188,58.757387443387664,59.15908432006836,16346679,56.683589246176155,41.68028619612436,34.13380597836185,28.98639889411827,27.357324201476523,3.41,100.0,5.36,9.98
RTX,2020-03-12,51.791030625524414,60.023008880326515,51.064676071371366,56.402259826660156,30644501,57.52331756821385,42.56566734813445,34.820923365900136,29.495094172816742,27.713132894452468,3.75,100.0,6.53,8.9
RTX,2020-03-13,60.00649115572203,60.95294970205093,54.228699879947214,57.99802017211914,26649596,58.45038489178669,43.10045690037166,35.1423797214711,29.676874348793064,27.859648817310028,4.08,100.0,6.11,8.68
RTX,2020-03-16,52.47335380967036,54.55335719020817,49.843081896151205,50.035675048828125,19586014,70.33805200927249,51.99700403422405,41.95360584945412,34.35402089239226,31.494360874836474,4.67,100.0,7.18,11.3
RTX,2020-03-17,50.10720836274475,51.42234601102272,45.5675153979415,51.0866813659668,25522359,71.04895727503455,52.3323268704725,41.93679206884938,34.4324542261179,31.558504962707346,5.18,99.0,6.57,11.32
RTX,2020-03-18,47.23482555588728,47.278847043029,37.979352913136395,43.69111251831055,36292760,81.0067042391955,60.46099995815204,48.39811285744388,38.965840991182525,35.16912251779269,5.93,100.0,7.01,10.83
RTX,2020-03-19,43.59757775857806,47.047744966768526,39.71819930033717,46.09028244018555,25171667,83.17870833813792,61.78611491426045,49.06319705670495,39.519469113601936,35.59100713472866,6.61,100.0,6.15,10.32
RTX,2020-03-20,46.69005305133453,48.88561337578816,40.323476127441936,45.41343688964844,22923550,82.8846066296087,61.74588239545843,49.08535422404187,39.5272986537898,35.58795437703493,7.21,100.0,5.34,10.26
RTX,2020-03-23,44.02676286326075,44.070781000610395,39.78421426736635,41.24241638183594,19084526,85.3090231156029,64.20870653620189,51.15279171966943,41.05515726964413,36.808038090716984,7.84,100.0,4.84,8.56
RTX,2020-03-24,44.076292254315106,48.120748267840966,44.02677059030577,47.74106216430664,20411023,98.50779909396535,71.8096683456302,56.60420417610538,44.68223095166856,39.68093552640086,8.63,100.0,4.04,8.35
RTX,2020-03-25,48.35736558454257,55.125637374542606,47.47694253489903,52.930076599121094,19096125,104.71424496259971,75.40317922269773,59.08414053577894,46.38863719237784,41.029608429444906,9.44,100.0,3.39,7.38
RTX,2020-03-26,53.92604879580836,57.77241138497962,53.37578363844147,57.57981491088867,23079589,108.59465226477141,77.70052311593233,60.71760545551801,47.48625377062138,41.904290579009725,10.22,100.0,2.92,6.67
RTX,2020-03-27,53.92605785767381,55.97855384378128,53.11166368689439,53.45833206176758,16126443,110.02519358555602,78.94309315744181,61.62923470713706,48.2580255391581,42.537088617307056,10.97,100.0,2.42,6.14
RTX,2020-03-30,52.869541262319174,54.88901584047732,52.115675910175064,54.195682525634766,12019832,110.22750485211843,78.82541047603266,61.67464699491904,48.236362515168295,42.54059778544782,11.66,100.0,2.0,6.12
RTX,2020-03-31,53.529862731754804,54.58637164433791,51.65345620648069,51.906578063964844,11616702,110.53337129078923,79.14430193699374,61.97890686949354,48.48569310975439,42.6128843750392,12.31,100.0,1.6,5.92
RTX,2020-04-01,49.23779211092868,50.62446225388238,48.604987416781746,50.277793884277344,19658472,110.57106826969645,79.26474471979114,62.11979904462927,48.615478104571466,42.71441175510681,12.91,100.0,1.25,5.81
RTX,2020-04-02,49.32032963720842,50.76202824927819,46.83312910845651,47.328369140625,20980044,111.23038746331173,79.96390072654816,62.732620737329405,49.040410706100054,43.120104180982025,13.5,100.0,0.94,5.47
RTX,2020-04-03,44.59299166848119,46.60404748839793,42.01359246370134,43.657413482666016,18932300,112.2939547508746,81.24471098007558,63.8528880374944,49.892982333768856,43.822587739958884,14.07,100.0,0.71,4.96
RTX,2020-04-06,47.63581151555641,51.50053954713342,46.02696604577406,50.328880310058594,28777500,121.81913014126653,87.0713056197345,68.06052661697466,52.74341763749148,46.124051421070234,14.73,100.0,0.46,4.65
RTX,2020-04-07,54.57833346321068,56.38828439123022,50.03159883049425,50.50375747680664,27110200,121.37437648278046,87.10344749035211,68.0666287049521,52.742250096371535,46.12664094707074,15.35,100.0,0.23,4.65
RTX,2020-04-08,51.01962275242918,55.94233977218038,50.62615788285865,54.75319290161133,26540900,124.41350387709436,88.98141846209234,69.40459941963798,53.60822716328356,46.8449367314006,15.96,100.0,0.05,4.24
RTX,2020-04-09,58.58294859183965,59.54475686139992,55.53138756325675,56.58063507080078,24734300,124.58804271625561,89.35278459536194,69.6396144680582,53.761044393007076,46.96590730559664,16.55,100.0,-0.11,4.15
RTX,2020-04-13,56.16094166906377,56.3095833746687,52.541037164669916,54.06244659423828,15181800,125.05078369392004,89.68902655987598,69.92859377616938,53.97512125875659,47.1671280421564,17.1,100.0,-0.27,4.03
RTX,2020-04-14,55.63632856642062,57.13150155210712,54.73572253496105,56.895423889160156,16758300,125.87035268699844,90.4141232625885,70.47518695729093,54.33360206968859,47.41495720313368,17.64,100.0,-0.4,3.85
RTX,2020-04-15,56.83421845160384,56.93039997035046,53.537833381154805,54.4996452331543,16662100,126.26300581562468,90.68507886459646,70.7521384132491,54.55541417276118,47.598886404606745,18.15,100.0,-0.53,3.74
RTX,2020-04-16,54.61329929374691,54.84063798556733,53.599027443346465,54.604557037353516,14108100,125.13613301042376,90.69096030671304,70.74753352748789,54.55678970589103,47.594716499829616,18.63,99.0,-0.65,3.75
RTX,2020-04-17,56.615615480938814,58.145767250693915,56.11722345705587,57.7697868347168,14111000,124.01692637046959,91.62357115949868,71.37962667880745,54.969972397653,47.938860877474745,19.11,100.0,-0.74,3.55
RTX,2020-04-20,56.39702495896764,58.52175035216605,55.71501549192935,56.81672668457031,10564000,124.03686279722754,91.63806691021719,71.40394900763295,54.98179782910096,47.954318259734926,19.56,100.0,-0.84,3.54
RTX,2020-04-21,55.62756932134434,56.44073922885664,54.34224420380799,54.7794303894043,9877400,121.74324883974703,91.84126646458155,71.59443365427211,55.13450678488409,48.08534890289926,19.99,100.0,-0.93,3.47
RTX,2020-04-22,56.23963450821912,56.746772119341315,55.172899074800796,55.47893142700195,9439900,121.30238885292637,91.91781933009105,71.63190398604416,54.9732438732709,48.047023205280674,20.39,100.0,-1.02,3.46
RTX,2020-04-23,55.863657187751116,56.729284074690604,55.30405933448391,55.33903503417969,9320000,117.61364754385106,91.83968340266114,71.61921875500765,54.892224224037214,48.046841031407425,20.78,99.0,-1.09,3.46
RTX,2020-04-24,55.94235288364928,56.02979213607622,54.64828196692839,55.461448669433594,8557100,116.82291187989824,91.84870769852978,71.62566461992324,54.89270154431144,48.04755249896302,21.14,99.0,-1.17,3.46
RTX,2020-04-27,56.33582596794258,57.201452959992665,55.81994600892013,56.895423889160156,8305700,116.77469273904646,92.04190037772143,71.71014464157508,54.932257142639216,48.11416617195877,21.49,100.0,-1.23,3.44
RTX,2020-04-28,58.16325518847891,58.836525742530156,56.66807902880579,57.17521667480469,10477000,108.13409611884752,91.9901737179849,71.71669715659347,54.937034050037845,48.10621677132018,21.83,100.0,-1.28,3.44
RTX,2020-04-29,58.88896945770564,60.1480676271522,57.76102845939824,59.369876861572266,10327900,108.46589556484581,92.42261310689985,71.99728216897161,55.0562322273749,48.260574282178126,22.15,100.0,-1.33,3.35
RTX,2020-04-30,58.97641429365192,58.97641429365192,56.57189025146411,56.66807174682617,12472200,98.47764514715178,92.64608088942676,72.31817600090928,55.3123554480232,48.47128670308549,22.45,100.0,-1.37,3.24
RTX,2020-05-01,55.522649039115784,55.618830539629776,52.6547085497988,53.432899475097656,13680400,99.41032492865959,93.1244662631594,72.80690575973674,55.57298107860306,48.79933330093988,22.75,100.0,-1.43,3.08
RTX,2020-05-04,52.4798429145104,52.488585172748806,50.33762941569558,51.456825256347656,15623300,100.02437448442593,93.29280949751187,73.00175148336167,55.73854845571531,48.91262530711857,23.04,100.0,-1.48,3.02
RTX,2020-05-05,52.68967847153569,52.87329920740617,51.47430138962104,51.58797073364258,12776400,95.38873254752293,93.28483692932195,73.00974841131278,55.72228367682992,48.906728430567846,23.31,100.0,-1.52,3.01
RTX,2020-05-06,51.850288860008064,51.92898251884728,50.495012144858386,50.643653869628906,8822100,86.04156691819081,93.29626399777885,72.99053402002426,55.732398947483894,48.82411373155854,23.56,98.0,-1.56,3.02
RTX,2020-05-07,51.26446259086896,51.79783037016414,49.34958460713926,49.84797668457031,26893800,80.6194772234316,93.30742025628,72.94725127813874,55.75685724282218,48.826583896902505,23.8,97.0,-1.6,3.03
RTX,2020-05-08,50.46878718083657,51.36938988508964,50.145266919598676,51.2994384765625,10177300,76.98574595967858,93.61094689930928,73.14171952980142,55.867824056795016,48.92027104027749,24.03,100.0,-1.63,2.97
RTX,2020-05-11,50.46878542921884,50.652402867029664,49.25340809970919,50.15401077270508,10652600,74.28755132326891,93.65594838883803,73.1874035060541,55.9168159296999,48.964459199895074,24.24,100.0,-1.65,2.95
RTX,2020-05-12,50.171487948894935,51.09832053423618,49.59440231323242,49.59440231323242,10906200,74.17725085179526,93.62787871584284,73.19420522491995,55.77926324050738,48.831832338190864,24.44,100.0,-1.67,2.95
RTX,2020-05-13,49.043549500609004,49.043549500609004,46.49912587473858,47.30354690551758,13948000,74.38147484473936,93.95316677611393,73.50206354723964,55.9960060371537,49.01772437038538,24.63,100.0,-1.69,2.86
RTX,2020-05-14,46.46112329197706,47.5549503826997,45.10266501101323,47.51084518432617,16745200,73.90286956882034,93.98939617174827,73.49306933474725,55.99754602660041,49.021176599395886,24.81,99.0,-1.7,2.86
RTX,2020-05-15,46.7875109692169,46.99039758157642,45.570187930048725,46.51405334472656,22048800,72.05230636065106,94.0169182134791,73.51562985711023,55.99121002610406,49.03155783838912,24.98,100.0,-1.71,2.85
RTX,2020-05-18,49.08983601478917,51.70972247709909,48.97515980741195,51.07460021972656,19741400,72.90311521035163,96.28366924348349,75.17495457584586,57.06410139080984,49.94027285006125,25.15,100.0,-1.72,2.55
RTX,2020-05-19,51.06578096792699,53.050545320824554,50.63354528214667,51.109886169433594,14442300,60.23511583163078,96.15837456226338,75.17834298153365,57.05806029915491,49.9406637781703,25.31,100.0,-1.72,2.55
RTX,2020-05-20,51.789115924313144,52.10667875233321,50.88935569992667,50.98638916015625,10344800,60.234185266091764,95.66534858846833,75.15340886331145,57.05021929641072,49.899148127420375,25.45,98.0,-1.72,2.55
RTX,2020-05-21,51.427455411325724,53.11229989286706,51.339244997322936,53.01526641845703,10309900,56.48514636624835,96.12211337500439,75.47455773814255,57.2160342982507,50.06202362147375,25.57,100.0,-1.72,2.47
RTX,2020-05-22,53.27107300133211,53.60627857915533,52.3360306450515,52.92704772949219,6510700,55.56307780136699,95.76645832822304,75.4753088644122,57.18172377178444,49.93120135982523,25.68,100.0,-1.71,2.47
RTX,2020-05-26,55.18526546749593,57.82279796034038,55.00884131541419,56.87010955810547,15937800,57.97663344965089,97.04880154864959,76.43834348946127,57.83628264818114,50.4554818525981,25.79,100.0,-1.69,2.26
RTX,2020-05-27,59.101872561298144,59.97516700279761,57.487595919418496,58.79313278198242,13951600,56.87716714514836,97.15166219887168,76.55259225508509,57.978981038300034,50.559754667205695,25.88,100.0,-1.67,2.23
RTX,2020-05-28,60.672037542429095,60.672037542429095,58.34324799716157,59.34003829956055,12683200,55.35143722605994,97.17419339775999,76.57574469663413,57.99219528072541,50.568811261997816,25.96,100.0,-1.64,2.23
RTX,2020-05-29,57.866903552026926,58.74902100474082,56.57901287866729,56.914215087890625,13950600,56.8405502657957,96.88636139468137,76.81029725111507,58.157636861648555,50.72981610199341,26.03,100.0,-1.61,2.17
RTX,2020-06-01,57.337643350094126,58.255046451298405,56.51727372219185,56.56138229370117,11314000,54.42402775827284,95.05251117257203,76.81107791153532,58.14122418044787,50.7083056263911,26.07,100.0,-1.58,2.16
RTX,2020-06-02,56.19088503292433,56.6319404148513,55.185271628307106,55.92625045776367,14938400,54.31004447212181,95.06263026194452,76.81485008730775,58.14828812374262,50.71654444668864,26.1,100.0,-1.55,2.16
RTX,2020-06-03,56.89657438269413,59.745816650199934,56.84364949036376,59.51646423339844,15875900,56.13292424858991,94.18927213399544,77.5283714611314,58.637030930023705,51.06669777274989,26.12,100.0,-1.51,2.01
RTX,2020-06-04,59.19009017734388,59.83403899268294,58.493216459108524,59.551761627197266,10135000,56.056518165452395,93.90356621613148,77.51963614360247,58.63440758533305,51.041865894135775,26.13,99.0,-1.47,2.01
RTX,2020-06-05,62.65681182698282,65.04734970682564,62.630349375881224,63.574214935302734,14203100,58.92205994051388,92.38936959310188,78.28062735541492,59.15992482637809,51.46692600097554,26.13,100.0,-1.42,1.86
RTX,2020-06-08,63.95352072466899,66.09706658505536,63.95352072466899,65.41783905029297,11945500,59.32271200473627,91.98624030723073,78.43787996053298,59.26285066125515,51.54726236140902,26.12,100.0,-1.37,1.82
RTX,2020-06-09,64.0858515367775,64.0858515367775,62.198120218217895,62.22458267211914,9964900,61.12227675577715,92.45173833514225,78.79688362249769,59.52801630622029,51.69090558925977,26.1,100.0,-1.32,1.74
RTX,2020-06-10,61.8717276935496,62.00404667905798,60.0281051468752,60.30155944824219,9765900,61.923228880399286,87.38831993665956,78.89640915087962,59.63645856158386,51.62868903953398,26.05,100.0,-1.26,1.72
RTX,2020-06-11,56.44669486573142,57.963934531304574,55.41461574038898,55.441078186035156,13709000,65.7230332119294,89.10630158376195,79.91514034829144,60.43785973363567,52.29245896227391,25.99,100.0,-1.2,1.55
RTX,2020-06-12,58.19330121521126,58.28151163233891,55.8909736590552,57.664031982421875,9589500,65.40647643233604,83.13482480262694,80.2105406873852,60.61648479320155,52.4416846189124,25.92,100.0,-1.13,1.49
RTX,2020-06-15,55.57341661908488,59.772298870266944,55.07942948217756,59.14599609375,13553100,63.282470095585055,82.62794276295136,80.34433271476327,60.69464266610698,52.504234251231054,25.83,100.0,-1.06,1.46
RTX,2020-06-16,61.4130052364138,61.83641774669642,58.26384692985227,59.825191497802734,11523900,62.102526259697434,82.54574737673218,80.37748641933618,60.70749798740667,52.51160364809496,25.72,100.0,-0.98,1.45
RTX,2020-06-17,59.983999939785946,60.1604207770112,58.77549634172002,59.013671875,9294400,62.33581186106599,79.92511133842142,80.39387988600036,60.724796356486074,52.491390601772125,25.59,100.0,-0.89,1.45
RTX,2020-06-18,58.0697830766197,59.481169400952204,57.87571619514507,58.996002197265625,6431100,61.97569018502963,74.38427597407603,80.37714610728443,60.683175609935034,52.49112128081047,25.45,98.0,-0.8,1.45
RTX,2020-06-19,60.30155724059396,60.30155724059396,56.870120453490706,57.24060821533203,19144400,62.53470641859246,71.72733430720949,80.45058006559859,60.71435968269987,52.50874659795283,25.28,100.0,-0.69,1.44
RTX,2020-06-22,57.17004241453696,57.70813471634831,56.39378130980389,57.37293243408203,7566100,62.11757586176958,69.61737049078111,80.45449418141544,60.71032750152215,52.50176497887436,25.1,100.0,-0.58,1.44
RTX,2020-06-23,57.74341219738217,58.02568953529393,56.596663456500515,56.93186569213867,6935100,61.718586249655225,67.9022307778708,80.43577034047277,60.683876916250526,52.49287939543619,24.9,98.0,-0.46,1.44
RTX,2020-06-24,56.446701134018824,56.4643438880791,53.87091624641068,54.44429397583008,9880500,63.19033829995411,68.48911624984856,80.62749628247606,60.89941538830445,52.66951545233166,24.68,100.0,-0.33,1.4
RTX,2020-06-25,53.73859179861324,54.14436837063672,52.89175988006245,53.862091064453125,12717400,61.52310086223138,67.93519017182949,80.63333642403595,60.890061249351,52.67117462173172,24.45,100.0,-0.19,1.4
RTX,2020-06-26,53.82681177637594,54.179656767349975,51.99200570927023,52.13314437866211,17537900,62.44832063532271,67.95056058028729,80.66270212214239,60.987818655163586,52.75544442658309,24.21,100.0,-0.03,1.4
RTX,2020-06-29,53.094649456697866,54.62071228027344,52.75062418083548,54.62071228027344,8908700,63.24341435184028,67.38173610922132,81.00187343947437,61.22552790868354,52.960901669419805,23.95,100.0,0.12,1.33
RTX,2020-06-30,53.85327995741695,54.5677964400847,52.99762815534631,54.35608673095703,10746400,57.4900546701141,65.14070416031217,80.99146095113876,61.18867030658881,52.95325223935673,23.66,99.0,0.29,1.33
RTX,2020-07-01,54.497225531195475,55.485199689208784,54.01206151280254,54.347267150878906,6860300,57.49237156993592,58.39151272663343,80.98292350534717,61.18895085303496,52.95015655310677,23.36,98.0,0.45,1.34
RTX,2020-07-02,55.28230734588184,55.979181044489216,54.356084556156496,54.506046295166016,8238300,57.477148311264514,58.39073945530304,80.99049162727589,61.19008534301468,52.94409399009415,23.03,98.0,0.62,1.34
RTX,2020-07-06,55.62633329321309,56.30556420292934,54.797140651865554,55.855682373046875,6128200,56.818253733808454,56.214962878000485,81.11848159328055,61.26468373721029,53.00521616607505,22.67,100.0,0.8,1.31
RTX,2020-07-07,55.16762755625312,55.423442430966574,53.756237580773146,53.81798553466797,8783000,57.92383949842641,56.316723801727875,81.28445707225544,61.391245236330086,53.11582907811591,22.3,100.0,0.98,1.28
RTX,2020-07-08,53.70331268601251,54.373720484732445,53.103472535310466,53.81798553466797,9306900,53.837724940852624,55.54109687236151,81.28451269925309,61.38405929863148,53.11530739216068,21.9,100.0,1.18,1.28
RTX,2020-07-09,53.50924058375741,53.70330748578405,51.21573672257856,51.25984191894531,10778900,54.43205601702792,55.380154761202974,81.57818310791482,61.61385574384143,53.328076750663875,21.47,100.0,1.33,1.22
RTX,2020-07-10,52.133141382519845,53.10347262320801,51.842044365821174,52.6094856262207,10458000,55.014257631377674,54.98743201253706,81.71174193051073,61.63834029965663,53.39173123304952,21.01,100.0,1.51,1.19
RTX,2020-07-13,53.174041567849294,53.632743069447905,51.81558318178127,52.35367202758789,7440800,53.8425452308853,54.99181775078146,81.71169450353217,61.630848973662076,53.358294412147615,20.53,99.0,1.66,1.19
RTX,2020-07-14,52.044926812318664,53.421031173336424,51.559762913341594,53.34164047241211,7256800,54.18752011572057,53.852996558342916,81.79521750427219,61.59685407192167,53.39513168458529,20.01,100.0,1.76,1.18
RTX,2020-07-15,55.00002024879488,55.767464833390655,54.73538569359435,55.520469665527344,9036900,55.44615994488922,54.414435241307956,82.06457374147826,61.79825611707091,53.554062358920326,19.45,100.0,1.57,1.13
RTX,2020-07-16,54.95591409869611,55.405795863255754,54.206115644444544,55.017662048339844,5684100,52.22386888865389,53.924751088946124,81.93635104217397,61.80344838434883,53.51288093915748,18.88,99.0,1.45,1.15
RTX,2020-07-17,55.105878415153136,55.22937432028216,54.435467265865476,54.867706298828125,10789100,52.214984147101426,53.863219212852286,81.53306208849129,61.80023228848486,53.503421543850834,18.32,94.0,1.59,1.23
RTX,2020-07-20,54.49721610867789,54.717745475728236,53.65038414680722,54.170833587646484,6688300,48.11017902296013,53.92324181105519,81.54691912802224,61.78838006193585,53.50810490954465,17.7,94.0,1.68,1.22
RTX,2020-07-21,54.69128522869942,55.99681873035735,54.541326868277736,55.61750793457031,7395200,47.977610619106805,54.19865200820152,81.39584607732068,61.879741874588056,53.57599795879507,17.08,92.0,1.95,1.25
RTX,2020-07-22,55.22054059758976,56.217334070084384,54.84122989650802,56.12912368774414,5758700,46.227864324318176,53.97330959384301,81.40318678343186,61.83199798849239,53.562062568115955,16.41,92.0,2.25,1.25
RTX,2020-07-23,56.09385274683109,56.74662118659709,55.46755012064414,55.679256439208984,6043300,45.49035909596349,53.98598583755455,81.27669510047102,61.82950470505113,53.56509142591281,15.7,88.0,2.4,1.28
RTX,2020-07-24,55.75863832141974,56.42904940908563,54.50603326737617,54.75302505493164,6058900,38.70544649946292,53.49526199423027,81.29521291244825,61.851842153898204,53.56185102662676,14.93,90.0,2.55,1.27
RTX,2020-07-27,54.382552137708885,54.558972968138185,53.50043452551579,53.88856506347656,10194300,37.05389423150452,52.751959540638516,80.91025628902516,61.8700442785225,53.580493018376394,14.14,81.0,1.2,1.34
RTX,2020-07-28,54.46193436644714,54.532502014614586,52.70651911125808,53.809165954589844,13111800,36.1193308406817,51.35204743314379,79.56939584740225,61.8671656211444,53.5801610331698,13.44,68.0,1.07,1.53
RTX,2020-07-29,53.54453735876514,53.800352262560175,52.097865077320996,52.39778518676758,11162500,36.46462942863711,51.05248049110711,79.65906351451946,61.93262893520314,53.6397622068346,12.66,68.0,0.67,1.51
RTX,2020-07-30,51.709722291082876,51.7361881019276,50.518865118408705,50.686466217041016,12292100,37.32497388230317,51.50908215824443,78.52184848789537,62.03920906316011,53.72264121889506,11.95,64.0,0.73,1.67
RTX,2020-07-31,50.59825703062208,50.61589978327006,49.495610227705846,49.998416900634766,11437200,37.37754578070574,51.44599548023548,78.32401677587889,62.051413032796155,53.72355648881435,11.2,62.0,0.63,1.71
RTX,2020-08-03,49.813175925855724,50.73939862086313,49.160407500177335,50.73057556152344,8789300,37.05744290483205,51.42862602647603,76.64356373136206,62.08433869603309,53.74328459757663,10.52,55.0,0.65,1.93
RTX,2020-08-04,50.915822792533874,51.08342390486492,50.38655027752165,50.73057556152344,7844600,37.029181808436505,51.086674834488655,76.28514229319282,62.080722546146426,53.606942596520014,9.81,51.0,0.61,2.01
RTX,2020-08-05,51.03049026763488,52.97114922153604,50.89817467658009,52.95350646972656,10115900,39.426577379310906,51.61987454425619,76.46682851472787,62.30050032508526,53.72925860172092,9.03,52.0,0.65,1.96
RTX,2020-08-06,52.48599158014041,53.28871837558916,52.30956740602844,52.812374114990234,5786700,37.33820730321604,51.56379406422607,72.75733526266971,62.300444970695125,53.728790187119756,8.45,33.0,0.71,1.94
RTX,2020-08-07,52.81237036783425,54.06497888664369,52.35366889369353,54.01205062866211,6263100,37.82326554192992,50.74581423292292,72.76967827558677,62.36915461485738,53.74304535703188,7.81,33.0,0.75,1.94
RTX,2020-08-10,54.250221766757676,56.84364915604382,54.12672586536518,56.65840530395508,10042600,38.94707940373495,51.59937558864568,68.66429790464369,62.63970263622033,53.96525850092129,7.38,15.0,0.84,1.33
RTX,2020-08-11,57.505237336868596,58.352069260910866,56.526086452502426,56.68486785888672,12120800,36.66302994076404,51.356938629802016,68.17878280254732,62.6357962181936,53.91185350045088,6.96,14.0,0.99,1.47
RTX,2020-08-12,57.452309689558724,57.46113274886324,55.90860744737442,56.711334228515625,7327000,36.618589876044325,47.7903879673526,68.12572259875574,62.63400205762926,53.90596848387992,6.5,13.0,1.15,1.47
RTX,2020-08-13,56.04038377851613,56.91129321799729,55.67602367230403,56.253665924072266,9452000,36.72046801907381,47.83263232532614,66.29152284731957,62.638131750813784,53.79045812224683,6.11,10.0,0.62,1.59
RTX,2020-08-14,55.80931109161237,57.08901383533581,55.622688410455204,56.55580520629883,5124400,36.73747623241428,47.83128311282621,62.18930605060097,62.64008994722692,53.793468235220274,5.96,7.0,0.73,1.2
RTX,2020-08-17,56.50248853635007,56.76909286105533,55.702672172176385,55.78265380859375,6408400,36.30511322590422,47.293725861486934,60.06619482228152,62.65034701846126,53.79741617173354,5.94,1.0,0.74,1.37
RTX,2020-08-18,55.738226777548654,56.13813161591222,55.125033030615676,55.18724060058594,4727700,34.73081224387248,47.350764651372224,58.57180997623806,62.658526978780195,53.7895991214566,5.99,1.0,0.78,1.62
RTX,2020-08-19,55.116150689047586,55.9070784560738,54.654034865491695,54.77845001220703,5381200,34.81314097194807,44.990792690102396,57.37564427007747,62.61339245187859,53.79344288775263,6.1,1.0,0.79,1.79
RTX,2020-08-20,54.20969100702814,54.5829364326354,53.62316005960361,54.2008056640625,4689200,31.741448008559107,44.47501800156119,57.36026508617035,62.616591469107675,53.79870172382163,6.21,1.0,0.79,1.81
RTX,2020-08-21,53.916418734179096,54.45851613533996,53.52539926959886,53.56094741821289,7067400,31.13145373273069,44.47048282782429,56.97483934378656,62.620789775143884,53.80640786214723,6.33,1.0,0.83,1.9
RTX,2020-08-24,53.676482434712206,55.13392276927389,53.436537493281925,54.99173355102539,6379800,31.95974435301129,44.04010370996393,56.887217522666745,62.7060068670495,53.76023945105548,6.46,1.0,0.92,1.87
RTX,2020-08-25,54.52962041643737,54.56516857025613,53.001083702816025,54.165260314941406,12678800,31.89515525504681,44.12686393091888,56.09256230912787,62.70313282908464,53.750702124314756,6.62,1.0,1.08,2.02
RTX,2020-08-26,53.88975738658363,54.138587637848836,53.312115247566844,54.005287170410156,8659600,29.618391319308923,44.074610212263394,54.53248552614366,62.70214886845522,53.74721529710964,6.83,1.0,0.75,2.21
RTX,2020-08-27,53.9964081830476,55.06282906529907,53.65871089254715,54.120826721191406,8749800,29.527771140839555,42.09346573412735,49.692318795441246,62.70272101344446,53.71353321846978,7.25,1.0,0.84,0.52
RTX,2020-08-28,54.31633283752087,55.56937639693325,53.880879834849175,55.31166076660156,18550100,30.215877062199276,42.362990899844476,49.80277430240106,62.7411369533607,53.718374600640416,7.63,2.0,0.93,0.48
RTX,2020-08-31,55.26722606124316,56.493610249705355,54.13859760092731,54.209693908691406,10885700,30.564342313491682,40.19023063559813,48.23453542698857,62.74623324576131,53.74835901768796,8.04,1.0,0.93,0.51
RTX,2020-09-01,53.93419356978897,54.520724469967476,53.42764431009199,53.92530822753906,9308800,29.55436136264586,39.66153148518174,47.95075465382019,62.74721887079961,53.742873020093285,8.45,1.0,0.95,0.6
RTX,2020-09-02,54.20968997093939,55.23167728543124,53.996404453198565,55.09837341308594,7511900,30.136163273684126,38.75416457778127,47.52683494943784,62.80792871596418,53.763291779730814,8.84,1.0,0.95,0.64
RTX,2020-09-03,55.26721313798424,56.164785168302565,53.694243292129606,54.08526611328125,8515700,30.512963341320344,38.426680544827846,46.91058618272476,62.83648885828885,53.7675857220765,9.23,1.0,0.99,0.78
RTX,2020-09-04,54.64514536502332,55.2849951266051,53.26768334245849,54.36076354980469,6785900,30.184851440749384,34.41251435010929,46.419832111124585,62.84078570324607,53.76773762447996,9.61,1.0,0.99,0.87
RTX,2020-09-08,53.65870850274186,53.84533121655813,52.27236107855304,52.65449523925781,10523800,31.242432116421504,34.00067072501408,46.69325346058849,62.92950216418802,53.85364983227726,9.96,2.0,0.96,0.81
RTX,2020-09-09,53.116621651174356,53.59651163112546,52.3345790975569,52.94777297973633,7560700,31.295075301744717,33.57106836740334,45.810760710131554,62.930066645468294,53.8580085331764,10.32,1.0,1.02,0.99
RTX,2020-09-10,53.58761943736359,54.814003732504084,52.77003216730916,52.894447326660156,8670400,30.30803068199622,33.45778486098895,45.740998152271004,62.927889719024876,53.83286803890055,10.67,1.0,1.04,1.0
RTX,2020-09-11,52.87667131223193,54.120829640307925,52.7878043131088,53.898658752441406,9780900,29.031404148497725,33.63784727932074,45.48116673672047,62.978037194133094,53.85638118704668,11.0,1.0,1.04,1.05
RTX,2020-09-14,54.45851876588802,55.30276869093249,54.28078479434873,55.071712493896484,6548600,29.167692490402636,33.96732755476126,45.566339567051486,63.03050860713129,53.901875862591645,11.31,2.0,1.05,1.01
RTX,2020-09-15,54.86731957871145,55.489395303026214,54.17414415866888,54.600711822509766,7069300,29.158180249631684,33.46259966229458,45.58480952862265,63.03493750857309,53.90670215957076,11.62,3.0,1.05,1.01
RTX,2020-09-16,54.42297339794361,56.63579318544722,54.129706246073546,55.915958404541016,8873300,29.79352992686598,33.83538799553128,45.741682671600195,63.11041059329219,53.96251874500501,11.9,5.0,1.04,0.95
RTX,2020-09-17,55.30276877668322,56.884627568289716,54.707352512975305,55.818206787109375,6062800,27.34039901871656,33.80256775276634,45.56003563562065,63.11022864168011,53.960718846910126,12.17,2.0,1.08,1.02
RTX,2020-09-18,55.604923830083834,56.28032515822691,55.187241518996885,55.4094123840332,16814200,27.439736812707434,32.55340889222177,45.56667784189936,63.04596785091087,53.9642489207525,12.44,4.0,1.13,1.02
RTX,2020-09-21,54.72513855115229,55.604933430158134,52.992204826670026,53.33879089355469,8845200,29.006229517271393,33.419958611246166,45.54623935807063,63.18629813030252,54.07440199761899,12.69,2.0,1.28,1.07
RTX,2020-09-22,53.26768081413531,54.014174992263946,52.37011208796137,53.13438034057617,5883200,25.146238241763967,32.739405824760986,44.96089098424687,63.18403791214732,54.07461392507608,12.94,1.0,1.32,1.19
RTX,2020-09-23,53.1610389417631,54.10304453473073,51.81023981205893,51.8369026184082,7280000,25.965645119297935,31.677791904916514,44.15766575969347,63.23842281385787,54.125268830888075,13.2,1.0,1.28,1.29
RTX,2020-09-24,51.58807298500113,51.8280179204733,50.31725539531054,50.99265670776367,7737300,26.23077975525125,31.828216929522785,43.82726809565312,63.25731311687608,54.134046935419,13.45,1.0,1.26,1.37
RTX,2020-09-25,50.5394259696729,51.31258299851263,50.06842483421704,51.09041213989258,11955200,26.240146341231334,31.83357963708421,43.826417446951986,63.25772888824884,54.13107736277261,13.69,1.0,1.25,1.37
RTX,2020-09-28,51.62362570191227,52.938876901890204,51.62362570191227,52.334571838378906,5457500,27.308872983648406,32.237884020339415,43.892504187897266,63.32810948941867,54.1870554731843,13.92,3.0,1.3,1.32
RTX,2020-09-29,52.14794736665039,52.2457030927765,51.09041523595385,51.188167572021484,6362100,27.712229206714795,32.100416436836184,43.96306456781796,63.3687268637344,54.22624927888607,14.14,4.0,1.35,1.3
RTX,2020-09-30,51.19705330297323,52.085736739192015,50.74382285206902,51.13484573364258,7708400,27.615354835463464,31.225812713260648,43.726259894390104,63.368982158920616,54.1936944563973,14.35,1.0,1.35,1.4
RTX,2020-10-01,51.38367781136088,51.94354934501197,50.73493928699749,51.063751220703125,6525600,27.577834028812674,31.225492419371513,43.577239124801395,63.365849356049885,54.14134396514019,14.56,1.0,1.38,1.45
RTX,2020-10-02,50.22838721350874,52.77002233247798,50.21949848089237,52.734474182128906,8381200,29.205185534903304,30.321510129170377,43.83237681637983,63.48168967661364,54.24059417411201,14.75,5.0,1.49,1.34
RTX,2020-10-05,53.187707802500206,53.614278879253746,52.58340273216776,52.885555267333984,6077800,29.036382050777725,29.857131665175054,43.15490957579446,63.4776847031302,54.2173678282061,14.95,1.0,1.62,1.48
RTX,2020-10-06,53.15215237876068,53.83643896500121,51.92576840666352,51.94354248046875,7187200,28.316707965703248,30.070016322104586,43.25764369168996,63.5026131065817,54.242508480000815,15.13,2.0,1.71,1.46
RTX,2020-10-07,52.707819678149605,53.267687843080004,52.38789307529879,53.04551696777344,4925800,28.781249616284704,30.135077558414796,43.227632065631575,63.564140387996545,54.27217920695391,15.31,2.0,1.69,1.44
RTX,2020-10-08,53.161042549086396,54.07638539781673,53.036627411207505,54.031951904296875,4483000,29.297845582742255,29.217503021855467,40.720653669223275,63.61195423154851,54.29826878651755,15.51,1.0,1.78,0.94
RTX,2020-10-09,54.405204426139505,54.50296015259893,53.22325375539695,53.24102783203125,3996200,29.598739405754003,29.311669664374534,40.793091956735914,63.62831550505905,54.29177032989288,15.7,2.0,1.85,0.92
RTX,2020-10-12,53.17882086537229,53.925315142234766,52.929990569770965,53.79201126098633,5378900,29.028667520086852,29.39168660252212,40.8205829407758,63.631057041985116,54.27489822970595,15.88,3.0,1.95,0.91
RTX,2020-10-13,53.09884414417376,53.409882042551246,52.01464908687139,52.894447326660156,8836700,28.854404143152912,29.476434772750142,40.441286286649245,63.63055177466415,54.297159731199784,16.05,1.0,1.94,1.01
RTX,2020-10-14,52.68115399332058,53.62315967364083,52.61894642283379,53.26768493652344,5971800,28.909863144427415,28.989345690915858,40.45585749585091,63.640096043435875,54.30277507570411,16.22,2.0,1.95,1.01
RTX,2020-10-15,52.76114170425007,53.7653550704855,52.361233426540494,53.7564697265625,6166000,28.31009806251098,28.98901708038089,38.81464714849987,63.643579816020114,54.31014352824028,16.39,1.0,2.04,0.96
RTX,2020-10-16,54.209692827603114,55.13392446975333,53.88976622916201,54.87620544433594,8287700,28.453746615309512,29.273332099079507,38.58551540084004,63.64550540990106,54.34134319065226,16.56,1.0,2.28,1.02
RTX,2020-10-19,54.742891991966495,55.69378288768311,54.20968334784689,54.61847686767578,7373300,28.457757503755452,29.08610086470243,38.557540646947956,63.64613078009768,54.335426407904954,16.71,1.0,2.6,1.03
RTX,2020-10-20,55.080597459142794,55.37386461227849,54.24523627243252,54.4229736328125,5960800,26.823275022926254,28.90792311192002,37.99875522630899,63.59045080038616,54.321416593452554,16.86,1.0,2.71,1.19
RTX,2020-10-21,53.69425713630424,54.298562206568874,53.489860331664524,53.632049560546875,5647200,27.16825252783506,29.065281514136093,38.05478177352301,63.564581344948365,54.287765896616236,17.01,2.0,2.81,1.17
RTX,2020-10-22,53.525402406094926,55.960396487914,53.51651706344977,55.80931854248047,6990100,29.458016464712262,29.655158325401278,38.547996779057875,63.757964169682914,54.43596529138565,17.13,3.0,2.81,1.03
RTX,2020-10-23,56.04926881889521,56.68912203221993,55.47162318019278,55.60492706298828,5864600,29.047023096825264,28.803400621924496,37.236747452103145,63.753594299769475,54.373089483334866,17.26,1.0,3.17,1.11
RTX,2020-10-26,54.78733822690651,54.8762052194166,53.214368051057114,54.04084396362305,7596800,29.59670910309102,29.29555771389995,37.49751973029228,63.828374620585834,54.440651130765104,17.37,2.0,3.61,1.01
RTX,2020-10-27,53.11660599625295,53.14326541281773,50.15728871547221,50.23727035522461,14785900,36.24017129051615,32.87770373083598,37.69867235652578,64.3667338839139,54.90810389839923,17.47,3.0,3.65,1.04
RTX,2020-10-28,49.055330128575044,49.828483828307746,46.433713112172725,46.513694763183594,19787500,41.247832190409476,36.454867302488715,39.18995877555671,64.9600341985123,55.41907329174576,17.53,10.0,1.73,1.18
RTX,2020-10-29,46.65587546657179,47.52678473514085,46.14043750085615,47.224632263183594,14994500,41.693248980845595,35.44375158279067,38.57718744195876,64.99335917208835,55.42573804865868,17.59,8.0,1.39,1.37
RTX,2020-10-30,47.206867820561975,48.38881853408162,47.02913043784476,48.27328872680664,14571800,42.44348070092663,35.779062767306726,38.49884129467876,65.05808016295289,55.47756047577058,17.63,6.0,1.28,1.46
RTX,2020-11-02,49.23306765826732,49.76627640660034,47.90892774082309,49.544105529785156,9750800,42.11129325808007,35.88695800938545,36.454930869798865,65.13505415952872,55.49896268908022,17.69,1.0,1.1,0.99
RTX,2020-11-03,50.219501436742924,51.10818490742721,50.068426873954635,50.69050598144531,7740500,42.74231590647691,34.77049508399687,36.082296189081404,65.20615628874548,55.54920160739735,17.73,1.0,1.09,1.05
RTX,2020-11-04,50.974881159571204,52.067961351772404,49.89068630988268,50.494991302490234,8662000,42.184402652411336,34.76947161074342,35.829954196095834,65.20564186855303,55.54801929852458,17.77,1.0,1.05,1.12
RTX,2020-11-05,50.75271851884991,52.27236658878884,50.53943297339207,51.792476654052734,7446700,42.58306386335269,35.214455131690016,36.02673031341197,65.27109962569448,55.61256268369004,17.79,2.0,0.98,1.07
RTX,2020-11-06,51.21482588451593,52.29901733983625,50.868239896910204,52.04130172729492,7849800,42.59942759482527,35.21053888249958,35.98651894845874,65.17580396953106,55.6145392768149,17.8,2.0,0.97,1.1
RTX,2020-11-09,57.87107213505238,58.999697200198405,55.533833573800166,57.75553894042969,19021200,51.772690464097906,41.30546602478017,39.68897720868627,66.08956551612994,56.61409059600756,17.75,18.0,0.89,2.94
RTX,2020-11-10,58.741966304064356,60.563769828564176,58.430928496985665,60.33271026611328,14358600,52.47163600402459,42.135315304880415,39.998886719349535,66.30534332713073,56.7917338872107,17.7,19.0,1.23,2.79
RTX,2020-11-11,60.11943888715357,60.163868993164094,57.871070763490984,58.519805908203125,10124700,53.47527720991422,42.56938140129717,40.29979368157154,66.1850528656221,56.86701309381144,17.63,20.0,1.23,2.66
RTX,2020-11-12,57.18156712566886,57.86187229648136,56.6355309599787,57.280033111572266,8345100,53.97931806079034,42.783213836257715,40.42671264141313,66.21579154980405,56.90257014238072,17.55,21.0,1.21,2.6
RTX,2020-11-13,57.98719804648673,59.43732805377421,57.754459614096945,59.21354293823242,6824200,54.02591145089384,43.22645725961028,40.12205248245184,66.26122986566651,57.00537437767606,17.46,20.0,1.11,2.66
RTX,2020-11-16,60.47567500833309,61.80048562496363,60.108671045556676,61.46033477783203,12885000,54.882644289644254,43.747446374372146,40.49077658614207,66.4054904609189,57.127211557216484,17.35,25.0,1.38,2.48
RTX,2020-11-17,60.4398780310267,62.31967837272192,60.29665911539416,61.64832305908203,11134200,54.454213872991986,43.45954108484537,40.12385893071539,66.15201687858692,57.12871956768259,17.24,21.0,1.52,2.63
RTX,2020-11-18,62.3644370379497,63.841420229820415,62.06009254584715,62.22121810913086,13392600,54.27387853423035,43.33820469060378,39.492155160914805,65.21446614310868,57.13678089440024,17.12,18.0,1.61,2.91
RTX,2020-11-19,61.451382810922276,63.76084641833758,61.048565579278126,63.65342712402344,8929000,54.37920378622907,43.52469526660361,39.625583795917294,65.27303320763048,57.17631507152505,16.99,19.0,1.9,2.82
RTX,2020-11-20,63.37594271064181,63.6623873639249,62.34652989030659,62.44499588012695,5833800,54.53683130677486,43.75566091200026,39.76145566734095,64.39810888424012,57.20283095254259,16.85,21.0,1.72,2.76
RTX,2020-11-23,63.39386213304589,65.20204328599111,62.964191605455206,65.02301788330078,7208800,55.46870624991814,44.27383870994876,40.24181087821878,64.44945651220227,57.351851812470755,16.69,25.0,1.98,2.53
RTX,2020-11-24,66.32093800716213,67.42196352229061,66.06135334387781,66.56262969970703,10570500,55.23482334364868,44.214185196252046,40.226975071999824,63.294560994135274,57.40315775607968,16.51,25.0,2.41,2.54
RTX,2020-11-25,65.83758090694857,66.41047023187117,65.25573826556108,66.0703125,5374200,55.40776714305654,44.23455203602922,39.76903395457516,63.04004230725661,57.40494675273599,16.33,22.0,2.32,2.73
RTX,2020-11-27,66.03449463595878,66.59843737620317,65.69434379233167,66.15982055664062,5103400,55.429799416363224,44.074203567817406,39.76783728383744,62.958051368651056,57.40268044865833,16.13,22.0,2.12,2.73
RTX,2020-11-30,65.42580849605766,65.83757908952222,63.87721942997378,64.19947052001953,10730800,56.28208273150137,44.377616623221144,39.26950158303271,60.547031309504064,57.4767012788153,15.92,18.0,1.8,2.86
RTX,2020-12-01,65.09461397351306,65.29154596326795,63.7429499951423,63.76085662841797,6544600,56.318470660938466,44.419472613075804,39.109930239884505,60.51065333343851,57.43774192353926,15.69,17.0,1.49,2.97
RTX,2020-12-02,63.725052723510345,64.76341212523474,63.27748248514745,64.39640808105469,5401600,56.272242614022424,43.85331569912223,39.11499047177447,57.53887054949194,57.442398753687215,15.44,18.0,1.21,2.96
RTX,2020-12-03,64.54856214264981,66.58948076204979,64.3695368294799,65.60482788085938,6893900,56.05697373016329,43.962496398313846,39.11387134177017,57.24837934896729,57.47173732203482,15.18,18.0,0.99,2.96
RTX,2020-12-04,65.68539047741619,66.83117575835765,65.68539047741619,66.15982055664062,9297900,55.17891908736845,43.963020698001536,38.65203056614234,57.21861904281993,57.47608482551645,14.9,16.0,0.81,3.2
RTX,2020-12-07,65.6854022069485,66.01660662418203,64.94244084137085,65.38105773925781,4913800,55.349680320367746,43.96275121418436,38.674080177729756,56.03342510658859,57.47286724315644,14.6,17.0,0.6,3.19
RTX,2020-12-08,65.51532728230787,66.69691232308155,65.15726976068994,66.67005920410156,4364900,54.536163920472546,43.92895270922549,38.77004071864861,53.400050236954,57.50710007393198,14.3,18.0,0.45,3.12
RTX,2020-12-09,66.66111714529326,66.9744149685995,65.59589771667166,65.8286361694336,5329300,49.41141798243573,43.984072938797155,38.76925667866056,52.0476891613097,57.51732497686204,13.97,18.0,0.26,3.12
RTX,2020-12-10,65.31840874258509,66.0076639792694,64.85293181990063,65.32736206054688,7497900,42.52835532562559,43.82423367925702,38.599755390375066,51.112108858273864,57.50484267983429,13.62,16.0,0.09,3.23
RTX,2020-12-11,65.0409019368399,65.86442943026952,64.77235709667073,65.24678039550781,7185900,42.66492979135621,43.822179463057054,38.58327826762225,50.32846850195365,57.484432442808554,13.26,15.0,-0.06,3.25
RTX,2020-12-14,65.70330982896463,66.08822049231867,63.29537985383961,63.375946044921875,10849300,44.04527706622093,44.25742970712722,38.85955126907576,50.43231906609529,57.553390987936716,12.87,23.0,-0.19,3.11
RTX,2020-12-15,64.00254213806691,64.27108700466381,62.74934414291415,63.59077835083008,7769000,43.77747997405938,43.45226633955232,38.752561549787444,50.16026258996059,57.55392941901112,12.45,20.0,-0.33,3.16
RTX,2020-12-16,63.689246133113485,63.71609925465048,63.06264370327102,63.17006301879883,5621100,43.76046395426697,43.47466589079843,38.67437527243099,50.01510514353169,57.55482673803978,12.01,20.0,-0.44,3.21
RTX,2020-12-17,63.904078599006205,63.993591281519855,63.11635743175424,63.232723236083984,5769900,43.67500671438064,43.09501209855073,38.671383995907775,49.47306841228114,57.552856038930145,11.59,19.0,-0.55,3.21
RTX,2020-12-18,63.170053964351816,63.340132815547726,62.489745388947036,62.81199645996094,16809800,43.52278124870777,42.95046251812637,38.430345566750155,48.50421447482845,57.55042130702744,11.12,11.0,-0.64,3.34
RTX,2020-12-21,61.4871994751759,62.87466307006742,60.67261839049784,62.36443328857422,8351700,43.69912845282572,43.004673865427364,38.04667729178505,45.55695008030195,57.550214762138005,10.67,10.0,-0.7,3.54
RTX,2020-12-22,62.20331142199418,62.758300990474815,61.737841367002055,61.98847961425781,4028200,32.40357542570022,42.826854405105315,37.98560393516935,45.5641645497364,57.55140164305498,10.18,9.0,-0.76,3.57
RTX,2020-12-23,62.471851854413195,63.9219818194595,62.29281966956699,63.3043327331543,4312900,30.5044535840793,42.665030043759714,38.05311033343618,44.63246699160431,57.59385132890023,9.7,12.0,-0.82,3.53
RTX,2020-12-24,63.510207883845055,63.510207883845055,62.56136125666666,62.901512145996094,1758600,29.064980213501222,42.70356143261803,38.07605147819515,44.47725320584876,57.589818528225464,9.2,14.0,-0.88,3.51
RTX,2020-12-28,63.28641442860802,63.96672294680103,62.9641633846944,63.2237548828125,2938000,28.17917568494907,42.69285305028183,37.515429973328985,44.14039249193456,57.59285829332559,8.65,8.0,-0.94,3.84
RTX,2020-12-29,63.5549683044955,63.64448097848514,62.36442993523351,62.96417236328125,3670100,26.77824413492332,42.29936133561811,37.520487315249575,43.73785953478794,57.593449503487385,8.19,9.0,-0.99,3.84
RTX,2020-12-30,63.10741016163496,64.1278698647067,62.96418439238532,63.87723159790039,5015500,24.92351019119538,42.36428720425764,37.42894485995444,43.45911405461941,57.61416430312948,7.68,7.0,-1.05,3.9
RTX,2020-12-31,63.868264130644555,64.18156189474466,63.50126012966415,64.01148986816406,4177000,24.919160568244266,42.13598211328643,36.69020587550674,43.45917858304267,57.56749156562717,7.28,6.0,-1.11,4.33
RTX,2021-01-04,63.895112937269765,64.0562384664165,61.1470324558183,61.254451751708984,7660500,28.02407674359506,43.07823967555235,37.38668326953818,43.27811147849505,57.72692577791706,6.85,8.0,-1.14,3.96
RTX,2021-01-05,61.54986630418618,62.55241935221625,61.22761515892496,62.140655517578125,6436800,27.519259724973328,43.021705984231865,37.448801159587106,43.26250772826155,57.74707091547873,6.39,10.0,-1.18,3.91
RTX,2021-01-06,61.31709413748108,63.99356100585515,61.27233440271035,62.91044235229492,8753800,27.20429312433117,42.920226954875424,37.46389645372652,43.05967707903421,57.762521237745865,5.95,11.0,-1.22,3.89
RTX,2021-01-07,62.97312802747679,63.43860487658523,62.38233889361395,62.46289825439453,8771400,24.44937224283252,42.93857912305462,37.480426176829006,43.04631559796663,57.76501426227535,5.62,12.0,-1.26,3.88
RTX,2021-01-08,62.62403188443179,62.7314512087102,61.49615288233983,62.53451919555664,5158100,23.317012344126216,42.750794725954385,37.40564291335794,43.04468486752273,57.76486124349063,5.34,9.0,-1.29,3.93
RTX,2021-01-11,61.57670694170991,62.525553549585474,61.335015217083345,62.48080062866211,4569000,23.263860920723506,42.74794491858077,37.358675129245086,43.0446803216293,57.75517404409554,5.08,8.0,-1.32,3.96
RTX,2021-01-12,62.38234482139813,64.19947897838983,62.27492550077048,64.02044677734375,5356200,24.463251398153275,42.9594558322969,37.51109822624525,43.03528208661631,57.81088967654917,4.85,16.0,-1.35,3.85
RTX,2021-01-13,63.82351790548134,63.95778351176798,62.47185389069776,63.10740280151367,7032600,23.238796142651285,42.94189307559327,37.546892411895264,43.068877094055416,57.82578886920864,4.59,19.0,-1.37,3.82
RTX,2021-01-14,63.554965085895745,64.78130982852394,63.1521546586522,63.501258850097656,9712500,23.240606382945188,42.923807347805656,37.49239317685086,42.84749396068088,57.82913171744819,4.32,15.0,-1.39,3.86
RTX,2021-01-15,62.937316675455094,62.95522330714979,61.719925236617726,61.94371032714844,6980800,24.100785868346524,43.27218464678708,37.51608780676549,42.588541975872744,57.866254960455635,4.03,19.0,-1.4,3.86
RTX,2021-01-19,62.46290194469138,62.70459370007128,61.8989658977715,62.086944580078125,7381800,23.38473504687222,43.130359884923855,37.424862091177886,42.000807484638635,57.863394799171076,3.75,11.0,-1.41,3.92
RTX,2021-01-20,62.18541046559644,62.23911670919118,61.41558910363225,61.62146759033203,4657700,23.23297687862719,42.465021903243084,37.445310024590974,41.76235246155788,57.86657099464553,3.49,13.0,-1.41,3.9
RTX,2021-01-21,61.16494574597951,61.49614332628991,60.73527534501388,60.968013763427734,7366800,23.19366233579362,42.52656757009605,37.49327823039846,41.78470646476968,57.87336485862077,3.38,18.0,-1.4,3.87
RTX,2021-01-22,60.618914243821266,60.96801848378123,60.081831323065934,60.493595123291016,4558100,22.291172544832605,42.11085038285579,37.37395530478628,41.73401783292572,57.87688407592606,3.26,9.0,-1.4,3.97
RTX,2021-01-25,59.11506707140227,59.54473059705475,58.2020201279782,59.329898834228516,10514000,22.621825290562615,39.38642414175278,37.364099647926814,41.756533839128394,57.90462962048676,3.17,9.0,-1.39,3.97
RTX,2021-01-26,61.94371955918271,63.492315621383284,60.1444920803135,60.153438568115234,13322200,23.12479426095243,35.75929038122577,37.40643683426714,41.65422828666346,57.910023295385095,3.08,13.0,-1.37,3.93
RTX,2021-01-27,59.57159104706002,60.65471001508564,58.407905898931375,58.631690979003906,12377000,24.04776144207033,36.203476004458516,37.49963501536475,41.679900837391685,57.94561031007049,3.0,23.0,-1.36,3.89
RTX,2021-01-28,59.47313549958959,62.024284494120536,59.26725018487522,61.021724700927734,8753200,25.93103711580745,36.77635636294311,37.8862451853511,41.910150103936516,58.0930046185628,2.92,30.0,-1.34,3.66
RTX,2021-01-29,60.07287030071309,60.47568073226746,59.17772993781095,59.73271942138672,15649100,26.52992450988254,36.84193468116293,38.04942949641886,41.59923623440329,58.1206923248928,2.86,34.0,-1.32,3.57
RTX,2021-02-01,60.51149177706894,60.51149177706894,59.1956342506385,59.938602447509766,5994000,26.540477367492215,36.61132739326855,37.685002458924444,41.598412045046764,58.07422447091161,2.78,29.0,-1.29,3.77
RTX,2021-02-02,60.57415068669602,63.03578684593652,60.466738206913824,62.78514862060547,8710600,29.98698252797179,37.65513447675597,38.35430607151251,41.85201186985032,58.269385490524265,2.71,39.0,-1.26,3.42
RTX,2021-02-03,62.44500497025375,63.48336442854185,62.09590071166394,63.179019927978516,8370000,29.979871086471967,37.38657549438589,38.35855924717926,40.40395152482143,58.23519961345242,2.64,40.0,-1.23,3.41
RTX,2021-02-04,63.61763072005378,65.17517317152834,63.31328624892708,65.05880737304688,9024300,31.047764957860085,37.76404830887116,38.51334584383032,40.540818524822484,58.28655778977417,2.58,43.0,-1.21,3.32
RTX,2021-02-05,65.65854648286279,66.13296979861244,64.45010831778025,64.7455062866211,7952700,31.024321721014164,31.459850975328063,38.39816956274842,40.54496364963677,58.28582261020996,2.51,41.0,-1.2,3.4
RTX,2021-02-08,64.70073140286945,65.05878884232311,64.28001442371472,64.88871002197266,4964300,30.46813476284725,30.23326172537695,38.3633473198473,40.296355268962856,58.2845008641833,2.43,41.0,-1.18,3.42
RTX,2021-02-09,64.67389598097833,65.64959577027086,64.06520021621746,65.38105773925781,6263000,30.44949172373501,29.52552712687701,38.21176827787444,40.30215049926918,58.29090795106251,2.35,39.0,-1.17,3.52
RTX,2021-02-10,65.13041060015544,65.47056145798122,64.57542115166002,64.87081909179688,3930200,30.53932563096136,29.197937815285496,38.23740030127789,39.428117094041674,58.29029960335661,2.26,40.0,-1.16,3.51
RTX,2021-02-11,64.8708253953331,65.51532757121159,63.70714015228816,64.7455062866211,4535800,30.51500869754887,28.477212460969938,38.215136327977845,39.23885260216992,58.29032918314868,2.17,40.0,-1.14,3.52
RTX,2021-02-12,64.5306778825573,65.1841334779588,64.2889929430627,64.99615478515625,4207500,30.262722896618367,27.49184343494564,37.68396291302372,39.227157408802164,58.28696321263524,2.08,29.0,-1.1,3.8
RTX,2021-02-16,65.20203328372938,65.56904418113933,64.48592495344069,64.99615478515625,6110200,30.25967238211597,27.48890058593877,37.67380586314901,38.90389147289323,58.285911889027176,1.99,29.0,-1.04,3.8
RTX,2021-02-17,64.70968608871577,65.53321343635282,64.5217074656276,65.39894104003906,5186900,27.180744436062554,27.456144249155223,37.43417183971507,38.90033626294564,58.27508938414056,1.93,16.0,-0.98,3.95
RTX,2021-02-18,64.87084226907241,65.3900254712851,64.46802488968078,65.23784637451172,4903800,26.962112156828265,27.079801335024484,37.32168218549157,38.875698932602916,58.274500820834774,1.87,8.0,-0.9,4.02
RTX,2021-02-19,65.68540887375516,66.51788983021014,65.43477062095242,66.47313690185547,6275900,27.247443493030836,27.024096655715795,37.41104920525199,38.24490892503775,58.306212110856535,1.81,15.0,-0.82,3.95
RTX,2021-02-22,64.67389765177688,66.47313187237788,64.64704453091979,65.34525299072266,10506900,27.682792576908422,25.99367992663892,37.38169345159372,38.302384872916534,58.31710251931609,1.74,12.0,-0.74,3.99
RTX,2021-02-23,65.71225386087552,66.24933668447893,64.92452601217045,66.23143005371094,11686700,27.898556448095025,25.691046627761192,37.2179187339327,37.55030208015675,58.24512160729732,1.66,7.0,-0.64,4.09
RTX,2021-02-24,66.41048075679245,69.97313638393842,65.81073138742521,69.52556610107422,11159300,30.97571743169204,27.504113140869947,37.92083175032652,37.83557330840627,58.20275566544848,1.58,39.0,-0.53,3.69
RTX,2021-02-25,69.0437148031026,69.45801227350196,65.70230294250742,66.0355453491211,9483300,34.187180773395085,29.521751258005686,38.89285345179324,37.86326133104863,58.42634387898586,1.5,72.0,-0.42,3.31
RTX,2021-02-26,66.58493711323871,66.58493711323871,64.83767700195312,64.83767700195312,8000700,34.360105524127675,29.105643453729947,38.739673194465894,37.74037289066051,58.276828526045286,1.4,67.0,-0.3,3.41
RTX,2021-03-01,66.206671542484,67.85485303497576,65.8374023682268,66.97222137451172,10910500,35.52941085327784,29.80426770886377,39.03757414002559,36.569132215329134,58.35735168829864,1.32,74.0,-0.19,3.23
RTX,2021-03-02,66.92719266367779,67.92691312050087,66.82812077181941,67.25142669677734,5792300,34.624835913656824,29.752497628283987,38.90198978313211,36.28676940263966,58.29808190142486,1.23,74.0,-0.06,3.31
RTX,2021-03-03,67.36851462026304,68.8005425235404,67.23341596281723,67.61168670654297,5960700,34.63271450540118,29.535751105733787,38.79264035638676,36.17342976961284,58.29001760486439,1.13,71.0,0.06,3.38
RTX,2021-03-04,67.56664810697775,68.86358415850285,65.51317060633154,67.02626037597656,8284200,34.66482020321669,29.5480205223113,38.746810248221095,36.16815720634554,58.09414730552741,1.11,68.0,0.18,3.41
RTX,2021-03-05,67.75578193355004,68.06199909027438,65.83739645013455,67.71074676513672,6661900,34.48691572989733,29.508547002152785,38.67192024501184,36.14547101068442,57.323966134626815,1.08,65.0,0.32,3.45
RTX,2021-03-08,68.54835431689347,69.65614806624926,68.03498497346952,68.09803009033203,7232100,34.32388637839387,29.26459423307713,38.65493384350633,36.14996332727777,57.32689749323876,1.05,64.0,0.45,3.47
RTX,2021-03-09,68.48529908464212,69.07972340277654,67.32346192715055,67.39551544189453,6558300,33.88567910487305,29.2240499498852,38.586892435524135,35.98628440459199,56.588891334387306,1.03,62.0,0.63,3.51
RTX,2021-03-10,67.90888764607334,69.48502227439745,67.53961852059318,68.9536361694336,6776600,34.20794863588352,29.53266010410676,38.71655196297125,36.079551118235884,56.53205859206418,1.01,70.0,0.79,3.42
RTX,2021-03-11,68.96265184417473,70.32263293363346,68.62940944250799,69.39496612548828,6314900,32.990735632484146,29.550373627725524,38.70715334846449,36.07003718855209,55.54657247429879,1.01,70.0,0.95,3.43
RTX,2021-03-12,70.25057606692258,71.03414265829684,69.96236885022206,70.71891021728516,6075900,31.62245497044586,29.094309447219818,38.6877119763206,35.716805036502954,55.36352583793086,1.01,69.0,1.07,3.44
RTX,2021-03-15,70.95308346086524,72.10591237206756,70.56580435431425,71.66459655761719,7848900,30.702426214226335,29.187526952172295,38.70737881886269,35.71440448792927,55.31122526635753,1.01,70.0,1.19,3.42
RTX,2021-03-16,71.54751040283702,71.75465568484839,70.25958292843785,70.46672821044922,5941500,31.408927526013166,29.390986467584355,38.81953790944413,35.550094619564135,53.29499152838514,1.01,77.0,1.34,3.36
RTX,2021-03-17,70.66487435293313,71.9077667013664,70.52977571537681,71.65558624267578,6685900,29.1382664386062,29.548565647030127,38.78465778440744,35.19233988888465,53.28168488115589,1.01,75.0,1.5,3.37
RTX,2021-03-18,71.34936196879538,71.97981305270841,70.1424896306457,70.196533203125,6093500,30.014476877689106,29.86012518070842,38.50571002733874,35.281367020262316,50.92418130185382,1.01,54.0,1.61,3.52
RTX,2021-03-19,70.2505874419544,70.74594689683713,68.55737062859704,70.57482147216797,15023800,29.01086525789942,29.809106905907544,38.49682485435773,35.28395173785488,50.66158256832052,1.01,52.0,1.74,3.53
RTX,2021-03-22,70.57480601502486,70.73692299462515,68.98065457038854,69.27787017822266,7457100,29.58755390489308,30.063354241456135,38.32497884788013,35.36271985764866,50.675234716797014,1.0,46.0,1.97,3.62
RTX,2021-03-23,68.69245021964917,69.5030351512753,67.55763818677455,67.71074676513672,8285400,30.471339941639826,30.21417005106703,36.60015979001591,35.37047044698621,49.77311794776473,1.02,6.0,2.32,3.76
RTX,2021-03-24,68.65642459314302,70.09746053371991,68.04398345947266,68.04398345947266,7722600,30.43460211082369,30.182980560545502,34.27926292681143,35.079345796403835,47.61757069364507,1.09,1.0,2.35,3.72
RTX,2021-03-25,67.63868719447954,69.95335309301514,67.21538138630277,69.82726287841797,6359100,31.11274095877914,30.591718025250753,34.411411439272044,35.19916334467227,46.574802100984584,1.15,2.0,2.23,3.61
RTX,2021-03-26,69.71918354972519,70.48473317936875,68.96263545507217,70.40367126464844,6193900,31.12749045587267,30.59679468684552,34.296869951140835,34.69828770736561,45.82748747437952,1.22,2.0,2.04,3.71
RTX,2021-03-29,70.52977787560462,71.14221909606957,69.82727318447769,69.96237182617188,7136700,31.23599933068989,30.52840848696789,34.1471714279541,34.591036726814636,45.20954332586943,1.27,1.0,1.86,3.88
RTX,2021-03-30,69.90835110586046,70.65588426757554,69.5841170402041,70.0884780883789,5540000,31.228063173893073,30.528226186940156,34.00560816418851,34.58250789550591,45.19182196374176,1.32,1.0,1.68,4.03
RTX,2021-03-31,70.10647083420785,70.44872163697136,69.39496461787816,69.59310150146484,6003300,31.329475896931907,29.079085359197315,34.026633239518226,34.53784117175569,44.9812934029799,1.36,2.0,1.13,4.02
RTX,2021-04-01,69.89933511900489,70.07046054383207,69.28689382485848,69.60211944580078,6166200,31.3058249807707,28.96935941417954,33.843577713896806,34.23206431204986,44.8589238165734,1.41,1.0,0.52,4.21
RTX,2021-04-05,70.12448997471185,70.65586927033476,69.83628274101414,70.16952514648438,5637900,30.965625423720567,28.917632996818032,33.85229234474955,34.219367854389226,44.43341615357407,1.46,2.0,-0.57,4.19
RTX,2021-04-06,69.88130415509713,70.33162834283634,69.5300518383727,69.80925750732422,8489200,30.521435943728264,28.894145027054286,29.73156513178096,34.224623393548995,43.66406961837182,1.67,1.0,-0.63,0.4
RTX,2021-04-07,69.79124794291073,70.34965246742838,69.3949672890812,69.89031982421875,5334700,30.334489266535332,28.894129953774218,28.967751168689322,34.18337495359591,41.32815301059096,1.89,1.0,-0.65,0.5
RTX,2021-04-08,69.46700178577804,69.85428083454279,68.89058741618419,69.78223419189453,5043000,26.907070373711832,28.89723438212213,28.515199799331814,34.05597138930142,41.328558241715356,2.09,1.0,-0.69,0.62
RTX,2021-04-09,70.73694193536888,71.04315916138438,69.9353652303242,70.51177978515625,5423400,22.1469083654674,28.5729771936351,28.303535318220774,34.060348212675976,40.561370765240156,2.28,1.0,-0.84,0.69
RTX,2021-04-12,70.47573439220902,70.98910368417161,70.36765411496364,70.89904022216797,5485800,21.290763038609153,28.387934645628455,27.8664160319622,34.04586730229076,40.43792439822783,2.46,1.0,-0.88,0.83
RTX,2021-04-13,70.25058212184369,70.32263565007966,69.11576310203655,69.98038482666016,5490700,19.860761413525957,28.537960258024135,27.377538243331824,34.0207557801289,40.19325563963801,2.64,1.0,-0.91,0.94
RTX,2021-04-14,70.25056532972519,70.87201483725954,70.0434132034134,70.21453857421875,4855200,19.85251087533658,28.001584595276142,27.378043492474852,33.95931863048433,39.878691599352194,2.81,2.0,-0.93,0.94
RTX,2021-04-15,70.39468191260191,70.50275532239851,69.33191653072295,70.22355651855469,5106500,19.820871497477103,28.004417832451256,27.348907207158334,33.95789145711109,39.63497549154486,2.97,1.0,-0.95,0.96
RTX,2021-04-16,70.78195070258478,70.78195070258478,69.3949582870016,70.44871520996094,7629700,19.600084296948914,27.933915840458333,27.132051305812706,33.79389295366087,39.63547848295862,3.12,1.0,-0.99,1.06
RTX,2021-04-19,70.35865294354488,70.90804899743779,70.01640216619417,70.78195190429688,6265600,19.457950087681635,27.80828181796276,26.944108955226053,33.54026733449075,39.24612724369439,3.27,1.0,-1.0,1.15
RTX,2021-04-20,70.07044323255064,70.16951509914243,68.51231858911724,69.43097686767578,8692700,20.314208628328696,28.087318175369962,26.39471318876095,33.583301427171264,39.25877055349604,3.41,1.0,-1.04,1.21
RTX,2021-04-21,69.17881603051815,71.09720192578895,68.80955368157996,71.0341567993164,5186900,21.016298607706748,28.026412921276727,26.382270937903872,33.64175880595378,39.14086317950572,3.55,1.0,-1.07,1.22
RTX,2021-04-22,71.14220766945316,71.97080933210258,70.74592708790908,70.91704559326172,6706800,20.05624195042175,27.951145122309118,26.353198251583166,33.643616594434825,39.12424797943501,3.68,1.0,-1.11,1.24
RTX,2021-04-23,70.98010597012582,72.73637466509665,70.98010597012582,72.5382308959961,7139200,20.969252749499894,27.605924646725043,26.581350555136574,33.379991621474446,39.18233457844157,3.79,4.0,-1.11,1.12
RTX,2021-04-26,72.95252227783203,73.91621581578187,72.77239534175627,72.95252227783203,12145600,20.356214947323654,26.548717808360344,26.122076103141033,33.379080111649934,39.18489902494578,3.91,1.0,-1.1,1.29
RTX,2021-04-27,74.53767433302052,75.37527774152086,72.84445069741817,74.58270263671875,11082400,20.968277777299452,26.340745885059892,26.29640737237029,33.375952910257105,39.1649337802647,4.03,2.0,-0.99,1.2
RTX,2021-04-28,73.38485315834625,74.86191635705421,73.38485315834625,74.82588958740234,7164200,20.25037961317466,26.340851409916134,26.26379994177142,32.923959388161414,39.16366057242075,4.13,2.0,-0.91,1.22
RTX,2021-04-29,75.2581767208045,75.47433728023773,74.31250004104106,74.63673400878906,6237000,19.797336929006384,24.817645707975462,26.12762315157054,32.92725249488765,38.99243343393013,4.23,2.0,-0.89,1.29
RTX,2021-04-30,74.34853554739682,75.12309379798123,74.16840172667797,74.96997833251953,5616000,18.6857997876922,24.80994408331648,26.10762575997762,32.92882344447066,38.70135837727606,4.33,1.0,-0.87,1.31
RTX,2021-05-03,75.47434616634486,76.05976218737976,75.00600510383374,75.78056335449219,5828800,18.829885945443845,24.24942198998893,26.065593501947525,32.926586940285944,38.2428977183917,4.43,1.0,-0.82,1.33
RTX,2021-05-04,75.76255034601822,76.18584934698347,74.88892024711518,75.60043334960938,9306900,17.82523674743465,24.222824649359293,25.911017734883856,32.92706820353829,38.043218103601845,4.52,1.0,-0.81,1.42
RTX,2021-05-05,75.32122122209098,76.25789635783495,75.2401661665121,75.77154541015625,4658200,16.066727931321264,24.222793011227306,25.814535545491786,32.87626341240991,38.043152234835794,4.61,1.0,-0.81,1.48
RTX,2021-05-06,76.38398855650196,76.46505048557937,75.23115970466053,76.26690673828125,4903900,16.083551450684517,24.21458803349552,25.786017208517574,32.847765981645,37.99329720209646,4.69,1.0,-0.8,1.5
RTX,2021-05-07,76.38399507518477,77.3927238423329,75.78056224520805,77.194580078125,6056000,14.892368839581845,24.193312558420967,25.836121725708765,32.851749945705805,37.9670681157073,4.77,3.0,-0.77,1.47
RTX,2021-05-10,78.23032835260182,78.39244535557812,76.4920764929014,76.59114837646484,9042600,15.160831240324118,24.27399431770706,25.408572395642288,32.838605616854935,37.882268402320854,4.85,1.0,-0.77,1.64
RTX,2021-05-11,75.87061349210678,76.73523506544288,75.06903702709516,75.95167541503906,6708100,15.281814282119957,24.38062074655691,25.45963139565892,32.820548686893034,37.81786750801347,4.92,2.0,-0.8,1.6
RTX,2021-05-12,75.86162293176048,76.42902898877217,74.05131760024352,74.10535430908203,6086800,17.217021318818944,25.006174205224042,25.768782507924097,32.84070695248846,37.88724179674927,4.99,3.0,-0.85,1.46
RTX,2021-05-13,74.12335094546236,75.90663056564166,73.979243932591,75.45630645751953,4701200,17.61985793298287,25.205124790959328,25.900790439037696,32.83660568636034,37.6032322891554,5.05,7.0,-0.88,1.38
RTX,2021-05-14,76.05975920330616,77.51881217271291,75.97870414070698,77.34768676757812,4989200,18.719513912944382,25.595799017814976,26.119688534213587,32.943145431986224,37.672132261241046,5.1,11.0,-0.87,1.27
RTX,2021-05-17,76.60915796229821,77.9691390991211,76.60915796229821,77.9691390991211,5059800,18.717052219428773,25.40425659267571,26.0941035228981,32.95080892294984,37.60519314772633,5.15,10.0,-0.84,1.29
RTX,2021-05-18,77.63589320536676,78.32038794751467,76.87034340144723,76.8973617553711,7438300,19.229234442246753,25.304153308192394,26.186238928021837,32.919879441383,36.49934014826246,5.2,15.0,-0.85,1.24
RTX,2021-05-19,76.41101265934745,76.79829177510143,75.2762005380797,76.74425506591797,9296500,19.28028737338935,25.221685431114533,26.018799697144296,32.81939780061481,36.50101553457551,5.25,9.0,-0.88,1.33
RTX,2021-05-20,76.78049964763582,77.5234780269925,76.19155176957544,77.22447967529297,10059900,19.248574694504455,23.34013540838685,25.993336449906344,32.81212664276026,36.501680118329396,5.3,9.0,-0.89,1.35
RTX,2021-05-21,77.78624369270175,78.91883316671539,77.514426366605,77.75,5803800,19.16223944444048,20.550061275010627,25.9996992184951,32.734907748035,36.31215105262881,5.34,10.0,-0.9,1.34
RTX,2021-05-24,78.36612666117931,78.78291874590788,77.92215353591281,78.35707092285156,5113300,19.1969664455729,20.10040320965929,25.99625365136361,32.65124993699155,36.31611382663381,5.38,10.0,-0.89,1.35
RTX,2021-05-25,78.49296447371728,79.08191227812993,77.91307931906441,78.15772247314453,7606300,18.652271490236842,19.18443890764748,25.93275553948703,32.653787629221235,35.625737596302386,5.43,9.0,-0.9,1.38
RTX,2021-05-26,78.2211526127672,78.5835825877178,77.9221473649747,78.37518310546875,4826200,18.65388143784956,19.18164918270459,25.933034057827108,32.40366305055868,35.48101880364119,5.47,10.0,-0.91,1.38
RTX,2021-05-27,80.18731127774491,80.46819117295732,79.47151411025233,80.28697967529297,10492200,19.53210711472498,19.67704213429492,25.095130804229584,32.50475514002088,35.54609004132287,5.52,1.0,-0.86,1.28
RTX,2021-05-28,80.09672167171382,80.48633269171289,79.77053537995754,80.37760162353516,4850300,19.552985458509298,19.532999698415836,25.02648041184995,32.50266593567348,35.28371408032921,5.56,1.0,-0.83,1.33
RTX,2021-06-01,81.37427254317123,81.48300360287229,80.49538215405606,80.63129425048828,4302200,19.556007107905533,19.47641271926536,24.977947576439934,32.443628656760545,35.275922391646546,5.61,1.0,-0.8,1.36
RTX,2021-06-02,80.8668738832552,80.8668738832552,80.14201398529757,80.30510711669922,4429100,18.423863193103845,19.51925643041392,24.952482597268727,32.370587176926236,35.25718032300513,5.65,1.0,-0.79,1.38
RTX,2021-06-03,79.83395763036525,80.61317964617838,79.63462080128141,80.35041809082031,4083200,17.64977034938454,19.333136928624484,24.95346477914174,32.346161069315635,34.7250849376831,5.69,2.0,-0.79,1.38
RTX,2021-06-04,80.32323576944277,80.85781460910204,80.23263000660961,80.65847778320312,4082800,17.565690123100268,18.883562745063372,24.94846140829098,32.24406808311246,34.72603136481108,5.72,1.0,-0.78,1.38
RTX,2021-06-07,80.6131820678711,80.77627521358673,80.16920897061402,80.6131820678711,5693900,16.730347120590093,18.87800657470159,24.706870984099396,32.242411113707355,34.12372577643714,5.76,1.0,-0.79,1.52
RTX,2021-06-08,80.82157782031831,81.34710096749636,80.42291104726701,81.048095703125,4777000,16.727038905619658,18.577260201168748,24.566203708890697,32.22538300748578,34.013706139277225,5.79,1.0,-0.79,1.6
RTX,2021-06-09,80.96654631775496,81.15682049505473,80.4772668992227,80.50444793701172,4594500,16.01430403994638,18.52327979876593,24.60229960329033,31.88652097000143,33.636708227485194,5.82,2.0,-0.8,1.58
RTX,2021-06-10,81.36519806377758,81.52829115937277,79.87924182069918,79.96078491210938,4826300,16.23809038969019,18.19878149666717,24.25860209744201,31.896355330769392,33.48829411822913,5.85,1.0,-0.8,1.74
RTX,2021-06-11,80.36853989421049,80.61318307222035,79.88832310161399,80.46820831298828,4082700,16.216146002695233,17.965096673383808,24.265952945492213,31.737616248356503,32.38219758877978,5.88,2.0,-0.8,1.73
RTX,2021-06-14,80.38665771484375,80.81251238948734,79.96080304020016,80.38665771484375,5924900,16.236530340197927,17.35540721324948,24.218807985404105,31.660959468477778,32.159489860930954,5.91,1.0,-0.8,1.76
RTX,2021-06-15,80.59504085940853,81.36520700886271,80.45913569211714,81.00277709960938,5336700,16.12058664755391,17.378908070508363,24.136697887972,31.666632413037775,32.075075040492635,5.93,1.0,-0.8,1.82
RTX,2021-06-16,80.8487690157477,81.0299805641504,79.68899160252712,80.12390899658203,8033800,16.51680330678086,17.055066411671906,24.176470409631364,31.602636314217953,32.081708062665825,5.95,2.0,-0.82,1.79
RTX,2021-06-17,80.16919332667761,80.39571115637092,78.21207595999513,78.94599151611328,7480500,17.214061928534818,16.61823665355211,24.079361212701947,31.534348994064022,32.087259350593555,5.97,1.0,-0.86,1.84
RTX,2021-06-18,77.83154439211364,78.58358540738425,77.57784547437826,77.84966278076172,10387200,17.69985060628752,16.95183495982445,24.16192141670597,31.5914082026226,32.122649134278994,5.99,3.0,-0.88,1.79
RTX,2021-06-21,78.60170171477579,79.86114053216906,78.39330223056723,79.73429107666016,5097400,18.667884177500923,16.84009362615775,23.969179994806108,31.691177795755905,32.048962233757955,6.0,1.0,-1.0,1.84
RTX,2021-06-22,79.44434770786813,79.78865238195,78.7013693701717,79.17252349853516,4150100,18.636918710944748,16.898501270263612,23.27995028448312,31.512840102469475,32.05976532416505,6.02,1.0,-1.04,2.04
RTX,2021-06-23,79.20876814156937,79.38092393707275,78.43860875621648,78.46578979492188,3524500,18.66343001275592,16.963113623091616,23.03734334455541,31.54071364686165,32.06352736849698,6.03,1.0,-1.14,2.18
RTX,2021-06-24,78.99130410711722,78.99130410711722,78.15772008685155,78.69229888916016,5335200,17.001263107019557,16.964260096261448,23.03707400739703,31.44940238881542,31.730227563874635,6.04,1.0,-1.28,2.18
RTX,2021-06-25,78.85541920039105,79.19066821907728,78.5382954869195,78.57453918457031,6611000,16.32710960776354,16.875674379688665,21.954957902091003,31.37377828879731,31.70795422676821,6.06,1.0,-1.32,2.24
RTX,2021-06-28,78.27551595277076,78.2845786033044,76.7986219035253,77.1157455444336,5738300,15.765675463634022,17.40101848771851,22.195936865336687,31.4110633519884,31.58809678137029,6.06,2.0,-1.34,2.06
RTX,2021-06-29,77.36037707467095,77.80435705756226,76.41806194734201,76.50867462158203,6496800,15.729273844702597,17.458623528069687,21.812679021908828,31.37018466890162,31.27624744864367,6.07,1.0,-1.34,2.26
RTX,2021-06-30,76.41805336028442,77.62312989938728,76.23684185772002,77.29694366455078,4744500,15.51933194653294,17.49556109674456,21.830530316727263,31.370016475588475,31.282694639389653,6.08,2.0,-1.35,2.25
RTX,2021-07-01,77.39662291172486,78.14866388703753,77.26071080936597,78.1214828491211,3903900,15.793964296766738,17.590096324584387,21.875507394358046,31.305943784395506,31.29584961982234,6.07,3.0,-1.35,2.21
RTX,2021-07-02,78.37516211363979,78.82819773279377,77.76809604303944,78.5563735961914,4185400,15.77388153750458,17.59159708572147,21.86450387966599,31.303195395535898,31.29820647219932,6.07,3.0,-1.35,2.22
RTX,2021-07-06,78.05806292556689,78.36612392460884,76.95265456377706,77.69563293457031,4140000,16.006619270558268,17.700672044266863,21.90613468619761,31.330770133005203,31.23736422392308,6.06,5.0,-1.36,2.18
RTX,2021-07-07,77.17010929382113,77.95839400067862,76.85298564604297,77.76811981201172,4127200,15.838794748588402,17.68283540951418,21.898410572583447,31.252996304924796,30.997672503990426,6.05,5.0,-1.37,2.19
RTX,2021-07-08,76.65363795640205,77.72280246955576,76.12811489288431,77.41474151611328,4665500,15.874715237938586,17.46811204322026,21.919300384302474,31.252542857279504,31.003172629818287,6.04,7.0,-1.37,2.17
RTX,2021-07-09,78.3751800366702,78.60169789804786,77.94026270120342,78.26644897460938,4556200,16.18635048716659,17.56810055196813,21.965854698120165,31.263664803590018,30.605844554268792,6.02,9.0,-1.38,2.13
RTX,2021-07-12,77.52347236385269,78.28457598939642,77.03419294302674,78.1214828491211,5464400,14.479841135528165,17.580894785838556,21.962650225495057,31.20430241636226,30.510312507603565,6.01,9.0,-1.38,2.13
RTX,2021-07-13,78.07617543765804,78.13960016285024,77.25165401015936,77.31507873535156,4595000,14.720910056046707,17.753244391261024,22.037322065482417,30.91415999867223,30.526933464628897,5.99,11.0,-1.39,2.06
RTX,2021-07-14,77.17916076819948,77.82247062132777,76.52678826565361,76.93452453613281,3665400,14.695202409446729,17.789837278979334,21.890921346781063,30.917679684819504,30.48509285360444,5.97,5.0,-1.37,2.17
RTX,2021-07-15,76.19156801566983,77.49631351139175,76.05566278718102,76.99797821044922,3460800,14.691409058522748,17.261903955861847,21.68775169602797,30.706573686509504,30.238042728587857,5.95,1.0,-1.38,2.34
RTX,2021-07-16,77.57784371060347,77.69563051608064,75.4757581235891,75.68415069580078,4023800,15.372150808484394,17.12082785679329,21.80832094412447,29.47446139961885,30.276902813309707,5.92,2.0,-1.36,2.24
RTX,2021-07-19,74.11664924675036,74.26161708776736,72.23201892409213,73.43709564208984,9221300,17.287355916344655,18.27018815131949,21.03618092270451,28.193326996589967,30.436865584940175,5.89,1.0,-1.33,1.6
RTX,2021-07-20,73.66361167912214,77.13386008027867,73.4099058662899,76.8348617553711,7935000,22.257492044223685,19.946539010097066,20.542647606183166,28.60429873442896,30.72164113154956,5.84,1.0,-1.32,0.7
RTX,2021-07-21,77.26071164969441,78.79197465489104,77.06138173188027,78.44766998291016,5398300,23.10785670050584,20.335028687384934,20.51955865247273,28.593368701012444,30.681137577644986,5.78,1.0,-1.4,0.67
RTX,2021-07-22,78.16677783304557,78.37517729985751,77.18822595977468,77.75904846191406,4124300,23.15999026988147,19.962200177871047,19.997243532617063,28.490662552963254,30.68795467240238,5.73,1.0,-1.39,0.76
RTX,2021-07-23,78.58359110658498,78.58359110658498,77.56878844926884,77.75,2607600,23.09992625708425,19.955688488280675,19.994249328022097,28.38892300151573,30.673963870756786,5.66,1.0,-1.37,0.76
RTX,2021-07-26,77.67750877099097,78.10335654751773,77.39662191964261,77.87683868408203,3759800,23.011597037726894,19.945674022626452,19.984537471963407,28.379360391731325,30.6200970536602,5.6,1.0,-1.35,0.77
RTX,2021-07-27,79.37185748108523,81.05715092778739,79.19970860661242,79.93362426757812,8429700,24.320878364993334,20.600158181658017,20.296424897249445,28.387422078313335,30.669551023578073,5.52,4.0,-1.36,0.65
RTX,2021-07-28,80.7490924190409,80.7490924190409,78.78291206267058,79.00942993164062,5517100,24.4230575399338,20.66130898587989,20.361541582037265,28.434485653779063,30.696453701362653,5.44,5.0,-1.34,0.63
RTX,2021-07-29,80.30510613996273,80.32323143921819,79.27218529124094,79.41716003417969,4135400,24.290272915870652,20.67104068087166,20.35884054032556,25.7253151994358,30.568517221521734,5.34,5.0,-1.32,0.63
RTX,2021-07-30,79.16347615336808,79.51684351529677,78.5201661633754,78.78292083740234,4443600,24.01580099903929,20.747655730179424,20.327228576225608,25.263266619168768,30.38338294742881,5.25,5.0,-1.32,0.65
RTX,2021-08-02,78.9550703067078,80.40478333057389,78.38424774777906,78.474853515625,4049200,23.683874201734554,20.731828511637946,20.05580279999598,24.983584174540212,30.349335956567806,5.14,4.0,-1.28,0.8
RTX,2021-08-03,78.54734469809357,79.73429621373198,77.31508683995007,79.70711517333984,4629200,23.07564699480612,20.827470286164473,20.16806794165188,24.88648057394094,30.353914296467245,5.03,5.0,-1.24,0.72
RTX,2021-08-04,78.71042621158932,79.18158030518077,77.60501798062226,77.75904846191406,5286000,24.09160157522603,21.39792405719594,20.39210234869633,24.802675026722138,30.46922342617382,4.9,10.0,-1.18,0.73
RTX,2021-08-05,78.29365742589266,79.21784750069091,78.09432054963973,78.7195053100586,3604600,24.236832274667684,21.46057887984187,20.377207364320306,24.470060636929546,30.20639001221556,4.76,10.0,-1.14,0.74
RTX,2021-08-06,79.23594316828635,79.7161668291603,78.98224427591605,79.3537368774414,3020200,24.3336155204946,20.85708920692253,20.20619622339432,24.481926828368344,30.210240251950438,4.61,6.0,-1.08,0.81
RTX,2021-08-09,78.88257050240082,79.2178193946799,78.40235378695772,78.90069580078125,3265600,24.391223229003653,20.60079913907355,20.080571456607395,24.4784710556081,30.146396427203605,4.45,5.0,-1.02,0.9
RTX,2021-08-10,79.00036801739512,79.78864571560183,78.82821223834942,79.41716003417969,2909100,23.783563151625454,20.023856611145398,19.799610460122146,24.353364418046937,29.789944096651034,4.29,1.0,-0.94,1.01
RTX,2021-08-11,79.56212848093384,80.33229471140619,79.21782383295036,80.29605102539062,3724800,23.801237729821047,20.081684140537508,19.84970428342686,24.259104600043138,29.8054815375842,4.11,2.0,-0.87,0.97
RTX,2021-08-12,80.09672729019368,80.33230783138205,79.17253042779635,79.71617889404297,2816500,23.789588946080634,19.92555341767283,19.642200551971605,23.830676874017577,29.817840853900623,3.92,1.0,-0.78,1.06
RTX,2021-08-13,79.82488491541952,79.86112859911742,78.95505724499739,79.05472564697266,3051300,23.75997884775392,20.00299079966943,19.317449904328583,23.708672338229935,29.81857971551291,3.78,1.0,-0.76,1.16
RTX,2021-08-16,78.57450693683124,79.06378628514459,77.53252352354035,78.9550552368164,3895900,23.713522488300626,19.970034430653197,19.314963010203698,23.689214874381964,29.8169966813631,3.69,1.0,-0.73,1.17
RTX,2021-08-17,78.28457932931542,78.98225134578388,77.60502570130535,78.474853515625,3999200,23.554257438231936,19.967864714628607,18.950981111991062,23.704017292079126,29.787892902325186,3.6,1.0,-0.62,1.37
RTX,2021-08-18,77.96744920739675,78.75572692621566,77.38756404603114,77.45098876953125,4256200,23.873727912947363,20.08640198748758,19.05158203229854,23.47545366251771,29.798642330908475,3.5,2.0,-0.5,1.33
RTX,2021-08-19,76.86761731339314,77.33248226930687,75.62796352242182,75.97433471679688,5707000,24.48221478213721,20.45820684322479,19.286663540840557,23.579732778110287,29.85695723181484,3.39,3.0,-0.39,1.21
RTX,2021-08-20,75.91966201315881,77.00436104249395,75.65532330204904,76.61241149902344,4502400,24.387575073755848,20.528010370076444,19.32322318849982,23.572145562659628,29.841300906257956,3.27,6.0,-0.26,1.17
RTX,2021-08-23,77.09550042318618,78.00701022165109,77.03169501546435,77.4418716430664,3367700,24.60959502127724,20.024636944370044,19.34341133445382,23.507878005043604,29.82627578267084,3.14,7.0,-0.13,1.13
RTX,2021-08-24,77.57859456601196,78.46276012693092,77.4783279382211,77.87027740478516,4751800,24.474355460447978,20.06099090767216,19.355654513542863,23.497329833796123,29.72422939744651,3.01,8.0,0.01,1.12
RTX,2021-08-25,78.0434711591674,78.79090891297072,77.47833258267498,78.14373779296875,3195200,24.44156530323874,20.063897690454706,19.327039251850696,23.45024656470774,29.678614430601495,2.86,7.0,0.18,1.15
RTX,2021-08-26,78.07993512535852,78.20754594480768,77.04080752456551,77.25957489013672,2596000,24.68306796643252,20.174825834014687,19.40328608553579,23.391411828423557,29.70312139031298,2.82,10.0,0.34,1.1
RTX,2021-08-27,77.64240039809691,78.51744891924494,77.61505621841533,77.84293365478516,3590400,24.211040735455065,20.242909499598326,19.43077049195691,23.349205429754278,29.70930587531173,2.79,11.0,0.52,1.07
RTX,2021-08-30,77.92496512405162,77.95230930335782,77.20487160049655,77.29602813720703,2936800,22.500041694045695,20.26568467516102,19.46929416194722,23.346242588022587,29.651096536724143,2.77,12.0,0.69,1.05
RTX,2021-08-31,77.15930825281694,77.86116775978732,76.87673547752115,77.25957489013672,3969600,18.33077141454772,20.265721141130044,19.412410058874467,23.345419598949178,29.573373745624913,2.75,11.0,0.91,1.1
RTX,2021-09-01,77.60593756391548,77.60593756391548,76.49389458481606,76.65796661376953,4109000,17.388911920372042,20.27685009530732,19.4475487471519,23.09449864246622,29.58026631330648,2.73,13.0,1.16,1.09
RTX,2021-09-02,76.74913451643812,77.43276697455698,76.68532909851777,77.05905151367188,3471600,17.300042507617196,20.27867907823505,19.332870184067843,23.098120516491345,29.51376306761774,2.72,8.0,1.35,1.15
RTX,2021-09-03,76.91319335537607,77.14107080222044,76.11106724602028,76.24779510498047,3300100,17.5544293506187,20.342085968012327,19.41547615626872,23.121356187938673,29.470548488355824,2.71,13.0,1.52,1.11
RTX,2021-09-07,75.98346332342544,76.24780202025116,75.07195345337884,75.65531921386719,5701400,17.660446829532223,20.3369616759983,19.463452862282445,23.14503589621833,29.482382559987773,2.7,16.0,1.63,1.08
RTX,2021-09-08,75.50035823157846,76.09284099108663,74.92610260815104,75.53681945800781,3911400,15.69106988276808,20.337261899336955,19.462856468719004,23.129083169631713,29.294869141047258,2.68,16.0,1.7,1.09
RTX,2021-09-09,75.59149190042828,76.88583387186745,75.40919276094286,76.25689697265625,4521200,15.745129857674952,20.37451023491485,19.502618972638803,23.13006832869654,29.30306540403398,2.67,19.0,1.82,1.05
RTX,2021-09-10,76.73090113869291,76.98612278962301,75.47302002156525,75.65531921386719,3893400,15.744167850412932,20.32159851022623,19.288144464307447,23.13929798725886,29.317030138710248,2.66,4.0,1.01,1.14
RTX,2021-09-13,76.36628115010595,76.77646468550046,75.43654432089245,76.2386703491211,4768000,15.846713822393918,20.189010558538723,18.996669306777918,23.03144600092896,29.27185916281202,2.66,2.0,0.69,1.31
RTX,2021-09-14,76.38453255640242,76.42098683271985,74.98080647304734,75.41832733154297,5253300,16.078077646734084,20.10951061830258,19.081194487304817,23.05751439214713,29.226953230308432,2.66,4.0,-0.13,1.26
RTX,2021-09-15,75.81939406000315,77.53303017524311,75.50036698459527,77.35984802246094,5673400,17.191084698263236,20.189451075079692,19.168783065983835,23.232905472389554,29.30976497231539,2.64,5.0,-0.33,1.25
RTX,2021-09-16,77.42364681506515,77.5968289530341,76.4574416709865,76.58505249023438,5907500,15.90761492413047,20.240334164490843,19.226256215561076,23.262440681366492,29.24527021565065,2.63,6.0,-0.55,1.23
RTX,2021-09-17,76.19311005237564,76.57594949988783,75.08107380356398,76.01081085205078,23128700,15.556287636614988,20.216904213052395,18.95173653684701,23.230465616613166,29.25691821286181,2.63,2.0,-0.54,1.42
RTX,2021-09-20,74.65264720463331,76.20221094164957,74.30626906148181,76.06548309326172,8217100,15.323540895104168,20.20616612700129,18.945568977193112,23.230091648290742,29.244295982704088,2.61,1.0,-0.53,1.43
RTX,2021-09-21,76.2751450567402,76.70355580190315,75.35451815464121,75.75558471679688,5900300,15.290702082122836,20.21819730169521,18.952786012797347,22.613740687121904,28.981523477230265,2.6,4.0,-0.54,1.43
RTX,2021-09-22,76.53947538770016,78.35337785645481,76.21133131892567,77.72443389892578,6233700,17.051674118204957,20.562077172088518,19.369687508956325,22.745528756927865,29.078010583330858,2.59,19.0,-0.48,1.21
RTX,2021-09-23,78.0070063273962,79.30134850757611,77.94320092285965,79.07347106933594,5906800,17.510768305564522,20.785774629190037,19.484585778788745,22.7864111735603,29.00046073243172,2.57,28.0,-0.44,1.13
RTX,2021-09-24,78.90941772142237,79.91207729625587,78.71800146248528,79.44721221923828,4665900,17.454027696332012,20.70624240130215,19.49113739726894,22.76798084765787,28.945014415739294,2.55,29.0,-0.41,1.11
RTX,2021-09-27,79.96675466638337,80.64126994463942,79.5109997843219,79.61125946044922,4162100,17.28787097811858,20.601052015885145,19.490706292618015,22.7681313937761,28.94502613867367,2.53,29.0,-0.38,1.11
RTX,2021-09-28,79.39248914620192,79.96674467659217,78.81824057007843,79.1554946899414,5781200,17.370102669842975,20.608441999140783,19.491435608840266,22.782097751973456,28.867825102293704,2.51,31.0,-0.34,1.14
RTX,2021-09-29,79.45630837189587,80.0487911385278,79.01878755801884,79.292236328125,3612600,17.27579150760444,20.47918770290184,19.40206113325956,22.61681212719589,28.76884039179061,2.49,20.0,-0.35,1.22
RTX,2021-09-30,79.74798711887789,79.75710416369152,78.26222871056488,78.35337829589844,5642900,17.19640801306457,20.631875004172702,19.455974286602707,22.594913451281442,28.79989547971171,2.47,26.0,-0.3,1.19
RTX,2021-10-01,79.11906457203892,80.14906828766198,78.51746468120623,79.7388916015625,5499500,16.847227361046578,20.91239834871032,19.59835042313473,22.669756930630065,28.841664209906266,2.45,35.0,-0.26,1.06
RTX,2021-10-04,79.3013614236107,80.21287132503151,78.78180105797159,79.93030548095703,5490600,16.72778160316892,20.803081831558515,19.182570230672816,22.45637372029302,28.679538566336827,2.42,9.0,-0.37,1.18
RTX,2021-10-05,80.21286767197182,81.57101541604075,79.96676306967451,80.86915588378906,4820500,16.77396306173747,20.926301343915913,19.062263729541744,22.488951302889166,28.696821288243378,2.39,7.0,-0.34,1.26
RTX,2021-10-06,80.39513795956113,81.48895357077733,79.71150581040068,81.37045288085938,4354100,16.789047206860555,20.831054137594343,18.689787010955722,22.470246789592142,28.632276937832863,2.36,1.0,-0.35,1.47
RTX,2021-10-07,81.93561293371427,82.61012821849886,81.80800212184333,82.172607421875,3750900,16.954219944193753,20.875230393677295,18.710427977386036,22.444235800670125,28.578730293368064,2.33,2.0,-0.3,1.45
RTX,2021-10-08,82.30933035188121,82.79242938994255,81.79888018068382,82.60101318359375,3342700,16.520262638776007,20.892035929141866,18.581988675686677,22.419734987868015,28.531756648837153,2.29,1.0,-0.17,1.51
RTX,2021-10-11,82.69217804402147,83.29377095309596,81.89004489289744,81.93562316894531,3048000,16.704079478833883,20.631252243606856,18.629732100389813,22.308998867596124,28.501013622358386,2.26,2.0,-0.18,1.48
RTX,2021-10-12,81.68040351966224,82.54633515169378,81.27022684223017,81.78067016601562,3404100,16.535112299360122,19.57658656749398,18.61240848425638,22.267443350587772,28.49021399750718,2.22,2.0,-0.22,1.51
RTX,2021-10-13,81.8626954342698,82.0358845269703,80.50454773762947,81.74420166015625,3285500,16.534796518141277,17.360556987775677,18.586383237984776,22.03042348130991,28.430515242241615,2.18,2.0,-0.28,1.55
RTX,2021-10-14,82.32756505595434,82.46429291713696,81.22463902981224,81.27932739257812,4225300,16.438114764663077,16.916926849873025,18.575234423654287,21.57623283038765,28.435182542157367,2.13,1.0,-0.35,1.59
RTX,2021-10-15,81.89915077462076,83.21172705806411,81.73507873919034,82.87446594238281,4581600,17.183191629251116,17.23372247616999,18.81372765937013,21.50524289102593,28.48092763859477,2.08,8.0,-0.32,1.38
RTX,2021-10-18,82.12703749334572,83.05678145057601,81.41606091091573,82.76509857177734,3898700,16.778782929264064,17.239004950164638,18.812821031677647,21.50756738404197,28.41920362330684,2.03,8.0,-0.34,1.39
RTX,2021-10-19,82.92917361183807,83.39403865292358,82.44606752412648,83.15705108642578,4195100,16.485561409840756,17.25517256052849,18.443102240152033,20.845872473346578,28.4137353303753,2.0,1.0,-0.29,1.63
RTX,2021-10-20,82.66482225179388,83.7768652702242,82.10880074257872,83.56721496582031,3916600,16.43133025186787,16.474445981745575,18.45698757429052,20.842243405009864,28.410676198406428,1.96,2.0,-0.21,1.6
RTX,2021-10-21,83.24819632326816,83.55810633441946,82.56456393532682,83.50341796875,4274900,16.36804238721872,16.27525955808455,18.452536910508588,20.58034729442831,28.364393766723143,1.93,2.0,-0.18,1.62
RTX,2021-10-22,83.55809601961647,84.15057874021377,83.1114581951583,83.73128509521484,4160800,16.03685567841521,16.25596012822535,18.442733035012377,20.567640914566695,28.106362885483506,1.89,1.0,-0.15,1.61
RTX,2021-10-25,83.55810226104131,83.840675029851,82.67393663638983,83.2208480834961,5953900,16.212888185028902,16.21608144620122,18.471837120675282,20.586766158627732,28.112038259437238,1.85,5.0,-0.19,1.6
RTX,2021-10-26,80.47719430331935,83.12057389169847,79.30134592577,81.27021026611328,9122500,17.539626174326724,16.958757203300912,18.853510124179827,20.786324023285836,28.064321478235783,1.8,15.0,-0.22,1.46
RTX,2021-10-27,81.26109322168558,82.54631831529804,80.84179958348669,81.27021026611328,4273200,16.144070312481038,16.668368429141648,18.853237679179635,20.758990837018302,27.047064856960475,1.75,15.0,-0.24,1.46
RTX,2021-10-28,81.45250899922982,81.86268559083648,80.88737047023936,81.29755401611328,4179900,15.76550384421468,15.82868389606364,18.83414181519287,20.75582390436731,25.861160296023083,1.71,15.0,-0.25,1.49
RTX,2021-10-29,81.17906432345706,81.81712538557755,80.6777380827926,80.99676513671875,5202300,15.603177144390983,15.669337275819226,18.812617049946287,20.76180600185807,25.835112907007034,1.66,13.0,-0.27,1.5
RTX,2021-11-01,81.04234699491622,81.2975686493452,80.17640843393959,80.71420288085938,4588800,15.683586783356507,15.610016880977026,18.789458195426022,20.76881973601595,25.76434282006965,1.61,13.0,-0.3,1.52
RTX,2021-11-02,80.69596161520619,80.95118324694678,79.48365191017045,80.03056335449219,4554100,15.883236031023106,15.666030856101978,18.811741657337542,20.791963419259297,25.67321590861445,1.56,14.0,-0.29,1.53
RTX,2021-11-03,79.31957772867483,80.93295392823296,79.25577232246036,80.82357025146484,4148500,14.416021960549633,15.737959634762449,18.87671161694266,20.813159701926917,25.59935559108753,1.51,21.0,-0.3,1.45
RTX,2021-11-04,80.52277688235982,81.20640927046607,79.99410645413487,80.2675552368164,3711700,13.784385102254987,15.644943406715598,18.869171595735143,20.729525863773524,25.607969291503725,1.46,21.0,-0.27,1.48
RTX,2021-11-05,81.82624078454005,83.15705136027118,81.17906958909198,83.1114730834961,4330400,16.975820149690378,17.118973597566136,19.584519245146705,20.9979480575421,25.712331282674448,1.4,59.0,-0.33,1.4
RTX,2021-11-08,83.22997190483791,83.55811604552807,82.31846194831394,82.68306732177734,4469100,17.084109778238204,17.059883802249704,19.453701345304978,20.962092581026273,25.72028199200107,1.34,50.0,-0.43,1.47
RTX,2021-11-09,82.68304895041175,83.0111930181915,82.00853367965006,82.93827056884766,3372900,16.96075284812276,17.061253850288697,19.319272532073327,20.193802607440624,23.57923268615136,1.27,38.0,-0.51,1.54
RTX,2021-11-10,82.96563144001013,83.34847089895209,82.16350519865678,82.19996643066406,3503200,17.23111459344203,17.120313399589243,19.012875236672055,19.24209690370254,23.21757291041807,1.21,28.0,-0.58,1.77
RTX,2021-11-11,82.10879867847298,82.41870865062903,80.8418007019199,81.1699447631836,4993600,17.27844018172073,17.102493869718746,19.087757537476037,19.17240998986237,23.040248882661572,1.16,32.0,-0.63,1.72
RTX,2021-11-12,81.28844800806097,81.3522534188462,80.77800472177913,80.99676513671875,3273100,16.587511891279778,16.59855102789784,19.034535689313646,18.814756100067672,22.92984951230916,1.11,29.0,-0.67,1.76
RTX,2021-11-15,81.69863445451463,81.69863445451463,80.97854075827233,81.44341278076172,3423100,16.642259864584368,16.555094495003374,19.04803917653822,18.81853251105119,22.710143386775396,1.07,30.0,-0.72,1.74
RTX,2021-11-16,81.37049552490738,81.87182881206643,80.9512017548605,81.03324127197266,4746200,16.381007629954002,16.474405702265706,19.06511275067048,18.82543495577793,22.429550289205533,1.04,33.0,-0.76,1.73
RTX,2021-11-17,80.90561521007568,81.16995389774509,79.4745450418435,79.71153259277344,3910600,16.950000788196824,16.814618196087434,19.010146400061846,18.903821598052975,22.497126565577492,1.01,28.0,-0.75,1.75
RTX,2021-11-18,79.9407474127908,80.49086009916223,79.16141352911374,79.68402862548828,4376300,16.656536876316185,16.802652923384407,18.964619673046617,18.872705167789146,22.482340980239037,0.99,27.0,-0.72,1.78
RTX,2021-11-19,79.07889439598067,79.07889439598067,77.98783262908299,78.32707214355469,5478200,17.183987513812394,17.015766611505086,19.10151858640725,18.984627189372404,22.44864399806505,0.97,38.0,-0.7,1.75
RTX,2021-11-22,78.6754899032158,80.35333974214277,78.55630102208634,79.58318328857422,6819800,17.813405235216866,17.25446187057394,19.19380588299953,19.0219946817933,22.409052306319225,0.94,41.0,-0.7,1.67
RTX,2021-11-23,80.05994414821396,80.44502236701412,79.5281654679301,80.05077362060547,5950700,17.9198872260083,17.220166083737617,19.196051471251444,18.851644106977236,22.061269179568352,0.91,42.0,-0.71,1.67
RTX,2021-11-24,79.70235017175364,80.20662413555029,79.47313600549357,79.94073486328125,3464500,17.92071045222299,17.223527937883652,19.113623712768348,18.841826118024976,21.94553004870981,0.88,39.0,-0.71,1.72
RTX,2021-11-26,76.61255870849254,76.6400632957019,74.65048554351172,76.09912109375,7113600,22.7589124040207,19.96059904205105,20.66721769507526,19.62847548857665,22.493215199034385,0.86,92.0,-0.74,2.6
RTX,2021-11-29,77.09849299306508,77.4285620350848,75.65902794678136,76.04411315917969,5835000,21.82481294322187,19.92981843274719,20.655696395045865,19.5689926142761,22.4934388956505,0.83,92.0,-0.76,2.61
RTX,2021-11-30,75.29228716743162,75.64069025279771,73.60526692314876,74.19205474853516,7966000,22.711096886508315,20.444395165166483,20.93893402614619,19.686843531950252,22.42574433531944,0.81,94.0,-0.75,2.44
RTX,2021-12-01,75.31062346017947,75.31062346017947,72.43169342053781,72.4775390625,8499000,23.265078626332844,20.927093410539076,21.24999136818441,19.786973660044058,22.541294304587428,0.79,96.0,-0.54,2.22
RTX,2021-12-02,73.39438917648245,75.39313726771576,72.89928566818845,74.87052917480469,6409100,25.506861727705594,22.00368591112196,21.836884703662662,20.002663254174216,22.747868261536823,0.78,99.0,-0.58,2.0
RTX,2021-12-03,74.8246927971124,75.29229177865776,73.45857796325505,74.36626434326172,6038900,25.506818684488834,21.951658398066407,21.848606776692524,20.0113381278419,22.68772006447964,0.78,100.0,-0.6,1.99
RTX,2021-12-06,75.41147320270879,77.37354623159982,74.87969457000239,76.79592895507812,4964200,27.513851993922415,22.882988650632488,22.44872192531591,20.237224205716167,22.89405327030352,0.81,100.0,-0.61,1.74
RTX,2021-12-07,77.41022270074458,78.66631908035154,77.06181962237869,77.94200134277344,5102900,27.965065487952828,23.028146862530843,22.400289226934348,20.113320055327602,22.903891083410226,0.82,99.0,-0.56,1.75
RTX,2021-12-08,78.7029918244733,80.36250754662875,78.66632370464772,79.30812072753906,6749500,27.750759187641183,23.16762522496243,22.023837554345945,20.203220452475616,22.887167425105655,0.85,98.0,-0.56,1.84
RTX,2021-12-09,78.84969083952026,79.37229897574713,78.40959646398369,78.99639129638672,4241900,27.7641846108441,22.61184708067687,20.849029031656343,19.990276811832985,22.85244651293528,0.85,93.0,-0.53,1.67
RTX,2021-12-10,79.68403394905695,79.74821365017033,78.57463098042706,78.99639129638672,3294400,27.76300567807152,22.507682313704578,20.588374360424876,19.97030520648127,22.837125213600213,0.85,90.0,-0.52,1.84
RTX,2021-12-13,78.34540224926353,78.79466706889296,77.05263793916272,77.31852722167969,4173900,28.38613671234388,22.898453212867288,20.82398938897145,20.12462537930779,22.944200980696234,0.86,92.0,-0.53,1.7
RTX,2021-12-14,76.67672211509185,77.69443359593289,76.30998503682162,76.55753326416016,6144700,28.484596541595785,22.992896008802415,20.88243049545483,20.161953395443504,22.773818990132003,0.87,93.0,-0.56,1.64
RTX,2021-12-15,76.5208670113044,76.75925173581189,75.24643663018941,76.49336242675781,5388300,28.413455571799823,22.977253708530892,20.880737387467,20.142406865262515,22.772829920118934,0.88,92.0,-0.6,1.65
RTX,2021-12-16,77.25435219894788,77.49272991900088,75.60400724055528,75.82405090332031,4546300,28.278915495681044,22.422449057763995,20.495035270841832,20.172489473759356,22.78083218912418,0.88,86.0,-0.64,1.82
RTX,2021-12-17,75.82405829870136,76.11745220935778,74.42126844477968,75.43898010253906,8892600,28.25720071914195,22.13789209744294,20.431068912376706,20.162577376087125,22.78823660620621,0.88,85.0,-0.7,1.88
RTX,2021-12-20,74.29292297363281,74.58631693929131,73.06433792839529,74.29292297363281,5828400,26.23356966603047,22.3051377344082,20.54583454155598,20.237655893514262,22.832598056809093,0.89,86.0,-0.74,1.79
RTX,2021-12-21,74.87969576572989,76.94262363704402,74.87969576572989,76.72257995605469,7301900,28.21516791335501,23.31950494564429,21.16148727427348,20.585079576371612,23.035264712630006,0.9,94.0,-0.77,1.62
RTX,2021-12-22,76.53921981570491,77.70362504234645,76.49337417104695,77.08016204833984,3852800,28.245739468934783,23.319194286041544,21.167547482357953,20.589384298921637,23.02807571777859,0.91,94.0,-0.79,1.61
RTX,2021-12-23,77.52940580953985,78.11619357953155,77.49273069953261,77.84114074707031,2650000,28.393731740511036,23.41024350322869,21.07798756091426,20.585617082388204,22.956929958011557,0.92,92.0,-0.79,1.67
RTX,2021-12-27,77.6761077291711,78.29957062104597,77.23601339576324,78.15287017822266,2743700,28.252744754317188,23.300218536991785,20.718099473062495,20.581372881767166,22.947692936723314,0.93,86.0,-0.79,1.88
RTX,2021-12-28,77.99700793931387,79.17058352776195,77.73111862707762,78.8680191040039,3220100,28.410079270505513,23.091991431879997,20.676587740349582,20.54240884650596,22.958608276474205,0.93,85.0,-0.79,1.91
RTX,2021-12-29,78.46461692513294,78.91387485750259,78.13454787419026,78.74884033203125,2085300,28.345709259919293,23.087230218424892,20.637983910811585,20.5415330979799,22.95440267791958,0.93,82.0,-0.78,1.95
RTX,2021-12-30,78.88635683619135,79.30811010834273,78.5746218989113,78.66631317138672,2459400,28.32124531273188,22.95338287007967,20.61874351450601,20.54241557249588,22.91506971385434,0.94,81.0,-0.78,1.96
RTX,2021-12-31,78.60215897758621,79.15227181559489,78.39127877556636,78.90471649169922,2667700,27.957711781135924,22.923495965144422,20.597905133269045,20.542117394969015,22.915773714507882,0.94,80.0,-0.78,1.98
RTX,2022-01-03,78.92302702100149,79.89489289204646,78.91385649531384,79.73902893066406,5169200,28.13423558264597,22.937575896031717,20.591375855016096,20.56981068090653,22.489010418667988,0.95,79.0,-0.77,1.99
RTX,2022-01-04,80.56421708762078,82.58129943870993,80.40834610075957,82.53545379638672,6044200,29.34636722273347,24.00762857628419,21.27474822454008,20.817964958391833,22.69744185016646,0.96,95.0,-0.82,1.81
RTX,2022-01-05,82.70048872169451,83.91991006482478,81.96700740636226,82.12287139892578,6833600,29.09419187699361,23.971682119500755,21.24677406089781,20.666332341817284,22.67783068095277,0.97,93.0,-0.86,1.83
RTX,2022-01-06,82.88385561403702,83.36978859586647,82.15953790704249,82.5721206665039,5559000,29.088638059357898,23.9936951087545,21.260310597548514,20.671545580793214,22.66709725195514,0.99,94.0,-0.91,1.81
RTX,2022-01-07,82.75549010656746,83.7732016327603,82.5996191467891,82.92052459716797,4835300,29.093488254013927,24.007641167183827,21.24247047065682,20.512953152964364,22.669220917965568,1.0,91.0,-0.95,1.83
RTX,2022-01-10,83.14058061882038,83.24143543335803,81.82030449764571,82.26956939697266,4884200,25.04672685016479,24.034799204743333,21.172602585471573,20.529704604500036,22.686244750996963,1.01,90.0,-0.97,1.88
RTX,2022-01-11,82.27873094126215,83.28727206720917,81.84780710684217,83.17725372314453,4529800,25.1411343047341,23.807044344841337,20.994056380817426,20.408025254048244,22.58785012423679,1.01,86.0,-0.97,1.99
RTX,2022-01-12,83.43396636280615,83.93824038610067,83.28726592146154,83.4981460571289,4613100,23.735540630373887,23.817813878011414,20.965453072438223,20.409234512710654,22.536527854997853,1.02,85.0,-0.97,2.02
RTX,2022-01-13,83.78236845701365,84.7725754395411,83.39729029549586,83.94740295410156,5026300,22.27789706690112,23.82344179155001,20.91795191214285,20.41351724925998,22.534742173538405,1.03,83.0,-0.97,2.06
RTX,2022-01-14,83.4798134067585,84.79091889436427,83.17724898768128,84.65338897705078,4987400,20.725403561076625,23.86342313282085,20.939241873108262,20.429057342455096,22.39519011947384,1.03,84.0,-0.96,2.04
RTX,2022-01-18,83.7365363329962,84.25914444860466,82.77383385921415,83.20475769042969,6010200,21.41530064676223,24.130327837515058,21.130449112301456,20.50325557349889,22.47118016016854,1.04,87.0,-0.99,1.9
RTX,2022-01-19,83.18642624488889,83.74570249577425,82.13203945359021,82.24205780029297,4887800,20.087393806827883,24.2388148448609,21.13422951362638,20.55089053025265,22.490895440474013,1.05,87.0,-0.99,1.9
RTX,2022-01-20,82.48044310224365,83.27811109655826,80.91261869553932,81.01347351074219,5354700,20.332027670704097,24.399057580764495,21.25018510204761,20.631554778904757,22.518302773559252,1.06,93.0,-0.98,1.82
RTX,2022-01-21,81.16015602580072,81.42604532137683,79.60150235662971,79.95907592773438,5846500,20.154489455739345,24.061223829765158,21.325741802793935,20.679811077715975,22.545576703488372,1.07,95.0,-0.95,1.76
RTX,2022-01-24,78.63881478943097,80.95846866813076,77.74946945470641,80.7934341430664,8849700,20.32111230601619,24.160066020146644,21.3847482845172,20.667032597878503,22.46995757991426,1.08,95.0,-0.93,1.71
RTX,2022-01-25,77.93283784085172,83.69986868048233,77.93283784085172,82.80134582519531,10377400,21.456235285471788,24.682566815656156,21.681515501575905,20.842989715668516,22.555975047887436,1.09,95.0,-0.91,1.54
RTX,2022-01-26,82.49876584525123,83.91071895456548,80.19745365606913,81.5819091796875,9829100,20.916819203184225,24.86456654194596,21.810156802418263,20.895335855055407,22.452419301787877,1.11,95.0,-0.88,1.46
RTX,2022-01-27,82.44376720111666,83.87406865985777,81.05014785125857,81.85697937011719,6998700,20.624385311466977,24.861720755447358,21.740873398575705,20.685121993066154,22.115770711729954,1.12,94.0,-0.83,1.5
RTX,2022-01-28,81.5727534099287,82.85635437291788,80.20663868974242,82.8196792602539,5877600,20.781482277982054,24.90299517522516,21.76683861418694,20.62280338753614,22.024680571777097,1.14,94.0,-0.78,1.48
RTX,2022-01-31,82.15954366978569,82.89303195478928,81.60943095356434,82.69132232666016,6419700,20.539818626987184,24.8308945052167,21.766791065868524,20.421418525697405,22.025458732164868,1.15,93.0,-0.72,1.48
RTX,2022-02-01,82.60879996874539,83.3789633525588,81.8478071119588,83.1864242553711,6558400,20.41612898530841,24.809742654440726,21.738626672946097,20.412138025100155,21.560073433645112,1.16,91.0,-0.67,1.5
RTX,2022-02-02,82.79217466336742,84.9834619305417,82.746329023778,84.84593200683594,5978600,20.172807571534943,24.104271852079858,21.89709288535199,20.470039304958583,21.634498397085068,1.18,97.0,-0.6,1.4
RTX,2022-02-03,84.48835350564934,85.25850984166658,84.00242053243912,85.09347534179688,7171700,18.377435547796775,24.082225462235908,21.873943975157783,20.46970198786437,21.449916125958353,1.19,96.0,-0.54,1.42
RTX,2022-02-04,84.6808895558954,86.0928497830712,84.45167536956937,85.27684783935547,6321400,18.377540968749344,24.07868877701265,21.79081794629909,20.459491944325887,21.442019943986747,1.19,92.0,-0.46,1.48
RTX,2022-02-07,85.68943566614642,86.85384771907627,85.2768529042794,86.21204376220703,4932700,18.413235856693223,24.09114033808878,21.50062294150501,20.48298526425055,21.46419467222786,1.2,86.0,-0.39,1.63
RTX,2022-02-08,86.02868774010312,87.39480261225722,85.14850592344298,87.16558837890625,8173200,18.544200938075896,24.015843222003085,21.48261239679499,20.50247707331043,21.477299464306018,1.2,85.0,-0.25,1.64
RTX,2022-02-09,88.04574646370261,88.31163574212951,87.54147948328864,88.01824188232422,5394900,18.5611130091035,24.068829861046723,21.47696029409567,20.527488739720333,21.475442034027868,1.21,84.0,-0.05,1.65
RTX,2022-02-10,87.39478730744678,88.89843185530184,86.68881067018614,87.15640258789062,6534300,18.91624650230327,24.161962589546143,21.551595466071564,20.563420635811674,21.501602350846472,1.21,86.0,0.02,1.59
RTX,2022-02-11,87.33061918701098,88.06410750051764,86.25789829943447,87.34895324707031,6532900,18.873481817148253,24.128443528541833,21.53427822434905,20.373320208067796,21.500163916365036,1.21,85.0,0.08,1.61
RTX,2022-02-14,87.56898748233642,87.65150122969202,85.16682035232338,85.790283203125,6419200,19.87607391624225,24.17937943385368,21.39860662994143,20.49004567078984,21.585250198048406,1.21,81.0,0.06,1.65
RTX,2022-02-15,85.80863972324947,87.00972710021482,85.79030566183584,86.22122955322266,4616000,19.753683310440188,24.189436960469727,21.250350725852446,20.494789607000655,21.58280951943095,1.21,76.0,0.0,1.75
RTX,2022-02-16,86.19369751735132,87.34893188526851,86.11117677960794,86.8721694946289,4560900,17.377569757868027,23.911042743674635,21.267951675231384,20.505356120024235,21.589363167857318,1.22,77.0,-0.05,1.74
RTX,2022-02-17,86.1570366895234,87.25726207798748,85.67110369303406,86.51461029052734,5753300,17.349650781293413,23.755447595492846,21.28196753035649,20.512448927748572,21.523011442266665,1.22,78.0,-0.11,1.73
RTX,2022-02-18,86.31291804038756,87.11058615434023,85.25853108380105,85.60694122314453,6544800,17.668562494323403,23.861381906472673,21.33335798652944,20.54922081104012,21.4773599139357,1.22,79.0,-0.15,1.68
RTX,2022-02-22,85.8361370888651,86.86301223944584,85.07514425758663,85.76278686523438,5862200,17.64677179206727,23.856101330030103,21.333467441983807,20.549695632523807,21.441404165790974,1.22,79.0,-0.19,1.68
RTX,2022-02-23,86.45960701407633,86.67048018029487,84.39667902376758,84.57087707519531,6903300,18.003235397794455,21.667275958354473,21.36757543846394,20.610632813909625,20.956564062676083,1.22,79.0,-0.18,1.66
RTX,2022-02-24,85.74175264474884,87.26297869523665,82.33973891797923,86.89419555664062,9698500,19.34287227894859,22.273008966932963,21.61140667328516,20.837129072329176,20.456025018057197,1.23,86.0,-0.22,1.57
RTX,2022-02-25,87.02326557850297,90.60044572058784,86.8480920111126,90.462158203125,8692300,22.372241810175193,22.890209549815086,22.496771990458,21.344826174054703,20.734625355794517,1.24,100.0,-0.07,1.48
RTX,2022-02-28,91.29191539846082,94.92441773884315,90.7203082109776,94.68470764160156,16726100,25.602637881286327,23.804216553635886,23.519761825722586,21.98771230890106,20.974474784644816,1.27,100.0,0.89,1.54
RTX,2022-03-01,94.7492438096527,96.19671183266559,94.20529412889368,94.71237182617188,12340900,25.590124096689344,23.08868684961253,23.50900247913394,21.986651585437645,20.972882761380855,1.3,99.0,1.29,1.55
RTX,2022-03-02,94.22372266513614,94.50953326914774,91.99259504155783,92.87767028808594,12834600,25.762325560039002,23.48720885424695,23.70684459544376,22.10472698942526,21.07300916153849,1.32,100.0,1.19,1.47
RTX,2022-03-03,93.17269610001509,93.44006368188633,90.93234694677257,92.0386962890625,8613500,25.640422018187902,22.866049305468756,23.754161281669887,22.092152231232554,21.074835007543772,1.35,100.0,1.01,1.45
RTX,2022-03-04,92.14934802519964,92.14934802519964,90.56359221843675,91.81744384765625,8627200,25.090672445639644,22.758712627084684,23.715424053658992,22.017623122137806,21.059003812696826,1.37,99.0,0.83,1.47
RTX,2022-03-07,93.38476792415868,95.05350324279624,90.46217397953185,90.5267105102539,12759000,25.155680069839914,22.809475453680232,23.834946369319823,22.019271817391044,21.110035682180666,1.39,100.0,0.64,1.4
RTX,2022-03-08,90.36073591646806,90.72029750291331,87.29984815881063,87.44735717773438,9410600,27.459242561575977,23.997368233473765,24.496056740089927,22.243382369323307,21.380020208897463,1.43,100.0,0.53,1.26
RTX,2022-03-09,87.81614521498251,91.34723179733997,87.81614521498251,90.8309326171875,7100500,28.639232810489734,25.11792419329667,25.177945237632542,22.661519948634286,21.587199355347387,1.48,100.0,0.37,1.09
RTX,2022-03-10,90.50826340801851,92.011053609115,90.03807171990303,90.82173156738281,5118400,28.152231553786507,24.63032579657049,25.00644198449478,22.632191741971987,21.580992871892565,1.52,99.0,0.22,1.2
RTX,2022-03-11,91.07064769113751,91.96494451764387,89.24518205476356,89.3558120727539,4354300,28.734331661689495,24.803574020259692,25.152692235143398,22.720834776128864,21.575835302823286,1.57,99.0,0.1,1.13
RTX,2022-03-14,89.58630508898467,90.03806779798,87.96367045056259,89.4664535522461,5581700,28.616563333975897,24.795013373024222,25.144813574675574,22.719404992808595,21.540175309710268,1.6,98.0,-0.01,1.14
RTX,2022-03-15,90.24089326277054,90.44372435423195,89.03313526137337,90.00119018554688,5417600,28.605286684423763,24.689398385438803,25.14975935050343,22.609241792666985,21.47228368732025,1.63,98.0,-0.12,1.13
RTX,2022-03-16,89.46646377565098,90.01963505804954,86.7282578387304,88.3232421875,8813000,29.26307129567065,25.036030152819812,25.33988519304591,22.705487403254594,21.50458955622551,1.67,100.0,-0.19,1.05
RTX,2022-03-17,89.06079894362274,90.15792699590625,88.35089710823324,90.12104797363281,6537200,29.284252413120843,25.005616104980845,25.528047985522456,22.793557489727696,21.483255726144463,1.7,100.0,-0.29,0.94
RTX,2022-03-18,90.35152248750815,90.60966856918282,88.81186047612489,89.90898132324219,10438500,29.309946556283222,24.28855918876581,25.509339976469004,22.76702830791647,21.481329507136575,1.73,99.0,-0.38,0.95
RTX,2022-03-21,90.20400419782692,92.95143107210896,90.16713221617077,92.1401138305664,6673700,30.03838825718466,24.696330445293285,25.479625336530454,22.932899619062656,21.520258363823448,1.77,98.0,-0.46,0.92
RTX,2022-03-22,92.01103765164912,93.6982085959619,91.19049892572926,93.46772003173828,6048300,30.136251869217677,24.76640085126999,25.562753421949115,22.943588231217362,21.424752565153778,1.8,100.0,-0.52,0.86
RTX,2022-03-23,93.26490836007919,94.48188785905508,93.21880782754566,93.3294448852539,4471800,30.054304717146785,24.782881773583618,25.56630158889951,22.945504137838306,21.42341138819672,1.83,100.0,-0.58,0.86
RTX,2022-03-24,93.72587916081211,94.22372830167927,93.23723746470738,93.77197265625,3894600,29.981320006038715,24.75269016865427,25.55865157545078,22.94008517681279,21.283381309183333,1.85,98.0,-0.64,0.86
RTX,2022-03-25,94.03935793315883,94.93365491344609,93.96559988584647,94.43579864501953,3521400,29.795405185820194,24.74995171669143,25.56140883668685,22.92112494100464,21.279820333566267,1.87,98.0,-0.68,0.85
RTX,2022-03-28,93.73511211292218,94.18687488133847,93.04364623950029,93.6613540649414,4053300,29.962836647727144,24.844136580023346,25.558721916053162,22.94490040724068,21.287554841580803,1.89,97.0,-0.73,0.85
RTX,2022-03-29,92.9790866443309,93.4861643059846,91.61459826489472,93.1911392211914,5038200,29.429079605489903,24.89734093923107,25.54514372465832,22.91627167918378,21.296449171483523,1.91,95.0,-0.79,0.87
RTX,2022-03-30,93.69821444357662,94.38968017940118,91.97416437731744,92.96065521240234,5168100,29.459268200820922,24.867101235070763,25.518063985611946,22.909098463058733,21.283551273004242,1.93,93.0,-0.85,0.88
RTX,2022-03-31,91.531629900813,93.03442004489612,91.27348379933836,91.33802032470703,5505600,29.983417414851328,24.296411567486388,25.128197548331737,23.015249159722533,21.36584317191111,1.94,85.0,-0.91,0.98
RTX,2022-04-01,91.97416759767111,92.61031131381526,91.25504433266694,92.35216522216797,3608600,30.050814105656155,24.33004336239237,25.159576416869132,22.944085454638156,21.377509568810265,1.95,88.0,-0.96,0.95
RTX,2022-04-04,92.30608171043095,92.56422783000325,90.8678279908858,91.55007934570312,3812300,29.988293106114817,24.416314124373756,25.20572484786971,22.67181177112461,21.390969792672358,1.96,89.0,-1.02,0.93
RTX,2022-04-05,91.71600413082558,92.66561580260839,90.91390146891624,91.0982894897461,4217100,30.060525085475227,24.44852778036682,25.173624660055488,22.07010195051067,21.3994448248243,1.96,87.0,-1.06,0.94
RTX,2022-04-06,90.6465464675907,91.5316217512522,90.47137289977799,90.77561950683594,5260800,29.72777079568299,24.3930645846215,25.089625586272906,21.94978445682598,21.402819450163708,1.97,81.0,-1.09,0.99
RTX,2022-04-07,90.58199993336179,93.36629851576377,90.259317370924,93.09893798828125,6151500,29.59993202475742,24.799386411334066,25.374762869292216,22.10929361038987,21.519442973080665,1.97,90.0,-1.13,0.84
RTX,2022-04-08,94.02089065187542,94.72157076632051,92.25995478652415,92.56420135498047,4811400,27.39670438749303,24.844913342650234,25.391324554364385,22.12338734949434,21.52584876045551,1.97,90.0,-1.16,0.84
RTX,2022-04-11,92.78549578427489,94.91520832436292,92.78549578427489,94.1407699584961,5707600,24.411931145935664,25.028723894036297,25.49076058531476,22.203330857235112,21.53709628933098,1.97,91.0,-1.18,0.78
RTX,2022-04-12,94.2052949027762,95.86481553117996,94.10387936248745,94.59251403808594,4839200,24.45440321228866,24.999927947547164,25.33264271676856,22.00772006277466,21.539041203613696,1.96,86.0,-1.19,0.85
RTX,2022-04-13,95.25632866547323,96.29813460895559,94.62939938988505,95.30242919921875,5351900,23.82657731508396,24.704526810839635,25.346905459354062,21.970230233516947,21.547963965255303,1.96,87.0,-1.19,0.83
RTX,2022-04-14,95.7818391311655,96.78677305416291,95.57900804392085,96.1321792602539,4027400,23.738574733646207,24.566652346132443,25.186189033519103,21.983442165503565,21.559965500866937,1.95,83.0,-1.18,0.9
RTX,2022-04-18,96.12295679954252,97.22929914034499,95.80027420297122,96.15983581542969,3873300,23.713361006801538,24.29552042108623,25.089245638757507,21.957099375700647,21.55732674319862,1.93,74.0,-1.17,0.96
RTX,2022-04-19,96.28890429382038,97.41368960627317,96.03075822878913,96.39031982421875,4572800,23.2417847635281,24.06729777562896,25.081331383667276,21.94946191131768,21.45925780656144,1.92,73.0,-1.17,0.97
RTX,2022-04-20,97.43212881045274,97.74558989005891,96.14139140876497,96.77754211425781,4232200,20.47291567598312,24.02051589836808,25.078229567641376,21.88491086711829,21.351982162887506,1.9,72.0,-1.16,0.97
RTX,2022-04-21,97.58886800967274,97.7455985633831,93.48617390399804,93.79042053222656,5795300,20.152273118701896,24.604315085652644,24.297672906021926,22.008300888143882,21.597346280626283,1.9,69.0,-1.15,0.44
RTX,2022-04-22,93.53226927163328,94.55563919871221,92.53656388454475,92.6471939086914,4683300,20.518619296799802,24.53432607880338,24.400539965408242,22.023478777844012,21.530313134002796,1.9,69.0,-1.13,0.4
RTX,2022-04-25,92.05715119457913,92.12168772525997,89.95509615645526,91.83588409423828,5612500,20.09236630189578,24.634335508684803,24.08779618399957,22.036848205239025,21.547148400530677,1.89,67.0,-1.13,0.46
RTX,2022-04-26,89.33738532369833,93.07129653019355,89.22674826030841,91.44866180419922,7199200,20.146997275529788,24.580491182707128,23.761060919588783,22.03129751670523,21.447858875547173,1.89,65.0,-1.18,0.55
RTX,2022-04-27,91.47631610458068,92.11246688735088,89.9827474539717,91.12596893310547,6632100,20.120777309661754,24.59489067493784,23.28046103694334,22.026779691747116,21.450831645857225,1.89,59.0,-1.17,0.71
RTX,2022-04-28,91.27346626069908,91.51317632341566,89.33736383771715,90.4252700805664,6544200,19.444559892260692,24.651390954769173,23.2901255047128,22.015629625123474,21.46514534812901,1.89,59.0,-1.17,0.71
RTX,2022-04-29,90.78484850298206,91.17206765263728,87.22610404997084,87.50269317626953,5883000,20.873133915083315,25.326042014014348,23.430560307727966,22.351039515894964,21.72337902723398,1.89,59.0,-1.14,0.82
RTX,2022-05-02,87.13390660401993,87.8899088811244,85.18858238477183,86.86653900146484,7870600,20.95035304485735,25.371123535041423,23.368899013069207,22.345602189440832,21.713773798351887,1.89,58.0,-1.09,0.88
RTX,2022-05-03,87.75161380630709,88.62746761017375,86.95873251621684,87.9544448852539,5612200,19.93330884777919,25.489892883650455,23.29440666090213,22.389005596152398,21.744339248484387,1.89,57.0,-1.04,0.93
RTX,2022-05-04,87.5764540636494,90.36997501191354,87.53957504038415,90.1302719116211,6160800,20.82970238035723,25.87342353693857,23.574043168163396,22.551323232037863,21.874035469884923,1.88,61.0,-1.0,0.77
RTX,2022-05-05,90.16712286367257,90.53589891360724,87.96365290573723,88.80262756347656,5906500,21.20121596718238,25.97752921112771,23.712469687633828,22.567036428257275,21.921113782945437,1.86,62.0,-0.94,0.72
RTX,2022-05-06,88.2402489029067,88.55371703568495,86.40556173860848,87.86225128173828,5295000,21.266923507749258,25.997494057056652,23.51084110741361,22.48244045657926,21.91941315300094,1.85,58.0,-0.88,0.78
RTX,2022-05-09,87.15233374120824,87.3920438146537,84.12832494002922,84.58930206298828,6071900,23.459385310141528,27.06758799169875,24.260655995020898,22.927053446377013,22.239283254799737,1.85,67.0,-0.84,0.79
RTX,2022-05-10,85.22547003616589,86.53464364285817,84.22975756039115,84.53400421142578,7526300,23.43409499658936,27.0617254420223,24.260318011052924,22.895197044648103,22.222076823451534,1.84,66.0,-0.81,0.79
RTX,2022-05-11,84.14677462860325,86.78356476389908,83.72267645051457,83.8978500366211,6493900,23.46056865918986,26.857718464331942,24.248428128098993,22.907001177715568,22.09425487579525,1.82,65.0,-0.8,0.8
RTX,2022-05-12,83.75955728262473,85.25312596869354,82.9205824217627,84.34039306640625,6356200,23.596733085224113,26.859909334010673,24.237788322912877,22.911277309466012,22.029009895284275,1.81,64.0,-0.83,0.8
RTX,2022-05-13,84.86591418926494,85.38220645627436,83.98083168302797,84.74605560302734,5465600,23.30320383789314,26.83153229434127,24.100759505948506,22.873877921786672,21.897856366630826,1.79,63.0,-0.96,0.86
RTX,2022-05-16,84.6815085978382,86.23961375461327,84.64462957847594,85.26234436035156,5158500,23.09594018013581,26.85267082020586,23.600882605445662,22.868270995467682,21.891949045740823,1.78,55.0,-0.98,1.02
RTX,2022-05-17,86.96795882308336,87.71473962405,86.20273499540308,87.53956604003906,4447200,24.491824858534002,27.3090653501895,23.934271815213982,23.053755795344873,21.99905036984383,1.77,61.0,-0.99,0.87
RTX,2022-05-18,86.96796492733569,87.77006079683461,85.07795549189103,85.3822021484375,5843100,25.406278963915696,27.79531471899662,24.252571447550547,23.252272888024795,22.144658539153276,1.76,65.0,-1.0,0.77
RTX,2022-05-19,84.75151357100181,85.75317468494886,83.04498611107131,83.70348358154297,5234700,25.918252603560827,27.946262008266633,24.470298408265474,23.356709698511267,22.229453851447385,1.75,69.0,-1.02,0.69
RTX,2022-05-20,84.25069622949721,84.55676057498606,82.01551512148279,83.54582977294922,6585500,24.528942706558272,27.363311666804307,24.43618563823444,23.35158013217768,22.2210520429145,1.74,68.0,-1.04,0.72
RTX,2022-05-23,84.02808721837799,85.3450820528112,83.47161122540386,85.16886901855469,4701300,25.39340903206893,26.342194689477093,24.612474464040062,23.41974668804012,22.28931784972028,1.72,70.0,-1.05,0.62
RTX,2022-05-24,84.58458215829005,86.64355016188149,83.90753845590625,86.44878387451172,5932000,25.266791470248812,24.72271411723609,24.71249682622817,23.459040804932304,22.3350437483763,1.7,70.0,-1.07,0.56
RTX,2022-05-25,86.55079508870065,87.27421466368062,85.87374439038688,86.77338409423828,3742000,25.24130697444281,24.74364751892933,24.714310801553292,23.460107620023194,22.336290368166555,1.69,70.0,-1.1,0.56
RTX,2022-05-26,87.66374740697516,88.90655076588797,87.28349148308318,88.10893249511719,5545800,25.61755499538407,24.6849542636211,24.772637603727745,23.50033232122565,22.25958872130903,1.67,70.0,-1.1,0.53
RTX,2022-05-27,88.69322419271809,89.70416185891068,88.29441508924371,89.69488525390625,3394200,26.10192783326997,24.91841882054022,24.337560879152335,23.563298141207735,22.327939132831357,1.66,62.0,-1.08,0.58
RTX,2022-05-31,88.44281910752757,89.0085717636884,87.76576841088404,88.22023010253906,6478700,26.411892240631985,25.134727471346512,24.477102990400965,23.640372175489325,22.390916407044077,1.64,65.0,-1.05,0.52
RTX,2022-06-01,89.04567560267154,89.29608736141921,87.27421885116787,87.9327163696289,4245900,26.36472000535781,24.983679800585588,24.47326696211469,23.60492648850416,22.389494597929755,1.63,64.0,-1.01,0.52
RTX,2022-06-02,88.82307892737603,89.3239095175608,87.23711892977953,89.25898742675781,3460300,26.807817278028505,24.143366408173904,24.572749916891077,23.4839232571286,22.437108507346345,1.62,66.0,-0.98,0.47
RTX,2022-06-03,88.44282846490356,89.61143324769282,88.37790637008068,89.34246826171875,2837000,25.40523639596727,22.836129798545855,24.533870085899874,23.448343906269322,22.434560231750563,1.6,65.0,-0.95,0.48
RTX,2022-06-06,89.95458748532717,90.41831874353215,89.39811139067669,90.15863037109375,3080300,25.381731872315328,22.916732005116074,24.51589424317042,23.447161987054,22.45115132944177,1.58,64.0,-0.91,0.49
RTX,2022-06-07,90.1307944831812,93.37691281720566,89.6485171584129,93.21924591064453,5634600,27.12660063251121,23.669188467311667,25.051665565793936,23.75912674620708,22.686374547956223,1.56,71.0,-0.91,0.37
RTX,2022-06-08,92.49583572960944,93.05231179932034,91.78168566143246,92.0321044921875,6666600,27.369795636782396,23.830393086416677,25.139006781475732,23.80852693229179,22.71414581038325,1.55,76.0,-0.89,0.34
RTX,2022-06-09,91.19739309550837,91.97645823126437,90.2606539504876,90.31629943847656,4566900,27.90488993389659,24.12589280693487,25.303842659766296,23.74370769184904,22.784861997973405,1.53,84.0,-0.86,0.29
RTX,2022-06-10,88.86944930834608,89.6763441657009,87.59882323834576,88.56338500976562,5615900,28.387716246918597,24.15247023721782,25.348660232129756,23.78574150558743,22.8654686223525,1.51,87.0,-0.81,0.28
RTX,2022-06-13,86.70845960084478,86.74555894673473,84.75151333000389,85.28016662597656,5419200,28.903469930298755,24.995743091408514,26.001715109845392,24.210560135215815,23.181325409978058,1.51,100.0,-0.79,0.28
RTX,2022-06-14,85.72536103886047,85.98504941240168,84.14867758465883,84.69587707519531,3977900,28.89556414552924,25.02397128753662,25.910572184747444,24.22497760299221,23.180229332690928,1.5,99.0,-0.81,0.31
RTX,2022-06-15,85.41929913433914,86.43023698973236,84.21360206923742,85.58624267578125,4139200,28.821746936206505,24.57377166456918,25.86693872272776,24.24350845300678,23.176110131300952,1.49,98.0,-0.89,0.33
RTX,2022-06-16,84.4454438323364,84.56601138196761,82.55341992287917,83.02642059326172,4517700,29.00967689894446,25.067893268694192,26.283353522727655,24.51527031013907,23.32936914633679,1.48,100.0,-0.96,0.25
RTX,2022-06-17,82.97079125596994,83.48089844202585,81.254987111201,82.432861328125,7577200,28.81619971072905,25.090255003173585,26.018634375941787,24.488568325016296,23.29771798855492,1.48,99.0,-0.95,0.35
RTX,2022-06-21,84.25997003204941,86.57862637347057,83.57364973626248,86.17981719970703,5834200,31.736320302314734,26.811570553628744,26.849641110873783,24.958208624022845,23.5959134545102,1.49,100.0,-0.97,0.4
RTX,2022-06-22,84.58456732871888,87.01452134336063,84.47327637029238,85.84591674804688,4481500,29.72752351921671,26.75778059634129,26.854931727146887,24.96230401686918,23.58805574842085,1.49,100.0,-0.99,0.4
RTX,2022-06-23,85.79027068469242,86.55078955799333,84.18575764386257,85.10395050048828,3310500,29.845190830699874,26.76266712875634,26.83306655530356,24.949001329854685,23.586942402369434,1.5,98.0,-0.99,0.42
RTX,2022-06-24,85.79028279947278,87.52464025314914,85.21525349173524,87.3669662475586,4782200,30.675747990873393,27.352253141262615,27.145940079356002,25.128062739638178,23.72766999289035,1.51,100.0,-0.98,0.3
RTX,2022-06-27,87.58955977712199,88.15531246182378,87.03307662261206,87.9327163696289,2942600,30.690918721873313,27.393925403089746,27.148514846133764,25.11349719867559,23.73455950359612,1.51,100.0,-0.96,0.3
RTX,2022-06-28,88.50773126625633,89.76908061298175,86.88467217351159,86.9774169921875,3358800,30.87690739446299,27.253931285821835,27.032838940890823,25.14234363867493,23.68393556952477,1.52,98.0,-0.94,0.36
RTX,2022-06-29,87.38552091142242,87.45971961222911,85.60479454792713,86.53225708007812,2504100,30.883476320856,27.154761015747873,27.042812171427137,25.130909248404148,23.67570789294543,1.52,98.0,-0.93,0.36
RTX,2022-06-30,86.22618846471016,89.28681042324804,85.985046237051,89.13842010498047,6319100,31.138639123383673,27.825304763999842,27.444138028202183,25.368495039816118,23.835242143960254,1.53,100.0,-0.9,0.24
RTX,2022-07-01,89.08276640211437,90.26064053736859,88.42426187087264,89.9823989868164,4221000,30.268745251528966,27.88179457915601,27.430749282335693,25.390300000409677,23.830514738452955,1.53,99.0,-0.88,0.24
RTX,2022-07-05,88.03474227284396,88.52629628506882,84.77935386419253,86.17981719970703,4938700,32.39525942460764,29.234791097800095,28.235716456940214,25.901913216848072,24.223046659485057,1.54,100.0,-0.89,0.27
RTX,2022-07-06,86.25399799939595,87.84923436336892,85.5491246366222,87.10726165771484,4294700,32.504079745322315,28.828099010930185,28.244744544288398,25.831732853230072,24.217939196999154,1.55,100.0,-0.9,0.27
RTX,2022-07-07,87.69157662971543,88.10893189778788,87.00524932865036,87.12582397460938,3212600,32.06092083847329,28.812919731651572,28.201590262951754,25.831035155550836,24.217903259392497,1.56,98.0,-0.9,0.28
RTX,2022-07-08,87.45043457681506,88.77670615299877,87.12582413704497,88.22023010253906,2763200,31.975186596580897,28.709991273605777,28.26919050002835,25.86609447394787,24.242467554271155,1.56,100.0,-0.9,0.25
RTX,2022-07-11,87.45044089384483,88.23878261194045,87.22785187277748,87.83997344970703,2501400,31.99332589059946,28.69112310516957,28.12922204146081,25.86610640322859,24.224619253734375,1.56,96.0,-0.87,0.3
RTX,2022-07-12,87.32985359229758,88.34078410315135,87.0052361264135,87.64518737792969,4667400,31.68722632200484,28.63413730758872,28.121399323096597,25.86750517206272,24.224997627541413,1.55,95.0,-0.86,0.31
RTX,2022-07-13,86.07778437439936,87.48753120615049,85.05757713424954,85.15032196044922,5653700,32.26675352722759,29.100573201829498,28.470470889805082,26.094544623561166,24.37823728640974,1.55,100.0,-0.88,0.23
RTX,2022-07-14,83.5087304211344,84.12085203613427,82.59054446064567,83.54582977294922,5029700,32.372124237529995,29.303505081646314,28.620579534433,26.182326697078036,24.449694724780574,1.55,100.0,-0.89,0.18
RTX,2022-07-15,84.39907677890203,84.8257086255903,83.74985594176259,84.61239624023438,3965200,32.63901492105892,29.450106478382885,28.647474934793383,26.071709012749693,24.480866902572696,1.54,100.0,-0.9,0.16
RTX,2022-07-18,85.54913643242071,85.62333512841211,82.98934510451151,83.2861328125,5364300,32.52564200828756,29.55213181639204,28.753491004907612,26.1405432591944,24.471091507638743,1.53,100.0,-0.9,0.13
RTX,2022-07-19,82.78529987936801,87.19074649617228,82.73892392669511,87.0145263671875,5027600,35.16204831062183,30.418756464116537,29.5060506469549,26.646045381465616,24.661452855578695,1.54,100.0,-0.88,0.11
RTX,2022-07-20,86.81048906242248,88.23878216939801,86.3745805528678,87.9512710571289,3849200,35.2049195321053,30.427794939941787,29.240367446235876,26.66951441482015,24.273837857945395,1.55,99.0,-0.87,0.18
RTX,2022-07-21,87.71939352879215,88.14602537413529,86.7919311495306,88.00690460205078,3124500,33.68632437168664,30.384180799726952,28.524296609003557,26.665374295683797,24.188662953485572,1.55,95.0,-0.87,0.28
RTX,2022-07-22,88.24807603976127,88.76745287991214,87.14439317846191,87.37625885009766,3254200,33.56742066132972,30.40491430057027,27.577609915305658,26.659591476739752,24.18295297978092,1.55,87.0,-0.82,0.26
RTX,2022-07-25,87.74722050086243,88.48919327045435,87.20929059670713,87.71012115478516,4769200,33.20514998434585,30.413557463262197,27.58683508475988,26.63925831951861,24.185201447928094,1.56,87.0,-0.76,0.25
RTX,2022-07-26,85.79954205829601,86.59716022751148,83.64782973752257,83.69419860839844,8253200,35.40194073545727,31.82827194126952,28.389234778497062,27.208258248013955,24.643917251127927,1.57,93.0,-0.75,0.34
RTX,2022-07-27,84.24141441333465,84.24141441333465,82.59980194582532,83.72203063964844,5558900,33.72798628852548,31.141794937422663,28.360740307817565,26.89530015715259,24.50760346740875,1.59,92.0,-0.75,0.35
RTX,2022-07-28,83.70348623034248,85.94794366426788,83.70348623034248,85.6882553100586,4490900,34.36404851968539,31.493007020664148,28.6176357334595,27.02724621692244,24.586542599338266,1.6,95.0,-0.74,0.27
RTX,2022-07-29,85.3080088947777,86.61572741739691,85.22453358534624,86.44878387451172,4848400,34.32595887658178,31.439604517881563,28.574969366031887,27.04446068972436,24.59657717326255,1.62,94.0,-0.74,0.29
RTX,2022-08-01,86.80120344547159,88.07182949291354,86.33747224105903,86.47659301757812,5623100,33.070303876968154,31.0151582478712,28.045558915908476,27.022433598777067,24.58227037486667,1.63,83.0,-0.74,0.4
RTX,2022-08-02,86.94033124301023,87.90489307520042,85.97576941082006,86.9496078491211,4066800,32.98964490674483,30.898340612893282,27.38927557664672,26.9856153952493,24.583725498780563,1.64,78.0,-0.73,0.49
RTX,2022-08-03,86.94960743685593,88.04401344550024,85.7068111110275,87.67302703857422,4491100,30.495331466138957,30.872513058390776,27.42422616512565,27.000093911066763,24.549318958476118,1.64,78.0,-0.7,0.47
RTX,2022-08-04,87.77505340872293,87.97909629779456,85.99432704660654,86.04997253417969,4443700,30.981217118201954,30.104257095337527,27.462542602428847,27.087800015265646,24.494493566668243,1.65,80.0,-0.71,0.46
RTX,2022-08-05,85.47494203819227,86.34675192187544,85.17814726385959,86.28182983398438,3320200,30.87695244577573,30.10760361823035,27.465686379319393,27.08174031285021,24.46658151314789,1.66,80.0,-0.72,0.46
RTX,2022-08-08,86.90323578077137,86.90323578077137,84.36199044299934,84.58457946777344,4607400,30.419541579944205,30.35028523799765,27.619930872564645,27.11462034547808,24.53778104034091,1.67,82.0,-0.73,0.39
RTX,2022-08-09,84.87208778913953,85.60478394793014,84.45472545576486,85.2708969116211,3137500,30.458173793479187,30.376119364043635,27.4986064384726,27.12999431436697,24.542848691608867,1.67,79.0,-0.74,0.45
RTX,2022-08-10,86.22617656854337,86.92177333714926,85.74389217976324,86.6435317993164,3351300,30.69504180729652,30.534472745601736,27.427171217333758,27.11155189986044,24.585002718814593,1.68,74.0,-0.73,0.47
RTX,2022-08-11,86.9403268828919,87.59882436419453,86.3096521425493,86.39312744140625,3487900,30.67019520860237,30.518218196282458,27.42828476799582,27.05291033241524,24.563775708437706,1.69,74.0,-0.72,0.47
RTX,2022-08-12,86.51370416861445,88.17386295607203,86.51370416861445,88.11821746826172,3652200,29.96231131477093,30.306378700219355,27.328816246501418,27.141962526246598,24.629039326126282,1.69,70.0,-0.66,0.49
RTX,2022-08-15,87.49680844668806,89.17552037554697,87.13509863944813,89.15696716308594,3376600,30.03490314171738,29.94071146138648,27.296341549796548,27.173201846990754,24.639303973422628,1.7,69.0,-0.58,0.5
RTX,2022-08-16,88.7674331419734,89.26826373046157,87.9976375850762,88.15531158447266,5851000,27.385047891349974,29.740170427752776,27.350013927719672,26.556989103320984,24.666841942052148,1.7,70.0,-0.49,0.47
RTX,2022-08-17,87.28349075191684,88.7025071522686,87.00524918966177,88.09965515136719,3311100,27.223794121588085,29.73633051759272,27.336803538296188,26.55691655749337,24.65834999537083,1.71,69.0,-0.38,0.48
RTX,2022-08-18,88.48213234850373,88.6407174905765,87.91308484606732,88.35153198242188,2694500,27.233172539808926,29.492922200427547,27.314899723098907,26.38433830850441,24.62167514534597,1.71,67.0,-0.27,0.49
RTX,2022-08-19,87.92241894278975,88.63139747031305,86.88693948719205,87.12948608398438,5024700,27.29614398376652,29.487787806634913,27.369955645348732,26.28504191494484,24.584493120507695,1.72,70.0,-0.15,0.46
RTX,2022-08-22,86.11266471629929,86.70969704559222,85.49697824048516,85.61824798583984,5769600,27.723782041639357,29.69716392145137,27.49116482124651,26.10751458223462,24.637863295474805,1.72,78.0,-0.04,0.41
RTX,2022-08-23,85.75816984329606,86.42983292137137,85.59958470463549,86.22460174560547,2633900,27.81429552449488,29.561451747678863,27.518429603149187,26.10279104731747,24.62503619455882,1.73,79.0,0.09,0.4
RTX,2022-08-24,86.72834669906503,87.29739417380499,86.56976156471083,87.04551696777344,3065800,26.61462293000233,29.390708099190917,27.431858782083797,25.856400139446674,24.636432216393437,1.73,73.0,0.18,0.44
RTX,2022-08-25,87.53060335173403,89.76014704249165,87.46530317691966,89.67618560791016,4257700,27.217762376493653,29.83938820266756,27.790976429928584,26.03139949637523,24.80866887997038,1.74,82.0,0.28,0.36
RTX,2022-08-26,90.13330820388471,90.32920875931062,87.21343978365552,87.24142456054688,2805700,28.3632571552825,30.371734120548055,28.094775834697483,26.17016426412637,24.938800306240953,1.74,83.0,0.38,0.27
RTX,2022-08-29,86.43917216342804,86.74701184055833,85.15181542980663,85.9354248046875,3799000,28.327119894400365,30.357973490651062,28.181722459373926,26.2301054408612,24.977154329395688,1.75,85.0,0.47,0.23
RTX,2022-08-30,86.18726719271716,86.29921338658936,84.26557045960995,84.73200225830078,3463000,25.570479321421907,30.480989887864098,28.25968452028338,26.286662061373523,25.008189809965014,1.76,88.0,0.54,0.19
RTX,2022-08-31,84.88125909297483,85.11447499880455,83.68719479387617,83.7245101928711,4665700,25.5213582821153,30.492063924138158,28.005994693357973,26.199293257337768,25.038423536384265,1.77,79.0,0.68,0.25
RTX,2022-09-01,83.40735940156713,83.53795976987196,81.60693190458058,82.12000274658203,6151900,26.01890750148195,29.843249275126443,28.14677157608311,26.27561040694234,25.102526963367605,1.78,83.0,0.8,0.2
RTX,2022-09-02,82.99689799062058,83.73386128722512,81.42968643571683,81.70954132080078,4171600,25.990998531031313,29.766445162249187,28.002904417087414,26.282992624976842,25.10313657809096,1.78,77.0,0.95,0.25
RTX,2022-09-06,81.82148913178875,82.42785207034181,80.77667903586368,81.30841827392578,4557400,25.9375910725764,29.56627719408729,27.990567222271444,26.26800764667009,25.085021929076234,1.79,76.0,1.11,0.25
RTX,2022-09-07,80.52480021950694,81.82148028846423,79.61992122523048,81.57893371582031,5333100,22.306536588608708,29.34763093187829,27.964354302122597,26.262162190772237,25.073816401659677,1.8,75.0,1.22,0.27
RTX,2022-09-08,81.0192114435513,81.24309674018188,79.71320083169992,80.7486801147461,5758400,22.46721058821813,28.41622083763562,27.949401374985268,26.226150097813566,25.095243051646605,1.8,74.0,1.21,0.27
RTX,2022-09-09,81.2524392071958,82.4278496408185,80.6833916942539,82.12933349609375,4126800,21.943127331889944,28.62145049125047,28.10501843195828,26.028036171794227,25.13386708406442,1.8,80.0,1.12,0.21
RTX,2022-09-12,82.40917377704127,82.735681757609,81.63490233450092,81.90543365478516,5437000,21.72863416926219,28.533018134201015,28.098358975596415,26.025632459493387,25.122192585410975,1.81,79.0,0.79,0.22
RTX,2022-09-13,80.36621689842258,81.10318014627755,77.74486480992933,78.09935760498047,5867700,25.44101294675492,29.49862275095969,29.013581927476288,26.610863268438994,25.56349327323994,1.82,98.0,0.35,0.22
RTX,2022-09-14,78.64042878254173,81.67223642537587,77.69823426072563,80.59944152832031,7737900,27.282774030504175,30.21062150800905,29.118666268249026,26.866663094205133,25.73193934561413,1.82,98.0,0.23,0.23
RTX,2022-09-15,80.27293489419898,81.11250664196768,79.41469476714171,79.86247253417969,5054600,27.15062543771894,28.777119765553135,29.093832136991853,26.868184866446608,25.624774099361403,1.83,97.0,0.21,0.24
RTX,2022-09-16,79.12551003317355,80.41285956057209,78.82699389129043,79.47999572753906,8211100,26.753778777923404,28.78129862972913,29.0751859571778,26.873727285377726,25.60915260859507,1.83,96.0,0.22,0.25
RTX,2022-09-19,78.78034847530544,79.61059672389075,78.39787800167637,79.24678039550781,5587000,26.70587885853109,28.742302414903197,29.07277116171295,26.87574672697582,25.599458522308954,1.82,95.0,0.22,0.25
RTX,2022-09-20,78.89229450453922,79.74120401347157,78.09936166558032,79.43335723876953,3861500,26.24698106209287,28.179904051787474,29.07695081345252,26.874810651666092,25.60033354488125,1.81,96.0,0.19,0.25
RTX,2022-09-21,81.30840968621445,82.08268120698429,78.62175747107904,78.65907287597656,7047100,26.155956533345194,28.178630663768732,29.090350626660953,26.870759241122432,25.6162350449112,1.79,96.0,0.2,0.24
RTX,2022-09-22,78.36055102789753,78.85496765158582,77.61425721885298,77.84747314453125,4950300,25.63193219369473,28.171272836752127,28.68759152856147,26.581438948906865,25.509183184420387,1.77,90.0,0.2,0.34
RTX,2022-09-23,77.30642113665166,77.45567563496598,75.3380780646568,76.52281188964844,6725900,25.931166732818987,28.338565568411294,28.783821420418764,26.650392500906417,25.50803976402044,1.74,91.0,0.32,0.3
RTX,2022-09-26,76.11235936190022,76.85865330109641,75.31010298546605,75.64592742919922,4843500,25.00335199135626,27.617411667941955,28.744617221423578,26.673662976196365,25.528758975846706,1.71,89.0,0.5,0.31
RTX,2022-09-27,76.09369032754043,76.54146802688253,74.88096469292708,75.56195831298828,6119300,24.52591633634244,27.503463802990737,28.442166294791644,26.667900961877095,25.527914184422517,1.69,81.0,0.6,0.41
RTX,2022-09-28,75.76719181993458,78.24860559267407,75.36606013912663,77.70755004882812,6066600,26.301023108816164,26.91447358674989,28.752124463120378,26.86559605050718,25.677020552699904,1.66,89.0,0.45,0.34
RTX,2022-09-29,77.1198432003802,77.39037453736815,75.95376353259708,76.81199645996094,6989900,26.36337631110229,26.862522876006445,28.76031023779875,26.864766726939376,25.70217539770881,1.63,90.0,0.32,0.33
RTX,2022-09-30,76.90529766256408,77.30642940061857,76.28027347732595,76.3642349243164,6403900,26.270875906242924,26.868975671682676,28.16516927222984,26.867453216610542,25.681403212255123,1.61,70.0,0.21,0.44
RTX,2022-10-03,77.34373405887511,78.42585226778613,76.50415529159095,77.53030395507812,4303400,26.746469880692846,26.9368094658893,28.28199622033013,26.92242704181923,25.666133785435264,1.59,76.0,0.07,0.39
RTX,2022-10-04,78.59377723987359,80.4968202965394,78.38854605966657,79.787841796875,4432100,28.025274377900466,27.6636595005115,28.64699818284473,27.122834284450057,25.82624693161736,1.57,84.0,-0.04,0.3
RTX,2022-10-05,78.88295599004337,80.20762791684223,78.4725007819798,79.48931884765625,3800400,27.884695664814124,27.66689024558903,28.636560804056156,27.051108732883307,25.802235849704143,1.55,83.0,-0.15,0.3
RTX,2022-10-06,79.08820474229306,79.73188314692104,78.3792261456874,78.62177276611328,3192700,27.73756131136279,27.152197149301312,28.670420875910345,27.04729024549924,25.81754827845495,1.52,85.0,-0.27,0.28
RTX,2022-10-07,78.13667996689335,78.44451963580971,77.15717005372476,78.3698959350586,4417500,25.89661406084241,26.90433938395654,28.652045338289124,26.992294647740835,25.800012048358674,1.48,84.0,-0.39,0.29
RTX,2022-10-10,79.13483605435913,80.19830019269035,78.00607173620706,78.50981903076172,3645400,25.009308995442893,26.758716800905646,28.321865833543665,26.949443885741736,25.795110682678274,1.44,72.0,-0.49,0.39
RTX,2022-10-11,78.11801685744821,79.7971746354246,77.71688511699753,78.91094970703125,4547700,24.88175658911004,26.615662577164063,28.078019982505737,26.927751432829172,25.788333691337012,1.41,57.0,-0.58,0.48
RTX,2022-10-12,78.845645966843,78.94826155515806,77.36239592750232,77.41836547851562,5489100,25.119066830922186,25.187449027042298,28.06511949156867,26.85970120596434,25.857299090859104,1.38,56.0,-0.66,0.48
RTX,2022-10-13,75.98176484251904,79.42403504848866,75.55264828544432,79.17216491699219,5049000,26.01322338950553,25.54977152493188,28.304563812120787,26.9386704732066,25.956017481264666,1.34,71.0,-0.73,0.4
RTX,2022-10-14,79.68521784736602,79.68521784736602,76.63475659182325,77.04521179199219,4614600,26.56804690542297,26.071524896052207,28.43906176288748,27.12482538035328,26.091388244256443,1.31,74.0,-0.81,0.36
RTX,2022-10-17,78.55645702864574,79.70388259454697,78.20197135908543,78.79900360107422,4442000,27.489587086081624,26.53583124127409,28.572452098720124,27.22236294995358,26.11641556680216,1.29,77.0,-0.88,0.32
RTX,2022-10-18,80.15164624282947,82.13865045024335,79.68521439953946,81.4949722290039,5779100,29.25252775887551,27.488564819069417,29.086377003412032,27.51604609686798,26.334457937764867,1.26,95.0,-0.91,0.22
RTX,2022-10-19,81.29909361426473,82.97824443223122,81.01923158601014,81.74686431884766,4573700,29.2503381825581,25.80036572646407,28.98092727889588,27.509234395460634,26.3319780410843,1.24,90.0,-0.92,0.26
RTX,2022-10-20,81.91477349883979,82.5024822872874,80.97258612197155,81.38304138183594,3663100,29.12135122233256,25.813309685974044,28.832655120002105,27.412280518594105,26.330846512913276,1.19,89.0,-0.92,0.32
RTX,2022-10-21,81.40170711852628,82.93160336792478,80.66474377249372,82.59577178955078,5422900,29.020224822477424,25.53948766268904,28.830514013765374,27.46743904921245,26.37285408328211,1.15,88.0,-0.92,0.32
RTX,2022-10-24,83.11816283530376,84.37752753699903,83.02487787910152,83.70587158203125,7727800,29.25299448650235,25.627428653884397,28.91282168499478,27.51266330191278,26.40543740805204,1.11,89.0,-0.9,0.29
RTX,2022-10-25,82.54911855196599,83.02488109939263,80.08635860333644,82.42784881591797,7561000,25.932588554704317,25.80648823224233,28.90115088597016,27.540406244780353,26.44323602780429,1.07,88.0,-0.89,0.29
RTX,2022-10-26,82.65172858735038,86.01003673545763,82.65172858735038,84.44282531738281,6668600,25.27944093344967,26.28011949644053,29.17028308343998,27.659736857886628,26.44613475281657,1.02,98.0,-0.86,0.2
RTX,2022-10-27,84.8346308398572,87.1108135270256,84.80664606639145,85.63689422607422,6420800,25.31837733224463,26.388442301317266,29.222508247472994,27.68614533954651,26.482576132811147,0.97,98.0,-0.83,0.18
RTX,2022-10-28,86.28990306464459,88.77132423388802,85.88877133868367,88.69669342041016,6360800,26.932545076335334,27.089049655162604,29.274613842756658,27.974009822468993,26.71153760908409,0.94,99.0,-0.95,0.19
RTX,2022-10-31,88.37018538896285,88.72467104864678,87.54926074121089,88.45413970947266,4933000,26.92834698672939,27.093187794244457,29.21030337568837,27.974879302464522,26.71023820570431,0.9,96.0,-1.01,0.21
RTX,2022-11-01,88.92990067753745,89.6295484718001,88.66869997309571,89.1351318359375,5217500,26.949924432545103,26.79888270329854,29.087450858132836,27.906197387282987,26.717436778245933,0.86,91.0,-1.02,0.26
RTX,2022-11-02,88.7619882109305,90.16128385130087,87.71717823726712,87.8291244506836,5326000,27.205437635491197,26.944926499533224,29.015064599326234,27.956346634198997,26.745659538347454,0.82,86.0,-1.01,0.28
RTX,2022-11-03,87.1108214284916,89.39634207037282,86.78432051313318,88.43549346923828,4141600,26.889018641411717,26.785864375811464,28.397801551165315,27.954054549997764,26.736701660499158,0.8,60.0,-1.03,0.37
RTX,2022-11-04,88.96724731559684,89.46166412504125,87.11084272535928,88.82731628417969,4247800,26.111835423311636,26.790076609748148,28.38112188434026,27.954163762377714,26.72980879327361,0.76,58.0,-1.04,0.38
RTX,2022-11-07,89.26573797422894,89.88142437215153,88.94856058600116,89.71350860595703,3295600,25.67071346858348,26.56203679235947,28.37649741310878,27.948870234750117,26.523153142165118,0.73,57.0,-1.06,0.38
RTX,2022-11-08,89.76947729848779,90.1519477158975,88.67802135658586,89.8067855834961,3927500,25.628785358465567,26.45587857854525,27.94240651961949,27.948410413771025,26.517560512043953,0.7,31.0,-1.06,0.5
RTX,2022-11-09,89.4056643619046,89.95605771214343,88.6407163204434,88.74333190917969,3478700,25.226161890048303,26.467493364586737,27.986843846143156,27.93454069399108,26.544304780911133,0.67,33.0,-1.06,0.48
RTX,2022-11-10,90.3944981141949,91.43930095128748,89.27505735235717,91.2713851928711,4764100,25.654573485244107,27.08046379722493,27.45170076715226,27.948139783693136,26.673292083018918,0.66,20.0,-1.05,0.4
RTX,2022-11-11,90.61839427610359,90.67436382988589,86.55110730024025,87.36270141601562,6937600,29.24690936437705,28.559193030155217,28.332606160163277,28.024373775413146,27.00597702786391,0.65,55.0,-1.06,0.37
RTX,2022-11-14,87.36270288829752,88.19295116359666,86.68170913132865,86.7096939086914,4942400,29.265864947813153,28.457328176642662,28.323850846649677,27.501765086645978,27.01615156008515,0.63,54.0,-1.06,0.37
RTX,2022-11-15,87.33470385813244,89.50827091242934,87.07349603860655,89.35901641845703,7506500,29.3718404813071,28.881597797647096,28.420507646794402,27.738756516447836,27.175452042630084,0.62,60.0,-1.07,0.36
RTX,2022-11-16,89.15379630990981,89.79747463271934,87.9224163340043,88.01570129394531,4813000,29.808139602516885,29.031358676109924,28.506734556258255,27.700545604402105,27.214394291927935,0.61,63.0,-1.07,0.32
RTX,2022-11-17,87.27441951841688,88.80390087355441,87.15243155560184,88.70068359375,3256300,29.516323420599598,29.010344314395688,28.47856558554537,27.697048421222746,27.172205174953305,0.6,62.0,-1.08,0.34
RTX,2022-11-18,89.79852983010036,90.70871464023837,89.33874833386697,89.47949981689453,4073300,29.46514970447099,28.412135578794828,28.497652718043774,27.715979575118922,27.18481453240731,0.58,62.0,-1.09,0.34
RTX,2022-11-21,89.38566381959812,90.53981017836178,89.08539734361142,90.26769256591797,3271700,29.48042358309119,27.88096758084212,28.140834047427894,27.685520110731492,27.13960148361474,0.58,38.0,-1.09,0.42
RTX,2022-11-22,91.07465845316565,91.57197412408269,90.5585792598574,90.87760925292969,3031500,29.48638964873453,27.71588310005853,28.121446224665714,27.388859860211472,27.1029964710566,0.57,36.0,-1.08,0.43
RTX,2022-11-23,90.86822510120636,91.22479646156125,90.65241237575546,91.14034271240234,2172300,28.619983028628127,27.540392168423537,27.254348315296884,27.02022540352323,27.098756376719855,0.58,1.0,-1.09,0.49
RTX,2022-11-25,91.34677086942106,91.76902526785847,91.18725588195039,91.4593734741211,1313200,28.167306541608113,27.406370527994266,27.210032964315566,27.023349376389984,27.099721415458827,0.59,1.0,-1.09,0.51
RTX,2022-11-28,91.08403738521514,91.95668787281382,90.511653347171,90.92452239990234,4662300,26.69762451754219,27.10645625927002,27.228694944490105,26.962902256611216,26.642988791680082,0.6,2.0,-1.1,0.49
RTX,2022-11-29,90.83070446168375,91.8722554349541,90.65241876893288,91.4218521118164,2916100,26.207773496410887,27.080673700307756,27.17228179324146,26.97003082079456,26.646823362867234,0.61,1.0,-1.09,0.52
RTX,2022-11-30,91.50629662777887,92.7448967896027,90.11756680093403,92.6323013305664,6191200,24.898965800000543,27.14029000781537,27.23723632794548,27.005368601025502,26.55324299990846,0.62,4.0,-1.08,0.49
RTX,2022-12-01,93.00763257289184,93.79582939081212,92.39771427773876,93.36419677734375,4084200,24.917799090066538,27.164507796653893,27.258382197162735,26.92581850304569,26.450268615320695,0.63,6.0,-1.05,0.49
RTX,2022-12-02,92.59477052647682,94.91245592902872,92.59477052647682,94.78108978271484,4339700,24.954943438897452,27.162780047736334,26.938083094735276,26.879720152646026,26.299047736837384,0.64,1.0,-0.98,0.58
RTX,2022-12-05,93.5893920353153,95.04381199093865,93.36419397394533,94.47142791748047,4532000,24.89319099565553,27.0244396935949,26.75442736751942,26.881204307704387,26.291118989863133,0.66,1.0,-0.95,0.67
RTX,2022-12-06,95.0719584016286,95.23147339269653,92.11620618157876,92.64167785644531,3809700,25.688459941560133,27.376874012706722,26.892249648721815,26.827498425200595,26.183314377947724,0.67,2.0,-0.98,0.6
RTX,2022-12-07,92.79181230514057,93.48617718839381,92.39771389780094,92.93256378173828,3220500,25.06600102886574,25.34718463659643,26.760506593600436,26.776325264249774,26.14633157743323,0.68,2.0,-0.99,0.67
RTX,2022-12-08,93.4955641010343,94.09609706295757,93.07331682305993,93.35481262207031,2780100,24.32944973351563,24.639617788475856,25.877179963484988,26.781199205729518,26.095579927419717,0.71,1.0,-1.01,0.68
RTX,2022-12-09,93.12022964899019,94.15239523472819,92.17251781459568,92.21004486083984,3328400,24.522137075457902,24.711566118843837,25.90897396910853,26.814897861683306,26.123903132815478,0.73,2.0,-1.03,0.65
RTX,2022-12-12,92.51970220807218,93.46742125796735,92.42587026902429,93.42050170898438,4578700,22.73898308777276,24.76011452861005,25.985694543146682,26.846706365397253,26.1533642420975,0.76,3.0,-1.05,0.62
RTX,2022-12-13,95.30654914370331,95.67249869679203,93.5143355835659,93.73014831542969,7098700,22.703248350928895,24.732506480288677,25.959032073379092,26.831963745135408,26.0600359225498,0.79,3.0,-1.06,0.64
RTX,2022-12-14,94.10548278186995,94.6778668820827,93.28912992773434,93.78644561767578,4939100,22.640350035738805,24.73645853438992,25.95423872248489,26.82535379581992,26.038079039415035,0.82,3.0,-1.08,0.64
RTX,2022-12-15,93.59877571802798,93.63630992074437,91.29986128325733,92.41647338867188,4843000,22.63749264502061,24.863405647770882,24.937158945099586,26.8805164652308,26.083811622876567,0.87,1.0,-1.1,0.44
RTX,2022-12-16,91.44998773485283,92.54783627994783,90.3239903284349,92.27571868896484,7610800,22.60129801434658,24.730703528948304,24.94014929418831,26.799701072783833,26.067250563786665,0.92,2.0,-1.13,0.44
RTX,2022-12-19,92.42587739014012,93.08270817300007,91.13097935010825,91.52507781982422,4732700,22.74991915651889,24.48757707729804,24.724400992485116,26.785230190790905,26.076021174114334,0.98,1.0,-1.15,0.5
RTX,2022-12-20,91.3936884458592,92.85748648089861,91.29047118349956,92.1255874633789,3907000,22.65536580952197,24.309624890909863,24.707748144740826,26.77653236524004,26.03228644139292,1.03,1.0,-1.18,0.51
RTX,2022-12-21,92.91378990795465,93.69260851397642,92.61352344235698,93.60816192626953,3610000,23.073367959540306,24.42933599840839,24.827185853439197,26.836013871554286,25.886470207785024,1.07,3.0,-1.2,0.46
RTX,2022-12-22,93.32666342736388,93.46741490582913,90.99959999788642,92.43524932861328,3165000,23.1091183558017,24.110301524876583,24.906313762483087,26.874984819157877,25.91814438994581,1.11,4.0,-1.22,0.41
RTX,2022-12-23,92.43524453087892,93.27974619892004,91.98484125495125,93.17652893066406,2119300,21.785100348774918,23.94121667882782,24.904020713214088,26.724468164026483,25.912317803774627,1.15,4.0,-1.24,0.42
RTX,2022-12-27,93.45803836967755,94.05857138604979,93.20469141170607,93.51434326171875,2600200,17.236120032714627,23.866605829023044,24.715130876652772,26.719025941583485,25.911864855539786,1.19,2.0,-1.26,0.5
RTX,2022-12-28,93.59878948196302,94.15240294587635,92.99825646802529,93.02640533447266,2418700,17.136517183186275,23.802503661943263,24.731954216364596,26.650950901170102,25.904889838495986,1.23,4.0,-1.28,0.49
RTX,2022-12-29,93.11086255067183,94.39637522563056,92.97011105428959,94.14302825927734,2940600,15.289365191739085,23.27237797924848,24.57174736860266,26.682656681655708,25.92847164624536,1.27,1.0,-1.3,0.57
RTX,2022-12-30,94.09609940836198,94.7810861383044,93.62693257273278,94.6966323852539,2984100,14.463366934030002,23.2409547509737,24.55815808293165,26.67695061730353,25.93298113251127,1.31,1.0,-1.31,0.57
RTX,2023-01-03,94.76231465239172,94.98751988600502,93.92719826476619,94.59341430664062,3532300,14.40803336746694,23.076313747215174,24.443376095577452,26.657106002927115,25.932598795781008,1.35,1.0,-1.32,0.62
RTX,2023-01-04,94.31192209256344,95.80386923771773,94.21809015444546,94.62156677246094,5635100,14.279295683141402,23.046654236837252,24.436088650700196,26.65710800533571,25.913960909860208,1.39,1.0,-1.34,0.63
RTX,2023-01-05,94.0867116665832,95.20333099774443,93.51433472792382,94.65909576416016,4967200,14.132789823276983,23.05189599044438,24.248259231942697,26.655535700844652,25.69095149151296,1.43,1.0,-1.35,0.71
RTX,2023-01-06,95.61620564489823,97.53978543823128,95.05320685560362,96.14167022705078,6411700,14.633324280295607,23.18915764065754,24.299935676207095,26.715421313984606,25.728513022852432,1.47,2.0,-1.35,0.69
RTX,2023-01-09,96.3950274946636,96.44193988594009,92.68860495574484,93.45803833007812,6377300,17.04149992463771,23.64159086442074,24.662080502145333,26.667603680975503,25.885958332795546,1.5,7.0,-1.36,0.59
RTX,2023-01-10,93.28911116162523,94.84674814628973,92.91377634468904,93.7582778930664,4701900,17.037814862065424,23.298382489268494,24.664793009446967,26.63040221686771,25.884705741198772,1.52,8.0,-1.38,0.59
RTX,2023-01-11,93.94597707286157,94.14302630012862,92.82935762609655,93.44865417480469,4518700,16.966496202544455,22.48198343075489,24.669995973025515,26.612603383617355,25.873898401671397,1.55,9.0,-1.39,0.58
RTX,2023-01-12,93.6926093048843,94.52772564309365,93.39234283675192,94.47142791748047,4221400,17.164670451116777,22.180175635131896,24.61344181863806,26.638101051122266,25.873545204371958,1.58,7.0,-1.41,0.62
RTX,2023-01-13,91.71272878913251,92.94195073658726,91.49691605899669,92.59476470947266,4968000,17.823983162982802,21.740171426377213,24.66537718102988,26.74215924395184,25.95290627375532,1.6,10.0,-1.42,0.6
RTX,2023-01-17,93.12961704129089,93.50495194225849,92.29450064506982,92.36018371582031,3959000,17.6786095776104,21.760119167426232,24.650275370343238,26.72788375422742,25.949787742190562,1.63,8.0,-1.43,0.61
RTX,2023-01-18,92.57600706785342,92.57600706785342,89.77038412650354,89.83606719970703,5321800,18.749986889297237,22.563320106659322,25.016879050727468,26.6453392268381,26.088671493424936,1.64,22.0,-1.43,0.49
RTX,2023-01-19,89.35752149742812,89.63901731238133,88.35350472370052,88.4285659790039,4641500,19.18230521032525,22.672593918994068,24.694736339820146,26.697651165066137,26.079191358197374,1.67,13.0,-1.43,0.53
RTX,2023-01-20,88.344111383195,88.61622899092052,87.58405628612807,88.5411605834961,8216200,18.481916153666,22.52936492047264,24.30183396288413,26.65760616239723,26.05209093027982,1.69,3.0,-1.43,0.67
RTX,2023-01-23,88.95403993489438,90.95268819061555,88.68192229575368,90.31462097167969,5686600,19.4544385429813,22.595605051743384,24.376758343351636,26.603777522420053,26.079341614765124,1.72,4.0,-1.43,0.66
RTX,2023-01-24,92.77304558346313,93.66445963964885,88.22212189759236,93.33604431152344,8308000,21.7520584912118,23.037054506459683,24.798703096947104,26.827448120920188,26.244962783413246,1.73,20.0,-1.43,0.61
RTX,2023-01-25,93.17654209063892,93.84275817871094,91.5626069324168,93.84275817871094,5967300,21.484377017779003,22.90662805516723,24.721396735405914,26.802683148872514,26.231102165078912,1.75,18.0,-1.43,0.66
RTX,2023-01-26,94.47143880127548,94.70602223024578,93.01701867809238,94.06795501708984,4302900,21.167233942317136,21.813252709936233,24.502638886770043,26.412739154395222,26.1213087665827,1.77,7.0,-1.41,0.78
RTX,2023-01-27,93.69262176321533,94.34007432952785,93.20469137221397,93.45803833007812,3365800,21.23419140789186,21.854294606646825,24.51366988321925,26.425688260078793,26.085437766884727,1.78,8.0,-1.39,0.77
RTX,2023-01-30,93.36420164541718,93.64570461444791,91.82533497492976,92.62291717529297,4607300,21.38769934667967,21.900821535191135,24.54847210467375,26.432368350039436,26.101202668279893,1.8,9.0,-1.35,0.75
RTX,2023-01-31,92.70737322555811,93.81460728749327,92.17252329828797,93.69261932373047,4099500,21.21277939533984,21.77263839334035,24.599688885538935,26.45822020021115,26.1003091545991,1.82,12.0,-1.32,0.72
RTX,2023-02-01,93.76766219006502,93.82395990635911,91.5813435277078,92.35077667236328,5155100,21.642671648831556,21.967042978695527,24.659058411795822,26.51282939941744,26.142132767143245,1.83,15.0,-1.27,0.69
RTX,2023-02-02,92.22882050375408,92.35080130790293,90.62427073109762,90.9808349609375,6035700,21.952582813269235,22.185216190442553,24.66494641493827,26.566958426831345,26.181339249952128,1.84,18.0,-1.23,0.67
RTX,2023-02-03,90.7931582796854,91.75964071180564,90.44597228141473,90.53042602539062,3844300,21.898838417308216,22.12185896316748,24.676140721184247,26.393382101044605,26.114068045251805,1.85,21.0,-1.18,0.66
RTX,2023-02-06,90.78378767326126,91.94731948493826,90.73686812355793,91.61890411376953,5243000,21.664970262018993,22.253223293729576,23.472903799545698,26.25938193975538,26.13892664660287,1.88,1.0,-1.11,0.27
RTX,2023-02-07,91.1685007652129,92.14436146024076,89.89236642997017,91.834716796875,3814500,21.383393383063172,22.109520990008512,22.978216985791917,26.14954059429559,26.13907725007519,1.9,1.0,-1.04,0.38
RTX,2023-02-08,91.33739234552783,92.19127938732954,91.25294575488853,91.62828063964844,3789500,21.247481247396912,21.358175854539688,22.92393116304829,26.150048202850833,26.118549728332397,1.93,1.0,-0.96,0.41
RTX,2023-02-09,92.00361951630958,92.43525214689025,91.29048392021562,91.81594848632812,3670900,21.22548717905314,19.307457713028413,22.902741384866246,26.055660101606748,26.096861557600036,1.96,1.0,-0.87,0.42
RTX,2023-02-10,92.17252246152064,94.49020068603873,92.14436643704157,94.40575408935547,5291000,22.709540119245688,20.000827209464134,23.270388273460064,26.201015633466806,26.225465303635946,1.97,4.0,-0.77,0.31
RTX,2023-02-13,94.88429737410871,95.16579316221431,93.9365784219767,94.35882568359375,5238600,22.449625712200323,19.089081253865427,23.272908879993047,26.198397210935752,26.205911495087392,1.99,5.0,-0.67,0.31
RTX,2023-02-14,94.07733788502598,95.76633423384989,94.06795254361688,95.11888885498047,3699700,22.506650665302697,18.845814702111053,23.220283450860023,26.15470766095389,26.21657816321993,2.0,4.0,-0.55,0.34
RTX,2023-02-15,94.77170596977945,95.26902169726326,94.49020298947026,95.20333862304688,2551000,22.50449049752961,18.797777422789906,23.13746204182542,26.072587545046215,26.151855518268963,2.02,4.0,-0.43,0.39
RTX,2023-02-16,94.21808100267198,95.20332699558682,93.76767772096997,94.74354553222656,3524300,22.55207155529149,18.770461870752705,22.95952838022276,26.002321836502507,26.15302378332877,2.04,3.0,-0.32,0.46
RTX,2023-02-17,94.63094811853615,95.33469836308488,94.12424708339094,95.25025177001953,6507500,22.60413878293686,18.722487328632056,22.859952775188034,26.005182743050337,26.147936453715676,2.05,1.0,-0.22,0.52
RTX,2023-02-21,95.89771143353862,96.31996593861295,94.1899442050154,94.44329833984375,3853000,22.25853166151982,18.77996208088557,22.918169948215173,25.968905284393568,26.159165440734316,2.07,3.0,-0.14,0.49
RTX,2023-02-22,94.5183470749149,94.88429660773856,93.67384539958442,94.3119125366211,4489800,20.655410731971312,18.77858389343231,22.54892016827876,25.969581229606327,26.13689500191717,2.09,1.0,0.01,0.6
RTX,2023-02-23,94.84025347565547,94.96291261265078,93.21744573964406,94.00997924804688,3227800,20.660694605498527,18.78422835409256,22.459981477681673,25.951724569333777,26.138956936412715,2.11,1.0,0.15,0.65
RTX,2023-02-24,93.6892160170452,94.00056442684934,92.83063064891356,93.99113464355469,3915000,20.635909664677506,18.73859644939011,22.42750362876817,25.650234112088704,26.0992433188305,2.14,1.0,0.25,0.67
RTX,2023-02-27,94.33078815929194,94.37795866776901,93.42502513752042,93.55712127685547,2986700,20.42618206746459,18.73987354981475,22.35362188268555,25.61069442133442,25.966101269149622,2.16,1.0,0.42,0.71
RTX,2023-02-28,93.66089544540681,93.84959906652196,92.29282838428078,92.54756927490234,4470000,19.817828297790506,18.686885001130996,22.024895289843403,25.545120907089075,25.677997776295996,2.18,1.0,0.65,0.78
RTX,2023-03-01,92.50039672851562,93.00044871640607,91.99090776020076,92.50039672851562,3739900,19.804137409565172,18.61462877444775,22.01130844510376,25.437128572018775,25.267876897106085,2.2,1.0,0.91,0.79
RTX,2023-03-02,91.9909061085094,93.7175063815243,91.9909061085094,93.4061508178711,4134400,18.14778429589628,18.46021877705761,21.95770973844923,25.055811701704744,25.28699378627556,2.22,1.0,1.17,0.83
RTX,2023-03-03,93.57598120257974,93.70807013395506,92.70796616831137,93.42501831054688,5072800,17.416215672140886,18.44959904671328,21.94488117444726,25.0404510456298,25.21105019006507,2.24,1.0,1.44,0.84
RTX,2023-03-06,93.4250334566742,94.43457456631413,93.25520377475776,93.8873519897461,5064700,17.43834558416446,18.02918210318922,21.950684671102838,25.01819283178498,25.199219238095267,2.26,2.0,1.72,0.84
RTX,2023-03-07,94.07602514639282,94.28359550604722,92.62303982711826,92.63247680664062,5139300,17.139110982145237,18.23416071759621,22.076731026925398,24.80343929366365,25.234360647426683,2.28,6.0,2.06,0.76
RTX,2023-03-08,92.4626571300803,93.03819057175455,91.19837527348903,91.89656066894531,4299000,14.3645394651558,18.279911486903313,21.881048280814408,24.807160866212215,25.20701338638669,2.3,1.0,2.19,0.85
RTX,2023-03-09,92.4437913950509,92.4437913950509,90.12278364147166,90.5096206665039,4912700,14.859354694866292,18.37010028636465,21.79028428344637,24.322187560638458,25.013043757208,2.31,1.0,2.49,0.87
RTX,2023-03-10,90.24543838223872,91.56633487385625,89.83029763388004,90.5756607055664,6340100,14.832061327889454,18.15996611297749,21.303726765350774,24.31721855281227,24.723174049346593,2.33,1.0,2.01,1.03
RTX,2023-03-13,89.52837755856922,92.68908922619373,89.3774218696989,91.95316314697266,7757700,15.47554865804045,18.424642457003447,21.15062997740034,24.35631297986549,24.76927030240638,2.35,1.0,1.66,1.1
RTX,2023-03-14,92.71738681547129,93.53823126383689,91.91541632590369,92.76456451416016,6407400,15.490480512264176,18.518207891961584,20.55000531109216,24.182802674766226,24.73021411292905,2.37,1.0,1.81,1.2
RTX,2023-03-15,91.48141635811005,91.76446817685698,89.38685305464176,90.41526794433594,5755300,16.793151337477838,19.01379140554946,20.987953196460207,24.3660698560172,24.864146307221084,2.38,2.0,1.87,1.02
RTX,2023-03-16,89.9623758720072,93.06647973900674,89.63215358792341,92.53812408447266,4635500,17.731039743824216,19.615419841727164,21.26223957367508,24.481996998676905,24.964980631829015,2.39,4.0,1.62,0.9
RTX,2023-03-17,92.23621254506237,92.24564232653391,90.09447162876067,90.33978271484375,8157800,18.576292911768835,20.161590188815598,21.526342793069634,24.643271828671914,25.01016675321161,2.39,6.0,1.44,0.8
RTX,2023-03-20,90.96252198695878,92.2834116327769,90.86816655656432,92.01923370361328,3972700,19.281992048495894,20.476194095322846,21.615849812094453,24.489537211982277,24.99682416786657,2.39,7.0,1.46,0.76
RTX,2023-03-21,93.37784742842351,93.68920299325379,92.43435095194887,92.47209167480469,5135500,19.02626817534698,20.23147249871366,21.465079105131643,24.47135840474311,25.000265891753372,2.38,6.0,0.36,0.86
RTX,2023-03-22,92.71740381369615,92.99101867998084,91.2266847191315,91.23611450195312,4042000,19.4261901613659,20.2543843111738,21.26858464832704,23.9781947817546,24.916383803628094,2.37,5.0,-0.17,0.91
RTX,2023-03-23,91.802208990277,91.94372770148402,90.24543838223872,90.5756607055664,4352100,19.52589874591377,20.23166907117512,21.199087639212237,23.962863923473154,24.885054688241254,2.36,4.0,-0.49,0.94
RTX,2023-03-24,90.01900631692232,91.21724372858345,89.57556180134226,90.99080657958984,4711900,19.56693013970363,20.240850349192645,20.47428023346261,23.96840616255503,24.889105907934304,2.35,1.0,-0.42,0.97
RTX,2023-03-27,91.90599813106529,91.90599813106529,90.9436276636167,91.43424987792969,3591700,17.747040532734406,20.244831367205084,20.481538175235958,23.930539327204322,24.889365238999897,2.35,2.0,-0.33,0.97
RTX,2023-03-28,91.32102261466397,91.63237817196918,91.15119296507083,91.33045959472656,2324600,17.74622693282854,20.084440224362886,20.44890805829606,23.92504067106406,24.879202242953756,2.34,1.0,-0.24,0.99
RTX,2023-03-29,91.70786292516739,92.25509265859046,91.70786292516739,92.17961120605469,3187400,17.804673605668516,20.142315049049824,20.35553835451361,23.947102500126714,24.883492976988563,2.34,1.0,-0.15,1.07
RTX,2023-03-30,92.17961164076912,92.32113756536424,91.69843357477627,91.8682632446289,5296700,17.807393164653615,20.15091308039098,20.33863705791708,23.698778000152686,24.880731795163868,2.34,1.0,-0.04,1.07
RTX,2023-03-31,92.44379177981708,92.50983624798684,91.98147330432154,92.39661407470703,4652700,17.882536261060466,20.190725992840786,20.346348320557972,23.5936131297971,24.88626320026412,2.34,2.0,0.1,1.07
RTX,2023-04-03,92.71739180720583,95.14217736525265,92.5569991403183,94.8968734741211,4312500,19.520371496763204,20.940561451098674,20.71724501137247,23.75275837065406,24.96625116411997,2.33,8.0,0.17,0.96
RTX,2023-04-04,94.89689309938602,95.72716754525081,93.49107793306904,93.8873519897461,3239800,19.612074438850904,20.8009786438679,20.793962092877255,23.710679710742145,24.965683693275675,2.32,9.0,0.27,0.9
RTX,2023-04-05,93.63258464812904,93.96280696231979,93.12309570696048,93.1797103881836,3841700,19.72605968503684,20.032163442076055,20.73959237543631,23.168056174736737,24.961861372633045,2.32,9.0,0.44,0.94
RTX,2023-04-06,93.18914522109067,93.89676758913015,92.5192635764768,92.6607894897461,3430400,19.767430230134096,20.05212956987563,20.282719629147184,23.146002107725177,24.96322914017111,2.32,1.0,0.49,1.05
RTX,2023-04-10,92.42492681970006,94.132653376053,92.13244517479308,93.99113464355469,3947600,20.224021712632247,20.257708320462857,19.14404086668372,23.20488967614028,25.000796305767214,2.33,1.0,0.46,0.3
RTX,2023-04-11,94.0854721069336,94.85913894879741,93.79299049546893,94.0854721069336,3408600,20.177839957719126,20.13377080183318,19.098480324569806,23.187569218171628,24.873310310531433,2.34,1.0,-0.08,0.33
RTX,2023-04-12,95.29314506544166,96.5668638816055,95.13275239044994,95.78376007080078,4710100,20.5279483303103,20.025934396352778,18.716597886628943,23.27629127772801,24.93029040723623,2.35,1.0,-0.0,0.26
RTX,2023-04-13,95.43467850460462,96.10456019855472,94.82140430080854,95.93473052978516,3932500,20.522229956584688,20.016466122792966,18.543783740469596,22.584198227763434,24.873942179457174,2.35,1.0,-0.17,0.36
RTX,2023-04-14,95.47241923080979,95.96303427486217,95.26484883583505,95.93473052978516,3017700,20.36403400840598,19.126410627900352,18.511262337805142,22.5843207518234,24.869443264859292,2.36,1.0,-0.21,0.38
RTX,2023-04-17,96.15173495925184,97.4537575810455,96.04794976494503,97.28392791748047,4007400,20.711355713862588,18.97593372792151,18.58684490126265,22.481132336672555,24.897332280142308,2.36,3.0,0.02,0.34
RTX,2023-04-18,97.53866397331764,98.79351602525897,97.37827129855108,98.74634552001953,4949200,21.06082164400142,19.171293913480337,18.67908772680463,22.52359940176314,24.926812516717316,2.35,4.0,0.74,0.29
RTX,2023-04-19,98.71803848508337,98.98222355776687,97.99154933054857,98.20854949951172,5004500,20.6856023742416,18.85435107780755,18.682416450476847,22.535497197260206,24.9330213114964,2.35,5.0,0.9,0.29
RTX,2023-04-20,97.2839305354386,97.48206394854512,96.52913041076928,97.02918243408203,3937600,20.889968579819516,17.871647775365098,18.790159518382126,22.578962165201215,24.961558793046713,2.36,7.0,0.8,0.23
RTX,2023-04-21,97.18957828977294,97.40657845776059,96.11399283561478,96.47251892089844,3315300,20.394502837271013,17.890944299125998,18.811563900919793,22.572872093198477,24.965010318875727,2.36,8.0,0.68,0.21
RTX,2023-04-24,96.5857583091368,96.83106226464342,95.87813579484249,96.67066955566406,3962100,20.39023033928275,17.88948921764425,18.784979083393004,22.457387184694692,24.766694657947568,2.36,7.0,0.61,0.23
RTX,2023-04-25,95.9441630556899,96.82161510386976,94.36851840259641,95.37805938720703,4638900,20.496886265990735,18.06107041627336,18.900522475595405,22.517928056267056,24.77299461751501,2.36,10.0,0.57,0.17
RTX,2023-04-26,94.79309996371343,95.0950185731618,91.68899543622162,92.1607437133789,5219300,22.792184484633914,19.32174003838246,19.576721515515427,22.76592385143363,24.995585825570366,2.34,13.0,0.55,0.36
RTX,2023-04-27,92.16074586378157,94.06660578071147,91.94373848397046,93.77412414550781,4010600,22.01697381514299,19.50844218427963,19.731693152949898,22.835868274367268,25.051931816801016,2.32,14.0,0.55,0.3
RTX,2023-04-28,93.47219860129205,94.26473940978923,93.20802073122869,94.25530242919922,2875900,21.04985309931854,19.30062678692179,19.601755388484882,22.76856731255132,25.054271741850435,2.3,14.0,0.57,0.36
RTX,2023-05-01,94.28361828089287,95.65168551154457,94.1986998412915,94.66101837158203,3481400,19.726225203841718,19.050966989209293,19.6069548115856,22.769512848265062,25.04526838973619,2.29,15.0,0.56,0.36
RTX,2023-05-02,94.50061200876699,94.50061200876699,92.71739701805117,93.28350067138672,3377500,19.598431626073385,19.27552982958546,19.497547446235856,22.723826557834865,24.869788066252934,2.27,13.0,0.57,0.39
RTX,2023-05-03,93.22689141097615,93.55712096073684,91.55690569173662,91.67012786865234,3610800,20.21815971017115,19.470094479409504,19.6879843333904,22.779757941526576,24.921385473749012,2.24,17.0,0.53,0.29
RTX,2023-05-04,91.51916877458655,91.77390968536352,89.50008665789842,90.50019073486328,4414800,20.184307802563374,19.64033092773351,19.776130289376585,22.79143419333641,24.925080198246306,2.23,19.0,0.44,0.24
RTX,2023-05-05,90.88702777022903,91.32103533557788,90.30205729607657,91.1229019165039,3260400,20.174002753955484,19.68922086384128,19.71362103888041,22.8050585404222,24.814589743118916,2.22,18.0,0.4,0.28
RTX,2023-05-08,91.22668508602969,91.9343075091027,90.04731438090802,90.14166259765625,4243600,20.376689756579406,19.805904818702032,19.672110947524146,22.839959107508413,24.793660075258494,2.2,17.0,0.31,0.3
RTX,2023-05-09,90.22656899617894,91.31159142638418,89.93408738044715,90.83040618896484,2928400,20.452814334269807,18.996868348109537,19.7043531234279,22.795710490279163,24.781733625336937,2.19,19.0,0.25,0.28
RTX,2023-05-10,91.34934157183673,91.51917124971698,90.01901509369806,90.85872650146484,3329300,20.451490345591914,18.997857749107368,19.704065272425936,22.697910978767457,24.4848261782595,2.17,19.0,0.21,0.28
RTX,2023-05-11,90.25488477673865,90.74549982281394,89.5566921365252,90.14166259765625,3327100,20.36924774218549,18.96870452218874,19.60699780143827,22.70461447117219,24.498408719492005,2.17,17.0,0.14,0.33
RTX,2023-05-12,90.5473487547884,91.10400816389036,90.26429696142075,90.56621551513672,2756000,20.412928299548238,19.00006389863568,19.621578078299816,22.684305363924185,24.489837124169377,2.16,18.0,0.08,0.32
RTX,2023-05-15,90.54736604398431,91.2644254453405,90.43414386535729,91.23611450195312,2556100,20.461591652864964,19.054736915621927,19.615733399037754,22.426808225939197,24.495029861496604,2.16,18.0,0.07,0.32
RTX,2023-05-16,91.09460003953554,91.09460003953554,90.02844426958342,90.0661849975586,2534100,19.07242071735404,19.177217638662373,19.692654673329322,22.23923884680427,24.526434793120906,2.15,22.0,0.01,0.28
RTX,2023-05-17,90.34922686445692,91.85881982494473,90.34922686445692,91.11345672607422,4626800,19.254420148999767,19.2793842378652,19.612732111658573,22.20527336936942,24.54566443375654,2.15,18.0,-0.02,0.31
RTX,2023-05-18,90.93308687396492,91.51215815451734,90.25908741878462,91.25584411621094,4277600,19.16546604112852,19.283691535504836,19.514559289084993,22.13923993975818,24.40585305598893,2.14,14.0,-0.05,0.37
RTX,2023-05-19,91.69251951354373,91.89187809558447,90.65779009775514,91.25584411621094,3528700,19.10993476725831,19.276012436840702,19.471147329399457,22.090306987258927,24.275229358114636,2.13,13.0,-0.07,0.4
RTX,2023-05-22,91.03752147906076,91.39825148500019,90.22112603806842,90.8096923828125,3976100,18.624190819984296,19.296998665134772,19.475492173303437,21.973564369278314,24.19671416112887,2.12,14.0,-0.1,0.39
RTX,2023-05-23,90.02177143170937,90.43945688603027,89.30030420325524,89.30979919433594,4388700,19.142910324820274,19.560526258098676,19.633005593351015,22.058143613829635,24.255254611567064,2.11,24.0,-0.16,0.31
RTX,2023-05-24,89.025005585947,89.79393326900356,88.4269515260759,88.91109466552734,3670500,18.225893111630764,19.463669323084993,19.543068211329757,22.05666221735959,24.184814597717676,2.1,17.0,-0.19,0.36
RTX,2023-05-25,88.76868530850577,88.96803663155963,87.39220154091257,88.3984603881836,5340500,18.208318938243266,19.49181190560097,19.532896201193832,22.066548472992825,24.14665642707953,2.09,17.0,-0.17,0.37
RTX,2023-05-26,88.9680474849234,89.8413983141452,88.39847117206378,88.5313720703125,4056700,18.233062527765945,19.375010338109323,19.535873624831524,22.030276352150818,24.144283989144753,2.08,18.0,-0.17,0.36
RTX,2023-05-30,88.29405422934788,88.81616286855541,87.62954244868884,88.11368560791016,4559300,17.5422181692109,19.389453365881945,19.545880988966555,21.95169267266508,24.100721438997933,2.07,20.0,-0.16,0.36
RTX,2023-05-31,87.68650387742315,88.16115203846084,87.2877939178088,87.4681625366211,9972500,16.699408722694546,19.392980695796954,19.573382068187577,21.96775465687658,24.04510637629355,2.06,21.0,-0.11,0.34
RTX,2023-06-01,87.60105860135126,89.3667502422414,87.5725808720717,89.31928253173828,5636400,18.191262276170455,19.7411573314996,19.706432266129994,21.34969400058022,24.07967011546902,2.04,35.0,-0.08,0.32
RTX,2023-06-02,90.14517483009695,91.5311465444026,89.80342758628943,91.20838928222656,5559200,19.26888926196642,20.164566889872564,19.5018075931742,21.17101396998948,24.167627615683774,2.03,16.0,-0.08,0.27
RTX,2023-06-05,91.71150639479586,91.99629815161111,90.80018291256437,90.89511108398438,3811400,19.242027310503776,19.93150575991289,19.50041682432633,21.144193526429415,24.124328750247823,2.01,16.0,-0.08,0.27
RTX,2023-06-06,91.26535484357272,92.73676715296918,90.52490481421951,92.49944305419922,4947600,20.02818554523682,20.248845705219253,19.69767236893648,21.22667986192616,24.187042082151383,1.98,35.0,-0.06,0.18
RTX,2023-06-07,92.59436109881038,93.78098146263169,91.73049799752164,93.59111785888672,4275400,20.048510801120774,20.155823825460715,19.7101619980809,21.260841934287026,24.198290323890003,1.96,39.0,-0.03,0.18
RTX,2023-06-08,93.43923040156973,94.483454830566,93.21140132893824,94.0562744140625,3269300,17.36651967652783,20.10214529841072,19.463506636053886,21.265540871284227,23.97222292992791,1.93,13.0,-0.07,0.26
RTX,2023-06-09,94.38852575516903,94.45497620249368,93.83793219587584,94.30308532714844,2518100,16.647215161414064,19.369032123565933,19.462559736142815,21.228020898491433,23.938811679331533,1.91,13.0,-0.11,0.26
RTX,2023-06-12,94.35055821965422,94.7302781863224,94.02780095564763,94.37903594970703,3527500,16.583017797865455,18.792775228010246,18.94080856368789,21.1848229533288,23.863442594615897,1.88,11.0,-0.1,0.31
RTX,2023-06-13,94.92962497880086,95.57514671835894,94.47395959217815,94.63534545898438,4053500,16.554071104418533,18.097867811203074,18.762781716800355,21.07424801408598,23.781988914275463,1.86,7.0,-0.09,0.39
RTX,2023-06-14,94.65433020092888,94.75875337002047,91.65455775422755,91.94883728027344,6363800,18.078498474308496,18.708309336385575,19.33701733691825,21.31854997275907,23.654418015574294,1.83,15.0,-0.02,0.36
RTX,2023-06-15,92.25262127477231,93.38228626961033,92.11972036273919,93.03104400634766,4530100,17.670642944222724,18.83597014686541,19.17116211178059,21.353845506251666,23.670790836708356,1.81,15.0,0.02,0.41
RTX,2023-06-16,93.22090092631575,93.98983591334081,91.90137954732475,92.78422546386719,9037900,17.24406998554302,18.632924189346127,18.448948763382862,21.118073260919044,23.65101377496794,1.78,1.0,0.03,0.33
RTX,2023-06-20,93.41075041456021,93.94235398536713,92.59435507793216,92.7462387084961,6935100,17.151758754743806,18.56719737666194,18.428119597826758,21.06570230078873,23.4496514745328,1.75,1.0,0.05,0.34
RTX,2023-06-21,92.74624491868127,94.88216157769183,92.45196538550215,94.04678344726562,4776500,17.220356657301615,18.755062439459223,18.558567712221922,21.104477370355355,23.475781338722186,1.72,5.0,0.05,0.27
RTX,2023-06-22,93.60062422167806,93.62910195506072,91.70203140889531,92.00580596923828,4531500,18.38663744369223,19.288680770901145,18.855624705605624,21.214237961592143,23.165247796289655,1.69,14.0,0.06,0.18
RTX,2023-06-23,91.79694877775995,92.3570373576235,91.45520153234801,91.99630737304688,6213400,18.387259977887272,19.287007111962325,18.802519554381504,20.955967412723528,23.161546766310938,1.65,13.0,0.06,0.22
RTX,2023-06-26,91.1134576990193,91.71151173206961,89.94582011919081,91.65455627441406,3993600,18.26158847268335,19.207717617368278,18.719498421366634,20.95588615398522,23.147601823785244,1.61,10.0,0.07,0.26
RTX,2023-06-27,91.46469309512413,91.84441304718955,90.99004496568129,91.63556671142578,4048200,18.22015697124884,19.195519716125386,18.580409802729626,20.909458373772807,23.00055452491633,1.57,6.0,0.07,0.34
RTX,2023-06-28,91.502664061564,91.51215905188654,90.29706102260081,91.009033203125,4014900,18.21334697120635,19.207168630429678,18.459674673855012,20.92390028734071,23.002681054456787,1.52,3.0,0.07,0.41
RTX,2023-06-29,91.13245018543797,92.92661971905926,90.99005428351194,92.8411865234375,4071400,18.684860018805924,18.848212971019926,18.710511671369893,21.045365973229654,23.060602976182366,1.47,11.0,0.1,0.32
RTX,2023-06-30,93.12596578325456,93.40126257995773,92.34754310527028,92.9930648803711,4402000,18.417437299784105,18.728584774565913,18.617748963880707,21.039706614079357,23.054650100685926,1.44,9.0,0.11,0.37
RTX,2023-07-03,92.54689227577475,93.82844080479956,92.38551364644658,93.40126037597656,2149900,18.44724118670742,18.686777226544905,18.626636142585852,20.908360176233597,22.86895428542573,1.42,10.0,0.1,0.37
RTX,2023-07-05,93.05001901416162,93.467711698729,92.49943267116159,93.25886535644531,3247400,18.45810481153253,18.65308367119863,18.624594998701454,20.75537508230122,22.850751251249964,1.41,10.0,0.1,0.37
RTX,2023-07-06,92.936118191861,93.73352368442677,92.41400227942624,93.0785140991211,3679600,18.39949884989655,18.422267187683012,18.625146445922056,20.48657832270427,22.434157389237047,1.39,11.0,0.1,0.37
RTX,2023-07-07,93.10697722907662,93.47720218435241,92.43297776581672,92.48043823242188,4569600,17.784475944467797,18.46534054405892,18.116243126294375,20.34560007210621,22.419896452579245,1.37,1.0,0.15,0.38
RTX,2023-07-10,92.47095646979406,93.34430733145638,92.33804832405272,92.53740692138672,3300300,17.70528720167892,18.07429577163244,18.1166493961099,19.968925909968647,22.419928216231487,1.34,2.0,0.19,0.38
RTX,2023-07-11,92.1766785981974,93.11648000227164,91.64507493408375,93.05952453613281,6209900,17.615431286707768,18.113904066481993,18.092958888519824,19.97544949444969,22.392802361605167,1.32,1.0,0.27,0.4
RTX,2023-07-12,93.63858472817195,93.79047560980165,91.81593760395079,91.9108657836914,4943300,18.08576096405968,18.277152589097227,18.195283103327757,20.026646740314998,22.42389009511685,1.29,4.0,0.35,0.32
RTX,2023-07-13,91.69251711869923,92.51840742575781,91.40773260225355,92.24311065673828,3357600,18.007553642371,18.04360322180108,18.19165655720564,19.959276703410637,22.42520224355141,1.27,4.0,0.43,0.33
RTX,2023-07-14,92.16718180053088,92.2241445081104,90.8761453904863,91.29383087158203,3454600,18.155991744304433,17.83998611713591,18.23896682939491,19.943305389944648,22.259872251783722,1.24,6.0,0.52,0.29
RTX,2023-07-17,91.21787692853623,91.96782186591145,90.75272377486762,91.43621826171875,3268800,17.188890287803552,17.82818471026521,18.195350808979104,19.854081436056674,22.175709004668416,1.21,6.0,0.58,0.33
RTX,2023-07-18,91.53115679440272,92.72727228167452,90.64831085612823,90.90462493896484,5464600,16.18347586124323,17.710731737286554,18.215617750271885,19.66895195862283,22.149656396636953,1.19,7.0,0.62,0.31
RTX,2023-07-19,90.9805499672147,91.57861124549598,90.43945138939945,90.7242431640625,4133300,16.16295161035481,17.685141024767738,18.211806877539473,19.603884039000498,22.091953321471085,1.17,7.0,0.64,0.31
RTX,2023-07-20,91.32230409799186,92.34754587315562,91.10396999780616,92.23363494873047,4314600,16.07123060360757,18.036856141726098,18.40735133480342,19.25967879905708,21.71841387147539,1.15,10.0,0.69,0.23
RTX,2023-07-21,92.27160567126474,92.4994420181729,91.48369517651645,91.50267791748047,3274900,15.823158496904382,17.906394841461275,18.435346239485046,19.280837868829217,21.708217458542382,1.12,12.0,0.72,0.21
RTX,2023-07-24,91.98680913169899,92.25261092594779,91.61658416934448,92.09123229980469,4741800,15.874270987743513,16.53261021241835,18.385630131395516,19.274540433601985,21.717178516924605,1.1,10.0,0.73,0.25
RTX,2023-07-25,81.50657525887132,82.82609644518385,77.2252472141331,82.68370056152344,49625600,34.80827093189438,27.297251727826676,25.107682983406654,23.05883387968475,24.241617795516657,1.21,100.0,2.66,19.01
RTX,2023-07-26,82.41790150134007,82.778631474999,80.55728168960775,81.92427062988281,20124000,34.799775073577024,27.29359764903878,25.079291784976988,23.06663442705778,24.254910429115462,1.3,99.0,3.67,18.96
RTX,2023-07-27,81.44962379215808,82.79762277272198,80.14908528010211,80.8515625,14092700,34.80976718327836,27.347149089177947,25.148612146605267,23.1085566564718,23.83546779757609,1.4,100.0,4.29,18.62
RTX,2023-07-28,81.1648204794831,83.1108804757207,81.06989231339817,82.9115219116211,11617700,35.14864431849956,27.81249436082257,25.48192801546548,23.275207256312967,23.969298083656927,1.5,100.0,3.79,17.73
RTX,2023-07-31,83.01596085827777,84.19309351781901,82.79762675900668,83.47162628173828,10177400,34.99171115092,27.67871894782392,25.437132193327493,23.290039017159632,23.865216660697467,1.58,99.0,3.26,18.02
RTX,2023-08-01,82.7311675334115,83.73741921521996,82.65522209712829,83.50959014892578,6780400,35.01072400777611,27.581182221815503,25.41382304772575,23.249960469117283,23.848404843437358,1.67,98.0,2.79,18.16
RTX,2023-08-02,83.06342690873016,83.46212961967862,80.9464929562173,81.12686157226562,8610900,35.7600497978905,28.097919066992006,25.701901849027607,23.247647218461726,24.021728725456256,1.76,100.0,2.61,17.21
RTX,2023-08-03,81.19331807211336,81.4116594258336,80.08264304778538,80.37692260742188,7947300,35.353438816194085,28.07887717824749,25.73297549267618,22.69889863777163,24.031790442262775,1.85,100.0,2.46,17.05
RTX,2023-08-04,80.73765628574589,80.88004494212188,80.06364951363682,80.26300811767578,5573300,35.0094606482958,28.008973382131664,25.60008790122459,22.68374447059467,24.016523037082873,1.93,98.0,2.21,17.34
RTX,2023-08-07,80.45285807273302,81.42113707166264,80.41488535320853,81.1363525390625,6740900,35.272301371385915,28.129577138225258,25.6226669298327,22.43183315873712,23.971578715183657,2.01,98.0,1.87,17.28
RTX,2023-08-08,80.6996764348056,82.04767537483932,80.36742419501638,81.83882904052734,7220000,35.46730882918109,28.18220664000351,25.37127180547901,22.39013475090289,23.986171017387772,2.08,93.0,1.56,18.3
RTX,2023-08-09,81.71542685162213,83.45264081053186,81.61100367971677,83.31973266601562,8802600,36.01144823231712,28.438118410942625,25.256755743101373,22.474598241113075,23.973004315171664,2.14,92.0,1.26,18.61
RTX,2023-08-10,82.89255211172532,83.6045243323056,81.73440947410576,81.84832763671875,5359700,36.248234973803896,28.57488828392207,25.13151773271601,22.54297776508421,24.024544721653882,2.2,90.0,1.01,19.06
RTX,2023-08-11,81.56353121630937,82.46536698999442,81.54454847823061,82.43688201904297,3778800,35.71492742340122,28.538022656202916,24.97330195715523,22.534489127494638,23.98128542218912,2.25,87.0,0.76,19.51
RTX,2023-08-14,82.43687974476656,82.69319377836956,81.8578157173955,82.05716705322266,3521800,35.67574060172994,28.414709803534183,24.960739155328966,22.523180560579952,23.98384865578944,2.29,86.0,0.54,19.48
RTX,2023-08-15,81.75339445464517,81.85781762001345,81.25026136580004,81.31671905517578,4174900,35.608478089342526,28.445330838336975,24.915522669594818,22.541761996761792,23.915976330234574,2.34,85.0,0.34,19.68
RTX,2023-08-16,81.20280191790201,81.44012597988703,80.7756142607956,80.82308197021484,4207700,35.598597771535495,28.455129121825657,24.908874039792234,22.54557506736748,23.89227238613698,2.38,84.0,0.18,19.71
RTX,2023-08-17,81.21500972310125,81.94151138916371,80.80396359148506,81.39663696289062,5090700,35.75629245048425,28.50914875598273,24.926609310076238,22.555702811431885,23.878678884856303,2.43,85.0,0.01,19.67
RTX,2023-08-18,80.90910366697872,82.42902092533961,80.88998846756333,82.01797485351562,8150400,35.9203409811796,28.403427021077942,24.947141557950225,22.56527888931061,23.89178790498093,2.47,85.0,-0.14,19.62
RTX,2023-08-21,81.84591068363397,82.21871907171958,81.46354104908372,81.75031280517578,4494800,35.894580748260765,28.39896358392891,24.94954593389421,22.50792345267973,23.891558714637938,2.52,85.0,-0.29,19.59
RTX,2023-08-22,82.03710940078109,82.03710940078109,81.31060766905797,81.56871032714844,3924500,35.78106700370571,28.384866626723852,24.8946682796752,22.485528480703255,23.853207841708183,2.56,80.0,-0.42,19.7
RTX,2023-08-23,81.77901455862663,82.35256549024514,81.5400343960276,82.2474136352539,4462000,35.88055025219579,28.447860034471578,24.9377772626535,22.4326781502051,23.8054669632653,2.6,83.0,-0.54,19.63
RTX,2023-08-24,81.73120769953286,82.36211876842542,81.39663696289062,81.39663696289062,3905800,35.86217645854297,28.50133922694948,24.956620590768622,22.459615527127106,23.816333283554158,2.64,85.0,-0.65,19.44
RTX,2023-08-25,81.7407636950677,81.95106737118584,80.91867148465742,80.9569091796875,4737600,35.816861149371135,28.48659783481121,24.55805037071846,22.35567039091282,23.80196769486943,2.67,77.0,-0.74,20.55
RTX,2023-08-28,81.10029475401255,82.25696502021735,81.07161830483464,81.96062469482422,4834600,36.09691433797925,28.253068335596122,24.612553096416708,22.404514565489325,23.644127426163898,2.7,77.0,-0.82,20.54
RTX,2023-08-29,81.97974524209478,82.34299241154348,81.51133893966716,81.58781433105469,5130900,36.09210946082858,27.871696279802162,24.597875493724885,22.40045562157066,23.49021252961232,2.73,76.0,-0.91,20.62
RTX,2023-08-30,81.86504579273117,82.90700311795324,81.7790164329098,82.62022399902344,4469800,36.394293638808925,28.025674582445408,24.68665021261564,22.41293716723416,23.477876590489487,2.76,77.0,-0.98,20.44
RTX,2023-08-31,82.87831747210554,83.18421178850846,82.23785238668312,82.2474136352539,4914500,35.916400337498025,27.747061973373537,24.568122669012492,22.358607544760325,23.44025610902965,2.78,74.0,-1.05,20.73
RTX,2023-09-01,82.79228508222965,82.86876048180365,82.1040210722548,82.4768295288086,2583000,35.94381252783413,27.618792748201876,24.5740681051653,22.357369057241375,23.4118199434888,2.8,74.0,-1.1,20.72
RTX,2023-09-05,82.44815005803004,82.4959490042873,81.2723645351971,81.3010482788086,4973800,35.952128431365125,27.691359031336383,24.46548050638933,22.4150070403859,23.375820208006076,2.82,71.0,-1.15,20.84
RTX,2023-09-06,81.12898635382795,81.22457695804412,79.58039231038177,79.82893371582031,7528800,18.814050201226113,27.859174198073816,24.60160799846829,22.45004071125298,23.441663228074976,2.83,75.0,-1.19,20.16
RTX,2023-09-07,80.1156873822785,80.68924546385593,80.0105355535289,80.6127700805664,6376700,18.91263992049178,27.968796210642477,24.668993650417455,22.484760213487537,23.457314946466155,2.85,76.0,-1.23,20.0
RTX,2023-09-08,80.61278587239273,80.67970002260587,79.28405682309223,79.80025482177734,5984000,18.755478909173736,27.9879003707515,24.57487356094162,22.495070159146653,23.476558002865136,2.86,72.0,-1.27,20.14
RTX,2023-09-11,76.66482550522248,76.95160458862931,72.64040084849167,73.51029205322266,24520700,29.000754506731557,31.950607999706136,27.525548333891546,24.450084509742574,24.848357864919787,2.92,100.0,-1.01,15.62
RTX,2023-09-12,71.40726259700904,72.37274440037939,70.41311163695656,72.22935485839844,17931800,29.07396452781694,31.910065300999797,27.62072608161517,24.439648672417583,24.846563890752975,2.98,100.0,-0.71,15.28
RTX,2023-09-13,72.22935485839844,73.2808733041954,72.13376426144282,72.22935485839844,11613000,29.067091149107778,31.92026077834975,27.586984122631165,24.404037724602244,24.845614499051692,3.04,99.0,-0.52,15.46
RTX,2023-09-14,70.43222951390148,72.30583299914628,70.37487661216905,72.17200469970703,15600400,28.169260041472317,31.91841980320077,27.585395777206767,24.378738450426475,24.391807603817494,3.09,98.0,-0.41,15.5
RTX,2023-09-15,71.78962964104649,73.03232923510951,71.77051443959552,72.45877838134766,16049800,28.210811980359935,31.74189314287637,27.59581489121883,24.379781407458516,24.185665557885265,3.14,99.0,-0.38,15.48
RTX,2023-09-18,72.56392930619394,73.13748015271669,71.8087512292527,71.86610412597656,9847200,28.236867215396778,31.54092949472791,27.557152635656042,24.388899554380053,24.182322990358994,3.19,96.0,-0.36,15.63
RTX,2023-09-19,71.67492484711507,72.10508617017011,71.13960438877925,71.77051544189453,11389300,27.912171272012948,31.53525869217768,27.091429900659154,24.337006676865816,24.17849941829864,3.23,94.0,-0.38,17.08
RTX,2023-09-20,72.6021660120912,72.80291575424366,71.10137097505863,71.149169921875,10817900,27.67722341318598,31.54892342305393,26.92052299730994,24.33589528206991,24.19140496628248,3.27,93.0,-0.39,17.36
RTX,2023-09-21,71.00578921590821,71.16829398636582,69.24689860910439,69.43807983398438,12456600,27.388271052162,31.80450286686311,27.10663723106732,24.484270906749593,24.307620839847267,3.31,94.0,-0.34,16.61
RTX,2023-09-22,69.40940183054136,69.48587723602513,68.28141512549193,68.4248046875,9673000,27.28683997367235,31.868573348861524,27.143210048826273,24.531155337164872,24.331319440920623,3.34,94.0,-0.29,16.36
RTX,2023-09-25,68.15715154842678,68.92188376310118,67.88948761553947,68.87409210205078,10430100,27.261468423806317,31.542092925048298,27.124959359730948,24.549687664906276,24.32158810073982,3.38,93.0,-0.31,16.57
RTX,2023-09-26,68.28139811796933,69.22775732254976,68.17624628489436,69.07481384277344,10323600,27.381475751305945,31.554593042281372,27.041992598924384,24.46968462490583,24.26617471965827,3.41,90.0,-0.36,16.97
RTX,2023-09-27,69.54321343451844,70.09764905141806,69.2564343794064,69.66748046875,9391800,27.66979961443005,31.618677011282415,27.053517097630813,24.296287009556668,24.25683693034161,3.44,90.0,-0.45,17.1
RTX,2023-09-28,69.03659002433415,69.85868236099972,68.77848736651585,68.82628631591797,8490600,27.743217054355217,31.645384899850743,27.052339366746175,24.321147049649465,24.28551191367446,3.46,89.0,-0.51,16.96
RTX,2023-09-29,69.11307063768105,69.32336706885911,68.40568405728621,68.79761505126953,6366300,27.53586004939462,31.653327572841828,27.02423706526619,24.320891226857945,24.117904628502913,3.49,87.0,-0.59,17.12
RTX,2023-10-02,68.57774324180363,68.7689317416751,67.77477342163013,68.19537353515625,6791300,27.261027686308527,31.661436727933072,26.990319061983843,24.288948619696736,24.106582229763546,3.51,86.0,-0.65,17.09
RTX,2023-10-03,68.26229557158543,69.06526539871855,67.33505139518485,67.46887969970703,8175800,27.27794573494606,31.65953958038566,27.013987978785494,24.215081091430715,24.122370489687214,3.53,86.0,-0.7,16.94
RTX,2023-10-04,67.03870587102182,67.11518126573542,66.16882195871361,67.0291519165039,10264000,27.24919318314391,31.57883827359658,27.008427539520817,24.221520610352908,24.078610489591632,3.55,85.0,-0.75,16.96
RTX,2023-10-05,66.97178832080584,67.26812863698896,66.20705629181428,66.32176208496094,7402600,26.903702558660093,31.563991513579243,27.007219803569566,24.04770061398914,23.919053293915393,3.57,84.0,-0.79,16.85
RTX,2023-10-06,66.05409988515854,67.28723810813695,65.53790198067263,66.69456481933594,8540300,27.135860149365154,31.59108072907108,26.991232771548564,24.0042382549984,23.925504908314718,3.59,83.0,-0.84,16.88
RTX,2023-10-09,69.5432251361328,70.02118544634676,68.65421866741099,69.77264404296875,13726200,31.010030399372866,33.2233713796377,28.008977260621158,24.62973206682323,24.337577665836786,3.61,100.0,-0.92,15.08
RTX,2023-10-10,70.2219273635846,70.41311586206307,69.44763400075941,70.11677551269531,10633900,30.72455332634268,33.256596817102924,27.943561925063275,24.51233248944127,24.34198135464054,3.64,99.0,-0.99,15.2
RTX,2023-10-11,70.09765948347497,70.09765948347497,69.41895673133804,70.07853698730469,7349800,30.753864161106414,33.264690278937486,27.93753838288046,24.17026298399977,24.34095780637561,3.66,98.0,-1.05,15.21
RTX,2023-10-12,70.17412919708892,70.3079574870577,69.10349558424373,70.06897735595703,6921300,30.33803465120878,33.272432088677405,27.937218566210486,24.15653002203729,24.334609040981448,3.68,97.0,-1.1,15.21
RTX,2023-10-13,70.67121315506007,71.12049702242567,69.87779727409936,70.02118682861328,8661900,30.36910421992162,32.998724663223264,27.93656175753525,24.152063407455625,24.26267998752939,3.7,96.0,-1.15,15.23
RTX,2023-10-16,70.39398500774334,70.83370756239202,69.39026556591625,70.71900177001953,6299700,30.604808372328772,33.1239445012033,27.914706587920058,24.183632828906894,24.176866564029616,3.71,95.0,-1.2,15.46
RTX,2023-10-17,70.49913680147776,71.61756203496866,70.1167671432576,70.63296508789062,8035100,30.497154930519866,33.05545808983397,27.913138060765007,24.16750633294927,24.027011471509987,3.73,94.0,-1.25,15.49
RTX,2023-10-18,70.74767929215477,71.5984479662748,70.66164265347463,70.96753692626953,7791000,30.334979710959388,25.122498021338913,27.92961937575052,24.129575220746986,23.922782105045123,3.74,95.0,-1.29,15.51
RTX,2023-10-19,70.7190017252101,71.55064789176224,70.59472739275914,70.63296508789062,7421400,30.05603114761457,25.08828517132275,27.926123366079796,24.083923955611098,23.68085320763059,3.75,94.0,-1.32,15.48
RTX,2023-10-20,70.82414668154719,70.88150687112466,69.28512137886611,69.35203552246094,7995600,30.28371538871625,25.203336963660846,28.039569231123306,24.113578300883855,23.744219700308538,3.76,100.0,-1.36,15.1
RTX,2023-10-23,69.38071172327521,70.74767833163297,69.3233515339023,69.90646362304688,8357200,19.662113821751117,24.63561921770061,28.07600863426243,24.135995712273075,23.756712576155795,3.77,100.0,-1.39,15.11
RTX,2023-10-24,75.27875738203323,75.32655633570482,73.56765840255895,74.92506408691406,25548200,27.94390252220617,28.682692997060066,30.072833951688928,25.500352005319414,24.71811750102732,3.8,100.0,-1.39,13.0
RTX,2023-10-25,75.85229572754442,75.85229572754442,74.34193947746448,74.9537353515625,22157600,27.942669355685478,28.682454641291965,29.85436724401505,25.49764278296681,24.679746552025954,3.83,99.0,-1.39,13.37
RTX,2023-10-26,74.56179987775619,76.31113616369244,74.47577053242885,75.6611099243164,33222400,28.034253120637814,28.20487997115767,29.907662857183443,25.52763202309366,24.653451481867496,3.86,99.0,-1.39,13.31
RTX,2023-10-27,75.0684425475287,76.25378203361541,74.96329069948682,75.6706771850586,21946800,28.027870715177894,28.15499626913479,29.748571276945263,25.525350195483654,24.530588011580914,3.88,97.0,-1.37,13.57
RTX,2023-10-30,75.58463444943368,76.28245963083806,74.34193486894166,75.10667419433594,23380600,28.006750809517033,28.18619309298595,29.678946092334158,25.303625528057832,24.49746151656068,3.9,96.0,-1.36,13.65
RTX,2023-10-31,75.37433663351673,77.95532658767151,75.25963083095115,77.80237579345703,18663800,29.648725273097575,29.05949391268252,30.24940197408374,25.67011332115848,24.499746050127527,3.92,100.0,-1.34,12.69
RTX,2023-11-01,78.38548771240293,79.1502270951279,77.74502267290056,78.52887725830078,20200200,29.506549781716735,29.069049742558672,30.293294595332043,25.67689628411603,24.518349496955246,3.94,100.0,-1.31,12.63
RTX,2023-11-02,78.72005737933145,79.53258840416424,78.60535157866032,79.131103515625,15755700,28.33665466853671,28.863215881418746,30.327839002803614,25.69654519998485,24.5182505405527,3.95,100.0,-1.29,12.58
RTX,2023-11-03,79.50391471055516,80.16350225966396,79.0259544095999,79.0737533569336,21269500,27.80448775958766,28.646036263201214,30.319838901576944,25.692559316263342,24.476270219840007,3.95,99.0,-1.26,12.58
RTX,2023-11-06,79.0546322222524,79.29361237684577,78.44284360994098,78.76786041259766,5950700,27.912190202230885,28.607960694661767,30.01141716025133,25.68368100767153,24.467708468574536,3.96,95.0,-1.22,13.29
RTX,2023-11-07,78.76785223958214,79.04507006531759,78.50974961526873,79.02594757080078,6352900,27.910628031391088,28.60819951124328,29.946459056385528,25.67337697272291,24.465676342050173,3.95,94.0,-1.19,13.4
RTX,2023-11-08,79.19801441730799,79.60906053675235,78.8730049379354,79.53258514404297,9844700,27.890400329409477,28.588846534569328,29.97300366262604,25.68817195769632,24.45314881251434,3.94,94.0,-1.15,13.37
RTX,2023-11-09,79.97230942616935,80.15392935481452,78.51930623844177,78.79652404785156,9638100,27.755238788472735,28.62380757006892,29.997663290568223,25.70582041094953,24.468553931075476,3.92,94.0,-1.1,13.28
RTX,2023-11-10,79.1119926885888,79.20758329213321,78.17518727042435,78.59579467773438,10351200,27.795014151244256,28.584098567691925,29.894032871408804,25.70632022542358,24.442685064108435,3.9,90.0,-1.07,13.44
RTX,2023-11-13,78.6340266179623,79.15977854549384,78.00311555321042,78.4141616821289,7740300,27.58969885562546,28.53497699857681,29.71920349158858,25.70317173998886,24.27439458495853,3.87,87.0,-1.02,13.9
RTX,2023-11-14,78.55755170527499,78.62446585257464,77.05675672175815,77.13323211669922,13128900,27.917006368804547,28.712478910222174,29.811672165001333,25.74212894351051,23.93818817046342,3.85,88.0,-0.97,13.63
RTX,2023-11-15,76.96116852571808,77.66854771825457,76.26334328802598,77.07587432861328,10757800,27.76869954376543,28.711317960749263,29.81043751289143,25.742079541889574,23.92786037919242,3.82,87.0,-0.91,13.64
RTX,2023-11-16,77.48996013386349,77.83662886160215,76.96995704225552,77.25885009765625,7578700,27.401048288881274,28.65563201057899,29.81660457776456,25.71346787256364,23.732131809478783,3.78,88.0,-0.85,13.64
RTX,2023-11-17,77.6536573267861,77.6921768879298,76.47883642589578,76.72920989990234,7343900,27.618605343313536,28.615610114145625,29.81668520995107,25.722245234680823,23.695545375200947,3.74,88.0,-0.79,13.64
RTX,2023-11-20,76.61363936523027,76.86401280050696,76.06474856083585,76.23808288574219,8359300,24.972592454842584,28.622995159130717,29.622718303476503,25.71986497305826,23.688108246848326,3.7,81.0,-0.73,13.95
RTX,2023-11-21,76.0069877393958,76.17069037075001,75.21735507108419,75.25587463378906,7125000,25.38492502252123,28.589425082983016,29.66814158466427,25.716639579894228,23.701618036673626,3.65,81.0,-0.67,13.79
RTX,2023-11-22,75.12104602439665,76.91216495311582,75.11141429877767,76.864013671875,7024900,25.94160186677087,28.95194528451358,29.880171795240784,25.838415362934313,23.783345127165813,3.6,89.0,-0.61,13.41
RTX,2023-11-24,76.86401107714745,77.1240088852506,76.48845460607969,77.0180892944336,2346300,25.92595417008535,28.821095266973185,29.886691642567477,25.785306842103545,23.773325259194262,3.54,89.0,-0.55,13.41
RTX,2023-11-27,76.80624646731829,77.02772475295855,76.19957258305406,76.52698516845703,9378400,26.05199285913186,28.832964402067834,29.89516585640774,25.792765212974757,23.777558980976522,3.48,90.0,-0.49,13.37
RTX,2023-11-28,77.02773146856448,77.7981080392675,76.62328707503036,77.22032928466797,7094800,26.03247174300552,28.898012544579423,29.936843747885206,25.749594077118726,23.793742130502775,3.41,91.0,-0.43,13.34
RTX,2023-11-29,77.24921713006471,78.31811113229296,77.1529218954286,77.95217895507812,6852100,26.067948344417353,28.842980112667004,29.98765600778438,25.7531609221693,23.809390594610928,3.33,93.0,-0.37,13.27
RTX,2023-11-30,78.13513473146847,78.88624774809634,78.04847123579042,78.4625473022461,8366100,26.081801900800063,28.644761616809035,29.993600726932378,25.599921905997867,23.81237081487671,3.24,93.0,-0.33,13.26
RTX,2023-12-01,78.46255744306998,79.3581170817616,78.35663048120337,79.27144622802734,5487400,26.040297148221892,28.652215666756042,30.003434193431094,25.474580024740582,23.797322251895803,3.15,94.0,-0.28,13.32
RTX,2023-12-04,79.03069479419241,80.10922038896422,78.9055117395176,80.05143737792969,5525300,25.224172544778906,28.65055702455625,30.04614716233617,25.355381691230804,23.804977201543203,3.05,95.0,-0.27,13.26
RTX,2023-12-05,79.85885661362197,80.26330100561955,79.59885874643935,79.62774658203125,5945700,25.371549154963663,23.013281195253356,30.0186792980696,25.25910834615334,23.757436764414358,2.94,94.0,-0.23,13.34
RTX,2023-12-06,79.56032442434005,80.34032522804746,79.28106315399755,79.64698791503906,6125800,16.257980708593088,22.675112085348246,30.016140203034748,25.250282590558104,23.75620250264455,2.83,93.0,-0.22,13.34
RTX,2023-12-07,79.92625427246094,80.07070077967364,78.41439650359098,78.48180389404297,5443900,16.96683394167558,22.920163868139152,30.082980000520998,25.259756530807458,23.722602142568455,2.7,96.0,-0.21,13.16
RTX,2023-12-08,78.66477209423324,79.05958472134984,78.15440078883984,78.3084716796875,5535000,16.83250220783033,22.927751405107173,30.08309943623171,25.248724112204446,23.720043502254097,2.57,96.0,-0.21,13.16
RTX,2023-12-11,78.3181168676952,79.24256441224082,78.3181168676952,78.85737609863281,5897300,16.913568413521553,22.950746424773843,29.976134912033363,25.257573424447017,23.726719115664945,2.42,85.0,-0.4,13.35
RTX,2023-12-12,78.20255150856478,78.5588519540037,77.91366580810694,78.03884887695312,6811200,17.06886090766577,22.994994102907377,29.99215315425027,25.27418126365276,23.718079357818812,2.27,86.0,-0.62,13.3
RTX,2023-12-13,78.18328565107231,80.31144163720657,77.53809223877647,80.13810729980469,8057900,15.691972868991167,23.557723511848394,30.29763835729317,25.48159901745846,23.83455899484938,2.09,98.0,-1.12,12.78
RTX,2023-12-14,80.76404159932942,80.97588815922187,78.39514375878703,78.82847595214844,11124700,16.27316306007229,23.759461709222137,25.17198529156644,25.521565841152604,23.883983701981933,2.09,24.0,-1.11,9.49
RTX,2023-12-15,78.71291478361947,78.95365651606606,76.71957353283584,77.3069839477539,19196600,17.065150250513067,23.552087147098245,25.315104190931248,25.614886732252923,23.957494343723585,2.09,25.0,-1.1,9.22
RTX,2023-12-18,77.38402425976669,78.4721742623527,77.38402425976669,77.7018051147461,7701100,17.14983456647822,23.308269101883123,25.24970757004516,25.61264243302025,23.923575921469578,2.09,23.0,-1.09,9.35
RTX,2023-12-19,77.92328500418823,79.59885281215576,77.92328500418823,79.56033325195312,9912600,18.49212920856472,23.706701397145565,25.21162294221807,25.568591912157807,24.04674715437872,2.09,23.0,-1.08,9.41
RTX,2023-12-20,79.15587439584465,79.82995561824198,78.53957618196117,78.61661529541016,6961800,18.804627616821097,23.887626825620867,25.25105407419934,25.575630257866067,24.06160263123094,2.09,25.0,-1.07,9.33
RTX,2023-12-21,79.00181111241619,79.91662679531309,78.35662500566342,78.9729232788086,7732800,18.755686704309458,23.85589765880271,25.2636268116908,25.571842386075737,24.05643429929882,2.09,27.0,-1.06,9.31
RTX,2023-12-22,79.04995413280089,80.75440976436138,79.00181019296686,80.14774322509766,9769500,19.039923930652026,23.807446929173928,24.96454157318618,25.632871490593395,24.048442368475868,2.1,20.0,-1.06,9.83
RTX,2023-12-26,80.07069862716962,81.17811202355755,80.00329123852971,80.93737030029297,4442600,19.20017054288174,23.845379481359835,24.970077453576874,25.60144345563511,24.040664920754825,2.11,21.0,-1.06,9.83
RTX,2023-12-27,80.79291966525507,81.34181047235414,80.60032188838015,81.05291748046875,5440600,19.175025827099333,23.726536615532265,24.969846776487113,25.60191945894172,24.02628369606785,2.12,21.0,-1.06,9.83
RTX,2023-12-28,81.05291748046875,81.4766252427396,80.97587836971879,81.05291748046875,4622700,18.443570260161074,23.5655170457381,24.910562464846443,25.505107298739766,24.022699656253142,2.12,13.0,-1.06,9.94
RTX,2023-12-29,81.09145525189736,81.28405307203666,80.67737912216737,81.0240478515625,4624800,18.439535650162426,23.49193367808914,24.872121782288353,25.50346308434775,24.01814335575476,2.13,11.0,-1.06,10.02
RTX,2024-01-02,80.93738666702201,82.8344256585984,80.85071580875638,82.06405639648438,10455600,18.717534092465467,23.394765954203777,24.789984387345232,25.55466659461882,24.022573449672784,2.14,11.0,-1.06,10.18
RTX,2024-01-03,82.31442264737106,83.68183402835781,82.1892322349963,82.43960571289062,9957500,18.538222127912082,23.391834361231115,24.638152698193796,25.502001942625245,24.019448970603754,2.14,9.0,-1.06,10.5
RTX,2024-01-04,82.80552451489677,83.3833032053492,82.17959453905056,82.24700927734375,6656500,18.40684776169752,21.752717021551383,24.614688062014913,25.432747905524618,24.020055419779236,2.15,9.0,-1.06,10.54
RTX,2024-01-05,82.58404890864472,82.58404890864472,81.71737717147555,82.2181167602539,6796100,17.83832256346617,21.75699275213993,24.60373618158731,25.42735983292731,24.019911827349627,2.15,8.0,-1.06,10.57
RTX,2024-01-08,81.7655196500748,82.98848433027199,81.58255359558977,82.66107177734375,7625700,17.006755949557864,21.753633623358255,24.574779014466838,25.404007117705856,24.027050763090756,2.16,5.0,-1.07,10.65
RTX,2024-01-09,82.58403141232486,82.79588527506655,81.82328679014027,82.62255096435547,5400500,17.02710655164336,21.755608377304362,24.554562546276916,25.397459696209463,23.972765137204778,2.16,2.0,-1.07,10.69
RTX,2024-01-10,82.62255948072573,83.25811378760764,82.48774470814914,82.8921890258789,5706500,16.825282393911092,21.74406610743607,24.534933701524213,25.399808438786632,23.81375392917071,2.16,2.0,-1.07,10.73
RTX,2024-01-11,82.72850135485838,82.82479658881446,81.59219996172361,82.16034698486328,5860100,17.035476210958844,21.82257875730112,24.547431704733718,25.37351209960348,23.825614420248797,2.17,3.0,-1.07,10.7
RTX,2024-01-12,83.35442049367374,83.5181304659573,82.80552960199503,83.13294219970703,5277300,17.136373333349677,21.890281475656383,24.612168381177355,25.101740507741805,23.855608454910193,2.17,13.0,-1.07,10.57
RTX,2024-01-16,82.92108197812922,83.08478459110484,81.89070766873192,82.33367156982422,9568200,17.41665220779946,22.03195829661998,24.658834147323347,25.033546288311285,23.84594646542946,2.18,17.0,-1.07,10.46
RTX,2024-01-17,82.26626965733064,83.59516144909598,81.77515443884681,81.90034484863281,7669600,17.327809562656864,22.039944399162465,24.63811684578174,25.0296158326741,23.77015030303627,2.18,16.0,-1.07,10.5
RTX,2024-01-18,81.90034232494835,82.66107975289782,81.65960058659971,82.3047866821289,6594800,17.172119983654984,21.615062965140197,24.594218891164417,25.031528148960845,23.775403947308593,2.19,10.0,-1.07,10.6
RTX,2024-01-19,82.42035502383656,82.62258459101626,81.30331694773756,82.36257934570312,7509600,17.07063157643024,21.59297287620927,24.57838757532255,24.977524827499824,23.617680799238805,2.19,9.0,-1.08,10.64
RTX,2024-01-22,82.6321971545404,82.98849759473575,81.86182795113479,81.87145233154297,14052800,17.193453114942212,16.614011246869424,24.519747709677528,24.905986097623234,23.573595332864393,2.19,2.0,-1.07,10.75
RTX,2024-01-23,84.96257986436515,88.95888695323904,84.70257466556812,86.23369598388672,19434800,22.07716347657319,19.563253908142716,25.855392053429014,25.626926261755656,24.144592705646552,2.17,33.0,-1.02,9.17
RTX,2024-01-24,86.31073337730766,86.71518511878142,85.41517373387835,86.17591857910156,12872300,22.049211837302725,19.5168646111027,25.78403830593816,25.612934326180593,24.061531514248287,2.16,32.0,-0.98,9.3
RTX,2024-01-25,86.90777027888649,87.73592247261654,86.26258416305299,87.57221984863281,10584600,22.34049292226583,19.718170858783974,25.89058183436506,25.655164708695715,23.88733896797838,2.15,33.0,-0.9,9.11
RTX,2024-01-26,87.33147343760622,87.84184473620701,86.80183868612166,87.06184387207031,5987400,22.130484922264014,19.685851832424696,25.908513292391426,25.64717872915817,23.887055734274366,2.13,33.0,-0.86,9.08
RTX,2024-01-29,87.09074067953638,87.32185070997603,86.3781397864931,86.74407196044922,8488700,21.123249462065107,18.495953272613985,25.807356256034314,25.650284825329063,23.88787054524118,2.12,30.0,-0.84,9.26
RTX,2024-01-30,86.82110391930308,87.71665613168756,86.72480134661869,87.24480438232422,9073500,20.343165434675072,18.448977724692536,25.64028134831997,25.643795214375636,23.887472908218708,2.11,28.0,-0.83,9.56
RTX,2024-01-31,87.49518620382831,88.45815324780894,87.33148356959693,87.74555969238281,5560700,19.15786153865455,18.427033685229766,25.612622964099817,25.646826284577052,23.878930112379596,2.09,27.0,-0.81,9.62
RTX,2024-02-01,88.30405723687767,88.76628455765372,87.39887339342452,88.75665283203125,13827100,19.27146011576055,18.526786783823525,25.606348881847474,25.66830760083127,23.878803890282832,2.08,26.0,-0.78,9.63
RTX,2024-02-02,88.82406605898854,89.26702995765014,88.06332131557366,88.57369995117188,6067800,18.46890146013039,18.50625792362531,21.86890882388224,25.624491173505003,23.83690541696961,2.16,1.0,-0.77,6.72
RTX,2024-02-05,87.88036269986434,89.21888612365899,87.52406229652843,88.82406616210938,6764600,17.87779754576948,18.50512414894464,21.645878271667186,25.589379571777037,23.792479795545006,2.24,1.0,-0.75,6.96
RTX,2024-02-06,88.06332266129995,89.23814348941616,87.81295654965736,88.86258697509766,4718000,17.90804162181229,18.484300119166335,21.644933210202115,25.58867085397471,23.78751467702466,2.31,1.0,-0.74,6.96
RTX,2024-02-07,89.15147313757919,89.37295139983797,88.41961627116545,88.52554321289062,4625200,17.739689175147326,18.376720555864768,21.660320376864732,25.592312259606025,23.759703395840013,2.38,3.0,-0.74,6.95
RTX,2024-02-08,88.44851130152641,88.9685143268211,87.56258348666347,87.66851043701172,6197500,18.019789334414835,18.51003289181659,21.738314926617747,25.61124567828856,23.77770450216685,2.45,4.0,-0.75,6.89
RTX,2024-02-09,87.75516922471003,88.21739656022723,86.98480012798706,87.15813446044922,5948100,18.185370421698416,18.557697828280475,21.71343542899067,25.545277273214502,23.783541708462412,2.51,4.0,-0.76,6.92
RTX,2024-02-12,87.15813453468347,88.50628963866475,86.88850498325806,87.76480102539062,5483500,18.216230936829255,18.1918540527223,21.721499337407444,25.55367016311277,23.79320109837523,2.57,5.0,-0.76,6.86
RTX,2024-02-13,87.82258653799889,88.32333348697354,86.53221429805475,87.23517608642578,6039600,18.372131476730686,18.26035894128832,21.692377521991528,25.554541155039782,23.63363361244627,2.63,4.0,-0.75,6.89
RTX,2024-02-14,87.59147809225344,88.20777638910573,87.49518286090562,88.00555419921875,6677900,18.21447758900611,18.312320795320815,21.300819740083206,25.57541886479288,23.65115877677761,2.69,1.0,-0.73,7.27
RTX,2024-02-15,88.02481463560021,88.83370336741473,87.91888768069283,88.39073944091797,5267200,18.21245023698258,18.21974798493673,21.126220181273442,25.574552153370618,23.641103097570802,2.75,1.0,-0.71,7.47
RTX,2024-02-16,87.96703079095425,88.67962428799625,87.5818425355501,87.6396255493164,4949800,18.437375400257054,18.26830766914864,21.189342446217793,25.57972487984853,23.655156460161354,2.81,2.0,-0.69,7.44
RTX,2024-02-20,88.11148026768457,88.87222507730141,87.22555239326566,87.6107406616211,6023700,18.437123923042847,17.998125352845214,21.193635152167843,25.458209409065603,23.65081715322497,2.87,3.0,-0.66,7.46
RTX,2024-02-21,87.60110437360942,88.06332439408652,86.67665698580043,86.86924743652344,13186100,18.661307346849192,17.7119492947947,21.240048740905028,25.353775790471555,23.658125599115483,2.93,4.0,-0.63,7.48
RTX,2024-02-22,86.96617590208204,87.0728002032302,86.1713449086638,86.7820053100586,7600000,18.66728045519804,17.72293649685824,21.121684701315555,25.351126375955996,23.644092663787745,2.98,1.0,-0.59,7.63
RTX,2024-02-23,86.75292794218849,87.71253926440659,86.54937447354959,87.24727630615234,5810000,18.692842100157144,17.648852265410238,21.122506010493186,25.271978302802694,23.650672916157195,3.03,2.0,-0.56,7.59
RTX,2024-02-26,87.29573115085407,88.06148408667816,87.16972398238461,87.2569580078125,5293500,18.43075213473328,17.595859543353708,21.04984033372518,25.23129443751978,23.6489189236794,3.09,1.0,-0.53,7.67
RTX,2024-02-27,87.26667012249457,87.70286252016977,86.70447053183179,87.64469909667969,4853900,18.214494833230457,17.535832726489723,20.945587060716832,25.229807328847492,23.65364675739709,3.14,1.0,-0.52,7.77
RTX,2024-02-28,87.63501500652585,88.44922901708587,86.79171558539788,87.16004943847656,5626100,18.028316682048292,17.575839108825875,20.93512198652744,25.23457880504269,23.65551735904274,3.19,1.0,-0.53,7.79
RTX,2024-02-29,87.63500915497619,87.78039922199493,86.51061000188373,86.91771697998047,5874800,17.956431162013303,17.509390805552233,20.845853524544715,25.23566407924464,23.633079952375425,3.24,1.0,-0.61,7.91
RTX,2024-03-01,86.96618539011753,87.27636319223778,86.21981520065114,87.04373168945312,13566500,17.93515820161089,17.424630723687468,20.841572242561302,25.23387290285258,23.633674556793473,3.29,1.0,-0.71,7.95
RTX,2024-03-04,87.32481290697608,87.37328118666333,86.40397475468772,87.15034484863281,6926100,17.93285152345862,17.36864699524859,19.699034499394756,25.0083114396688,23.61288114031817,3.35,1.0,-0.7,9.64
RTX,2024-03-05,86.95648243515365,88.07118635340169,86.84985813195992,87.29573822021484,6747600,17.777725704183688,17.366676541705008,19.694469566483683,24.968686063803606,23.613632701245248,3.41,1.0,-0.69,9.68
RTX,2024-03-06,87.1018846767231,87.96456688986547,86.98556523177895,87.48960876464844,5563800,9.67618759423553,17.032812910134098,19.68957935755616,24.969018263822893,23.609180512286905,3.47,1.0,-0.69,9.67
RTX,2024-03-07,87.75132353322142,88.43953031782263,87.26667024306094,87.77071380615234,6778500,9.701307445515985,17.014354943955713,19.686552539074814,24.972517011556498,23.574595315356362,3.52,1.0,-0.7,9.65
RTX,2024-03-08,87.5089937237573,88.11966158021963,87.37329139903723,88.090576171875,5727600,8.584241476950448,16.985440006001177,19.682103709005027,24.919589950586335,23.564808141190795,3.57,1.0,-0.73,9.63
RTX,2024-03-11,87.42175218978026,89.01141419612493,87.42175218978026,88.59461212158203,7273200,8.530399000154008,16.80820625211999,19.651929913910298,24.796980737539855,23.523566585376678,3.62,1.0,-0.75,9.74
RTX,2024-03-12,88.08087733189161,88.2650405235355,86.6947688510102,87.1891098022461,9439800,9.728021195274374,16.423695062026948,19.857230547848918,24.86718129344417,23.577122731127098,3.67,7.0,-0.78,9.38
RTX,2024-03-13,87.30543738679617,87.93548809969968,87.06311075838882,87.7803955078125,8664500,9.78224461824607,16.028682006684058,19.866679126507027,24.87778527037098,23.537713509507842,3.71,8.0,-0.82,9.34
RTX,2024-03-14,89.2343528777857,90.14550334255773,88.67216073537257,88.94356536865234,12161400,10.367251599730068,15.567139653821288,19.912549846565238,24.9282876680018,23.558528730396226,3.75,9.0,-0.91,9.1
RTX,2024-03-15,88.25536592244814,90.2133619347558,88.25536592244814,90.0776596069336,35743600,10.48443905203925,15.701298871975686,19.702574482565744,24.961533086203055,23.45377736903193,3.79,7.0,-1.18,9.32
RTX,2024-03-18,89.99041219352402,91.03726499167205,89.51545407769125,90.59138488769531,7075400,10.56061149190274,15.086287202868064,19.690159509182024,24.85763103440625,23.34479711622647,3.82,5.0,-1.47,9.37
RTX,2024-03-19,91.55099084172151,92.4621412671846,91.1438839093653,91.94841003417969,7998800,11.31603277722808,15.016361045070106,16.65559967454208,24.920144681687425,23.268027595898296,3.9,1.0,-1.43,4.74
RTX,2024-03-20,92.08411815820863,92.58815428791388,91.44437231392936,91.938720703125,7854200,11.320084929840615,15.02114965218357,16.657021306467964,24.914537830572,23.194982908591697,3.96,2.0,-1.41,4.74
RTX,2024-03-21,92.0841213169212,92.55907945094631,91.19236107481062,91.36683654785156,6477500,11.434003150031756,14.906933675744849,16.66627796305298,24.924609677537976,23.198069375282152,4.03,3.0,-1.4,4.8
RTX,2024-03-22,91.2989816486802,92.88864371788446,91.2989816486802,92.6075439453125,6802000,11.511348791677275,15.006163469583173,16.765047202844706,24.97549733081932,23.198188703490022,4.08,4.0,-1.36,4.57
RTX,2024-03-25,92.7723247376624,93.28605600225157,92.34582750884644,92.69477844238281,5229300,11.28450054191556,15.007622440951456,16.696722361966252,24.964064894882572,23.186687423425923,4.14,4.0,-1.34,4.64
RTX,2024-03-26,92.69478540002844,93.58655307223597,92.64632450825755,93.11158752441406,5474300,11.214492681165597,15.00722697865548,15.833413406002855,24.969581476307226,23.18652129658264,4.2,1.0,-1.3,5.35
RTX,2024-03-27,93.47022633179769,94.50738399366287,93.37329716059213,94.45891571044922,7267800,11.502727743423376,15.197542940481872,15.914813858355057,25.01850386355476,23.22560148003042,4.25,2.0,-1.21,5.18
RTX,2024-03-28,94.69156110662988,95.06959007698018,94.47831247818156,94.53646850585938,10701000,11.364141679496266,15.051626280683852,15.888428667983481,24.97436104361941,23.225355729722555,4.3,2.0,-1.15,5.27
RTX,2024-04-01,94.46861973664622,95.15682653076162,94.15844192246432,94.75941467285156,9504500,11.348613647874005,15.044593355941524,15.883596596251385,24.972363120399926,23.20840437478015,4.34,2.0,-1.1,5.26
RTX,2024-04-02,94.75940869500471,95.67055180687245,94.58493322333268,95.52516174316406,6759600,10.982324114020962,15.057768289469589,15.887743657752878,24.958375960713973,23.219283362858086,4.38,3.0,-1.04,5.19
RTX,2024-04-03,94.28444275744249,95.05019580225536,94.05181126130375,94.55585479736328,15885400,11.588126278654997,15.270993629132926,16.002259234594256,24.988462401785995,23.235505566966165,4.41,6.0,-1.03,5.05
RTX,2024-04-04,95.26344105584707,96.29090357311065,94.89510725037299,96.26182556152344,13373200,11.921260729304253,15.58927162001226,16.189141658124072,25.065464188317865,23.15068905189651,4.44,7.0,-0.97,4.69
RTX,2024-04-05,96.39752713709234,98.626935014426,96.39752713709234,98.56877899169922,10216500,13.202951503511754,16.16538852099881,16.45242443036106,25.215800173496174,23.245448192740223,4.46,8.0,-0.81,4.24
RTX,2024-04-08,98.56878173745031,99.12128615441021,98.16166738135735,98.75294494628906,9901300,13.216237812371407,16.166738473777663,16.434625275238897,25.144100748986443,23.232973399535794,4.47,8.0,-0.7,4.25
RTX,2024-04-09,97.96781320378919,98.52031764424993,97.21175527423472,98.4815444946289,9652900,13.317538512825669,16.02425745202769,16.43789357079561,25.12734457848762,23.227581500273384,4.48,9.0,-0.64,4.25
RTX,2024-04-10,97.82241176331759,98.63663308180226,97.15359529641506,98.24890899658203,5532900,13.444958924310887,15.956325286601745,16.178835116684127,25.11928250380863,23.18633671861478,4.49,7.0,-0.62,4.54
RTX,2024-04-11,98.23921861710501,98.45246724406185,96.72710274627968,97.68671417236328,6786100,13.456768402611546,15.845522449457631,16.223063534006858,21.589908352824985,23.193721579040997,4.5,9.0,-0.63,4.49
RTX,2024-04-12,98.59785947115512,99.20851991073714,96.41691982164843,97.02758026123047,7327300,13.674099272090084,15.881150484970105,16.287817618942675,21.57559391607595,23.135371196780923,4.5,10.0,-0.65,4.42
RTX,2024-04-15,98.44276802680896,98.69478979323964,96.83372304549444,96.95003509521484,9636600,13.721248063191382,15.89213966050919,16.229300424318563,21.51115705675437,23.135019607950646,4.5,10.0,-0.68,4.49
RTX,2024-04-16,97.17297812336862,98.2101357985523,97.1535952469673,97.74486541748047,7088600,13.7645200412959,15.925036126904704,16.19402422524856,21.335821443927784,23.149275220317712,4.5,9.0,-0.7,4.48
RTX,2024-04-17,98.1519716433492,98.66570287047846,97.0760409092697,97.65762329101562,5377600,13.81926921619256,15.838378577614352,16.01318249390764,21.32562119539296,23.107403542659526,4.49,7.0,-0.74,4.71
RTX,2024-04-18,97.43468773289425,98.77233545789524,97.42499999229412,97.61885833740234,4238600,13.864988820159821,12.122196185056461,15.741209578100637,21.326093951529916,23.058922348746382,4.49,1.0,-0.78,5.24
RTX,2024-04-19,98.41368627090255,99.12128325908076,97.92903302824452,98.44276428222656,10328800,13.932178184141803,12.177219229872215,15.769976184745396,21.047058563549832,23.06791473281788,4.47,2.0,-0.8,5.15
RTX,2024-04-22,98.86926150223654,99.11158812356554,98.2586010787672,98.44276428222656,7594100,13.976247956107715,11.836887909815102,15.711169356340315,21.01134588976596,23.035953255565957,4.45,1.0,-0.83,5.23
RTX,2024-04-23,97.89995386090044,100.70124897876788,96.81432794788596,98.2682876586914,8568200,14.051067480086237,11.751469496936613,15.690900599468327,21.0119944535999,23.029310925140372,4.43,1.0,-0.86,5.33
RTX,2024-04-24,98.59786104661481,98.76264138124617,96.94034777393155,97.91934204101562,7722100,12.976795377494115,11.749437534659405,15.678413460884569,20.987431283461408,23.031303224266303,4.4,1.0,-0.89,5.42
RTX,2024-04-25,97.80303693693905,98.75295325893201,97.502546863669,98.58817291259766,6186100,12.977740547179678,11.765680087362512,15.680416139132694,20.97931030702261,23.001080996515178,4.37,2.0,-0.92,5.42
RTX,2024-04-26,98.42338572638103,98.6754074942869,97.21175256655542,98.29737854003906,4428300,12.8144895776169,11.783944112397473,15.64963208281731,20.887814824504837,22.741895464083306,4.33,1.0,-0.95,5.56
RTX,2024-04-29,98.72386642280368,99.46054144000878,98.53000807917054,99.29576110839844,4469700,12.672887482541203,11.740262116976206,15.65361458179241,20.79630071825001,22.698686831240845,4.29,2.0,-0.97,5.55
RTX,2024-04-30,99.19881503490438,99.66408536834643,98.35552318617094,98.40398406982422,5421800,13.135425426870913,11.924985359702491,15.709692239204436,20.81773197471229,22.712133702456015,4.24,6.0,-0.99,5.46
RTX,2024-05-01,98.21013412685507,98.89834085332593,98.03565866132571,98.11320495605469,9982500,12.71663089966897,11.961672738206575,15.727627525847252,20.812377755509708,22.710493662040264,4.19,8.0,-1.01,5.44
RTX,2024-05-02,98.09381045577835,98.78202454780089,97.91933499777092,98.76263427734375,6084400,12.76103341952438,12.0013637475977,15.509900957134157,20.78831607436625,22.670849251344368,4.13,1.0,-1.03,5.7
RTX,2024-05-03,98.86926400646587,99.03404433829009,97.58008457348912,98.28768157958984,13324700,12.684071930594373,12.023362403507445,15.534727263156286,20.78269905552421,22.60709952009059,4.06,2.0,-1.06,5.67
RTX,2024-05-06,98.66571637727556,98.91773815544697,98.50093603568057,98.78203582763672,3408700,12.273524405702734,11.800135211926492,15.522667182935734,20.77579138910081,22.57355386371994,3.99,2.0,-1.08,5.7
RTX,2024-05-07,99.13097503651053,100.0905938206137,98.98558497396935,100.06151580810547,6933000,12.652357586454949,11.892560462888408,15.478597036603137,20.808398518779764,22.598952851471257,3.91,1.0,-1.1,5.65
RTX,2024-05-08,100.07120631853,100.89511540836212,99.65440420552476,100.74972534179688,5177600,12.702376406681445,11.891205578446408,15.008002350078867,20.81291791115958,22.580151115150024,3.83,1.0,-1.1,6.48
RTX,2024-05-09,100.91450173389846,102.51385896056325,100.88542372172267,102.49446868896484,7211300,12.951007623419095,12.14417752901546,14.887045571166594,20.89484755512469,22.630792947343238,3.84,1.0,-1.08,6.47
RTX,2024-05-10,102.74648573883746,103.26021698429622,102.30060565041626,103.0566635131836,5626100,12.961811244335175,12.091810403570582,14.464508776593812,20.88418671827619,22.636287490572478,3.85,1.0,-1.08,7.08
RTX,2024-05-13,103.17298311313908,104.51062338049483,102.43630812470678,102.55262756347656,6045500,13.156410539060415,12.18386144239137,14.51244517859781,20.851122798066214,22.627016284001073,3.86,2.0,-1.1,7.03
RTX,2024-05-14,102.552625037427,103.02758312573361,102.40722759135154,102.4556884765625,3726200,13.092883632413546,11.988641804157641,14.132622739770682,20.83760201498352,22.62357015839975,3.87,1.0,-1.11,8.04
RTX,2024-05-15,102.25214213974262,102.72710765638782,101.91288633872593,102.11643981933594,5688300,12.665341803028337,12.035391340814611,13.97348927082157,20.803365852849208,22.616179618592156,3.88,1.0,-1.15,8.4
RTX,2024-05-16,101.90191441157086,102.74053363252725,101.56061762157977,101.64837646484375,8723800,11.958824796017204,11.90814105316376,14.016695296115794,20.803503700274984,22.582157234115368,3.89,2.0,-1.19,8.34
RTX,2024-05-17,102.08718904990437,102.17494788977241,101.13155063519696,101.5898666381836,8500900,10.012569398805626,11.902888797496471,13.8865878422126,20.760613671508192,22.5549650294071,3.9,1.0,-1.22,8.87
RTX,2024-05-20,101.8141464501126,102.79903032163881,101.75563312013153,102.40897369384766,4412800,10.215901781235749,11.94173470379247,13.865262166072645,20.765472535094165,22.56749131511383,3.91,1.0,-1.23,8.96
RTX,2024-05-21,102.58449950444657,103.29635341300174,102.48698720676116,102.80878448486328,4754800,10.173377515055263,11.932276272118813,13.866605117623546,20.767069190233272,22.57006176717256,3.91,2.0,-1.25,8.93
RTX,2024-05-22,103.00381419139993,103.80342697563623,102.78929010173168,103.66690826416016,3626300,10.296862743610506,11.982247583662383,13.893081069089805,20.700719215469206,22.57715095298701,3.91,4.0,-1.25,8.77
RTX,2024-05-23,103.7936822457947,104.65180093428981,102.72102458553593,102.78929138183594,5787100,10.501514593260854,12.085061838175601,13.994923823392952,20.602372198125966,22.52953343740324,3.91,6.0,-1.27,8.52
RTX,2024-05-24,103.1988435619916,103.92044350962527,103.1988435619916,103.62789916992188,3431300,10.344057902078017,12.078535401393586,13.926703001240437,20.593882145849832,22.536510148864668,3.9,5.0,-1.28,8.77
RTX,2024-05-28,103.39386781007468,103.7059116328308,102.66251440301704,102.89654541015625,5137200,10.657577464273261,12.248588712728067,14.001722992239882,20.573014848818598,22.540586023513683,3.9,8.0,-1.3,8.63
RTX,2024-05-29,102.40898580511798,102.60401786193447,101.90191733681965,101.97017669677734,4796800,10.953296571272517,12.483111708020838,14.097376472843019,18.060511792640295,22.561021374406,3.89,10.0,-1.32,8.4
RTX,2024-05-30,102.29197801636886,103.21835614345815,101.9799341529555,103.09159088134766,4391300,11.269200507258601,12.597020907817027,14.160161266665972,17.944148005688305,22.578529499042325,3.87,12.0,-1.33,8.12
RTX,2024-05-31,103.18910091286759,105.19788277420781,102.83805064432295,105.12962341308594,10411800,12.36371670661226,13.058276543767422,14.41676129469093,18.062896429539123,22.6435199035143,3.85,13.0,-1.32,7.37
RTX,2024-06-03,104.57378883196813,105.94873687515103,104.16423268963312,104.7005615234375,5908800,12.372937748484127,13.140160426757772,14.446570775682504,18.074496731788688,22.55738066179488,3.83,14.0,-1.32,7.32
RTX,2024-06-04,104.73956124012666,105.69519217784209,104.26173833155747,105.21737670898438,7998000,12.384193104502854,13.145722244824212,14.451602248336565,18.076269670743315,22.469387780080556,3.81,15.0,-1.32,7.29
RTX,2024-06-05,105.32464791993526,105.82196289828187,104.80782601711712,105.74395751953125,3141000,12.349864298251838,13.140173576685358,14.343977388078425,18.03797647727507,22.470111420272477,3.78,13.0,-1.32,7.47
RTX,2024-06-06,105.68544208303273,105.77320836198471,105.07110788921567,105.49041748046875,3875000,12.305491399340466,12.586979828999262,14.287766344640495,18.041322335772033,22.407910402220484,3.75,13.0,-1.32,7.74
RTX,2024-06-07,105.41240382563348,105.86096635973436,105.19787230069139,105.42215728759766,3526500,12.267443497606498,12.588443032511638,14.165506291506658,17.998358742232735,22.379903997099404,3.72,13.0,-1.33,8.0
RTX,2024-06-10,105.31489986820077,105.41241217643258,104.01796459355218,104.42752075195312,5917400,12.647173174053144,12.666672096779475,14.239541536294109,17.774473119964927,22.39741431475167,3.68,14.0,-1.37,7.84
RTX,2024-06-11,103.74492733729845,104.48603427264725,103.50114284643354,104.26174926757812,5769500,12.449840216669122,12.522344912979207,14.248024570890443,17.66564220570521,22.397208179777202,3.64,15.0,-1.41,7.86
RTX,2024-06-12,104.3495093401193,105.04185636018885,103.93019974320823,104.11547088623047,3429800,12.07376059541699,12.528066888725462,14.25819881160991,17.664042007561058,22.397894844203762,3.6,16.0,-1.45,7.85
RTX,2024-06-13,103.9204449371162,104.20323581879092,101.25831521632445,102.41873168945312,7112900,13.128294964708582,12.827479505534004,14.507822079036897,17.802270862241247,22.459686723794576,3.55,23.0,-1.51,7.37
RTX,2024-06-14,101.98967655214445,102.37973322747845,100.86827384016355,101.63863372802734,4917200,13.289318820407855,12.967573604967988,12.217140616213445,17.823951450412434,22.28332783471811,3.5,1.0,-1.52,0.02
RTX,2024-06-17,101.41434177174885,101.89215726043875,100.89751987422747,101.8726577758789,3943500,13.18011262707629,12.862720009499856,12.21191872005691,17.743175198486448,22.255263667134393,3.45,1.0,-1.52,0.02
RTX,2024-06-18,101.97016705173317,102.69176699441961,101.78488847521051,102.16519165039062,3991300,13.14059859831562,12.633122436138278,11.993532180133498,17.740667574148823,22.254601237011475,3.39,1.0,-1.52,0.13
RTX,2024-06-20,102.0286701214637,103.10132770354662,101.95066474798514,102.45773315429688,6996400,12.675031801185549,12.63472673320703,11.936539901016856,17.692561854815516,22.255834374434112,3.32,1.0,-1.52,0.17
RTX,2024-06-21,102.57475783336615,103.54989573100526,102.0774354224509,102.98431396484375,13310900,12.612918415659227,12.641499580830565,11.918970191273823,17.628209379729608,22.219493643831328,3.25,1.0,-1.51,0.17
RTX,2024-06-24,103.11108433264475,104.80782971537167,98.43042665541218,99.42506408691406,13704800,15.481790255745487,14.463467878024582,13.261138026544126,18.14932780048481,22.39155706830239,3.15,6.0,-1.49,2.83
RTX,2024-06-25,98.86923652846392,100.14666486707715,97.5430483162818,99.04476165771484,9330900,15.377670540947028,14.495325829005857,13.266889413367034,18.099685440671625,22.395349183010847,3.05,7.0,-1.46,2.8
RTX,2024-06-26,98.4206724821924,98.86923504137305,97.66006608011602,98.74246978759766,6953800,15.349613858300733,14.512570091634707,13.181361141579039,18.105948200522544,22.394251008169764,2.94,6.0,-1.43,2.89
RTX,2024-06-27,98.94724340845886,99.24953377523916,97.9330991047658,98.11837768554688,6955400,15.419427716666013,14.500381979338762,13.224624951537425,17.39781504495147,22.404030159942078,2.92,7.0,-1.4,2.81
RTX,2024-06-28,98.39141880283022,98.39141880283022,97.57229907149905,97.89409637451172,13853200,15.411441642021014,14.342095441404274,13.231811780845673,17.40107097910718,22.394080475749575,2.9,8.0,-1.36,2.79
RTX,2024-07-01,98.37190945254031,99.15202275460138,96.84094323500771,97.07498168945312,4475200,15.519019644698604,13.99504913231699,13.315056266243166,17.44111167778802,22.32370566549897,2.87,11.0,-1.32,2.64
RTX,2024-07-02,96.82145510272316,98.12813648121634,96.60692354751677,97.91361236572266,8299900,15.79381177091327,13.231952914020143,13.349507704086932,17.458018284858692,22.33914040007183,2.84,12.0,-1.27,2.62
RTX,2024-07-03,98.39140770261965,98.52792640248789,97.88433186907088,98.23538208007812,2149200,15.610778603516392,13.244150118718984,13.242495229182516,17.456194503288476,22.33734831783216,2.8,9.0,-1.22,2.8
RTX,2024-07-05,97.99161506951027,98.0696278946692,97.08473643624713,97.87460327148438,6153300,15.54223857721059,13.253478366427476,13.217951369170644,17.442204658447853,22.340057065666226,2.77,7.0,-1.17,2.84
RTX,2024-07-08,98.14763407382625,98.69370893353666,97.49429344671388,97.6113052368164,8738100,15.254545374797493,13.256045953927648,13.199210238808087,17.446681093246703,22.340910406248256,2.73,7.0,-1.11,2.85
RTX,2024-07-09,97.74782633812941,99.15202737133728,97.53329479808797,98.59619903564453,5648900,15.51282591530703,13.363762222504388,13.225546200013655,17.47055040103953,22.352577115750908,2.68,10.0,-1.05,2.85
RTX,2024-07-10,98.39141904808356,98.66445647930387,96.94821163200365,98.17688751220703,6483600,15.266165928170949,13.318055105420582,13.197723504776961,17.468188061912194,22.35710618297047,2.65,7.0,-0.98,2.87
RTX,2024-07-11,98.02086241828296,100.09791099111374,97.72832550022075,99.19103240966797,7592400,15.570339029448041,13.47520521585086,13.268187228756506,17.331277373896626,22.373196526917468,2.61,16.0,-0.91,2.77
RTX,2024-07-12,99.46407103532873,100.29293680601404,98.50843256955517,98.76197052001953,6003000,15.423927950624888,13.410139085327492,13.20675595725598,17.332676786775746,22.341802795049453,2.57,9.0,-0.83,2.87
RTX,2024-07-15,99.7468540791787,100.09790430918903,98.99599374954656,99.09351348876953,3776300,15.063424090909564,13.423938365624489,13.20886763935615,15.36671703455004,22.341433833152298,2.52,10.0,-0.74,2.88
RTX,2024-07-16,99.33729775329682,101.11204838371957,99.22027853029662,101.102294921875,4341200,15.123353362439737,14.024067861870904,13.449474158479568,15.521366232514804,22.40309168975508,2.47,21.0,-0.66,2.75
RTX,2024-07-17,101.23881307611039,102.66251346947101,101.23881307611039,102.37972259521484,5433000,15.61812206499111,14.148195028767105,13.556594822965112,15.548030104392424,22.43574521547223,2.42,22.0,-0.59,2.63
RTX,2024-07-18,102.38947186131664,102.83803436908659,101.19980252171707,101.25830841064453,4450100,15.797295611215418,14.348560267965293,13.691233745488148,15.619414051913413,22.456287355265992,2.36,23.0,-0.5,2.42
RTX,2024-07-19,101.90189912635601,101.90189912635601,100.08814224050907,100.25391387939453,7229600,15.876136901605047,14.500773283839813,13.810048725187352,15.642570055478314,22.479079155747545,2.3,24.0,-0.39,2.25
RTX,2024-07-22,100.1271591152374,101.23881571768531,100.06865322238595,101.19005584716797,6207900,16.194859343156303,14.592396113744325,13.858800617928877,15.149950816226387,22.438764351531216,2.23,25.0,-0.28,2.19
RTX,2024-07-23,101.19005197258785,102.95505654971217,101.04378724605971,102.36022186279297,7602000,16.620033266561983,14.709525443991087,13.904240297167297,15.168222433490069,22.450635627207397,2.17,30.0,-0.18,2.17
RTX,2024-07-24,102.43824063745171,103.22809996550993,101.43384233867525,102.22370910644531,7180200,16.424680372489295,14.69643082457613,13.894486184340405,15.15401395087069,22.443329240124672,2.1,30.0,-0.09,2.19
RTX,2024-07-25,107.48945806055356,112.94047555689428,106.72884422039509,110.6489028930664,14997000,28.38448539578946,21.73196407371149,18.56624818796009,17.72681993787159,21.14593539693152,2.05,89.0,0.11,17.66
RTX,2024-07-26,111.12671208009806,112.36514135580951,110.67814954738508,111.11695861816406,7526300,28.372995478740844,21.619367801971094,18.567514247958623,17.71577884168211,21.122387942416047,2.03,90.0,0.27,17.63
RTX,2024-07-29,111.16572452579621,111.78005874619507,110.48313094757525,111.59478759765625,4138900,27.822837001475172,21.599023755533825,18.569443658080047,17.717291608238387,21.075092380088005,2.0,91.0,0.42,17.6
RTX,2024-07-30,112.33588151789931,114.12038563523241,111.71179386588855,113.97411346435547,6074400,28.12518670243833,21.928555883087025,18.803655701586226,17.854485789976817,21.03275309032544,1.99,92.0,0.71,16.49
RTX,2024-07-31,114.5787003002471,115.28080076052588,113.56455601759016,114.5689468383789,6780400,28.124163068795262,21.884011429938802,18.807852476379537,17.80770391698076,21.02931945830009,1.97,93.0,0.94,16.46
RTX,2024-08-01,114.79323146651585,115.0565154184468,113.17449902815538,113.83759307861328,5135100,28.282101273557792,21.95418041274217,18.862100949011907,17.82763419327069,21.0431255873421,1.95,94.0,1.02,16.32
RTX,2024-08-02,113.35978062280599,115.35881628924339,112.20911760577742,113.54505920410156,4578400,28.338333669589886,21.866502153022168,18.872783503659285,17.828556130920408,20.82757624898947,1.93,95.0,1.03,16.35
RTX,2024-08-05,112.24812710083472,113.5450623261408,111.52652711971822,112.30663299560547,5888600,28.636651815971355,22.005808872844877,18.76413394001472,17.759801070153138,20.8368519759938,1.91,92.0,0.92,16.71
RTX,2024-08-06,112.7161875584735,113.91561046244526,111.28274107869902,111.55577850341797,4642400,26.45434224923433,21.837411779766764,18.80863701350289,17.787186234138318,20.85056068383389,1.89,95.0,0.79,16.64
RTX,2024-08-07,111.4582686377483,113.0965006616004,110.78542108375362,111.31199645996094,5553200,26.41717614527409,21.833021162878342,18.74270344835238,17.794219746101003,20.831528740823057,1.86,92.0,0.66,17.05
RTX,2024-08-08,111.06821027776064,112.95997277847778,110.8731782304571,112.23837280273438,8889100,26.36242501992504,21.840717331915048,18.69349394776912,17.777815554043137,20.83037381054153,1.84,92.0,0.55,17.3
RTX,2024-08-09,112.17987196355344,113.39879441520925,112.01410029565918,113.26227569580078,5534300,26.201453848140687,21.889293892476182,18.71736283191476,17.767670508540995,20.77794929684956,1.82,93.0,0.45,17.16
RTX,2024-08-12,113.95461826533912,114.52020004615233,112.88196803809086,113.70108032226562,8602000,26.117668945914836,21.86887477500191,18.609488793822017,17.676789460779162,20.691466420936475,1.84,91.0,0.35,17.72
RTX,2024-08-13,113.88635337823357,114.34466937009584,113.1842529174838,113.9546127319336,5911900,25.824088802565637,21.828452167229802,18.60606116136312,17.533910846707755,20.68331500797086,1.87,90.0,0.26,17.72
RTX,2024-08-14,113.9351088268113,114.90050070577534,113.74983768455208,114.7249755859375,5826700,25.80929849858527,21.844405463380586,18.571181928339005,17.542156106319208,20.68195391813628,1.89,89.0,0.16,17.75
RTX,2024-08-15,115.56359242163464,116.03165443852403,114.6079540242754,115.41732025146484,5629900,25.803047473074532,21.82465373268631,18.494082697041975,17.51784646740651,20.66083159791902,1.92,85.0,0.09,18.16
RTX,2024-08-16,115.55458042843118,116.2898475303388,115.26047059585864,115.63300323486328,5251500,25.68376176432216,21.82105646719767,18.493060862955115,17.499557279967316,20.647231854968364,1.94,84.0,0.01,18.15
RTX,2024-08-19,115.68201572796319,116.1917975910284,115.66241189764358,116.02513885498047,5389900,25.574244070248785,21.78311852368101,18.490438275008156,17.479195949548348,20.640394101999945,1.97,83.0,-0.07,18.18
RTX,2024-08-20,116.00554335339167,116.34866650504382,114.93695127593358,115.63300323486328,6129200,25.674844121388706,21.70409077711782,18.407675159441496,17.48407903546511,20.63651988886795,1.99,82.0,-0.18,18.72
RTX,2024-08-21,116.17220540573108,116.30945467029575,114.65265036009126,114.9565658569336,3050900,25.73101428279014,21.72381268410096,18.449357475473256,17.482973975115563,20.64400914330236,2.02,82.0,-0.29,18.59
RTX,2024-08-22,115.0545984684278,115.74084478225089,114.87813406208417,115.70162963867188,3743600,25.690089991604843,21.666406857166585,18.463124224691185,17.466683879201554,20.6471691976406,2.04,82.0,-0.39,18.48
RTX,2024-08-23,115.96632526153087,116.5545374321947,115.59379263199928,116.19180297851562,3427500,25.535290621742128,21.549052773647663,18.4411951905688,17.446596330357668,20.637540492615848,2.06,80.0,-0.49,18.62
RTX,2024-08-26,116.35846506912439,117.3780362858407,116.06435525447657,116.3682632446289,6260400,25.553709880370633,21.471804047327623,18.33808563443303,17.445336788444934,20.603689242729782,2.08,78.0,-0.58,18.99
RTX,2024-08-27,116.34866751755116,117.24078771961028,116.06436333812991,117.14275360107422,4101200,25.175424156861414,21.181651633463407,18.177544450375308,17.337773116190572,20.59879144661087,2.1,77.0,-0.65,19.85
RTX,2024-08-28,117.41725152978442,118.96621602518594,117.3290230674062,118.46623229980469,4287200,25.14344268765304,21.23231443937034,17.904297544218885,17.36231351160281,20.593324859620765,2.11,76.0,-0.69,21.27
RTX,2024-08-29,118.7113169070963,120.32890597274657,118.17212553822854,119.88774871826172,3547800,24.76074185232814,21.321017343967792,17.975793243206375,17.39091809200067,20.610919224206288,2.13,76.0,-0.69,20.79
RTX,2024-08-30,119.65246150767119,121.27004304188276,119.564225571892,120.9171142578125,6372000,24.324888622331333,21.353528237604678,17.990235801460678,17.33978660185364,20.59318155168565,2.14,76.0,-0.67,20.6
RTX,2024-09-03,120.70144450886197,121.23083769507247,118.30937325550863,118.61328125,5543900,25.39618993262852,21.784055654323858,18.29251737446078,17.28959587879621,20.688813033567783,2.16,77.0,-0.75,19.35
RTX,2024-09-04,118.72112085851727,119.91715648358448,118.39760155412563,118.73092651367188,4484200,25.355750290856506,21.778285364718545,18.252289262140767,17.14719890833873,20.688430784356726,2.18,76.0,-0.82,19.49
RTX,2024-09-05,118.80935748960121,119.22110525421841,116.31925211195087,117.28980255126953,5764500,25.782253793550492,21.846794661449668,18.33871179233861,17.038420186076568,20.673075796380346,2.19,78.0,-0.9,19.13
RTX,2024-09-06,117.29961043146892,118.39760449127532,115.75064597764369,116.1133804321289,3983700,13.286244446524394,21.974258389136985,18.432388564715534,17.098086485750887,20.610728260294596,2.21,79.0,-0.99,18.78
RTX,2024-09-09,117.28979995430954,118.94660411082965,116.82903140335851,118.77994537353516,4492000,14.615842779765744,22.376194463615036,18.702667204587385,17.082013171028994,20.70330099381224,2.23,92.0,-1.05,17.52
RTX,2024-09-10,119.12306617001704,119.31913438893243,117.5544979801246,117.93683624267578,3806700,14.848051689063368,22.12515214708451,18.752851720174522,17.03530763369965,20.688464248562877,2.26,94.0,-1.11,17.36
RTX,2024-09-11,117.51528464596315,117.51528464596315,115.0447831643426,116.91726684570312,4857200,13.975208669397205,22.146170393445917,18.82452687707508,17.082131892954287,18.936598583193273,2.28,98.0,-1.18,17.13
RTX,2024-09-12,116.66237063776975,117.78978159782089,116.46630241842308,117.74076080322266,4229700,14.034073729644275,22.166964512786567,18.813439437659262,17.02626708890215,18.842856912269703,2.3,97.0,-1.24,17.19
RTX,2024-09-13,117.54469823100172,117.83880057415108,116.55453647282815,116.78002166748047,4708000,14.12439788923513,22.27291830164118,18.878131171598024,17.04532517261136,18.869116528937077,2.33,100.0,-1.29,16.99
RTX,2024-09-16,117.61332259995378,118.1819309334563,115.74083885740967,116.85844421386719,6025400,14.087311559768326,22.274784524071986,18.870639677657543,17.045940050002798,18.867579469411805,2.35,98.0,-1.34,17.0
RTX,2024-09-17,116.17219699760554,116.70159018526402,115.43692992800044,116.3976821899414,5101500,13.712978467270917,22.301371209541102,18.87355015418378,17.05897658272813,18.87553587159928,2.37,99.0,-1.39,16.99
RTX,2024-09-18,116.6329609829507,117.26038825937398,115.45652923001474,115.72122955322266,4434800,13.67124249595959,20.981782183106183,18.89358328622242,17.081938043361234,18.864235927163634,2.39,100.0,-1.43,17.02
RTX,2024-09-19,116.36826308669666,116.86824677911008,114.95655542506357,116.48590850830078,5270600,13.71751029447465,20.95547628773877,18.895718060136467,17.042715313934064,18.867275866800988,2.41,100.0,-1.47,16.93
RTX,2024-09-20,115.87808436065653,116.5545324416945,115.54476688737726,115.82907104492188,16958300,13.714461028745891,20.992708126594454,18.882837891302103,17.063488664356115,18.852543100349823,2.43,98.0,-1.5,17.11
RTX,2024-09-23,116.33885666172132,118.113306289862,115.88789375299355,117.90742492675781,6755400,14.3734689350305,21.13266279562866,18.9804083922812,17.15914307511807,18.73332952253235,2.45,100.0,-1.52,16.51
RTX,2024-09-24,117.77018189371923,117.88782732463436,116.74081242142634,117.68195343017578,5844600,14.3828013999492,21.12875359409254,18.97444987799147,17.163154936072377,18.661698061485605,2.47,99.0,-1.55,16.52
RTX,2024-09-25,118.14271664795174,119.06424630322887,117.99566173587367,118.52505493164062,5713600,14.48493123218726,21.008090423954037,18.978114404409745,17.169321493519575,18.66319639298052,2.49,99.0,-1.57,16.5
RTX,2024-09-26,117.87801350477632,119.48579688497757,117.77017373712057,117.9564437866211,6202600,14.495599872280227,21.04402617243838,18.978010252830376,17.18579207609031,18.6760157684826,2.51,98.0,-1.59,16.5
RTX,2024-09-27,117.58391293757626,118.85837137888808,117.27019928499696,118.02507019042969,7941800,14.415101620123231,21.050325997711976,18.97207598143557,17.18590307036468,18.665505831484545,2.53,96.0,-1.6,16.56
RTX,2024-09-30,118.30937116758936,118.9073889703739,117.4172435511483,118.77994537353516,5475700,14.504549018057325,21.013682196986572,18.90333777111623,17.145250714212434,18.61547360498626,2.54,95.0,-1.61,16.9
RTX,2024-10-01,118.79955286300468,122.14256328494672,117.77998161832225,121.94649505615234,7206900,16.26186149117851,21.499713903921062,19.286399225159148,17.34646786890207,18.769475122828677,2.56,100.0,-1.59,15.38
RTX,2024-10-02,122.76019115536054,123.06409915072616,121.21122673342101,121.6033706665039,3802900,16.24738236973076,21.499505136083094,19.144315718750317,17.299825705313104,18.74360802964145,2.58,99.0,-1.58,16.07
RTX,2024-10-03,122.05433610200922,122.44648004322158,120.77987016294989,121.24063873291016,4765700,16.152334293551352,21.48144232450384,19.149104315002734,17.28807395586875,18.705680194043502,2.59,99.0,-1.58,16.12
RTX,2024-10-04,121.27004611092597,122.52490819689058,120.73085474571761,122.45628356933594,3055900,16.272691758919603,21.477497536177196,19.16566375724332,17.309686711241532,18.700009434706754,2.6,99.0,-1.56,15.93
RTX,2024-10-07,122.39745304712056,123.21115037501119,121.80924090485287,122.5935287475586,4606100,16.25884101409269,21.421395351375256,19.161007387005743,17.309245385202352,18.654868589524977,2.61,98.0,-1.55,15.93
RTX,2024-10-08,122.96606987172234,123.46605359304786,120.84849703753686,121.07398223876953,3194500,16.776391882052348,21.673311397451318,19.277941634098255,17.36942777957511,18.711558593125226,2.62,99.0,-1.55,15.57
RTX,2024-10-09,120.61321089355557,122.28961894240288,120.19165746750461,121.51513671875,3210400,16.716316332360115,21.391340408824362,19.253770317354892,16.33152256362253,18.213171542585822,2.63,98.0,-1.54,15.6
RTX,2024-10-10,121.20141924552324,121.63277831334413,120.00539111301468,120.52497863769531,2785300,16.6527582812005,21.420523395025874,19.31527227790535,16.372333810168886,18.24064213793531,2.63,100.0,-1.53,15.43
RTX,2024-10-11,120.58379772211508,121.49552917480469,120.48576361011558,121.49552917480469,2556200,16.4586375228151,21.253833041130925,19.315188138161812,16.301515689110307,18.24804704654743,2.63,99.0,-1.52,15.43
RTX,2024-10-14,121.30926732876772,122.37785941652892,120.84849874373919,122.19158935546875,1929700,16.357468291372477,21.086298141675027,19.322574568938798,16.282367388244136,18.24995525416199,2.64,100.0,-1.51,15.38
RTX,2024-10-15,123.49545832517657,124.32875950895105,122.25040189759339,122.57392120361328,7521300,15.279128134100775,21.0492380164251,19.29510179377112,16.269650168877746,18.24787487502679,2.64,97.0,-1.49,15.53
RTX,2024-10-16,122.31902635847342,123.7601510110336,121.76022368498309,123.74054718017578,3127400,15.470669497573422,21.019193189526096,19.264732904593913,16.287917876113752,18.246050283564237,2.64,94.0,-1.46,15.5
RTX,2024-10-17,123.98563510385225,124.50522263149618,122.67195406232527,123.27977752685547,2463700,15.011761064002908,21.046801911945874,19.258440407544086,16.29542494603102,18.25253385912698,2.64,93.0,-1.44,15.62
RTX,2024-10-18,123.67191920713957,123.78955714815076,122.58372337564674,123.4464340209961,4356300,14.594657674764445,13.841388383313921,19.206599833891946,16.25570997370953,18.250984210799242,2.64,91.0,-1.42,15.75
RTX,2024-10-21,123.42684173583984,123.946429302636,122.25040985902366,123.42684173583984,4768600,13.22138792134909,13.838095076068809,19.13030404909478,16.25084440915458,18.239303712258295,2.63,86.0,-1.39,15.97
RTX,2024-10-22,125.475777323179,126.17182926872067,121.10338993881068,123.06410217285156,5746100,13.044867082992598,13.860782869076097,19.090427106247375,16.260270684280474,18.13019435130248,2.63,85.0,-1.37,16.24
RTX,2024-10-23,124.4169953770419,124.99540188185335,123.16213329495774,124.71109771728516,5451400,13.120932139674474,13.479740585747436,18.96693552821496,16.316038555829714,18.154808494034693,2.63,79.0,-1.34,16.76
RTX,2024-10-24,123.89739631831148,124.19150612847241,122.66215306649123,122.71116638183594,4171800,14.060573226763884,13.932812181416615,19.156842836657802,16.441802264298534,16.959206670423193,2.63,88.0,-1.32,16.13
RTX,2024-10-25,123.58368472531141,123.76995477346746,122.34844145302705,122.70137023925781,4716200,13.774354543384993,13.846487744190034,19.15112531669655,16.38598350238078,16.95970090872447,2.62,87.0,-1.3,16.2
RTX,2024-10-28,122.76999622727679,123.43663866649345,122.18177659068537,122.966064453125,4453200,13.77191776483885,13.824621094605918,19.143390962028846,16.360334182283363,16.94327065313844,2.62,84.0,-1.28,16.25
RTX,2024-10-29,122.94646543192174,123.03469389314785,120.27008991520786,120.3779296875,5102700,15.22740169069058,14.366782503456882,19.47306019018207,16.57739882750762,17.100502114880822,2.62,100.0,-1.26,15.25
RTX,2024-10-30,119.93675322973507,120.39752176098021,119.35834676167703,119.4661865234375,4852100,15.306244696930243,14.388853800619941,19.522190318904826,16.58868738824576,17.10117166789941,2.61,100.0,-1.23,15.12
RTX,2024-10-31,118.91719672401477,119.69167145323321,118.21133914240077,118.61328125,4112700,15.393572783886897,14.47394839148457,19.493242540351748,16.60071937008725,16.792224485031074,2.61,99.0,-1.18,15.21
RTX,2024-11-01,119.11326907509252,119.23091450261,116.40748407837934,116.41728973388672,5234900,16.29121947713498,14.946540932380046,19.74451379680187,16.771003216918274,16.89753321286141,2.6,100.0,-1.13,14.49
RTX,2024-11-04,116.73100284335374,117.27999987679641,115.51536334950627,115.68202209472656,6856100,15.50584692203116,14.907195152753811,19.775948767233935,16.754441583800688,16.904861615916573,2.6,100.0,-1.08,14.41
RTX,2024-11-05,116.1623889988228,116.76040680173176,115.38790680358788,116.64276885986328,8093600,15.712444775639616,14.978692518587724,19.608089819847812,16.771808214900336,16.91686823756345,2.59,98.0,-1.01,14.79
RTX,2024-11-06,120.1426407293973,120.44654872108775,117.89762440615824,119.20149230957031,9631900,16.837535660866553,15.597516929699887,19.8195002266736,16.896212930398526,17.02758627507218,2.55,100.0,-0.93,13.9
RTX,2024-11-07,119.6034427832905,119.84853180538741,117.60351546543694,117.72116088867188,4415200,17.179792504386924,15.779194826346574,19.944871730432727,16.977182621153254,17.08536609180877,2.51,100.0,-0.84,13.6
RTX,2024-11-08,118.57406921393955,121.7798379011317,118.52505589586382,121.12300109863281,6381600,19.07102991734987,16.760534313293885,20.400816051517936,17.265625455746818,17.289488232129465,2.47,100.0,-0.75,12.2
RTX,2024-11-11,121.64259241803535,123.07391149397337,121.58376596318597,122.1131591796875,4012300,19.122184215728343,16.826726528796485,20.425660628195473,17.280557849825936,17.26636324195633,2.42,100.0,-0.66,12.09
RTX,2024-11-12,122.43667116508077,122.81900944083006,119.8975524887189,120.946533203125,3896200,17.763376051137,16.95503411943396,20.497435112872537,17.33091530573222,17.29830176643015,2.36,100.0,-0.56,11.98
RTX,2024-11-13,120.95633445447734,121.51513713936068,120.54458668235773,121.3190689086914,2802500,17.772169794687983,16.940359648459964,19.63142597096429,17.30955854661196,17.294109265853287,2.33,93.0,-0.44,13.69
RTX,2024-11-14,120.7798691612979,121.07397898464896,115.25066132667662,116.58394622802734,6113200,21.175003897915833,18.833606928471077,20.704617407481813,17.989834848685547,17.693674926506127,2.3,100.0,-0.3,11.77
RTX,2024-11-15,116.4459712711807,117.13587244318424,115.44067811270831,116.82048797607422,6970500,20.930877108233794,18.79287980252044,20.69104607753506,17.989882276097468,17.692097614537886,2.27,99.0,-0.14,11.78
RTX,2024-11-18,116.66279000425385,117.99331788157114,116.66279000425385,117.66807556152344,4462300,21.073522953224806,18.83065718533331,20.66925468051824,18.00198114109522,17.70075312170935,2.23,98.0,0.02,11.76
RTX,2024-11-19,119.49140083288412,119.59981494749134,116.7909208857563,117.2442855834961,4654100,20.822703081963898,18.844753911817442,20.67698665657751,18.01280203967812,17.68791094232466,2.19,98.0,0.2,11.75
RTX,2024-11-20,117.13586523343493,117.55966378996897,115.97288367266881,117.4315414428711,3990700,20.79097512992102,18.798665137326083,20.612177738835573,18.012670576248386,17.669192823249794,2.15,96.0,0.37,11.87
RTX,2024-11-21,117.87504639426908,119.13658416533245,117.14572128025273,118.79163360595703,4847900,20.993983681672663,18.805893044519706,20.641446205552818,18.049664502883314,17.634537933775817,2.11,96.0,0.57,11.77
RTX,2024-11-22,118.97890099724837,120.12216683338151,118.76207277332004,119.0281753540039,3585200,20.854013500581292,18.647313151497976,20.64031741235248,18.048202980917512,17.527416064386603,2.06,95.0,0.79,11.78
RTX,2024-11-25,118.62409528500213,119.25486421317602,116.31784028188738,116.93875885009766,8322400,21.329206628310306,18.900703600358014,20.856244107658057,18.1866547556397,17.634918944008444,2.01,100.0,1.01,11.31
RTX,2024-11-26,117.15558093486202,119.29428195476828,116.87961296382007,118.8704833984375,3175800,21.915281251902403,18.806642780030295,20.97165095413268,18.150635995537403,17.677553626300536,1.96,100.0,1.23,10.91
RTX,2024-11-27,119.29427874720471,119.99403773640408,118.59451975800533,118.6043701171875,3604000,21.68961045105463,18.811297303934523,20.94196628731386,18.146713787539074,17.666909694048062,1.9,99.0,1.5,11.05
RTX,2024-11-29,118.93947577067127,120.11231523196358,118.91976753204452,120.07289123535156,2728600,22.035924261847462,18.80351825752263,20.98404041174704,18.13934493806218,17.68185902675666,1.84,100.0,1.73,10.85
RTX,2024-12-02,120.07288514620245,120.23057360529529,116.83033490304618,116.96831512451172,4468700,23.208830561738683,19.46522661392883,21.412819030139026,18.388664486682494,17.893961932903203,1.78,100.0,2.03,10.14
RTX,2024-12-03,117.30341977927058,117.72721836544024,116.18972001531723,116.39669036865234,3620300,23.220417919093933,18.911542335247116,21.417017438753692,18.3969932292204,17.884397993657213,1.71,100.0,2.27,10.13
RTX,2024-12-04,116.06159132175814,117.64837146337393,115.80533910427724,117.51039123535156,3774300,23.45420857256226,18.964054981001926,21.451925990953203,18.352684527059754,17.88317093726292,1.64,100.0,2.48,10.02
RTX,2024-12-05,117.08659114073866,117.29356148006488,115.9925996904726,116.81062316894531,3328800,23.056710161770162,18.919509895779154,21.28211570597844,18.37241241957543,17.88584833702481,1.56,97.0,2.84,10.53
RTX,2024-12-06,116.31784279160955,116.64308514203643,115.70678960889606,116.28827667236328,4792100,22.686582579748247,18.883659665184098,21.2274732308277,18.363390623304415,17.89547367518526,1.48,96.0,3.3,10.76
RTX,2024-12-09,115.65749657176447,116.15028522994784,112.57264227850555,114.89860534667969,7255400,22.87154233344092,18.968936846497026,21.242927913950187,18.37387362056954,17.872781721327183,1.4,96.0,3.59,10.72
RTX,2024-12-10,114.91831449201246,116.51495246410434,114.32696960139414,115.91374969482422,3725400,23.061390679649996,19.05904129442146,21.19917724046291,18.39582105328089,17.88364974630107,1.31,94.0,3.45,10.74
RTX,2024-12-11,116.14043157021466,116.27841931732799,114.62264906491099,115.25341796875,4298000,22.359897961255328,19.07752327020469,21.19171016415239,18.41007485103916,17.890029532999645,1.21,93.0,2.96,10.83
RTX,2024-12-12,115.25342212360019,115.55894870759177,113.95246027261315,114.37625885009766,3848600,22.360784606269647,19.10408439556482,21.175077071965337,18.37235456940605,17.873480446144978,1.1,92.0,2.07,10.97
RTX,2024-12-13,114.58321922055926,116.22913151003237,114.29740090069465,116.05172729492188,5061600,22.76030280452522,19.29335424509743,21.278168553280015,18.44141661490797,17.744580434295337,0.97,96.0,-0.56,10.63
RTX,2024-12-16,115.73634702681389,116.64307637253795,115.11543601124689,116.40653991699219,3986400,22.133139804689673,19.268059507197723,17.227268693315427,18.442248463415538,17.653511903615748,0.99,1.0,-0.58,1.47
RTX,2024-12-17,115.99260393815538,116.42625287099425,115.31255314163813,115.72649383544922,3012400,22.1217159386568,18.946900429175486,17.246261030663984,18.442351752529866,17.542708404468147,1.01,2.0,-0.61,1.44
RTX,2024-12-18,115.1745768345009,115.75606389761528,112.72049118688314,112.79933166503906,4113600,23.177762781282123,19.64260746299076,17.721820678967465,18.663874313532407,17.74895523478818,1.02,3.0,-0.64,1.24
RTX,2024-12-19,114.0312981198885,115.5589460433435,113.58779131339308,113.79476165771484,5446900,22.360931400790072,19.67358616426999,17.456437267764713,18.57875690894326,17.62450893150121,1.04,3.0,-0.64,1.36
RTX,2024-12-20,113.28226639096691,115.09572515971529,112.94716617191465,114.80005645751953,13389200,22.306414180628174,19.749014270775287,17.493034146371897,18.404769753125372,17.588696920106376,1.05,4.0,-0.64,1.33
RTX,2024-12-23,114.51424228579918,115.20414346874088,114.12000981582152,114.94789123535156,3588700,20.520630423307136,19.751119891324844,17.46372059357481,18.404445356513392,17.586095857488797,1.07,4.0,-0.63,1.37
RTX,2024-12-24,114.27769138704508,115.27312662173442,114.2087012729196,115.14500427246094,1663000,20.335265972672392,19.705460381441142,17.46029431190807,18.3997466792099,17.535525276323682,1.08,4.0,-0.61,1.38
RTX,2024-12-26,115.08586439071595,115.9236111576316,114.71134770292856,115.35197448730469,2147000,20.23112080643586,18.904100162829586,17.37095685028896,18.396038670160422,17.515440795606086,1.1,3.0,-0.6,1.48
RTX,2024-12-27,114.5930769515236,115.83490653718526,114.1692783836828,115.0267333984375,3847500,20.18538744439249,18.904125158870965,17.34217018141733,18.38447764207429,17.52054636598121,1.11,3.0,-0.65,1.52
RTX,2024-12-30,113.77505576692913,114.24812870103933,112.87817673700053,113.5582275390625,2822000,17.037478108472282,19.057448243974054,17.463355033536804,18.434218272802276,17.57779481371316,1.13,7.0,-0.75,1.39
RTX,2024-12-31,113.9031796475789,114.42553446570349,113.2527024746143,114.05101776123047,2445000,17.084598170823075,18.95222565091518,17.42796197891865,18.437653862628743,17.57950649846323,1.14,5.0,-0.79,1.42
RTX,2025-01-02,115.28298349002557,115.75605640577908,113.8736075829393,114.33683013916016,3207500,16.945937097692337,18.961525598551653,17.373449749002603,18.4184175422609,17.542630176127137,1.15,5.0,-0.8,1.46
RTX,2025-01-03,114.62265110882623,114.98730992324155,114.15942854194977,114.1988525390625,2902600,16.927579401193597,18.814497556384634,17.3640755153862,18.41887924483624,17.54139249564198,1.17,4.0,-0.8,1.46
RTX,2025-01-06,114.60293518440099,114.60293518440099,112.0897174068166,112.45437622070312,3832300,17.42086847004344,19.018405327662165,17.532165165299897,18.518596158942714,17.616946491806313,1.18,13.0,-0.77,1.31
RTX,2025-01-07,112.45437084353482,113.6173523833095,112.28682450357906,113.14427947998047,3588400,17.139874759295907,19.022886596269068,17.526244521888167,18.50731821606544,17.62294695093437,1.19,13.0,-0.76,1.31
RTX,2025-01-08,113.272411274387,114.5240912681965,112.75991433313304,114.24813079833984,4294200,17.424926748907303,19.060394661668212,17.56900057599002,18.53723570613771,17.63841617298371,1.2,15.0,-0.77,1.28
RTX,2025-01-10,114.16927344808288,114.84932420691554,113.15413000883647,113.4498062133789,4287300,16.818301904134795,19.046662246127063,17.600186814084566,18.557933515907877,17.657075116512985,1.21,16.0,-0.78,1.24
RTX,2025-01-13,112.92745715917674,116.22913985357415,112.92745715917674,116.04187774658203,5414900,17.460032244234224,19.64544350621157,17.959891447810854,18.728649556660713,17.784434059050533,1.21,19.0,-0.78,1.1
RTX,2025-01-14,117.04716634884265,117.79619970911315,116.47552969019544,117.7469253540039,3804900,18.0120061644396,19.788342690625118,18.09967586310794,18.785471717339995,17.80398944230683,1.21,22.0,-0.77,1.02
RTX,2025-01-15,118.41711543945542,118.6339436510074,116.46566905484582,117.37239837646484,4279600,17.629786750748938,19.785243702969826,18.08186554838703,18.786176581388695,17.779578107319104,1.22,22.0,-0.75,1.04
RTX,2025-01-16,117.62865714266253,118.77193049665493,117.3822628011323,118.72264862060547,3896900,16.229748716092566,19.939882572557764,18.142844928639292,18.795945067983602,17.773359617515755,1.22,24.0,-0.74,1.0
RTX,2025-01-17,118.86062706600899,119.59981007950327,118.13130193144833,119.36327362060547,4368600,16.206265159511826,19.978005293695112,18.150194964237205,18.765144299283435,17.764800215566627,1.22,25.0,-0.74,0.99
RTX,2025-01-21,120.95990776422963,123.99548019441752,120.73322167216428,123.93634796142578,6071100,19.266952614913464,21.444958032078894,19.092537936556003,19.2497614057156,18.124920437343935,1.22,49.0,-0.78,1.21
RTX,2025-01-22,123.86736658992767,124.06447906004725,121.86664569271491,122.58611297607422,5103800,19.493782933498835,21.38428865147635,19.155804737417636,19.293711430131616,18.168305704380604,1.21,54.0,-0.84,1.16
RTX,2025-01-23,123.9462120918018,125.16832592454227,122.90149496698429,124.46856689453125,5501300,19.79401500775151,21.35674589915527,19.223604153879368,19.35148912866374,18.20355739836806,1.21,58.0,-0.86,1.12
RTX,2025-01-24,123.70967115603027,124.45871208070707,123.27602221594056,123.50270080566406,3483000,19.56523776741699,21.41999427659268,19.179868167229095,19.376284732318823,17.51499411262161,1.2,56.0,-0.91,1.15
RTX,2025-01-27,124.79380849169118,126.14404466749528,122.58610978318836,123.24645233154297,6207800,19.51040736620864,21.42028349903148,19.137622025571382,19.330654449961482,17.517248779282255,1.19,47.0,-0.93,1.18
RTX,2025-01-28,129.2880261845503,130.5199978399392,124.31086520839403,126.49885559082031,8451600,20.55645340436173,21.603979996584474,19.316753169662267,19.542512194754043,17.62905479973514,1.19,66.0,-0.81,1.16
RTX,2025-01-29,125.56255158377816,127.88850713212703,123.20702239968337,123.32528686523438,5179000,21.960441049316312,22.200620387925387,19.75428819734654,19.703349889507457,17.817964529626977,1.19,73.0,-0.88,0.99
RTX,2025-01-30,123.84764972154804,127.35630257684976,123.73923561472843,127.11975860595703,4343600,23.153539414024255,22.960914355968832,20.212122286359037,19.99905971151311,18.043763729217204,1.19,76.0,-0.75,0.93
RTX,2025-01-31,127.27746444316209,128.05606396973266,125.67097599307009,127.09020233154297,5569300,23.172908830554857,22.588223399278405,20.137437168307645,19.986738717841945,18.03957468405364,1.19,75.0,-0.68,0.98
RTX,2025-02-03,126.64668562348866,128.65725673930882,125.71039017720616,128.04620361328125,6067300,23.05584074837213,22.562108292191986,19.861112101462957,19.9989750464425,18.044612458018598,1.19,73.0,-0.57,1.12
RTX,2025-02-04,127.67167833751533,128.5784226983279,126.17361165164307,126.5185546875,4036800,21.875520291838402,22.691807367401754,19.925346982475595,20.053158398496695,18.067124284696696,1.19,73.0,-0.62,1.07
RTX,2025-02-05,127.78996121523579,128.0166397920657,126.43971003626196,127.29717254638672,4881500,21.836748147353983,22.316879961225162,19.886500167548725,20.049771144570407,18.069916797002193,1.19,72.0,-0.64,1.1
RTX,2025-02-06,127.19860601426832,127.87865676859651,125.69067392367813,126.92264556884766,3363300,21.865577202533945,22.153681877366626,19.870736501002067,20.054772000663828,18.074691278600355,1.19,71.0,-0.69,1.12
RTX,2025-02-07,126.94236866987414,127.13948113676133,125.49356872824157,126.10462188720703,3827300,22.04375325381983,21.465876494982357,19.852829288706488,20.058987319631903,18.09161816781707,1.19,69.0,-0.76,1.13
RTX,2025-02-10,126.22290236232749,126.64669341743574,125.06977111221877,126.40029907226562,5344900,22.041100133073094,21.4125152016329,19.85439308355151,20.056840954257765,18.08435589319036,1.19,69.0,-0.82,1.13
RTX,2025-02-11,127.23804392739054,127.5534208642817,125.95679034423677,127.24789428710938,3320600,22.061310871805308,21.34195249586065,19.86159299092045,20.049574194955778,18.05728945942255,1.19,70.0,-0.85,1.12
RTX,2025-02-12,125.96664344462533,126.74525800215054,124.61640723662822,124.95149993896484,5154900,22.866831850262834,21.690027676680746,20.064474302988216,20.147975106058457,18.149777933555523,1.19,74.0,-0.9,1.01
RTX,2025-02-13,125.7005332708669,125.7990894997603,123.46326852625964,124.0250473022461,6580400,22.598272014431057,20.07530330833391,20.084489937776233,20.155585897707144,18.162926203483444,1.19,74.0,-0.94,0.99
RTX,2025-02-14,123.64067988194523,123.64067988194523,119.6293802276695,120.64453125,7715900,24.264837620733417,20.915253772781035,20.557022006482473,20.416599988000243,18.378455034235778,1.2,79.0,-0.93,0.87
RTX,2025-02-18,122.44812478516809,123.52240797977029,121.63010131991265,121.97505187988281,5386200,24.4075355412566,20.980285563294064,20.438495691212825,20.41691155021017,18.388661259875573,1.2,77.0,-0.94,0.93
RTX,2025-02-19,122.61567998816162,124.783947119744,122.31014590082023,123.60125732421875,5124600,24.59318085045083,21.11974632203255,20.537370010901608,20.434542280361814,18.42494025697124,1.2,78.0,-0.98,0.86
RTX,2025-02-20,122.9606371861947,123.5027002386579,121.41328098587243,123.30558776855469,3132000,24.047541554539617,21.12980295649805,20.514566416400125,20.31851141706257,18.40215505361799,1.21,77.0,-1.01,0.88
RTX,2025-02-21,123.38483059788915,124.29615655969192,121.52257026404195,122.12681579589844,4846100,24.30484835227359,21.11624937454377,20.559625040776787,20.34798940385773,18.434031991943726,1.21,79.0,-1.02,0.85
RTX,2025-02-24,123.82067674791327,125.03907553237505,123.45416482407028,124.24662017822266,4461000,24.592385675500598,21.391831754492994,20.73313788945126,20.434302106130758,18.475784742544487,1.22,86.0,-1.05,0.75
RTX,2025-02-25,124.72209430100423,126.72303310234317,124.47445294870211,126.13859558105469,6007900,24.661479536466405,21.241411583366602,20.842124446085794,20.497660235766233,18.5247836425375,1.22,86.0,-1.09,0.69
RTX,2025-02-26,126.31690455916049,127.1192677235035,125.6433197417964,126.10888671875,3904500,24.00744201839176,21.007847394579812,20.430583110525006,20.49423419435044,18.521507322192594,1.23,71.0,-1.12,0.82
RTX,2025-02-27,127.20841127805535,129.7541716997051,126.6239812992899,129.28860473632812,5758900,24.626654528450736,21.559017358117774,20.79233792047421,20.687504842585707,18.668675170274927,1.23,85.0,-1.07,0.69
RTX,2025-02-28,130.05133241457796,131.8343532630994,129.38765537106738,131.7353057861328,7461000,24.957095039040073,21.737402854769147,20.98195144433457,20.753130244306323,18.745509942874143,1.24,89.0,-0.86,0.6
RTX,2025-03-03,133.0725504597341,134.08293138660864,131.66594942399766,132.56736755371094,6215800,24.86553041427152,20.972799508529057,20.949220671978086,20.758699518827857,18.737485831431403,1.25,87.0,-0.65,0.62
RTX,2025-03-04,132.260296017671,133.45887168353843,127.2777532807731,127.48576354980469,7911200,27.770840056908487,22.568716285994835,21.884655463301534,21.30043046329624,19.170661345218985,1.27,100.0,-0.71,0.72
RTX,2025-03-05,128.25840653977153,129.308403468157,127.02019976293414,128.41690063476562,5774900,25.727293636456967,22.539367800157713,21.813613005735426,21.209860082964838,19.179302312230345,1.29,99.0,-0.77,0.78
RTX,2025-03-06,127.39662107301943,127.6442624315227,124.77162116140178,127.06973266601562,6258300,25.710818336292768,22.62327876017423,21.87925816673172,21.22976371435307,19.21734608234794,1.31,99.0,-0.83,0.73
RTX,2025-03-07,125.80180549273652,127.68387370220827,125.06878921460284,127.18859100341797,6418500,25.363857649913346,22.59030909727406,21.83555816126289,21.229419246362266,19.217420289915687,1.33,98.0,-0.89,0.76
RTX,2025-03-10,125.8018085558682,128.61501072593657,125.21737858462427,127.3074722290039,4916800,25.235185034195233,22.414588383778177,21.80270036602091,21.228556218285956,19.217363040102114,1.34,96.0,-0.95,0.78
RTX,2025-03-11,127.4758664277954,127.8324705838952,125.90086347878548,126.90133666992188,4404800,25.24915545895284,22.3873524062687,21.794004229781564,21.234070331432882,19.222278055485344,1.36,95.0,-0.99,0.78
RTX,2025-03-12,127.13908169016271,127.33719175740991,125.61360243121776,126.75275421142578,4701800,24.106960327750528,22.344078651835105,21.79089567715933,21.23070366827085,19.222831698183406,1.37,94.0,-1.03,0.78
RTX,2025-03-13,127.09945354614278,128.41690744029648,126.79238066758622,127.9810562133789,3434100,23.003582901153415,22.320044051257902,21.792739426834114,20.80920627088603,19.235627852249962,1.39,94.0,-1.06,0.78
RTX,2025-03-14,127.72351407375582,129.45700364562583,126.79238011392148,128.76361083984375,5380700,21.356326165623642,22.1819625226547,21.801880692399696,20.807201771147167,19.16111150114115,1.4,95.0,-1.1,0.78
RTX,2025-03-17,128.77350653666633,131.45794551576316,128.77350653666633,130.80416870117188,4934600,21.809287701743763,22.365399974824822,21.936209024688306,20.868397365028375,19.206505680574924,1.42,100.0,-1.1,0.71
RTX,2025-03-18,130.8239798978539,132.0126553572936,130.46737574853913,131.43812561035156,4128400,21.753606147602106,22.313368383608292,21.94625553434653,20.850703365628632,19.17411588918741,1.43,100.0,-1.09,0.71
RTX,2025-03-19,132.74566630730615,134.45935536418745,132.25038359799848,134.04331970214844,7080700,22.05645127444635,21.832263899822753,22.144316751143343,20.953791899688447,19.227169961376685,1.45,100.0,-0.97,0.63
RTX,2025-03-20,132.85462054279577,134.04331106036224,132.62679474335425,133.20132446289062,4311300,22.144544983888906,21.87672279992811,22.08251244680216,20.940935696800395,19.238814579054093,1.46,99.0,-0.94,0.65
RTX,2025-03-21,132.5673716869783,133.23104870317002,130.45746251017545,131.1211395263672,9545900,22.67247551952564,22.15718134987946,22.074344661477994,21.02682346568423,19.269216469881798,1.48,98.0,-0.98,0.65
RTX,2025-03-24,131.40841904952822,133.61737581836337,130.6952107010096,133.4192657470703,5525300,23.032588120493592,22.372642793366566,22.232731581764412,21.108444540754032,19.334606500359143,1.49,100.0,-0.98,0.58
RTX,2025-03-25,133.50840926730044,134.65746880933284,132.71595388952537,134.38011169433594,3990600,23.08357559297713,22.39260958015168,22.254581988344903,21.108570465242284,19.32738670163228,1.51,100.0,-0.96,0.57
RTX,2025-03-26,134.68717924652643,134.8852893044423,132.79519569654852,133.06265258789062,4464500,23.291143701882536,22.536692272413,22.03791403242846,21.146798543202262,19.32334593490113,1.52,95.0,-1.0,0.66
RTX,2025-03-27,133.63719034720856,133.68672164336385,131.90370078557942,132.171142578125,3914000,22.676601395378633,22.58925066874824,22.02960593562881,21.14697975129543,19.34051484410056,1.53,94.0,-1.05,0.67
RTX,2025-03-28,131.71548645072164,132.3791634751149,130.39803261489777,130.47727966308594,3935200,22.92513699312691,22.590676978154907,22.10245115171571,21.205455548310052,19.39080189105981,1.54,97.0,-1.11,0.62
RTX,2025-03-31,129.82351113016637,131.88388916995666,129.34804392554705,131.21031188964844,5521100,21.18871235302211,22.597028451498677,21.888331450374885,21.185670655423216,19.35145282601402,1.55,90.0,-1.15,0.75
RTX,2025-04-01,131.03198912258813,131.78481338076722,130.120670773794,131.59661865234375,4799300,21.04701524232415,22.597343798813352,21.856588709878462,21.174684551807033,19.352081653159225,1.56,87.0,-1.18,0.77
RTX,2025-04-02,130.12067806506298,132.4187820484417,129.97209929355353,131.89378356933594,3352900,20.800481518899964,22.585244026960716,21.82851911606156,21.17380160876626,19.35203016086567,1.57,85.0,-1.21,0.79
RTX,2025-04-03,129.76408245206395,132.44852164797163,128.71408542464144,129.0013427734375,4605200,21.936163404497456,22.85456240842951,21.892217565883122,21.244569275174534,19.481968562103354,1.58,90.0,-1.24,0.74
RTX,2025-04-04,124.81124091439449,125.1876530472767,116.24284865759805,116.34190368652344,8526700,37.407728827174346,31.4527601502821,27.35717855064488,24.549443083731646,22.079363171226824,1.74,100.0,-1.25,11.61
RTX,2025-04-07,112.84521082632986,118.78860334599855,111.2107763719381,116.213134765625,8774800,36.980957505120415,31.395036152635242,26.97013506744129,24.51079069543775,22.013628987766342,1.86,99.0,-1.27,12.23
RTX,2025-04-08,121.84945405244183,122.8003959458034,117.58011196643854,119.3235092163086,8108600,37.58152175646585,31.807828552442675,27.271935221686643,24.66401514427545,22.043854495452756,1.99,99.0,-1.27,11.72
RTX,2025-04-09,117.89709804998898,127.71359785588146,117.05511891814339,127.21831512451172,6747400,42.16331660812544,34.074117042884,29.075349086666908,25.751791489949238,22.934771500656367,2.17,100.0,-1.29,10.18
RTX,2025-04-10,125.71266061899809,128.07019603187368,122.60227825877698,125.87114715576172,6457800,41.615553879550625,34.05361517033917,29.12602419329896,25.76128392602568,22.96132395804163,2.34,100.0,-1.31,10.04
RTX,2025-04-11,124.96974075308904,128.0999312014841,123.82068120395729,127.04991912841797,3654100,41.31758597420278,34.08264753436961,28.43685791226573,25.77767202916224,22.973999042002927,2.47,98.0,-1.31,11.26
RTX,2025-04-14,128.0305860354549,128.7239788362787,127.06973632758853,127.92162322998047,4099900,41.32642643724915,34.03732483946541,28.45213479796244,24.06021109393645,22.97127539830465,2.59,98.0,-1.32,11.25
RTX,2025-04-15,127.2876672592337,128.7239842170139,127.03012566954217,127.42634582519531,6315600,39.750619330606554,34.04215301560454,28.443956815406203,24.06311351835103,22.9631864578551,2.7,97.0,-1.32,11.23
RTX,2025-04-16,128.68435540822708,128.9716127251907,127.22822305349709,128.03057861328125,5382800,39.71685703668667,33.19247665060821,28.441888703931383,24.064077629149565,22.96529727088827,2.81,96.0,-1.33,11.26
RTX,2025-04-17,128.13954768527984,129.26879169781702,126.49520540470643,127.67398071289062,5228300,39.603047495799245,33.11377576064009,28.447597428328375,23.94560720881905,22.957604338888988,2.91,97.0,-1.32,11.23
RTX,2025-04-21,127.28764997533997,127.51547577816345,123.55322185774587,124.93010711669922,6397400,40.1058092928187,33.28558486466661,28.61885410859273,24.084787530695678,23.06964479690621,3.01,98.0,-1.31,10.81
RTX,2025-04-22,113.4494586819967,116.08436638107011,111.56738283371777,112.67681884765625,17094400,49.92174193199062,39.42739228550949,33.01631857519774,27.02042384923101,25.31391063505626,3.24,100.0,-1.32,10.67
RTX,2025-04-23,116.2725689701411,121.46313733241881,116.17351393733128,119.14521026611328,10456300,52.855405233925566,41.14112471623936,34.08931416632065,27.815496355205592,25.89855999671766,3.49,100.0,-1.31,9.75
RTX,2025-04-24,118.8975679113635,120.90841453450838,118.38247721060999,120.81926727294922,4512800,53.059916432318,40.8808289325174,34.0620818998183,27.830076188872848,25.932026628395597,3.71,99.0,-1.3,9.78
RTX,2025-04-25,121.57209892409733,124.3159618483972,121.25511828781633,124.03860473632812,6205900,53.58345803129853,40.92291072262123,34.31117519213352,27.984867382706806,26.055552221258342,3.93,100.0,-1.29,9.53
RTX,2025-04-28,124.74190241606674,125.11831455129555,122.51313024298659,123.62256622314453,5460100,53.544054003400056,40.44023199974563,34.26345468543725,27.986848279974534,26.055218617921582,4.13,99.0,-1.28,9.55
RTX,2025-04-29,123.62257416101511,124.85087323252856,123.21643868917235,124.5438003540039,4313600,53.3677350577402,40.472543230607066,34.016664915369724,27.98368760718366,26.05669051591789,4.31,96.0,-1.25,10.01
RTX,2025-04-30,124.60322907418188,125.37586891730882,122.4338883166219,124.94001770019531,5674100,53.35242553150241,40.446523099606104,34.00742277167269,27.96714432949375,26.05473375700631,4.48,95.0,-1.22,10.05
RTX,2025-05-01,125.2074735633846,126.8815240237708,124.24662387405313,126.20794677734375,4820900,53.092418503132556,40.429544392822606,34.011335055778666,27.98727044945015,26.05470424888835,4.64,95.0,-1.2,10.04
RTX,2025-05-02,128.1593505474973,129.76406158686476,126.64377920516348,128.9815216064453,5002200,53.515643569935115,40.657165641366625,34.156824011431596,28.098431674640732,26.117988136006236,4.8,98.0,-1.18,9.93
RTX,2025-05-05,128.77350908490695,128.8329405938042,127.06973529398182,127.3768081665039,3293300,53.447038939368575,40.73625842887488,34.21339117050548,28.132427799915455,26.15028634972502,4.94,98.0,-1.14,9.82
RTX,2025-05-06,126.37633694706882,127.45604961748208,125.71265993548924,126.95086669921875,2596100,53.165829968035304,40.71993976524321,34.157596845838064,28.128779086457705,26.147965029312974,5.08,97.0,-1.09,9.93
RTX,2025-05-07,126.60416147897348,127.59472687993856,126.17821805426193,126.29708862304688,4029200,53.10794668659561,40.731427921876865,34.14834877803688,28.136369992586975,26.148752482044856,5.21,95.0,-1.04,9.9
RTX,2025-05-08,126.78246987894033,129.29850702981275,126.29709492432687,127.4560546875,4748300,53.15119154938812,40.75173603509704,34.15696567070008,28.152917351004163,26.158351386581096,5.34,96.0,-0.99,9.93
RTX,2025-05-09,127.63436432828085,127.63436432828085,124.84096250307182,127.4560546875,4857600,53.12878451884722,40.57412767054282,34.1292591687107,28.149151704823574,26.131423231234947,5.46,93.0,-0.92,10.0
RTX,2025-05-12,128.66453954673253,129.56595769071072,126.18812604008603,129.32821655273438,4686400,53.20040473080968,40.64490724544582,34.129654904528884,28.18757695481393,26.16033231467645,5.57,93.0,-0.87,10.0
RTX,2025-05-13,129.76406669603563,130.7942480559224,129.22916803346197,129.48670959472656,4334700,53.17335992607689,40.21368339396933,34.128203358928225,28.179201071050546,26.10987482176031,5.65,91.0,-0.81,10.0
RTX,2025-05-14,130.24945342291164,130.60605758118467,127.89190287017169,129.55604553222656,4843600,53.164641828762605,40.162015581173875,34.11027194808261,28.175942599524923,26.105918393606935,5.73,90.0,-0.74,10.05
RTX,2025-05-15,130.69521354125501,134.3702030553184,130.5070036792461,134.24143981933594,6772200,54.18041267471072,40.70794624735093,34.27046763683816,28.477186409522066,26.327682553996368,5.8,99.0,-0.68,10.06
RTX,2025-05-16,134.42963841227845,135.1131158485732,133.2112320755678,134.20179748535156,4776000,53.75105305964679,40.701911814562365,34.2532596787344,28.46898306470642,26.32726333437523,5.87,97.0,-0.62,10.05
RTX,2025-05-19,134.5980400607488,136.42067688662044,133.91454747233956,135.90557861328125,5180800,43.70905313217809,40.6997782486745,34.27890572340333,28.47660811420208,26.348804388517,5.93,99.0,-0.53,10.03
RTX,2025-05-20,135.10323258370858,136.45040231460203,134.6079498166864,135.88577270507812,4998600,43.697917774308685,40.57402349492061,34.28008651351524,28.445781677528647,26.34284900328268,5.99,99.0,-0.45,10.02
RTX,2025-05-21,137.19331393656074,137.51030213362603,133.57775611340617,133.6768035888672,5514900,43.65433133850618,40.63593474296287,34.39979630327305,28.50184521439451,26.40066482727061,6.04,100.0,-0.38,9.78
RTX,2025-05-22,133.3301132159573,133.70651780209803,132.25038540762245,132.80511474609375,3790900,39.80923308071583,40.6644535050704,34.423380658062634,28.417181351434966,26.402416727153305,6.09,100.0,-0.3,9.72
RTX,2025-05-23,131.27186101392456,132.80510163024195,130.74418621018748,131.76966857910156,5510000,39.74324714276886,40.39032057584401,34.44819660265479,28.4347445460303,26.415669711665934,6.13,100.0,-0.2,9.67
RTX,2025-05-27,133.90029587956747,134.30848657232917,131.5705447281114,133.6016082763672,5160800,39.840835412390696,40.306631599873285,34.42823452934527,28.436628893492134,26.436678173309105,6.17,99.0,-0.14,9.79
RTX,2025-05-28,134.049631111676,134.40805319453676,130.32602476150524,132.26748657226562,5426300,39.95087231070407,40.34068094886357,34.475007703756695,28.43639043897999,26.442662842571163,6.21,100.0,-0.05,9.67
RTX,2025-05-29,131.54066687620838,134.49764504478856,131.321630330989,134.20892333984375,3634700,40.10807887499014,39.61452306485481,34.537282488797615,28.36406520267297,26.467945244408625,6.24,100.0,0.03,9.62
RTX,2025-05-30,134.40805500409027,136.69797305364762,133.78081255266875,135.88156127929688,8195100,40.2190830885293,39.6636930457671,34.57652051993179,28.382443852574607,26.479661678572374,6.26,100.0,0.1,9.61
RTX,2025-06-02,135.82182099275897,136.91700376719075,134.83615649577038,136.85726928710938,3946200,40.2197993407032,39.61057689868306,34.477268326346845,28.3699135207507,26.466884167157183,6.28,98.0,0.08,9.83
RTX,2025-06-03,136.80749300152064,138.1814316944778,135.8317791336775,136.8970947265625,3493900,39.5772842310959,39.61100631120046,34.47181103416284,28.36056844752527,26.448835065715627,6.3,96.0,0.05,9.82
RTX,2025-06-04,137.5542003019376,138.2511279067221,137.0464268248299,137.94248962402344,3200400,23.474449563069918,39.63250930995637,34.46131476716726,28.351356297660395,26.392027194466372,6.31,95.0,0.06,9.82
RTX,2025-06-05,138.58962471609448,138.70910886360357,137.63384268731036,138.460205078125,3510800,18.29464549117997,39.624132736213525,34.432922422326925,28.35330280262352,26.388255460033538,6.32,93.0,-0.01,9.9
RTX,2025-06-06,139.06752524005012,140.03327320909622,137.71350313866358,138.49008178710938,4511000,18.143610284291373,39.62122806777412,34.27504654426575,28.347465440554327,26.385621781759372,6.32,86.0,0.02,10.06
RTX,2025-06-09,138.58963776097272,140.4713499486334,137.67367356722136,140.36183166503906,7104300,17.15979947615793,39.66207595741706,34.264483335294784,28.37402747104797,26.411603896920077,6.33,84.0,0.11,10.07
RTX,2025-06-10,139.88392663091523,140.5012031539343,137.3351543130387,137.91261291503906,6303500,18.166421917409284,39.84274620676913,34.39361661179359,28.45209913843877,26.475648221812158,6.33,89.0,0.12,9.83
RTX,2025-06-11,138.39051041247475,141.2379704430254,134.83615691769126,141.1881866455078,6370300,19.03136710098669,39.99524383007025,34.533911509848245,28.565594544226773,26.569709037921953,6.32,98.0,0.21,9.67
RTX,2025-06-12,139.65495335519793,141.43709794254272,139.51556782988538,140.36183166503906,4664400,19.25219765741659,40.01469163772521,34.549839984733346,28.508146977566707,26.557647576839155,6.32,99.0,0.24,9.61
RTX,2025-06-13,143.3885024512439,145.3797328108817,141.6959596839282,145.05117797851562,11765200,20.947145516826406,40.36691413045453,34.432348304028906,28.75454955784783,26.74447617982862,6.32,90.0,0.46,9.73
RTX,2025-06-16,145.85762798248834,146.4251359431927,144.27460344770628,145.81781005859375,7986100,20.313141594103016,40.34331335055182,34.37837830688727,28.749933520098303,26.746005207423433,6.32,85.0,0.64,9.87
RTX,2025-06-17,146.7835347664255,148.52586128478964,145.1706430793991,147.8289337158203,7251800,19.866639113467578,40.256742742112145,34.3638315849117,28.779296077309418,26.71473724489569,6.31,84.0,0.86,9.89
RTX,2025-06-18,147.90858438383023,148.60551195106896,145.02130652303478,145.23037719726562,7116900,20.804994764076373,40.32693969901422,34.469979669398086,28.86678717502503,26.768243381874395,6.3,93.0,0.79,9.7
RTX,2025-06-20,145.2204306528804,147.50038272893167,143.269018217125,145.99700927734375,9220600,20.603360941734273,40.31717735501436,34.46963611824184,28.86425696496727,26.770867956970974,6.29,92.0,0.72,9.72
RTX,2025-06-23,146.1762354022659,146.42513920983666,144.46377599082837,145.170654296875,6548500,20.78096968652887,40.27653815431486,34.26639372959763,28.719438431142642,26.77988735107068,6.27,76.0,0.59,9.9
RTX,2025-06-24,142.87078640686673,143.40841195003205,139.8938913812974,141.22802734375,8242100,22.72201242295288,40.68074061683118,34.310336311371984,28.913555915524903,26.93521515425905,6.26,80.0,0.47,9.84
RTX,2025-06-25,141.65613368969477,141.79551921420043,139.85407255434225,140.7600860595703,10395000,22.54954835829257,40.58716306859863,34.002000903415016,28.91419887796824,26.93632642209453,6.24,57.0,0.34,10.15
RTX,2025-06-26,141.28775625430794,142.77121317505413,140.64059726111947,142.04441833496094,5407500,22.616052670363867,40.609314075881656,34.02541979591618,28.910410828498208,26.698196995563855,6.23,60.0,0.21,10.15
RTX,2025-06-27,141.44705612676694,144.0754795982323,141.3076554171512,144.02569580078125,9173900,22.81403078171454,40.68937517930225,34.07071158838592,28.951463807036838,26.72185492703697,6.2,61.0,0.09,10.1
RTX,2025-06-30,144.84208952961774,145.7680195301559,144.3641985055332,145.37973022460938,5939500,20.796200637457037,40.72099486001943,34.02911270072109,28.92477281248414,26.729502738718452,6.17,59.0,-0.01,10.24
RTX,2025-07-01,145.0113441646745,145.16069555605645,142.034464514174,143.55775451660156,4819500,21.249555927882284,40.52901992857793,34.09263561595795,28.967910184475,26.75539811327547,6.14,62.0,-0.12,10.08
RTX,2025-07-02,143.03007711988502,144.08542675574574,142.33314954826776,143.8863067626953,3253300,21.02121128636313,34.10481767799315,34.08654632607481,28.948047260234173,26.752788056370342,6.11,60.0,-0.21,10.11
RTX,2025-07-03,143.85644644839564,145.7481092612593,143.73696229330824,145.1109161376953,1888700,21.09658185793864,34.105566504683786,34.08292392833933,28.949652397032548,26.74312330917944,6.07,59.0,-0.29,10.17
RTX,2025-07-07,145.61867214434824,146.1363962966051,144.49363731071506,145.28016662597656,4532500,20.353597022909597,33.77838992892415,34.08261133262673,28.944201033266754,26.73390009054888,6.02,58.0,-0.36,10.16
RTX,2025-07-08,145.01134266706916,145.35981405147953,142.35305200024942,144.27459716796875,4331300,20.369973524803196,31.369405667202123,34.09741974296711,28.95812877763561,26.74686986482727,5.98,62.0,-0.44,10.09
RTX,2025-07-09,145.0909929402341,145.8576208667761,144.09537778073388,145.5390167236328,2666200,20.18641016238332,31.284402626777524,33.97385902155823,28.955152545173533,26.751402088322557,5.93,48.0,-0.49,10.38
RTX,2025-07-10,145.46933492212935,145.89744215849913,144.3940687020081,145.758056640625,4130900,19.94412039150487,31.25174765732109,33.94342160929867,28.949987299445635,26.747971124139376,5.88,47.0,-0.54,10.46
RTX,2025-07-11,145.53902101379794,146.42513311608016,144.86200997748426,146.2259979248047,3468800,19.563238234958387,31.238031472456683,33.61845663951228,28.95119780649705,26.735027134976093,5.83,46.0,-0.56,11.07
RTX,2025-07-14,147.24152280579602,148.91416414485107,146.4350769711315,148.62542724609375,4461000,19.65426284095261,31.342616816751885,33.66533360410034,29.007661058711324,26.768958458266074,5.77,46.0,-0.56,11.01
RTX,2025-07-15,149.14316026959372,150.08899167293725,147.7492898719296,148.02806091308594,4530500,19.57778936649831,31.368149917507615,33.62981184521882,29.010036279345236,26.760869094376176,5.72,45.0,-0.58,11.0
RTX,2025-07-16,148.19733145496363,149.70070496688083,147.60990692980369,149.51153564453125,3361700,19.6484553021193,31.386667795155436,33.64780807812785,28.992912559426877,26.76731596937143,5.65,45.0,-0.58,11.02
RTX,2025-07-17,149.89981269924948,151.32355024591826,149.53143995970782,150.835693359375,4326500,19.70359668664126,30.996026433090094,33.61415675157208,28.93521185522308,26.77639324793469,5.59,42.0,-0.57,11.15
RTX,2025-07-18,151.14433162135654,152.17977987200317,150.4175368245728,150.835693359375,5928600,19.680151255981766,21.686633275567587,33.52831496521639,28.935165765594117,26.71305653406244,5.52,41.0,-0.57,11.22
RTX,2025-07-21,151.31358806355928,152.71740908799867,150.39762393756612,150.8954315185547,7116000,19.692744430884822,18.922567894103885,33.462455604553384,28.935051563844112,26.690596121336323,5.46,40.0,-0.59,11.27
RTX,2025-07-22,144.8420924636949,149.61109769424792,142.93051313675204,148.5159149169922,10722700,20.421302412881666,19.23394432284073,33.578740809965225,28.88337162625324,26.718093256204327,5.38,41.0,-0.63,11.02
RTX,2025-07-23,149.34228468790468,155.9033854158081,148.45618773976508,155.8038330078125,8667100,24.153394390264456,20.778527260401344,34.17769385557356,29.388420745558165,27.092434176071244,5.3,70.0,-0.57,10.35
RTX,2025-07-24,155.56486531135224,156.55052976704226,154.46968258280776,154.5393829345703,4865300,23.58502952973857,20.87197908902266,34.106139531343835,29.392723199882077,27.099816079497508,5.23,61.0,-0.58,10.36
RTX,2025-07-25,154.52943269214202,156.6401319292926,153.58358615485153,156.19210815429688,4728200,22.938913878623747,20.906696689638927,34.12832344841568,29.31429640815675,27.096824651684226,5.15,63.0,-0.57,10.34
RTX,2025-07-28,156.46091690151405,156.6401355307618,154.94759279081774,155.3856658935547,4022900,22.915516108841885,20.986820556638534,33.51735334201412,29.310180460686908,27.10383435607297,5.08,36.0,-0.58,11.33
RTX,2025-07-29,157.03837137373654,158.09372098871555,155.6445162580815,156.43104553222656,4341800,21.180377498977702,20.95369405662241,33.51517400740886,29.305778576723558,25.967378219977284,5.01,35.0,-0.59,11.33
RTX,2025-07-30,156.75961291792478,158.0339991806565,155.734130459506,157.7054443359375,3998700,21.228455572612738,20.632930350013776,33.46861844976297,29.21875940294825,25.974579602677565,4.93,34.0,-0.58,11.48
RTX,2025-07-31,157.41671486190333,157.53618382069283,156.06267762538897,156.87908935546875,4796000,21.078549366895064,20.447119792618075,33.48879637824249,29.182267747020003,25.981410617474626,4.84,34.0,-0.6,11.42
RTX,2025-08-01,155.6046970930488,156.78948164349666,153.07584110171553,156.12242126464844,4420700,20.349062297950283,20.47053850625488,33.506417813042574,29.015833233136455,25.912869666076876,4.76,34.0,-0.64,11.37
RTX,2025-08-04,156.4410223456976,157.7154085953753,156.05273302262208,156.68992614746094,3961900,20.334638938150444,20.39172971847872,33.49678517246339,29.006005409768456,25.910931827068694,4.66,33.0,-0.67,11.41
RTX,2025-08-05,156.58039664949524,157.34700936585037,155.07700807174356,155.64451599121094,4993900,20.371689308020564,20.46591834246377,33.5220141169341,28.992549447394705,25.911807895663713,4.57,36.0,-0.71,11.34
RTX,2025-08-06,155.96310995215697,157.0383761563588,154.9575441018013,155.0670623779297,4112100,18.413913376267473,20.50588780583086,33.512101667153814,28.99816637481887,25.913750942024848,4.46,33.0,-0.75,11.31
RTX,2025-08-07,153.97187767842607,155.07701110839844,152.56807185539222,155.07701110839844,5105800,18.33712550367506,20.379221991710644,33.50664696724952,28.58188285759787,25.88505823984572,4.36,32.0,-0.79,11.3
RTX,2025-08-08,155.9133451414106,156.23193410306664,154.0415837190788,154.18096923828125,3667300,18.431134533367516,20.45635308112337,33.454095126685104,28.595160895013905,25.88238906252579,4.25,26.0,-0.83,11.31
RTX,2025-08-11,154.05153072522276,154.9874114140523,153.46412142202357,154.12123107910156,3572900,18.1444844068769,20.46180070649298,33.451688832023756,28.588033458897694,25.88059069857782,4.13,25.0,-0.87,11.29
RTX,2025-08-12,154.29048812467605,155.24627020529033,153.88228224830345,154.80821228027344,2962300,18.033012547318613,19.303301074206903,33.3299446018858,28.583661717057808,25.8730153687904,4.01,24.0,-0.92,11.44
RTX,2025-08-13,155.31597392590467,155.65447945379393,151.99062274559418,155.02725219726562,5012300,17.48903585629843,19.29637588471248,33.30682414471519,28.583665180401585,25.86115114022252,3.88,23.0,-0.96,11.51
RTX,2025-08-14,154.91773332009654,155.64452817233115,153.97188671362667,154.40000915527344,2766600,17.593956210617634,19.221866673326065,33.204202733634304,28.566553013621153,25.865221117371284,3.75,22.0,-0.99,11.73
RTX,2025-08-15,154.25999450683594,154.8699951171875,153.3300018310547,154.08999633789062,4593800,17.53916036387375,19.23507036594206,33.11275612011149,28.569421909674148,25.867025378691128,3.61,21.0,-1.02,11.82
RTX,2025-08-18,154.42999267578125,156.17999267578125,154.39999389648438,155.5,3679300,17.656969869524083,18.89527989506356,33.122699115795484,28.49254558521431,25.87321088483712,3.46,21.0,-1.05,11.81
RTX,2025-08-19,154.57000732421875,155.1300048828125,153.2100067138672,153.66000366210938,3008600,17.937951525159917,19.036520193288727,33.14212337124709,28.482261235852313,25.901806363713288,3.29,21.0,-1.07,11.77
RTX,2025-08-20,153.77000427246094,157.11000061035156,153.08999633789062,156.58999633789062,3766500,18.497210932792008,19.208197423959835,33.230830663586126,28.553596350537795,25.962489294625318,3.11,22.0,-1.09,11.71
RTX,2025-08-21,156.7899932861328,157.75,156.22000122070312,156.32000732421875,3179800,18.535050616503646,19.094096869011306,33.15317356682191,28.527396470433402,25.963207089226703,2.92,20.0,-1.1,11.89
RTX,2025-08-22,157.0500030517578,157.94000244140625,156.2100067138672,156.24000549316406,4252700,18.55113359424206,18.92352212045909,33.14956458457695,28.338026616843603,25.95972069143211,2.7,19.0,-1.1,11.87
RTX,2025-08-25,156.6300048828125,157.63999938964844,156.0,156.27000427246094,2431100,18.070726262313517,18.769529592559344,33.149915390016375,28.327969040368156,25.950242890326464,2.46,19.0,-1.11,11.86
RTX,2025-08-26,156.75999450683594,159.6999969482422,156.3800048828125,159.57000732421875,5096100,18.816165115116938,19.039416191872284,33.28939967335188,28.404417448345402,26.019588907985685,2.18,22.0,-1.11,11.69
RTX,2025-08-27,159.97000122070312,160.2100067138672,159.0,159.83999633789062,2992300,18.683124510054377,19.017461522859286,33.06481305329915,28.389744491077668,26.017935996654717,1.86,13.0,-1.09,12.16
RTX,2025-08-28,160.14999389648438,161.25999450683594,159.25,160.66000366210938,3117700,18.60028634044893,19.01829119698136,28.4175950838152,28.382835291752524,26.02077571172805,1.82,3.0,-1.1,12.81
RTX,2025-08-29,161.05999755859375,161.10000610351562,158.42999267578125,158.60000610351562,3774900,19.096524383028143,19.25387465802049,28.524914292193298,28.38907736682637,26.053750911818767,1.78,8.0,-1.13,12.55
RTX,2025-09-02,158.1999969482422,158.6300048828125,156.3699951171875,158.00999450683594,3260100,19.15777527345667,19.291205698240947,28.298529831359932,28.384241114036946,26.03886510545916,1.74,1.0,-1.13,12.93
RTX,2025-09-03,157.9499969482422,158.33999633789062,156.4499969482422,158.11000061035156,2738900,18.436331992217923,19.289561939740647,26.540225472010675,28.370770254669118,26.016384142429843,1.82,1.0,-1.11,15.45
RTX,2025-09-04,158.22999572753906,159.1699981689453,157.5500030517578,158.67999267578125,3218800,12.328093946420859,19.150124766314246,26.46129690787113,28.349524578610076,26.00685697488136,1.9,1.0,-1.08,15.74
RTX,2025-09-05,158.60000610351562,159.0,155.55999755859375,157.52000427246094,4046300,12.280135727522852,18.81284528709356,26.48117431576564,28.32947530808651,25.940671450404523,1.96,2.0,-1.04,15.6
RTX,2025-09-08,156.9199981689453,157.0,153.66000366210938,154.22000122070312,5522800,13.43542279067168,18.88295146739952,26.727114080310834,28.457873860469018,26.036330638808064,2.01,4.0,-1.0,14.84
RTX,2025-09-09,153.63999938964844,153.6999969482422,150.61000061035156,151.75,5461300,14.130771510705648,19.16885191503511,26.864854713916703,28.52159896207628,26.059390476264767,2.05,5.0,-0.95,14.44
RTX,2025-09-10,152.0,155.0399932861328,151.64999389648438,155.0,4520400,15.367870235466102,18.485019597168197,27.037902307573475,28.432507831163377,26.11319826813867,2.09,6.0,-0.9,14.08
RTX,2025-09-11,155.02999877929688,158.00999450683594,154.36000061035156,157.64999389648438,4289900,15.989599455875902,18.750552120894657,27.131989842055354,28.47727715574472,26.071815057503546,2.13,7.0,-0.85,13.93
RTX,2025-09-12,157.75,158.13999938964844,155.82000732421875,155.85000610351562,3194400,16.266606892576227,18.749590666016903,26.951077187475647,28.508323999386747,26.08930053469721,2.17,6.0,-0.78,14.4
RTX,2025-09-15,155.92999267578125,158.47999572753906,155.7100067138672,158.3699951171875,3891400,16.865992345736323,18.594352899433105,21.085599587823882,28.558725070898372,26.113297813093617,2.48,1.0,-1.01,2.53
RTX,2025-09-16,159.85000610351562,159.9499969482422,157.63999938964844,158.5800018310547,6525200,16.84178208085688,18.57729302103618,19.339700731158512,28.55877481617361,26.106775959405454,2.84,1.0,-1.06,1.42
RTX,2025-09-17,158.57000732421875,159.32000732421875,157.6199951171875,158.30999755859375,3999200,16.720800986732055,18.530649276199675,19.2706780072698,28.561746597634635,26.09144094528501,3.15,1.0,-1.09,1.51
RTX,2025-09-18,157.30999755859375,158.2899932861328,156.5,158.19000244140625,3696100,16.676875806951198,17.52754715918188,18.902567376526548,28.558127092816466,26.092127470154953,3.43,1.0,-1.07,1.77
RTX,2025-09-19,158.6999969482422,158.6999969482422,156.69000244140625,158.24000549316406,7083700,16.676247455014526,17.497209255096617,18.882894876749535,28.505685395490993,26.087156493839863,3.69,1.0,-1.07,1.78
RTX,2025-09-22,158.07000732421875,159.8000030517578,157.6699981689453,159.42999267578125,3296700,16.673070637352243,17.4725327983756,18.883349805460167,28.512023020167987,26.085037432458908,3.93,2.0,-1.06,1.78
RTX,2025-09-23,159.75,161.39999389648438,158.9499969482422,160.5399932861328,3287100,16.750674386308347,17.327799926572727,18.8963724354521,28.518257968383704,26.08578116532228,4.15,3.0,-1.05,1.76
RTX,2025-09-24,161.14999389648438,163.02999877929688,160.6999969482422,161.3800048828125,4269800,16.764513019475906,17.27146346660802,18.86233268343222,28.518582386878606,26.079450791591817,4.36,1.0,-1.03,1.81
RTX,2025-09-25,162.13999938964844,162.3000030517578,159.69000244140625,160.50999450683594,3917700,16.879637235729742,17.07775715244618,18.64704686015983,28.457631343711938,26.035497668884332,4.55,1.0,-0.98,2.02
RTX,2025-09-26,162.0,165.35000610351562,161.69000244140625,163.35000610351562,3244435,17.450684923410755,17.377452804558715,18.654127098017607,28.51306457685793,26.084584813353683,4.73,2.0,-0.95,1.95
