Ticker,Date,Open,High,Low,Close,Volume,Realised_Vol_Close_30,Realised_Vol_Close_60,Realised_Vol_Close_100,Realised_Vol_Close_180,Realised_Vol_Close_252,Vol_of_Vol_100d,Vol_of_Vol_100d_Percentile,Kurtosis_Close_100d,Kurtosis_Returns_100d
RNG,2013-09-27,17.25,19.399999618530273,17.100000381469727,18.200000762939453,8127600,,,,,,,,,
RNG,2013-09-30,17.979999542236328,18.440000534057617,17.56999969482422,18.020000457763672,774900,,,,,,,,,
RNG,2013-10-01,18.290000915527344,18.290000915527344,16.700000762939453,17.079999923706055,610500,,,,,,,,,
RNG,2013-10-02,17.190000534057617,17.280000686645508,16.299999237060547,17.0,840800,,,,,,,,,
RNG,2013-10-03,16.81999969482422,17.540000915527344,16.520000457763672,16.90999984741211,145600,,,,,,,,,
RNG,2013-10-04,17.15999984741211,17.75,16.899999618530273,17.690000534057617,215900,,,,,,,,,
RNG,2013-10-07,17.829999923706055,18.3700008392334,17.809999465942383,18.299999237060547,131400,,,,,,,,,
RNG,2013-10-08,18.399999618530273,18.420000076293945,17.100000381469727,17.110000610351562,202900,,,,,,,,,
RNG,2013-10-09,17.649999618530273,17.649999618530273,16.110000610351562,16.510000228881836,219500,,,,,,,,,
RNG,2013-10-10,16.829999923706055,17.200000762939453,16.649999618530273,16.899999618530273,129100,,,,,,,,,
RNG,2013-10-11,16.639999389648438,17.18000030517578,16.530000686645508,16.979999542236328,113700,,,,,,,,,
RNG,2013-10-14,17.079999923706055,17.739999771118164,16.719999313354492,17.459999084472656,81900,,,,,,,,,
RNG,2013-10-15,17.989999771118164,18.010000228881836,17.600000381469727,17.899999618530273,161400,,,,,,,,,
RNG,2013-10-16,18.1200008392334,18.25,17.5,17.719999313354492,72400,,,,,,,,,
RNG,2013-10-17,17.950000762939453,17.950000762939453,17.40999984741211,17.59000015258789,49300,,,,,,,,,
RNG,2013-10-18,17.459999084472656,18.540000915527344,17.459999084472656,18.540000915527344,105000,,,,,,,,,
RNG,2013-10-21,18.25,19.049999237060547,18.100000381469727,19.0,97000,,,,,,,,,
RNG,2013-10-22,19.3700008392334,19.3700008392334,18.389999389648438,18.600000381469727,203300,,,,,,,,,
RNG,2013-10-23,18.760000228881836,18.760000228881836,18.200000762939453,18.40999984741211,102300,,,,,,,,,
RNG,2013-10-24,18.260000228881836,19.200000762939453,17.93000030517578,18.8700008392334,86300,,,,,,,,,
RNG,2013-10-25,19.0,19.0,18.530000686645508,18.549999237060547,56500,,,,,,,,,
RNG,2013-10-28,18.520000457763672,18.979999542236328,18.43000030517578,18.889999389648438,147700,,,,,,,,,
RNG,2013-10-29,18.90999984741211,18.90999984741211,18.520000457763672,18.639999389648438,101100,,,,,,,,,
RNG,2013-10-30,18.75,18.75,18.40999984741211,18.600000381469727,53400,,,,,,,,,
RNG,2013-10-31,18.479999542236328,19.3700008392334,18.25,19.260000228881836,131900,,,,,,,,,
RNG,2013-11-01,18.969999313354492,19.290000915527344,18.6299991607666,18.829999923706055,80000,,,,,,,,,
RNG,2013-11-04,19.030000686645508,19.030000686645508,18.6299991607666,18.719999313354492,60000,,,,,,,,,
RNG,2013-11-05,18.690000534057617,19.34000015258789,18.579999923706055,19.100000381469727,172800,,,,,,,,,
RNG,2013-11-06,19.25,19.799999237060547,18.3700008392334,18.709999084472656,152800,,,,,,,,,
RNG,2013-11-07,18.729999542236328,18.84000015258789,17.6200008392334,18.040000915527344,95200,,,,,,,,,
RNG,2013-11-08,17.889999389648438,17.950000762939453,16.639999389648438,17.510000228881836,331800,45.87185841928532,,,,,,,,
RNG,2013-11-11,17.600000381469727,17.600000381469727,17.149999618530273,17.520000457763672,85400,45.80070336500632,,,,,,,,
RNG,2013-11-12,17.68000030517578,17.68000030517578,17.1200008392334,17.290000915527344,37100,43.18947890025176,,,,,,,,
RNG,2013-11-13,17.299999237060547,17.530000686645508,16.8700008392334,16.979999542236328,56400,43.50043603659054,,,,,,,,
RNG,2013-11-14,16.979999542236328,17.200000762939453,16.6299991607666,16.639999389648438,124000,43.87076833883564,,,,,,,,
RNG,2013-11-15,16.81999969482422,16.81999969482422,16.34000015258789,16.469999313354492,153300,41.750001418583906,,,,,,,,
RNG,2013-11-18,16.40999984741211,16.649999618530273,16.0,16.43000030517578,124200,40.309314159595296,,,,,,,,
RNG,2013-11-19,16.3799991607666,16.600000381469727,16.270000457763672,16.350000381469727,190800,35.520886064823024,,,,,,,,
RNG,2013-11-20,16.479999542236328,17.110000610351562,16.270000457763672,16.56999969482422,90100,34.24133920497527,,,,,,,,
RNG,2013-11-21,16.579999923706055,16.719999313354492,16.459999084472656,16.469999313354492,76500,33.56188890130945,,,,,,,,
RNG,2013-11-22,16.5,16.600000381469727,16.299999237060547,16.459999084472656,66900,33.52038714771566,,,,,,,,
RNG,2013-11-25,16.489999771118164,16.489999771118164,16.020000457763672,16.100000381469727,3800,32.89891001037549,,,,,,,,
RNG,2013-11-26,16.1200008392334,16.239999771118164,15.75,15.9399995803833,160800,31.89472786886395,,,,,,,,
RNG,2013-11-27,16.0,16.0,15.829999923706055,15.970000267028809,77300,31.880113784450042,,,,,,,,
RNG,2013-11-29,16.059999465942383,16.059999465942383,15.850000381469727,15.869999885559082,23700,31.870161465891766,,,,,,,,
RNG,2013-12-02,15.819999694824219,15.90999984741211,15.75,15.829999923706055,89800,27.09570052954679,,,,,,,,
RNG,2013-12-03,15.800000190734863,16.5,15.75,16.139999389648438,175100,26.644081741825065,,,,,,,,
RNG,2013-12-04,16.09000015258789,16.43000030517578,15.859999656677246,15.859999656677246,104800,26.470894554369984,,,,,,,,
RNG,2013-12-05,15.90999984741211,17.06999969482422,15.75,16.850000381469727,290400,32.57289826824151,,,,,,,,
RNG,2013-12-06,17.0,17.270000457763672,16.68000030517578,17.040000915527344,94600,31.805029749376946,,,,,,,,
RNG,2013-12-09,17.190000534057617,17.540000915527344,16.90999984741211,17.270000457763672,74600,31.891911239055958,,,,,,,,
RNG,2013-12-10,17.309999465942383,17.5,17.020000457763672,17.15999984741211,130600,31.30590525653724,,,,,,,,
RNG,2013-12-11,17.1200008392334,17.350000381469727,16.959999084472656,17.280000686645508,152600,31.288239829295073,,,,,,,,
RNG,2013-12-12,17.280000686645508,17.34000015258789,17.200000762939453,17.290000915527344,113000,31.301073838998754,,,,,,,,
RNG,2013-12-13,17.290000915527344,17.440000534057617,17.219999313354492,17.43000030517578,112800,29.433572111631996,,,,,,,,
RNG,2013-12-16,17.450000762939453,17.600000381469727,17.290000915527344,17.31999969482422,197200,28.881649174952116,,,,,,,,
RNG,2013-12-17,17.43000030517578,17.43000030517578,16.700000762939453,17.270000457763672,272100,28.86701790487402,,,,,,,,
RNG,2013-12-18,17.209999084472656,17.8700008392334,17.06999969482422,17.780000686645508,203700,29.593675145542857,,,,,,,,
RNG,2013-12-19,17.600000381469727,17.899999618530273,17.600000381469727,17.780000686645508,137500,29.088275947464393,,,,,,,,
RNG,2013-12-20,17.780000686645508,17.829999923706055,17.1200008392334,17.6299991607666,1051200,27.254500945233566,,,,,,,,
RNG,2013-12-23,17.530000686645508,18.350000381469727,17.510000228881836,18.25,153300,27.67517263820944,37.620590213275726,,,,,,,
RNG,2013-12-24,18.209999084472656,18.420000076293945,17.829999923706055,18.18000030517578,46000,27.715919236376795,37.57219431809118,,,,,,,
RNG,2013-12-26,18.18000030517578,18.40999984741211,17.700000762939453,18.030000686645508,104000,27.5288162033949,35.916300226961965,,,,,,,
RNG,2013-12-27,18.0,18.520000457763672,17.65999984741211,18.420000076293945,109100,27.47874730129642,36.14005687840548,,,,,,,
RNG,2013-12-30,18.510000228881836,18.530000686645508,18.149999618530273,18.309999465942383,88500,26.745972712787804,36.14567870537551,,,,,,,
RNG,2013-12-31,18.399999618530273,18.56999969482422,18.200000762939453,18.3700008392334,57500,26.4401367055974,34.98004654371798,,,,,,,
RNG,2014-01-02,18.270000457763672,18.270000457763672,17.610000610351562,17.84000015258789,195900,28.070179200698647,34.809095086595654,,,,,,,
RNG,2014-01-03,17.729999542236328,18.0,17.520000457763672,17.979999542236328,67600,28.01161941181192,31.935805671731917,,,,,,,
RNG,2014-01-06,18.0,18.0,17.25,17.450000762939453,150200,29.416357732130987,31.674508998628458,,,,,,,
RNG,2014-01-07,17.450000762939453,18.15999984741211,17.260000228881836,18.1200008392334,231000,31.094087460468057,32.238910070409055,,,,,,,
RNG,2014-01-08,18.18000030517578,18.959999084472656,17.770000457763672,18.940000534057617,177900,33.26239961392069,33.42196589657222,,,,,,,
RNG,2014-01-09,18.940000534057617,19.0,18.149999618530273,18.799999237060547,157800,32.49774983378776,33.02711857620395,,,,,,,
RNG,2014-01-10,18.739999771118164,18.899999618530273,18.31999969482422,18.84000015258789,122000,32.19508871637464,32.65814410430894,,,,,,,
RNG,2014-01-13,18.8799991607666,19.0,18.34000015258789,18.420000076293945,80500,33.201033987211154,32.93474832043638,,,,,,,
RNG,2014-01-14,18.56999969482422,18.940000534057617,18.280000686645508,18.729999542236328,119700,33.20486063637413,33.05359517090316,,,,,,,
RNG,2014-01-15,18.670000076293945,19.25,18.670000076293945,19.219999313354492,185300,33.621769523165604,31.6975635888087,,,,,,,
RNG,2014-01-16,19.25,19.729999542236328,18.649999618530273,19.030000686645508,149500,33.71637081729198,31.37224305818025,,,,,,,
RNG,2014-01-17,18.950000762939453,19.25,18.479999542236328,18.65999984741211,145700,33.848240580243846,31.326367033060272,,,,,,,
RNG,2014-01-21,18.75,19.020000457763672,18.3799991607666,18.899999618530273,168400,29.659472750244,31.35809885414607,,,,,,,
RNG,2014-01-22,18.969999313354492,19.3700008392334,18.850000381469727,19.190000534057617,188600,29.768964028146357,31.104812973872786,,,,,,,
RNG,2014-01-23,19.139999389648438,19.5,18.68000030517578,19.030000686645508,236000,29.837579120915137,30.94746369120161,,,,,,,
RNG,2014-01-24,18.93000030517578,18.93000030517578,17.450000762939453,18.040000915527344,361200,33.982235597561264,32.62699886374182,,,,,,,
RNG,2014-01-27,18.06999969482422,18.190000534057617,17.5,17.920000076293945,99000,34.02729128353867,32.546069976388196,,,,,,,
RNG,2014-01-28,17.8700008392334,18.6200008392334,17.860000610351562,18.3799991607666,102100,34.73694407599634,32.977138083102005,,,,,,,
RNG,2014-01-29,18.260000228881836,18.350000381469727,17.780000686645508,18.010000228881836,149700,35.27976432654434,32.40555336892117,,,,,,,
RNG,2014-01-30,18.049999237060547,18.829999923706055,18.030000686645508,18.520000457763672,137100,36.04222599991211,32.629109113619606,,,,,,,
RNG,2014-01-31,18.219999313354492,18.43000030517578,18.030000686645508,18.25,271700,36.3487609595877,32.743560618401865,,,,,,,
RNG,2014-02-03,18.15999984741211,18.290000915527344,17.43000030517578,17.809999465942383,92700,36.16908087098694,32.82240688815904,,,,,,,
RNG,2014-02-04,17.700000762939453,18.18000030517578,17.530000686645508,17.790000915527344,116400,36.17069829519857,32.570799862817864,,,,,,,
RNG,2014-02-05,17.65999984741211,18.399999618530273,17.389999389648438,17.639999389648438,160400,36.1706007588823,31.758034290714182,,,,,,,
RNG,2014-02-06,17.639999389648438,18.209999084472656,17.420000076293945,18.1200008392334,191300,35.59481698660141,31.637042063021475,,,,,,,
RNG,2014-02-07,17.75,20.5,17.75,20.260000228881836,435500,48.111828199342554,38.973803585354894,,,,,,,
RNG,2014-02-10,20.260000228881836,21.389999389648438,20.209999084472656,21.110000610351562,344300,49.16811968452889,39.627089527637196,,,,,,,
RNG,2014-02-11,21.239999771118164,21.59000015258789,20.489999771118164,20.8799991607666,195700,49.13925389769201,39.489073438065745,,,,,,,
RNG,2014-02-12,20.979999542236328,21.5,20.510000228881836,21.350000381469727,185000,49.31308566943409,39.360959231287254,,,,,,,
RNG,2014-02-13,21.290000915527344,22.3799991607666,21.229999542236328,21.899999618530273,361300,49.65804872873665,39.48209412408037,,,,,,,
RNG,2014-02-14,21.920000076293945,21.920000076293945,20.709999084472656,21.739999771118164,155300,48.707078331101854,39.53291102430357,,,,,,,
RNG,2014-02-18,21.790000915527344,22.40999984741211,21.469999313354492,22.290000915527344,119200,48.99791287908506,39.69826706534023,,,,,,,
RNG,2014-02-19,22.170000076293945,22.260000228881836,21.760000228881836,21.8799991607666,77100,48.35747734520448,39.955057197630936,,,,,,,
RNG,2014-02-20,21.969999313354492,23.520000457763672,21.6299991607666,22.799999237060547,148600,48.55789223024467,40.58341465243287,,,,,,1.68,
RNG,2014-02-21,22.950000762939453,22.950000762939453,22.360000610351562,22.559999465942383,106200,47.55685705370402,40.6980150009956,40.83274923216792,,,,,1.55,2.5
RNG,2014-02-24,22.65999984741211,22.65999984741211,21.75,21.90999984741211,96600,48.496059819763715,40.92807565055955,41.09220848534198,,,,,1.27,2.41
RNG,2014-02-25,21.969999313354492,22.149999618530273,21.5,21.860000610351562,45000,48.53641465968629,40.83684901663432,40.123184762730446,,,,,1.02,2.65
RNG,2014-02-26,21.950000762939453,22.190000534057617,21.350000381469727,22.1200008392334,48200,47.86167435945713,40.852501800543365,40.133813117771474,,,,,0.82,2.62
RNG,2014-02-27,22.049999237060547,23.649999618530273,21.899999618530273,23.520000457763672,145000,50.404767351030976,42.3493330018379,41.18012855838248,,,,,0.91,2.26
RNG,2014-02-28,23.579999923706055,23.610000610351562,21.3799991607666,21.649999618530273,235100,56.46458558826457,46.116598953884065,42.84938662301956,,,,,0.68,2.55
RNG,2014-03-03,21.43000030517578,22.229999542236328,20.149999618530273,22.079999923706055,168700,56.48299783238224,46.120217273698714,42.638860663697926,,,,,0.47,2.66
RNG,2014-03-04,22.18000030517578,22.290000915527344,20.969999313354492,21.68000030517578,155700,56.43317066060667,46.136940329131214,41.306318661209325,,,,,0.29,2.87
RNG,2014-03-05,21.850000381469727,23.40999984741211,21.850000381469727,22.049999237060547,381400,56.49553316777415,44.747210312579114,40.914780187297275,,,,,0.14,3.0
RNG,2014-03-06,21.850000381469727,23.049999237060547,21.5,21.850000381469727,3400000,56.55819666513256,44.81046203761325,40.82609998476172,,,,,-0.0,3.08
RNG,2014-03-07,21.940000534057617,22.290000915527344,21.5,21.530000686645508,438700,56.71272675431482,44.93329505959608,40.916914738356965,,,,,-0.13,3.04
RNG,2014-03-10,21.510000228881836,22.219999313354492,21.5,22.110000610351562,191100,54.35037048974348,45.12554693795264,40.896901183929856,,,,,-0.26,3.06
RNG,2014-03-11,22.1200008392334,22.1299991607666,21.190000534057617,21.290000915527344,526900,55.750097475399684,45.93441477242322,41.227174701038315,,,,,-0.38,2.98
RNG,2014-03-12,21.0,21.309999465942383,20.450000762939453,20.899999618530273,323000,55.858270999210866,46.15151365520156,41.30983994612943,,,,,-0.46,2.94
RNG,2014-03-13,21.059999465942383,21.059999465942383,19.799999237060547,20.489999771118164,416300,55.8384164171931,46.37803793177053,41.426089110581216,,,,,-0.52,2.9
RNG,2014-03-14,20.270000457763672,20.8700008392334,20.139999389648438,20.600000381469727,233800,55.390020321674236,46.342710477675965,40.614359508765645,,,,,-0.58,3.27
RNG,2014-03-17,21.75,21.75,21.010000228881836,21.1299991607666,130600,55.46180388263783,46.55422267584194,40.6277520389544,,,,,-0.66,3.26
RNG,2014-03-18,20.34000015258789,21.799999237060547,20.34000015258789,21.790000915527344,184700,55.234251425363304,46.59450261593809,40.73900809676846,,,,,-0.74,3.15
RNG,2014-03-19,21.90999984741211,22.100000381469727,21.190000534057617,21.829999923706055,200500,55.204385670496,46.59031986737503,40.69467297953419,,,,,-0.83,3.16
RNG,2014-03-20,21.729999542236328,21.790000915527344,21.219999313354492,21.56999969482422,148700,55.29827545023559,46.63411176087267,40.58380279948462,,,,,-0.9,3.26
RNG,2014-03-21,21.780000686645508,21.920000076293945,21.260000228881836,21.479999542236328,175100,55.04680466019689,46.20087238107253,40.486064674755376,,,,,-0.97,3.31
RNG,2014-03-24,21.489999771118164,21.489999771118164,19.940000534057617,21.09000015258789,320600,45.33859833717257,46.383620165288335,40.517348466663385,,,,,-1.02,3.33
RNG,2014-03-25,21.229999542236328,21.829999923706055,20.770000457763672,20.90999984741211,314900,43.81329498102564,46.38649550104257,40.48129574396798,,,,,-1.06,3.35
RNG,2014-03-26,21.09000015258789,21.18000030517578,18.860000610351562,19.030000686645508,540400,51.53418764802956,50.26052600516163,43.21773526124206,,,,,-1.07,3.45
RNG,2014-03-27,19.229999542236328,19.809999465942383,17.8799991607666,17.90999984741211,663400,53.553306813926724,51.78945455252849,43.92343990506456,,,,,-1.06,3.28
RNG,2014-03-28,17.93000030517578,18.3700008392334,17.540000915527344,17.90999984741211,419800,52.76342377421064,51.78397372041768,43.78352473742988,,,,,-1.07,3.35
RNG,2014-03-31,18.079999923706055,18.5,17.799999237060547,18.100000381469727,446300,52.999020023136445,51.47851931542782,43.8099059596454,,,,,-1.07,3.33
RNG,2014-04-01,18.260000228881836,18.8700008392334,17.950000762939453,18.40999984741211,292800,52.640608823955844,51.570312746079175,43.77571359130097,,,,,-1.06,3.35
RNG,2014-04-02,18.520000457763672,18.610000610351562,17.989999771118164,18.40999984741211,191200,52.541918855588364,51.18218809314439,43.65498311537836,,,,,-1.06,3.41
RNG,2014-04-03,18.3799991607666,18.540000915527344,17.860000610351562,18.0,236800,50.81171234997102,50.81989238672556,43.415262252348455,,,,,-1.06,3.53
RNG,2014-04-04,18.25,18.299999237060547,17.200000762939453,17.530000686645508,326900,51.092644730946105,50.246019212298755,43.35978180837049,,,,,-1.06,3.55
RNG,2014-04-07,17.329999923706055,17.329999923706055,15.789999961853027,16.440000534057617,717400,53.28856098269801,51.86314375005329,44.54138173219274,,,,,-1.07,3.17
RNG,2014-04-08,17.0,17.399999618530273,16.309999465942383,16.8799991607666,340700,54.26969329580593,52.18818463593422,44.700451577477125,,,,,-1.08,3.09
RNG,2014-04-09,16.969999313354492,18.25,16.530000686645508,17.790000915527344,473000,56.82219431804898,53.1731283511145,45.38248929295201,,,,,-1.07,2.84
RNG,2014-04-10,17.75,17.75,16.149999618530273,16.219999313354492,448600,58.14409425491516,56.26905737278274,47.611214879743464,,,,,-1.07,2.73
RNG,2014-04-11,16.030000686645508,16.270000457763672,15.420000076293945,15.649999618530273,429300,54.68503962350722,56.36544839165462,47.91891557996627,,,,,-1.06,2.6
RNG,2014-04-14,15.859999656677246,16.020000457763672,15.020000457763672,15.770000457763672,361100,54.21144502744269,56.39380747079951,47.93530197016813,,,,,-1.06,2.59
RNG,2014-04-15,15.8100004196167,16.09000015258789,14.949999809265137,16.049999237060547,430800,54.799475772153215,56.44465604326536,48.01470143885346,,,,,-1.06,2.56
RNG,2014-04-16,16.219999313354492,16.8799991607666,16.0,16.520000457763672,306200,55.41548061493621,56.72628611925224,48.18873963144536,,,,,-1.06,2.5
RNG,2014-04-17,16.489999771118164,16.649999618530273,16.020000457763672,16.360000610351562,224000,55.415273254559125,56.62850089246548,48.20398178305215,,,,,-1.06,2.49
RNG,2014-04-21,16.420000076293945,16.600000381469727,16.0,16.209999084472656,154000,55.39415544409139,56.63237472925431,48.22578092129499,,,,,-1.06,2.48
RNG,2014-04-22,16.09000015258789,16.8799991607666,15.770000457763672,16.670000076293945,283200,55.47472521338403,55.96991567421142,48.30073433433783,,,,,-1.06,2.46
RNG,2014-04-23,16.68000030517578,16.709999084472656,16.1299991607666,16.219999313354492,170100,55.09221864153706,56.21462014563136,48.47386024253417,,,,,-1.06,2.38
RNG,2014-04-24,16.479999542236328,16.489999771118164,15.510000228881836,15.649999618530273,144500,55.57478182055633,56.35578815269151,48.807524288816836,,,,,-1.05,2.25
RNG,2014-04-25,15.430000305175781,15.430000305175781,13.890000343322754,14.59000015258789,621800,58.225531477965745,57.924426899110074,50.04679185681717,,,,,-0.99,1.97
RNG,2014-04-28,14.75,15.100000381469727,14.0600004196167,14.109999656677246,418800,58.346013190462045,57.8675082594425,50.313390646950886,,,,,-0.89,1.87
RNG,2014-04-29,14.260000228881836,14.729999542236328,14.010000228881836,14.520000457763672,615700,58.53673999297791,58.22301739204286,50.43081511725225,,,,,-0.84,1.84
RNG,2014-04-30,15.0,15.710000038146973,12.899999618530273,15.15999984741211,2166000,59.434567922225334,58.84456627149067,50.84445158473543,,,,,-0.84,1.73
RNG,2014-05-01,15.069999694824219,16.690000534057617,15.069999694824219,16.219999313354492,1664300,63.676969394121286,60.581530236642124,51.07102942465489,,,,,-0.85,1.72
RNG,2014-05-02,16.059999465942383,16.329999923706055,15.569999694824219,16.139999389648438,878000,63.689654315235,60.56862367994735,51.042061733223996,,,,,-0.86,1.73
RNG,2014-05-05,15.579999923706055,16.729999542236328,15.520000457763672,16.0,748000,63.66927828930009,60.29605980218034,51.0089481211764,,,,,-0.88,1.74
RNG,2014-05-06,15.960000038146973,16.239999771118164,15.369999885559082,15.609999656677246,559400,63.769586615560094,55.60563254390489,51.142721055225906,,,,,-0.9,1.69
RNG,2014-05-07,15.59000015258789,15.84000015258789,14.720000267028809,15.069999694824219,1097800,64.18254458366226,55.13901943898964,51.4140627870866,,,,,-0.91,1.59
RNG,2014-05-08,15.039999961853027,15.199999809265137,13.979999542236328,14.010000228881836,799800,62.04380498591853,56.83232896301645,52.65268034256585,,,,,-0.88,1.38
RNG,2014-05-09,14.010000228881836,14.149999618530273,13.380000114440918,13.430000305175781,540600,60.96454634867954,56.96904399564786,53.01052602578328,,,,,-0.81,1.28
RNG,2014-05-12,13.460000038146973,14.079999923706055,13.399999618530273,13.789999961853027,418000,61.80265445531946,56.994724427394985,53.20699910296807,,,,,-0.8,1.22
RNG,2014-05-13,13.680000305175781,14.0,12.869999885559082,13.0,859100,63.19008935580018,57.955435957662196,53.96342577914651,,,,,-0.74,1.06
RNG,2014-05-14,12.989999771118164,12.989999771118164,12.40999984741211,12.5,547800,63.124402587284415,57.86134317548514,54.02387975605729,,,,,-0.65,1.04
RNG,2014-05-15,12.430000305175781,12.6899995803833,11.989999771118164,12.520000457763672,646200,63.154499005525345,57.87606037670946,54.02712998581003,,,,,-0.62,1.04
RNG,2014-05-16,12.489999771118164,12.6899995803833,12.130000114440918,12.300000190734863,426000,63.10597810377971,56.93249091641056,54.06874436380935,,,,,-0.59,1.03
RNG,2014-05-19,12.34000015258789,13.180000305175781,12.180000305175781,12.539999961853027,524700,63.63098197091449,57.254838266371635,53.848623644417145,,,,,-0.61,1.08
RNG,2014-05-20,12.510000228881836,12.609999656677246,12.25,12.579999923706055,414500,61.71935608544307,57.16993724400926,53.8598779825286,,,,,-0.65,1.07
RNG,2014-05-21,12.579999923706055,12.90999984741211,12.4399995803833,12.510000228881836,449200,60.81779876908939,57.156783149829884,53.85570510889662,,,,,-0.69,1.07
RNG,2014-05-22,12.510000228881836,12.75,12.199999809265137,12.210000038146973,639200,57.966300385295355,57.06558332517565,53.80285769065559,,,,,-0.72,1.09
RNG,2014-05-23,12.25,12.449999809265137,12.0600004196167,12.229999542236328,743400,52.89583898403676,55.16032646220588,53.80970228911035,,,,,-0.76,1.08
RNG,2014-05-27,12.380000114440918,12.880000114440918,12.170000076293945,12.59000015258789,521800,53.4201058964326,53.672142501394546,54.053255782968904,,,,,-0.82,1.02
RNG,2014-05-28,12.369999885559082,12.529999732971191,12.029999732971191,12.390000343322754,386600,53.286854227880376,53.35434970130619,53.93488045839534,,,,,-0.87,1.06
RNG,2014-05-29,12.479999542236328,12.619999885559082,12.210000038146973,12.539999961853027,263500,53.078152663970016,53.505886491675255,53.96184028575986,,,,,-0.93,1.05
RNG,2014-05-30,12.479999542236328,12.479999542236328,11.8100004196167,12.170000076293945,444200,52.23737221543541,53.3934663521967,53.962204312605735,,,,,-0.97,1.05
RNG,2014-06-02,12.170000076293945,12.170000076293945,11.329999923706055,11.9399995803833,610100,52.30052273812753,53.426205815390496,53.608021999344246,,,,,-1.01,1.13
RNG,2014-06-03,11.789999961853027,12.050000190734863,11.600000381469727,11.720000267028809,354500,52.351175155811546,53.446395551408976,53.08866628098541,,,,,-1.04,1.24
RNG,2014-06-04,11.600000381469727,12.550000190734863,11.460000038146973,12.15999984741211,889200,52.98186450942658,53.78819378239974,53.49672623433661,,,,,-1.09,1.14
RNG,2014-06-05,11.890000343322754,12.1899995803833,11.34000015258789,12.130000114440918,1183600,52.784789529431364,53.49397161089655,53.487524724798305,,,,,-1.13,1.14
RNG,2014-06-06,12.199999809265137,12.970000267028809,12.020000457763672,12.739999771118164,932800,54.82859259662858,54.77850787370792,54.07403947407987,,,,,-1.18,1.03
RNG,2014-06-09,12.359999656677246,12.800000190734863,12.279999732971191,12.710000038146973,951200,51.44604739944286,54.73793204789158,53.97578859459629,,,,,-1.22,1.06
RNG,2014-06-10,12.6899995803833,13.180000305175781,12.630000114440918,13.079999923706055,844200,51.57015979675973,55.187573291043066,54.01790181297421,,,,,-1.26,1.05
RNG,2014-06-11,13.010000228881836,13.569999694824219,12.859999656677246,13.289999961853027,585400,51.031172208003206,54.97954733727145,54.099684583760386,,,,,-1.29,1.03
RNG,2014-06-12,13.279999732971191,13.880000114440918,13.050000190734863,13.479999542236328,547700,49.42424938804976,54.58774703422841,54.110845203610225,,,,,-1.31,1.03
RNG,2014-06-13,13.510000228881836,13.510000228881836,13.079999923706055,13.300000190734863,279600,44.58019733058947,54.559926132101445,54.07319369080075,,,,,-1.34,1.03
RNG,2014-06-16,13.239999771118164,13.770000457763672,13.170000076293945,13.539999961853027,529300,45.142024244488574,54.81560017693096,54.09827173503893,,,,,-1.36,1.03
RNG,2014-06-17,13.5,14.600000381469727,13.489999771118164,14.5,721000,50.00252666528036,56.99864277815196,55.284924992816784,47.742341460291975,,,,-1.37,0.88
RNG,2014-06-18,14.430000305175781,14.529999732971191,14.020000457763672,14.430000305175781,394900,49.593796233221724,56.94664240614629,54.68536513947022,47.73310526795935,,,,-1.38,1.01
RNG,2014-06-19,14.479999542236328,14.600000381469727,14.229999542236328,14.539999961853027,484900,48.69328110515478,57.015728381676155,54.70277259791343,47.33589902928518,,,,-1.39,1.0
RNG,2014-06-20,14.600000381469727,14.75,14.220000267028809,14.65999984741211,938000,43.7312107900515,54.037929566278905,54.55147867313392,47.345963827066846,,,,-1.4,1.04
RNG,2014-06-23,14.630000114440918,14.729999542236328,14.130000114440918,14.5,527700,41.91039528416616,52.77108822060009,54.4927342929862,47.35826519373313,,,,-1.41,1.06
RNG,2014-06-24,14.420000076293945,14.75,14.279999732971191,14.569999694824219,386900,41.30307420341546,52.79403433475935,54.291012499318825,47.04687102016569,,,,-1.41,1.11
RNG,2014-06-25,14.420000076293945,14.869999885559082,14.350000381469727,14.8100004196167,261900,37.23252904259661,52.872781258485404,54.33564529228906,46.90872580278051,,,,-1.41,1.1
RNG,2014-06-26,14.850000381469727,15.0,14.65999984741211,14.989999771118164,336900,34.912887939235816,52.80179733270592,54.26285151137588,46.27061479571168,,,,-1.41,1.13
RNG,2014-06-27,14.90999984741211,15.329999923706055,14.8100004196167,15.050000190734863,1830600,34.89321296583121,52.819209020813375,54.27037499909731,46.08636616303953,,,,-1.41,1.13
RNG,2014-06-30,15.039999961853027,15.319999694824219,14.529999732971191,15.130000114440918,404600,34.15519340726,52.695686133132405,54.270508923309436,46.00421721816374,,,,-1.41,1.13
RNG,2014-07-01,15.109999656677246,15.779999732971191,15.079999923706055,15.5600004196167,621200,34.52123608860713,52.83785874346354,54.286492148610755,46.12473376010232,,,,-1.41,1.13
RNG,2014-07-02,15.619999885559082,15.75,15.130000114440918,15.319999694824219,475700,35.13156831222054,51.30993422293948,51.2053459548491,46.034900748467166,,,,-1.38,0.58
RNG,2014-07-03,15.4399995803833,15.569999694824219,15.329999923706055,15.470000267028809,226600,34.9513776885908,51.04014564825855,50.76118345881186,45.951067163355056,,,,-1.34,0.65
RNG,2014-07-07,15.4399995803833,15.539999961853027,14.869999885559082,14.90999984741211,297100,36.10499468061471,50.28536499921461,51.02915514961305,46.13603971317593,,,,-1.29,0.57
RNG,2014-07-08,14.869999885559082,14.949999809265137,14.1899995803833,14.510000228881836,571900,37.39730108634764,46.99972570679987,51.00083075191011,46.234354746134684,,,,-1.25,0.55
RNG,2014-07-09,14.510000228881836,14.989999771118164,14.420000076293945,14.829999923706055,461300,37.06413471383483,46.705568558677655,50.95110164676315,45.87333123886438,,,,-1.19,0.56
RNG,2014-07-10,14.279999732971191,14.930000305175781,14.1899995803833,14.5,265500,37.436719194278936,46.87847357879738,51.03397959842023,45.8390750860376,,,,-1.13,0.53
RNG,2014-07-11,14.4399995803833,14.829999923706055,14.4399995803833,14.75,279200,37.54507445576501,46.86984646504509,50.93499423354623,45.83086682111638,,,,-1.07,0.55
RNG,2014-07-14,14.890000343322754,15.119999885559082,14.8100004196167,15.09000015258789,280300,36.32036856787308,46.718583719347336,51.05954805515053,45.90652916751399,,,,-1.0,0.54
RNG,2014-07-15,15.0600004196167,15.069999694824219,14.75,14.869999885559082,370500,36.065898966942896,46.76683672514553,50.57690403670417,45.831491203926774,,5.32,48.0,-0.93,0.61
RNG,2014-07-16,15.029999732971191,15.029999732971191,14.710000038146973,14.739999771118164,484500,35.561727871920596,46.76392598276385,50.57199374699914,45.80171861406205,,5.26,47.0,-0.86,0.61
RNG,2014-07-17,14.609999656677246,14.819999694824219,13.880000114440918,13.979999542236328,473600,38.54899632814551,47.5131637441173,51.00808070283346,46.14816145607761,,5.2,53.0,-0.78,0.52
RNG,2014-07-18,13.979999542236328,14.220000267028809,13.600000381469727,13.65999984741211,630900,39.33907612195506,47.42845793125767,51.092611903998986,46.19774935468671,,5.13,59.0,-0.69,0.49
RNG,2014-07-21,13.579999923706055,14.050000190734863,13.4399995803833,13.489999771118164,389300,37.19401882050929,46.97655168806374,51.03831640352702,46.2153880143011,,5.05,55.0,-0.6,0.49
RNG,2014-07-22,13.59000015258789,14.109999656677246,13.529999732971191,13.979999542236328,441100,38.42831988232284,45.44754719138876,50.34691632926462,46.22453312915196,,4.99,42.0,-0.59,0.5
RNG,2014-07-23,14.079999923706055,14.170000076293945,13.850000381469727,13.9399995803833,201900,37.68852238174759,44.93580035205075,48.783908777067396,46.158459680636135,,4.95,38.0,-0.48,0.6
RNG,2014-07-24,13.989999771118164,15.130000114440918,13.989999771118164,14.630000114440918,454300,39.82732377903797,45.6501775023551,49.35227809897394,46.53275827952516,,4.9,39.0,-0.37,0.53
RNG,2014-07-25,14.460000038146973,14.550000190734863,13.510000228881836,13.609999656677246,409500,45.266076516099986,47.109575043565435,50.47802437373344,47.211352886731746,,4.83,43.0,-0.25,0.41
RNG,2014-07-28,13.649999618530273,13.649999618530273,12.449999809265137,12.800000190734863,557700,48.54372790152709,46.40465302132771,51.151376515561466,47.68265654477799,,4.76,60.0,-0.16,0.29
RNG,2014-07-29,12.890000343322754,12.9399995803833,12.640000343322754,12.699999809265137,686800,48.23294790764677,46.41111741243004,51.14945440150562,47.51227265610452,,4.68,59.0,-0.05,0.29
RNG,2014-07-30,14.899999618530273,15.800000190734863,14.6899995803833,15.100000381469727,1899100,67.30014407937942,58.89787494451358,58.4489506752596,51.716699251520026,,4.68,100.0,0.1,4.4
RNG,2014-07-31,15.0600004196167,15.489999771118164,14.899999618530273,14.930000305175781,434000,67.3781475522485,58.7315857244837,58.261001698439586,51.7313304251401,,4.66,99.0,0.2,4.52
RNG,2014-08-01,14.850000381469727,14.869999885559082,14.050000190734863,14.430000305175781,610400,68.10891068483095,58.70341152235826,58.208807110705344,51.85992080885398,,4.65,98.0,0.37,4.54
RNG,2014-08-04,14.449999809265137,14.449999809265137,13.420000076293945,13.789999961853027,857600,69.29008734742892,57.51479702178602,58.535847279222494,52.08634396029714,,4.63,100.0,0.56,4.42
RNG,2014-08-05,13.75,15.279999732971191,13.59000015258789,14.65999984741211,2740900,71.59878736278691,58.19085517389967,59.39024921563586,52.55522767155883,,4.63,100.0,0.79,4.03
RNG,2014-08-06,14.65999984741211,14.65999984741211,14.130000114440918,14.479999542236328,747300,71.67894757504503,58.02221157655131,59.39073047427389,52.561149989200636,,4.61,100.0,1.03,4.04
RNG,2014-08-07,14.75,14.75,14.149999618530273,14.25,357300,71.64328994052788,56.7853188069243,59.24094699248783,52.591942998382926,,4.57,98.0,1.27,4.14
RNG,2014-08-08,14.140000343322754,14.239999771118164,13.789999961853027,14.029999732971191,671200,71.64307793823443,56.264720554121325,59.00624270053346,52.61880344907007,,4.52,97.0,1.39,4.29
RNG,2014-08-11,14.170000076293945,14.359999656677246,14.079999923706055,14.319999694824219,352600,71.9252727665859,56.39267835489961,59.13029704953699,52.65246611496519,,4.47,97.0,1.4,4.21
RNG,2014-08-12,14.260000228881836,14.260000228881836,13.979999542236328,14.140000343322754,301400,71.96250959173412,56.32543859726755,59.132624173432646,52.66749455424586,,4.4,97.0,1.34,4.21
RNG,2014-08-13,14.239999771118164,14.319999694824219,13.300000190734863,13.609999656677246,881400,72.10072062755428,56.81552368063567,59.378138252735525,52.85261412517016,,4.33,98.0,1.06,4.13
RNG,2014-08-14,13.630000114440918,13.789999961853027,13.420000076293945,13.649999618530273,266200,72.0528318023051,56.815204710658186,59.348628693429426,52.79518350250246,,4.25,97.0,0.64,4.13
RNG,2014-08-15,13.789999961853027,13.789999961853027,13.300000190734863,13.539999961853027,390400,71.94583742309315,56.83063678718311,59.3478082121108,52.791073267090624,,4.16,96.0,-0.17,4.13
RNG,2014-08-18,13.720000267028809,13.739999771118164,13.390000343322754,13.609999656677246,228200,71.3281890209856,56.584099410242096,57.588051427001616,52.794931251013836,,4.1,87.0,-0.26,4.54
RNG,2014-08-19,13.600000381469727,13.84000015258789,13.539999961853027,13.770000457763672,210700,71.0738259378924,56.62027075774601,56.896561004150534,52.81189798039332,,4.04,86.0,-0.17,4.77
RNG,2014-08-20,13.680000305175781,13.829999923706055,13.369999885559082,13.489999771118164,198400,70.91382886065014,56.520376468452305,56.96582242260524,52.863248409199,,3.97,86.0,-0.09,4.76
RNG,2014-08-21,13.399999618530273,13.5,13.210000038146973,13.3100004196167,330900,70.7473259895794,56.489375403044704,56.94959432497174,52.82861592178391,,3.9,85.0,-0.06,4.79
RNG,2014-08-22,13.220000267028809,13.380000114440918,13.0,13.25,315600,70.49461362400426,56.45554960511989,56.85906092414507,52.79409716672262,,3.82,83.0,-0.15,4.86
RNG,2014-08-25,13.369999885559082,13.640000343322754,13.149999618530273,13.229999542236328,256100,70.05534863236363,56.091079656954165,56.85734236166818,52.283709377557884,,3.73,82.0,-0.35,4.87
RNG,2014-08-26,13.199999809265137,13.479999542236328,12.75,13.449999809265137,414000,70.23950450807244,56.01024318873338,56.85898344952777,52.30528582442165,,3.63,82.0,-0.49,4.82
RNG,2014-08-27,13.130000114440918,13.300000190734863,12.850000381469727,13.079999923706055,400800,70.58563552388442,56.188297079108764,56.87458215741218,52.36988501596714,,3.52,83.0,-0.56,4.82
RNG,2014-08-28,13.0,13.270000457763672,12.960000038146973,13.109999656677246,179700,69.05552808989952,55.71252788429308,56.02442084554888,52.36864878407024,,3.42,79.0,-0.51,5.13
RNG,2014-08-29,13.09000015258789,13.489999771118164,13.079999923706055,13.430000305175781,337100,69.16452718056595,55.902724892574284,55.99568231852417,52.44690870887909,,3.32,78.0,-0.47,5.15
RNG,2014-09-02,13.489999771118164,13.699999809265137,13.15999984741211,13.4399995803833,325800,69.07204368651504,55.024150946487836,55.3050208276473,52.4470004029361,,3.23,77.0,-0.81,5.56
RNG,2014-09-03,13.550000190734863,13.880000114440918,13.079999923706055,13.170000076293945,431800,68.45317222128412,55.19191098313358,53.48656108205753,52.48228187405044,,3.17,42.0,-0.77,6.16
RNG,2014-09-04,13.260000228881836,13.550000190734863,13.010000228881836,13.149999618530273,562200,68.45278714262707,54.88128548218523,53.2130477343762,52.47920785220259,,3.12,41.0,-0.73,6.29
RNG,2014-09-05,13.170000076293945,13.399999618530273,12.770000457763672,13.229999542236328,668600,66.83347376148976,54.79687056046245,53.20657478941189,52.486637318395246,,3.07,39.0,-0.68,6.29
RNG,2014-09-08,13.130000114440918,13.960000038146973,13.130000114440918,13.899999618530273,654300,65.21470530661445,55.65676134863078,53.73792202505937,52.70763889455221,,3.02,45.0,-0.61,5.94
RNG,2014-09-09,13.850000381469727,13.850000381469727,13.279999732971191,13.449999809265137,259900,63.35681551673032,56.007107406660005,53.74600608429335,52.839289913034,,2.97,45.0,-0.6,6.03
RNG,2014-09-10,13.5,13.930000305175781,13.430000305175781,13.8100004196167,340800,63.68781903471651,56.14932537368173,53.92061106572707,52.93609509284577,,2.92,50.0,-0.57,5.86
RNG,2014-09-11,13.65999984741211,14.25,13.609999656677246,14.180000305175781,464400,39.01610045598637,54.60870315608178,54.09083516945606,52.867173868926955,,2.86,62.0,-0.53,5.7
RNG,2014-09-12,14.180000305175781,14.199999809265137,13.380000114440918,13.539999961853027,463500,40.99085245863488,55.404725475519236,54.34822333301583,53.13141574218305,,2.81,71.0,-0.64,5.67
RNG,2014-09-15,13.5,13.569999694824219,13.140000343322754,13.289999961853027,360100,40.2199982824476,55.490428665941515,54.262440861368646,53.16375687017892,,2.75,64.0,-0.67,5.71
RNG,2014-09-16,13.239999771118164,13.460000038146973,13.039999961853027,13.350000381469727,255100,38.17258790631081,55.46786170915786,54.000231389756024,53.09797553589609,,2.7,52.0,-0.62,5.81
RNG,2014-09-17,13.319999694824219,13.600000381469727,13.319999694824219,13.4399995803833,210600,33.42162983949764,55.45812087706749,52.88367119294015,53.10511080439537,,2.68,29.0,-0.59,6.26
RNG,2014-09-18,13.5,13.710000038146973,13.460000038146973,13.609999656677246,264900,33.58894672435044,55.51716743267442,52.66500834477321,53.12879929363861,,2.65,28.0,-0.59,6.33
RNG,2014-09-19,13.710000038146973,14.0,13.229999542236328,13.289999961853027,877900,33.94353766479979,55.58680799323231,52.587699151700875,53.092634622995824,,2.63,26.0,-0.57,6.47
RNG,2014-09-22,13.170000076293945,13.199999809265137,12.34000015258789,12.369999885559082,582000,39.32534651529888,57.31966195392169,53.296996154764074,53.72391731784213,,2.61,34.0,-0.55,6.32
RNG,2014-09-23,12.239999771118164,12.489999771118164,11.9399995803833,12.170000076293945,512400,38.76168473968618,57.36171577135435,52.15925585083434,53.648662212367746,,2.6,24.0,-0.65,7.1
RNG,2014-09-24,12.1899995803833,12.390000343322754,12.050000190734863,12.180000305175781,260200,38.74006277653116,57.33956459694182,52.16145724560132,53.441746181752706,,2.59,24.0,-0.77,7.08
RNG,2014-09-25,12.119999885559082,12.170000076293945,11.550000190734863,11.970000267028809,555300,37.642912781594305,57.02376110166517,52.204615682479684,53.184323967533366,,2.58,24.0,-0.88,7.07
RNG,2014-09-26,12.010000228881836,12.170000076293945,11.529999732971191,12.119999885559082,744600,37.90165000208336,57.07810992246496,52.14310397479265,53.21067829236819,,2.57,21.0,-0.92,7.05
RNG,2014-09-29,11.920000076293945,12.670000076293945,11.880000114440918,12.649999618530273,495700,40.219091005478994,57.81303530891658,52.36872548795374,53.47677747931958,49.338849929033096,2.56,24.0,-0.91,6.78
RNG,2014-09-30,12.619999885559082,12.800000190734863,12.510000228881836,12.710000038146973,451600,40.21246873883875,57.410165356472184,51.11785245737168,53.42814384278044,49.33529916051629,2.58,17.0,-0.93,7.38
RNG,2014-10-01,12.6899995803833,12.779999732971191,12.479999542236328,12.600000381469727,625200,40.03071055265203,57.19728713622458,50.703380824090075,53.387127212118436,49.06202510355836,2.6,7.0,-0.95,7.64
RNG,2014-10-02,12.579999923706055,12.84000015258789,11.970000267028809,12.720000267028809,410200,39.829936091055714,57.03030340059212,50.54387782657942,53.30128126059376,49.072381444731285,2.62,5.0,-0.97,7.8
RNG,2014-10-03,12.90999984741211,13.020000457763672,12.630000114440918,12.65999984741211,243600,39.69169548050336,56.8809273102178,49.68042002393038,53.294332561554555,49.071922392784174,2.66,3.0,-0.98,8.33
RNG,2014-10-06,12.6899995803833,12.720000267028809,11.90999984741211,11.960000038146973,346800,42.79794097643695,57.81830816509594,50.110115207295145,53.646273651790196,49.16658524215944,2.68,4.0,-0.98,8.07
RNG,2014-10-07,11.899999618530273,12.329999923706055,11.699999809265137,11.869999885559082,476800,42.810417749461436,57.562992309119835,50.12169030283305,53.618835618264725,49.041060409769614,2.71,5.0,-0.98,8.07
RNG,2014-10-08,11.880000114440918,12.239999771118164,11.600000381469727,12.100000381469727,514700,42.92757018113964,57.712876666435655,50.14193805531531,53.639420347248254,48.64172552489893,2.74,6.0,-0.98,7.98
RNG,2014-10-09,11.699999809265137,11.739999771118164,10.390000343322754,11.25,1729400,46.93380095116115,59.433665180706775,51.34998363429053,54.276273269937704,49.044958425822685,2.75,27.0,-0.88,7.4
RNG,2014-10-10,11.149999618530273,11.489999771118164,10.649999618530273,10.699999809265137,567500,48.65107275066655,59.338480885395285,51.931171616901075,54.234422510664935,49.22092177293057,2.76,28.0,-0.61,7.08
RNG,2014-10-13,10.699999809265137,10.770000457763672,10.020000457763672,10.170000076293945,535500,49.358236324519325,59.977626512114654,52.51190331487192,54.52816314737737,49.459488171510564,2.76,34.0,-0.14,6.76
RNG,2014-10-14,10.260000228881836,10.670000076293945,10.25,10.510000228881836,379800,50.783247180609436,60.4517352529801,52.68039565725429,54.59088580446395,49.49242354948873,2.76,37.0,0.0,6.56
RNG,2014-10-15,10.350000381469727,11.3100004196167,10.25,11.289999961853027,473000,55.63227112486504,61.89337336388554,53.94170977123729,55.261849918613535,49.96537569016585,2.76,51.0,-0.04,5.81
RNG,2014-10-16,11.09000015258789,11.960000038146973,10.90999984741211,11.670000076293945,592600,56.722118793367905,62.347969631288834,54.00316773507202,55.30550469506005,50.08021729004479,2.76,56.0,-0.11,5.77
RNG,2014-10-17,11.819999694824219,11.84000015258789,11.260000228881836,11.3100004196167,380300,57.18040782228707,61.68341370963001,54.167844886107595,55.39188057047125,50.16493347649968,2.76,63.0,-0.16,5.69
RNG,2014-10-20,11.300000190734863,11.550000190734863,11.199999809265137,11.5,226700,55.21589539542614,60.17123720485321,54.20095405886982,55.378013335749365,49.90203367880816,2.76,63.0,-0.23,5.66
RNG,2014-10-21,11.569999694824219,11.569999694824219,11.069999694824219,11.300000190734863,410100,54.75049481756654,59.008951287413055,54.06712284190757,55.40663553090246,49.85581180723824,2.76,55.0,-0.27,5.73
RNG,2014-10-22,11.3100004196167,11.350000381469727,10.84000015258789,10.949999809265137,273400,54.35908046493259,59.30533134791922,54.20958511904851,55.50809487446493,49.90560705861151,2.76,63.0,-0.27,5.66
RNG,2014-10-23,11.119999885559082,11.779999732971191,11.0,11.5,825000,55.961872313435066,47.98809216926591,54.706730313974596,55.73533943670318,50.15961266574941,2.77,75.0,-0.28,5.3
RNG,2014-10-24,11.5600004196167,11.710000038146973,11.050000190734863,11.25,450900,54.91845832050477,48.10199209527851,54.48944180054177,54.100748465770984,50.12869018861239,2.77,70.0,-0.32,5.5
RNG,2014-10-27,11.109999656677246,11.819999694824219,10.869999885559082,11.770000457763672,483900,56.744897191506574,48.774077141270865,54.97476734387979,54.15007802429462,50.32752706535552,2.77,75.0,-0.34,5.17
RNG,2014-10-28,11.880000114440918,12.399999618530273,11.619999885559082,12.289999961853027,471000,58.339823801852376,48.89733990312122,54.849094429895096,54.42036053643472,50.489564126165035,2.77,74.0,-0.37,5.24
RNG,2014-10-29,12.300000190734863,12.420000076293945,11.819999694824219,12.369999885559082,697200,58.3366065522533,47.135835552355395,54.85886692145958,54.349474568885206,50.48266618961315,2.77,74.0,-0.39,5.22
RNG,2014-10-30,12.449999809265137,12.5,11.5,12.3100004196167,1100400,58.15691838430737,47.09617213519959,54.66614549665054,54.2441906211175,50.4836769721212,2.77,69.0,-0.44,5.38
RNG,2014-10-31,12.630000114440918,13.1899995803833,12.319999694824219,13.140000343322754,777000,61.08855846035058,49.02066515019555,55.59860995520361,54.84287438156166,50.794697240939115,2.78,77.0,-0.44,4.89
RNG,2014-11-03,13.0,13.0,12.25,12.34000015258789,765800,60.23157467824029,50.53878974921634,56.43189057675756,55.199491917416346,51.12051316675483,2.79,79.0,-0.49,4.62
RNG,2014-11-04,12.319999694824219,12.710000038146973,12.25,12.59000015258789,565700,60.302515473707444,50.531170491525934,56.49264830536218,55.238125561224635,51.16489952740751,2.8,79.0,-0.52,4.55
RNG,2014-11-05,12.760000228881836,12.899999618530273,12.479999542236328,12.550000190734863,314400,60.31546378537915,50.484344955961646,56.416613008194794,54.986550975204636,51.118848581946665,2.81,77.0,-0.55,4.62
RNG,2014-11-06,12.579999923706055,12.760000228881836,12.329999923706055,12.369999885559082,249700,60.243431588055664,49.98879537314534,55.351139454436336,54.99563955918657,51.09955364480091,2.81,73.0,-0.56,5.17
RNG,2014-11-07,12.319999694824219,12.59000015258789,12.220000267028809,12.40999984741211,386000,60.151561015479814,49.98996762851572,55.353895935582955,54.91451069937604,50.98199650127653,2.81,73.0,-0.58,5.16
RNG,2014-11-10,12.40999984741211,12.529999732971191,12.359999656677246,12.399999618530273,276600,58.8179396394681,49.97177579542878,55.334794576478345,54.91512037556204,50.90259701911951,2.81,71.0,-0.58,5.18
RNG,2014-11-11,12.539999961853027,12.65999984741211,12.100000381469727,12.350000381469727,606200,58.8029386427981,49.95526082277774,55.313682942658616,54.886296241148415,50.9029209879231,2.82,70.0,-0.58,5.21
RNG,2014-11-12,12.260000228881836,12.479999542236328,12.199999809265137,12.390000343322754,358700,58.76820458424644,49.889078285417455,55.299123317323016,54.351335728135375,50.89112516236908,2.82,68.0,-0.58,5.2
RNG,2014-11-13,12.390000343322754,12.520000457763672,12.069999694824219,12.180000305175781,831200,58.87830462651154,49.83859197663185,55.34405713094061,53.551949570099126,50.887921909429515,2.82,71.0,-0.58,5.2
RNG,2014-11-14,12.180000305175781,12.640000343322754,12.0,12.600000381469727,455800,59.749219187398815,50.30464004035391,55.560317093680226,53.66387390603371,50.97379970620801,2.83,73.0,-0.55,5.06
RNG,2014-11-17,12.539999961853027,12.539999961853027,11.630000114440918,11.789999961853027,437500,60.59661186873024,52.06431322629339,56.4586978477838,54.155820490433904,51.3831138688719,2.84,78.0,-0.55,4.76
RNG,2014-11-18,11.800000190734863,11.970000267028809,11.319999694824219,11.550000190734863,603700,60.84551282022558,52.203786356827386,56.52246278885909,54.13957923585978,51.419018305314026,2.85,79.0,-0.56,4.76
RNG,2014-11-19,11.539999961853027,11.720000267028809,11.1899995803833,11.399999618530273,431100,60.637429910641906,52.10161615230609,56.53194872037774,54.14729088462688,51.43111093549708,2.86,79.0,-0.58,4.78
RNG,2014-11-20,11.319999694824219,11.619999885559082,11.279999732971191,11.579999923706055,240300,56.965598137210826,51.96856034597893,56.3941323209468,54.178808515184095,51.438269095887875,2.86,73.0,-0.62,4.86
RNG,2014-11-21,11.850000381469727,12.329999923706055,11.850000381469727,12.0,669100,55.69013863119088,52.53295236423119,56.68762239088396,54.25988857042094,51.56929297509434,2.86,79.0,-0.63,4.65
RNG,2014-11-24,12.050000190734863,12.380000114440918,12.0,12.300000190734863,436100,53.51127735951088,52.54508634027783,56.818942680524174,54.2059009981785,51.63451013526728,2.85,79.0,-0.65,4.57
RNG,2014-11-25,12.279999732971191,12.920000076293945,12.149999618530273,12.890000343322754,1324400,54.26126824971418,53.469414155363005,57.0758662502746,54.49445040755205,51.81373850945763,2.84,86.0,-0.61,4.36
RNG,2014-11-26,12.9399995803833,12.9399995803833,12.630000114440918,12.75,480900,50.86394379662866,53.35706815562909,56.947386513666096,54.465255678300636,51.815468428065856,2.84,83.0,-0.56,4.41
RNG,2014-11-28,12.720000267028809,12.75,12.1899995803833,12.579999923706055,232100,50.33963044287063,53.422127183417814,56.858094032795,54.47179151961493,51.82986209671989,2.83,78.0,-0.52,4.49
RNG,2014-12-01,12.539999961853027,12.539999961853027,11.979999542236328,12.199999809265137,532800,50.301324836277914,53.751807488179026,56.94908786929005,54.46801081690988,51.91239184406463,2.81,83.0,-0.49,4.46
RNG,2014-12-02,12.180000305175781,12.270000457763672,11.930000305175781,12.25,426500,50.1260142097809,52.71660801683667,56.87705702395608,54.32618754006883,51.91471163123945,2.8,80.0,-0.45,4.51
RNG,2014-12-03,12.279999732971191,12.579999923706055,12.15999984741211,12.539999961853027,371800,50.13583076591437,52.57411210685968,56.88384930246618,54.41415860481088,51.93205716445196,2.79,80.0,-0.43,4.51
RNG,2014-12-04,12.520000457763672,12.899999618530273,12.380000114440918,12.770000457763672,735200,49.18542708848342,52.416378065559975,56.93428144823617,54.461675228178365,51.940802445672475,2.77,81.0,-0.39,4.44
RNG,2014-12-05,12.8100004196167,13.09000015258789,12.699999809265137,12.90999984741211,429500,47.44016355989551,52.161223154031745,56.95614986799783,54.48596860582741,51.58755097644166,2.74,84.0,-0.34,4.41
RNG,2014-12-08,12.880000114440918,13.25,12.710000038146973,12.779999732971191,412500,47.00149273556586,51.36103728734421,56.37109909172345,54.461767697190744,51.58071926174726,2.72,62.0,-0.29,4.62
RNG,2014-12-09,12.59000015258789,13.479999542236328,12.319999694824219,13.350000381469727,421200,46.886129968063365,52.0269797660543,56.69597936040517,54.733284243725066,51.75459735776644,2.7,70.0,-0.27,4.4
RNG,2014-12-10,13.300000190734863,13.5600004196167,13.289999961853027,13.34000015258789,412700,45.41408281100616,52.019015658062415,56.661791656706995,53.6345366643704,51.751797088371035,2.68,68.0,-0.26,4.4
RNG,2014-12-11,13.420000076293945,13.75,13.229999542236328,13.4399995803833,633200,45.42201253362832,52.02338389940403,56.38449863750198,53.18903115698911,51.75259336410496,2.64,60.0,-0.23,4.57
RNG,2014-12-12,13.229999542236328,13.619999885559082,13.210000038146973,13.430000305175781,239200,45.37758068881722,51.95750009496647,56.38313749211223,53.18878982416889,51.75235802906335,2.57,59.0,-0.2,4.57
RNG,2014-12-15,13.470000267028809,13.770000457763672,13.300000190734863,13.520000457763672,381300,41.38422441418674,51.741902539093985,55.85293876252224,53.178304128932794,51.75010643330812,2.51,55.0,-0.16,4.87
RNG,2014-12-16,13.4399995803833,13.649999618530273,13.319999694824219,13.430000305175781,397300,36.81387836325725,49.54512673673895,54.67430968926992,53.135454062038846,51.75047759591867,2.46,41.0,-0.15,5.29
RNG,2014-12-17,13.449999809265137,13.9399995803833,13.390000343322754,13.8100004196167,594000,37.20121890797035,49.69967996156539,53.961444501678656,53.25084361849359,51.83078802076015,2.43,29.0,-0.19,5.51
RNG,2014-12-18,14.0,14.390000343322754,13.920000076293945,14.350000381469727,802900,38.518087248982376,50.250479105289436,54.27146765669666,53.401047083359465,51.89276848786245,2.4,37.0,-0.25,5.27
RNG,2014-12-19,14.350000381469727,14.420000076293945,14.149999618530273,14.270000457763672,649100,38.22460042045026,50.10661143543753,46.76029803321487,53.319437166383175,51.89485992101888,2.52,1.0,-0.34,0.14
RNG,2014-12-22,14.289999961853027,14.5,14.279999732971191,14.489999771118164,211300,38.34240970906806,50.133102968407215,46.795366610013176,52.823321313396164,51.91435126206431,2.64,2.0,-0.39,0.14
RNG,2014-12-23,14.579999923706055,14.649999618530273,14.399999618530273,14.430000305175781,329500,38.399853592838184,49.45897820572451,46.48588335244534,52.7261618054453,51.79395994527769,2.75,1.0,-0.39,0.21
RNG,2014-12-24,14.479999542236328,14.649999618530273,14.359999656677246,14.630000114440918,63600,38.38017485356326,49.51338827142395,45.96176218950762,52.372074563687846,51.81395006263998,2.87,1.0,-0.39,0.31
RNG,2014-12-26,14.699999809265137,14.699999809265137,14.460000038146973,14.649999618530273,170000,38.39419456233975,49.460504947670984,44.92380126020829,51.233452475019284,51.80905674657252,2.99,1.0,-0.4,0.39
RNG,2014-12-29,14.649999618530273,14.899999618530273,14.600000381469727,14.899999618530273,506600,37.910858442186004,49.52874411214817,44.95934682306254,51.10286032515026,51.79170020996382,3.11,2.0,-0.35,0.39
RNG,2014-12-30,14.779999732971191,15.0600004196167,14.720000267028809,14.829999923706055,273100,37.1491013573387,49.52862272297408,44.89080742007909,51.0968327296194,51.790580468747216,3.21,1.0,-0.33,0.41
RNG,2014-12-31,14.920000076293945,14.949999809265137,14.630000114440918,14.920000076293945,202000,30.264371907008087,47.95277930121261,44.82629300252407,51.05800306369732,51.7935388713351,3.32,1.0,-0.31,0.44
RNG,2015-01-02,14.989999771118164,14.989999771118164,14.300000190734863,14.729999542236328,244600,29.71037564423815,48.01755034510103,44.762517454336496,50.95971104793649,51.72887935563517,3.41,1.0,-0.3,0.44
RNG,2015-01-05,14.619999885559082,14.619999885559082,14.1899995803833,14.319999694824219,440400,30.9482238065915,48.34215457541981,44.94503693160055,51.05309707671161,51.794421364092855,3.49,5.0,-0.31,0.39
RNG,2015-01-06,14.350000381469727,14.449999809265137,13.779999732971191,14.020000457763672,375100,31.939848197216357,45.99152811671557,44.65571922700091,51.100632432412205,51.7525870083106,3.57,1.0,-0.33,0.45
RNG,2015-01-07,14.109999656677246,14.270000457763672,14.020000457763672,14.25,237500,30.874241911162255,44.668469274033896,44.72591000432753,51.02648497056202,51.63666535581386,3.63,2.0,-0.37,0.44
RNG,2015-01-08,14.40999984741211,14.5,14.15999984741211,14.430000305175781,170200,30.423457339016117,43.16330793498162,44.7458460764382,50.953236281104,51.45495851466207,3.69,3.0,-0.41,0.44
RNG,2015-01-09,14.4399995803833,14.729999542236328,14.300000190734863,14.710000038146973,334400,28.112001750416432,42.88742664106723,44.8375864499578,50.834871373776735,51.490942611226274,3.77,6.0,-0.45,0.42
RNG,2015-01-12,14.739999771118164,14.819999694824219,14.630000114440918,14.75,409600,27.741490125026413,40.624278941650914,44.80462381675836,50.1530670216868,51.49133298753645,3.85,5.0,-0.47,0.42
RNG,2015-01-13,14.789999961853027,15.020000457763672,14.489999771118164,14.800000190734863,506100,27.201527484892114,40.18328923037397,44.67683612257679,49.995677380102194,51.447527508659974,3.92,2.0,-0.51,0.47
RNG,2015-01-14,14.59000015258789,14.90999984741211,14.420000076293945,14.859999656677246,275400,24.96829846941059,39.504437402806985,44.61995904182308,49.883707445595554,51.41973490255651,3.99,1.0,-0.56,0.49
RNG,2015-01-15,14.9399995803833,14.9399995803833,14.210000038146973,14.40999984741211,262400,27.21075344027127,40.07443982727341,44.89751574039732,49.75283809133344,51.435552752493265,4.05,11.0,-0.61,0.41
RNG,2015-01-16,14.359999656677246,14.729999542236328,14.260000228881836,14.300000190734863,714900,26.914362044642644,39.90086359024067,44.9163303043527,49.1001698780042,51.43215577176061,4.11,12.0,-0.66,0.41
RNG,2015-01-20,14.34000015258789,14.369999885559082,13.739999771118164,13.800000190734863,458400,28.953154957284653,40.06584698874437,45.21248318314322,49.27106842985348,51.51446687439828,4.15,16.0,-0.67,0.32
RNG,2015-01-21,13.699999809265137,13.920000076293945,13.489999771118164,13.5,262600,29.6913497037046,39.282493795378606,45.12839617872829,49.32577082209511,51.53704290363139,4.2,16.0,-0.68,0.34
RNG,2015-01-22,13.59000015258789,13.90999984741211,13.300000190734863,13.84000015258789,734200,30.2296260252384,39.200103452632526,45.29562454381318,49.33855912606536,51.5771766917294,4.24,18.0,-0.71,0.31
RNG,2015-01-23,13.850000381469727,14.079999923706055,13.630000114440918,13.800000190734863,408200,27.64621673355782,38.2405032582788,45.140476900040944,49.167965569165894,51.572540470388915,4.29,17.0,-0.72,0.34
RNG,2015-01-26,13.779999732971191,13.989999771118164,13.470000267028809,13.5600004196167,235500,28.1677112829873,37.507237741049195,45.228878156582,48.4505573883013,51.332528521266994,4.33,19.0,-0.73,0.31
RNG,2015-01-27,13.380000114440918,13.800000190734863,13.3100004196167,13.710000038146973,198800,28.261619465381905,37.543544426966655,45.14264090487586,48.20833747871442,51.3438014927093,4.39,18.0,-0.74,0.34
RNG,2015-01-28,13.8100004196167,13.9399995803833,13.420000076293945,13.569999694824219,325600,28.436948267963817,37.600238431797365,45.173446920218666,48.121605262005104,51.28336647507295,4.44,19.0,-0.75,0.33
RNG,2015-01-29,13.569999694824219,13.890000343322754,13.430000305175781,13.770000457763672,256500,28.683166515372154,35.30264369933309,45.22164324164916,47.63892242764501,51.27160517391359,4.49,21.0,-0.77,0.32
RNG,2015-01-30,13.699999809265137,13.890000343322754,13.319999694824219,13.5,389700,29.220160337963915,33.01986953105743,44.64354717254302,47.46711860288856,51.22279156467586,4.55,2.0,-0.75,0.38
RNG,2015-02-02,13.550000190734863,14.140000343322754,13.520000457763672,14.039999961853027,508900,30.31707406085517,33.70636724242397,44.77031885719752,47.688402730285176,51.36433712270547,4.6,8.0,-0.78,0.38
RNG,2015-02-03,14.069999694824219,14.550000190734863,13.510000228881836,14.050000190734863,1002700,28.12150705389994,33.69114381237554,44.57609729475286,47.638316434802384,51.31101415151953,4.65,1.0,-0.79,0.43
RNG,2015-02-04,14.399999618530273,15.25,13.920000076293945,15.210000038146973,1783700,36.3934010622155,37.0627325066968,46.1329932522083,48.48939083044989,51.93509568351916,4.67,28.0,-0.77,0.55
RNG,2015-02-05,15.279999732971191,15.470000267028809,14.5,15.170000076293945,894000,36.19997618947199,37.08365581110956,45.520301890229106,48.49070925907456,51.92952356265038,4.7,27.0,-0.79,0.67
RNG,2015-02-06,15.140000343322754,15.229999542236328,14.850000381469727,15.010000228881836,752200,36.336010136240034,37.184734003362,45.44928596859611,48.50400446106501,51.86580401804317,4.73,27.0,-0.83,0.69
RNG,2015-02-09,14.960000038146973,15.239999771118164,14.760000228881836,15.029999732971191,406000,36.14396210214031,37.15644548498416,45.44623485628043,48.41061680813014,50.62436061601401,4.76,27.0,-0.87,0.69
RNG,2015-02-10,15.100000381469727,16.239999771118164,15.010000228881836,16.170000076293945,1710500,41.76800197380347,39.81753324715034,46.85229392321631,49.15359030462407,50.99266184762199,4.78,35.0,-0.73,0.63
RNG,2015-02-11,16.200000762939453,16.5,15.600000381469727,16.0,796800,41.74834947088387,39.68906223945209,46.86151087533276,49.065321595108315,50.99192387453185,4.8,36.0,-0.68,0.62
RNG,2015-02-12,16.170000076293945,16.299999237060547,15.970000267028809,16.040000915527344,588800,41.694312892929815,39.21598549080502,46.68413831307742,49.02206465007509,50.93946700847163,4.82,33.0,-0.67,0.67
RNG,2015-02-13,16.020000457763672,16.06999969482422,15.640000343322754,16.040000915527344,517700,41.68786095519552,36.37780001165981,45.168944196787756,49.00611001007912,50.86972445707989,4.85,22.0,-0.67,0.72
RNG,2015-02-17,16.010000228881836,16.030000686645508,15.619999885559082,15.710000038146973,289300,42.00375094193381,36.38452421794877,45.22232781782859,48.93562616120625,50.90369989365497,4.88,26.0,-0.7,0.71
RNG,2015-02-18,15.699999809265137,16.040000915527344,15.699999809265137,16.020000457763672,289700,41.27728582774128,36.301565854745206,45.301641816559425,48.92123127621415,50.87839491502807,4.91,29.0,-0.72,0.68
RNG,2015-02-19,16.0,16.34000015258789,15.949999809265137,16.31999969482422,656200,40.796889276403334,36.34032350446855,45.25436893641167,48.902431152349614,50.887411623128266,4.94,28.0,-0.7,0.69
RNG,2015-02-20,16.290000915527344,16.34000015258789,16.0,16.290000915527344,463500,40.70209413420601,35.830894020138096,45.236047888305905,48.72637902700135,50.709486102340605,4.97,28.0,-0.7,0.7
RNG,2015-02-23,16.040000915527344,16.110000610351562,15.539999961853027,15.670000076293945,582200,42.49676448301247,36.69989782389234,45.26132042989991,48.95845517101919,50.839521869294444,5.0,30.0,-0.76,0.7
RNG,2015-02-24,15.670000076293945,15.720000267028809,15.380000114440918,15.5600004196167,489400,42.293471287244536,35.66168725503005,45.28276266179451,48.63886114190548,50.76611981627822,5.03,31.0,-0.81,0.7
RNG,2015-02-25,15.550000190734863,15.75,15.15999984741211,15.319999694824219,504900,42.59190310774262,35.75201567115984,45.33706774032986,48.677110869878064,50.785862487412125,5.06,34.0,-0.86,0.68
RNG,2015-02-26,15.3100004196167,15.729999542236328,15.289999961853027,15.710000038146973,370900,43.14903091956697,35.86589117635187,45.471173795626285,48.65047085673505,50.83812425191593,5.09,37.0,-0.9,0.64
RNG,2015-02-27,15.649999618530273,15.970000267028809,15.600000381469727,15.770000457763672,763700,43.14811550643047,35.143202732210554,45.45868471039191,48.619308701951645,50.449459396387695,5.11,37.0,-0.94,0.64
RNG,2015-03-02,15.770000457763672,16.0,15.609999656677246,15.949999809265137,509100,42.08507658667466,35.173022727562184,44.48148991016803,48.60955968067604,49.80140981715908,5.15,1.0,-0.96,0.76
RNG,2015-03-03,15.920000076293945,16.049999237060547,15.84000015258789,15.979999542236328,560500,41.9580933697574,34.95234180801292,44.45036966471921,48.5795557882336,49.7582854122731,5.18,1.0,-0.96,0.77
RNG,2015-03-04,15.979999542236328,15.979999542236328,15.75,15.789999961853027,249000,40.571142380021705,34.97745074648671,44.436138218862084,48.56204158659088,49.740616808867195,5.21,1.0,-0.98,0.78
RNG,2015-03-05,15.789999961853027,15.819999694824219,15.15999984741211,15.59000015258789,618300,40.133637238005136,35.10034334254036,42.83224605207615,47.9159438063995,49.720224529552546,5.27,1.0,-0.97,0.72
RNG,2015-03-06,15.4399995803833,15.739999771118164,15.079999923706055,15.09000015258789,356200,41.0808800432366,35.759207883505084,42.36397382694765,48.07100808652257,49.81229464557754,5.32,1.0,-0.98,0.75
RNG,2015-03-09,15.130000114440918,15.300000190734863,14.630000114440918,14.720000267028809,340700,41.83367826231951,35.165011125966785,41.71309827729686,48.154239263143054,49.849429963934405,5.38,1.0,-1.06,0.8
RNG,2015-03-10,14.510000228881836,14.979999542236328,14.420000076293945,14.970000267028809,412200,41.613396576248256,35.298742423241045,41.504572860957005,48.18558065515995,49.80381225997603,5.44,1.0,-1.12,0.87
RNG,2015-03-11,15.020000457763672,15.649999618530273,15.020000457763672,15.569999694824219,605300,42.85811669629914,36.10587370874684,40.46023471390304,48.389396612296764,49.83716977930708,5.51,1.0,-1.12,0.82
RNG,2015-03-12,15.649999618530273,15.859999656677246,15.489999771118164,15.829999923706055,449300,42.774312347990175,36.21445963604887,40.233743563010584,48.42444352300789,49.83864088316377,5.58,1.0,-1.12,0.9
RNG,2015-03-13,15.819999694824219,16.0,15.520000457763672,15.75,364700,42.77528718962124,36.239886031772016,39.876845516875925,48.39185941357352,49.804866879183,5.64,1.0,-1.12,0.99
RNG,2015-03-16,15.8100004196167,15.8100004196167,15.15999984741211,15.579999923706055,314300,42.4109087173186,36.29530240404162,39.88159183624408,48.38961779715741,49.81033188465885,5.7,2.0,-1.11,1.01
RNG,2015-03-17,15.479999542236328,15.829999923706055,15.479999542236328,15.640000343322754,269400,41.134437658561964,35.90824890823458,39.7449349412806,48.38945504056203,49.74173796904956,5.76,1.0,-1.12,1.04
RNG,2015-03-18,15.569999694824219,15.65999984741211,15.289999961853027,15.600000381469727,202600,41.16531190831942,35.11267192926179,39.365380850667044,48.386759073481066,49.63834709404801,5.82,1.0,-1.17,1.14
RNG,2015-03-19,15.489999771118164,15.75,15.479999542236328,15.6899995803833,214200,34.34402496346348,35.093273541159284,38.68666206955689,48.277902394599955,49.64239830224062,5.89,1.0,-1.18,1.34
RNG,2015-03-20,15.739999771118164,15.779999732971191,15.390000343322754,15.680000305175781,970900,34.330365958226324,34.97898461060937,38.482209331739284,48.24233726219432,49.63087604561796,5.95,1.0,-1.21,1.41
RNG,2015-03-23,15.649999618530273,15.729999542236328,15.449999809265137,15.529999732971191,160200,34.30220166922206,35.03331483967671,37.944148147455756,48.24239211045404,49.6370507866033,6.02,1.0,-1.2,1.61
RNG,2015-03-24,15.520000457763672,15.640000343322754,15.430000305175781,15.529999732971191,739600,34.30371034960723,34.93630402604842,37.387288657472354,48.04228640816642,49.6077231910667,6.09,1.0,-1.18,1.83
RNG,2015-03-25,15.600000381469727,15.600000381469727,15.130000114440918,15.180000305175781,376000,27.36740308458404,35.27459309560272,37.59300503292645,48.00974665792394,49.64927413612135,6.15,2.0,-1.15,1.75
RNG,2015-03-26,15.140000343322754,15.239999771118164,14.859999656677246,15.0600004196167,266400,27.307234528664914,35.15076169745554,37.61055152126861,47.95064359982079,48.769636728570255,6.2,3.0,-1.1,1.75
RNG,2015-03-27,15.039999961853027,15.4399995803833,14.899999618530273,15.430000305175781,274200,28.330167288224473,35.47889521353112,36.39995283008284,47.959823747472775,48.46388383382302,6.26,1.0,-1.09,1.85
RNG,2015-03-30,15.5,15.529999732971191,14.869999885559082,15.430000305175781,315000,28.330167288224473,35.461302923149304,34.90527349313546,47.91841125377565,48.46388383382302,6.34,1.0,-1.04,1.92
RNG,2015-03-31,15.319999694824219,15.520000457763672,15.170000076293945,15.329999923706055,244800,27.772961123274563,35.38309325330899,34.81460032559988,47.84973588421342,48.45451790301873,6.4,1.0,-1.0,1.99
RNG,2015-04-01,15.34000015258789,15.420000076293945,15.020000457763672,15.350000381469727,299800,27.106365426098307,34.866890506413206,34.80498655037898,47.81762332936108,48.42256389723214,6.46,1.0,-0.94,1.99
RNG,2015-04-02,15.319999694824219,15.960000038146973,15.279999732971191,15.869999885559082,571200,28.36037504541322,35.16330123751674,35.05494108602255,47.9657909663287,48.54200399486814,6.52,4.0,-0.89,1.84
RNG,2015-04-06,15.760000228881836,16.079999923706055,15.609999656677246,15.890000343322754,341900,28.365979089576875,35.03862300375343,35.05528103547668,47.54399546628826,48.49235155918179,6.58,5.0,-0.83,1.84
RNG,2015-04-07,15.90999984741211,16.489999771118164,15.800000190734863,15.920000076293945,1043600,25.98387954023241,34.96713351409693,35.0514777950652,47.45926935192667,48.4227767379791,6.62,4.0,-0.77,1.84
RNG,2015-04-08,15.930000305175781,16.030000686645508,15.760000228881836,15.970000267028809,277900,25.89344590753999,34.776590326474235,35.03590827624461,47.433306778839885,47.99817090673233,6.66,4.0,-0.7,1.85
RNG,2015-04-09,16.020000457763672,16.670000076293945,16.020000457763672,16.489999771118164,969000,26.925108010326287,35.33984721594929,35.34687520427587,47.39774429409453,48.032700472604546,6.69,8.0,-0.62,1.68
RNG,2015-04-10,16.520000457763672,16.739999771118164,16.5,16.610000610351562,201300,26.102039658069437,35.355857882232435,35.208062590319756,47.40149190354374,47.74748635619271,6.72,8.0,-0.55,1.73
RNG,2015-04-13,16.6299991607666,16.989999771118164,16.610000610351562,16.979999542236328,388300,26.746773155547977,35.59331524921709,34.993514929515406,47.133236505951146,46.894536795231346,6.74,4.0,-0.46,1.82
RNG,2015-04-14,16.940000534057617,17.1200008392334,16.739999771118164,16.989999771118164,343900,26.617662897850842,34.926506769575276,33.17904727151012,46.32391729991131,46.75539375369907,6.77,1.0,-0.4,1.61
RNG,2015-04-15,17.079999923706055,17.09000015258789,16.979999542236328,17.049999237060547,394500,26.620721582143503,34.85930348415114,32.95102459919971,45.72193262228987,46.750744038468724,6.8,1.0,-0.42,1.68
RNG,2015-04-16,17.030000686645508,17.299999237060547,17.0,17.06999969482422,418700,26.285346036318657,33.925765580860144,32.841732187608024,45.708180379875955,46.71859957968152,6.82,1.0,-0.52,1.72
RNG,2015-04-17,16.889999389648438,16.889999389648438,16.25,16.610000610351562,465900,27.342465536799367,34.114430311976434,33.16159611051114,41.03746960425156,46.71087584825118,6.82,3.0,-0.64,1.66
RNG,2015-04-20,16.670000076293945,17.010000228881836,16.6200008392334,16.899999618530273,240300,25.608035715639648,33.94639064725279,32.837275111161276,41.06088074159853,46.732450547084895,6.82,1.0,-0.67,1.81
RNG,2015-04-21,16.920000076293945,17.09000015258789,16.809999465942383,16.950000762939453,279800,24.135266096976153,33.9217446405869,32.659723876654915,40.852893924433054,46.72387358097756,6.81,1.0,-0.67,1.94
RNG,2015-04-22,16.93000030517578,17.030000686645508,16.56999969482422,16.809999465942383,161800,24.136130014549995,33.729919178546666,31.9493385942352,40.49583780031348,46.64789651845659,6.81,1.0,-0.63,2.27
RNG,2015-04-23,16.809999465942383,17.350000381469727,16.75,17.190000534057617,254700,22.412646509794406,33.91632109580288,32.02599636641658,39.941702585093125,46.61966187064235,6.79,2.0,-0.59,2.17
RNG,2015-04-24,17.229999542236328,17.270000457763672,17.010000228881836,17.030000686645508,298300,22.338454232337668,33.900702141516426,31.979375271677963,39.92926824655636,46.489481231257955,6.76,2.0,-0.58,2.19
RNG,2015-04-27,17.1200008392334,17.219999313354492,16.479999542236328,16.600000381469727,514600,23.686929833547534,34.34965100655653,31.852599435404883,40.0022523402281,46.0225432159167,6.73,1.0,-0.65,2.22
RNG,2015-04-28,16.6299991607666,17.100000381469727,16.59000015258789,17.09000015258789,444000,24.649359060224437,34.417763157915886,32.118919675569316,40.0931921999349,45.98408983683694,6.69,5.0,-0.75,2.04
RNG,2015-04-29,16.959999084472656,17.950000762939453,16.290000915527344,17.639999389648438,1393300,26.006443557898397,34.12077488890815,32.277063802492165,40.19129746099557,46.00354483100249,6.63,6.0,-0.75,1.95
RNG,2015-04-30,17.530000686645508,17.649999618530273,16.899999618530273,17.229999542236328,659900,27.15069695090793,34.57287061326999,32.46965336884672,40.264362871148585,45.86999471029289,6.56,7.0,-0.78,1.93
RNG,2015-05-01,17.299999237060547,17.579999923706055,17.0,17.1299991607666,692600,27.267269619556018,30.78153428022273,32.47451125209505,40.00082684991091,45.3769954883797,6.47,8.0,-0.81,1.96
RNG,2015-05-04,17.18000030517578,17.420000076293945,17.1299991607666,17.309999465942383,553400,27.33067427012087,30.814556287590356,32.42989095575456,40.015100096183005,45.385536030443696,6.39,7.0,-0.88,1.95
RNG,2015-05-05,17.25,17.420000076293945,17.010000228881836,17.139999389648438,893100,27.341323843857822,30.801901043489107,31.831542306547195,40.021540417588916,45.38798551791183,6.31,1.0,-0.89,2.25
RNG,2015-05-06,17.1299991607666,17.200000762939453,16.43000030517578,16.709999084472656,822100,28.570836691203887,31.31767217876305,32.13482747066326,40.143388263538526,45.39207618747641,6.2,7.0,-0.9,2.14
RNG,2015-05-07,16.65999984741211,17.170000076293945,16.649999618530273,16.979999542236328,391300,27.796220651017183,27.744677174406156,32.198866932839024,40.162728571104154,45.279064453012765,6.1,8.0,-0.91,2.08
RNG,2015-05-08,17.1299991607666,17.200000762939453,16.940000534057617,17.040000915527344,283800,27.575623162992724,27.647877144248856,32.19559858260241,40.08046913472313,44.6760800889267,5.98,8.0,-0.92,2.08
RNG,2015-05-11,17.049999237060547,17.190000534057617,16.979999542236328,17.09000015258789,159600,26.905800259937617,27.648987677864113,32.1883577627567,40.04254763979467,44.46688731188935,5.86,8.0,-0.93,2.09
RNG,2015-05-12,17.0,17.190000534057617,16.90999984741211,17.18000030517578,316400,26.891083402634113,27.661363844259558,32.158941521551874,40.038944882843865,44.39532574414378,5.76,8.0,-0.95,2.09
RNG,2015-05-13,17.1200008392334,17.200000762939453,16.790000915527344,16.969999313354492,358100,27.131373072021137,27.427590025252552,31.982173726586353,40.07048450257803,44.007010029922114,5.66,5.0,-0.95,2.25
RNG,2015-05-14,17.0,17.110000610351562,16.8799991607666,16.90999984741211,373300,27.19997896192632,27.178224011478523,31.459130951790108,40.034235296232026,43.82340242929087,5.56,1.0,-0.95,2.57
RNG,2015-05-15,16.940000534057617,17.06999969482422,16.760000228881836,16.93000030517578,201100,25.662056595658907,26.928336974786838,31.4378637784836,39.88355314868584,43.82338408839009,5.59,1.0,-0.94,2.57
RNG,2015-05-18,16.940000534057617,17.229999542236328,16.940000534057617,17.1299991607666,467500,25.809741832402803,27.019264235568684,31.40379113398268,39.90209431920032,43.79469233530491,5.62,1.0,-0.93,2.6
RNG,2015-05-19,17.1200008392334,17.219999313354492,17.059999465942383,17.190000534057617,384900,25.8106084388191,25.72838111246165,31.391156092974914,39.811947624802734,43.757930003511305,5.65,1.0,-0.93,2.6
RNG,2015-05-20,17.190000534057617,17.31999969482422,17.110000610351562,17.209999084472656,284000,25.81310769378458,25.666281764989673,31.332070381094358,39.811885628408454,43.75750034767542,5.68,1.0,-0.92,2.66
RNG,2015-05-21,16.989999771118164,17.200000762939453,16.90999984741211,16.920000076293945,498400,24.82888435379424,25.709520895786714,31.471173821169078,39.78851163407213,43.79024559502925,5.71,6.0,-0.91,2.61
RNG,2015-05-22,16.8799991607666,16.959999084472656,16.739999771118164,16.90999984741211,307400,24.75735542605664,25.242245004081056,31.37454166250989,39.78770664189929,43.71592018235682,5.74,2.0,-0.91,2.71
RNG,2015-05-26,16.8799991607666,17.010000228881836,16.770000457763672,16.969999313354492,280300,23.93254221519146,25.241124203978345,31.36188550584575,39.78465888775557,43.71648604237966,5.77,2.0,-0.9,2.7
RNG,2015-05-27,16.979999542236328,17.049999237060547,16.799999237060547,17.0,272600,23.93757630935661,25.153154327006906,31.352906666515818,39.37235220072664,43.62790512029181,5.8,2.0,-0.89,2.71
RNG,2015-05-28,16.93000030517578,17.06999969482422,16.829999923706055,17.040000915527344,267800,23.92504247407202,25.153992867019564,31.271359724517993,39.163820388503304,43.593833114035554,5.82,1.0,-0.87,2.74
RNG,2015-05-29,17.0,17.229999542236328,16.760000228881836,17.09000015258789,617100,23.93807035340051,25.00919531102617,30.90751141711019,39.050343710258204,43.580757729813165,5.85,1.0,-0.82,2.89
RNG,2015-06-01,17.190000534057617,17.600000381469727,16.90999984741211,17.309999465942383,539300,22.74796202686788,24.943268285257247,30.735602508719584,38.959358901226075,43.483243082060376,5.87,1.0,-0.77,2.94
RNG,2015-06-02,17.280000686645508,17.5,17.15999984741211,17.350000381469727,225600,22.2448841068722,23.894364965716477,30.651622909342645,38.551020189288856,43.43469086406007,5.9,1.0,-0.72,3.03
RNG,2015-06-03,17.3700008392334,17.93000030517578,17.25,17.809999465942383,470000,23.419719892146702,23.704035905311894,30.846871469503963,38.58803949870399,43.45758739556637,5.91,3.0,-0.66,2.87
RNG,2015-06-04,17.790000915527344,17.850000381469727,17.459999084472656,17.670000076293945,260600,23.405166731813694,23.636874795739985,30.764117491943477,38.6028958975381,43.32392375534474,5.93,3.0,-0.62,2.99
RNG,2015-06-05,17.690000534057617,17.920000076293945,17.3799991607666,17.860000610351562,279600,22.74414167778335,22.44542997331306,30.796005299617907,38.6132466639306,43.331866078359276,5.94,4.0,-0.57,2.95
RNG,2015-06-08,17.610000610351562,17.899999618530273,17.600000381469727,17.780000686645508,496800,22.589888039645054,22.287682657841543,30.811792194634414,38.59764571733967,43.07226569443914,5.95,5.0,-0.54,2.95
RNG,2015-06-09,17.75,17.8700008392334,17.600000381469727,17.81999969482422,495700,21.08842695160282,22.239883093175674,30.80982919082121,38.480357586837165,43.07077690217154,5.95,5.0,-0.5,2.96
RNG,2015-06-10,17.850000381469727,18.110000610351562,17.719999313354492,17.989999771118164,604800,19.645752315879314,22.126018717725106,30.386451567187567,37.487508359413084,42.99107162194484,5.96,1.0,-0.43,3.12
RNG,2015-06-11,18.079999923706055,18.280000686645508,17.709999084472656,17.760000228881836,447600,17.90677425935573,22.34333235135349,30.440716476039757,37.46600536064314,42.9889032603414,5.96,2.0,-0.36,3.09
RNG,2015-06-12,17.739999771118164,18.299999237060547,17.739999771118164,18.030000686645508,524100,16.927610301090155,22.47781570678362,29.898897067153356,37.49716821442335,42.99171685661491,5.95,1.0,-0.3,3.25
RNG,2015-06-15,18.399999618530273,18.969999313354492,17.920000076293945,18.850000381469727,745200,20.855179622252766,24.06820701211665,30.36164875692153,37.75622012030785,43.1839941965506,5.95,2.0,-0.19,2.92
RNG,2015-06-16,18.829999923706055,19.09000015258789,18.440000534057617,19.049999237060547,737000,20.858258346047474,24.104066718151714,30.187715525623247,37.74985558255263,43.16209039992478,5.93,2.0,-0.04,3.08
RNG,2015-06-17,19.1299991607666,19.209999084472656,18.90999984741211,19.200000762939453,545300,20.523427509371658,23.97148026022861,30.180704360249074,37.45004030916543,42.63774462665019,5.92,2.0,0.1,3.06
RNG,2015-06-18,19.290000915527344,19.510000228881836,19.049999237060547,19.350000381469727,651100,18.584007070233046,23.975509351351942,30.002671334141358,37.454546856182766,42.63873205974609,5.9,2.0,0.2,3.13
RNG,2015-06-19,19.5,19.510000228881836,18.829999923706055,19.270000457763672,1155800,18.452467775247143,23.393957286010064,30.003324485304177,37.43955554832456,42.63711629874087,5.88,3.0,0.24,3.16
RNG,2015-06-22,19.34000015258789,19.43000030517578,18.899999618530273,19.260000228881836,638700,18.502811446235366,23.281748290460992,29.930112714353086,37.43148203963666,42.63145795072483,5.85,2.0,0.21,3.2
RNG,2015-06-23,19.260000228881836,19.399999618530273,19.059999465942383,19.280000686645508,570700,18.521167085500927,22.905823258015218,29.87919594075894,37.422446534136526,42.61426960321978,5.83,1.0,0.17,3.27
RNG,2015-06-24,19.280000686645508,19.360000610351562,18.950000762939453,19.09000015258789,530700,18.949422353889602,23.063761483082494,29.72473736432304,36.783281086043566,42.62690929915994,5.8,1.0,-0.01,3.36
RNG,2015-06-25,19.34000015258789,19.600000381469727,19.25,19.40999984741211,818300,18.704652669538984,23.120250978401362,29.24541625239932,36.8005826384328,42.62794605482526,5.78,1.0,-0.06,3.7
RNG,2015-06-26,19.450000762939453,19.5,18.729999542236328,19.030000686645508,2526300,19.86482694805626,23.62064241932927,29.470370696146848,36.84399210332861,42.664357453133505,5.75,2.0,-0.19,3.57
RNG,2015-06-29,18.860000610351562,19.0,17.84000015258789,17.959999084472656,572200,26.754487077484608,25.991290508158855,28.45966811630426,36.45352881566166,43.066616822454506,5.71,1.0,-0.24,2.64
RNG,2015-06-30,18.1200008392334,18.530000686645508,17.889999389648438,18.489999771118164,479800,27.75812369840488,26.573561587866624,28.781360526631,36.0431695792621,43.15768440112166,5.66,2.0,-0.31,2.42
RNG,2015-07-01,18.600000381469727,18.670000076293945,17.989999771118164,18.1200008392334,663800,28.527562371554126,26.979147590650953,28.928364853013754,35.57863188726735,43.1217037263543,5.61,3.0,-0.35,2.34
RNG,2015-07-02,18.149999618530273,18.190000534057617,17.389999389648438,17.6200008392334,508600,29.80230750341636,27.675656728006224,29.314274849368456,35.59279114460793,43.186353644969394,5.55,5.0,-0.36,2.16
RNG,2015-07-06,17.530000686645508,17.719999313354492,17.329999923706055,17.510000228881836,822300,29.40564977171248,26.98300308646065,27.001688149330466,34.65637586222363,43.18182411736366,5.49,1.0,-0.38,0.92
RNG,2015-07-07,17.59000015258789,17.59000015258789,16.65999984741211,17.049999237060547,689500,30.48695109874856,27.53517305857095,27.292366895709545,34.63286124793133,43.10489062119705,5.41,2.0,-0.38,0.81
RNG,2015-07-08,16.8799991607666,17.030000686645508,16.530000686645508,16.719999313354492,437000,31.001881711901852,27.460648453861197,27.477764927176974,34.50044065126461,43.062257581255125,5.33,3.0,-0.37,0.72
RNG,2015-07-09,16.940000534057617,17.31999969482422,16.8700008392334,17.079999923706055,506300,31.636269212830282,27.81375096474487,27.676941326620312,34.53224830525869,43.05975378159041,5.27,4.0,-0.37,0.64
RNG,2015-07-10,17.270000457763672,17.920000076293945,17.270000457763672,17.700000762939453,578800,33.267605566966765,28.74718388736939,28.01355466109182,34.677492957837856,43.13969487849964,5.2,5.0,-0.38,0.63
RNG,2015-07-13,17.809999465942383,17.8799991607666,17.459999084472656,17.520000457763672,596300,33.428443711880774,28.832602253221463,27.915605200800815,34.475156763563966,43.12253145749105,5.12,5.0,-0.39,0.65
RNG,2015-07-14,17.530000686645508,17.709999084472656,17.459999084472656,17.510000228881836,652100,33.23670866510625,28.24816938631136,27.77238720219981,34.03206615648746,43.06553639466949,5.03,5.0,-0.41,0.71
RNG,2015-07-15,17.540000915527344,17.690000534057617,17.170000076293945,17.3799991607666,470100,33.30788395479064,28.088409587070306,27.799747823004378,33.92920109879866,43.04584314816677,4.94,6.0,-0.42,0.7
RNG,2015-07-16,17.540000915527344,17.65999984741211,17.299999237060547,17.530000686645508,438200,32.49018758701121,28.13348165992521,27.096939354973237,33.55400064411509,43.04281581369425,4.85,2.0,-0.4,0.81
RNG,2015-07-17,17.559999465942383,17.59000015258789,16.299999237060547,16.399999618530273,1758700,37.69116395309568,31.281976167084924,29.128935277600736,34.175521872444435,43.23547496069761,4.72,13.0,-0.37,1.68
RNG,2015-07-20,16.389999389648438,16.850000381469727,16.1299991607666,16.709999084472656,653800,38.005766091147905,31.177868845196606,29.15568575643469,34.23078089317756,43.20695437641135,4.59,14.0,-0.32,1.7
RNG,2015-07-21,16.75,17.729999542236328,16.649999618530273,17.280000686645508,882700,39.381829360748874,31.88729179257559,29.363544769991655,34.42863553596951,43.30978975843159,4.43,17.0,-0.29,1.65
RNG,2015-07-22,17.280000686645508,17.350000381469727,16.989999771118164,17.079999923706055,304900,39.48940055812628,31.531354805948254,29.427644344627634,33.62912997756343,43.18752461790296,4.27,18.0,-0.25,1.6
RNG,2015-07-23,17.40999984741211,18.389999389648438,17.40999984741211,17.969999313354492,693500,42.20183616997535,32.66601453751661,30.436593956976672,33.256938000675454,43.47428418093587,4.12,30.0,-0.26,1.51
RNG,2015-07-24,17.950000762939453,18.079999923706055,17.260000228881836,17.65999984741211,558000,42.34185008152864,32.23261467799144,30.579079908282726,33.267344255672114,43.25248956112419,3.95,32.0,-0.25,1.42
RNG,2015-07-27,17.530000686645508,17.8799991607666,17.280000686645508,17.729999542236328,491400,42.11515581043086,31.865443600203765,30.511673699332526,33.26277370492685,42.62773095890199,3.78,32.0,-0.23,1.47
RNG,2015-07-28,17.799999237060547,17.950000762939453,17.350000381469727,17.739999771118164,395900,39.89949963056112,31.838402876687482,30.430311527695086,33.20616668885385,42.16478396966005,3.64,30.0,-0.2,1.52
RNG,2015-07-29,17.760000228881836,17.809999465942383,17.540000915527344,17.579999923706055,424000,39.76698514609202,31.831178939238274,29.989272024212525,33.23160582859749,42.167607289138836,3.5,24.0,-0.14,1.71
RNG,2015-07-30,17.489999771118164,18.079999923706055,17.219999313354492,17.899999618530273,746700,40.10966916941949,31.965489065190557,29.801870380248673,33.284487770461155,38.51790130696474,3.38,21.0,-0.15,1.82
RNG,2015-07-31,19.25,20.399999618530273,19.100000381469727,19.700000762939453,3455700,49.13893032366342,36.99205274886674,33.244256143727966,35.07657904203072,39.65613205134001,3.25,77.0,-0.11,4.14
RNG,2015-08-03,19.739999771118164,20.110000610351562,19.530000686645508,20.059999465942383,1316300,49.375040970062464,37.026402946207945,32.81868081695746,35.124522876829985,39.534680903936156,3.14,72.0,0.03,4.44
RNG,2015-08-04,19.860000610351562,20.200000762939453,19.260000228881836,19.389999389648438,1238900,50.42512429386821,37.78372626031883,33.24645760786829,35.31449942231039,39.41586030994544,3.03,79.0,-0.02,4.21
RNG,2015-08-05,19.5,19.670000076293945,19.260000228881836,19.440000534057617,1020300,50.42924885396667,37.78348483323477,33.22707225951006,35.117354457086755,38.955788514497755,2.93,78.0,-0.07,4.22
RNG,2015-08-06,19.5,19.610000610351562,18.969999313354492,19.020000457763672,803400,50.75627899610955,38.0951041659634,33.381592925998675,34.27256878481617,39.00026235802935,2.82,81.0,-0.1,4.11
RNG,2015-08-07,18.8799991607666,19.3700008392334,18.639999389648438,18.799999237060547,470400,50.60665710313952,38.084917620228495,33.450129134031734,34.20358804604878,38.98345357225786,2.71,82.0,-0.13,4.07
RNG,2015-08-10,19.170000076293945,20.0,18.969999313354492,19.65999984741211,819900,51.96921890967114,39.07278178677943,34.12728650266473,34.51057867056468,39.19043264725589,2.61,83.0,-0.15,3.64
RNG,2015-08-11,19.540000915527344,19.809999465942383,19.329999923706055,19.469999313354492,389000,49.012066006968304,39.15230790553306,34.17587032984704,34.51036875551291,39.158769142115126,2.52,84.0,-0.18,3.61
RNG,2015-08-12,19.309999465942383,19.68000030517578,18.780000686645508,19.520000457763672,623200,48.369617932810165,39.10319829094005,34.17298213831897,34.289801259936425,39.13421934713563,2.44,84.0,-0.21,3.61
RNG,2015-08-13,19.59000015258789,19.690000534057617,19.239999771118164,19.299999237060547,702400,48.085981308095036,39.199827457593095,34.18921227913662,34.22945564224026,38.953884897623894,2.37,86.0,-0.25,3.6
RNG,2015-08-14,19.239999771118164,19.440000534057617,18.940000534057617,19.31999969482422,332000,47.23635087342115,39.19994217358855,34.187931686461795,33.82057515857063,38.95358982786028,2.31,86.0,-0.28,3.6
RNG,2015-08-17,19.280000686645508,20.309999465942383,19.280000686645508,20.209999084472656,1057300,48.673632158010996,39.97474099042033,34.61944472026273,34.160211348639734,39.185527859519894,2.25,88.0,-0.28,3.35
RNG,2015-08-18,20.139999389648438,20.940000534057617,20.079999923706055,20.530000686645508,949900,47.83956339603834,40.052382460079684,34.63520013227945,34.142236858378666,39.209376426771215,2.19,89.0,-0.26,3.31
RNG,2015-08-19,20.469999313354492,20.8700008392334,20.170000076293945,20.700000762939453,619700,47.214397152260645,40.06553449590491,34.47890901870757,33.91614510292233,39.20202499342585,2.16,88.0,-0.18,3.43
RNG,2015-08-20,20.40999984741211,20.489999771118164,19.799999237060547,19.829999923706055,490500,49.16791592923963,41.171383383654906,35.23745089041708,34.34735860282103,39.392625266557005,2.16,99.0,-0.28,3.12
RNG,2015-08-21,19.059999465942383,19.520000457763672,18.6299991607666,19.40999984741211,1216000,48.85434794210989,41.46356981528228,35.413478088384984,34.375930573817435,39.43108717407352,2.17,100.0,-0.39,3.02
RNG,2015-08-24,18.520000457763672,18.979999542236328,17.940000534057617,18.0,1414200,53.79987728637282,44.40662287049026,37.50422125442211,35.53641629958801,40.170138541046526,2.23,100.0,-0.43,2.99
RNG,2015-08-25,18.559999465942383,18.670000076293945,16.75,16.860000610351562,1544400,57.134541269423565,46.35971192109576,38.63682551558023,36.40153982131822,40.718462622578265,2.31,100.0,-0.42,2.86
RNG,2015-08-26,17.239999771118164,17.389999389648438,16.649999618530273,17.1200008392334,2027200,57.30067793562578,46.46897202318121,38.70713604019563,36.41174183840793,40.71408407208211,2.4,100.0,-0.41,2.82
RNG,2015-08-27,17.149999618530273,17.780000686645508,17.010000228881836,17.489999771118164,1452600,57.59618837450453,46.36311869904486,38.84523768463836,36.144503954284005,40.66165835010842,2.48,100.0,-0.4,2.75
RNG,2015-08-28,17.450000762939453,17.579999923706055,16.8700008392334,17.3700008392334,970400,54.09325274569525,46.356535922054896,38.86338805098806,36.157168455686865,40.66943211553419,2.56,100.0,-0.39,2.73
RNG,2015-08-31,17.34000015258789,17.719999313354492,17.170000076293945,17.209999084472656,1407800,53.94531429027425,46.3349836423823,38.5712485412294,36.1722253402088,40.61683655897274,2.63,96.0,-0.37,2.88
RNG,2015-09-01,16.829999923706055,17.280000686645508,16.799999237060547,16.8799991607666,827900,53.34634087710113,46.48804305400104,38.6825979067747,36.25454838531192,40.66775762200388,2.7,97.0,-0.37,2.82
RNG,2015-09-02,17.09000015258789,17.239999771118164,16.84000015258789,17.229999542236328,866000,53.59124327651582,46.690743310865614,38.66162282673608,36.32056668122504,40.65898076863228,2.77,96.0,-0.36,2.83
RNG,2015-09-03,17.299999237060547,17.719999313354492,17.270000457763672,17.399999618530273,789000,51.51117358386836,46.693766396670775,38.69206149055471,36.321695912430826,40.667547873763695,2.85,97.0,-0.35,2.81
RNG,2015-09-04,17.1299991607666,17.360000610351562,17.049999237060547,17.09000015258789,672400,51.52728351486989,46.76299602048554,38.795986164849545,36.25670846952164,40.709188865027635,2.93,98.0,-0.35,2.75
RNG,2015-09-08,17.43000030517578,18.110000610351562,17.309999465942383,17.950000762939453,777000,53.53354981257532,47.76032763480781,39.57031037337661,36.43356260362913,40.70555794608236,3.03,100.0,-0.35,2.46
RNG,2015-09-09,18.149999618530273,18.479999542236328,18.040000915527344,18.06999969482422,763600,53.56423805116635,46.87429370957056,39.32913137169933,36.43005212490015,40.5665607199443,3.11,99.0,-0.35,2.58
RNG,2015-09-10,18.010000228881836,18.420000076293945,17.950000762939453,18.299999237060547,730100,53.593028918367345,46.89773163268537,39.28639724715502,36.417068812546255,40.50387038163313,3.2,98.0,-0.37,2.6
RNG,2015-09-11,18.219999313354492,18.510000228881836,18.0,18.450000762939453,364000,53.401699105018764,46.90025943893753,39.30238157722336,36.42028597741982,40.43032127454713,3.28,98.0,-0.39,2.59
RNG,2015-09-14,18.450000762939453,18.65999984741211,18.239999771118164,18.280000686645508,372000,45.252896161124454,46.89919268205383,39.30837919468276,36.411807341945696,40.165002842694584,3.36,98.0,-0.4,2.59
RNG,2015-09-15,18.299999237060547,18.950000762939453,18.049999237060547,18.8799991607666,491000,45.99485037323552,47.385182973975795,39.47820562546113,36.59678383503665,40.23543870449327,3.43,99.0,-0.47,2.51
RNG,2015-09-16,18.899999618530273,18.920000076293945,18.559999465942383,18.90999984741211,342600,44.9921555212076,47.38681148787119,39.44381156644342,36.55022948257678,40.234231441569726,3.51,98.0,-0.52,2.53
RNG,2015-09-17,18.860000610351562,19.110000610351562,18.549999237060547,18.829999923706055,391500,44.990614726334655,47.392762708161946,39.222070695059955,36.54918066269827,40.23456019528334,3.57,93.0,-0.56,2.64
RNG,2015-09-18,18.610000610351562,19.200000762939453,18.3700008392334,18.93000030517578,1558200,44.58718642929195,47.36485547737598,38.973403564709905,36.547917892818006,40.220748301683024,3.63,92.0,-0.61,2.77
RNG,2015-09-21,19.149999618530273,19.6299991607666,18.84000015258789,18.940000534057617,468000,44.454304608506746,47.236223145129486,38.66223297105141,36.50932638849261,40.14180906778004,3.68,85.0,-0.67,2.94
RNG,2015-09-22,18.700000762939453,19.06999969482422,18.649999618530273,18.780000686645508,614000,42.4578596639783,47.09502278531975,38.49572595553927,36.358197787407036,39.47751847213266,3.73,81.0,-0.71,3.03
RNG,2015-09-23,18.8700008392334,19.149999618530273,18.780000686645508,18.90999984741211,345500,42.45252718329243,45.55402360764482,38.49247778245285,36.2632814833935,39.43971907770137,3.78,80.0,-0.75,3.03
RNG,2015-09-24,18.75,18.940000534057617,18.65999984741211,18.850000381469727,484000,42.44356958092094,45.17853864974356,38.46797780207233,36.22596993397428,39.44269094736271,3.82,79.0,-0.79,3.05
RNG,2015-09-25,19.049999237060547,19.049999237060547,18.3799991607666,18.459999084472656,472900,42.732569129537815,45.192215008926354,38.58600473494244,36.29921190201847,39.46136404275835,3.86,82.0,-0.79,2.98
RNG,2015-09-28,18.420000076293945,18.65999984741211,17.780000686645508,17.850000381469727,501400,43.72290924308502,45.356894445570724,38.74895896782106,36.47116984623732,39.6040884546457,3.91,88.0,-0.77,2.91
RNG,2015-09-29,17.889999389648438,17.989999771118164,17.280000686645508,17.479999542236328,573900,41.6017412788729,45.5459099245372,38.82015207672969,36.563526171735745,39.44999033045059,3.95,89.0,-0.75,2.87
RNG,2015-09-30,17.540000915527344,18.190000534057617,17.280000686645508,18.149999618530273,840400,43.00256546373168,45.84544653607259,39.26703485993142,36.81910561164669,39.6155327442576,4.0,93.0,-0.74,2.66
RNG,2015-10-01,18.09000015258789,18.200000762939453,17.489999771118164,17.799999237060547,535700,43.06098111798013,45.84405903828929,39.39447831480384,36.8979866077554,39.65778632304876,4.05,97.0,-0.72,2.59
RNG,2015-10-02,17.549999237060547,18.200000762939453,17.459999084472656,18.170000076293945,666700,42.12684238767365,45.83053780319783,39.51733200896209,36.77570612049815,39.696059891736965,4.1,99.0,-0.71,2.52
RNG,2015-10-05,18.309999465942383,18.75,18.239999771118164,18.75,332400,42.8872381274654,45.701925594432716,39.763900086411375,36.93221939316836,39.80434854027111,4.15,100.0,-0.71,2.41
RNG,2015-10-06,19.0,19.0,17.989999771118164,18.3700008392334,717400,37.19909103110498,45.85711982448012,39.90371277469043,36.76138018884811,39.432488164046035,4.2,100.0,-0.7,2.34
RNG,2015-10-07,18.479999542236328,18.639999389648438,18.06999969482422,18.639999389648438,329300,31.659236004626884,45.94309778825449,39.96346742200217,36.68588955119813,39.442476120520794,4.25,100.0,-0.69,2.31
RNG,2015-10-08,18.610000610351562,18.90999984741211,18.25,18.829999923706055,519900,31.524878940968044,45.9456465110011,39.95327079766695,36.5967077841917,39.41276403227547,4.29,99.0,-0.7,2.31
RNG,2015-10-09,18.889999389648438,19.0,18.43000030517578,18.549999237060547,329000,31.461394468312537,46.04051095222801,40.03085117155835,36.64603144899932,38.73219721709514,4.33,100.0,-0.69,2.27
RNG,2015-10-12,18.549999237060547,18.649999618530273,18.280000686645508,18.600000381469727,342200,31.3496455054985,43.83377054668207,40.031977338684264,36.5750182769497,38.377277056576865,4.38,100.0,-0.67,2.27
RNG,2015-10-13,18.520000457763672,18.989999771118164,18.520000457763672,18.670000076293945,465400,31.15987529119507,43.698375297275135,39.93290524956578,36.559278285696486,38.00689481190715,4.41,96.0,-0.66,2.32
RNG,2015-10-14,18.649999618530273,18.889999389648438,18.43000030517578,18.850000381469727,724100,30.500437486244554,43.229599916663304,39.9554084457009,36.543175554815626,37.8905895459146,4.45,97.0,-0.65,2.31
RNG,2015-10-15,18.899999618530273,19.729999542236328,18.899999618530273,19.709999084472656,625700,32.39667993682273,44.03183751567312,40.547232735765675,36.861886886629776,37.48933761069533,4.49,100.0,-0.68,2.09
RNG,2015-10-16,19.780000686645508,19.8799991607666,19.280000686645508,19.579999923706055,417600,32.51145748375851,42.89322764050835,40.567650768214435,36.78506782687215,37.370956145628696,4.53,100.0,-0.71,2.08
RNG,2015-10-19,19.450000762939453,19.65999984741211,18.899999618530273,19.229999542236328,394800,32.51500042234863,42.905342860142575,40.68458793191606,36.59425035760239,37.27521922618508,4.57,100.0,-0.72,2.03
RNG,2015-10-20,19.18000030517578,19.329999923706055,18.6299991607666,18.770000457763672,368000,30.548956423354927,43.22139134774535,40.883026865141346,36.72277931826285,37.339026436270245,4.61,100.0,-0.69,1.94
RNG,2015-10-21,18.8700008392334,18.959999084472656,18.030000686645508,18.149999618530273,410800,32.142567902678174,43.79732673094786,41.20246032067185,35.77660741278691,37.45739027430113,4.65,100.0,-0.66,1.82
RNG,2015-10-22,18.239999771118164,19.149999618530273,18.18000030517578,19.100000381469727,443000,35.216094676770936,44.95939611845817,41.975965149039304,36.2602099705641,37.62796471662516,4.7,100.0,-0.65,1.61
RNG,2015-10-23,19.329999923706055,19.399999618530273,18.729999542236328,18.829999923706055,480300,35.44142686430112,44.935235335179314,41.84820725660877,36.279519397647725,37.36883610081949,4.74,99.0,-0.65,1.66
RNG,2015-10-26,18.760000228881836,19.059999465942383,18.530000686645508,19.020000457763672,228700,35.412568711726415,40.40157373314208,41.85286878947009,36.29439098300028,37.30004058228755,4.78,99.0,-0.65,1.66
RNG,2015-10-27,18.959999084472656,19.190000534057617,18.790000915527344,18.959999084472656,393300,34.18763021795227,40.21592935032108,41.826731104257966,35.277886976159536,37.051640906306865,4.82,97.0,-0.66,1.67
RNG,2015-10-28,18.989999771118164,19.8700008392334,18.729999542236328,19.860000610351562,420400,36.72275374983967,40.76457770035665,42.44411196572299,35.65899668605804,37.08817879631228,4.86,100.0,-0.69,1.48
RNG,2015-10-29,19.690000534057617,19.809999465942383,18.450000762939453,18.520000457763672,1024000,42.15694916719136,43.22768992787785,43.9127313948156,36.63623073020011,37.77289051928652,4.93,100.0,-0.68,1.35
RNG,2015-10-30,18.520000457763672,18.899999618530273,18.030000686645508,18.5,781400,42.12055223275164,43.00503511015335,43.88897341963031,36.636785431958664,37.768286281248,4.98,99.0,-0.67,1.36
RNG,2015-11-02,18.600000381469727,19.5,18.5,19.350000381469727,1150100,44.15508062420484,43.92946242477508,44.40406860381873,36.91578398551133,37.47803036484186,5.04,100.0,-0.68,1.22
RNG,2015-11-03,21.170000076293945,21.950000762939453,20.110000610351562,21.3799991607666,4210400,52.54432392186128,47.5923143736872,47.05047989012325,38.657443510150955,38.19483479888026,5.15,100.0,-0.27,1.58
RNG,2015-11-04,21.479999542236328,22.329999923706055,21.43000030517578,22.170000076293945,1737600,53.35352964762436,48.06489263015364,46.87858279935658,38.82346313319264,38.305395504935156,5.25,99.0,0.61,1.62
RNG,2015-11-05,22.149999618530273,22.149999618530273,21.059999465942383,21.229999542236328,1163100,55.14663842873403,48.96029220950503,47.394684196448786,39.185358467089046,38.57191328297982,5.35,100.0,0.55,1.5
RNG,2015-11-06,21.219999313354492,21.290000915527344,20.360000610351562,20.459999084472656,1422100,55.964898987358424,49.52284397737516,47.76390926414352,39.15905577787941,38.733990017989655,5.45,100.0,0.43,1.4
RNG,2015-11-09,20.440000534057617,21.010000228881836,20.34000015258789,20.959999084472656,783600,55.14105528489641,49.75001717132321,47.89666252456051,39.237257792069485,38.79708609009259,5.54,100.0,0.33,1.35
RNG,2015-11-10,20.850000381469727,20.889999389648438,20.3700008392334,20.75,700300,54.7791839183661,48.959095039796466,47.9214626261936,39.20880901784835,38.81505902150909,5.63,100.0,0.22,1.34
RNG,2015-11-11,20.809999465942383,21.100000381469727,20.59000015258789,20.940000534057617,480100,53.95369034954083,48.88984628837069,47.93942019219519,39.119613944675095,38.816652019499145,5.71,100.0,0.12,1.33
RNG,2015-11-12,20.799999237060547,21.530000686645508,20.68000030517578,21.229999542236328,1096000,53.514206040419495,48.94094166907517,47.983261110635226,39.14521948947788,38.83400233482021,5.79,100.0,0.05,1.31
RNG,2015-11-13,21.06999969482422,21.280000686645508,20.3799991607666,20.850000381469727,487400,53.762931012199665,48.26040773205066,48.047720117919866,39.1972880151425,38.838929516160306,5.85,100.0,-0.07,1.29
RNG,2015-11-16,20.899999618530273,21.43000030517578,20.850000381469727,21.360000610351562,492500,53.48864318471315,48.26700253468441,48.12547563935025,39.28901308854171,38.77112311288426,5.91,100.0,-0.12,1.27
RNG,2015-11-17,21.43000030517578,22.530000686645508,21.049999237060547,22.420000076293945,1422800,54.43040115462735,46.466830737995814,48.59334970941026,39.64354036191834,38.43265041601909,5.97,100.0,0.08,1.14
RNG,2015-11-18,22.399999618530273,22.709999084472656,22.329999923706055,22.649999618530273,554500,54.389574373381436,44.19341222759986,47.66402481380982,39.61678078522072,38.36996586405099,5.99,92.0,0.24,1.28
RNG,2015-11-19,22.68000030517578,23.229999542236328,22.40999984741211,22.510000228881836,594100,54.50047396322232,44.19734906554496,47.48850789101478,39.414137828409444,38.347802613434595,6.01,91.0,0.23,1.35
RNG,2015-11-20,22.639999389648438,22.969999313354492,22.43000030517578,22.5,294200,54.177206658987565,44.06873388865337,47.356978470939126,39.28395459540004,38.32694760386808,6.02,89.0,0.18,1.39
RNG,2015-11-23,22.170000076293945,22.920000076293945,21.950000762939453,22.59000015258789,371800,54.17071114816525,44.00823470965093,47.1102378618946,39.24666174657915,38.18384298869576,6.03,88.0,0.13,1.46
RNG,2015-11-24,22.459999084472656,22.8799991607666,22.3700008392334,22.860000610351562,359100,54.186417438239985,43.94168450611971,47.11253155791129,39.01605381170885,38.13057611694341,6.0,88.0,0.11,1.45
RNG,2015-11-25,22.829999923706055,23.1200008392334,22.75,22.90999984741211,248600,54.19515853936292,43.65805371145473,46.878038292043165,38.97827570805231,37.869197605967244,5.96,84.0,0.08,1.52
RNG,2015-11-27,22.889999389648438,23.350000381469727,22.709999084472656,23.030000686645508,192000,52.97687768891004,43.539503009386195,46.7401375703142,38.97082865579193,37.84709445054066,5.91,83.0,0.05,1.56
RNG,2015-11-30,23.31999969482422,23.989999771118164,22.719999313354492,22.90999984741211,878700,52.95143007093719,43.57510254660368,46.668284970705,38.95015668716197,37.821669363842716,5.86,82.0,-0.02,1.6
RNG,2015-12-01,22.8700008392334,23.040000915527344,22.280000686645508,22.639999389648438,1037800,52.745244973512584,43.457629090354,46.429218769379105,38.98477875935728,37.70320190352994,5.81,81.0,-0.14,1.7
RNG,2015-12-02,22.8700008392334,23.739999771118164,22.84000015258789,23.200000762939453,555300,52.250762094719015,42.667915514901516,46.51409753150338,39.07053606532981,37.766900402908085,5.75,81.0,-0.2,1.65
RNG,2015-12-03,23.309999465942383,23.59000015258789,22.84000015258789,22.989999771118164,452300,51.063477275028056,42.75236687945325,46.549515718595586,39.09103902471822,37.72643469561618,5.68,81.0,-0.29,1.64
RNG,2015-12-04,23.040000915527344,23.860000610351562,22.770000457763672,23.799999237060547,428900,50.071533297905646,43.17712069929709,46.79401300505331,39.278218191482594,37.83119789176385,5.61,83.0,-0.28,1.54
RNG,2015-12-07,23.719999313354492,23.799999237060547,23.06999969482422,23.510000228881836,432700,50.00074298780328,43.30336029243614,46.84925085801849,39.29078547594105,37.85026599781967,5.51,83.0,-0.34,1.53
RNG,2015-12-08,23.31999969482422,24.3700008392334,23.209999084472656,24.290000915527344,634900,50.53064519917684,43.604083118349436,45.73414268764116,39.45330127640572,37.94989478524958,5.44,76.0,-0.29,1.6
RNG,2015-12-09,24.280000686645508,25.329999923706055,24.100000381469727,24.969999313354492,1656900,50.71867303863328,43.48802775883957,45.8289642331368,39.44939392729385,37.809283863797624,5.36,76.0,-0.13,1.56
RNG,2015-12-10,24.940000534057617,25.15999984741211,24.510000228881836,24.850000381469727,1128200,49.61425610056021,43.527144504416874,45.60389481559711,39.43920662544893,37.81496530482206,5.28,74.0,-0.09,1.66
RNG,2015-12-11,24.389999389648438,24.989999771118164,24.209999084472656,24.5,781700,44.42680957359176,43.66046075895858,45.62735698488506,39.40668830474577,37.84820105752911,5.19,74.0,-0.15,1.65
RNG,2015-12-14,24.459999084472656,24.850000381469727,24.010000228881836,24.329999923706055,538700,44.579012720543545,43.721799427585175,45.02411970680668,39.42168737284266,37.8584667722933,5.11,72.0,-0.25,1.86
RNG,2015-12-15,24.5,24.790000915527344,24.34000015258789,24.549999237060547,321400,43.26941448962553,43.726034034278605,44.914092110030474,39.41436054396396,37.86184058312492,5.03,71.0,-0.33,1.89
RNG,2015-12-16,25.0,25.670000076293945,25.0,25.469999313354492,569000,34.6459326952311,44.14203816595089,45.227740732698116,39.62082597282175,38.00681740357116,4.94,72.0,-0.3,1.76
RNG,2015-12-17,25.0,25.020000457763672,23.40999984741211,23.670000076293945,1810200,40.36174136657724,46.96955712134726,46.84559681538432,40.464380648733524,38.67023404722711,4.87,82.0,-0.41,1.62
RNG,2015-12-18,23.530000686645508,24.0,23.329999923706055,23.43000030517578,1079300,38.200011841435675,47.035632852426055,46.85328102555974,40.49088466285921,38.51816439975047,4.77,83.0,-0.52,1.62
RNG,2015-12-21,23.540000915527344,24.25,23.290000915527344,24.239999771118164,451400,37.22805469928113,47.15797634725981,47.05266048836926,40.665624298283475,38.64354810084381,4.67,86.0,-0.61,1.55
RNG,2015-12-22,24.25,24.31999969482422,23.90999984741211,24.149999618530273,299700,36.89975533876892,46.51895587312701,44.6480367782935,40.671815137378964,38.62513785009583,4.61,66.0,-0.71,1.39
RNG,2015-12-23,24.25,24.25,23.889999389648438,24.139999389648438,285000,36.66881023750655,46.21844533993204,44.57507437045267,40.51866456946511,38.62094703662514,4.54,65.0,-0.8,1.41
RNG,2015-12-24,24.25,24.5,24.079999923706055,24.299999237060547,257900,36.65181290971965,45.729075321589406,44.208940422224494,40.517586431219044,38.60576272289853,4.47,63.0,-0.89,1.54
RNG,2015-12-28,24.209999084472656,24.350000381469727,23.709999084472656,23.989999771118164,566400,36.906898043435355,45.598327580455084,44.2737903056288,40.48632579735793,38.63427881044766,4.39,63.0,-0.97,1.51
RNG,2015-12-29,24.190000534057617,24.420000076293945,23.84000015258789,24.329999923706055,484900,36.403832695897286,45.52274145058781,44.146267302161355,40.51151344153168,38.62425313396865,4.31,61.0,-1.04,1.56
RNG,2015-12-30,24.260000228881836,24.350000381469727,23.950000762939453,23.989999771118164,328300,36.354636652413255,45.34362625138006,44.16778240008699,40.555643911267666,38.651792711592684,4.24,61.0,-1.11,1.55
RNG,2015-12-31,23.93000030517578,24.010000228881836,23.540000915527344,23.579999923706055,551400,34.28299533687573,45.273478017218785,43.75091914039367,40.61873010217262,38.69687155025217,4.16,57.0,-1.17,1.67
RNG,2016-01-04,23.110000610351562,23.110000610351562,22.420000076293945,22.760000228881836,629200,35.81109781247882,45.93573983631387,44.1116753520908,40.71136203762706,38.84815671326778,4.09,59.0,-1.21,1.55
RNG,2016-01-05,22.780000686645508,22.799999237060547,21.940000534057617,22.209999084472656,618800,36.47792308238212,46.262764707815286,44.304249124536085,40.786558099431495,38.82081024755739,4.01,63.0,-1.24,1.47
RNG,2016-01-06,21.850000381469727,22.209999084472656,21.459999084472656,21.780000686645508,1014500,36.895703010372166,46.34696495252878,44.38297354092459,40.86225225034505,38.811537275242046,3.94,63.0,-1.26,1.45
RNG,2016-01-07,21.350000381469727,21.6200008392334,21.0,21.049999237060547,477600,38.07264433725421,46.95547249635216,44.735366674653484,41.06187021165575,38.948844773213985,3.85,66.0,-1.26,1.33
RNG,2016-01-08,21.200000762939453,21.440000534057617,20.790000915527344,21.09000015258789,675800,37.857635724150576,46.95415330592611,44.17154036950296,40.98511981004573,38.93319211885822,3.77,58.0,-1.27,1.49
RNG,2016-01-11,21.260000228881836,21.3700008392334,20.670000076293945,20.959999084472656,296900,37.84175552118938,46.95693723820201,44.11540634365983,40.975420275538546,38.90002042794738,3.69,55.0,-1.27,1.52
RNG,2016-01-12,21.190000534057617,22.399999618530273,21.1200008392334,22.309999465942383,777800,42.28697852372534,47.785349054325714,45.19174895148917,41.486924627653636,39.375472085275845,3.6,68.0,-1.29,1.32
RNG,2016-01-13,22.309999465942383,22.43000030517578,20.579999923706055,21.0,794700,45.66163000502728,49.45108897800328,45.707384125633226,42.00378227716398,39.86251998805303,3.53,71.0,-1.3,1.29
RNG,2016-01-14,21.040000915527344,22.1299991607666,20.5,21.309999465942383,654600,45.85590972959876,49.36260655472411,45.62435982540036,41.87769781877288,39.88372937071867,3.46,69.0,-1.3,1.31
RNG,2016-01-15,20.65999984741211,21.18000030517578,20.1200008392334,20.920000076293945,472800,45.38889394884853,49.247721916427054,44.06763769882587,41.84026181026061,39.803074367531416,3.42,50.0,-1.29,1.36
RNG,2016-01-19,21.200000762939453,21.8700008392334,21.010000228881836,21.780000686645508,778000,47.08003245490504,49.30698595751616,43.16675197078063,42.088165212536,39.98092051273348,3.39,46.0,-1.29,1.36
RNG,2016-01-20,21.290000915527344,21.979999542236328,20.5,21.530000686645508,1035200,45.861619516376045,48.364800375025546,43.17540998323934,42.10154745793083,39.827946831690156,3.36,46.0,-1.29,1.37
RNG,2016-01-21,21.579999923706055,22.25,21.190000534057617,21.6200008392334,557600,45.83120288116469,48.247899636589516,43.06801990720619,42.08229309035677,39.75721382886779,3.33,44.0,-1.28,1.41
RNG,2016-01-22,22.219999313354492,23.5,22.190000534057617,23.360000610351562,1141700,50.443231934043254,50.62598647493514,44.668327449539404,42.914135766271194,40.404201652182245,3.3,62.0,-1.3,1.29
RNG,2016-01-25,23.15999984741211,23.309999465942383,22.06999969482422,22.31999969482422,423400,51.249018324496944,51.59724162712202,45.288106742517286,43.24506288101036,40.681017785218664,3.28,67.0,-1.3,1.16
RNG,2016-01-26,22.459999084472656,23.040000915527344,22.100000381469727,22.780000686645508,456900,51.7219045518149,50.92878197930706,45.23713903261969,43.302136657469234,40.67581558274816,3.25,66.0,-1.32,1.16
RNG,2016-01-27,22.579999923706055,22.65999984741211,21.559999465942383,21.760000228881836,470500,53.114912479876,49.69742233889382,45.80498950900142,43.6637738231958,40.94624963587556,3.22,72.0,-1.32,1.06
RNG,2016-01-28,21.940000534057617,22.760000228881836,20.860000610351562,21.010000228881836,754600,53.87282847524267,50.292250556617425,46.1712088781897,43.87314893588305,41.09474283410077,3.2,73.0,-1.31,0.98
RNG,2016-01-29,21.25,21.889999389648438,20.93000030517578,21.81999969482422,665700,55.151445416802126,50.05485964874199,46.409385492288166,44.05785857388327,41.23307170698006,3.17,73.0,-1.31,0.9
RNG,2016-02-01,21.600000381469727,22.600000381469727,21.329999923706055,22.3700008392334,689500,54.4920836562761,45.996443596379486,45.94680688643196,44.14137762817406,41.2399295339845,3.15,71.0,-1.31,1.0
RNG,2016-02-02,22.110000610351562,22.1200008392334,21.489999771118164,21.709999084472656,538700,51.06539229829296,45.81368503133651,46.223048663829545,44.298472994738994,41.19326623583883,3.13,72.0,-1.29,0.94
RNG,2016-02-03,21.920000076293945,21.989999771118164,21.09000015258789,21.329999923706055,863700,51.20395191836398,45.08145576548082,46.29290616832994,44.33823433365339,41.23875935550254,3.11,72.0,-1.26,0.93
RNG,2016-02-04,21.270000457763672,21.6299991607666,20.739999771118164,21.34000015258789,990900,50.00001175848803,44.41628225456161,46.280963124574725,44.337491330441324,40.494799887298974,3.09,71.0,-1.23,0.93
RNG,2016-02-05,20.700000762939453,21.049999237060547,19.059999465942383,19.149999618530273,2864300,58.3847778531134,49.43831304396916,49.4270439612078,46.1911465854263,41.950912481054495,3.1,100.0,-1.23,1.58
RNG,2016-02-08,18.209999084472656,18.209999084472656,16.559999465942383,17.260000228881836,1709100,64.6290728948837,53.690427795461304,51.863576541874934,47.77475252759804,43.22662120108072,3.17,100.0,-1.2,1.77
RNG,2016-02-09,16.530000686645508,17.360000610351562,15.350000381469727,15.979999542236328,1776500,67.12817412381769,55.720984184209335,53.25158614947569,48.63937832085942,43.917650025896535,3.26,100.0,-1.06,1.53
RNG,2016-02-10,16.5,17.270000457763672,16.350000381469727,16.719999313354492,1240100,69.2909972471152,56.53046267485089,53.76851864081901,48.9356114778217,43.54050285774461,3.36,100.0,-1.03,1.42
RNG,2016-02-11,16.360000610351562,16.899999618530273,16.149999618530273,16.559999465942383,985500,68.85416961947725,56.46706988827849,53.774846329218875,48.94808700080932,43.538254274791086,3.44,100.0,-1.0,1.41
RNG,2016-02-12,16.93000030517578,16.989999771118164,16.209999084472656,16.309999465942383,565600,68.85675537954116,56.2089929382519,53.8189765016148,48.97957688106223,43.56462125690591,3.51,100.0,-0.97,1.39
RNG,2016-02-16,16.610000610351562,17.510000228881836,16.510000228881836,17.440000534057617,663300,72.61607903348842,57.077172617240024,54.892340877294686,49.62026278487354,44.07562969950214,3.6,100.0,-0.98,1.23
RNG,2016-02-17,17.510000228881836,18.350000381469727,17.510000228881836,18.06999969482422,836900,73.36871076189588,57.582351805226054,55.180449967668366,49.77432733648147,44.16406015850461,3.69,100.0,-1.0,1.17
RNG,2016-02-18,18.209999084472656,18.350000381469727,17.850000381469727,18.049999237060547,589300,73.21691042275987,57.58261194690457,55.178827525973794,49.773968778990685,44.123194243390714,3.77,99.0,-1.01,1.17
RNG,2016-02-19,17.989999771118164,18.31999969482422,17.600000381469727,18.309999465942383,402200,73.36640293637558,57.69719259773676,55.12935000697925,49.706639268078,44.10774891412331,3.84,98.0,-1.01,1.19
RNG,2016-02-22,18.59000015258789,18.889999389648438,18.489999771118164,18.739999771118164,483300,73.32501655108564,57.93683087678892,54.98757846546177,49.77196720102997,44.16576406363853,3.9,97.0,-1.0,1.25
RNG,2016-02-23,18.5,18.6200008392334,17.540000915527344,17.559999465942383,838900,75.40388904650396,59.21684742529331,55.863494950938374,50.35309182425847,44.47729056505977,3.97,100.0,-1.0,1.09
RNG,2016-02-24,17.34000015258789,18.049999237060547,17.149999618530273,17.899999618530273,438100,75.75902500243666,59.39961738904952,55.62405731888502,50.40184981621568,44.510202217272145,4.04,99.0,-1.0,1.14
RNG,2016-02-25,18.040000915527344,18.209999084472656,17.350000381469727,17.989999771118164,336200,73.08233616092956,59.398230189058324,55.543180147907464,50.40462262544313,44.483012239325674,4.1,98.0,-1.0,1.18
RNG,2016-02-26,18.0,18.360000610351562,17.700000762939453,18.329999923706055,553400,71.65123140201626,59.58161795959261,55.526597537904955,50.44077350635078,44.452152043417115,4.16,97.0,-1.0,1.18
RNG,2016-02-29,18.329999923706055,18.8700008392334,18.329999923706055,18.5,412200,71.54221024129731,59.61531390098541,55.31920046496482,50.42853978671088,44.45937229697462,4.21,96.0,-1.0,1.23
RNG,2016-03-01,18.719999313354492,19.049999237060547,18.559999465942383,18.84000015258789,481700,71.7189883399868,59.50491404690236,55.2979982499121,50.44284976594532,44.481268058546384,4.25,95.0,-0.99,1.25
RNG,2016-03-02,18.670000076293945,19.1200008392334,18.649999618530273,19.049999237060547,419500,70.6616674052331,59.56712012293972,55.27765513899623,50.184709889772684,44.4933236839589,4.29,94.0,-0.99,1.26
RNG,2016-03-03,18.989999771118164,19.110000610351562,18.649999618530273,19.049999237060547,249400,70.64035908357576,59.05006454057135,55.254748909688054,50.169170336477364,44.47523236488209,4.32,93.0,-0.98,1.26
RNG,2016-03-04,19.1299991607666,19.360000610351562,18.6299991607666,19.06999969482422,437300,70.61446137666869,59.03075260564252,55.20182848520536,50.16065688393571,44.45460680457616,4.35,92.0,-0.97,1.28
RNG,2016-03-07,19.0,19.270000457763672,18.610000610351562,19.1299991607666,469900,66.30707716177217,58.56740290318625,55.20237522140332,50.153476550630636,44.32852615733951,4.37,92.0,-0.96,1.28
RNG,2016-03-08,19.020000457763672,19.170000076293945,18.149999618530273,18.25,348400,66.38756519567494,58.846680332939336,55.70873574751008,50.45919130168508,44.51401456809989,4.39,99.0,-0.97,1.14
RNG,2016-03-09,18.3799991607666,18.450000762939453,16.0,16.139999389648438,2408000,73.8672783095623,63.59319415931702,58.98620931413383,52.50175986988356,46.17167351103748,4.48,100.0,-0.93,1.41
RNG,2016-03-10,16.260000228881836,16.34000015258789,14.279999732971191,15.109999656677246,3464100,74.90348797766502,64.71111251159198,59.393216773925225,53.0606958893702,46.47760485660966,4.58,100.0,-0.83,1.29
RNG,2016-03-11,15.359999656677246,16.079999923706055,15.319999694824219,15.920000076293945,1624800,76.83065874916602,65.87987316134482,60.02441366354625,53.42763799831789,46.742123103604584,4.69,100.0,-0.84,1.19
RNG,2016-03-14,15.8100004196167,15.8100004196167,14.829999923706055,15.699999809265137,1842600,75.52823174385065,65.80847260930376,60.00006539068609,53.40793678409778,46.76016846269667,4.79,99.0,-0.83,1.2
RNG,2016-03-15,15.699999809265137,15.9399995803833,14.960000038146973,15.4399995803833,1362600,74.77012376237589,65.18263427617471,59.9411869406341,53.39411364589931,46.77742859210347,4.88,98.0,-0.81,1.22
RNG,2016-03-16,15.319999694824219,15.34000015258789,14.979999542236328,15.1899995803833,1180000,74.59568474854572,63.78874351182863,59.771655547278726,52.99773554600693,46.80410457962666,4.97,97.0,-0.78,1.27
RNG,2016-03-17,15.1899995803833,15.539999961853027,14.90999984741211,15.510000228881836,649300,75.17020116993194,64.04722845648779,59.28317070429944,52.941004764087715,46.85034228711684,5.04,95.0,-0.8,1.36
RNG,2016-03-18,15.649999618530273,15.979999542236328,15.479999542236328,15.890000343322754,915700,75.78675998359465,63.81160888775311,59.39652119050215,52.97464201339002,46.909481330064004,5.11,96.0,-0.83,1.35
RNG,2016-03-21,15.850000381469727,15.850000381469727,15.050000190734863,15.079999923706055,656800,71.05773798477944,64.47750595040434,59.9056110215804,53.22858159331145,47.20089682605435,5.18,97.0,-0.84,1.2
RNG,2016-03-22,15.0,15.270000457763672,14.960000038146973,15.039999961853027,803600,64.97696955130785,64.46810149447072,59.905484956951106,53.225143307642966,47.19202814255239,5.25,96.0,-0.85,1.2
RNG,2016-03-23,15.020000457763672,15.300000190734863,14.859999656677246,15.0,855300,61.237216001808214,64.40706237331409,59.39449924997627,53.137209608686156,47.192707474855524,5.3,93.0,-0.89,1.29
RNG,2016-03-24,14.930000305175781,14.979999542236328,14.489999771118164,14.550000190734863,890000,60.0681001584007,64.56417037194446,58.58617689300385,53.20731629332247,47.23585436267624,5.36,89.0,-0.89,1.44
RNG,2016-03-28,14.510000228881836,14.640000343322754,13.880000114440918,14.380000114440918,754600,60.0866928965603,64.39807135822073,58.604492384220855,53.15797293849732,47.24369610581996,5.41,89.0,-0.89,1.43
RNG,2016-03-29,14.350000381469727,15.119999885559082,14.130000114440918,15.109999656677246,820300,62.001398012059724,65.48371664092207,58.703669519595806,53.31744652197412,47.441946464979154,5.46,89.0,-0.94,1.42
RNG,2016-03-30,15.199999809265137,15.380000114440918,15.140000343322754,15.220000267028809,525500,58.49807451322201,65.52377391728872,56.39406601980064,53.314430632581455,47.44761897640809,5.49,86.0,-1.01,1.4
RNG,2016-03-31,15.25,16.0,15.130000114440918,15.75,1275200,58.424447236071266,65.80158135956653,56.3582041849333,53.475140467333105,47.5667329646413,5.52,85.0,-1.07,1.41
RNG,2016-04-01,15.619999885559082,15.970000267028809,15.180000305175781,15.9399995803833,531700,58.61513968250416,65.79204311028036,56.04442469986427,53.489492121342366,47.5814363697684,5.55,84.0,-1.13,1.54
RNG,2016-04-04,15.9399995803833,16.809999465942383,15.850000381469727,16.68000030517578,977200,60.137212169073365,66.54234802451771,56.29332918505755,53.75377400392487,47.68104729594469,5.58,84.0,-1.18,1.56
RNG,2016-04-05,16.5,16.979999542236328,16.399999618530273,16.700000762939453,943500,59.6363241106523,66.26327408110537,56.1392639861503,53.170954251028,47.681034019968685,5.61,83.0,-1.23,1.59
RNG,2016-04-06,16.719999313354492,16.950000762939453,16.700000762939453,16.850000381469727,449700,56.828047678045834,66.30511871512101,56.153168161111864,53.13529522813626,47.688762981738805,5.64,83.0,-1.27,1.6
RNG,2016-04-07,16.700000762939453,16.8799991607666,16.549999237060547,16.709999084472656,560700,56.522074269246104,66.30999517212976,56.13294395421406,52.994505947410495,47.69554451498111,5.66,81.0,-1.31,1.59
RNG,2016-04-08,16.899999618530273,16.899999618530273,16.450000762939453,16.829999923706055,522300,56.54952089820661,64.90598493518222,56.094798124227694,52.98397432094458,47.593448081735495,5.69,80.0,-1.35,1.6
RNG,2016-04-11,16.899999618530273,16.899999618530273,16.09000015258789,16.09000015258789,341100,57.504244302346805,64.41125970650367,56.44840964619271,52.900881009062296,47.800458592371335,5.71,86.0,-1.39,1.48
RNG,2016-04-12,16.079999923706055,16.360000610351562,15.930000305175781,16.219999313354492,341900,57.4809608821514,64.34180605365245,56.3117486359078,52.87287627992817,47.7558128822052,5.74,83.0,-1.42,1.5
RNG,2016-04-13,16.3799991607666,16.90999984741211,16.110000610351562,16.899999618530273,788300,58.631949086293645,64.94572666014467,56.15325847180329,53.098507688742934,47.93360083021083,5.76,81.0,-1.44,1.53
RNG,2016-04-14,16.90999984741211,18.469999313354492,16.90999984741211,17.809999465942383,1408800,60.72175627018746,65.34293882209765,56.79944216767504,53.46353519457882,48.21873682985582,5.78,86.0,-1.44,1.42
RNG,2016-04-15,17.84000015258789,18.06999969482422,17.43000030517578,17.549999237060547,517100,60.82404368016812,65.36307375316865,56.82995480417949,53.4812086809018,48.241571717074535,5.81,86.0,-1.44,1.4
RNG,2016-04-18,17.459999084472656,18.43000030517578,17.459999084472656,18.200000762939453,777100,61.86732598907366,65.85370593702821,57.163143226778814,53.61210016700042,48.29838011738839,5.83,86.0,-1.44,1.35
RNG,2016-04-19,18.25,18.350000381469727,17.649999618530273,18.049999237060547,419200,61.88048318602613,63.69839416387283,57.162923103418706,52.396482871394255,48.276015065975386,5.85,85.0,-1.43,1.34
RNG,2016-04-20,18.100000381469727,18.25,17.729999542236328,17.8799991607666,360200,60.43864602726888,63.12719048768762,57.12908109465565,52.360276549774824,48.28502908643987,5.87,84.0,-1.42,1.33
RNG,2016-04-21,18.09000015258789,18.6299991607666,17.829999923706055,18.420000076293945,370000,48.66867951896954,63.308552061051735,57.35329895807803,52.332068879547556,48.367574280611855,5.89,86.0,-1.4,1.29
RNG,2016-04-22,18.399999618530273,18.829999923706055,18.270000457763672,18.829999923706055,387600,44.081009185700395,62.8989700527859,57.47029666639808,52.39753116874285,48.36603584826179,5.9,86.0,-1.38,1.27
RNG,2016-04-25,18.719999313354492,19.059999465942383,18.139999389648438,18.170000076293945,488600,43.663435345470866,62.91250004891346,57.71643299590645,52.50355227391484,48.490617315547624,5.92,86.0,-1.35,1.18
RNG,2016-04-26,18.209999084472656,18.579999923706055,18.1299991607666,18.540000915527344,479700,43.53761032595439,62.53274070749223,57.8054510060642,52.54128632600447,48.46167764390382,5.93,86.0,-1.33,1.18
RNG,2016-04-27,18.68000030517578,19.18000030517578,18.329999923706055,18.829999923706055,1168000,43.10663845184495,62.38531556473876,57.71895875541666,52.30374137771883,48.400087266011745,5.94,85.0,-1.29,1.2
RNG,2016-04-28,20.0,20.739999771118164,19.6200008392334,19.860000610351562,1484100,44.580860606832545,63.168349149496464,58.37125729225252,52.67255053799709,48.58791205891199,5.95,86.0,-1.26,1.12
RNG,2016-04-29,19.850000381469727,20.040000915527344,18.8700008392334,19.079999923706055,666400,46.615840154022116,63.579015131985315,58.400025209163886,52.88568589493696,48.698005181679314,5.97,86.0,-1.22,1.05
RNG,2016-05-02,19.1299991607666,19.600000381469727,19.040000915527344,19.510000228881836,646700,46.55725044816719,63.770056244577525,58.5061011651089,52.934970424089535,48.743023362465735,5.98,86.0,-1.17,1.05
RNG,2016-05-03,19.280000686645508,19.489999771118164,18.770000457763672,18.780000686645508,457300,45.15110869323807,60.27770842261074,58.5223883496413,53.12735233070115,48.88553344012958,5.98,86.0,-1.12,0.99
RNG,2016-05-04,18.700000762939453,18.90999984741211,17.920000076293945,18.31999969482422,556600,46.02366426460758,56.53521818298912,58.42564698396734,52.933237764495935,48.939554645132496,5.98,84.0,-1.09,0.97
RNG,2016-05-05,18.389999389648438,18.459999084472656,18.049999237060547,18.329999923706055,356100,45.977061507919146,54.145910326267,58.42782974293685,52.898076614758274,48.87164110488797,5.97,84.0,-1.05,0.98
RNG,2016-05-06,18.170000076293945,18.290000915527344,17.920000076293945,18.219999313354492,497500,44.79177504900644,53.422368045429266,58.40256869841684,52.891306863422905,48.85043263485781,5.96,82.0,-1.01,0.99
RNG,2016-05-09,18.229999542236328,19.100000381469727,18.049999237060547,18.610000610351562,449900,44.578314620474636,53.52305507938284,58.52422748727398,52.71440300276075,48.894087293495424,5.94,86.0,-0.95,0.98
RNG,2016-05-10,18.6200008392334,18.739999771118164,18.260000228881836,18.6200008392334,350600,42.89981544233667,53.40461518803893,58.496639401685805,52.654922275530616,48.893405057828886,5.92,83.0,-0.91,0.98
RNG,2016-05-11,18.6200008392334,18.8700008392334,18.540000915527344,18.549999237060547,234900,43.012070836483815,51.679522793907985,58.15186313551043,51.89154607488866,48.8926261574217,5.89,77.0,-0.93,1.03
RNG,2016-05-12,18.709999084472656,18.799999237060547,18.229999542236328,18.450000762939453,273800,42.327786909389644,51.19214650625425,57.05636634769057,51.30607770847588,48.879643429210226,5.88,68.0,-0.87,1.25
RNG,2016-05-13,18.43000030517578,18.5,18.200000762939453,18.450000762939453,626200,42.3050993031845,51.191305846726124,57.04429346090014,51.27586156475829,48.87810853571123,5.86,67.0,-0.8,1.27
RNG,2016-05-16,18.5,19.100000381469727,18.420000076293945,18.670000076293945,553200,40.59723896132978,51.165291125488054,56.79267557503075,51.23338894083952,48.89158905009492,5.83,64.0,-0.75,1.31
RNG,2016-05-17,18.56999969482422,18.81999969482422,18.260000228881836,18.309999465942383,405000,41.14865593299526,51.097463083732976,56.85551027685087,51.280075411275625,48.91843645421879,5.78,66.0,-0.7,1.28
RNG,2016-05-18,18.290000915527344,19.309999465942383,17.979999542236328,19.049999237060547,783800,42.468626718392564,49.92991877533488,57.25151086022453,51.477661807974876,49.075520540709775,5.72,71.0,-0.67,1.21
RNG,2016-05-19,19.0,19.309999465942383,18.549999237060547,18.690000534057617,543500,42.8539627648692,49.962281162422585,57.2942006100603,51.47613211812645,49.11412100178795,5.66,71.0,-0.65,1.18
RNG,2016-05-20,18.760000228881836,19.190000534057617,18.690000534057617,18.940000534057617,693400,42.933298625562834,50.02138442171115,57.32574523765845,51.44375136448378,49.10024804815056,5.59,71.0,-0.63,1.19
RNG,2016-05-23,18.329999923706055,18.799999237060547,18.110000610351562,18.520000457763672,882600,41.16284108743873,50.10443402531447,57.35215201135999,51.50318413512836,49.15340113157742,5.52,71.0,-0.66,1.16
RNG,2016-05-24,18.600000381469727,18.809999465942383,18.469999313354492,18.579999923706055,1699300,41.15234981568453,50.07318176120549,57.33081429378212,51.45807580532246,49.15321100976532,5.44,70.0,-0.69,1.18
RNG,2016-05-25,18.700000762939453,19.309999465942383,18.600000381469727,19.18000030517578,874400,40.518974947098826,50.359579583754154,57.5389978018801,51.26813738075895,49.25338138848681,5.35,73.0,-0.71,1.16
RNG,2016-05-26,19.229999542236328,19.860000610351562,19.040000915527344,19.6200008392334,558600,38.29786339068259,50.52149122240962,57.42116937971776,51.33082172720967,49.303074464253726,5.26,71.0,-0.68,1.24
RNG,2016-05-27,19.559999465942383,19.93000030517578,19.329999923706055,19.770000457763672,418700,37.93433734500017,50.54243401969214,57.32013517588753,51.3174490808596,49.30756346985842,5.18,66.0,-0.63,1.29
RNG,2016-05-31,19.81999969482422,19.959999084472656,19.56999969482422,19.739999771118164,579400,36.69153741155044,50.54423856937529,57.244326540024325,51.30969253707006,49.29274119891886,5.08,63.0,-0.59,1.33
RNG,2016-06-01,19.81999969482422,20.0,19.520000457763672,19.81999969482422,733000,36.544515195216285,50.546535659785796,57.002492801376334,51.29867487594265,49.29367892332363,4.99,57.0,-0.55,1.43
RNG,2016-06-02,19.760000228881836,20.15999984741211,19.559999465942383,20.1299991607666,471700,36.51443293651638,49.64441135119158,57.05868668939552,51.19034668659492,49.24955544219126,4.88,59.0,-0.52,1.43
RNG,2016-06-03,20.020000457763672,20.149999618530273,19.549999237060547,19.850000381469727,509900,36.026704613145405,42.480021832502246,57.09215016788103,51.218313386814444,49.26379433460711,4.77,59.0,-0.49,1.41
RNG,2016-06-06,19.850000381469727,20.31999969482422,19.790000915527344,20.209999084472656,381700,35.855058951004246,40.03599167589877,56.274574915571705,51.258202571683476,49.28434560905418,4.67,45.0,-0.46,1.53
RNG,2016-06-07,20.190000534057617,20.809999465942383,20.06999969482422,20.68000030517578,425100,34.45115892044178,38.99332615211837,55.58327079895562,51.32473843598472,49.33305077034531,4.57,35.0,-0.45,1.76
RNG,2016-06-08,20.670000076293945,20.90999984741211,20.479999542236328,20.790000915527344,486500,34.12492733176113,38.8070795136261,55.53967016867459,51.32789894483823,49.33502379767227,4.47,33.0,-0.44,1.77
RNG,2016-06-09,20.75,21.0,20.459999084472656,20.579999923706055,559400,34.17105140701416,38.67600228552918,55.48586567463859,51.33239867392126,49.33862856473666,4.32,31.0,-0.43,1.79
RNG,2016-06-10,20.360000610351562,20.40999984741211,19.81999969482422,20.360000610351562,661900,30.85974233775176,38.562691642715414,55.129121565441544,51.34393489308364,49.33330310412298,4.15,21.0,-0.4,1.84
RNG,2016-06-13,20.34000015258789,20.940000534057617,20.31999969482422,20.350000381469727,349500,28.330311510334045,38.433101200817276,55.10155923335917,51.3422755083906,49.31177858828437,3.96,20.0,-0.37,1.86
RNG,2016-06-14,20.219999313354492,20.68000030517578,20.100000381469727,20.670000076293945,388700,27.981523231836412,38.285121167024556,55.15641578461877,51.31044140938342,49.13736875852853,3.75,22.0,-0.35,1.86
RNG,2016-06-15,20.809999465942383,21.059999465942383,20.770000457763672,20.81999969482422,315200,25.29821170860676,36.41757272284305,53.74183759375363,51.15416432359382,49.131573879942295,3.58,13.0,-0.51,2.01
RNG,2016-06-16,20.579999923706055,20.850000381469727,20.389999389648438,20.790000915527344,555600,23.899899175592616,36.40698407820608,53.26849536336445,51.08915499614898,49.12613466162881,3.43,12.0,-0.54,2.22
RNG,2016-06-17,20.860000610351562,20.959999084472656,20.5,20.579999923706055,725000,24.241347612506104,36.510001064491284,53.18102214443437,50.91908185634302,49.13150502011157,3.27,10.0,-0.65,2.21
RNG,2016-06-20,20.8799991607666,21.079999923706055,20.530000686645508,20.65999984741211,509400,24.059909795160685,35.744860031854294,52.69846499211226,50.86379103373917,49.130862251880394,3.13,9.0,-0.66,2.44
RNG,2016-06-21,20.700000762939453,20.829999923706055,20.3799991607666,20.559999465942383,300400,23.641839627691493,35.627552668462556,52.41161775209856,50.81377629156294,49.133477186205916,2.99,8.0,-0.66,2.59
RNG,2016-06-22,20.579999923706055,20.709999084472656,20.200000762939453,20.25,418100,24.234939972422538,34.704542126249535,52.10688780213183,50.71607794947245,49.15769619720336,2.85,7.0,-0.68,2.63
RNG,2016-06-23,20.540000915527344,20.850000381469727,20.239999771118164,20.850000381469727,268500,25.318229542666966,35.05827390186622,52.16526397628042,50.76840256419564,49.232513488689364,2.69,7.0,-0.78,2.61
RNG,2016-06-24,19.8700008392334,20.5,19.6299991607666,20.020000457763672,1038900,28.32173785468704,35.76412077543496,52.34479841019096,50.975681888955904,49.3751450010026,2.53,7.0,-0.8,2.53
RNG,2016-06-27,19.829999923706055,19.8799991607666,18.540000915527344,19.209999084472656,776900,31.06355694191342,36.90483311566343,52.67202651785391,51.20013676480893,49.508992827765745,2.35,8.0,-0.79,2.39
RNG,2016-06-28,19.489999771118164,19.6200008392334,19.1200008392334,19.399999618530273,511300,31.009855019470088,35.87049417471861,52.699902026635804,51.18136494972775,49.17577649777708,2.15,9.0,-0.8,2.39
RNG,2016-06-29,19.639999389648438,19.889999389648438,19.389999389648438,19.690000534057617,477900,30.60664756686914,35.95787328392133,49.86534762074327,51.209695750207054,49.11267585971326,2.13,1.0,-0.81,2.49
RNG,2016-06-30,19.799999237060547,19.860000610351562,19.5,19.719999313354492,941400,28.502590314025394,35.935402045653554,46.983447782988094,51.20826526198115,49.06983044130749,2.29,1.0,-0.8,2.53
RNG,2016-07-01,19.6299991607666,19.81999969482422,19.479999542236328,19.670000076293945,598000,27.87874066841613,35.87939944092343,45.27703190008575,51.19739650731474,48.98831177154143,2.52,1.0,-0.75,2.92
RNG,2016-07-05,19.6200008392334,19.75,19.149999618530273,19.3700008392334,316400,28.08047903915718,36.056929203457216,44.82565373810562,50.95681144209584,49.009274671290775,2.76,1.0,-0.71,3.03
RNG,2016-07-06,19.200000762939453,19.59000015258789,19.18000030517578,19.5,243400,27.248150666743108,34.69033728378147,44.79772146198532,50.95716237312432,48.938027101526735,2.98,1.0,-0.67,3.06
RNG,2016-07-07,20.43000030517578,20.510000228881836,19.899999618530273,20.3799991607666,496000,29.896280241020673,35.68003043360981,45.21840575271692,51.17829847654819,49.089846874421504,3.16,3.0,-0.62,2.97
RNG,2016-07-08,20.649999618530273,21.90999984741211,20.59000015258789,21.639999389648438,837000,33.18606227401181,36.719599773342786,44.976269794216186,51.57819040318669,49.403621812244225,3.35,3.0,-0.6,2.98
RNG,2016-07-11,21.760000228881836,21.950000762939453,21.469999313354492,21.75,367600,32.71480305680268,35.31317740024061,44.66060937893787,51.41799950131804,49.282358771110765,3.53,1.0,-0.59,3.09
RNG,2016-07-12,21.899999618530273,22.049999237060547,21.610000610351562,21.90999984741211,302000,32.71172395617768,35.120678184978935,44.666452337592396,51.078480890695054,49.274139561729434,3.7,2.0,-0.59,3.1
RNG,2016-07-13,22.010000228881836,22.25,21.799999237060547,22.0,383500,32.678438893352016,34.45491629902943,44.62391017807947,51.04874393148203,49.27496516080904,3.86,1.0,-0.59,3.11
RNG,2016-07-14,22.0,22.309999465942383,21.959999084472656,22.059999465942383,332000,32.67916652626646,34.3726198998539,44.492408888219344,51.03756977031527,49.268142918942935,4.02,1.0,-0.6,3.15
RNG,2016-07-15,22.18000030517578,22.25,21.950000762939453,22.1200008392334,205500,32.482397637121736,34.26927341406578,43.18912948157417,51.03584881867462,49.262488967664865,4.2,1.0,-0.6,3.65
RNG,2016-07-18,22.149999618530273,22.360000610351562,22.020000457763672,22.079999923706055,287300,32.11307511649038,33.846169124260236,43.108903139111334,50.74845319501375,48.79427594295138,4.38,1.0,-0.61,3.67
RNG,2016-07-19,22.110000610351562,22.610000610351562,22.030000686645508,22.1200008392334,410600,31.822560085002056,33.61437756719319,43.106385857747284,50.051587817906714,48.7625174965121,4.54,1.0,-0.63,3.67
RNG,2016-07-20,22.299999237060547,22.489999771118164,22.020000457763672,22.479999542236328,393300,31.509386595466253,32.755027000781254,43.082955525884756,50.08305403765188,48.67731159632011,4.7,1.0,-0.64,3.68
RNG,2016-07-21,22.549999237060547,22.719999313354492,22.049999237060547,22.09000015258789,489800,32.03951873676393,32.84843696080773,43.17827735497553,49.85792678253562,48.69616509560102,4.84,4.0,-0.67,3.58
RNG,2016-07-22,22.149999618530273,22.760000228881836,22.149999618530273,22.709999084472656,569700,32.66060485591809,33.1408868916576,43.29603742669336,48.55481053926626,48.51347102100479,4.98,6.0,-0.68,3.53
RNG,2016-07-25,22.709999084472656,22.989999771118164,22.639999389648438,22.75,274700,32.39379398780871,31.45088346910283,43.2708075852099,48.3664282691857,48.47861108294728,5.11,6.0,-0.7,3.53
RNG,2016-07-26,22.649999618530273,23.049999237060547,22.649999618530273,22.84000015258789,278400,32.36942742225022,30.188788363812414,43.271224260019146,48.09095321591235,48.47860640676374,5.23,7.0,-0.72,3.54
RNG,2016-07-27,22.950000762939453,23.110000610351562,22.780000686645508,22.959999084472656,218100,32.18121389309558,29.9245691577622,43.27445196447058,47.888313195575996,48.48043455541809,5.35,8.0,-0.74,3.54
RNG,2016-07-28,23.010000228881836,23.25,22.93000030517578,23.18000030517578,244800,32.21134951071482,28.715526475113208,43.291189681581905,47.81851989972833,48.477267607763885,5.47,9.0,-0.75,3.54
RNG,2016-07-29,23.18000030517578,23.200000762939453,22.8799991607666,23.030000686645508,375200,32.31285178834417,28.18490502834019,42.595306699830985,47.809197758099266,48.45325811421018,5.59,1.0,-0.77,3.93
RNG,2016-08-01,22.899999618530273,23.579999923706055,22.799999237060547,23.200000762939453,574500,32.071769683119484,28.18573041799894,37.57319703676576,47.80522651839077,47.513673265602804,5.81,1.0,-0.74,0.46
RNG,2016-08-02,23.229999542236328,23.229999542236328,22.450000762939453,22.8799991607666,478300,32.48806334210857,28.35001448619247,35.99525735190713,47.80978660615864,47.503364471340745,6.05,1.0,-0.73,0.19
RNG,2016-08-03,22.829999923706055,23.299999237060547,22.440000534057617,23.219999313354492,676900,32.55199660667335,28.211929362829736,35.20430176504234,47.78889095550676,47.39792355161421,6.29,1.0,-0.7,0.27
RNG,2016-08-04,24.65999984741211,25.0,22.8799991607666,24.139999389648438,1915700,33.52932664886577,29.10786896352192,35.52458764391947,47.92230749842295,47.55082805029941,6.51,2.0,-0.63,0.2
RNG,2016-08-05,24.239999771118164,24.299999237060547,23.799999237060547,24.020000457763672,536600,32.91956339274715,29.123384216209857,35.39674063684243,47.588567588707825,47.499881620132264,6.71,2.0,-0.58,0.24
RNG,2016-08-08,23.989999771118164,23.989999771118164,23.020000457763672,23.1299991607666,423000,32.585363038037194,30.314496648397178,35.876700101994416,47.787149021334365,47.640850817396434,6.89,4.0,-0.57,0.19
RNG,2016-08-09,23.09000015258789,23.280000686645508,22.940000534057617,23.200000762939453,326300,29.523001329746023,30.30477898129359,35.777673287466165,47.78244521449563,47.43706445715948,7.06,4.0,-0.55,0.22
RNG,2016-08-10,23.139999389648438,23.389999389648438,22.899999618530273,23.299999237060547,356500,29.50875642796357,30.258737018681213,35.63114889281686,47.78488827120794,47.42700994961723,7.22,4.0,-0.54,0.27
RNG,2016-08-11,23.479999542236328,23.6200008392334,23.239999771118164,23.530000686645508,310700,29.41545331610999,29.894311873975525,34.48567733430638,47.79639176433555,47.43540883384267,7.39,1.0,-0.53,0.25
RNG,2016-08-12,23.459999084472656,23.59000015258789,23.1200008392334,23.200000762939453,144400,29.9640117519002,29.193849477827843,34.593701018885405,47.80616108913146,47.443357684446234,7.55,2.0,-0.53,0.22
RNG,2016-08-15,23.329999923706055,23.510000228881836,23.1299991607666,23.3799991607666,280400,29.874747300470034,28.83144249409141,34.57952477036382,47.81409355151382,47.44851078011914,7.7,2.0,-0.55,0.22
RNG,2016-08-16,23.3700008392334,23.3700008392334,22.829999923706055,22.84000015258789,547300,30.450692728020023,29.28756077794729,34.41528484418861,47.89068261131681,47.30045170478508,7.86,1.0,-0.62,0.24
RNG,2016-08-17,22.780000686645508,22.950000762939453,22.450000762939453,22.93000030517578,310400,30.451763661778962,28.79969240006505,34.31655942036477,47.888999702055024,47.27705026779365,8.0,1.0,-0.76,0.27
RNG,2016-08-18,22.899999618530273,23.190000534057617,22.809999465942383,22.959999084472656,157500,28.161128988663155,28.80333007460351,33.55762318957134,47.86842754134696,47.270636786525095,8.15,1.0,-0.83,0.37
RNG,2016-08-19,22.940000534057617,23.31999969482422,22.600000381469727,23.09000015258789,329600,22.62904641373326,28.19999045715611,33.554850351521345,47.78539263199981,47.07258207741984,8.31,1.0,-0.93,0.37
RNG,2016-08-22,22.920000076293945,23.040000915527344,22.600000381469727,22.899999618530273,219800,22.809362431309392,27.994190598316678,33.26255521817716,47.78327586015632,47.029204120232464,8.46,1.0,-0.98,0.46
RNG,2016-08-23,22.260000228881836,23.030000686645508,22.18000030517578,22.920000076293945,526800,22.748000259860714,27.97644464057746,33.23919346200171,47.60528268936587,46.40488554176532,8.61,1.0,-1.04,0.47
RNG,2016-08-24,22.860000610351562,23.15999984741211,22.260000228881836,22.309999465942383,416000,24.177613661787344,28.610470961672828,32.90887435777886,47.68948817930483,46.01022809004466,8.76,1.0,-1.04,0.51
RNG,2016-08-25,22.280000686645508,22.56999969482422,22.100000381469727,22.440000534057617,190000,24.21916698658858,28.61804224937337,32.91091801627392,47.53408111980655,45.99061871206294,8.89,2.0,-1.06,0.5
RNG,2016-08-26,22.31999969482422,22.739999771118164,22.209999084472656,22.360000610351562,282500,24.239284337504664,28.50201119959963,32.912917044912064,47.41807428020878,45.94766850479679,9.02,3.0,-1.06,0.51
RNG,2016-08-29,22.329999923706055,22.420000076293945,22.1200008392334,22.290000915527344,207400,24.252634993830164,28.331856995341813,32.87828152388484,47.41639265829026,45.942759278656425,9.15,1.0,-1.07,0.52
RNG,2016-08-30,22.299999237060547,22.770000457763672,22.079999923706055,22.239999771118164,202200,24.259402897638584,28.14530153261258,32.881042262246105,47.3892876764894,45.932414994229504,9.26,2.0,-1.08,0.52
RNG,2016-08-31,22.25,22.25,21.719999313354492,21.950000762939453,560200,24.068181446402765,27.94521383922919,32.08280889674696,47.406656400209506,45.90886546840194,9.38,1.0,-1.19,0.55
RNG,2016-09-01,21.799999237060547,22.209999084472656,21.6200008392334,22.149999618530273,306600,23.69470104067162,27.98065821750279,32.08723151037972,47.406852228541766,45.874348017669526,9.49,2.0,-1.32,0.55
RNG,2016-09-02,22.25,22.479999542236328,22.1200008392334,22.479999542236328,282000,22.662399249256268,28.02076184625781,31.56292037724839,47.23391064675037,45.886634828032705,9.61,1.0,-1.39,0.67
RNG,2016-09-06,22.6200008392334,22.6200008392334,22.299999237060547,22.360000610351562,189700,22.698869253510175,27.94197658449548,30.569199775274257,46.4412081955013,45.85152520884003,9.73,1.0,-1.39,0.74
RNG,2016-09-07,22.079999923706055,22.459999084472656,22.020000457763672,22.3700008392334,559000,22.66087428485843,27.93969340026241,30.4493415038451,46.42641884290632,45.5972712436134,9.84,1.0,-1.42,0.78
RNG,2016-09-08,22.309999465942383,22.65999984741211,22.239999771118164,22.34000015258789,413000,22.59131004282042,27.791806467341196,29.9639522422502,46.247404164871,45.59409356002102,9.95,1.0,-1.41,0.94
RNG,2016-09-09,22.209999084472656,22.350000381469727,21.489999771118164,21.649999618530273,425000,24.01376067390292,28.555237557298607,30.387889471878786,46.39042694079841,45.69205892030203,10.04,2.0,-1.4,0.82
RNG,2016-09-12,21.459999084472656,22.1299991607666,21.40999984741211,22.0,328400,24.551754799773825,28.724682722699,30.416518869450538,46.432209317786175,45.71180759448019,10.13,3.0,-1.41,0.8
RNG,2016-09-13,21.989999771118164,22.1200008392334,21.6200008392334,21.959999084472656,533000,24.406979038458275,28.637841077581932,30.09639336406452,46.42471754543905,45.7015953870494,10.21,2.0,-1.39,0.93
RNG,2016-09-14,21.93000030517578,22.260000228881836,21.8799991607666,22.229999542236328,577900,24.459101427243247,28.72352792305205,29.968485248797656,46.42611085393647,45.60636875922992,10.28,2.0,-1.37,0.99
RNG,2016-09-15,22.299999237060547,23.059999465942383,22.170000076293945,23.049999237060547,504700,26.3743679507739,29.573532322239355,29.86156221947287,46.59713845516188,45.74483949066624,10.35,1.0,-1.37,0.97
RNG,2016-09-16,23.100000381469727,23.3700008392334,22.90999984741211,23.360000610351562,396400,24.01979749311063,29.44708516282696,29.777903146038227,46.59603799979746,45.759280858102564,10.4,1.0,-1.36,1.01
RNG,2016-09-19,23.540000915527344,23.8700008392334,23.139999389648438,23.360000610351562,306600,23.99310256955622,28.91448563008249,29.70448383563719,46.55164731293315,45.75718508040168,10.45,1.0,-1.34,1.05
RNG,2016-09-20,23.510000228881836,23.510000228881836,23.010000228881836,23.09000015258789,303900,21.58189512413723,27.677561945761337,28.629538644327162,46.38224561702924,45.77413961827868,10.5,1.0,-1.33,1.04
RNG,2016-09-21,23.290000915527344,23.649999618530273,23.15999984741211,23.600000381469727,279200,22.486046412970378,26.418025138090528,28.02160572164561,46.360930800601466,45.81294329459074,10.56,1.0,-1.31,1.09
RNG,2016-09-22,23.649999618530273,24.0,23.610000610351562,23.81999969482422,378900,22.60379563292955,26.412437386765227,27.85899835893739,46.31229059158197,45.81668735624342,10.6,1.0,-1.28,1.17
RNG,2016-09-23,23.770000457763672,23.84000015258789,23.489999771118164,23.65999984741211,239200,22.534803074776285,26.384227618222095,27.144458961582153,46.13744589167939,45.82126686081793,10.65,1.0,-1.25,1.3
RNG,2016-09-26,23.600000381469727,23.709999084472656,23.280000686645508,23.510000228881836,177800,22.216554187708105,26.453226242633537,26.83173171214701,46.144645281297144,45.774822772156554,10.69,1.0,-1.23,1.42
RNG,2016-09-27,23.479999542236328,23.770000457763672,23.469999313354492,23.739999771118164,318100,22.28126803193208,26.46444595071195,26.854392165992614,46.1501254481098,45.65128388886252,10.72,2.0,-1.21,1.4
RNG,2016-09-28,23.75,23.809999465942383,23.489999771118164,23.790000915527344,209100,21.10109978044336,26.183413649290593,26.819069835690172,45.56244138849713,45.59752570186479,10.75,1.0,-1.19,1.42
RNG,2016-09-29,23.799999237060547,23.799999237060547,23.40999984741211,23.559999465942383,170700,21.325954712777044,26.31159714992213,26.72451055770409,45.00001609274186,45.46373392727824,10.76,1.0,-1.16,1.49
RNG,2016-09-30,23.670000076293945,23.729999542236328,23.31999969482422,23.65999984741211,328700,21.347648585174316,24.88900806983219,26.72454353194557,44.97121116129562,45.41816004337013,10.77,2.0,-1.13,1.49
RNG,2016-10-03,23.559999465942383,23.920000076293945,23.40999984741211,23.899999618530273,417200,21.470268292974797,21.884556783298923,26.733758826821703,44.927826341107156,45.385192233128905,10.77,3.0,-1.09,1.47
RNG,2016-10-04,23.90999984741211,24.540000915527344,23.90999984741211,24.149999618530273,316300,21.440867935626184,21.947343746340305,26.732059842113227,44.696058711130334,45.29273190895806,10.78,3.0,-1.07,1.47
RNG,2016-10-05,24.270000457763672,24.280000686645508,23.100000381469727,23.139999389648438,481500,25.023198790261137,23.72808530924399,27.6848676831207,44.966473322307806,45.453005778570116,10.76,9.0,-1.05,1.35
RNG,2016-10-06,23.1299991607666,23.360000610351562,22.81999969482422,22.899999618530273,413700,23.888634725325844,23.831204094449152,27.714343774952173,44.98240774524267,45.446285363292525,10.74,10.0,-1.01,1.34
RNG,2016-10-07,22.860000610351562,22.940000534057617,22.440000534057617,22.489999771118164,516000,24.45514916984056,24.133567244494905,27.687476612937807,44.08860418875011,45.47570804078832,10.72,10.0,-1.01,1.35
RNG,2016-10-10,22.649999618530273,22.68000030517578,22.25,22.360000610351562,758400,24.492459086027136,24.16054052791116,27.050405377499125,43.762897787173074,45.45316986452438,10.68,8.0,-0.95,1.54
RNG,2016-10-11,22.3700008392334,22.3700008392334,21.790000915527344,21.860000610351562,442000,25.345019133142966,24.60585516459308,27.124955823822567,43.776707105940375,45.512678541227324,10.64,9.0,-0.92,1.51
RNG,2016-10-12,21.809999465942383,22.299999237060547,21.6299991607666,22.149999618530273,355600,25.65298983062422,24.754730337069272,27.12376790633631,43.46734584592482,45.52890538145981,10.59,9.0,-0.87,1.51
RNG,2016-10-13,21.950000762939453,22.020000457763672,21.469999313354492,21.520000457763672,412300,26.727690422219325,25.21650463185926,27.287243077579713,43.40266796258574,45.61557621952941,10.52,12.0,-0.91,1.47
RNG,2016-10-14,21.610000610351562,21.75,21.469999313354492,21.520000457763672,201200,26.569579246864677,24.973176459329842,27.28684451258161,43.1703114770813,45.40032804341087,10.45,12.0,-0.97,1.47
RNG,2016-10-17,21.600000381469727,21.600000381469727,21.149999618530273,21.299999237060547,196700,26.269836433583745,24.351703852616083,26.911754843249902,43.08439503468996,45.40743688130274,10.37,8.0,-0.95,1.63
RNG,2016-10-18,21.5,21.799999237060547,21.350000381469727,21.649999618530273,211300,26.76010028813614,24.60478391656984,26.79999152881335,42.98331884711785,45.39778219234942,10.28,5.0,-0.9,1.68
RNG,2016-10-19,21.600000381469727,22.200000762939453,21.600000381469727,22.0,235900,27.214783446643736,24.828681168719065,26.886231652987032,42.973507434219556,45.35648407181764,10.18,9.0,-0.83,1.63
RNG,2016-10-20,21.950000762939453,22.25,21.950000762939453,22.149999618530273,288300,27.296420451633935,24.846406552778916,26.89825467648373,42.98064141626625,45.23019906481823,10.08,10.0,-0.75,1.62
RNG,2016-10-21,21.950000762939453,22.200000762939453,21.850000381469727,22.149999618530273,244700,25.65666926714857,24.756964016852464,26.89484590798987,40.99664618977381,44.9482478323873,9.97,10.0,-0.66,1.62
RNG,2016-10-24,22.350000381469727,23.200000762939453,22.200000762939453,23.100000381469727,542300,27.99608995502484,26.22780039965511,27.575654154789486,39.35171139308721,45.11348347717596,9.84,19.0,-0.58,1.48
RNG,2016-10-25,23.0,23.25,22.75,23.149999618530273,408200,27.97727738315865,26.187595456838856,27.465288871728195,38.22217283593967,45.10418121465347,9.69,19.0,-0.49,1.54
RNG,2016-10-26,22.049999237060547,22.600000381469727,21.549999237060547,21.549999237060547,1444800,34.93907953218317,29.901202481085136,29.692657287257298,38.85878983976566,45.68007515819883,9.54,27.0,-0.41,2.62
RNG,2016-10-27,21.549999237060547,21.899999618530273,20.600000381469727,20.649999618530273,930900,35.109044807148216,30.907587831112032,30.258459048272197,39.18611282764027,45.65019467859368,9.38,34.0,-0.41,2.4
RNG,2016-10-28,20.75,21.100000381469727,20.149999618530273,20.200000762939453,690600,35.11620273945424,29.978634154054163,30.446742341015216,39.234675367835706,45.16171603482659,9.22,37.0,-0.44,2.27
RNG,2016-10-31,20.25,20.850000381469727,20.100000381469727,20.700000762939453,521500,36.11031767521077,30.49662031580275,30.656173993092782,38.54716174436077,45.22575188000809,9.04,40.0,-0.44,2.18
RNG,2016-11-01,20.850000381469727,21.0,19.799999237060547,20.100000381469727,697100,36.7969734050184,30.130163685226897,30.965303821090394,38.49344633551565,45.1025528956762,8.86,41.0,-0.44,2.01
RNG,2016-11-02,19.600000381469727,20.200000762939453,19.350000381469727,19.950000762939453,549100,35.935428663947555,30.12728157626971,30.987318062169894,38.50482035730595,43.985751756562294,8.66,42.0,-0.45,1.99
RNG,2016-11-03,19.899999618530273,20.200000762939453,19.600000381469727,19.799999237060547,528300,35.65986058975414,30.110630852670976,30.904641641122293,38.48179171808413,43.83813485662465,8.46,41.0,-0.47,2.03
RNG,2016-11-04,19.850000381469727,20.229999542236328,19.600000381469727,20.049999237060547,429500,36.068465058933526,30.164203009674168,30.949678746224286,38.41354426355647,43.6451198206169,8.28,42.0,-0.51,2.0
RNG,2016-11-07,20.350000381469727,20.75,20.149999618530273,20.600000381469727,405100,37.28105498888958,30.672725271494233,31.253981889184963,37.745543915961065,43.57378774947956,8.09,45.0,-0.52,1.87
RNG,2016-11-08,20.549999237060547,21.200000762939453,20.399999618530273,20.799999237060547,506600,37.27863359777805,30.70140952197633,31.249906199128453,37.697393022246196,43.51734281466476,7.9,45.0,-0.51,1.88
RNG,2016-11-09,20.399999618530273,21.149999618530273,20.149999618530273,21.049999237060547,453100,37.53630739906574,30.50151168992849,31.300906424301495,37.71713576431742,43.522044832844294,7.7,47.0,-0.48,1.86
RNG,2016-11-10,21.25,21.950000762939453,21.049999237060547,21.700000762939453,511000,38.793328133951995,31.173103797630354,31.65497609738021,37.82023121596875,43.618544506403836,7.5,49.0,-0.41,1.72
RNG,2016-11-11,21.700000762939453,22.600000381469727,21.649999618530273,22.549999237060547,768400,40.553066950737595,32.19748381171313,32.117537624474664,38.067263503621405,43.765348375918414,7.3,52.0,-0.29,1.61
RNG,2016-11-14,22.700000762939453,23.850000381469727,22.549999237060547,22.75,684700,40.523070967285506,32.229196754238764,31.82496767027111,38.02405400179204,43.73505888915402,7.08,50.0,-0.21,1.73
RNG,2016-11-15,22.799999237060547,23.799999237060547,22.799999237060547,23.299999237060547,548000,41.056327302775586,32.55950833295642,31.32772769667897,38.1017324410995,43.733548132821845,6.85,48.0,-0.08,1.9
RNG,2016-11-16,23.200000762939453,24.100000381469727,23.110000610351562,23.850000381469727,497900,39.69127471390272,32.90023890476245,30.753981387129443,38.19198458439128,43.52798674171863,6.59,41.0,-0.06,2.1
RNG,2016-11-17,24.100000381469727,24.200000762939453,22.850000381469727,22.950000762939453,773900,41.19660674291142,33.39314444830927,31.39637536202196,38.47999424622238,43.68799228854968,6.32,50.0,0.02,1.83
RNG,2016-11-18,23.049999237060547,23.299999237060547,22.549999237060547,22.75,740200,40.92782724249157,33.427053832410564,31.368055398550222,38.496533643311764,43.6924055863331,6.11,50.0,0.15,1.83
RNG,2016-11-21,22.899999618530273,23.299999237060547,22.600000381469727,22.700000762939453,519000,40.89389258805843,33.42157642048225,31.37338613153478,38.07170999030428,43.69295464475832,5.95,51.0,0.28,1.83
RNG,2016-11-22,22.149999618530273,22.700000762939453,21.899999618530273,22.100000381469727,820800,41.11612225410658,33.8724104659867,31.685613878470175,35.2567117303484,43.77330748228347,5.83,55.0,0.38,1.66
RNG,2016-11-23,22.0,22.850000381469727,22.0,22.850000381469727,331600,42.06861987118401,34.557601697141735,31.98157817008157,34.52305734716681,43.88492447769091,5.71,57.0,0.34,1.58
RNG,2016-11-25,22.799999237060547,23.149999618530273,22.5,23.0,186500,41.12334730187873,34.4625190218913,31.981001816973713,34.01244887062622,43.889268535434724,5.59,57.0,0.26,1.58
RNG,2016-11-28,22.950000762939453,23.200000762939453,22.0,22.049999237060547,485800,43.09110226621908,35.520245936831245,31.997504395651344,34.36181127934753,44.08835396352918,5.45,59.0,0.39,1.52
RNG,2016-11-29,22.149999618530273,22.149999618530273,20.799999237060547,20.950000762939453,848100,45.56477671208085,36.88735376041086,31.626054498137577,34.86279417822461,44.379698126607735,5.31,54.0,0.31,1.24
RNG,2016-11-30,21.149999618530273,21.649999618530273,20.950000762939453,21.549999237060547,885700,46.076940710743095,37.36410835157798,31.938914592865604,34.937162774408534,44.45642030980845,5.17,58.0,0.28,1.14
RNG,2016-12-01,21.450000762939453,22.5,20.75,21.100000381469727,956900,46.20001749926651,37.59821874528631,32.089295807710734,34.97017764032553,44.43634343123224,5.02,64.0,0.19,1.04
RNG,2016-12-02,20.899999618530273,21.049999237060547,19.950000762939453,20.549999237060547,842300,46.688534276824946,37.95802170097187,32.345481856318706,35.024601937269956,44.504150673185755,4.87,66.0,0.07,0.9
RNG,2016-12-05,20.700000762939453,22.0,20.700000762939453,21.850000381469727,756900,50.22469999611966,39.55228851421268,33.80793808097611,35.150708260004016,44.794734120493146,4.71,76.0,0.05,1.04
RNG,2016-12-06,21.75,21.950000762939453,21.200000762939453,21.700000762939453,412500,48.606691754511615,39.43794436223768,33.821982913773866,35.162268909544125,44.78360280819818,4.58,77.0,0.01,1.03
RNG,2016-12-07,21.75,22.549999237060547,21.5,22.5,382400,49.85046261245116,40.13607793031904,34.31047227426231,35.38912412775877,44.811345659073595,4.45,78.0,0.03,0.91
RNG,2016-12-08,22.5,23.399999618530273,22.25,23.350000381469727,600100,46.28766562017705,40.767115133616485,34.806197745806536,35.41252028112262,44.88053633994339,4.31,84.0,0.03,0.79
RNG,2016-12-09,23.350000381469727,23.799999237060547,22.549999237060547,22.75,785300,45.1083236793064,40.45314465204503,34.968499837560564,35.53424851849829,44.952216925927644,4.18,85.0,0.03,0.72
RNG,2016-12-12,23.350000381469727,23.5,22.350000381469727,22.850000381469727,690600,44.46802763303911,40.36620951992191,34.86021157031835,35.092906306239556,44.933192546461484,4.03,85.0,0.06,0.77
RNG,2016-12-13,22.850000381469727,23.549999237060547,22.450000762939453,22.5,506600,44.385058858965145,40.483982994740956,34.670813642316304,35.15043880841445,44.95383454436243,3.87,84.0,0.05,0.81
RNG,2016-12-14,22.450000762939453,22.799999237060547,21.75,21.950000762939453,517900,44.110738360279164,40.72488898400749,34.889431145794454,35.085820294066124,45.010300490783166,3.7,87.0,0.02,0.71
RNG,2016-12-15,21.850000381469727,22.450000762939453,21.799999237060547,22.0,670100,44.00083864583756,40.4557530252506,34.88518565202467,35.06508855598745,44.85571594216985,3.52,87.0,-0.01,0.72
RNG,2016-12-16,21.899999618530273,22.049999237060547,21.5,21.649999618530273,690300,44.25013544071066,40.50912125374054,34.96144515625808,34.741780177902385,44.28569197448103,3.33,89.0,-0.06,0.68
RNG,2016-12-19,21.799999237060547,21.950000762939453,21.5,21.799999237060547,310100,44.174249626962414,40.53156744921401,34.94453850281072,34.74776083945192,44.28056308513245,3.13,89.0,-0.09,0.68
RNG,2016-12-20,22.0,22.200000762939453,21.600000381469727,21.649999618530273,343600,43.646217381928075,40.53458735332814,34.94636559863129,34.750443346016695,44.15142375167517,2.94,90.0,-0.13,0.68
RNG,2016-12-21,21.700000762939453,21.700000762939453,20.899999618530273,21.100000381469727,297000,44.283002092329866,40.77044227673179,35.14835691825412,34.87969908181988,44.22261559132144,2.9,93.0,-0.21,0.6
RNG,2016-12-22,21.100000381469727,21.25,20.780000686645508,20.850000381469727,202900,44.286061074202756,40.81193583630755,35.1312814902477,34.90759394409017,44.23726113945271,2.89,93.0,-0.31,0.61
RNG,2016-12-23,20.899999618530273,21.25,20.700000762939453,21.200000762939453,143300,43.6309338128036,40.961883966920034,35.15410926826173,34.519796177824915,44.265027787775125,2.88,95.0,-0.37,0.6
RNG,2016-12-27,21.200000762939453,21.649999618530273,21.18000030517578,21.600000381469727,209500,42.44928206607837,41.158919921681424,34.71650686940434,34.57102021175735,44.28937573279916,2.87,85.0,-0.37,0.67
RNG,2016-12-28,21.75,21.799999237060547,20.899999618530273,20.899999618530273,526900,43.2897877644324,41.58319488766057,35.077748958284054,34.490259037252315,44.38440715622258,2.87,94.0,-0.43,0.56
RNG,2016-12-29,20.899999618530273,21.299999237060547,20.649999618530273,20.950000762939453,401100,42.57948705299701,41.51149740481285,34.59393937178938,33.9470439806662,44.3647726968038,2.85,84.0,-0.49,0.69
RNG,2016-12-30,20.950000762939453,21.200000762939453,20.549999237060547,20.600000381469727,462600,41.96374034274454,40.769257735772165,34.67897658044537,33.96184762975159,44.36331369992202,2.83,86.0,-0.56,0.65
RNG,2017-01-03,21.0,21.3799991607666,20.75,21.350000381469727,471600,42.314748436748175,41.451632560685475,35.161970699345844,33.95299461043183,44.37262280788923,2.83,100.0,-0.57,0.55
RNG,2017-01-04,21.450000762939453,21.75,21.25,21.549999237060547,372500,42.403495898748936,41.35468014860598,35.158196479668646,33.94998998097981,44.31615323323445,2.84,99.0,-0.56,0.55
RNG,2017-01-05,21.5,21.549999237060547,21.1299991607666,21.25,345300,42.55113094269776,41.43211826860834,35.15719320848358,33.97399920027512,44.295250402627374,2.84,98.0,-0.58,0.55
RNG,2017-01-06,21.399999618530273,21.799999237060547,21.0,21.799999237060547,325900,42.62703726438872,41.52715756349826,35.38141249077139,33.92747394534752,44.237217989145456,2.85,100.0,-0.55,0.48
RNG,2017-01-09,21.799999237060547,22.049999237060547,21.5,21.649999618530273,453600,41.43107494580585,41.457892389816955,35.209033433141805,33.8469881299742,44.24246104410564,2.86,99.0,-0.56,0.55
RNG,2017-01-10,21.700000762939453,21.8799991607666,21.399999618530273,21.649999618530273,329700,41.359943880054566,41.03096916882168,35.20186475892665,33.56811397397463,44.237959757445516,2.88,98.0,-0.55,0.55
RNG,2017-01-11,21.600000381469727,22.25,21.549999237060547,21.950000762939453,630000,39.78725838533231,41.12634941503656,35.27425696714061,33.52514890429089,43.81567053327795,2.89,99.0,-0.53,0.53
RNG,2017-01-12,21.950000762939453,22.049999237060547,21.350000381469727,22.0,285400,36.72936866105288,41.06850493030653,35.2634859021361,33.48063978421709,43.393844183375,2.91,98.0,-0.5,0.53
RNG,2017-01-13,22.100000381469727,22.549999237060547,21.950000762939453,22.5,566000,36.40306395892976,41.18902231185434,35.42805479384462,32.99710710748599,43.42705101818728,2.94,100.0,-0.48,0.49
RNG,2017-01-17,22.399999618530273,22.5,21.549999237060547,21.700000762939453,355200,37.46319281879828,41.74269790078654,35.88603294626061,32.93301540898192,43.53971199125829,2.97,100.0,-0.47,0.36
RNG,2017-01-18,21.799999237060547,22.399999618530273,21.5,21.850000381469727,427100,36.58379221272916,41.74337512687133,35.65311264096282,32.84129192647232,43.35828912411465,2.99,99.0,-0.47,0.45
RNG,2017-01-19,21.950000762939453,22.399999618530273,21.649999618530273,21.950000762939453,194400,32.001045327891994,41.754924744587356,35.64831430003444,32.518786980659996,43.345103247221964,3.02,98.0,-0.47,0.45
RNG,2017-01-20,22.049999237060547,22.899999618530273,21.93000030517578,22.850000381469727,349800,33.9499066762628,41.67841983012377,36.21580926196614,32.705205622376766,43.52847342339476,3.06,100.0,-0.49,0.35
RNG,2017-01-23,22.75,23.649999618530273,22.700000762939453,23.5,496900,33.30642645696067,42.07634849685089,36.479714636756896,32.85867794282743,42.9254167846119,3.1,100.0,-0.54,0.29
RNG,2017-01-24,23.649999618530273,23.950000762939453,23.350000381469727,23.649999618530273,516600,31.596738133606483,39.332839117295556,36.48864437984937,32.852083197051215,42.685388404107464,3.13,100.0,-0.59,0.29
RNG,2017-01-25,23.850000381469727,23.899999618530273,23.200000762939453,23.649999618530273,593500,30.587247314936413,38.241298393561486,36.42226570798815,32.7684836092425,42.63732827002994,3.17,98.0,-0.64,0.32
RNG,2017-01-26,23.799999237060547,23.799999237060547,23.0,23.25,445600,31.027093504118362,38.119714489766,36.50633335314469,32.840543083398074,42.42258286399603,3.21,100.0,-0.68,0.28
RNG,2017-01-27,23.299999237060547,24.5,22.899999618530273,24.350000381469727,1119000,33.32347083646105,38.91209733857502,37.155245189508165,33.26339323926359,42.52159296508751,3.26,100.0,-0.68,0.22
RNG,2017-01-30,23.950000762939453,24.200000762939453,23.049999237060547,23.350000381469727,1008100,34.886304694141685,39.43464930033311,37.75835262711804,33.6489111886716,42.56828083106351,3.32,100.0,-0.71,0.11
RNG,2017-01-31,23.149999618530273,23.450000762939453,22.700000762939453,23.350000381469727,659800,34.8913224195412,39.383456892313475,37.7584151533312,33.6489111886716,42.49642979114365,3.37,100.0,-0.75,0.11
RNG,2017-02-01,23.450000762939453,23.5,22.850000381469727,23.0,395400,34.850416924048105,39.49706617754857,37.83794749939823,33.68113152896277,42.41665468012879,3.42,100.0,-0.77,0.08
RNG,2017-02-02,22.850000381469727,23.600000381469727,22.850000381469727,23.299999237060547,918900,34.96819234583537,39.501632751667216,37.546945015119555,33.62001555130449,42.39752215729462,3.46,97.0,-0.78,0.16
RNG,2017-02-03,23.350000381469727,23.450000762939453,22.899999618530273,23.200000762939453,750600,34.91727589314528,39.190517955121884,37.474692666800976,33.31624055500766,42.40007159518914,3.51,96.0,-0.8,0.17
RNG,2017-02-06,23.049999237060547,23.299999237060547,22.399999618530273,22.600000381469727,417500,34.950320791995324,39.57761358468331,37.712761888105526,33.38755578333748,41.06251596735887,3.55,97.0,-0.8,0.1
RNG,2017-02-07,22.649999618530273,23.049999237060547,22.450000762939453,22.600000381469727,337400,34.69908430349151,39.51709484421282,37.66419979220761,33.35602345552681,39.69790154955529,3.59,96.0,-0.8,0.11
RNG,2017-02-08,22.350000381469727,22.399999618530273,21.899999618530273,22.299999237060547,589900,34.739972390828115,39.15084843731289,37.27639024894732,33.2836585504466,38.94325696367815,3.61,93.0,-0.79,0.17
RNG,2017-02-09,22.399999618530273,23.149999618530273,22.399999618530273,22.75,741100,34.796646638548076,38.56494784557474,37.35299892465806,33.35813882314461,38.73831907593859,3.64,93.0,-0.76,0.15
RNG,2017-02-10,22.950000762939453,23.549999237060547,22.350000381469727,23.5,1570800,34.29121828497408,39.091768996323154,37.71200123850459,33.3666749521359,38.84828416677764,3.67,96.0,-0.77,0.08
RNG,2017-02-13,23.5,24.149999618530273,23.229999542236328,23.799999237060547,1324000,34.381301922182104,38.87279193371726,37.71771903849841,33.296661791900675,38.828758705797206,3.69,97.0,-0.79,0.09
RNG,2017-02-14,23.549999237060547,24.5,22.549999237060547,23.899999618530273,2633900,33.79508562841833,38.58643849898736,37.56484190912391,33.289654115938966,38.269178355846876,3.7,93.0,-0.79,0.12
RNG,2017-02-15,23.950000762939453,25.450000762939453,23.899999618530273,25.149999618530273,1478000,35.256873492463626,39.124883290590304,38.39751155611264,33.80803213769634,38.43931365973998,3.72,100.0,-0.56,0.07
RNG,2017-02-16,24.899999618530273,25.200000762939453,24.25,24.5,1061300,36.40214565884709,39.4819560042893,38.614854213122136,33.962909260552195,38.53683710205657,3.72,100.0,-0.54,0.01
RNG,2017-02-17,24.399999618530273,25.299999237060547,24.299999237060547,25.200000762939453,788200,36.612657320503835,39.85791208372582,38.8504988722623,34.0709372699408,38.60902216908852,3.73,100.0,-0.4,-0.04
RNG,2017-02-21,25.149999618530273,25.799999237060547,25.100000381469727,25.649999618530273,1263500,36.31180434391785,39.53933510291099,38.91818747665958,34.07762019028098,38.581485735812905,3.72,100.0,-0.12,-0.05
RNG,2017-02-22,24.950000762939453,25.950000762939453,24.799999237060547,25.799999237060547,1047100,36.123268584413,39.01974528273323,38.92592606962697,34.024848387105706,38.005704969021764,3.72,100.0,0.11,-0.06
RNG,2017-02-23,25.950000762939453,26.25,25.399999618530273,25.899999618530273,948500,36.086250735229655,39.01036288342172,38.89213741911295,33.92878076361009,37.9651362330997,3.71,98.0,0.27,-0.04
RNG,2017-02-24,25.350000381469727,26.299999237060547,25.149999618530273,26.25,931900,36.08003248966545,37.97242982975081,38.9392303998483,33.95602397842735,37.98233363843453,3.69,100.0,0.48,-0.05
RNG,2017-02-27,26.399999618530273,27.850000381469727,26.149999618530273,27.299999237060547,1596400,37.319504616017234,36.97971712719625,39.38362892312951,34.22316215681143,38.13067294982978,3.68,100.0,1.15,-0.12
RNG,2017-02-28,27.049999237060547,27.049999237060547,26.350000381469727,26.700000762939453,985500,37.97205483772873,37.037077749940465,39.53256200516035,34.30813803893897,38.19698806343883,3.66,100.0,1.23,-0.16
RNG,2017-03-01,27.100000381469727,27.100000381469727,26.25,26.75,845100,35.86559675176046,36.68091185642158,38.90590549416819,34.30734045378353,38.1599566828414,3.65,95.0,1.15,-0.07
RNG,2017-03-02,26.700000762939453,26.790000915527344,26.299999237060547,26.549999237060547,610100,36.1103447891637,36.214053606764544,38.88596814744339,34.2827363339789,38.1578250831246,3.64,93.0,0.97,-0.06
RNG,2017-03-03,26.350000381469727,26.600000381469727,25.899999618530273,26.549999237060547,539100,36.155753502687546,34.2117404768497,38.76038225510742,34.276070824921625,38.1578250831246,3.62,91.0,0.78,-0.03
RNG,2017-03-06,26.399999618530273,26.799999237060547,26.25,26.5,428500,34.763106027340044,34.16375816152962,38.74619757427316,34.27661912311522,38.1591601948988,3.58,90.0,0.59,-0.02
RNG,2017-03-07,26.299999237060547,26.649999618530273,26.200000762939453,26.399999618530273,554800,34.1429370309789,33.49671396322999,38.560264023743265,34.25480614402892,38.162095234860935,3.54,88.0,0.4,0.03
RNG,2017-03-08,26.450000762939453,26.700000762939453,26.200000762939453,26.399999618530273,424300,34.15251258137823,32.72245503999014,38.518758456767806,34.25390194474385,37.85211940831671,3.5,87.0,0.22,0.04
RNG,2017-03-09,26.299999237060547,26.799999237060547,25.899999618530273,26.75,533000,34.24283922629392,32.26883711511959,38.24541702295346,34.27424439507677,35.75230238240824,3.45,85.0,0.08,0.12
RNG,2017-03-10,27.0,27.350000381469727,26.049999237060547,26.549999237060547,803200,33.839333892728405,32.334241202926734,38.27482723101437,34.23369883444094,35.109040235043906,3.39,85.0,-0.06,0.1
RNG,2017-03-13,26.549999237060547,26.799999237060547,26.290000915527344,26.600000381469727,517700,31.434350089316197,32.11796898239678,38.223384521262474,34.07480199331022,34.74856617905646,3.32,83.0,-0.18,0.12
RNG,2017-03-14,26.5,26.700000762939453,25.93000030517578,26.350000381469727,699600,28.694300533241112,31.708017638934344,38.20050317420024,33.73206560325609,34.73082542997882,3.25,82.0,-0.31,0.12
RNG,2017-03-15,26.5,27.25,26.299999237060547,27.100000381469727,556900,29.493645818824227,32.11912456665057,38.36068016676306,33.48984573040713,34.77659802666834,3.17,85.0,-0.4,0.09
RNG,2017-03-16,27.25,27.75,26.979999542236328,27.5,650600,28.990911307922072,31.93811081185557,38.405489218079985,33.510711158776225,34.74859702148481,3.09,86.0,-0.46,0.08
RNG,2017-03-17,27.600000381469727,28.0,27.299999237060547,27.450000762939453,591300,28.99713122678425,31.954106120368376,38.409185004778394,33.47838617938923,34.70138677032686,2.99,86.0,-0.54,0.07
RNG,2017-03-20,27.450000762939453,28.18000030517578,27.350000381469727,27.899999618530273,569700,29.007806155321088,31.974040923441148,37.943989260745056,33.52177004694592,34.66002759829647,2.91,78.0,-0.57,0.14
RNG,2017-03-21,28.049999237060547,28.049999237060547,26.75,26.850000381469727,673300,30.36825541323862,32.5784695822856,38.47807000034603,33.85526822267644,34.46700135994806,2.82,86.0,-0.67,0.03
RNG,2017-03-22,26.799999237060547,27.049999237060547,26.5,26.799999237060547,342900,30.403675597204572,32.4332431396502,36.65491707871756,33.796909090301305,34.465951373459156,2.77,63.0,-0.76,-0.35
RNG,2017-03-23,26.850000381469727,27.0,26.5,26.950000762939453,432400,29.863461345019466,32.33074515620172,35.94584478310227,33.794909412444355,34.46391089913196,2.72,57.0,-0.83,-0.3
RNG,2017-03-24,27.0,27.399999618530273,26.75,26.950000762939453,493900,29.629488040137375,32.19458908643511,35.730056776339374,33.41779557830384,34.30725183064122,2.67,55.0,-0.9,-0.24
RNG,2017-03-27,26.5,27.049999237060547,26.149999618530273,26.950000762939453,377200,28.553000124787985,31.288714246773242,35.56480479052451,32.6867861240688,34.27853621243885,2.63,52.0,-0.96,-0.2
RNG,2017-03-28,26.850000381469727,27.5,26.649999618530273,27.25,502300,28.516910221289315,31.317381254665577,35.2150098178424,32.70444265164391,33.96314922923868,2.59,47.0,-1.02,-0.13
RNG,2017-03-29,27.25,27.75,27.100000381469727,27.649999618530273,410300,28.665089865691513,31.068649868176344,35.22118295185165,32.73460347350948,33.98165961795676,2.55,47.0,-1.07,-0.14
RNG,2017-03-30,27.649999618530273,27.799999237060547,27.299999237060547,27.649999618530273,619000,25.127021665162236,30.40913110998383,35.1825695886405,32.73324883247021,33.831512763034695,2.5,43.0,-1.13,-0.12
RNG,2017-03-31,27.649999618530273,28.450000762939453,27.5,28.299999237060547,804000,24.176381201486752,30.639899022823386,35.29451571165054,32.835892393099655,33.882723964381405,2.46,49.0,-1.15,-0.15
RNG,2017-04-03,28.350000381469727,28.450000762939453,27.450000762939453,27.75,539900,24.1311894766602,30.806067342275078,35.277503002467476,32.9294106505608,33.67546086715079,2.42,48.0,-1.19,-0.15
RNG,2017-04-04,27.799999237060547,28.0,27.549999237060547,27.700000762939453,540500,23.77316506368477,30.51434660289169,35.269170448828135,32.92940200169103,33.67753391207049,2.38,46.0,-1.24,-0.15
RNG,2017-04-05,27.899999618530273,28.1299991607666,27.0,27.299999237060547,540300,24.258360736892,30.670675813695457,35.34617059204189,32.98237838451302,33.710870767719385,2.33,49.0,-1.28,-0.17
RNG,2017-04-06,27.25,27.5,26.979999542236328,27.299999237060547,364500,24.25676735323844,30.670675813695457,35.065642103106896,32.934467358095915,33.69570215226575,2.3,31.0,-1.33,-0.1
RNG,2017-04-07,27.25,27.479999542236328,27.149999618530273,27.350000381469727,607500,24.003565692025315,30.60362984163249,34.58383568164085,32.860275539874486,33.691646783593285,2.27,18.0,-1.37,-0.01
RNG,2017-04-10,27.399999618530273,27.75,27.350000381469727,27.700000762939453,272700,21.466728061093853,30.65811866366486,34.60906272248446,32.73789588092639,33.37794406979594,2.24,19.0,-1.41,-0.02
RNG,2017-04-11,28.799999237060547,29.0,28.399999618530273,28.700000762939453,653000,22.642847121910016,31.107692098028135,34.84368948435038,32.989346290269864,33.5387514281888,2.19,23.0,-1.41,-0.05
RNG,2017-04-12,28.700000762939453,28.799999237060547,28.350000381469727,28.600000381469727,389600,22.707118845165766,30.0021866456884,34.687176114333774,32.99265122586037,33.316417583549224,2.13,20.0,-1.43,-0.01
RNG,2017-04-13,28.649999618530273,29.0,28.450000762939453,28.549999237060547,370400,22.553487583336228,30.026283086151945,34.08630485883741,32.991114613472945,32.932558191837046,2.09,13.0,-1.44,0.07
RNG,2017-04-17,28.649999618530273,29.079999923706055,28.600000381469727,29.0,264500,22.86097772854639,30.11361510067372,34.10702172670236,33.02068471703554,32.918989374443775,2.05,13.0,-1.44,0.06
RNG,2017-04-18,28.700000762939453,29.030000686645508,28.450000762939453,28.850000381469727,309000,22.941419020311553,29.24953821516861,34.12062316682796,33.01673749360851,32.745155362697155,2.0,13.0,-1.45,0.06
RNG,2017-04-19,29.100000381469727,29.649999618530273,29.100000381469727,29.450000762939453,475500,23.413082292142988,29.025278987705306,33.9173083887326,33.08819173977805,32.78290457514556,1.96,10.0,-1.43,0.09
RNG,2017-04-20,29.700000762939453,29.950000762939453,29.200000762939453,29.600000381469727,616200,23.390656028292046,29.021560329853152,33.565183655616465,33.04148924755639,32.76435870887175,1.94,7.0,-1.41,0.18
RNG,2017-04-21,29.450000762939453,29.75,29.149999618530273,29.350000381469727,485500,23.479650919568783,29.120138055843693,33.60484060231269,33.023979240181774,32.66212772758099,1.91,7.0,-1.42,0.17
RNG,2017-04-24,29.799999237060547,30.450000762939453,29.299999237060547,30.200000762939453,1595100,24.37390538274753,29.23809001324126,33.08608700876141,32.8811787178412,32.70914016224887,1.89,5.0,-1.37,0.16
RNG,2017-04-25,30.450000762939453,31.200000762939453,30.049999237060547,30.5,1368700,24.415413441829322,27.93492040058465,31.934163798612662,32.888594725896766,32.50061678440961,1.88,1.0,-1.31,0.07
RNG,2017-04-26,30.75,31.399999618530273,29.450000762939453,30.450000762939453,1757000,24.129598536472958,26.292389623548683,31.702511265267873,32.56036106280897,32.451778708265095,1.89,1.0,-1.28,0.15
RNG,2017-04-27,30.75,32.20000076293945,30.600000381469727,32.04999923706055,1478200,26.846640718267338,27.965713639154867,32.34829358942856,33.08648619368445,32.79585283913141,1.88,4.0,-1.1,0.14
RNG,2017-04-28,31.899999618530273,32.25,31.649999618530273,31.950000762939453,1102000,26.81970804093509,27.699332768277973,31.99702627624847,33.09023528892998,32.395266746189186,1.89,3.0,-0.99,0.21
RNG,2017-05-01,32.0,32.599998474121094,31.600000381469727,32.5,1138100,26.960683538985787,27.75946438283285,30.73918107961799,33.12619095326864,32.155338089987815,1.95,1.0,-0.87,0.02
RNG,2017-05-02,32.5,33.25,32.5,32.70000076293945,1159900,26.77278826530004,27.683627871649207,30.691558816942138,33.07582868224412,32.09411202736547,2.01,1.0,-0.77,0.04
RNG,2017-05-03,33.349998474121094,33.349998474121094,32.349998474121094,32.75,663100,23.40555175087712,26.889784704398174,30.258911020518298,33.068599863589874,31.839600655868182,2.09,1.0,-0.72,0.14
RNG,2017-05-04,32.75,33.08000183105469,32.599998474121094,32.95000076293945,773800,23.26810916759035,26.85892585556132,29.786279332525357,32.93548431138834,31.726190300775958,2.17,1.0,-0.69,0.25
RNG,2017-05-05,32.900001525878906,33.349998474121094,32.349998474121094,32.900001525878906,627400,23.39336449150604,26.597271802503236,29.420755492578827,32.937380475973335,31.728026991676305,2.27,1.0,-0.69,0.34
RNG,2017-05-08,32.900001525878906,32.900001525878906,31.5,31.75,1159100,26.357285221197767,27.802893669265856,30.073481879797075,33.23621224513123,31.943022582858006,2.34,3.0,-0.74,0.26
RNG,2017-05-09,31.700000762939453,32.099998474121094,31.25,31.850000381469727,1289000,26.316366650362117,27.235602220282964,29.923263898845537,33.23345563132956,31.88632341897286,2.41,3.0,-0.79,0.31
RNG,2017-05-10,31.75,32.04999923706055,31.5,31.799999237060547,577100,26.341743605142735,27.22199405445093,29.59116737291009,33.21439439028079,31.88807927298963,2.49,2.0,-0.83,0.4
RNG,2017-05-11,31.649999618530273,32.54999923706055,31.049999237060547,32.400001525878906,957300,26.49645191728094,27.369287679523435,29.685558650812048,33.274076464515666,31.925493832249103,2.56,3.0,-0.86,0.36
RNG,2017-05-12,32.349998474121094,32.599998474121094,31.899999618530273,32.25,641400,26.610759769548064,25.707715817109833,29.54581018938434,33.105513523663795,31.923752840939013,2.63,2.0,-0.88,0.41
RNG,2017-05-15,32.400001525878906,33.099998474121094,32.150001525878906,33.04999923706055,824500,26.68812062858296,25.24822459484618,29.72163480379777,33.20915278147269,32.00062259598577,2.7,5.0,-0.89,0.34
RNG,2017-05-16,33.04999923706055,33.650001525878906,33.0,33.5,631100,25.72349517258989,24.849109279436618,29.704947103920148,33.229277562856566,32.00605765218524,2.76,5.0,-0.89,0.35
RNG,2017-05-17,32.900001525878906,32.900001525878906,32.04999923706055,32.04999923706055,690500,29.540411273634565,26.64773369340526,30.321517344183835,33.676075326778715,32.27024098346107,2.81,11.0,-0.92,0.44
RNG,2017-05-18,32.099998474121094,32.79999923706055,31.850000381469727,32.54999923706055,974300,29.104816075376803,26.753661001169693,30.26311376216707,33.70977849992743,32.07909334544595,2.86,11.0,-0.94,0.47
RNG,2017-05-19,32.70000076293945,33.95000076293945,32.70000076293945,33.79999923706055,923400,30.462700808921667,27.63637400571522,30.6604874176926,33.921769309731836,32.204340623584805,2.9,13.0,-0.94,0.38
RNG,2017-05-22,33.849998474121094,34.54999923706055,33.70000076293945,34.45000076293945,924100,30.611305543011813,27.738352719845054,30.664686589046774,33.96990896543877,32.22912473439807,2.94,14.0,-0.91,0.38
RNG,2017-05-23,33.900001525878906,34.29999923706055,33.75,34.25,1092000,30.817813913813964,26.854253505247545,30.115226231376514,33.9520812356231,32.14351688648722,2.98,10.0,-0.91,0.48
RNG,2017-05-24,34.349998474121094,34.5,33.95000076293945,34.150001525878906,645600,29.73417670826387,26.342462322244764,30.138481442808114,33.945551552879024,32.14788752026182,3.03,11.0,-0.93,0.47
RNG,2017-05-25,34.5,34.79999923706055,34.150001525878906,34.650001525878906,583900,29.703945788086344,26.424384866659263,29.973713945226233,33.975332132586935,32.035776997911,3.07,9.0,-0.93,0.53
RNG,2017-05-26,34.5,34.650001525878906,33.95000076293945,34.0,559400,30.520022098148598,26.744693132180235,29.811386365187904,34.06650404034537,32.04089316476788,3.12,8.0,-0.96,0.56
RNG,2017-05-30,34.0,34.349998474121094,33.75,34.20000076293945,463500,30.378006740437378,26.733090018905255,29.802646663242747,33.831924470550724,32.038389835038124,3.16,8.0,-0.98,0.56
RNG,2017-05-31,34.20000076293945,34.29999923706055,33.40999984741211,34.099998474121094,544900,30.315999922576616,26.744119519251946,29.677845303259343,33.799813557631865,32.04033151290515,3.21,4.0,-1.0,0.61
RNG,2017-06-01,34.25,34.70000076293945,33.79999923706055,34.70000076293945,408600,30.194256771798706,26.82708026795526,29.560683540317985,33.8424932914018,32.076196198862405,3.26,3.0,-1.02,0.65
RNG,2017-06-02,34.75,35.29999923706055,34.29999923706055,35.29999923706055,602600,30.382612930609454,26.93256889727843,29.567947442304053,33.867318391443646,32.083363559974174,3.3,4.0,-1.02,0.66
RNG,2017-06-05,35.25,36.099998474121094,35.0,36.0,894600,30.321285778878345,27.050302970182067,29.64950035928312,33.69168487636047,32.08882503566883,3.35,6.0,-1.0,0.62
RNG,2017-06-06,35.70000076293945,37.29999923706055,35.349998474121094,36.70000076293945,1533800,29.858389760976372,27.080026625369396,29.703229063497993,33.7257177905855,32.09535475747574,3.38,9.0,-0.96,0.6
RNG,2017-06-07,36.70000076293945,37.29999923706055,36.66999816894531,37.20000076293945,905800,29.913002485780332,27.12067782603944,29.729333446904143,33.74953945098259,32.04824502398751,3.42,12.0,-0.91,0.59
RNG,2017-06-08,37.29999923706055,38.5,37.099998474121094,38.29999923706055,1029800,30.499025994456456,27.358900051004536,29.846266140197386,33.85242837172677,32.15891060246248,3.46,16.0,-0.8,0.56
RNG,2017-06-09,38.25,38.349998474121094,34.849998474121094,35.400001525878906,1565200,36.94294810048059,32.068884384749914,32.03600119925227,35.12433141154146,33.14447209512736,3.47,32.0,-0.85,2.51
RNG,2017-06-12,35.04999923706055,35.29999923706055,32.70000076293945,35.29999923706055,973400,36.93856398517115,32.031508148290925,32.057733210159974,35.11944904214706,33.12298234118505,3.47,33.0,-0.89,2.48
RNG,2017-06-13,35.5,35.959999084472656,34.72999954223633,35.75,613800,36.818104062058374,32.05355003057432,32.08203513854518,35.125085604044195,33.13844661101687,3.48,34.0,-0.94,2.47
RNG,2017-06-14,35.849998474121094,36.849998474121094,35.5,35.599998474121094,613700,36.867841208004066,32.004552376598674,31.60894745238501,35.11853574829724,33.117423627966126,3.49,29.0,-0.97,2.64
RNG,2017-06-15,34.900001525878906,35.599998474121094,34.650001525878906,35.349998474121094,445100,36.97781110438061,30.85443693673525,31.432018325169896,35.124686859045696,33.126241067908715,3.5,29.0,-1.01,2.7
RNG,2017-06-16,35.0,35.70000076293945,35.0,35.5,872700,36.966282494153084,30.82530269439585,31.429904840401306,35.12549919530039,33.12500966949151,3.51,29.0,-1.04,2.7
RNG,2017-06-19,35.95000076293945,36.900001525878906,35.869998931884766,36.599998474121094,1013800,37.82086484467561,31.27649733514733,31.701658359502442,35.25529825009121,33.22319612776461,3.51,32.0,-1.05,2.58
RNG,2017-06-20,36.45000076293945,36.79999923706055,35.849998474121094,36.20000076293945,595700,36.24875072918064,31.433735069612563,31.611767319087324,35.290430571790125,33.24929078753577,3.52,32.0,-1.08,2.64
RNG,2017-06-21,36.349998474121094,37.02000045776367,36.349998474121094,36.849998474121094,482500,36.45378966249319,31.52626253519431,30.970534880288685,35.32594098979517,33.27801270296093,3.52,29.0,-1.09,2.86
RNG,2017-06-22,36.95000076293945,37.70000076293945,36.75,37.54999923706055,524800,36.619771700243675,31.62754683496358,30.160754263892404,35.36675893948341,33.2721593283038,3.53,22.0,-1.09,3.26
RNG,2017-06-23,37.75,38.70000076293945,37.349998474121094,38.650001525878906,839200,37.053831769353486,31.940037703935015,30.3923756281041,35.09281215043313,33.26954618345397,3.53,26.0,-1.06,3.15
RNG,2017-06-26,38.79999923706055,39.0,37.45000076293945,37.650001525878906,799200,38.098869393461534,32.58107772154876,30.63006858531501,35.22636276648471,33.11310191578516,3.53,27.0,-1.08,3.0
RNG,2017-06-27,37.95000076293945,37.95000076293945,36.75,36.79999923706055,555800,38.47890526152275,32.85537699920747,30.916890069819868,35.270552185032386,32.918752463284505,3.53,32.0,-1.1,2.76
RNG,2017-06-28,37.0,37.650001525878906,36.25,37.5,529800,38.62891478743188,32.59987172273026,30.966105949280937,35.30710867458229,32.95097938602636,3.52,33.0,-1.12,2.77
RNG,2017-06-29,37.29999923706055,37.5,35.5,36.349998474121094,525400,37.38046845672876,33.406806901740396,31.101768288681214,35.40810100689783,33.10025927344824,3.51,35.0,-1.16,2.71
RNG,2017-06-30,36.45000076293945,37.150001525878906,36.29999923706055,36.54999923706055,620800,37.23024563898422,33.16967103052392,31.09262216090025,35.38812716335345,33.10153869525461,3.5,35.0,-1.21,2.73
RNG,2017-07-03,36.79999923706055,36.79999923706055,35.20000076293945,35.54999923706055,223500,36.89305529525507,33.82415447305701,31.38886115860158,35.37435289199778,33.23533193790285,3.49,37.0,-1.27,2.56
RNG,2017-07-05,35.599998474121094,36.29999923706055,35.29999923706055,36.25,482700,36.911729342959624,33.96035123211003,31.3830006843603,35.42791103182483,33.23161657153022,3.48,37.0,-1.33,2.56
RNG,2017-07-06,35.79999923706055,35.900001525878906,35.29999923706055,35.599998474121094,407100,37.29829668409889,34.23542567160226,31.269489662490084,35.480872048118364,33.29250886487563,3.47,37.0,-1.37,2.54
RNG,2017-07-07,35.79999923706055,37.0,35.79999923706055,37.0,454400,38.799816512461284,34.36239840228525,31.716123926123963,35.69691942505798,33.227004794613165,3.45,46.0,-1.41,2.36
RNG,2017-07-10,36.849998474121094,37.400001525878906,36.349998474121094,36.5,931200,38.90920426181687,34.5216746992007,31.844848994731063,35.71654556325511,32.757335636683784,3.43,47.0,-1.45,2.25
RNG,2017-07-11,36.45000076293945,36.79999923706055,36.20000076293945,36.29999923706055,679600,38.481329915674486,34.55712816059772,30.985013217039953,35.726853468663435,32.76467099398714,3.4,35.0,-1.47,2.43
RNG,2017-07-12,36.54999923706055,37.45000076293945,36.349998474121094,37.20000076293945,720900,39.011245594528155,34.731619157966335,30.785801157900305,35.817774746688734,32.83739010755141,3.37,32.0,-1.5,2.61
RNG,2017-07-13,37.400001525878906,37.54999923706055,36.75,37.20000076293945,487300,38.98308484161411,34.688313175041785,30.550816059923992,35.515527488274614,32.837443838632005,3.34,27.0,-1.51,2.71
RNG,2017-07-14,37.349998474121094,37.45000076293945,36.400001525878906,36.400001525878906,566500,39.365174296513864,34.920067988493514,30.73812711731699,35.63253305126439,32.923675159566315,3.3,32.0,-1.52,2.53
RNG,2017-07-17,36.349998474121094,36.54999923706055,35.75,35.849998474121094,708400,39.3720228940362,35.12892667452206,30.878906554763734,34.59029846279029,32.968542104517965,3.26,35.0,-1.53,2.41
RNG,2017-07-18,35.79999923706055,36.029998779296875,35.349998474121094,35.79999923706055,695500,38.95411406591587,35.058287181760114,30.887701081035097,34.16835549587109,32.968097980014186,3.21,36.0,-1.53,2.39
RNG,2017-07-19,35.79999923706055,36.099998474121094,35.70000076293945,36.0,1663900,38.56045688193109,34.665821791332995,30.846912857219692,34.03885889398416,32.97011984249654,3.16,35.0,-1.53,2.41
RNG,2017-07-20,35.54999923706055,35.70000076293945,34.380001068115234,34.79999923706055,929800,39.48492773393179,35.443225411936766,30.854958856561666,34.22594847103925,33.13296725841641,3.1,36.0,-1.51,2.29
RNG,2017-07-21,34.95000076293945,35.400001525878906,34.45000076293945,34.95000076293945,528200,38.412108243550136,35.4366554768039,30.60182249947449,34.009811058668085,33.077577300063474,3.04,28.0,-1.5,2.48
RNG,2017-07-24,34.849998474121094,35.5,34.349998474121094,35.349998474121094,561000,31.181315245950223,33.99940304774945,30.632537875689497,34.00058348403647,32.989681617728756,2.98,30.0,-1.48,2.48
RNG,2017-07-25,35.400001525878906,36.0,34.95000076293945,35.650001525878906,682100,31.265135526762023,34.01296996318634,30.60077553401992,33.98222418475908,32.996474268280785,2.92,28.0,-1.46,2.53
RNG,2017-07-26,35.900001525878906,36.20000076293945,35.54999923706055,35.95000076293945,449400,31.142561242227075,33.893076465315986,30.609145175383496,33.96977757733588,33.002370148117365,2.86,30.0,-1.44,2.54
RNG,2017-07-27,36.20000076293945,36.599998474121094,35.0,35.79999923706055,577800,31.142274805421238,33.90111793735173,30.620700826201926,33.862354012428675,33.00595810653,2.8,31.0,-1.41,2.52
RNG,2017-07-28,35.54999923706055,35.900001525878906,34.95000076293945,35.150001525878906,626600,31.53883316633244,34.14389362029113,30.789328162022272,33.94745127527894,33.057618591330964,2.74,40.0,-1.38,2.39
RNG,2017-07-31,35.20000076293945,35.400001525878906,34.380001068115234,34.79999923706055,553900,31.63521329640046,34.204325552385725,30.853926784340263,33.96459785773573,33.06818053423291,2.67,42.0,-1.35,2.33
RNG,2017-08-01,35.04999923706055,35.83000183105469,34.900001525878906,35.5,1018400,30.86722423961016,34.42068817323759,30.930325642572104,33.86700178468555,33.11380465430192,2.61,47.0,-1.31,2.3
RNG,2017-08-02,35.75,35.75,34.5,34.900001525878906,1163100,31.086390214606567,33.776798559817486,31.048331887800725,33.67953087067896,33.13021360305514,2.54,51.0,-1.27,2.21
RNG,2017-08-03,38.95000076293945,38.95000076293945,34.099998474121094,34.54999923706055,1096200,30.651488100033987,33.85920046630445,31.114683345409073,33.7032233348242,33.12487440080275,2.46,54.0,-1.23,2.15
RNG,2017-08-04,34.54999923706055,35.400001525878906,34.54999923706055,35.04999923706055,860800,30.413208374552518,33.95776966871239,31.10939505989804,33.63621673119416,32.93817292465076,2.39,54.0,-1.19,2.19
RNG,2017-08-07,35.0,35.599998474121094,34.97999954223633,35.099998474121094,551900,28.97513790094607,33.77089550320923,30.84615290327569,33.54283945118192,32.93178165626036,2.3,41.0,-1.13,2.3
RNG,2017-08-08,34.900001525878906,35.95000076293945,34.650001525878906,35.900001525878906,537600,29.05693028118436,34.02386615734482,30.949866520400505,33.278565591071946,32.761592242225845,2.21,49.0,-1.07,2.25
RNG,2017-08-09,35.5,43.04999923706055,35.29999923706055,38.79999923706055,3159500,36.356995990452425,37.14293490733834,33.15149181012191,34.419579373810244,33.63004073885309,2.11,76.0,-1.0,2.72
RNG,2017-08-10,38.0,38.70000076293945,37.45000076293945,37.70000076293945,1207600,37.02545135681473,37.623105210220345,33.47777183142583,34.618590356033096,33.76995004487506,2.03,77.0,-0.94,2.53
RNG,2017-08-11,37.349998474121094,38.54999923706055,37.349998474121094,38.29999923706055,614100,36.06135128123748,36.467227339854304,32.872550005108174,34.472225470001334,33.78925390308548,1.91,75.0,-0.88,2.81
RNG,2017-08-14,38.70000076293945,39.400001525878906,38.29999923706055,39.349998474121094,547800,36.78989035600896,36.71291094165194,33.07106811272909,34.40193772461591,33.84359949378567,1.85,76.0,-0.81,2.71
RNG,2017-08-15,39.29999923706055,39.349998474121094,38.70000076293945,39.20000076293945,346400,35.72119865075531,36.024883539478225,33.092137170664174,34.40884463428069,33.844007046435706,1.81,78.0,-0.75,2.69
RNG,2017-08-16,39.5,39.75,39.099998474121094,39.400001525878906,408600,35.39452250223866,35.86374188564844,33.08733041250122,33.98774298660809,33.74893462957589,1.77,78.0,-0.7,2.69
RNG,2017-08-17,39.25,39.70000076293945,38.0,38.150001525878906,804100,36.34411556079696,36.51997299694153,33.573773495387776,33.63309591432427,33.92330144427568,1.73,83.0,-0.65,2.44
RNG,2017-08-18,37.95000076293945,38.75,37.900001525878906,38.25,431700,34.68239380990633,36.50703026236039,33.55190863497857,33.50234747550013,33.923278111840965,1.71,82.0,-0.6,2.45
RNG,2017-08-21,38.29999923706055,38.45000076293945,37.900001525878906,38.150001525878906,333100,34.422572687485534,36.422405755395495,33.517040552803124,33.38485593753633,33.92448822954719,1.68,82.0,-0.53,2.46
RNG,2017-08-22,37.45000076293945,38.5,37.400001525878906,38.349998474121094,707400,34.3742074945346,36.17617355004032,33.51453559784841,33.19793524079235,33.91036552944532,1.65,82.0,-0.47,2.47
RNG,2017-08-23,38.099998474121094,39.400001525878906,37.95000076293945,39.0,615700,34.00419888279098,36.29532666862625,33.43248969262457,32.516149863504324,33.942252829890855,1.62,81.0,-0.39,2.51
RNG,2017-08-24,39.29999923706055,39.400001525878906,38.400001525878906,39.099998474121094,677200,34.00199097216579,36.27970131310256,33.23170396159906,32.494013486005215,33.816433656572265,1.58,81.0,-0.32,2.64
RNG,2017-08-25,39.20000076293945,39.380001068115234,37.79999923706055,37.849998474121094,527500,34.77887326559578,36.827506838942064,33.708349890367444,32.53043955831904,33.992134987508,1.55,90.0,-0.25,2.4
RNG,2017-08-28,38.04999923706055,38.70000076293945,38.04999923706055,38.650001525878906,725900,34.86373039857496,36.904215611973754,33.70529060018217,32.34694527715823,34.039468425120646,1.52,90.0,-0.23,2.42
RNG,2017-08-29,38.29999923706055,40.150001525878906,38.099998474121094,39.70000076293945,836300,35.54088308563779,37.083394672681415,33.90292125884547,32.28801761233224,34.12416696825782,1.5,92.0,-0.24,2.32
RNG,2017-08-30,39.650001525878906,40.70000076293945,39.400001525878906,40.29999923706055,618800,35.6945918110316,37.00714062969424,33.94842247691159,32.31841116622819,34.14472331066361,1.48,94.0,-0.27,2.3
RNG,2017-08-31,40.5,42.400001525878906,40.5,42.349998474121094,816900,36.24032713411013,38.22463480139003,34.69028467069726,32.705946011853854,34.43428896701933,1.49,99.0,-0.17,2.08
RNG,2017-09-01,42.29999923706055,42.650001525878906,41.79999923706055,42.349998474121094,489500,36.28488141042354,37.81040303191421,34.33285963291044,32.535521414495335,34.42914431457223,1.48,98.0,-0.05,2.23
RNG,2017-09-05,42.150001525878906,42.779998779296875,41.7599983215332,42.45000076293945,337100,36.27152958523451,33.89361304949631,34.31340126794125,32.53547333512172,34.40729408528214,1.47,98.0,0.03,2.24
RNG,2017-09-06,42.79999923706055,42.849998474121094,41.400001525878906,41.75,543200,36.85392075161121,34.11269901622746,34.457276144406435,32.540578290778306,34.45164838929065,1.47,99.0,0.02,2.16
RNG,2017-09-07,42.349998474121094,42.72999954223633,41.5,42.650001525878906,382000,37.13897372935355,34.265561341003504,34.5188079378436,32.605583531727085,34.50253143855447,1.48,99.0,0.06,2.13
RNG,2017-09-08,42.5,42.849998474121094,42.04999923706055,42.349998474121094,647900,37.214770143703085,34.29596463159822,34.53257665121452,32.60629761836247,34.51375839002361,1.49,99.0,0.03,2.12
RNG,2017-09-11,42.79999923706055,43.0,41.900001525878906,42.54999923706055,319500,36.52034301383246,34.234996565452555,34.42842563948559,32.41748698215593,34.34602462346886,1.5,96.0,0.01,2.17
RNG,2017-09-12,42.70000076293945,42.900001525878906,42.0,42.54999923706055,367700,36.244543514505274,34.23994742073559,34.43261069106758,32.36625716883021,34.320845939807484,1.51,96.0,-0.02,2.16
RNG,2017-09-13,42.400001525878906,42.599998474121094,41.70000076293945,41.75,412800,36.761794953530654,34.04422569946758,34.56667689954993,32.44412052605479,34.38596158967058,1.53,99.0,-0.13,2.09
RNG,2017-09-14,41.599998474121094,41.900001525878906,40.849998474121094,41.54999923706055,442600,36.280130879981606,33.96541459363774,34.35688079239328,32.411018593357646,34.38003007974683,1.55,93.0,-0.21,2.18
RNG,2017-09-15,41.79999923706055,41.849998474121094,40.849998474121094,41.54999923706055,538500,36.013075017050596,33.81403515197371,34.34368697686372,32.120687737525024,34.21353661886133,1.57,92.0,-0.29,2.19
RNG,2017-09-18,41.599998474121094,42.0,41.099998474121094,41.29999923706055,604800,36.09387541228247,33.66938940407464,34.366177392038935,32.14142068979754,34.205781582164406,1.6,93.0,-0.39,2.17
RNG,2017-09-19,41.29999923706055,41.90999984741211,40.79999923706055,41.150001525878906,353900,36.172933285186794,33.19998546705335,33.50162905851825,32.0600262641044,34.210131392956775,1.61,80.0,-0.45,2.42
RNG,2017-09-20,41.04999923706055,41.25,40.349998474121094,40.650001525878906,325400,36.13665921817448,32.83115571224436,33.57158935522397,31.88980089806625,34.21262467260865,1.62,83.0,-0.5,2.37
RNG,2017-09-21,40.650001525878906,40.650001525878906,38.79999923706055,39.79999923706055,874600,29.378970500504302,32.779541822682425,33.694440815965024,32.01589469609664,34.23533970394467,1.63,84.0,-0.53,2.29
RNG,2017-09-22,39.849998474121094,40.45000076293945,39.70000076293945,39.849998474121094,321500,28.00625912415412,32.57518164857468,33.688198028575805,31.949786721723044,34.22778791927526,1.64,83.0,-0.55,2.29
RNG,2017-09-25,39.599998474121094,40.150001525878906,38.650001525878906,39.20000076293945,357800,28.16975263307014,32.09100323267617,33.81489063902804,31.927993160267643,34.266528840141966,1.65,86.0,-0.56,2.21
RNG,2017-09-26,39.400001525878906,39.400001525878906,38.45000076293945,39.0,292400,27.084610221302306,32.104881948387046,33.825474060397525,31.920674649996172,34.2637043802518,1.65,86.0,-0.55,2.2
RNG,2017-09-27,39.25,40.75,39.25,40.400001525878906,473800,28.948092411073784,32.28520236019644,34.238342040709284,32.14181602545458,34.41630667868526,1.66,88.0,-0.58,2.03
RNG,2017-09-28,40.25,40.599998474121094,39.79999923706055,40.150001525878906,240800,28.99471311550565,32.123983840686606,33.73026350487518,32.138606110024284,34.426354977671274,1.66,83.0,-0.62,2.24
RNG,2017-09-29,40.29999923706055,41.95000076293945,40.20000076293945,41.75,566000,29.33496867322255,32.749726099201276,34.230480280254,32.415005076130015,34.60386850042475,1.67,87.0,-0.69,2.04
RNG,2017-10-02,42.54999923706055,44.349998474121094,42.0,44.0,1487400,32.65129208950773,33.51688911298186,35.1226802247236,32.85319715095165,34.96593896834197,1.68,100.0,-0.65,1.81
RNG,2017-10-03,43.95000076293945,44.70000076293945,43.25,44.20000076293945,779500,32.57832537229933,33.341330626367274,35.03600669509182,32.5079490953108,34.95817817418186,1.69,99.0,-0.6,1.86
RNG,2017-10-04,44.04999923706055,44.20000076293945,43.349998474121094,43.900001525878906,464200,32.75436577108205,33.357057860239,35.049909752061126,32.530930894872924,34.96118414454444,1.7,99.0,-0.62,1.85
RNG,2017-10-05,44.04999923706055,44.099998474121094,43.0,43.900001525878906,415200,32.56752359148397,33.064718969715656,34.884193770380655,32.534053744611406,34.66775381882095,1.71,97.0,-0.64,1.93
RNG,2017-10-06,43.54999923706055,44.900001525878906,43.400001525878906,44.79999923706055,504600,32.90580299959052,33.25339053884755,34.953461535979905,32.30565641843576,34.688493698413936,1.72,97.0,-0.6,1.89
RNG,2017-10-09,44.79999923706055,44.849998474121094,44.099998474121094,44.400001525878906,317500,31.271358926937314,32.94754181740879,34.18211432085473,32.21029259548046,34.64581570368103,1.72,81.0,-0.65,2.12
RNG,2017-10-10,44.95000076293945,44.95000076293945,43.04999923706055,43.45000076293945,492800,31.853225330872547,33.12705887926348,34.35159081325986,32.3456840966034,34.720884116039876,1.73,86.0,-0.74,2.03
RNG,2017-10-11,43.5,43.75,43.04999923706055,43.400001525878906,411000,31.128845239543228,33.12564794910425,33.90052377022083,32.34766434743975,34.63038732657498,1.73,77.0,-0.8,2.23
RNG,2017-10-12,43.400001525878906,43.75,43.099998474121094,43.400001525878906,316800,30.92804923707653,33.12835283010269,33.798545108900555,32.2588333273642,34.61550528393433,1.73,74.0,-0.87,2.3
RNG,2017-10-13,43.650001525878906,44.0,43.400001525878906,43.79999923706055,446000,27.614448277825627,32.2367435188292,33.79054142856076,31.862886650183807,34.476416884610465,1.72,73.0,-0.92,2.3
RNG,2017-10-16,44.0,44.040000915527344,42.599998474121094,42.75,464200,28.578781977434165,32.74658513575346,34.045940974537416,31.577336532321176,34.58157065391685,1.71,79.0,-0.98,2.17
RNG,2017-10-17,42.75,43.04999923706055,42.400001525878906,42.45000076293945,323800,28.650111403391488,32.77144967245761,34.019985998751395,31.598871788474163,34.57087744861989,1.71,78.0,-1.04,2.19
RNG,2017-10-18,42.599998474121094,42.75,41.099998474121094,41.349998474121094,616500,29.26488971548026,33.29482141775058,34.15434811650607,31.717733666113475,34.665043114243886,1.69,79.0,-1.07,2.13
RNG,2017-10-19,41.25,41.650001525878906,40.349998474121094,40.95000076293945,466000,28.646001288493505,33.36421249338051,34.19853932202497,31.733599568101745,34.660256354584824,1.68,80.0,-1.1,2.1
RNG,2017-10-20,41.400001525878906,42.70000076293945,41.400001525878906,42.54999923706055,458000,30.80009230039238,34.146765226008185,34.677067020192524,31.99281142041474,34.84276090335395,1.67,94.0,-1.15,1.9
RNG,2017-10-23,42.400001525878906,42.599998474121094,41.349998474121094,41.79999923706055,439000,31.19849933386092,34.13262860099329,34.734120181363906,31.89862637563983,34.901369714675205,1.66,95.0,-1.18,1.88
RNG,2017-10-24,42.0,42.45000076293945,41.5,41.5,380000,31.25639722193862,34.0921905248283,34.67643727240494,31.92086424691184,34.68880800799333,1.65,92.0,-1.2,1.91
RNG,2017-10-25,41.45000076293945,43.20000076293945,40.900001525878906,41.099998474121094,639500,30.901521702859387,34.00206429989788,34.60094012529631,31.896668170306842,34.70959140995594,1.63,91.0,-1.22,1.96
RNG,2017-10-26,41.29999923706055,41.79999923706055,41.150001525878906,41.45000076293945,340600,30.98136832881569,33.778903732948386,34.50090781166729,31.841482219351004,33.91255452444445,1.61,87.0,-1.24,2.02
RNG,2017-10-27,41.70000076293945,42.599998474121094,41.70000076293945,42.29999923706055,433000,31.539519081956602,33.85526058839874,34.57902928117688,31.717462500904762,33.652447879334616,1.59,90.0,-1.28,1.98
RNG,2017-10-30,42.150001525878906,42.150001525878906,40.95000076293945,41.54999923706055,389800,31.94069410444453,34.05266962130163,34.42023648993426,31.795843508036327,33.624235825092775,1.58,82.0,-1.31,2.06
RNG,2017-10-31,41.79999923706055,42.29999923706055,41.5,42.150001525878906,469800,32.17693601618515,34.13255331618855,32.03296251129308,31.823415563333203,33.57421250155589,1.58,40.0,-1.32,1.13
RNG,2017-11-01,42.5,42.70000076293945,41.75,42.400001525878906,302800,31.967657584529853,33.89641971831171,32.03124954542474,31.312535500409894,33.419173749007236,1.58,40.0,-1.33,1.12
RNG,2017-11-02,42.04999923706055,43.349998474121094,41.95000076293945,43.099998474121094,298200,31.514962995480435,30.241012363978736,32.068553695858974,31.1605244486235,33.4294432748376,1.58,42.0,-1.34,1.1
RNG,2017-11-03,43.04999923706055,44.5,42.849998474121094,44.04999923706055,350000,31.994644798539607,29.83465743201358,32.20860280906249,31.097545393257025,33.46479380909992,1.57,42.0,-1.35,1.0
RNG,2017-11-06,44.20000076293945,44.5,43.79999923706055,44.25,308400,31.440231981782336,29.710935606238724,32.17705534485529,31.049522168267153,33.45184782162753,1.57,41.0,-1.34,1.0
RNG,2017-11-07,44.5,44.5,43.650001525878906,44.29999923706055,360500,31.33414885643987,29.264331290074285,32.17594561678603,31.048533764965942,33.36607897244663,1.56,40.0,-1.34,1.0
RNG,2017-11-08,44.04999923706055,44.099998474121094,42.099998474121094,43.650001525878906,976000,30.371343830224234,29.442721513957927,31.9645784475679,31.119553363846403,33.40687188255404,1.56,36.0,-1.34,1.14
RNG,2017-11-09,44.849998474121094,47.95000076293945,44.849998474121094,47.54999923706055,1229300,38.59959035308367,34.082862302898434,34.55499036558225,32.599014095194434,34.40275487855116,1.57,88.0,-1.11,2.08
RNG,2017-11-10,47.5,47.5,45.279998779296875,46.150001525878906,644400,38.583003681930386,33.98172199027501,34.85341309783462,32.55244616581043,34.45287757269316,1.57,95.0,-1.07,2.04
RNG,2017-11-13,45.349998474121094,46.380001068115234,44.20000076293945,46.0,428000,35.68622604247759,34.00712835563958,34.76235553266183,32.423330970037625,34.27421854695281,1.55,94.0,-1.07,2.13
RNG,2017-11-14,45.95000076293945,47.20000076293945,45.95000076293945,47.0,365900,36.14838936755162,34.19350822219257,34.636990323353665,32.496670161746486,34.319912097881236,1.54,89.0,-1.03,2.2
RNG,2017-11-15,46.54999923706055,46.599998474121094,45.84000015258789,46.400001525878906,296100,36.3189032502515,34.3542643874304,34.42462945576801,32.5274263722626,34.29073706829243,1.53,78.0,-1.02,2.28
RNG,2017-11-16,46.849998474121094,47.83000183105469,46.650001525878906,47.20000076293945,460800,36.58038219019099,34.359182823517706,34.27195069333322,32.56734142407042,34.25878344880101,1.52,70.0,-0.98,2.28
RNG,2017-11-17,47.04999923706055,48.150001525878906,46.900001525878906,48.0,769100,36.446019575967206,34.47206751304254,34.24873631029299,32.60136292446494,34.0369901071747,1.51,69.0,-0.92,2.29
RNG,2017-11-20,47.79999923706055,48.75,47.29999923706055,48.650001525878906,574200,36.42290342283277,33.705247334652775,33.86408501442409,32.6124249635194,34.03290855281638,1.5,58.0,-0.82,2.38
RNG,2017-11-21,48.150001525878906,49.099998474121094,47.70000076293945,48.70000076293945,631300,35.67331144579298,33.52953599369234,33.86286198850958,32.61114552193678,34.02947216774791,1.48,57.0,-0.76,2.39
RNG,2017-11-22,48.650001525878906,48.75,47.25,48.29999923706055,337700,35.81792957667854,33.273225942264915,33.554300223554144,32.619288195207155,33.916697628550175,1.47,45.0,-0.73,2.5
RNG,2017-11-24,48.650001525878906,49.04999923706055,48.29999923706055,48.70000076293945,245100,35.8263434846221,33.200226942527344,33.4614341812973,32.59919133080527,33.78436313006698,1.46,39.0,-0.71,2.59
RNG,2017-11-27,48.900001525878906,48.900001525878906,47.75,48.25,540100,35.98659142366324,31.84639846894334,33.34941891896098,32.63311811161111,33.80477602573678,1.45,37.0,-0.71,2.63
RNG,2017-11-28,48.5,49.79999923706055,48.099998474121094,49.650001525878906,511300,35.73839472406172,32.299262158784416,33.115771889210414,32.7341636173071,33.596641519045924,1.44,34.0,-0.66,2.75
RNG,2017-11-29,49.75,49.95000076293945,47.349998474121094,47.5,647500,38.35975265647851,33.700407351156706,33.85524273334015,33.08753377692992,33.49132853576805,1.44,56.0,-0.69,2.57
RNG,2017-11-30,47.900001525878906,48.400001525878906,46.599998474121094,47.150001525878906,531700,37.45684545408933,33.53665001611467,33.86820450568804,33.082169400207526,33.413870366967046,1.42,58.0,-0.72,2.56
RNG,2017-12-01,47.0,47.349998474121094,44.70000076293945,46.25,519300,37.869246856406896,33.570825473822865,33.86120123256093,33.18223146060456,33.40105614320607,1.4,55.0,-0.74,2.65
RNG,2017-12-04,46.95000076293945,47.29999923706055,44.0,44.0,598400,39.52479571085213,35.13886065628705,34.85379407949292,33.72548313723523,33.69039776041722,1.38,95.0,-0.73,2.44
RNG,2017-12-05,44.0,45.0,43.849998474121094,44.0,555400,39.11981417152405,35.12879160284504,34.652245719737564,33.37428093264692,33.17888188863935,1.36,88.0,-0.7,2.52
RNG,2017-12-06,43.95000076293945,45.650001525878906,43.95000076293945,45.349998474121094,548300,39.87524807937809,35.65035677565582,34.83119061757913,33.52747580156042,33.277714647003066,1.34,93.0,-0.69,2.35
RNG,2017-12-07,45.29999923706055,48.54999923706055,45.29999923706055,48.20000076293945,1021000,43.05729811890539,37.44896779631563,36.04538546995462,34.22214072617752,33.61644499780151,1.34,100.0,-0.68,2.02
RNG,2017-12-08,48.75,48.880001068115234,47.54999923706055,48.29999923706055,478900,43.05637675315598,37.41903364215813,36.04324791012148,34.220265531522486,33.44218276324647,1.34,99.0,-0.68,2.03
RNG,2017-12-11,48.20000076293945,48.95000076293945,46.95000076293945,47.54999923706055,455600,43.21383742909635,37.600858734362156,35.68303257760424,34.291160298284346,33.368088832571694,1.33,98.0,-0.68,2.13
RNG,2017-12-12,46.54999923706055,47.349998474121094,46.04999923706055,46.599998474121094,624700,43.31922454988393,37.84493298376863,35.873573830729846,34.38882838513007,33.44763624570465,1.31,98.0,-0.68,2.07
RNG,2017-12-13,46.70000076293945,49.20000076293945,46.70000076293945,48.099998474121094,441400,43.9717746584849,38.30907178339661,36.139840349701174,34.52931825721689,33.52111986019879,1.3,100.0,-0.67,1.92
RNG,2017-12-14,48.150001525878906,48.70000076293945,47.400001525878906,47.54999923706055,438600,44.208750507148345,38.29737832114866,36.20308862497335,34.570528408714125,33.437033774100854,1.29,100.0,-0.67,1.92
RNG,2017-12-15,47.849998474121094,49.20000076293945,47.599998474121094,48.95000076293945,684700,44.67017036029532,38.34834464595696,36.430410307174306,34.6248701867512,33.53746168817679,1.28,100.0,-0.65,1.78
RNG,2017-12-18,49.349998474121094,49.849998474121094,49.0,49.349998474121094,411900,44.37801074696257,38.357471376992955,36.42033988939035,34.52465020552209,33.4855240582892,1.26,99.0,-0.64,1.77
RNG,2017-12-19,49.099998474121094,49.20000076293945,47.400001525878906,47.70000076293945,398700,45.70750778158804,38.91353690866955,36.74005526400362,34.79949773240783,33.69022510919474,1.26,100.0,-0.65,1.69
RNG,2017-12-20,47.900001525878906,48.650001525878906,46.849998474121094,48.20000076293945,298500,45.76264501036558,38.90083919165216,36.69833547713219,34.74744956720022,33.68309630196552,1.25,99.0,-0.68,1.68
RNG,2017-12-21,48.25,48.599998474121094,47.47999954223633,47.95000076293945,276400,45.526197386271576,38.371089598761024,36.62464720977943,34.75954923187929,33.56856187195996,1.24,98.0,-0.69,1.75
RNG,2017-12-22,47.599998474121094,47.79999923706055,47.150001525878906,47.70000076293945,184800,38.26419058999597,38.361728294092,36.50780678851241,34.77329059493819,33.54484912195748,1.22,97.0,-0.74,1.79
RNG,2017-12-26,47.5,48.849998474121094,47.5,48.849998474121094,227600,37.76933199358098,37.871065692280055,36.59228154188667,34.84134311041813,33.58120383364802,1.21,97.0,-0.85,1.7
RNG,2017-12-27,48.95000076293945,49.0,48.099998474121094,48.29999923706055,159700,37.93693121343593,36.51551734217224,36.624656749694836,34.669844910351536,33.57732972385013,1.2,98.0,-0.95,1.72
RNG,2017-12-28,48.45000076293945,48.47999954223633,47.95000076293945,48.400001525878906,161100,37.46719904469286,36.51041470592664,36.624003194299895,34.66167658665819,33.380977405499614,1.17,96.0,-1.09,1.72
RNG,2017-12-29,48.54999923706055,49.400001525878906,48.349998474121094,48.400001525878906,328800,37.23954624618073,36.47075699189265,36.495844566543646,34.65897400280842,33.382510218245386,1.15,93.0,-1.19,1.82
RNG,2018-01-02,48.79999923706055,48.95000076293945,47.099998474121094,47.79999923706055,440600,37.14308581857793,36.58394027011631,34.55347144263365,34.67349658699451,33.35883642158416,1.14,65.0,-1.2,1.69
RNG,2018-01-03,47.79999923706055,48.54999923706055,47.650001525878906,48.0,369300,36.838017283446725,36.377289603025034,34.198797426995654,34.66092296840011,33.199796602534285,1.14,46.0,-1.23,1.8
RNG,2018-01-04,48.400001525878906,48.70000076293945,46.349998474121094,47.29999923706055,598500,36.848034734567754,36.46406933769765,34.23764928807286,34.657823779181925,33.24225769052902,1.13,47.0,-1.24,1.83
RNG,2018-01-05,47.54999923706055,48.099998474121094,46.70000076293945,47.54999923706055,395600,36.888215829929365,36.16485099933244,34.007693437728626,34.6580211447752,33.19834920361192,1.12,39.0,-1.24,1.97
RNG,2018-01-08,47.45000076293945,48.70000076293945,46.849998474121094,48.650001525878906,296100,37.44039502391257,36.423690369410814,34.157173270984956,34.71494759616409,33.181288919352966,1.11,42.0,-1.24,1.85
RNG,2018-01-09,48.70000076293945,49.45000076293945,48.29999923706055,48.79999923706055,314400,37.37425173589786,36.422283804159655,34.15427520849939,34.57960467749144,33.165824962797195,1.11,40.0,-1.24,1.86
RNG,2018-01-10,48.400001525878906,49.599998474121094,48.20000076293945,49.29999923706055,338200,37.37707213017237,36.43151303730454,33.728638099379644,34.580532220778395,33.1715380534081,1.11,23.0,-1.25,1.97
RNG,2018-01-11,49.400001525878906,52.0,49.36000061035156,51.599998474121094,653400,38.777165922670186,37.0900445854292,34.41351139725414,34.9474328415526,33.42448007863986,1.1,56.0,-1.18,1.68
RNG,2018-01-12,51.70000076293945,52.599998474121094,51.45000076293945,52.349998474121094,546300,36.44709079560477,37.09941965670396,34.449143948776495,34.50017552261086,33.442499576124455,1.1,60.0,-1.08,1.64
RNG,2018-01-16,52.95000076293945,54.20000076293945,50.54999923706055,50.650001525878906,550200,37.826810329914764,37.35584180134725,34.92244121107243,34.75185734065132,33.58544654867101,1.1,80.0,-1.09,1.52
RNG,2018-01-17,51.0,51.5,50.349998474121094,51.5,285500,37.47032266809412,37.35162722452057,34.92076814653892,34.74939384946373,33.37777992409994,1.09,79.0,-1.07,1.52
RNG,2018-01-18,51.45000076293945,53.54999923706055,51.11000061035156,53.20000076293945,305900,34.76511498237187,37.13938009154829,35.23746265855745,34.92689659768431,33.502251540066766,1.09,84.0,-0.94,1.35
RNG,2018-01-19,53.20000076293945,54.25,52.95000076293945,54.150001525878906,448400,34.8634487933216,36.97330627878932,34.84639458631391,34.9716171452174,33.532054315159776,1.09,74.0,-0.8,1.42
RNG,2018-01-22,54.5,55.20000076293945,52.79999923706055,53.849998474121094,427800,34.323366313189716,36.95292525086139,34.76447994652896,34.983310006258094,33.34223127264425,1.09,72.0,-0.71,1.49
RNG,2018-01-23,53.70000076293945,53.95000076293945,53.04999923706055,53.45000076293945,346100,30.24312836523315,36.91958597850433,34.60030871605825,35.00050754947567,33.26767983644907,1.08,63.0,-0.69,1.61
RNG,2018-01-24,53.75,54.04999923706055,52.650001525878906,52.650001525878906,404100,30.715739417668914,37.12298432762204,34.66362140627031,34.76817655203807,33.31667807279505,1.08,66.0,-0.71,1.62
RNG,2018-01-25,53.0,53.70000076293945,52.43000030517578,53.25,488600,30.294299179860268,36.999960748464225,33.86749390610718,34.782777742512934,33.32510273551088,1.08,26.0,-0.73,1.89
RNG,2018-01-26,54.099998474121094,55.599998474121094,53.349998474121094,55.45000076293945,676800,31.214151931140254,37.466948814864544,34.40331870428934,35.06224388569608,33.4700260693597,1.08,48.0,-0.61,1.63
RNG,2018-01-29,55.150001525878906,56.150001525878906,53.43000030517578,53.5,347200,32.45394218187788,38.321590325302566,34.94188635355261,35.31278108519199,33.422579044399285,1.09,79.0,-0.65,1.5
RNG,2018-01-30,52.75,54.70000076293945,52.36000061035156,54.45000076293945,356900,32.377391785378336,38.4215806837611,34.89203502221984,35.34497504357875,33.14586525796218,1.09,76.0,-0.66,1.47
RNG,2018-01-31,55.099998474121094,55.459999084472656,54.25,54.29999923706055,202400,31.588079057082098,38.362011434534494,34.7732380676783,35.25758056035193,33.14982047622219,1.09,70.0,-0.69,1.56
RNG,2018-02-01,54.04999923706055,55.150001525878906,53.599998474121094,54.349998474121094,228900,31.56439834648006,38.182910041844615,34.74095674754787,35.234932931327094,33.09896319677261,1.09,67.0,-0.72,1.57
RNG,2018-02-02,53.900001525878906,54.25,52.849998474121094,53.150001525878906,232900,30.53214338928609,38.54697743442792,34.96148270715966,34.917864554176944,33.184756786955646,1.09,80.0,-0.77,1.5
RNG,2018-02-05,52.5,53.650001525878906,50.349998474121094,50.75,539300,33.68226652006765,39.846734609696504,35.79582126593329,35.362754438850956,33.54342711478549,1.1,85.0,-0.8,1.37
RNG,2018-02-06,49.400001525878906,51.900001525878906,47.650001525878906,51.70000076293945,515200,33.960403548118464,39.82312266592896,35.73794601978881,35.166404422063735,33.44923027570964,1.1,84.0,-0.83,1.35
RNG,2018-02-07,51.75,53.54999923706055,51.599998474121094,52.70000076293945,567900,34.21209505358387,36.07789352567023,35.82181743688074,35.167137860082505,33.48519035923064,1.11,85.0,-0.86,1.29
RNG,2018-02-08,52.900001525878906,53.400001525878906,51.349998474121094,52.29999923706055,715500,33.78592754539566,35.529355844657466,35.85509102603839,35.1736661858014,33.46130709940315,1.12,85.0,-0.88,1.28
RNG,2018-02-09,52.849998474121094,53.2400016784668,49.54999923706055,52.04999923706055,615800,33.61008422373417,35.540609836519415,35.848275047914285,35.178303717120954,33.42963114737244,1.13,84.0,-0.89,1.28
RNG,2018-02-12,52.349998474121094,54.20000076293945,51.95000076293945,53.349998474121094,633000,34.218108166686854,35.62035241846607,36.00992591672975,35.24812314859723,33.370608766130346,1.13,86.0,-0.9,1.19
RNG,2018-02-13,57.25,58.70000076293945,55.54999923706055,57.150001525878906,1291600,39.11186576358284,38.00640203752165,37.43039984152322,36.02089477048856,33.995893751217224,1.16,100.0,-0.8,1.13
RNG,2018-02-14,57.25,58.849998474121094,56.849998474121094,57.849998474121094,1110700,38.776365720153585,37.94440783074942,37.247570353771685,36.03597431680764,34.00694981447786,1.18,99.0,-0.68,1.16
RNG,2018-02-15,58.0,61.900001525878906,57.400001525878906,61.75,1383400,42.35143658963363,39.92253728534575,38.50272519462614,36.77531584966307,34.23595079207866,1.24,100.0,-0.12,1.0
RNG,2018-02-16,61.70000076293945,63.599998474121094,61.5099983215332,63.099998474121094,1046800,41.93705907987308,40.03846549945113,38.452869001680135,36.80129535872831,34.15258889896081,1.29,99.0,0.43,0.98
RNG,2018-02-20,62.650001525878906,65.75,62.529998779296875,64.80000305175781,1653300,42.19971066839111,40.290102928799385,38.57472011455435,36.86811128026711,34.14157138313035,1.34,100.0,1.02,0.91
RNG,2018-02-21,64.19999694824219,64.9000015258789,62.150001525878906,62.25,1321200,44.4625454058006,41.248968717984205,38.928410744114444,37.17420347774599,34.393368404577764,1.4,100.0,1.0,0.92
RNG,2018-02-22,62.45000076293945,63.04999923706055,61.70000076293945,62.29999923706055,630500,44.49028056579814,41.246205500477615,38.896032673423676,37.12497361525459,34.39364939568618,1.46,99.0,0.93,0.93
RNG,2018-02-23,62.79999923706055,63.29999923706055,61.900001525878906,63.29999923706055,466000,44.54421833706075,41.22024007001278,38.542555530808855,37.13565821362465,34.41607248695393,1.5,97.0,0.88,1.05
RNG,2018-02-26,63.79999923706055,64.27999877929688,63.380001068115234,63.45000076293945,496300,43.141524031659706,40.91522175413488,37.756042858629016,37.00474247630378,34.40197281051166,1.53,94.0,0.76,1.27
RNG,2018-02-27,63.400001525878906,64.8499984741211,62.79999923706055,64.0,532200,43.08616368258612,39.66195357281489,37.76405496964462,35.71587002437098,34.218615997229776,1.55,94.0,0.65,1.26
RNG,2018-02-28,63.79999923706055,64.9000015258789,62.650001525878906,62.650001525878906,764200,42.27532700634768,39.94896839336771,37.93670046897505,35.827301187083336,34.21194580099743,1.58,94.0,0.49,1.21
RNG,2018-03-01,62.650001525878906,63.45000076293945,60.849998474121094,62.599998474121094,2681500,42.23496776349413,39.653044494176584,37.938817510748954,35.81256324473877,34.214172781584764,1.6,94.0,0.33,1.21
RNG,2018-03-02,62.20000076293945,63.95000076293945,62.04999923706055,63.75,984100,41.6711468924783,38.04796342213386,37.91678225174678,35.84624253058607,34.228689204003,1.63,92.0,0.19,1.22
RNG,2018-03-05,63.650001525878906,65.25,63.29999923706055,64.80000305175781,888700,41.639837947272355,38.08192007603745,37.91728828407666,35.8585728031193,34.25101088142514,1.65,92.0,0.1,1.2
RNG,2018-03-06,65.0,65.0,63.04999923706055,64.69999694824219,849900,41.55938642513078,37.7904169419393,37.70816382558678,35.86312310488839,34.25048627656237,1.67,88.0,-0.01,1.26
RNG,2018-03-07,64.19999694824219,66.1500015258789,64.18000030517578,65.80000305175781,774600,41.466635591307586,36.090342386564885,37.75411714164737,35.753642383188314,34.268365036934725,1.68,88.0,-0.08,1.23
RNG,2018-03-08,66.0,66.5999984741211,65.5999984741211,66.05000305175781,566500,40.95376713190907,36.08572288472766,37.748275831981424,35.71347072620392,34.26643684417197,1.7,87.0,-0.15,1.23
RNG,2018-03-09,66.6500015258789,67.30000305175781,65.19999694824219,66.55000305175781,1091100,40.938151106843435,35.8250042313373,37.74368799890971,35.67562675907569,34.25533875724504,1.71,86.0,-0.22,1.23
RNG,2018-03-12,66.69999694824219,67.5999984741211,66.3499984741211,67.1500015258789,518900,39.72825689884868,35.42479078666637,37.47385095633494,35.634277031457934,34.24126019074274,1.72,84.0,-0.28,1.3
RNG,2018-03-13,67.5,67.69999694824219,65.3499984741211,66.0999984741211,677800,38.2773914253005,35.29486381221133,37.567731150637634,35.573364150054175,34.29597734831458,1.73,84.0,-0.37,1.27
RNG,2018-03-14,66.25,68.55000305175781,66.0,68.05000305175781,676400,38.69436918544532,35.44922397803229,37.44399061472424,35.53604540886797,34.36499291454725,1.74,82.0,-0.41,1.26
RNG,2018-03-15,68.05000305175781,68.5999984741211,67.3499984741211,68.0999984741211,518700,38.62761560869353,35.136464159104555,37.376217462797,35.40129043009554,34.27953514263298,1.74,80.0,-0.46,1.29
RNG,2018-03-16,68.69999694824219,68.8499984741211,67.8499984741211,68.3499984741211,572500,38.59487453127516,35.13409464701898,36.99458888499439,35.353713838151606,34.2617547693651,1.75,78.0,-0.52,1.45
RNG,2018-03-19,68.0,68.30000305175781,65.5,67.3499984741211,424000,38.14293911290256,34.425144768446195,36.9505332917124,35.18130020472093,34.30664792207915,1.75,77.0,-0.6,1.47
RNG,2018-03-20,67.5,68.94999694824219,67.3499984741211,68.55000305175781,345900,34.598207479979955,34.4989605550814,36.956261391945745,35.22080362046711,34.312136352993825,1.76,77.0,-0.66,1.44
RNG,2018-03-21,68.75,69.5999984741211,68.0,68.44999694824219,513400,34.6557015397033,34.456186589770496,36.89597450294292,35.029438436420065,34.056901341662666,1.76,75.0,-0.73,1.46
RNG,2018-03-22,67.69999694824219,69.0,67.0,67.0999984741211,465100,35.53467925510688,34.789379898952674,37.10461086833297,35.08864508284223,34.13436248690536,1.77,78.0,-0.81,1.4
RNG,2018-03-23,67.25,67.94999694824219,65.94999694824219,65.94999694824219,396900,36.01245388587824,34.894057154518244,37.18505135234942,35.08181161430796,34.19786336713157,1.77,78.0,-0.89,1.4
RNG,2018-03-26,67.19999694824219,68.30000305175781,66.9000015258789,67.80000305175781,597000,36.259554940866835,35.029520473316175,37.19188154759633,34.95147086983288,34.28082329356522,1.77,78.0,-0.97,1.36
RNG,2018-03-27,68.05000305175781,68.80000305175781,65.05000305175781,65.5,550300,38.02449539658081,35.978710353975956,37.68145674777211,35.18116020393712,34.4909083195626,1.75,84.0,-1.05,1.25
RNG,2018-03-28,65.4000015258789,65.4000015258789,61.349998474121094,61.95000076293945,1214800,37.515175172661394,38.06415676166273,38.870341126785576,35.852458190372694,34.98735126243539,1.74,98.0,-1.1,1.15
RNG,2018-03-29,62.45000076293945,64.0999984741211,61.400001525878906,63.5,785300,37.963981793015634,38.134833024952,38.96147096466591,35.854337235501646,35.034931645914355,1.73,100.0,-1.16,1.11
RNG,2018-04-02,63.0,63.93000030517578,61.54999923706055,61.849998474121094,508400,34.011492229826274,38.66262661733925,39.14646904957832,36.0199924852356,35.158528874592946,1.73,100.0,-1.21,1.08
RNG,2018-04-03,62.45000076293945,63.79999923706055,62.099998474121094,63.75,681700,34.57448640592194,38.82037956904232,39.37783083700316,36.0461926839162,35.20568888919352,1.72,100.0,-1.26,0.99
RNG,2018-04-04,62.400001525878906,65.25,61.70000076293945,64.94999694824219,692500,34.124607609198705,38.92142256363236,39.447418409209476,36.026397913514685,35.16432626158614,1.72,100.0,-1.32,0.95
RNG,2018-04-05,65.69999694824219,65.77999877929688,64.30000305175781,64.6500015258789,714200,31.9712763857871,38.79591775939225,39.358342452110165,36.034365057349355,35.16963965883945,1.7,98.0,-1.37,0.98
RNG,2018-04-06,64.1500015258789,65.3499984741211,63.20000076293945,63.599998474121094,732200,32.37770660401147,39.03557851707354,37.245463147358834,36.10823457198611,35.17946413911263,1.7,71.0,-1.41,0.47
RNG,2018-04-09,64.30000305175781,65.8499984741211,63.54999923706055,64.0,702700,32.10268341767869,39.019045634738866,36.87554616764936,35.83957870206104,35.179046016279095,1.69,63.0,-1.45,0.57
RNG,2018-04-10,64.94999694824219,66.5,63.5,65.6500015258789,764200,32.91479536594935,38.32168417124151,37.02755601539663,35.93446397376241,35.24784730901372,1.69,67.0,-1.48,0.51
RNG,2018-04-11,65.30000305175781,66.3499984741211,64.7699966430664,65.69999694824219,516800,32.83802006827113,38.26533331856679,36.91786133956657,35.923655555297294,35.236650868047384,1.69,63.0,-1.52,0.55
RNG,2018-04-12,66.1500015258789,68.0999984741211,65.6500015258789,67.3499984741211,676400,32.850189976644195,37.721182196634324,36.981155920244156,36.0077585877691,35.15536967203641,1.68,65.0,-1.54,0.53
RNG,2018-04-13,67.6500015258789,67.6500015258789,65.44999694824219,66.1500015258789,677300,33.36929270297031,37.92169529661113,37.07741117920537,36.09278020467713,35.213619337548415,1.67,67.0,-1.57,0.5
RNG,2018-04-16,66.5999984741211,67.5999984741211,65.75,66.5999984741211,492600,33.04512461780799,37.465418046139774,37.019069382953774,36.083719596887846,35.211602135496314,1.66,65.0,-1.59,0.52
RNG,2018-04-17,67.05000305175781,69.1500015258789,66.44999694824219,68.69999694824219,857900,33.88486727937436,37.776266131991854,37.246828186303524,36.13712784022258,35.29912530957174,1.64,71.0,-1.6,0.46
RNG,2018-04-18,69.19999694824219,69.30000305175781,67.94999694824219,69.05000305175781,688800,33.87994039538782,37.72460892180003,37.24567337422705,36.10050124800878,35.28891777668072,1.63,70.0,-1.6,0.46
RNG,2018-04-19,68.6500015258789,68.94999694824219,67.75,67.9000015258789,341800,34.01571681904713,37.89542542934121,37.33884484458698,36.131189347036106,35.304807154284426,1.61,72.0,-1.61,0.43
RNG,2018-04-20,67.44999694824219,68.25,67.0,67.0999984741211,541700,34.20766108152805,37.83176346189018,37.40876770928597,36.0946100767778,35.33689569263733,1.58,73.0,-1.62,0.41
RNG,2018-04-23,67.5,68.30000305175781,66.4000015258789,66.94999694824219,265500,34.15074864955269,37.82229627528141,37.36559369122962,36.06458813970818,35.3216007590076,1.56,71.0,-1.62,0.42
RNG,2018-04-24,67.3499984741211,68.5999984741211,65.05000305175781,65.9000015258789,491200,34.35212402365985,37.24633463934997,37.26428667083636,36.11533505913587,35.281402443567565,1.52,69.0,-1.63,0.45
RNG,2018-04-25,65.9000015258789,66.05000305175781,63.95000076293945,65.19999694824219,422000,34.18878238272178,36.4800566737565,36.558408794601405,36.15353811746695,35.30160130718652,1.5,45.0,-1.62,0.54
RNG,2018-04-26,65.8499984741211,67.6500015258789,65.69999694824219,66.69999694824219,298500,33.76028848639378,36.58130945984032,36.64973048307135,36.15510241745542,35.35350433073942,1.48,49.0,-1.62,0.5
RNG,2018-04-27,67.1500015258789,67.69999694824219,65.05000305175781,67.4000015258789,443300,33.912172078994715,36.58668305649348,36.48357031181207,35.07037584080578,35.030207112686696,1.45,41.0,-1.61,0.55
RNG,2018-04-30,67.5999984741211,68.05000305175781,66.30000305175781,67.05000305175781,483600,33.918507965283304,36.62738633610902,35.48745535132813,34.87965258925619,35.03444911369268,1.45,26.0,-1.62,0.62
RNG,2018-05-01,66.69999694824219,68.0999984741211,66.4000015258789,68.05000305175781,375500,33.932162469750075,36.29811443191658,35.5205231491664,34.87483818125977,35.0260153015851,1.44,26.0,-1.64,0.6
RNG,2018-05-02,68.05000305175781,69.94999694824219,68.0,69.3499984741211,466400,33.99008370796378,34.86719750709826,35.35605939523771,34.80980830922188,35.061082564374466,1.43,24.0,-1.64,0.65
RNG,2018-05-03,69.05000305175781,72.0999984741211,68.30000305175781,69.6500015258789,552200,34.0040408529452,34.75640881587047,34.167195670614724,34.80019235220633,35.06102937861846,1.45,6.0,-1.61,0.7
RNG,2018-05-04,69.3499984741211,69.94999694824219,68.0999984741211,69.25,423300,33.50629315036512,34.696965953960124,34.19918868263696,34.815542948337985,35.07054960118798,1.47,8.0,-1.59,0.69
RNG,2018-05-07,69.80000305175781,71.5999984741211,69.19999694824219,71.05000305175781,364300,33.774728707691246,34.86826592385778,34.235943644170526,34.66105807345824,35.1410489238208,1.48,9.0,-1.56,0.67
RNG,2018-05-08,70.8499984741211,71.80000305175781,70.1500015258789,71.69999694824219,271300,32.99153158684662,34.8160514969848,34.02406966755413,34.667355349602516,34.93129252514,1.5,4.0,-1.53,0.75
RNG,2018-05-09,73.30000305175781,73.5999984741211,71.19999694824219,73.19999694824219,575500,31.55106396371709,34.73141039424097,33.84342077160833,34.719292492893615,34.97495897065325,1.53,2.0,-1.47,0.8
RNG,2018-05-10,75.75,81.19999694824219,75.55000305175781,77.19999694824219,1522500,29.44704684435831,33.642544332901494,34.62897834414237,35.21114407335234,35.32549944083886,1.54,18.0,-1.34,0.72
RNG,2018-05-11,77.4000015258789,77.4000015258789,73.5999984741211,75.19999694824219,827100,30.518476184947353,34.20989795382908,34.758131161209306,35.356956447292504,35.417449280126725,1.55,21.0,-1.28,0.69
RNG,2018-05-14,75.30000305175781,76.05000305175781,74.25,74.80000305175781,918000,29.185126953869084,31.820525440140933,34.78597701014779,35.37270677258201,35.419084607531104,1.56,24.0,-1.22,0.68
RNG,2018-05-15,73.94999694824219,74.5999984741211,71.69999694824219,73.5999984741211,647400,28.979936546766233,31.82831154396405,34.40100465165577,35.19050583742024,35.408619456593506,1.57,13.0,-1.19,0.76
RNG,2018-05-16,73.75,76.0999984741211,73.44999694824219,75.5,760600,29.329828548790626,31.79371947627938,34.5516153464833,35.226142755928564,35.46388650355611,1.58,17.0,-1.14,0.7
RNG,2018-05-17,75.5,77.5999984741211,75.43000030517578,76.9000015258789,650000,29.429928058975097,30.67972498490819,34.58600028868625,35.16242690718451,35.173974720554334,1.59,19.0,-1.07,0.68
RNG,2018-05-18,76.6500015258789,78.55000305175781,76.6500015258789,76.6500015258789,608100,28.810714633234152,30.706360148072825,34.57297747245307,35.14597952889552,35.159660072569935,1.6,19.0,-1.03,0.69
RNG,2018-05-21,77.0,77.22000122070312,74.30000305175781,74.4000015258789,651600,30.643121704921008,31.336371738587115,34.866239343138986,34.936671125373365,35.146553992818426,1.61,30.0,-0.99,0.62
RNG,2018-05-22,73.5999984741211,74.1500015258789,72.5999984741211,72.69999694824219,1134300,31.058952724341243,31.779688712580594,35.04969822352664,35.07261591965603,35.207690439032106,1.61,36.0,-0.97,0.57
RNG,2018-05-23,72.0999984741211,72.80000305175781,71.44999694824219,72.75,653100,31.059504128499782,31.753444624392678,35.05240981348517,35.07360482161282,35.197397086269575,1.62,37.0,-0.94,0.57
RNG,2018-05-24,72.3499984741211,74.44999694824219,72.3499984741211,74.0,415500,30.67348818325806,31.515382361060638,35.106278432483535,35.034641540838216,35.22031774933404,1.62,38.0,-0.91,0.55
RNG,2018-05-25,73.8499984741211,74.8499984741211,73.25,74.1500015258789,381300,30.01771475248116,31.50701920074559,35.00581198102577,34.96825785641027,35.20163978266698,1.62,35.0,-0.89,0.58
RNG,2018-05-29,73.9000015258789,75.19999694824219,73.5999984741211,74.8499984741211,414500,30.049801378359682,31.374786127297305,35.01480377339469,34.95533892609523,35.138180929939885,1.61,35.0,-0.86,0.58
RNG,2018-05-30,75.3499984741211,77.05000305175781,75.3499984741211,75.94999694824219,400600,29.121916069462987,31.344318194385846,34.915898326393126,34.98102413703181,35.15582036583954,1.6,29.0,-0.86,0.61
RNG,2018-05-31,75.8499984741211,76.5,75.55000305175781,75.75,415900,29.167782180702122,31.35135394079514,34.93537230478213,34.98583079110198,35.155324971231714,1.59,31.0,-0.85,0.61
RNG,2018-06-01,76.3499984741211,76.75,75.3499984741211,76.19999694824219,441000,28.558967098163958,31.219163984753155,34.81384607667982,34.887465208709486,35.127224707092275,1.58,24.0,-0.84,0.65
RNG,2018-06-04,76.75,77.1500015258789,76.0,77.0,598000,28.223233189290433,31.26115265776768,34.82589277539622,34.883995849858835,35.106759073282326,1.57,24.0,-0.83,0.65
RNG,2018-06-05,77.19999694824219,79.25,77.0,79.0,561900,28.7884311437267,31.602668558714843,34.975524432857554,34.98033965786998,35.14029422592246,1.56,33.0,-0.79,0.59
RNG,2018-06-06,79.25,79.9000015258789,77.8499984741211,77.8499984741211,847200,28.71664096594516,31.77807972114023,34.487369250408484,35.02856205033923,35.147606137877425,1.56,10.0,-0.76,0.68
RNG,2018-06-07,77.75,77.93000030517578,73.4000015258789,74.19999694824219,506500,32.3592335322857,33.22313321879414,35.423949407594804,35.54607623979148,35.499350936791735,1.55,40.0,-0.72,0.6
RNG,2018-06-08,74.19999694824219,75.05000305175781,73.05000305175781,74.9000015258789,521100,31.92667723961354,32.77806887855299,34.94813094698093,35.505364732925784,35.4066992050232,1.55,30.0,-0.7,0.72
RNG,2018-06-11,75.0,75.4000015258789,74.25,74.75,366100,31.90769783798576,32.785958921153465,34.90056222251051,35.391292031605154,34.45425293067339,1.55,26.0,-0.66,0.74
RNG,2018-06-12,75.0,77.19999694824219,75.0,77.05000305175781,529000,32.72013036757257,33.30966308823252,34.856707678776765,35.531970719293355,34.557471581574084,1.55,24.0,-0.62,0.75
RNG,2018-06-13,77.05000305175781,78.12000274658203,76.5999984741211,77.8499984741211,728100,32.62483092644498,33.167590766207276,34.80097109432457,35.45980716155208,34.55176160127086,1.55,21.0,-0.58,0.77
RNG,2018-06-14,77.8499984741211,78.94999694824219,77.4000015258789,77.9000015258789,509200,32.35087198876568,33.0165001801584,34.7732257867163,35.4459433463318,34.54488941517408,1.55,18.0,-0.53,0.79
RNG,2018-06-15,77.6500015258789,78.75,77.05000305175781,78.4000015258789,846900,32.35896223901239,33.01927004522655,34.72968926819379,35.24967164597945,34.531371236846354,1.55,15.0,-0.48,0.81
RNG,2018-06-18,78.1500015258789,80.69999694824219,77.75,80.3499984741211,803500,32.75994913213015,33.00151689143401,34.750456557662254,35.31612453787443,34.5975222175071,1.55,16.0,-0.43,0.8
RNG,2018-06-19,79.9000015258789,79.9000015258789,76.69999694824219,77.0,1040900,34.912458978717424,34.05634160151625,35.51554900836363,35.49090599785263,34.79070517521956,1.53,41.0,-0.39,0.67
RNG,2018-06-20,77.80000305175781,80.25,77.0999984741211,77.0999984741211,776400,34.860880308309234,33.65317445679843,35.02349209954088,35.00765885329567,34.76296150756294,1.52,34.0,-0.33,0.79
RNG,2018-06-21,77.0999984741211,78.1500015258789,74.8499984741211,74.94999694824219,911500,35.51326269376559,33.38651097989321,34.829668616352,35.20373017726286,34.871272790880624,1.52,22.0,-0.27,0.82
RNG,2018-06-22,75.05000305175781,75.05000305175781,71.8499984741211,72.3499984741211,5351400,33.360981929921046,32.11019647190315,35.28905046844996,35.475181291768784,35.041549691448736,1.52,37.0,-0.17,0.71
RNG,2018-06-25,71.94999694824219,71.94999694824219,67.75,69.3499984741211,1346900,34.671730351749645,33.063550952734985,36.00145793346831,35.87348010534784,35.228769501166674,1.51,47.0,-0.06,0.58
RNG,2018-06-26,69.6500015258789,71.55000305175781,68.75,70.1500015258789,1159900,34.902065917564386,32.61061191074778,36.02901423661289,35.82716493940282,35.123723707386695,1.5,48.0,0.06,0.57
RNG,2018-06-27,70.6500015258789,71.33000183105469,67.94999694824219,68.05000305175781,1128200,35.63456075212888,32.742312953540576,36.1931798307837,36.01284280097189,35.18646630106614,1.5,48.0,0.16,0.53
RNG,2018-06-28,68.0,71.0999984741211,67.5999984741211,70.8499984741211,1049200,36.88842086097633,33.530597473328825,35.83564979496367,36.1772087920165,35.35216661408179,1.5,42.0,0.13,0.54
RNG,2018-06-29,71.0999984741211,71.55000305175781,69.8499984741211,70.3499984741211,802100,36.39407825295871,33.553348057318004,35.789680149773226,36.192937981755676,35.20364132429471,1.5,40.0,0.09,0.55
RNG,2018-07-02,71.0,71.5999984741211,69.3499984741211,71.55000305175781,941000,36.846848909104196,33.49328769565098,35.765786661734204,36.23059309685271,35.231517920375424,1.5,40.0,0.06,0.56
RNG,2018-07-03,72.0999984741211,72.4000015258789,70.4000015258789,71.0,294500,35.96003424947975,33.539094804017225,35.76653132903264,36.24372851265433,35.11472124686717,1.5,41.0,-0.09,0.56
RNG,2018-07-05,71.5,72.3499984741211,71.05000305175781,71.75,1326700,35.526439557036994,33.22592839854052,35.7635354317622,36.11303781344969,35.08314745243016,1.5,40.0,-0.45,0.56
RNG,2018-07-06,71.75,75.08000183105469,70.97000122070312,74.94999694824219,930300,37.755219044517794,34.32963176169465,36.1774965628969,36.41360749125599,35.25826100324529,1.5,47.0,-0.88,0.49
RNG,2018-07-09,75.0,76.0,73.25,74.4000015258789,694600,37.515823448786335,34.0567003455846,34.661086297044385,36.26710228050944,35.09121055544875,1.5,12.0,-1.02,0.29
RNG,2018-07-10,74.55000305175781,75.5,74.0,74.69999694824219,1017300,37.52883976900036,33.81246213144865,34.62814002334377,36.23427646629179,35.05286667777162,1.51,11.0,-1.16,0.3
RNG,2018-07-11,73.75,75.68000030517578,73.55000305175781,74.4000015258789,662900,37.44598999678313,33.820077970969294,33.150717209038476,36.00432599587045,35.049663909701515,1.53,1.0,-1.18,0.04
RNG,2018-07-12,75.25,79.1500015258789,74.94999694824219,78.75,1094200,40.75028010904944,35.15683071258681,34.14084123650079,36.4740762935317,35.397498383276,1.53,4.0,-1.19,0.14
RNG,2018-07-13,78.94999694824219,79.6500015258789,77.5999984741211,78.6500015258789,602400,40.74100591544526,35.15927690843376,33.920382536476076,36.456276123812465,35.39879895806053,1.53,3.0,-1.21,0.2
RNG,2018-07-16,78.6500015258789,79.3499984741211,78.25,78.8499984741211,575300,40.71909566269048,34.93641516771451,33.24238075872009,36.42246572330707,35.311792512583004,1.53,2.0,-1.22,0.31
RNG,2018-07-17,78.6500015258789,82.0999984741211,78.1500015258789,81.75,739100,41.89192029536933,35.474267830147646,33.67014486468885,36.620660603038665,35.41786858381883,1.53,3.0,-1.16,0.23
RNG,2018-07-18,81.75,83.1500015258789,81.0,83.0,1069500,41.48636096854011,35.53777669980608,33.66287474210114,36.59311384870759,35.434706729774305,1.53,3.0,-1.04,0.23
RNG,2018-07-19,83.0999984741211,83.94999694824219,82.1500015258789,82.80000305175781,929600,41.218903217388444,35.3310543310867,33.67266169918806,36.510022785066326,35.43864639104729,1.54,5.0,-0.97,0.22
RNG,2018-07-20,82.55000305175781,83.19999694824219,81.44999694824219,81.55000305175781,422100,38.780111914234524,35.422513244473066,33.77762929939814,36.557685978052646,35.29061600508681,1.54,6.0,-0.97,0.18
RNG,2018-07-23,81.5,82.30000305175781,80.3499984741211,81.5,841300,38.7485721527459,35.20974599291491,33.566422093572726,36.56019506917706,35.29274908087304,1.55,3.0,-0.98,0.25
RNG,2018-07-24,82.25,82.25,78.5,79.4000015258789,849700,39.62860494597618,35.6882729358927,33.87123076923968,36.69697105111403,35.40610882951562,1.55,9.0,-1.02,0.16
RNG,2018-07-25,79.4000015258789,82.0999984741211,79.05000305175781,81.55000305175781,608900,39.41912157541647,35.98349662840427,33.999219367054145,36.73627299182929,35.48029523303063,1.54,11.0,-1.03,0.13
RNG,2018-07-26,80.8499984741211,82.8499984741211,80.16000366210938,82.25,407000,39.38934617985969,35.920573246898485,33.94074479949991,36.741053694139666,35.48054015338248,1.54,11.0,-1.03,0.15
RNG,2018-07-27,82.69999694824219,83.0,79.19999694824219,80.0,909700,40.31181756856218,36.31655862470705,34.27099861814203,36.92494775184575,35.608263662328525,1.54,18.0,-1.05,0.06
RNG,2018-07-30,79.6500015258789,80.0,72.8499984741211,73.80000305175781,1445800,46.67341386651059,40.10211595876403,36.620009116388545,38.18034792149115,36.520535690600006,1.53,66.0,-1.03,0.94
RNG,2018-07-31,73.94999694824219,74.69999694824219,71.5,73.75,1786600,45.99247819423386,40.07923818478506,36.61866631300613,36.89369897616905,36.49923047871392,1.52,66.0,-1.01,0.94
RNG,2018-08-01,73.75,76.80000305175781,73.75,76.44999694824219,1893000,45.729454331827796,40.40348313418758,37.02143584786658,36.90410738969005,36.60903415961371,1.51,77.0,-1.01,0.84
RNG,2018-08-02,76.44999694824219,79.05000305175781,76.30000305175781,79.05000305175781,917100,46.76078072483389,40.91102351939655,37.35139479556223,37.074347804824455,36.67895728652149,1.51,88.0,-1.03,0.76
RNG,2018-08-03,79.44999694824219,79.80000305175781,77.25,79.55000305175781,1748500,45.95703464900204,40.73024780071933,37.25398592466575,37.01114572940766,36.6557903905231,1.5,86.0,-1.04,0.82
RNG,2018-08-06,79.5,81.6500015258789,79.05000305175781,81.4000015258789,1573200,44.94107345096113,39.541783070402744,37.15319897352182,37.03904773777458,36.69202477375445,1.5,81.0,-1.05,0.84
RNG,2018-08-07,88.69999694824219,90.05000305175781,85.94999694824219,87.0,1828400,46.258302438347926,41.3529768740398,38.5476521212421,37.756563395300994,37.23152775598403,1.52,94.0,-0.87,0.86
RNG,2018-08-08,86.05000305175781,87.9000015258789,85.3499984741211,87.05000305175781,833600,46.286012782681496,41.32332369165583,38.548293572950335,37.72423702886997,37.184138078173135,1.54,94.0,-0.75,0.86
RNG,2018-08-09,87.19999694824219,88.8499984741211,86.7300033569336,87.05000305175781,1145300,44.960488403227885,41.14324748194632,38.45219875111306,37.70688674166082,36.43234298282486,1.56,92.0,-0.67,0.91
RNG,2018-08-10,86.30000305175781,89.05000305175781,85.44999694824219,87.5999984741211,523500,43.91800483332562,40.87833040193554,38.380899827861896,37.70770484561143,36.291916402820796,1.57,91.0,-0.62,0.93
RNG,2018-08-13,87.69999694824219,88.80000305175781,87.19999694824219,87.75,559600,43.74531919046806,40.74399488824823,38.37597329789037,37.683315796349724,36.27075158834505,1.59,90.0,-0.58,0.93
RNG,2018-08-14,88.0,89.69999694824219,86.80000305175781,89.5999984741211,654900,43.83510559018409,40.905567646520716,38.31598610529771,37.73608309281452,36.235348118384984,1.61,89.0,-0.49,0.97
RNG,2018-08-15,88.8499984741211,89.69999694824219,86.5999984741211,88.6500015258789,967200,43.932048994480944,40.44368137876323,38.24150895259341,37.74293811009639,36.255225157676755,1.62,88.0,-0.46,1.01
RNG,2018-08-16,89.55000305175781,89.94999694824219,88.05000305175781,89.0999984741211,357100,43.92692425507791,40.07955311687591,38.037572228400876,37.62405208534723,36.25521201478075,1.63,87.0,-0.46,1.07
RNG,2018-08-17,89.19999694824219,89.58000183105469,88.19999694824219,89.30000305175781,340600,42.56218692575954,40.07634160079774,37.566083402864045,37.197138929838836,36.079992539666385,1.63,86.0,-0.45,1.23
RNG,2018-08-20,89.4000015258789,89.8499984741211,88.0,89.3499984741211,393600,42.41024305748777,39.979309704510456,36.366123792534424,37.17621577609795,36.081013106287216,1.6,64.0,-0.46,1.41
RNG,2018-08-21,88.4000015258789,91.1500015258789,88.0999984741211,89.75,839500,42.408550882694676,39.97952870140541,36.20950402140801,37.07701461433035,36.07617063405101,1.57,64.0,-0.47,1.46
RNG,2018-08-22,89.75,90.8499984741211,88.80000305175781,90.69999694824219,465400,42.31576111728618,39.98772572133862,35.90917026689377,36.53356389908958,36.08276923482547,1.53,60.0,-0.48,1.61
RNG,2018-08-23,90.5,92.43000030517578,90.30000305175781,90.6500015258789,717700,39.5776349357923,39.92389525350152,35.66420976749738,36.534475993346476,36.05983697118803,1.49,55.0,-0.5,1.7
RNG,2018-08-24,92.0,95.5999984741211,91.1500015258789,93.5999984741211,882200,40.31143759535171,40.34647127907514,35.87124328086341,36.553310071018316,36.17357812990309,1.44,61.0,-0.42,1.62
RNG,2018-08-27,94.30000305175781,94.30000305175781,92.69999694824219,93.25,456000,40.39670445353222,40.37059705960313,35.8663250204737,35.93119143620661,36.00051889040838,1.39,61.0,-0.4,1.62
RNG,2018-08-28,93.94999694824219,94.02999877929688,92.3499984741211,93.75,394300,39.346868392421236,40.345932678902244,35.72289492339601,35.93123597605988,35.9588813114328,1.38,56.0,-0.4,1.7
RNG,2018-08-29,94.25,95.30000305175781,93.94999694824219,93.94999694824219,381600,39.22266526440916,40.07616202015118,35.721889765412115,35.85805850336571,35.88302040284234,1.37,56.0,-0.41,1.7
RNG,2018-08-30,93.44999694824219,94.94999694824219,92.1500015258789,92.44999694824219,1032200,39.6194610277302,40.10399087234309,35.690823331586806,35.82285263249578,35.916968703726134,1.37,56.0,-0.46,1.69
RNG,2018-08-31,92.0,93.9000015258789,91.75,93.1500015258789,654900,39.22380285707919,38.684315990550076,35.69418482590779,35.671953762736514,35.617362656199575,1.36,57.0,-0.51,1.69
RNG,2018-09-04,93.1500015258789,95.05000305175781,92.1500015258789,94.5999984741211,638900,39.32030452332597,38.741627680453036,35.58269593881872,35.65308602973421,35.63723139903588,1.35,55.0,-0.54,1.74
RNG,2018-09-05,95.19999694824219,95.5,90.19999694824219,92.5999984741211,735400,39.01785850943186,39.0693612762448,35.63856534081192,35.6502394782986,35.72166958109698,1.34,56.0,-0.6,1.71
RNG,2018-09-06,92.30000305175781,93.6500015258789,91.19999694824219,93.3499984741211,458900,38.491894505470455,38.683265858356634,35.64229113259566,35.65011047399821,35.670102966320556,1.34,57.0,-0.66,1.71
RNG,2018-09-07,93.1500015258789,96.6500015258789,92.1500015258789,93.9000015258789,663900,38.475295573319976,38.65895669667036,35.367844921824464,35.369972060612994,35.62467005779652,1.33,51.0,-0.71,1.82
RNG,2018-09-10,94.55000305175781,96.6500015258789,93.5,96.30000305175781,552700,37.68374168480969,38.919252314294134,35.54054859889396,35.45257459211135,35.678273886280024,1.31,56.0,-0.72,1.75
RNG,2018-09-11,95.8499984741211,97.6500015258789,95.25,96.19999694824219,585100,27.400469019570707,38.92572067328532,35.40122662376421,35.44104512083145,35.68055916395074,1.3,52.0,-0.75,1.83
RNG,2018-09-12,96.55000305175781,96.8499984741211,94.25,96.8499984741211,534200,27.26069944545109,38.68251191663766,35.319132134368594,35.426084094348994,35.68078002849045,1.29,50.0,-0.77,1.88
RNG,2018-09-13,96.69999694824219,98.1500015258789,93.94999694824219,95.05000305175781,715100,27.18612227337947,37.77785101726557,35.48647032986265,35.447822834127216,35.67940909157776,1.27,55.0,-0.82,1.79
RNG,2018-09-14,95.0,96.80000305175781,94.87999725341797,95.69999694824219,588800,26.028219777160256,37.78097336257634,35.354558372944055,35.40455892244061,35.671951400090755,1.26,51.0,-0.87,1.87
RNG,2018-09-17,95.0999984741211,95.30000305175781,91.1500015258789,91.69999694824219,738500,29.660141338632652,38.410754763090246,36.045306874779705,35.829005438160486,35.966038798134136,1.26,79.0,-0.95,1.66
RNG,2018-09-18,92.0,94.30000305175781,92.0,93.5,699800,29.487640232186397,37.688610783635234,36.00395936649585,35.87568560005195,35.99099076963998,1.25,78.0,-1.01,1.68
RNG,2018-09-19,93.5,93.9000015258789,88.4000015258789,90.55000305175781,700100,25.0034653668478,37.20074983674327,36.42143057691192,36.0739643112778,36.15737273968907,1.25,85.0,-1.06,1.5
RNG,2018-09-20,90.6500015258789,91.9000015258789,89.94999694824219,91.25,568200,25.06989356397236,37.17836655244522,36.40546126606012,36.07723719361982,36.12730941214505,1.25,84.0,-1.12,1.51
RNG,2018-09-21,91.8499984741211,92.0999984741211,89.30000305175781,89.80000305175781,756300,25.581720069093418,36.71792705263186,36.48155188857752,36.087034795995436,36.0963229184821,1.26,85.0,-1.17,1.46
RNG,2018-09-24,88.94999694824219,91.55000305175781,87.3499984741211,91.0,615200,25.785493306868496,36.00621514952971,36.428881188390925,36.104792901338165,36.109732768437595,1.26,84.0,-1.21,1.48
RNG,2018-09-25,91.1500015258789,93.62999725341797,90.9000015258789,93.25,1017800,26.64528796685267,36.16422581643208,36.5908463483522,36.116935983561326,36.116909748516356,1.26,85.0,-1.26,1.42
RNG,2018-09-26,93.9000015258789,94.27999877929688,91.8499984741211,92.94999694824219,751100,26.07395525160441,36.109085505819564,36.577744657390134,36.12594625384618,36.11290479253227,1.26,84.0,-1.3,1.43
RNG,2018-09-27,93.0,94.6500015258789,92.8499984741211,94.05000305175781,498900,25.99578291098187,36.05144552343918,36.42425779465821,36.130473921462375,35.981217768714934,1.26,81.0,-1.34,1.48
RNG,2018-09-28,93.94999694824219,94.6500015258789,92.4000015258789,93.05000305175781,743900,26.232798827447013,36.16678249679245,36.47260223018124,35.82161969498643,35.99596363044872,1.25,82.0,-1.37,1.45
RNG,2018-10-01,93.76000213623047,94.16000366210938,89.81999969482422,90.37000274658203,943500,27.694380023399983,35.86618857659781,36.70244748376247,36.00219514154628,35.96306162389752,1.24,87.0,-1.39,1.34
RNG,2018-10-02,89.9800033569336,90.13999938964844,86.81999969482422,87.0199966430664,1268200,29.82169509739142,36.77572825844905,36.317906001603966,36.07365166192141,35.85017755082299,1.24,75.0,-1.4,1.31
RNG,2018-10-03,87.72000122070312,89.1500015258789,86.44000244140625,88.12000274658203,928200,30.039320471274035,36.83131616093547,36.09321697567966,36.055161571855834,35.86327159781394,1.24,71.0,-1.41,1.42
RNG,2018-10-04,87.86000061035156,87.98999786376953,83.72000122070312,84.8499984741211,937600,31.703016398456974,37.73679063954147,36.61622613135848,36.20464498332102,36.07951251420564,1.24,84.0,-1.4,1.24
RNG,2018-10-05,84.88999938964844,86.75,81.95999908447266,84.19000244140625,759300,31.739531791661495,36.02614244064695,36.53885021184406,36.18060560533492,36.09364233991854,1.24,81.0,-1.38,1.27
RNG,2018-10-08,83.33999633789062,83.33999633789062,78.51000213623047,80.69999694824219,1582300,32.03396414266446,37.10901461611657,36.98174238215213,36.55502581064517,36.32775501710499,1.24,87.0,-1.37,1.14
RNG,2018-10-09,80.4000015258789,83.56999969482422,79.98999786376953,81.79000091552734,1113900,32.47287469380416,37.20227146884507,36.929664281468966,36.56045104704356,36.3267903265222,1.24,86.0,-1.35,1.16
RNG,2018-10-10,81.0,81.69000244140625,75.41999816894531,76.4800033569336,1820400,37.057771232358256,38.968396784487375,38.46025133947036,37.41858932281524,36.90947618452928,1.27,98.0,-1.36,1.11
RNG,2018-10-11,76.16000366210938,77.69000244140625,74.43000030517578,75.0,1919100,37.13681916438215,38.998190419247464,38.29230677099847,37.48929894708717,36.97221886366932,1.29,93.0,-1.35,1.17
RNG,2018-10-12,78.75,81.0,77.7300033569336,80.08000183105469,1265600,42.62752951826701,41.3592318004167,39.49266974542087,37.966458480323745,37.51054054480521,1.34,100.0,-1.33,1.2
RNG,2018-10-15,80.13999938964844,81.2300033569336,78.0199966430664,80.1500015258789,1016700,42.503523646771605,41.247012428606745,39.49264729051421,37.698882779981545,37.50474221193133,1.39,99.0,-1.31,1.2
RNG,2018-10-16,81.69999694824219,83.33999633789062,80.5999984741211,82.29000091552734,951100,43.07319055922171,41.606517885632094,39.616579336113816,37.76320626865508,37.485012685542436,1.43,100.0,-1.29,1.17
RNG,2018-10-17,84.0199966430664,84.0199966430664,80.41000366210938,81.33000183105469,789300,42.83806095559608,41.32231096953068,39.66824585068566,37.795035813408695,37.50006326974019,1.48,100.0,-1.27,1.14
RNG,2018-10-18,80.62999725341797,81.80000305175781,77.52999877929688,78.5,618000,43.59212909260343,41.593197094623605,40.06055347780645,38.056594136895995,37.58189366118588,1.53,100.0,-1.25,1.0
RNG,2018-10-19,78.81999969482422,79.94000244140625,75.51000213623047,75.51000213623047,905500,44.4708379715137,42.274291448613035,40.476969901897405,38.25500374133897,37.789467043036765,1.59,100.0,-1.26,0.87
RNG,2018-10-22,76.58999633789062,78.91000366210938,74.58000183105469,78.19000244140625,1743400,45.16533381583731,42.55632881946188,40.85245793058741,38.020313969406956,37.75811193107273,1.66,100.0,-1.25,0.78
RNG,2018-10-23,76.25,78.0199966430664,75.5999984741211,77.61000061035156,500400,45.130700573341784,39.16680786928164,40.860882151994,37.98929916891796,37.71672002843805,1.72,100.0,-1.24,0.77
RNG,2018-10-24,77.44000244140625,79.06999969482422,71.37000274658203,71.5,751000,49.8390242406599,42.68871142250564,42.856438536211606,39.22125553708596,38.639372798138375,1.84,100.0,-1.25,0.93
RNG,2018-10-25,72.37999725341797,75.61000061035156,71.72000122070312,75.01000213623047,800200,52.50974030417035,43.192937513890875,43.34873806500813,39.584482925410896,38.89072558860697,1.97,100.0,-1.26,0.86
RNG,2018-10-26,72.33999633789062,74.4800033569336,70.37999725341797,72.2699966430664,600000,52.98641847577511,43.26125913269997,43.68253337468955,39.84783212723498,39.086782756251424,2.09,100.0,-1.28,0.76
RNG,2018-10-29,73.9000015258789,75.41000366210938,69.5999984741211,71.11000061035156,1340400,52.086484853578376,43.33348503087243,43.09385472653473,39.811241378715316,39.087481861260024,2.19,98.0,-1.28,0.89
RNG,2018-10-30,70.88999938964844,74.66000366210938,69.62000274658203,74.2699966430664,1206500,53.64865363132597,44.033325185302985,43.62795497674362,39.31905495071676,39.254396727572626,2.3,99.0,-1.28,0.79
RNG,2018-10-31,76.43000030517578,78.87000274658203,75.72000122070312,77.7300033569336,1023700,55.27292805476082,42.84119187202371,44.22331974825396,39.643871403369765,39.47375904263747,2.42,100.0,-1.27,0.68
RNG,2018-11-01,78.05000305175781,79.83999633789062,75.69999694824219,79.47000122070312,748100,55.7198010604066,43.120932370816924,44.10153117722665,38.993090318704695,39.5214551449035,2.52,99.0,-1.26,0.71
RNG,2018-11-02,79.79000091552734,81.08000183105469,76.87000274658203,77.01000213623047,996800,56.17185508673249,43.55299678696352,44.35775813448549,39.11099981769418,39.64193396656061,2.62,100.0,-1.26,0.62
RNG,2018-11-05,76.31999969482422,77.0999984741211,73.62999725341797,74.95999908447266,1256800,56.23785881786596,43.814003855775496,44.56212804602162,39.133279563337894,39.70113900756741,2.72,100.0,-1.28,0.55
RNG,2018-11-06,78.30000305175781,79.98999786376953,73.12999725341797,75.83999633789062,2306000,55.74852011969982,43.90329245752761,44.59041183456464,38.84906086128089,39.711931000324796,2.82,100.0,-1.29,0.55
RNG,2018-11-07,77.0999984741211,85.0,77.0999984741211,84.4800033569336,1990700,64.92870568288356,49.180861155174036,47.63269675917534,40.85225645355347,41.09563968439075,3.0,100.0,-1.28,1.42
RNG,2018-11-08,84.52999877929688,86.73999786376953,83.01000213623047,86.22000122070312,2044300,65.14894025704695,49.33124550086364,47.22999566836308,40.87755314611621,41.09711388051946,3.16,99.0,-1.27,1.52
RNG,2018-11-09,84.9000015258789,85.26000213623047,80.81999969482422,83.68000030517578,2242000,65.5851263369739,49.6831285759853,47.486189101171874,41.04828565557487,40.375159915430665,3.31,99.0,-1.26,1.44
RNG,2018-11-12,82.48999786376953,83.6500015258789,74.79000091552734,75.44999694824219,2112800,71.39262483034446,53.93132315985984,50.09098211544946,42.879843062231195,41.61609063414067,3.53,100.0,-1.26,1.78
RNG,2018-11-13,75.83000183105469,77.76000213623047,73.94000244140625,75.1500015258789,830700,70.75526309464995,53.927240295388714,49.77374585112358,42.80228747475403,41.61706926178515,3.73,99.0,-1.25,1.89
RNG,2018-11-14,76.31999969482422,77.0,73.83000183105469,74.27999877929688,1140000,70.58410674877099,53.93451282071937,49.339557034069266,42.82797195246583,41.59267916101545,3.9,98.0,-1.27,2.04
RNG,2018-11-15,73.83000183105469,77.30999755859375,72.91999816894531,77.05999755859375,1163500,70.94269621210286,54.483296087834546,49.64233223488467,42.98898407042928,41.71260090016809,4.07,98.0,-1.27,1.94
RNG,2018-11-16,76.23999786376953,77.62000274658203,74.43000030517578,76.4000015258789,855300,70.94753394136828,54.49461152625046,49.41222536602749,42.96543028812097,41.69847020057113,4.22,97.0,-1.31,2.03
RNG,2018-11-19,77.55000305175781,79.63999938964844,68.5,68.86000061035156,1129800,75.96300762928342,57.799267757877985,51.75143259658671,44.71923950586206,42.9927363445983,4.43,100.0,-1.28,2.18
RNG,2018-11-20,66.16999816894531,71.9000015258789,64.41000366210938,68.91000366210938,1555400,75.78028613024415,57.81105959117209,51.74016992923226,44.67609466199634,42.975849799597995,4.62,99.0,-1.26,2.18
RNG,2018-11-21,68.97000122070312,72.12000274658203,68.44999694824219,71.41000366210938,1022400,74.38336668275004,58.37405980126993,51.98266631666561,44.870040143516746,43.1121273705187,4.81,100.0,-1.26,2.11
RNG,2018-11-23,70.36000061035156,72.43000030517578,70.08000183105469,71.70999908447266,181000,74.22283559700918,58.385642883735436,51.97215588396419,44.864320288092514,43.1017805971601,4.98,99.0,-1.27,2.12
RNG,2018-11-26,73.47000122070312,76.91000366210938,72.37000274658203,75.97000122070312,1436500,73.64077313561972,59.703997836272585,52.747115996528116,45.36300408211601,43.46102617308302,5.16,100.0,-1.26,1.94
RNG,2018-11-27,75.30999755859375,76.11000061035156,74.31999969482422,74.86000061035156,606000,73.7309926100723,59.706070550812804,52.346363480129895,45.35785599171814,43.47829417787049,5.32,99.0,-1.26,2.04
RNG,2018-11-28,76.58000183105469,79.47000122070312,75.86000061035156,78.95999908447266,1529100,75.0436699508883,60.71926240572261,53.01163068976821,45.66118645391164,43.70130672883039,5.48,100.0,-1.25,1.88
RNG,2018-11-29,78.58999633789062,80.76000213623047,77.37999725341797,79.88999938964844,925700,75.07009386703312,60.6705378478582,53.03831670855062,45.679337648772425,43.46620839680476,5.63,100.0,-1.23,1.87
RNG,2018-11-30,80.2699966430664,84.04000091552734,79.98999786376953,82.9000015258789,1275500,75.08457612491331,61.17222559428323,53.34452499924978,45.87756111380111,43.59561953120379,5.76,100.0,-1.2,1.79
RNG,2018-12-03,85.69000244140625,87.20999908447266,82.5999984741211,84.5199966430664,1542100,74.23615303363265,61.3083472669225,52.675338553944606,45.88948908770602,43.57537200713924,5.88,96.0,-1.18,1.94
RNG,2018-12-04,83.0999984741211,84.8499984741211,80.06999969482422,80.38999938964844,693900,75.21953750952507,61.83348468883132,53.28872317335024,46.24755397776373,43.578105763915076,6.0,99.0,-1.18,1.75
RNG,2018-12-06,77.31999969482422,82.58999633789062,76.69000244140625,82.30000305175781,759800,75.45417374213037,62.070604989671594,53.415483725282286,46.323842165669646,43.628401055158164,6.11,100.0,-1.16,1.71
RNG,2018-12-07,81.69000244140625,83.01000213623047,77.93000030517578,79.77999877929688,791800,71.89080862027666,62.31135807907518,53.33797722543352,46.413789676215885,43.66792279069085,6.21,98.0,-1.17,1.7
RNG,2018-12-10,79.20999908447266,83.68000030517578,79.20999908447266,83.5,947000,71.76816553288555,63.017436167491304,53.77814536976132,46.66113635741052,43.48708849199039,6.31,100.0,-1.17,1.6
RNG,2018-12-11,85.0,86.2699966430664,83.91000366210938,85.26000213623047,1656200,70.86823262020543,63.16840141541008,53.877702022743755,46.61394019400112,43.52717973230289,6.41,100.0,-1.17,1.58
RNG,2018-12-12,86.6500015258789,88.66000366210938,85.97000122070312,86.58999633789062,1236600,70.61978646831508,62.68793701600425,53.873168274539516,46.448647204007735,43.509927899966875,6.5,99.0,-1.17,1.59
RNG,2018-12-13,86.95999908447266,86.95999908447266,84.47000122070312,85.16999816894531,627300,70.03344587816527,62.621540801305365,53.94153974815291,45.997629448510835,43.492471320430994,6.58,100.0,-1.17,1.56
RNG,2018-12-14,83.4000015258789,85.52999877929688,81.51000213623047,82.47000122070312,890000,69.70555944322079,62.6247823048801,54.026729037480415,46.09094959606712,43.52981331717235,6.66,100.0,-1.16,1.54
RNG,2018-12-17,81.31999969482422,81.80999755859375,77.11000061035156,77.48999786376953,800600,71.84495928335868,63.81403941127702,54.764682593866254,46.58973067953555,43.98346834749044,6.74,100.0,-1.18,1.36
RNG,2018-12-18,79.0199966430664,81.62999725341797,78.76000213623047,80.08000183105469,1576400,71.88271942873598,64.16476824741129,55.002791303547674,46.61372048050589,44.00901227684654,6.83,100.0,-1.18,1.31
RNG,2018-12-19,80.0999984741211,83.83999633789062,79.37999725341797,80.3499984741211,928400,71.38146228873468,64.09671630212674,54.82873033589575,46.56854535815004,44.00486579995862,6.91,99.0,-1.18,1.37
RNG,2018-12-20,80.05000305175781,80.66999816894531,71.91999816894531,74.88999938964844,1240200,74.34587560761365,65.35464753537667,54.46608828537456,47.32753488756718,44.4510595840858,6.99,97.0,-1.18,1.36
RNG,2018-12-21,75.13999938964844,75.6500015258789,70.98999786376953,71.51000213623047,1056500,67.97910356058529,65.93299978713428,54.960412473316985,47.610543756944516,44.70040054289969,7.08,99.0,-1.17,1.22
RNG,2018-12-24,70.58999633789062,72.5,69.83999633789062,70.41000366210938,420400,67.58356256422991,65.8847763092343,54.7025924988068,47.64405300373201,44.727917216739705,7.17,96.0,-1.17,1.27
RNG,2018-12-26,71.05000305175781,77.98999786376953,71.05000305175781,77.69000244140625,959600,73.7153139448197,69.18018416670304,56.67426161336141,48.94504860340798,45.75922379476184,7.28,100.0,-1.18,1.31
RNG,2018-12-27,75.61000061035156,78.72000122070312,74.33000183105469,78.69999694824219,693500,67.28950558149248,69.03697918008814,56.70320991127464,48.965566080941656,45.71982959556799,7.39,100.0,-1.18,1.3
RNG,2018-12-28,79.12999725341797,81.38999938964844,77.31999969482422,79.41999816894531,787300,67.30535422743911,68.67579961175376,56.60200569549576,48.893321335346094,45.706185579494694,7.49,98.0,-1.19,1.33
RNG,2018-12-31,80.66000366210938,82.44999694824219,80.13999938964844,82.44000244140625,777400,67.94585422375916,69.07894763749508,55.91046270544905,49.03009365398634,45.84266297665979,7.58,97.0,-1.18,1.42
RNG,2019-01-02,80.0,81.6500015258789,77.4000015258789,80.9800033569336,674800,67.46412429951782,68.74642996056878,55.977733107774306,49.077481881348184,45.885737016868276,7.67,97.0,-1.18,1.4
RNG,2019-01-03,79.26000213623047,80.55999755859375,77.80000305175781,78.41999816894531,630000,68.1161240218243,69.03263641007234,56.199008531750415,49.103748531911826,45.99009926182572,7.75,97.0,-1.19,1.33
RNG,2019-01-04,79.91999816894531,83.19999694824219,79.01000213623047,82.16999816894531,834300,61.66628751745379,69.17727970061539,56.697367317447664,49.401772855381246,46.206824011507855,7.84,99.0,-1.18,1.22
RNG,2019-01-07,83.12999725341797,87.88999938964844,82.94000244140625,86.61000061035156,972000,63.10628814371427,69.95707111192235,57.323724827027874,49.732146010462735,46.450447085945726,7.93,100.0,-1.17,1.09
RNG,2019-01-08,87.55000305175781,88.62000274658203,85.70999908447266,88.37000274658203,597500,62.66634803996912,68.60242980249409,57.31689081146478,49.756499799007585,46.483372026524556,8.02,99.0,-1.17,1.1
RNG,2019-01-09,89.43000030517578,89.5,87.20999908447266,87.4000015258789,507800,62.882895454045496,68.50828919948206,57.318688476587035,49.776768968662495,46.45755407534182,8.1,99.0,-1.16,1.09
RNG,2019-01-10,86.13999938964844,88.1500015258789,85.29000091552734,87.18000030517578,714500,61.024200884927396,67.24379577416649,57.313800304199034,49.736611157805015,46.46001578214457,8.18,97.0,-1.15,1.1
RNG,2019-01-11,86.41999816894531,88.25,85.70999908447266,86.91000366210938,724700,60.797285167167125,67.25010015344434,57.31423994854731,49.71844990556041,46.456367337349405,8.24,97.0,-1.14,1.09
RNG,2019-01-14,86.0999984741211,86.0999984741211,83.52999877929688,84.94999694824219,850200,59.52727906337961,67.22418669098566,57.425574702784324,49.737829235664655,46.318976514428364,8.29,100.0,-1.12,1.06
RNG,2019-01-15,85.0999984741211,87.37999725341797,85.0999984741211,87.05999755859375,421500,59.81622663302639,67.35236489307864,57.558010300367854,49.80203621154261,46.35725400308976,8.33,100.0,-1.11,1.03
RNG,2019-01-16,87.33000183105469,88.69999694824219,85.93000030517578,87.0999984741211,609100,58.93606508975529,66.920715241447,57.53195686748895,49.79593175782268,46.22395599184702,8.37,99.0,-1.09,1.03
RNG,2019-01-17,87.12000274658203,88.58000183105469,86.2300033569336,88.13999938964844,695200,58.78040796889523,66.41275411375054,57.56493175690978,49.78606499289685,46.21139557503536,8.39,100.0,-1.07,1.03
RNG,2019-01-18,89.43000030517578,92.25,89.19000244140625,91.25,799900,57.44663583420559,66.40860953292298,57.60434344260942,49.898723655914566,46.22642001683927,8.42,100.0,-1.07,1.02
RNG,2019-01-22,90.26000213623047,90.9800033569336,87.6500015258789,88.77999877929688,527100,57.857667049076824,66.66342484440031,57.763499017238786,50.015060121750324,46.29423936885413,8.44,100.0,-1.04,0.97
RNG,2019-01-23,89.83000183105469,91.36000061035156,88.33000183105469,88.77999877929688,414900,56.9825957625673,64.31439411511353,57.75597705990647,50.008179260835504,46.28851506959391,8.45,99.0,-1.02,0.98
RNG,2019-01-24,89.26000213623047,90.2699966430664,88.25,89.2699966430664,627300,55.58172599334483,63.65006422463525,57.7624364693562,49.92720598607155,46.280122225832,8.45,99.0,-1.01,0.97
RNG,2019-01-25,90.30000305175781,91.91999816894531,89.68000030517578,91.5,666100,55.70370553989411,63.24654893952619,57.844956690736296,49.99554067700567,46.30324879662157,8.45,100.0,-1.0,0.96
RNG,2019-01-28,89.7699966430664,89.97000122070312,88.23999786376953,88.66999816894531,428200,56.39745836267368,63.529947782752046,58.04415872045845,50.09182138989202,46.415744022864196,8.45,100.0,-0.98,0.91
RNG,2019-01-29,88.5,89.0,86.45999908447266,86.66999816894531,509300,56.5940929330338,63.20792675235195,58.094464688887406,49.7844850284376,46.3206670960244,8.44,100.0,-0.95,0.89
RNG,2019-01-30,88.05999755859375,89.61000061035156,87.01000213623047,89.30999755859375,461600,56.33330719491874,62.836148860823606,58.205496494266086,49.80165641896281,46.25215180484785,8.43,100.0,-0.93,0.87
RNG,2019-01-31,89.47000122070312,92.97000122070312,89.0199966430664,92.44000244140625,849700,53.55071289576817,63.05225532879637,58.45284676384258,49.95313088638467,46.33966837526325,8.41,100.0,-0.93,0.82
RNG,2019-02-01,92.52999877929688,94.56999969482422,91.66999816894531,94.41999816894531,685700,53.144385438477,62.763346810491214,58.54320064413463,49.966081497350324,46.37633921731992,8.39,100.0,-0.93,0.8
RNG,2019-02-04,94.7300033569336,96.83000183105469,94.30999755859375,96.05999755859375,889200,53.247836082378356,62.50274939931544,58.4691987813313,49.919487639914216,46.40047791375332,8.36,99.0,-0.93,0.81
RNG,2019-02-05,96.73999786376953,97.4000015258789,95.8499984741211,96.4800033569336,926000,48.0953766301129,62.48304767055043,58.473102044015924,49.87968737620361,46.335206136971664,8.32,99.0,-0.93,0.81
RNG,2019-02-06,96.94999694824219,97.30999755859375,95.18000030517578,96.38999938964844,1026300,45.338369199667184,58.61624574133379,58.46338955665081,49.87748345317113,46.07919400033754,8.27,97.0,-0.94,0.81
RNG,2019-02-07,94.87999725341797,97.11000061035156,94.2300033569336,96.95999908447266,926100,44.71431107852622,58.49929708532511,58.3934854970233,49.74311146521973,46.052449030446844,8.22,95.0,-0.91,0.83
RNG,2019-02-08,95.7300033569336,101.06999969482422,95.33999633789062,100.9000015258789,1260300,37.34455605104751,58.622731159707875,58.72299139934574,49.86254528960179,46.17379112861805,8.16,100.0,-0.76,0.77
RNG,2019-02-11,101.9000015258789,103.48999786376953,99.5199966430664,99.87000274658203,1808800,37.7201367415202,54.33484560173451,58.3397455100522,49.88287176310651,46.180402579479406,8.11,93.0,-0.69,0.85
RNG,2019-02-12,109.25,109.83999633789062,104.5,105.91000366210938,2864000,40.492323106315325,55.41696572846114,58.98793902625681,50.3046310271271,46.51432996432242,8.05,100.0,-0.28,0.75
RNG,2019-02-13,105.87999725341797,106.6500015258789,102.44000244140625,103.11000061035156,834900,40.938738791048245,55.705901380924274,58.91813930140813,50.419796798296844,46.55628722810003,7.99,99.0,-0.2,0.77
RNG,2019-02-14,102.4000015258789,104.36000061035156,101.0999984741211,103.83999633789062,1003400,40.23007497122957,55.324911417821774,58.91644196013562,50.415612795070594,46.081962377008274,7.93,98.0,-0.13,0.77
RNG,2019-02-15,104.44000244140625,104.9000015258789,103.0199966430664,104.66999816894531,661800,38.36539774063037,55.25544431006553,58.860048448400015,50.398073900001194,46.07488886390726,7.86,97.0,-0.09,0.79
RNG,2019-02-19,104.30999755859375,105.69000244140625,103.58999633789062,104.0,799900,36.967282304118584,50.431301693400364,58.8430731630885,50.40473483992757,45.64819611780485,7.78,96.0,-0.09,0.79
RNG,2019-02-20,104.58999633789062,104.86000061035156,102.7699966430664,103.9000015258789,1045100,34.508413461810164,50.44127288554422,58.72739907779844,50.403314162299885,45.60689912719784,7.69,95.0,-0.09,0.81
RNG,2019-02-21,102.62999725341797,104.47000122070312,101.77999877929688,104.08999633789062,1274100,34.26762181127544,50.091656240102424,58.72344989495238,50.39263433636285,45.53994326598941,7.6,94.0,-0.11,0.81
RNG,2019-02-22,104.87000274658203,106.43000030517578,104.56999969482422,105.94000244140625,519300,34.074878637865694,50.14328379521942,58.75776078634082,50.347824184367916,45.37076018484394,7.5,95.0,-0.08,0.81
RNG,2019-02-25,106.6500015258789,106.95999908447266,105.33000183105469,105.6500015258789,531800,34.07996852795075,49.024616267960845,58.730395073491145,50.313254250127116,45.37316937586161,7.39,94.0,-0.1,0.81
RNG,2019-02-26,105.19999694824219,106.36000061035156,104.3499984741211,105.36000061035156,659400,34.07156139887501,48.874942700726784,58.53051579315432,49.96743315204208,45.35445396664416,7.27,89.0,-0.16,0.87
RNG,2019-02-27,105.12999725341797,105.94000244140625,104.5,105.55999755859375,328000,32.964355452060595,47.86037058957559,58.19013152588549,49.95958706466615,45.354442430206184,7.13,81.0,-0.26,0.95
RNG,2019-02-28,105.5,106.1500015258789,104.44000244140625,105.29000091552734,670200,32.66314039801933,47.862228829940406,58.169326343759174,49.96024354737297,45.35187276061333,6.98,80.0,-0.35,0.96
RNG,2019-03-01,106.37999725341797,106.47000122070312,104.2300033569336,105.75,688600,32.621684615089244,47.38403556762263,57.8228402562857,49.846780359694385,45.292107418650005,6.83,76.0,-0.45,1.05
RNG,2019-03-04,106.12000274658203,106.47000122070312,100.41999816894531,103.55999755859375,1728300,33.522126028647946,47.54744956219151,57.91806806735499,49.90827883512072,45.3496284057538,6.67,77.0,-0.56,1.02
RNG,2019-03-05,103.58000183105469,104.75,102.08000183105469,104.31999969482422,712300,32.36167921899719,46.22652011325294,57.48369627752813,49.912743552803484,45.32362183703688,6.5,67.0,-0.66,1.13
RNG,2019-03-06,104.2300033569336,105.19999694824219,101.51000213623047,102.25,509000,31.7938808899869,46.31734224360582,57.568275871755944,49.97513364298803,45.35371069482009,6.32,70.0,-0.75,1.1
RNG,2019-03-07,102.33999633789062,103.7300033569336,101.30999755859375,101.58000183105469,1081100,31.93526339838875,45.80205984045458,56.50394862201815,49.908344976047445,45.360233939329916,6.16,55.0,-0.83,1.28
RNG,2019-03-08,99.75,102.51000213623047,98.19000244140625,101.88999938964844,720600,31.936419784175506,44.976137759782816,56.38988280589001,49.63471143064838,45.33518922960738,5.99,54.0,-0.9,1.32
RNG,2019-03-11,102.9000015258789,105.48999786376953,102.58000183105469,104.55999755859375,973600,32.004046704657476,45.07118164810359,55.61749021519867,49.71797601472391,45.398945380268906,5.83,50.0,-0.97,1.45
RNG,2019-03-12,105.0,105.66999816894531,103.36000061035156,105.0199966430664,669700,30.145844852428382,45.00149982163366,55.61740461768226,49.59079658527034,45.396053361128615,5.66,49.0,-1.03,1.45
RNG,2019-03-13,105.5,107.12000274658203,104.83999633789062,105.79000091552734,386500,28.914132838855323,44.81944124118611,55.49332125432915,49.396958653385994,45.39371399025761,5.48,48.0,-1.09,1.48
RNG,2019-03-14,106.36000061035156,108.19999694824219,105.9000015258789,106.52999877929688,516600,28.054908758915374,44.196645915653136,55.45051108637686,49.115917801185184,45.362313921035565,5.3,47.0,-1.14,1.5
RNG,2019-03-15,106.55000305175781,107.63999938964844,105.3499984741211,106.19000244140625,584000,26.817955384267666,42.000683876636,55.12168049103764,49.10838189102339,45.28290133889053,5.11,46.0,-1.18,1.61
RNG,2019-03-18,106.05000305175781,107.73999786376953,105.05000305175781,106.33000183105469,513400,26.365634131483695,41.61023925904534,54.71262452405249,48.95424261114828,45.2828055397061,4.93,41.0,-1.22,1.74
RNG,2019-03-19,106.51000213623047,107.94999694824219,103.52999877929688,107.73999786376953,1281700,26.21443317972396,41.64508299079124,54.50310211836765,48.76381064531115,45.29678533615142,4.74,39.0,-1.25,1.8
RNG,2019-03-20,107.5,109.36000061035156,106.55000305175781,107.66999816894531,524600,26.245735413563875,38.603581549227236,54.479968680309675,48.75227250506029,45.26702202216931,4.54,38.0,-1.28,1.81
RNG,2019-03-21,107.37000274658203,111.69999694824219,106.93000030517578,111.56999969482422,708300,27.779514158986217,37.49919858346946,52.97193675334051,48.88056855469418,45.3651830122207,4.39,25.0,-1.27,1.98
RNG,2019-03-22,110.75,111.12999725341797,106.58999633789062,106.58999633789062,546100,31.39822127039419,38.77416438991257,53.09998861316815,49.19705288535871,45.61304536796744,4.25,27.0,-1.29,1.92
RNG,2019-03-25,105.5999984741211,106.87999725341797,103.4800033569336,106.30000305175781,528800,29.440222983644908,33.803581482423,52.707468793879755,49.19072402749293,45.56338623661135,4.11,22.0,-1.32,2.06
RNG,2019-03-26,107.88999938964844,109.20999908447266,106.43000030517578,108.19000244140625,643200,29.56169598551959,33.86303607021211,52.65346361901299,48.97798710387169,45.550101115488474,3.94,20.0,-1.34,2.09
RNG,2019-03-27,108.0,109.27999877929688,104.19999694824219,106.0199966430664,513500,25.069586969947693,34.254771868149106,52.41469645987545,49.03658171155921,45.53073463006266,3.78,19.0,-1.35,2.14
RNG,2019-03-28,106.18000030517578,108.73999786376953,106.0,107.48999786376953,377900,24.032679957911046,33.63464173235692,52.00816283237082,49.05589103802554,45.400224440147795,3.64,17.0,-1.37,2.27
RNG,2019-03-29,108.31999969482422,109.23999786376953,106.86000061035156,107.80000305175781,643000,23.977514161364724,33.31458962135582,51.91982728072229,49.05071347671314,45.02932479560692,3.48,14.0,-1.38,2.3
RNG,2019-04-01,109.41000366210938,110.48999786376953,106.86000061035156,109.33000183105469,637900,24.191614880263803,32.464232939180825,51.652298588081734,48.637938006755135,44.98852192580551,3.33,11.0,-1.38,2.41
RNG,2019-04-02,109.2300033569336,110.19999694824219,107.27999877929688,110.04000091552734,594400,24.115481623597695,31.311420541787715,51.42220868326206,48.639634698827436,44.899506635922066,3.18,10.0,-1.38,2.51
RNG,2019-04-03,111.0,111.9000015258789,109.77999877929688,110.58999633789062,631500,24.11614506059578,29.687941066858297,51.40723822339097,48.64097284799243,44.812482032446034,3.02,9.0,-1.37,2.51
RNG,2019-04-04,110.7300033569336,111.5199966430664,103.93000030517578,104.73999786376953,2003000,29.139956202725752,31.815314248181913,49.45759375819764,48.921460707587194,45.13661656273288,2.97,5.0,-1.38,2.15
RNG,2019-04-05,105.2699966430664,107.25,105.0,106.3499984741211,1441200,29.025119178142937,31.782012879944045,49.41610904489166,48.92177792279411,45.151548772785496,2.92,4.0,-1.4,2.16
RNG,2019-04-08,105.61000061035156,105.87999725341797,101.33000183105469,103.33000183105469,1461500,30.208179197938218,32.43645553167841,49.39837120856685,49.0500843636887,45.219346042721874,2.88,2.0,-1.4,2.17
RNG,2019-04-09,102.30000305175781,103.6500015258789,102.02999877929688,103.2699966430664,1298300,30.202187229065235,32.42086698007681,46.4071358213418,49.01157211897914,45.217928277869724,2.97,1.0,-1.38,1.93
RNG,2019-04-10,103.05999755859375,104.52999877929688,102.05999755859375,103.29000091552734,1198400,30.193655274113073,31.98226506238023,46.39555132625787,49.01121885319826,45.156327365790496,3.05,1.0,-1.36,1.94
RNG,2019-04-11,104.04000091552734,105.91000366210938,102.08000183105469,105.5999984741211,744800,30.902106118580335,31.91735872098399,46.43049780568431,48.963494802045474,45.20188206150097,3.12,3.0,-1.34,1.94
RNG,2019-04-12,105.69999694824219,106.31999969482422,104.25,105.7300033569336,993900,30.877908764298233,31.91490385250364,46.12488522129611,48.87209316646622,45.143301893351385,3.2,1.0,-1.31,2.04
RNG,2019-04-15,105.77999877929688,107.22000122070312,105.1500015258789,106.26000213623047,392200,30.259625184558402,31.866495527258998,46.0870999414786,48.86663612744187,45.10074295940081,3.28,1.0,-1.28,2.06
RNG,2019-04-16,106.76000213623047,107.70999908447266,104.76000213623047,105.18000030517578,830600,30.361015070824116,31.290359443441883,42.82384426449265,48.76331226157595,45.114229111548475,3.49,1.0,-1.3,1.23
RNG,2019-04-17,105.76000213623047,105.9800033569336,102.62000274658203,104.20999908447266,1089000,29.891399665983787,30.76812466547092,42.87402981523567,47.791241487699615,45.032015848830724,3.68,2.0,-1.33,1.21
RNG,2019-04-18,103.5,105.5199966430664,101.48999786376953,105.5,797200,29.996405937685072,30.825764644965204,42.59675379506031,47.80599735629275,45.04332355950078,3.87,1.0,-1.33,1.31
RNG,2019-04-22,104.8499984741211,108.6500015258789,104.83000183105469,108.37999725341797,648900,30.90497322653178,31.214169926163652,42.75336374957906,47.727596959096644,45.07547604840738,4.05,2.0,-1.34,1.25
RNG,2019-04-23,109.0199966430664,111.5199966430664,108.51000213623047,111.30999755859375,966300,30.959922218322898,31.27554137219998,42.04132425040122,47.67138591252535,45.12247521790781,4.24,1.0,-1.31,1.38
RNG,2019-04-24,111.9800033569336,113.23999786376953,111.30000305175781,111.5999984741211,551400,30.95269384546468,30.429817982929908,41.93669141803159,47.66858336106507,45.120497886547476,4.42,1.0,-1.28,1.42
RNG,2019-04-25,112.37999725341797,113.98999786376953,111.19000244140625,113.16000366210938,656800,31.10846477326178,29.98332027156379,41.21699034099125,47.623964457005805,45.100347751472626,4.62,1.0,-1.23,1.6
RNG,2019-04-26,113.18000030517578,115.37000274658203,112.0,115.36000061035156,407700,31.47223449099063,29.671191385245493,41.2721542820123,47.04470307389016,45.11422624108937,4.8,2.0,-1.17,1.58
RNG,2019-04-29,115.88999938964844,117.0,115.51000213623047,116.01000213623047,1107900,31.43350422610552,28.999331177891584,40.92667531801567,47.04699009256907,45.06864968698034,4.98,1.0,-1.11,1.7
RNG,2019-04-30,115.70999908447266,116.54000091552734,114.83000183105469,116.37000274658203,516100,31.429713457732632,28.771604626468257,40.846258825404185,47.04693915790195,45.06114616674293,5.16,1.0,-1.06,1.74
RNG,2019-05-01,117.20999908447266,117.45999908447266,114.76000213623047,114.87000274658203,610000,31.607908262865415,28.821266288868912,40.030233040799665,47.075170753213854,45.0805970484047,5.35,1.0,-1.0,1.93
RNG,2019-05-02,114.83999633789062,116.5999984741211,113.51000213623047,115.48999786376953,807600,31.61006282487911,28.824113921193202,39.90397533949364,47.07740100447524,45.06385909114777,5.53,1.0,-0.95,1.99
RNG,2019-05-03,116.61000061035156,119.45999908447266,115.22000122070312,119.45999908447266,987800,31.450891271274728,29.492873459285974,39.80603703699357,47.176965839154974,45.144089338098404,5.7,1.0,-0.87,2.02
RNG,2019-05-06,115.1500015258789,121.27999877929688,114.70999908447266,121.05999755859375,1752100,28.10591051707855,29.556775443100314,39.27499318016941,47.17452171672258,45.15734979166042,5.88,1.0,-0.78,2.21
RNG,2019-05-07,118.3499984741211,118.87000274658203,114.44999694824219,118.1500015258789,2362400,29.245896120145588,29.128553378589228,39.427717245898876,47.2733978388028,45.228322786036735,6.05,2.0,-0.74,2.15
RNG,2019-05-08,117.9000015258789,120.41000366210938,117.70999908447266,118.05000305175781,801100,28.960593721412252,29.014275564650514,39.384108974586,47.27419026306921,45.16744167789966,6.21,2.0,-0.7,2.18
RNG,2019-05-09,116.70999908447266,123.9800033569336,116.0999984741211,122.91999816894531,1313100,30.061940871135874,27.721336864847512,39.69803155195355,47.49722817344292,45.32511776527464,6.36,4.0,-0.62,2.05
RNG,2019-05-10,122.04000091552734,123.69999694824219,119.0999984741211,122.7300033569336,839700,29.998264378702277,27.05744330488853,39.288813717747296,47.49775470967323,45.28821506347684,6.5,2.0,-0.55,2.22
RNG,2019-05-13,119.19999694824219,119.97000122070312,115.44000244140625,115.75,1234000,35.11927324862009,29.826626548400803,39.13277446139843,48.01825677375164,45.399668279793154,6.65,1.0,-0.49,2.19
RNG,2019-05-14,117.02999877929688,118.68000030517578,115.83000183105469,118.19000244140625,1377300,35.369435648119925,30.056529566980362,38.95324188304213,48.073095212856465,45.353864456012715,6.79,1.0,-0.42,2.27
RNG,2019-05-15,116.8499984741211,120.5999984741211,116.8499984741211,119.13999938964844,561700,35.38681444435581,30.028780551597773,38.95860796365038,47.94203045301912,45.352433970500336,6.92,2.0,-0.35,2.27
RNG,2019-05-16,120.22000122070312,125.12000274658203,119.1500015258789,124.58999633789062,1304600,37.430612187983,31.254024444706268,37.63230468069297,48.211964706987295,45.51809712924219,7.08,1.0,-0.3,2.08
RNG,2019-05-17,123.16999816894531,125.2699966430664,123.05999755859375,123.55999755859375,470300,33.35308718351755,31.33944167177532,36.78955918684912,48.224114165497426,45.46909607560913,7.24,1.0,-0.37,2.29
RNG,2019-05-20,121.66000366210938,122.5,119.54000091552734,120.98999786376953,802800,34.08095118767382,31.561749366240594,36.879922237812224,48.29781417795692,45.496916418683064,7.39,2.0,-0.55,2.25
RNG,2019-05-21,120.95999908447266,123.69999694824219,120.7300033569336,122.47000122070312,716600,32.6614974110179,31.60950887490802,33.75416783514525,48.269377212600254,45.50583427502271,7.6,1.0,-0.55,0.71
RNG,2019-05-22,121.87000274658203,124.31999969482422,121.66000366210938,122.56999969482422,829500,32.64078671029685,31.592846370301896,33.73248459290762,48.26420480708979,45.39488245507142,7.79,1.0,-0.56,0.71
RNG,2019-05-23,121.02999877929688,121.08000183105469,117.26000213623047,119.30999755859375,600600,33.961421519768294,32.165435496860056,34.089147777434725,48.35271401807363,45.41783035452557,7.97,3.0,-0.57,0.59
RNG,2019-05-24,120.06999969482422,122.63999938964844,120.06999969482422,121.72000122070312,663900,33.8729757992204,32.35926084331581,33.768459157722596,48.32754441831566,45.453412218410676,8.14,3.0,-0.55,0.67
RNG,2019-05-28,122.12000274658203,124.22000122070312,120.94999694824219,122.16000366210938,563300,33.8586014216701,32.35770116825481,33.58772492560615,48.3219193562325,45.428768811082655,8.31,1.0,-0.56,0.74
RNG,2019-05-29,120.76000213623047,121.5,118.52999877929688,119.0999984741211,510300,34.9699080891114,32.50694423735892,33.41892166213881,48.4233437042702,45.511066866084946,8.48,1.0,-0.65,0.77
RNG,2019-05-30,119.75,122.16999816894531,119.41999816894531,120.76000213623047,509700,34.82671055789701,32.577153860794766,32.75482456893237,48.36283642447216,45.52060785689277,8.64,1.0,-0.68,0.89
RNG,2019-05-31,118.62999725341797,121.55999755859375,118.44000244140625,119.8499984741211,442800,34.77129385648494,32.30862147224726,31.85461759035301,48.37335990357917,45.51250449751407,8.81,1.0,-0.66,0.94
RNG,2019-06-03,119.68000030517578,120.69000244140625,112.66999816894531,114.27999877929688,717000,37.826123073042325,33.86457483807307,32.742826958181666,48.71205399882255,45.77782662808736,8.94,2.0,-0.61,0.85
RNG,2019-06-04,115.69000244140625,118.25,115.0,118.0999984741211,861500,38.19517392636222,34.45216374332226,33.019255080375935,48.80147601124093,45.882448461898186,9.07,4.0,-0.58,0.8
RNG,2019-06-05,119.41000366210938,120.16999816894531,117.12999725341797,119.68000030517578,592900,37.663322644096006,34.18255835929784,33.04721863532064,48.81796259112255,45.88875140013759,9.19,5.0,-0.56,0.8
RNG,2019-06-06,119.58999633789062,121.97000122070312,118.06999969482422,121.6500015258789,350000,37.87862576386364,34.301787483284244,33.09726403423999,48.56897628852123,45.849493581972624,9.29,6.0,-0.54,0.79
RNG,2019-06-07,121.80999755859375,124.19999694824219,120.95999908447266,122.23999786376953,579900,37.740690736091935,34.290596924802095,32.83066533806792,48.52405569881728,45.82102347819253,9.4,4.0,-0.56,0.91
RNG,2019-06-10,124.55999755859375,127.0,122.73999786376953,122.9000015258789,649900,37.42067453225947,34.28312516582957,32.66072291302672,48.36158772839102,45.548576299301516,9.5,2.0,-0.57,0.97
RNG,2019-06-11,123.7300033569336,124.86000061035156,117.01000213623047,118.75,684300,38.86040197011846,35.08481116268512,33.20473314778164,48.54370296651741,45.68716145645411,9.58,9.0,-0.57,0.79
RNG,2019-06-12,118.75,119.13999938964844,116.36000061035156,117.80999755859375,673800,38.934886056451646,35.142296158467246,33.22051962269183,48.5121685593161,45.69603163117611,9.65,10.0,-0.55,0.77
RNG,2019-06-13,118.3499984741211,118.88999938964844,115.4800033569336,118.16000366210938,859400,38.73231487066122,35.06223627421733,32.82753058072,48.49229917681433,45.60653605326841,9.72,5.0,-0.51,0.87
RNG,2019-06-14,117.8499984741211,118.31999969482422,115.62999725341797,118.04000091552734,476800,38.71294740358632,35.06329285680613,32.478457705667516,48.41598797369787,45.59908684845587,9.79,2.0,-0.5,1.01
RNG,2019-06-17,118.18000030517578,120.4800033569336,116.87999725341797,116.94999694824219,646200,37.50981361887116,34.40169272519795,32.53251310329287,48.4292653621707,45.6120786629018,9.86,3.0,-0.5,0.98
RNG,2019-06-18,119.04000091552734,120.19999694824219,117.79000091552734,117.86000061035156,477900,37.36378194150181,33.03593696413348,32.53929943926792,48.419354420058895,45.613704578844725,9.91,4.0,-0.51,0.98
RNG,2019-06-19,118.5,119.27999877929688,115.87999725341797,117.68000030517578,771700,36.699376463082444,33.030043037536174,32.355841385664654,48.39967083950768,45.556493594197164,9.96,2.0,-0.49,1.03
RNG,2019-06-20,119.62000274658203,121.61000061035156,119.05999755859375,119.70999908447266,514400,37.036221259600346,33.01949086382881,31.975091803406823,48.29857838572625,45.36701049214453,10.01,2.0,-0.57,1.19
RNG,2019-06-21,119.20999908447266,119.29000091552734,114.68000030517578,114.69000244140625,813900,37.091787587401086,33.97097948046472,32.53967358870749,48.36032975690197,45.585613618287475,10.04,7.0,-0.84,1.12
RNG,2019-06-24,115.7699966430664,115.7699966430664,112.41000366210938,113.72000122070312,962900,37.133985807096394,33.92858119766292,32.293373777588286,48.35690543442513,45.49835203234642,10.07,3.0,-1.03,1.17
RNG,2019-06-25,113.36000061035156,114.66999816894531,110.33999633789062,111.16000366210938,1151900,33.736419761971774,34.27135564724611,32.12568273581973,48.217627769206786,45.413295811075926,10.09,3.0,-1.12,1.17
RNG,2019-06-26,111.76000213623047,114.0999984741211,110.5999984741211,110.91999816894531,623800,33.07272550239582,34.15793122443381,31.98123371860075,48.20690679460879,45.19921120798822,10.1,3.0,-1.18,1.21
RNG,2019-06-27,111.88999938964844,115.33000183105469,111.72000122070312,114.44999694824219,1161700,34.35878680977609,34.726723544501375,32.23394596685966,48.050878456474074,45.28513096345682,10.1,5.0,-1.21,1.14
RNG,2019-06-28,114.47000122070312,115.43000030517578,112.68000030517578,114.91999816894531,1220700,31.526145925113397,34.722472249120955,32.233427734843666,48.03219508320836,45.1690693883511,10.1,5.0,-1.26,1.14
RNG,2019-07-01,117.52999877929688,117.69999694824219,115.51000213623047,115.83999633789062,547900,31.627273514080724,32.8029275029175,32.24557031106626,47.32986641172937,45.00964948322277,10.09,7.0,-1.33,1.14
RNG,2019-07-02,115.80000305175781,115.80999755859375,113.5199966430664,114.80999755859375,624200,31.191665395394857,32.74984310909454,32.28395726755755,47.277537095054605,45.013755050374485,10.07,8.0,-1.4,1.11
RNG,2019-07-03,115.52999877929688,117.37999725341797,114.38999938964844,116.1500015258789,517500,31.170597288010693,32.20700096503259,31.74148907459146,46.69000581952199,44.99915514340941,10.05,1.0,-1.41,1.23
RNG,2019-07-05,115.19000244140625,118.69000244140625,114.5,118.1500015258789,459400,31.64017057336207,32.350648372798965,31.782272144836714,46.72351154162994,45.01411994721928,10.02,2.0,-1.45,1.24
RNG,2019-07-08,117.77999877929688,121.25,117.0199966430664,119.68000030517578,739700,30.922782233335038,32.42052820579252,30.495016265389353,46.65240360869925,45.01920205439218,10.0,1.0,-1.46,1.14
RNG,2019-07-09,119.9000015258789,121.9800033569336,119.1500015258789,121.9800033569336,715400,30.870179739310217,32.34675450481785,30.290424116607184,46.66618179054805,44.857894436682535,9.97,1.0,-1.47,1.28
RNG,2019-07-10,123.2699966430664,125.93000030517578,122.05000305175781,122.38999938964844,719900,30.867749308775437,32.346395090746576,30.27940775719263,46.45058193659186,44.848394460131594,9.93,1.0,-1.48,1.28
RNG,2019-07-11,123.0,123.37000274658203,120.91000366210938,122.37000274658203,348300,29.912931585909863,32.346240205160115,30.263722078264,46.191157592946034,44.84842874244728,9.89,1.0,-1.48,1.28
RNG,2019-07-12,122.73999786376953,123.93000030517578,121.66000366210938,122.97000122070312,401900,29.68814726871179,32.24352673964741,30.241028063337584,46.03291777063741,44.84534962713437,9.84,1.0,-1.47,1.31
RNG,2019-07-15,123.4000015258789,124.23999786376953,122.19999694824219,123.33000183105469,671000,29.592842670291652,32.14850079211076,30.238692060501165,46.01767676475953,44.50637132160614,9.78,1.0,-1.47,1.32
RNG,2019-07-16,123.5999984741211,124.75,121.58999633789062,121.70999908447266,426200,26.17270487042186,32.251927836859586,30.33149695206017,44.94525411384409,44.53063797209601,9.71,6.0,-1.46,1.24
RNG,2019-07-17,121.75,124.91000366210938,121.58000183105469,123.72000122070312,458800,24.892024480646604,31.980194391466597,30.315460409129823,44.65497028966993,44.554657212021034,9.63,6.0,-1.45,1.25
RNG,2019-07-18,123.19999694824219,124.83999633789062,122.55000305175781,123.45999908447266,397800,24.659871498817214,31.581057584011024,30.313331751020527,44.40483260156082,44.42272194012876,9.54,6.0,-1.44,1.25
RNG,2019-07-19,124.22000122070312,124.98999786376953,120.98999786376953,121.01000213623047,323300,24.95151999228696,31.893716460392803,30.49963882558673,44.43063818086813,44.45455442135561,9.44,10.0,-1.42,1.14
RNG,2019-07-22,121.3499984741211,122.37000274658203,120.91000366210938,120.9800033569336,376400,24.90620858559371,31.787850809314094,30.50062299931665,44.16962188708192,44.45317059856394,9.35,11.0,-1.4,1.13
RNG,2019-07-23,122.0,122.0,119.01000213623047,120.5199966430664,565200,24.86491581644277,31.576374980907897,30.50535589291701,43.88104469299876,44.424736379541265,9.24,12.0,-1.37,1.13
RNG,2019-07-24,119.6500015258789,125.22000122070312,119.6500015258789,124.94000244140625,609700,24.941701473618984,32.381740883410274,30.99487872200855,43.99934777178606,44.557653535895874,9.12,13.0,-1.34,1.02
RNG,2019-07-25,124.30999755859375,124.5199966430664,122.75,123.0,656200,25.297756234917685,32.56311448154909,30.908154397357684,43.867222535665995,44.50439641438589,9.0,13.0,-1.31,1.06
RNG,2019-07-26,124.2300033569336,128.00999450683594,124.08000183105469,127.38999938964844,780800,27.112301634336333,33.17020400607598,31.34694065345867,43.89251242019535,44.55925944053101,8.86,15.0,-1.24,0.96
RNG,2019-07-29,127.37999725341797,128.17999267578125,122.72000122070312,126.1500015258789,1258400,27.329435941003283,33.244267293371266,31.20530055256442,43.90587085084178,44.568966823277876,8.72,15.0,-1.22,1.03
RNG,2019-07-30,137.97999572753906,146.3800048828125,136.64999389648438,140.11000061035156,3484700,40.18560600608209,38.91462917949345,35.18493820132961,43.80833117914114,45.651308510974424,8.56,49.0,-0.18,4.13
RNG,2019-07-31,140.00999450683594,145.24000549316406,139.72999572753906,141.97999572753906,1382000,40.23785433129749,38.91408866962705,35.22101307304933,43.77617254007949,44.89909689828162,8.4,50.0,0.67,4.09
RNG,2019-08-01,141.69000244140625,144.47000122070312,139.82000732421875,140.97999572753906,992600,40.36222915907336,38.56195562754195,35.07201906107396,43.619334949570366,44.9083224263114,8.24,49.0,1.0,4.23
RNG,2019-08-02,140.24000549316406,142.1699981689453,138.60000610351562,140.2899932861328,713600,40.34120620103515,38.58796850323909,35.09360517166858,41.75261792258127,44.78908866263039,8.07,50.0,1.09,4.22
RNG,2019-08-05,135.58999633789062,135.7899932861328,129.88999938964844,131.3300018310547,1271600,43.19922598002017,40.29100215741568,36.749360140255675,42.54521471395701,45.19934523387677,7.9,53.0,0.97,3.82
RNG,2019-08-06,133.27999877929688,135.0,131.19000244140625,132.6699981689453,783700,43.04902793567432,40.3294511781778,36.763420262791044,42.5170180881333,45.20464744571402,7.71,54.0,0.83,3.81
RNG,2019-08-07,130.49000549316406,136.0399932861328,129.05999755859375,135.3699951171875,880800,42.423922487589735,38.52563458315459,36.862913519677655,42.377936354155764,45.19230688964978,7.52,56.0,0.72,3.73
RNG,2019-08-08,137.38999938964844,140.05999755859375,136.4499969482422,139.7899932861328,785500,42.9713702714844,38.82172902577414,37.16257686023131,42.49307415561434,44.82871208186802,7.34,58.0,0.68,3.54
RNG,2019-08-09,138.89999389648438,140.50999450683594,138.50999450683594,139.83999633789062,413500,42.42626876135799,38.80954323129323,37.126624522926946,40.53345344040625,44.82878084892998,7.14,58.0,0.6,3.56
RNG,2019-08-12,138.85000610351562,140.0,136.6699981689453,138.47000122070312,323300,42.69159874046376,37.883962962656206,37.17582523524402,40.56452500225734,44.84373671917313,6.94,60.0,0.49,3.53
RNG,2019-08-13,138.0,141.52999877929688,138.0,140.91000366210938,784600,42.81410612696534,37.95965672015751,36.875724939933804,40.42097091460456,44.868783630924675,6.77,57.0,0.39,3.71
RNG,2019-08-14,138.27000427246094,138.86000061035156,135.89999389648438,138.07000732421875,462000,43.29817897604225,37.942698767343096,36.250884592118666,40.52168440999019,44.923901877897144,6.58,53.0,0.29,3.99
RNG,2019-08-15,138.66000366210938,140.0,137.0399932861328,139.1999969482422,535300,43.2719372663321,37.9066515001352,36.25142807983759,40.0118069788678,44.88770992238621,6.4,54.0,0.2,3.98
RNG,2019-08-16,140.77000427246094,142.14999389648438,138.61000061035156,138.61000061035156,528800,43.24051961444305,37.928369484767984,36.18839388988573,39.964337037733486,44.87449377687288,6.2,53.0,0.1,4.04
RNG,2019-08-19,141.0,141.72000122070312,137.49000549316406,138.57000732421875,1236400,43.20919220093222,37.447974128081825,36.00738163848849,39.522949800808206,44.87374626951669,6.01,53.0,0.01,4.16
RNG,2019-08-20,138.6999969482422,139.27999877929688,137.4499969482422,137.55999755859375,494900,43.13418846033795,37.32081592447595,35.99761338578251,39.52887821274608,44.88287656465027,5.81,53.0,-0.08,4.18
RNG,2019-08-21,137.94000244140625,142.47000122070312,137.16000366210938,139.94000244140625,857100,43.30114370413367,37.448166111286255,36.07301898371244,39.35826167151694,44.90925740815578,5.6,55.0,-0.15,4.11
RNG,2019-08-22,140.16000366210938,142.55999755859375,138.22999572753906,142.30999755859375,526100,43.42232394800005,37.11471811935269,36.09744449628226,39.344371335795984,44.93357271390456,5.39,56.0,-0.21,4.1
RNG,2019-08-23,142.4499969482422,145.10000610351562,139.8800048828125,141.5,740200,43.53383030479447,37.086307719255416,36.116276198305634,38.850124228588946,44.9313466486841,5.17,57.0,-0.28,4.09
RNG,2019-08-26,142.85000610351562,143.35000610351562,141.0,143.08999633789062,456200,43.57058232689323,37.064876613741134,36.14040646870565,38.7866503823226,44.940576666247594,4.93,58.0,-0.34,4.06
RNG,2019-08-27,144.0500030517578,146.3800048828125,140.6699981689453,142.75999450683594,495300,43.28886214334894,35.55862596638206,34.979462611772874,38.578602089240576,44.83987367880251,4.74,49.0,-0.39,4.56
RNG,2019-08-28,141.6199951171875,142.33999633789062,138.72999572753906,141.2899932861328,365800,43.388402623466874,35.145136961194936,34.98909026746879,38.2808364263881,44.852751722906184,4.54,50.0,-0.45,4.57
RNG,2019-08-29,142.60000610351562,144.2899932861328,141.8300018310547,142.60000610351562,515700,43.3645037990577,35.10412672269867,34.63251240918799,38.22881800744104,44.85764445541518,4.33,49.0,-0.52,4.81
RNG,2019-08-30,143.3800048828125,143.3800048828125,138.9600067138672,141.1300048828125,574000,42.97142521390387,35.094893942833,34.69459710585355,38.230980580621846,44.87373358505341,4.19,50.0,-0.6,4.76
RNG,2019-09-03,140.4499969482422,142.5,139.77000427246094,140.7899932861328,345500,42.999516409491804,35.10549945003583,34.702663119888946,38.16734094586888,44.84036732728004,4.04,51.0,-0.68,4.76
RNG,2019-09-04,142.1199951171875,142.94000244140625,141.05999755859375,141.36000061035156,389300,42.919007696291104,35.1016245598135,34.56884961524253,37.93958837245447,44.837128405848894,3.89,49.0,-0.75,4.89
RNG,2019-09-05,141.27999877929688,141.89999389648438,138.11000061035156,140.50999450683594,615000,42.02621024228642,34.30839822358712,34.59707367473976,37.15263744639856,44.82224128689096,3.73,50.0,-0.82,4.87
RNG,2019-09-06,140.4499969482422,140.4499969482422,135.1699981689453,135.61000061035156,769500,43.20609779945389,35.13177394175055,35.126024445860246,37.26711770317818,44.91698958220883,3.56,58.0,-0.88,4.52
RNG,2019-09-09,135.9499969482422,135.9499969482422,125.8499984741211,131.58999633789062,1644100,43.16399548886443,35.75454579201464,35.44853286152963,37.471271708994266,45.02306090937866,3.47,61.0,-0.92,4.31
RNG,2019-09-10,129.6999969482422,130.24000549316406,123.37999725341797,124.05999755859375,1539700,46.462686201892936,37.856803197899076,36.71285162869137,37.180207541885046,45.42241434472846,3.39,71.0,-0.96,3.87
RNG,2019-09-11,123.75,126.6500015258789,122.5,124.12000274658203,1021300,34.056447622635886,37.79831355124884,36.67424407847288,36.721781366434065,45.35777928188337,3.3,71.0,-0.99,3.91
RNG,2019-09-12,127.4000015258789,130.97999572753906,126.97000122070312,127.36000061035156,1099400,34.7936489611701,38.114972273748506,36.654263036775326,36.75270715963726,45.42481010566782,3.21,71.0,-1.01,3.92
RNG,2019-09-13,125.93000030517578,127.33999633789062,123.5,127.1500015258789,877800,34.78245396669623,38.11536545964258,36.43643931636715,34.971460721205986,45.42213210725418,3.13,71.0,-1.02,4.09
RNG,2019-09-16,125.62000274658203,128.22999572753906,125.0,126.37000274658203,692800,34.78889417458923,38.00108128979372,36.45516571079767,34.966104482277835,45.384325077356166,3.05,72.0,-1.02,4.08
RNG,2019-09-17,126.97000122070312,130.86000061035156,126.26000213623047,130.67999267578125,569100,31.00096474688693,37.46595353903596,36.76087649684921,35.14881171704447,45.496462962731094,2.98,77.0,-1.04,3.87
RNG,2019-09-18,130.0,130.99000549316406,127.87000274658203,130.61000061035156,457200,30.846258187468777,37.404609989972656,36.65082078355476,34.90947457728611,45.282575088929846,2.91,73.0,-1.05,3.96
RNG,2019-09-19,130.6199951171875,133.74000549316406,130.27999877929688,133.3300018310547,747700,30.873590007706643,37.21848727348075,36.77347035061144,34.88942288214666,45.2874147155774,2.85,80.0,-1.08,3.87
RNG,2019-09-20,133.5800018310547,134.64999389648438,131.52999877929688,133.55999755859375,885500,29.29812766616675,37.20385080558552,36.77249361737675,34.64183474082553,45.1625968833513,2.79,80.0,-1.12,3.87
RNG,2019-09-23,132.8300018310547,134.33999633789062,132.0399932861328,133.10000610351562,502600,29.29771039093099,36.75662522291187,36.70890545645274,34.25620595168673,45.1610965396039,2.74,76.0,-1.14,3.91
RNG,2019-09-24,133.77000427246094,134.19000244140625,125.97000122070312,127.26000213623047,1104400,31.800885354649388,38.01495136092542,37.43229072758808,34.19727419784972,45.365133674803424,2.7,90.0,-1.13,3.56
RNG,2019-09-25,127.08000183105469,128.5399932861328,123.87000274658203,128.05999755859375,575100,31.342517476964122,38.00452687219942,37.07110774895146,34.13396593598848,45.3521025737261,2.66,87.0,-1.13,3.79
RNG,2019-09-26,129.00999450683594,129.86000061035156,126.5199966430664,126.72000122070312,524200,31.001877424702982,38.024832417459905,37.05774361517965,34.13122079294657,45.30824800989633,2.63,87.0,-1.13,3.82
RNG,2019-09-27,127.54000091552734,127.54000091552734,121.76000213623047,123.8499984741211,759800,31.348344159073005,38.295618260345144,37.03420427839609,34.25480227981466,45.37034029895957,2.59,87.0,-1.12,3.83
RNG,2019-09-30,123.97000122070312,126.26000213623047,120.80000305175781,125.66000366210938,588100,31.798105295966966,38.25344017454292,37.10045770460685,34.28160019502863,45.377621186665614,2.56,90.0,-1.11,3.77
RNG,2019-10-01,125.48999786376953,125.9800033569336,122.94000244140625,123.58999633789062,754400,32.01626590866971,38.34066773090645,36.644980216316085,34.22611080640266,45.39698872497676,2.51,73.0,-1.11,4.06
RNG,2019-10-02,122.29000091552734,123.83999633789062,120.43000030517578,121.51000213623047,726300,32.22969924965461,38.30874129942666,36.74382695725826,34.19513734758618,45.33123664882502,2.47,79.0,-1.11,3.99
RNG,2019-10-03,121.98999786376953,128.57000732421875,120.02999877929688,127.54000091552734,1018100,35.166371577559126,39.573646571747275,36.33424625303037,34.635923319945505,45.407230793501164,2.43,71.0,-1.1,3.99
RNG,2019-10-04,145.2899932861328,169.5800018310547,145.00999450683594,163.3000030517578,9236800,80.56408519516171,64.16524576614357,53.290206265966965,45.15862003839901,51.61591669274381,3.05,100.0,0.23,26.92
RNG,2019-10-07,171.10000610351562,177.99000549316406,168.00999450683594,172.72000122070312,6212900,81.85808666098315,65.02001603892403,53.942330897534255,45.437337275232835,51.734493361532785,3.6,100.0,2.2,25.35
RNG,2019-10-08,171.8000030517578,175.6999969482422,169.77000427246094,171.94000244140625,2398800,81.90907292084442,65.05133513192963,53.55431544682381,45.29801651965219,51.72876316496532,4.06,99.0,2.69,26.38
RNG,2019-10-09,173.5,177.0,172.5800018310547,174.10000610351562,1508700,81.88896237251349,64.94793149038594,53.54212575566583,45.3078525467422,51.53828243300177,4.47,98.0,2.88,26.31
RNG,2019-10-10,173.89999389648438,174.99000549316406,172.0,174.4499969482422,766200,81.74467464010714,64.916287663078,53.39907619478767,45.30782606021003,51.527872211931204,4.84,97.0,2.78,26.52
RNG,2019-10-11,176.8000030517578,177.5,172.75999450683594,173.44000244140625,997400,81.82559747958771,64.93979544417473,53.40244643757735,45.25289837077164,51.05263114323427,5.17,97.0,2.49,26.59
RNG,2019-10-14,173.42999267578125,177.1999969482422,172.3000030517578,176.4600067138672,774800,81.72178430059465,64.75878187888753,53.44536832861901,45.08956877513581,51.02032938972534,5.48,97.0,2.27,26.42
RNG,2019-10-15,176.97000122070312,177.99000549316406,173.5500030517578,176.6999969482422,585900,81.6895516277561,64.75269250290748,53.22123245645503,44.97910719641512,50.63773718956249,5.76,93.0,2.02,26.78
RNG,2019-10-16,174.35000610351562,174.44000244140625,164.55999755859375,170.9199981689453,1636800,82.54051916520152,65.2288241596228,53.482708231886825,45.08606037850325,50.76793872989687,6.03,97.0,1.66,26.46
RNG,2019-10-17,171.82000732421875,172.47999572753906,168.2100067138672,170.1699981689453,662700,82.52061724728179,64.95503505557431,53.49699280514134,44.946039679176934,50.71907667237898,6.28,97.0,1.34,26.47
RNG,2019-10-18,169.5,169.63999938964844,157.83999633789062,161.6699981689453,2057500,83.33712443897763,65.84523851599975,54.00533568997046,45.35737111953881,50.986545987291386,6.52,100.0,1.08,25.55
RNG,2019-10-21,162.74000549316406,163.27999877929688,159.00999450683594,160.5,914100,82.7418692562537,65.57835681591571,54.00196554912651,45.34172453007905,50.85264566865336,6.75,99.0,0.85,25.65
RNG,2019-10-22,161.91000366210938,162.4499969482422,152.02000427246094,153.39999389648438,943500,81.89076206598814,66.29208531242116,54.51568823401989,45.696987070510076,50.90940552966116,6.97,100.0,0.7,24.79
RNG,2019-10-23,153.36000061035156,157.36000061035156,148.42999267578125,148.88999938964844,1158400,82.571702835201,63.140869206992214,54.1725843746888,45.855974161480624,50.911529621577465,7.18,99.0,0.63,25.38
RNG,2019-10-24,149.99000549316406,158.08999633789062,149.99000549316406,154.7100067138672,1390100,82.91221046660111,63.556607286344324,54.25709603594674,46.050961169458816,51.02700765883162,7.37,99.0,0.49,25.19
RNG,2019-10-25,153.75,161.88999938964844,152.7100067138672,160.36000061035156,1048300,83.30448359092185,63.919473071262225,54.48717539846979,46.008221050739365,50.419579611500886,7.56,99.0,0.33,24.63
RNG,2019-10-28,165.36000061035156,166.1199951171875,158.74000549316406,158.99000549316406,1016200,83.3425983396119,63.9412166554703,54.47470257854135,46.00205014715442,50.232697545310735,7.74,98.0,0.18,24.76
RNG,2019-10-29,157.32000732421875,161.35000610351562,156.02000427246094,157.8699951171875,1317600,83.07728522111516,62.382687020296366,54.49546962122329,45.5279693265976,50.08075842106141,7.91,99.0,0.05,24.77
RNG,2019-10-30,159.25,164.0,157.82000732421875,163.72999572753906,725400,83.50319247601108,62.741950279806666,54.758933358926996,45.57553016539765,50.15379681679799,8.08,100.0,-0.1,24.12
RNG,2019-10-31,162.47000122070312,164.30999755859375,160.0,161.52000427246094,1109900,83.62598098117606,62.74071371499315,54.498301409595754,45.612368992606875,50.01940164082118,8.23,98.0,-0.22,24.53
RNG,2019-11-01,161.22000122070312,162.7899932861328,159.4499969482422,161.91000366210938,1053900,83.62287962282461,62.445159104222135,54.46976836728229,45.607662439470516,49.83751698795932,8.37,94.0,-0.32,24.55
RNG,2019-11-04,164.05999755859375,164.72999572753906,156.6300048828125,157.64999389648438,1884500,84.12998165990115,62.728695059730455,54.675414373788044,45.72566186804542,49.88741049696978,8.51,99.0,-0.4,24.27
RNG,2019-11-05,171.0,171.0,157.22999572753906,161.9600067138672,3447100,82.9501832873755,62.88539670593665,54.80497134134665,45.81687699094062,49.82776741555456,8.64,100.0,-0.5,23.89
RNG,2019-11-06,162.10000610351562,168.1699981689453,161.16000366210938,167.02999877929688,2092200,83.20957590207239,63.07943807628038,54.94280514518102,45.93948064161547,49.81445190957555,8.77,100.0,-0.58,23.46
RNG,2019-11-07,165.8699951171875,170.57000732421875,165.0800018310547,169.38999938964844,878000,83.01683683594707,62.93289104132987,54.964023272632815,45.924962513824426,49.81904789463537,8.88,100.0,-0.67,23.39
RNG,2019-11-08,168.75999450683594,172.99000549316406,167.50999450683594,169.8300018310547,1240100,82.47432055003989,62.9253048654918,54.9580761159016,45.9205533730486,48.6974456191739,8.99,99.0,-0.74,23.39
RNG,2019-11-11,168.77000427246094,172.10000610351562,168.14999389648438,170.2100067138672,953000,82.49950482425014,62.90605117709212,54.91622506943257,45.91611046738183,48.66533921019757,9.09,97.0,-0.81,23.53
RNG,2019-11-12,169.8300018310547,174.1300048828125,169.8300018310547,172.7100067138672,1204800,82.115880354288,62.94238094628232,54.4367650153308,45.93764635137351,48.569364604749666,9.18,87.0,-0.87,24.2
RNG,2019-11-13,167.85000610351562,169.05999755859375,165.75,168.02000427246094,1711500,82.48631657619603,63.22878123064761,54.632350258950915,46.07298374142655,47.48013656371523,9.26,93.0,-0.93,23.9
RNG,2019-11-14,167.5500030517578,170.05999755859375,165.85000610351562,169.82000732421875,844000,81.71174776470636,63.18212777722357,54.474412354487754,46.08239852601063,47.48053880991519,9.34,87.0,-1.0,24.06
RNG,2019-11-15,170.25,170.77999877929688,167.5800018310547,170.19000244140625,734700,40.01768351081424,63.11903566748504,54.46579327165101,45.99712398076382,47.457163629426724,9.4,85.0,-1.06,24.06
RNG,2019-11-18,169.5500030517578,170.7100067138672,168.19000244140625,170.0,976500,36.50242140200402,63.09904851945245,54.29893498460622,45.99619245442707,47.340098310825304,9.46,83.0,-1.12,24.53
RNG,2019-11-19,169.7899932861328,173.50999450683594,168.75999450683594,172.80999755859375,856700,36.805678662791834,63.13678410472943,54.33482356102656,45.94443689026277,47.343846079514506,9.52,83.0,-1.17,24.41
RNG,2019-11-20,173.00999450683594,176.6699981689453,170.11000061035156,171.44000244140625,1030400,36.687963339181266,63.16824445910115,54.364618090730474,45.948756969439245,46.12018626520472,9.57,83.0,-1.22,24.41
RNG,2019-11-21,174.50999450683594,175.3000030517578,167.92999267578125,169.75,696700,36.77921070741077,63.16428834333906,54.37070672626035,45.97375992293509,46.139136247534765,9.61,83.0,-1.27,24.41
RNG,2019-11-22,169.86000061035156,170.9499969482422,167.1300048828125,168.8800048828125,745100,36.77199153558416,63.172967729324014,54.37536227447486,45.90140293130956,46.034742446072514,9.65,83.0,-1.32,24.47
RNG,2019-11-25,169.4600067138672,172.2100067138672,169.25,170.3300018310547,778600,36.48384844280468,63.12329883580582,54.33899972950601,45.90624354505783,46.03754221612953,9.68,80.0,-1.36,24.58
RNG,2019-11-26,170.99000549316406,172.72000122070312,170.61000061035156,172.27999877929688,3402600,36.65968982861771,63.13483870493892,54.333111459288276,45.91455496740221,45.7212079993758,9.68,78.0,-1.39,24.6
RNG,2019-11-27,172.5500030517578,173.55999755859375,169.75,171.8300018310547,1354300,35.35802543202312,63.14652791918313,54.28566724782281,45.916039342329704,45.68946251256057,9.68,76.0,-1.42,24.79
RNG,2019-11-29,171.9199981689453,173.38999938964844,170.24000549316406,172.47000122070312,322100,35.34501427389236,63.116905179859174,54.285685641500535,45.910919941134814,45.412625097072954,9.68,76.0,-1.45,24.79
RNG,2019-12-02,172.10000610351562,172.9199981689453,161.64999389648438,165.47999572753906,1392100,34.18781931403443,63.282944730994664,54.74732927173781,46.20586902226064,45.62135165953668,9.67,94.0,-1.47,24.07
RNG,2019-12-03,161.5,168.0,160.75,167.10000610351562,974200,34.195580667366414,62.91016157684135,54.756969098058924,46.19644846427043,45.49811846392033,9.66,94.0,-1.49,24.03
RNG,2019-12-04,168.8699951171875,168.8699951171875,164.41000366210938,164.9499969482422,506900,31.55095542136929,61.63929931118006,54.81597312138117,46.23093625366344,45.49466824993362,9.64,96.0,-1.5,23.98
RNG,2019-12-05,164.83999633789062,166.5800018310547,164.1699981689453,164.91000366210938,983700,30.051661569098144,61.641624285940026,54.757444073352715,46.06264172565572,45.1864100991732,9.61,93.0,-1.51,24.04
RNG,2019-12-06,164.85000610351562,167.41000366210938,162.6199951171875,166.1699981689453,1030000,28.210458320152853,61.489130214074926,54.720739633790714,45.713787266005205,45.14151242999194,9.58,90.0,-1.52,24.15
RNG,2019-12-09,167.75,168.83999633789062,165.39999389648438,165.82000732421875,700600,26.381075892317803,61.49113819547809,54.720750675249306,45.712860702138556,45.01593772777101,9.54,90.0,-1.52,24.15
RNG,2019-12-10,167.0,167.22000122070312,164.1699981689453,165.55999755859375,1033900,26.235015531309024,61.46462422020659,54.60160480744685,45.679687022086355,44.813688496817804,9.5,86.0,-1.53,24.3
RNG,2019-12-11,165.57000732421875,166.55999755859375,157.27000427246094,162.3699951171875,932900,26.819541992763046,61.35477526743871,54.716911917356626,45.67417125297721,44.831160315244624,9.45,88.0,-1.53,24.16
RNG,2019-12-12,161.9600067138672,163.3699951171875,159.94000244140625,160.75,560600,24.777104668012644,61.413033599741205,54.7453374678894,45.677329323348836,44.82990277554304,9.39,90.0,-1.54,24.13
RNG,2019-12-13,159.9600067138672,164.1300048828125,159.25,163.75,817500,25.05991602637778,61.3892678672317,54.5456213131762,45.71775560019691,44.81776791739287,9.34,83.0,-1.53,24.6
RNG,2019-12-16,164.5,167.30999755859375,163.1699981689453,165.6699981689453,999000,25.26499463277418,61.41125718064902,54.48393942679327,45.70983341960374,44.69021808328533,9.27,78.0,-1.53,24.6
RNG,2019-12-17,166.6300048828125,166.74000549316406,164.14999389648438,165.75999450683594,856700,23.891542814334734,61.39715410371538,54.241438535716945,45.70761334876593,44.2110777283477,9.21,62.0,-1.51,25.24
RNG,2019-12-18,166.32000732421875,169.5800018310547,165.91000366210938,167.22000122070312,2066400,22.772828247371137,60.56486237270325,54.21329713497658,45.712963322560825,44.113226730430824,9.13,61.0,-1.5,25.22
RNG,2019-12-19,166.35000610351562,168.1199951171875,165.41000366210938,167.49000549316406,980700,20.95716485964252,60.56674114971569,51.68031686460412,45.21353147082777,44.1133977032963,9.09,47.0,-1.49,30.71
RNG,2019-12-20,168.0399932861328,169.6999969482422,167.8300018310547,169.32000732421875,1553800,20.793747873897267,60.49916877981488,51.668195000031105,45.199232216920315,43.502191429657636,9.04,46.0,-1.49,30.75
RNG,2019-12-23,169.0,169.99000549316406,168.22999572753906,168.8699951171875,524000,20.792258331185664,60.244418893884855,51.65376018356276,45.049211502757366,43.22260543750646,8.98,45.0,-1.48,30.77
RNG,2019-12-24,168.94000244140625,169.38999938964844,167.61000061035156,168.55999755859375,203600,20.78450153547107,60.2293020326854,51.6459069716662,45.05075646481672,43.1841612489734,8.93,44.0,-1.47,30.77
RNG,2019-12-26,169.0,169.5,167.10000610351562,168.52999877929688,566000,20.299260003439503,60.07264174553918,50.489321469041684,45.05107157605811,42.120627808121704,8.88,43.0,-1.44,33.39
RNG,2019-12-27,169.5,169.5,167.72000122070312,168.97000122070312,460000,18.666390844386953,59.89815684560732,50.47439756490631,44.991911611597914,42.10905376947417,8.84,42.0,-1.4,33.47
RNG,2019-12-30,168.63999938964844,168.99000549316406,164.10000610351562,166.77999877929688,658900,18.77505389580676,59.338307660333854,50.45266471313853,45.02977357780784,42.13522923591757,8.79,41.0,-1.36,33.72
RNG,2019-12-31,166.27999877929688,169.22999572753906,165.44000244140625,168.6699981689453,564300,19.074517214565866,31.10903958506453,50.24472108631974,45.04071709822451,42.00216361106386,8.74,40.0,-1.33,34.45
RNG,2020-01-02,170.0,173.58999633789062,169.9499969482422,173.19000244140625,2557400,20.584739704220663,29.394590996000115,50.39506756044755,45.10307803253951,42.016562645475545,8.69,40.0,-1.3,33.86
RNG,2020-01-03,170.64999389648438,173.1199951171875,169.58999633789062,170.5,536100,20.546201501155515,29.556526855146515,50.438646627583836,45.13340432099475,41.91041888061963,8.64,40.0,-1.26,33.77
RNG,2020-01-06,170.1999969482422,177.97999572753906,170.0,177.0500030517578,1650200,23.187233756060436,30.454501420481183,50.69729388083106,45.30886389661689,41.825813110265855,8.58,43.0,-1.23,32.92
RNG,2020-01-07,176.69000244140625,180.39999389648438,175.4199981689453,176.72999572753906,1224100,22.971803255268544,30.455297144280497,50.57175903178752,45.22157009021316,41.53117770602769,8.51,42.0,-1.18,33.17
RNG,2020-01-08,176.5500030517578,183.0,176.22999572753906,180.88999938964844,849100,23.737721418793935,30.790683299736415,50.67181313986,45.19793218731822,41.54552731749984,8.44,42.0,-1.13,32.81
RNG,2020-01-09,182.2899932861328,186.7899932861328,182.0,184.3699951171875,1147400,24.16981833053072,30.83403583126888,50.72642404519881,45.239350291603074,41.55357469884963,8.36,43.0,-1.07,32.52
RNG,2020-01-10,185.0,185.8800048828125,182.42999267578125,183.47999572753906,569400,24.117134259083713,30.85479838862285,50.73873862690945,45.22895369009902,41.557292646110774,8.28,43.0,-1.01,32.51
RNG,2020-01-13,184.0500030517578,187.6199951171875,183.6999969482422,186.69000244140625,1207800,24.46925551851228,30.2173575137786,50.764508217525936,45.21966148904154,41.57767560818511,8.2,43.0,-0.93,32.31
RNG,2020-01-14,186.2899932861328,188.85000610351562,184.0,185.7899932861328,820800,24.56561466789785,30.221095928101033,50.72903507264862,45.22698929328068,41.50428416945688,8.11,41.0,-0.88,32.53
RNG,2020-01-15,185.5399932861328,190.92999267578125,185.5399932861328,189.7100067138672,836800,21.32030803057759,28.408989100860044,50.76178975146366,45.27856372637382,41.486943208757395,8.02,42.0,-0.82,32.41
RNG,2020-01-16,190.0,192.60000610351562,189.1999969482422,190.8300018310547,926000,21.268011783933048,28.340429303697228,50.74525371272222,45.24153941478962,41.487036748784384,7.93,41.0,-0.75,32.4
RNG,2020-01-17,191.3800048828125,193.17999267578125,188.89999389648438,192.88999938964844,620000,20.6863770623416,26.54507384250723,50.74350739259881,45.250244408295345,41.48479122962579,7.83,40.0,-0.69,32.4
RNG,2020-01-21,196.74000549316406,200.0,195.11000061035156,196.25999450683594,1077500,20.908736906537694,25.738207085086028,50.78702086595723,45.13344108320044,41.38838430342585,7.71,43.0,-0.62,32.17
RNG,2020-01-22,197.50999450683594,200.27000427246094,194.94000244140625,195.1199951171875,713200,21.168719241971715,24.841244164874528,50.761402700439895,45.127266986032375,41.284875788342944,7.58,40.0,-0.56,32.22
RNG,2020-01-23,195.50999450683594,198.6199951171875,193.5,197.64999389648438,558600,21.155421952937353,24.00922050290761,50.77571046699079,45.02871778574212,41.295185482919756,7.44,42.0,-0.5,32.16
RNG,2020-01-24,199.4499969482422,201.61000061035156,195.16000366210938,197.33999633789062,767000,21.155433943089594,23.901504502794168,50.73481487424544,45.02963649501955,41.297240054170544,7.3,35.0,-0.45,32.23
RNG,2020-01-27,192.33999633789062,196.85000610351562,190.57000732421875,195.14999389648438,602600,20.416711143973345,23.994019364315974,50.779098680213785,44.83695545697213,41.265167956148545,7.15,42.0,-0.4,32.15
RNG,2020-01-28,196.80999755859375,202.3000030517578,195.75,200.6199951171875,980500,20.742927674278004,23.541828816705603,50.926303620641875,44.932172205431264,41.19312001719319,6.99,43.0,-0.35,31.62
RNG,2020-01-29,201.50999450683594,204.13999938964844,200.44000244140625,203.22999572753906,779000,20.54581044603551,23.351542922129735,50.92489623419678,44.35188233367916,41.121150785013896,6.82,42.0,-0.28,31.53
RNG,2020-01-30,202.9199981689453,206.08999633789062,202.2100067138672,206.02999877929688,748100,20.592353356916508,23.436436753025223,50.55872343742415,44.31959963219963,41.047379743350106,6.66,26.0,-0.19,32.24
RNG,2020-01-31,204.89999389648438,206.6199951171875,202.02999877929688,205.5800018310547,1034700,20.684797083359296,22.589406476701047,50.270431504073066,44.320083503090544,40.93176146892565,6.49,20.0,-0.11,32.89
RNG,2020-02-03,206.9499969482422,208.11000061035156,197.75,205.75999450683594,1138300,20.758376765758175,22.10474293776977,49.23676265162309,44.042097393890586,40.89235834474001,6.35,18.0,-0.03,35.45
RNG,2020-02-04,207.67999267578125,211.30999755859375,207.27000427246094,209.14999389648438,964900,20.87019088916102,21.5460004601203,49.26359336576983,44.051267928308505,40.88940410618519,6.2,18.0,0.05,35.27
RNG,2020-02-05,210.57000732421875,211.77000427246094,202.11000061035156,206.25999450683594,873900,21.731008693801634,21.736662723416842,49.244977577756934,44.004899891259164,40.92451419740295,6.04,17.0,0.11,35.57
RNG,2020-02-06,205.5500030517578,207.52000427246094,203.25999450683594,205.16000366210938,765400,21.843897552589926,21.80821160215641,49.26083919349275,44.00215226631035,40.93116963669546,5.88,17.0,0.16,35.55
RNG,2020-02-07,205.27999877929688,210.1300048828125,203.58999633789062,207.47000122070312,1095700,21.7385773536448,21.869402153973343,49.239772002908374,44.01248412154378,40.93836949298047,5.7,15.0,0.21,35.51
RNG,2020-02-10,207.47000122070312,213.5500030517578,206.8000030517578,212.61000061035156,1755900,22.207810081502846,22.179120175231237,49.12674453661638,43.94154065466707,40.828372570433594,5.52,13.0,0.27,35.91
RNG,2020-02-11,228.39999389648438,233.80999755859375,222.16000366210938,227.02000427246094,3535100,27.749852267440207,24.688069204402353,50.054011602490846,44.51394385049214,41.28368661215141,5.33,18.0,0.47,32.87
RNG,2020-02-12,228.0,236.58999633789062,224.86000061035156,235.14999389648438,1967700,27.813539227662222,25.42813558811793,50.21899587563292,44.67191659605444,41.03257194088547,5.14,18.0,0.76,32.32
RNG,2020-02-13,234.02999877929688,244.6300048828125,234.00999450683594,242.85000610351562,1674000,28.456998941392726,26.003159178234853,50.39098861979918,44.66516171515642,41.024358501330056,4.93,20.0,1.11,31.68
RNG,2020-02-14,243.7899932861328,246.4600067138672,239.7100067138672,242.38999938964844,1182200,28.40529217318232,26.01265831162224,50.38419025891145,44.65495040439547,41.02611574303871,4.7,19.0,1.28,31.69
RNG,2020-02-18,242.3000030517578,246.27999877929688,242.3000030517578,245.72999572753906,898300,27.24358336613627,25.971928193519172,49.7327609733058,44.64912683191227,41.03654756302127,4.49,14.0,1.41,33.13
RNG,2020-02-19,247.02999877929688,252.1999969482422,247.02999877929688,248.7899932861328,1064400,26.149455065831994,25.843575820427223,49.74123598942494,44.23574461204911,41.03449268578391,4.25,14.0,1.5,33.07
RNG,2020-02-20,247.85000610351562,249.74000549316406,235.2100067138672,243.75999450683594,1264500,27.485333263984597,26.21097029441934,49.85295800585907,44.20089168924516,41.1016583155845,3.99,14.0,1.43,32.81
RNG,2020-02-21,242.8699951171875,242.8699951171875,232.35000610351562,235.91000366210938,1095500,29.945784911911367,27.3006879728984,50.02480004012308,44.400094147008,41.25980153071959,3.7,14.0,1.29,32.39
RNG,2020-02-24,225.50999450683594,235.60000610351562,225.11000061035156,234.14999389648438,1418900,30.147385719910375,27.423532827837633,50.05639561291662,44.394694466465666,41.24839270656916,3.39,15.0,1.13,32.42
RNG,2020-02-25,236.32000732421875,237.07000732421875,229.36000061035156,235.30999755859375,950000,29.91876068781629,27.394297327652854,49.92288501389538,44.39473561439414,41.244536365407484,3.02,12.0,0.94,32.68
RNG,2020-02-26,234.60000610351562,241.50999450683594,232.50999450683594,234.92999267578125,793000,29.925007586733987,27.38289016449419,49.79893160508055,44.39858672228409,41.24305809195911,2.6,10.0,0.71,32.94
RNG,2020-02-27,228.25,247.8699951171875,228.0,235.72999572753906,4027500,29.720766163934297,27.383709958230245,49.34688837009909,44.168405009317816,41.24286153974348,2.06,7.0,0.5,34.51
RNG,2020-02-28,228.91000366210938,238.4199981689453,222.52000427246094,235.75,2928500,29.544340451694296,25.633772555662322,30.69012715148261,44.14852648189577,41.24000715971654,3.0,1.0,0.29,1.24
RNG,2020-03-02,237.6300048828125,240.55999755859375,228.80999755859375,239.88999938964844,1644400,29.68677021034985,25.730834609909298,29.603802533330626,44.1775007543151,41.26433262717274,3.75,1.0,0.1,1.26
RNG,2020-03-03,240.5,243.8800048828125,223.6699981689453,225.89999389648438,2158100,35.55810164501533,28.841158411447832,31.24541044920271,44.818947334528694,41.678446692949365,4.28,3.0,-0.07,1.49
RNG,2020-03-04,230.89999389648438,232.83999633789062,226.91000366210938,232.83999633789062,980100,36.132371158076126,29.26772777628473,31.51292761981135,44.90300918789524,41.76483793762584,4.73,4.0,-0.23,1.38
RNG,2020-03-05,231.22999572753906,234.9499969482422,224.41000366210938,225.52000427246094,1267000,37.618420226339076,30.265784052782667,31.99477295597162,45.09934873975563,41.848158910032474,5.12,5.0,-0.37,1.19
RNG,2020-03-06,223.69000244140625,227.2100067138672,209.3800048828125,216.63999938964844,1833800,39.71529402333785,31.627110078134603,32.68144685193503,45.392105499117555,42.06077956087741,5.44,6.0,-0.47,1.02
RNG,2020-03-09,204.0,213.27000427246094,195.5800018310547,209.47999572753906,1746800,41.10107365641463,32.55576475776324,33.08088414148006,45.57265648287378,42.21984219714218,5.73,7.0,-0.54,0.88
RNG,2020-03-10,211.66000366210938,214.5500030517578,204.22999572753906,213.8699951171875,1516200,41.25378758720278,32.36459024428196,33.2183547321096,45.29023318935342,42.1948968307835,5.99,8.0,-0.62,0.84
RNG,2020-03-11,209.0500030517578,213.33999633789062,187.55999755859375,199.33999633789062,1899600,45.71426927751382,35.716505425058514,34.70677871697863,46.104314877985296,42.824675443485575,6.2,9.0,-0.65,1.33
RNG,2020-03-12,186.39999389648438,192.7100067138672,179.5399932861328,179.80999755859375,1629500,54.367722357317305,41.73605826369404,38.47009540953017,47.692104443041416,44.1056956717688,6.3,10.0,-0.65,3.23
RNG,2020-03-13,188.9499969482422,194.3000030517578,163.58999633789062,174.60000610351562,2218000,54.57807397595506,42.15791666166603,37.873301508590835,47.83966498729409,44.215258356252264,6.42,10.0,-0.64,3.47
RNG,2020-03-16,156.02999877929688,165.9600067138672,136.50999450683594,138.9600067138672,2267700,84.51623592286485,63.11501037771853,52.49868704263503,54.97101433017508,49.850456783081825,6.41,59.0,-0.63,21.25
RNG,2020-03-17,141.0,165.6300048828125,134.85000610351562,163.25,2905200,98.42377905413929,71.4871441883101,58.04225375414339,58.13984871570208,52.35613054962447,6.44,100.0,-0.62,17.61
RNG,2020-03-18,152.2899932861328,165.0,144.02000427246094,164.6199951171875,1814600,98.2813079253259,71.50861410526211,57.84835617370157,58.14042547501796,52.34774965803724,6.48,99.0,-0.61,17.96
RNG,2020-03-19,165.0,190.5399932861328,164.17999267578125,184.22999572753906,2011600,104.26950642512331,75.1304671614351,60.21817740183509,59.57914615343256,53.508106584019444,6.54,100.0,-0.6,15.73
RNG,2020-03-20,190.47999572753906,201.69000244140625,178.85000610351562,183.86000061035156,2833000,104.26959163784146,75.1290802081478,59.97153467211288,59.57204479217882,53.40411892835849,6.6,99.0,-0.59,15.97
RNG,2020-03-23,184.49000549316406,193.99000549316406,174.14999389648438,191.58999633789062,1893400,105.00034164764693,75.56552922340697,60.28091160361948,59.72289935529147,53.33232629489855,6.66,100.0,-0.58,15.67
RNG,2020-03-24,198.7100067138672,212.6699981689453,197.82000732421875,205.0800018310547,1523700,106.72366322935262,76.76029392533643,61.17022883306444,60.21015578907271,53.7330332227634,6.73,100.0,-0.61,14.81
RNG,2020-03-25,207.42999267578125,210.82000732421875,183.75999450683594,190.36000061035156,1550900,106.82806357767274,78.39719126139784,62.13567174184917,60.872476773824914,54.26143931853249,6.82,100.0,-0.6,13.71
RNG,2020-03-26,194.50999450683594,218.8800048828125,191.13999938964844,217.8000030517578,1761700,113.81218800053949,82.90213393821669,65.58009952456739,62.84978676856227,55.80597923113801,6.97,100.0,-0.67,11.7
RNG,2020-03-27,214.39999389648438,252.85000610351562,207.52999877929688,238.97000122070312,2872100,116.73463108342929,84.84788233738266,67.11034558183684,63.735226170677215,56.515591478499225,7.15,100.0,-0.75,10.69
RNG,2020-03-30,241.72000122070312,256.6000061035156,223.19000244140625,228.02999877929688,2669700,117.50501857941987,85.41440803820201,67.42030629514836,64.01535550084212,56.73661628385761,7.33,100.0,-0.83,10.44
RNG,2020-03-31,225.42999267578125,227.99000549316406,208.11000061035156,211.91000366210938,1794800,119.18696880095413,86.80411490224064,68.41115804937075,64.65622992141168,57.235731891840445,7.53,100.0,-0.86,9.7
RNG,2020-04-01,204.33999633789062,222.66000366210938,203.0,210.6699981689453,1205800,119.07393981558339,86.53244721715956,68.27486437092287,64.63609430288795,57.24070987560036,7.71,99.0,-0.89,9.77
RNG,2020-04-02,210.6699981689453,223.41000366210938,205.0800018310547,220.02999877929688,2630800,119.81777564012998,86.92393586739614,68.56273670891582,64.79405107476296,57.38615922035745,7.9,100.0,-0.94,9.59
RNG,2020-04-03,219.0,227.97999572753906,216.0500030517578,223.75999450683594,1760200,119.62454313913682,86.87177048084963,68.5997529947874,64.8109065342763,57.116115513289266,8.08,100.0,-0.99,9.57
RNG,2020-04-06,226.52999877929688,228.0,213.52999877929688,223.10000610351562,1657500,119.61290094984236,86.82100992033624,68.60570462258751,64.75575499513504,57.105955296545915,8.25,100.0,-1.04,9.56
RNG,2020-04-07,225.0,225.0,194.99000549316406,194.99000549316406,2942300,125.64061852908021,91.29500302102267,71.95746726647023,66.78387897626108,58.657044900126095,8.49,100.0,-1.03,8.12
RNG,2020-04-08,200.69000244140625,223.49000549316406,196.4499969482422,217.52000427246094,2164800,130.03618591386333,93.90734302258673,73.82201227062518,67.96137415153868,59.62077047940911,8.77,100.0,-1.06,7.42
RNG,2020-04-09,219.8699951171875,221.8000030517578,200.3000030517578,205.13999938964844,1904000,131.02670836198115,94.73064451419674,74.4451891089348,68.24122509108741,59.9371520246013,9.05,100.0,-1.06,7.06
RNG,2020-04-13,206.41000366210938,213.2100067138672,202.58999633789062,210.97999572753906,923400,131.36489117982444,94.8044223386092,74.56112425969164,68.27129353108788,59.95944356163737,9.32,100.0,-1.07,7.02
RNG,2020-04-14,218.99000549316406,229.83999633789062,217.02999877929688,222.02999877929688,1174100,132.1938339752313,95.33845813829652,74.96176376506084,68.40303413553518,60.15344884218339,9.58,100.0,-1.09,6.85
RNG,2020-04-15,218.4199981689453,232.5800018310547,213.8800048828125,231.44000244140625,1170000,131.6313691905127,95.65970373662113,75.1844832159157,68.53627400251783,60.27663689386852,9.84,100.0,-1.13,6.75
RNG,2020-04-16,238.72000122070312,244.47000122070312,232.72000122070312,232.97000122070312,1135600,131.34963156365092,95.61653563692548,75.16635917227997,67.46354731010136,60.262819942313016,10.09,99.0,-1.16,6.77
RNG,2020-04-17,231.91000366210938,237.0,224.3699951171875,236.50999450683594,923600,131.0620780079288,95.63143522309319,75.16124288257765,67.46785965362513,60.26161868193887,10.33,98.0,-1.18,6.79
RNG,2020-04-20,236.27000427246094,254.94000244140625,235.0,253.11000061035156,1979500,131.80790254616664,96.52780581774878,75.84187951951957,67.89381889218956,60.600257266097614,10.58,100.0,-1.16,6.52
RNG,2020-04-21,251.0500030517578,255.9499969482422,230.35000610351562,234.5800018310547,1623500,133.4558674502315,97.91152263830487,76.89514761106405,68.53262873065317,61.07288919423481,10.83,100.0,-1.18,6.04
RNG,2020-04-22,240.22000122070312,247.75999450683594,238.42999267578125,244.16000366210938,695400,133.7856147357729,98.15964260567668,77.10688504815622,68.18027426204199,61.139271586480525,11.08,100.0,-1.19,5.96
RNG,2020-04-23,243.25,249.89999389648438,238.00999450683594,238.91000366210938,704800,132.15655035651645,98.1675736090282,77.20509057071224,68.2404898249763,61.1897544358952,11.33,100.0,-1.21,5.9
RNG,2020-04-24,243.63999938964844,247.5,238.00999450683594,238.72999572753906,720200,128.07735071463756,98.1479974060061,77.20773158286288,68.21251414802344,61.18117492014301,11.56,100.0,-1.22,5.9
RNG,2020-04-27,241.5399932861328,246.3000030517578,233.08999633789062,233.4499969482422,877600,127.90797200250752,98.25342046645115,76.98673391858549,68.19134723283351,61.211458157386346,11.78,97.0,-1.22,6.0
RNG,2020-04-28,235.0500030517578,236.08999633789062,222.0800018310547,223.38999938964844,1046800,107.66179853810527,98.70462719071294,77.34738281093237,68.41624023894308,61.38971706685974,12.0,100.0,-1.2,5.81
RNG,2020-04-29,221.32000732421875,227.4600067138672,215.0500030517578,225.27999877929688,1242300,98.46035227163944,98.71508881893259,77.31028356476311,68.4035951179834,61.39246184374849,12.2,99.0,-1.18,5.84
RNG,2020-04-30,225.0399932861328,231.13999938964844,224.27999877929688,228.52999877929688,886300,98.46301345294953,98.7030059795749,77.3287483570533,68.3950521744041,61.38353035052422,12.41,99.0,-1.17,5.84
RNG,2020-05-01,225.74000549316406,227.07000732421875,216.91000366210938,218.10000610351562,848900,94.93731392841987,99.14933879970135,77.73081222575418,68.59086797155535,61.58167666858249,12.61,100.0,-1.13,5.64
RNG,2020-05-04,217.07000732421875,235.97999572753906,216.10000610351562,233.99000549316406,1114100,96.7296097532254,100.15245672171321,78.46330166440595,69.05539647387737,61.8755498734047,12.81,100.0,-1.11,5.4
RNG,2020-05-05,233.0,239.0,228.1699981689453,234.1699981689453,969500,96.23411802803659,100.13520872521109,78.46037697709673,69.05065248001839,61.8666120045658,13.01,99.0,-1.09,5.4
RNG,2020-05-06,240.0399932861328,248.47000122070312,238.50999450683594,245.0399932861328,1222000,95.19696934158512,100.42659654481056,78.65296185967743,69.231980731632,61.95438704562499,13.21,100.0,-1.06,5.36
RNG,2020-05-07,251.35000610351562,263.5199890136719,246.00999450683594,259.70001220703125,2138500,93.19930949658232,100.23718946098687,79.08359006861036,69.52465295122398,62.19864215463152,13.4,100.0,-1.0,5.24
RNG,2020-05-08,260.9599914550781,269.0,257.20001220703125,266.7300109863281,978000,85.6321683697764,100.1332069465516,79.13056674949802,69.56020003936774,62.13115582093637,13.59,100.0,-0.9,5.22
RNG,2020-05-11,262.0,276.6099853515625,261.3599853515625,275.0299987792969,1284900,82.02748820082132,100.11346335333992,79.22930062794205,69.61650687850239,62.19047858964496,13.78,100.0,-0.75,5.19
RNG,2020-05-12,276.0,283.2300109863281,269.94000244140625,278.79998779296875,1341000,80.58514170213418,100.13765352719071,79.2374665656758,69.6174412768953,61.88898550138621,13.95,100.0,-0.6,5.2
RNG,2020-05-13,278.79998779296875,288.9200134277344,271.3900146484375,283.0,2415200,76.9477252997556,100.1441247416972,79.25063478268493,69.62453493990836,61.87515276561217,14.12,100.0,-0.46,5.2
RNG,2020-05-14,280.6099853515625,282.94000244140625,270.57000732421875,271.54998779296875,1622400,78.24273328539758,100.51815822181283,79.59297461666384,69.82517647625775,62.03507107350911,14.28,100.0,-0.43,5.04
RNG,2020-05-15,271.7300109863281,290.5,270.20001220703125,285.8500061035156,1291900,78.5803018233656,100.9255760914493,79.92940983953285,70.0330393759094,62.08278633562547,14.44,100.0,-0.33,4.93
RNG,2020-05-18,281.55999755859375,292.4800109863281,263.0,263.05999755859375,1636400,82.90181311481611,102.19914690556071,81.14210286832757,70.78220143985483,62.670666668891215,14.61,100.0,-0.34,4.51
RNG,2020-05-19,271.0,273.3299865722656,263.1000061035156,263.17999267578125,1548100,82.87786443058579,102.18122284244338,81.13840857383698,70.76415754704296,62.62481583926435,14.77,99.0,-0.35,4.52
RNG,2020-05-20,267.05999755859375,270.6300048828125,260.0299987792969,264.3599853515625,772200,71.45081598889298,102.18068184971314,81.13500703365531,70.76080074931247,62.61835091838831,14.92,98.0,-0.36,4.52
RNG,2020-05-21,264.3599853515625,264.9700012207031,253.6300048828125,260.54998779296875,950700,65.2577134308763,102.23405037113635,81.1907065830514,70.79286666001833,62.6426191726448,15.06,100.0,-0.36,4.49
RNG,2020-05-22,261.8900146484375,263.25,255.47999572753906,261.5299987792969,614500,62.32938043280626,102.23432439030064,81.1429711364818,70.78398696625726,62.57044364900928,15.19,99.0,-0.36,4.52
RNG,2020-05-26,262.6700134277344,264.0,249.5500030517578,251.10000610351562,1134300,63.58819979492719,102.60334864828195,81.45136113603043,70.82694737865847,62.7002640695687,15.32,100.0,-0.35,4.38
RNG,2020-05-27,249.97999572753906,252.10000610351562,235.0,251.97000122070312,1478600,62.124711651444564,102.54817510760846,81.37167260141844,70.71460448596693,62.7002482508332,15.44,99.0,-0.32,4.4
RNG,2020-05-28,253.0,267.79998779296875,252.5,259.510009765625,855300,61.593028915153724,101.91697378702398,81.41318617229913,70.38690461256417,62.69213837406975,15.55,99.0,-0.31,4.41
RNG,2020-05-29,262.0,274.3699951171875,261.8999938964844,274.25,1041800,63.372013051555854,102.33738180888,81.64429308125173,70.64505012606426,62.89979696618042,15.66,100.0,-0.3,4.34
RNG,2020-06-01,275.6499938964844,284.55999755859375,275.6499938964844,279.3599853515625,1056100,63.42426209866529,102.12913959683931,81.66861146729731,70.61922400433859,62.90869407387311,15.76,100.0,-0.29,4.34
RNG,2020-06-02,280.0,281.0,267.1300048828125,273.9599914550781,882300,60.975872648801165,101.83863662690302,81.70182871955916,70.67227728894197,62.74286427557074,15.86,100.0,-0.28,4.31
RNG,2020-06-03,274.0,278.4599914550781,269.0299987792969,270.92999267578125,700800,56.43191722201942,101.58873179258482,81.70214008990021,70.68503156208237,62.690055885029,15.95,100.0,-0.28,4.29
RNG,2020-06-04,270.0,272.8699951171875,251.0,254.05999755859375,1140000,58.82210409210309,102.4911136984775,82.40511342275285,71.06088397016289,63.04490165116076,16.05,100.0,-0.25,4.05
RNG,2020-06-05,252.63999938964844,253.3800048828125,245.66000366210938,252.8800048828125,1170300,58.447302444788306,101.36443347205469,82.38336786620015,71.06600725451686,63.03524395969552,16.14,99.0,-0.21,4.04
RNG,2020-06-08,252.0,261.739990234375,246.82000732421875,261.19000244140625,993400,59.100068796919246,99.02704736702115,82.50419569095146,71.11885858888483,63.10364154709468,16.22,100.0,-0.18,4.02
RNG,2020-06-09,264.989990234375,269.29998779296875,258.0199890136719,258.42999267578125,596900,58.75919511035785,98.81304007953356,82.48592708667188,71.13877821397861,63.11790368304352,16.29,99.0,-0.15,4.01
RNG,2020-06-10,262.05999755859375,276.0299987792969,261.75,274.9599914550781,1180700,59.35526055852157,86.48541725407483,83.01363374410774,71.46735774652653,63.28144363226975,16.37,100.0,-0.13,3.88
RNG,2020-06-11,270.0,273.79998779296875,256.5899963378906,257.1700134277344,947500,63.086046383702,82.13933199204033,83.7562730482013,71.72648503394909,63.660272922187886,16.45,100.0,-0.09,3.63
RNG,2020-06-12,261.7300109863281,269.20001220703125,257.20001220703125,261.8800048828125,710500,63.14798150695518,82.16782651226741,83.7600144865821,71.74576169711713,63.67806044955216,16.52,100.0,-0.06,3.63
RNG,2020-06-15,261.0,271.260009765625,259.2200012207031,270.25,921400,61.6819424341752,79.38346552109785,83.87038675916216,71.79829805840542,63.739476762814405,16.58,100.0,-0.04,3.62
RNG,2020-06-16,273.260009765625,281.6300048828125,266.75,277.4100036621094,997000,59.02153098669297,79.46597583844819,83.9355559466986,71.77209315996166,63.7678103009973,16.64,100.0,-0.03,3.6
RNG,2020-06-17,280.0,285.7200012207031,269.8399963378906,272.57000732421875,1244800,59.393157659210296,79.29436871168298,83.9982256351793,71.80947774093963,63.800940599168996,16.69,100.0,-0.0,3.58
RNG,2020-06-18,273.0,285.0,273.0,284.94000244140625,1365500,59.33537794630469,78.64771728758751,84.2185029989585,71.92197477193355,63.93092058629832,16.74,100.0,0.03,3.54
RNG,2020-06-19,285.5,287.7099914550781,275.29998779296875,276.1700134277344,1433300,58.02751913886121,77.25726226610946,84.31280283106378,72.00225421018047,64.01056630458477,16.78,100.0,0.05,3.48
RNG,2020-06-22,280.0799865722656,289.8599853515625,279.1499938964844,287.6700134277344,1365200,58.687644716651874,72.86095756299149,84.51053438223106,71.94239494993454,63.951453079153794,16.82,100.0,0.06,3.44
RNG,2020-06-23,288.9800109863281,288.9800109863281,276.94000244140625,278.4800109863281,1086800,58.90959384991385,70.88491136306118,84.68600389864525,66.03035308465101,64.04202832036061,16.85,100.0,0.06,3.36
RNG,2020-06-24,281.010009765625,287.5400085449219,260.5899963378906,267.5799865722656,1570900,59.902664885497515,70.69247379449887,84.95648780342506,65.92015397322331,64.13575584771569,16.88,100.0,0.1,3.27
RNG,2020-06-25,269.239990234375,279.75,265.2099914550781,279.4800109863281,794000,61.138022075104004,69.37139366263037,85.20325502799128,66.09359183992719,64.25789269566282,16.89,100.0,0.12,3.22
RNG,2020-06-26,283.80999755859375,296.3900146484375,277.0799865722656,289.2900085449219,2834700,60.6787453723865,69.60378631688515,85.32395984763517,66.19073534335853,64.27237394679412,16.89,100.0,0.12,3.19
RNG,2020-06-29,288.0299987792969,288.80999755859375,267.6700134277344,270.9599914550781,2020900,61.876365235285,70.62381011638546,85.97763466337959,66.6819483911547,64.64313518056052,16.89,100.0,0.16,3.01
RNG,2020-06-30,274.0,287.6499938964844,273.0199890136719,285.010009765625,1205500,58.65651062863901,71.23198202638255,86.30132154764905,66.91678207223343,64.81336480725287,16.89,100.0,0.19,2.95
RNG,2020-07-01,284.0,295.19000244140625,280.5799865722656,290.30999755859375,813400,58.82848081104339,71.27715381400742,86.32580928301662,66.92047031940368,64.81811025670564,16.88,100.0,0.21,2.95
RNG,2020-07-02,290.0,294.9800109863281,285.75,287.6300048828125,873600,58.938882110422284,65.20165872600096,86.28193165545251,66.93544292221003,64.82611374780004,16.86,98.0,0.22,2.95
RNG,2020-07-06,290.5400085449219,298.9200134277344,284.17999267578125,290.7900085449219,1134400,58.74983611005733,61.589562740187645,85.70758526996798,66.80525836423912,64.81620089588455,16.83,96.0,0.18,3.07
RNG,2020-07-07,290.7900085449219,295.17999267578125,286.1000061035156,286.7300109863281,804100,58.9738106153071,60.29291766991911,85.58562079332089,66.83000338353199,64.83337220851233,16.8,95.0,0.14,3.08
RNG,2020-07-08,288.92999267578125,297.4800109863281,288.92999267578125,294.32000732421875,966000,57.83383355540559,60.2632540584907,85.53627157890867,66.57411541734943,64.85434205663478,16.76,94.0,0.08,3.09
RNG,2020-07-09,296.5,299.260009765625,288.8599853515625,295.6400146484375,883700,57.831781511367076,59.512499616869384,85.53501148770886,66.56231091171973,64.85441444223669,16.72,93.0,0.03,3.09
RNG,2020-07-10,296.45001220703125,299.739990234375,282.1099853515625,284.5,1274800,58.70841759407972,59.65896546934818,85.75313037259599,66.49687102937942,64.98873523476254,16.66,96.0,-0.01,3.01
RNG,2020-07-13,286.0,286.6199951171875,258.8900146484375,260.2200012207031,1786900,62.365547930373765,62.600673608370926,86.9322113367879,67.28140524046015,65.64421019892667,16.6,100.0,-0.02,2.73
RNG,2020-07-14,260.0,266.2699890136719,249.16000366210938,262.5799865722656,1265000,62.15948662842943,62.558284636095706,86.87790665796273,67.15451399715724,65.64700116429954,16.54,99.0,-0.02,2.76
RNG,2020-07-15,261.17999267578125,263.0,249.85000610351562,257.2099914550781,1461400,62.18827228142752,61.178752797852724,86.78058574637308,67.09735355710639,65.66967198765057,16.47,98.0,-0.01,2.79
RNG,2020-07-16,256.2099914550781,257.0,248.0500030517578,251.3699951171875,893200,62.431829550566455,59.28970450743984,86.85326441882373,67.15274774374411,65.70686560203224,16.39,98.0,0.0,2.76
RNG,2020-07-17,258.44000244140625,260.0,250.6300048828125,258.04998779296875,903200,60.11578312193875,58.969827875864276,86.94534565270615,67.20118580864526,65.74664713863872,16.3,100.0,0.01,2.75
RNG,2020-07-20,258.5,275.30999755859375,258.5,274.6000061035156,937200,62.68046530162077,60.0889699726179,87.48574670349929,67.45124270119497,65.97184982482112,16.21,100.0,0.01,2.64
RNG,2020-07-21,278.19000244140625,287.8699951171875,271.0400085449219,285.8800048828125,1770500,63.046466948495386,60.585083147248895,87.70085426703666,67.56702649538727,66.0745398305579,16.1,100.0,-0.02,2.61
RNG,2020-07-22,286.1400146484375,290.8900146484375,280.3999938964844,281.8299865722656,857500,63.123763326062466,60.46286781553923,87.73812551459793,67.59848475694125,66.09429098138715,15.58,100.0,-0.03,2.59
RNG,2020-07-23,282.45001220703125,291.6700134277344,270.1400146484375,275.3800048828125,1312500,60.98282313516435,59.91548120547991,87.79052489188747,67.57800864730802,66.06570844803684,14.99,100.0,-0.04,2.56
RNG,2020-07-24,268.0899963378906,275.1499938964844,263.0899963378906,268.25,674900,58.178840000313514,60.21373979350832,87.35054317725755,67.60661246685936,66.10438706417541,14.4,96.0,-0.01,2.67
RNG,2020-07-27,272.0799865722656,279.739990234375,270.42999267578125,277.82000732421875,603300,58.804536468537826,60.530628598031434,87.39372859331883,67.63314232704141,66.10431511013272,13.77,96.0,0.0,2.66
RNG,2020-07-28,277.67999267578125,280.739990234375,273.80999755859375,275.79998779296875,477300,58.185107567700015,59.673784146223454,87.23919213596865,67.6304831368527,66.0999240583439,13.1,94.0,0.03,2.71
RNG,2020-07-29,280.3599853515625,288.0,278.8699951171875,283.3399963378906,805000,58.21687714263852,58.25759774048179,87.06370504929353,67.69138542961176,65.3492547176887,12.39,93.0,0.08,2.78
RNG,2020-07-30,281.5299987792969,287.0,279.0199890136719,281.489990234375,536100,58.0026340814884,58.28989124417676,86.88236413660921,67.70047896961267,65.34743293433294,11.63,90.0,0.17,2.84
RNG,2020-07-31,287.7099914550781,291.1099853515625,282.010009765625,290.2699890136719,1072900,57.24610772384916,57.911639700312946,86.9487416800296,67.76690219757351,65.39984338705527,10.79,92.0,0.23,2.83
RNG,2020-08-03,292.3800048828125,306.4599914550781,290.0,305.3599853515625,1793300,58.19909804647925,57.62816890576897,86.4691371914326,67.9044277985901,65.56952670646413,9.91,85.0,0.34,2.98
RNG,2020-08-04,300.010009765625,302.0,289.20001220703125,295.8900146484375,2550900,57.92828933090718,57.82677831976727,84.93934131594871,68.02342049734433,65.29479662228266,9.09,72.0,0.49,3.29
RNG,2020-08-05,292.9599914550781,297.8500061035156,288.2300109863281,290.94000244140625,1201100,57.31986271508994,57.63156792323916,84.83343894252873,68.06432234683423,65.32192014065804,8.12,71.0,0.64,3.33
RNG,2020-08-06,292.3800048828125,293.0,280.2900085449219,287.2900085449219,701800,56.14091085575621,57.63592050538022,76.1971944353716,68.08768733479468,65.31834402775263,7.67,25.0,0.04,0.98
RNG,2020-08-07,285.0,285.0199890136719,260.1600036621094,269.0,1491800,58.08348713377372,59.12679209200664,72.98181173349417,68.55132199507281,65.61291078279461,7.39,16.0,-0.11,0.48
RNG,2020-08-10,270.80999755859375,271.2799987792969,254.64999389648438,265.4200134277344,1944400,57.171827334627665,58.58540937695705,73.03798373539115,68.56597621099878,65.63204140930937,7.09,16.0,-0.4,0.47
RNG,2020-08-11,266.8999938964844,288.4599914550781,264.0,283.95001220703125,2258400,57.50786259295687,59.28415405750377,71.68329415631952,68.98018917934327,65.94033824809901,6.86,13.0,-0.43,0.44
RNG,2020-08-12,281.8500061035156,285.82000732421875,275.8900146484375,279.1600036621094,955900,55.81520659316869,56.829990042744505,71.75657738112649,69.01387021178483,65.95374551697304,6.62,13.0,-0.52,0.42
RNG,2020-08-13,280.29998779296875,291.3299865722656,280.29998779296875,286.9700012207031,602800,56.15028298396073,57.09061507334714,71.61044997631245,69.07299205108357,65.9596427686229,6.37,11.0,-0.55,0.44
RNG,2020-08-14,287.0,288.9800109863281,281.7099914550781,284.4200134277344,347000,56.14557654010945,57.12625793754953,70.89822636131451,69.07966733400734,65.96810727242631,6.15,10.0,-0.48,0.53
RNG,2020-08-17,287.55999755859375,293.8999938964844,284.7099914550781,292.3500061035156,593000,56.638743738025674,57.2806786321687,69.89252785645806,69.1383971228318,66.01026283323978,5.97,9.0,-0.62,0.65
RNG,2020-08-18,294.5799865722656,295.0,288.67999267578125,290.8399963378906,540800,56.503052069983625,57.297707304425316,66.70559928551982,69.14502342544047,66.01449099531172,5.94,1.0,-0.54,0.4
RNG,2020-08-19,292.0,292.5799865722656,284.0199890136719,288.4800109863281,444900,56.022057897831125,56.65193542544292,65.1503329754519,68.9570053179248,66.0158413165918,5.99,1.0,-0.5,0.46
RNG,2020-08-20,287.489990234375,292.0,285.8999938964844,290.3800048828125,523800,56.0419986222003,56.658194023478956,64.68321704580336,68.95371325106676,66.00144058606361,6.05,1.0,-0.42,0.56
RNG,2020-08-21,290.3800048828125,297.5299987792969,287.7300109863281,291.57000732421875,1020700,54.892176026636754,56.37732967392248,63.53323356521046,68.92745045326417,65.98680919527557,6.16,1.0,-0.33,0.73
RNG,2020-08-24,292.3999938964844,295.9700012207031,278.3500061035156,285.0799865722656,805900,48.407840533028164,55.48225989118296,63.64845931252343,68.99327250305745,66.03005583109687,6.27,2.0,-0.24,0.69
RNG,2020-08-25,281.20001220703125,285.32000732421875,277.6600036621094,284.0299987792969,524600,48.41149898850459,55.364050471095716,63.325089180785454,68.99569104331313,66.02781400816625,6.39,1.0,-0.12,0.74
RNG,2020-08-26,286.82000732421875,294.07000732421875,286.1300048828125,290.760009765625,728700,48.25502104608489,55.40760890666875,63.371631531748505,69.03529579885547,66.05825377964143,6.5,2.0,0.01,0.73
RNG,2020-08-27,290.0,293.0,284.79998779296875,285.70001220703125,652400,48.01630098610577,55.48333052015993,63.44666804046943,69.07648524218408,66.07660720099304,6.61,3.0,0.16,0.71
RNG,2020-08-28,288.0,298.8500061035156,287.04998779296875,293.3599853515625,602000,48.02551683334303,54.028160884266654,59.621688930154114,69.07968884742847,66.11590279571982,6.87,1.0,-0.14,-0.04
RNG,2020-08-31,294.44000244140625,296.4800109863281,288.1400146484375,290.7699890136719,546500,44.8961172690373,54.05853650504546,57.214002648676974,69.07667936375938,66.11307107632298,7.21,1.0,-0.04,-0.31
RNG,2020-09-01,296.55999755859375,317.8399963378906,295.7300109863281,310.20001220703125,1071600,47.20801687453384,55.21964236771141,57.18791446622945,69.43507488582911,66.39912374244594,7.53,1.0,-0.21,-0.26
RNG,2020-09-02,310.0,310.0,293.67999267578125,301.3500061035156,812400,47.85422439054839,55.53755333225481,57.2966131786869,69.53445246234709,66.47649253109886,7.84,3.0,-0.34,-0.3
RNG,2020-09-03,288.9100036621094,291.7099914550781,272.489990234375,279.7200012207031,1296800,52.3241073996924,56.33633168637201,58.108131474657654,70.14071257948844,66.92084539233545,8.11,4.0,-0.28,-0.31
RNG,2020-09-04,276.010009765625,277.05999755859375,251.10000610351562,266.45001220703125,1389100,53.70156684854005,55.523842294439696,58.32114818002201,70.4012132624454,67.00879319068167,8.36,5.0,-0.17,-0.35
RNG,2020-09-08,258.9599914550781,266.7900085449219,255.44000244140625,260.2900085449219,792400,53.03252623808007,55.61532430602557,58.447400347959054,70.46821723626383,66.97923027235058,8.6,6.0,-0.08,-0.38
RNG,2020-09-09,267.6400146484375,267.6400146484375,257.1099853515625,259.260009765625,796500,53.01333310567997,55.22915084021571,58.40969512201393,70.46512721544758,66.69637837204866,8.83,6.0,0.02,-0.38
RNG,2020-09-10,261.0,280.0,259.6700134277344,278.04998779296875,3282800,56.415158431826065,56.84524991805326,58.47292569806968,70.91476962828446,67.03195908065084,9.05,8.0,0.1,-0.38
RNG,2020-09-11,273.44000244140625,274.989990234375,251.2100067138672,254.74000549316406,2439700,61.784021956604285,59.517548081660095,58.886428352731436,71.7139932423213,67.6044137856582,9.26,9.0,0.18,-0.31
RNG,2020-09-14,257.9599914550781,265.3299865722656,253.8800048828125,262.05999755859375,822400,61.673615718226124,59.0825901722747,58.71724397841086,71.77945642840986,67.65127845014428,9.46,9.0,0.29,-0.29
RNG,2020-09-15,265.0400085449219,265.3599853515625,251.27999877929688,254.42999267578125,1725900,59.91787542412042,59.04661146748293,58.80626771006583,71.87924267651215,67.72301772351629,9.66,10.0,0.37,-0.31
RNG,2020-09-16,256.0799865722656,261.25,252.49000549316406,256.4599914550781,984800,59.5532531939319,58.42521810726182,58.81727777941338,71.85916890408434,67.65463536229026,9.84,11.0,0.47,-0.31
RNG,2020-09-17,251.0,253.85000610351562,229.0,251.86000061035156,2996100,59.576010482333864,58.177961856930416,58.778550093074266,71.89209669486351,67.68579594756132,10.02,10.0,0.54,-0.3
RNG,2020-09-18,252.16000366210938,259.5299987792969,248.8300018310547,257.8599853515625,1534300,60.08369531994504,57.84867486797729,58.44538403753009,71.87915395890388,67.69426083756255,10.2,7.0,0.49,-0.24
RNG,2020-09-21,253.74000549316406,267.8699951171875,252.1300048828125,267.3999938964844,1132300,58.158865941504104,57.63295642635453,58.69764992898786,71.96037347112701,67.77807265359364,10.37,10.0,0.47,-0.27
RNG,2020-09-22,267.4100036621094,269.4100036621094,260.25,268.82000732421875,708000,58.042458200386335,57.1793417465561,58.66577227315531,71.83928584102696,67.77567717935075,10.53,10.0,0.48,-0.27
RNG,2020-09-23,269.0799865722656,272.3399963378906,259.8299865722656,261.3599853515625,535300,54.97793732577995,55.88561632032787,58.349505597564864,71.92811376465772,67.67816821624201,10.69,6.0,-0.38,-0.23
RNG,2020-09-24,258.9200134277344,262.05999755859375,253.7100067138672,259.3399963378906,521200,54.83474356170161,54.87442754158026,57.32321467041076,71.89369936924275,67.68560410344652,10.87,4.0,-0.57,-0.19
RNG,2020-09-25,260.79998779296875,270.42999267578125,258.2200012207031,269.5400085449219,537500,55.44677353568539,55.34152743134714,57.63222250604881,71.99592388912241,67.76661910393538,11.03,5.0,-0.83,-0.22
RNG,2020-09-28,272.3999938964844,273.3999938964844,264.25,267.79998779296875,359200,55.42507044027971,55.327140739181836,57.211568511322355,71.99840956958724,67.72346542507717,11.19,2.0,-0.86,-0.18
RNG,2020-09-29,270.69000244140625,272.6300048828125,266.6199951171875,270.760009765625,708300,54.86508354543685,55.32776005112473,56.49657598986416,71.9833993511233,67.71841020726778,11.36,1.0,-0.83,-0.12
RNG,2020-09-30,268.07000732421875,275.8900146484375,266.19000244140625,274.6099853515625,605200,55.06966087086349,55.349161205005906,56.38266350480947,71.99275803072102,67.69857624911685,11.52,1.0,-0.82,-0.11
RNG,2020-10-01,276.0,280.8599853515625,270.5400085449219,280.4800109863281,653000,55.43493355763736,55.25538935385369,56.27261807613944,71.99375642756641,67.69204557720161,11.67,1.0,-0.83,-0.09
RNG,2020-10-02,276.32000732421875,288.70001220703125,272.5,275.1099853515625,826000,55.638111455862685,55.37353624412707,56.31567112605609,72.03726082465927,67.57771355724721,11.82,2.0,-0.82,-0.11
RNG,2020-10-05,274.6400146484375,276.94000244140625,269.0,274.75,857100,55.61043958467937,54.828020108047596,56.26393128932514,72.03086840805652,62.97789587689627,11.96,1.0,-0.81,-0.11
RNG,2020-10-06,277.0,286.760009765625,275.9599914550781,281.0199890136719,667700,55.698855147688775,51.813387334274644,55.991916571442225,72.0492761607184,62.77813144130885,12.1,1.0,-0.81,-0.05
RNG,2020-10-07,283.489990234375,292.9200134277344,282.95001220703125,289.3999938964844,776100,56.35412379412802,52.110462701454416,55.59037433798606,72.11589071585966,62.83466932316588,12.24,1.0,-0.83,-0.01
RNG,2020-10-08,289.3999938964844,291.0,278.8299865722656,281.3299865722656,617100,56.52877671341299,52.27275177067426,54.16478930554979,72.19439863107297,62.89901606663019,12.39,1.0,-0.81,-0.02
RNG,2020-10-09,284.25,291.6600036621094,283.0,287.4100036621094,625800,56.67002783758648,52.176410241292956,54.2644388988281,72.2296613980176,62.92916536429974,12.53,2.0,-0.81,-0.04
RNG,2020-10-12,290.0,292.04998779296875,283.54998779296875,286.3500061035156,622800,56.127148919925254,51.9485416432834,54.266165232774696,72.21578455625722,62.926896118922436,12.66,3.0,-0.81,-0.04
RNG,2020-10-13,288.6199951171875,291.3599853515625,281.6499938964844,282.5,867400,56.201674947682434,50.483349154515444,54.259342421966906,72.17532813946576,62.92721747530058,12.78,2.0,-0.77,-0.04
RNG,2020-10-14,288.57000732421875,288.57000732421875,273.9700012207031,277.8699951171875,1125300,52.783475679810834,49.91003295308662,54.32677990770173,72.19611694640633,62.95407621997845,12.9,5.0,-0.73,-0.06
RNG,2020-10-15,272.7699890136719,276.4599914550781,266.7699890136719,276.3599853515625,1235200,52.24227320533655,49.83859714266228,53.93135058089623,72.18704116391848,62.859963771310554,13.01,1.0,-0.69,0.02
RNG,2020-10-16,278.9800109863281,283.5799865722656,276.8599853515625,279.95001220703125,934700,47.78445672741028,49.680853938061794,53.963345189856895,72.19789209841854,62.86635733125389,13.12,2.0,-0.64,0.01
RNG,2020-10-19,281.7900085449219,288.3399963378906,281.3399963378906,282.8699951171875,717600,45.575069448956015,49.412366095364455,53.79205393054413,72.20508745187234,62.644263547266064,13.22,1.0,-0.59,0.04
RNG,2020-10-20,284.0899963378906,298.760009765625,284.0899963378906,294.739990234375,1123100,46.28156814868678,49.60630747086241,53.47409211027075,72.3347947318554,62.757384109630244,13.32,1.0,-0.64,0.06
RNG,2020-10-21,294.0,300.989990234375,288.8500061035156,291.79998779296875,818200,46.40698030287709,49.628902873184195,53.42471193021506,72.32428298190922,62.58746188226423,13.42,1.0,-0.67,0.06
RNG,2020-10-22,291.9700012207031,294.32000732421875,280.5299987792969,283.4200134277344,504200,42.91154475780192,49.70397503469855,53.53787451248307,72.41270243259514,62.58385124575786,13.5,3.0,-0.67,0.04
RNG,2020-10-23,284.0899963378906,293.25,281.1099853515625,284.75,636700,33.7973912708892,49.69400497279947,53.510529260073305,72.40489719106829,62.481023462257845,13.58,3.0,-0.67,0.05
RNG,2020-10-26,284.0299987792969,287.9200134277344,275.25,283.29998779296875,578300,33.062355192589024,49.2949024772969,52.501815808808495,72.35883441308381,62.395094661941016,13.66,1.0,-0.61,0.16
RNG,2020-10-27,287.8900146484375,289.3599853515625,283.7799987792969,286.0199890136719,697700,31.671811342028395,48.1825375740749,52.510699961863295,71.96396458141818,62.38982269853596,13.73,2.0,-0.57,0.16
RNG,2020-10-28,282.989990234375,283.1700134277344,268.2099914550781,268.2099914550781,973900,37.29149859839373,49.51658182206814,53.288437813045405,72.26613910849994,62.737818103464484,13.78,3.0,-0.53,0.08
RNG,2020-10-29,271.989990234375,276.2099914550781,265.42999267578125,266.05999755859375,687700,36.944793599698166,49.433593164684005,53.27661170532571,72.176126405449,62.65099943286522,13.83,3.0,-0.5,0.09
RNG,2020-10-30,265.0,267.30999755859375,252.22999572753906,258.3399963378906,1454100,37.42722650609928,49.714811385843376,52.553243518542146,72.26259601017111,62.710459581836695,13.88,3.0,-0.57,0.11
RNG,2020-11-02,260.67999267578125,264.32000732421875,250.72999572753906,257.54998779296875,959200,35.816994931283745,47.89392642412201,51.47025053850148,72.24626745713168,62.71236873158406,13.92,1.0,-0.57,0.22
RNG,2020-11-03,258.3800048828125,261.6499938964844,255.13999938964844,257.010009765625,703700,35.76361252713584,47.82215282866494,51.388960854172716,72.2323953713829,62.6483455158683,13.96,1.0,-0.58,0.23
RNG,2020-11-04,267.44000244140625,275.6499938964844,266.29998779296875,271.3999938964844,1414400,38.338535394357635,47.10084696377702,51.877382355725466,72.47488673307188,62.818846384231676,13.98,3.0,-0.58,0.19
RNG,2020-11-05,280.8299865722656,287.3500061035156,275.5299987792969,287.0299987792969,962800,41.36856080821818,48.38328668270619,52.47258229293637,72.66055493288263,62.98479924276742,13.99,4.0,-0.59,0.13
RNG,2020-11-06,288.0,295.6499938964844,280.7699890136719,294.3399963378906,856100,40.55081313629026,48.3273202436199,52.53930013165339,72.7089133379565,63.01566344018988,13.99,7.0,-0.61,0.13
RNG,2020-11-09,286.2300109863281,288.0,264.3999938964844,267.010009765625,2329300,49.883283521192375,52.30060200495055,54.3358995467803,73.63951776228377,63.79854451928749,13.96,23.0,-0.65,0.33
RNG,2020-11-10,270.1700134277344,284.1400146484375,247.64999389648438,277.010009765625,3893800,50.92965404881086,52.5505965486534,54.43341366899463,73.76245226158007,63.89431823708822,13.93,24.0,-0.65,0.35
RNG,2020-11-11,276.8299865722656,286.0,271.6199951171875,284.2099914550781,1436600,51.301171877736394,52.822643489569685,54.197363713501936,73.82000805664421,63.92593394784528,13.88,19.0,-0.64,0.38
RNG,2020-11-12,285.7300109863281,305.6700134277344,284.7099914550781,304.6499938964844,2047600,54.732952571713575,54.69616922209133,55.05706713675133,74.26231673180531,64.21150186350567,13.82,26.0,-0.64,0.37
RNG,2020-11-13,302.30999755859375,309.1300048828125,294.19000244140625,297.0799865722656,1341300,54.963014661019706,54.94196503619526,54.82778341037346,74.30413281235492,64.26492636034583,13.75,26.0,-0.65,0.42
RNG,2020-11-16,293.0,301.1499938964844,290.5,294.9800109863281,682900,55.02394480249366,54.95751690569737,54.417054258480704,73.9526197968652,64.27167428210448,13.68,25.0,-0.69,0.47
RNG,2020-11-17,295.8599853515625,298.75,291.1099853515625,294.57000732421875,614800,54.69695592570009,54.754921208384,54.1445107147034,73.87401179228475,64.27182127315662,13.59,18.0,-0.7,0.52
RNG,2020-11-18,297.20001220703125,297.7699890136719,285.6300048828125,288.1700134277344,710700,54.452069136574565,54.94308841159123,53.23495157659753,73.82020882846489,64.30112381548565,13.5,9.0,-0.69,0.63
RNG,2020-11-19,287.5799865722656,302.4599914550781,285.3299865722656,296.8999938964844,1153600,54.44787860500556,55.074503617892475,52.84052015736863,73.73042370025983,64.35327314333536,13.4,9.0,-0.73,0.69
RNG,2020-11-20,297.9700012207031,303.739990234375,293.7699890136719,294.4700012207031,924500,54.197907388955116,54.978010497663654,52.77851926008752,73.62011999779222,64.35031108949737,13.29,9.0,-0.74,0.7
RNG,2020-11-23,294.4700012207031,296.7200012207031,285.1000061035156,288.239990234375,1199700,54.566856283253706,54.88754468650655,52.8684447857439,73.63700778176712,64.38936899916423,13.16,11.0,-0.74,0.67
RNG,2020-11-24,288.30999755859375,288.9800109863281,280.0899963378906,282.82000732421875,955200,54.70881080668333,54.99407520923025,52.92457348813906,73.17916216719026,64.4206289799136,13.04,12.0,-0.72,0.64
RNG,2020-11-25,283.25,290.6300048828125,280.7300109863281,288.70001220703125,869900,54.78948885537006,53.484546092899535,52.98057380732728,72.13534614071786,64.44061461956717,12.91,13.0,-0.73,0.64
RNG,2020-11-27,289.9599914550781,296.3999938964844,288.4599914550781,292.739990234375,447100,54.87002928104824,53.25537956777294,52.86290043533604,72.04652743466178,64.44977027618552,12.77,11.0,-0.72,0.66
RNG,2020-11-30,296.0,299.6499938964844,286.8500061035156,297.04998779296875,1205500,54.90199058568519,51.05222945910243,52.909504273952315,66.6003989405061,64.46170510187909,12.63,13.0,-0.72,0.66
RNG,2020-12-01,298.2200012207031,306.2300109863281,292.44000244140625,305.8500061035156,978800,55.420630772200795,50.30778832953647,52.746860834992006,64.00442979093447,64.36946178111592,12.47,9.0,-0.73,0.72
RNG,2020-12-02,310.0,329.95001220703125,305.94000244140625,329.17999267578125,2277800,58.107446701952426,52.082608888252494,52.00468612144613,64.53625294428531,64.75680669791089,12.28,4.0,0.18,0.63
RNG,2020-12-03,330.0,339.989990234375,326.04998779296875,337.2099914550781,1164500,58.24943390969508,52.21870555390142,52.10889143336848,63.275273032310665,64.77295503546621,12.07,5.0,1.2,0.61
RNG,2020-12-04,337.0,338.0,327.260009765625,332.79998779296875,870500,57.620749287855375,50.510230555708524,52.03758734506001,63.302353604640615,64.79201003887415,11.86,5.0,1.46,0.63
RNG,2020-12-07,334.8500061035156,348.7300109863281,334.45001220703125,346.7699890136719,996100,58.544223946074844,47.4483382185472,52.23095102529619,63.30182305213229,64.90361617298646,11.63,7.0,2.31,0.61
RNG,2020-12-08,346.7699890136719,350.2900085449219,343.07000732421875,347.42999267578125,534200,58.45797570163567,47.20515587322962,52.100753368906524,62.83143217130681,64.90173624568483,11.38,6.0,2.6,0.63
RNG,2020-12-09,345.82000732421875,348.44000244140625,336.7300109863281,338.9800109863281,854000,59.1531899745544,47.063099391562076,51.40800589327404,62.240785930128226,64.95871565048316,11.11,2.0,2.29,0.69
RNG,2020-12-10,336.5,347.94000244140625,333.69000244140625,346.3800048828125,606200,55.448686545516615,47.18526332147476,51.14014844865369,60.28599299522727,64.94694199934958,10.82,1.0,2.12,0.75
RNG,2020-12-11,348.3500061035156,355.9800109863281,345.30999755859375,355.0,686900,55.40761474213933,47.10313080192503,51.19895129305916,59.38312237735231,64.96941753242382,10.5,2.0,2.11,0.74
RNG,2020-12-14,352.3500061035156,357.4100036621094,349.69000244140625,352.5199890136719,591000,54.40581685953567,47.025482645280405,51.05855979102871,59.10618338750061,64.95898680167178,10.17,1.0,1.9,0.79
RNG,2020-12-15,356.2900085449219,366.3900146484375,350.5400085449219,353.0799865722656,1127500,54.32274821664874,46.580471050401314,50.85105247858615,58.41541523040904,64.9533847040823,9.82,1.0,1.69,0.85
RNG,2020-12-16,355.3800048828125,369.55999755859375,354.70001220703125,369.5,1073200,55.10595717696973,47.32605663888045,51.04570838539083,58.62303514746587,65.0914414763662,9.44,2.0,1.8,0.82
RNG,2020-12-17,381.44000244140625,390.6700134277344,380.1000061035156,387.6300048828125,1323000,54.69784160502177,47.59590134570283,51.51625000850613,58.668282558199714,65.2426184638871,9.03,9.0,2.35,0.74
RNG,2020-12-18,396.3900146484375,396.3900146484375,384.8699951171875,387.8299865722656,1182600,53.15150874898421,47.5196574420548,51.37917409579492,58.64653020150994,65.24300179004805,8.59,6.0,2.42,0.77
RNG,2020-12-21,388.1099853515625,395.44000244140625,385.6199951171875,393.25,814400,52.97305471085667,47.07970338328109,51.3834506359675,58.65606541513875,65.24718881842058,8.12,7.0,2.4,0.77
RNG,2020-12-22,395.0,403.5799865722656,393.57000732421875,402.510009765625,725400,42.2277733375915,47.12976038166803,51.296067591719265,56.36377489430659,65.27476455595364,7.61,6.0,2.43,0.79
RNG,2020-12-23,402.29998779296875,404.0400085449219,391.17999267578125,395.7799987792969,864500,42.53941078054034,47.36880327268614,50.82542908349161,55.00567134890654,65.3042589688297,7.06,1.0,2.19,0.86
RNG,2020-12-24,396.3800048828125,405.4599914550781,396.0,398.510009765625,230700,42.35918868797398,47.34116327418476,50.53436204730257,54.51130781205579,65.30420140268701,6.51,1.0,1.93,0.95
RNG,2020-12-28,399.010009765625,400.8699951171875,385.1199951171875,387.3299865722656,716400,40.118380834625036,47.76202821564351,50.68342709095893,54.565654245427865,65.38189084770667,5.9,2.0,1.58,0.91
RNG,2020-12-29,390.739990234375,394.4700012207031,380.5199890136719,384.489990234375,471800,39.15982237376698,47.560057215852076,50.64935402680091,54.28414802077464,65.37009694474753,5.59,2.0,1.25,0.92
RNG,2020-12-30,389.8500061035156,392.8399963378906,386.30999755859375,388.0299987792969,412700,38.87620514052297,47.54369985969337,49.44493439959505,54.0961342909559,65.36786549947912,5.38,1.0,0.97,1.1
RNG,2020-12-31,389.6600036621094,389.75,376.0400085449219,378.9700012207031,927700,39.91964558660787,47.78787458351984,49.561288741088056,54.1849567289607,65.3816835398762,5.14,2.0,0.71,1.06
RNG,2021-01-04,382.8599853515625,392.6000061035156,373.7799987792969,382.20001220703125,650800,38.868701386292095,47.52331051515947,48.497845404132356,54.16936601716446,65.35669788336425,4.94,1.0,0.47,1.21
RNG,2021-01-05,380.29998779296875,388.5,376.760009765625,383.6300048828125,710600,38.41000286209989,47.026485645263435,48.39194305511402,53.61182602415978,65.26491621754562,4.72,1.0,0.26,1.25
RNG,2021-01-06,370.1499938964844,376.8299865722656,364.45001220703125,372.7799987792969,1019500,39.62532231239445,47.40723965387644,48.493863854726,52.92623978508695,65.34040021709717,4.48,2.0,0.07,1.2
RNG,2021-01-07,377.25,393.260009765625,374.9599914550781,388.82000732421875,708900,39.82722042669008,48.00213668567396,48.86041446331166,52.94775090840938,65.42641530417902,4.23,4.0,-0.11,1.12
RNG,2021-01-08,393.1499938964844,399.8699951171875,382.4700012207031,387.95001220703125,792200,39.05748050128714,47.870478101181874,48.710645270819086,52.87186758224473,65.40872289429693,4.0,4.0,-0.26,1.16
RNG,2021-01-11,388.0,394.07000732421875,383.5899963378906,383.9200134277344,750000,39.397682130939366,47.768219175136245,48.73983036865733,52.893183422683556,65.41782324471322,3.86,5.0,-0.41,1.14
RNG,2021-01-12,389.989990234375,393.489990234375,382.1600036621094,387.79998779296875,516100,39.376168904418144,47.723641517083415,48.72163499854009,52.81646236498359,65.40575923934173,3.75,5.0,-0.54,1.16
RNG,2021-01-13,390.1400146484375,392.6000061035156,383.1700134277344,387.7099914550781,542800,39.43949708330853,47.714228724180344,48.72077704432894,52.52270786454272,65.40191586429978,3.65,5.0,-0.67,1.16
RNG,2021-01-14,386.1300048828125,395.1099853515625,373.5299987792969,376.29998779296875,654700,40.49668041276875,48.24589523926696,48.99698886131168,52.6629398772326,65.45887363022904,3.57,9.0,-0.78,1.06
RNG,2021-01-15,380.0,385.54998779296875,369.6000061035156,372.92999267578125,955100,35.45153037277163,47.72340205899684,48.8678322532906,52.663698697565806,65.46855815067423,3.47,9.0,-0.88,1.11
RNG,2021-01-19,379.8800048828125,379.8800048828125,370.739990234375,372.94000244140625,1071500,34.95797946768599,47.64232675380924,48.85904904859995,52.3353855880332,65.46405035502364,3.38,8.0,-0.97,1.11
RNG,2021-01-20,375.54998779296875,385.75,374.92999267578125,378.1099853515625,818600,34.72259498234737,47.173340878774475,48.77895071723988,51.73521270636109,65.45700254080712,3.28,8.0,-1.06,1.13
RNG,2021-01-21,380.8399963378906,382.7900085449219,374.0,374.6400146484375,558500,33.1058713327761,47.26082797189004,48.70905283376246,51.753865290350845,65.46226941912641,3.16,4.0,-1.13,1.16
RNG,2021-01-22,373.989990234375,385.989990234375,372.70001220703125,384.5199890136719,787500,33.79454269248286,47.418995676598094,48.7037889409699,51.579160939308935,65.49621971082769,3.14,4.0,-1.21,1.16
RNG,2021-01-25,391.2900085449219,394.7200012207031,373.45001220703125,383.7300109863281,596900,32.787549810842606,47.43201917047142,48.674581009065435,51.15559266274453,65.49655207816465,3.15,4.0,-1.28,1.17
RNG,2021-01-26,382.1300048828125,384.8500061035156,371.010009765625,374.0,799200,33.45603235384774,45.65316041677936,47.855870661845174,51.17736376810389,65.54335852148127,3.17,1.0,-1.33,1.24
RNG,2021-01-27,367.05999755859375,372.92999267578125,349.0,358.25,1008700,35.27696505509775,46.64970854272045,48.138011928807195,51.33648099357784,65.65293889291162,3.19,2.0,-1.38,1.17
RNG,2021-01-28,358.8299865722656,375.45001220703125,357.6000061035156,369.69000244140625,607000,36.32827850275833,46.3997925056374,46.78698366792503,51.439027698180375,65.70907410794995,3.21,1.0,-1.42,1.27
RNG,2021-01-29,367.4800109863281,373.8800048828125,361.4599914550781,372.9200134277344,561700,36.38674096328005,46.36455959624446,46.06352514074202,51.42143924864234,65.7023515057553,3.24,1.0,-1.47,1.47
RNG,2021-02-01,375.9800109863281,390.2300109863281,370.2300109863281,387.79998779296875,767800,35.76809109123324,46.818092324034815,46.20816413312995,51.35878434492782,65.80348822128714,3.26,2.0,-1.5,1.46
RNG,2021-02-02,390.20001220703125,403.7799987792969,390.1700134277344,402.75,880800,34.73955633139245,46.215117734262336,46.50041283584052,51.20084390447476,65.8979032661241,3.27,3.0,-1.53,1.39
RNG,2021-02-03,402.5799865722656,405.4700012207031,391.3900146484375,394.8900146484375,603700,35.26848012117414,45.353941969518985,45.449095873821534,50.260303549890125,65.92139171983276,3.3,1.0,-1.56,1.47
RNG,2021-02-04,401.1700134277344,401.3399963378906,391.32000732421875,396.4200134277344,517000,35.05971699610997,45.165792846839075,43.03955377177382,50.26020346442497,65.90085880138481,3.37,1.0,-1.58,1.29
RNG,2021-02-05,401.0,407.44000244140625,395.0,407.1700134277344,963100,35.27215908985711,40.016067034220306,43.01802455777744,50.3430075092662,65.94021088609537,3.43,1.0,-1.59,1.29
RNG,2021-02-08,410.3299865722656,420.0,404.1600036621094,409.239990234375,650800,34.911292722202894,39.534415257915605,42.672123869603936,50.303678741982104,65.93515011061046,3.5,1.0,-1.6,1.42
RNG,2021-02-09,410.989990234375,428.3999938964844,409.2799987792969,427.2799987792969,816600,36.95348876862268,40.05496604560067,43.102670286303145,50.53272718957946,66.02340211848585,3.55,4.0,-1.57,1.3
RNG,2021-02-10,430.45001220703125,442.2699890136719,426.0,429.75,717200,35.789314502571855,37.86671395804525,42.94183235856193,50.268976134556965,65.72237360012569,3.59,2.0,-1.54,1.37
RNG,2021-02-11,430.3800048828125,435.260009765625,423.6300048828125,432.0400085449219,533600,35.644460457301754,37.31571802995229,42.84255808145314,50.269701781634936,65.64120554068712,3.63,2.0,-1.51,1.4
RNG,2021-02-12,431.8900146484375,446.17999267578125,427.3699951171875,443.2900085449219,557500,36.17573919804667,37.42034669784232,42.67871663708387,50.24364756710287,65.6147340896198,3.67,2.0,-1.45,1.45
RNG,2021-02-16,448.0,449.0,431.20001220703125,437.0199890136719,1462200,35.64161746368715,37.632484135040855,42.78850053951765,49.897463070491305,65.63444734833081,3.7,3.0,-1.43,1.4
RNG,2021-02-17,425.0,427.0199890136719,412.6099853515625,420.3800048828125,1611500,37.783509802359234,38.33045857792621,43.03099261989985,50.10082483491743,65.75322304185376,3.72,7.0,-1.44,1.34
RNG,2021-02-18,412.0799865722656,430.25,406.5,423.6199951171875,961500,37.80587216330874,38.01664728860351,42.98649728400779,50.03760969547636,65.74755189315155,3.75,6.0,-1.46,1.37
RNG,2021-02-19,425.0,428.7699890136719,419.2200012207031,427.3900146484375,760900,36.59131860574042,37.906246764688916,42.65155380571633,50.01732364367597,65.71197898795187,3.79,1.0,-1.46,1.47
RNG,2021-02-22,419.44000244140625,422.3900146484375,395.25,398.8800048828125,1016200,40.633697693431785,40.55336488565614,44.19377279525095,50.1096617408601,66.00551743753196,3.79,12.0,-1.47,1.34
RNG,2021-02-23,384.3699951171875,393.25,362.9200134277344,390.7099914550781,1150800,41.10501579212328,40.59885661915448,44.35185722515912,50.1778262608063,66.03795105968105,3.79,13.0,-1.48,1.26
RNG,2021-02-24,385.17999267578125,390.260009765625,378.8599853515625,388.20001220703125,655000,41.03103662855572,40.544647790260704,44.348640382731276,50.0619877468155,66.04272999597997,3.8,13.0,-1.47,1.25
RNG,2021-02-25,381.5799865722656,394.5299987792969,368.6300048828125,371.45001220703125,1000800,42.8810853458749,41.72254175159615,44.89264809911692,50.33874310277348,66.20249397884473,3.79,15.0,-1.46,1.1
RNG,2021-02-26,375.0,390.989990234375,372.0,378.1600036621094,877000,43.24589911205492,41.76379205271828,44.81426357766482,49.8671620308234,66.22185696383227,3.78,15.0,-1.45,1.14
RNG,2021-03-01,383.0,386.04998779296875,373.92999267578125,385.989990234375,852000,42.76796282438275,41.57747313523483,44.892240156597744,49.24131490083883,66.2477611496999,3.77,16.0,-1.43,1.13
RNG,2021-03-02,388.3500061035156,388.3500061035156,369.5799865722656,370.9599914550781,978400,44.28242437968725,39.92053138652482,45.30229638594957,49.453932813451274,66.36019029714262,3.76,18.0,-1.41,1.0
RNG,2021-03-03,365.1499938964844,367.6099853515625,334.3399963378906,337.1000061035156,1656900,52.225741245764056,44.388039506062796,47.72019005095064,50.659583403862676,66.78764788265876,3.72,24.0,-1.38,1.32
RNG,2021-03-04,334.1700134277344,345.1400146484375,322.8999938964844,329.5199890136719,2164800,52.25678007703157,44.55242118651633,47.64015816071463,50.65127977050453,66.76951970157982,3.7,24.0,-1.36,1.35
RNG,2021-03-05,331.25,331.25,301.0899963378906,321.3599853515625,2008900,52.58002981455322,43.99433329813106,47.719413960260106,50.69752882702853,66.73863581657537,3.68,25.0,-1.33,1.29
RNG,2021-03-08,323.2799987792969,336.20001220703125,315.3599853515625,315.3800048828125,1514000,51.8729027559104,44.134692316733286,47.81815231565829,50.485536524146966,66.6390572387411,3.66,27.0,-1.32,1.25
RNG,2021-03-09,334.0199890136719,337.69000244140625,329.2900085449219,336.2799987792969,1197200,55.78123658329985,45.87434715794623,48.79915877470067,50.89957656528556,66.83901145844689,3.63,41.0,-1.28,1.14
RNG,2021-03-10,341.4200134277344,348.25,331.70001220703125,334.55999755859375,1226600,55.41665112019024,45.66012742957701,48.72403784961315,50.68485661910523,66.81577467003896,3.6,39.0,-1.25,1.17
RNG,2021-03-11,344.989990234375,352.489990234375,339.260009765625,348.8299865722656,741800,55.638687072777756,46.19733150091453,49.11877076141489,50.75914130066306,66.54071897540301,3.58,47.0,-1.2,1.09
RNG,2021-03-12,344.1099853515625,344.3599853515625,335.5899963378906,343.8399963378906,694900,54.90608950252249,46.26810497691674,49.1604117463382,50.55708781101882,65.71712335452015,3.55,48.0,-1.16,1.06
RNG,2021-03-15,345.2900085449219,346.0199890136719,338.3399963378906,344.260009765625,463900,54.817240805897825,46.26748832261992,49.1424477139839,50.3080968055843,65.63883133376677,3.52,48.0,-1.12,1.07
RNG,2021-03-16,347.760009765625,350.3900146484375,323.25,328.2300109863281,836000,54.8400870400362,46.26021897353778,49.36309091888623,50.48078225129152,61.61877781368612,3.5,50.0,-1.09,0.99
RNG,2021-03-17,323.7099914550781,332.3299865722656,316.5199890136719,326.0400085449219,826100,53.27513977009254,45.08429455830946,49.3468544494233,49.871704086809885,59.55786016275907,3.48,50.0,-1.05,0.99
RNG,2021-03-18,321.1099853515625,325.8299865722656,312.04998779296875,315.8900146484375,1135600,53.632102104512356,45.46041460732923,49.38722752214431,49.67031293969603,59.65416609505668,3.45,52.0,-1.02,0.98
RNG,2021-03-19,316.75,323.989990234375,314.2099914550781,317.0199890136719,996200,53.62674258608096,45.3418175224122,49.38548277675635,49.62622260720957,58.62392767758675,3.42,52.0,-1.0,0.98
RNG,2021-03-22,317.19000244140625,326.44000244140625,317.04998779296875,322.5899963378906,880800,53.17549518754805,45.20928406145247,49.443143225506496,49.65278094292293,58.64226092679863,3.41,54.0,-0.96,0.97
RNG,2021-03-23,324.19000244140625,328.3500061035156,321.4200134277344,324.8800048828125,581700,53.22064367287814,45.17751613546024,49.434163297823076,49.64363313293668,58.51385123539532,3.39,54.0,-0.92,0.98
RNG,2021-03-24,323.0,323.0,305.1199951171875,308.1700134277344,780000,52.517233366816505,46.24689198412914,49.07870147834888,50.0151550492691,58.3942279735255,3.37,47.0,-0.91,0.99
RNG,2021-03-25,303.2799987792969,307.5899963378906,295.0,299.70001220703125,1060300,52.4949266774956,46.233964605539306,49.27618520634099,50.03220720915309,57.96883959295563,3.34,51.0,-0.91,0.92
RNG,2021-03-26,300.010009765625,301.989990234375,283.0299987792969,290.70001220703125,1306000,52.49356390127412,46.541868840267504,49.29299698875719,50.16005495294209,56.50265213616385,3.33,52.0,-0.95,0.92
RNG,2021-03-29,290.57000732421875,292.80999755859375,280.4100036621094,283.69000244140625,933400,51.2603115068716,46.624438979927625,49.45598103813476,50.03670422425594,55.80584088392335,3.32,60.0,-0.99,0.86
RNG,2021-03-30,281.44000244140625,287.3399963378906,275.5799865722656,286.75,800000,51.79533392321202,46.57674332154739,49.477658544564555,48.913452248449424,55.610082933112494,3.31,61.0,-1.05,0.86
RNG,2021-03-31,291.6499938964844,301.7200012207031,291.0899963378906,297.8800048828125,1452400,53.37038760767116,47.32206020688145,49.09428030861287,49.10484392819848,55.231747565871395,3.3,48.0,-1.07,0.9
RNG,2021-04-01,305.0,315.5400085449219,302.67999267578125,305.010009765625,944600,54.06511505070522,47.63890759614701,48.43502115390913,49.113376481554575,55.27188887939123,3.28,31.0,-1.06,1.0
RNG,2021-04-05,306.82000732421875,310.5799865722656,294.3500061035156,297.79998779296875,766300,53.85579620781912,47.542531499279654,48.428549577122425,49.12005677056714,55.168478760340136,3.26,31.0,-1.06,0.97
RNG,2021-04-06,297.3999938964844,309.3399963378906,292.6400146484375,306.1000061035156,1073600,52.22063604167448,47.03118549740545,46.02300729798375,49.129431777420336,55.209137651571126,3.23,20.0,-1.09,0.59
RNG,2021-04-07,305.6199951171875,307.7900085449219,301.3299865722656,306.0,800700,52.15194240014721,47.035854776412165,45.67208187969586,48.58668671318566,55.207757449724106,3.2,20.0,-1.1,0.67
RNG,2021-04-08,311.7900085449219,320.260009765625,307.0299987792969,313.9700012207031,850600,53.06783903391818,47.40502146466679,45.672805861075865,48.44985284982441,53.54795754723365,3.17,21.0,-1.1,0.67
RNG,2021-04-09,311.79998779296875,318.8900146484375,308.6400146484375,317.29998779296875,690000,52.10916358815154,47.41110611654253,44.36401514546573,48.43219140403708,52.457868874892746,3.13,15.0,-1.09,0.73
RNG,2021-04-12,315.1600036621094,320.80999755859375,313.2699890136719,318.04998779296875,848200,51.702132612926945,47.421352602363015,44.17497848115728,48.34961721346899,52.10976664846283,3.1,12.0,-1.07,0.8
RNG,2021-04-13,319.55999755859375,327.80999755859375,318.0,325.5400085449219,723000,51.83110148099812,47.40032583598742,44.30180519464801,48.31477959614669,52.0876476981166,3.07,14.0,-1.05,0.77
RNG,2021-04-14,326.6199951171875,329.2900085449219,317.57000732421875,319.3699951171875,611700,50.993003688513014,47.50587813804335,44.415439419153586,48.2035750400557,51.89281660751547,3.04,18.0,-1.03,0.73
RNG,2021-04-15,323.0299987792969,329.8800048828125,322.92999267578125,329.010009765625,658000,44.09410303811452,47.96363415995458,44.498894168561456,48.31532009886963,51.814868282192506,3.02,19.0,-1.01,0.73
RNG,2021-04-16,330.0,330.8299865722656,322.19000244140625,325.3800048828125,602500,43.71826427524493,47.883142405708426,44.30516693117647,48.236901042728135,51.82724820839303,3.01,15.0,-0.99,0.77
RNG,2021-04-19,319.05999755859375,325.79998779296875,314.75,319.07000732421875,763000,43.477459758423095,47.99221167825615,44.40143689632754,48.28935987207113,51.85080027994109,3.0,19.0,-0.98,0.73
RNG,2021-04-20,322.1700134277344,332.0,319.6600036621094,325.2200012207031,1380000,43.45936142286132,47.835753438309595,44.35150041826219,48.207152715085485,51.449349907922624,2.98,17.0,-0.97,0.76
RNG,2021-04-21,324.0,330.3599853515625,321.2200012207031,326.510009765625,626300,39.14739580957344,47.85558172385001,44.235035024604635,47.83984930264607,50.86559057046939,2.96,14.0,-0.97,0.81
RNG,2021-04-22,327.3800048828125,337.3399963378906,327.1099853515625,328.3800048828125,1131700,39.173698628517464,47.6433767716294,44.13412732106924,47.69318521644307,50.718906577329015,2.94,12.0,-0.96,0.84
RNG,2021-04-23,318.80999755859375,325.4700012207031,315.0,322.5299987792969,1270900,37.33985106240409,46.99808066868761,44.19232051391989,47.69905348238891,50.70323831084652,2.92,14.0,-0.95,0.8
RNG,2021-04-26,324.6400146484375,330.6199951171875,317.92999267578125,330.510009765625,655400,37.965814643518875,46.80865615331516,44.296949140212355,47.75625991376204,50.75610530767097,2.89,17.0,-0.93,0.78
RNG,2021-04-27,330.5,335.17999267578125,326.2200012207031,328.0,747400,38.00093716874408,46.770794724317824,44.086952465208526,47.10648585491651,50.70850943795687,2.87,12.0,-0.91,0.82
RNG,2021-04-28,326.260009765625,327.8800048828125,321.6199951171875,323.4100036621094,678100,35.63573371948892,46.03112603468476,42.57147808968924,47.10956862999811,50.527410509005136,2.87,1.0,-0.92,0.78
RNG,2021-04-29,324.3999938964844,325.3800048828125,313.2900085449219,316.5,962400,36.119581223024575,45.38501218780364,42.52617475502671,46.51770127588301,50.57508252798637,2.88,1.0,-0.94,0.77
RNG,2021-04-30,316.489990234375,325.4800109863281,314.80999755859375,318.95001220703125,886500,35.00231684368137,45.327928190891,42.4987131243746,46.47785754378674,50.56237303308075,2.88,1.0,-0.95,0.79
RNG,2021-05-03,324.3299865722656,326.5199890136719,313.69000244140625,314.79998779296875,948800,35.20064883399871,45.34253660477159,42.01839270868552,46.396187686578905,50.35304342078655,2.88,1.0,-0.98,0.87
RNG,2021-05-04,307.57000732421875,309.95001220703125,291.1199951171875,296.6700134277344,1796200,38.707771046076246,46.28309183209488,43.02379452728909,46.92067754069679,50.24164537767422,2.87,13.0,-1.01,0.7
RNG,2021-05-05,312.0,316.7699890136719,289.55999755859375,290.9599914550781,2380700,38.88272756751638,46.32153951546519,42.96091029835594,46.86532114218961,50.282948743000674,2.86,11.0,-1.03,0.72
RNG,2021-05-06,287.6000061035156,289.05999755859375,260.45001220703125,261.2900085449219,2474500,47.23493252312906,49.708615957134235,45.97759102005798,48.55864601391706,51.240221751201396,2.83,41.0,-0.94,1.52
RNG,2021-05-07,266.8500061035156,275.0,255.10000610351562,257.0400085449219,1721100,46.878553581179226,49.650232424822725,45.81588061005918,48.58652127853073,50.936461743089744,2.8,41.0,-0.86,1.54
RNG,2021-05-10,259.6499938964844,261.7799987792969,251.22999572753906,260.3900146484375,1930700,46.52483473953101,49.76590917272165,45.88345443846739,48.60571908380137,50.88246407499282,2.77,42.0,-0.84,1.53
RNG,2021-05-11,251.41000366210938,273.2200012207031,250.22000122070312,266.4700012207031,1790700,46.720853515522954,49.69183858120398,46.065008103833335,48.68342716158298,50.84220188956458,2.74,46.0,-0.86,1.49
RNG,2021-05-12,259.510009765625,265.5299987792969,248.35000610351562,250.9499969482422,1583300,49.45293125515132,50.791371039478875,46.29371890590994,49.1222910318671,51.17440931635379,2.71,48.0,-0.82,1.36
RNG,2021-05-13,253.05999755859375,254.36000061035156,234.3300018310547,237.75999450683594,2264100,49.77162753622035,51.26169772306505,46.21899207088112,49.52420001893802,51.43029750766955,2.67,48.0,-0.71,1.27
RNG,2021-05-14,239.6999969482422,242.4600067138672,235.00999450683594,239.99000549316406,1435700,49.16173801023265,51.28654281751277,46.266421665612214,49.454477498893176,51.277926419574825,2.62,49.0,-0.66,1.26
RNG,2021-05-17,240.8000030517578,241.77999877929688,231.6199951171875,235.52999877929688,1138800,49.03896312351085,51.17713683768071,46.2211024908099,49.46032966936027,51.0453702217597,2.58,49.0,-0.62,1.25
RNG,2021-05-18,236.80999755859375,241.77999877929688,235.9199981689453,239.24000549316406,1397600,48.41335539201874,49.92683769765311,46.117341612269705,49.3920189687105,50.39752626335392,2.53,47.0,-0.6,1.27
RNG,2021-05-19,235.16000366210938,247.5500030517578,233.19000244140625,247.4499969482422,1330300,49.88035211640004,50.60169866541426,46.489807521365286,49.555114155474,50.51283255762983,2.5,53.0,-0.63,1.21
RNG,2021-05-20,249.64999389648438,259.45001220703125,248.8000030517578,257.54998779296875,1653800,50.859262512355116,51.5343131711353,46.99446273961145,49.179926144501266,50.670874440549696,2.46,56.0,-0.66,1.12
RNG,2021-05-21,258.82000732421875,259.1499938964844,249.44000244140625,250.05999755859375,1050500,51.01037288406277,51.16904217848519,47.00855716389623,49.18451062018995,50.73584907618045,2.43,57.0,-0.69,1.11
RNG,2021-05-24,251.75999450683594,253.5,243.7899932861328,246.64999389648438,1217600,50.94120450214452,50.93229662007075,47.02972602189812,48.42676979680582,50.75242103593642,2.39,58.0,-0.72,1.1
RNG,2021-05-25,248.4600067138672,254.83999633789062,247.1999969482422,254.57000732421875,1105700,51.44699099809711,51.23961040682505,47.32892928172576,48.23934931494557,50.688631351037515,2.37,59.0,-0.76,1.04
RNG,2021-05-26,257.54998779296875,264.739990234375,256.25,260.7099914550781,1605300,52.15550120557293,51.15825547360857,47.43298815991067,48.244082913221945,50.74328588252571,2.35,60.0,-0.79,1.05
RNG,2021-05-27,253.6300048828125,263.4800109863281,251.82000732421875,258.3900146484375,1321100,50.9949959465795,47.618238548802864,47.399294203157886,48.253438640406756,50.6655737691581,2.34,60.0,-0.82,1.05
RNG,2021-05-28,260.2699890136719,266.42999267578125,260.2699890136719,262.4700012207031,1438000,51.44420004466036,47.6380018075723,47.48607750885409,47.567504968945194,50.38598060718065,2.34,62.0,-0.84,1.03
RNG,2021-06-01,262.0,263.5899963378906,252.57000732421875,253.0,1390600,52.04138192862714,47.919961553614556,47.610659457029136,46.62624465129181,50.48334587411472,2.33,63.0,-0.87,0.99
RNG,2021-06-02,251.6999969482422,257.8800048828125,249.57000732421875,256.20001220703125,721600,51.7829228524114,47.937216676978274,47.11225865122095,46.52843615841426,50.46326912233676,2.32,59.0,-0.88,1.08
RNG,2021-06-03,254.38999938964844,255.2100067138672,247.6999969482422,248.52000427246094,558000,52.05425680336005,46.12291819256071,47.29508886105488,46.536453296659424,50.541879139679814,2.31,60.0,-0.88,0.99
RNG,2021-06-04,250.0,254.08999633789062,243.4199981689453,246.74000549316406,995200,51.86929907055067,46.125017825405145,47.287420790806706,46.53392578465692,50.13747607109558,2.3,60.0,-0.89,1.0
RNG,2021-06-07,247.0,254.05999755859375,244.1199951171875,253.14999389648438,850300,52.78471453492279,45.540344444876155,47.47332803438658,46.58507670133923,50.20146231463399,2.29,65.0,-0.89,0.96
RNG,2021-06-08,254.94000244140625,258.9100036621094,248.99000549316406,253.5,1011700,51.96718216620126,45.52106618379613,47.47750863595155,46.501313207620164,50.09665206076114,2.28,66.0,-0.88,0.96
RNG,2021-06-09,257.82000732421875,264.3999938964844,256.92999267578125,261.2699890136719,1181400,53.185619013563404,46.07611938461113,47.60962059959707,46.439254414021924,50.176920007655255,2.26,68.0,-0.88,0.99
RNG,2021-06-10,256.67999267578125,269.6600036621094,253.63999938964844,268.0,1074500,53.99273769197192,45.58983897813905,47.824401076011355,46.53339493176382,49.855809557205234,2.25,74.0,-0.87,0.96
RNG,2021-06-11,266.6300048828125,274.95001220703125,266.1400146484375,274.55999755859375,1051300,54.491021474982084,45.931807178404924,48.02055820805267,46.500001784059094,49.46119878056327,2.24,76.0,-0.85,0.92
RNG,2021-06-14,274.45001220703125,279.94000244140625,272.67999267578125,274.79998779296875,992000,54.39121821420769,45.543854602849734,47.94909869449432,46.49022544175557,49.428625724618605,2.24,76.0,-0.83,0.93
RNG,2021-06-15,273.17999267578125,274.7799987792969,266.4100036621094,267.1300048828125,732800,54.76617883234361,45.83532491055638,48.10567794498141,46.388874003514665,49.41036371551178,2.23,78.0,-0.8,0.87
RNG,2021-06-16,267.2799987792969,272.32000732421875,264.4700012207031,269.4200134277344,850400,52.45120065394838,45.70350913291969,47.913187762834525,46.39360303863392,49.3479679071193,2.22,76.0,-0.76,0.9
RNG,2021-06-17,267.92999267578125,287.1000061035156,267.9100036621094,285.1499938964844,1185700,54.989199606021465,47.27769259412198,48.85994602977988,46.85923846825386,49.64263679241922,2.23,85.0,-0.71,0.81
RNG,2021-06-18,285.489990234375,291.510009765625,282.239990234375,288.9599914550781,1164600,44.78536025647705,46.18197506444028,48.79026814421206,46.85582939345443,49.46166467414717,2.23,83.0,-0.66,0.86
RNG,2021-06-21,286.5199890136719,291.4200134277344,282.75,287.3800048828125,729700,44.47764236525872,45.85388239014755,48.36018447675423,46.794773514631196,49.3648739993647,2.24,79.0,-0.62,1.01
RNG,2021-06-22,289.4100036621094,299.25,287.3800048828125,298.3399963378906,894000,45.47377404020547,46.08124345378025,48.47554706699177,46.94405046890122,49.33817067166426,2.25,81.0,-0.57,0.99
RNG,2021-06-23,296.0,300.30999755859375,294.19000244140625,297.30999755859375,909300,45.18282730968012,45.79799446576786,48.44473185399581,46.94587319986023,49.23082273549679,2.26,80.0,-0.5,0.99
RNG,2021-06-24,299.9200134277344,304.989990234375,299.6000061035156,302.79998779296875,887500,41.11240034245244,45.89436999546115,48.103370870486536,46.920268538230296,49.09776685143293,2.27,75.0,-0.41,1.05
RNG,2021-06-25,302.8299865722656,306.82000732421875,301.010009765625,302.010009765625,1090800,37.06692853365295,45.23964321887463,47.667358405498675,46.79471993578506,48.908285053613625,2.27,67.0,-0.29,1.12
RNG,2021-06-28,305.1700134277344,308.5799865722656,303.69000244140625,306.92999267578125,607500,37.14141063358636,45.09975732628631,47.685064875582725,46.70878664347106,48.813858556424464,2.27,67.0,-0.18,1.15
RNG,2021-06-29,307.9200134277344,310.07000732421875,302.25,302.5899963378906,654900,36.87858624164886,44.9227516116698,47.709963642467706,46.67457359355853,48.388676174242946,2.25,67.0,-0.05,1.13
RNG,2021-06-30,301.5,301.5,290.0,290.5799865722656,958200,39.41669450964763,45.322051362815955,47.84735692221563,46.921270435715115,48.29849317816502,2.23,71.0,0.1,1.03
RNG,2021-07-01,290.8299865722656,295.95001220703125,287.3800048828125,289.25,724300,38.67153341991806,45.32829247961462,47.82852914171412,46.89664737036796,48.26553419959866,2.21,70.0,0.27,1.03
RNG,2021-07-02,289.9200134277344,293.44000244140625,286.5299987792969,289.55999755859375,541200,37.2468722816184,44.98953313100553,47.247729443672114,46.85486070158651,48.256693814087846,2.18,51.0,0.42,1.13
RNG,2021-07-06,292.3399963378906,306.0799865722656,291.1000061035156,303.92999267578125,885300,38.013109024659606,46.07436376489169,47.95003141602388,47.19546713718087,48.48697412006217,2.16,73.0,0.56,1.02
RNG,2021-07-07,307.1700134277344,308.25,299.0,299.82000732421875,550900,38.0077807321502,46.14504892064213,47.95597544814352,47.20186526806344,48.485682022634144,2.13,73.0,0.68,1.0
RNG,2021-07-08,294.3299865722656,296.0299987792969,287.3599853515625,292.4100036621094,642900,38.30096097430615,46.122152441573085,47.841467912828236,47.28211886165181,48.4806511195728,2.1,68.0,0.62,0.99
RNG,2021-07-09,290.8800048828125,295.19000244140625,287.5400085449219,294.80999755859375,530400,37.884999355203036,46.02292823717644,47.8535500332311,47.040804323057785,48.48551007533433,2.06,69.0,0.52,1.0
RNG,2021-07-12,296.3699951171875,298.0799865722656,284.1499938964844,286.82000732421875,945600,38.80898844740552,45.86648672095531,47.67661865866289,47.13838635328718,48.410849570382325,2.03,59.0,0.54,1.06
RNG,2021-07-13,287.0,293.07000732421875,282.32000732421875,282.75,766100,38.96247964828593,45.897379578986445,47.66927678631595,47.042241425943814,47.59721777317504,2.0,58.0,0.39,1.04
RNG,2021-07-14,284.739990234375,286.5,274.010009765625,275.2900085449219,1044500,38.18705440145141,46.03539960351671,47.758879598619004,47.144881714032586,47.66592235179728,1.96,63.0,-0.08,0.99
RNG,2021-07-15,274.69000244140625,278.30999755859375,268.8299865722656,269.2300109863281,1032400,38.74403149969499,45.98855146409777,46.713206960067424,47.21371130015905,47.67319882953382,1.94,39.0,-0.2,1.15
RNG,2021-07-16,271.79998779296875,278.1400146484375,270.8299865722656,273.7900085449219,545300,37.75030685454448,46.14825556097109,46.74983472674148,47.24271325876813,47.64517252619151,1.93,39.0,-0.28,1.17
RNG,2021-07-19,257.0,257.8599853515625,245.27000427246094,257.0,3098300,42.31990478516062,47.735139687939984,47.700351884026986,47.22365585480703,47.99642016506465,1.91,59.0,-0.43,0.96
RNG,2021-07-20,260.0,270.9200134277344,258.17999267578125,266.8900146484375,1983500,43.06314870720126,48.404354647310804,47.724032617345834,47.42759847530721,47.74038923810083,1.9,62.0,-0.44,1.02
RNG,2021-07-21,266.0199890136719,268.5199890136719,262.2699890136719,267.75,981600,43.06502624390769,48.0818786925526,47.614719835118315,47.29923117866616,47.56931177423251,1.89,52.0,-0.56,1.05
RNG,2021-07-22,268.8599853515625,273.2099914550781,267.1199951171875,272.3699951171875,650500,42.47910973649704,48.25831319241395,47.57438627960936,47.33984404418865,47.58002192652588,1.88,49.0,-0.94,1.05
RNG,2021-07-23,274.6000061035156,276.95001220703125,270.0,276.54998779296875,760800,42.07828777093401,48.3470393791654,47.308112314323836,47.371818993832946,47.54841237014535,1.87,42.0,-1.15,1.17
RNG,2021-07-26,274.9800109863281,275.239990234375,271.0899963378906,271.5,1277300,41.85416639152225,48.298226559705114,44.98379872157539,46.984121285428394,47.511551517811434,1.88,20.0,-1.14,0.98
RNG,2021-07-27,272.79998779296875,273.739990234375,255.72000122070312,262.69000244140625,1126900,42.90389184930613,48.64762591075303,45.13224919956347,46.66984936431778,47.495438143139225,1.89,21.0,-1.14,0.93
RNG,2021-07-28,262.44000244140625,269.9200134277344,259.6499938964844,266.42999267578125,768900,42.359646043937204,48.73189519639471,45.05702624733093,46.60281452157289,47.51174377580815,1.9,21.0,-1.13,0.99
RNG,2021-07-29,264.2099914550781,270.0,263.5299987792969,264.0299987792969,526600,42.3551654021535,47.30912643866768,44.99048440692989,45.16690511288795,47.441893745744885,1.9,21.0,-1.13,1.02
RNG,2021-07-30,262.7200012207031,269.3900146484375,261.4200134277344,267.2699890136719,617000,38.937498205289806,47.253692346152945,43.791985427777426,44.9780122650293,47.45405562912241,1.92,7.0,-1.11,1.09
RNG,2021-08-02,268.9200134277344,274.0799865722656,262.010009765625,270.3699951171875,764300,38.88077327981108,41.81868640958253,43.84439752940813,44.894651163172895,47.36725902304381,1.93,8.0,-1.09,1.09
RNG,2021-08-03,270.54998779296875,275.010009765625,264.3699951171875,269.8999938964844,1068400,38.8685815692692,41.672283967255005,43.2758584370532,44.12160666290873,47.09028219732024,1.95,7.0,-1.13,1.19
RNG,2021-08-04,275.6400146484375,284.5899963378906,253.25,259.6600036621094,2202200,38.40036816877785,42.36751638929662,43.61509502753408,44.25600191769898,47.1431603619614,1.96,8.0,-1.17,1.07
RNG,2021-08-05,257.80999755859375,258.3500061035156,247.9600067138672,249.8699951171875,1795000,39.626024068972384,42.80654210175893,43.974620410696055,44.47406687882869,47.26739228358856,1.96,11.0,-1.24,0.93
RNG,2021-08-06,249.22000122070312,249.5399932861328,242.02999877929688,247.42999267578125,1293900,38.973080742845504,41.054994348617306,43.406880169974,44.486479668424565,47.261048746543906,1.97,8.0,-1.23,1.1
RNG,2021-08-09,249.0,265.07000732421875,247.97999572753906,263.3299865722656,1536700,43.807357347401,41.465509761529916,44.614596504772834,45.040027312497244,47.2226300261414,1.96,26.0,-1.22,1.02
RNG,2021-08-10,262.8699951171875,268.7900085449219,255.80999755859375,257.45001220703125,932500,43.653182742886834,41.729655141758776,44.48534627900187,44.969874759794735,47.25754556253769,1.95,25.0,-1.2,1.06
RNG,2021-08-11,257.1099853515625,257.989990234375,248.00999450683594,251.91000366210938,708000,43.83245779077646,41.79520409277162,44.58549672586484,45.029820589057884,46.81633655489748,1.93,27.0,-1.18,1.01
RNG,2021-08-12,250.69000244140625,253.47999572753906,246.72999572753906,252.10000610351562,1157900,42.6342720441487,41.68568974113893,44.47626462017825,44.96395830725022,46.78702820174793,1.92,25.0,-1.16,1.03
RNG,2021-08-13,253.77000427246094,256.3800048828125,251.08999633789062,252.75999450683594,503200,42.68750319767935,41.12168515826431,44.457548837418436,44.91321495738257,46.70356536903731,1.9,25.0,-1.13,1.04
RNG,2021-08-16,250.97999572753906,251.66000366210938,242.2100067138672,244.69000244140625,661000,43.407094433838395,40.817398976180456,43.986311905397244,44.99896195732821,46.805278265994,1.9,13.0,-1.11,1.13
RNG,2021-08-17,241.94000244140625,245.16000366210938,238.2899932861328,244.1300048828125,666800,40.2969906156835,40.37993689842017,43.794924171783556,44.964679719833256,46.72046463930412,1.89,11.0,-1.11,1.21
RNG,2021-08-18,244.0,250.17999267578125,242.4499969482422,249.0800018310547,1127000,41.014932161507886,40.497390270035524,43.6945806448398,44.99600406772854,46.764465838507405,1.88,10.0,-1.11,1.29
RNG,2021-08-19,247.10000610351562,253.02000427246094,247.10000610351562,250.99000549316406,1057700,40.8028022764966,39.99739062542832,43.563684900683356,44.864603877284715,46.765582582413714,1.87,9.0,-1.13,1.36
RNG,2021-08-20,251.72999572753906,255.1999969482422,250.64999389648438,250.8800048828125,687500,40.635496066585155,39.68161204738567,43.52173745179193,43.97779626612391,46.76012561468574,1.86,9.0,-1.13,1.37
RNG,2021-08-23,251.22000122070312,255.16000366210938,246.75,254.44000244140625,1172100,40.456689349104906,39.75651212537145,43.13357693883215,43.911625492618285,46.78084254533083,1.85,7.0,-1.12,1.46
RNG,2021-08-24,257.19000244140625,261.5,255.22000122070312,258.3800048828125,751400,40.712978821329756,39.75142151116091,43.030122253874474,43.935277695521116,46.755582355663236,1.86,7.0,-1.08,1.49
RNG,2021-08-25,256.92999267578125,258.42999267578125,252.17999267578125,255.72000122070312,541900,40.15604190345038,39.07898412104168,42.90512344380541,43.65509162338345,46.76504015330092,1.87,5.0,-1.05,1.55
RNG,2021-08-26,254.0,257.3599853515625,249.5,254.3300018310547,624300,39.729046812425516,39.00937717341382,42.65605756246082,43.6552385313831,46.706385725575565,1.89,5.0,-1.0,1.61
RNG,2021-08-27,256.6300048828125,260.0,253.64999389648438,257.4800109863281,595400,39.566576915188264,38.57181234003492,42.7146897174495,43.60130175072998,46.692573186337796,1.92,6.0,-0.95,1.6
RNG,2021-08-30,258.8699951171875,259.79998779296875,253.88999938964844,256.20001220703125,1477000,35.07915664421254,38.5554664642077,42.49012305776846,43.51619357358033,46.61670941296989,1.95,2.0,-0.88,1.66
RNG,2021-08-31,253.0,254.99000549316406,246.1999969482422,252.25999450683594,1094700,33.4415748057589,38.33650185646694,42.49496554992719,43.43406018567809,46.633316983534876,1.97,3.0,-0.8,1.63
RNG,2021-09-01,254.61000061035156,261.7699890136719,253.64999389648438,261.1000061035156,1344300,35.04143217253156,38.982869269240744,42.88778833337486,43.641817145970826,46.30540159568403,1.99,9.0,-0.7,1.53
RNG,2021-09-02,259.69000244140625,262.5400085449219,253.66000366210938,255.5,897400,35.118478830222934,38.74374011908365,42.80777896601373,43.70418129022743,46.266573540036745,2.0,9.0,-0.61,1.52
RNG,2021-09-03,254.24000549316406,257.32000732421875,250.6699981689453,250.80999755859375,768700,35.03103081779096,38.540077981811,42.80184203326669,43.38479901209031,45.7050809776114,2.02,9.0,-0.5,1.52
RNG,2021-09-07,250.22000122070312,250.57000732421875,240.1199951171875,240.97999572753906,1469500,36.373390472268156,38.98267857241169,42.89944953712809,43.20316026829018,45.62191792292689,2.04,12.0,-0.44,1.44
RNG,2021-09-08,241.5,241.72000122070312,234.0500030517578,236.0,1225500,35.697274020295595,39.16457525490065,42.973870411259405,43.25530555536892,45.60991560600025,2.05,15.0,-0.35,1.4
RNG,2021-09-09,235.0,236.13999938964844,232.10000610351562,232.19000244140625,1092700,35.47382225871601,38.90315940981651,42.944994978345605,43.23916061431297,45.6362136654328,2.06,14.0,-0.25,1.41
RNG,2021-09-10,232.22000122070312,233.47999572753906,218.1300048828125,218.97999572753906,2699100,38.76669296925588,40.500521770740505,43.68327894063862,43.62376351400915,45.45516050389746,2.07,25.0,-0.13,1.23
RNG,2021-09-13,219.0,222.1999969482422,217.22999572753906,220.5,1949300,38.5783040330127,38.5789767693944,43.69944427881691,43.61105188450847,44.622031443493256,2.07,27.0,-0.05,1.22
RNG,2021-09-14,221.22000122070312,223.89999389648438,216.25,217.44000244140625,1139500,38.25429637123966,38.45323516679286,43.70068114926678,43.61268469888656,44.547397672005644,2.08,28.0,-0.0,1.21
RNG,2021-09-15,217.00999450683594,219.1699981689453,212.66000366210938,218.58999633789062,1094900,38.39605385990495,38.507514763190926,43.668925516881416,43.522017161596075,44.457328932040916,2.08,25.0,0.06,1.24
RNG,2021-09-16,219.02000427246094,225.58999633789062,218.00999450683594,224.61000061035156,1639200,38.42222752336374,38.084741902745264,43.716078633121654,43.66681755044991,44.535919499349255,2.09,30.0,-0.02,1.22
RNG,2021-09-17,225.27000427246094,233.97000122070312,225.00999450683594,232.80999755859375,2499300,38.808035659898785,38.98258270197365,44.16348049361054,43.88505407455723,44.648873411237524,2.09,36.0,-0.12,1.13
RNG,2021-09-20,228.10000610351562,232.8000030517578,225.5500030517578,228.5399932861328,1078000,39.03447520099348,38.809770985140574,44.196200261283465,43.85511154710975,44.62133211786167,2.07,36.0,-0.2,1.11
RNG,2021-09-21,230.07000732421875,232.25999450683594,222.38999938964844,222.5399932861328,988400,34.41454485511331,39.06555354430715,44.25557393904196,43.92435317021513,44.54386447852963,2.05,36.0,-0.22,1.09
RNG,2021-09-22,222.61000061035156,224.69000244140625,216.69000244140625,221.8300018310547,773000,34.04037887703157,38.8164806687877,44.218957715545685,43.91703747510584,44.540426745467336,2.03,35.0,-0.31,1.1
RNG,2021-09-23,223.35000610351562,224.63999938964844,220.47999572753906,223.25,1158600,33.810387072738244,38.84619333204079,44.22092914352726,43.82465188522513,44.46107760853339,2.0,35.0,-0.39,1.11
RNG,2021-09-24,223.25,224.30999755859375,218.44000244140625,222.1300048828125,1050100,33.78087440152161,38.13804268105247,43.304961019028156,43.49729477268629,44.45751874230281,2.0,16.0,-0.37,1.33
RNG,2021-09-27,220.49000549316406,221.7100067138672,217.27000427246094,220.0,1322800,33.75210633549964,38.152694994232874,43.23757107659391,43.50401242003584,44.29192258274994,1.99,14.0,-0.35,1.36
RNG,2021-09-28,218.4600067138672,219.0,210.3699951171875,214.27999877929688,1598100,33.35895106194186,38.39277004181606,40.03215035908125,43.582147575007546,44.36196303007549,2.07,1.0,-0.38,-0.1
RNG,2021-09-29,214.80999755859375,217.32000732421875,211.07000732421875,212.1300048828125,985000,33.39210953621796,36.75087300620241,39.98679186893821,43.560795365955194,44.355376696655426,2.15,1.0,-0.41,-0.09
RNG,2021-09-30,212.4199981689453,219.91000366210938,211.64999389648438,217.5,1089700,33.73821305617314,37.257363750314084,40.14629681168711,43.68835074547188,44.405850499388784,2.22,3.0,-0.47,-0.12
RNG,2021-10-01,227.0,236.0,219.49000549316406,228.69000244140625,2476300,37.14926940901377,38.7195155161009,40.79860063341485,44.02590028211421,44.644852938810956,2.27,4.0,-0.51,-0.14
RNG,2021-10-04,226.5500030517578,226.94000244140625,213.49000549316406,216.16000366210938,1019400,40.20907877058097,40.080184782117456,40.66901297426298,44.47445119957543,44.95144341422429,2.32,4.0,-0.55,-0.17
RNG,2021-10-05,217.7899932861328,220.64999389648438,214.86000061035156,216.4499969482422,1007300,39.85224373712008,39.82955149171811,39.789891981036476,44.475994092602164,44.952015964301786,2.38,1.0,-0.58,-0.11
RNG,2021-10-06,213.36000061035156,215.42999267578125,207.52999877929688,208.33999633789062,1922200,40.44664955692257,40.37293586717412,40.19069179296747,44.62447343335774,45.04344486838581,2.44,5.0,-0.59,-0.17
RNG,2021-10-07,209.52999877929688,225.94000244140625,209.52999877929688,221.1999969482422,1786500,44.851677720914005,42.24917979938469,41.25216646968081,45.24072237693722,45.35363199779168,2.47,8.0,-0.61,-0.16
RNG,2021-10-08,222.1300048828125,228.6699981689453,220.1300048828125,225.94000244140625,1543400,45.480629083839155,42.370070656888394,41.317508252579195,45.200806333188,45.325456191415434,2.5,9.0,-0.64,-0.17
RNG,2021-10-11,223.61000061035156,230.92999267578125,221.3800048828125,222.77999877929688,734200,45.303899124521976,42.22868749016227,41.00282885349134,45.219845528696304,45.28939237352626,2.53,8.0,-0.68,-0.11
RNG,2021-10-12,223.41000366210938,227.0800018310547,222.39999389648438,223.89999389648438,648600,45.39345062020841,40.37327971315247,40.48396669692465,45.149078882468366,45.292584717861025,2.57,6.0,-0.73,-0.02
RNG,2021-10-13,225.4600067138672,237.35000610351562,225.4600067138672,236.9600067138672,1103000,48.58228051134322,41.35016669281166,41.26552446104406,45.440628587982545,45.640185495706355,2.59,11.0,-0.75,-0.03
RNG,2021-10-14,238.58999633789062,243.13999938964844,236.1999969482422,237.16000366210938,897000,47.34725547471757,41.34027941103697,41.211744579293445,45.26476881599759,45.61275309328002,2.61,10.0,-0.76,-0.02
RNG,2021-10-15,237.83999633789062,241.60000610351562,234.82000732421875,235.36000061035156,885000,47.04487926623258,41.16176856381748,40.905787502588645,45.24927781071618,45.61557118192216,2.63,9.0,-0.79,0.06
RNG,2021-10-18,235.36000061035156,243.10000610351562,234.1999969482422,241.67999267578125,1094700,47.53896712635907,41.432195620989624,40.94878502795131,45.10997014332482,45.67629534561403,2.64,10.0,-0.79,0.05
RNG,2021-10-19,242.91000366210938,245.6699981689453,240.13999938964844,243.61000061035156,1245200,46.153927400460745,41.34476209197375,40.9506883564103,44.87067140344328,45.67110212673355,2.66,11.0,-0.8,0.05
RNG,2021-10-20,244.39999389648438,246.5,240.25999450683594,241.4600067138672,1088800,45.80335458547736,40.86044869776558,40.88792878279428,44.83144658292058,45.48603755113977,2.68,9.0,-0.8,0.07
RNG,2021-10-21,244.94000244140625,253.60000610351562,244.22999572753906,248.13999938964844,667500,46.13426717770299,41.16190904373319,40.719553282465846,44.96544785977248,45.562974723500126,2.69,8.0,-0.81,0.08
RNG,2021-10-22,245.5,252.8800048828125,244.77999877929688,248.0399932861328,531500,42.403328411260155,41.129485995747046,40.668095104825625,44.83042518805587,45.47306966278878,2.71,7.0,-0.81,0.1
RNG,2021-10-25,247.0500030517578,249.97000122070312,244.0399932861328,244.69000244140625,935300,42.70295149132161,41.11460233616516,40.437945532152824,44.83897239572863,45.48877747268097,2.72,6.0,-0.81,0.14
RNG,2021-10-26,246.63999938964844,250.17999267578125,241.33999633789062,241.7899932861328,483300,42.63419010042648,41.07873705961989,40.465879048444194,44.5159542637681,45.50066073508996,2.74,7.0,-0.82,0.14
RNG,2021-10-27,240.7899932861328,244.6300048828125,237.0500030517578,237.0800018310547,521500,43.15578175183792,41.24052554060736,40.368357933069085,44.54586912162222,45.528844612405145,2.75,6.0,-0.83,0.17
RNG,2021-10-28,236.77000427246094,245.49000549316406,233.0,243.86000061035156,621500,43.20745791814019,40.98783053872362,40.626415966370935,44.69024246494237,45.17080324002444,2.76,10.0,-0.84,0.1
RNG,2021-10-29,242.77000427246094,245.50999450683594,240.5800018310547,243.77999877929688,513700,42.05487715678517,40.24042384767931,40.329493392083656,44.55933484494174,45.16423778022583,2.77,6.0,-0.83,0.18
RNG,2021-11-01,244.10000610351562,252.57000732421875,242.52999877929688,252.38999938964844,508700,42.67461711847525,40.82631854467787,40.50894823928305,44.7663887705301,45.20488952571483,2.77,11.0,-0.82,0.15
RNG,2021-11-02,252.0,252.0,245.07000732421875,248.1300048828125,1005200,42.17845928449183,38.87488803372468,40.39521969727689,44.5951584475642,45.23564348718952,2.77,8.0,-0.79,0.19
RNG,2021-11-03,246.25,247.9199981689453,231.44000244140625,240.72999572753906,1142100,43.27521435724165,39.088814703340994,40.66000600641034,44.69408133195251,45.33549746189978,2.76,14.0,-0.76,0.14
RNG,2021-11-04,244.0399932861328,246.92999267578125,237.41000366210938,240.6699981689453,644000,43.26921191801124,38.85167385138397,40.429322963279056,44.67264035501629,45.00117482606267,2.75,9.0,-0.74,0.19
RNG,2021-11-05,241.25999450683594,242.33999633789062,233.0,234.10000610351562,799400,44.10180723983926,39.239344366007415,40.61919393907221,44.07850216579451,44.72404248854419,2.74,14.0,-0.73,0.15
RNG,2021-11-08,235.0,236.61000061035156,229.5800018310547,230.8000030517578,1535200,44.22378106296919,39.320078268149175,39.58198134905635,44.04839071391151,44.66780668401913,2.73,1.0,-0.68,0.22
RNG,2021-11-09,233.99000549316406,240.52000427246094,231.44000244140625,233.63999938964844,1881300,43.51337959667714,38.88247010470201,39.57200552411064,44.08278734261483,43.62359952038074,2.71,1.0,-0.61,0.22
RNG,2021-11-10,300.0,315.0,278.4100036621094,281.6400146484375,6701600,68.60988776581883,54.67877067988637,49.651241009064414,49.209534459876906,47.33559798738465,2.74,100.0,-0.6,11.33
RNG,2021-11-11,290.5400085449219,290.5400085449219,267.54998779296875,269.3999938964844,1991500,70.17551570134137,55.380915830692246,49.77242035911304,49.415149153005075,47.47384891954545,2.77,100.0,-0.55,11.44
RNG,2021-11-12,268.739990234375,276.4100036621094,268.739990234375,276.239990234375,1089900,69.20844599236958,55.58094177626168,49.94262805915785,49.44729991394647,47.025362043423144,2.8,100.0,-0.53,11.17
RNG,2021-11-15,271.7900085449219,275.0,263.92999267578125,265.1199951171875,936600,68.14118483147533,56.264638590364555,50.25531117642551,49.46233320844311,47.136428189040494,2.84,100.0,-0.5,11.01
RNG,2021-11-16,266.1700134277344,268.6300048828125,255.41000366210938,256.6199951171875,1333600,69.08060019282877,56.61008300358573,50.49945735538833,48.327035940207075,47.24131065799087,2.89,100.0,-0.46,10.83
RNG,2021-11-17,255.41000366210938,256.55999755859375,243.8000030517578,247.52999877929688,1124700,68.9660760098895,56.99922193809858,50.711256640505965,48.43500114628217,47.37454570996701,2.95,100.0,-0.49,10.75
RNG,2021-11-18,246.2899932861328,247.0,238.25999450683594,243.77000427246094,1616700,67.25804276174884,57.04405427412872,50.718005460525596,48.38207993467884,47.34919314543241,3.0,100.0,-0.49,10.75
RNG,2021-11-19,243.25,248.9499969482422,228.9600067138672,229.8000030517578,1258600,69.38113195684669,58.273687132679186,51.15754562704466,48.81624047794479,47.60747406632782,3.06,100.0,-0.44,10.41
RNG,2021-11-22,230.5,230.5500030517578,213.1199951171875,216.3699951171875,1816200,71.48416495356523,59.4139944505247,51.97530935255605,48.66975668706502,47.96907973194617,3.15,100.0,-0.41,9.81
RNG,2021-11-23,212.83999633789062,216.99000549316406,205.5800018310547,215.52000427246094,1708100,71.46608260783962,59.412812605924024,51.97164168753808,48.66903771471433,47.927170193003974,3.23,99.0,-0.37,9.83
RNG,2021-11-24,213.8800048828125,224.11000061035156,211.8000030517578,222.39999389648438,995800,70.04635165567485,59.76439354660877,51.61241070286924,48.55199265421457,48.00391908418191,3.3,98.0,-0.54,10.18
RNG,2021-11-26,229.4199981689453,230.3699951171875,220.7100067138672,224.5399932861328,794300,70.12407280690137,59.33067168704566,51.62370825472996,48.55211785852989,47.96697069499288,3.36,98.0,-0.7,10.11
RNG,2021-11-29,223.0,226.1999969482422,219.47000122070312,222.0800018310547,910900,70.15538012361054,59.22367689090302,51.518608243355835,48.56097464696331,47.95400034923128,3.42,96.0,-0.78,10.18
RNG,2021-11-30,222.5,226.6999969482422,214.66000366210938,215.97999572753906,1775200,70.00948363098134,59.363231110946266,51.64141572507992,48.357104046319094,48.00232311635326,3.49,98.0,-0.96,10.15
RNG,2021-12-01,215.83999633789062,217.94000244140625,198.85000610351562,199.39999389648438,1577900,73.284770759818,60.980168524225085,52.924594368835585,49.21771547069109,48.54351932463088,3.58,100.0,-0.93,9.32
RNG,2021-12-02,199.5,204.11000061035156,192.6300048828125,198.6699981689453,1929400,73.28675727850805,60.86839466601304,52.89700778703281,49.09766890581249,47.95297703275057,3.67,99.0,-0.88,9.32
RNG,2021-12-03,196.85000610351562,198.0500030517578,180.08999633789062,193.64999389648438,2247600,72.76878723230885,60.985875874720804,52.88452851833561,49.16747492401765,47.938860394896395,3.75,98.0,-0.75,9.33
RNG,2021-12-06,191.67999267578125,202.10000610351562,186.74000549316406,199.99000549316406,1484000,73.68333133082207,60.288045313716154,53.09970376259084,49.28391299474019,48.04932266914727,3.85,100.0,-0.72,9.03
RNG,2021-12-07,206.8800048828125,213.49000549316406,204.8000030517578,208.85000610351562,1546700,75.08726341273217,60.964138151410964,53.517007356450364,49.57080273145655,48.069927027194986,3.95,100.0,-0.75,8.64
RNG,2021-12-08,206.99000549316406,216.64999389648438,203.8000030517578,214.50999450683594,1376800,75.62421015799268,61.16200992277944,52.82679286879822,49.3262550674694,48.15432795229332,4.02,95.0,-0.78,8.96
RNG,2021-12-09,196.77999877929688,201.57000732421875,180.10000610351562,186.2100067138672,4312600,85.42448539231404,67.64907587299015,56.91422313364974,51.9278273883632,50.086778984980775,4.2,100.0,-0.59,8.38
RNG,2021-12-10,185.3300018310547,189.88999938964844,182.0,185.3800048828125,1818900,84.74194359594703,67.36313145003696,56.903867429893964,51.82254982304043,50.029316341201515,4.37,99.0,-0.46,8.4
RNG,2021-12-13,186.61000061035156,190.94000244140625,182.89999389648438,188.5,1884500,85.03873623152101,67.00204257319929,56.900024272695696,51.806083081523624,49.99267127456407,4.53,98.0,-0.42,8.4
RNG,2021-12-14,184.80999755859375,187.74000549316406,181.47999572753906,185.5800018310547,1270900,84.05816536742063,66.97696116340182,56.849724873489585,51.806780640177195,50.00783928671264,4.68,97.0,-0.38,8.47
RNG,2021-12-15,184.2899932861328,184.97999572753906,175.22999572753906,181.9499969482422,1680500,84.0810152205763,66.89055872126124,56.858678267265084,51.62192919553038,50.035660059111386,4.83,97.0,-0.31,8.47
RNG,2021-12-16,179.0,188.0,173.05999755859375,177.8000030517578,1718500,83.95841620614672,67.0124466525526,56.75170506248356,51.58165667598706,49.843352981315,4.98,95.0,-0.24,8.54
RNG,2021-12-17,176.57000732421875,188.39999389648438,172.1699981689453,185.2100067138672,1958300,85.21212420432171,67.60284021818374,57.124678537391496,51.78049706335729,49.775977013091676,5.12,100.0,-0.27,8.24
RNG,2021-12-20,181.2899932861328,193.9499969482422,179.0800018310547,189.38999938964844,1435600,85.47773806644682,67.80176212982695,57.26586673187717,51.74173464539091,49.8388414474589,5.26,100.0,-0.33,8.1
RNG,2021-12-21,191.50999450683594,196.9600067138672,187.22000122070312,194.05999755859375,962600,85.9274303677037,68.0099399305547,57.38219460055315,51.839804202509164,49.88514568491248,5.4,100.0,-0.38,8.0
RNG,2021-12-22,194.41000366210938,196.88999938964844,189.86000061035156,193.11000061035156,886800,85.75870116598175,67.82507049090049,57.334077398467166,51.73144356384047,49.81679777966509,5.52,99.0,-0.44,8.05
RNG,2021-12-23,193.0,193.66000366210938,187.75999450683594,192.4600067138672,760800,63.301119492573,67.80371922925542,57.33348499998062,51.707462477709385,49.797141147570294,5.64,98.0,-0.49,8.05
RNG,2021-12-27,192.24000549316406,194.14999389648438,190.32000732421875,191.83999633789062,622500,62.62866610922938,67.57675176101235,57.05345165718242,51.70387177701318,49.78755913690698,5.75,95.0,-0.54,8.23
RNG,2021-12-28,191.67999267578125,197.0,190.0800018310547,192.1999969482422,703500,61.812942782854364,66.7006367130381,56.77487483328242,51.613795019823506,49.72360641056074,5.85,89.0,-0.61,8.4
RNG,2021-12-29,191.19000244140625,195.3800048828125,189.44000244140625,193.57000732421875,610500,61.425277208717624,65.79020018862076,56.78385598189662,51.59116396866808,49.731267425532415,5.94,89.0,-0.67,8.37
RNG,2021-12-30,193.35000610351562,198.7899932861328,193.3000030517578,194.52999877929688,602700,61.21463553777862,65.8017971824624,55.84168176687994,51.454378197096815,49.72293260503747,6.02,86.0,-0.7,9.1
RNG,2021-12-31,193.8800048828125,197.9199981689453,186.9600067138672,187.35000610351562,628000,61.27501792885334,65.78818707107547,56.026246431812275,51.60908140368869,49.80149443790437,6.1,86.0,-0.73,8.97
RNG,2022-01-03,186.47999572753906,192.6699981689453,181.1999969482422,192.41000366210938,782400,62.11755191173928,64.80260393785801,56.14453617881762,51.6906364945348,49.87587194758461,6.17,86.0,-0.77,8.82
RNG,2022-01-04,192.41000366210938,192.4499969482422,178.07000732421875,184.2899932861328,1037300,61.14371431223129,65.14500036543238,56.50673071259098,51.84341652020078,50.03477377871886,6.25,86.0,-0.8,8.58
RNG,2022-01-05,181.1300048828125,184.8800048828125,173.6199951171875,174.11000061035156,879800,60.89598476954454,66.02735016566896,57.13708479498371,52.22343192254591,50.25889957393108,6.33,96.0,-0.78,8.19
RNG,2022-01-06,172.88999938964844,180.6699981689453,168.39999389648438,173.08999633789062,993800,60.889425695363556,66.00079572511865,56.952499376623265,52.21267677241991,50.05478330752151,6.41,93.0,-0.78,8.3
RNG,2022-01-07,172.14999389648438,179.41000366210938,171.52999877929688,172.35000610351562,665800,59.78515531478566,64.76590814292858,56.95233547775367,52.18457548826997,50.054802417021804,6.48,92.0,-0.79,8.3
RNG,2022-01-10,167.22999572753906,175.00999450683594,165.50999450683594,174.42999267578125,1957600,59.852802788288315,64.85141090740383,56.88169119770444,52.11155541602517,50.072586006120424,6.55,88.0,-0.8,8.37
RNG,2022-01-11,177.41000366210938,190.5500030517578,175.5,189.6199951171875,1625000,65.49847494295011,67.34209041687016,58.513281962570865,53.11694482289179,50.80008304746349,6.64,100.0,-0.83,7.39
RNG,2022-01-12,191.39999389648438,194.39999389648438,182.61000061035156,188.2100067138672,1184500,65.15322073163861,67.05278694811524,58.51668020587795,53.10332257719238,50.80150417817939,6.72,100.0,-0.85,7.4
RNG,2022-01-13,188.52000427246094,190.25999450683594,178.5,180.5399932861328,847300,62.18730502123668,67.43825691218139,58.77305937490369,53.254489074662736,50.87762672422538,6.8,100.0,-0.86,7.28
RNG,2022-01-14,180.47000122070312,182.0399932861328,172.17999267578125,176.61000061035156,1074300,62.42315829365139,67.52422296682151,58.768252286939685,53.285492712164206,50.909872909687095,6.88,99.0,-0.86,7.32
RNG,2022-01-18,171.9199981689453,177.39999389648438,166.5800018310547,167.33999633789062,1242400,63.80206299837553,67.90449900163583,59.29632922616581,53.60922722029664,51.16318947613081,6.96,100.0,-0.83,7.03
RNG,2022-01-19,168.49000549316406,175.77000427246094,167.0500030517578,168.77000427246094,965100,62.96929330080299,67.96358621307566,59.33047783729813,53.21446084175591,51.14840195552098,7.03,100.0,-0.82,7.0
RNG,2022-01-20,173.4499969482422,179.49000549316406,168.47999572753906,169.14999389648438,1013600,61.294179877113145,67.96967138551695,59.28112067329189,53.18278979075297,51.147710781292645,7.1,98.0,-0.82,7.04
RNG,2022-01-21,168.47999572753906,172.1199951171875,164.60000610351562,167.3300018310547,1276800,60.45704722128129,67.9660437002571,59.29031407513943,51.7172602288691,51.06928372477662,7.16,98.0,-0.81,7.04
RNG,2022-01-24,162.52000427246094,174.77000427246094,160.38999938964844,173.5399932861328,1190600,46.85472469205549,68.45974315602963,59.61212253872711,51.89458891456321,51.223570832620204,7.22,100.0,-0.81,6.79
RNG,2022-01-25,170.47000122070312,172.1300048828125,158.8800048828125,159.47000122070312,1038700,52.5698772165916,69.99284123438487,60.655749689939334,52.76930421101858,51.81840307339739,7.3,100.0,-0.77,6.42
RNG,2022-01-26,163.58999633789062,166.72999572753906,155.8000030517578,157.49000549316406,1035800,52.2018174339235,69.9871291734121,60.608683205739474,52.6922146317481,51.67364492643147,7.37,99.0,-0.74,6.44
RNG,2022-01-27,159.91000366210938,166.25999450683594,155.32000732421875,156.4600067138672,845400,52.1227179888933,69.4384345995218,60.56964842773445,52.25470183416003,51.55707442725897,7.44,98.0,-0.71,6.46
RNG,2022-01-28,157.3300018310547,164.60000610351562,155.10000610351562,162.5800018310547,855600,53.46483064750976,70.05517881795154,60.68548193165686,52.119086156149066,51.712194115317246,7.5,100.0,-0.72,6.33
RNG,2022-01-31,164.1999969482422,176.9499969482422,164.0,176.49000549316406,1052200,58.60378912069882,72.2155014546693,62.13782373708929,53.04680221175661,52.24187448868211,7.58,100.0,-0.74,5.64
RNG,2022-02-01,176.64999389648438,178.3800048828125,170.75,175.36000061035156,777000,57.31165260406307,72.20860425256394,62.10353556825273,53.01104675473181,52.08079026778134,7.66,99.0,-0.77,5.66
RNG,2022-02-02,176.02000427246094,176.27999877929688,165.44000244140625,168.24000549316406,659700,57.95403096626662,72.44584718671935,61.7706815748875,53.17923228601893,52.19481477559147,7.73,98.0,-0.81,5.8
RNG,2022-02-03,164.80999755859375,166.97000122070312,155.49000549316406,155.74000549316406,1456400,61.03684487154107,73.90474385999684,62.87311603685289,53.74794834240182,52.70878947616122,7.82,100.0,-0.83,5.38
RNG,2022-02-04,158.3000030517578,162.27000427246094,154.72000122070312,161.49000549316406,1588300,62.33115451471869,74.32838906975766,63.16459044417005,53.707943230380636,52.772428403271284,7.9,100.0,-0.87,5.2
RNG,2022-02-07,161.49000549316406,165.9499969482422,158.9199981689453,160.32000732421875,976000,62.32732662606054,62.50519636067977,63.15427915638533,53.61539392739927,52.76633695390803,7.98,99.0,-0.9,5.22
RNG,2022-02-08,159.97999572753906,167.3000030517578,158.32000732421875,166.7899932861328,1227600,63.71654567466636,62.86328137051086,63.335899538599485,53.82821155680646,52.73567365250427,8.05,100.0,-0.93,5.12
RNG,2022-02-09,168.61000061035156,173.77999877929688,165.7899932861328,173.05999755859375,1008600,64.8280049268981,63.17502125214235,63.35243605741469,53.8786362409586,52.88369860247428,8.12,100.0,-0.93,5.12
RNG,2022-02-10,172.25999450683594,179.1699981689453,168.52999877929688,173.27999877929688,978600,64.76715109008032,62.81696221284992,63.30668895644851,53.79155902817471,52.8783931492939,8.19,98.0,-0.94,5.13
RNG,2022-02-11,173.57000732421875,177.2899932861328,165.52000427246094,167.1199951171875,758600,65.38511321492034,62.88388140344063,63.41684090051933,53.93563198657644,52.89598583010605,8.26,100.0,-0.96,5.08
RNG,2022-02-14,166.2100067138672,173.4600067138672,165.19000244140625,168.16000366210938,647100,64.7197199997088,62.64990770600818,63.43314131984491,53.902567615296306,52.895247572526515,8.32,100.0,-0.97,5.07
RNG,2022-02-15,171.1199951171875,173.72000122070312,167.77999877929688,173.1199951171875,723900,64.82169537774293,63.0406213889877,63.61843048818921,53.87594244459455,52.879522351461425,8.38,100.0,-0.98,4.96
RNG,2022-02-16,169.83999633789062,169.83999633789062,162.7100067138672,164.94000244140625,1058500,65.11965421536358,62.693855169497745,64.03282897026587,54.12455232695177,53.05736850312792,8.43,100.0,-0.99,4.8
RNG,2022-02-17,163.97000122070312,163.97000122070312,154.1199951171875,156.30999755859375,1084300,64.90689871247528,62.46609357241062,64.53041813992883,54.36393364240922,53.27692353285419,8.48,100.0,-0.99,4.62
RNG,2022-02-18,154.30999755859375,155.38999938964844,143.7899932861328,146.8800048828125,1881100,67.09668228614792,63.53997612209308,65.10374572174983,54.81780371612215,53.19773153747752,8.49,100.0,-0.99,4.41
RNG,2022-02-22,146.14999389648438,150.85000610351562,144.7899932861328,147.63999938964844,2271900,67.16703188685968,63.09882666735046,65.11112921851966,54.721214319458376,53.178922224881276,8.5,100.0,-1.0,4.4
RNG,2022-02-23,146.16000366210938,146.64999389648438,121.08999633789062,124.05999755859375,4786000,82.84421826020011,71.69226687858432,70.33857321133117,58.33929654071205,55.834351345750875,8.59,100.0,-0.88,4.66
RNG,2022-02-24,119.01000213623047,130.89999389648438,117.48999786376953,130.32000732421875,2619700,79.98030299432179,72.70768679720115,70.31973699213856,58.53937187945931,55.95007136169847,8.68,99.0,-0.83,4.66
RNG,2022-02-25,127.05000305175781,130.7899932861328,123.94000244140625,127.69999694824219,1406600,79.99664995433442,72.64004290663267,69.88941194586045,58.46724106780156,55.929296740900256,8.75,98.0,-0.8,4.84
RNG,2022-02-28,127.2699966430664,133.41000366210938,126.5,130.83999633789062,2300500,80.22349483850752,71.41078041517534,70.03941638147185,58.46798259821282,55.94748974439268,8.8,98.0,-0.8,4.77
RNG,2022-03-01,129.64999389648438,132.38999938964844,125.36000061035156,125.83000183105469,922700,80.58267716847547,71.70720068662607,70.0498512089432,58.61059806061054,55.94324655874345,8.85,98.0,-0.8,4.77
RNG,2022-03-02,126.98999786376953,127.12000274658203,119.83000183105469,125.7699966430664,948700,79.60943271189453,71.62289188730897,69.27656894332837,58.542837663072014,55.18618060612742,8.88,95.0,-0.79,5.07
RNG,2022-03-03,124.91000366210938,124.91000366210938,117.56999969482422,119.56999969482422,1225100,80.28466990552158,71.68633277615733,69.50479029525215,58.77908257005499,55.35127635117959,8.91,95.0,-0.76,4.97
RNG,2022-03-04,121.0,122.94999694824219,113.47000122070312,114.31999969482422,1420300,80.74529778557313,71.23628254787086,69.76359204661802,58.51759254037041,55.46237373252818,8.94,95.0,-0.73,4.86
RNG,2022-03-07,116.56999969482422,118.30999755859375,110.8499984741211,112.91999816894531,1245600,80.74284623709967,70.82339255337585,69.74394869760665,58.48294911450401,55.44896236942266,8.94,94.0,-0.71,4.87
RNG,2022-03-08,111.22000122070312,117.31999969482422,110.9000015258789,111.44999694824219,984900,79.36592935515375,65.37489060871363,69.00156784006656,58.49038193607321,55.031018893042585,8.94,91.0,-0.67,5.18
RNG,2022-03-09,113.95999908447266,118.4000015258789,113.95999908447266,116.04000091552734,966100,78.06734396467903,66.13564409197792,69.40775693094707,58.52151412018094,55.2125226983084,8.93,92.0,-0.66,5.0
RNG,2022-03-10,113.02999877929688,113.22000122070312,107.30000305175781,110.75,1226100,78.764356967153,66.40711046001032,69.69061490661986,58.725819110604725,55.18145114369191,8.92,93.0,-0.64,4.88
RNG,2022-03-11,112.33999633789062,112.33999633789062,103.2699966430664,103.44000244140625,1567600,80.42589014768468,67.50398790189203,70.13510540484465,59.124361883669806,55.53989340873821,8.9,98.0,-0.6,4.72
RNG,2022-03-14,103.0999984741211,104.44000244140625,98.91000366210938,99.6500015258789,1382500,79.14168891276192,67.71107794347024,70.2332185809693,59.23920315014214,55.63187149189298,8.87,98.0,-0.56,4.69
RNG,2022-03-15,100.31999969482422,102.83999633789062,98.9800033569336,102.5,1213300,74.7370261958479,68.10354860470763,70.48022750591522,59.320133839711445,55.56372946449686,8.84,100.0,-0.54,4.58
RNG,2022-03-16,103.58999633789062,108.5999984741211,102.0999984741211,107.79000091552734,1555000,77.27479204121704,68.42823838544247,70.87226123433526,59.68604530566785,55.83422024713368,8.8,100.0,-0.53,4.44
RNG,2022-03-17,108.16999816894531,116.26000213623047,106.26000213623047,115.12999725341797,1439300,80.42653105603709,69.84789444134827,71.83562496982604,60.139166252541884,56.20684461765569,8.76,100.0,-0.52,4.11
RNG,2022-03-18,113.73999786376953,123.55000305175781,113.41999816894531,122.54000091552734,2296600,80.86329405122748,71.03151742065428,72.68358563281723,60.667489709910505,56.592712954028215,8.72,100.0,-0.51,3.83
RNG,2022-03-21,120.30000305175781,124.33999633789062,117.80000305175781,121.58999633789062,1252500,79.76924995327384,71.02919874419457,72.6792972837677,60.66453064011611,56.55407709348389,8.67,99.0,-0.5,3.83
RNG,2022-03-22,120.58999633789062,129.72000122070312,120.58999633789062,126.9000015258789,1314900,81.19291457463268,71.77436957093292,73.0738626376478,60.59790625139525,56.7355952007539,8.61,100.0,-0.49,3.69
RNG,2022-03-23,123.25,127.62000274658203,121.0,122.91999816894531,1297200,80.20595586196674,71.950817226127,72.97513178149887,60.673490128899175,56.59221994151734,8.54,99.0,-0.46,3.73
RNG,2022-03-24,124.38999938964844,124.38999938964844,118.02999877929688,122.56999969482422,1153700,78.99682616165697,71.9312597712824,72.97049015961645,60.626927891479234,56.539987621397955,8.45,98.0,-0.43,3.74
RNG,2022-03-25,123.38999938964844,123.56999969482422,114.5,117.98999786376953,1090000,79.26698391189379,72.13530324878381,72.82934449576989,60.73419456970149,56.58139240721536,8.36,97.0,-0.4,3.79
RNG,2022-03-28,119.62999725341797,121.9000015258789,116.36000061035156,119.76000213623047,1083900,79.34006091363952,72.24170225540288,72.90044619566818,60.72119635577874,56.572606995319994,8.24,97.0,-0.37,3.76
RNG,2022-03-29,122.58000183105469,128.27999877929688,121.58000183105469,128.14999389648438,1181700,82.4480797096064,73.6147039621893,73.76816532935588,61.31404326273405,57.00106911170387,8.13,100.0,-0.32,3.51
RNG,2022-03-30,126.47000122070312,127.63999938964844,121.23999786376953,121.66999816894531,714200,82.53366079129971,73.87105602096527,74.11492806390592,61.51495189300802,57.056978804896765,8.01,100.0,-0.27,3.4
RNG,2022-03-31,122.0199966430664,122.4800033569336,117.0999984741211,117.20999908447266,1066800,82.16841112901282,73.76202770372254,74.20001394271145,61.601979086009564,57.0910108383937,7.87,100.0,-0.22,3.37
RNG,2022-04-01,118.26000213623047,122.4000015258789,117.56999969482422,121.16999816894531,732400,82.1390714778211,73.50053175547218,74.46303932401463,61.712981602419326,57.17470927469917,7.7,100.0,-0.17,3.28
RNG,2022-04-04,122.0,126.05999755859375,122.0,124.80000305175781,928200,81.22215580206644,73.86097428017116,74.62379529351351,61.44538090239491,57.186129196366466,7.5,100.0,-0.11,3.23
RNG,2022-04-05,125.0,125.25,118.75,121.4800033569336,810300,81.39160006503981,73.99177833147799,67.96063301970918,61.30297674709042,57.2330212376156,7.44,71.0,-0.24,1.69
RNG,2022-04-06,119.04000091552734,119.20999908447266,114.0199966430664,117.01000213623047,982800,64.92884316667667,74.17736909142809,67.87584677480464,61.421128022033756,57.25627196685702,7.37,70.0,-0.32,1.71
RNG,2022-04-07,116.79000091552734,120.18000030517578,111.72000122070312,115.06999969482422,833000,63.20216146050572,71.77963259973697,67.67611495648018,61.383223751366685,57.2520322586424,7.29,69.0,-0.56,1.74
RNG,2022-04-08,114.33000183105469,115.04000091552734,111.16000366210938,111.80000305175781,969300,63.439258309423465,71.90213022755147,67.55491955751793,61.40232186635978,57.30204115003893,7.22,68.0,-0.76,1.78
RNG,2022-04-11,110.0,114.80000305175781,108.25,112.23999786376953,717400,62.91038931915883,71.61653258355837,67.47401266071411,61.390626416991125,57.2417008791121,7.14,67.0,-0.93,1.82
RNG,2022-04-12,114.04000091552734,115.86000061035156,107.94000244140625,108.05999755859375,1033100,62.86004901766058,71.82472710376148,67.49447458990095,61.4254013326322,57.321784734511105,7.06,67.0,-1.05,1.82
RNG,2022-04-13,106.37000274658203,110.77999877929688,105.5,110.23999786376953,1123800,63.26813238995443,71.41051434779159,67.63330968612574,61.45478714695081,57.271865425923544,6.98,68.0,-1.19,1.8
RNG,2022-04-14,111.44999694824219,111.44999694824219,105.80000305175781,106.62000274658203,940300,62.36913188373251,71.53906679993726,67.26197102425404,61.54531996886073,57.34161693714213,6.9,64.0,-1.25,1.91
RNG,2022-04-18,106.93000030517578,107.1500015258789,101.16999816894531,102.62000274658203,887700,62.01671970555823,71.78045370682644,66.91452771296785,61.635736250474324,57.42140973321415,6.82,63.0,-1.26,2.0
RNG,2022-04-19,102.45999908447266,107.11000061035156,101.4000015258789,105.44000244140625,781200,62.58514740406971,72.14420346176543,67.13725415614002,61.723183846455456,57.46006894652689,6.74,63.0,-1.27,1.96
RNG,2022-04-20,105.2300033569336,105.43000030517578,99.30999755859375,99.33999633789062,1242800,64.6982809356229,72.319075014956,67.3605263595353,62.05580553377133,57.71735587524303,6.65,64.0,-1.31,1.85
RNG,2022-04-21,100.36000061035156,102.18000030517578,91.62999725341797,93.12000274658203,1890200,65.61782687913272,71.54569612503035,67.89452169760047,62.32660251785253,58.01785197465289,6.56,70.0,-1.36,1.69
RNG,2022-04-22,93.2300033569336,95.4800033569336,90.56999969482422,91.44999694824219,1023500,64.64534457881875,71.5667067353463,67.90970250245232,62.22259576621574,58.018125656702026,6.47,70.0,-1.4,1.68
RNG,2022-04-25,90.70999908447266,93.3499984741211,89.72000122070312,92.43000030517578,1703800,62.074500144235444,71.67931031177908,67.9109090061962,62.250151731732,57.96425323465756,6.37,70.0,-1.43,1.7
RNG,2022-04-26,91.31999969482422,91.68000030517578,85.02999877929688,85.16999816894531,1384700,65.41345473263763,72.52943323290604,67.96320447899758,62.3767918767855,58.46968043715166,6.29,71.0,-1.4,1.69
RNG,2022-04-27,85.05000305175781,87.69000244140625,83.66000366210938,83.81999969482422,1156300,64.7006198889513,69.90314567481265,67.96898787364763,62.35736917871186,58.47281354839913,6.2,71.0,-1.38,1.68
RNG,2022-04-28,86.0,88.2699966430664,83.06999969482422,87.44000244140625,1322300,64.12415302868366,70.78832222198571,68.39051511444563,62.59286316778784,58.643372526496194,6.11,71.0,-1.37,1.63
RNG,2022-04-29,86.94000244140625,92.5199966430664,84.72000122070312,84.8499984741211,940800,60.5838045015801,70.62155599396243,68.17375137204547,62.653096644888784,58.68215876520999,6.02,70.0,-1.36,1.64
RNG,2022-05-02,85.20999908447266,87.54000091552734,83.77999877929688,87.2300033569336,1223400,57.740344813482395,69.71284180511961,67.9146393987852,62.77185260082967,58.76896431135742,5.93,66.0,-1.38,1.69
RNG,2022-05-03,86.61000061035156,88.04000091552734,84.0199966430664,84.94999694824219,1204300,57.89474341338323,69.13118389866524,67.73237884821765,62.740320523240875,58.55615381671123,5.82,61.0,-1.43,1.7
RNG,2022-05-04,85.37999725341797,89.38999938964844,80.4800033569336,88.76000213623047,1871500,57.98824968147517,70.02849820987313,64.85222954698558,63.014645212366496,58.741000214832404,5.77,49.0,-1.43,1.58
RNG,2022-05-05,88.1500015258789,88.1500015258789,79.56999969482422,81.30000305175781,1445900,61.800097737162,71.04626703711645,66.09302002681196,63.68433168747336,58.425987616772815,5.71,51.0,-1.41,1.35
RNG,2022-05-06,80.66000366210938,80.88999938964844,75.18000030517578,76.41000366210938,2056100,63.25388563642289,71.03221927619849,66.51717712845922,64.00362597383142,58.69583833536412,5.66,51.0,-1.38,1.23
RNG,2022-05-09,74.58999633789062,74.58999633789062,68.37999725341797,68.66000366210938,3306100,68.31293905160352,73.48288792625522,68.30343964084017,65.09055991474312,59.54987587227782,5.61,70.0,-1.33,1.04
RNG,2022-05-10,74.55000305175781,75.91000366210938,66.0,68.48999786376953,4582700,67.76852382432608,73.40072797368276,68.29532858619598,65.04377326570584,59.4824333839963,5.56,69.0,-1.29,1.05
RNG,2022-05-11,67.6500015258789,69.8499984741211,61.599998474121094,61.650001525878906,3330100,67.154320939522,75.55467185968791,69.92789187988305,66.01003133254511,60.06807449946461,5.51,79.0,-1.23,0.87
RNG,2022-05-12,60.41999816894531,63.43000030517578,59.040000915527344,61.970001220703125,4003100,67.1605188742389,75.0934240239969,69.48817387471138,66.02768476987164,59.880331412899466,5.47,73.0,-1.18,0.94
RNG,2022-05-13,63.81999969482422,69.79000091552734,63.720001220703125,69.30000305175781,2671100,77.41993945481865,79.3020266547771,71.98536517206637,67.52856618918983,60.99849549048071,5.44,88.0,-1.17,0.98
RNG,2022-05-16,66.55999755859375,68.30000305175781,62.34000015258789,62.58000183105469,2900900,79.60725235539368,80.92334743291842,73.23166613065999,68.41177721961755,61.751286671383966,5.43,95.0,-1.14,0.84
RNG,2022-05-17,63.7400016784668,65.11000061035156,59.369998931884766,64.19999694824219,2752600,79.39240608997149,80.74668188994242,73.45887521313237,68.5251912684071,61.79297257579349,5.42,95.0,-1.13,0.8
RNG,2022-05-18,62.79999923706055,64.38999938964844,59.81999969482422,60.13999938964844,1968600,80.36688425192541,81.33005958679507,73.95159383030328,68.85797705970886,61.95977415614228,5.41,96.0,-1.11,0.71
RNG,2022-05-19,60.060001373291016,65.05000305175781,59.52000045776367,64.73999786376953,2087800,85.00486685012258,76.33050159306633,75.17246875716013,69.35330735150337,62.29958192911352,5.41,100.0,-1.11,0.59
RNG,2022-05-20,66.05000305175781,66.86000061035156,61.93000030517578,64.4000015258789,1655600,85.10486877705237,75.30902933899159,75.15021374016251,69.33407248707685,62.2528382199529,5.4,99.0,-1.11,0.6
RNG,2022-05-23,63.63999938964844,64.30000305175781,61.41999816894531,62.130001068115234,1840500,85.19769213108515,75.45216810349949,75.19740107547001,69.40277111236084,62.322044079169935,5.38,100.0,-1.11,0.58
RNG,2022-05-24,61.9900016784668,62.04999923706055,56.95000076293945,57.90999984741211,2203400,86.13071789174765,75.99806590940595,75.72955572715142,69.69357410783482,62.54652130481894,5.35,100.0,-1.11,0.49
RNG,2022-05-25,57.689998626708984,61.13999938964844,57.27000045776367,60.560001373291016,1360100,88.11654143128077,76.73554603050964,76.1511641051829,69.95384940237143,62.68105785811068,5.32,100.0,-1.11,0.45
RNG,2022-05-26,59.61000061035156,63.36000061035156,59.0,61.95000076293945,1278500,88.22534136866918,77.0329241659712,76.103553150704,70.03737672732548,62.74490021146235,5.28,99.0,-1.13,0.45
RNG,2022-05-27,63.84000015258789,66.41000366210938,63.459999084472656,65.83999633789062,2762600,91.09431739018615,78.0182601324374,76.78601292378964,70.23332123389427,63.061556018827694,5.26,100.0,-1.13,0.4
RNG,2022-05-31,66.11000061035156,66.87000274658203,62.75,63.13999938964844,2018000,91.17724075577375,77.96277198275357,76.59183854870582,70.33755644781779,63.089142504729914,5.24,99.0,-1.13,0.43
RNG,2022-06-01,63.93000030517578,66.5999984741211,62.18000030517578,62.880001068115234,1061100,90.33381295638829,77.96996321920379,76.59482300059877,70.33335688358798,63.06319972078551,5.2,99.0,-1.12,0.43
RNG,2022-06-02,62.689998626708984,68.54000091552734,62.15999984741211,67.9800033569336,2063600,93.47316373258884,80.0110097440855,77.85752536416307,71.03314046779984,63.564094686618766,5.18,100.0,-1.11,0.33
RNG,2022-06-03,66.22000122070312,67.12000274658203,63.27000045776367,63.540000915527344,1359800,93.61628273749709,80.26715239426358,78.32609890633016,71.28490695085928,63.86939495107533,5.16,100.0,-1.1,0.26
RNG,2022-06-06,64.2300033569336,65.4000015258789,61.220001220703125,61.58000183105469,1965000,93.76056988990777,80.029579296569,76.94222348447806,71.15921539370869,63.84561998129704,5.14,98.0,-1.12,0.34
RNG,2022-06-07,60.849998474121094,63.20000076293945,60.279998779296875,61.79999923706055,2698700,93.62628393302171,79.13590659245443,76.9759433254885,71.15857897729163,63.848395328353824,5.11,98.0,-1.13,0.33
RNG,2022-06-08,61.5099983215332,63.099998474121094,61.4900016784668,62.59000015258789,1589600,91.61297704413045,79.02390536626093,76.91149935623591,71.16017551869851,63.773877505365206,5.08,96.0,-1.13,0.35
RNG,2022-06-09,61.58000183105469,62.0,58.02000045776367,58.029998779296875,2174600,93.54787528446974,79.86731580745548,77.582518216293,71.6198240934317,64.07923156282965,5.06,98.0,-1.13,0.26
RNG,2022-06-10,56.93000030517578,57.04999923706055,53.75,54.27000045776367,1757100,93.37266536997473,79.73382130007214,77.79349311305471,71.94574749711109,64.29528468600844,5.04,98.0,-1.11,0.23
RNG,2022-06-13,51.630001068115234,53.22999954223633,50.0,50.29999923706055,2008500,94.91278404013505,79.15622367915957,78.4004912767472,72.39469125383707,64.66570680750742,5.03,100.0,-1.08,0.15
RNG,2022-06-14,50.529998779296875,51.560001373291016,48.529998779296875,48.689998626708984,1759600,94.02695712997901,77.63007816647577,78.43280302527752,72.45151977175273,64.68122758733088,5.01,100.0,-1.05,0.14
RNG,2022-06-15,50.79999923706055,54.75,50.2400016784668,54.099998474121094,2735000,100.69625639282864,81.47111473108495,80.63194941012368,73.65762934364611,65.62880388492177,5.02,100.0,-1.03,0.11
RNG,2022-06-16,52.09000015258789,52.77000045776367,49.130001068115234,49.63999938964844,1865700,101.1298302481078,81.94746236244687,81.12899033575482,74.2389562835963,65.8031515415187,5.04,100.0,-1.01,0.07
RNG,2022-06-17,49.869998931884766,53.349998474121094,49.34000015258789,52.22999954223633,3884500,100.962362305434,82.9950416245214,80.91598093712354,74.46384262096512,66.02602663152449,5.07,99.0,-0.99,0.09
RNG,2022-06-21,53.4900016784668,53.95000076293945,51.81999969482422,51.939998626708984,1581000,99.98608964389075,82.98095236170875,80.9205486433814,74.14301562065623,66.02601030442175,5.1,99.0,-0.96,0.09
RNG,2022-06-22,51.220001220703125,54.43000030517578,51.220001220703125,52.45000076293945,1941200,96.08943426671185,82.97492913702446,80.9853387576699,73.95146589486241,65.89785639434412,5.11,99.0,-0.92,0.08
RNG,2022-06-23,52.63999938964844,57.09000015258789,51.869998931884766,56.95000076293945,2114300,99.66379893054574,85.0843816059989,81.96081878161236,74.71014116246141,66.49826962118323,5.14,100.0,-0.89,0.04
RNG,2022-06-24,57.75,61.849998474121094,57.689998626708984,61.79999923706055,4003500,98.23423001381207,85.69435698017905,81.95036064033066,75.35936534174829,67.03666709299479,5.18,99.0,-0.88,0.04
RNG,2022-06-27,61.2400016784668,62.5099983215332,58.060001373291016,58.91999816894531,1928200,99.18758837979425,85.61606683100675,82.1601242769853,75.09478536647897,67.16337042102039,5.23,100.0,-0.87,0.01
RNG,2022-06-28,58.779998779296875,59.84000015258789,56.11000061035156,56.720001220703125,2165500,93.64359844404882,85.62511633673225,82.12975389968103,75.10491309246375,67.19864809878166,5.25,99.0,-0.85,0.01
RNG,2022-06-29,56.189998626708984,57.54999923706055,55.099998474121094,55.38999938964844,2027900,89.37043991483118,85.13157407725534,81.46643703029393,75.1251568578272,67.21603047380981,5.28,96.0,-0.8,0.08
RNG,2022-06-30,54.56999969482422,54.56999969482422,51.029998779296875,52.2599983215332,1587700,90.24871104485126,85.15566240884257,81.47075250907142,75.34587622754266,67.32825500060984,5.3,96.0,-0.76,0.08
RNG,2022-07-01,52.959999084472656,55.29999923706055,51.70000076293945,55.22999954223633,1965700,90.22810139924418,86.30202709447228,82.1513130989944,75.32891275924179,67.6135963131913,5.33,99.0,-0.71,0.01
RNG,2022-07-05,54.97999954223633,61.41999816894531,54.060001373291016,61.33000183105469,2290900,92.92634474225598,89.45400460195253,83.80128193295481,76.49690700172982,68.52028133451931,5.39,100.0,-0.68,-0.0
RNG,2022-07-06,57.93000030517578,59.880001068115234,54.13999938964844,55.36000061035156,3111400,97.3986408424264,91.40027041468909,84.72936318323846,77.31660461732461,68.97255696487218,5.46,100.0,-0.71,-0.04
RNG,2022-07-07,55.38999938964844,59.439998626708984,54.810001373291016,59.29999923706055,1862800,99.22356857366401,92.81851337711912,85.65827728686511,77.74280447661444,69.38094461169081,5.55,100.0,-0.77,-0.12
RNG,2022-07-08,58.08000183105469,61.0,56.5099983215332,56.91999816894531,1216700,97.80915628061831,92.9748564745947,85.69768621214672,77.818617968567,69.44210472770452,5.62,100.0,-0.81,-0.13
RNG,2022-07-11,56.0,56.150001525878906,51.790000915527344,52.119998931884766,1327800,100.01349139079227,94.14899624798714,86.52572708011571,78.39250397106082,69.9037468251858,5.71,100.0,-0.9,-0.19
RNG,2022-07-12,52.29999923706055,53.939998626708984,50.63999938964844,51.13999938964844,1468800,99.73962769399499,93.91945898236227,86.28511821558908,78.2860700760314,69.88377286827708,5.78,99.0,-1.13,-0.16
RNG,2022-07-13,50.04999923706055,52.130001068115234,48.95000076293945,50.2599983215332,1196000,97.70986527866037,93.82678641579678,86.0940279258018,78.28624873134471,69.88772614373931,5.85,98.0,-1.32,-0.14
RNG,2022-07-14,50.2400016784668,50.560001373291016,47.869998931884766,47.93000030517578,1318900,97.88672313930643,93.95376166751966,86.02212915589467,78.41751819420357,69.97762505068854,5.91,97.0,-1.44,-0.13
RNG,2022-07-15,48.439998626708984,49.83000183105469,47.560001373291016,49.0,950000,98.29822759057605,93.86836606546872,85.80547862160695,78.50317786533485,70.02060538909075,5.97,96.0,-1.49,-0.11
RNG,2022-07-18,49.68000030517578,51.68000030517578,49.400001525878906,49.56999969482422,951900,95.06281518468917,93.4843733123165,85.84215717024732,78.52965963429125,70.00489245575065,6.02,96.0,-1.58,-0.12
RNG,2022-07-19,51.119998931884766,53.27000045776367,49.810001373291016,53.220001220703125,1283200,96.3175994889098,94.32690517367182,82.74947905292926,78.97548068600582,70.20490572037889,6.07,90.0,-1.55,-0.64
RNG,2022-07-20,53.630001068115234,58.58000183105469,53.34000015258789,58.34000015258789,1542500,100.03725367183472,96.55523038932633,83.77622774643139,79.85730067665797,70.75161456021664,6.13,90.0,-1.54,-0.64
RNG,2022-07-21,57.56999969482422,58.959999084472656,56.689998626708984,58.2599983215332,1846500,100.02446555688896,96.49008833884177,83.75954921715353,79.69994818667007,70.74707827494684,6.19,89.0,-1.52,-0.64
RNG,2022-07-22,58.0,59.630001068115234,53.939998626708984,55.18000030517578,1526800,101.05107303804941,95.74996141360737,83.92114618469142,79.88037264147346,70.87274992160259,6.24,91.0,-1.51,-0.64
RNG,2022-07-25,54.619998931884766,55.189998626708984,53.02000045776367,54.189998626708984,1123100,98.86845299769287,95.75924716399028,83.79374208040986,79.84631396084441,70.84930206582068,6.29,89.0,-1.48,-0.63
RNG,2022-07-26,53.290000915527344,53.470001220703125,51.029998779296875,51.220001220703125,1606600,98.31071275329943,95.7130738786358,84.1278418969198,80.04264897005217,71.01498069955886,6.33,91.0,-1.45,-0.65
RNG,2022-07-27,52.90999984741211,53.650001525878906,51.439998626708984,53.0,1782100,96.26373347886125,96.01142689827883,84.13717546926134,80.1694366604726,71.08208866623751,6.38,91.0,-1.41,-0.67
RNG,2022-07-28,52.34000015258789,54.52000045776367,50.43000030517578,52.86000061035156,1492900,95.7272812995517,95.73320585226762,83.93433459001506,80.16902998084599,71.05332812393789,6.42,89.0,-1.36,-0.66
RNG,2022-07-29,50.7400016784668,50.7400016784668,47.279998779296875,49.4900016784668,3689300,92.58927390844352,96.39006669253156,84.43821464200487,80.4212517285216,71.30126507557375,6.46,91.0,-1.31,-0.69
RNG,2022-08-01,48.91999816894531,50.540000915527344,48.040000915527344,48.709999084472656,1853500,89.29390420838801,95.76585307683347,84.44344239358946,76.9882808506667,71.28206473554548,6.49,91.0,-1.25,-0.69
RNG,2022-08-02,48.119998931884766,50.97999954223633,47.45000076293945,49.70000076293945,4286000,88.19124710831024,94.56799378085427,84.2075198903168,76.95774117426647,71.30935549138698,6.52,89.0,-1.19,-0.67
RNG,2022-08-03,54.68000030517578,55.0,51.869998931884766,53.040000915527344,4122900,90.26891429973965,95.06302862533387,84.78333472695266,77.35400621743712,71.66799504892491,6.55,92.0,-1.13,-0.72
RNG,2022-08-04,53.709999084472656,54.43000030517578,48.63999938964844,49.0,3482100,93.13148086720587,93.97026708329493,85.00099156827558,77.70638782383018,71.9651117780545,6.59,92.0,-1.07,-0.72
RNG,2022-08-05,48.08000183105469,49.29999923706055,47.33000183105469,47.75,3896300,89.81213894105144,94.05881745680522,84.917811322061,77.68212426636774,71.92022676976404,6.63,91.0,-1.02,-0.72
RNG,2022-08-08,48.790000915527344,54.47999954223633,48.310001373291016,52.150001525878906,5725400,90.37340323405692,93.69511642964974,86.08194836424364,78.46686808791439,72.54028411518793,6.68,97.0,-0.95,-0.75
RNG,2022-08-09,51.0,51.27000045776367,47.779998779296875,49.02000045776367,2845400,91.03754848155245,94.45676178404197,86.03110983324957,78.71573051558775,72.42646905308708,6.72,96.0,-0.87,-0.73
RNG,2022-08-10,51.0,52.9900016784668,51.0,52.869998931884766,2261200,93.50107566741002,92.8408299562691,86.25703101146482,79.11998640003361,72.87410843747799,6.78,98.0,-0.77,-0.73
RNG,2022-08-11,53.900001525878906,54.7599983215332,50.349998474121094,50.72999954223633,2416800,93.98840541970279,90.93255139316507,85.67891387455118,78.9763904942464,72.94204429992872,6.83,90.0,-0.66,-0.67
RNG,2022-08-12,51.66999816894531,53.880001068115234,51.5,53.0,3201600,93.42438453616789,91.25723808522972,86.08473729060664,79.21285170404443,73.11083512348769,6.88,96.0,-0.55,-0.72
RNG,2022-08-15,52.599998474121094,53.599998474121094,51.5099983215332,52.47999954223633,1613400,92.00044771187194,90.34767217383542,85.6948450777148,79.07560228593418,73.10639697110211,6.93,89.0,-0.45,-0.68
RNG,2022-08-16,51.619998931884766,51.619998931884766,48.04999923706055,50.16999816894531,3434200,87.04686714412887,89.35416199909056,85.8101644830311,79.16831908260504,73.16240978440712,6.97,91.0,-0.33,-0.68
RNG,2022-08-17,48.66999816894531,49.189998626708984,46.939998626708984,47.470001220703125,2542700,83.54677613396682,89.96519810235871,86.1187380596959,79.36282179079774,73.32531765125074,7.02,97.0,-0.2,-0.7
RNG,2022-08-18,47.099998474121094,48.09000015258789,46.310001373291016,47.779998779296875,2162900,80.66186131320698,89.76456196040054,86.03271097618406,79.34944186197338,73.28850472404262,7.06,93.0,-0.04,-0.7
RNG,2022-08-19,46.810001373291016,47.849998474121094,44.900001525878906,45.54999923706055,2642800,80.93428467886642,89.17398418698245,86.16429347241163,79.03271438605314,73.39032101105006,7.1,97.0,0.12,-0.7
RNG,2022-08-22,44.52000045776367,45.209999084472656,44.209999084472656,44.939998626708984,2634000,77.27821867334167,88.61114545694775,85.26764242675445,79.03331749995819,73.39061054055736,7.13,82.0,0.19,-0.62
RNG,2022-08-23,44.720001220703125,44.72999954223633,42.02000045776367,42.150001525878906,4027100,79.07561309942554,89.23664362877476,85.44035076071057,79.28310009385903,73.58311848344302,7.17,82.0,0.32,-0.63
RNG,2022-08-24,42.84000015258789,44.18000030517578,42.25,43.79999923706055,2385800,80.05212365499955,88.62872171280057,85.68256744242994,79.33113944452911,73.68980051877678,7.2,84.0,0.5,-0.67
RNG,2022-08-25,44.439998626708984,45.54999923706055,43.75,45.400001525878906,1828200,79.81672899434264,88.7465967974894,85.71751476758996,79.26738382063128,73.81387097427798,7.24,86.0,0.64,-0.67
RNG,2022-08-26,45.459999084472656,45.459999084472656,42.20000076293945,42.41999816894531,2161100,81.71398972375754,89.66195402665859,85.97409475616882,79.46604469902275,74.06558406435593,7.27,89.0,0.66,-0.67
RNG,2022-08-29,41.72999954223633,42.88999938964844,41.59000015258789,41.70000076293945,1418600,81.6374472386291,87.933421660766,85.94115669721202,77.89412254284545,74.04658985144658,7.24,88.0,0.7,-0.67
RNG,2022-08-30,42.459999084472656,43.5,41.56999969482422,42.790000915527344,1703400,78.94707761410154,87.31902826015494,86.02608477195224,77.99743942958257,74.11990815041091,7.21,90.0,0.79,-0.69
RNG,2022-08-31,44.08000183105469,44.900001525878906,42.56999969482422,43.040000915527344,2344100,73.29589963439473,87.20128435090209,86.05609887742432,77.95932119239805,74.12632917915865,7.17,92.0,0.87,-0.7
RNG,2022-09-01,42.099998474121094,42.72999954223633,40.59000015258789,42.70000076293945,1840900,73.25237114589615,87.17941192030287,86.00261031061906,77.954345070781,74.00940068455387,7.12,87.0,1.0,-0.7
RNG,2022-09-02,43.720001220703125,43.83000183105469,41.7400016784668,42.779998779296875,1667400,72.12385607211192,87.1075424517203,85.99498168370017,77.95106990680738,74.00056230906907,7.06,86.0,1.06,-0.7
RNG,2022-09-06,42.68000030517578,42.810001373291016,41.31999969482422,41.9900016784668,1529900,72.13022240887209,85.94607081400189,85.88774178598442,77.94079988254168,74.00073754176267,7.0,83.0,1.18,-0.69
RNG,2022-09-07,42.369998931884766,42.93000030517578,41.400001525878906,42.84000015258789,1376500,71.11663328794855,85.1287796474398,85.8883313965862,77.79604347026459,73.97632545229924,6.93,83.0,1.15,-0.69
RNG,2022-09-08,41.91999816894531,43.880001068115234,41.59000015258789,43.689998626708984,1291500,70.52711666647075,83.920175244649,85.92472439099745,77.78196502561762,74.01017945041659,6.86,83.0,1.14,-0.71
RNG,2022-09-09,44.40999984741211,45.720001220703125,44.40999984741211,45.619998931884766,1891600,71.97970276078706,84.19212887017122,86.18998935988981,77.92488526025663,74.17185003606038,6.77,97.0,1.22,-0.74
RNG,2022-09-12,46.04999923706055,46.75,45.29999923706055,46.619998931884766,1583900,69.98100197146525,81.37269624448274,86.1378468045631,78.0034275744343,74.03975715089989,6.68,95.0,0.97,-0.74
RNG,2022-09-13,43.70000076293945,46.0099983215332,43.349998474121094,45.119998931884766,2031600,70.43941335353412,79.75150233709533,85.83438572972416,78.05667001849488,74.07561674790715,6.59,77.0,0.89,-0.72
RNG,2022-09-14,45.0,45.11000061035156,43.45000076293945,44.84000015258789,1187900,70.11564739035863,79.00248933329448,85.35054890037924,78.05486320646217,74.07160497517121,6.49,67.0,0.99,-0.69
RNG,2022-09-15,44.36000061035156,46.25,44.11000061035156,44.75,1149900,67.05188571118804,79.0000351649013,85.33699161093772,78.0492455363357,74.0637926504462,6.39,66.0,1.1,-0.69
RNG,2022-09-16,43.540000915527344,43.7599983215332,41.65999984741211,42.36000061035156,3792200,65.07346285701973,79.68003559032175,85.6227261712424,78.22373787255007,74.1460875519278,6.28,68.0,1.08,-0.7
RNG,2022-09-19,42.099998474121094,43.02000045776367,41.5,42.84000015258789,1722300,64.92207909122621,77.71571748399239,84.84641865248395,78.24254042082886,74.0453637820121,6.17,61.0,1.28,-0.67
RNG,2022-09-20,42.36000061035156,44.61000061035156,42.29999923706055,43.40999984741211,2023600,59.08932706364216,75.70190742974464,84.8932282015608,78.20659109115734,74.06260211576232,6.04,61.0,1.5,-0.68
RNG,2022-09-21,43.58000183105469,44.689998626708984,42.470001220703125,43.0099983215332,1745200,56.69212744150385,75.20275634650653,84.53162897587762,78.09714795082087,74.0358509223741,5.92,57.0,1.59,-0.64
RNG,2022-09-22,42.86000061035156,43.220001220703125,41.310001373291016,41.65999984741211,2315500,51.87199214082848,75.09846056667962,84.54473625524352,78.03800537567825,74.07850303987232,5.78,57.0,1.72,-0.64
RNG,2022-09-23,41.11000061035156,41.84000015258789,40.09000015258789,40.79999923706055,2568000,51.0606705381491,75.0704364850352,84.38742422145617,77.8386983544761,74.08052912161878,5.63,53.0,1.57,-0.62
RNG,2022-09-26,40.689998626708984,42.619998931884766,39.900001525878906,40.540000915527344,1933000,48.719950961363054,74.25245975623245,84.33321777168796,77.83851794547486,74.08033767221644,5.47,52.0,1.39,-0.61
RNG,2022-09-27,41.47999954223633,42.349998474121094,39.540000915527344,40.61000061035156,1759500,48.81641408744464,73.22331615254413,83.94548872961205,77.84587353249283,74.08460592486611,5.2,48.0,0.09,-0.57
RNG,2022-09-28,40.68000030517578,42.810001373291016,40.630001068115234,42.720001220703125,2001200,50.45306284863115,70.54568580229564,83.46379245965288,78.11977123231785,74.27954234760227,4.96,41.0,-0.58,-0.58
RNG,2022-09-29,41.560001373291016,41.880001068115234,40.34000015258789,40.4900016784668,1292500,50.30838793555789,68.37336503523886,83.3316170124248,77.54589487750482,74.42860983875173,4.71,40.0,-0.96,-0.58
RNG,2022-09-30,40.38999938964844,41.439998626708984,39.77000045776367,39.959999084472656,1252200,50.23025782656026,66.62714087903336,81.76500705329073,77.54768531341243,74.36390558864416,4.5,33.0,-0.97,-0.55
RNG,2022-10-03,40.099998474121094,40.279998779296875,37.189998626708984,39.709999084472656,2519900,48.64136293673099,66.24067987584728,81.76376081587597,77.44865639740952,74.14424829506781,4.27,32.0,-1.0,-0.55
RNG,2022-10-04,40.91999816894531,42.72999954223633,40.88999938964844,42.68000030517578,1783400,53.376706002386854,65.89681052516877,81.09968499404407,78.0148783189249,74.39749731977895,4.08,28.0,-0.97,-0.61
RNG,2022-10-05,41.68000030517578,42.56999969482422,40.54999923706055,42.189998626708984,1729600,50.113862502245,65.83897820576641,81.09666131324772,77.82381192101789,74.39513207000161,3.87,27.0,-0.93,-0.61
RNG,2022-10-06,41.869998931884766,43.18000030517578,41.779998779296875,42.279998779296875,1061100,48.78580722706198,65.78118472836793,78.95648923102256,77.80881946966926,74.3318794345839,3.73,22.0,-1.01,-0.62
RNG,2022-10-07,41.0,41.369998931884766,39.16999816894531,39.31999969482422,2436700,51.66914933340856,66.70307684230642,78.17017632051247,78.17713423356388,74.32742057961981,3.64,18.0,-0.97,-0.65
RNG,2022-10-10,39.08000183105469,39.20000076293945,35.2599983215332,35.2599983215332,2420900,57.11535943822892,69.90433450551647,79.7486677545166,79.08269757798021,74.97137636886183,3.53,22.0,-0.89,-0.61
RNG,2022-10-11,35.04999923706055,35.29999923706055,32.84000015258789,34.279998779296875,1991700,57.3892900068087,69.96490910500555,79.2617183197643,78.93348503283852,74.99731415165365,3.43,21.0,-0.79,-0.58
RNG,2022-10-12,34.369998931884766,34.599998474121094,32.599998474121094,33.130001068115234,1786300,57.082655790059825,68.30897591604946,78.35793548498935,78.4782505064486,75.03423857918683,3.38,17.0,-0.7,-0.51
RNG,2022-10-13,31.940000534057617,34.22999954223633,31.299999237060547,33.59000015258789,1641400,57.30291198702555,65.24457084766999,78.42516583748554,78.52210926119339,74.7875180224875,3.32,18.0,-0.64,-0.52
RNG,2022-10-14,34.529998779296875,34.540000915527344,32.150001525878906,32.20000076293945,1313700,58.143306067150476,65.57233560791347,78.49247524287789,78.62271842853882,74.861961525657,3.25,19.0,-0.55,-0.53
RNG,2022-10-17,32.959999084472656,34.849998474121094,32.959999084472656,34.290000915527344,2052400,61.74930260194682,66.57181574054218,78.58663444181788,78.88281049879097,75.1961172292317,3.2,19.0,-0.54,-0.56
RNG,2022-10-18,34.15999984741211,35.7400016784668,33.5099983215332,34.310001373291016,3080400,61.69586854754312,66.55997893296906,78.1832971280805,78.14896187154932,75.12260324841428,3.17,12.0,-0.51,-0.51
RNG,2022-10-19,33.93000030517578,33.959999084472656,31.65999984741211,31.770000457763672,1725100,64.38060366105938,67.33151456017244,78.85915271764141,78.55899365568123,75.42331131812824,3.12,19.0,-0.46,-0.53
RNG,2022-10-20,31.540000915527344,33.40999984741211,31.540000915527344,33.04999923706055,2239300,65.42272618464752,67.48284169965592,78.46452437387516,78.67916903450416,75.57319506219734,3.09,16.0,-0.48,-0.51
RNG,2022-10-21,33.0,33.58000183105469,32.2400016784668,33.369998931884766,1993700,63.78282357360816,67.5703395516695,78.3058853142094,78.28999396270765,75.51128045522691,3.06,10.0,-0.47,-0.5
RNG,2022-10-24,33.27000045776367,33.59000015258789,31.8700008392334,33.540000915527344,1610000,63.23578521799481,66.51604207033041,78.3262616366503,78.12549834451103,75.51878380048413,3.02,11.0,-0.47,-0.51
RNG,2022-10-25,33.95000076293945,35.27000045776367,33.880001068115234,35.119998931884766,1797200,64.97841131142007,67.34741407936517,77.61216828587743,78.39363883644317,75.70910968728816,3.03,5.0,-0.65,-0.48
RNG,2022-10-26,34.16999816894531,35.84000015258789,33.7400016784668,33.790000915527344,1600800,65.5614253112701,67.47025762074347,77.16848169426459,78.265344769501,75.77103610347594,3.05,4.0,-0.7,-0.45
RNG,2022-10-27,34.29999923706055,35.04999923706055,33.52000045776367,33.72999954223633,1449400,65.56374063786933,65.81640380398355,77.06714659964588,78.08046851955338,75.76403882129328,3.05,3.0,-0.72,-0.45
RNG,2022-10-28,33.25,34.75,32.75,34.689998626708984,1602200,64.97060826000914,64.48484587265439,77.24262561631922,78.19476913635,75.76340730983097,3.04,4.0,-0.76,-0.47
RNG,2022-10-31,34.33000183105469,35.810001373291016,34.22999954223633,35.52000045776367,2229600,65.36517930411003,64.62384828598942,77.32873487027582,78.22162970559808,75.82485025191757,3.03,4.0,-0.83,-0.49
RNG,2022-11-01,36.7400016784668,37.279998779296875,34.900001525878906,35.4900016784668,2185900,65.12795091014301,61.654638574777834,76.5130266847486,78.20728980229407,75.70873455964337,3.05,1.0,-0.84,-0.44
RNG,2022-11-02,35.34000015258789,36.09000015258789,33.95000076293945,33.970001220703125,2725900,66.0073912809393,61.06715822948904,76.12137978864038,78.18771252697678,75.78872301654302,3.09,1.0,-0.86,-0.41
RNG,2022-11-03,33.439998626708984,34.13999938964844,32.41999816894531,32.54999923706055,1775500,66.42232429526513,59.086154564206986,75.50915818450314,78.15020400561725,75.83573351161583,3.14,1.0,-0.89,-0.38
RNG,2022-11-04,32.86000061035156,32.880001068115234,29.219999313354492,29.75,2140700,70.45975461171945,61.06190471922761,76.59685490283906,78.55828667932077,76.27362173120675,3.18,4.0,-0.9,-0.42
RNG,2022-11-07,29.860000610351562,29.979999542236328,28.6200008392334,29.440000534057617,2196600,70.44886690395803,60.06731947077304,74.5307806402646,78.30490939880669,76.24912819480417,3.28,1.0,-0.88,-0.42
RNG,2022-11-08,29.709999084472656,31.1299991607666,28.809999465942383,30.1200008392334,2481000,71.03471311265167,60.438474271712735,73.55538023373413,78.3775731645541,76.30992502045027,3.41,1.0,-0.9,-0.39
RNG,2022-11-09,29.43000030517578,29.510000228881836,28.0,28.360000610351562,2945300,70.0748177814166,60.900932733122104,73.52167833622322,76.12539493407256,76.4600313605464,3.53,1.0,-0.88,-0.37
RNG,2022-11-10,33.63999938964844,38.650001525878906,33.13999938964844,36.900001525878906,7549300,105.56072833473532,82.00145676879242,85.05054309654476,82.35455925156364,78.76481457584369,3.53,63.0,-0.89,4.72
RNG,2022-11-11,36.70000076293945,40.939998626708984,36.220001220703125,40.119998931884766,4139300,108.44879054133854,83.93345342481517,86.14409989206389,83.0342327705708,79.21136389082906,3.54,95.0,-0.87,4.33
RNG,2022-11-14,39.68000030517578,40.119998931884766,37.83000183105469,38.630001068115234,2474700,108.99552015817531,83.73070069820457,85.23338048072841,83.0360476868878,79.20103434515495,3.55,62.0,-0.84,4.7
RNG,2022-11-15,40.59000015258789,42.33000183105469,39.9900016784668,41.66999816894531,2517900,109.21146320330419,85.22576039017895,85.08570690135558,83.51758289686319,79.5690790730987,3.55,61.0,-0.86,4.74
RNG,2022-11-16,40.40999984741211,40.66999816894531,37.52000045776367,38.31999969482422,3130200,111.80684088450079,85.93941284237253,85.74862680685195,84.01857013340593,79.89643630689098,3.56,73.0,-0.85,4.58
RNG,2022-11-17,37.029998779296875,38.349998474121094,36.52000045776367,36.97999954223633,2330000,112.18432336036877,85.80668158309011,85.72487555632142,83.92700520684475,79.89476629528679,3.57,72.0,-0.83,4.59
RNG,2022-11-18,37.9900016784668,38.0099983215332,36.130001068115234,36.209999084472656,1609000,110.44601984646884,85.50259626546833,85.71042225526499,83.8208105032816,79.90241895560898,3.58,70.0,-0.8,4.59
RNG,2022-11-21,35.7400016784668,36.68000030517578,35.43000030517578,35.790000915527344,1914300,105.8161348185111,84.4718204589465,85.28263622563057,83.8201932493508,79.73644563209878,3.58,60.0,-0.79,4.69
RNG,2022-11-22,35.2400016784668,35.619998931884766,33.75,34.720001220703125,2318000,105.8689941632541,84.61084164793516,84.85539484899137,83.86449795447425,79.59354108942465,3.58,52.0,-0.76,4.92
RNG,2022-11-23,34.88999938964844,36.7400016784668,34.040000915527344,36.08000183105469,1368600,105.89970198700418,84.83389937847264,83.31776075465436,83.84958651955937,79.72391261766631,3.58,31.0,-0.85,5.39
RNG,2022-11-25,35.849998474121094,35.88999938964844,35.04999923706055,35.599998474121094,875800,105.9485884623155,84.84145528387526,81.86250108418167,83.71750683910597,79.63244695006911,3.58,30.0,-0.83,5.78
RNG,2022-11-28,35.02000045776367,36.84000015258789,34.65999984741211,34.81999969482422,1424200,105.37839579557135,84.9256220871191,81.06235902038428,83.41409663405139,79.62826784765251,3.58,26.0,-0.88,6.19
RNG,2022-11-29,35.0,35.84000015258789,34.29999923706055,35.09000015258789,1680400,103.8379276014811,84.94960572787775,80.88576478985338,83.34656436907603,79.64176611119966,3.57,26.0,-0.89,6.21
RNG,2022-11-30,34.9900016784668,37.09000015258789,34.2599983215332,37.060001373291016,5396700,105.00413943829923,85.70809818452537,80.31721385507852,83.55667561408444,79.85506716190419,3.57,26.0,-0.85,6.25
RNG,2022-12-01,37.08000183105469,39.5099983215332,36.75,38.869998931884766,1865600,102.99887672959052,86.19868759074633,80.68459845424998,83.5323796670841,79.70493423149628,3.56,27.0,-0.8,6.02
RNG,2022-12-02,37.59000015258789,38.52000045776367,36.86000061035156,38.279998779296875,2287200,102.70760545571385,86.12788060561705,80.67575408655155,83.10468990291866,79.7092839304062,3.55,27.0,-0.75,6.02
RNG,2022-12-05,37.97999954223633,38.79999923706055,36.0,36.310001373291016,3370400,104.0442865019739,86.21358436599354,80.75597427262154,82.88565351801634,79.82114888775227,3.54,29.0,-0.73,5.99
RNG,2022-12-06,36.27000045776367,36.70000076293945,34.91999816894531,35.630001068115234,2222400,104.23096286133521,86.10228184089509,80.69694034654384,82.89803720444954,79.73494845047668,3.53,29.0,-0.7,6.06
RNG,2022-12-07,35.68000030517578,36.52000045776367,35.099998474121094,35.34000015258789,1901400,103.42262895229332,85.9053797905153,80.66591934156637,82.68810834385351,79.5756161858553,3.52,27.0,-0.66,6.1
RNG,2022-12-08,35.65999984741211,37.439998626708984,35.119998931884766,36.349998474121094,1364000,103.05529047382196,86.15751939805631,79.9428430584625,82.7401458091224,79.58187936172013,3.53,26.0,-0.59,6.44
RNG,2022-12-09,36.209999084472656,37.66999816894531,35.63999938964844,36.56999969482422,1442500,103.05241795448734,86.17922330770574,78.4760558860211,82.75274651782605,78.43897545090944,3.56,20.0,-0.65,7.13
RNG,2022-12-12,37.0,38.380001068115234,37.0,37.79999923706055,1979500,103.16993436977555,85.81783339490784,78.70317268666074,82.80140939876017,78.53835433270321,3.58,23.0,-0.76,6.97
RNG,2022-12-13,39.720001220703125,41.22999954223633,37.939998626708984,38.95000076293945,2709100,103.29686270539418,86.02572012406948,78.47746289948361,82.87499153844722,78.58860918341372,3.6,21.0,-0.75,6.97
RNG,2022-12-14,40.130001068115234,42.650001525878906,39.2599983215332,41.84000015258789,3570000,105.17353573338075,87.27687838861725,79.33866690224117,82.92475741177063,78.96712247997444,3.61,28.0,-0.74,6.49
RNG,2022-12-15,40.0,41.84000015258789,39.72999954223633,40.18000030517578,2367300,105.04388666239583,87.64281124118197,79.10433530512988,82.84726968802522,79.03078775972374,3.62,27.0,-0.67,6.58
RNG,2022-12-16,40.130001068115234,40.38999938964844,38.83000183105469,39.400001525878906,2541600,104.33197743731222,87.49468379524178,78.93156062204989,82.77980477539221,79.02402212011505,3.63,26.0,-0.62,6.72
RNG,2022-12-19,39.11000061035156,39.310001373291016,36.290000915527344,36.5099983215332,1375900,103.29868011055558,88.75829813828784,79.78256471139139,83.06057960634517,79.19423921094473,3.64,32.0,-0.59,6.45
RNG,2022-12-20,35.849998474121094,36.599998474121094,35.27000045776367,35.70000076293945,1705700,103.53064865112817,88.85419629316019,79.21684918638765,82.96938931139208,79.15749883077805,3.64,29.0,-0.52,6.64
RNG,2022-12-21,35.5,36.099998474121094,33.650001525878906,35.369998931884766,1802000,103.5068392178911,88.86250669741426,79.19701172923756,82.9357284198378,79.09677350990275,3.65,29.0,-0.45,6.64
RNG,2022-12-22,34.779998779296875,34.779998779296875,32.88999938964844,33.959999084472656,1744900,102.58251080543049,88.50842157317145,79.32931393123226,82.95317667039762,79.16924619230731,3.65,32.0,-0.38,6.65
RNG,2022-12-23,33.689998626708984,33.95000076293945,32.77000045776367,33.65999984741211,1301100,67.66431488587101,87.90637514389279,78.56042842102995,82.94526034780179,79.16869804653149,3.66,23.0,-0.39,7.09
RNG,2022-12-27,33.459999084472656,34.279998779296875,32.31999969482422,33.349998474121094,1503000,62.475487658119086,87.89080216295278,77.64728208860075,82.90449367006589,79.16816975223814,3.68,13.0,-0.32,7.43
RNG,2022-12-28,32.959999084472656,33.63999938964844,32.630001068115234,33.220001220703125,1133200,61.74991546530065,87.88838682249036,77.5671656166951,82.89551002853295,79.16381608217127,3.69,12.0,-0.25,7.44
RNG,2022-12-29,33.810001373291016,35.810001373291016,33.36000061035156,35.36000061035156,1335600,60.34000554641706,87.55626711150339,76.8972197840487,83.21408875688277,79.45532774149844,3.7,8.0,-0.22,7.75
RNG,2022-12-30,34.369998931884766,35.65999984741211,34.099998474121094,35.400001525878906,1075000,55.59283333860803,87.54279526777107,76.33578414329192,83.16048339659935,79.4506050559594,3.72,6.0,-0.12,7.96
RNG,2023-01-03,36.2400016784668,36.91999816894531,33.66999816894531,34.58000183105469,1274500,55.07585606146718,87.6364900968958,75.34395410171487,83.12319100772476,79.40799282876574,3.74,4.0,-0.19,8.61
RNG,2023-01-04,35.400001525878906,35.81999969482422,34.47999954223633,35.40999984741211,1082000,55.275291888158115,86.603346882152,75.2366623829224,83.11084630419128,79.39617128531553,3.77,4.0,-0.15,8.58
RNG,2023-01-05,34.630001068115234,34.66999816894531,33.2599983215332,33.369998931884766,1174200,57.76443972678547,84.55092910481639,75.36459936181058,83.25660037965217,79.48734154311732,3.8,6.0,-0.41,8.66
RNG,2023-01-06,33.5099983215332,34.16999816894531,31.6200008392334,34.02000045776367,1647000,57.463113780343264,84.4567307031697,75.45509112080468,83.0699277330887,79.37058387551065,3.82,7.0,-0.75,8.56
RNG,2023-01-09,34.79999923706055,36.130001068115234,34.790000915527344,34.9900016784668,1106600,56.92872990864941,84.34976666150867,75.34445508360041,82.87194627392542,79.44592026993777,3.84,6.0,-0.92,8.52
RNG,2023-01-10,34.75,35.439998626708984,34.529998779296875,35.15999984741211,827100,56.82967638662366,84.31134980567344,74.89729358887176,82.867071069673,79.45354422286066,3.86,4.0,-0.93,8.7
RNG,2023-01-11,35.439998626708984,36.349998474121094,34.9900016784668,36.349998474121094,1097000,57.25669198017357,84.0860360009072,75.10417178607686,82.97163476573472,79.53126716404016,3.87,5.0,-0.97,8.53
RNG,2023-01-12,37.58000183105469,37.58000183105469,35.15999984741211,36.54999923706055,1066900,57.23900074402014,83.12876432458856,74.76594056251132,82.47822037291488,79.02870081539929,3.88,4.0,-0.93,8.66
RNG,2023-01-13,35.7400016784668,37.029998779296875,35.7400016784668,36.2599983215332,772700,55.00899429500006,83.149336541618,74.74988034460122,82.46824491005654,79.0287761695163,3.91,4.0,-0.89,8.66
RNG,2023-01-17,35.81999969482422,36.900001525878906,34.779998779296875,36.5,932800,53.12345071715359,81.55646997463751,74.09815912696281,82.29021514533598,78.9609876253047,3.93,3.0,-0.85,8.94
RNG,2023-01-18,37.279998779296875,38.59000015258789,36.220001220703125,36.34000015258789,1083500,52.981867238022986,81.19695620953684,73.82340087137986,82.23551866746412,78.94554979672338,3.96,3.0,-0.79,9.18
RNG,2023-01-19,35.66999816894531,36.150001525878906,34.5,34.61000061035156,1404800,52.653805987901606,81.8294597219849,73.9446877037179,82.30920251608774,78.91607560657457,3.98,4.0,-0.75,9.23
RNG,2023-01-20,34.849998474121094,36.41999816894531,34.709999084472656,36.38999938964844,1628000,54.45451064667808,82.45360734817504,73.6700137987086,82.52854283804642,79.10392936841494,4.0,3.0,-0.7,9.21
RNG,2023-01-23,36.47999954223633,38.31999969482422,35.9900016784668,38.11000061035156,1569700,55.94303296635259,82.45710228818963,74.01366875713346,82.54813249595394,79.27224170491321,4.0,6.0,-0.65,8.91
RNG,2023-01-24,37.79999923706055,39.279998779296875,37.15999984741211,37.970001220703125,1321300,55.4327344496252,82.04366521962972,73.89078095166406,81.95396871714087,79.27102189429274,4.01,5.0,-0.58,9.03
RNG,2023-01-25,36.83000183105469,37.56999969482422,34.81999969482422,37.52000045776367,1420900,55.54797360480731,82.08964914539591,73.90156859272238,81.67038763001639,79.15921626259492,4.01,6.0,-0.5,9.05
RNG,2023-01-26,38.65999984741211,39.0,37.060001373291016,38.41999816894531,987700,55.14024345319856,82.0348583046148,74.00066798363741,80.8092929765741,78.82126056330515,4.01,8.0,-0.43,8.94
RNG,2023-01-27,38.0,40.06999969482422,37.97999954223633,39.939998626708984,1042900,55.607176373832004,82.26647532687859,74.26956898648659,80.96212112491871,78.9433392964867,3.99,11.0,-0.38,8.72
RNG,2023-01-30,39.11000061035156,39.560001373291016,37.5099983215332,37.599998474121094,1068300,54.152554958643286,83.25170853853709,74.81982250112966,80.3365386121967,79.13416501136034,3.97,15.0,-0.3,8.46
RNG,2023-01-31,37.72999954223633,39.04999923706055,37.72999954223633,39.029998779296875,1031300,54.23818227717193,83.04917714197401,74.99428847626174,80.47112948549312,79.12840624596738,3.95,17.0,-0.22,8.33
RNG,2023-02-01,39.27000045776367,42.47999954223633,38.599998474121094,42.279998779296875,1662800,58.75646500335516,84.00930869124161,76.02035480694758,79.92081617833476,79.10518523420521,3.91,25.0,-0.21,7.74
RNG,2023-02-02,43.16999816894531,48.119998931884766,43.16999816894531,46.06999969482422,3485600,58.704202860403896,83.3025652080056,76.93748325001665,79.72693064207547,79.63275129942221,3.86,31.0,-0.18,7.28
RNG,2023-02-03,43.97999954223633,45.970001220703125,43.5099983215332,44.720001220703125,1516900,59.06772131786763,83.57118424219962,77.0032959993969,79.72924166904988,79.58799042753097,3.8,32.0,-0.3,7.31
RNG,2023-02-06,43.869998931884766,44.75,42.63999938964844,42.7400016784668,1569300,60.85172666092683,84.18258004937958,77.16331728282736,79.54019908283657,79.36199043983369,3.75,34.0,-0.33,7.24
RNG,2023-02-07,42.84000015258789,45.529998779296875,42.02000045776367,45.279998779296875,1328100,60.932550903799964,83.69918283470251,77.7093845069572,79.34867617590504,79.50335453308695,3.69,41.0,-0.31,6.9
RNG,2023-02-08,45.41999816894531,45.41999816894531,43.619998931884766,44.209999084472656,1039000,61.482048493932396,64.83067581575108,77.80224857037229,79.39019637484546,79.52544876286723,3.64,42.0,-0.32,6.88
RNG,2023-02-09,44.88999938964844,45.20000076293945,43.040000915527344,43.20000076293945,1068500,61.97052336614163,62.81898093601289,77.39535323803834,79.32800640844094,79.4188531654078,3.58,38.0,-0.33,7.04
RNG,2023-02-10,42.34000015258789,42.59000015258789,40.72999954223633,41.29999923706055,1667700,63.80831988046318,63.02515491281324,77.70496175940033,79.07687156286146,79.40347449049636,3.53,42.0,-0.31,6.95
RNG,2023-02-13,41.790000915527344,43.97999954223633,41.599998474121094,43.36000061035156,1267300,62.89284450113015,61.88959525119222,78.065760338457,79.11085464602988,79.58646127074545,3.48,45.0,-0.31,6.74
RNG,2023-02-14,42.599998474121094,45.16999816894531,42.099998474121094,44.95000076293945,1607900,63.42996691908623,59.73864598801429,78.25982453406881,79.18471227309325,79.63438541934512,3.43,48.0,-0.28,6.59
RNG,2023-02-15,45.77000045776367,49.31999969482422,45.77000045776367,48.40999984741211,3562300,65.50468276891527,60.958641982199055,78.9521577892098,79.34780228430581,80.02115164826556,3.38,62.0,0.04,6.19
RNG,2023-02-16,41.040000915527344,41.20000076293945,36.790000915527344,37.06999969482422,13393600,103.70053226024612,82.40666866406967,89.66055971380402,85.20248039116933,84.12627857121065,3.51,100.0,0.11,7.71
RNG,2023-02-17,36.900001525878906,37.029998779296875,35.63999938964844,36.970001220703125,3806000,102.09877449580014,82.37111270889844,89.65677949159931,85.20237227979055,84.01970664407419,3.63,99.0,0.18,7.71
RNG,2023-02-21,36.540000915527344,36.540000915527344,35.029998779296875,35.4900016784668,2828600,102.77201289658706,82.56725467805504,89.87931435725265,84.772316815991,83.95595720685863,3.77,100.0,0.24,7.61
RNG,2023-02-22,35.45000076293945,36.380001068115234,35.43000030517578,36.13999938964844,1996800,102.58743934539582,82.27214046724583,89.54813126530937,84.46829988460294,83.79900598444938,3.89,97.0,0.38,7.76
RNG,2023-02-23,36.34000015258789,36.54999923706055,34.34000015258789,35.36000061035156,1644100,102.79322005430754,82.3489331724145,89.22036151291294,84.43108200053761,83.80776918560619,4.0,96.0,0.46,7.91
RNG,2023-02-24,34.52000045776367,35.189998626708984,34.29999923706055,34.7400016784668,2074200,102.42808977997215,82.30296776191946,89.2384581543593,84.44497631787883,82.0957097946437,4.12,96.0,0.52,7.9
RNG,2023-02-27,35.0099983215332,35.29999923706055,33.709999084472656,33.95000076293945,1921200,102.59166324063172,82.42000805850459,89.30120622009146,84.45599460088454,81.93383897583708,4.24,96.0,0.56,7.87
RNG,2023-02-28,33.880001068115234,34.34000015258789,33.029998779296875,33.040000915527344,2856500,102.83192532111481,81.78352894231557,88.60383935424785,84.06606656093535,81.94929602391231,4.34,93.0,0.7,8.19
RNG,2023-03-01,32.959999084472656,33.36000061035156,32.52000045776367,33.040000915527344,2578600,102.79563615691454,81.12960832737687,88.59298684363473,83.7226323913874,81.89702397941774,4.44,92.0,0.84,8.19
RNG,2023-03-02,32.68000030517578,34.06999969482422,32.290000915527344,33.84000015258789,2841000,103.09713512584713,81.26775368092143,88.68913653526073,83.32626780985291,81.87986212177543,4.54,93.0,1.01,8.14
RNG,2023-03-03,34.040000915527344,37.09000015258789,33.84000015258789,36.790000915527344,3240200,105.03928362910759,82.42756145595361,88.99994665043656,83.86217076120353,82.35874667047194,4.64,93.0,1.07,8.02
RNG,2023-03-06,36.93000030517578,37.34000015258789,35.75,35.88999938964844,2180100,104.29885142184628,82.49438168193328,87.38028075184775,82.93485852899364,82.25547534181506,4.71,89.0,1.08,8.7
RNG,2023-03-07,35.970001220703125,36.91999816894531,35.13999938964844,35.43000030517578,1679700,103.40467544378144,82.52036543084367,87.28761634563246,82.34438282504316,82.16094499620603,4.77,88.0,1.09,8.75
RNG,2023-03-08,35.45000076293945,35.72999954223633,34.56999969482422,34.79999923706055,1529700,103.50221511055047,82.38991197695879,87.16274949155941,82.12619975155505,82.16813583861597,4.83,87.0,1.12,8.82
RNG,2023-03-09,34.5,35.86000061035156,33.75,33.86000061035156,2127600,103.71602477832,82.5572576484418,87.24786962768816,82.17913161027313,82.19525188069692,4.89,87.0,1.12,8.77
RNG,2023-03-10,33.54999923706055,33.650001525878906,31.639999389648438,32.84000015258789,2211000,103.6757789153244,82.45637960698893,87.1232425253805,82.23386323052515,82.11068027462429,4.94,85.0,1.14,8.84
RNG,2023-03-13,32.59000015258789,32.59000015258789,30.520000457763672,31.459999084472656,3414800,103.36512578681139,82.58951427424853,86.80388596238592,81.74697697820656,82.0925337429814,4.99,84.0,1.07,9.0
RNG,2023-03-14,32.18000030517578,32.68000030517578,31.229999542236328,31.59000015258789,2080300,102.20669748577905,81.112273200218,86.80720533403962,81.12393984854187,81.85105306340351,5.03,84.0,1.01,9.0
RNG,2023-03-15,31.31999969482422,32.54999923706055,30.989999771118164,32.380001068115234,1694200,101.80841793059766,80.98341319544804,86.03534519986708,81.02352922670869,81.83789115119939,5.07,81.0,1.03,9.39
RNG,2023-03-16,32.41999816894531,32.58000183105469,31.18000030517578,31.969999313354492,1495200,98.47797263777913,80.93768899430643,85.82721920718826,80.92608986820179,81.77623970256018,5.1,80.0,1.0,9.51
RNG,2023-03-17,31.0,31.34000015258789,29.6200008392334,30.06999969482422,3398000,95.30368240429706,80.42173815154202,86.35407161813437,81.18176174137476,81.78486010223483,5.13,82.0,0.93,9.23
RNG,2023-03-20,29.790000915527344,29.959999084472656,28.079999923706055,28.229999542236328,3518400,96.26318751744532,81.26514049191296,86.908310491355,81.23113618177372,81.67884526945237,5.17,84.0,0.88,8.94
RNG,2023-03-21,28.489999771118164,29.530000686645508,28.15999984741211,29.489999771118164,3839900,97.30479388305147,81.83814470726773,86.87602309132323,81.12458441340917,81.5438850931763,5.21,83.0,0.78,8.96
RNG,2023-03-22,29.40999984741211,29.450000762939453,27.549999237060547,27.68000030517578,2847300,96.04439289278861,82.41316717237818,87.23116293590928,80.40186403039438,81.74747184343961,5.24,86.0,0.72,8.78
RNG,2023-03-23,28.049999237060547,28.770000457763672,27.010000228881836,27.239999771118164,3020900,96.01800724354823,82.44644257904476,87.25957134432532,79.56498260270195,81.60769139715177,5.27,87.0,0.67,8.76
RNG,2023-03-24,27.31999969482422,27.34000015258789,26.469999313354492,26.860000610351562,2958600,95.99677778208242,82.46652311522321,87.14456965063668,79.10182101761264,81.57066823819639,5.3,83.0,0.6,8.83
RNG,2023-03-27,27.1299991607666,27.700000762939453,26.889999389648438,27.440000534057617,1445300,96.17240148373419,82.62506426513067,87.12786298719666,79.0399807172043,81.61608720979979,5.33,82.0,0.51,8.84
RNG,2023-03-28,27.389999389648438,28.56999969482422,27.209999084472656,28.540000915527344,2524600,95.68201185847325,81.9740608882253,87.38097823514744,78.56891519530456,81.6769602633199,5.35,89.0,0.41,8.7
RNG,2023-03-29,28.899999618530273,29.399999618530273,28.399999618530273,29.329999923706055,2054800,95.31950508215952,82.21333078253691,87.24814795294182,78.6300857629121,81.71770089289653,5.37,85.0,0.33,8.76
RNG,2023-03-30,29.479999542236328,30.139999389648438,29.459999084472656,29.559999465942383,1257700,91.84999424476288,82.13312971347756,87.00866400931551,78.6221795415656,81.39721111508173,5.37,78.0,0.28,8.89
RNG,2023-03-31,29.920000076293945,30.8799991607666,29.719999313354492,30.670000076293945,1693000,54.453867429034766,82.35699477488261,86.0306904157212,78.58309116615212,81.37675332525221,5.37,70.0,0.29,9.36
RNG,2023-04-03,30.290000915527344,30.770000457763672,29.899999618530273,30.440000534057617,1534200,54.44398109147149,81.50706096759743,86.02256200662455,78.5308925879596,81.31409028378883,5.35,69.0,0.31,9.36
RNG,2023-04-04,30.700000762939453,30.90999984741211,29.760000228881836,30.18000030517578,1589700,53.467907233932976,81.40300399927665,85.95792071013648,78.5157443655394,81.22237903378823,5.31,68.0,0.31,9.4
RNG,2023-04-05,29.8700008392334,30.190000534057617,28.420000076293945,29.09000015258789,1325900,53.73507067965021,81.46422853560854,85.6198932711291,78.12443436932921,81.2058714403512,5.27,63.0,0.32,9.58
RNG,2023-04-06,28.979999542236328,29.729999542236328,28.3700008392334,29.709999084472656,1111600,54.16036545087829,81.59960829044537,74.60914114071252,77.35522840062708,81.22218870154076,5.3,10.0,0.25,8.49
RNG,2023-04-10,29.1299991607666,29.600000381469727,28.739999771118164,29.360000610351562,1259800,54.07538456944998,81.27053887401675,73.34212618720892,77.3606312717439,81.16152777627164,5.34,1.0,0.24,9.05
RNG,2023-04-11,29.170000076293945,29.549999237060547,28.579999923706055,28.979999542236328,1840600,53.873461739561854,81.2710887778343,73.14859659663823,77.13505289878178,81.15723806703983,5.39,1.0,0.2,9.21
RNG,2023-04-12,29.81999969482422,29.959999084472656,28.200000762939453,28.59000015258789,1271000,53.53603234700758,81.29116427311406,72.07097083154711,77.12485797815096,81.12746568747015,5.45,1.0,0.23,9.72
RNG,2023-04-13,29.040000915527344,29.739999771118164,28.959999084472656,29.149999618530273,1015900,53.9812037297477,81.40442659267191,71.0076892146203,76.91515881641995,81.16008855605872,5.52,1.0,0.2,10.56
RNG,2023-04-14,28.889999389648438,29.209999084472656,28.329999923706055,28.950000762939453,1022000,53.322079676674306,81.4068718195656,70.81550560687006,76.78820423366058,81.09422510590336,5.59,1.0,0.14,10.75
RNG,2023-04-17,29.030000686645508,29.3700008392334,28.809999465942383,29.040000915527344,1069800,46.31947041100082,80.87490162794778,70.75783805753694,76.79197021327347,81.0591336780359,5.66,1.0,0.09,10.84
RNG,2023-04-18,29.700000762939453,29.81999969482422,28.75,29.149999618530273,1366400,46.1539996761474,80.13000871437438,70.74775867221035,76.4346773983789,81.01499889029301,5.73,1.0,0.04,10.87
RNG,2023-04-19,28.549999237060547,29.420000076293945,28.40999984741211,29.170000076293945,1247200,46.16934660600097,79.4600364926632,70.60314413971183,76.42031275254577,80.94885183209475,5.8,1.0,-0.01,11.04
RNG,2023-04-20,28.5,28.959999084472656,28.1200008392334,28.56999969482422,2024800,46.23794840314926,79.53018673869727,70.37100385784987,76.40048666041052,80.89983508198371,5.87,1.0,-0.06,11.12
RNG,2023-04-21,28.700000762939453,29.0,28.25,28.790000915527344,1181700,45.982630814558576,79.55598082079838,70.36618361937437,75.98079070409668,80.72506905890889,5.95,1.0,-0.11,11.16
RNG,2023-04-24,28.670000076293945,28.950000762939453,27.760000228881836,28.489999771118164,2158600,45.39125978759092,79.34810878440508,70.30595790597185,75.4483997518378,80.50399954226263,6.03,1.0,-0.16,11.22
RNG,2023-04-25,28.1200008392334,28.149999618530273,27.100000381469727,27.1200008392334,2167500,45.890231146074136,79.32548792801806,70.6864908228907,75.59907558021976,80.61642459376014,6.1,5.0,-0.21,10.84
RNG,2023-04-26,27.829999923706055,28.270000457763672,27.6200008392334,28.030000686645508,1709800,47.13287754093252,78.92165153857333,70.32358506622863,74.94035046262924,80.69044204601823,6.18,2.0,-0.23,11.06
RNG,2023-04-27,28.579999923706055,28.8799991607666,27.719999313354492,27.719999313354492,1326200,46.3757547539734,78.43767802084874,69.86727045462784,74.62299778481992,80.3213993943323,6.26,1.0,-0.23,11.31
RNG,2023-04-28,27.3700008392334,28.020000457763672,27.1299991607666,27.559999465942383,1125900,46.320964666231305,76.3782321097948,69.84229859139707,74.03248334626565,80.31318570038599,6.33,1.0,-0.23,11.35
RNG,2023-05-01,27.420000076293945,28.200000762939453,27.149999618530273,27.959999084472656,1126900,43.42752550101544,74.03082777681021,69.44258886926575,73.92653856119249,80.19877131286502,6.41,1.0,-0.25,11.79
RNG,2023-05-02,27.68000030517578,28.0,26.639999389648438,26.649999618530273,1588200,41.77686222518231,74.35001233014727,69.76893276588983,73.90104024812977,80.27604581907171,6.49,2.0,-0.29,11.47
RNG,2023-05-03,26.200000762939453,27.010000228881836,25.860000610351562,25.90999984741211,1981400,40.12005201627545,74.07168103490666,69.87941407388065,73.95380187596514,80.2449156422164,6.55,5.0,-0.32,11.35
RNG,2023-05-04,26.100000381469727,26.299999237060547,25.31999969482422,25.350000381469727,3154400,36.44983644156735,72.82472978246625,69.76052640097062,73.82326489669289,80.23368716568375,6.62,2.0,-0.34,11.36
RNG,2023-05-05,25.8799991607666,26.43000030517578,25.559999465942383,26.040000915527344,3433500,37.22184040600741,73.14309959840514,69.91188716129143,73.65590098297903,80.14804133163118,6.69,7.0,-0.36,11.27
RNG,2023-05-08,26.479999542236328,26.799999237060547,25.899999618530273,26.690000534057617,1968000,37.774340702944954,73.39915912367371,69.81270947144786,73.72131114928689,79.76789541452486,6.75,4.0,-0.36,11.33
RNG,2023-05-09,26.1299991607666,26.790000915527344,25.8700008392334,26.5,3013900,37.25954291784514,72.99403622877045,69.6083652509913,73.53204895386214,79.55845359439677,6.82,2.0,-0.33,11.44
RNG,2023-05-10,29.309999465942383,31.780000686645508,28.360000610351562,30.299999237060547,8438400,52.98641319723822,77.73431760353893,71.99482719449507,75.2861065236584,80.08131714435629,6.85,20.0,-0.23,10.49
RNG,2023-05-11,30.290000915527344,31.25,28.709999084472656,28.739999771118164,3608800,54.7241952390226,77.81769840533852,72.18437645499479,75.16768956318127,80.23479051306866,6.88,22.0,-0.16,10.34
RNG,2023-05-12,28.440000534057617,28.65999984741211,27.139999389648438,27.399999618530273,2699800,56.32102640573825,76.35370903041647,72.48330815825015,75.2049043893803,79.70704548609086,6.91,23.0,-0.1,10.1
RNG,2023-05-15,27.479999542236328,28.56999969482422,27.200000762939453,28.399999618530273,2359700,56.25996757501505,54.975277383645974,71.80763662475287,75.2046724638516,79.79842654144716,6.94,20.0,-0.09,10.68
RNG,2023-05-16,28.0,28.260000228881836,26.739999771118164,26.889999389648438,3638100,58.24284995863736,55.92712619363434,72.21580888920111,75.05886452458957,79.12539652579595,6.97,24.0,-0.1,10.35
RNG,2023-05-17,26.889999389648438,29.479999542236328,26.829999923706055,29.229999542236328,2901600,63.50135596409494,58.3032251267513,73.49382667935775,75.72387863821241,78.98667926039553,6.99,28.0,-0.08,9.68
RNG,2023-05-18,29.489999771118164,31.190000534057617,29.450000762939453,31.030000686645508,2167100,64.93110678434283,59.56500763388023,73.87354407715574,76.00529280670243,79.18471586888862,7.01,31.0,-0.08,9.57
RNG,2023-05-19,32.0099983215332,32.0099983215332,30.469999313354492,31.020000457763672,1796200,64.68454329024632,59.430610600960065,73.86252919710668,76.00010688639841,78.93649557242503,7.02,31.0,-0.07,9.59
RNG,2023-05-22,31.0,32.18000030517578,30.690000534057617,32.02000045776367,1888500,65.13809758621841,59.74198791952334,74.02969524671387,76.10001283506472,78.64002575041,7.03,38.0,-0.07,9.53
RNG,2023-05-23,31.65999984741211,32.61000061035156,31.329999923706055,31.350000381469727,2299000,65.35266240302418,59.71446539851121,74.10099323628768,76.13396208069307,78.66106979305829,7.05,40.0,-0.06,9.46
RNG,2023-05-24,30.780000686645508,31.399999618530273,30.149999618530273,30.530000686645508,1474400,65.73793294979258,59.70231974198498,73.51867694191972,76.16424105507268,78.6271130862198,7.06,29.0,-0.04,9.71
RNG,2023-05-25,30.84000015258789,31.149999618530273,28.799999237060547,29.5,2230000,66.3566162271574,60.083071046047344,73.70192658382632,76.2166507761503,78.39874352323922,7.07,31.0,-0.01,9.54
RNG,2023-05-26,30.81999969482422,35.58000183105469,30.1299991607666,34.779998779296875,5752400,81.59525976166336,68.93525787883246,78.20823069048036,78.6894322435069,80.02698097877116,7.07,64.0,-0.02,8.35
RNG,2023-05-30,35.41999816894531,35.84000015258789,33.9900016784668,34.630001068115234,3136900,81.64744758525309,66.72637422984347,78.11891485955151,78.5118484732373,79.98819981738635,7.06,63.0,-0.01,8.38
RNG,2023-05-31,34.099998474121094,35.029998779296875,33.47999954223633,34.70000076293945,2911000,81.65295655728761,66.54456707683458,77.54214173924207,78.46445400222709,79.7373845551779,7.05,58.0,-0.02,8.75
RNG,2023-06-01,34.5,36.56999969482422,33.97999954223633,35.5099983215332,2138500,81.78859755328047,66.66797659079613,77.5679360783375,78.43112908169365,79.6802312722677,7.05,58.0,-0.04,8.74
RNG,2023-06-02,36.189998626708984,36.61000061035156,35.029998779296875,35.20000076293945,1329600,81.51326215833315,66.58877194634512,77.45373745521132,78.43394057885882,79.68266093832312,7.04,56.0,-0.04,8.78
RNG,2023-06-05,34.849998474121094,34.88999938964844,33.33000183105469,34.380001068115234,1831500,81.99098105626545,66.52590614601982,77.54035683393329,78.4779920071196,79.30157090150676,7.04,56.0,-0.03,8.7
RNG,2023-06-06,34.0099983215332,35.2599983215332,33.88999938964844,34.58000183105469,1628300,81.84382653572877,66.22266360055724,77.3605595004586,78.2244956584812,79.03823895370013,7.03,53.0,-0.0,8.79
RNG,2023-06-07,34.91999816894531,35.099998474121094,33.79999923706055,34.0099983215332,1567400,80.4464442543787,65.69699504427071,77.39661203437736,78.23188245600655,78.99787971489428,7.02,54.0,0.03,8.75
RNG,2023-06-08,33.77000045776367,34.36000061035156,33.439998626708984,33.459999084472656,1321600,80.35981075888604,65.79279588325804,77.42779273766149,78.2328324786165,79.00791340979515,7.01,54.0,0.07,8.73
RNG,2023-06-09,33.72999954223633,34.18000030517578,32.619998931884766,32.95000076293945,1562200,80.44716898664795,65.68749487659174,77.45281948314528,78.2447405070176,79.00377043516946,7.0,54.0,0.12,8.7
RNG,2023-06-12,33.290000915527344,34.88999938964844,33.290000915527344,34.7599983215332,1268800,81.53415405281767,66.5228289382425,77.93203330049127,78.42938439162819,78.85932558690799,6.98,61.0,0.15,8.47
RNG,2023-06-13,35.040000915527344,35.63999938964844,34.47999954223633,34.84000015258789,746300,81.52357867177732,65.22823566419244,77.54655576126501,78.39471360531562,78.59027343293938,6.97,56.0,0.15,8.73
RNG,2023-06-14,34.84000015258789,35.27000045776367,33.36000061035156,34.220001220703125,1042300,80.20683561604798,63.9318002689046,77.17967333983282,78.41810164508985,78.25371283918446,6.95,47.0,0.18,8.89
RNG,2023-06-15,33.86000061035156,35.9900016784668,33.560001373291016,35.93000030517578,1490700,80.26390193118554,64.0779179183424,77.22056257785245,78.63781119841055,78.35255370651878,6.94,47.0,0.23,8.87
RNG,2023-06-16,36.15999984741211,36.15999984741211,34.90999984741211,34.97999954223633,1286200,80.45183720436772,62.88128855816739,77.33122610966517,78.45980381057763,77.659416269354,6.92,47.0,0.29,8.78
RNG,2023-06-20,34.34000015258789,34.869998931884766,33.720001220703125,33.95000076293945,875600,81.14166757123327,63.132608351457954,77.44937584142562,78.28633172044918,77.24933406141035,6.9,51.0,0.36,8.7
RNG,2023-06-21,33.70000076293945,33.95000076293945,32.34000015258789,32.86000061035156,1026200,81.86701983690908,63.46937153244222,77.50828597089937,78.3628207175585,77.13219347016724,6.89,53.0,0.47,8.63
RNG,2023-06-22,32.59000015258789,33.0,32.060001373291016,32.75,717100,81.81773476019633,63.371977629805365,77.23789865665712,78.36085905583818,77.1314364593199,6.88,44.0,0.63,8.76
RNG,2023-06-23,32.0,32.220001220703125,31.1299991607666,32.06999969482422,1396700,72.75000800859316,63.09852144090811,76.73135769236976,77.90954649009082,77.14630322651254,6.87,38.0,0.73,9.08
RNG,2023-06-26,31.959999084472656,32.790000915527344,31.899999618530273,32.400001525878906,680100,70.89854419494444,62.90217365160801,76.50178620774987,77.91298072123838,76.69124647797136,6.86,37.0,0.88,9.2
RNG,2023-06-27,32.790000915527344,33.2599983215332,32.09000015258789,33.08000183105469,808400,69.31674202931558,63.01228090937828,75.45964374659869,77.95630046527627,76.26222832432944,6.86,36.0,1.13,9.75
RNG,2023-06-28,32.88999938964844,33.5,32.650001525878906,33.47999954223633,693800,68.77547195750837,62.627612909203414,74.15948031128394,77.50962767512252,76.14030052580742,6.88,35.0,1.3,10.48
RNG,2023-06-29,33.400001525878906,33.70000076293945,32.58000183105469,32.7599983215332,602500,66.91233529890557,62.78227983707444,74.09741972200612,76.4773199236781,76.0807210637331,6.89,34.0,1.55,10.53
RNG,2023-06-30,33.22999954223633,33.25,32.59000015258789,32.72999954223633,538200,62.83474135809214,62.75081344221199,73.78872420528563,76.4059063921828,76.050042912445,6.91,31.0,1.88,10.79
RNG,2023-07-03,32.77000045776367,33.68000030517578,32.720001220703125,33.65999984741211,566400,61.02440962811669,62.473402709434524,73.31891253830723,76.37191684999513,75.90018268577666,6.93,27.0,2.09,11.09
RNG,2023-07-05,33.34000015258789,33.43000030517578,32.540000915527344,32.869998931884766,695200,61.50150878126358,62.57719576919018,73.31772012573035,76.40626084275861,75.71530105869762,6.95,27.0,2.4,11.09
RNG,2023-07-06,32.119998931884766,32.349998474121094,31.440000534057617,32.33000183105469,822900,61.05940750566279,62.628185046204656,73.2792890734452,76.26709890851428,74.96511445130639,6.97,27.0,2.8,11.13
RNG,2023-07-07,32.31999969482422,33.36000061035156,32.29999923706055,33.04999923706055,1156900,61.02247193677681,62.69033710582526,73.07155550080047,75.94549839379276,74.33082168163914,6.99,26.0,3.25,11.34
RNG,2023-07-10,32.66999816894531,34.16999816894531,32.65999984741211,34.09000015258789,894800,60.983222032317364,62.87681618470009,72.81134283830747,76.0350625685799,74.06512386637375,7.01,26.0,3.65,11.52
RNG,2023-07-11,34.29999923706055,35.41999816894531,34.189998626708984,35.119998931884766,1427600,60.338668030629314,63.02851376859484,72.73415425307668,75.56280631607268,74.03116200319143,7.04,26.0,3.58,11.57
RNG,2023-07-12,36.459999084472656,38.61000061035156,36.25,38.52000045776367,2758000,45.65999654819118,65.58910226730048,73.27923622513629,76.20327315998783,74.12198506256385,7.05,30.0,-1.08,11.27
RNG,2023-07-13,38.939998626708984,39.560001373291016,38.54999923706055,39.04999923706055,1451600,45.6930970472512,65.61342010367476,59.782573805672456,76.21130406824113,74.11524932093886,7.2,1.0,-0.95,3.86
RNG,2023-07-14,39.060001373291016,39.22999954223633,37.810001373291016,38.279998779296875,1008300,46.21514908454883,65.81065878866448,59.86857912643762,76.24925434121951,74.12133385692907,7.34,2.0,-0.9,3.85
RNG,2023-07-17,38.540000915527344,38.91999816894531,38.099998474121094,38.459999084472656,871700,45.836265728690556,65.8057558434018,59.50615818456363,76.06016610269963,73.97698668482742,7.46,1.0,-0.84,3.93
RNG,2023-07-18,38.5099983215332,39.90999984741211,38.33000183105469,39.790000915527344,1548900,46.57948555961858,65.86056739538299,59.67667941179589,76.01969506582876,74.02369756544029,7.57,2.0,-0.68,3.84
RNG,2023-07-19,40.0099983215332,43.279998779296875,39.79999923706055,42.900001525878906,2913000,50.15021756179121,67.39342127705112,60.71405099595933,76.52612493175867,74.40376665957108,7.65,5.0,-0.02,3.38
RNG,2023-07-20,42.0099983215332,42.2599983215332,40.029998779296875,40.09000015258789,1152200,54.677068355544236,69.01733912066841,61.638779357618944,76.89380015531859,74.35691914915054,7.7,6.0,-0.03,3.18
RNG,2023-07-21,41.15999984741211,41.779998779296875,39.84000015258789,41.56999969482422,1749700,55.012644182663905,68.32999103525967,61.75846392876609,76.96096189657351,73.86514915857019,7.73,7.0,0.05,3.06
RNG,2023-07-24,41.689998626708984,41.689998626708984,39.34000015258789,39.88999938964844,1296100,56.37714902228457,68.82136695303815,61.96803631330658,77.12201119496041,73.9728801513712,7.76,8.0,-0.05,3.01
RNG,2023-07-25,40.09000015258789,40.630001068115234,39.150001525878906,39.279998779296875,974100,56.37881280068103,68.87221752491078,62.02821907073661,76.96486997853597,73.7961127532731,7.79,9.0,-0.16,3.0
RNG,2023-07-26,39.02000045776367,40.400001525878906,38.709999084472656,39.56999969482422,740200,54.54873670616946,68.83034281891281,61.93300254296614,76.79420897694965,73.78199307986638,7.8,8.0,-0.25,3.06
RNG,2023-07-27,40.41999816894531,40.650001525878906,38.97999954223633,39.130001068115234,1428900,54.73175811605392,68.89702913852138,60.55009198818729,76.04154772203246,73.58118222393112,7.82,5.0,-0.28,3.54
RNG,2023-07-28,39.95000076293945,41.119998931884766,39.66999816894531,40.20000076293945,977100,54.72399453427394,68.11507287321092,60.55508874686163,76.08746919579657,73.55014809779394,7.86,6.0,-0.31,3.47
RNG,2023-07-31,40.20000076293945,41.7599983215332,40.20000076293945,41.36000061035156,839200,53.62998913763589,67.85975199293438,60.66679208615417,76.11227744785094,73.60927289028471,7.89,7.0,-0.32,3.37
RNG,2023-08-01,40.84000015258789,41.709999084472656,40.47999954223633,41.540000915527344,786100,52.79415532944327,67.58276612541117,60.587654085474206,75.75473389255717,73.32203560258276,7.92,7.0,-0.35,3.37
RNG,2023-08-02,40.45000076293945,40.959999084472656,39.22999954223633,39.7400016784668,1194900,53.794714253532064,68.3144956355902,60.85376011585365,69.29557266683192,73.43609667840353,7.93,10.0,-0.45,3.3
RNG,2023-08-03,39.54999923706055,39.63999938964844,38.5,39.06999969482422,1050800,53.02351675822957,68.38926834774416,60.708900430306045,68.61326672709185,73.42371200341796,7.93,9.0,-0.54,3.34
RNG,2023-08-04,39.529998779296875,39.86000061035156,38.349998474121094,38.63999938964844,1526900,53.185730168310805,68.42704449924312,60.32162705531034,68.47916038620025,73.13076339533788,7.94,5.0,-0.64,3.44
RNG,2023-08-07,38.54999923706055,39.150001525878906,37.880001068115234,38.97999954223633,2137500,52.59350761432317,63.04485107466207,60.33016415377358,67.89212960955307,72.71707964516627,7.94,6.0,-0.73,3.43
RNG,2023-08-08,34.689998626708984,35.400001525878906,31.540000915527344,31.799999237060547,7894600,80.42226388614799,75.2557606158331,68.48610988595047,71.35521044696117,75.44985057794734,7.85,19.0,-0.73,6.11
RNG,2023-08-09,31.5,31.84000015258789,29.3799991607666,29.709999084472656,2928000,82.45865214809035,75.93469954743874,69.30058012333245,71.67821568138064,75.20004564983836,7.76,20.0,-0.73,5.74
RNG,2023-08-10,30.280000686645508,31.579999923706055,30.010000228881836,31.040000915527344,2066800,83.48881355568875,76.10617357342231,68.97059527957606,71.8360923098453,75.10080723394704,7.65,20.0,-0.73,5.89
RNG,2023-08-11,30.43000030517578,30.90999984741211,30.270000457763672,30.5,1007000,83.41380337074203,75.31361243807366,68.2790567719094,71.85192822336516,74.71340544027647,7.53,19.0,-0.71,6.21
RNG,2023-08-14,30.18000030517578,30.68000030517578,29.889999389648438,30.579999923706055,833500,83.42549870426612,73.38188302813465,67.93273805325462,71.76744446882512,74.6114642492871,7.41,19.0,-0.71,6.39
RNG,2023-08-15,30.170000076293945,30.709999084472656,29.850000381469727,29.940000534057617,950500,83.09101104860869,72.470817985461,67.25240160492564,71.6562588616274,74.49387269027204,7.28,19.0,-0.69,6.73
RNG,2023-08-16,29.729999542236328,29.979999542236328,28.559999465942383,28.59000015258789,2400500,83.80597374822644,73.0692212378312,67.61293266892761,71.84026564818662,74.61923371777874,7.14,20.0,-0.69,6.53
RNG,2023-08-17,28.420000076293945,28.829999923706055,27.510000228881836,28.760000228881836,1514600,83.78164776033475,72.76086827322143,67.5780013798365,71.80188580727088,74.50101225808588,6.99,20.0,-0.67,6.55
RNG,2023-08-18,28.0,29.579999923706055,28.0,29.219999313354492,1684500,83.63493863765228,72.73569926689498,67.54081296978609,71.82237779092746,74.33141309794328,6.83,20.0,-0.66,6.57
RNG,2023-08-21,28.829999923706055,29.190000534057617,28.139999389648438,28.520000457763672,1533300,83.15188943673971,72.70359367187078,67.3677148254383,71.56803038896716,74.36000040158137,6.66,20.0,-0.66,6.66
RNG,2023-08-22,28.75,29.18000030517578,27.969999313354492,28.010000228881836,1425200,82.51970410377591,72.46241129886273,67.2843228524878,71.35491947393044,74.23564132218038,6.48,20.0,-0.67,6.7
RNG,2023-08-23,28.030000686645508,28.760000228881836,27.899999618530273,28.6299991607666,842100,77.4747357631187,63.93980224233003,67.36547820346075,71.39171512811066,74.26465229893797,6.29,21.0,-0.68,6.66
RNG,2023-08-24,29.049999237060547,29.139999389648438,28.31999969482422,28.600000381469727,864000,77.20287705147905,63.940962620566324,67.10114231001047,71.13112457774052,74.00076201572568,6.12,19.0,-0.69,6.8
RNG,2023-08-25,28.610000610351562,29.329999923706055,28.479999542236328,29.020000457763672,856500,77.47951041726353,64.03638669235217,67.1356310097759,71.12495904260912,73.90997375861625,5.94,20.0,-0.7,6.78
RNG,2023-08-28,29.219999313354492,29.81999969482422,29.219999313354492,29.420000076293945,1075700,77.66368904790461,63.90203838227085,67.1602968106511,71.14156411282767,73.83017293762725,5.75,21.0,-0.7,6.77
RNG,2023-08-29,29.219999313354492,30.389999389648438,28.989999771118164,30.149999618530273,1344500,77.25562194122475,64.14024856997096,67.01636630056244,71.12168950810312,73.57650942586451,5.56,19.0,-0.7,6.86
RNG,2023-08-30,29.90999984741211,30.34000015258789,29.43000030517578,29.6200008392334,1651400,73.00084063598197,64.06978795491811,66.99404720729932,71.14401372939008,73.57786094846543,5.55,19.0,-0.7,6.86
RNG,2023-08-31,30.149999618530273,31.360000610351562,29.959999084472656,30.93000030517578,2554300,72.77091974928982,64.73365708736787,67.31725292999415,71.22330449945372,73.66331829375292,5.55,26.0,-0.69,6.69
RNG,2023-09-01,31.309999465942383,32.20000076293945,30.969999313354492,31.93000030517578,2053700,72.54426812211086,65.02241407985798,67.46379356315965,71.23500473527427,73.73434881537116,5.55,29.0,-0.68,6.62
RNG,2023-09-05,31.350000381469727,32.02000045776367,31.260000228881836,31.56999969482422,1300200,71.89638467122877,64.98061788515001,67.45259789337874,70.71775078194187,73.7382664071625,5.55,29.0,-0.67,6.62
RNG,2023-09-06,31.329999923706055,32.88999938964844,31.329999923706055,32.84000015258789,1281900,73.13847827232817,65.43120047023116,67.66650542808785,70.73081170928958,73.8495879667923,5.56,34.0,-0.66,6.51
RNG,2023-09-07,32.029998779296875,32.13999938964844,31.489999771118164,31.84000015258789,976600,73.37355900762465,64.76474332709388,67.8469081545026,70.78511927140242,73.88917219451831,5.56,35.0,-0.65,6.41
RNG,2023-09-08,31.979999542236328,32.25,31.520000457763672,31.520000457763672,1136500,73.36918872484158,64.78383838525167,67.86862429217533,70.22912038446218,73.86407159001996,5.57,36.0,-0.64,6.4
RNG,2023-09-11,31.530000686645508,31.75,31.040000915527344,31.229999542236328,1001200,72.65012138457402,64.7148528203272,67.88564803820391,70.18928362930012,73.83863350709473,5.57,37.0,-0.62,6.39
RNG,2023-09-12,30.780000686645508,31.459999084472656,30.5,30.75,1007800,71.8241636757787,63.91711913026506,67.93421159287304,70.20374740045074,73.71624104297035,5.58,39.0,-0.61,6.36
RNG,2023-09-13,30.6200008392334,30.729999542236328,29.770000457763672,30.219999313354492,930800,71.72627188684369,63.7939103455765,67.90921829038223,70.07132800844876,73.69606334055824,5.58,38.0,-0.6,6.37
RNG,2023-09-14,30.520000457763672,30.610000610351562,29.670000076293945,30.229999542236328,809600,71.06779795151684,63.53863057859483,67.89965376831522,70.0645808846376,73.63063479415479,5.58,38.0,-0.59,6.38
RNG,2023-09-15,29.809999465942383,30.15999984741211,29.450000762939453,29.920000076293945,1810800,71.02972072677503,63.241962893685354,67.89897114043471,70.06652720269727,73.63434722398713,5.59,38.0,-0.58,6.38
RNG,2023-09-18,29.729999542236328,29.93000030517578,29.020000457763672,29.31999969482422,651700,71.10405289148099,63.35719055807445,67.51264115074113,70.10408035076023,73.65795923893874,5.59,31.0,-0.56,6.58
RNG,2023-09-19,29.15999984741211,29.489999771118164,28.799999237060547,29.389999389648438,583500,70.98801327960011,63.23657733454863,67.31531849558428,69.70178519222209,73.46499269128964,5.6,26.0,-0.55,6.68
RNG,2023-09-20,29.420000076293945,30.0,28.860000610351562,28.950000762939453,1131900,40.78020746033309,63.24953882134613,67.33563098386031,69.7211196332729,73.46645255827497,5.6,28.0,-0.54,6.67
RNG,2023-09-21,28.5,28.799999237060547,27.700000762939453,28.239999771118164,1287900,36.511337601602406,63.242569837843774,67.44818252893843,69.72759910041152,73.48816291008556,5.61,31.0,-0.53,6.61
RNG,2023-09-22,28.780000686645508,29.229999542236328,28.110000610351562,29.06999969482422,1205400,35.13324720260479,63.50515394422411,67.56549837267191,69.75668571387668,73.54811696912266,5.61,36.0,-0.52,6.54
RNG,2023-09-25,28.40999984741211,29.829999923706055,28.40999984741211,29.540000915527344,824400,35.20546076719045,63.48453111339983,67.1618909856481,69.44012327901777,73.50579333652398,5.62,24.0,-0.5,6.76
RNG,2023-09-26,29.360000610351562,29.729999542236328,28.68000030517578,28.84000015258789,858500,35.80261589600283,63.6477694753222,67.1189294116868,69.45370137887691,73.51477081783625,5.62,22.0,-0.5,6.79
RNG,2023-09-27,29.229999542236328,29.549999237060547,28.260000228881836,28.65999984741211,857900,35.366239800246674,63.34170661313081,67.02897514933287,69.3704596959677,73.5146815755987,5.63,21.0,-0.5,6.84
RNG,2023-09-28,28.459999084472656,29.3700008392334,28.0,29.020000457763672,611800,32.92741127437254,63.26212307772994,66.92785295202803,69.38557104453145,73.52710790869553,5.64,19.0,-0.5,6.9
RNG,2023-09-29,29.520000457763672,30.15999984741211,29.420000076293945,29.6299991607666,727900,33.41908988776019,63.36002306805937,66.8960978827598,69.31425045374964,73.37564982715705,5.64,19.0,-0.49,6.92
RNG,2023-10-02,29.6299991607666,30.3799991607666,29.329999923706055,30.100000381469727,742900,33.41408313911231,63.27354331612261,66.92340919693758,69.33864648262804,73.2082353172676,5.65,20.0,-0.47,6.9
RNG,2023-10-03,29.6299991607666,29.809999465942383,28.459999084472656,28.690000534057617,930400,35.60718423452025,63.60742623534823,63.90322417020574,69.55586727291418,73.34808360445425,5.68,19.0,-0.49,7.64
RNG,2023-10-04,28.90999984741211,29.8799991607666,28.90999984741211,29.729999542236328,1084300,36.60017467488791,63.746569873718265,63.602238594371705,69.68682045038418,73.43916938100261,5.7,19.0,-0.48,7.86
RNG,2023-10-05,29.559999465942383,29.559999465942383,28.31999969482422,28.530000686645508,659400,38.15334468968639,61.04923311022167,63.484636670149264,69.84691474878758,73.17784958903478,5.72,19.0,-0.47,7.93
RNG,2023-10-06,28.139999389648438,30.100000381469727,28.079999923706055,30.030000686645508,933800,40.94971327103517,62.018009885497264,63.749886874342785,69.89323695309658,73.36128209421237,5.74,21.0,-0.46,7.78
RNG,2023-10-09,29.360000610351562,30.1299991607666,29.229999542236328,30.030000686645508,541600,40.766598301868456,61.939146721301675,63.13284026645343,69.63006119141498,73.36057668402923,5.77,19.0,-0.45,8.19
RNG,2023-10-10,30.290000915527344,31.170000076293945,30.059999465942383,30.290000915527344,748500,40.65733758325296,61.96804950115767,61.75114435050675,69.4127221157329,73.01767978790755,5.8,15.0,-0.44,8.98
RNG,2023-10-11,30.610000610351562,30.84000015258789,30.079999923706055,30.299999237060547,560900,40.04015775505182,61.46889131083637,61.01216132667344,69.41238830345957,72.20893678317802,5.84,14.0,-0.44,9.48
RNG,2023-10-12,30.260000228881836,30.260000228881836,29.110000610351562,29.420000076293945,619700,40.636240005838445,59.3733399521171,61.18842066703915,69.4813939809726,72.21398310278158,5.87,15.0,-0.45,9.32
RNG,2023-10-13,29.43000030517578,29.559999465942383,28.559999465942383,28.84000015258789,533600,38.84537879571886,58.05312659528761,61.044397817080856,69.45161879857208,72.16172683442774,5.89,15.0,-0.47,9.41
RNG,2023-10-16,29.1200008392334,30.15999984741211,28.709999084472656,29.979999542236328,713700,39.42404276568944,58.132608549288776,61.28268957781605,69.4513485057065,72.25472846298221,5.91,17.0,-0.48,9.26
RNG,2023-10-17,29.420000076293945,30.799999237060547,29.25,30.459999084472656,982400,39.65851787775062,57.80789502702811,61.193264071823435,69.12808924646757,72.15080742658868,5.94,17.0,-0.48,9.35
RNG,2023-10-18,30.079999923706055,30.1299991607666,29.229999542236328,29.260000228881836,540900,39.28266575562181,58.229338288078615,61.28409086154254,69.1288456423569,71.98175295945968,5.96,19.0,-0.48,9.28
RNG,2023-10-19,29.540000915527344,30.149999618530273,28.780000686645508,28.790000915527344,982800,38.62689822317356,58.217491946319235,55.3466880043769,68.46435156791533,71.99846348816911,6.01,1.0,-0.46,10.02
RNG,2023-10-20,28.780000686645508,28.780000686645508,27.5,27.639999389648438,1071400,40.08688257191579,58.65912502989139,55.68872342036343,67.80960431916392,71.70440239450355,6.05,2.0,-0.45,9.65
RNG,2023-10-23,26.68000030517578,26.959999084472656,25.56999969482422,25.600000381469727,2032900,45.231382269999926,60.01620460476483,56.922380435291245,68.29733707359354,71.99340396981478,6.07,3.0,-0.42,8.64
RNG,2023-10-24,26.030000686645508,27.450000762939453,25.739999771118164,26.989999771118164,1682700,48.302726157137755,60.84453832965785,57.46437958406547,68.43116607719364,72.18719846917242,6.07,4.0,-0.4,8.31
RNG,2023-10-25,26.559999465942383,26.799999237060547,26.06999969482422,26.1299991607666,775500,48.8469651151355,61.014443906499174,57.6493707705403,68.14362225615348,72.25351886619752,6.07,5.0,-0.37,8.13
RNG,2023-10-26,26.299999237060547,26.709999084472656,25.540000915527344,25.600000381469727,810800,49.027621464738175,60.59860084863714,57.62343976650881,68.13007365939433,72.12498406957715,6.06,5.0,-0.36,8.15
RNG,2023-10-27,25.8799991607666,25.979999542236328,25.209999084472656,25.299999237060547,782700,49.04200229736993,60.57246011417011,57.623105521306236,68.09626825116477,72.03535207865309,6.04,5.0,-0.34,8.13
RNG,2023-10-30,25.700000762939453,25.979999542236328,25.139999389648438,25.719999313354492,674800,49.24215124886147,60.76070831358964,57.66519735711165,67.95060376703094,72.0568468101185,6.01,8.0,-0.34,8.15
RNG,2023-10-31,25.729999542236328,26.670000076293945,25.600000381469727,26.579999923706055,721300,50.38603118950651,61.22383444899929,57.90013421852528,67.8083348486314,72.07805565425,5.98,9.0,-0.35,8.06
RNG,2023-11-01,26.350000381469727,26.530000686645508,25.079999923706055,25.3799991607666,1060400,51.802693045282325,46.23255880093962,58.28284645720366,67.84493640182025,72.17606355258582,5.93,10.0,-0.37,7.74
RNG,2023-11-02,26.68000030517578,27.65999984741211,26.6299991607666,27.25,1474400,55.81761298721008,46.76326074750576,58.779331278984905,67.79672819980232,72.53853980620515,5.86,11.0,-0.34,7.51
RNG,2023-11-03,27.479999542236328,28.649999618530273,27.479999542236328,28.31999969482422,1650400,56.33206373748221,46.557245811449405,59.13364648513982,60.287477322864746,72.51867317972214,5.78,12.0,-0.31,7.33
RNG,2023-11-06,28.5,28.639999389648438,27.84000015258789,28.25,1965700,56.10422880855408,46.43802184546594,59.078838474667705,60.287419544656984,72.3963541886587,5.71,12.0,-0.28,7.39
RNG,2023-11-07,29.299999237060547,29.709999084472656,27.649999618530273,29.010000228881836,2972500,56.254978994109685,46.78141811900654,58.69778157925091,60.1953179584418,71.88778085619627,5.63,11.0,-0.21,7.6
RNG,2023-11-08,28.899999618530273,29.049999237060547,27.549999237060547,27.6200008392334,1513400,58.02459740725246,47.641497108094825,59.04205002210777,60.41775346295458,72.04733897184596,5.54,13.0,-0.16,7.34
RNG,2023-11-09,27.6200008392334,28.190000534057617,26.549999237060547,26.670000076293945,1357400,58.67766676042322,47.24726988968862,59.10827065163191,60.500259455629426,72.09338315289217,5.44,15.0,-0.14,7.29
RNG,2023-11-10,26.510000228881836,27.649999618530273,26.229999542236328,27.549999237060547,977100,59.18068522846347,47.72777532527323,59.164400610679216,60.60303982479015,71.91798155758147,5.33,17.0,-0.14,7.35
RNG,2023-11-13,27.209999084472656,27.229999542236328,26.270000457763672,26.329999923706055,1163300,60.187844189876095,48.46033474585901,59.56634279572787,60.772635831209634,67.02698984009845,5.21,19.0,-0.14,7.03
RNG,2023-11-14,26.940000534057617,28.219999313354492,26.6299991607666,27.84000015258789,3188000,61.17217205726979,49.63284961131178,60.19240266368067,61.069300938299406,66.72917485793086,5.09,23.0,-0.14,6.79
RNG,2023-11-15,28.239999771118164,30.479999542236328,28.190000534057617,30.40999984741211,2715700,65.65425720473442,52.70786296867927,61.830278478403265,61.97560331246705,67.22883971143887,4.96,42.0,-0.12,6.17
RNG,2023-11-16,30.0,30.329999923706055,28.18000030517578,29.059999465942383,1965200,65.89881898529255,53.388849062705724,62.138859714778235,62.13429362677082,66.93214017376413,4.84,46.0,-0.09,5.93
RNG,2023-11-17,29.270000457763672,29.709999084472656,29.030000686645508,29.260000228881836,1052200,64.16862640056773,53.40523578754849,62.116108245920074,61.32449527602822,66.42394105465512,4.74,46.0,-0.06,5.93
RNG,2023-11-20,29.149999618530273,30.719999313354492,29.059999465942383,30.309999465942383,1098100,65.01792305689523,53.80665872259429,62.29849785824375,61.41193258425256,66.4320861334556,4.64,48.0,-0.03,5.9
RNG,2023-11-21,29.530000686645508,29.809999465942383,28.600000381469727,28.81999969482422,1870700,66.59395871053533,54.74236389850241,62.794735996549086,61.674579112673335,66.58669559160731,4.54,49.0,-0.01,5.59
RNG,2023-11-22,29.1200008392334,29.739999771118164,28.989999771118164,29.049999237060547,1086100,66.6503111989861,54.52600217262219,62.63707092542106,61.6514014300967,66.5837614581461,4.44,49.0,0.04,5.65
RNG,2023-11-24,28.850000381469727,29.3700008392334,28.5,29.309999465942383,385400,66.1723516704378,54.44213614180838,62.55592151107132,61.5822949678857,66.52470374920732,4.34,49.0,0.07,5.73
RNG,2023-11-27,28.860000610351562,28.889999389648438,27.760000228881836,27.780000686645508,1810700,67.75007949315663,54.75933046441517,63.06275542111488,61.798960272470524,66.61825555533609,4.23,52.0,0.08,5.45
RNG,2023-11-28,27.809999465942383,29.229999542236328,27.809999465942383,29.049999237060547,1186000,68.07573686916545,55.15923876706225,63.38018204186552,61.830335158133565,66.76323190357498,4.13,54.0,0.12,5.32
RNG,2023-11-29,29.68000030517578,30.8700008392334,28.950000762939453,29.15999984741211,1439200,67.90426669123778,55.131953797134706,63.174376771300324,61.829990583861836,66.73034167036629,4.02,54.0,0.18,5.39
RNG,2023-11-30,29.530000686645508,29.950000762939453,28.1299991607666,28.459999084472656,1759700,67.2696034489639,54.66454834473491,63.07482016066045,61.821267724680176,66.76656050679486,3.91,53.0,0.28,5.39
RNG,2023-12-01,28.65999984741211,30.770000457763672,28.3700008392334,30.75,1624400,70.79916996495118,56.7177617452528,62.544906924902534,62.49068220957141,66.99484844319372,3.78,49.0,0.48,5.49
RNG,2023-12-04,30.5,32.380001068115234,30.299999237060547,32.04999923706055,2513000,70.47129829234736,57.32751615072594,62.87878071711719,62.258925830456256,66.95222151181335,3.77,52.0,0.69,5.36
RNG,2023-12-05,31.6200008392334,31.8799991607666,30.5,31.0,1401300,67.15030762080166,57.70914248330059,63.01186952205619,61.92977658981638,67.01567796085538,3.75,52.0,0.92,5.27
RNG,2023-12-06,31.399999618530273,32.56999969482422,31.170000076293945,31.489999771118164,1221500,65.7634584609991,57.708225702835605,63.066200951234094,61.743542690284734,66.83194701898364,3.73,53.0,1.17,5.26
RNG,2023-12-07,31.31999969482422,34.369998931884766,31.31999969482422,32.7400016784668,3990100,65.47487162917294,58.119603196885585,63.14264814456326,61.44304497040976,66.92277521662308,3.71,55.0,1.44,5.23
RNG,2023-12-08,32.36000061035156,34.56999969482422,32.13999938964844,34.11000061035156,2048800,65.61416231125054,58.68427322489724,62.3049449890599,61.59171088816947,67.045458940112,3.7,44.0,1.49,5.5
RNG,2023-12-11,31.899999618530273,32.2400016784668,31.170000076293945,31.790000915527344,2424400,69.36743590627407,60.48958780433785,62.37840446346047,62.14777898042737,67.35183474913894,3.7,44.0,1.82,5.47
RNG,2023-12-12,30.850000381469727,32.04999923706055,30.6299991607666,31.540000915527344,1508600,69.45651199370661,60.356852915711265,62.07648598585905,62.108799150448704,67.3526051083091,3.7,39.0,2.08,5.57
RNG,2023-12-13,31.760000228881836,32.52000045776367,30.520000457763672,32.36000061035156,2169800,69.2519712598902,60.56433703267602,61.92904684019158,62.01056978662307,67.3194675565591,3.7,36.0,2.44,5.73
RNG,2023-12-14,33.08000183105469,34.75,33.040000915527344,33.810001373291016,2064400,68.19998435004766,61.072414703112074,62.31762292874452,62.141118340223244,67.39693936135595,3.7,43.0,2.75,5.61
RNG,2023-12-15,34.04999923706055,34.16999816894531,33.04999923706055,33.619998931884766,2053200,65.76656168323713,60.83056910506068,62.30475510876465,62.14009635319434,67.00839954417694,3.7,41.0,3.1,5.6
RNG,2023-12-18,33.130001068115234,34.13999938964844,32.959999084472656,33.970001220703125,1287600,65.09708421429355,60.609188264765045,62.314515473672095,62.002014328273766,66.89941112958755,3.69,42.0,3.45,5.62
RNG,2023-12-19,34.5099983215332,35.099998474121094,34.209999084472656,34.470001220703125,962100,65.0906969901936,60.59637444001036,62.20191852058824,62.01665519867943,66.88966660699487,3.68,38.0,3.69,5.66
RNG,2023-12-20,33.75,34.65999984741211,32.869998931884766,32.959999084472656,1197100,66.46369712894268,61.1336640314498,62.38955553884279,62.24050345719009,66.60633226180938,3.67,44.0,3.7,5.48
RNG,2023-12-21,33.84000015258789,34.04999923706055,33.060001373291016,34.0099983215332,953100,64.92405307168501,61.39621771805046,62.60947497463501,62.188207748820936,66.6449302278875,3.66,46.0,3.01,5.4
RNG,2023-12-22,34.130001068115234,34.720001220703125,33.810001373291016,34.189998626708984,593700,63.70117001455126,61.36569707978345,62.250516780479614,62.14395405352634,66.64089160379787,3.65,36.0,2.62,5.64
RNG,2023-12-26,34.290000915527344,34.849998474121094,34.209999084472656,34.619998931884766,887300,63.30411327614179,61.28480528225151,62.239709819615626,62.14106386700012,66.52813523307005,3.64,35.0,2.11,5.69
RNG,2023-12-27,34.77000045776367,35.06999969482422,34.31999969482422,34.970001220703125,774000,61.28467272298597,61.2438218319311,62.24489088018036,62.128176216425544,66.52950379863981,3.63,35.0,1.43,5.71
RNG,2023-12-28,34.84000015258789,35.2599983215332,34.650001525878906,34.689998626708984,686600,59.86905420553275,60.378735530287074,62.234978261252614,62.11337573842919,66.52789258643065,3.61,33.0,-0.06,5.69
RNG,2023-12-29,34.5099983215332,35.130001068115234,33.849998474121094,33.95000076293945,774100,55.24726383012648,60.2031995257306,53.22043285437326,62.13233935180595,66.56213870094763,3.73,1.0,-0.12,-0.33
RNG,2024-01-02,33.369998931884766,33.650001525878906,32.36000061035156,32.560001373291016,960700,54.978230530621616,60.22192248468773,52.518671509627005,62.330575491919795,66.39790950244982,3.84,1.0,-0.19,-0.35
RNG,2024-01-03,31.600000381469727,31.920000076293945,30.940000534057617,31.0,1854700,57.059455030164706,60.242863856616125,52.658220807663014,62.607089995275246,66.57657571556463,3.94,2.0,-0.19,-0.34
RNG,2024-01-04,30.940000534057617,31.520000457763672,30.739999771118164,31.059999465942383,2000400,56.178540036538415,60.243440796014994,52.5838325877462,62.60605186296606,66.5372537269715,4.04,2.0,-0.21,-0.33
RNG,2024-01-05,31.079999923706055,31.65999984741211,30.969999313354492,31.040000915527344,1018400,54.04666979358925,60.220423274171196,52.58253380449468,62.60614995388808,66.49308274864313,4.14,2.0,-0.22,-0.33
RNG,2024-01-08,31.239999771118164,32.66999816894531,31.149999618530273,32.36000061035156,1192000,55.21314992623814,60.81053492498298,52.879139559380995,62.74515721740189,66.36300083811862,4.24,5.0,-0.28,-0.38
RNG,2024-01-09,32.0,32.959999084472656,31.889999389648438,32.66999816894531,1347900,55.21866200080825,60.49765016541152,52.357796628284156,62.74846179602055,66.3415134862651,4.33,1.0,-0.34,-0.32
RNG,2024-01-10,32.77000045776367,33.45000076293945,32.619998931884766,33.279998779296875,1089800,52.6181834307684,60.422418824108625,52.42386401813065,62.769451192748726,66.3073322066684,4.42,2.0,-0.41,-0.33
RNG,2024-01-11,33.5,33.7400016784668,32.52000045776367,33.11000061035156,1061600,51.40288918189133,59.96143601053194,52.38289379072667,62.48964497762313,66.30720940773574,4.5,2.0,-0.47,-0.32
RNG,2024-01-12,33.33000183105469,33.939998626708984,32.900001525878906,33.060001373291016,678300,51.430949974562104,59.89106174414015,52.225294009843424,62.374973852881986,66.22183201335156,4.58,1.0,-0.52,-0.29
RNG,2024-01-16,32.61000061035156,33.2599983215332,32.0099983215332,33.060001373291016,1983900,50.739121974880675,59.26299300008333,52.132080853097285,62.358634878205386,66.2192274638571,4.65,1.0,-0.55,-0.28
RNG,2024-01-17,32.439998626708984,33.33000183105469,32.130001068115234,33.27000045776367,1375200,45.87531328593804,59.14674828023047,52.03676577494774,62.35660781567631,66.21825814009242,4.72,1.0,-0.59,-0.26
RNG,2024-01-18,33.939998626708984,33.939998626708984,32.58000183105469,33.5,919200,44.4069732151812,58.46333144585112,52.0421191176209,62.34026553355535,66.21857202130407,4.79,2.0,-0.63,-0.26
RNG,2024-01-19,33.77000045776367,34.529998779296875,33.290000915527344,34.439998626708984,951500,43.76876294427307,56.24296533306594,52.166728876937576,62.14568231528376,66.27648343531001,4.85,4.0,-0.67,-0.28
RNG,2024-01-22,34.880001068115234,36.279998779296875,34.56999969482422,35.34000015258789,1129000,44.11006654160813,55.52657035823601,52.27278487268461,62.111984301858726,66.14729712335615,4.9,6.0,-0.68,-0.3
RNG,2024-01-23,35.810001373291016,36.52000045776367,35.41999816894531,36.150001525878906,873000,43.22900178636179,55.109575358703445,52.253190836553486,62.0974305148923,65.99533832443834,4.95,6.0,-0.65,-0.3
RNG,2024-01-24,36.630001068115234,36.630001068115234,35.56999969482422,35.689998626708984,973400,41.94604795301514,54.977646308717375,52.21209440683564,62.05099035791035,65.84411982266118,5.0,5.0,-0.67,-0.29
RNG,2024-01-25,36.11000061035156,36.349998474121094,34.650001525878906,35.09000015258789,955300,36.482675263662365,55.05732454613298,51.87040788717445,62.03007935863489,65.86441872265614,5.04,1.0,-0.72,-0.24
RNG,2024-01-26,35.290000915527344,35.68000030517578,34.779998779296875,34.939998626708984,572400,36.40137002189977,55.0442638191304,51.64515289114653,62.02537775280196,65.85533024499767,5.08,1.0,-0.76,-0.2
RNG,2024-01-29,35.0099983215332,36.220001220703125,34.58000183105469,36.189998626708984,706100,37.00399456755733,55.09492126203798,51.89140198540778,60.12697791363677,65.9071159784691,5.11,3.0,-0.77,-0.24
RNG,2024-01-30,35.97999954223633,36.45000076293945,35.380001068115234,35.529998779296875,828800,35.50891168624163,54.277078375199494,51.622823536739745,59.83008152447788,65.81513177567176,5.13,1.0,-0.79,-0.2
RNG,2024-01-31,35.11000061035156,35.15999984741211,33.86000061035156,33.88999938964844,889700,38.19859215267277,53.59321883916596,51.94234729143488,59.824474449698194,65.70824027329967,5.15,5.0,-0.82,-0.23
RNG,2024-02-01,34.0,34.2599983215332,32.939998626708984,33.779998779296875,1126800,38.089689343892665,53.11357248633326,51.91772117631249,59.6842301570511,65.5994607971162,5.15,5.0,-0.86,-0.22
RNG,2024-02-02,33.349998474121094,33.869998931884766,32.810001373291016,33.65999984741211,983600,37.83947507056634,53.11875495069124,51.897868946131965,59.319244919984314,65.09952448676222,5.16,5.0,-0.9,-0.22
RNG,2024-02-05,33.540000915527344,33.540000915527344,32.779998779296875,33.13999938964844,902900,35.77817239846731,53.01978810571519,51.89850788586884,58.53954278454248,64.53012723057037,5.16,6.0,-0.93,-0.22
RNG,2024-02-06,33.13999938964844,33.66999816894531,32.900001525878906,33.369998931884766,813500,34.60949542118967,51.93573163983908,51.82568917797206,58.121387733732696,64.47205336433548,5.15,3.0,-0.96,-0.21
RNG,2024-02-07,33.529998779296875,33.630001068115234,32.790000915527344,32.91999816894531,611800,34.76073799439039,51.44680509259093,51.87720304577249,58.144873637616435,64.33200172829739,5.14,5.0,-0.98,-0.22
RNG,2024-02-08,33.04999923706055,33.5,32.2599983215332,33.36000061035156,905200,34.78825362530917,51.13492007739497,51.88315599290127,58.04550394636716,64.07739450252564,5.12,6.0,-1.01,-0.22
RNG,2024-02-09,33.7400016784668,34.25,33.34000015258789,33.709999084472656,1209000,34.799084315839664,50.14394266274377,51.79043086311603,58.00205265748646,64.04727587546762,5.11,3.0,-1.03,-0.2
RNG,2024-02-12,33.75,34.560001373291016,32.63999938964844,32.65999984741211,1200500,35.857197383384474,49.49414711370221,52.05491398999662,58.038790858600805,64.08242361399634,5.09,15.0,-1.03,-0.25
RNG,2024-02-13,31.920000076293945,31.920000076293945,30.8700008392334,31.270000457763672,1399300,37.42528476436549,47.064388192272474,52.47276437412754,58.12606320100776,64.07238116244449,5.06,25.0,-1.01,-0.3
RNG,2024-02-14,31.959999084472656,32.790000915527344,31.559999465942383,32.470001220703125,818200,37.303908547826,46.683458223018675,52.63408427797517,54.92571491402466,63.99587052045437,5.02,29.0,-0.99,-0.32
RNG,2024-02-15,32.66999816894531,32.95000076293945,32.0,32.93000030517578,1346700,34.47847714652867,46.73984033513744,52.488354347152736,54.950235780037325,63.905492716385695,4.97,26.0,-0.98,-0.3
RNG,2024-02-16,32.02000045776367,32.20000076293945,30.520000457763672,30.639999389648438,2408200,40.61914743675478,48.61352142964895,53.70602975764489,55.6021346935683,63.84656372811993,4.92,34.0,-0.97,-0.32
RNG,2024-02-20,30.139999389648438,31.049999237060547,29.860000610351562,30.860000610351562,2521400,40.678815359576724,47.47299002128782,53.57400905157612,55.538208068910656,58.040572210442946,4.86,34.0,-0.95,-0.29
RNG,2024-02-21,30.25,32.900001525878906,29.850000381469727,31.6299991607666,4587300,39.4388164435853,47.69805387885834,53.696638886505234,55.61121590169799,58.095632493534545,4.8,35.0,-0.91,-0.31
RNG,2024-02-22,32.13999938964844,32.13999938964844,29.780000686645508,30.219999313354492,2989600,41.37793705332192,48.63150305317448,54.169674229103435,55.80013784177983,58.130564290059574,4.74,37.0,-0.9,-0.37
RNG,2024-02-23,30.270000457763672,31.25,30.200000762939453,31.139999389648438,1294100,42.01609447738124,47.66608185997677,54.27725475832032,55.91319359851943,58.18101798732328,4.66,38.0,-0.88,-0.39
RNG,2024-02-26,31.190000534057617,31.799999237060547,30.649999618530273,31.06999969482422,1107100,42.00707944245124,46.829313909744414,54.223772837346765,55.88100482301523,58.142230497335554,4.59,38.0,-0.87,-0.38
RNG,2024-02-27,31.350000381469727,32.619998931884766,31.1299991607666,32.400001525878906,1587600,43.904479441547615,47.56817219983501,54.06330618730011,56.07349816925071,58.270827836860406,4.56,37.0,-0.84,-0.36
RNG,2024-02-28,31.989999771118164,33.459999084472656,31.829999923706055,33.0099983215332,1672000,44.26065649348408,47.377388377386055,53.855349833022636,56.08827483779647,58.2566057364638,4.53,37.0,-0.83,-0.33
RNG,2024-02-29,33.20000076293945,33.59000015258789,32.619998931884766,33.41999816894531,1363700,44.37015289094201,44.78877915930431,53.45546088525223,55.74638943643831,58.20632847347791,4.51,34.0,-0.8,-0.28
RNG,2024-03-01,33.380001068115234,33.970001220703125,32.689998626708984,33.869998931884766,922000,44.495399813389724,44.08182863500223,52.895093164643406,55.76883155857484,58.221589104756035,4.49,33.0,-0.81,-0.21
RNG,2024-03-04,33.59000015258789,33.77000045776367,33.060001373291016,33.310001373291016,934100,43.983788655467805,43.65985620272338,52.970903719929815,55.763269383662085,58.19632285266646,4.47,34.0,-0.8,-0.23
RNG,2024-03-05,32.529998779296875,32.77000045776367,31.350000381469727,31.530000686645508,1050900,45.873268182523006,45.035244634284,53.69470669885435,55.83233560326707,57.84474930730447,4.46,38.0,-0.79,-0.31
RNG,2024-03-06,32.20000076293945,32.4900016784668,31.760000228881836,32.290000915527344,1013100,45.93243526324011,44.58188934399792,53.82321987970402,55.820798755908974,57.84509677418471,4.46,41.0,-0.78,-0.33
RNG,2024-03-07,32.720001220703125,35.349998474121094,32.459999084472656,35.04999923706055,1741600,52.11593416555067,46.93294743674783,55.12970781742793,56.55537684163613,58.4154306880702,4.44,47.0,-0.77,-0.27
RNG,2024-03-08,35.540000915527344,36.630001068115234,35.34000015258789,36.0099983215332,1098200,52.47425051887282,44.84900302380757,55.163700310283446,56.50860080641332,58.450143420058566,4.43,48.0,-0.74,-0.28
RNG,2024-03-11,35.869998931884766,36.7599983215332,35.869998931884766,35.900001525878906,1075000,52.465012871166,44.81401110340576,54.85707941628761,56.50832876951175,58.38574544959341,4.41,47.0,-0.74,-0.23
RNG,2024-03-12,36.290000915527344,36.939998626708984,35.93000030517578,36.34000015258789,978900,51.57698262315843,44.59655756495087,54.83603319826547,56.466982388660924,58.31569170435393,4.39,47.0,-0.75,-0.23
RNG,2024-03-13,36.33000183105469,36.880001068115234,35.939998626708984,36.33000183105469,1233200,51.277364638449406,43.73431024380278,54.423146864171045,56.45566930431995,58.15324864470166,4.37,47.0,-0.73,-0.16
RNG,2024-03-14,36.34000015258789,36.43000030517578,35.209999084472656,35.400001525878906,911300,49.89661893404565,44.066312499918894,54.52862060903255,56.49161037692251,58.21245391478128,4.38,48.0,-0.7,-0.18
RNG,2024-03-15,34.91999816894531,35.27000045776367,34.54999923706055,34.970001220703125,3139100,50.03763731516613,44.10139993936692,54.144837435568995,56.494088463078555,58.17512050516079,4.38,44.0,-0.63,-0.12
RNG,2024-03-18,34.900001525878906,35.63999938964844,34.56999969482422,35.4900016784668,1068700,50.16921934868614,44.10344686849115,52.673490985438434,56.4592125276663,58.17819982678976,4.4,32.0,-0.59,-0.12
RNG,2024-03-19,35.0,35.93000030517578,34.869998931884766,35.439998626708984,742100,49.91128499858031,43.08542079636073,52.07362238628554,56.45941031349832,57.84801022936371,4.43,16.0,-0.52,-0.04
RNG,2024-03-20,35.459999084472656,36.15999984741211,34.880001068115234,36.13999938964844,891400,50.14823483303468,42.79963199054509,51.83453333013922,56.41009534870882,57.52259497834403,4.45,5.0,-0.46,0.0
RNG,2024-03-21,36.459999084472656,36.90999984741211,35.880001068115234,36.08000183105469,1084400,49.93147037797211,42.79371719502735,51.701076279091296,56.33749247709202,57.363261765473,4.48,3.0,-0.44,0.03
RNG,2024-03-22,35.970001220703125,36.0,35.189998626708984,35.459999084472656,801200,50.17450414162482,42.88490111570085,51.75010073213302,56.34084745141538,57.03030595043788,4.5,4.0,-0.47,0.02
RNG,2024-03-25,35.36000061035156,35.59000015258789,35.040000915527344,35.08000183105469,759500,50.24241719614852,42.89700539126115,51.7553871628774,56.29818268592861,57.017003668135956,4.52,5.0,-0.48,0.02
RNG,2024-03-26,35.40999984741211,35.40999984741211,34.029998779296875,34.09000015258789,999000,50.07774769215963,43.26876370967344,51.775488548271476,56.283093597663814,57.074253850043554,4.54,6.0,-0.42,0.02
RNG,2024-03-27,34.5099983215332,35.11000061035156,34.2599983215332,34.880001068115234,1004700,48.57740056126488,43.294818465832726,51.2812331097657,56.23786809507128,57.0800153638234,4.57,1.0,-0.56,0.08
RNG,2024-03-28,34.560001373291016,35.29999923706055,34.5099983215332,34.7400016784668,817100,47.53199836105272,42.40305473709929,50.122344404243705,55.15324640449499,56.952030465077065,4.6,1.0,-0.5,0.15
RNG,2024-04-01,34.56999969482422,34.849998474121094,33.5099983215332,33.7400016784668,1239900,48.24667311698477,41.58581572514739,50.03409216681519,55.23065419304167,56.968164005036215,4.63,1.0,-0.4,0.16
RNG,2024-04-02,33.0,33.16999816894531,31.93000030517578,33.13999938964844,1573100,43.45300470169151,41.77424228984737,50.127515586838946,55.22154300855575,56.99344297643128,4.66,3.0,-0.29,0.14
RNG,2024-04-03,32.97999954223633,33.56999969482422,32.91999816894531,33.25,1009900,43.432387256608074,41.77513874304478,49.968581259692016,55.219854850521266,56.87689052404927,4.69,1.0,-0.17,0.18
RNG,2024-04-04,33.54999923706055,33.83000183105469,32.599998474121094,32.75,722800,43.19898312044188,41.038430332174805,49.38304113276239,55.08978939166433,56.89256074321717,4.73,1.0,-0.06,0.26
RNG,2024-04-05,32.72999954223633,32.95000076293945,32.400001525878906,32.40999984741211,708600,41.039485642892934,41.04849272587522,49.071270149156796,54.346130430409424,56.89577155358626,4.76,1.0,-0.09,0.32
RNG,2024-04-08,32.7400016784668,33.029998779296875,32.369998931884766,32.970001220703125,550700,40.451491261835976,41.02291400636438,48.888608088812866,53.816193561511795,56.798485173600575,4.8,1.0,-0.02,0.36
RNG,2024-04-09,33.0,34.16999816894531,33.0,33.790000915527344,811800,40.955744739837115,41.31955082051065,48.43148543221998,53.7197331456169,56.81220665651485,4.83,1.0,-0.33,0.43
RNG,2024-04-10,32.34000015258789,32.91999816894531,31.959999084472656,32.369998931884766,827300,41.29491711298652,42.26006600597954,48.20192449650848,53.73775150661581,56.964926785341696,4.87,1.0,-0.35,0.45
RNG,2024-04-11,32.63999938964844,33.0099983215332,31.899999618530273,32.38999938964844,611600,40.91495247395297,42.260475051265956,46.14923618304618,53.711374327837866,56.94900626339201,4.91,1.0,-0.28,0.27
RNG,2024-04-12,31.8799991607666,32.16999816894531,31.25,31.40999984741211,941600,41.62587570819263,42.69068460673036,45.83411832775652,53.81613686462789,57.01722229732839,4.95,1.0,-0.23,0.31
RNG,2024-04-15,31.489999771118164,31.829999923706055,30.459999084472656,30.709999084472656,808100,41.76921776111904,42.88515544800287,45.97219483290858,53.86229861553504,57.030956410339705,4.98,2.0,-0.21,0.27
RNG,2024-04-16,30.559999465942383,31.139999389648438,30.0,30.3799991607666,748000,41.63996736382178,42.492299476818985,45.665827777747815,53.76802838180201,57.0371954192615,5.01,1.0,-0.21,0.34
RNG,2024-04-17,30.239999771118164,30.459999084472656,29.719999313354492,29.729999542236328,777200,39.076845331095186,42.27387469232139,45.08159842114486,53.701056182360716,57.07812057970024,5.03,1.0,-0.24,0.42
RNG,2024-04-18,29.959999084472656,30.290000915527344,29.219999313354492,29.25,1053000,38.5021477547052,42.02142238630321,45.14111403565468,53.723083584796925,57.10034872323653,5.05,2.0,-0.25,0.4
RNG,2024-04-19,29.290000915527344,29.59000015258789,29.06999969482422,29.360000610351562,736600,28.922624044612625,42.00232246610411,45.12282301297185,53.490163158923224,57.101535438004134,5.07,2.0,-0.25,0.4
RNG,2024-04-22,29.84000015258789,29.93000030517578,29.079999923706055,29.510000228881836,657000,27.41234123948249,41.93816757171206,44.301673162373476,53.46495317209353,57.065481860999675,5.08,1.0,-0.5,0.52
RNG,2024-04-23,29.65999984741211,30.81999969482422,29.65999984741211,30.530000686645508,673400,29.827878641945,42.61147002335749,44.06206339705094,53.61764236154867,57.16096429403784,5.09,1.0,-0.53,0.55
RNG,2024-04-24,30.600000381469727,30.809999465942383,29.979999542236328,30.290000915527344,691700,29.363420030487198,41.905102532179335,44.07888259905006,53.60981817118128,57.15669002925717,5.1,2.0,-0.58,0.55
RNG,2024-04-25,29.65999984741211,30.09000015258789,29.420000076293945,30.010000228881836,539700,29.32501369225344,41.803152620174714,43.929110894282246,47.921367162541465,56.948315150750574,5.1,1.0,-0.75,0.59
RNG,2024-04-26,30.299999237060547,30.950000762939453,30.299999237060547,30.639999389648438,481700,29.73921326683029,41.03184288326818,42.2967124679061,47.30388822855289,56.891131225743074,5.14,1.0,-0.75,0.45
RNG,2024-04-29,30.950000762939453,31.290000915527344,30.850000381469727,31.149999618530273,611100,30.27812909880683,41.19900784120034,41.85811888009805,47.05919655454473,56.90227249425068,5.17,1.0,-0.78,0.53
RNG,2024-04-30,30.829999923706055,30.979999542236328,29.6200008392334,29.6200008392334,1306200,32.59333620499711,42.405166696553906,42.285989535719395,47.39067608748616,57.12559990854502,5.18,2.0,-0.77,0.49
RNG,2024-05-01,29.639999389648438,30.8700008392334,29.559999465942383,30.079999923706055,950400,33.16003772716451,42.4610963634567,42.28336756830276,47.42540217836176,57.128172763025866,5.18,2.0,-0.79,0.49
RNG,2024-05-02,30.510000228881836,30.6200008392334,29.799999237060547,30.459999084472656,501000,32.76038222242062,42.52514417729721,41.86322854075893,47.382354993020655,56.93499586804456,5.18,2.0,-0.85,0.57
RNG,2024-05-03,30.950000762939453,31.280000686645508,30.260000228881836,30.489999771118164,693600,32.79767691918765,42.453465345451576,41.3267762303171,47.061997479701816,56.86209454513538,5.2,1.0,-0.89,0.67
RNG,2024-05-06,30.770000457763672,31.09000015258789,30.290000915527344,30.309999465942383,754300,32.60948278064429,42.35453132862536,39.8136200839483,47.06313465975912,56.8211204256887,5.24,1.0,-0.92,0.68
RNG,2024-05-07,30.260000228881836,30.610000610351562,29.979999542236328,29.989999771118164,985700,32.607147019367154,42.318746084520264,39.828849626421686,47.04404768573777,56.771538655730104,5.28,2.0,-0.95,0.68
RNG,2024-05-08,33.34000015258789,35.11000061035156,32.5,34.380001068115234,3263900,51.81413509759376,50.52801307287312,45.21425797699033,49.647986223500276,58.33107820035958,5.22,16.0,-0.95,4.54
RNG,2024-05-09,34.959999084472656,35.52000045776367,34.22999954223633,35.459999084472656,1332000,52.169430266746254,50.03767953708199,44.94583975990443,49.7211026553187,58.40189452683007,5.15,13.0,-0.98,4.69
RNG,2024-05-10,35.59000015258789,35.88999938964844,34.97999954223633,35.40999984741211,961600,52.155035536809315,49.48932479402905,44.93621864433087,49.66170864994227,56.85886104088579,5.07,13.0,-1.01,4.69
RNG,2024-05-13,36.0,36.72999954223633,35.75,36.630001068115234,1114400,52.222753279506705,49.87008310732393,45.22143605975696,49.811312183968305,56.70116668128578,4.98,19.0,-1.01,4.49
RNG,2024-05-14,36.9900016784668,37.689998626708984,36.65999984741211,37.68000030517578,1322700,52.34944362524661,47.7165028713529,45.37955268567957,49.88862735920058,56.554872856548876,4.88,20.0,-0.93,4.38
RNG,2024-05-15,38.06999969482422,38.349998474121094,37.31999969482422,37.959999084472656,1060300,52.3563055249149,47.71735631444059,44.7946765767862,49.87245937602655,56.451688160001076,4.78,13.0,-0.86,4.63
RNG,2024-05-16,37.97999954223633,37.97999954223633,36.41999816894531,36.58000183105469,1518900,53.43969224260599,48.218774185042506,44.94622456610593,50.0026756627103,56.30429060390784,4.66,16.0,-0.89,4.64
RNG,2024-05-17,36.59000015258789,37.060001373291016,36.459999084472656,36.91999816894531,728700,53.292005894026964,47.18461301434219,44.96088545576794,49.96170021681115,55.70216210832374,4.54,17.0,-0.92,4.62
RNG,2024-05-20,37.0099983215332,37.59000015258789,36.810001373291016,37.22999954223633,724800,53.16961126623706,46.86996864058888,44.93820286911673,49.71817431175209,55.39341554055201,4.42,15.0,-0.93,4.64
RNG,2024-05-21,36.779998779296875,36.779998779296875,35.47999954223633,36.349998474121094,1808500,53.40045452000649,47.1825608994182,45.08209176429212,49.66962848885635,55.44812515251025,4.27,20.0,-0.95,4.6
RNG,2024-05-22,36.290000915527344,36.459999084472656,35.099998474121094,35.400001525878906,921700,52.389273491158384,46.83012155653557,45.26453703043489,49.753637101009524,55.425887357401216,4.12,25.0,-0.96,4.51
RNG,2024-05-23,35.38999938964844,35.40999984741211,34.09000015258789,34.540000915527344,963800,52.99424627996102,46.99102307258814,45.304178411096615,49.62728125233005,55.44041102923145,4.13,26.0,-0.97,4.49
RNG,2024-05-24,34.5,34.79999923706055,34.04999923706055,34.540000915527344,752000,52.07872127432939,46.929051484966465,44.80148129581512,49.48823365481255,55.37466649496995,4.15,14.0,-0.98,4.72
RNG,2024-05-28,34.79999923706055,35.209999084472656,34.43000030517578,34.779998779296875,697300,51.51205835736044,46.87233678757179,44.09706512989396,49.47812050628519,55.2678611947789,4.18,12.0,-0.96,5.04
RNG,2024-05-29,34.27000045776367,34.77000045776367,34.13999938964844,34.529998779296875,688000,51.43195581400819,46.764796056372525,44.11683568291517,49.47305050391589,52.763182187175005,4.2,13.0,-0.93,5.04
RNG,2024-05-30,34.40999984741211,34.88999938964844,33.81999969482422,34.290000915527344,1080900,50.96405557138802,45.34438204532966,44.13449922606754,49.44441889054835,52.76601596801754,4.22,14.0,-0.9,5.03
RNG,2024-05-31,34.459999084472656,34.81999969482422,33.310001373291016,34.20000076293945,1294600,50.626968804548554,45.10919110941695,43.653480976312665,49.39963287129075,52.766242367592156,4.25,9.0,-0.89,5.41
RNG,2024-06-03,34.529998779296875,34.84000015258789,33.91999816894531,34.310001373291016,676200,50.628570176241496,41.8328326638236,43.63190290703439,49.4005158697025,52.716179615700455,4.28,9.0,-0.89,5.44
RNG,2024-06-04,34.11000061035156,35.060001373291016,33.869998931884766,33.970001220703125,648400,50.81875798705203,41.48421056065377,43.56672832715549,49.39943932194569,52.71827181523248,4.3,9.0,-0.89,5.53
RNG,2024-06-05,34.4900016784668,34.91999816894531,33.939998626708984,34.90999984741211,1020500,50.5200094138636,41.8834889290264,43.7692910443381,49.43576863812719,52.73669781815165,4.32,12.0,-0.9,5.33
RNG,2024-06-06,34.959999084472656,35.68000030517578,34.75,34.86000061035156,784800,50.41726162988308,41.8007435968487,43.769200255995585,49.43629398036544,52.73375442070301,4.34,12.0,-0.91,5.33
RNG,2024-06-07,34.34000015258789,34.66999816894531,34.08000183105469,34.290000915527344,593700,50.63333229943508,41.9256622434399,43.85244732437775,49.44297306378765,52.7333290104398,4.36,14.0,-0.9,5.3
RNG,2024-06-10,34.0,34.630001068115234,34.0,34.25,537600,50.417246823809556,41.601657236835614,43.84263213469177,49.34851723055541,52.70796802975727,4.38,14.0,-0.9,5.32
RNG,2024-06-11,34.0,34.290000915527344,33.380001068115234,33.720001220703125,823800,50.56759998716181,41.64780821271384,43.901740547347714,49.27551901504792,52.708667961617785,4.4,16.0,-0.9,5.31
RNG,2024-06-12,34.61000061035156,34.970001220703125,31.190000534057617,31.260000228881836,1720300,53.33945385384986,44.269707294409024,45.29413074402977,50.067079894916624,52.97808519792013,4.4,38.0,-0.94,4.96
RNG,2024-06-13,31.229999542236328,31.399999618530273,28.799999237060547,29.020000457763672,2244500,57.528725446590755,46.67855993881682,46.56020201784345,50.76115509468947,53.49063177276512,4.39,45.0,-0.94,4.62
RNG,2024-06-14,28.5,28.799999237060547,28.1200008392334,28.649999618530273,1993000,57.47194988810421,46.471683580103,46.422954838234446,50.77857910680355,53.4765127582378,4.38,45.0,-0.92,4.74
RNG,2024-06-17,28.8700008392334,28.8799991607666,28.049999237060547,28.270000457763672,1254600,57.55649070838273,46.50969069968981,46.42617202674047,50.781164740365945,53.25994728318558,4.37,46.0,-0.88,4.74
RNG,2024-06-18,28.110000610351562,28.25,27.1299991607666,27.15999984741211,1307500,58.57305027986616,47.016907768753924,46.755072618179256,50.938039568508565,53.34099146689037,4.36,48.0,-0.73,4.57
RNG,2024-06-20,27.18000030517578,27.809999465942383,27.059999465942383,27.68000030517578,1699800,58.89427486039418,47.24038983717605,46.8787710899233,50.953935585802334,53.2990990876546,4.35,49.0,-0.71,4.47
RNG,2024-06-21,27.549999237060547,28.170000076293945,27.3799991607666,27.969999313354492,2978900,41.85144205959885,47.046545509983545,46.538647174111844,50.65498216322665,53.21484543720925,4.34,47.0,-0.71,4.69
RNG,2024-06-24,27.989999771118164,28.459999084472656,27.610000610351562,28.040000915527344,1145400,40.405788136309525,46.74591732892907,46.47593536744901,50.4771994148254,53.21506737253814,4.33,47.0,-0.72,4.71
RNG,2024-06-25,27.979999542236328,27.979999542236328,27.219999313354492,27.219999313354492,1056400,40.84409539239404,47.049682627964565,46.126227838998155,50.36414356222214,53.2555818081592,4.32,44.0,-0.72,4.88
RNG,2024-06-26,27.200000762939453,27.489999771118164,26.989999771118164,26.989999771118164,1119800,38.794930794388485,46.76753446982108,46.136771431414125,49.998785982073215,53.250061865758866,4.31,45.0,-0.72,4.88
RNG,2024-06-27,27.030000686645508,28.229999542236328,26.979999542236328,27.790000915527344,1898300,38.87744482962749,47.15183882022269,46.40547090650194,50.12296168005026,53.290936841549744,4.3,47.0,-0.77,4.67
RNG,2024-06-28,28.110000610351562,28.649999618530273,27.979999542236328,28.200000762939453,2888900,39.21674727727047,47.27301146999447,46.42707015640476,50.14334444570483,53.29787301685228,4.28,50.0,-0.84,4.63
RNG,2024-07-01,28.639999389648438,29.459999084472656,28.059999465942383,29.440000534057617,2210000,41.21878214221427,48.1171607084204,46.94706934540449,50.405933703424054,53.43433690076031,4.27,56.0,-0.89,4.31
RNG,2024-07-02,29.229999542236328,29.59000015258789,27.899999618530273,28.520000457763672,1224500,41.50535290013804,48.4778890902469,47.15664990245718,50.42528067374674,53.52606375593896,4.25,57.0,-0.95,4.21
RNG,2024-07-03,28.43000030517578,28.65999984741211,28.200000762939453,28.56999969482422,832500,41.3143319091693,48.319084185521675,47.10058148521053,50.37101547033641,53.44972615467755,4.23,57.0,-1.0,4.26
RNG,2024-07-05,28.43000030517578,28.600000381469727,27.81999969482422,27.90999984741211,1258300,41.29721762441348,48.17546333437889,47.1872650065808,50.23323665275213,53.44810082299218,4.21,59.0,-1.04,4.24
RNG,2024-07-08,28.010000228881836,28.260000228881836,27.719999313354492,28.25,1148500,41.37646340908188,47.55243903095575,46.995748713849146,50.217993533346686,53.43928892183484,4.19,57.0,-1.09,4.31
RNG,2024-07-09,28.030000686645508,28.1299991607666,27.459999084472656,27.809999465942383,1323400,41.137127712529036,47.627633112102465,46.56801908511147,50.0281399219229,53.412533230585055,4.17,54.0,-1.12,4.51
RNG,2024-07-10,28.0,28.190000534057617,27.690000534057617,27.860000610351562,1011300,41.16782274534845,47.27068908034481,46.15298162039153,49.99286258753946,53.318460982008695,4.14,47.0,-1.16,4.79
RNG,2024-07-11,28.43000030517578,29.34000015258789,28.43000030517578,28.959999084472656,1042800,43.09976286803471,47.798097175495045,46.529529708428626,49.96915930872633,53.3775060794486,4.12,53.0,-1.19,4.55
RNG,2024-07-12,29.239999771118164,31.170000076293945,29.040000915527344,30.760000228881836,1871100,47.195843271488826,49.36917498874621,46.14657656505654,49.62740886845703,52.9093424138462,4.08,46.0,-1.19,4.47
RNG,2024-07-15,30.93000030517578,31.700000762939453,30.639999389648438,31.350000381469727,1322500,47.64482447716444,49.30375198366993,46.23129394951157,49.289824019134244,52.9267626942628,4.03,49.0,-1.19,4.4
RNG,2024-07-16,31.530000686645508,32.47999954223633,31.190000534057617,32.45000076293945,1333100,48.867761644834815,49.645461321946186,46.3900993790141,49.29047776800147,53.00976035925139,3.99,50.0,-1.18,4.31
RNG,2024-07-17,32.0,32.939998626708984,31.979999542236328,32.720001220703125,1705800,48.934628769553,49.66203791443197,45.81935925796638,49.22973031721607,53.01461954549011,3.93,42.0,-1.16,4.54
RNG,2024-07-18,32.689998626708984,33.41999816894531,31.959999084472656,32.279998779296875,1115100,48.99883698416844,49.75605803354865,45.63404263778075,49.23674996755289,52.9158195921381,3.87,41.0,-1.15,4.71
RNG,2024-07-19,32.349998474121094,32.900001525878906,32.130001068115234,32.790000915527344,648900,48.51465053547097,49.385644763418895,45.69662990271803,49.23343061823072,52.388510285822775,3.81,43.0,-1.14,4.65
RNG,2024-07-22,33.13999938964844,33.220001220703125,31.829999923706055,32.41999816894531,819400,48.58806631881799,49.41785998266556,45.24905585385879,49.112542943918264,51.969734675611136,3.75,37.0,-1.14,4.98
RNG,2024-07-23,32.38999938964844,33.0,32.150001525878906,32.5099983215332,684700,48.42387081273495,49.371034248730254,45.1526067087197,48.789292757518844,51.837486774140785,3.69,35.0,-1.14,5.07
RNG,2024-07-24,32.459999084472656,33.119998931884766,31.75,31.809999465942383,687800,48.76816702425461,49.42528234304819,45.236915000374694,48.1542809578416,51.721973280994405,3.64,38.0,-1.14,5.06
RNG,2024-07-25,32.099998474121094,34.43000030517578,31.81999969482422,34.290000915527344,1306600,53.49722608773262,51.63696010890576,46.75326434161403,48.7473732950887,52.25579671621162,3.59,66.0,-1.15,4.41
RNG,2024-07-26,34.709999084472656,35.65999984741211,34.41999816894531,34.90999984741211,1312900,48.545885283370176,50.587480007176886,46.759433514434804,48.78624867412355,52.28249092262786,3.54,68.0,-1.16,4.36
RNG,2024-07-29,35.0,35.34000015258789,34.34000015258789,34.66999816894531,808100,42.709407265314056,50.55538799303589,45.92549437569364,48.70181086839837,52.275456849703794,3.47,49.0,-1.17,4.7
RNG,2024-07-30,34.810001373291016,35.2400016784668,34.47999954223633,34.529998779296875,732000,42.44915410329432,50.526977032983254,45.785111218646556,48.339854184070006,52.203863716487874,3.39,47.0,-1.18,4.84
RNG,2024-07-31,34.599998474121094,35.459999084472656,34.20000076293945,35.04999923706055,1101900,42.10616625791661,50.59490726759961,43.95312295397659,48.17364916687538,52.14586225924941,3.29,18.0,-1.18,5.57
RNG,2024-08-01,34.79999923706055,35.2400016784668,32.900001525878906,33.45000076293945,1397300,42.79469637486729,51.56067781509716,44.35625714826652,48.36829998486084,52.34636792711842,3.18,25.0,-1.16,5.44
RNG,2024-08-02,37.36000061035156,38.27000045776367,33.84000015258789,35.2599983215332,3146000,44.69275606227513,52.541074952164294,45.15781998877096,48.4353259076436,52.43682293854929,3.07,38.0,-1.15,4.9
RNG,2024-08-05,32.33000183105469,35.58000183105469,32.189998626708984,34.869998931884766,1280800,45.02907220915081,44.57855848931695,45.14696680354854,48.02758252473199,52.42150693103119,2.95,37.0,-1.14,4.94
RNG,2024-08-06,35.099998474121094,35.33000183105469,33.72999954223633,33.790000915527344,1201900,46.40181956626435,44.577467976886744,45.41519275421155,47.05230806752606,52.50258377270255,2.83,48.0,-1.12,4.81
RNG,2024-08-07,34.220001220703125,34.9900016784668,33.0,33.02000045776367,1106700,45.99418328683807,44.81006331274685,45.37678124946217,46.81841506691495,52.54241453121124,2.7,47.0,-1.1,4.83
RNG,2024-08-08,33.40999984741211,34.2599983215332,33.189998626708984,33.7599983215332,861200,45.987771604865515,44.48203772603617,45.48264703300963,46.88169005797256,48.48177178466582,2.58,50.0,-1.09,4.72
RNG,2024-08-09,33.720001220703125,33.939998626708984,31.790000915527344,32.06999969482422,1129600,48.534227335611504,45.20424173439062,46.12983005642368,47.10493470101226,48.27494724646799,2.49,60.0,-1.07,4.47
RNG,2024-08-12,32.060001373291016,32.54999923706055,31.399999618530273,31.690000534057617,1425200,48.67524340917361,45.1934742410835,46.1622894822461,46.740208148590995,48.09218171042262,2.41,65.0,-1.05,4.47
RNG,2024-08-13,31.780000686645508,32.619998931884766,31.600000381469727,32.61000061035156,1260400,47.84008759354301,45.0850812723356,46.2878026186731,46.85026103738657,48.143814725235224,2.33,67.0,-1.02,4.38
RNG,2024-08-14,32.630001068115234,33.529998779296875,32.470001220703125,33.119998931884766,939900,46.77110671905972,45.16958580606235,46.36209766830909,46.87319721553731,48.16742043742748,2.26,68.0,-0.99,4.31
RNG,2024-08-15,33.599998474121094,34.16999816894531,33.54999923706055,33.959999084472656,850300,47.11719157090807,45.45855842723947,46.466694774723585,46.51317597447544,48.18224048380538,2.17,74.0,-0.97,4.2
RNG,2024-08-16,33.86000061035156,33.939998626708984,33.220001220703125,33.77000045776367,1171200,46.43921094854736,45.22768101132279,46.444666343094596,46.229529306850445,47.958312290238574,2.09,74.0,-0.95,4.21
RNG,2024-08-19,33.7400016784668,34.34000015258789,33.709999084472656,34.150001525878906,884500,46.43007995320602,44.987500313196804,46.25799190150897,46.24448316193623,47.966999422241344,1.99,67.0,-0.95,4.27
RNG,2024-08-20,34.0099983215332,34.2400016784668,33.18000030517578,33.4900016784668,663900,46.600295731141436,44.88373495246196,46.21381368499019,46.21127793420268,47.985032498244166,1.91,66.0,-0.93,4.34
RNG,2024-08-21,33.83000183105469,33.83000183105469,32.09000015258789,32.959999084472656,1891000,47.0278301329893,44.99484925709687,46.27633471612674,45.34800158519072,47.949164353735256,1.85,69.0,-0.91,4.32
RNG,2024-08-22,33.349998474121094,33.77000045776367,32.77000045776367,32.83000183105469,1650800,46.03210952834573,44.97050525404712,46.0510109389493,45.08719103124427,47.9149240073922,1.8,59.0,-0.9,4.42
RNG,2024-08-23,32.959999084472656,33.84000015258789,32.720001220703125,33.810001373291016,1131400,43.56437899287508,45.3776454389824,46.20185415075766,45.042987967586136,47.95431599354664,1.74,67.0,-0.91,4.28
RNG,2024-08-26,33.84000015258789,34.099998474121094,33.5,33.650001525878906,780100,43.35682646755036,45.36603796359429,46.20573715901335,45.010772104215086,47.95706120332079,1.68,68.0,-0.91,4.28
RNG,2024-08-27,33.31999969482422,34.150001525878906,33.15999984741211,33.93000030517578,835400,42.32248597078201,45.39739204712816,46.15833290405948,44.786686893295766,47.94283321646776,1.63,66.0,-0.92,4.28
RNG,2024-08-28,33.7599983215332,33.95000076293945,33.0,33.43000030517578,811600,42.53005075152668,45.491324251440965,46.18987083458219,44.55738720959334,47.94965627466449,1.59,68.0,-0.93,4.27
RNG,2024-08-29,33.720001220703125,34.459999084472656,33.630001068115234,33.849998474121094,1086100,42.440838526716384,45.523114416710676,46.15267710832606,43.78844419408893,47.90427750304793,1.55,65.0,-0.94,4.3
RNG,2024-08-30,34.060001373291016,34.56999969482422,33.130001068115234,33.33000183105469,1145100,42.50244031008034,45.268642517650306,46.05362424445387,43.81773958346436,47.89621190703496,1.52,60.0,-0.93,4.41
RNG,2024-09-03,33.0,33.63999938964844,32.689998626708984,32.849998474121094,856000,42.58899544311919,45.35599703317201,45.60007395523424,43.748179017683576,47.72595445253992,1.49,51.0,-0.93,4.62
RNG,2024-09-04,31.440000534057617,31.90999984741211,28.84000015258789,29.149999618530273,3036200,54.95473637085816,51.37311925330429,49.39698852164399,45.674727200205176,49.099687495264675,1.54,100.0,-0.97,4.8
RNG,2024-09-05,29.149999618530273,29.579999923706055,28.860000610351562,29.0,1326900,54.688766329785444,51.37452388360933,49.17233000050448,45.67405531316729,49.08970437831079,1.59,99.0,-1.01,4.92
RNG,2024-09-06,29.110000610351562,29.579999923706055,28.059999465942383,28.059999465942383,1615800,50.03784780077284,51.68173962096295,49.31708308038735,45.81207955637548,49.03452044671683,1.64,99.0,-1.04,4.84
RNG,2024-09-09,28.280000686645508,28.8799991607666,27.700000762939453,27.719999313354492,1600000,49.50955359030058,49.45711923849644,49.32466269853734,45.792747320459085,48.95402055123983,1.69,99.0,-1.07,4.84
RNG,2024-09-10,27.729999542236328,27.950000762939453,27.239999771118164,27.75,1664300,49.574583326343415,47.10392649748724,49.21354998110107,45.49881996935738,48.94488718739526,1.73,97.0,-1.09,4.9
RNG,2024-09-11,27.549999237060547,28.420000076293945,27.5,28.0,1318800,49.794597427069235,47.07688770191021,49.17316916765354,45.351825473546796,48.94612795057064,1.77,96.0,-1.1,4.92
RNG,2024-09-12,28.09000015258789,28.670000076293945,27.729999542236328,28.329999923706055,846600,49.6796160684038,47.06223454344738,49.206679601586345,45.37092784939735,48.93771782613636,1.81,96.0,-1.11,4.89
RNG,2024-09-13,28.5,29.8799991607666,28.5,29.3799991607666,1211800,49.75869792953455,46.888184716229105,49.54461556576006,45.55903584639314,49.0448631787786,1.85,100.0,-1.11,4.69
RNG,2024-09-16,29.440000534057617,30.889999389648438,29.360000610351562,30.309999465942383,2273600,47.97373241411205,47.15028844892744,49.497365786378055,45.69880173875874,49.144473092205345,1.88,99.0,-1.12,4.72
RNG,2024-09-17,30.5,30.93000030517578,29.690000534057617,30.040000915527344,1069500,47.95392082699424,47.16106289989075,49.501894458290046,45.700956108605325,49.14179476176239,1.92,99.0,-1.12,4.71
RNG,2024-09-18,29.979999542236328,30.81999969482422,29.579999923706055,30.09000015258789,1170700,47.320577516799574,47.16038226642439,49.48058434475075,45.63498043037525,49.09987472810924,1.95,97.0,-1.12,4.73
RNG,2024-09-19,30.959999084472656,30.959999084472656,30.270000457763672,30.360000610351562,1298200,47.10119270824004,46.74338804094232,49.38980617590031,45.385332228974754,49.107296320924824,1.95,95.0,-1.12,4.78
RNG,2024-09-20,30.200000762939453,30.799999237060547,30.030000686645508,30.31999969482422,3357200,46.50771177101301,46.69895644848569,49.318316608260574,45.01400774292966,49.08376953513279,1.94,93.0,-1.13,4.83
RNG,2024-09-23,30.43000030517578,30.790000915527344,29.75,30.420000076293945,1304100,44.27302848405269,46.35329428528299,48.66220199885312,45.01516929118197,49.02040285222964,1.93,87.0,-1.12,5.17
RNG,2024-09-24,30.8799991607666,30.959999084472656,30.239999771118164,30.6200008392334,1041400,44.22838971796041,46.28494054123097,48.61232410166071,45.02203441136655,48.939956668796796,1.91,86.0,-1.11,5.21
RNG,2024-09-25,30.469999313354492,30.780000686645508,30.149999618530273,30.239999771118164,1062500,43.42190414868082,45.54313540501016,48.612583035132076,44.770714979828284,48.93044124641626,1.89,86.0,-1.12,5.22
RNG,2024-09-26,30.719999313354492,31.09000015258789,30.299999237060547,31.06999969482422,1154200,43.96488692513247,45.362217519486556,48.803116057289195,44.87338709558025,48.94461767337007,1.84,87.0,-1.11,5.09
RNG,2024-09-27,31.34000015258789,31.56999969482422,31.170000076293945,31.540000915527344,908000,43.519924200583326,45.447612890815094,48.849536490323864,44.85474390147599,48.96223963686423,1.75,87.0,-1.09,5.05
RNG,2024-09-30,31.549999237060547,32.02000045776367,31.459999084472656,31.6299991607666,1132700,43.535845009988265,45.147746247557905,48.81902947393915,44.85259313114271,48.94780695921509,1.65,86.0,-1.07,5.07
RNG,2024-10-01,31.489999771118164,31.75,30.520000457763672,30.690000534057617,821600,44.07879530710204,45.576211273452785,43.91877231540953,44.991859054914386,48.99926116128627,1.66,9.0,-1.07,3.15
RNG,2024-10-02,30.709999084472656,31.559999465942383,30.579999923706055,31.309999465942383,2240200,44.32309885890167,45.59203941176128,43.74959448253797,45.0566361651669,49.01473711251293,1.68,4.0,-1.04,3.22
RNG,2024-10-03,31.0,31.43000030517578,30.84000015258789,31.030000686645508,1354800,44.18159169058883,45.647337095592384,43.76683659395486,45.061329466864514,48.78485829141964,1.69,5.0,-1.02,3.2
RNG,2024-10-04,31.520000457763672,31.520000457763672,30.799999237060547,30.979999542236328,840500,44.17786522071026,44.9974869138752,43.40149346982107,45.05322943351133,48.6563054286128,1.71,1.0,-0.99,3.34
RNG,2024-10-07,30.899999618530273,31.0,30.0,30.09000015258789,1340300,43.826065865777636,43.6881367053903,43.35032484626514,45.055813851729134,48.56828992759443,1.73,1.0,-1.04,3.3
RNG,2024-10-08,29.989999771118164,30.18000030517578,29.65999984741211,29.829999923706055,1925400,43.84759227807657,43.5320499086318,43.3343409383998,44.95438570143313,48.305127427035835,1.75,1.0,-1.14,3.3
RNG,2024-10-09,29.829999923706055,30.829999923706055,29.799999237060547,30.40999984741211,3651500,44.228696875604356,43.11424736655716,43.11030358439166,44.931018541457355,48.34360217670823,1.77,1.0,-1.14,3.47
RNG,2024-10-10,29.940000534057617,31.850000381469727,29.940000534057617,31.350000381469727,2313300,45.17026806198384,43.55672469549665,43.37958582960509,45.061714700987196,48.43161625617534,1.79,4.0,-1.17,3.35
RNG,2024-10-11,31.530000686645508,32.75,31.34000015258789,32.720001220703125,1231200,46.84438186678966,44.36970907807119,43.92198276033407,45.31224263828154,48.61892457108879,1.8,17.0,-1.25,3.15
RNG,2024-10-14,32.720001220703125,32.880001068115234,32.400001525878906,32.709999084472656,853000,46.64650306041006,44.25274767737003,43.772003557720716,45.30987269265316,48.52697316321161,1.81,13.0,-1.28,3.25
RNG,2024-10-15,32.66999816894531,32.970001220703125,32.400001525878906,32.83000183105469,765200,46.473605187377565,44.19581200382813,43.587452173352986,45.11514686822739,48.48504994770864,1.83,7.0,-1.28,3.38
RNG,2024-10-16,32.88999938964844,33.04999923706055,32.5,32.88999938964844,730200,29.61487380009229,44.19389363203608,43.42108500795517,45.065847743688344,48.33292654028917,1.85,6.0,-1.26,3.51
RNG,2024-10-17,32.619998931884766,32.97999954223633,32.34000015258789,32.959999084472656,675500,29.493599844096018,43.95741833176835,43.42300666905348,44.720907908262234,48.308158375210574,1.86,7.0,-1.25,3.51
RNG,2024-10-18,33.31999969482422,34.0,33.2400016784668,33.93000030517578,1009300,28.134848792738715,41.572625379017026,43.6595213157008,44.85213049293441,48.22115477511983,1.87,12.0,-1.25,3.41
RNG,2024-10-21,33.90999984741211,34.41999816894531,33.869998931884766,34.099998474121094,1373400,27.587227703338858,41.416443729442676,43.65295817943404,44.85393295805759,48.19367123667474,1.87,11.0,-1.25,3.43
RNG,2024-10-22,33.93000030517578,34.36000061035156,33.4900016784668,34.0099983215332,866400,27.67651670828822,41.39706249878752,43.64107162604671,44.816534288717655,48.015045920673685,1.88,11.0,-1.25,3.44
RNG,2024-10-23,34.06999969482422,34.22999954223633,33.22999954223633,33.45000076293945,747100,28.481449301163792,41.52511572906933,43.718140913720646,44.8528824381588,47.41367061409406,1.88,14.0,-1.24,3.38
RNG,2024-10-24,33.650001525878906,34.279998779296875,33.650001525878906,34.18000030517578,796600,28.797757522067684,41.65295812295194,43.85200895174222,44.895853431477995,47.17303499872734,1.88,20.0,-1.24,3.33
RNG,2024-10-25,34.220001220703125,34.439998626708984,33.70000076293945,33.81999969482422,661400,27.72474728801231,40.58172364089168,43.8557464672238,44.88685652201001,47.06871375553804,1.87,21.0,-1.24,3.32
RNG,2024-10-28,34.099998474121094,34.2599983215332,33.90999984741211,34.09000015258789,762700,26.59190402693422,39.1182992724945,43.65584050825775,44.879743478070615,47.0240994031596,1.87,11.0,-1.24,3.41
RNG,2024-10-29,33.88999938964844,34.59000015258789,33.88999938964844,34.209999084472656,1118500,26.311799558616265,39.064506986056166,43.65945546541185,44.722592560972146,47.00676804104401,1.88,12.0,-1.24,3.41
RNG,2024-10-30,34.20000076293945,35.79999923706055,34.20000076293945,35.560001373291016,1168000,28.11354062155041,39.32101486344817,44.012645547590765,44.64800929274596,47.13172565545013,1.87,25.0,-1.22,3.31
RNG,2024-10-31,35.619998931884766,36.439998626708984,35.290000915527344,36.0099983215332,1160500,28.17118498712139,39.07310288029095,44.054523523205965,44.45404518665574,47.03864822916885,1.87,25.0,-1.19,3.31
RNG,2024-11-01,36.2400016784668,37.209999084472656,36.11000061035156,36.45000076293945,1283500,28.150404825872116,38.89976706589988,44.0165992669929,44.44641121754685,46.80962383835322,1.87,24.0,-1.14,3.36
RNG,2024-11-04,36.36000061035156,36.7599983215332,35.88999938964844,36.15999984741211,1126000,28.43786864022403,37.37909235130895,42.298508284913616,43.61081460370727,46.29331533255691,1.91,1.0,-1.13,3.85
RNG,2024-11-05,36.119998931884766,36.630001068115234,35.58000183105469,36.61000061035156,1190700,28.501794234344796,37.324132218208916,40.54612399998657,43.62566662896621,46.154913094333345,1.98,1.0,-1.08,4.42
RNG,2024-11-06,37.18000030517578,38.02000045776367,37.029998779296875,37.5,1562300,28.41280697236257,37.19788287471711,40.617460632018236,43.62094493335053,46.210787258921634,2.06,2.0,-0.96,4.42
RNG,2024-11-07,37.91999816894531,38.90999984741211,37.709999084472656,38.79999923706055,1828200,28.9072394238577,37.67047526803431,40.83785195426737,43.44240442128679,46.25850480611829,2.12,3.0,-0.7,4.34
RNG,2024-11-08,38.5,40.97999954223633,36.66999816894531,37.970001220703125,2624300,29.999010806865645,37.698934446855894,40.444205534089164,43.39324150011285,46.03990138508738,2.18,1.0,-0.62,4.58
RNG,2024-11-11,38.2599983215332,38.650001525878906,36.0,36.209999084472656,2144600,33.7893364419077,39.006148565807926,41.159733558836194,43.77049951955678,46.15515390958892,2.23,5.0,-0.62,4.13
RNG,2024-11-12,35.7599983215332,37.040000915527344,35.61000061035156,36.27000045776367,1248500,32.17143398648194,38.95036522142147,41.14131450079639,43.497104862290364,46.0484315133377,2.28,5.0,-0.62,4.13
RNG,2024-11-13,36.310001373291016,38.290000915527344,36.25,37.939998626708984,1421200,33.916110791369285,39.73556198353082,41.68865465299505,43.76194730669581,46.02066657461073,2.31,7.0,-0.58,3.88
RNG,2024-11-14,37.93000030517578,38.150001525878906,36.689998626708984,36.7400016784668,1046100,35.45792471508487,40.18525214991381,41.73956836540634,43.91262933567814,45.818143640548094,2.34,8.0,-0.59,3.85
RNG,2024-11-15,36.31999969482422,36.650001525878906,35.29999923706055,35.779998779296875,1101900,36.612779794198225,40.58633588450953,41.96269637330123,44.0015457336865,45.05637835621065,2.37,9.0,-0.61,3.7
RNG,2024-11-18,35.54999923706055,35.650001525878906,34.130001068115234,35.029998779296875,1478400,36.03928088065314,40.42080392717762,41.91848394435427,44.02928541903914,44.87252796584302,2.4,9.0,-0.6,3.67
RNG,2024-11-19,34.63999938964844,36.040000915527344,34.47999954223633,35.560001373291016,1034600,35.90804854504875,40.512178432521196,41.92130246747499,43.57016523351279,44.89110537504768,2.42,10.0,-0.59,3.67
RNG,2024-11-20,35.529998779296875,35.689998626708984,34.79999923706055,35.040000915527344,692200,36.15620816273661,40.607937644082135,41.494015508945715,43.52053354662231,44.78378763862768,2.45,7.0,-0.57,3.82
RNG,2024-11-21,35.209999084472656,35.5,34.41999816894531,34.869998931884766,1516200,35.414259224975694,40.49781150560822,41.15981462542359,42.42860856990461,44.4938784177942,2.48,7.0,-0.54,4.05
RNG,2024-11-22,34.95000076293945,37.09000015258789,34.91999816894531,36.90999984741211,1329300,36.97077349870872,42.04067290255053,42.070460491551884,42.841230222639744,44.84068955767144,2.5,14.0,-0.52,3.7
RNG,2024-11-25,37.38999938964844,39.130001068115234,37.25,38.9900016784668,1541900,39.75820808038486,43.282476209645395,42.67049366486817,43.325122233343606,45.1564544724364,2.51,16.0,-0.43,3.54
RNG,2024-11-26,38.689998626708984,38.880001068115234,38.150001525878906,38.63999938964844,1026200,39.98812041864373,43.20428900755344,42.69181125036828,43.3169764467147,44.8327007907537,2.51,17.0,-0.38,3.5
RNG,2024-11-27,38.83000183105469,39.27000045776367,37.93000030517578,38.060001373291016,652700,40.420347809863195,35.13686490828557,42.68546682245228,43.35556373969152,44.650146220656275,2.52,17.0,-0.39,3.51
RNG,2024-11-29,38.099998474121094,38.310001373291016,37.41999816894531,37.630001068115234,380900,40.68797289879048,35.23215430195987,42.74705820573181,43.265836567242324,44.666599373321084,2.53,19.0,-0.42,3.46
RNG,2024-12-02,37.599998474121094,38.0099983215332,37.2400016784668,37.7599983215332,789500,40.01456889709896,34.36560470879654,42.361845463422085,43.24151232053874,44.59486993828919,2.54,16.0,-0.42,3.63
RNG,2024-12-03,37.31999969482422,38.470001220703125,36.939998626708984,37.04999923706055,3768100,40.54006747886732,34.53801657977479,41.475934236104074,43.26834704109047,43.97715043004245,2.57,8.0,-0.45,3.89
RNG,2024-12-04,37.790000915527344,40.59000015258789,37.40999984741211,39.790000915527344,2268500,45.097787894202945,37.117507052631154,42.83671141321733,44.07814142339176,44.355414198244794,2.57,22.0,-0.4,3.54
RNG,2024-12-05,39.900001525878906,40.189998626708984,38.47999954223633,38.5,1160600,46.02542755565424,37.95954675381831,42.88807494330504,44.19868500647784,44.35270151163713,2.58,23.0,-0.46,3.47
RNG,2024-12-06,39.11000061035156,41.040000915527344,38.849998474121094,41.029998779296875,1596000,48.89225272581159,39.78207737427776,43.99034273460589,44.82780320886561,44.770991321483926,2.58,46.0,-0.33,3.13
RNG,2024-12-09,41.349998474121094,41.91999816894531,40.72999954223633,41.72999954223633,1386200,48.72659610300591,39.348034483949625,43.97753941356437,44.816854936046255,44.63794041345609,2.58,46.0,-0.17,3.15
RNG,2024-12-10,41.36000061035156,42.189998626708984,41.13999938964844,41.25,2252600,49.02122829931526,39.14784092352226,43.983502740057986,44.819870514261744,44.47386196094774,2.58,47.0,-0.15,3.13
RNG,2024-12-11,41.38999938964844,42.15999984741211,40.220001220703125,41.81999969482422,1151500,49.05910486151031,39.07511876040647,43.965609652564055,44.70706153147173,43.91405868862541,2.58,46.0,-0.12,3.16
RNG,2024-12-12,41.650001525878906,41.7400016784668,40.709999084472656,41.349998474121094,1138500,48.359812717192675,39.21976952223911,44.02050269916471,44.65571613604229,43.922377215888645,2.59,52.0,-0.17,3.12
RNG,2024-12-13,40.880001068115234,41.060001373291016,38.27000045776367,39.04999923706055,1694600,51.540501344616786,41.249241588519325,44.86798062851523,45.17974436387877,44.23752921847679,2.59,55.0,-0.25,2.84
RNG,2024-12-16,38.88999938964844,40.45000076293945,38.869998931884766,39.93000030517578,1216100,51.78515671331856,41.397849061317565,43.44096530778817,45.111434598402965,44.07900674146413,2.58,31.0,-0.34,3.09
RNG,2024-12-17,39.75,39.970001220703125,38.75,39.2400016784668,1180600,52.031638018157636,41.64269976579173,43.46378310772906,45.10845931953057,44.11169225377385,2.58,32.0,-0.42,3.05
RNG,2024-12-18,39.34000015258789,39.59000015258789,37.439998626708984,37.66999816894531,908100,53.440410816613216,42.6505798287576,43.95516409161212,45.37736835844875,44.294809171558576,2.58,48.0,-0.48,2.81
RNG,2024-12-19,37.9900016784668,38.290000915527344,36.56999969482422,37.15999984741211,1275900,53.14140689422313,42.669469325040836,44.0085318863389,45.37024869537131,44.29393829575805,2.58,53.0,-0.52,2.77
RNG,2024-12-20,36.75,37.70000076293945,36.27000045776367,37.45000076293945,2563600,52.201021577656036,42.39513695236663,43.9642714071326,45.358474626569276,44.068006735232935,2.58,48.0,-0.56,2.79
RNG,2024-12-23,37.20000076293945,37.7599983215332,36.90999984741211,37.349998474121094,696500,51.84383766774441,42.33799130986759,43.306926110545774,45.318620761647374,43.96006812631409,2.58,25.0,-0.6,3.09
RNG,2024-12-24,37.27000045776367,37.27000045776367,36.709999084472656,36.9900016784668,342800,49.99664719623843,42.415453794022355,42.54059089235435,45.245750210104305,43.968766062627445,2.59,18.0,-0.63,3.35
RNG,2024-12-26,36.810001373291016,37.75,36.599998474121094,37.369998931884766,627800,50.072285631689326,41.88668084972987,42.527351147559315,44.96360528042097,43.963017610999934,2.6,18.0,-0.67,3.37
RNG,2024-12-27,37.27000045776367,37.27000045776367,35.47999954223633,36.11000061035156,710800,49.28367934500447,42.43558438738945,42.58428674898821,45.154965109763026,44.087792583201725,2.61,20.0,-0.68,3.34
RNG,2024-12-30,35.880001068115234,35.880001068115234,35.06999969482422,35.459999084472656,852100,48.69525736789165,42.58203319480194,42.52203160193464,45.05664518062548,44.118239535112295,2.62,18.0,-0.69,3.38
RNG,2024-12-31,35.689998626708984,35.779998779296875,34.900001525878906,35.0099983215332,588800,48.23645816960811,42.68626094040563,42.43499724149583,45.00059655444637,44.08367360667641,2.63,18.0,-0.69,3.4
RNG,2025-01-02,35.59000015258789,35.84000015258789,34.790000915527344,34.83000183105469,683000,47.86798412491907,42.21816710640692,41.62779153127153,44.98517746337985,43.88562541690717,2.64,10.0,-0.68,3.79
RNG,2025-01-03,34.0,35.43000030517578,34.0,35.400001525878906,846200,47.90284099643568,42.24667436103195,41.64827392319461,44.942951399108,43.63337251927695,2.65,11.0,-0.66,3.81
RNG,2025-01-06,35.709999084472656,37.22999954223633,35.689998626708984,36.77000045776367,1620800,48.93301824374917,42.72835423678579,41.8315883376794,45.10792523774538,43.79355882397157,2.66,14.0,-0.68,3.72
RNG,2025-01-07,35.66999816894531,35.790000915527344,33.72999954223633,34.029998779296875,2488500,54.023165385557036,45.421943031624515,43.58765141473228,46.05803913442036,44.48457689975978,2.66,43.0,-0.67,3.29
RNG,2025-01-08,34.06999969482422,34.5099983215332,33.29999923706055,33.56999969482422,1162800,51.277305716816755,44.69055619578249,43.460136065363976,46.08676075280938,44.31260703916217,2.65,41.0,-0.67,3.33
RNG,2025-01-10,33.04999923706055,33.33000183105469,32.5,32.95000076293945,1171800,48.39823767261856,44.86105915318745,43.55121056949883,45.97249595814086,44.34223982651015,2.65,43.0,-0.68,3.26
RNG,2025-01-13,32.5,32.72999954223633,32.13999938964844,32.400001525878906,1386000,48.49894627253518,44.98842404862445,43.591083522435795,46.007422288170275,44.33528315142889,2.64,46.0,-0.69,3.22
RNG,2025-01-14,32.5,33.0,31.90999984741211,32.810001373291016,1406600,48.70371681529201,45.06317114571111,43.5328639141555,46.01551026098807,44.35050073729788,2.64,43.0,-0.7,3.28
RNG,2025-01-15,33.72999954223633,34.380001068115234,33.40999984741211,33.45000076293945,986100,49.16216504274128,45.235889050669094,43.568154171962355,46.00679091341024,44.39243955502219,2.63,45.0,-0.69,3.29
RNG,2025-01-16,33.4900016784668,33.970001220703125,33.099998474121094,33.52000045776367,1364000,49.14603669742445,44.83959501511588,43.56424077344143,45.967722317859305,44.392909762757725,2.63,45.0,-0.69,3.3
RNG,2025-01-17,34.119998931884766,34.20000076293945,33.16999816894531,33.810001373291016,727900,49.06431360330119,44.8636296578294,43.33381421000838,45.57869273817141,44.396736486852284,2.62,34.0,-0.69,3.4
RNG,2025-01-21,34.06999969482422,34.68000030517578,33.560001373291016,34.27000045776367,1406900,44.05095191518717,44.94727605012462,43.37983808068206,45.57064580237174,44.41190063457619,2.62,38.0,-0.69,3.39
RNG,2025-01-22,34.33000183105469,35.099998474121094,33.91999816894531,34.08000183105469,973500,43.24714569702133,44.82853655484643,43.36968024086797,45.55484649764087,44.32893913796011,2.61,37.0,-0.69,3.38
RNG,2025-01-23,33.84000015258789,34.5,33.08000183105469,34.38999938964844,1303700,38.44801549024501,44.6476629568205,43.32674710073507,45.56575317160429,44.262530301529814,2.61,34.0,-0.68,3.43
RNG,2025-01-24,34.68000030517578,35.209999084472656,34.290000915527344,34.650001525878906,807900,38.058621373486304,44.61677432906304,43.29836397061028,45.56616618634464,44.21021690290338,2.6,33.0,-0.68,3.44
RNG,2025-01-27,33.619998931884766,34.869998931884766,33.5,34.849998474121094,927600,38.177173402004286,44.60317279682165,43.23336284990708,45.54988806934613,44.19590696800558,2.6,33.0,-0.68,3.5
RNG,2025-01-28,34.97999954223633,36.43000030517578,34.2400016784668,36.290000915527344,1237600,40.09555494606899,45.35198229280509,43.62886953778943,42.85640642502065,44.34894403266524,2.59,56.0,-0.68,3.37
RNG,2025-01-29,36.2400016784668,36.2400016784668,34.900001525878906,35.38999938964844,773300,40.490189715641215,44.96912361713064,39.357347017723214,42.80549194002198,44.41863175825735,2.58,1.0,-0.63,0.92
RNG,2025-01-30,35.25,35.93000030517578,34.959999084472656,35.59000015258789,722400,37.45457682517341,44.908157865553875,39.345089014510556,42.81036675903295,44.28232441964045,2.57,1.0,-0.58,0.92
RNG,2025-01-31,35.880001068115234,35.91999816894531,34.68000030517578,34.81999969482422,1023400,37.03891983793805,45.049805010677375,39.132985009996254,42.69789864482671,44.29809601048882,2.56,1.0,-0.54,0.97
RNG,2025-02-03,33.709999084472656,34.310001373291016,33.060001373291016,34.18000030517578,1173300,37.07413393475352,45.17401192315886,39.20530910781376,42.61652658462782,44.08365054946388,2.54,2.0,-0.53,0.95
RNG,2025-02-04,34.459999084472656,34.709999084472656,33.970001220703125,34.63999938964844,916400,35.77676214399364,45.187062425836785,39.245723051435036,42.638020998749795,44.102540703430506,2.52,3.0,-0.52,0.93
RNG,2025-02-05,34.7599983215332,34.97999954223633,34.09000015258789,34.970001220703125,734800,35.79557335475736,44.941885261150446,39.24805299852833,42.431798247517605,44.11095811700131,2.5,4.0,-0.52,0.93
RNG,2025-02-06,34.79999923706055,34.95000076293945,34.290000915527344,34.66999816894531,684100,35.72081949450974,44.35983116998898,39.25557850630382,42.42813692162508,44.09155455252816,2.47,5.0,-0.52,0.93
RNG,2025-02-07,34.59000015258789,34.70000076293945,33.650001525878906,33.810001373291016,844300,36.31380179394711,44.43199327613569,39.098697726698276,42.51620557560152,44.158731309316266,2.43,1.0,-0.48,0.98
RNG,2025-02-10,34.150001525878906,35.22999954223633,33.91999816894531,34.81999969482422,795300,37.46952306885375,43.85764328362121,39.06616310206072,42.571722964922756,44.2348634101221,2.39,1.0,-0.43,0.99
RNG,2025-02-11,34.36000061035156,34.95000076293945,34.0,34.33000183105469,708800,37.444290698500495,43.941940999674564,39.11012322932875,42.489727935544835,44.238699112739155,2.34,3.0,-0.38,0.97
RNG,2025-02-12,33.75,35.02000045776367,33.529998779296875,34.81999969482422,557400,36.528414952373105,43.009683567493475,39.16317178801427,42.423554291963036,44.24902615245908,2.28,5.0,-0.33,0.95
RNG,2025-02-13,34.9900016784668,35.18000030517578,34.4900016784668,35.18000030517578,806900,36.31112830963903,42.592650211976014,39.17033045391919,42.44085463716293,44.145297350771585,2.22,6.0,-0.27,0.95
RNG,2025-02-14,35.16999816894531,35.25,33.310001373291016,33.7400016784668,1295400,38.10950403516487,43.10084979345606,39.766209611820216,42.72114142052311,44.12870892869127,2.15,13.0,-0.22,0.81
RNG,2025-02-18,34.0,34.18000030517578,32.900001525878906,33.810001373291016,1089400,38.102420531065654,42.89822363250321,39.7649442960851,42.71371085928043,43.969465184813046,2.09,13.0,-0.17,0.81
RNG,2025-02-19,33.630001068115234,33.779998779296875,31.5,31.739999771118164,2300700,41.75897254537214,44.64095360081867,41.039914569933536,43.35364143308916,44.400597408485496,2.01,19.0,-0.16,0.74
RNG,2025-02-20,31.670000076293945,31.670000076293945,30.1299991607666,30.770000457763672,2405800,40.55632874649284,44.9651401333119,41.292586896264176,43.50398107949535,43.9201424115086,1.93,23.0,-0.17,0.67
RNG,2025-02-21,29.25,30.0,28.25,28.950000762939453,3958500,38.248374172248326,46.55111810746359,42.188194732648164,44.08402725904307,44.33536464027677,1.82,35.0,-0.1,0.64
RNG,2025-02-24,28.829999923706055,29.270000457763672,27.670000076293945,28.93000030517578,2705500,38.1903172186744,44.84815183736809,42.11282719037431,44.070981438059235,44.264847955712355,1.71,35.0,-0.06,0.66
RNG,2025-02-25,28.68000030517578,29.219999313354492,27.790000915527344,28.780000686645508,2435400,37.969890245901404,43.13650086623187,42.11414292967612,43.94592217833511,44.03398631792938,1.58,36.0,-0.03,0.66
RNG,2025-02-26,28.989999771118164,29.290000915527344,28.420000076293945,28.709999084472656,2316800,37.792746353099396,43.13180367359134,41.85356953021388,43.94619782913805,43.93010477687582,1.58,31.0,0.02,0.74
RNG,2025-02-27,28.760000228881836,29.209999084472656,28.450000762939453,28.600000381469727,1975100,37.4640341965275,43.080088841106594,41.7248110713704,43.90923395478622,43.931091746860275,1.57,29.0,0.04,0.78
RNG,2025-02-28,28.450000762939453,29.0,27.90999984741211,28.450000762939453,2046300,36.772613377049176,43.058305928019195,41.71064390242641,43.91211118406237,43.72847022560022,1.57,29.0,0.06,0.79
RNG,2025-03-03,28.700000762939453,29.1299991607666,27.850000381469727,27.969999313354492,1826300,36.851422480686395,43.09791464733696,41.789238913022245,43.9190642215313,43.716964260939726,1.56,32.0,0.11,0.76
RNG,2025-03-04,27.690000534057617,28.56999969482422,27.219999313354492,27.469999313354492,1889300,36.7402641797589,43.085268642324046,41.63582162801557,43.05933774231731,43.73181857188458,1.56,27.0,0.19,0.8
RNG,2025-03-05,27.469999313354492,28.200000762939453,27.469999313354492,27.969999313354492,2373200,36.98154919604929,40.349543067366014,41.72486157227206,42.214401094474,43.749451603831105,1.56,32.0,0.22,0.77
RNG,2025-03-06,27.530000686645508,28.18000030517578,27.530000686645508,27.940000534057617,1606300,37.017165481611094,39.96271670811283,41.60267506250829,42.18780370447324,43.72028896150017,1.56,26.0,0.23,0.81
RNG,2025-03-07,27.719999313354492,28.690000534057617,27.020000457763672,28.040000915527344,1724700,36.84913240917087,37.343828460940976,41.30586601151585,42.16069989105461,43.38196172516274,1.56,24.0,0.2,0.9
RNG,2025-03-10,27.81999969482422,28.040000915527344,26.639999389648438,26.989999771118164,1834400,37.67512024245252,37.58377519024631,41.11470116246591,42.13603219945773,43.4763240472806,1.55,20.0,0.17,0.93
RNG,2025-03-11,26.700000762939453,27.469999313354492,26.639999389648438,26.739999771118164,2096000,37.43803435689988,37.57555939297818,41.13049825136043,42.0893174861944,42.683553735968154,1.55,21.0,0.14,0.93
RNG,2025-03-12,27.170000076293945,27.56999969482422,26.600000381469727,26.940000534057617,1568900,34.786729034916505,37.447980373784276,41.14820872125121,42.08023728849194,42.59900882451865,1.55,23.0,0.07,0.92
RNG,2025-03-13,26.729999542236328,26.81999969482422,26.219999313354492,26.31999969482422,1529000,34.721313710583246,37.58252198242313,41.28197157538849,42.167368081858584,42.65606985446876,1.55,26.0,0.03,0.88
RNG,2025-03-14,26.790000915527344,27.1299991607666,26.56999969482422,27.0,1545400,35.94847450770102,36.72445849234101,41.51097955106191,42.1325705646738,42.71891093778549,1.54,31.0,-0.06,0.8
RNG,2025-03-17,27.0,27.399999618530273,26.8700008392334,27.0,2594200,35.837624410324814,36.26861979777505,41.21392402785882,42.12060001984386,42.71897824497964,1.54,26.0,-0.16,0.9
RNG,2025-03-18,26.940000534057617,27.290000915527344,26.559999465942383,27.0,1851700,35.787826296785205,36.22056547329059,41.19907892649865,41.976995525507064,42.64675963144373,1.53,26.0,-0.27,0.9
RNG,2025-03-19,27.18000030517578,27.670000076293945,27.020000457763672,27.209999084472656,1816500,35.53428426459406,35.60136733306876,41.230106830166456,41.95066905841667,42.641110785238325,1.53,28.0,-0.37,0.89
RNG,2025-03-20,26.989999771118164,27.43000030517578,26.899999618530273,27.030000686645508,1196200,35.148332687574666,35.56131183863497,41.17199162470245,41.640586453368314,42.61541017852382,1.52,26.0,-0.45,0.91
RNG,2025-03-21,26.829999923706055,27.18000030517578,26.68000030517578,26.899999618530273,6642500,35.165244164541065,35.456989918685686,40.99777973547628,41.47744134025781,42.61704009064702,1.51,19.0,-0.54,0.97
RNG,2025-03-24,27.56999969482422,28.1200008392334,27.34000015258789,28.06999969482422,1595400,37.756024063900554,36.79908332087907,41.59167108535483,41.78632271614839,42.79082147001231,1.5,37.0,-0.63,0.83
RNG,2025-03-25,28.260000228881836,28.489999771118164,27.84000015258789,27.84000015258789,1061600,36.21334378070188,36.7919631254793,41.57377930669353,41.7059145121151,42.79687347863656,1.49,37.0,-0.71,0.84
RNG,2025-03-26,27.850000381469727,28.020000457763672,27.43000030517578,27.559999465942383,849200,36.16698665149888,36.67468000342946,41.58381891852982,41.69784678736493,42.77533130273222,1.48,38.0,-0.79,0.84
RNG,2025-03-27,27.420000076293945,27.81999969482422,27.170000076293945,27.280000686645508,811700,35.59365925919257,36.18383652276256,41.08219452864001,41.674070420945625,42.7740779000944,1.47,21.0,-0.86,0.97
RNG,2025-03-28,27.030000686645508,27.219999313354492,25.469999313354492,25.56999969482422,1240800,38.723312982875015,38.131682552977786,42.17149536570386,42.3689868059257,43.15889799740486,1.45,59.0,-0.9,0.88
RNG,2025-03-31,25.0,25.209999084472656,23.889999389648438,24.760000228881836,1570200,38.14759269747418,38.49686320635918,42.341811146175445,42.27604409892062,43.20232601575695,1.44,62.0,-0.92,0.84
RNG,2025-04-01,24.670000076293945,25.420000076293945,24.579999923706055,25.360000610351562,1397800,39.2747547947371,38.97574224864769,42.56553514628228,41.751066002268125,43.27547665417113,1.44,67.0,-0.96,0.77
RNG,2025-04-02,24.8799991607666,26.020000457763672,24.829999923706055,25.860000610351562,1049100,36.698067998578104,39.0591179937036,42.648725678060956,41.75466607484727,43.23374375138208,1.44,68.0,-1.0,0.74
RNG,2025-04-03,24.6299991607666,25.0,23.709999084472656,24.299999237060547,1693700,39.49211269839975,39.717166892913525,43.4237162085138,42.16122021730004,43.63228776457128,1.44,81.0,-1.01,0.69
RNG,2025-04-04,23.649999618530273,24.190000534057617,22.139999389648438,22.610000610351562,2189100,40.89706527108497,39.32412154140274,44.29450138800141,42.960591941925315,44.2011747526724,1.45,99.0,-0.94,0.71
RNG,2025-04-07,21.399999618530273,23.049999237060547,20.59000015258789,22.280000686645508,2473500,40.87396160390901,39.33282773194632,44.243572748396204,42.96519402316214,44.19980853510624,1.46,98.0,-0.89,0.73
RNG,2025-04-08,23.25,23.450000762939453,21.18000030517578,21.510000228881836,1984900,41.56767982109475,39.68907309606114,43.987964385093996,43.090747588268194,44.31890850567354,1.47,94.0,-0.84,0.78
RNG,2025-04-09,21.34000015258789,24.540000915527344,21.34000015258789,24.360000610351562,2805600,56.921048061760494,47.915833218988745,48.555736447371785,45.61209442060033,46.0401643671171,1.61,100.0,-0.89,2.72
RNG,2025-04-10,23.649999618530273,23.940000534057617,22.3700008392334,23.09000015258789,1264100,58.59503252179502,48.80226004393506,48.54491940442265,46.02117904472632,46.26330299440001,1.73,99.0,-0.91,2.81
RNG,2025-04-11,22.940000534057617,23.170000076293945,22.1299991607666,22.899999618530273,1141500,58.5931479321073,48.521116882011924,48.35229855974716,45.96681720560395,46.08119879277894,1.84,98.0,-0.94,2.87
RNG,2025-04-14,23.3799991607666,23.610000610351562,22.110000610351562,22.6299991607666,2124100,58.53738365401073,48.50212099681733,48.24048321121493,45.06133728164444,46.09267888537437,1.93,97.0,-0.97,2.91
RNG,2025-04-15,22.639999389648438,23.040000915527344,22.40999984741211,22.56999969482422,1183000,58.456467701065264,48.406544875115806,48.1677733364055,44.997023488250925,45.99890760951323,2.02,96.0,-1.0,2.93
RNG,2025-04-16,22.360000610351562,23.190000534057617,22.200000762939453,22.549999237060547,1107200,58.02048211088597,48.238925298803096,48.0706884110802,44.9942278449113,45.94952724135165,2.1,95.0,-1.03,2.99
RNG,2025-04-17,22.530000686645508,22.969999313354492,22.510000228881836,22.770000457763672,804100,58.202960128939495,48.359405179463955,48.095549444065725,45.01652806544154,45.952384069991325,2.17,95.0,-1.07,2.96
RNG,2025-04-21,22.479999542236328,22.649999618530273,21.90999984741211,22.1200008392334,956800,58.461367666422845,48.457196702393,48.254477088247114,45.07926702109501,45.9910414883766,2.24,97.0,-1.09,2.91
RNG,2025-04-22,22.520000457763672,22.90999984741211,22.209999084472656,22.899999618530273,817300,58.99320052828338,49.12726521100621,47.660370245745796,44.98504836880905,46.1049869532387,2.3,92.0,-1.12,3.08
RNG,2025-04-23,23.75,24.280000686645508,23.459999084472656,23.510000228881836,986700,59.690395007187504,49.53180397749689,46.96229382835715,44.63932194524588,46.183181329449695,2.34,91.0,-1.13,3.31
RNG,2025-04-24,23.979999542236328,25.1299991607666,23.719999313354492,25.010000228881836,842200,62.63010702869264,50.58078122773115,48.14284978978118,45.26579900441744,46.603739588509946,2.4,94.0,-1.14,2.9
RNG,2025-04-25,24.90999984741211,25.31999969482422,24.40999984741211,25.149999618530273,692400,62.35501779289427,50.48175424404421,48.137108399151366,45.13661944474726,46.47818871246918,2.46,93.0,-1.15,2.88
RNG,2025-04-28,25.190000534057617,25.399999618530273,24.780000686645508,25.040000915527344,900100,61.82893333965745,50.427453762660356,48.12321335685606,45.06594328534922,46.47411416863279,2.52,92.0,-1.15,2.89
RNG,2025-04-29,25.040000915527344,25.520000457763672,25.010000228881836,25.280000686645508,847500,61.9243485913574,50.412317870039594,48.15714483236783,44.997179982530135,46.47754654299775,2.57,94.0,-1.15,2.86
RNG,2025-04-30,24.770000457763672,25.520000457763672,24.6200008392334,25.5,1086200,62.00190107469011,50.416152712748776,48.13837146212201,44.621826144741334,46.43717570030545,2.62,92.0,-1.14,2.85
RNG,2025-05-01,25.75,26.139999389648438,25.360000610351562,25.3799991607666,1073100,61.938483636831954,50.27255095564547,46.60852754552367,44.60576847773437,46.406575010985144,2.65,85.0,-1.13,3.27
RNG,2025-05-02,25.809999465942383,26.049999237060547,25.489999771118164,25.81999969482422,1087800,62.178650320394226,50.39323646162354,46.5087649730641,44.51849807076654,46.173480407695386,2.67,84.0,-1.11,3.29
RNG,2025-05-05,25.649999618530273,26.329999923706055,25.579999923706055,25.739999771118164,785200,62.17273388257097,50.38926577899952,45.22710913316006,44.47397867099798,46.14635874692398,2.68,83.0,-1.11,3.74
RNG,2025-05-06,25.350000381469727,26.15999984741211,25.280000686645508,25.760000228881836,757200,60.76392747104392,50.22607893632858,45.10348963164627,44.36337304983464,46.12763244727412,2.68,82.0,-1.14,3.83
RNG,2025-05-07,25.850000381469727,26.299999237060547,25.770000457763672,26.09000015258789,694400,60.90654001848465,49.8588613809578,45.17587035858373,44.39271739092704,46.14679693803115,2.69,82.0,-1.17,3.77
RNG,2025-05-08,26.399999618530273,27.09000015258789,26.209999084472656,26.670000076293945,1264200,61.25213433457625,50.11890462199725,45.280026184524694,44.45428250259209,46.19896169025821,2.7,83.0,-1.24,3.71
RNG,2025-05-09,26.850000381469727,28.5,26.770000457763672,27.719999313354492,2485200,62.247201635484004,50.74814780874932,45.779707650517835,44.65195586779381,46.352872707266954,2.71,83.0,-1.31,3.44
RNG,2025-05-12,28.920000076293945,29.100000381469727,27.809999465942383,28.360000610351562,1669700,59.376129094652306,50.961437481820525,45.17014366273036,44.70546779596778,44.33081180810721,2.71,79.0,-1.3,3.63
RNG,2025-05-13,28.360000610351562,28.389999389648438,27.780000686645508,28.34000015258789,1569600,58.42742635611094,50.33774680494128,44.987052422516385,44.7039315993296,44.21646579333737,2.72,77.0,-1.33,3.74
RNG,2025-05-14,28.15999984741211,28.450000762939453,27.75,27.8700008392334,1020100,58.44034057502634,50.405672450287945,44.98158387458053,44.59787843810172,44.244783936506124,2.72,76.0,-1.35,3.74
RNG,2025-05-15,27.68000030517578,28.079999923706055,27.450000762939453,28.010000228881836,984600,58.23792157131379,48.854513133096006,44.598111797639426,44.60151122259738,44.110649148172556,2.73,75.0,-1.34,3.92
RNG,2025-05-16,27.969999313354492,28.1200008392334,27.600000381469727,28.09000015258789,1238300,54.89602242311504,48.48896569761133,44.574502328584124,44.590182410292314,44.014121947053134,2.73,74.0,-1.32,3.92
RNG,2025-05-19,27.40999984741211,27.670000076293945,27.170000076293945,27.290000915527344,761900,50.92077190085477,47.23866341550483,44.73290063599759,44.68225418388379,44.09276743485378,2.73,75.0,-1.3,3.85
RNG,2025-05-20,27.239999771118164,27.399999618530273,27.040000915527344,27.34000015258789,723900,50.55314838478245,47.242158045945665,44.73987342592598,44.654332123685265,43.94769320921856,2.74,75.0,-1.29,3.85
RNG,2025-05-21,26.940000534057617,27.299999237060547,26.059999465942383,26.219999313354492,1507400,51.067861290893724,47.973882258066766,45.14904175034999,44.88131274695135,44.12275226300939,2.74,78.0,-1.27,3.66
RNG,2025-05-22,26.200000762939453,26.639999389648438,26.010000228881836,26.549999237060547,927300,36.99093886636084,48.05980109548882,45.168110081615005,44.883502640637865,44.133867373373015,2.75,78.0,-1.26,3.64
RNG,2025-05-23,25.8700008392334,26.440000534057617,25.860000610351562,25.93000030517578,646500,33.91487181564878,48.27504508141564,45.01393036804945,42.706366230135565,44.13237916767018,2.75,75.0,-1.24,3.72
RNG,2025-05-27,26.3700008392334,26.459999084472656,26.200000762939453,26.389999389648438,749300,33.9389299164645,48.42852451752515,45.07136456360022,42.75731738701086,44.10032912316477,2.76,75.0,-1.2,3.67
RNG,2025-05-28,26.299999237060547,26.540000915527344,25.940000534057617,26.040000915527344,636900,34.00493573628749,48.383382361033256,45.07467244485206,42.610695279791,44.05467234565736,2.76,75.0,-1.16,3.66
RNG,2025-05-29,26.31999969482422,26.389999389648438,25.719999313354492,25.979999542236328,977800,33.99856347130928,48.25667849506944,45.073410121142004,42.588283166230525,44.05468700440673,2.76,74.0,-1.11,3.66
RNG,2025-05-30,25.8700008392334,25.979999542236328,25.3799991607666,25.93000030517578,805300,34.01471667549508,48.09469318940967,44.968938498237335,42.588336702008164,44.0473308794149,2.76,69.0,-1.06,3.73
RNG,2025-06-02,25.81999969482422,26.06999969482422,25.299999237060547,25.989999771118164,1102300,33.986776465154435,48.1002623298161,44.493449417607096,42.575052633305916,44.044497401811775,2.76,64.0,-1.04,4.0
RNG,2025-06-03,26.030000686645508,26.809999465942383,25.700000762939453,26.75,876400,33.17309645072226,48.48422062477219,43.17476113659786,42.69161784880773,44.14214816232479,2.76,46.0,-0.98,4.26
RNG,2025-06-04,26.809999465942383,27.030000686645508,26.579999923706055,26.899999618530273,818500,32.06812635011872,47.86868885287602,43.15553613935456,42.47373331158034,44.146730087699844,2.76,46.0,-0.91,4.26
RNG,2025-06-05,27.049999237060547,27.399999618530273,26.65999984741211,26.799999237060547,684100,31.541989337096087,47.83627706278976,43.07590148832925,42.30797276190981,44.145610275061856,2.76,46.0,-0.85,4.3
RNG,2025-06-06,27.0,27.299999237060547,26.940000534057617,27.200000762939453,806700,26.66149171564467,47.90877182031637,43.09270747220563,42.336045351957566,44.16453278656534,2.76,47.0,-0.79,4.26
RNG,2025-06-09,27.3799991607666,27.639999389648438,27.209999084472656,27.40999984741211,912100,26.68761931693907,47.68140203390542,43.05834337916567,42.34649131895104,44.082390781912714,2.76,46.0,-0.71,4.29
RNG,2025-06-10,27.6299991607666,28.229999542236328,27.489999771118164,27.6200008392334,908900,26.631060968838238,47.4238239143596,42.95229250279171,42.34268357415167,44.09073403419718,2.76,46.0,-0.63,4.36
RNG,2025-06-11,27.6200008392334,27.68000030517578,26.68000030517578,26.850000381469727,924200,28.073389306417994,47.7860796963412,43.15023018202579,42.469723185345984,44.148228303439964,2.76,50.0,-0.53,4.26
RNG,2025-06-12,26.690000534057617,26.860000610351562,26.389999389648438,26.440000534057617,1230300,28.44093071979704,47.88874926958089,43.16506542650516,42.50265639815935,44.1717608742691,2.76,52.0,-0.42,4.27
RNG,2025-06-13,25.700000762939453,26.110000610351562,25.510000228881836,25.93000030517578,1625400,29.023840489201014,48.016997565563216,43.17203214950228,42.5510062151502,44.186318738616635,2.76,53.0,-0.3,4.3
RNG,2025-06-16,26.079999923706055,27.06999969482422,25.8700008392334,27.06999969482422,1374000,31.183832136910866,48.83103076378736,43.77734120669261,42.84456560188129,43.764466466863965,2.76,60.0,-0.17,3.94
RNG,2025-06-17,26.780000686645508,27.149999618530273,26.649999618530273,26.940000534057617,1471700,31.21006825078043,48.83100021912152,43.741095776131914,42.7203617044262,43.1353731466847,2.76,59.0,-0.03,3.97
RNG,2025-06-18,27.0,27.40999984741211,26.979999542236328,27.209999084472656,1603800,31.304716646833832,48.06875537323626,43.75697213921117,42.69825997632601,43.129110294106134,2.76,59.0,0.13,3.96
RNG,2025-06-20,27.440000534057617,27.719999313354492,26.579999923706055,26.709999084472656,1260000,31.66834267140156,48.185815116216425,43.81146406613268,42.74739285750596,43.148131478662556,2.76,60.0,0.3,3.95
RNG,2025-06-23,26.559999465942383,26.93000030517578,26.25,26.549999237060547,1044000,31.073308287159296,48.158906375492435,43.26414838099364,42.61018035068285,42.96653146298933,2.76,55.0,0.42,4.28
RNG,2025-06-24,26.989999771118164,27.65999984741211,26.829999923706055,27.43000030517578,926700,30.464906118705386,48.59229319241099,43.487160731700115,42.722802992778,43.04885638588309,2.73,56.0,0.59,4.11
RNG,2025-06-25,27.459999084472656,27.649999618530273,26.579999923706055,27.010000228881836,1013500,29.94922545774694,46.800434854562525,43.51482271398769,42.74712921489312,43.063424354562194,2.7,56.0,0.75,4.11
RNG,2025-06-26,27.09000015258789,27.739999771118164,26.770000457763672,27.670000076293945,1092300,30.86729430152491,46.521631674561526,43.61330512061623,42.84848371651358,43.131064822329876,2.67,56.0,0.95,4.01
RNG,2025-06-27,27.670000076293945,28.1299991607666,27.459999084472656,27.790000915527344,2562500,30.524561528875783,46.29691979132875,43.547454057120156,42.717660881056844,43.03048332329653,2.63,55.0,1.18,4.03
RNG,2025-06-30,27.850000381469727,28.399999618530273,27.739999771118164,28.350000381469727,1087400,31.044437277676202,46.30408435252303,43.619329999931715,42.77421967346835,43.06758171691879,2.6,56.0,1.4,3.99
RNG,2025-07-01,28.350000381469727,29.489999771118164,28.299999237060547,29.239999771118164,1734200,32.277472077866406,44.73429108835652,43.89473384548275,42.87127989427148,43.07941938839896,2.56,60.0,1.54,3.82
RNG,2025-07-02,29.299999237060547,29.81999969482422,28.84000015258789,29.469999313354492,1456600,31.01905873438806,41.90751698411858,43.907295279946176,42.72686516782243,43.06187350547067,2.52,60.0,1.68,3.8
RNG,2025-07-03,29.6299991607666,30.290000915527344,29.559999465942383,29.8700008392334,750600,31.178593282063783,41.756097212381846,43.80903540431713,42.450415938178345,42.86755376929309,2.48,57.0,1.85,3.82
RNG,2025-07-07,29.649999618530273,30.0,29.40999984741211,29.579999923706055,2944900,28.441468815385186,41.03331878340159,43.55154024151603,42.464512329048155,42.7600064955455,2.43,51.0,1.9,4.0
RNG,2025-07-08,29.709999084472656,30.219999313354492,29.489999771118164,29.59000015258789,1308600,28.344401228251943,32.67747559467274,43.50607000836464,42.461682308959,42.75970685518405,2.39,48.0,1.96,4.02
RNG,2025-07-09,29.959999084472656,30.020000457763672,29.040000915527344,29.040000915527344,2064800,27.97055894300533,30.820657462018765,43.51848709625554,42.51512191624005,42.73673712120496,2.34,49.0,1.83,4.03
RNG,2025-07-10,29.149999618530273,29.149999618530273,28.079999923706055,28.610000610351562,1062300,28.16183639914383,30.96196046868386,43.52401262906138,42.5470367850786,42.746314376399134,2.29,49.0,1.23,4.05
RNG,2025-07-11,28.350000381469727,28.450000762939453,26.90999984741211,26.93000030517578,1301800,33.33841484611981,33.50800513994809,44.05719030517133,42.98085401716908,43.145169012191346,2.25,61.0,0.99,3.89
RNG,2025-07-14,26.790000915527344,27.239999771118164,26.5,26.5,1301900,33.69918581938063,33.71575267433321,44.10614875060397,43.00991110219269,43.17424936719647,2.21,61.0,0.33,3.87
RNG,2025-07-15,26.739999771118164,26.979999542236328,25.829999923706055,25.850000381469727,1178900,34.49658829098813,34.17784383580504,43.17207968851282,43.09898866450245,43.06667441822344,2.2,39.0,0.22,4.2
RNG,2025-07-16,26.149999618530273,26.350000381469727,25.670000076293945,26.09000015258789,1439100,34.597063049908506,34.17363655232622,42.95669373765057,43.08017345788063,42.64416197354081,2.18,31.0,0.21,4.3
RNG,2025-07-17,26.170000076293945,26.709999084472656,26.020000457763672,26.56999969482422,2315700,33.96408782897842,33.69683635833054,42.00202435855381,43.05679202077724,42.640675408731575,2.18,23.0,0.26,4.64
RNG,2025-07-18,26.889999389648438,26.889999389648438,26.3799991607666,26.670000076293945,1417900,33.940932636719516,33.04797608735507,42.0084077105813,43.04714517193637,42.496892060458116,2.18,24.0,0.3,4.63
RNG,2025-07-21,26.8700008392334,27.010000228881836,26.3799991607666,26.770000457763672,1099700,33.94419848244905,32.676881858593426,42.00862852254058,43.03726237746865,42.48959039060319,2.19,25.0,0.35,4.63
RNG,2025-07-22,26.979999542236328,28.030000686645508,26.8700008392334,28.0,1463200,36.13954270937158,31.519965506498814,42.627654113737215,43.38057369062395,42.71515677660166,2.18,28.0,0.37,4.23
RNG,2025-07-23,28.209999084472656,28.450000762939453,27.84000015258789,27.940000534057617,1645900,36.0929077432704,31.521004810534485,42.62487293516866,43.12122349093719,42.68429545962379,2.17,27.0,0.39,4.23
RNG,2025-07-24,27.899999618530273,28.079999923706055,27.209999084472656,27.329999923706055,1307600,36.615824355838285,31.874638959268083,42.75871265610433,43.15869146305507,42.72478142687895,2.16,29.0,0.43,4.16
RNG,2025-07-25,27.31999969482422,27.399999618530273,26.670000076293945,26.690000534057617,973000,36.335408206667715,32.24039983399991,42.83786118527387,43.20710941600637,42.78526684239543,2.15,29.0,0.45,4.12
RNG,2025-07-28,26.829999923706055,27.549999237060547,26.829999923706055,27.280000686645508,1434100,36.58550461714911,32.48864291369504,42.889574813102186,43.290553786233666,42.79289529909061,2.14,29.0,0.45,4.05
RNG,2025-07-29,27.280000686645508,27.299999237060547,26.079999923706055,26.559999465942383,1589500,36.998187471668146,32.96801306663079,42.99739151478177,43.360658164479574,42.19207279003318,2.13,31.0,0.47,4.03
RNG,2025-07-30,26.670000076293945,26.899999618530273,25.920000076293945,26.43000030517578,1396700,34.78658748430866,32.80826127306564,43.002958950604544,43.25327587748836,42.150960293467136,2.12,31.0,0.49,4.03
RNG,2025-07-31,26.420000076293945,26.450000762939453,25.420000076293945,25.489999771118164,1251400,36.260760702898715,33.649728314179725,43.367993741142854,43.22874932267511,42.293118261585036,2.1,41.0,0.48,3.86
RNG,2025-08-01,25.239999771118164,25.309999465942383,23.610000610351562,23.6299991607666,2193200,41.90818471167169,37.043907697239156,44.58311071674712,44.036084888078655,42.944371492309166,2.08,65.0,0.33,3.65
RNG,2025-08-04,24.0,24.100000381469727,23.65999984741211,23.790000915527344,1542200,41.8232132692185,36.96640505016136,44.58283984656908,43.72525376641033,42.92065599376028,2.06,64.0,0.2,3.64
RNG,2025-08-05,23.8700008392334,24.040000915527344,23.59000015258789,23.6200008392334,1776900,41.82976593844829,36.65551503837482,44.57129890106889,43.726389684656475,42.684188092368345,2.04,62.0,0.07,3.65
RNG,2025-08-06,29.649999618530273,30.600000381469727,28.030000686645508,29.989999771118164,6545500,81.41227066164053,61.000670938035086,58.51547628290299,51.924446742310884,48.684925316498685,2.47,100.0,0.04,16.77
RNG,2025-08-07,30.0,30.239999771118164,28.440000534057617,29.1200008392334,3255800,81.78783060015704,61.15355072146239,58.5870453036171,51.90284529490508,48.758909470742616,2.83,100.0,-0.02,16.85
RNG,2025-08-08,29.239999771118164,29.579999923706055,28.260000228881836,28.75,2182100,81.63917683442882,61.21332151141545,58.62639896352071,51.83455578414863,48.676372732549886,3.14,100.0,-0.06,16.83
RNG,2025-08-11,28.760000228881836,29.309999465942383,26.969999313354492,27.09000015258789,2267900,83.504770071637,62.33596660369633,59.39772520062287,52.23862341090199,48.98003865515579,3.45,100.0,-0.06,16.06
RNG,2025-08-12,27.239999771118164,27.860000610351562,26.899999618530273,27.81999969482422,1566400,83.67050375463374,62.57348184473922,59.53517696059794,52.30782061960354,49.002860439364724,3.72,100.0,-0.07,15.83
RNG,2025-08-13,27.860000610351562,30.190000534057617,27.6200008392334,30.030000686645508,1886500,86.16533844298621,64.50993043439925,60.74010946193915,53.08641448083735,49.34356493831199,4.02,100.0,-0.11,14.32
RNG,2025-08-14,29.459999084472656,30.8799991607666,29.239999771118164,30.510000228881836,1683300,86.2528661282227,64.27234426984751,60.77790140862691,53.12100423382249,49.35585379295937,4.28,100.0,-0.13,14.22
RNG,2025-08-15,30.65999984741211,30.979999542236328,30.270000457763672,30.739999771118164,1464800,86.19605708555252,64.28277643830731,60.425028754774445,52.68685693954457,49.277404454684294,4.52,98.0,-0.12,14.71
RNG,2025-08-18,30.700000762939453,31.09000015258789,30.149999618530273,30.25,1612700,86.28360285870743,63.74796476982127,60.46801134002621,52.29537151738231,49.27726360657436,4.73,98.0,-0.16,14.68
RNG,2025-08-19,30.40999984741211,30.729999542236328,29.920000076293945,30.06999969482422,2802000,86.30555283767997,63.73508210227171,60.45251666299378,52.29037152723917,49.21428624162062,4.93,97.0,-0.21,14.69
RNG,2025-08-20,29.81999969482422,29.969999313354492,29.239999771118164,29.40999984741211,1277600,86.3779179311956,63.71102331677345,60.53829346819211,52.32318428454404,49.259549930343745,5.11,98.0,-0.26,14.62
RNG,2025-08-21,28.969999313354492,29.239999771118164,28.420000076293945,29.139999389648438,2440200,86.30577329779068,63.66958017854005,59.64456312914888,52.31808062180563,49.25300733688255,5.27,94.0,-0.29,15.45
RNG,2025-08-22,29.1299991607666,30.899999618530273,29.030000686645508,30.8700008392334,1448400,85.82812605815892,64.61156804063728,60.0643776464992,52.78048562686314,49.55973877932696,5.43,94.0,-0.27,14.73
RNG,2025-08-25,30.829999923706055,31.579999923706055,30.65999984741211,31.229999542236328,1483000,85.62423859007718,64.6271149103956,59.98254707692324,52.75879106881505,49.54907696618933,5.57,93.0,-0.27,14.86
RNG,2025-08-26,31.09000015258789,31.149999618530273,30.049999237060547,30.239999771118164,1448200,85.87756144905693,65.02393231668897,60.161615816908,52.18072262297313,49.65097690690806,5.71,94.0,-0.31,14.8
RNG,2025-08-27,30.540000915527344,30.8700008392334,30.440000534057617,30.719999313354492,4103300,85.92467703739578,65.0800001513145,59.32477117392479,52.08582501551857,49.58756238246925,5.83,88.0,-0.3,15.5
RNG,2025-08-28,30.93000030517578,31.290000915527344,30.530000686645508,30.709999084472656,2097600,85.85302801966472,64.85570324814022,58.11446994374959,51.510472910628636,49.58562754956599,5.93,84.0,-0.27,16.68
RNG,2025-08-29,30.809999465942383,31.420000076293945,30.329999923706055,30.510000228881836,1695100,85.91595550966517,64.87702788494009,58.065353452821135,51.466447193163376,49.58182083351743,6.02,83.0,-0.26,16.72
RNG,2025-09-02,29.729999542236328,30.469999313354492,29.729999542236328,30.299999237060547,1567100,85.979356467389,64.89250472557167,57.76317668744299,51.456866996542075,49.56498578892926,6.1,82.0,-0.34,17.03
RNG,2025-09-03,30.329999923706055,30.56999969482422,29.809999465942383,30.25,1205500,85.11440995448066,64.84183479378154,54.410714446496215,51.42407671531228,49.548274222810306,6.14,81.0,-0.33,21.33
RNG,2025-09-04,30.149999618530273,30.6200008392334,29.56999969482422,30.530000686645508,1409000,85.12332208426032,64.84852300257157,53.682321140733045,51.42799698695075,49.53457950727114,6.17,80.0,-0.31,22.35
RNG,2025-09-05,30.780000686645508,31.950000762939453,30.68000030517578,31.940000534057617,1790000,85.63386837989734,65.44577373814403,54.07051695542145,51.29781664996996,49.72225884805803,6.2,80.0,-0.25,21.45
RNG,2025-09-08,31.850000381469727,32.7599983215332,31.6299991607666,32.439998626708984,2021100,85.2376189202179,65.18342924171175,54.04951945400999,51.26066022664274,48.279783293726936,6.23,79.0,-0.18,21.38
RNG,2025-09-09,32.40999984741211,32.599998474121094,31.479999542236328,31.760000228881836,1622500,85.47628535726783,65.2646253460075,54.18398694870839,51.279359070976646,48.32496562715063,6.26,80.0,-0.2,21.21
RNG,2025-09-10,31.520000457763672,31.760000228881836,30.43000030517578,30.6299991607666,1769400,85.826363189194,65.60104573212347,54.544661522679526,51.23209499073107,48.34874981398606,6.3,81.0,-0.26,20.73
RNG,2025-09-11,30.3799991607666,31.260000228881836,30.3799991607666,31.260000228881836,1174100,85.89164382410881,65.17011230486818,54.603868131655865,51.27335454105907,48.373562829654446,6.34,81.0,-0.33,20.59
RNG,2025-09-12,31.260000228881836,31.260000228881836,30.360000610351562,30.360000610351562,2074800,85.61908443146045,65.47656386561756,54.6076522560116,51.371328882571454,48.46453954999165,6.37,81.0,-0.53,20.58
RNG,2025-09-15,30.690000534057617,31.190000534057617,30.40999984741211,30.760000228881836,1493500,82.05957101515622,65.49590254287128,54.39802531408384,51.39866560589198,48.47364150575946,6.4,77.0,-0.67,21.02
RNG,2025-09-16,30.780000686645508,31.329999923706055,30.25,31.209999084472656,1755600,82.07370089123273,65.40243395323053,54.30151522989527,51.42140592955072,48.48104750589257,6.43,76.0,-0.75,21.23
RNG,2025-09-17,31.229999542236328,32.380001068115234,31.1299991607666,31.540000915527344,1703600,81.92991071076156,65.39727672252013,53.486723056607524,51.42232737978608,48.35698983117712,6.45,71.0,-0.78,22.85
RNG,2025-09-18,32.0099983215332,32.0099983215332,31.34000015258789,31.860000610351562,1678400,44.70892790831667,65.12220914139853,53.49852483579125,51.285014855481435,48.267718213477295,6.47,71.0,-0.79,22.81
RNG,2025-09-19,31.8799991607666,31.8799991607666,31.020000457763672,31.219999313354492,1738500,44.225733832011215,65.18696553433506,53.60910199611521,51.29583558251154,48.30261883838002,6.5,71.0,-0.82,22.67
RNG,2025-09-22,31.100000381469727,32.560001373291016,30.969999313354492,32.189998626708984,2140500,44.7225144716267,65.29220403302824,53.786353457771256,51.40878150483196,48.39826488954611,6.52,72.0,-0.82,22.25
RNG,2025-09-23,32.310001373291016,32.439998626708984,30.399999618530273,30.549999237060547,1548400,43.88053067192507,66.2493516478541,54.47215395952062,51.77055866082676,48.67466706947923,6.55,78.0,-0.83,21.3
RNG,2025-09-24,30.799999237060547,31.020000457763672,30.3700008392334,30.670000076293945,1038300,43.355427702635104,66.140837876467,54.46307824613073,51.73425464693202,48.676034827068754,6.57,77.0,-0.85,21.28
RNG,2025-09-25,30.514999389648438,30.524999618530273,29.950000762939453,30.219999313354492,826416,37.66097784328925,65.92998677603221,54.470995754816045,51.553956451145076,48.69747966458202,6.6,77.0,-0.85,21.39
