Ticker,Date,Open,High,Low,Close,Volume,Realised_Vol_Close_30,Realised_Vol_Close_60,Realised_Vol_Close_100,Realised_Vol_Close_180,Realised_Vol_Close_252,Vol_of_Vol_100d,Vol_of_Vol_100d_Percentile,Kurtosis_Close_100d,Kurtosis_Returns_100d
FE,1997-11-10,7.3550234763853,7.3550234763853,7.1765034890943955,7.194355487823486,947200,,,,,,,,,
FE,1997-11-11,7.194353253164409,7.2657612259005315,7.176501259980378,7.230057239532471,514700,,,,,,,,,
FE,1997-11-12,7.212205379765209,7.390725314907911,7.176501392736667,7.31931734085083,344700,,,,,,,,,
FE,1997-11-13,7.301467054707993,7.408579040840629,7.301467054707993,7.3907270431518555,1007700,,,,,,,,,
FE,1997-11-14,7.390729555716881,7.426433563232422,7.33717354444357,7.426433563232422,1394900,,,,,,,,,
FE,1997-11-17,7.408582160347387,7.497842186375668,7.39073015514173,7.4621381759643555,706600,,,,,,,,,
FE,1997-11-18,7.426432438033948,7.533544444351746,7.408580436980982,7.444284439086914,625800,,,,,,,,,
FE,1997-11-19,7.426431928362166,7.49783992767334,7.426431928362166,7.49783992767334,342400,,,,,,,,,
FE,1997-11-20,7.479990081967047,7.604954116749313,7.479990081967047,7.569250106811523,558800,,,,,,,,,
FE,1997-11-21,7.64065375660741,7.676357746124267,7.569245777573696,7.676357746124268,640800,,,,,,,,,
FE,1997-11-24,7.604949767090553,7.712061735641124,7.569245777573696,7.676357746124268,330800,,,,,,,,,
FE,1997-11-25,7.658509340154411,7.7834733620217325,7.640657337030508,7.747769355773926,1021000,,,,,,,,,
FE,1997-11-26,7.76561771991641,7.76561771991641,7.676357746124267,7.676357746124268,488700,,,,,,,,,
FE,1997-11-28,7.712060928344727,7.712060928344727,7.676356942565352,7.712060928344727,244200,,,,,,,,,
FE,1997-12-01,7.7120599616063785,7.819171905517579,7.694207970954512,7.819171905517578,836200,,,,,,,,,
FE,1997-12-02,7.7834733620217325,7.819177368269538,7.729917352650023,7.747769355773926,437800,,,,,,,,,
FE,1997-12-03,7.7834733620217325,7.7834733620217325,7.676361343278314,7.747769355773926,338400,,,,,,,,,
FE,1997-12-04,7.783467924213846,7.908431858776912,7.729911952258245,7.819171905517578,1405800,,,,,,,,,
FE,1997-12-05,7.7477678914364745,7.961991888434718,7.7477678914364745,7.801323890686035,362500,,,,,,,,,
FE,1997-12-08,7.819175890435889,7.837027890185743,7.7477678914364745,7.801323890686035,312900,,,,,,,,,
FE,1997-12-09,7.76561737060547,7.801321358516299,7.69420939478381,7.765617370605469,365300,,,,,,,,,
FE,1997-12-10,7.837027890185743,7.854879889935596,7.765619891186328,7.801323890686035,354100,,,,,,,,,
FE,1997-12-11,7.7834733620217325,7.801325365145636,7.6942133464022175,7.747769355773926,199600,,,,,,,,,
FE,1997-12-12,7.783469364560884,7.801321358516299,7.712061388739225,7.765617370605469,680500,,,,,,,,,
FE,1997-12-15,7.7656198577447375,7.872731855782596,7.7656198577447375,7.854879856109619,489500,,,,,,,,,
FE,1997-12-16,7.854880504564706,7.872732505711444,7.8191765022712305,7.837028503417969,310200,,,,,,,,,
FE,1997-12-17,7.872732505711444,7.872732505711444,7.801324501124492,7.837028503417969,386100,,,,,,,,,
FE,1997-12-18,7.837030310041449,7.9441423416137695,7.8191783047793955,7.9441423416137695,1640900,,,,,,,,,
FE,1997-12-19,7.944139086910694,8.086955070495605,7.908435091014466,8.086955070495605,2164100,,,,,,,,,
FE,1997-12-22,8.086956124118322,8.229772126310257,8.06910412384433,8.176216125488281,851400,,,,,,,,,
FE,1997-12-23,8.122656659076089,8.21191662236264,8.086952673761468,8.140508651733398,493200,11.717149412789386,,,,,,,,
FE,1997-12-24,8.15836412521429,8.194068125762273,8.122660124666305,8.176216125488281,92200,11.714791121759765,,,,,,,,
FE,1997-12-26,8.158356483003734,8.176208466555165,8.01554061459229,8.069096565246582,215300,12.471049630529947,,,,,,,,
FE,1997-12-29,8.069107122442134,8.211923177706595,8.033403108626018,8.158367156982422,280800,12.534727925557531,,,,,,,,
FE,1997-12-30,8.176222248863501,8.229778289794922,8.140518221575888,8.229778289794922,268600,12.626437376508681,,,,,,,,
FE,1997-12-31,8.176216055606973,8.28332805633545,8.15836405548556,8.28332805633545,482900,12.651864741095503,,,,,,,,
FE,1998-01-02,8.211922294649726,8.265478309614833,8.140514274696251,8.247626304626465,317200,12.741475859987938,,,,,,,,
FE,1998-01-05,8.194065923732808,8.256547907900705,8.05124995992047,8.104805946350098,734200,14.045048675909067,,,,,,,,
FE,1998-01-06,8.069107122442134,8.17621916389048,8.069107122442134,8.158367156982422,1507800,13.946529603860869,,,,,,,,
FE,1998-01-07,8.122662544250488,8.122662544250488,8.015550510699933,8.122662544250488,724000,13.63970537278692,,,,,,,,
FE,1998-01-08,8.086953950873555,8.12265794182664,8.015545968967388,8.104805946350098,461600,13.68096918027695,,,,,,,,
FE,1998-01-09,8.086955070495605,8.15836306228806,8.033399076651264,8.086955070495605,863900,13.541308310701755,,,,,,,,
FE,1998-01-12,7.9619927157526424,8.211920738220215,7.9619927157526424,8.211920738220215,679200,13.729274213178572,,,,,,,,
FE,1998-01-13,8.211922572209286,8.211922572209286,8.104810538658729,8.122662544250488,1065600,14.226084631337585,,,,,,,,
FE,1998-01-14,8.122662544250488,8.122662544250488,8.033402516291693,8.122662544250488,348700,13.763830810196676,,,,,,,,
FE,1998-01-15,8.086948548798011,8.104800532349442,8.069096565246582,8.069096565246582,638200,13.61437548554327,,,,,,,,
FE,1998-01-16,8.140509937303182,8.140509937303182,8.069101955397013,8.104805946350098,488700,13.636332770479187,,,,,,,,
FE,1998-01-20,8.10480466641878,8.140508651733398,7.997692710474919,8.140508651733398,344700,13.472062326566329,,,,,,,,
FE,1998-01-21,8.140508651733398,8.21191662236264,8.069100681104159,8.140508651733398,464300,13.434819840681095,,,,,,,,
FE,1998-01-22,8.122656659076089,8.140508651733398,8.069100681104159,8.140508651733398,421800,13.434819840681095,,,,,,,,
FE,1998-01-23,8.122659066391833,8.140511064339947,8.051251074599378,8.086955070495605,320800,13.525377785019039,,,,,,,,
FE,1998-01-26,8.06910412384433,8.176216125488281,8.06910412384433,8.176216125488281,1019500,13.782557443468937,,,,,,,,
FE,1998-01-27,8.176216125488281,8.247624126584249,8.15836412521429,8.176216125488281,415700,13.558211590757887,,,,,,,,
FE,1998-01-28,8.158366106498834,8.28333013876468,8.140514101889426,8.265478134155273,325800,13.810492549524959,,,,,,,,
FE,1998-01-29,8.265474882348581,8.426142860623177,8.211918889590384,8.40829086303711,1813100,14.238153353700552,,,,,,,,
FE,1998-01-30,8.390440057063925,8.42614405730675,8.28332805633545,8.28332805633545,283500,15.043234149576756,,,,,,,,
FE,1998-02-02,8.42614405730675,8.461848057549576,8.247624056092624,8.28332805633545,1120100,15.043234149576756,,,,,,,,
FE,1998-02-03,8.211918889590384,8.40829086303711,8.211918889590384,8.40829086303711,2424000,15.14309873172438,,,,,,,,
FE,1998-02-04,8.354043825211063,8.462537900863156,8.354043825211063,8.40829086303711,544800,14.37597706677774,,,,,,,,
FE,1998-02-05,8.408292623666616,8.516786722036509,8.372127924209986,8.462539672851562,854100,14.168913100413455,,,,,,,,
FE,1998-02-06,8.462536285593949,8.643359710499801,8.462536285593949,8.552947998046875,415100,14.326992499261646,13.125787483981346,,,,,,,
FE,1998-02-09,8.534865781094165,8.55294812385072,8.4806187528245,8.498701095581055,553000,14.486434155368649,13.253821338479522,,,,,,,
FE,1998-02-10,8.462539672851562,8.516786722036509,8.426374973394932,8.462539672851562,329000,13.931725910709138,13.176527781632952,,,,,,,
FE,1998-02-11,8.444457323123247,8.480622022579878,8.426374973394932,8.462539672851562,407900,13.647619010775704,13.09708710748082,,,,,,,
FE,1998-02-12,8.444454067311387,8.51678343833761,8.390207039041721,8.498701095581055,436400,13.495332017744902,13.092938177328534,,,,,,,
FE,1998-02-13,8.498701244466918,8.589112959833587,8.444454215246916,8.571030616760254,241300,13.57673103558866,13.145116797138154,,,,,,,
FE,1998-02-17,8.571033771221455,8.6252808204064,8.408292623666616,8.462539672851562,336100,14.080744086552944,13.470117677608837,,,,,,,
FE,1998-02-18,8.462537491857622,8.516784527061837,8.44445514678955,8.44445514678955,320700,13.007096875735357,13.456670123230127,,,,,,,
FE,1998-02-19,8.444457323123247,8.462539672851562,8.390210273938301,8.462539672851562,510000,12.91559386299502,13.365768830645191,,,,,,,
FE,1998-02-20,8.48062024680517,8.48062024680517,8.354043825211063,8.40829086303711,392600,13.006014609202484,13.226182215005647,,,,,,,
FE,1998-02-23,8.42637101946206,8.42637101946206,8.317876972001175,8.390206336975098,553700,13.00495395821775,13.244084846996945,,,,,,,
FE,1998-02-24,8.372128637977267,8.390210989247198,8.245552179087763,8.31788158416748,367100,13.2812848429967,13.303556967049667,,,,,,,
FE,1998-02-25,8.390206336975098,8.42637101946206,8.299794630757694,8.390206336975098,268300,12.784050030767812,13.209237195009013,,,,,,,
FE,1998-02-26,8.354045598987902,8.39021029855062,8.281716199862466,8.335963249206543,396700,12.493945970755734,13.292160953678883,,,,,,,
FE,1998-02-27,8.299798137425862,8.372127532958984,8.28171578854258,8.372127532958984,452600,12.530873321936998,13.051451920754156,,,,,,,
FE,1998-03-02,8.372125351067744,8.426372383580063,8.3359606627262,8.354043006896973,345700,12.360703438084133,12.892966301590745,,,,,,,
FE,1998-03-03,8.354043825211063,8.40829086303711,8.299796787385016,8.40829086303711,368100,12.42205189152176,12.934213371530817,,,,,,,
FE,1998-03-04,8.372126306806292,8.480620384216309,8.335961614336286,8.480620384216309,281500,12.572404855612021,12.919116773110984,,,,,,,
FE,1998-03-05,8.44445555492114,8.462537900863156,8.372126171153079,8.40829086303711,389700,12.894149162632226,13.058028755129895,,,,,,,
FE,1998-03-06,8.408291666131271,8.589115142822266,8.408291666131271,8.589115142822266,380900,14.152705833524571,13.684192470916548,,,,,,,
FE,1998-03-09,8.534868636221255,8.643362729054576,8.498703938610149,8.625280380249023,419800,13.941043696644368,13.63280957838022,,,,,,,
FE,1998-03-10,8.625279422633904,8.7699381970177,8.607197075835929,8.751855850219727,308900,14.175551499881312,13.872878480785863,,,,,,,
FE,1998-03-11,8.751856403709205,8.769938751650752,8.643362316059916,8.661444664001465,279000,14.632055797387835,13.985681483088966,,,,,,,
FE,1998-03-12,8.661445203293386,8.73377459956306,8.643362854225968,8.697609901428223,284400,14.403675494615896,13.993430650513941,,,,,,,
FE,1998-03-13,8.69760935988456,8.69760935988456,8.607197620176821,8.661444664001465,669000,13.727620654092693,13.904029834680212,,,,,,,
FE,1998-03-16,8.661446268533922,8.769940376281738,8.589116863368712,8.769940376281738,275300,13.249176691159589,14.054053711413886,,,,,,,
FE,1998-03-17,8.769939811862244,8.87843391262755,8.733775111607143,8.8603515625,386300,13.453074441761414,14.152464796701668,,,,,,,
FE,1998-03-18,8.84226553053337,8.84226553053337,8.751853817542232,8.806100845336914,247600,13.104444562679912,14.042814716873778,,,,,,,
FE,1998-03-19,8.76993833018131,8.824185371398926,8.697608941891154,8.824185371398926,455000,13.096969679661278,13.636580080398339,,,,,,,
FE,1998-03-20,8.824186715828235,8.96884551444837,8.769939666345685,8.91459846496582,528200,13.261719466479668,13.614143175172211,,,,,,,
FE,1998-03-23,8.878433496971441,8.950762894095444,8.860351147690439,8.896515846252441,261700,13.029595560565907,13.579765938108816,,,,,,,
FE,1998-03-24,8.932680963010203,8.932680963010203,8.806104512117345,8.8603515625,671300,12.928909585986398,13.613157980713153,,,,,,,
FE,1998-03-25,8.93267971854056,8.986926761365705,8.82418563289027,8.968844413757324,326700,13.17944949762578,13.448310112945785,,,,,,,
FE,1998-03-26,8.986925256397077,9.02308994555763,8.878431188915423,8.93267822265625,785200,13.282674640397364,13.359899366341882,,,,,,,
FE,1998-03-27,8.950761800906697,8.950761800906697,8.824185371398926,8.824185371398926,364100,13.863677627618362,13.565083874965053,,,,,,,
FE,1998-03-30,8.78802272757304,8.86035213273825,8.751858024990435,8.769940376281738,359500,13.850325161477569,13.600775398206325,,,,,,,
FE,1998-03-31,8.788022016173201,9.149669012723539,8.788022016173201,8.91459846496582,722600,13.952378808030778,13.91514183402223,,,,,,,
FE,1998-04-01,8.95075798034668,8.986922659055152,8.8603462835755,8.95075798034668,214900,13.918292958096472,13.363617262251676,,,,,,,
FE,1998-04-02,8.950760307312011,9.04117202758789,8.932677963256836,9.04117202758789,180500,14.11556065900888,13.436872003983405,,,,,,,
FE,1998-04-03,9.005004210080317,9.095415898936546,8.968839534537826,9.023086547851562,1067300,13.937352594474058,13.399491779756122,,,,,,-0.58,
FE,1998-04-06,9.077334355826329,9.131581373889038,8.914593301638208,8.95075798034668,462900,14.205102418666188,13.526160214153881,13.23631110572237,,,,,-0.65,-0.7
FE,1998-04-07,8.932680544814444,8.950762894095444,8.860351147690439,8.896515846252441,397400,14.053361775917603,13.596482036595459,13.293313448332983,,,,,-0.73,-0.73
FE,1998-04-08,8.860349382115777,8.986925801860288,8.788019999404627,8.842267036437988,309800,14.119433435483723,13.379266478122211,13.254717899715974,,,,,-0.79,-0.71
FE,1998-04-09,8.82418563289027,8.968844413757324,8.806103285281889,8.968844413757324,459800,14.343083150238437,13.395327450881192,13.34135934482423,,,,,-0.83,-0.73
FE,1998-04-13,9.023092563930922,9.023092563930922,8.860351415483269,8.91459846496582,326800,14.539177460938946,13.484676693623749,13.393275137491914,,,,,-0.87,-0.76
FE,1998-04-14,8.932677963256836,9.077336715698243,8.914595619201659,9.04117202758789,528400,14.885352789713544,13.616435102637961,13.526525583120296,,,,,-0.9,-0.81
FE,1998-04-15,9.041174455803832,9.221997944919908,9.005009757980616,9.2039155960083,471500,15.492269431825617,13.995219670017017,13.741931582992281,,,,,-0.91,-0.83
FE,1998-04-16,9.149662912250282,9.149662912250282,8.986921872309072,9.023086547851562,426300,16.7448498051255,14.691087168887432,14.1522721385465,,,,,-0.96,-0.7
FE,1998-04-17,9.041174063606867,9.113503456115723,8.968844671098012,9.113503456115723,214900,16.583137878429923,14.783176016426628,14.159231323291403,,,,,-0.98,-0.71
FE,1998-04-20,9.041169677117859,9.059252016472094,8.8603462835755,8.95075798034668,220100,16.665390729638844,15.332171828565947,14.369841196462682,,,,,-1.0,-0.65
FE,1998-04-21,8.878431188915423,8.950760567236527,8.769937121433768,8.93267822265625,400900,16.671267484831827,15.256340861867868,14.378924293184733,,,,,-1.02,-0.65
FE,1998-04-22,8.896515846252441,8.950762894095444,8.878433496971441,8.896515846252441,204000,16.238600920926043,15.174982416581036,14.351730203620392,,,,,-1.03,-0.64
FE,1998-04-23,8.824186344900152,8.860351043034989,8.661445203293386,8.697609901428223,688400,17.30544345251437,15.9521721787587,14.754603028660926,,,,,-1.04,-0.46
FE,1998-04-24,8.679527282714844,8.806103722254436,8.643362585703532,8.679527282714844,233800,17.273790204959617,15.83163840825148,14.753859538544281,,,,,-1.03,-0.46
FE,1998-04-27,8.60719502551863,8.638839124877155,8.480618628084533,8.552947998046875,431200,17.753367508519126,15.773985546441196,14.82682013383218,,,,,-1.0,-0.48
FE,1998-04-28,8.571032795153167,8.607197490491366,8.516785752145868,8.589115142822266,353800,17.391561063224252,15.468505961897936,14.74748847170664,,,,,-0.98,-0.43
FE,1998-04-29,8.571030616760254,8.607195302906922,8.516783587540251,8.571030616760254,249300,17.081460760719615,15.478050498852278,14.755032631964346,,,,,-0.96,-0.44
FE,1998-04-30,8.643361769431879,8.7699381970177,8.625279422633904,8.751855850219727,393000,18.15095050498407,15.757520065308569,15.034208858979476,,,,,-0.95,-0.43
FE,1998-05-01,8.788018502738687,8.806100845336914,8.643359761952864,8.806100845336914,452500,18.234784668173724,15.797173350978452,15.045349745245623,,,,,-0.95,-0.43
FE,1998-05-04,8.878430215729825,8.878430215729825,8.706647961046661,8.806100845336914,2110900,17.97373857464064,15.753665563331445,15.045349745245623,,,,,-0.95,-0.43
FE,1998-05-05,8.76948878250282,8.7877966922784,8.6962571434005,8.73287296295166,456400,18.116074480485697,15.721060400534418,15.09404648563801,,,,,-0.96,-0.46
FE,1998-05-06,8.732869237475484,8.824408747302272,8.714561335510128,8.806100845336914,717700,18.267420641509226,15.742002600772143,15.127490651026918,,,,,-0.97,-0.48
FE,1998-05-07,8.787794475313984,8.806102380470888,8.659639139215654,8.677947044372559,499000,18.34292253643545,16.020680039791067,15.282914542779533,,,,,-1.01,-0.51
FE,1998-05-08,8.677947846733204,8.787795287831093,8.677947846733204,8.769487380981445,245300,18.621939289335142,16.152749674501273,15.354008357626666,,,,,-1.07,-0.54
FE,1998-05-11,8.787794627589308,8.934257871382464,8.787794627589308,8.824410438537598,534700,18.38946797143591,16.177035506018015,15.288131631435764,,,,,-1.1,-0.52
FE,1998-05-12,8.824408747302272,8.861024551232987,8.69625343354477,8.806100845336914,336100,18.308312331603418,16.102761105214128,15.2870290864982,,,,,-1.15,-0.52
FE,1998-05-13,8.78779691808364,8.78779691808364,8.677949456607594,8.71456527709961,642100,17.88800014469031,16.02932619816852,15.396908333001013,,,,,-1.22,-0.57
FE,1998-05-14,8.71456505317608,8.75118087272724,8.65964132384934,8.73287296295166,317300,17.851387605481804,16.02317332156057,15.266716272227598,,,,,-1.24,-0.52
FE,1998-05-15,8.751181097591624,8.769489007837633,8.71456527709961,8.71456527709961,597000,17.553202703062183,16.028866761838714,15.032055858602753,,,,,-1.22,-0.47
FE,1998-05-18,8.714562854686367,8.76948657015708,8.659639139215654,8.677947044372559,580500,17.57334420349591,15.994345644202793,14.96215231411235,,,,,-1.2,-0.44
FE,1998-05-19,8.677946308450517,8.714562115659168,8.641330501241866,8.659638404846191,688400,17.459110437924625,15.99405383513621,14.947305970175032,,,,,-1.16,-0.43
FE,1998-05-20,8.659638404846191,8.696254212054843,8.641330501241866,8.659638404846191,754000,17.397332812958393,15.879718090095041,14.935434703198647,,,,,-1.13,-0.42
FE,1998-05-21,8.659640022034342,8.714563743104327,8.604716300964355,8.604716300964355,207400,17.403889972941606,15.855396004763673,14.814151566924055,,,,,-1.1,-0.38
FE,1998-05-22,8.586406707763672,8.659638321475942,8.531482997479468,8.586406707763672,195300,16.80423391745171,15.79938236574774,14.726810805507776,,,,,-1.05,-0.33
FE,1998-05-26,8.549791035981015,8.586406843415622,8.476559421111798,8.494867324829102,198700,16.968496306885324,15.94364355911599,14.774289479922341,,,,,-1.02,-0.35
FE,1998-05-27,8.45825016681162,8.476558067605584,8.348402762047833,8.366710662841797,758900,16.735133390831752,16.248663470485067,14.943936189342043,,,,,-1.0,-0.39
FE,1998-05-28,8.439946012947182,8.60471719324333,8.421638104025387,8.531485557556152,407400,16.917390993029812,16.6831158647432,15.240149502784089,,,,,-0.96,-0.43
FE,1998-05-29,8.549789617438066,8.696252822875977,8.513173816078588,8.696252822875977,283300,17.21944753910798,17.04474093883206,15.259018297820216,,,,,-0.92,-0.44
FE,1998-06-01,8.75118004710404,8.897643311490718,8.732872139055704,8.879335403442383,575900,18.098902397076465,17.44315097783139,15.563415544677866,,,,,-0.89,-0.46
FE,1998-06-02,8.89763789880471,8.952561589538073,8.86102210498247,8.934253692626953,349700,17.453160542541923,16.957609317292878,15.563248899947254,,,,,-0.87,-0.47
FE,1998-06-03,8.970869698808423,9.062409185530958,8.915946006774902,8.915946006774902,330000,17.453448621782382,16.950193690733183,15.56249584690915,,,,,-0.85,-0.47
FE,1998-06-04,8.934260920474404,9.062416302530389,8.934260920474404,9.044108390808105,455700,17.89187936252823,16.93984063985823,15.696600482269071,,,,,-0.84,-0.53
FE,1998-06-05,9.044103925616689,9.099027633666992,9.00748812024982,9.099027633666992,314400,16.545797781021765,16.82131961269628,15.551114879183888,,,,,-0.8,-0.48
FE,1998-06-08,9.099035237913926,9.099035237913926,8.989187730011544,9.025803565979004,231400,16.748849776131976,16.904329183805416,15.501867402509454,,,,,-0.79,-0.46
FE,1998-06-09,9.044106261898772,9.135645798962525,9.007490447073272,9.062414169311523,274800,16.060178492158585,16.888855951332566,15.50817720773634,,,,,-0.77,-0.46
FE,1998-06-10,9.099029175092875,9.245492421372036,9.080721269307979,9.208876609802246,406800,16.563632870484778,17.010380175367736,15.637744448885233,,,,,-0.76,-0.5
FE,1998-06-11,9.172261459350587,9.20887727355957,8.970874481201172,9.153953552246094,329000,16.691245322816133,16.950804584020247,15.672443297966652,,,,,-0.77,-0.52
FE,1998-06-12,9.153949951599978,9.153949951599978,8.989178852471177,9.135642051696777,316100,15.75672590959141,16.902237032577304,15.672326590015972,,,,,-0.77,-0.52
FE,1998-06-15,9.099028569607695,9.19056809244077,8.8610258102417,8.8610258102417,2090100,18.196881465522903,18.0621592284855,16.458685063829986,,,,,-0.77,-0.09
FE,1998-06-16,8.95256475809878,9.007488468271166,8.897641047926395,8.989180564880371,614100,18.652850914754378,18.181657092035135,16.59711468075719,,,,,-0.8,-0.15
FE,1998-06-17,8.989182694104255,8.989182694104255,8.915951063195054,8.970874786376953,476500,18.47601121713698,18.181697996900315,16.55975399455775,,,,,-0.91,-0.13
FE,1998-06-18,9.044107604855652,9.044107604855652,8.915952233936645,8.952568054199219,275500,18.35681074028561,18.16636230737481,16.489658776605946,,,,,-0.95,-0.09
FE,1998-06-19,9.007485493497438,9.007485493497438,8.915946006774902,8.915946006774902,464600,17.84448024127085,18.012755600690934,16.508227060054704,,,,,-1.01,-0.11
FE,1998-06-22,8.86102210498247,9.044101074093678,8.86102210498247,8.934253692626953,212800,17.616459470410973,17.9990734332057,16.431560789258704,,,,,-1.01,-0.07
FE,1998-06-23,8.970869486449194,9.025793177182557,8.89763789880471,8.934253692626953,307000,17.53604049397722,17.817946245202663,16.221287455445786,,,,,-0.99,0.01
FE,1998-06-24,8.98918285173239,8.98918285173239,8.824411679297379,8.879335403442383,201700,17.626290301431645,17.817940516334023,16.065463944579275,,,,,-0.98,0.08
FE,1998-06-25,8.915946006774902,9.025793390841944,8.842714417396873,8.915946006774902,1055000,17.359630382432094,17.517974079162588,16.074210094250514,,,,,-0.98,0.07
FE,1998-06-26,8.915952233936645,8.952568054199219,8.861028503542785,8.952568054199219,140200,17.38268620745198,17.518480788004887,15.921001225067407,,,,,-0.95,0.15
FE,1998-06-29,8.970874786376953,9.007490601831554,8.915951063195054,8.970874786376953,538500,17.36352249523593,17.3987799034349,15.922255149374182,,,,,-0.92,0.15
FE,1998-06-30,8.989182251255688,9.080721785382528,8.915950623954215,9.007490158081055,386800,17.31482045169438,17.415400997351252,15.904844852294763,,,,,-0.89,0.16
FE,1998-07-01,9.025798354486021,9.062414169311523,8.970874632247769,9.062414169311523,773500,17.339657737331652,17.37816759856912,15.848327672204562,,,,,-0.88,0.19
FE,1998-07-02,9.007495647995274,9.025803565979004,8.897648140092892,9.025803565979004,398600,17.409948592071334,17.351763750299256,15.826767210515587,,,,,-0.85,0.21
FE,1998-07-06,8.897642135620117,8.934257946877812,8.49486821178546,8.897642135620117,655200,17.86290083651853,17.55966711780374,15.984732699209353,,,,,-0.79,0.13
FE,1998-07-07,8.91594996590832,8.934257871382464,8.787794627589308,8.824410438537598,1207600,18.047293679519225,17.391678562329723,16.045056634352015,,,,,-0.72,0.08
FE,1998-07-08,8.787795287831093,8.842719008380037,8.769487380981445,8.769487380981445,812600,17.842159644664076,17.39423292764242,16.06764288852939,,,,,-0.65,0.07
FE,1998-07-09,8.7877966922784,8.80610460205398,8.71456505317608,8.73287296295166,381400,17.245332625218243,17.150860895212844,16.029595893548244,,,,,-0.6,0.09
FE,1998-07-10,8.67794844255609,8.714564258769407,8.531485177702823,8.641332626342773,1701300,16.698482781511657,16.832284370683855,15.988172221770352,,,,,-0.55,0.11
FE,1998-07-13,8.641330554567535,8.641330554567535,8.494867324829102,8.494867324829102,386600,16.471816573471585,16.71023599610693,16.218690847855015,,,,,-0.54,0.02
FE,1998-07-14,8.494861197682608,8.54978486921935,8.18362705897441,8.275166511535645,630200,16.74727221734532,17.328401423807637,16.741803686432316,,,,,-0.46,0.03
FE,1998-07-15,8.183636938730874,8.293484414418538,8.055481550428603,8.238560676574707,1147700,16.559682318687443,16.999418677500806,16.725946255400256,,,,,-0.35,0.04
FE,1998-07-16,8.201942577696684,8.366713745552197,8.183634670157181,8.348405838012695,486900,17.193237778952177,17.260786896903795,16.858358041972924,,,,,-0.34,-0.02
FE,1998-07-17,8.421637468170701,8.421637468170701,8.293482115394191,8.348405838012695,140300,16.488755850803123,17.251402430817066,16.80176447995177,,,,,-0.35,0.02
FE,1998-07-20,8.275173919879837,8.385021361294172,8.23855810607506,8.293481826782227,345700,16.314056237026648,16.700335636899755,16.77705702930509,,,,,-0.32,0.03
FE,1998-07-21,8.293474402047892,8.311782292560139,8.147011277949916,8.275166511535645,374000,16.24659935761103,16.70078390141901,16.74944192743312,,,,,-0.28,0.05
FE,1998-07-22,8.311791030220363,8.421638488769531,8.275175210703974,8.421638488769531,628200,17.191272253416738,16.861081349559548,16.96783715966896,,,,,-0.28,-0.02
FE,1998-07-23,8.439946219325066,8.476562038064003,8.201943397521973,8.201943397521973,248300,17.62546792622526,17.66451308158689,17.478470597677767,,,,,-0.15,-0.03
FE,1998-07-24,8.201943174502366,8.275174809988995,8.147019447887395,8.220251083374023,187700,17.70007901753687,17.672833434202136,17.45029488669997,,,,,-0.08,-0.02
FE,1998-07-27,8.201934949486656,8.330090183072386,8.12870338743767,8.275166511535645,479200,17.94372509610284,17.16436231899815,17.428450522667475,,,,,-0.09,-0.01
FE,1998-07-28,8.275170655528525,8.275170655528525,8.165323257446289,8.165323257446289,273800,16.295013694435365,17.285290486834775,17.50322453045908,,,,,0.02,-0.04
FE,1998-07-29,8.165323257446289,8.220246956487406,8.147015357765916,8.165323257446289,124900,15.498767616903079,17.285290486834775,17.158261190823573,,,,,0.01,0.02
FE,1998-07-30,8.165319168462164,8.293474402047892,8.165319168462164,8.275166511535645,276200,16.225181078508626,17.476545123336965,17.28341352202973,15.658646771286689,,,,-0.09,-0.03
FE,1998-07-31,8.256863849233337,8.256863849233337,8.055476926081305,8.073784828186035,234300,17.423908064025127,18.02978272613409,17.536982293542113,15.93651548819818,,,,-0.07,-0.04
FE,1998-08-03,8.128711760044098,8.311790853738785,7.927324756979942,8.201943397521973,757000,18.287246222292538,18.154559657341636,17.663897814684102,15.977599601995513,,,,-0.17,-0.06
FE,1998-08-04,8.238559610703412,8.275175431195427,8.092096328735352,8.092096328735352,457400,18.4836338624899,18.174570059222532,17.7659752282601,16.027694331193462,,,,-0.22,-0.12
FE,1998-08-05,8.166334710153592,8.240574116609535,8.05497560046968,8.184894561767578,953700,18.950092609384612,18.29685406212991,17.860787274064144,16.071516062602,,,,-0.32,-0.16
FE,1998-08-06,8.184894002567638,8.184894002567638,8.073534900491888,8.16633415222168,370300,18.925730037448044,18.297268109368645,17.74021325868794,16.066919924818237,,,,-0.43,-0.11
FE,1998-08-07,8.129216960498264,8.351935233388627,8.054977536201477,8.314815521240234,245400,19.77644770952462,18.613822202478133,17.90442607423213,16.196155552456762,,,,-0.54,-0.14
FE,1998-08-10,8.277690887451172,8.351930267607685,8.259131042412044,8.277690887451172,240600,19.690299130255667,18.619111894548013,17.893329804876398,16.1884142512155,,,,-0.65,-0.13
FE,1998-08-11,8.277690887451172,8.314810577529428,8.203451507294659,8.277690887451172,222900,19.657204196639103,18.61827121870954,17.888499616590483,16.153621555438523,,,,-0.74,-0.13
FE,1998-08-12,8.259134074916009,8.593211408283398,8.259134074916009,8.537531852722168,609800,21.872171793481364,19.70733083269165,18.49959300945139,16.47272608230218,,,,-0.78,0.05
FE,1998-08-13,8.574651556429655,8.630331111990886,8.444732593453448,8.537531852722168,346500,21.752850533183555,19.70366067785449,18.497935583095163,16.47272608230218,,,,-0.81,0.05
FE,1998-08-14,8.518974455214892,8.648893455621218,8.500414598013988,8.5560941696167,191100,21.776368454468184,19.709801238949442,18.493035924038576,16.441531230516578,,,,-0.83,0.05
FE,1998-08-17,8.556087644691141,8.686006546020508,8.537527801644089,8.686006546020508,374000,21.971928591927604,19.91197407434998,18.548638250368782,16.489083563870192,,,,-0.82,0.04
FE,1998-08-18,8.686009239229522,8.686009239229522,8.611769844022431,8.648889541625977,220400,21.884546627840933,19.927410706830756,18.549912223212907,16.492760711905735,,,,-0.82,0.04
FE,1998-08-19,8.648889429428998,8.648889429428998,8.481850792379939,8.518970489501953,636500,22.2303518742764,20.050216231602942,18.603205504843768,16.523048629748168,,,,-0.85,0.02
FE,1998-08-20,8.500413804023363,8.611772936827164,8.481853948556063,8.593213081359863,272500,22.380582237451417,19.87095967343935,18.634320226820755,16.511271892580712,,,,-0.87,0.0
FE,1998-08-21,8.537532098766075,8.760250327429537,8.481852541600208,8.704570770263672,787200,22.49990930489522,19.644615205813075,18.56355209379639,16.57511463470542,,,,-0.86,0.02
FE,1998-08-24,8.741688505003722,8.85304759423944,8.704568808591818,8.797368049621582,298400,22.073324460204947,19.37207658663166,18.631140711648495,16.58633639862723,,,,-0.85,-0.01
FE,1998-08-25,8.83448745563466,8.871607150826403,8.630329132080078,8.630329132080078,319600,21.399362710322777,19.28606754073476,18.79967710071474,16.748003613215165,,,,-0.84,-0.07
FE,1998-08-26,8.556089909735277,8.760248237299459,8.556089909735277,8.667448997497559,328000,21.341995497291936,19.262318956323632,18.81312348181072,16.75367744065639,,1.45,100.0,-0.82,-0.07
FE,1998-08-27,8.667448997497559,8.77880808525984,8.370491430131475,8.667448997497559,319800,21.06234586162737,19.259874382361648,18.773201320719586,16.742527761097385,,1.45,98.0,-0.81,-0.05
FE,1998-08-28,8.611772537231445,8.686011955655854,8.556092973413138,8.611772537231445,353400,21.178078893506264,19.049334215668928,18.776146646200093,16.75651210712229,,1.44,98.0,-0.8,-0.05
FE,1998-08-31,8.611770464744403,8.908728066976968,8.50041136390719,8.574650764465332,593900,21.11684524769963,19.008121695129216,18.76420428314928,16.743212535442602,,1.44,96.0,-0.81,-0.04
FE,1998-09-01,8.61176923386594,8.77880786124696,8.57464953889238,8.723128318786621,696000,21.59344200003033,19.307730459705645,18.82814628187824,16.856950325263014,,1.43,100.0,-0.79,-0.06
FE,1998-09-02,8.741686751663947,8.741686751663947,8.407609550963414,8.426169395446777,563300,23.490841435889404,20.503246205691486,19.582811081635846,17.31699528246289,,1.44,100.0,-0.82,0.1
FE,1998-09-03,8.389053109975961,8.51897207406851,8.20345458984375,8.444732666015625,385700,22.114704235379445,20.20004494035942,19.446665550532565,17.31539497793927,,1.45,99.0,-0.82,0.16
FE,1998-09-04,8.444731095257927,8.611769732306986,8.333372003891888,8.518970489501953,342200,22.227450192545575,20.28418470366426,19.279123290507787,17.343389697576907,,1.45,98.0,-0.83,0.21
FE,1998-09-08,8.51897054417118,8.76024857701263,8.50041069549107,8.74168872833252,419000,23.3036987097965,21.024292966751883,19.490592217093678,17.53294560143665,,1.46,99.0,-0.79,0.26
FE,1998-09-09,8.704569088031294,8.760248634436612,8.611769844022431,8.648889541625977,408400,23.16393364832842,20.200588148977467,19.48872670658315,17.461422933484368,,1.47,98.0,-0.77,0.25
FE,1998-09-10,8.389050995939163,8.648888858645243,8.389050995939163,8.500410079956055,370800,23.822844357528837,20.2548225535698,19.472987108147237,17.540271325325193,,1.49,97.0,-0.76,0.26
FE,1998-09-11,8.44473120480648,8.704569088031294,8.426171356004707,8.648889541625977,279700,24.022946779153358,20.595192229606766,19.675849689458655,17.647781619248775,,1.5,100.0,-0.73,0.18
FE,1998-09-14,8.630329301576797,8.797367933220219,8.611769453616418,8.667448997497559,212600,22.711843290456958,20.600615330708337,19.6705179399759,17.642561280352098,,1.51,99.0,-0.71,0.18
FE,1998-09-15,8.593213984840794,8.83449213128341,8.55609427000347,8.815932273864746,446100,22.77793619479119,20.896083521599316,19.52910529005987,17.678427429767556,,1.53,97.0,-0.72,0.23
FE,1998-09-16,8.760249239417854,8.890168190002441,8.704569689167318,8.890168190002441,635600,22.329711085525723,20.96528178331037,19.569508142981473,17.659223166148948,,1.54,97.0,-0.74,0.21
FE,1998-09-17,8.741686996395442,8.87160591141618,8.704567306389517,8.778806686401367,394200,22.63929803459272,21.121742065211212,19.531768690846167,17.699345624141436,,1.55,96.0,-0.73,0.22
FE,1998-09-18,8.853047763600069,8.89016746072208,8.834487915039062,8.834487915039062,690200,22.624385239001832,21.128479775622026,19.545467201571558,17.698561296199966,,1.56,96.0,-0.74,0.22
FE,1998-09-21,8.871607723196595,8.964406967163086,8.648889537677015,8.964406967163086,775600,22.44311748928565,21.325802368809963,19.67299160707281,17.76958674585227,,1.57,99.0,-0.76,0.17
FE,1998-09-22,8.964406967163086,8.964406967163086,8.890167571989894,8.964406967163086,736900,22.35945934983123,21.309431271319692,19.39838695499789,17.641168424921755,,1.58,88.0,-0.79,0.25
FE,1998-09-23,8.964409896305629,9.094328880310059,8.908730331732302,9.094328880310059,1809100,22.5985356055495,21.508723201009236,19.505854313402462,17.70274151926752,,1.58,92.0,-0.81,0.2
FE,1998-09-24,8.98296653168111,8.98296653168111,8.760248353209676,8.797368049621582,367300,23.377151736143304,22.55498073143371,20.218716290017166,18.139925243244026,,1.6,100.0,-0.81,0.22
FE,1998-09-25,8.797368217917048,8.908727309283087,8.778808369356042,8.834487915039062,259400,23.393356864705332,22.53532072626171,20.18511938141317,18.142630716449755,,1.62,99.0,-0.82,0.26
FE,1998-09-28,8.871610950137569,8.945850372314453,8.797371527960685,8.945850372314453,210100,23.624419492322808,22.677048264809187,20.23930198939599,18.19560621106436,,1.64,100.0,-0.83,0.24
FE,1998-09-29,8.964401623097862,9.168559838116654,8.964401623097862,9.131440162658691,2329300,23.948310473841197,22.871356746604793,20.35421270461586,18.265300664192825,,1.66,100.0,-0.86,0.25
FE,1998-09-30,9.131445825219874,9.298484468364139,9.09432612674337,9.224245071411133,1036900,24.000894021036306,22.882962913368093,20.349539686931696,18.24815802900004,,1.67,99.0,-0.86,0.25
FE,1998-10-01,9.242804920649384,9.335604166840643,9.20568522217288,9.224245071411133,651500,23.448367229037814,22.837324899785408,20.328854001995346,18.24815802900004,,1.69,98.0,-0.86,0.26
FE,1998-10-02,9.279925247718548,9.688241958618164,9.279925247718548,9.688241958618164,1129100,27.00444068261155,24.85596406285393,21.740343484627136,19.103334090485774,,1.73,100.0,-0.19,1.1
FE,1998-10-05,9.651122743433172,9.799601554870605,9.614003040573813,9.799601554870605,819000,26.96633905550368,24.800498463661704,21.725630680812415,19.1388938050658,,1.77,99.0,0.45,1.11
FE,1998-10-06,9.688242122417188,9.78104137646333,9.614002719180275,9.725361824035645,986100,27.09199302626048,24.561953340662964,21.769673242397037,19.162061088732635,,1.81,100.0,0.59,1.07
FE,1998-10-07,9.743920932471973,9.985198974609375,9.68824138428642,9.985198974609375,1028600,27.018376873928652,24.322112069699646,22.129993645277874,19.39545899415115,,1.85,100.0,1.13,0.92
FE,1998-10-08,9.92952352080398,10.115122091286297,9.892403806707517,10.059442520141602,1316700,27.027767723327788,24.285857351937064,22.13239033306548,19.409158081967274,,1.89,100.0,1.46,0.92
FE,1998-10-09,10.096560745681968,10.096560745681968,9.465525699076846,9.595444679260254,1074500,30.96075009925719,26.308691097189225,23.438609170596862,20.216650184896938,,1.95,100.0,1.2,1.28
FE,1998-10-12,9.502642749315239,9.576882145794265,9.279924559878163,9.317044258117676,425700,32.284808354490174,27.09967827705127,23.932242014585608,20.49815754973635,,2.03,100.0,1.02,1.09
FE,1998-10-13,9.465525070670077,9.595444042228294,9.372725805271351,9.446965217590332,1744400,32.37453613492038,27.151959062185107,23.99471490562558,20.55666088621282,,2.1,100.0,0.83,1.07
FE,1998-10-14,9.446963084861636,9.762480515986681,9.354163840413094,9.502642631530762,2104500,32.116481578134184,27.146806048374994,24.002351718053387,20.530788754698023,,2.16,100.0,0.64,1.07
FE,1998-10-15,9.502643067339866,9.78104081345334,9.354164269412681,9.706801414489746,512900,30.491420588243635,27.246276416700173,24.140831603341635,20.582804985086753,,2.22,100.0,0.48,1.03
FE,1998-10-16,9.799601165771485,9.799601165771485,9.261365495681764,9.279925346374512,667200,33.72361568552576,28.326826965260622,25.10334217612482,21.20315049290728,,2.3,100.0,0.4,1.15
FE,1998-10-19,9.39128477989681,9.595443144677176,9.317045374522133,9.354165077209473,644000,33.71304364918644,28.352713334165003,24.953689863063428,21.220765263293874,,2.38,99.0,0.3,1.21
FE,1998-10-20,9.502642582168738,9.502642582168738,8.871607723196595,8.964406967163086,1455400,35.490757211650696,29.777150471688785,25.71773104321295,21.760057072624583,,2.47,100.0,0.27,1.15
FE,1998-10-21,9.057206211129579,9.094325908716176,8.834488025609998,8.964406967163086,335800,35.32436596141715,29.620985709697013,25.506158336739748,21.760057072624583,,2.55,99.0,0.26,1.23
FE,1998-10-22,9.001525660030177,9.131444587082159,8.92728627314333,9.057205200195312,428100,34.971834409251336,29.673025247211342,25.539610858257294,21.780061312215544,,2.63,99.0,0.24,1.22
FE,1998-10-23,9.020086400649125,9.05720609777114,8.797368217917048,8.834487915039062,341100,35.513264699422656,30.0656417258151,25.845107311883332,21.949642007830384,,2.71,100.0,0.25,1.05
FE,1998-10-26,8.853047820413188,8.927287215133633,8.74168872833252,8.74168872833252,364900,35.65918487974273,29.687186462975195,25.79437950098732,21.972859862224297,,2.78,99.0,0.28,1.04
FE,1998-10-27,8.74168872833252,8.834487971733077,8.667449333612073,8.74168872833252,482400,35.305935347373335,29.53542052669469,25.774074699157435,21.966574117404953,,2.85,98.0,0.33,1.05
FE,1998-10-28,8.79736782769737,8.90872691412392,8.778807979959613,8.853047370910645,781700,35.418627399966034,29.471366592089478,25.82698728042893,22.0161165760802,,2.91,99.0,0.36,1.04
FE,1998-10-29,8.890167290651345,8.890167290651345,8.760248353209676,8.797368049621582,205700,35.27276847259811,29.44064083514767,25.836024935376585,22.02452444810386,,2.96,99.0,0.4,1.03
FE,1998-10-30,8.90872859954834,8.9272884507974,8.815929343303045,8.90872859954834,273500,35.415450397341495,29.52298992876984,25.786235057043132,22.051591492475296,,3.02,96.0,0.47,1.05
FE,1998-11-02,8.927286659178058,9.112885134420846,8.927286659178058,9.03864574432373,398000,35.41121631503262,29.44693187137233,25.876496917411284,22.0616547455875,,3.07,100.0,0.5,1.02
FE,1998-11-03,9.094328638506225,9.317046890877807,9.094328638506225,9.150008201599121,501800,35.58040196184091,29.503984941677036,25.948954171030973,22.104271877185727,,3.11,100.0,0.5,1.0
FE,1998-11-04,9.168791601262942,9.262734138161127,9.037272049605482,9.187580108642578,1284600,35.36025503178079,29.506030964869307,25.489827267131602,22.107598763815837,,3.16,89.0,0.43,1.21
FE,1998-11-05,9.206369837205743,9.262735366821289,9.150004307590198,9.262735366821289,578100,33.955092836889506,28.90759129280804,25.42197879105217,22.110946801245547,,3.2,88.0,0.36,1.24
FE,1998-11-06,9.243945460416834,9.319099488550304,9.168791432283363,9.206368446350098,2598700,34.02083575822577,28.94688536885261,25.439682634446132,22.122653999376475,,3.24,88.0,0.3,1.22
FE,1998-11-09,9.2627339674502,9.319099488550304,9.150002925249996,9.206368446350098,1381800,33.85733875427036,28.947375794718884,25.437044309158015,22.09581512514959,,3.27,87.0,0.24,1.23
FE,1998-11-10,9.243949077043874,9.450622735270466,9.243949077043874,9.43183422088623,299200,34.05734882239661,29.193215615490708,25.708175030433694,22.25187058245638,20.040937788339424,3.3,91.0,0.13,1.14
FE,1998-11-11,9.413045992995754,9.431834507951832,9.22516084343496,9.300314903259277,668900,34.21975672465737,29.342114017954714,25.81118731089302,22.303887315610353,20.093987323976723,3.34,95.0,0.05,1.06
FE,1998-11-12,9.319103240966797,9.337891755565519,9.243949182571903,9.319103240966797,1325900,34.22335247962841,29.14388776265082,25.812376315290336,22.300135791104665,20.062381961853543,3.37,95.0,-0.02,1.06
FE,1998-11-13,9.375469982147216,9.45062405014038,9.243950363159179,9.394258499145508,250500,31.066008238068154,29.137399518878958,25.818542731661715,22.315006306745886,20.055739012241943,3.39,95.0,-0.12,1.08
FE,1998-11-16,9.356678529219195,9.506986618041992,9.300312995910645,9.506986618041992,778800,31.08374401259854,29.12222585075931,25.87562893886566,22.34435771916278,20.082083375316728,3.41,98.0,-0.22,1.05
FE,1998-11-17,9.450625057031614,9.69487580403243,9.319105424031173,9.488202095031738,377000,31.022737616440292,29.06776551682682,25.872943778127627,22.32680851624778,20.08058448694913,3.43,97.0,-0.31,1.05
FE,1998-11-18,9.431833442337735,9.450621955171078,9.300313852504342,9.413044929504395,153800,29.986243772970667,28.820884137808626,25.907202204287643,22.323375727086077,20.09757112512954,3.44,99.0,-0.39,1.01
FE,1998-11-19,9.488199764038937,9.506988278423172,9.281526105812345,9.43183422088623,205100,29.880031523406668,28.815042749501263,25.90196595678077,22.188439191520608,20.088107346312274,3.45,98.0,-0.45,1.01
FE,1998-11-20,9.469408277054908,9.469408277054908,9.243946175220268,9.337888717651367,260200,26.788394901686296,28.908821620862586,25.93902638631411,22.218940482225804,20.09918558347398,3.46,99.0,-0.5,0.97
FE,1998-11-23,9.394256416671052,9.506987493671105,9.300313852504342,9.413044929504395,171600,25.489451461823442,28.896506535309353,25.958250268300187,22.173770615314222,20.068376475527405,3.47,100.0,-0.56,0.97
FE,1998-11-24,9.319102365337683,9.46941046800442,9.20637128833763,9.413044929504395,1902000,25.16574802247431,28.873007465976936,25.850855941585298,22.13665008636073,20.068376475527405,3.47,92.0,-0.62,1.05
FE,1998-11-25,9.413043459256489,9.488197498851353,9.394254949357775,9.469408988952637,234700,25.16770114471597,28.70509357342423,25.825873429286688,22.14192607404282,20.057161865228334,3.47,88.0,-0.69,1.09
FE,1998-11-27,9.431832141004074,9.50698618196825,9.356678100039897,9.450620651245117,76500,24.340393117766705,27.7189074325614,25.805549801210546,22.13699682006441,20.03372365326623,3.47,84.0,-0.76,1.11
FE,1998-11-30,9.394257478039673,9.413045992995754,9.300314903259277,9.300314903259277,488500,21.002167412944882,27.961598755477716,25.931425923141937,22.176757258766035,20.100744537589947,3.46,97.0,-0.8,1.02
FE,1998-12-01,9.394258499145508,9.694874771118164,9.26273888015747,9.394258499145508,502000,21.078716458218757,27.977022682508572,25.91169291013598,22.17547206932022,20.07982210864377,3.46,96.0,-0.85,1.06
FE,1998-12-02,9.45062441232214,9.469412930040475,9.337893306012134,9.356681823730469,245000,16.824074205453744,27.540346428079538,25.764045221319943,22.16814817148767,20.060882759390257,3.45,78.0,-0.87,1.16
FE,1998-12-03,9.300314199948359,9.431833794695104,9.262737172877861,9.375468254089355,139200,16.819327042178184,27.430566233200643,25.39332718940634,22.168099032582976,20.061133883244665,3.44,69.0,-0.88,1.37
FE,1998-12-04,9.413046542115097,9.582143186584231,9.337892477906594,9.54456615447998,349400,17.300445802412632,27.35603870640338,25.5129345931569,22.234718007809168,20.11658519070463,3.43,74.0,-0.9,1.34
FE,1998-12-07,9.544563640247693,9.582140662453392,9.431832573630594,9.506986618041992,279600,15.464761661635787,27.191822508776927,25.456885752371523,22.238792882477036,20.119818219860406,3.42,71.0,-0.91,1.34
FE,1998-12-08,9.506989536919939,9.600932121276855,9.431835469434406,9.600932121276855,295400,15.09965857448377,27.244286315449767,25.491942208110807,22.260550062113623,20.139987088803313,3.4,72.0,-0.93,1.34
FE,1998-12-09,9.563351538446215,9.582140048344929,9.413043459256489,9.469408988952637,1385500,15.857931031527128,27.23714766450385,25.57483005549363,22.280007842904585,20.18580980447285,3.39,75.0,-0.93,1.28
FE,1998-12-10,9.46941256713867,9.46941256713867,9.26273888015747,9.394258499145508,459200,15.855262378612215,27.258851605131166,25.611397743377402,22.295623494086772,20.201118250792053,3.37,75.0,-0.92,1.24
FE,1998-12-11,9.41304363076303,9.450620651245117,9.281524059075721,9.450620651245117,166400,15.696405518991167,27.130812178005858,25.489825858168413,22.255941447686602,20.193337194403636,3.35,68.0,-0.91,1.3
FE,1998-12-14,9.431831260082468,9.431831260082468,9.319100209165148,9.337888717651367,577500,15.92451787818974,27.243511521838954,25.19347585354407,22.290780658674475,20.233184505381256,3.34,62.0,-0.89,1.44
FE,1998-12-15,9.375470341448803,9.394258859167138,9.319104788293801,9.356681823730469,593600,15.449117008775524,27.095368396267933,25.1932934354822,22.210187663629018,20.205092060326688,3.32,61.0,-0.86,1.44
FE,1998-12-16,9.30031462019658,9.450622735270466,9.30031462019658,9.43183422088623,1363900,15.231695941414527,27.135937311624343,25.20146227365252,22.224571520668782,20.216054313713556,3.3,62.0,-0.84,1.43
FE,1998-12-17,9.356677851957434,9.58213996887207,9.337889342214547,9.58213996887207,370500,15.805410309190298,27.167776736404925,25.19467341509227,22.270581679938424,20.27202936683405,3.28,61.0,-0.83,1.49
FE,1998-12-18,9.525775987654924,9.676084090024233,9.45062193647027,9.619718551635742,860600,15.695668977049335,26.228360637127025,25.196007662267817,22.27288757008716,20.23387882420568,3.25,61.0,-0.83,1.49
FE,1998-12-21,9.69487102732939,9.69487102732939,9.544562949386298,9.58213996887207,671300,15.619028507925664,26.24520340861495,25.140590628182462,22.256292328856507,20.166531226713467,3.22,57.0,-0.82,1.5
FE,1998-12-22,9.544564500451088,9.65729557722807,9.544564500451088,9.619718551635742,359500,15.631180845294534,26.147775689646473,24.792142014801826,22.24688085239449,20.142653596225575,3.19,54.0,-0.86,1.73
FE,1998-12-23,9.657295401798123,9.676083914252983,9.58214135197868,9.638506889343262,337600,14.072008107344738,25.83671319998542,24.690403562546102,22.23391351284621,20.136752855974148,3.16,53.0,-0.86,1.77
FE,1998-12-24,9.694868421740106,9.694868421740106,9.619714402966926,9.657291412353516,151500,13.35917894975625,25.76647234664161,24.571456329827825,22.174530544101607,20.133728315161715,3.13,52.0,-0.93,1.89
FE,1998-12-28,9.638507064431906,9.65729557722807,9.582141526043415,9.619718551635742,186400,13.43963412369946,25.783792437476638,24.53877602193268,22.16709611111317,20.090962201207795,3.1,51.0,-0.96,1.88
FE,1998-12-29,9.58213996887207,9.676082517586503,9.544562949386298,9.58213996887207,230400,13.346627279253173,23.743422224547363,24.546787696267923,22.113041524380098,20.069510428088336,3.06,51.0,-1.03,1.87
FE,1998-12-30,9.638507316278858,9.694872856140137,9.619718802991764,9.694872856140137,300400,13.32976341780949,23.749072333878555,24.459495799469487,22.05639867296419,20.083764796015693,3.02,49.0,-1.04,1.92
FE,1998-12-31,9.694872931189364,9.807604011784589,9.638507390891752,9.78881549835205,418300,13.554141349764546,23.781765412637014,24.473861312132588,21.953205746749184,20.095454676035864,2.99,49.0,-1.08,1.93
FE,1999-01-04,9.863969552082201,9.920335092379814,9.7136614446219,9.78881549835205,416600,13.289048289936126,23.14363774339948,24.473861312132588,21.924025912652738,20.08934456928906,2.95,48.5,-1.14,1.93
FE,1999-01-05,9.751238471486976,9.826392525217127,9.7136614446219,9.78881549835205,370000,13.292627284686374,23.08756244067562,24.021831879581125,21.814331612296346,20.006689143143923,2.91,45.0,-1.13,2.11
FE,1999-01-06,9.732446275283175,9.8827543258667,9.713657768960235,9.8827543258667,386200,13.061183815044759,21.01409914651963,24.055812033170714,21.83847960644051,20.017564623130642,2.88,45.0,-1.11,2.1
FE,1999-01-07,9.80760279568759,9.939122373407539,9.77002577348189,9.920333862304688,739900,12.945936611089435,20.074820493065086,24.058409799350397,21.834865513001013,20.013163286896845,2.84,45.0,-1.08,2.1
FE,1999-01-08,9.939130205809505,9.976707257627309,9.84518757626499,9.9015531539917,603500,12.979796628698374,19.90454135578355,23.965025908343435,21.661659022689758,20.012727262775513,2.81,40.0,-1.06,2.14
FE,1999-01-11,9.826392950902457,9.845181465148926,9.713661865423653,9.845181465148926,804600,13.085827617059834,19.91953465668334,23.974571594728282,21.672516421560207,20.021067602156556,2.77,40.0,-1.04,2.13
FE,1999-01-12,9.788811794251997,9.957908351158462,9.713657768960235,9.8827543258667,375400,13.06725558604089,19.462039099373246,23.83227716945069,21.59797062590902,19.970061033397137,2.73,37.0,-1.03,2.28
FE,1999-01-13,9.770026556773535,9.920334657646976,9.694872506336816,9.732449531555176,444400,12.986282634584498,17.35021452965938,23.95219005613221,21.67810508143395,20.00066012625279,2.69,38.0,-1.01,2.14
FE,1999-01-14,9.732449451617564,9.770026476527283,9.563352839523821,9.638506889343262,409400,13.11897856429429,17.415848011792864,23.941247278337226,21.710505529581248,20.027654112965603,2.64,37.0,-0.97,2.1
FE,1999-01-15,9.694873700196716,9.807604789733887,9.54456558081382,9.807604789733887,376300,13.873982957204264,15.288925848314964,24.034484225450367,21.668664060705865,20.083673337757713,2.6,43.0,-0.95,2.05
FE,1999-01-19,9.732449451617564,9.732449451617564,9.50698730215924,9.638506889343262,619500,14.920497139669289,15.769630484471156,23.9979673195417,21.763003285071974,20.162219542947852,2.56,40.0,-0.91,2.07
FE,1999-01-20,9.657294706864791,9.657294706864791,9.488198106939143,9.506986618041992,1187300,14.60926655918258,15.946276761886432,24.107466861475476,21.828082002757476,20.210236156662443,2.51,45.0,-0.85,1.95
FE,1999-01-21,9.563353013247252,9.638507064431906,9.50698747485876,9.619718551635742,309500,14.959806877187559,15.174092416834664,24.168510013993753,21.84414862952396,20.240984972059177,2.47,46.0,-0.8,1.93
FE,1999-01-22,9.54456615447998,9.582143186584231,9.506989122375728,9.54456615447998,569500,14.867444447853156,15.092483476468544,24.180555470576103,21.846639448596868,20.258749747298996,2.42,46.0,-0.73,1.92
FE,1999-01-25,9.563351459129185,9.600928478614957,9.469408910414753,9.58213996887207,278500,14.336791309288424,15.097677942579733,24.169567177282083,21.776277537818657,20.248373237497212,2.37,45.0,-0.67,1.94
FE,1999-01-26,9.600931702636357,9.600931702636357,9.488200606323602,9.54456615447998,340900,14.17900337612653,14.957517683845131,24.044512078088925,21.750419712911455,20.227072409714033,2.31,39.0,-0.59,1.99
FE,1999-01-27,9.56335303217113,9.582141545004474,9.356679391004368,9.413044929504395,643900,14.674772264343556,15.199340035041816,23.482812514257944,21.805442907208285,20.27882749305591,2.27,27.0,-0.6,2.19
FE,1999-01-28,9.337889589798854,9.469409161486162,9.300312569316766,9.450620651245117,926700,14.277373437983561,15.023805180082034,23.486631542004883,21.80770404577834,20.25541376914473,2.23,27.0,-0.62,2.19
FE,1999-01-29,9.394254243110028,9.413042751596247,9.225157666734047,9.337888717651367,998800,14.71091913860037,14.987984471971775,23.546056507775724,21.81933040995785,20.225194988279167,2.18,27.0,-0.61,2.11
FE,1999-02-01,9.243950790937921,9.319104862408961,9.074854130128083,9.150008201599121,295600,15.623538462859138,15.382958801234409,23.443391314918333,21.955413762241843,20.273105583112542,2.14,24.0,-0.55,2.08
FE,1999-02-02,9.074850082397461,9.074850082397461,8.868176478036442,9.074850082397461,387700,14.912429781322837,15.450414548667183,23.417238775300408,21.976756585826767,20.291488103584598,2.09,22.0,-0.53,2.1
FE,1999-02-03,9.074851063657398,9.30314920362362,9.074851063657398,9.208024978637695,9611300,15.573083500956509,15.653410529170452,23.347324575259222,22.03564409818864,20.288601294903387,2.04,21.0,-0.63,2.2
FE,1999-02-04,9.169976232453344,9.284125314185129,9.05582715072156,9.150951385498047,470600,15.618894533159947,15.655289148125359,23.222096252890935,22.047399010874262,20.299234771288198,1.99,20.0,-0.63,2.26
FE,1999-02-05,9.22704983150027,9.265099521527075,9.131925606433256,9.246074676513672,500800,15.921876618629266,15.800902298165267,23.27269523970938,22.07930513999846,20.314782539485467,1.94,20.0,-0.63,2.23
FE,1999-02-08,9.265096664428711,9.303146342722053,9.093873112108673,9.265096664428711,460400,15.923761864931086,14.987726588003097,23.126089910006467,22.065662228279987,20.28932188045947,1.89,18.0,-0.57,2.32
FE,1999-02-09,9.265100467229832,9.265100467229832,9.074851997676857,9.150951385498047,600300,16.20836949746801,14.92692876304987,23.180890055216214,22.115684439162013,20.318217791452327,1.84,18.0,-0.53,2.24
FE,1999-02-10,9.208024970723386,9.303149195627553,9.093875900838386,9.169975280761719,390400,16.23349149972749,14.927317200128995,23.089993243393327,22.077288371269532,20.313832002074314,1.78,16.0,-0.5,2.34
FE,1999-02-11,9.112902641296387,9.112902641296387,8.941679000854492,8.979728698730469,222400,17.17023113981793,15.413553308148606,23.318110243589413,22.145148006818324,20.4250132674237,1.72,20.0,-0.5,2.13
FE,1999-02-12,8.99874968396009,8.99874968396009,8.827526117034846,8.884600639343262,288700,16.820625830966367,15.314420477644298,23.264646783182304,22.066084750287803,20.44991528674882,1.66,18.0,-0.5,2.13
FE,1999-02-16,8.865577729945445,9.055826179085905,8.846552885031398,9.017776489257812,522000,17.223700897743228,15.660199591944258,23.385676770357335,22.020506751262765,20.485998581797844,1.59,21.0,-0.49,2.06
FE,1999-02-17,9.017777450912666,9.208025920341203,8.941678063141252,9.093876838684082,228900,17.509480717117473,15.701928091310489,23.31150322589031,21.90535106894964,20.461000438203587,1.51,18.0,-0.49,2.11
FE,1999-02-18,9.074851055857552,9.303149195627553,9.074851055857552,9.169975280761719,614600,17.775548972922177,15.799667372959261,22.731068279301976,21.915253898285645,20.47533593237967,1.46,11.0,-0.47,2.42
FE,1999-02-19,9.169975256719509,9.169975256719509,9.017776497271882,9.055826187133789,311000,17.66109569932579,15.872802246997757,22.815046286506515,21.965021733423125,20.514787524158702,1.41,11.0,-0.46,2.32
FE,1999-02-22,8.960702910084105,9.093876838684082,8.960702910084105,9.093876838684082,427500,17.674591443329383,15.804261920109012,22.73910554083761,21.90567564090435,20.507460177842095,1.36,10.0,-0.43,2.37
FE,1999-02-23,9.017778396606445,9.036803245544434,8.922654151916504,8.922654151916504,260200,18.275750529836774,16.248560890813078,22.703823055044598,22.009122472173807,20.596861698236562,1.31,8.0,-0.47,2.33
FE,1999-02-24,8.941679000854492,9.017778396606445,8.84655475616455,8.865579605102539,360600,18.284434678350042,16.223424077453473,22.66373436716446,22.00152183535014,20.588357247895225,1.25,7.0,-0.52,2.34
FE,1999-02-25,8.827529907226562,8.903629302978516,8.713380813598633,8.770455360412598,243100,18.26725296364604,16.343826613160303,22.723547938462037,22.03215385558594,20.60048642067573,1.19,8.0,-0.54,2.28
FE,1999-02-26,8.846552861042511,8.960701930217255,8.808503171317598,8.903627395629883,304500,18.744768318524212,16.38479079557528,21.43974298113224,22.022476078781857,20.643234805018825,1.2,1.0,-0.58,1.72
FE,1999-03-01,8.827529907226562,8.922654151916504,8.770455360412598,8.922654151916504,351700,18.68912885932867,16.24209844992155,21.354910704257904,22.013347593934444,20.640059949280722,1.21,1.0,-0.6,1.76
FE,1999-03-02,9.055827144798375,9.169976226455496,9.017777450912666,9.093876838684082,515900,18.844357528897945,16.72907733550832,21.560303823457264,22.12842174802781,20.723591000929716,1.21,3.0,-0.59,1.7
FE,1999-03-03,9.093876840675051,9.189001075410147,9.055827146781015,9.11290168762207,434400,18.34756295962989,16.729618641387564,21.12538530203669,21.830128113484882,20.715195518851033,1.24,1.0,-0.61,1.85
FE,1999-03-04,9.093875892957053,9.189000117778779,9.093875892957053,9.131925582885742,549900,18.028395266371504,16.297299723549287,21.08887973558676,21.765914337829468,20.699427177211295,1.26,1.0,-0.7,1.86
FE,1999-03-05,9.150952339172363,9.360225677490234,9.150952339172363,9.322175979614258,316500,18.754377353787948,16.858614286298153,20.02418716732134,21.899453791330973,20.779612027109458,1.33,1.0,-0.68,1.39
FE,1999-03-08,9.246074664666786,9.284124354644838,9.055826214776523,9.189000129699707,393000,19.0540567296157,16.965596227723022,19.60447953736237,21.965982102696096,20.726025484612663,1.42,1.0,-0.69,1.52
FE,1999-03-09,9.13192158360635,9.227045766768915,8.846549034118652,8.846549034118652,467500,21.742946889210494,18.42249686051851,20.374552993545965,22.419264072787445,21.071994212842306,1.47,3.0,-0.75,1.48
FE,1999-03-10,8.789478310223284,8.979726758496515,8.675329241259345,8.82752799987793,460000,21.740051052732156,18.368830507904782,20.348870581525023,22.41925217883717,21.023017204248585,1.53,3.0,-0.79,1.48
FE,1999-03-11,8.827531831160837,8.827531831160837,8.656308153401252,8.751432418823242,417800,21.556779744317772,18.374919323760942,20.078162211073742,22.442280559850403,21.01513404554144,1.59,3.0,-0.78,1.54
FE,1999-03-12,8.75143051147461,8.998753547668457,8.63728141784668,8.922654151916504,1011400,22.39981101381349,18.715102500039926,19.066852992873265,22.548563454318817,21.099978274822487,1.67,1.0,-0.83,0.97
FE,1999-03-15,8.922656096582829,8.922656096582829,8.694357859570047,8.751432418823242,331700,22.787007764287857,19.089452263514712,19.254825528457808,22.659644685429644,21.185509001124007,1.74,2.0,-0.87,0.82
FE,1999-03-16,8.808506978076437,8.837044257703036,8.713382712654447,8.751432418823242,371600,22.131191170137264,18.996486508462873,18.04504630254185,22.65413195716592,21.14885457588887,1.84,1.0,-0.87,0.11
FE,1999-03-17,8.808506982258981,8.827531835352413,8.675333010604959,8.732407569885254,451500,22.039726252348068,18.661311680807792,18.04761503650714,22.653945266363333,21.12480091173163,1.93,2.0,-0.86,0.11
FE,1999-03-18,8.75142675395696,8.941675161651675,8.732401913187488,8.884600639343262,369000,22.222317572242712,19.02580522578612,18.18506799928604,22.742309094494555,21.186814864200485,2.01,3.0,-0.89,0.07
FE,1999-03-19,8.903627379187222,8.922652224014547,8.789478310223284,8.82752799987793,311800,22.226874651798955,19.047568308351025,17.778332288753912,22.74286418808778,21.19573000070436,2.09,1.0,-0.89,0.14
FE,1999-03-22,8.751428620568637,8.865577689532577,8.713378930913992,8.82752799987793,176700,21.96077620491216,19.018083960899926,17.697642674017413,22.73812936708352,21.17101408933944,2.17,1.0,-0.9,0.2
FE,1999-03-23,8.827525076387232,8.865574753440624,8.71337604522705,8.71337604522705,308500,22.179435057499674,19.151237898866196,17.819663216096465,22.727351043796528,21.209853346364095,2.24,3.0,-0.89,0.12
FE,1999-03-24,8.713378974513004,9.055826183118318,8.713378974513004,9.0368013381958,514200,24.58578543806546,20.674900530652433,18.632456650044187,23.11408922803601,21.518109715920943,2.29,7.0,-0.87,0.55
FE,1999-03-25,8.97972677507971,9.055826154529539,8.865577705904968,8.903627395629883,242600,24.92347333028126,20.858967068924358,18.757308262250316,23.169843886266598,21.53528033461861,2.33,8.0,-0.87,0.48
FE,1999-03-26,8.84655475616455,8.922654151916504,8.732405662536621,8.770455360412598,301200,24.568816294746863,21.043408435375284,18.80330371851581,23.233791114435697,21.584096791535064,2.37,9.0,-0.86,0.46
FE,1999-03-29,8.78948212499204,8.846556684245234,8.713382712654447,8.751432418823242,224200,24.395289312047062,20.863817998944448,18.65866122054709,23.201316165459325,21.550684305052208,2.4,8.0,-0.88,0.54
FE,1999-03-30,8.75143051147461,8.75143051147461,8.504107475280762,8.52313232421875,367900,25.06100197432656,21.33039851203585,19.0025751642379,23.324569650121106,21.70335545588721,2.43,11.0,-0.8,0.51
FE,1999-03-31,8.599231719970703,8.675331115722656,8.504107475280762,8.52313232421875,303200,24.879034261408815,21.33039851203585,18.98731415061987,23.11497572842693,21.640252678205606,2.46,11.0,-0.77,0.52
FE,1999-04-01,8.485076980253236,8.694350179317778,8.466052143974641,8.599225997924805,442000,24.899887823838,21.448917567527836,18.996520986572403,23.13141137083827,21.655151082417955,2.48,12.0,-0.8,0.51
FE,1999-04-05,8.599229861950052,8.865577689532577,8.561180172295407,8.82752799987793,434900,26.002022722839374,22.098865247470066,19.451298034644548,23.28429556921958,21.79141583042998,2.5,16.0,-0.85,0.42
FE,1999-04-06,8.827527962150155,8.846552806896169,8.637279514690022,8.656304359436035,337500,26.50962763977273,22.3603006592738,19.687613183458776,23.403003723011388,21.877649955287502,2.52,18.0,-0.9,0.32
FE,1999-04-07,8.618256568908691,8.789480209350586,8.599231719970703,8.789480209350586,653800,26.419867511562256,22.647443149686413,19.450813749439806,23.456503885008377,21.91750430174795,2.53,16.0,-0.95,0.34
FE,1999-04-08,8.75143051147461,8.941679000854492,8.75143051147461,8.941679000854492,294400,26.84186610993272,22.969779825919094,19.536886368852567,23.538959984273795,21.976743817222836,2.54,18.0,-0.98,0.31
FE,1999-04-09,8.865573870751165,8.922648380648704,8.770449687588599,8.846549034118652,290400,26.83859362397902,23.016076913138537,19.60108799483291,23.487001174638714,21.994346368602898,2.54,19.0,-1.02,0.28
FE,1999-04-12,8.903629302978516,9.017778396606445,8.84655475616455,8.922654151916504,231800,26.592376788669643,22.939119562999494,19.607197946134956,23.290990560979154,21.964940491553598,2.55,21.0,-1.05,0.27
FE,1999-04-13,8.84655475616455,8.865579605102539,8.732405662536621,8.770455360412598,274100,27.048769680962536,23.10539734602484,19.681847803237275,23.38362543946922,22.023882450899762,2.55,22.0,-1.08,0.25
FE,1999-04-14,8.694350179317778,8.751424688153561,8.599225997924805,8.599225997924805,227900,26.94099863842803,23.055963462499072,19.908854566575226,23.491604545906856,22.06511263356348,2.55,24.0,-1.09,0.16
FE,1999-04-15,8.637279523018934,8.808503125898165,8.599229833490217,8.694354057312012,387800,27.177434371673233,22.990631817756473,19.967257891203843,23.470253349263835,22.01953241229751,2.54,25.0,-1.12,0.13
FE,1999-04-16,8.694355964660645,8.789480209350586,8.618256568908691,8.770455360412598,527200,27.322392755735724,22.949668608556465,20.019581958854275,23.491072739705672,21.949179579193846,2.53,26.0,-1.14,0.1
FE,1999-04-19,8.846553828426984,9.169976226455496,8.827528981484129,9.093876838684082,800500,28.748284272041776,24.06536578108975,20.803357970152177,23.821875872564473,22.225347406517002,2.52,31.0,-1.15,0.27
FE,1999-04-20,9.169980008177962,9.34120370127672,8.998756315079204,9.303153991699219,491500,29.236874394077017,24.50320503822088,21.082318731060077,23.777080234100204,22.267561716802657,2.5,32.0,-1.14,0.18
FE,1999-04-21,9.284126281738281,9.322175979614258,9.169977188110352,9.322175979614258,242100,26.875838146682124,24.49192924950105,21.08510169370832,23.710877954587087,22.267285028151612,2.48,33.0,-1.13,0.18
FE,1999-04-22,9.26509949763616,9.284124342600505,9.074851047992707,9.131925582885742,264900,27.630924845270844,24.829476495682947,21.311625006183203,23.785936897193608,22.360249196448102,2.46,36.0,-1.12,0.11
FE,1999-04-23,9.131925566857602,9.131925566857602,9.017776497271882,9.055826187133789,169500,27.62214332780058,24.73045769437921,21.348049049455096,23.775397826868595,22.260119888273803,2.44,37.0,-1.11,0.1
FE,1999-04-26,9.017776497271882,9.131925566857602,8.979726807409975,9.055826187133789,205200,27.075994328982382,24.712079807563168,21.200930912648793,23.773108178238544,22.258988869242792,2.41,36.0,-1.11,0.16
FE,1999-04-27,9.131927490234375,9.18900203704834,8.96070384979248,8.979728698730469,298500,26.55915159031351,24.65329668517912,21.175059532847563,23.705810430862552,22.225839980015873,2.39,36.0,-1.11,0.18
FE,1999-04-28,8.979722964535853,9.074847148482206,8.941673290957311,8.960698127746582,381400,26.572224403308386,24.31274994852003,21.169110735454442,23.70059388384519,22.22335223496074,2.36,36.0,-1.11,0.18
FE,1999-04-29,8.96070198983139,9.246074664666786,8.96070198983139,9.189000129699707,599300,27.47304961414602,24.808056156598546,21.552590928607795,23.88028007537327,22.36215801028739,2.34,43.0,-1.1,0.07
FE,1999-04-30,9.131925562808387,9.131925562808387,8.941677113583212,9.0368013381958,370200,27.56363980582713,24.862610297640167,21.513326943007932,23.692753412466352,22.330310322517192,2.32,43.0,-1.07,0.11
FE,1999-05-03,8.94167715629923,9.265099521527075,8.94167715629923,9.246074676513672,303700,28.218966605285566,25.279623642566,21.825033266073387,23.8428357398022,22.438087934061073,2.3,46.0,-1.04,0.0
FE,1999-05-04,9.150950439721655,9.189000129699707,9.07485105976555,9.189000129699707,538900,28.305341508674324,25.222571846003994,21.784268644162136,23.854832063941984,22.44716574253107,2.27,46.0,-0.99,0.03
FE,1999-05-05,9.246792862668107,9.266057014465332,9.054151344695855,9.266057014465332,4692400,28.03999509530192,25.278519828177288,21.722243938000055,23.809855658465434,22.445658222595103,2.24,46.0,-0.97,0.04
FE,1999-05-06,9.208266776285054,9.362380027770996,9.169738463413568,9.362380027770996,553100,26.218996032329994,25.231657239282573,21.750384495714417,23.832584699642045,22.453767987084845,2.21,47.0,-0.96,0.02
FE,1999-05-07,9.285324927171072,9.304589086771012,9.189004129171371,9.246796607971191,700400,26.099376787093824,25.364645873198338,21.816928997892298,23.809773153945983,22.439969300475358,2.19,49.0,-0.94,-0.0
FE,1999-05-10,9.323850698569386,9.36237900724116,9.208265772554062,9.343114852905273,427300,25.75516230695685,25.062081979670104,21.79832722730249,23.81879928842415,22.439373519949008,2.16,49.0,-0.94,-0.01
FE,1999-05-11,9.343113621654233,9.362377773451458,9.246792862668107,9.266057014465332,319500,25.90385167149118,25.021092330824906,21.83543003038357,23.795142210508267,22.447442172043232,2.14,52.0,-0.93,-0.02
FE,1999-05-12,9.266057152679002,9.535755281863006,9.227528848509857,9.304585456848145,683200,24.473573723096305,24.857510155180826,21.807622060824837,23.768212437535844,22.44975355783746,2.11,50.0,-0.91,-0.0
FE,1999-05-13,9.535754833902631,9.82471710159665,9.49722653154343,9.709132194519043,586500,27.00885109301594,26.265780350467573,22.70063123988804,24.174680339049225,22.819642578114717,2.09,55.0,-0.93,0.32
FE,1999-05-14,9.555017544230225,9.612809989054199,9.477960951131594,9.574281692504883,595100,27.483823986123348,26.400873044806143,22.80233569801658,24.23263192060236,22.86447155951074,2.06,60.0,-0.92,0.29
FE,1999-05-17,9.574286836279079,9.72840010527351,9.555022677654774,9.689871788024902,293200,26.766877148484742,26.35375917783278,22.873484901280577,24.27034993345611,22.89267310920157,2.04,62.0,-0.93,0.23
FE,1999-05-18,9.709132194519043,9.786188799237447,9.593547287441435,9.709132194519043,615200,25.893505467802473,26.346675563783005,22.867373016490756,24.256300948752312,22.888471878610694,2.02,62.0,-0.94,0.24
FE,1999-05-19,9.747660284746669,9.747660284746669,9.612811229424086,9.651339530944824,533700,25.80949917359925,26.055743601055166,22.885551261863796,24.261862138588093,22.89605070121048,2.0,64.0,-0.94,0.24
FE,1999-05-20,9.651338285603513,9.747659026976802,9.555017544230225,9.574281692504883,413700,25.649811182749726,26.078045638150684,22.918750850533424,24.20350661920148,22.911590684950824,1.98,65.0,-0.93,0.23
FE,1999-05-21,9.574277088494004,9.68986192256033,9.574277088494004,9.612805366516113,433000,25.355869649785607,25.961623913554682,22.919677655522204,23.842574780730196,22.90434740112913,1.97,66.0,-0.93,0.22
FE,1999-05-24,9.651340553010126,9.805453775413483,9.632076400209707,9.670604705810547,206900,25.31570583563457,25.825704722407643,22.93065753416975,23.85009017529055,22.909605476652082,1.95,67.0,-0.94,0.21
FE,1999-05-25,9.728394581866358,9.901771911048135,9.728394581866358,9.747658729553223,585400,24.639027573288896,25.860318793436278,22.889955552546336,23.84643083030662,22.89406886396165,1.93,65.0,-0.94,0.23
FE,1999-05-26,9.786191247403622,9.863247871398926,9.632077999413013,9.863247871398926,309500,23.732295744282116,25.693028537794397,22.915348342925228,23.696244358417804,22.86676000154234,1.92,66.0,-0.93,0.22
FE,1999-05-27,9.863244972075803,9.863244972075803,9.477961965354092,9.593546867370605,397500,25.415000864892246,26.374058494827946,23.336463152094343,23.896216688338786,22.963398832662634,1.9,78.0,-0.92,0.14
FE,1999-05-28,9.651336330796038,9.805449485778809,9.63207218642319,9.805449485778809,340700,25.938636668249792,26.722054542561015,23.597522416914053,23.932664652457127,22.98718168454813,1.9,86.0,-0.92,0.04
FE,1999-06-01,9.80545590466792,9.82472006165155,9.612814334831615,9.728399276733398,597000,24.230859876156593,26.474074666157566,23.580563745447595,23.87342675778386,22.911114820981894,1.89,86.0,-0.94,0.06
FE,1999-06-02,9.7283961339863,9.766924435507038,9.632075380184455,9.651339530944824,454100,23.599023597430563,26.349847125560583,23.604171471646392,23.894433885271123,22.91870949587807,1.89,88.0,-0.97,0.06
FE,1999-06-03,9.651333644538221,9.68986192256033,9.574277088494004,9.612805366516113,287100,23.6457754531171,25.103611736073194,23.610216199358444,23.820702952181062,22.921551606552697,1.88,89.0,-1.0,0.06
FE,1999-06-04,9.612811438621037,9.709132194519043,9.612811438621037,9.709132194519043,380700,22.861878757007663,25.153554793971082,23.64987982000401,23.828846732458192,22.899249931431502,1.88,90.0,-1.02,0.02
FE,1999-06-07,9.728399276733398,9.786191747684288,9.709135119749767,9.728399276733398,235800,22.64809908387839,25.06282345830535,23.643894326070615,23.778446861666882,22.89256414357453,1.88,90.0,-1.05,0.03
FE,1999-06-08,9.728397989273072,9.786190452575683,9.593548908233643,9.63207721710205,342600,22.921235940057656,24.902716199244963,23.57140471657029,23.80097451634131,22.900172835294455,1.87,86.0,-1.05,0.05
FE,1999-06-09,9.593550994903381,9.766928422522119,9.593550994903381,9.689871788024902,266400,22.72770933976322,24.544216792731575,23.540338199705797,23.7507997125832,22.904203408152465,1.87,85.0,-1.06,0.05
FE,1999-06-10,9.709130730427487,9.76692317525146,9.477960951131594,9.574281692504883,399100,23.081278606084197,24.702382084675147,23.451515829869276,23.796276983808713,22.882003195222325,1.86,83.0,-1.06,0.11
FE,1999-06-11,9.593541227505058,9.651333644538221,9.593541227505058,9.612805366516113,594400,22.044521880542845,24.695639932032677,23.298720544657435,23.741806338052292,22.8769253303022,1.85,76.0,-1.06,0.15
FE,1999-06-14,9.632075025189307,9.709131625390823,9.516490124887035,9.555018424987793,477100,21.488663148329394,24.525026357090844,23.215214382521182,23.417423649530196,22.884350863067553,1.84,73.0,-1.07,0.18
FE,1999-06-15,9.516492290496826,9.670605525970458,9.477963981628418,9.63207721710205,321200,20.639410606254764,24.511429642588272,23.17449942314815,23.43040605972665,22.689023670044485,1.83,72.0,-1.07,0.21
FE,1999-06-16,9.68987014401829,9.824719231509597,9.68987014401829,9.766926765441895,652300,20.821122862532686,24.64146787070426,23.243864205118943,23.440931575336112,22.686237530464577,1.82,76.0,-1.07,0.16
FE,1999-06-17,9.824715320300678,9.824715320300678,9.689866286492629,9.747658729553223,404100,20.763860265661684,24.463366919783038,23.23884459725037,23.320933055154136,22.686171606690024,1.81,76.0,-1.07,0.16
FE,1999-06-18,9.72839567604966,9.786188125610352,9.651339076635406,9.786188125610352,497900,20.614457169551002,23.384286656530804,23.237096705910385,23.29604076525163,22.687787010819438,1.8,76.0,-1.08,0.16
FE,1999-06-21,9.709131983225932,9.7283961339863,9.55501877714298,9.651339530944824,359300,20.70368577908174,23.35642495162493,23.237093326703373,23.356566589975206,22.72807608768975,1.8,76.0,-1.11,0.16
FE,1999-06-22,9.651343470776293,9.72840010527351,9.63207931215199,9.689871788024902,324600,20.54641998282222,23.109619544916928,23.237095560910888,22.62750443436196,22.73038129857036,1.8,77.0,-1.13,0.16
FE,1999-06-23,9.766922877240086,9.843979467987543,9.689866286492629,9.747658729553223,492000,20.388172422890726,23.111991522856155,23.17081224346375,22.59780142910379,22.73731095598866,1.79,72.0,-1.16,0.18
FE,1999-06-24,9.786190920797795,9.824719231509597,9.728398454730092,9.766926765441895,600900,20.375105573956258,22.35065519947525,22.93154630046061,22.58101339012504,22.72847555887491,1.79,70.0,-1.21,0.25
FE,1999-06-25,9.824719231509597,9.8439833868655,9.728398454730092,9.766926765441895,529300,16.26215212646978,22.35065519947525,22.88739623397611,22.36242594195635,22.725408377066564,1.78,65.0,-1.24,0.27
FE,1999-06-28,9.805449485778809,9.843977774524502,9.786185341405963,9.805449485778809,739800,15.72446498841181,22.311033608795825,22.78582564857732,22.349736905458656,22.72514568792951,1.78,60.0,-1.28,0.32
FE,1999-06-29,9.80545590466792,9.80545590466792,9.632078491815244,9.728399276733398,1351700,15.548485263239595,21.832519574254526,22.800148781679397,21.65706115943679,22.739464955996553,1.78,61.0,-1.31,0.32
FE,1999-06-30,9.709131625390823,9.709131625390823,9.497225974836658,9.555018424987793,417000,16.395661309788892,21.768343339225012,22.935438890885592,21.478866898183192,22.809789480725893,1.77,74.0,-1.34,0.29
FE,1999-07-01,9.51648467146084,9.612805366516113,9.497220532449786,9.612805366516113,466700,16.41873476555645,21.60314337984753,22.951726419519787,21.428481855653658,22.809662715941666,1.77,75.0,-1.36,0.28
FE,1999-07-02,9.61281101770669,9.651339318378861,9.535754416362348,9.593546867370605,725200,16.259614120332813,21.36495974045768,22.86372882780519,21.418844592225586,22.806727336882343,1.77,64.0,-1.39,0.31
FE,1999-07-06,9.574281692504883,9.59354584077954,9.497225099406252,9.574281692504883,573400,16.22621249321361,21.23261275024538,22.86563339338927,21.27098464206288,22.761111970602645,1.77,65.0,-1.41,0.31
FE,1999-07-07,9.612809989054199,9.632074137328855,9.516489247680909,9.574281692504883,626500,16.122147242917904,21.18021877967019,22.607008413081054,20.589286575513103,22.74492222154007,1.76,54.0,-1.42,0.4
FE,1999-07-08,9.57428697858538,9.57428697858538,9.420173707300304,9.439437866210938,461300,16.40831969501751,21.077057166745032,22.658838066222604,20.638000390462647,22.78177160663429,1.76,55.0,-1.41,0.38
FE,1999-07-09,9.439436976632859,9.477965290823196,9.40090866244252,9.458701133728027,311200,15.982124650071697,20.620433388609978,22.54435698759685,20.006658229520134,22.777994818881336,1.75,54.0,-1.4,0.45
FE,1999-07-12,9.477967080894423,9.516495402361473,9.381646277226796,9.420174598693848,588200,13.93551060990967,20.557914150606454,22.519729630632106,20.01334194332468,22.756245894702182,1.74,54.0,-1.4,0.47
FE,1999-07-13,9.420171604508981,9.477964068340325,9.34311498606719,9.381643295288086,386600,12.226597402374544,20.52918117975724,22.494042686612335,19.98431055593482,22.69328920962691,1.74,54.0,-1.4,0.5
FE,1999-07-14,9.400906077045908,9.400906077045908,9.189000407276431,9.266057014465332,309000,12.498946243303813,19.364435579852586,22.492186295435708,19.817376223968676,22.572508796893853,1.74,54.0,-1.39,0.5
FE,1999-07-15,9.362379766598776,9.362379766598776,9.227530675310316,9.285323143005371,296900,12.395182378724025,18.7963607539147,22.485202285929734,19.776565143740132,22.567759624180326,1.74,54.0,-1.39,0.51
FE,1999-07-16,9.304589086771012,9.343117405970892,9.189004129171371,9.246796607971191,234400,12.398254433056186,18.810078449324447,22.284838684237574,19.783674885134868,22.535968026486554,1.73,54.0,-1.36,0.58
FE,1999-07-19,9.246796607971191,9.266060767571132,9.131211650371553,9.246796607971191,213000,11.939325918960893,18.319257751922628,22.258453886954335,19.729082180979212,22.535968026486554,1.73,54.0,-1.33,0.59
FE,1999-07-20,9.246796607971191,9.343117405970892,9.150475809971491,9.246796607971191,670800,11.901019761193357,18.231988647282314,22.185935539022818,19.71370684049524,22.525029021104675,1.73,54.0,-1.3,0.62
FE,1999-07-21,9.246792862668107,9.304585318059782,9.189000407276431,9.266057014465332,197800,11.684441303557879,18.235279793288125,22.06471959143473,19.660539075726263,22.52406238002829,1.73,53.0,-1.26,0.7
FE,1999-07-22,9.246794436158252,9.266058591233582,9.169737815856934,9.169737815856934,266800,11.765818827273948,18.28141849234838,22.12985440391543,19.627220883046448,22.484661497971732,1.73,53.0,-1.24,0.68
FE,1999-07-23,9.150472640991211,9.208265099776419,9.111944335134405,9.150472640991211,172800,11.365915422985022,18.28131285674937,21.927755888698087,19.57537370939224,22.324892401022005,1.73,51.0,-1.23,0.81
FE,1999-07-26,9.208263325241376,9.24679162367335,9.111942579161445,9.18899917602539,282800,11.373892745974684,17.556693839441387,21.935287501151464,19.575683099156635,22.327355188892163,1.73,51.0,-1.23,0.8
FE,1999-07-27,9.189000946848015,9.208265099776419,9.0734160292776,9.150472640991211,200300,11.322897119348696,17.232692275119966,21.94338239489257,19.557859745012347,22.323409859850628,1.73,51.0,-1.23,0.8
FE,1999-07-28,9.073418427736332,9.073418427736332,9.015625953674316,9.015625953674316,98200,11.597609572749569,16.841945763218284,21.817804798727845,19.62309075963065,22.3330825819761,1.73,46.0,-1.25,0.89
FE,1999-07-29,8.977094011703258,8.977094011703258,8.784452509306192,8.803716659545898,348100,12.178439731176292,17.47354689986922,22.02191427432312,19.82191132470527,22.463564617002607,1.71,51.0,-1.28,0.84
FE,1999-07-30,8.822980809785605,8.919301560984138,8.726660058587072,8.803716659545898,307500,12.212780729624296,17.372028887319978,21.18274399225314,19.607439546284446,22.42525440340235,1.71,33.0,-1.29,0.76
FE,1999-08-02,8.880776596480404,8.977097383860885,8.822984124052114,8.938569068908691,320100,13.196789887435372,17.53359346945289,21.317578236806984,19.625934442412635,22.335140491013288,1.71,35.0,-1.28,0.66
FE,1999-08-03,8.957826614379883,9.015619044150075,8.91929832786642,8.957826614379883,702400,12.864515281113034,17.373648525779952,21.273235948979302,19.626155968092544,22.28267850236154,1.7,33.0,-1.26,0.67
FE,1999-08-04,8.957831211090088,9.035895099639893,8.762671489715576,8.782187461853027,590400,13.648297296168826,17.66335962954037,21.2849635644654,19.73741008209793,22.33096905107342,1.68,33.0,-1.27,0.73
FE,1999-08-05,8.821217466834394,8.840733434681372,8.70412165975252,8.762669563293457,835200,13.371051747361722,17.60068180497489,21.06378192790855,19.684184716991936,22.304663009951838,1.67,25.0,-1.27,0.81
FE,1999-08-06,8.801706376828646,8.899286270141602,8.801706376828646,8.899286270141602,802400,14.389041828982387,17.89078416985945,21.20622692702669,19.773218684617266,22.354869226038428,1.63,31.0,-1.26,0.7
FE,1999-08-09,8.899279621549978,8.977343477879364,8.821215765220591,8.918795585632324,681500,14.443944016479671,15.466104176101808,21.205269990409274,19.754769826226042,22.28513038409588,1.58,30.0,-1.25,0.7
FE,1999-08-10,8.918794514064494,8.957826437539612,8.821214705376699,8.840730667114258,414500,14.381579884985147,15.321717571920418,21.07460180108077,19.778345213179303,22.298550020127088,1.55,23.0,-1.25,0.81
FE,1999-08-11,8.899286257565677,8.938318214835702,8.84073832166064,8.879770278930664,216600,14.493027203000597,15.117212198747431,21.061178291653064,19.752852993810958,22.302384891723044,1.5,21.0,-1.25,0.8
FE,1999-08-12,8.87976537037533,8.938313273916267,8.74315359544648,8.762669563293457,180700,14.131015931763303,15.291370613135188,21.16728728499271,19.787584435270542,22.130161222656948,1.44,25.0,-1.25,0.75
FE,1999-08-13,8.860246628851817,8.879762590589376,8.78218278190158,8.840730667114258,232200,14.30950808503412,15.41665999176644,21.111709660989234,19.81789680012253,22.147510466875257,1.38,24.0,-1.25,0.75
FE,1999-08-16,8.84073832166064,8.879770278930664,8.76267440712059,8.879770278930664,279100,14.459957100894675,15.401288187392842,20.30670754887586,19.811740295818968,22.150696762142775,1.35,17.0,-1.27,0.76
FE,1999-08-17,8.879766315221786,8.879766315221786,8.684606615986143,8.743154525756836,541800,14.935094813101896,15.633762479764874,20.31907567024823,19.891797044352312,22.15491268705722,1.33,17.0,-1.28,0.76
FE,1999-08-18,8.743151636998391,8.782183563949278,8.704119710047506,8.72363567352295,759200,14.909758464400003,15.554217440375798,20.18137782373126,19.806272464934228,22.15186116785488,1.3,15.0,-1.28,0.82
FE,1999-08-19,8.704126471215552,8.899286257565677,8.665094513945528,8.879770278930664,471000,15.697756184699973,15.939089775306648,20.37478153471392,19.88388939945212,22.1697741096674,1.27,17.0,-1.27,0.69
FE,1999-08-20,8.957832418639084,9.094444242017023,8.938316443870807,9.055412292480469,303800,16.873576948252232,16.294093530643327,20.15518081010465,20.017700185007158,22.238568027735226,1.25,13.0,-1.29,0.63
FE,1999-08-23,9.055412325224651,9.133476224580036,9.016380375546959,9.094444274902344,318400,16.934874379731664,15.382543015928679,20.163453350059925,20.023073120906286,22.206037489094278,1.23,13.0,-1.33,0.62
FE,1999-08-24,9.094440310934315,9.094440310934315,8.899280647609546,8.977344512939453,474700,17.25951099056492,14.828986984638826,20.234355397192978,19.96417534186795,22.219933568862043,1.2,14.0,-1.35,0.62
FE,1999-08-25,8.996863511579631,9.15299129486084,8.97734753866948,9.15299129486084,391400,17.95398708490213,15.367918276455377,20.0411334449449,20.095170412530738,22.21900155588454,1.19,10.0,-1.32,0.64
FE,1999-08-26,9.09444132305327,9.152989228566488,9.016377449035645,9.016377449035645,271600,18.4270502656019,15.571765947878285,19.938619135917413,20.135598302454785,22.267582412055127,1.19,7.0,-1.33,0.67
FE,1999-08-27,8.977351199003207,9.0554151224728,8.977351199003207,8.996867179870605,253200,18.40623127000288,15.56187842527898,19.7994649263206,20.073202432880674,22.268789006127143,1.18,5.0,-1.32,0.78
FE,1999-08-30,8.996867179870605,9.094447084207596,8.95783521813581,8.996867179870605,325700,18.40623127000288,15.3920424302758,19.61237632464469,20.052394532418294,22.258957842529448,1.18,3.0,-1.31,0.92
FE,1999-08-31,9.035891370126404,9.035891370126404,8.840731729302938,8.918795585632324,245300,18.541481657872954,15.45152344308874,19.587229431118352,20.06359678589694,22.272202973939674,1.18,1.0,-1.31,0.93
FE,1999-09-01,8.879770278930664,8.918802236200689,8.782190385755602,8.879770278930664,627700,18.536650363069423,15.362563683658252,19.55229443902472,20.0213824954408,22.21112644326933,1.18,1.0,-1.31,0.98
FE,1999-09-02,8.957831211090088,8.957831211090088,8.723639545440674,8.782187461853027,862500,18.562887249453713,15.41157403439084,19.438909920077762,20.059954435694785,21.96498059628396,1.19,1.0,-1.31,1.03
FE,1999-09-03,8.821216782279636,9.016376445604408,8.821216782279636,8.977344512939453,1128500,19.761508129818576,15.997938545950324,19.488487265055547,20.2095195415326,22.072172263083935,1.19,2.0,-1.36,0.94
FE,1999-09-07,8.977345209610224,8.996861177457202,8.665089724058562,8.762669563293457,274400,20.842454533586174,16.646714186069982,19.801199728729575,20.31547210677163,22.19032306213219,1.2,7.0,-1.37,0.91
FE,1999-09-08,8.665090646062579,8.7626704956804,8.645574676139013,8.743154525756836,346400,20.82876263554049,16.621169012745796,19.755857721140174,20.309698294180006,22.040985230873112,1.2,6.0,-1.37,0.96
FE,1999-09-09,8.743155517578124,8.801703433990479,8.704123573303223,8.782187461853027,481600,20.504166982279607,16.54973037048798,18.897407334436174,20.31420944625315,22.01934090476263,1.23,1.0,-1.38,0.9
FE,1999-09-10,8.743152567089407,8.782184498192484,8.684604670434789,8.704120635986328,1123200,19.488621686337563,16.299360443504046,18.578121309294783,20.331891256870566,21.968801101104553,1.27,1.0,-1.4,1.07
FE,1999-09-13,8.684604670434789,8.743152567089407,8.606540808228633,8.704120635986328,154500,19.488621686337563,16.304101167984076,18.573371203371,20.329815018024146,21.90064801221331,1.32,1.0,-1.41,1.08
FE,1999-09-14,8.684609290936992,8.684609290936992,8.528481483459473,8.528481483459473,259700,19.743921852273544,16.690255137745964,18.56700738838805,20.462235882887377,21.994444459782436,1.35,1.0,-1.36,1.08
FE,1999-09-15,8.587026552522564,8.66509043027277,8.547994613647461,8.547994613647461,536000,19.74613999447903,16.53915906755219,18.531758949913076,20.46166994193702,21.929061217142827,1.39,1.0,-1.33,1.09
FE,1999-09-16,8.547994569900933,8.58702650857628,8.430898753874892,8.508962631225586,480500,19.003029234080458,16.49934654357912,18.542369385317194,20.463305314171617,21.916877016099395,1.43,2.0,-1.29,1.09
FE,1999-09-17,8.489449501037598,8.528481452766506,8.411385597579782,8.489449501037598,476800,19.003420475962205,16.412501359691493,18.502058736031668,20.411267917335095,21.88238729688463,1.47,1.0,-1.26,1.12
FE,1999-09-20,8.528477547345338,8.58702544812803,8.391865778852392,8.43089771270752,343800,18.41014971624259,16.414713679625304,18.528027656553004,20.386748981319677,21.883237006491466,1.5,2.0,-1.2,1.1
FE,1999-09-21,8.313805500855072,8.313805500855072,8.177193673376232,8.216225624084473,374700,19.628849308274777,17.0874638747193,18.489660753114187,20.59928251018359,21.981805431847377,1.53,1.0,-1.02,1.18
FE,1999-09-22,8.235740606995357,8.294288526002434,8.118644768981206,8.177192687988281,529500,19.555418559044323,17.032121467273438,18.32997711315197,20.603821579354463,21.986210922554903,1.57,1.0,-0.86,1.27
FE,1999-09-23,8.216223550477848,8.216223550477848,8.040579816619651,8.06009578704834,438400,19.729859705463284,17.163938824826726,18.04684659719459,20.62625713706603,21.98088556705071,1.61,1.0,-0.67,1.42
FE,1999-09-24,8.040580674713734,8.079612619736615,7.903968867133646,7.962516784667969,273100,19.683914963537294,16.989861529423735,18.112469357469834,20.659112250887674,21.766216030968778,1.65,2.0,-0.47,1.37
FE,1999-09-27,7.98203275717941,8.021064702202292,7.903968867133646,7.962516784667969,196600,19.377146229810016,16.897086757941253,18.046042331152528,20.659459101041815,21.761342057392394,1.69,1.0,-0.37,1.44
FE,1999-09-28,8.040578653316686,8.040578653316686,7.728323171634485,7.884450912475586,556100,19.312973524749864,16.9510411834763,17.992936791787493,20.67796767515925,21.74281317339708,1.72,1.0,-0.28,1.52
FE,1999-09-29,7.962513687019062,7.982029651938226,7.747838072908253,7.786870002746582,514300,19.174275179094824,17.05270205474777,17.993410591069804,20.71163552422152,21.672531032177712,1.76,2.0,-0.17,1.52
FE,1999-09-30,7.8259011445222075,7.9625128851996525,7.806385181568287,7.903964996337891,522000,19.930857524993957,17.451137259234425,18.08573784596014,20.733011632655305,21.701815207110307,1.79,5.0,-0.21,1.45
FE,1999-10-01,7.903966103156988,8.04057786296464,7.845418206096566,8.021061897277832,942800,19.670442574274954,17.677049632328156,18.239417143025637,20.79244933979948,21.755747367482495,1.82,7.0,-0.32,1.31
FE,1999-10-04,7.982031118302118,8.196706771850586,7.982031118302118,8.196706771850586,473700,19.889010127006127,18.347125105051667,18.584679951503936,20.85173246587751,21.295683597155787,1.84,17.0,-0.43,1.12
FE,1999-10-05,8.235739584152515,8.235739584152515,8.079611819524033,8.118643760681152,595300,19.833297433087754,18.403162803883884,17.24989599338199,20.7855802947029,21.279493888324225,1.88,1.0,-0.52,-0.15
FE,1999-10-06,8.09912583678241,8.138157768525938,7.962514075680055,8.079609870910645,388300,19.64545988233038,18.40646656263939,17.145969826583514,20.735068426742266,21.27230376133645,1.92,1.0,-0.6,-0.1
FE,1999-10-07,8.040580540226582,8.060096512411597,7.767356929636358,7.825904846191406,238600,20.07116286360017,19.268857111215556,17.661922525295292,21.00132209689297,21.324971143776626,1.95,3.0,-0.61,0.09
FE,1999-10-08,7.864936922110764,7.962516784667969,7.7868730320649995,7.962516784667969,406100,20.869713723832607,19.682318638364986,17.918510557380632,21.099009667393215,21.386877781384058,1.97,4.0,-0.67,0.01
FE,1999-10-11,8.040579690394296,8.040579690394296,7.903967899538082,7.942999839782715,618500,20.867510471348286,19.679513542156453,17.907286063104085,21.091504026753526,20.876394343862973,1.99,4.0,-0.73,0.02
FE,1999-10-12,7.9039706177447915,7.9039706177447915,7.689294872571476,7.767358779907227,314500,21.478243807791078,20.08593914082798,18.173817944576456,21.239254662001773,20.790503299829584,2.0,12.0,-0.75,-0.06
FE,1999-10-13,7.728319963225929,7.786867841735216,7.63074016571045,7.630740165710449,401300,21.775093464181484,20.30433012864926,18.315436037055886,21.27681249143734,20.808255058865292,2.01,14.0,-0.74,-0.12
FE,1999-10-14,7.572195430793384,7.884450912475586,7.533163495583109,7.884450912475586,324700,24.392141214413623,21.575037082035557,19.097911068997533,21.64298369525849,21.066683498316248,2.01,26.0,-0.79,0.15
FE,1999-10-15,7.923486594578729,7.923486594578729,7.689294872571476,7.767358779907227,617100,24.51695483232241,21.663995710189653,19.13926968380682,21.666990959742467,20.998219881519205,2.01,27.0,-0.83,0.14
FE,1999-10-18,7.767352941677655,7.845416790337731,7.6307412065225195,7.689289093017578,930700,23.284554936014068,21.71549478519408,19.045186396605658,21.572330475377086,20.547849027679632,2.01,26.0,-0.85,0.2
FE,1999-10-19,7.650260322452209,7.669776292662546,7.494132560769511,7.5331645011901855,672900,23.04565595514751,21.959618854305635,18.835204652586118,21.679165542896854,20.623827671296755,2.0,25.0,-0.84,0.19
FE,1999-10-20,7.533164918267073,7.572196860848767,7.455101033103683,7.474617004394531,751900,23.043208753933914,21.978243358700993,18.44698659673472,21.613990139436424,20.20691599717063,2.0,16.0,-0.82,0.29
FE,1999-10-21,7.396554164837442,7.591713905334473,7.396554164837442,7.591713905334473,915500,23.663832601614857,22.18208513830006,18.653579259721763,21.695506592592466,20.272170159359145,1.99,26.0,-0.85,0.19
FE,1999-10-22,7.591715375987851,7.7478431986302745,7.572199398157548,7.65026330947876,952000,23.90390701631948,21.849454994285903,18.701880095731507,21.678149676443283,20.259657190985518,1.98,27.0,-0.89,0.15
FE,1999-10-25,7.650258248312432,7.806385967665746,7.650258248312432,7.786870002746582,666200,24.71724660918118,22.228224602823573,18.96769866168008,21.788465067820336,20.1959374190998,1.96,30.0,-0.94,0.04
FE,1999-10-26,7.845418882369994,7.884450817108154,7.786870980262756,7.806386947631836,682000,24.26158147181531,21.958091187612645,18.88352307611965,21.749706862714728,20.17284956513608,1.95,29.0,-0.98,0.09
FE,1999-10-27,7.845423311359433,8.02106711683763,7.8259073329729665,7.982035160064697,392400,25.30360167244266,22.50989003574527,19.267498431905768,21.918691357265516,20.300138958066842,1.93,35.0,-1.02,-0.0
FE,1999-10-28,8.099130630493164,8.157678562761788,8.060098675647414,8.099130630493164,495700,25.75687384901229,22.44566423795005,19.401831975775085,21.860911293657278,20.31329432937051,1.91,36.0,-1.04,-0.07
FE,1999-10-29,8.118645684038706,8.177193609644755,8.079613733634673,8.138161659240723,509400,25.823480449954854,22.480193235472015,19.390833802825895,21.83709860425075,20.310988507477013,1.89,36.0,-1.06,-0.06
FE,1999-11-01,8.27477064586821,8.27477064586821,8.157674834841774,8.196706771850586,504900,25.884920178845956,22.280220765029604,19.371525519110378,21.77970065341814,20.283707119484724,1.86,36.0,-1.07,-0.06
FE,1999-11-02,8.196706771850586,8.294286614372616,8.157674834841774,8.196706771850586,210900,24.78919098334607,22.269791343579744,19.352619075041087,21.753853813489226,20.229184504589693,1.85,36.0,-1.07,-0.05
FE,1999-11-03,8.157108628606222,8.275901472712137,8.157108628606222,8.21650505065918,1673000,24.75861350396304,22.22944986432781,19.349763711349862,21.73098042842269,20.191394226992664,1.83,36.0,-1.07,-0.05
FE,1999-11-04,8.216504865884781,8.216504865884781,7.919522762298584,7.919522762298584,622500,26.680509415013397,23.360191175452776,20.08260978995692,22.105272443058528,20.511290231879588,1.8,51.0,-1.08,0.15
FE,1999-11-05,7.978921244297122,8.058116492379476,7.919524808235357,8.038317680358887,389000,26.811515389747733,23.487531625863898,20.103029397499903,22.175025883059966,20.55116225733615,1.78,52.0,-1.09,0.14
FE,1999-11-08,8.018520475912922,8.05811810789274,7.919526395963381,7.9789228439331055,491600,26.905105001706847,23.419319098505547,20.12176586739219,22.082411132292616,20.55513392573672,1.76,53.0,-1.1,0.13
FE,1999-11-09,7.9789228499690195,7.9789228499690195,7.78093468992016,7.820532321929932,356800,27.38987307827524,23.681422529816647,20.30099608521199,22.19144263984576,20.647161081423434,1.73,58.0,-1.12,0.06
FE,1999-11-10,7.820526487759533,7.820526487759533,7.602739674176356,7.662136077880859,839600,27.794732463634674,23.822489154542602,20.423623904508368,22.282707270150063,20.590567589353952,1.7,62.0,-1.13,0.03
FE,1999-11-11,7.681941446730901,7.721539083054257,7.60274617408419,7.701740264892578,589100,27.46467222349141,23.870121654121927,20.43365131580519,22.214382181138443,20.55630776464686,1.68,63.0,-1.14,0.02
FE,1999-11-12,7.7017373488499565,7.761133780846229,7.681938538184532,7.721536159515381,491300,27.08944026853411,23.53227138350015,20.405979513837096,22.215246666478656,20.55712266601465,1.65,62.0,-1.16,0.04
FE,1999-11-15,7.721538187302264,7.761135819032019,7.662141739707631,7.68194055557251,338100,26.217747700984877,23.09014142919791,20.399032430502746,22.095499258790046,20.5428479208636,1.62,62.0,-1.19,0.04
FE,1999-11-16,7.741334970180804,7.761133780846229,7.642340916853684,7.721536159515381,553000,26.203249812969272,23.10172393467017,20.430738738470843,22.104332400829836,20.51182110275885,1.6,65.0,-1.22,0.02
FE,1999-11-17,7.681941322658373,7.741337776184082,7.6423436869745665,7.741337776184082,310400,26.21351500799326,23.02696446718036,20.421131729611865,22.105314905639137,20.51428286702882,1.58,64.0,-1.27,0.03
FE,1999-11-18,7.721538187302264,7.780934634896897,7.642342923842754,7.68194055557251,751600,24.660761436955667,22.594376712591263,20.419867945208914,21.9704343333916,20.513422717189265,1.55,64.0,-1.32,0.03
FE,1999-11-19,7.681939411412331,7.701738224328342,7.543347721000252,7.582945346832275,551800,24.307114241664827,22.55094465601544,20.3376010585194,21.958971306334316,20.547466598751193,1.53,61.0,-1.33,0.06
FE,1999-11-22,7.58294455879613,7.62254218051308,7.503749315362227,7.523548126220703,889800,24.373564722174702,22.573399708082384,20.312127688723496,21.531229695471808,20.5389948146535,1.5,60.0,-1.35,0.08
FE,1999-11-23,7.52354967531073,7.543348490245759,7.4047567857005605,7.483952045440674,612700,23.612823296392875,22.569543453382877,20.316940927745538,21.536961370826894,20.524347041355647,1.47,61.0,-1.37,0.07
FE,1999-11-24,7.483953123397015,7.50375194118378,7.384959034463193,7.444355487823486,369600,23.127426819710593,22.543904585750077,20.321719498036277,21.523647077938374,20.528840723483636,1.44,63.0,-1.39,0.07
FE,1999-11-26,7.365156650543213,7.424553075144368,7.305760225942058,7.365156650543213,229100,20.98053142629755,22.59735830198373,20.35890534950347,21.418703687486484,20.54023777903569,1.42,65.0,-1.41,0.06
FE,1999-11-29,7.246363420565703,7.266162227725719,7.008777734645516,7.147369384765625,719700,22.19056021803307,23.20777685502001,20.739316833036767,21.5831229524764,20.744026830407048,1.39,74.0,-1.35,0.03
FE,1999-11-30,7.087971454651043,7.404752301786285,7.087971454651043,7.384953498840332,835300,24.326783397004426,23.805524961732573,21.47870333015492,21.950789466859288,20.96329735601124,1.38,86.0,-1.37,0.1
FE,1999-12-01,7.285959484110569,7.424551104732237,7.285959484110569,7.384953498840332,602000,23.639109102735933,23.40925962165433,21.480704634619503,21.950578701855218,20.934588558920936,1.36,87.0,-1.38,0.09
FE,1999-12-02,7.444356592934276,7.5631495172896095,7.384960130756609,7.543350696563721,602300,24.362960905859325,23.923564248815154,21.804389479409974,22.00153361745041,21.04936507239838,1.35,88.0,-1.4,-0.01
FE,1999-12-03,7.483949451546394,7.582943491910765,7.483949451546394,7.563144683837891,489800,23.944836984242606,23.903869386868013,21.755554747374315,21.9955701930125,21.05029368835623,1.34,88.0,-1.41,0.01
FE,1999-12-06,7.5433458757650165,7.602742299983639,7.503748259619268,7.563144683837891,664700,23.830390074851174,23.871168313562453,21.74806933452076,21.9955701930125,20.96635666096949,1.33,88.0,-1.42,0.01
FE,1999-12-07,7.563148687256986,7.563148687256986,7.464154594491843,7.5037522315979,583400,23.291092554871863,23.89280347642716,21.765291992440762,21.96399810951562,20.975753681993893,1.32,90.0,-1.43,0.01
FE,1999-12-08,7.483947898864746,7.5037467028299965,7.404752683003744,7.424551486968994,626000,23.41799441858816,23.662688957100915,21.80451608041777,21.541327461474744,20.96997262565732,1.31,92.0,-1.43,-0.01
FE,1999-12-09,7.424556502113445,7.444355319452414,7.325562415418599,7.345361232757568,443500,22.419667835999654,23.704922534313084,21.843453151942825,21.509763805216803,20.95343645283194,1.3,94.0,-1.43,-0.02
FE,1999-12-10,7.34535864532971,7.38495626605925,7.206766972776319,7.246364593505859,520100,22.008440702113084,23.80953599054997,21.904713487855766,21.496738495164543,20.979586134480336,1.3,95.0,-1.42,-0.04
FE,1999-12-13,7.206766972776319,7.266163403870629,7.167169352046779,7.246364593505859,650000,21.89057984084334,23.81575393356554,21.870465280560474,21.49669412019847,20.968038578536195,1.3,95.0,-1.4,-0.03
FE,1999-12-14,7.2463639577229815,7.325559192233615,7.206766340467665,7.305760383605957,719600,21.936028911052386,23.90039080971586,21.934093206179313,21.310486549343814,20.959302987820795,1.3,97.0,-1.4,-0.07
FE,1999-12-15,7.305766243375939,7.345363892391527,7.226570945344763,7.266168594360352,465300,21.909983889369233,23.407964853564295,21.915261889846533,21.317111173507936,20.961881361743078,1.3,97.0,-1.39,-0.05
FE,1999-12-16,7.246366201353467,7.266165016111263,7.186969757080078,7.186969757080078,272400,21.911779992295592,23.47302295077391,21.956032567593027,21.31834411319732,20.965865457231168,1.3,99.0,-1.38,-0.07
FE,1999-12-17,7.206766972776319,7.246364593505859,7.087974110587698,7.246364593505859,1293100,19.932413841444905,23.4262295142956,21.92904819919794,21.100470654252923,20.918209480918197,1.3,97.0,-1.36,-0.07
FE,1999-12-20,7.246366201353467,7.246366201353467,7.127573312806689,7.186969757080078,410900,19.247823290675242,23.365189857695626,21.67660206807997,21.00292460242865,20.9241847244364,1.29,88.0,-1.33,-0.0
FE,1999-12-21,7.147372662033165,7.24636674322476,7.087976213318209,7.167171478271484,965600,19.21765689484507,23.3634165942045,21.674452466668072,20.91407101756412,20.92297508642071,1.3,87.0,-1.3,-0.0
FE,1999-12-22,7.1275768228057945,7.285967418868145,7.107777998298,7.266168594360352,649300,19.194315222448466,23.513331917293083,21.64564536694879,20.875519538474812,20.969726901638822,1.3,86.0,-1.28,0.01
FE,1999-12-23,7.266168594360352,7.285967418868145,7.246369769852557,7.266168594360352,239600,18.42666294901969,23.400641812326217,21.637650864470135,20.845021900893084,20.96777163162098,1.31,85.0,-1.25,0.01
FE,1999-12-27,7.285963711673266,7.285963711673266,7.226567268371582,7.226567268371582,405700,18.33674356617617,23.1742420052142,21.457916036278274,20.819583611526486,20.96998296566405,1.31,82.0,-1.23,0.08
FE,1999-12-28,7.226565783141089,7.285962214235399,7.226565783141089,7.246364593505859,348200,18.34055893700427,22.9455577450235,21.4707421288172,20.73691777771155,20.97174951106345,1.31,82.0,-1.19,0.07
FE,1999-12-29,7.226567386595671,7.226567386595671,7.087975683291096,7.186969757080078,284400,18.40655338152702,22.458662988109122,21.31171771556892,20.6357275898932,20.981953230192044,1.32,80.0,-1.16,0.14
FE,1999-12-30,7.167170942322282,7.206768571837874,7.127573312806689,7.186969757080078,316100,18.28781634598299,22.409957596971278,21.303234205570128,20.586672156312723,20.942668869040112,1.32,79.0,-1.12,0.15
FE,1999-12-31,7.107774498048893,7.206768571837874,7.087975683291096,7.186969757080078,162400,18.242552970250706,22.406114262903753,21.27926262165253,20.554229285557952,20.914780425731283,1.32,78.0,-1.07,0.16
FE,2000-01-03,7.1077726745065135,7.127571484184805,6.929583387401894,6.988979816436768,532500,19.635468702696084,22.19323534090737,21.644875626039823,20.314555591566478,21.084211238450706,1.32,85.0,-1.01,0.09
FE,2000-01-04,6.969181006758476,7.087973864828223,6.929583387401894,6.988979816436768,887800,19.43061742968278,21.83455952447885,21.577492430478443,20.110096248338557,21.084211238450706,1.33,83.0,-0.96,0.12
FE,2000-01-05,7.0087788691286175,7.285962214235399,7.0087788691286175,7.246364593505859,532000,22.38346677166831,23.204818231272657,22.356921912862898,20.596265262277115,21.38798278773176,1.35,100.0,-0.91,0.25
FE,2000-01-06,7.246369769852557,7.305766243375939,7.226570945344763,7.266168594360352,359000,22.378618200479455,22.80912734432171,22.346294704637444,20.4744433116678,21.385732830118805,1.37,99.0,-0.85,0.25
FE,2000-01-07,7.26616276635064,7.345358000861274,7.2463639577229815,7.305760383605957,378100,22.41486546043168,22.580664330723447,22.271406891580213,20.472205726475252,21.39601979442145,1.39,98.0,-0.78,0.27
FE,2000-01-10,7.305765086251336,7.40475919311111,7.266167443507426,7.325563907623291,407000,22.2274800029544,21.49434269001814,22.282742345153196,20.47693164919717,21.394789629881043,1.41,98.0,-0.71,0.26
FE,2000-01-11,7.285964129442837,7.424555838426804,7.285964129442837,7.404757022857666,479900,20.5493605284703,21.438374714716748,22.154445612718416,20.507013509698265,21.422272285492237,1.42,96.0,-0.62,0.31
FE,2000-01-12,7.32555746714274,7.444350290934245,7.32555746714274,7.424551486968994,935600,18.262504094524783,21.36124678720501,21.899725180066117,20.511394616032117,21.378218155301617,1.44,90.0,-0.55,0.42
FE,2000-01-13,7.46415346956508,7.46415346956508,7.404757022857666,7.404757022857666,581400,18.281149507610934,20.959437721062773,21.876732915513163,20.27380817281797,21.36129394096714,1.45,89.0,-0.5,0.44
FE,2000-01-14,7.464150691545138,7.464150691545138,7.345357842342827,7.365156650543213,835800,17.202590637726406,20.928008334171196,21.813494526095077,20.195985737238452,21.28516172613668,1.46,86.0,-0.42,0.47
FE,2000-01-18,7.325559834964939,7.365157455694479,7.226565783141089,7.246364593505859,561300,17.738671044084757,20.918077333858854,21.658423153008783,20.07109069975681,21.27678545519386,1.47,78.0,-0.42,0.55
FE,2000-01-19,7.226567268371582,7.285963711673266,7.127573196202108,7.226567268371582,638200,17.737277907078628,20.846984490623953,21.562601728596782,20.063526651622666,21.239746740392786,1.48,73.0,-0.38,0.59
FE,2000-01-20,7.2067646980285645,7.246362306259491,7.147368285682176,7.2067646980285645,410400,17.639251248422706,20.48372554181973,21.5627650433402,20.031045315769976,21.200974729567594,1.48,73.0,-0.35,0.59
FE,2000-01-21,7.206772524377573,7.285967826843262,7.147376047528308,7.285967826843262,819800,17.76052057558084,20.622714967946614,21.66097746661811,20.036021174382764,21.224541287425293,1.49,78.0,-0.33,0.53
FE,2000-01-24,7.285966264879381,7.40475919311111,7.266167443507426,7.325563907623291,556700,17.578502765199254,20.088524477677144,21.667467305101553,20.00895159016138,21.228591092161935,1.5,78.0,-0.29,0.52
FE,2000-01-25,7.305762526107161,7.38495778384274,7.1869696395037925,7.226567268371582,673400,17.580965967562516,19.959713358915934,21.742963291248635,20.013356645993507,21.26372304131107,1.51,80.0,-0.26,0.48
FE,2000-01-26,7.226569800763516,7.384960371739155,7.226569800763516,7.325563907623291,1349700,18.0237720320907,20.16637675671373,21.835560066942733,20.07528524704653,21.275588728877057,1.51,86.0,-0.18,0.42
FE,2000-01-27,7.325563907623291,7.3651615503672,7.285966264879381,7.325563907623291,808900,17.871395136652865,20.084271973370974,21.502173460239096,20.06541343601208,21.269957740084337,1.52,67.0,-0.3,0.55
FE,2000-01-28,7.325561460384653,7.345360275142449,7.127573312806689,7.186969757080078,909000,18.660026390895194,20.38737936412399,21.383173257571556,19.484685879899992,21.31858398489738,1.52,62.0,-0.28,0.58
FE,2000-01-31,7.2067646980285645,7.3057587186058806,7.186965893913102,7.2067646980285645,523000,18.404965599951073,20.39075673352418,21.396317380287357,19.43633496290078,21.233710884058553,1.53,62.0,-0.29,0.57
FE,2000-02-01,7.226570945344763,7.3255650678837325,7.20677212083697,7.266168594360352,289500,18.40414942920708,19.17647710145099,21.43311554210706,19.404193383665138,21.240675945433505,1.53,62.0,-0.37,0.54
FE,2000-02-02,7.246364593505859,7.325559834964939,7.226565783141089,7.246364593505859,3666600,18.256483785251834,18.87343195670727,21.403900442909208,19.39994935658618,21.184709952747184,1.52,61.0,-0.44,0.56
FE,2000-02-03,7.326878902039241,7.447651631193734,7.306750113846826,7.367136478424072,618100,18.82503979132891,19.200377020816898,21.599869478216384,19.511347752366415,21.249951920385605,1.52,70.0,-0.57,0.45
FE,2000-02-04,7.387266323346049,7.387266323346049,7.145720830484598,7.185978412628174,688000,19.842673201000895,19.42657776542831,21.71098935673207,19.69211539794676,21.355373782476104,1.51,78.0,-0.59,0.44
FE,2000-02-07,7.125592841343447,7.165850428017703,7.0853352546691895,7.0853352546691895,311400,20.23698610459833,19.202686430925077,21.78991579182186,19.736110474829072,21.393267732385606,1.51,82.0,-0.68,0.4
FE,2000-02-08,7.085335122663423,7.185979087473983,7.085335122663423,7.1255927085876465,202500,20.273034750592775,19.21030061906757,21.818254391369365,19.734344065704807,21.373450486368785,1.5,85.0,-0.77,0.38
FE,2000-02-09,7.12559203941281,7.206107203699961,7.12559203941281,7.185978412628174,523800,20.418236928539276,19.298219922987204,21.878186325002932,19.737886430468386,21.392083968827656,1.5,89.0,-0.9,0.34
FE,2000-02-10,7.185979221354832,7.20610801469196,7.045077667994933,7.0853352546691895,439900,20.686238040317424,19.46316571377827,21.951694476103402,19.726659396529975,21.33863067013365,1.49,94.0,-1.03,0.31
FE,2000-02-11,7.085334623924936,7.145720998560661,6.9444330831082475,6.9846906661987305,940600,21.069712579881696,19.593883752178932,21.70567810004213,19.541784215604903,21.358457978524232,1.49,73.0,-1.0,0.36
FE,2000-02-14,6.984695034909111,7.004823839044295,6.924308622503556,6.964566230773926,625700,21.074983253464953,19.575414930775953,21.700815621648086,19.339158172674253,21.30004080774909,1.47,72.0,-0.96,0.36
FE,2000-02-15,6.964566230773926,7.065210251449849,6.944437426638741,6.964566230773926,392500,19.472299656399272,19.53919810335078,21.604527426974883,19.32729088671297,21.279260326882692,1.46,63.0,-0.9,0.41
FE,2000-02-16,6.964566230773926,7.045081447314664,6.904179818368371,6.964566230773926,460400,19.472299656399272,19.398075070572958,21.53711431117665,19.314880628866018,21.258640999251142,1.44,58.0,-0.84,0.44
FE,2000-02-17,6.944431364536285,6.964560151100159,6.763272285461426,6.763272285461426,910200,18.069548480792132,20.18552623259006,21.98917781012818,19.58586281402809,21.41520039655129,1.42,95.0,-0.72,0.34
FE,2000-02-18,6.723014773214264,6.743143559960415,6.582113265991211,6.582113265991211,1194200,19.374998946010937,20.834922888800385,22.322718229328764,19.75943199536244,21.565417920475063,1.41,98.0,-0.49,0.26
FE,2000-02-22,6.582117031667835,6.6022458299298155,6.400957847310004,6.461344242095947,714900,19.67849262834749,21.095009919060686,22.4169220451532,19.847627314248793,21.561434693512112,1.39,100.0,-0.21,0.22
FE,2000-02-23,6.44121489909865,6.541858881897067,6.44121489909865,6.481472492218018,503600,19.69094910192513,21.051708246626475,22.26962369564027,19.83666524839457,21.559697682297635,1.37,94.0,-0.04,0.29
FE,2000-02-24,6.4814726460855985,6.4814726460855985,6.239927081635203,6.300313472747803,398500,20.380390571717733,20.959932791380744,22.495911864020186,20.05202063017019,21.708752325422953,1.36,100.0,0.29,0.27
FE,2000-02-25,6.199666261672974,6.280181407928467,6.078893542289734,6.1191511154174805,1887500,21.353562292212132,20.400159509949784,22.558427043408972,20.269690334200973,21.82411296519104,1.35,100.0,0.79,0.28
FE,2000-02-28,6.119150466173402,6.219794388314412,6.0990216817452,6.179536819458008,877100,21.846599869200787,20.56320333737985,22.622908127686028,20.307504209246492,21.850437478617,1.31,100.0,0.96,0.25
FE,2000-02-29,6.1594106603313135,6.2197970393541695,5.958122730255127,5.958122730255127,822800,23.559394634687088,21.05853789670224,23.247337153729863,20.69899512765447,22.032562533195808,1.28,100.0,1.34,0.2
FE,2000-03-01,6.36069655418396,6.36069655418396,6.078893542289734,6.1191511154174805,880200,25.322988157381214,21.93649130553565,23.255985361850072,20.94998451438535,22.211126009760182,1.25,100.0,1.27,0.2
FE,2000-03-02,6.179539951160796,6.1996687457899835,6.058767183385666,6.099024772644043,534300,25.317945125971246,21.924227839322626,23.03922030386751,20.85880818592339,22.20872676082951,1.23,98.0,1.2,0.28
FE,2000-03-03,6.078892897316998,6.280180741599018,6.078892897316998,6.179536819458008,820100,25.887161276052336,22.169379817245467,23.175023340268552,20.9415823454471,22.14592682799624,1.21,98.0,1.06,0.22
FE,2000-03-06,6.139281867323695,6.2197970393541695,5.917865144239889,5.958122730255127,1076700,26.95737004196569,23.14967811191257,23.587861529358456,21.308765037355858,22.3827311222325,1.19,100.0,1.0,0.24
FE,2000-03-07,5.958123066171337,5.958123066171337,5.837350301316513,5.857479095458984,712500,26.865091557594123,23.267712588265734,23.576575971787964,21.33524933166077,22.138744704587157,1.18,99.0,0.94,0.25
FE,2000-03-08,5.797092713031572,5.917865477886396,5.797092713031572,5.857479095458984,605300,26.883800414281602,23.18974025128555,22.88990576707818,21.322684370775228,22.13928708780336,1.17,94.0,0.88,0.27
FE,2000-03-09,5.857478765217033,5.958122730255127,5.797092386194177,5.958122730255127,392100,27.129538355010986,23.560871364806573,23.026446235296824,21.426821154208174,22.206367927733176,1.17,94.0,0.72,0.24
FE,2000-03-10,5.958121485270738,5.958121485270738,5.857477541262786,5.897735118865967,264600,27.065397587025846,23.480783524494512,23.027151933602376,21.437506392454374,22.123628280678584,1.16,94.0,0.58,0.24
FE,2000-03-13,5.8574790954589835,5.917865477886396,5.797092713031572,5.857479095458984,384900,26.830246340426733,23.487376032716668,22.85892615922829,21.440218898210013,22.0581874738535,1.14,91.0,0.44,0.32
FE,2000-03-14,5.857478895965888,5.958122863250525,5.83735010250896,5.91786527633667,535700,27.149163155121116,23.60527437291641,22.932262682619832,21.48134373583419,22.08944791557972,1.11,92.0,0.28,0.29
FE,2000-03-15,5.897735780184386,6.239925228181432,5.897735780184386,6.139281272888184,614400,29.642320901206006,24.88473180404816,23.58997399459292,21.975794651197315,22.418627647216947,1.09,100.0,0.12,0.41
FE,2000-03-16,6.0990253575840345,6.541858881897067,6.0990253575840345,6.481472492218018,491300,34.34944286983559,27.45872976212641,25.186357761748713,22.904005229338157,23.02428758884115,1.12,100.0,0.03,1.2
FE,2000-03-17,6.481472718410003,6.481472718410003,6.280184745788574,6.280184745788574,812400,34.71118274466059,28.130814475996303,25.435010998782275,23.145232273004225,23.21718161247104,1.15,100.0,-0.07,1.18
FE,2000-03-20,6.300313472747802,6.360699863860401,6.239927081635203,6.300313472747803,575300,34.28683262584137,27.958634615283522,25.438496093708036,23.154563801674193,23.221256119335845,1.18,100.0,-0.15,1.17
FE,2000-03-21,6.300311783510804,6.4814709082762905,6.300311783510804,6.380826950073242,543800,34.50585682431444,28.125366298836614,25.24981189709314,23.22278068927989,23.233800980519884,1.21,98.0,-0.21,1.26
FE,2000-03-22,6.360699934837146,6.380828732099289,6.199669556740003,6.280184745788574,797400,34.5745337186714,28.258605000550425,25.196821730692527,23.2771775262646,22.96959952629288,1.24,97.0,-0.28,1.31
FE,2000-03-23,6.219798354002146,6.400957529361432,6.17954075947786,6.280184745788574,524400,34.39229391114798,28.243176744687986,25.172665220668815,23.23606008636491,22.93057449786598,1.26,95.0,-0.35,1.33
FE,2000-03-24,6.28018193259882,6.441212238562892,6.260053144353311,6.421083450317383,546000,35.111710061682125,28.65918261275395,25.432463990918386,23.410233616997182,23.00987930709355,1.28,98.0,-0.42,1.2
FE,2000-03-27,6.441215443833967,6.521730636881891,6.421086645571985,6.461344242095947,319300,35.056249611342224,28.705268047760725,25.46706999416536,23.430156083125624,23.021856363069286,1.31,100.0,-0.49,1.17
FE,2000-03-28,6.380826950073242,6.461342116635681,6.320440575151413,6.380826950073242,495200,35.1746392605951,28.78708905483343,25.506044421603345,23.461586519842196,22.910644259579332,1.32,100.0,-0.6,1.16
FE,2000-03-29,6.360699712859917,6.521730085337384,6.340570916300234,6.481472492218018,499700,35.577593079866176,28.493104852668495,25.066862032800447,23.52360668828535,22.971892467714845,1.34,91.0,-0.65,1.19
FE,2000-03-30,6.56198672320705,6.662630691354398,6.521729135948111,6.622373104095459,449000,36.243237558165504,28.87197126687111,25.202018565722746,23.68263849285181,23.061378652556876,1.36,94.0,-0.7,1.13
FE,2000-03-31,6.561987128402248,6.723017487381444,6.501600743785049,6.642502307891846,563100,35.29928703816514,27.835178939046667,25.198795456523637,23.688180385737994,22.902463284293383,1.38,93.0,-0.74,1.12
FE,2000-04-03,6.642503710104379,6.783405303955078,6.622374910982851,6.783405303955078,676400,34.90816944180699,28.201466839915867,25.285615519374904,23.84081411465987,22.933565777616117,1.4,95.0,-0.75,1.05
FE,2000-04-04,6.763276547801738,6.984693339545247,6.763276547801738,6.904178142547607,495500,34.72381417615299,28.43330410564726,25.278902466710434,23.949941709784525,22.95170786227217,1.42,94.0,-0.75,1.02
FE,2000-04-05,6.944433701309291,7.145721634680575,6.9041761146350344,7.0853352546691895,765000,35.39688309511561,28.953000915532286,25.62055078294681,24.166651597727252,23.03740052008646,1.45,100.0,-0.73,0.88
FE,2000-04-06,7.105463700975691,7.145721285683768,6.964562154497419,7.045077323913574,809900,34.245489886898746,28.874751437055068,25.62621619638391,24.148388038716213,23.021530810256692,1.47,100.0,-0.72,0.88
FE,2000-04-07,7.045081447314664,7.065210251449849,6.924308622503556,6.964566230773926,568600,33.134767313091565,28.947236997183733,25.67267233670405,24.17743021167278,23.026084034132317,1.5,100.0,-0.71,0.86
FE,2000-04-10,6.964560801115281,7.10546232021299,6.944432012672752,7.024947166442871,974500,33.11940270519289,29.013085261016897,25.6998301168342,24.197858411086475,22.988265390021155,1.52,100.0,-0.7,0.84
FE,2000-04-11,6.984689634837461,7.165848731994629,6.984689634837461,7.165848731994629,750800,31.055141127225973,29.305515915055448,25.90577699512253,24.327048724778347,23.00335389716844,1.54,100.0,-0.69,0.73
FE,2000-04-12,7.24636083063872,7.48790619166001,7.206103270468505,7.40739107131958,750700,31.48128239771274,29.91077034930311,26.434003598975224,24.61361855007459,23.222307881229796,1.57,100.0,-0.69,0.58
FE,2000-04-13,7.447655213184845,7.8904887664012415,7.4073976174379,7.850231170654297,761000,34.7027752998827,32.15281969004465,27.934317849942282,25.442524151457224,23.9352327881009,1.64,100.0,-0.67,1.02
FE,2000-04-14,7.769712862118269,8.051515919293543,7.729455282521801,7.789841651916504,1194700,34.981865881915965,32.19624937049993,27.93326902707384,25.456206902478872,23.661432669480394,1.71,99.0,-0.66,1.02
FE,2000-04-17,7.729456980822969,8.011260099915473,7.689199392381183,7.99113130569458,1449800,32.71523874424869,32.51966103361875,28.201762298336654,25.575711798531632,23.690385074793745,1.77,100.0,-0.61,0.87
FE,2000-04-18,8.051514921354006,8.252802794387856,8.051514921354006,8.11190128326416,705800,31.735804083648684,32.62757142709009,28.276624997043665,25.640430289107584,23.74029630495674,1.84,100.0,-0.54,0.82
FE,2000-04-19,8.111902748783931,8.111902748783931,7.769713302805453,7.950872421264648,391400,32.84437875657563,32.78305604323526,28.412596830403984,25.643073687550434,23.73553609269928,1.9,100.0,-0.54,0.77
FE,2000-04-20,7.971001471399957,7.9911302629944005,7.789842347049957,7.870357513427734,568900,33.29509860668131,32.77313364008763,28.03758534971397,25.66763153820061,23.742210991595485,1.95,97.0,-0.57,0.86
FE,2000-04-24,7.890485467262638,8.293061256408691,7.850227888348033,8.293061256408691,939500,35.00391982727072,34.404744414199065,28.766206364367125,26.353401806883014,24.323790038578537,2.03,100.0,-0.47,1.02
FE,2000-04-25,8.2930594196183,8.474218484609963,8.23267306462108,8.433960914611816,867900,34.60412073382592,34.248477447291634,28.87304158255841,26.430571274560123,24.37074607183477,2.1,100.0,-0.33,0.95
FE,2000-04-26,8.333322480460193,8.655383252651893,8.333322480460193,8.61512565612793,427400,34.698427738425515,34.45967317554923,28.873587107038844,26.53371533051811,24.464626732687826,2.17,100.0,-0.11,0.95
FE,2000-04-27,8.554735945731618,8.554735945731618,8.252804088823444,8.313190460205078,727800,36.601622422419005,35.33744736398917,29.463944093830502,26.858805189797042,24.58868393610898,2.25,100.0,-0.11,0.84
FE,2000-04-28,8.353448429623166,8.353448429623166,8.111902932862977,8.192418098449707,455900,34.7829070403885,35.49288915262767,29.567303115222515,26.868482156173485,24.57578591806143,2.32,100.0,-0.15,0.81
FE,2000-05-01,8.212546603514417,8.272932975599081,8.111902650039974,8.132031440734863,503300,33.0704674380565,35.41449201348968,29.56377387251513,26.85864148742138,24.47413533351456,2.4,99.0,-0.19,0.81
FE,2000-05-02,8.071645736694336,8.091774529055169,7.8904866054468314,8.071645736694336,1164100,33.364842511090586,35.03445183791547,29.536977442248503,26.865021408221875,24.477400601807627,2.47,98.0,-0.25,0.82
FE,2000-05-03,7.989905196793225,8.09207789751948,7.887732496066969,8.010339736938477,1272700,33.648543348783384,34.93274155797073,29.510191468825653,26.81932466111867,24.47144059833368,2.53,97.0,-0.31,0.83
FE,2000-05-04,8.010344852545323,8.112517618521666,7.765130214202099,7.969475746154785,988300,33.13591209872683,34.95487350619825,29.435341527276655,26.824131482302395,24.451000280723587,2.59,95.0,-0.38,0.85
FE,2000-05-05,7.949042911629141,7.949042911629141,7.785566450721601,7.826435565948486,409600,33.91957307657585,35.16448856165108,29.590246074848185,26.816304079601398,24.485121033976647,2.64,100.0,-0.43,0.8
FE,2000-05-08,7.867302809225019,8.173821100493527,7.76513004546885,7.989910125732422,693500,33.86472837980734,35.23079459060456,29.73607346093623,26.828169723179982,24.553335880642045,2.7,100.0,-0.49,0.73
FE,2000-05-09,7.969475746154785,8.030779405740592,7.908172086568979,7.969475746154785,444700,33.98422953571919,35.08047076438391,29.72400242656248,26.822463040418725,24.542077195861612,2.76,99.0,-0.54,0.73
FE,2000-05-10,7.989910299350054,8.112517618521666,7.908172086568979,7.969475746154785,346000,33.5495035812447,35.067592899899665,29.66332591526621,26.783103310991628,24.53752569604914,2.81,98.0,-0.6,0.75
FE,2000-05-11,7.846866054389313,8.030776977539062,7.846866054389313,8.030776977539062,431700,33.45879283024683,35.081785762645204,29.659956651938312,26.695441078057247,24.16640472906667,2.85,97.0,-0.65,0.75
FE,2000-05-12,8.01034362081419,8.030778170867288,7.846867220389411,7.8877363204956055,639400,33.93923175240324,35.32622751943322,29.777442916166713,26.719830995467813,24.19159060360189,2.9,100.0,-0.7,0.71
FE,2000-05-15,7.9081693673435645,8.11251482903203,7.8877348211747185,8.071645736694336,908300,34.28993346019486,34.966523691825735,29.977199491638252,26.867074124135844,24.275218377476502,2.94,100.0,-0.75,0.61
FE,2000-05-16,8.153384259638896,8.153384259638896,7.928604242455869,8.030776977539062,823600,34.16445878634865,34.44368042434722,29.92566480649193,26.872183415058252,24.277572587167707,2.98,99.0,-0.79,0.65
FE,2000-05-17,8.010343692177221,8.010343692177221,7.622087237709447,7.765129089355469,338900,35.79115311660109,34.98812483347902,30.42652327066667,27.138226257957964,24.493961330032985,3.03,100.0,-0.82,0.55
FE,2000-05-18,7.826433703722552,8.051213783986123,7.826433703722552,7.989910125732422,342700,35.939688658720435,35.37546022550239,30.729424643626274,27.35517212104501,24.658970460240567,3.08,100.0,-0.86,0.43
FE,2000-05-19,7.928600012654006,8.112510837689795,7.887730940423831,8.092076301574707,788800,35.9037197735874,34.793169800662604,30.7844341565535,27.371653690986008,24.691010572862744,3.12,100.0,-0.91,0.4
FE,2000-05-22,8.051209112898034,8.275989062750519,8.051209112898034,8.214685440063477,448500,35.69192125971439,34.15726653872937,30.826419867078187,27.303807624330823,24.73209442424807,3.16,100.0,-0.95,0.36
FE,2000-05-23,8.153388200692795,8.235126428268662,8.05121541622296,8.132953643798828,460600,35.957470107788346,34.276829515103046,30.878280087234216,27.18160867345331,24.734631172009493,3.2,100.0,-0.98,0.35
FE,2000-05-24,8.194252014160156,8.378162907246045,8.112513839455316,8.194252014160156,516500,35.687614978517786,33.19428235001948,30.893628990828148,27.19687129968593,24.716600871172652,3.24,100.0,-1.02,0.34
FE,2000-05-25,8.153384041786193,8.173818588256836,8.071645855903625,8.173818588256836,424600,34.67937096869125,32.92989064763454,30.542557006319026,27.1919830950032,24.56833229945253,3.27,95.0,-1.05,0.42
FE,2000-05-26,8.25555308777609,8.296422162468051,8.194249475738149,8.27598762512207,464500,30.709843060737274,32.92189059076417,30.589965754228395,27.215033116147136,24.499717361297073,3.3,95.0,-1.08,0.39
FE,2000-05-30,8.275990188864995,8.275990188864995,8.030775664750477,8.194252014160156,815000,30.77551945005961,33.0204019184655,30.139444492856924,27.238922321390746,24.506584493118304,3.32,92.0,-1.11,0.52
FE,2000-05-31,8.214685440063477,8.337292685437559,8.153381817376436,8.214685440063477,496300,29.93876356079538,31.890519780576042,30.139165933473567,27.136156315870814,24.49772342253017,3.35,91.0,-1.14,0.52
FE,2000-06-01,8.296423603646199,8.296423603646199,8.112512735585076,8.214685440063477,478900,29.639902944758234,31.56917037811391,30.13220202496151,27.13454697329719,24.49547930200521,3.37,90.0,-1.17,0.53
FE,2000-06-02,8.419033021564726,8.419033021564726,8.030776644356644,8.071645736694336,347200,29.4992091103811,31.906591350631658,30.27743553122864,27.20733017420122,24.53065963088892,3.39,92.0,-1.19,0.49
FE,2000-06-05,8.0103391011556,8.0103391011556,7.74469010035197,7.785559177398682,390800,31.219883250215,32.91652799429944,30.800693069925988,27.53415752150432,24.78245737168464,3.41,97.0,-1.2,0.42
FE,2000-06-06,7.805997618059879,8.010343105443646,7.785563069321503,7.949039459228516,379200,27.74015264696442,32.93982814759772,30.966875892313116,27.63783454815159,24.859998052345304,3.44,100.0,-1.22,0.35
FE,2000-06-07,8.010339736938477,8.07164335737423,7.969470656647974,8.010339736938477,234300,27.340212459961233,32.85154231885846,30.98194912865094,27.48701133706407,24.86520841681068,3.46,100.0,-1.24,0.33
FE,2000-06-08,8.030774277083728,8.030774277083728,7.805994335485964,8.010339736938477,306100,26.468547573380828,32.85158490955333,30.966551669266867,27.4815150837196,24.839665197172174,3.47,98.0,-1.26,0.34
FE,2000-06-09,8.010338157114356,8.132945373804882,7.969469084884181,8.092076301574707,339300,24.742285913588525,32.201781239706165,30.879020702368678,27.455198095998718,24.85895319935339,3.48,96.0,-1.28,0.35
FE,2000-06-12,8.092079621508606,8.173817799503642,8.071645077009848,8.153383255004883,311700,24.506319840720714,30.50471902187556,30.889620539789632,27.430978582409537,24.866713533569047,3.49,96.0,-1.29,0.34
FE,2000-06-13,8.153383382476202,8.337294285840327,8.153383382476202,8.255556106567383,244100,24.671600125873187,29.646185092592546,30.93432274638027,27.469686720564944,24.886097544500274,3.5,97.0,-1.31,0.31
FE,2000-06-14,8.194253013707415,8.21468755987626,8.051211190525489,8.071645736694336,387400,25.468095110848072,30.160977750870625,31.12619985121076,27.57574448867508,24.939376078652906,3.5,100.0,-1.33,0.27
FE,2000-06-15,7.989907023930313,8.296425196203854,7.989907023930313,8.255556106567383,437700,26.17334746347456,30.346987746685393,31.30568255812648,27.661519391279533,25.047503653999353,3.51,100.0,-1.34,0.2
FE,2000-06-16,8.25555308777609,8.337291237160011,8.25555308777609,8.27598762512207,611400,26.11149460244404,30.05707437313002,31.21610172438706,27.608172142897203,25.045218163049338,3.52,99.0,-1.36,0.23
FE,2000-06-19,8.275991320610046,8.337294960021973,8.173818588256836,8.173818588256836,666800,25.79489989442892,30.245481775414497,31.229551417882966,27.594861857741808,25.037943100720188,3.52,99.0,-1.37,0.24
FE,2000-06-20,8.17382275758676,8.194257314480728,8.05121541622296,8.132953643798828,309400,25.19872985561752,30.075147461136847,31.244159197223997,27.48176206956358,25.03735348915023,3.51,99.0,-1.38,0.24
FE,2000-06-21,8.15337990991997,8.316856198840672,8.092076301574707,8.092076301574707,439000,25.235874469437782,30.127033263917763,31.092738708039207,27.464876479045998,25.032197454375105,3.5,95.0,-1.39,0.28
FE,2000-06-22,8.071647815897986,8.092082367330638,7.90817140443676,8.051213264465332,449300,25.28734804445844,29.99301795415228,31.107466601432733,27.465489634810375,25.034430763659365,3.49,95.0,-1.39,0.28
FE,2000-06-23,7.969475572981189,8.09208288948859,7.867302809225019,7.989910125732422,584500,25.291313285992445,29.98233303507743,31.1171406295043,27.217879611242594,25.043747133396067,3.48,95.0,-1.4,0.28
FE,2000-06-26,7.969473123550415,8.296425867080687,7.949038577079772,8.173818588256836,678700,25.553530741495482,30.015512438923487,31.302900999232204,27.273931149698573,25.149951090909205,3.46,99.0,-1.4,0.21
FE,2000-06-27,8.19425583130274,8.21469038449801,7.887737533373711,7.969475746154785,504900,25.801681558390953,30.591484545765475,31.48575541075867,27.43827793070835,25.259961177530254,3.45,100.0,-1.41,0.19
FE,2000-06-28,7.928602946369428,8.214686557836366,7.724257509607329,8.194252014160156,399800,27.018648300496555,30.793842085734923,31.50317791002945,27.50433078653196,25.36198432268584,3.43,100.0,-1.41,0.15
FE,2000-06-29,8.153388062703241,8.235126288895755,7.8877388275775715,7.928607940673828,434100,26.94393117863896,31.51407288550961,31.877911124933245,27.70296090512906,25.558390720126837,3.42,100.0,-1.4,0.1
FE,2000-06-30,7.8673014220069435,8.214688757524133,7.601652283082034,7.642521381378174,890000,27.714717323054135,32.120326778727424,32.43041980788687,27.774905174037258,25.810249200625034,3.42,100.0,-1.39,0.03
FE,2000-07-03,7.7038274046662565,7.908172959166688,7.7038274046662565,7.867303848266602,250400,28.81875859921034,32.58257826588462,32.71801683926116,27.93182152032009,25.982457948136574,3.41,100.0,-1.39,-0.05
FE,2000-07-05,7.928604175907155,8.11251509751325,7.72425870745594,7.805996894836426,292500,28.477065340491713,32.52705676560854,32.6598060531308,27.921437206236437,25.991878182769412,3.41,99.0,-1.37,-0.03
FE,2000-07-06,7.8264320592085515,7.92860480149587,7.765128413836161,7.846866607666016,269300,28.43331152325562,32.50441315586789,32.5743312570944,27.820031846517875,25.96405878662491,3.39,98.0,-1.36,-0.02
FE,2000-07-07,7.805997618059879,7.969474007966893,7.805997618059879,7.949039459228516,175300,28.62058033413136,32.37123887204837,32.621066318994465,27.84398119235229,25.998588972330644,3.37,98.0,-1.34,-0.04
FE,2000-07-10,7.867302809225019,8.071648336737358,7.867302809225019,7.989910125732422,628300,28.671501782256996,31.712106615463743,32.625933713288646,27.79114242707232,26.002839510636523,3.35,98.0,-1.31,-0.04
FE,2000-07-11,7.989910980916443,8.112518310546875,7.8673036512860115,8.112518310546875,415800,28.794898758369058,29.578209910451676,32.69909867306902,27.83373546618566,26.048918118454772,3.32,99.0,-1.29,-0.07
FE,2000-07-12,7.969473336489147,8.09208061858898,7.928604242455869,8.030776977539062,283400,28.8005949190177,29.61101382482076,32.37840828317937,27.78390604642867,26.03956410687801,3.29,93.0,-1.25,-0.01
FE,2000-07-13,7.989908556705269,8.010343105443646,7.908170361751763,7.949039459228516,491300,28.914976108241746,29.225395784438014,32.10464537761183,27.809698790344918,26.056092913505953,3.26,92.0,-1.2,0.04
FE,2000-07-14,7.969474520707996,8.01034362081419,7.846867220389411,7.8877363204956055,414300,28.9764775359384,29.095266451445756,31.975614294942638,27.69959253783252,26.06344733888931,3.23,91.0,-1.13,0.08
FE,2000-07-17,7.867301264275009,8.010343105443646,7.846866715536633,7.949039459228516,192400,28.67281830946341,28.85276781719116,31.988178086759113,27.660604923102554,26.07682350038741,3.19,91.0,-1.05,0.07
FE,2000-07-18,7.949038789472508,8.09208061858898,7.90816969543923,8.030776977539062,273000,26.757363421780557,28.8485312468166,31.639597305074624,27.68159355899972,26.099244492433506,3.15,88.0,-0.96,0.14
FE,2000-07-19,8.112513809297829,8.378162876101033,8.112513809297829,8.316859245300293,601900,27.959972667059883,27.711992825282227,31.648166371861823,27.978449827474446,26.339229062598058,3.11,88.0,-0.86,0.12
FE,2000-07-20,8.337291237160011,8.398594849197952,8.25555308777609,8.27598762512207,383100,27.956830532241543,27.506716319627806,31.654666703602107,27.9847216191413,26.32392025854195,3.07,88.0,-0.76,0.12
FE,2000-07-21,8.31685974102209,8.31685974102209,8.255556106567383,8.255556106567383,265800,27.974359365117035,27.139429726785536,31.031129694714892,27.984892586077585,26.324184570826368,3.03,74.0,-0.65,0.2
FE,2000-07-24,8.235121101512576,8.235121101512576,8.153382926807737,8.194252014160156,178300,27.939465382043743,26.185967301582778,30.84819674736787,27.65442720181783,26.329493615935085,2.98,65.0,-0.52,0.27
FE,2000-07-25,8.153381657659564,8.275988900631889,8.153381657659564,8.235119819641113,297900,27.8923303363115,26.033502301390765,30.83371912606112,27.605074647327815,26.33237392221935,2.93,64.0,-0.38,0.27
FE,2000-07-26,8.194257314480728,8.296430098950562,8.092084530010894,8.132953643798828,767500,27.887048189458525,26.11668071968534,30.887759259165282,27.631087099002833,26.32043491222973,2.88,67.0,-0.22,0.26
FE,2000-07-27,8.19425073865034,8.296423441127276,8.153381657659564,8.235119819641113,466600,27.32414145445797,26.193099637618882,30.276605005840835,27.565031434224775,26.246816095729564,2.83,54.0,-0.07,0.32
FE,2000-07-28,8.235119980959157,8.275989062750519,8.194250899167796,8.214685440063477,302800,26.535507827819128,26.14753896373159,30.116286358412616,27.456383021181917,26.247740149578657,2.78,50.0,0.06,0.37
FE,2000-07-31,8.255559229383282,8.41903564976711,8.235124676835303,8.337297439575195,1341900,26.88103247671349,26.286011938780618,30.165730329055503,27.50375392770034,26.24548409990445,2.71,53.0,0.19,0.34
FE,2000-08-01,8.357730186817259,8.786855697631836,8.357730186817259,8.786855697631836,792700,30.559127879137797,28.04745866280814,31.082038911427645,28.184719687928478,26.770290135270454,2.64,74.0,0.32,0.33
FE,2000-08-02,8.786855697631836,8.868593890167945,8.684682956961698,8.786855697631836,2607900,30.487781223164074,27.776064015857905,31.0066175608196,28.176236682955462,26.696935370582487,2.57,72.0,0.42,0.36
FE,2000-08-03,8.86975024237149,9.014816251008407,8.828302811332371,8.937102317810059,2042700,30.676103452057475,27.93912246244947,31.02511366088499,28.23678109836885,26.749713760928177,2.49,72.0,0.46,0.33
FE,2000-08-04,8.849028036378652,9.014817788816659,8.683238283940645,8.931922912597656,496400,30.597185338608096,27.941067574706622,31.01917742280621,28.23648786627037,26.70510463548352,2.41,71.0,0.48,0.34
FE,2000-08-07,8.123698110727164,8.434553905780499,8.082250671386719,8.419011116027832,3627300,35.472746640601926,30.581780517484336,32.16556695903143,29.09718438533215,27.35135183099977,2.34,92.0,0.62,0.79
FE,2000-08-08,8.372378935637299,8.41382635611075,8.144418123033311,8.393102645874023,1825000,34.92902945353477,30.342982750505314,31.11844437143454,29.056188299567253,27.339363423277007,2.31,76.0,0.85,0.85
FE,2000-08-09,8.45527279502467,8.475996502855615,8.268759424546186,8.367197036743164,1849400,34.06360725074599,30.004001510470296,30.648253987927205,29.042184049033644,27.336944575715773,2.27,52.0,1.07,0.99
FE,2000-08-10,8.434549641060933,8.45527335025273,8.289483676718362,8.336112022399902,314900,33.171128269075226,29.99434324911062,30.66604542692743,29.038344272848892,27.30787337416815,2.23,52.0,1.3,0.98
FE,2000-08-11,8.33093045001068,8.48117733001709,8.33093045001068,8.48117733001709,449000,31.929906063556608,29.31717151311341,30.711949166389086,29.09637850968671,27.348657499429972,2.18,52.0,1.56,0.96
FE,2000-08-14,8.517445128438514,8.517445128438514,8.26876059914104,8.434550285339355,340100,29.829236668616833,28.80041391295181,30.594635528886748,29.074193857054308,27.35000080961236,2.13,49.0,1.77,1.02
FE,2000-08-15,8.434553349222123,8.496724504130393,8.372382194313852,8.476000785827637,540400,28.825883041103438,28.70807095706566,30.592503452123886,28.846617339036463,27.311487844843523,2.08,48.0,1.92,1.02
FE,2000-08-16,8.393107601669511,8.413831324142768,8.310212711776478,8.356841087341309,242200,29.08007869541342,28.71195046458154,30.556254169561797,28.652633912034037,27.346747799209957,2.03,46.0,2.18,1.03
FE,2000-08-17,8.351656863437826,8.372380577739161,8.165143434725815,8.248038291931152,430600,29.401904670414915,28.766473670786073,30.652290120267338,28.698977195194182,27.317868610518005,1.98,50.0,2.47,0.99
FE,2000-08-18,8.185869394516459,8.227316834488693,8.082250794585871,8.123698234558105,654200,29.594116163537482,28.89713106941667,30.688126831842695,28.654233340101275,27.285124358883195,1.93,51.0,2.55,0.97
FE,2000-08-21,8.123695363575111,8.123695363575111,7.895734524291115,7.9371819496154785,575000,30.358664795592215,29.279002011415294,30.881294252587132,28.789079003415946,27.37591004595136,1.86,60.0,2.61,0.91
FE,2000-08-22,7.9371797034614975,8.020074530651696,7.8750085830688485,7.875008583068848,527900,30.07389559947437,29.19193659074612,30.761426952299004,28.805142748835056,27.35743722214201,1.8,52.0,2.73,0.96
FE,2000-08-23,7.854284627275317,7.916455745697021,7.812837214994181,7.9164557456970215,521100,29.99806311693134,29.15557433944887,30.765821821788336,28.79501069287622,27.29067800176452,1.72,52.0,2.68,0.96
FE,2000-08-24,7.85429201634725,7.89573946762085,7.77139711380005,7.771397113800049,447900,30.32532345856297,29.3776585277782,30.77590488156166,28.852099893545592,27.31124285971711,1.65,52.0,2.66,0.97
FE,2000-08-25,7.709220340531269,7.729944051124095,7.60560178756714,7.605601787567139,385600,30.862022118633952,29.679547410042883,30.877003461603735,28.938556821827348,27.391261001859863,1.57,57.0,2.6,0.95
FE,2000-08-28,7.688498845515592,7.957907160857108,7.688498845515592,7.854288578033447,445200,32.25892844055729,30.258984311581223,31.021690307342965,29.13776043680106,27.587387326493918,1.5,69.0,2.86,0.91
FE,2000-08-29,7.854284876271299,7.9371797034614975,7.7713900490811,7.875008583068848,678500,32.11623499712359,29.33800322439432,31.003882751967183,29.13885820464111,27.57695952983156,1.42,66.0,3.02,0.91
FE,2000-08-30,7.729944822993664,7.978629374939841,7.729944822993664,7.9371819496154785,702300,30.416188791802078,29.069003990338558,30.95576390943662,29.137766445785353,27.586808923086224,1.33,62.0,2.75,0.93
FE,2000-08-31,7.957907383675079,8.211772918701172,7.9164599493851044,8.211772918701172,1373100,32.08892056498532,29.857234498388603,31.368031021793247,29.398045603876493,27.780233644845815,1.24,82.0,2.2,0.79
FE,2000-09-01,8.206589929894799,8.289484777671513,8.144418794062261,8.273941993713379,547600,32.160105908312694,29.892757193138713,31.245847072157247,29.376421485891463,27.701572246099605,1.15,79.0,1.69,0.85
FE,2000-09-05,8.26876583520104,8.455279350280762,8.227318387405546,8.455279350280762,712600,32.671916920731604,30.14339448107874,31.00157692019262,29.467390640032786,27.684454606625675,1.07,63.0,1.51,0.92
FE,2000-09-06,8.455275744926638,8.621065465415397,8.434552029865545,8.496723175048828,1103000,32.67103350052415,30.122638601449157,29.64368773931757,29.45131505901713,27.68821748891438,1.04,16.0,1.36,0.81
FE,2000-09-07,8.455272535338018,8.538167364115843,8.455272535338018,8.517443656921387,448700,32.41946940658288,30.025313664845278,29.613269008451105,29.448569002313064,27.68560952510827,1.01,15.0,1.24,0.83
FE,2000-09-08,8.517451269426763,8.78685970373953,8.517451269426763,8.776497840881348,646800,33.315502529387636,30.23056064405357,29.715671045548657,29.609919708998785,27.83414493733778,0.98,18.0,1.04,0.8
FE,2000-09-11,8.766128640016568,9.118431682286738,8.724681223278901,8.895651817321777,757000,33.44487124411374,30.016577576987142,29.698391860054546,29.64616123810086,27.86663271333027,0.96,17.0,0.96,0.81
FE,2000-09-12,8.828301276360358,9.056262107440086,8.828301276360358,8.890472412109375,458600,33.25555622770986,30.01777028537181,29.508627804897685,29.636511091021923,27.79083528407637,0.94,7.0,0.84,0.89
FE,2000-09-13,9.076988423954356,9.242778166857633,9.056264706091447,9.118435859680176,674700,30.49494346464103,30.28187605679795,29.70015913708422,29.7736423358253,27.903696159192304,0.9,17.0,1.13,0.82
FE,2000-09-14,9.076988014606162,9.097711731534487,8.911198279179565,9.035540580749512,785600,30.641591562268317,30.333329191546728,28.604171614862583,29.777889290100813,27.915335278389218,0.91,1.0,1.05,0.77
FE,2000-09-15,9.15988213892477,9.201329569417643,9.097710993185462,9.10289192199707,1133800,30.331474469556554,30.321670494014423,28.50905651525547,29.786387977505658,27.923403314893346,0.91,1.0,1.07,0.81
FE,2000-09-18,9.11843852854894,9.11843852854894,8.973372461049298,9.05108642578125,396600,30.38535085465704,30.32833785391813,28.336558273877138,29.79758255257056,27.920526283353563,0.93,1.0,1.06,0.87
FE,2000-09-19,9.01481538022299,9.07698652077625,8.724683390974432,8.745407104492188,531800,26.799968756861166,31.171648565027443,28.294418255023473,29.89574068866138,28.013797076630127,0.95,1.0,0.87,0.87
FE,2000-09-20,8.745411098867223,8.76613482185032,8.517450146053148,8.579621315002441,506400,27.423239732557658,31.134185403057185,28.3647251153268,29.992576710354456,28.07643111900498,0.97,3.0,0.73,0.84
FE,2000-09-21,8.64178731068071,8.766129574143743,8.579616178949195,8.600339889526367,733800,27.402933152888526,30.65531723814739,28.33826576525935,29.702134612479885,28.038901615940347,0.99,3.0,0.59,0.86
FE,2000-09-22,8.662512250421171,8.911196812634218,8.641788536903416,8.745407104492188,324100,27.740995559101084,30.327721405731324,28.42405844117892,29.760048388367572,28.05916638238932,1.01,5.0,0.41,0.83
FE,2000-09-25,8.662511021257883,8.724682152989399,8.558892468372024,8.600339889526367,275500,27.822693197800653,29.726113019473942,28.529280147792214,29.829308669675775,28.111202726919725,1.03,7.0,0.3,0.78
FE,2000-09-26,8.600342251219839,8.869750562703834,8.600342251219839,8.786855697631836,380800,28.410837430007064,28.9217488120788,28.702445655353863,29.92756480539633,28.171891039730802,1.04,9.0,0.15,0.71
FE,2000-09-27,8.786852348385402,8.931918306967237,8.6003389730659,8.895651817321777,307200,28.57152830256995,28.463321145840688,28.59349070470002,29.935245803087284,28.167010161119933,1.06,8.0,0.02,0.78
FE,2000-09-28,8.952646255493164,9.159883437333283,8.952646255493164,8.952646255493164,449100,28.204319765048748,28.40175565288706,28.436375313392737,29.94136093814016,28.136116372782126,1.08,6.0,-0.11,0.84
FE,2000-09-29,8.994092535488846,9.097711113086644,8.931921388930169,8.937102317810059,450600,27.855209116851825,28.40682247996024,28.433950516513235,29.939938585527386,28.100755593504573,1.1,6.0,-0.24,0.84
FE,2000-10-02,8.95264059345374,9.22204875946045,8.828298362989106,9.22204875946045,414900,28.522435145736235,28.95192443198795,28.835434692091027,30.144258335653245,28.19120220503983,1.11,13.0,-0.21,0.72
FE,2000-10-03,9.180606306723828,9.201330022991828,8.786855697631836,8.786855697631836,694800,31.405873990792895,30.759906788437075,29.880312571073752,30.64146715619536,28.593525072781095,1.11,21.0,-0.32,0.69
FE,2000-10-04,8.807576770643923,8.890471610838219,8.496721119915314,8.558892250061035,427400,32.41708870190671,31.14757293127623,30.042681778345965,30.808900787237864,28.712550457813098,1.1,23.0,-0.35,0.63
FE,2000-10-05,8.57961934627873,8.745409092100541,8.351658445773738,8.372382164001465,575200,33.19126940161954,31.42182671734191,30.045862200537606,30.925679965141722,28.618447980072986,1.1,23.0,-0.35,0.6
FE,2000-10-06,8.372382164001465,8.538171909823276,8.310211009318285,8.372382164001465,585000,32.6335832246236,31.339749115923414,30.033262538941628,30.90247173215826,28.56728695589433,1.1,21.0,-0.36,0.61
FE,2000-10-09,8.434551771462113,8.538170343593096,8.330933199331128,8.351656913757324,302100,31.871341334502812,31.29654415354402,29.537141377625698,30.899879230666887,28.567309801544848,1.11,15.0,-0.33,0.77
FE,2000-10-10,8.37237885962387,8.662510800303906,8.351655149575295,8.558892250061035,586400,31.337142425273218,31.638733874474283,29.447445904917586,30.97997738421637,28.580203611529914,1.11,14.0,-0.36,0.79
FE,2000-10-11,8.517444829963887,8.703958220401054,8.47599740986674,8.558892250061035,446100,31.348117152338638,31.58388100232297,29.384462044444685,30.943471676095673,28.52221530636839,1.12,14.0,-0.4,0.81
FE,2000-10-12,8.538168839213304,8.600339971537672,8.351655442240197,8.434550285339355,534800,31.70691447558899,30.937092858114422,29.38987539371646,30.99762804722538,28.377281024806617,1.13,15.0,-0.41,0.79
FE,2000-10-13,8.434552029865545,8.579618035293207,8.434552029865545,8.496723175048828,496000,30.279199602738466,30.951868997493882,29.364652934671394,30.916635006815696,28.344739265816898,1.13,14.0,-0.43,0.81
FE,2000-10-16,8.579616178949195,8.62106360010354,8.496721336640507,8.600339889526367,236500,30.392240179994403,31.03762343504057,29.402029644079498,30.944271806153417,28.349535766131527,1.14,17.0,-0.48,0.79
FE,2000-10-17,8.60034309564418,8.66251425055245,8.434553349222123,8.476000785827637,377300,30.09306973466402,31.151207787333473,29.495408948260675,30.9866766579565,28.311592811661118,1.15,19.0,-0.5,0.74
FE,2000-10-18,8.434550964832306,8.621064376831056,8.206590127944947,8.289484977722168,479000,30.737424251348905,31.484441685548042,29.647743510475415,31.10433904533792,28.390725462030076,1.15,24.0,-0.5,0.67
FE,2000-10-19,8.31020780492712,8.475997486820928,8.185865543506765,8.393102645874023,519500,30.964866951327462,31.472685159945474,29.669234908483055,31.078788868733714,28.375729363698888,1.15,25.0,-0.5,0.67
FE,2000-10-20,8.434550285339355,8.558892549988093,8.413826574564567,8.434550285339355,362700,29.647575828387833,31.38802530999918,29.676456575015305,30.932638506851724,28.369963045599743,1.15,26.0,-0.51,0.67
FE,2000-10-23,8.455273996114146,8.621063682312462,8.393102863789776,8.434550285339355,354300,29.31800369265865,31.382406852931855,29.676456575015305,30.88136062492554,28.3166905587684,1.16,26.5,-0.52,0.67
FE,2000-10-24,8.517446890109923,8.579618035293207,8.41382831480445,8.496723175048828,422700,29.43577644478444,31.273391633650498,29.558715871255647,30.885593227063662,28.324579748527114,1.16,22.0,-0.53,0.73
FE,2000-10-25,8.5381717017634,8.621066572654305,8.268763371367951,8.330934524536133,507100,28.75443666433449,29.581064599763486,29.154016210328216,30.969282957868167,28.309405155813323,1.17,14.0,-0.49,0.81
FE,2000-10-26,8.289489165175384,8.330936611001261,8.144423104784815,8.165146827697754,351600,29.130616856352486,29.840987795115552,29.158758577741278,31.018058310237688,28.34466326335289,1.18,15.0,-0.47,0.79
FE,2000-10-27,8.18586719834775,8.45527548588831,8.061524911790569,8.351656913757324,378100,29.939190980325396,30.009325015659172,29.350556425659764,31.072409946377277,28.430354363892913,1.18,16.0,-0.45,0.72
FE,2000-10-30,8.41382649433182,8.683234731835055,8.393102783754648,8.600339889526367,336500,31.34114858113631,30.652348340441378,29.70736510836459,31.24925066948525,28.57179612923234,1.18,34.0,-0.46,0.61
FE,2000-10-31,8.621068760968637,8.621068760968637,8.372384085171465,8.579621315002441,305700,29.777554851383396,28.128214268697256,29.672655784798035,31.251827264438365,28.57297582090661,1.18,30.0,-0.47,0.62
FE,2000-11-01,8.60033915768996,8.724681410572225,8.558891740062538,8.641786575317383,552100,29.331077268089196,28.154293085495034,29.67074203143411,31.25973276798813,28.58078731227461,1.19,30.0,-0.5,0.62
FE,2000-11-02,8.68323992991793,8.745411098867223,8.558897592019344,8.579621315002441,3415600,29.40186947911787,28.18939117919198,29.634711008166885,31.064621386827252,28.34826464947222,1.19,27.0,-0.52,0.63
FE,2000-11-03,8.663734056463289,8.705791017902431,8.411392287828436,8.453449249267578,289800,29.25589816898841,28.350190324925716,29.507916376962267,30.93948448468983,28.35059929763282,1.19,23.0,-0.5,0.68
FE,2000-11-06,8.453443784971496,8.684756923366237,8.453443784971496,8.558586120605469,335900,29.122871655207277,28.242277529690845,29.358122727833198,30.875418941506062,28.366233801720764,1.19,17.0,-0.52,0.73
FE,2000-11-07,8.516533811493675,8.621676204228166,8.348305983118491,8.495505332946777,425600,28.4547300812849,28.26105962006402,29.38185197681436,30.893027815828745,28.30334295107817,1.19,19.0,-0.53,0.71
FE,2000-11-08,8.43242380432054,8.684765663801455,8.411395316030465,8.579623222351074,268600,28.362863733316036,28.314998476871445,29.349842775062363,30.703438301967346,28.242056208023108,1.19,16.0,-0.54,0.74
FE,2000-11-09,8.684756489394665,8.789898819774747,8.642699557242633,8.76887035369873,281400,29.065727633140604,28.495007546191026,29.530421142544643,30.573718337178178,28.318984414274013,1.19,28.0,-0.57,0.68
FE,2000-11-10,8.768874211744828,8.85298811305653,8.705788785761053,8.789902687072754,330400,29.077482542742132,28.348578883076065,29.51688625951866,30.559597384001442,28.31886492646903,1.19,28.0,-0.59,0.69
FE,2000-11-13,8.831961708611223,8.979161070421409,8.810933228352624,8.874018669128418,386400,27.645894484616267,28.19552478103553,29.533620142848893,30.22782021815718,28.327432742664723,1.19,30.0,-0.62,0.69
FE,2000-11-14,8.87401671873985,8.895045194376676,8.72681738928208,8.852988243103027,495900,23.787602356131714,27.735398185411693,29.506318145029297,30.092058154592944,28.3252311457158,1.19,26.0,-0.62,0.7
FE,2000-11-15,8.852994139356412,9.021222056493826,8.852994139356412,8.979165077209473,297000,22.73142996098562,27.7740387360789,29.376336676622135,30.119212274191703,28.357220360451475,1.19,20.0,-0.66,0.75
FE,2000-11-16,9.063272020935473,9.31561370133275,9.021215074202594,9.294585227966309,547000,23.519017773606862,28.549131442068585,29.550302743623252,30.33472274498545,28.54704005006279,1.19,34.0,-0.56,0.76
FE,2000-11-17,9.231500966970286,9.42075725103118,9.21047249096352,9.399728775024414,501800,23.600081735117477,28.256393561601662,29.291230673223804,30.000122079720924,28.532853734684032,1.18,16.0,-0.45,0.84
FE,2000-11-20,9.420758166120725,9.546929034416985,9.33664425392322,9.378701210021973,560500,23.594607545935176,27.80782576249158,28.776245701076284,29.91520739123891,28.521145144515973,1.18,13.0,-0.37,1.01
FE,2000-11-21,9.399727686031445,9.399727686031445,9.210471423896584,9.336642265319824,529000,22.875900059142108,27.201203640910464,28.1280254524493,29.925464112639272,28.519558490817865,1.18,1.0,-0.38,1.18
FE,2000-11-22,9.378699212460905,9.420756159601986,9.252528371037664,9.336642265319824,208000,22.875900059142108,27.20758279213797,27.794555476239914,29.877537078957655,28.512945446039563,1.17,1.0,-0.36,1.31
FE,2000-11-24,9.378701210021973,9.46281512221948,9.21047338562696,9.378701210021973,168000,22.265529826546405,27.189752185255372,27.755743290660444,29.840277845062356,28.491384473379984,1.17,1.0,-0.35,1.34
FE,2000-11-27,9.420758447373412,9.588986276790795,9.357673011341895,9.525900840759277,465500,22.514153406537805,26.540052574180255,27.836414761803617,29.85849596060787,28.358203354410456,1.16,3.0,-0.27,1.3
FE,2000-11-28,9.5469285309706,9.841327208137095,9.504871577089673,9.610013961791992,684800,22.4278697732491,26.551471417175936,27.802481795500416,29.8537794808029,28.19135445917989,1.15,3.0,-0.17,1.32
FE,2000-11-29,9.610009852876054,9.925436872117062,9.610009852876054,9.883379936218262,698800,22.809731573235272,26.779134229311563,28.1067024746858,29.73183277858614,28.320156368041555,1.14,5.0,0.19,1.2
FE,2000-11-30,9.925437927246094,10.051608748355154,9.77823863595219,9.925437927246094,1064700,21.28882664893648,26.777110945044107,28.030354030174575,29.09202617290655,28.25019235964783,1.12,5.0,0.41,1.23
FE,2000-12-01,9.946466685338999,10.07263751010017,9.862352802164885,10.05160903930664,976500,21.294397598741405,26.85601048856484,28.0121946811236,28.835439822129484,28.273370578670985,1.1,5.0,0.66,1.26
FE,2000-12-04,10.072641647401662,10.388068838865179,10.009556209108958,10.219841003417969,811900,21.510353392701955,26.413917566665667,28.03182263712125,28.882819315204873,28.315407816712412,1.09,7.0,0.99,1.27
FE,2000-12-05,10.240867528227188,10.261896003644491,10.030582774054144,10.198810577392578,770700,21.571807494114623,26.33071988843458,27.99339807341676,28.863586078075937,28.302647172657142,1.09,5.0,1.09,1.29
FE,2000-12-06,10.0516130122901,10.261897803342194,10.03058453318489,10.135726928710938,404600,21.871839527954727,26.381970788142866,28.01534433164365,28.798815024811486,28.2875842970031,1.08,7.0,1.03,1.27
FE,2000-12-07,10.156755407816147,10.346011719763032,10.114698449605728,10.135726928710938,688500,20.576130067420202,25.940290389811143,27.989900630417687,28.798815024811486,28.26238502117099,1.07,5.0,0.92,1.28
FE,2000-12-08,10.051611077512872,10.19881040291578,9.820297851879731,10.114696502685547,477600,19.163142372847926,25.853872769069476,27.502742278113036,28.71015099732203,28.225114164041205,1.07,1.0,0.75,1.43
FE,2000-12-11,10.03058521270752,10.051613693237304,9.841328887939452,9.98852825164795,284200,19.40618004472828,25.994648303034772,27.57786412092056,28.761949228429796,28.258913575391087,1.07,2.0,0.56,1.38
FE,2000-12-12,9.90440997721986,10.282922460425715,9.90440997721986,10.15675163269043,914600,18.402960715660896,26.132829431353905,27.66864441179707,28.755932116893234,28.292691541068482,1.08,3.0,0.42,1.34
FE,2000-12-13,10.156756021890295,10.5562971490454,10.156756021890295,10.472183227539062,965300,19.608557558206215,25.667167129835537,27.9922778574861,28.905373238964422,28.43542967715395,1.09,9.0,0.43,1.24
FE,2000-12-14,10.388067030955433,10.472180934040093,10.19881074901495,10.28292465209961,411600,20.88993683609126,25.634609753313676,28.180946943484436,28.923193442769357,28.476605323057424,1.09,17.0,0.3,1.13
FE,2000-12-15,10.261893747241928,10.261893747241928,10.030580568513113,10.05160903930664,975100,22.176320092285444,26.173114581802437,28.363876984611913,29.076313842146984,28.57061809199054,1.08,21.0,0.15,1.05
FE,2000-12-18,10.135724977743106,10.177781927858222,10.051611077512872,10.114696502685547,646000,21.342504469615555,26.0192231339841,28.323146505698872,28.99513775579093,28.5588352651557,1.09,19.0,0.01,1.07
FE,2000-12-19,10.15675163269043,10.240865517847286,10.072637747533573,10.15675163269043,520700,21.261740219869193,25.71286266433911,28.315653874197565,28.937954941871485,28.557197473618817,1.09,19.0,-0.12,1.08
FE,2000-12-20,10.177784083560264,10.303954960629191,10.072641686002822,10.240869522094727,634000,20.904329039090246,25.444037933761642,28.25984914396511,28.80903220115676,28.538709277408763,1.09,18.0,-0.24,1.1
FE,2000-12-21,10.1567550186188,10.472182193110065,10.13572654031938,10.43012523651123,670000,21.173802187570622,25.571826006237288,27.207188064478892,28.858194815690197,28.58864154805375,1.1,1.0,-0.32,0.97
FE,2000-12-22,10.388065476292814,10.493207839413188,10.324980058420591,10.451150894165039,345600,20.702381529050594,25.5602516808399,27.205836059995512,28.812312490173692,28.580301845440275,1.11,1.0,-0.41,0.98
FE,2000-12-26,10.49321122449987,10.76658145680147,10.409097306868608,10.72452449798584,445100,21.462051175366796,25.981947550783435,27.368023629457284,28.937383653097037,28.683661332439442,1.12,3.0,-0.4,0.93
FE,2000-12-27,10.682467539170208,10.8086384156171,10.640410580354578,10.72452449798584,374500,21.527897957461466,25.30678270623652,27.366882724654847,28.863532024755727,28.667273333931032,1.12,3.0,-0.43,0.93
FE,2000-12-28,10.682467460632324,10.766581377645178,10.556296585113046,10.682467460632324,380700,21.58711991314058,23.029040834161176,25.581171324217728,28.637030592945955,28.672151505190907,1.14,1.0,-0.5,0.07
FE,2000-12-29,10.661434075383857,10.766576423267328,10.556291727500387,10.619377136230469,489900,21.733124671756393,22.279242173576915,25.600586627597004,27.864908420613038,28.68153088344379,1.18,2.0,-0.57,0.06
FE,2001-01-02,10.577323356939823,10.682465736233459,10.303953170776367,10.303953170776367,453000,22.327117756947445,22.735684347431153,26.10257822781996,28.096868717704996,28.705267030675387,1.21,3.0,-0.67,-0.03
FE,2001-01-03,10.32498023311297,10.61937885483106,10.07263855735461,10.093667030334473,774900,23.249538222614895,23.256443731362303,26.335007608666043,28.073272635853908,28.790306632001467,1.23,4.0,-0.75,-0.1
FE,2001-01-04,10.051612807688597,10.07264128636577,9.273559096633203,9.525900840759277,1160400,29.074859329913345,26.387905191643174,27.87746768038356,28.885541066872122,29.185665867910878,1.22,16.0,-0.78,0.58
FE,2001-01-05,9.546932084825304,9.86235935635037,9.420761176215278,9.462818145751953,748400,29.11372017960554,26.03249845785808,27.88494030129522,28.792101955162263,29.195415965125793,1.22,17.0,-0.81,0.58
FE,2001-01-08,9.378704206678602,9.58898905436198,9.336647237141928,9.462818145751953,534500,29.11372017960554,26.03249845785808,27.879008698351893,28.761805023006044,29.19227718831084,1.21,17.0,-0.83,0.58
FE,2001-01-09,9.462814203044712,9.504871155058243,9.315614870997349,9.399728775024414,319100,29.159031737396656,25.87033572940063,27.800048681836977,28.120610950779305,29.20196777442452,1.21,14.0,-0.83,0.62
FE,2001-01-10,9.210473265120461,9.441786520637185,9.210473265120461,9.3156156539917,495100,28.892331197117034,25.93744464606126,27.753863728154183,28.077827654327653,29.202431198860435,1.2,12.0,-0.83,0.65
FE,2001-01-11,9.315613655816941,9.315613655816941,8.789901824224563,8.831958770751953,839500,32.49387765649698,28.16751603937544,28.961201760187,28.683581904167184,29.700977934527067,1.19,49.0,-0.81,0.83
FE,2001-01-12,8.768872866519661,9.042243003845215,8.663730506009834,9.042243003845215,676000,32.14546693563285,28.381773883139967,28.92344747661112,28.497717923131965,29.786669490004165,1.17,49.0,-0.79,0.91
FE,2001-01-16,8.85298724401565,8.916072663806734,8.474474725269136,8.831958770751953,821300,32.60873274012779,28.427869652856447,29.1558311578448,28.583395746719138,29.87962407828765,1.16,52.0,-0.77,0.79
FE,2001-01-17,8.831962326825677,8.895047772017287,8.621677509520303,8.684762954711914,1110200,32.428274637084826,28.559534061163642,29.286771824593526,28.641233354519997,29.882790963426903,1.14,54.0,-0.75,0.71
FE,2001-01-18,8.768874797556135,9.14738737874561,8.70578936735789,9.084301948547363,782900,35.00201863931976,29.965425704580372,29.941362770155877,29.107800270763768,30.206580915665697,1.13,90.0,-0.74,0.75
FE,2001-01-19,9.105328967668353,9.336642174699188,8.916072707370397,9.294585227966309,1180400,35.8538241645214,30.29032154006247,29.898873455150525,29.209268811873685,30.284092718757783,1.12,90.0,-0.78,0.81
FE,2001-01-22,9.23150328093884,9.69412986904967,9.126360874550015,9.65207290649414,1890900,37.735456036188936,31.163717013562646,30.054486914292205,29.524991515890832,30.490245103521413,1.1,95.0,-0.81,0.8
FE,2001-01-23,9.631039523241812,9.84132422898945,9.56795411151752,9.588982582092285,1062900,37.758703022866385,30.885601026761865,30.085432802520607,29.450906623658284,30.49679634118275,1.09,96.0,-0.85,0.78
FE,2001-01-24,9.504871240968427,9.610013621952591,9.294586479000099,9.44178581237793,1429300,37.96469760370955,30.756162352846268,30.196874678524054,29.423711628627768,30.506367514347005,1.08,97.0,-0.86,0.7
FE,2001-01-25,9.44178481400013,9.5469271838665,9.252528548240662,9.420756340026855,802800,37.84002179057618,30.4804998737318,29.75571162001091,29.423185169102283,30.48207934237535,1.05,89.0,-0.87,0.8
FE,2001-01-26,9.504873974403639,9.504873974403639,9.105332811762779,9.357674598693848,383200,37.44358879712123,29.991249285264516,29.766571170569456,29.43690866239828,30.491690903190865,1.02,90.0,-0.86,0.78
FE,2001-01-29,9.356830497082411,9.568797894440841,9.34000797298521,9.484683990478516,916600,36.435826938514595,30.081554723979032,29.651434672827857,29.463789547722,30.45040590614742,1.0,80.0,-0.87,0.82
FE,2001-01-30,9.706745541957984,9.706745541957984,9.403935588078616,9.457768440246582,734100,36.159579034865416,30.07296428011988,29.652007771141026,29.381450901796747,30.452499336603324,1.0,80.0,-0.87,0.81
FE,2001-01-31,9.461125276979834,9.461125276979834,9.185231334805506,9.370282173156738,563500,35.721630109109114,30.101645465972798,29.696695857034527,29.288964283717238,30.46164982121863,1.0,85.0,-0.87,0.78
FE,2001-02-01,9.370287839426956,9.420756047045657,9.26262215871024,9.40393352508545,590200,35.674118746913834,29.912083714833887,29.33385932890028,29.282308928906343,30.460413858750957,1.0,56.0,-0.87,0.88
FE,2001-02-02,9.488046280693611,9.588982683828181,9.319818514310661,9.350099563598633,3704400,35.63078572225811,29.868508292860145,29.27912499403959,29.00410406244428,30.428069782148125,1.0,54.0,-0.88,0.88
FE,2001-02-05,9.433657380999458,9.549617068877104,9.379088192647156,9.481405258178711,921700,35.82148002607718,29.917967019909014,29.35620299535347,28.860335490651384,30.344663684026134,1.0,60.0,-0.89,0.86
FE,2001-02-06,9.481408663022705,9.481408663022705,9.338164329528809,9.338164329528809,742700,35.439394016614614,30.07172138257021,29.19381194707756,28.88936364739616,30.35049514374233,0.99,54.0,-0.89,0.88
FE,2001-02-07,9.310877799987793,9.41319553161829,9.290414513868148,9.310877799987793,762300,35.399248027994545,29.780715663198627,29.159708638602368,28.84283975840426,30.34966753325787,0.99,53.0,-0.9,0.9
FE,2001-02-08,9.443890981598804,9.580313976081406,9.344983904026321,9.5496187210083,1113600,35.362880407588236,30.19424794418242,29.40826528902033,28.960944039156704,30.437669393468404,1.0,68.0,-0.92,0.82
FE,2001-02-09,9.498460179391845,9.597366606448174,9.498460179391845,9.5496187210083,1162500,35.362880407588236,30.14759968034718,29.391655581340636,28.950418359851092,30.399455693497874,1.0,66.0,-0.93,0.84
FE,2001-02-12,9.699688548533102,9.873628185907947,9.501874958080293,9.583728790283203,1343200,35.42840076886711,30.141912202190372,28.857351732718072,28.949437149821172,30.36053130195256,1.0,45.0,-0.94,1.02
FE,2001-02-13,9.58372686433755,9.733792518477243,9.498462391613046,9.535978317260742,1239700,35.42417165287946,30.049083799785127,28.694038542957784,28.925051197850433,30.364152502887116,1.0,41.0,-0.93,1.12
FE,2001-02-14,9.549621248232306,9.631475066583766,9.481409407681259,9.525747299194336,761300,34.520213075107655,29.227248919044126,28.69518299443617,28.89784736025605,30.364784843445598,0.99,41.0,-0.93,1.11
FE,2001-02-15,9.484819697357828,9.51551495936516,9.385913247957994,9.447303771972656,241500,34.14408454641822,29.19176974385026,28.621207316608654,28.91721335756167,30.379438084814442,0.99,39.0,-0.92,1.12
FE,2001-02-16,9.532566090641533,9.651935804241216,9.505281491745013,9.5496187210083,915800,29.955295345650274,29.26921808200759,28.52598611276496,28.941218264026297,30.239065118991093,0.99,37.0,-0.91,1.2
FE,2001-02-20,9.634881185757724,9.665576434496995,9.464352315213338,9.48481559753418,412800,29.95854954267148,29.289251441277592,28.363671043484644,28.872830484676676,30.11461002611771,0.99,34.0,-0.9,1.25
FE,2001-02-21,9.430250241550727,9.819056666675236,9.430250241550727,9.559852600097656,566200,30.043715112783588,29.330728945534467,28.326509419427552,28.54681003341879,30.05451605805633,1.0,34.0,-0.9,1.27
FE,2001-02-22,9.54962317096946,9.686046229022875,9.484821974450416,9.553033828735352,610800,29.972053256138516,29.319045657932357,28.312776347149576,28.451753826925707,30.05496123482852,1.0,32.0,-0.91,1.27
FE,2001-02-23,9.634882697708981,9.655345983241018,9.211971110455547,9.368857383728027,438700,30.41216551823322,29.419038646439855,28.490161364586847,28.54347430598252,29.979322033980647,1.0,38.0,-0.9,1.16
FE,2001-02-26,9.60077657132133,9.638293136046222,9.406373736867067,9.49163818359375,478000,26.0324735280963,29.4874011047425,28.12979182214838,28.579436303849842,29.841420424716365,1.0,30.0,-0.9,1.27
FE,2001-02-27,9.491639497283975,9.720148272158886,9.447302265076692,9.542798042297363,481000,25.272693145234825,28.92009452647393,27.03731778946215,28.563350447797912,29.832650016917363,1.01,5.0,-0.89,1.36
FE,2001-02-28,9.628064457832984,9.6792230132449,9.464356820308327,9.607601165771484,552900,24.134211955091413,28.94269183650538,26.700701365247,28.560950640911358,29.588982905303585,1.02,5.0,-0.87,1.54
FE,2001-03-01,9.611013071257748,9.665582290854053,9.501874632065142,9.539390563964844,812200,23.607909631867916,28.84162224780693,26.475076550510586,28.54350817386262,29.497771472567653,1.03,5.0,-0.83,1.68
FE,2001-03-02,9.686037454868865,9.686037454868865,9.41319158592107,9.498456001281738,688900,20.072601670396082,28.61808224919055,26.489269151703727,28.41493543950061,29.49967396694258,1.05,6.0,-0.79,1.66
FE,2001-03-05,9.498461443532555,9.611010510274264,9.447302895107459,9.546209335327148,538800,19.059866412169107,28.645929209823507,26.489044629035284,28.302633227571718,29.479481199885704,1.07,6.0,-0.75,1.67
FE,2001-03-06,9.631472443254903,9.631472443254903,9.382500398933972,9.45753288269043,486200,15.746138734090179,28.676882855906484,26.27937713933867,28.327310589266734,29.250250684477646,1.09,4.0,-0.71,1.75
FE,2001-03-07,9.37568104805303,9.662169719444517,9.37568104805303,9.566673278808594,698300,16.025886199429447,28.79278262323276,26.331351921639012,28.312083478285306,29.204503482466542,1.11,5.0,-0.67,1.73
FE,2001-03-08,9.638296109685864,9.686044006418998,9.518925717336732,9.60077953338623,541200,15.373428567393727,28.806631604069377,26.212511471102562,28.305158841210233,29.20429015726843,1.13,4.0,-0.62,1.82
FE,2001-03-09,9.583724612065307,9.583724612065307,9.416606362861714,9.53256607055664,406200,15.515565704192067,28.734049188554984,26.228190340092496,28.312440407625544,29.179022865611266,1.15,5.0,-0.56,1.8
FE,2001-03-12,9.614418223988975,9.614418223988975,9.46435263076213,9.481405258178711,489500,15.467070287149589,28.515828140604803,26.18897283809854,28.31341248598827,29.163047720026768,1.17,4.0,-0.51,1.81
FE,2001-03-13,9.481408063277616,9.542798580965506,9.355217021822492,9.420018196105957,447800,15.082021198965728,27.75593596772574,26.098289577588734,28.308857368487246,29.16200616454439,1.19,3.0,-0.44,1.87
FE,2001-03-14,9.276771801347705,9.327930337831663,9.072137004895783,9.198328018188477,673400,16.551288731876333,27.920370791017334,26.13500717643281,28.339290304378835,29.262678889306876,1.2,5.0,-0.39,1.86
FE,2001-03-15,9.208565442795058,9.379094432476448,9.174459514755487,9.34839916229248,424300,17.071141393675717,27.815878680398566,26.183474774206257,28.229017321128612,29.087679074127,1.22,6.0,-0.33,1.83
FE,2001-03-16,9.038033617159273,9.348396228952497,9.038033617159273,9.249489784240723,731200,17.30202731470112,27.837670857287968,26.241741009740053,28.078873031837855,28.63036858691535,1.23,10.0,-0.26,1.77
FE,2001-03-19,9.276775940674106,9.348397793606328,9.085783031822102,9.160816192626953,888300,17.439682571796524,27.8616987446618,26.29486204297668,27.820051103940536,28.46044483973258,1.24,12.0,-0.2,1.73
FE,2001-03-20,9.174455599685517,9.276773340141576,9.02097996477572,9.11988639831543,700600,16.906197648197722,27.78920672858809,26.287236203918518,27.466587573711,28.466191409844853,1.24,12.0,-0.15,1.73
FE,2001-03-21,9.034618480012467,9.413192738742408,9.02779716982441,9.126704216003418,810300,16.38868283819968,27.474043377883728,26.08267593927367,27.26370794999512,28.4439322011741,1.26,3.0,-0.11,1.87
FE,2001-03-22,9.208563936626222,9.276775781548517,8.642407835526809,8.829989433288574,1135100,18.871699248174885,28.173868225934623,26.426981566253044,27.538387637721073,28.600073112983214,1.27,17.0,-0.19,1.76
FE,2001-03-23,8.744723085432689,8.918662667384455,8.56055218428838,8.867504119873047,794700,17.153438185647136,27.57801232958834,26.20122336650982,27.536354051225675,28.601202928770707,1.28,9.0,-0.21,1.88
FE,2001-03-26,8.86750527347627,9.22902646017343,8.816346719309477,9.20515251159668,554600,20.678283647484726,28.797861855178986,26.455162865367,27.83955976950314,28.752054346602513,1.28,19.0,-0.16,1.85
FE,2001-03-27,9.229025878747253,9.362038891820703,9.229025878747253,9.293827056884766,464300,20.872230324077222,28.903164130284058,26.48802228196502,27.854279599613296,28.759606369252204,1.28,21.0,-0.1,1.83
FE,2001-03-28,9.314292564718677,9.392736388725899,9.0243931729957,9.27336597442627,984100,20.841741292590676,28.893412571717565,26.47212178278067,27.80382638910437,28.72771132110937,1.28,20.0,-0.04,1.84
FE,2001-03-29,9.293831205748697,9.430254286004999,9.08237494346401,9.382506370544434,561900,21.160534604030037,28.437171328237483,26.498315610943905,27.80363968322286,28.710867515235204,1.28,25.0,0.02,1.84
FE,2001-03-30,9.413195703496836,9.549618697645688,9.327931250839285,9.522334098815918,595300,21.478506735740694,28.34943764794911,26.46832952850141,27.82071003874328,28.671649952316514,1.28,20.0,0.04,1.88
FE,2001-04-02,9.464354268142156,9.665578428947551,9.409785070349114,9.5496187210083,1207600,21.26349145647424,25.75453804960549,26.409178683768342,27.802068912546464,28.671558259079465,1.29,18.0,0.09,1.91
FE,2001-04-03,9.549619991957652,9.624652486280047,9.242668050890833,9.546209335327148,677000,21.165957367596494,25.7170316280184,26.375169648924405,27.79118763431573,28.60481257695723,1.29,18.0,0.1,1.95
FE,2001-04-04,9.583722974226303,9.686040039757856,9.450710008416037,9.481405258178711,1093200,21.13190733959989,25.756543252969678,26.36812724399086,27.784803382230383,28.569501582016326,1.29,18.0,0.13,1.94
FE,2001-04-05,9.481406898508926,9.600777262624758,9.321109961306385,9.5496187210083,736000,21.240884597406545,25.75864483746929,26.175560764016105,27.497854624667323,28.468522793385244,1.29,7.0,0.19,2.04
FE,2001-04-06,9.46435345474791,9.546207244402716,9.140348301496047,9.344983100891113,544400,21.424235711981417,26.081973756752774,26.416947077487468,27.617677293311083,28.55190471514939,1.29,22.0,0.24,1.87
FE,2001-04-09,9.38249634434996,9.641700245108298,9.30405323834195,9.498456001281738,628800,21.618105832474615,23.799852628911964,26.496754351671143,27.676735999099357,28.563837925907098,1.28,31.0,0.3,1.83
FE,2001-04-10,9.549618235805578,9.941834568958656,9.549618235805578,9.720147132873535,899200,22.585512386845476,23.781649674688982,26.72897947989626,27.7843631328961,28.63779894881469,1.28,34.0,0.34,1.71
FE,2001-04-11,9.63488604497814,9.63488604497814,9.365449981384003,9.512104988098145,747300,23.39859732842922,23.70050224188443,26.881817894908806,27.908203313671265,28.668254053601792,1.27,35.0,0.4,1.61
FE,2001-04-12,9.546209335327148,9.631473799541055,9.440481581846448,9.546209335327148,772300,23.334173290781994,23.403999874284185,26.330237678241797,27.86524255073393,28.488520065567425,1.27,17.0,0.41,1.8
FE,2001-04-16,9.460947154459522,9.750846532855636,9.460947154459522,9.70650863647461,384200,23.782666387392858,21.827235495037307,26.401482373738833,27.894011369115386,27.951729804251435,1.26,22.0,0.4,1.76
FE,2001-04-17,9.638296866020553,10.02710268539505,9.638296866020553,9.822467803955078,952100,23.972643193745284,21.471761619527506,26.461652253724615,27.921122380861334,27.960144003608384,1.26,27.0,0.37,1.73
FE,2001-04-18,9.95889010799699,9.95889010799699,9.515514484737654,9.679222106933594,1068800,24.221388797056566,20.28753835458143,26.5595927684662,27.933745955126938,27.894091347821536,1.27,36.0,0.37,1.66
FE,2001-04-19,9.72014332591453,9.788355118232555,9.460939425828238,9.730375289916992,952600,24.049344006158684,20.267882969548666,26.570950237432356,27.254068940948084,27.861175849901276,1.27,37.0,0.36,1.65
FE,2001-04-20,9.8224650589357,9.863392283992576,9.481407235354375,9.573493003845215,1028000,24.516099972790055,20.294487551352105,26.693689948127957,27.32658872904604,27.83533340692817,1.28,38.0,0.37,1.56
FE,2001-04-23,9.686040304886935,9.849747874424887,9.634881770720831,9.757662773132324,615000,25.03233157597219,20.649929322286674,26.750371017540626,27.345542067027793,27.873721939557182,1.28,41.0,0.35,1.53
FE,2001-04-24,9.795182986642184,10.12942023439155,9.795182986642184,10.037334442138672,1769500,26.185233507666684,21.353655964608347,27.085184131996876,27.541874296482387,27.529481486877057,1.28,44.0,0.27,1.4
FE,2001-04-25,10.180576252679597,10.1908075711458,9.999815370421226,10.078258514404297,1371900,26.069682608519035,21.208475043616843,26.7280241222684,26.609844085695194,27.48411889906353,1.28,40.0,0.22,1.55
FE,2001-04-26,10.081670744439712,10.122597976241643,9.924784431984254,10.064618110656738,1801700,24.904876197595076,21.199120125085283,26.721202458975725,26.606898348086972,27.40731341282629,1.29,40.0,0.19,1.55
FE,2001-04-27,10.146473291113198,10.248790408632162,10.061208809675271,10.235148429870605,943000,24.93394072584042,21.330166367314664,26.77896125682916,26.6677821973931,27.21133180016461,1.29,44.0,0.14,1.52
FE,2001-04-30,10.248788573381168,10.453423422291493,10.231735940353746,10.334053039550781,1007800,24.659387960270568,21.391427429616066,26.692807674369334,26.68038999698635,27.181052015270442,1.29,38.0,0.12,1.56
FE,2001-05-01,10.265842454176282,10.443192710250955,10.197630617065625,10.2828950881958,986500,24.476494236094826,21.380654165187675,26.702793082563623,26.62156342556169,27.174657553128824,1.29,41.0,0.1,1.55
FE,2001-05-02,10.265842100546978,10.279484077189409,10.163524348405552,10.231736183166504,1268900,24.492005514188715,21.26491233589329,26.696197675802857,26.619807153123165,27.168137069750774,1.29,40.0,0.08,1.56
FE,2001-05-03,10.219646587191201,10.30944416874102,10.050412911530193,10.174747467041016,705000,24.62975278154681,21.03615864895323,26.71141938621154,26.6274907014248,27.16244805759578,1.3,43.0,0.07,1.54
FE,2001-05-04,10.188563747973284,10.354343610179141,10.112581475816585,10.34743595123291,423500,22.30912544413243,21.249962837214113,26.84160898971501,26.631338792994676,27.201880259804952,1.3,49.0,0.03,1.48
FE,2001-05-07,10.378521932661934,10.381975762858834,10.209288205518364,10.2921781539917,556400,22.520526640060005,20.720696825590025,26.778623479561176,26.588536380189876,27.141571221986982,1.3,48.0,-0.04,1.53
FE,2001-05-08,10.257640100626459,10.257640100626459,10.067683412095933,10.147119522094727,613700,20.979370089233672,20.960026140925855,26.746047687707904,26.580140484563273,27.11290621343157,1.3,47.0,-0.04,1.52
FE,2001-05-09,10.0607756151348,10.171296192158392,10.019330975157793,10.105674743652344,802100,20.99479960642444,20.978920634693704,26.299147126692024,26.428207189811793,27.115329626353173,1.31,17.0,0.01,1.69
FE,2001-05-10,10.188563411143745,10.188563411143745,10.053867359898305,10.122941970825195,491000,20.944472199176843,20.94363826816678,26.144084874399187,26.405524802640418,27.11527137164716,1.31,7.0,0.05,1.8
FE,2001-05-11,10.084952803441167,10.292177328631174,10.084952803441167,10.264547348022461,304700,21.033712893166552,21.104432776379653,25.98459962143325,26.443057193368695,27.13790061215851,1.32,3.0,0.0,1.92
FE,2001-05-14,10.223099415898929,10.447593018429128,10.223099415898929,10.34398078918457,619900,20.78718401795994,21.05074460530063,25.994222120729166,26.346509862324414,27.079346068394035,1.32,4.0,-0.04,1.92
FE,2001-05-15,10.274908389368534,10.309446028309823,10.192018451159843,10.240370750427246,423500,21.11673586942214,21.09235775464353,26.03750758437663,26.239162889447943,27.011973915903305,1.33,5.0,-0.06,1.87
FE,2001-05-16,10.274907673828668,10.28872299194336,10.084951661006036,10.28872299194336,513700,21.111822517111055,21.038422238842156,26.015314977757697,25.989441442733757,27.007803032294863,1.33,5.0,-0.07,1.88
FE,2001-05-17,10.216192931078524,10.39578809722,10.174747639372583,10.202378273010254,583100,21.178825061393418,21.087819137527458,25.8834028930703,26.015588764741143,26.800206883960048,1.34,3.0,-0.04,1.94
FE,2001-05-18,10.188559947926851,10.302533643028221,10.136753842653569,10.143661499023438,709400,21.259843540993522,21.13167095280893,25.895798335632055,26.01820454415576,26.66663057510153,1.35,4.0,-0.0,1.93
FE,2001-05-21,10.185108881161408,10.230008000988386,10.095311300258004,10.154025077819824,1369000,20.04687839895253,20.69676190680897,25.556097925184044,25.72659711588376,26.640488253848417,1.36,1.0,-0.08,2.1
FE,2001-05-22,10.119492375935716,10.219651493004271,10.03660241288805,10.16439151763916,317200,19.636162628008417,20.55315629462876,25.557166818617645,25.715459871218744,26.602656114544963,1.37,2.0,-0.2,2.1
FE,2001-05-23,10.102224696709547,10.371617592438799,10.102224696709547,10.316357612609863,879500,19.013063766346555,20.727227219883602,25.66718809996744,25.651214071552552,26.616958016921515,1.37,4.0,-0.35,2.04
FE,2001-05-24,10.319804634160999,10.561567395881017,10.292174660714469,10.361249923706055,3401300,17.6506496583597,20.705841647198238,25.66216580747453,25.650158829685704,26.610999359595212,1.37,3.0,-0.47,2.05
FE,2001-05-25,10.447599411010742,10.533943207795955,10.337079456525812,10.447599411010742,1460300,17.720466663234728,20.680372728029923,25.244057305255474,25.663829921784785,26.618935854710735,1.38,1.0,-0.44,2.31
FE,2001-05-29,10.447599411010742,10.492497895488661,10.295634144218518,10.447599411010742,968500,17.257434640238678,20.64746922872174,25.023720873489186,25.433867271388426,26.594272047156764,1.39,1.0,-0.44,2.49
FE,2001-05-30,10.37851460697842,10.589193489026162,10.37851460697842,10.495942115783691,1088700,17.039869854390716,20.644805735378387,23.22331075550614,25.394038077366922,26.574457795823015,1.45,1.0,-0.5,1.83
FE,2001-05-31,10.447595914589861,10.606468131305617,10.413058275684058,10.585745811462402,1168600,16.35337784765585,20.565763183153393,23.22151786299311,25.40929438825757,26.584730430360775,1.51,1.0,-0.52,1.83
FE,2001-06-01,10.634099203392287,10.654821524081147,10.309446438430223,10.627191543579102,752800,16.341581615009197,20.47322547279828,23.22499945037025,25.246220552584575,26.586117210042186,1.56,3.0,-0.54,1.83
FE,2001-06-04,10.627187645008203,10.772245154117448,10.627187645008203,10.723892211914062,1082700,15.376438932075114,20.524909539842685,23.2240537691071,25.236700389866595,26.532488558326765,1.6,3.0,-0.52,1.83
FE,2001-06-05,10.723893838594643,10.741162984411957,10.551206332924838,10.623735427856445,1668700,15.129027633476893,20.57212662961222,23.22859705807451,25.25435697559189,26.289723983854596,1.65,5.0,-0.56,1.83
FE,2001-06-06,10.53738772232381,10.57883233923789,10.395784073491804,10.43032169342041,1516500,14.33544735751496,20.935114697026165,21.75218845142174,25.345022491707937,26.28901044860093,1.72,1.0,-0.63,0.69
FE,2001-06-07,10.430325730629415,10.499400338472647,10.050413081864662,10.09876537322998,2655600,17.29182455918972,22.001802942183993,22.126038419802835,25.30609426778253,26.491478985247706,1.78,2.0,-0.64,0.79
FE,2001-06-08,10.102217787782239,10.361249013109989,10.084949302927244,10.312896728515625,778100,18.31380688311677,21.74378486235143,21.99239908100581,25.306334776459284,26.567152291482348,1.83,2.0,-0.7,0.78
FE,2001-06-11,10.274907752268826,10.620282802765258,10.274907752268826,10.568476676940918,944300,19.018064106969966,22.040931990815103,22.091583761319473,25.457658145171873,26.655186485185645,1.87,3.0,-0.86,0.71
FE,2001-06-12,10.879311901074235,11.01746176171873,10.585743035485624,10.710078239440918,2056400,19.1916211847894,21.998772348553366,21.070411137460038,25.43140809176882,26.67548724816718,1.93,1.0,-0.87,0.37
FE,2001-06-13,10.741162040429742,10.931118016472109,10.658272124043046,10.710078239440918,1269100,19.107048979940984,21.861051173434326,20.79463485733533,25.34295631029036,26.65124811095496,1.99,1.0,-0.88,0.49
FE,2001-06-14,10.71007700195254,10.76879076828622,10.41305434182328,10.457953453063965,2223600,20.38739255004691,22.47944225324476,20.34905407370903,25.400153563182883,26.66303927190435,2.06,1.0,-0.95,0.28
FE,2001-06-15,10.413056531543317,10.95874902685179,10.413056531543317,10.644457817077637,1240000,20.870371129757167,22.6967722407381,20.489119456200402,25.44182216412723,26.628145483312483,2.11,2.0,-1.0,0.22
FE,2001-06-18,10.644462995549443,10.827512079017191,10.589203019172551,10.754982948303223,521300,20.537984827480372,21.498921005575454,20.36879088844796,25.457855083128283,26.64407057754275,2.16,2.0,-1.02,0.28
FE,2001-06-19,10.70662870576627,10.969113875667405,10.70662870576627,10.927668571472168,884900,20.863611177415727,21.653952439939076,20.492237830407273,25.5166729891099,26.65109247666288,2.21,4.0,-0.97,0.23
FE,2001-06-20,10.927668932011553,11.072727172105445,10.896585117527259,11.01746654510498,1109200,20.356441603478345,20.498309996010384,20.476948129281585,25.27574341744306,26.653118250424324,2.26,3.0,-0.9,0.24
FE,2001-06-21,10.948390331501479,11.00710412162312,10.70662751129455,10.91385269165039,947200,20.57080366852942,20.6077967752947,20.46274710852261,24.617513284887384,26.66713516967645,2.3,3.0,-0.91,0.24
FE,2001-06-22,10.913848428217506,11.024368305566473,10.741160955172134,10.872403144836426,893600,20.652643291526484,20.626601462655014,20.46840484040749,24.406893346123358,26.664472855017372,2.34,4.0,-0.94,0.23
FE,2001-06-25,10.758436609375288,10.931124197515343,10.672092815305259,10.675546646118164,638100,21.19165034827666,20.976613213363308,20.63667275197903,24.360232875804027,26.72095544836852,2.37,8.0,-0.99,0.17
FE,2001-06-26,10.678996099287959,10.910397398887284,10.585744681818692,10.851683616638184,1010400,21.56402227768311,21.019489018414735,20.771897670303016,24.424332391413017,26.67667068755138,2.39,9.0,-1.02,0.11
FE,2001-06-27,10.775703670425198,11.00019735965265,10.765342179999042,10.96220588684082,608500,21.40874541077048,21.082324865854904,20.785215080072213,24.441419444864156,26.55917616321421,2.42,10.0,-1.02,0.12
FE,2001-06-28,10.896581838209112,11.121076132756684,10.896581838209112,11.09689998626709,795700,21.592653483030606,21.171863985802876,20.760796667089153,24.32151552307499,26.448189240222263,2.44,9.0,-1.0,0.13
FE,2001-06-29,11.096900827719715,11.12107697604253,10.982926427768206,11.107261657714844,979000,21.349290018690407,21.0855598124368,20.58576307713977,24.320986796215855,26.224930761132747,2.46,8.0,-0.98,0.21
FE,2001-07-02,11.103809045131161,11.221236621817667,11.052002257548368,11.20742130279541,766400,21.260511039042555,21.105404892959527,20.603873338113594,24.261567617673744,25.955444236850184,2.48,9.0,-0.94,0.21
FE,2001-07-03,11.217785607569517,11.345574054349381,11.190156278469269,11.311037063598633,616200,21.315662167421515,20.525636617850747,20.293201794655317,24.268780870453686,25.82028099230127,2.5,1.0,-0.89,0.28
FE,2001-07-05,11.259225506136918,11.311032287891093,11.138344772045428,11.224688529968262,582900,21.554119354200356,20.459214523717904,20.345867938351013,24.260809500010367,25.819710128237546,2.52,2.0,-0.9,0.25
FE,2001-07-06,11.22469010295679,11.311033872979536,11.138346332934047,11.190153121948242,453800,21.345709707664756,20.049452879385242,20.357015742328002,24.191862936615884,25.820855074674586,2.54,4.0,-0.92,0.23
FE,2001-07-09,11.276496828582431,11.324849128723146,11.203967060869994,11.324849128723145,771600,21.5100611225154,19.507976475430805,20.39622450239298,24.056458387815788,25.81668204045578,2.56,6.0,-0.92,0.23
FE,2001-07-10,11.259225506136918,11.345569264059751,11.179789406948055,11.224688529968262,967600,21.71524750407223,19.65627992859481,20.46102578473411,24.055271829146008,25.834409566597117,2.57,7.0,-0.94,0.18
FE,2001-07-11,11.293769632029694,11.321398963732463,11.017469068741718,11.052006721496582,908500,22.320083447957686,19.785618958131433,20.582093715716585,24.136999218729112,25.851427976669633,2.58,13.0,-0.98,0.13
FE,2001-07-12,10.965658511370119,10.972566170894764,10.86204625350311,10.931120872497559,1175500,22.610312718324447,19.86123058510077,20.624404908852387,24.181669606257792,25.855415639695618,2.59,16.0,-1.02,0.1
FE,2001-07-13,10.879317531193893,10.882771361841197,10.637554655889248,10.699722290039062,969600,23.433899960974337,20.144288863689805,20.899473402806237,24.321589541479405,25.929082012086514,2.6,22.0,-1.03,0.02
FE,2001-07-16,10.703172434482152,10.844776148498728,10.68935777540158,10.758432388305664,797200,23.45887160328228,20.145866429170294,20.88338631306431,24.197880301048073,25.91710472549383,2.6,22.0,-1.05,0.02
FE,2001-07-17,10.775705933507718,10.803335921696162,10.675546814605303,10.754982948303223,1365700,23.315439308799007,19.801932715551978,20.882572156036733,24.06301692445827,25.90931107613816,2.6,22.0,-1.06,0.03
FE,2001-07-18,10.741161228689647,10.792967340172384,10.658271318567175,10.768791198730469,1322500,23.142884532887255,19.478153179448032,20.618321599660323,23.932264128487553,25.89344571580206,2.6,16.0,-1.06,0.13
FE,2001-07-19,10.7791562911605,10.844777743005718,10.720443157997215,10.79297161102295,2182600,22.446472589137446,18.672864798645875,20.534425302087335,23.700710234593718,25.669883030724105,2.61,13.0,-1.07,0.17
FE,2001-07-20,10.772246555883074,10.810237358360972,10.627189027897854,10.765338897705078,1618300,20.131674321540224,18.678959070873667,20.532842287767977,23.701047795199674,25.665461626502683,2.62,13.0,-1.07,0.16
FE,2001-07-23,10.723894418662908,10.727348248013193,10.430326170145229,10.620282173156738,1626800,19.807979561852886,18.91365135984925,20.64603815327837,23.755017913383952,25.704665834853575,2.64,21.0,-1.06,0.1
FE,2001-07-24,10.585739994973673,10.585739994973673,10.361246453563199,10.43032169342041,1497700,19.25053299630957,19.0101026264256,20.827514103491353,23.84309269294987,25.761418945648046,2.65,26.0,-1.03,0.03
FE,2001-07-25,10.385426777376258,10.44759438656417,10.29217536359439,10.416510581970215,2065100,18.804428069814733,18.913431107920037,20.813980997397536,23.76975669371398,25.759258209467458,2.67,26.0,-1.0,0.04
FE,2001-07-26,10.430325848549534,10.46831665273012,10.361250581174808,10.464862823486328,1635500,18.87203638344293,18.9052354921247,20.812149559959366,23.73605264376957,25.72659977786066,2.68,26.0,-0.97,0.04
FE,2001-07-27,10.51667453189612,10.533943027457173,10.309449291409083,10.437237739562988,819200,17.578084133481482,18.883363177691958,20.75529127121797,23.718701079617514,25.7032718315019,2.69,22.0,-0.92,0.08
FE,2001-07-30,10.444143412274766,10.551209513615252,10.278363514957093,10.502857208251953,1078200,16.87431224876713,18.88097164928747,20.704714325575967,23.703956284727276,25.706463597480806,2.7,22.0,-0.89,0.1
FE,2001-07-31,10.499401976693637,10.502855806437283,10.309445952047717,10.478679656982422,781100,16.5677120389401,18.580206749983972,20.706712731362227,23.578982639431697,25.67090465510131,2.72,23.0,-0.85,0.09
FE,2001-08-01,10.49940204357323,10.637551940445771,10.40960444591841,10.585745811462402,1245800,16.13864803868368,18.65377689694694,20.71853514891871,23.603416086670098,25.16032144383273,2.73,24.0,-0.8,0.1
FE,2001-08-02,10.551208353935579,10.630645122409673,10.495948394236624,10.596107482910156,1040400,15.913571429244769,18.401829280745996,20.692880999437392,23.581783398445825,25.160223119296642,2.74,22.0,-0.75,0.12
FE,2001-08-03,10.603015837954237,10.675544292784355,10.506310572763354,10.651368141174316,2549500,15.827898345523614,18.396551213189607,20.666720439583646,23.583628684719145,25.111597202024917,2.74,22.0,-0.69,0.14
FE,2001-08-06,10.585749449930695,10.589203280883472,10.368163369912935,10.381978034973145,524700,17.373366931203677,19.179460709235844,20.724192131435633,23.740961898478417,25.248810962935504,2.75,27.0,-0.6,0.15
FE,2001-08-07,10.40470470422897,10.60755270203189,10.40470470422897,10.562087059020996,2747400,17.44615019107214,19.29035045546937,20.74349723246291,23.48162852986586,24.58070896139908,2.76,28.0,-0.52,0.14
FE,2001-08-08,10.565585795345598,10.565585795345598,10.401209157825184,10.408204078674316,742400,17.178558249236968,19.476488073796304,20.812077730203114,23.51815893796239,24.626868003633234,2.76,34.0,-0.42,0.11
FE,2001-08-09,10.369729556762104,10.579572449505573,10.35923784572184,10.474651336669922,544600,16.992553264933836,19.400974085805025,20.755361097572152,23.525738919817968,24.62981122695004,2.76,30.0,-0.33,0.15
FE,2001-08-10,10.492141403880069,10.701984365372146,10.404706892181068,10.639031410217285,1203600,17.254248953853267,19.63090398202812,20.856081840883178,23.584127603457038,24.669062550418104,2.76,39.0,-0.24,0.12
FE,2001-08-13,10.667008355061727,10.674003274736156,10.495636825471701,10.523615837097168,375300,17.45495606487388,19.685891382638346,20.94922422101611,23.624130326685773,24.643144980465355,2.76,43.0,-0.15,0.07
FE,2001-08-14,10.492138472998572,10.57957296027356,10.404703985723584,10.506128311157227,574500,17.153948756467415,19.64780375899792,20.214065863693662,23.621312014092073,24.63616155486081,2.77,1.0,-0.25,0.0
FE,2001-08-15,10.492141909033073,10.58657134631175,10.352246816993782,10.446676254272461,516900,16.837060233581436,19.68933589086761,20.24408351736834,23.56581068740592,24.64149216126318,2.77,2.0,-0.43,-0.02
FE,2001-08-16,10.481649500121842,10.562089761526696,10.369733426777161,10.527115821838379,344000,17.02576734313043,19.744315837481352,19.44289891625622,23.560640803461506,24.60485156757881,2.78,1.0,-0.4,-0.27
FE,2001-08-17,10.520120836592595,10.555094776068499,10.45367041829562,10.544602394104004,669500,17.05837497462053,19.52136068748306,19.398000876698934,23.332134035499244,24.564645181044696,2.79,1.0,-0.35,-0.26
FE,2001-08-20,10.667011901334114,10.75444642511554,10.618048781479708,10.740456581115723,370100,17.608937855032618,19.853599269199123,19.579254605285758,23.425278320666116,24.57240675752029,2.8,3.0,-0.34,-0.3
FE,2001-08-21,10.736958464522017,10.754445100295165,10.667010587284635,10.674005508422852,631400,17.531824763092775,19.835854437750246,19.54738203486803,23.393254602889215,24.46187036777359,2.8,3.0,-0.29,-0.3
FE,2001-08-22,10.719471838691446,10.736959142641444,10.600560840121213,10.667011260986328,693000,17.035370890681243,19.8368136016379,19.4292114996203,23.31331539908025,24.44574175009806,2.8,2.0,-0.2,-0.27
FE,2001-08-23,10.687994563398513,10.771931614895735,10.649523831715864,10.701984405517578,1063800,16.821573179009018,19.82637103830472,19.430253319243093,23.314455251137968,24.443257418667837,2.8,3.0,-0.11,-0.27
FE,2001-08-24,10.684498481450193,10.806906947496364,10.663514382636484,10.750948905944824,750800,15.691699265427115,19.773040291280388,19.436313373957336,23.307188019293264,24.365408998887393,2.8,4.0,-0.02,-0.27
FE,2001-08-27,10.789417898290088,11.051721409591766,10.771930597293249,11.01674747467041,2792800,17.143320859800816,20.37265538458414,19.7391429869663,23.480851234882337,24.36635124556517,2.8,8.0,0.02,-0.28
FE,2001-08-28,11.02024439775379,11.22658920288086,11.02024439775379,11.22658920288086,2956000,17.91973623209892,20.644013785305145,19.911280868182814,23.5795316067583,24.233982378076718,2.79,9.0,0.06,-0.33
FE,2001-08-29,11.226597040406475,11.331519580377698,11.19162374984641,11.314031600952148,1955400,18.013145798531205,20.582964835468303,19.58070584022817,23.542727593718705,24.241981904324263,2.79,8.0,-0.06,-0.24
FE,2001-08-30,11.29653593356428,11.471404914994514,11.29653593356428,11.425938606262207,1455700,18.168997376002984,20.255402849361694,19.486725614067257,23.4909960478958,24.248053643260068,2.78,6.0,-0.06,-0.21
FE,2001-08-31,11.42594679925123,11.54136105014245,11.359497018951847,11.502889633178711,1206000,18.169886130380846,19.01278548940926,19.20418161854999,23.23118403838925,24.032685227412877,2.77,1.0,0.01,-0.16
FE,2001-09-04,11.50288511442122,11.69873891741375,11.471408634192864,11.590319633483887,1146600,17.599030552581123,18.641047781744867,18.857988035515845,23.138308396998116,24.032762521605388,2.76,1.0,0.03,-0.07
FE,2001-09-05,11.590316611465724,11.590316611465724,11.45741580358199,11.548348426818848,1080900,16.57283961802299,18.071099357405437,18.87708784339055,22.975907442019164,23.950804892566047,2.75,2.0,-0.02,-0.09
FE,2001-09-06,11.541355020567172,11.71622403603031,11.453920512835602,11.562339782714844,1448600,16.52632390210373,17.902073594017565,18.72856467189039,22.966702365073967,23.947997564845164,2.75,1.0,-0.02,-0.04
FE,2001-09-07,11.562340279700038,11.698737904160925,11.506382245712372,11.593816757202148,934000,16.524030211821696,17.902466313588928,18.6588210336652,22.964339209931968,23.948158217688945,2.74,1.0,-0.01,-0.01
FE,2001-09-10,11.558843313731062,11.558843313731062,11.355995920444814,11.474906921386719,1275900,16.913054241763643,17.295753643377605,18.57386830039105,22.9838339754924,23.801127596839606,2.73,1.0,-0.09,0.02
FE,2001-09-17,11.562340000307172,11.562340000307172,11.121669325926018,11.36298942565918,1214900,17.293370105337573,17.117043854088504,18.65407675147536,22.92000910545181,23.793028507798137,2.72,2.0,-0.18,-0.03
FE,2001-09-18,11.279058383293469,11.30004315825245,11.107686723565028,11.296545028686523,2540100,17.411904427197843,17.06528749452581,18.473683415275485,22.931520624521887,23.802353418784772,2.7,1.0,-0.41,0.04
FE,2001-09-19,11.28954079635599,11.681248267784959,11.275552292061288,11.62878704071045,3360100,18.920552565609093,17.7549997854519,18.7765975189914,22.983863587947052,23.842853492563172,2.68,6.0,-0.49,0.1
FE,2001-09-20,11.628786606005784,12.100932295449022,11.628786606005784,12.04847240447998,2631200,21.093161527651137,19.05582381403272,19.067626773398107,23.353951703156614,24.069092806193858,2.64,9.0,-0.06,0.3
FE,2001-09-21,11.891090731695336,12.149897411114615,11.541352768998415,11.733708381652832,2265000,22.893855243184813,19.778879422252828,19.585527986553895,23.56747895881144,24.218478118186894,2.6,20.0,-0.11,0.23
FE,2001-09-24,11.716219902038574,11.803654378919457,11.62878542515769,11.716219902038574,1496600,21.262325916670104,19.75951109500322,19.586052757620102,23.55624773362346,24.21041081586481,2.56,21.0,-0.19,0.23
FE,2001-09-25,11.891097952801495,11.908584594726562,11.681255581410161,11.908584594726562,2590500,21.214722828727727,19.56983139900752,19.57596798804583,23.344123605667363,23.996095565586987,2.52,18.0,-0.18,0.24
FE,2001-09-26,11.786175958747123,11.93306534181755,11.716228061698992,11.873610496520996,2549400,20.58014441610055,19.355844866698384,19.545142144596507,23.209043921800575,23.91261120780701,2.48,17.0,-0.23,0.25
FE,2001-09-27,11.76868580862913,12.142905411978356,11.698737932439277,12.1044340133667,2397100,21.021852047141707,19.618060222778542,19.722075441563472,22.23212490185019,23.97976166448467,2.43,24.0,-0.14,0.19
FE,2001-09-28,12.12891636876977,12.688496746855227,12.11492652578142,12.573083877563477,4268400,22.934786392303526,20.88109853964035,20.518751930707783,22.63033689490376,24.209712616062966,2.37,41.0,0.55,0.35
FE,2001-10-01,12.450675289995921,12.503136536394003,12.33176428775253,12.457670211791992,1211100,22.834541829876528,21.0082762195139,20.56132073984846,22.66567185364872,24.16475943654426,2.31,44.0,0.7,0.33
FE,2001-10-02,12.457671162049905,12.730467796325684,12.415702962217102,12.730467796325684,877200,23.185708806914807,21.348548867940277,20.663933562648364,22.76897660919957,24.16648226446579,2.25,52.0,1.04,0.3
FE,2001-10-03,12.726967986153886,12.933313498100995,12.590570354114158,12.898340225219727,1348000,22.973535693116993,21.418581003064972,20.70272819346585,22.773202167113542,24.170190247453153,2.18,55.0,1.36,0.28
FE,2001-10-04,12.905333191883336,12.929814746021028,12.555595179465302,12.8353853225708,1000200,23.230086767542225,21.371625302007523,20.566791543354395,21.824069698439693,24.173493535593384,2.11,45.0,1.38,0.34
FE,2001-10-05,12.852871956362776,12.92281982567531,12.800410720842214,12.8353853225708,967300,23.26576357127959,21.348202695121646,20.544405463397464,21.6755122682921,24.17183212115271,2.04,44.0,1.31,0.35
FE,2001-10-08,12.810905843032966,12.810905843032966,12.56608892786573,12.653523445129395,824300,23.74192798222328,21.516558188169114,20.71380679714841,21.549610024579323,24.034680588285426,1.98,60.0,1.1,0.27
FE,2001-10-09,12.653523428922899,12.681501780656113,12.35274847645794,12.366738319396973,893300,24.921249839109304,22.00265471923127,21.008685046112703,21.636758454942417,23.639272176546182,1.92,79.0,0.87,0.21
FE,2001-10-10,12.335263039333297,12.398216004535621,12.17438383232513,12.310781478881836,1131900,25.02165479511058,21.751553631904446,21.01187486208614,21.03578660721406,23.48346998552847,1.85,80.0,0.64,0.21
FE,2001-10-11,12.310776089530094,12.34574935082319,12.118420484129269,12.153393745422363,587100,25.537908485716915,21.801823397717605,21.056580688968086,20.953812697193232,23.409253727627053,1.78,81.0,0.47,0.19
FE,2001-10-12,12.065960773853694,12.223343137732874,11.996012908335775,12.086945533752441,866500,25.692333484426637,21.31826518621441,21.081797008559914,20.520722060097317,23.41914889157102,1.7,83.0,0.32,0.18
FE,2001-10-15,12.065961476142643,12.324768193379201,12.030988208420377,12.223343849182129,1044300,25.053156019146282,21.390336043588388,21.074392871231115,20.533314638771362,23.436100330755195,1.62,83.0,0.16,0.18
FE,2001-10-16,12.258322374806443,12.503139356304384,12.198867527347987,12.46117115020752,927000,25.07487174462546,21.669529649060028,21.21957766063614,20.544152325607108,23.390278483290174,1.54,85.0,0.02,0.12
FE,2001-10-17,12.46816412768146,12.625545209518624,12.380729600374142,12.541608810424805,1109200,25.058156300190436,21.68335040883302,21.230243743363186,20.54733856969962,23.39501100844808,1.46,86.0,-0.12,0.12
FE,2001-10-18,12.541606195716597,12.555596037363928,12.345752415088132,12.419197082519531,1427900,25.267785211046235,21.830559932624343,21.31384413473918,20.568169220166524,23.366522728889276,1.38,87.0,-0.25,0.07
FE,2001-10-19,12.422696197584637,12.765439340323335,12.415701276204889,12.691994667053223,1517100,25.83923846025078,22.16265524482945,21.447068133786416,20.65833623717643,23.446557529400756,1.29,88.0,-0.35,0.04
FE,2001-10-22,12.643033529325418,12.870362506077223,12.608058916955493,12.75145149230957,1087100,25.811034950683005,21.90304600882494,21.448025765103402,20.654631643762766,23.424799087519705,1.19,89.0,-0.45,0.04
FE,2001-10-23,12.678006887435913,12.695493526658538,12.506634621106059,12.590572357177734,1275900,26.150567074938596,21.70948783499003,21.551671156980625,20.68394692227658,23.412641072623096,1.1,90.0,-0.56,-0.01
FE,2001-10-24,12.590568846394778,12.590568846394778,12.398213200292684,12.45067310333252,771900,26.463723397705557,21.889032155694157,21.64906609804221,20.738064868144374,23.32552947666472,1.01,91.0,-0.66,-0.05
FE,2001-10-25,12.38072923378744,12.6010632754935,12.345754623413086,12.345754623413086,1622400,26.652238051897818,22.010808640386294,21.704534091104495,20.754045096870616,23.32186880409781,0.98,92.0,-0.76,-0.08
FE,2001-10-26,12.34574935082319,12.34574935082319,12.037979581695229,12.153393745422363,1449000,26.914965307315924,22.308349827400153,21.84877404779936,20.801070385350783,23.38288356483056,0.95,94.0,-0.83,-0.12
FE,2001-10-29,12.118425355186222,12.118425355186222,11.891095062971441,11.989021301269531,1326100,27.081516225571967,22.5373638795552,21.973941172648704,20.783888346421477,23.430958834245864,0.92,95.0,-0.89,-0.17
FE,2001-10-30,11.891092300415039,11.985521722898044,11.803657798206105,11.891092300415039,1907800,27.1472940511373,22.62002394171157,21.987757226233825,20.8086643657695,23.442902049088758,0.89,96.0,-0.93,-0.17
FE,2001-10-31,11.891093213004687,12.07995207246479,11.82114533904042,12.051972389221191,1622300,26.14528089726423,22.6796935839286,22.01100491828481,20.663070416467995,23.378475787709785,0.86,98.0,-0.98,-0.19
FE,2001-11-01,12.083447107787444,12.275802732594977,11.891091482979911,12.240829467773438,2779900,24.46076726549448,22.84319756362291,21.899175408337726,20.731162871862818,23.32004030236102,0.86,94.0,-1.03,-0.17
FE,2001-11-02,12.275807869993537,12.387723965232542,12.065965524956676,12.307284355163574,2797600,23.110837112538263,22.844351062634374,21.22078036028137,20.735061272951576,23.22799128077436,0.85,86.0,-1.1,-0.24
FE,2001-11-05,12.265312458363619,12.66051680108745,12.188369665759504,12.643030166625977,1309700,24.22136955302089,22.627515236411355,21.376350221824165,20.939477875378927,23.200076350973422,0.84,89.0,-1.15,-0.24
FE,2001-11-06,12.678010867454866,12.678010867454866,12.314282787200558,12.492650032043457,2650600,24.211943861180142,22.650841965520243,21.18442159283838,20.998390967767328,23.236012468902512,0.83,85.0,-1.2,-0.19
FE,2001-11-07,12.457039083486931,12.49228766568945,12.090447912132971,12.167996406555176,2034500,25.507214019663238,23.155189049144752,21.561415229264338,21.224308186555724,23.39464901370743,0.83,93.0,-1.24,-0.19
FE,2001-11-08,12.230359855234655,12.419231529222852,12.169778887885586,12.340832710266113,1476100,25.225893582910548,23.26296399541678,21.6562061807814,21.248658945877786,23.413329005515806,0.84,94.0,-1.28,-0.23
FE,2001-11-09,12.419229352916403,12.515447366034811,12.298066080035598,12.454866409301758,817300,22.78448949059264,23.14911859628158,21.308193060292886,21.245747072199368,23.36902163044952,0.84,86.0,-1.32,-0.2
FE,2001-11-12,12.56178208832294,12.56178208832294,12.290947101015385,12.4762544631958,998400,22.632962529554522,22.977820381988074,21.154563052783953,21.232256434698122,23.34375764671583,0.85,81.0,-1.35,-0.13
FE,2001-11-13,12.508325576782227,12.576035334640055,12.372908779897195,12.508325576782227,1433600,21.706182228623504,22.958783129738798,21.10875040136465,21.23103508027229,23.326905586848987,0.85,80.0,-1.38,-0.1
FE,2001-11-14,12.50832564892624,12.561780578131225,12.301636065458629,12.358654022216797,1087400,21.550944137614046,23.09699334551419,21.089349318583974,21.145777125701475,23.351241319341206,0.85,79.0,-1.41,-0.07
FE,2001-11-15,12.330141260580232,12.401414028442108,12.201851909726829,12.347960472106934,671900,21.526221968677884,23.086377384975883,21.06231152754251,21.103420933316425,23.262586803611725,0.85,76.0,-1.44,-0.05
FE,2001-11-16,12.347958471033303,12.486939598162852,12.223230807634273,12.27668571472168,967500,21.561420725315557,23.15052622942984,21.023450318035575,21.115611326438366,23.27331794273701,0.86,74.0,-1.46,-0.03
FE,2001-11-19,12.241049433147174,12.265994695525977,12.045050360421635,12.109195709228516,1327800,21.53447691841651,23.146591025989494,21.142139362909802,21.181499059010118,23.307270071653654,0.86,80.0,-1.46,-0.08
FE,2001-11-20,12.148402490641855,12.419237499760994,12.062874858626783,12.401419639587402,1410100,21.749773769750778,23.50811594346353,21.21801286782609,21.324875172392332,23.413765914905813,0.86,82.0,-1.47,-0.12
FE,2001-11-21,12.490507727032712,12.490507727032712,12.027236660867544,12.287381172180176,935000,21.879070913695507,23.62284479837983,21.15055991586764,21.351631968790098,23.402071049115087,0.86,79.0,-1.48,-0.07
FE,2001-11-23,12.176903312119505,12.33013926239433,12.073559242853147,12.27668571472168,184000,21.54271401151732,23.63124419790002,21.104904084746128,21.34907773914156,23.16315991807664,0.86,76.0,-1.48,-0.04
FE,2001-11-26,12.39072664308138,12.419234941603769,12.265998928726898,12.287381172180176,1077800,21.47217098594866,23.628167828072115,21.030005730937063,21.31098253890984,23.14076502348851,0.87,70.0,-1.49,0.01
FE,2001-11-27,12.28737965715606,12.323016725184168,12.05930785943676,12.169780731201172,688700,21.421393581123763,23.289767957517498,21.097681179366496,21.317489852346533,23.163084780994062,0.87,75.0,-1.49,-0.01
FE,2001-11-28,12.151959455938321,12.265995335452148,11.941705548194406,11.952397346496582,902200,21.209925585821605,23.35256248835566,21.269704524421677,21.438439437025906,23.234905306183865,0.87,85.0,-1.48,-0.04
FE,2001-11-29,12.027232427161278,12.151958738195537,11.795596295909277,11.988032341003418,1428000,21.122593608261155,23.314368552582778,21.228853982195474,21.416379558620868,23.23555166566652,0.87,83.0,-1.48,-0.01
FE,2001-11-30,12.020110722546212,12.194729000320843,12.012983307186484,12.037928581237793,992200,21.03306663700855,23.25090658198594,21.194888278008293,21.40438122606967,23.235060492537507,0.87,79.0,-1.48,-0.01
FE,2001-12-03,12.037925281992864,12.148398150668028,11.952399039947345,12.137707710266113,1102200,20.10787792097386,23.269601737913696,21.219793237549027,21.399649026409932,23.20044514853483,0.88,81.0,-1.47,-0.03
FE,2001-12-04,12.13414515275145,12.597416218666474,12.11276426872503,12.508325576782227,1512600,22.039569971593043,23.991317117823606,21.652484239788553,21.45535330854322,23.36960238807673,0.88,93.0,-1.48,-0.07
FE,2001-12-05,12.472686707161541,12.472686707161541,12.055743261184183,12.30163288116455,1817900,22.256956346782296,24.25228228069835,21.77766209852901,21.495315429583176,23.278454521287802,0.89,95.0,-1.48,-0.1
FE,2001-12-06,12.194726796046007,12.241052948387269,12.012981135763338,12.077126502990723,890000,22.646770064917884,24.578287404019136,21.83843962130324,21.57686822435972,23.35564680267439,0.9,95.0,-1.46,-0.11
FE,2001-12-07,12.04505267934853,12.255306616601661,12.009416971779567,12.18759822845459,1394200,22.717047259201127,24.635192433084175,21.793078142405324,21.5548773262633,23.340336776267705,0.91,94.0,-1.43,-0.12
FE,2001-12-10,12.16977847429555,12.233923825435134,12.03792338616702,12.162651062011719,776200,22.25936698141649,24.53358111833133,21.499425853790015,21.54717201035491,23.287763065489997,0.91,86.0,-1.39,-0.05
FE,2001-12-11,12.080688136695507,12.23748713228811,11.955960457992706,12.023670196533203,706800,22.15449141304235,24.567726534022615,21.583760306761157,21.602586652525684,23.31803255632491,0.92,88.0,-1.35,-0.07
FE,2001-12-12,11.973776312302922,12.041486039550145,11.706504507479957,12.002285957336426,981600,22.023273936197352,24.533629742542505,21.587468994272008,21.211152435878354,23.30916428182918,0.92,88.0,-1.3,-0.07
FE,2001-12-13,11.938142926336866,12.258869697974587,11.866870159371265,12.155524253845215,953700,21.98535839963449,23.960443375517578,21.665726460284496,21.24887489577476,23.340003632237107,0.93,91.0,-1.25,-0.12
FE,2001-12-14,12.06287335110425,12.241054649403665,12.045055493157392,12.212546348571777,1044900,21.551043598297454,22.860802526127962,21.672133718334592,20.825266859488398,23.341651658114,0.93,91.0,-1.2,-0.13
FE,2001-12-17,12.212543853419755,12.294507070761682,12.084253127348862,12.169780731201172,1049400,21.50858733702929,22.189928304607456,21.67686586965249,20.811936403711304,23.307408840239365,0.94,91.0,-1.13,-0.13
FE,2001-12-18,12.169786130066392,12.266002857888909,12.098513321806667,12.25887680053711,799000,20.04750743269642,22.2274409654938,21.567181401324678,20.81849560124311,23.261847630943322,0.94,83.0,-1.06,-0.11
FE,2001-12-19,12.169783895300553,12.650872883732637,12.116328959067877,12.568909645080566,1171500,21.12622760215374,22.555732420026217,21.65908795207572,20.96833380860915,23.19629736734724,0.95,88.0,-1.0,-0.15
FE,2001-12-20,12.508328556763653,12.543965637656708,12.330147230545277,12.479820251464844,649400,19.71595406058951,22.602233008233984,21.700240902236928,20.934825749344853,23.131582054000592,0.95,91.0,-0.92,-0.17
FE,2001-12-21,12.479818850592817,12.53327242680873,12.390728197484144,12.4762544631958,1310400,19.311893847067356,22.274305659855955,21.69799105416881,20.93526202258356,23.011019585091425,0.96,90.0,-0.84,-0.16
FE,2001-12-24,12.476247283718271,12.558211833697237,12.437048560816432,12.454866409301758,399300,19.136312413789064,20.862081107341478,21.693701147783493,20.937562332800237,23.00604908675298,0.96,89.0,-0.76,-0.16
FE,2001-12-26,12.472684509809758,12.615230019402047,12.419229603858968,12.465557098388672,638300,19.13124348103151,20.777122470927136,21.682130919387085,20.914468530689973,23.00362989960968,0.97,88.0,-0.66,-0.15
FE,2001-12-27,12.376470646667144,12.543961472713823,12.376470646667144,12.422798156738281,914600,19.139578730962924,20.29102653929166,21.68821075259416,20.911787415775322,22.99538646215934,0.97,88.0,-0.56,-0.15
FE,2001-12-28,12.422803191646754,12.561784418773474,12.233931407030003,12.529711723327637,1068700,18.965796270930298,20.183149968289094,21.673829723800687,20.746457868836284,22.94133100434229,0.98,85.0,-0.44,-0.14
FE,2001-12-31,12.454866660964404,12.650865717092755,12.404976140431522,12.465557098388672,735000,19.03190077247893,20.185454736572062,21.700607135004393,20.6881044529087,22.948440635966882,0.98,91.0,-0.31,-0.15
FE,2002-01-02,12.383600509238205,12.53683653796187,12.266000197206598,12.515454292297363,1152000,18.970331307457826,20.20616552092427,21.696389095017334,20.530740644437557,22.811946233655704,0.99,88.0,-0.16,-0.15
FE,2002-01-03,12.437052965335898,12.501198330131592,12.376470627733216,12.472688674926758,1797100,18.521204917690017,20.009945197621555,21.269225764895527,20.355349037883563,22.8154371244798,0.99,64.0,-0.05,-0.11
FE,2002-01-04,12.508330104926635,12.508330104926635,12.323022699009686,12.376476287841797,408600,17.359622803578553,19.51046611372379,21.178945917072493,20.383180067808844,22.82622454538827,0.99,55.0,0.12,-0.05
FE,2002-01-07,12.376470537832294,12.46912555715979,12.301634732585974,12.451306343078613,622700,17.22210690139445,19.52538258147012,21.0287819576064,20.310202009436985,22.82330384107193,0.99,42.0,0.25,-0.01
FE,2002-01-08,12.401415075261111,12.419232928876863,12.223233820273409,12.24105167388916,1044100,17.950548271764145,19.66245194339051,21.22632208269387,20.387805603661967,22.68289483201704,0.99,61.0,0.42,-0.05
FE,2002-01-09,12.276688454308953,12.401414786126358,12.187597828892219,12.355087280273438,1301900,18.153923412838562,19.715343033456016,21.14386885215818,20.321532577856473,22.597843176793432,0.99,51.0,0.63,-0.01
FE,2002-01-10,12.294512667420523,12.365785476506113,12.241057720752389,12.273130416870117,1394300,18.03490538821036,19.635153821062463,21.091087279253884,20.33817617779975,21.829497023861467,0.99,46.0,0.83,0.01
FE,2002-01-11,12.290945635366073,12.383599305407676,12.25887294969488,12.333708763122559,941500,17.218747513110085,19.252298643612583,21.0915599079916,20.235093936504256,21.819445792470965,0.99,46.0,1.02,-0.0
FE,2002-01-14,12.276683669566937,12.543955441650045,12.276683669566937,12.437047004699707,878500,17.340841284922533,19.28422908508385,21.08581547897043,20.14306356385784,21.831358565125512,0.99,43.0,1.13,-0.02
FE,2002-01-15,12.454871837964722,12.561780334889232,12.454871837964722,12.543962478637695,1323300,17.452155152534473,19.25826265510298,21.092649189322156,19.906019129778855,21.830098858069586,0.98,46.0,1.25,-0.02
FE,2002-01-16,12.543962220171393,12.643743300656256,12.461998995570932,12.55821704864502,1035500,17.32974953972109,18.728651825394255,21.092872099661122,19.903172859518214,21.806377503266145,0.97,46.0,1.31,-0.02
FE,2002-01-17,12.600977710686855,12.772031540677151,12.593850297843717,12.736395835876465,1733300,15.536105071124767,18.931087980405,21.01712699856456,19.958825497072336,21.14680255383882,0.96,33.0,1.47,0.01
FE,2002-01-18,12.68650605163928,12.846869468688965,12.68650605163928,12.846869468688965,1020300,14.806220629711003,18.825468923469423,21.00699390334621,19.892865176533654,21.042881471326737,0.95,30.0,1.48,-0.0
FE,2002-01-22,12.836177726229542,12.857559966140517,12.704323978649585,12.839740753173828,1111600,13.577888075171836,18.673348635464706,21.00669472580965,19.869120426205843,20.894571430035942,0.94,29.0,1.32,-0.0
FE,2002-01-23,12.846873556028784,12.953782081604004,12.83618311129596,12.953782081604004,1266400,13.566210006912115,18.65485758817833,21.034859894120533,19.87592272384463,20.826457313540544,0.93,36.0,0.96,-0.02
FE,2002-01-24,12.918142408232686,12.964469920263996,12.864687482087696,12.93952465057373,1320800,13.544195872908476,18.340422042218275,21.035884648796905,19.863977901281935,20.367285216057482,0.92,36.0,0.37,-0.02
FE,2002-01-25,12.925268878487415,12.93952370567383,12.818360393419596,12.914578437805176,805500,12.984470777633156,18.096134549568802,20.729920675189494,19.85083250927521,20.255391334730547,0.91,26.0,0.13,0.1
FE,2002-01-28,12.829054476096413,12.99298095703125,12.829054476096413,12.99298095703125,1009600,12.964694354464292,18.01409806070765,20.557116615457335,19.77312854081808,19.928342262926595,0.91,20.0,0.09,0.19
FE,2002-01-29,13.028615287871888,13.174723878664254,12.93239723646005,12.93952465057373,1433000,12.746729586217477,17.875014014957095,20.550993409807937,19.767859553144383,19.92033596728544,0.9,19.0,0.08,0.21
FE,2002-01-30,12.811236972629862,12.882509771359967,12.604545992254113,12.829054832458496,1398200,13.086413846519093,17.7300912762091,20.56504388642348,19.71707499729999,19.87432189847775,0.89,21.0,0.11,0.23
FE,2002-01-31,12.900323685397128,13.256686210632324,12.804105640453807,13.256686210632324,866200,15.793672313239812,18.88552638624999,21.152564500429595,20.05502549265439,20.120358550138054,0.87,52.0,0.28,0.17
FE,2002-02-01,13.167600894813164,13.559599287047508,13.167600894813164,13.541781425476074,1263600,16.633163164438862,18.59122678421543,21.364877743214752,20.190988803691216,20.202175237191078,0.84,67.0,0.76,0.07
FE,2002-02-04,13.54178453135248,13.67363836852127,13.488329574962314,13.648693084716797,1364100,15.389877647034444,18.437490880644187,21.37178422561631,20.15195740704793,20.176426748870817,0.82,67.0,1.22,0.05
FE,2002-02-05,13.891607626332478,13.891607626332478,13.567710850100354,13.74765396118164,1820000,15.150766085058057,17.536449037127717,21.389801080220938,20.14996576860673,20.180068030817154,0.78,68.0,1.63,0.03
FE,2002-02-06,13.736853538024508,13.805232784413581,13.549713950161516,13.751249313354492,1781900,15.140572879696187,17.35806679219248,21.39047005775227,20.10292059004947,20.151435336024633,0.75,68.0,1.82,0.03
FE,2002-02-07,13.715266567274018,13.906005859375,13.675678856191045,13.906005859375,791100,15.235033996344383,17.39909085695623,21.355308734383172,20.131469944417294,20.173595130409815,0.7,63.0,2.09,0.02
FE,2002-02-08,13.81603282723047,13.844824386013046,13.585705848398204,13.657683372497559,854300,16.470416709444848,17.868662408492394,21.50941649045192,20.230960019887277,20.25535355181725,0.66,71.0,1.95,-0.01
FE,2002-02-11,13.441752761004985,13.441752761004985,13.175437667703072,13.301397323608398,1460200,18.482429686477143,18.761337208185758,21.94044933769897,20.48337526421343,20.40823228978813,0.61,97.0,1.72,-0.04
FE,2002-02-12,13.265409401746824,13.477742376287619,13.18983360729772,13.279805183410645,1109100,18.41691858888885,18.57208839311845,21.50279677298225,20.486648281406957,20.342607554335608,0.56,69.0,1.55,0.06
FE,2002-02-13,13.308588543346797,13.520921408909327,13.247408561961684,13.492131233215332,824000,18.719198458120147,18.807601119352807,20.928566980945227,20.556994073092465,20.389226912338493,0.52,17.0,1.29,-0.01
FE,2002-02-14,13.495740449745485,13.495740449745485,13.405768846747181,13.488542556762695,272100,18.73308814110352,18.75044093821604,20.45688693315737,20.497364079516217,20.248848831634376,0.5,5.0,1.09,0.03
FE,2002-02-15,13.488542556762695,13.531728541801721,13.441756938803417,13.488542556762695,533500,18.665257517704926,18.480903841103995,20.452901844517918,20.495295375320985,20.248848831634376,0.48,4.0,0.9,0.03
FE,2002-02-19,13.488540110687518,13.488540110687518,13.222224982907695,13.333788871765137,846000,18.879398366134136,18.096615347118604,20.41465370315899,20.536547437679022,20.288707510499062,0.45,3.0,0.73,0.07
FE,2002-02-20,13.315791955231989,13.330187735480122,12.955905686171665,13.168238639831543,933500,19.334895448695857,18.188942112396273,20.51919985796728,20.60125577030828,20.32592810693282,0.43,6.0,0.62,0.03
FE,2002-02-21,13.171842695813393,13.315797815939632,12.77596817475289,12.9163236618042,2271200,19.539260794940517,18.66325503036118,20.560937879021562,20.74092391396045,20.428742855051418,0.41,9.0,0.56,0.07
FE,2002-02-22,12.596017671320675,13.02788140890878,12.560029598545407,12.894723892211914,1118000,19.432254556432454,18.6703971818288,19.67240762394186,20.725014786480944,20.408660450707234,0.43,1.0,0.5,-0.14
FE,2002-02-25,12.862328411740187,12.991886240375361,12.725571324292845,12.973892211914062,1473500,19.32309160727775,18.573539697616283,19.635053882306906,20.730895141802634,20.39213174059969,0.45,1.0,0.41,-0.14
FE,2002-02-26,13.045874253893178,13.168235612154312,12.991890776803293,13.1106538772583,1044700,19.466673922151,18.237916031631386,19.405915288599378,20.73929067473128,20.397139623475248,0.49,1.0,0.31,-0.08
FE,2002-02-27,13.175436834291595,13.330188043390665,13.117855084826164,13.283402442932129,796400,19.648075417452503,18.389052437280252,19.405741795781925,20.74957814937795,20.420693770458705,0.52,1.0,0.21,-0.08
FE,2002-02-28,13.286998424875916,13.308592092046753,13.171834945678713,13.171834945678711,835200,19.786530128266687,18.49824428156133,19.43795621267075,20.650394572551694,20.442941526999263,0.54,3.0,0.12,-0.09
FE,2002-03-01,13.243821194297198,13.348188595141018,13.078273755422225,13.31579875946045,1379600,19.965820368593302,18.54674302181418,19.510733138375983,20.29012799370848,20.35883213027376,0.56,4.0,0.01,-0.14
FE,2002-03-04,13.351782282217767,13.628894920819084,13.261810699796198,13.61090087890625,1027700,20.5012921517529,18.080173864023177,19.664821305465328,20.303079732770748,20.429183188215845,0.58,6.0,-0.12,-0.18
FE,2002-03-05,13.531718477924809,13.7188594377228,13.456142717099665,13.675673484802246,750700,20.42626703088036,17.694508806086954,19.304881264056554,20.122659582760157,20.42806222239974,0.61,1.0,-0.25,-0.14
FE,2002-03-06,13.693668578163173,13.848419742043644,13.672076286458696,13.837623596191406,1208400,20.59961282699076,17.3010112253361,19.359231450452413,20.11070647592101,20.447318682600503,0.64,2.0,-0.32,-0.17
FE,2002-03-07,13.765648093694523,13.855619649862462,13.729660020370147,13.819631576538086,817700,20.537688087301937,17.2567389528184,19.232426850782502,20.11259199754941,20.43109164752227,0.66,1.0,-0.39,-0.12
FE,2002-03-08,13.819631480185553,13.891607626332478,13.697270109736,13.74765396118164,910500,20.629013694893107,17.30147287122241,19.230138035590358,19.903317550869904,20.43391303963038,0.69,1.0,-0.48,-0.12
FE,2002-03-11,13.729664713424276,14.078753537138153,13.67568121212815,13.909607887268066,790300,20.780399146150792,17.179283320915232,19.236738402028102,19.847583362766926,20.45654699190148,0.72,3.0,-0.53,-0.12
FE,2002-03-12,13.909602040659413,14.067951472854407,13.189829647825432,13.312191009521484,3996800,24.705412965124417,19.615810648105082,20.317372328720136,20.532778479500767,20.926863453509522,0.72,13.0,-0.62,0.81
FE,2002-03-13,13.009882274836672,13.171829911726137,12.865927294427772,13.03867244720459,1529200,25.45329469233164,20.0112590459884,20.57763362048655,20.620610748800186,21.018460587248203,0.72,22.0,-0.66,0.68
FE,2002-03-14,13.045883312091961,13.063877359330183,12.829951999517698,12.86594009399414,1326200,25.63360983612289,20.21582137770773,20.629687768012957,20.67193501893387,21.06750175432283,0.72,23.0,-0.67,0.65
FE,2002-03-15,12.95589942639368,12.970295199686346,12.829939842224121,12.829939842224121,1484700,23.690921901906407,20.209810809482363,20.34833555415392,20.64019747098638,21.05484038050081,0.72,14.0,-0.68,0.76
FE,2002-03-18,12.236136132780636,12.757971624779545,12.200148046238988,12.61401653289795,1928800,23.140059975052285,20.490829338580692,20.514178332988468,20.741001543710187,21.122898487262166,0.73,18.0,-0.68,0.66
FE,2002-03-19,11.966215133666992,12.110170150583144,11.21405298463651,11.606328964233398,7752400,32.72510269962518,26.179507572367903,24.32118238990736,22.896677495184868,22.73455165780818,0.79,100.0,-0.66,7.4
FE,2002-03-20,11.602735587459714,11.653119452718055,10.904555246430233,11.462379455566406,4512000,32.56230842707028,26.25316652312345,24.336228940856778,22.86903203348179,22.639251348725793,0.86,100.0,-0.61,7.37
FE,2002-03-21,11.465977242187973,12.164156139789561,11.465977242187973,12.131766319274902,2573400,37.2891060214405,28.83410739605463,25.963255575550566,23.797661061338765,23.269533144121795,0.98,100.0,-0.62,6.71
FE,2002-03-22,12.041797334761329,12.146164709155434,11.89784361377474,12.092181205749512,1444600,37.00568899696332,28.838734987406657,25.848724111938115,23.761442955571315,23.244081515574248,1.09,99.0,-0.63,6.91
FE,2002-03-25,12.056191195048312,12.254128387858241,11.948225578320832,12.10297679901123,1423400,36.81783606985459,28.83880463608197,25.757340517409595,23.761432387316734,23.219269615881128,1.18,98.0,-0.62,7.08
FE,2002-03-26,12.056189583199718,12.344098313600227,12.048991693332566,12.308110237121582,2179100,36.663881754554914,29.04817378135282,25.85805294183739,23.818856481926687,23.265398053801274,1.27,99.0,-0.6,7.0
FE,2002-03-27,12.380084733035181,12.408874912600567,12.236129716637905,12.329699516296387,1960800,36.684644164155564,28.994274360280407,25.773829581194118,23.796926133587395,23.265423315363016,1.34,97.0,-0.58,7.1
FE,2002-03-28,12.329705106074304,12.491654229728073,12.29731528134355,12.444869995117188,1494900,36.448086782261214,29.04164252072669,25.698235264503143,23.799845284921776,23.02377542601996,1.41,95.0,-0.57,7.19
FE,2002-04-01,12.416073588567503,12.452061658522052,12.340497817948828,12.362090110778809,2242900,36.458319782817725,29.060825536624062,25.707030912443496,23.811404863630838,23.03594221656076,1.48,95.0,-0.57,7.15
FE,2002-04-02,12.362091312158197,12.362091312158197,12.084980126292686,12.146160125732422,1239100,36.69318954202306,29.272873456251997,25.493370283018773,23.869049001090357,22.827323078488277,1.53,93.0,-0.59,7.31
FE,2002-04-03,12.146158660455953,12.243328094482422,11.930227500079472,12.243328094482422,936600,36.75704835544812,29.282577423498367,25.459561696398474,23.860165805120754,22.821853450368984,1.59,92.0,-0.6,7.41
FE,2002-04-04,12.243335711187283,12.412482761519641,12.16416026246019,12.167759895324707,1179000,36.65853119684157,29.279005186441097,25.1320510777379,23.7976880076037,22.831119446925737,1.63,91.0,-0.6,7.95
FE,2002-04-05,12.110174125333025,12.21813973702776,11.73589205679119,11.948225021362305,1797800,36.61607075340869,29.30855889144982,25.19381657180092,23.862069252532347,22.887233111772243,1.67,91.0,-0.62,7.76
FE,2002-04-08,11.948220086382662,11.991406038651993,11.804265081676002,11.980609893798828,1048700,36.64766502093605,29.24679513691032,25.152411847567695,23.720786995058038,22.845763609812245,1.71,90.0,-0.64,7.82
FE,2002-04-09,11.966219674585147,12.052592992082978,11.90863792053903,12.00220775604248,1640900,36.58119249296935,29.222273464800747,25.152597206329368,23.714209431857842,22.845101130545682,1.74,90.0,-0.66,7.82
FE,2002-04-10,12.002206052224677,12.329702489281742,11.97341586571729,12.232534408569336,1778300,36.927761506195175,29.472785016000014,25.336498518722607,23.81363235739861,22.916311571335683,1.78,91.0,-0.67,7.57
FE,2002-04-11,11.732292326234228,11.966218960315619,11.606332675794848,11.789874076843262,2977700,37.94119425936417,30.359710793323252,25.930513146785156,24.22489859476204,23.213972440359246,1.83,99.0,-0.69,6.82
FE,2002-04-12,11.714293996014163,12.05618611565636,11.642316490901587,11.887039184570312,1299200,38.07759312334077,30.355114055699765,25.966976423868935,24.24120389997764,23.217037301966414,1.88,100.0,-0.71,6.79
FE,2002-04-15,11.858252458045452,11.858252458045452,11.678309329312919,11.696303367614746,1541200,38.00227236589733,30.512531960903384,26.074174671759998,24.31909153906774,23.170023135715827,1.93,100.0,-0.73,6.62
FE,2002-04-16,11.696301489882611,11.876244589726959,11.696301489882611,11.87264633178711,1036000,37.63660710351791,30.53177791513104,26.10090524759732,24.321719012686888,23.161557208683195,1.97,100.0,-0.74,6.65
FE,2002-04-17,11.840262366503765,11.872652195386532,11.768284816446773,11.843860626220703,517400,37.53983481844861,30.464109908678367,25.816537992914395,24.222955362482804,23.0564557523803,2.01,93.0,-0.76,6.96
FE,2002-04-18,11.822260333516956,11.822260333516956,11.376002244036771,11.66031265258789,1885900,37.32828150606852,30.603318985516896,25.891522001977606,24.298751069414365,23.005509905842036,2.05,95.0,-0.77,6.84
FE,2002-04-19,11.66031254390518,11.876243698369173,11.498363491628787,11.85824966430664,1790300,37.88017150433875,30.76322694505313,26.03759415461353,24.369845953360613,23.059652297397978,2.09,98.0,-0.79,6.68
FE,2002-04-22,11.861849514268497,11.876245292593682,11.750285664390784,11.822261810302734,857500,37.88485307759087,30.764791633098078,26.040338646940565,24.37065490025647,23.008282410309914,2.13,98.0,-0.81,6.66
FE,2002-04-23,11.822264706253407,11.980615560905663,11.732293128967285,11.732293128967285,839900,37.55549651750221,30.790398836115806,26.02438065849621,24.381413597171257,22.996574931669322,2.16,96.0,-0.83,6.69
FE,2002-04-24,11.912236179541841,12.1389649367235,11.851056166492913,12.00220775604248,1759500,36.61647694501563,31.15549309072601,26.12479568573653,24.51895527445401,23.04959862596192,2.2,100.0,-0.83,6.67
FE,2002-04-25,11.966215241538636,11.980611017931382,11.782673897529923,11.85824966430664,755400,36.345084786240086,31.22844747553583,26.190837891704184,24.539919393828683,23.081424126082755,2.23,100.0,-0.83,6.54
FE,2002-04-26,11.804267472810627,11.912233061782366,11.732289955877151,11.883442878723145,693500,36.245104565000716,31.20121515027104,26.184407462605225,24.540520839976224,23.018291760135966,2.26,99.0,-0.84,6.54
FE,2002-04-29,11.883443387944709,12.038194575483045,11.843855683292063,11.876245498657227,634600,36.24988182309316,30.38380076525152,26.149949771832247,24.534933035138767,22.946096555676128,2.29,98.0,-0.85,6.57
FE,2002-04-30,11.876243485373271,12.045390422812451,11.876243485373271,11.984209060668945,1995900,36.13613351779684,30.088451476629718,25.73968110486276,24.355556295196294,22.79504916764327,2.32,82.0,-0.87,7.02
FE,2002-05-01,11.894246165984354,11.93743215292659,11.771884725599877,11.804274559020996,599000,27.020713680416357,30.134240933946955,25.71619012812854,24.34942390584988,22.84736893152542,2.34,81.0,-0.89,7.05
FE,2002-05-02,11.804264570640939,11.908631875892121,11.671107089408823,11.897835731506348,829100,26.81047906495035,30.14371634068369,25.586131727034385,24.296234632195322,22.858033607203655,2.36,78.0,-0.89,7.32
FE,2002-05-03,12.230910615168135,12.245471556970458,11.979740617813333,12.118066787719727,1333400,21.72858325675067,30.4383911911951,25.712855249677048,24.37643993216455,22.869460028377926,2.39,80.0,-0.9,7.16
FE,2002-05-06,12.194518467512708,12.263680908175536,12.121715094462505,12.212718963623047,840900,21.821600005805855,30.38272103532514,25.74080428727058,24.327401378799944,22.862983783140336,2.41,82.0,-0.89,7.14
FE,2002-05-07,12.194514714673344,12.198154257331812,11.914222717285156,11.914222717285156,875000,22.997624323062922,30.563378623634456,25.97684067271993,24.475527883675117,22.997044225518977,2.43,91.0,-0.9,6.79
FE,2002-05-08,11.914221097545948,11.921501570481519,11.739493912916917,11.830497741699219,1310200,22.468751059539493,30.164581996925687,25.999036341522757,24.491121233775903,23.00299227518872,2.45,91.0,-0.91,6.75
FE,2002-05-09,11.866900109181575,12.019787281538381,11.757695779560079,11.779537200927734,737600,22.465505730874025,30.16837543772914,25.925449785152775,24.48670313027062,22.999930513970455,2.47,86.0,-0.92,6.81
FE,2002-05-10,11.750415531170399,11.936064144835653,11.6193704719717,11.684892654418945,1065700,22.301951382530067,29.961175138046688,25.941909929337015,24.49413671596613,22.95805529954338,2.49,87.0,-0.94,6.75
FE,2002-05-13,11.684892654418945,11.739495514581295,11.550207358255811,11.684892654418945,671900,22.26687498121208,29.962032791324862,25.937332221015136,24.49389366050601,22.95063055387787,2.51,86.0,-0.95,6.76
FE,2002-05-14,11.739493508375327,11.976104010499032,11.677611573467756,11.921501159667969,744000,22.62601101065349,30.310048758354547,26.11212179973887,24.511502730178254,22.985874036520194,2.53,96.0,-0.97,6.56
FE,2002-05-15,11.921500126732585,12.081666346093602,11.805015351086743,12.008864402770996,2108800,22.604834328228314,30.304270271068912,25.82616494844066,24.51096376704431,22.990563013211975,2.55,79.0,-0.98,6.88
FE,2002-05-16,12.01250658343888,12.201794732598799,11.826859365409778,11.925142288208008,2006100,22.623190539027995,30.24186026519482,25.825402557388532,24.52721118407972,23.00314704594725,2.57,78.0,-0.99,6.89
FE,2002-05-17,11.866899076789666,11.968824312363083,11.65577090970354,11.957902908325195,1015400,22.018851567467504,30.028711374980194,25.830383167753705,24.526484202301873,22.96570202636021,2.58,79.0,-1.01,6.89
FE,2002-05-20,11.95789725507989,12.136265291551448,11.910576284850949,12.037981033325195,656600,22.090720562055274,30.072799779870618,25.854032866192245,24.532534444025647,22.962722594576633,2.59,80.0,-1.01,6.87
FE,2002-05-21,12.048900888998524,12.427476977618403,12.030700409251098,12.310992240905762,779800,23.013405860473952,30.424666923161897,26.10496496138707,24.50639278927123,23.040912143989566,2.61,95.0,-1.02,6.59
FE,2002-05-22,12.30735980528615,12.533048939378492,12.30735980528615,12.489367485046387,1503300,22.73365604512467,30.49725542077691,26.20054173722673,24.465093056999354,23.07797058517951,2.63,100.0,-1.02,6.51
FE,2002-05-23,12.558524505468613,12.631327823801586,12.347395021163774,12.358316421508789,1458800,20.081467251454335,30.4217804685181,26.218131859216353,24.485481891685076,23.08742867545036,2.64,100.0,-1.02,6.43
FE,2002-05-24,12.340119005060014,12.613130475184278,12.300077100597818,12.562167167663574,893000,20.45126275130262,30.59394144316797,26.335642734103548,24.53262991161299,23.130598938588676,2.66,100.0,-1.02,6.33
FE,2002-05-28,12.562164064694285,12.620406441723404,12.474801193454509,12.576725006103516,726500,19.72856055273162,30.500443438640712,26.3287505648192,24.5217147353239,23.130613263041575,2.68,99.0,-1.02,6.33
FE,2002-05-29,12.580367011340956,12.649529406036258,12.485722272696938,12.569445610046387,1454700,19.380960608813506,30.12606492752688,26.323075084168035,24.507562953293267,23.131047295300032,2.69,98.0,-1.02,6.35
FE,2002-05-30,12.558524908805934,12.624047758549201,12.431120139087271,12.485721588134766,1916900,19.502420837158873,30.118703909143345,26.315591489195977,24.51738556275177,23.100399872119702,2.7,97.0,-1.02,6.36
FE,2002-05-31,12.722334785512356,12.733254799962719,12.522126651809524,12.562167167663574,867400,18.82487987082475,30.034155388783574,26.316031074074697,24.52640373749786,23.103816453963695,2.71,97.0,-1.02,6.36
FE,2002-06-03,12.56944678592807,12.594927743652626,12.179950559443519,12.256393432617188,928600,19.885612587388536,30.402510833757944,26.46936205741251,24.703957274011973,23.230445770750542,2.72,100.0,-1.02,6.17
FE,2002-06-04,12.256393956155614,12.50028491871893,12.238193469661782,12.405641555786133,1560100,20.094867515372663,30.53117320792128,26.498370723190707,24.710676793683394,23.258645503665004,2.73,100.0,-1.02,6.13
FE,2002-06-05,12.431121926448984,12.48572338334714,12.303715749803864,12.38379955291748,896000,19.931445779881887,30.402747545137192,26.47827195307169,24.68209397994697,23.256557938995268,2.73,99.0,-1.02,6.18
FE,2002-06-06,12.383803583528016,12.40928454942883,12.121712061567054,12.158114433288574,1487600,19.74028434228533,29.329485531666744,26.628193214433647,24.771762516442404,23.32082403389741,2.74,100.0,-1.02,5.93
FE,2002-06-07,12.249112138313231,12.423839269147685,12.158108337548965,12.358316421508789,1315300,19.893367163468742,29.274782444765506,26.723036135038015,24.61096448381039,23.371828865492724,2.75,100.0,-1.02,5.83
FE,2002-06-10,12.340112090222494,12.540320111737858,12.281869731443345,12.387433052062988,973000,19.89423191381762,29.16632906399748,26.69019852561767,24.25511399636033,23.357076833031414,2.75,99.0,-1.02,5.85
FE,2002-06-11,12.431119739841762,12.554884964425474,12.30371358560711,12.358316421508789,527900,19.91585838769038,29.165047733123963,26.691748264123305,24.049380678704125,23.337563737572825,2.76,99.0,-1.02,5.84
FE,2002-06-12,12.321914845026589,12.467521490874113,12.21271055494489,12.285513877868652,1170000,19.883616074417812,28.987747597610408,26.608654751211482,24.059658261069966,23.269005636844977,2.76,96.0,-1.01,5.9
FE,2002-06-13,12.30371358560711,12.467520704704349,12.267312620744525,12.358316421508789,907900,19.344160144861785,23.310856286525556,26.588691976490214,23.99361361726625,23.03830433686428,2.76,95.0,-1.0,5.92
FE,2002-06-14,12.358322571638343,12.380162605981488,12.012507678917505,12.267318725585938,889500,19.41420920299763,23.207820686664675,26.611918552756897,24.007601060192545,22.963367584810555,2.76,96.0,-0.98,5.87
FE,2002-06-17,12.230913585483387,12.3510393016137,12.067107810553946,12.329197883605957,443000,18.75433659213325,20.129269231986584,26.584884301388534,23.90730671263852,22.84310609723004,2.76,93.0,-0.95,5.9
FE,2002-06-18,12.303714365807997,12.576725785412942,12.303714365807997,12.503922462463379,682400,19.05067541537326,20.31198352708769,26.684995117839556,23.538410168671355,22.847489081053574,2.76,97.0,-0.92,5.81
FE,2002-06-19,12.54032627388421,12.73325392177829,12.514845316185296,12.722333908081055,1094100,18.025279828848557,20.600376059920674,26.830362620215688,23.601883478342568,22.908355269211683,2.75,100.0,-0.91,5.68
FE,2002-06-20,12.70413422920058,12.784216649079616,12.30371657537286,12.391080856323242,878800,19.68087914251832,21.06607556434762,27.131848549861985,23.66894874203623,22.93725783169537,2.75,100.0,-0.87,5.28
FE,2002-06-21,12.17631279538177,12.463885232951235,12.17631279538177,12.452963829040527,1119900,19.62472700983963,21.08720108500311,27.139178810664898,23.62441346560584,22.87782877539431,2.74,100.0,-0.84,5.29
FE,2002-06-24,12.456599099001686,12.485719589443892,12.216349151271087,12.296431541442871,1129300,19.869430730747624,21.160816923203434,27.178171657018606,23.66392220408286,22.89533838071068,2.73,100.0,-0.81,5.24
FE,2002-06-25,12.267319929861227,12.42748621473783,12.139913699715372,12.252758979797363,796500,19.922577488377325,21.129712131034665,26.65495761978342,23.667162220761078,22.846642743778695,2.73,92.0,-0.74,5.65
FE,2002-06-26,12.103502233738961,12.147183657501774,11.870532788860723,12.063460350036621,1416000,19.727405574493456,21.061326364562323,26.519998883329173,23.678494158290423,22.889402102014415,2.72,86.0,-0.64,5.71
FE,2002-06-27,12.085309413904403,12.285517570667697,11.903301746190806,12.103509902954102,1547400,19.639752588191172,21.006575430718158,26.490428559049118,23.528044186399395,22.870065422472173,2.71,84.0,-0.54,5.74
FE,2002-06-28,11.903297902266917,12.21271028201838,11.870536477113763,12.15082836151123,1005700,19.54354138065426,20.98527476877781,26.468769730044823,23.526930985306947,22.868788234875105,2.7,81.0,-0.43,5.76
FE,2002-07-01,12.092585505745692,12.212709800835773,12.005221245910159,12.01250171661377,530600,19.840495022367726,20.779865690890933,26.51716082786641,23.516673982925187,22.822868889042063,2.69,85.0,-0.32,5.67
FE,2002-07-02,12.012504049036952,12.012504049036952,11.61208710854158,11.703091621398926,1148300,21.135283775250578,21.452358470324295,26.727982054126453,23.709205438547215,22.92070318290399,2.68,96.0,-0.28,5.36
FE,2002-07-03,11.64848770406041,11.699449615588403,11.211669137436555,11.3936767578125,1854900,21.220825386073084,22.1177234620368,26.89991758984479,23.8779415471936,23.058701081165577,2.68,97.0,-0.18,5.16
FE,2002-07-05,11.328154034971613,11.393676191836832,11.255350712716117,11.302672386169434,551800,20.650079968710408,21.771205582640807,26.628366061807206,23.77972866571481,23.041222790444564,2.67,89.0,-0.07,5.5
FE,2002-07-08,11.302671097266973,11.320872272907241,11.018739700317383,11.018739700317383,1165200,21.53478845238808,21.090266305466297,26.895357835099993,23.946591088386175,23.18186188527141,2.66,96.0,0.08,5.15
FE,2002-07-09,11.029660782295524,11.131585292865559,10.738448886815323,10.90225601196289,1530500,20.742595280951,21.08743104997537,26.77937709268811,23.95116482081739,23.188268508003222,2.64,94.0,0.26,5.22
FE,2002-07-10,10.88405628486583,10.88405628486583,10.217908377674119,10.272510528564453,983800,26.025001117039544,24.042376451931958,28.282917125804403,24.79270362813312,23.917521821378287,2.63,100.0,0.85,4.57
FE,2002-07-11,10.192425401985592,10.552800359667902,10.15602374383201,10.541879653930664,1505400,27.649400723515217,24.474918842313762,28.64256669337788,24.989390380140783,24.04989763108799,2.62,100.0,1.01,4.31
FE,2002-07-12,10.6583670198277,11.109745857093495,10.520040832774502,10.884056091308594,1698900,29.737448680166644,25.442640929993406,29.119668864101307,25.25347247549749,24.262580149329686,2.61,100.0,1.03,4.05
FE,2002-07-15,10.611043656445334,11.28447196070291,10.192426287086498,11.189827919006348,1861900,31.042095113216373,25.953273314088143,29.44936016234393,25.447095481245686,24.391950764986852,2.61,100.0,1.03,3.89
FE,2002-07-16,10.993259240205424,11.131584709736345,10.665645007072396,10.727527618408203,1068900,32.44814997100165,27.047428605793716,30.017524957751608,25.902813598663972,24.738057464106276,2.62,100.0,0.99,3.54
FE,2002-07-17,10.720253663249204,10.982344497767572,10.483643100994488,10.574646949768066,800700,32.180851079915726,27.17100284737895,30.08297489884033,25.892354239142485,24.73117238764202,2.6,100.0,0.95,3.46
FE,2002-07-18,10.578280151700104,10.66564370510303,10.228825938088402,10.290708541870117,725100,32.776292107246505,27.64110802676877,30.318959643381145,26.036943008343233,24.855313331007775,2.59,100.0,1.0,3.23
FE,2002-07-19,10.185147814281237,10.217909246461813,9.704647734704887,9.937617301940918,1247700,33.64974107420512,27.944050617106615,30.685330183350462,26.333298074145738,25.007132231169443,2.57,100.0,1.2,2.94
FE,2002-07-22,9.937616431655051,10.228829059501246,9.741048550090085,9.974018096923828,1238900,33.09096972852658,27.915431291338273,30.597624156863958,26.283191504936138,25.003588243566156,2.55,99.0,1.29,2.99
FE,2002-07-23,9.901217189028952,10.050463417809473,9.045781030257384,9.118583679199219,1317400,40.67469649888941,33.07405787489448,33.54910439019517,28.224428115642237,26.552721938267908,2.59,100.0,2.04,3.86
FE,2002-07-24,9.111303140119023,10.683849113150725,9.060340526377237,10.614686012268066,1899300,62.164889463981545,46.05057660377164,41.61001212003104,33.55909940514956,30.624112366605527,2.97,100.0,1.94,12.26
FE,2002-07-25,10.592844169616798,11.157067543017938,10.338033210742989,10.77485179901123,1643200,62.434508499199126,46.126567027715346,41.52178155865215,33.449738459971165,30.66016581855207,3.29,99.0,1.91,12.4
FE,2002-07-26,10.884057103382045,11.138868085771566,10.50548156034215,10.581924438476562,2385900,62.47808963263507,46.166833632042376,41.580614589566096,33.485959276539404,30.712302353288095,3.56,99.0,1.84,12.36
FE,2002-07-29,10.62924385985383,10.8440128781878,9.91213348889659,10.02133846282959,3346600,64.08990222735456,47.35811884657053,42.32108293908617,33.947999263208054,31.16119874216295,3.83,100.0,1.71,11.59
FE,2002-07-30,9.992217456066282,11.066061872857972,9.981296750184264,10.920455932617188,3171900,69.4451741911703,50.56682839451456,44.624419879071546,35.431264383726905,32.27876223941398,4.16,100.0,1.67,9.66
FE,2002-07-31,10.920457607362328,11.273552153384271,10.585563546297724,11.193469047546387,1988400,69.75347046547323,50.82089474201902,44.827705592130194,35.53934425688354,32.37128844914602,4.46,100.0,1.67,9.38
FE,2002-08-01,11.066058686288782,11.721286270149587,10.807608303572444,11.470115661621094,1856900,69.96922260703275,50.857137172074616,44.97213114359742,35.661379350879635,32.45828756411557,4.73,100.0,1.64,9.21
FE,2002-08-02,11.57568479754774,11.728571926278399,11.339075021348004,11.451919555664062,3380900,69.631400448341,50.84000574827168,44.46571134982769,35.659790763778815,32.45747727445428,4.98,97.0,1.69,9.64
FE,2002-08-05,11.32850057332289,11.752167933903095,11.254818987709081,11.310080528259277,976900,69.64930514477457,50.89322180573292,44.39370087197692,35.661763870502895,32.47733664837651,5.2,96.0,1.71,9.71
FE,2002-08-06,11.512707370196201,11.932690710203394,11.490603168795795,11.88111400604248,982900,71.21351785627319,51.88395295076411,45.07287466651733,36.1442242939283,32.8431394649959,5.43,100.0,1.79,8.95
FE,2002-08-07,11.973219836355966,12.065321527404858,11.693230611245717,11.91795825958252,1155000,71.22004214680098,51.8871256990674,45.075919012972456,36.14022034537358,32.82985375471956,5.63,100.0,1.88,8.94
FE,2002-08-08,11.881111306814145,12.006369590759277,11.439023163163121,12.006369590759277,1266400,71.12055443418005,51.74634309830664,45.01843537477669,36.11497039084251,32.83711190458871,5.81,98.0,1.94,8.95
FE,2002-08-09,11.97321566500405,12.102157425406332,11.752171542960305,11.88111400604248,990700,71.17446659243498,51.769285401854695,43.05219660963298,36.023551329867686,32.85201465508327,5.97,92.0,1.97,10.23
FE,2002-08-12,11.64165447907533,12.091110501205971,11.64165447907533,12.057953834533691,666100,71.30410602373185,51.839037086346785,43.06471287952785,36.05112634779389,32.77867199262621,6.12,92.0,2.02,10.15
FE,2002-08-13,11.954792067272724,12.010052203037999,11.641646379178367,11.715327262878418,558500,71.71781831146484,52.17513576195645,42.35641340797988,36.21088265497001,32.867591230442315,6.26,90.0,2.01,11.07
FE,2002-08-14,11.660071194302873,12.065318679809572,11.604810333251955,11.973217010498047,1011800,71.5945695283354,52.35332675032899,42.49879973527708,36.304420314258536,32.9017037294777,6.39,90.0,2.01,10.83
FE,2002-08-15,12.120578050793643,12.190574800877634,11.99163489386879,12.127944946289062,693700,71.18940979311816,52.21391627181232,42.54818586827718,36.319161317487335,32.919550312065276,6.51,90.0,2.01,10.73
FE,2002-08-16,12.10952689759484,12.175840210887557,12.01005692765576,12.15742015838623,645400,71.12496066892024,52.12820198021233,42.46493026417585,36.256988488868906,32.88568462307499,6.63,88.0,2.02,10.88
FE,2002-08-19,12.032164200547083,12.175842605822243,11.917957603999039,12.116897583007812,624900,70.6592693722092,52.08946650338697,42.466896973526914,36.257620737391676,32.867962082991106,6.74,88.0,2.04,10.89
FE,2002-08-20,12.102159752860342,12.315836317317569,12.01005807618603,12.23110294342041,653900,70.55772938791434,52.01353919886165,42.467373742373866,36.27120447823613,32.87901769004769,6.84,88.0,2.07,10.88
FE,2002-08-21,12.360041235176201,12.488984389291753,12.04689618513494,12.470562934875488,658100,68.06508161165763,52.17148662810192,42.56724117631797,36.330372103176295,32.92646455710073,6.94,90.0,2.05,10.7
FE,2002-08-22,12.507401702060434,12.746865098127374,12.367406830210019,12.728445053100586,725700,67.9487953510464,52.34197796593547,42.593327442162725,36.23660496623287,32.97848499733014,7.04,90.0,1.98,10.57
FE,2002-08-23,12.673191487733455,12.739504808493834,12.249523205693265,12.304784774780273,516100,68.46348810962049,52.789004653832606,42.92196891455529,36.40520349559622,33.15937971140317,7.13,90.0,1.97,10.28
FE,2002-08-26,12.455828526542424,12.732133495943776,12.38951522145732,12.654767036437988,378100,68.4737382971531,53.09234074283472,43.138796077588715,36.48925255137278,33.22527312620217,7.22,92.0,1.91,9.95
FE,2002-08-27,12.710025981829308,12.813179366169706,12.452141115618849,12.581084251403809,464600,67.13559947914459,52.85706257907997,43.047643130455846,36.48109269454234,33.22453362308296,7.3,89.0,1.86,10.03
FE,2002-08-28,12.581090937905538,12.787397816232733,12.360046047091847,12.772661209106445,922000,66.9283951176999,52.88901986970368,43.10871757620653,36.52284238090161,33.255704612313444,7.38,91.0,1.78,9.94
FE,2002-08-29,12.617930843085675,12.617930843085675,12.256892406583672,12.330574035644531,645600,67.31591480258601,53.391994989628245,43.482422039431775,36.73778161526327,33.44825055490069,7.46,92.0,1.77,9.6
FE,2002-08-30,12.304783389116698,12.308466837472995,11.873746852714028,12.15742015838623,1030500,66.48213454238308,53.33678168737326,43.43720056960696,36.775976302377515,33.47807405047576,7.53,91.0,1.77,9.73
FE,2002-09-03,11.789013648205097,12.002690195151587,11.711648583425138,11.796381950378418,1196600,67.33392759996534,53.578868990057636,43.305349730911516,36.91806891881357,33.531082857930194,7.61,90.0,1.77,9.85
FE,2002-09-04,11.881117039023918,11.951113811773787,11.461133591804417,11.593759536743164,991900,61.447226249303924,53.68147410458034,43.37189058975671,36.96918218983674,33.52488630548799,7.67,90.0,1.74,9.83
FE,2002-09-05,11.420606413185848,11.623229794283299,11.346924800415898,11.47586727142334,971900,43.915998674311275,53.71350054277261,43.32650762415995,36.985939261081654,33.53200911512648,7.74,89.0,1.7,9.87
FE,2002-09-06,11.531128502105483,11.582705913782323,11.391134276536823,11.520076751708984,769600,43.76163726108571,53.714444645579796,43.26341840506995,36.97818469552873,33.51979758730763,7.8,87.0,1.66,9.97
FE,2002-09-09,11.45744854291495,11.601126931463382,11.240088533086285,11.439027786254883,707900,43.43306161892265,53.70821288963873,43.27546272713372,36.86345313772367,33.520537212326495,7.85,87.0,1.61,9.96
FE,2002-09-10,11.494283789614121,11.494283789614121,11.170085656128975,11.310080528259277,724200,40.19114331617149,53.73344504726537,43.24232601525368,36.87746621445663,33.53085825627864,7.9,85.0,1.55,9.99
FE,2002-09-11,11.51271597031624,11.542188495093033,11.221674173300045,11.420614242553711,712800,31.91588439560011,53.76587260909108,43.185308252040954,36.8974831868994,33.54332865753108,7.95,84.0,1.49,10.07
FE,2002-09-12,11.236401456887265,11.254821506072524,10.949044051910326,11.085354804992676,875700,32.37774683800104,53.982197946075885,43.43545267049219,37.05982704558758,33.674727459001524,7.99,90.0,1.36,9.85
FE,2002-09-13,11.074304451601689,11.45744773081376,11.048516096785486,11.361661911010742,631200,32.391430405228746,54.114445525589275,43.60474851696083,37.179867585069296,33.7646707335268,8.03,92.0,1.31,9.59
FE,2002-09-16,11.236407007869449,11.380085429997663,10.88642027901128,11.269563674926758,616300,32.46932823390573,53.89040329389743,43.464281041368565,37.18923233190248,33.75876687340138,8.07,90.0,1.23,9.81
FE,2002-09-17,11.512706677118937,11.512706677118937,10.993253408061719,11.05219841003418,763200,32.75557054919507,53.99618336756718,43.52977501801334,37.24052150187511,33.800600618431545,8.1,91.0,1.1,9.75
FE,2002-09-18,10.996934809714194,11.424286318533213,10.886412431632236,11.22903060913086,507300,29.60255758553264,54.07200343689076,43.60716361595945,37.28820616164266,33.83332811025375,8.14,92.0,1.02,9.64
FE,2002-09-19,11.136932550227893,11.346924222442064,10.993254185592914,11.23640251159668,855400,29.575338242849682,54.072094934629824,43.60759486115114,37.284531475627816,33.70781990361322,8.16,92.0,0.95,9.63
FE,2002-09-20,11.240086028313637,11.310083482663424,10.90483606128867,11.225349426269531,1511500,29.44448507235628,53.991898340884305,43.580429502860724,37.28304764496194,33.51796822748591,8.18,89.0,0.87,9.69
FE,2002-09-23,11.133251507493082,11.173776474033385,10.702215590579268,11.026413917541504,799000,29.70125305168071,54.090843149178504,43.60588465735032,37.329713299896525,33.46153086905301,8.2,90.0,0.77,9.66
FE,2002-09-24,11.015359902430646,11.015359902430646,10.59537650023199,10.683794021606445,835200,30.389428691992986,54.425406742444025,43.85753661370867,37.49978094988196,33.60759271246497,8.21,92.0,0.6,9.48
FE,2002-09-25,10.739056051388946,11.05957021603901,10.650638520408258,10.98220443725586,772900,30.782545769037046,54.72660499405044,43.98546642689822,37.59982120062319,33.68240760600201,8.23,92.0,0.5,9.32
FE,2002-09-26,11.125882582971096,11.486920979091506,11.04114850822446,11.24008846282959,1374700,30.88221754315307,54.71280715111371,44.13168885450211,37.68742235971215,33.76341195962239,8.24,92.0,0.45,9.13
FE,2002-09-27,11.243771862534599,11.38376608951789,10.904837694244566,11.184826850891113,1043200,30.56267747492746,54.44979578477758,43.970163473547366,37.68402158379668,33.709956594810215,8.24,90.0,0.39,9.26
FE,2002-09-30,11.030098555049014,11.184829421849786,10.901156048935016,10.985889434814453,1440200,30.834967831622112,54.54776125921034,44.04460282107805,37.73467017865094,33.53551454474433,8.25,91.0,0.31,9.2
FE,2002-10-01,11.125882894857298,11.258508832298542,10.949047140468918,11.181143760681152,1486400,31.42968543795046,54.4195793185085,44.1368036023609,37.781685411001234,33.573096488659935,8.25,92.0,0.25,9.06
FE,2002-10-02,11.199561768437926,11.43902594503461,11.004306698029506,11.258506774902344,1549700,31.35496413155032,54.38854202884904,44.135600709687566,37.77652240687999,33.50795866993109,8.24,91.0,0.22,9.03
FE,2002-10-03,11.328506791180127,11.38376765938158,10.960100066263701,10.963784217834473,1597800,31.36026653401109,53.241737550627654,44.33036622321389,37.90021143367442,33.58086179328228,8.24,92.0,0.14,8.88
FE,2002-10-04,10.96377963630787,11.052197129018444,10.610108962785798,10.90851879119873,1046700,30.46890042884004,53.00324097231842,44.211169896554225,37.86232963541581,33.58106969198161,8.23,91.0,0.05,9.06
FE,2002-10-07,10.90852314621321,11.23640490041694,10.646954011006597,10.761159896850586,1442800,29.355860713465333,52.6726019986259,44.23712156325265,37.87522341028831,33.60597783785475,8.21,91.0,-0.04,9.08
FE,2002-10-08,10.794317986810848,10.823790500049396,9.847512708507278,10.34486198425293,2200000,29.377959671741998,52.95095265062151,44.645469601690586,38.14768196286809,33.80186402054219,8.19,95.0,-0.17,8.74
FE,2002-10-09,10.315386718245534,10.315386718245534,9.43121085436048,9.549100875854492,2127600,36.252594923022606,54.737261015924155,46.3505615952687,39.252009546005795,34.64919380135941,8.19,100.0,-0.15,7.77
FE,2002-10-10,9.615414136793602,10.7353700376308,9.545416673403793,10.650636672973633,2038500,49.54516929175188,59.21181806664539,49.59524832147098,41.386057797462286,36.357245191108944,8.23,100.0,-0.23,6.69
FE,2002-10-11,10.84220901090734,10.849577313358543,10.34485983833104,10.683794021606445,980100,48.82450191742076,58.939346749017105,49.4553728495381,41.388897089856876,36.33811111846409,8.27,99.0,-0.3,6.83
FE,2002-10-14,10.315383724518812,11.033776800691129,10.315383724518812,10.860625267028809,1419600,49.11763534529544,58.554896646029405,49.472937658449695,41.43208770796431,36.37399991507252,8.29,99.0,-0.32,6.81
FE,2002-10-15,10.952727983661307,10.978516333077854,10.263808039294219,10.392749786376953,2077100,49.92430996004843,59.29030250771924,49.9142373320083,41.74247437232717,36.615289265127196,8.32,100.0,-0.4,6.56
FE,2002-10-16,10.39274709189058,10.554846149641865,9.578569059149132,9.689090728759766,2325700,53.354020970052204,58.14146136353004,50.99216887981929,42.52280977668618,37.21323062920989,8.36,100.0,-0.41,6.11
FE,2002-10-17,9.96908686148576,10.389071051296034,9.611732552496099,10.370650291442871,1796700,57.469349824001704,50.933446688174044,52.2062668968814,43.122606242995815,37.84029128510977,8.42,100.0,-0.47,5.41
FE,2002-10-18,10.204864707137043,10.540114709685074,9.880666454613273,10.481169700622559,1071300,57.5763594593064,50.884940380527745,52.24377492810147,43.06214525610735,37.84630052403952,8.46,100.0,-0.51,5.37
FE,2002-10-21,10.462750387958502,10.882734513755704,10.374332862180152,10.8753662109375,1054300,58.716521266126264,51.31827439450787,52.59772748473816,43.2870180731814,37.966879148282494,8.5,100.0,-0.51,5.11
FE,2002-10-22,10.871683129569533,11.089043165339897,10.333808916461141,10.69484806060791,1019400,58.814468521241736,50.16483035094696,52.63996041444277,43.313728284058016,37.99731052396433,8.54,100.0,-0.52,5.11
FE,2002-10-23,10.739053030795256,11.14430046081543,10.739053030795256,11.14430046081543,1052600,60.045860371829164,47.71051394531614,52.94274485359336,43.60517739966831,38.20772616762986,8.57,100.0,-0.5,4.87
FE,2002-10-24,11.217978863198436,11.413233869921115,11.03377560240818,11.22903060913086,1265700,59.452546121044215,47.46563579133048,52.919192688827586,43.592843716657114,38.2010617784334,8.6,99.0,-0.47,4.89
FE,2002-10-25,11.265876889730361,11.512709407535114,11.037464425905657,11.439027786254883,1269400,59.2630846756347,47.351795871928246,53.00967080655151,43.608672548312846,38.239272631148566,8.62,100.0,-0.44,4.81
FE,2002-10-28,11.637967206213506,11.715332272583328,11.512708877412855,11.586390495300293,946000,59.31695450446172,47.42353054337151,52.9773310735109,43.533365167366405,38.230248623317095,8.63,99.0,-0.41,4.79
FE,2002-10-29,11.593755231709778,11.825851076180008,11.475865234348403,11.741118431091309,1457900,59.09710084969761,47.42335682406262,52.95478883695972,43.56487631971188,38.229970796631875,8.64,98.0,-0.37,4.8
FE,2002-10-30,11.789016079562877,11.936379342701505,11.671126031196067,11.906906127929688,1298900,59.06179879983555,46.4191813646214,53.003233846473044,43.55557761708255,38.24717608262281,8.63,99.0,-0.34,4.76
FE,2002-10-31,11.951108123832539,11.995317922237954,11.744800650032104,11.954792976379395,1002200,59.063405015967994,46.42214527158225,53.006884697629154,43.559113674584864,38.22554748277013,8.62,99.0,-0.31,4.75
FE,2002-11-01,11.789010918057832,11.954794165164943,11.696909270260505,11.840587615966797,679500,59.154765954356606,46.43799171566796,53.02000381073505,43.57183856422404,38.205351583277505,8.6,100.0,-0.28,4.75
FE,2002-11-04,11.862701052188433,12.34162968423591,11.844280990448267,12.168478012084961,3002500,59.29968480511114,46.726755180468935,53.193140954621754,43.678470323394045,38.29992975219438,8.58,100.0,-0.27,4.62
FE,2002-11-05,12.215046232838862,12.293301120511735,12.021274729812074,12.259763717651367,1201400,58.378248175826876,46.65471685006703,53.19400968021589,43.66522819131495,38.21177675582269,8.54,100.0,-0.27,4.61
FE,2002-11-06,12.297031299779706,12.613772446477649,12.297031299779706,12.546697616577148,897900,58.24125860504664,46.485274835160226,53.31514136734121,43.69517400090065,38.263729040668345,8.5,100.0,-0.28,4.52
FE,2002-11-07,12.40882283316287,12.494529248679624,11.957932003988308,12.188966751098633,1189400,58.73918098530309,46.68498392267618,53.46657336992195,43.82723604492923,38.28254544912449,8.45,100.0,-0.26,4.49
FE,2002-11-08,12.192687719796371,12.192687719796371,11.801418294931269,11.905756950378418,1249500,59.19400286381573,46.86187736684666,53.51780280340361,43.906154085202274,38.328235887229845,8.4,100.0,-0.23,4.51
FE,2002-11-11,11.909489956457351,11.909489956457351,11.615106804923201,11.767888069152832,571800,59.03674695425705,46.91552931787629,53.388520672209594,43.906451678181824,38.333919936717635,8.35,98.0,-0.19,4.56
FE,2002-11-12,11.771615287251562,11.771615287251562,11.27228112438576,11.343082427978516,1420700,59.907670308676074,47.49717891534129,53.68957684243559,44.08352941365571,38.507121682789716,8.28,100.0,-0.13,4.46
FE,2002-11-13,11.346806128245607,11.6411892271853,11.283457758486547,11.51076602935791,980500,60.0223881135477,47.5594193472114,53.713012474638,44.112546643245835,38.53544232961863,8.21,100.0,-0.08,4.41
FE,2002-11-14,11.73807440044081,11.73807440044081,11.51076543064332,11.603924751281738,548800,59.49187237853353,47.408298237129976,53.728721586745806,44.103379292747455,38.52654613582033,8.13,100.0,-0.03,4.39
FE,2002-11-15,11.365438670652535,11.820055961608887,11.346807088279059,11.820055961608887,1251700,59.64334850020536,47.370762526919755,53.757988262020206,44.080185931783916,38.57186244135289,8.02,100.0,-0.01,4.33
FE,2002-11-18,12.017553645008272,12.047365313113655,11.682180197064875,11.801424026489258,749200,59.45975779798546,46.880836117695374,53.75544780105683,44.0753650263091,38.56800569092526,7.91,99.0,0.01,4.34
FE,2002-11-19,11.697087741633172,11.793973550782901,11.495863915514073,11.693361282348633,688500,58.212809139710906,46.52557456083044,53.769901879546865,44.06086703389682,38.55463091145998,7.79,100.0,0.05,4.35
FE,2002-11-20,11.7194420335339,11.980288398102688,11.618829803421724,11.816327095031738,943600,52.47414927304096,46.57779696222093,53.76761964839376,44.08146700101873,38.49421972992207,7.65,99.0,0.07,4.33
FE,2002-11-21,11.831232065875543,11.909485543104438,11.663545027886324,11.793968200683594,754100,42.65555685862799,46.456055136319144,53.60754556491949,44.078600209320925,38.483896219962105,7.5,93.0,0.06,4.38
FE,2002-11-22,11.79397001936201,12.170333765414224,11.738074568329335,12.155427932739258,707500,43.35579347158026,46.35157821828659,53.64363462056948,44.20675998045997,38.60330113567307,7.35,93.0,0.01,4.3
FE,2002-11-25,12.155428180035484,12.315662330805138,11.961656615814078,12.0436372756958,727500,43.370483202207,46.29962451836132,53.64900094628727,43.91975829038367,38.61414543463974,7.18,93.0,-0.02,4.3
FE,2002-11-26,12.047366398106274,12.047366398106274,11.741803169250488,11.741803169250488,541800,41.908153608009485,46.17791662771963,53.648251282325575,43.9530729838088,38.68534979987722,7.0,92.0,-0.01,4.3
FE,2002-11-27,11.805151398813448,11.834962358477146,11.659823059296594,11.756708145141602,571200,35.554254789204215,46.03828668310037,53.6179060185058,43.92737253384305,38.6439006522141,6.8,90.0,0.02,4.3
FE,2002-11-29,11.756707733741093,11.816329650982148,11.607652940638458,11.805150985717773,368700,30.3934296879326,45.99296942964203,52.74207548676435,43.92989112887507,38.644964478899205,6.61,74.0,0.12,4.61
FE,2002-12-02,11.980293923125421,11.980293923125421,11.652372587252431,11.730626106262207,1031300,30.485397751263122,46.008379431462764,52.60902441558331,43.891616754935285,38.6477102107068,6.42,72.0,0.2,4.73
FE,2002-12-03,11.812602602099034,11.820054807871442,11.600198745727539,11.600198745727539,1293600,29.093918567258164,46.04427723817403,52.40983708997109,42.790856254903545,38.65438397172149,6.22,70.0,0.25,4.89
FE,2002-12-04,11.309539414140273,11.574111490875719,11.179116249084473,11.179116249084473,2002100,30.77804681747,46.6156836526228,52.565050552048355,42.989097504454385,38.708958855099866,6.02,70.0,0.25,4.89
FE,2002-12-05,11.23129014057458,11.387797864909203,11.11577275451193,11.354260444641113,1217600,28.735012789295872,46.683791643172235,52.18335255223315,42.49493655993237,38.707484389039266,5.82,66.0,0.32,5.02
FE,2002-12-06,11.477228615323746,11.514492487667178,11.313268714211443,11.51076602935791,1468400,28.91766530957786,46.351679245920124,52.16912356068263,42.52600193125515,38.689906327678756,5.6,65.0,0.42,4.99
FE,2002-12-09,11.458597818402268,11.80142418806574,11.454871359838076,11.674727439880371,1331800,28.711601055772075,46.169434962177434,52.01567801633333,42.56000817374146,38.70533691941171,5.37,64.0,0.57,5.03
FE,2002-12-10,11.719448418028618,11.775343894958496,11.66355223034919,11.775343894958496,790100,28.58259083296555,46.16369252692286,51.70300331268223,42.524847311045754,38.714754343449314,5.13,63.0,0.75,5.16
FE,2002-12-11,11.77533596539553,11.99146551853147,11.667270833453024,11.984012603759766,577200,28.775469653864715,46.09524504306519,51.76353475909744,42.57643892668826,38.73816246140229,4.87,63.0,0.93,5.1
FE,2002-12-12,11.909486866348768,11.961655856964446,11.730621146452854,11.849864959716797,789000,28.68976822931196,46.06544463236627,49.69031319538792,42.581635564076436,38.754091331819055,4.67,59.0,0.28,5.66
FE,2002-12-13,11.853598055611144,12.025011666229716,11.81633416541149,11.924399375915527,871700,28.725725536377894,46.07855761351411,43.550447516812554,42.581782549323236,38.73822695304603,4.65,30.0,0.39,2.81
FE,2002-12-16,11.756707844010112,12.207598686218262,11.756707844010112,12.207598686218262,1191600,29.365870944990686,46.30581429907086,43.6398255447076,42.6226755497594,38.806910018141345,4.62,35.0,0.44,2.76
FE,2002-12-17,12.222499146974279,12.259763717651367,12.136792766664012,12.259763717651367,805300,28.313150150754918,46.134098897899655,43.53207562518085,42.615214043210464,38.80764242097439,4.6,28.0,0.53,2.8
FE,2002-12-18,12.259771723454625,12.293309148215402,12.147979359919399,12.203875541687012,723900,28.26121076722342,45.62997881569098,42.61209008370017,42.61232420451339,38.80347740263282,4.6,9.0,0.62,3.09
FE,2002-12-19,12.203869223975419,12.241132378197431,12.065993847556113,12.222500801086426,676900,27.394610098168876,45.32357781958766,40.430010739549836,42.557448404184235,38.722603918173064,4.64,1.0,0.66,3.34
FE,2002-12-20,12.222503559910646,12.319390057153932,12.211324895420471,12.282125473022461,1833200,26.108056983494944,45.10857056671111,40.25798040956688,42.5600591759748,38.71938492184044,4.69,1.0,0.66,3.45
FE,2002-12-23,12.297032356262207,12.416276192663645,12.256042020968215,12.297032356262207,881500,25.11716293596348,45.088872125473586,40.0815299214209,42.55979252936438,38.719588554704664,4.75,1.0,0.61,3.57
FE,2002-12-24,12.401367230553447,12.464716302260316,12.308207918012634,12.3342924118042,221700,24.829540342657822,44.90542587408299,40.08152901437813,42.50198449251476,38.72045259281791,4.8,1.0,0.57,3.57
FE,2002-12-26,12.352925103055124,12.490800484153217,12.29330320137771,12.323113441467285,425300,22.036862199527203,44.789342727144344,40.02655977333852,42.274780105371185,38.72044448173927,4.84,1.0,0.55,3.59
FE,2002-12-27,12.30821127943489,12.390191951739512,12.27467386090106,12.300758361816406,495300,21.779020234822365,44.78110526342894,39.26856256461386,42.26483839866164,38.71935903797427,4.91,1.0,0.51,3.99
FE,2002-12-30,12.259769190448754,12.360380022444808,12.15170401949162,12.297032356262207,1037800,21.718683398234518,44.40159680758982,39.266212414728955,42.22001349910257,38.70971835999091,4.97,1.0,0.48,4.0
FE,2002-12-31,12.278396656264654,12.297028232923994,12.174057268275627,12.285849571228027,486100,21.156587820290063,44.38194619069441,39.25023316044626,42.184041041879304,38.70648060186884,5.03,1.0,0.45,4.01
FE,2003-01-02,12.27840077335548,12.30821102170651,12.24113618604337,12.297032356262207,889900,21.139584439083393,44.26381594615372,39.21269893181344,42.18297385156839,38.70446719619307,5.08,1.0,0.41,4.03
FE,2003-01-03,12.29703264648501,12.438635238615682,12.293306898415194,12.382739067077637,921600,20.9551495139955,43.41101287564278,39.159020869547156,42.1482597562467,38.70933662515606,5.12,1.0,0.38,4.08
FE,2003-01-06,12.47217154874448,13.113106772189624,12.47217154874448,13.005043029785156,1873900,24.928401125215156,40.849163432394406,39.63433954970444,42.49648535004419,39.0109452465422,5.16,6.0,0.33,3.82
FE,2003-01-07,13.008773152970015,13.008773152970015,12.576513773467823,12.617504119873047,1173400,26.721870383718855,35.30088593905034,39.80182703882789,42.65021116412908,39.12503282856713,5.19,7.0,0.27,3.76
FE,2003-01-08,12.617504119873047,12.665947385760951,12.498260251148238,12.617504119873047,805400,25.377837206683267,35.305565500939416,39.75285483637793,42.639612863739785,39.087424604801825,5.22,7.0,0.23,3.8
FE,2003-01-09,12.61750581401559,12.61750581401559,12.442365736404277,12.539252281188965,666500,25.28440460216828,35.2366674210096,39.76530950781728,42.56362250213508,39.08170807722093,5.25,8.0,0.19,3.8
FE,2003-01-10,12.446087541419502,12.557878457474448,12.416275872338918,12.475897789001465,482600,24.075094521189268,33.92403268617629,39.77028556411846,42.54317212044249,39.079288597668864,5.28,9.0,0.16,3.79
FE,2003-01-13,12.475892691152202,12.569051986714717,12.29702701425194,12.390186309814453,858900,24.213110550778637,30.39160672604375,39.75952328115764,42.5510565214262,39.08240546092964,5.31,8.0,0.15,3.81
FE,2003-01-14,12.483347088105068,12.602590886868603,12.37155620445153,12.505705833435059,869900,24.303098766238676,27.350456623414505,39.6671580784365,42.564392247091185,39.08452089907271,5.35,7.0,0.14,3.88
FE,2003-01-15,12.539246121905954,12.557877703212943,12.352927465838992,12.356653213500977,913100,24.524380855665658,27.478106837958023,39.57596556071532,42.57621278925476,39.093474659005544,5.38,6.0,0.17,3.96
FE,2003-01-16,12.438637515012452,12.446090434014732,12.181516784680175,12.203875541687012,1027700,24.584693057875846,26.707144133068688,39.25856748880372,42.563805530391555,39.11287716778561,5.42,4.0,0.18,4.14
FE,2003-01-17,12.110718116164207,12.16288713599397,11.905767786190495,11.924399375915527,960500,22.9703113160306,26.93054690733122,39.16621910375862,42.64319670397967,39.1544705426656,5.46,2.0,0.24,4.24
FE,2003-01-21,11.969107298303864,12.065993773080223,11.589017868041992,11.589017868041992,861900,24.253069509121765,26.362400665401342,39.40842800877426,42.72012522539997,39.245954144775716,5.5,8.0,0.29,4.09
FE,2003-01-22,11.592748034034635,11.723170536226178,11.410155820217147,11.648643493652344,869700,23.979514726707762,26.339751071472396,39.33749189573045,42.71426665404589,39.24986156043808,5.54,8.0,0.36,4.15
FE,2003-01-23,11.648641791140824,11.924393300935039,11.648641791140824,11.831233978271484,857400,24.053099709562442,26.260244573749546,39.035067121218646,42.65518569974986,39.271433896964695,5.58,1.0,0.4,4.29
FE,2003-01-24,11.756706888636291,11.834961093608367,11.551756651696225,11.708264350891113,1055800,24.125865509880324,26.229676266507372,39.00638988485557,42.66493766931372,39.28432662457826,5.63,1.0,0.43,4.31
FE,2003-01-27,11.663547622730386,11.682179914846131,11.365438056371179,11.376617431640625,925800,24.88479609782833,26.741652007123452,38.97959279832407,42.7968745862682,39.38614629179629,5.67,1.0,0.41,4.33
FE,2003-01-28,11.391518461403304,11.630006028797734,11.365433972563167,11.622553825378418,794000,25.58787417781413,26.95455472212534,39.03515782640518,42.8624361549313,39.44158607267506,5.71,4.0,0.41,4.26
FE,2003-01-29,11.53312507042868,11.741801765772108,11.380343829637155,11.708264350891113,868100,25.61506487692482,26.986525295916696,39.01740554164412,42.871323395998665,39.44751823766414,5.75,3.0,0.42,4.26
FE,2003-01-30,11.60392671888757,11.764160891275438,11.53685188293457,11.53685188293457,1539600,24.87725435566199,27.08239309145054,39.08478269539156,42.84006484161042,39.46519688830608,5.79,6.0,0.42,4.22
FE,2003-01-31,11.536853856590495,11.689635848370095,11.410157791254054,11.626287460327148,1014200,24.971529216975142,26.516707961452713,39.08711738158864,42.84112859768315,39.332798192798165,5.83,7.0,0.43,4.21
FE,2003-02-03,11.607651662249186,11.749254233163516,11.551756209835315,11.600198745727539,933900,24.95796320941904,26.462568036953098,39.04566114659778,42.83417526857216,39.27220603050036,5.87,6.0,0.46,4.24
FE,2003-02-04,11.663549237968164,11.663549237968164,11.458598971557134,11.555484771728516,2598400,24.946475835486172,25.988457632824346,39.021325663460196,42.835016470836585,39.26429623973139,5.91,4.0,0.47,4.26
FE,2003-02-05,11.700700074283489,11.700700074283489,11.414029068374218,11.470608711242676,1300800,24.911421468140432,25.3806555438749,38.745167588157436,42.835569198375914,39.26199809511369,5.95,1.0,0.53,4.43
FE,2003-02-06,11.474387537724947,11.534739288237075,11.372543688942127,11.481931686401367,629900,24.908751193552845,24.946033949233478,38.54935424884717,42.750692017233156,39.262246794993146,6.0,1.0,0.54,4.59
FE,2003-02-07,11.497014534726478,11.497014534726478,11.03306037372978,11.063236236572266,1320300,26.812759267733245,25.9551455609595,38.97990081599052,42.93443081184923,39.41234443560506,6.04,4.0,0.5,4.34
FE,2003-02-10,11.142448353171268,11.255607659242273,11.055692117770887,11.165080070495605,1025300,27.059196977557537,24.941042264428066,38.88412496245789,42.93395495841385,39.38758942519996,6.08,3.0,0.52,4.38
FE,2003-02-11,11.165082486330062,11.165082486330062,10.750163741876513,10.787883758544922,1002300,28.51087540467715,25.699981675633904,39.182190564809424,43.07176949207479,39.44737756711118,6.11,16.0,0.44,4.23
FE,2003-02-12,10.791654606850875,10.791654606850875,10.372963836324514,10.429543495178223,1967200,29.720807725180382,26.482922285308685,39.53829026638431,43.24692282924033,39.58469852584135,6.14,24.0,0.32,4.04
FE,2003-02-13,10.372962529911362,11.05191978954402,10.199451502019421,11.010428428649902,1900500,34.384856556994585,28.579599575996046,40.488854195963846,43.738064921321026,39.93238757396149,6.16,38.0,0.28,3.57
FE,2003-02-14,11.10850230253094,11.214117480933222,10.863322565355485,11.029290199279785,1217200,34.39488713432277,28.58560684506164,40.39032680136655,43.733272753779886,39.93314606315811,6.19,37.0,0.28,3.62
FE,2003-02-18,11.078324554544546,11.210343505144278,11.033060400446551,11.165080070495605,1086900,34.569952262725934,28.664542426697658,40.11649360091932,43.75269863655745,39.95434584657115,6.21,36.0,0.37,3.75
FE,2003-02-19,11.146219706517556,11.183939715024332,11.067008336157716,11.165080070495605,1348400,30.81863230952114,28.569485987218552,39.88032537615228,43.65955711237544,39.93972224834189,6.24,33.0,0.4,3.91
FE,2003-02-20,11.270699276037831,11.45175523796161,11.248067550590951,11.3876314163208,1186600,30.676513331994602,28.881015585819725,39.83301311324923,43.69994633710243,39.97423797153286,6.27,33.0,0.42,3.95
FE,2003-02-21,11.61771889909774,11.712018567822396,11.395171623351604,11.447979927062988,1524100,30.76581484410015,28.19040460282185,39.832993280123944,43.70498135572189,39.934132840135184,6.29,33.0,0.45,3.94
FE,2003-02-24,11.353681629690621,11.432893015651162,11.10850260528249,11.161310195922852,1549500,31.41992837230669,28.582524781702002,39.93636631908723,43.75303054973622,40.01141854316818,6.32,36.0,0.49,3.88
FE,2003-02-25,11.03306351743366,11.278242562820058,10.957623479107294,11.093415260314941,1322200,31.42475988528719,28.157764135333913,39.84983046763747,43.71220561583945,40.009557748945184,6.35,35.0,0.47,3.96
FE,2003-02-26,11.093413473871847,11.100957620379505,10.829374101699036,10.844462394714355,1127700,31.885352840232006,28.503462110270007,39.99462917710196,43.78880338425777,40.05464977524948,6.37,38.0,0.4,3.89
FE,2003-02-27,10.95762725933069,11.119822894072863,10.942539678130135,11.059471130371094,711500,32.40935201691921,28.806271639426413,39.89747441736392,43.85461580961274,40.08268447637143,6.4,37.0,0.41,3.91
FE,2003-02-28,11.146220944230386,11.232977189264464,11.033061625593799,11.127361297607422,980000,32.45106102908561,28.822463540040932,39.90025760711819,43.857277067218455,40.08101082483936,6.42,38.0,0.45,3.9
FE,2003-03-03,11.221666531090559,11.304650024587467,11.10850715637207,11.10850715637207,614700,32.34284779821454,28.74311612223341,39.840165154786554,43.85074095017185,40.06438269938251,6.45,35.0,0.52,3.93
FE,2003-03-04,11.18394586388945,11.202806238236818,10.96517055760801,11.002890586853027,560100,31.847014732839334,27.79977381124287,39.36024576632903,43.85620741963246,40.009413096192766,6.48,23.0,0.61,4.18
FE,2003-03-05,10.995343495045047,11.263154983520508,10.965167623613258,11.263154983520508,979000,31.739309431560997,28.035402433541677,37.33748634087421,43.94304340035412,40.078875183448666,6.53,1.0,0.12,4.31
FE,2003-03-06,11.165080974934751,11.334819947791143,11.070781305753629,11.323504447937012,992900,31.742899229019695,27.911531724209166,33.12721928863265,43.91441474341104,40.0638290961808,6.63,1.0,0.22,1.58
FE,2003-03-07,11.089641284912092,11.206572676763152,10.976481966275506,11.127361297607422,1224000,31.69458886872078,27.96605812259545,33.24864949707045,43.90806725286667,40.09850387109321,6.73,2.0,0.29,1.52
FE,2003-03-10,11.089637756347656,11.146217397663115,10.976478473716739,11.089637756347656,836200,31.597864954874737,27.902091180411748,33.15444325328793,43.80322351286141,40.096925239736734,6.82,2.0,0.33,1.57
FE,2003-03-11,11.108503558439613,11.244294620230491,10.927447610302568,10.957623481750488,1321400,30.717987930674596,27.718746196195575,32.44851408307224,43.818663083740056,40.09237252341358,6.92,1.0,0.37,1.75
FE,2003-03-12,10.957621006225558,11.0594648191475,10.848233766732978,11.033061027526855,1259200,30.06938576182498,27.694817498180065,30.420560654809957,43.80463319145555,39.86708655387886,7.04,1.0,-0.51,1.19
FE,2003-03-13,11.183943533500026,11.221663554885353,11.010432442356919,11.199031829833984,697400,30.34747633672037,27.85090530283642,28.570041765329417,43.84168118587514,39.846944301314544,7.18,1.0,-0.6,0.47
FE,2003-03-14,11.221659441112186,11.278239092723732,11.093411847086388,11.202799797058105,771900,30.088275804854455,27.38061729447423,28.526558427207505,43.80508674041936,39.826532866743044,7.31,1.0,-0.66,0.49
FE,2003-03-17,11.232974479075516,11.534733068933804,11.232974479075516,11.429117202758789,1252700,30.602877131586155,27.70839891777993,28.102506022951456,43.86951061001029,39.87882670840449,7.44,1.0,-0.62,0.55
FE,2003-03-18,11.481929839679648,11.734653024095493,11.421578098874326,11.681844711303711,1432100,31.27892524630445,28.096959870880017,28.168074516475933,43.945308215484026,39.906503916475074,7.55,2.0,-0.6,0.52
FE,2003-03-19,11.715796763774964,11.764833020030597,11.591321164783382,11.712024688720703,761800,31.261343564953552,28.101406475871126,27.41949142774293,43.92618033451467,39.02860756481,7.66,1.0,-0.56,0.61
FE,2003-03-20,11.712022358949493,11.761058605450769,11.583774710414845,11.67430305480957,974600,31.194232677033636,28.081735932296198,27.40212785065636,43.819163546083416,39.009778618257215,7.77,1.0,-0.52,0.62
FE,2003-03-21,11.693160575752637,11.97983169555664,11.693160575752637,11.97983169555664,1537100,32.04168815860588,28.60726057990805,27.54938257552711,43.808804976814024,38.67982321114678,7.86,3.0,-0.52,0.58
FE,2003-03-24,11.979828509147241,11.979828509147241,11.598857808611768,11.621489524841309,846900,31.38632330558455,29.246182821464217,27.907243635447216,43.94799209504951,38.797219984270455,7.94,4.0,-0.52,0.49
FE,2003-03-25,11.730881242137846,11.976060285188815,11.644125702503576,11.813864707946777,744000,31.60705689361507,29.463054267019444,27.949748947664187,43.8838122040233,38.83248647512591,8.0,5.0,-0.52,0.48
FE,2003-03-26,11.821410355414178,11.825182429718094,11.64789853468217,11.67430305480957,917200,29.997022840305675,29.551404961337667,27.922919513683738,43.88850188585422,38.813087898139784,8.06,5.0,-0.51,0.49
FE,2003-03-27,11.644125414885469,11.862900655204673,11.580001600337624,11.817636489868164,585400,28.043487971442055,29.67256725209483,27.98454961352258,43.32770458300466,38.83245647146069,8.11,7.0,-0.5,0.46
FE,2003-03-28,11.79500163063953,11.927021298363423,11.768597840984615,11.855353355407715,671800,23.694593612878315,29.682984057219606,27.947836397503707,43.225660151401456,38.822307862853286,8.15,6.0,-0.51,0.48
FE,2003-03-31,11.855357751457689,12.02886884464302,11.828953952012059,11.88176155090332,1057200,23.69364311710431,29.687054579952537,27.60562581995694,43.06552335659238,38.817590849192285,8.19,4.0,-0.47,0.59
FE,2003-04-01,11.881765499711037,12.070364952087402,11.881765499711037,12.070364952087402,1452700,23.840701889584427,29.83671590600695,27.695577680530086,42.98228680355355,38.81029416431854,8.22,5.0,-0.45,0.55
FE,2003-04-02,12.277821926257417,12.277821926257417,11.983607292175293,11.983607292175293,1435600,24.000168525371983,28.02608722251554,27.463990826344837,42.69236269877442,38.80859677716311,8.24,3.0,-0.4,0.64
FE,2003-04-03,12.074131832069156,12.130712222367242,11.919481115456245,12.03264045715332,768300,23.437432346841092,27.39057425085447,27.090420271139898,42.65707560013651,38.80596708060351,8.26,1.0,-0.38,0.76
FE,2003-04-04,12.032638553417817,12.100535154923218,11.900618862692266,12.0665864944458,1233600,23.41677786205039,27.400132478363403,26.83321248480417,42.5280033681782,38.76410287575499,8.27,1.0,-0.4,0.87
FE,2003-04-07,12.258954026759998,12.258954026759998,11.802544083714706,11.840263366699219,1775100,22.83713090475189,27.631569149175593,26.939374375008647,42.38040859057629,38.80953257299336,8.27,2.0,-0.4,0.82
FE,2003-04-08,11.847816639113784,11.93834428303135,11.776148651218719,11.802553176879883,806300,22.76319469184471,27.62232830016157,26.29046435106983,42.382048448250146,38.81035604701806,8.27,1.0,-0.37,0.95
FE,2003-04-09,11.84403799550799,11.934565589220421,11.71579039121971,11.776142120361328,676600,21.57030431229024,27.595826885344287,26.193583536234243,40.99039374448051,38.763643923188724,8.26,1.0,-0.37,1.01
FE,2003-04-10,11.776145219340783,11.82140938783328,11.674302099269383,11.708250045776367,1096100,21.093922487941892,27.5322999372657,26.180388753067813,36.87965910745363,38.59238354743842,8.24,1.0,-0.36,1.02
FE,2003-04-11,11.749740084058798,11.757284231190843,11.530964853375774,11.564912796020508,1076500,21.447339365987013,27.53791687578427,26.086496888049897,36.87069477310112,38.60299151772102,8.22,1.0,-0.37,1.08
FE,2003-04-14,11.749740241100255,12.017551712271544,11.749740241100255,11.97983169555664,1213400,23.568990100249092,28.419562070349013,26.68581216242847,37.0341985293359,38.730420131029405,8.17,5.0,-0.38,0.91
FE,2003-04-15,12.134485605606931,12.236329461830811,12.047730767287963,12.17597770690918,1321500,23.606676596914838,28.2125369112021,26.764402058754584,36.493469422380265,38.735548860414255,8.12,6.0,-0.42,0.86
FE,2003-04-16,12.179744930653841,12.258956302968105,12.108076265218257,12.164656639099121,1210100,22.856300785539453,27.565537647645783,26.7164971527462,35.07007167222759,38.7348573307434,8.06,6.0,-0.45,0.89
FE,2003-04-17,12.108077733705011,12.247642289164768,12.081673939731296,12.126938819885254,894500,22.898233349486794,27.56204161472206,26.719710475024627,34.955263972797894,38.704056217220504,7.99,7.0,-0.48,0.89
FE,2003-04-21,12.130710389513522,12.258958007766108,11.994918624434447,12.145798683166504,673200,22.122444347610084,27.387947063022967,26.286975246107414,34.839036212250896,38.66810004080923,7.91,4.0,-0.48,1.05
FE,2003-04-22,12.145800792803154,12.360803978556543,12.055272454060034,12.30045223236084,767200,22.213141768040852,27.404963677280143,26.320980623959816,34.868802553309195,38.6871649137549,7.82,6.0,-0.51,1.03
FE,2003-04-23,12.300454340522348,12.440017507725907,12.2551908828427,12.353261947631836,705000,21.726235274411923,26.710552509561968,26.006167074188102,34.83813848394524,38.68141364060481,7.73,1.0,-0.56,1.15
FE,2003-04-24,12.372115003824659,12.760630578323045,12.372115003824659,12.65878677368164,1009100,22.510218834641176,26.81505799591503,26.28189980677178,34.470828939996785,38.69164338343213,7.63,5.0,-0.6,1.02
FE,2003-04-25,12.666334521766979,12.673877230420356,12.48150650398087,12.538086891174316,828700,22.651530887867523,26.879663608448155,26.327018430679278,34.4892512214707,38.684520530211216,7.53,9.0,-0.65,1.0
FE,2003-04-28,12.553173228374693,12.813441272025056,12.54940187420393,12.711597442626953,784900,22.807959524438477,26.79436417219858,26.38524068687218,34.515867504297105,38.70770401803307,7.42,10.0,-0.69,0.96
FE,2003-04-29,12.74177683413496,12.885112801619504,12.704057524275603,12.749320983886719,802300,22.312228522377666,26.765777278145336,26.31716433812239,34.49327672956034,38.70854114002365,7.31,8.0,-0.72,0.99
FE,2003-04-30,12.760634480633835,12.813442075730551,12.58712196101727,12.72291374206543,1349700,21.682787169517965,26.764756018019458,25.610825222561033,34.45195621231893,38.69922529835731,7.19,1.0,-0.71,1.12
FE,2003-05-01,12.722913002933328,12.873793070643536,12.636157467614597,12.741772651672363,1397700,21.68629550993218,26.741086478553644,25.508715359990703,34.27744601902427,38.66864600118744,7.07,1.0,-0.73,1.19
FE,2003-05-02,12.753089161294307,12.805896751539592,12.602209098680133,12.704052925109863,2563400,21.680109321721805,26.692933523699725,25.437272037457664,34.185808027172904,38.662489560304046,6.93,1.0,-0.75,1.24
FE,2003-05-05,12.801322991062717,12.801322991062717,12.492351334972291,12.713590621948242,1101100,20.55579602159491,26.693247809343145,25.34963536006325,34.153432962127106,38.619891466836606,6.79,1.0,-0.79,1.3
FE,2003-05-06,12.702145085501154,12.709774176255241,12.568639635055305,12.660185813903809,858600,18.246891698420935,25.471499699496043,25.331680215053098,34.156536757035646,38.61484497601931,6.65,1.0,-0.83,1.32
FE,2003-05-07,12.6601851646879,12.6601851646879,12.499978632368293,12.6029691696167,1004800,17.900466201715666,25.46727937624246,25.200257724764956,34.15857673514939,38.53687093950806,6.49,1.0,-0.87,1.42
FE,2003-05-08,12.564819269803538,12.610593795776367,12.511417111268257,12.610593795776367,947300,17.408535040215355,24.31558567447801,25.129599586691757,34.141214348768386,38.52996450619723,6.37,1.0,-0.91,1.45
FE,2003-05-09,12.637298814596358,12.648741722106934,12.511421011579452,12.648741722106934,1319600,17.168855247674433,23.103080569774086,25.116299544404914,34.06634545344748,38.52821289371866,6.37,1.0,-0.94,1.46
FE,2003-05-12,12.67926099576479,12.721218817978203,12.534311161889672,12.62585735321045,1010600,17.206611275915304,20.532153198468343,24.84923701959519,33.9805026523732,38.51967920853853,6.36,1.0,-0.96,1.63
FE,2003-05-13,12.625854755742285,12.732660563777749,12.339770420294045,12.656371116638184,595000,17.20681855125529,20.53182472861318,24.843529081681464,33.7426657003059,38.52024216540682,6.34,1.0,-0.98,1.64
FE,2003-05-14,12.675445383921161,12.73647666153915,12.51142355249148,12.57627010345459,788200,16.87292808819367,20.500668698850173,24.854046983184894,33.587506322630404,38.474916795211826,6.34,3.0,-1.01,1.63
FE,2003-05-15,12.580087328942374,12.728851017484224,12.580087328942374,12.721221923828125,1083300,16.915506832137492,20.58765005227293,24.91646506678367,33.60777920931569,38.484855486885536,6.36,4.0,-1.03,1.58
FE,2003-05-16,12.797506843472274,13.064519205852832,12.797506843472274,12.988229751586914,1031600,17.765063337776247,20.62642331021475,25.116172717229006,33.6501046716938,38.532666563009286,6.37,5.0,-1.02,1.45
FE,2003-05-19,12.91194004140558,13.003487675730266,12.8089509535532,12.892868041992188,696500,17.99544138630418,20.708238370009514,25.147415196883284,33.398982514809774,38.53960024163709,6.38,8.0,-1.03,1.44
FE,2003-05-20,12.950085175836362,13.060704806845303,12.942456085239167,13.056889533996582,753800,17.075306694719185,20.01821581546666,25.21849002016393,33.38687306038794,38.554128253941265,6.39,10.0,-1.02,1.38
FE,2003-05-21,13.339162508894653,13.339162508894653,13.030190831068115,13.098851203918457,1589900,16.965619872581414,19.935836260074407,25.220820349291866,33.18996959140498,38.49135829503972,6.39,11.0,-1.02,1.38
FE,2003-05-22,13.098847961458542,13.31245811912752,13.06070396602844,13.266683578491211,954400,17.081964568660684,19.31532576862737,25.290823498826782,33.15217673970607,38.485614149910184,6.4,12.0,-0.97,1.32
FE,2003-05-23,13.350607306158471,13.84267289609534,13.350607306158471,13.712981224060059,3062000,18.78314375337945,19.98467441381768,25.8054453555415,33.34589212065032,38.60998187806123,6.4,18.0,-0.72,1.13
FE,2003-05-27,13.732050575077299,14.014321143809193,13.640502930999258,13.97999095916748,1903300,18.44204294130153,20.236530379370347,25.96423940211941,33.41447331204738,38.62321098062665,6.4,19.0,-0.36,1.03
FE,2003-05-28,14.018134962058076,14.136383699179621,13.903701498285853,13.97999095916748,1096900,16.34838993473751,20.219823599412102,25.964981790157793,33.40071276816374,38.62316370159118,6.39,20.0,-0.16,1.03
FE,2003-05-29,13.999061604517669,14.235557600750852,13.705348154390833,13.827410697937012,1229500,16.643717026344365,20.262053979921202,26.021266941510518,33.398838338839376,38.63984791261921,6.38,22.0,-0.13,1.01
FE,2003-05-30,13.854119780320461,14.098245008239585,13.854119780320461,14.04102897644043,1409100,16.87052001455471,19.995416285632096,24.969836083932762,33.425753156971155,38.6621583362137,6.37,5.0,0.03,0.86
FE,2003-06-02,14.182157818861047,14.24318910095806,14.105868352464645,14.189786911010742,1164500,16.779449634624875,20.042233561235808,24.5154818587234,33.2402791122232,38.67119386596799,6.37,1.0,0.15,0.98
FE,2003-06-03,14.208860040948053,14.21267385977516,14.060096369979737,14.140199661254883,1035400,16.93903881945046,19.609838217524693,24.526046699177265,33.12973815256619,38.590993337462265,6.35,2.0,0.18,0.97
FE,2003-06-04,14.113494181793008,14.292774168112715,14.07916400260626,14.208855628967285,1183000,16.78570046066333,19.54983429071664,24.504408142407623,33.113739581713965,38.576030179788425,6.34,1.0,0.18,0.98
FE,2003-06-05,14.227940822529,14.285158325937783,14.07917705978803,14.113507270812988,1439200,17.11601591253614,19.394255544361634,24.51677639207876,33.035482347776565,38.58220898976449,6.32,3.0,0.1,0.97
FE,2003-06-06,14.163081665812191,14.300402374066355,13.827408985090917,13.926584243774414,1659700,16.779423024433424,19.71561561041045,24.59229908805955,33.03557017259482,38.56062202654055,6.3,5.0,-0.01,0.93
FE,2003-06-09,13.941848804290748,14.056282295174649,13.892260424704105,14.002880096435547,1098400,16.346031333182463,19.58402392503825,24.567706001955735,33.03936075873272,38.531234761285226,6.27,5.0,-0.11,0.95
FE,2003-06-10,14.018134294459804,14.357620851359915,13.99906229392279,14.1173095703125,1445600,16.1254860865897,19.59165552716349,24.501770335915367,33.04841333652162,38.538377508531624,6.25,1.0,-0.21,0.98
FE,2003-06-11,14.22793109322701,14.372880935668945,14.208859090166364,14.372880935668945,707200,16.658003937324608,19.523601705835063,24.54170496413201,33.027917561847744,38.57661130462216,6.22,6.0,-0.26,0.96
FE,2003-06-12,14.37287582054521,14.437720898893986,14.216483122945169,14.281328201293945,1209800,16.84064942295323,19.264890942367984,24.252923141596035,32.8069730027497,38.57745739490632,6.19,1.0,-0.36,1.08
FE,2003-06-13,14.361434526486212,14.380506524901024,14.182154540166504,14.208855628967285,1079100,17.027566493043935,19.3418900441973,23.787677985076503,32.670723800321866,38.57792989867542,6.16,1.0,-0.46,1.24
FE,2003-06-16,14.323285123275824,14.58266830444336,14.285141136968752,14.58266830444336,609000,18.085413216963122,19.845100756368474,24.084770844058827,32.69822367337956,38.65311720105337,6.13,2.0,-0.5,1.09
FE,2003-06-17,14.58267817135582,14.590307264799181,14.30422280862665,14.357625007629395,801000,18.981761469905663,19.6860479300014,24.15340024747073,32.75150307723973,38.684679786942965,6.09,3.0,-0.59,1.06
FE,2003-06-18,14.445358737692546,14.445358737692546,14.304224133668608,14.361441612243652,829000,18.856373850515606,18.427900217188768,24.07332656136088,32.670940410246196,38.661052564009324,6.06,2.0,-0.68,1.11
FE,2003-06-19,14.494935739828065,14.727617835836007,14.41864631333533,14.5712251663208,1049400,18.897201917044608,18.374762172489625,23.640831764367643,32.651362530569486,38.6498191268968,6.02,1.0,-0.73,1.23
FE,2003-06-20,14.582674078751314,14.632262444665876,14.483498802022568,14.494941711425781,1105800,19.086341927132825,18.186915618519382,23.475993430867135,32.654579238132605,38.55970655449124,5.98,1.0,-0.8,1.33
FE,2003-06-23,14.494941711425781,14.544530077340346,14.43009661800706,14.494941711425781,972800,19.128670987286092,18.112355928955644,23.464024935927135,32.48556369926995,38.557269963894576,5.93,1.0,-0.87,1.34
FE,2003-06-24,14.4758728203326,14.609378309050145,14.330922964653055,14.525461196899414,963000,19.049195061033934,18.11427032504077,23.30734346866207,32.476114824745174,38.534579686525326,5.89,1.0,-0.93,1.43
FE,2003-06-25,14.525462202652168,14.647524787960103,14.418656349182129,14.418656349182129,749600,19.359046351712387,18.24702001514216,23.341245875089975,32.44347366443794,38.5406761781098,5.83,2.0,-0.99,1.41
FE,2003-06-26,14.391952633393243,14.674223220044153,14.311849349177638,14.662778854370117,978500,19.409776578251524,18.278742867794747,23.44530185245572,32.12183372321311,38.539828900135056,5.77,3.0,-1.04,1.34
FE,2003-06-27,14.639893843762406,14.65133675496945,14.250818856616176,14.266077041625977,967000,21.46854275640331,19.21795094628529,23.898136631979337,30.8077615062193,38.64196218527226,5.71,8.0,-1.1,1.18
FE,2003-06-30,14.647527264334279,14.83825026800998,14.639898169575126,14.66659927368164,1917300,22.029353939488836,19.87727969039234,24.190449901215743,28.226139945098993,38.73514193722581,5.64,12.0,-1.13,1.05
FE,2003-07-01,14.66659412796164,14.781027598998294,14.479685009691362,14.662778854370117,1309700,21.8043160358583,19.890470057362243,24.193190617196557,28.22671836611065,38.715927351660525,5.57,13.0,-1.17,1.05
FE,2003-07-02,14.643705854568836,14.719995315098611,14.559787302476039,14.685665130615234,991300,21.671531497747715,19.350380230663934,23.346252050299242,28.172797298102154,38.621770072060954,5.49,3.0,-1.2,1.11
FE,2003-07-03,14.666593020197451,14.723809023844002,14.620819926260125,14.647521018981934,750600,21.75331972711333,19.341937653373513,23.339738403156677,27.648010109077966,38.52323976854112,5.41,2.0,-1.23,1.12
FE,2003-07-07,14.64751699853804,14.685660990499327,14.437720677450889,14.441535949707031,1334700,22.178069514456617,19.647590305272686,22.735166498336866,26.358915528534716,38.54256860991764,5.32,1.0,-1.27,1.12
FE,2003-07-08,14.380510461684795,14.388139554159288,14.201230426285694,14.205045700073242,1679000,20.920841779814175,19.981964603393067,22.18420694323997,25.264385205695316,38.491433954633955,5.23,1.0,-1.32,1.07
FE,2003-07-09,14.144009668576917,14.201225660282741,13.918956608960398,13.926584243774414,1162600,21.047164676177267,20.286883856553565,20.918500253329167,25.370235331604295,38.53016804442434,5.12,1.0,-1.34,-0.07
FE,2003-07-10,13.777822237325966,13.79689423678868,13.560398242230395,13.68246078491211,950200,21.653223902641663,19.59226774933203,21.15878868969751,25.12083786752422,38.095760177289456,5.0,2.0,-1.36,-0.14
FE,2003-07-11,13.770200451338125,13.854119039611552,13.686283318165756,13.781644821166992,712200,21.546203617721535,19.402786698324405,21.112903396407788,25.03879419244136,38.019683732045394,4.87,2.0,-1.37,-0.12
FE,2003-07-14,13.82741111913626,13.999062030945606,13.751121663320957,13.80833911895752,983300,21.05620303554953,19.39278054386889,21.11022586547412,24.58804798135949,37.893199378398336,4.74,2.0,-1.37,-0.12
FE,2003-07-15,13.835041027556393,13.861742120404111,13.53369845958881,13.537513732910156,891700,21.49887800794814,19.880686177686087,21.203608917618798,24.701166371082813,37.8541663200392,4.61,5.0,-1.37,-0.12
FE,2003-07-16,13.579472806130017,13.587101898375888,13.251430570160938,13.312461853027344,1263700,21.941567643388623,20.242846675074095,21.397499796717568,24.702340853397665,37.649371609223856,4.45,6.0,-1.36,-0.18
FE,2003-07-17,13.312459685242262,13.350603685159731,13.224725866251498,13.281943321228027,1331300,21.845119457904662,20.123441061166034,20.96924990315639,24.664011720528148,37.61975973540556,4.29,2.0,-1.34,-0.13
FE,2003-07-18,13.369673118958852,13.423075290633488,13.274311682368417,13.354414939880371,909700,21.91281447369308,20.13221856905473,20.939420747572836,24.625498276931527,37.51626638516618,4.11,2.0,-1.33,-0.12
FE,2003-07-21,13.381120458523922,13.381120458523922,13.083591720684545,13.114108085632324,638000,22.17574817734232,19.933113859566856,20.815989396678493,24.6750166037965,37.3922855603747,3.91,1.0,-1.32,-0.12
FE,2003-07-22,13.114108799861455,13.217099354518798,12.931014965504108,13.167510986328125,1972400,22.138474523012146,19.83166636378906,20.624236099704568,24.675116905839477,37.39258751302201,3.7,1.0,-1.3,-0.04
FE,2003-07-23,13.19802326119851,13.30864288540923,13.152250175528618,13.178951263427734,721900,21.94716477787966,19.647878947200716,20.612723517785845,24.645649813712307,36.26509406540057,3.46,1.0,-1.28,-0.03
FE,2003-07-24,13.178949403085616,13.32008391278698,13.045443982435671,13.26286792755127,1069700,21.264949392423603,19.67746857116836,20.618616313646694,24.449698644825045,32.97363834396158,3.2,2.0,-1.26,-0.04
FE,2003-07-25,13.217102099606166,13.281947209469095,12.999678035205783,13.110296249389648,1653500,21.396099581937143,19.829444286017644,20.649283993451213,24.476810612995525,32.96659060309277,2.93,4.0,-1.25,-0.05
FE,2003-07-28,13.140813399823736,13.247617801258668,13.102667931382092,13.15988540649414,1344400,21.469691035013362,19.839864375974734,20.359130584654693,24.33010023086448,32.913543658976344,2.71,1.0,-1.23,0.05
FE,2003-07-29,13.159881341196325,13.19802534275384,13.026375880644633,13.064519882202148,1564700,19.72247266922455,19.89193276950875,20.397866153146968,24.09814317632756,32.452728881318244,2.64,2.0,-1.2,0.04
FE,2003-07-30,13.121735270115408,13.278127979996022,13.121735270115408,13.178951263427734,928700,19.705783789205828,19.963731071453715,20.202847661636756,23.94951959262652,31.324408626313122,2.56,1.0,-1.18,0.09
FE,2003-07-31,13.236171126516167,13.293387130266414,13.095036571145048,13.156067848205566,1136600,19.686754408207214,19.9447204331718,20.193931007845915,23.907047012487688,31.232920851382328,2.47,1.0,-1.17,0.09
FE,2003-08-01,13.102664491220025,13.125551766275859,12.988231026141774,13.079778671264648,696500,18.992605877309632,19.960693483421746,20.11118145392819,23.502718807221655,31.148085140729293,2.39,1.0,-1.19,0.13
FE,2003-08-04,13.079778064865309,13.091220974312487,12.93864205788165,13.064519882202148,3893700,18.998641173051954,19.964050483751816,20.099831987372358,23.44565362022726,31.147827771158443,2.37,1.0,-1.21,0.14
FE,2003-08-05,13.112729418335373,13.174436321455666,11.859306753347434,12.08299446105957,5477200,28.745798498396237,25.653583967728693,23.65157403843546,25.214755246034347,32.09962553871225,2.34,30.0,-1.24,6.69
FE,2003-08-06,11.994292350885987,12.275830222853745,11.878591341641368,12.252690315246582,3653500,29.238994982532446,25.828739057049642,23.743874019664503,25.174482464603788,31.75086135289384,2.3,31.0,-1.27,6.59
FE,2003-08-07,12.302822135795415,12.302822135795415,11.990430929565127,12.094561576843262,2722500,29.312580048463992,25.94715492993186,23.645542222616932,25.221993236879253,31.77647143386296,2.28,30.0,-1.28,6.62
FE,2003-08-08,11.998147849954274,12.005860661267578,11.755176271279327,12.002004623413086,3279100,28.51681740618056,25.9608624569509,23.432164785933114,25.214727476937636,31.77730052579716,2.25,26.0,-1.29,6.83
FE,2003-08-11,11.990437015538092,12.08299739267583,11.917159774452365,11.97500991821289,1163300,27.85044233500048,25.8365511734715,23.432595167525378,25.186353976457088,31.760684318376047,2.23,27.0,-1.29,6.81
FE,2003-08-12,11.975009086861741,12.082996553827776,11.894019038340542,12.052143096923828,1078700,26.262748392969215,25.484844963493007,23.44649638800142,25.196418718201723,31.732725488416442,2.21,29.0,-1.29,6.82
FE,2003-08-13,12.048281001158523,12.10998788771061,11.913296910974292,12.013570785522461,1042800,26.2153439139588,25.456389979018944,23.09257833419381,24.943952003943696,31.602232287696225,2.2,22.0,-1.29,7.23
FE,2003-08-14,12.005861187447481,12.04442818812156,11.909444053564464,11.95958137512207,1123000,26.109176942825457,25.300887043092636,22.585409985315234,24.925719797670652,31.530458824542766,2.17,21.0,-1.3,8.07
FE,2003-08-15,11.762889339634915,11.936440460199115,11.685755344805429,11.805313110351562,1335300,26.135916123822344,25.3906361414533,22.533072374880657,24.791064912576456,31.53058827115635,2.15,21.0,-1.3,8.05
FE,2003-08-18,10.258779648821006,10.767861822186164,9.957958030194277,10.702298164367676,16811100,37.10089278938058,31.993463743295088,27.33389361968348,27.374163800642393,33.01670029790198,2.14,95.0,-1.09,12.33
FE,2003-08-19,10.490185307065206,10.949130371741054,10.490185307065206,10.783292770385742,7786600,37.387165454306775,31.16044558937151,27.287108198487868,27.385334051814958,33.02524896567095,2.13,95.0,-0.95,12.41
FE,2003-08-20,10.760149185401906,11.280801719580289,10.721582194795328,11.257661819458008,6717000,40.17082832472368,32.27974402573454,28.15953302919337,27.856649526884965,33.296529421462445,2.13,100.0,-0.93,11.16
FE,2003-08-21,11.195955187922372,11.330938554764098,11.076397440713732,11.091824531555176,6990800,40.11407322121959,32.35206418336528,28.24740582002569,27.880262578568075,33.268949409823264,2.14,100.0,-0.9,10.91
FE,2003-08-22,10.991551254098608,11.072541278670363,10.837284015197016,10.914417266845703,3850300,39.965334077497374,32.41759696577234,28.22844881602825,27.601346503702963,33.239011837899234,2.15,99.0,-0.86,10.79
FE,2003-08-25,10.914417904296306,11.319370257618754,10.85656777828003,11.006978988647461,1860600,40.14689862325731,32.27313128048594,28.2502421235794,27.5573139040305,33.08308070624186,2.16,100.0,-0.84,10.83
FE,2003-08-26,11.01854706618056,11.261518592079081,11.010833520938412,11.257661819458008,3328200,40.89200119651094,32.59634723035408,28.48283233649451,27.639525702481286,33.03989070348965,2.19,100.0,-0.86,10.49
FE,2003-08-27,11.242233944896748,11.280800932813513,11.157387159963152,11.276944160461426,2957000,40.825711460101324,32.61628178868194,28.47993109706214,27.58827696886634,33.036185223555364,2.21,99.0,-0.87,10.49
FE,2003-08-28,11.253802246023836,11.288512455370764,11.188238598991191,11.28079891204834,1173300,40.85102019012641,32.57852272667451,28.329372843637728,27.568604564030274,32.99939706445249,2.23,98.0,-0.88,10.86
FE,2003-08-29,11.222952490066557,11.31165606056201,11.172815177627063,11.284659385681152,1592700,40.75958073498396,32.58401013343547,28.326333720131423,27.487214397521875,32.814713520124215,2.26,97.0,-0.89,10.88
FE,2003-09-02,11.338656156834185,11.612481232403193,11.33479938274398,11.608624458312988,1823900,41.729851237697375,33.171803660384455,28.689821779869717,27.66389353200572,32.91000728438491,2.3,100.0,-0.89,10.4
FE,2003-09-03,11.762889036917121,11.897873156592762,11.670328686866352,11.708895683288574,2047600,41.827242325649344,33.21233360002884,28.708710007189282,27.672837726314047,32.78367735553998,2.33,100.0,-0.89,10.43
FE,2003-09-04,11.762891724694907,11.762891724694907,11.589340568941239,11.739751815795898,1579300,41.84787750695173,33.15269968817424,28.64344166271575,27.532415533982512,32.73868027950716,2.36,98.0,-0.89,10.62
FE,2003-09-05,11.678043709742674,11.720466749126876,11.647190255824906,11.666473388671875,1169300,41.74019063623336,32.86723863403531,28.10153936960338,27.536464514164106,32.72860304580596,2.38,89.0,-0.9,11.33
FE,2003-09-08,11.65490106510934,11.805312270769313,11.65490106510934,11.8014554977417,2295100,41.925060789516245,33.003794793608336,28.04071547082609,27.566837150276253,32.7464388156114,2.4,88.0,-0.92,11.42
FE,2003-09-09,11.762888981746295,12.106133703525199,11.685754989263629,12.048283576965332,4146400,42.4639386975572,33.36127091585949,28.23811167757692,27.6767333822985,32.80314627376167,2.42,91.0,-0.93,11.15
FE,2003-09-10,12.0521425328739,12.387673769050643,12.029002625180015,12.275830268859863,4787400,42.899154567212705,33.126750226992606,28.390877256964004,27.759909963666807,32.8345934193141,2.44,95.0,-0.92,10.97
FE,2003-09-11,12.244972779498175,12.244972779498175,11.994288444519043,11.994288444519043,5110600,43.19768528942953,33.28852706849221,28.630070610440967,27.89483645789549,32.904974165591824,2.47,97.0,-0.93,10.42
FE,2003-09-12,11.608624954729613,12.279688227428478,11.562344399272515,12.268117904663086,17651500,43.83616677624224,33.69339345864659,28.7856681187633,28.021651867088543,32.842449874769294,2.5,100.0,-0.93,10.2
FE,2003-09-15,12.244974747136773,12.403098771637282,12.109990626425432,12.256545066833496,3090200,43.82523685506822,33.5062117545565,28.777703406313783,28.02166852179549,32.75256334886711,2.53,99.0,-0.93,10.19
FE,2003-09-16,12.30282360292007,12.329820277151386,12.063709572067658,12.160126686096191,2796700,43.855299341051406,33.51859529434076,28.533398871449478,28.03636168198666,32.75194796565881,2.56,94.0,-0.95,10.46
FE,2003-09-17,12.129273790400783,12.129273790400783,12.00585926092658,12.009716033935547,1517200,37.70275622234795,33.56918447217878,28.560477524845346,28.074610798592094,32.71685258090836,2.58,94.0,-0.98,10.39
FE,2003-09-18,12.013569714160507,12.244970885896688,11.99428658968418,12.17555046081543,1196800,37.69523063065107,33.73050790737595,28.560100073196537,28.12218294247722,32.70726473015856,2.61,93.0,-1.0,10.39
FE,2003-09-19,12.175551796308168,12.256542546321239,12.094561781899225,12.244972229003906,1614600,37.533322959394624,33.76333393560163,28.571602263821845,28.13015387854392,32.71164846394023,2.63,94.0,-1.02,10.38
FE,2003-09-22,12.221834217025615,12.23726057355976,11.994289757214093,12.113846778869629,1073800,37.6016977655215,33.55477109170079,28.617820770187112,28.146437929055594,32.730248232770286,2.66,94.0,-1.04,10.26
FE,2003-09-23,12.129279067900088,12.183272442309878,12.048288270680846,12.075284957885742,849700,37.608220353197694,33.172239279305685,28.61923159398402,27.534053921560712,32.681239669639425,2.69,94.0,-1.06,10.23
FE,2003-09-24,12.048282976993857,12.090706744307164,11.901729281299886,11.986576080322266,1783300,37.624934032893194,32.56957610428389,28.637301809190802,27.317206619606022,32.53317066615571,2.72,95.0,-1.09,10.18
FE,2003-09-25,12.005858133528575,12.129272651413661,11.978861460605145,12.040568351745605,1382900,37.63734207100067,32.60348153022626,28.647898612311323,27.323041931492376,32.4219203338055,2.74,96.0,-1.11,10.18
FE,2003-09-26,12.009714593731502,12.252686114929576,11.878587269568385,12.233402252197266,2822800,37.885000886893614,32.82588562517713,28.75987755787844,27.380309286704495,32.37836003289731,2.77,98.0,-1.13,10.07
FE,2003-09-29,12.24497004812078,12.437804222106934,12.16783608428472,12.437804222106934,1755100,37.92203281815562,33.07117836714052,28.87650659527838,27.44508495010764,32.414619814491516,2.8,100.0,-1.13,9.97
FE,2003-09-30,12.422381039868817,12.480231898732324,12.156270325755285,12.302824020385742,1502700,23.747538762146814,33.02984398414043,28.926855791047906,27.46336949607947,32.382215944771865,2.83,100.0,-1.14,9.83
FE,2003-10-01,12.43780137137183,12.499508234055911,12.28739098552986,12.495652198791504,1537500,23.945103656795798,33.10953982347556,29.031102460506276,27.503328090269452,32.37188046866784,2.86,100.0,-1.14,9.7
FE,2003-10-02,12.49565808769013,12.534224343340144,12.368386795870052,12.514941215515137,1074600,21.046883788577148,32.91160540394781,29.031016628124746,27.46688771541391,32.365590705692846,2.89,99.0,-1.15,9.72
FE,2003-10-03,12.669206987602655,12.719344294058203,12.379955673080143,12.449376106262207,1142300,20.49593748656475,32.75325519403215,29.039706071191805,27.433938293154252,32.25750315924118,2.92,100.0,-1.15,9.67
FE,2003-10-06,12.426237214153428,12.472517013549805,12.318249789554969,12.472517013549805,1128200,19.617052500432163,32.71013266757399,29.024437796214908,27.294445095202985,32.25295129409111,2.95,97.0,-1.16,9.73
FE,2003-10-07,12.449377306789756,12.449377306789756,12.210263275664374,12.341390609741211,1415400,20.049674597670155,32.75172776991336,29.012099855979457,27.109955547120517,32.2410366175335,2.98,96.0,-1.17,9.66
FE,2003-10-08,12.534218602944451,12.549645686622531,12.406947369411792,12.457084655761719,2713100,19.332008627535803,32.61427517699302,28.856979810320066,27.124932124763905,32.00161598933741,3.0,93.0,-1.17,9.86
FE,2003-10-09,12.553506728699922,12.64992383333081,12.51879651218447,12.565077781677246,1808400,19.384247399391967,32.517966330698975,28.870651165733342,27.082729297745473,30.966132732832584,3.02,93.0,-1.18,9.91
FE,2003-10-10,12.271971380690873,12.476375212045728,12.271971380690873,12.406954765319824,1989300,19.933261013373436,32.60542622440689,28.862332529419817,27.096416536688395,29.033140331489953,3.05,92.0,-1.19,9.81
FE,2003-10-13,12.495651821794183,12.553501176260873,12.418517877964321,12.526504516601562,921600,19.999261251772314,32.65221409809403,28.90101175717031,26.896539709437846,29.045980748130557,3.07,94.0,-1.19,9.77
FE,2003-10-14,12.545793550582347,12.800334655401507,12.495657713978426,12.734771728515625,1441600,18.992746384978034,32.64965028303358,28.950744588974647,26.849282671404822,29.046382964402635,3.09,95.0,-1.19,9.7
FE,2003-10-15,12.734771111568552,12.773337364196777,12.653781098324338,12.773337364196777,1898100,18.920686237373836,32.64415043049987,28.454448415469773,26.838648203272715,28.698963865571724,3.11,71.0,-1.18,10.34
FE,2003-10-16,12.835051945105619,12.865906142670351,12.727065196047285,12.80419921875,1327800,18.921061947435724,32.6484643124742,28.278184861357662,26.778274430704368,27.801811197701564,3.12,67.0,-1.15,10.58
FE,2003-10-17,12.823476021845838,12.823476021845838,12.696204726576815,12.742486000061035,1467200,18.865395836530872,32.62898045702043,28.284764168777247,26.7723255517604,26.984911325836237,3.14,67.0,-1.12,10.54
FE,2003-10-20,12.727058908899629,12.761769128408599,12.684635143809954,12.742486000061035,974500,18.705608047513813,32.54990718836942,28.23914813468877,26.770389604175747,26.967141793784577,3.15,63.0,-1.1,10.68
FE,2003-10-21,12.746348333920686,12.950753714764248,12.738634784529502,12.80419921875,1053300,17.917010506842367,32.556515179934436,28.135319291678982,26.77010965967648,26.72516484433436,3.16,59.0,-1.07,10.83
FE,2003-10-22,12.804195071471902,12.819622165257433,12.688494810497694,12.808051109313965,887400,17.20800278279794,32.52577156563482,28.076040840085863,26.753450971460325,26.668132631781116,3.17,57.0,-1.02,10.89
FE,2003-10-23,12.727062106265892,12.99703038457995,12.676924782999725,12.985459327697754,1636200,15.89772876010864,32.60190358359674,28.17078712395998,26.798590815458628,26.390132575561047,3.18,60.0,-0.98,10.8
FE,2003-10-24,12.985455646597185,13.13201006548697,12.908323135694673,13.120440483093262,2449800,14.931344185744976,32.67220816213124,28.212566139520355,26.44149959674804,26.398915818919356,3.19,60.0,-0.94,10.74
FE,2003-10-27,13.120441147041554,13.278565156326772,13.07416134391643,13.1551513671875,1847700,14.901063683284569,32.65437904998114,28.201606185502353,26.42422522459482,26.338433663185945,3.2,59.0,-0.9,10.81
FE,2003-10-28,13.074161179208854,13.178290367126465,12.997027194166433,13.178290367126465,1358800,14.582948566697072,32.65504817795248,28.131238713093403,26.088813185081804,26.310022017682133,3.21,55.0,-0.86,11.02
FE,2003-10-29,13.151294003689781,13.290134885804019,13.093444616947803,13.274707794189453,1137400,13.910332069533965,28.316851509667895,28.142671299503917,25.766081606025786,26.287712128074652,3.22,56.0,-0.83,11.01
FE,2003-10-30,13.30556611534503,13.4019832611084,13.278569432227997,13.401983261108398,1271100,13.690749020994817,28.24891979921694,28.154560162829494,25.006891545075433,26.268367314838038,3.23,56.0,-0.79,10.99
FE,2003-10-31,13.401979659033278,13.436689881027316,13.247711678791225,13.263138771057129,954800,14.221534106016476,28.197400065817046,28.040877618063785,25.043791999603858,26.28843684560309,3.24,50.0,-0.74,11.06
FE,2003-11-03,13.31713554306568,13.4251237454535,13.112731667274417,13.382699966430664,1000500,13.744635135435622,28.171400020579952,28.06901882937099,25.026198629921332,26.283035355097084,3.24,50.0,-0.69,11.09
FE,2003-11-04,13.382697130692774,13.405836298922958,13.266996875916178,13.324846267700195,2158800,13.795616989646465,28.18745090648955,28.066235662806545,25.03390044366625,26.148883113618236,3.25,49.0,-0.65,11.1
FE,2003-11-05,13.354090628416643,13.471060467837443,13.299504802510416,13.451565742492676,1817800,13.526006155047837,28.21575017484166,27.788840080430354,24.954944893016613,26.155079188448504,3.25,46.0,-0.61,11.53
FE,2003-11-06,13.428165478142907,13.510045669588575,13.256609885657435,13.459358215332031,898000,13.557200716439526,28.19755053043398,27.68877014092196,24.949581065544272,26.055027795924545,3.25,45.0,-0.56,11.82
FE,2003-11-07,13.459364600102758,13.510052078404115,13.393080745808325,13.432071685791016,2376500,13.147310951685634,28.17812079620831,27.68924331411747,24.755852318462175,25.89065194410124,3.25,45.0,-0.51,11.81
FE,2003-11-10,13.432072559693731,13.552940763123166,13.389183266598495,13.521749496459961,940900,12.566793417610816,28.02101731489774,27.607702063660682,24.75013553964809,25.78666214539398,3.25,43.0,-0.48,11.93
FE,2003-11-11,13.490551014258099,13.580229400298608,13.471056294952147,13.506147384643555,690700,11.945493684438507,18.677301417556695,27.598358126739136,24.589267959977416,25.758347291344634,3.24,42.0,-0.44,11.98
FE,2003-11-12,13.506151477174127,13.599728240490043,13.49445493951671,13.517848014831543,697900,11.360340483692582,18.67149800198147,27.599264763459413,24.49149125733773,25.48448377922186,3.24,42.0,-0.41,11.98
FE,2003-11-13,13.517841748163757,13.572429035747644,13.47105413187193,13.510045051574707,1116200,11.394392110937416,16.797656967584878,27.59561959502151,24.48504321319706,25.44610215755797,3.23,40.0,-0.38,11.97
FE,2003-11-14,13.510051343862004,13.549040794372557,13.478858593571804,13.549040794372559,711900,11.151642133842229,16.379359405752933,27.580701320291055,24.48373382114533,25.43619882511242,3.22,39.0,-0.35,12.06
FE,2003-11-17,13.549036377012001,13.57243093210238,13.354086213313987,13.494450569152832,948000,11.32543451785776,15.947670492972641,27.443849581998247,24.458620398097526,25.37719898624557,3.21,38.0,-0.35,12.24
FE,2003-11-18,13.494452939772836,13.51784601162105,13.198127805978373,13.252715110778809,1001800,12.256168005472585,16.51512881324494,27.252634603354544,24.419636396237188,25.444469486972572,3.21,35.0,-0.29,12.67
FE,2003-11-19,13.217620568254944,13.334590359044045,12.714648831775063,12.979781150817871,5374700,13.787167117603158,16.724312908184142,27.05173815215401,24.548421736781968,25.51511370438134,3.2,34.0,-0.28,12.79
FE,2003-11-20,12.866710558507453,13.295600315517028,12.726346205347467,13.143539428710938,2765400,14.01058120172863,16.85271257073003,27.139460709449477,24.49139076312369,25.52416617022759,3.2,34.0,-0.31,12.67
FE,2003-11-21,13.159138729323203,13.194229825428812,12.960290176292762,13.061663627624512,1323700,13.563221392981239,16.943525478361448,27.148333712757893,24.500801437973422,25.531847979078982,3.19,34.0,-0.37,12.6
FE,2003-11-24,13.042168904755178,13.155240379690142,12.99538127239837,13.061663627624512,1539100,13.36264935128216,16.94548248426941,27.147988725751727,24.45306495476667,25.35616928770966,3.18,33.0,-0.47,12.62
FE,2003-11-25,13.088955599133705,13.147441250902538,12.995380341125864,13.077259063720703,1180500,12.573234263169844,16.06593076833733,27.069903233173857,24.443055293741768,25.33828043153163,3.16,31.0,-0.54,12.89
FE,2003-11-26,13.131840336775078,13.373578071594238,13.09285090731603,13.373578071594238,991900,14.030289420221909,16.550545581821666,27.206614779266282,24.519157639016516,25.302107888332305,3.13,34.0,-0.57,12.83
FE,2003-11-28,13.373579063642248,13.510045051574707,13.361882531407167,13.510045051574707,411900,14.250170595652856,16.63020004864858,27.083907497707326,24.542994433450982,25.320349322438236,3.08,30.0,-0.58,13.28
FE,2003-12-01,13.537337280314594,13.630912508257438,13.4281641979127,13.62701416015625,1313400,14.240467177498658,16.58100032798884,26.975902310638773,24.456010858033558,25.330726458600623,3.04,27.0,-0.58,13.7
FE,2003-12-02,13.627019553525495,13.630917903169593,13.47105879542526,13.568533897399902,1381800,14.353280787301474,16.53435051780031,26.958941858409567,24.33698403010646,25.325981551466846,2.99,26.0,-0.58,13.67
FE,2003-12-03,13.490554780418572,13.743990664202894,13.471060055670277,13.619222640991211,962800,14.338555568849735,16.0886425472296,26.963986379489818,24.33852518940192,25.300357254839255,2.94,26.0,-0.58,13.67
FE,2003-12-04,13.58803036409606,13.884355545043945,13.58803036409606,13.884355545043945,966100,15.167747402173157,16.11428514928022,26.952126549058537,24.431126458432615,25.085236253505055,2.89,24.0,-0.58,13.94
FE,2003-12-05,13.771280269920688,14.016917907359163,13.743987364355501,13.755683898925781,856300,15.17862579607388,15.421009617033976,26.858145826396555,24.280873204911632,25.06227675317759,2.84,23.0,-0.59,14.22
FE,2003-12-08,13.724489828787164,13.907741944652887,13.630913109366254,13.892147064208984,891800,15.156585527514391,14.91873996138597,26.89732112198129,24.019831546854206,25.045405170490966,2.78,23.0,-0.59,14.2
FE,2003-12-09,13.892151009393494,13.93893863871526,13.568532978817478,13.599725723266602,1370400,16.574238443036933,15.657770996572234,27.104645385118147,24.092951415779883,25.105547498197932,2.72,30.0,-0.6,13.54
FE,2003-12-10,13.599730196864135,13.650416192239115,13.498355231409361,13.5646390914917,1185600,16.607169579391996,15.55569779042751,26.94870115996241,24.049210537751055,25.094760180224227,2.65,22.0,-0.62,14.01
FE,2003-12-11,13.607522285244155,13.654309908981553,13.490550994873047,13.490550994873047,828400,16.596741834371045,15.34683110454452,26.95768018827014,24.022510305585953,25.04373981086385,2.57,23.0,-0.64,13.93
FE,2003-12-12,13.5490366400586,13.572431195603171,13.478854460776633,13.490550994873047,1188900,16.375821698182378,15.153505076802745,26.957519301665577,24.02089201711885,25.016102584646298,2.49,22.0,-0.65,13.92
FE,2003-12-15,13.517846875595001,13.646514728391688,13.44766616821289,13.44766616821289,2191700,16.099597307590727,15.16311726290308,26.944955806811766,24.024639599152362,25.012128483347933,2.4,19.0,-0.66,13.89
FE,2003-12-16,13.2761138348498,13.658216207018704,13.2761138348498,13.654317855834961,1879000,16.486109490256716,15.197059225826228,26.984641427155946,24.020312393191315,24.94967594347401,2.31,26.0,-0.68,13.97
FE,2003-12-17,13.568536988537327,13.708901405334474,13.54124407275481,13.708901405334473,879300,16.443071686964156,15.163648432265257,26.98534363937614,24.005020504179853,24.949269132471645,2.21,26.0,-0.7,13.97
FE,2003-12-18,13.70889761650838,13.80247436429479,13.61922070552871,13.732292175292969,1435300,16.246392877352474,15.034612959120286,26.95791058399305,24.00201641674703,24.944502242957824,2.1,21.0,-0.73,14.1
FE,2003-12-19,13.697201373180745,13.724494282002736,13.467160079286835,13.615321159362793,2668600,16.465914012382395,15.189046742814494,26.963275668996705,24.025823497446495,24.96057417146106,1.98,22.0,-0.74,13.97
FE,2003-12-22,13.646511969250007,13.747885403729656,13.627017249621431,13.720592498779297,1506800,16.583109824342777,14.961399255029137,26.98651786174172,23.92633613390529,24.967246168555608,1.84,26.0,-0.76,13.97
FE,2003-12-23,13.720598880947879,13.724498719098674,13.529548457427818,13.685507774353027,1443600,16.51090764853926,14.671739712032778,26.972314782756502,23.924966902745386,24.968923833210305,1.69,22.0,-0.79,14.03
FE,2003-12-24,13.743989912690393,13.802475571089483,13.646514806926632,13.712797164916992,642700,16.510328963373755,14.43845992711122,26.972147490261776,23.922580470115637,24.968056949418465,1.52,21.0,-0.81,14.05
FE,2003-12-26,13.71279150981815,13.825862942838418,13.71279150981815,13.759580612182617,254100,16.53153589149646,14.156462509199375,23.85003635840616,23.911442882130522,24.969479898032954,1.51,9.0,-0.8,17.82
FE,2003-12-29,13.724492653648976,13.79857318489761,13.650410635048539,13.763482093811035,880800,16.52813202574101,14.159054452566828,23.764080865798242,23.859829441501375,24.968460404107507,1.51,8.0,-0.8,18.01
FE,2003-12-30,13.782981964265254,13.790780152682023,13.677710139019752,13.708901405334473,1134100,16.565966292360017,14.135075670349211,23.670320693701015,23.515300816982585,24.97226330411256,1.51,7.0,-0.79,18.41
FE,2003-12-31,13.72449779510498,13.747890873024984,13.701103229832619,13.72449779510498,1048100,16.513573137263702,14.135300185379835,23.626942985135067,23.44301821925436,24.971998536677702,1.5,6.0,-0.77,18.63
FE,2004-01-02,13.763477349580437,13.966225640710364,13.740084288487443,13.779073715209961,993900,15.559798846856761,13.913238325034087,23.623500005587307,23.445490792829307,24.974450291119364,1.5,5.0,-0.74,18.69
FE,2004-01-05,13.78688477218276,13.966238682348628,13.78688477218276,13.923349380493164,1426200,14.284113372295447,13.939961808839985,23.6535973493582,23.46923181538831,24.985919772975578,1.49,6.0,-0.71,18.61
FE,2004-01-06,13.989626507206996,14.052010510547916,13.938939039695011,14.028615951538086,978300,14.045240085662341,13.918929452176624,23.661294941678275,23.482707397165477,24.516241042188327,1.48,6.0,-0.68,18.66
FE,2004-01-07,13.993522892727045,14.133887252382156,13.958431802813267,14.102694511413574,1319400,13.840317259136633,13.602557281511954,23.648486173270065,23.446459980857433,24.328409102803835,1.44,4.0,-0.64,18.78
FE,2004-01-08,14.200171493801879,14.363930431070225,14.172878585482481,14.360032081604004,1110900,14.525444546807911,13.909268414142478,23.67342724552694,23.53235093320289,24.392233757844636,1.41,7.0,-0.57,18.93
FE,2004-01-09,14.35612932892606,14.35612932892606,14.153380988767726,14.20016860961914,863700,15.10337286153511,13.858062164965556,17.553130792644474,23.40667244840159,24.41108447945197,1.73,1.0,-0.62,1.04
FE,2004-01-12,14.188471849347007,14.254755674565537,14.036410968497872,14.114391326904297,990700,14.103685786202696,13.948944144682882,17.592912878108947,23.388729082591027,24.41355821258846,1.99,2.0,-0.67,1.02
FE,2004-01-13,14.075406061282141,14.336640143837416,14.052012985504092,14.227468490600586,2329100,14.005542332682378,14.008235760557591,16.38436883999788,23.353243330604283,24.413702952728528,2.27,1.0,-0.62,-0.05
FE,2004-01-14,14.231363266654807,14.360031100528792,14.22746491745492,14.336636543273926,1328100,13.966552227674914,13.990937934381572,16.171577660435016,23.3664012421025,24.40837454310738,2.53,1.0,-0.6,0.03
FE,2004-01-15,14.317146558277225,14.352237662090742,14.231367973988108,14.305448532104492,914600,13.900793755678517,14.011103506730482,15.9107434307743,23.366575864837067,24.377495361437415,2.76,1.0,-0.68,0.11
FE,2004-01-16,14.30935021068099,14.438016616313789,14.274259102353401,14.42632007598877,812500,14.024140746386756,14.061950756964459,15.910458774577247,23.384433330083734,24.354842947680424,2.98,1.0,-0.75,0.11
FE,2004-01-20,14.40682221183756,14.465306388090783,14.317145285034185,14.414620399475098,843500,13.036979003695595,14.069495095860415,15.598891898080522,23.381083392665268,24.237545687690936,3.18,1.0,-0.77,0.19
FE,2004-01-21,14.41851039562929,14.49259090423584,14.328833520784096,14.49259090423584,1407700,12.694075739766536,13.873287509597107,15.60527711191424,23.38767561994596,24.06285454002477,3.36,2.0,-0.79,0.18
FE,2004-01-22,14.461411184316358,14.515997022303154,14.391228967661183,14.42632007598877,1105600,12.580209174569701,13.81927620286646,15.64222619062891,23.388828196118933,24.065260737510993,3.53,3.0,-0.85,0.15
FE,2004-01-23,14.48480062636078,14.62516352264623,14.360032615872376,14.504295349121094,1364600,10.656954487305253,13.839750429374131,15.645360559588314,23.38690158073568,24.024339834222907,3.69,4.0,-0.94,0.15
FE,2004-01-26,14.476998265808094,14.48089661429539,14.282048119708584,14.430209159851074,730000,10.77949975356415,13.908604764607722,15.134047681376286,23.39731808399672,24.00517931217727,3.85,1.0,-0.95,0.02
FE,2004-01-27,14.449707024970648,14.449707024970648,14.289847946291355,14.321039199829102,853500,10.924662584770713,13.978848561603016,15.177337800892921,23.416510026872665,23.836273597113525,4.0,2.0,-0.96,-0.01
FE,2004-01-28,14.383423110864413,14.757727075257737,14.348332021243056,14.50039291381836,2372900,11.31604177769255,14.064697791916942,15.267206259176868,23.45580359472495,23.775860231007805,4.14,3.0,-0.96,-0.06
FE,2004-01-29,14.53548596745628,14.73823434740237,14.438010870598655,14.547183990478516,1186200,11.192686855624533,13.855151582668515,15.208922370967857,23.456795837957817,23.768167489431523,4.27,3.0,-0.98,-0.02
FE,2004-01-30,14.543284091765782,14.710941376635212,14.469203553916103,14.62906265258789,1120000,10.579369295640792,13.79511285295795,15.145879940772119,23.448359394195283,23.7210763674365,4.39,2.0,-0.98,0.02
FE,2004-02-02,14.621261888674434,14.687544228640954,14.58227245191197,14.640756607055664,914300,10.575463842265023,13.742686016202303,14.852031124453394,23.414288721165853,23.71131061849258,4.52,1.0,-0.96,0.09
FE,2004-02-03,14.621260904905188,14.730432510375977,14.562775266344937,14.730432510375977,1158600,10.634616623702634,13.677350833659238,14.622968405262347,23.302040201903544,23.71484201259469,4.64,1.0,-0.92,0.16
FE,2004-02-04,14.716656005621495,14.716656005621495,14.413422604899866,14.531566619873047,1643200,11.169806089803279,14.022699204876687,14.279915755857587,23.34397153412546,23.75458478200536,4.76,1.0,-0.92,-0.04
FE,2004-02-05,14.610323049806325,14.618199415334347,14.200762558190984,14.255895614624023,1304200,12.630473564116961,14.62149003220395,14.279917749747812,23.417331887031906,23.82492631712087,4.87,2.0,-0.9,-0.08
FE,2004-02-06,14.279517410712836,14.354342101714746,14.271642550645538,14.334651947021484,1200700,12.634037523168004,14.604425564273862,14.288528662016157,23.42267634492406,23.829454833890384,4.98,3.0,-0.88,-0.08
FE,2004-02-09,14.374036541361846,14.452798685876694,14.342531082650725,14.413416862487793,810100,12.685100170536575,14.626416801394813,14.220634826974452,23.385053800315543,23.52582081049697,5.08,1.0,-0.86,-0.02
FE,2004-02-10,14.440990824940965,14.586701393127441,14.429177022971581,14.586701393127441,836100,13.024447497032654,14.794818522286485,14.129960369443811,23.101913768185593,23.537120412846654,5.18,1.0,-0.86,0.05
FE,2004-02-11,14.519749990497285,14.759973929009416,14.456740555991104,14.649707794189453,1060300,13.032071738711071,14.8026802171745,14.00890887608273,22.996775880104572,23.26888155640977,5.28,1.0,-0.84,0.11
FE,2004-02-12,14.645769090640595,14.815107230222742,14.582759655140036,14.748160362243652,766900,12.968182129658665,14.840160297896809,14.016884544358199,23.009362278801085,23.00830067486406,5.37,2.0,-0.82,0.1
FE,2004-02-13,14.748162900990256,14.878119226840566,14.669400717490587,14.771790504455566,788200,12.964841465139143,14.796631469393862,13.870031809634082,22.97071547723809,22.38874088742672,5.45,1.0,-0.81,0.21
FE,2004-02-17,14.850542731419791,14.874171821306696,14.775719533505297,14.84660530090332,1171300,12.979651981391655,14.23782614491933,13.853490964412524,22.908561572417447,22.392049460943817,5.53,1.0,-0.81,0.24
FE,2004-02-18,14.846613041901024,15.023827552795412,14.80723120488923,15.02382755279541,928600,13.063156489857338,13.571678237830042,13.856463048193419,22.91744244046136,22.390243838196493,5.61,2.0,-0.82,0.27
FE,2004-02-19,15.082884316488132,15.102574465927278,14.885979817572458,15.039565086364746,1218700,12.98258860148837,13.409770053860125,13.853110353033268,22.91309289199626,22.38993560837516,5.68,1.0,-0.84,0.27
FE,2004-02-20,15.094712745380992,15.094712745380992,14.807230604768392,14.933249473571777,840300,13.23067742781469,13.43373951914806,13.756148255619074,22.923613553989394,22.32737722801304,5.75,1.0,-0.86,0.26
FE,2004-02-23,14.976569555874734,15.039578993703095,14.763913642118697,14.858427047729492,706100,12.447578052338605,13.508615978245404,13.59992992290748,22.917144351990043,22.331659799293284,5.81,1.0,-0.86,0.29
FE,2004-02-24,14.783601823292827,14.834795951843262,14.630016433114934,14.834795951843262,1529700,11.9208483420868,13.529065385673864,13.458304511197303,22.860956891110966,22.17555484957834,5.87,1.0,-0.88,0.4
FE,2004-02-25,14.767846274237023,14.972627256178004,14.740279748039487,14.945060729980469,1523800,11.821446283244445,12.902243560072947,13.308818130827198,22.868224148844575,22.172472601580854,5.93,1.0,-0.88,0.47
FE,2004-02-26,14.90567865758782,15.012007329267387,14.815102715548853,14.984440803527832,1534400,11.683502097220508,12.787125460843434,13.309425396128644,22.851135286233777,22.042887559406495,5.98,2.0,-0.87,0.47
FE,2004-02-27,15.043512486104214,15.327054102619574,15.023822325580822,15.212850570678711,1792500,12.202640460578747,13.004678169795945,13.427201152390827,22.82301915674389,22.009818585248333,6.03,3.0,-0.85,0.45
FE,2004-03-01,15.287673781572787,15.319179240220578,15.204974206016763,15.212850570678711,1597700,12.154429537180908,12.947756957706236,13.430956610695349,22.80910689181148,22.004774166163248,6.07,4.0,-0.83,0.44
FE,2004-03-02,15.212860890884738,15.212860890884738,14.98838960366117,15.122284889221191,1306300,12.214837988779404,13.041704638554267,13.341084893394198,22.812311837334487,22.014653540505854,6.11,3.0,-0.87,0.5
FE,2004-03-03,15.075026669190144,15.173479040858867,14.929317579754349,15.122284889221191,739100,12.203348548687137,12.522680943394796,13.293288112381841,22.607702731646224,21.988411924489306,6.15,1.0,-0.91,0.52
FE,2004-03-04,15.122280810929777,15.201041485212802,15.03170333142988,15.161661148071289,834600,12.154575356279365,12.322924667366612,13.250400277750979,22.531515842284133,21.87647196922598,6.18,1.0,-0.92,0.55
FE,2004-03-05,15.141968137165945,15.338872790439199,15.090772506681178,15.307367324829102,666300,12.230231368278664,12.314295199746237,13.098382231771518,22.558147255575587,21.88860564399746,6.21,1.0,-0.97,0.67
FE,2004-03-08,15.311305056024379,15.386128277573945,15.189223639773138,15.208913803100586,1136600,12.423056581352967,11.484157109694367,13.11246724888114,22.509336648472857,21.821871833740207,6.24,2.0,-1.02,0.63
FE,2004-03-09,15.216786899535547,15.307362833191966,15.130148396793386,15.275858879089355,1336700,12.282239199594311,11.457727022637984,12.909858359916734,22.50515634374855,21.819157932305608,6.26,1.0,-1.03,0.73
FE,2004-03-10,15.27980496604875,15.338876979066994,14.968695168378243,15.027767181396484,997400,13.107756506342804,11.966979348298171,13.22714079288693,22.59137044390696,21.85037813886249,6.29,4.0,-1.06,0.58
FE,2004-03-11,15.027764638385916,15.063207539746447,14.712717460883123,14.748160362243652,1137400,13.960437849455811,12.68499060274558,13.617166092024844,22.701485793776406,21.934607993288548,6.3,14.0,-1.09,0.46
FE,2004-03-12,14.740290702217349,14.925381660461426,14.594581597995482,14.925381660461426,736900,14.328772302753578,12.825264900472543,13.681596145328228,22.727167689592086,21.917800492121245,6.31,15.0,-1.13,0.45
FE,2004-03-15,14.925379006795394,14.992325893334106,14.744225515029761,14.90568733215332,714500,14.26952592167719,12.525677557731434,13.687085029976426,22.641831272108067,21.919036387041317,6.32,16.0,-1.18,0.44
FE,2004-03-16,14.964755548409457,15.114403524527326,14.92537521366114,15.02382755279541,991700,14.424418563882286,12.584768842500491,13.714286712185764,22.42210519574766,21.847731699353726,6.33,17.0,-1.23,0.43
FE,2004-03-17,15.14196640837929,15.244356155395506,14.941122843703816,15.244356155395508,1826400,14.8929863552866,12.865689463852137,13.866184788169738,22.249493904699264,21.79012236020573,6.33,22.0,-1.27,0.36
FE,2004-03-18,15.240420947054192,15.311306744661312,15.141968617295785,15.220730781555176,1195300,14.252848283967943,12.705378521303142,13.74091662345132,22.25040579809756,21.791137733952688,6.33,18.0,-1.3,0.41
FE,2004-03-19,15.220730781555178,15.30343037800904,15.15772135060033,15.220730781555176,719900,12.847725299774776,12.651992581478396,13.671124497338344,22.249836735883164,21.787184967653474,6.32,15.0,-1.31,0.45
FE,2004-03-22,15.220729072472627,15.248295601528564,15.031699298570246,15.201037406921387,1284000,12.845987387591506,12.63631282070029,13.676924893739347,22.2480597986677,21.645821525882226,6.31,16.0,-1.32,0.43
FE,2004-03-23,15.201035272554313,15.27192105224889,15.082892807151001,15.212850570678711,840200,12.806143998468468,12.637774501587112,13.677241506587832,22.1823515701977,21.41631945138159,6.3,17.0,-1.34,0.43
FE,2004-03-24,15.21285083216077,15.342807095659246,15.181345372971455,15.31130313873291,917900,12.523380505710128,12.670383691610343,13.668747190161257,22.10376445112683,21.36773790516045,6.29,15.0,-1.34,0.44
FE,2004-03-25,15.319185256958008,15.38219469673812,15.224670346156069,15.319185256958008,805900,12.500721130497002,12.669305388354063,13.60731091662438,21.972520310368903,21.328448644610823,6.27,14.0,-1.34,0.47
FE,2004-03-26,15.35068133740284,15.504266674051904,15.283734499279,15.35855770111084,1086900,12.408147703553281,12.613117683760128,13.477372166819404,21.866582615595334,21.29973596404039,6.25,13.0,-1.33,0.6
FE,2004-03-29,15.362495131833453,15.437319835928063,15.201033431476388,15.35855770111084,1646200,12.41402862176453,12.618182951508405,13.425319947180228,21.852676337967143,21.29889548308121,6.23,10.0,-1.33,0.63
FE,2004-03-30,15.358558364425381,15.394001251510723,15.252229703169357,15.354620933532715,1305600,12.36981429303044,12.617946786207893,13.3967581493698,21.85233244741492,21.298940026156664,6.21,10.0,-1.32,0.67
FE,2004-03-31,15.338872424934376,15.46095234560629,15.22860480018985,15.390068054199219,842200,11.951459451412244,12.490351171417268,13.335358192503325,21.717968418208226,21.24795494995059,6.18,9.0,-1.31,0.71
FE,2004-04-01,15.401882867446234,15.476706098023554,15.342810868073428,15.441263198852539,649600,11.973647949811335,12.43562196000237,13.338446109281806,21.62023270649879,21.233358442361286,6.16,10.0,-1.3,0.71
FE,2004-04-02,15.47670827374983,15.523964978533446,15.330999224346606,15.401885032653809,710000,11.78170065133101,12.44038332968893,13.342108454352552,21.620779022515368,21.23407345648548,6.13,12.0,-1.29,0.71
FE,2004-04-05,15.358565788902869,15.445204333051787,15.303432716176669,15.409761428833008,983600,11.642993798161271,11.949589609960839,13.315771650741093,21.61381976206986,21.233322051689516,6.1,9.0,-1.27,0.72
FE,2004-04-06,15.299493435525582,15.433388681520539,15.295556002818463,15.425512313842773,801300,11.612858833508371,11.668373915975094,13.310011624261191,21.495851683983634,21.139071236172942,6.06,9.0,-1.26,0.73
FE,2004-04-07,15.397945351172186,15.397945351172186,15.216793406396862,15.236483573913574,1174900,12.109500003806497,11.907451980752715,13.485380434873775,21.549354932756152,21.177200651473,6.02,21.0,-1.24,0.58
FE,2004-04-08,15.299496120471769,15.405824849386201,15.204982696279247,15.342815399169922,638900,12.235328171355151,11.884631800805879,13.513133099008373,21.56161276337724,21.182977859080513,5.98,22.0,-1.22,0.57
FE,2004-04-12,15.42157301510868,15.449139547513514,15.051392792627077,15.149845123291016,1206600,12.054255083623081,12.144108581774397,13.689997293928064,21.61052923327884,21.216369816884985,5.93,32.0,-1.19,0.43
FE,2004-04-13,15.149845257614654,15.149845257614654,14.622140700486607,14.9686918258667,1838000,12.53680154605201,12.41621327518127,13.824715494998765,21.61427909784328,21.214568267443067,5.88,36.0,-1.16,0.33
FE,2004-04-14,14.92536837230557,15.122272960318769,14.700897262151548,15.071077346801758,1727300,12.603017228280876,12.378392707660339,13.509876269272885,21.623292762733186,20.942836937133748,5.83,22.0,-1.12,0.44
FE,2004-04-15,15.07108112740956,15.291614862120229,15.059267329889346,15.201037406921387,1700800,12.852915853897997,12.477878524080165,13.085351121789055,21.621838309751002,20.90053176651627,5.78,2.0,-1.15,0.43
FE,2004-04-16,15.240419235760703,15.240419235760703,15.1695334461131,15.201037406921387,1176600,12.832321443724275,12.443542826921968,12.968944481671882,21.601710113166646,20.899929634176726,5.73,2.0,-1.15,0.5
FE,2004-04-19,15.201040875789172,15.201040875789172,15.130155069965474,15.181350708007812,684300,12.517469632759301,12.401017087095557,12.917792724400567,21.60104444536122,20.897244808402704,5.68,2.0,-1.17,0.55
FE,2004-04-20,15.185288051928618,15.346749814440694,15.071082987593323,15.157721519470215,982400,12.387288900395777,12.374086922319458,12.924773452787324,21.58856968479234,20.898570931919835,5.62,3.0,-1.22,0.54
FE,2004-04-21,15.1616559723586,15.279798445716576,15.07108002604205,15.264045715332031,1045200,12.491825407470085,12.378232659847246,12.954130241681295,21.599576089844167,20.87419960582648,5.56,4.0,-1.3,0.52
FE,2004-04-22,15.260109445851318,15.488519547030382,15.197100021778331,15.457014083862305,1058900,12.006929827671609,12.473851208305,12.641117833199106,19.494612114682557,20.904242058189784,5.49,1.0,-1.29,0.42
FE,2004-04-23,15.38219086223287,15.508209710378846,15.260109445851318,15.457014083862305,1077500,10.460824080061013,12.256552829156657,12.565677335628292,19.437686522596145,20.77034359720716,5.42,1.0,-1.26,0.46
FE,2004-04-26,15.45701443367906,15.614538748558141,15.334933014534613,15.476704597473145,836300,9.987173381825345,12.248409365391453,12.511421745159424,19.363285602262454,20.74426414289419,5.35,1.0,-1.22,0.49
FE,2004-04-27,15.437324493831117,15.527900450408435,15.338872171169264,15.429448127746582,818300,10.037986046460528,12.238812600144293,12.498879518950154,19.34056902447634,20.70730778152641,5.28,1.0,-1.18,0.51
FE,2004-04-28,15.38612886541325,15.492457554159637,15.334933236995385,15.429448127746582,1197900,9.835866226146111,12.240155539639161,12.494339101098031,19.336425569971862,20.706275322897074,5.2,1.0,-1.14,0.51
FE,2004-04-29,15.45701578250321,15.476705948015516,15.330996920508454,15.366439819335938,1457700,9.034328263296876,12.232405390146015,12.182700605372077,19.338068208180683,20.710029318605926,5.12,1.0,-1.09,0.5
FE,2004-04-30,15.366433822585597,15.460947181066162,15.327052004666406,15.397937774658203,1699100,9.031645027305528,11.866103961136806,12.070585561504595,19.330635087351062,20.710307844240923,5.03,1.0,-1.03,0.63
FE,2004-05-03,15.37825167698569,15.508209457036266,15.342808782632183,15.496394157409668,1535700,9.19541770834677,11.149135616307019,12.018749209704193,19.32687734132531,20.7145385045701,4.94,1.0,-0.97,0.67
FE,2004-05-04,15.523958732786035,15.551526760270567,15.299487597545783,15.45307445526123,1198500,9.232600880540913,11.148067082073068,11.489764211457329,19.257328039009202,20.717645292356604,4.84,1.0,-0.91,0.5
FE,2004-05-05,15.486877143048531,15.586279433418856,15.343737602233887,15.343737602233887,2978500,9.4942253260627,11.242032192487263,11.550618710545386,15.21892357487174,20.726643086149913,4.74,2.0,-0.86,0.43
FE,2004-05-06,15.307951743137505,15.439163486122755,15.216501823825883,15.319879531860352,1383000,9.324504107577953,11.020867543951303,11.509344206025093,15.210376416101667,20.72115217465768,4.63,2.0,-0.82,0.48
FE,2004-05-07,15.228426588479575,15.498800868735248,14.763224719566779,14.95009994506836,1879200,11.708013427328744,12.148384388364278,12.210274842033307,14.731542547305859,20.873922182451647,4.51,7.0,-0.77,0.94
FE,2004-05-10,14.810928658723789,14.914306285344358,14.667789239743547,14.850688934326172,1310100,11.782211622798666,12.15842824330947,12.253371225277345,14.634775297212474,20.88548798798249,4.38,8.0,-0.77,0.88
FE,2004-05-11,14.930219952413365,15.041551521002395,14.65189330607809,14.72346305847168,1355000,11.973418053670528,12.28439122720755,12.131356812384057,14.533105125772908,20.90451956264043,4.24,6.0,-0.7,0.85
FE,2004-05-12,14.763221591219983,14.830814388581803,14.608154334441348,14.743341445922852,1373900,11.99585506248058,12.242013475206754,12.120666781810813,14.510723352224808,20.903868265724164,4.08,6.0,-0.63,0.86
FE,2004-05-13,14.73141818556511,14.763227644489435,14.639968266295403,14.671777725219727,2138200,11.985785371182791,12.020750890015778,12.152020059523677,14.316016034704907,20.89943964643335,3.92,8.0,-0.56,0.8
FE,2004-05-14,14.691651060093525,14.918288041089653,14.651889254892058,14.818885803222656,1092100,12.371920402250943,12.204409394622648,12.150339338412689,14.35132543133631,20.8922349858755,3.75,8.0,-0.52,0.86
FE,2004-05-17,14.711535792109762,14.7910579105539,14.604181159723918,14.663823127746582,1486300,12.65032103476863,12.306244022129967,12.232681305340032,14.421215305194115,20.823208389239642,3.56,12.0,-0.46,0.74
FE,2004-05-18,14.791059494018553,14.934199019190224,14.74334682454747,14.791059494018555,771200,12.985177111250715,12.400615944319249,12.286600365993868,14.445580792506332,20.82414875465108,3.35,14.0,-0.42,0.72
FE,2004-05-19,14.89841509769463,14.950103194302189,14.679728855283747,14.711538314819336,1106200,13.015684997257631,12.444816308002556,12.323853978910233,14.111800689900761,20.797039568391934,3.12,15.0,-0.4,0.66
FE,2004-05-20,14.711535108577081,14.946124512870664,14.671774809581496,14.814912796020508,1210400,12.832878718729656,12.434647065330491,12.35710946740586,14.101448502104077,20.80550680151734,2.98,16.0,-0.36,0.63
FE,2004-05-21,14.818894253165755,14.918296547713345,14.647922185203209,14.719491958618164,1388200,12.704570421991487,12.487431471315872,12.40971824933025,14.130441142105074,20.78062983235212,2.83,17.0,-0.36,0.56
FE,2004-05-24,14.799013578447273,14.926248389664002,14.795036637420042,14.882511138916016,711300,12.73150839339608,12.297391312137792,12.494702415308941,14.148875748807066,20.548108485731614,2.68,19.0,-0.44,0.53
FE,2004-05-25,14.910336858347844,15.132998434798681,14.759245020157707,15.10914134979248,689500,13.039553037959491,12.700053126211042,12.698997374672928,14.191714001698235,20.513674502614148,2.51,24.0,-0.59,0.45
FE,2004-05-26,15.148911423039973,15.323860459201013,15.021676587700423,15.284098625183105,903100,13.31135837236512,12.860118966968395,12.800545520964452,14.056573786675692,20.544222696328717,2.32,25.0,-0.79,0.4
FE,2004-05-27,15.307954404425443,15.590256576173266,15.307954404425443,15.411332130432129,1036500,13.29593549330775,12.967016776648105,12.76529106290312,13.928593982438626,20.52789009415243,2.11,25.0,-0.9,0.41
FE,2004-05-28,15.466992669492006,15.55049020606608,15.415303068240274,15.506752967834473,1150600,13.397425106974179,13.014477834200694,12.749439716322073,13.632712020431036,20.48152572016227,1.87,25.0,-0.96,0.43
FE,2004-06-01,15.506748181516532,15.534580685117099,15.299991357085387,15.395418167114258,592300,13.580773284646188,12.962420641641554,12.796885713817737,13.43634139128931,20.470147497761705,1.58,27.0,-0.99,0.35
FE,2004-06-02,15.466989371006413,15.518677444477005,15.359634768266375,15.502774238586426,599300,13.693907124133082,12.964229945913146,12.535214386533076,13.450551726971844,20.47721825345244,1.22,22.0,-0.94,0.38
FE,2004-06-03,15.502786743218639,15.594236697074294,15.39940747937551,15.474952697753906,782800,13.582331511237914,12.943202829395286,12.394947492160298,13.41109502583131,20.473403118461004,1.15,17.0,-0.93,0.51
FE,2004-06-04,15.566395241608104,15.673748352618864,15.534585788895148,15.626035690307617,739600,13.385473042140717,12.615119106776836,12.423740691071188,13.346588598108685,20.48243491422128,1.08,19.0,-0.99,0.54
FE,2004-06-07,15.645924125266408,15.797016072148217,15.590259070299162,15.641948699951172,930800,13.386328315060169,11.947382158863412,12.373487173109906,13.26681794291313,20.43602747477295,1.05,17.0,-0.99,0.56
FE,2004-06-08,15.641936769865454,15.641936769865454,15.466989371006413,15.502774238586426,1144600,13.652670682950824,11.895222817351987,12.424944800106914,13.312933913915465,20.451369144064454,1.01,21.0,-0.96,0.47
FE,2004-06-09,15.455066945477887,15.53856601814581,14.84672544276856,14.902390480041504,4100000,17.822854782682068,14.459586143635228,13.967816210773135,14.091153514681759,20.821908629219337,0.98,81.0,-0.95,3.43
FE,2004-06-10,14.938181360207107,15.148913804980479,14.918301198451735,15.069393157958984,2016600,18.174983867383872,14.550449019880721,14.014292792799596,14.131006539503637,20.774850549541675,0.95,83.0,-0.89,3.37
FE,2004-06-14,15.029621305347707,15.125048141665397,14.91431432051828,15.017693519592285,815300,18.16561884892688,14.24771392081887,14.026432797184349,14.104914221761922,20.767559681405213,0.93,85.0,-0.83,3.34
FE,2004-06-15,15.10915104085304,15.208553350332338,15.02167652314842,15.049509048461914,1139800,18.166552836165835,14.25322917875372,14.006417485011507,14.100025329340166,20.76164035705276,0.9,82.0,-0.75,3.35
FE,2004-06-16,15.009742919131329,15.176738006346561,15.009742919131329,15.133002281188965,835500,18.139452326851764,14.301372157142268,14.007281790704345,14.00145167230573,20.607270119025788,0.87,83.0,-0.68,3.41
FE,2004-06-17,15.125046073129948,15.129021495585365,15.005763681614745,15.10914134979248,633700,18.131153270309845,14.302503888370852,13.98874460490481,13.88481883769224,20.547678550808794,0.84,82.0,-0.6,3.4
FE,2004-06-18,15.01770352398772,15.097225687768331,14.87853935818187,15.069393157958984,1139400,18.041206805520858,14.310642584404173,13.96927990492007,13.818551754458225,20.549635166542004,0.82,82.0,-0.52,3.45
FE,2004-06-21,15.089273918360343,15.236388941297633,15.053489019077308,15.140963554382324,993300,18.104382257825367,14.281134763205575,13.925998154441817,13.718505694052539,20.50451535220912,0.8,81.0,-0.53,3.6
FE,2004-06-22,15.10914134979248,15.168783303929033,14.997811319946011,15.10914134979248,844800,16.623855899471167,14.285726226713289,13.80078299040437,13.723509368731305,20.49860902862526,0.78,75.0,-0.44,3.71
FE,2004-06-23,15.10914134979248,15.152878580591565,15.065404118993397,15.10914134979248,726700,16.490807299615774,14.273941810102459,13.793557139504085,13.703625005563572,20.49860902862526,0.76,75.0,-0.34,3.71
FE,2004-06-24,15.089257836390436,15.109137977746485,14.96202311160265,14.969975471496582,1122400,16.523263637754944,14.391871714031785,13.851732243089629,13.757656031525942,20.519274735343636,0.73,78.0,-0.25,3.52
FE,2004-06-25,14.989866942968737,14.993842367541754,14.81491792658185,14.870584487915039,1391300,16.652351467219653,14.448378091675607,13.89449958659264,13.719056868459134,20.516763447323452,0.72,84.0,-0.19,3.4
FE,2004-06-28,14.870581426604362,15.041553466462611,14.854676698069083,14.9381742477417,749500,16.622470920381613,14.47428824000868,13.879599372684066,13.689937810498702,20.453316999741695,0.71,84.0,-0.12,3.42
FE,2004-06-29,14.981912797236628,15.001792951257396,14.791060588471908,14.810940742492676,809400,16.58169054635875,14.544925327918657,13.775362243223615,13.706228083293084,20.28491578476086,0.7,75.0,-0.08,3.59
FE,2004-06-30,14.84672688113291,14.922272079499574,14.67177938750337,14.87455940246582,987700,16.320077810764797,14.575101543604713,13.435912260546312,13.616275253550455,20.100084158423204,0.69,57.0,-0.43,4.15
FE,2004-07-01,14.950095968493045,14.96997762947267,14.727435926395955,14.818885803222656,714600,16.17591973596251,14.587623076434475,13.427118122674647,13.589366032071776,20.103664063182386,0.68,55.0,-0.75,4.11
FE,2004-07-02,14.862623689968649,14.96997829363889,14.799006315581599,14.83479118347168,553300,16.09483486055357,14.587877324069051,13.402315659726277,13.462758796970911,20.10335401324392,0.68,54.0,-1.01,4.13
FE,2004-07-06,14.834796545779184,14.969983704812256,14.795034724440988,14.9381742477417,701000,16.092759476118754,14.463049679549417,13.314704963928484,13.479663347712876,20.113424417799248,0.67,48.0,-1.05,4.26
FE,2004-07-07,14.926245945733184,15.089265615710202,14.850699246171267,15.077336311340332,658300,16.16626141563921,14.520605720088719,13.376499809405775,13.515108859733582,20.083344979387324,0.66,54.0,-1.04,4.17
FE,2004-07-08,15.077329991493233,15.10516401218373,15.0097372010158,15.053474426269531,881300,15.884512048215926,14.293376146960842,13.340033576413518,13.501148937742947,20.014213191122966,0.66,52.0,-1.01,4.19
FE,2004-07-09,15.053488674867976,15.148914059601312,14.954086347661251,15.085296630859375,1006600,15.271804822066718,14.081775716729151,13.341640446785277,13.501422117039489,19.9137641672363,0.66,54.0,-0.96,4.19
FE,2004-07-12,15.049502209375351,15.10119181150728,14.910339646048836,14.95009994506836,669900,15.07798597376944,14.133999785624413,13.39823464227779,13.544409310937725,19.853801314302324,0.65,58.0,-0.95,4.0
FE,2004-07-13,14.985891495206312,15.033605695390195,14.890466128356264,15.02962875366211,392400,14.946966271109947,14.063360118500992,13.291247939447345,13.554437323485299,19.848064138529626,0.65,44.0,-0.95,4.15
FE,2004-07-14,15.025652048758529,15.22047970759065,14.98986716004832,15.20457649230957,684600,15.245968514860303,14.268502178663503,13.416717762265876,13.527693282585354,19.879196534831983,0.64,61.0,-0.94,3.98
FE,2004-07-15,15.20854803677185,15.307950311521992,15.188667885173489,15.212523460388184,560600,15.121492044434746,14.266293428551618,13.36701650139251,13.480785814042143,19.775577368655846,0.64,57.0,-0.91,4.12
FE,2004-07-16,15.280118155484882,15.343735552151603,15.196620606752006,15.32385540008545,718900,15.136282487196754,14.339208498373385,13.387813166614945,13.500835405051209,19.71139499262935,0.64,59.0,-0.88,4.16
FE,2004-07-19,15.34770936141003,15.530610684750737,15.339758514826634,15.498801231384277,948900,15.505098641236948,14.455061971192434,13.498273070177955,13.557545931131502,19.73878329402404,0.64,71.0,-0.87,4.03
FE,2004-07-20,15.466995180998445,15.574348307306568,15.387473054642676,15.554468154907227,959100,15.273122680750761,14.244108050104206,13.461652990863366,13.540044469902366,19.735096312374832,0.64,68.0,-0.86,4.08
FE,2004-07-21,15.546512598365196,15.558441900762029,15.296019999403065,15.299995422363281,1970100,15.983382705696975,14.644806475214006,13.72086096154577,13.655551587968088,19.719916589212446,0.64,83.0,-0.84,3.6
FE,2004-07-22,15.371571925346402,15.498806750604908,15.136982431883762,15.268194198608398,1438000,15.800176819615777,14.646818132875298,13.514950661999169,13.59522488004225,19.718690104757126,0.64,72.0,-0.85,3.81
FE,2004-07-23,15.268189853832999,15.268189853832999,15.07336072992044,15.113121032714844,702200,11.101420220889285,14.77858439846682,13.612456298908649,13.621936568871071,19.748195385495812,0.65,73.0,-0.85,3.58
FE,2004-07-26,15.176742026602744,15.204576065270022,15.017699260947744,15.041556358337402,715800,10.722344975962008,14.8058369454311,13.600317116698019,13.624167883498641,19.746621888977405,0.65,71.0,-0.86,3.61
FE,2004-07-27,15.04552837212348,15.168787738889847,14.954078461332308,15.077336311340332,878300,10.695667241713616,14.796736379932815,13.605783821141513,13.58553061501777,19.71025337180484,0.65,71.0,-0.87,3.61
FE,2004-07-28,15.081315503577839,15.224455043322362,15.0296258882793,15.18867015838623,1052400,10.886303659504724,14.872782298250362,13.6500705848104,13.608797105318567,19.719381340621357,0.65,74.0,-0.87,3.56
FE,2004-07-29,15.28807409985201,15.506758857308458,15.248312269649825,15.47097396850586,903200,12.0064337976213,15.299716404738382,13.87806695697826,13.765778134813614,19.784036341117478,0.65,90.0,-0.89,3.37
FE,2004-07-30,15.474938109966335,15.574340337856944,15.447105607497575,15.546507835388184,933200,12.043827688713066,15.321090874269114,13.85824016505565,13.75668631014227,19.77205030601967,0.66,88.0,-0.92,3.46
FE,2004-08-02,15.546517186403918,15.737370913496486,15.502781453902017,15.717489242553711,1694800,12.331663169027397,15.404739312191799,13.947082870784467,13.807121142772342,19.797261086163147,0.66,93.0,-0.87,3.35
FE,2004-08-03,15.745313789150101,15.848692965375914,15.669768634798753,15.709528923034668,908700,12.302077101260075,15.400544876300861,13.689729523212252,13.808043224297057,19.786818331894526,0.67,77.0,-0.84,3.79
FE,2004-08-04,15.70351199145265,16.00457626331259,15.595128669828025,15.99654769897461,2622200,13.188745135323703,14.928843278997686,13.623312095718513,13.957288191868086,19.86201158415842,0.67,69.0,-0.32,4.04
FE,2004-08-05,16.04471444205225,16.197252526456847,16.0045716319787,16.06077003479004,1921000,13.189646654221146,14.850761464699247,13.516055204347907,13.960126598764319,18.216107665177734,0.66,65.0,0.13,4.19
FE,2004-08-06,16.06078309543106,16.197265698085623,16.01662826538086,16.01662826538086,1800600,12.835951288805955,14.731931664027098,13.523501735875065,13.954497319463478,18.17463560558162,0.66,66.0,0.28,4.17
FE,2004-08-09,16.012608590841545,16.012608590841545,15.823941112789642,15.839998245239258,1538500,13.163125844396854,14.952759504406323,13.602638807626585,13.84442545784323,18.1608710725196,0.66,68.0,0.18,3.93
FE,2004-08-10,15.787808787156617,15.787808787156617,15.675410434548434,15.727595329284668,1800000,13.407413345601151,14.998889730045613,13.467818041110776,13.634117979869472,18.158244038075328,0.66,59.0,0.06,4.02
FE,2004-08-11,15.719567074646713,15.759708359821227,15.603155203832003,15.751681327819824,1236600,13.049953558547541,14.88624547262168,13.465850472344487,13.565778867785111,18.155230491426195,0.66,59.0,-0.05,4.04
FE,2004-08-12,15.751684038185848,15.936336431828435,15.635272147340338,15.779783248901367,854900,13.032881358547876,14.691260124398811,13.467667924978027,13.538570981106213,18.147475569404182,0.66,60.0,-0.16,4.05
FE,2004-08-13,15.795832692738749,15.799847739157885,15.63125100925967,15.679422378540039,603100,13.154916360151933,14.689851398914072,13.507718639464175,13.566558799910283,18.157758432994115,0.65,65.0,-0.25,3.94
FE,2004-08-16,15.627241355060436,15.823935802031002,15.627241355060436,15.76773738861084,521900,13.196496291356485,14.659387055073022,13.533803097052227,13.577469663407648,18.15484494594759,0.65,71.0,-0.34,3.92
FE,2004-08-17,15.71956676614895,15.75970805053569,15.639282666083634,15.727595329284668,831400,13.176284554162699,14.627332666403852,13.50605453927461,13.343649748331792,18.1035123217406,0.65,65.0,-0.42,3.92
FE,2004-08-18,15.727596960780177,15.944363594055176,15.70351126887451,15.944363594055176,601300,13.455531129675451,14.770733868394426,13.673048773467094,13.384661554115398,15.16454325044634,0.65,79.0,-0.46,3.72
FE,2004-08-19,15.91625824021952,15.98851375674519,15.771747207168175,15.844002723693848,407000,13.62957710731083,14.712387480317716,13.709858418194518,13.380352624967037,15.173179735984052,0.65,81.0,-0.53,3.61
FE,2004-08-20,15.755696654163955,15.92830695657281,15.755696654163955,15.868093490600586,454000,13.629126438929658,14.417950654681405,13.711102076346807,13.366602391422836,14.589226374750305,0.66,81.0,-0.6,3.61
FE,2004-08-23,15.823931652240272,15.97647125672891,15.803861014323969,15.908230781555176,1014300,13.247689654556737,14.249842539869064,13.715206533938085,13.363738228609462,14.498667260032724,0.66,81.0,-0.66,3.62
FE,2004-08-24,15.924300492776496,16.056769576805724,15.912258405607611,16.01662826538086,1013100,13.28614435632497,14.218864202814835,13.749886975002095,13.202145299740597,14.400863464039162,0.66,82.0,-0.68,3.57
FE,2004-08-25,15.988518408218019,16.19324141040569,15.9443620762404,16.137042999267578,1262100,13.084888397037227,14.243293714019206,13.788311505615763,13.170744054931038,14.39657047733177,0.66,83.0,-0.63,3.53
FE,2004-08-26,16.10493697677278,16.197263203866942,16.096908409465552,16.12500762939453,723100,13.102355806467186,14.152081504042007,13.781304493866923,13.128625185960654,14.24300069769579,0.67,82.0,-0.63,3.55
FE,2004-08-27,16.169159775482573,16.173174823737483,16.088877185891263,16.10493278503418,822200,13.032890237145281,14.098849887191125,13.783956431558392,12.865173876340286,14.245475127953247,0.67,82.0,-0.66,3.53
FE,2004-08-30,16.125009080719042,16.18120905692789,16.080854253494113,16.10895347595215,629300,12.708427887107446,14.090012354694187,13.783673820833364,12.858618729707722,14.245547747986434,0.67,81.0,-0.69,3.53
FE,2004-08-31,16.149087826824474,16.221343376668244,16.072818760341434,16.15310287475586,1479800,12.697470698946537,13.970715133272094,13.635255674637317,12.837487941681106,14.245751978918939,0.67,69.0,-0.73,3.85
FE,2004-09-01,16.20528250161994,16.470218946042085,16.20528250161994,16.414020538330078,1702600,12.23582864681015,14.326000364598071,13.817891148594319,12.95933074460564,14.064888931868893,0.67,85.0,-0.58,3.63
FE,2004-09-02,16.498320635576313,16.739172959433162,16.47824999141124,16.646846771240234,1202600,12.619009454558801,14.433971624981176,13.813228673354324,13.039987639842188,14.103816679907844,0.68,84.0,-0.21,3.77
FE,2004-09-03,16.65889893390027,16.707068815308567,16.45818930819063,16.63882827758789,1163600,12.044020411373525,11.690957521263202,13.657956929916187,12.933530659015844,14.10451513782476,0.67,70.0,-0.02,4.09
FE,2004-09-07,16.650867838554383,16.682982108815583,16.542484473361853,16.67093849182129,1709600,11.814225890044636,11.529030511824852,13.627500806280377,12.929342018733827,14.083706608553603,0.68,67.0,0.07,4.12
FE,2004-09-08,16.510362606444033,16.51839116957065,16.337752327451422,16.430078506469727,1444400,12.913038599624471,11.957046322532813,13.794043106844686,13.060839611775299,14.137279012646076,0.68,83.0,-0.04,3.77
FE,2004-09-09,16.40599685734011,16.514380189302848,16.297613525377372,16.397968292236328,1203900,12.913566121766653,11.977165150292123,13.800344121985658,13.016169108777758,14.006293886956945,0.68,83.0,-0.17,3.75
FE,2004-09-10,16.40198341339192,16.418040543670912,16.225358042907494,16.373884201049805,747000,12.048122784750275,11.960684399200934,13.801030404221448,12.99523538002961,13.898299802247028,0.68,84.0,-0.28,3.75
FE,2004-09-13,16.373885572981756,16.381914138793945,16.257473665643523,16.381914138793945,1474100,12.02084042401209,11.946830933594077,13.796118605635929,12.988539040781625,13.681898289162934,0.68,81.0,-0.39,3.76
FE,2004-09-14,16.41803548821992,16.951921889617775,16.405991878573044,16.60268783569336,928600,12.203136567304993,12.1678671970987,13.906378221848865,13.07051778041217,13.568438180534367,0.69,91.0,-0.45,3.62
FE,2004-09-15,16.638812527269252,16.638812527269252,16.38591820950313,16.562541961669922,937100,12.247471889586794,12.177832963347896,13.787796291167616,13.073992897575442,13.571585834549207,0.69,76.0,-0.52,3.75
FE,2004-09-16,16.55853864975683,16.699034728813558,16.55853864975683,16.686992645263672,929200,11.371501987222718,12.215291659774293,13.829397424365627,13.09595886296635,13.555287919292432,0.69,85.0,-0.55,3.71
FE,2004-09-17,16.658882788912752,16.763251019364215,16.610712954188344,16.727123260498047,1692900,11.34913072517646,12.211305734509732,13.831612819472994,13.083112065740835,13.485743373591042,0.68,85.0,-0.59,3.71
FE,2004-09-20,16.691002116951648,16.69902914910786,16.618746577210494,16.65888786315918,1179200,11.397624905386222,12.058410395514079,13.839842657324608,13.097532006763906,13.43883029548493,0.68,85.0,-0.66,3.69
FE,2004-09-21,16.658889914756365,16.658889914756365,16.51036530090466,16.550506591796875,986100,11.037345469711465,12.0544240022237,13.887750676468757,13.123753271675662,13.453791304603623,0.68,89.0,-0.74,3.57
FE,2004-09-22,16.530444725319075,16.55051538142428,16.377904982592273,16.510374069213867,907900,10.801450217260625,12.070998306457971,13.875636968389312,13.082191433213586,13.405110017991223,0.67,86.0,-0.83,3.6
FE,2004-09-23,16.498325580867775,16.54649697885348,16.426070015181672,16.446142196655273,645200,10.919259894618222,11.939601670363786,13.893224022324425,13.071092297405274,13.407645173120963,0.66,89.0,-0.91,3.54
FE,2004-09-24,16.44613929871531,16.44613929871531,16.273528981246308,16.377897262573242,979100,11.038081574481872,11.988170763483907,13.88353670885796,13.074166739197807,13.390785962138038,0.65,87.0,-0.98,3.51
FE,2004-09-27,16.37789184268473,16.58662986755371,16.317679922676856,16.58662986755371,1316700,11.273125295468494,12.145949897309707,14.004969933164327,12.988947576230316,13.435576466458452,0.63,96.0,-1.04,3.39
FE,2004-09-28,16.578612261759364,16.68699562695189,16.578612261759364,16.67093849182129,870300,11.2584611582457,12.162242614337513,13.965451215460881,12.919861619222875,13.360754553795617,0.6,92.0,-1.09,3.51
FE,2004-09-29,16.462195580625448,16.582622528076172,16.29761382124067,16.582622528076172,1033900,11.380217122327368,12.206332034058947,13.994476963338299,12.914504179371722,13.287469489264955,0.58,95.0,-1.15,3.44
FE,2004-09-30,16.582623526494967,16.618751306646946,16.281559202325948,16.490297317504883,1102500,10.989545025366732,12.194473655437786,13.438462956285663,12.909468292271686,13.24957172185918,0.56,34.0,-1.19,3.85
FE,2004-10-01,16.490298389223277,16.614737337940102,16.418042824223374,16.474241256713867,1039900,10.782569003447351,12.188541280007104,13.386214254303614,12.885586639226284,13.172216579133215,0.55,27.0,-1.23,3.98
FE,2004-10-04,16.566557146614976,16.566557146614976,16.458173866664886,16.534442901611328,1378200,10.803949538504892,12.195878948826872,13.302622196855458,12.885246988017215,13.174613522415807,0.53,21.0,-1.26,4.19
FE,2004-10-05,16.53445266912975,16.594666148436197,16.474240721115688,16.482269287109375,1926400,10.876588972925813,12.038157473876682,13.320240858575428,12.861775384677474,13.166134780866019,0.52,22.0,-1.29,4.14
FE,2004-10-06,16.482269810421315,16.658893674013044,16.33775868053152,16.55452537536621,1947800,10.79050452055728,12.02750863949321,13.29537556149437,12.867602832916806,13.169967726318857,0.5,19.0,-1.33,4.23
FE,2004-10-07,16.554531346713507,16.554531346713507,16.34980666175971,16.365863800048828,966600,11.205453720333356,12.138496324925573,13.370795652083501,12.936682551978528,13.178226938063597,0.48,25.0,-1.35,4.01
FE,2004-10-08,16.313668906420478,16.401981581800914,16.18120142464188,16.3698673248291,1147500,11.199793168521367,12.139318586638312,13.243473285082597,12.92165807640381,13.152688309476279,0.47,16.0,-1.37,4.3
FE,2004-10-11,16.45818473981503,16.47825539055631,16.36585852137117,16.46219825744629,988600,11.283302211022566,12.108480593598191,13.20838777343892,12.922882608038494,13.138791943594205,0.45,15.0,-1.39,4.35
FE,2004-10-12,16.462192863562386,16.662902367797095,16.422051575232242,16.646846771240234,1020400,11.678533221433698,12.10145871843519,13.263384746242599,12.963030098221019,13.104634246837692,0.44,16.0,-1.42,4.33
FE,2004-10-13,16.69904024652503,16.715097384092104,16.51840280842069,16.63882827758789,1130200,11.676464840067093,12.095792311629427,13.233739085311496,12.925501067796041,13.078316799631958,0.42,14.0,-1.43,4.35
FE,2004-10-14,16.63881584688272,16.719099943445656,16.578602391637574,16.65085792541504,747200,10.771336207164243,11.525866643723628,13.17742519913894,12.851439939268719,12.987090668164358,0.41,12.0,-1.45,4.51
FE,2004-10-15,16.658882788912752,16.775294626513894,16.63881215205187,16.727123260498047,1038500,10.05608147925127,11.5204186179035,13.095116427701504,12.856052285544612,12.990352749645961,0.4,11.0,-1.46,4.65
FE,2004-10-18,16.735158298901336,16.751215427121586,16.602690819314354,16.66691780090332,955400,10.114009412527377,11.31084639120767,12.923749328371334,12.853494673170262,12.998046828404245,0.39,10.0,-1.46,4.87
FE,2004-10-19,16.69100015603992,16.69902718725309,16.458176437273103,16.49831771850586,920100,10.518915155250049,11.494463560897481,12.932287762798628,12.917932790428841,13.033176951419717,0.39,10.0,-1.47,4.74
FE,2004-10-20,16.55854228055338,16.566570848444535,16.349804109261576,16.47825813293457,1147700,9.626039952558044,11.506886320863854,12.879414939421144,12.90354635334008,13.034705355670159,0.39,8.0,-1.48,4.82
FE,2004-10-21,16.35783192965829,16.470228812412834,16.28156283511666,16.4381160736084,1368400,9.63600255845357,11.468284546792699,12.858286278533257,12.797614995879862,13.033639195724417,0.38,7.0,-1.49,4.82
FE,2004-10-22,16.474238895076155,16.478252411981934,16.357826998009635,16.397968292236328,907000,9.653781681556918,10.923810130645972,12.806989399661662,12.58391197506598,13.037992325312523,0.38,6.0,-1.49,4.96
FE,2004-10-25,16.502341389382554,16.650866045111503,16.45015647147521,16.486284255981445,1083200,9.776048069551685,10.931929048919743,12.78961413828931,12.583192388884248,12.982345796790293,0.38,5.0,-1.49,5.0
FE,2004-10-26,16.538468142735134,16.795376135964876,16.442126879627764,16.739177703857422,2223500,10.002973575034495,11.132120803126533,12.99170431032575,12.686843003638797,13.026915439584618,0.36,10.0,-1.49,4.69
FE,2004-10-27,16.77931325229713,16.823469585615822,16.65888786315918,16.65888786315918,1257100,10.082446014349241,11.192544646251667,12.94206263317052,12.634910766385527,13.038593680834149,0.35,9.0,-1.5,4.73
FE,2004-10-28,16.678957319177503,16.678957319177503,16.458177199587734,16.518390655517578,1895500,10.139932864922164,10.77278696464292,13.022395156351168,12.674465492806137,13.072197995754756,0.34,10.0,-1.51,4.51
FE,2004-10-29,16.59065818786621,16.666927293412783,16.522416119709465,16.59065818786621,1377700,10.201823440091191,10.77797399284299,12.946829676460537,12.661838530399338,13.06110508153514,0.32,8.0,-1.5,4.73
FE,2004-11-01,16.70706522525028,16.787349364541054,16.574597697019207,16.60671043395996,957100,10.142602299205233,10.756366054392643,11.23032360416624,12.661393255971237,13.032157480806067,0.4,1.0,-1.48,-0.02
FE,2004-11-02,16.67093199012184,16.72311689329773,16.426066134402788,16.47022247314453,2420400,10.249325837831696,10.639754155380201,11.210091027713494,12.694103434854428,13.015182656732794,0.46,1.0,-1.45,0.01
FE,2004-11-03,16.739629150843715,16.849012199413487,16.64240080461505,16.670759201049805,2618100,10.819491896185767,10.76861382927156,11.328240050190965,12.697088434125156,13.038501156424184,0.5,3.0,-1.41,-0.08
FE,2004-11-04,16.735579793892143,16.95839644391428,16.654555136043143,16.946243286132812,1658200,11.694258214291295,11.222629127071619,11.586292968622036,12.834110584579616,13.11987838124995,0.54,4.0,-1.36,-0.15
FE,2004-11-05,16.970555019537386,16.990810804112083,16.626202045515633,16.853069305419922,1399500,11.752634739997715,11.306256615186483,11.613493532524911,12.822016515933221,13.107820008410616,0.56,5.0,-1.32,-0.15
FE,2004-11-08,16.92193386156356,16.98675327277007,16.81660135246756,16.90167808532715,1531300,11.236204176523943,11.203496242739721,11.609117338825095,12.806688828267088,13.109283560143814,0.59,5.0,-1.27,-0.16
FE,2004-11-09,16.934090782769925,16.946245487547166,16.836862417054054,16.873323440551758,934900,11.174402735093976,11.1818194547262,11.602240568591645,12.806914564900392,13.10854334190908,0.61,5.0,-1.22,-0.15
FE,2004-11-10,16.88547386056019,16.905729638013458,16.784193427877085,16.86116600036621,1424900,11.048925226074484,11.162390478144687,11.591393172395426,12.783224863249885,13.096810470331894,0.64,5.0,-1.17,-0.13
FE,2004-11-11,16.901682554036785,17.20147183059825,16.836863125692382,17.120447158813477,1682800,11.676327921246278,11.242106707730052,11.796081414092335,12.897328882828837,13.173902726526379,0.66,9.0,-1.09,-0.22
FE,2004-11-12,17.197419171403663,17.48100471496582,17.156906067799422,17.48100471496582,1023700,12.956883731460753,11.830382357590041,12.19702733629209,13.00432805178447,13.323354865378912,0.66,10.0,-0.94,-0.18
FE,2004-11-15,17.53366806751111,17.53366806751111,17.29059564646278,17.42833709716797,729600,13.02602955255522,11.868810330400875,12.09739086315578,13.011748874883827,13.328525674725903,0.67,10.0,-0.83,-0.13
FE,2004-11-16,17.460747390455257,17.58633569350308,17.343263253545167,17.48100471496582,1073900,12.946264332331554,11.870939290546865,12.028133526671533,12.989779747501935,13.328723036666457,0.68,10.0,-0.74,-0.1
FE,2004-11-17,17.28249175857482,17.468847370735773,17.173108713502092,17.21767234802246,1368000,13.839049013264262,12.30427208065742,12.310203769476397,13.126459879237315,13.41735913252506,0.69,13.0,-0.69,-0.11
FE,2004-11-18,17.075877511538607,17.27843832877908,17.00700603006032,17.055620193481445,2044900,13.689642541561508,12.424118254300845,12.329640016580127,13.179570470479609,13.321883319546156,0.69,14.0,-0.67,-0.11
FE,2004-11-19,17.096140464707098,17.18526621084335,16.974604232399816,17.043474197387695,1283700,13.699322155037036,12.423926796132967,12.325503741225177,13.137784099099271,13.141915556527442,0.7,14.0,-0.63,-0.1
FE,2004-11-22,17.116395709826264,17.432390213012695,17.079934686734216,17.432390213012695,1556700,14.979021911168184,13.181418327460385,12.748282888735126,13.365200184091306,13.267298316603041,0.7,16.0,-0.6,-0.02
FE,2004-11-23,17.420236352277996,17.460747911674662,17.201470222535374,17.30680274963379,1446000,14.940631003054142,13.296001693269158,12.825333002611702,13.39143329812767,13.273133628725613,0.7,19.0,-0.59,-0.07
FE,2004-11-24,17.41618005956869,17.5539214795863,17.367564349856764,17.399974822998047,735200,14.97632561727053,13.319957451694064,12.810865701457924,13.2476514567988,13.279456101294612,0.7,19.0,-0.56,-0.05
FE,2004-11-26,17.460738788748415,17.566071260812482,17.395919400330573,17.412124633789062,202300,14.976437445960292,12.958805050648154,12.75104749241034,13.040895265449699,13.279527772539357,0.7,17.0,-0.52,0.01
FE,2004-11-29,17.399978592589495,17.456695387457643,17.2298266625683,17.2784423828125,777400,15.178392946055247,12.786232898416488,12.824844256745225,13.014328905050942,13.135930447412308,0.71,21.0,-0.49,-0.03
FE,2004-11-30,17.22578306783826,17.371627196517547,17.011068959181188,17.10829734802246,1272600,15.45415267989118,12.9652118748326,12.948432900980173,13.073543798011489,13.148926838036964,0.71,29.0,-0.45,-0.08
FE,2004-12-01,16.164357402516,16.32640516483337,15.767336753109115,15.994205474853516,5820100,24.960986336246187,18.99826824132191,16.848977178413826,15.331468288936806,14.794286402871348,0.79,100.0,-0.44,15.26
FE,2004-12-02,15.994208025386799,16.00231064660727,15.82810815390958,15.87672233581543,2755400,25.02856212075787,18.830730132756514,16.880458075629225,15.2645644036994,14.807759330957271,0.87,100.0,-0.43,15.02
FE,2004-12-03,15.921289883300854,16.010417193160734,15.80785624923727,15.880778312683105,2196400,25.029524585283173,18.829235869451022,16.787662723771238,15.263100575807762,14.804519483258428,0.94,98.0,-0.4,15.3
FE,2004-12-06,15.880768574693583,15.941535893358063,15.832154410678719,15.888871192932129,1719800,25.03088474831603,18.82940411454901,16.787661120942072,15.263108790773117,14.685365681455398,1.0,97.0,-0.36,15.3
FE,2004-12-07,15.925329306331612,15.953687692301443,15.783535831066324,15.81999683380127,1724300,24.97257553424453,18.844591934008303,16.768295577442537,15.271684239098477,14.660312458194833,1.06,96.0,-0.33,15.28
FE,2004-12-08,15.832157947234988,15.852413724647842,15.60123713939482,15.799747467041016,4123200,24.472454561543863,18.618609192381957,16.67637804961777,15.272571933083473,14.631546707992396,1.11,95.0,-0.29,15.56
FE,2004-12-09,15.799747467041016,15.888874742157686,15.698467034559982,15.799747467041016,2073500,24.46291093260855,18.616362667346525,16.667519902987433,15.254525811013597,14.467277207131199,1.15,94.0,-0.27,15.57
FE,2004-12-10,15.799746855743821,15.799746855743821,15.670108030817207,15.755183219909668,922500,24.383051380335232,18.540453223214122,16.459850845327367,15.258593535992171,14.467829463475024,1.19,93.0,-0.24,16.59
FE,2004-12-13,15.682261794462997,15.799747467041016,15.536417724423629,15.799747467041016,1808100,24.354493073867577,18.543925437058178,16.460262319722908,15.259197249476955,14.45666863979256,1.23,93.0,-0.22,16.63
FE,2004-12-14,15.82000324445387,15.88482265942506,15.751133292166811,15.799747467041016,1213300,24.347149753544798,18.53330907355716,16.373244132890964,15.259197249476955,14.45666863979256,1.26,91.0,-0.27,17.14
FE,2004-12-15,15.763280261020324,15.864560653739657,15.747075027285355,15.811894416809082,1354200,24.275175872549056,18.49868055288223,16.352131165341344,15.259287918478984,14.451610127177227,1.29,90.0,-0.38,17.3
FE,2004-12-16,15.872668065929544,15.876718602878928,15.637696742033299,15.718721389770508,1825900,23.966559511389757,18.52582821151525,16.380805776865273,15.274003246405298,14.391663672827578,1.32,91.0,-0.53,17.08
FE,2004-12-17,15.633643720580922,15.957740714607556,15.560721703747882,15.92938232421875,1886100,23.777684618097236,18.738208550793505,16.47206994529873,15.34907820115926,14.44408243465412,1.35,93.0,-0.63,16.71
FE,2004-12-20,16.014460819731976,16.196765899658203,15.957744027180858,16.196765899658203,1391100,24.358512496051265,19.04874777135431,16.425340856744157,15.468715005810704,14.532609203823707,1.38,90.0,-0.62,16.89
FE,2004-12-21,16.19676543067421,16.265636923503997,16.099537087806635,16.184612274169922,1096300,24.326767662402332,18.859694824426917,16.411139851377392,15.469169518182118,14.503883067048381,1.41,89.0,-0.59,16.9
FE,2004-12-22,16.11169476493946,16.265641487327,16.091438983276724,16.217025756835938,864400,24.347061734927387,18.832079248844167,16.32619680307304,15.470270760033223,14.487389803813835,1.43,85.0,-0.56,17.22
FE,2004-12-23,16.31830197668001,16.338559298503938,16.119793204305644,16.14004898071289,478600,24.366501516623135,18.826327394182236,16.345566118041614,15.409215967584828,14.493964650915176,1.46,85.0,-0.53,17.09
FE,2004-12-27,16.184614963440186,16.212973363606707,16.030668258666992,16.030668258666992,643200,23.885403683300314,18.842141865448475,16.130569490462833,15.411787016993909,14.512474244090336,1.48,83.0,-0.52,17.83
FE,2004-12-28,16.135993049899024,16.172452507994937,16.030660575123623,16.09547996520996,443900,22.955630286041895,18.864380614884176,16.130746872928626,15.341471370531718,14.513822802862443,1.5,83.0,-0.52,17.83
FE,2004-12-29,16.103585726482756,16.123841500074285,15.99825477655693,16.091432571411133,311100,22.966851500735277,18.84567124535099,16.124684664882594,15.270952488942276,14.514046762588888,1.51,81.0,-0.51,17.88
FE,2004-12-30,16.083328176577062,16.13194233691086,16.038764552347626,16.054969787597656,498800,22.90430982621525,18.84108358930089,16.030146116333587,15.255051468930041,14.509629909736343,1.53,80.0,-0.49,18.46
FE,2004-12-31,16.08333130268407,16.08333130268407,15.949640404010344,16.006357192993164,439800,22.60413572746309,18.82142127115402,15.9961376578372,15.228675458178184,14.51414815972433,1.54,79.0,-0.47,18.68
FE,2005-01-03,16.050918017971462,16.09953372466623,15.909126070319191,15.941534996032715,1594000,22.512310858865956,18.69903718456466,16.008685620170894,15.237318259269141,14.517696075011422,1.56,79.0,-0.46,18.55
FE,2005-01-04,15.969894284484768,16.083329394408,15.840255483500854,15.888871192932129,1186000,22.50946123650189,18.707678058675246,16.015627246732958,15.242081124964358,14.48917045389028,1.57,79.0,-0.45,18.46
FE,2005-01-05,15.888882861336453,15.9699060123905,15.726833468393272,15.759243965148926,1007300,21.284573703357932,18.72884791940871,16.036762293047804,15.273357184425679,14.498131638241722,1.59,80.0,-0.46,18.34
FE,2005-01-06,15.864568943566937,15.864568943566937,15.726827475676957,15.763288497924805,595400,21.276985341542755,18.56601785723059,16.011962107686177,15.252079888475839,14.490115280806904,1.6,77.0,-0.46,18.41
FE,2005-01-07,15.7794940645726,15.836210868031644,15.5161642823219,15.597188949584961,1245700,21.226863672835773,18.6714224757736,16.09522331661698,15.233464892904633,14.423199305748813,1.61,80.0,-0.45,17.9
FE,2005-01-10,15.64986052620189,15.657963150219677,15.48781113668117,15.516169548034668,1615600,21.19082370029948,18.68655369261684,15.962645646515378,15.246164655767124,14.387559829589486,1.62,73.0,-0.44,18.37
FE,2005-01-11,15.585030947803288,15.629594578221988,15.273087080288896,15.499954223632812,1594600,21.17320776516905,18.648198660796776,15.933767407056171,15.245952784684219,14.373861122521534,1.64,72.0,-0.42,18.58
FE,2005-01-12,15.53642533537038,15.56478374672388,15.354121703931462,15.516169548034668,1348100,21.128847244995868,18.647677349529765,15.932628842482746,15.242064531220793,14.353724675483893,1.65,71.0,-0.42,18.58
FE,2005-01-13,15.556673639712706,15.828104432403249,15.47969952892488,15.718721389770508,1235600,9.684799671072469,18.774475050911445,16.064231312147186,15.318752215877629,14.390751793205608,1.66,79.0,-0.43,18.02
FE,2005-01-14,15.763287723409231,15.864568164075036,15.564777379720827,15.848362922668457,773900,9.787741058393223,18.864938212590538,16.081391939974413,15.340490147193572,14.409821665632707,1.67,79.0,-0.45,17.95
FE,2005-01-18,15.880774388804571,16.03877163875957,15.73898083584259,15.969900131225586,848500,10.039133519424016,18.937040671099137,16.083206896141114,15.364367313512606,14.405709056501792,1.68,79.0,-0.47,17.94
FE,2005-01-19,16.02662199733711,16.075236189820423,15.88077787446985,15.921289443969727,580900,10.082058660812972,18.940115497942653,16.089698088344832,15.35153102298326,14.40933975208541,1.69,79.0,-0.49,17.88
FE,2005-01-20,15.978002201622134,15.99015690571911,15.702519271816847,15.738980293273926,871800,10.557896816823623,19.032825040093577,16.190173160708234,15.409652232959356,14.44960554391272,1.7,83.0,-0.52,17.28
FE,2005-01-21,15.791644393096371,15.832157492174376,15.613391393403278,15.694416046142578,1303100,10.581683830093278,18.742165246837672,16.19525393315845,15.389838245495271,14.444698405217244,1.72,83.0,-0.56,17.23
FE,2005-01-24,15.75112957430961,16.01850979113111,15.649849165734553,15.896973609924316,945000,11.237556348359986,18.939424400057536,16.321443780081236,15.461603294034612,14.48987638959974,1.73,83.0,-0.58,16.73
FE,2005-01-25,15.856466381031156,15.961798910321514,15.783544336266129,15.791646957397461,569600,11.380816184831485,18.911491051991707,16.14507282779198,15.20365681175391,14.496480942182336,1.74,80.0,-0.62,17.32
FE,2005-01-26,15.901028528491839,16.180561976846484,15.795697554528541,16.127897262573242,892200,12.891712475897984,19.407796330344958,16.34130844540877,15.37778575513668,14.621463174466115,1.75,84.0,-0.61,16.58
FE,2005-01-27,16.18866498287498,16.233228623257673,16.087384543974988,16.204870223999023,1533900,12.943474318328255,19.435366245652006,16.36114439398839,15.348186165000403,14.578408293110181,1.76,86.0,-0.6,16.53
FE,2005-01-28,16.2575383516775,16.2575383516775,15.852416549560362,15.961799621582031,919200,13.745168891494085,19.60376936149632,16.52584322206648,15.459061516746214,14.658377446429183,1.77,93.0,-0.6,15.65
FE,2005-01-31,16.119788289169808,16.12383882504952,15.969892189544783,16.107633590698242,1149200,13.842328691829039,19.530602348825383,16.43772477213712,15.479830099281555,14.67501256723931,1.79,89.0,-0.6,16.24
FE,2005-02-01,16.164358666605768,16.24538178139228,16.04687298658173,16.204870223999023,1084600,13.425178056728365,19.259644418239986,16.464740969611377,15.452844870604068,14.685779688067093,1.8,91.0,-0.6,16.19
FE,2005-02-02,16.26564043249047,16.35071563720703,16.172461061133877,16.35071563720703,1838500,12.795504057279583,19.334867581875383,16.526081508665186,15.429217442659715,14.699671441030821,1.81,93.0,-0.6,16.0
FE,2005-02-03,16.425618674794656,16.47473546133987,16.22914996721931,16.302825927734375,911300,12.826901522743064,19.32810827269148,16.53235623799569,15.405119721855588,14.636211724911401,1.82,93.0,-0.6,15.95
FE,2005-02-04,16.405151972044084,16.470641535227333,16.319195651733164,16.43380355834961,891000,13.014926730281301,19.406719101411444,16.442825452024852,15.414023906199434,14.522411205546732,1.83,86.0,-0.59,16.29
FE,2005-02-07,16.50338305817803,16.507477033546603,16.34784478344864,16.396963119506836,702500,12.947862282711473,19.41017217697164,16.442215101010905,15.39890306282761,14.516600989659532,1.84,85.0,-0.58,16.29
FE,2005-02-08,16.482920147751123,16.60571288211033,16.409244194856733,16.536130905151367,796700,12.952484715069668,19.223822170957344,16.45426713796733,15.404217426929184,14.5298037570268,1.85,86.0,-0.56,16.25
FE,2005-02-09,16.577061404862782,16.62617818664974,16.458361084266162,16.589340209960938,1065800,12.938119997264193,18.71766397239363,16.45789576718016,15.357884442746283,14.487150804702994,1.86,86.0,-0.54,16.24
FE,2005-02-10,16.67938805802069,16.773529202023802,16.6098060843031,16.74897003173828,889200,13.166553778885657,18.833611201742933,16.51609549060792,15.29809660123808,14.510570971192244,1.87,90.0,-0.55,16.1
FE,2005-02-11,16.777629295348618,16.826746092434725,16.642556151618294,16.810373306274414,1224500,13.137634654021507,18.839427852995673,16.49192019255282,15.247162792313981,14.500784659019605,1.88,89.0,-0.59,16.3
FE,2005-02-14,16.802180856982062,16.937253952026367,16.74487768747027,16.937253952026367,1198400,13.174922341566674,18.665373020931664,16.527811645761066,15.241911585897155,14.517285408219498,1.88,92.0,-0.64,16.23
FE,2005-02-15,17.006840521564627,17.18284405342091,16.683485050350086,16.871768951416016,2197500,13.167810038266973,18.582945923681613,16.52765755739444,15.235853424763171,14.516890842926749,1.89,91.0,-0.68,16.23
FE,2005-02-16,16.884050548179058,16.900423335566625,16.728512190787068,16.78990936279297,823200,13.22872170588822,18.607478145234555,16.532831501078242,15.221759292384407,14.48182466439542,1.9,93.0,-0.72,16.2
FE,2005-02-17,16.834931449539482,17.04777297234136,16.663020328224807,16.98637580871582,1418000,13.170222605220285,18.164723981622732,16.513927386246834,15.259823285423519,14.524902899673936,1.91,86.0,-0.76,16.27
FE,2005-02-18,16.98637474398287,16.98637474398287,16.63027527690192,16.64664649963379,1282100,14.717036422811583,18.56229602179896,16.810373779592403,15.453138907708649,14.65215429230673,1.92,98.0,-0.76,14.87
FE,2005-02-22,16.658922958310626,16.695760933251478,16.274170428618543,16.319194793701172,1577400,15.614659507546877,18.92973302150449,17.08368768344084,15.597961135277187,14.782239809999743,1.93,100.0,-0.75,13.75
FE,2005-02-23,16.45427240939406,16.699857935539395,16.35603726209911,16.5279483795166,1059600,15.807359927206074,19.136580283255274,17.182415791530445,15.667362769726036,14.832270057255734,1.94,100.0,-0.75,13.53
FE,2005-02-24,16.577060649637666,16.671201794354715,16.49929228523513,16.585247039794922,1402400,15.783233058201631,19.102957825163543,17.190287095151966,15.633025483725833,14.818881653588035,1.95,100.0,-0.76,13.54
FE,2005-02-25,16.646639776810684,16.86766758907146,16.581150228147568,16.830829620361328,1057400,16.183230186141838,19.260616173702992,17.337760785411582,14.988949720365142,14.885997966101547,1.96,100.0,-0.79,13.1
FE,2005-02-28,16.892228373316946,16.957717928252794,16.74487648436275,16.87994956970215,1393300,15.889066148533573,13.25853208276202,17.334807084130894,14.939583214762447,14.815114785806315,1.97,99.0,-0.83,13.16
FE,2005-03-01,16.96591230103342,17.0559595055702,16.851304354921776,17.019123077392578,1814000,15.888981079433776,13.227929803827443,17.368775516011564,14.95849991532912,14.835559048848527,1.98,100.0,-0.88,13.07
FE,2005-03-02,17.023207483188646,17.129627424436592,16.80627362522505,16.87994956970215,1022800,16.095456428806003,13.365687203975915,17.320451057253884,14.994552886024781,14.846972549875852,1.99,97.0,-0.91,13.27
FE,2005-03-03,16.961817555196856,17.006841936122893,16.847211175672257,16.89632797241211,876100,16.031249830682942,13.365273611336692,17.32076471176709,14.983298258732544,14.84700314136591,1.99,97.0,-0.95,13.27
FE,2005-03-04,17.10097955280838,17.174655513273834,16.96590799955137,16.97409439086914,1395100,15.524475977423135,13.337395742488154,17.3134850102075,14.988384763417573,14.85124751133456,2.0,95.0,-0.99,13.29
FE,2005-03-07,17.06004960729724,17.227866730248806,17.019119211023995,17.096887588500977,1367400,15.496378955590382,13.384054790509689,17.261806543391682,15.003289068393377,14.838590544435082,2.0,94.0,-1.03,13.45
FE,2005-03-08,17.129635484715227,17.129635484715227,16.90860910867504,17.019123077392578,860600,15.34266798011014,13.43569604155844,17.27843205081145,15.00839858511705,14.83096722629467,2.0,94.0,-1.06,13.35
FE,2005-03-09,17.006835983830896,17.01092995960666,16.568874259480406,16.585247039794922,1109300,17.205210400971634,14.516153299970464,17.7660374855647,15.328667985345836,15.05634998862167,2.01,100.0,-1.05,11.72
FE,2005-03-10,16.65073549256479,16.85948296281545,16.446080436423525,16.855390548706055,1139900,16.776584005144024,14.846771324667152,17.93695811541257,15.439790755822388,15.045511524405178,2.02,100.0,-1.07,11.3
FE,2005-03-11,16.85539228452923,16.945441018151033,16.61389923095703,16.61389923095703,779300,17.36140779182324,15.18229043049514,18.075306311511653,15.498385671991505,14.99587466075023,2.02,100.0,-1.06,10.82
FE,2005-03-14,16.658921896828893,17.19921112060547,16.658921896828893,17.19921112060547,1281600,19.271595908359206,16.686593826976573,18.819206138017634,15.988939000201526,15.337662855912962,2.04,100.0,-1.11,9.73
FE,2005-03-15,17.23195515140261,17.338376655278587,16.99046212201533,17.121442794799805,1087000,19.27037848059649,16.663175064564197,18.833880359612504,15.995176831388061,15.34498192838896,2.05,100.0,-1.15,9.67
FE,2005-03-16,17.129632301327717,17.21558863528596,16.92088477347392,17.03958511352539,2075700,19.330802336044705,16.52399736902601,18.846557319021773,15.970522468330675,15.336460541302294,2.06,100.0,-1.18,9.63
FE,2005-03-17,17.121442382404883,17.166465182228098,16.95771771641347,17.06004524230957,632100,19.20709734035775,16.20433427347208,18.841631919629542,15.96515421166834,15.27143214570494,2.07,99.0,-1.22,9.66
FE,2005-03-18,17.09689322703454,17.264710405331993,16.830840879331113,16.92498207092285,1747300,19.360161666362732,16.301842623388126,18.870720648025554,15.989567432838427,15.293217909404927,2.08,100.0,-1.24,9.51
FE,2005-03-21,16.945437306926554,17.010926854837436,16.785805070086912,16.863574981689453,741200,19.301097402999247,16.32420522738268,18.727067112630426,15.997880645599807,15.298541420061222,2.09,95.0,-1.25,9.77
FE,2005-03-22,16.95771533164158,17.015018488261763,16.601616028791923,16.65482521057129,1501500,19.667281847436556,16.50835729279573,18.81695656097374,16.056058370291595,15.351626369601362,2.09,95.0,-1.25,9.5
FE,2005-03-23,16.654825279720747,16.69984963479323,16.2946335619287,16.568870544433594,1213300,19.586103302768983,16.480892956736742,18.786459890804583,16.037236059116506,15.361545340702817,2.1,94.0,-1.25,9.6
FE,2005-03-24,16.626179041271946,16.802182543232707,16.57706225696028,16.703948974609375,1032600,19.705871969000636,16.53893594817901,18.817935296977474,16.060361060453587,15.369115475425568,2.1,95.0,-1.25,9.54
FE,2005-03-28,16.806273343387723,16.839017339609462,16.71622462133822,16.724411010742188,641500,19.509320168091428,16.538385725175353,18.818292291634865,16.059511161246608,15.369357706413966,2.07,95.0,-1.26,9.54
FE,2005-03-29,16.740789123718542,16.95772304716652,16.568878014246945,16.66301918029785,1286600,19.50402157096864,16.55149625964871,18.780759407538177,16.027138817744145,15.372992662502213,2.04,91.0,-1.26,9.66
FE,2005-03-30,16.703948933317914,16.953626830431773,16.695762542387136,16.851299285888672,1052200,19.662488784423523,16.67487245221076,18.76718544583904,16.06694857459699,15.41163128411699,2.0,90.0,-1.27,9.69
FE,2005-03-31,16.920887038206594,17.195124176346013,16.859489871646673,17.17056655883789,1538800,20.374076706828113,17.03970236563123,18.823438343121357,16.158212314811998,15.520935531972565,1.97,96.0,-1.28,9.58
FE,2005-04-01,17.30563424341933,17.41614818151107,17.047769949266403,17.178749084472656,1655700,20.30865535801194,17.01419999936951,18.801718671063206,16.158219382261667,15.519809803671118,1.93,91.0,-1.3,9.67
FE,2005-04-04,17.1337285711809,17.23605614118423,16.986376620552935,17.17056655883789,1089700,20.04699776966254,16.903452331141086,18.797050150321304,16.13956918055417,15.51736901449798,1.89,90.0,-1.31,9.66
FE,2005-04-05,17.18284285530056,17.309729585654804,17.117353282529407,17.21149444580078,928100,19.07928740798524,16.902762599334306,18.79799975931931,16.09051510942747,15.515717230904519,1.85,90.0,-1.33,9.68
FE,2005-04-06,17.27698234966506,17.29335513162493,17.027302889657545,17.031396865844727,950300,18.365100319242824,16.90051167420346,18.874390230171738,16.139923351893092,15.554373373288154,1.8,100.0,-1.34,9.43
FE,2005-04-07,17.100982352061017,17.16237951629714,16.99865478593065,17.150100708007812,948600,18.13173697955749,16.879038696493623,18.750136867356684,16.030284325783413,15.568036185332568,1.76,84.0,-1.34,9.69
FE,2005-04-08,17.211495525941217,17.211495525941217,16.978188810715203,17.027305603027344,731000,18.279955481652905,16.96788472126545,18.48378312325478,16.053819520405682,15.534198446561334,1.71,82.0,-1.35,10.18
FE,2005-04-11,17.08460862877733,17.24833177379748,17.01093266703018,17.191028594970703,1062300,18.00125983281721,17.04644954106721,18.543937369999608,16.036807614367728,15.547401527026599,1.66,82.0,-1.37,10.08
FE,2005-04-12,17.191026217000992,17.498008828018868,17.109163875117364,17.48163604736328,1468000,18.58686662089171,17.170765642829323,18.73090077493165,16.13531790961099,15.576696529577069,1.61,83.0,-1.37,9.69
FE,2005-04-13,17.489822721293752,17.489822721293752,17.236050862594393,17.293354034423828,832400,18.778060157753146,17.308546301155555,18.65374354670212,16.193107001026533,15.567406431613703,1.56,81.0,-1.37,9.9
FE,2005-04-14,17.26879697175069,17.338380518465005,17.162377005557314,17.191028594970703,1033600,18.697364612499836,17.324908542184815,18.616426225388167,16.193265179271428,15.568282422175558,1.51,80.0,-1.37,10.02
FE,2005-04-15,17.29336073583781,17.32610631036932,16.781722844244975,16.875864028930664,977300,19.499283610572903,17.77160509989979,18.84845647120098,16.213445319454607,15.662804130114969,1.45,98.0,-1.36,9.36
FE,2005-04-18,16.81856034274337,17.076426269750954,16.679394777846646,17.019123077392578,857400,19.610785711140146,17.643058091598355,18.547327614847863,16.232625069819793,15.683353970356311,1.4,78.0,-1.37,9.96
FE,2005-04-19,16.998657280089432,17.09279846737504,16.855399291045025,16.99047088623047,886100,19.49928599736727,17.633103198580745,18.514989262818087,16.187031877980868,15.683836585332731,1.35,76.0,-1.37,10.08
FE,2005-04-20,16.863578140350686,17.035487650293817,16.78580821418132,16.84311294555664,707200,19.61656489231645,17.58538972584511,18.542378312048648,16.222801753284763,15.709306339406053,1.29,76.0,-1.38,9.92
FE,2005-04-21,16.937256011174664,17.227865869826385,16.863580052446842,17.178749084472656,1513100,18.905637048329975,17.925416173377283,18.813303237276454,16.248919554111907,15.814138687148343,1.23,89.0,-1.4,9.38
FE,2005-04-22,17.17874625233009,17.3465633392334,17.105070305748715,17.3465633392334,1164000,18.551062963595918,17.540380152624284,18.838161473208366,16.28083328547856,15.794863035395803,1.16,95.0,-1.39,9.41
FE,2005-04-25,17.371123164305512,17.51028868545541,17.354751944060062,17.49391746520996,754500,18.081395676877587,17.588620477515157,18.817075132336598,16.30402799805274,15.815039775999368,1.09,89.0,-1.35,9.56
FE,2005-04-26,17.391588916734705,17.514381649146745,17.346564550524953,17.403867721557617,932600,15.244329986397165,17.308550156354272,15.41598544956773,16.259782419497196,15.824930398553894,1.11,1.0,-1.34,0.9
FE,2005-04-27,17.41614195955992,17.64126217018387,17.088694238525633,17.547121047973633,1156700,15.333054172189959,17.292569465477168,15.402867730794458,16.259415843505256,15.839788159266657,1.12,1.0,-1.3,0.9
FE,2005-04-28,17.457082689256527,17.7763441828216,17.358847542793214,17.53485107421875,1385400,15.248554870250103,17.271169384944994,15.404789152735335,16.25977610542275,15.840168889934011,1.13,2.0,-1.27,0.89
FE,2005-04-29,17.53485172709517,17.870486017799937,17.473454563095256,17.813182830810547,945500,15.840356271316264,17.454578965634564,15.581597365179665,16.35779988039529,15.90644335283895,1.14,4.0,-1.16,0.76
FE,2005-05-02,17.862290179314105,17.960525277486752,17.56349403273843,17.719032287597656,1751200,15.722090800769756,17.48653761161587,15.590896002136645,16.351736586089917,15.916631323420239,1.15,5.0,-1.11,0.75
FE,2005-05-03,17.71903970722288,17.980997996849794,17.628990959640664,17.890949249267578,1613500,15.814420851891992,17.516509738419163,15.64435418286605,16.37587078080255,15.93204833302252,1.16,6.0,-1.01,0.7
FE,2005-05-04,17.96243214714204,18.028546394254697,17.644256840322377,17.697975158691406,1439600,15.69311772655267,17.68117165737013,15.760577347620492,16.428387741302405,15.969401544001776,1.17,7.0,-0.99,0.62
FE,2005-05-05,17.69797544347825,17.892185160834813,17.673182009304043,17.842599868774414,829600,15.636641956714733,17.675859407066696,15.786542731941639,16.379455364730017,15.96892755164272,1.18,8.0,-0.94,0.59
FE,2005-05-06,17.842597397760155,17.892182682953504,17.64838613101182,17.664915084838867,989000,15.94697575709233,17.820786418346028,15.884977216092985,16.407295889653422,16.002711414056844,1.18,9.0,-0.93,0.53
FE,2005-05-09,17.871527189394023,18.057474030321664,17.49963350753874,17.999624252319336,1640500,16.67976339566531,18.106063372857466,16.129007090490113,16.54721030868835,15.90804064601067,1.18,25.0,-0.86,0.4
FE,2005-05-10,17.90871244206917,17.98309116134763,17.83846517328935,17.958297729492188,958000,16.640490099804115,18.112670644929928,16.138942886170042,16.5495622905647,15.893598202663059,1.18,28.0,-0.82,0.39
FE,2005-05-11,18.00374489068419,18.28059926007236,17.867385006760742,18.259937286376953,1011000,16.959062719858192,18.346277876020757,16.280264231399833,16.6418225776882,15.944937545208216,1.18,32.0,-0.67,0.31
FE,2005-05-12,18.181433036502472,18.346719421894885,18.131847751399864,18.28473663330078,2352200,16.259715620777815,18.315134212310618,16.169669822117303,16.62255131103669,15.94494005910476,1.19,30.0,-0.57,0.39
FE,2005-05-13,18.359120598462386,18.371516529210417,17.784752688242676,18.065738677978516,1929900,16.765516896450798,18.47758248830982,16.121584419020905,16.69000577920963,15.986939733086144,1.19,24.0,-0.59,0.43
FE,2005-05-16,18.090526650128886,18.119451533181127,17.82193822517409,18.0781307220459,1607300,16.75591963620437,18.34984461540786,16.119017617439695,16.68851217013167,15.960522303154967,1.19,24.0,-0.61,0.43
FE,2005-05-17,17.966566578841512,18.226892159664907,17.916981279352186,18.185569763183594,1531200,16.79956152234776,17.83200081535487,16.136591387477146,16.700141524680806,15.928233321337798,1.19,30.0,-0.62,0.41
FE,2005-05-18,18.24342506655725,18.30540631026102,18.11119652177623,18.202102661132812,1323400,16.390832465390375,17.269482943323105,16.10886938476472,16.69836248979482,15.909045840735054,1.19,24.0,-0.63,0.43
FE,2005-05-19,18.243426994633904,18.305408244888234,18.123594370671277,18.18144416809082,880300,16.355505158077072,17.129085239191244,16.0622718922685,16.599285298053065,15.898045159631335,1.19,19.0,-0.63,0.46
FE,2005-05-20,18.24342129566122,18.27234618533529,18.152513598806575,18.23102378845215,925200,16.125240498688793,17.12630978840377,16.057851007006448,16.52329929050998,15.887149174326535,1.2,19.0,-0.64,0.47
FE,2005-05-23,18.23102200721715,18.259946894065152,18.098793502686814,18.24755096435547,1369100,15.979613632902378,16.90680308806878,16.05615473193412,16.522948412248528,15.870304909899675,1.2,19.0,-0.65,0.47
FE,2005-05-24,18.321931693086835,18.334327624148223,18.078135065720446,18.214496612548828,802600,15.382912347145957,16.91584149742092,16.05377135331744,16.52436646540177,15.839655220754736,1.2,18.0,-0.66,0.47
FE,2005-05-25,18.210361257871533,18.21449428522276,17.999622575313328,18.094661712646484,1884500,15.138461514590418,16.928538488762467,16.088026326128148,16.449050154671305,15.791444280096927,1.19,24.0,-0.68,0.44
FE,2005-05-26,18.21036906680059,18.21863354875892,18.10706540675462,18.18144416809082,1027600,14.998543150514026,16.835065150583496,16.07532831923458,16.454006890711874,15.759556926925915,1.19,21.0,-0.68,0.45
FE,2005-05-27,18.226890665940594,18.32606125679205,18.17317234306132,18.305400848388672,1426900,13.75334913999137,16.87338167368561,16.081367371985138,16.468608465635334,15.753023254634213,1.19,21.0,-0.68,0.44
FE,2005-05-31,18.313665327007648,18.412837494147222,18.2516825255094,18.305400848388672,1829900,13.664559978620922,16.861762326886755,16.009207032306424,16.468764792284013,15.74351764419375,1.19,13.0,-0.67,0.49
FE,2005-06-01,18.359115721444866,18.545062514710622,18.284737004138567,18.41696548461914,1379300,13.646663211689452,16.846291222490024,16.024370929612026,16.411577936581136,15.732930589951541,1.19,14.0,-0.66,0.48
FE,2005-06-02,18.801257777650665,18.801257777650665,18.611179505900036,18.739274978637695,2249400,13.843966715632822,17.120295292778703,16.09887943302113,16.52705680938683,15.808524622916975,1.19,26.0,-0.61,0.44
FE,2005-06-03,18.850838919194455,18.9252176311129,18.594646453857422,18.594646453857422,3118500,13.335519894807826,16.26266431501141,16.132178786898084,16.537106192850697,15.829347735393478,1.19,30.0,-0.62,0.42
FE,2005-06-06,18.681428808145444,18.755807550783835,18.557464762510914,18.623579025268555,1721800,13.167682608390038,15.989165075823793,16.125742547417644,16.536111236158064,15.803846901123528,1.19,28.0,-0.65,0.43
FE,2005-06-07,18.664894542080326,18.834313967038362,18.61530925318095,18.764066696166992,1418700,13.132546246133984,15.675175840923186,16.150357461507078,16.546824684050655,15.818523178706032,1.19,33.0,-0.67,0.41
FE,2005-06-08,18.83019420428214,18.89630849481543,18.623586849329484,18.62771987915039,920200,13.252308574354355,14.240492747928812,16.117137529528154,16.55175515804516,15.809293608674535,1.19,24.0,-0.7,0.43
FE,2005-06-09,18.693826563583976,18.693826563583976,18.5492005281888,18.65663719177246,1065200,13.133244820709077,14.188017647020132,16.083242497556927,16.54801091125588,15.284881544887327,1.19,19.0,-0.72,0.46
FE,2005-06-10,18.70210446045499,18.70210446045499,18.520290483779405,18.58640480041504,1028100,13.218907267873025,14.170422134766875,16.076745723373172,16.54752545793478,15.257186111900662,1.19,17.0,-0.75,0.47
FE,2005-06-13,18.573991659058287,18.685559760622795,18.524406361570122,18.536802291870117,1182400,12.611136746590507,14.195518488435907,16.074136744613188,16.54234269121388,15.25523022105013,1.19,16.0,-0.78,0.47
FE,2005-06-14,18.573986678930503,18.883897463641397,18.56572220218368,18.801254272460938,933200,12.97881264770934,14.297658646513003,16.06091283513648,16.558589908958673,15.312863343573351,1.19,15.0,-0.82,0.47
FE,2005-06-15,18.84258841953163,18.850852902129297,18.51201699706928,18.772342681884766,1297200,12.807637658778138,14.270356162852755,16.05274986229738,16.552477224405944,15.307634414307755,1.19,12.0,-0.88,0.47
FE,2005-06-16,18.80125616897637,18.859105935751767,18.66076320268415,18.84257698059082,798500,12.261747328999007,13.96257828496513,15.958302297148721,16.541137840640666,15.308374702365054,1.19,10.0,-0.92,0.54
FE,2005-06-17,19.83430211640824,19.83430211640824,19.235140591384,19.47480583190918,2125400,15.11364728129418,15.250729531134896,16.65639084793086,16.959256300110283,15.637587207217654,1.19,55.0,-0.75,0.75
FE,2005-06-20,19.462402328086572,19.466535355809803,19.255795077995256,19.3508358001709,1073100,14.879079126520839,15.31986426091552,16.428998303491593,16.979860781935038,15.650577109847754,1.19,39.0,-0.68,0.87
FE,2005-06-21,19.334308897540105,19.441743985443612,19.29298649735538,19.437612533569336,618800,14.123310170113292,15.323223020442192,16.427754595093628,16.982029849507143,15.651415270111425,1.19,38.0,-0.62,0.87
FE,2005-06-22,19.549179129429216,19.586368498559313,19.383892694120288,19.57810401916504,1101500,14.107594851457048,15.297904905050416,16.222942911283262,16.991418393725066,15.663361820046187,1.19,37.0,-0.55,0.97
FE,2005-06-23,19.578098717909498,19.817762250295505,19.53264488169288,19.78057289123535,1059700,13.681402669891241,15.276508267316046,16.237250920080676,17.022548799845623,15.656478030485394,1.19,38.0,-0.42,0.96
FE,2005-06-24,19.784711370384255,19.896279478311534,19.65248285201598,19.656614303588867,1256100,13.92219621830035,15.009456604412735,16.278219022379854,16.980217722391718,15.654654589565675,1.19,39.0,-0.4,0.93
FE,2005-06-27,19.61942529540343,19.72686195373535,19.44587595295875,19.72686195373535,1061000,13.23122952255563,15.007191716648574,16.24141642373999,16.982638787930775,15.652826590188623,1.2,39.0,-0.4,0.97
FE,2005-06-28,19.71446162584004,20.11528015884214,19.693801217974464,20.094619750976562,1298200,13.953208191973967,15.355509727553486,16.434323054334612,17.09912285320269,15.718582584402222,1.2,44.0,-0.27,0.83
FE,2005-06-29,20.230975660657126,20.230975660657126,19.912800398994342,20.111143112182617,876600,13.955312666885739,15.359873570545075,16.408093544457635,17.05731197347246,15.715594546983997,1.2,42.0,-0.21,0.86
FE,2005-06-30,20.069823733365144,20.210316695577028,19.838423096696193,19.879745483398438,861100,14.599408951446453,15.399765059569406,16.53611765736891,17.12169468304161,15.759724063815561,1.2,54.0,-0.27,0.78
FE,2005-07-01,19.983057260277405,20.185531520937865,19.978924231772528,20.127681732177734,840100,14.796608819162934,15.505908104067442,16.58749284112462,17.17475779874604,15.799670613734538,1.2,54.0,-0.28,0.74
FE,2005-07-05,20.032640384331796,20.127679537831934,19.883882900144325,20.04503631591797,1114800,14.955238808607923,15.435157186630455,16.614229592889977,17.180464180205444,15.798080294713044,1.19,54.0,-0.33,0.73
FE,2005-07-06,19.970658656893956,20.19379330137602,19.83842855932431,19.84669303894043,1596100,15.420833228915132,15.582630637647558,16.673295547060345,17.22073519122923,15.81595534421621,1.19,55.0,-0.43,0.71
FE,2005-07-07,19.710331571682666,19.99131755217501,19.611159400096113,19.987184524536133,719500,15.404456198332909,15.325138161587754,16.6921621864772,17.184449595100727,15.824875163445876,1.19,55.0,-0.51,0.69
FE,2005-07-08,19.987172215478147,20.28468697072578,19.925191025659704,20.255762100219727,522000,15.398302111756204,15.245816489769497,16.769078252291685,17.243524557079905,15.871731348411133,1.19,55.0,-0.55,0.63
FE,2005-07-11,20.206194640341728,20.51197256267678,20.206194640341728,20.507841110229492,1047100,15.597684803229054,15.267792262860072,16.827570529813432,17.289120752978967,15.878094515327021,1.19,56.0,-0.54,0.57
FE,2005-07-12,20.42933296903226,20.536769667277685,20.367351713541954,20.462390899658203,1009000,15.676589794982313,14.642864931704386,16.805526426397,17.288463425567883,15.876648049596852,1.19,54.0,-0.57,0.59
FE,2005-07-13,20.462375575710517,20.565679167120834,20.40865726681659,20.454111099243164,745200,15.685356022475979,14.619947085756962,16.73798977435774,17.282492788150915,15.843412024391126,1.19,52.0,-0.62,0.65
FE,2005-07-14,20.474782574123196,20.631804559337976,20.288835693775244,20.33428955078125,1013700,15.908878355142766,14.703070319954689,16.408605155237144,17.22164006927021,15.858975212618793,1.19,43.0,-0.68,0.72
FE,2005-07-15,20.334287567606058,20.40866631249118,20.21445497014798,20.235116958618164,1191500,15.50290371119925,14.593573201815666,16.069264592824442,17.222032573803936,15.858404597333594,1.2,19.0,-0.75,0.8
FE,2005-07-18,20.226856244731813,20.350820317193016,20.218591763062573,20.297101974487305,635900,15.191791821573828,14.173942702943854,15.980613125914342,17.186015950957874,15.82624728258271,1.2,11.0,-0.81,0.89
FE,2005-07-19,20.346685385335274,20.454120476087205,20.23924871829491,20.38800621032715,1176100,15.192508592831386,14.104783442473082,15.983671872609104,17.186292715007447,15.827903206835858,1.21,12.0,-0.87,0.88
FE,2005-07-20,20.379732646592426,20.55328350203926,20.330147363445217,20.48716926574707,1261300,15.143521171049976,14.061104313022188,15.861514298907146,17.191872730489386,15.733677568360621,1.21,9.0,-0.92,1.0
FE,2005-07-21,20.507836723444157,20.549157544232663,20.202057290229085,20.321889877319336,1245400,15.192597414426135,14.143350515317755,15.940923740990105,17.19070488526764,15.757616376882059,1.22,11.0,-0.98,0.95
FE,2005-07-22,20.33015100963395,20.511964797973633,20.280565717593678,20.511964797973633,527600,15.298710383102579,14.16403038772747,15.953022554480444,17.168860112987986,15.737422933388551,1.22,12.0,-1.03,0.94
FE,2005-07-25,20.425197245368846,20.561557239968625,20.2640438079834,20.2640438079834,891800,15.813523448648152,14.469577208213636,16.028664690897738,17.14444469344534,15.783002103049313,1.22,18.0,-1.08,0.9
FE,2005-07-26,20.123541185768364,20.35907326287255,20.123541185768364,20.24750518798828,826500,15.765971141866666,14.213385922478128,16.033604503399243,17.128348897916737,15.78380750916139,1.23,19.0,-1.13,0.9
FE,2005-07-27,20.702043547493812,20.846669552394452,20.569815048108577,20.660722732543945,1523100,16.229707168652606,14.599317643692034,16.29199658393176,17.27683303408192,15.886302732115897,1.23,50.0,-1.16,0.73
FE,2005-07-28,20.660722732543945,20.739232911463915,20.549154640633642,20.660722732543945,819300,16.19722005962402,14.532828534318117,16.273126039711205,17.27415139720014,15.792645436525587,1.23,48.0,-1.19,0.76
FE,2005-07-29,20.528497674826667,20.71857597752417,20.520233195193516,20.5698184967041,1217900,16.34495983149382,14.340924281915232,16.271636696106135,17.285210886934916,15.797948563619663,1.23,48.0,-1.23,0.76
FE,2005-08-01,20.61939877093584,20.65245510259351,20.202051352707155,20.24750518798828,998600,14.563065210439536,14.771678311226315,15.91058955966005,17.317673392269327,15.857053062416371,1.24,11.0,-1.27,0.59
FE,2005-08-02,20.317755588725095,20.590478663644205,20.317755588725095,20.51609992980957,1742300,14.768604592880443,14.723622853958993,15.850015066981019,17.217090764674207,15.902941327716277,1.24,9.0,-1.3,0.63
FE,2005-08-03,20.559012775217926,20.95485950730827,20.542345176296084,20.692350387573242,1757000,14.876165643047,14.386241198429738,15.663664480583453,17.234556300388856,15.828663201993324,1.24,7.0,-1.32,0.66
FE,2005-08-04,20.617354237225126,20.784027099609375,20.546519303893458,20.784027099609375,1017800,14.814753069889337,14.359913946212268,14.780928415582457,17.23772140052512,15.82950114775479,1.24,1.0,-1.34,0.17
FE,2005-08-05,20.784029078331024,20.784029078331024,20.51735374473585,20.62985610961914,1295700,14.843364804708514,14.188904515504152,14.820349665122851,17.159894363474756,15.847685633607453,1.24,2.0,-1.36,0.15
FE,2005-08-08,20.709019520674673,20.74652082627216,20.34650795957219,20.396509170532227,1298500,15.142673674952729,14.452341410577116,14.93203753509397,17.17785717578377,15.849905713039425,1.24,3.0,-1.38,0.11
FE,2005-08-09,20.49234423143132,20.729851955824714,20.49234423143132,20.713184356689453,963100,15.680582101915675,14.422142027461627,15.087052666603165,17.26099491844689,15.8940048418442,1.23,4.0,-1.4,-0.0
FE,2005-08-10,20.771528787694717,21.14237588390485,20.65485871983697,20.717361450195312,880600,14.847031919302648,14.424767400080352,15.006334229440203,17.07098962039356,15.894192900382114,1.23,4.0,-1.41,0.04
FE,2005-08-11,20.70069404093969,21.017370623649924,20.667358827227837,20.86319923400879,669400,14.948094408312679,14.438275047935923,14.999376298931487,17.05798592535109,15.905098550233252,1.22,4.0,-1.41,0.03
FE,2005-08-12,20.796530197740147,20.834031518053063,20.50485343858531,20.717361450195312,651300,14.664724064203979,14.561423259202355,14.889170732834819,17.0766453994342,15.908223264919208,1.22,3.0,-1.43,0.06
FE,2005-08-15,20.721528752659776,20.792365290453567,20.579857266582746,20.700695037841797,552800,14.297266399744721,14.55838562904572,14.85031925994617,17.07790742443473,15.902900909547633,1.21,3.0,-1.45,0.08
FE,2005-08-16,20.617348975998055,20.742352796132103,20.404842640721156,20.425676345825195,582300,14.823700322365871,14.90166627442033,15.024172320880563,17.131485838530438,15.964430880349894,1.2,8.0,-1.47,0.04
FE,2005-08-17,20.375674481065545,20.492344497507762,20.1715003627819,20.359006881713867,600400,14.533463753187629,14.938019733757452,15.047082449971349,17.090426859237766,15.919511804804964,1.19,9.0,-1.48,0.03
FE,2005-08-18,20.363188261619737,20.613197670902522,20.225684437598513,20.5090274810791,915500,14.54437700215616,14.96059695553685,15.043548865368015,15.05120042653714,15.915348854590258,1.17,9.0,-1.5,0.02
FE,2005-08-19,20.584016090537073,20.604849796374708,20.400675664342206,20.442344665527344,538000,14.094639507014561,14.894247392066983,14.99478453054591,15.025356912169633,15.921021941052176,1.16,6.0,-1.51,0.07
FE,2005-08-22,20.49234781840657,20.66735287143044,20.43817890649013,20.642353057861328,768300,13.918474319242991,14.967710670936935,14.803960451052461,15.056996643143583,15.944247733960273,1.15,2.0,-1.51,0.15
FE,2005-08-23,20.74235826847985,20.967366157789677,20.71735845156336,20.854862213134766,1076700,14.194721773262343,15.030286506500968,14.862096406993588,15.092371757723189,15.960486595976695,1.13,5.0,-1.5,0.09
FE,2005-08-24,20.85486374588419,21.15904039363574,20.792362609489142,20.80902862548828,1100500,14.215653447875756,15.050623331738114,14.871743667016954,15.082790857930886,15.950629031521983,1.12,6.0,-1.49,0.08
FE,2005-08-25,20.917365173311847,21.117371658478916,20.842362542685414,21.10487174987793,1070600,14.603168436167934,15.229667935371047,14.99713016254796,15.152370715830951,16.003370382739888,1.1,10.0,-1.47,-0.01
FE,2005-08-26,21.10070581050216,21.146540931868266,20.867365686471636,21.00486946105957,863800,14.598138432993682,14.966251860575856,14.901819395034826,15.169879860087477,16.01228970113106,1.07,8.0,-1.46,0.03
FE,2005-08-29,20.950697082542813,21.175704956054688,20.846526947344,21.175704956054688,645900,14.725159071929603,14.881975546829116,14.91250638674432,15.180273411817094,16.027567826120983,1.05,9.0,-1.44,0.02
FE,2005-08-30,21.14236833006202,21.267372156606303,20.879859181662102,21.11319923400879,1489400,14.748473486157069,14.918561752113934,14.860429260781979,15.189343829633343,16.031788008747917,1.03,5.0,-1.43,0.05
FE,2005-08-31,21.125708421566177,21.29654741760119,21.000704549505762,21.263212203979492,967700,14.810878489575297,14.91206903113812,14.834027137840167,15.201870884539487,15.972830638655141,1.02,4.0,-1.4,0.07
FE,2005-09-01,21.31737986835979,21.650724037274607,21.12570716992257,21.604888916015625,1047700,15.12912771889076,15.047650412489915,14.81393804071435,15.295204224333927,15.989136116316132,0.99,3.0,-1.35,0.07
FE,2005-09-02,21.60488758438168,21.804895662913292,21.50488513462615,21.625722885131836,1251600,14.973242554189122,15.049665347086716,14.669180136704018,15.26844072399646,15.988413205410637,0.97,1.0,-1.31,0.14
FE,2005-09-06,21.64654948836575,21.8548897113731,21.64654948836575,21.792387008666992,664900,14.465603934033004,15.030028827778194,14.635308687368912,15.222965474544367,16.001949082309107,0.94,1.0,-1.26,0.14
FE,2005-09-07,21.792383269682805,22.084059849751227,21.72571447333941,21.867385864257812,811300,14.435302331437702,14.989680927779828,14.248031257054276,15.12077334487497,15.926630990929747,0.91,1.0,-1.24,0.16
FE,2005-09-08,21.86740033344128,21.971570495999316,21.68822752668062,21.729896545410156,945500,13.643745496095555,14.910968573952509,14.286068385610967,15.147554583224283,15.941044893712824,0.89,2.0,-1.22,0.16
FE,2005-09-09,21.67988289711979,21.97989332412057,21.659049192913567,21.971559524536133,785600,13.899424536971253,14.99168628546688,14.335491697111955,15.188488262332944,15.969845531108472,0.87,3.0,-1.2,0.1
FE,2005-09-12,21.863225632385024,21.934060552115827,21.650717694172787,21.73822021484375,1138500,14.266386831233957,15.234988436911001,14.378209913946204,15.239906536087258,16.013579806672638,0.84,4.0,-1.24,0.09
FE,2005-09-13,21.62155518917769,21.750726742081387,21.509051241070015,21.625722885131836,1086100,13.434092734135108,13.909306848496476,14.162866008185638,15.228509421039348,15.978448427366859,0.8,1.0,-1.25,0.19
FE,2005-09-14,21.62572006481025,21.709054898901634,21.509048435964175,21.634052276611328,715700,13.030843577184276,13.809082165439236,14.115842014958735,15.226630372716404,15.9747940892625,0.76,1.0,-1.24,0.24
FE,2005-09-15,21.592383775749905,21.800724029541016,21.571550068272792,21.800724029541016,791600,12.993485040864755,13.850484106783215,14.107549895915698,15.24162109561535,15.975567365445597,0.71,1.0,-1.23,0.25
FE,2005-09-16,21.90073019556882,21.963231324121136,21.713223630891573,21.946563720703125,1335500,13.049967191609134,13.842197140786242,14.075356708227,15.245645337982722,15.984854133788717,0.73,1.0,-1.22,0.25
FE,2005-09-19,21.93406388936013,22.025734118968614,21.796560134457557,21.896562576293945,1085300,12.815268126652082,13.756402914058482,14.062247589928493,15.242594557864935,15.980012846776942,0.75,1.0,-1.2,0.28
FE,2005-09-20,21.896563626949337,22.004901465232276,21.625722210262452,21.684057235717773,1079900,12.676078310596491,13.860227662093438,14.182912011241697,15.287916400184725,15.998680927833684,0.76,6.0,-1.2,0.22
FE,2005-09-21,21.746556311282774,21.85072644389202,21.238207145016503,21.459047317504883,706300,12.519595851504361,14.072188921221926,14.151597234457617,15.343949379297337,16.03623174407169,0.78,5.0,-1.19,0.29
FE,2005-09-22,21.32986487031446,21.509037533913787,21.129858508752033,21.250696182250977,1527000,12.913646354260155,13.796213792918952,14.226503351373637,15.359217689874221,16.065021556461875,0.79,8.0,-1.17,0.25
FE,2005-09-23,21.13820321514259,21.250707149617067,20.99653177056474,21.054866790771484,1387600,13.09821738821447,13.953418455928023,14.277986368177265,15.412629230712788,16.08959092407828,0.8,10.0,-1.14,0.26
FE,2005-09-26,21.07570128228451,21.17987141138356,20.97986336474456,21.117368698120117,4259600,12.931891146070615,13.720546634890537,14.13851506821314,15.344865159408737,16.04815671087326,0.82,5.0,-1.13,0.32
FE,2005-09-27,21.16737364979382,21.375713944751457,21.063203502315,21.367380142211914,1128800,13.317795986153271,13.698968467005745,14.191819587110396,15.368993456393401,16.079343976231534,0.83,9.0,-1.11,0.28
FE,2005-09-28,21.46738958420366,21.534058431783052,21.16321286777826,21.39655303955078,1106400,12.595468680878177,13.657619538813062,14.06515999108738,15.365405745466315,16.066951227984898,0.84,2.0,-1.11,0.34
FE,2005-09-29,21.40071858801742,21.879900385162923,21.354883461875122,21.72572898864746,1511100,13.114498969597985,13.764747357789995,13.968976575151826,15.447615079803285,16.116246925426342,0.86,1.0,-1.08,0.36
FE,2005-09-30,21.704888246179394,21.83405977898288,21.579884408681522,21.717388153076172,842600,13.040481165371617,13.721074235976157,13.957694883382935,15.39324248219936,16.1155945712282,0.87,1.0,-1.05,0.36
FE,2005-10-03,21.721553471875186,22.00072862542617,21.69238596596717,21.750720977783203,1708600,12.949199035673004,13.492794463309977,13.755710709245909,15.374313772464474,16.11362115665936,0.88,1.0,-1.01,0.51
FE,2005-10-04,22.04240703308426,22.234079750708514,21.72156274166425,21.729896545410156,1741500,12.768555503299037,13.296079562606158,13.762298468431636,15.361665875910646,16.10929546223691,0.9,2.0,-0.97,0.51
FE,2005-10-05,21.796562973625175,21.871565609527206,21.150706765634315,21.18404197692871,1087200,14.733927322339301,14.343989056825626,14.258734759209451,15.684433524766236,16.32288881934333,0.9,17.0,-0.92,0.86
FE,2005-10-06,21.334042920884258,21.334042920884258,20.671520831156556,20.988197326660156,1940500,14.988717969735118,14.484811145363333,14.362401073783598,15.660418252735543,16.30769519117029,0.91,21.0,-0.87,0.78
FE,2005-10-07,21.14653351023028,21.246537520795986,20.963194678621278,21.150699615478516,907800,14.584671735048616,14.499863983403488,14.379235271827437,15.668100342200617,16.321375595975134,0.91,23.0,-0.81,0.76
FE,2005-10-10,21.188202152493197,21.188202152493197,20.700686745107756,20.759021759033203,1150600,15.51533159904898,14.992874591015589,14.732427966782835,15.795134334033122,16.43321181162518,0.91,26.0,-0.74,0.66
FE,2005-10-11,20.667357461714378,20.954868097696334,20.667357461714378,20.704858779907227,1026000,15.315153131221166,14.99539073407157,14.740543472504482,15.77309485575591,16.40477767475854,0.91,27.0,-0.67,0.65
FE,2005-10-12,20.713184495767536,20.86318970997262,20.350672954445084,20.459009170532227,1066400,15.645713972358315,15.178147964863618,14.887665435545369,15.68003065352905,16.45420775103485,0.91,37.0,-0.59,0.56
FE,2005-10-13,20.346512569263535,20.488182434161956,19.950665718165023,20.134004592895508,1096100,16.029945599494148,15.495685493122084,15.135026772336563,15.808017398890229,16.54009083435632,0.91,50.0,-0.52,0.45
FE,2005-10-14,20.313177962738383,20.313177962738383,20.059002558524018,20.12567138671875,1225500,15.130988644287443,15.410041233144673,15.130074367164262,15.689615353094291,16.536054656513226,0.91,50.0,-0.46,0.46
FE,2005-10-17,20.125668198819888,20.317340850830078,19.929829441118166,20.317340850830078,1929400,15.490692985006149,15.414511446825907,15.139828391860433,15.692368125780117,16.553335661441892,0.91,52.0,-0.42,0.44
FE,2005-10-18,20.271511065323757,20.342346001701436,19.933999219761702,19.96733283996582,954500,15.81781719177461,15.623654988576957,15.41104261990247,15.83661908037631,16.616812157231877,0.9,53.0,-0.4,0.35
FE,2005-10-19,20.00066761199715,20.00066761199715,19.5089844060414,19.87566375732422,1577000,15.708540173527604,15.648795994691724,15.406965573852885,15.823872318756447,16.624295046167223,0.9,53.0,-0.37,0.36
FE,2005-10-20,19.833994196798216,19.875663206875355,19.225640955263874,19.329811096191406,1574900,17.246083500109798,16.051870369729503,16.06497982017093,16.183434115673275,16.865556734585823,0.9,69.0,-0.41,0.49
FE,2005-10-21,19.43398225820746,19.583987523346227,19.142305530383226,19.2423095703125,2786600,16.65254394241907,16.065397258778972,16.06030274390757,16.17447504564529,16.87069855959068,0.9,67.0,-0.44,0.5
FE,2005-10-24,19.371479931543934,19.542318897543765,19.263142095830755,19.458982467651367,1756200,17.138210764754483,16.248958345366017,15.924531189103616,16.216103047695626,16.897159352282422,0.9,59.0,-0.43,0.55
FE,2005-10-25,19.979827965388115,20.00482777518943,19.375640992869787,19.525646209716797,2572400,17.254113750677572,15.972805433629755,15.878110079561997,16.19425326359392,16.836125104644204,0.9,58.0,-0.43,0.59
FE,2005-10-26,19.52565615698907,19.58399119559041,19.238145481724477,19.371484756469727,2232900,17.26361775081741,15.779371265222647,15.933146133686705,16.22568831655199,16.849086359919376,0.9,61.0,-0.45,0.54
FE,2005-10-27,19.438152628383303,19.54648889615989,19.30898105685192,19.333982467651367,1977000,16.93580732791423,15.655276131781854,15.896220686098408,16.195790214969712,16.826437829707658,0.89,59.0,-0.45,0.57
FE,2005-10-28,19.354817836156236,19.604825607476897,19.354817836156236,19.558990478515625,2460300,17.260760446871167,15.831176674633873,15.94885558783302,16.242456915311518,16.857918253179314,0.89,64.0,-0.48,0.54
FE,2005-10-31,19.704821541246737,19.917327900256925,19.683987833815934,19.79232406616211,2656500,17.848200472058746,15.989678023395697,16.04997200413208,16.275658928839093,16.895100917684687,0.89,71.0,-0.49,0.47
FE,2005-11-01,19.792330539067677,19.792330539067677,19.325648664051553,19.333982467651367,1546700,18.693552792988026,16.515904302486835,16.483508648485877,16.518498871673266,17.043331478261297,0.9,90.0,-0.58,0.4
FE,2005-11-02,19.292313615875667,19.404817581176758,19.075639488945107,19.404817581176758,2400100,18.70677802374518,16.19304787503805,16.484157515769322,16.508446952755023,17.00717471740278,0.9,90.0,-0.71,0.4
FE,2005-11-03,19.547804747369305,19.573039152300847,19.354345789198078,19.40060806274414,2178000,18.627213857419854,16.19185171613093,16.33717588151698,16.458477479418917,16.933323104189796,0.9,83.0,-0.78,0.49
FE,2005-11-04,19.50574809773345,19.581449704663505,19.320699012205115,19.48472023010254,1343500,18.648994041369512,16.1436438109106,16.346772689767498,16.273964824434998,16.9266135579778,0.91,83.0,-0.87,0.48
FE,2005-11-07,19.472107487495133,19.568836988192743,19.308087829602503,19.43846321105957,1448900,18.57503266755993,16.09946824705021,16.343566639349355,16.090691208927122,16.927591725198603,0.91,82.0,-0.95,0.48
FE,2005-11-08,19.38800022727447,19.581460891240866,19.324916588343054,19.421646118164062,1192600,18.070238808216065,16.099431621481667,15.480689660820989,16.031325500846876,16.92670930281102,0.9,55.0,-0.95,-0.02
FE,2005-11-09,19.38799102762802,19.640330276591264,19.38799102762802,19.556217193603516,2482500,18.261725499341086,15.972998231716051,15.485505303114877,16.044256722860606,16.93809855041905,0.89,56.0,-0.95,-0.01
FE,2005-11-10,19.598273958834653,19.7328542569304,19.463693660738908,19.703414916992188,1277100,17.717209029358678,16.05198439426579,15.51463889040573,15.979665064045903,16.88830852371631,0.89,57.0,-0.95,-0.02
FE,2005-11-11,19.69920252883688,19.724436926800536,19.392191239733005,19.53518295288086,755400,17.760786670970933,16.04937545187632,15.53387112322388,16.01680862618351,16.78949497495495,0.88,58.0,-0.95,-0.06
FE,2005-11-14,19.560419867982905,19.636121473501415,19.43004612850814,19.49312973022461,1146600,17.701480400815214,16.043791546829407,15.449000212487904,15.996338317580788,16.787932977169955,0.88,55.0,-0.96,-0.02
FE,2005-11-15,19.552010490530574,19.661356365484416,19.417428607345386,19.467897415161133,1555800,17.697286509461925,15.893157740553871,15.418794769732791,15.962666042151575,16.786835979892224,0.87,55.0,-0.96,0.01
FE,2005-11-16,19.53939200074408,19.61509360626259,19.472101862985784,19.49312973022461,757700,16.493992656621238,15.728331053221615,15.409267546077452,15.962763396500716,16.713752668791475,0.87,54.0,-0.97,0.01
FE,2005-11-17,19.52677793053375,19.787527044910398,19.518366461770167,19.724443435668945,1045600,16.897370319380762,15.947524307517808,15.239801001632959,16.009587357098706,16.721861109220196,0.86,53.0,-0.99,0.01
FE,2005-11-18,19.850610521759325,19.871638389666764,19.514159822269875,19.699207305908203,1472600,16.644062463643348,15.637755385451534,15.239915857717994,15.993506850143854,16.722397097764162,0.85,54.0,-1.01,0.01
FE,2005-11-21,19.70761465511057,19.80434411072744,19.58985733598102,19.62770652770996,1995400,15.917193195083296,15.628467069961893,15.141009056448073,15.989537353162437,16.58117242696702,0.84,53.0,-1.02,0.08
FE,2005-11-22,19.65294069122321,19.762288147097042,19.522565372088454,19.58985710144043,1310900,15.915648030456545,15.510177361345207,15.009636379962476,15.67646715859515,16.564921178609946,0.83,46.0,-1.04,0.14
FE,2005-11-23,19.577259019882245,19.82539190921186,19.535203250568653,19.745485305786133,1509500,15.861147294154692,15.62009044134002,15.052611057197499,15.593827056835988,16.574391613161424,0.82,50.0,-1.05,0.13
FE,2005-11-25,19.816967072083237,19.85061294830681,19.682386775836303,19.808555603027344,187900,15.266250811843744,15.55309611665327,14.979306871946399,15.489298578332697,16.57655950717188,0.81,42.0,-1.05,0.2
FE,2005-11-28,19.85481643502834,19.88005084035868,19.573039461628873,19.6066837310791,1699400,15.522679423932532,15.24455931309122,15.023011494240293,15.019831310091911,16.591118625360664,0.8,48.0,-1.07,0.14
FE,2005-11-29,19.766503025204972,19.837998117135545,19.682389925509526,19.78753089904785,1761100,15.505696323152177,15.396261383698606,14.941762639750891,15.03985535238131,16.580762668532675,0.78,42.0,-1.09,0.17
FE,2005-11-30,19.997800732758712,20.04826792027667,19.72864026023232,19.74966812133789,1962200,14.703055719233852,15.277612510514082,14.806550468156113,15.028631601837672,15.116419079439583,0.76,30.0,-1.11,0.22
FE,2005-12-01,19.837997469969313,19.88846629073452,19.745474507214198,19.766502380371094,1395100,14.651386269820673,15.250098924312425,14.80485061187439,15.028564120837668,15.093932679931878,0.75,30.0,-1.13,0.23
FE,2005-12-02,19.766496671120812,19.787524538204128,19.67817866677683,19.69500160217285,950700,12.14456457236454,15.225243568922773,14.813992166972149,15.001737076727128,15.100500957497923,0.73,33.0,-1.15,0.22
FE,2005-12-05,19.892667181540777,19.89687371791174,19.732852490238972,19.86322784423828,1506400,12.25075390967569,15.143020225032197,14.853999953410202,15.019492992851829,15.119825263789693,0.72,37.0,-1.17,0.22
FE,2005-12-06,19.88425207279863,20.002011004773372,19.821168477695313,19.837989807128906,1270200,11.881500632164503,15.026610664389887,14.836234789786404,14.937451519579653,15.112274372265672,0.71,36.0,-1.18,0.24
FE,2005-12-07,19.83379028266406,19.993604988274146,19.652947706287208,19.703414916992188,1107000,12.042413274754878,15.047110179805568,14.86374101416682,14.948152738738917,15.130366069989417,0.71,41.0,-1.2,0.2
FE,2005-12-08,19.70341531896335,20.006221798018213,19.678182515257937,19.93472671508789,1106000,12.217010523938852,15.285043011358262,14.966146529282106,14.97797120854595,15.16854746954865,0.7,49.0,-1.21,0.15
FE,2005-12-09,19.90528270463309,20.187059642061655,19.90528270463309,20.153413772583008,700500,12.516450035571536,15.380849898107138,15.049130697213082,15.023951157367165,15.196641527054785,0.7,60.0,-1.21,0.11
FE,2005-12-12,20.229116894286935,20.3090250381401,19.976779271533797,20.027246475219727,857100,12.321698276470022,15.3228153283848,15.027456848716298,15.038594694831872,15.21279339047207,0.69,58.0,-1.22,0.13
FE,2005-12-13,19.985198951413608,20.25856455433431,19.95575960347329,20.22492027282715,959300,12.175926899926122,15.497079715045063,15.035876788080646,15.025998917119876,15.238379567832316,0.68,59.0,-1.22,0.13
FE,2005-12-14,20.33424873500375,20.59920424331116,20.33424873500375,20.594999313354492,1329500,10.904690169251383,15.897800046352165,15.187715433797793,15.015601630943676,15.334591666238248,0.68,69.0,-1.22,0.16
FE,2005-12-15,20.595007620285134,20.965102570013478,20.5865961526563,20.864168167114258,1902900,11.346158480043858,16.01942384195243,15.322509051017338,15.082133602411997,15.364885534069842,0.67,72.0,-1.23,0.11
FE,2005-12-16,20.92304480444395,20.98613000337258,20.83893174064686,20.88098907470703,1072800,11.329384948270372,15.903683918233916,14.986890650890839,15.081034019277137,15.316096502957901,0.66,51.0,-1.24,0.15
FE,2005-12-19,20.817903340756928,20.880988538064262,20.603416557693766,20.65808868408203,807300,11.93714050008747,15.942005049673627,15.085336008712517,15.144872642539248,15.281289569009953,0.65,65.0,-1.24,0.06
FE,2005-12-20,20.67492136474715,20.792678743961073,20.590808263455504,20.738006591796875,1105900,11.877458273368772,15.950948083310912,15.08094918773923,15.086171575584508,15.283048761092449,0.63,65.0,-1.24,0.08
FE,2005-12-21,20.73800344784831,20.788470659242716,20.48145924974751,20.51089859008789,896900,12.45196240264698,15.897731540273735,14.971535037780843,15.137648856306097,15.329680134900986,0.63,50.0,-1.24,0.12
FE,2005-12-22,20.586597770816645,20.72117805480957,20.510896160530184,20.72117805480957,1252300,12.604590338926025,16.04870845851204,14.912805493506772,15.145158769196202,15.346903767374004,0.62,47.0,-1.24,0.14
FE,2005-12-23,20.72117192775201,20.885191500099108,20.687526064540783,20.851547241210938,662200,12.562425313463354,15.773932897174292,14.88424319472365,15.124181238251563,15.335941057184902,0.62,43.0,-1.25,0.16
FE,2005-12-27,20.935674026430508,21.036610085679,20.876795327003986,20.91464614868164,845500,12.166519896507861,15.792133330380018,14.875503511522298,15.010445424541969,15.334291279815055,0.62,42.0,-1.25,0.16
FE,2005-12-28,20.944074289310343,21.057626693571063,20.746410419069875,20.809494018554688,940900,12.285954624174929,15.81116167376113,14.849481107154263,14.961796289038102,15.345811993532887,0.62,35.0,-1.26,0.18
FE,2005-12-29,20.75903585908539,20.897821121854495,20.632867000843277,20.700157165527344,684100,12.436586884430119,15.838380692107426,14.760865049869686,14.957636375512198,15.355194548381295,0.62,28.0,-1.26,0.25
FE,2005-12-30,20.628660696302095,20.653895109965397,20.502491836633784,20.60342788696289,742500,12.587754841402216,15.009149812955465,14.57559422897345,14.792001701029895,15.360444649845162,0.62,24.0,-1.26,0.29
FE,2006-01-03,20.683327238301274,21.045012352954846,20.527719085830622,21.04080581665039,936400,13.472270205718509,15.523609379458927,14.954100323918434,14.953437931799721,15.481565558649274,0.62,52.0,-1.27,0.26
FE,2006-01-04,21.040810263883966,21.26791514261997,20.927257824515966,21.238475799560547,1735800,13.58864981604547,15.56176415318126,14.985941045312986,14.98067346972971,15.497110660115496,0.62,56.0,-1.29,0.25
FE,2006-01-05,21.267908096313477,21.38146049806024,21.196413030948854,21.267908096313477,2032200,13.468765033633638,15.063926622144857,14.942574151929389,14.933819272184442,15.468705909300551,0.62,51.0,-1.31,0.3
FE,2006-01-06,21.448749364310526,21.54127389455962,21.301552706480834,21.473983764648438,1148100,13.542349150998223,15.168138736179959,15.01544682509335,14.80564732336215,15.491482922844558,0.62,60.0,-1.34,0.27
FE,2006-01-09,21.47399680999497,21.60857715157422,21.444557460544768,21.579137802124023,713500,13.476352158867083,14.964013623313699,14.869162616903923,14.777675291423186,15.45018421179489,0.62,42.0,-1.37,0.39
FE,2006-01-10,21.566504060937767,21.587533527483494,21.440335283278657,21.532859802246094,907200,13.556967889627627,14.559434285946935,14.86289114568342,14.757732413500568,15.44029122445926,0.62,41.0,-1.4,0.4
FE,2006-01-11,21.562310257020503,21.621188943356383,21.427729944160237,21.469785690307617,1151100,13.104653955844157,14.579910464846476,14.833034423531641,14.746664033192822,15.444324758587713,0.62,35.0,-1.43,0.4
FE,2006-01-12,21.42352369139007,21.486608915772592,21.33100072777264,21.36464500427246,1205100,13.165700141057252,14.52386754600455,14.84588204311548,14.740229687038298,15.456756775734187,0.62,38.0,-1.45,0.38
FE,2006-01-13,21.368854714657886,21.448761286993918,21.255302256501963,21.34362030029297,1100000,13.140972036392586,14.025770843771667,14.772387240825488,14.740756471548414,15.413633570346297,0.62,30.0,-1.47,0.42
FE,2006-01-17,21.280521234677682,21.6380013197013,21.280521234677682,21.6337947845459,835800,13.502424884243904,14.200526096499965,14.837004325409108,14.711701079645323,15.446795250132764,0.62,38.0,-1.49,0.39
FE,2006-01-18,21.633812835906824,21.743160380664055,21.40670948203495,21.495027542114258,1068100,13.646240331940207,12.937961199061204,14.870845160124786,14.719244633479288,15.452326232136752,0.62,46.0,-1.5,0.36
FE,2006-01-19,21.499228380570276,21.688482476345147,21.389882460969314,21.66324806213379,798400,13.622505762907716,12.92806133453357,14.755010947871682,14.705615123643353,15.460588401288108,0.62,29.0,-1.52,0.4
FE,2006-01-20,21.667447583549627,21.80202787378157,21.347818191006056,21.3730525970459,1234000,14.385518863875243,13.163543800380781,14.89504978922374,14.739011448611553,15.478125934811212,0.62,51.0,-1.53,0.31
FE,2006-01-23,21.335198444223316,21.520245913190987,21.335198444223316,21.490806579589844,507800,14.134730987207602,13.182888054725858,14.865465863860514,14.724416665105252,15.478658982680965,0.62,46.0,-1.53,0.32
FE,2006-01-24,21.52865871779757,21.713707802582864,21.507630850251093,21.709501266479492,1178300,14.05818290770721,13.144837849593038,14.940785985670612,14.704551870968945,15.46073551100017,0.62,53.0,-1.55,0.3
FE,2006-01-25,21.701085860229796,21.776787453117368,21.007156731191284,21.14173698425293,1869500,16.209430367952795,14.358904162507754,15.492477107477578,14.914773514149605,15.688176220536091,0.62,85.0,-1.54,0.34
FE,2006-01-26,21.545480230191462,21.8693145028486,20.98613128965521,21.179590225219727,989400,16.036525490476805,14.204688262468634,15.281933908453855,14.910296910311388,15.560448346276045,0.62,76.0,-1.53,0.42
FE,2006-01-27,21.19220946657752,21.49922084575916,21.19220946657752,21.272117614746094,1194900,15.878367943390975,14.04947658834685,15.298006048183932,14.79810374980187,15.559545494488075,0.62,76.0,-1.53,0.41
FE,2006-01-30,21.221644766544596,21.314169297632123,21.103887439213754,21.120710372924805,872500,15.28156673702417,13.200729543756815,15.285522566466577,14.82813663631263,15.496551931731418,0.62,75.0,-1.52,0.39
FE,2006-01-31,21.04921977910317,21.27632463674791,20.99454603093157,21.070247650146484,1124100,14.863796227664785,13.21618819376735,15.277135834708561,14.75415532001739,15.479701991890996,0.62,73.0,-1.51,0.38
FE,2006-02-01,21.07024418440241,21.137534323267015,20.868373767808585,21.133329391479492,903200,14.883360528358939,13.216055157686904,15.256457134506269,14.756301584426573,15.472933858540433,0.61,72.0,-1.5,0.42
FE,2006-02-02,21.158562217602736,21.158562217602736,20.624446078296838,20.76323127746582,1351600,15.458768380822011,13.76704506222608,15.393968331291887,14.905748903057919,15.565177717213396,0.61,77.0,-1.5,0.32
FE,2006-02-03,20.763231035351296,20.869339129241883,20.500083415845324,20.53828239440918,1418600,15.741428053169967,13.967010016981407,15.397621893571978,14.969103578273387,15.605406507933234,0.61,77.0,-1.48,0.32
FE,2006-02-06,20.512821396760806,20.767480222990493,20.495843709923804,20.737770080566406,604700,15.661912902058292,14.075933475360051,15.464573796325782,15.005269972616267,15.613877565477127,0.61,82.0,-1.46,0.3
FE,2006-02-07,20.648642135109966,20.75899387465128,20.415202960746853,20.47886848449707,1400400,15.808852084706803,14.296304375541318,15.583573593574297,15.085490149673495,15.668893866199696,0.6,87.0,-1.44,0.2
FE,2006-02-08,20.584971479772438,20.59770393371582,20.326067455716135,20.59770393371582,863300,15.791674245707805,14.266143462628058,15.561073670401681,15.097720226159069,15.658229292519804,0.6,86.0,-1.42,0.21
FE,2006-02-09,20.584981796921614,20.92877279743042,20.559515257189947,20.805686950683594,940200,16.053356879061177,14.257274177320445,15.610237434361995,15.135393616894879,15.683381550006684,0.59,87.0,-1.42,0.19
FE,2006-02-10,20.775963727026102,20.9712022182317,20.661366798949533,20.85236167907715,728200,16.000179497861104,14.243520752746269,15.613858815111886,15.111166672061085,15.659768969240154,0.58,87.0,-1.43,0.2
FE,2006-02-13,20.758988703046583,20.843875507205517,20.729278564453125,20.729278564453125,576900,16.020181622988126,14.308451008068285,15.567766338091962,15.124385817662153,15.671930237644421,0.58,84.0,-1.41,0.23
FE,2006-02-14,20.733527623676363,20.83539213924756,20.47462515063427,20.814170837402344,969300,15.996782076807078,14.321957028503085,15.501293470418007,15.11248556092643,15.660979120637908,0.57,80.0,-1.39,0.31
FE,2006-02-15,20.742012460673582,20.792945518159197,20.30909118653328,20.457643508911133,1536600,15.540404777998202,14.630009708996091,15.66314919241071,15.261503552033087,15.758349734768492,0.57,87.0,-1.37,0.24
FE,2006-02-16,20.38974407899698,20.797199018119226,20.266658226840676,20.750511169433594,1291700,15.88039022746657,14.886937375354853,15.767364743463826,15.33269368168694,15.805351828919234,0.56,87.0,-1.36,0.25
FE,2006-02-17,20.903296519467265,21.251330971584693,20.890564065074074,21.17917823791504,1844900,17.02546484574718,15.385662444329181,16.095982661229332,15.384459683609213,15.890130539744273,0.56,95.0,-1.36,0.2
FE,2006-02-21,21.314992883743287,21.586629325486996,21.07306657662274,21.18341827392578,1506000,16.772086857917948,15.37293743483286,15.985579944845313,15.35187095836944,15.748765625335201,0.56,91.0,-1.36,0.25
FE,2006-02-22,21.302252793341328,21.552667870895224,21.1919011272188,21.510225296020508,1501000,17.32353178668326,15.58208520452517,16.17001789349172,15.448314143513523,15.674482031289383,0.56,95.0,-1.36,0.18
FE,2006-02-23,21.42959329089657,21.489013569791496,21.140979119908785,21.20039939880371,1032400,17.813582904022436,15.915134583055687,16.14771980795184,15.533098788806088,15.708282044351165,0.55,94.0,-1.36,0.13
FE,2006-02-24,21.30651038041581,21.455061097719703,21.225867174666792,21.433839797973633,1077300,18.102211158999285,15.860742494213836,16.24519120967888,15.551279085830313,15.737949784759017,0.54,95.0,-1.38,0.09
FE,2006-02-27,21.433836465850778,21.769138454589104,21.42110401179881,21.705472946166992,1158600,18.402711724017603,15.94664090385763,16.36845134364598,15.613751531367164,15.720974676783033,0.53,98.0,-1.38,0.04
FE,2006-02-28,21.60784407909418,21.713952133228226,21.421094486687206,21.67999839782715,1380000,18.40414880040793,15.940501571178295,16.36880283949728,15.605972259789217,15.721317475866552,0.52,98.0,-1.39,0.04
FE,2006-03-01,21.743659164389456,21.743659164389456,21.480511680929624,21.646039962768555,1025900,17.994104310823825,15.95276202462025,15.855849826008352,15.60300377522167,15.706647534249202,0.51,80.0,-1.38,0.07
FE,2006-03-02,21.65029958827007,21.65029958827007,21.425350897214127,21.61210060119629,1148800,17.89745406526006,15.930039687064825,15.785273546586556,15.525003248394029,15.681758785074345,0.51,79.0,-1.39,0.13
FE,2006-03-03,21.45506369792387,21.807343468911803,21.45506369792387,21.663036346435547,1302800,17.765277834175436,15.865044243175005,15.744025062283878,15.523671208940085,15.682360089361671,0.5,77.0,-1.39,0.15
FE,2006-03-06,21.705476643253327,21.726697943314935,21.039117783014078,21.12824821472168,1660300,18.807207796279005,16.758494365687714,15.967217046317856,15.816559775930457,15.891786373455174,0.5,85.0,-1.41,0.24
FE,2006-03-07,21.115510307130734,21.191908262894067,20.933004259371767,21.085800170898438,1014300,18.728994937758266,16.691144927139238,15.96482832956678,15.343341195172973,15.881601776133847,0.5,84.0,-1.42,0.24
FE,2006-03-08,21.157958507778332,21.302265615928544,20.720793570918023,21.149471282958984,2253700,18.485868466601694,16.551336723272318,15.851793288724062,15.324757226373881,15.873847822576762,0.5,77.0,-1.44,0.35
FE,2006-03-09,21.179175046924097,21.200396340742472,20.85236194106215,20.899049758911133,1041300,17.16453391684088,16.62749117079201,15.757222791678188,15.387349417065495,15.699028929768453,0.5,74.0,-1.44,0.38
FE,2006-03-10,20.87782987463669,21.034871033651758,20.7717217710714,20.979694366455078,1543500,17.19760757242059,16.57785864745112,15.766345797758058,15.371606101334542,15.627162653302875,0.5,74.0,-1.43,0.39
FE,2006-03-13,20.97970028857065,21.136739872833427,20.869346923026928,21.11551856994629,1196200,17.257679513986087,16.513584704169084,15.729349871035136,15.343489047816611,15.561294880605855,0.5,71.0,-1.44,0.41
FE,2006-03-14,21.09428512325272,21.455051921888472,21.009398341491163,21.416852951049805,1139700,17.619246826985986,16.354290247033667,15.619371256783351,15.409454865802353,15.248212233250346,0.5,69.0,-1.44,0.5
FE,2006-03-15,21.395642884049373,21.79036525008444,21.344711435907232,21.658790588378906,1489500,17.86809900802385,16.301725794285325,15.684675047464136,15.457722258555373,15.273613457654896,0.5,70.0,-1.43,0.5
FE,2006-03-16,21.794614199522808,22.05351835452071,21.7436827389094,21.964387893676758,1104300,18.260340887587656,16.53107248479648,15.13239924576312,15.39367975524453,15.318527225406648,0.5,41.0,-1.39,0.31
FE,2006-03-17,22.121413820186458,22.14263511405401,21.883732738340385,21.96013069152832,1300700,17.36461661412576,16.35605157014806,15.105600530898005,15.393844563169079,15.318985468991587,0.49,41.0,-1.36,0.34
FE,2006-03-20,21.900721616610383,22.09171661133586,21.59513124413151,21.709728240966797,811100,17.40209457938823,16.54290457389597,15.156816929208041,15.392696312374857,15.343655153732414,0.49,44.0,-1.34,0.27
FE,2006-03-21,21.756399775952172,21.769133846389664,21.33621269037319,21.429588317871094,992200,17.752890969972007,16.607812973099325,15.31570751768562,15.409293226732915,15.400348723106122,0.49,53.0,-1.31,0.15
FE,2006-03-22,21.35744182362266,21.544191528102044,21.293776305303055,21.433839797973633,1591200,17.27876500799278,16.49030618543584,15.250274393986224,15.400155842018362,15.341624684921563,0.49,48.0,-1.29,0.21
FE,2006-03-23,21.45505500066121,21.4805215245683,21.310747936682894,21.36168098449707,2030100,17.28611936794488,16.46614333615204,15.259033759488716,15.35775090761293,15.335399188281103,0.48,50.0,-1.26,0.2
FE,2006-03-24,21.319242865183856,21.45506112663946,21.196157059776784,21.344709396362305,705900,17.089195724103064,16.458793220924424,15.166911425407356,15.338005256272055,15.319798480614383,0.48,45.0,-1.22,0.24
FE,2006-03-27,21.298024689122606,21.315002379064968,21.022142894344928,21.11551856994629,770000,17.41180994479347,16.580949281687282,15.17560348075657,15.31631306662642,15.36490582953936,0.47,46.0,-1.17,0.2
FE,2006-03-28,21.1070215863788,21.204640837284206,20.928760767963965,20.93300437927246,973600,17.517217527756415,16.64404002282494,14.754744097767725,15.283949989945697,15.388084148903813,0.46,2.0,-1.13,0.15
FE,2006-03-29,21.03062090902927,21.53569640068167,20.979689484512328,21.518718719482422,1335200,19.200114428548858,17.531636058579693,15.350327358502824,15.62324578209864,15.58407473325186,0.45,60.0,-1.09,0.3
FE,2006-03-30,21.348947799584025,21.72669234828109,21.102777867916238,21.217374801635742,1518200,18.956427125111205,17.27139992383144,15.536275289198995,15.715491529576989,15.553802967131558,0.44,73.0,-1.04,0.19
FE,2006-03-31,21.21737882463087,21.31924170564161,20.695325487895953,20.75474739074707,1808600,19.694462722766463,17.748140200278222,15.946633643718968,15.918697589130332,15.72124144314248,0.43,90.0,-0.98,0.13
FE,2006-04-03,20.746255481718514,21.0730686132392,20.699567660203975,20.720788955688477,1116000,18.71860421312676,17.74608285984712,15.94351506452954,15.908957814110805,15.722579828351677,0.42,90.0,-0.93,0.13
FE,2006-04-04,20.657127047966615,21.140981412322933,20.64863982355946,21.051849365234375,877500,19.32588775619255,17.941188226629894,16.123191588480243,16.01374891320803,15.794182057420139,0.43,95.0,-0.87,0.06
FE,2006-04-05,21.030627541021385,21.293775206269927,21.02213869774481,21.221622467041016,1460400,18.92914841716979,17.991791332162226,16.13503325524692,16.032652568166977,15.769641647850868,0.44,95.0,-0.8,0.05
FE,2006-04-06,21.09854857768661,21.19616790184859,20.81417945326896,21.026395797729492,1481400,18.648739785489276,18.081795022039156,16.177371436501282,16.062061398429403,15.790126566234317,0.45,97.0,-0.71,0.02
FE,2006-04-07,20.962718637858952,20.98818516796076,20.474622287350897,20.627416610717773,1197000,19.109766835629888,18.48032110289111,16.416436509813177,16.194700301821307,15.896008283988502,0.46,100.0,-0.64,-0.03
FE,2006-04-10,20.618938089408996,20.835398019854562,20.576493854657507,20.750511169433594,1016400,18.784943156026458,18.507830027883703,16.432926368188912,16.172614801932724,15.879984447287404,0.47,100.0,-0.58,-0.04
FE,2006-04-11,20.87783120106529,20.941496714881783,20.62317238396186,20.64015007019043,1464900,18.817316401557008,18.53426466271306,16.457416446335166,16.1200508486212,15.80980718274217,0.48,100.0,-0.53,-0.06
FE,2006-04-12,20.64015518030711,20.85661506652832,20.635909948158293,20.85661506652832,758500,19.139910461185032,18.445220607791725,16.531219947969824,16.16591353592063,15.79766247720618,0.5,100.0,-0.48,-0.09
FE,2006-04-13,20.8566133371739,20.937256550498073,20.73352752037077,20.746261596679688,1067000,19.176114099813418,18.431427318463562,16.46115359257922,16.001695325750674,15.795115990790734,0.51,99.0,-0.39,-0.07
FE,2006-04-17,20.648638029129838,20.788699886814893,20.470375569525622,20.563751220703125,589200,19.261704663571816,18.423362433271727,16.525587889602726,16.035992628917786,15.706168608009325,0.52,99.0,-0.32,-0.11
FE,2006-04-18,20.610441693076513,21.14522590240353,20.610441693076513,21.12824821472168,1479500,19.705387077762495,19.100075793077448,17.0444881716121,16.344713406095476,15.906671146829154,0.55,100.0,-0.23,-0.06
FE,2006-04-19,21.090047949493822,21.26831042119257,20.971207381082202,21.157957077026367,840900,19.69996429937551,19.066433285215652,17.039427069661468,16.234862315520243,15.904712334091053,0.57,99.0,-0.16,-0.05
FE,2006-04-20,21.136737530058287,21.531459872518607,21.136737530058287,21.353199005126953,729200,19.85945667649628,19.045542688635216,17.0541971708124,16.196908925388804,15.897156817718978,0.59,100.0,-0.06,-0.06
FE,2006-04-21,21.493255365237562,21.565409711427655,21.289528018064814,21.357437133789062,817700,19.518594342943285,18.244440256194103,17.050063505734826,16.16654175850833,15.784971497520466,0.61,99.0,0.06,-0.06
FE,2006-04-24,21.22162347053739,21.281043757201875,21.068827522496502,21.234355926513672,1215900,19.58395003359422,18.28163720586722,16.99140634282088,16.173884939633105,15.773751549850681,0.63,96.0,0.1,-0.03
FE,2006-04-25,21.20889059478936,21.221623050513635,20.758991603249186,20.87358856201172,1299300,20.13616800449998,18.592967581464215,17.17348567043263,16.277995655151877,15.856457307055743,0.65,100.0,0.21,-0.09
FE,2006-04-26,20.873594089866806,21.00092353807367,20.661377803161436,20.983945846557617,1285000,19.73855611089366,18.572325929465418,17.18529304844084,16.232391670666868,15.8520601067031,0.67,100.0,0.29,-0.09
FE,2006-04-27,21.00941000522619,21.764899382257507,21.00516639236851,21.5993709564209,1884700,21.27066280343655,19.492781325201285,17.76285928714842,16.48751734208607,16.083424738220113,0.7,100.0,0.32,-0.04
FE,2006-04-28,21.60361531972135,21.69274575788321,21.378664989350877,21.522972106933594,1131400,20.863883573808515,19.50188178890943,17.76234372674809,16.493570197015497,16.08864359161654,0.73,99.0,0.24,-0.04
FE,2006-05-01,21.391399802481345,21.58663837444205,21.17918354102451,21.28529167175293,945200,21.080456131730447,19.288764899025605,17.820955920600106,16.527660396451104,16.06244769380685,0.76,100.0,0.28,-0.07
FE,2006-05-02,21.32772672975523,21.97286413059675,21.32772672975523,21.930419921875,2977000,22.648469248857154,20.06100663290668,18.40913315776392,16.876019150891377,16.31327410524968,0.8,100.0,0.18,-0.03
FE,2006-05-03,21.772001763674748,21.938986045044487,21.772001763674748,21.84050750732422,2469500,22.338599943590662,20.008130349797078,18.384961965236656,16.88363324889936,16.29670691220673,0.84,99.0,-0.27,-0.02
FE,2006-05-04,21.840509796701355,22.050309577354092,21.77200404587094,21.87476348876953,748000,22.33980791161011,19.81172498203567,18.30589108667782,16.80567267643665,16.25494188956651,0.88,98.0,-0.5,0.03
FE,2006-05-05,21.981807047242803,22.264393514985372,21.96039930321655,22.213014602661133,1168200,22.700592922918446,20.00422655025542,18.380818959793764,16.892849338667997,16.303324419037022,0.92,98.0,-0.42,-0.01
FE,2006-05-08,22.058868244615745,22.251541137695312,21.840505088023708,22.251541137695312,1371000,22.69211782846994,19.920606805655243,18.3443117050591,16.873820223874166,16.266911390425324,0.95,97.0,-0.49,0.01
FE,2006-05-09,22.264383071016873,22.504153938233156,22.234411916778015,22.35001564025879,1837900,22.408980579653814,19.930818614475964,18.298550583381214,16.874493535303486,16.17178611906879,0.98,95.0,-0.36,0.04
FE,2006-05-10,22.29863629753456,22.47418232591499,22.23869235697324,22.375703811645508,1163300,22.18587038359053,19.876200296499892,18.091202372529544,16.838841781412444,16.168702211781998,1.0,94.0,-0.21,0.14
FE,2006-05-11,22.371432570376665,22.409967160710515,21.960398029019665,22.148788452148438,1118000,21.107331091482557,20.00490399765561,18.06892703091978,16.84510315715448,16.12842690857831,1.03,93.0,-0.28,0.16
FE,2006-05-12,22.07171191945757,22.268665700756475,21.97323502880812,22.063148498535156,1579200,20.676743518661194,19.666555537884275,18.082820702438813,16.849812643510155,16.134984739591076,1.05,93.0,-0.36,0.16
FE,2006-05-15,22.093122349905112,22.632606500681646,22.093122349905112,22.46562385559082,1299000,19.998628733189385,19.790796945166093,18.20318952705143,16.901888348430415,16.17634054301611,1.07,94.0,-0.25,0.1
FE,2006-05-16,22.478476985343658,22.78247123448525,22.435661492027457,22.68399429321289,1819100,20.056978385508224,19.46663148112819,18.25107306646975,16.92679336839419,16.200290333669592,1.09,94.0,0.01,0.07
FE,2006-05-17,22.692545569665107,23.013666497537727,22.324326644375624,22.401395797729492,2401600,20.165770274452406,19.666972244174858,18.2779798696668,16.97115413413168,16.247924090447295,1.11,94.0,-0.03,0.06
FE,2006-05-18,22.551251556230856,22.65829186542118,22.405678303705294,22.474184036254883,1695000,20.09038719372063,19.444405062155663,18.220979293184595,16.970198030970217,16.249719625699296,1.12,92.0,-0.07,0.1
FE,2006-05-19,22.713969594258266,22.713969594258266,22.31577922746828,22.397130966186523,1938100,19.879620715413655,19.204677317787663,18.212093425568174,16.95706555907035,16.25414623321908,1.14,91.0,-0.15,0.11
FE,2006-05-22,22.34146304506288,22.84241112289741,22.32005530070611,22.688274383544922,1688400,19.0548849136975,19.252682636913747,18.311441049404777,16.92148692811922,16.297976495035883,1.15,96.0,-0.12,0.05
FE,2006-05-23,22.66685021286869,22.863805579008606,22.19587361116724,22.217281341552734,1121900,20.273322346911474,19.61133046998102,18.61342874887038,17.106995754100076,16.443732336755872,1.17,100.0,-0.22,-0.02
FE,2006-05-24,22.13167037919372,22.439947224087753,21.92187213010163,22.272964477539062,1498900,20.14454627059649,19.613295328082632,18.591354228514632,17.085885991953283,16.44256054570557,1.19,99.0,-0.3,-0.01
FE,2006-05-25,22.392837524414062,22.546975866553463,22.285797190517908,22.392837524414062,1487900,20.02517741841513,19.6343141761594,18.585288188208366,17.092689946035186,16.43204389313231,1.2,98.0,-0.37,-0.01
FE,2006-05-26,22.56409911746873,22.585506854176494,22.36714532646831,22.546972274780273,803300,19.930226793881786,19.67112877727056,18.32832350191664,17.093857837942362,16.438346766444628,1.21,93.0,-0.43,0.07
FE,2006-05-30,22.439943244415502,22.65830488195169,22.221581606879315,22.225862503051758,1427600,20.270094293776157,19.907614463582963,18.429061109457564,17.130989839129843,16.49745940618342,1.23,97.0,-0.53,0.04
FE,2006-05-31,22.23013511297067,22.735365604929626,22.191602161862484,22.444215774536133,2288700,19.036231900497043,19.276342813857163,18.48789572332635,17.121389505346908,16.521826905915066,1.24,97.0,-0.61,0.0
FE,2006-06-01,22.371429176127954,22.60263668305167,22.358584859067467,22.457061767578125,1673600,19.04007755204456,19.266334723318327,18.43017586022481,17.109535183174184,16.513375627749124,1.25,96.0,-0.69,0.04
FE,2006-06-02,22.457064751017242,22.705397502577533,22.39283989057083,22.628328323364258,2033600,18.99340613117402,19.309136903847648,18.45181766079414,17.131844509194952,16.443826659070478,1.26,96.0,-0.74,0.03
FE,2006-06-05,22.60691235015875,22.79958522804274,22.379987423598422,22.452774047851562,2198800,19.196770880179916,19.20846138403309,18.493906077219577,17.135193466428618,16.444037461824124,1.26,97.0,-0.81,0.0
FE,2006-06-06,22.546987877458218,22.705407198689727,22.230147601688458,22.67543601989746,1880700,19.205006688373178,19.283428440301908,18.54642514046016,17.156467541804137,16.469126209891133,1.27,97.0,-0.85,-0.03
FE,2006-06-07,22.649734112010385,22.850968818481228,22.52128441146015,22.78246307373047,1789300,18.318068241241832,19.266807029511117,18.537253673755785,17.162277020029602,16.459994032772187,1.28,96.0,-0.88,-0.03
FE,2006-06-08,22.756776875257753,22.987982767714648,22.645454007310022,22.86381721496582,2016800,18.305661117406615,19.08517301953534,18.54115559123145,17.125629417637505,16.442396783426336,1.28,96.0,-0.89,-0.03
FE,2006-06-09,22.799588748581204,23.095019451417834,22.735363901600945,23.00510597229004,1608500,16.600977794161402,18.998132713429012,18.44836867138001,17.091830873460715,16.45093273338929,1.28,91.0,-0.86,0.01
FE,2006-06-12,23.00510079749904,23.36475626641466,22.95800280474855,23.313377380371094,2385400,16.820199685440603,18.978199593235665,18.522455731537956,17.117019389070165,16.491588347646356,1.29,94.0,-0.7,-0.03
FE,2006-06-13,23.339079484764238,23.339079484764238,22.649740935121542,22.799596786499023,2523200,17.893287557001216,19.568043793532325,18.84644214607003,17.2902408529497,16.650085240336455,1.29,100.0,-0.77,-0.08
FE,2006-06-14,22.799591119880617,22.86381597354066,22.27295287310825,22.392837524414062,2130000,16.83090410552581,19.785115912556634,18.945180819779615,17.42462763793879,16.701902613704124,1.3,100.0,-0.84,-0.1
FE,2006-06-15,22.4955907849659,22.57694082839324,22.354296799043986,22.504154205322266,1756700,16.81116367381089,19.602942684459833,18.94175303091387,17.380233321017982,16.70582096221142,1.31,99.0,-0.91,-0.1
FE,2006-06-16,22.452774697273696,22.718235840394456,22.452774697273696,22.64116668701172,1686100,16.87494649510739,19.6319580979926,18.899983946433046,17.39324884579219,16.71168402152339,1.31,98.0,-0.97,-0.08
FE,2006-06-19,22.63688978146227,22.68398779059274,22.251545552160604,22.35430335998535,975100,16.78540114059729,19.8126605341255,18.52374338235813,17.37005751233093,16.44882251839909,1.32,90.0,-1.02,-0.11
FE,2006-06-20,22.328621125430583,22.688276822528337,22.264396252149908,22.68399429321289,1471300,17.296195834679835,20.012548778463206,18.657354868096327,17.454220497734546,16.494172421873674,1.32,96.0,-1.08,-0.18
FE,2006-06-21,22.713952016038313,22.919469202218774,22.641165393837184,22.81671142578125,1405200,17.327933867456398,19.883161143843616,18.66620961070205,17.46611189055879,16.49791229992554,1.32,96.0,-1.12,-0.18
FE,2006-06-22,22.769619990880997,22.769619990880997,22.40568350841576,22.57266616821289,1144300,17.641025867322803,19.93203158735146,18.713568058040806,17.514163789325686,16.52385676722141,1.33,96.0,-1.17,-0.2
FE,2006-06-23,22.521286987259877,23.017954101834015,22.521286987259877,22.65829849243164,1005000,17.38239567838024,19.17091600381199,18.713579998454357,17.25094337763535,16.49821484081877,1.33,96.0,-1.2,-0.2
FE,2006-06-26,22.662564230063467,22.940869562482472,22.662564230063467,22.825265884399414,832700,17.42657175186927,18.958601422797816,18.73971346736327,17.232028665615466,16.497897391091694,1.33,96.0,-1.23,-0.22
FE,2006-06-27,22.765339493516443,23.039364145117393,22.517006745676426,22.60692024230957,928300,16.927571526269173,18.471969953628065,18.580922689837085,17.251375716912555,16.52665929560208,1.33,88.0,-1.25,-0.18
FE,2006-06-28,22.658300231489488,23.047928668777093,22.641175017008116,22.9580135345459,1142100,17.28425936697074,18.68050873369606,18.62687106869652,17.192688574780185,16.496134459600594,1.33,91.0,-1.26,-0.2
FE,2006-06-29,23.00939036639971,23.313384515714443,22.975136676350022,23.2448787689209,1326800,17.174082203459644,18.582491067389277,18.664115245922623,17.245548407468096,16.538905164403054,1.33,92.0,-1.23,-0.22
FE,2006-06-30,23.24488220463405,23.351922551901687,23.17209391917289,23.210628509521484,1202600,17.180495594784286,18.54516595827024,18.53945608506456,17.182337024057563,16.49521247002047,1.33,83.0,-1.22,-0.16
FE,2006-07-03,23.35620880126953,23.416151148151503,23.1977895083234,23.35620880126953,424700,17.188962638032397,18.43359713909472,18.54250763272973,17.07907644832787,16.46257720320858,1.33,84.0,-1.18,-0.17
FE,2006-07-05,23.360484289910914,23.561719017604187,23.18065567015914,23.197782516479492,1346200,16.98984223274752,18.003997039733555,18.532146483357707,17.10233425600065,16.472497777881955,1.32,80.0,-1.18,-0.16
FE,2006-07-06,23.1635345578741,23.227759430821038,22.893794011432245,23.017959594726562,1264300,15.920881853255919,18.0936491489329,18.584505902083013,17.100813329500067,16.460043234322303,1.32,86.0,-1.19,-0.18
FE,2006-07-07,23.017942126052148,23.13782835568248,22.953718935151556,23.009380340576172,1313900,15.921933917206529,18.039446852805995,18.55285442218939,16.965672987425844,16.447503943958814,1.32,84.0,-1.21,-0.17
FE,2006-07-10,23.077896869930218,23.266287271463426,22.97085653497378,23.227752685546875,677900,16.06054061672065,18.020419909860458,18.594686911189047,16.984258871634054,16.42164917313583,1.31,88.0,-1.2,-0.19
FE,2006-07-11,23.176366578179145,23.253435726056836,23.047918542818127,23.189210891723633,1533000,15.990257107335573,17.9745121327,18.365722937837482,16.64014375314177,16.380100087037157,1.31,65.0,-1.23,-0.12
FE,2006-07-12,23.193498852641085,23.25772370654483,22.983700712059818,23.013671875,1144200,15.543385891824935,17.944836403542634,18.30019583031165,16.658448437660564,16.397849727592245,1.3,60.0,-1.24,-0.08
FE,2006-07-13,22.970856965943938,23.31766661239373,22.970856965943938,23.022235870361328,1685700,15.327917010386274,17.160165421683015,18.033673091519194,16.614290036884285,16.397619472625,1.3,50.0,-1.25,0.01
FE,2006-07-14,22.987980427590205,23.262005041324784,22.90234947118556,23.069332122802734,1489000,15.331551725202214,17.160623433595486,18.03439707980751,16.612188861952376,16.38597443910032,1.29,50.0,-1.26,0.01
FE,2006-07-17,23.065051907455707,23.253443950367657,23.05220758936842,23.197782516479492,971800,15.26520001728845,17.10666665140423,17.901325626641782,16.5875992502024,16.384760567348046,1.29,48.0,-1.27,0.08
FE,2006-07-18,23.12071022243312,23.35619861100046,23.06076790170388,23.2405948638916,1422500,15.04642966861279,17.105132246805375,17.733842219154937,16.584200235454265,16.383337802174086,1.28,44.0,-1.27,0.15
FE,2006-07-19,23.270562907026164,23.822891302567776,23.270562907026164,23.762948989868164,1945300,16.06089205986766,17.55940133897747,17.984782162929854,16.726938141125228,16.52177937559192,1.28,48.0,-1.19,0.09
FE,2006-07-20,23.356202607393126,23.822898570032777,23.334794865370505,23.728702545166016,1667900,16.055089438728203,17.122809538311227,17.892884450950373,16.680259137837787,16.517535091493105,1.28,46.0,-1.16,0.15
FE,2006-07-21,23.95134199826274,24.088353480533588,23.467520916065055,23.651630401611328,2548300,16.095159902139343,17.14524996318886,17.902034886425582,16.43311744402469,16.499055216507422,1.27,47.0,-1.16,0.15
FE,2006-07-24,23.664478203548857,23.912810939255642,23.527466701095605,23.891403198242188,1553500,16.241366218376978,16.2963213691879,17.957145139856863,16.464672148776863,16.50335413092421,1.27,47.0,-1.11,0.11
FE,2006-07-25,23.89141073064789,23.93850875570997,23.63451449088113,23.857158660888672,1700100,15.848130518853388,16.27315912686657,17.956669507217175,16.466730847541854,16.45484149514011,1.25,46.0,-1.09,0.11
FE,2006-07-26,23.750114116732142,24.041264008420082,23.750114116732142,24.002729415893555,1852900,14.321528795795658,16.074811721738836,17.973639427636343,16.472815153877878,16.463140818846902,1.24,47.0,-1.06,0.1
FE,2006-07-27,24.058385107824066,24.216805979612303,23.73726410280786,23.741546630859375,2182600,13.605167235062654,15.206184677436466,17.590053658986015,16.529760410950786,16.386658581794368,1.23,37.0,-1.05,0.07
FE,2006-07-28,23.887122369951758,24.25105886811288,23.814334090335965,23.998443603515625,1885800,13.819014714939232,15.284535240303962,17.648103900259024,16.567402007085438,16.418333850036774,1.22,37.0,-1.02,0.02
FE,2006-07-31,23.92992799477413,24.109756538985756,23.87426658426752,23.977025985717773,1762100,13.794405280068561,15.292869709127018,17.64930582713446,16.5551243494587,16.41133804620896,1.21,37.0,-0.99,0.03
FE,2006-08-01,24.255338442193544,24.606430579611597,23.942779254030537,24.435165405273438,3416000,13.923367229917075,15.447936327148003,17.742415165304955,16.671811948993213,16.430227834481848,1.2,38.0,-0.88,-0.02
FE,2006-08-02,24.59786781247154,24.59786781247154,24.11404507039456,24.21680450439453,1419400,13.885151132495452,15.598852687014325,17.817007772004967,16.67519305911008,16.41127892260526,1.19,40.0,-0.85,-0.05
FE,2006-08-03,24.277217521216834,24.462803493535805,24.130475162787977,24.24268913269043,907300,13.844807427234443,15.586388386887567,17.79889819950364,16.670441487214767,16.39218017181742,1.17,39.0,-0.82,-0.04
FE,2006-08-04,24.471445078844713,24.64839902264145,24.341966864477193,24.61387062072754,1341000,13.80689877690188,15.842183786579259,17.81838105046072,16.74953055338336,16.45250397445619,1.15,40.0,-0.75,-0.04
FE,2006-08-07,24.609555686306212,24.61387091339435,24.02258601802905,24.026901245117188,1530400,15.866668406229351,16.527947718964363,18.201593329720165,17.017839031067815,16.618990881400382,1.14,53.0,-0.78,-0.02
FE,2006-08-08,24.113218820768726,24.56639336612265,24.044163667632933,24.38512420654297,1201900,16.229730607674433,16.717492191795394,18.216317538614188,17.04793739234364,16.635664426269265,1.11,55.0,-0.8,-0.03
FE,2006-08-09,24.54481993428194,24.579348342485392,24.32470709440284,24.359233856201172,844500,15.87412659029602,16.37163781293865,18.218343084830817,17.047514349646285,16.570972535276372,1.08,55.0,-0.83,-0.03
FE,2006-08-10,24.341957426501754,24.41101255715038,24.13479038815169,24.24268913269043,1390900,15.52112139705116,16.32587869857084,18.13235409497132,17.052677824959197,16.579843677732697,1.05,50.0,-0.85,0.01
FE,2006-08-11,24.1822851358687,24.272921403898792,24.130494158712562,24.255657196044922,1077100,15.194395218221409,16.07717740894308,17.99137282166847,17.048856084750437,16.56742365723429,1.02,44.0,-0.86,0.07
FE,2006-08-14,24.37649257749844,24.428283531749585,24.19522341441705,24.203855514526367,1615400,15.206584173164755,16.08757675943165,17.998633028898332,17.034503883269476,16.55209644864928,0.99,44.0,-0.88,0.07
FE,2006-08-15,24.68724239649367,24.68724239649367,24.21248675351208,24.329017639160156,2178500,15.179493730887906,16.077407825466278,17.994225964838037,17.039444565559855,16.55769223744674,0.96,43.0,-0.88,0.07
FE,2006-08-16,24.4196554674573,24.445550123914234,24.121853746963243,24.15206527709961,1616200,15.20323104118035,15.991397618801386,18.043073461617436,17.01529764538094,16.517161687284734,0.92,46.0,-0.88,0.04
FE,2006-08-17,24.16932527074579,24.203853668549648,23.949212497162392,24.09595489501953,2182700,14.999520023597313,15.337919337843378,17.9491647175364,16.993371654703587,16.515174840194195,0.88,36.0,-0.87,0.09
FE,2006-08-18,24.09164751320447,24.247022071723727,24.02690756501969,24.23838996887207,1538000,15.040502053681825,15.364497023308088,17.891467598666367,16.999019428356544,16.509934845121524,0.82,32.0,-0.86,0.11
FE,2006-08-21,24.234067814875633,24.337649726682624,24.14774845743327,24.173643112182617,1322800,14.910178215967546,15.364407874358127,17.404828170674485,17.00497515031284,16.50865041476834,0.78,20.0,-0.86,0.15
FE,2006-08-22,24.203856299527605,24.337649739549438,24.152063697191924,24.329017639160156,1204700,14.952815511084024,15.357657882910289,17.250752922357282,17.00701345348017,16.493632898746622,0.74,19.0,-0.84,0.22
FE,2006-08-23,24.23839017849756,24.341973767207996,23.9794336763294,24.022592544555664,1088900,15.29268630518908,15.288839459223485,16.989168348421046,17.063025443164978,16.51904461076348,0.72,11.0,-0.82,0.22
FE,2006-08-24,24.11754382175944,24.31176201990851,24.057120748203122,24.23838996887207,1154100,15.442175527157728,15.270037900867376,17.023021712359693,17.08619554069133,16.537916735821394,0.7,12.0,-0.81,0.19
FE,2006-08-25,24.152065133378006,24.3937590194356,24.152065133378006,24.38081169128418,795200,15.488726927925766,15.29795410440581,16.88294105047381,17.0692578190026,16.49072903777479,0.68,9.0,-0.78,0.27
FE,2006-08-28,24.298812557274942,24.432607679196323,24.229757382245737,24.277233123779297,1492700,15.54542130872566,15.284743229047134,16.874030834429558,17.035489420910974,16.48920757576215,0.67,8.0,-0.75,0.28
FE,2006-08-29,24.29881374292033,24.41102943682156,24.147756054674815,24.34197425842285,1314600,15.548735936807212,15.172707478773184,16.789517477606,16.9964949489586,16.473250110726426,0.65,7.0,-0.72,0.33
FE,2006-08-30,24.346286526327436,24.510293172483603,24.20386095850099,24.359233856201172,721000,14.25857193175343,15.068744961370149,16.461387173275043,16.974169655398878,16.469488444245563,0.65,4.0,-0.73,0.43
FE,2006-08-31,24.43261471186122,24.674307070829364,24.406718396369325,24.626832962036133,1109000,14.535479533498968,15.184103557081427,16.51324104065539,16.98266557980246,16.489233432721008,0.65,4.0,-0.72,0.39
FE,2006-09-01,24.773569759861108,24.816728629350017,24.622510423839252,24.661354064941406,1408000,14.472958677742836,15.176778036513106,16.474664992133764,16.86129229764203,16.41721385195809,0.65,3.0,-0.74,0.42
FE,2006-09-05,24.80808988821401,24.80808988821401,24.354915294216077,24.47576141357422,1943700,14.455284364733684,15.247779020883833,16.481628928468496,16.830886843567225,16.43701368197974,0.65,4.0,-0.74,0.42
FE,2006-09-06,24.471442406603277,24.47575763316889,24.19522180707412,24.21248435974121,962300,14.83234219345871,15.219613462427157,16.5633941961662,16.887743383878515,16.459852709312482,0.65,6.0,-0.77,0.38
FE,2006-09-07,24.212481814266667,24.35059209951162,24.134794573015824,24.169322967529297,1074200,14.749707206921073,14.462307580285849,16.488549781116053,16.83465802181101,16.45852124637413,0.65,4.0,-0.89,0.42
FE,2006-09-08,24.16932852025852,24.234068451642578,24.009638774957313,24.074377059936523,1238300,14.424815873798934,13.95240702880353,15.997026197476538,16.840446739784625,16.45052986260616,0.67,1.0,-0.89,0.45
FE,2006-09-11,24.074368752328088,24.415329200002766,23.996681520037548,24.389432907104492,1416900,14.57754086708816,14.140883853841704,16.104432739493518,16.84244620621117,16.464297076705037,0.69,2.0,-0.9,0.37
FE,2006-09-12,24.38944482186586,24.41534112741503,23.819739271024826,23.862899780273438,1910100,15.953606474104223,14.878746292721246,16.472066411374925,17.020476498327625,16.577052319189615,0.7,4.0,-0.87,0.33
FE,2006-09-13,23.81541506143702,24.143426575993153,23.763624116276464,24.12184715270996,1749900,15.267413737872971,14.739468386071339,16.542829848363223,17.04937988613481,16.60027069296479,0.71,9.0,-0.86,0.28
FE,2006-09-14,24.272907253492086,24.42396486813753,23.94057885486759,23.996685028076172,895200,15.122322233933568,14.530041703865404,16.536867064306485,17.062120509519104,16.609834407507886,0.72,9.0,-0.86,0.29
FE,2006-09-15,24.182270292269614,24.41533201602215,24.108899923535187,24.169322967529297,1761100,15.273039130802058,14.551811868355275,16.298409095795243,17.06480442945067,16.607689316663716,0.73,3.0,-1.03,0.38
FE,2006-09-18,24.165006591617498,24.333328390850554,24.065738285316804,24.272905349731445,1329800,14.637433686260543,14.359807687058069,16.293251190503685,17.05414120392782,16.60036353636206,0.75,3.0,-1.23,0.38
FE,2006-09-19,24.272905198776655,24.32469614135603,23.98373567269936,24.07005500793457,1658900,13.050184791853095,14.4828674530115,15.760834989284985,17.076816920965975,16.62150724186483,0.78,1.0,-1.25,0.25
FE,2006-09-20,24.083005328785312,24.186588873238023,23.927630835308538,23.931947708129883,1236600,12.375090579251872,14.486899289900169,15.781248987672795,16.92532459298465,16.601845503851717,0.81,2.0,-1.29,0.23
FE,2006-09-21,23.888793160200297,23.931953667137716,23.67299556472819,23.750682830810547,1840200,12.539266834748528,14.431034803376447,15.722219313337,16.922423858493342,16.585738031369075,0.84,1.0,-1.46,0.27
FE,2006-09-22,23.750681482476587,23.919003333964348,23.67731109445573,23.759313583374023,1262600,12.486995760067888,14.107182187094534,15.03071478753458,16.922206448642974,16.55434717551853,0.88,1.0,-1.46,-0.01
FE,2006-09-25,23.854267164739348,24.307441800457966,23.78089512379926,24.199542999267578,1248900,13.650964108110717,14.370365541969354,15.265246391384077,17.018819236813385,16.62209309033105,0.92,2.0,-1.49,-0.05
FE,2006-09-26,24.22112227172055,24.281545336566946,24.074379837205708,24.104591369628906,765100,13.684346138462141,14.394831854580325,15.285224003725496,17.020005239395296,16.626350577672703,0.95,3.0,-1.52,-0.07
FE,2006-09-27,24.100277850301076,24.540505185049742,23.9751148377303,24.48871421813965,1415300,14.373410666177211,14.684626373867529,15.29653604057723,17.11135717412174,16.658663283509163,0.98,4.0,-1.51,-0.07
FE,2006-09-28,24.493028485390376,24.58366308552949,24.329021842468347,24.3980770111084,914000,14.247303339126452,14.629807380478072,15.314052174064521,17.113927176508305,16.663868111526227,1.01,5.0,-1.5,-0.09
FE,2006-09-29,24.36786030067019,24.488708054919464,24.078692357926563,24.108903884887695,918100,14.66851838326091,14.758111267194604,15.43828205411022,17.166391851819327,16.644113285153956,1.03,6.0,-1.48,-0.17
FE,2006-10-02,24.272918681525766,24.773569128298373,24.165019864148867,24.60524559020996,1692500,15.734693880887338,15.292438898428056,15.749349220321163,17.322766769233727,16.76320394008897,1.05,8.0,-1.46,-0.22
FE,2006-10-03,24.600923388937243,25.023886435599515,24.436916772017643,24.816720962524414,1892900,15.873881955931953,15.272857377169377,15.69284720346597,17.281499913953102,16.782278151077847,1.07,7.0,-1.43,-0.17
FE,2006-10-04,24.821032599659716,24.980723966429196,24.721765927735344,24.790821075439453,1822900,15.794949117243911,15.268614915730772,15.676264946236993,17.261651008360456,16.782356858170136,1.08,7.0,-1.43,-0.16
FE,2006-10-05,24.79514193255073,24.915988048850274,24.764930403475848,24.88577651977539,670500,15.303736782661046,15.16936959648138,15.446454447023678,17.245353477260778,16.581756747269885,1.1,7.0,-1.38,-0.09
FE,2006-10-06,24.885775544857687,24.90303974548267,24.596607593210752,24.652713775634766,863000,15.418359349400937,15.326659329053555,15.471458589716198,17.20460354186713,16.58249155985186,1.12,8.0,-1.36,-0.13
FE,2006-10-09,24.747677657253984,24.79946863872584,24.501668437255642,24.540512084960938,1083600,15.40324723368296,15.369753731656932,15.347352384273188,17.20706230926029,16.575346217630614,1.14,6.0,-1.33,-0.06
FE,2006-10-10,24.54050340047559,24.898726561294538,24.52323919729262,24.8814640045166,1479700,15.83038663453593,15.565019201483866,15.479050560570947,17.24072867213378,16.514198212159503,1.16,10.0,-1.29,-0.12
FE,2006-10-11,24.881461376920214,25.075677879800857,24.751981513126637,24.933252334594727,938300,15.825380591433296,15.565530672934175,15.463422999355899,16.93348625396494,16.511360488816962,1.17,9.0,-1.24,-0.1
FE,2006-10-12,24.933252334594727,24.98936016581162,24.80808934434353,24.933252334594727,883100,15.82706881421714,14.935102515345978,15.347126903769368,16.933511555583934,16.462379348705657,1.19,6.0,-1.19,-0.05
FE,2006-10-13,24.9332568450471,25.058419857940418,24.85988479919734,25.02389144897461,866900,15.559494214894832,14.938723654238862,14.944284110946079,16.9316350964585,16.37811910757025,1.21,1.0,-1.17,0.0
FE,2006-10-16,25.075686112353093,25.10158242289475,24.734727078784314,24.941892623901367,904700,15.595956703736286,14.939066359233125,14.959552266590546,16.911958515040876,16.382874752257294,1.23,2.0,-1.14,-0.02
FE,2006-10-17,24.95051237556155,25.196521441500593,24.907351879358906,25.174942016601562,1104300,15.616147764551991,14.919236024723364,15.000867373176044,16.93625241108891,16.381941993417257,1.25,3.0,-1.09,-0.04
FE,2006-10-18,25.3130574090669,25.528854994322696,25.265581676885837,25.41663932800293,710600,15.39831886325939,15.016339438355178,15.032951782833381,16.964962717756784,16.302269543202367,1.26,5.0,-0.98,-0.06
FE,2006-10-19,25.433898986978154,25.459795285289044,25.21810144026794,25.326000213623047,1243200,15.44131479427647,15.008633866570797,14.845557379359601,16.827736475878517,16.299071055830495,1.28,1.0,-0.95,0.03
FE,2006-10-20,25.412324033194903,25.42095613415079,25.24831740784289,25.382112503051758,1136600,15.35378537192598,14.806324488932043,14.784132845768793,16.767541817922694,16.040781860093514,1.3,1.0,-0.89,0.06
FE,2006-10-23,25.386428273493312,25.550434902354397,25.17494755796647,25.533170700073242,904600,15.03761075791471,14.70464316015812,14.802547167097476,16.746740069985798,16.038138108401768,1.32,2.0,-0.81,0.05
FE,2006-10-24,25.58928083500037,25.64538702785118,25.37348322629854,25.60222816467285,1393600,13.308583073943044,14.702982763548805,14.7697571388226,16.667906244497203,16.007028115803106,1.33,1.0,-0.73,0.07
FE,2006-10-25,25.602228058855683,26.0726669097375,25.602228058855683,25.865501403808594,1436600,13.278530726897253,14.356371312658819,14.766535828212696,16.69324787397592,16.03145710207542,1.35,1.0,-0.6,0.09
FE,2006-10-26,25.8309703009115,25.874130805812886,25.511590796665832,25.727388381958008,881100,13.286076155975982,14.268334638192323,14.742423019399922,16.678642773685155,16.0189475478739,1.36,1.0,-0.53,0.09
FE,2006-10-27,25.641064883835693,25.826650908972866,25.524534009000398,25.692855834960938,1011100,13.245197294540784,14.276459167978754,14.737716107265062,16.680823210540428,16.017915962092932,1.37,1.0,-0.49,0.09
FE,2006-10-30,25.835286617650695,25.874130248022098,25.39074412838177,25.420955657958984,1350100,13.722954966247341,14.158105495155723,14.85180235649874,16.71832313365542,16.02652341508491,1.38,8.0,-0.49,0.01
FE,2006-10-31,25.52885387075751,25.632435785134735,25.35621515158901,25.39937400817871,1616500,13.419314731319968,13.196413659733071,14.832200342811902,16.71624869303571,15.990738412384363,1.39,7.0,-0.49,0.02
FE,2006-11-01,25.42094839823952,25.645376369176685,25.382104778961086,25.597902297973633,1203300,13.331195809703953,12.957607567477888,14.74102244992412,16.59078724656157,15.8158663061925,1.4,2.0,-0.5,0.06
FE,2006-11-02,25.524539802835097,25.70149376855087,25.39937680000064,25.442537307739258,1083400,13.240883638622252,13.029341295375035,14.309538579226658,16.54119623476218,15.8301483160216,1.41,1.0,-0.49,0.01
FE,2006-11-03,25.44253278626129,25.546913137939054,25.059807042202028,25.17288589477539,1767900,13.755559675741132,13.189727329983583,14.106025238403436,16.43895947932459,15.873056146847212,1.42,1.0,-0.5,-0.0
FE,2006-11-06,25.29032046686728,25.516474919141746,25.198987010640025,25.45123863220215,1063800,13.14316359828366,13.359760569886081,14.179679550192951,16.481519194348834,15.900941399844438,1.43,2.0,-0.51,-0.05
FE,2006-11-07,25.47297660972739,25.746973580118713,25.425135684524367,25.490373611450195,1680800,13.035366254128435,13.346441169667825,14.158543946655143,16.393735654893412,15.89726432719366,1.44,2.0,-0.5,-0.03
FE,2006-11-08,25.499076764401472,25.903548003367398,25.438188906332574,25.79916763305664,813100,12.727101616262642,13.514544471133647,14.084177751401608,16.342345397849215,15.933794872345835,1.45,1.0,-0.55,-0.01
FE,2006-11-09,25.516469250761478,25.720879887716972,25.346852619700332,25.620849609375,1266300,12.880568584760098,13.505221583803001,13.985283796795777,16.327444685045112,15.943513363207378,1.47,1.0,-0.56,0.03
FE,2006-11-10,25.70347733487956,25.7469698328566,25.616495657063798,25.65998649597168,1019200,12.223917532525835,13.487961215207871,13.965795933617583,16.269137404349266,15.930523630366164,1.48,1.0,-0.56,0.05
FE,2006-11-13,25.65998649597168,25.729572833665785,25.62084407732692,25.65998649597168,726300,10.931410232646837,13.45155833262402,13.835735713555328,16.267592462820435,15.901571111023175,1.49,1.0,-0.6,0.13
FE,2006-11-14,25.746978384955757,25.746978384955757,25.559964729209046,25.594757080078125,1469600,10.772055062297667,13.450093713684156,13.843069105833091,16.270122285038298,15.90241670177048,1.5,2.0,-0.65,0.12
FE,2006-11-15,25.638247402369213,25.65129432544688,25.285965547646157,25.290315628051758,2243400,11.40141871492329,13.657285401443453,13.964458993841358,16.338973718042162,15.954139797126324,1.5,3.0,-0.66,0.06
FE,2006-11-16,25.451239136905375,25.633902734842366,25.399049774504793,25.49472999572754,823100,11.567779236233584,13.452816350263468,13.903324256187922,16.36012907295119,15.969524841313417,1.51,3.0,-0.76,0.1
FE,2006-11-17,25.442551058656566,25.581723854798785,25.351219222263975,25.50343894958496,1051400,11.15746508744092,13.350766759185836,13.715846179198168,16.067461774179208,15.933283524950786,1.51,1.0,-0.78,0.19
FE,2006-11-20,25.433842286202786,25.533872589365025,25.329463560759546,25.43819236755371,905200,11.083606587774302,13.327289042041249,13.60555234451282,16.06906819654849,15.935655574096758,1.52,1.0,-0.79,0.27
FE,2006-11-21,25.44252409367741,25.65998156456354,25.44252409367741,25.612140655517578,1152700,10.56649093059074,13.344269646376263,13.632309424150527,16.08191910770922,15.939302737326667,1.53,2.0,-0.8,0.24
FE,2006-11-22,25.594746479701087,25.733919143676758,25.56430256314822,25.733919143676758,914600,10.618991606437683,13.362859370119937,13.61956411190004,16.013339672727874,15.940720636689779,1.53,2.0,-0.8,0.26
FE,2006-11-24,25.538217169994258,25.742626154571727,25.538217169994258,25.64694595336914,392100,10.693250864536754,13.392023335804348,13.580622472630962,16.019084322899268,15.932153283660316,1.54,1.0,-0.8,0.29
FE,2006-11-27,25.690443693733986,25.760030067395455,25.42079670317955,25.60346031188965,1452600,10.688321739338646,13.23567674632868,13.514613549302087,16.009878938566587,15.933021417585161,1.54,1.0,-0.83,0.34
FE,2006-11-28,25.594752458296977,25.825258584843446,25.51646760914073,25.642593383789062,1354800,10.620821595859592,13.23600929070596,13.512835557491085,15.933956886682335,15.892920809656788,1.54,1.0,-0.88,0.34
FE,2006-11-29,25.7208828961281,26.068814700419388,25.646948113559198,25.951387405395508,1440400,10.829945265219406,13.323616682624689,13.558467271760183,15.94085757124883,15.909658041665395,1.54,3.0,-0.88,0.31
FE,2006-11-30,26.042718964170096,26.09925673765856,25.868752245100506,26.02532196044922,1024100,10.540778970760178,13.09952015082763,13.55390568771733,15.867176170746378,15.907793316630888,1.55,3.0,-0.89,0.32
FE,2006-12-01,26.081870783485464,26.325422286987305,26.0427283405555,26.325422286987305,1225200,10.895172530188606,13.2509981349758,13.578375245160565,15.915316188654002,15.941533506690043,1.55,5.0,-0.89,0.3
FE,2006-12-04,26.42109173687083,26.52982050945055,26.35150538878259,26.408044815063477,860200,10.905209980518716,13.207988327842815,13.58041763389484,15.847813993822909,15.935592992523201,1.55,6.0,-0.9,0.3
FE,2006-12-05,26.473281859404025,26.673344067709557,26.373251584785987,26.660295486450195,983600,11.084241309311043,13.097421776960228,13.641351417778521,15.789929183107759,15.940538660327514,1.55,11.0,-0.82,0.26
FE,2006-12-06,26.660300914562832,26.760331209547324,26.434144815831456,26.46893882751465,1059900,11.354731418827063,12.304809254042379,13.693815735295331,15.82088545715302,15.960677307436097,1.55,12.0,-0.84,0.21
FE,2006-12-07,26.48632295180794,26.634194111405204,26.186230553733765,26.212326049804688,868900,11.435849918875531,12.378074564594238,13.805573033072086,15.864537402492482,15.978048440169,1.55,14.0,-0.93,0.13
FE,2006-12-08,26.27756976635444,26.338459274484187,26.038366791159238,26.17319107055664,1252000,11.319928114541474,12.316963152950168,13.393465895653197,15.865951839096503,15.945073013186327,1.55,1.0,-0.97,0.13
FE,2006-12-11,26.177551020259678,26.342819296971776,26.173202597298655,26.325422286987305,709200,11.403860384194806,12.29297296270491,13.40964591083236,15.811712256990107,15.921612876617832,1.55,2.0,-1.0,0.12
FE,2006-12-12,26.421094339636824,26.52982312292751,26.316713977687154,26.490680694580078,1508700,10.97302808101286,12.31928747573178,13.417158551676458,15.778713539124892,15.912944564444413,1.55,3.0,-1.01,0.12
FE,2006-12-13,26.40805394168412,26.521131174255963,26.360212999764116,26.442846298217773,968300,10.9933892685041,12.16740193429128,13.347806527230551,15.469582026575601,15.8915027021697,1.55,1.0,-1.02,0.16
FE,2006-12-14,26.503728019924477,26.625505387225587,26.416746319227446,26.455888748168945,1131000,10.823814852000076,12.073847148208879,13.342310390638609,15.363081137052575,15.798911816978384,1.55,1.0,-1.05,0.17
FE,2006-12-15,26.83427093346794,26.83427093346794,26.31672073039948,26.46459197998047,2254700,10.611263221153575,11.922094986370308,13.318126793381868,15.111993350236583,15.75309679213142,1.54,1.0,-1.07,0.19
FE,2006-12-18,26.547210834427496,26.682033416713086,26.41238659307292,26.51241683959961,845200,9.986196378343157,11.918318142676474,13.180799120738673,15.10790083045436,15.753326238393752,1.55,1.0,-1.09,0.29
FE,2006-12-19,26.44284229515913,26.699442314645506,26.377606014383105,26.664649963378906,856700,9.672995903092593,11.44152634175065,13.110915516949163,15.018500801179972,15.716746212740459,1.55,1.0,-1.09,0.33
FE,2006-12-20,26.66464405611235,26.821212090730675,26.62115155282724,26.62550163269043,784100,9.712574228986414,11.401588082427748,13.113412647731629,15.000723494027588,15.716086660711792,1.55,2.0,-1.1,0.33
FE,2006-12-21,26.577670113587907,26.63420955833135,26.286276045205497,26.399354934692383,999700,9.592887196445728,11.200575767746876,12.88283696849204,14.993939757053287,15.699006271186855,1.55,1.0,-1.15,0.33
FE,2006-12-22,26.39936165292143,26.503740406166006,26.28628273465771,26.390663146972656,984700,9.319129781983495,11.157989792357174,12.78904938332593,14.797127367859925,15.672354377426537,1.55,1.0,-1.18,0.41
FE,2006-12-26,26.338458254187557,26.58635972094097,26.24712482506573,26.481979370117188,484400,9.345541658854332,10.819027878841558,12.795646946350134,14.789194717016919,15.66529711468116,1.55,2.0,-1.21,0.41
FE,2006-12-27,26.58201298913095,26.721185701712553,26.486332786149593,26.53417205810547,513900,9.3437216690796,10.084591392894355,12.589695633956119,14.767930703416607,15.664252273301054,1.54,1.0,-1.25,0.51
FE,2006-12-28,26.468931557347624,26.577660325388603,26.299314944654785,26.36020278930664,806300,9.551844536338146,10.093675465726166,12.000974115277108,14.758535186643181,15.670903772853546,1.54,1.0,-1.27,0.06
FE,2006-12-29,26.260181587380227,26.329767956586405,26.16449970757052,26.225387573242188,1032300,8.931807798892764,10.163540363360928,11.830332962268091,14.757430750032313,15.670351161987467,1.55,1.0,-1.29,0.12
FE,2007-01-03,26.29061350907561,26.629846696589762,26.207978592785334,26.29496192932129,1481300,8.706731584201796,10.152149718467793,11.830712003242352,14.708840933476477,15.661089927916816,1.55,2.0,-1.31,0.12
FE,2007-01-04,26.290614237197218,26.477627835254676,26.20363089825225,26.26451873779297,845700,8.727868359647186,9.932087209552055,11.801248487974911,14.389850352844856,15.532682740739192,1.54,1.0,-1.32,0.15
FE,2007-01-05,26.264509504007336,26.264509504007336,25.616487257783675,25.70781898498535,1370900,10.8476545010397,10.89400436484286,12.317384808475385,14.636867397664998,15.668455082969288,1.53,5.0,-1.31,0.32
FE,2007-01-08,25.65998649597168,25.868745509053998,25.533860740441998,25.65998649597168,2231600,10.688746191108885,10.56207934735537,12.315913691576448,14.609105009820434,15.670515198728685,1.52,5.0,-1.3,0.32
FE,2007-01-09,25.729578609622987,25.78176795984211,25.377296762737462,25.54691505432129,1510600,10.669811914262556,10.60475279267356,12.31918913850497,14.622958990171139,15.653425730731508,1.5,7.0,-1.28,0.31
FE,2007-01-10,25.48602602898078,25.603453313512887,25.438186758159162,25.516469955444336,1397600,10.632555524908437,10.6095137094256,12.258907553397776,14.603099481363458,15.648868125159145,1.49,5.0,-1.25,0.37
FE,2007-01-11,25.5643281781252,25.64696317076942,25.45125089749454,25.477346420288086,1355600,10.63063123833728,10.594854187449487,12.254825136969098,14.44584556703474,15.647883072778981,1.47,5.0,-1.22,0.38
FE,2007-01-12,25.399056494835786,25.464292800329893,25.125059366363537,25.220741271972656,1681100,10.999358826765123,10.784677520594304,12.340754658916296,14.498107419318911,15.680974947777685,1.45,10.0,-1.18,0.31
FE,2007-01-16,25.190283507652616,25.33380629676018,25.172888163363154,25.25117301940918,1129200,10.358135259054265,10.61877901118821,12.331536711748454,14.113429344094254,15.671173113323228,1.44,10.0,-1.14,0.32
FE,2007-01-17,25.26421891490354,25.438185623279423,25.15114171580786,25.372947692871094,1159100,10.435479656225844,10.481030565956548,12.314457931201089,14.111285504972699,15.675770731354763,1.43,7.0,-1.11,0.34
FE,2007-01-18,25.438188095094414,25.542566803006775,25.285966795706884,25.303363800048828,847100,9.770216628354987,10.47046014624802,12.145408417538373,14.045566472043959,15.6265195043262,1.42,5.0,-1.06,0.44
FE,2007-01-19,25.442536571138795,25.559963862093948,25.368601791131656,25.472980499267578,1037500,9.962921316968087,10.550794420931437,12.110732680665752,13.635987816886116,15.622096376655229,1.42,5.0,-1.02,0.47
FE,2007-01-22,25.472979859098114,25.63389799788754,25.264220789003005,25.299013137817383,1785600,9.554860327230521,10.572130235594098,12.135564205209812,13.653841702654779,15.623728801531408,1.41,6.0,-0.97,0.44
FE,2007-01-23,25.259877816841872,25.3251141070933,25.172894437436664,25.18159294128418,1572700,9.456357359668969,10.594705227190174,12.13955587965624,13.66885067911996,15.568552235246024,1.4,7.0,-0.93,0.44
FE,2007-01-24,25.23379318476038,25.48604326881525,25.19030064677114,25.477346420288086,1126800,9.893448603610503,10.65988320918388,12.266629632079182,13.620636376158817,15.6001042426397,1.39,11.0,-0.87,0.35
FE,2007-01-25,25.481678309004053,25.5730100909085,25.377297944634968,25.39034652709961,789900,9.918414079662027,10.627675922495783,12.281968411109805,13.629109965551425,15.576517066567682,1.39,12.0,-0.82,0.33
FE,2007-01-26,25.703482549955996,25.786117483343904,25.39904329769368,25.616500854492188,1790500,10.138931020279898,10.786407910676207,12.24141507876288,13.656197582270776,15.358229331643699,1.38,9.0,-0.78,0.35
FE,2007-01-29,25.70782793891814,25.781762698384405,25.620844600257854,25.70347785949707,2057400,9.99579395642129,10.579323748049028,12.24964711113675,13.659674131550439,15.36013809871265,1.37,10.0,-0.74,0.34
FE,2007-01-30,25.74697827743611,25.873104074332947,25.659994912022096,25.79916763305664,1346500,10.085078079481507,10.60162133038156,12.193563144385902,13.60153060291394,15.358762871189432,1.36,9.0,-0.68,0.4
FE,2007-01-31,25.79915867929561,25.9470298514589,25.751317761967908,25.803508758544922,1215900,10.081837490375097,10.4849638766977,12.057418206051187,13.590180184933033,15.338353104941818,1.35,5.0,-0.61,0.51
FE,2007-02-01,25.816564629540423,26.377605594254806,25.816564629540423,26.342811584472656,2020400,11.855731497436215,11.216561361088258,12.463344890917002,13.640067955786536,15.463307994398196,1.34,23.0,-0.55,0.5
FE,2007-02-02,26.399351551128255,26.529825772292796,26.32106668661558,26.46023941040039,1670600,11.918243484089203,10.99532117485418,12.45225814740122,13.606639274208598,15.465986895069427,1.33,23.0,-0.5,0.51
FE,2007-02-05,26.52602321230563,27.262733820116523,26.508482045429297,27.030319213867188,1562300,13.34739679736286,11.590093555017749,12.724146451778445,13.726609633775691,15.487602669702543,1.32,26.0,-0.41,0.59
FE,2007-02-06,27.12677246954979,27.14869807436728,27.03468392562646,27.13115692138672,1104800,13.367213885026999,11.603051368731762,12.191336677805854,13.727809243927535,15.443380064345542,1.3,10.0,-0.35,0.42
FE,2007-02-07,27.131165041028584,27.40743242829453,27.034692016396495,27.315343856811523,1179900,13.19064032898662,11.438608084544894,12.12797435650564,13.733991906028924,15.429955222855698,1.29,7.0,-0.23,0.47
FE,2007-02-08,27.315338366429575,27.710004310379023,27.27587160475297,27.69246482849121,1168300,13.673904382259176,11.611858234120673,12.243218833750056,13.74395460473686,15.420189428002951,1.27,14.0,0.01,0.38
FE,2007-02-09,27.898567541409843,28.21868608709048,27.626686334758013,27.69246482849121,2445700,13.669959911854399,11.614777335554042,12.210571158846683,13.491199130919066,15.41375736576954,1.25,13.0,0.17,0.42
FE,2007-02-12,27.70124765260159,27.885426523912475,27.639855253103768,27.74948501586914,1377000,13.67025168438828,11.61281706026952,12.202160557748869,13.490706723416787,15.388271203341441,1.23,13.0,0.29,0.44
FE,2007-02-13,27.867888017891907,27.885429183083286,27.72756204199606,27.819650650024414,1425700,13.456155673585895,11.587482088419335,12.103222974955873,13.48259822738807,15.38850131067906,1.22,6.0,0.38,0.51
FE,2007-02-14,27.88103813649321,28.13976273421861,27.87665200982355,27.995052337646484,1391800,13.352012230448548,11.288854036493852,12.071721977342884,13.479377588502539,15.38065073665133,1.21,6.0,0.49,0.52
FE,2007-02-15,27.995053382519835,28.078371391363977,27.77579387973469,27.832801818847656,1639400,13.549752231107185,11.312907110738921,12.04040276060211,13.378268051788583,15.393798776027538,1.21,5.0,0.43,0.54
FE,2007-02-16,27.727549736594977,27.824024429514797,27.59599440167867,27.657386779785156,2261000,13.73228887577337,11.423005845505156,12.104291807012482,13.369423280102888,15.300814547519003,1.21,9.0,0.3,0.49
FE,2007-02-20,28.17484245605486,28.17484245605486,27.810870925654818,27.964353561401367,1340600,12.104106338172949,11.563173078638128,11.899075412872566,13.420192435923061,15.276960068955622,1.2,4.0,0.28,0.51
FE,2007-02-21,27.83280330856299,27.96435868271196,27.530224107921285,27.70124626159668,1223200,12.550150249090516,11.72794617534486,11.994498024672021,13.457683952222101,15.190793564462208,1.2,5.0,0.18,0.44
FE,2007-02-22,27.705628924184165,27.946814025434247,27.635465955223832,27.793333053588867,926200,12.375998465718158,11.713741084894085,11.77414490113294,13.418243305170613,15.192211499692842,1.2,1.0,0.1,0.57
FE,2007-02-23,27.66178016015987,27.916120317992736,27.657394033249474,27.850341796875,963200,12.320452781859982,11.674110213347168,11.747677739918986,13.378850864692197,15.125216922786509,1.19,1.0,0.01,0.6
FE,2007-02-26,28.723000701318814,29.069431187589565,28.20554803577499,28.341487884521484,2381800,12.940476276248189,12.112075795242049,11.83076962930419,13.511490080157508,15.133666041244117,1.19,6.0,0.02,0.58
FE,2007-02-27,28.345869163692498,28.389720396532383,27.442521053779373,27.71001625061035,1853400,14.487372814525648,13.090335884406072,12.05757106730561,13.797369479662787,15.285653699037047,1.17,12.0,-0.1,0.93
FE,2007-02-28,27.626692699521715,27.85033661866885,27.337270271487025,27.438129425048828,2207800,14.96281248531072,13.094281799968233,12.125324468021956,13.844260617479426,15.279871574120573,1.15,17.0,-0.2,0.87
FE,2007-03-01,27.188170126358873,27.727548139417983,26.916288893483973,27.46443748474121,2321600,14.958781090807182,13.088195109515885,12.120879726749843,13.76628416357435,15.278410974829418,1.13,17.0,-0.3,0.88
FE,2007-03-02,27.40743125284555,27.446898020762326,27.034690856933594,27.034690856933594,1415900,15.817983115539757,13.33675478734175,12.401567158338453,13.632708196236406,15.367562602989327,1.11,40.0,-0.36,0.74
FE,2007-03-05,26.837356567382812,27.218867535637123,26.683873951250124,26.837356567382812,1863900,15.993620851897672,13.418645651516178,12.362136459843722,13.481494523493037,15.387552205604266,1.09,40.0,-0.4,0.77
FE,2007-03-06,26.881214119709174,27.267111304570424,26.863672958393387,27.16625213623047,1525800,16.056313926847086,13.508162986695723,12.460912207845649,13.538266831647347,15.42845821628879,1.07,43.0,-0.48,0.7
FE,2007-03-07,27.157485240233814,27.324122949708364,27.030314312665936,27.139944076538086,1762200,15.951408919988532,13.420122802961975,12.29474956207356,13.527106872207453,15.209116162359615,1.05,34.0,-0.55,0.82
FE,2007-03-08,27.275883695992846,27.372356743999806,27.148712777236714,27.192564010620117,743400,15.712319686915773,13.254915877919155,12.29441375676019,13.42807654956173,15.206409319724473,1.03,34.0,-0.61,0.82
FE,2007-03-09,27.552137371869748,27.552137371869748,27.1706248063889,27.30656623840332,987500,15.631490504063194,13.26745257789263,12.304833822502777,13.336187604708153,15.208405715197806,1.01,36.0,-0.69,0.81
FE,2007-03-12,27.262722026195423,27.547760009765625,27.17501957538953,27.547760009765625,864200,15.62886776055143,13.330594289477588,12.361084248786229,13.355783962358963,15.17263929182883,0.99,43.0,-0.77,0.76
FE,2007-03-13,27.38550889381358,27.604768369868427,27.074160839291793,27.109241485595703,1620000,16.514478108850607,13.715580476718689,12.635642313495055,13.436064468221215,15.266545230813113,0.97,50.0,-0.82,0.64
FE,2007-03-14,27.113631127275283,27.35043012077541,26.824206975453627,27.2232608795166,1592100,16.519980403129935,13.729786800056958,12.574418320044778,13.437343718534391,15.260145443040216,0.95,49.0,-0.88,0.69
FE,2007-03-15,27.11363447747802,27.530226249215946,26.9996185842814,27.429367065429688,1088900,16.59511658202304,13.805766130871671,12.542697775370165,13.438692869919548,15.21708745287221,0.93,49.0,-0.94,0.71
FE,2007-03-16,27.609138742673125,27.93802778902179,27.424961679669646,27.674917221069336,2365400,15.776108747467227,13.910178147410779,12.589366528270013,13.411066617426323,15.203152759107208,0.91,51.0,-1.01,0.68
FE,2007-03-19,27.78456816265841,27.95997478456772,27.521455720568234,27.859115600585938,1156800,15.822516341215026,13.960996539113681,12.620739132463394,13.3193233235048,15.157463028671128,0.9,53.0,-1.06,0.65
FE,2007-03-20,27.793344154612196,28.455507334100876,27.701253861905776,28.442352294921875,1648900,15.759090114823124,14.512991818416285,12.982967061404274,13.45438033472334,15.285438633847198,0.87,59.0,-1.01,0.62
FE,2007-03-21,28.380938458305508,28.98609322318764,28.192375232593722,28.801916122436523,2593500,16.063135814945344,14.691696631007172,13.108107442950104,13.5186185702367,15.277121068458527,0.86,60.0,-0.86,0.53
FE,2007-03-22,28.788772796688967,28.8808613845013,28.617750655661133,28.854551315307617,1592000,15.999240727166683,14.548053857836738,13.028007706451364,13.505462603226984,15.211440337125644,0.83,60.0,-0.76,0.59
FE,2007-03-23,28.766844444121997,28.986103934314443,28.64844579149717,28.96417999267578,1507100,15.612587071818714,14.550654546294147,12.993648190637341,13.475479774772836,15.213355809542328,0.81,60.0,-0.67,0.64
FE,2007-03-26,28.898408698786945,29.249221963389587,28.810702873409923,29.20975685119629,1944100,15.733548386187005,14.614305837324396,13.037970510578734,13.459402166098519,15.223621927829731,0.79,62.0,-0.54,0.6
FE,2007-03-27,29.100125957528505,29.18782843389137,28.841397964678524,29.060657501220703,1265200,15.859399518285194,14.679383765478063,12.938535522086877,13.479513822899861,15.235559932586174,0.76,59.0,-0.52,0.67
FE,2007-03-28,29.051893974578622,29.328159837379747,29.00365659995111,29.174678802490234,1357500,15.87203067682623,14.589511679427472,12.940141671904875,13.448294939710493,15.189989496367062,0.74,60.0,-0.5,0.68
FE,2007-03-29,28.845787171713607,29.336929790430226,28.845787171713607,29.301847457885742,1390300,15.832086911596882,14.529494766662388,12.908337461763185,13.448680345680097,15.160034263556222,0.71,59.0,-0.48,0.71
FE,2007-03-30,29.336907448841266,29.42899599241376,28.674743145287255,29.047483444213867,2072000,15.97085705627065,14.688651796938398,12.953607233658893,13.459762127079161,14.962107998616736,0.69,62.0,-0.53,0.67
FE,2007-04-02,29.086963357598957,29.828058123384157,29.016798718244495,29.73596954345703,1704300,17.010440652173653,15.336977120986484,13.277038641175604,13.711583798906652,15.047394102106615,0.68,71.0,-0.41,0.78
FE,2007-04-03,29.771057697110532,29.90261474886318,29.630731736537285,29.709665298461914,1804800,16.83537049174817,14.550678979663061,13.198225675040534,13.714091941553727,14.864912242022735,0.67,71.0,-0.38,0.85
FE,2007-04-04,29.657033843181075,29.81928705067915,29.49916676173265,29.551790237426758,1519300,16.632352688482,14.611364678569913,13.243275684434295,13.728190944171159,14.877118385869728,0.66,72.0,-0.41,0.8
FE,2007-04-05,29.551800472305136,29.841224670410156,29.499176978385567,29.841224670410156,1318900,16.775132643085076,14.619376160906144,13.201628858752873,13.764031581924268,14.83007229996548,0.64,72.0,-0.41,0.84
FE,2007-04-09,29.871912578474976,30.165719476941035,29.871912578474976,29.928918838500977,1833000,16.77562401467931,14.59822520727744,13.134745652626794,13.540305374391501,14.815885149165652,0.63,70.0,-0.42,0.91
FE,2007-04-10,29.867530156148348,29.96400487402908,29.810523889052714,29.955232620239258,1085400,16.1572748087584,14.57698308545642,13.13518279990554,13.536516557661326,14.777662867184905,0.62,71.0,-0.44,0.91
FE,2007-04-11,29.937706999771198,30.00348555480409,29.819308277221023,29.88947296142578,1935100,14.47881650718845,14.368235504576807,13.14640249510013,13.532098959018231,14.637395397760312,0.61,72.0,-0.49,0.89
FE,2007-04-12,29.749125138016225,29.89383720018857,29.38077081136031,29.38953971862793,2513600,15.127523896556886,14.922261915995854,13.452337915551684,13.660926834744064,14.744760829025255,0.61,84.0,-0.58,0.77
FE,2007-04-13,29.389545493456726,29.429013948001813,29.244836748484396,29.37639045715332,1474400,15.143757972196234,14.926835298497668,13.284627082347395,13.658796712745394,14.730513833622178,0.6,78.0,-0.66,0.9
FE,2007-04-16,29.490414456967954,29.621971547446662,29.420249783209766,29.60004425048828,2176100,14.213826377290072,14.923621236931018,13.278984930593191,13.667573324175256,14.71572512942329,0.59,78.0,-0.72,0.9
FE,2007-04-17,29.56057212521264,29.88946142783066,29.52548979664765,29.643888473510742,2094300,13.882001832626637,14.90112940211768,13.277701739088817,13.591498422950387,14.700370015537045,0.58,78.0,-0.79,0.91
FE,2007-04-18,29.60003711340713,30.0385561817539,29.52110354727931,29.942081451416016,1937000,13.775344098191834,14.848363420878465,13.329566405321525,13.58435153052483,14.689203683467719,0.58,82.0,-0.83,0.86
FE,2007-04-19,30.25781892193088,30.25781892193088,29.678973824206313,29.79298973083496,1626200,13.93069504174315,14.855814235307415,13.34442927407237,13.60201248359679,14.476846114024344,0.57,84.0,-0.88,0.84
FE,2007-04-20,29.86314450368247,30.21396105688855,29.792983200422015,30.192033767700195,1721700,14.233917224974412,14.901044617192547,13.465859816914843,13.514883566833133,14.526012155729523,0.57,90.0,-0.9,0.75
FE,2007-04-23,30.2928853166902,30.56038210364286,30.257803003010014,30.376201629638672,1067300,14.252592700963893,14.857986463539948,13.4605429222758,13.473021439947727,14.512642621697092,0.57,90.0,-0.91,0.76
FE,2007-04-24,30.49023522268595,31.14362780351769,30.406915515608862,31.069080352783203,2328200,15.21767192315823,15.346022381377248,13.84997411117077,13.706555321026842,14.665456096817477,0.58,100.0,-0.81,0.69
FE,2007-04-25,31.090994272667594,31.336563814448084,31.02082963465369,31.235706329345703,1694300,13.980448195897619,15.352218661246015,13.860393253357744,13.616036713035404,14.652309645399345,0.58,100.0,-0.72,0.68
FE,2007-04-26,31.134840777025186,31.253239403675945,30.937508617396063,30.97258758544922,1345900,14.493621322114617,15.538045643659443,13.86472372623274,13.326634494872588,14.566769188242446,0.59,100.0,-0.72,0.67
FE,2007-04-27,30.79719735640964,30.823507431371812,30.420070668987734,30.643712997436523,1818100,15.08907197147159,15.780832206542467,14.00343335529531,13.307187043197322,14.613248897405695,0.6,100.0,-0.77,0.57
FE,2007-04-30,30.69633578386564,30.740187023001283,29.990319793185922,30.01224708557129,2514900,16.58250732381444,16.06893138986101,14.359870755522438,13.55893107934788,14.522831407426997,0.61,100.0,-0.84,0.58
FE,2007-05-01,30.09995414685595,30.529704385343198,29.99909661605092,30.499008178710938,1987200,16.99847927319143,16.314518211350556,14.547767094190982,13.654632075566347,14.589565174901924,0.63,100.0,-0.9,0.47
FE,2007-05-02,30.54722952055242,30.92873883909043,30.503374952120783,30.779644012451172,1069300,16.26687195798196,15.896325487787013,14.54296885195677,13.686142381195609,14.556115395717068,0.65,99.0,-0.95,0.47
FE,2007-05-03,31.146238368478222,31.146238368478222,30.38215921545293,30.7575740814209,1318500,16.015826829580554,15.903778315989253,14.481196780335937,13.68211590389728,14.275722494229875,0.67,98.0,-0.99,0.53
FE,2007-05-04,30.76198609542579,30.90773644023515,30.69573563236349,30.84148597717285,1011400,16.016169827085914,15.874577681234776,14.369603846704448,13.675562657583335,14.265878689793288,0.68,97.0,-1.03,0.62
FE,2007-05-07,30.854730077836617,31.587892532348633,30.854730077836617,31.587892532348633,1740500,17.20534819552081,16.32662607858627,14.789074422146339,13.89557514787681,14.442903474571835,0.71,100.0,-1.0,0.56
FE,2007-05-08,31.340557438015527,31.57463941939856,31.256639984448945,31.42005729675293,1176400,17.28190540348577,16.39356627930715,14.81946968541168,13.911711776908334,14.391199865192059,0.73,100.0,-1.0,0.53
FE,2007-05-09,31.411222632881373,31.601138757691036,31.230138327292913,31.40680503845215,912100,17.156803020759128,16.401744148079857,14.805898387967584,13.903534810829687,14.392276554286868,0.76,99.0,-1.02,0.54
FE,2007-05-10,31.353820558316585,31.45540506596716,31.022571563720703,31.022571563720703,972200,17.684048359618753,16.663582319356472,14.962304382598473,13.990138039007777,14.453762876514118,0.79,100.0,-1.06,0.45
FE,2007-05-11,31.203646036348058,31.283145904541016,31.05347812103338,31.283145904541016,1025200,17.767559574351928,16.692822583336074,14.999647159928553,14.001941268742213,14.47100000936577,0.82,100.0,-1.09,0.42
FE,2007-05-14,31.291987589731235,31.88823510431352,31.291987589731235,31.724821090698242,6291500,17.77763743726106,16.798421224824427,15.125278764730526,13.980494295608473,14.479995674138072,0.85,100.0,-1.09,0.33
FE,2007-05-15,31.879392386139152,32.19739185048174,31.60555876525795,31.658559799194336,2872200,16.729797391133392,16.72916861547689,15.137968688791329,13.959237197338869,14.474539675968803,0.88,100.0,-1.11,0.32
FE,2007-05-16,31.746893968486212,31.905893713090098,31.358229798142343,31.618810653686523,6540000,16.73587780153526,16.64290285981605,15.13214979655796,13.953228414410788,14.3801438122721,0.91,99.0,-1.13,0.33
FE,2007-05-17,31.420074851118855,31.601159274273687,31.225741005711612,31.247825622558594,1418400,17.086300267009367,16.71902683247726,15.27553733901626,14.025006845606141,14.415757616304054,0.94,100.0,-1.16,0.24
FE,2007-05-18,31.33173588072453,31.437734603881836,31.128570257323595,31.437734603881836,1488800,16.971444225241637,16.73762605268997,15.204650241893136,14.035057312913512,14.356756410581061,0.96,99.0,-1.18,0.29
FE,2007-05-21,31.71598725253437,31.9014892578125,31.627655531650806,31.9014892578125,2333900,17.377666851187282,16.935336917295636,15.337815993973217,14.12168226033691,14.417029624715214,0.99,100.0,-1.18,0.21
FE,2007-05-22,31.910315932447602,32.06489810386738,31.83964787143364,31.861732482910156,1901000,17.401846960166374,16.64904552782897,15.343817172792637,14.080671907708814,14.411338968816448,1.02,100.0,-1.19,0.21
FE,2007-05-23,31.87497071676144,32.003054005174846,31.30522231091039,31.411224365234375,1909600,17.99752034095918,16.209103929972503,15.554909101292601,14.202240999985374,14.449264500030928,1.05,100.0,-1.21,0.11
FE,2007-05-24,31.35822257507382,31.45097184312249,30.165728134862572,30.24081039428711,2270800,20.718804573264563,18.01737624538179,16.73331235970494,14.90902633302956,14.807732773741156,1.11,100.0,-1.21,1.3
FE,2007-05-25,30.254059599774035,30.505808574066954,29.84331091859745,30.271726608276367,1950500,20.714557425050614,18.01728125889977,16.700944014155144,14.84063897265711,14.807188465549403,1.16,99.0,-1.21,1.34
FE,2007-05-29,30.496988429777588,30.753151727034933,30.382154515369294,30.51906967163086,1014100,20.730444845692862,17.69484308830701,16.73379484633814,14.858589210212369,14.81757002698821,1.21,100.0,-1.2,1.32
FE,2007-05-30,30.267304293596293,30.806136175156695,30.19222204639835,30.766387939453125,1395500,20.83094637342792,17.628701256546545,16.760734870164992,14.866985015558178,14.822686433405144,1.26,100.0,-1.2,1.31
FE,2007-05-31,30.938659675692634,30.991657362083394,30.572076619839958,30.576494216918945,1741900,20.767328508444038,17.589902756359223,16.399055072427497,14.828841745518057,14.758948013123241,1.3,96.0,-1.18,1.49
FE,2007-06-01,30.947478089420553,30.960727505276736,30.342395598098307,30.62506103515625,2055800,20.69809396226857,17.579453439274868,16.388936540241584,14.572346437673461,14.734236582962412,1.33,95.0,-1.17,1.5
FE,2007-06-04,30.695726053226807,30.739891891606113,30.143644649391792,30.616226196289062,1614400,20.36343805596038,17.585782830317545,16.362361256388095,14.530566725804789,14.734875685443393,1.36,94.0,-1.15,1.54
FE,2007-06-05,30.61622269197499,30.61622269197499,29.89189224262087,29.90955924987793,2037500,21.417553921319225,18.327926132508516,16.837116779488845,14.801504691385508,14.924411986034283,1.4,100.0,-1.11,1.32
FE,2007-06-06,29.710818850324724,29.812403336928455,29.436988561428134,29.746152877807617,4189600,20.305860142161304,18.31930053766578,16.86735009997782,14.805635665490612,14.912371207351043,1.44,100.0,-1.07,1.29
FE,2007-06-07,29.5341505253103,29.746147915565665,28.35048775919826,28.588987350463867,3266800,23.009251888343975,19.850149030014244,18.00228298949894,15.568877371634516,15.434382921255324,1.51,100.0,-1.04,1.98
FE,2007-06-08,28.593396421991166,29.004145082416215,28.452063730750137,28.942312240600586,2806500,23.36045084659671,19.976528685844784,18.08721739403166,15.587165250313076,15.471591838914092,1.57,100.0,-1.01,1.93
FE,2007-06-11,28.88491351947782,29.176410887725176,28.778914782809608,28.783329010009766,2607600,23.24643546012778,19.973590066667573,18.111328559335735,15.585686330120524,15.482794728087178,1.63,100.0,-0.97,1.87
FE,2007-06-12,28.518325211668053,28.79657310760031,28.332826614379883,28.332826614379883,2090700,22.936971793522133,20.185159954908674,18.301807330590965,15.67909595391696,15.563343692084027,1.69,100.0,-0.95,1.69
FE,2007-06-13,28.332822751947724,28.699405670166016,28.332822751947724,28.699405670166016,1992200,22.73463481675063,20.307239112606428,18.375566025672214,15.741722600144776,15.559739046290092,1.75,100.0,-0.92,1.64
FE,2007-06-14,28.761247780725725,28.968827657335744,28.474164639522474,28.619915008544922,1617900,22.486111696011957,19.874058562578785,18.341481282874987,15.612638360555541,15.390212793234475,1.8,99.0,-0.91,1.68
FE,2007-06-15,28.730317804070886,29.653396300303477,28.730317804070886,29.54739761352539,4293300,24.589248800027317,20.766433860446067,18.950347112033107,16.025482468216172,15.582493842373266,1.87,100.0,-0.93,1.63
FE,2007-06-18,29.180819633890124,29.67990009690039,28.986485867574807,29.02623748779297,1918400,25.010262640766456,21.096639125499387,19.128092955400565,16.085314373419614,15.691676749210023,1.94,100.0,-0.93,1.46
FE,2007-06-19,29.035060739149483,29.255893274003817,28.88489623287433,29.01297950744629,1470000,23.781427224123263,21.082834667620283,19.115240311896777,16.076673478223277,15.684118479462766,2.0,99.0,-0.96,1.47
FE,2007-06-20,29.043907957622643,29.2426559734588,28.050159454345703,28.050159454345703,2206300,25.411113009591197,22.11162025414845,19.86994479007519,16.524141897456932,16.005995063150554,2.07,100.0,-0.99,1.36
FE,2007-06-21,27.957409238027175,28.615491184193374,27.63057790529379,28.482990264892578,2104900,25.994404341221035,22.331623878315682,19.997593940437717,16.450528893412134,16.011926917775348,2.15,100.0,-1.03,1.29
FE,2007-06-22,29.052730098223915,29.154314555120866,28.067817115219334,28.076650619506836,3182400,26.06347865787559,22.496759069608842,20.14124591264846,16.522081361768855,16.07678994629325,2.22,100.0,-1.08,1.16
FE,2007-06-25,28.134074979676814,28.7259064445772,28.134074979676814,28.359323501586914,2247800,26.13222398126321,22.580280941595017,20.19342942693726,16.557580212909127,16.060796245755647,2.29,100.0,-1.16,1.14
FE,2007-06-26,28.48740500573787,28.845152734502506,28.213573057277,28.217988967895508,1963500,25.61493977977654,22.535569126324805,19.964611634327376,16.567394633130494,16.06899122037134,2.35,97.0,-1.18,1.21
FE,2007-06-27,27.988317010091368,28.677315174960807,27.855817816606116,28.615482330322266,1632900,26.132561785006715,22.188245332532357,20.067528749928147,16.59771274025354,16.10955701266951,2.41,98.0,-1.19,1.16
FE,2007-06-28,28.61549877521252,28.831913855817856,28.359332060416424,28.372581481933594,1801300,26.166392703619866,22.247007231888848,19.848239579099733,16.622435325976276,16.102800994079118,2.47,94.0,-1.17,1.21
FE,2007-06-29,28.531568722973145,28.889319794690437,28.293069131707533,28.588987350463867,2131000,26.242666742888044,22.29150722833544,19.873849042498342,16.570324730318774,16.050993334335587,2.51,95.0,-1.16,1.2
FE,2007-07-02,28.809816451161,29.556228191645708,28.809816451161,29.339813232421875,2024400,27.440415286567927,22.850268752765533,20.256044842210724,16.83488759082863,16.20463254932063,2.56,100.0,-1.13,1.08
FE,2007-07-03,29.33982350782234,29.459071645996076,28.88932642294113,29.132240295410156,1188100,26.993586021118,22.882445474630543,20.185439935739407,16.86119538483902,16.222746429803383,2.61,98.0,-1.11,1.09
FE,2007-07-05,29.13666082134062,29.45907460822499,28.633162641287566,29.09249496459961,1541600,26.992930354646493,22.881502346535804,20.18747589042435,16.860024054064514,16.215404155848084,2.65,98.0,-1.08,1.09
FE,2007-07-06,29.105739707807622,29.114571529881133,28.584574594873704,28.964406967163086,1089200,26.78778680669558,22.893073743787117,20.200838436007718,16.864441594304772,16.205789417084187,2.69,99.0,-1.05,1.07
FE,2007-07-09,29.13666126963789,29.348658733112096,28.937909856787034,28.968826293945312,1249000,24.616841111630578,22.63840382337232,20.198080635066994,16.8344711376273,16.18261341403957,2.73,98.0,-1.03,1.06
FE,2007-07-10,28.88048612027063,28.97765299991989,28.500653792353305,28.56248664855957,2057100,24.875740442097694,22.81661220442536,20.306423930495036,16.89377110605332,16.251875408957186,2.77,100.0,-1.01,0.96
FE,2007-07-11,28.52715905566181,28.8319091796875,28.49624262058954,28.8319091796875,1193000,24.92236536998781,22.84678179928744,20.335201614422846,16.917772383820136,16.251572441136314,2.8,100.0,-0.98,0.97
FE,2007-07-12,28.986485940302966,29.1984867195096,28.725905089033677,29.16315269470215,1786300,25.057429178616186,22.972967523078545,20.381996137121874,16.96424863796902,16.283853383393797,2.83,100.0,-0.95,0.96
FE,2007-07-13,29.163146267269116,29.931642604448466,29.070396999819653,29.79030990600586,1448400,25.888490418713516,23.302075845396594,20.580215180064613,17.126348322046113,16.388068006569952,2.86,100.0,-0.92,0.89
FE,2007-07-16,29.67989537185257,29.852144502887015,29.07481630065274,29.12339973449707,1262700,26.630507589062763,23.73748392204247,20.849450154628816,17.34897672540667,16.557965534584792,2.89,100.0,-0.89,0.77
FE,2007-07-17,29.1896436078631,29.37072790863541,28.937894646288854,28.942312240600586,1519100,26.65937400728204,23.593739632906143,20.87174699091908,17.331240911426267,16.573088787915076,2.92,100.0,-0.85,0.74
FE,2007-07-18,28.884905902452477,29.322153524339708,28.76124018067736,29.26032066345215,1787200,26.105072524095323,23.674044123123906,20.93703531165044,17.359220307182042,16.596938143631384,2.94,100.0,-0.81,0.71
FE,2007-07-19,29.194071636489433,30.090651532901706,29.154323382388803,30.077402114868164,1846400,27.309741558824634,23.90358468401244,21.204016048616744,17.64509835139503,16.808873084176252,2.97,100.0,-0.8,0.69
FE,2007-07-20,30.07740030994829,30.170149600255645,29.366319047953738,29.43256950378418,1835000,25.450644710548648,24.25804839440571,21.180552013243013,17.79412074571545,16.826138488314516,3.0,99.0,-0.75,0.69
FE,2007-07-23,29.737309643697795,30.09947486231626,29.547393530907808,29.63130760192871,1085500,25.286489871191165,24.258036933519676,21.135617356592327,17.806738691221817,16.83480764462926,3.02,98.0,-0.69,0.74
FE,2007-07-24,29.5385702619207,29.58273948196603,28.25774206710838,28.310741424560547,2056700,28.604039286561534,25.870673511340815,22.38008284414736,18.61589322041878,17.459952674663874,3.07,100.0,-0.67,1.07
FE,2007-07-25,28.619906820521663,28.752404361112248,27.72332530278432,28.036907196044922,2852500,28.376920915603964,25.611964077107697,22.28987917016746,18.63909465918576,17.465540058836933,3.11,99.0,-0.68,1.14
FE,2007-07-26,27.877908733063705,27.97507562241272,26.530830123977474,26.870912551879883,4069000,30.585045903702895,26.71824329090422,23.275260355105353,19.277536141550833,17.988767204048457,3.17,100.0,-0.69,1.14
FE,2007-07-27,26.84441062186458,27.325825762727188,26.689828474035828,26.694244384765625,3164900,30.611393355501143,26.62934490993217,23.216177274479044,19.253282704362466,17.993744972105237,3.22,99.0,-0.63,1.14
FE,2007-07-30,26.566167610195063,26.82675019616469,26.102417712329924,26.597084045410156,3551600,28.8413999805377,26.62833011151392,23.222397019628875,19.258229500942097,17.962255632917934,3.27,99.0,-0.56,1.13
FE,2007-07-31,27.471570531663378,27.60406972940076,26.83115577697754,26.83115577697754,3420300,28.724914766624792,26.706806254193427,23.26363797096923,19.233823425262987,17.951837397990968,3.32,99.0,-0.54,1.12
FE,2007-08-01,26.72074352925502,27.997155636536004,26.689827101279416,27.922073364257812,2782300,31.25346828666275,27.561748123871897,24.10602641646195,19.77789718560447,18.378753762858643,3.38,100.0,-0.53,1.11
FE,2007-08-02,28.041316653075683,28.482980047982352,27.47598420535075,27.904399871826172,12860200,29.69874574824732,27.554738265173157,24.067125778043156,19.777935972180373,18.28682928056348,3.43,99.0,-0.52,1.12
FE,2007-08-03,27.802021396730026,27.93112646574625,26.573300219643393,26.662338256835938,12530100,32.08167226960869,28.96094544193786,25.008323711295528,20.51313520087355,18.834732876357144,3.5,100.0,-0.47,1.19
FE,2007-08-06,26.666792101872304,27.908866738890776,26.364063782917285,27.895511627197266,2647900,34.66195884507913,30.50634051265054,26.01774582430349,21.1899206787108,19.360887444274436,3.59,100.0,-0.46,1.22
FE,2007-08-07,27.744128328766866,28.963943038735202,27.445853051644207,28.732446670532227,2941300,35.6131100989642,31.11044175174132,26.406855895518827,21.41507397667474,19.522562976325414,3.69,100.0,-0.41,1.1
FE,2007-08-08,28.621160359566563,29.02183056689601,28.184875966173852,28.607805252075195,3395200,35.60500736004229,30.94846095236528,26.382757120662475,21.40547978192133,19.370388997961392,3.77,99.0,-0.37,1.1
FE,2007-08-09,27.971200239030992,28.331801914094985,27.3034173465306,27.3167724609375,2810900,37.819497461459484,32.26185271025106,27.37502925896105,22.11070823289769,19.87768884933662,3.87,100.0,-0.38,1.01
FE,2007-08-10,27.356822058556375,27.601675290025845,26.457541466283853,26.83595085144043,8830900,38.061424167410166,32.412497139988545,27.308067242127095,22.21206876052138,19.960393341437722,3.97,99.0,-0.38,1.0
FE,2007-08-13,27.2900413095983,28.376301803077066,27.04518809448512,27.94001579284668,2824800,39.904366715033134,33.53035855113186,27.994911045646102,22.698858888715108,20.348881284720516,4.08,100.0,-0.43,0.93
FE,2007-08-14,27.926671447822198,27.940026557966835,27.330118852980277,27.40580177307129,2076100,39.425929571351446,33.67694506186169,28.15450851968026,22.813378977808778,20.44564898853181,4.18,100.0,-0.49,0.84
FE,2007-08-15,27.477022718851153,28.104738160760824,27.00067136852119,27.049640655517578,2364300,39.52753868190107,33.56070721072382,28.21614676718743,22.864513622301786,20.488980417482598,4.28,100.0,-0.54,0.8
FE,2007-08-16,26.73801143814701,27.187650899621836,26.154814120428995,27.00957489013672,3099500,39.52726833878966,33.5602919060862,28.17839214651577,22.864264296253108,20.484392677369602,4.37,99.0,-0.6,0.81
FE,2007-08-17,28.29617101642286,28.37630505210906,26.867115178858107,27.93556785583496,2925400,40.885837228915825,34.29005555409001,28.695709703517778,23.203208693653522,20.73825503686898,4.46,100.0,-0.65,0.7
FE,2007-08-20,27.65955307375637,28.07357838129528,27.33456577719787,27.753042221069336,12253300,40.912687172843775,33.47533083582463,28.70381251703949,23.17753134477578,20.748509904014192,4.55,100.0,-0.7,0.69
FE,2007-08-21,27.717413211186464,27.9756231509228,27.472560070640007,27.802000045776367,2027300,40.74301356383904,33.477992733151716,28.69562512205507,23.176259886347346,20.741960789210662,4.62,98.0,-0.75,0.69
FE,2007-08-22,27.953371962232225,28.238292184140047,27.850978863625254,28.211580276489258,2119400,40.885916288225424,33.583311739441875,28.76514954722082,23.200561725842405,20.78709710008946,4.7,100.0,-0.77,0.67
FE,2007-08-23,28.327337979726416,28.407472026490144,27.94892682595128,28.140357971191406,1692200,40.72533015641454,33.52704990329292,28.5143975076791,23.20078774467652,20.781295239500363,4.76,96.0,-0.8,0.76
FE,2007-08-24,28.2115795093445,28.24274255162711,27.802007126053944,28.19377326965332,2502100,40.179959154822924,33.5195497113648,28.516987830169864,23.17597751110132,20.739043762091214,4.82,96.0,-0.83,0.76
FE,2007-08-27,28.162614762384088,28.16706759698626,27.071904644567425,27.129777908325195,1695800,41.142484104277074,34.36410989608893,29.137646951091885,23.609882249813474,21.08739050755454,4.89,100.0,-0.87,0.62
FE,2007-08-28,27.07189618547914,27.330104469182753,26.479795039554414,26.524314880371094,2945000,41.546446345592955,34.618614634122494,29.28956322160034,23.733911536821644,21.205444890580324,4.95,100.0,-0.88,0.54
FE,2007-08-29,26.54213955154042,27.28115243974738,26.510976490455626,27.25444221496582,2441000,42.275812757271645,34.859034779578565,29.626549848330168,23.948504111611946,21.36917943055647,5.01,100.0,-0.92,0.45
FE,2007-08-30,26.80033493381724,27.321204408938424,26.671229924369612,27.16093635559082,1780500,41.31381146627474,34.85171665989019,29.62774114837131,23.94317108823075,21.37156865089946,5.07,100.0,-0.95,0.45
FE,2007-08-31,27.517097882182085,27.561616046545822,27.049648665067284,27.35237693786621,1182600,41.04721425316992,33.970546357320146,29.65423886718595,23.946081823940638,21.38170853553737,5.12,100.0,-0.98,0.44
FE,2007-09-04,27.236633914794165,27.695177549061206,27.192115741893083,27.6862735748291,2112000,41.18180536390872,33.968109302655066,29.6137570530668,23.9865879766562,21.387983532944933,5.17,97.0,-1.01,0.47
FE,2007-09-05,27.512642843525388,27.615035971969437,27.27669353442645,27.494834899902344,1254600,39.12017716117857,33.97794944165278,29.63084505933692,24.001663675383316,21.40057332549559,5.21,99.0,-1.03,0.46
FE,2007-09-06,27.445866816252714,27.8866024017334,27.35237595722613,27.8866024017334,1980600,39.26788462321309,33.966678188134495,29.695592192487926,24.058225080343234,21.42929003503859,5.25,100.0,-1.05,0.43
FE,2007-09-07,27.561610147717712,27.842079278307825,27.25888193970969,27.423601150512695,1734200,37.52889162991765,34.01994366321297,29.803855770868843,24.14173709801151,21.46892277647058,5.28,100.0,-1.07,0.38
FE,2007-09-10,27.55716464558946,27.6372986992843,27.36573348379169,27.530452728271484,2470000,37.47526630015769,34.030480827639394,29.763277054388215,24.136783223475135,21.470373453412943,5.31,99.0,-1.08,0.39
FE,2007-09-11,27.748585994612053,27.824267186194426,27.53934696192915,27.708518981933594,2836800,37.480040386611726,33.38468902536435,29.778047715333688,24.14735210312893,21.47386038108861,5.33,99.0,-1.09,0.39
FE,2007-09-12,27.6150401790334,27.721886158790344,27.481483978031648,27.62839698791504,2083400,37.43236204947764,33.2050396285671,29.694688206926482,24.127799944357207,21.44018823013533,5.35,96.0,-1.08,0.42
FE,2007-09-13,27.859888053100022,28.109192444853637,27.81536819867345,27.908857345581055,2028000,35.700262485634774,33.280403504028186,29.72553047913188,24.15579795612181,21.343985921183382,5.36,97.0,-1.05,0.41
FE,2007-09-14,27.71297589944872,27.984541075566337,27.68181284955904,27.913311004638672,1846500,35.69981053271733,32.557524372603076,29.488412010354924,24.152907412386757,21.319583856833653,5.37,89.0,-1.01,0.48
FE,2007-09-17,27.735248225161097,27.926679450634545,27.699634021816554,27.877708435058594,1844000,32.99559667314412,32.39962116157287,29.47044703264339,24.152788430778198,21.31250841177897,5.38,88.0,-0.96,0.49
FE,2007-09-18,28.01570584468233,28.460894239864622,27.922216689276198,28.380760192871094,1824200,30.720592842032385,32.47805187649265,29.60026620481165,24.228392218252356,21.372544618695276,5.38,89.0,-0.89,0.45
FE,2007-09-19,28.53657643244304,29.15984088641818,28.460895217825826,29.035188674926758,1803700,30.22453789712109,32.747869496456325,29.794427295680382,24.36345172568903,21.48415912000493,5.39,99.0,-0.83,0.4
FE,2007-09-20,28.968406131158623,29.0396378983047,28.60780465040501,28.687938690185547,1191700,30.409788222522412,32.82895893550552,29.674541777904828,24.40765929939968,21.502716448915677,5.39,93.0,-0.8,0.45
FE,2007-09-21,29.01736735686398,29.01736735686398,28.687929035971703,28.808128356933594,2139400,27.07042025855812,32.71531466250579,29.565603734713676,24.410777144321106,21.495743719485418,5.39,86.0,-0.73,0.49
FE,2007-09-24,28.71465665769244,28.910540673716113,28.572196481453002,28.665685653686523,1273200,26.516445866155493,32.68324063055076,29.532257413720703,24.279848680280715,21.487064347495295,5.38,85.0,-0.66,0.5
FE,2007-09-25,28.558835155718054,29.164291622107033,28.558835155718054,28.986215591430664,1344000,24.11023137005263,32.72535773134148,29.5919174989965,24.30984569853132,21.51204721821578,5.37,86.0,-0.58,0.48
FE,2007-09-26,29.128686456797606,29.39134606640967,29.044099546879604,29.293407440185547,1644600,23.444369646571428,32.359316159197036,29.640210288171726,24.33014423936725,21.462091506156604,5.36,91.0,-0.5,0.46
FE,2007-09-27,29.462563061042346,29.462563061042346,28.8036828550415,28.914979934692383,1210200,23.439938206816326,32.43694600544885,29.444439613379565,24.383560144054712,21.501126268327855,5.34,80.0,-0.41,0.5
FE,2007-09-28,28.754718384202576,28.910537048236776,28.167071504602248,28.19823455810547,1752700,24.728439663166498,32.83796091098073,29.68670117683227,24.572587507264043,21.60186984086257,5.32,93.0,-0.3,0.41
FE,2007-10-01,28.443087667258453,28.870468139648438,28.220493458939625,28.870468139648438,1469300,23.73227778747658,33.194793884994986,29.94326459625994,24.689276585645754,21.719563269028892,5.31,100.0,-0.19,0.33
FE,2007-10-02,28.76361515637766,28.808133305250472,28.487598897197476,28.61224937438965,1062500,23.810651839145656,33.24513872917641,29.915488617409853,24.716059005240083,21.704441833204584,5.29,99.0,-0.06,0.35
FE,2007-10-03,28.40302049805854,28.910536716994084,28.40302049805854,28.857112884521484,970900,23.9094380689759,33.16401808462404,29.916725643381,24.72865632311433,21.628654796380165,5.26,99.0,0.08,0.35
FE,2007-10-04,28.93279550852711,29.778654216345128,28.803690454487466,29.587223052978516,1453200,24.59225677677724,33.50151416039559,30.105126729813094,24.891183935272764,21.751136031322854,5.24,100.0,0.12,0.3
FE,2007-10-05,29.827617456063972,30.09472976890436,29.600570461716842,29.77864646911621,1676700,24.599360257488488,33.4472688259594,30.125582453191925,24.89043642864589,21.758017006250284,5.21,100.0,0.15,0.29
FE,2007-10-08,29.854340692478154,29.992351441592056,29.524902142806592,29.64510154724121,804800,24.668771237296458,33.17438454468982,30.131730509690314,24.88170095866378,21.762034312649384,5.18,100.0,0.17,0.29
FE,2007-10-09,29.738582605009046,29.92556089348989,29.587216802535863,29.87213706970215,1402200,21.57427596206748,32.87383514171518,30.10645360917284,24.88568749193917,21.74930929599862,5.15,98.0,0.21,0.31
FE,2007-10-10,29.75194780787706,29.9122159371083,29.667360907305387,29.756397247314453,982600,20.274527734962398,32.85699250483567,30.09309929841345,24.85934399907129,21.74774518024646,5.1,96.0,0.22,0.31
FE,2007-10-11,30.157053721710593,30.522107982537875,29.952267516516464,30.31732177734375,1845600,19.56340924759914,33.00043842523638,30.151655085098827,24.943082495558,21.782531540697203,5.06,100.0,-0.05,0.29
FE,2007-10-12,30.379655082533166,30.69573843497192,30.31732897903921,30.446434020996094,1260200,19.451386690264595,32.52986069398005,30.160856349664805,24.92851797076123,21.784908320356678,5.02,100.0,-0.42,0.29
FE,2007-10-15,30.29507761339765,30.52212129413415,29.729686338186575,29.930023193359375,1651800,20.34146437809356,32.411970193258504,30.197616389837815,25.01819497711007,21.858200976719505,4.97,100.0,-0.63,0.28
FE,2007-10-16,29.8053578816272,30.161509910767233,29.787553337035924,29.88104248046875,1479000,20.195320157478825,32.38619897633268,29.594217749277835,25.017567871559333,21.857521166638026,4.93,73.0,-0.62,0.4
FE,2007-10-17,30.152608965316,30.237192443657754,29.54269969244324,29.698514938354492,1169900,20.163562387660114,30.985707435850802,29.608954911973445,25.030948474626253,21.864580662469653,4.89,74.0,-0.6,0.39
FE,2007-10-18,29.618387281409785,30.05022062494452,29.502637332421898,29.689619064331055,1380300,19.875391185380057,30.909188861675467,29.57882121750751,24.918930026387272,21.84770538550202,4.84,70.0,-0.6,0.4
FE,2007-10-19,29.484829483420835,29.845431003677646,29.075253570497846,29.16429328918457,1889800,19.969155276018974,29.82422793269544,29.67871803826288,25.0107913957736,21.907434314638962,4.79,81.0,-0.62,0.35
FE,2007-10-22,28.93278241124768,29.30674229444372,28.7680649382413,29.226608276367188,1330500,19.961600194877203,29.7783198773023,29.66775317975078,24.8891597960978,21.904096375120886,4.73,79.0,-0.63,0.36
FE,2007-10-23,29.26223303537784,29.43140339312052,28.93724403102317,29.101964950561523,1453900,19.995526748653464,29.78323818778067,29.672090248689713,24.892266926176195,21.90881134582644,4.67,79.0,-0.65,0.36
FE,2007-10-24,28.986221226220128,29.48928296889483,28.950605333857734,29.418054580688477,1488800,20.119546358118672,29.807418053053592,29.726388301398444,24.911401178426942,21.926244314348875,4.6,85.0,-0.71,0.34
FE,2007-10-25,29.382427094099977,30.116988450755898,29.257774916537443,29.99233627319336,1925900,20.610860439389246,28.965426560805312,29.659660157569178,24.962480935614863,22.005473935660284,4.54,76.0,-0.71,0.38
FE,2007-10-26,30.219391707377373,30.468699556798793,29.88550035944583,30.428630828857422,1272700,20.889751373504996,29.089353197732482,29.734014285324495,25.017299028109985,22.02794297063189,4.47,85.0,-0.67,0.36
FE,2007-10-29,30.437523438426442,31.0785922417184,30.437523438426442,30.909421920776367,1262800,21.172871509826457,27.530417740050904,29.135437213997516,25.08087812306731,22.07079719873137,4.41,56.0,-0.57,0.44
FE,2007-10-30,30.829288339373594,31.127563671319695,30.588886260986328,30.588886260986328,1167400,21.084322498833046,26.1678196767757,29.130229042394305,25.113658189788474,22.098019493388804,4.36,55.0,-0.59,0.43
FE,2007-10-31,30.700190303208192,31.10086052485095,30.63786420167685,31.02962875366211,1427700,20.509721602865614,25.6516622054902,29.19502105382315,25.15743985738499,22.110388276784573,4.29,57.0,-0.53,0.42
FE,2007-11-01,30.76251231563616,31.056338237956673,30.499852836456316,30.60669708251953,1688100,20.617425515914874,25.81102485051939,29.16726207028691,25.203076751365227,22.157410493131163,4.23,56.0,-0.57,0.43
FE,2007-11-02,30.660132085064642,30.998472887071795,30.446440118490866,30.7847843170166,1418400,20.63658740777084,23.86719627865386,29.114324884844002,25.197510411251972,22.151963636829283,4.17,52.0,-0.6,0.45
FE,2007-11-05,30.748892984768094,31.27355608305289,30.52916289955779,31.008983612060547,1118000,20.571385173446544,23.531261820194388,29.127386365444096,25.179414040787922,22.1509086835683,4.1,52.0,-0.61,0.45
FE,2007-11-06,31.233207673355075,31.233207673355075,30.322893645194164,30.533653259277344,2032400,21.052841393926677,22.444282070469697,28.808840444104746,25.222972186895852,22.180922833020034,4.04,50.0,-0.64,0.49
FE,2007-11-07,30.20181950620986,30.488814999723843,29.977604063073546,29.991056442260742,2404600,21.627109859025182,22.39160514288499,28.811005842165866,25.315165239267245,22.23552553619765,3.98,50.0,-0.69,0.49
FE,2007-11-08,29.968638945072975,30.426036974157558,29.91034073637393,30.269086837768555,2241600,21.353618785538885,22.237243024536962,28.845296603444275,25.33589881439427,22.25189545712088,3.91,50.0,-0.74,0.48
FE,2007-11-09,29.928272876534923,30.551591461538933,29.874463366106564,30.282533645629883,1878300,19.813728031548695,22.22832622940009,28.320102240759738,25.25485012111959,22.222658167649197,3.85,41.0,-0.78,0.63
FE,2007-11-12,30.260114501051845,30.479844654064845,29.843073684207535,29.946210861206055,2284800,19.132239145030002,21.37209019112217,28.285834162377487,25.14533151644671,22.241159420853393,3.8,40.0,-0.83,0.63
FE,2007-11-13,30.139037178975414,30.24665962559877,29.735448727567956,30.19285011291504,1743900,18.98359270149782,21.358584106161572,28.210640613676674,25.13207701144447,22.253909508192052,3.74,38.0,-0.86,0.67
FE,2007-11-14,30.233204776050222,30.403610675634795,30.008989368180515,30.044864654541016,1684600,18.96909384076499,21.39758615823046,28.18503082259539,25.140274645950445,22.260763457227682,3.68,37.0,-0.89,0.68
FE,2007-11-15,29.865493276548122,30.381189427089357,29.865493276548122,30.188364028930664,1677800,17.637743751327665,21.229958610268948,28.1784904219888,25.070499459999816,22.262310379263926,3.61,36.0,-0.93,0.69
FE,2007-11-16,30.408097467588338,30.5246904566007,29.950699466472418,30.340835571289062,1525000,17.60227903580134,21.230922314789527,28.10657998098664,25.05805893346863,22.230442216290605,3.54,33.0,-0.96,0.72
FE,2007-11-19,30.121101610393627,30.591955406364736,30.121101610393627,30.376707077026367,1866900,17.53561284933437,21.230505136780604,28.068706983681977,25.020768526349148,22.21831912274171,3.46,32.0,-0.99,0.74
FE,2007-11-20,30.363244281429772,30.838579759859602,30.260107129555916,30.659210205078125,2458900,17.596835992199598,19.608600395698062,28.080342250271677,25.040870264391916,22.234775447383917,3.38,32.0,-1.03,0.74
FE,2007-11-21,30.53812985001145,30.941718162468504,30.47086456105949,30.574005126953125,1592700,17.57392993365775,18.95642609077249,27.792231363903163,25.04375525093247,22.235115514231165,3.31,29.0,-1.05,0.83
FE,2007-11-23,30.802729956675936,30.89690006673931,30.22425349092317,30.435016632080078,578500,16.805528445880928,18.287625036108153,27.777660486514087,25.04775037044868,22.232948477707424,3.23,28.0,-1.08,0.84
FE,2007-11-26,30.376700229086264,30.793740993393595,30.282530175372397,30.34531021118164,1910800,16.781687997520926,18.2819183543779,27.781423038386727,25.032223777918812,22.2321615598086,3.14,28.0,-1.11,0.84
FE,2007-11-27,30.56054712669892,30.618841875055054,30.06278886985674,30.35875129699707,1677700,15.989329059166222,18.25206115568524,27.770607410096382,24.954342826898046,22.228473714477932,3.05,26.0,-1.14,0.85
FE,2007-11-28,30.650231881285908,30.650231881285908,30.02691359952031,30.35875129699707,2257800,15.977572442518898,18.125849551552395,27.770662385512562,24.950835192482614,22.22730776788369,2.96,26.0,-1.17,0.84
FE,2007-11-29,30.28701233630859,30.60091248317571,30.278041805680953,30.372215270996094,1508400,15.85272234626368,18.041375694067558,27.671893516962665,24.93718449530565,22.22715528618038,2.86,24.0,-1.19,0.9
FE,2007-11-30,30.672670035449915,31.09867796349203,30.52020177131785,30.744417190551758,2370000,16.19011817093718,17.987614163345857,27.69796178739504,24.955573240314873,22.22823641321807,2.76,24.0,-1.21,0.89
FE,2007-12-03,30.538141931252028,31.309443584360277,30.538141931252028,31.13455581665039,1981700,15.472371131071307,17.711098814902737,27.710356273748083,24.985967149562256,22.25924516058122,2.66,24.0,-1.22,0.89
FE,2007-12-04,31.13903170194821,31.914814966782192,30.887908160921018,31.704051971435547,2215400,16.147814425810797,18.009818583481536,27.65512315124356,24.95846792738894,22.30148056747524,2.55,21.0,-1.16,0.91
FE,2007-12-05,31.932764797400228,32.39464808884473,31.753391748548758,32.33635330200195,1753200,16.734917704158736,18.342181957215974,27.56597016065992,25.021336890670803,22.381142777883227,2.45,20.0,-1.0,0.97
FE,2007-12-06,32.32290836543475,32.81169652932626,31.90586738485209,32.699588775634766,1968300,16.749162758077997,18.389480805788157,27.58738891497948,25.05196594408598,22.3882552165659,2.34,20.0,-0.8,0.97
FE,2007-12-07,32.695098328498865,33.260118795172886,32.60092482946363,33.152496337890625,2056600,16.36531980666926,18.466486064526837,27.616353361220487,25.097004176912783,22.411028160245483,2.22,20.0,-0.53,0.96
FE,2007-12-10,33.278056441595965,33.30496120060247,32.896890863560124,33.152496337890625,1331600,16.04607123660736,18.46751516002547,27.293083624288982,25.080448181787308,22.385771127684315,2.11,15.0,-0.36,1.07
FE,2007-12-11,33.139039402740856,33.336346643758326,32.39464257416877,32.42155075073242,1292100,17.14627549715816,19.158354090637424,27.306404605243085,25.21854328372089,22.504726877587167,1.99,15.0,-0.41,1.06
FE,2007-12-12,33.049352053715,33.049352053715,32.36773867166227,32.596439361572266,1945600,16.791981527953034,18.899591412046806,27.299993490494696,25.221840992819942,22.503839106229137,1.85,14.0,-0.45,1.07
FE,2007-12-13,32.48881201954623,33.089711106259436,32.48433017458421,33.000022888183594,1745900,16.67542000643535,18.532530478752165,26.31678749341025,25.25596302039881,22.526548731130084,1.76,10.0,-0.45,1.11
FE,2007-12-14,32.708536123602656,32.91481383360664,32.470868401668824,32.479835510253906,1177900,16.86415230614311,18.674761577347603,26.402015374586522,25.307644856403776,22.587293524403336,1.66,11.0,-0.51,1.06
FE,2007-12-17,32.466398853703694,32.6995814236011,32.282540536784126,32.38568115234375,1592400,16.881439788060643,18.69696341310037,25.45565551048045,25.16497138853577,22.590333962296,1.61,7.0,-0.55,1.14
FE,2007-12-18,32.49330047366358,33.17491731289025,32.4619104495713,33.11661911010742,1354300,17.84972115317969,19.097847551097892,25.62424214411061,25.296751277017066,22.692501836272047,1.55,7.0,-0.54,1.07
FE,2007-12-19,33.18836638246742,33.565046634016795,33.05832103240708,33.09419631958008,1480000,17.078002897305485,19.020813781306718,25.611460427568755,25.287383249454294,22.69285419566029,1.48,6.0,-0.55,1.08
FE,2007-12-20,33.26909570032888,33.49331119167224,32.66371113669632,33.07178497314453,1040300,15.964040341065683,18.949713173280582,25.593591370324198,25.26453974084591,22.688160248479,1.41,5.0,-0.57,1.09
FE,2007-12-21,33.340822856614615,33.62333639565611,33.21526280426499,33.524681091308594,1779400,16.15531080209602,18.832762883829126,24.938529754975416,25.310072733063176,22.722690331840784,1.39,2.0,-0.57,1.17
FE,2007-12-24,33.40807834958104,33.618841270462234,32.919290657540685,33.24664306640625,1005100,16.491583561917622,18.082948065541665,24.987733233229765,25.332234560675754,22.721857301456538,1.36,2.0,-0.61,1.14
FE,2007-12-26,33.139030796547196,33.295980863842956,32.937234920377044,32.97311019897461,786000,16.293170062052738,17.69013458402801,23.867855780620847,25.351744944519705,22.740056957759347,1.4,1.0,-0.66,0.98
FE,2007-12-27,32.97312890152846,33.13904959321225,32.59196325868081,32.632320404052734,861500,16.68441613873677,17.73041830153051,22.92623291800408,25.300637915145774,22.766467537803337,1.49,1.0,-0.72,0.82
FE,2007-12-28,32.67717009599746,33.11214531735774,32.67717009599746,32.94622802734375,954000,16.646549122631935,17.747762925821124,22.521001038455665,25.322674622437614,22.78298609210957,1.59,1.0,-0.78,0.93
FE,2007-12-31,32.798233521376126,33.10316664948494,32.43948745727539,32.43948745727539,931600,17.482717109304943,17.465728466278126,22.662203574672805,25.380758309181022,22.82964994909156,1.68,2.0,-0.84,0.84
FE,2008-01-02,32.34083438828575,32.86549766581524,32.08971078385455,32.237693786621094,1625600,17.639555117073442,17.506755368928832,21.38512946299937,25.393034238547692,22.832832518758213,1.82,1.0,-0.87,0.27
FE,2008-01-03,32.29150165921966,33.01347549393998,32.26907875155541,32.591949462890625,1237300,17.82448160087619,17.5730903176064,21.206323946592065,25.398134566546254,22.85449707257359,1.95,1.0,-0.9,0.34
FE,2008-01-04,32.47535438768004,33.65472946045228,32.43499726201742,33.32737350463867,3262000,18.647090777444944,18.040483902402517,20.559774595642917,25.52064908244247,22.95408388757283,2.1,1.0,-0.92,0.05
FE,2008-01-07,33.408089572315305,34.887912358114484,33.40360430703877,34.78925704956055,3936400,21.88689027733475,19.86646448778013,21.29687269006221,25.964757121198357,23.224955910377286,2.21,3.0,-0.78,0.47
FE,2008-01-08,34.89239799742488,35.206301597081556,33.735449181849035,33.7982292175293,4528500,23.79723066874848,20.6016366455066,21.73289850409671,26.19324801779801,23.417341286178484,2.31,5.0,-0.8,0.46
FE,2008-01-09,33.6143795138632,34.269088210698314,33.309446368093504,34.1211051940918,2258000,23.777953243185173,20.656324508411128,21.755160872915027,26.084521491019185,23.42584616894218,2.39,6.0,-0.8,0.45
FE,2008-01-10,34.017965884379436,35.17491834370328,33.946215303372064,34.90585708618164,2910900,24.366286638020416,20.704442337535582,21.419579844061012,26.21068411189354,23.5238674536635,2.48,5.0,-0.73,0.42
FE,2008-01-11,34.65472578939325,34.9462064441271,34.4394809578625,34.47087097167969,2650500,24.840776111942233,20.918373930618866,21.502951305988212,26.23501379859715,23.56262772630768,2.56,6.0,-0.74,0.38
FE,2008-01-14,34.67715284142306,35.1883636540173,34.37221977590585,34.497779846191406,1573200,24.83649964856006,20.846142200063955,21.503987651879182,26.200729088398806,23.53523572290762,2.64,7.0,-0.74,0.38
FE,2008-01-15,34.143518932024186,35.0897081408977,34.08073889722971,34.44845199584961,2674300,24.771843124829154,20.85391166693369,21.41792683548384,26.077089577777844,23.536754465531068,2.72,5.0,-0.77,0.42
FE,2008-01-16,34.547115929711886,34.99554681651304,33.919312003939034,33.99554443359375,2905700,25.102667215966378,20.682401107323667,21.54258403549896,26.06533118083477,23.57834986245944,2.79,9.0,-0.8,0.35
FE,2008-01-17,34.02693419130275,34.067294749850745,32.44845898752522,32.49330139160156,2952100,28.2794176468818,22.881133156337036,22.802476014290587,26.602044751445153,24.02682479373884,2.83,14.0,-0.82,0.79
FE,2008-01-18,32.74890113945785,33.13903717143255,31.748902360280912,32.16594314575195,4350900,27.864290575397078,22.97833195212135,21.969083085451576,26.63039243736323,24.04564906076746,2.88,12.0,-0.82,0.72
FE,2008-01-22,31.452941523821366,31.59643926799774,30.313926682621855,30.748905181884766,4139200,30.513688751383693,24.808413887609596,22.87275798912383,27.1625847335616,24.469431275595475,2.91,16.0,-0.83,1.19
FE,2008-01-23,29.905856124149373,32.15697760945984,28.896886656222673,32.10316467285156,3991500,32.92455998420662,26.01799817100723,23.4609064472441,27.493414821069432,24.826456274196076,2.93,18.0,-0.83,1.34
FE,2008-01-24,32.38119858675068,32.46191629484474,31.1345610893865,31.264606475830078,2049800,33.7333860968847,26.471107324172642,23.869028332126327,27.665309789368536,24.95391087047824,2.95,20.0,-0.82,1.16
FE,2008-01-25,31.502258149038852,31.56952344143724,30.627819611624425,30.739927291870117,2602200,33.48700799104283,26.513347775247205,24.027801892509842,27.737433329442446,25.01337466579054,2.96,21.0,-0.79,1.05
FE,2008-01-28,30.838581697303002,31.381185924747598,30.735444538949526,31.251140594482422,2191800,33.846345563413145,26.638888110105373,24.088346589984923,27.768572128845687,25.04979292671104,2.96,22.0,-0.77,1.02
FE,2008-01-29,31.29597509849462,32.14350874312375,31.228709817550943,31.55158042907715,2688300,33.759178182504144,26.550473422439108,24.08871090412388,27.77401483808498,25.063847538551027,2.97,23.0,-0.75,1.04
FE,2008-01-30,31.932743290989986,31.932743290989986,31.008977330248893,31.08969497680664,2160500,33.71848450369447,26.574347500360844,24.13542234081871,27.778844538772557,25.110342710693796,2.98,24.0,-0.72,0.99
FE,2008-01-31,30.94173111623118,32.13904076006213,29.99105640680491,31.93724822998047,2074400,34.69937048800776,27.108487634748275,24.30838698692586,27.96092234433821,25.24611596724184,2.98,25.0,-0.73,0.97
FE,2008-02-01,32.242176291646416,32.46190643310547,31.766837301161466,32.46190643310547,2584000,34.39825663805053,27.265916841159004,24.418631599080374,28.026427393764152,25.215275477925896,2.98,26.0,-0.75,0.91
FE,2008-02-04,32.36774531589604,33.251154813182374,32.36774531589604,32.9551887512207,2271000,34.69968827267175,27.20843893885626,24.500161066550763,28.045578433081666,25.252991438160006,2.98,27.0,-0.78,0.87
FE,2008-02-05,32.3858929133243,32.69312529293773,31.61329460144043,31.61329460144043,2198600,36.719986330242,28.329327509670943,25.437514552633928,28.47078762851573,25.52340971258964,2.97,30.0,-0.79,0.84
FE,2008-02-06,31.794014764974047,32.223234827787806,31.545516762048816,31.685577392578125,1675900,36.46103124454482,28.277607491822152,25.399288914763257,28.418991208246798,25.522058923196695,2.96,30.0,-0.78,0.85
FE,2008-02-07,31.545535631386404,31.9521674034719,31.224749302034066,31.839214324951172,2265800,36.458387366983345,28.289825484071716,25.404940515109953,28.424463578903097,25.518121218342927,2.95,31.0,-0.78,0.85
FE,2008-02-08,31.572629718155532,31.952153691585263,31.44160378965318,31.61329460144043,1310900,36.441344360010405,28.228567918091514,25.43704273194513,28.386720937395303,25.49574661031385,2.94,32.0,-0.79,0.83
FE,2008-02-11,31.54102382057237,31.875367492016444,31.400963073947675,31.739822387695312,1278600,36.37153851121637,28.19524577923202,25.30114579226404,28.027677323846994,25.498048943381864,2.93,30.0,-0.78,0.89
FE,2008-02-12,31.739815774683706,32.29554645014726,31.681081413477994,32.15096664428711,1988100,36.466653248859124,28.275883583924355,25.133161534979525,28.067193749561557,25.527414622061123,2.92,30.0,-0.77,0.95
FE,2008-02-13,32.30005344628636,32.62083969695855,31.97926719561418,32.218727111816406,1680400,36.20660720520152,28.266529753592284,25.04634269836305,28.052655730918584,25.527128532867838,2.91,30.0,-0.76,1.01
FE,2008-02-14,32.32716537077095,32.6795783470372,31.916014600424553,32.03800582885742,1244800,36.19816981803491,28.28729893751137,25.064610728013776,28.04605656444866,25.52820047265232,2.9,31.0,-0.75,0.99
FE,2008-02-15,31.970240961908868,32.254881484648486,31.71722371686363,32.250362396240234,1009500,36.10417284311962,28.311383989134637,25.06113844302241,28.045716278465466,25.527404283141692,2.89,31.0,-0.74,1.01
FE,2008-02-19,32.557589920308324,32.59825481563653,32.04704331422577,32.23228454589844,1191600,35.45928152089602,28.260499161855517,25.011742031320296,28.04547577421557,25.518253297251547,2.88,30.0,-0.72,1.03
FE,2008-02-20,31.807580052306843,32.114812490853325,31.66751592418402,32.07866668701172,1204600,32.914618987995325,28.27435363247125,24.982141454610645,28.05179473660929,25.50235580383728,2.87,29.0,-0.7,1.03
FE,2008-02-21,32.15096210396446,32.15547774468949,31.40547118490955,31.473243713378906,1096600,32.352540761336,28.546456270914746,25.086153867908145,28.005430890299067,25.558151072148693,2.86,35.0,-0.66,0.98
FE,2008-02-22,31.61782443488429,31.857284388451887,31.242819420365105,31.807584762573242,1346500,32.38778874710301,28.609815589727532,24.784209187406535,28.023304542441156,25.576429478660206,2.84,28.0,-0.69,1.13
FE,2008-02-25,31.89794275881621,32.22324811604911,31.56360267368407,32.182586669921875,1825200,31.7984951745585,28.69729142370701,24.58282288027746,27.64651986829846,25.600451716751536,2.83,28.0,-0.68,1.21
FE,2008-02-26,32.07867462143335,32.21873533714557,31.64945429757397,32.17807388305664,1907700,31.66813826137393,28.6975087606044,24.530637099724732,27.6120325552439,25.54419229997421,2.81,28.0,-0.7,1.26
FE,2008-02-27,32.196139521553405,32.24132005380473,31.414502870096296,31.491310119628906,1585700,32.13877605789439,29.067111242151533,24.765293437556853,27.727164583895448,25.535686635039706,2.79,30.0,-0.68,1.11
FE,2008-02-28,31.55456843984656,31.62686006028465,31.08468669521573,31.59975242614746,1545100,32.19088351275389,28.97345417707396,24.465675077107228,27.661515262473667,25.516097247305503,2.77,27.0,-0.65,1.23
FE,2008-02-29,31.355767271464345,31.50486612429145,30.406962343838842,30.53798484802246,2683900,33.328615888556456,29.712492386354782,25.063636352634195,27.926832289328956,25.751428147444265,2.74,39.0,-0.63,1.04
FE,2008-03-03,30.3391860584929,30.47472763301197,29.891893002589708,30.43858528137207,2523800,30.906074051173576,29.467578616023925,25.058451354254895,27.927656702286484,25.70279360322334,2.72,38.0,-0.61,1.05
FE,2008-03-04,30.312080745124582,32.105775843185455,30.27141929915927,31.373842239379883,4665200,32.193499081104235,29.855181258170344,25.48181336797021,27.902395473668662,25.86268551771,2.69,50.0,-0.58,0.93
FE,2008-03-05,31.37384838866537,31.86632215950138,31.125350235548034,31.825660705566406,2304800,29.60016048210634,29.914246620444363,25.565702581053852,27.867219531608868,25.873054799144,2.66,51.0,-0.54,0.9
FE,2008-03-06,31.825651686973245,31.85727840231192,31.04853417059041,31.125341415405273,1886500,27.539595286642214,30.093438233917375,25.657440746767406,27.996886959245042,25.973573824918223,2.62,55.0,-0.52,0.83
FE,2008-03-07,30.94010928274091,31.1479425369153,30.556066051949983,30.91299819946289,1964800,26.533504085949282,30.11591403825507,25.67400734510597,27.714581825259714,25.98369039675232,2.59,56.0,-0.51,0.81
FE,2008-03-10,31.003356970721647,31.003356970721647,30.045513786512988,30.610279083251953,2953600,26.227294378829356,29.849695085352764,25.575398034822477,27.685614424547932,26.001619015521655,2.55,52.0,-0.48,0.86
FE,2008-03-11,31.066602349653117,31.662994210425904,30.940095507527513,31.61329460144043,2012900,27.46327643124274,30.591726088596566,26.07324076899645,27.88416020263603,26.182232067821953,2.52,58.0,-0.44,0.75
FE,2008-03-12,31.807574825861302,32.11480721392505,31.29702490988673,31.31509780883789,1503300,27.464568587125772,30.527614820570253,26.1005338938395,27.887456134167927,26.14865426221381,2.5,59.0,-0.4,0.73
FE,2008-03-13,30.94462000880704,31.102753606750525,30.650941357166904,30.831666946411133,3014400,27.502733873969383,30.520740310103058,26.224976245028387,27.944973300124026,26.195742151328893,2.47,60.0,-0.36,0.66
FE,2008-03-14,30.931049548353222,31.15243646634224,30.172005239624525,30.601228713989258,3198000,26.331344895642484,30.548379508778527,26.09297522153132,27.914527646979515,26.1983017513944,2.44,59.0,-0.36,0.72
FE,2008-03-17,30.30755508896776,31.05304570878621,30.235263501736892,30.809066772460938,2518700,25.91580189722242,30.206910337814126,26.11081605325361,27.90455196350592,26.192213969468515,2.4,61.0,-0.35,0.72
FE,2008-03-18,31.333168702312086,31.66299305471766,30.84521080302143,31.65847396850586,2667100,26.821286185883373,30.762698793599213,26.439379095816484,28.071013576536664,26.321545765057884,2.37,65.0,-0.35,0.62
FE,2008-03-19,31.997347971570974,32.218735040476965,31.03046989440918,31.03046989440918,1709700,24.65280552792579,31.01582723942221,26.596404831792952,28.01321666660076,26.322867570982794,2.34,66.0,-0.33,0.54
FE,2008-03-20,31.242818167496306,31.545531551487773,30.569618871755328,31.40998649597168,1719600,24.918479136232445,30.988047202575036,26.491467123464453,28.03414504629788,26.32100543146723,2.3,66.0,-0.3,0.58
FE,2008-03-24,31.47775320213667,31.685586387651142,30.87684218596572,31.13437843322754,1612400,24.988327185917072,30.99304907826939,26.43624299891082,28.054659505579053,26.336489198556766,2.27,65.0,-0.27,0.59
FE,2008-03-25,31.08467869601919,31.409980563116253,30.863288250689838,30.994314193725586,1634700,24.9418470604445,30.96551239612285,26.32998945005082,28.05489337084488,26.338525900636263,2.24,64.0,-0.27,0.63
FE,2008-03-26,30.759375752323304,31.03498147321492,30.66901124306581,30.777448654174805,1993500,24.967580485443204,30.929715495810882,26.30113227813993,28.06853731483338,26.335740233697308,2.21,63.0,-0.26,0.65
FE,2008-03-27,30.967223636564142,31.188610756874965,30.86330526340711,30.881378173828125,1486000,24.658014728928997,30.865415363453184,26.207502989469848,28.017919561149,26.332188414841877,2.18,62.0,-0.27,0.69
FE,2008-03-28,30.971730801232077,31.301551810026467,30.6057605384586,30.66901397705078,1330500,24.686704972019403,30.743869533078854,26.139165765315525,28.010915881248494,26.339247837804386,2.15,62.0,-0.27,0.73
FE,2008-03-31,30.77293362079784,31.147938627746917,30.497327863599505,31.003358840942383,1815300,24.916201745250024,30.81722005112484,26.179764248600485,28.007766852772114,26.35751990154475,2.12,63.0,-0.26,0.71
FE,2008-04-01,31.608789396430613,32.40398004236251,31.26541106911045,32.17807388305664,2969000,27.208748022184587,31.696088228814208,26.812486515375888,28.237575826651224,26.599832498456927,2.09,74.0,-0.27,0.62
FE,2008-04-02,32.30006220693047,32.769947439418665,32.07867513245918,32.503379821777344,2224000,27.365894446352858,31.422400219421633,26.735082926289017,28.12632691892358,26.51715254699793,2.07,74.0,-0.27,0.66
FE,2008-04-03,32.534991676477226,32.71119812724275,32.29101271840506,32.44914627075195,2176800,27.330797942472596,30.09593068557169,26.5719283491273,28.115862775039798,26.517636688359726,2.04,73.0,-0.26,0.74
FE,2008-04-04,32.47174408797239,32.982290633552495,32.39041775400752,32.62535858154297,1666800,26.732242993492143,29.56192964183485,26.547987734335855,28.09501259464521,26.51630442988399,2.02,73.0,-0.26,0.75
FE,2008-04-07,32.675062955565046,32.855788551466155,32.408495373077784,32.65699005126953,777400,26.584273464945664,29.48907488381668,26.547964759304175,27.911667593518658,26.499740305383103,2.0,73.0,-0.25,0.75
FE,2008-04-08,32.43559662291218,33.027469472134506,32.403969908382436,32.941627502441406,1533100,26.490905972587647,29.149953502240027,26.507989628729234,27.803711740534197,26.511569522250056,1.98,73.0,-0.27,0.78
FE,2008-04-09,32.937118559791614,33.25338580249613,32.7473582141689,32.91000747680664,1443200,26.49443971343907,29.049992624374493,26.484104241126378,27.794831573588,26.511860451630632,1.96,72.0,-0.28,0.79
FE,2008-04-10,32.973253321006,33.483799826557124,32.70668235116727,33.27596664428711,3344800,25.78376085930396,29.149653770791602,26.51679788194049,27.273289092192503,26.53208792965755,1.94,75.0,-0.32,0.78
FE,2008-04-11,33.09976423206227,34.062123020586085,33.09524514468318,33.86784362792969,2512400,26.185307310804024,29.387263595515524,26.641391373386565,27.3153534406519,26.530615014465734,1.93,80.0,-0.38,0.73
FE,2008-04-14,33.849775437896156,33.867848342874844,33.40248224259965,33.66001510620117,1597400,23.956807036882065,29.28965727939074,26.659061965550425,26.834372244568822,26.538935977642748,1.91,81.0,-0.43,0.71
FE,2008-04-15,33.84978439393147,33.84978439393147,33.33019944124752,33.524478912353516,1569800,23.976124822167762,27.761661172137575,26.671205328359825,26.82553555446828,26.53340656166112,1.89,82.0,-0.47,0.7
FE,2008-04-16,33.8452557341616,34.17959581849777,33.226271739397404,34.06664276123047,1844400,22.91292684065496,27.850887333622985,26.74641783878832,26.875890700090437,26.57876449255823,1.88,84.0,-0.52,0.67
FE,2008-04-17,33.899473273638655,34.36032370860931,33.899473273638655,34.075679779052734,1213100,22.65759500309341,26.149761877976157,26.739663613881415,26.861812421278643,26.56181163754865,1.87,84.0,-0.57,0.68
FE,2008-04-18,34.41453600238493,34.67658791752359,33.94465087949778,34.23381042480469,1417700,21.435424317591046,24.697284968631823,26.730099448525845,26.471076634620832,26.55921765001616,1.86,83.0,-0.61,0.68
FE,2008-04-21,33.98079149412691,34.5500757700822,33.98079149412691,34.41001510620117,1440800,21.229079065619,24.03242943863487,26.72913237131121,26.47445682885007,26.53237991230903,1.84,83.0,-0.65,0.69
FE,2008-04-22,34.32869134530181,34.88893748972757,34.11633906674719,34.64495849609375,2157800,20.86013098091284,23.741565427335498,26.74327388864331,25.892700490277736,26.534000641794393,1.83,87.0,-0.67,0.69
FE,2008-04-23,34.49586229588041,35.08321956050251,34.49586229588041,35.01996612548828,2070400,19.208152686070243,23.620866098900805,26.78431951111567,25.389018750214444,26.46182026206199,1.82,89.0,-0.63,0.67
FE,2008-04-24,35.24134906939388,35.39948263862794,34.626884245753004,34.66754913330078,1223100,19.246137580450206,23.69218459490552,26.846565376718107,25.199771625278544,26.478401197765457,1.81,91.0,-0.67,0.63
FE,2008-04-25,34.61332451351678,35.12839002069263,34.61332451351678,34.74435043334961,1480000,18.396216858209602,23.446978513220714,26.790525698439836,25.191968690602913,26.463999281808263,1.8,90.0,-0.7,0.66
FE,2008-04-28,34.73531386875328,34.95670428512339,34.38290097353928,34.45519256591797,1304300,18.444213081777995,22.946431947304358,26.770435897691574,24.58323705761876,26.455225230326622,1.79,89.0,-0.76,0.65
FE,2008-04-29,34.44164819429705,34.64044323372092,34.21574207677381,34.278995513916016,1201100,18.607963886254048,22.766400401620903,26.646276659386448,24.49070549840641,26.37486671298401,1.78,81.0,-0.82,0.7
FE,2008-04-30,34.24285187465941,34.85279774115793,34.15248735369969,34.175079345703125,1696400,17.28661564570484,22.586702840218333,26.478403708810728,24.05313620863807,26.330882638176085,1.77,72.0,-0.88,0.77
FE,2008-05-01,34.92508309569473,34.92508309569473,34.20218084585283,34.658512115478516,1793000,16.205563426094084,20.968881747874313,26.511676679045916,23.978039866090246,26.35163691989189,1.75,76.0,-0.94,0.75
FE,2008-05-02,34.72628177224176,35.70219421386719,34.72628177224176,35.70219421386719,2770500,17.72462995292986,21.747375037100998,26.831378642474217,24.149877919922538,26.512579809568905,1.74,96.0,-0.82,0.67
FE,2008-05-05,35.69310601863889,35.69310601863889,34.94239334345321,35.119834899902344,1614900,18.341513000016,22.0634414410841,26.969597170986106,24.240989633723427,26.566350035876003,1.74,98.0,-0.85,0.6
FE,2008-05-06,34.81043833574412,35.128922193039095,34.569300062190244,34.93783187866211,1249000,18.370313525864454,22.034320303516925,26.736078151265108,23.947607799577515,26.468252034463173,1.73,89.0,-0.91,0.7
FE,2008-05-07,34.83774225763898,34.93783819408626,34.30541765513044,34.400962829589844,1394000,18.965434670482324,22.30640022944726,26.84899497169109,24.011772688674895,26.509781521831282,1.73,99.0,-0.97,0.64
FE,2008-05-08,34.596610173486624,34.77405173962434,34.13708032392268,34.5374641418457,1432300,18.965288176505606,22.184117475988284,26.788516780990694,24.013914275628704,26.512106025445714,1.73,94.0,-1.02,0.67
FE,2008-05-09,34.41006362130208,34.73309832386735,33.98238568318665,34.573856353759766,1263400,18.716355572799994,22.183317959452452,26.660100261733426,23.96077626954194,26.481565863185658,1.73,83.0,-1.08,0.73
FE,2008-05-12,34.75585623730874,34.79225540161133,34.414621882206575,34.79225540161133,769800,18.617942425492764,22.161749134568836,26.66911286528107,23.964562610864466,26.476153317477845,1.74,83.0,-1.13,0.73
FE,2008-05-13,34.97423206298973,35.01972926235091,34.32815933569121,34.55564880371094,1425600,15.946055803969738,22.197215218912046,26.468743686681563,23.983091135311067,26.450709821140727,1.75,68.0,-1.17,0.81
FE,2008-05-14,34.64209660302884,35.101626309530495,34.4282559434326,35.03792953491211,1751900,16.14205732507438,22.34597220790597,26.553794940832553,23.56224470912536,26.484072183212554,1.75,76.0,-1.21,0.77
FE,2008-05-15,34.91509338846511,35.0151893407749,34.46466507428589,34.728553771972656,1295000,16.43594176176329,22.40985447583341,26.595403441324265,23.42119275217815,26.49979550165939,1.76,77.0,-1.25,0.74
FE,2008-05-16,34.814985799548374,35.006079586093314,34.523799565363554,34.951480865478516,1008500,16.454783213350453,22.025148167173313,26.529505006786486,23.229055814142676,26.478339157008,1.76,72.0,-1.27,0.78
FE,2008-05-19,34.93328284938667,35.71584719035296,34.85593726181099,35.50200653076172,1631400,16.894711004612752,22.135864565644173,26.600976368853473,23.28284895734632,26.515976131438045,1.77,78.0,-1.28,0.75
FE,2008-05-20,35.89783790014235,36.143526936348145,35.538404132612406,35.87053680419922,1504000,16.951358228352547,22.11109908091182,26.60601888893191,23.297182743680725,26.49633646444027,1.77,78.0,-1.25,0.75
FE,2008-05-21,36.00703883884378,36.57576260553163,35.68400415591081,35.815948486328125,1757500,16.963097361795274,22.118118126906104,26.54791291806499,23.265497611155467,26.496529886876534,1.76,70.0,-1.26,0.78
FE,2008-05-22,35.738577322483536,36.06161177434217,35.55203439426567,35.88871765136719,910300,16.782955068703114,21.57573002268514,26.51238551667725,23.24427089289072,26.45579859542828,1.74,67.0,-1.26,0.8
FE,2008-05-23,35.78864741631282,36.01613690112168,35.351864550811435,35.37916564941406,1080800,16.8361143941974,21.836169801213956,26.494212787509237,23.26970470960229,26.21472306067786,1.73,64.0,-1.3,0.81
FE,2008-05-27,35.42466889806223,35.75225436749026,35.27907574178474,35.51111602783203,1458500,16.690887319374152,20.50361904726853,26.473376725077376,23.171824651252756,26.216527115399245,1.68,60.0,-1.33,0.82
FE,2008-05-28,35.570256471996025,35.984285535002094,35.51111045477062,35.875091552734375,1125900,16.76921880867636,20.527206821451244,26.466624122989767,23.193239820886742,26.223255128783713,1.63,58.0,-1.35,0.83
FE,2008-05-29,35.879637311870844,36.389214943428556,35.73859495980612,36.261817932128906,1288600,16.45717985522863,19.78529537710885,26.29195291999256,23.21166120335243,26.23213438828065,1.56,53.0,-1.33,0.9
FE,2008-05-30,36.12077957127944,36.42561464319897,35.66124984700968,35.81139373779297,1225800,16.98688665739167,19.85979772812977,25.493752273578114,23.26498515656283,26.256229433901485,1.5,40.0,-1.32,0.89
FE,2008-06-02,35.67944438402299,35.67944438402299,35.16076871747741,35.51565170288086,1083900,17.20182762240734,19.33181601732419,25.09999469635585,23.270398683224553,26.27118628515101,1.46,32.0,-1.35,1.03
FE,2008-06-03,35.57025598356213,35.89329063544503,35.206271419382325,35.37916564941406,1109400,17.22150580051256,19.28164165875471,25.0674640883277,23.27809575350176,26.2747936502418,1.41,30.0,-1.37,1.05
FE,2008-06-04,35.392812725574025,35.88419082172939,35.23357078826828,35.734046936035156,1010600,17.339920263909278,19.17843084431754,24.858522745125537,23.298539891379207,26.181324046784756,1.34,22.0,-1.37,1.13
FE,2008-06-05,35.66125913895056,36.057092189277796,35.30637601096783,35.920597076416016,1503300,17.142459279468806,18.16607781904507,24.785913108826943,23.220263660476657,26.1777878506338,1.28,21.0,-1.37,1.19
FE,2008-06-06,35.75222931532903,35.98881672679387,34.842271858412815,34.956016540527344,1856600,18.735757285505617,18.99525113814163,25.170896397989384,23.322584030166205,26.013761288853004,1.21,33.0,-1.38,1.01
FE,2008-06-09,35.201732736285095,35.547514338468964,34.97879048738574,35.44287109375,945600,19.138406512705565,18.79987120949189,25.26321093123728,23.319415462756563,26.021085063964218,1.13,33.0,-1.39,0.97
FE,2008-06-10,35.2563178243073,35.797743884992954,35.01973029790483,35.74769592285156,1270400,19.073583158227095,18.72943555258044,25.203201040978975,23.333131907306086,26.02486236575214,1.05,32.0,-1.41,1.02
FE,2008-06-11,35.611196481051515,35.911484217063226,35.251766209711654,35.269962310791016,1619700,19.463365809855745,18.99343887297433,24.222842057489135,23.386293593922964,26.0109978750105,1.02,9.0,-1.45,0.91
FE,2008-06-12,35.51109455740262,35.77043231869868,35.34275116205823,35.59299087524414,1636100,19.565537353093006,18.32911379200705,24.19410014295633,23.3754752230802,25.996384942085726,0.96,8.0,-1.48,0.93
FE,2008-06-13,35.87053664740475,36.398313864624384,35.6930951450118,36.30276870727539,1977100,19.952634287061617,18.102505905864152,23.22070479205964,23.452820513370888,26.062283360380366,0.95,1.0,-1.48,0.65
FE,2008-06-16,35.93879156305727,36.38467252683038,35.30637100743823,36.289127349853516,1242400,18.085437486539416,18.002308543412624,22.251145673805095,23.392741901554036,25.87666679096864,0.99,1.0,-1.49,0.52
FE,2008-06-17,36.30732189837945,36.39831630064548,36.11168080941492,36.22087478637695,908000,17.37520476988979,17.873386125761314,21.81017154657475,23.184766265774204,25.81060564554609,1.05,1.0,-1.49,0.66
FE,2008-06-18,36.14807596862468,36.39376501667242,35.95243488246892,36.18902587890625,1574700,17.285637525003526,17.827826828760223,21.613533262093505,23.035633340941885,25.810859938114767,1.11,1.0,-1.49,0.77
FE,2008-06-19,36.298223914892134,37.14448512909884,36.229976370930764,37.1171875,2614300,17.903645133981744,18.309474331628145,21.812637967854485,23.17818015528172,25.690942805221955,1.17,3.0,-1.44,0.71
FE,2008-06-20,36.862407349758705,37.42203320341809,36.826011657714844,36.826011657714844,2759600,18.148625811495062,18.447487063699842,21.82865167355879,23.188907291370363,25.666889579800976,1.22,4.0,-1.42,0.69
FE,2008-06-23,36.90789550138283,37.599462012296335,36.90789550138283,37.217281341552734,2014200,18.30801492045785,18.39703564961464,21.717319714828022,23.04435967991118,25.637912734177092,1.28,2.0,-1.38,0.76
FE,2008-06-24,37.1535921184458,37.763262399434296,37.10354414359274,37.44477844238281,1974700,18.304408967385964,18.338703221734413,21.353403675239598,23.04327605893785,25.627239602332413,1.34,1.0,-1.33,0.89
FE,2008-06-25,37.62674571935756,37.986179391225896,37.249115949988244,37.54484939575195,1743100,18.092061414868564,16.910588022608096,21.223740966160413,23.033621871980944,25.620387092584934,1.41,1.0,-1.3,0.96
FE,2008-06-26,37.20365070532964,37.52668901847104,36.43473815474762,36.4438362121582,1752900,20.07646978583869,18.085932058124452,21.67986633118803,23.312495916660282,25.773110407386984,1.46,4.0,-1.33,0.87
FE,2008-06-27,36.58942126293494,36.862408050134505,36.32553253111539,36.40288162231445,1904000,19.85952154818489,18.081668583566028,20.5808469299427,23.306474086365824,25.756388348811765,1.54,1.0,-1.34,0.57
FE,2008-06-30,36.384672847747,37.731410332731386,36.1708321525827,37.45842361450195,2336400,21.315781944320918,18.878989208008104,21.027854800115634,23.440647495165436,25.895567678799313,1.6,2.0,-1.31,0.45
FE,2008-07-01,37.21272523739612,37.84514564072339,36.86238953496345,37.594905853271484,1951000,20.94476991820763,18.8788588974606,21.024121817192963,23.439628175371226,25.77646346816454,1.66,2.0,-1.29,0.45
FE,2008-07-02,37.58126437666412,37.78600700759981,37.09898775167592,37.11263656616211,1904200,21.214337035783903,19.086926933731327,21.105624417447867,23.39878770020845,25.801298663429318,1.72,4.0,-1.28,0.41
FE,2008-07-03,37.34467089746122,37.81784939474449,37.07623152739624,37.21272659301758,966800,21.203629832194917,19.077514294066805,21.1028836197553,23.397017496740215,25.80081732104917,1.77,4.0,-1.27,0.42
FE,2008-07-07,37.2536707365074,37.617655241613654,36.31641532199703,36.85329055786133,1946300,21.4388437605139,19.13315020406148,21.100042035613995,23.416659860553057,25.817343209348593,1.82,4.0,-1.27,0.42
FE,2008-07-08,36.944289292470586,37.53576331501087,36.40286670326134,36.87604522705078,2973600,20.95116959589637,18.843687085054018,21.100035361187437,23.416085019194067,25.81723986788148,1.87,4.0,-1.28,0.42
FE,2008-07-09,36.99889636282942,37.80420775738342,36.694061231138306,37.626766204833984,2111900,21.64058952167771,19.160744376812165,21.279186652019398,23.41244629503389,25.84372748571776,1.91,9.0,-1.26,0.34
FE,2008-07-10,37.51301900725777,37.722312412224156,37.203633133186564,37.70866012573242,1563800,21.498674076933238,19.121413766838895,21.264312100401398,23.41246393394914,25.83054622223867,1.95,9.0,-1.24,0.35
FE,2008-07-11,37.353779583226434,38.218240478775,37.199088371281114,37.85880661010742,2653000,21.339916192045578,18.90046006873011,21.264965049622102,23.404584437613362,25.811289359281048,1.99,10.0,-1.22,0.35
FE,2008-07-14,37.92249752454683,38.19093692944725,37.35832455777894,37.49481964111328,1673500,21.19420463699073,19.042904027820168,21.31636564310592,23.41484275168534,25.75305148727649,2.03,12.0,-1.2,0.32
FE,2008-07-15,37.280971529570024,37.79964718886845,36.96248422237102,37.290069580078125,1887000,21.09624423602338,19.086653083752225,21.08991419807872,23.330413089015764,25.652439914286397,2.07,4.0,-1.18,0.41
FE,2008-07-16,37.14448850265044,37.49937159802376,35.87964732838571,35.94334411621094,2700800,23.822133301422483,20.6110703211531,21.906608709310998,23.705684888733767,25.9192096879533,2.09,21.0,-1.15,0.53
FE,2008-07-17,35.934238258365866,35.934238258365866,34.6784954102846,35.02882766723633,2642800,24.821979750040203,21.27146918566754,22.25501319709308,23.84944719177898,26.035650351945673,2.11,23.0,-1.11,0.44
FE,2008-07-18,34.86502907742936,35.96608056576023,34.31905582944749,34.892330169677734,3021300,24.77512480669656,21.171979428345914,22.26728373716599,23.81910974480553,25.899882049661855,2.13,24.0,-1.07,0.43
FE,2008-07-21,35.06067433450745,35.479257577478954,34.54654940644928,35.36551284790039,1230300,23.816773812015395,21.245229303927893,22.06458755573539,23.81260935609063,25.834956170863283,2.15,22.0,-1.01,0.5
FE,2008-07-22,35.07433540566539,35.94334710956069,35.07433540566539,35.20627975463867,2053900,23.50844420619079,21.264502470820393,22.07978923333714,23.75879812540243,25.83319947767471,2.17,23.0,-0.95,0.49
FE,2008-07-23,35.360963446665174,35.47470818061805,33.422752208168255,33.62749481201172,3576000,26.804747041520432,23.212244297588683,22.626842022733964,24.383691441727667,25.838434866375632,2.18,27.0,-0.9,0.98
FE,2008-07-24,33.509200010907165,34.03242649217186,33.08606945298872,33.4546012878418,2476200,26.604774932244673,23.212486291511468,22.637839975426512,24.379430036056416,25.82401203689094,2.19,28.0,-0.87,0.97
FE,2008-07-25,33.51376792909021,33.70030758710167,32.81309957818543,32.85859680175781,2009300,26.800195407592664,23.485118276522005,22.340808062498336,24.404423064236628,25.527236953980537,2.21,27.0,-0.83,0.99
FE,2008-07-28,32.8403676078266,33.190699731796954,31.894010937447227,32.9177131652832,3180000,25.98861608670783,23.29097428689112,22.231608069591953,24.30716770967056,25.516622999635914,2.22,24.0,-0.8,1.05
FE,2008-07-29,33.08151748285416,33.28170932223197,32.74483404762091,33.15886306762695,1605200,26.157350049820412,22.475565435492694,21.960612409125194,24.29850769016603,25.520813280590986,2.24,22.0,-0.75,1.2
FE,2008-07-30,33.236209228706734,33.97327280728288,32.98141869045101,33.66388702392578,1952700,26.679568153027834,22.493758994971817,22.04679600774192,24.359910034079967,25.5484202852761,2.26,23.0,-0.7,1.16
FE,2008-07-31,33.70938873380919,33.90502982112578,33.38635409590764,33.46370315551758,1595900,26.694417675923386,22.50086129910094,22.007488410759766,24.33231891704393,25.25622686529309,2.27,23.0,-0.66,1.19
FE,2008-08-01,33.62294439413318,34.07792333459177,32.43089832049466,32.52644348144531,3209900,26.34874517791354,23.01310883321169,21.91406474050074,24.55620182037151,25.42331967415076,2.28,22.0,-0.64,1.12
FE,2008-08-04,32.544640711178324,32.84037769541506,31.288897954033146,31.37079429626465,2778300,27.903823731611908,24.09319719294662,22.615437763820673,24.92747621947712,25.26958821609438,2.29,33.0,-0.64,1.03
FE,2008-08-05,31.64139931962282,31.756058691631004,30.811266586004006,31.384563446044922,3011200,27.55409253017737,24.090633512616407,22.477143636511585,24.921675686601514,24.87026423414918,2.29,33.0,-0.65,1.14
FE,2008-08-06,31.233191207328993,32.06332688118189,31.21943265181123,31.61844825744629,2226800,27.606154249964334,24.107549302281377,22.472221519165604,24.92977541196564,24.708264975182708,2.3,33.0,-0.68,1.16
FE,2008-08-07,31.42125135701474,32.35687213553792,30.990131052436414,31.58177375793457,2281200,27.5282274983564,24.083003199716845,22.4496049926628,24.93005599526184,24.704198358377084,2.3,33.0,-0.7,1.17
FE,2008-08-08,31.74687469716481,32.654974598271195,31.4854515742251,31.994539260864258,1391900,27.07422316966155,24.059821493774862,22.126378196618948,24.952981343543698,24.289398332639475,2.31,28.0,-0.7,1.26
FE,2008-08-11,31.994545788324825,32.43942462318941,31.77898565191616,32.274314880371094,1526000,27.324461598904765,24.099934667755697,21.929947302108648,24.97043179268733,24.232385430332602,2.31,23.0,-0.7,1.41
FE,2008-08-12,32.44400540079716,32.44400540079716,31.187340032196115,31.31117057800293,1873500,26.53844113919193,24.768439127090172,22.381159860266173,25.225356671088665,24.102777672522457,2.31,35.0,-0.7,1.22
FE,2008-08-13,31.260728978918422,32.1871750499935,31.228620999585107,32.132137298583984,1532900,27.982412002094065,25.1631741344215,22.709899920597586,25.405382048593523,24.15441954726598,2.31,42.0,-0.7,1.14
FE,2008-08-14,31.91198956511932,32.3522810276088,31.659737607852982,32.26055145263672,2225200,28.008156615403664,25.06752957568193,22.704012057667704,25.409091198949568,24.11741579305017,2.31,42.0,-0.71,1.16
FE,2008-08-15,32.37979939318712,32.8888871816617,32.24679412871735,32.79716110229492,1805900,28.602921055235836,25.34552992989016,22.815001716232157,25.480877965766396,24.168051399016264,2.31,44.0,-0.74,1.13
FE,2008-08-18,32.898067140049655,33.03106892662267,32.54032697551753,32.83385467529297,1447400,28.594239387577947,25.34084594405443,22.810928540880525,25.48100834211881,23.940774942983563,2.3,44.0,-0.76,1.13
FE,2008-08-19,32.57701371314761,33.14113925045119,32.57701371314761,33.02189254760742,1485700,28.701282341065742,25.24018281369606,22.793034031434942,25.45049861079116,23.93517902511316,2.3,44.0,-0.83,1.16
FE,2008-08-20,33.095283551958936,33.31542759159921,32.83844417354338,33.28791046142578,1947100,28.033553211792682,25.290979115723903,22.76560126973607,25.42528753502184,23.946182605630952,2.3,44.0,-0.86,1.18
FE,2008-08-21,32.90723582948329,33.8015774245018,32.90723582948329,33.659400939941406,1084800,28.324470542473186,25.30879617635049,22.067471998370987,25.369733505045843,23.928206203576316,2.29,28.0,-0.82,1.19
FE,2008-08-22,33.85202508610601,33.934579957368264,33.45301279094313,33.76947021484375,1182800,28.30832938459305,25.206420830961356,22.018471280638735,25.266904186893107,23.92737100681051,2.29,26.0,-0.79,1.21
FE,2008-08-25,33.93917005410123,34.007966368900945,33.457599349629156,33.659400939941406,1131600,28.254104364457213,25.10022878433332,22.023709506406274,25.23670876655302,23.930397382326497,2.28,27.0,-0.75,1.2
FE,2008-08-26,33.393392101760234,33.888721394773945,33.393392101760234,33.66399002075195,1639100,28.268491858875738,25.055503112236178,22.008839001615478,25.184817998427363,23.605124536980078,2.28,26.0,-0.72,1.2
FE,2008-08-27,33.74653246220527,33.91622601918145,33.56307684733592,33.77863693237305,1145300,26.489196969761903,25.06300068163045,22.01406439825086,25.18786890019858,23.488936743100215,2.27,27.0,-0.68,1.2
FE,2008-08-28,33.911650976071186,34.076760722437356,33.63646573271041,34.01713562011719,923500,25.63100339209969,25.016259914603893,21.99976450352434,25.05942767261852,23.349420987912467,2.27,25.0,-0.65,1.21
FE,2008-08-29,33.92082331525231,34.003378191187146,33.20076270259185,33.31542205810547,1199300,26.261580158435795,25.316061080534126,22.25421313681205,25.17592761565524,23.446412494122796,2.26,38.0,-0.63,1.02
FE,2008-09-02,33.50346948523976,33.73278822641423,32.645816133561794,32.68709182739258,1836200,26.336949514001727,25.01138442920812,22.390222649863325,25.235481161640433,23.521815368742814,2.25,43.0,-0.65,0.89
FE,2008-09-03,32.687091932834555,32.80633865838531,31.604710690195738,31.68267822265625,1849200,27.60912518753328,25.55884958423536,22.741004541907113,25.435161221239806,23.70902397617549,2.23,52.0,-0.69,0.76
FE,2008-09-04,31.522154035244576,31.879890692707118,31.320352433957552,31.517566680908203,2074600,24.530934729379645,25.474526061610653,22.73576824281884,25.440198127448145,23.70421969572754,2.21,52.0,-0.71,0.76
FE,2008-09-05,31.444181465580662,31.568015532705417,30.86630081608496,31.508390426635742,2132800,24.51983669333802,25.36652334759187,22.7293797842748,25.299327898022213,23.664952720607946,2.2,52.0,-0.73,0.77
FE,2008-09-08,31.879890228022454,33.31542419128451,31.879890228022454,32.33852767944336,2605800,25.32938579527906,25.909539721855495,22.96904934645008,25.489654621821305,23.738508838191947,2.18,59.0,-0.78,0.74
FE,2008-09-09,32.26054728179543,32.40272722983888,30.710354406003493,30.80208396911621,4457000,28.89895147640576,27.261360135584173,24.207061512824367,26.128911137498605,24.243231382869695,2.16,62.0,-0.77,0.94
FE,2008-09-10,30.96718740653582,31.17357628068139,30.325098017971108,30.55441665649414,1972300,28.802484681858044,27.278501243699125,24.215717032825076,26.091287822624228,24.25062513811276,2.14,63.0,-0.75,0.9
FE,2008-09-11,30.444349443123823,31.384557515578532,29.990299395524676,31.324935913085938,1792600,29.461663371979945,27.86588350627877,24.547173013397995,26.247038930910506,24.371882617047675,2.11,65.0,-0.8,0.82
FE,2008-09-12,31.109372267014415,31.967021871432546,30.889224799563998,31.838603973388672,2000300,29.928735243217474,28.126667981105886,24.66878160553165,26.303079658583744,24.404043992188505,2.09,66.0,-0.87,0.77
FE,2008-09-15,31.19651797845446,31.650571575785968,30.68743362539144,30.742467880249023,1903300,30.499551023313387,28.329194442525523,25.186069318134763,26.597552695096162,24.66171624232572,2.08,72.0,-0.89,0.6
FE,2008-09-16,30.742471740080287,31.4166694397423,29.49497715283174,30.96720314025879,3088600,28.806967202871352,28.391253812691886,25.182559930331443,26.58692523214751,24.670787551393868,2.06,72.0,-0.94,0.64
FE,2008-09-17,30.481036254898545,30.73328818375618,28.930843353271484,28.930843353271484,3549100,34.830518748641566,31.227011354859783,27.32247581701651,27.71090439145701,25.540440923010983,2.06,100.0,-0.7,1.77
FE,2008-09-18,29.219801564492087,31.31577529155965,28.907927851314263,30.53609275817871,3611500,38.43770794532724,33.371213276070094,28.70176714057851,28.446345627919662,26.005522369195898,2.1,100.0,-0.76,1.94
FE,2008-09-19,31.269902063561968,33.06776006126803,30.71036380427691,31.613880157470703,2666200,39.81713089092039,34.25334179175671,29.25393636923253,28.71600757909356,26.203797086796403,2.16,100.0,-0.83,1.77
FE,2008-09-22,31.723956669279,31.723956669279,30.12331269158683,30.2104549407959,1820100,41.71800295504467,34.92159034285752,30.09717800979641,29.085150183335756,26.597941288694994,2.23,100.0,-0.86,1.51
FE,2008-09-23,30.219623418170443,30.9763759635241,30.0728595638512,30.352628707885742,1357800,41.645412024213165,34.95618821223555,30.012822794109717,28.62881962534203,26.596707559145123,2.31,99.0,-0.91,1.54
FE,2008-09-24,30.361800139968707,30.595706237325373,29.79309063771308,30.508563995361328,1348100,40.81449280756292,34.37582346613254,29.617915232493193,28.44039540495167,26.578807085895477,2.36,98.0,-0.96,1.68
FE,2008-09-25,30.636978754904924,31.737705680942966,30.636978754904924,31.636808395385742,1633000,41.51455023975642,35.302177187144125,30.123359554372307,28.74928718515848,26.80345329435688,2.42,100.0,-1.01,1.6
FE,2008-09-26,31.297419331195865,31.63681357140642,30.97637450843035,31.48087501525879,1057600,41.510991573871976,35.243145754740205,30.12249296669841,28.62165229564671,26.77537600697321,2.49,99.0,-1.06,1.6
FE,2008-09-29,31.136891393235338,31.416660474470884,30.07744016702809,30.63239097595215,2463600,41.86419298737364,35.580608859837184,30.324888331640114,28.76175799225031,26.79748105039818,2.56,100.0,-1.1,1.49
FE,2008-09-30,31.21946199681439,31.21946199681439,30.146251668167714,30.724132537841797,2755500,41.880897446716126,35.5772508113756,30.321111181043044,28.764500356965154,26.697206800359975,2.62,99.0,-1.15,1.49
FE,2008-10-01,30.581939150824958,30.586526504156968,29.70594011805429,29.806840896606445,2257200,42.58395439544023,36.0038149718088,30.66934695445489,28.977803761522864,26.855948156055764,2.69,100.0,-1.17,1.31
FE,2008-10-02,29.60045978029443,29.692185865491933,27.87598208539972,28.302515029907227,4226300,44.6653640447034,36.98640167085022,31.6641872260855,29.563742272724173,27.3402740510399,2.79,100.0,-1.05,1.12
FE,2008-10-03,28.66025507494163,29.352796855954065,27.73380721422802,27.981470108032227,2137400,44.41824415288188,36.98260190065776,31.690079450903763,29.11992128917954,27.24738993638564,2.88,100.0,-0.95,1.1
FE,2008-10-06,27.50448933589107,27.981470969822794,25.702043958477276,25.986398696899414,3024800,48.45167020819451,39.53861267267993,33.57447142669815,30.36021830950656,28.219141797753934,3.03,100.0,-0.47,1.47
FE,2008-10-07,26.201949869824702,26.990804849096644,24.894832493588883,24.9957332611084,3057900,49.19561591366774,40.09472580556231,34.042687644444726,30.242983551665926,28.475682261371837,3.18,100.0,0.05,1.26
FE,2008-10-08,24.601305002950678,25.390161735192383,24.014249806619638,24.307777404785156,3827200,49.36865458052306,40.32698103284067,34.229310325120075,29.945887661969174,28.593124220740613,3.33,100.0,0.48,1.14
FE,2008-10-09,24.234408221045758,24.94071046820512,23.0281909742169,23.216232299804688,2571200,50.19515166364581,40.65705070505334,34.73919835317186,30.261103945140917,28.945592231471245,3.48,100.0,0.95,0.96
FE,2008-10-10,22.4548843120417,22.619994038530084,18.895859233813542,20.845067977905273,4889500,56.889065584429254,45.43766829930594,38.34662636906019,32.714377459613466,30.785362871805695,3.75,100.0,1.87,2.86
FE,2008-10-13,21.546787556891356,24.592139996667747,20.643271205190548,24.53251838684082,3209000,76.99035259664882,57.45044095754026,46.73627619926994,38.04106862717027,34.89487935062775,4.36,100.0,1.59,10.29
FE,2008-10-14,25.367238440896475,26.935777708027267,23.71614254176805,24.59672737121582,4147700,77.0300981946604,57.337305071573255,46.73821791505295,38.02187852989809,34.85838486299295,4.88,100.0,1.33,10.29
FE,2008-10-15,24.055532971792047,24.055532971792047,22.03294202437726,22.09256362915039,2872000,81.90566503692754,60.97872659565685,49.523835110000356,40.0078462399852,36.451731742829516,5.47,100.0,1.27,8.85
FE,2008-10-16,22.065041582691393,22.65668414103084,21.16611286200414,22.569541931152344,3465200,82.45781512559473,60.74022454234817,49.67917358022381,39.957080463804814,36.51799431582997,6.0,100.0,1.1,8.69
FE,2008-10-17,22.156773273969527,24.40868282275462,21.523853176373137,22.927284240722656,2544400,82.77088227115941,60.91261964544166,49.7286302763741,39.95349024361888,36.556618199885826,6.48,100.0,0.91,8.64
FE,2008-10-20,23.161187935165053,25.18836433643293,22.482404815527552,25.119569778442383,2343600,87.32034741074605,64.0548625823501,51.95189455869975,41.4025795304534,37.66543537482404,7.0,100.0,0.7,7.45
FE,2008-10-21,24.862733507113933,25.15626116876819,24.009667646954455,24.44537353515625,2204600,86.67958467416724,64.20913488383351,52.067837935195236,41.24146837452947,37.75827360119418,7.47,100.0,0.5,7.37
FE,2008-10-22,23.876672164701276,23.982158594266096,21.76693832471447,22.624591827392578,2164700,89.00310471591992,65.84409574148366,53.35883668684863,42.20699326141427,38.52793265499972,7.96,100.0,0.35,6.69
FE,2008-10-23,22.977734695304566,24.70679802779981,21.899937427493924,23.642759323120117,2632600,89.82342214102903,66.51004178397066,53.91212978299015,42.54791144935637,38.77249870146267,8.42,100.0,0.18,6.3
FE,2008-10-24,22.143013669937922,23.390507989223288,21.001007494925176,22.555788040161133,2636800,90.1271576504922,67.0432567726062,54.293951721257386,42.881365081062654,38.99309729756609,8.86,100.0,0.05,6.11
FE,2008-10-27,22.3402275585527,22.353987870393677,21.193634047033104,21.225738525390625,3747700,91.01597510722753,67.81722630177283,54.996403748561065,43.43778743647006,39.414719740445506,9.29,100.0,-0.02,5.77
FE,2008-10-28,21.753176072776977,24.119745427489995,21.354161950351347,24.083053588867188,2162900,99.39655191764403,72.83187586828683,58.71000675877839,45.99121067269329,41.39899332359768,9.81,100.0,-0.16,5.23
FE,2008-10-29,24.124323005341015,24.931525690820248,23.56478664903021,23.697790145874023,2245300,97.81618376305603,72.86392452717865,58.67456177756978,46.02108572139548,41.41596327331607,10.29,99.0,-0.29,5.28
FE,2008-10-30,24.35822524099479,25.445195060997285,24.35822524099479,25.137908935546875,2453100,98.09558384823887,73.98774659627516,59.49048571981097,46.57543886045323,41.82104385262721,10.76,100.0,-0.39,4.87
FE,2008-10-31,24.959047093387674,25.192953153001774,23.569376296439106,23.922527313232422,3166100,98.06171999724978,74.57581115852032,59.91843856245818,46.913253894873655,42.084589871141496,11.21,100.0,-0.5,4.7
FE,2008-11-03,24.009671896840135,24.871910867744205,23.821630595960524,24.40410041809082,2174100,97.79877792749613,74.65941694500187,60.00268419318861,46.98261223409812,42.13113241073573,11.63,100.0,-0.59,4.65
FE,2008-11-04,25.046188490393227,26.66976529309438,24.995738096873158,26.215713500976562,3024800,100.38938870448537,76.23148735423983,61.075366644572014,47.771341199809456,42.74354628077216,12.05,100.0,-0.65,4.23
FE,2008-11-05,26.104575137099694,26.627871187242633,24.29387996702964,24.70140266418457,2987500,101.56978721151137,76.90246272209876,61.722127566583026,48.222649692832874,43.1218108201129,12.46,100.0,-0.72,4.03
FE,2008-11-06,24.70139595070373,25.12744092595741,23.941923244165817,24.743074417114258,2867300,100.7782121533111,76.66103192899534,61.727616512836526,48.20320727355508,43.08836654069478,12.83,100.0,-0.78,4.02
FE,2008-11-07,24.872742209126724,25.43308471172171,24.423542882476944,25.349729537963867,2514000,101.2134900671676,76.86696849845238,61.88637529041895,48.27374211231719,43.149321326496825,13.19,100.0,-0.83,3.93
FE,2008-11-10,25.79892373418378,26.04899450541024,24.104002562360844,24.534679412841797,1490600,101.31782422676478,76.96702705434416,61.88227679963805,48.41582386469815,43.26745643560025,13.53,99.0,-0.88,3.98
FE,2008-11-11,24.085475563356667,25.173745598499753,23.64090653362959,24.567092895507812,1451500,101.30409720268459,76.96770607924721,61.88536420697498,48.35798215683532,43.25553430225288,13.85,99.0,-0.93,3.97
FE,2008-11-12,24.520791417570276,24.724551840499295,23.904876459791755,24.14568519592285,2219200,101.11905286166325,76.97753616428969,61.87595600703354,48.39115000300179,43.27751230235285,14.14,97.0,-0.97,4.0
FE,2008-11-13,24.335566940909832,25.780418395996094,23.872473367280485,25.780418395996094,4538100,102.31424426843896,78.2902260850994,62.84198777893977,48.87834795437029,43.78176803991087,14.44,100.0,-1.0,3.63
FE,2008-11-14,25.04871232830078,25.710935773904094,24.062323275542767,24.42816734313965,2538900,103.34871609971637,78.87608830545602,63.334560387524895,49.277471984191365,44.10110432268895,14.73,100.0,-1.03,3.49
FE,2008-11-17,24.122535817606916,25.77114899453884,23.992870227998743,24.812545776367188,2246500,101.36035233151559,78.9741725250818,63.27974253037145,49.17607159825061,44.127924768310784,15.01,99.0,-1.06,3.48
FE,2008-11-18,24.636575105554787,25.521083639719073,24.164219512979294,25.007049560546875,2719700,100.76770358197926,79.017975735783,63.3053986459892,49.15307391085651,44.13588475376239,15.26,99.0,-1.08,3.46
FE,2008-11-19,24.877374887287665,26.11846518466109,24.562471273532562,24.599517822265625,2438000,100.54598238998629,79.04534685384496,63.123116499405754,49.12303261092791,44.15203343110027,15.49,97.0,-1.11,3.57
FE,2008-11-20,24.36333328526686,25.81281548106688,23.34452790238327,23.76131248474121,3037000,100.14666744688971,79.2525951481076,63.29463440848683,49.27725959079308,44.280819651513376,15.71,98.0,-1.14,3.53
FE,2008-11-21,24.28461063752269,26.34074590340509,23.47882933053687,26.312959671020508,5130800,98.83967138380915,82.24597415126716,65.50031509344723,50.76404002148423,45.46131281132521,15.96,100.0,-1.15,3.05
FE,2008-11-24,26.757541814481595,26.868685031560066,25.66001071617867,26.058271408081055,3138500,87.28525136387957,82.18187525396496,65.50038973964712,50.621674060034586,45.46991183150278,16.2,100.0,-1.16,3.06
FE,2008-11-25,26.60934258135515,27.322506740592686,25.877656031320424,26.61860466003418,3608100,87.46383355517253,82.28398386699962,65.610976389449,50.680540969609964,45.5224208458008,16.42,100.0,-1.16,3.0
FE,2008-11-26,26.262025475158218,26.799213731827713,25.812826092357696,26.623239517211914,1936400,81.02709869923017,82.08243482044817,65.61034865651892,50.65067135677489,45.52244420867238,16.62,99.0,-1.16,3.0
FE,2008-11-28,26.697330954229308,27.322506237791732,26.52135499568785,27.128007888793945,818700,80.98866997297168,82.2007544924902,65.59825338958515,50.697277066526404,45.56326569674189,16.82,98.0,-1.18,3.0
FE,2008-12-01,26.387057503310754,27.002972474835712,25.414562225341797,25.414562225341797,2413400,83.51574492905233,83.19798565541852,66.32481226038138,51.26143489775151,46.00351997301656,17.01,100.0,-1.22,2.84
FE,2008-12-02,25.84523663697655,26.067521199769544,25.132072560581946,25.933223724365234,2442400,79.45738333749964,83.11830382190749,66.42409753566662,51.213797334626236,46.03192384169519,17.19,100.0,-1.28,2.8
FE,2008-12-03,25.37750729115117,26.4796696141425,25.363615060294762,26.377788543701172,2245500,79.12293770596489,82.6883165301908,66.49881833046575,51.2085638197329,46.02742090176953,17.35,100.0,-1.33,2.75
FE,2008-12-04,26.118461759237057,26.544506729876655,24.543943896958826,24.937572479248047,2036900,77.4795137646039,83.40841106466277,67.02125282597912,51.599583307678046,46.31324508588142,17.51,100.0,-1.41,2.64
FE,2008-12-05,24.57173355460504,25.433085693548676,23.715009805269887,25.28026580810547,2483300,76.58548031190958,83.2771328546988,66.87176339521862,51.621868370771665,46.32046207895834,17.67,99.0,-1.44,2.65
FE,2008-12-08,25.882287080940152,26.312964038298997,25.41456357414706,25.859132766723633,1604400,75.34104024171184,83.3522075864911,66.90328142998443,51.69694274258864,46.35742182973728,17.81,99.0,-1.45,2.6
FE,2008-12-09,25.67852460777854,26.016582514921282,25.002408793493064,25.1320743560791,1392000,73.46706026174826,83.25745337566488,67.02541676127359,51.79464037085884,46.43898434106798,17.94,100.0,-1.47,2.58
FE,2008-12-10,25.30805184276434,25.979535775305237,25.104289641718854,25.40066909790039,1632500,63.997327202854706,83.2785487582448,67.00886647230129,51.81063353160141,46.40481657600222,18.06,98.0,-1.49,2.59
FE,2008-12-11,25.28953158110105,26.132361451920108,25.141341830180853,25.31731605529785,1397200,63.79308808736182,82.17931160531657,67.00858881999038,51.806687768583025,46.40100624298293,18.17,97.0,-1.51,2.59
FE,2008-12-12,24.687503412769637,25.06723976135254,24.38649207390142,25.06723976135254,2152700,61.54931639635659,81.35135395282968,66.66920908818244,51.79776372210466,46.390248306192284,18.26,94.0,-1.51,2.67
FE,2008-12-15,25.00240745426434,25.34046534329935,24.279981287350733,24.585622787475586,2089800,60.04561752638264,81.02745451345926,66.71959930529638,51.640136738954645,46.40282004915212,18.35,94.0,-1.52,2.66
FE,2008-12-16,24.761609568422212,25.243225457240904,24.381873046523634,25.0579891204834,3698900,60.02141493547049,80.70291982647365,66.76790594615247,51.67929438391939,46.44610602062757,18.42,94.0,-1.51,2.62
FE,2008-12-17,24.817171733996116,24.821801890029604,23.881722991314017,24.307769775390625,2531300,56.76942679634308,80.87808454270028,66.90802744063879,51.79270528424025,46.47932613832163,18.48,96.0,-1.5,2.6
FE,2008-12-18,24.469846835097506,25.104284078296974,24.006753595800852,24.275346755981445,3000800,54.138338690200484,80.85880970306108,66.88812748110978,51.785981550813645,46.47929455345519,18.53,94.0,-1.49,2.61
FE,2008-12-19,24.30314216590323,24.41428536260123,23.048159437361075,23.145408630371094,4804600,55.822109648875355,80.9105430580141,67.1942455544564,52.070390002928356,46.710618791024025,18.57,100.0,-1.48,2.56
FE,2008-12-22,23.150042100972154,23.228767138700395,22.3257345673208,22.733257293701172,2621200,55.4229762013411,80.9527331456621,67.2313374300628,52.08953559535529,46.71539676123505,18.6,100.0,-1.47,2.56
FE,2008-12-23,22.23774452787679,22.51096969529839,21.21893872902195,21.293033599853516,2502500,57.68307103604666,81.76621033090046,67.82998463737601,52.6264655043289,47.14594655132196,18.62,100.0,-1.43,2.43
FE,2008-12-24,21.39028468919938,21.404178693226864,20.75121703389413,21.265249252319336,655000,57.664180080046826,81.75063554849466,67.63763208528898,52.602216231180265,47.141459365108794,18.64,99.0,-1.41,2.47
FE,2008-12-26,21.399540126348462,21.543099679657203,21.126315019445165,21.269874572753906,731200,57.55786486867266,81.60427666203657,67.63728079477728,52.54878150859235,47.13385444225565,18.65,98.0,-1.38,2.47
FE,2008-12-29,21.427327947895392,21.649612527635693,21.274506305633484,21.59404182434082,1581100,53.99541555069904,81.13839991035186,67.68110775646848,52.58873487194713,47.150452403028545,18.65,99.0,-1.35,2.45
FE,2008-12-30,21.76538531053251,22.154383756957646,21.663504218247592,22.001562118530273,1560100,52.46781801052305,81.26352615159685,67.77425645078381,52.64793145586333,47.173794119636106,18.63,99.0,-1.33,2.41
FE,2008-12-31,22.12196978102234,22.622109685826132,21.93673173239222,22.4970760345459,1637200,52.71339899074252,80.10993677617691,67.84814882699729,52.68369776798084,47.231406355641546,18.6,100.0,-1.3,2.38
FE,2009-01-02,22.46929100783565,23.150038841682118,22.279422792712896,22.997217178344727,1890600,53.13078754733942,79.89732153689243,67.9417731512018,52.76125833143037,47.27338189537977,18.56,100.0,-1.26,2.34
FE,2009-01-05,22.941639786847873,24.080848745850098,22.890699247235812,23.978967666625977,3376700,54.49514218984481,80.18582634486665,68.17858663359988,53.01159878906455,47.41144804649986,18.52,100.0,-1.22,2.23
FE,2009-01-06,23.39084776732233,24.113274135408503,23.386217610428975,23.733537673950195,3425000,53.63175992510754,79.6486837706117,68.03467472154846,53.01387674168326,47.21118898890932,18.47,99.0,-1.18,2.3
FE,2009-01-07,23.432527936043858,23.664074661761923,22.409091832344718,22.464662551879883,3066200,46.499164541485044,77.28827641767604,68.52142634968821,53.37073595645002,47.43417204362407,18.41,100.0,-1.13,2.21
FE,2009-01-08,22.31646846742521,22.446135809980483,21.774650082111087,22.117338180541992,3116000,46.57882021307122,69.62051602387592,68.47091751030419,53.37023463897091,47.44142716458349,18.34,99.0,-1.07,2.24
FE,2009-01-09,22.08028368643756,22.895326932628322,21.945986235867384,22.6452579498291,2316900,46.69890479476874,69.808824710008,68.60595194022261,53.45193294699408,47.44590340890987,18.26,100.0,-1.01,2.19
FE,2009-01-12,22.6591598073273,23.099098882951033,22.34888631613794,22.543386459350586,1931700,46.670145821931335,66.22912307529091,68.58939135501356,53.449743653097315,47.43430618222963,18.16,99.0,-0.95,2.2
FE,2009-01-13,22.5017074419174,22.5017074419174,21.820959606896835,22.15901756286621,2224600,46.20309751831858,66.1777261999444,68.59541362603579,53.47383563185667,47.45898550242092,18.06,99.0,-0.89,2.21
FE,2009-01-14,21.839486563774997,22.436877525460144,21.21431112628393,22.265533447265625,3547200,42.83343649300963,66.10249210045603,68.56723013406298,53.47973634411195,47.46349842331842,17.93,97.0,-0.83,2.23
FE,2009-01-15,22.20995658983676,22.733252568744188,21.992303917109634,22.691574096679688,2895600,42.772568271477226,63.41886683437822,68.65548934915897,53.53929746735141,47.49431538938444,17.79,100.0,-0.78,2.19
FE,2009-01-16,22.978684255967437,23.321374003738633,22.77029196114444,23.16855239868164,2528500,42.952198120505884,63.357149449946036,68.76804122777023,53.574246321877,47.34447248863065,17.63,100.0,-0.73,2.14
FE,2009-01-20,23.099101539354447,23.4464216232265,22.710102974755294,22.733257293701172,2141000,40.325573103114884,61.44612390016737,68.80752062014996,53.475445025594595,47.3691890011905,17.46,100.0,-0.68,2.14
FE,2009-01-21,23.02037041232537,23.293595564327923,22.450765793722283,23.131513595581055,3509300,40.47378491776642,60.87217236315047,68.88105694891243,53.501024530581674,47.20232950041537,17.28,100.0,-0.65,2.11
FE,2009-01-22,22.9416403849906,23.696481122280872,22.69619975742059,23.38620948791504,3466000,39.969951850759124,60.1277007776416,68.8995140359454,53.52291121693261,47.00896878813944,17.09,100.0,-0.66,2.1
FE,2009-01-23,22.987958010095777,23.154671930646234,22.53875680934163,22.955541610717773,2468300,39.52771532976896,58.89724811424906,68.88618931264848,53.53498145419423,46.97312812180991,16.88,99.0,-0.63,2.11
FE,2009-01-26,22.955544916056578,24.080862275243856,22.821247375546797,23.914148330688477,2680800,41.36778124710408,53.51117888593966,69.20357825070035,53.77329775471262,47.134839749484556,16.66,100.0,-0.57,1.99
FE,2009-01-27,23.992857011611818,24.201247518244816,23.79835696777811,23.890975952148438,2437000,41.367018717897245,53.407553396765195,69.05753368575448,53.77219126549352,47.10212121699829,16.43,99.0,-0.46,2.01
FE,2009-01-28,24.04380701195213,24.32166409492304,23.867832802621006,24.13179588317871,2189000,41.43620005740616,52.027554879727354,69.08647745317806,53.782163910888535,47.10319025426908,16.19,99.0,-0.34,2.0
FE,2009-01-29,24.12253729135397,24.47448752746163,23.881728491254513,24.34482192993164,2825000,41.168866772293896,51.05136537610727,69.10946922486603,53.79430759118312,47.093346437672565,15.92,99.0,-0.21,1.98
FE,2009-01-30,24.367974033960866,24.42817667015476,22.997218004027324,23.150039672851562,2839300,43.19226380587482,51.9198873093888,69.36756327098335,54.064181204969266,47.26735140957816,15.65,100.0,-0.13,1.96
FE,2009-02-02,22.96942755503373,23.705745991342052,22.747142977392073,23.52977180480957,2567000,42.70114618695552,49.81598241294252,69.05260387676368,54.103006251526296,47.26726079015571,15.38,95.0,0.03,2.01
FE,2009-02-03,23.617763242945177,23.99286953041278,23.307491514957782,23.8863582611084,2027400,42.955803498956676,48.45209541150705,69.10423161903311,54.131915470681015,47.26712050943597,15.09,97.0,0.2,1.98
FE,2009-02-04,24.1625206750813,24.340393279786372,23.6148626833744,23.858266830444336,2249100,40.57077969169682,48.44998218211916,68.96520248207584,54.090872546057845,47.0936849780503,14.79,93.0,0.38,2.03
FE,2009-02-05,23.86763108364176,24.579118001289846,23.685076616170694,24.316991806030273,2943000,40.48432047757919,48.348159211239015,68.98609052294344,54.12913486899439,47.13564355060861,14.48,93.0,0.51,2.03
FE,2009-02-06,24.485495359935687,25.10336661885784,23.909751768012782,24.789749145507812,2796000,35.286555971993714,48.0512067379492,68.87650562116822,54.18837321531462,47.175757073822936,14.15,88.0,0.73,2.03
FE,2009-02-09,24.6586957764609,24.98635533903912,24.302950496312786,24.719547271728516,2363800,35.31335191445481,48.05451515866789,68.85994863857681,54.186281553710124,47.17211486884728,13.8,87.0,0.95,2.04
FE,2009-02-10,24.494854989159293,24.719535263773086,23.95655727029701,24.218685150146484,3341000,36.058827141427294,48.10787554437007,68.11361934201284,54.210796789066265,47.209657215584755,13.48,76.0,1.18,2.18
FE,2009-02-11,24.298270263053727,24.302950323148213,23.834865747257677,24.134441375732422,2342700,35.977875328358145,46.135629603683945,67.52408230047928,54.20659541393664,47.18948471301768,13.16,67.0,1.47,2.36
FE,2009-02-12,23.65699717230394,24.223379135131836,23.399550987891363,24.223379135131836,3281800,35.69639049709492,44.81221931352436,67.27005927125983,54.19118325161111,47.19083230482979,12.84,66.0,1.66,2.46
FE,2009-02-13,24.176567932012915,24.49018372615214,23.989333396144126,24.040822982788086,1580700,35.35748063897772,44.715858717360845,66.92531801449122,54.17307414749061,47.19308536540421,12.51,59.0,2.01,2.54
FE,2009-02-17,23.741246120912063,23.741246120912063,22.40252418159556,22.468055725097656,3094600,40.21338172481662,46.74374125277088,67.71420647554456,54.71000092112127,47.65280206746172,12.16,70.0,2.35,2.38
FE,2009-02-18,22.53359241366942,22.61784778472452,21.95784856852693,22.107635498046875,2702200,38.3461819822703,46.740299527522275,67.73349049317368,54.7295020110393,47.67549360703012,11.79,70.0,2.68,2.39
FE,2009-02-19,22.22465582218949,22.90337882574754,22.22465582218949,22.5710391998291,2817700,38.864446848289916,46.45365321666288,67.54700898775124,54.7991290541999,47.726144726889316,11.4,65.0,2.62,2.45
FE,2009-02-20,22.66933592467669,22.66933592467669,21.906357573699122,22.182527542114258,2795200,35.79304196563036,41.32242181308656,67.58310497568509,54.806982185484486,47.720163232624365,10.98,65.0,2.22,2.45
FE,2009-02-23,22.30422768511541,22.500822322838562,21.194866107332345,21.265079498291016,3852500,37.56417003656441,42.08381853737094,67.75819262740869,54.99841733233042,47.879243788606736,10.55,70.0,1.84,2.41
FE,2009-02-24,21.709762413449614,22.608483912417334,21.5084859096098,22.477420806884766,3430100,40.424757284595266,43.497991810474666,68.39767936201731,55.35266727003888,48.199931102634444,10.08,77.0,0.83,2.21
FE,2009-02-25,22.411897864444192,22.411897864444192,20.93275015659208,21.428918838500977,4156000,42.70133632615913,44.45629450144853,68.63007820989321,55.576961131433244,48.42201157454969,9.59,83.0,-0.13,2.16
FE,2009-02-26,21.527204408679502,21.531884467464753,20.319545683633482,20.36167335510254,2643000,44.84655984490612,45.25154162292039,68.61757356144834,55.852799476194484,48.63363506175414,9.09,82.0,-0.33,2.16
FE,2009-02-27,20.034021668274217,20.27274582785925,19.542533167294817,19.921682357788086,2377200,45.11734316032749,43.619439108952676,68.66898030704334,55.88346040114763,48.6723659744224,8.54,84.0,-0.42,2.15
FE,2009-03-02,19.626796391227114,19.828073004068177,18.934031080872558,18.966796875,2598700,46.440525921802575,44.28111879652954,68.13009253313761,56.127426552879726,48.79483461694133,8.01,72.0,0.01,2.24
FE,2009-03-03,19.177419354105535,19.33656812912053,18.517420390049296,18.5221004486084,2865600,46.00041230771501,44.195039242163254,67.97022652254081,56.10967556747808,48.843496350854274,7.45,69.0,0.39,2.28
FE,2009-03-04,18.81699908236435,18.962104148655083,18.50806335382169,18.65785026550293,2642600,46.05947262472998,43.010515828172814,67.87149581179892,56.12350691971153,48.74522970858977,6.83,67.0,0.49,2.28
FE,2009-03-05,18.316144788430233,18.316144788430233,17.436145533994722,17.604656219482422,2358700,47.80958893424795,44.1909856214706,68.09601848902854,56.49096253937157,49.03807179989331,6.16,70.0,0.87,2.24
FE,2009-03-06,17.735722563344094,18.222530903289755,17.108489221460474,17.5718936920166,2137500,47.48574057519734,43.79552743999622,65.98312674934574,56.49031583370038,48.99736781367363,5.56,35.0,1.18,2.44
FE,2009-03-09,17.445506533233253,17.534441930143515,17.010187880145516,17.342527389526367,3398900,47.42163416155005,43.57722571566045,60.49503607937613,56.39233220725893,49.007310587437054,5.27,16.0,1.22,1.21
FE,2009-03-10,17.660831366546237,18.2225332316702,17.50168253452113,17.73104476928711,2337300,45.98414408182964,43.830420690292435,60.62444496533267,56.476864872713186,49.06225848344092,4.96,16.0,1.08,1.17
FE,2009-03-11,17.82934265412497,17.92763999251081,17.314450303493484,17.408065795898438,1929000,45.964870113304165,43.89977889746297,58.337609995517866,56.47517897565126,48.9668936657997,4.76,9.0,1.01,1.15
FE,2009-03-12,17.347214398954243,17.365936424257132,16.874447994438704,17.281681060791016,2064000,45.563334172403025,43.89364916868577,58.21795285329318,56.462962093174255,48.964190061785175,4.55,8.0,0.89,1.2
FE,2009-03-13,17.38934383969568,17.47827927208351,16.677855023789853,16.752748489379883,5117400,45.51417601884309,44.108546174214034,58.315613307172576,56.54553364381414,49.03078395899031,4.32,8.0,0.82,1.2
FE,2009-03-16,16.907214791462913,17.834022059943663,16.813597516892926,17.41742706298828,2245700,46.40238236101216,44.78092622325684,56.72656655943265,56.69690020079583,49.20184974744021,4.2,6.0,0.64,1.24
FE,2009-03-17,17.32380567363303,17.5999755859375,17.131891109868945,17.5999755859375,2277800,46.15077009344625,44.61461571387873,56.64348459919777,56.72190602709247,49.20992910875532,4.08,5.0,0.44,1.24
FE,2009-03-18,17.450194367988153,18.180407030800108,16.963387711714674,17.955726623535156,2262400,46.403914922322436,44.91081539232225,55.49819753532038,56.66153828453814,49.17203416451869,4.02,4.0,0.27,1.34
FE,2009-03-19,18.105510080213577,18.15231781979271,17.58593595712149,18.0867862701416,2474200,46.60001811479391,44.086724572248045,55.02185978179944,56.67014591127776,49.14869009700668,3.99,3.0,0.09,1.48
FE,2009-03-20,18.11019062070951,18.86380703290543,18.11019062070951,18.559553146362305,4358300,46.995860520281134,44.410499877944346,54.740780487368326,56.77011216310993,49.20746009093263,3.97,1.0,-0.06,1.5
FE,2009-03-23,18.714011980800166,18.92465029409283,18.245927633749837,18.81230926513672,3446500,46.72507681221344,42.60887511083694,53.97366139095164,56.80215306593273,49.22751272578058,4.0,1.0,-0.15,1.62
FE,2009-03-24,18.779554484976426,18.849767892331077,18.40508714548758,18.423810958862305,2733400,46.80394564446716,42.782241460444695,50.036797895091986,56.833863422492705,49.26305331059892,4.24,1.0,-0.29,0.54
FE,2009-03-25,18.48466270704857,18.985513115121748,18.353597797271608,18.62508773803711,2337700,47.06350916383404,42.865539149548205,50.0356054485872,56.85813891094177,49.27745293484525,4.46,1.0,-0.42,0.54
FE,2009-03-26,18.8123207824874,19.16806610397745,18.517428748937824,19.125938415527344,2412500,48.14736834844038,43.125662970764466,49.28127810280605,56.900983643005155,49.357153694715315,4.7,1.0,-0.51,0.61
FE,2009-03-27,18.91529152858405,19.121248032612844,18.76082459696255,18.863801956176758,1667900,48.05316409715174,42.972791545381604,48.740435545827005,56.908925790166386,49.368992204225876,4.96,1.0,-0.61,0.71
FE,2009-03-30,18.503377905804722,18.629760922729023,17.876144665662164,18.147634506225586,2151800,48.85067039019627,43.283412526136324,48.94572481470259,57.05021318430853,49.48879327419615,5.19,2.0,-0.71,0.68
FE,2009-03-31,18.250614365413853,18.419123275581452,17.824657566933485,18.06805992126465,3290900,45.626191327872895,42.95420275336381,47.4628427314126,57.04637000590419,49.331584486731664,5.46,1.0,-0.79,0.77
FE,2009-04-01,17.81529616130456,18.24593303088493,17.81529616130456,18.142953872680664,2458600,45.66133572976336,41.91904160083606,46.62694763042406,57.05433892287718,49.320253944250624,5.75,1.0,-0.86,0.9
FE,2009-04-02,18.47530174255371,18.760833665301046,18.17104600522594,18.47530174255371,3456900,45.532506178488056,42.16013033804627,46.742971629951704,56.980204506098694,49.3626681042871,6.02,2.0,-0.93,0.86
FE,2009-04-03,18.526787457170684,18.699978241740858,18.27870142997464,18.461254119873047,1631700,45.44802285813802,40.81402302425901,46.541499143971606,56.920608022917165,49.35692078669114,6.28,1.0,-0.99,0.93
FE,2009-04-06,18.269332593276953,18.52209858443748,17.979120780611268,18.08209991455078,2007700,44.378272065670096,40.89430149604331,46.38724339700392,56.956943496242815,49.39043805522623,6.53,1.0,-1.05,0.97
FE,2009-04-07,17.88550360072999,18.217843079560573,17.651461412437996,18.011886596679688,2387900,40.46826560307593,40.50686461977024,46.38211752415945,56.92050095598531,49.37826355811839,6.76,1.0,-1.11,0.97
FE,2009-04-08,18.04466003207069,18.71402111801975,17.9323207338644,18.681255340576172,2594000,40.52932464176908,41.339700712138566,46.74756102558767,57.11914456153856,49.53096552120645,6.98,6.0,-1.15,0.88
FE,2009-04-09,19.03231076711686,19.200821429150196,18.578268348371513,18.821672439575195,2632300,38.17505260144286,41.29049483347658,45.48722632895971,56.91062107617412,49.522622439670485,7.22,1.0,-1.19,0.99
FE,2009-04-13,18.718696834497685,18.718696834497685,18.414441245745365,18.5221004486084,965300,37.95759918686464,41.34930895446498,44.80451008413004,56.93040426754495,49.50130979003016,7.46,1.0,-1.22,1.14
FE,2009-04-14,18.3957260104457,18.503385263464654,18.03062056232914,18.058706283569336,1698800,35.99039806789951,41.33807436769687,44.848449338981204,56.96379821794477,49.55307561054827,7.7,2.0,-1.26,1.12
FE,2009-04-15,18.124237549088253,18.559556400336582,18.058705986208057,18.526790618896484,1960500,36.197670652038596,41.47123774483859,45.04770635272921,57.06339757433903,49.632179940213774,7.91,3.0,-1.28,1.06
FE,2009-04-16,18.657847213647194,18.966782891657385,18.297421958368545,18.919973373413086,2495200,36.65237600065093,41.65236813003336,45.15538220510375,57.12186267495639,49.65309978075096,8.11,4.0,-1.3,1.03
FE,2009-04-17,18.924658033557936,19.036997322856468,18.695295824038823,18.798274993896484,2024900,32.27613084094518,41.43893350499939,44.86695112798317,57.08193571876895,49.65411430577887,8.32,3.0,-1.32,1.11
FE,2009-04-20,18.657849689468723,18.657849689468723,18.217849087588732,18.25529670715332,1555500,33.53126709156457,41.66187646782034,41.83317930119271,57.16441473303231,49.722090246773234,8.57,1.0,-1.34,-0.17
FE,2009-04-21,18.213177474615346,18.648496433135964,18.213177474615346,18.447219848632812,1757500,33.34697290836614,41.65656900321299,41.88131128441788,57.10967548562071,49.73314196547402,8.81,2.0,-1.35,-0.17
FE,2009-04-22,18.217851950816303,18.765511866616848,18.021257274006558,18.43317222595215,2460300,32.80387361570361,40.61525599187643,41.69578665332131,56.97492969342872,49.72472447651357,9.05,1.0,-1.38,-0.15
FE,2009-04-23,18.37699833374931,18.76550936070814,18.302104878451328,18.714019775390625,1867400,32.493183698971414,40.80568634109037,41.798292098907105,57.01371047610566,49.73829807506214,9.27,2.0,-1.4,-0.16
FE,2009-04-24,18.901254299660046,18.901254299660046,18.568912917893634,18.74210548400879,1965400,32.3648421891406,40.717145574497046,41.65329863289479,57.00295469586383,49.73397573787785,9.48,1.0,-1.47,-0.14
FE,2009-04-27,18.653170934525285,19.0323201102275,18.540831628421643,18.962106704711914,2244700,30.8214952336534,40.76069725553661,40.534950898000076,57.02869366272749,49.75184803007789,9.7,1.0,-1.47,-0.09
FE,2009-04-28,18.831038861737817,18.948059984506955,18.611038579539635,18.770187377929688,1339800,29.251490605713286,39.6336751350994,40.38023500475193,57.00408002332965,49.75436062689145,9.91,1.0,-1.49,-0.08
FE,2009-04-29,18.8544463187251,18.957425497759562,18.709341241650325,18.95274543762207,1505100,29.23467680660037,39.516125661574996,40.3035471183463,57.006998752838754,49.768271948496654,10.11,1.0,-1.53,-0.07
FE,2009-04-30,19.135293324140452,19.34593168935443,18.81699574683945,19.144655227661133,3828500,28.855922988632333,39.4290458735224,39.45559024138844,56.934512694200556,49.783728475283255,10.31,1.0,-1.52,0.04
FE,2009-05-01,19.191469849265456,19.842107199922413,19.135300193577393,19.837427139282227,2407000,30.414660750012757,40.23891070604934,39.83705176742122,57.01432790086442,49.90089286262834,10.5,2.0,-1.51,-0.01
FE,2009-05-04,20.12295850869438,20.160404349612886,19.57061851673777,20.10423469543457,2094500,29.814723344883966,40.12213243293638,39.7154862001187,57.040534753311654,49.82286630272694,10.68,2.0,-1.52,0.01
FE,2009-05-05,20.203804542031502,20.232252768491577,19.743872254120273,19.919309616088867,2552500,29.82417539780251,39.866039462292605,39.51160006810397,57.00033094189774,49.8075041902104,10.85,2.0,-1.51,0.08
FE,2009-05-06,19.976214173004184,20.09949406913264,19.307653569593132,19.663270950317383,4485200,29.383275399650856,39.9109986363769,39.49202208529494,57.011091873254614,49.818115277912035,11.01,2.0,-1.51,0.06
FE,2009-05-07,19.663267690579698,20.075783277380022,19.502054432359774,19.83870506286621,3695600,29.3378638518116,39.84106653419446,39.533549088117745,57.019030112477886,49.812865269029956,11.17,4.0,-1.51,0.06
FE,2009-05-08,20.071038052345315,20.52622768903774,19.549465010967772,20.142160415649414,2572100,28.69364313320618,40.021091542452744,39.61332374264535,57.04449240051851,49.83939013764447,11.31,5.0,-1.5,0.06
FE,2009-05-11,19.952506411281345,20.047336264380213,19.592146457957032,19.758100509643555,2222800,28.99189181090906,40.13305894017655,39.61168957425915,57.05349061874588,49.86768320854662,11.45,5.0,-1.48,0.06
FE,2009-05-12,19.890864121170264,20.052077392047664,19.630078426482424,19.999919891357422,1622200,26.496574562633185,40.249036200784786,39.532994209583386,57.076873494164616,49.881195429178184,11.58,4.0,-1.48,0.08
FE,2009-05-13,19.786549289570992,20.118459180550502,19.473606091507655,19.492572784423828,2007400,27.72074255829386,38.24137343733004,39.45476406134137,57.140501415833725,49.934436572004124,11.7,1.0,-1.45,0.1
FE,2009-05-14,19.56368915209558,19.634813324272372,19.02315123159302,19.127466201782227,3282900,28.40092807209995,38.28765098998816,39.54339259985888,57.170046242481064,49.935668798064704,11.81,7.0,-1.43,0.05
FE,2009-05-15,16.861003896628404,17.420508648462732,16.718755515600833,17.2924861907959,12300100,40.70927643336715,42.96985864058448,41.92353462550486,58.32132852292744,50.89328694512293,11.88,20.0,-1.4,1.23
FE,2009-05-18,17.453697415307047,17.453697415307047,17.18342841696091,17.31144905090332,5511300,40.71855757655937,42.89921172095747,41.85848262832045,58.31014055262727,50.88646109855367,11.94,19.0,-1.38,1.28
FE,2009-05-19,17.283002890369534,17.81880018303278,17.283002890369534,17.695518493652344,4590700,40.902900947269394,42.478578487609276,40.810915145552535,58.35334279598581,50.913318092254265,12.01,15.0,-1.38,1.5
FE,2009-05-20,17.9373373462483,17.9373373462483,17.614910851955166,17.7144832611084,4395500,40.894762013987815,40.70437549318675,40.81346721389178,58.326527704236995,50.89783708118356,12.07,16.0,-1.38,1.5
FE,2009-05-21,17.5390488596072,17.823542021969658,17.49637470437649,17.633878707885742,4974000,39.36562466434447,39.668472768583236,40.814423023916625,58.232822266832585,50.897978499332666,12.13,17.0,-1.38,1.49
FE,2009-05-22,17.638618645411043,17.814056008983,17.524820312241335,17.543787002563477,2847000,39.27319345228466,38.39905350618697,40.72621385505922,58.23277452328477,50.89617306268456,12.18,15.0,-1.38,1.5
FE,2009-05-26,17.562754733991518,18.103292778873218,17.396798896979764,17.970529556274414,3992500,39.77282425936629,38.561708127423486,40.804249348648355,58.32125887309165,50.95384202141491,12.22,16.0,-1.36,1.48
FE,2009-05-27,18.01319947225298,18.041647693970486,17.600682169720905,17.662322998046875,3071200,39.412186132062956,37.425760377269626,40.68786726441219,58.241833615417015,50.97065068121911,12.25,15.0,-1.32,1.47
FE,2009-05-28,17.842508155290307,18.074843808551574,17.5817224631801,17.908889770507812,2008800,38.87430986483368,37.251337395209354,40.58412100305438,58.02646283479375,50.98133297868166,12.28,15.0,-1.28,1.5
FE,2009-05-29,17.96579376772556,18.089075499948574,17.629143006775838,17.918378829956055,3258900,38.310277817264215,37.21611556500985,39.96130943493175,58.024828757135005,50.964463496702614,12.31,12.0,-1.22,1.63
FE,2009-06-01,18.08431910340529,18.677014416488905,17.998970833620245,18.643823623657227,3124300,40.116140797377824,36.15166265461206,40.51028663929831,58.15101508189039,51.13164372234014,12.33,15.0,-1.16,1.53
FE,2009-06-02,18.311922189866703,18.59167457684254,18.1364848040978,18.292957305908203,5116500,39.57531157659977,36.37858827272205,39.7179016150782,58.137235373851624,51.154834340365504,12.35,11.0,-1.1,1.76
FE,2009-06-03,19.440411171472537,19.47360197267401,18.264503590835027,18.66753578186035,6292600,39.899969104396895,36.481086622439946,39.814723954801515,58.07751193384705,51.205909776412696,12.36,12.0,-1.05,1.76
FE,2009-06-04,18.729171771316338,18.84297006654188,18.44941951301453,18.691238403320312,3552800,39.89919060493864,36.21949413483324,39.61105982822213,58.06721108801553,51.1919367509366,12.36,8.0,-0.98,1.82
FE,2009-06-05,18.87141957225798,18.985217875253316,18.425713320448473,18.553735733032227,2952200,39.713472156585624,36.039338300454205,39.61847298446605,57.54939609069181,51.18821239166276,12.35,11.0,-0.91,1.81
FE,2009-06-08,18.49210532863322,18.58219442138702,17.93734303698079,18.174421310424805,2849400,40.14367508075292,36.27500426712243,39.65614755426282,57.19494905360636,51.16074337494004,12.34,12.0,-0.85,1.79
FE,2009-06-09,18.22657373155254,18.269247885444276,17.86147303909291,17.908889770507812,2626000,40.147041711063366,35.81191172593397,39.69222180735228,57.036586087221444,51.14836593116667,12.32,13.0,-0.78,1.75
FE,2009-06-10,18.03690895470599,18.22657041961224,17.828278991917177,18.103290557861328,2840000,40.231700150740224,34.99883499003816,39.60270134854839,56.8377912989575,51.1537934649927,12.3,8.0,-0.68,1.77
FE,2009-06-11,18.09381288296246,18.828755133388334,18.09381288296246,18.534778594970703,3887000,40.755534189442955,35.258038186216346,39.64589524815332,56.91676709184649,51.20952717433227,12.26,13.0,-0.57,1.76
FE,2009-06-12,18.496840961773525,19.25074973431966,18.283472021936255,19.193851470947266,4120800,41.948839205853886,35.733907262015904,39.9887631225309,57.083863468313154,51.333574932267766,12.22,21.0,-0.45,1.72
FE,2009-06-15,19.11799248628332,19.440419094006977,18.620128456604185,18.68651008605957,3381700,41.25449789346909,36.162286756755826,40.067311402232356,56.96682799550945,51.342479141234456,12.16,22.0,-0.31,1.63
FE,2009-06-16,18.752885237308504,18.947289288740915,18.46839212113141,18.59641456604004,2433100,41.002379082133764,35.791423185746936,40.01441647760438,56.966775639585556,51.342444563982916,12.1,22.0,-0.16,1.63
FE,2009-06-17,18.5584845437475,18.76711455487133,18.259765451578755,18.335630416870117,2843100,41.09540366964172,35.794741971899484,39.974393324964154,56.90856900148529,51.3551891574166,12.03,21.0,0.0,1.65
FE,2009-06-18,18.40200574987067,18.710206244467898,18.32139824227514,18.59166717529297,2825700,41.252656449040245,35.65513261495249,39.45838113220079,56.938831418671874,51.38160825657149,11.95,3.0,0.2,1.77
FE,2009-06-19,18.705472924410408,18.724439617132283,18.17915895834033,18.292957305908203,3260300,41.32504964334419,35.73904858139874,39.51717696633645,56.86724341669762,51.32243822668053,11.87,6.0,0.41,1.73
FE,2009-06-22,18.117520020156505,18.60590246099999,18.117520020156505,18.27399253845215,2545000,40.98104024668594,35.29875462051927,39.465666224367055,56.56691801236538,51.32021448478067,11.78,4.0,0.64,1.73
FE,2009-06-23,18.250274963563385,18.326139891650225,17.875691089801,18.032161712646484,2075800,40.81547988199904,35.29133707617433,39.4567587877717,56.571647143624325,51.313430196801924,11.68,3.0,0.88,1.71
FE,2009-06-24,18.09854492034115,18.307174847846092,18.01793921835986,18.193376541137695,2462600,40.72062499789665,34.44300261188703,38.762728370712345,55.94280072485075,51.319122889889336,11.58,1.0,1.16,1.99
FE,2009-06-25,18.217086827420147,18.80978228862611,18.126997768471522,18.724435806274414,3104700,41.158368955767465,34.92780056773405,38.9663486319555,55.8873601183172,51.41367673517383,11.47,2.0,1.49,1.93
FE,2009-06-26,18.71021374192798,18.743404549895995,18.525293009316634,18.67702293395996,2318600,40.82327221867031,34.92566727574912,38.867192258911814,55.79980461769605,51.342150255519115,11.35,2.0,1.86,1.95
FE,2009-06-29,18.364076828924894,18.8097831858574,18.30243599156555,18.73866081237793,2040700,27.687278309006242,34.736843150239075,38.87743103458867,55.550815460584566,51.34537269071405,11.22,3.0,2.28,1.95
FE,2009-06-30,18.70547172543555,18.75762922269585,18.183898561595818,18.37356185913086,2876900,28.43479855452503,34.97550256695299,38.81924815863893,54.13212468550949,51.277529283190304,11.08,2.0,2.72,1.93
FE,2009-07-01,18.425718824892083,18.767112027102197,18.425718824892083,18.64857292175293,1445800,28.074464240667535,34.83761008185349,38.76187307095261,50.54953048629637,51.30399664053355,10.94,1.0,3.04,1.95
FE,2009-07-02,18.49210598522885,18.49210598522885,17.870960235595703,17.870960235595703,1922000,30.878213196906117,35.93230759634348,39.27202640762438,50.7799121207984,51.44848665097559,10.78,7.0,3.27,1.71
FE,2009-07-06,17.83776246922645,18.10803146052056,17.62913431364805,18.055875778198242,1983900,30.975296878209047,35.18533375911777,39.23217544856909,49.21974002014757,51.462395463966196,10.63,7.0,3.64,1.77
FE,2009-07-07,17.994235294128853,18.18863934094234,17.761897868052692,17.85672950744629,2205700,31.122216383772074,35.209657296926586,39.25345477749897,49.16080344487817,51.46442862944575,10.47,8.0,3.91,1.75
FE,2009-07-08,17.889923639270002,18.060620260192845,17.477408011215417,17.633878707885742,2761600,30.528272222106324,35.15272198720258,39.26762732359367,49.13679142562376,51.47231699146818,10.32,9.0,3.7,1.72
FE,2009-07-09,17.638621385442374,18.59167511264067,17.4157672614463,18.47787857055664,6832300,33.03089336780201,36.09706222078145,40.05192027544714,48.22663995470125,51.66044753324361,10.15,38.0,2.86,1.58
FE,2009-07-10,18.33088839429076,18.60590000514206,18.136484320978518,18.501585006713867,2508200,32.822448422171114,35.71375111952397,38.674301880204204,48.132280948673376,51.659658462467995,9.96,1.0,3.19,1.82
FE,2009-07-13,18.420974801921872,18.87616630539544,18.420974801921872,18.861940383911133,3177600,33.24251137169571,35.67243957858723,38.75181027401716,47.340156432539274,51.70258360792579,9.77,2.0,3.65,1.82
FE,2009-07-14,18.84771580542087,19.089534759521484,18.776591626046148,19.089534759521484,2538900,31.411834023655143,35.73132037984346,38.64820557572707,47.06213702736465,51.71893204717104,9.56,1.0,3.52,1.86
FE,2009-07-15,19.274457625205365,19.45463574780731,19.198592676540585,19.416704177856445,2100900,31.172955327758206,35.352925489345125,38.67803722784803,46.79260284851078,51.755528085977645,9.34,3.0,3.34,1.89
FE,2009-07-16,19.364547745081286,19.473603501700815,19.042121243439563,19.3455810546875,2425400,30.721792783796943,35.310498879028735,38.120282745658244,46.24735510104483,51.64169044337251,9.11,1.0,3.72,2.14
FE,2009-07-17,19.298167298904648,19.35032479624502,19.046863157970435,19.274459838867188,1586800,30.754185338183753,35.321065174353436,37.03393795905133,43.71787017377592,51.58878359813547,8.85,1.0,1.11,2.33
FE,2009-07-20,19.326614219509285,19.440412552256323,19.146436088407587,19.40247917175293,1414000,30.689246403814725,35.21607881353566,36.30489439965564,43.69164527087222,51.59637665443848,8.58,1.0,-0.09,2.69
FE,2009-07-21,19.620590382287823,19.625331149959397,19.340838061828503,19.51627540588379,2020600,29.980376327077995,35.23208326453866,35.41944113710769,43.11101391297561,51.578571305382006,8.29,1.0,-0.22,3.11
FE,2009-07-22,19.558947048011518,19.57791373379749,19.23652062470086,19.31238555908203,1357400,29.795848751685348,35.229554013076445,35.290348324820535,42.74301700837307,51.58455929994105,7.98,1.0,-0.2,3.22
FE,2009-07-23,19.321873316795426,20.047332030621828,19.298165858527444,19.957242965698242,1968700,30.98974708264668,35.78186322784363,34.800039665553555,42.86001195905324,51.518771955478016,7.66,1.0,-0.25,3.52
FE,2009-07-24,19.89560796022631,20.322349569215486,19.833968912410718,20.303382873535156,1462100,30.68092010545887,35.892520577393704,34.68075058960917,42.035830128280416,51.553806511702675,7.32,1.0,-0.24,3.68
FE,2009-07-27,20.298628768293533,20.38397703401964,20.08999887040195,20.274919509887695,1147200,29.167829770299175,35.84763467286375,34.66748996536113,41.46394399051623,51.52881776408932,6.95,1.0,-0.27,3.67
FE,2009-07-28,20.06155159022842,20.218022212184167,19.53049528787772,19.75334930419922,2945500,29.106588709550863,35.53058796681771,33.638837706677315,41.56757537163944,51.58394137576463,6.55,1.0,-0.32,4.0
FE,2009-07-29,19.86714980849912,19.890857261883795,19.539980801997263,19.601621627807617,2072200,29.17587735207875,35.4527148255453,33.66497654778764,41.463665120228015,51.57853503214992,6.19,2.0,-0.35,3.97
FE,2009-07-30,19.606358333512855,19.93352727224151,19.57316754389725,19.724897384643555,2304200,28.807855108439277,35.430414596583724,33.59703724130069,41.30618942325867,51.55649617302147,5.99,1.0,-0.38,4.06
FE,2009-07-31,19.658521936457134,19.819735168624113,19.478343824853937,19.535242080688477,3519500,28.80356044972821,35.38630661261775,33.47341749342896,41.31714668607359,51.56058866238412,5.76,1.0,-0.41,4.09
FE,2009-08-03,20.203803765492495,20.203803765492495,19.596884174163005,19.86715316772461,2720100,28.615944951645357,35.51018568275488,33.422125260171626,41.3282128272568,51.52767302309872,5.59,1.0,-0.44,4.2
FE,2009-08-04,19.8813805722432,19.8813805722432,19.530503994932968,19.672752380371094,2179800,28.829905094641383,35.42409087671284,33.441259994990055,40.57367641278573,51.419255077963754,5.4,2.0,-0.46,4.18
FE,2009-08-05,19.903388042127666,20.02832584120891,19.55741053380889,19.879362106323242,3004300,28.520760656608356,35.27134002800957,33.06541327185711,40.115951074790566,51.43347047270884,5.19,1.0,-0.69,4.54
FE,2009-08-06,19.927425005388596,20.19651854345453,19.888982023915034,20.16288185119629,2114800,28.65176747826182,35.30286379869985,32.58666146141717,40.10778318185231,51.45002579918996,5.03,1.0,-0.72,4.82
FE,2009-08-07,20.230157025466376,20.66743589657165,20.196520330232307,20.600162506103516,2651400,28.163680837658774,35.151495837124294,32.71067694977258,40.183144686835305,51.50246370000624,4.85,2.0,-0.63,4.74
FE,2009-08-10,20.56172455853526,20.70588210815502,20.230160178040848,20.681856155395508,1256700,28.111959342469174,34.91210424497401,32.5793541392937,40.145866992516424,51.484537568041766,4.69,1.0,-0.55,4.82
FE,2009-08-11,20.648222122862943,20.69627403459072,20.355100695359877,20.653026580810547,2628000,28.146304313454152,27.683829550102352,32.56872946376902,39.945137586907556,51.47388514415907,4.53,1.0,-0.54,4.81
FE,2009-08-12,20.54250758807388,20.955760665591896,20.45601267263694,20.85004425048828,2341900,27.340503017241392,27.713165530625517,32.358970517880664,38.04874578366716,51.406250812236735,4.36,1.0,-0.49,4.96
FE,2009-08-13,20.974970771226577,20.9893859716144,20.561717918195942,20.950942993164062,1593900,27.15516580223675,27.43669854066609,32.3037895289752,38.042299381459614,51.33625857851209,4.2,1.0,-0.45,4.99
FE,2009-08-14,20.94614557388798,21.229656219482422,20.893287377293007,21.229656219482422,2391900,23.415374077662754,27.51650641017298,32.167253455684005,37.98714124615927,51.35480702208357,4.15,1.0,-0.33,5.19
FE,2009-08-17,21.066270696174147,21.143154822205133,20.7587341920502,20.917306900024414,2007100,24.11210621614028,27.71683747605229,32.23360250603483,38.02061524543184,51.339130479011665,4.08,2.0,-0.39,5.07
FE,2009-08-18,20.907701046955335,21.018223722479867,20.73471309770789,20.99419593811035,1941400,23.636106692799068,27.667404224297787,31.978772199000183,37.94999650834014,51.341212362864916,4.04,1.0,-0.43,5.25
FE,2009-08-19,20.845233658657595,21.176796181565724,20.78276471965314,21.133548736572266,2115600,23.015631633931356,27.329850495026548,31.90349786906616,37.19364500961716,51.34261702693777,3.99,1.0,-0.46,5.37
FE,2009-08-20,21.181609785943216,21.29213066507719,20.99900919590903,21.27290916442871,1660100,19.519228245348717,27.019760360289098,31.26755424215601,37.11901994522005,51.34004306535773,3.95,1.0,-0.46,6.02
FE,2009-08-21,21.42186702586169,21.835118175311848,21.38342403536623,21.80628776550293,1701500,20.331954048208623,27.296161081095388,31.467497377569657,37.183648858477106,51.39261170171092,3.93,2.0,-0.29,5.89
FE,2009-08-24,21.78706749460563,22.04174590523066,21.743820044399232,21.936031341552734,1278200,19.907607666771128,27.295351609443426,31.47206506920068,36.609903308430766,51.39590274417314,3.92,3.0,-0.16,5.89
FE,2009-08-25,21.964862670637565,22.04655311691267,21.74862541057153,21.763042449951172,1631000,20.137689888112448,26.316056785139747,31.401361229646476,36.57972107578288,51.39941967728458,3.91,2.0,-0.17,5.9
FE,2009-08-26,21.76784150431466,21.88316862541008,21.570825790284395,21.82069969177246,1554200,19.782295793028275,25.92905999240004,31.399394472926325,36.475455226859154,51.40094732546824,3.89,2.0,-0.21,5.91
FE,2009-08-27,21.849541384771115,21.96967301440709,21.66694079446674,21.91681480407715,2143300,19.652118123630835,25.67875693372222,31.195366239954268,36.3327685032897,51.402039051638994,3.88,1.0,-0.23,6.19
FE,2009-08-28,22.00330428979298,22.00810874724403,21.72459809800066,21.974472045898438,2249200,19.517927447281703,25.677090155990882,31.181601531330415,36.309776593472954,51.39639277244575,3.85,1.0,-0.25,6.22
FE,2009-08-31,21.931215242679265,22.03693159214063,21.6236787712229,21.686147689819336,1776800,20.154897045521,25.80218671763773,30.777329674709964,36.33828670964132,51.373554703301394,3.82,1.0,-0.36,6.48
FE,2009-09-01,21.662121338030055,21.969657803684747,21.55640499056303,21.628482818603516,2492300,20.22722050438939,25.369369516295677,30.769167396720476,36.3229320724006,51.34416407225243,3.82,1.0,-0.46,6.46
FE,2009-09-02,21.57083750460137,21.719801401691686,21.364210932180107,21.484342575073242,2304000,20.028179242529564,25.183864028526386,30.669899729454052,36.2624762300691,51.26085783500409,3.82,1.0,-0.56,6.6
FE,2009-09-03,21.609275347246907,21.897590488079988,21.469922234850305,21.8447322845459,2931700,18.457418288577248,25.288945900969445,30.45862581789992,36.245184450697906,51.291689548555134,3.82,1.0,-0.62,6.96
FE,2009-09-04,21.77745132449176,22.08979414633626,21.77745132449176,22.04174041748047,1579300,18.058053699790605,24.96042487161858,30.243186467825144,36.09105873518962,51.30217520493305,3.81,1.0,-0.67,7.17
FE,2009-09-08,22.262782925626848,22.262782925626848,21.92641417066927,22.113819122314453,1793800,18.01566031854183,24.05062952002489,30.086280703268248,36.09374249078477,51.23048262919637,3.8,1.0,-0.73,7.32
FE,2009-09-09,22.08979708446905,22.267591322227826,22.036938892228253,22.262786865234375,2395600,15.807102995147657,23.28420690116822,30.06961875779482,35.66468805214699,51.017459786199815,3.79,1.0,-0.77,7.38
FE,2009-09-10,22.310845630526316,22.455003214487984,22.229155172008056,22.392534255981445,2071800,15.418644561282871,23.234984608460778,29.662029968305646,35.609000061378005,51.01781442570685,3.83,1.0,-0.79,8.0
FE,2009-09-11,22.402133978128596,22.47421365115846,21.979272184410885,22.06096076965332,2454200,16.391955510310524,23.260719408699703,29.752172508455743,34.795813591594644,50.96837239897645,3.87,2.0,-0.85,7.79
FE,2009-09-14,22.012913936170726,22.40694541769729,21.974470946235133,22.387723922729492,1834000,16.181860713498764,23.277897305870297,29.819633224625306,34.83761418450306,50.963179336535504,3.9,3.0,-0.88,7.75
FE,2009-09-15,22.35889237414297,22.551103663660538,22.10901843099522,22.5030517578125,1748900,15.758486497077339,22.930648252624096,29.749367224922036,34.842343269352355,50.85519283485888,3.93,2.0,-0.91,7.81
FE,2009-09-16,22.503049998412152,22.97877006152677,22.35889062601372,22.94993782043457,1707700,15.802527516965966,23.14896646680093,29.88346475562546,34.87363153713607,50.89107911923535,3.95,5.0,-0.89,7.69
FE,2009-09-17,22.868254266901616,22.954749176203602,22.43577972039168,22.488637924194336,2929800,17.342794157938503,23.41227614901962,30.05139577885525,34.88991514080186,50.48403345268658,3.98,6.0,-0.95,7.37
FE,2009-09-18,22.74330235463419,22.776939036707475,22.522258944216116,22.575117111206055,3355300,17.079020732731284,23.38704234059077,29.992675668925134,34.79320062884122,50.18367342442964,4.01,6.0,-0.99,7.49
FE,2009-09-21,22.46941156547667,22.796169633699446,22.38291850794718,22.6087646484375,3025700,16.241912682247207,22.793485137190775,29.966396125184687,34.695387810699394,50.05497642411048,4.04,6.0,-1.03,7.5
FE,2009-09-22,22.671240848371266,22.77695726696461,22.479029511485752,22.647214889526367,1914400,16.244753472511103,22.76493963636539,29.93674964283893,34.336210243737,49.85978796555975,4.08,6.0,-1.08,7.52
FE,2009-09-23,22.59915036447309,22.863441284953947,22.493435829343035,22.5174617767334,1860800,16.39588448744127,22.83881750054207,29.461558870656763,34.32184481266748,49.85844491643828,4.11,1.0,-1.12,7.96
FE,2009-09-24,22.522268473993424,22.671232295535507,22.195510424397057,22.282005310058594,2221700,16.716798523689462,22.524179040966075,29.455858668771008,33.72318718967593,49.86309756101199,4.15,1.0,-1.17,7.89
FE,2009-09-25,22.233959446139437,22.28681764984401,21.931227264144216,21.945642471313477,2386100,17.437860832711134,22.702553307046838,29.524004635467442,33.720810243089566,49.739482055017916,4.18,3.0,-1.22,7.77
FE,2009-09-28,21.97928340982736,22.368508710402317,21.960061909460823,22.205129623413086,1215800,17.357876190988822,20.715298148227962,29.48814497689773,33.6330113347687,49.7557401124726,4.21,3.0,-1.27,7.91
FE,2009-09-29,22.291608133876174,22.291608133876174,22.09459248279386,22.17628288269043,1309500,16.682415085652067,20.69198732017113,29.46505115296727,33.629244670224345,49.68755012572127,4.24,3.0,-1.31,7.91
FE,2009-09-30,22.1618730453844,22.200316030299703,21.604462595549382,21.969663619995117,2906300,16.990214738556105,20.643130277498837,29.424347604019925,33.58588200136764,49.6922387758828,4.26,1.0,-1.35,7.88
FE,2009-10-01,21.955248882879733,22.012913366290277,21.489139556884766,21.489139556884766,1495800,18.235423309973243,21.048676940092477,29.477647646342785,33.68204546987912,49.65099443942251,4.29,5.0,-1.38,7.81
FE,2009-10-02,21.378620006253254,21.604466164217936,21.075887865757785,21.522777557373047,2161700,18.149403575839937,19.001577075936748,29.421961998647454,33.60560813993182,49.392279576570246,4.31,1.0,-1.41,7.85
FE,2009-10-05,21.60446292904258,21.83031088625022,21.320952326634302,21.782258987426758,1386200,16.99948482357332,19.097596418992453,29.167326360324047,33.54381709017529,49.39859452480085,4.33,1.0,-1.44,8.32
FE,2009-10-06,22.503048391244047,22.503048391244047,21.642905840581758,22.123432159423828,2153200,17.513059437354755,18.973745187851552,29.078011771592223,33.522581177824264,48.87924651027751,4.35,1.0,-1.47,8.57
FE,2009-10-07,22.051350998514053,22.051350998514053,21.657319590151864,21.74381446838379,2321100,18.096930847563947,19.305337892081376,24.213276130155073,33.518549043858556,48.757346066359354,4.43,1.0,-1.49,0.38
FE,2009-10-08,21.86875311740529,21.916806851661516,21.6717373896111,21.81109046936035,1482700,18.10308253878705,19.05804351719397,24.212840452548402,33.49415436503878,48.68121349741714,4.5,1.0,-1.51,0.38
FE,2009-10-09,21.81589891037276,22.060966563524403,21.686156564682108,22.012914657592773,1677600,18.258155452384802,19.078963273802824,24.033745871991375,33.442962384789766,48.47550097658075,4.58,1.0,-1.52,0.46
FE,2009-10-12,22.017715936491715,22.18589941603622,21.936027341587938,22.128236770629883,989200,18.30430316882931,19.049904823321235,24.037899641106023,33.089571193109975,47.260868715289725,4.66,2.0,-1.53,0.46
FE,2009-10-13,22.113827733146067,22.301232757764286,21.940837915632954,22.28681755065918,2084600,17.95267798558123,19.055247432758403,24.025591174360414,33.1016267537712,44.35666470785714,4.73,1.0,-1.54,0.46
FE,2009-10-14,22.416544909141795,22.488622729484554,22.238748919560514,22.344465255737305,1533900,17.926306724062314,19.041098135339396,23.995777914386178,33.08035991202219,44.356644075145006,4.79,1.0,-1.55,0.47
FE,2009-10-15,22.320442211851677,22.6616153717041,22.296416268619897,22.6616153717041,1577000,18.153696091563187,19.00439619440622,23.819106486594272,33.10711208335026,43.05926536732697,4.85,1.0,-1.54,0.54
FE,2009-10-16,22.541498470933018,22.820204726110696,22.488640261636345,22.647214889526367,2215300,17.607328058717435,17.942435331477753,23.615757586544518,32.56991022313455,43.00638226574365,4.91,1.0,-1.54,0.63
FE,2009-10-19,22.724095306717622,22.882668075369686,22.450195388358082,22.74812126159668,2917200,17.48195444293061,17.672735323814994,23.54748759991127,32.51613527631771,42.979789729844796,4.96,1.0,-1.53,0.67
FE,2009-10-20,22.810585537336504,22.9163000837583,22.17148463672697,22.334863662719727,2636100,18.343836283040822,18.142066702719077,23.774761947070626,32.53586726277421,42.02813959528471,5.02,3.0,-1.53,0.57
FE,2009-10-21,22.354092411497234,22.666433528436993,22.27720824684373,22.325260162353516,3583200,18.24443211799273,17.208530819442835,23.00521161704015,32.53572757047544,41.9423081988237,5.07,1.0,-1.51,0.61
FE,2009-10-22,22.37331176883393,22.40694847308291,21.98408469144343,22.368505477905273,2258900,18.173325386110616,17.088209207479903,22.762142751436784,32.45488471672224,41.22336477267272,5.13,1.0,-1.5,0.72
FE,2009-10-23,22.469405811607707,22.5414854796641,21.878358765956456,22.07056999206543,1979100,18.070910407466055,17.361778472397425,22.702276184053893,32.405572081464975,41.0065012350336,5.19,1.0,-1.47,0.75
FE,2009-10-26,22.12823993412363,22.4069461207131,21.585244599154194,21.61888313293457,2838500,18.47674899433165,17.81524297855093,22.977913225154083,32.49120209912955,40.788519104085964,5.24,3.0,-1.44,0.63
FE,2009-10-27,20.95095410740342,21.67655012954602,20.95095410740342,21.13836097717285,4365500,19.37009798998987,18.20474803362595,23.249037062009663,32.50922626838643,40.395062781415774,5.28,5.0,-1.4,0.54
FE,2009-10-28,21.013420869168314,21.15277397582761,20.667441247962582,20.984588623046875,3874300,18.28529983467795,18.147496427132133,23.023506805953655,32.51687203181927,38.35888907197534,5.31,5.0,-1.35,0.63
FE,2009-10-29,21.02302739693868,21.34497916520465,20.758738276275384,21.31614875793457,2646400,18.29732501969598,18.293885849470882,22.986164088701493,32.57096146135497,38.36104010970807,5.34,4.0,-1.32,0.64
FE,2009-10-30,21.277700679250955,21.316143657161998,20.61938026355196,20.79717445373535,3144000,19.36792258504663,18.8369959388145,23.317024152925907,32.68409569965915,37.97026570770819,5.36,8.0,-1.27,0.54
FE,2009-11-02,20.854848341688598,20.854848341688598,20.302242199483413,20.398347854614258,3037500,19.908169511413423,18.756290816559986,23.273723276404194,31.78041900860305,37.69971932827557,5.38,8.0,-1.22,0.55
FE,2009-11-03,20.331076371388196,20.494455450664514,20.153280250986,20.20133399963379,2423800,19.92724988627226,18.836881626261786,22.686053650561696,31.74482428491458,37.65388532221513,5.39,1.0,-1.19,0.61
FE,2009-11-04,20.29870935740941,20.775867585606257,20.27923491385861,20.449647903442383,2536700,20.448827615941916,19.011671959325454,22.333536984636865,31.6804476078058,36.97022517868923,5.41,1.0,-1.14,0.7
FE,2009-11-05,20.52267885376274,20.805077729079855,20.503202556882417,20.74665069580078,1518300,20.945915509659258,19.14487058132926,22.416657701125743,31.6661557041235,36.53201313142635,5.41,2.0,-1.08,0.65
FE,2009-11-06,20.629795847634067,20.853769558713253,20.53241621551642,20.63953399658203,1676600,20.610996894657553,19.145053929095155,22.30679392745959,31.277566719557175,36.533973333205495,5.42,1.0,-1.01,0.71
FE,2009-11-09,20.722309596630463,21.053399267564988,20.673618846574094,21.04366111755371,2000000,21.166625320970613,19.37106721282348,22.40376512981847,30.659927512418495,36.50403985517573,5.42,3.0,-0.94,0.67
FE,2009-11-10,20.98035967812364,21.126428182983346,20.941407086234754,21.048524856567383,1936400,21.174360449179183,19.12809804025359,22.22942027397614,30.13669852298917,36.36300110515688,5.43,1.0,-0.86,0.76
FE,2009-11-11,21.145909423221777,21.155647573470954,20.805081593949584,20.84403419494629,1697500,21.1872465464137,19.2190314755574,22.29685455961138,29.543225512393462,36.37398815273944,5.42,2.0,-0.78,0.72
FE,2009-11-12,20.800207570084968,20.863502742776216,20.240276161829218,20.27435874938965,3732700,21.71018628136372,19.977740130904305,22.651482768846424,29.612714694670565,36.43666153505047,5.41,7.0,-0.74,0.65
FE,2009-11-13,20.303579177750574,20.649275157702032,20.279234730510463,20.48373031616211,2433700,21.977449359268228,20.04949756909577,22.664455139181708,29.05157633920955,35.842899247438986,5.4,8.0,-0.67,0.65
FE,2009-11-16,20.62492318867718,20.80507426138871,20.547019871502336,20.727170944213867,2276000,21.968364560864938,19.517547001009188,22.29594765080317,28.939733395009238,35.46832815354677,5.39,2.0,-0.58,0.74
FE,2009-11-17,20.72718165468854,20.80508501211883,20.576243087071237,20.76613426208496,1681100,21.38821962668227,19.475050027731005,22.289059395988268,28.92922833142358,35.43166911224818,5.37,2.0,-0.49,0.74
FE,2009-11-18,20.722306075742292,20.868374586368777,20.69309163067224,20.780733108520508,1567100,20.90774909997503,19.42269424441018,22.286242875331975,28.073538614523603,35.42164865045813,5.35,2.0,-0.38,0.74
FE,2009-11-19,20.702833275670983,20.795342914641232,20.362005455069866,20.47399139404297,1626400,21.210219250483195,19.621855769412285,22.185404715752412,28.133828206477556,35.41505112135241,5.33,1.0,-0.29,0.78
FE,2009-11-20,20.527548377588637,20.60058356711273,20.405824299956503,20.42530059814453,2281900,20.936964259584748,19.59048367803783,22.081491619497527,28.087283084320386,35.25119629114705,5.3,1.0,-0.19,0.84
FE,2009-11-23,20.50319480895996,20.76124914434184,20.425291508239326,20.50319480895996,2836200,20.89549950406308,19.60174427911053,20.954370854337355,27.975566172919898,33.71593223203867,5.28,1.0,-0.2,0.5
FE,2009-11-24,20.508075022817643,20.64927541890356,20.415565379190124,20.644407272338867,2349800,20.88449003938324,19.505981724078524,20.92425447321474,27.891114684814667,33.713589435324366,5.25,1.0,-0.19,0.52
FE,2009-11-25,20.702836651828356,21.058270826713667,20.52268549082895,21.014450073242188,2026400,21.658118163539818,19.869479274582364,20.989221165983317,27.944461950381378,33.692209384399455,5.21,3.0,-0.29,0.48
FE,2009-11-27,20.79047143510056,20.965754392299687,20.498332553981385,20.74665069580078,779900,21.31754748391362,19.99084144339368,20.993857445415852,27.731225659698055,33.712973021339295,5.16,4.0,-0.71,0.48
FE,2009-11-30,20.741784402475822,21.014447035479176,20.64440661538241,20.975496292114258,2469400,21.68884120545355,19.81537857769785,19.768732439776475,27.391156268575536,33.67600530201726,5.12,1.0,-0.78,-0.36
FE,2009-12-01,21.0972278428396,21.209213823482482,21.048537074714723,21.155654907226562,2384100,21.83620051589297,19.806707246249395,19.80252633785521,27.383005143254714,33.066074575644635,5.09,2.0,-0.9,-0.38
FE,2009-12-02,21.214067774048665,21.43803958544077,21.097213723479584,21.374744415283203,2515900,21.598610417026144,19.918836731173805,19.645947404348167,27.312224698109116,33.0179451589417,5.05,1.0,-0.93,-0.34
FE,2009-12-03,21.647419337736093,22.066150651869005,21.442923686106273,21.87139129638672,3094600,22.73103804413625,20.444262901245764,19.87464678379315,27.426143463809982,33.055583422673415,5.01,4.0,-0.94,-0.37
FE,2009-12-04,21.76913315477204,22.12456723133824,21.37961648575168,21.715574264526367,4268700,22.792469371107067,20.451456295116152,19.760459844306418,27.284322026172614,32.5909567014792,4.96,2.0,-0.9,-0.35
FE,2009-12-07,21.744788814928587,21.983368820607616,21.598720295519502,21.861644744873047,2587400,22.584467271157408,20.280247724691193,19.765087167378816,27.251696961392717,32.56797476026293,4.91,3.0,-0.88,-0.34
FE,2009-12-08,21.754528776602218,21.837300263465032,21.550031346499825,21.61819839477539,1798000,22.001414869160733,20.164291346900285,19.84839532531873,27.16717659155575,32.501517187600626,4.88,6.0,-0.88,-0.38
FE,2009-12-09,21.676621145250113,21.837295940975917,21.603585965235432,21.817821502685547,1995200,21.085547656504303,20.23041670626043,19.870629721641723,27.159242766185304,32.396184020572,4.86,7.0,-0.87,-0.39
FE,2009-12-10,21.90545891226479,22.333926192960167,21.90545891226479,22.309581756591797,2267500,21.798607694948597,20.349051049470297,20.138682747436874,27.1073607757746,32.457540515150626,4.84,9.0,-0.87,-0.44
FE,2009-12-11,22.470260370725278,22.80621808004192,22.39722519778785,22.733182907104492,2355600,21.98698817113081,20.29955713805181,20.2373389681131,27.133741382993787,32.51375873594217,4.82,10.0,-0.94,-0.44
FE,2009-12-14,22.937688636161266,23.04967458007818,22.772143793553163,23.02046012878418,2157800,20.65087036946868,20.444802778720014,19.689654461238668,26.75198141556149,32.525546364818595,4.81,2.0,-0.88,-0.57
FE,2009-12-15,22.893870198398858,23.04967690629997,22.796490541620045,23.000988006591797,1946800,19.546147667165993,20.44472739986149,19.529540373188233,26.744601751627588,32.4692467409684,4.8,1.0,-0.84,-0.54
FE,2009-12-16,22.76240248269369,22.835437672107034,22.562775069974172,22.591989517211914,3147500,20.183478467814954,20.78025878465977,19.761771010885692,26.83952780915365,32.45915853112296,4.78,5.0,-0.8,-0.62
FE,2009-12-17,22.5433061969924,22.82083703639529,22.4069757797033,22.77214813232422,2472800,20.064936428914486,20.809081552535233,19.30484431809926,26.77595101486926,32.32973723976089,4.78,1.0,-0.79,-0.6
FE,2009-12-18,22.77214050371907,23.112968290128073,22.674760870836206,22.820829391479492,3258400,19.802751737255527,20.6924337459623,19.24947067886044,26.775216583693286,32.3304403380505,4.77,1.0,-0.82,-0.57
FE,2009-12-21,22.952285410708846,23.215209791186233,22.840299513252518,22.97176170349121,1488600,19.66466393113174,20.471212559484897,19.251564828233157,26.655134868077617,31.98489610314741,4.77,2.0,-0.83,-0.57
FE,2009-12-22,23.054540774883122,23.181134862411092,22.78188001533757,22.825700759887695,1531700,19.27742302078729,20.39245852457176,19.21002101890306,26.663618891213737,31.940608860508853,4.76,1.0,-0.94,-0.55
FE,2009-12-23,22.86465442932407,23.078890033390326,22.71858588123676,23.04480743408203,1479600,19.362424550139274,20.473606684142286,19.09679205954145,26.35204994854941,31.270818389701056,4.75,1.0,-0.95,-0.52
FE,2009-12-24,23.049673847743907,23.147053491601014,23.03019754750004,23.10810089111328,329400,18.980457829537734,20.371081822289746,19.011246950632973,26.342001976294817,31.271334108281597,4.73,1.0,-1.05,-0.47
FE,2009-12-28,23.190865604438926,23.190865604438926,22.947417514113734,23.035058975219727,876400,16.67317273445133,19.821741930618064,18.972941568720156,26.267695771228073,31.273286348518763,4.72,1.0,-1.12,-0.47
FE,2009-12-29,23.01559084730909,23.14705308560603,22.966900097553456,23.030197143554688,1116100,16.621132380160912,19.823526370516714,18.865163664952224,26.077741139707513,31.23795704539495,4.71,1.0,-1.13,-0.44
FE,2009-12-30,22.971772626846462,23.190876381430765,22.952296324802884,23.122711181640625,1410800,16.45148518282529,19.704006367683593,18.59271895675123,25.919882595038153,31.185393131154594,4.7,1.0,-1.11,-0.41
FE,2009-12-31,23.093491148408365,23.259035961052803,22.596856710475052,22.6163330078125,929800,18.06929245621587,20.026646472866254,18.95079506187194,25.959280264154476,31.18603140799829,4.68,3.0,-1.09,-0.49
FE,2010-01-04,22.699112918854983,22.845181488430825,22.596865105888156,22.77214813232422,1840900,18.094072445966,19.72588597217109,18.970757189039023,25.953342218868315,31.115674012051393,4.66,4.0,-1.06,-0.48
FE,2010-01-05,22.713710657693447,22.80622027594143,22.236550701318965,22.518951416015625,2922100,17.805800871699415,19.870490877667812,19.018323527937948,25.742421974998386,30.850310392413505,4.64,7.0,-1.04,-0.53
FE,2010-01-06,22.543303545581065,22.81109620120101,22.406973144326347,22.762407302856445,3426300,17.856606818419074,19.901753009362128,19.07368553023914,25.743943308931943,30.853324016729992,4.62,8.0,-1.01,-0.55
FE,2010-01-07,22.674763788745278,22.757537137424126,22.387494856322654,22.42157745361328,2327700,18.660141820954316,20.132302898595068,19.134901153102742,25.81475691015651,30.39690164467296,4.59,10.0,-1.0,-0.59
FE,2010-01-08,22.37288702217249,22.44105221206959,22.16838959511907,22.30472183227539,2286900,18.77020204135288,20.11021814000763,18.998864590079293,25.771265994967603,30.36125016439698,4.56,6.0,-0.95,-0.54
FE,2010-01-11,22.436184197351576,22.78674829849873,22.38262530287242,22.694238662719727,2026900,18.738773588408648,20.414861127079632,19.176813986083214,25.843614576303402,30.318822383114778,4.52,12.0,-0.91,-0.58
FE,2010-01-12,22.86465337372727,22.86465337372727,22.57738443756094,22.728322982788086,2687400,18.167738874690535,20.212475331587324,19.15436054837446,25.812847762117137,30.31578852339604,4.49,12.0,-0.88,-0.57
FE,2010-01-13,22.723450936559274,22.927948361950442,22.587120557873238,22.859783172607422,1556000,18.032495564455704,20.245779827072482,19.14853087724514,25.78454744717491,30.27169955560484,4.46,12.0,-0.87,-0.57
FE,2010-01-14,22.806223096623768,22.85978198757744,22.66502272181172,22.820829391479492,2144200,17.996527636560586,20.229348910215446,18.759565881977537,25.76637019003522,30.268606982143236,4.42,2.0,-0.88,-0.57
FE,2010-01-15,22.80621808004192,22.80621808004192,22.348536320737303,22.733182907104492,2244200,17.932342887300983,19.881833364113444,18.75112081321741,25.750236163224923,30.211827266265672,4.39,2.0,-0.89,-0.58
FE,2010-01-19,22.679635061002205,22.913345108649956,22.582255410141723,22.89873695373535,1640700,16.887619907623204,19.93220319331774,18.73538918971062,25.43078190744194,30.148519524354274,4.35,2.0,-0.9,-0.56
FE,2010-01-20,22.82569157630292,22.82569157630292,22.348533581713653,22.577373504638672,2068500,17.31541623372655,20.150959678247553,18.875491785288766,25.4476348453606,30.121928177037848,4.31,6.0,-0.9,-0.63
FE,2010-01-21,22.494611152344515,22.645547828179733,21.920073325802537,21.978500366210938,2436000,19.053222588445113,20.7195447360612,19.35155988768041,25.629093082304106,30.190332452537056,4.26,23.0,-0.9,-0.64
FE,2010-01-22,21.97363264425474,21.97363264425474,21.476998147791015,21.486736297607422,2450700,19.91481337746431,20.806104811870256,19.67778856921566,25.726347061801246,30.2524639533024,4.2,26.0,-0.93,-0.71
FE,2010-01-25,21.759391708245662,21.803212442954557,21.4721228601233,21.613323211669922,1892700,19.801703804960006,20.309185184369912,19.590269285550775,25.714995823311078,30.20315697932679,4.15,25.0,-0.93,-0.66
FE,2010-01-26,21.58897960901258,21.84703402488235,21.47699369538302,21.720441818237305,2277800,18.688045501871652,20.266623188015355,19.601496176661744,25.66105781350338,29.92404027873368,4.1,26.0,-0.93,-0.65
FE,2010-01-27,21.637671651796644,21.637671651796644,21.199466081056308,21.530555725097656,2259900,17.852647455291514,20.10737892874637,19.622602108008387,25.577831704415843,29.935773161400913,4.04,27.0,-0.92,-0.66
FE,2010-01-28,21.55976392890715,21.64740539669634,21.19946176787308,21.257888793945312,1445600,17.58713597659641,19.622082512719295,19.54352783039952,25.58740336622471,29.942645060692218,3.98,25.0,-0.96,-0.69
FE,2010-01-29,21.321195755210937,21.501346919654893,21.199471644058598,21.238422393798828,1906900,17.586522650918106,19.189323017903636,19.487353385988076,25.399760759254363,29.92813208088501,3.93,24.0,-1.0,-0.68
FE,2010-02-01,20.98036244742855,21.394223575385652,20.88298281221451,21.301713943481445,1837100,17.043357723236824,19.072023366481954,19.486034120354486,25.296406342523824,29.509725955656542,3.87,24.0,-1.04,-0.67
FE,2010-02-02,21.277368602222662,21.491602304774414,21.00957600969248,21.472126007080078,2309300,17.044635376018345,18.98385850620863,19.498660582095575,22.24518727563812,29.474495628849297,3.81,26.0,-1.06,-0.68
FE,2010-02-03,21.481989295123505,21.481989295123505,21.082621818604107,21.131927490234375,1537900,17.46916768341374,19.07496231006722,19.6292861070917,22.33780154924084,29.474919405069468,3.76,32.0,-1.1,-0.74
FE,2010-02-04,21.057969079890697,21.196023074107742,20.638881232321445,20.6684627532959,2546000,18.13610519922674,19.59474488246504,19.797334907484128,22.368413564676164,29.55455558656948,3.69,40.0,-1.15,-0.75
FE,2010-02-05,20.624090293683718,20.772003539735252,20.20993207624804,20.48603630065918,2330600,18.18440326007158,19.254580612167775,19.685236612224184,22.397989683647506,29.500325979278536,3.62,35.0,-1.19,-0.74
FE,2010-02-08,20.609297908488173,20.609297908488173,20.209932327270508,20.209932327270508,1343500,17.964047971667057,19.44062062326068,19.763321298006264,22.45368103009568,29.46021486702819,3.55,39.0,-1.2,-0.79
FE,2010-02-09,20.35784492361803,20.85581994776377,20.352913416382137,20.579715728759766,2909500,19.01677713153893,19.722310170084487,19.723842696464654,22.536382054102795,29.520297297286298,3.48,37.0,-1.23,-0.79
FE,2010-02-10,20.55999163989956,20.56985277267874,20.28388556453881,20.441659927368164,1713700,19.033490611486275,18.925498875447627,19.503713666558113,22.385013223376323,29.459957509271046,3.39,27.0,-1.26,-0.74
FE,2010-02-11,19.40134443190828,19.652798751849964,19.085795535433828,19.519676208496094,15876900,22.571180570320685,21.048427071623934,20.764712909437797,22.964726651708016,29.807769816352415,3.29,51.0,-1.08,0.12
FE,2010-02-12,19.549260694705485,19.583773739598442,19.066074304564314,19.322458267211914,9142500,22.424790414764527,20.967296932864382,20.804931727496196,22.94461191957584,29.818804411516027,3.19,52.0,-0.87,0.08
FE,2010-02-16,19.425993386002173,19.667584626918494,19.184400264266536,19.332313537597656,5027600,21.962768665169477,20.960676740253962,20.8010298745611,22.944610731384437,29.811608391962967,3.09,52.0,-0.75,0.08
FE,2010-02-17,19.47529417280015,19.47529417280015,18.967457989903146,19.016761779785156,4534900,21.88670329767208,21.188189003842286,20.92473087511281,22.550243523269433,29.090832415088453,2.99,55.0,-0.56,0.01
FE,2010-02-18,19.04141675927832,19.169609643048172,18.937877655262202,19.130165100097656,4062600,22.09676839016225,21.05526737251124,20.911200856927568,22.445570302612033,29.056501301332954,2.88,54.0,-0.5,0.04
FE,2010-02-19,19.056204852848378,19.65771894265313,19.031551078981735,19.573902130126953,3364800,23.12978755596424,21.622471760374697,21.150993541766823,22.481165043863168,29.07342240205832,2.76,60.0,-0.58,0.07
FE,2010-02-22,19.692222101024463,19.721805486348444,19.529518183787417,19.59361457824707,3966600,22.991658402517924,21.60510206984848,21.052742086865983,22.481021278660194,29.0248601463261,2.64,60.0,-0.65,0.1
FE,2010-02-23,19.578836286755962,19.578836286755962,19.268218977006402,19.332313537597656,2895300,23.13671041525238,21.699383756254644,21.141270796841383,22.521281016032077,28.75051150392633,2.51,61.0,-0.69,0.04
FE,2010-02-24,19.342172463857406,19.430920793882454,19.11537201193521,19.28793716430664,2784700,22.18915774283837,21.341169159925496,21.10303517592273,22.38596227592077,28.199462626914112,2.37,61.0,-0.73,0.07
FE,2010-02-25,19.11537143128518,19.30765884689215,18.932945149916907,19.26328468322754,3306300,22.128350206375654,21.208582998378375,20.837492463466642,22.315142943552928,27.799214485519464,2.22,54.0,-0.78,0.19
FE,2010-02-26,19.268211568034648,19.3175153465804,19.026618539195848,19.056201934814453,2972600,21.914503425465874,21.142745687410258,20.889823079200134,22.31992553675215,27.35038764961264,2.06,55.0,-0.8,0.15
FE,2010-03-01,19.125232565523877,19.356962637266587,19.105510297046486,19.26328468322754,2871700,22.425058890343585,21.19400501378635,20.87173669322825,22.18337279784975,27.28653764415699,1.88,55.0,-0.86,0.15
FE,2010-03-02,19.371754420981034,19.416128582680134,19.26328382997902,19.386545181274414,3457600,22.690721756385898,21.11528329485845,20.73456202286109,21.80814986220763,26.847100885521197,1.69,51.0,-0.92,0.2
FE,2010-03-03,19.450644530267432,19.450644530267432,19.105512318669554,19.189329147338867,3349800,22.413538397956316,20.55207578724811,20.62574593423473,21.608270623180832,26.760686828934343,1.66,51.0,-0.97,0.25
FE,2010-03-04,19.189329147338867,19.25342558626315,19.006902846667412,19.189329147338867,2272900,22.33606622614172,20.530459287562767,20.615030721177792,21.600153010005695,26.751027270014532,1.62,51.0,-1.02,0.25
FE,2010-03-05,19.312588380960626,19.529529571533203,19.1646751297278,19.529529571533203,2636600,22.340172790604154,20.84706740567823,20.76555555051732,21.630353677656903,26.16153096105324,1.59,55.0,-1.07,0.21
FE,2010-03-08,19.56897868762215,19.56897868762215,19.401343112666414,19.4802303314209,2363500,21.62702472463517,20.757071792252805,20.74097881480953,21.573030028215296,26.162195691432466,1.56,54.0,-1.11,0.22
FE,2010-03-09,19.499938645232092,19.499938645232092,19.31258092952255,19.455564498901367,2698200,21.463129806285945,20.632196759987192,20.697041612202423,21.48483840747117,26.127385155201832,1.52,53.0,-1.15,0.23
FE,2010-03-10,19.455571857315693,19.652790778003283,19.401336560085657,19.603485107421875,2954000,21.56640472816087,20.108792325999413,20.736364994874286,21.501208984428132,26.046366299968177,1.48,55.0,-1.18,0.22
FE,2010-03-11,19.60348819656734,19.647862366673642,19.519671364599503,19.58869743347168,2896800,21.518385136371865,19.63166968962868,20.589067143565,21.439707839086328,25.97830942521051,1.45,51.0,-1.2,0.27
FE,2010-03-12,19.63800133860663,19.69716626646629,19.425991642888782,19.45064353942871,2499300,21.36083492518913,19.400216294611464,20.607877267219187,21.43447920237859,25.977676786685166,1.42,52.0,-1.22,0.25
FE,2010-03-15,19.460506716286773,19.623210755178885,19.381619510589527,19.5689754486084,3107400,21.51421004874591,19.4816105997375,20.621414065817685,21.17776301981512,25.789590360310342,1.38,54.0,-1.23,0.24
FE,2010-03-16,19.647857666015625,19.68730219925956,19.480222161366644,19.647857666015625,2441100,21.540464743538372,19.266160403249234,20.461790601550447,21.179857561373318,25.503912086568338,1.35,51.0,-1.24,0.34
FE,2010-03-17,19.697168063723858,19.780984895771265,19.608419723427005,19.716890335083008,2534400,21.386849478223436,19.186453355929523,20.475504513692417,21.180298253985786,25.486195498829446,1.32,52.0,-1.25,0.34
FE,2010-03-18,19.780989785735294,19.80564169061865,19.45065012249478,19.519676208496094,2950300,21.138523391354198,19.225917217097727,20.51654127752806,21.08301555735727,25.431795638946138,1.3,53.0,-1.25,0.3
FE,2010-03-19,19.613340377807617,19.7119498086705,19.42598452806844,19.613340377807617,4164300,20.405518699300902,19.19256989517227,20.447805149306404,21.018946344595967,25.426198745459928,1.28,51.0,-1.26,0.36
FE,2010-03-22,19.642930700067343,19.76619206191997,19.490085934275204,19.66265296936035,4265300,20.32687404796187,19.2049588403125,20.214996095865377,20.391915981462038,25.298204959445968,1.26,50.0,-1.27,0.5
FE,2010-03-23,19.677443461067185,20.012714511174003,19.638000803841198,19.938756942749023,3878100,20.45542404778498,19.343118365727527,20.053820835232155,20.421073435770936,25.30044324577444,1.22,49.0,-1.29,0.61
FE,2010-03-24,19.87959231066212,19.9239664762099,19.771121710252178,19.85494041442871,3697300,19.702881796614697,19.316438367769237,20.03347131371206,20.382050083192084,25.215679451596777,1.2,49.0,-1.3,0.63
FE,2010-03-25,19.721825340054217,19.874670163534773,19.209057429816045,19.23370933532715,4345800,21.56508409877237,20.225995583738385,20.466940557335178,20.681485967499025,25.39630390137902,1.17,56.0,-1.32,0.56
FE,2010-03-26,19.283001314544872,19.283001314544872,19.04633980445852,19.125226974487305,2513100,17.096259538708306,20.224643046897242,20.128291445412657,19.947419573801934,25.263907300720412,1.13,51.0,-1.34,0.72
FE,2010-03-29,19.17452933830673,19.25341650252573,18.88856407331973,19.223834991455078,3167900,16.933710973087397,20.24298080911749,19.92913044301061,19.95562005727174,25.231015472137624,1.09,49.0,-1.35,0.87
FE,2010-03-30,19.199177223289542,19.26820512331155,19.115360451632622,19.16959571838379,3373300,16.94964851581336,19.84918965649467,19.878920624653553,19.829144142065434,24.93067972501666,1.06,49.0,-1.37,0.92
FE,2010-03-31,19.135097346344143,19.3569663261298,18.982252557745234,19.273149490356445,3586200,16.30843958629064,19.820872445261166,19.796891542620724,19.788673633105667,24.931702604198712,1.04,44.0,-1.38,0.96
FE,2010-04-01,19.32244205990919,19.50979977561873,19.297790174351746,19.455564498901367,2678800,16.440805020763126,19.897452368330715,19.716143125622228,19.717562903677667,24.945553665247182,1.02,38.0,-1.4,1.0
FE,2010-04-05,19.480225505028066,19.529531180046,19.366825273715605,19.485157012939453,2320200,15.019093520016236,19.72525306546037,19.705599458767704,19.71348498205234,24.881260432325806,1.0,38.0,-1.41,1.02
FE,2010-04-06,19.53939071706855,19.677442834190135,19.450642390113522,19.6577205657959,2777500,15.240393242201808,19.68676024048414,19.50333464694297,19.735721663863654,24.895934698406187,0.97,27.0,-1.43,1.1
FE,2010-04-07,19.667583308457836,19.672514816369223,19.44078284583291,19.485157012939453,3198700,14.940322331327824,19.724120029690592,19.5454069312391,19.748547536237822,24.82336038551344,0.95,31.0,-1.44,1.05
FE,2010-04-08,19.46050467420851,19.47529543596864,19.37668596898978,19.45064353942871,1991200,14.933273697368449,19.29874605627811,19.49293533571059,19.73748862918111,24.820677203786722,0.93,26.0,-1.45,1.11
FE,2010-04-09,19.49501682557741,19.5147390942468,19.33231093028351,19.509807586669922,2349300,14.94650734741808,19.315151108268907,19.013296356869777,19.701227460818966,24.555072064637837,0.9,12.0,-1.46,1.34
FE,2010-04-12,19.52953029875233,19.702095451479913,19.499946895076558,19.544321060180664,2118400,14.564813033188766,19.258942675282903,18.939726465380605,19.312386897009866,24.544620930019782,0.86,7.0,-1.47,1.38
FE,2010-04-13,19.529536049844175,19.583771365478185,19.342178199695688,19.352039337158203,5550300,14.569438146977717,19.315406968935616,18.894705859373023,19.236316202776425,24.511535340909557,0.84,7.0,-1.48,1.36
FE,2010-04-14,19.352034613297693,19.41613105074818,19.105511879370333,19.154815673828125,4691300,14.7476748041727,19.37534356837593,18.95072836090513,19.272076577849795,24.400041088599757,0.81,9.0,-1.49,1.29
FE,2010-04-15,19.120302641362024,19.15481567364599,19.001972782336768,19.02662467956543,5007200,14.578610807473256,19.275250606438817,18.972249520671784,19.04280513535152,24.27653746643538,0.78,12.0,-1.5,1.25
FE,2010-04-16,18.987177853975407,19.03648352331731,18.58288076946665,18.661767959594727,7734500,15.590781214667393,19.43238394591148,19.06969578730213,19.156993372453137,24.263289576521014,0.75,18.0,-1.5,1.2
FE,2010-04-19,18.696282305852883,18.696282305852883,18.489204122474337,18.508926391601562,5234700,14.697622264204105,18.826832066678996,19.103563697937513,19.164064128228024,24.2686234829176,0.72,21.0,-1.5,1.16
FE,2010-04-20,18.602608162922035,18.671634238201012,18.489207913418078,18.637121200561523,5259100,14.909035451153848,18.47203295866912,19.129633126324265,19.15101346353925,24.10004176428874,0.72,22.0,-1.5,1.14
FE,2010-04-21,18.730792341296443,18.745583098882026,18.553295726994968,18.57794761657715,4193500,14.917026265253275,18.392436169710745,19.091555518955275,19.045442073855906,24.079669648652676,0.71,20.0,-1.5,1.15
FE,2010-04-22,18.47934444118841,18.489205576527535,18.173656768952547,18.41031837463379,5327800,14.812854968502473,18.373593816931574,18.892347863115535,19.040279444485698,24.096709717566036,0.71,7.0,-1.5,1.21
FE,2010-04-23,18.439903382455373,18.50399794649846,18.28705859265077,18.494136810302734,3571400,14.933517064758536,18.389863926829214,18.824237873128286,19.005843353661504,24.053222148376484,0.71,5.0,-1.5,1.3
FE,2010-04-26,18.484276092826065,18.56316329533249,18.193379180930005,18.40045738220215,5614800,14.88478960057637,18.274794708534518,18.733407031324305,18.93450675317841,24.057969767237584,0.71,2.0,-1.5,1.34
FE,2010-04-27,18.375800891337057,18.637114331674898,18.193374633789062,18.193374633789062,3824300,14.934079455142685,18.362700192993668,18.73269701353838,18.795882858062658,24.0551434723975,0.72,2.0,-1.49,1.29
FE,2010-04-28,18.257467067916018,18.612460289876264,18.20816328967424,18.4694766998291,4643100,15.672979032950169,18.68312828474004,18.824090840770758,18.880271860840946,24.082077619421742,0.73,7.0,-1.48,1.25
FE,2010-04-29,18.587810771641777,18.814611189792206,18.370869605742392,18.439897537231445,4102400,15.584927659156362,18.55930914479783,18.411978139172717,18.88040667229315,24.062670450716155,0.74,1.0,-1.46,1.38
FE,2010-04-30,18.474419467419462,18.70121999488999,18.43990642544872,18.6716365814209,5280400,15.966660520257825,18.59590743663343,18.527764887883706,18.906321121109706,24.07413657202797,0.75,2.0,-1.44,1.34
FE,2010-05-03,18.735725523198095,18.76530892480324,18.494132445470193,18.661767959594727,3853500,15.859308081065986,18.118948344757886,18.48166018951669,18.89524043235209,23.806658198336834,0.76,2.0,-1.41,1.36
FE,2010-05-04,18.819542264309163,18.83433490546184,18.22788928113298,18.277193069458008,4781900,16.743588795502383,18.482921852745555,18.67130654513522,18.972847260608148,23.855926220730307,0.76,5.0,-1.39,1.24
FE,2010-05-05,18.382282568113812,18.382282568113812,17.84177538169647,17.876808166503906,5010400,16.94201612100551,18.79528719564837,18.86867071902806,19.068484214990335,23.938857555784743,0.77,14.0,-1.35,1.08
FE,2010-05-06,17.876821242805253,17.94688686367081,16.80080803909856,17.451419830322266,7925500,17.949387190155587,18.850793992645333,18.785470309546636,19.257228224444564,24.02312712219501,0.77,11.0,-1.27,0.98
FE,2010-05-07,17.451416208151688,17.721670897521168,17.241219389182927,17.546506881713867,6748900,16.147671002360322,18.905789282263548,18.518152096446563,19.251131693351454,24.012116000455784,0.78,3.0,-1.2,1.07
FE,2010-05-10,18.066991716515542,18.202119036184783,17.796738986321294,17.98191261291504,4226300,17.988463968396555,17.433421619038185,18.86109527204064,19.466716929611767,24.091243407993215,0.78,15.0,-1.15,1.05
FE,2010-05-11,17.891831169065963,18.167089728299597,17.77171733657868,17.951887130737305,3250100,17.859498318904553,17.337208677851905,18.859741867527234,19.225223831521227,24.0175280379573,0.79,15.0,-1.09,1.05
FE,2010-05-12,17.951893333417924,18.302223397644106,17.916860517909832,18.23716163635254,3512500,18.607514070348703,17.680977736458285,18.91525709252449,19.310744896527236,24.039104773991234,0.79,22.0,-1.04,1.1
FE,2010-05-13,18.267184869515244,18.747636396929693,18.19211348310595,18.397306442260742,4182300,18.742901400478278,17.49154049773708,18.92653762791004,19.32765008178174,23.92119170690792,0.79,23.0,-0.97,1.09
FE,2010-05-14,18.58248189638037,18.6125089234292,18.26218088022852,18.387298583984375,4137100,18.45639632789067,17.4390591659119,18.91593070134464,19.323018491604824,23.847602189313946,0.79,23.0,-0.9,1.1
FE,2010-05-17,18.412317712535152,18.412317712535152,18.001931886779076,18.292203903198242,4108700,18.451296253249946,16.752978370407376,18.869558435725462,19.31895103860171,21.60544542914217,0.8,19.0,-0.83,1.11
FE,2010-05-18,18.337253103869564,18.362276266540213,17.946886420601633,17.976913452148438,4563000,18.66503967943731,17.073848001112264,19.01083735770026,19.410903258914352,21.67688531664874,0.8,33.0,-0.76,0.99
FE,2010-05-19,17.896836100083018,18.066996259212683,17.76671452387549,17.88182258605957,4215900,18.597203492477593,16.910579932437514,18.91936685090315,19.364056469384717,21.5728485900655,0.8,25.0,-0.68,1.03
FE,2010-05-20,17.756696667205176,17.756696667205176,17.361324434825793,17.371334075927734,4303600,20.070149043787584,17.83549567682037,19.358561036978937,19.642531845539708,21.766661701127443,0.8,47.0,-0.61,0.84
FE,2010-05-21,17.07105631326659,17.456418991088867,17.05103702656677,17.456418991088867,4244500,20.131689489077285,17.88704237379678,19.397414535779745,19.64489777448856,21.767627293183136,0.8,47.0,-0.54,0.83
FE,2010-05-24,17.421383820495777,17.66160950073311,17.321289309777555,17.34130859375,3907700,20.080149885154285,17.8157687808824,19.40252756685412,19.540851464308716,21.771641138253194,0.79,47.0,-0.47,0.81
FE,2010-05-25,17.061051198522534,17.226205584773176,16.815819644217324,17.206188201904297,4158900,20.03629909821968,17.671363436455888,19.387160323111864,19.517753579808446,21.65063009427933,0.79,45.0,-0.41,0.8
FE,2010-05-26,17.336312961949606,17.451421048426816,17.116106436838223,17.23121452331543,3307700,20.00215759255422,17.601719896090838,19.15316442465198,19.512866507874584,21.58280097079383,0.78,40.0,-0.32,0.97
FE,2010-05-27,17.47144224339002,17.636598587036133,17.30628780888923,17.636598587036133,2628800,21.422608045220915,18.255697349631284,19.534799145805675,19.706699471223097,21.664060712580426,0.78,53.0,-0.24,0.89
FE,2010-05-28,17.681630351746822,17.826765400549693,17.586539699022264,17.621572494506836,3421300,20.822009375058983,18.253728516072005,19.48746607112847,19.68864033405609,21.664123338273768,0.78,48.0,-0.15,0.94
FE,2010-06-01,17.511470626230007,17.52147836017922,17.031017303466797,17.031017303466797,3324600,22.76223052916259,19.01234811636612,20.007132606927573,20.00301670553383,21.560868514135485,0.78,69.0,-0.07,0.86
FE,2010-06-02,17.131110028582125,17.426387786865234,17.041025159333447,17.426387786865234,2789300,23.80620934936465,19.70266549479823,20.32600954524983,20.120146258499666,21.60479507514909,0.78,73.0,0.02,0.84
FE,2010-06-03,17.51147804696615,17.841788772446073,17.42639699918987,17.80175018310547,3429700,24.761158622250857,20.26680314388227,20.669734035320545,20.2843733402059,21.614945905729165,0.78,83.0,0.14,0.74
FE,2010-06-04,17.761708529486867,17.961895692700804,17.551509812596073,17.6265811920166,4785900,24.784418187726494,20.249539286529348,20.46427285379209,20.155320726048696,21.63618044150944,0.78,74.0,0.23,0.8
FE,2010-06-07,17.686633402409395,18.28219280730745,17.636587099496445,18.09701919555664,6229100,26.016842633659344,21.05300058696996,20.962506486637007,20.29666882661603,21.786564289644687,0.79,96.0,0.32,0.71
FE,2010-06-08,18.152076021596233,18.312226523775053,17.951886939300422,18.25217056274414,4719000,26.117867753433195,21.1137819526887,20.99415063087977,20.32071134360462,21.7054459353768,0.8,96.0,0.36,0.69
FE,2010-06-09,18.287204122374195,18.327240795003053,18.00693977739354,18.07700538635254,3522200,26.060754682065106,21.132781824792797,21.02669154967475,20.34279729841739,21.676772242292966,0.81,96.0,0.37,0.66
FE,2010-06-10,18.242161253695507,18.552452618738783,18.242161253695507,18.517419815063477,2403900,26.643928640658583,21.740030826801824,21.438459716043806,20.55941800703825,21.783309454234946,0.82,100.0,0.36,0.56
FE,2010-06-11,18.362278150002954,18.50241131179326,18.272193227832446,18.457368850708008,1495900,26.657258010675783,21.724450555419146,21.387168003720618,20.553627238286406,21.657968923241086,0.82,99.0,0.14,0.58
FE,2010-06-14,18.652550161822056,18.727619649281404,18.44235139681705,18.607507705688477,2433800,26.509006995792543,21.723498094035985,21.361455647488217,20.551686540078602,21.387647649740373,0.83,98.0,-0.04,0.62
FE,2010-06-15,18.72762276487283,18.957840861824835,18.687586080062854,18.952835083007812,2209300,27.04489295308492,22.04923962726696,21.223984328024272,20.609069123643838,21.299108460449258,0.84,97.0,-0.05,0.69
FE,2010-06-16,18.832719683536112,19.087958991425662,18.752644419380086,18.982860565185547,2139000,26.277425784147773,22.044518476080015,20.956222821119987,20.55680900151193,21.29398475229152,0.85,89.0,0.04,0.84
FE,2010-06-17,19.052926946861295,19.31317204309261,18.912795706254037,19.288148880004883,3606500,25.640234266793875,22.10487328696441,21.103889733188673,20.652892797415838,21.30496618011424,0.86,94.0,0.08,0.77
FE,2010-06-18,19.208070343419084,19.298155242518416,19.153018248508978,19.25311279296875,2078200,24.414579519903192,22.093385213210606,21.08157207338791,20.628017303656684,21.26164589212749,0.87,92.0,0.05,0.78
FE,2010-06-21,19.17804281359318,19.35821262500303,18.792680030109846,18.89277458190918,3876500,25.23204759912851,21.46275856897173,21.234627027593632,20.584480692870557,21.284138851116175,0.88,97.0,0.04,0.69
FE,2010-06-22,18.94282247693208,18.95783790189351,18.19211613978848,18.222145080566406,4540100,26.707196621735523,22.663574554874142,21.87071826771764,21.004885788590286,21.59072370310997,0.9,100.0,0.06,0.66
FE,2010-06-23,18.272190507101264,18.382294708725166,18.006941558619886,18.066997528076172,2297700,26.828657492180895,22.683790643165256,21.89872840655721,20.96771219342716,21.56644995582383,0.92,100.0,0.03,0.63
FE,2010-06-24,17.97691149067289,18.412322492042847,17.97691149067289,18.051982879638672,2480300,26.420704808900474,22.680746773317765,21.88673998314212,20.874729755215053,21.548110127744184,0.94,99.0,-0.07,0.63
FE,2010-06-25,18.046986291338225,18.087022981564363,17.79675077270198,18.021961212158203,4957600,26.281611378118768,22.64191709792247,21.83227939494398,20.785921213784402,21.35373251223098,0.95,97.0,-0.41,0.66
FE,2010-06-28,18.11204004267283,18.242163537596404,17.91185284077135,18.15207862854004,2304800,26.380772914058383,22.602220293008067,21.757814013071403,20.80307644215779,21.364990681533598,0.97,96.0,-0.64,0.73
FE,2010-06-29,18.016948354141554,18.016948354141554,17.65660877613247,17.751699447631836,2337500,27.105549833147702,23.00549832026405,21.760911036061596,20.9187489141812,21.477057686946253,0.98,96.0,-0.74,0.72
FE,2010-06-30,17.716661354022875,17.956887031235635,17.546501260687506,17.631580352783203,2770200,26.720112110991597,22.927227254479142,21.74556729187173,20.915138963451792,21.398338412578617,1.0,94.0,-0.82,0.74
FE,2010-07-01,17.561525533032874,17.656614325272304,17.346322873992715,17.496463775634766,2568200,26.7652316444917,22.913710532222144,21.68246652059931,20.90487968030328,21.358199017601063,1.01,93.0,-0.86,0.78
FE,2010-07-02,17.566525315973156,17.566525315973156,17.271247450804456,17.3162899017334,1891200,25.576132951633486,22.98071147304421,21.498631734844544,20.926675752459325,20.95607946204309,1.02,92.0,-1.01,0.83
FE,2010-07-06,17.58654306839782,17.706656896746022,17.32129416344057,17.506467819213867,6519000,25.73784704874903,23.110075115054393,21.576543281477132,20.896929574448873,20.959311474400455,1.03,92.0,-1.15,0.81
FE,2010-07-07,17.51648271136367,18.07200575424442,17.421393921079932,18.031967163085938,3731000,27.023127288999138,23.980040875046406,20.931092974224335,21.216476652424152,21.13939755227036,1.03,75.0,-1.17,0.29
FE,2010-07-08,18.077008063857193,18.277197184086795,18.031965607262777,18.222145080566406,2172700,27.00707591470472,24.03351021184349,20.95262010337512,21.251421234006532,21.127155256710026,1.03,75.0,-1.17,0.29
FE,2010-07-09,18.2321507298991,18.562461369452357,18.182104415387357,18.522422790527344,2773200,27.328025199933283,24.213878087300518,21.12378782972055,21.25467166724189,20.66728239704297,1.03,83.0,-1.16,0.22
FE,2010-07-12,18.512419398127538,18.652550638952132,18.38229589523758,18.647544860839844,2833900,26.64389337351631,24.224698568311158,20.9962480363627,21.274450878238042,20.677835798396504,1.03,77.0,-1.16,0.3
FE,2010-07-13,18.747633993845017,18.90278061493659,18.58748350523507,18.752639770507812,3287700,26.652716105359996,23.925799029481105,20.993887249619508,21.286072639949964,20.595032041154017,1.03,75.0,-1.15,0.3
FE,2010-07-14,18.71260244760548,18.8477297893888,18.557457725262985,18.777664184570312,1946900,24.354695208383685,23.86420005732201,20.665580305869995,21.236296388798035,20.560141451880703,1.03,62.0,-1.13,0.39
FE,2010-07-15,18.73262678961446,18.867754167842467,18.55746273032541,18.802692413330078,2073200,23.6307480782354,23.825054588366164,20.666214776539633,21.106969649268237,20.48920729887424,1.03,63.0,-1.1,0.39
FE,2010-07-16,18.717608608262427,18.792678082473287,18.522423393367184,18.572471618652344,3080000,23.31670749161494,23.952858008840217,20.649223414857403,20.99384616600876,20.52245251563449,1.02,62.0,-1.09,0.4
FE,2010-07-19,18.672554270361125,18.927793374786326,18.5174077344833,18.842714309692383,2272400,23.35840640592751,24.057432081092948,20.780720963598277,21.055455982868445,20.571237847228392,1.02,71.0,-1.07,0.35
FE,2010-07-20,18.632529691995497,19.01789247922453,18.607506531088635,18.987863540649414,3036300,22.285702902127767,24.08907130586544,20.81782087744129,20.989559710793777,20.57495809653887,1.02,72.0,-1.06,0.33
FE,2010-07-21,19.03790643824935,19.208066557549365,18.867746318949337,18.94281578063965,4579700,22.214923849226228,24.06898984120051,20.750792843041804,20.79549234033661,20.567580184370506,1.02,70.0,-1.05,0.38
FE,2010-07-22,19.112977532603313,19.3932418439629,19.067935088083814,19.233091354370117,3810900,22.3244906285279,24.127267206763847,20.82107378026466,20.756722433697288,20.597929244056058,1.02,74.0,-1.05,0.35
FE,2010-07-23,19.223092589626688,19.223092589626688,18.782677539417065,18.937824249267578,4655400,21.87472856017148,24.174590316320728,20.93884527955086,20.80455489631874,20.389646236203284,1.02,75.0,-1.03,0.27
FE,2010-07-26,19.087962473888805,19.087962473888805,18.852740507265015,18.952835083007812,2905900,21.841902372535163,24.171024572919276,20.877988909360283,20.75117964412774,20.314923990969653,1.02,73.0,-1.02,0.32
FE,2010-07-27,19.087951023287072,19.43828087365614,18.99786615007377,19.423267364501953,4136300,22.81013988156573,24.54953002623917,21.241326436968926,20.886826284299566,20.465266545955977,1.03,87.0,-1.03,0.23
FE,2010-07-28,19.338189672372643,19.51835944967894,19.28313758384634,19.38323211669922,3209100,22.25223182135622,24.554711947189517,21.058594433497216,20.879979682086613,20.300489601372256,1.03,81.0,-1.03,0.3
FE,2010-07-29,19.43828309002455,19.49833904263302,18.9828548053597,19.057926177978516,3920500,22.830950329335906,24.42188365613392,21.224649446987385,20.838737822970035,20.356123024229237,1.03,85.0,-1.01,0.21
FE,2010-07-30,18.99286211200749,18.997865978632365,18.75764028861277,18.86774444580078,3829200,22.50583367122362,24.06124019151167,21.281164141066007,20.868660786140204,20.370073237275367,1.04,87.0,-0.99,0.18
FE,2010-08-02,19.072939980350444,19.293146416043275,19.0128840268241,19.238094329833984,4072000,23.24789812202391,23.782726362217776,21.47545858375777,20.97407179298174,20.4417617643576,1.05,90.0,-0.97,0.11
FE,2010-08-03,19.077944812091786,19.548388547738902,19.077944812091786,19.31817054748535,3832900,22.572366050501433,23.775414420164804,21.486295393511252,20.728345304407032,20.375651673399865,1.05,90.0,-0.97,0.11
FE,2010-08-04,19.231867218360712,19.31309994628103,18.96786036843442,19.21663475036621,3648000,19.79076267656517,23.328990449755068,21.47338946964958,20.698620533469004,20.358894458961906,1.06,88.0,-0.96,0.12
FE,2010-08-05,19.099860064968716,19.206479578558962,18.99324248811919,19.145553588867188,2138800,19.620265791200588,23.34306102931858,21.457751518353408,20.65156863355462,20.334506623542676,1.07,87.0,-0.94,0.12
FE,2010-08-06,18.988161579231196,19.110009654899663,18.785078870796756,19.04908561706543,3179700,19.70984543065864,23.172633384564865,21.460443959534885,20.656889105775843,20.28947145937377,1.07,87.0,-0.92,0.11
FE,2010-08-09,19.120171603244994,19.155710800872097,18.912012615682954,19.02370834350586,2499700,19.705029129802025,23.115678696641215,21.452285064369924,20.656653285958434,20.172626509570748,1.08,85.0,-0.9,0.12
FE,2010-08-10,18.932320423991467,19.099862071392145,18.73431577854479,18.95262908935547,3220000,19.69999066250577,23.131486755480307,21.4030304896237,20.589448141038492,20.170945930354563,1.09,83.0,-0.88,0.15
FE,2010-08-11,18.749544070039857,18.7698527329785,18.35861102380407,18.429689407348633,3808000,20.35230031911631,23.832076614462938,21.83274727008329,20.84481907422124,20.35913202863345,1.1,97.0,-0.85,0.05
FE,2010-08-12,18.312913635996388,18.343376623975765,18.1301395816007,18.160602569580078,3002200,20.749625161513894,23.754216278277525,21.94069129443817,20.90510863391267,20.38426493235475,1.11,100.0,-0.84,-0.01
FE,2010-08-13,18.135224111638617,18.566772608165614,18.114915445822035,18.39923095703125,3213000,20.866550360022117,23.871206266002805,21.92592165163886,20.94931887866334,20.42261110747297,1.13,99.0,-0.86,-0.0
FE,2010-08-16,18.35861000957635,18.53630595862088,18.22660758124907,18.526153564453125,2856800,20.59925028195069,23.10094130140167,21.95266678958609,20.854026513793695,20.389626558654165,1.14,100.0,-0.87,-0.01
FE,2010-08-17,18.622615725800017,18.95262468264069,18.541383019972535,18.81554412841797,3148000,20.80833966212586,23.277508890505363,21.526992745852922,20.891446827724177,20.401854542185415,1.15,87.0,-0.85,-0.01
FE,2010-08-18,18.810465095745013,18.85108241508748,18.637845362020293,18.719078063964844,3773300,19.242772630863296,23.25816528974046,21.52383101599552,20.853387873000383,20.403145531706095,1.15,86.0,-0.83,-0.01
FE,2010-08-19,18.622616195778967,18.642924856933487,18.32307022234164,18.363685607910156,4330500,19.912917106723636,23.561942216635515,21.714935600760054,20.939270196566234,20.476219977218317,1.16,89.0,-0.81,-0.09
FE,2010-08-20,18.27229870008684,18.31799221479771,18.1504486819444,18.196142196655273,3193000,19.490230488729367,23.65516851170412,21.755817273285327,20.920818994773963,20.48168052349954,1.17,90.0,-0.8,-0.11
FE,2010-08-23,18.292604465737593,18.465224185979007,18.130139074538643,18.317991256713867,7382600,19.488332079166813,23.226370631539407,21.76566867275015,20.74726585859446,20.335959588413914,1.18,92.0,-0.77,-0.11
FE,2010-08-24,18.21645589170787,18.373843201756713,17.952449060032006,18.251995086669922,6087000,19.416034815510613,23.240762863097228,21.71259337707012,20.73668214490998,20.327138916183273,1.18,86.0,-0.73,-0.09
FE,2010-08-25,18.206300385088323,18.28245496792066,17.962602233891502,18.22153091430664,4109300,19.405496638130998,22.09642717086761,21.710426820584825,20.71674307991409,20.314556764490767,1.19,85.0,-0.71,-0.09
FE,2010-08-26,18.307843248417896,18.450000030611267,18.145377801128074,18.185993194580078,2958900,19.394511356454238,21.630389121676536,21.657876624851927,20.68159594113544,20.31214620210972,1.19,83.0,-0.7,-0.07
FE,2010-08-27,18.262143543644303,18.653076499194455,18.135217334832188,18.612459182739258,2970600,20.31883528678045,21.70963174899165,21.94921842754176,20.843849083442983,20.44608306518036,1.2,99.0,-0.67,-0.13
FE,2010-08-30,18.592150609807945,18.744461673733202,18.4296852167223,18.444917678833008,1760700,20.013017310912655,21.69261549909706,21.990598406167845,20.682540393718984,20.460609075395496,1.2,100.0,-0.64,-0.15
FE,2010-08-31,18.48553135070799,18.632766204818974,18.25706380755992,18.54645538330078,2759600,19.943396326692188,21.053811807235316,22.004170807412628,20.562119837397848,20.431217537205363,1.2,100.0,-0.61,-0.15
FE,2010-09-01,18.764775421977077,19.044012771039558,18.648003510068794,19.013551712036133,2988400,21.273746104218695,21.582741756923358,22.36765534946756,20.728503582827866,20.58853716763207,1.21,100.0,-0.63,-0.23
FE,2010-09-02,19.104932268267724,19.104932268267724,18.815540685662185,19.01862144470215,2268700,20.788407913615416,21.475552352205344,22.314606477102952,20.729085158230667,20.579337843695143,1.21,99.0,-0.63,-0.2
FE,2010-09-03,19.099862397190307,19.191249456146224,18.906935883164223,19.181095123291016,2134500,20.43377439837448,20.98796407892763,22.29773539119502,20.66188917229182,20.52743700339334,1.21,98.0,-0.63,-0.19
FE,2010-09-07,19.130319388942315,19.353708831390982,18.98816264708774,19.003393173217773,2433200,20.626776859468972,21.07182559104266,22.32143686738054,20.658658987775976,20.523970632109577,1.21,99.0,-0.63,-0.2
FE,2010-09-08,19.038936913153417,19.145554495049282,18.937395528935106,18.97293472290039,1911500,19.28411507096435,21.01580825668418,22.106557355761506,20.655393740480168,20.52056787438017,1.21,96.0,-0.65,-0.12
FE,2010-09-09,19.13539803452853,19.211554548406603,19.028780464491707,19.089704513549805,2102900,19.382930721232654,20.713818193614973,22.085363105810313,20.653094799180387,20.51857821200223,1.21,95.0,-0.68,-0.11
FE,2010-09-10,19.038930794458615,19.120163488378697,18.901850260329688,18.988161087036133,2126500,18.81256257787276,20.74143244357688,22.077794561881483,20.649653264570915,20.513827473437665,1.21,94.0,-0.7,-0.11
FE,2010-09-13,19.094783203648177,19.145552923218784,18.947548305456497,18.95770263671875,1671800,18.58411399940763,20.47517097623246,22.073096793831603,20.611369687328366,20.46402985452943,1.2,93.0,-0.72,-0.1
FE,2010-09-14,18.805399158364633,18.84093836380729,18.61247065971775,18.637855529785156,4150900,18.298882180124647,20.758599896272585,22.19382855245361,20.692142960501002,20.47167943076772,1.2,96.0,-0.72,-0.15
FE,2010-09-15,18.627688072337865,18.663227252745333,18.40937485741194,18.54645538330078,4468400,18.263246314688615,20.425788158735738,22.196674334015192,20.695526520967615,20.467446106470703,1.19,96.0,-0.72,-0.15
FE,2010-09-16,18.480463683556604,18.536309609440742,18.3179982305059,18.39923095703125,2165400,18.330130188683654,19.08693134268454,22.218343119573124,20.710641132194425,20.37683969887689,1.18,96.0,-0.72,-0.16
FE,2010-09-17,18.556618708367914,18.58708170780379,18.34338352253983,18.434770584106445,3650900,18.342600962628193,19.003280187966947,22.145985335172686,20.704672282203703,20.285104740378753,1.17,93.0,-0.71,-0.13
FE,2010-09-20,18.485539822683364,18.708929335730367,18.404307096417092,18.642929077148438,2439400,18.654477252138044,19.131924526281967,22.08848488261674,20.607069925065773,20.31546783588358,1.15,91.0,-0.71,-0.11
FE,2010-09-21,18.612469741171964,18.673393813675357,18.460158591542804,18.490619659423828,2779000,18.779998196179815,19.21082921795693,22.12620769603096,20.60247305063518,20.327814584687257,1.13,92.0,-0.71,-0.13
FE,2010-09-22,18.546458485494345,18.927237142185792,18.536304155573728,18.820619583129883,3445800,19.515650909149816,19.487143394844388,22.215982063388257,20.687741252744456,20.41026000241606,1.11,95.0,-0.72,-0.15
FE,2010-09-23,18.78507914655253,19.21662748738533,18.759694291810646,18.983083724975586,4674600,17.800509991012092,18.957478300819293,22.256800219179954,20.6720563908081,20.425285238800125,1.09,96.0,-0.74,-0.17
FE,2010-09-24,19.170933820790566,19.389247055956776,19.0998554533858,19.34355354309082,3268900,17.883191284918826,19.225495429879626,22.194392244094903,20.736057789696797,20.493906946359896,1.07,92.0,-0.75,-0.15
FE,2010-09-27,19.389254874068822,19.673570395069504,19.328330811261903,19.495874404907227,3698600,17.66840134044404,19.17024098980838,21.921996680377763,20.754622183380103,20.45809400856703,1.05,77.0,-0.72,-0.06
FE,2010-09-28,19.55171532331461,19.58217831528358,19.29786286712816,19.46540641784668,3045100,17.632418416187136,19.016245154985366,21.55804939381054,20.643251349578705,20.421514264809677,1.02,60.0,-0.67,0.03
FE,2010-09-29,19.455248442758705,19.617713829345153,19.297859252179258,19.566944122314453,2476300,17.176167475539327,18.936932148695913,21.556895744485573,20.653837364389904,20.42938058445893,0.99,59.0,-0.6,0.03
FE,2010-09-30,19.663407340368853,19.744640033662076,19.470478967519878,19.566944122314453,2672300,17.07285248840635,18.036324698134667,21.227655890385343,20.63916210054324,20.41004001016571,0.96,42.0,-0.59,0.12
FE,2010-10-01,19.729409825336344,19.785257666009947,19.526327120476,19.744640350341797,3183300,16.034750328169864,18.00738111611347,21.26341504581278,20.67213319852858,20.315732026795935,0.93,44.0,-0.54,0.1
FE,2010-10-04,19.68372140187224,19.81064764103566,19.470484312972523,19.58218002319336,2235700,15.980090627678702,17.836802457384866,21.179248689355852,20.6878743548347,20.33026346267256,0.91,38.0,-0.55,0.13
FE,2010-10-05,19.77003815136732,19.86142523472849,19.698959739140072,19.70911407470703,4639000,15.975315324970527,17.8331180384404,21.160313261825035,20.683714312436113,20.304040395649192,0.88,37.0,-0.57,0.13
FE,2010-10-06,19.754797907042626,19.785260898771163,19.429867075567017,19.607563018798828,3375200,16.032796899178457,17.84876042245376,21.17987750677937,20.629678535905622,20.24635438766183,0.84,38.0,-0.6,0.12
FE,2010-10-07,19.648180982024325,19.688796368913383,19.419713378459043,19.526330947875977,2453200,16.103341283275956,17.876385346273633,21.173272320190197,20.398840594360156,20.17919617534174,0.81,36.0,-0.62,0.13
FE,2010-10-08,19.516179657529204,19.58725998495518,19.39940773901215,19.53141212463379,3294000,16.065233463544804,17.87599245421252,20.974952104453617,20.230849134801552,20.176229981432776,0.78,26.0,-0.6,0.22
FE,2010-10-11,19.521248633941784,19.592326991281155,19.460324604328036,19.516170501708984,1734800,14.822278123549953,17.674138904081257,20.953566518911128,20.216510100048872,20.15298373781792,0.74,23.0,-0.58,0.23
FE,2010-10-12,19.521257348549263,19.71926198574143,19.39433110042702,19.47048568725586,5724300,14.529361333164253,17.455102687916405,20.407670333537574,20.206929511863823,20.145691863087702,0.72,9.0,-0.53,0.31
FE,2010-10-13,19.617714143989133,19.75987087534725,19.46540308371398,19.744640350341797,3419200,14.919822930457096,17.612302453828953,20.50103595905218,20.256746296483612,20.183351418572695,0.69,10.0,-0.47,0.26
FE,2010-10-14,19.744645115258383,19.795416772096146,19.490792641291595,19.6227970123291,2483500,13.440247480035724,17.657596639860554,20.496996922737615,20.215682441848546,20.189047482795168,0.67,9.0,-0.43,0.26
FE,2010-10-15,19.775106036235638,19.800490893622957,19.55171464305009,19.764951705932617,2802100,13.555497546854301,17.44975326630956,20.46684175779953,20.23591321578494,20.150767013516997,0.65,8.0,-0.43,0.29
FE,2010-10-18,19.754805296058187,20.044197047130474,19.74972909724168,20.01881217956543,5936300,13.806347864589036,17.30789714696926,20.54636154169439,20.29194613532546,20.194638590564,0.61,10.0,-0.41,0.25
FE,2010-10-19,19.871577236250406,20.18127765607123,19.861422901876136,20.01881217956543,2929700,13.436196740783243,17.30891859459997,20.249107506980618,20.267877511416444,20.188623333457393,0.6,3.0,-0.34,0.34
FE,2010-10-20,20.110186840601962,20.369115428746085,20.00864549626974,20.140647888183594,3391200,13.45447978259943,16.634012204022763,20.260465683515466,20.19697979870646,20.11964912153571,0.58,3.0,-0.26,0.34
FE,2010-10-21,20.201576604930054,20.31327035582361,19.89187633412,19.968032836914062,4882700,13.735398910850808,16.732614061961666,19.51657006331636,20.05306078504612,20.136340501780815,0.59,1.0,-0.46,0.18
FE,2010-10-22,20.079725811030645,20.079725811030645,18.937389933752463,19.04908561706543,16287800,19.61896545921948,19.05729804588417,20.69822571317529,20.783340732504303,20.6685253511234,0.58,14.0,-0.45,1.31
FE,2010-10-25,19.104940075279348,19.24709685837205,18.820624572353033,18.85108757019043,8220200,19.852053695100928,19.066905374860408,20.513840108553303,20.758775389662496,20.652273210111876,0.59,9.0,-0.37,1.36
FE,2010-10-26,18.780011035680758,18.835856965460202,18.216458108778625,18.505849838256836,13955600,19.96443679654031,18.998127708939236,20.670191437886043,20.751016351124374,20.632039788094588,0.58,13.0,-0.33,1.26
FE,2010-10-27,18.424612424030993,18.444921086103314,18.287531860153738,18.409379959106445,4311400,19.97096238550303,18.994151813893698,20.268735439357176,20.745511599902514,20.52034571092823,0.59,4.0,-0.29,1.39
FE,2010-10-28,18.50584429925127,18.571846479633194,18.2164526563912,18.363685607910156,4393300,19.849561989457158,18.974745323752185,20.22841851746754,20.02604961182445,20.510083491668812,0.6,2.0,-0.27,1.4
FE,2010-10-29,18.368758146425446,18.47537567990007,18.272294940435064,18.439836502075195,2523200,19.879141006758566,18.990762898705103,20.178370738076612,19.998812052326258,20.450920019562133,0.61,2.0,-0.23,1.46
FE,2010-11-01,18.536307194000486,18.57692452034086,18.22153066182546,18.312917709350586,2783400,19.68364993546253,19.013021749511083,19.841902119624557,20.014040982806183,20.317777178409138,0.63,2.0,-0.25,1.59
FE,2010-11-02,18.414461159762375,18.749546392798756,18.389076296314652,18.70892906188965,4289400,20.54012769534697,19.541658299766297,20.126303823985857,20.084853997263792,20.346746409054063,0.64,3.0,-0.23,1.45
FE,2010-11-03,18.781082993816366,18.78623806949527,18.342995933204218,18.487306594848633,4532100,20.16232043432547,19.674893647642662,20.175431370757803,20.12044469750091,20.358160086074516,0.66,4.0,-0.24,1.39
FE,2010-11-04,18.67285224394654,18.68316043045913,18.44092296262718,18.528541564941406,5226700,19.993855947560743,18.822733762550882,19.961151501491088,19.93377456755738,20.320715249022157,0.67,3.0,-0.26,1.5
FE,2010-11-05,18.595542596729583,18.605848816492934,18.482154518478538,18.497615814208984,3460700,19.109095397824312,18.572939311735155,19.96032619350885,19.93381163063546,20.266605260856267,0.68,3.0,-0.28,1.5
FE,2010-11-08,18.410001764562193,18.60069831428506,18.410001764562193,18.580081939697266,2944500,18.98994127214091,18.403615146037897,19.805395103933787,19.880486877908965,20.266949270694735,0.7,2.0,-0.26,1.6
FE,2010-11-09,18.63676484700592,18.904771658194296,18.549148256507454,18.62130355834961,3178000,19.02220543314865,18.355753654119447,19.80826138601886,19.881020628959842,20.17096518981025,0.71,3.0,-0.24,1.6
FE,2010-11-10,18.693468814688096,18.693468814688096,18.296612477140965,18.37907600402832,3356800,19.202108906213645,18.265302426255555,19.69098717100708,19.939146764032916,20.210185473925403,0.73,2.0,-0.27,1.68
FE,2010-11-11,18.286306343268325,18.461541603335867,18.286306343268325,18.399694442749023,3163300,19.215446337751413,18.240827856931784,18.833128962020876,19.90023136863308,20.189606523434943,0.77,1.0,-0.25,1.78
FE,2010-11-12,18.363611061812428,18.379072355632875,18.13168182407985,18.22960662841797,2521000,19.02952163376093,17.913436658216693,18.84209623202579,19.885850265133772,20.023642251843885,0.8,2.0,-0.23,1.77
FE,2010-11-15,18.35846221793418,18.4615421325912,18.291461944580078,18.291461944580078,2393100,19.03109863568293,17.827283239579206,18.848747849414966,19.874841576185393,19.9985368846607,0.83,3.0,-0.2,1.77
FE,2010-11-16,18.26568725885074,18.275995445100776,18.038913059606465,18.126529693603516,3619900,18.943511907838108,17.87049434377215,18.903143933487673,19.867133661411305,19.978943317219468,0.86,4.0,-0.19,1.71
FE,2010-11-17,18.193534619345165,18.435772116931833,18.183226431566393,18.399694442749023,3006100,19.61029743920694,18.121430573974475,19.017573846217346,19.94914714621002,20.03751092870013,0.88,5.0,-0.16,1.63
FE,2010-11-18,18.61100164405337,18.616154753312497,18.425458253361974,18.56976890563965,2846200,19.870182012071638,18.2119190987466,18.72672974101025,19.868369696674097,20.06055504402237,0.91,1.0,-0.1,1.83
FE,2010-11-19,18.523379272888697,18.68315315246582,18.337837886196112,18.68315315246582,3270700,19.99088370137631,18.24366217737555,18.711564347572747,19.880793463826507,20.018691447051967,0.94,1.0,-0.05,1.86
FE,2010-11-22,18.559464158393624,18.590388717931386,18.31207358034815,18.528541564941406,2870900,20.086864964471918,17.70127893952786,18.718763033842556,19.903406833354264,20.033465500825706,0.97,2.0,-0.09,1.85
FE,2010-11-23,18.46153354707073,18.46153354707073,18.1883735714354,18.245067596435547,3134300,20.47515495013441,17.886466800099036,18.81107679817383,19.961648893267366,20.085236988616316,0.99,4.0,-0.4,1.78
FE,2010-11-24,18.34815060147899,18.420307904516292,18.116223294443976,18.219301223754883,3457300,19.898054794504745,17.84888667967467,18.739262271377715,19.961966206411024,20.071973643668994,1.02,4.0,-0.62,1.83
FE,2010-11-26,18.162606705061823,18.353303207928967,18.100757596495278,18.157451629638672,1241300,19.87170205504434,17.069451628903472,18.154388254297913,19.94941723965101,19.990067147756744,1.06,1.0,-0.62,1.99
FE,2010-11-29,18.13168317774163,18.26568565505517,18.049219661067454,18.224454879760742,2158600,19.746147901514977,17.092642097147383,18.086944993969418,19.940568352776918,19.956675036653568,1.09,1.0,-0.62,2.04
FE,2010-11-30,18.157458738962436,18.312077638747446,18.085303383468496,18.095611572265625,3678000,19.22640685107582,17.032233984099516,17.92988112393532,19.94927663700688,19.934052653741062,1.13,1.0,-0.64,2.13
FE,2010-12-01,18.327537912196508,18.363615584052184,18.116224991576537,18.14199447631836,3319000,19.279602286453667,16.957615882894796,17.90083082726482,19.946940813798783,19.915470468108047,1.17,1.0,-0.67,2.16
FE,2010-12-02,18.193532577010384,18.404845487539575,18.095607753233388,18.37907600402832,3497900,19.671236594990336,17.18902906891422,18.00044094660771,19.97722190328738,19.932014720065563,1.21,3.0,-0.68,2.08
FE,2010-12-03,18.3172272758948,18.47184612975736,18.22960868018527,18.36361312866211,6350400,19.609285164041964,17.13284745486286,17.999031980303165,19.968006262128466,19.79106614736669,1.24,3.0,-0.7,2.07
FE,2010-12-06,18.373927245098752,18.410004923775585,18.27084732055664,18.27084732055664,2304300,14.462095771708357,17.129791912936597,18.01360139732368,19.972758404124114,19.785334285666572,1.27,5.0,-0.72,2.05
FE,2010-12-07,18.348146215858783,18.636769460764103,18.317223630890897,18.327531814575195,3659200,14.256271425124858,17.145601116848592,17.917463011855876,19.904144179866112,19.775095702735477,1.3,2.0,-0.73,2.17
FE,2010-12-08,18.37907545813743,18.456385872460505,18.32753649264572,18.37392234802246,3172200,13.27622917184607,16.809134432832074,17.769904844641676,19.902270956121832,19.749554915488353,1.34,1.0,-0.74,2.29
FE,2010-12-09,18.40483855326585,18.461532575281705,18.322375057447744,18.34814453125,2519800,13.197419757060427,16.78277312910278,17.725218864116915,19.54989215995496,19.72497713245845,1.37,1.0,-0.74,2.33
FE,2010-12-10,18.399691830768315,18.435769499829615,18.322381416445243,18.37392234802246,2371000,13.184753536648659,16.706693521557995,17.72434048443451,19.540312006322573,19.590841219036818,1.4,1.0,-0.74,2.34
FE,2010-12-13,18.451231173216332,18.492463919320485,18.37907583361961,18.41515350341797,3881000,13.144653320935184,16.708372013841192,17.55417889780177,19.532110841931914,19.494417573103156,1.43,1.0,-0.7,2.48
FE,2010-12-14,18.4924651406094,18.6470840165403,18.430616017368497,18.559465408325195,4330300,13.168861920677733,16.62449551126502,17.435155604639693,19.552786044225464,19.46741330022724,1.47,1.0,-0.69,2.64
FE,2010-12-15,18.55430531265776,18.60584426320339,18.35845376163148,18.47184181213379,3701800,11.64638814000327,16.56712709139106,17.44918948593216,19.548885087244418,19.471274691202844,1.5,2.0,-0.68,2.62
FE,2010-12-16,18.466688550625218,18.564613342285156,18.36360868430243,18.564613342285156,4607400,11.220530232753237,16.187759223736013,17.01349840717439,19.525166144693895,19.40439815896434,1.54,1.0,-0.6,2.87
FE,2010-12-17,18.54400099259579,18.714083103782393,18.482153845839456,18.698619842529297,4119700,11.391788314126645,16.157626652491142,17.05458310481061,19.54397491815848,19.401156781819143,1.58,2.0,-0.52,2.84
FE,2010-12-20,18.770777065353947,18.915089710434376,18.70892991236836,18.812009811401367,2707000,11.494591213277529,15.72024117562989,16.875531395631267,19.528660866072343,19.410998661891664,1.62,1.0,-0.5,3.09
FE,2010-12-21,18.86354408051761,18.956315769936964,18.80169694293306,18.87900733947754,2734200,11.471239409372586,15.64783760049306,16.81034629133199,19.50705472410733,19.401813501745753,1.65,1.0,-0.5,3.22
FE,2010-12-22,18.89962039221394,19.023316624638568,18.832620150481972,18.997547149658203,2258100,11.582136105765448,15.707905357313162,16.550728217588848,19.520941660061613,19.406350947743352,1.69,1.0,-0.46,3.45
FE,2010-12-23,19.002707700653033,19.16763476442314,18.94601365384099,19.0903263092041,1854200,10.876316312213842,15.703004895618456,16.555846566151768,19.526339920676122,19.387085923920456,1.73,2.0,-0.42,3.45
FE,2010-12-27,19.054244335972072,19.23463265685171,18.96662574719822,19.19855499267578,1611600,10.950152531406685,15.7519887063789,16.560141193258815,19.537040109237157,19.39452924344988,1.77,3.0,-0.42,3.47
FE,2010-12-28,19.20886181723201,19.31709480209478,19.131551418852833,19.260400772094727,1804700,10.477530883285775,15.649101082685943,16.557268245062367,19.50611560329914,19.397000317569756,1.8,3.0,-0.44,3.5
FE,2010-12-29,19.31709496510894,19.322250040289774,19.214015088428525,19.224323272705078,1468500,10.520628547987391,15.566812538724886,16.539977529494212,19.46950204861882,19.39728408357322,1.83,1.0,-0.47,3.54
FE,2010-12-30,19.208863177595365,19.250093951188465,19.100630185067583,19.19855499267578,1508200,10.065514714752446,15.50390839040061,16.53999557374333,19.453708075170702,19.3915750286755,1.86,2.0,-0.49,3.54
FE,2010-12-31,19.172790720579382,19.214021505370397,19.069710809473182,19.080018997192383,2019700,9.53683703146406,15.518716466681468,16.559016491214443,19.33071996453085,19.280090013826527,1.89,6.0,-0.51,3.5
FE,2011-01-03,19.20370658309368,19.49232983975645,19.141859444553475,19.409866333007812,2439200,10.357148696387137,15.910566428951686,16.157950110518094,19.409332142303462,19.34768793711199,1.92,1.0,-0.59,3.79
FE,2011-01-04,19.41502378083344,19.574797721026986,19.177941391709226,19.528411865234375,2582900,10.357211674174167,15.960959523966666,15.99554947944147,19.40565432067416,19.33023765910665,1.95,1.0,-0.67,4.08
FE,2011-01-05,19.466561938055754,19.64695025926645,19.409867903936608,19.59541130065918,2783800,9.944027274675596,15.975467543971162,15.879254895083225,19.404909557712188,19.301026300648587,1.98,1.0,-0.75,4.23
FE,2011-01-06,19.554183922157993,19.667572021484375,19.409873225623162,19.667572021484375,6964600,8.49435943306939,15.984290407306167,15.855335123669956,19.3769237394393,19.250716729175277,2.01,1.0,-0.84,4.26
FE,2011-01-07,19.677875352958356,19.81187782865805,19.559334172047198,19.713953018188477,6933800,8.413231596572693,15.730690105999678,15.67716825107971,19.372016373656255,19.24703970751822,2.05,1.0,-0.92,4.5
FE,2011-01-10,19.63664261207519,19.719106127756223,19.507793245943237,19.713953018188477,8646300,8.257780709195867,15.678151994983056,15.651590729684347,19.361281165706835,19.16395139066336,2.08,1.0,-1.0,4.57
FE,2011-01-11,19.76035056585656,19.76035056585656,19.54388248025139,19.621192932128906,3661600,8.528935507010592,15.636703201538571,15.354215941775532,19.32082744100205,19.167328133533758,2.11,1.0,-1.06,5.05
FE,2011-01-12,19.713956503381407,19.853114079335555,19.67787883177318,19.72941780090332,2764800,8.071547924555135,15.450862307593146,15.291647117645807,19.25181425975894,19.166459304156827,2.15,1.0,-1.11,5.22
FE,2011-01-13,19.72941050133576,19.827337258971585,19.66756336804492,19.77064323425293,4186500,8.074344888196809,15.458182883506133,15.264176879265683,19.25145107075322,19.167984716384,2.18,1.0,-1.16,5.27
FE,2011-01-14,19.719101524761424,19.904644883254026,19.672715685138275,19.894336700439453,1917000,7.560106135123166,15.461157405583304,15.272407997616256,19.21029038840875,19.1771937476254,2.21,2.0,-1.19,5.29
FE,2011-01-18,19.827337177580198,20.043803126252005,19.765488078458333,19.9768009185791,2519600,7.498268088134422,15.38575495677,15.27572147027402,19.21520814058237,19.167013336346017,2.23,3.0,-1.21,5.3
FE,2011-01-19,19.940735863383747,20.048970872211104,19.930427673681802,20.00773811340332,2420800,7.131029545934655,11.844864198564776,15.269074529062246,19.049311706252457,19.119458394061883,2.26,2.0,-1.23,5.33
FE,2011-01-20,20.01288143845797,20.33242726721601,20.01288143845797,20.306657791137695,4235500,7.909318155419625,11.950278449287055,15.01513235456295,18.932384096108684,18.995733964120614,2.28,1.0,-1.17,5.61
FE,2011-01-21,20.337579732704565,20.43035141652004,20.255116232211357,20.39427375793457,2848900,7.908711008387863,11.235012875074446,14.940128371415865,18.705661212209947,18.86859382679838,2.3,1.0,-1.09,5.83
FE,2011-01-24,20.3582040612449,20.51797801609869,20.301510013842407,20.322126388549805,2566800,8.046601720505478,11.196445096482837,14.939920981264079,18.704957213545374,18.86162257460024,2.32,1.0,-1.08,5.79
FE,2011-01-25,20.31696889873824,20.32727708486761,19.95619221463753,20.090194702148438,3628400,9.11978310845256,11.486170233543797,14.565796555255867,18.547165231317138,18.887743230577687,2.34,1.0,-1.13,6.07
FE,2011-01-26,20.15203539763025,20.244807076992014,19.909799982483285,20.06441879272461,4629700,9.20134788244535,11.486678767797336,14.56864572694946,18.546549447516718,18.868854743069758,2.36,2.0,-1.18,6.06
FE,2011-01-27,20.09534768904997,20.409738485925704,20.02319039364616,20.353046417236328,3143800,9.682785047761024,11.651283237884599,14.677537745944722,18.530314399428608,18.883158247780095,2.37,3.0,-1.18,5.87
FE,2011-01-28,20.3685103462554,20.57982325205614,19.981962203979492,19.981962203979492,2836700,11.31350111834754,11.641356955803623,14.902916129108473,18.64058812674065,18.970813859743878,2.38,4.0,-1.23,5.45
FE,2011-01-31,20.033494640120423,20.229346185541534,20.012880240143108,20.162343978881836,3309700,11.444475160120184,11.429578014988188,14.959541249481973,18.667459493279985,18.990562980068304,2.39,7.0,-1.27,5.39
FE,2011-02-01,20.260270613449272,20.528277472400127,20.18811333266319,20.481891632080078,9415500,11.986456551108828,11.797790024000644,15.126243130131508,18.741421351364682,19.039907059719926,2.39,9.0,-1.25,5.13
FE,2011-02-02,20.394278806685687,21.028217492304243,20.394278806685687,20.93544578552246,5828000,13.15633314462206,12.481947961491674,15.463679412622305,18.78624805361159,19.10128169849635,2.39,16.0,-1.05,4.79
FE,2011-02-03,21.0190422751108,21.133986719832457,20.65331158169165,20.951120376586914,10156500,13.18163885141462,12.47478218744644,15.4581900808428,18.771997798520147,18.9716459076431,2.38,16.0,-0.92,4.81
FE,2011-02-04,21.00336755469747,21.00336755469747,20.611513689845175,20.70555877685547,4147800,13.869947181875816,12.790729107466605,15.324852453323881,18.49557669069009,18.98769681076178,2.37,15.0,-0.93,5.02
FE,2011-02-07,20.747346643745136,20.898863885250233,20.68987444916934,20.857065200805664,1921000,13.91791758362308,12.456954495112555,15.326355382304918,18.50491974759513,18.952113792269746,2.36,16.0,-0.91,5.07
FE,2011-02-08,20.872746732234564,20.888420246892437,20.752578469357278,20.86229705810547,1354500,13.914823417506367,12.461175902548266,15.256911982079815,18.483015139894064,18.865702254627376,2.35,10.0,-0.89,5.25
FE,2011-02-09,20.778701658144243,20.872746732234564,20.71077977284089,20.86229705810547,2817700,13.937071292198391,12.242336449586602,15.257819344214976,18.453439942000205,18.85340131091411,2.34,11.0,-0.9,5.24
FE,2011-02-10,20.789154713555273,21.066064147264246,20.72645665858308,21.055614471435547,3231600,13.994136016217007,12.323689983150098,15.227693621225571,18.478596233327714,18.295024940034807,2.32,10.0,-0.87,5.29
FE,2011-02-11,20.99291403224352,21.034710733771295,20.674205961674467,20.76302719116211,3847400,14.795290620881099,12.558036658166369,15.346147625522514,18.375582619940023,18.32105701068359,2.3,20.0,-0.91,5.06
FE,2011-02-14,20.79960441753704,20.83617728645105,20.298029942439943,20.371177673339844,3401000,15.889265612467868,13.01558539994142,15.446805421831348,18.52568642494812,18.422809814328136,2.28,22.0,-0.97,4.78
FE,2011-02-15,20.386854705064838,20.621967469380287,20.261460566405855,20.480899810791016,2327400,15.281068136544532,12.944750877718961,15.41379411138221,18.06189664348669,18.353757532572995,2.26,22.0,-1.03,4.82
FE,2011-02-16,20.24578089696425,20.480893589865897,19.880050262791862,20.0733642578125,5245600,16.478920481100072,13.652913786317852,15.491278532686131,18.044439470239524,18.4577404046768,2.23,26.0,-1.07,4.56
FE,2011-02-17,20.057693085609646,20.104715629682744,19.880052585008148,19.994997024536133,3709800,16.519049181533173,13.551493367327177,15.459288998300039,17.886629736425284,18.32039562800697,2.2,25.0,-1.09,4.56
FE,2011-02-18,19.989765836706184,20.01589101547277,19.738979666503187,19.801677703857422,3591800,16.761671109181698,13.29963748862327,15.537631216442268,17.88520461728977,18.346334346931222,2.18,28.0,-1.11,4.39
FE,2011-02-22,19.639715870792866,20.18308704406793,19.639715870792866,19.963647842407227,4166700,16.908965178589565,13.358524821987148,15.568889768396923,17.64520525177107,18.31414400697281,2.16,29.0,-1.13,4.34
FE,2011-02-23,19.974102175684013,20.120393682189622,19.85393386775836,19.890506744384766,3157600,16.95029174522403,13.36288879807028,15.580992645758332,17.626478827002636,18.31648288545858,2.14,30.0,-1.14,4.3
FE,2011-02-24,19.937524795532227,20.1360646474235,19.7233114266478,19.937524795532227,4568200,16.89240026787853,13.356489110613229,15.520091664153826,17.586624927338306,18.317304404874793,2.12,28.0,-1.16,4.38
FE,2011-02-25,20.036790816015444,20.07858951269134,19.723308563232422,19.723308563232422,6562600,17.134905542789785,13.47940844077757,15.56010877470795,17.413048900819497,18.31726953265346,2.1,30.0,-1.16,4.3
FE,2011-02-28,20.00148432064772,20.467744653523486,19.842532531607382,20.292896270751953,4062900,19.018141639949512,14.573213524621028,16.170411223121178,17.722438364169623,18.5047624329678,2.07,39.0,-1.19,3.95
FE,2011-03-01,20.34325819750216,20.35386217164031,19.91380836866398,19.919109344482422,4104800,19.756234863498996,14.97559558275347,16.424208305792177,17.84283943496435,18.58942417569481,2.04,40.0,-1.21,3.6
FE,2011-03-02,19.8660888427565,19.897898738420807,19.632805487879622,19.78656005859375,4038300,19.809967508837186,15.059429277226588,16.44594920853294,17.732797434735062,18.573002420613072,2.01,41.0,-1.22,3.56
FE,2011-03-03,19.94561470293246,20.009238536387443,19.47905205926802,19.675220489501953,7635800,19.860649512547187,15.070242577206535,16.471459447607817,17.745694957055083,18.581943526449383,1.98,42.0,-1.22,3.5
FE,2011-03-04,19.675227521764256,19.680528498529714,19.335908378729513,19.622207641601562,5844000,19.322941460145575,15.086431831822203,16.476801312911583,17.649532262720353,18.500951684011238,1.94,43.0,-1.22,3.48
FE,2011-03-07,19.632806073340184,19.91910727786255,19.632806073340184,19.760051727294922,3072500,19.404585725777164,15.131810455074273,16.50892384180181,17.66690648591868,18.512316539673616,1.92,44.0,-1.23,3.46
FE,2011-03-08,19.791862063220194,19.99333146732278,19.76005014665094,19.876691818237305,2654700,19.49165860696663,15.151711428258174,16.385784984319685,17.53377370325502,18.52099748775105,1.89,40.0,-1.24,3.6
FE,2011-03-09,19.91380636970941,20.565935544985297,19.892598423561967,20.50231170654297,5882200,21.263988948769132,16.325309408399526,17.072972663247754,17.36889242870895,18.762503871052562,1.87,57.0,-1.27,3.37
FE,2011-03-10,20.343258497239233,20.73029445772865,20.290240648268576,20.316749572753906,3786400,21.44619221555479,16.47753061621065,17.104405046827477,17.373049087415936,18.78517460025834,1.84,58.0,-1.3,3.29
FE,2011-03-11,20.21071666125894,20.50762194464377,20.21071666125894,20.385679244995117,3317800,21.063115401326353,16.43169983450722,16.994583304944733,17.375148165617283,18.773944176354057,1.8,55.0,-1.31,3.42
FE,2011-03-14,20.231919800900076,20.433391267490904,20.035751332707097,20.316749572753906,3357200,20.35774423222906,16.41198084611156,17.0040073315042,17.379608776303506,18.768021157475225,1.78,56.0,-1.32,3.4
FE,2011-03-15,19.956220310377315,20.099370913629354,19.733542942541522,19.73884391784668,4395200,21.892378194099607,17.53917354117838,17.588298883672245,17.709316562283455,18.98662317552929,1.75,64.0,-1.31,2.99
FE,2011-03-16,19.73883597229877,19.81306173169899,19.26166950936865,19.399517059326172,5191900,21.833138152066727,17.88769552173814,17.748442406975894,17.62902898810279,19.06246448561943,1.73,67.0,-1.29,2.81
FE,2011-03-17,19.62220547884892,19.627508477531507,19.145038744987573,19.383623123168945,4387400,20.649843537460598,17.853943591042093,16.08286201399726,17.60844816474335,19.03623530993324,1.69,38.0,-1.29,0.93
FE,2011-03-18,19.542674992496043,19.62750475280662,19.304090659590976,19.362411499023438,4065400,20.63102705491393,17.845376359368462,15.993901861953347,17.582377460937437,19.03038544489477,1.66,37.0,-1.28,1.0
FE,2011-03-21,19.558581582168184,19.648714347720272,19.394225045428037,19.505563735961914,3499300,20.638887747946715,17.86227518989528,15.746976496412342,17.552494529078572,19.043136907341047,1.62,35.0,-1.26,1.12
FE,2011-03-22,19.521467662354087,19.643410320239383,19.36241210956896,19.51616668701172,4174200,20.467173422374067,17.838413985560877,15.719937005896925,17.50998201772483,18.99147455204115,1.59,35.0,-1.24,1.15
FE,2011-03-23,19.479053180246407,19.542674994861784,19.383619447072828,19.463146209716797,2248500,20.454179827259715,17.814970114151624,15.721150321519396,17.171387152660134,18.988804685033216,1.56,36.0,-1.22,1.15
FE,2011-03-24,19.526768878498526,19.590390689307256,19.35710734550708,19.394222259521484,2785600,20.44514440787474,17.820441190750085,15.72423239417444,17.135822645729508,18.72348330043776,1.52,37.0,-1.19,1.14
FE,2011-03-25,19.44193532208655,19.457842290209143,19.33589965460642,19.37301254272461,3109000,20.150564647807883,17.817435002246405,15.681511777512755,17.03052197511963,18.71512218270526,1.49,35.0,-1.16,1.18
FE,2011-03-28,19.43663563076989,19.457843574666185,19.21925926208496,19.21925926208496,3564500,19.933608183832632,17.89238387610031,15.378453660025809,17.040562075045003,18.72523202213687,1.46,22.0,-1.15,1.32
FE,2011-03-29,19.245769525408797,19.388920122959476,19.17684471418047,19.325298309326172,3659800,19.433964664535118,17.87950803268049,15.27536983588671,17.040036845865718,18.731137295869395,1.42,16.0,-1.12,1.4
FE,2011-03-30,19.42073265831548,19.8236735208019,19.404825687525808,19.680522918701172,3396700,20.18525205594174,17.924260480052958,15.53157013035283,17.1728497040608,18.811702542053325,1.39,31.0,-1.09,1.23
FE,2011-03-31,19.680522486391393,19.728239352710133,19.48435404597034,19.66461753845215,2503100,19.384908409414574,17.88366903747328,15.52896071824548,17.172837791056825,18.788524563039523,1.35,31.0,-1.06,1.23
FE,2011-04-01,19.717634951208655,19.850181574489838,19.659316135865744,19.749446868896484,1951900,19.412336983679555,17.8915268810917,15.528073359872394,17.114098133702345,18.792786126208817,1.31,31.0,-1.03,1.23
FE,2011-04-04,19.754747247569323,19.80776710878181,19.553277842464595,19.675220489501953,1952000,19.24037864132633,17.8935403205722,15.541355206252632,17.03828579542593,18.775991102930394,1.27,35.0,-1.0,1.22
FE,2011-04-05,19.627507429882275,19.680525278869823,19.479055834716103,19.49496078491211,1898200,19.242423316152678,17.985309469504713,15.466522726481804,17.051646732945116,18.777855330674452,1.23,29.0,-0.95,1.27
FE,2011-04-06,19.521463174742212,19.79185937256897,19.468445343501987,19.765348434448242,2363800,19.67502463699976,18.211511640346593,15.607383542560147,17.12493309097117,18.82739810051094,1.21,40.0,-0.91,1.15
FE,2011-04-07,19.712334701101987,19.712334701101987,19.53737218113609,19.701730728149414,2032100,19.67817925967516,18.197413127084612,15.53799158055456,17.036718089563728,18.827880939321194,1.19,36.0,-0.86,1.21
FE,2011-04-08,19.685827255249023,19.744148099608285,19.558581592783252,19.685827255249023,2042000,19.43055787604657,18.16287047162207,15.534319338341543,16.93567884350651,18.82726821042083,1.16,35.0,-0.8,1.21
FE,2011-04-11,19.685830778745665,19.712339706607928,19.388925528184313,19.489660263061523,4522600,17.638478531791897,18.27143361905696,15.55041100921048,16.978714372523584,18.827948882984074,1.14,39.0,-0.75,1.2
FE,2011-04-12,19.394225914013177,19.64341222934407,19.35181001714758,19.61690330505371,3890200,16.994369823327855,18.275613386318255,15.410779637635674,16.747037311746514,18.810706607461654,1.11,24.0,-0.69,1.31
FE,2011-04-13,19.717636013925766,20.0145411941782,19.643410224487923,19.99863624572754,4420500,17.820173957056962,18.688797238399303,15.634497745321621,16.898628913555015,18.89557641848538,1.08,45.0,-0.63,1.19
FE,2011-04-14,19.977427736605584,20.25312496282213,19.919106897261564,20.205408096313477,3858100,17.95179702435154,18.804788970145605,15.685171316249779,16.8175309998817,18.819893987698837,1.05,49.0,-0.6,1.14
FE,2011-04-15,20.343254407458804,20.560630780539515,20.327349460465378,20.359161376953125,3296500,18.02051017446416,18.621103105562263,15.653489187557835,16.793957216302154,18.814258697321254,1.02,47.0,-0.55,1.17
FE,2011-04-18,20.147090607768753,20.412183905239395,20.094072757275164,20.210712432861328,2084000,18.099687594456178,18.659791334794555,15.4899714156672,16.665348203882104,18.818491552295693,0.99,31.0,-0.49,1.27
FE,2011-04-19,20.226623917113418,20.54473513602535,20.200112963452586,20.422792434692383,3012400,18.259319745251695,18.770892883384505,15.55663806750264,16.702497639909417,18.842313077766004,0.95,42.0,-0.44,1.2
FE,2011-04-20,20.518222788897017,20.719694272666956,20.45460096020705,20.61895751953125,2384400,16.122193318599088,18.71253571615072,15.596304117555443,16.724914432709983,18.840676127099986,0.93,46.0,-0.42,1.16
FE,2011-04-21,20.67727308806701,20.778007792959816,20.571235385679298,20.613651275634766,1361600,15.881787858665627,18.709695560261906,15.593336424793355,16.717997384720686,18.836321153721403,0.91,46.0,-0.38,1.17
FE,2011-04-25,20.58184226902636,20.703784936143062,20.523521423339844,20.523521423339844,2543500,15.917944821773599,18.510256626201308,15.56237635160108,16.715105600899637,18.834405256984834,0.89,44.0,-0.38,1.19
FE,2011-04-26,20.671979275834353,20.94237358923771,20.634864348012666,20.878751754760742,2900000,16.611687757951067,18.423443952416243,15.764722252920565,16.830717293645286,18.87127858760926,0.87,60.0,-0.39,1.05
FE,2011-04-27,20.889353662617523,21.064314195731324,20.783315933987197,21.00069236755371,2150200,14.055860121407987,18.374244945206428,15.671563778513889,16.834690271638316,18.822484177648626,0.84,53.0,-0.35,1.13
FE,2011-04-28,21.000697475072727,21.149149117758807,20.878754765366025,21.106735229492188,1885700,12.812485871091534,18.129372664528674,15.6785775271785,16.496283988379368,18.826712834282862,0.82,55.0,-0.32,1.12
FE,2011-04-29,21.106725830470012,21.228668485874508,20.952971256155237,21.18625259399414,3062500,12.768380862180283,17.58778625859441,15.648628335673306,16.39702174317009,18.79127555471631,0.79,51.0,-0.31,1.15
FE,2011-05-02,21.26048608002308,21.2869970332976,20.96358281936553,21.005996704101562,4504200,13.150990341234742,17.678256535537837,15.726941837054406,16.3699472004889,18.812771553001816,0.77,62.0,-0.33,1.08
FE,2011-05-03,22.002748860651977,22.320860083371517,21.631617752477965,22.278446197509766,8954200,20.90083789908031,21.225102980752112,18.179710239076638,17.74024762524644,19.577783930119775,0.78,100.0,0.48,5.51
FE,2011-05-04,22.35364707196338,22.633000749915908,22.219342537331855,22.48257827758789,5178400,20.910058524571113,21.250762726245192,18.207380144432996,17.682935300119855,19.4593673084878,0.79,100.0,1.21,5.41
FE,2011-05-05,22.3429060828967,22.402000415599975,22.07966825067072,22.15488052368164,3981400,21.5571913309397,21.49970356772443,18.39958067002576,17.765359478604534,19.36060660242534,0.81,100.0,1.3,5.17
FE,2011-05-06,22.305298216147804,22.536302188552312,22.246203890743214,22.33753204345703,3174300,21.453507807915255,21.549149991325343,18.427016273963616,17.623965247029282,19.36905640614219,0.83,100.0,1.41,5.1
FE,2011-05-09,22.359019212338538,22.428858146846203,22.13338856914789,22.33753204345703,2537600,21.430115514741154,21.48415172946907,18.405317686403247,17.582208803747477,19.22435537958049,0.85,99.0,1.42,5.17
FE,2011-05-10,22.573908941379806,23.293781409167114,22.573908941379806,23.00368309020996,8564400,22.22425322474134,22.02495900272665,18.885231449798525,17.885614065797423,19.433023384581094,0.89,100.0,1.9,4.54
FE,2011-05-11,22.982191426261938,22.99293603500559,22.718955684678406,22.890865325927734,3377100,22.44818816624676,21.643048439349645,18.91327660280696,17.891297122302145,19.385073100857735,0.93,100.0,1.97,4.53
FE,2011-05-12,22.831777723307123,23.428090363501997,22.831777723307123,23.401229858398438,4687900,22.66137834067121,22.022480891829648,19.160669995508638,18.05602864659405,19.484538879330486,0.98,100.0,2.31,4.17
FE,2011-05-13,23.33675352074784,23.395847839625834,22.804908749494757,22.847885131835938,6163600,24.18444877966117,22.201594580762084,19.59520598508421,18.298925376606938,19.6423032308673,1.04,100.0,2.06,3.85
FE,2011-05-16,24.013652596605002,24.60459176357343,23.825625007606188,23.895463943481445,9940000,26.794317577073794,23.82060936444649,20.74342248661626,18.835354178720113,20.11870580541686,1.14,100.0,2.45,3.5
FE,2011-05-17,23.777279277837376,24.513269769301925,23.761163385826848,24.464920043945312,6432900,27.0663028956785,24.038572439786837,21.0062100522394,18.97554662793587,20.15831831447164,1.24,100.0,3.02,3.19
FE,2011-05-18,24.400452004621204,24.432685837475027,23.873978363958713,24.104982376098633,4703200,27.410078478074684,24.309283283474887,21.182203213765813,19.068428445768397,20.2116566875858,1.34,100.0,2.82,3.08
FE,2011-05-19,24.09960710327124,24.17481731814686,23.976047171786337,24.067373275756836,3419500,27.44473992589565,24.28787324673727,21.184373802477577,18.866867210308868,19.98578064248321,1.43,100.0,2.51,3.1
FE,2011-05-20,24.04050999206124,24.13720941407582,23.895460859039368,24.045881271362305,3501000,27.38075296002988,24.30169623563683,21.189697595520883,18.86826907989148,19.983707568905174,1.52,100.0,2.18,3.1
FE,2011-05-23,23.830999337094163,24.0351428239686,23.56239024095798,23.626855850219727,3444500,28.196623467326194,24.506392097562845,21.412423358294717,18.98018729686115,20.057090242047373,1.6,100.0,1.81,2.95
FE,2011-05-24,23.73967310218316,24.08349449452721,23.632231094483387,23.873977661132812,2276000,27.80192655470413,23.978749725827235,21.446064395402587,18.970473954066968,20.05734420223069,1.68,100.0,1.49,2.88
FE,2011-05-25,23.659088353808354,24.121096301166567,23.578504809752978,23.94381332397461,3156100,27.82422032654665,23.564274048565988,21.404252463515764,18.9683858999288,20.057993961969085,1.76,98.0,1.22,2.89
FE,2011-05-26,23.852486505356413,23.857857785114316,23.519409779277648,23.793392181396484,2479000,27.802846794084207,23.55778321184464,21.313025467723943,18.98076464708261,19.950763534479172,1.83,97.0,0.94,3.05
FE,2011-05-27,23.884716879081285,24.115720832264653,23.761156958663932,23.82562255859375,1654600,27.797894781166654,23.49075580765948,21.303359884321395,18.96472673392229,19.949717830332858,1.89,96.0,0.69,3.08
FE,2011-05-31,23.94381211053955,24.04051153877556,23.79876296818553,23.970672607421875,2429200,27.79148555481996,23.46559707692735,21.312032304092046,18.97013817966189,19.63837369031783,1.95,96.0,0.46,3.06
FE,2011-06-01,23.927692462142826,23.938437069072197,23.63759422302246,23.63759422302246,2890500,28.123155141181744,23.71862035425235,21.461034447164938,18.93237645385112,19.57793375261639,2.01,100.0,0.25,2.97
FE,2011-06-02,23.696693370897705,23.702064650796085,23.385105854350794,23.492549896240234,3100400,28.26647851446199,23.78402659997031,21.498309465709823,18.93868870350181,19.487257872149048,2.06,100.0,0.05,2.95
FE,2011-06-03,23.34213669545565,23.508673065096517,23.0627829197666,23.460323333740234,5242800,28.27965627554989,23.0585436694314,21.50226364490006,18.909227295517127,19.45762729725243,2.12,100.0,-0.12,2.95
FE,2011-06-06,23.390479507922507,23.438829224976974,23.16484681189344,23.277664184570312,1864000,28.469807178886235,23.03322044284585,21.531567440577337,18.940158306249394,19.31266692067978,2.17,100.0,-0.27,2.93
FE,2011-06-07,23.358252628036542,23.583885391180203,23.288413671667637,23.293787002563477,1986900,28.377026934731514,23.034246373154037,21.52354170769526,18.90336388687756,19.29785356091955,2.21,99.0,-0.41,2.95
FE,2011-06-08,23.336757999660065,23.428086159815432,23.11649861841158,23.288408279418945,3054600,28.134524918534844,23.010486694653796,21.52551825871292,18.870818637959754,19.268824476510442,2.26,99.0,-0.54,2.96
FE,2011-06-09,23.336759415005304,23.605368532785715,23.17559435420204,23.503297805786133,2330600,28.174027878940784,22.115475751385986,21.546629477312752,18.793387141233165,19.147034636180322,2.3,100.0,-0.67,2.93
FE,2011-06-10,23.374358915541375,23.39047685227936,23.148728294454006,23.213193893432617,2262600,28.556583099957777,21.945384312350395,21.658335866753305,18.84194306089578,19.189126932323546,2.34,100.0,-0.77,2.87
FE,2011-06-13,23.293789654467023,23.304534268156647,23.04666968758226,23.073530197143555,2700800,28.679860162908987,22.009995169679105,21.691346423245967,18.74255808987859,19.188005240365644,2.38,100.0,-0.87,2.86
FE,2011-06-14,23.73966608936525,23.73966608936525,23.41733606283399,23.5301513671875,3189900,28.867893266935162,22.2565242475732,21.779347265857858,18.85440967373437,19.19946683220806,2.41,100.0,-0.96,2.77
FE,2011-06-15,23.36898849339411,23.535526850299263,22.95533029023578,23.11112403869629,2894400,24.377232351589527,22.65834409233883,21.991612884137098,18.985819279107265,19.291389698721606,2.45,100.0,-1.04,2.66
FE,2011-06-16,23.111129587004523,23.514043278446042,23.111129587004523,23.32064437866211,2532000,24.37454240768937,22.688486908732173,22.012364133582977,19.00324005544011,19.249068396999412,2.48,100.0,-1.12,2.6
FE,2011-06-17,23.476441301813455,23.71281662795698,23.390486451458965,23.4979305267334,3104300,23.96278420683398,22.676322001643157,21.936799039567635,19.018890849801277,19.259379753822888,2.51,98.0,-1.2,2.61
FE,2011-06-20,23.481807909635425,23.72892779905295,23.342132074107003,23.723556518554688,2006700,23.99642617593421,22.670281144532332,21.96841248832618,19.022051165223647,19.177405897641933,2.54,98.0,-1.26,2.55
FE,2011-06-21,23.782645811438968,24.035138977179745,23.621480789416438,23.750411987304688,6006600,23.990444500607737,22.656195546371098,21.875300332895616,18.989965230134313,18.813285969116425,2.56,96.0,-1.33,2.68
FE,2011-06-22,23.680569333576546,23.825616383494374,23.49791514001179,23.58386993408203,1961800,22.669456323179855,22.637041466394162,21.685128823115303,19.00319414722775,18.806136538667197,2.58,93.0,-1.38,2.8
FE,2011-06-23,23.385099355801348,23.433449058749332,23.003675059947295,23.261539459228516,2474100,23.00674665286195,22.903715506027133,21.789845653996192,19.069542140228666,18.863538964023398,2.6,95.0,-1.43,2.77
FE,2011-06-24,23.266924758999195,23.422716504817572,23.019802789372374,23.127246856689453,5956900,22.14310903956612,22.754498391072776,21.69804332882137,19.076695912711074,18.873911073613495,2.62,93.0,-1.47,2.93
FE,2011-06-27,23.159475681772378,23.401224268608928,23.143359792424835,23.23468589782715,1709400,21.023996198637896,22.74609896877715,21.45070472160858,19.081521984201483,18.867198838982628,2.63,82.0,-1.51,3.21
FE,2011-06-28,23.27766625425229,23.39048158763521,23.170222201319806,23.358247756958008,1835200,16.405255926482152,22.749880854668888,21.46130476489292,19.087267892058676,18.72660635855171,2.65,83.0,-1.55,3.18
FE,2011-06-29,23.401222107456178,23.68057577652121,23.315267289999593,23.610736846923828,2134700,15.126688626714035,22.76554463465055,21.415282625691617,19.11785270340116,18.734663390979435,2.66,79.0,-1.59,3.15
FE,2011-06-30,23.62685916102044,23.771908339178506,23.45494947934979,23.71818733215332,1709800,14.643051594521623,22.623653581123605,21.40018821113295,19.060639005548904,18.716565952042004,2.67,76.0,-1.63,3.18
FE,2011-07-01,23.642970774747567,24.00827929452145,23.562389278792104,23.97604751586914,1893700,15.002783746633803,22.57300155510566,21.452810521073047,19.076276143814958,18.705001938451606,2.68,81.0,-1.65,3.08
FE,2011-07-05,23.86322833534842,23.86322833534842,23.573132102824417,23.68594741821289,1974800,15.403716175077536,22.75587248514381,21.55967576525578,19.126824480805617,18.728179378321233,2.69,89.0,-1.68,3.01
FE,2011-07-06,23.669835002199903,23.83637133525247,23.578506841113967,23.73430061340332,1371000,14.538915728532963,22.742630612831437,21.522338155116834,19.076046562241046,18.510469222721376,2.69,84.0,-1.71,3.08
FE,2011-07-07,23.873977850567567,24.062005464183994,23.78265173343312,23.99216651916504,1916900,14.56393767562193,22.62914734202022,21.436664188844105,19.11132068655396,18.512100127293614,2.7,76.0,-1.73,3.08
FE,2011-07-08,23.847112171411624,23.997532590189735,23.739668136859617,23.981416702270508,1757400,14.54124692840991,22.634088502148703,21.185801534726973,19.10257361047,18.449245863814042,2.7,67.0,-1.74,3.25
FE,2011-07-11,23.74504575179788,23.78265086328029,23.55164686455984,23.680580139160156,1763400,14.892498058012874,22.619520434743844,21.297242521200282,19.13680340255775,18.490620459649808,2.7,68.0,-1.76,3.2
FE,2011-07-12,23.589241212132197,23.825616383494374,23.540891512384942,23.58386993408203,2817600,14.928049848318583,22.608650717536115,21.034920351557343,18.273245730753057,18.49149079632696,2.7,63.0,-1.76,3.38
FE,2011-07-13,23.696693370897705,23.77190358542292,23.449573509079247,23.492549896240234,1945700,14.835056020874282,22.622304963336905,21.03470690890222,18.230844228225482,18.49763854977553,2.69,62.0,-1.77,3.38
FE,2011-07-14,23.49255091987201,23.589250356853487,23.272291546597472,23.30452537536621,2147300,14.466121900127163,22.635925823836267,21.01336214518675,18.113384627201803,18.519094108915716,2.69,61.0,-1.76,3.4
FE,2011-07-15,23.363618456432462,23.40659484317221,23.111125267865805,23.25080108642578,2690200,14.377513187102306,22.59264615442384,20.99635218697323,18.101911273069256,18.47461300958307,2.68,59.0,-1.76,3.46
FE,2011-07-18,23.154100059794544,23.234683597202498,22.982190426027095,23.035913467407227,1667200,14.60771512199828,22.659073235948192,21.050560049640826,18.139754836426178,18.452212008108063,2.68,63.0,-1.74,3.41
FE,2011-07-19,23.057403076334136,23.197080949389395,22.864006254859067,23.148731231689453,1753500,14.526750344095744,22.663181478444834,21.057099386358065,18.14163987609373,18.4438849230717,2.67,63.0,-1.73,3.4
FE,2011-07-20,23.2346871263147,23.481807006224837,23.116498466651247,23.33138656616211,1398000,14.711711448491613,22.656344370392333,20.987995994987518,18.132148878801786,18.45466530826851,2.66,56.0,-1.71,3.41
FE,2011-07-21,23.739665190956316,24.002902940476805,23.642965776791584,23.922319412231445,2466600,16.392447148102185,22.934171238424618,20.882572878779886,18.193420608473392,18.55713467628693,2.66,55.0,-1.69,3.48
FE,2011-07-22,23.884724197267595,23.89546880876875,23.707443230811275,23.831003189086914,1710700,16.253804662422716,22.955509735073473,20.648574640371546,18.135353498820795,18.490622899241156,2.65,53.0,-1.67,3.66
FE,2011-07-25,23.92232776508195,24.438058837144073,23.857862149571048,24.35747528076172,3856100,16.915157347087167,23.303178168007634,20.846384982937252,18.29573147396172,18.608798332042316,2.65,54.0,-1.64,3.36
FE,2011-07-26,24.37359289342505,24.443431843933034,24.19631192592031,24.36284828186035,2053400,16.766190751809344,23.305562396649055,20.811855175389667,18.292457439281424,18.45845924799408,2.65,53.0,-1.61,3.38
FE,2011-07-27,24.244661331176758,24.42194229632609,24.164077770174735,24.244661331176758,2332100,15.992536383460799,23.24433213287037,20.827489074057993,18.304718399752367,18.46509222012078,2.64,53.0,-1.57,3.37
FE,2011-07-28,24.25540403024365,24.28763581264316,24.045887198022225,24.1210994720459,8322200,15.075350581269568,20.09532610323894,20.843901437308446,18.32107660433096,18.388295650306343,2.64,53.0,-1.53,3.39
FE,2011-07-29,23.970677484546616,24.266147109018167,23.83100164274505,23.98679542541504,8518400,15.0299426267333,20.077601443534704,20.868899491431034,18.25866327615257,18.36704361590944,2.63,54.0,-1.49,3.41
FE,2011-08-01,24.094240563972786,24.18556874300495,23.954564704031235,24.083498001098633,6562000,14.928647438216935,19.814626774371703,20.343854438962587,18.261090676311024,18.275737024351272,2.63,47.0,-1.45,3.92
FE,2011-08-02,24.040512526897203,24.142583238975206,23.702064514160153,23.702064514160156,5802700,15.454100470649584,20.076928899997164,20.464778020462926,18.33354963701053,18.35026420381754,2.62,47.0,-1.41,3.82
FE,2011-08-03,23.615026203037484,23.723826554892916,23.29950746537025,23.647666931152344,3173400,15.463657087725585,20.087278969753836,20.471621968867414,18.3374685165589,18.342780498780634,2.62,47.0,-1.36,3.83
FE,2011-08-04,23.386546745288392,23.566065557432587,22.434547322018904,22.467185974121094,4536400,21.352554264914488,21.92112747674595,22.103774629408793,19.328211648941956,19.061554985230064,2.63,100.0,-1.31,4.18
FE,2011-08-05,22.592309208422137,22.6249499408605,21.874229696333202,22.49983024597168,5748200,21.053804538626405,21.90384836808364,21.57886265218502,19.258739584698397,19.05316960642474,2.63,88.0,-1.24,4.61
FE,2011-08-08,22.053748217769616,22.255027524635764,21.20510794325108,21.319347381591797,8862400,26.014509211980247,24.02281920231874,23.108885613490816,20.304446818399917,19.817988178193175,2.66,100.0,-1.2,4.87
FE,2011-08-09,21.547829377917694,22.244148359872568,21.090869527211243,22.211509704589844,6319100,28.883315037259038,25.10044363397792,23.965172877125138,20.84610309397541,20.223734904238572,2.68,100.0,-1.13,4.29
FE,2011-08-10,21.890542426152358,22.27678160191996,21.526061654860975,21.591341018676758,5418100,29.823471694042468,23.910113202071955,24.421513403030815,21.104208394098833,20.228570487768266,2.7,100.0,-1.09,3.91
FE,2011-08-11,21.754551412020735,23.011189535072617,21.7110304349343,22.744630813598633,3880100,33.594208929918764,25.83007743646239,25.70933242941204,21.867612602697605,20.813208982817407,2.75,100.0,-1.0,3.58
FE,2011-08-12,22.782709226565427,23.02750951960046,22.331188455501444,22.47262954711914,3092700,33.68937431563058,25.77355849587889,25.79902891275131,21.921665380842466,20.817222684841205,2.79,100.0,-0.92,3.51
FE,2011-08-15,22.614075918686915,23.28319555381517,22.54879651104378,23.266876220703125,3515500,35.14910231144719,26.802676669747676,26.32607404545543,22.271386710147667,21.083620303458822,2.84,100.0,-0.83,3.13
FE,2011-08-16,23.0003104076391,23.261430057253804,22.94047009883676,23.152631759643555,2479900,35.01137562684987,26.817506542344344,26.334065583982014,22.282117159456746,21.040542005984182,2.89,100.0,-0.73,3.13
FE,2011-08-17,23.217912513205103,23.63679262416229,23.207032267767882,23.424633026123047,2146700,35.189369295724354,26.69780536289889,26.376722337106155,22.292915653578206,21.059901925795742,2.93,100.0,-0.64,3.08
FE,2011-08-18,22.935013537290313,23.098212934540374,22.663013850142566,22.92413330078125,3370500,35.54113980859642,26.962042568729466,26.59435293231061,22.45837640930364,21.08452383359982,2.97,100.0,-0.55,2.93
FE,2011-08-19,22.733752754428718,22.956792595448608,22.5270322437876,22.711992263793945,3249300,35.6104623579605,27.00864147366304,26.645103936750118,22.449921157754584,21.085157588409228,3.0,100.0,-0.46,2.9
FE,2011-08-22,23.022065091786992,23.103665869611994,22.407344904368856,22.494384765625,3018200,35.54193462074885,27.04572501587522,26.570046745124642,22.485077644361017,21.103188774340893,3.03,98.0,-0.35,2.98
FE,2011-08-23,22.597750080430114,23.14174982964493,22.380149350666446,23.136308670043945,3497700,36.56716478606515,27.691856150597687,26.905779984747596,22.698538107983225,21.27446381844103,3.06,100.0,-0.21,2.73
FE,2011-08-24,23.397423512878518,23.799984158007867,23.179824902835946,23.6803035736084,3508600,37.19763136451327,28.086343849975883,27.120826522853296,22.845498706724896,21.389298408814998,3.1,100.0,-0.06,2.56
FE,2011-08-25,23.78910541559242,23.78910541559242,23.125425151465578,23.245105743408203,2566800,37.524863545602486,28.197194970565022,27.2992100867738,22.966948997071757,21.476819031131633,3.13,100.0,0.1,2.44
FE,2011-08-26,23.087348609606835,23.283188851355266,22.559670264000626,23.136308670043945,2133200,37.54348602236715,28.18576052227122,27.26284181969177,22.975703149387563,21.368073204436065,3.15,99.0,0.22,2.47
FE,2011-08-29,23.408302823365926,23.745584079583242,23.359342774895275,23.707504272460938,2700400,38.09705967062261,28.633013825117317,27.433907082899744,23.137715267950647,21.473733262319044,3.18,100.0,0.4,2.35
FE,2011-08-30,23.560634658433777,23.963193392293512,23.560634658433777,23.854393005371094,2990700,38.11046311880935,28.609812188831498,27.43051252032246,23.14437634306834,21.475286360383382,3.2,99.0,0.55,2.35
FE,2011-08-31,23.941428205701307,24.10462979168357,23.91966979273879,24.071989059448242,4045700,38.13119404677037,28.66496697538674,27.450457162236724,23.14980379259851,21.35675764634267,3.22,100.0,0.69,2.33
FE,2011-09-01,24.082865318067306,24.186224506916098,23.870705781633763,23.897905349731445,2738700,37.51035923073941,28.709261983759404,27.42318846081696,23.161217713585316,21.37237611226174,3.23,97.0,0.72,2.34
FE,2011-09-02,23.59870657935981,23.702065770963937,23.381105878389548,23.40286636352539,1846600,37.98528385776759,28.979219015210887,27.65435420206422,23.3077170282851,21.469797356963152,3.24,100.0,0.74,2.22
FE,2011-09-06,22.913264980283582,23.3593445331735,22.695666362519283,23.34302520751953,2452300,37.385421832172064,28.870010790778156,27.51936940666915,23.3014925274629,21.448530812441334,3.24,99.0,0.86,2.32
FE,2011-09-07,23.61502805498851,23.805427129271518,23.45726763618586,23.66398811340332,3473400,37.63853325605743,28.97335060393729,27.551793128515417,23.34098982626178,21.48549753244865,3.25,99.0,1.03,2.3
FE,2011-09-08,23.544312697389486,24.099192789959083,23.53343245143384,23.919673919677734,2297400,37.76991640046056,28.779302973010566,27.57392177116004,23.36637901423558,21.50177132130729,3.25,99.0,1.23,2.28
FE,2011-09-09,23.68575085374867,23.68575085374867,23.114551501367096,23.234230041503906,2996300,38.65511192752608,29.167372607782283,27.966769666791997,23.633604780593174,21.70096424989594,3.24,100.0,1.33,2.1
FE,2011-09-12,22.978547804733896,23.511667251586918,22.97310664572849,23.511667251586914,2366900,38.81568888767991,29.21040244048933,27.97947322753684,23.663738991298537,21.72778555611323,3.24,100.0,1.48,2.09
FE,2011-09-13,23.56606655000681,23.729266042973673,23.283186460440305,23.685747146606445,1835000,38.86303741717903,29.20829150735588,27.965429855153022,23.66922673821419,21.663195161377043,3.23,98.0,1.7,2.1
FE,2011-09-14,23.707501895500133,24.197100255924713,23.52254196151032,23.995820999145508,2067100,38.77178803840085,29.264337898616915,28.02478238143975,23.709470948896794,21.688583712684736,3.22,100.0,1.84,2.05
FE,2011-09-15,24.164466733994097,24.452787998726965,24.055668449394496,24.371187210083008,1518000,39.006888949251554,29.432229294977937,28.096122924890736,23.766772790142163,21.718003274405817,3.2,100.0,1.7,1.99
FE,2011-09-16,24.5126317117644,24.741110631453786,24.3439910268547,24.713911056518555,2887700,35.873818232643295,29.51923157129455,28.05596603754012,23.81162107872348,21.755846351996382,3.18,99.0,1.7,2.02
FE,2011-09-19,24.36030709362093,24.518067512385016,24.186227347120646,24.44190788269043,1814700,36.10885080593927,29.467656061806757,28.12061749360794,23.8404753089174,21.766527043941004,3.16,100.0,1.71,1.98
FE,2011-09-20,24.5289539234306,25.301432733356183,24.4201535357129,25.034873962402344,2731200,32.3494703396926,29.811491110211353,28.340701967335924,23.917637404905058,21.86639650064723,3.13,100.0,1.67,1.84
FE,2011-09-21,24.969590769478646,25.203510841244583,24.643189655873062,24.654069900512695,2504900,31.04984407221884,29.996853986432964,28.467202764289024,23.9928256377022,21.865730298547483,3.1,100.0,1.55,1.78
FE,2011-09-22,24.11550860211768,24.28958834663514,23.85982806946018,24.197107315063477,3570700,30.31086989352537,30.25188514168935,28.60403818851359,24.107817760913335,21.941748150134813,3.07,100.0,0.92,1.71
FE,2011-09-23,23.892461447695784,24.692141524152365,23.892461447695784,24.54526138305664,2840200,26.869548707705544,30.311213283674977,27.166970889866153,24.155969902875484,21.909434765119023,3.06,80.0,1.02,1.49
FE,2011-09-26,24.708468319193763,24.751989296467684,24.37118904609853,24.664949417114258,2223000,26.51729487240722,30.31306226968332,27.14285057956472,24.159438173909344,21.902040953271378,3.05,79.0,1.09,1.51
FE,2011-09-27,24.88253175757767,24.996771125673565,24.42013105426739,24.53437042236328,2857400,24.854283427986022,30.262262529403188,27.04624495312385,24.171449431858292,21.90952610026437,3.03,77.0,1.21,1.57
FE,2011-09-28,24.57246652682538,24.784628162260823,24.289588496633304,24.371187210083008,2447000,24.90038447075069,30.185681793314213,27.04872725102636,24.1793183920553,21.918395927701805,3.02,77.0,1.35,1.57
FE,2011-09-29,24.773742532944315,24.779181615914133,24.403822635182422,24.703022003173828,5052800,24.970192047199486,30.30263143592601,27.122735545471404,24.217994332013426,21.95469121581764,3.0,78.0,1.46,1.52
FE,2011-09-30,24.572459712567536,24.784621289167855,24.425581654050387,24.431020736694336,2783200,24.291294395242904,30.32166230265329,26.803708269748615,24.261593998986747,21.972166215861797,2.98,73.0,1.46,1.66
FE,2011-10-03,24.246072426508984,24.648633216607617,23.63135203325899,23.723833084106445,3039500,25.763683727463693,30.925675818961867,27.209980744910702,24.521497666815293,22.16063286875688,2.97,80.0,1.6,1.48
FE,2011-10-04,23.555189269956497,23.767348845018883,22.98398993512828,23.72926902770996,3303900,25.55284028335249,30.81676455785453,26.986727478964916,24.51877041359553,22.15330152348936,2.96,73.0,1.62,1.61
FE,2011-10-05,23.86525743969815,23.941417037526,23.283178141792835,23.60957908630371,3242800,24.360985332372014,30.822913736919833,26.723276121438083,24.528978712964324,22.153012450121004,2.94,70.0,1.77,1.75
FE,2011-10-06,23.549739240607266,23.778218038274535,23.348457928155504,23.767337799072266,3252400,23.484590031434134,30.841661306515615,25.77541284662468,24.482758144356463,22.15544072674097,2.94,62.0,1.78,1.89
FE,2011-10-07,23.887023836065193,24.311342886347866,23.832624702765234,24.0937442779541,2666600,23.110807901625737,30.914448827730485,25.59172651969604,24.52605000645344,22.192658577511043,2.93,60.0,1.85,1.99
FE,2011-10-10,24.420140885396812,24.67038019488021,24.333101035350687,24.659502029418945,1578500,23.894724933267707,31.253980506502625,25.748493450800435,24.661320808383426,22.30453497445372,2.92,61.0,1.74,1.92
FE,2011-10-11,24.59966592331026,24.610546165813975,24.267825790126146,24.42014503479004,2153400,23.168378262459953,31.26070365671157,25.795781337290748,24.64980432795928,22.327746053625237,2.92,62.0,1.68,1.88
FE,2011-10-12,24.47454375076265,24.713902835846184,24.295022880554605,24.50174331665039,1632100,23.12767758084018,31.25403120646898,25.8001820341781,24.649616650401626,22.290463502892745,2.91,63.0,1.6,1.88
FE,2011-10-13,24.322231613389178,24.32767277373379,23.266872702749886,23.805431365966797,6971000,24.528965955583253,31.807028448734222,26.057933361353626,24.852275267548272,22.47652465778691,2.91,63.0,1.6,1.77
FE,2011-10-14,23.974071955788833,24.202552959808532,23.843513160801546,24.099191665649414,2316800,24.704630067304734,31.490312198628136,26.078360631034265,24.78228093721409,22.496722577822286,2.9,63.0,1.57,1.76
FE,2011-10-17,24.08830572465551,24.246066133558653,23.914225989036225,23.979507446289062,1907500,23.935028080947855,31.497379168343357,26.086712105989346,24.77433047440324,22.471846832655533,2.9,63.0,1.57,1.75
FE,2011-10-18,24.01758964016169,24.207988721375674,23.740148607313497,24.104629516601562,2079400,23.94577253115879,31.189701270878743,26.079735393864635,24.717290776430957,22.476207115622756,2.89,62.0,1.54,1.76
FE,2011-10-19,24.08829985788105,24.648620815932354,24.08286077536509,24.51262092590332,3480900,24.10527037834095,31.38277398456709,26.21286030715126,24.663437756429786,22.527214775879155,2.88,63.0,1.45,1.68
FE,2011-10-20,24.550700729095958,24.703019941866515,24.338541232681642,24.51262092590332,9336700,23.935056249586566,31.365732690503233,26.196465029526728,24.663651389681572,22.50764073700319,2.87,62.0,1.36,1.69
FE,2011-10-21,24.643183924672545,24.9695849623679,24.62142344045406,24.947824478149414,10210500,22.65859551988005,31.54678823555162,26.240060087268407,24.69634888554812,22.04980367982653,2.87,63.0,1.23,1.68
FE,2011-10-24,24.89341589387785,25.002216207548358,24.697577819502992,24.79549789428711,9958400,22.603269667900978,31.55148436258678,26.239862125520585,24.69952378932134,22.03135684861363,2.86,62.0,1.13,1.68
FE,2011-10-25,24.681270356895716,24.779190486958694,24.414711616875604,24.43647003173828,2240900,23.022427736541896,31.69421123373147,26.347980942460996,24.76781601156262,22.00001517336677,2.85,65.0,1.08,1.6
FE,2011-10-26,24.703027812552403,24.790067686895206,24.23518770976197,24.289588928222656,3203900,22.822848403243942,31.542246539448684,26.335304103403868,24.78109564715599,22.002478838921828,2.84,64.0,1.09,1.61
FE,2011-10-27,24.79006879872893,25.002228372255225,24.670388187942045,24.81726837158203,3153900,23.228432737809182,31.830556073308152,26.54680435152424,24.881801792719546,22.09370966171705,2.84,66.0,1.03,1.5
FE,2011-10-28,24.773742532944315,24.773742532944315,24.327663022442117,24.703022003173828,3273700,22.921966780682062,29.955657142970082,26.559553363462257,24.827384671437656,22.099339454755267,2.83,66.0,0.99,1.49
FE,2011-10-31,24.431021870677277,24.87710137515881,24.409261388704085,24.458221435546875,2976400,22.877752117897,30.04889885527139,26.575713855049997,24.747347748278177,22.112630757023297,2.82,67.0,0.96,1.47
FE,2011-11-01,24.153583489823166,24.697583099276898,23.935982815964145,24.46366310119629,3663900,21.72381471610639,27.755539725224576,26.49615710059498,24.742087448523296,22.01917051201848,2.81,63.0,0.98,1.53
FE,2011-11-02,24.773752664077143,25.078391239619165,24.708471190579864,24.89887237548828,3891600,21.90408291037465,26.759205239070894,26.613145326773402,24.69212672242659,22.042544128392635,2.8,68.0,0.98,1.47
FE,2011-11-03,24.816269313827508,25.295304768510995,24.75019596501038,25.19619369506836,2984000,21.381265369356843,26.079438448359614,26.501987082327073,24.716757757231097,22.068215501691192,2.79,62.0,0.9,1.53
FE,2011-11-04,25.097091138418705,25.174177081818907,24.618053460829856,25.05854606628418,2314500,21.10765536757415,24.001062038982013,26.35196295838375,24.695284698669347,22.076505131765895,2.78,59.0,0.89,1.62
FE,2011-11-07,25.07506598793352,25.163164509041586,24.821783002302134,25.146644592285156,1404700,21.088015019083805,23.834411103319344,26.322720765246093,24.6833001428496,22.07531991332931,2.77,54.0,0.84,1.64
FE,2011-11-08,25.124626406125532,25.328353881835938,24.8713412709767,25.328353881835938,2032900,21.092794211519276,22.86121244997722,26.32032523836012,24.68610423717772,22.083245568445896,2.76,53.0,0.77,1.64
FE,2011-11-09,25.02000269361218,25.031015271126353,24.568497517703044,24.634572982788086,2242400,22.597993437484018,23.599516985908608,26.66722358553643,24.92494813713435,22.22710593320406,2.75,69.0,0.73,1.47
FE,2011-11-10,25.00898947627427,25.00898947627427,24.574004227982144,24.640077590942383,2472100,22.250757715670648,23.495346235448306,26.666959150498244,24.88446354657289,22.22730397113248,2.74,68.0,0.69,1.47
FE,2011-11-11,24.78323827620802,25.06405376020967,24.78323827620802,25.025510787963867,1684100,22.44377641115472,23.21084137473084,26.747837184241668,24.731661726476666,22.248686418499595,2.73,70.0,0.63,1.43
FE,2011-11-14,24.90437139260101,24.926396545517644,24.60153289151696,24.623558044433594,4722100,21.1941561379528,23.38967277780935,26.783797591805104,24.706296523500047,22.31591773030369,2.71,70.0,0.66,1.41
FE,2011-11-15,24.6235607998924,25.124621532428144,24.618053460829856,25.05854606628418,2193200,21.708115909806374,23.506780746688243,26.898156583409193,24.76373504519122,22.351682070712705,2.7,71.0,0.67,1.36
FE,2011-11-16,24.744687546162865,24.942909684387033,24.618046091282714,24.64557647705078,2563800,22.277326584374766,23.1516750630054,27.032311410498405,24.841053639876307,22.380772335469278,2.68,73.0,0.71,1.27
FE,2011-11-17,24.64558093367527,24.673113424855792,24.050916511904266,24.155532836914062,3583200,23.066383771378838,23.080747554200116,27.219389240919245,24.964836262040517,22.466565898882784,2.66,80.0,0.77,1.16
FE,2011-11-18,24.337240317686216,24.54096775585669,24.260154373537087,24.381288528442383,2162600,22.88587870551219,22.811866289534656,27.20624494003238,24.973909752198253,22.476111478462794,2.64,78.0,0.79,1.17
FE,2011-11-21,24.18857117055363,24.18857117055363,23.880225325359962,23.973831176757812,2448500,22.354796750199245,23.07148708882366,27.33345966584828,25.058215469296762,22.528031012102936,2.62,82.0,0.81,1.09
FE,2011-11-22,23.95730916325754,23.984841652714692,23.489286248562596,23.50580406188965,2623900,22.876444297601115,22.898449032597792,27.4584293883686,24.92291044303516,22.563592248563157,2.6,86.0,0.77,1.03
FE,2011-11-23,23.37366129368717,23.37366129368717,22.878105806016585,23.048797607421875,2612500,23.436208701163626,23.203145846358066,27.566576716430646,25.01262435132113,22.656576296225715,2.58,88.0,0.67,0.98
FE,2011-11-25,23.0377737123794,23.235995810069447,23.015748568095315,23.09283447265625,897100,22.033909222593707,23.12211877807781,27.566305736510333,25.011000979253424,22.652601132076327,2.56,87.0,0.58,0.98
FE,2011-11-28,23.582893460247615,23.75358314235621,23.40669433932022,23.538843154907227,2717600,22.47873299769306,23.432387414748536,27.682885812317785,25.10102851712969,22.723835107394276,2.53,90.0,0.55,0.93
FE,2011-11-29,23.58289458124662,23.847190124549595,23.5773872426002,23.80864715576172,2247600,22.71302495040507,23.148707935175214,27.74387560531978,24.881984205438005,22.732811137012536,2.5,90.0,0.54,0.9
FE,2011-11-30,24.507925837655236,24.667605037803796,24.227112503285426,24.485902786254883,3581300,24.110719645582066,23.827910858630734,28.025356484006185,24.98927142211329,22.891710599796113,2.47,94.0,0.54,0.82
FE,2011-12-01,24.502410775218383,24.711645432880882,24.320706496093077,24.607027053833008,2046200,23.656577778219336,23.693529700647048,28.025697052101357,24.991695590458182,22.864212199945754,2.44,94.0,0.54,0.82
FE,2011-12-02,24.777724338904964,24.79974948686586,24.36476226658988,24.38678741455078,2783900,23.80385732966105,23.679601347880567,28.05740386064774,25.019906779300598,22.88587877005269,2.4,95.0,0.58,0.8
FE,2011-12-05,24.6455818180266,24.909879459890966,24.41432400693809,24.574003219604492,1854200,23.328306323871807,22.91603245763187,28.04820962745544,25.020892696363546,22.886663419257587,2.36,93.0,0.63,0.81
FE,2011-12-06,24.684128092592402,24.909880676533927,24.634572544876733,24.79975700378418,1653400,23.428132588474814,22.86723659547413,28.07761566758845,25.038004158054537,22.899745764971783,2.32,95.0,0.67,0.8
FE,2011-12-07,24.77772363568248,24.981450997454445,24.65658742576926,24.893352508544922,2093900,23.035423481978352,22.83543796750938,28.036534370915327,25.03499161035188,22.900802183697326,2.27,91.0,0.76,0.83
FE,2011-12-08,24.85481323982058,24.915381353766573,24.40330815459367,24.452863693237305,2196700,23.580376527330568,23.00767612045683,28.183671187559266,25.131567283677477,22.978562989222436,2.23,97.0,0.87,0.75
FE,2011-12-09,24.52995437059599,24.68963359275407,24.320719600196938,24.651090621948242,1854500,22.837693233079357,22.84748223168029,28.185106575173606,25.142743831594043,22.98901064434277,2.17,97.0,0.93,0.75
FE,2011-12-12,24.557480704630205,24.618048820294458,24.094963030979766,24.315210342407227,2058500,23.140239593739718,22.839034644007782,27.999451893216403,25.181889900315795,23.036870337420083,2.11,85.0,0.94,0.8
FE,2011-12-13,24.41982398171511,24.673108992206437,24.309702438513607,24.496912002563477,2442600,23.073498413516713,22.780304198231278,28.01574709622757,25.18749549896676,23.03584382038377,2.04,85.0,0.95,0.8
FE,2011-12-14,24.485900247623466,24.53545578389613,24.144516730885613,24.183059692382812,2418400,23.376319680077923,22.375271794079588,27.877240613194466,25.162637775543327,23.07103110845132,1.97,80.0,0.95,0.84
FE,2011-12-15,24.337243753428034,24.50793348230219,24.216107480987215,24.397811889648438,1990100,22.92188772239592,22.242569418321644,27.913107555456662,25.177992278783854,23.080780549206743,1.89,80.0,0.95,0.82
FE,2011-12-16,24.44736369245355,24.496919241712032,23.847191862738313,23.913265228271484,6010500,23.268495562882226,22.29232979261812,28.084427196620915,25.300418518683337,23.16909403460981,1.81,93.0,0.94,0.74
FE,2011-12-19,24.045411279481108,24.155534952545718,23.313092739405,23.390178680419922,3526900,23.989222614482436,22.529304962408624,28.290090752354686,25.442503708334947,23.27813366174444,1.73,97.0,0.86,0.65
FE,2011-12-20,23.665476683190043,23.924266889055225,23.588390775170662,23.880216598510742,2861600,24.85528794269271,22.931000270213904,28.473051764293235,25.520591747798765,23.361311345700138,1.63,99.0,0.85,0.59
FE,2011-12-21,23.957317117294473,24.463885265327637,23.929786719131034,24.397811889648438,2812000,25.630300451372705,23.344988508490502,28.670002383625278,25.59013052663856,23.44526386664248,1.51,100.0,0.85,0.51
FE,2011-12-22,24.50241629069491,24.50241629069491,24.293181585933826,24.38678741455078,1585200,24.365192941808676,23.304869501906996,28.55385998089045,25.585531858889272,23.442464759476298,1.38,98.0,0.88,0.57
FE,2011-12-23,24.50792273046436,24.656589335847286,24.414318997686493,24.436344146728516,1794600,24.37442820009808,23.138657003555224,28.55216143296933,25.584623413655134,23.437999672717584,1.23,97.0,0.92,0.57
FE,2011-12-27,24.45287166642739,24.75020499523876,24.43635384830498,24.684131622314453,1269300,24.117967986461654,23.11963134226371,27.369447924526934,25.571126949678742,23.454720858223364,1.13,59.0,1.14,0.42
FE,2011-12-28,24.70614458600081,24.777725269344824,24.61254085430262,24.64557647705078,1639100,23.656921329294033,22.28926044332404,27.37220030121181,25.565874605371285,23.454360004610827,0.99,59.0,1.4,0.42
FE,2011-12-29,24.684129269180822,24.86583155250969,24.662104113494156,24.849313735961914,1387800,23.209734461262816,22.343317674256575,25.945485848368566,25.489677071851208,23.464361289309593,0.92,10.0,0.69,-0.1
FE,2011-12-30,24.777731450302287,24.827286997220263,24.375781836605057,24.39229965209961,1676700,23.335224378509995,22.66287642394415,25.355509243298748,25.57342242408522,23.53505418108837,0.88,2.0,0.8,-0.16
FE,2012-01-03,24.596030681579247,24.63457575743747,23.412206821333108,23.57188606262207,5298900,24.693549926531613,23.715292264916677,25.545182174909215,25.899114791154066,23.74028411175605,0.85,2.0,-0.33,-0.12
FE,2012-01-04,23.549859640353347,23.549859640353347,23.10385967670279,23.230501174926758,4496500,24.813446947848178,23.720450179669765,24.308315133094798,25.945498733128304,23.783790106296085,0.88,1.0,-0.36,-0.77
FE,2012-01-05,23.208472011865158,23.269038025172897,23.07632320911654,23.158916473388672,3784800,24.39592004614073,23.199119366001554,24.235007748548863,25.923912298770603,23.78518244915587,0.92,1.0,-0.55,-0.75
FE,2012-01-06,23.219490954718363,23.28556643040702,23.120381942054834,23.24151611328125,2628600,23.78191607877764,23.146077469839327,23.60468327647264,25.90475557267769,23.785038412290824,0.98,1.0,-0.56,-0.81
FE,2012-01-09,23.302078158133746,23.406694483309483,23.153411527346638,23.346128463745117,5642400,23.102582276057944,23.15615403226901,23.602127156453083,25.908467325596753,23.787522982519217,1.04,1.0,-0.55,-0.8
FE,2012-01-10,23.39018577249238,23.494802138385296,23.263544245221482,23.335124969482422,2895500,23.09961794897357,22.407434108657586,23.528866729289575,25.901817501487677,23.78770321814661,1.09,1.0,-0.55,-0.79
FE,2012-01-11,23.224988451464533,23.29106179871555,23.125877380371094,23.125877380371094,2572900,22.54444119624384,22.32056078381447,23.319159510295144,25.852903869447815,23.801323575459982,1.15,1.0,-0.57,-0.75
FE,2012-01-12,23.21397872380298,23.285559417356612,23.081829912660442,23.236003875732422,2506200,22.318528807757918,22.329719837927172,23.281851220537238,25.85014535463957,23.799908160457925,1.21,1.0,-0.66,-0.73
FE,2012-01-13,23.147905734970728,23.224991667510242,23.021264260022367,23.219484329223633,3131300,20.57533579893355,22.297779498268063,23.228741107084755,25.84508352903721,23.799855674550415,1.27,1.0,-0.97,-0.7
FE,2012-01-17,23.395682773818518,23.489286517656215,23.07632437627658,23.12037467956543,3281900,20.487524919664,22.01141764369673,22.806653412532192,25.848438305462196,23.798247771989754,1.33,1.0,-0.97,-0.7
FE,2012-01-18,23.136895856597548,23.191956643278974,22.960698818695732,23.109365463256836,3108700,20.386228323112384,22.01073336338533,22.499983470182908,25.82637732768765,23.7958288606564,1.4,1.0,-0.99,-0.66
FE,2012-01-19,23.125889462422542,23.153419863124153,22.619323368121105,22.652359008789062,3743100,20.841424722185387,22.00286715168498,22.530608383028266,24.992299365337807,23.88418435836915,1.46,2.0,-0.82,-0.67
FE,2012-01-20,22.696400546666332,22.86709022521973,22.60279469998475,22.867090225219727,2494200,20.855929220842864,22.09732782601607,22.57141723991699,24.993922474077987,23.85774935096884,1.52,3.0,-0.78,-0.67
FE,2012-01-23,22.91664770939828,23.27454911164283,22.89462465575476,23.13138771057129,4056100,21.181836555511573,22.076411464297355,22.30629796696057,24.967923726433565,23.88015707526245,1.58,1.0,-0.82,-0.66
FE,2012-01-24,23.065323423763253,23.065323423763253,22.68539881839484,22.723941802978516,2932400,21.17666217074035,22.322390079178508,22.454241912605504,25.04030528426755,23.946634883991454,1.64,2.0,-0.8,-0.72
FE,2012-01-25,22.597294030337736,23.20847847493843,22.228380007737105,23.197465896606445,5385800,22.014152130183223,22.28553259714858,22.65331214770636,25.157830449798553,24.001294994376202,1.68,6.0,-0.87,-0.74
FE,2012-01-26,23.230495608094472,23.670990227322946,23.164422255383805,23.522323608398438,12737000,22.1943700041672,22.484033360768038,22.738497258149167,24.97107970272484,24.037555273461336,1.72,7.0,-0.91,-0.75
FE,2012-01-27,23.522331909013687,23.533344488423946,23.015763758315597,23.269046783447266,10993100,22.214453290191802,22.49978311572277,22.559362528663595,24.997647549316028,24.02552151009301,1.76,5.0,-0.92,-0.71
FE,2012-01-30,23.213974627663045,23.32409826744467,23.037777644185937,23.20846939086914,11144200,21.963197389649302,22.501597578130905,22.559494958990317,24.86259106758155,23.95237245704828,1.8,6.0,-0.92,-0.71
FE,2012-01-31,23.34061873859093,23.34061873859093,22.98822473147134,23.24701499938965,3583600,21.770813761599754,22.176088721951956,22.453995758669002,24.700349527430152,23.937798960956165,1.84,2.0,-0.96,-0.69
FE,2012-02-01,23.241507085350513,23.51130992185683,23.197458885769553,23.4287166595459,3943700,21.208868733275864,22.08933057357992,22.422221132334354,24.138354898139422,23.900458514002157,1.88,2.0,-1.0,-0.68
FE,2012-02-02,24.089457491904724,24.849308396342327,23.96281602457079,24.199581146240234,9397600,22.276412151166788,23.115328423710636,22.530032943447026,24.282224280088688,24.017094898604068,1.91,6.0,-0.93,-0.59
FE,2012-02-03,24.45049794736969,24.45049794736969,23.959816720753793,24.27206802368164,3838400,21.499849298365707,23.111652093186834,22.459017736160618,24.221172150760033,24.01830436993798,1.94,5.0,-0.89,-0.57
FE,2012-02-06,24.19959152718963,24.24419796153919,24.010009395334105,24.115951538085938,2421500,20.64660522227553,23.084452375979694,22.455681323570406,24.232631969379423,23.996618752315566,1.97,5.0,-0.86,-0.57
FE,2012-02-07,24.054608044929882,24.16612728529292,23.90405738949767,24.110368728637695,2313500,20.646644107236085,22.390418488456483,22.361345213122398,24.232410677963127,23.987366337621456,2.0,2.0,-0.85,-0.55
FE,2012-02-08,24.11593001060813,24.205144926721385,23.697734692505097,23.94307518005371,2793500,20.719809831296587,22.430840419788094,22.24987432558529,24.15632790986882,23.99918952423937,2.02,1.0,-0.86,-0.52
FE,2012-02-09,23.976550517608043,23.976550517608043,23.641994849578925,23.792543411254883,1872100,20.523310881015327,22.210822812240565,22.154411576183033,24.13662995983899,24.008916838957354,2.05,1.0,-0.87,-0.5
FE,2012-02-10,23.725626647293776,23.82041874284075,23.530469578597828,23.781387329101562,2334000,20.52420016933413,21.979232689112557,22.088057143752405,24.13414967713421,23.993205412063688,2.07,1.0,-0.89,-0.47
FE,2012-02-13,23.898482807968655,24.121519165592794,23.87617853409045,23.99327278137207,2204200,20.55044956477955,21.745542330584954,21.79427643935452,24.14547357656885,23.963624564517104,2.1,1.0,-0.87,-0.43
FE,2012-02-14,23.915210902068797,24.071336571327322,23.837148067439536,24.06576156616211,1731600,19.904856467676076,21.503551258079998,21.669171658074724,24.147542715855153,23.88364329187246,2.13,1.0,-0.85,-0.38
FE,2012-02-15,24.0546121337856,24.10479569412665,23.764662910376536,23.84272575378418,1614900,17.38307442465756,21.193386040880878,21.51611394149489,24.162187730872677,23.89969699401734,2.15,1.0,-0.87,-0.33
FE,2012-02-16,23.90963317177575,24.41146653450371,23.90963317177575,24.27206802368164,2290000,17.49746494251359,21.428357910112624,21.584243856293124,24.196826006093378,23.870917297922325,2.18,2.0,-0.86,-0.34
FE,2012-02-17,24.450494690477,24.450494690477,24.09921202147527,24.188426971435547,1929400,17.50604362119137,21.15443112851329,21.575810444388736,24.189026818038933,23.87005942989036,2.22,2.0,-0.84,-0.34
FE,2012-02-21,24.199581146240234,24.361281794327247,24.121516197272957,24.199581146240234,2049300,17.496618200398647,20.745387841766203,21.560440797304775,24.188361789642716,23.846922350588283,2.25,2.0,-0.83,-0.33
FE,2012-02-22,24.2330401589758,24.53971650227688,24.18843373504883,24.394742965698242,2098600,17.581820255642857,20.370847362187643,21.573342335841872,24.187361952257326,23.846572245287177,2.28,3.0,-0.83,-0.33
FE,2012-02-23,24.428201321453756,24.690269134614606,24.372440628294996,24.534143447875977,2962600,17.613685146606578,20.393287643560654,21.48413890643966,24.19587078409101,23.84736025366687,2.31,1.0,-0.82,-0.3
FE,2012-02-24,24.589896849159764,24.72372035757977,24.528563290146955,24.573169708251953,4741400,17.320791539690333,20.04138137387048,21.412975855483616,24.196279590176342,23.84698856759924,2.34,1.0,-0.83,-0.26
FE,2012-02-27,24.534147762026958,24.62336275971583,24.383597054604483,24.43935775756836,2304000,17.433537786617528,19.955260585584632,20.90684152653866,24.18260192778537,23.82680187088984,2.37,1.0,-0.81,-0.23
FE,2012-02-28,24.42262072866553,24.51741283007978,24.060185846217912,24.428197860717773,2722500,17.430656813767172,19.10762388078397,20.907181829292597,24.135974563490585,23.66520291359646,2.41,2.0,-0.79,-0.23
FE,2012-02-29,24.31668610402333,24.851976085003752,24.31668610402333,24.695850372314453,4208900,17.53364024319854,19.212701972912264,20.956656606083918,24.15671270673726,23.607063468163144,2.44,3.0,-0.77,-0.25
FE,2012-03-01,24.757178869596025,24.818512433819183,24.522988241729408,24.723722457885742,2991500,17.51854127643969,19.120801638747302,20.93331709778949,24.048449433081988,23.594969125541347,2.48,3.0,-0.77,-0.24
FE,2012-03-02,24.757181902718816,24.8965804446777,24.617783360759933,24.801788330078125,1733200,16.20181738097929,19.06842768929921,20.830352931387296,23.95253729088588,23.586933999707018,2.51,1.0,-0.78,-0.2
FE,2012-03-05,24.907730360330916,24.980218197445275,24.734877530281285,24.930034637451172,1872900,16.101815953774437,19.005533178684235,20.51953643562926,23.9372806235588,23.587921345589194,2.55,1.0,-0.8,-0.14
FE,2012-03-06,24.746029668841413,24.952338914571428,24.573174711738844,24.930034637451172,2486800,15.911022863076512,18.990055651499357,20.458525645976923,23.921967059195374,23.58028039355527,2.59,1.0,-0.82,-0.1
FE,2012-03-07,24.879852377539436,24.974644496727358,24.628934564457346,24.896581649780273,2815700,14.763632980011588,18.624078709532494,20.453790808215082,23.897527924368966,23.576083963609612,2.63,1.0,-0.83,-0.1
FE,2012-03-08,24.96349101949171,24.96906602523779,24.718150352658327,24.79063606262207,2197600,13.92677515163507,18.57569281174524,19.932615471480624,23.90331160249533,23.387077351312353,2.68,1.0,-0.83,-0.07
FE,2012-03-09,24.801788234589115,24.957913920325023,24.68469397028718,24.930034637451172,1598400,13.523145898185227,18.383122360927963,19.85967786579321,23.895952387826906,23.371137219345382,2.72,1.0,-0.84,-0.03
FE,2012-03-12,24.868696437640963,25.17537489956687,24.824090014939838,25.158645629882812,1999200,13.117154647121238,18.41382413660332,19.889766224660395,23.859666876630296,23.38453624120217,2.76,2.0,-0.85,-0.04
FE,2012-03-13,25.14191544264806,25.186521859947494,24.851966285518102,25.08057975769043,1921500,13.13523638467129,18.21922110185073,19.88327821912247,23.851923971025094,23.38404676400418,2.8,2.0,-0.87,-0.04
FE,2012-03-14,25.125193922400502,25.141921066747994,24.723725441637118,24.80736541748047,2069600,13.70867879251876,18.288625041290864,19.788694894641758,23.884714128974917,23.22378793134833,2.84,1.0,-0.88,-0.02
FE,2012-03-15,24.768321990966797,24.82965766518335,24.595469229504246,24.768321990966797,1530100,13.643498716359892,17.79637070210666,19.79051666821528,23.87855169272619,23.15282681219116,2.88,2.0,-0.89,-0.03
FE,2012-03-16,24.75717632209469,24.8909977010603,24.65123209277341,24.81293487548828,2456700,10.12419763756994,17.15670226196276,19.59294414770334,23.84699755527023,23.15227625623411,2.92,1.0,-0.88,0.05
FE,2012-03-19,24.773904039533882,24.89099828061831,24.57874697105983,24.584321975708008,1978100,10.512298125282113,16.778880244846846,19.623923762003667,23.86812746368919,23.173993352637083,2.95,2.0,-0.88,0.03
FE,2012-03-20,24.506259974559917,24.7181463182274,24.41704500781349,24.645658493041992,1512800,10.32161430265292,16.20756692409695,19.48952312963794,23.836319082882355,23.165563695321044,2.99,1.0,-0.88,0.1
FE,2012-03-21,24.72929384080275,24.72929384080275,24.556441056582937,24.606624603271484,1321800,10.339944105843916,16.211082688193713,19.4667909538526,23.792116782916313,23.166896425259853,3.02,1.0,-0.89,0.12
FE,2012-03-22,24.539715734332805,24.91887989758406,24.539715734332805,24.87984848022461,2772400,10.499204476018733,16.360267073988815,19.244310307957004,23.825676742521054,23.186058075607548,3.05,1.0,-0.89,0.17
FE,2012-03-23,24.918880547448317,25.06385621032373,24.891001266757748,24.935609817504883,3695500,10.25186791403631,16.238287075187927,19.233002391484003,23.793842116006083,23.18194806305445,3.08,1.0,-0.9,0.18
FE,2012-03-26,25.041552670630217,25.19767834872636,24.918881279524484,25.125192642211914,2485100,10.377518985986555,16.304495720419595,19.201094641628735,23.80962608409705,23.190301290254865,3.11,1.0,-0.91,0.21
FE,2012-03-27,25.147496775098126,25.34265601516744,25.03597964026195,25.259016036987305,3156400,10.21783811884051,16.254876929683252,19.217772079762675,23.767543672993767,23.1765787002685,3.14,2.0,-0.93,0.2
FE,2012-03-28,25.292469152091634,25.403988399423536,25.008094965042655,25.158645629882812,3035400,10.340858612419268,15.801582257579872,19.027465994732882,23.76725532177008,23.17783285864674,3.17,1.0,-0.93,0.27
FE,2012-03-29,25.03597535039157,25.978308591429325,24.75160117494853,25.359378814697266,3733300,9.97923113637517,14.116323773670844,18.97583050959122,23.77875351180052,23.124159265430265,3.2,1.0,-0.92,0.29
FE,2012-03-30,25.426282706110328,25.53780191905114,25.320340623695195,25.42070770263672,2643100,8.788474077064306,13.727860811411595,18.958507349661435,23.758548430355194,23.12386679492307,3.23,1.0,-0.91,0.31
FE,2012-04-02,25.247854527425453,25.593564323678024,25.236702392670317,25.537803649902344,2396500,8.700224753894227,13.708465516565516,18.964199620368763,23.761173928519455,23.124300572037644,3.25,2.0,-0.88,0.31
FE,2012-04-03,25.57683679219002,25.621445334235126,25.342648327610267,25.532230377197266,2034500,8.71159391135696,13.707607928436902,18.930578438817065,23.732695358920374,23.11965073892497,3.27,1.0,-0.86,0.32
FE,2012-04-04,25.498770385300702,25.889086565103916,25.46531398347115,25.682777404785156,3245900,8.599077048486691,13.723198379180465,18.41700299863363,23.73552875691069,23.10178584080592,3.3,1.0,-0.83,0.39
FE,2012-04-05,25.582419180089666,25.67163415545922,25.476474934489527,25.627025604248047,3366800,8.584861862707855,13.738538374347128,18.4215720698116,23.721874265868912,23.068922923740985,3.33,2.0,-0.82,0.38
FE,2012-04-09,25.40398645861596,25.537807843548407,25.342650770916688,25.426288604736328,2933700,8.998993817310383,13.702913332148055,18.30640313809696,23.562436566307206,23.08217692303394,3.35,1.0,-0.83,0.43
FE,2012-04-10,25.39841746237814,25.39841746237814,24.89100678395011,25.04713249206543,3182800,9.981585251777206,14.101016843039831,18.280772510355636,23.627470506030672,23.137146030216847,3.37,1.0,-0.85,0.44
FE,2012-04-11,25.23113258547078,25.24785972752253,25.035975504691514,25.102886199951172,3112900,9.98204914904575,14.096400363844596,18.071530437524366,23.488880870558813,23.11123848435267,3.39,1.0,-0.85,0.54
FE,2012-04-12,25.097312354712752,25.208831612785485,24.91888239261755,25.203256607055664,2243900,9.573828367106753,14.05846336758145,17.88378681677642,23.49323567897542,23.106591177595188,3.41,1.0,-0.87,0.65
FE,2012-04-13,25.19768332163353,25.370538304391633,25.035982606144035,25.058284759521484,1949500,9.752649585295986,14.13089143626976,17.61233027208265,23.49622178559658,23.043319808818488,3.43,1.0,-0.9,0.77
FE,2012-04-16,25.27016916477492,25.470903418620143,25.047130632268434,25.325927734375,5386500,10.164415624329063,13.537693745723821,17.630638847957886,23.52006281514447,23.044727413424575,3.45,2.0,-0.93,0.76
FE,2012-04-17,25.454165829817146,25.54895578465748,25.15306457258512,25.537803649902344,2086700,10.325772313593976,13.5131841619231,17.456448434136817,23.52892638503429,23.047034961620145,3.46,1.0,-0.94,0.87
FE,2012-04-18,25.437445807134665,25.64375718449187,25.337078684921156,25.5155086517334,1799200,10.334772483831166,13.37288338045964,17.150983384453113,23.525291517021785,23.0329708548169,3.47,1.0,-0.92,1.03
FE,2012-04-19,25.498782703420183,25.498782703420183,25.203258455844207,25.325927734375,2474400,10.59235060414894,12.892015214723562,16.88826085694728,23.463837705817905,23.028281122856438,3.49,1.0,-0.88,1.16
FE,2012-04-20,25.320355153702078,25.649335850783388,25.30362800663036,25.509937286376953,2468100,10.660624961519542,12.337481377193912,16.917202612245134,23.475715213563834,23.02064322578617,3.5,2.0,-0.84,1.14
FE,2012-04-23,25.54895998013487,25.643752077593536,25.31477149297681,25.426288604736328,2601400,10.63477626057657,12.104921172822786,16.678114119889873,22.662646978816717,23.024088073579023,3.51,1.0,-0.82,1.27
FE,2012-04-24,25.41514485076876,25.666060541039464,25.41514485076876,25.610301971435547,2490200,10.515919561453241,11.895963035115042,16.623379756633312,22.675623324627278,23.026913315785606,3.51,1.0,-0.81,1.32
FE,2012-04-25,25.705084741758487,25.90581893920898,25.560111225295625,25.905818939208984,2972400,10.911671615987677,12.032575550499097,16.130934270705076,21.759816733106852,22.993538296750753,3.52,1.0,-0.81,1.33
FE,2012-04-26,25.827763994561472,26.140017522223022,25.788732569485422,26.067529678344727,9360900,10.388862890060876,12.066070151061762,16.14111349404982,21.24475610552784,22.994439295384307,3.52,2.0,-0.79,1.32
FE,2012-04-27,26.15116034112025,26.273829578900877,26.022911844948084,26.212493896484375,9012300,10.40165794926297,12.028141218123928,16.08665345653225,20.96533628305242,22.995424188910167,3.52,1.0,-0.75,1.39
FE,2012-04-30,26.128862122487895,26.212499968478195,26.050799282075804,26.106557846069336,7866100,10.543211865002782,10.270940594329597,16.06562204056351,20.077608836897035,22.998795775237046,3.51,1.0,-0.76,1.39
FE,2012-05-01,26.067530818230438,26.496878639894735,25.99504297118238,26.42439079284668,2851800,10.432151852477418,10.50341218108788,16.11240650880415,20.06410225648275,23.00698239509768,3.5,3.0,-0.7,1.36
FE,2012-05-02,26.407658013471497,26.49687298809595,26.234803069551027,26.296138763427734,2607600,10.642685891097717,10.457557759824796,16.12795362027199,19.667202979010206,22.26736896582203,3.49,4.0,-0.7,1.33
FE,2012-05-03,26.228435477489196,26.42025461585284,26.115600310424966,26.40332794189453,3514800,10.59580394957803,10.465279804735006,15.864565747015599,19.659916205518655,22.253816639159314,3.47,1.0,-0.69,1.53
FE,2012-05-04,26.403334022595406,26.60079614847138,26.31870924192196,26.499244689941406,3073500,10.2803858436917,10.322962287992796,15.828094960096276,19.61982090930319,22.202523158868413,3.45,1.0,-0.69,1.57
FE,2012-05-07,26.42590073262775,26.612076966483794,26.37512500482115,26.504884719848633,2815700,10.29480127821726,10.19287473846119,15.658119890361677,19.43998344062851,22.1898003478347,3.43,1.0,-0.69,1.74
FE,2012-05-08,26.397692891922976,26.578228337620637,26.296141434699006,26.53873634338379,2960100,10.161261983973748,10.182556125227517,15.622688663877856,19.402840514635862,22.18977542293786,3.4,1.0,-0.71,1.77
FE,2012-05-09,26.43153211987304,26.724902648141494,26.335623641556236,26.578218460083008,2922500,10.107511628578301,10.076339748777034,15.46782030974494,19.362750596639064,22.002059885287263,3.38,1.0,-0.72,1.95
FE,2012-05-10,26.702350242292923,26.933661442405775,26.629007036749087,26.85467529296875,3730800,10.26003088737716,10.227964329142761,15.489236513958431,19.12373150932917,22.016767807138287,3.35,2.0,-0.7,1.93
FE,2012-05-11,26.832101110645134,27.074695966257654,26.78696618301871,26.97314453125,2435300,10.137425454459233,9.973032316918387,15.126776260273378,18.941948513133294,21.914905679786674,3.32,1.0,-0.66,2.2
FE,2012-05-14,26.854669268944793,27.069055893592026,26.837744745366756,27.029563903808594,2880900,10.136862462773532,9.41457399102928,14.657625517276179,18.803228384334748,21.77696408342772,3.28,1.0,-0.61,2.51
FE,2012-05-15,27.00134773656787,27.063407174375207,26.899796320547026,27.006988525390625,2832700,10.14035175354576,9.367463587980865,14.331444922308027,18.792797385255035,21.32121525158397,3.24,1.0,-0.61,2.79
FE,2012-05-16,27.02392024875383,27.05212850244444,26.87159309624235,26.97314453125,3715500,10.163253693191368,9.384800677052276,13.964842252499412,18.584583953591384,21.195720139573027,3.2,1.0,-0.64,3.09
FE,2012-05-17,27.001352069673278,27.029560322616653,26.84338413146898,26.916725158691406,2571100,10.149920829505268,9.32723896042381,13.97162888011309,18.5761398915695,21.142174710854977,3.15,2.0,-0.68,3.07
FE,2012-05-18,26.95057616542795,27.040843865507824,26.877232986565634,26.967500686645508,4275900,10.08802971105609,9.28903093508964,13.971371596614729,18.549772324844866,21.141711489757782,3.09,2.0,-0.73,3.07
FE,2012-05-21,27.080328215954268,27.080328215954268,26.832092648749093,26.905433654785156,3099800,9.75317185003793,9.323003887350767,13.904176767277146,18.5293612565966,21.14308319950765,3.06,1.0,-0.78,3.16
FE,2012-05-22,26.93929720121984,27.176249148804885,26.877237742904107,26.911088943481445,3673900,8.357664711166175,9.213680529126869,13.899153460481047,18.35054041362493,21.06551095568866,3.02,1.0,-0.82,3.17
FE,2012-05-23,26.329978764816143,26.662841248175194,26.234070293549777,26.380754470825195,4000000,10.565434692586809,10.207930807593645,14.233880777509356,18.508988198347566,21.140573985583618,3.01,6.0,-0.87,2.84
FE,2012-05-24,26.408976948241097,26.74183958383253,26.35820121901012,26.612077713012695,4094400,10.744278126366822,10.130119198868911,13.955358062354314,18.46950436567403,21.155516667798327,3.0,3.0,-0.92,3.14
FE,2012-05-25,26.533096727527486,26.724915931655552,26.386412466560163,26.43154525756836,3770000,10.811943828412977,10.263695081197225,12.83472634323749,18.451211957388356,21.157187357101172,3.01,1.0,-0.93,1.94
FE,2012-05-29,26.510523225112326,26.53873147980449,26.3130611379634,26.408971786499023,2991900,10.503307404217622,10.262540811925431,12.588992556007941,18.112249501673293,21.157358404840224,3.05,1.0,-0.94,2.16
FE,2012-05-30,26.250990252413594,26.420244011149833,26.13251434301898,26.149438858032227,2832000,10.780553343072118,10.465781681251684,12.694666775074712,18.106401673457576,21.174604405867413,3.08,2.0,-0.92,2.04
FE,2012-05-31,26.20587634205671,26.521812327661046,26.14945766451844,26.397695541381836,2504500,11.05389140944793,10.613201900664384,12.756632122470506,18.118991434117294,21.144978539645948,3.11,3.0,-0.92,1.95
FE,2012-06-01,26.245358517890068,26.420253124575378,26.194582803184765,26.239715576171875,2250000,10.963292642027326,10.69888063785835,12.79795494807034,18.075333553873847,21.144506671971083,3.13,4.0,-0.9,1.9
FE,2012-06-04,26.318703180710216,26.448462869580947,26.18894133968768,26.40332794189453,1787600,10.918070389712112,10.699409917747337,12.820153277412699,17.99980944157226,21.15159559017755,3.16,5.0,-0.89,1.86
FE,2012-06-05,26.346917441321956,26.691063810862122,26.284857977679987,26.561304092407227,2049400,10.920933272628421,10.706173265373362,12.73570573390861,17.94000827153613,21.142292633378705,3.18,3.0,-0.87,1.95
FE,2012-06-06,26.606433510395902,26.956220626831055,26.476673808365963,26.956220626831055,5200000,11.471763247547228,10.946959126569428,12.901046754309304,17.967823820560653,21.19015805034429,3.2,8.0,-0.86,1.76
FE,2012-06-07,27.108545392267988,27.119829124333783,26.606431152175205,26.871593475341797,6429700,11.168743376885505,10.947569720759564,12.917362618829658,17.755294319579967,21.19327932801926,3.22,9.0,-0.84,1.74
FE,2012-06-08,26.80389591371503,27.006998823200163,26.696703667998865,27.001358032226562,1873300,11.121367171647645,10.676631921633662,12.895186425304757,17.66394038415128,21.17994644961671,3.24,8.0,-0.82,1.76
FE,2012-06-11,27.085980328860998,27.249591230088676,26.9392961033082,26.956220626831055,1480500,11.071427872528396,10.67782159528377,12.901375444265803,17.517461231298924,21.141100512602616,3.25,10.0,-0.81,1.76
FE,2012-06-12,26.944925627928,27.035193302561805,26.679765544276215,26.905433654785156,1217300,11.004373169415736,10.698781949484887,12.445059639081606,17.443941782297497,21.132110586483105,3.28,1.0,-0.87,1.88
FE,2012-06-13,26.894154574548256,26.933648706667988,26.674127214110523,26.775678634643555,1656200,10.60796591598559,10.548890919386483,12.426047266305815,17.447605205734682,21.05280259565859,3.3,1.0,-0.91,1.93
FE,2012-06-14,26.79825095657264,27.14803805066643,26.71362404005955,27.1029052734375,1785000,11.006977506565205,10.773851969735126,12.43978225993355,17.488609046784838,21.002716705361042,3.32,2.0,-0.92,1.92
FE,2012-06-15,27.164959986408356,27.356779098510742,27.09725760414762,27.356779098510742,2931800,11.236954570282288,10.868330796954272,12.105752500828295,17.497973852179843,21.003935454840168,3.34,1.0,-1.02,1.99
FE,2012-06-18,27.328569578174402,27.616299331686555,27.30600426884433,27.537315368652344,2059800,11.32494466251562,10.743357343911283,11.751599340601054,17.445202699902403,21.000868182961195,3.36,1.0,-1.03,2.23
FE,2012-06-19,27.571170643186814,27.904033242778436,27.55988690989448,27.757349014282227,2662400,11.482874318880384,10.819486395981706,11.631842688838208,17.41118424713584,20.994657381548045,3.38,1.0,-0.98,2.39
FE,2012-06-20,27.712215952695907,27.779918357022286,27.33422054655857,27.37371253967285,2880600,12.326463116871377,11.217645811388955,11.726255374172334,17.12898750228387,21.04487450236611,3.4,2.0,-1.02,2.34
FE,2012-06-21,27.509113708876015,27.582456905926087,27.148042819017615,27.159326553344727,3196900,12.591517534418237,11.347024817062062,11.803956834326597,17.15948187511675,21.04803041817779,3.41,4.0,-1.09,2.24
FE,2012-06-22,27.30037178128473,27.311655516346338,27.136760851120034,27.14804458618164,2395200,12.258447974845648,11.300792320987922,11.808160639665369,17.146152793243875,20.999112538258295,3.42,5.0,-1.17,2.24
FE,2012-06-25,27.023925500425406,27.069058284670866,26.832106325039693,27.001358032226562,1873100,12.307531154765067,11.295357228590888,11.816734004537128,17.14735613763171,20.998006557776435,3.42,6.0,-1.23,2.25
FE,2012-06-26,27.05776709104238,27.085975342438115,26.837739717143357,26.95057487487793,1656500,12.303749166264723,11.30743205048559,10.734307804501457,17.080790528668704,20.995593019675162,3.44,1.0,-1.24,0.17
FE,2012-06-27,27.03520250415749,27.39627547773721,27.03520250415749,27.317289352416992,1278100,12.916690436969036,11.574061645370175,10.910642809218988,16.938225265427437,21.030135897720818,3.45,2.0,-1.23,0.09
FE,2012-06-28,27.210095652107732,27.38499026333713,27.080335967189825,27.351139068603516,1751000,12.909476433775533,11.570702867893672,10.841746124796927,16.89379279090686,21.005631485085264,3.46,2.0,-1.23,0.16
FE,2012-06-29,27.627584614163364,27.80247707009028,27.571165957290404,27.75170135498047,1901600,13.509244055764274,11.854601041681862,11.041765874643565,16.97088666754864,21.04829354974653,3.47,4.0,-1.2,0.09
FE,2012-07-02,27.881465974117685,28.169195794734563,27.79119825929029,28.152271270751953,2242700,14.049411848694426,12.127959063703118,11.147827480564583,16.679744971331605,21.068321463296332,3.47,5.0,-1.12,0.1
FE,2012-07-03,28.152276575758915,28.152276575758915,27.949173641086595,28.118425369262695,1049100,14.027564088439318,11.982698248810262,11.084716891805261,16.626959023238474,21.029876991498597,3.47,5.0,-1.09,0.16
FE,2012-07-05,27.96608900961772,28.09584869712936,27.757345351633933,27.88146209716797,1705200,14.317480839928889,11.66328149831365,11.19607384683275,16.649271767506907,21.049280647097568,3.47,7.0,-1.11,0.07
FE,2012-07-06,27.706569340256706,27.830688236623967,27.58245044388945,27.746061325073242,1696100,12.995562676872972,11.742221438576012,11.181097203403652,16.65473453988825,21.031621903422028,3.46,7.0,-1.13,0.06
FE,2012-07-09,27.74040774275056,27.881451106467168,27.46960474267278,27.616291046142578,1431200,12.944962321703644,11.803461191075025,11.220499951041047,16.557780944732624,21.037969264956462,3.46,9.0,-1.15,0.02
FE,2012-07-10,27.6952764573562,27.80246864470326,27.53730857028663,27.582441329956055,1755800,12.743184560245002,11.720008542275188,11.097212061968733,16.559107488041185,20.997093357614954,3.46,6.0,-1.21,0.1
FE,2012-07-11,27.368070499285164,27.757351804469266,27.368070499285164,27.627592086791992,2060700,12.724976248791597,11.568169328965142,10.781654727043323,16.436431275801542,20.992039698252345,3.45,2.0,-1.22,0.11
FE,2012-07-12,27.56553446178918,27.802486444092217,27.520399521072928,27.689653396606445,1420000,12.25945004678989,11.480441334637394,10.755705159036236,16.418283992020122,20.987769124060005,3.45,2.0,-1.24,0.15
FE,2012-07-13,27.69528319360308,27.92095350329253,27.65014827080456,27.836326599121094,1682100,12.095121907672258,11.498869479990862,10.77276479396279,16.32740293294924,20.974671598378304,3.44,3.0,-1.26,0.14
FE,2012-07-16,27.79119127082511,28.039429038291814,27.706566520039992,27.999937057495117,1595800,11.920189801379076,11.381492734530143,10.7442075607988,16.31877954912646,20.978795595674175,3.43,2.0,-1.26,0.16
FE,2012-07-17,28.033777179020298,28.07326914725406,27.72348222054753,27.920944213867188,1462300,11.94114353132498,11.358123617836055,10.74217319524375,16.137120549992794,20.95774542194084,3.41,2.0,-1.26,0.14
FE,2012-07-18,27.853257491226554,28.09585237638933,27.678365005750177,28.067644119262695,2485300,11.921331759638823,11.33892961975837,10.76035587567502,16.133948650317663,20.958476196403737,3.39,5.0,-1.25,0.13
FE,2012-07-19,28.118406295496538,28.394852247310787,28.039422352735617,28.355358123779297,2349600,11.559655696216232,11.417796677184796,10.795902148677726,16.122587221802053,20.967729002158162,3.38,8.0,-1.22,0.14
FE,2012-07-20,28.293314117490734,28.57540098944118,28.21997092818105,28.417430877685547,6116300,11.468954523935288,11.235347776022978,10.791947110166152,16.123235104649027,20.82658129196476,3.37,8.0,-1.2,0.15
FE,2012-07-23,28.27638803354457,28.389223215116836,28.056360613162298,28.152271270751953,5339400,11.881596033104524,11.41115684558592,10.82298524017007,16.04351250902995,20.84602862017223,3.35,10.0,-1.19,0.1
FE,2012-07-24,28.01686050233175,28.112771132123704,27.746057436336187,27.870176315307617,2479700,12.311325401432066,11.609041743569309,10.972747154406054,16.038150034460983,20.76450288324929,3.32,13.0,-1.2,-0.01
FE,2012-07-25,27.875825777904964,27.960452703926688,27.526038644509292,27.55424690246582,1940400,12.8112988094777,11.841621942176522,11.148550462970544,16.084783211346842,20.79875832686326,3.3,18.0,-1.2,-0.12
FE,2012-07-26,27.83633533564596,28.05636277296614,27.717859354343133,28.039438247680664,1406400,13.566836490647937,12.105850271167377,11.431160604340297,16.205369740875657,20.860757496897048,3.27,22.0,-1.19,-0.11
FE,2012-07-27,28.208678303824563,28.490765086862808,28.112769830624213,28.462556838989258,1671500,13.78227203293379,12.376006282180649,11.637359840366056,16.275904044193496,20.90245050684283,3.23,24.0,-1.16,-0.17
FE,2012-07-30,28.462549236171927,28.727709277936324,28.287654702630945,28.699501037597656,1721700,13.735341719956553,12.44611083272956,11.681533459096855,15.945319455621283,20.90690905850725,3.2,25.0,-1.1,-0.19
FE,2012-07-31,28.69386682097991,28.744642526076916,28.321512367652282,28.332796096801758,1923100,14.26784369812239,12.773849462154619,11.866254573200452,16.027471344743546,20.948188307006717,3.17,31.0,-1.09,-0.24
FE,2012-08-01,28.456912228215536,28.85183413172455,28.265093140919802,28.287660598754883,1739800,14.127983127319313,12.784665524373159,11.855328357234411,15.933453164532171,20.882982189618456,3.14,31.0,-1.08,-0.24
FE,2012-08-02,28.15790535084874,28.180472812215395,27.65014823085685,27.898386001586914,2747700,14.122567965085938,13.146056925123114,12.027443825307703,15.901001455912805,20.93158594939491,3.1,33.0,-1.07,-0.27
FE,2012-08-03,28.06955267023674,28.31487616672419,27.961152600037074,28.24641227722168,1588200,14.283333796115633,13.357708341062665,12.1428498166074,15.836239843611132,20.306347221887926,3.06,35.0,-1.06,-0.31
FE,2012-08-06,28.343391545189107,28.588714953789776,28.109478780751008,28.138004302978516,1524000,14.353718611881222,13.250399416749683,12.013671853241798,15.71162233750718,20.31183226612864,3.02,33.0,-1.05,-0.25
FE,2012-08-07,28.446097668140382,28.674304122613293,26.289535029851795,26.32376480102539,7975400,24.317183790252116,19.120770642483993,16.137910212386707,17.450179631721475,20.693698688400826,2.98,72.0,-1.02,17.38
FE,2012-08-08,26.169709276197256,26.631830508940773,25.992849756388324,26.181119918823242,6836800,24.352076902330243,19.140979738356556,16.165153661524716,17.432363259344775,20.30631441083691,2.93,74.0,-0.99,17.17
FE,2012-08-09,26.02137624915836,26.272403867257296,25.884450708876816,26.12977409362793,3143800,23.96236069815968,19.143139361908812,16.093993035941796,17.3135703487442,20.098779520665047,2.89,69.0,-0.99,17.6
FE,2012-08-10,26.10125126234452,26.175419361650505,25.958621474025694,26.158302307128906,3101200,23.96094705013926,19.145490776767087,16.091359173890016,17.146140702478665,19.428274128924304,2.85,69.0,-1.0,17.6
FE,2012-08-13,26.10125126234452,26.24388105066334,26.00426405093949,26.158302307128906,2081100,23.481707882434318,19.142906764101397,16.087858221498777,16.97659220027609,19.38723282572043,2.8,69.0,-1.02,17.63
FE,2012-08-14,26.07842893360582,26.403624663891883,26.03849276857825,26.312341690063477,3350900,23.09620998178451,19.181307251844075,16.023328176827107,16.98702594467712,19.08966639831501,2.76,67.0,-1.01,17.9
FE,2012-08-15,26.312354023755706,26.403637040372253,26.158313525148014,26.30094337463379,2047100,23.100327603869598,19.17724730205501,16.02181581083839,16.845751973764145,19.08216953575613,2.72,67.0,-1.0,17.87
FE,2012-08-16,26.352293383184804,26.397935985172804,26.203959279441907,26.232484817504883,1831300,23.025190039925256,19.18223899345309,15.989406588522751,16.801014367281194,19.051635192442255,2.68,67.0,-0.98,17.92
FE,2012-08-17,26.22676719737075,26.255292720877645,26.03849482478096,26.169713973999023,2026200,23.009872941464128,18.75370012068637,15.976327347155339,16.482364393233247,18.92488361554711,2.63,67.0,-0.95,17.9
FE,2012-08-20,26.078429505851787,26.27811251172909,26.078429505851787,26.238176345825195,1432300,23.031653216721292,18.67192322181261,15.96506462748922,16.475599320202498,18.900281290561498,2.59,67.0,-0.93,18.03
FE,2012-08-21,26.158308382252933,26.300938203696752,25.975742384913517,26.10125732421875,1708800,23.05364822003089,18.65102702721845,15.943969163758476,16.45156396387158,18.881567437266824,2.55,67.0,-0.91,17.99
FE,2012-08-22,26.095548356213737,26.186831338328165,25.947212150054057,26.04990577697754,1319900,23.03008685485494,18.65407281552787,15.944272671660457,16.431072710526358,18.67951986834622,2.51,68.0,-0.89,17.93
FE,2012-08-23,26.055604573623096,26.055604573623096,25.570664240410167,25.59918975830078,2420200,23.421882816971397,18.884674144525466,16.173649813312082,16.531143974078415,18.624681286576212,2.47,85.0,-0.89,16.62
FE,2012-08-24,25.576376951505726,25.730415221339655,25.473683320711075,25.5250301361084,3299000,23.30182102549658,18.78016061870769,16.180278926143068,16.52958137465181,18.531108402184206,2.43,86.0,-0.89,16.56
FE,2012-08-27,25.530737920559485,25.627725154041446,25.41092939342588,25.47939109802246,2215100,23.157239758194024,18.747833911787296,16.155094917706368,16.392120712989865,18.525420184279334,2.4,84.0,-0.9,16.59
FE,2012-08-28,25.422339457742396,25.490801160770296,25.222656407403434,25.30823516845703,2000900,23.180336060975286,18.737914828684595,16.186397268628987,16.386018356888815,18.381411754046802,2.36,88.0,-0.9,16.39
FE,2012-08-29,25.34816701095814,25.43374575738534,25.028675490835575,25.097139358520508,2775100,23.081404093597968,18.750326133716044,16.19283245578196,16.334484000686757,18.39198048858326,2.33,89.0,-0.88,16.36
FE,2012-08-30,25.085730801903907,25.102845682070722,24.954511642456055,24.954511642456055,2572300,22.704650177290993,18.48537772000908,16.041462445184624,16.32617192755861,18.379725804582893,2.3,74.0,-0.87,17.16
FE,2012-08-31,25.00014234978762,25.062899787863945,24.90885939704676,24.93168067932129,2164800,22.645852522522702,18.48145050316412,16.037941648105317,16.253275110170748,18.36502211369736,2.27,74.0,-0.85,17.14
FE,2012-09-04,24.95450798847279,25.04008455313437,24.811878204345703,24.811878204345703,2323700,22.59666076974135,18.451826288961673,16.042144944468994,16.23101091873037,18.24947072148945,2.24,76.0,-0.8,17.02
FE,2012-09-05,24.81188298687751,24.880344687074437,24.32123608669007,24.40681266784668,3771600,22.815479009916796,18.70792942909804,16.22607962331736,16.173569805709494,18.323607742441503,2.22,93.0,-0.66,16.08
FE,2012-09-06,24.532323334631595,24.77194033185298,24.509502046413033,24.732004165649414,2565500,23.27349176396603,18.95503795271259,16.275905934025804,16.029764781459644,18.32055116752977,2.2,94.0,-0.62,15.89
FE,2012-09-07,24.737717522556366,24.794768582765617,24.51521534083847,24.600791931152344,2045500,22.402645649374126,18.95904879738344,16.237188652434174,15.857921906805602,18.29790593092186,2.19,94.0,-0.57,15.92
FE,2012-09-10,24.669254341026644,24.669254341026644,24.412520232708196,24.4410457611084,1785100,21.643618019833344,18.773850800639295,16.266276433954417,15.673761965586555,18.074337427979327,2.17,95.0,-0.5,15.73
FE,2012-09-11,24.452452420328903,24.452452420328903,24.298411980456894,24.3554630279541,1837500,21.277425628792727,18.635034679245088,16.234893086195957,15.679198843397113,18.040044718377146,2.16,94.0,-0.42,15.91
FE,2012-09-12,24.338346342780092,24.355461220487534,23.99032932034346,24.31552505493164,2456700,21.18713009687958,18.55057234412401,16.189797665195353,15.678500685330587,18.02625930228048,2.15,92.0,-0.37,16.03
FE,2012-09-13,24.275592011732396,24.954511266221655,24.25277072094864,24.94880485534668,3634000,22.9813776500342,19.30216330023897,16.70794754998634,15.927391364365814,18.161814494211193,2.16,100.0,-0.39,14.42
FE,2012-09-14,24.943105625644236,24.983041804349934,24.515216131204458,24.692075729370117,5165400,22.87522797343681,19.219879880984287,16.742382706932847,15.973798178912846,18.12623462008591,2.16,100.0,-0.41,14.13
FE,2012-09-17,24.697782141390082,24.880348151575706,24.623614019640137,24.692075729370117,2139300,22.376470970715793,19.18002638598583,16.634605031655774,15.943812895102441,18.07233434217508,2.16,98.0,-0.46,14.46
FE,2012-09-18,24.69207102868519,24.771943370891112,24.5437369897825,24.703481674194336,1780100,22.421908135518205,19.183158169351362,16.6006213884732,15.790750525424604,18.0382161470056,2.17,97.0,-0.52,14.55
FE,2012-09-19,24.86322770810602,24.90316387788085,24.629312747484825,24.84040641784668,2125000,12.599031894442362,19.22056020019049,16.60045121635155,15.267510376732801,17.886231542071005,2.18,96.0,-0.59,14.55
FE,2012-09-20,24.720603602389854,25.274005872316174,24.720603602389854,25.21124839782715,2831600,13.448741738720601,19.50493902506709,16.768213420138075,15.260516047418058,17.881434323457704,2.18,100.0,-0.64,14.07
FE,2012-09-21,25.24548034110076,25.24548034110076,24.891758966040864,25.21124839782715,3501100,13.45183640929335,19.267255789115925,16.649124697186863,15.254802807992657,17.781570735991288,2.19,97.0,-0.71,14.43
FE,2012-09-24,25.20553786254308,25.41662935240958,25.10284423474684,25.331052780151367,2092200,13.546934150844553,19.300593724432026,16.65440579801896,15.258806468842423,17.731005294773627,2.2,97.0,-0.76,14.49
FE,2012-09-25,25.388108275232394,25.53644233227652,25.274003982543945,25.274003982543945,1844100,13.547202715265282,19.017525033462913,16.64172092016032,15.254706832026315,17.726191905695924,2.21,95.0,-0.81,14.49
FE,2012-09-26,25.30823087479666,25.52502877002224,25.285409585539664,25.34246063232422,1419000,13.435285654374646,18.750003922658923,16.63663707284673,15.256662269137152,17.71977183674406,2.22,94.0,-0.86,14.5
FE,2012-09-27,25.35387114190724,25.376692431042677,25.137075424194336,25.137075424194336,1739700,13.579268883326549,18.795126694108678,16.680964672183187,15.249407743869773,17.726017626766634,2.23,97.0,-0.92,14.25
FE,2012-09-28,25.13708154694753,25.234068784859886,24.98874530779417,25.159900665283203,1648100,13.592771861790768,18.752749550184973,16.68005099709126,15.240973431929513,17.675080275610533,2.24,96.0,-0.97,14.25
FE,2012-10-01,25.256883927618507,25.336756263234623,25.080022201355742,25.137075424194336,2191400,13.59006115165095,18.741840150989326,16.676999848243074,15.241200368681653,17.639926796267293,2.25,95.0,-1.02,14.24
FE,2012-10-02,25.268299747270788,25.302529511626467,25.0971443964173,25.274003982543945,1446400,13.685602136729283,18.786387077581885,16.613314903925048,15.242183972590793,17.397517891056157,2.26,89.0,-1.07,14.45
FE,2012-10-03,25.274004578013635,25.513623815940775,25.245479048259035,25.507917404174805,1583300,13.957812010341472,18.91371843879595,16.667695043123302,15.276566552598538,17.42058172092514,2.28,94.0,-1.1,14.28
FE,2012-10-04,25.553549364947305,25.707589773185617,25.513613204628946,25.59918975830078,1931000,14.008615853754018,18.930722856671814,16.675348772078237,15.084077117891843,17.41537734010991,2.29,94.0,-1.12,14.26
FE,2012-10-05,25.650543423548594,25.673364714509656,25.519324265059627,25.57067108154297,1955800,13.067415998563236,18.91659707701841,16.675531978483704,15.049478801102758,17.404317413980525,2.31,94.0,-1.14,14.25
FE,2012-10-08,25.51932461122551,25.650543771494448,25.393809685595173,25.513620376586914,1548800,13.056129555106551,18.86707190024915,16.677314952478252,14.997435592170977,17.354391924007675,2.33,95.0,-1.16,14.24
FE,2012-10-09,25.507918086597964,25.679073446062954,25.39381378816848,25.639137268066406,1494700,13.121145479022456,18.85230300087472,16.69790658691678,14.846816229753628,17.206927165877666,2.34,97.0,-1.17,14.21
FE,2012-10-10,25.65054669226554,25.673367986134778,25.428044517936375,25.462276458740234,1734600,13.129618730545998,18.88356956862383,16.724578990386153,14.682475589237995,17.192879457266116,2.36,98.0,-1.19,14.03
FE,2012-10-11,25.576384031473978,25.99286290438143,25.376700949049653,25.7874755859375,2097800,13.35140133968368,19.058691279902018,16.853999794654868,14.667562339761849,17.235595631724372,2.38,100.0,-1.2,13.66
FE,2012-10-12,25.850223530466693,25.918685219246665,25.513617144124872,25.62201499938965,1114900,13.384780298110515,18.930325800175954,16.88064060760422,14.628948017505863,17.00074763587449,2.4,100.0,-1.21,13.5
FE,2012-10-15,25.604895382593757,25.736114501953125,25.34816137673523,25.736114501953125,1473100,13.41240106734257,18.95569279575559,16.60819428452493,14.631414284715177,16.963397263789624,2.41,80.0,-1.22,14.71
FE,2012-10-16,25.5079168090037,25.93580627441406,25.5079168090037,25.935806274414062,1767100,13.427721600660725,18.982133380721205,16.595173820962973,14.655358474860966,16.971588078598977,2.42,77.0,-1.23,14.75
FE,2012-10-17,25.95863294845276,26.203956466909478,25.83882439563217,26.118377685546875,1503100,12.38608117067584,18.97045270424472,16.601366618824986,14.650325199094683,16.977792876157505,2.43,79.0,-1.23,14.85
FE,2012-10-18,26.118364027374202,26.403623580932617,26.038491700595074,26.403623580932617,1366000,12.22129360452847,19.001866070455232,16.692099434506858,14.208044968166114,16.93039105181462,2.44,93.0,-1.23,14.58
FE,2012-10-19,26.466397711795754,26.557680739412703,26.12408690232196,26.232484817504883,2318300,12.289013238219319,18.65474712051577,16.649842209724273,14.228854707529159,16.944010801400164,2.45,84.0,-1.23,14.78
FE,2012-10-22,26.16400997949566,26.27811425092634,25.964326960402484,26.152599334716797,2297200,12.116780387508145,18.35414441790658,16.588000798765425,14.211362796494544,16.85758182280825,2.46,73.0,-1.23,14.93
FE,2012-10-23,25.975740432739258,26.08414048175924,25.901574498140338,25.975740432739258,1442900,12.28830008618905,18.273673806677778,16.595564471577866,14.236925544486326,16.86019602117136,2.47,74.0,-1.23,14.89
FE,2012-10-24,25.97574422948019,26.07273364665566,25.878756988663234,25.912986755371094,1671300,12.311176313890169,18.125075414421435,16.568486574835635,14.213912231911843,16.79696855280877,2.47,71.0,-1.24,14.93
FE,2012-10-25,26.07272207841269,26.181119918823242,25.97002847113635,26.181119918823242,6088900,10.407932154600378,18.285145246053673,16.623566015551667,14.23869139511671,16.815179255583697,2.48,79.0,-1.24,14.74
FE,2012-10-26,26.215359024330258,26.26670584202692,26.009971753543617,26.032793045043945,6228500,10.023373233966256,18.121181666816124,16.473122842648984,14.25719308179802,16.690412531711704,2.49,69.0,-1.23,15.16
FE,2012-10-31,26.089845012483963,26.454976983862842,26.02708754683605,26.08414077758789,2764200,10.009525023463826,17.912937887078023,16.47103659822617,14.22351662394125,16.68437254288067,2.49,68.0,-1.23,15.22
FE,2012-11-01,26.038493718701083,26.106955407481056,25.599193711010376,25.62201499938965,2638500,11.523489332907069,18.225224336491078,16.684221413554507,14.384634802879917,16.75148915364174,2.5,92.0,-1.22,14.19
FE,2012-11-02,25.78176079629692,25.810288496201355,25.33675653516932,25.36528205871582,2420700,11.89717405693754,12.329927298433551,16.752055888454443,14.392094146600726,16.782848305965466,2.5,97.0,-1.23,13.85
FE,2012-11-05,25.261303750626645,25.272857321264844,24.52766854223802,24.57965850830078,3349800,14.418012284018952,13.82709111138839,17.452761479351718,14.726544032819556,16.98604826174259,2.51,100.0,-1.24,11.7
FE,2012-11-06,24.608542450819574,25.018686514440656,24.57965962472134,24.955142974853516,2804800,15.146436696282347,14.218690272099083,17.6259239139334,14.828197050171038,17.01239947462009,2.52,100.0,-1.25,11.32
FE,2012-11-07,24.80493939305512,24.80493939305512,24.32547849062053,24.43523406982422,2492800,16.202673604242758,14.807215633521498,17.796902509127996,15.039335410993335,17.13327617124142,2.53,100.0,-1.24,10.63
FE,2012-11-08,24.493002756613905,25.08221925876696,24.493002756613905,24.78761100769043,3080800,16.809519731808432,15.141093487004131,17.888330864491248,15.104527087440504,17.19013411572473,2.54,100.0,-1.23,10.42
FE,2012-11-09,24.683635211245036,24.862712227282373,24.49300682969896,24.53921890258789,1920400,16.99491691898658,15.189141005702952,17.90437221659467,15.137291308478288,17.203689569420927,2.54,100.0,-1.21,10.26
FE,2012-11-12,24.510346339107677,24.53345348703143,24.111757953708043,24.192630767822266,1317000,17.30353856386333,15.422028201533317,17.963230266330903,15.229298216065711,17.037627778984643,2.55,100.0,-1.16,9.95
FE,2012-11-13,24.08286707808355,24.493011141624216,24.019325742127243,24.31970977783203,1610900,17.396337587853502,15.479361976741696,17.87995927460549,15.228767532181141,17.045881078506117,2.54,97.0,-1.14,10.31
FE,2012-11-14,24.33126314477689,24.394806683818242,23.822919239682793,23.86335563659668,2160200,18.14530605046143,15.896969417764328,18.070829326493346,15.39231405368859,17.078136488093538,2.55,100.0,-1.1,9.74
FE,2012-11-15,23.86334972586837,24.042424523955184,23.54563210935729,23.77669906616211,3161300,18.02406745159753,15.878870333404194,18.074082969983447,15.341714210694779,17.006017201120553,2.55,100.0,-1.06,9.71
FE,2012-11-16,23.805587704011998,24.013547575247497,23.62651286215126,23.898014068603516,2810100,17.839134964421348,15.920029924134152,18.090488685433236,15.35373558336034,16.921737499908257,2.54,100.0,-1.04,9.73
FE,2012-11-19,24.07131186996529,24.094419010715306,23.782479221444746,24.007770538330078,2232200,17.869786767515574,15.967796641603485,18.113564219619036,15.359046437862023,16.84772338733251,2.52,100.0,-1.03,9.71
FE,2012-11-20,24.030878136584697,24.04243170823912,23.736269772061526,23.938451766967773,1806300,17.868352767502465,15.615959304616858,17.961909861728643,15.349185567588844,16.730335856716188,2.5,95.0,-1.0,10.01
FE,2012-11-21,23.967326189564083,24.04819895173091,23.516745908949968,23.799802780151367,2214600,17.89897728129516,15.641488685153693,17.971191230044116,15.363365454196742,16.713889806796693,2.48,96.0,-0.96,9.93
FE,2012-11-23,23.857571282923317,23.892231986720116,23.591845831334496,23.724708557128906,1099700,17.768229714114252,15.646342736646417,17.790569881225927,15.366677132738488,16.63194697691834,2.46,89.0,-0.91,10.3
FE,2012-11-26,23.684282890347774,24.285055473020222,23.684282890347774,24.129085540771484,2208900,18.58584558059552,16.033456316969044,17.853598480139716,15.492728737887965,16.600121033644523,2.43,90.0,-0.86,10.16
FE,2012-11-27,24.169514639073885,24.354367346539153,24.111748994347774,24.244611740112305,1871500,18.18717578458745,15.99437105903318,17.881699816736926,15.488693126592793,16.487820352162075,2.41,91.0,-0.8,10.12
FE,2012-11-28,24.25615588444754,24.556539764643393,24.088632494771872,24.550764083862305,1974600,18.617131292879883,16.180824684146565,17.98370157684889,15.522802101639865,16.533154294878578,2.38,96.0,-0.74,9.99
FE,2012-11-29,24.614316000102644,24.695188780371765,24.49300682969896,24.53921890258789,1651200,18.536870121157424,16.180325864290023,17.97486626569869,15.518829717095148,16.424181239929204,2.35,95.0,-0.66,10.04
FE,2012-11-30,24.56233444054677,24.76451646036078,24.452578801736127,24.527673721313477,3018800,18.329935126955775,16.15258958605711,17.966669109495147,15.465295708848984,16.385531252224187,2.32,93.0,-0.59,10.1
FE,2012-12-03,24.579662627574148,24.608545457200947,24.129084315263906,24.42369270324707,2628300,18.1457788854079,15.81767685957218,17.973245079010297,15.472208425009592,16.149402502228572,2.28,94.0,-0.51,10.06
FE,2012-12-04,24.435240165069708,24.510337266214055,24.07131043265121,24.094417572021484,2132000,17.994461815067233,15.814560094684024,18.073698500128664,15.552659878612761,16.19848997896186,2.24,97.0,-0.43,9.68
FE,2012-12-05,24.157968819717954,24.4930158367492,23.984669626324017,24.273502349853516,3541100,18.21276493936873,15.861643969863861,18.118471506917547,15.540460838879294,16.19095094636612,2.19,100.0,-0.34,9.59
FE,2012-12-06,24.290825299854003,24.35436883510744,23.98466339758006,24.007770538330078,3247000,18.37564640724555,15.964159378178907,18.151950750155578,15.591127494627468,16.209733242486756,2.14,100.0,-0.23,9.4
FE,2012-12-07,24.03665357884182,24.123302052007073,23.886459366232845,23.94422721862793,2772700,18.337778447068068,15.957762007556763,18.114590078242667,15.593021320248779,16.185145155842985,2.09,98.0,-0.12,9.45
FE,2012-12-10,23.89800755001991,24.00198745727539,23.753591257011493,24.00198745727539,2047500,18.397837152510345,15.964635945873784,18.124375351846023,15.539134902558772,16.182424752885087,2.03,99.0,-0.0,9.45
FE,2012-12-11,24.019318748114724,24.18683997211969,23.840241752695523,23.97310447692871,3037100,17.997552678200236,15.022777969600092,18.09210066530133,15.536868867120798,16.08485610886907,1.96,95.0,0.12,9.5
FE,2012-12-12,23.98465543756626,24.152178846978977,23.794024895072308,23.799802780151367,2728400,18.024167610546534,14.950955748854323,18.01493265735651,15.531233341929559,16.079896013775816,1.9,90.0,0.23,9.59
FE,2012-12-13,23.782475272311174,23.8055824092242,23.39544064529837,23.52252769470215,2293600,18.133171164696922,15.12232760090825,18.072704825070993,15.575243634356104,16.064172200243068,1.82,91.0,0.32,9.35
FE,2012-12-14,23.493647164549646,23.557190701403258,23.378115865126663,23.545637130737305,2227400,17.646288870784257,15.12456967243962,18.03828057114121,15.570227435665412,16.04656013323686,1.74,89.0,0.44,9.51
FE,2012-12-17,23.557188861242597,23.822916558565783,23.557188861242597,23.817138671875,2003200,17.977787889593305,15.278827095824276,18.11034948659375,15.602206719064188,16.037320403588957,1.66,95.0,0.59,9.46
FE,2012-12-18,23.66117770443673,24.01355400238481,23.56875131510764,23.978893280029297,2619800,15.839182834103832,15.016387314777399,18.089006004410805,15.621553323664669,16.027106911863235,1.58,92.0,0.75,9.63
FE,2012-12-19,24.019318748114724,24.0539772478865,23.85757100258141,23.97310447692871,3631200,15.10022391619896,15.015895211571934,17.836088227758708,15.610585948119082,15.90095369152663,1.5,73.0,0.93,10.16
FE,2012-12-20,24.019326778328022,24.123304516023232,23.840249723039243,23.996219635009766,2906800,13.903094552168337,14.975843402150197,17.642898947334086,15.611354204843664,15.74524296785293,1.42,70.0,0.99,10.6
FE,2012-12-21,23.932669790048816,24.1926195748755,23.915340538933002,24.036649703979492,5178000,13.188595949329097,14.982399131648707,17.578660690428887,15.595691517901752,15.609270529641197,1.33,68.0,0.83,10.74
FE,2012-12-24,24.048198277630366,24.152178169963747,23.92111125286347,24.117517471313477,1348900,12.960566494526681,14.989597293053889,17.506682330574613,15.600411844118959,15.464235601624795,1.24,67.0,0.76,11.08
FE,2012-12-26,24.117522410317534,24.19839518677926,23.978881790941802,24.071308135986328,2058600,12.308964234244616,14.914020913859186,17.50674990331081,15.575870154023791,15.465316823132374,1.14,67.0,0.55,11.08
FE,2012-12-27,24.03087030378708,24.117520961142475,23.666942831577018,24.059755325317383,2462600,12.201811829069856,14.910255352903434,17.397074283387862,15.477117393226544,15.463961573581722,1.03,64.0,0.46,11.52
FE,2012-12-28,23.938443851438876,24.088638029664445,23.782473991105128,23.788251876831055,1509300,11.366602058575284,15.067822490851452,17.323138380034322,15.530130234654704,15.471276082729693,0.91,63.0,-0.23,11.56
FE,2012-12-31,23.79403905210698,24.157968902007067,23.59763271129315,24.123308181762695,2115200,12.019608822051088,15.321682710412086,17.497793802055263,15.613812826915098,15.534995621392705,0.76,65.0,-1.32,11.17
FE,2013-01-02,24.389033577616846,24.55077918236625,24.025103763312092,24.25039291381836,3738600,12.025198458461755,15.232675248929272,14.075627425358064,15.613370321466347,15.521834768957325,0.81,1.0,-1.31,1.19
FE,2013-01-03,24.244609235924013,24.42946192429613,24.18684139354656,24.285045623779297,2182600,11.966482821224941,15.21246166244386,14.06052133911203,15.561594646032523,15.411402333964672,0.86,1.0,-1.29,1.21
FE,2013-01-04,24.33126663164375,24.348598092532267,24.157967448089302,24.267723083496094,2636000,11.931294794627842,15.212417604057862,14.059180288644507,15.528279852080923,15.024370978331245,0.9,1.0,-1.26,1.22
FE,2013-01-07,24.22150861868585,24.22150861868585,23.93845162389043,23.967336654663086,1886000,12.381535558327617,15.394646341849805,14.178242194168453,15.594801404929592,15.00491116621916,0.94,4.0,-1.24,1.09
FE,2013-01-08,23.89801414616952,23.955782001488185,23.753597813300395,23.86335563659668,2204300,12.41456637100956,15.358680535707903,14.188210341037175,15.579173733536573,15.008151114751755,0.98,5.0,-1.21,1.08
FE,2013-01-09,23.874904734262437,23.892233985801905,23.112384612256594,23.23369598388672,5618700,13.689121645765983,16.188849182388086,14.72527937580076,15.862943169738045,15.242443566150587,1.0,6.0,-1.15,1.08
FE,2013-01-10,23.26257303725032,23.366552927945147,23.106603201208074,23.175922393798828,3606400,13.572161339692832,15.91605307713495,14.72601477740432,15.861271461450348,15.237772058383808,1.02,7.0,-1.09,1.08
FE,2013-01-11,22.956421361477883,23.12394263372457,22.81778071161271,23.04306983947754,4951900,12.9477358409186,15.908075132635222,14.741742714930673,15.846518395255888,15.248445439459157,1.03,8.0,-1.01,1.06
FE,2013-01-14,23.054618606846343,23.077725744278904,22.754232431076804,22.812000274658203,3108600,13.139862052499135,15.944231572799698,14.806631459980307,15.82076501757147,15.255135503845013,1.05,9.0,-0.88,0.98
FE,2013-01-15,22.8120020027272,23.06039603628102,22.742680585178242,23.031513214111328,3253800,13.58536037902131,15.996839974850024,14.895354260936555,15.846401494510662,15.278012820653922,1.07,10.0,-0.84,0.92
FE,2013-01-16,22.962198778676722,23.0199644350373,22.71958037762006,22.742685317993164,2820600,13.913214432735618,16.031382130717205,14.990815260829448,15.891504154512667,15.32962851971153,1.08,11.0,-0.73,0.83
FE,2013-01-17,22.812009046664432,22.921764686247062,22.644485541286663,22.76579475402832,2006500,13.53025184856422,15.811413320700712,14.995303282331445,15.888173229059646,15.324222664790277,1.09,12.0,-0.67,0.83
FE,2013-01-18,22.829334282736337,23.04306983947754,22.823556395365337,23.04306983947754,2485000,13.875091762147823,16.066586200242103,14.9211576257541,15.88822966427386,15.37238023329043,1.1,11.0,-0.67,0.89
FE,2013-01-22,22.858212801596984,23.09505545595753,22.765786453642086,23.048843383789062,3529200,13.602203408136097,16.07301932899808,14.919603079936245,15.881152178452073,15.241179364138342,1.12,11.0,-0.67,0.89
FE,2013-01-23,22.967963501113225,22.967963501113225,22.63291888761281,22.702238082885742,3657600,14.175855800482898,16.26735060474466,15.08699436316492,15.961986438268086,15.287732442075775,1.13,15.0,-0.64,0.76
FE,2013-01-24,22.74268074117594,23.100834790114654,22.74268074117594,23.060396194458008,3550300,15.010679885979513,16.675593863401915,15.293330874219151,16.07240443806928,15.324836115147066,1.14,16.0,-0.66,0.67
FE,2013-01-25,23.089281729933067,23.33190008751799,22.962194664368692,23.26258087158203,9158800,15.291612731749659,16.629561941388086,15.32238080399815,16.1112955460889,15.245437528414502,1.15,17.0,-0.69,0.67
FE,2013-01-28,23.35500997280121,23.35500997280121,23.077730872844477,23.15860366821289,8437600,15.21395992239559,16.61992626476792,15.31359290661991,16.11562451829735,15.112120014752728,1.15,17.0,-0.72,0.68
FE,2013-01-29,23.164380057994197,23.470544197300242,23.158604373985465,23.45321273803711,9126900,15.347717136028423,16.86942985906706,15.460306255469588,16.19135253193929,15.100946050244454,1.16,19.0,-0.75,0.59
FE,2013-01-30,23.383887972337327,23.476314319911072,23.118162498515048,23.23369598388672,4022800,15.57764783382945,16.611384714714443,15.509138468870926,16.170355653942504,15.091388334491057,1.16,20.0,-0.78,0.55
FE,2013-01-31,23.164378095944414,23.412774356031342,23.158602412424887,23.38966941833496,2679900,15.319801731397458,16.60281712171663,15.343220766895326,16.18299459603368,15.103937079266538,1.17,19.0,-0.81,0.66
FE,2013-02-01,23.470542209318,23.551415000301045,23.285689486037256,23.38966941833496,3428000,15.161544911044903,15.372115030004405,15.186299587622742,16.179645093480552,15.10305220804634,1.18,16.0,-0.84,0.75
FE,2013-02-04,23.30879614469222,23.30879614469222,22.962197813854996,23.089284896850586,4008300,15.55928960974246,15.201148334858225,15.294621337447802,16.243098505934668,15.138164261146944,1.19,18.0,-0.87,0.67
FE,2013-02-05,23.17129636310741,23.34115502171485,23.11858099061132,23.177152633666992,3322200,15.615954662358133,14.665213707569121,15.281302399879074,16.252417970883602,14.78923062297268,1.19,17.0,-0.9,0.69
FE,2013-02-06,23.17714220029446,23.43486044183648,23.077570005050028,23.39385986328125,4166900,15.89035896940093,14.478152210840065,15.352989265380575,16.295982240755986,14.816249327150494,1.2,23.0,-0.93,0.65
FE,2013-02-07,23.382136548856295,23.663286462446763,23.3528507512132,23.516855239868164,4322900,15.94360091813131,14.406730207636562,15.377736786900687,16.308555373077553,14.812433220731528,1.21,24.0,-0.95,0.64
FE,2013-02-08,23.505149792420745,23.557865142822266,23.323574200067945,23.557865142822266,2337700,15.957398409974866,14.136025970536489,14.80444496100764,16.310191699449657,14.813572129578331,1.22,9.0,-0.94,0.55
FE,2013-02-11,23.534436963576322,23.59300858547234,23.347005092272077,23.575437545776367,5045900,15.962944461354903,14.088795845814909,14.722599671124403,16.31075306823625,14.797723812100871,1.24,6.0,-0.95,0.65
FE,2013-02-12,23.622298211603784,23.786300551379103,23.575439123459805,23.72187042236328,3786900,15.752168584665666,13.618649129999902,14.760319164510538,16.17065829847326,14.797547125329192,1.25,10.0,-0.95,0.63
FE,2013-02-13,23.768723691867525,23.932725991494692,23.76286519010155,23.827295303344727,3353400,15.245368086917125,13.629531968447642,14.779687740636241,16.14376468084943,14.804148601531924,1.27,11.0,-0.94,0.62
FE,2013-02-14,23.768724485850562,23.93272679095615,23.62814948550018,23.71600914001465,3441400,15.196383282220852,13.621877932806642,14.764996559773111,16.13424197620601,14.784710574512017,1.28,11.0,-0.93,0.61
FE,2013-02-15,23.751156016646057,23.798015104358704,23.62815426294678,23.76287078857422,1900100,15.203983556823763,13.593820800694004,14.566049505060857,16.137090278982377,14.782909557970218,1.29,6.0,-0.89,0.7
FE,2013-02-19,23.815580694543844,24.143587530370638,23.809724427102193,24.061586380004883,4146300,15.679144173351153,13.825935605354594,14.713216773622003,16.172812070089492,14.806548679038675,1.31,7.0,-0.85,0.62
FE,2013-02-20,23.99129819225281,24.190444804276044,23.716008930311727,23.757009506225586,6617500,15.698487806942174,14.023664414233991,14.817029948560851,16.194450914212542,14.752976305462306,1.32,17.0,-0.79,0.51
FE,2013-02-21,23.751147989684675,23.79214856039451,23.35871331735812,23.37042808532715,4271200,16.344790696825847,14.40743451859679,15.025086071907737,16.28994530248442,14.83927880532357,1.33,23.0,-0.75,0.36
FE,2013-02-22,23.475859692703324,23.74529266357422,23.434856886005598,23.74529266357422,3855700,15.06348168677158,14.358533268777693,15.247775339010389,16.38754188642578,14.925722098557657,1.33,26.0,-0.68,0.29
FE,2013-02-25,23.780441946691656,23.997161876886206,23.153716168808582,23.171289443969727,5605200,16.726541317674947,15.14900053095568,15.666589613995876,16.610325834032547,15.10132705304445,1.34,37.0,-0.65,0.26
FE,2013-02-26,23.165429949026038,23.212289034963884,22.409843946009744,22.784709930419922,6490600,17.35320873727004,15.242986783152956,15.868554790137058,16.61531789676379,15.180691643302152,1.34,38.0,-0.61,0.12
FE,2013-02-27,22.831561998806333,23.141995557834385,22.831561998806333,23.106853485107422,2565900,17.587670818028172,15.561183665907732,16.04696522750515,16.7072848502719,15.247104468254596,1.34,39.0,-0.56,0.06
FE,2013-02-28,23.14200074305926,23.282575768555706,22.931141556360934,23.12442970275879,3360600,17.373474991515454,15.565024800340902,16.017575706272964,16.69484067197297,15.238425584702703,1.34,39.0,-0.5,0.07
FE,2013-03-01,23.16542281117235,23.20642338155255,23.02485006540123,23.136137008666992,2955300,16.947433258301764,15.552901624355595,15.937240485203477,16.695339740373498,15.238579271701186,1.34,39.0,-0.41,0.11
FE,2013-03-04,23.14199312974763,23.405569819363695,23.07756525838681,23.34699821472168,1891000,17.125710624256826,15.457048412753243,16.000991532353183,16.736059484644464,15.226308592150954,1.34,40.0,-0.31,0.08
FE,2013-03-05,23.376280310957277,23.516855267920196,23.335279747335413,23.464139938354492,2069700,16.841101006990716,15.412212269555392,16.028570765048332,16.74306060003087,15.234695176435881,1.34,42.0,-0.18,0.07
FE,2013-03-06,23.516867497644135,23.721870422363285,23.417293052520336,23.72187042236328,2312200,17.1037272316354,15.43290097864117,16.135599365780568,16.730437268664993,15.271681305354187,1.34,44.0,-0.05,0.04
FE,2013-03-07,23.739440430895133,23.874156951904297,23.721869390787393,23.874156951904297,3045000,16.46836223162244,15.48287734717918,16.150590961492792,16.709237990888845,15.276539363067496,1.34,45.0,0.11,0.03
FE,2013-03-08,23.8975819305323,24.014727389059,23.803866010583693,23.95615577697754,2169000,15.939528369632882,15.491197185212998,16.132878812601597,16.693926884831754,15.280773577341067,1.34,44.0,0.26,0.07
FE,2013-03-11,23.903436846988708,24.114295959472656,23.88586357850913,24.114295959472656,1902500,15.864105612563787,15.54806517072369,16.033490125213092,16.684565704950945,15.295137169716838,1.34,43.0,0.45,0.1
FE,2013-03-12,24.14358399548414,24.202155598780216,24.008867520412405,24.114295959472656,2131300,15.777664184517187,15.472423821538955,16.007104337153923,16.611411347063726,15.289498360733301,1.34,41.0,0.65,0.13
FE,2013-03-13,24.114291427234953,24.202151050029457,23.94443291585555,24.1962947845459,2488400,15.426231565982018,15.283242082117654,15.9995473936854,16.59651233696501,15.282791477323526,1.34,40.0,0.86,0.14
FE,2013-03-14,24.24901878310137,24.413021087646484,24.12015855275088,24.413021087646484,3148500,15.261419159901887,15.380788941461867,16.016422797367078,16.634994862718486,15.281523146812424,1.34,43.0,1.07,0.13
FE,2013-03-15,24.208009480594747,24.670730420814188,24.196294715298137,24.659015655517578,4426000,15.387227507325433,15.34015890025439,16.059962978155394,16.67221707282882,15.312145308049752,1.34,48.0,1.23,0.11
FE,2013-03-18,24.47745290187133,24.62974044746767,24.41302278222381,24.454023361206055,2160400,15.658101180551522,15.392370138643097,16.001149159322456,16.697273559515168,15.295756541248796,1.34,42.0,1.29,0.1
FE,2013-03-19,24.518449192410728,24.606306602992692,24.237301456693984,24.366159439086914,2911300,15.136956107386968,15.413037921805236,15.981284066534448,16.6170593899267,15.29911312227202,1.34,40.0,1.39,0.12
FE,2013-03-20,24.41887911914588,24.653170057732126,24.41887911914588,24.571168899536133,5069000,15.247454164656684,15.5019221667606,16.042060305122227,16.649836447210845,15.321292191888453,1.34,49.0,1.44,0.11
FE,2013-03-21,24.50674077907147,24.565312401314564,24.295879364013672,24.295879364013672,2597300,15.547501088434041,15.68208494123327,16.101540124726093,16.599505517146852,15.334751233514957,1.34,52.0,1.59,0.06
FE,2013-03-22,24.284164963909383,24.301738238342274,23.856585858779,23.92687225341797,3187700,16.216340756961916,15.98397432473228,16.266285507556294,16.59110070911915,15.40826184134168,1.34,56.0,1.79,-0.05
FE,2013-03-25,23.93858707811829,24.13773372534144,23.74529893384052,23.874156951904297,2456000,16.232030490345796,15.985456105215007,16.17007065976738,16.591779647231007,15.408980206992396,1.34,56.0,1.59,-0.02
FE,2013-03-26,23.967865382583646,24.167011967430486,23.95029434797947,24.161155700683594,2095600,16.571346990618686,16.175892709910748,16.279836998058766,16.63667607925964,15.415843389369796,1.34,58.0,1.26,-0.04
FE,2013-03-27,24.04986706282977,24.424730670392854,24.014722761734475,24.395444869995117,2130200,16.698620517327754,16.115101550996098,16.357917038732108,16.67528636992086,15.444999489248195,1.34,59.0,0.2,-0.06
FE,2013-03-28,24.383738619382303,24.72345804450265,24.342738037632678,24.717601776123047,2533000,17.043007133898044,16.08486112733608,16.267773594280737,16.74850726028557,15.482521954120172,1.34,58.0,-0.36,0.02
FE,2013-04-01,24.71759630021341,24.71759630021341,24.547735508101947,24.62388038635254,1316900,17.018339784738675,16.0753017013519,16.202809495030372,16.75259236318235,15.477560680474978,1.34,57.0,-0.7,0.08
FE,2013-04-02,24.64144880659133,24.75273574425081,24.541876636216546,24.62973403930664,1812400,17.019380829201875,16.073442066968923,15.412941247727119,16.750746880971544,15.472690274071882,1.34,35.0,-0.7,-0.27
FE,2013-04-03,24.641452290220958,24.68831136598432,24.459876723183495,24.606307983398438,1801500,16.68664370153715,16.074115975154353,15.221095780545479,16.747273733960487,15.451891326647457,1.34,26.0,-0.77,-0.23
FE,2013-04-04,24.62388027939748,25.215461564131473,24.618021777977077,25.203746795654297,2908800,17.48375318686577,16.57310709623674,15.324961281794241,16.98524393972976,15.636933745296929,1.33,33.0,-0.56,-0.08
FE,2013-04-05,24.981172278342097,25.848045014889117,24.934313205595117,25.824615478515625,4861300,17.748056163392434,17.2196172096994,15.637369028944342,17.22244901193863,15.819144877600156,1.33,40.0,0.48,0.02
FE,2013-04-08,25.91833350960556,26.012049428401337,25.648900522363174,26.006193161010742,2651300,17.383266622486136,16.231614739682197,15.580900170135633,17.24263125298571,15.834431952278052,1.32,40.0,1.36,0.07
FE,2013-04-09,26.00034086850159,26.33420404859047,25.871480611497358,26.187772750854492,5059800,15.327472016475296,16.238487407032547,15.43068425607994,17.251728658265044,15.838770568052677,1.31,38.0,1.95,0.17
FE,2013-04-10,26.263911861287067,26.586060198414128,26.222911285708918,26.463058471679688,2680600,14.083321612062752,16.246276765932993,15.491074858851947,17.253988889326724,15.871079330196563,1.3,40.0,2.54,0.13
FE,2013-04-11,26.50407236959558,26.832079373458075,26.46307177340838,26.632932662963867,2450300,13.828418909740314,16.05964886489674,15.186453057348329,17.27001322301134,15.863063386508584,1.29,26.0,2.81,0.24
FE,2013-04-12,26.53919553615046,26.791057417275702,26.433764877336955,26.779342651367188,2159100,13.778141431887054,16.005299565197074,15.183066711085127,17.250295053118965,15.7980927997745,1.28,25.0,2.88,0.25
FE,2013-04-15,26.685638186948466,26.843784242896916,26.386917114257816,26.386917114257812,1896200,14.867975833326181,16.09758263372646,15.379048165724447,17.296661301785193,15.868115874625378,1.26,39.0,2.49,0.14
FE,2013-04-16,26.556769450525174,26.849631926938393,26.31662230924087,26.826202392578125,2000300,15.223899863668525,16.348758565020933,15.565406125403685,17.359734392535493,15.947355379183259,1.25,45.0,2.32,0.07
FE,2013-04-17,26.714915828421187,26.714915828421187,26.41033858058085,26.521625518798828,2760700,15.917149630693492,16.48315016222047,15.679646385713275,17.28352812458181,15.978733091215119,1.24,49.0,1.97,-0.01
FE,2013-04-18,26.59192021754135,26.77935206926833,26.521631597370796,26.714921951293945,2300800,15.815434744860738,16.507740203811966,15.67193034516485,17.211416686360266,15.960290715093786,1.22,49.0,1.69,0.02
FE,2013-04-19,26.791059526060977,26.89648795880986,26.36933685761221,26.738344192504883,3336200,15.822443545649637,16.099098618642305,15.656728319070861,17.181335938520295,15.939612408286566,1.21,48.0,1.41,0.03
FE,2013-04-22,26.720777916148958,26.996069422785745,26.632920493477826,26.861352920532227,1878900,15.823803334836883,15.87783838953376,15.463163442142688,17.127058377354675,15.94534132252412,1.19,43.0,1.19,0.1
FE,2013-04-23,26.943351786962577,26.943351786962577,26.703204610409852,26.890636444091797,1636900,15.820468050904488,15.827813794940024,15.451757156087393,17.127138815139695,15.927005729513388,1.18,42.0,0.98,0.1
FE,2013-04-24,26.890644935308178,27.136650691173895,26.76764317455752,27.042932510375977,1951800,15.792438545841172,15.775364344759929,15.359434056853177,17.064861197036212,15.9207744300741,1.16,38.0,0.83,0.15
FE,2013-04-25,27.05463042438946,27.136633781488783,26.720767433612775,27.119060516357422,7810300,15.79471190272718,15.635718077691486,15.360451762473486,17.003029679313194,15.918927940207597,1.15,39.0,0.68,0.15
FE,2013-04-26,27.095646122252443,27.29479277487446,27.03121822865602,27.224506378173828,7550700,15.720232840598028,15.442453272711761,15.365380715265944,17.004453034932034,15.907798763928726,1.13,40.0,0.54,0.16
FE,2013-04-29,27.312352883515654,27.347494947743108,26.69148368126012,27.13077735900879,8557800,15.729182841507317,15.468691430740034,15.35889444172995,15.059750374068564,15.871980160567054,1.11,38.0,0.37,0.16
FE,2013-04-30,27.113216906947553,27.394364702291917,27.07221632644092,27.294790267944336,2094100,15.360819326281568,15.476850517321012,15.198153505110032,15.060791092827467,15.87124427436541,1.09,28.0,0.22,0.27
FE,2013-05-01,27.25378830075227,27.353362730033453,27.04878540864975,27.107357025146484,1471700,15.524783628287231,15.266702037055888,15.220128314928402,15.082169576037755,15.877775530682884,1.07,29.0,0.05,0.23
FE,2013-05-02,27.177641236047833,27.341643523117103,26.84963442754571,26.97849464416504,2340800,15.636785706130294,15.34045775650868,15.125643495971266,15.093233750211313,15.879829004440285,1.04,25.0,-0.12,0.3
FE,2013-05-03,27.09113631374169,27.09113631374169,26.64653342761256,26.670246124267578,3146600,15.654853334165495,15.538973612003055,15.247061255755076,15.156185586392496,15.876529775756328,1.02,32.0,-0.28,0.21
FE,2013-05-06,26.605032265467297,26.73544754946477,25.709897359067366,26.1900691986084,2537300,15.96643603258866,16.073663844375492,15.548280827748643,15.293767720110294,15.973206092300519,0.99,55.0,-0.4,0.09
FE,2013-05-07,26.296777044589014,26.468690690067405,25.99444583890397,26.14264678955078,2552800,15.955670379498093,16.090654880617056,15.550648273279343,15.2951553010519,15.968934747684877,0.96,56.0,-0.52,0.09
FE,2013-05-08,26.077439653025227,26.160431821602582,25.715828980195038,25.869956970214844,2275400,16.188540658917887,16.283625192649545,15.60196363036803,15.342155184476654,15.998738538879142,0.93,59.0,-0.61,0.06
FE,2013-05-09,25.816600877966387,25.89366599273186,25.271222555297925,25.36014175415039,5963100,17.25023600742967,16.834642573542038,15.822137827672837,15.518246523975543,16.120851565043655,0.9,65.0,-0.65,0.04
FE,2013-05-10,25.34235776828741,25.484631649005426,25.229725881187004,25.437206268310547,2444900,16.893365908041282,16.825286742355985,15.82624985003952,15.51939249099736,16.123398842117,0.86,66.0,-0.7,0.04
FE,2013-05-13,25.360137263602965,25.431275323728446,25.09337745291435,25.28900146484375,1810500,16.953659811686173,16.843983015794002,15.766994237779189,15.5223668740834,16.13250471051011,0.83,65.0,-0.74,0.05
FE,2013-05-14,25.283081977080816,25.66247603229427,25.259369283288237,25.342361450195312,2352100,16.956086064814635,16.844311892346813,15.737909209442174,15.523230404605517,16.09943796734838,0.79,65.0,-0.78,0.06
FE,2013-05-15,25.33049907558989,25.727678687317393,25.20601085485281,25.60911750793457,2920600,17.166608245889346,16.79079094774537,15.81582789126468,15.436483252099412,16.128383061004044,0.76,67.0,-0.83,0.03
FE,2013-05-16,25.532053726075436,25.72175071837798,25.413492540544713,25.549837112426758,2317000,15.787091111147861,16.559785877150944,15.822800531792392,15.435092233722855,16.128106883367312,0.73,69.0,-0.88,0.02
FE,2013-05-17,25.60911885113904,25.982585794305127,25.60318954810738,25.952943801879883,2623800,14.816629731183012,16.405613321991662,16.00095834502673,15.544144035231463,16.205932109786716,0.7,75.0,-0.94,-0.04
FE,2013-05-20,25.947014417900313,26.012223177162813,25.620972882954135,25.66839599609375,1794900,15.013462851147896,16.340842912528508,16.104231718505993,15.578922785529434,16.24197950808625,0.67,87.0,-0.99,-0.12
FE,2013-05-21,25.656541904931796,26.024081805521256,25.520197333306616,26.006296157836914,3029000,15.375788861414444,15.607241108571923,16.21953534697662,15.62176824348161,16.294963849870665,0.64,93.0,-1.05,-0.16
FE,2013-05-22,25.976661445095267,26.444976973778235,25.656546861334736,25.786964416503906,3609100,15.2100605037687,15.268834438563003,16.284705613221316,15.639918903777758,16.314953872583075,0.62,97.0,-1.09,-0.21
FE,2013-05-23,25.5379887391122,25.61505160477602,25.04596050062598,25.484636306762695,3938800,15.368398663783148,15.321106756596334,16.293225620451572,15.703499198660673,16.354918237842178,0.6,98.0,-1.12,-0.21
FE,2013-05-24,25.354212667035988,25.46091750614547,25.158586374879775,25.265291213989258,3105400,15.358525734462042,15.46452867320901,16.218966698819486,15.726957532115476,16.376559687580773,0.57,93.0,-1.14,-0.21
FE,2013-05-28,24.23974320698082,24.23974320698082,23.30904156830064,23.6291561126709,12520800,24.103142476690877,20.87710613070273,19.411874704048813,17.50913102447383,17.575308241497464,0.68,100.0,-1.14,7.36
FE,2013-05-29,23.40982653193826,23.49281871443883,23.018576056316018,23.24976921081543,5682400,23.580359104438905,21.06732284773113,19.57360937215176,17.537816285503112,17.621383315545145,0.77,100.0,-1.15,6.95
FE,2013-05-30,23.480957199919686,23.84256785386769,23.16677193203491,23.172698974609375,4229200,23.498595584197897,21.05075544983224,19.57892522352108,17.53142480292484,17.612373061263355,0.86,100.0,-1.16,6.93
FE,2013-05-31,23.11934952221428,23.445391178587457,23.089709782792564,23.125276565551758,4018300,23.24724868988834,20.925243620524885,19.486131754054973,17.51721029821453,17.61300406317424,0.93,98.0,-1.17,7.17
FE,2013-06-03,23.291256546419532,23.546162303342786,23.03042148647954,23.214191436767578,6413100,23.325896791263865,20.8961300379831,19.486789991059066,17.519877956448564,17.59329732446682,0.99,98.0,-1.18,7.21
FE,2013-06-04,23.21418767779219,23.285323472908686,23.018563675880287,23.16083526611328,2495100,23.172122010548986,20.88349158751196,19.022608167555802,17.520780837835474,17.565987180439468,1.04,95.0,-1.18,8.14
FE,2013-06-05,23.089698955093315,23.11933868061576,22.86443297066378,22.929641723632812,2107600,23.144792064082466,20.918294298774278,19.084999099074626,17.28341226904162,17.58323003761559,1.08,95.0,-1.18,7.96
FE,2013-06-06,22.988930048141498,23.060068130493164,22.710313807048554,23.060068130493164,2505300,23.145798717101755,20.960272762002642,19.08517131963943,17.25845915199187,17.58121729967597,1.13,95.0,-1.18,8.03
FE,2013-06-07,23.119339781092798,23.24382799103233,22.876290402053908,23.083770751953125,1750500,23.09712985043907,20.94591272476419,19.017086323224355,17.259205569185422,17.569811681635834,1.17,92.0,-1.18,8.25
FE,2013-06-10,23.119343868118893,23.17269629057691,22.917790523429346,23.071918487548828,2503500,22.979001273748604,20.848284789800395,18.956705740717787,17.258926292908196,17.50240021421266,1.2,91.0,-1.18,8.32
FE,2013-06-11,22.911868215686678,23.119348645134647,22.834803087020116,22.864442825317383,1997900,22.99232742520695,20.785839831548518,18.904321937890078,17.274749722273587,17.52083333414047,1.23,90.0,-1.18,8.46
FE,2013-06-12,22.97707314319375,23.012642183505957,22.419838413170684,22.449478149414062,2049300,22.995611848009496,21.02997595077364,19.12703813618224,17.3070140993685,17.60101131128334,1.27,95.0,-1.18,7.88
FE,2013-06-13,22.479114450624667,22.882221133763288,22.43169133215537,22.8703670501709,2112700,24.116489778866804,21.41945346393163,19.2595661943968,17.45566133482267,17.706297136344507,1.3,95.0,-1.18,7.67
FE,2013-06-14,22.83480177972691,22.994859071009373,22.68067153121774,22.722169876098633,1465000,24.1161061844005,21.356499187507332,19.286461710488172,17.45844902390237,17.715537453732473,1.34,95.0,-1.18,7.57
FE,2013-06-17,22.769589311646808,22.864437810214177,22.514683547740773,22.615461349487305,3234900,24.055181176529725,21.26792015153694,19.150346816523555,17.46412492079685,17.7152423068555,1.37,93.0,-1.18,7.91
FE,2013-06-18,22.615464181328814,22.799231898295236,22.556182448947013,22.67474365234375,2808900,23.857302510659515,21.07635988603444,18.989592904492937,17.463894867487387,17.67159921448802,1.39,87.0,-1.18,8.18
FE,2013-06-19,22.674740737419288,22.763662193877366,22.06415367126465,22.06415367126465,2861600,24.70781665587829,21.759215786020107,19.41629853497224,17.72522719564738,17.84152159463079,1.43,96.0,-1.16,7.27
FE,2013-06-20,21.92780782238513,22.058223086549013,21.500988474370565,21.530628204345703,4089700,25.271952446063793,22.088961963211055,19.77607025223864,17.945446591906084,17.981394190444572,1.47,100.0,-1.09,6.58
FE,2013-06-21,21.672906768269545,21.89224353123138,21.394288271151183,21.643264770507812,5335200,25.129770668460445,22.00831845629825,19.683213518554723,17.959873856067514,17.969805774309734,1.5,99.0,-1.06,6.71
FE,2013-06-24,21.49505910926856,21.749964856775666,21.17494686055168,21.583980560302734,3509200,25.01916094718444,21.78195997184872,19.637475562784537,17.945776857153728,17.923764648122127,1.54,98.0,-1.02,6.83
FE,2013-06-25,21.672903791456463,22.028585102074437,21.589909375036754,21.892240524291992,2629300,25.65851257954882,22.037846711598586,19.745285955784322,17.994662765315915,17.97380521585846,1.57,99.0,-1.03,6.68
FE,2013-06-26,22.010804936749878,22.10565345088908,21.862603992071943,21.969308853149414,2146300,25.694663720084232,22.06201727244329,19.75616075542586,17.994464679869434,17.979066054803233,1.6,99.0,-1.03,6.67
FE,2013-06-27,22.07008231375053,22.330915137516424,21.892241649302566,21.993017196655273,2599600,25.352750896128086,22.069686882072784,19.659078788591355,17.99588091411316,17.974194747400578,1.63,96.0,-1.04,6.93
FE,2013-06-28,21.998941775669632,22.33683964396257,21.921876675125166,22.135286331176758,7370100,25.56199154815716,21.476557715218444,19.67826925980074,18.01570444187973,17.988522419937926,1.65,96.0,-1.05,6.91
FE,2013-07-01,22.24199199921794,22.27163172781868,21.447635061339934,21.524700164794922,4125400,25.658187134609044,21.395122290184226,20.0927667859813,18.287335141847336,18.1353038621912,1.69,100.0,-1.04,6.15
FE,2013-07-02,21.48913581387822,21.666976485581777,21.352791223526598,21.43578338623047,2503800,25.624106160014527,21.293372487189238,20.075739262120333,18.27755037056477,18.136775067469493,1.72,99.0,-1.04,6.13
FE,2013-07-03,21.370574612286905,21.471352425117914,21.263869756991404,21.43578338623047,1061200,25.051633178642902,21.198841184088675,20.07174818090645,18.205688608690572,18.0701309058619,1.74,98.0,-1.05,6.13
FE,2013-07-05,21.435787989855488,21.435787989855488,21.020824825850358,21.252017974853516,1517400,25.05265210536009,21.02836505190087,20.10661471072062,18.216590739544696,18.019959408074893,1.77,100.0,-1.04,6.02
FE,2013-07-08,21.34093584109377,21.708473547396533,21.28758341103636,21.643264770507812,2269800,25.990559653858096,21.40689779277485,20.306907208730493,18.3477528408608,18.123634796455885,1.79,100.0,-1.07,5.78
FE,2013-07-09,21.726249855141962,21.969299207245147,21.726249855141962,21.82109832763672,2453000,26.266734687942055,21.46215505054119,20.3407438274078,18.350857161090367,18.13161471021176,1.81,100.0,-1.1,5.74
FE,2013-07-10,21.77367296070636,21.981155548977735,21.64918476456311,21.82109832763672,1829300,18.555328677034836,21.341607286611836,20.332044547256054,18.32669712319773,18.127648626837505,1.83,99.0,-1.13,5.78
FE,2013-07-11,22.04636488736651,22.21827847267099,21.993012473353613,22.135286331176758,2406800,18.725872461317785,21.25904277048626,20.468967277796864,18.362449807518967,18.18768280132137,1.85,100.0,-1.15,5.62
FE,2013-07-12,22.111580922551614,22.212358742798116,21.92781319486146,22.200502395629883,1828200,18.76488256489953,21.22570393612098,20.368071800739042,18.356460150223437,18.191657033870957,1.87,99.0,-1.18,5.73
FE,2013-07-15,22.1471464176946,22.822942268501702,22.123433727155177,22.793302536010742,2204600,20.41602340101159,21.966162374031057,20.727197355909478,18.63611436208616,18.392512963350953,1.89,100.0,-1.2,5.49
FE,2013-07-16,22.78737639207272,22.840728822500207,22.50876015438868,22.722169876098633,4259900,20.38773012988092,21.95406140218365,20.573018254042758,18.624493197763638,18.39153681517301,1.91,99.0,-1.21,5.78
FE,2013-07-17,22.787373498929966,22.85258226799193,22.627316227968777,22.78144645690918,1720900,20.404128270333118,21.929620213748805,20.414226610739593,18.627617668312592,18.384615452028523,1.93,97.0,-1.22,5.97
FE,2013-07-18,22.775519281113958,23.22605140324706,22.763665195965025,23.172698974609375,2275300,20.814603885563745,22.289012008784653,20.231573483996453,18.700549720558897,18.458977199353665,1.95,92.0,-1.22,6.4
FE,2013-07-19,23.160839945434393,23.208265326004454,22.876294446113846,23.071918487548828,1779300,20.794812360386246,22.22741648185587,20.06377601969268,18.696221283131514,18.461343965731675,1.96,87.0,-1.22,6.75
FE,2013-07-22,23.071915403636257,23.356463126289285,23.00670890611818,23.226045608520508,2261200,20.882433690386485,22.28167856170255,19.967458020741706,18.71376310189221,18.4665115331041,1.98,86.0,-1.22,6.88
FE,2013-07-23,23.190487363716297,23.32090494214214,23.054142741438078,23.22012710571289,1472200,20.881794881836708,22.24653121178092,19.967190924217494,18.601154558045497,18.433838080399077,1.99,85.0,-1.21,6.88
FE,2013-07-24,23.154914490110333,23.196410570269123,22.526541722700852,22.66881561279297,1959700,21.88693578286098,22.673748914969135,20.329242492412195,18.77428682536135,18.577154852400106,2.01,93.0,-1.22,6.2
FE,2013-07-25,22.633240951829137,22.91185935913139,22.52060908529041,22.6806640625,8920700,21.208984497577042,22.608169208907302,20.275166607156734,18.412615494234377,18.558162934092376,2.02,91.0,-1.23,6.26
FE,2013-07-26,22.562106373069536,23.08377192544018,22.508753957330914,23.065988540649414,9422200,21.085430465095833,22.958227105379056,20.44034452900216,18.433799635878202,18.61910658613898,2.04,97.0,-1.24,6.05
FE,2013-07-29,22.982996219002708,23.475022039134018,22.953356490791524,23.226045608520508,8579700,21.068813593973985,23.03780479936986,20.39480856985245,18.289916398458786,18.60400730923359,2.06,95.0,-1.25,6.11
FE,2013-07-30,23.291255041862538,23.641009272161668,23.243829666258275,23.297182083129883,2836300,21.014773641845498,22.98806781990697,20.37412961260836,18.211736500067076,18.518629967659027,2.07,94.0,-1.25,6.13
FE,2013-07-31,23.231972627418408,23.25568531451122,22.538393490200924,22.56803321838379,5425500,23.05162767562689,23.55383175539729,20.971138954398512,18.55333718321391,18.709921314751675,2.09,100.0,-1.27,5.31
FE,2013-08-01,22.63324757035992,22.775519205342516,22.43762124555027,22.67474365234375,2879500,21.597834876357176,23.599714307118173,20.95699603881583,18.49083817324022,18.6956668668561,2.11,99.0,-1.28,5.32
FE,2013-08-02,22.739949847344768,22.787372966503007,22.407978967770656,22.603605270385742,2676600,20.26244964327616,23.539789087890238,20.960582955330814,18.481700242921683,18.65865646165777,2.13,99.0,-1.3,5.3
FE,2013-08-05,22.561504423496,22.627667563141074,22.266780630757424,22.278810501098633,4160500,20.75641249219644,23.3916855264251,21.064546899203414,18.426071416598365,18.7078762992779,2.15,100.0,-1.32,5.08
FE,2013-08-06,22.549476210166564,23.463723385622032,21.899876996883734,22.86224365234375,8865400,21.933588470802757,24.06570226273301,21.432223519933185,18.681291426677358,18.85361546053521,2.18,100.0,-1.32,4.75
FE,2013-08-07,22.603605797662844,23.018625920045338,22.46526346240596,22.98253631591797,5149600,21.65056826770049,24.093020663051956,21.384973353398536,18.6819349287533,18.81692655733083,2.2,99.0,-1.32,4.8
FE,2013-08-08,23.01260803084198,23.138920488132865,22.844194480404195,23.10283088684082,3094200,21.669180458545803,24.121875478988866,21.369990008803907,18.68439600668536,18.82412277276531,2.22,98.0,-1.33,4.87
FE,2013-08-09,23.048696130116998,23.187036151027463,22.77201608829606,22.79607582092285,3145100,22.103929202303444,24.109511451884398,21.46130763100506,18.746539991495766,17.671093294142743,2.23,100.0,-1.33,4.71
FE,2013-08-12,22.705854124914683,22.735927644995577,22.24271457338887,22.459247589111328,3083000,22.524218057172067,24.255084778700393,21.529391810908436,18.81492719723162,17.722413458367527,2.25,100.0,-1.34,4.54
FE,2013-08-13,22.435192892700098,22.48932615878541,22.224675910403338,22.236705780029297,2872800,21.10713447492364,24.018944670691077,21.51434409658164,18.846529515576837,17.746566101634574,2.27,99.0,-1.34,4.57
FE,2013-08-14,22.218663776537213,22.41715321894191,22.122427096891627,22.363019943237305,2315000,21.08752059564873,24.011717696051306,21.413896970264005,18.748288803316598,17.756934909087132,2.29,96.0,-1.35,4.77
FE,2013-08-15,22.28481997954074,22.375042842420697,22.164523593855034,22.326923370361328,2881400,21.102109550972585,23.797713637132485,21.413028752083846,18.738588436619775,17.757101552946768,2.3,95.0,-1.36,4.78
FE,2013-08-16,22.278799056835066,22.314886354858068,21.929939879532864,22.140459060668945,4749800,21.093046358154428,23.796837328772842,21.351216567090585,18.69769812627322,17.76194438974056,2.32,92.0,-1.37,4.78
FE,2013-08-19,22.110392840376853,22.296852374040803,21.83371272807265,21.887845993041992,1865300,20.78301300342947,23.79164223704244,21.349540287503764,18.742125047294852,17.794664315433653,2.33,91.0,-1.37,4.71
FE,2013-08-20,21.893860464175294,22.48331025355026,21.8818305956824,22.39308738708496,3253100,21.674781742377814,24.314718091173688,21.568264128761307,18.9465054844968,17.948729660009153,2.34,100.0,-1.37,4.52
FE,2013-08-21,22.633677102000252,22.98253406318588,22.375040700595612,22.59157371520996,4852800,21.79483591322291,20.29815147381652,21.61941451639479,18.973274500974995,17.972690113499404,2.36,100.0,-1.36,4.49
FE,2013-08-22,22.663751096016995,23.0186241452889,22.543454719330114,22.96449089050293,3096500,21.91160923708216,20.33717009625374,21.79132748379154,19.012104905897242,18.0497607675594,2.36,100.0,-1.35,4.34
FE,2013-08-23,22.958477074098123,23.060729807429006,22.844196766928572,22.934419631958008,2835900,21.917328657705177,20.328191755075466,21.791507300729062,18.99054733779507,18.04376086071402,2.36,100.0,-1.34,4.34
FE,2013-08-26,22.92238655089224,23.030653055968003,22.74194314058679,22.75397300720215,1204600,20.70033738046611,20.38653190968047,21.457107635860915,18.96945618480602,18.05830253966786,2.36,93.0,-1.31,4.58
FE,2013-08-27,22.57352785163315,22.784047080830007,22.47127742460861,22.59758758544922,2106300,20.77761250565842,20.412834128165088,21.08718814730405,18.98351783764671,17.98974159663988,2.35,85.0,-1.26,4.87
FE,2013-08-28,22.609628003284055,22.747968095589986,22.43519829341257,22.64571762084961,1364700,20.772501444279783,20.415845912064785,21.0522562990958,18.982976446554297,17.990017079639305,2.34,83.0,-1.2,4.9
FE,2013-08-29,22.561499711308002,22.621649050451275,22.37504249612055,22.47127914428711,1375300,20.220355456429413,20.374784344056867,21.033247577084055,19.002948783615757,18.004188691941046,2.33,82.0,-1.13,4.87
FE,2013-08-30,22.4652620499455,22.657735337597966,22.435188528961536,22.53744125366211,1490900,20.2264271448286,20.348047858390718,20.957908151159273,18.989147699806878,17.99651800298448,2.32,79.0,-1.06,4.95
FE,2013-09-03,22.669770151188857,22.856229693113065,22.176556957157675,22.218660354614258,1851400,20.46427449297516,20.542666179580838,21.013358209967134,19.01287205211996,18.0319748892071,2.3,81.0,-0.97,4.8
FE,2013-09-04,22.158510870424838,22.278807261883344,21.97205134894101,22.122421264648438,3405200,20.47731246120318,20.55665648305609,20.984399465246405,19.018183634944442,18.028541397030786,2.28,80.0,-0.88,4.81
FE,2013-09-05,22.09234365362517,22.170536637778014,21.833707262895484,21.990093231201172,2495600,19.40078216844919,20.513489101275834,20.893698461188283,18.977707381177034,18.036946691199834,2.26,75.0,-0.79,4.96
FE,2013-09-06,22.092345630857178,22.531425467460696,22.074301976923334,22.24873161315918,3708200,19.74470193336712,20.33075571346354,20.79987667087044,19.012964951292282,18.072783534332938,2.24,74.0,-0.68,5.06
FE,2013-09-09,22.260759888135205,22.393086139723266,22.110389982044293,22.356996536254883,1942300,19.117719205920636,19.982498082355978,20.77013102590087,19.023181203409774,18.008581226045443,2.22,73.0,-0.56,5.17
FE,2013-09-10,22.495340328645565,22.778034210205078,22.417147329955014,22.778034210205078,2776700,19.83190819736196,20.315648662867996,20.973187557681563,19.155615505060673,18.05773260906999,2.2,79.0,-0.43,4.95
FE,2013-09-11,22.79005943378305,22.796075514089967,22.38105316248233,22.549468994140625,3199000,19.983662908226012,20.39905847218863,21.012467418341853,19.18913396595321,18.077239999075935,2.18,80.0,-0.28,4.86
FE,2013-09-12,22.579543805304407,22.753973432795963,22.152493857552663,22.194597244262695,2119900,18.320092144175096,20.645971504581958,21.107152631002812,19.271365282020035,18.133351053780476,2.15,85.0,-0.13,4.66
FE,2013-09-13,22.194601224687883,22.381058457996932,22.158511617694405,22.320911407470703,1338600,18.346135350202704,19.90064994841553,21.136263290947383,19.284224809046734,18.14071175861462,2.13,85.0,0.03,4.63
FE,2013-09-16,22.531424851999994,22.77201760537146,22.356995220528805,22.429174423217773,2262100,18.39292633263049,19.244473654124057,21.129335446508154,19.29425499843469,18.147638937289585,2.1,84.0,0.2,4.64
FE,2013-09-17,22.429176158139327,22.705856239794244,22.405116422048625,22.69984245300293,1513200,18.214249514,19.36247700286275,21.23119181995903,19.305296264303283,18.00135720044015,2.06,85.0,0.37,4.54
FE,2013-09-18,22.69984454833838,23.211101367912995,22.537444756429718,23.08479118347168,3910300,17.291764580170174,19.623011492267352,21.417445018946708,19.33756717195257,18.055160287372868,2.03,91.0,0.51,4.36
FE,2013-09-19,23.096811816770394,23.175002493322015,22.675775742531897,22.802085876464844,3147500,17.60390535257687,19.621285748284418,21.48264090854787,19.378988804672478,18.095332065336258,2.0,94.0,0.66,4.24
FE,2013-09-20,22.814132658337275,22.832176321004308,22.026193167896853,22.05025291442871,4929500,19.97731691144798,20.824300671632564,22.029408193798435,19.771440411884488,18.397370022276842,1.97,100.0,0.71,3.71
FE,2013-09-23,21.972045865583574,22.675778088591148,21.911898832096067,22.63968849182129,3837800,21.217968268132662,21.51134428469435,22.47516459844076,20.02627811849281,18.582651609533674,1.93,100.0,0.78,3.45
FE,2013-09-24,22.561497441461405,22.705853546419338,22.29684725924472,22.50135040283203,2334900,20.840780584579868,21.516806764785468,22.480786192977366,19.986552217394202,18.528764393961655,1.9,100.0,0.83,3.43
FE,2013-09-25,22.495339365973656,22.579546148130913,22.308879852294922,22.308879852294922,1671200,20.787342031632143,20.78427537944133,22.453701108846353,20.00479367587632,18.54656957702345,1.86,98.0,0.92,3.47
FE,2013-09-26,22.326926889349206,22.453239376182033,22.170543169433767,22.218660354614258,1489300,20.75238270784216,20.783434702424167,22.302847224159446,19.762467725147978,18.542537374279643,1.83,97.0,1.14,3.67
FE,2013-09-27,22.158512397382996,22.38105924551625,21.960022993629,22.008142471313477,1960700,20.924448454150923,20.886450643036213,22.337858936100183,19.791179484269882,18.563581846425866,1.79,97.0,1.36,3.61
FE,2013-09-30,21.966034508815273,22.188581310680874,21.83370826715667,21.923931121826172,2433800,20.816268951591177,20.82090258074448,22.296347246704144,19.785035387476153,18.56359019385109,1.75,95.0,1.65,3.67
FE,2013-10-01,22.104381848094274,22.363018336268492,22.026188834481232,22.212648391723633,3228400,20.890181631122964,20.659539889920765,22.223917985534587,19.813273511424015,18.598054504618446,1.71,94.0,2.03,3.84
FE,2013-10-02,22.110386906150584,22.447216274942665,22.086329468314432,22.296846389770508,2331400,19.823307065549407,20.608658091636087,22.227976543446406,19.785080575988975,18.602448280229662,1.67,94.0,2.47,3.84
FE,2013-10-03,22.200608788217288,22.22466851946801,21.96603214467835,22.086328506469727,2474100,19.81384383893415,20.707191635451867,22.254365113278425,19.760803840286982,18.624199658042503,1.62,94.0,2.95,3.79
FE,2013-10-04,22.08633585139932,22.29083904611461,22.056260030102905,22.236705780029297,2104900,19.281459930004118,20.545426240798335,22.285255070638573,19.777433742693265,18.629027448856117,1.57,94.0,3.53,3.77
FE,2013-10-07,22.146471814215158,22.585551510590044,22.146471814215158,22.3690185546875,2576600,19.387706815966393,20.572367391707488,22.235787477432538,19.73710939763731,18.614726427864834,1.52,92.0,4.2,3.81
FE,2013-10-08,22.3209141190007,22.753980277679428,22.260764766704668,22.52541732788086,3171500,19.39559956389186,19.88911871859048,22.27435056645951,19.75509291241505,18.625316307144843,1.46,93.0,4.99,3.8
FE,2013-10-09,22.59158039615678,23.01261438857093,22.555490784894204,22.66375732421875,2981200,19.379994941389835,19.92123776155011,22.14111135594232,19.687568419692976,18.637005790270106,1.4,88.0,5.65,3.91
FE,2013-10-10,22.766005445805327,22.83818466092646,22.423162204600235,22.832168579101562,2819300,19.48803931887087,19.972682109920047,22.129508442986992,19.619250595807067,18.652805416040593,1.33,87.0,6.52,3.98
FE,2013-10-11,22.796072091523186,22.92238222545613,22.723892905451205,22.802085876464844,5369800,19.3472177827799,19.657461579963567,22.011241611919427,19.59191521461446,18.645272080711106,1.27,85.0,6.54,4.08
FE,2013-10-14,22.74195384388194,22.850220399912377,22.45324379262195,22.814130783081055,2789700,19.333269948059474,19.639538430137467,21.983120747720385,19.58515372855862,18.634251432909206,1.2,84.0,5.83,4.14
FE,2013-10-15,22.699848644804714,22.753981918543282,22.375049002373306,22.417152404785156,2434900,19.573423550892176,19.90412933530286,22.07244982923262,19.634776398515864,18.665766029342382,1.12,86.0,4.16,4.02
FE,2013-10-16,22.441210309010224,22.615637692799865,22.038217683200763,22.278810501098633,4315600,19.618787790923516,19.936993394098927,22.055047828236702,19.61736130297024,18.665002176383215,1.04,85.0,-0.39,4.05
FE,2013-10-17,22.194597369111314,22.63969097239609,21.93596096674482,22.59758758544922,3596300,19.932413424484004,19.561565847659566,19.518918901189714,19.674784199738728,18.716718094751897,1.03,15.0,-0.44,0.24
FE,2013-10-18,22.597584530325136,22.87426454841614,22.561494934480233,22.820131301879883,3314300,19.850795115095856,19.66533733059185,19.42118873504983,19.7102635563763,18.727019088435892,1.04,13.0,-0.41,0.31
FE,2013-10-21,22.82013826789434,22.89231748161738,22.67578442937405,22.85622787475586,3158000,19.81598749060742,19.35659655101372,19.416640990657676,19.65240452360585,18.71298243907847,1.04,13.0,-0.39,0.31
FE,2013-10-22,22.844198170374057,23.223131014529756,22.832168301333553,23.096820831298828,3211800,19.30819247774272,19.425652104821147,19.486865803413153,19.686662031207273,18.71063511547683,1.04,16.0,-0.39,0.28
FE,2013-10-23,23.06073306566787,23.397562542310418,22.814126466802296,22.86224365234375,5432200,19.31406554909638,19.52374775232181,19.543709842183723,19.691926600863212,18.72617134392667,1.04,17.0,-0.36,0.24
FE,2013-10-24,22.86825695666105,22.86825695666105,22.435190867079072,22.513383865356445,9489400,19.27887278654187,18.66381607651776,19.689978326622054,19.763759839829277,18.783207123428518,1.03,21.0,-0.32,0.15
FE,2013-10-25,22.4833139244538,22.826157201858283,22.375047384803626,22.784053802490234,8245000,19.510374145264244,18.80094718970375,19.722149528716553,19.815036350692232,18.814628630039135,1.02,21.0,-0.3,0.16
FE,2013-10-28,22.735934988198547,22.91637846142567,22.663758057800347,22.74796485900879,10800900,19.480333343730678,18.792254446603625,19.70206322522077,19.815413522785043,18.81396878939201,1.01,20.0,-0.27,0.16
FE,2013-10-29,22.82013826789434,23.04870118909151,22.61563508460485,22.85622787475586,4138500,19.219237748156974,18.566831000319283,19.716504252995197,19.809592808783865,18.790130676424223,1.0,20.0,-0.25,0.16
FE,2013-10-30,22.94044246527383,23.066752690554342,22.76601274781197,22.838191986083984,2806100,18.565106836590857,17.79540319844453,19.716700488759347,19.80200502225302,18.78305546950324,0.99,20.0,-0.23,0.16
FE,2013-10-31,22.85622720889563,22.91036047037942,22.483310460042187,22.778034210205078,2829800,18.231975884475133,17.769106739134113,19.669037164811918,19.7970207082417,18.7825748241644,0.98,14.0,-0.22,0.19
FE,2013-11-01,22.814123545686385,22.99456698367331,22.681797287080002,22.928403854370117,3231700,15.2993577955815,17.78882360639652,19.476248322843905,19.81171593760296,18.715019933071634,0.97,8.0,-0.24,0.29
FE,2013-11-04,22.976523328213457,23.03667037605483,22.735930547922358,22.928403854370117,4152000,13.324755126712388,17.573501443115504,19.252369587739956,19.754113628096793,18.69007385629781,0.97,3.0,-0.25,0.37
FE,2013-11-05,22.769730938505237,22.897890211482316,22.464588482053795,22.66598129272461,5302400,13.642234277958867,17.463882577181376,19.31193988683232,19.743733410771007,18.462281212202978,0.97,4.0,-0.25,0.34
FE,2013-11-06,22.849063499056886,23.27016152727499,22.849063499056886,23.25795555114746,7360300,15.250753983644486,18.10434723998648,19.725841181544833,19.888557792376737,18.58187106541264,0.96,21.0,-0.29,0.28
FE,2013-11-07,23.26406238303169,23.58751499990821,23.26406238303169,23.386119842529297,4908000,15.205734641826579,18.102420991388264,19.739805903432952,19.809055416257745,18.473217243876956,0.95,21.0,-0.31,0.27
FE,2013-11-08,23.26406427146387,23.75229182103317,22.983333721468092,23.70347023010254,8637200,15.191148592197697,18.28175185615242,19.345608154173803,19.659710800237495,18.46679799772066,0.95,3.0,-0.16,0.32
FE,2013-11-11,23.196924507701766,23.196924507701766,22.293703272008102,22.348628997802734,9135600,23.35371325725985,21.946789495077677,21.169112778170504,20.767728526997168,19.35237617483517,0.95,63.0,-0.07,3.15
FE,2013-11-12,22.366940168362373,22.556126977550058,22.250984559580868,22.39134979248047,4635500,23.059038961089573,21.814839174065643,21.156350508690142,20.700888138667057,19.30361330441305,0.94,62.0,0.03,3.15
FE,2013-11-13,22.269302344607066,22.2876101510034,21.854308327237078,22.012981414794922,5122600,23.56744226131807,21.591855797601173,21.330449060826247,20.796517921041193,19.367828040706346,0.93,64.0,0.06,2.94
FE,2013-11-14,21.94584743285956,22.293709686971525,21.903127670288086,21.903127670288086,5656300,23.45322530898596,21.528537838650568,21.227455423008028,20.80382401565194,19.283783428434578,0.93,62.0,0.07,2.99
FE,2013-11-15,21.890919286503664,21.951949174938996,21.536955245787553,21.646806716918945,8859200,23.583912848880136,21.35752224190231,21.301692372018454,20.817745204947077,19.314876199688687,0.92,63.0,0.03,2.87
FE,2013-11-18,21.6651189994871,21.732250726621825,21.604091426484263,21.610193252563477,6152200,23.495435474940233,21.357915075640754,21.302173848067575,20.808255392789636,19.307527650293963,0.91,63.0,-0.0,2.86
FE,2013-11-19,21.61018787425195,21.65901178294514,21.256223848434722,21.341663360595703,5451900,23.588389250778917,21.442211574016998,21.36453174888555,20.812495842337967,19.338844330588266,0.91,66.0,0.01,2.76
FE,2013-11-20,21.4087938466248,21.4087938466248,20.719171308112593,20.72527313232422,8101200,24.76036262185463,22.181543231387284,21.40946086483133,21.070957144773672,19.5513371938873,0.9,68.0,0.88,2.74
FE,2013-11-21,20.932780141909188,20.932780141909188,20.46286029788421,20.487272262573242,7641200,24.67887816497017,22.264501596854082,21.474818079923047,21.10329020929318,19.575191689691824,0.9,74.0,1.94,2.66
FE,2013-11-22,20.481167998255223,20.481167998255223,20.27367097919589,20.35300636291504,6774100,24.683449177262858,22.252297638725757,21.49664608636935,21.095322847142203,19.58266245439719,0.9,75.0,2.77,2.62
FE,2013-11-25,20.414032678430473,20.529985984440305,20.316387176513672,20.316387176513672,6476800,24.657281897524463,22.23172986888904,21.4585485359534,21.095266746101906,19.50392458962699,0.89,71.0,3.29,2.67
FE,2013-11-26,20.316385592500417,20.316385592500417,19.992933001077144,20.108888626098633,4774700,24.394780132348185,22.150846764217167,21.30306648902805,21.11755009396247,19.519655326766454,0.89,58.0,3.62,2.73
FE,2013-11-27,20.07837971422705,20.127201309190983,19.76713302512743,19.834264755249023,4640900,24.561789883577926,22.28299388834337,21.353823554874964,21.137578337592448,19.517041887267457,0.89,61.0,3.89,2.64
FE,2013-11-29,19.83425941740935,19.992932468405677,19.78543550753223,19.913597106933594,2698300,24.082077192848633,22.29701814977362,21.367763824148746,21.10467985410398,19.523005352454863,0.89,62.0,3.69,2.63
FE,2013-12-02,20.08447615178287,20.102783953975646,19.858671388547386,19.88308334350586,6882200,23.730397289022363,22.122959033585037,21.228240684648057,21.087526197475057,19.52309886399036,0.89,52.0,3.32,2.73
FE,2013-12-03,19.84036360115754,19.95631923687687,19.79764383896172,19.852569580078125,4882700,23.677082236688722,22.078672456832773,21.21858211918974,21.085564496853866,19.520218969426406,0.88,50.0,2.92,2.73
FE,2013-12-04,19.78543237208103,19.852564073497447,19.602347395160116,19.84646224975586,3900400,23.279820167561088,21.659641050379978,20.757083151042735,21.055399065335866,19.47824912892686,0.88,29.0,2.5,2.98
FE,2013-12-05,19.815950716913427,19.83425851826132,19.571835834698618,19.577939987182617,4006300,23.36635353281467,21.72599980168085,20.846187460071,21.073111434724943,19.50313138755616,0.88,31.0,2.22,2.86
FE,2013-12-06,19.67558852949214,19.803747814930816,19.535220937189877,19.797643661499023,4838100,23.623348685653003,21.714223796399352,20.933004824504426,21.056369440455036,19.51322762450159,0.88,32.0,1.85,2.79
FE,2013-12-09,19.76713197754247,19.92580739088481,19.724412211193222,19.822057723999023,3633500,23.183375948271895,21.667022479293994,20.72814521811294,21.05764812937418,19.513324510689657,0.88,26.0,1.53,2.95
FE,2013-12-10,19.779330618273374,19.791536593851497,19.596245640705128,19.64506721496582,3267100,23.19753892026035,21.666243337110348,20.756881253205517,21.02151081685357,19.527999004736387,0.87,26.0,1.26,2.9
FE,2013-12-11,19.712202979679628,19.89528799498518,19.54742576748895,19.608455657958984,3800400,23.037451906633674,21.463379066607153,20.714538326010516,20.982343633926835,19.528250103707364,0.87,24.0,1.03,2.93
FE,2013-12-12,19.62065759186137,19.80984439319278,19.596245640705128,19.64506721496582,4192300,23.093486275691244,21.106207208264514,20.721019052792297,20.916267745678255,19.51926595036826,0.86,24.0,0.8,2.92
FE,2013-12-13,19.565731971587077,19.565731971587077,19.278897364079633,19.352130889892578,3097500,23.260848717399725,21.166051998473876,20.522045748410076,20.977406036219623,19.5406794040609,0.86,22.0,0.61,3.1
FE,2013-12-16,19.43147363324511,19.553531093454357,19.28500537940974,19.419267654418945,3797600,23.13819851050726,20.203125829784714,20.53502681858424,20.984288415491534,19.54449349910477,0.86,22.0,0.42,3.09
FE,2013-12-17,19.42536669196661,19.541321139173185,19.376543950620572,19.49249839782715,3604200,23.24195151286969,19.35437189617811,20.340756275683837,20.992871357770397,19.511258217328393,0.86,18.0,0.23,3.25
FE,2013-12-18,19.48639296527737,19.620656360156417,19.23617630176293,19.51690673828125,4774000,23.24523892684369,19.354277344208974,20.299642830375006,20.77862902289543,19.49758086226822,0.86,18.0,0.06,3.28
FE,2013-12-19,19.39485705192364,19.510810359836285,19.095817551892868,19.285005569458008,6867800,21.404932311830784,19.412609188954637,20.349136154254634,20.588129159591535,19.52925896506957,0.86,20.0,-0.07,3.19
FE,2013-12-20,19.382647700967443,19.950211654923447,19.352132758910013,19.901390075683594,14000800,23.8282400165542,20.612927683486404,20.46006140138332,20.932876733094144,19.794246666103323,0.86,21.0,-0.24,3.33
FE,2013-12-23,19.925804470423934,19.962420077326566,19.699997363613548,19.718307495117188,4852700,23.16650419946682,20.608580550349505,20.47629586366007,20.928635018942895,19.81094814224822,0.86,22.0,-0.39,3.28
FE,2013-12-24,19.657277423408697,19.78543670249824,19.584043882222147,19.663381576538086,1426300,16.941907538544875,20.605357210350572,20.475606933748693,20.88004220008099,19.80757446564626,0.86,22.0,-0.53,3.28
FE,2013-12-26,19.68169177543173,19.80374924430074,19.535222347178404,19.571840286254883,2252500,16.840476853330294,20.377087550817087,20.375077805185313,20.861032037105094,19.811024004686658,0.87,21.0,-0.66,3.42
FE,2013-12-27,19.83425684720108,20.133297436317083,19.71830356834688,20.011240005493164,4879400,18.09238255263354,20.946274532643216,20.25924704629016,21.035282548605093,19.94434549285725,0.87,18.0,-0.77,3.47
FE,2013-12-30,19.956315128191285,20.127194141793336,19.913595374790773,19.999034881591797,3159600,18.098673561008166,20.886101347210825,20.232142942996152,20.977358501278903,19.915839219804177,0.87,18.0,-0.86,3.49
FE,2013-12-31,20.023449942136548,20.15160922222898,20.017345788959393,20.127197265625,3355100,18.10190794274788,20.879397355377833,20.242699339428295,20.888736662930885,19.87407659477183,0.88,19.0,-0.95,3.48
FE,2014-01-02,20.114990425835146,20.127196403614377,19.681688690907393,19.76102638244629,3431400,18.678610402467033,21.094474345067702,20.33329390668655,20.95074670687988,19.942998979576945,0.88,22.0,-1.04,3.38
FE,2014-01-03,19.529113554164713,19.663376954826155,19.388748329860363,19.535215377807617,4151700,18.63607232237807,21.09607412763227,20.283204678362182,20.95614890539707,19.970263918425204,0.88,21.0,-1.12,3.44
FE,2014-01-06,19.529114442714544,19.535216266635075,19.291103732932257,19.431468963623047,3834400,16.904189534427143,21.02949501471621,20.246715975948334,20.95809902430255,19.975239332142483,0.88,20.0,-1.19,3.49
FE,2014-01-07,19.504712036299775,19.553535963765295,19.431478473154492,19.461992263793945,3163400,16.696526398260026,20.94520424351565,20.221031857226983,20.948233461205685,19.94286685451948,0.88,18.0,-1.26,3.51
FE,2014-01-08,19.468092513187624,19.529121249898825,19.31552125342279,19.443681716918945,3669300,16.633636726123147,20.946379980344616,20.221123279790678,20.945681161077363,19.939736690326633,0.88,19.0,-1.32,3.52
FE,2014-01-09,19.449781546743818,19.48639831721042,19.20566663956341,19.407060623168945,4388700,16.63377696173657,20.936550188866086,20.19011716062171,20.926921852102446,19.769441952069332,0.89,18.0,-1.38,3.57
FE,2014-01-10,19.553526685757628,19.864770927481675,19.49860095744728,19.773229598999023,5776300,17.410870241470196,21.15449800922308,20.37092684146998,21.06058201281486,19.863592636846715,0.89,30.0,-1.44,3.46
FE,2014-01-13,19.74271617471288,19.767128130176086,19.468088659908442,19.50470542907715,2829300,17.405768407936623,21.271682726045395,20.105980873936925,21.0968382196409,19.899868458978716,0.89,18.0,-1.49,3.6
FE,2014-01-14,19.559635036241257,19.608458956831285,19.352138029838976,19.443681716918945,2445300,17.366367287775077,20.99489643204126,20.040983769544273,21.09653545438641,19.878981420809392,0.89,18.0,-1.53,3.65
FE,2014-01-15,19.443671248310554,19.57793462959212,19.266688123539655,19.327716827392578,3921200,17.4305238590764,20.84843388860974,19.8467632018772,21.08124967218308,19.859624280184104,0.89,18.0,-1.56,3.82
FE,2014-01-16,19.358240332834487,19.858675024883436,19.31552056786079,19.828161239624023,5294100,19.045277933093086,21.626915149345372,20.314008998646035,21.321823005561615,19.996044117506038,0.89,30.0,-1.6,3.48
FE,2014-01-17,19.94410983053798,19.980727761006897,19.724406903828548,19.901390075683594,5492300,19.075573618122032,21.49918409638178,20.30371498111922,21.328375397887775,19.999918996851214,0.89,30.0,-1.63,3.51
FE,2014-01-21,19.91970682963587,20.16382181970667,19.52302171681064,19.620668411254883,7597300,19.112755009699576,21.576025711872994,20.387621889834513,21.348346409860156,20.006050355479584,0.89,37.0,-1.65,3.4
FE,2014-01-22,19.248390697010826,19.413166772951165,18.833396684069427,18.998172760009766,14011800,20.97364661389341,22.26992685394551,20.957737291733796,21.56495917485664,20.25386775080858,0.89,53.0,-1.66,2.97
FE,2014-01-23,18.815080822990417,18.92493227606944,18.595377916832373,18.90052032470703,5997200,20.986343024779476,22.059946303937387,20.943008731785635,21.568644981775154,20.207196388765063,0.89,53.0,-1.66,2.99
FE,2014-01-24,18.81508721510017,19.370446492983962,18.686927918985283,18.96155548095703,6349800,20.911039970036107,22.096174908577066,20.944670003031547,21.551933786413453,20.14416791297304,0.89,54.0,-1.67,2.99
FE,2014-01-27,18.931044650979896,18.99817522246179,18.845603942871094,18.845603942871094,3750300,20.959727733690876,22.04495757659202,20.860680936685533,21.449772090919854,20.128576804651953,0.89,51.0,-1.67,3.09
FE,2014-01-28,18.73574685204314,18.876112099350483,18.601483429378664,18.644203186035156,4401100,21.111135851758124,22.092512398462908,20.906450914762853,21.469363604237778,20.149701508202984,0.89,53.0,-1.66,3.03
FE,2014-01-29,18.595383916378943,18.735750353948287,18.44891565302623,18.66251564025879,4571800,20.74262802471089,22.110163351866102,20.899366832580142,21.466124134564303,20.104948128767557,0.89,52.0,-1.66,3.05
FE,2014-01-30,18.693022415677348,19.06529650628471,18.693022415677348,19.0164737701416,3049100,21.50421354753864,22.48212136045728,21.044451143836582,21.59798165452799,20.182836902876,0.89,59.0,-1.67,2.95
FE,2014-01-31,18.85170516486146,19.35213872871847,18.83339735800537,19.217876434326172,4971500,21.714840861985326,22.647591065296375,21.107821731731693,21.59848782983146,20.200805965508273,0.89,60.0,-1.68,2.89
FE,2014-02-03,19.236182632881913,19.425370648629382,19.004273691232317,19.0714054107666,7357400,21.806499224792997,22.598969813419295,20.879820973247785,21.610214765377744,20.212326570633458,0.89,50.0,-1.68,3.05
FE,2014-02-04,19.175150041281,19.187356017652146,18.839493839256253,18.882213592529297,3734700,21.725531258597897,21.837315932554574,20.87865975572732,21.53432835047045,20.196691981128414,0.89,50.0,-1.67,3.05
FE,2014-02-05,18.820471498966956,18.956315552975013,18.585833589444388,18.659929275512695,4609600,19.68360139644921,21.822221332203835,20.81927557053436,21.539492329687008,20.22149866534924,0.89,48.0,-1.67,3.11
FE,2014-02-06,18.60435394946589,18.851342670841884,18.60435394946589,18.80811882019043,2219400,19.77390039012917,21.663567246966213,20.842535465336148,21.497972981657426,20.21493113932368,0.89,49.0,-1.66,3.09
FE,2014-02-07,18.857515769997576,19.011883117776616,18.78959376010139,18.993358612060547,1990000,20.04159569995234,18.566428724685792,20.89704955764801,21.526849353414867,20.233885870365505,0.89,54.0,-1.65,3.04
FE,2014-02-10,18.95631647515204,19.129207202875254,18.857521437101703,19.116857528686523,1924300,20.132125920195936,18.63852273599057,20.823513812772703,21.51479829680869,20.245521939228492,0.89,49.0,-1.63,3.11
FE,2014-02-11,19.079804644879427,19.493509199104622,19.055106480754496,19.339141845703125,2502600,19.295152108331028,18.615949057755067,20.720907269080318,21.554415742213294,20.28281836111756,0.89,44.0,-1.62,3.19
FE,2014-02-12,19.32679592352193,19.37001978015105,19.14773037126283,19.184778213500977,1915600,19.396578855905737,18.645804112388188,20.67630378830009,20.114333818250646,20.28349877211343,0.88,43.0,-1.6,3.25
FE,2014-02-13,19.160077962532355,19.610830390258872,19.123028946590512,19.512035369873047,2457300,19.993892058817885,18.941838506874863,20.247616949644627,20.14742898884909,20.354363928750814,0.88,27.0,-1.58,3.54
FE,2014-02-14,19.481158060277448,19.647875072044048,19.42558572302191,19.604652404785156,2712500,19.365414259771967,18.988139627582438,19.782706207977967,20.156764529014946,20.358084874754887,0.87,18.0,-1.55,3.87
FE,2014-02-18,19.54908552878278,19.66023023434335,19.425591149775546,19.52438735961914,2431800,19.10983878623762,18.860147827246024,19.773090542291968,20.159835684882314,20.35897413083974,0.86,18.0,-1.51,3.89
FE,2014-02-19,19.49350542222207,19.901035062024473,19.376185926603434,19.592300415039062,3218900,19.06761242533868,17.97004940990304,19.75444239235701,20.15866341287501,20.31988278016054,0.84,18.0,-1.48,3.95
FE,2014-02-20,19.536732896429058,19.96278832170344,19.530558060640928,19.91956329345703,3269500,19.642774490498134,18.18332803532868,19.95144134834959,20.264088940932186,20.358513781154624,0.83,22.0,-1.44,3.77
FE,2014-02-21,19.901038081525783,20.024532430148913,19.56143038940626,19.573780059814453,3487000,20.343152064432015,18.4759772270248,20.077301580790984,20.331077415431782,20.36737311410878,0.82,24.0,-1.4,3.61
FE,2014-02-24,19.64787572680482,19.81459274412723,19.530556213385783,19.573780059814453,4009200,20.33351605056666,18.474874858885123,20.073588758394692,20.316418933011715,20.29908229065014,0.8,24.0,-1.37,3.62
FE,2014-02-25,19.51202917770425,19.58612483061449,18.82046307674337,19.01805305480957,5747300,21.23669723492631,19.262003738722818,20.416754923068236,20.581215778498347,20.35441531164574,0.79,45.0,-1.32,3.29
FE,2014-02-26,19.09833054823087,19.351492932108712,18.943963183538063,19.172426223754883,3125200,21.070541298412504,19.160753373893222,20.456746163454937,20.60964920070529,20.30969917973392,0.77,46.0,-1.27,3.25
FE,2014-02-27,19.116851445997952,19.135375951386834,18.863689094330116,19.011882781982422,3077100,21.18143474446436,19.203265007379297,20.44676377666211,20.60636760946544,20.270323361665866,0.76,46.0,-1.22,3.26
FE,2014-02-28,19.036585514485065,19.129205708204108,18.91926597431846,19.005712509155273,2678100,21.123355040825302,19.202816494093465,20.40454288711769,20.503539434809415,20.26978914643443,0.74,45.0,-1.16,3.3
FE,2014-03-03,18.943962173954116,19.110679201592554,18.783419981901854,18.84516716003418,2491900,19.72293372451009,19.267598360681244,20.397944409061623,20.39090230274689,20.2839976219442,0.72,45.0,-1.09,3.27
FE,2014-03-04,18.993361013485423,19.06745669025918,18.80194580780207,18.90691566467285,2931300,19.71345664426128,19.285995127246125,20.36631534603613,20.387079700159667,20.263894473982145,0.7,42.0,-1.0,3.3
FE,2014-03-05,18.9130845040459,19.252693332206,18.888386343990742,19.17859649658203,4362600,19.871555251448623,19.34139831010621,20.48714365524792,20.46226063001533,20.311814658744982,0.68,54.0,-0.91,3.2
FE,2014-03-06,19.190949553986545,19.32679240259857,18.9810098566674,19.042757034301758,2563300,17.61907005017514,19.23941399353078,20.45303973518746,20.470973192023777,20.287341419372403,0.66,50.0,-0.81,3.2
FE,2014-03-07,19.042759780791304,19.104506967331304,18.845169726047,18.937789916992188,2548700,17.62905253012254,19.261060465504283,20.46135140040011,20.23753691296185,20.279481691101488,0.64,53.0,-0.7,3.19
FE,2014-03-10,18.92543882913571,19.13537854103733,18.87604131914295,19.10450553894043,2216400,17.78773814590156,19.28113286960504,20.52746089138712,20.072677310709597,20.297979695721857,0.62,58.0,-0.58,3.13
FE,2014-03-11,19.104507539486207,19.14155538142789,18.83282061721131,19.005712509155273,2073200,17.76023909038925,19.30341585814512,20.378812126949633,20.067498897002125,20.288557844802046,0.6,45.0,-0.45,3.31
FE,2014-03-12,18.943958170653787,19.16624749386345,18.913083999247323,19.14154815673828,2631200,17.54997567368407,19.361133483365137,20.4128697167059,20.087447172403788,20.304380209374724,0.58,49.0,-0.32,3.3
FE,2014-03-13,19.15389715434222,19.4688066252816,19.135372652147254,19.4008846282959,2738600,17.924885266684054,19.324168332525048,20.398510290756448,20.080099705584995,20.350713231904294,0.57,47.0,-0.16,3.31
FE,2014-03-14,19.44411452482903,19.50586171072794,19.289747148946557,19.38854217529297,3604800,17.14451859770524,19.311427220314954,20.31813998939154,20.0739249575755,20.326964769538332,0.56,37.0,0.02,3.38
FE,2014-03-17,19.419419116720047,19.69727972615635,19.29592472737295,19.691104888916016,2702000,17.4498979015768,19.557506205907238,20.493192464971973,20.16400466155287,20.36375849413596,0.55,58.0,0.21,3.23
FE,2014-03-18,19.691098083890893,19.783719432757195,19.57377975005782,19.715797424316406,2645100,17.264545243795787,19.557510466136225,20.40830010819493,20.147752220493242,20.351098960448393,0.55,47.0,0.42,3.3
FE,2014-03-19,19.684925158037412,19.851643366620983,19.413239453382037,19.586130142211914,6096000,17.103481438569226,19.446222407803127,20.377488019117777,19.89675862695425,20.3573688280452,0.54,41.0,0.67,3.35
FE,2014-03-20,19.493506010146827,19.70344567064703,19.20947069166376,19.66022300720215,3612500,16.66025652822003,18.345345631591076,20.27315815342827,19.898553523266305,20.341580020427173,0.53,29.0,0.93,3.51
FE,2014-03-21,19.752849622881175,20.32709528193821,19.752849622881175,20.283872604370117,6380100,18.661239861972074,19.341505913360184,20.81885587049835,20.249148432319863,20.56646755723662,0.53,68.0,1.21,3.26
FE,2014-03-24,20.296217567414057,20.62965159309984,20.154199894723902,20.623477935791016,6493200,18.993175316999437,19.6083746527629,21.008820955684953,20.32323335717674,20.58674778499033,0.52,82.0,1.48,3.11
FE,2014-03-25,20.617307169467942,20.660529848004657,20.277699400054033,20.45676612854004,3976000,19.2135624905334,19.662089071758924,21.018785771557887,20.226172761533842,20.59988755826958,0.52,82.0,1.79,3.07
FE,2014-03-26,20.456766965605176,20.623484027694072,20.395018596983686,20.475290298461914,2990400,19.012403912573514,19.14670323291441,21.02116300038367,20.20144970286487,20.56183735033084,0.51,82.0,2.14,3.07
FE,2014-03-27,20.49998165343412,20.716094970703125,20.43205965216143,20.716094970703125,2498700,18.977040256920507,19.28496932746691,21.11720785634973,20.251638908512064,20.573124384225824,0.51,84.0,2.49,3.0
FE,2014-03-28,20.67905269073578,21.043359756469727,20.642003676175737,21.043359756469727,3659500,18.898765738417083,19.497009635910576,21.248677977669832,20.26626576618646,20.591868614378335,0.5,89.0,2.78,2.89
FE,2014-03-31,21.09893085387422,21.166852873074117,20.876643821209715,21.01248550415039,3137500,18.921043606361483,19.09328437110181,21.248447335419872,20.263109643401453,20.589596291575948,0.49,88.0,3.09,2.88
FE,2014-04-01,21.074237153343944,21.098934146076438,20.63583196704446,20.697580337524414,2552600,19.504474499656716,19.208245276613816,21.301754039956663,20.08821579442909,20.64017666722537,0.47,90.0,3.53,2.83
FE,2014-04-02,20.69757444559546,20.746970772458404,20.549380754088997,20.64200210571289,2640300,19.544253767046083,19.17896137902578,20.868771533013426,20.087489498352593,20.641128637450564,0.46,66.0,3.79,3.1
FE,2014-04-03,20.685226263518327,20.913689297049565,20.586431247224358,20.888992309570312,1759400,19.28145629049377,19.308180104184057,20.945558218755995,20.137928747372193,20.53103516101361,0.46,74.0,3.58,3.03
FE,2014-04-04,20.96926282928848,21.216251561750084,20.91369048225757,21.01248550415039,2137400,18.44225521867705,19.32692640008812,20.845279141351718,20.04451026760279,20.387178283821054,0.44,62.0,1.49,3.12
FE,2014-04-07,21.037179039261268,21.2594683660017,20.765493392944336,20.765493392944336,3521500,18.88701223852336,19.503270144265997,18.767792294466354,20.083938741134176,20.401575968795594,0.47,1.0,1.28,0.51
FE,2014-04-08,20.814903298963536,21.24095890513338,20.46294575371193,21.123638153076172,5013200,16.977131182802886,19.444674661271584,18.976033832005577,20.174752959760138,20.46586888581374,0.5,2.0,0.7,0.39
FE,2014-04-09,21.13598087443582,21.166853878595347,20.654355414261335,20.839595794677734,3838500,17.614429717416016,19.440301186227636,18.906686641136833,20.233362873992835,20.473400914968906,0.52,2.0,0.39,0.42
FE,2014-04-10,20.88899590782295,20.99396460020346,20.648180805881786,20.67905616760254,3891700,17.578195979309747,19.505865618323657,18.928021043648926,20.058840034890135,20.471261313177017,0.55,3.0,0.06,0.41
FE,2014-04-11,20.679054022026772,20.839595051204398,20.444414958958724,20.469114303588867,2553200,17.959964467741717,19.589677257700902,18.906045689979685,20.091192000098648,20.481458498085118,0.57,2.0,-0.13,0.42
FE,2014-04-14,20.549391177120544,20.60496354519045,20.382674072910827,20.567916870117188,4017300,17.666212532779145,18.92678968905505,18.924333516325934,19.994564388460017,20.44355318912374,0.58,4.0,-0.42,0.4
FE,2014-04-15,20.654354433086095,21.074233864995353,20.555559411193276,21.01248550415039,4898100,18.460037368659254,19.391462108238084,19.14030514880745,20.144237749972437,20.491190373603313,0.59,7.0,-0.55,0.33
FE,2014-04-16,21.117457094690593,21.24712512268319,20.956913707734746,21.086584091186523,1620500,18.176939744521967,19.140103115503727,18.568489562220293,20.145479211683437,20.469150192709424,0.62,1.0,-0.51,0.33
FE,2014-04-17,21.006311418256736,21.17302845595628,20.734625702445847,20.753149032592773,2287400,18.7806572318724,18.191637521054886,18.651905351594465,19.88491764717731,20.507606452207355,0.64,2.0,-0.53,0.3
FE,2014-04-21,20.8272437164603,20.919865073700727,20.53703232886866,20.672876358032227,2869500,18.722507369836254,18.173633828666038,18.63211810324842,19.87937776778203,20.508741785799415,0.65,2.0,-0.56,0.31
FE,2014-04-22,20.654350298466404,20.753145300582286,20.51233263014099,20.648174285888672,2411800,18.674900213178873,18.178232930669186,18.630747872962004,19.877088003496915,20.501009534160364,0.67,2.0,-0.59,0.31
FE,2014-04-23,20.691402759548158,20.969264517067284,20.51851204618484,20.555561065673828,3801000,18.651019656379898,18.152234097525906,18.570958327722366,19.813315579878232,20.502781599290813,0.69,2.0,-0.65,0.34
FE,2014-04-24,20.623482792014997,21.197729630761412,20.493812403408924,21.1051082611084,5255100,19.852438447327955,18.674368183342942,18.892516508332093,19.82336948015909,20.675087741721867,0.69,7.0,-0.7,0.3
FE,2014-04-25,21.14215658576797,21.487937996137546,21.074234564314178,21.39531898498535,4021700,19.86143662524034,18.82300526746655,18.998417600337547,19.88224658677201,20.723466339597092,0.7,13.0,-0.67,0.23
FE,2014-04-28,21.364441880918907,21.506461926246345,21.055707158041702,21.19772720336914,3684800,20.16443549668321,18.649515627904698,19.06145232755831,19.898573377769797,20.734504334922253,0.7,14.0,-0.72,0.2
FE,2014-04-29,21.210073302451242,21.358266997330944,21.080405291593298,21.15450096130371,2267300,19.85695655709188,18.57615350408363,19.063089886822887,19.840336725567084,20.733308335124324,0.71,15.0,-0.79,0.2
FE,2014-04-30,21.012486502338476,21.04953552060545,20.660529072909547,20.839595794677734,4751200,20.486391808201414,18.792197293485927,19.223546537157105,19.841490253333298,20.768467522796243,0.71,17.0,-0.87,0.13
FE,2014-05-01,20.876632466444665,21.06187273730944,20.746962156927268,20.91985511779785,4513300,20.335272940263103,18.645450510888352,19.096739287749777,19.815231299977246,20.76600819526456,0.72,16.0,-0.94,0.18
FE,2014-05-02,20.839593882914425,20.845767540996285,20.487636485773034,20.5864315032959,4781500,21.00350920237138,18.796069354693827,19.204591797429487,19.88922574530116,20.817116197762676,0.72,18.0,-1.0,0.16
FE,2014-05-05,20.56770520689271,21.01089341716499,20.56770520689271,20.861082077026367,5855500,19.378446247869014,18.903811555056073,19.312503387301984,19.954763014241955,20.83983538268294,0.73,20.0,-1.06,0.1
FE,2014-05-06,20.66757747175087,20.942228801782225,20.218145857908354,20.380441665649414,8033000,20.016370470573264,19.507987466040984,19.623358350350514,20.116552126815275,20.888706686835967,0.73,21.0,-1.1,0.05
FE,2014-05-07,20.605159561285664,21.160708151654298,20.461591627090687,21.154464721679688,7911100,22.645483126989127,20.84101623875317,20.475182922148953,20.56279544292145,21.23617637436269,0.73,65.0,-1.15,0.21
FE,2014-05-08,21.110765469019643,21.123249944978596,20.79241966616238,20.99216651916504,6652500,22.789440551089964,20.825141445539728,20.51830175686023,20.398437358405868,21.225303183786604,0.73,70.0,-1.2,0.2
FE,2014-05-09,21.073315433861136,21.354210235234767,20.911021982606755,20.91726303100586,7040700,22.585823808579022,20.75949736735264,20.37548999233079,20.372591001084356,21.14061684713971,0.73,51.0,-1.25,0.25
FE,2014-05-12,20.935985895148566,20.960954845071456,20.505279843074142,20.555217742919922,7041700,22.670163117678285,20.86020046049298,20.575036381461214,20.373108778863134,21.202892515869163,0.73,73.0,-1.28,0.19
FE,2014-05-13,20.59267772108331,20.67382326240074,20.24311945443208,20.28057289123535,4599200,22.965774222566196,21.048315775922006,20.688161748641065,20.42950506844905,21.234522858090674,0.73,74.0,-1.29,0.15
FE,2014-05-14,20.33674654922877,20.455345496402526,20.06209284668074,20.19317626953125,5212500,22.60778259018123,21.050409061029825,20.701193684272525,20.41608950552742,21.235181843258708,0.73,74.0,-1.3,0.15
FE,2014-05-15,20.236878313898714,20.318026245567783,20.062100351384863,20.137004852294922,2889100,22.608493790884793,21.0525143637692,20.613578686907836,20.40421038691231,21.205261724085346,0.73,71.0,-1.29,0.19
FE,2014-05-16,20.124521255493164,20.199425750828983,19.99343541219177,20.124521255493164,3354800,22.28529209514674,20.783754439790965,20.004439747656544,20.40155254081711,21.20484523077702,0.73,27.0,-1.3,0.25
FE,2014-05-19,20.06209465437594,20.112032561582605,19.556485249760833,19.5689697265625,4530600,23.47480304540246,21.27000102104684,20.444265477672893,20.639957656878646,21.310723567033037,0.73,59.0,-1.3,0.22
FE,2014-05-20,19.637628920183285,19.80616575909437,19.475335509289337,19.500303268432617,3958200,23.307013200795694,21.282167824874826,20.44704154522842,20.637762017438597,21.288904141493532,0.73,61.0,-1.3,0.22
FE,2014-05-21,19.531521962570718,19.700057675673772,19.45661627518063,19.68757438659668,2924500,22.86555675179404,20.507507144499034,20.490517622646788,20.611670168797467,21.268281202536347,0.73,66.0,-1.3,0.18
FE,2014-05-22,19.662595701446673,19.787438055150144,19.54399558448687,19.693805694580078,2302000,22.627664303574882,20.4477446347219,20.180684009715915,20.607365051609356,21.25587898189872,0.73,32.0,-1.3,0.3
FE,2014-05-23,19.643879448776005,19.700058418791354,19.525280459264096,19.650121688842773,3028000,22.5601588978697,20.37245868259621,20.18321784477552,20.598392991253363,21.228930604109745,0.73,33.0,-1.3,0.3
FE,2014-05-27,20.380442836880448,21.210640303304828,20.318020452942598,20.742483139038086,9638500,27.591323921534038,23.138209613297708,21.924263316610855,21.544824721172624,21.919065377125655,0.75,100.0,-1.33,1.7
FE,2014-05-28,20.736242398330035,21.0421037500586,20.673820013467722,20.998409271240234,5492500,27.777695003456955,23.14814698769806,21.79936018965817,21.587998728197075,20.92721470238457,0.77,99.0,-1.37,1.72
FE,2014-05-29,21.117011466230142,21.160705946816268,20.861083249696254,20.898536682128906,3925400,27.110802021326975,23.184967190479725,21.730370883480305,21.475298982569203,20.872190953126243,0.78,98.0,-1.4,1.76
FE,2014-05-30,20.823627772363654,21.117006977801722,20.77368987306777,21.110763549804688,3828200,27.255674024311112,23.10390331636283,21.75994981474058,21.4810120874646,20.89663807776313,0.8,98.0,-1.42,1.71
FE,2014-06-02,21.148218595896196,21.160703071677464,20.86108041526766,20.942228317260742,2593100,26.947056879820607,23.119253105501674,21.8047968464123,21.421299496810363,20.90996537177842,0.81,99.0,-1.44,1.69
FE,2014-06-03,21.004651384802365,22.07204909680711,20.93598795633942,21.54146957397461,8664600,28.095093377219417,23.702594809823758,22.23471176243352,21.674616597994184,21.100681315739106,0.83,100.0,-1.42,1.43
FE,2014-06-04,21.460321122436024,21.547710062676256,21.298025335272715,21.410383224487305,3161300,28.16998572983848,23.721145785136073,22.258837127691827,21.677493473612824,21.10773352067511,0.86,100.0,-1.42,1.42
FE,2014-06-05,21.460325422621896,21.647587815112875,21.42911542073515,21.572683334350586,1992800,28.174412972496395,23.70229395867707,22.102928709070415,21.6484879537088,21.09967565927842,0.88,98.0,-1.41,1.54
FE,2014-06-06,21.616377644990667,21.92848242377009,21.58516764334682,21.66631317138672,2776200,27.19743723026416,23.68399059517342,21.9858393048949,21.559879487384475,21.096327438095734,0.89,97.0,-1.38,1.59
FE,2014-06-09,21.62262732672802,21.83485875628848,21.553963866992067,21.59141731262207,2335900,26.949746759961585,23.59002400819885,21.987496292116862,21.516073969843998,21.09838175338542,0.9,97.0,-1.37,1.59
FE,2014-06-10,21.56643629197745,21.94096339538073,21.55395181708033,21.68503761291504,3122300,26.817528721399285,23.59021098798764,21.964487592276253,21.156330171451174,21.103361097672714,0.92,95.0,-1.35,1.59
FE,2014-06-11,21.67255451792636,21.685038993618377,21.25433291633972,21.316755294799805,2198500,27.30642788558048,23.732451511709215,21.801623089364274,21.015751487971542,21.152677299966218,0.93,92.0,-1.38,1.73
FE,2014-06-12,21.27930745760142,21.42911882408942,21.042107119483287,21.379180908203125,2494300,26.92794466954666,23.734714925159253,21.799322462294743,21.00790752994469,21.077340201740306,0.94,90.0,-1.4,1.74
FE,2014-06-13,21.266818215297747,21.379176119705154,20.967197930601447,21.335481643676758,4791800,26.925189090711577,23.68788859370351,21.672538751201923,20.98573817277482,20.9936933457855,0.95,87.0,-1.41,1.81
FE,2014-06-16,21.366690816397607,21.66631108949522,21.26057634477086,21.316755294799805,4740700,26.461344740459218,23.68737000715907,21.01597758121445,20.980997218062228,20.98448136936895,0.95,78.0,-1.41,1.96
FE,2014-06-17,21.31051248884677,21.372934869130205,21.166944585950365,21.34172248840332,4331400,26.212136880020125,22.854209940889366,20.991648187530625,20.952469549135117,20.98018763635653,0.95,76.0,-1.4,1.97
FE,2014-06-18,21.4166365946746,21.891034939569742,21.354214193260017,21.866065979003906,4946400,26.042628669538914,23.13234687236101,21.306485097360543,21.1463082045718,21.12097460761903,0.95,86.0,-1.35,1.72
FE,2014-06-19,21.878543832813516,22.2156175548475,21.647586970458562,21.672555923461914,5529800,24.020627656452415,23.14585675039221,21.335836980474067,21.1145022457639,20.963002851996407,0.95,86.0,-1.33,1.71
FE,2014-06-20,21.703771732453177,21.797401759517207,21.65383381308218,21.728740692138672,4186400,23.88869162885335,23.148252029145844,21.24749535492003,21.111853342926125,20.82087237672524,0.96,81.0,-1.32,1.75
FE,2014-06-23,21.678792696583443,21.778666107733763,21.504014822362876,21.597644805908203,2128000,23.941985199254187,23.083406753139492,21.281431042382565,21.094357619568292,20.823213586565878,0.96,83.0,-1.32,1.74
FE,2014-06-24,21.535230604884855,21.59765061069165,21.42911611877919,21.44784164428711,2072200,23.423738385632877,22.921555522032193,21.139835146716443,21.09366839363629,20.833042325306124,0.96,79.0,-1.31,1.9
FE,2014-06-25,21.379179029214438,21.50402142678705,21.310515591490965,21.466567993164062,2447200,22.997671326780313,22.91878719225465,21.086841032685314,21.081448976148504,20.78438244747525,0.96,77.0,-1.29,1.97
FE,2014-06-26,21.43535486824331,21.491533819913233,21.285543536733393,21.34172248840332,1779000,23.037369235785647,22.729759353940544,21.069590275547938,21.074338790923896,20.789180669515233,0.96,76.0,-1.26,1.98
FE,2014-06-27,21.304275488212006,21.372938928981437,21.154464128244992,21.216886520385742,3448900,23.108367669565972,22.758176839053395,21.024614185957333,21.070644031425175,20.79677689621147,0.96,75.0,-1.23,2.0
FE,2014-06-30,21.310513248424574,21.697522495294844,21.223124294083263,21.672555923461914,2595400,23.77386314761292,23.038003935851886,21.15929606945369,21.205779995858236,20.896303303213738,0.96,79.0,-1.24,1.84
FE,2014-07-01,21.616372326960118,21.697517835036706,21.223119735717773,21.223119735717773,2866600,23.067158344533027,23.428967070103685,21.431016329868903,21.346021608689025,20.813908361081634,0.97,86.0,-1.22,1.74
FE,2014-07-02,21.135735712395626,21.19815571483414,20.45534720866579,20.480316162109375,4236200,25.56216612830543,24.435481551520333,22.168012166049632,21.748787759084518,21.111967593198983,0.98,98.0,-1.17,1.71
FE,2014-07-03,20.3742007908877,20.3742007908877,20.180697340471667,20.28681182861328,2113500,25.645233111877474,24.236863160841526,22.207961506842874,21.68113327426468,21.132484420066714,1.0,98.0,-1.13,1.7
FE,2014-07-07,20.2618437209049,20.7175164583758,20.2618437209049,20.392927169799805,4492100,25.673209151059435,24.11615721904237,22.150982989949565,21.681403185324253,21.122594686429927,1.01,96.0,-1.07,1.76
FE,2014-07-08,20.461589345758636,20.792422043572653,20.455348297650712,20.667579650878906,3104600,25.891704260852272,24.22834967958422,22.20118648868868,21.673711735780962,21.085606846168005,1.02,97.0,-1.01,1.68
FE,2014-07-09,20.623883011175998,20.736240914718813,20.524009583712424,20.705028533935547,2628300,20.58407578878182,24.137360535694867,22.050127096610748,21.640870931509085,21.06984562871092,1.03,93.0,-0.95,1.82
FE,2014-07-10,20.630129084358224,20.811150459850495,20.623888035383384,20.71127700805664,2056900,20.25105816449502,24.118143290266527,22.040158097794176,21.639635465760616,21.069897189173872,1.04,92.0,-0.89,1.84
FE,2014-07-11,20.642606280788414,20.761205218836118,20.311776034907396,20.330501556396484,3402900,20.89020198009865,24.002484496545875,22.236359463028315,21.704015897867468,21.098959810126196,1.05,99.0,-0.84,1.73
FE,2014-07-14,20.38044674039988,20.38044674039988,19.92477277505906,19.931015014648438,3414800,21.31602744717125,24.308951173828717,22.46142231632914,21.793167567097537,21.186271999885157,1.07,100.0,-0.81,1.63
FE,2014-07-15,19.912285307498056,20.09330546608112,19.849864111557753,19.949737548828125,2572500,21.251296040992184,24.10940143261585,22.307551544017,21.724529412532213,21.015494880586672,1.08,99.0,-0.81,1.76
FE,2014-07-16,19.968466423964895,20.118276596069336,19.91228746060255,20.118276596069336,3555700,19.542244065335545,24.17080573166272,22.168258675858624,21.69960683953229,21.03284808919073,1.09,93.0,-0.76,1.81
FE,2014-07-17,20.068339347889122,20.149484880457305,19.774960077490018,19.78120231628418,2773700,19.971462042953515,24.40445470495106,22.335222536910198,21.783949342913093,21.09442060276653,1.1,99.0,-0.74,1.72
FE,2014-07-18,19.83114142033126,19.962224879012787,19.68757348256041,19.90604591369629,2216800,19.918848892425356,24.43319046990812,21.86896417808067,21.790224274703196,21.03177030935005,1.1,82.0,-0.71,1.86
FE,2014-07-21,19.812415784125104,19.955983729739618,19.656363358739192,19.88732147216797,2587500,19.815942332659024,23.78038164427046,21.83573744317654,21.79023378459803,21.028419742791495,1.11,81.0,-0.67,1.91
FE,2014-07-22,19.906040415410132,19.974703840850296,19.731262518777175,19.743745803833008,2225600,19.856299167584595,23.61573118375801,21.824615984824778,21.802615895678183,21.026274010345887,1.11,80.0,-0.66,1.92
FE,2014-07-23,19.743750525184144,19.949739660177983,19.70005604057718,19.943498611450195,4032900,20.107974593275756,23.670661326767284,21.87837443190505,21.823110758482816,21.053509474445477,1.12,82.0,-0.63,1.85
FE,2014-07-24,19.912283537923845,20.124516061494205,19.79992563333343,20.093303680419922,3520300,19.84649141420414,23.733449929871522,21.85865020537774,21.844803672530727,20.936997322683652,1.12,80.0,-0.65,1.84
FE,2014-07-25,19.868588564461767,20.16196660420424,19.868588564461767,19.968461990356445,2915600,19.827691614704023,23.577868267778733,21.88159580082017,21.817048433662,20.944650118982015,1.13,82.0,-0.68,1.84
FE,2014-07-28,19.9310199799568,20.24936594422461,19.906051015378907,20.230640411376953,2675200,20.31912962875075,23.7287020277564,21.86292920560401,21.650770293423403,20.916456859889795,1.13,79.0,-0.63,1.85
FE,2014-07-29,20.20566653269731,20.28681445725419,20.099552030806034,20.161972045898438,3916300,20.322630252902545,23.516157033443193,21.837846587804034,21.640083562029364,20.905073365412818,1.14,77.0,-0.63,1.87
FE,2014-07-30,20.005912949421404,20.01215637754928,19.662598218662907,19.756229400634766,9325700,20.988744697663982,23.69305185069936,22.068267108887618,21.695159010185282,20.99504876425581,1.15,88.0,-0.73,1.74
FE,2014-07-31,19.656357923619673,19.818652544015695,19.42540106463759,19.481578826904297,5129800,19.621597540647333,23.39196950393911,22.14497934459733,20.63471998953631,20.804555815755673,1.15,89.0,-0.8,1.73
FE,2014-08-01,19.425403391375237,19.662602516928253,19.3005609943987,19.431644439697266,5293300,19.565956145008,22.009795918397593,22.132685163467173,20.633355358948513,20.798672909226816,1.16,88.0,-0.91,1.74
FE,2014-08-04,19.431635822863793,19.506541465950356,18.975963299959545,19.387941360473633,6718600,19.482200401838156,21.97162237344972,22.108305791629967,20.543337477518246,20.797775943784725,1.17,87.0,-0.98,1.78
FE,2014-08-05,19.040611123758264,20.575228959378823,18.933251077832,20.16473388671875,10792800,23.11834453809776,23.48752589563459,22.871631817037226,21.07435662582586,21.130080579587066,1.18,100.0,-0.97,1.66
FE,2014-08-06,20.114212993655784,20.139473545002893,19.754241403995035,19.88054656982422,6625600,23.339362744511256,23.39680518699163,22.98801768508692,21.09459823303917,21.0097985794391,1.2,100.0,-0.98,1.61
FE,2014-08-07,19.98158868032512,20.14578645941885,19.766868600321526,19.86159896850586,4252000,23.32222551218073,23.242282320189087,22.85846941516555,21.094177669054975,21.001754330312554,1.21,98.0,-0.98,1.74
FE,2014-08-08,19.93106231833659,20.442600661388173,19.93106231833659,20.429969787597656,3420100,24.942240735972575,23.950412983018303,23.29012559514534,21.31615034575895,21.19053667194567,1.23,100.0,-0.94,1.47
FE,2014-08-11,20.411034863763778,20.562603015768808,20.404720628265007,20.467872619628906,3333300,24.92394971013287,23.94462949270951,23.264518021882896,21.035005546476317,21.152290710039104,1.25,99.0,-0.9,1.47
FE,2014-08-12,20.448920949851527,20.549965549103884,20.341559708030932,20.39839744567871,3660100,24.001642081438682,23.95582695189427,23.26621887391326,20.994448465759387,21.104598224251532,1.27,99.0,-0.85,1.49
FE,2014-08-13,20.39208974817342,20.505765259903676,20.31630446762388,20.467872619628906,1719800,23.361392174334974,23.22925176790857,22.740102550586066,20.983802749008877,21.08601147632731,1.28,94.0,-0.84,1.76
FE,2014-08-14,20.442606146300164,20.669957117343774,20.442606146300164,20.66364288330078,1572800,21.140156994507137,23.280602066950404,22.636718603048546,21.012616749488807,21.10053085041088,1.29,93.0,-0.84,1.85
FE,2014-08-15,20.676272203396646,20.909937390886448,20.63837957471182,20.821523666381836,2277000,21.032803563928013,23.253324308493294,22.63051744817898,20.994990090773015,21.114984469345696,1.3,92.0,-0.83,1.82
FE,2014-08-18,20.815206598559488,20.93519871573054,20.669955138541134,20.739423751831055,2029800,21.035881246150026,23.27459482530651,22.63966598703918,20.935291425895503,21.102535746478246,1.31,93.0,-0.83,1.82
FE,2014-08-19,20.752052033007647,20.98571718650771,20.714159409834817,20.966772079467773,1946400,20.916710833426855,23.355596937416156,22.629744135767872,20.968631799054123,21.10177631700936,1.32,90.0,-0.83,1.83
FE,2014-08-20,20.979406283410555,21.061503366341526,20.85941416219963,21.05518913269043,1380500,20.941502122645538,20.59280997978609,22.501982083776646,20.972621496792907,20.97990822883876,1.33,89.0,-0.83,1.95
FE,2014-08-21,21.029923510393328,21.18149159015789,21.010978403832592,21.13096809387207,1599500,20.95970107489757,20.45295763586109,22.507885127894237,20.975017121183377,20.963718785345968,1.34,89.0,-0.84,1.93
FE,2014-08-22,21.04256107247464,21.18781255682267,20.96677821305255,21.048877716064453,2463000,20.208360788457128,20.444837747903115,22.385767742906456,20.980879276156703,20.90009998620086,1.34,86.0,-0.85,2.0
FE,2014-08-25,21.14359686393057,21.364633524546186,21.14359686393057,21.2699031829834,1389800,19.36196271546403,20.452089076313726,22.44013346714438,20.94884757629986,20.92769765746326,1.35,86.0,-0.87,1.93
FE,2014-08-26,21.25727454598259,21.35831913003407,20.95414079382816,20.979402542114258,1997100,19.90353330507547,20.582984673539503,22.472116985565087,20.977079732878337,20.957201282780854,1.35,87.0,-0.87,1.96
FE,2014-08-27,21.086760973737608,21.352004507713602,21.055184993502884,21.345687866210938,2488600,20.327595272679737,20.059969108781,22.62032836269894,21.072924515870838,21.020652779137677,1.36,89.0,-0.89,1.83
FE,2014-08-28,21.314116778101685,21.490944235276782,21.21307217270257,21.46568489074707,1329400,19.54345801544666,20.055120961403265,22.554454498086756,21.052140155059,21.027439655635177,1.35,88.0,-0.92,1.84
FE,2014-08-29,21.446737712095743,21.62988181513626,21.42147595807082,21.623567581176758,1294700,19.562204352344576,20.05159647836133,22.42248517274378,21.06574434030347,21.027297292528303,1.33,82.0,-0.94,1.96
FE,2014-09-02,21.623563348778607,21.629877581502218,21.061500272657664,21.276220321655273,2428900,20.29850662313158,20.303573099996257,22.46792536577695,21.1579601617371,21.086016040082136,1.32,84.0,-0.96,1.93
FE,2014-09-03,21.35831766306899,21.62356118366932,21.26990395923313,21.585668563842773,1682800,20.389768750801178,20.51495404895057,22.544033389878308,21.14193609352462,21.089684935804044,1.3,87.0,-0.99,1.83
FE,2014-09-04,21.522517484042346,21.585669443901914,21.358318533858913,21.4846248626709,1328100,20.39227982308922,20.516890172157627,22.49478102615913,21.14844398655939,21.09042070507668,1.28,84.0,-1.0,1.86
FE,2014-09-05,21.56672764081331,21.85091391279874,21.50988990459758,21.838285446166992,1987600,20.738927245598763,20.480287248845134,22.6250517561811,21.22732073863416,21.14599258949548,1.26,89.0,-1.01,1.74
FE,2014-09-08,21.794078398111356,21.81934015213628,21.560413196114446,21.623567581176758,1713600,20.902943342874934,20.58083754146141,22.437537107572965,21.263578077417126,21.13598943918192,1.25,78.0,-1.03,1.92
FE,2014-09-09,21.528829344996762,21.68039740469453,21.320423564048898,21.573036193847656,3376300,20.7131425032326,20.582287064362607,22.435323765575703,21.214239373902632,21.131257015901983,1.22,77.0,-1.05,1.93
FE,2014-09-10,21.471993314169985,21.573037892225898,21.288849263602152,21.446731567382812,3329300,20.782882320268033,20.618711837320784,22.30721744151387,20.90789188381726,21.054396767805088,1.18,72.0,-1.07,2.01
FE,2014-09-11,21.453048824834692,21.844596274911407,21.440417951078302,21.825651168823242,3020000,20.124067100528144,20.924677680477448,22.46247678243716,20.973475211027644,21.105640791155427,1.15,80.0,-1.08,1.84
FE,2014-09-12,21.66145139440312,21.711974887505182,21.434100493629337,21.585668563842773,2127600,19.921004607296492,20.44846836799682,22.536320827322793,21.014852789875263,21.07512015176236,1.12,85.0,-1.1,1.81
FE,2014-09-15,21.62987793579585,21.844597988310536,21.57935443680744,21.6993465423584,1626400,19.84562407262302,20.397567289245902,22.535063561079703,21.0131742481692,21.07399793186063,1.08,84.0,-1.11,1.79
FE,2014-09-16,21.693031850652382,22.07195089985138,21.61093477105519,21.97722053527832,3150500,19.931175247434954,20.55721077004318,22.23872096604508,20.905480040896723,21.107324449721336,1.04,67.0,-1.11,1.96
FE,2014-09-17,22.059318763698514,22.071949638859525,21.79407520350351,21.920381546020508,2610700,17.001850100272204,20.524536483768724,22.141623101597798,20.908299234934443,21.073910473269848,1.01,58.0,-1.11,2.08
FE,2014-09-18,21.926692928948405,21.977214008381672,21.579349968064896,21.661449432373047,2191100,16.813497546593748,20.622923713533016,22.17396662610001,20.94770599790915,21.037479596864696,0.97,62.0,-1.13,2.06
FE,2014-09-19,21.749870890798316,21.933014988430234,21.667773806281986,21.86354637145996,4189400,16.873516226509548,20.707168070832243,22.217481171184875,20.854189083636637,21.023986077153083,0.94,64.0,-1.14,2.0
FE,2014-09-22,21.85091508130561,21.977221436216436,21.674087629886465,21.876176834106445,1865600,15.12386980437591,20.667642596629417,22.0811264858935,20.804808559642733,20.755558364157505,0.9,52.0,-1.16,2.07
FE,2014-09-23,21.819340070075803,21.895122922772106,21.6046199798584,21.6046199798584,2159300,15.718735827322666,20.797780461771637,22.169965874034034,20.850906555679604,20.622510554880826,0.86,60.0,-1.18,2.03
FE,2014-09-24,21.667772826931603,21.67408706041924,21.23833267697396,21.314115524291992,3114000,16.275009897567134,20.521328577154723,22.125971597938918,20.917417892519477,20.65722490093986,0.82,53.0,-1.17,2.06
FE,2014-09-25,21.28254136536208,21.453054593282875,21.20044186841648,21.38990020751953,2867100,16.276609548566746,20.07637839288141,22.03533409298661,20.919794835432505,20.643475219656167,0.78,46.0,-1.18,2.16
FE,2014-09-26,21.446738781781384,21.503576526625597,21.257280435331868,21.459369659423828,3031200,16.107619271661243,18.649080186857887,21.71348178591667,20.92025867364796,20.64257957558953,0.75,27.0,-1.17,2.31
FE,2014-09-29,21.389894337622408,21.471993812037958,21.276218883537133,21.453048706054688,1622400,15.999318360966047,18.52757004295496,20.898256624542697,20.80889206257823,20.621086737524944,0.74,13.0,-1.18,2.66
FE,2014-09-30,21.465686887349616,21.642514360972086,21.130974643443825,21.200443267822266,3061300,16.370674432506878,18.68826317514761,20.94811831441104,20.792534684559765,20.651182748787146,0.73,13.0,-1.18,2.62
FE,2014-10-01,21.20043734746149,21.3583196645615,20.96045555092345,21.07413101196289,2852900,16.189433480297485,18.545498517719693,20.96229979906196,20.80217374640511,20.616642602858924,0.72,13.0,-1.18,2.61
FE,2014-10-02,21.036240151975502,21.200436696718626,20.979402423200405,21.13096809387207,3273900,16.162533721912762,18.549402545905032,20.776495801266105,20.789747946438574,20.61481159716177,0.72,10.0,-1.17,2.73
FE,2014-10-03,21.200442518302207,21.213073395842066,20.865732695323384,21.149921417236328,2139100,16.131052172747363,18.5497515163329,20.659702647630418,20.574786594188442,20.59405620409877,0.72,8.0,-1.13,2.81
FE,2014-10-06,21.15622651499383,21.40883913851136,21.11201966724214,21.30779457092285,3098000,16.2255824125327,18.179442108177852,20.67534682800217,20.588107542672624,20.596367866368134,0.72,9.0,-1.09,2.77
FE,2014-10-07,21.25095980755818,21.465679844692566,21.200436312188746,21.23832893371582,3305200,15.973130522628221,17.686781316040303,20.677450094458223,20.51957390596832,20.589546479330536,0.72,9.0,-1.04,2.77
FE,2014-10-08,21.25095749626229,21.914062641761944,21.20043400638789,21.850908279418945,4890500,17.440622551595812,18.555159432111285,21.145350454095237,20.414753376313556,20.77570922054984,0.7,19.0,-0.99,2.4
FE,2014-10-09,21.83828536291045,22.16667849413468,21.75618587555779,21.819337844848633,5597700,16.78472633035632,18.508614643224522,20.638304786102243,20.404301049759553,20.76665823047392,0.69,5.0,-0.94,2.64
FE,2014-10-10,21.88248895746532,22.19825357498088,21.876172316023016,22.008792877197266,3267500,16.88425212332875,18.170062380457807,20.659529037904882,20.423450528519815,20.771565059069783,0.69,5.0,-0.9,2.58
FE,2014-10-13,22.0403754386817,22.450868073706488,21.983537700405247,22.16667938232422,5146100,16.878313824697752,18.17999721543245,20.638277260952183,20.4201756179305,20.784017569698822,0.69,3.0,-0.83,2.61
FE,2014-10-14,22.18562603331375,22.747686751454143,22.103526545882943,22.457183837890625,4949100,16.43627019367102,18.314979509014723,20.72300858517832,20.422964389336194,20.825382180478506,0.67,8.0,-0.72,2.5
FE,2014-10-15,22.716111739830993,22.728742616060874,21.61093536519624,22.185626983642578,5053500,16.46724658778119,18.44863060255995,20.826058434011046,20.482596963509828,20.786883864934072,0.66,9.0,-0.66,2.42
FE,2014-10-16,21.91406332042657,21.983531916608975,21.554091875747453,21.88880157470703,2915900,16.91725136201107,18.635610731771564,19.15342543838655,20.442904698693525,20.821219283747418,0.72,1.0,-0.66,0.88
FE,2014-10-17,22.021420479102392,22.021420479102392,21.667765701849518,21.93932342529297,2295100,16.26146828092568,18.595379134589994,19.063281540465066,20.41079141563499,20.773244235495362,0.77,1.0,-0.68,0.96
FE,2014-10-20,21.926706541682584,22.179316913861797,21.89512813720291,22.065641403198242,3332900,16.05275872844112,18.545523064764716,19.06322390232784,20.394825288105427,20.757749366219336,0.82,1.0,-0.69,0.95
FE,2014-10-21,22.109834890677977,22.362447518989995,21.989845217230677,22.236141204833984,3878300,16.15225366927379,18.437446808502365,19.036310307927504,20.37047534251954,20.77182729532998,0.87,1.0,-0.71,0.97
FE,2014-10-22,22.248776930228683,22.659271938502815,22.22983182215523,22.431921005249023,4257000,16.167517743098873,18.465785448358112,19.03119445684256,20.334787599240745,20.763804874104157,0.91,1.0,-0.7,0.96
FE,2014-10-23,22.514022475511698,22.564543571196925,22.198257797925802,22.35614013671875,2810100,15.488779935509497,17.91769739784705,18.52212107434127,20.3248416172753,20.74170602796201,0.97,1.0,-0.72,1.11
FE,2014-10-24,22.444554823923593,22.949777847917883,22.35614109586127,22.90557098388672,3254700,16.491537216826046,18.167822555481695,18.87634247627064,20.485065646525193,20.827165341222305,1.01,2.0,-0.63,0.95
FE,2014-10-27,22.836102856325887,22.94977834030016,22.659275396407445,22.817157745361328,3126600,16.545929823423037,18.185872245799697,18.85748049139579,20.482966512373043,20.796606450789255,1.05,2.0,-0.61,0.98
FE,2014-10-28,22.848733434027945,23.221335869041965,22.80452656962742,23.21501922607422,2426500,16.86053900476697,18.39927934138867,19.034732741832926,20.535732996180954,20.86761681235261,1.08,5.0,-0.46,0.86
FE,2014-10-29,23.21501813028204,23.316062731155668,22.842415712855548,23.10134506225586,2360900,16.92658492232716,16.840213819471046,19.04414418844579,20.519792850968273,20.8682756834533,1.11,7.0,-0.42,0.85
FE,2014-10-30,23.1960695214991,23.713923323998564,23.12028668454851,23.688661575317383,3888800,17.714490033538215,17.123170204333626,19.427347874619528,20.63163465537203,21.018040075627557,1.13,11.0,-0.14,0.7
FE,2014-10-31,23.75812814289686,23.770759016154628,23.42341843339068,23.581300735473633,2891100,17.740219103565696,17.173577506500475,19.232054965571667,20.637681819653743,21.02143503496634,1.16,11.0,-0.06,0.79
FE,2014-11-03,23.581307291738266,23.68235189680088,23.4865769205137,23.650775909423828,2539600,17.73094222788396,16.340802319115706,19.23209994539731,20.629866832643692,21.01338798825695,1.18,12.0,-0.01,0.79
FE,2014-11-04,23.606568265157595,23.821288344956532,23.17712810555972,23.316062927246094,4193900,17.868109741852496,16.69505289222089,19.37854601227356,20.707216937796797,21.06250933528715,1.2,13.0,-0.09,0.71
FE,2014-11-05,23.59667234998317,23.79437507521541,23.341572216316738,23.660446166992188,8543300,17.52904725923029,16.84727105122623,19.49915022430419,20.68824615203315,21.08067893848343,1.22,15.0,-0.1,0.63
FE,2014-11-06,23.596668376200785,23.6285552793354,23.156623274187655,23.36707878112793,3598600,18.128743841506125,17.12189645434071,19.61687206022158,20.633477891878943,20.960840327151573,1.23,16.0,-0.19,0.57
FE,2014-11-07,23.328811820925388,23.76885685409773,23.328811820925388,23.756101608276367,3678300,18.550522588713754,17.308367543127297,19.41926884175426,20.714719692129503,21.01860517558212,1.25,14.0,-0.2,0.61
FE,2014-11-10,23.71784947631302,23.8326443217418,23.615809884022525,23.819889068603516,2761400,18.519192775785683,17.273499939886154,19.358648005415095,20.40810594198975,20.977101804114053,1.27,13.0,-0.22,0.64
FE,2014-11-11,23.736981674325687,23.883663424463037,23.660450161615742,23.78162384033203,2179200,18.01343730716834,17.244268859499893,19.361037758316023,20.394632356295745,20.12791491341681,1.29,14.0,-0.27,0.64
FE,2014-11-12,23.57753387204602,23.57753387204602,23.022691606722425,23.214017868041992,3715700,19.576338745752903,17.976923616406346,19.73627033288065,20.583300666165933,20.274544217534228,1.3,20.0,-0.37,0.55
FE,2014-11-13,23.2459125918132,23.367083822995514,22.97805719549534,23.0226993560791,2398200,19.85826806165851,18.084173275185865,19.750402541245172,20.61257798216076,20.218814872552823,1.31,21.0,-0.46,0.54
FE,2014-11-14,22.914285375190417,23.035456616947315,22.831377455664377,22.888774871826172,3155700,20.01125925399189,18.14043781273537,19.777660807535884,20.59768015588413,20.221123788522675,1.32,22.0,-0.53,0.53
FE,2014-11-17,22.844126491510842,23.233153047108033,22.761218594543855,23.18851089477539,2393800,20.191889900677385,18.26285320240204,19.84673176174271,20.644447570055476,20.22599043901331,1.33,23.0,-0.61,0.48
FE,2014-11-18,23.233156266175172,23.50100921728337,23.09285094922411,23.398969650268555,2447400,20.184495417123294,18.23598031766847,19.859720119575893,20.606837233672497,20.243964458740592,1.33,24.0,-0.69,0.46
FE,2014-11-19,23.27142198694645,23.68595666306798,23.188514078596075,23.622182846069336,2435600,18.83025012762971,18.021695567581357,19.640774256089546,20.60731337719061,20.22361749950966,1.35,20.0,-0.75,0.55
FE,2014-11-20,23.501007592650623,23.615802401708383,23.322438970923002,23.42447853088379,1638100,19.066640102987773,17.85708278769575,19.385291626120935,20.62333732741687,20.02233742044539,1.36,16.0,-0.82,0.64
FE,2014-11-21,23.628562682713294,23.839020688409718,23.45637043245682,23.730602264404297,2200900,19.231546130710647,17.992182742465516,18.566852842355676,20.65120177419233,20.024581360277523,1.39,2.0,-0.85,0.28
FE,2014-11-24,23.698712263798065,23.73697801425273,23.137493421205676,23.16300392150879,2351300,20.668223706152286,18.715059401351404,18.931477989554818,20.855734661142492,20.165020872570043,1.4,5.0,-0.89,0.26
FE,2014-11-25,23.23952996486525,23.23952996486525,22.97167704499057,23.111982345581055,2416100,20.397867999298814,18.37801604216816,18.92930982478659,20.84701185934219,20.16552723097719,1.42,5.0,-0.92,0.27
FE,2014-11-26,23.150244354409494,23.34156820537524,23.073715300586148,23.23952865600586,1581200,20.049868073333858,18.197135710457303,18.841974570425158,20.80154533278171,20.14255675624711,1.44,3.0,-0.96,0.33
FE,2014-11-28,23.303301563998176,23.590288515833507,23.303301563998176,23.5201358795166,1099900,19.74897563677245,18.28647500434398,18.92005306576881,20.8412379212076,20.123297737664174,1.45,6.0,-0.99,0.27
FE,2014-12-01,23.43085896225823,23.743354071492828,23.258666736983688,23.622182846069336,1971800,19.756878233417808,18.03478854730734,18.925582428266914,20.774330131810732,20.123884360994793,1.47,7.0,-1.02,0.26
FE,2014-12-02,23.583915481237923,23.7305971965427,23.456365423159642,23.64769172668457,1698200,19.73586343348855,17.883583968428336,18.655560380971767,20.774311802685595,20.122698134410104,1.48,3.0,-1.03,0.35
FE,2014-12-03,23.641311354069842,23.71146400310863,23.271418885703753,23.615800857543945,4529700,19.695331083173713,17.875674274967217,18.345059123393654,20.75652254422225,20.12249999608559,1.5,1.0,-1.04,0.44
FE,2014-12-04,23.583914752949166,23.705085966333424,23.43085663423378,23.564783096313477,2618100,19.62397116640661,17.826363147531566,18.354923502335193,20.75739395004488,20.124277194480175,1.52,2.0,-1.04,0.44
FE,2014-12-05,23.34795076890559,23.60304846660143,23.3096850194844,23.59667205810547,2533100,19.56648361365292,17.51392268034626,18.323050214072413,20.44364124044795,20.073065979932757,1.54,1.0,-1.04,0.47
FE,2014-12-08,23.55202308412921,24.00482337356942,23.55202308412921,23.941049575805664,3580000,18.779004143303084,17.526567941741103,18.193728769083904,20.422201060729144,20.093166313743108,1.56,1.0,-1.03,0.48
FE,2014-12-09,23.839016894761258,24.12600393285205,23.80075114541077,24.119625091552734,2217000,18.78526837386065,17.55096255295411,18.20161660479492,20.40918041352428,20.104206772026807,1.58,2.0,-1.02,0.47
FE,2014-12-10,24.106862353513545,24.228035972409316,23.74972520177288,23.756101608276367,2795600,18.82414770464927,17.737497242974882,18.39803244144669,20.497909157057563,20.144046734475644,1.6,6.0,-1.02,0.39
FE,2014-12-11,23.730599567603306,24.336460579398956,23.66682574859966,24.132381439208984,3951800,19.228380028904482,17.961454235627926,18.47229390883074,20.533430224823345,20.1977398040902,1.62,7.0,-1.01,0.33
FE,2014-12-12,23.953812021105755,24.126004246196636,23.705088296319925,23.88365936279297,2333000,18.155287694634985,17.91527844271083,18.529958243434677,20.499821537532682,20.22838626085593,1.63,9.0,-1.0,0.32
FE,2014-12-15,23.96656396119919,24.13875372969496,23.756106015325717,23.84539031982422,3784200,18.107465784136984,17.85534460538283,18.51519239890217,20.500029641056177,20.16757842950776,1.64,8.0,-0.99,0.34
FE,2014-12-16,23.756104028716393,24.138751711086645,23.46274064337823,23.717838287353516,2792700,18.164912626279637,17.909120214390274,18.506212888460425,20.426604906285235,20.17531562991162,1.65,8.0,-0.98,0.34
FE,2014-12-17,23.85814702080199,24.330081501222,23.775239118941382,24.27268409729004,2761100,18.81797842560292,18.2183998483228,18.731021579478714,20.59296731720869,20.296460212971333,1.66,14.0,-0.96,0.27
FE,2014-12-18,24.298193595311623,24.770128103562456,24.22804337109344,24.73824119567871,2919400,19.12422427169667,18.257918747586338,18.908725767382478,20.66339960085852,20.377236105893875,1.67,18.0,-0.9,0.17
FE,2014-12-19,24.80201950865119,24.986967013853523,24.515032420029556,24.693603515625,5484900,18.692491387511797,18.27753650942226,18.57650889056328,20.6574912010801,20.33799962636792,1.68,13.0,-0.88,0.24
FE,2014-12-22,24.14512815266003,24.457623161231428,24.10686241509818,24.374717712402344,3591000,18.636436494766954,18.546381595473413,18.55489943314322,20.668129977793523,20.154146032200597,1.68,12.0,-0.93,0.25
FE,2014-12-23,24.464018567198135,24.980592993619684,24.37473421857298,24.87855339050293,2341900,19.480853346460346,18.914889241754793,18.761934681510645,20.709007131538858,20.224235475812147,1.69,17.0,-0.97,0.14
FE,2014-12-24,24.961454534689334,25.420633840150824,24.891301870486565,25.344104766845703,2364300,20.072291856458186,18.957756087852285,18.918380471091275,20.741757091582897,20.297275694378474,1.69,22.0,-0.97,0.05
FE,2014-12-26,25.420630087050085,25.873430483742414,25.382364339639388,25.50991439819336,2750800,18.489141326300466,18.878560137834867,17.997234487785054,20.724983855391997,20.296711671663736,1.69,1.0,-0.86,-0.38
FE,2014-12-29,25.529057129762922,26.04563399622607,25.529057129762922,26.000991821289062,2952600,18.71858598896865,19.156589855933834,17.993440565621285,20.788196716667397,20.266312481564523,1.69,1.0,-0.67,-0.39
FE,2014-12-30,25.994602589354162,25.994602589354162,25.560936267959683,25.624710083007812,2049000,19.2830082402503,19.504249555966876,18.192423617029014,20.868891709896868,20.325768013454663,1.69,3.0,-0.66,-0.45
FE,2014-12-31,25.682105872167508,25.78414542950693,24.865789413452152,24.86578941345215,3090600,21.41187244516318,20.63745788497818,18.449988940006083,21.056104602870064,20.554044385717734,1.67,10.0,-0.71,-0.24
FE,2015-01-02,24.935945268837514,25.05074010089379,24.642581779278366,24.99972152709961,2354900,21.338354333157813,20.60897137088086,18.45789983295415,21.06044367632427,20.46831086453889,1.66,11.0,-0.75,-0.24
FE,2015-01-05,24.872162750277628,24.91680489905039,24.240791394639828,24.330078125,3065900,22.840976867358716,20.793913199585575,19.011563281354796,21.228113126233993,20.623059030655668,1.64,32.0,-0.8,-0.21
FE,2015-01-06,24.43850040548089,24.719108617977586,24.317329174978624,24.457632064819336,3676400,22.695317726977997,20.794526622744925,19.017788638515157,21.226712447719155,20.618229260639083,1.62,33.0,-0.85,-0.22
FE,2015-01-07,24.502271865149286,24.840279888735697,24.355590147780294,24.66170883178711,2374400,22.52851018666928,20.78998727859582,19.006223916180712,21.243074827374954,20.631396280245102,1.61,32.0,-0.9,-0.21
FE,2015-01-08,24.757370070230355,24.980580833134795,24.680841013350953,24.884920120239258,2114400,21.285139185960464,20.813564785979892,19.018462144051846,21.254108662652303,20.64628258053656,1.59,35.0,-0.94,-0.22
FE,2015-01-09,24.923193365447744,24.986967193236804,24.578808856629426,24.85304069519043,3185800,21.26949474965776,20.694045609569798,19.0026937575777,21.041097341352437,20.64553036535229,1.58,32.0,-0.98,-0.21
FE,2015-01-12,24.846650578020242,24.986955854868338,24.374718627773078,24.52777671813965,3076100,21.7183905225946,20.723880420416112,19.093577245943422,21.05172278744644,20.616985434424617,1.56,43.0,-1.01,-0.25
FE,2015-01-13,24.221664753754116,24.993339122624327,24.189777845575584,24.636201858520508,3724800,21.518991946183803,20.48850005983587,19.094317306162694,21.02212577606799,20.56829758008819,1.55,44.0,-1.04,-0.25
FE,2015-01-14,24.578800973929564,25.254812089825265,24.464006174472782,25.222925186157227,4423400,22.435428509651313,20.959896454606806,19.407966979256557,21.19002726923089,20.687998028446657,1.53,52.0,-1.06,-0.31
FE,2015-01-15,25.3441035809929,25.682109202355978,25.24206401042205,25.465274810791016,5361400,22.533584115698776,21.00109162577065,19.42556351593535,21.12853312449186,20.693479415844234,1.51,54.0,-1.06,-0.31
FE,2015-01-16,25.490784876414423,26.147664448697913,25.388745307585772,26.096643447875977,3786100,23.381747821945588,21.459432848435714,19.708646096451737,21.306579560498356,20.681026102742354,1.49,59.0,-0.98,-0.35
FE,2015-01-20,26.134905669625788,26.147660918108993,25.77776601054069,26.122150421142578,2661000,23.335322624527148,21.424238868842416,19.546161368308386,21.207015834820385,20.67938591124245,1.47,57.0,-0.93,-0.28
FE,2015-01-21,26.000979864649207,26.453780249540483,25.867053401424737,26.338985443115234,2598600,23.367738120885193,21.41972975375578,19.420463690662544,21.17570807799039,20.63467361213722,1.44,54.0,-0.86,-0.24
FE,2015-01-22,26.44103094924342,26.581336284842454,25.892567291336825,26.071138381958008,2469900,23.470354040762476,21.102019233630774,19.51009368639858,21.017645656236013,20.39280861136247,1.42,58.0,-0.86,-0.29
FE,2015-01-23,26.14127823951654,26.492038973812257,26.051991521552157,26.294336318969727,1830000,23.49106581035044,21.10372240171727,19.51942123027953,20.597242372683397,20.395519706310182,1.4,59.0,-0.84,-0.29
FE,2015-01-26,26.22419268144123,26.428271812595234,26.090266207774253,26.370874404907227,1725900,22.85884844788817,20.873934844629144,19.3016356858604,20.57086666619728,20.39524529796058,1.37,48.0,-0.83,-0.21
FE,2015-01-27,26.268829333342133,26.523929410222834,26.217810777654773,26.230566024780273,1749800,22.69338193181077,20.88024964191268,19.236210930566607,20.57775266597848,20.392473993491983,1.35,48.0,-0.84,-0.19
FE,2015-01-28,26.262461717356064,26.498427786129138,25.91807722813129,25.981853485107422,2628100,22.65271878854256,20.453615702609028,19.293925360985597,20.497417875542727,20.38561013658697,1.32,49.0,-0.87,-0.22
FE,2015-01-29,25.930830313524854,26.51118082304604,25.822414334944582,26.383630752563477,3192200,22.89726907829974,20.606528940649742,19.27586226448847,20.488821343004126,20.43378531244267,1.29,49.0,-0.88,-0.21
FE,2015-01-30,26.230574861203436,26.33261443976737,25.70124287484243,25.72037696838379,3144400,24.263554747992234,21.35210933079134,19.672615301633464,20.724143013376292,20.534024436010764,1.26,67.0,-0.91,-0.21
FE,2015-02-02,25.75226359467174,25.924455837739863,25.43976602032986,25.733129501342773,2946700,23.482288719510162,21.10282820166033,19.662813539763615,20.718573822674905,20.51272391849962,1.23,67.0,-0.93,-0.2
FE,2015-02-03,25.66934851024464,25.847917112684755,25.465269412366013,25.79051971435547,2697900,22.920422471264132,20.928336316883218,19.624756844931017,20.717477662429012,20.49390901782796,1.2,66.0,-0.96,-0.17
FE,2015-02-04,25.719745178453604,26.015743649147435,25.597483126239265,25.842004776000977,4782900,22.900851596267767,20.726585308054236,19.46331277236728,20.420660310639008,20.46335500729758,1.16,61.0,-0.98,-0.12
FE,2015-02-05,25.95139737142692,26.530524501995632,25.758352539903687,26.40182876586914,3836200,23.17719772538863,20.900801836704346,19.604554020770916,20.546586939218592,20.52014998350796,1.12,66.0,-0.98,-0.12
FE,2015-02-06,26.324605886381942,26.324605886381942,24.93469767543469,25.056957244873047,4616100,27.507577332775547,23.651569528404238,21.407237562188993,21.49393528683245,21.199322055571752,1.1,91.0,-0.98,1.57
FE,2015-02-09,25.0569580135861,25.0569580135861,24.304092167948216,24.419918060302734,3225800,27.938811620950638,24.268039386070352,21.75938673288137,21.73141953679937,21.35105316744402,1.09,93.0,-0.96,1.36
FE,2015-02-10,24.42635336718641,24.921830283094035,24.32983342024335,24.85104751586914,2548900,28.381510093885055,23.96431831571665,21.906978100581075,21.812910096685705,21.4078308009129,1.08,94.0,-0.94,1.3
FE,2015-02-11,24.664436218007584,24.690173392419336,24.111046466163682,24.16252326965332,2872100,28.791045719714276,24.63179789311058,22.302139797861482,21.170804509043876,21.57882392014636,1.09,100.0,-0.9,1.16
FE,2015-02-12,24.188268151650316,24.246181102319337,23.847226583636445,23.918006896972656,3324900,28.657699636343086,24.697680168207466,22.33404619770933,21.166922250378555,21.588830320699607,1.09,100.0,-0.86,1.1
FE,2015-02-13,23.84078385663522,24.078869274824026,23.634871745553117,23.95660972595215,4170100,27.435191096932883,24.565788927739195,22.334272488909658,21.157081768580703,21.528838865875745,1.1,100.0,-0.82,1.1
FE,2015-02-17,23.879402421136813,24.22044402516231,23.564097999830036,23.76357650756836,5519000,27.430639713870235,24.563645391983343,22.277920560851054,21.153465680880217,21.543585205895045,1.1,97.0,-0.76,1.14
FE,2015-02-18,23.261663401764363,23.3195763524487,22.31575269214241,23.235923767089844,11024900,27.083387376580887,24.920569866027943,22.469694675132622,21.30525688683515,21.66303579982086,1.11,100.0,-0.72,1.05
FE,2015-02-19,23.396795371034102,23.454708328077924,23.171577224900588,23.313142776489258,3284400,27.047558661878362,24.87298124482251,22.469020156545522,21.05278788424515,21.662842023017653,1.12,99.0,-0.68,1.05
FE,2015-02-20,23.287402686940556,23.338881960943294,22.88844813208689,23.068620681762695,5105200,26.999393886080536,24.812489721818793,22.53830240535566,21.07875389808125,21.632986066244992,1.14,100.0,-0.64,0.98
FE,2015-02-23,23.139400974863094,23.261663010175564,22.88844567767779,22.90774917602539,4354700,26.818520872219796,24.355721206254692,22.571104914221245,21.079697514214242,21.57015748565444,1.17,100.0,-0.61,0.94
FE,2015-02-24,22.93349104623496,23.34531541557996,22.894884045775655,23.210186004638672,3898200,27.20925708421652,24.503382633084932,22.567016368063754,21.128722295796678,21.606193740922023,1.2,99.0,-0.58,0.99
FE,2015-02-25,23.18444659360197,23.531924329119786,23.017143862426845,23.068620681762695,5528400,27.040088367244085,24.509075743013543,22.568130850680248,21.137858733660824,21.413690852998332,1.23,99.0,-0.59,0.99
FE,2015-02-26,23.1651417876136,23.1908814231643,22.882013160556127,22.914186477661133,3199200,27.00155592699253,24.413580759380913,22.59856261729164,21.149125508262053,21.414059778009285,1.26,100.0,-0.61,0.95
FE,2015-02-27,22.87558567525967,22.90775900453175,22.47663099201698,22.508804321289062,4962100,26.19731247552184,24.650689616274665,22.791849502939893,21.157658606969413,21.475134621551852,1.29,100.0,-0.65,0.82
FE,2015-03-02,22.650359610907486,22.650359610907486,21.987577547030433,22.064796447753906,3374400,26.28460547687749,24.95601616256978,22.996545810982795,21.290088049007164,21.573452129194184,1.33,100.0,-0.7,0.68
FE,2015-03-03,22.251404008709688,22.251404008709688,21.891056520487748,22.109838485717773,2217700,24.880075017058527,24.964548282306044,22.99073968715967,21.289574413317723,21.554664231413685,1.37,99.0,-0.76,0.69
FE,2015-03-04,22.013323854927492,22.122716103452944,21.942541068469957,22.077672958374023,3277200,24.834769467270405,24.963681315035938,22.54842311752921,21.29009532715813,21.554040913867777,1.39,93.0,-0.77,0.78
FE,2015-03-05,22.193497043719603,22.412279067903576,22.16775740448217,22.36079978942871,4385000,25.084680541129178,25.119858783559145,22.635933864302018,21.341528479496898,21.544883553090607,1.42,97.0,-0.78,0.75
FE,2015-03-06,22.071234956443334,22.071234956443334,21.762366649990533,21.94253921508789,4500500,25.35176384595256,25.177781548024676,22.79712955215412,21.268653117291358,21.61927013468305,1.45,98.0,-0.78,0.63
FE,2015-03-09,21.91679941785337,22.142015097377154,21.865320145581187,21.974712371826172,3252800,25.087621018918348,25.117482036703358,22.76941320483921,21.242866143508678,21.610801215655012,1.47,96.0,-0.77,0.64
FE,2015-03-10,21.929667895695363,22.296449096885105,21.852448992006302,22.13558006286621,3647300,25.254367493395208,25.018608498330014,22.703554967710833,21.2579878610345,21.6057151606936,1.5,95.0,-0.78,0.66
FE,2015-03-11,22.096977320524278,22.180629930920958,21.90393491201975,21.987585067749023,2806000,25.255137122063655,24.792961473897222,22.64645396048589,21.26080645660422,21.610336564517517,1.52,94.0,-0.77,0.71
FE,2015-03-12,22.135577986546874,22.740444614041365,22.084098722249593,22.61818504333496,4105000,27.090864419655585,25.462011710946243,22.985708404209255,21.503495471863747,21.777540545247184,1.55,98.0,-0.77,0.7
FE,2015-03-13,22.51522850878617,22.521662189358494,21.961838702243885,22.264270782470703,4218900,26.594532047248283,25.64345479071855,23.124817334026414,21.58721538527296,21.801258237443143,1.58,100.0,-0.78,0.59
FE,2015-03-16,22.360793593916302,22.759748072889646,22.30931432970481,22.592445373535156,3319900,26.53900341758804,25.82966371262856,23.222435441243107,21.64240255805133,21.84636393256446,1.62,100.0,-0.78,0.56
FE,2015-03-17,22.521662768371176,22.740444733450584,22.45088000692395,22.560272216796875,3346700,26.51452983767989,25.343460621775705,23.19296175962481,21.630916433095674,21.79613168937958,1.65,99.0,-0.77,0.56
FE,2015-03-18,22.566707993552317,23.364619485795778,22.521664860205238,23.235923767089844,4647200,28.229381413788314,25.789204447151914,23.619070498645634,21.764975157856608,21.987724935979898,1.68,100.0,-0.75,0.49
FE,2015-03-19,23.145841372218126,23.44183985648956,22.939929169710428,23.126535415649414,3264800,28.18333370724576,25.799786434189897,23.625394990339665,21.62516656536459,21.98230472672029,1.71,100.0,-0.73,0.48
FE,2015-03-20,23.248791320306207,23.45470346831595,23.15870506238525,23.40966033935547,7294200,27.58705118625595,25.819283510587343,23.39005855558746,21.237757463101754,22.0102520065519,1.74,98.0,-0.72,0.54
FE,2015-03-23,23.409660339355472,23.531919910152997,23.338877578227166,23.40966033935547,1996700,23.495479238587453,25.441728229608113,23.3809208753596,21.20301931248702,21.79576878845743,1.76,97.0,-0.7,0.55
FE,2015-03-24,23.38392947670841,23.448276126593044,22.90132223857161,22.972105026245117,2757600,22.976495886524056,25.368649611576576,23.41499523895618,21.323480549022225,21.82239281461222,1.79,98.0,-0.71,0.49
FE,2015-03-25,22.98496522097699,23.13296441746298,22.444445242448612,22.470182418823242,3610500,22.91624910495039,25.65172720904385,23.662294013077492,21.438380668918533,21.921850244944498,1.82,100.0,-0.73,0.38
FE,2015-03-26,22.47017994899842,22.560268647739594,22.122704786803826,22.335050582885742,4458300,21.706660943394468,25.279517312502183,23.32596251393465,21.45152753739619,21.93113230677332,1.84,94.0,-0.76,0.45
FE,2015-03-27,22.296456127017088,22.521671863787994,22.16132423028711,22.290019989013672,4655400,21.588545890665397,25.154655847234086,23.31851127336664,21.45346527117974,21.902749594454328,1.86,93.0,-0.79,0.45
FE,2015-03-30,22.547402354752283,23.030009413092014,22.476619593449158,22.849834442138672,4214900,22.961228206562424,25.083442842321173,23.657968182296297,21.527201196279876,21.986008710798956,1.89,99.0,-0.8,0.37
FE,2015-03-31,22.824097311039708,22.95922669852999,22.367227429334825,22.560272216796875,4200600,23.115433801975335,25.149114921104925,23.636708955347814,21.448361129757295,22.0241886709349,1.91,98.0,-0.82,0.38
FE,2015-04-01,22.322186152167657,22.392968919487487,21.923231637334634,22.193492889404297,6073000,22.7062867799551,24.77815985536891,23.64940652847383,21.543321379555508,22.033620179943316,1.94,98.0,-0.85,0.34
FE,2015-04-02,22.193494234161438,22.81123076965561,22.174188279843825,22.740447998046875,3993100,23.883799990985842,25.30508894594556,23.901348235319848,21.706621494462393,22.162565443968475,1.97,100.0,-0.86,0.31
FE,2015-04-06,22.779059444609853,23.09436142159927,22.701840529918275,23.023578643798828,2914500,23.997092169581663,25.383998074910135,23.83633038092118,21.649149787171492,22.165116091229702,1.99,99.0,-0.87,0.33
FE,2015-04-07,23.184451767120425,23.300277704805797,23.017148998612353,23.042888641357422,3412500,23.907672718378276,25.299459477811727,23.83223139641268,21.639442915013213,22.158266528078496,2.01,98.0,-0.88,0.33
FE,2015-04-08,23.06218765202313,23.094360971851227,22.81766600292905,22.93992805480957,3241600,23.623581761112753,25.307939171998495,23.840498656136123,21.647525046373904,22.129850834190762,2.03,99.0,-0.89,0.32
FE,2015-04-09,22.88844652263441,23.075055195772197,22.663230851376195,22.978532791137695,3196100,23.567346204529887,25.19398507059038,23.534895372025947,21.626613466144146,22.06662158408257,2.05,90.0,-0.9,0.46
FE,2015-04-10,22.997838003586793,23.42896583314668,22.90131560206345,23.32600975036621,2966700,23.878831396860672,25.38565829833853,23.619159932472115,21.664160573925088,22.071098444243752,2.07,91.0,-0.89,0.45
FE,2015-04-13,23.15227259065842,23.203751863140223,22.952794091791656,22.96566390991211,2438600,23.734460522765087,25.039823249341868,23.732023855123412,21.736678820243398,22.11412235871666,2.09,96.0,-0.89,0.38
FE,2015-04-14,22.97209743333725,23.087923328579837,22.843401721438095,22.99783706665039,1974600,22.917328041673553,24.940607874612354,23.641820949930114,21.720954592051704,22.0886016507468,2.11,92.0,-0.89,0.42
FE,2015-04-15,23.042880197615112,23.268095852438734,22.98496724999382,22.99783706665039,1914400,22.919855887050158,24.339976148138227,23.59658937424163,21.672086815925287,22.084322440862106,2.12,87.0,-0.9,0.43
FE,2015-04-16,22.90131716922207,22.972099941227366,22.470186855492894,22.68253517150879,2833800,23.325336169861803,24.448265968292198,23.64344053880389,21.734759150529896,22.02960022502453,2.14,92.0,-0.92,0.38
FE,2015-04-17,22.540969882018814,22.766188018639333,22.495926745628076,22.566709518432617,1519600,23.110857185073787,24.35364569630805,23.62089100329329,21.6021309851659,22.03387579480205,2.15,88.0,-0.93,0.4
FE,2015-04-20,22.817664023527577,23.35818409561791,22.817664023527577,23.229488372802734,4196600,23.807047803082316,25.13870082766686,23.98379329525618,21.786497515672437,22.1592115589351,2.16,100.0,-0.94,0.35
FE,2015-04-21,23.268097212811966,23.454705883242525,22.64392456914195,22.83696937561035,2896800,24.432445340737786,25.23071321159538,23.827743053478148,21.886740780371465,22.224019255469997,2.17,95.0,-0.94,0.39
FE,2015-04-22,22.875574268429155,22.901313900878908,22.63105266948942,22.843400955200195,2674600,24.366972688196444,25.21308534276669,23.825531518007274,21.88366235147037,22.22344866345954,2.17,94.0,-0.95,0.4
FE,2015-04-23,22.830532727968365,23.081488025153668,22.811229229620764,22.90774917602539,2646800,24.259591430118288,25.227773794462216,23.81320115244278,21.40354714330642,22.219299238020085,2.18,93.0,-0.95,0.4
FE,2015-04-24,22.9141862158737,23.538358870180115,22.86914308150795,23.37105369567871,5399100,23.572258805229776,25.588373499595026,23.950976995712544,21.451007429045895,22.15371434128951,2.19,99.0,-0.95,0.36
FE,2015-04-27,23.454707581354217,23.544793855072786,23.132969486835414,23.319578170776367,2709900,23.05111770630753,25.338690907348717,23.942930890658904,21.453039600951136,22.115202086084633,2.19,98.0,-0.96,0.36
FE,2015-04-28,23.223052616054677,23.403225139095696,23.06218359057762,23.396791458129883,1986800,22.723677886125813,24.88565888972377,23.948398389677912,21.20745917944399,22.096038790213015,2.19,98.0,-0.96,0.36
FE,2015-04-29,23.22305354499237,23.454705343692204,23.05575083185728,23.383922576904297,1911000,22.71642222245751,24.882859258163954,23.94767863995439,21.207610694818175,22.09489351149515,2.19,97.0,-0.96,0.36
FE,2015-04-30,23.300271593408404,23.35175086539611,22.939926508161626,23.107229232788086,2794400,21.3615292091967,24.958531212251287,24.01886199742533,21.254792022044604,22.07540287832705,2.18,100.0,-0.96,0.31
FE,2015-05-01,23.22305366758574,23.486878783127356,23.107227767624387,23.32600975036621,3148600,21.49354101069168,25.053424295915562,24.066233530353955,21.277530148300894,22.091162714788663,2.18,100.0,-0.96,0.3
FE,2015-05-04,23.358182612029783,23.84078970093398,23.326009297036155,23.58340072631836,2655100,21.438899875750597,24.730466365680943,24.018361963239315,21.28668815239046,22.05387151918412,2.17,98.0,-0.96,0.31
FE,2015-05-05,23.49241902990608,23.563901483747962,22.868552102512467,22.946537017822266,2354500,22.885647462090553,23.03084684044938,24.37165963833053,21.528724630897635,22.1925298099414,2.16,100.0,-0.96,0.2
FE,2015-05-06,22.940043456998055,23.04402089416733,22.355171302552513,22.634611129760742,2795000,22.574708449510762,22.616430555978877,24.349808078021006,21.588054244327815,22.110118892208856,2.15,99.0,-0.97,0.21
FE,2015-05-07,22.74508359620897,22.836063533951027,22.543626249053435,22.582618713378906,2063400,21.638646843054783,22.27617193936318,24.212295148678876,21.55486245166691,21.799748546871683,2.14,98.0,-0.97,0.25
FE,2015-05-08,22.862059159690983,23.089509010508092,22.667101790559542,22.803571701049805,1649400,21.728578804395166,21.695511972447058,24.21760940726631,21.578481072028428,21.805559638827635,2.13,98.0,-0.97,0.27
FE,2015-05-11,22.745087212345993,23.070017029665223,22.67360225589292,22.70609474182129,1820300,21.76302925989507,21.622231163635984,24.224559657401127,21.582421521592522,21.80694949489879,2.12,98.0,-0.98,0.26
FE,2015-05-12,22.55012110851858,22.771073398120844,22.4786361796742,22.654098510742188,1796100,20.527953130889937,21.61791676170427,24.213735090830045,21.578772576098686,21.735381773530765,2.11,96.0,-0.98,0.27
FE,2015-05-13,22.686593313871178,22.81656569975212,22.335668615697767,22.44614601135254,1731800,20.36646858407309,21.63515863983522,23.954884827762648,21.57545766116389,21.712451481309493,2.1,90.0,-0.98,0.33
FE,2015-05-14,22.569617490052536,22.797069775782244,22.569617490052536,22.712587356567383,1868300,20.051741437224813,21.317561415005795,23.83051252242756,21.553007059298533,21.73708044929374,2.08,81.0,-0.94,0.36
FE,2015-05-15,22.784077553352326,23.089509867353023,22.751582591443334,22.901052474975586,2766000,18.91837366425637,21.378211598108308,23.873848708214947,21.479797789923502,21.74856258577992,2.06,84.0,-0.9,0.35
FE,2015-05-18,22.855555706715865,23.01152306575732,22.790570753208552,22.959535598754883,2078500,18.581888909565194,21.278338162224838,23.79833714664946,21.472395252964798,21.749218983853034,2.04,76.0,-0.88,0.4
FE,2015-05-19,22.85555821393443,23.12850050244404,22.771078260911015,23.07001304626465,2032700,18.63454662501515,21.25183984096366,23.57441200395787,21.46295010260534,21.56397065217024,2.02,63.0,-0.82,0.48
FE,2015-05-20,23.134997826614185,23.459927585297066,23.096007842143326,23.284467697143555,2867500,18.76975405386007,21.165491168257496,23.426563248413206,21.397740866149118,21.5769878288793,2.0,61.0,-0.74,0.53
FE,2015-05-21,23.277975376145225,23.498927783941312,23.193492916953684,23.342960357666016,3484300,18.775823165548914,21.131871102377556,23.403086378004044,21.334802681036244,21.559455099691235,1.96,59.0,-0.63,0.54
FE,2015-05-22,23.258474157182903,23.498921499325707,23.10250677261995,23.40144157409668,3409500,18.28081963227364,21.087451122168126,23.190317568884737,21.327444445102945,21.56019725328338,1.91,52.0,-0.52,0.62
FE,2015-05-26,23.401439567801738,23.40793955106906,23.06351480841896,23.23247718811035,1894100,17.813827431901675,20.80666449259181,23.11055399906477,21.26306503814435,21.572850313987058,1.87,50.0,-0.39,0.67
FE,2015-05-27,23.355955914671135,23.505423342999695,23.20648848634257,23.30396842956543,2272000,17.828697097595654,20.370429171375136,22.64298119511172,21.230587591118248,20.896762821250107,1.83,41.0,-0.31,0.83
FE,2015-05-28,23.310462994652454,23.570407824439346,23.290968000074606,23.4404354095459,2274800,17.89633816200228,20.39428976656088,22.646263907511592,21.237697023481825,20.87019865324499,1.78,41.0,-0.21,0.83
FE,2015-05-29,23.49891531655686,23.557402760502228,23.15449063499904,23.186983108520508,2950700,17.709882100856145,20.53301989843776,22.306122054470677,21.266904450098448,20.89439201253816,1.75,28.0,-0.16,0.96
FE,2015-06-01,23.271468788552685,23.329956240705542,23.005026501860154,23.13499641418457,2555300,17.646812462538648,20.390462976679203,22.288966783588084,21.171786789999743,20.873366157081595,1.72,26.0,-0.09,0.96
FE,2015-06-02,23.02452541558537,23.083012877702714,22.582620697147128,22.751583099365234,2156900,16.229813380784368,20.30671497513355,22.389326186640577,21.22508966786584,20.926460974488275,1.68,30.0,-0.01,0.89
FE,2015-06-03,22.74508323906303,22.84256315883738,22.251191093782435,22.407155990600586,2182900,16.080933421576745,20.56386950678773,22.449785377345854,21.29619250555848,20.79600181118959,1.64,30.0,0.1,0.83
FE,2015-06-04,22.322671957441255,22.70608914655648,22.30317696649177,22.45264434814453,2506200,16.09752531591651,20.515907007223394,22.455058867783087,21.24502501178331,20.78732209698775,1.6,30.0,0.21,0.83
FE,2015-06-05,22.192704410329636,22.374664289291275,22.017242036037732,22.35516929626465,2940800,16.100402053131432,20.48748840964095,22.377002954441387,21.249207645331584,20.77906805681416,1.56,27.0,0.28,0.89
FE,2015-06-08,22.309675767884183,22.465640645253917,22.212195860265332,22.290178298950195,2041800,14.844299481698206,19.6467014911176,22.362724090967262,21.2043975316318,20.77702905398405,1.52,26.0,0.38,0.89
FE,2015-06-09,22.225196223972087,22.322673665193996,22.01724137454453,22.04323387145996,2557000,15.100762472788926,19.512850317090695,22.069823563093177,21.21835054294653,20.80446125853222,1.49,19.0,0.54,0.98
FE,2015-06-10,22.257686175776033,22.608610873949445,22.24468868928623,22.44614601135254,4708100,16.11789844952493,19.63824186335044,22.218660202110314,21.325714749000582,20.87824955910376,1.45,19.0,0.76,0.91
FE,2015-06-11,22.589119985091713,22.641109946195996,22.225200173432913,22.433155059814453,2164800,16.11777156948638,19.63658406493615,21.832062987770772,21.27287549060341,20.806309376182824,1.43,16.0,1.02,1.05
FE,2015-06-12,22.335668013731727,22.335668013731727,21.880765914916992,21.880765914916992,2492200,17.258657398912092,19.297792817932898,22.142070573629415,21.418757469042326,20.9556643817208,1.39,18.0,1.29,0.89
FE,2015-06-15,21.841780162567755,21.87427264469631,21.555840370194513,21.633825302124023,2736200,17.13258617305303,19.399929508412548,22.13466897354424,21.45793956157655,20.98582657026887,1.35,17.0,1.53,0.88
FE,2015-06-16,21.633823692269573,21.711806139378634,21.445363839323488,21.67931365966797,1910800,16.713599680736817,19.214399511924576,22.104124597286166,21.455982588413764,20.98661051143882,1.31,16.0,1.82,0.91
FE,2015-06-17,21.672813973097703,21.8482763407588,21.43236664512538,21.724803924560547,3586500,15.04855385326497,19.225161965111948,22.05085357895595,21.457296258545313,20.987303272005377,1.27,14.0,2.09,0.94
FE,2015-06-18,21.776790510779904,22.186202685327732,21.770293006620133,22.121217727661133,3111300,15.676099268414328,19.269785593586676,22.26576899453482,21.515453802414367,20.924679458626407,1.22,19.0,2.38,0.84
FE,2015-06-19,22.108221814474366,22.251191706341306,21.93275944146059,21.965251922607422,3378100,15.77751450578077,18.795332529376815,22.27460118727048,21.52031647441433,20.917688640047494,1.17,19.0,2.7,0.83
FE,2015-06-22,22.062733189232393,22.134218139521067,21.854778322402186,21.893768310546875,2041300,15.460890373554134,18.76828537378461,22.241272284396942,21.522250784215416,20.918746768640766,1.11,17.0,3.09,0.86
FE,2015-06-23,21.939258436028652,21.958755909254794,21.555841182815524,21.62082862854004,2537600,15.778897752517448,18.931940704195192,22.13723647437977,21.574798916393394,20.94775749431617,1.05,14.0,3.14,0.89
FE,2015-06-24,21.60782311179421,21.67280805435836,21.445358276367188,21.445358276367188,2059700,15.89107650309164,18.242032341207313,21.838626465176358,21.57922371732168,20.952061985753677,1.01,8.0,3.47,1.03
FE,2015-06-25,21.4713602942091,21.5363452581083,21.334890382610293,21.354385375976562,2219400,15.754814472342396,18.091794373979596,21.838826848810754,21.58166155783536,20.956182857752314,0.96,8.0,3.76,1.03
FE,2015-06-26,21.35438097483667,21.477853372404468,21.165921147746115,21.282896041870117,2285200,15.233147184299161,17.81056810775244,21.830171355285895,21.31880828027122,20.950745088914193,0.9,5.0,3.9,1.03
FE,2015-06-29,21.237409294824218,21.692311454261468,21.17892183891061,21.191919326782227,2493200,14.917359561609992,17.04090138748868,21.824258103467233,21.323887600536214,20.946901258186617,0.84,4.0,3.75,1.04
FE,2015-06-30,21.243905421516654,21.321890343688782,21.0944380392125,21.152925491333008,2313500,14.840070172682681,16.80554937343087,21.49893297147848,21.2989957428062,20.838665415141303,0.78,2.0,0.81,1.18
FE,2015-07-01,21.224406168987777,21.334883547041088,21.139923759772497,21.32188606262207,1796100,15.006492898877294,16.90924548148219,20.0028000393277,21.30314339749358,20.748474271020765,0.82,1.0,0.32,-0.03
FE,2015-07-02,21.5038485412686,21.71180335961314,21.419366121623323,21.581830978393555,1411100,15.224946559178044,17.11653701223328,19.741215782841586,21.295514704505454,20.472459995988814,0.88,1.0,0.23,-0.04
FE,2015-07-06,21.536352156266673,21.78329956041308,21.360889722716724,21.64682960510254,1944200,15.239957289535006,17.12761731567615,19.52394840506771,21.25132728630837,20.4511418053514,0.94,1.0,-0.39,0.06
FE,2015-07-07,21.72479849761154,22.212193015244438,21.698803528373777,22.13421058654785,2727200,16.80167949326966,17.478206770248043,19.40624140185213,21.35606568075919,20.563400445084625,1.0,1.0,-0.48,-0.03
FE,2015-07-08,22.02373854564636,22.199200912010646,21.906763634736834,21.95875358581543,2412300,16.822787103846384,17.27330847874621,19.38243058641082,21.375407995062563,20.538102014893806,1.06,1.0,-0.54,-0.02
FE,2015-07-09,22.03672681662196,22.186194144932692,21.65980974501582,21.750789642333984,1615700,16.89625541080045,17.35999587962507,19.426827147895857,21.393988424748994,20.5606279380248,1.12,3.0,-0.65,-0.03
FE,2015-07-10,21.854768777869342,22.049726070502665,21.718296441911193,21.874263763427734,1477500,16.888876028466505,17.4116225280694,19.42110419519299,21.384921265823507,20.56788846799325,1.17,3.0,-0.72,-0.04
FE,2015-07-13,21.95225084917578,21.9912433075943,21.72480103927691,21.880765914916992,1555100,16.70582133086958,17.201529933104467,19.109553464456624,21.359001291518677,20.48135022143132,1.23,1.0,-0.76,0.02
FE,2015-07-14,21.88076861816019,22.01724099997689,21.73130122761553,21.848276138305664,1471400,16.70603778952252,17.176853043930187,19.099691620888827,21.35612118301912,20.382171638950727,1.28,1.0,-0.8,0.03
FE,2015-07-15,21.802784616197254,22.010739447260093,21.724802174302972,22.004241943359375,1690100,16.29336710478275,16.126732864914242,19.072499397103996,21.175757626898314,20.393267548641724,1.33,1.0,-0.83,0.02
FE,2015-07-16,22.030241491289534,22.56962367166161,21.958756538453052,22.543628692626953,3000700,17.301455592225278,16.573702415238934,19.44080121555416,21.367576679754276,20.51656713596386,1.37,8.0,-0.83,-0.07
FE,2015-07-17,22.45914672410236,22.48513922179872,22.270686861453566,22.35516929626465,2069000,17.468798410755255,16.65776170836626,19.366632976188903,21.289867976954277,20.46193477402399,1.42,4.0,-0.81,-0.01
FE,2015-07-20,22.355169170676955,22.36816417994342,21.939256982645215,22.075729370117188,1858600,17.800556943328814,16.830303131760292,19.44240778325144,21.333000931698734,20.49516256797939,1.45,10.0,-0.82,-0.04
FE,2015-07-21,22.004242846797226,22.062730300373563,21.568835697058425,21.627323150634766,1900800,18.72260699292938,16.757573766850793,19.677921133219026,21.252417280379362,20.601382259879145,1.48,12.0,-0.88,-0.1
FE,2015-07-22,21.685818525286187,21.841785951464978,21.56884357540663,21.6533260345459,2148000,18.48226224093619,16.764191028021706,19.48372204844113,21.247924521761433,20.587497750929522,1.52,11.0,-0.93,-0.04
FE,2015-07-23,21.380379649886322,21.425869618922974,20.860490039723373,21.003459930419922,4774800,19.542526513168546,17.772270169856892,19.82197734327086,21.538139308507606,20.793816159390342,1.54,15.0,-0.85,0.05
FE,2015-07-24,21.022952994568552,21.13343039424943,20.964465542741536,20.983963012695312,2119700,19.54024570238615,17.77130382037838,19.817925134660516,21.47736026602408,20.781267916854453,1.57,15.0,-0.8,0.06
FE,2015-07-27,20.951468827863415,21.39987093599412,20.951468827863415,21.282896041870117,1457600,18.864983823041555,17.940087829992287,19.953508879372784,21.472280202847642,20.818093095966137,1.59,17.0,-0.84,-0.02
FE,2015-07-28,21.269903476195626,21.380380892431862,21.146431050065743,21.315393447875977,2090400,18.614030239301457,17.809663309831706,19.84508098908152,21.427009315720873,20.778866937421707,1.61,17.0,-0.9,0.04
FE,2015-07-29,21.250406782695837,21.32189172648106,21.003459471169787,21.191919326782227,2382500,18.65933723299855,17.638804899537554,19.6439805928589,21.339962987223164,20.784462922602856,1.63,13.0,-0.92,0.11
FE,2015-07-30,21.107436478191268,21.438866214827442,21.087941486277593,21.419368743896484,2516700,18.936989281756254,16.992550518315998,19.71988811181589,21.378379484109136,20.708149056905015,1.66,15.0,-0.95,0.06
FE,2015-07-31,21.54284262943303,22.17320463566791,21.54284262943303,22.06922721862793,3450300,20.20861266923579,17.939408873664043,20.25891263929224,21.679966760962092,20.867900025488076,1.67,22.0,-0.96,0.04
FE,2015-08-03,22.108220108025787,22.400657373809967,22.056230158989838,22.374662399291992,2964400,20.48127973485507,18.16756454696016,20.347280177963036,21.55912739997397,20.907587085498587,1.68,23.0,-0.93,-0.02
FE,2015-08-04,22.335670246187323,22.465642641556162,21.86777309348365,21.906763076782227,3115300,21.409284751858923,18.547314661433127,20.12078972195631,21.68023626355645,21.018050163486425,1.7,22.0,-0.97,-0.02
FE,2015-08-05,21.998734852711316,22.294326463722616,21.98559705798977,22.044715881347656,2203300,21.142743825419945,18.585643009952985,19.99382544558949,21.68388617351725,20.662481693497483,1.71,21.0,-0.98,0.02
FE,2015-08-06,22.077556337275944,22.333737037665895,21.86078651031348,22.31403160095215,2660300,21.226937323732724,18.760558434336915,19.950992939261177,21.676682192654432,20.644156840520292,1.72,20.0,-0.99,0.04
FE,2015-08-07,22.287753123198545,22.727857857891703,22.162947863907384,22.504520416259766,2765600,21.25764006590332,18.75021509376751,19.996682474955985,21.673563353078354,20.659307780997654,1.74,23.0,-0.99,0.01
FE,2015-08-10,22.543931758663668,22.68844494486576,22.35343755972041,22.419126510620117,1855100,21.26738606680953,18.604428098147668,19.43567413080886,21.64677616975434,20.47529068623006,1.75,9.0,-0.96,0.03
FE,2015-08-11,22.41912338146088,22.760698361132093,22.41912338146088,22.458534240722656,2166400,21.190789021794863,18.525366160838736,19.425869886908185,21.62653201737371,20.475222150874508,1.77,8.0,-0.94,0.04
FE,2015-08-12,22.42569844917747,22.767273541963743,22.34030404953647,22.73443031311035,3557800,21.363800638029158,18.694404734282433,19.426552690038378,21.620064819946762,20.50585873943382,1.79,9.0,-0.92,0.04
FE,2015-08-13,22.64246938208728,22.688450405895917,22.46511293063489,22.629331588745117,2394500,21.39104944516501,18.687373082817064,19.438697476354037,21.437813438317,20.50991387228396,1.8,12.0,-0.89,0.03
FE,2015-08-14,22.62275547594255,22.852663040161133,22.543931242445108,22.852663040161133,3647700,21.306681370406295,18.70015746849208,19.275415488327546,21.468621815375606,20.511281784729675,1.82,4.0,-0.89,0.07
FE,2015-08-17,22.8723653702913,23.04972175094154,22.806678935580923,22.905208587646484,2633900,21.30448883233456,18.6988404060913,18.951691099369235,21.460268327038502,20.499402470201613,1.84,1.0,-0.9,0.16
FE,2015-08-18,22.813245054238767,22.898639418284723,22.616183257482227,22.760696411132812,3120200,20.52498869269289,18.729565326043772,18.954233523363698,21.424546754728016,20.50582388441714,1.86,2.0,-0.9,0.15
FE,2015-08-19,22.675309885568296,23.023452597044614,22.616191075527265,22.911785125732422,2838500,20.41085995731123,18.730578937955407,18.97818706787532,21.433033607833263,20.48819055210775,1.88,3.0,-0.91,0.14
FE,2015-08-20,22.754131676140506,22.977469100453643,22.55706983251769,22.583345413208008,3124300,20.687967599061015,18.941250327280166,18.707598338113062,21.49884994832745,20.537750289876264,1.9,1.0,-0.9,0.16
FE,2015-08-21,22.511093509937723,22.68187980845774,22.26805060235153,22.32716941833496,4225700,20.96157560294075,19.023426868996548,18.685679399240055,21.5389609692549,20.568205861825135,1.91,1.0,-0.9,0.17
FE,2015-08-24,21.492937113069413,22.248341378487396,21.35499154653424,21.506074905395508,7278000,23.70079441351227,20.358299077085473,19.4377736860714,21.982225006189516,20.90685208688044,1.92,18.0,-0.95,0.55
FE,2015-08-25,21.972455466951644,21.998731051854936,20.82949258143531,20.836061477661133,4958100,25.356054786022014,21.29002260144119,19.66069801167908,22.287620354993965,21.120126060498364,1.92,25.0,-0.92,0.59
FE,2015-08-26,21.118516254216278,21.190770344626415,20.67184013923879,21.11194610595703,5280700,25.595354363732163,21.27303103726389,19.674465172117525,22.27537573368752,21.11666392233798,1.92,26.0,-0.96,0.58
FE,2015-08-27,21.282734010685054,21.361558246135473,21.03312100835192,21.35498809814453,4199600,24.738825877399975,21.225805567852927,19.76970284632419,22.301056574567184,21.07659000799382,1.92,30.0,-1.0,0.53
FE,2015-08-28,21.282735288876317,21.348421738067096,20.954296778478884,21.341854095458984,3852200,24.6613936656184,21.217666026511978,19.76072145355697,22.234129350381377,21.069162571225274,1.91,30.0,-1.03,0.54
FE,2015-08-31,21.24331679936723,21.27616001605221,20.711248921162365,20.993703842163086,3672700,24.836655584740615,21.446615644440115,19.913564743761423,22.22764159515515,21.119965937232458,1.91,35.0,-1.05,0.45
FE,2015-09-01,20.82292026285136,21.11194411456169,20.205457938036435,20.3499698638916,3378100,25.71238143359248,22.314307852089623,20.318458397199013,22.488323020613915,21.286465366948253,1.9,43.0,-0.82,0.43
FE,2015-09-02,20.547034104926475,20.65213392108355,19.929571745337178,20.271146774291992,6401400,25.69907773371079,22.23003374395815,20.194816883819204,22.49095516397319,21.238953701308077,1.89,42.0,-0.65,0.51
FE,2015-09-03,20.31712696010573,20.566738700094515,20.225164937934373,20.527326583862305,5387500,24.587399951621812,22.05023041225018,20.30942088001353,22.54081983109502,21.272754109046108,1.89,44.0,-0.65,0.45
FE,2015-09-04,20.29742464172468,20.382819040300348,20.02153726297589,20.093793869018555,2929300,25.30099207941564,22.42121617698843,20.560156397740226,22.49034621670391,21.312789810683487,1.88,47.0,-0.49,0.33
FE,2015-09-08,20.376244418070424,20.50761854781622,20.244869035436125,20.48134422302246,2997900,25.60545206712416,22.299605565431666,20.71579774348514,22.491664329533016,21.379372444072846,1.86,48.0,-0.54,0.31
FE,2015-09-09,20.619290002193562,20.64556558338658,20.179184040319843,20.218597412109375,3137900,25.809083970507047,22.332532742163245,20.791831232985377,22.53526842209268,21.416026125305176,1.85,49.0,-0.54,0.26
FE,2015-09-10,20.19232286429495,20.428798095579495,20.041242023369264,20.08065414428711,3680000,25.824954881847933,22.352553605825523,20.24441533333834,22.501314613452184,21.418811212077216,1.84,43.0,-0.49,0.27
FE,2015-09-11,20.106931661551556,20.20546259977137,20.00839947044289,20.093793869018555,4114300,25.566461659986473,22.34521244910649,20.091968540704805,22.356006048004325,21.34456652337306,1.82,41.0,-0.5,0.36
FE,2015-09-14,20.15290475464625,20.44192981222947,20.13319807359909,20.284278869628906,3766200,23.97855424002246,22.09368286851944,20.162494959006853,22.268687508047872,21.339523224749946,1.81,43.0,-0.55,0.33
FE,2015-09-15,20.317123743876767,20.586442125792477,20.133198475761095,20.487911224365234,3405900,23.777058344853305,22.184524307015888,20.23080640756055,22.289466968763666,21.35702658342508,1.79,45.0,-0.62,0.3
FE,2015-09-16,20.494486880493824,20.99371044616633,20.42879917357203,20.744098663330078,3499600,23.533405830144243,22.353408902822697,20.064014813836863,22.21811810075915,21.355235500311988,1.78,41.0,-0.66,0.34
FE,2015-09-17,20.7440994362773,21.131654290490104,20.658706291119287,20.836061477661133,3280900,23.484066597670818,22.246055547116843,20.083081531926595,22.17141504645813,21.358967865021032,1.76,42.0,-0.7,0.34
FE,2015-09-18,20.619291021796585,20.941159389995118,20.402522477789866,20.448503494262695,5285600,23.58925221232092,22.504838166960138,20.264137696337624,22.003753344566817,21.40788127278533,1.74,50.0,-0.74,0.22
FE,2015-09-21,20.52732797069242,20.73752760865012,20.47477806120299,20.593015670776367,3487700,23.531673011782708,22.54969232211083,20.307532784668023,22.011542522272514,21.39904091623167,1.72,51.0,-0.78,0.21
FE,2015-09-22,20.724388648833088,20.75723312346639,20.172614003879644,20.297420501708984,3982100,23.766357404941996,22.721685050876626,20.345597470720293,21.850513372416046,21.446062188855276,1.69,54.0,-0.81,0.19
FE,2015-09-23,20.330265761588052,20.382815670142445,20.001828519900933,20.014965057373047,3491800,23.913039441200965,22.872577070267734,20.371423478592295,21.891785139783742,21.455291839601706,1.67,56.0,-0.81,0.15
FE,2015-09-24,19.962413540676895,20.212026525868303,19.909863636355844,20.179182052612305,3214100,23.705245185456654,22.94787429094632,20.332450259432374,21.890953525517116,21.43066379871249,1.64,54.0,-0.85,0.16
FE,2015-09-25,20.225160921285138,20.553598081400413,20.014960086385155,20.389379501342773,3095500,24.06472432379414,22.992290969659905,19.992438799015392,21.900342591884474,21.453504562814636,1.61,38.0,-0.89,0.25
FE,2015-09-28,20.37624217348126,20.547029650936985,20.290847808309216,20.303985595703125,2465600,23.73240865078297,22.845082058937184,19.897876507459355,21.90338631036561,21.454452783015263,1.57,35.0,-0.93,0.32
FE,2015-09-29,20.32369089905174,20.44192847180487,20.126627860167094,20.251434326171875,1821800,23.662937990018218,22.831766341063698,19.898383436886434,21.857160864424266,21.45576294754325,1.54,36.0,-0.97,0.32
FE,2015-09-30,20.33684314289637,20.586456267732295,20.27115666541357,20.566749572753906,3293800,24.31786731386814,22.575010772075405,19.997930342680736,21.934981462350073,21.48100190519038,1.5,43.0,-0.99,0.28
FE,2015-10-01,20.59958760553948,20.68498075122629,19.890163096312424,20.093793869018555,2883000,24.788208481536326,22.98425617126362,20.301180178904776,21.89683536608881,21.5975742565727,1.46,55.0,-1.01,0.16
FE,2015-10-02,20.172615964727786,20.395953402389,19.995260796022826,20.33026695251465,2324300,25.02254968122091,23.078463684575294,20.40365785074683,21.91316541159208,21.62839872060681,1.42,63.0,-1.03,0.12
FE,2015-10-05,20.395952844493937,20.908315408564672,20.395952844493937,20.757234573364258,4347700,25.864158974549255,23.473151502947452,20.653436769697787,21.85617607711384,21.72928918103003,1.38,65.0,-1.05,0.09
FE,2015-10-06,20.684978751560582,20.79007857588665,20.343403696056498,20.461641311645508,2415600,23.938550649460037,23.633166293154463,20.664978109670628,21.909089791569365,21.762828431886664,1.35,66.0,-1.06,0.05
FE,2015-10-07,20.494479277123133,20.59957906805088,20.34339723138721,20.382810592651367,3225100,22.20538544942334,23.639754198682255,20.61554772863563,21.88106831200044,21.763761295170355,1.31,65.0,-1.06,0.07
FE,2015-10-08,20.356536666289752,20.652130635256885,20.31055566064785,20.586442947387695,3548300,22.049758456598344,23.689057449227757,20.682722816301872,21.896992107489773,21.597720636800275,1.27,68.0,-1.06,0.04
FE,2015-10-09,20.593017789180568,20.730960845947266,20.520761186366318,20.730960845947266,4719500,21.871260831957343,23.15962162331754,20.70156658088774,21.888066831411997,21.609468474760753,1.23,69.0,-1.04,0.03
FE,2015-10-12,20.8229231513433,21.394403292175554,20.803216464356804,21.28273582458496,4878800,23.255183375278175,23.793083600224005,21.09008420916915,22.124841249712375,21.753292481203733,1.2,72.0,-1.02,0.01
FE,2015-10-13,21.354990484593678,21.453522669250756,21.15792862105707,21.23675537109375,4691700,22.745133626706895,23.668635288979843,21.08390724292386,22.11966012920727,21.741926181680117,1.16,72.0,-1.0,0.01
FE,2015-10-14,21.2761645013959,21.532345153633145,21.17763483056937,21.348421096801758,4124700,20.7168734742332,23.3311109519715,21.099809431822774,22.110171436470388,21.708442541534367,1.13,74.0,-1.01,0.0
FE,2015-10-15,21.44038594376503,21.591466796848625,21.322148318607837,21.506074905395508,4098300,20.71472674869702,23.381147757652485,21.11567372509466,22.046682976771958,21.688189824398613,1.1,75.0,-0.99,0.01
FE,2015-10-16,21.65058276324685,21.67685834444486,21.302440082593908,21.348421096801758,3238000,20.63427338492872,22.564906728335725,21.13224243928648,21.86883016085374,21.659022389266134,1.09,76.0,-0.99,-0.01
FE,2015-10-19,21.4009725984645,21.440383465108948,21.065965197322395,21.16449737548828,3009700,19.73154193296276,22.637858227959697,21.140235141693083,21.886597122614077,21.674522944974104,1.07,77.0,-1.06,-0.03
FE,2015-10-20,21.151358775336433,21.460088077273255,21.07253453928632,21.433815002441406,5134500,19.321929467271353,22.600271883294297,21.19087012631306,21.943431955043454,21.704312053908307,1.05,78.0,-1.07,-0.03
FE,2015-10-21,21.466655206903006,21.552049578986804,21.144785654142183,21.177631378173828,2491600,19.26599200079925,22.734421711229935,21.26474250041628,21.97891195079888,21.722632888610114,1.04,79.0,-1.1,-0.07
FE,2015-10-22,21.249888282284886,21.53234450724092,21.02655086036098,21.35498809814453,3555900,19.193876106203994,22.76776671639625,21.161719925232887,21.844086787143745,21.720909763949678,1.02,78.0,-1.07,-0.01
FE,2015-10-23,21.34841688558215,21.38126010271229,20.77036799502806,20.803211212158203,2973300,20.866131149286147,23.28537289131628,21.42326388177359,21.193007680403618,21.873570007295516,1.01,81.0,-1.06,-0.05
FE,2015-10-26,20.888609025273457,20.921453502677164,20.382816602143393,20.553604125976562,3580500,21.05479724967932,22.522863951856305,21.493646106133436,21.029549357853895,21.765489912101298,0.99,82.0,-1.05,-0.1
FE,2015-10-27,20.54703001579926,20.619285341972095,20.29084816862236,20.487911224365234,2109400,20.881299002653016,22.309791799496175,21.489700425666097,20.91608701147142,21.76453567993733,0.98,82.0,-1.04,-0.09
FE,2015-10-28,20.494480310163215,20.599580106388593,20.01496108038548,20.258005142211914,2504200,20.785750235567853,22.028521132671873,21.55095009612243,20.703796476402037,21.718557443789337,0.96,85.0,-1.04,-0.13
FE,2015-10-29,20.19231362199793,20.271139080642868,19.798188834549553,20.244863510131836,2896800,20.72709479602384,21.97236467053197,21.489010939813173,20.674915179179205,21.714133268968215,0.96,82.0,-1.04,-0.09
FE,2015-10-30,20.42222545456693,20.684974967312947,20.238300169200468,20.494482040405273,4703400,20.35717596476715,21.97532397227015,21.377237661968046,20.731579428362974,21.599572113205486,0.94,81.0,-1.02,-0.07
FE,2015-11-02,20.501049624808175,20.579875104856537,20.172612421568914,20.46820640563965,3968600,20.25230070324851,21.877978402325514,21.37725255329147,20.71382847440309,21.59601984967327,0.94,82.0,-0.99,-0.07
FE,2015-11-03,20.4616399507823,20.566739768118385,20.041240681437955,20.409090042114258,4411000,19.81761281011087,21.87482891551296,21.030503263440146,20.555024778997183,21.594397431048186,0.92,72.0,-0.99,0.04
FE,2015-11-04,20.382511036729664,20.661632529041153,20.349282800711418,20.59517478942871,4965400,19.507780847696353,21.973527256774403,21.017084198256395,20.582228228863634,21.572152457514438,0.91,72.0,-0.99,0.07
FE,2015-11-05,20.5619367341773,20.58851905678247,20.149899959406692,20.203065872192383,3051900,20.229219659388143,22.083277964516533,21.221715668505325,20.666173521089455,21.599267822567928,0.89,82.0,-1.0,-0.03
FE,2015-11-06,19.94388833589909,19.990408365438363,19.305895918797745,19.465394973754883,4014400,22.66914221817581,23.229736798666718,21.99234632334838,21.099320245011253,21.875114646515044,0.89,96.0,-0.92,0.01
FE,2015-11-09,19.385643311543355,19.48532925923242,19.199561946301664,19.352415084838867,4137800,22.690523667508014,23.095894740729396,21.78809038791794,21.04105701022086,21.81235421321971,0.88,92.0,-0.82,0.06
FE,2015-11-10,19.37899586974046,19.764449099670667,19.35241354400846,19.591659545898438,2692400,23.041060063552894,23.27953061309618,21.874915775544014,21.090786187540818,21.848924324108555,0.87,97.0,-0.79,0.04
FE,2015-11-11,19.658116057017672,20.0834433832712,19.591658345396702,20.076797485351562,4753300,23.740993447511887,23.915613887941596,22.246123708218306,21.29155358891089,21.99398906958512,0.87,100.0,-0.79,-0.01
FE,2015-11-12,20.016989145135412,20.369212900664053,19.977113753223236,20.04357147216797,5323900,22.7707395236353,23.846962087756225,22.167634663357607,21.194285524390192,21.8675046561759,0.88,99.0,-0.81,0.04
FE,2015-11-13,20.070159333694292,20.435674964235655,20.036929833369552,20.335988998413086,5315900,22.90979392139194,23.950885579007732,22.266474921943193,21.144613412714794,21.905523715528414,0.88,100.0,-0.82,0.03
FE,2015-11-16,20.29611394955658,20.435674041894124,20.11667845862908,20.229656219482422,2940600,22.08596546881946,23.87787458979414,22.271246651570713,21.150082074960448,21.904155351855355,0.89,100.0,-0.83,0.02
FE,2015-11-17,20.256233194852364,20.46889686079694,19.943883593943198,19.97711181640625,2805300,21.997355711012375,22.80320952922662,22.3486921963183,21.197967735879132,21.895189655090643,0.9,100.0,-0.86,-0.02
FE,2015-11-18,19.977115395237593,20.25623682368735,19.684703435966927,20.209716796875,5757100,22.264025487579726,22.04841666190162,22.42443574855442,21.18811444283077,21.907878313780955,0.91,100.0,-0.87,-0.04
FE,2015-11-19,20.389149328511795,20.77460255332722,20.389149328511795,20.74137306213379,4304700,23.361080894288495,22.538459612702475,22.812440652167542,21.30637652275101,22.045437370236296,0.94,100.0,-0.87,-0.09
FE,2015-11-20,20.82112405785074,20.947393598237113,20.52206495366605,20.92745590209961,4956800,23.416333165964893,22.488341342550417,22.821840293559006,21.333445804664528,22.051319733716003,0.97,100.0,-0.86,-0.09
FE,2015-11-23,20.96068736408772,21.09360154809304,20.69485646092569,20.714794158935547,3412200,22.26139134103818,22.57926442720418,22.79067610669852,21.346613386555802,22.03147206209003,1.0,98.0,-0.84,-0.1
FE,2015-11-24,20.601822791151324,20.781258326131223,20.49549090395792,20.708154678344727,2865100,22.258724854227864,22.333218789199645,22.784096562751245,21.333281676466893,21.90293622826483,1.02,97.0,-0.82,-0.1
FE,2015-11-25,20.688204366371288,20.708142058410676,20.329334782689493,20.55529022216797,2950500,22.260273279884455,21.44185458930261,22.51664987460986,21.075846885485035,21.91331593019458,1.04,96.0,-0.75,-0.07
FE,2015-11-27,20.568591455812935,20.794546998982693,20.535361953831565,20.701505661010742,1532800,22.251338055337968,21.471220113995603,22.520555044469763,21.016615113616304,21.918221729312297,1.05,96.0,-0.69,-0.05
FE,2015-11-30,20.66826838213806,20.907514353830052,20.54864476250439,20.860994338989258,5856400,22.320439876910207,21.375730125342685,22.51245290490945,20.962587951578612,21.89778285011415,1.06,94.0,-0.65,-0.03
FE,2015-12-01,20.993912717060105,21.572091936803734,20.940746797226492,21.445823669433594,9374800,23.6466698366825,21.616611936886756,22.930291511000668,21.224047594678726,22.072630225510643,1.08,100.0,-0.61,-0.07
FE,2015-12-02,21.44582094664508,21.625256378643,21.04707596473038,21.253093719482422,7020100,23.508515121809218,21.38261282284538,22.972905833786278,20.950582373552507,22.0890379491134,1.1,100.0,-0.56,-0.1
FE,2015-12-03,21.326201362696153,21.492345030982925,21.133474099047213,21.299617767333984,6835300,23.251108127908527,21.19770120360096,22.97544106192692,20.946917439323368,22.09038031975945,1.11,100.0,-0.51,-0.1
FE,2015-12-04,21.425886470445963,21.92431742628451,21.32619926521788,21.811338424682617,5983600,24.131884105505627,21.644400622058196,23.26101267452401,21.08938694346424,22.22122847875001,1.13,100.0,-0.49,-0.15
FE,2015-12-07,21.75817904314411,21.85121910513974,21.532223520375485,21.58538818359375,5451000,23.01240268633458,21.7786331145758,22.987953128651455,21.12262229761656,22.243545656658473,1.15,99.0,-0.43,-0.13
FE,2015-12-08,21.485704548102074,21.598681047477616,21.06702171333927,21.199935913085938,4816100,23.37285629662852,22.05982506893552,23.1231466265797,21.112429321833282,22.263297408415372,1.17,99.0,-0.33,-0.18
FE,2015-12-09,21.03378815159027,21.565448650653295,21.000559924963152,21.299617767333984,4889100,23.360565693258557,21.991524026752575,23.056518457048842,20.963160095192578,22.255202753855386,1.18,98.0,-0.25,-0.14
FE,2015-12-10,21.312906197573007,21.312906197573007,20.947390692123847,20.967327117919922,3463900,23.602451188203077,22.103944860539777,22.962107100617764,21.031738870255438,22.258828956305297,1.19,94.0,-0.2,-0.11
FE,2015-12-11,20.814478339212027,21.06037152339959,20.67491826776883,20.90751838684082,3152100,23.625710481095446,22.094578317986265,22.96434400934774,21.032908339356695,22.200435953008867,1.2,94.0,-0.14,-0.11
FE,2015-12-14,20.980619151100356,21.04043096431672,20.46225179332576,20.588520050048828,4878300,23.845556429135176,21.98148622660584,22.5821691744133,20.89307367997838,22.228288965521344,1.21,87.0,-0.14,-0.09
FE,2015-12-15,20.72144284954794,20.821128817874026,20.561945046711035,20.688213348388672,5134300,23.879379646384656,21.956368827445118,22.595938091444104,20.85237814461916,22.234651831337437,1.22,87.0,-0.13,-0.1
FE,2015-12-16,20.8211294499526,21.11354273115181,20.8211294499526,21.02714729309082,5139000,24.293979835558417,21.989989678119812,22.632257738755072,20.859429064580016,22.292781869676908,1.23,87.0,-0.11,-0.1
FE,2015-12-17,21.027144795627652,21.120186123071427,20.821126976958848,20.954042434692383,5139700,24.203440667633412,21.796363499595106,22.636947107755212,20.655420237753738,22.168397239612013,1.23,87.0,-0.09,-0.11
FE,2015-12-18,20.841060847170755,20.867643173288563,20.54200175599846,20.60845947265625,5473400,24.030206079105618,22.027776880712985,22.770328242016234,20.68688794183625,22.13871215167009,1.24,87.0,-0.08,-0.17
FE,2015-12-21,20.748018532197314,20.78124802270499,20.548646659453077,20.648332595825195,4189200,21.180449512007492,21.931666020361362,22.70546616904606,20.68837637867885,22.140036082744054,1.24,86.0,-0.04,-0.15
FE,2015-12-22,20.714793338182623,21.106892510477763,20.595169690014526,21.08030891418457,3721500,21.721296568765904,22.308448586096663,22.439209459233165,20.836131703166807,22.208651677437548,1.25,78.0,0.08,-0.18
FE,2015-12-23,21.140120610452133,21.618613932655833,21.140120610452133,21.5787410736084,2763400,22.367523807175928,22.778043064886443,22.645340805003343,21.024818877718964,22.23820685459388,1.25,85.0,0.18,-0.21
FE,2015-12-24,21.538869940745165,21.76482548227254,21.49899453865736,21.665138244628906,1601800,21.446221203397876,22.589103061709707,22.408739200245392,20.951820778367527,22.160184765013753,1.26,75.0,0.21,-0.11
FE,2015-12-28,21.598680896594118,21.751532795644124,21.419245397234985,21.691720962524414,2030300,21.413480782274895,22.02210450243895,22.386418994958557,20.874854910483496,22.149371664289767,1.26,74.0,0.27,-0.11
FE,2015-12-29,21.73824188088067,21.804700884360344,21.585389975605057,21.665138244628906,2682000,21.140382139438376,21.919853746424522,22.299808907758624,20.874126604584763,22.060847456618035,1.26,72.0,0.35,-0.08
FE,2015-12-30,21.665134426000055,21.718301619412713,21.452470722652055,21.459117889404297,2703700,21.307004184803535,21.633779216798292,22.302730435709822,20.902585007162713,22.034882768173244,1.26,72.0,0.48,-0.1
FE,2015-12-31,21.43253519037239,21.498991649770343,20.90752054161375,21.086956024169922,4037000,21.64456222650125,21.73589171354991,22.460087878452548,20.940464075394548,21.902187541588194,1.25,77.0,0.66,-0.17
FE,2016-01-04,20.947396718838718,21.020499080415384,20.74802353048913,20.934104919433594,4524900,21.59435745105276,21.776390797799728,22.48158848107089,20.94884730922131,21.903766746479857,1.25,77.0,0.87,-0.19
FE,2016-01-05,21.020503935360534,21.02714983659805,20.561948158156458,20.960693359375,5204200,20.276476487568,21.68721237679576,22.388525856932212,20.65660975455662,21.743035952795864,1.24,72.0,1.06,-0.15
FE,2016-01-06,20.814479135033114,21.2730347595151,20.721439083847027,21.166704177856445,3822700,20.309159750811276,21.731399325195685,22.442764556412197,20.599235203701692,21.760025802535118,1.23,75.0,1.24,-0.17
FE,2016-01-07,20.947395333593793,21.113539012443535,20.528712553050063,20.601816177368164,4218400,21.6163712525127,21.762131713029675,22.765056240132537,20.838555837484147,21.901935537364782,1.22,86.0,1.34,-0.24
FE,2016-01-08,20.615113788140548,21.113544965217972,20.588530183593257,20.993921279907227,5032000,22.308956544659775,22.11857963612479,22.977507552993472,20.961328898200936,21.967833501225595,1.21,96.0,1.25,-0.29
FE,2016-01-11,21.067020040136086,21.43253564487892,21.00720821134897,21.312911987304688,5003400,22.570553088269044,22.312825350580663,23.0990873980747,20.901321634064008,22.02415469804325,1.19,98.0,1.1,-0.32
FE,2016-01-12,21.39930101152326,21.459112822413896,20.99391013050347,21.386009216308594,5130600,22.51248946193874,22.271738109042232,23.079050628934397,20.905514210694875,21.991610000709557,1.18,97.0,0.34,-0.31
FE,2016-01-13,21.40595239013367,21.532223216906587,20.874293089686294,20.934104919433594,3781000,23.33152682039208,22.648384537735318,23.209732339185784,21.045824784711936,22.08409403274913,1.16,99.0,-0.12,-0.35
FE,2016-01-14,21.000564936472962,21.798053974014426,20.82777532811167,21.63855743408203,4568100,23.935818428747996,23.589470866203094,23.7587069275068,21.420571411561735,22.20954333596152,1.15,100.0,-0.48,-0.3
FE,2016-01-15,21.37936994412367,21.578744410799516,20.861002415130447,21.15341567993164,5544400,24.71213355306726,23.912783181661133,23.281074614024956,21.539383768108237,22.29513078617806,1.14,99.0,-0.44,-0.43
FE,2016-01-19,21.213226611655585,21.651847124010406,21.073665251457285,21.5920352935791,4446500,25.424402096220412,24.155579428878184,22.955987195200166,21.651058728039427,22.253547561195543,1.13,86.0,-0.5,-0.46
FE,2016-01-20,21.439175806008006,21.49234299168759,20.38250334213577,20.681562423706055,5776800,27.40532728278115,25.677482724742017,23.87537191223719,22.188309706333563,22.651770521963694,1.13,100.0,-0.48,-0.17
FE,2016-01-21,20.701505360610273,21.027146869846963,20.349281517750114,20.801191329956055,5237200,27.363243742656895,25.143885424508795,23.821784207699217,21.973468434454478,22.642964941725474,1.14,99.0,-0.44,-0.15
FE,2016-01-22,20.98726924400811,21.518929771360632,20.834417365269225,21.452470779418945,3477500,28.402241474318835,25.793084295734204,24.327562154382647,22.228481208323903,22.84518297955681,1.15,100.0,-0.45,-0.19
FE,2016-01-25,21.45247041488066,21.4790540112056,21.120184333848353,21.146766662597656,3435700,28.686791940672972,25.966041432300763,24.293648440648603,22.289427619553273,22.86623557765062,1.16,99.0,-0.46,-0.18
FE,2016-01-26,21.173351841724493,21.611971073269665,21.11354001309781,21.31955909729004,2931400,28.39980877963294,25.893642193492973,23.804218313804085,22.280027892612743,22.88087689835666,1.17,96.0,-0.47,-0.12
FE,2016-01-27,21.23980483005286,21.49234390243038,21.000558822234005,21.21322250366211,2282400,28.428968733719913,25.91975209840089,23.81008307070937,22.28195908703188,22.88024207239502,1.17,96.0,-0.46,-0.12
FE,2016-01-28,21.233162033588094,21.532221153668463,21.126830183687442,21.35943031311035,4022000,28.07953299752977,25.84128519683626,23.753520485551572,22.29723723846536,22.876506049864954,1.18,93.0,-0.49,-0.1
FE,2016-01-29,21.545512387784115,22.004070592243238,21.49899235764355,21.970842361450195,4361600,29.139009818061982,26.445543853070202,23.901432665173168,22.525947243510767,23.00351678734279,1.19,98.0,-0.41,-0.08
FE,2016-02-01,21.924324292355955,22.117049062254697,21.864512457517936,21.964197158813477,4077500,28.82911048978436,26.43383022925158,23.7229388225823,22.481264312646047,22.869113091384378,1.19,91.0,-0.41,-0.02
FE,2016-02-02,21.731590549617813,22.01071067274188,21.67177873249823,21.911026000976562,4781800,28.814984787676373,26.392950077276723,23.628005530882902,22.460268117822398,22.869538303344406,1.2,90.0,-0.4,0.03
FE,2016-02-03,22.05213198080797,22.65685326710159,21.917749187949546,22.522470474243164,5704900,29.240892095410775,26.598578259692594,23.972178942913956,22.697153782406517,23.040620052064252,1.2,98.0,-0.04,-0.03
FE,2016-02-04,22.535902149154705,22.58293572786576,22.307452239784812,22.341047286987305,3988200,29.415200952816207,25.418049175444896,24.01688560600986,22.709151162969448,23.05155262260571,1.2,98.0,0.05,-0.05
FE,2016-02-05,22.22682734225945,22.986085276319482,22.11260108684498,22.64341163635254,5779700,29.10100103443244,25.46184579640549,24.06085093905598,22.739044279306242,22.98872913031313,1.2,98.0,0.26,-0.07
FE,2016-02-08,22.51575169523847,22.77779931532899,21.95806652126353,22.30746078491211,5823700,28.817580652233254,25.63128144251069,24.151824983988,22.803969281718675,22.442894102688417,1.21,98.0,0.19,-0.11
FE,2016-02-09,22.199950066979337,22.509028651215996,21.991656640312954,22.388084411621094,3205700,28.81441915084529,25.20926793238521,24.084711885847206,22.80622409854216,22.30231942897326,1.2,97.0,0.12,-0.09
FE,2016-02-10,22.294017720897138,22.710602020090775,22.079006304336666,22.596378326416016,2842400,28.911549714642327,25.24429830055529,24.115649343473475,22.818522442906794,22.251286840467124,1.2,97.0,0.1,-0.1
FE,2016-02-11,22.381365798333515,22.556061604436163,21.877432335208244,22.04541015625,2849200,29.877366618385214,25.689193253780058,24.255667674167388,22.998912217624294,22.211193474163018,1.2,98.0,0.01,-0.12
FE,2016-02-12,22.072286290586625,22.24698467273614,21.857274868816702,22.092445373535156,3537200,29.72448604155439,25.652850226171726,24.23576931594851,22.9891425900734,22.190717079442322,1.2,97.0,-0.08,-0.11
FE,2016-02-16,22.23354834567841,22.488875395554196,22.031975438150617,22.482154846191406,3599900,29.56483627511971,25.690013801495947,24.25761581787502,23.050840463552085,22.261222754841278,1.2,98.0,-0.12,-0.1
FE,2016-02-17,22.30745482344234,22.4082399767228,21.615384467853637,21.68257713317871,5985400,31.49204052244495,26.77080440015585,24.856455098855378,23.440942571656194,22.536570191157306,1.21,100.0,-0.11,-0.07
FE,2016-02-18,21.84384084290521,22.9323392738008,21.749773646858667,22.797956466674805,6542400,34.54539914650056,28.15152661695017,26.03907122288736,24.110127321228735,22.98733186766451,1.24,100.0,-0.05,0.27
FE,2016-02-19,22.724035610292187,22.724035610292187,22.03868590793003,22.152912139892578,5481600,35.65248328644128,28.780975774331235,26.42550838047706,24.28188820947601,23.162218213481058,1.28,100.0,-0.12,0.18
FE,2016-02-22,22.273861663487452,22.455275467422645,22.12604035035978,22.394805908203125,3127700,34.69295233436214,28.755916005350596,26.46068186762043,24.315062495797964,23.165169804276246,1.31,100.0,-0.17,0.17
FE,2016-02-23,22.38808552588024,22.569501894301723,22.12604051476199,22.199951171875,3624000,34.503372065741075,28.827840546658035,26.499769653552907,24.331618089996,23.171014657169266,1.34,100.0,-0.21,0.15
FE,2016-02-24,22.17307135268579,22.287295035408526,21.76992562607398,21.971498489379883,5005900,34.44377808496902,28.871339976642684,26.456043610372053,24.35984870985977,23.15518138152019,1.37,98.0,-0.26,0.16
FE,2016-02-25,22.126043766308563,22.83827081035441,22.025256025772524,22.81139373779297,4621300,36.031495410254465,29.798854729333456,26.813853326614744,24.72633727891189,23.452730664575824,1.41,100.0,-0.22,0.18
FE,2016-02-26,22.804671693252843,22.88530290565184,21.93790794664127,22.05213165283203,4848200,36.9110168980112,30.641623760919394,27.33275867792722,24.959407988869096,23.686039687989695,1.46,100.0,-0.25,0.12
FE,2016-02-29,22.05212540755719,22.656846513596822,21.93790173371516,22.488868713378906,4294600,36.11361530012832,30.38542597514703,27.311570350448168,25.068024288714035,23.701256019382473,1.51,99.0,-0.32,0.12
FE,2016-03-01,22.5627806209514,22.70388136589464,22.354487214269977,22.475431442260742,3581400,35.400604473286414,30.318113664282624,27.20451697446404,24.89184645037072,23.616826376406884,1.55,98.0,-0.36,0.16
FE,2016-03-02,22.37464578763646,22.670288400180528,21.884150845988035,22.650129318237305,2619300,35.01180907340585,30.349300962121596,27.214770548095508,24.870180198659085,23.628477642051486,1.59,98.0,-0.38,0.16
FE,2016-03-03,22.61653536197898,22.93233450863354,22.40152394051069,22.831546783447266,2634200,32.378543564516384,30.015456676299323,27.200234425273905,24.886036726607266,23.641085998433002,1.62,96.0,-0.4,0.17
FE,2016-03-04,22.66356862745512,23.342200499349236,22.529185850166733,23.221256256103516,2739400,32.61315694481986,30.103482212168025,27.301102940635552,24.962939939951486,23.66716668653101,1.66,98.0,-0.34,0.13
FE,2016-03-07,23.13390705636023,23.610963480545685,23.073434934763604,23.59080696105957,2645900,31.806022854515103,29.977835181520263,27.105522081176716,24.941494973093338,23.64118958738932,1.69,94.0,-0.17,0.17
FE,2016-03-08,23.597522990352832,24.03426633936149,23.322039473280036,23.893165588378906,3952800,31.47665612779508,30.056417030900555,27.16397079971098,24.968514205645274,23.673667723722026,1.72,94.0,0.09,0.15
FE,2016-03-09,23.866293724932763,24.491171544796387,23.846137202723817,24.054428100585938,4088700,31.463462954907477,29.84509021754335,27.170636493521744,24.97548591635864,23.672060786426847,1.75,94.0,0.3,0.15
FE,2016-03-10,23.97379289423753,24.343343558152895,23.920038765525074,24.16864776611328,3787000,31.347152052619947,29.829739097863676,27.158685108396703,24.93185664792631,23.66556404514104,1.78,92.0,0.44,0.15
FE,2016-03-11,24.242561129333343,24.430695474642626,23.98051356718913,23.987234115600586,3409600,31.523950033222658,29.672870881135623,27.160112230548712,24.928920427842883,23.512131525040854,1.8,92.0,0.39,0.15
FE,2016-03-14,23.993951084284294,24.02754613550355,23.805816746945997,23.91332244873047,2420900,30.71769206789192,29.691191952328154,27.123241170336225,24.926094978624253,23.459602876112744,1.82,90.0,0.29,0.17
FE,2016-03-15,23.866288864395894,23.98723309929569,23.6848725120462,23.91332244873047,2849500,30.71514162479897,29.554217206119237,27.061886375620205,24.92171045982082,23.415340001282615,1.84,88.0,0.18,0.19
FE,2016-03-16,23.799096688399192,24.296312171342098,23.6647164807578,24.12161636352539,3759100,30.71845176895616,29.560364481397155,27.005878839901243,24.932767387390808,23.429962100848446,1.86,87.0,0.1,0.22
FE,2016-03-17,24.215687193197724,24.4239780843982,24.081304402112497,24.30303382873535,2665800,29.87750442210767,29.31129133056659,27.00059389807954,24.943729287034863,23.25687737138838,1.87,86.0,0.05,0.22
FE,2016-03-18,24.296307605307497,24.323184667040003,24.020824130393528,24.027542114257812,4883900,29.99505624579419,29.454154558239722,26.718313558099325,24.970368666571108,23.280588190654484,1.88,84.0,-0.06,0.29
FE,2016-03-21,24.007395484147043,24.23584547665821,23.79238402803521,24.088024139404297,3416800,29.812921159342597,29.209534040686975,26.630736219603317,24.93417948309115,23.250557096154324,1.88,83.0,-0.16,0.34
FE,2016-03-22,24.108173299455327,24.30974613617375,23.92675697746744,24.027542114257812,3058000,29.41158279812039,28.88908172277112,26.627814216871997,24.93526563990569,23.252039292861582,1.89,82.0,-0.25,0.34
FE,2016-03-23,24.007397113060293,24.242567671296925,23.86629631600166,24.17537498474121,2830700,29.42913630286054,28.899370212130798,26.5568460311905,24.81049857361444,23.18154476544875,1.89,81.0,-0.32,0.37
FE,2016-03-24,24.08801890790946,24.356784451247464,24.040985322296038,24.29631233215332,2968400,29.37061146033184,28.906320524301016,26.55887016074896,24.795723816353576,23.078016824356492,1.9,81.0,-0.38,0.37
FE,2016-03-28,24.296314005652402,24.423976237805164,23.967076320542784,24.01411247253418,2097100,28.558514930344213,29.033622056080787,26.591398580969926,24.809445706999643,23.100515432318325,1.9,81.0,-0.47,0.35
FE,2016-03-29,24.074581785238696,24.444132467286295,23.94691700485163,24.417255401611328,4563900,28.835309002657254,29.09572634851832,26.694328724047278,24.875287721502747,23.15715784866291,1.9,83.0,-0.52,0.31
FE,2016-03-30,24.464290902058288,24.55164009077781,24.03426807011334,24.047706604003906,5504800,28.999756024679456,29.03456157357422,26.820987714579847,24.945971926541098,23.078966132114235,1.89,85.0,-0.59,0.26
FE,2016-03-31,24.148488686277144,24.538198430028647,23.85956665229253,24.16864776611328,7360500,26.612344456945287,28.972630757617278,26.800072450323654,24.950458279440667,23.04720045562316,1.88,83.0,-0.66,0.27
FE,2016-04-01,24.175372151091654,24.38366561029146,23.960360705593164,24.208967208862305,6258400,22.660339763306673,28.972085770569972,26.591286038067853,24.93864119729193,22.986774234015723,1.87,77.0,-0.71,0.35
FE,2016-04-04,24.18208835893711,24.27615552906179,23.90660483365563,23.97379493713379,4869600,21.037059342525996,29.036233155136298,25.91498601096494,24.80802455782918,22.882033891074556,1.87,69.0,-0.8,0.39
FE,2016-04-05,23.89988231271445,23.98051094286073,23.41610540556088,23.563926696777344,5229400,21.649997272677826,28.68351794911884,26.06667641713365,24.873909024487848,22.915617347632995,1.86,70.0,-0.89,0.33
FE,2016-04-06,23.5370551119256,23.57737071795344,23.214537953118484,23.24141502380371,5030400,21.908958232515303,28.655841689400997,26.132419446173433,24.88307363797421,22.95743344813535,1.85,70.0,-0.96,0.3
FE,2016-04-07,23.221262070925413,23.5437792792959,23.194384996109807,23.355642318725586,4113900,21.634941577134764,28.5284193835914,25.882203890978445,24.765336297844527,22.958088287173616,1.84,66.0,-1.0,0.39
FE,2016-04-08,23.442983453358682,23.980511948778325,23.43626546853883,23.597522735595703,4890800,19.03919616485,28.58275645797462,25.91453909466398,24.79274267152234,22.980337454567536,1.84,66.0,-1.06,0.37
FE,2016-04-11,23.738632539390714,24.06114972483304,23.711755466485833,23.7587890625,3686200,15.942979813214187,28.195064992787977,25.846217136131717,24.52857207181699,22.941550795743424,1.83,64.0,-1.11,0.4
FE,2016-04-12,23.86628896033007,24.188806066979893,23.785660324452145,24.020828247070312,3634200,15.320865614748874,27.512762913095358,25.86579103050034,24.557932233154286,22.91336335041667,1.82,64.0,-1.16,0.4
FE,2016-04-13,24.04098661173309,24.05442514593458,23.84613427365723,23.95363998413086,2968300,15.369018754996464,27.057150416516308,25.774869018218737,24.509619108026616,22.914965543937377,1.81,62.0,-1.23,0.44
FE,2016-04-14,23.920045440579948,24.054428236723606,23.778944658041496,23.792383193969727,2719100,15.48234434510408,26.839270691879964,25.76242761070775,24.525064068671124,22.92539717992418,1.8,61.0,-1.29,0.44
FE,2016-04-15,23.778950765837518,24.03427788777923,23.671445013936687,23.96036720275879,3247500,15.451211120336586,25.188747498248805,25.480990383358765,24.524817667465037,22.89287548703718,1.8,60.0,-1.33,0.54
FE,2016-04-18,23.899889756091127,24.11490121220296,23.839417623863504,24.088024139404297,2505600,14.803965957013137,25.186367368095546,25.460388725499826,24.502253596607414,22.892230014858576,1.79,59.0,-1.36,0.55
FE,2016-04-19,24.155218268979734,24.20896985465956,23.745351855223138,23.85285758972168,4850200,14.470491177825506,24.600423986880987,25.455785969571593,24.28466393707663,22.732128218251365,1.78,58.0,-1.39,0.56
FE,2016-04-20,23.85957593739302,23.987240761197686,23.342206344456713,23.355642318725586,4538800,15.255024995791905,24.825735540274604,25.703503405596813,24.365156507612262,22.766134688811746,1.77,60.0,-1.41,0.46
FE,2016-04-21,23.335484475088535,23.409395145084005,22.562787841360375,22.784517288208008,6653200,16.58384380148926,25.368297022049607,25.997316036511076,24.413627734737318,22.901301442244463,1.76,67.0,-1.41,0.37
FE,2016-04-22,22.952496008630316,23.28173376095669,22.84499027456966,23.160789489746094,4620700,17.31047827552911,25.526328279839078,26.094093599853867,24.47810021330579,22.958205319822614,1.76,69.0,-1.41,0.33
FE,2016-04-25,23.05328691616973,23.20110571880651,22.898747562467186,23.147354125976562,4145200,17.21409000693509,25.504602769045743,26.074228748063472,24.437511590447713,22.870472678180082,1.75,68.0,-1.41,0.34
FE,2016-04-26,23.207822427412967,23.429551876226583,23.09359614646023,23.10703468322754,4329700,17.205622142800728,24.8874191708633,25.725865275198966,24.418600207683085,22.87008019777316,1.74,57.0,-1.41,0.45
FE,2016-04-27,23.422834557749102,24.403824701504675,23.29516973638632,24.222408294677734,11943200,22.18268843128591,26.632486691389385,26.70910714287238,25.038705535277693,23.349467310478488,1.74,81.0,-1.43,0.53
FE,2016-04-28,24.222404588704382,24.222404588704382,21.28615259368354,21.81696319580078,19368800,37.515034933997484,34.39584887370183,31.55807958255737,27.95173310814437,25.590586348367594,1.85,100.0,-1.42,6.73
FE,2016-04-29,21.803523459863467,22.240264292264072,21.642263610747104,21.89759063720703,8463000,37.43563604374814,33.922693019094886,31.337749415128467,27.916802426385512,25.56694561520157,1.95,99.0,-1.41,6.93
FE,2016-05-02,21.958064266342937,22.334335564664098,21.917748660514004,22.2066707611084,6075200,37.69189293673736,34.01299257215618,31.370270917963243,27.96235836850423,25.58844116870103,2.04,99.0,-1.4,6.96
FE,2016-05-03,22.267142810291055,22.85842554468517,22.267142810291055,22.549346923828125,8498700,38.02467226409907,34.046941201011094,31.321469759745952,27.997336664834776,25.611126721750534,2.12,97.0,-1.38,7.11
FE,2016-05-04,22.501799589803305,22.93648529880334,22.325206901190043,22.854982376098633,4849400,38.294215423280875,34.01450175469049,31.38141004347586,28.041788656275074,25.501071969977257,2.2,99.0,-1.37,7.06
FE,2016-05-05,22.882143348434695,23.051942578778785,22.63084121298602,22.7598876953125,2972400,38.22818947113936,34.02055805637462,31.280881712844145,28.036103274536856,25.467584783570185,2.27,95.0,-1.35,7.22
FE,2016-05-06,22.712352140609084,22.712352140609084,22.386337814104444,22.474634170532227,4061600,38.28842555294637,34.06907575890466,31.34833589576061,28.064519380138435,25.497884896213062,2.33,97.0,-1.32,7.1
FE,2016-05-09,22.5425522129346,22.854984867399804,22.461049281345687,22.787063598632812,3735400,38.47507613552546,33.794336237727435,31.309133848910353,28.060439363408886,25.516755106477568,2.39,94.0,-1.31,7.23
FE,2016-05-10,22.821022324568265,23.126661548481433,22.800647239951193,23.017990112304688,3728500,38.248679401544216,33.84946087154048,31.336520541464235,28.05211139880012,25.532996221362573,2.44,95.0,-1.29,7.21
FE,2016-05-11,23.106284202586025,23.208162206632597,22.922900686184807,23.058740615844727,3427800,38.05263128286362,33.66901119085215,31.24209886948856,27.692832115819442,25.53247865250193,2.48,91.0,-1.27,7.29
FE,2016-05-12,23.038368540986866,23.221752101953257,22.922906256821985,23.072330474853516,4641100,38.009369308607575,32.79199808052278,31.23417060634256,27.42922389264235,25.51547494676967,2.52,90.0,-1.24,7.31
FE,2016-05-13,22.977235809703952,23.072322975386985,22.685180891716957,22.73951530456543,4770000,38.17984457434617,31.29861078009778,31.20582759876229,27.445950008793552,25.530200398529818,2.56,89.0,-1.23,7.36
FE,2016-05-16,22.787066004646586,22.834609602337718,22.62406012425749,22.651226043701172,3553400,38.11515647644255,30.73622870183459,31.21501040331572,27.419126459793496,25.519654075364496,2.6,89.0,-1.21,7.33
FE,2016-05-17,22.60367811681484,22.678390210572086,22.318416585303087,22.399919509887695,3978900,37.94252133585268,30.74649281482747,31.110711779608298,27.45257659068686,25.542467179113928,2.62,87.0,-1.18,7.36
FE,2016-05-18,22.236913747257326,22.440672354977433,21.67997104825547,21.8361873626709,5244400,38.41553522250642,31.13903762620399,31.16753147859131,27.55075053163648,25.663453608913784,2.65,87.0,-1.17,7.16
FE,2016-05-19,21.70714411899977,21.98561489595503,21.618849043938877,21.972030639648438,3386300,38.43788765707987,31.09512254326448,31.1764825400611,27.30553072145336,25.653960659864172,2.67,87.0,-1.16,7.16
FE,2016-05-20,22.04673667443162,22.04673667443162,21.80222531020142,21.9312744140625,2342400,38.25985049153355,30.097229878199233,31.177591152619993,27.302085922153687,25.652995279574746,2.69,87.0,-1.15,7.15
FE,2016-05-23,21.98560240004478,22.005980068388645,21.76146877570625,21.775053024291992,3186300,38.180358296770784,29.326976278674486,31.198220053778954,27.278476534928004,25.660761955579503,2.7,87.0,-1.15,7.1
FE,2016-05-24,21.8158062173359,21.97881463213599,21.69355184943398,21.79543113708496,2562900,37.97369645086178,29.036141023918503,31.16042867724455,27.156368437498106,25.651521997494548,2.71,83.0,-1.13,7.18
FE,2016-05-25,21.55771182338238,21.910893265703137,21.30640966818233,21.80901527404785,4992900,37.99010541891469,29.037082887351378,31.03166480089191,27.065556959961384,25.649502909165818,2.72,81.0,-1.12,7.4
FE,2016-05-26,21.870152603746934,22.0671204337946,21.781856233220054,21.972030639648438,3806900,38.09507619317422,29.03355754604768,31.027747566593465,27.032308319291904,25.653847240975075,2.72,80.0,-1.11,7.44
FE,2016-05-27,22.039944818085328,22.148616242583177,21.917689141658855,22.060319900512695,2556000,38.038262200867266,28.995398670666887,31.032563980113597,27.021506918090743,25.635183296097015,2.72,81.0,-1.09,7.45
FE,2016-05-31,22.087490376247608,22.31841749778813,22.019569110540772,22.28445816040039,3454900,38.15186072589004,28.85301619202028,31.035105496194394,27.045303377025814,25.655038038228227,2.72,81.0,-1.06,7.44
FE,2016-06-01,22.352378590834206,22.549346390457746,22.277666488154136,22.461050033569336,2949800,38.20586922638499,28.705444420748083,30.739421647917727,27.03880635852414,25.613509216733238,2.72,77.0,-1.09,7.92
FE,2016-06-02,22.393134413240343,22.671605185232373,22.345590812480626,22.624061584472656,2780100,37.85773424320153,28.616472302352193,30.621427803000135,27.027243883386458,25.57818434833834,2.71,76.0,-1.07,8.04
FE,2016-06-03,22.800646358539176,22.997614138661348,22.698765757529415,22.97044563293457,2509500,37.45331688213342,28.765216908075125,30.622794348644334,27.04634140110696,25.622316564561142,2.71,76.0,-1.03,8.04
FE,2016-06-06,22.916107633758376,23.05194495931684,22.773474296432532,22.943273544311523,3216600,37.14152385657771,28.74239752446637,30.621284581865797,27.043220969317073,25.61876202916667,2.7,74.0,-0.99,8.03
FE,2016-06-07,22.916117404190917,23.24213178820518,22.882155467390508,23.14025115966797,3685800,37.229983841340555,28.772025891044084,30.440349252828565,26.96166985878744,25.630853432525296,2.69,73.0,-0.98,8.37
FE,2016-06-08,23.11987000560966,23.235332269460965,23.011198572777882,23.180997848510742,2913600,37.22965532961499,28.771273424440793,30.002644856713495,26.95138285789387,25.606260615243322,2.68,72.0,-0.94,8.85
FE,2016-06-09,23.167417382233417,23.289673088018162,23.07233018683011,23.26250457763672,2242500,34.4862722689892,28.7829641651692,29.770653246572493,26.893300453619258,25.545261262716217,2.66,71.0,-0.92,9.3
FE,2016-06-10,23.255713649035915,23.33042316587734,22.807443593328642,22.888946533203125,2934900,16.11129703817605,28.89677263810237,29.726664590228786,26.91134501778349,25.59732247814911,2.64,70.0,-0.87,9.23
FE,2016-06-13,22.875356789106263,22.9976124650485,22.773476195510693,22.861772537231445,2504700,16.118322199950075,28.844130765798443,28.89246912217963,26.897768449467552,25.474217324799152,2.62,69.0,-0.97,10.52
FE,2016-06-14,22.902527976179222,22.95007156784586,22.732728694246532,22.922903060913086,2264300,15.678274449993198,28.77187812191891,28.88364771990426,26.87422753323334,25.449109541599324,2.59,68.0,-1.07,10.53
FE,2016-06-15,22.95006955107599,23.01119739083732,22.807438788609954,22.854982376098633,2157800,15.11919369871006,28.766967745735766,28.489928769126287,26.87149878964356,25.450415253853336,2.58,67.0,-1.04,11.08
FE,2016-06-16,22.882151482874704,23.140247130209445,22.827817057133032,23.085912704467773,1999800,14.89479019037789,28.851571834837664,28.42651179635921,26.8916195131498,25.468770335259666,2.56,66.0,-1.08,11.3
FE,2016-06-17,23.079120784641628,23.2896728515625,22.99761784525653,23.2896728515625,3059100,15.027085919955443,28.8833937627493,28.430921447576857,26.851793869119696,25.420312194035112,2.53,66.0,-1.09,11.29
FE,2016-06-20,23.296461644235904,23.350798659690422,22.888944392053013,22.916112899780273,4193500,15.334539830916446,29.032933341713218,28.544825623577896,26.77569890037087,25.462692001627964,2.5,67.0,-1.15,11.03
FE,2016-06-21,22.91611530682166,23.00440907981212,22.5629324420645,22.780275344848633,4035400,14.924918008179336,28.966281560957164,28.547640773635813,26.755316872405192,25.46773747170212,2.47,67.0,-1.18,10.97
FE,2016-06-22,22.658014776929985,22.725933447878784,22.427087668400365,22.440671920776367,4095600,15.220177891099034,28.874743001457098,28.30859967577471,26.711019522949446,25.481330778535753,2.44,62.0,-1.17,11.22
FE,2016-06-23,22.508592489032655,22.57651375663793,22.304833868079697,22.52217674255371,4121800,15.257369038051818,28.74705851460217,28.31365071761661,26.655638017725657,25.470042109531033,2.41,62.0,-1.16,11.22
FE,2016-06-24,22.243706286303,22.71914480144844,22.1961626938816,22.332002639770508,4732300,15.412018127602117,28.75761947454101,28.344516453104447,26.67195605527341,25.480959975093565,2.37,62.0,-1.15,11.14
FE,2016-06-27,22.291248619282698,22.52217573696716,22.141824428154127,22.488216400146484,3152200,15.037632100296749,28.80163537771267,28.026008091465698,26.659479451928814,25.487510574831234,2.34,59.0,-1.15,11.65
FE,2016-06-28,22.57651378059127,22.91611234618365,22.32520897658227,22.909318923950195,4651000,15.959636046858785,29.02699735415647,28.149479934663486,26.73414055557185,25.549237467481035,2.3,59.0,-1.13,11.51
FE,2016-06-29,23.0179878458006,23.25570837029504,22.970444259087945,23.22174644470215,3770500,16.014020248716708,28.96581169235442,28.150703234743762,26.603937068331838,25.582544855298167,2.27,59.0,-1.13,11.51
FE,2016-06-30,23.23533305436996,23.717562391917873,23.05194951947186,23.710771560668945,4170000,14.894526267965253,29.143173531029177,28.23197587837089,26.71072599784666,25.653248908525196,2.24,59.0,-1.14,11.51
FE,2016-07-01,23.785484964764127,23.96886850972903,23.656438436499148,23.860197067260742,3250200,14.89616750857799,29.15378111786514,28.242394965397555,26.71354205078145,25.633165855427308,2.2,59.0,-1.15,11.5
FE,2016-07-05,23.82624062880225,23.928118661123776,23.77190360548527,23.8941593170166,2236700,14.838291671844129,29.081083079889105,28.208860772433336,26.701689102599552,25.632036289599046,2.17,57.0,-1.18,11.53
FE,2016-07-06,23.887363453202724,24.24054629588483,23.758316922406642,24.193002700805664,3982600,14.775868036622153,29.158262521134752,27.977768244360135,26.721460940797442,25.56655371245547,2.13,53.0,-1.18,12.14
FE,2016-07-07,24.125073467148606,24.16582621264749,23.860187098732045,23.99602699279785,3462400,15.14512848451312,29.123062309179215,28.014314496993904,26.71916905775601,25.567269921518143,2.09,53.0,-1.17,12.02
FE,2016-07-08,23.948492208151492,24.47826778766985,23.778692907611493,24.464683532714844,3732600,15.824206812574268,29.385043140061658,28.04394567273104,26.77302767536875,25.618258043004534,2.05,54.0,-1.17,11.97
FE,2016-07-11,24.369591412993614,24.552974931420238,24.186207894566994,24.525806427001953,3575900,15.790906968589995,29.350621008862177,27.407924996764827,26.73069958679729,25.613769782204027,2.03,50.0,-1.17,13.37
FE,2016-07-12,24.349219628008637,24.756739520046914,24.349219628008637,24.58014678955078,5632300,15.79608333196568,29.321422781412632,26.26199770319101,26.7162461565016,25.614368605567062,2.03,18.0,-1.17,15.34
FE,2016-07-13,24.763523216423746,24.783900889259268,24.58693312774597,24.74993896484375,3989300,15.708108622789386,29.33436656928493,25.850403336248775,26.532328005233257,25.621653156242807,2.03,9.0,-1.12,16.66
FE,2016-07-14,24.607314027711176,24.72277889797566,24.33563670467015,24.349218368530273,3796200,16.658530409012734,29.461766691600356,25.949364985916816,26.566489261464426,25.6680192541907,2.04,14.0,-1.12,16.2
FE,2016-07-15,24.39676322677333,24.59373104504524,24.39676322677333,24.58014678955078,2758800,16.722996670348703,29.176891066601673,25.93906664696643,26.58083666251066,25.5727237866371,2.04,14.0,-1.11,16.34
FE,2016-07-18,24.552974579150785,24.675230256347824,24.525806075122297,24.648061752319336,1852100,16.302891114996836,28.686163687054627,25.87628768611932,26.541282969553297,25.558780514074652,2.05,11.0,-1.09,16.61
FE,2016-07-19,24.6888055027021,24.6888055027021,24.41712830579877,24.57334327697754,2521600,16.346558679200193,28.526048021060053,25.218031203002276,26.544986984611324,25.527972216592552,2.07,1.0,-1.1,18.16
FE,2016-07-20,24.573360972571994,24.620904581040104,24.417145888900723,24.43752098083496,2975900,16.387702452630354,28.55580265646377,24.62289476767315,26.52299504193768,25.448396874553836,2.1,1.0,-1.08,20.25
FE,2016-07-21,24.36959288593945,24.457886644238734,24.274505705659397,24.423927307128906,3912200,16.402163020903394,28.55213843965562,24.44291409552247,26.522262649759025,25.44850693921959,2.13,1.0,-1.08,20.76
FE,2016-07-22,24.423923701934985,24.851818540965393,24.362795867787785,24.797481536865234,5034000,16.853959551391835,27.054436304989693,24.547612551687394,26.57124768609318,25.300124478219242,2.16,2.0,-1.05,20.49
FE,2016-07-25,24.797484219786053,24.858612060546875,24.627684949998354,24.858612060546875,3608400,15.934168309657935,15.91338338867706,24.52490143837466,26.554751939402717,25.300260451772132,2.18,2.0,-1.03,20.54
FE,2016-07-26,24.68881672685208,24.75673800015447,24.226962432122452,24.376386642456055,6262000,17.17382207368795,16.52225013920185,24.71297354223177,26.55872955457325,25.344766131324192,2.21,5.0,-1.03,19.65
FE,2016-07-27,24.36959389775973,24.437512574799356,23.66322825644926,23.907739639282227,3823800,18.271879442593335,16.881893271693734,24.777151227574628,26.28015428761415,25.422947907899346,2.23,6.0,-1.04,19.15
FE,2016-07-28,23.92811190838256,24.118286254459232,23.86019323933551,24.0231990814209,5190800,18.24940043934555,16.64326578790866,24.663423944132802,26.270616555235854,25.41886638787919,2.26,5.0,-1.05,19.47
FE,2016-07-29,23.92132100281745,23.94169608528143,23.48663530404501,23.717559814453125,4983500,18.536241418751633,16.677405590499454,24.665753960487987,26.28930288484553,25.432915941109147,2.28,6.0,-1.04,19.27
FE,2016-08-01,23.61568901328218,23.70398538243907,23.24892187149073,23.303258895874023,4792900,19.130539907176342,17.065705664168664,24.797384021461625,26.23348136488113,25.32346999391558,2.3,9.0,-1.03,18.64
FE,2016-08-02,23.181003128456716,23.187793961022997,22.583308816279217,22.624061584472656,5901500,20.464855635253237,17.94934318018233,25.214201539389457,26.47761910895554,25.461315004285552,2.31,10.0,-1.05,17.13
FE,2016-08-03,22.61718894071878,22.850639092860508,22.50046517426741,22.6995849609375,4119700,20.424104445998534,17.735085942524126,25.197796857427214,26.428562196890176,25.374405467019034,2.33,10.0,-1.06,17.25
FE,2016-08-04,22.706447103734778,22.830038499133845,22.53479267892926,22.610321044921875,2405800,19.96900879347418,17.624900455808472,25.20034812440825,26.42495039935428,25.37016872695724,2.34,11.0,-1.08,17.24
FE,2016-08-05,22.5965936223296,22.62405896529172,22.22581935005877,22.267017364501953,2764100,20.438906406180383,17.884635310038625,25.308499658752297,26.446149981311883,25.387806509349502,2.36,14.0,-1.1,16.8
FE,2016-08-08,22.658391005437945,22.809447783630826,22.45240615650913,22.569129943847656,4739900,20.672088684514875,18.114230164773666,25.365273789867487,26.458202984377,25.409417584801464,2.37,15.0,-1.11,16.66
FE,2016-08-09,22.534796000947136,22.651522389026475,22.47986793891613,22.54852867126465,2403600,20.578817101245885,17.872862120032387,25.331533549076713,26.286182138811743,25.40670727753224,2.38,15.0,-1.1,16.71
FE,2016-08-10,22.63091726150875,22.665247620382722,22.383734486834555,22.45926284790039,3072800,19.84506924376491,17.873554433201786,25.279404549280216,26.271988190226065,25.40923259490182,2.39,14.0,-1.1,16.92
FE,2016-08-11,22.473002670274127,22.582861425190874,22.4318046549656,22.57599639892578,2171400,19.469333219448494,17.756784660426916,25.29152897966754,26.247635124180853,25.385039510894213,2.4,15.0,-1.09,16.9
FE,2016-08-12,22.67898036812425,22.871235093128877,22.575989291137464,22.74077606201172,5532000,18.524583719082262,16.990705555888013,25.320848860504075,26.259755607226825,25.39127097139606,2.41,17.0,-1.07,16.87
FE,2016-08-15,22.706448535148272,22.898700664893646,22.57599210699803,22.582857131958008,3405300,18.445472902041537,17.022134246128196,25.318233475472873,26.257933880173052,25.381710187072454,2.42,17.0,-1.05,16.8
FE,2016-08-16,22.55539294866245,22.569125618524463,22.253282069415036,22.260147094726562,2495400,18.769544469233963,17.286747778849833,25.394571815811624,26.30528981679413,25.421078620938033,2.43,21.0,-1.03,16.44
FE,2016-08-17,22.239550137218217,22.589726682217186,22.07476333188615,22.54852867126465,3839600,18.80025538491716,17.40735513584122,25.427702872434292,26.332688331895277,25.446444354843567,2.44,22.0,-1.01,16.5
FE,2016-08-18,22.541658932141868,22.74077606201172,22.46613057080846,22.74077606201172,4054200,18.970944192494287,17.482595028869614,25.319341355010565,26.15085889459988,25.45205180894265,2.45,18.0,-0.96,16.77
FE,2016-08-19,22.69958999767363,22.69958999767363,22.335680709058472,22.445539474487305,2638500,18.140977363565344,17.709105639992735,25.28979056475617,26.175560372453827,25.444627524460074,2.46,15.0,-0.93,16.87
FE,2016-08-22,22.452399960165746,22.521060684446756,22.32194091709759,22.40433692932129,1915200,18.07293383431548,17.65522272498831,25.27382641914252,26.175814555783145,25.41962387544491,2.47,14.0,-0.89,16.88
FE,2016-08-23,22.479865807183963,22.71331594196587,22.479865807183963,22.60345458984375,2843700,18.340077540730608,17.72605646433332,25.317038346928122,26.046901081335687,25.154522911513723,2.48,19.0,-0.84,16.79
FE,2016-08-24,22.54166436525129,22.70645117584332,22.411205302690206,22.658388137817383,2633700,18.180499592786997,17.616014048562874,25.279730951666014,26.01754892025074,24.95136251147696,2.49,16.0,-0.79,16.99
FE,2016-08-25,22.651519049801117,22.830038499133845,22.575990683808502,22.610321044921875,2052500,17.732678091552952,17.55053841199259,25.139340487389124,25.928078653284082,24.919297937077534,2.5,10.0,-0.77,17.53
FE,2016-08-26,22.706447740143723,22.898699863157912,22.157154089218377,22.191484451293945,3756700,17.964260866309985,17.902131731325213,25.217884143168373,26.020572770015665,24.96586729139213,2.5,14.0,-0.79,17.25
FE,2016-08-29,22.321939959839934,22.507327050534983,22.232681545950136,22.38373565673828,1840100,18.217948965258753,17.708536523023206,25.24495839964493,25.969876261700065,24.980113556609748,2.51,16.0,-0.79,17.19
FE,2016-08-30,22.38373776550603,22.47986645136755,22.061029201735558,22.115957260131836,2510900,18.396222990939574,17.867163049553348,25.25237448478578,26.008576278225043,24.95449412714868,2.51,17.0,-0.78,17.02
FE,2016-08-31,22.102230971439898,22.48673796817309,22.0541679242532,22.473005294799805,4190400,19.23154596017362,18.0947540300356,25.36361334627331,26.00722977169622,24.804839245682516,2.52,29.0,-0.74,16.74
FE,2016-09-01,22.431808264648765,22.500471634545487,22.157162642781117,22.28075408935547,4637100,19.29123442276215,18.164064712393643,25.32741285915251,26.024151801294398,24.817459397486765,2.52,28.0,-0.68,16.72
FE,2016-09-02,22.308211363207917,22.658385255602152,22.308211363207917,22.534793853759766,2326900,19.005618728045953,18.311055107868587,25.39764276043896,25.988525940407097,24.811740113284756,2.53,33.0,-0.61,16.6
FE,2016-09-06,22.617193928319928,22.733920339751094,22.500470136128335,22.69272232055664,2766000,19.166951582884167,18.07900814350764,25.406679163006324,25.996103843800217,24.724377773805305,2.53,34.0,-0.55,16.66
FE,2016-09-07,22.678986789812253,22.850641252633697,22.541665314946492,22.747650146484375,2237600,18.56752620050403,18.08521061412488,25.382502771564564,25.917569713932842,24.6544156619145,2.53,32.0,-0.46,16.71
FE,2016-09-08,22.672116145710802,23.118416066911784,22.644650809847747,23.09781837463379,3108500,18.512048003645727,18.349781002864944,25.489823828682173,25.97562579438511,24.662563998240106,2.53,38.0,-0.36,16.45
FE,2016-09-09,22.8506441682596,22.898707214443064,22.404344079521778,22.411209106445312,5017800,20.230597134658858,19.364948871670567,25.882820435644387,26.119111876755106,24.842304471435426,2.53,42.0,-0.28,15.28
FE,2016-09-12,22.397473573571443,22.98110031865621,22.37001085014427,22.85064125061035,3339500,20.922559551400003,19.67201195638481,25.86678123316799,26.074211203187392,24.914718208676476,2.53,40.0,-0.25,15.58
FE,2016-09-13,22.727045726908035,22.788841427137235,22.287610800495415,22.45240020751953,3745200,20.9197856298876,19.90008043441633,25.718159387412314,26.156230227503386,24.963985524129182,2.53,38.0,-0.26,16.02
FE,2016-09-14,22.541664113297067,22.66525291024014,22.287613636011987,22.397472381591797,3062400,19.127058793980865,19.63881756234489,25.58351603018413,26.157812224225058,24.94701468205787,2.53,38.0,-0.25,16.29
FE,2016-09-15,22.390606891471815,22.637789718708962,22.3013458440275,22.54852867126465,2111000,19.208584687649,19.65710736605218,25.607983092618714,26.168708363819032,24.92580920552012,2.53,39.0,-0.24,16.26
FE,2016-09-16,22.40433886320941,22.678984403278935,22.287612478769667,22.651521682739258,3507100,19.22355030395587,19.433611267707224,25.618236583832516,26.147745948218525,24.92603336578398,2.54,40.0,-0.22,16.27
FE,2016-09-19,22.720184102850233,23.18708443685884,22.65838839337147,23.166486740112305,3757300,19.712499306525896,19.954537649825944,24.742377040406183,26.192493754517425,24.949928879593728,2.55,8.0,-0.1,18.12
FE,2016-09-20,23.221414804516115,23.324408526727105,23.07722568881206,23.166486740112305,2909000,19.37437420616679,19.867577589747714,18.25713500017413,26.17614294547483,24.941312950303885,2.69,1.0,-0.09,-0.21
FE,2016-09-21,23.17334945374903,23.77070617294767,23.14588411466799,23.73637580871582,3175100,20.51722015858295,20.414487491582157,18.6352291379673,26.326329802347914,25.009523251910704,2.8,2.0,-0.15,-0.23
FE,2016-09-22,23.887439721293315,24.00416351854964,23.750115603926115,23.921770095825195,3278400,20.51720439628931,20.134091332236114,18.54880235104315,26.317669613491628,24.97642165426425,2.91,2.0,-0.24,-0.21
FE,2016-09-23,23.770704492283627,23.942358920545256,23.633380425826584,23.681446075439453,4010200,20.793936207749848,20.073793071591275,18.47923541034657,26.142051794200462,24.988419543241598,3.01,2.0,-0.3,-0.22
FE,2016-09-26,23.578456645022452,23.90803289272078,23.578456645022452,23.74324607849121,3341700,20.72707036793101,19.62062801744367,18.365240675908517,26.054397840851696,24.970136037697106,3.11,2.0,-0.37,-0.18
FE,2016-09-27,23.825639715100255,23.914900768223916,23.042895791872255,23.11842155456543,5301400,22.15833002786786,20.321204916284454,18.84809586681865,26.197516994037347,25.11421395709358,3.18,6.0,-0.38,-0.22
FE,2016-09-28,23.193950178129263,23.26261353480095,22.850641252488565,23.029163360595703,3954400,21.737992829558287,20.32846019200164,18.74815957053766,26.20007883839024,25.11612418940674,3.25,6.0,-0.38,-0.16
FE,2016-09-29,23.02915492042211,23.090950609158913,22.70644381043675,22.775104522705078,2556300,21.72298915001208,20.25525150612059,18.706297915275876,26.108006311607486,25.09785759334627,3.32,6.0,-0.38,-0.18
FE,2016-09-30,22.90557386214454,23.0016999503213,22.589730252638194,22.713321685791016,3504000,21.59980491055135,20.20356327917843,18.640824856541645,25.820189445981974,24.9871709585851,3.38,6.0,-0.38,-0.17
FE,2016-10-03,22.70644749290884,22.70644749290884,22.12968851090747,22.177751541137695,4786700,22.378072800868107,20.29325819598691,19.014555702581752,25.835411602110952,25.079830608580572,3.43,10.0,-0.39,-0.26
FE,2016-10-04,22.232688586880478,22.26015131256917,21.566668378189924,21.717723846435547,4667100,23.157604886158666,20.655438660247796,19.292034748055126,25.843692311392758,25.085691206630063,3.46,11.0,-0.4,-0.36
FE,2016-10-05,21.72458334749491,21.875640077833513,21.429337530508715,21.552928924560547,12571500,23.038204870513187,20.66749630006485,19.19599661844726,25.34665211798282,25.055597787364135,3.5,11.0,-0.42,-0.32
FE,2016-10-06,21.51860273155295,21.806982270320916,21.39501131356388,21.60786247253418,4321100,23.040019153615997,20.60516717703751,19.194557863289578,25.33960655638004,25.05334882245408,3.53,11.0,-0.44,-0.31
FE,2016-10-07,21.75204650232805,21.93743357481383,21.504863739013672,21.504863739013672,3572600,23.058275027002992,20.40353450019303,19.130777146128043,25.082843084010957,25.039312803689274,3.56,11.0,-0.46,-0.27
FE,2016-10-10,21.56666329862573,21.827578775511178,21.55293062939609,21.786380767822266,2389300,22.853843906257733,20.502320394393312,18.819591601474134,25.07112405960167,25.062956647635755,3.59,9.0,-0.46,-0.23
FE,2016-10-11,21.78637816879445,21.81384350397722,21.3881399759791,21.436203002929688,2293500,23.113036412495912,20.681419985626263,18.966486566940294,25.1275241758999,24.97912201954294,3.61,11.0,-0.45,-0.31
FE,2016-10-12,21.47053767085002,21.779514877097657,20.79765258031665,21.532333374023438,13766500,22.95022622705451,20.727646292431878,18.979432591406592,25.125828008910894,24.982094075186993,3.63,12.0,-0.45,-0.31
FE,2016-10-13,21.827579838130116,21.85504386830699,21.46367194354531,21.66965675354004,4795800,22.4982192156292,20.78910265701868,18.974366182524303,25.123956553514738,24.984662941986645,3.64,12.0,-0.45,-0.28
FE,2016-10-14,21.64219272044621,21.999234280033804,21.580397015532224,21.635326385498047,3228600,22.389937567758693,20.787112874976017,18.97525873765679,24.900453590408492,24.97443829847992,3.65,13.0,-0.45,-0.29
FE,2016-10-17,21.786383166809145,22.253283495073777,21.779516831438247,22.12969207763672,6129400,23.15264402296684,21.102263977151843,19.31328616722126,25.044588430401582,25.064989411960752,3.65,20.0,-0.44,-0.33
FE,2016-10-18,22.486728741776858,22.871235580745335,22.30134165616198,22.76824188232422,7351100,24.556965032592405,21.984975997221383,19.79699246324102,25.267172416414773,25.208434556402796,3.64,21.0,-0.41,-0.29
FE,2016-10-19,22.630923987214384,22.843776466272434,22.356278415361928,22.761383056640625,5856100,24.54741237535621,21.658715390467876,19.788564070577866,25.057392009784362,25.177956655341973,3.63,21.0,-0.39,-0.29
FE,2016-10-20,22.795714870942387,22.946769028304175,22.51420163588339,22.555397033691406,4609100,24.245489358220482,21.388441126571056,19.78134766300698,25.062264189006527,25.165318721796353,3.61,21.0,-0.38,-0.3
FE,2016-10-21,22.452400030592084,22.905567622288935,22.404336999596868,22.788841247558594,4060800,22.776115641621168,21.48104293097002,19.809045243865047,25.041352961422557,25.172393878919863,3.6,24.0,-0.37,-0.31
FE,2016-10-24,22.898705007340947,22.994833709682045,22.67212247134953,22.8918399810791,2383300,22.10323536360287,21.36324060085316,19.788962441454586,24.983214103823112,25.035514493009074,3.58,23.0,-0.37,-0.3
FE,2016-10-25,23.04975510462825,23.159613827689114,22.898698378205097,23.08408546447754,3997800,21.576583496238147,21.140986198079784,19.68592493208466,24.998827154559823,25.016871079315823,3.56,21.0,-0.37,-0.27
FE,2016-10-26,23.07035828196899,23.365604161500855,22.89870382267089,23.317541122436523,4233300,21.71086453253797,20.330047245456544,19.748845332422462,25.003111063033113,25.032534751742595,3.54,22.0,-0.39,-0.3
FE,2016-10-27,23.269478561378094,23.3656046414814,22.974232675781234,23.27634620666504,3827400,21.667451785445188,20.32660161978336,19.705179982273027,24.828757230188465,25.00557726682225,3.52,22.0,-0.39,-0.28
FE,2016-10-28,23.31067609652984,23.489195581734624,23.11842132103332,23.317541122436523,6192900,21.643387366729844,20.30798045801495,19.70519968523718,24.828417805374396,25.005580884992266,3.5,23.0,-0.4,-0.28
FE,2016-10-31,23.39993549626104,23.688313710281925,23.35873748601277,23.544124603271484,5212000,20.84048232067004,20.121410825641657,19.75686316197302,24.76940535429763,24.9947807871671,3.48,25.0,-0.42,-0.3
FE,2016-11-01,23.57845491650793,23.57845491650793,22.919302469433127,22.981098175048828,3963400,22.04096147682203,20.594118603688578,19.9651656312853,24.56036202965615,25.11646402052405,3.46,31.0,-0.43,-0.31
FE,2016-11-02,22.912434101728078,22.967364780203667,22.534794854544597,22.905569076538086,4395000,20.78306357637293,20.60587806247711,19.97125311966583,23.83700969412205,25.11703121699381,3.45,32.0,-0.43,-0.31
FE,2016-11-03,22.81533996240504,23.16933669187752,22.669577849240206,23.10686683654785,4561900,20.82128221974529,20.65915205666257,20.01506605583968,23.612409744527255,25.115927103161585,3.43,33.0,-0.43,-0.33
FE,2016-11-04,23.09991840429663,23.752381760450117,22.99580377039578,23.301210403442383,5324000,20.820251930565576,20.70054214702928,20.05206771187476,23.59849477570981,25.050367941113365,3.42,34.0,-0.45,-0.33
FE,2016-11-07,23.523331153473904,23.93285517884654,23.231806922435677,23.884267807006836,7564700,22.059640707360508,21.24478395128908,20.368153465043758,23.751165141659595,24.877827206289187,3.4,35.0,-0.51,-0.35
FE,2016-11-08,23.877318006730132,24.175784680400167,23.717670824970927,23.946727752685547,4316000,20.540979237931193,21.18545663791332,20.326507334090586,23.7180563100446,24.86954509917429,3.39,35.0,-0.56,-0.34
FE,2016-11-09,23.544149677604096,23.61356208866366,23.16933324913343,23.245685577392578,4126100,22.375888488944895,21.88135512580782,20.715410101916046,23.573588396100988,25.029672189471654,3.36,37.0,-0.57,-0.29
FE,2016-11-10,23.155447083672957,23.162386999768636,22.065697557601176,22.107343673706055,7318800,26.58463364312077,24.092576783130095,22.186094949852862,23.981259650523445,25.428001826750364,3.32,38.0,-0.59,0.7
FE,2016-11-11,22.128169379250384,22.42663744834314,21.864408839263778,21.947702407836914,5239000,26.64254454202396,24.06237974371126,22.088922550003147,23.882627312761162,25.43864676153457,3.29,38.0,-0.61,0.76
FE,2016-11-14,21.836641002832067,22.16981390939452,21.57288049753907,22.10040283203125,6102800,25.84364914353024,23.9683896896993,22.109821248319534,23.89719399131144,25.407746402516228,3.25,39.0,-0.63,0.76
FE,2016-11-15,22.20451471660799,22.50298004392853,22.121222498162332,22.27392578125,4640500,25.1637354298681,24.022879396378706,22.105657366128753,23.89755644369524,25.41256262989827,3.22,39.0,-0.63,0.79
FE,2016-11-16,22.294751055227817,22.378045932250185,21.919933375969947,22.121225357055664,3781800,25.14308136562804,23.98894025240585,22.103407666452483,23.89157304996335,25.389843154867265,3.18,39.0,-0.65,0.76
FE,2016-11-17,22.017109049848514,22.31557707663817,22.017109049848514,22.18369483947754,2693200,25.144798750262932,23.99102317930062,21.90449983933491,23.80758711099954,25.366249316379818,3.14,38.0,-0.67,0.84
FE,2016-11-18,22.16287794719232,22.280875085731978,21.746412707740795,21.795000076293945,4396600,25.669307796518588,24.25040035372418,21.96203367792908,23.819399752758194,25.299453590518862,3.1,39.0,-0.69,0.75
FE,2016-11-21,21.954645547225056,22.20452496571258,21.871353290333584,22.148996353149414,3203300,25.816706815616147,24.19078897453951,21.856917550289705,23.849022274086106,25.334506480549052,3.06,38.0,-0.66,0.78
FE,2016-11-22,22.169818570471183,22.280874464132612,22.079583753755728,22.142053604125977,2782300,25.326746220958572,24.12341410162916,21.828487770073313,23.833860131121558,25.312885383601703,3.02,38.0,-0.62,0.79
FE,2016-11-23,21.90605692644718,22.079583996291454,21.70476621385919,21.85746955871582,4595600,25.6248927596356,24.143017904220308,21.91100559368459,23.871308271645997,25.347225273931386,2.97,41.0,-0.57,0.71
FE,2016-11-25,21.926876755407093,22.32945810905131,21.926876755407093,22.308635711669922,2063200,26.222145055843875,24.286195250331094,22.071063522498356,23.985315911425353,25.415957867456147,2.93,43.0,-0.49,0.67
FE,2016-11-28,22.398870631843113,22.641807428619476,22.329458227183796,22.62098503112793,3943300,26.47412102406246,24.388494766898802,22.16165689989682,24.042737269294324,25.443292894037565,2.88,48.0,-0.4,0.65
FE,2016-11-29,22.544638108136645,22.732047673872557,22.46134585041395,22.593225479125977,3151300,25.713019741942272,24.280278053318842,21.93008349038014,24.04295432951333,25.433141381035924,2.83,42.0,-0.28,0.73
FE,2016-11-30,22.35028341940834,22.35028341940834,21.718645095825195,21.718645095825195,5668500,26.852780526052282,25.54708544161346,22.766077514401193,24.460945928948856,25.59423378212269,2.79,51.0,-0.19,0.67
FE,2016-12-01,21.614533927551296,21.656181382404153,21.399360706438074,21.510417938232422,3272300,26.950414907152936,25.602965166819974,22.798315090628012,24.46528170135121,25.596464400457535,2.77,52.0,-0.11,0.63
FE,2016-12-02,21.51735599923232,21.683941822293086,21.066185896287767,21.218889236450195,5280300,27.08822458322947,25.506844332890804,22.84283443245346,24.48057178292983,25.6321208511184,2.75,53.0,-0.06,0.57
FE,2016-12-05,21.198066402606944,21.211947561315043,20.920422045942434,21.17030143737793,5709500,26.834715721489427,24.79401194059168,22.719945577291213,24.47831964753972,25.521849156755522,2.73,51.0,0.04,0.66
FE,2016-12-06,21.253597577537363,21.26747873792292,20.920424574059133,21.08007049560547,5763700,26.75722920846311,24.43556483681368,22.65762437933825,24.48101834492851,25.50435940398557,2.7,51.0,0.11,0.67
FE,2016-12-07,21.10782917457987,21.170299015291594,20.74689261133576,20.864891052246094,7314300,26.629299554277825,24.273294481874586,22.689039153503224,24.493182443884333,25.461380930926218,2.68,52.0,0.17,0.63
FE,2016-12-08,20.809363655540107,21.309122410137025,20.358193587345042,21.191123962402344,6336200,26.91362755573853,24.51250847837526,22.85105770647735,24.559882815943656,25.504639871420714,2.67,57.0,0.19,0.58
FE,2016-12-09,21.239713026638285,21.586767156733988,21.22583054369691,21.329946517944336,3913200,27.05870973985982,24.50998127398694,22.876781459855938,24.540378178212052,25.464128169368923,2.66,58.0,0.23,0.59
FE,2016-12-12,21.21888340643878,21.61452479299164,21.19806101171878,21.558996200561523,4061500,27.314733629683364,24.600461638362276,22.956246109635412,24.491240020297926,25.484495665258223,2.65,59.0,0.27,0.56
FE,2016-12-13,21.614526092900338,21.947698991424318,21.614526092900338,21.940757751464844,3646800,27.71537432276332,24.421188153522223,23.002533045257714,24.52424836997111,25.496190256370372,2.65,60.0,0.13,0.55
FE,2016-12-14,22.03099297540786,22.419693176711426,21.656175255127412,21.718645095825195,8340500,27.044267588634902,24.493981504358942,23.038433218166276,24.54192347407954,25.513289574939087,2.64,61.0,-0.25,0.51
FE,2016-12-15,21.63535166037859,21.76029134250632,21.420178498884315,21.73946762084961,5667000,27.053083877295464,23.92146456694953,22.8545366086533,24.54114777333007,25.462440282957843,2.63,58.0,-0.38,0.63
FE,2016-12-16,21.72558673784731,22.19758053886845,21.69088185643955,22.058759689331055,10195800,27.30121358444228,24.073823285734854,22.79990549975114,24.5821600926135,25.500735012424986,2.62,56.0,-0.34,0.71
FE,2016-12-19,22.155934470294383,22.176758193533512,21.8019391186674,21.968524932861328,4557300,27.14618410660182,24.012057254231344,22.787868104634867,24.50490581472064,25.448419491120955,2.61,55.0,-0.35,0.7
FE,2016-12-20,21.864407174849187,21.968523134710075,21.552057971360266,21.718645095825195,5218000,26.059314655360406,24.088096488354775,22.770735923350735,24.488451424516658,25.47468120568323,2.6,55.0,-0.33,0.71
FE,2016-12-21,21.74641000793746,22.17675767752149,21.704763886334597,21.808879852294922,4233700,26.09266186411567,23.533552755812696,22.62507759461237,24.486318498826364,25.39456151329197,2.58,51.0,-0.3,0.83
FE,2016-12-22,21.774168835231446,21.871343532887877,21.621464225878814,21.67005157470703,3144500,24.87404556693241,23.5524364684347,22.165443799895275,24.463417314413487,25.295365283597164,2.57,50.0,-0.34,1.01
FE,2016-12-23,21.74640953316923,21.80887937616285,21.607587365648676,21.704763412475586,2494700,20.326450167119898,23.463910845281525,22.159662573830477,24.44934021973386,25.292716350311817,2.55,49.0,-0.37,1.01
FE,2016-12-27,21.628408790356463,21.739465983012746,21.552056473940457,21.711702346801758,2110400,20.22990421579101,23.461581716580348,22.15289228541047,24.41143952485524,25.292440158104277,2.53,49.0,-0.4,1.03
FE,2016-12-28,21.73252613520561,21.788054735091006,21.392413295419274,21.406295776367188,2558100,20.49145085881635,23.13553840344919,22.134214230011985,24.463103274307308,25.331828845674792,2.51,49.0,-0.45,1.04
FE,2016-12-29,21.406292426818,21.73252273460954,21.406292426818,21.600643157958984,2927900,20.540284871515546,22.822088465356497,22.074547976483387,24.478752235258053,25.33000430991528,2.49,45.0,-0.48,1.07
FE,2016-12-30,21.63535270275749,21.718646269491103,21.44100192964995,21.496530532836914,2523200,20.498086087854198,22.789967575422708,22.085453261767547,24.467338819837238,25.273652816953206,2.47,46.0,-0.52,1.05
FE,2017-01-03,21.496528098433675,21.614526532331375,21.121710400344984,21.482646942138672,3757200,20.467212593934512,22.783865590484538,22.078390233967006,24.4572096851745,25.26298556328615,2.45,46.0,-0.56,1.06
FE,2017-01-04,21.51041301461024,21.718646269491103,21.47570813408326,21.496530532836914,3242000,19.855130202571775,22.76337333001083,22.060686711646195,24.43326877925066,25.262773479459916,2.43,44.0,-0.59,1.07
FE,2017-01-05,21.475702631411846,21.552053613789226,21.218882080035236,21.413232803344727,3947600,19.241206796944226,22.613663134901874,22.031828098371907,24.314729458354492,25.247152720094196,2.41,44.0,-0.61,1.07
FE,2017-01-06,21.31606607883949,21.683943968620287,21.31606607883949,21.60759162902832,3485000,19.46500691348013,22.445881620575317,22.060562666407858,24.168082423273283,25.115870757408064,2.38,45.0,-0.62,1.08
FE,2017-01-09,21.66311665490159,21.676999136875175,21.468767202896768,21.524295806884766,4802300,19.14908640162702,22.44202968992078,21.954119918595076,24.090023517105177,25.049025442380056,2.36,43.0,-0.65,1.17
FE,2017-01-10,21.406300933031066,21.413242175177132,20.906543413673575,21.08007049560547,7195300,18.9629807129454,22.80246303633147,22.090030328707257,24.21120761042043,25.090971057775448,2.33,53.0,-0.67,1.04
FE,2017-01-11,21.052303478649062,21.47570994101588,21.052303478649062,21.329946517944336,5283000,18.818956465427252,22.938478875481604,22.130964562452647,24.254450200171274,25.116484948399336,2.31,57.0,-0.68,1.02
FE,2017-01-12,21.329943373203392,21.454883053442625,21.211944933411477,21.295238494873047,4247200,18.81796248656725,22.440536297647164,22.041779258552193,23.584601843143755,25.025458060051875,2.28,46.0,-0.71,1.1
FE,2017-01-13,21.267471183587528,21.32299977712538,21.107826642654477,21.24664878845215,3889300,15.09551432773327,21.607502843431774,22.042570292701313,20.088449449496323,24.80577417756292,2.25,47.0,-0.74,1.1
FE,2017-01-17,21.420178814326572,21.767232903611674,21.30912161166784,21.621469497680664,4092600,15.738668838017086,21.942397070518126,22.178386220560277,20.19162849578155,24.763456601677568,2.23,65.0,-0.73,1.04
FE,2017-01-18,21.572875753163636,21.67699168435794,21.28135035147605,21.35076141357422,3481500,15.66158787450058,22.010308487875786,22.257006531003544,20.175796779773805,24.71048030001927,2.2,67.0,-0.74,0.96
FE,2017-01-19,21.267469598221975,21.329939426783557,20.989826651229393,21.038414001464844,4519400,16.23883811003519,22.06353522117811,22.368858374871266,20.163425066180697,24.37513718008705,2.17,68.0,-0.74,0.87
FE,2017-01-20,21.066182523747372,21.184180961679708,20.760774568409637,20.851009368896484,4713900,16.396307000472692,22.083713170882486,22.22246701180245,20.121050659405018,24.385006734680328,2.15,67.0,-0.75,0.97
FE,2017-01-23,20.927363311160434,21.003715641721055,20.52478058222461,20.55254554748535,3936000,16.656554442630636,22.140089086551693,22.279341719580454,20.183730981002558,24.23014782539305,2.12,69.0,-0.72,0.89
FE,2017-01-24,20.594189047735156,20.719128727678125,20.483131848653905,20.531719207763672,3838100,15.949250189377823,21.999627421523666,22.20712051221385,20.132873169348407,24.188439490229914,2.09,67.0,-0.71,0.96
FE,2017-01-25,20.50395459233381,20.8301849335923,20.490072112133998,20.68442153930664,5785900,15.987613360452935,22.086145733382118,22.083486823636015,20.083043587951078,24.18605439703912,2.05,53.0,-0.71,1.01
FE,2017-01-26,20.670539587231662,20.7746555369096,20.594187272978317,20.69830322265625,5205200,15.609507986750279,22.079361558227536,22.049538594691114,20.043806885615584,24.181214044296627,2.02,48.0,-0.74,1.05
FE,2017-01-27,20.746890272425453,20.837125065016952,20.628891844817726,20.816301345825195,3356000,14.71335565285887,22.004470976371383,21.988925361559104,20.05564657148163,24.178079274268573,1.98,45.0,-0.75,1.08
FE,2017-01-30,20.92041760167748,20.92041760167748,20.552541157888367,20.69830322265625,4584500,14.546641938279304,21.530376395205085,21.966826768348202,20.06428503626868,24.01648429413953,1.94,45.0,-0.75,1.07
FE,2017-01-31,20.705247703581513,21.080066769781677,20.649719100134043,21.045360565185547,4811400,15.466389110608992,21.853807676029188,22.13696256581334,20.098490931130783,24.075625147190877,1.9,65.0,-0.75,1.0
FE,2017-02-01,20.885715770089774,21.045360337787976,20.621953913634524,20.712188720703125,4357000,15.310859492444465,21.94952215563997,22.11564543862499,20.178299500070107,24.126334534477444,1.86,63.0,-0.71,0.96
FE,2017-02-02,20.753833684189438,20.823244764853534,20.559484247017473,20.78853988647461,5426500,15.388369828581055,21.87730440305563,21.62992167915913,20.14429269696239,23.968328462156624,1.81,38.0,-0.73,1.17
FE,2017-02-03,20.844740783081942,21.09766020961492,20.7815109264487,20.99930191040039,3374100,15.4859604866284,21.31536832632953,21.458486454482813,19.95983949014665,23.978083488809887,1.75,38.0,-0.71,1.24
FE,2017-02-06,21.062538434822017,21.181972497381604,20.943104372262425,20.99228286743164,4332700,15.40774278623932,21.295827059106273,21.290074049380678,19.94522495897434,23.93866412102153,1.69,38.0,-0.71,1.38
FE,2017-02-07,21.020382516754008,21.104689453137212,20.914999851284975,21.069561004638672,2773900,15.393474328847947,20.53893875692861,21.299256189180564,19.949702440523673,23.89666245456689,1.64,39.0,-0.72,1.39
FE,2017-02-08,21.097664861692376,21.125766281940756,20.95715374041039,21.104690551757812,4244000,15.394422272988203,17.87828409819093,21.27005105305141,19.933876598232423,23.894323260675627,1.58,38.0,-0.7,1.4
FE,2017-02-09,21.104692579264334,21.139819692952777,20.830696000443226,20.99228286743164,4046000,15.441682917171146,17.853044416809755,21.266264795701638,19.942789508671332,23.88067860477406,1.51,38.0,-0.68,1.38
FE,2017-02-10,20.978233855699017,21.44191874721697,20.943105400272774,21.39274024963379,3805500,15.978864404875376,18.236940376499707,21.17400266384728,20.070319736834175,23.83136719350217,1.47,38.0,-0.6,1.41
FE,2017-02-13,21.441910773929635,21.582420523344645,21.35057816379747,21.448936462402344,5644900,15.769630149505215,18.166104800518323,21.180609311324222,20.052868733375405,23.831884625861786,1.44,38.0,-0.52,1.41
FE,2017-02-14,21.45596757219426,21.526221794646503,21.188996702827513,21.32950782775879,2566500,15.790172234804245,18.14899834376594,20.808154676790526,20.057085899974687,23.772386265517262,1.42,36.0,-0.44,1.53
FE,2017-02-15,21.16791918254124,21.39976159574484,21.153869142357212,21.357608795166016,2828700,15.796247267972518,18.139484659044836,20.763433381484862,20.020490649069224,23.496363198677003,1.39,35.0,-0.41,1.55
FE,2017-02-16,21.34356069804493,21.526224648668457,21.266280775098743,21.512174606323242,3805300,15.940539134427603,17.855509119648403,20.755034067522534,20.0167531378692,22.961132084307064,1.37,34.0,-0.33,1.6
FE,2017-02-17,21.540269572580268,21.80724039729674,21.46298833279184,21.786163330078125,4410400,16.304834513815226,17.734162510297725,20.86004659108627,20.055511258087996,22.818283074956774,1.34,36.0,-0.27,1.54
FE,2017-02-21,21.722935928880265,22.025033893165006,21.6667317499445,22.010982513427734,5193500,16.36412555993097,17.865253680824633,20.518075901115925,20.010651064495537,22.815506316368847,1.32,31.0,-0.16,1.77
FE,2017-02-22,21.645655188369137,21.793191999046588,21.322481486906817,21.63160514831543,6792900,17.136930715768283,18.024399739602497,20.686239403012493,20.113012439443466,22.864831158819506,1.29,31.0,-0.03,1.62
FE,2017-02-23,21.758060767245865,22.21472118095073,21.751035078110526,22.053133010864258,5776100,16.805404875201635,17.97054648934906,20.856710199403086,20.219741481625782,22.92361117956512,1.27,35.0,0.06,1.59
FE,2017-02-24,22.17257015479604,22.727586274170957,22.123391663966878,22.706510543823242,6126800,18.411977107455616,18.739742645503604,21.372360073772647,20.516900472867533,22.80177987043138,1.24,42.0,0.06,1.45
FE,2017-02-27,22.727583404917503,22.727583404917503,22.313078460252445,22.34820556640625,4398200,19.113779707267216,19.022216741202836,21.182750593247334,20.597065828550665,22.604212908847927,1.21,37.0,0.04,1.55
FE,2017-02-28,22.34820720408093,22.86107183559628,22.320105785101255,22.783790588378906,5503100,19.745298116326772,17.596659773025237,21.129136927954807,20.63781638529389,22.601559195452044,1.2,34.0,-0.07,1.65
FE,2017-03-01,22.54492085704533,22.54492085704533,22.053133330547965,22.17256736755371,7326100,20.972812358029998,18.39132307298373,21.54453430098295,20.886326572672477,22.76511937641853,1.18,43.0,-0.09,1.44
FE,2017-03-02,22.095287136241872,22.481690658428334,22.060158690580167,22.228771209716797,3980100,20.585239778651243,18.157006505564834,21.544497259402245,20.886067433220827,22.753162331812753,1.15,42.0,-0.13,1.44
FE,2017-03-03,22.256879406219962,22.306057902153256,22.010985586539977,22.29903221130371,3620200,20.015983764262373,18.15202478093727,21.53386356870213,20.887091122809554,22.741136294984457,1.13,41.0,-0.16,1.46
FE,2017-03-06,22.425483946491813,22.425483946491813,21.891543693002358,22.003952026367188,4357900,20.261338160567675,18.355031297902936,21.54595526395627,20.909642070866568,22.715009290419015,1.1,43.0,-0.17,1.4
FE,2017-03-07,21.933701013255043,22.074212128989128,21.800216927322303,21.90559959411621,4515700,19.769127047011594,18.245306641625785,21.400029988091717,20.887679808820035,22.66201525055336,1.07,38.0,-0.17,1.52
FE,2017-03-08,21.72293319891707,21.89154571453451,21.40678389462615,21.85641860961914,4198600,19.789375224904614,17.995347919267598,21.392589467506756,20.803933633575745,22.625027596843445,1.04,37.0,-0.17,1.52
FE,2017-03-09,21.814267302472537,22.85404528685798,21.807242952589753,21.849395751953125,4161100,19.735358181572366,17.95227021576087,21.369515730995797,20.792947817552925,22.613858916348732,1.01,35.0,-0.17,1.52
FE,2017-03-10,21.92666927498342,22.172562989681502,21.70887831168532,21.9617977142334,3846900,19.754993444187562,17.852279927639874,21.38276607333577,20.727784309979715,22.614788753108346,0.97,36.0,-0.18,1.53
FE,2017-03-13,21.940727040575993,22.095289538263916,21.72996170374579,21.849395751953125,2735100,19.827086775288087,17.518574261597937,21.093026451199684,20.731404383422866,22.60843148775596,0.95,25.0,-0.16,1.64
FE,2017-03-14,21.807243232357113,21.835344652288768,21.624579312754634,21.77914047241211,3435100,19.76101178770684,17.404840503493432,20.594203921979553,20.71105107287896,22.60859776940625,0.93,17.0,-0.07,1.78
FE,2017-03-15,21.842370916181345,22.27795298666699,21.793192424998775,22.193647384643555,3906400,19.917014742304044,17.8261730671249,20.820819139191293,20.815937378147385,22.69016641867752,0.92,22.0,-0.0,1.67
FE,2017-03-16,22.10933812774278,22.18661937151735,21.77913876436524,21.87047004699707,3865500,19.820581327472418,17.836335828054544,20.899767086494144,20.76853638855095,22.717576854276043,0.9,24.0,0.07,1.6
FE,2017-03-17,21.933694705043436,22.116358566957622,21.912618981754097,22.032052993774414,8680700,19.87932690433542,17.88233562275345,20.86702008590594,20.723513077084966,22.717121627222,0.89,23.0,0.17,1.62
FE,2017-03-20,21.919649554275175,22.074210699563345,21.687807166336313,21.751035690307617,3960500,20.17072684894248,17.922923425478675,20.94599373123819,20.62289422958025,22.72456536579881,0.87,24.0,0.3,1.52
FE,2017-03-21,21.72995511983991,22.130409942492467,21.645648206643774,22.032052993774414,4362900,20.444602669105848,18.095942867718648,21.006197644297814,20.667683950537295,22.761249740063967,0.85,24.0,0.45,1.48
FE,2017-03-22,22.130414310616434,22.348205314342614,22.03205734248458,22.067184448242188,4159400,20.435249240129995,18.046294485032043,20.941065536781235,20.667911001020574,22.761042321771956,0.83,22.0,0.61,1.52
FE,2017-03-23,22.05313703674269,22.130418291326222,21.85642306509505,21.919652938842773,3360400,20.57448619007174,18.101020137736302,20.963043979966827,20.624120016015763,22.760611218414006,0.81,23.0,0.8,1.49
FE,2017-03-24,22.060163897870655,22.15149653813693,21.947755525245633,22.01801109313965,3171000,20.4972916844054,18.12258562808444,20.975242890791456,20.61257894865284,22.759452175592294,0.79,23.0,0.99,1.48
FE,2017-03-27,22.130414251339822,22.193644113544707,21.82831631858609,22.053133010864258,2457600,19.830401889121223,17.87383115545794,20.91393491373193,20.47885953513835,22.73202523379147,0.77,19.0,1.12,1.52
FE,2017-03-28,21.989906446205918,22.22877455257478,21.954779335274832,22.207698822021484,2877600,19.90131962838926,17.836828764837716,20.60371554749576,20.495220782827932,22.680006040626363,0.76,8.0,1.29,1.75
FE,2017-03-29,22.158518311284446,22.376309327238125,22.060159997617248,22.179594039916992,3458700,19.813361257557904,17.80657653340418,20.59884259676813,20.49274764172078,22.630988669326342,0.74,7.0,1.47,1.76
FE,2017-03-30,22.12339673095587,22.13042242268535,21.940732766030475,22.039091110229492,3646400,19.93726073406525,17.86091585999412,20.56904965711071,20.48481346949727,22.63263167991925,0.73,5.0,1.71,1.75
FE,2017-03-31,22.07421700725665,22.4325192255492,22.046114241893967,22.35523796081543,5805900,20.228223397027907,18.084037080634886,20.65421234946278,20.474714878188717,22.67886543072096,0.72,8.0,1.87,1.7
FE,2017-04-03,22.284975990394607,22.29902736904242,21.94072525360251,22.102312088012695,3753600,20.25319565247248,18.229000258109977,20.328573243880705,20.48097009059105,22.68620068151137,0.72,2.0,1.36,1.78
FE,2017-04-04,22.123392986015904,22.355235413788808,21.912627629863607,22.29200553894043,3992500,20.186982915921835,18.21951157633849,20.375513548933373,20.50572320435194,22.639610031238696,0.72,2.0,-0.21,1.75
FE,2017-04-05,22.22174536776646,22.3833335366727,22.16554119510743,22.327129364013672,2590500,19.468644546742873,18.19771633119507,19.84047398374228,20.505136177076462,22.599304133896766,0.74,1.0,-0.61,2.06
FE,2017-04-06,22.242820474651985,22.35522881006296,22.200667683876137,22.31307601928711,3060700,18.68690200853313,17.642357244824588,18.162465210909076,20.49647506773926,22.593633750594506,0.82,1.0,-0.62,0.57
FE,2017-04-07,22.40440688148102,22.439535323165675,21.989900649693325,22.003952026367188,5747600,17.016835321045008,17.755163237344167,18.262322209129625,20.55812531582511,22.6108120707852,0.89,2.0,-0.63,0.51
FE,2017-04-10,22.003954962664118,22.214721620858505,21.919649371396936,22.20067024230957,3235300,16.649523116008353,17.83173559685544,18.283918043200977,20.50372224185422,22.618353206760013,0.95,3.0,-0.64,0.5
FE,2017-04-11,22.144472470461388,22.235803777408435,22.010987015680072,22.088268280029297,2588300,15.633593308253445,17.860803549121293,18.258912674996083,20.507196719978992,22.595213326319943,1.0,2.0,-0.62,0.5
FE,2017-04-12,22.060162008081473,22.22877455257478,21.96180502546373,22.207698822021484,2718700,13.618145987213174,17.542893799188832,18.24657313087715,20.39521985748081,22.6010822513668,1.06,2.0,-0.63,0.52
FE,2017-04-13,22.207700136498715,22.284980053123988,21.961806325386465,21.96883201599121,3432200,13.952273223525024,17.489931772242326,18.321890099923994,20.30826361413083,22.616362247302327,1.1,6.0,-0.61,0.46
FE,2017-04-17,21.989897568006594,22.10933157297075,21.821285091588877,22.08123016357422,3007100,14.006614338281187,17.22344574813215,18.121297811607462,20.309338034017735,22.610880354848273,1.15,1.0,-0.63,0.58
FE,2017-04-18,22.09528681498013,22.179592403316065,21.933698647312124,22.109336853027344,2988700,13.45803133926613,17.103169791316038,17.94038903014975,20.257195590390406,22.604374025030133,1.2,1.0,-0.62,0.67
FE,2017-04-19,22.09528956732882,22.116365297031564,21.6245790637764,21.673757553100586,4920400,14.612228854696943,17.348962206465753,18.215860853994332,20.286213203294636,22.66921769512718,1.24,4.0,-0.6,0.53
FE,2017-04-20,21.673753346603917,21.68077903514571,21.477038087472845,21.540267944335938,4598900,14.700610657023852,17.405298263257592,18.12709393749902,19.99932189619479,22.581546692847894,1.29,3.0,-0.6,0.59
FE,2017-04-21,21.52622748495877,21.65971295492812,21.47002328813174,21.505151748657227,4208200,14.704242199561293,17.357190297754734,17.82542211822763,19.995348163720802,22.44832031156886,1.33,1.0,-0.57,0.7
FE,2017-04-24,21.498117588765904,21.603500248806213,21.188993957969526,21.575397491455078,5218400,14.651579598095294,17.36544837147418,17.68806893614213,19.995047943988485,22.389127431111827,1.38,1.0,-0.55,0.78
FE,2017-04-25,21.491100364447032,21.65971295492812,21.399767707094515,21.505151748657227,4051000,14.611200461551396,17.352360090075532,17.693221163263416,19.918157945340454,22.391091697326768,1.42,2.0,-0.53,0.77
FE,2017-04-26,21.49811969227337,21.88452326356701,21.41381275198408,21.44191551208496,5786100,14.607004650347472,17.319417170674797,16.5582565478733,19.854162216468886,22.392195894352685,1.49,1.0,-0.54,-0.1
FE,2017-04-27,21.44191551208496,21.596476672599746,21.38571133189655,21.44191551208496,4538600,13.406828453959358,16.993851437635787,16.487956767468802,19.854049213432777,21.879891105637476,1.55,1.0,-0.55,-0.06
FE,2017-04-28,21.55432232939562,21.70888347884543,20.605875684103488,21.034433364868164,9610000,13.85907908907556,17.138161900837776,16.627296102718862,19.975148049250432,19.31676852673155,1.6,3.0,-0.57,-0.07
FE,2017-05-01,21.062534303962135,21.090637061412068,20.6620793903932,20.697206497192383,6328500,14.25306432652455,17.44852498709033,16.818787370822612,20.05121171681362,19.379111864545134,1.65,4.0,-0.59,-0.15
FE,2017-05-02,20.74638559231316,20.87986966546109,20.35295504194496,20.395109176635742,7207000,14.385100355524822,17.57117363181184,16.963568824636138,20.100092727000842,19.380049876792565,1.68,5.0,-0.51,-0.21
FE,2017-05-03,20.402222141812587,20.68677168808376,20.067875237709597,20.59429359436035,8991800,14.12900481569998,17.695245571752334,16.9623635222038,20.12268028654779,19.342728562241724,1.72,5.0,-0.5,-0.21
FE,2017-05-04,20.551610493128365,20.679658130330544,20.473360214602035,20.537384033203125,4818600,14.082393376916707,17.682392258954977,16.780441147915226,20.056685925697977,19.294312376691046,1.76,4.0,-0.52,-0.13
FE,2017-05-05,20.565838208889524,20.70099975381016,20.48047402240017,20.508928298950195,4303700,14.025103932988117,17.678030366365526,16.745286786755177,19.99423940923297,19.290895658331614,1.79,4.0,-0.56,-0.11
FE,2017-05-08,20.544496840573444,20.715227930195212,20.416450558616074,20.672544479370117,4652000,14.203888642221656,17.731539544104656,16.704827651019848,19.990891153797946,19.269906117288794,1.82,4.0,-0.64,-0.09
FE,2017-05-09,20.587178870805634,20.77213640776703,20.452017332864767,20.459131240844727,6631600,14.3561599161813,17.39268175380404,16.527377700304562,19.969658210032513,19.243505714859886,1.85,2.0,-0.69,-0.04
FE,2017-05-10,20.508929302360222,20.62986303650295,20.380881659522114,20.523157119750977,3227700,14.177025702981991,17.39712813573803,16.468024132296474,19.973661735062638,19.21791118577216,1.88,1.0,-0.75,-0.01
FE,2017-05-11,20.523157020141447,20.53738483746315,20.352427282799063,20.494701385498047,4804400,14.17605700274954,17.36841190579255,16.46670681080973,19.94300529184058,19.216835776391935,1.91,1.0,-0.81,-0.01
FE,2017-05-12,20.53026694432684,20.565835123888746,20.32396770371837,20.430673599243164,2578900,14.13323643266326,17.370639112619134,16.290454190425603,19.942186649008665,19.218379591525466,1.94,1.0,-0.84,0.08
FE,2017-05-15,20.409338837179227,20.67254669460908,20.409338837179227,20.580068588256836,4446500,13.547642676711074,17.372106275131944,16.33137331669629,19.962965897069978,19.182071223496536,1.97,2.0,-0.89,0.05
FE,2017-05-16,20.53738948331664,20.601411962068422,20.33820406627224,20.40934181213379,3272800,13.407178775219542,17.212659183577706,16.286495326994242,19.86754261255826,19.195325978106155,1.99,1.0,-0.94,0.08
FE,2017-05-17,20.409337345772347,20.55161144952065,20.252834067758055,20.338199615478516,2710200,12.980322242640469,17.055235645035317,16.274707513848654,19.84119984252344,19.167540465766617,2.02,1.0,-0.97,0.09
FE,2017-05-18,20.224381971299664,20.50893156632931,20.018082666878488,20.032310485839844,5121900,13.3614966958629,16.971354828585365,16.411659885585525,19.870069158272425,19.059194388578895,2.04,5.0,-0.91,0.02
FE,2017-05-19,20.025194318380958,20.096332048326975,19.868692397971195,20.089218139648438,4897000,13.466162866450091,16.44593998697168,16.417407780551706,19.776359400189566,19.050563389129223,2.07,6.0,-0.91,0.02
FE,2017-05-22,20.046537336519076,20.302632638095663,20.046537336519076,20.231494903564453,3050700,13.425807382014057,15.26095950347986,16.46360237015452,19.774268810685708,19.06436097754043,2.09,7.0,-0.95,-0.01
FE,2017-05-23,20.231497355462476,20.380885394927184,20.18881389546719,20.274179458618164,3222600,13.050522407703308,15.00032592937803,16.32704884256606,19.726346963087785,19.053542071349582,2.11,4.0,-1.0,0.06
FE,2017-05-24,20.309745529752647,20.409338902496238,20.21015351384851,20.395111083984375,2678700,13.288916021431794,14.443895868537506,16.288204005609185,19.72112620939477,19.063349322488865,2.13,3.0,-1.05,0.08
FE,2017-05-25,20.359549353756645,20.608529472507712,20.33109370770516,20.5302791595459,3512300,13.357260564993522,13.543311181280604,16.313281403859538,19.73634683950851,19.07552615793841,2.15,5.0,-1.1,0.06
FE,2017-05-26,20.551608639936827,20.60851854502394,20.38087892467549,20.57295036315918,2475900,13.191368289397303,13.53815447443549,16.318214161926033,19.648748190512347,19.06135368021036,2.17,6.0,-1.14,0.06
FE,2017-05-30,20.53738453870233,20.928640011482056,20.480474627082746,20.765024185180664,3148500,13.446037544981076,13.681898202324183,16.390336719328815,19.366508807702964,19.08054906166043,2.18,9.0,-1.17,0.01
FE,2017-05-31,20.722342685173675,20.900186345336593,20.66543276819512,20.800594329833984,3308900,13.45606770517368,13.457510919554178,16.383670007612544,19.22391209960892,19.053279990381412,2.2,9.0,-1.2,0.02
FE,2017-06-01,20.793479214393535,20.914412950562625,20.672545478224443,20.907299041748047,2940100,12.488649950129856,13.493277772336576,16.338637686922926,19.127703775611593,19.043352495755315,2.21,9.0,-1.22,0.04
FE,2017-06-02,21.04957177893502,21.078026053669802,20.86461424422176,20.949979782104492,2794700,12.430985109302513,13.501926237558745,16.333013697025187,19.128293842473703,19.029852791074102,2.22,9.0,-1.23,0.05
FE,2017-06-05,20.87173622034991,20.949987880588324,20.665436882208535,20.708120346069336,2830200,12.81091691233939,13.68520989611685,16.10076923077376,19.155570370353878,18.999428185677235,2.23,1.0,-1.25,0.07
FE,2017-06-06,20.750796115710152,20.800592118166794,20.59429419986939,20.672544479370117,4209200,12.739341454487086,13.628280013901179,15.987700624769946,19.146760596547516,18.99972238147931,2.25,1.0,-1.28,0.14
FE,2017-06-07,20.686770043840347,20.829045484087107,20.686770043840347,20.72945213317871,2805000,12.783078208093352,13.622142432131174,15.993633636854279,18.954630311838695,18.98109832946502,2.26,2.0,-1.3,0.13
FE,2017-06-08,20.729454132167106,20.729454132167106,20.38799467085415,20.537384033203125,3636000,12.988900545663206,13.723640671927903,16.05491522060393,18.98234123882151,19.000501997188266,2.27,3.0,-1.33,0.09
FE,2017-06-09,20.52316273985836,20.708120346069336,20.409342883242335,20.708120346069336,2933800,13.286697743645295,13.23330911795022,15.860008550924181,18.77918581176889,19.016536442798362,2.27,1.0,-1.35,0.15
FE,2017-06-12,20.729462675291053,21.078036188642034,20.708122298188652,20.992671966552734,4892900,12.815310101174514,13.270552051677415,15.894700214637632,18.829507257599808,19.002855175882978,2.28,2.0,-1.36,0.14
FE,2017-06-13,20.914410588141095,20.942866220185156,20.65120277592962,20.893070220947266,3483600,11.968865234762639,13.188938959541948,15.740054959556579,18.802669694984893,19.00779653860385,2.28,1.0,-1.36,0.22
FE,2017-06-14,21.05668399093871,21.206071974152906,20.93575028016761,21.049570083618164,3415200,11.254939252265055,13.05867941550081,15.719999089409303,18.82344558518545,19.021496540523742,2.29,1.0,-1.35,0.23
FE,2017-06-15,20.992659611143,21.206071397600763,20.942863618092126,21.191844940185547,3829300,11.087326467764495,12.849811486692461,15.580960684236208,18.587373505715007,19.032779070039265,2.29,1.0,-1.33,0.31
FE,2017-06-16,21.234538661777304,21.55465651687558,21.213196928701503,21.29144859313965,12165600,11.080502347644169,12.888479623943066,15.594955665092641,18.593011452072567,19.01102953020851,2.29,2.0,-1.3,0.3
FE,2017-06-19,21.3412383257911,21.440830337122854,21.092256940622324,21.248760223388672,3720400,11.094547423990305,12.829139060884257,15.558251101608898,18.550723321185956,18.989738677273326,2.3,1.0,-1.28,0.33
FE,2017-06-20,21.23453240553002,21.3412383257911,21.220304587671375,21.248760223388672,2884800,10.911033640789176,12.78742471686758,15.558174680130701,18.54870217492115,18.92334261203367,2.3,1.0,-1.25,0.33
FE,2017-06-21,21.213194302133264,21.220308212277704,20.715232803579113,20.935758590698242,5344300,11.379052982809656,13.106927658013836,15.716453911176373,18.41809791513195,18.970828727557752,2.3,5.0,-1.25,0.24
FE,2017-06-22,20.9001857923915,21.113598993044512,20.736569955011785,20.757911682128906,2940800,11.667064279397252,13.095673982474532,15.749386748288893,18.280194914129716,18.93145616262231,2.29,8.0,-1.24,0.22
FE,2017-06-23,20.736569510212664,20.85750324760352,20.480475574497444,20.565839767456055,4799500,11.991758787081512,13.202328522425121,15.59074923711973,18.29079614521294,18.94858221622867,2.29,4.0,-1.27,0.27
FE,2017-06-26,20.636981151328108,21.49063001616983,20.615639420892208,21.40526580810547,7131300,16.606300956619847,15.632993267671988,16.648946463029116,18.898632517003193,19.3559404531759,2.27,37.0,-1.24,1.56
FE,2017-06-27,21.35546873472979,21.433719028767758,21.04957739785172,21.14205551147461,5086100,16.98960685638307,15.513040658428762,16.761351097338615,18.946671438466552,19.380952018596858,2.26,40.0,-1.22,1.49
FE,2017-06-28,21.213191368994526,21.40526284581788,20.67966039348927,20.70100212097168,4798600,17.96545012238397,15.914465019069635,17.020177869340284,19.043909739407074,19.400268936186517,2.24,45.0,-1.24,1.42
FE,2017-06-29,20.55872188445237,20.672541690954763,20.430674262927397,20.501811981201172,4171900,18.171921938943186,15.881090839726685,17.087220268296992,18.98259970800607,19.371576271021155,2.23,46.0,-1.26,1.37
FE,2017-06-30,20.53738682490561,20.935756250588824,20.5089311875085,20.743684768676758,5200000,17.85706647368791,16.09706357232297,17.181715612020323,19.027356207764456,19.292092279773406,2.21,47.0,-1.28,1.27
FE,2017-07-03,20.800592118166794,20.942867573905165,20.658318019267725,20.672544479370117,1929100,17.89846553022741,16.10289263403355,17.187030376912674,19.015067763648684,19.28211083262949,2.2,48.0,-1.3,1.28
FE,2017-07-05,20.70100081647389,20.885958372481127,20.580067082039903,20.779251098632812,4757600,17.850391464061552,15.935476549140768,17.18793863489529,19.025158444563292,19.289573207709736,2.18,49.0,-1.31,1.26
FE,2017-07-06,20.75791327700544,20.935756946127363,20.729457638662964,20.850391387939453,4930600,17.86218929882629,15.829921373318271,16.92606656684219,18.835744147399964,19.24968374771132,2.16,43.0,-1.33,1.45
FE,2017-07-07,20.850392751047576,20.935758314816315,20.70811862055248,20.807710647583008,3148500,17.81747158086764,15.809148973143328,16.9220795987321,18.522837258568,19.235190884050446,2.15,43.0,-1.34,1.46
FE,2017-07-10,20.800595377679635,21.078031067321195,20.7863675585084,20.850391387939453,3805000,17.734261848845563,15.766239825844686,16.90482705940618,18.52528020741673,19.13296124676167,2.14,43.0,-1.36,1.47
FE,2017-07-11,20.87884416016241,20.900184529150273,20.715228332671895,20.82904815673828,4665400,17.73331974410056,15.634411573143822,16.903469633551683,18.497103204866868,19.130418200506337,2.12,43.0,-1.37,1.47
FE,2017-07-12,21.006897687694327,21.241651310215406,20.98555595588706,21.149171829223633,3707300,18.073491929155473,15.935965774125608,17.04145813965948,18.546834119162263,19.194328689610725,2.11,50.0,-1.37,1.36
FE,2017-07-13,21.149166962338995,21.22030469515316,20.90018557590912,21.0993709564209,5687400,18.090430260066416,15.933958678326865,16.92005136697723,18.53896203215087,19.180411141182816,2.1,45.0,-1.36,1.49
FE,2017-07-14,21.277213598746087,21.81785844286212,21.241645412449234,21.48351287841797,7637400,18.754320636290895,15.88664759214525,17.088094069375593,18.63887271302993,19.20602259121402,2.08,53.0,-1.33,1.38
FE,2017-07-17,21.490624979887752,21.67558252980229,21.362578697798583,21.511966705322266,5336000,18.751709920502073,15.839325703198673,16.866984976738568,18.598456140784904,19.180999363810137,2.07,43.0,-1.33,1.51
FE,2017-07-18,21.568878418534464,21.675584340944425,21.469286405197085,21.661357879638672,3770200,18.445463209764903,15.89906057534427,16.61804867329766,18.6181753564188,19.192672336613715,2.05,36.0,-1.31,1.69
FE,2017-07-19,21.725384623206935,22.02416070335893,21.611563419593356,21.931682586669922,7007000,18.683819513264584,16.085461742222243,16.06707010002478,18.678026989771908,19.234340200068768,2.03,15.0,-1.35,1.68
FE,2017-07-20,21.981473033629474,22.322932487483158,21.83919893961007,22.21622657775879,7000500,18.949836437899098,16.273379612276713,16.007456534763353,18.70619063993589,19.273641066833612,2.02,14.0,-1.36,1.69
FE,2017-07-21,22.16643375221555,22.65016872621996,22.10952383508794,22.579030990600586,7311200,19.03281571229483,16.568417911668366,15.919209897589926,18.59051443962565,19.34478239348463,2.0,12.0,-1.41,1.73
FE,2017-07-24,22.579028776388267,22.586142684936522,22.223341490011315,22.23045539855957,5705900,19.71720975358674,16.90632486162499,15.517041686765692,18.67663948195527,19.341865202949528,1.97,1.0,-1.41,1.67
FE,2017-07-25,22.23046204978742,22.308713710391384,21.945912406918087,21.960140228271484,4536100,19.8566242381391,16.61628813989902,15.63296117247462,18.700630676333578,19.375578314242485,1.95,7.0,-1.41,1.59
FE,2017-07-26,21.953020942724542,22.123750686645508,21.810745477704042,22.123750686645508,5624300,19.83681954762539,16.29280088883503,15.670360781615225,18.69475942222252,19.296405150852948,1.92,8.0,-1.41,1.54
FE,2017-07-27,22.08817994127306,22.34427522165305,21.910336298084584,22.23045539855957,5909200,19.787128445230067,15.97144350256443,15.544182934420611,18.466952485867726,19.208433835977285,1.89,2.0,-1.41,1.62
FE,2017-07-28,22.145087625721608,23.012964028738192,22.095291627731033,22.870691299438477,10070800,21.19984981118268,16.821002939928743,16.161214821124894,18.77549061302975,19.414920829458904,1.85,23.0,-1.31,1.49
FE,2017-07-31,22.835126645919157,22.86358228502942,22.54346448607627,22.699966430664062,5072100,21.38578957490331,16.902854308156474,16.20473564927861,18.466244984814946,19.387533563627667,1.82,24.0,-1.28,1.46
FE,2017-08-01,22.771103818514803,22.82801509924399,22.628829687210676,22.714195251464844,4034900,21.35506273102982,16.89234465491176,16.204391956602034,17.478648181238263,19.308366281120335,1.78,24.0,-1.26,1.46
FE,2017-08-02,22.621712368895665,22.977399678826977,22.493666077065495,22.913375854492188,4887500,21.425885616035757,16.905492256065045,16.24124361242493,17.485684673204474,19.1001005267638,1.74,26.0,-1.19,1.41
FE,2017-08-03,22.970932176465144,23.0716498856297,22.791078340285086,23.064456939697266,5394900,20.80869042834636,16.743746177063514,16.245602620353864,17.483788818633464,19.108434249915838,1.7,27.0,-1.11,1.39
FE,2017-08-04,22.898990035821164,23.150785677260668,22.8630198179766,23.0716495513916,3875900,20.530428222025655,16.745583640635434,16.234455802150656,17.460494414133592,19.10422063168603,1.67,26.0,-1.06,1.39
FE,2017-08-07,23.02129102599394,23.07164988056516,22.84863150796009,22.870214462280273,3599400,20.502392953986938,16.876261174070706,16.033826885836778,17.47270328161713,19.06255169122934,1.64,20.0,-1.04,1.56
FE,2017-08-08,22.819852577492686,23.06445525882152,22.798270996916447,22.985319137573242,3422200,17.36216407139006,16.85665466002387,15.869730698509734,17.479313186654416,19.02171609102951,1.6,15.0,-1.04,1.66
FE,2017-08-09,23.035677082670926,23.035677082670926,22.711939664999672,22.7407169342041,3041600,17.244992425475957,17.016315179960635,15.929745181111594,17.39816555617973,19.051953295194558,1.56,18.0,-1.06,1.64
FE,2017-08-10,22.7623025545361,23.150787524702732,22.726332333821098,23.05006980895996,4237900,16.01743305372219,17.057100260076247,15.925074159032645,17.36746019383638,19.09523281652536,1.51,18.0,-1.06,1.59
FE,2017-08-11,22.95653846432358,23.20113973721869,22.870209410463875,23.143585205078125,3904700,15.51683643333892,17.022845866983964,15.813618523529222,17.37323737717919,19.092537236383556,1.47,14.0,-1.04,1.72
FE,2017-08-14,23.388191155057203,23.438552752926892,23.179562795204788,23.366609573364258,3564500,15.436943737329875,16.700556347523552,15.878616382729168,17.337036359263543,19.102686223693414,1.42,17.0,-0.98,1.63
FE,2017-08-15,23.229924960237025,23.56085540034547,23.208340631115462,23.524885177612305,2957400,15.294026085536577,16.72251506727506,15.865275249420444,17.189123294066,19.100927892601284,1.36,16.0,-0.91,1.62
FE,2017-08-16,23.524882534221405,23.654377516991662,23.409776187798037,23.51768684387207,3787100,15.349593821499392,16.707354866038926,15.854506626547893,17.11279646692315,19.045018555250092,1.3,15.0,-0.86,1.64
FE,2017-08-17,23.510490346784906,23.74070300485968,23.48171307843772,23.488908767700195,4429600,15.426992481142543,16.724716070281936,15.856588375214567,17.112792331600353,19.00310878620573,1.24,16.0,-0.85,1.65
FE,2017-08-18,23.474520787037562,23.79825820407759,23.373803089369876,23.618404388427734,3306000,15.325773230545096,16.72096085221553,15.843177649465185,16.45901843488451,18.99229748440653,1.18,15.0,-0.81,1.66
FE,2017-08-21,23.64718102764122,23.762287370175326,23.560851956828564,23.683151245117188,2855500,15.318582350619964,16.69863283873343,15.843819309520878,16.41718515677769,18.94757275793596,1.12,16.0,-0.79,1.66
FE,2017-08-22,23.668766021728516,23.755095094978063,23.546463985635874,23.668766021728516,2610700,15.306598843380689,16.709779913388186,15.805306006067948,16.330897962549102,18.94663577036824,1.06,14.0,-0.79,1.69
FE,2017-08-23,23.668762278000667,23.755091337595406,23.532071627261736,23.690343856811523,2469300,14.972368363427172,16.64891787247886,15.655799225209543,16.327289196040315,18.926952470023796,0.98,9.0,-0.79,1.86
FE,2017-08-24,23.66156813835204,23.72631562337604,23.481714318213335,23.5032958984375,2770800,15.255164663885992,16.777592679143215,15.598171875760281,16.348437554381746,18.942959286286275,0.92,8.0,-0.84,1.91
FE,2017-08-25,23.560852752912748,23.683152045333674,23.42416482414493,23.51768684387207,3779600,14.64513105592279,16.767658648449576,15.54624416574509,16.297249860026344,18.941644898203265,0.84,3.0,-0.87,1.98
FE,2017-08-28,23.57524115651607,23.661570229393377,23.467327757155626,23.59682273864746,2285900,14.636575974434646,16.770104264823356,15.551862212527295,16.204524180354205,18.84942037292556,0.77,4.0,-0.9,1.97
FE,2017-08-29,23.675957109435426,23.726315960241138,23.46013307107502,23.496103286743164,2394000,14.740930104748976,16.58246919881283,15.569694710035497,16.199277713763365,18.835971072776843,0.76,7.0,-0.94,1.96
FE,2017-08-30,23.510498358186457,23.61121608737067,23.409780629002245,23.452943801879883,3458100,14.503192862103523,16.58366061924942,15.401021077284028,16.156583953839498,18.79707324136581,0.75,1.0,-1.0,2.1
FE,2017-08-31,23.474517343382356,23.546457761348236,23.388185548602056,23.438547134399414,3853300,14.165247814266774,16.592386216020543,15.345047091682984,16.028614173153812,18.730332311925658,0.73,1.0,-1.05,2.19
FE,2017-09-01,23.488910391365014,23.553657877446156,23.30905656828979,23.323442459106445,2581900,13.609558609431419,16.488201744476626,15.343641678744435,15.991990925969226,18.716697117028296,0.71,1.0,-1.1,2.19
FE,2017-09-05,23.496103444475047,23.496103444475047,23.18675464781954,23.3953857421875,3226800,12.668905130655745,16.439609298168133,15.329426560380602,15.99501090234217,18.685473135297144,0.69,1.0,-1.15,2.22
FE,2017-09-06,23.452936071595747,23.49610197459784,23.201141831628707,23.237112045288086,2388200,12.23934728353092,16.356229866657582,15.266841197444888,15.928147710720076,18.685647727581653,0.67,1.0,-1.2,2.28
FE,2017-09-07,23.28027536571491,23.431351892935606,23.064451363349477,23.107614517211914,4814000,12.308441262533949,16.371133773512653,15.280212681810953,15.934897912659817,18.692802731186276,0.66,2.0,-1.25,2.29
FE,2017-09-08,23.122006339245573,23.17956087813562,22.841434823035232,23.172365188598633,4649800,12.274451559042198,16.32860538250666,15.284211683159127,15.876410677155997,18.632389433831932,0.64,3.0,-1.29,2.28
FE,2017-09-11,23.14359178802383,23.43855473261654,23.12920589524792,23.388193130493164,3403500,9.571616099834845,16.370857538229195,14.9934319885931,15.905170130425637,18.406900374611364,0.62,1.0,-1.35,2.4
FE,2017-09-12,23.388185169992738,23.402573802223195,22.70474160515187,22.84862518310547,3336000,11.6362771903564,17.137975884644167,15.436598362569798,16.13172895057265,18.454548801308835,0.6,9.0,-1.39,2.22
FE,2017-09-13,22.776686967381348,22.819851498668967,22.4601438695288,22.647192001342773,5821100,11.928148703075241,17.249409587291197,15.505493300849496,16.167207138153344,18.391606355944905,0.58,10.0,-1.42,2.15
FE,2017-09-14,22.596833402076822,22.762298583984375,22.402590950876274,22.762298583984375,3859100,11.73835062073568,17.267355603713995,15.516293825261904,16.17731873867429,18.396781414250807,0.56,11.0,-1.46,2.14
FE,2017-09-15,22.517697414097103,22.76949303316607,22.496115834178102,22.74791145324707,5434200,11.560454425166617,16.94806741830915,15.505528375930247,16.08638003107027,18.384756729056647,0.55,11.0,-1.49,2.15
FE,2017-09-18,22.747913788571836,22.805466961223864,22.19396364418615,22.48172950744629,4440100,12.011842579316067,17.041746785117592,15.619211833427347,16.11632873971553,18.41690909531796,0.55,24.0,-1.51,2.04
FE,2017-09-19,22.510504846207805,22.596833911682243,22.416980091072116,22.568058013916016,3938900,11.845229218589372,16.903955080368142,15.628100893588446,16.11068432290041,18.281999183879797,0.55,25.0,-1.53,2.02
FE,2017-09-20,22.60402949544561,22.63999971271238,22.25151615196305,22.43856430053711,3658300,11.824988662972014,14.945308520498743,15.339938160123134,16.12610564617826,18.29072525946123,0.55,6.0,-1.54,2.2
FE,2017-09-21,22.474535623720794,22.611224925977183,22.373817912677087,22.409788131713867,2445800,11.449168037096943,14.699053288738838,15.104991657284932,16.127040595841084,18.12585412505696,0.55,2.0,-1.55,2.4
FE,2017-09-22,22.474533896424447,22.510505484872507,22.2155439483016,22.22273826599121,2699300,10.866285113580584,14.103602525712802,14.97263749129858,16.15196562710898,18.126216863437076,0.56,1.0,-1.54,2.51
FE,2017-09-25,22.229932131484926,22.395397318452762,22.143603065317258,22.381010055541992,3211500,11.029355855697238,13.970559444165259,14.938886771813356,16.138668432297052,18.114386081102218,0.56,1.0,-1.54,2.56
FE,2017-09-26,22.309068029214465,22.345038244395365,22.136408526429804,22.17957305908203,4357900,10.776619674991005,13.967056361772624,15.010390852272645,16.168604320982308,18.13355006089311,0.57,4.0,-1.53,2.48
FE,2017-09-27,22.064467478532965,22.136409283531037,21.604042122026566,21.62562370300293,5710000,12.454447126494896,14.954639759294603,15.567196736569377,16.258125597806465,18.113957393114678,0.56,24.0,-1.52,2.29
FE,2017-09-28,21.58245936973132,21.819866367911334,21.445770076180462,21.6328182220459,3703200,12.466956351921363,14.92669913949075,15.521724837701173,16.199036824313698,18.110437992641778,0.56,19.0,-1.51,2.36
FE,2017-09-29,21.69756476590894,22.265903496562238,21.654400233256712,22.17957305908203,7725700,14.836399178832654,15.727440207436718,15.903038986935345,16.462940759767907,18.251993970645568,0.56,51.0,-1.49,2.14
FE,2017-10-02,22.244320948206273,22.381010238292937,22.050078489479294,22.19396209716797,4121400,14.691808379071455,15.714594155748967,15.898712586209873,16.460301893377373,18.25026236697253,0.56,51.0,-1.48,2.15
FE,2017-10-03,22.17237769323207,22.431367621251095,22.050077046353717,22.316261291503906,3659200,14.791683915631776,15.739570185457952,15.912336516150315,16.344170789529606,18.10188944442261,0.56,53.0,-1.46,2.12
FE,2017-10-04,22.309063901072417,22.596829685797733,22.19395758718229,22.553665161132812,3514600,15.230996235234565,15.8509773811108,15.973771693327151,16.31921610337096,18.00933796646033,0.55,57.0,-1.45,2.03
FE,2017-10-05,22.5824521129428,22.683171216053992,22.46015142301763,22.539287567138672,3345300,15.215335893698317,15.587004609691629,15.943756434351696,16.221234378662913,17.992634537151073,0.55,57.0,-1.44,2.08
FE,2017-10-06,22.46014049664802,22.604024075567107,22.287481025250415,22.575246810913086,4478900,15.124540657151053,15.571017900620479,15.875047240189549,16.183781709158836,17.991628946945927,0.55,49.0,-1.42,2.14
FE,2017-10-09,22.57525313555074,22.661583581523455,22.50331269811201,22.59683609008789,2433100,15.128729434427818,15.166686138797319,15.858644275551203,16.087004849021646,17.9849201014559,0.55,46.0,-1.41,2.15
FE,2017-10-10,22.604029145606425,22.769494337954043,22.57525187449772,22.726329803466797,3519600,15.20736984778995,15.199297528602942,15.66053413138484,16.097627411941993,17.947522466360287,0.55,35.0,-1.42,2.31
FE,2017-10-11,22.7047443741325,22.934957029193686,22.7047443741325,22.89898681640625,4329300,15.389113325813339,15.210807840540614,15.690632222619612,16.098588118012373,17.887147509330735,0.55,37.0,-1.43,2.26
FE,2017-10-12,22.927767088568586,23.424164048696234,22.85582528139162,23.345027923583984,4196700,16.45381316485849,15.495662497236989,15.923184631650841,16.25035776746685,17.98329087901521,0.55,59.0,-1.44,2.05
FE,2017-10-13,23.38819189176984,23.604018692904457,23.22272669009127,23.37380599975586,4332900,16.45802361087273,15.297805393364838,15.922844881638387,16.23954471853448,17.973318837997624,0.55,59.0,-1.44,2.05
FE,2017-10-16,23.31625121260865,23.402580285556585,23.05006830348065,23.064456939697266,5436900,16.847740896973,15.22864190884694,16.07657547935756,16.306463842924927,18.023940186869783,0.55,71.0,-1.44,1.93
FE,2017-10-17,23.136392260736127,23.21552837025383,23.006897307771002,23.143585205078125,3881200,16.854179633818557,14.874208212773812,16.057420775353858,16.19824487678232,17.88682670299592,0.54,70.0,-1.42,1.96
FE,2017-10-18,23.107614861537684,23.165169393346662,22.870209278703463,23.01409149169922,3909300,16.818584389803497,14.689554101465191,16.093050247694496,16.095935448072996,17.669345698436857,0.54,73.0,-1.4,1.93
FE,2017-10-19,23.114812769975916,23.244307734630794,22.956540536652984,23.237112045288086,3206700,16.98268965818118,14.739416812722608,16.097683274346227,16.127516476539206,17.695371677149762,0.54,74.0,-1.38,1.93
FE,2017-10-20,23.193945140133543,23.22271965980228,22.963731144502482,23.114809036254883,3053800,17.03595688430829,14.767662196677863,16.12939774476027,16.102964871520793,17.679625319619902,0.54,76.0,-1.35,1.9
FE,2017-10-23,23.150779244104015,23.16516787611386,23.04286587620567,23.114809036254883,1944700,16.803944661426844,13.588751400890853,16.117045894864912,16.10275989154616,17.649946155314485,0.54,76.0,-1.31,1.93
FE,2017-10-24,23.100425613406237,23.12200719411219,22.949347687585664,23.02848243713379,2671300,15.37766433823721,13.519892538029776,16.133709316631915,16.10631319055516,17.648331827143085,0.54,78.0,-1.27,1.92
FE,2017-10-25,22.94934797825685,22.999706830109613,22.546475791258942,22.91337776184082,4901000,15.219174286803296,13.562296220703224,16.03666513005706,16.11884328082865,17.635553632181278,0.54,69.0,-1.22,2.0
FE,2017-10-26,23.014096505623204,23.143590113878606,22.776689498891177,22.863019943237305,3028600,15.17067946494389,13.451307957689979,16.038930692315457,16.107221445271918,17.60771252442713,0.54,69.0,-1.17,2.0
FE,2017-10-27,23.09322844629918,23.37380269928567,22.747910827512335,23.237112045288086,5708800,15.866609578738489,13.795199134473041,16.217966811711154,16.067321930985987,17.68219627853616,0.54,81.0,-1.11,1.81
FE,2017-10-30,23.30186049807463,23.524880223013167,23.20833574318408,23.5032958984375,6294900,15.702715187509106,13.987118285303593,16.211312962347886,16.117348501830232,17.718035136382557,0.54,80.0,-1.08,1.78
FE,2017-10-31,23.532072028413314,23.8270321693789,23.503294759940726,23.70473289489746,3714700,15.822554413275988,13.956931548748507,16.214137951897495,16.128786537635104,17.712192149195964,0.54,80.0,-1.03,1.77
FE,2017-11-01,23.69034286042213,23.704731493807973,23.38099410350459,23.42416000366211,3430800,16.169010614932645,14.157488743621766,16.22830694117673,16.19610914247651,17.585523223429707,0.54,81.0,-0.96,1.81
FE,2017-11-02,23.44575085451771,23.54646858370192,23.222731065358168,23.452943801879883,2867200,16.148721331707762,13.970955962109006,16.20116081332706,16.176735747965516,17.582641243664373,0.54,75.0,-0.89,1.83
FE,2017-11-03,23.42416033352048,23.6471772932635,23.35221716557818,23.560848236083984,3110200,15.893417933615,13.734075122005288,16.1791007032177,16.119315717382527,17.566995420468707,0.54,74.0,-0.82,1.86
FE,2017-11-06,23.5899432116469,24.19369300774315,23.560846100428147,23.837263107299805,5491100,16.07601929959483,13.908857461044114,16.241372992272264,16.132155395778465,17.58565757552024,0.54,83.0,-0.74,1.78
FE,2017-11-07,23.866364796410647,24.171876198249027,23.79362200441071,24.106409072875977,4937700,15.927896488003823,13.95856061899645,16.31039225527261,16.041971439540298,17.447225966245938,0.54,84.0,-0.66,1.7
FE,2017-11-08,24.062765932307745,24.651967279929337,24.03366881579825,24.535581588745117,4221500,14.110435777981051,14.339718079058677,16.507946007891334,16.01602530321076,17.53406851285017,0.54,84.0,-0.53,1.51
FE,2017-11-09,24.41918998416209,24.724704083820374,24.37554431996717,24.441011428833008,3248000,14.262098086953998,14.36887168354982,16.52788187343385,15.658479232582357,17.281589864788995,0.54,84.0,-0.43,1.5
FE,2017-11-10,24.27370833425607,24.717429562105558,24.27370833425607,24.644689559936523,3961500,12.893058128724523,14.448369967253893,16.356444606365788,15.56506969802203,16.54279540651296,0.54,82.0,-0.31,1.59
FE,2017-11-13,24.630149862806803,25.095692703769625,24.608328409278613,24.884742736816406,4124200,12.984615880646356,14.531972107578529,16.32405100356593,15.443064498552536,16.5505894664349,0.54,81.0,-0.17,1.59
FE,2017-11-14,24.82654490277673,25.50303753721771,24.82654490277673,25.49576187133789,5251500,14.270604723464725,15.299044028785685,16.609303258121624,15.344202019514382,16.70813259070001,0.55,84.0,0.14,1.43
FE,2017-11-15,25.54668211661288,25.619424905937315,25.044769357115886,25.299362182617188,5353000,14.569719389658333,15.40490727560629,15.533667498108317,15.375701058778594,16.71273349954561,0.54,20.0,0.27,0.5
FE,2017-11-16,25.28481359665269,25.35755638589628,25.15388212572159,25.197525024414062,1862200,14.692909107371676,15.440925001131426,15.397562210694632,15.38318798081106,16.70252898279193,0.54,13.0,0.34,0.58
FE,2017-11-17,25.146607326047707,25.47394295179128,25.09568875924913,25.204801559448242,4260700,14.714147876207049,15.328810382617391,14.958215364528622,15.29283350150044,16.700942441804976,0.54,2.0,0.39,0.66
FE,2017-11-20,25.204799977125383,25.26299143201896,25.05931717761103,25.132057189941406,3077600,14.817718655767864,15.350994293608453,14.862374755921099,15.286329547449803,16.604487583133192,0.54,1.0,0.38,0.73
FE,2017-11-21,25.161148976798685,25.161148976798685,24.862910549632073,24.899280548095703,3256400,15.259434377553504,15.490394162777953,14.888271744334403,15.328651468616176,16.56004087350462,0.53,2.0,0.36,0.72
FE,2017-11-22,24.92110858852892,25.022948495977143,24.819271455934445,24.90656280517578,2856700,15.217614812255023,15.45347987923564,14.866483504792798,15.328234130898712,16.559865932011473,0.53,2.0,0.32,0.74
FE,2017-11-24,24.928384375341103,25.037494400138616,24.681064434338143,24.688337326049805,2533200,14.743033527938195,15.57295313561435,14.952678371793644,15.360488635231453,16.531400511133,0.52,5.0,0.28,0.68
FE,2017-11-27,24.76108011743524,24.77562867571233,24.53558162642103,24.688337326049805,4417100,14.751950493382527,15.570986419340946,14.952665479650598,15.345290847601028,16.409689119343636,0.52,5.0,0.24,0.68
FE,2017-11-28,24.666516504662027,24.70288651385472,24.27371374573178,24.397375106811523,6057800,14.626587890325496,15.744908831585194,15.09542959998687,15.41005504517938,16.3990746520667,0.51,11.0,0.18,0.59
FE,2017-11-29,24.310081022256416,24.55012805068166,24.280986683085025,24.491933822631836,4447100,14.631240445222934,15.750719427567189,15.099595037200473,15.261876200611985,16.4022258014169,0.51,12.0,0.1,0.59
FE,2017-11-30,24.521037041211937,24.906566960886572,24.491939919943245,24.833824157714844,4660200,14.850935853537269,15.895752330627635,15.217964802137843,15.234752114341472,15.964275517184257,0.5,14.0,-0.04,0.5
FE,2017-12-01,24.94293536661574,24.972032486008118,24.200975471234194,24.557405471801758,4432200,15.208019596080923,16.03746107552031,15.200120501596906,15.278760764512988,15.975002966764531,0.48,14.0,-0.12,0.51
FE,2017-12-04,24.601046878397025,24.601046878397025,23.648137195194728,23.699058532714844,8799800,18.598362302344253,17.697653067033674,16.290139393838814,15.788807242984806,16.317233224829057,0.47,91.0,-0.16,1.36
FE,2017-12-05,23.699062495385526,23.82272108972286,23.451742531856837,23.531755447387695,5046100,18.738717699588385,17.66387530886766,16.11476031246426,15.745137551846277,16.332315672852825,0.46,75.0,-0.14,1.45
FE,2017-12-06,23.604495118761793,23.691783689958548,23.378996637078725,23.546300888061523,3343200,18.693571077572585,16.974780388393818,16.11468938996596,15.744490027293034,16.325533836343727,0.44,75.0,-0.12,1.45
FE,2017-12-07,23.539030983938158,23.81544806513663,23.42991817495471,23.800899505615234,4849000,18.829962591217537,16.988840501748623,16.16255264581846,15.769677675130678,16.322515711560463,0.44,81.0,-0.12,1.41
FE,2017-12-08,23.793621432460103,23.91000712200854,23.65541429326312,23.88091278076172,3548200,18.809916677821132,16.974190394421633,16.062764546567294,15.766212213819184,16.255542719026998,0.44,71.0,-0.11,1.49
FE,2017-12-11,23.85908912978376,24.171876198249027,23.85908912978376,24.106409072875977,4390600,18.444174610486115,17.062295938458032,16.005600394729285,15.801178763175821,16.268797021213828,0.44,66.0,-0.14,1.54
FE,2017-12-12,24.040939757981636,24.200971110952906,23.75724983215332,23.75724983215332,4266900,18.734576332026016,17.161694275798485,15.99865851421303,15.882422056738706,16.306025213560922,0.44,65.0,-0.14,1.51
FE,2017-12-13,23.815444493598243,23.829990276084242,23.473560333251953,23.473560333251953,4284600,18.901119980372357,17.35299626834397,15.917721107646447,15.948817456322518,16.2614872918063,0.44,58.0,-0.1,1.56
FE,2017-12-14,23.386270862609567,23.488107985207616,23.218965234506967,23.36444664001465,4042800,18.630045948502055,17.33716049892133,15.8079741764062,15.94009328830637,16.23525850130926,0.44,44.0,-0.05,1.67
FE,2017-12-15,23.437194790406007,23.57540194917007,23.10258484501072,23.15350341796875,7756100,18.805204732982233,17.44778161257099,15.84406894487567,15.892107996062016,16.262059267475255,0.44,47.0,0.0,1.62
FE,2017-12-18,23.248062913936582,23.277160029938898,22.847987280892752,22.92072868347168,4881100,18.94617183658987,17.488944322364503,15.916436795971013,15.879756466980787,16.23098752109902,0.44,57.0,0.04,1.54
FE,2017-12-19,22.89163058990289,22.942550540732448,22.513377810013736,22.557022094726562,4921800,19.04570402780421,17.75603850253616,15.476252920772323,15.963485326332938,16.305693483028136,0.44,26.0,0.02,1.38
FE,2017-12-20,22.53519863671262,22.637037148134322,22.251508712768555,22.251508712768555,3340100,18.926204005280226,17.88195628420529,15.580949487215834,16.044498564176042,16.322781276206953,0.43,36.0,-0.01,1.29
FE,2017-12-21,22.156944479836028,22.47700579622597,22.011463072332784,22.251508712768555,3600300,17.945864574872125,17.08415626168797,15.580421259906158,16.044334086543923,16.31771811554733,0.43,36.0,-0.03,1.29
FE,2017-12-22,22.28060493518599,22.39699200617641,22.09147923996518,22.171493530273438,2657000,17.945262450726098,17.104583634707645,15.52326061695401,15.96431906221338,16.309016315061477,0.43,31.0,-0.08,1.33
FE,2017-12-26,22.186039434559195,22.30969938198659,22.04055665378816,22.055105209350586,1908200,17.6143508074565,16.356897290738047,15.503012982816855,15.941623472151461,16.317078573691703,0.43,27.0,-0.13,1.33
FE,2017-12-27,22.091476598256655,22.171490878996767,21.989638096746283,22.055105209350586,2258400,17.192846693363776,16.356180129928664,15.502703279745017,15.930343721509036,16.31705951261523,0.42,27.0,-0.18,1.33
FE,2017-12-28,22.06238539992076,22.178771100758677,21.953273978813588,22.149675369262695,1932000,15.196256279426532,16.34028174146556,15.46280642242717,15.925572648069622,16.259728663667076,0.42,26.0,-0.21,1.39
FE,2017-12-29,22.171495978241506,22.33880024340804,22.113303130034584,22.273334503173828,2323400,15.451569306822948,16.231897486594036,15.467858585032076,15.887086149142268,16.244347174239373,0.42,27.0,-0.25,1.38
FE,2018-01-02,22.346072305546798,22.447910820374073,22.098752378351257,22.418813705444336,4084400,15.76322836431614,16.289823278936936,15.414934899905223,15.894224662576093,16.249219570790117,0.42,25.0,-0.27,1.46
FE,2018-01-03,22.302430548122892,22.55702478290414,21.982369184757122,22.0987548828125,3772800,15.996473747342371,16.546223064066208,15.421920362763327,15.985381752449173,16.314020464225145,0.43,26.0,-0.31,1.41
FE,2018-01-04,22.091476598256655,22.38244077237211,22.01873520787114,22.055105209350586,3195400,16.00606835384748,16.547212285904987,15.407118824893452,15.811065959874126,16.31526759517186,0.43,25.0,-0.35,1.42
FE,2018-01-05,22.069653698228436,22.22968364665174,21.880526638768192,21.9023494720459,4564300,15.957233024387769,16.550742419289058,15.355532923694929,15.815643168018727,16.3256697389426,0.43,23.0,-0.39,1.45
FE,2018-01-08,21.902355229407124,22.236963769729055,21.89508094973574,22.106029510498047,6862800,16.385919291948866,16.589961529100226,15.391371878785037,15.851362249122403,16.326899681519865,0.43,24.0,-0.42,1.42
FE,2018-01-09,22.098753436540896,22.222413406060074,21.836886326767893,21.865982055664062,4145300,16.451470783595045,16.194367211847606,15.477777890283631,15.900931282546477,16.359265256482242,0.43,34.0,-0.45,1.32
FE,2018-01-10,21.822336677355153,22.026012319150784,21.575016750684316,21.691402435302734,4755200,16.444179223568984,16.248526533043385,15.520811281426925,15.924908657929846,16.244435731265018,0.43,40.0,-0.47,1.27
FE,2018-01-11,21.6986754371984,22.084203861952897,21.640482598313447,21.99691390991211,5618400,17.10658694477472,16.34507368534537,15.666240968879485,16.005913146233254,16.261803742981343,0.43,55.0,-0.49,1.17
FE,2018-01-12,21.95327236708635,22.08420661777305,21.815063837202953,21.87325668334961,3989100,16.97443353803708,16.350777845075566,15.67571986881919,16.02050933671424,16.271075631111533,0.43,56.0,-0.5,1.16
FE,2018-01-16,21.960548194687583,22.004192485518143,21.589568254060335,21.76414680480957,4599200,16.131249640557886,16.343810787978374,15.689889716677175,15.867140072758055,16.277348927876957,0.43,57.0,-0.52,1.14
FE,2018-01-17,21.749598245390388,22.011466765227738,21.604116813479518,21.76414680480957,4773100,16.04752052580954,16.19613370622628,15.68796906180473,15.747447259238594,16.183420260530283,0.43,56.0,-0.52,1.14
FE,2018-01-18,21.72050352073783,21.77142209363809,21.34952356291543,21.50227928161621,5686600,13.23200132443015,16.331385389126652,15.749857256613009,15.715609564188787,16.179623321431517,0.43,58.0,-0.54,1.09
FE,2018-01-19,21.56773993020937,21.764141270142105,21.342242866264364,21.385887145996094,6574500,13.198870343814928,16.352145296511996,15.764373498589718,15.689890066982592,16.121002607659943,0.43,58.0,-0.54,1.07
FE,2018-01-22,23.37899940120191,24.82654915019943,23.080760870736107,23.6044979095459,30608600,32.36148956913742,26.206858238679715,22.32772354116822,19.54029796768996,18.875849897593856,0.79,100.0,-0.54,22.78
FE,2018-01-23,23.72088001958673,23.7427014679497,23.269884458586034,23.277158737182617,17914400,32.44603065675291,26.349842767656018,22.427732631596594,19.616398932140303,18.872312728638985,1.03,100.0,-0.53,22.43
FE,2018-01-24,23.204418368484788,23.22624120524306,22.571571364190085,22.62248992919922,15246700,33.398086821832045,26.99935987575613,22.876292542809356,19.899498742659745,19.09365176578311,1.25,100.0,-0.52,20.87
FE,2018-01-25,22.724324889460263,23.495380344748664,22.702502054785672,23.34262466430664,21936700,34.620419171254326,27.56305231700169,23.423012795602126,20.1884690097203,19.33048126107371,1.46,100.0,-0.52,18.68
FE,2018-01-26,23.633590243594377,24.004568721075493,23.131674758065703,23.34262466430664,19393600,34.38285384740543,27.462007636639314,23.409927802821556,20.186642037655222,19.330531083889273,1.64,99.0,-0.52,18.69
FE,2018-01-29,23.38627018224298,23.54629875244707,23.13167460830122,23.400815963745117,16728800,34.22059344964553,27.408591527771932,23.40814448543788,20.186169494369192,19.324529196792863,1.79,98.0,-0.52,18.7
FE,2018-01-30,23.31352451804803,23.568120060512328,23.10257602668064,23.509925842285156,13242100,34.21928317368455,27.31682395496874,23.394111723487185,20.186186321008464,19.31915094483701,1.93,97.0,-0.53,18.66
FE,2018-01-31,23.4590148046191,23.96820327782968,23.34990199791185,23.931833267211914,15400300,34.47097880666969,27.556775423693413,23.54282423241755,20.271890179095976,19.329201601051253,2.06,100.0,-0.58,17.96
FE,2018-02-01,23.931828333619322,24.004568339859365,23.597217090296358,23.728151321411133,7683400,34.429920833614894,27.601657614386077,23.581657365724276,20.27328816684692,19.27995804527523,2.19,100.0,-0.6,17.91
FE,2018-02-02,23.633590950787024,23.815443749570125,23.320803914891815,23.357173919677734,7225900,34.41971819738999,27.683711031416948,23.67213605427623,20.361917974667882,19.346043068662734,2.3,100.0,-0.6,17.79
FE,2018-02-05,23.29170737558348,23.560848747461534,22.942550326290814,22.986194610595703,6006100,34.51514688862423,27.760309900203183,23.516359355149362,20.371591481240337,19.391659286305998,2.4,97.0,-0.6,18.24
FE,2018-02-06,22.73602441074514,23.03769970699898,22.16946294083816,22.728666305541992,7664200,34.69983712721923,27.571764403730427,23.54273430048265,20.419682996647907,19.4263685127475,2.5,97.0,-0.6,18.17
FE,2018-02-07,22.70659605706506,23.052418621691274,22.6403745058833,22.6698055267334,6409300,34.69017557876977,27.567905716588832,23.53245253734799,20.409213805117776,19.425598267758165,2.59,96.0,-0.6,18.27
FE,2018-02-08,22.588866419725218,23.045057713036975,22.434349017954094,22.54471778869629,8581600,34.69432137733629,27.508866153857547,23.548443006422367,20.42145730609408,19.433818526636855,2.68,98.0,-0.61,18.25
FE,2018-02-09,22.633016168680964,23.221650613823876,22.59622563872502,23.022987365722656,8359600,35.18583321713308,27.800871524535992,23.70857181615197,20.554183404195435,19.535741549439354,2.76,100.0,-0.6,17.47
FE,2018-02-12,23.089203916392254,23.309942851499525,22.875824489545064,23.177499771118164,7463100,35.20970439035433,27.34048511198337,23.72392573138395,20.55452379306431,19.457470858161308,2.84,100.0,-0.59,17.39
FE,2018-02-13,23.26579735806353,23.69991434892451,23.00091117757911,23.618976593017578,10011000,35.55220455431799,27.627178605783943,23.886308945341067,20.66638011733745,19.544416797450857,2.92,100.0,-0.6,16.68
FE,2018-02-14,23.471819243904218,23.766136449422913,23.243723585054124,23.508609771728516,7642000,35.57560375699032,27.630403551743015,23.898913359797078,20.651366260902375,19.54186599609696,2.99,100.0,-0.6,16.67
FE,2018-02-15,23.57483127386249,24.185538597025648,23.515966429454817,24.126676559448242,7773000,35.92183114273569,28.182744942863074,24.19454553212645,20.866301295085016,19.7082112253493,3.07,100.0,-0.62,15.56
FE,2018-02-16,24.20025584995077,24.501931173451588,24.067812751162084,24.303266525268555,4806400,35.91233718393666,28.226615044392656,24.195858076489337,20.874189761975003,19.70849273326987,3.14,100.0,-0.66,15.56
FE,2018-02-20,24.15611274132616,24.32534498509225,23.86179408714036,24.134037017822266,5779100,35.91326074672149,28.199924401333377,24.176734647062066,20.894180859087673,19.684571045399682,3.2,98.0,-0.68,15.6
FE,2018-02-21,24.656446193491515,24.91397567824542,24.08988750205953,24.10460090637207,12353100,35.888958616616954,28.199766606576365,23.813567025635574,20.843491256893476,19.660302854467425,3.26,95.0,-0.68,16.49
FE,2018-02-22,24.134031824164083,24.575509710436478,23.97951582704229,24.222326278686523,5658400,35.652230312193296,28.16801040197937,23.820817114541985,20.846670822228532,19.584436014339026,3.31,95.0,-0.69,16.43
FE,2018-02-23,24.27383428974152,24.899257783454644,24.222326150809412,24.86982536315918,5105700,36.085335133037496,28.69462537560973,23.8580199992321,21.06288820119341,19.665499666128312,3.37,95.0,-0.72,16.32
FE,2018-02-26,24.943406845435383,25.061133721823904,24.685877373639773,24.774171829223633,4850100,36.050707824078195,28.598664221085368,23.871104927391368,21.035130479074297,19.45752763323516,3.42,95.0,-0.75,16.31
FE,2018-02-27,24.855113320106263,24.950767298688383,24.185541083692517,24.207616806030273,5445000,36.80439824385017,28.985753135034408,24.167716041403832,21.210629385197965,19.531431320788382,3.48,97.0,-0.75,15.64
FE,2018-02-28,24.259115454257685,24.303261273093305,23.7882080078125,23.7882080078125,6759500,37.22649752458152,29.04810008322481,24.289197141881992,21.26625009479516,19.518782139119732,3.53,100.0,-0.74,15.48
FE,2018-03-01,23.79556954170858,24.17818262136392,23.618977810009827,23.773496627807617,7098800,37.2312093894587,28.96593292070495,24.289173943103336,21.256954332764327,19.324670031335422,3.58,99.0,-0.72,15.48
FE,2018-03-02,23.73670285697858,23.979516118403193,23.567470647575128,23.751419067382812,9225000,36.978720298456636,28.031108935546683,24.289671011027217,21.24265206867807,19.32371441493009,3.63,100.0,-0.71,15.5
FE,2018-03-05,23.692555881196732,24.075168912622296,23.626334341010963,24.008947372436523,9118600,36.94411132616037,28.076383858729535,24.344332732585848,21.264312581558485,19.350219655804903,3.68,100.0,-0.7,15.27
FE,2018-03-06,23.950088637872618,24.023669705071626,23.376170347873924,23.435033798217773,5186100,24.652226754734873,28.522628801211525,24.645710798180602,21.46161954750592,19.457280008394985,3.73,100.0,-0.68,14.65
FE,2018-03-07,23.36880981743232,23.449747579541324,23.022987257956487,23.243724822998047,5005300,24.428859353314238,28.479580114034626,24.654541587278832,21.484417392736443,19.46989826207364,3.77,100.0,-0.66,14.73
FE,2018-03-08,23.354093810378295,23.4791788059098,23.177503476112975,23.39824104309082,3894900,22.947254067987576,28.505842723931234,24.485634516690595,21.49655266592036,19.478755101447934,3.81,98.0,-0.66,15.29
FE,2018-03-09,23.398238170205722,24.0310211761901,23.309943715621653,24.023664474487305,8118800,22.418921217400136,28.96236991734123,24.840078288381047,21.634306826380698,19.652822226042723,3.86,100.0,-0.68,14.18
FE,2018-03-12,24.060461044311523,24.200260874578966,23.95009083679498,24.060461044311523,6814400,22.41762281169479,28.804875428179887,24.744841686525856,21.6061826426898,19.647373834239787,3.9,99.0,-0.69,14.35
FE,2018-03-13,24.126676830024973,24.450425057407166,24.126676830024973,24.273836135864258,5127600,22.52901165178241,28.743712222680536,24.776383203875874,21.59314040591754,19.657780201343115,3.94,99.0,-0.71,14.22
FE,2018-03-14,24.310625621989054,24.627017151856016,24.259120285204233,24.590225219726562,6060500,22.76594795950044,28.833581278799226,24.835424303037957,21.136167780151023,19.694209249724633,3.98,99.0,-0.73,13.95
FE,2018-03-15,24.612298177406764,24.965478792924966,24.582865757739405,24.781530380249023,5669200,22.32344288328056,28.792386580853712,24.819801785116383,21.09406628213938,19.62138241224509,4.02,98.0,-0.77,14.0
FE,2018-03-16,24.78153060592609,25.024341053317908,24.74474148442188,24.936046600341797,12514000,22.174982426381327,28.714497491306123,24.81707137118481,20.94062827686188,19.571032945361843,4.05,97.0,-0.8,13.94
FE,2018-03-19,24.943402644952958,25.024337578291092,24.678516515978217,24.862464904785156,6738900,21.604482763522885,28.500561187704697,24.823803179480723,20.90736087378607,19.562019143547392,4.08,98.0,-0.83,13.94
FE,2018-03-20,24.884545637123416,25.090566999176186,24.774175446406264,24.82568359375,7894100,20.947582848048263,28.33096624153998,24.81603160619161,20.87095635052544,19.517316658089683,4.11,95.0,-0.85,13.94
FE,2018-03-21,24.83304295174229,25.186223670236256,24.818326737617852,25.061140060424805,5436100,20.61642383107445,28.371023298461335,24.836636243196253,20.888044401701347,19.498747793659927,4.14,99.0,-0.86,13.8
FE,2018-03-22,25.00226910238446,25.487892822656125,25.00226910238446,25.348093032836914,7572200,20.6697711135355,28.411261453562975,24.88710597483667,20.918202460023668,19.528766235812235,4.17,100.0,-0.86,13.58
FE,2018-03-23,25.340736998881926,25.392242339395118,24.818324084059235,24.82568359375,5021900,21.71355861549372,28.763406707563117,25.005977465489877,21.076521608896034,19.632190476140657,4.2,100.0,-0.88,13.52
FE,2018-03-26,24.85511138622751,25.016986905566885,24.671162953098342,25.00963020324707,9011700,21.09462168741128,28.781568985106148,24.9702756745539,21.08704505264523,19.640255627935332,4.22,99.0,-0.91,13.64
FE,2018-03-27,25.061136467900063,25.774854506223,24.972839195810888,25.406957626342773,6219900,21.40316028648391,28.91468517078259,25.054798843698745,21.158750896519642,19.699153451731792,4.24,100.0,-0.93,13.38
FE,2018-03-28,25.495259245408775,25.67920771671236,25.208297272437214,25.303951263427734,7195700,20.95876092788018,28.935360688159772,24.985230203941608,21.166093960328656,19.69396708386546,4.26,98.0,-0.95,13.51
FE,2018-03-29,25.26715099090423,25.517320913856935,24.958116235807513,25.024337768554688,10424400,21.22590018596137,29.046479491131787,25.056184405784453,21.147457860619873,19.727503335735644,4.28,100.0,-0.97,13.4
FE,2018-04-02,25.031703556306915,25.281873542025917,24.74474444468255,24.913976669311523,5680600,20.05081609871033,28.880296939006385,25.060927843660707,21.15338506563469,19.721721659265157,4.3,100.0,-0.99,13.44
FE,2018-04-03,24.847753558518225,25.134712652110096,24.64908892291688,25.039058685302734,3269300,20.000077422732318,28.874704939069755,25.00807019716419,21.06089723277263,19.67862402616582,4.32,97.0,-1.01,13.62
FE,2018-04-04,24.906617937785335,25.230368992255148,24.76681813224731,25.149431228637695,3956600,19.87708333326507,28.81613680589568,24.956888900264843,21.065010713671338,19.646632755627692,4.33,93.0,-1.03,13.8
FE,2018-04-05,25.149431556994156,25.318663789117238,24.752102243228393,25.27451515197754,4503500,19.8877191743823,28.785302643953926,24.81489070327579,21.058359861117136,19.635183950492458,4.34,84.0,-1.05,14.25
FE,2018-04-06,25.245086097168077,25.43639124871303,25.068494351500714,25.164148330688477,3919200,19.93525535931741,28.688707886082593,24.81721940617455,21.02240529953626,19.640925979191724,4.36,86.0,-1.06,14.25
FE,2018-04-09,25.164149479373165,25.311308806341685,24.958125298884955,25.1200008392334,2674000,18.469788443767836,28.62077956193552,24.78594907172318,20.974836933618327,19.641884664122525,4.36,82.0,-1.07,14.4
FE,2018-04-10,25.259805426686665,25.348099906999725,25.156791925018684,25.303951263427734,3619200,18.532726209931262,28.53828354833321,24.765467938250644,20.908467293502227,19.600140430862215,4.37,80.0,-1.07,14.47
FE,2018-04-11,25.26715699518125,25.46582164063179,25.14943010974726,25.384883880615234,2855400,17.105742248808227,28.490267673772106,24.467860899651406,20.82157568096686,19.584044623222834,4.37,75.0,-1.08,15.42
FE,2018-04-12,25.39223816908288,25.49525164002132,25.00226842443551,25.083206176757812,3010800,16.639590295421495,28.603702834385324,24.510780109585102,20.81915576964654,19.615879099889526,4.36,76.0,-1.08,15.32
FE,2018-04-13,25.16414663068138,25.458462444469877,25.11264129309763,25.318662643432617,3156600,16.765495953066498,28.634772587143704,24.54789610915338,20.829073901600022,19.629736675660276,4.35,76.0,-1.08,15.12
FE,2018-04-16,25.40695927531734,25.590907727196164,25.32602150739776,25.465824127197266,5121200,16.773236494287776,28.478810940839054,24.564830404509504,20.832100883716173,19.60370189999496,4.33,76.0,-1.07,15.03
FE,2018-04-17,25.5688332363701,25.877865269214517,25.487895473435483,25.79693031311035,3964100,16.87784975371323,28.500063940476096,24.64385439330371,20.62247854687889,19.637329015968337,4.31,76.0,-1.05,14.71
FE,2018-04-18,25.885223640832947,26.13539362125674,25.80428588145608,25.826358795166016,3369300,14.889816716358872,20.382456769190412,24.596380818403553,20.599663295541607,19.637289270891028,4.28,75.0,-1.03,14.77
FE,2018-04-19,25.80428285575555,25.9367259361461,25.49525087273093,25.657123565673828,3541500,14.788615395012272,20.19841244325957,24.621043285446508,20.61772009551807,19.542518575491787,4.26,75.0,-1.03,14.75
FE,2018-04-20,25.708631338551804,25.723347549641048,25.30394535750355,25.340734481811523,4231200,15.430824122587545,19.426056425245395,24.661602219821216,20.653151027192905,19.57433969192264,4.23,78.0,-1.05,14.66
FE,2018-04-23,25.35545145754915,26.16482625088437,25.14943010974726,25.384883880615234,6854200,13.694286487227139,18.43140242701572,24.66268170062636,20.641258029220243,19.573307172810892,4.2,78.0,-1.06,14.64
FE,2018-04-24,25.56882823661313,25.583544445799113,25.149426098717235,25.230363845825195,8441900,13.886633906530898,18.493550929012038,24.607504717017907,20.65618555783047,19.583211086390794,4.17,72.0,-1.08,14.76
FE,2018-04-25,25.200935675672113,25.23036809900562,24.76681725540922,25.134714126586914,5859900,13.795996623229875,18.521093539788737,24.609585436878277,20.633153615722225,19.584353738917905,4.13,72.0,-1.1,14.8
FE,2018-04-26,25.149426098717235,25.259796264197167,24.92132906657933,25.230363845825195,5580700,13.364714385840262,18.51510698621781,24.519667868374338,20.629911294837743,19.583643170208767,4.1,67.0,-1.1,15.13
FE,2018-04-27,25.193572764862186,25.384877855726366,25.112635024055525,25.23771858215332,3856800,13.20429854326074,18.18904455564763,24.452013615730188,20.586727683097546,19.58356838678538,4.06,63.0,-1.12,15.25
FE,2018-04-30,25.657123285114604,25.657123285114604,25.200932016996692,25.311302185058594,5732500,13.116793607303398,18.086534392573963,23.769386351999696,20.531108438320835,19.48329433608055,4.03,48.0,-1.14,16.8
FE,2018-05-01,25.19357419542292,25.311301059600275,24.847750303913877,24.928688049316406,3752800,13.859209085767333,18.065923484170597,23.871905125157248,20.61104136605431,19.475414949850144,4.0,52.0,-1.16,16.54
FE,2018-05-02,24.928686626565188,25.15678083404904,24.855105586385168,25.024337768554688,4204900,13.892376197000978,17.7182415433145,23.877490031205166,20.586184569971095,19.41597443893734,3.96,52.0,-1.17,16.5
FE,2018-05-03,24.950760959215334,25.05377161451679,24.568147948931465,24.928688049316406,4066700,13.661332814177118,17.555672487886973,23.831944617476587,20.578157463915527,19.400837269403326,3.93,48.0,-1.18,16.75
FE,2018-05-04,24.9807494241271,25.449278711058547,24.936126641618095,25.36747169494629,3985900,14.20928056043417,17.832435714337088,23.9800285770419,20.677516936769848,19.469161873548018,3.89,54.0,-1.2,16.18
FE,2018-05-07,25.620329617157687,25.769069395291574,25.322850060889916,25.382347106933594,4924000,12.760344606710289,17.767853153911716,23.93853261597319,20.676598782642316,19.46789809927533,3.85,53.0,-1.22,16.38
FE,2018-05-08,25.263354833911635,25.31541332861466,24.60146582670871,24.720457077026367,7280100,14.82536702157807,18.25094419665788,24.20085557520782,20.910105634635826,19.64462719890088,3.81,58.0,-1.22,15.73
FE,2018-05-09,24.73532930286927,24.928691864013672,24.675835094269264,24.928691864013672,4953400,14.27104286215829,18.276137686700697,24.15119728258696,20.930236342973352,19.62792022472543,3.76,53.0,-1.22,15.73
FE,2018-05-10,25.04767929470942,25.293097477806665,24.980746547142015,25.21872901916504,2873800,14.658410984589466,18.034556621820062,24.19855141838898,20.972461812820992,19.656166218166245,3.71,57.0,-1.23,15.47
FE,2018-05-11,25.24848281690159,25.41209402751945,25.144365818242377,25.330289840698242,1958500,14.333113963514608,18.006460139547794,24.15370743497487,20.97787020657467,19.658193386848442,3.66,52.0,-1.22,15.52
FE,2018-05-14,25.315415435105873,25.35259967199139,24.9807516291854,25.099742889404297,3937700,14.535234111575413,17.374989944107334,24.14304227946679,20.985137336151098,19.679575121208867,3.61,50.0,-1.19,15.54
FE,2018-05-15,24.965877168131275,25.107178401960642,24.668397601466353,25.010499954223633,3156100,14.503523193846066,17.340351854587187,24.001723522822925,20.990256500011416,19.67367115639297,3.54,49.0,-1.15,15.88
FE,2018-05-16,25.062557867164806,25.114616364568317,24.84688532822149,25.040245056152344,4535000,14.447935803870473,17.270818496198387,23.88618922077543,20.987434672331393,19.652463412219802,3.47,44.0,-1.09,16.13
FE,2018-05-17,25.017932907166134,25.05511713965382,24.668394880436704,24.72789192199707,3855600,14.797496255225576,17.47714946702916,23.984895624302826,21.035792363442326,19.693227168257945,3.4,48.0,-1.02,15.91
FE,2018-05-18,24.71301889009784,24.906381447806048,24.489910647105873,24.67583465576172,3412200,14.763470646759757,17.45982827161674,23.97867909873612,21.03619830791117,19.63038799512548,3.33,46.0,-0.95,15.92
FE,2018-05-21,24.735329272095793,24.87663333667366,24.594028044493204,24.854320526123047,4335000,14.932871819460338,16.660866740099852,23.976553382380587,21.05185584778039,19.63974245648119,3.25,45.0,-0.87,15.84
FE,2018-05-22,24.802264347441035,24.99562692641361,24.69071163216505,24.95844268798828,3561700,14.821047229109238,16.66306885086372,23.980434300525353,21.047457780021805,19.632711805820787,3.16,47.0,-0.78,15.8
FE,2018-05-23,25.003058765413982,25.270789779755823,24.921251751367855,25.174108505249023,3478000,15.018526379762386,16.02836535897891,24.004217728191087,21.06758583145818,19.647687483197622,3.07,49.0,-0.69,15.69
FE,2018-05-24,25.218735022660383,25.412094763344154,25.129492283650606,25.241044998168945,3884200,14.623137081249624,15.580511675283246,23.995427949417696,21.05180538958257,19.641885683524592,2.98,47.0,-0.59,15.74
FE,2018-05-25,25.2931021826093,25.426967702644603,25.17411092446407,25.360034942626953,2176500,14.431864919171655,15.595237127775945,23.98705839278074,21.045397998608113,19.637205413197094,2.88,46.0,-0.49,15.78
FE,2018-05-29,25.352599815560804,25.45671681422002,25.062558794445724,25.330289840698242,3864300,14.331955040274739,15.59666075613611,23.859544013616524,21.044583353393083,19.637837780740508,2.77,33.0,-0.38,16.08
FE,2018-05-30,25.233598827188032,25.590572472253925,25.092297645903933,25.456707000732422,2714200,13.879094449509735,15.487251589537804,23.86029357127794,21.02550181978948,19.623894870323916,2.65,33.0,-0.25,16.03
FE,2018-05-31,25.44927600559328,25.84343394644085,25.360030450062798,25.598012924194336,7741400,13.980738402907633,14.596360631907016,23.83091660845927,20.84192071366519,19.629386754386154,2.53,29.0,-0.14,16.03
FE,2018-06-01,25.598015567922623,25.650076899179663,25.16667335287635,25.434404373168945,2755800,13.974478703400846,14.550374468054873,23.831897422500866,20.828266016699274,19.637924752828393,2.39,29.0,0.01,16.14
FE,2018-06-04,25.51621246799727,25.590580938123175,25.08486739773622,25.15180015563965,2165500,13.885737788975,14.73863962184074,23.83528712899524,20.868316932297443,19.67381837970215,2.25,30.0,0.15,16.13
FE,2018-06-05,25.1815507844876,25.43440757582824,25.14436654631482,25.241044998168945,4559700,13.917947670481698,13.784837542463272,23.789636954586427,20.870819332559737,19.636738948537577,2.1,24.0,0.27,16.19
FE,2018-06-06,25.21872450791489,25.367464235565695,24.55683569869187,24.66838836669922,3291200,15.325065216608971,14.618895032782902,24.01823646237285,21.005404869391054,19.778174684582694,1.94,49.0,0.45,15.79
FE,2018-06-07,24.63865480806346,25.032812868757226,24.564283489175,24.794830322265625,2741800,15.3885715142141,14.54720337731374,24.00156995126804,21.0087960752511,19.782043453290424,1.76,46.0,0.61,15.77
FE,2018-06-08,24.8394462268476,24.89894042848783,24.71301643827782,24.779949188232422,2893300,15.335672390340827,14.30918140662453,23.982539322406367,20.995963002963325,19.756913097295,1.55,42.0,0.73,15.8
FE,2018-06-11,24.80225956209743,24.891505121469844,24.482470066783762,24.519657135009766,2575200,15.601014157745544,14.384433814659516,24.05555657976128,21.03602610024107,19.77459777155807,1.31,49.0,0.79,15.65
FE,2018-06-12,24.519656736728383,24.86175619784082,24.51221818841401,24.779949188232422,3014400,15.920243887573235,14.494022048018277,24.00566607401885,21.042825277969186,19.756655938671386,1.01,47.0,0.5,15.64
FE,2018-06-13,24.817137384798816,25.166675450083787,24.70558467503102,25.010499954223633,4921600,15.556959087104557,14.607183560306094,24.012275172237853,21.053779253732152,19.767811088765054,0.55,47.0,-0.45,15.52
FE,2018-06-14,25.062557032316143,25.538522042422343,24.995624275459004,25.48646354675293,5916600,16.45259165070268,15.099315973698715,18.503419585063142,21.132168712117323,19.839527791915714,0.77,1.0,-0.37,0.31
FE,2018-06-15,25.783942528343633,25.96243084132649,25.15180197560634,25.806255340576172,8589100,16.745965983175974,15.188965716575279,18.44343324259758,20.94800373245311,19.865136766216256,0.94,1.0,-0.26,0.34
FE,2018-06-18,25.73931916757469,26.01448589486435,25.664947864945646,25.836000442504883,4119200,16.018246354527204,15.019233507534546,17.824004821516123,20.9478705568034,19.861300447825258,1.13,1.0,-0.24,0.34
FE,2018-06-19,25.86575260088102,26.13348368340948,25.761635588114583,25.96986961364746,3538800,16.072608027860564,14.387800636098147,17.174818896313358,20.759033718104686,19.86419685393698,1.32,1.0,-0.12,0.25
FE,2018-06-20,26.036790620795134,26.111161908438483,25.82112097906578,25.947547912597656,2766200,13.872394521498798,14.32456269045074,17.17672050956608,20.76003412574211,19.864728994344965,1.48,2.0,-0.0,0.25
FE,2018-06-21,26.02935178800225,26.282208461707526,25.947544799895514,26.140907287597656,2598500,13.834254426493539,14.04718607555147,17.205029012785527,20.767340401503883,19.81352284409447,1.63,3.0,0.12,0.23
FE,2018-06-22,26.140915276597838,26.289652205548695,26.044234003199726,26.09629249572754,3629000,13.533438881979945,14.022972096360341,17.201299427740178,20.737390121681592,19.792718383337814,1.76,3.0,0.23,0.23
FE,2018-06-25,26.185532771860107,26.98872573056776,26.155784254061718,26.92179298400879,6082400,16.074014156086623,15.154851528525773,17.65685013920999,21.044797043805048,19.995472058663655,1.86,5.0,0.43,0.4
FE,2018-06-26,26.884618852630343,27.152347102445365,26.773063287475512,26.817686080932617,3554800,15.826355852148872,15.146595128961293,17.606851569258456,21.052522326353266,19.61546146681522,1.96,5.0,0.55,0.44
FE,2018-06-27,26.79536488365438,27.182087128381493,26.69124790179996,27.12259292602539,5202500,15.941624443543656,15.268230905152466,17.46599855568494,21.088102116262462,19.59757538727443,2.06,5.0,0.77,0.5
FE,2018-06-28,27.063099829408756,27.301082347453853,26.76562310034008,26.91436004638672,4327900,16.22106367830061,15.365640913176229,17.30314788555128,21.10577579603743,19.49170231101958,2.15,5.0,0.88,0.57
FE,2018-06-29,26.832551231399187,26.854861202061937,26.505323197812668,26.70612144470215,4169200,15.893590836830992,15.451282429055718,17.245843739260053,21.11596561446251,19.482136580897542,2.24,5.0,0.87,0.61
FE,2018-07-02,26.691253039027885,27.00360688168443,26.63919453808105,26.936674118041992,3946800,15.922851911974774,15.490084551913833,17.267840698000747,21.022209763981266,19.467408936580437,2.33,6.0,0.81,0.59
FE,2018-07-03,26.914365204911203,27.323400395863114,26.802812473995537,27.092853546142578,2398100,15.89484539385691,15.507021508565904,17.240181777366274,21.03043079374785,19.467969649537924,2.41,5.0,0.63,0.62
FE,2018-07-05,27.107719556876916,27.286205006784748,26.973854050958508,27.26389503479004,2864300,15.92170175068568,15.491702680969727,16.98042664663087,20.972706678021407,19.470712092701834,2.49,1.0,0.65,0.73
FE,2018-07-06,27.263894206854935,27.51675095069164,27.241584235537722,27.345701217651367,2687000,15.831205944437546,15.490694828008422,16.962868555025654,20.97204966418201,19.470248906440933,2.57,1.0,0.68,0.75
FE,2018-07-09,27.360579578469782,27.368015291031693,26.11860564444983,26.267345428466797,5805200,20.147009430008673,17.476265660599665,17.999055766896326,21.51700599570205,19.901424713262596,2.62,15.0,0.65,1.68
FE,2018-07-10,26.111168709015928,26.624317961017812,26.007051716172818,26.31940269470215,4601100,20.12281852828221,17.386882843841406,17.975971290156412,21.491423709651077,19.9013866424794,2.67,15.0,0.62,1.72
FE,2018-07-11,26.42351704674654,26.854862073387743,26.42351704674654,26.698686599731445,3570200,20.459055234159084,17.58100012094321,17.658948738267974,21.53972395334472,19.945326679522857,2.73,14.0,0.53,1.81
FE,2018-07-12,26.750746474062574,26.802804967972957,26.259907219353863,26.51276397705078,3940700,20.58871806117483,17.467323948616055,17.675188874777472,21.55924253671302,19.909571315526193,2.78,15.0,0.45,1.76
FE,2018-07-13,26.51276865453776,26.676379876988833,26.371464571587172,26.654069900512695,2202800,20.58493624993611,17.49524515707318,17.643841039158044,21.559241536926898,19.91176463399815,2.83,13.0,0.38,1.82
FE,2018-07-16,26.58713159945237,27.018476634702,26.505324586768815,26.884611129760742,3791000,20.55333633302039,17.508831157892715,17.681442325801868,21.56769567202198,19.852626396195063,2.87,17.0,0.31,1.8
FE,2018-07-17,26.936669721712555,27.182087923696468,26.84742416010471,26.966415405273438,3499200,20.180265969456176,17.296817898733092,17.673856344718146,21.566042343231317,19.8537427765469,2.92,16.0,0.24,1.8
FE,2018-07-18,26.97385770862755,26.981293421309047,26.44583416200193,26.52020263671875,3604500,20.912272592701562,17.6728916153355,17.424639328962,21.588664567983276,19.92205402427967,2.96,11.0,0.15,1.75
FE,2018-07-19,26.564820448244436,26.817677186688165,26.423516400982543,26.50532341003418,7858300,19.58885609863955,17.61774711244324,17.41084770121987,21.551899319533874,19.888424697410898,3.01,11.0,0.07,1.77
FE,2018-07-20,26.423517959577804,26.475576452594993,25.94011726199319,26.259906768798828,3220600,19.858679298552985,17.715234062555524,17.064370324078908,21.563574841722165,19.87624774406169,3.06,3.0,0.07,1.97
FE,2018-07-23,26.311967292047182,26.378900050658828,25.902935028076172,25.902935028076172,5019000,20.35855522684292,17.94679111583296,16.971308350472153,21.579098198170993,19.86640957609958,3.1,2.0,0.12,2.03
FE,2018-07-24,25.902933237105167,25.925243209441394,25.508772424989385,25.6946964263916,5055600,20.243169459339043,18.031358874415616,17.028886794049352,21.60307925377401,19.81953311673383,3.15,4.0,0.19,1.95
FE,2018-07-25,25.650073402847635,26.118599787520218,25.650073402847635,25.821123123168945,4046900,20.090538915579025,18.048351565065488,17.03920845077565,21.60395799408467,19.78240424526737,3.19,5.0,0.25,1.95
FE,2018-07-26,25.992175719533297,26.19297397960056,25.962427198714053,26.185535430908203,2472400,20.29888736534379,17.966161911741494,17.094837756166516,21.622826706249583,19.81603858120711,3.22,7.0,0.28,1.91
FE,2018-07-27,26.207851071878917,26.334278043559035,25.92524576750958,26.03679847717285,2088100,19.717150324432247,18.00402703613707,16.65096609832877,21.59757066234128,19.82184297968612,3.27,1.0,0.24,2.17
FE,2018-07-30,25.888061441303826,26.02936267451146,25.82856439344247,25.954994201660156,4592900,19.425280190083985,17.9972957147866,16.59877455968573,21.504120609606954,19.628262445005674,3.3,1.0,0.02,2.24
FE,2018-07-31,26.081424351966337,26.416088194540155,26.014491583451573,26.34915542602539,5607400,19.89828643180479,17.909060743224906,16.723989430480874,21.568977481326282,19.665656331514512,3.34,3.0,-0.28,2.14
FE,2018-08-01,26.698686340648678,27.18952556521611,26.304525549135082,27.115154266357422,7429900,21.464060513678053,18.80734859393566,16.814994334099154,21.80688856281655,19.864907270068443,3.37,4.0,-0.38,2.17
FE,2018-08-02,27.07053202085131,27.36057296928601,26.602002807316556,27.085403442382812,4375800,21.466384938388295,17.91954944353778,16.818897189989414,21.780419659108023,19.849337282145026,3.4,5.0,-0.5,2.16
FE,2018-08-03,27.04821195418839,27.286194352458217,26.83997806494578,27.182077407836914,3798800,21.401772315145855,17.867797351781768,16.778693795722962,21.599127584350608,19.842624800265146,3.42,4.0,-0.58,2.19
FE,2018-08-06,27.257204398892693,27.42244314541921,27.14453914268219,27.219650268554688,2791600,21.38273709084109,17.742763880737837,16.671435382729722,21.57798618562447,19.842729017972196,3.45,3.0,-0.65,2.29
FE,2018-08-07,27.167063652153942,27.242174757578937,26.949248609410727,27.15204429626465,2984300,19.45288780477694,17.746940484118713,16.645365803843696,21.574281780960003,19.822704068175632,3.47,2.0,-0.73,2.29
FE,2018-08-08,27.09946991590954,27.20462260591739,26.956760237873823,27.03938102722168,2427500,19.458326193336216,17.652506339053915,16.642712669949592,21.58106284710403,19.823780826271374,3.49,2.0,-0.82,2.28
FE,2018-08-09,27.046897218552346,27.294759646280728,26.986811180591786,27.26471519470215,2387800,19.329303999269275,17.682016006386363,16.673767769915713,21.597720221859685,19.80566367662734,3.51,6.0,-0.88,2.26
FE,2018-08-10,27.309780754405196,27.535108401629707,27.137029462693185,27.219650268554688,1848900,19.19397849874528,17.693325256708754,16.67442791044876,21.568008081834954,19.76534654085169,3.53,7.0,-0.94,2.26
FE,2018-08-13,27.23465948620571,27.33981502326674,27.091952697987438,27.309770584106445,2144300,19.053535478893274,17.45644021588514,16.623007271804973,21.57055581833626,19.76420648587261,3.54,2.0,-0.99,2.31
FE,2018-08-14,27.264709692952557,27.467505402390895,27.249687470194605,27.324798583984375,3823300,18.90759305837506,17.440462942374385,16.537132440744077,21.542081178348152,19.743845902524345,3.56,1.0,-1.05,2.39
FE,2018-08-15,27.407418698775192,27.71536709470768,27.29475346347474,27.5275936126709,2175000,18.95263988600978,17.443027909243973,16.203336948298684,21.55711835915649,19.745956455384515,3.57,1.0,-1.07,2.7
FE,2018-08-16,27.48252716582316,27.85056445425182,27.41492859714018,27.84305191040039,2413100,19.144122186119365,17.549130787758084,16.255790209614734,21.54345197735734,19.775071083143924,3.59,2.0,-1.02,2.64
FE,2018-08-17,27.820523014825213,28.1810477983517,27.722879990579617,28.015806198120117,3163900,19.199587648199838,17.516184669684062,16.105913783176497,21.549941549943973,19.78182579377286,3.6,1.0,-0.94,2.79
FE,2018-08-20,28.015805595494648,28.11344861763992,27.820522416400323,27.850566864013672,3865800,14.925929482902648,17.585875465217235,16.123350810112015,21.50749680408321,19.786954717935206,3.61,2.0,-0.95,2.76
FE,2018-08-21,27.77544872037813,27.81300283779901,27.542608608055872,27.632741928100586,1653300,15.193870113940514,17.680439972553298,16.06944569678245,21.485245682430318,19.804088765139678,3.61,1.0,-1.0,2.83
FE,2018-08-22,27.72287456720936,27.72287456720936,27.332305411829523,27.45248031616211,1679100,14.879837983167194,17.74836589748517,16.091186291790464,21.06648520105327,19.81665577825512,3.62,2.0,-1.05,2.8
FE,2018-08-23,27.490031769429283,27.760425994242595,27.42994575569046,27.625228881835938,2139000,14.76269567706299,17.761676081000314,16.100515887472486,21.055237677387172,19.824784234953405,3.62,3.0,-1.1,2.79
FE,2018-08-24,27.640250465964016,27.8580683492987,27.520075576054424,27.82802391052246,1473600,14.820360570293948,17.78325168566182,16.12289808007178,21.068917771759192,19.817478247441215,3.62,5.0,-1.12,2.76
FE,2018-08-27,27.858080687143804,27.880612593607275,27.44497949919918,27.670307159423828,1907400,14.798064156732973,17.770222145054934,16.14506762359098,21.050753826133608,19.827661555105006,3.62,7.0,-1.17,2.71
FE,2018-08-28,27.790471541136675,27.98575467506402,27.557631423781075,27.910646438598633,3981500,14.955016860945602,17.63478470977253,16.168978228987616,21.06897552321074,19.841979092691655,3.62,8.0,-1.18,2.71
FE,2018-08-29,27.955718254014783,28.15100142394805,27.88811968265402,28.143491744995117,3198100,14.094877456603705,17.68263099765951,16.203634833536753,21.063153794420995,19.850408602488013,3.62,10.0,-1.17,2.69
FE,2018-08-30,28.218598307891853,28.30872877591788,27.99327070522882,28.075891494750977,3149000,14.133840215739967,16.939428663194033,16.18293174356261,20.98652715393968,19.85122111160516,3.61,9.0,-1.18,2.69
FE,2018-08-31,28.090913716954635,28.346285764024984,27.963226260821504,28.075891494750977,2848000,13.743844811930176,16.933724489715797,16.18005281120394,20.93030106636068,19.850903664019306,3.61,9.0,-1.19,2.69
FE,2018-09-04,28.10593598122314,28.338776151670803,28.10593598122314,28.21860122680664,2917100,12.905935733749224,16.935388728027633,16.058117370992125,20.924958945976353,19.847554210541926,3.61,1.0,-1.19,2.87
FE,2018-09-05,28.233630239636096,28.481489828245525,28.188563557526695,28.391359329223633,2479600,12.51101144497998,16.74381499316175,16.02438414387831,20.89866844934007,19.853410727865114,3.6,1.0,-1.17,2.91
FE,2018-09-06,28.428907215364266,28.60917103897655,28.34628928078809,28.51152801513672,2955100,12.505062755181012,16.662789865909456,16.014713006128066,20.858930327416648,19.84186833285035,3.59,1.0,-1.15,2.92
FE,2018-09-07,28.331264391231382,28.496503110033867,28.135978361924806,28.173532485961914,3367200,12.830184455946087,16.851452624628394,16.03480616975258,20.817180791340494,19.872486597795888,3.58,3.0,-1.18,2.84
FE,2018-09-10,28.308734155814097,28.759392311980818,28.308734155814097,28.639217376708984,5056100,13.204954903876951,16.753626787278932,16.222811376490537,20.818401276217188,19.932720889754435,3.56,17.0,-1.17,2.66
FE,2018-09-11,28.624187575360825,28.819470719041067,28.398859989515714,28.52654457092285,2627300,13.24000179535755,16.650523696386667,16.19674770015142,20.827361688039765,19.920404088926563,3.54,15.0,-1.18,2.7
FE,2018-09-12,28.49650473817057,28.541571408707576,28.105935522438404,28.353797912597656,2921400,13.00157579940091,16.725816606133044,16.093560588042866,20.837736643227547,19.78480114130328,3.52,7.0,-1.2,2.83
FE,2018-09-13,28.39885705839914,28.413879277931095,28.120950294851102,28.383834838867188,3061800,10.358375252882702,16.709040886368822,16.09325892505207,20.822840755235074,19.76076721866552,3.5,7.0,-1.22,2.83
FE,2018-09-14,28.31624780453526,28.458954650358503,28.03834379311249,28.413890838623047,2510500,10.329758503778509,16.702183803856155,16.051549356626833,20.822214431430123,19.75633184979666,3.48,4.0,-1.23,2.91
FE,2018-09-17,28.481485867847216,28.579128899575032,28.368823476034972,28.488998413085938,2347300,10.317944458512546,16.658587109553245,16.0331647478131,20.81993562363433,19.756526823431216,3.45,3.0,-1.24,2.95
FE,2018-09-18,28.346288058005175,28.504017106114244,28.316243611166453,28.436418533325195,4597600,10.365271941359063,16.65973249725884,16.035396258959636,20.817517324954483,19.717550928939954,3.43,5.0,-1.25,2.93
FE,2018-09-19,28.466461948663788,28.496503529217783,27.459995937605697,27.640256881713867,3887200,13.47573330720532,16.592796578349258,16.70916520508165,21.1036425108341,19.932200567837555,3.39,34.0,-1.26,2.59
FE,2018-09-20,27.572654676400997,27.85056146515767,27.39990343390655,27.685319900512695,4265200,13.40258193348521,16.570007009101023,16.706493972939157,21.022509615151193,19.921479841603524,3.37,34.0,-1.27,2.59
FE,2018-09-21,27.640257155754224,27.828030645759615,27.42995176381093,27.715368270874023,11661900,13.212965386122605,16.417831771196166,16.505114837088396,21.019009501848654,19.920360667052,3.34,25.0,-1.27,2.86
FE,2018-09-24,27.67029767961809,27.79798225942872,27.565144998551528,27.685319900512695,3789600,13.205752286284653,16.33472818056423,16.502558182008393,20.998166344760115,19.89978803254829,3.32,25.0,-1.26,2.85
FE,2018-09-25,27.62523444355537,27.62523444355537,26.971783512162524,27.324798583984375,4207800,13.755174378837657,16.48573192416623,16.63700303304024,21.045571437490068,19.93886732376041,3.28,30.0,-1.24,2.67
FE,2018-09-26,27.407420473503176,27.414930152584706,26.949252689234076,26.971784591674805,3372900,14.261231929535912,16.619795258386077,16.56897854479586,21.063880388269755,19.96240853013908,3.25,28.0,-1.22,2.65
FE,2018-09-27,27.046892644151995,27.557636773820057,26.99431629537994,27.437461853027344,2648900,14.985100209445603,16.946775265287204,16.774846150810188,21.119498265017597,19.85659072236012,3.21,41.0,-1.2,2.48
FE,2018-09-28,27.527595050547006,27.978250284896426,27.467506157862495,27.918161392211914,3763500,15.475580035500816,17.265545397684825,16.40361522766824,21.1518516024341,19.924280468625362,3.17,25.0,-1.19,2.65
FE,2018-10-01,27.888118411407422,27.910650312435223,27.670300484152143,27.797985076904297,2631400,15.41527315109297,17.283497294614637,16.386176557744268,21.146297839694114,19.78559252725581,3.13,25.0,-1.17,2.65
FE,2018-10-02,27.978246250783474,28.278684940494326,27.813004684922937,28.11344337463379,2756700,15.670855956658041,15.229209649112926,16.381628409220678,21.1654238750622,19.812824755517784,3.08,25.0,-1.15,2.65
FE,2018-10-03,28.083403115742392,28.233622482973505,27.3022646982975,27.565149307250977,2674000,16.557934395448388,15.814286379007287,16.700952148165722,21.311843158339602,19.91453598352236,3.03,41.0,-1.12,2.34
FE,2018-10-04,27.572655472544835,28.015800973546376,27.43745834578533,27.895626068115234,3709300,16.794627409356718,15.734276620319129,16.714952942934627,21.288453164090804,19.92154381772696,2.98,44.0,-1.08,2.37
FE,2018-10-05,27.87309371241332,28.564098691031088,27.87309371241332,28.52654457092285,5333900,17.88470995092061,16.260381894028182,17.03625411245612,21.415725358876166,20.0368421652972,2.93,54.0,-1.05,2.18
FE,2018-10-08,28.541564611398634,28.811958839832638,28.41388003974674,28.579118728637695,5813100,17.788759084227504,16.238581162875267,17.03644553698166,18.03191936685206,20.03693906202217,2.87,55.0,-1.01,2.18
FE,2018-10-09,28.661744173939653,28.932138446413905,28.526547037702528,28.80445098876953,3127900,17.786879417648276,16.224454108942588,16.921006276996735,17.96059826388582,20.04887755737938,2.82,50.0,-0.97,2.33
FE,2018-10-10,28.736847740159032,29.067330848331917,28.564096508702974,28.579118728637695,3346800,17.840539461560397,16.323548366742312,16.976907955532898,17.642886162199005,20.0625018394801,2.75,53.0,-0.95,2.26
FE,2018-10-11,28.751874304704483,28.796940971318538,27.828029128085788,27.948204040527344,3890900,18.896369193196726,16.622139035029054,17.3655931596192,17.498550319311043,20.18519927997317,2.69,69.0,-0.92,1.97
FE,2018-10-12,27.888120029005027,28.053358754786526,27.640257642538582,27.97825050354004,2300900,18.888510327418963,16.619486307381315,17.358899898363468,17.49814735398907,20.099589119329945,2.62,69.0,-0.87,1.97
FE,2018-10-15,28.03082443777329,28.421393614041442,28.00829253737955,28.09842300415039,2757200,18.931597807759164,16.49600769799798,17.32515535573585,17.501581468064543,20.102692537275914,2.54,69.0,-0.82,2.0
FE,2018-10-16,28.113455285874604,28.58664541983412,28.068388603765207,28.391359329223633,3080500,19.11577048716568,16.308932155589023,17.385991936631967,17.5313664799249,20.076007814337746,2.47,72.0,-0.76,1.95
FE,2018-10-17,28.376321255060443,28.541562798651977,28.27868112947936,28.481473922729492,2936500,19.05589283187192,16.188560773004916,17.37977481635187,17.419843361996776,20.07569136920788,2.39,72.0,-0.71,1.95
FE,2018-10-18,28.48899067703765,28.729340485873745,28.3763254506226,28.586633682250977,3650500,19.04642180342245,16.180199409739352,17.38027879981502,17.38588235232587,20.06729907634436,2.3,73.0,-0.65,1.96
FE,2018-10-19,28.57161600825743,29.285155870323475,28.549081240270546,29.18000030517578,4203600,19.584063376994916,16.445706411815905,17.63991874151975,17.422806590270277,20.144655895834003,2.21,79.0,-0.56,1.8
FE,2018-10-22,29.164979833909438,29.255110306829245,28.91711745188488,29.007247924804688,3305300,19.140037700540926,16.450485130324314,17.664881683456944,17.32291057600368,20.146799271119438,2.12,83.0,-0.5,1.75
FE,2018-10-23,29.022264264588692,29.240082156419767,28.398857894239143,28.72182846069336,3328500,19.334550058029578,16.59446895797992,17.711822083382195,17.309602939147045,20.175485693494608,2.02,87.0,-0.44,1.7
FE,2018-10-24,28.834496431668885,29.30017388083004,28.69178961189906,29.074846267700195,4540100,19.542124855256414,16.50616676905615,17.684535605134148,17.351348897629737,20.2020200872827,1.92,87.0,-0.37,1.77
FE,2018-10-25,28.939651664284824,29.007250240670597,28.368821469957645,28.458951950073242,4227000,20.577618926144194,16.19230705661836,18.049237589663992,17.541102776720845,20.316640674726266,1.81,92.0,-0.28,1.51
FE,2018-10-26,28.586641057258124,28.721838217757124,27.279736127499948,27.572662353515625,7817500,22.53275939371809,17.50232809668198,18.39456328050364,17.81233596422703,20.572813564387978,1.68,93.0,-0.25,1.63
FE,2018-10-29,27.6778132119676,28.33126706572303,27.6778132119676,27.985761642456055,5213800,22.978966885173303,17.744207575179118,18.513418895336965,17.875312326596728,20.562990390171173,1.54,96.0,-0.22,1.55
FE,2018-10-30,28.105938883041528,28.4213998841276,27.73039184591785,27.963232040405273,4877100,22.97601292389145,17.745152019068154,18.513957955833487,17.750314394779153,20.53570939878085,1.38,97.0,-0.23,1.55
FE,2018-10-31,27.86558676857541,28.346289344218416,27.527596754490002,28.000783920288086,5618800,21.408140732592273,17.7354405263126,18.417540274608125,17.73776168119531,20.520715095367834,1.2,94.0,-0.45,1.66
FE,2018-11-01,27.98575996388394,28.000782187055066,27.43746171152024,27.918161392211914,5531500,21.427085630067026,17.72361848065431,18.369992333184346,17.492716419187186,20.48516703780006,0.99,93.0,-0.64,1.68
FE,2018-11-02,27.993276677644545,28.053362714082724,27.66279631424325,27.880611419677734,3857700,21.43072499977623,17.653194007428223,18.328526569719347,17.477508744670548,20.48611350553825,0.71,93.0,-0.79,1.69
FE,2018-11-05,28.000777818785075,28.361302523060065,27.888115460371697,28.150997161865234,4368000,21.60009915023551,17.749544029425167,18.15893577910876,17.484513181971376,20.502041748202984,0.7,93.0,-0.81,1.8
FE,2018-11-06,28.166176461889872,28.461943608076982,27.976581840694617,28.408857345581055,3116400,21.337307509725196,17.827739845926654,18.112763767664678,17.510007719908497,20.489959870303927,0.69,93.0,-0.79,1.83
FE,2018-11-07,28.408851859904132,28.697036438508828,28.34818309718849,28.628782272338867,3392800,20.972443354807172,17.886212652264216,18.14443071026313,17.522265998008137,20.47482699110887,0.7,93.0,-0.77,1.81
FE,2018-11-08,28.628780610288818,28.841125606941503,28.27234188620729,28.590862274169922,3955800,20.49190149196832,17.83762828971798,18.135980592082902,17.26040057873437,20.40478648821073,0.71,92.0,-0.73,1.81
FE,2018-11-09,28.56811030359562,28.901798620318388,28.537777369062066,28.818376541137695,3639700,20.02894838405779,17.76224439423203,18.167123710135584,17.272203837990926,20.41291501990214,0.72,94.0,-0.71,1.79
FE,2018-11-12,28.848706376120052,29.864933242986,28.8183705549042,29.417490005493164,4099000,20.735506892820585,18.195977712783897,18.403031695061813,17.19219243963171,20.49583131057793,0.73,97.0,-0.61,1.66
FE,2018-11-13,29.425076696636456,29.48574834769172,28.92454714736472,29.33407211303711,2752800,20.582815489053,18.158272359777765,18.408429123958474,17.05642536304777,20.47894583746475,0.74,97.0,-0.55,1.65
FE,2018-11-14,29.189982075024265,29.417494986701207,28.93971584709109,29.068641662597656,3958100,19.854121606062538,18.18540310801983,17.840097959638356,17.098289871138427,20.364230582480566,0.75,84.0,-0.54,1.65
FE,2018-11-15,28.977627827670673,29.516075608900696,28.712196637763757,29.44023895263672,5721300,19.890246018267394,18.278923340257066,17.924192412162967,17.151314529070795,20.38360269528747,0.75,84.0,-0.5,1.62
FE,2018-11-16,29.7663381602651,29.849760207795295,29.30372709158503,29.40231704711914,3203000,18.922602908599067,18.254347612468298,17.850024214774425,17.11571730580255,20.379184416902273,0.75,83.0,-0.5,1.66
FE,2018-11-19,29.37958153744751,29.781521178037544,29.121732756525727,29.2279052734375,5198100,19.02722118586305,18.261988606497052,17.8308555429771,16.870113134128005,20.389724536642174,0.76,81.0,-0.5,1.68
FE,2018-11-20,29.356826658721257,29.4554166590408,28.431606994054054,28.780460357666016,5944000,19.463152460138026,18.517535126010152,17.965760944797466,16.94848546644868,20.4496489025252,0.76,84.0,-0.47,1.56
FE,2018-11-21,28.522604385511166,28.621194360926484,28.120664867793426,28.287506103515625,4497400,19.97720020643112,18.79964108000648,18.146630749054093,17.075986692571046,20.503634437662672,0.77,90.0,-0.42,1.38
FE,2018-11-23,28.31026127581873,28.568107101866822,28.075162978383595,28.439184188842773,1629300,18.91286034403495,18.755005200694523,18.14354246458708,16.816230467729454,20.509336286690967,0.78,88.0,-0.4,1.38
FE,2018-11-26,28.439184017096,28.62119606771811,28.15858487816267,28.583274841308594,2953100,18.957005949134643,18.77347917312949,18.134506803761706,16.823145995743186,20.492869141698762,0.78,86.0,-0.39,1.39
FE,2018-11-27,28.575696076932285,28.8107944037595,28.3633510675295,28.734954833984375,3098700,18.97572634768006,18.801197714218397,18.14630185171191,16.80504214419879,20.498195545943453,0.79,89.0,-0.39,1.38
FE,2018-11-28,28.81837089288472,28.901792955715113,28.370927650144285,28.515018463134766,3736100,18.90131691087152,18.847124099582082,16.985212339169642,16.77470878291701,20.476973951729313,0.79,53.0,-0.3,0.61
FE,2018-11-29,28.454349034090967,28.469516944514897,27.794560842057162,28.173749923706055,5133300,19.201488085006087,18.969722319366184,17.10624777380249,16.823020381933585,20.513392759845296,0.78,60.0,-0.19,0.51
FE,2018-11-30,28.196507936259607,28.780459626416924,28.15100419273352,28.689455032348633,6353500,19.910102537761723,19.317249386397595,17.19451311692909,16.93669769228713,20.545674405975706,0.78,61.0,-0.11,0.48
FE,2018-12-03,28.71978810395411,29.30373979686797,28.58327976571534,29.26582145690918,3825400,19.852657389806634,19.569819463993323,17.415829216336952,17.08088936267983,20.60201659882012,0.78,69.0,-0.04,0.43
FE,2018-12-04,29.35682358301153,29.751180649989003,29.17481440931956,29.235483169555664,6133200,19.773840428407116,19.294352289383447,17.4048413508313,17.08009795794788,20.278439830165105,0.78,68.0,0.03,0.43
FE,2018-12-06,29.34165262239222,29.660172982748318,28.81079017677099,29.637422561645508,5537700,19.900643822902165,19.463692059671548,17.479782037815873,17.116978846459386,20.303178859527062,0.77,72.0,0.09,0.39
FE,2018-12-07,29.56916768375895,29.88768514335871,29.189978578721167,29.751176834106445,3541500,19.638327548281882,19.423638528239316,17.482616482999802,17.075317888771696,20.30524827853122,0.77,73.0,0.14,0.39
FE,2018-12-10,29.804264574115656,30.084863715899726,29.34165337986033,29.986276626586914,3783600,18.56955888492012,19.477587902460325,17.28439149721958,16.898226109595317,20.293282226543933,0.77,62.0,0.25,0.51
FE,2018-12-11,29.993854409844708,30.198616851740443,29.607082837141412,30.039358139038086,3119100,15.645145665675603,19.47835456936953,17.282208234226925,16.881653842449246,20.29198721804625,0.77,62.0,0.35,0.51
FE,2018-12-12,30.0772796958776,30.244123827848878,29.743594324918334,29.751176834106445,12897500,15.622251290605346,19.594460664119453,17.28753665420121,16.83681903845558,20.301342573516656,0.77,63.0,0.42,0.51
FE,2018-12-13,29.72842178618623,30.206200794200544,29.59191349818214,29.910430908203125,9558000,15.626526698863879,19.609542839238337,17.13227065433798,16.83473589419321,20.24706346617172,0.77,59.0,0.42,0.63
FE,2018-12-14,29.933193088306915,30.168288514993225,29.500917679191907,29.66775894165039,11758600,15.913454623474523,18.73970022748809,17.13333026937415,16.808513110421224,20.225959037554542,0.77,59.0,0.27,0.63
FE,2018-12-17,29.743594941858113,29.827017009574085,28.492269712085207,28.606027603149414,5668000,19.387085517508424,20.26314108506755,18.147618994712648,17.370122106267285,20.561091607792697,0.78,90.0,0.18,1.02
FE,2018-12-18,28.727367686684364,28.954880573319873,28.302674843443647,28.53777313232422,7470500,19.39952261717963,20.271693911076117,18.035212261066867,17.36675018870363,20.539728533523053,0.79,81.0,0.21,1.07
FE,2018-12-19,28.446768542887167,28.8638789190893,28.242008949276162,28.3330135345459,7416200,19.344378621961393,20.330618541929983,18.05071026548158,17.386444390168375,20.526258176169428,0.79,82.0,0.11,1.05
FE,2018-12-20,28.370928609011106,28.674281049013615,27.984156996342016,28.363346099853516,7329600,19.162270940413816,20.13541001150292,18.039380788320504,17.378993238501806,20.456545010752674,0.79,80.0,-0.19,1.07
FE,2018-12-21,28.30267820105814,29.136893182014372,28.01449363420737,28.20408821105957,8925900,19.08246567377365,19.978404411935465,17.924003521205023,17.38472425177165,20.415016570212583,0.8,76.0,-0.33,1.11
FE,2018-12-24,28.21167176404047,28.348180081860328,26.975514393997752,27.18027687072754,2594500,21.81794723535755,21.127548034329312,18.33968785801275,17.943352930397573,20.76398541140298,0.81,93.0,-0.33,1.34
FE,2018-12-26,27.180275220024207,27.779394701516562,26.793503605012873,27.756641387939453,3697100,22.63091759505803,21.268163488053098,18.637871786169892,18.08949451503203,20.85707030135086,0.82,100.0,-0.3,1.23
FE,2018-12-27,27.718723399460018,28.082744598388675,27.12718931282387,28.082744598388672,4305300,22.024069133955194,21.38497091005457,18.719024616488323,18.135005996612964,20.875684430340577,0.83,100.0,-0.25,1.19
FE,2018-12-28,28.128256314730677,28.52261344871773,28.037251712421096,28.257179260253906,3497300,22.133326231191027,21.297215335717304,18.741494365611683,18.085728763284813,20.882012036165804,0.85,100.0,-0.2,1.18
FE,2018-12-31,28.317839750516146,28.492266374863362,28.006904830074067,28.47709846496582,5770100,22.15298884236606,20.948370985594618,18.772171160687336,18.075956689296298,20.890403936914755,0.86,100.0,-0.16,1.19
FE,2019-01-02,28.355766455906934,28.46952436725447,27.695978091849277,27.847654342651367,3990600,22.636523269398996,21.32740555133455,19.105710684262537,18.268997872591235,21.015268476145998,0.88,100.0,-0.13,0.98
FE,2019-01-03,27.862820226191438,28.120668965866003,27.67322564975378,27.84006690979004,3603000,22.64064376666621,20.81049433533399,19.06270568747022,18.20930649491972,21.007989183180868,0.9,99.0,-0.1,1.0
FE,2019-01-04,27.52154640674795,28.287507139058658,27.52154640674795,28.18891716003418,4453500,22.974709223694934,20.97243387048908,19.158905562643305,18.264685741875756,20.98391977493408,0.91,100.0,-0.04,0.96
FE,2019-01-07,28.150999714941584,28.575692574680357,28.06757764490509,28.54535675048828,5800400,22.901437282804388,21.071989066633325,19.251435750015773,18.300883260215567,21.01381318267484,0.93,100.0,-0.0,0.92
FE,2019-01-08,28.50743463141563,28.962460361943027,28.38609424374279,28.954877853393555,5718800,22.688999262813738,21.213140241036086,19.375723075542957,18.306038726047532,21.039937119420767,0.95,100.0,-0.01,0.87
FE,2019-01-09,28.841129124258376,28.985222869260156,28.606033675860036,28.780460357666016,6366300,22.729731179793948,20.731142602788786,19.37283029079001,18.32320667534502,21.036068516047422,0.97,99.0,0.0,0.84
FE,2019-01-10,28.810796379184595,29.288572683099808,28.69703846321394,29.25823974609375,4081400,23.169194289887834,20.988038738288168,19.462283187640327,18.399682996245446,21.057905565131353,0.98,100.0,-0.08,0.81
FE,2019-01-11,29.25064663018486,29.25064663018486,28.88662544523034,29.098970413208008,3506900,23.19666688061991,21.012823642340646,19.463411265205025,18.406600285194216,21.04827226817256,1.0,100.0,-0.14,0.78
FE,2019-01-14,28.916966534077037,28.977635296127886,28.279928621132537,28.818376541137695,4998500,23.264748934584087,21.01588375351345,19.50365971970077,18.444954707968787,21.036643017949366,1.01,100.0,-0.15,0.74
FE,2019-01-15,28.78045134033023,29.17480832506663,28.681861370900368,28.909374237060547,5188600,22.976403435870697,21.01578707025244,19.464177033429312,18.44708471402232,21.026859003506697,1.02,99.0,-0.14,0.8
FE,2019-01-16,28.78045449040123,29.27339860553803,28.613610353563626,29.18239402770996,4644600,22.540755416206824,21.088204669658065,19.482852073471143,18.473719804648304,21.03417457619728,1.03,99.0,-0.16,0.82
FE,2019-01-17,29.12172754869077,29.493331291428127,29.06864129972829,29.356822967529297,4620600,21.85416971215072,20.69973004891472,19.480596339432825,18.384917772717962,21.0393053604843,1.03,98.0,-0.2,0.83
FE,2019-01-18,29.42506509416176,29.71324953707436,29.235470598847595,29.478151321411133,3806400,21.881942286466895,20.67706027034302,19.45921463690767,18.385610235400808,20.998916738840794,1.04,94.0,-0.26,0.83
FE,2019-01-22,29.569165656339347,29.629834404634313,29.159640756661762,29.38715362548828,2972200,21.527603964612386,20.58115804758066,19.44233367576563,18.383139505982108,20.992754867871426,1.05,93.0,-0.29,0.85
FE,2019-01-23,29.52366402395323,29.880102709340093,29.402323625755216,29.857349395751953,5007300,22.00520143247665,20.684372232540902,19.5519677918881,18.364130498191393,18.634183241631682,1.05,100.0,-0.33,0.81
FE,2019-01-24,29.857345255562823,29.90284898344601,29.584328674229496,29.789091110229492,3442800,21.890890877520043,20.186725950056292,19.518991169211095,18.36798410137224,18.57695930777873,1.06,99.0,-0.4,0.8
FE,2019-01-25,29.660170789253705,29.864933242986,29.371986273669382,29.417490005493164,3054500,22.169584579507802,19.234883944443737,19.624529261738637,18.14965327657994,18.389953015409777,1.07,100.0,-0.45,0.71
FE,2019-01-28,29.31890771144827,29.51608481502432,28.947301036690753,29.26582145690918,5495000,22.050426402861767,19.05881047163611,19.64480357966472,18.142492051923174,18.146917469988978,1.07,100.0,-0.48,0.68
FE,2019-01-29,29.35682753539231,29.538839626572663,29.106564164626374,29.243072509765625,3336500,21.979674720945148,19.05871491737668,19.631460233327054,18.09896657931961,18.14747014591375,1.07,99.0,-0.51,0.68
FE,2019-01-30,29.152055355010464,29.47057568575406,29.129304936022738,29.38715362548828,3547100,21.92376938999107,19.077544962819935,19.623508815628615,18.10046301124729,18.151230767656852,1.07,97.0,-0.57,0.68
FE,2019-01-31,29.38716275327716,29.796687780155114,29.167232324807447,29.72843360900879,7394500,19.30798324100696,19.186624445160515,19.694653749225807,18.105591168801748,18.17859669184447,1.07,100.0,-0.63,0.65
FE,2019-02-01,29.682928784027737,29.819437121354103,29.24307083607468,29.409912109375,7887300,19.597227869581296,19.333529886585335,19.677097187227265,18.15087545097149,18.13702409707638,1.07,99.0,-0.66,0.67
FE,2019-02-04,28.93213814975924,29.273406127551624,28.901802318360417,29.2279052734375,8885700,19.56318550760174,19.29973040509034,19.536938805762112,18.17030883180493,18.12640142556124,1.07,93.0,-0.69,0.69
FE,2019-02-05,29.227902620605207,29.387161381517952,29.07622637036189,29.341657638549805,10002500,19.580600673424247,19.23104651808579,19.534171083271893,18.103468528581487,18.052236299941796,1.07,92.0,-0.73,0.71
FE,2019-02-06,29.34930820980113,29.732258476548722,29.31867148725844,29.60971450805664,6429400,19.603849109207776,19.255146095375565,19.556937788315278,18.125336161545043,17.990515503366524,1.06,94.0,-0.77,0.73
FE,2019-02-07,29.617372770085872,30.14584601774715,29.448876636373612,30.10755157470703,6999900,16.31604536228477,19.531150661497236,19.726003315744283,18.20531379672288,18.016117409738538,1.06,100.0,-0.77,0.67
FE,2019-02-08,30.007993967739385,30.29137644935211,29.96969951157762,30.245424270629883,4231200,15.450303880019817,19.491362091744072,19.735996276041977,18.20630728972464,18.015550756471306,1.05,100.0,-0.76,0.67
FE,2019-02-11,30.19180021665446,30.322004837785446,30.01564342944812,30.138187408447266,3528100,15.32508812709604,19.06868250061532,19.744377251172455,18.192274267419766,18.009266683736982,1.04,100.0,-0.78,0.65
FE,2019-02-12,30.199463293864753,30.467527356515575,30.02330649245433,30.268394470214844,3809600,15.293819351595095,19.07304961603622,19.74944438088187,18.195449787542834,17.901695163253674,1.03,100.0,-0.78,0.66
FE,2019-02-13,30.260732650756836,30.360300550875017,30.153507029866045,30.260732650756836,5048700,15.221263666032185,18.968524509414646,19.194249016532197,18.190733784424467,17.893338879930944,1.03,74.0,-0.76,0.83
FE,2019-02-14,30.291371614943927,30.398597243755884,30.00798917855815,30.21478271484375,3397800,13.412181165215298,18.80642819826164,19.197736715157397,18.19135697769516,17.80553358944058,1.02,74.0,-0.75,0.82
FE,2019-02-15,30.390935487848168,30.475185019781314,30.07691636443844,30.322004318237305,6692600,13.383775201341683,18.81359893189107,19.202386085572765,18.187706317120718,17.798276186173485,1.01,74.0,-0.73,0.83
FE,2019-02-19,30.322004602604522,30.37561741039589,30.17648454169637,30.329662322998047,4519400,13.08665442668314,18.765473330113906,19.200043011125445,18.17978347951007,17.621365801080962,1.0,73.0,-0.71,0.83
FE,2019-02-20,29.893098938249853,30.36795940520417,29.594398177162414,30.322004318237305,6189200,12.747762391189113,18.466645320742693,19.06910720630232,18.15930166410917,17.610068796308465,0.99,68.0,-0.72,0.95
FE,2019-02-21,30.23009372733083,30.71260893963836,30.0386186019673,30.674314498901367,4820100,12.545551003601824,18.199867173850787,19.007080504249206,18.144315113001838,17.624515747184667,0.98,66.0,-0.78,1.05
FE,2019-02-22,30.67431837699488,31.19513101756327,30.66666065655075,31.18747329711914,3804300,13.0034683556717,18.44949278199303,18.99608549784514,18.234478282562954,17.692347646602943,0.97,65.0,-0.5,1.06
FE,2019-02-25,31.164497345701843,31.279383615371952,30.865796550574608,30.965364456176758,4906800,12.623184746531265,18.519481169398563,18.86581585562522,18.03492870617723,17.7069104140485,0.95,64.0,-0.43,1.07
FE,2019-02-26,31.041953784099608,31.371291311916995,30.82750252754103,31.233428955078125,6306900,12.570325232354785,18.56235817300247,18.884170066701138,18.05023484965627,17.539344629808955,0.93,64.0,-0.28,1.09
FE,2019-02-27,31.003655867991917,31.256404467831985,31.003655867991917,31.18747329711914,6164700,12.102803015606746,18.476134321850775,18.81863746349519,18.05181042990653,17.534475508417092,0.91,62.0,-0.24,1.11
FE,2019-02-28,31.21811266260438,31.325341219679192,30.957706295924428,31.2104549407959,6837600,12.114047915711664,18.26069734481667,18.522824486316285,17.99692511184274,17.367481126105336,0.89,57.0,-0.21,1.33
FE,2019-03-01,31.16449510598412,31.3866069864881,31.003656677348406,31.325336456298828,5018200,11.945329025260607,17.94256484682868,18.447961021978436,17.965681186321557,17.269977846346833,0.88,54.0,-0.18,1.37
FE,2019-03-04,31.40192408116035,31.470855250888587,30.988337062790915,31.202791213989258,6495200,12.029656481170635,17.557603737521312,18.14832788198111,17.95116327871509,17.276414752550693,0.86,44.0,-0.24,1.46
FE,2019-03-05,31.179818366810288,31.325341377017306,30.91941199882239,30.957706451416016,5065500,12.34759064213896,17.64853854937445,18.201052033544755,17.86017169161393,17.29852448456354,0.85,46.0,-0.33,1.38
FE,2019-03-06,31.041950313570407,31.31001727597765,30.888772531256457,31.18747329711914,3737800,12.372967172771128,17.50214210907831,18.196668842984838,17.824671311139547,17.28269053910664,0.84,45.0,-0.41,1.39
FE,2019-03-07,31.264065683637707,31.5780848471753,31.126203326798834,31.233428955078125,3492400,11.65090473074386,17.49165460069625,18.14399110117276,17.824736892880484,17.096048038616036,0.83,37.0,-0.47,1.46
FE,2019-03-08,31.271720566795818,31.355967172298733,31.003653623792598,31.317672729492188,3332800,11.59941497852633,17.434476892508577,17.759893435519526,17.819100009735124,17.071002904589207,0.82,22.0,-0.51,1.75
FE,2019-03-11,31.401923867276576,31.692966906555558,31.378947784749947,31.677648544311523,3555200,11.116926655783784,17.5710658776065,17.834850841872317,17.859927905642774,17.09311983420402,0.82,23.0,-0.48,1.71
FE,2019-03-12,31.731257480557844,31.953369323483564,31.677644680083155,31.84614372253418,3561800,10.904152477687038,17.455271311436,17.84001067390883,17.851135114858497,16.91042052690936,0.81,23.0,-0.44,1.71
FE,2019-03-13,31.800198282250985,31.999331184145316,31.777222195561475,31.876787185668945,3791300,10.86591863684331,17.433275332380845,17.780008850791308,17.848024067243582,16.910377066481097,0.81,20.0,-0.43,1.74
FE,2019-03-14,31.938059655956454,31.976354106478656,31.547448664263857,31.562767028808594,4062400,11.456480959483581,17.476482911667937,17.863223823295012,17.533693798976312,16.92832014053684,0.8,25.0,-0.5,1.62
FE,2019-03-15,31.65467103139201,31.65467103139201,31.210447311424836,31.578079223632812,10690400,11.131430297344785,15.636005419266727,17.858325316854277,17.524624029250866,16.886127470086993,0.79,24.0,-0.56,1.61
FE,2019-03-18,31.578095656278144,31.631708488769327,31.40959651320286,31.585756301879883,3814800,10.470304079452902,15.616277445195829,17.581280405243714,17.4810490287255,16.872649217562,0.8,13.0,-0.64,1.74
FE,2019-03-19,31.55511461508708,31.55511461508708,30.766234777576045,30.95005226135254,5154700,12.143363602446563,16.15808357318564,17.867679274413405,17.631187318371282,16.998050205971325,0.79,25.0,-0.72,1.53
FE,2019-03-20,31.041950795374255,31.371288291482962,30.842817922268022,31.087905883789062,6252600,12.152360107593658,16.169286865691024,17.79726032642865,17.607071262157234,16.99749269105525,0.79,17.0,-0.78,1.64
FE,2019-03-21,31.087919518255763,31.631708488769327,31.057282779209302,31.585756301879883,2980000,12.649817255465331,16.362547060488346,17.866657663069176,17.67327817393695,17.061818242111475,0.79,24.0,-0.85,1.6
FE,2019-03-22,31.616376118247945,32.16782549015937,31.516811142958677,31.991668701171875,3805200,12.306336987685592,14.37084478524918,17.605692999132884,17.719815703014817,17.081677668504057,0.79,14.0,-0.85,1.84
FE,2019-03-25,31.991665301899804,32.07591482717645,31.84614525385382,32.06059646606445,3407100,12.28280809620842,13.857484236805515,16.801660236915012,17.708919298207785,17.05007576840368,0.81,1.0,-0.86,2.0
FE,2019-03-26,32.11421098558571,32.26739168321434,31.984006370013788,32.167823791503906,3284300,12.176852926025726,13.723752817231693,16.667387834383245,17.709537045481945,16.911163379003533,0.83,1.0,-0.86,2.1
FE,2019-03-27,32.20612631578925,32.22144468156327,31.815518214430174,31.953380584716797,4854800,12.423807576605011,13.819806877103552,16.71324147821419,17.04491960823189,16.916621234754757,0.85,2.0,-0.88,2.03
FE,2019-03-28,31.999326412331566,32.12953103474095,31.524468854257425,31.70828628540039,4550700,12.715104202964802,13.909953333406946,16.774652570920736,17.076245411447598,16.873325561880435,0.87,3.0,-0.92,1.93
FE,2019-03-29,31.723604276716443,31.876784994703282,31.570426480408788,31.86912727355957,5481600,12.719726247751028,12.981240550287373,16.771840233255574,17.00997616118607,16.87116142984853,0.88,3.0,-0.95,1.96
FE,2019-04-01,31.807852563020386,31.869126016469842,31.470857334085593,31.74658203125,3686100,12.810780684684742,13.03157105246487,16.7867106642876,16.993327341061438,16.834784473465632,0.9,5.0,-0.99,1.93
FE,2019-04-02,31.79254573217306,31.830843115310604,31.501505487752624,31.662343978881836,3406900,12.86364370475952,12.890395684175951,16.744475031620006,16.991011741915294,16.830067256885812,0.92,3.0,-1.02,1.94
FE,2019-04-03,31.585741971350547,31.708285950257636,31.355969454430703,31.470855712890625,4049200,13.039011762475955,12.79943441067852,16.734627844776558,16.986667084464415,16.839698405645105,0.93,3.0,-1.05,1.9
FE,2019-04-04,31.54745103065358,31.56276939634736,30.07692298420518,30.207124710083008,12163100,17.541462645938747,15.244754848716715,17.97842833208402,17.691723258548535,17.349056934301018,0.93,38.0,-1.03,2.42
FE,2019-04-05,30.942392630901033,31.4402263840925,30.636031150721973,31.378955841064453,13492200,20.25415303427371,16.990294356329866,18.936213126011143,18.11806391902319,17.74144364428574,0.93,64.0,-1.06,2.48
FE,2019-04-08,31.36363582961093,31.40193028220456,30.85048081548208,30.957706451416016,5707200,20.537123807387587,16.96890164357409,19.040206906283156,18.197780928570264,17.7919848496121,0.93,66.0,-1.07,2.34
FE,2019-04-09,30.881123709659782,31.302368615623053,30.75092196051915,31.287050247192383,3467300,20.61649759448263,17.028844568132143,18.839905574388567,18.193506030211182,17.81679866990643,0.93,60.0,-1.1,2.47
FE,2019-04-10,31.27938242182991,31.54744647859258,31.187475162608298,31.271724700927734,4799600,20.61212930237916,16.881109521713693,18.832625451024366,18.110618038370845,17.80561850469349,0.94,59.0,-1.13,2.48
FE,2019-04-11,31.241090138406967,31.570427671920612,31.18747732334003,31.562767028808594,4130000,20.782834059799836,16.955098808767158,18.81663412376506,18.103899082854422,17.824011424976383,0.93,57.0,-1.15,2.54
FE,2019-04-12,31.417246294016184,31.71594709222112,31.317678387388124,31.68531036376953,2557800,20.785687399791826,16.88229657017364,18.72674308040328,18.101286085416078,17.779943806961562,0.93,54.0,-1.18,2.62
FE,2019-04-15,31.66998204453477,31.82316271696333,31.5397803720614,31.616369247436523,2854400,20.760489978754563,16.87020781074309,18.729721153182233,18.040406370383263,17.762511462507806,0.93,54.0,-1.2,2.61
FE,2019-04-16,31.547441690493553,31.708283021818623,30.965358574863274,30.98833465576172,3910800,21.47267787819598,17.412897161707853,18.9899885176266,18.195448978106434,17.87854607863445,0.93,63.0,-1.2,2.37
FE,2019-04-17,31.026634631234955,31.026634631234955,30.697300033467307,30.812183380126953,3115000,21.41790527226593,17.446187948348438,18.84343453338343,18.206084172602484,17.84854648015922,0.93,59.0,-1.18,2.53
FE,2019-04-18,30.812182686202707,31.248745821371646,30.750912153699947,31.01897621154785,4477100,21.510770762880707,17.20691043952812,18.645050279099422,18.141463501044157,17.858527169738082,0.93,49.0,-1.16,2.77
FE,2019-04-22,31.049611437616207,31.210449864549584,30.9040884518088,31.087905883789062,2942400,21.50561246477141,17.198982668342506,18.63275800309413,17.839314550069755,17.844076272014277,0.93,47.0,-1.13,2.78
FE,2019-04-23,31.09556267755065,31.26406174170387,30.796861915954572,31.202791213989258,4088400,21.256054319637034,16.984735828841423,18.626252719402565,17.841288315486587,17.797340829631523,0.93,46.0,-1.1,2.78
FE,2019-04-24,31.302365974682367,31.884452239217765,31.118551412382615,31.294708251953125,3941600,21.210922127528846,16.940555171928683,18.615801361811148,17.84007825356356,17.79836561404749,0.93,45.0,-1.07,2.79
FE,2019-04-25,31.07259889601406,31.723613484312374,31.05728052760139,31.516822814941406,3142000,21.3232158639413,16.97939931212786,18.59091488023145,17.855468513454685,17.795590373659476,0.92,44.0,-1.04,2.86
FE,2019-04-26,31.624037884201673,31.92273866404156,31.624037884201673,31.76955795288086,2819800,21.259267201565926,17.019363544155613,18.504953075714006,17.87120736739451,17.80348891214754,0.91,42.0,-1.01,3.01
FE,2019-04-29,31.777216438058332,31.815510882828995,31.539786205794048,31.677648544311523,2800300,21.278162642524478,16.904953622009288,18.31517396499065,17.866833174152585,17.805247490624204,0.9,39.0,-0.97,3.15
FE,2019-04-30,31.67765524634152,32.23676243898411,31.56276896604422,32.1908073425293,4589900,21.77568247610549,16.99737870246105,18.224625095732037,17.935785164926514,17.8695991575837,0.89,38.0,-0.95,3.22
FE,2019-05-01,32.037624603257875,32.351643743200405,32.037624603257875,32.12953186035156,3545600,20.870222491052758,16.93674434761163,18.227558622951843,17.93631764066886,17.870825179011128,0.88,38.0,-0.94,3.21
FE,2019-05-02,32.16782395204443,32.298025646587355,31.807849749072428,32.14484786987305,3880200,20.849069673465003,16.93131782729962,18.113329923921615,17.93414707605834,17.796937504986744,0.88,31.0,-0.94,3.31
FE,2019-05-03,32.28271337803658,32.57375351973152,32.16782711253447,32.550777435302734,3956300,20.66516079188968,17.01193580474009,18.202964529476517,17.986916926985547,17.832137923021847,0.87,36.0,-0.93,3.23
FE,2019-05-06,32.349850877291324,32.60487683198098,32.30348118187577,32.38076400756836,4577900,20.431915221635943,16.77245959414513,18.194101255924352,17.9855170570311,17.836553152318306,0.86,33.0,-0.93,3.2
FE,2019-05-07,32.37302726079177,32.56622986124819,32.28801764490491,32.48122024536133,3077200,20.44078288548322,16.76259373483916,18.19718394185913,17.94411887742906,17.76156579204315,0.85,34.0,-0.94,3.2
FE,2019-05-08,32.411677695527125,32.411677695527125,31.986632426378268,32.025272369384766,5984400,20.848449265310165,17.028697729467662,18.276567732195613,18.02009346049895,17.82575556013682,0.85,38.0,-0.94,3.1
FE,2019-05-09,32.056184019331944,32.22620329833787,31.832068233012965,31.96344757080078,2600900,20.76418820096663,17.025108820061043,18.26640896974973,18.005529978007292,17.61556234338191,0.83,37.0,-0.94,3.09
FE,2019-05-10,31.94799251786407,32.57397020818445,31.793429797632516,32.55851364135742,2829800,21.29643998149133,17.3978398310214,18.427009066831744,18.096976966849123,17.68637065245092,0.82,40.0,-0.93,3.01
FE,2019-05-13,32.388479310526336,32.84443750200507,32.36529594507333,32.8057975769043,3667700,21.351489972325165,17.436339100640115,17.45362215651586,18.09214883188511,17.66701941688509,0.83,9.0,-0.86,3.2
FE,2019-05-14,32.73624882099126,32.82125843617171,32.403940115124605,32.535316467285156,2748000,21.476464961268746,17.541459753549663,17.5108639227409,18.11424309778779,17.68829358895717,0.83,10.0,-0.8,3.12
FE,2019-05-15,32.581693742559224,32.620333681723466,32.31893802898865,32.32666778564453,2597900,21.557307552227055,17.609850634035126,17.501791681134993,18.11884163144242,17.674773715127294,0.84,10.0,-0.74,3.13
FE,2019-05-16,32.31120545333484,32.69761067208683,32.20300951573248,32.581687927246094,2655900,21.555715610571614,17.66234088021482,17.532481003009348,18.121124701506407,17.682045518354066,0.84,12.0,-0.67,3.1
FE,2019-05-17,32.33439468497362,32.944915748811894,32.33439468497362,32.821266174316406,3145000,17.518128430993308,17.577562373093762,17.52112345002656,18.11384803736436,17.69317930966117,0.85,12.0,-0.6,3.15
FE,2019-05-20,32.96037497924059,33.1458478819616,32.73625918608395,32.914005279541016,3805800,13.966037772688273,17.284248554715145,16.398682094692987,18.093883097190158,17.641023090825225,0.87,1.0,-0.73,3.11
FE,2019-05-21,32.952632517175694,33.037642126497126,32.74397337103332,32.759429931640625,2986300,13.358170893268333,17.242925775827146,16.14336936498324,18.101799224543665,17.647735261195685,0.91,1.0,-0.74,3.33
FE,2019-05-22,32.81353820077308,32.975827723360254,32.58169560450018,32.95264434814453,4032400,13.160220185266667,17.199895877004394,16.077832025220427,18.111249704224726,17.643642900187455,0.94,1.0,-0.72,3.41
FE,2019-05-23,32.968089060945275,33.4008639136163,32.89853601226667,33.34676742553711,3866100,13.464411463144138,17.338828512726813,16.144557614588088,18.151336919531904,17.673886169162223,0.97,3.0,-0.66,3.33
FE,2019-05-24,33.32358720433923,33.41632658489449,33.09174464902715,33.122657775878906,2666900,13.527742057631936,17.41341611189692,16.16919873869315,18.163407977367118,17.675534165095293,0.99,4.0,-0.61,3.27
FE,2019-05-28,33.13811495782323,33.145841765661366,32.14118870853194,32.17982864379883,5841200,16.130898257999725,18.446423680825795,16.445200635308076,18.496237409260125,17.92696388818244,1.01,6.0,-0.67,3.31
FE,2019-05-29,32.264840209420264,32.264840209420264,31.237000770924077,31.677505493164062,5302200,16.792460790296385,18.722712515632693,16.667952095387978,18.538185195058947,18.00049827612053,1.03,8.0,-0.77,3.02
FE,2019-05-30,31.638861291834367,31.932530111769385,31.561581419869537,31.65431785583496,2256000,15.676493842206728,18.64716419803815,16.5743654700384,18.44394840566021,18.00004620385188,1.04,7.0,-0.82,3.12
FE,2019-05-31,31.762514412804048,32.02527013416322,31.64659459187524,31.870710372924805,3368000,15.65141605429985,18.638184772947305,16.498581680133935,18.450920480249927,18.00516935158065,1.05,7.0,-0.81,3.21
FE,2019-06-03,32.00981814463667,32.25712028365772,31.762518953654517,32.210750579833984,2802600,15.813090818704037,18.755228249263492,16.4348950717237,18.471372382369108,18.025464268738663,1.06,6.0,-0.77,3.28
FE,2019-06-04,32.24937911333574,32.37302866507002,31.662044479607406,32.334388732910156,2275500,15.828506765182379,18.76232282799966,16.40090607529256,18.475024583780726,18.01277935698056,1.08,6.0,-0.76,3.35
FE,2019-06-05,32.47349232252917,33.42404873034439,32.44257919998942,33.284942626953125,4374500,17.73969872841317,19.526506443669874,16.812993327102582,18.774961378704077,18.18799093765635,1.08,20.0,-0.69,3.21
FE,2019-06-06,33.36223398086642,33.648176040829554,33.261770720052105,33.53225326538086,3257800,17.803926607297395,19.551778796406865,16.80556048858519,18.789701514697995,18.19726492008726,1.08,20.0,-0.62,3.24
FE,2019-06-07,33.748633017299,34.0886715230092,33.25403477048936,33.26176452636719,4339900,17.99267660795734,19.637755659902883,16.78068286848191,18.817137819320227,18.060085797923197,1.08,18.0,-0.62,3.27
FE,2019-06-10,33.26176012001957,33.362223348817736,32.99127471285188,33.24630355834961,1983400,17.906516872617832,19.51486352554322,16.781077996975913,18.492945554584946,18.05652336515561,1.09,19.0,-0.62,3.26
FE,2019-06-11,33.23857667027838,33.33131604829676,32.79807494282389,33.03764724731445,2085600,18.00609472460344,19.569920856529876,16.775539107167162,18.513068854364196,18.071087199006325,1.09,18.0,-0.61,3.25
FE,2019-06-12,33.02992377970704,33.5245220536654,33.02992377970704,33.51679229736328,2119800,17.89398644737443,19.768188785622783,16.889075430372742,18.581011190624714,18.08118916962816,1.09,25.0,-0.56,3.12
FE,2019-06-13,33.58633712488865,33.74089978459472,33.339038048573954,33.50132751464844,2404000,17.876077310762785,19.26589405946305,16.88541778826151,18.58014665232403,18.057731900723397,1.09,25.0,-0.52,3.12
FE,2019-06-14,33.55543204107636,34.05003326021812,33.45496879403474,33.9804801940918,2612200,18.253474907031585,19.43648200016379,16.994266836423915,18.56796676386554,18.086616984548137,1.08,27.0,-0.43,3.01
FE,2019-06-17,33.98820606901578,34.080942505291645,33.70226700414293,33.771820068359375,2295800,18.105435132830767,19.262995386993747,16.877873765125603,18.51178090051655,18.014562860992136,1.08,25.0,-0.39,3.11
FE,2019-06-18,34.05002516376342,34.05002516376342,33.354494667884246,33.624977111816406,3519000,18.07993492034035,19.13981901009178,16.89204795858523,18.426809155592878,17.986666618463495,1.08,28.0,-0.37,3.09
FE,2019-06-19,33.43951096893871,33.76408996659992,33.08401884348935,33.578617095947266,6020700,18.0868900035887,19.143083252380187,16.752850171630143,18.32747294448933,17.988304420233852,1.07,16.0,-0.35,3.28
FE,2019-06-20,33.73318453504501,33.94184080688963,33.32359290429427,33.74863815307617,2862900,17.5278756665044,19.156099727598367,16.730578706316194,18.322557252738232,17.98803749166961,1.06,14.0,-0.36,3.32
FE,2019-06-21,33.76408590734082,34.08866781401757,33.52451656587999,33.7563591003418,5969100,17.499621681695775,19.09295629401688,16.72796842467322,18.282507248780476,17.98721267971961,1.06,14.0,-0.39,3.33
FE,2019-06-24,33.78728014491883,33.85683321636597,33.53225123359984,33.7022705078125,2124800,16.794883341631827,19.01619273658405,16.72545883716528,18.1185492095836,17.97771532874302,1.05,14.0,-0.42,3.32
FE,2019-06-25,33.67908506085573,33.79500487410871,33.54770573485643,33.58634567260742,3193400,16.732490827602998,19.01883891154299,16.662475885351533,18.08076455616882,17.98119021571871,1.04,11.0,-0.43,3.39
FE,2019-06-26,33.532247514318726,33.59407377009794,32.821263261086536,32.86763000488281,3092100,17.775900468061554,19.54919828267155,16.9481391608663,18.099331439798426,17.867111458705555,1.03,34.0,-0.46,3.15
FE,2019-06-27,32.89855018272819,33.05311290725993,32.79035715996759,32.85218048095703,2890600,17.66213361947393,19.538874549214643,16.90949516749462,18.09950219877007,17.86142721656759,1.02,34.0,-0.56,3.21
FE,2019-06-28,32.80580645440374,33.14584201455903,32.75170995501627,33.08401870727539,6589500,17.633995360598576,19.531973730132986,16.92973406492087,18.095239738134257,17.841306698698137,1.01,35.0,-0.7,3.19
FE,2019-07-01,33.14584229299644,33.269491856640535,32.7594370381039,33.02992248535156,2740000,17.523930389159514,17.491910972737543,16.888022675432534,18.068462549722152,17.8226029908047,1.0,32.0,-0.79,3.23
FE,2019-07-02,33.107209159641144,33.62499089252727,33.09948235009245,33.563167572021484,2670200,18.102375610095777,16.04712914347423,16.872883243642985,17.94663385486127,17.866283238053807,0.98,30.0,-0.83,3.25
FE,2019-07-03,33.7254454361327,34.05002733761103,33.66362213701732,33.86455154418945,1866800,18.183267713451535,15.830707357246638,16.910068438777916,17.97109905690656,17.86780095493813,0.97,37.0,-0.84,3.2
FE,2019-07-05,33.640446892321194,33.87229244741441,33.20767481196308,33.79500961303711,1773000,18.147625175787695,15.732444013601002,16.90118899227893,17.970741285119583,17.863528521635633,0.95,36.0,-0.88,3.22
FE,2019-07-08,33.841374878007706,33.94956788391617,33.478152974139334,33.65589904785156,1830100,17.89218470545334,15.767557693034155,16.91401503475742,17.946445035582087,17.862194796803074,0.93,39.0,-0.92,3.19
FE,2019-07-09,33.65589346361771,33.70998995759617,33.346771062031905,33.64816665649414,2330600,17.768299323972425,15.68061194476378,16.9139691953683,17.9450211620104,17.861190798759438,0.92,39.0,-0.96,3.19
FE,2019-07-10,33.74090394862982,33.84137013204313,33.53997452984108,33.609527587890625,1836500,15.446886670500334,15.67597846085297,16.91263200175096,17.943672787103853,17.38037331340617,0.91,39.0,-1.02,3.19
FE,2019-07-11,33.56316758010933,33.84137989254929,33.27722845811881,33.68681716918945,2242300,14.562744520557802,15.664262455494079,16.909143223278768,17.791674888770967,17.38058575746621,0.9,37.0,-1.07,3.19
FE,2019-07-12,33.71772203812894,33.77954534349467,33.36995673282789,33.54770278930664,3496400,14.652469013597427,15.076046247031647,16.9287836973898,17.783355375897937,17.336393797624446,0.88,43.0,-1.12,3.16
FE,2019-07-15,33.48587726727682,33.89546585083008,33.40859445563802,33.89546585083008,3525100,14.788172860687974,15.114561165908539,16.991718527326572,17.772929414967162,17.343625138222084,0.87,46.0,-1.18,3.09
FE,2019-07-16,33.78727837505348,33.918654754217094,33.44723984444026,33.65589904785156,2200700,14.787971229839883,15.17971873744823,16.957925066079465,17.746984859786963,17.35682868225349,0.86,46.0,-1.22,3.1
FE,2019-07-17,33.78728280361872,34.10413505446893,33.76409647928619,33.79500961303711,2175600,14.792303125016959,15.18934602701231,16.779359639736725,17.552945319560983,17.34267176411498,0.85,24.0,-1.24,3.3
FE,2019-07-18,33.833641407306224,34.04230058781092,33.41632599433482,34.0268440246582,2542100,12.416612616048159,15.22334171900355,16.75753369939631,17.132486794790054,17.35151382654473,0.84,21.0,-1.24,3.35
FE,2019-07-19,33.91864999741467,34.15822229692707,33.609527587890625,33.609527587890625,2016700,12.807625017406526,15.479132578973893,16.84322105783793,17.12862751824651,17.312639906574542,0.84,32.0,-1.26,3.22
FE,2019-07-22,33.58635271823517,33.795011963508266,33.3545100950558,33.69454574584961,2441600,12.586538903235361,15.433304726009872,16.841853844082173,17.128172830328307,17.312705035534716,0.83,32.0,-1.27,3.22
FE,2019-07-23,33.67907411251561,33.7099842838452,33.408588740111064,33.47814178466797,8221700,12.741817158546343,15.442144182062027,16.880772426348475,17.15096861132459,17.29805748753603,0.82,36.0,-1.27,3.16
FE,2019-07-24,34.15050863981706,34.15823839882069,33.3467876377572,33.71000671386719,4656600,12.72844097019387,15.4705138799722,16.903003944498803,17.15868183666783,17.245432859738816,0.82,42.0,-1.28,3.13
FE,2019-07-25,33.57089324480725,34.04230820836087,33.447243659943894,33.903202056884766,5466100,12.150318783567297,15.183627695252103,16.904682184712343,17.16515426630285,17.227354928756164,0.81,43.0,-1.28,3.14
FE,2019-07-26,34.00366387548468,34.15822657361726,33.77954811059435,34.05003356933594,5713300,12.200439059805236,15.188748875275602,16.85547647098415,17.13928041841299,17.22615265384932,0.81,34.0,-1.27,3.23
FE,2019-07-29,34.196855486884715,34.37460150062269,34.09638932328071,34.36687469482422,4863200,11.797235328794022,15.2830430307455,16.87624104023802,17.140241950671587,17.19690808291219,0.81,36.0,-1.24,3.2
FE,2019-07-30,34.35142752910634,34.5832700909464,33.864556085615526,34.374610900878906,5951300,11.63383255438146,15.096755159212885,16.876458842893246,17.12220696702863,17.183675523040957,0.81,37.0,-1.2,3.2
FE,2019-07-31,34.3591557056387,34.45962190071855,33.88001399901194,33.9804801940918,8288700,12.076354046289856,15.260447168970067,16.989932048861043,17.184333781871025,17.22490245541259,0.81,57.0,-1.2,3.04
FE,2019-08-01,33.887733632458136,34.51371109506194,33.717717355286354,34.297325134277344,7174700,12.336100865972535,15.35248682330331,16.959176782716618,17.19281331160189,17.187330165888767,0.81,57.0,-1.19,3.07
FE,2019-08-02,34.44416036696363,34.48280029856182,34.05775515490612,34.196861267089844,9274400,12.308755268691865,15.052356272907675,16.95382964740158,17.039672373287267,16.966727983841356,0.81,56.0,-1.19,3.07
FE,2019-08-05,34.165956866256465,34.18914318956584,33.29268298661899,33.570892333984375,11384700,13.474996619102466,15.567342223687753,17.225130242981525,17.186941357552108,17.0761140445062,0.81,62.0,-1.19,2.77
FE,2019-08-06,33.7579924350641,33.96849297943474,33.282417461566006,33.85154724121094,4558800,13.689641922663847,15.21196414672488,17.18748514798866,17.170099233347035,17.090340273572238,0.8,62.0,-1.18,2.84
FE,2019-08-07,33.82036951618042,34.2023867685268,33.43055429391848,33.96849822998047,2991400,13.678232704127518,15.155292385415237,17.192980095328373,17.114964571819797,17.092210950909077,0.8,63.0,-1.16,2.83
FE,2019-08-08,33.97629107625913,34.59219677427305,33.76579053109475,34.49864196777344,2392100,12.682693515144495,15.343346530702984,17.35155225662944,17.201091161602854,17.151074175546285,0.8,65.0,-1.13,2.68
FE,2019-08-09,34.545430857144474,34.78711442506102,34.412892116691125,34.45967102050781,3083400,12.693559930106588,15.272278539361054,17.018534067941406,17.183564032636216,17.144691820677117,0.8,62.0,-1.1,3.0
FE,2019-08-12,34.49864855066781,34.77931599777616,34.38950075991551,34.701351165771484,2488300,12.69195402471188,15.256800804567094,17.03614641767605,17.08786809858975,17.13956301251629,0.8,63.0,-1.04,2.98
FE,2019-08-13,34.36611467587392,34.69355806602966,34.264761875754786,34.44407653808594,3188800,12.92952254946578,15.297472382935325,16.922834448668215,16.978735476096087,17.158176220759653,0.8,53.0,-1.02,3.08
FE,2019-08-14,34.21798052217361,34.475260002336334,33.86714621924908,33.937313079833984,3596000,12.988820458033178,15.621993302860151,16.995501060946292,17.075044868727808,17.22863586352096,0.8,63.0,-1.01,2.97
FE,2019-08-15,33.929519794075134,34.55322360068317,33.929519794075134,34.39729690551758,4132300,13.310345552040845,15.80552516895625,17.116373683166362,17.132169461192483,17.274616561522627,0.8,65.0,-1.0,2.83
FE,2019-08-16,34.42848835421463,34.880675545222054,34.3583214788533,34.83389663696289,4707000,13.7358127738024,15.957210769537042,17.215746182570392,17.17964873697802,17.30213443450283,0.79,67.0,-0.97,2.73
FE,2019-08-19,34.818299413629646,35.30166951036612,34.73253957932627,35.18472671508789,4479100,13.887392379564659,15.906899059078278,17.235164976721734,17.18037949539347,17.294341404910156,0.79,68.0,-0.9,2.73
FE,2019-08-20,35.23149976266462,35.23149976266462,34.833889532744486,35.0287971496582,3097200,13.985774302451823,15.866640558076172,17.201203276226494,17.121564045960703,17.294561595634246,0.79,65.0,-0.85,2.77
FE,2019-08-21,34.96642023931478,35.48097615475838,34.95862524434684,35.45758819580078,4256200,14.30856377720054,14.76433325467803,17.280758036445867,17.052876278180428,17.317673806537872,0.79,68.0,-0.76,2.69
FE,2019-08-22,35.41080990345711,35.68368231681611,35.286069163481336,35.62910842895508,3703900,14.33518199121103,14.327171427442261,17.272780890602764,16.912714487032275,17.299314864712535,0.79,67.0,-0.65,2.71
FE,2019-08-23,35.62131961580946,35.78504429552975,34.91185591720354,35.07558059692383,5017400,15.121836965748315,14.766716213928396,17.467984042664796,17.026729021315536,17.363148067043728,0.78,70.0,-0.63,2.49
FE,2019-08-26,35.215916212642675,35.44980779472168,35.114566366067116,35.38743591308594,3583300,15.053483962278738,14.802672983917143,17.47438217971821,16.985955710379578,17.37296379733111,0.78,70.0,-0.58,2.51
FE,2019-08-27,35.58233895545824,35.69148676007364,35.387431311772296,35.418617248535156,4036900,14.83675032669697,14.68755855564342,16.114336865288042,16.982583871650874,17.361332140517398,0.79,2.0,-0.67,1.56
FE,2019-08-28,35.51216893881474,35.74605749570722,35.22370648444916,35.4887809753418,4650500,14.819321143005778,14.680349580389542,15.016384678062952,16.963168172425426,17.34881093171281,0.8,1.0,-0.63,0.73
FE,2019-08-29,35.7226683197605,35.886390006622875,35.54335366642729,35.81622314453125,3983800,14.906361975407886,13.623640983998154,14.880715549016896,16.990963137101772,17.351269916218286,0.82,1.0,-0.57,0.85
FE,2019-08-30,35.940964636993314,35.97215057057252,35.69148311646828,35.86300277709961,4033700,14.301203085645156,13.562654918437334,14.808616121503926,16.943968924050505,17.335740827979745,0.84,1.0,-0.51,0.9
FE,2019-09-03,35.878588450080464,36.30738454043392,35.75384771517666,36.28399658203125,4112800,14.564522503734862,13.5938080276703,14.895411051186425,16.98311331348886,17.365412460459225,0.85,3.0,-0.39,0.84
FE,2019-09-04,36.48670499794743,36.68161261329336,36.17485459782645,36.51789093017578,3875200,14.356395143934122,13.625669698699216,14.864471216463858,16.959250909103936,17.37351762764896,0.87,2.0,-0.25,0.87
FE,2019-09-05,36.29959566149757,36.43213141351431,36.11248304058981,36.268409729003906,2777300,14.574922173923662,13.639926062040015,14.917565777727434,16.38750093911994,17.386689681805894,0.88,5.0,-0.22,0.8
FE,2019-09-06,36.31519227926803,36.486708977120905,36.22163447237973,36.39315414428711,2254900,14.545328038604335,13.381583785065903,14.910369909930143,16.383437257756103,17.38086422212552,0.89,5.0,-0.19,0.81
FE,2019-09-09,36.32298850267196,36.58806301636395,36.21384069833784,36.580265045166016,3634900,14.556643975402237,13.397890427686054,14.518097681948428,16.357763558405594,17.382791552182965,0.9,1.0,-0.15,0.97
FE,2019-09-10,36.494492396630456,36.541268307369165,36.073491355662085,36.439918518066406,5953200,14.514473907592947,13.173755999429462,14.497117157081657,16.369570391593854,17.341247886615104,0.92,1.0,-0.19,1.0
FE,2019-09-11,36.31518986549448,37.10261535644531,36.18265113490613,37.10261535644531,3527200,15.229394262421945,13.526962344562813,14.706968070987852,16.46567483191844,17.356500881204703,0.93,3.0,-0.09,0.89
FE,2019-09-12,37.1338005065918,37.50022480896118,36.93889288705654,37.1338005065918,2680500,14.64659342922986,13.4715452549081,14.707574656221972,15.816037930328077,17.349340939057832,0.94,4.0,-0.05,0.89
FE,2019-09-13,37.07142501887271,37.2585376239293,36.837536493092436,36.93109130859375,2223700,14.717198092198469,13.536899269843031,14.74912415817957,15.67184589656999,17.34697140531179,0.94,5.0,-0.07,0.83
FE,2019-09-16,36.95447908342741,37.118200740070115,36.83753334350907,37.079219818115234,2130600,14.633117277001825,13.527146023461578,14.752387181170224,15.628500817208158,17.34948666987101,0.95,6.0,-0.1,0.83
FE,2019-09-17,37.063635451553274,37.554800535408724,37.063635451553274,37.492431640625,3753800,13.36996014474662,13.663421226933087,14.803232127119884,15.659656886827241,17.378408325852632,0.95,7.0,-0.05,0.79
FE,2019-09-18,37.5781929912971,37.63276689170789,37.26633958261732,37.508026123046875,2660400,13.327752871608704,13.648513478622792,14.770607986169255,15.642936932314031,17.37785323368,0.95,7.0,-0.05,0.81
FE,2019-09-19,37.62496892076091,37.62496892076091,37.40667331911777,37.508026123046875,2366300,13.36451468485793,13.610346663018419,14.755004475237754,15.38395331913392,17.375698555071487,0.96,7.0,-0.08,0.83
FE,2019-09-20,37.43785379716551,37.539206586319565,36.85313097167177,36.946685791015625,11015800,13.869873028298574,13.187377233151848,14.810698434848153,15.509307644493978,17.198854000649852,0.97,11.0,-0.18,0.78
FE,2019-09-23,36.97787287878838,37.36768810797734,36.91550101457215,37.23514938354492,3024100,13.919442691864619,13.230979816643226,14.835798410345674,15.472954626339892,17.211552085551396,0.97,12.0,-0.26,0.77
FE,2019-09-24,37.32870130908797,37.95240498288797,37.28972038711054,37.77309036254883,4051300,14.28032248312645,13.431031694369155,14.974717070375126,15.492203112822947,17.261843659772573,0.97,18.0,-0.28,0.68
FE,2019-09-25,37.73412125313191,38.10834357456116,37.60938047932216,38.06936264038086,4044400,14.008936436284337,13.455060639401228,14.905390990681951,15.43663689136243,17.27279984925826,0.97,16.0,-0.28,0.73
FE,2019-09-26,38.13952659740578,38.2564723741851,37.9134359891829,37.991397857666016,2936900,13.024915755048,13.178875595281761,14.876927352920841,15.41631787165165,17.215729999794835,0.97,14.0,-0.32,0.76
FE,2019-09-27,37.90562839696703,38.08494302820955,37.445646351934855,37.75749969482422,3375000,12.997445095142284,13.206162837918423,14.925884320338145,15.340361510173613,17.17223048423408,0.97,20.0,-0.39,0.7
FE,2019-09-30,37.780888579725016,37.89003636019272,37.367685418224724,37.6015739440918,6644800,12.83859889578669,13.239079843782411,14.742431308524568,15.332824943475941,17.107520357909127,0.97,5.0,-0.47,0.82
FE,2019-10-01,37.422265724693716,37.52361852710001,37.18057918789546,37.33650588989258,3422200,12.92970667512301,13.308874103127858,14.796337818075834,15.309243076445272,17.050839763347412,0.96,10.0,-0.56,0.77
FE,2019-10-02,37.26633657748985,37.36768937324595,36.736187609917714,36.88431930541992,2882900,13.448202513318922,13.606259282420735,14.704903210582065,15.392405837724866,17.094292005838156,0.96,3.0,-0.64,0.75
FE,2019-10-03,36.91549656083384,37.274128788701,36.80634878567793,37.21955490112305,3399700,13.266831275510366,13.68076306418703,14.72297653417125,15.389872299779924,17.082402407864997,0.96,6.0,-0.72,0.73
FE,2019-10-04,37.38327838315639,37.68733376418898,37.157184852728165,37.6015739440918,1990000,13.470314356923204,13.79121307988154,14.710552041621664,15.41599817151276,16.978117941968065,0.97,6.0,-0.79,0.77
FE,2019-10-07,37.461244974961794,37.58598573614871,37.25074438282369,37.44565200805664,4201800,12.556750059049238,13.791530061884924,14.683905045383652,15.426335269582827,16.952617621529157,0.98,3.0,-0.85,0.8
FE,2019-10-08,37.484635552649394,37.484635552649394,37.032448438901994,37.12600326538086,3474800,12.765999807296438,13.838516698287872,14.733534420528835,15.462041194619108,16.846212596768087,0.98,9.0,-0.91,0.73
FE,2019-10-09,37.250735460378216,37.39106915485699,37.11040176589943,37.28192138671875,2533600,12.785856696922396,13.731451911534595,14.70930900779247,15.368515780100253,16.84896518213802,0.98,7.0,-0.97,0.75
FE,2019-10-10,37.1026128090181,37.5470019224981,36.993465023118326,37.34429931640625,2136200,12.785603010255214,13.722190394176828,14.707362630739437,15.362879473505473,16.83525649055167,1.0,6.0,-1.02,0.75
FE,2019-10-11,37.2663390226966,37.632766326281654,37.21176512310578,37.33650588989258,2708300,12.596156319432245,13.68467945110859,14.678187663337697,15.275861132914912,16.81209557381508,1.01,3.0,-1.07,0.79
FE,2019-10-14,37.367696185711715,37.38328915513649,36.892121027447956,36.96228790283203,2122500,13.026819676099402,13.594014239592433,14.769878347531645,15.316178954252468,16.685180814176643,1.02,17.0,-1.11,0.69
FE,2019-10-15,37.00125338722719,37.24293985129798,36.92329154671587,37.11040115356445,2599400,12.665842553511075,13.60171968932492,14.67663583880956,15.31749780763064,16.687682578360683,1.03,3.0,-1.15,0.76
FE,2019-10-16,36.98567845661779,37.28193894829851,36.821956727289646,37.2663459777832,3086100,12.595262906994614,13.507102508784849,14.63106088454211,15.315353980775443,16.687508757289976,1.04,3.0,-1.19,0.81
FE,2019-10-17,37.36769238654642,37.640561888600345,37.24295161788542,37.508026123046875,2341100,12.494352466741692,13.500318378935496,13.837112377787358,15.279341854457302,16.670328141493314,1.07,1.0,-1.22,0.33
FE,2019-10-18,37.406671539021914,37.82767272848881,37.28972874687292,37.71852493286133,3488200,12.544772833900192,13.498866836917529,13.571393252094618,15.220034318488688,16.67511214023825,1.09,1.0,-1.29,0.44
FE,2019-10-21,37.86664664160614,37.91342553422911,37.515812382068404,37.81207275390625,2729000,12.495930786660853,13.489307873653262,13.56604042733181,15.193727647012478,16.673679612167312,1.12,1.0,-1.38,0.44
FE,2019-10-22,37.890040099979444,37.944613995599795,37.61717062187768,37.70293045043945,2573900,12.466144215964855,13.429902281790277,13.561813950427155,15.19946983899555,16.563766890976034,1.15,1.0,-1.45,0.44
FE,2019-10-23,37.882238913653346,37.97579372313609,37.60157151115134,37.741905212402344,4456100,11.392526475881413,13.427533281584509,13.486258478581714,15.171870228352322,16.549043281478113,1.18,1.0,-1.51,0.51
FE,2019-10-24,37.52362423499026,37.82767971440595,37.50023329299718,37.64836502075195,5092700,11.426293772434335,13.1764584671525,13.49671971549902,15.068407971089071,16.5164595256762,1.2,2.0,-1.56,0.5
FE,2019-10-25,37.74191859596232,37.780899532565236,37.13380765760324,37.4300651550293,3834000,11.442115340124321,13.169099363542713,12.807826615009027,15.086210747487211,16.49274329410424,1.24,1.0,-1.59,-0.12
FE,2019-10-28,37.31310854540601,37.56259001626271,36.806347634823126,36.853126525878906,4501400,12.28458473617772,13.594813811211537,13.039335552510318,15.205309626650756,16.42288349450001,1.27,2.0,-1.6,-0.18
FE,2019-10-29,36.80635649340684,37.21176472463638,36.79076352596865,37.09482192993164,4907900,11.98877631476442,12.998351377312334,12.987842964806267,15.214169577512745,16.10112785667871,1.3,2.0,-1.62,-0.13
FE,2019-10-30,37.12600003848941,37.57038914320679,37.04803818554231,37.29751968383789,5655600,12.105112553047684,12.948665716925728,13.003736584149642,15.221831944557284,16.04815668826854,1.33,3.0,-1.63,-0.13
FE,2019-10-31,37.352089351478604,37.67953563974369,37.25073657486635,37.67173767089844,4639600,12.459183431308531,13.056974154536091,13.023240164643859,15.254122018209818,16.071275677294786,1.35,4.0,-1.64,-0.11
FE,2019-11-01,37.77309731253051,37.890040099979444,37.56259672625733,37.70293045043945,4608800,11.593031205560884,12.7387958533625,12.853202849864465,15.2516987766005,16.07130676675503,1.38,2.0,-1.65,-0.05
FE,2019-11-04,38.20189849535624,38.209693492587576,37.20397230268524,37.42226791381836,6826300,11.623688605045055,12.860023742929094,12.923932487413579,15.285874847902017,16.08931339799793,1.41,3.0,-1.65,-0.12
FE,2019-11-05,37.16499372911009,37.49244016686681,36.627049621290936,36.89212417602539,7319400,11.549070769112078,13.197091875681718,12.979759596357734,15.393775488377202,16.16127034749475,1.43,4.0,-1.65,-0.17
FE,2019-11-06,36.868533527793375,37.30080096283465,36.860675428158586,37.02572250366211,9065900,11.339632134375732,13.088368076071777,12.938609758660252,15.346404854297429,16.140505741821865,1.45,4.0,-1.65,-0.12
FE,2019-11-07,36.69562365490174,36.92354750944819,36.43626440514179,36.71920394897461,9812200,11.537112534424274,12.81302847251651,12.994790618133687,15.273980808885588,16.14755443894746,1.46,7.0,-1.63,-0.16
FE,2019-11-08,36.60131952667597,36.703492828459865,36.326241019716505,36.61703872680664,4341200,11.449931752846235,12.585644362881258,13.002932892920677,15.250303354034742,16.137987616687138,1.48,8.0,-1.61,-0.17
FE,2019-11-11,36.624885528352614,36.71133960333315,36.14546356386676,36.17689895629883,5079600,11.862706647128245,12.633875319615626,13.146505164496904,15.30013540803682,16.189247808174596,1.5,12.0,-1.59,-0.27
FE,2019-11-12,36.239782678609416,36.56987684834524,36.20834428202586,36.38911056518555,4928400,11.906110978800633,12.529923491536781,13.171681595742141,15.309237519479774,16.18157103328323,1.51,13.0,-1.56,-0.28
FE,2019-11-13,36.53057523025856,37.03357751255478,36.53057523025856,36.87638854980469,2819400,12.088933212691083,12.753017910565331,13.3156014474975,15.379875976722074,16.109070300177482,1.52,14.0,-1.54,-0.31
FE,2019-11-14,36.884256022556684,37.00214851453013,36.727067032635624,36.734928131103516,4415600,11.82433812183762,12.56729561539961,13.319055783668807,15.386690789967606,16.111720271509007,1.53,15.0,-1.5,-0.32
FE,2019-11-15,36.82923716073913,36.98642613715154,36.64847088721049,36.970706939697266,4621400,11.574924365076578,12.594031125500676,12.847178356187051,15.389762570230939,16.089803300972513,1.54,2.0,-1.5,-0.47
FE,2019-11-18,37.08073901873135,37.29294369114578,36.64061047615359,36.75850296020508,7869500,11.627271889672922,12.20502090785614,12.891752152636323,15.374622253220549,16.060342632127767,1.56,4.0,-1.5,-0.51
FE,2019-11-19,36.80565368742392,36.80565368742392,36.467698494193684,36.491275787353516,4241700,11.557043530717907,12.197607631899237,12.925204180120497,15.3862438687397,16.079715421827828,1.57,6.0,-1.48,-0.55
FE,2019-11-20,36.54629571074844,36.852812549911945,36.444122431650534,36.837093353271484,6151900,11.841188825918799,12.333787562455296,12.987445928817607,15.41940120988436,16.087911326759546,1.57,9.0,-1.47,-0.57
FE,2019-11-21,36.884242466259515,36.92353894976424,36.48341053937457,36.65631866455078,3360400,11.894946461537852,12.383073696823526,12.798906488392737,15.433356157684152,16.014876508364935,1.58,1.0,-1.43,-0.57
FE,2019-11-22,36.67204507271419,37.28507873076345,36.61702938535746,37.206485748291016,6129800,12.717588530124097,12.606750669683606,12.928669045122199,15.472157210270904,15.970171719933045,1.59,8.0,-1.39,-0.58
FE,2019-11-25,37.33223406316729,37.56801599446658,37.00213995897428,37.50514221191406,4607700,12.56555757631789,12.696178313786291,12.967755906391695,15.48622171725262,15.979452983176362,1.6,10.0,-1.34,-0.59
FE,2019-11-26,37.48157205485517,37.5994645514471,37.379401755814946,37.54444885253906,6644700,12.522895282384127,12.490763146442806,12.941269126731427,15.486229175228667,15.974517169302823,1.6,10.0,-1.3,-0.57
FE,2019-11-27,37.56016540527344,37.59160380190007,37.19863283845874,37.56016540527344,5445000,12.470890612869313,12.430991512850413,12.939991051163622,15.432871348965396,15.969054200513897,1.61,10.0,-1.25,-0.57
FE,2019-11-29,37.725218125259815,37.87454603434515,37.38726280637055,37.48157501220703,1463500,12.34708162482109,12.349205469413882,12.945043779396531,15.437021992355962,15.948088417468808,1.61,12.0,-1.19,-0.57
FE,2019-12-02,37.26935781940139,37.47370436143327,37.03357588470534,37.34795379638672,3556400,12.270136603359441,12.362738632244286,12.964625357206502,15.44608367907604,15.900527350600708,1.61,13.0,-1.13,-0.59
FE,2019-12-03,37.38725851751236,37.717355697269575,37.371539318654335,37.520870208740234,2884700,12.328276236338347,12.354916945066742,12.950260300729777,15.24334681961728,15.81246517878015,1.61,13.0,-1.07,-0.57
FE,2019-12-04,37.56802156567342,37.960992508825086,37.55230236817171,37.87453842163086,3159700,12.610397281200008,12.456710421620407,12.934268356445507,15.269908054001982,15.721510643697002,1.61,9.0,-1.0,-0.57
FE,2019-12-05,37.81165765243879,38.06315876979639,37.7094843865967,38.04743957519531,2488900,12.672943573407155,11.94962542942894,12.878278015082234,15.173947068045468,15.724097350839358,1.61,5.0,-0.93,-0.51
FE,2019-12-06,38.03173047580978,38.22821596328401,37.96099558039384,38.02387237548828,2287400,12.649298797027253,11.951173237047334,12.873120605630776,15.110736757313049,15.673885528084956,1.61,5.0,-0.85,-0.52
FE,2019-12-09,38.03172369136157,38.03958478841134,37.788083649159866,37.81951904296875,3322400,12.631886102215972,11.949402963457285,12.88264166347168,15.128691114878764,15.684213999001306,1.61,7.0,-0.76,-0.54
FE,2019-12-10,37.7802199728617,37.929547827182034,37.583734533852386,37.71734619140625,2807400,11.746764601547795,11.942002474606053,12.717333179917429,15.131976187410597,15.673027508211629,1.61,1.0,-0.68,-0.48
FE,2019-12-11,37.74093246459961,37.835244658287955,37.47371208404048,37.74093246459961,2967800,11.618943036133311,11.728532339204493,12.715688467162204,15.10516788410872,15.672815876896303,1.61,1.0,-0.59,-0.48
FE,2019-12-12,37.693780614181556,37.95314293402115,37.47371779598872,37.60732650756836,2593400,11.583509091232951,11.75220611713382,12.680012834016226,15.0797534152809,15.643470718175267,1.6,1.0,-0.54,-0.45
FE,2019-12-13,37.52871651549089,37.76449842800417,37.277215409059444,37.68590545654297,3382900,11.229130305337685,11.759654514792077,12.647537915621996,15.07244269006832,15.637648879541189,1.6,1.0,-0.45,-0.44
FE,2019-12-16,37.81166644164591,38.13390251054625,37.59160366233754,38.126041412353516,4100900,11.72131733238684,11.560688490162532,12.736454214350465,15.114344537778903,15.647493477184293,1.59,5.0,-0.35,-0.47
FE,2019-12-17,38.20464430327295,38.31467571279848,37.90598547875291,37.945281982421875,3699500,11.58892746764953,11.50997338705694,12.76080268109821,15.123546485896371,15.20076375490716,1.59,6.0,-0.23,-0.5
FE,2019-12-18,38.078887807158466,38.22821569727276,37.81952552639457,38.13390350341797,3141400,10.776528702826873,11.17728512766792,12.708771156299997,15.107219079317874,15.201487443386128,1.58,3.0,-0.09,-0.48
FE,2019-12-19,38.110324645906736,38.29109092595677,37.953135663823524,38.28322982788086,4581100,10.782803864589157,11.09138876148695,12.716205807061579,14.25797319806567,15.180792554210774,1.57,5.0,0.06,-0.48
FE,2019-12-20,38.43255910146555,38.550448584495975,38.22821253387093,38.36968231201172,5295300,10.40853207897484,11.090950364801692,12.555555652251313,13.571857945608572,15.181158052562996,1.56,1.0,0.18,-0.39
FE,2019-12-23,38.377547030214444,38.46399812667357,37.9059800592151,38.03173065185547,2546100,10.765746001845114,11.16940875080109,12.58884577007163,13.512103030108905,15.199080304371027,1.55,2.0,0.35,-0.43
FE,2019-12-24,38.055305175455054,38.157478461439055,37.9609929873862,38.10246276855469,958300,9.993312228814254,11.139315324503263,12.573381089545885,13.465655427181577,14.708342574375354,1.54,2.0,0.52,-0.41
FE,2019-12-26,38.07888681571916,38.21249550369052,37.984574624319926,38.126041412353516,1778000,9.920632815245414,11.035218517606307,12.176530059972924,13.464457411736278,14.575669957302074,1.52,1.0,0.5,-0.47
FE,2019-12-27,38.11032664608734,38.14962314413796,37.93741845690785,38.03173065185547,2587100,9.333673549621132,10.739648658876993,12.137947053689869,13.43588410017168,14.542768668492073,1.51,1.0,0.53,-0.46
FE,2019-12-30,37.95313587665445,38.11032485961914,37.85096258800783,38.11032485961914,1883300,9.222106157388495,10.596954816271833,12.133303136164288,13.432205104194805,14.534407813279485,1.49,1.0,0.55,-0.46
FE,2019-12-31,38.11032624819347,38.20463844215642,37.86668316581439,38.19677734375,2929700,9.097630620652145,10.405935210710332,11.915237161282974,13.427573444241172,14.519872926345807,1.47,1.0,0.71,-0.42
FE,2020-01-02,38.165334149839545,38.165334149839545,37.09645284279325,37.355812072753906,4639300,11.193131052063146,11.352821158939001,12.471492489360028,13.478664998263474,14.51843121386463,1.45,5.0,0.9,-0.1
FE,2020-01-03,37.253641920350354,37.45798546588805,37.19076513825877,37.30079650878906,2970900,10.963892510850776,11.217333751078979,12.43702248193687,13.458176956751098,14.520122864564783,1.43,5.0,1.14,-0.09
FE,2020-01-06,37.332251192082886,37.497298319906896,37.19864246902477,37.37154769897461,2474900,10.657474611055484,11.191218654906159,12.369146856756922,13.44190088706965,14.47600820514548,1.41,5.0,1.32,-0.02
FE,2020-01-07,37.19076484054603,37.481562460066826,37.12789105708774,37.34795379638672,2187700,10.540509268138337,11.186828833048903,12.115002163177001,13.442596802390966,14.431327505842214,1.39,2.0,0.85,0.08
FE,2020-01-08,37.450139748387286,37.61518685874809,37.3401053433491,37.42655944824219,2700000,9.649503751866684,11.194996982050656,11.949609446069996,13.439472075039587,14.370965604366761,1.37,2.0,0.6,0.16
FE,2020-01-09,37.37939537678864,37.70948951390426,37.35581508261594,37.6230354309082,2249100,9.487518906422626,11.042889723305898,11.82136358278953,13.446853355889585,14.359585180019371,1.34,1.0,0.58,0.22
FE,2020-01-10,37.72520791061245,37.9452706640227,37.41082997877195,37.44226837158203,4093200,9.588554638080183,11.064363563404477,11.760299683506878,13.445136098409504,14.287939996111792,1.31,1.0,0.71,0.23
FE,2020-01-13,37.48943315363102,37.78023084759219,37.48943315363102,37.54444885253906,2537200,9.622451195234786,11.045514116292642,11.73676155120563,13.420796665073699,14.274353416195385,1.28,1.0,0.68,0.27
FE,2020-01-14,37.505151642323135,37.77237203115434,37.292946951357415,37.75665283203125,3167800,9.737368460409176,11.02649828208419,11.619459665633505,13.424536976161585,14.241240921639244,1.24,1.0,0.84,0.33
FE,2020-01-15,37.85881457021728,38.24392736634209,37.843098372777895,38.078880310058594,2789400,9.952401182685104,11.103927680299854,11.667753167602493,13.334274801848538,14.259102619775351,1.2,2.0,1.01,0.3
FE,2020-01-16,37.85095848114597,38.48757244392108,37.85095848114597,38.33824157714844,3425700,10.047041505243,11.177281129999711,11.409674136579122,13.347888677089706,14.246214260072565,1.16,1.0,0.66,0.38
FE,2020-01-17,38.40898437954384,38.62118907754616,38.118186681450624,38.55831527709961,3251200,9.826471411600037,11.213910177580347,11.364829780487993,13.359528896677439,14.245424365153406,1.11,1.0,0.51,0.41
FE,2020-01-21,38.44041613860882,38.76265218032742,38.385400448422494,38.74693298339844,2854100,9.838296151703137,11.251216714132944,11.382748830216059,13.296949629183038,14.247244447455977,1.09,2.0,0.27,0.4
FE,2020-01-22,38.927700396822964,39.226359151005,38.85696550762539,39.21063995361328,3359100,10.357716088719869,11.475479656451311,11.514829400929,13.338864067556234,14.281927366795259,1.1,4.0,0.27,0.32
FE,2020-01-23,39.171348792357506,39.58789708649478,39.10847199422998,39.57217788696289,3138600,10.434110551665796,11.524420481467878,11.514717628629565,13.37128332613535,14.228196385997826,1.1,4.0,0.88,0.32
FE,2020-01-24,39.54859616322345,39.88655142003179,39.359971786199985,39.66648864746094,2428700,10.359418445972263,11.004549188273147,11.516714452535998,13.24862167508916,14.224633450443664,1.11,6.0,1.35,0.32
FE,2020-01-27,39.6271925504036,39.90227403782479,39.32067566287112,39.501441955566406,2647000,10.494153066344971,11.002603787615929,11.417498170322022,13.258682040286073,14.16822605109017,1.12,4.0,1.45,0.36
FE,2020-01-28,39.54859974062829,39.94943182478903,39.509303241704664,39.83939743041992,2614700,10.570362135163052,11.072818542476186,11.448319645289503,13.128036434038624,14.172864075119215,1.12,5.0,1.71,0.34
FE,2020-01-29,39.862970414881126,40.13804885501034,39.73721984251775,40.05945587158203,2948400,10.621395474466693,10.956830967219343,11.404093024937582,13.116065506688255,14.177890491239564,1.12,3.0,2.02,0.4
FE,2020-01-30,39.99658687922431,40.11447937546695,39.69792808737216,40.06732177734375,4560600,10.235391250745131,10.958078604352131,11.398043756336259,13.068905682099391,14.173492233142362,1.12,3.0,2.08,0.4
FE,2020-01-31,40.05160032816475,40.122335222310824,39.59575556443606,39.917991638183594,5893300,10.184114869823015,10.86079101994303,11.402404182037767,13.050722181778818,14.144169006166377,1.13,4.0,1.91,0.38
FE,2020-02-03,40.05160378211729,40.499590484298835,39.95729158116613,40.47601318359375,3456000,10.74595991144645,10.693069466332048,11.561847974156413,13.113489783842242,14.150059259095563,1.13,12.0,2.08,0.33
FE,2020-02-04,40.48385966033837,41.07331599376171,40.35810909579992,40.468143463134766,4569100,10.748003644227087,10.690075871222811,11.23828269793577,13.094247767197773,14.130929721799419,1.14,1.0,1.97,0.34
FE,2020-02-05,40.420981380577864,40.91612548504849,40.39740408926533,40.79823303222656,3103400,10.900716120752008,10.576959538539173,11.297142443203661,13.118705046830367,14.145092162655843,1.14,2.0,1.98,0.3
FE,2020-02-06,40.80617080710646,40.893279361370496,40.56860394509418,40.584442138671875,3346500,10.635250740157309,10.63415706383663,11.294018014318643,13.122324851782254,14.138567413237638,1.14,2.0,1.76,0.31
FE,2020-02-07,40.410213202936944,40.798241279956486,40.22016097728197,40.5685920715332,2784800,10.660837074185519,10.248623862085795,11.285253075981283,13.11174084529481,14.05441449884629,1.14,2.0,1.51,0.3
FE,2020-02-10,40.58442697023615,40.71904703409244,40.291428050623615,40.67153549194336,4385400,10.652308530481571,10.21667031930268,11.169910411677632,13.050499856625,14.050966246294808,1.14,1.0,1.27,0.37
FE,2020-02-11,40.80617012169069,40.93287264735747,40.67155000978133,40.814090728759766,2588700,10.56700863330073,9.941337700239012,11.177833228148222,13.020038494726476,14.044839751410901,1.14,2.0,1.07,0.37
FE,2020-02-12,40.80616119442844,40.980378261916314,40.62402654243014,40.76656723022461,2566100,10.616027308762042,9.892686255000653,11.181603842630986,12.523381953905123,14.043350051558626,1.13,3.0,0.85,0.37
FE,2020-02-13,40.845755206808974,41.210024484295005,40.69529392462842,41.16250991821289,2374400,10.8316752023873,9.980738610459122,10.973297663268943,12.396589924821933,14.068181949364991,1.13,1.0,0.75,0.43
FE,2020-02-14,41.19418861748214,41.36840568211056,41.06748612161395,41.3604850769043,2453900,7.900256899908953,9.873701460787633,10.93715007771965,12.40012175692521,14.070011212056514,1.13,1.0,0.67,0.46
FE,2020-02-18,41.487188441682974,41.59013516574005,41.28129801439466,41.39216232299805,2501800,7.806443155926873,9.687156194276037,10.727462499297506,12.384182023186147,14.068201129121405,1.13,1.0,0.56,0.54
FE,2020-02-19,41.38424373166325,41.408002528110124,41.17043570942327,41.29713821411133,2511900,7.972758122059849,9.605907074852476,10.68195151529236,12.34388784201716,14.072301686286318,1.13,1.0,0.41,0.56
FE,2020-02-20,41.28130146754077,41.33673362647932,40.94870549308339,41.01205825805664,2594500,8.439663479509205,9.675384405934196,10.74311581166803,12.379402093507201,14.095147247475287,1.12,3.0,0.22,0.48
FE,2020-02-21,40.940783941934306,41.08332462849009,40.6952965326825,40.83783721923828,5933300,8.703413149563467,9.365303468775027,10.715847410186443,11.951391316660356,14.067188284284764,1.12,2.0,0.03,0.51
FE,2020-02-24,40.56068767996799,40.7665781615317,40.08555091963948,40.09347152709961,4427600,10.634682383880802,10.121042835018145,11.114164913124135,12.149135540380655,14.116257485781695,1.11,7.0,-0.12,0.56
FE,2020-02-25,40.15681850563284,40.283521028793096,38.66806461370643,38.715576171875,4461100,15.027701364977164,12.534921956125425,12.413502765751387,12.829281082077648,14.54512750444105,1.08,39.0,-0.15,3.48
FE,2020-02-26,38.739323847725736,39.10359616883855,38.240434466351445,38.24835205078125,4162500,15.49956068415807,12.800398615120326,12.412384872042983,12.920117443356025,14.582427007130846,1.06,39.0,-0.15,3.48
FE,2020-02-27,38.05830117817375,38.29586799030492,36.60913848876953,36.60913848876953,5322800,20.06094912566319,15.666921779795139,14.180562971417007,13.931800526726112,15.247967608517325,1.05,91.0,-0.16,6.42
FE,2020-02-28,35.817252670754925,35.817252670754925,34.502712883668416,35.2629280090332,9412800,22.445561895801426,17.404224119874765,15.2703640706384,14.545100484305198,15.716790955183665,1.06,100.0,-0.14,5.89
FE,2020-03-02,35.468820782373555,37.55149323901283,35.373791627988446,37.47230529785156,5894500,28.91871017302501,21.49599635092917,18.105169969958094,16.2101166404762,16.830736177291126,1.18,100.0,-0.14,10.0
FE,2020-03-03,37.37727431169552,38.14540690787933,36.284463344754265,36.363651275634766,7906700,30.056370592412424,22.26350845098124,18.67553488872065,16.53023093431003,17.10323027874049,1.31,100.0,-0.16,8.92
FE,2020-03-04,36.94965411028759,38.41465205171226,36.64081693502274,38.406734466552734,5367300,34.21535090146516,24.970385171558377,20.59788519882009,17.715718820238564,17.91583346267256,1.52,100.0,-0.17,8.2
FE,2020-03-05,37.63067935350564,38.22459789818693,36.87046434131181,37.321842193603516,6141800,34.97004945981577,25.659077623914943,21.10275253216803,18.043862799145984,18.144942566721692,1.73,100.0,-0.17,7.45
FE,2020-03-06,36.21319506941726,36.9734101243149,35.42130363202569,36.80711364746094,5994900,34.98865199725805,25.789700918747528,21.217505588704643,18.123499632057918,18.20340300666301,1.92,100.0,-0.18,7.26
FE,2020-03-09,34.463111396046564,35.04119171035101,31.081735019915865,33.99589538574219,10151900,41.45496354903768,30.450906320077138,24.628280527469805,20.435900369257567,19.886518520624854,2.24,100.0,0.14,9.46
FE,2020-03-10,34.795696804778814,35.76972257808998,33.98796745160794,35.59550857543945,7231900,44.02552478812925,31.98097775695133,25.715728018394913,21.146453884348084,20.374354182486208,2.58,100.0,0.09,8.25
FE,2020-03-11,34.597738927755984,35.1203872026672,33.63955092722315,34.15428161621094,8592200,45.20087143757815,33.03097631645199,26.511156496427095,21.711569916789784,20.792533016542745,2.91,100.0,0.2,7.26
FE,2020-03-12,31.794438197345794,32.950598817402735,30.052276662275695,30.50365447998047,7357000,54.81267204981791,40.142562970297945,31.90775331809123,25.503151323569956,23.679754543239017,3.46,100.0,2.99,11.31
FE,2020-03-13,32.222053982521146,32.66551417149802,30.66203026897693,32.657596588134766,6070100,59.18589963823588,42.65293449511648,33.78465618202478,26.64743359714729,24.627583678713997,4.02,100.0,2.72,9.75
FE,2020-03-16,29.854304678250806,31.485598935707888,26.82135933956085,27.16187286376953,6701900,78.38301888891465,56.62150002211228,44.53010454547717,34.42750366251877,30.765886519270534,5.08,100.0,7.06,18.75
FE,2020-03-17,27.922092295736533,32.06368740041156,26.061148523394458,31.762767791748047,9171700,92.27170601909901,65.62448996493406,51.248186400484656,39.14048667720117,34.543873649943826,6.31,100.0,5.99,15.71
FE,2020-03-18,29.688011825118238,30.63827914959217,26.5758781812355,29.458362579345703,7253200,94.26109556868735,67.2541627241831,52.560406277107596,40.13609777685857,35.29851937614204,7.38,100.0,5.27,14.06
FE,2020-03-19,29.553381654241598,29.58505802971763,26.528357275265428,28.500167846679688,5291200,94.30668970946692,67.49476679927542,52.784250412641185,40.269375861179064,35.44801630541137,8.31,100.0,4.79,13.75
FE,2020-03-20,28.4843305408291,29.06241081744987,26.908465551599473,27.146032333374023,5393500,94.87655935514667,68.08392058273147,53.28313394512697,40.64633555086403,35.73801102150828,9.14,100.0,4.62,13.12
FE,2020-03-23,26.940142477505702,28.310114068532837,25.3405216837217,26.28287124633789,6180400,94.9471383629873,68.28348919363751,53.448226888348,40.812335555813625,35.85284480461204,9.9,100.0,4.46,12.91
FE,2020-03-24,27.090603430376948,28.52392791808558,26.853036620142458,28.09630584716797,5400200,97.72771634908254,69.88988143707319,54.57448656073514,41.598940331815555,36.481762115925044,10.63,100.0,3.79,11.87
FE,2020-03-25,27.977524383311675,29.52963078962672,26.59171444463911,28.112144470214844,5194400,97.69009917778106,69.89750955389161,54.56124631328571,41.599253858006364,36.479867470684944,11.29,99.0,3.2,11.88
FE,2020-03-26,28.088386664044588,31.097573137692958,28.04878968057068,30.6224365234375,4915500,101.70749816456299,72.3111153509884,56.30301015996212,42.84063014668645,37.475731995368264,11.96,100.0,2.73,10.56
FE,2020-03-27,29.585063412992103,31.936981855595658,29.387090561482065,30.567007064819336,5803000,101.5735013075303,72.30170474181702,56.30110931658824,42.83958894524746,37.46847702000625,12.58,99.0,2.31,10.56
FE,2020-03-30,31.034221369546383,32.39627547798444,30.33735914642414,32.063682556152344,6295900,102.87142239756679,72.95685101670576,56.84792539211245,43.21733574340425,37.77067512942048,13.17,100.0,2.03,10.12
FE,2020-03-31,31.699412256826292,32.33292780310969,30.97087360775679,31.731088638305664,7704500,102.83508654756154,72.97430226875808,56.829312471990825,43.21563414188627,37.78316976255637,13.72,99.0,1.76,10.14
FE,2020-04-01,30.35320004268149,31.137170868805423,30.20273873725235,30.77290153503418,6979900,103.00626261971931,73.19154187680746,57.01088742135888,43.35703132999418,37.90651670951791,14.24,100.0,1.46,9.96
FE,2020-04-02,30.274005429641875,32.08743731509003,30.274005429641875,31.6756534576416,4823500,103.61526175258382,73.48634642169031,57.209400114849544,43.493233837301794,38.01261178636596,14.74,100.0,1.24,9.81
FE,2020-04-03,31.343062315776884,31.889466281270685,29.743441363361747,30.052278518676758,3445000,104.38356976520899,74.18429426697351,57.78227541353673,43.921411782433225,38.15604359672086,15.22,100.0,0.98,9.32
FE,2020-04-06,31.176759502272876,33.18024653689408,31.176759502272876,32.75262451171875,5157800,107.9992081713056,76.41309841260532,59.42176063015325,45.08138898475097,38.93071043798763,15.71,100.0,0.85,8.37
FE,2020-04-07,33.59995025565423,33.86127283058528,31.984491175045957,32.04784393310547,6177600,107.76666077871782,76.51558662605659,59.502342589875944,45.15262351129718,38.96848126834811,16.18,100.0,0.69,8.3
FE,2020-04-08,32.24582448021866,34.51855235452232,31.992419429047413,34.23347091674805,3674700,109.75848333996885,77.79064817052938,60.41123765995749,45.82148675216153,39.507496021166006,16.64,100.0,0.62,7.75
FE,2020-04-09,34.66108818117766,35.888519290947826,34.66108818117766,35.43714141845703,5735700,109.61990236194805,78.12962861464005,60.66808789329225,45.99557915714222,39.6551225065156,17.09,100.0,0.6,7.6
FE,2020-04-13,34.93033291079433,35.239170097983795,34.098847478939724,34.78779220581055,3006200,109.20990167032785,78.18444697265473,60.72616871637664,46.04445696705843,39.69063988445594,17.51,100.0,0.55,7.55
FE,2020-04-14,35.52425840518393,36.24487965548071,35.318364893198115,36.0073127746582,3512100,108.18957223860328,78.514726237653,60.974401306061665,46.220667231427335,39.83517225846505,17.91,100.0,0.54,7.4
FE,2020-04-15,35.0966298279211,35.35795546390514,34.55022579926296,34.80363082885742,2454200,108.28711583058126,78.79002387926126,61.20037838103018,46.38586993918768,39.98354015438918,18.29,100.0,0.5,7.24
FE,2020-04-16,34.8353015915832,35.60343414198063,34.352247387858355,35.52424621582031,2752700,107.19553172274065,78.91066716380247,61.27110259370795,46.44877611454156,39.981026403210365,18.66,100.0,0.48,7.2
FE,2020-04-17,36.21318481649786,36.712077126636125,35.47672574656884,36.593292236328125,2451700,107.29599213589806,79.12247869685068,61.45114605536804,46.558007694670636,40.08176126226039,19.01,100.0,0.48,7.1
FE,2020-04-20,36.28446085669748,36.28446085669748,35.09662384998545,35.23124694824219,2836900,107.77883466860385,79.44815458117188,61.69652873177435,46.76605529369329,40.26258545725941,19.34,100.0,0.44,6.93
FE,2020-04-21,34.66108315988364,34.79570323320366,33.75832754568276,34.2097053527832,3796200,105.58601359324753,79.64147529836366,61.85043965970197,46.89549806563605,40.37325475504693,19.67,100.0,0.38,6.82
FE,2020-04-22,34.89864826685811,35.27875571656898,34.1859449106343,35.017433166503906,2465200,104.93501187085089,79.81566297699419,61.96957802601977,46.924519739339075,40.43718076503491,19.97,100.0,0.35,6.75
FE,2020-04-23,35.199575943152915,35.350034232807516,33.87711563630284,34.07508850097656,3190600,104.53869370295916,79.95105773238497,62.112710429703796,47.027089530931946,40.53136326764749,20.26,100.0,0.28,6.65
FE,2020-04-24,31.667738679142257,34.28889730166334,31.153008056521134,33.51284408569336,5716700,99.07761256823962,79.98388580423091,62.16227599135483,47.06661130411361,40.56114922857346,20.54,100.0,0.21,6.62
FE,2020-04-27,33.73456779705604,34.748190703961406,33.60786531129606,34.4551887512207,4457800,97.44729380061979,80.22917805656377,62.32922697773212,47.145835651827554,40.64695367050397,20.8,100.0,0.16,6.53
FE,2020-04-28,34.85113710301753,35.01743658291142,33.615788526139205,33.7662467956543,4192300,80.32519405676695,80.31077097689077,62.39870530038095,47.20617466775822,40.69749779970185,21.05,100.0,0.1,6.48
FE,2020-04-29,34.3047337987119,34.71651767231433,33.4653278616578,33.536598205566406,3153600,66.76135391691534,80.23925691888516,62.38274367433846,47.20521236830357,40.672556997771636,21.29,99.0,0.03,6.48
FE,2020-04-30,33.267360162988474,33.43365967170273,32.166631475311604,32.68136215209961,3106600,63.241292959972704,80.37105224904117,62.497583504101705,47.295056272260474,40.755066237164854,21.51,100.0,-0.05,6.4
FE,2020-05-01,32.37251958002052,32.37251958002052,31.84987140426439,32.340843200683594,3313700,62.44121917130848,80.3459280697094,62.51354453865775,47.27904615512056,40.768672380843675,21.72,100.0,-0.14,6.39
FE,2020-05-04,32.33292549473141,32.72095056726001,31.92114162737652,32.618003845214844,3289900,60.39815449071989,80.38547256941496,62.53123788484763,47.26248681678734,40.7582628215071,21.92,100.0,-0.22,6.38
FE,2020-05-05,32.839742172222266,33.4811723675768,32.81598337255352,33.006038665771484,2805600,59.30225082819675,80.44554562234863,62.56652673555996,47.25955306558575,40.771931600863155,22.1,100.0,-0.28,6.37
FE,2020-05-06,33.069979558662816,33.2298543788922,31.918886341856705,31.974842071533203,3960100,57.61347736808779,80.64328834627838,62.7514185236692,47.38931148154694,40.894668902670084,22.27,100.0,-0.37,6.25
FE,2020-05-07,32.35854220528352,32.56638040177113,31.982836807342785,32.1427116394043,3281000,57.60298713892633,80.6509834189077,62.76017846391699,47.39190455379351,40.873611242550986,22.43,100.0,-0.44,6.25
FE,2020-05-08,32.56637846909279,32.70227008619727,32.07876163245465,32.454463958740234,2609700,52.27540722812041,80.69756842677064,62.78288573878357,47.38339277511184,40.884486746658425,22.58,100.0,-0.5,6.24
FE,2020-05-11,32.262620888695494,32.54239957827496,31.703060460177536,32.31058120727539,2901700,52.29736357328017,80.64879691528813,62.749297157876505,47.38144122892396,40.84519956975394,22.72,97.0,-0.56,6.25
FE,2020-05-12,32.40650492772426,32.61434007073578,31.623121620436635,31.655094146728516,3945300,50.80734693909954,80.69703994575673,62.81880776384368,47.40661906492997,40.88917396027228,22.84,100.0,-0.63,6.21
FE,2020-05-13,31.519198769199377,31.61512243536458,30.951646091130904,31.215436935424805,3772500,50.87864109650052,80.71289120065823,62.83881515104765,47.419733011728255,40.90455742175064,22.95,100.0,-0.69,6.19
FE,2020-05-14,30.895691282361316,32.078760031384604,30.488010352678273,31.9428653717041,4154900,50.495490070994244,80.91187717677785,62.9578585703613,47.5024976654121,40.965322654325064,23.06,100.0,-0.74,6.13
FE,2020-05-15,31.631106661944557,31.926873044798064,30.879699104380123,31.407283782958984,7448100,50.05812936332007,80.951672177536,62.999843055185586,47.54076399491687,40.992197624563346,23.15,100.0,-0.79,6.1
FE,2020-05-18,32.31057649216467,32.9980360855058,32.28659633637417,32.862144470214844,3001900,49.199051200198426,81.59073786181239,63.43462928679669,47.83712877931785,41.23664492161965,23.23,100.0,-0.82,5.89
FE,2020-05-19,32.710257160680655,32.8621395897535,32.23863123693102,32.262611389160156,2477800,42.76839037650576,81.59086814084688,63.48922360540421,47.883647757194396,41.27673376190708,23.31,100.0,-0.85,5.85
FE,2020-05-20,32.5264076345543,32.64631451440708,32.08675415735849,32.198665618896484,3012400,42.296005020580324,81.32915912892186,63.48818636481563,47.86168714332688,41.27456641483845,23.36,99.0,-0.87,5.85
FE,2020-05-21,32.06277071197282,32.55837986909557,31.99881956944946,32.31856918334961,2947400,37.448585850701974,81.3185605553139,63.493845123858016,47.85711191279972,41.27200235641973,23.41,100.0,-0.9,5.85
FE,2020-05-22,32.23863567908658,32.55838226717931,32.158696745044494,32.4864387512207,2802500,35.89798439442956,80.8822909663157,63.50038483957848,47.85643218502225,41.2579238426992,23.45,100.0,-0.91,5.85
FE,2020-05-26,33.117944709601524,33.26982411988148,32.48644081270918,32.542396545410156,2348200,35.611784483123735,80.5462001434178,63.499600075699824,47.854823111158915,41.25293035849494,23.47,99.0,-0.92,5.85
FE,2020-05-27,32.95806593214947,33.07797280177665,32.422488826360315,33.06198501586914,5103700,34.3313544263087,79.58706213643899,63.47210745917722,47.88971453149601,41.18172253701478,23.48,95.0,-0.93,5.87
FE,2020-05-28,33.613555550399845,34.22907168905559,33.3737448202459,34.125152587890625,3658700,34.42685959893993,79.66587566751696,63.68620157641829,48.039386425010896,41.27123805206179,23.49,100.0,-0.93,5.77
FE,2020-05-29,34.005247645041884,34.26104615549428,33.62954224872046,33.78142166137695,4659100,33.93245505094013,78.83245142945171,63.70140105102331,48.00314355553944,41.28426905364841,23.48,100.0,-0.93,5.76
FE,2020-06-01,33.6775087332315,34.33299285816758,33.49365372739421,34.18111038208008,2427100,32.87710336900752,78.68682687317187,63.73364965019286,48.02489394966608,41.295123753576554,23.47,100.0,-0.92,5.74
FE,2020-06-02,34.36495739874299,34.436900903949045,33.79740172462493,34.42890548706055,2844200,31.182413601524235,78.66341259050503,63.744945067981796,48.029731593682726,41.28799728764847,23.43,100.0,-0.91,5.74
FE,2020-06-03,34.70869727549272,35.10039051915,34.51684988830652,34.76465606689453,2927700,30.101189130863602,76.97503444945517,63.7597240010536,48.04180975939028,41.297268629317585,23.39,100.0,-0.9,5.73
FE,2020-06-04,34.54881824315316,34.612766342386934,33.54160899833345,33.861358642578125,3406800,30.273273452470526,76.57049801087341,63.885611572843935,48.12023845822698,41.28186314467157,23.33,100.0,-0.89,5.66
FE,2020-06-05,34.27702528419214,35.06040840571705,34.19708636402144,34.58877944946289,3603600,29.894456748967208,76.2301422747492,63.980799798573386,48.189346196924376,41.32978507172556,23.26,100.0,-0.87,5.61
FE,2020-06-08,34.46888564054634,35.25226905858612,34.26904283851499,35.15634536743164,3009000,29.776707790052782,72.54191225638262,64.03040222017505,48.22994910543583,41.35297074191978,23.18,100.0,-0.86,5.59
FE,2020-06-09,34.87656639617286,34.87656639617286,34.19709904487506,34.285030364990234,2883500,29.683780634021428,71.4356236544842,64.12938767257145,48.28751840547685,41.4303500640994,23.09,100.0,-0.83,5.53
FE,2020-06-10,34.428906168571,34.52482982762516,33.69348636689215,33.77342224121094,2604500,29.41751050511312,60.25284988389373,64.15506246432045,48.30846368148294,41.45315119980156,22.98,100.0,-0.81,5.51
FE,2020-06-11,33.285821237453305,33.285821237453305,32.150715428091196,32.37453842163086,3900500,31.831400194640334,51.90872302506544,64.4740341627287,48.52718670007395,41.64396058110846,22.86,100.0,-0.78,5.34
FE,2020-06-12,33.06997681184915,33.149915740003344,31.790984454965184,32.31856918334961,3934600,30.96372715138339,49.462114755433326,64.46527592063444,48.51631995999728,41.64425294659946,22.73,99.0,-0.76,5.34
FE,2020-06-15,31.583149255022636,32.56637834276068,31.071552264258564,32.350547790527344,4195900,30.816636364632828,48.93382411127574,64.42946949021866,48.5166469890962,41.6195153573856,22.59,98.0,-0.72,5.36
FE,2020-06-16,33.269832848536694,33.381744343299665,32.19068280691139,32.382530212402344,5088900,30.712705964862185,47.77689538412327,64.40666273832056,48.513069953312176,41.61536871719452,22.43,97.0,-0.67,5.37
FE,2020-06-17,32.486436818003284,32.51041697210962,31.82296047640837,32.1746826171875,3825600,30.544839024687633,47.25283446500007,64.4065937799458,48.51602736544902,41.61799390741272,22.26,96.0,-0.61,5.36
FE,2020-06-18,31.974852188714426,32.430493588454844,31.86294069395145,32.382530212402344,3441100,29.162683469172173,45.37879981201416,64.41990460075331,48.518030361261886,41.62306599648605,22.08,97.0,-0.55,5.36
FE,2020-06-19,32.8541487168463,32.8541487168463,31.143495169115877,31.159482955932617,8571000,31.217851926601792,46.144807610044595,64.65669420457411,48.70458695808573,41.7959806519958,21.88,100.0,-0.5,5.23
FE,2020-06-22,31.231424638177668,31.767004792337094,30.799763567546194,31.735029220581055,4596200,31.57383655708409,42.86981756237868,64.72867535902085,48.74359150635656,41.837406243207575,21.66,100.0,-0.42,5.2
FE,2020-06-23,32.09474362635101,32.09474362635101,30.919667399305787,30.999603271484375,3753200,32.24048475266919,43.150062103562014,64.81394828576758,48.79837313475394,41.90149922022751,21.44,100.0,-0.35,5.15
FE,2020-06-24,30.759807332132148,30.871718826504058,29.824544372573037,30.200246810913086,4855700,32.57005865711456,42.320980003431345,64.9215898607349,48.88706366049981,41.979719899618146,21.19,100.0,-0.28,5.09
FE,2020-06-25,30.064351703721723,30.104319654360157,29.568742407214955,30.00040054321289,3710600,32.395784470468534,42.292044066100395,64.86915661813839,48.883490409771866,41.93041450021719,20.94,99.0,-0.21,5.12
FE,2020-06-26,29.84851459080593,30.080332922972303,29.304942042657853,29.45682144165039,6094100,31.90577395195502,41.99547495257972,64.91283065113265,48.921024660275066,41.968703095311575,20.65,99.0,-0.13,5.09
FE,2020-06-29,29.75258891289704,30.368104934692383,29.648669831461902,30.368104934692383,3265600,33.00805994050953,42.04348904029349,65.10844542345338,49.06416055123182,42.07584777904119,20.36,100.0,-0.04,5.0
FE,2020-06-30,30.38408729776345,31.11951012911032,30.248195705188238,30.999603271484375,5988200,30.685264002820716,40.84249251922032,65.2142844366358,49.131389629149396,42.12760291065105,20.05,100.0,0.07,4.96
FE,2020-07-01,31.071553101043897,31.974843277452358,30.89569353658181,31.87891960144043,4357100,31.457212682778817,37.221840259202985,65.3949427812822,49.23893448742535,42.19086649945473,19.71,100.0,0.21,4.88
FE,2020-07-02,32.17468641027415,32.230642142691146,31.782993233996457,31.910892486572266,2897300,31.456043241722053,36.956790577253905,65.39244645639621,49.23608032651568,42.181060905751515,19.36,99.0,0.35,4.88
FE,2020-07-06,32.04678892825894,32.59036154407778,31.79099040897465,32.11873245239258,4223500,31.4970872266096,34.333907824487085,65.40107491560008,49.2401386603409,42.18601873122823,18.98,100.0,0.5,4.88
FE,2020-07-07,31.8309528446577,32.302581854685215,31.607129941376282,32.1746826171875,4239300,31.461714757047726,33.52903309718183,65.40409314838983,49.233464541305885,42.18462014703275,18.58,100.0,0.66,4.87
FE,2020-07-08,32.11073018452105,32.54239123725413,31.87891492229764,32.47844314575195,4635600,31.58342950066939,33.41616687959169,65.40284792582628,49.24252455538701,42.19548524064054,18.14,99.0,0.8,4.87
FE,2020-07-09,32.27860287495507,32.31857081637254,31.735030333473663,32.1267204284668,3781500,31.36299591390562,32.635857263422835,65.40649419806373,49.25527640251065,42.20906060840057,17.68,100.0,0.9,4.87
FE,2020-07-10,32.12672515624896,33.053995560640885,32.07076942015833,32.990047454833984,2784900,30.931596926120424,32.449595273412044,65.56704514724069,49.36138438347991,42.292735814891294,17.19,100.0,0.95,4.8
FE,2020-07-13,32.918098983520025,33.16590509851265,32.49443331696473,32.64631271362305,2663300,30.940614781384955,32.19753187843304,65.57998237254552,49.37433516067199,42.303579548391305,16.66,100.0,0.94,4.79
FE,2020-07-14,32.630334023109164,33.07798301871174,32.45447137316541,32.710269927978516,7743700,30.715022469846883,31.550280553805376,65.57936594360822,49.3750075551893,42.29116451693267,16.1,99.0,0.87,4.8
FE,2020-07-15,33.277816951768195,33.39772077708205,32.62233294877195,32.63032531738281,4429000,30.604967988914677,30.642989261066738,65.5785935695673,49.37178115355959,42.286048901053555,15.5,98.0,0.69,4.8
FE,2020-07-16,32.61433411488535,33.117938666661445,32.502422669903595,33.00602722167969,2647100,30.665968423648188,30.180877769055375,65.56261448134012,49.36135189009528,42.29977362307886,14.86,96.0,0.55,4.81
FE,2020-07-17,33.15791624084661,33.85336831489227,33.05399713343687,33.68550109863281,3370500,30.397094377819496,30.0865895859071,65.44154921775416,49.41670725180863,42.343696991267386,14.22,95.0,0.58,4.88
FE,2020-07-20,33.50164043460166,33.58957173760815,32.96606329717456,32.98204803466797,2761600,30.281240656446478,29.879005565095923,65.49446915442286,49.4712793531211,42.378311498088834,13.52,95.0,0.64,4.85
FE,2020-07-21,33.28580254318879,33.29379795953023,26.858860015715337,27.37845230102539,41029600,61.09300284065571,48.30677179383785,71.46588777675522,54.1050408000603,46.28462998755472,12.88,100.0,0.63,5.31
FE,2020-07-22,23.18975914943629,23.741325715156215,18.265632582907234,21.654966354370117,135941100,89.5910674600489,67.27123660573103,80.20361660591956,60.7088989121344,51.84785102730037,12.34,100.0,3.01,6.51
FE,2020-07-23,22.15057371701885,23.02188838786592,21.551045357702765,21.902769088745117,53410400,89.92470085199088,67.33270573410906,79.55520618940118,60.73067011207088,51.85726349843135,11.83,99.0,3.75,6.74
FE,2020-07-24,22.334425860123524,24.101035014011295,22.246494563434013,23.56545639038086,38414300,92.99053339794897,69.31890934047193,80.42294094799655,61.37953201351385,52.3902114376116,11.3,100.0,3.45,6.5
FE,2020-07-27,23.78128623302758,24.268903010072687,22.5822297843035,23.405582427978516,21554400,92.96015449547448,69.19456834087208,79.86508944586689,61.37732618412738,52.38973683170488,10.77,98.0,3.24,6.67
FE,2020-07-28,23.18176109940782,24.188968833584987,23.08583589986171,23.293672561645508,15827800,92.91177001440627,69.1871442162737,79.77461286995032,61.37408452078327,52.37963518823027,10.19,97.0,2.97,6.74
FE,2020-07-29,23.509501805619937,23.765300290567218,22.71812467105957,22.893985748291016,13114200,92.85882080659678,69.16644299663616,79.78646980277998,61.398988617070415,52.40302992429431,9.56,97.0,2.69,6.74
FE,2020-07-30,22.718128887947984,23.413582482081285,22.58223572701065,23.07784652709961,10784000,93.02212535522123,69.12898638561595,78.90512943454395,61.40132097074862,52.40230986782461,8.97,94.0,2.28,7.23
FE,2020-07-31,22.94194819172192,23.341633689663563,22.68614819230876,23.181758880615234,16410200,92.99197959227092,68.95049516288982,78.51177878242811,61.39893527531199,52.394573670593225,8.34,93.0,1.96,7.38
FE,2020-08-03,23.101824607519827,23.413580374954325,22.76608868275302,23.333642959594727,8256100,92.75630155121452,68.95949950403198,78.3043264083984,61.37961761566847,52.40061968140138,7.67,92.0,1.61,7.54
FE,2020-08-04,23.389599021975638,23.909189942103296,23.229724189007403,23.693359375,8252300,92.68172203805375,69.02160458281165,76.37380148384078,61.41568372671319,52.39972582589944,7.11,91.0,1.31,8.55
FE,2020-08-05,23.89319821149392,23.89319821149392,22.909972267605905,23.13379669189453,8269100,92.68764290101626,69.12706390656844,75.59751352367924,61.45894187029646,52.43886155711587,6.56,90.0,1.02,8.85
FE,2020-08-06,23.0608711308698,23.822544773743466,22.963637118464426,23.6442813873291,6547700,92.99319276030698,69.28068470284252,69.91578353591757,61.525647541515994,52.48849219392241,6.28,88.0,0.91,10.59
FE,2020-08-07,23.4579172162755,24.025119799114734,23.433607938029724,23.85495948791504,9346500,93.12375694236775,69.3104783598535,65.19944342206426,61.53746112322725,52.47124261261421,6.15,73.0,0.65,12.38
FE,2020-08-10,23.9846030942238,24.624731891919986,23.976500002416664,24.357336044311523,9298400,93.42507305700425,69.27470406181297,64.25955731829264,61.583032464683555,52.51862407073583,6.03,59.0,0.47,13.44
FE,2020-08-11,24.454573603049276,24.56801380662517,23.790135475521563,24.227691650390625,11447800,92.77346025839235,69.22687812808988,64.06770034925303,61.58330234211514,52.513375594263046,5.92,56.0,0.33,13.7
FE,2020-08-12,24.227692131802264,24.47888182135733,24.025119452530493,24.203384399414062,5568800,92.4153457135511,68.45581161244961,63.621858105144945,61.54951830902922,52.50991720303661,5.81,47.0,0.24,14.28
FE,2020-08-13,24.162863427876864,24.495082422506453,23.83874752403172,23.984600067138672,5798300,91.77516831866417,68.40497995720838,63.43879566742214,61.54212252183893,52.498320930535726,5.7,40.0,0.19,14.54
FE,2020-08-14,23.984606048172317,24.114252442040257,23.676694703605772,23.765827178955078,3809400,91.72150639836667,68.4075448209896,62.516419152846716,61.54573310155541,52.482861955457004,5.61,28.0,0.07,15.29
FE,2020-08-17,23.67669040338501,23.830646047706466,23.36878066024874,23.449810028076172,4853000,91.59510037069322,68.40360300921874,62.54292587842172,61.558063372995086,52.47723109119802,5.52,29.0,-0.04,15.22
FE,2020-08-18,23.384988980133254,23.62807556032525,23.2229302296674,23.401193618774414,4098300,91.55750874053919,68.37206364964463,60.95466019275685,61.55806571132442,52.464345372211305,5.47,12.0,-0.2,16.64
FE,2020-08-19,23.417398000710698,23.457913457962466,23.085178978779503,23.206722259521484,5462700,91.36476352757263,68.35798199369903,60.9610884332843,61.56169880882807,52.46790628675703,5.41,12.0,-0.34,16.61
FE,2020-08-20,23.06086905350289,23.29585406241038,22.85829640948193,22.979841232299805,6680500,91.36560354588545,68.21580521107784,60.428616677220006,61.56143146145594,52.455917903454576,5.37,8.0,-0.48,17.09
FE,2020-08-21,23.04466906027062,23.052772153125098,22.623317504879374,22.777273178100586,7311900,90.67025979653812,67.76290984739092,60.42443068717988,61.548759777315276,52.45661427030625,5.33,7.0,-0.61,17.1
FE,2020-08-24,22.890712138370972,23.00415234113168,22.61521317837481,22.939329147338867,4674100,90.84453164871948,67.8179758104362,60.28655157447581,61.55376930368456,52.445494543850046,5.29,5.0,-0.73,17.41
FE,2020-08-25,23.012251654515424,23.06086865549953,22.607106373465836,22.63951873779297,4907800,90.75174488318555,67.72435067993311,60.090357473360335,61.56535726173706,52.44727791890287,5.25,4.0,-0.83,17.53
FE,2020-08-26,22.501771807501058,22.825887759639595,22.226272861806606,22.69624137878418,6497500,90.80959830269897,67.6893023097024,59.57522360573317,61.56791141986323,52.44835218932761,5.23,3.0,-0.92,18.41
FE,2020-08-27,22.7691707611084,22.931227986487535,22.639524362602298,22.7691707611084,3938300,90.65518391173426,67.63412072279344,57.856946456241,61.572064884425046,52.44937732910926,5.25,1.0,-1.02,20.37
FE,2020-08-28,22.866402861133597,23.052770895606425,22.68003637216762,22.939329147338867,4403500,90.32606209156229,67.57717621397464,57.809857496630016,61.58269970142468,52.44602212129303,5.27,1.0,-1.11,20.56
FE,2020-08-31,23.01225451587689,23.26344418861891,22.890711225550547,23.166210174560547,4799600,90.52412848823494,67.41732471553607,56.774074071058834,61.60068338636844,52.457990642122034,5.31,1.0,-1.18,21.94
FE,2020-09-01,22.947432163836357,23.21482803053546,22.688139389522906,22.898815155029297,5492400,73.9078894056364,67.25377979666936,56.45005714302314,61.60704196990038,52.44992165769976,5.37,1.0,-1.25,22.3
FE,2020-09-02,22.915020881362203,23.741516196574736,22.8745054202445,23.61186981201172,7339600,28.905617088415053,67.58811988243399,56.67584131609635,61.710807452810535,52.544132461779135,5.41,2.0,-1.32,22.12
FE,2020-09-03,23.854957140664574,24.28441019553478,23.53084119014741,23.814441680908203,6132700,28.84482603654951,67.62943115137972,56.37824335537758,61.72451560116103,52.55161537035748,5.47,1.0,-1.38,22.53
FE,2020-09-04,23.93598775292868,24.17907434201523,23.563253231421545,23.822546005249023,6115400,19.666183762441143,67.21034864945678,56.178384071882924,61.718984929725906,52.54951010170311,5.52,1.0,-1.43,23.04
FE,2020-09-08,23.903571770689414,24.065630502591645,23.55514657895424,23.603763580322266,4193400,19.755102180565597,67.21179434860115,56.04932082251858,61.71901136579182,52.55043982903447,5.58,1.0,-1.49,23.14
FE,2020-09-09,23.78203165769244,23.911678042255456,23.563252804177292,23.61186981201172,4385800,19.696469842362553,67.20937003035519,55.79278290312632,61.71727022024004,52.55042371170225,5.65,1.0,-1.55,23.48
FE,2020-09-10,23.579459706736362,23.871163308133575,23.239137550517235,23.538944244384766,4513000,19.001317296419323,67.19839892492804,55.53301268073321,61.712953905334146,52.51318083517595,5.71,1.0,-1.6,24.14
FE,2020-09-11,23.514637484024313,23.798239550175524,23.49843129841409,23.765827178955078,2635600,19.058389565527538,67.26723777190846,55.42420638723965,61.72771864650053,52.52490056116249,5.78,1.0,-1.64,24.54
FE,2020-09-14,23.782030625141175,24.211483675795428,23.725310527545837,24.033220291137695,3526700,19.263349895689778,67.30890829626006,55.307107486822545,61.74819718025376,52.53953348724528,5.85,1.0,-1.67,24.71
FE,2020-09-15,24.098042954150678,24.203381600675108,23.63617754609959,23.78203010559082,3535600,19.4854533004456,66.95684697244604,55.1895473565601,61.75534750270148,52.543743129520735,5.92,1.0,-1.71,25.03
FE,2020-09-16,23.644281662982397,24.32492593978226,23.619972386844264,24.11425018310547,2886100,19.396385338417012,66.89853297738966,55.21854592228635,61.78372454417541,52.55133182057872,5.99,2.0,-1.73,25.12
FE,2020-09-17,23.895472079193155,24.26010350509661,23.425503544421385,24.14666175842285,2988200,17.953238377638456,66.7927014473485,54.999641746330354,61.78280997022101,52.551797587016424,6.06,1.0,-1.76,25.43
FE,2020-09-18,24.065635173881407,24.130458370123563,23.457917129546086,23.466018676757812,6810100,18.897509232977892,66.82927210304985,55.08038887427874,61.81577835773546,52.619991571621036,6.13,2.0,-1.78,25.22
FE,2020-09-21,23.247242215336843,23.50653500989715,23.00415406130633,23.198623657226562,3870300,18.963179660530212,66.8440750133286,55.09212865952272,61.824548706369,52.61210929066491,6.19,3.0,-1.79,25.18
FE,2020-09-22,23.198618527732418,23.360677261252953,23.093281432798705,23.150001525878906,3733200,17.804774879222133,66.78155979479737,54.9779799007014,61.82223184845655,52.60324029053427,6.26,1.0,-1.81,25.53
FE,2020-09-23,23.19861708696427,23.384985082590344,22.120930748851144,22.34781265258789,9369500,20.278083354101813,66.69052885505482,55.19905407797822,61.941937443062415,52.68344374184356,6.32,6.0,-1.82,24.96
FE,2020-09-24,22.428844235509153,23.00414982428885,22.347814865756703,22.81778335571289,6268500,21.391106323579585,66.6943337659074,55.30261291138502,62.00253736955067,52.72397803663517,6.38,8.0,-1.82,24.81
FE,2020-09-25,22.76106605341264,23.279651610650163,22.655727396156973,23.174314498901367,3314600,21.86202830397516,66.47884109128952,55.33175865700739,62.03305128366776,52.753130595116204,6.44,10.0,-1.83,24.77
FE,2020-09-28,23.393092764264924,23.40929740338548,23.036564429996638,23.052770614624023,3233000,21.76667533349319,66.46581004142166,55.14754132329477,62.03328658255466,52.75247480377397,6.5,5.0,-1.83,25.27
FE,2020-09-29,23.117594396766872,23.279651610650163,22.785375330973224,23.174314498901367,2530200,21.515184418746397,66.45684880404481,55.14762881757813,62.037126570611875,52.756944638024436,6.55,6.0,-1.83,25.27
FE,2020-09-30,23.279645359155197,23.48221798124079,23.0770727370696,23.263439178466797,5065600,21.543276732593924,66.46792068013205,55.12066433733569,62.0340983448462,52.75752829148408,6.61,5.0,-1.82,25.3
FE,2020-10-01,23.336369714621018,23.514634643787733,23.052769228231675,23.303958892822266,2805900,21.409689750910516,66.41359560280816,55.12622417116566,62.02209118205524,52.74858988393141,6.66,6.0,-1.81,25.32
FE,2020-10-02,23.150003983517916,24.11425030476702,23.012254509053758,23.919780731201172,4010300,22.461041894358413,66.7177522199792,55.25143272147762,62.10572728450347,52.81130189681142,6.72,12.0,-1.8,25.3
FE,2020-10-05,24.03322328918838,24.341134636697724,23.838753696527874,24.235795974731445,2878500,22.49781529740408,66.50435366349984,55.2793499404771,62.12589752921346,52.81873233448289,6.77,13.0,-1.79,25.38
FE,2020-10-06,24.26820861617162,24.932646784861607,24.16286995303377,24.640941619873047,5304200,22.84720893506453,66.64262196069063,55.212791795321515,62.16108388855667,52.84991105375199,6.82,11.0,-1.77,25.48
FE,2020-10-07,24.778691690475792,24.93264736955314,24.608531370580035,24.76248550415039,3910600,22.3745234735739,66.65800912559702,55.17747586341726,62.1437929526058,52.84941789958262,6.87,9.0,-1.74,25.66
FE,2020-10-08,24.85161416410208,25.410715142346888,24.794894066187215,25.34589195251465,3400200,23.13338427527674,66.90234072601768,54.803101654111394,62.20368273534748,52.90492136422833,6.92,1.0,-1.71,26.31
FE,2020-10-09,25.41070963054838,25.58897297754352,25.16762156227527,25.29726791381836,4404700,23.190165678545867,66.82475205563955,54.74445712341205,62.20103800805019,52.90395736253423,6.97,1.0,-1.68,26.52
FE,2020-10-12,25.22434846349753,25.54846597543812,25.183834547258378,25.329687118530273,5462700,23.168067671887947,66.63625532192448,54.747590411014315,62.20232016399435,52.904544889712454,7.02,2.0,-1.64,26.53
FE,2020-10-13,25.167628438022998,25.459333581441445,25.013674319447123,25.370201110839844,4297000,23.088985664913572,66.56068102119728,54.74259802298428,62.19049802642335,52.89851742261733,7.07,1.0,-1.6,26.53
FE,2020-10-14,25.426916567627547,25.67810774880437,24.60852447897584,25.467432022094727,4531700,22.66813694496574,54.72915138433222,54.738229332156195,62.18776257740809,52.89833892098945,7.12,1.0,-1.56,26.53
FE,2020-10-15,25.281074980283723,25.678117308842726,25.240559510732517,25.532264709472656,2823400,21.15954684175729,25.115826870475967,54.73997192484102,62.18982296406219,52.896814454604026,7.16,2.0,-1.51,26.53
FE,2020-10-16,25.580876468602874,25.92119861533513,25.386406891256847,25.678112030029297,3910500,21.10616778651283,25.059336669011824,54.677457044142365,62.19720493873875,52.8957088401336,7.21,1.0,-1.45,26.61
FE,2020-10-19,25.68621396786401,26.058946921315542,25.58087531892736,25.710521697998047,7021900,21.099620884686864,20.297101253170688,54.40606765835838,62.168465212598825,52.891643067298986,7.25,1.0,-1.4,27.03
FE,2020-10-20,26.131875660763274,26.2696235991644,25.75103957960905,25.791553497314453,5675300,20.802578827067588,20.226487588596125,54.40157543071611,62.17148256611477,52.89219364685022,7.3,1.0,-1.34,27.11
FE,2020-10-21,25.653802780060122,26.212902235948196,25.645699687807234,26.196699142456055,8604900,21.10324265469094,20.381209895962368,54.43083010636125,62.19570519050861,52.9196461233248,7.34,3.0,-1.28,27.07
FE,2020-10-22,26.229112758448547,26.958375726752237,26.131878726346105,26.763904571533203,6097900,21.63086229515375,20.363049336520547,54.54299635944976,62.25889251518497,52.96848034821474,7.38,4.0,-1.22,26.9
FE,2020-10-23,26.861133820622186,27.023189462950153,26.601841083681546,26.982675552368164,4412400,21.603957435506548,20.364677113197192,54.53463972644398,62.270783540559385,52.97688075350416,7.42,4.0,-1.18,26.91
FE,2020-10-26,26.77200569957595,27.079913942688258,26.528919105692747,26.998886108398438,7173200,21.5254818337245,20.364892142940402,54.40296757687393,62.269105485458496,52.97530218381458,7.46,2.0,-1.12,27.34
FE,2020-10-27,27.047505294828454,27.233871790855545,26.804418695271977,27.055606842041016,5270000,21.09926648181878,20.34805169754659,54.2770057953905,62.2674975687589,52.95706605975249,7.5,1.0,-1.07,27.52
FE,2020-10-28,26.73959106229409,26.788209613354024,25.564669018626958,25.734830856323242,7772400,26.11595057271603,22.842169179183262,54.71377922063404,62.52324262739485,53.17564803831577,7.53,9.0,-1.06,26.25
FE,2020-10-29,25.678114637536755,26.172390950584592,25.1676305928474,25.775348663330078,8632800,26.115404326874657,22.226405682083918,54.60479134485905,62.50830381134773,53.172010647090126,7.57,8.0,-1.01,26.62
FE,2020-10-30,24.843508349268223,25.507946358601167,23.960291518665187,24.08183479309082,20289700,31.979918749347025,26.05800488304401,55.54363589013911,62.97812903746121,53.573274814076356,7.59,37.0,-0.94,24.52
FE,2020-11-02,24.34923291187708,24.91643697337614,24.081837064714776,24.251998901367188,7242900,31.80946954717839,26.035005699115484,55.214890359342995,62.98779515675863,53.57990909207716,7.61,29.0,-0.83,25.42
FE,2020-11-03,24.600423925946835,24.721967210874073,24.276306438798578,24.405954360961914,4528600,31.820846796458714,25.713252832418927,55.23400934140471,62.99735932622398,53.58288704078482,7.63,31.0,-0.72,25.42
FE,2020-11-04,24.22768899180812,24.46267401115179,23.530840116371994,23.54704475402832,6083500,31.877876107946655,26.724574902740162,55.47824010342287,63.115916864746154,53.67695884519426,7.65,38.0,-0.59,24.75
FE,2020-11-05,23.94127843061361,24.622968294451645,23.916640038259448,24.13839340209961,5825700,32.10554347806254,27.221486740672475,55.65228354702353,63.20190706272514,53.7401289419809,7.67,41.0,-0.45,24.53
FE,2020-11-06,24.171245429783426,24.50798368446258,23.81808053669786,23.875572204589844,6045500,32.04508315161631,27.25063449380029,55.664104325637254,63.182375888660204,53.74403105921224,7.68,42.0,-0.3,24.48
FE,2020-11-09,24.68045790205964,25.50998431679732,24.13017806521506,24.245162963867188,8229300,32.252080972625414,27.364582549619136,55.72053780357502,63.103089715551555,53.771008298073156,7.7,43.0,-0.14,24.41
FE,2020-11-10,24.40121208429415,24.53262362492313,23.908425464689934,24.07268714904785,8517400,32.33264102726339,27.260562650988508,55.43207535385986,63.09521678476352,53.76361784734398,7.71,38.0,0.04,25.14
FE,2020-11-11,24.08089889357733,24.483342108754293,23.941275609411417,24.466917037963867,5508300,32.61701135372415,27.44634639727781,55.4132957005105,62.942647166952796,53.78815334526503,7.72,37.0,0.24,25.16
FE,2020-11-12,24.31908339369912,24.384788384445287,23.670245239366505,24.089115142822266,8673300,32.99755234611791,27.587886938788937,55.35189551311019,62.82330836666328,53.78544597033162,7.74,37.0,0.45,25.33
FE,2020-11-13,24.319081544474344,24.434064877904156,24.056261601474528,24.236949920654297,3894600,32.1815743699675,27.523438159597873,55.23846747980523,62.38439804957753,53.790665986507506,7.75,32.0,0.65,25.72
FE,2020-11-16,24.59011831277409,24.59011831277409,23.136393533425387,23.407426834106445,11704600,33.512238507585764,28.416200757096487,55.476827090263214,62.41682953990062,53.88661476730627,7.75,42.0,0.86,25.1
FE,2020-11-17,23.40742111928714,23.859142654626186,23.31707618560722,23.604536056518555,7713400,33.21824407156886,28.43036208128091,55.44498087948004,62.059871511160004,53.894782989996685,7.76,42.0,1.06,25.3
FE,2020-11-18,23.703096422823744,23.933063086842672,23.34171822239776,23.448488235473633,7562500,33.195003606990134,28.328014235455285,55.200576644719966,61.984892724459996,53.89413925417615,7.77,28.0,1.32,25.6
FE,2020-11-19,23.432065081592786,23.87557337458634,23.25958850293435,23.850934982299805,5780900,32.83072754495747,28.525469620007733,55.16538885259882,62.01339215389604,53.915281027601125,7.77,25.0,1.65,25.66
FE,2020-11-20,23.317078655177156,23.36635856960207,22.430060560424344,22.996767044067383,23115000,34.314534986430765,29.52548198453877,55.20420504881687,61.467789052143104,54.02624873044027,7.77,30.0,2.05,25.25
FE,2020-11-23,23.03783348292233,23.111751792553438,22.733948491354905,22.758586883544922,5827100,34.349816848228485,29.56419920449635,55.21147434368464,61.20747662347079,54.00675819201452,7.77,31.0,2.5,25.17
FE,2020-11-24,22.82429251889926,22.914635897500432,21.87156785172221,21.896207809448242,14354200,35.773239392042036,30.519192867674494,55.47012718850176,61.1841608849099,54.12168671697841,7.77,47.0,3.0,24.44
FE,2020-11-25,21.87978236832061,22.002980597162225,21.493765742004456,21.814077377319336,7620900,35.679751023992154,30.44427503318609,55.462935714424944,59.7534056402528,54.12098259201395,7.77,47.0,3.56,24.43
FE,2020-11-27,21.83050463022316,22.060472888455877,21.756586317453024,21.94548797607422,2388000,35.75877083987284,29.76736337595907,55.44487460014105,59.17660216390378,54.126533779562436,7.76,46.0,4.23,24.44
FE,2020-11-30,21.84693065608525,22.101537300398856,21.59232401177164,21.814077377319336,8524800,35.613845033553346,29.712842793563592,55.434671364016566,55.0725011203263,54.127919586471805,7.75,46.0,5.0,24.49
FE,2020-12-01,21.731941859125353,22.34792662701254,21.575893512495732,22.315074920654297,9232000,36.49576382845579,30.121558984990777,55.38477232220399,51.86068042803868,54.18474062538022,7.75,43.0,5.91,24.57
FE,2020-12-02,22.257584167529895,22.4546991133106,22.052255903192037,22.43827247619629,4078900,36.54632337707007,30.102886623219444,55.39465191731189,51.12776735142058,54.1859074973105,7.74,44.0,7.05,24.63
FE,2020-12-03,22.43827317906541,22.939274661033146,22.216518270666867,22.914634704589844,5808700,36.83968097493672,30.433768740963057,55.52700072642409,51.05821376610735,54.222971041670235,7.72,55.0,8.48,24.46
FE,2020-12-04,22.914637799748327,23.883787619332445,22.873572766659752,23.77701759338379,7880300,38.042459987140525,31.37941622740782,55.89793383780383,50.94254959796696,54.35880894250328,7.71,62.0,10.31,23.95
FE,2020-12-07,23.752372402493922,24.28622554772491,23.65381415164454,24.20409393310547,8768600,38.41044213555057,31.529484102901,55.949295903905806,50.850246149814446,54.39425209318449,7.69,63.0,12.26,23.88
FE,2020-12-08,24.023411175764444,25.0007743254754,23.99055789572614,24.852937698364258,7772200,39.3761746188725,31.9075140148865,56.022476999077384,50.32179225110088,54.466273052310896,7.67,64.0,11.2,23.77
FE,2020-12-09,25.00898497651753,25.526411549655972,24.9514917425862,25.1650333404541,9564600,39.60179181125256,31.914769315272707,56.000510212890255,50.34568845985896,54.48452822445897,7.65,64.0,0.57,23.98
FE,2020-12-10,25.214315133261216,25.321085156882372,24.696886955053323,24.820083618164062,4980900,37.12943195914789,31.939806981793534,47.691665620161615,49.31416813098501,54.49769744223417,7.64,1.0,0.45,35.17
FE,2020-12-11,24.72152752451058,25.255380788855057,24.71331420456305,24.951494216918945,4884400,37.16907582289366,31.95453707800556,29.538711795256624,49.3200026364779,54.50178320874075,7.89,1.0,0.43,3.27
FE,2020-12-14,25.21431501082991,25.52641332696372,24.894001808460633,24.926855087280273,3878400,31.30320394259478,31.374896048599048,29.497762997643594,48.97520594113046,54.5005460865868,8.12,1.0,0.42,3.29
FE,2020-12-15,24.992559073064825,25.79744557340285,24.86114909613333,25.78923225402832,4551100,32.68954388740285,31.981250489751883,27.667226891605658,49.141846949492205,54.601167115456875,8.36,1.0,0.27,2.21
FE,2020-12-16,25.830297233827057,26.035625505744505,25.329295749058762,25.38678741455078,5221700,33.06155314680221,32.17297555115785,27.766562483617868,49.047268350968295,54.6186562675659,8.56,2.0,0.16,2.12
FE,2020-12-17,25.567479270433324,25.73174253732637,25.041839322824554,25.050052642822266,3767400,31.47110146565357,31.406606476851806,27.843693831003247,48.93836230191083,54.627292457744126,8.73,3.0,0.09,2.05
FE,2020-12-18,25.00076984822677,25.329294757123044,24.73794992110975,24.918638229370117,9010500,30.782030874878107,31.189902472796316,27.710427744385747,48.55872664793191,54.62559073798269,8.88,2.0,0.06,2.17
FE,2020-12-21,24.655819766649863,24.705098114278538,24.261589852559617,24.631179809570312,6369700,30.804816046063067,31.163585174307418,27.75633095365093,47.455323507046835,54.633084317301574,9.01,3.0,0.05,2.09
FE,2020-12-22,24.55725532986658,24.713305219070335,24.39299369023161,24.59832191467285,4139600,30.50889728965795,31.140207327980256,27.751218294678885,47.394604695300046,54.62846402437176,9.12,3.0,0.04,2.08
FE,2020-12-23,24.78723117383806,24.869362802330357,24.056262969970703,24.056262969970703,4820400,31.14666150434402,31.491959240055,27.97037855196598,46.772865853509224,54.665876465259004,9.2,7.0,0.04,1.89
FE,2020-12-24,24.138392006763148,24.434065230165825,23.982343642438803,24.37657356262207,1935900,31.021772532418606,31.591533373795112,27.944034832247123,46.60622000718858,54.686071904580935,9.3,7.0,0.03,1.9
FE,2020-12-28,24.45049004102927,24.95148993970157,24.21230850297217,24.327293395996094,4125400,30.682597435255595,31.596058706824557,27.67661032347152,46.56527657129931,54.68603229647092,9.4,2.0,0.04,2.1
FE,2020-12-29,24.384785713922287,24.713310631674396,24.24516242806134,24.40121078491211,4872200,30.64501689770757,31.155727764844244,27.468050236692694,46.36707823884195,54.686801218035356,9.6,1.0,0.03,2.19
FE,2020-12-30,24.44227833375956,24.762589945267287,24.409425057435467,24.729738235473633,2667200,28.99410055865192,31.160132473991492,27.513015803166518,46.24777832323553,54.70630747441797,9.85,2.0,0.0,2.17
FE,2020-12-31,24.614752767459876,25.165032600960107,24.532622711603747,25.14039421081543,2740000,29.246446743009418,31.157708035806376,27.438833547524826,46.22279144795992,54.69743360356826,10.1,1.0,-0.05,2.21
FE,2021-01-04,25.14039464961398,25.18145967825879,24.105539949154387,24.236949920654297,5216300,31.245175349168804,32.04582983942243,28.044835050325474,46.250410362526914,54.80946211206464,10.31,13.0,-0.05,1.9
FE,2021-01-05,24.22873756915577,24.557262511024664,24.0234092846714,24.507984161376953,4482700,31.03017660401473,31.75812844657842,28.09973786560932,46.08208628254843,54.82331836471531,10.51,14.0,-0.06,1.89
FE,2021-01-06,24.491558025529887,25.025411262844628,24.475131386466536,24.885787963867188,7262200,29.184231976116248,31.922249299550092,28.16286456937998,46.01138285098058,54.84949621573235,10.69,15.0,-0.1,1.9
FE,2021-01-07,24.951495174843974,24.99256177615822,24.327298500174063,24.33551025390625,4700200,29.84624424614704,32.23918803186155,28.353834448393734,45.978052090865944,54.887406569497024,10.87,16.0,-0.1,1.77
FE,2021-01-08,24.36014907385258,24.639395683589036,24.253379048497152,24.56547737121582,3207100,27.267057157656737,32.30226394882565,28.305888876195915,45.899162576157636,54.894285982550336,11.03,16.0,-0.11,1.85
FE,2021-01-11,24.557258872251047,25.08290026788482,24.524407166197207,24.803653717041016,5586600,27.21949288109417,32.35785719951908,28.340274040012886,45.885054208635616,54.90507671526842,11.2,17.0,-0.12,1.85
FE,2021-01-12,24.770798755991645,25.082898558145725,24.598323786272406,25.041831970214844,4413900,27.2584702859754,32.41734818573009,28.339217617739404,45.77135005466278,54.914771559537975,11.36,17.0,-0.14,1.89
FE,2021-01-13,25.13218286521089,25.411429463332272,25.058264555912256,25.288232803344727,3194500,27.11860705346855,32.46066474494003,28.32378391465279,45.73892823147192,54.92184589928857,11.5,17.0,-0.16,1.95
FE,2021-01-14,25.29644317221595,25.797444670820145,25.173246518969304,25.666034698486328,4649500,26.763563756311754,32.60650280467608,28.364449667052057,45.775893950724345,54.93716922130596,11.64,21.0,-0.18,1.98
FE,2021-01-15,25.559262868766353,26.068476083774335,25.263589668742156,26.010984420776367,4234200,26.88132895586468,32.71581918561988,28.41494125220969,45.71724402232388,54.95110505774947,11.77,22.0,-0.23,1.96
FE,2021-01-19,26.19988474303768,26.24095133351436,25.477129982480818,25.551048278808594,6089700,27.21754201132558,32.75898368214793,28.485070583629195,45.746426643418026,54.97035599524971,11.89,23.0,-0.23,1.91
FE,2021-01-20,25.46070767443915,25.7728059824653,25.214314355814846,25.731740951538086,4008800,25.35315860846113,32.48101094579633,28.499451804666865,45.74226184739697,54.97336085666321,12.0,24.0,-0.23,1.91
FE,2021-01-21,25.55926269820319,25.830295940906595,25.49355771713965,25.51819610595703,3139900,25.124916103523027,32.46591992850162,28.53818805882608,45.72290100750537,54.960627824772544,12.12,25.0,-0.23,1.86
FE,2021-01-22,25.52641465018796,25.813874588638786,25.296446386121172,25.682464599609375,2895400,24.062443283879663,32.49949472486239,28.532869005180363,45.58948819880291,54.955831580393635,12.23,25.0,-0.23,1.86
FE,2021-01-25,25.551053089512727,26.183463036620093,25.51819981094583,26.167037963867188,3962900,24.383103953670563,32.74045230947606,28.636057860770592,45.644072481301755,54.99223299862401,12.34,27.0,-0.26,1.82
FE,2021-01-26,26.232742585883745,26.388792523822826,25.986347699685638,26.224529266357422,5214400,23.959143102034464,31.07563694012216,28.562406659525063,45.62776845653116,54.9929891146672,12.45,27.0,-0.27,1.9
FE,2021-01-27,25.912429046861586,26.084905621566147,25.24716583935657,25.34572410583496,6183900,26.089028525804224,31.863205913343677,28.72023851843752,45.792077436083474,55.07904792709595,12.54,29.0,-0.27,1.71
FE,2021-01-28,25.337510786417553,25.73995403868753,25.189674169965215,25.34572410583496,3283500,26.08562903004703,28.571501321306673,28.69292777646242,45.73560976170758,55.07446934876133,12.64,29.0,-0.28,1.71
FE,2021-01-29,25.296439656913176,25.534621177751003,24.95970145378607,25.263587951660156,7042400,24.092163587976767,28.554105326503283,28.699474571848405,45.71110167429903,55.0742820146238,12.72,30.0,-0.29,1.69
FE,2021-02-01,25.22252522605563,25.666035063894345,24.820081984237422,25.608543395996094,4870300,23.998497014233376,28.653519572137025,28.72910046611583,45.654165574146205,55.09543369847228,12.8,32.0,-0.3,1.73
FE,2021-02-02,25.723528283374478,26.643398158291753,25.485348278210928,26.20810317993164,5320800,24.520960717340603,27.974326579171077,28.946721339681623,45.7064212743173,55.12960365980465,12.87,33.0,-0.32,1.67
FE,2021-02-03,26.11775636446779,26.75016783738892,26.060264697207767,26.610546112060547,5679300,24.748114676135337,27.70555933752149,29.02621555550631,45.415404996863984,55.1555014817201,12.94,34.0,-0.34,1.67
FE,2021-02-04,26.652111313132476,27.00126407266317,26.40271444624645,26.793434143066406,5397700,24.430280888875952,27.600479616268963,29.009351654846842,45.378746654893995,55.15337821569158,13.0,34.0,-0.36,1.67
FE,2021-02-05,26.893193121656186,27.14259158807229,26.627171050630025,26.83500099182129,4434200,24.40209322025301,27.458001575305673,28.965185799476444,45.379629527326884,55.15313443460433,13.06,34.0,-0.4,1.67
FE,2021-02-08,26.810063656051803,27.24235033430979,26.560668349311953,26.71030616760254,5512300,23.332700976478684,27.428606253579062,28.92035791156069,45.3781608746095,55.153813329070154,13.12,33.0,-0.43,1.71
FE,2021-02-09,26.743553906545877,27.042829513549805,26.5440389493653,27.042829513549805,3660200,23.302994429380373,27.352491218982287,28.904548619813998,45.40005529413184,55.17009406128325,13.17,33.0,-0.45,1.72
FE,2021-02-10,27.192465768690223,27.192465768690223,26.23644846095096,26.394399642944336,5120200,24.613054386414298,27.643464054650895,29.184725321308164,45.482055798066554,55.21409653247215,13.21,39.0,-0.49,1.52
FE,2021-02-11,26.502471908862145,26.544038846126874,25.77091125478469,25.870670318603516,4589700,25.480715187250148,27.975622983708746,28.99579982566427,45.491360315484016,55.24441886201833,13.25,37.0,-0.47,1.6
FE,2021-02-12,25.795850188103625,26.103437581125032,25.770910026933056,25.970426559448242,2494800,25.258183492630522,26.95944534743854,28.930437596625207,45.32595566880416,55.235354923270066,13.28,35.0,-0.44,1.68
FE,2021-02-16,26.095127240158366,26.70199029560004,25.91223746040813,26.54404067993164,5212900,25.578731740966337,27.241028163983756,29.111602593943896,45.39828615599527,55.28217830400737,13.31,41.0,-0.41,1.64
FE,2021-02-17,26.57729031959763,26.627169057777817,26.186570630222597,26.560665130615234,5297100,22.85145255822228,27.183833061496554,28.513317731957727,45.37215566314077,55.28211608419239,13.34,25.0,-0.37,1.96
FE,2021-02-18,26.26138453561911,29.42039817023383,26.26138453561911,28.472694396972656,18824000,29.841222264187227,30.35965112292548,30.33315660257201,46.13113155319664,55.739638096455465,13.34,46.0,-0.06,2.53
FE,2021-02-19,28.264867791533455,28.47269770176532,27.78270087760381,28.289806365966797,6317600,29.854444418699842,29.299485476511204,30.288443580963907,46.117672922186046,55.739184678761944,13.34,46.0,0.07,2.54
FE,2021-02-22,28.472702790617603,28.63065240897995,27.874151527377837,28.165115356445312,3407900,28.90117714230327,29.203945381948955,30.283609987836545,46.022013111599726,55.73926734024675,13.33,46.0,0.13,2.54
FE,2021-02-23,28.3396875702489,28.44776001488644,27.874147415161133,27.874147415161133,4190800,29.199014172982807,28.010760844484427,30.342560281178983,45.95861063953645,55.72060451905047,13.32,49.0,0.14,2.48
FE,2021-02-24,27.89908505295468,28.53920148271918,27.89077008162017,28.472694396972656,4958000,29.57765625890396,28.182283019993754,30.497086077797146,45.98896775624049,55.664542379827644,13.3,50.0,0.19,2.4
FE,2021-02-25,28.464387213683878,28.722094284669755,27.77439035769467,27.857521057128906,4660800,30.505697125933928,28.689510762422554,30.73147920610492,45.96674365644836,55.69209934759007,13.28,51.0,0.17,2.24
FE,2021-02-26,27.99054056540719,28.106928019628672,27.508376654282255,27.549942016601562,4230600,30.73452529766633,28.784103753329553,30.54949451027157,45.95237893498714,55.53708461124489,13.25,51.0,0.11,2.3
FE,2021-03-01,27.965590484664997,28.31474636131194,27.75776058728047,27.77438735961914,3292300,30.56835610972483,28.530907429809023,30.510925228350455,45.70298804085874,55.42459555338777,13.22,51.0,0.04,2.32
FE,2021-03-02,27.716202734818577,27.824275198619844,27.267289274013393,27.275604248046875,3247700,30.96767822494353,28.874015043143153,30.567637179350566,45.74855378314507,55.1031509748701,13.19,53.0,-0.03,2.25
FE,2021-03-03,27.2839148012295,27.400299062500363,26.826689558565416,27.350421905517578,4283000,30.415530354406865,28.63598426165704,30.56250565829136,45.750062826193506,55.028753849516335,13.15,53.0,-0.1,2.25
FE,2021-03-04,27.43355227076679,27.824273575478408,27.200783751142797,27.616443634033203,5488800,30.46100452562235,27.78608209881793,30.38568213183566,45.766755007130485,54.75402436909131,13.11,50.0,-0.18,2.34
FE,2021-03-05,27.815955605704087,27.84920915384935,27.034516251687677,27.608125686645508,5516500,30.304618556861907,27.607223931853568,30.38300093204347,45.762029302497034,54.68522580382261,13.06,50.0,-0.25,2.35
FE,2021-03-08,27.832582222168526,27.91571609206093,27.583186954957068,27.74113655090332,4057200,30.290695645707288,27.147315760202435,30.3893556905252,45.75877507621266,54.67361915905905,13.01,52.0,-0.32,2.34
FE,2021-03-09,28.032102502258663,28.622338753502557,27.965595401211573,28.414508819580078,5601500,30.57292929744641,27.440813403719083,30.609241743220593,45.63224938263639,54.161862216687105,12.96,58.0,-0.37,2.24
FE,2021-03-10,28.489328876226782,28.988119469344433,28.47270210029176,28.722097396850586,3756500,30.660303906494157,27.297161797618102,30.644596897032354,45.597205437076056,53.97122447533364,12.9,59.0,-0.4,2.22
FE,2021-03-11,28.57245751203978,28.896671691171278,28.381254359506666,28.80522918701172,4867300,28.57231952398675,27.290908424335974,30.645033548249273,45.51746910815179,53.81917904318395,12.83,60.0,-0.44,2.22
FE,2021-03-12,28.963175492620127,29.104498304876813,28.647273151202164,29.037994384765625,4095100,28.56314068759159,27.30591028875645,30.656078544278625,45.425157209940345,52.63003717147863,12.76,61.0,-0.46,2.21
FE,2021-03-15,29.187635675378157,29.403777405745533,28.929925422310905,29.304019927978516,2960600,28.495254878123745,26.546679841751995,30.6816553394171,45.432064468561336,52.18854742747643,12.69,62.0,-0.47,2.2
FE,2021-03-16,29.21257351097528,30.659071172452336,29.17100816056283,29.561729431152344,4756800,28.402866375118514,26.316426386612214,30.703124067058944,45.392586505782894,48.82329591092549,12.62,63.0,-0.46,2.2
FE,2021-03-17,29.752935691031816,30.018957766966555,29.179323013170485,29.2624568939209,3474400,28.17218792370654,26.242426264649392,30.67171138921387,45.26333688535196,46.2486150479867,12.53,62.0,-0.5,2.19
FE,2021-03-18,29.229201266357826,29.50353829650642,28.755349279040317,28.788602828979492,4233100,28.52936912459783,26.480726926925215,30.62062385890163,45.23535981768811,45.66075600603497,12.45,59.0,-0.54,2.18
FE,2021-03-19,28.81354041990206,29.420403414978125,28.389568772000384,28.97980499267578,11060200,28.52649036056424,26.33189220365631,30.612202280847157,45.117156135689214,45.54531987854851,12.35,59.0,-0.57,2.19
FE,2021-03-22,28.71378618730935,29.038000396652702,28.53089481948148,28.572460174560547,3089100,28.937651155672768,26.54622759689961,30.703086936847168,45.14555018689708,45.30456607336098,12.26,66.0,-0.62,2.12
FE,2021-03-23,28.55583869591295,28.813549019186443,28.406200852881103,28.589092254638672,3982400,28.871236699542948,26.043456742398547,30.702104357615816,45.137869178169986,45.186796382512675,12.16,66.0,-0.65,2.12
FE,2021-03-24,28.54752116824274,29.07125351384903,28.514267616184153,28.539209365844727,3908200,28.731410629796528,25.96997596841415,29.613955519782387,45.137158493595585,44.69290163650267,12.05,46.0,-0.72,2.39
FE,2021-03-25,28.680524283081944,28.722089626057326,28.173418853578095,28.472694396972656,2754500,27.686529374875818,25.97242259760759,29.618639016282167,45.121678687838504,44.69351415115167,11.94,47.0,-0.78,2.38
FE,2021-03-26,28.48932647705078,28.755348527142072,28.20667765242466,28.48932647705078,3053700,26.858522927098377,25.975617752074097,27.477945789326792,45.10573706054484,43.8618846561931,11.82,3.0,-0.82,1.67
FE,2021-03-29,28.414511736526382,29.237516583455996,28.414511736526382,29.10450553894043,3519800,27.369340031273577,26.16829383884271,27.642634299799646,45.066108122580225,43.91498689395148,11.7,5.0,-0.85,1.57
FE,2021-03-30,28.921609754755732,29.162693200765656,28.589080645001864,28.67221450805664,3303800,27.339301518707305,26.255388588607087,27.76072414719825,45.082953152574035,43.674135186077436,11.57,11.0,-0.89,1.5
FE,2021-03-31,28.76365919154683,28.93823873164358,28.597397795238084,28.838478088378906,3724600,27.348269995950435,24.987114683720836,27.11057175505908,45.08842328695687,43.66701367715102,11.43,1.0,-0.9,1.7
FE,2021-04-01,28.73040719063488,28.80522608323677,28.30643240881329,28.5225772857666,3901500,18.925310861743977,25.08754858047533,26.94032792783418,45.104490063954465,43.57431684794867,11.28,1.0,-0.92,1.8
FE,2021-04-05,28.580776923446624,29.02968722590865,28.505958011164033,28.929929733276367,3358700,19.250766957051244,25.064294187412887,26.936098933632945,45.1160493022499,43.499986288866594,11.13,1.0,-0.94,1.79
FE,2021-04-06,28.880052572576982,28.94655651058733,28.730414748011803,28.929929733276367,5174500,19.1902916255014,24.529861040761844,26.851229729506805,45.04619296312903,43.18252395208344,10.96,1.0,-0.95,1.86
FE,2021-04-07,28.996435828352006,29.245831136826713,28.863424785749935,29.121131896972656,7387900,18.952538195234897,24.504638393466493,26.823743989345182,44.98999304240937,42.31243089454796,10.78,1.0,-0.96,1.87
FE,2021-04-08,29.195952292998474,29.270771206473242,28.838484503200533,29.08788299560547,4979800,18.008674126830066,24.476261337397887,26.72897394506925,39.20341936117325,42.258491725111554,10.6,1.0,-0.97,1.94
FE,2021-04-09,29.146074664035854,29.262458933966926,28.813545460318355,28.904991149902344,1994800,16.843053823675554,24.5011263994628,26.616715524414936,27.512296856527303,41.73385001712309,10.41,1.0,-0.97,2.01
FE,2021-04-12,28.904985183888687,29.04630800499769,28.76365919154683,28.838478088378906,2355800,16.47217298363368,24.470458927561946,26.61569409678118,27.49148904073874,41.58397881358636,10.21,1.0,-0.97,2.01
FE,2021-04-13,28.84679594676918,29.29570937267097,28.71378491367604,29.229202270507812,2899800,16.728771854081824,24.441796583611428,26.024378967057636,26.177319430673503,41.57036991795252,9.99,1.0,-0.95,2.2
FE,2021-04-14,29.14607156403704,29.320647950365565,29.046310910792304,29.229202270507812,2004400,15.652629075482707,24.333779129458343,26.00785873468638,26.160403058555243,41.420420661921796,9.76,1.0,-0.93,2.22
FE,2021-04-15,29.229199221688035,29.578355129158744,29.204260646594715,29.528474807739258,2365400,15.818496909304368,24.036566393926524,26.000541259861016,26.17185525658425,41.300645307662,9.53,1.0,-0.91,2.21
FE,2021-04-16,29.67811096205078,29.836060547641832,29.478592858622328,29.669795989990234,2741200,15.689863680804475,24.022354945464198,25.896636472012148,26.080882457816283,41.249724677593946,9.28,1.0,-0.88,2.3
FE,2021-04-19,29.885944955648725,29.885944955648725,29.495223667389347,29.761245727539062,2003400,15.670038308956743,23.918729279387367,25.144142109797034,26.069957752582297,41.138783403296436,9.01,1.0,-0.84,2.56
FE,2021-04-20,29.74462410496654,30.260044710620672,29.74462410496654,30.1602840423584,4509700,15.970107827393207,24.00788091264627,25.11425661199196,26.105529832611612,40.99358999359402,8.73,1.0,-0.81,2.56
FE,2021-04-21,30.309912500425654,30.650753416835364,30.168589687607497,30.58424949645996,3736600,15.051830328809162,23.892360799322404,24.278797302695622,26.14060898477125,40.916998869532954,8.43,1.0,-0.82,2.75
FE,2021-04-22,30.54268696436838,30.567625540403192,30.135338918812955,30.218469619750977,3369800,15.403793946246406,24.07981963933514,24.375717755823633,26.137576379008078,40.8634431350389,8.11,2.0,-0.88,2.68
FE,2021-04-23,30.26835784038479,31.19943525299693,30.210165700298646,30.509441375732422,6012200,15.570229236461387,22.89031840433212,24.392585748507546,25.9819590923717,40.78787093303862,7.76,3.0,-0.95,2.66
FE,2021-04-26,30.5510037598007,30.692326608742402,30.326547025099046,30.501123428344727,4098900,15.471912743311798,22.8919589359171,24.353888391903407,25.870345902876075,40.75543434895582,7.38,2.0,-1.08,2.68
FE,2021-04-27,30.559314963708157,30.875217380936412,30.426303920333115,30.650760650634766,3890700,15.342296967010347,22.856549723279297,24.156905476410966,25.858486234946625,40.66119939746073,6.97,1.0,-1.16,2.87
FE,2021-04-28,30.758827986708297,31.141234276257965,30.609190191452708,31.107980728149414,3160100,15.687401963380063,22.88201766312866,24.224787565843688,25.804395701533284,40.64130949327854,6.51,2.0,-1.22,2.79
FE,2021-04-29,31.10798335999745,31.423885751289397,31.033167627272867,31.35738182067871,2391800,15.372689083039843,22.527076364574604,24.069741685349584,25.803873650930342,40.64451595031463,6.01,1.0,-1.23,2.94
FE,2021-04-30,31.423887912607107,31.54027217760552,31.182804408691318,31.523645401000977,3680300,14.33799562492026,22.387845897090912,23.454700254447868,25.806247877873695,40.567052662279295,5.42,1.0,-1.18,3.35
FE,2021-05-03,31.590150495383043,32.18870173009018,31.45713946225181,31.856172561645508,5370300,14.46576238842338,22.428249977840814,23.3643828416956,25.797532666595192,40.56762935679914,4.74,1.0,-1.1,3.45
FE,2021-05-04,31.847861690588896,31.906053821083034,31.24099863598341,31.41557502746582,6825500,14.44213331553827,22.69034950002492,23.20022688566946,25.831591588743706,40.5820375378886,3.91,1.0,-1.08,3.63
FE,2021-05-05,31.382318329831325,31.54858290224921,30.93340493567293,31.49039077758789,3918000,14.423617194667699,22.63963541625299,23.143234681837114,25.77053464676517,40.56504158349929,2.82,1.0,-1.07,3.71
FE,2021-05-06,31.624784513188295,31.65838078526372,30.93601127019463,31.431589126586914,3654400,14.42733280901391,22.56895730640585,23.00979324971625,25.77012766533925,40.441548928409844,2.1,1.0,-1.07,3.83
FE,2021-05-07,31.507185382098736,31.72557876712996,31.35599415182939,31.515586853027344,2047600,14.33261543850296,21.868210418386813,23.00509445974206,25.742990904419127,40.4389829158151,2.16,1.0,-1.06,3.84
FE,2021-05-10,31.62479019165039,31.943975661124714,31.591190709319516,31.62479019165039,2085200,14.307999515757244,21.336511548741974,22.99957211900116,25.70722529930512,40.42876254372869,2.21,1.0,-1.06,3.84
FE,2021-05-11,31.549182580005404,31.582778847061356,31.053601593433264,31.246793746948242,3172900,13.949556886429388,21.567313791976613,22.5444905611681,25.72840660446161,40.44403978600927,2.27,1.0,-1.08,4.23
FE,2021-05-12,31.23000271537301,31.28040193633654,30.541229383318992,30.60842514038086,2784400,14.642314979239476,21.74545884691225,22.655609434728373,25.856389469373443,40.44477934892331,2.33,2.0,-1.09,4.14
FE,2021-05-13,30.734431203417927,31.67519452608436,30.66723222111555,31.48200225830078,4194300,16.44364748593273,22.373015564787313,22.90209824102499,25.98592440050702,40.51924135169398,2.39,3.0,-1.09,3.87
FE,2021-05-14,31.42319802988308,31.77598620306607,31.42319802988308,31.5911922454834,2825100,15.903781536097258,17.537112468045592,22.870785668302755,25.986521400349016,40.45490711748351,2.44,3.0,-1.08,3.9
FE,2021-05-17,31.76758504428073,31.859982023986266,31.52399358946126,31.675188064575195,3759900,15.572616732424441,17.454869314142858,22.76074334112496,25.986193111959487,40.420313784960705,2.49,3.0,-1.07,4.01
FE,2021-05-18,31.54078345720392,31.792773102096223,31.456787976980547,31.641578674316406,1996900,15.593544018053834,17.416633148292583,22.759608058703446,25.97982541191839,40.16432515475134,2.54,3.0,-1.07,4.01
FE,2021-05-19,31.607989037656274,31.64158531426245,31.095608169793557,31.414796829223633,2232400,15.826758638908508,17.33225101348794,22.465210280501253,25.98365617424676,40.12876323341224,2.59,1.0,-1.08,4.26
FE,2021-05-20,31.398002038251754,31.952380742429145,31.398002038251754,31.658390045166016,2375800,15.85671597163865,16.907025711018488,22.41630766425314,25.944989041212256,40.135943630101174,2.64,1.0,-1.08,4.33
FE,2021-05-21,31.71718356623556,31.93557699444004,31.599588583766817,31.927175521850586,1920100,15.694475698961499,16.22635238849332,22.422840493481004,25.729315680515075,40.14322313493372,2.69,2.0,-1.08,4.31
FE,2021-05-24,32.044773174451095,32.08677092402953,31.83478122233601,31.851577758789062,2327500,15.69656812885527,16.016247128618307,22.437314588763783,25.72071445495579,40.14044979550936,2.74,3.0,-1.08,4.3
FE,2021-05-25,31.868372068683435,32.002766766965586,31.50718571625847,31.59958267211914,2521600,15.720067264158061,16.110128322660902,22.433507533684,25.745157855028417,40.14773320294546,2.78,3.0,-1.08,4.33
FE,2021-05-26,31.62478602486998,31.750779260675802,31.49878958484158,31.565988540649414,2341200,15.738362152937066,15.563341383826504,22.327036985701234,25.715068672484918,40.11585324804672,2.83,1.0,-1.07,4.49
FE,2021-05-27,31.700382540130473,31.92717100036098,31.549188097161803,31.8095760345459,2870100,15.649578998257827,15.600465075918294,21.4540644144459,25.724635685058384,39.99632677733598,2.89,1.0,-1.09,4.98
FE,2021-05-28,31.826379961970886,31.91037866591041,31.641586017526855,31.84317970275879,2089300,15.639318623506938,15.531317326117936,21.413189412755994,25.718536132569636,39.98432169017736,2.94,1.0,-1.1,5.06
FE,2021-06-01,32.04477219417132,32.04477219417132,31.717182067345842,31.935575485229492,2955700,15.638684097076345,15.521619695122812,21.316544808567294,25.70172794353362,39.967441729478786,3.0,1.0,-1.09,5.23
FE,2021-06-02,32.01956958430167,32.27155926728833,31.792777908346874,32.03636932373047,2958900,15.292824044922842,15.514487482917245,20.940772444365102,25.67728059167709,39.961851081699415,3.06,1.0,-1.12,5.64
FE,2021-06-03,31.86837539784289,32.45635346583435,31.834779122929454,32.313560485839844,2360200,15.005763728490292,14.909154376583603,20.93475306926797,25.650051670683542,39.95926470622278,3.12,1.0,-1.14,5.65
FE,2021-06-04,32.3387654533548,32.45636045141853,32.11197372670759,32.19597244262695,2452500,14.521446811840043,14.845531652999505,20.92947208993753,25.616770506885008,39.875171794330896,3.18,1.0,-1.15,5.7
FE,2021-06-07,32.26316539013242,32.47315735523462,32.17076841281176,32.397560119628906,1977800,14.403908863680828,14.870919834262164,20.908063616643783,25.62262002825486,39.82229880826842,3.23,1.0,-1.16,5.74
FE,2021-06-08,32.38916028440723,32.41435829364943,32.01957239299941,32.14556884765625,2012100,14.670424458562767,14.948450291227378,20.940091195969874,25.394448526554065,39.79471530755614,3.28,4.0,-1.16,5.74
FE,2021-06-09,32.22116750869737,32.45635748331694,32.06997303809248,32.33036422729492,3174800,14.68803472166836,14.892600832412711,20.852248569026006,25.349991028735687,39.721631269685446,3.33,1.0,-1.15,5.91
FE,2021-06-10,32.3975568651231,32.45635435310735,32.221164401170356,32.44795608520508,2365600,14.174782808747993,14.824860489090694,20.77818904624448,25.346511443142187,39.69564634768234,3.37,1.0,-1.13,6.06
FE,2021-06-11,32.44795067938722,32.59914511022142,32.30515451505614,32.55714416503906,2088200,14.051062417433807,14.625690168022498,20.528460734525563,24.95873495182336,39.47093156374004,3.42,1.0,-1.12,6.38
FE,2021-06-14,32.657945091083384,32.716742573777815,32.405955421789756,32.58234786987305,1525900,13.999186636450622,14.133179627846133,20.51664525212673,24.85954901195673,39.47060957005703,3.47,1.0,-1.1,6.43
FE,2021-06-15,32.62434806073158,32.95193497580309,32.548750833851784,32.6579475402832,2316100,13.720307251982469,14.10140435206804,20.44487454489068,24.80745495709313,39.471156489062174,3.52,1.0,-1.1,6.52
FE,2021-06-16,32.69994696556912,32.8259434182417,31.927174917341546,32.04477310180664,3624800,14.256945048997395,14.367852141009644,20.715022086445753,24.915828393092863,39.51668621368288,3.55,4.0,-1.09,6.18
FE,2021-06-17,32.0447763854709,32.204369131549974,31.641588977292727,31.683589935302734,2414000,14.661670008557168,14.620309822341405,20.655335088525568,24.960997895745823,39.527675710856414,3.59,4.0,-1.06,6.37
FE,2021-06-18,31.784377931336895,31.826375675538866,31.112404411437883,31.18800163269043,6189300,15.368541310193763,15.038303100235401,20.844998141941876,25.045401206847313,39.55337398103494,3.62,7.0,-1.03,6.13
FE,2021-06-21,31.322401938679032,31.801183357500996,31.204806952192662,31.742385864257812,2645700,16.204198008036975,15.374425811831072,20.1891047853339,25.11676946564936,39.40490946620764,3.66,1.0,-1.05,6.53
FE,2021-06-22,31.67518320010276,31.91877461751302,31.481991001398224,31.498790740966797,1988100,16.33389595688785,15.496032739196716,20.247915963306838,24.973069222710876,39.369925598492486,3.7,2.0,-1.07,6.46
FE,2021-06-23,31.305595505142485,31.37279125267507,30.95280741687368,31.036806106567383,3420300,16.52624528654359,15.303429751479841,20.40854667718597,25.008854561244938,39.327670233342694,3.73,3.0,-1.12,6.24
FE,2021-06-24,31.0956124341073,31.280406399785928,31.02841346323387,31.23000717163086,1920200,15.440210003104724,14.967250429429733,20.33628019187547,24.950119432104316,39.24481567866436,3.76,3.0,-1.16,6.39
FE,2021-06-25,31.171210313239634,31.691989531291522,31.154410570176882,31.658390045166016,2584100,13.667320983905212,15.149934531948206,20.139377305373486,24.98903960755884,39.26201688013822,3.79,1.0,-1.15,6.73
FE,2021-06-28,31.750783812630875,32.12876998268352,31.641587095899435,31.96917724609375,3571100,13.918602892208497,15.01155496897425,20.06566834013386,24.873008261616476,39.229525773649485,3.81,1.0,-1.13,6.89
FE,2021-06-29,32.044771442627855,32.069969450168536,31.448391895642263,31.532390594482422,2195000,14.488302610427418,15.126893989814787,20.200762609565622,24.93386984047017,39.137535364082474,3.84,4.0,-1.1,6.74
FE,2021-06-30,31.481998795758702,31.599593797630362,31.045215071504337,31.255207061767578,3445500,14.704048509501513,15.270229400785087,20.268870899704705,24.962225323780594,39.09386373859952,3.86,6.0,-1.06,6.65
FE,2021-07-01,31.271999940036288,31.775982528557755,31.188004444060766,31.63318634033203,2692700,14.985584708026616,15.390882013461379,20.31225334606781,24.995195830089482,39.01187693111565,3.87,7.0,-1.02,6.51
FE,2021-07-02,31.66679625540848,31.784391270213806,31.38960525974693,31.48200225830078,1749600,14.880397121761707,15.434510313077867,20.265201940812496,25.003369460169683,39.014637897880775,3.89,6.0,-0.97,6.66
FE,2021-07-06,31.39799049997975,31.68357961865027,31.078801907531002,31.641578674316406,2598900,14.740865681551194,15.370269822119367,19.84558828741767,25.007069219071713,39.0124832435378,3.91,1.0,-0.96,7.18
FE,2021-07-07,31.599584318478065,31.826375984436876,31.39799386266303,31.801177978515625,2412900,14.806453647561835,15.366091159936799,19.539515370616346,25.00550729538766,39.015395386519764,3.93,1.0,-1.07,7.61
FE,2021-07-08,31.507186346145847,31.767577481120497,31.36439337821365,31.431589126586914,2175800,15.018268810769674,15.403540617051506,19.65872157257121,25.051886013266706,39.021138300257746,3.95,2.0,-1.21,7.44
FE,2021-07-09,31.624787161088122,31.624787161088122,31.204803284867683,31.523988723754883,2394700,15.042473081502102,15.405432777036603,19.39799161383729,25.051657323452787,39.00735704244228,3.97,1.0,-1.27,8.04
FE,2021-07-12,31.406405005322522,31.557599511279037,31.221611008214822,31.48200225830078,3024800,14.865739299459069,15.300853722811485,19.403293756940457,24.993984039942617,38.91604858353308,3.99,2.0,-1.36,8.04
FE,2021-07-13,31.448383043988716,31.574379454673878,31.028399280667287,31.095598220825195,3054000,15.258507644708756,15.52449048571595,16.209457385498663,24.92525403032588,38.921478967394926,4.04,1.0,-1.32,-0.21
FE,2021-07-14,31.078802277698642,31.280395918546894,30.969605588729912,31.120800018310547,2623900,15.226612344662039,15.51712500687363,16.16686076955164,24.91008485085265,38.921011753197256,4.09,1.0,-1.27,-0.18
FE,2021-07-15,31.036806494865736,31.456790335921504,31.028405023680065,31.431589126586914,2574000,15.506448272838606,15.415215388140318,16.206009839913914,24.933555560574646,38.9335261289938,4.13,2.0,-1.22,-0.2
FE,2021-07-16,31.5155941599385,31.952377827047204,31.40639744210556,31.742385864257812,5491000,15.573827643665467,15.286311279349697,16.159217107422755,24.955849305270117,38.92904766551144,4.17,1.0,-1.17,-0.17
FE,2021-07-19,31.523997625311633,31.75078936701748,31.003218368926127,31.38120460510254,4221800,15.867807798006146,15.265984209534725,15.96416622700885,24.25473906329769,38.89058169448765,4.2,1.0,-1.11,-0.18
FE,2021-07-20,31.490389182667762,31.885171806496498,31.4735894448547,31.59958267211914,3652000,15.895985565746717,15.209187922022913,15.565947371826244,24.264499771225225,38.84090095904933,4.23,1.0,-1.05,-0.17
FE,2021-07-21,31.666785308403952,31.759182275016766,31.465191635410296,31.532390594482422,2995000,15.76403910077139,15.218412081720196,15.449272858197254,22.8335355843026,34.0562302378382,4.26,1.0,-1.01,-0.11
FE,2021-07-22,32.75874627713819,33.380323898408705,32.64954955903193,32.884742736816406,12047100,19.97811048109958,17.41153052286841,16.71141241437266,23.32229264611082,24.88329904544231,4.27,8.0,-0.95,1.32
FE,2021-07-23,32.3387584930806,33.06952954106656,32.09516707567771,32.313560485839844,7695100,20.62632789869367,17.58989153986948,16.693576290458132,23.4260398499066,24.937720783091834,4.27,8.0,-0.98,1.33
FE,2021-07-26,32.41435120493023,32.909932238392955,32.170759821450424,32.55714416503906,6124700,20.722341209066002,17.581672207213614,16.718332306365213,23.009859471778164,23.886581701150693,4.26,10.0,-1.02,1.29
FE,2021-07-27,32.51516045470042,32.851148935808254,32.09517645542744,32.64955520629883,6111900,20.737627753923295,17.561058669679834,16.67086097351213,22.846912307027146,23.873252301519216,4.25,8.0,-1.02,1.35
FE,2021-07-28,32.725142619197925,32.75034383045246,31.885174873093938,32.03636932373047,3265500,21.442038124153733,17.88561159867842,16.98725549163084,22.928761556152335,23.95158056220507,4.24,12.0,-1.06,1.2
FE,2021-07-29,32.07835887300356,32.1791572838187,31.7927697841377,31.960763931274414,2632600,20.738305310927934,17.653911121400437,16.989726450481673,22.875210680249253,23.881759285834868,4.22,13.0,-1.09,1.21
FE,2021-07-30,31.89358497029406,32.51515947614636,31.8767852263219,32.18757247924805,6733400,20.55616786983807,17.70378727605417,16.626131962318976,22.86114015003782,23.879336630868238,4.19,8.0,-1.03,1.39
FE,2021-08-02,32.187565544215985,32.498352730180905,32.06997056597104,32.30516052246094,3467900,19.981173840542688,17.710144547318524,16.560644725968952,22.796144161149613,23.87835807727144,4.16,8.0,-0.96,1.46
FE,2021-08-03,32.39755823848996,32.599151923140845,32.06997130462731,32.37236022949219,2760200,19.36788509617102,17.707406392486156,16.559006129377067,22.705164754338558,23.872748294255356,4.13,8.0,-0.88,1.46
FE,2021-08-04,32.26316644804409,32.32196394386283,31.691988027899285,31.95237922668457,3254100,19.629112375722734,17.909801100677562,16.67433653121809,22.765234838316125,23.874213309137833,4.09,12.0,-0.79,1.4
FE,2021-08-05,32.06270031814958,32.24092319373415,31.604421711055707,32.22394943237305,4001300,19.21110894975434,17.80576375813336,16.66648181589739,22.364539054181133,23.75182772532688,4.04,11.0,-0.7,1.41
FE,2021-08-06,32.240912234564966,32.359725286292374,32.062689419561,32.105125427246094,1768700,19.203518821297,17.276644469826778,16.635206732758007,22.35995083706898,23.667516121506054,3.99,11.0,-0.62,1.46
FE,2021-08-09,32.071185805713434,32.300326706448594,31.92691046640005,32.130592346191406,3368700,18.822285644093416,16.30987944103075,16.541438169397686,22.338202582695384,23.655060089499578,3.94,8.0,-0.51,1.53
FE,2021-08-10,32.173025925340355,32.28335374785758,32.00329156087086,32.12210464477539,2190800,18.616137826506538,16.297283179051387,16.309699451048342,22.26538841396265,23.57296977627008,3.88,8.0,-0.39,1.68
FE,2021-08-11,32.22395080212736,32.58039009361988,32.10513770496319,32.385196685791016,2300200,18.272934606782613,16.370403635413176,16.324772622638033,21.811132909501723,23.57460915914344,3.82,9.0,-0.25,1.67
FE,2021-08-12,32.25789376486722,32.580388756371946,32.18151345733752,32.51249694824219,1418500,18.05604812231712,16.383660628298575,16.145692536759885,21.763100510037383,23.575235011516572,3.75,4.0,-0.13,1.79
FE,2021-08-13,32.67373606559384,32.87741792267238,32.46156894828479,32.79254913330078,1752800,17.905561098385338,16.388097210780835,16.186574273166972,21.233287728365053,23.564268463179026,3.67,7.0,-0.0,1.73
FE,2021-08-16,32.81801392921208,33.21688921594971,32.70768933972564,32.95380401611328,3347900,17.84408991714398,16.34673590227864,16.18839943257006,21.223554151381517,23.54389122419997,3.61,8.0,0.11,1.72
FE,2021-08-17,32.970775603386606,32.987749364796926,32.42762818791221,32.80104446411133,2807100,17.898648267630467,16.300638595803104,16.206270663211207,21.23473329516432,23.50535710058272,3.55,10.0,0.21,1.71
FE,2021-08-18,32.8180135489284,32.8180135489284,32.23243337431483,32.43611526489258,2822600,18.211483312951547,16.465133195846764,16.328914861417445,21.271856518074927,23.536261665106466,3.52,14.0,0.32,1.61
FE,2021-08-19,32.47855082502959,33.18294414712242,32.40217051420853,33.047157287597656,3761600,18.544690593397235,16.795537284842165,16.249881223651844,21.22230753931326,23.580113492223877,3.49,12.0,0.48,1.63
FE,2021-08-20,32.97078323280163,33.18295044340502,32.74164549427491,33.17446517944336,2242700,18.551952367887207,16.803064964126616,16.0445688968437,21.21955496808256,23.554375909523028,3.46,4.0,0.6,1.78
FE,2021-08-23,33.208398452566875,33.250831228986705,32.75860195775939,32.936824798583984,2394900,18.712126887544578,16.820275202481476,16.08766884377915,21.129281477850714,23.54764577938949,3.43,5.0,0.74,1.75
FE,2021-08-24,32.90288214778888,32.936829668909844,32.51249536713916,32.7840690612793,2373900,18.346147975886705,16.853981642983925,15.994812355615032,20.730689976890343,23.548745888628357,3.4,4.0,0.77,1.83
FE,2021-08-25,32.792550868920394,33.27629166299504,32.622816518606925,33.09807205200195,1849000,18.480472769460953,16.949122646435033,15.9170426761045,20.663717463518303,23.51705717545541,3.37,3.0,0.88,1.91
FE,2021-08-26,33.10656326454696,33.10656326454696,32.63131088312499,32.70769119262695,1614900,18.750551139153433,17.130825368582915,16.053433740931762,20.51535518553271,23.55480827259411,3.34,7.0,1.01,1.79
FE,2021-08-27,32.69919914751288,32.902881029904734,32.58887456373874,32.73314666748047,1679500,18.576170781973964,17.044312235652086,16.030532335892065,20.47407604937587,23.554240818273193,3.3,6.0,1.17,1.83
FE,2021-08-30,32.665257610242726,32.928342818567785,32.62282158800995,32.80104446411133,1333600,18.19702266156541,17.02926945414747,16.026854554081403,20.393471294537964,23.546615029948377,3.27,6.0,1.3,1.83
FE,2021-08-31,32.775587625171646,33.05564987865012,32.67374827727697,32.987754821777344,2132500,18.167838957110792,17.02124659323933,15.996812324558487,20.394543810059993,23.535336522905567,3.23,6.0,1.24,1.84
FE,2021-09-01,33.20840890455038,33.624254776726296,33.123540087585866,33.463008880615234,2341400,18.508959872759256,17.17385809738083,16.117812080364992,20.4479352071219,23.534157397025243,3.18,12.0,0.92,1.7
FE,2021-09-02,33.522413545310236,33.89582660667497,33.47149225800016,33.87885284423828,2243000,14.5002606446712,17.310206321041584,16.097824108852095,20.123154136926267,23.377076087005637,3.14,12.0,0.83,1.72
FE,2021-09-03,33.7260946262169,33.78550117457462,33.488465195371916,33.598793029785156,2979400,13.701438273370842,17.398754867460028,16.170966858398046,20.052617605682695,23.386321964521045,3.1,17.0,0.55,1.66
FE,2021-09-07,33.556356213145826,33.556356213145826,32.58038605749265,32.64828109741211,3734600,16.086574886793723,18.392119895534538,16.79867571624841,20.293990184082663,23.578596881377457,3.05,38.0,0.39,1.68
FE,2021-09-08,32.60584918478863,33.12353759841872,32.50400984949858,33.047157287597656,2832200,16.446636619766362,18.558166733787974,16.881297022391728,20.317176494446944,23.58010277587771,3.0,39.0,0.17,1.6
FE,2021-09-09,32.91985804744757,33.04715640380221,32.54644176568033,32.56341552734375,2238000,16.056295325431115,18.804270661407816,17.06368938974222,20.34924203113871,23.63469399049172,2.95,42.0,-0.06,1.46
FE,2021-09-10,32.529469215415524,32.56341349921422,31.969344827650584,31.986318588256836,2157900,16.907775502214694,18.759425967312932,17.20390196625912,20.476060226496276,23.708286314812643,2.91,43.0,-0.09,1.41
FE,2021-09-13,32.198486536896965,32.26638158100295,31.561985066765853,31.765666961669922,2923000,16.887541016628145,18.667415044921064,17.109874289015956,20.30526886167206,23.707230138110493,2.87,43.0,-0.03,1.51
FE,2021-09-14,31.95237674612105,32.19848820018398,31.672314530837433,31.782642364501953,3568200,16.84613896335588,18.37442349478171,16.99374810798623,20.257941726329996,23.685874163809405,2.84,42.0,-0.1,1.6
FE,2021-09-15,31.68080170993742,32.26638190282966,31.612906665154245,32.079673767089844,3260700,17.07243018784838,18.117123952519893,16.989990933228572,20.274731283494948,23.671170501535858,2.8,42.0,-0.1,1.6
FE,2021-09-16,32.10513790816552,32.232436268469655,31.65534130366472,31.663829803466797,1646500,17.071733538420542,18.249018959090325,17.125306670032998,20.347173069322057,23.679409424437782,2.76,46.0,-0.12,1.5
FE,2021-09-17,31.663827794486526,32.07967361080889,31.086732866296632,31.171598434448242,6896100,17.424006754150135,18.280945655533454,17.297367425692595,20.397620861499075,23.738544674030603,2.72,48.0,-0.16,1.38
FE,2021-09-20,31.04430469850407,31.332848968091596,30.6454293465682,30.993383407592773,4107800,17.460310902196333,18.273600663584517,17.1616942248935,20.33402654370221,23.561718330419826,2.67,47.0,-0.16,1.51
FE,2021-09-21,31.086728786280652,31.485600789139465,31.010348490003267,31.103702545166016,2535700,17.505608210700515,18.0652926204911,17.1233368675419,19.833146077925573,23.529149226233237,2.63,46.0,-0.18,1.55
FE,2021-09-22,31.3073861324157,31.42619922600594,31.06127144574221,31.28192710876465,2076000,17.61528919984491,17.98775248547883,17.126865585050556,19.806083495213183,23.531244587979128,2.59,48.0,-0.2,1.55
FE,2021-09-23,31.409220506009476,31.63836139493755,31.12067307966451,31.188568115234375,2694900,17.413262080366838,17.779428211081836,17.04860889824688,19.742947197133486,23.248798973869494,2.56,44.0,-0.24,1.64
FE,2021-09-24,31.222518391081525,31.43468553985906,31.171597109905957,31.256465911865234,1759200,17.375414145459985,17.693669791860124,16.90992603751638,19.54221582487607,23.16650041189386,2.53,40.0,-0.25,1.75
FE,2021-09-27,31.25647244538883,31.723239622784746,31.12917083454701,31.163118362426758,2055000,17.124904490018018,17.524744148314284,16.911773167168608,19.525676904136375,23.126030170254065,2.49,41.0,-0.27,1.75
FE,2021-09-28,31.180094040033737,31.27344489131074,30.874572745193674,30.91700553894043,2451600,17.0987694858807,17.57121692870865,16.95517160509412,19.530908252739337,23.135028956057077,2.46,42.0,-0.3,1.71
FE,2021-09-29,30.933972734196853,31.22252020277387,30.7557530958618,30.806671142578125,3864400,17.087867560633878,17.54782491789983,16.95757911941958,19.513831221036295,23.136200097612992,2.42,43.0,-0.32,1.72
FE,2021-09-30,30.832139142982427,30.866083434640977,30.178663776690644,30.229581832885742,3379900,17.584469414471158,17.910866417135452,17.203807125216862,19.630078845508145,23.221143074288964,2.38,55.0,-0.19,1.57
FE,2021-10-01,30.441740300194382,30.747261499373796,30.305953460271713,30.424766540527344,2482700,16.647002440815335,17.82710386690014,17.13715822884128,19.571817494213988,23.22731289268825,2.35,54.0,-0.16,1.61
FE,2021-10-04,30.416282398039176,30.679370826433576,30.28898081456136,30.56055450439453,4279800,16.668878879681685,17.842458114409137,16.838106717587685,19.520669478838446,23.093678286627263,2.32,39.0,-0.15,1.77
FE,2021-10-05,30.679370618734065,30.900023026199545,30.57752805767579,30.73877716064453,2194300,16.792599638463113,17.88857530063711,16.250550444047125,19.401325535755642,23.066610563141698,2.28,24.0,-0.2,1.93
FE,2021-10-06,30.602993879688558,31.171600343437138,30.373852946749636,31.129167556762695,2487200,17.32049045871711,17.907963199721294,16.36824583439835,19.436846363113936,23.043056812700012,2.24,28.0,-0.24,1.81
FE,2021-10-07,31.163120275052105,31.375287481200523,30.84062521523041,30.91700553894043,2576600,17.04344042461468,17.962039252900247,16.396229972702457,19.427481700421655,23.052601978308015,2.2,29.0,-0.3,1.78
FE,2021-10-08,30.823642724112702,30.984888589667715,30.713314901673098,30.73877716064453,1701500,16.835850058905365,17.875179373104743,16.419336084049522,19.43379800259804,22.951996473052734,2.16,30.0,-0.35,1.76
FE,2021-10-11,30.569041603749575,30.764234982042556,30.255035146270743,30.356874465942383,3828800,17.078873648366084,17.9164289830744,16.497596816738533,19.384398330177603,22.98879140217131,2.12,31.0,-0.35,1.7
FE,2021-10-12,30.501149282520256,30.53509680457248,30.178657535265828,30.30595588684082,3478900,17.025901584503924,17.778579125788923,16.448016719887796,19.385963482605074,22.989976133422093,2.08,31.0,-0.37,1.76
FE,2021-10-13,30.187146868124472,30.44174684302382,30.059845261967638,30.246553421020508,2711500,16.844776352138542,17.71130332061108,16.387700219823518,18.93954022869965,22.99135457902178,2.04,29.0,-0.4,1.84
FE,2021-10-14,30.322934312292087,31.01035717122987,30.322934312292087,30.993383407592773,3248800,17.95662011929489,18.440705658255755,16.85562706395111,19.140557908465393,23.111116047153,1.99,47.0,-0.45,1.59
FE,2021-10-15,31.027321403063425,31.171593493535823,30.866072316754984,31.07823944091797,3098500,17.472734999852747,16.21719929309547,16.81713216315263,19.134442841035096,23.111270799296385,1.94,46.0,-0.48,1.62
FE,2021-10-18,30.950945644498205,31.018837450724433,30.501149073917244,30.69634246826172,3850100,17.62142147752856,16.025292997633898,16.927798111433496,19.1435973268054,23.14324614185527,1.88,52.0,-0.54,1.53
FE,2021-10-19,30.874567068196136,31.39225547399572,30.772724497032446,31.29041290283203,2560700,17.008606460225685,16.457517382845413,17.16183167656332,19.084584373346953,23.21670194540691,1.85,67.0,-0.56,1.38
FE,2021-10-20,31.40073730031854,31.79961256686254,31.40073730031854,31.68079948425293,2565200,17.026472503824767,16.659783721257163,17.276447989535498,19.057661824309783,23.24459317746691,1.81,70.0,-0.56,1.27
FE,2021-10-21,31.58744865202233,31.901455150649532,31.460147057690588,31.59593391418457,4926500,16.55777506746386,16.21764187269873,17.274914421649175,19.049626049673485,23.199793255749178,1.77,70.0,-0.57,1.27
FE,2021-10-22,31.6044270472635,32.11362702441587,31.595938546442742,32.03724670410156,2843900,16.300989380456716,16.46582748576018,17.409663935508103,19.111080999854877,23.14445419003121,1.74,73.0,-0.57,1.16
FE,2021-10-25,32.09664029310809,32.09664029310809,31.578952024281634,31.714738845825195,4238300,16.44547511537292,16.529008778083437,17.427672730018628,19.14466439546758,23.1576444906069,1.71,74.0,-0.55,1.17
FE,2021-10-26,31.765672958075577,32.07967950280605,31.655345109283708,31.994813919067383,3343300,16.644085498335755,16.614197830018334,17.47662132965753,19.119273414834765,23.171984326882594,1.67,75.0,-0.54,1.11
FE,2021-10-27,32.062700804794,32.12210735175253,31.663828737702957,31.90145492553711,2280000,16.440393268129565,16.61701983557757,17.453003924542553,18.88854474098758,23.17432394937809,1.64,75.0,-0.52,1.14
FE,2021-10-28,31.926913728252245,32.19848743744395,31.884480943206164,32.16454315185547,2497500,16.147189310118748,16.487719936255516,17.45946363055293,18.7395796632702,22.620293976779205,1.6,76.0,-0.52,1.12
FE,2021-10-29,31.92691511513426,33.70912130121329,31.92691511513426,32.69920349121094,5722300,16.03437472268308,16.741348823003566,17.63184794863389,18.82409834823066,22.673943186874155,1.56,78.0,-0.55,0.99
FE,2021-11-01,32.750121283497556,32.96228843272016,32.4446000706308,32.928340911865234,2577900,15.95270480524846,16.77703356558581,17.65688359455348,18.67705182188653,21.60050973464761,1.53,79.0,-0.58,0.97
FE,2021-11-02,33.77701070507592,33.79398446610456,32.90288305529119,33.35267639160156,5162600,16.252537364927978,16.967880208032838,17.763957404016892,18.727324908238227,21.6237205979128,1.49,80.0,-0.61,0.88
FE,2021-11-03,33.24235046591616,33.463006134501626,33.174458655330376,33.310245513916016,3515400,16.252173697812,16.971390139881255,17.7653673995774,16.87708358741327,21.619209190073573,1.46,81.0,-0.63,0.88
FE,2021-11-04,33.293100885569,33.567400115262075,33.11309262919005,33.35310363769531,3194500,16.183071984859524,16.89906771669539,17.763022737530058,16.854679396429376,21.296605241636055,1.43,80.0,-0.65,0.88
FE,2021-11-05,33.507409009130726,33.69599102130346,33.404547579721,33.490264892578125,2536100,16.1920876672458,16.900677201303626,17.505036707880475,16.846883143493603,21.168256397887298,1.39,78.0,-0.7,1.0
FE,2021-11-08,33.96170798963021,34.05599897166339,32.89022550271692,33.010231018066406,5992200,16.843880172539023,17.08763833520618,17.564981106136024,16.89207442121842,21.191388962303602,1.34,79.0,-0.75,0.97
FE,2021-11-09,33.07880012063693,33.22452013694118,32.47876940723941,32.83021545410156,3939900,16.733597967899755,17.095551837915256,17.398878979777713,16.734972095628923,21.154821815809353,1.29,73.0,-0.77,1.06
FE,2021-11-10,32.80450841686299,33.4131096884583,32.80450841686299,33.395965576171875,4022500,17.20019912659871,17.423676790611346,17.38572569822796,16.627288607078246,21.197573774241178,1.26,73.0,-0.82,1.07
FE,2021-11-11,33.25024415035089,33.490255172616536,33.06166219291077,33.45596694946289,1927700,15.941476532149174,17.26046661103159,17.336847489659863,16.564958973169986,21.14447610996497,1.22,73.0,-0.86,1.1
FE,2021-11-12,33.455962789713595,33.47310689915881,33.08737261140293,33.43024826049805,4223000,15.958227729560592,16.84219841196251,17.162300248273475,16.54518269030359,21.07809098132181,1.17,68.0,-0.87,1.21
FE,2021-11-15,33.584546032688706,33.82455705410645,33.42168187814166,33.81598663330078,2264500,16.137088968533362,16.984797459255706,17.225224586913196,16.433086841941932,21.097170035866593,1.13,71.0,-0.85,1.16
FE,2021-11-16,33.841701012630466,34.090285723634985,33.76455414610854,33.92742156982422,4172600,16.12048799986314,16.922594703116996,17.10703503719893,16.43394488521715,20.78349748451349,1.09,61.0,-0.85,1.26
FE,2021-11-17,33.901700205048265,33.91884431468537,33.14737573053831,33.49882507324219,3281700,16.51365242005279,17.10697213693612,17.175538939446405,16.484736582663,20.820104672146346,1.04,70.0,-0.9,1.24
FE,2021-11-18,33.43025308801764,33.65312000317956,32.821651829397595,33.095951080322266,2799600,16.837858597493334,17.185791617218175,17.142580952874788,16.557528085794527,20.84840858066002,0.99,67.0,-0.92,1.26
FE,2021-11-19,33.113087177039056,33.198804445990305,32.56448880798096,33.027366638183594,3108600,16.71767283900364,17.013383531379596,17.082600269083365,16.555317727992485,20.791863861406643,0.94,61.0,-0.93,1.3
FE,2021-11-22,33.0273689429252,33.47310596636572,32.95879577695981,33.19880676269531,3038000,16.123519725712825,17.044048549342797,16.999988698954002,16.3353436368088,20.446710573027023,0.87,59.0,-0.95,1.38
FE,2021-11-23,33.27596092018791,33.48168700303756,33.03594988178429,33.378822326660156,1737600,16.076220059044072,17.07308491161392,16.996543575221676,16.301880969568018,20.415694345652547,0.81,59.0,-0.97,1.37
FE,2021-11-24,33.39596227922772,33.46453872160336,33.18166580166095,33.35310363769531,1406400,16.04653857560073,17.03731811513542,16.98269189176626,16.30113765620709,20.01531053702057,0.75,55.0,-0.99,1.39
FE,2021-11-26,32.958799458031606,33.12166360655559,32.3930568785372,32.49591827392578,2624200,16.908422700416363,17.605654587497867,17.48171535218977,16.58461383259935,20.199110711803236,0.7,90.0,-0.99,1.28
FE,2021-11-29,32.74449972853825,33.53310913146036,32.74449972853825,33.473106384277344,4180900,18.763078251487595,18.47825341866117,17.988523702169896,16.906883963194467,20.38829476180417,0.65,98.0,-0.99,1.22
FE,2021-11-30,33.224519257089106,33.224519257089106,32.255901684012855,32.2816162109375,6638800,21.483450511703488,19.83875931825611,18.912182563050706,17.436608212401215,20.72414286754234,0.64,99.0,-0.97,1.39
FE,2021-12-01,32.61592445359238,33.14737882229485,32.31591068172119,32.34162521362305,4125500,20.83488561434596,18.963716885334055,18.912220210956498,17.391069036503648,20.615090598836996,0.62,100.0,-0.95,1.39
FE,2021-12-02,32.487343515849716,33.293097000304584,32.410196662132435,33.104515075683594,3669100,21.576213410366293,19.406245150931753,19.152369673689684,17.481596092410484,20.726691754431666,0.66,100.0,-0.92,1.29
FE,2021-12-03,33.25881404179643,33.3873932416235,32.7873624256053,33.2931022644043,3338800,21.57265700970645,19.192330388459418,19.169159631101117,17.477529504375546,20.638665512628588,0.69,100.0,-0.89,1.27
FE,2021-12-06,33.430250034210786,34.02170712688113,33.25881220056723,33.64454650878906,7268800,21.42967826798828,18.91903166945141,19.176300757326434,17.42448166984392,20.3498916710457,0.73,100.0,-0.88,1.27
FE,2021-12-07,33.65311661133416,34.01313638557758,33.61025797080403,33.824554443359375,2666500,21.159769211716785,18.870882677700806,19.134830023720088,17.43230788136502,20.286959562538314,0.76,97.0,-0.89,1.3
FE,2021-12-08,33.94456308751405,33.97028089013691,33.473111458224544,33.773128509521484,2148700,21.089323079241503,18.877968754179175,19.03998811304154,17.431841483900495,20.13138573237276,0.78,96.0,-0.87,1.37
FE,2021-12-09,33.730266595118366,33.97885131107456,33.3959645901659,33.773128509521484,5132200,21.049396188099433,18.799591131003087,19.014313024678746,17.427867354402988,20.099946991331468,0.79,95.0,-0.86,1.4
FE,2021-12-10,33.94456014385687,34.23600347903736,33.78169600092544,33.96170425415039,2560000,20.994354840353687,18.597512277292015,19.02477886545738,17.436375487403822,20.048377992889012,0.8,95.0,-0.84,1.39
FE,2021-12-13,33.94455937222235,34.63888110875542,33.867412512607565,34.43315505981445,4960500,20.8444358523092,18.43760593367987,17.965397243704338,17.334400418076356,20.083582960390412,0.8,90.0,-0.81,0.69
FE,2021-12-14,34.39886573302445,34.493156690545526,33.98741695739959,34.270286560058594,2583200,20.864270688589748,18.42172627412969,17.753079350140965,17.24436877671569,20.091340280113332,0.81,86.0,-0.82,0.82
FE,2021-12-15,34.27886578691521,34.54459132478206,33.98742244835775,34.23600387573242,4207300,20.58641981242091,18.42553759646737,17.71998962652422,17.23651154648286,19.821641803539485,0.81,85.0,-0.84,0.84
FE,2021-12-16,34.24458176361217,34.81889482092762,34.1931494258311,34.55316925048828,2555400,20.71571676915715,18.47295645244167,17.77031749142438,17.20498122858315,19.765615552950926,0.81,89.0,-0.83,0.81
FE,2021-12-17,34.493160042213376,34.70745650470999,34.24457536094022,34.35601043701172,4627000,20.813161601095683,18.5107772535222,17.522594204246047,17.152477867510534,19.723804012725445,0.81,80.0,-0.84,0.94
FE,2021-12-20,34.06456132230909,34.54458322390344,33.91026763396692,34.52743911743164,2452400,20.826061032477757,18.52332262512126,17.528687386196925,17.158685752499796,19.716428336008924,0.81,80.0,-0.84,0.95
FE,2021-12-21,34.716030970714336,34.88746881467415,34.33887032992666,34.4931640625,3064500,20.31746520830084,18.506420132345617,17.501649206782336,17.14726569463039,19.675253585658055,0.81,77.0,-0.85,0.96
FE,2021-12-22,34.493158574251694,34.89603368306468,34.476014465593046,34.73316955566406,2041000,20.26761562451541,18.426892126632122,17.523543202031057,17.160077056294725,19.681357408640114,0.81,79.0,-0.85,0.95
FE,2021-12-23,34.776029398926866,34.89603489379669,34.68173843298501,34.74174118041992,1861200,19.75068362017196,18.394654971589226,17.52235452538922,17.13837253972245,19.537958261026937,0.81,77.0,-0.85,0.95
FE,2021-12-27,34.68174623336967,34.69889034647908,34.27887101996679,34.67317581176758,1560400,19.77297179135412,17.89284252976478,17.388557384397355,17.13751989701194,19.505139470593235,0.81,67.0,-0.86,1.06
FE,2021-12-28,34.69031412141833,35.15319201831515,34.66459632110402,35.136051177978516,1877400,20.068037487883668,18.01472139209919,17.458800969172756,17.135529410171905,19.53807953626416,0.81,71.0,-0.83,1.02
FE,2021-12-29,35.196062077075084,35.367496679367534,35.06748285545031,35.29892349243164,1285200,19.874251307673536,18.01559133911814,17.45344497484935,17.140380770376915,19.54001473345634,0.81,70.0,-0.79,1.03
FE,2021-12-30,35.410346472747406,35.65892786890114,35.26462318681863,35.45320510864258,2386500,19.885382327681846,18.00629146514266,17.461825910717625,17.110488312767362,19.505623547735773,0.8,72.0,-0.75,1.03
FE,2021-12-31,35.410352901607965,35.78751354382623,35.36749098802676,35.65036392211914,1266500,19.453467997373135,17.892426075667345,17.475605394784253,17.113116320805325,19.451572795041358,0.8,72.0,-0.7,1.03
FE,2022-01-03,35.66751115582053,35.66751115582053,34.998907100208555,35.3503532409668,3168800,19.25014128967446,17.930452193100933,17.502342065788554,17.14793330194867,19.100225733535883,0.8,75.0,-0.72,0.98
FE,2022-01-04,35.37606759754541,35.598934524993595,35.161771091577656,35.21320343017578,3451000,19.292216423259998,17.898462879789154,17.511643782853383,17.094064067778078,19.083267541195834,0.79,76.0,-0.75,0.96
FE,2022-01-05,35.136057750422836,35.43607156100384,34.93033165894923,34.97319030761719,3626600,19.441397595920407,17.73580097160372,17.50833049001085,17.04677069473066,19.05022047453772,0.78,75.0,-0.8,0.94
FE,2022-01-06,34.99033165155661,35.333207353572014,34.887470248914,35.09319305419922,2275500,19.41733612707611,17.717002571038645,17.500735677466263,16.98165549415751,18.901939480139202,0.78,71.0,-0.84,0.95
FE,2022-01-07,35.3074889021801,35.727511465941426,35.13605432422524,35.496070861816406,4266900,19.60454051177763,17.78686224086606,17.563112854364192,16.99632455744337,18.911492876174215,0.77,80.0,-0.87,0.92
FE,2022-01-10,35.3760622604932,35.6675055954366,35.196054007414695,35.59035873413086,4782200,17.70055549569477,17.201123425034098,17.459977326168858,16.99715057075525,18.89401328068264,0.76,65.0,-0.88,1.02
FE,2022-01-11,35.616069233005966,35.77036293815205,35.14461769835042,35.45320510864258,4580900,15.897322058856394,17.24713817591023,17.24236685379834,16.999445845550326,18.883732257689967,0.76,51.0,-0.92,1.12
FE,2022-01-12,35.376065349286016,35.63322048612327,35.17891296871395,35.496070861816406,3404700,11.05291762456096,16.97999551880053,17.235215100424284,16.917750881032354,18.86484275964421,0.75,50.0,-0.95,1.12
FE,2022-01-13,35.427497013059465,35.74465490014994,35.247485477771164,35.65036392211914,2929000,11.050807635317645,16.623522782248497,17.19840633410445,16.901233747575358,18.818671802668195,0.74,46.0,-0.97,1.17
FE,2022-01-14,35.607506139760616,35.74465576478524,35.1189103962413,35.63322067260742,4173100,9.31092000573874,16.49421210771258,17.17756124392937,16.893029599500174,18.78057010779538,0.73,45.0,-1.0,1.2
FE,2022-01-18,35.44463785460605,35.83894587818073,34.938898011453986,35.65036392211914,5393900,9.276216851248742,16.468909504681463,17.12088531588677,16.8526453544298,18.682711398753018,0.71,35.0,-1.04,1.24
FE,2022-01-19,35.65036197630665,35.950375735570745,35.49606825156948,35.504638671875,2880600,9.115477764054162,16.3273507573151,17.019380113157304,16.77308736878364,18.681658487845787,0.7,29.0,-1.07,1.33
FE,2022-01-20,35.61607550958455,36.02752437251513,35.45321135651981,35.513214111328125,4221800,9.062879055697536,16.143746732322704,17.01962732730077,16.771946054299168,18.657031064045256,0.69,29.0,-1.1,1.33
FE,2022-01-21,35.59036202161222,35.924664028181695,35.29034496886412,35.42749786376953,4916100,9.093533120024453,16.10229766033411,17.02610399320925,16.773237072422955,18.653674746768868,0.68,29.0,-1.14,1.32
FE,2022-01-24,35.24748718254381,35.47035737228769,34.3731570756591,35.41035461425781,5155000,9.1019841606347,16.080151015302594,17.008997497894725,16.772082446821944,18.572316611636992,0.67,26.0,-1.17,1.32
FE,2022-01-25,35.05033221221723,35.75322441438198,34.87889437195403,35.418922424316406,4603800,9.029705193284663,16.025968955049525,16.868794870231863,16.76880898041801,18.57229363466869,0.66,14.0,-1.2,1.42
FE,2022-01-26,35.376063588650766,35.881803416219306,34.93032651436114,35.28177261352539,3776300,8.350049700858296,15.759611182662011,16.776741741486738,16.70987005312971,18.23889323322117,0.65,9.0,-1.22,1.48
FE,2022-01-27,35.53034861059828,35.74464503976968,34.8703152163619,35.36748123168945,4677200,8.192789820492138,15.716629244995014,16.721366779237126,16.51739915726416,18.238754087099224,0.64,8.0,-1.25,1.55
FE,2022-01-28,35.25604808058145,35.80464639487812,35.016033865648744,35.78750228881836,3484400,8.736892327444396,15.68642307052841,16.14660533461741,16.247663123091666,18.2629981194454,0.65,1.0,-1.27,1.59
FE,2022-01-31,35.48749586456326,35.98466196234885,35.41891942630066,35.9675178527832,9046800,8.494697968612188,15.697475270864464,16.05989625964723,16.25241042253235,18.225736313384992,0.66,1.0,-1.28,1.67
FE,2022-02-01,35.864665646819084,35.96752706064144,35.35892572982656,35.838951110839844,3301800,8.361688414138586,15.729041679261629,15.880760993968876,16.25870926603328,18.10038482285791,0.67,1.0,-1.3,1.84
FE,2022-02-02,35.74464764174894,36.370392868091145,35.68464489880546,36.28467559814453,4465300,8.892430522169512,15.884430527383046,15.692043314877798,16.31585612780433,18.080312593764887,0.69,1.0,-1.29,1.99
FE,2022-02-03,36.19896301821594,36.593267778522296,36.04466928246042,36.51612091064453,3887500,8.957233543374514,15.571085219323171,15.657337982142217,16.301635307367597,18.078847503496977,0.71,1.0,-1.26,2.05
FE,2022-02-04,36.29983140556608,36.43824817421957,35.694256805163555,35.78076934814453,5192900,10.902605714307825,16.15047567720122,16.032766625486676,16.472056330159994,18.207047042056814,0.72,4.0,-1.26,1.78
FE,2022-02-07,35.77212736762822,36.005706354831446,35.63371055670599,35.8499870300293,3943600,10.903560719753735,15.81840613508734,15.980386520895282,16.446778333838772,18.197897174276637,0.74,4.0,-1.26,1.83
FE,2022-02-08,36.0229978531897,36.41229604615104,35.86727857600516,36.29983139038086,3492100,11.350266818930493,15.986468591902106,15.918172902622224,16.50212990045375,18.1985024402681,0.75,4.0,-1.24,1.92
FE,2022-02-09,36.47286627369728,36.63723521414376,36.30849733325079,36.51612091064453,2888000,10.881291853052902,16.007433225588734,15.6976484954011,16.481199885900864,18.02445496866842,0.77,3.0,-1.21,2.15
FE,2022-02-10,36.2911919185641,36.429608725805345,35.746174296250516,35.83268356323242,3557100,12.296723952206598,16.401933483483383,15.990050995715308,16.64385308654696,18.011170092464795,0.78,7.0,-1.19,1.93
FE,2022-02-11,36.3258036880921,36.758356703524825,35.84999273102201,35.95380783081055,9063000,12.273107279873448,16.402455093068358,15.989478579476529,16.62619384375872,18.010557175919338,0.79,7.0,-1.16,1.93
FE,2022-02-14,35.9970564807487,36.15277580439496,34.13707750392779,35.244415283203125,6496100,13.51498255823595,16.722972996726,16.329888137421804,16.80395602009781,18.0163417305291,0.79,13.0,-1.12,1.67
FE,2022-02-15,35.538552917818414,35.59911006844787,34.75130335940104,34.98488235473633,3998300,13.463384218862709,16.59463588998668,16.373476218355165,16.827919009959814,18.036397401287058,0.8,15.0,-1.07,1.62
FE,2022-02-16,34.96757452509409,35.61640386902934,34.89836777780169,35.53854751586914,3793000,14.193020337163675,16.855237956985853,16.535070771000633,16.920954137129158,16.743300198327532,0.8,21.0,-1.03,1.5
FE,2022-02-17,35.408789310039126,35.6510179371896,35.09735061792136,35.573158264160156,2736300,14.030908648303328,16.835101138398503,16.520951707696334,16.893980387658488,16.72714867210932,0.8,21.0,-0.98,1.52
FE,2022-02-18,35.55584576476782,35.9883986490113,35.27036257722775,35.45203399658203,8212600,14.049766797166596,16.836875775098033,16.47203861418844,16.89318522266006,16.72423311186254,0.8,20.0,-0.92,1.58
FE,2022-02-22,35.521248600545604,35.8499864586735,35.201157049044234,35.42608642578125,5141900,13.653152179151068,16.836703671302796,16.456494134686288,16.880167851232525,16.686581247093947,0.81,20.0,-0.86,1.6
FE,2022-02-23,35.45204207787782,35.616411023316275,34.223593190657276,34.27549743652344,6703900,16.62635505972231,17.36802837545276,17.04160305200561,17.312770188629855,16.90486824536097,0.81,39.0,-0.81,1.91
FE,2022-02-24,34.14573792730424,34.569638057118205,33.540163013166506,34.4744758605957,5794700,16.72980699812089,16.33988165373927,17.036902591031915,17.31301730647973,16.759540471003657,0.81,39.0,-0.76,1.92
FE,2022-02-25,34.83780408040639,35.849976082413235,34.699387311752915,35.78076934814453,4016800,20.050929666176756,16.21854102987955,17.961191492195315,17.8494469022408,17.10610069888978,0.81,89.0,-0.71,2.05
FE,2022-02-28,35.58180362970597,36.28253723831185,35.45203643545912,36.20467758178711,6363700,20.29665565842939,16.349156702132376,18.021844478987358,17.895877891095353,17.12523110757334,0.81,91.0,-0.65,2.0
FE,2022-03-01,36.204682771871404,36.44691468251598,35.47799364017229,35.746177673339844,4481100,20.656951506091108,15.996345299275935,18.078081676924498,17.96527398579334,17.073155512549736,0.81,91.0,-0.57,1.92
FE,2022-03-02,35.84998767637358,36.213333874168434,35.79808343391513,36.0489616394043,4114600,20.797660285687915,16.0386119605317,18.063851626485857,17.98848066778437,17.08822853429019,0.81,90.0,-0.5,1.95
FE,2022-03-03,36.16141978150319,36.862156628818745,36.14411727044541,36.697784423828125,5149100,21.352502741850902,16.286480751511135,18.20887312340071,17.95363557403461,17.14874533753057,0.81,91.0,-0.44,1.86
FE,2022-03-04,36.50746900617693,37.17360093362553,36.2738900212183,37.095741271972656,5619500,21.53351347912052,16.380079179869984,18.119243877006856,17.93472903950374,17.17528638351221,0.81,90.0,-0.45,1.97
FE,2022-03-07,37.19089680780921,38.58371426187492,37.04382711755747,38.557762145996094,8965200,24.036819130710075,18.044385425416777,19.019450832829005,18.374366424354836,17.576063411719332,0.82,94.0,-0.27,2.0
FE,2022-03-08,38.549116420219875,38.91245927955507,37.96084420024372,38.33283996582031,8186700,24.151012723846456,18.11466274229,19.052181957462693,18.28836770705409,17.442300905965478,0.83,96.0,-0.25,1.96
FE,2022-03-09,38.60101612025562,38.739432902797944,38.09060361585899,38.13386154174805,7068200,24.24945494749758,18.161314195979056,18.75840579930835,18.273914491704033,17.427357200294058,0.84,89.0,-0.19,2.14
FE,2022-03-10,37.891636549520705,38.229027311723954,37.4590836133387,38.09061050415039,4788500,24.20007698174557,18.002037636522488,18.764989765064414,18.178510086474734,17.427911594840847,0.85,89.0,-0.17,2.13
FE,2022-03-11,38.03005863986042,38.40205448066036,37.77052750212307,38.03871154785156,3358300,24.22671755647082,17.96382620794308,18.63090050647337,18.17086257066708,17.41569587358061,0.86,87.0,-0.24,2.27
FE,2022-03-14,38.46260864711051,38.7567447937195,38.021406077255634,38.28093719482422,3816100,24.094387885016765,17.97908026737875,18.44292431833026,18.12056308533213,17.40503794557201,0.87,86.0,-0.23,2.43
FE,2022-03-15,38.56642085218845,38.60102257852588,37.960846089704475,38.229026794433594,3182000,24.101481213728633,17.924737453478212,18.374954930076264,18.09303987731969,17.389519254903966,0.87,85.0,-0.23,2.5
FE,2022-03-16,38.16846950497898,38.419350995656494,37.39852581990113,37.960845947265625,5056700,24.1921655129684,17.950008233098167,18.415463298095865,18.033303282847942,17.372070665589167,0.88,85.0,-0.27,2.45
FE,2022-03-17,38.030050501578714,38.40204626277301,37.85702868007398,38.10791015625,4743700,23.998036913558053,17.94269015307855,18.3172510848937,17.998109263465984,17.286643265657613,0.88,83.0,-0.3,2.55
FE,2022-03-18,38.090614868139625,38.23768459935193,37.277416442992546,37.32067108154297,13233400,24.81620108086927,18.52082535942182,18.572250186128954,18.137463449397167,17.41686473945209,0.89,86.0,-0.35,2.38
FE,2022-03-21,37.46773827892245,37.90029123540917,37.46773827892245,37.7186164855957,4794700,24.14488334379963,18.583615674996654,18.592286084406677,18.16071168585232,17.37645612229062,0.89,86.0,-0.41,2.36
FE,2022-03-22,37.934892745676834,37.943545652822415,37.337970857200204,37.67536163330078,3355300,24.15944664061209,18.58942436345814,18.58331909539867,18.156058838667146,17.377836309911128,0.9,85.0,-0.47,2.37
FE,2022-03-23,37.67535972630348,37.926241218952335,37.41582862706401,37.64075469970703,3325700,23.949379490735907,18.582608628626375,18.557919584624052,18.150968813813876,17.376674980508653,0.91,83.0,-0.53,2.4
FE,2022-03-24,37.53694943863409,38.20308146576879,37.53694943863409,37.9868049621582,3017600,24.022468657415473,18.489118416535252,18.444058689442866,18.11433947135102,17.391849678319314,0.91,82.0,-0.57,2.5
FE,2022-03-25,38.07330804452843,38.817299623832284,37.9867987772165,38.79134750366211,3397100,23.88543414635778,18.912726639150172,18.681727206116445,18.26560818637806,17.50424145130883,0.92,87.0,-0.55,2.31
FE,2022-03-28,38.791345308976084,39.024924277643585,38.47125707789105,39.00762176513672,3105300,23.899630617928114,18.921868909203823,18.60675902874738,18.270611289183954,17.392682121422162,0.93,85.0,-0.52,2.38
FE,2022-03-29,39.00762854070865,39.33636973520742,38.626983099790394,39.32771682739258,4210600,22.954945842051632,18.952941787317602,18.630472242034465,18.21777538641481,17.331082578101118,0.93,85.0,-0.47,2.36
FE,2022-03-30,39.35366076876231,39.6304943359543,39.128731432846045,39.62184143066406,4380300,22.736386529451146,18.87146575049478,18.653007402257142,18.23217648486845,17.336263229063633,0.94,86.0,-0.4,2.34
FE,2022-03-31,39.64780733794395,40.140917466247814,39.64780733794395,39.67375946044922,4439900,22.482112344525692,18.833396554836632,18.649199667780074,18.20347115347477,17.292402752539708,0.94,85.0,-0.37,2.34
FE,2022-04-01,39.587243137018675,40.35719013298654,39.44017672325704,40.30528259277344,4140400,22.73652956787442,18.951089270555517,18.60095031043621,18.256366500485974,17.305194182298354,0.95,81.0,-0.24,2.39
FE,2022-04-04,40.01114178226835,40.19281320157607,39.56993929250438,40.06304931640625,4379800,22.824775272201475,19.027373594415593,18.606880710909987,18.214230735299694,17.320288800621153,0.96,82.0,-0.21,2.38
FE,2022-04-05,40.20147863209522,40.80705021845345,40.19282572365145,40.34854507446289,3189700,22.79427783309725,18.95862690551649,18.46768532917249,18.214957471679195,17.32194100694969,0.96,75.0,-0.18,2.51
FE,2022-04-06,40.582122426664675,41.51643849299273,40.34854341008266,41.46453094482422,4386300,20.82180163574061,19.646808561464514,18.902420939122734,18.46640433812337,17.513967599161468,0.97,89.0,0.06,2.24
FE,2022-04-07,41.48182278779046,41.49912529939477,40.95410773426735,41.07522201538086,4722000,21.318719683577665,19.757301568208494,18.9862873650537,17.872618054533838,17.53057255263802,0.98,91.0,0.09,2.16
FE,2022-04-08,41.30016073554754,41.343415374312805,40.884906963072254,41.06658172607422,2320600,19.188603796848565,19.76325802114702,18.92934415900933,17.733674409987422,17.527388486459436,0.98,90.0,0.06,2.21
FE,2022-04-11,41.02331458720861,41.274196055948266,40.53020455561227,40.55615997314453,2847300,19.682918025440163,19.993948618851892,19.066332658987957,17.793555984310004,17.540409748085786,0.99,96.0,-0.03,2.08
FE,2022-04-12,40.435049418188214,40.98871664152439,40.34853685196884,40.781089782714844,2405500,19.05193887909432,19.99813496957879,18.93270458381775,17.799858199400287,17.545014510168638,1.0,89.0,-0.11,2.21
FE,2022-04-13,40.83299445887539,40.90220120688054,40.43504658252477,40.79838943481445,2347000,19.04571123951153,19.998353110432934,18.79977084579891,17.637268773699905,17.522636441037598,1.0,84.0,-0.18,2.34
FE,2022-04-14,40.98872089194432,41.17039234966841,40.71188725156933,41.00602340698242,2745500,18.6012293956328,19.962386555793948,18.793698150110927,17.637226958363797,17.523266301235335,1.01,83.0,-0.24,2.35
FE,2022-04-18,40.954101332396036,41.17902734785871,40.781079543516064,40.91084671020508,2022000,18.555276141563382,19.981152532388535,18.800803291116903,17.629610287348846,17.52604034762487,1.01,84.0,-0.31,2.34
FE,2022-04-19,41.135783930848305,41.187691471686485,40.88490243363929,41.092529296875,2815800,15.237357655325074,19.960532642251795,18.79705379804249,17.631304500417045,17.487149960656808,1.01,82.0,-0.37,2.34
FE,2022-04-20,41.50777286612217,42.07009291523063,41.403961101712596,41.92302322387695,3605700,15.890789211173665,20.270317648793963,19.005147522882908,17.769028562605683,17.541749771209417,1.02,90.0,-0.38,2.17
FE,2022-04-21,41.81056188952978,42.26041396905744,41.60293506041844,41.62888717651367,2659700,15.981678704529775,20.364514194523043,18.517525807385447,17.714103919867146,17.510878594955653,1.02,65.0,-0.43,2.38
FE,2022-04-22,40.98871763777169,41.092529419641174,39.79487059586303,39.80352020263672,5208500,21.134806027855312,22.54263850038441,19.486145562410663,18.52213108333148,18.087715786625502,1.04,100.0,-0.51,3.25
FE,2022-04-25,39.95924282607719,39.95924282607719,38.739443562976696,39.3104133605957,3751100,21.505679075537042,22.736652793550665,18.654387673733495,18.583561944282014,18.13773222493537,1.03,76.0,-0.59,3.37
FE,2022-04-26,39.42288449948061,39.595906378567115,38.90382216233894,38.912471771240234,3254200,21.687453082925447,22.76812775545417,18.753754455722813,18.631567375879037,18.167878920691944,1.03,78.0,-0.66,3.24
FE,2022-04-27,39.1546938031865,39.293110623034174,38.453960096508965,38.70484161376953,2863900,21.748683763460647,22.79680048975306,18.468501628231383,18.646383635232247,18.125262667110604,1.02,64.0,-0.7,3.48
FE,2022-04-28,38.78270128119118,38.93841731591718,38.410705459078564,38.70484161376953,3159600,21.634479532783484,22.776376755589045,18.458275802446686,18.62749480270795,18.11136224677481,1.02,63.0,-0.75,3.49
FE,2022-04-29,38.6010218340576,38.66157897912638,37.38122272605987,37.467735290527344,4623500,23.637015186604728,23.68099744127173,19.17257370021753,19.040335902258228,18.409560671851054,1.02,99.0,-0.74,3.15
FE,2022-05-02,37.64075797921913,37.943547038143656,36.68914276572438,37.147647857666016,3137000,22.978448947316597,23.721940661162126,19.221075742704436,19.04974472067864,18.4063449721707,1.02,99.0,-0.74,3.07
FE,2022-05-03,37.36392572009339,37.96950056015148,37.190907165891694,37.32067108154297,4073800,22.80014698326603,23.343562989659148,19.225933243631296,19.048964581100723,18.352703016353043,1.02,99.0,-0.73,3.07
FE,2022-05-04,37.63210414149389,37.78782345712322,36.81025293125398,37.761871337890625,4545700,23.066106144251115,23.45216630978479,19.30076642580475,19.083065556378436,18.385305931935754,1.02,99.0,-0.74,3.0
FE,2022-05-05,37.6833083654855,37.927724037020255,36.705655668951714,37.08100509643555,3315100,23.666534683486773,23.645330087201362,19.528547198385617,19.16278953024282,18.48063402926824,1.03,100.0,-0.72,2.76
FE,2022-05-06,36.77549517608527,37.36907094890087,36.68820266251303,37.255592346191406,3307700,23.543586810626476,23.63415359873173,19.4286736789462,19.04984641185859,18.483965000279838,1.04,98.0,-0.72,2.85
FE,2022-05-09,37.09846985131635,37.2032175397097,36.46124947463096,36.81040954589844,4689200,22.843482868911586,23.436498093353993,19.515588551490097,19.104994817305876,18.52524147006977,1.06,99.0,-0.7,2.75
FE,2022-05-10,36.827867964839626,37.648400956675765,36.21683700904969,36.70566177368164,4817700,22.739520776397278,23.438021964713418,19.521932050867573,19.087049761921914,18.48513147271648,1.07,99.0,-0.68,2.74
FE,2022-05-11,36.73185256218759,37.88408716443596,36.73185256218759,36.97626495361328,3922300,22.708518112003322,23.094378914893433,19.503339814123557,19.09335695161821,18.373181784861874,1.08,97.0,-0.67,2.76
FE,2022-05-12,36.81041227599086,37.22940972037769,36.2779428780765,36.84532928466797,3475900,22.531476633234444,23.04954540618304,19.488222785436754,19.070580317579072,18.171043083952114,1.1,96.0,-0.65,2.78
FE,2022-05-13,37.133390044306324,37.238137741689435,36.58345880577375,37.107200622558594,2609800,22.67619904340488,22.879602209572678,19.502842296848854,19.02801547006315,18.180322494527825,1.11,96.0,-0.63,2.77
FE,2022-05-16,36.75803297862946,37.13338242458949,36.19064335198237,36.44378662109375,3238200,22.458718419869243,23.20017071919019,19.727420932494482,19.156782228043244,18.274820395904907,1.12,100.0,-0.62,2.54
FE,2022-05-17,36.53980228279027,37.32541475154424,36.225555963341414,37.29922866821289,3368000,23.719046160635454,23.65001667548558,20.028154411736576,19.34193798857016,18.4137933553483,1.14,100.0,-0.6,2.34
FE,2022-05-18,37.42143141740656,37.517451487355345,36.731839090249416,36.89768981933594,2780100,23.66513290169342,23.768917962196618,20.111638423384708,19.380833042591906,18.432894158856218,1.16,100.0,-0.58,2.25
FE,2022-05-19,36.82786232024109,36.99371640842276,36.199372957775736,36.67947006225586,3599700,21.863541823515085,22.75542430060154,20.13433805976971,19.32754602509896,18.43077464258876,1.18,100.0,-0.56,2.22
FE,2022-05-20,36.7929485084276,37.15956702430478,36.33903749124505,36.9849853515625,4034000,22.089444804773127,22.78312108330514,20.06993709006533,19.29850331285455,18.43009767836317,1.2,98.0,-0.55,2.27
FE,2022-05-23,37.35160617026206,37.66585250658373,36.950070664903635,37.27304458618164,2402400,22.312071975729808,21.561342769064098,20.092431331494474,19.289091447756302,18.441627510691948,1.21,98.0,-0.54,2.25
FE,2022-05-24,37.342881082072516,37.83170916260823,36.74930531637518,37.76187515258789,2954700,22.614993169820245,21.590367911574067,20.181273687229634,19.027640952785823,18.463056897030928,1.23,100.0,-0.54,2.18
FE,2022-05-25,37.74441406182614,38.015012483554344,37.56983239401767,37.68330764770508,3128000,22.49089080502614,21.416610394914578,20.170314040100155,18.98273369378168,18.46431932440519,1.25,99.0,-0.53,2.18
FE,2022-05-26,37.892812542977424,38.111038831137826,37.75314785174952,37.81425094604492,1936400,22.544106238198548,21.365907174742247,20.123548899560202,18.89582741000681,18.45311486032446,1.26,97.0,-0.53,2.24
FE,2022-05-27,37.7706060009968,38.145955479510356,37.67458590232558,37.91027069091797,3037800,22.481543968424305,21.072740584708836,20.11232105452188,18.76516625056644,18.454006188400417,1.27,96.0,-0.52,2.26
FE,2022-05-31,37.58729632615177,37.77060560540299,37.29923603315515,37.500003814697266,3537700,22.608304358096838,21.090687013357105,20.16125538077823,18.794352588192634,18.488879186901094,1.29,98.0,-0.5,2.21
FE,2022-06-01,37.53491778906392,37.70949946801002,36.792949815878686,37.150840759277344,3210700,22.572785813308478,19.59166924301301,20.21923214990999,18.83360572935428,18.51408544630958,1.3,100.0,-0.48,2.14
FE,2022-06-02,37.307968484679016,37.447633178885425,36.19064760115879,36.958805084228516,4794800,21.459751572213133,19.58452859565696,20.16421719484117,18.820249507592692,18.50543426443972,1.31,97.0,-0.46,2.18
FE,2022-06-03,36.819137097336196,37.01990486918671,36.48743222955903,36.55726623535156,3234900,21.533787366710495,19.67671944499075,20.24070838186019,18.799939462484343,18.536222110910366,1.33,100.0,-0.44,2.1
FE,2022-06-06,36.67073447774941,36.71438238794578,36.40886366591137,36.513614654541016,2941100,17.789017762713762,19.676779373177567,20.231286022540385,18.699204629548085,18.528027120348895,1.34,99.0,-0.42,2.11
FE,2022-06-07,36.452515226662776,36.627096911275416,36.190644364678136,36.55726623535156,4140400,17.588526702215834,19.680105689548633,20.23127053191713,18.682675197931818,18.509482259305717,1.35,98.0,-0.4,2.11
FE,2022-06-08,36.47869854286439,36.731841776722185,36.05970456779018,36.12080764770508,3824000,17.666751288333224,19.76028868841629,20.314396043539876,18.742427287906395,18.544235686809156,1.36,100.0,-0.39,2.02
FE,2022-06-09,36.173189893825864,36.32158550773562,35.562158924400514,35.59707260131836,4500900,17.997896917076556,19.95698789847902,20.44853050160062,18.821935438134254,18.60231013117115,1.37,100.0,-0.39,1.9
FE,2022-06-10,35.11697127093189,35.76292250083129,35.06459576692859,35.439945220947266,6761200,17.983968491197793,19.931414436180216,20.46035199709436,18.826679027368066,18.60602460128829,1.38,100.0,-0.4,1.89
FE,2022-06-13,35.073326346895094,35.17807402403065,33.77269631380981,33.95600891113281,5725300,19.62528720536933,21.648477590939137,21.546996662878282,19.516022590471714,19.09884321219486,1.4,100.0,-0.39,1.93
FE,2022-06-14,33.99965029312898,34.09567037556098,33.056911298198415,33.51082229614258,6034700,19.77866952918151,21.417356381904128,21.641486466268784,19.578695620842485,19.144241898064838,1.43,100.0,-0.35,1.84
FE,2022-06-15,33.711591251933015,33.92981750895202,32.06180128164827,32.50698471069336,10795200,21.099990786702858,22.04357979338181,22.15227946743011,19.891662098119927,19.29248632926896,1.47,100.0,-0.19,1.59
FE,2022-06-16,32.30621310847076,32.30621310847076,31.520600593658692,31.7126407623291,4953300,21.29182443904495,22.508089037304288,22.47409216657278,20.105865373898684,19.418111370360844,1.51,100.0,0.09,1.39
FE,2022-06-17,31.791195979718296,31.826112976116782,30.83100188783629,31.34601593017578,8361800,21.043769728421143,22.575311989324927,22.53492447992996,20.02692906248227,19.38876510562055,1.55,100.0,0.34,1.34
FE,2022-06-21,31.346025749371528,31.695189162996318,31.11034094465516,31.398401260375977,10017200,20.933035988138744,22.454343460885838,22.535481592527383,20.013976500398158,19.30884989455042,1.59,100.0,0.46,1.34
FE,2022-06-22,31.31983695515287,31.861037202670584,31.29364753697687,31.61662483215332,5332900,21.15508457705851,21.989532220785538,22.565042309053602,20.02355511884738,19.30600013861501,1.62,100.0,0.48,1.32
FE,2022-06-23,31.826113145098688,32.30621019358878,31.65153149204736,32.26256561279297,3652800,22.386697151481755,22.445635813687005,22.72679937530081,20.1527256134524,19.35399748240811,1.64,100.0,0.4,1.25
FE,2022-06-24,32.38478216941036,32.882337875952736,32.22765896420022,32.550636291503906,4496200,22.460849559809652,22.46157499636739,22.761339310864102,20.1253496379354,19.364280694288063,1.67,100.0,0.29,1.23
FE,2022-06-27,32.56808642578555,33.39734350366743,32.506983342780956,33.301326751708984,3275200,23.791108705580815,22.985224083877412,23.06833956076694,20.283346769545776,19.449871759651234,1.69,100.0,0.19,1.1
FE,2022-06-28,33.50209368593245,33.78142300998442,32.97834870593384,32.98707962036133,2223800,23.642573303554773,23.007262177553365,23.01325098067755,20.30396701723662,19.4500575999506,1.7,99.0,0.09,1.12
FE,2022-06-29,33.13547005651428,33.406071781222025,32.925974739855654,33.37115478515625,2177900,23.664062863934458,22.8754096243691,23.070278642895612,20.288567344473847,19.433506965233967,1.71,100.0,-0.02,1.09
FE,2022-06-30,33.21403446402017,33.90363021069698,33.065642212893124,33.51082229614258,3404700,22.449269859212823,22.91606620270587,22.871787223366415,20.291438436237407,19.41618338046878,1.72,97.0,-0.09,1.22
FE,2022-07-01,33.78142495340223,34.4273728037327,33.484637113289516,34.331356048583984,3460600,23.723710506385324,23.497324031590225,23.206375325847997,20.480770363937214,19.527907043236233,1.74,100.0,-0.14,1.08
FE,2022-07-05,34.12186038146533,34.21788047493273,32.25384400630626,32.84741973876953,3081200,26.63078478391577,24.158906223402518,24.129018654159122,20.96576929260406,20.022626374776355,1.77,100.0,-0.23,1.12
FE,2022-07-06,32.78631533602738,33.09183077585967,32.41969347836007,32.68156433105469,2928500,26.389232325790875,24.13260554170335,24.11167409841767,20.973437631699277,20.02339462704474,1.8,99.0,-0.32,1.12
FE,2022-07-07,32.777582203279145,33.06564245266397,32.48952528376265,32.498252868652344,2732300,26.149588968077147,24.123620583295942,23.95404956554253,20.931356185082695,20.025552785803306,1.82,98.0,-0.39,1.22
FE,2022-07-08,32.5244402231588,32.64664972546468,32.16654929107701,32.41096496582031,2512800,25.621829897147176,24.057826850213722,23.945351341103557,20.813662271982114,19.992614237115273,1.83,97.0,-0.47,1.22
FE,2022-07-11,32.31494067540861,32.768851635323095,32.17527602080938,32.664100646972656,1524400,25.880676173982586,24.099210021138077,23.792432542602352,20.782686429703155,20.00532447998406,1.85,96.0,-0.52,1.34
FE,2022-07-12,32.41969168100685,33.09182894124305,32.393505596149716,32.65537643432617,2272200,25.799921698360894,24.094574622522455,23.768760271670725,20.779984645387444,20.004820124815726,1.87,95.0,-0.57,1.36
FE,2022-07-13,32.34113457320387,32.85614873584841,32.30621756864892,32.463340759277344,2500300,25.70461775572198,24.028512107337757,23.636563712409167,20.728248984852673,19.97474334351959,1.88,94.0,-0.63,1.42
FE,2022-07-14,31.922133409099548,32.65537369234652,31.922133409099548,32.62045669555664,2672100,25.804373923156493,24.09308321465242,23.65227719844877,20.700216756877694,19.98007492818807,1.89,94.0,-0.68,1.41
FE,2022-07-15,32.85614831513563,32.90852382129739,32.367323577100954,32.70775604248047,1817800,25.849100548252878,24.070188272492054,23.65533473556064,20.676925533320446,19.95767705975662,1.89,94.0,-0.74,1.42
FE,2022-07-18,32.72520906058291,32.9783489732727,32.45460731889659,32.637916564941406,2108400,25.85457675101461,23.556834946003654,23.656275562542323,20.675507316804385,19.93527035289391,1.89,94.0,-0.79,1.42
FE,2022-07-19,32.803770044007685,33.24022252465791,32.707749965485725,33.083099365234375,2456500,26.266521421403688,23.82611225390857,23.19338228978091,20.714479674239023,19.946495032545993,1.89,89.0,-0.81,1.6
FE,2022-07-20,33.19657958199324,33.30133059053487,32.79504403885634,32.8997917175293,2703500,26.266149608748357,22.245915197517274,23.18682069526719,20.633881675104877,19.94332300576314,1.89,88.0,-0.84,1.59
FE,2022-07-21,32.89978893237735,33.030726017035484,32.51571192317833,33.013267517089844,2483800,26.30892681252685,22.200995514582907,22.39706696450411,20.62134575381276,19.944686795805065,1.89,77.0,-0.89,1.7
FE,2022-07-22,33.21403373180491,33.589383138563484,33.17038914889843,33.4497184753418,1927100,26.601420121861512,22.388320902807564,22.417485058203994,20.624259831783696,19.54200420438548,1.89,77.0,-0.94,1.68
FE,2022-07-25,33.34497886184716,33.79888995938574,33.26641726169877,33.71159744262695,2007400,26.512268130517374,22.47933962434199,22.375820171119127,20.6441982055374,19.477120829973117,1.89,75.0,-0.97,1.75
FE,2022-07-26,33.73778723052743,34.3051736112367,33.694139306737505,34.121864318847656,3030200,26.801728225819577,22.66815113718719,22.420901393407846,20.692757911985787,19.499865683424662,1.89,77.0,-1.0,1.72
FE,2022-07-27,34.14804346361114,34.69797455879289,33.589384783368004,34.331356048583984,4273300,23.799444600129643,21.822915756062653,22.252819394114795,20.69959008680506,19.507114306398453,1.89,73.0,-1.03,1.82
FE,2022-07-28,34.42736845435146,35.0733195529441,34.15677006334571,35.03840255737305,3538700,24.124363281460067,22.222809970966864,22.430052374217627,20.764373229730122,19.51593490162149,1.88,77.0,-1.04,1.73
FE,2022-07-29,35.064594217302044,36.146997943121114,35.02968054604479,35.87639617919922,4607600,22.97237515355812,22.76211410444476,21.881447377798953,20.934773860681453,19.652265335918187,1.88,70.0,-1.04,1.61
FE,2022-08-01,35.78910354144553,35.87639270594081,35.073321737006076,35.37010955810547,3812900,22.0400129452766,22.779442944398102,21.971425416229177,20.913069989432504,19.69556905809014,1.88,70.0,-1.03,1.53
FE,2022-08-02,35.45740476011101,35.605800360862865,34.558313559217794,34.63687515258789,4066100,22.754930416043912,22.874530228368215,22.192711596355878,21.063069974924666,19.80778588763944,1.88,71.0,-1.04,1.36
FE,2022-08-03,34.654330715117446,34.654330715117446,34.04329652182888,34.392459869384766,4853100,22.95085217939188,22.87359685393474,22.21395890886389,21.080363375552807,19.820596052622573,1.88,71.0,-1.05,1.33
FE,2022-08-04,34.401275717417874,34.542336681051815,33.995725867365145,34.16323471069336,4153400,23.089072163194555,22.79311453455385,22.2321153781527,21.05262803061564,19.787891938063307,1.88,71.0,-1.07,1.3
FE,2022-08-05,34.154418940108016,34.32192777886656,33.519642939492805,33.82821273803711,4194600,22.734980632645556,22.85931101476757,22.24320718869176,21.081639595239004,19.796486674156057,1.87,71.0,-1.08,1.26
FE,2022-08-08,34.13678241471582,34.33073911264609,33.54608739374548,33.740047454833984,5281700,22.657852716720555,22.788308807677392,22.244268691522873,21.02980376059607,19.794645606080206,1.87,71.0,-1.08,1.26
FE,2022-08-09,33.83703909130087,34.410097907101196,33.71361114214878,34.339569091796875,11156300,22.274684978699163,23.118386893485056,22.42443412576062,21.08213659714424,19.871042162785297,1.86,76.0,-1.09,1.2
FE,2022-08-10,34.53352214411692,34.86854322948806,34.2866662723482,34.85091018676758,3627800,22.39005764890381,23.28902814282597,22.55133351559816,21.150701647598837,19.923914196883363,1.86,80.0,-1.08,1.15
FE,2022-08-11,34.97433413235825,35.78543718916496,34.80682529036362,35.326988220214844,5704900,22.4726791211692,23.204593043495443,22.437055372866553,21.20118890481537,19.952599970538504,1.85,76.0,-1.07,1.27
FE,2022-08-12,35.52095013138774,36.014661843983944,35.37988916162329,35.997032165527344,3898800,22.994418677649136,23.02889704984786,22.577776173256588,21.30504137755649,20.034579225851353,1.85,81.0,-1.06,1.21
FE,2022-08-15,36.0322915553493,36.37612742717404,35.81188360026591,36.33204650878906,1975700,22.15610266847145,23.015662155285618,22.630220624287826,21.3302168279667,20.037509973507028,1.84,81.0,-1.05,1.2
FE,2022-08-16,36.305600300373754,36.52600826559547,36.06755929435526,36.1645393371582,2081700,17.480722835309244,23.0034250897237,22.64016445749368,21.104806175187758,20.03868277728039,1.83,81.0,-1.04,1.18
FE,2022-08-17,36.03229752960047,36.402584704377595,36.005849646816046,36.049930572509766,1780500,17.411546669589647,22.941766318746154,22.592298912976666,20.824538263746184,20.0355239884246,1.82,79.0,-1.02,1.19
FE,2022-08-18,36.01466379533889,36.5612780255569,36.01466379533889,36.31441879272461,1848900,17.24009881448883,22.935115854727776,22.364706820958567,20.378078505534596,20.013725041193332,1.81,65.0,-0.98,1.28
FE,2022-08-19,36.29678352302444,36.437847854935335,36.03229462700907,36.38494873046875,2238800,17.1429159782363,22.769062820538007,22.346457875699265,20.378149973329073,19.930613622835303,1.8,64.0,-0.94,1.29
FE,2022-08-22,36.14690952441458,36.17335740639231,35.48568556969968,35.653194427490234,2092900,18.466885852012375,23.12301142692668,22.515652130700285,20.349017096939974,20.03464364265213,1.79,73.0,-0.9,1.14
FE,2022-08-23,35.741360431998515,35.78544135732532,35.538585484967996,35.68846130371094,1743100,18.451640349598815,23.108473503529513,22.477387938938588,20.33948585722194,20.02069542736448,1.78,72.0,-0.84,1.15
FE,2022-08-24,35.6884594151608,36.14690841324936,35.485684478860655,35.794254302978516,2729400,18.259696549490975,23.11137938429941,22.483315910580163,20.306235314680695,20.016200920568387,1.77,72.0,-0.78,1.15
FE,2022-08-25,35.785438656015685,36.0851936340332,35.63555948542754,36.0851936340332,1551100,18.308628479733137,23.090546037616637,22.36964042621388,20.31840548500395,20.010096014909028,1.76,62.0,-0.7,1.2
FE,2022-08-26,36.14690419604374,36.14690419604374,35.29172026446322,35.43278121948242,3442500,19.351402870981936,23.304738526693605,22.52162241103677,20.436214085132406,20.059288474608554,1.74,73.0,-0.63,1.09
FE,2022-08-29,35.265267665855305,35.750164423629215,34.97432759329616,35.4239616394043,1913600,19.31836603148134,23.28694004310089,22.482621488336957,20.43628101660194,20.059314695951826,1.72,70.0,-0.54,1.1
FE,2022-08-30,35.37106900841919,35.520948172304486,34.91262004117979,35.0272331237793,1979800,19.44898102704177,23.29338928494841,22.063932894019985,20.47179451683512,20.09187334388531,1.71,50.0,-0.49,1.16
FE,2022-08-31,34.98315480866311,35.51213261470416,34.842093836174904,34.8685417175293,3355400,19.41733862111404,23.306437810128315,22.033859621206833,20.41497443809849,20.090202174851395,1.69,49.0,-0.41,1.19
FE,2022-09-01,34.90380120655412,35.49449286625329,34.85090209068147,35.41514587402344,2595700,19.812225503949644,23.54269824508157,22.201349721272614,20.4887467193012,20.09938960849142,1.68,52.0,-0.34,1.12
FE,2022-09-02,35.56503032377873,35.96176534408434,35.09776650161809,35.18592834472656,2076100,19.6994456628253,23.45475468899082,22.145778591901543,20.50351430321866,20.073573769977216,1.67,49.0,-0.24,1.17
FE,2022-09-06,35.24764015437326,35.62674211026735,34.903804278831764,35.01841735839844,2887500,19.697451104452544,23.287012159871594,22.12384439329325,20.483216394704325,20.061756460274076,1.65,48.0,-0.15,1.16
FE,2022-09-07,35.21238222871224,36.3408735192283,35.21238222871224,36.27915954589844,2683200,21.84684739108042,24.386111442801813,22.884551145528196,20.89245859086915,20.15912903020856,1.63,84.0,-0.07,1.12
FE,2022-09-08,36.04992717695874,36.384948234361566,35.87360012763311,36.17335510253906,3856000,21.857373569114753,22.681332698908232,22.86415599764223,20.888478934769473,20.127423515241773,1.62,82.0,-0.02,1.13
FE,2022-09-09,36.32323480820947,36.737599512613954,36.1116416732609,36.59653854370117,3353900,21.349866523103064,22.585542572157628,22.9546696637889,20.931189610494446,20.101504996052608,1.6,84.0,0.01,1.09
FE,2022-09-12,36.64062044501514,36.93155720308586,36.332047283424195,36.81694412231445,2896500,20.345810701251057,21.60157021044391,22.965701512207918,20.92734902891754,20.024420614124377,1.58,84.0,-0.02,1.08
FE,2022-09-13,36.420220536818036,36.852218350127096,36.08519942219925,36.27915954589844,5321200,20.378641070654872,21.163309104628794,22.814360362966344,21.002861327337428,20.06875953920433,1.57,79.0,-0.38,1.1
FE,2022-09-14,36.2967871469076,36.78168742836696,36.23507317711442,36.534828186035156,4764900,19.36656033972441,20.985636421074883,22.83579119030474,21.016475524580446,20.079268061403067,1.54,79.0,-0.86,1.11
FE,2022-09-15,36.44666606442729,36.44666606442729,35.600300173648726,35.635562896728516,4121100,20.718810845520057,21.727911206970347,22.075518643081804,21.169760143612123,20.220715168923938,1.52,41.0,-0.94,0.83
FE,2022-09-16,35.77662372772697,36.57890861348657,35.6355593966267,36.32323455810547,16633700,21.210691962239203,21.985330175120495,22.230532174111016,21.28267751283063,20.261425452258166,1.49,47.0,-0.98,0.8
FE,2022-09-19,36.18216782491773,36.95800134339577,35.90886077169769,36.90510559082031,4208300,21.26820605932023,21.852102453443976,22.335312351707277,21.35833007637163,20.25368197597121,1.46,51.0,-1.02,0.78
FE,2022-09-20,36.68470088110546,36.71996696136419,35.76780297332929,36.48192596435547,4186600,21.623420771188353,21.98709764585144,22.390775104116894,21.39397650023772,20.280375928736746,1.43,55.0,-1.04,0.74
FE,2022-09-21,36.68471541646697,37.06381752156147,36.120471361394195,36.14691925048828,6123800,21.40262949447425,21.664076312798308,22.4324244898602,21.398543212207905,20.302237385404453,1.39,60.0,-1.06,0.7
FE,2022-09-22,36.16454089933517,36.16454089933517,35.58266398054121,35.6972770690918,3306700,21.416256687070682,21.73781766725055,21.930224101900503,21.44562870893442,20.337925149608726,1.36,33.0,-1.05,0.79
FE,2022-09-23,35.371074474357954,35.3798926776214,34.93907668290502,35.30936050415039,4062300,21.323705586280962,21.77332084495107,21.95542363043576,21.469620442729255,20.36715749725462,1.34,33.0,-1.03,0.77
FE,2022-09-26,35.24763600825208,35.35343087370686,33.70478048747408,34.18086242675781,3349400,22.537613402335328,22.812000109800625,22.517496273877615,21.80793717534362,20.631563862964306,1.31,66.0,-1.03,0.63
FE,2022-09-27,34.34838065299336,34.47180859036074,33.52846265401402,33.687156677246094,2997000,22.58532597970509,22.460136271250708,22.529030459628665,21.83053215799957,20.682695720169495,1.28,67.0,-1.05,0.59
FE,2022-09-28,34.11915601752896,34.26903182979235,33.64307397300017,34.09270477294922,2780300,22.959778028443296,20.6507522563142,22.456561210092445,21.875980751364118,20.698821800761085,1.26,59.0,-1.05,0.66
FE,2022-09-29,33.95165224994325,34.01336959388351,32.75263536394995,32.779083251953125,4284300,25.383356696876024,22.187437256110034,23.252122708276403,22.3550419863208,21.072283156401948,1.24,90.0,-1.09,0.61
FE,2022-09-30,32.92013923282266,33.07001505950009,32.36471012745499,32.620384216308594,6156700,25.191024146191303,22.179570928607923,23.195609393138877,22.360270786295885,20.990711608855836,1.22,88.0,-1.12,0.65
FE,2022-10-03,33.20225813779378,33.546094050198306,32.82315614125573,33.193443298339844,4638100,25.875434474740228,22.45402060651944,23.381438093158692,22.453195318122994,21.051546618145203,1.2,90.0,-1.14,0.58
FE,2022-10-04,33.325690886917215,34.45418220022069,33.2110777784934,34.339569091796875,3733400,27.461490898467076,23.44013238395694,23.99650435723793,22.817915559923858,21.314276165747973,1.19,98.0,-1.12,0.54
FE,2022-10-05,33.85466919845566,33.87229887838254,32.88487200768232,33.29924011230469,3624400,28.748257877829094,24.31808771913641,24.461985018438316,23.1023947231893,21.534789937799317,1.18,100.0,-1.13,0.4
FE,2022-10-06,33.14054152860001,33.211070328082236,32.33825667593277,32.48813247680664,4220800,29.41506706215077,24.821919486029874,24.712329041424084,23.27644511963103,21.64337439618095,1.17,100.0,-1.15,0.29
FE,2022-10-07,32.488133939229435,32.54103306359128,31.606502045484717,31.8269100189209,4125800,29.62811951658827,25.154728121947844,24.75895111816622,23.397048993548445,21.731323216328377,1.17,100.0,-1.16,0.27
FE,2022-10-10,32.00323769443313,32.611565865402305,31.950341932198484,32.444053649902344,5720200,30.068744263979625,25.467506718911974,24.666005586478427,23.51310889398573,21.806770270526915,1.17,98.0,-1.17,0.29
FE,2022-10-11,32.39997159234933,32.990663337675976,32.214829704694,32.3735237121582,5949900,30.058957269597425,25.467638001278857,24.620016583628576,23.51395664287994,21.77073475654748,1.17,97.0,-1.18,0.32
FE,2022-10-12,32.39115946248949,32.39115946248949,31.73875033688577,31.870996475219727,4033000,30.190146469611,25.500394688887333,24.714546216918272,23.5819514918877,21.827910194238505,1.17,99.0,-1.18,0.27
FE,2022-10-13,31.518342379366107,32.867238193796624,31.386096240902365,32.72617721557617,5693300,31.380902206758176,26.074317802580023,25.0623438989999,23.794880959890268,21.984356471259886,1.18,100.0,-1.17,0.2
FE,2022-10-14,33.025930148821736,33.34331817075397,31.853361471304108,31.88862419128418,6503700,31.653176301253737,26.593935377088656,25.324131041363955,23.98290796960623,22.006865703684127,1.19,100.0,-1.17,0.1
FE,2022-10-17,32.25009504547326,32.779072816084444,32.135481962016,32.54984664916992,3052700,32.39079077955619,26.79899234760999,25.46159324303141,24.06829313812319,22.09984076982517,1.2,100.0,-1.19,0.07
FE,2022-10-18,32.93776148572882,33.202250328201245,32.54984137782171,32.893680572509766,2742100,32.60362227162019,26.84035043805294,25.532422091140646,24.094851132587845,22.087813268094138,1.21,100.0,-1.21,0.05
FE,2022-10-19,32.47931784922913,32.94658165870763,32.31180900660594,32.54984664916992,3150100,30.67820539566804,26.790232139867996,25.56153183752351,24.12126101805341,22.03223994875362,1.22,100.0,-1.25,0.03
FE,2022-10-20,32.49695219760436,32.51458523908873,31.571239380206983,31.809280395507812,2675700,31.1871991859593,27.132616372083312,25.779731165847373,24.217983524478736,22.11911621742764,1.23,100.0,-1.32,-0.06
FE,2022-10-21,31.782831680904405,32.302994675030945,31.53597580679657,32.1002197265625,5001800,31.083595524238657,26.844993844419452,25.794854386119532,24.231478972346178,22.136079218867,1.24,100.0,-1.36,-0.05
FE,2022-10-24,32.39997430664931,32.63801533778745,32.10903414753859,32.51458740234375,2678300,31.34321979354981,26.502637739230302,25.864354427962212,24.17099444543131,22.12978179165446,1.25,100.0,-1.38,-0.07
FE,2022-10-25,32.51458985376709,33.246342681850216,32.47932376579316,33.13173294067383,4042400,31.861876292683416,26.69665751090107,26.05305372325341,24.277396023972354,22.18516589405798,1.26,100.0,-1.37,-0.11
FE,2022-10-26,33.360954316322584,33.405035242768186,31.90626020150387,32.07377243041992,5790700,32.819886685520366,27.16223482698799,26.480491894351466,24.521784597159918,22.40658815160782,1.28,100.0,-1.37,-0.18
FE,2022-10-27,32.39997382452024,33.175810874111626,32.34707469733482,32.840789794921875,4534300,33.18896386519764,27.60779197477105,26.774865960544403,24.677963225789092,22.528724872707517,1.3,100.0,-1.35,-0.24
FE,2022-10-28,32.973034141640824,33.634258061354274,32.8584210538727,33.57254409790039,3694600,33.36646246422018,27.970044259958698,27.022827073275486,24.72572794226954,22.620839631872244,1.33,100.0,-1.32,-0.29
FE,2022-10-31,33.510822940949886,33.56372205921767,33.02592612788288,33.246334075927734,6060200,32.95522933363015,27.968723966438574,27.00155520770513,24.746637768292917,22.58302465544991,1.36,99.0,-1.29,-0.28
FE,2022-11-01,33.449112478764356,33.898746623114945,33.33450275528252,33.87229537963867,3732100,33.471499149682145,28.23159324989745,27.08565669962083,24.739839081110986,22.648968204024385,1.38,100.0,-1.25,-0.27
FE,2022-11-02,33.801759131833435,34.52469684863869,33.484371185302734,33.484371185302734,3353500,33.518263157119534,28.089112518120363,27.135211986320666,24.761492085989968,22.642725304718287,1.41,100.0,-1.22,-0.3
FE,2022-11-03,33.11409791616056,33.97809684089124,32.86723867826675,33.687156677246094,2440400,33.47019402497193,27.943791036346077,26.29601162525424,24.700205720433473,22.65034931690312,1.43,94.0,-1.22,-0.34
FE,2022-11-04,33.900923155999244,33.9810883726787,33.05473551279143,33.75840759277344,3059300,33.37893363481078,27.794532171644303,26.213788436426512,24.701398821020355,22.650955288275647,1.44,93.0,-1.22,-0.29
FE,2022-11-07,33.78512974032863,33.78512974032863,32.680631526562216,33.28632354736328,4328000,32.303413942272655,27.623056841330158,25.856083595709823,24.752598059391286,22.691235865402824,1.46,90.0,-1.21,-0.25
FE,2022-11-08,33.366490452093025,33.72278109331713,33.16162452263295,33.54463577270508,3903600,32.129332795773266,27.599777640819482,25.56988009163681,24.771005124498657,22.658126896848536,1.47,87.0,-1.19,-0.16
FE,2022-11-09,33.23289476751954,33.50011113601601,32.90332462846143,33.11709976196289,2415700,32.120993960453625,27.692648589867417,25.585133818873384,24.509425035455735,22.688095820509048,1.48,87.0,-1.2,-0.16
FE,2022-11-10,33.972180910303976,34.78273885312932,33.55353993617423,34.72929763793945,2301100,32.96518900910147,29.45307209214062,26.650011744162587,25.142349019501548,23.118077126911295,1.51,95.0,-1.22,0.05
FE,2022-11-11,34.74711409229032,34.75602322799194,33.633709978366326,33.81185531616211,3297000,33.95418596848669,29.88606584436319,26.994207166353974,24.95013015571908,23.273714279393516,1.55,96.0,-1.22,-0.04
FE,2022-11-14,33.85639045257599,33.85639045257599,33.13490676879883,33.13490676879883,4160300,34.14371824544437,30.131098347822753,27.01208480978668,25.019011518404273,23.361670136933384,1.58,97.0,-1.21,-0.06
FE,2022-11-15,33.482284343547484,34.17704733397115,33.46446947227518,33.9810905456543,5943000,33.47547027596966,30.364508826818387,27.26789359838076,25.16008320928524,23.469824061508454,1.62,100.0,-1.2,-0.12
FE,2022-11-16,33.91874518896188,34.33738283305949,33.82967081948596,33.89202117919922,2796500,32.22395588970326,30.364444121477007,27.03465966181827,25.14016724387419,23.46900158701666,1.65,97.0,-1.19,-0.06
FE,2022-11-17,33.54464182259344,33.66934255016025,33.117095014718636,33.535736083984375,2491100,31.515561858733076,30.418257820897775,27.04508928109223,25.075551213589286,23.458316413671266,1.68,97.0,-1.18,-0.06
FE,2022-11-18,33.81185928465814,34.29285073380878,33.65152880160793,34.2750358581543,3828600,31.38180362779412,30.723259878413472,27.203246729060343,25.179065249707634,23.527597678864485,1.72,99.0,-1.18,-0.1
FE,2022-11-21,34.2661302613938,34.62241758244107,34.20377989526452,34.390830993652344,2857200,30.981066734013723,30.519462870186132,27.200605490876526,24.750263787066945,23.528758514387764,1.75,98.0,-1.18,-0.1
FE,2022-11-22,34.63132316286657,34.854003989843626,34.319567966394835,34.720394134521484,1621000,31.0317145417493,30.588685654511714,26.970933921385676,24.771576408352654,23.542127288099927,1.77,89.0,-1.19,-0.04
FE,2022-11-23,34.59568766440191,35.20137968492554,34.59568766440191,35.19247055053711,1636200,30.71267234963705,30.631853663542003,26.099775715710066,24.820950963225638,23.57409016923908,1.79,83.0,-1.2,-0.17
FE,2022-11-25,35.272644333395185,35.51314005267597,35.272644333395185,35.504234313964844,669700,29.97232611215262,30.668154593192483,26.114932983748336,24.84499647676958,23.589587823021585,1.8,83.0,-1.21,-0.18
FE,2022-11-28,35.219193150818185,35.3884293212156,35.049953582581715,35.29935836791992,2435600,28.847224955328464,30.526333718663846,26.115967005628598,24.852947322849914,23.449558722042553,1.81,83.0,-1.21,-0.18
FE,2022-11-29,35.05886956257075,35.49532207592047,34.90744483499247,35.45078659057617,2398400,28.3892698899405,30.509120334647932,26.115518088544647,24.84623120903243,23.267880246188273,1.83,82.0,-1.2,-0.18
FE,2022-11-30,35.26373787030727,36.79578313299259,35.05887190575933,36.73343276977539,4631200,29.8651862213609,31.3400873015813,26.667793501733726,25.207738099896314,23.245521276659883,1.85,87.0,-1.2,-0.22
FE,2022-12-01,37.107529006925446,37.37474529190033,36.66216739935417,36.85812759399414,4643300,29.561542808334764,30.507514655656585,26.669079297470745,25.19822667251901,23.246915276175926,1.87,87.0,-1.19,-0.22
FE,2022-12-02,36.47512182514581,37.02736935019162,36.332606225203676,36.98283386230469,3138200,28.422295796102944,30.50674005099615,26.646784320906804,25.197192128960094,23.13586157237429,1.88,84.0,-1.18,-0.21
FE,2022-12-05,36.688894506421256,36.99174058911997,36.61763840346627,36.8135986328125,2616100,28.528247963344437,30.431982034176325,26.65699499619526,25.08217958638936,23.13529236516389,1.9,85.0,-1.18,-0.22
FE,2022-12-06,36.77796520601182,37.1164376074336,36.510748900422115,37.027366638183594,2790700,28.423934164289218,30.430235369420323,26.665942820231052,25.059764999909323,23.119431729997093,1.92,85.0,-1.16,-0.22
FE,2022-12-07,36.94720535766629,37.37475217189741,36.78687487759962,37.143165588378906,3064100,28.091627484249305,30.27864507327813,26.662054872588214,25.062351804982182,23.11572731621714,1.93,84.0,-1.15,-0.22
FE,2022-12-08,37.143165588378906,37.41038192254335,36.98283510831223,37.143165588378906,2712000,25.943859313420763,30.247151580528552,26.59019059237847,25.062154090929912,23.114977123367144,1.95,80.0,-1.14,-0.19
FE,2022-12-09,37.08971636221414,37.39256240946287,36.840314934305646,36.947200775146484,3210400,25.47836461085827,29.81310204699622,26.588512412744336,25.045560421335505,23.121896309564114,1.96,79.0,-1.13,-0.19
FE,2022-12-12,37.33912234515772,37.641968429350925,36.956114418934575,37.6241569519043,2860400,25.262574963033035,29.788355229301324,26.72291695826972,25.01448366349232,23.18456598351521,1.97,87.0,-1.09,-0.24
FE,2022-12-13,38.2031251084407,38.265475473024004,37.20551587726779,37.6241569519043,2797000,24.963818661655235,29.61713995660314,26.656212708500792,25.005203908137247,23.145643618045952,1.97,81.0,-1.07,-0.21
FE,2022-12-14,37.722132056701994,38.158587987967856,37.44600999616227,37.713226318359375,3569400,24.58349185691504,29.516324908829812,26.6357980500115,24.98726105658665,23.140852923258773,1.98,78.0,-1.06,-0.2
FE,2022-12-15,37.57961753320809,37.67759764697881,37.23223596463192,37.41038131713867,3119700,24.418894039495836,29.50083152229059,26.61660281350492,24.98752191129419,23.155853391189336,1.98,77.0,-1.08,-0.2
FE,2022-12-16,36.80468746076636,36.96501793084783,35.798169153663785,36.457305908203125,10734700,25.855375971986927,29.876008843377377,26.938409322125274,25.16796865886851,23.285717275113484,1.98,88.0,-1.1,-0.26
FE,2022-12-19,36.51074534988431,36.884847461761886,36.25243480720349,36.52855682373047,2194100,25.85569876862109,29.784815523506236,26.752085629461302,25.095241046137478,23.27872418362767,1.99,86.0,-1.12,-0.2
FE,2022-12-20,36.57309627160642,36.893753773422745,36.33260059686462,36.742332458496094,2489900,25.37701291456076,28.993577398386865,26.50695067834986,25.098017547459396,23.280633709410804,1.98,72.0,-1.14,-0.13
FE,2022-12-21,36.849217439834185,37.1698783320706,36.75123734522425,37.160972595214844,2627800,25.45302892683744,28.877836032612635,26.46257457644311,25.120977511525133,23.306642796474918,1.97,70.0,-1.17,-0.12
FE,2022-12-22,37.134249378606185,37.134249378606185,36.368230272667205,36.87594223022461,1905400,25.210977226207206,28.8585821087007,26.272208793136087,24.917318634110764,23.310736549143815,1.96,68.0,-1.19,-0.07
FE,2022-12-23,36.875948657458395,37.41038131713867,36.849224645986396,37.41038131713867,1493700,21.78773273677863,27.70681689396919,26.33287944416039,24.95851304009098,23.353651665220116,1.96,69.0,-1.21,-0.09
FE,2022-12-27,37.446007149540144,37.686502840587174,37.29458242650773,37.641963958740234,1092400,19.959863150608054,27.679007886495338,26.31841453064728,24.971043564013375,23.359913080159174,1.95,68.0,-1.21,-0.08
FE,2022-12-28,37.75776759909845,37.90028321932639,37.37475623264079,37.47273635864258,1547800,18.81837649574403,27.534840861003595,26.276077884213827,24.934727324862557,23.32868329485567,1.94,66.0,-1.22,-0.07
FE,2022-12-29,37.65978106774511,37.77557605131049,37.49945059752839,37.633060455322266,1167700,17.723339508577777,26.724978223192796,26.274560029850637,24.930921559781474,23.328041947704374,1.93,65.0,-1.21,-0.07
FE,2022-12-30,37.58852355215332,37.68650365779782,37.045181801099034,37.35693359375,1670000,17.91560178192328,25.93602239098972,26.17377390144152,24.94412199231179,23.336782861478945,1.92,62.0,-1.22,-0.03
FE,2023-01-03,37.38365823305467,37.50835895221671,36.88485195856674,37.43709945678711,2777300,17.43637529204436,25.337740676827703,26.079175111205654,24.937321967772434,23.331449047693056,1.91,57.0,-1.24,0.01
FE,2023-01-04,37.54399010713051,37.89137166577074,37.35693562353664,37.713226318359375,3139400,16.61364377886115,24.900985514845686,26.01977875657245,24.953651607452237,23.3261688431614,1.9,55.0,-1.25,0.03
FE,2023-01-05,37.49944543654603,37.53507518009939,36.911568259273146,37.125343322753906,4797600,17.492491716023935,24.948274587155783,25.98404589806264,25.01190051354329,23.377168893314217,1.89,54.0,-1.27,0.05
FE,2023-01-06,37.4816372889209,37.75775933136547,37.35693317541728,37.73994445800781,2349300,17.841588137330437,25.098094121172764,26.07149958321646,24.97391153200884,23.42241439084881,1.88,56.0,-1.27,0.01
FE,2023-01-09,37.659780981923326,37.90918582271422,37.401473800798215,37.76667022705078,3173700,17.556344732734875,24.813720779932797,26.05919991921973,24.962534404782588,23.42035264032876,1.86,55.0,-1.28,0.02
FE,2023-01-10,37.64196513678422,38.00716155361677,37.214418360822194,37.93590545654297,4356200,17.46214291638952,24.32285633212784,26.060519926414656,24.406263269958657,23.397524341726832,1.85,55.0,-1.29,0.02
FE,2023-01-11,37.85573453303158,38.23874576601644,37.74884870456859,38.176395416259766,3092800,17.33250212488361,23.602460085589165,26.05441437068321,24.37526966587102,23.404154991702736,1.83,53.0,-1.29,0.02
FE,2023-01-12,38.229842818094674,38.46143278138717,38.060606612488456,38.38126754760742,3257700,17.344244961682477,23.32450414645959,26.064842436262953,24.35470916503393,23.405928989778747,1.82,55.0,-1.28,0.02
FE,2023-01-13,38.42579664104019,38.42579664104019,37.91808471084425,38.06060028076172,4147800,14.553102631635461,23.377395080045694,25.890165535446354,24.366628751515133,23.421925182441488,1.8,48.0,-1.3,0.07
FE,2023-01-17,38.203123807751716,38.577229380354524,38.078423082830746,38.292198181152344,5005700,14.608955095095544,23.23187540845692,25.904384095892574,24.37752582844659,23.425572964551083,1.78,48.0,-1.31,0.06
FE,2023-01-18,38.39908290244513,38.39908290244513,37.365843986254866,37.51726531982422,7578700,15.886359727674392,23.116035050395844,26.118070380801523,24.193000769271716,23.517006457804523,1.76,61.0,-1.33,-0.01
FE,2023-01-19,37.47272946807967,37.597430188118835,37.000647199977166,37.32130813598633,4626500,15.905480753066056,23.134503292718417,26.104739162833333,24.179526171389668,23.52328156540843,1.74,57.0,-1.34,0.0
FE,2023-01-20,37.40146899188571,37.61524065897517,36.51965152108339,37.58852005004883,6142500,15.94936188399787,23.055389668778393,25.955352620776388,24.18800806936218,23.52958406680946,1.72,46.0,-1.36,0.05
FE,2023-01-23,36.929390800566594,37.356937618481915,36.573103484557194,36.64435958862305,5870300,17.603862073125192,23.491109111828745,26.28207720185512,24.33432499819804,23.669145985049607,1.7,66.0,-1.37,-0.04
FE,2023-01-24,36.69780373632807,37.05409104768968,36.43949314204888,36.679988861083984,5116300,17.608276777758018,22.389690221575272,26.216287527798077,24.239910699199655,23.667919226611232,1.67,62.0,-1.38,-0.01
FE,2023-01-25,36.44840525097367,36.58201513973579,36.1633739929324,36.5196647644043,4920500,17.58837432479084,21.97854509597356,26.215521170296725,24.238624254621325,23.672154103141523,1.64,61.0,-1.38,-0.01
FE,2023-01-26,36.44839389573068,36.87594404743294,36.3326023192409,36.867034912109375,2085400,16.96137433689195,21.631679285840864,26.144028648352275,24.223316881089502,23.690589328705602,1.61,58.0,-1.39,0.02
FE,2023-01-27,36.84032044529944,37.03628068102128,36.63545447060848,36.724525451660156,1573300,16.985055764403707,21.533424159390727,26.12974275675754,24.225319311960682,23.690577791242973,1.58,57.0,-1.39,0.02
FE,2023-01-30,36.60872372190804,36.97392011356692,36.5730973747468,36.786869049072266,2513800,16.97531351055586,21.24024155483837,26.11714818418585,24.210431808776406,23.689988735350294,1.54,55.0,-1.4,0.03
FE,2023-01-31,36.82249824370267,36.82249824370267,36.16336156239874,36.47511672973633,5723400,16.992392212388726,21.17108029505316,25.54831166514399,24.227704050121485,23.676795902192254,1.52,30.0,-1.4,0.08
FE,2023-02-01,36.28807227261365,36.795784331253095,36.01194679948831,36.64435958862305,4235800,15.313850379685073,21.15993887148525,25.554047913093548,24.219266420242917,23.676014027516672,1.49,30.0,-1.4,0.08
FE,2023-02-02,36.64436551506727,37.19661315279216,36.43059377045663,36.5196647644043,6050600,15.338451091242607,21.182265162892755,25.493198696544912,24.128132062578494,23.67575327316883,1.47,27.0,-1.4,0.11
FE,2023-02-03,36.54637223602724,36.59981685187433,35.00542148974966,35.20138168334961,6981600,18.55938988100108,22.363452050247055,26.131992924646347,24.358900956996653,23.928139806948547,1.45,57.0,-1.4,0.06
FE,2023-02-06,35.0934308223524,35.75913702150813,34.886523019944526,35.72315216064453,5329200,18.786065371996372,22.499499816588468,26.14062151816632,24.39128553768583,23.96541093944434,1.42,57.0,-1.39,0.06
FE,2023-02-07,35.57921562517893,36.19094452403478,35.43527961554845,36.0470085144043,4830800,18.91705850035768,22.369199748122075,26.156542790791015,24.405825087918647,23.89603938777136,1.39,58.0,-1.39,0.05
FE,2023-02-08,35.88508265677284,35.89408058835636,35.354317939623726,35.41728973388672,2828100,18.964944519557562,20.542226946904947,26.005718077294738,24.472949399683028,23.960339316346616,1.35,38.0,-1.39,0.08
FE,2023-02-09,35.57922051628028,35.83111114154009,35.30934089008572,35.39929962158203,4145500,18.81846182684628,19.75236442004985,25.823349019609342,24.454450229575063,23.927390317692524,1.3,31.0,-1.39,0.15
FE,2023-02-10,35.51624691288802,35.948054979195135,35.453275117699825,35.894081115722656,2247000,19.356544927723853,19.438604261411967,25.793278173027666,24.46117853033766,23.960663245242742,1.25,29.0,-1.38,0.16
FE,2023-02-13,35.858097201168334,36.33488464355469,35.858097201168334,36.33488464355469,2955900,19.693516813323825,18.93208165625629,25.804884787827937,24.50475501821017,23.917135438289243,1.2,30.0,-1.38,0.16
FE,2023-02-14,36.15495531862964,37.09054098464249,35.52523749699095,36.136962890625,5000300,19.6491903212763,18.9649304986599,25.77769020919554,24.508702230450627,23.921146568575015,1.15,26.0,-1.38,0.17
FE,2023-02-15,36.32588635767103,36.68572466909659,36.1909448460707,36.66773223876953,3517200,20.152170425401955,19.006114888174487,25.801736370176386,24.56935365754031,23.881107436942557,1.08,29.0,-1.38,0.17
FE,2023-02-16,36.352874895805975,36.67673179261223,36.118980154615535,36.49681091308594,3831900,20.036207749047694,18.56670787456793,25.751719171649633,24.542269641120257,23.874026428903964,1.01,24.0,-1.39,0.19
FE,2023-02-17,36.61375893214925,37.225487845681975,36.568779571505274,36.91062545776367,3426600,19.851006900905553,18.67926951709848,25.264711131671056,24.554730939170888,23.84919669847129,0.95,14.0,-1.38,0.27
FE,2023-02-21,36.74869628369578,36.82066600465993,36.244921963767474,36.424842834472656,2350600,19.55356106257619,18.826873359474614,25.245472467071195,24.597041328571255,23.886643551851922,0.89,13.0,-1.35,0.28
FE,2023-02-22,36.55978297426536,36.55978297426536,35.81311595155799,35.88508224487305,2634000,19.943544209132078,18.908877964373474,25.30311999393492,24.626447463115984,23.931341654290478,0.81,14.0,-1.33,0.25
FE,2023-02-23,35.88508306555574,35.9390603605555,35.291346547380115,35.5162467956543,2702500,20.006648346196005,18.94867956765091,24.549867078201977,24.65586037258289,23.953725857051612,0.78,5.0,-1.28,0.22
FE,2023-02-24,35.27335438289185,35.84909847376187,35.02146720106259,35.80411911010742,3232900,20.077830225739714,18.98056953759406,24.559824376916538,24.674580158116097,23.736354926487625,0.74,5.0,-1.23,0.22
FE,2023-02-27,36.02901976420227,36.415848473039176,35.83110987556178,35.903076171875,3723700,20.00772969886875,18.969286486022767,24.419236123104763,24.636197845873678,23.731093315106765,0.71,2.0,-1.17,0.28
FE,2023-02-28,35.975042044725654,36.145964982895386,35.55222851718905,35.570220947265625,5820300,20.034254084177842,17.577311352256142,23.883618559765374,24.600064041925066,23.45661958213751,0.71,1.0,-1.15,0.34
FE,2023-03-01,35.3183296063489,35.40829175481743,34.66162136520143,34.85054016113281,4978000,20.54391121708134,18.022776842483605,23.595753967395357,24.71330740568491,23.515068889319352,0.74,1.0,-1.11,0.34
FE,2023-03-02,34.75158906378615,35.17439921814678,34.47271150655226,35.156410217285156,4347300,20.144978003911444,18.11081446317763,23.284462787676887,24.207287061612544,23.497683738307618,0.78,1.0,-1.05,0.43
FE,2023-03-03,35.408289168926565,35.77712537144851,34.95848875454834,35.76812744140625,2973200,20.887724226484075,18.467485813437428,23.175299287139566,24.23823465012948,23.546188926874077,0.82,1.0,-1.01,0.47
FE,2023-03-06,35.768132073536066,36.065002032689975,35.68716785119457,35.96604537963867,3059700,20.835417201684432,18.46362695117646,23.00536643842235,23.967295896115125,23.484468504050547,0.86,1.0,-0.93,0.54
FE,2023-03-07,35.98403555032902,36.03801283906833,34.95849108621745,35.228370666503906,2493600,20.404398462298467,18.9060901771284,23.258197149031577,23.912257364909458,23.54939367233293,0.89,3.0,-0.87,0.44
FE,2023-03-08,35.29134412539698,35.79512188237173,35.1833929745114,35.72315216064453,2713600,20.871884823124383,19.14840289090796,23.19847470132308,23.919851111683723,23.267984868647254,0.93,3.0,-0.83,0.47
FE,2023-03-09,35.8580914076554,36.04700676769654,35.111421034580914,35.21937561035156,2660100,21.206437553102255,19.326938250687583,22.965161819136473,23.98467501576481,23.302941060507212,0.97,1.0,-0.76,0.52
FE,2023-03-10,35.22836930048709,35.29134108572197,34.19382694584857,34.26579666137695,4260200,22.26421178352717,19.67334548218801,23.01138499146276,24.201680406127345,23.45526809498911,1.01,3.0,-0.78,0.52
FE,2023-03-13,34.07688685433323,35.561226445896054,33.887968036162476,34.904518127441406,4123100,23.06632960498285,20.095391423469106,22.968644370679687,24.182363369680225,23.531105172909395,1.05,2.0,-0.72,0.53
FE,2023-03-14,35.24636515019666,35.57921653755794,34.78756674843695,35.2553596496582,4439700,23.29684838485691,20.214660361788845,22.96327702700964,24.18819203459171,23.553607894217834,1.09,1.0,-0.65,0.54
FE,2023-03-15,35.03945414357835,35.93905500255748,34.922505071033676,35.732147216796875,3069700,23.58263304168663,20.378835923987456,22.98050925418872,24.091503270541505,23.584327586709236,1.13,4.0,-0.57,0.53
FE,2023-03-16,35.68716892114374,36.13696940725872,35.282351229004554,36.118980407714844,3246300,23.76922885385788,19.830332906305788,22.70854167796109,24.093817314446834,23.609887562469947,1.17,1.0,-0.61,0.63
FE,2023-03-17,35.9570592280735,35.9570592280735,35.48026828283307,35.7861328125,8566600,23.891968382096167,19.912355328371444,22.7343675283143,24.085137022305975,23.617356314096583,1.21,2.0,-0.63,0.61
FE,2023-03-20,35.903075352677234,36.55078916324494,35.69616753690265,36.27191162109375,2619800,21.627713227694407,20.07471971272305,22.743243586704228,24.130875088034266,23.65367084482708,1.25,3.0,-0.6,0.61
FE,2023-03-21,36.28091806088832,36.34388987038249,34.86854101903074,35.42629623413086,2573800,22.3539144834154,20.48830250571642,22.898095466863104,24.13105481387409,23.679042744954774,1.28,4.0,-0.53,0.57
FE,2023-03-22,35.23737217838952,35.417293078290065,34.48171057587755,34.508697509765625,2377600,23.391394920423934,21.098504629546678,22.68971558626222,23.757185469810445,23.79653223026003,1.32,1.0,-0.73,0.53
FE,2023-03-23,34.42772325075583,34.60764409826193,33.798002000336865,33.959930419921875,3442600,23.300044349320313,21.06530601719224,22.543838973990535,23.827210104339898,23.84800415081443,1.35,1.0,-0.8,0.58
FE,2023-03-24,33.96892858671732,35.26435608330523,33.93294715869385,35.23736572265625,2339000,25.814862644074438,22.448212452702183,23.027375358162217,24.209281514201123,24.138439660606075,1.37,13.0,-0.75,0.64
FE,2023-03-27,35.53424861310387,35.669190170393136,34.94950644045886,35.11143493652344,5970300,25.483959493475417,22.443015236270263,22.978194358418236,24.2111366426996,24.122162594517924,1.38,10.0,-0.73,0.67
FE,2023-03-28,35.07544286855945,35.27335274579476,34.571665096576645,34.74258804321289,4131000,25.33314863621546,22.497625302034916,22.859885301947365,24.230155200315505,24.048932303059743,1.4,6.0,-0.7,0.73
FE,2023-03-29,34.94949127453536,35.62419190479053,34.86852706163655,35.34531784057617,6052500,25.870406412982742,22.77778421795447,22.93788198381252,24.311967130968096,24.10617574479707,1.42,8.0,-0.66,0.69
FE,2023-03-30,35.53423907491186,35.903075343231336,35.51624664332244,35.60620880126953,3435200,25.581721916496463,22.83270574607693,22.946861061517428,24.313896725509828,24.103395621772137,1.44,9.0,-0.59,0.68
FE,2023-03-31,35.69616415377296,36.073994886324655,35.588213006144635,36.03801345825195,3226200,25.830027654701286,22.924927883591582,23.018208739046457,24.34696094844076,24.122826584298394,1.45,17.0,-0.51,0.63
FE,2023-04-03,35.984039996430674,36.100989087296604,35.615203723735476,35.80411911010742,3968400,25.64388523418223,22.745444641405932,22.926018771580246,24.35995426341178,24.13001651195688,1.47,8.0,-0.49,0.68
FE,2023-04-04,35.81311582454819,36.11898029138952,35.62419701289225,36.073997497558594,2863300,25.488601789909428,22.53292893077257,22.924327748362977,24.371974815862043,24.08836649043137,1.5,8.0,-0.43,0.68
FE,2023-04-05,36.253921154262656,37.44139425018767,36.18195485569131,37.43239974975586,4142500,27.27897055076888,23.821544405637777,23.529617440145408,24.702946384317904,24.37024666498287,1.51,25.0,-0.52,0.65
FE,2023-04-06,37.57633468082131,37.67529134120834,37.15352110706056,37.513362884521484,3640300,27.051167915540198,23.80711004781883,22.32830564680586,24.69236539796946,24.36025135366605,1.53,1.0,-0.48,0.28
FE,2023-04-10,37.41440391921032,37.41440391921032,36.937616510396914,37.297454833984375,2115800,27.070841802860468,23.794935712574254,21.913925786230674,24.702177643688252,24.208420284458487,1.56,1.0,-0.44,0.38
FE,2023-04-11,37.29745255367866,37.65729428697129,37.12652961780246,37.64829635620117,2770000,27.16793175686279,23.850389636911963,21.687310892296473,24.679425862101105,24.21113008530392,1.59,1.0,-0.65,0.47
FE,2023-04-12,37.66629108889208,37.77424567450309,37.1984981796936,37.297454833984375,3660600,27.169623309897855,23.865273413899292,21.408598830348314,24.69304197230408,24.227909215250225,1.62,1.0,-0.63,0.54
FE,2023-04-13,37.009583192465485,37.27046829621687,36.32588796825033,37.063560485839844,3298000,26.473672566048435,23.858008891750433,21.43199679053582,24.667950246750554,24.204639252821064,1.65,2.0,-0.63,0.53
FE,2023-04-14,36.73070200471068,36.92861184549997,36.52379080253715,36.73969650268555,2092700,26.57577049585918,23.56026349514419,21.409482065024033,24.682789399436828,24.211979662615835,1.68,2.0,-0.8,0.54
FE,2023-04-17,36.80267742353634,37.00059074518191,36.43384114428219,36.75769805908203,4082900,26.151443640051504,23.538741232762384,21.14576213587865,24.56772293673322,24.212003404941164,1.71,1.0,-0.78,0.65
FE,2023-04-18,36.60476316320721,36.77568954813811,36.39785534665888,36.41584777832031,2960100,26.278284080139414,23.560072480583756,21.20112071947517,24.435628007896767,24.222113411727605,1.73,2.0,-0.75,0.62
FE,2023-04-19,36.532797138284664,36.79368225174553,36.4338404792681,36.70372009277344,2337600,25.577114883092143,23.039040399015565,21.184856286949827,24.393428085771674,24.235745593766747,1.76,2.0,-0.69,0.63
FE,2023-04-20,36.829655434292434,36.89262721561535,36.3258811837091,36.460819244384766,2196000,25.392549341185155,23.078483895896454,21.112657631834846,24.277216584616497,24.23873469529994,1.79,1.0,-0.63,0.67
FE,2023-04-21,36.784678278033226,36.89262941936306,36.43383449493259,36.53279113769531,2152100,24.998364226669228,23.064874095402512,21.070707384336487,24.262170357940033,24.15266011522708,1.83,1.0,-0.58,0.69
FE,2023-04-24,36.61375729762718,36.85664995230765,36.361866712196466,36.748695373535156,2827000,23.498361124682337,23.013826753065693,21.066596414847925,24.256565513072363,24.152371393213954,1.86,1.0,-0.52,0.7
FE,2023-04-25,36.712719774731745,37.03657326735396,36.64075004412305,37.009586334228516,1954400,23.04612322383325,23.045560372120967,21.08434760241763,24.238453854770004,23.74999934227128,1.89,3.0,-0.46,0.68
FE,2023-04-26,36.67673219995429,37.01858153168038,36.3348828682282,36.595767974853516,3487300,23.22323934298418,23.16027908687589,20.3980641707547,24.275549979031553,23.744024715366805,1.92,1.0,-0.46,0.62
FE,2023-04-27,36.71271829164765,37.00059033904198,36.6317540638364,36.99159240722656,2649100,23.113910765266386,23.197558258543406,20.463014374776975,24.220815349761267,23.74875184603034,1.95,2.0,-0.46,0.58
FE,2023-04-28,37.018582519010245,37.018582519010245,35.651188587341224,35.80411911010742,5304800,24.898565216827357,24.133767939681196,21.101632457669282,24.473153474974037,23.963811203083907,1.97,6.0,-0.49,0.51
FE,2023-05-01,35.30933912933956,36.33488371676216,34.94050285786818,35.09343338012695,15462500,25.427048202782526,24.461484882809653,21.32274073856321,24.536828685400344,24.044945161666114,1.98,11.0,-0.57,0.4
FE,2023-05-02,35.06644301451217,35.06644301451217,34.19382903479836,34.859535217285156,16998200,25.122915373389393,23.31528263893674,21.321366705402927,24.446640098806803,23.836709382489175,1.99,11.0,-0.63,0.4
FE,2023-05-03,34.994474559368136,35.30933348528103,34.625638346853776,35.021461486816406,8208200,24.266432032918626,23.13137705876359,21.32944069272471,24.42759734500466,23.827175845273903,2.0,13.0,-0.69,0.39
FE,2023-05-04,35.10325656227971,35.46673629025526,34.721598861507836,35.35769271850586,4927000,23.143455535736013,23.140786666666397,21.389993644139654,24.44908832466113,23.842319619977683,2.01,14.0,-0.72,0.36
FE,2023-05-05,35.212295465689486,36.09373984208892,35.15777195382703,36.075565338134766,5792600,23.227753282150072,23.22734261981804,21.623503139650165,24.56305109634581,23.898927860462734,2.01,18.0,-0.72,0.29
FE,2023-05-08,35.97560769774972,36.184609295887256,35.42129745352606,35.52125549316406,4607200,21.266689072550943,23.4514913675216,21.554371681325488,24.615617777461186,23.879945390018552,2.02,18.0,-0.72,0.29
FE,2023-05-09,35.4213017575624,35.54851983567547,35.08508205591603,35.35769271850586,3662800,21.28507049900951,23.291633994501915,21.56368664206188,24.620103707998602,23.879044958168468,2.02,19.0,-0.71,0.28
FE,2023-05-10,35.684821174364906,36.05738982895797,35.530339628277396,35.95743179321289,4488000,21.556122249709894,23.41589284417379,21.736042259483384,24.58413968750453,23.909940200099985,2.01,22.0,-0.68,0.21
FE,2023-05-11,35.93925776693555,36.19369735214637,35.62121261846219,35.79386520385742,4692800,21.064832745234348,23.407914612905962,21.71202123914999,24.589912018156767,23.91253016666009,2.01,22.0,-0.65,0.23
FE,2023-05-12,36.039213022493286,36.13008206749177,35.693904411921686,35.85747146606445,3399300,20.967090683011385,23.209778114463415,21.32995015851932,24.58831515816266,23.90160406742815,2.01,14.0,-0.66,0.35
FE,2023-05-15,35.93925831481957,36.00286734548394,35.1395974724832,35.26681900024414,2423200,21.207369274162215,23.432098134850612,21.485983144225898,24.647627230038896,23.95602798586484,2.0,19.0,-0.7,0.26
FE,2023-05-16,35.4031230270977,35.4031230270977,34.61255115998399,34.65798568725586,2362600,21.69585111236486,23.549957814245246,21.632070087032258,24.639223960972267,24.006728666100656,1.99,23.0,-0.74,0.19
FE,2023-05-17,34.70341356580839,34.84880610508241,34.294499432271905,34.83063507080078,4010900,21.620777753393437,23.442597572787307,21.56636948959215,24.646582471558464,23.94593127745899,1.99,22.0,-0.75,0.22
FE,2023-05-18,34.648887871454406,34.65797338711143,34.121837836140955,34.51258087158203,3889900,18.452580223658018,23.323227303436404,21.579900233891397,24.63449065305899,23.847207777129757,1.99,23.0,-0.77,0.21
FE,2023-05-19,34.69433311390883,34.91242022144397,34.30358995760695,34.31267547607422,3282500,18.41442225261446,23.26138007330194,21.459171746518248,24.63817902587071,23.830273796431456,1.98,19.0,-0.75,0.27
FE,2023-05-22,34.36719618292018,34.55802325305612,34.13093459128975,34.43080520629883,2148900,18.486056408441733,23.20711091543798,21.440733957739987,24.571489057313045,23.826414015255722,1.98,19.0,-0.74,0.28
FE,2023-05-23,34.430802831654425,34.712502391782714,34.303584793671185,34.43989181518555,2095200,18.156759482027333,23.197072445674934,21.433636587527634,24.55996115902395,23.81102405443399,1.97,19.0,-0.72,0.28
FE,2023-05-24,34.41263261256874,34.530765148150216,34.24906555297348,34.276329040527344,3080900,18.064698898965236,23.143502315451578,21.426734619352594,24.55993034123107,23.80148548885221,1.96,18.0,-0.7,0.28
FE,2023-05-25,34.17637161317463,34.33084969084409,33.358536300712665,33.640235900878906,4131200,18.62389533933953,23.08358770347808,21.588948544310156,24.29214378521345,23.834362701035587,1.96,28.0,-0.59,0.21
FE,2023-05-26,33.52210665987693,33.52210665987693,33.12227794914845,33.35853958129883,2813500,18.614689618837534,23.05512175118398,21.61421608162934,24.30877346103739,23.847083177452262,1.95,29.0,-0.44,0.2
FE,2023-05-30,33.35853757607795,33.68567171356975,33.29492854561367,33.62206268310547,2880700,18.86359737642215,22.819062339700615,21.619579630514497,24.286516795151027,23.85846106971667,1.94,30.0,-0.39,0.19
FE,2023-05-31,33.694755770476725,34.11275889994173,33.35853269699117,33.9764518737793,5362300,19.154788366395863,22.902506058573437,21.570310367312164,24.30911184603359,23.881735290180192,1.93,27.0,-0.41,0.22
FE,2023-06-01,34.012809208795126,34.049158220200844,33.38580436099292,33.7856330871582,5888700,18.92937417954417,22.552092929493355,21.403378749888528,24.257758400309733,23.86444592803133,1.92,16.0,-0.4,0.29
FE,2023-06-02,33.59480204125862,34.421722888485036,33.58571305625571,34.258155822753906,3804300,19.490619848790345,22.550480509448292,21.533709973285685,24.300886942229134,23.890198613773258,1.91,25.0,-0.4,0.23
FE,2023-06-05,34.31267704041162,34.69433469564625,34.31267704041162,34.65798568725586,2913400,19.860875269841536,22.510525983315347,21.60926049399116,24.16501369618198,23.914868008542577,1.9,32.0,-0.39,0.19
FE,2023-06-06,34.79428743915659,34.930591000224226,34.23088829416222,34.339935302734375,3510900,19.83807984353808,21.871306184469493,21.61783443910639,24.079353000395802,23.90783905548321,1.88,34.0,-0.42,0.18
FE,2023-06-07,34.48532838668061,35.11233309682689,34.140019787002245,34.98511505126953,4296300,20.577998642225552,21.876549224497754,21.819512442710103,24.107272397661795,23.98191134102839,1.86,41.0,-0.49,0.11
FE,2023-06-08,34.86698890718073,35.43947368343733,34.58529274513681,35.394039154052734,4700700,20.739790660567024,21.910541063611568,21.87644122898326,24.11100935267619,24.01051288334497,1.85,42.0,-0.5,0.09
FE,2023-06-09,35.43038785298396,35.51217139173097,35.039644664129646,35.085079193115234,3963800,20.53972841217554,21.804147492863624,21.885931203194257,24.108649282323547,23.996584245195084,1.83,43.0,-0.62,0.08
FE,2023-06-12,35.20320619973542,35.221377235323175,34.84880861000143,35.2122917175293,2499400,18.37979937718063,21.698059344340525,21.670526424613993,24.06783038213533,23.955267169089137,1.81,38.0,-0.59,0.17
FE,2023-06-13,34.88515761404058,35.284989725607595,34.857897594227126,35.2122917175293,2886800,17.4258359037246,21.61987471249758,21.658155656389784,24.033180886357506,23.951229499859643,1.79,38.0,-0.56,0.17
FE,2023-06-14,35.34859598212332,35.5121630210625,35.13050544139389,35.27589797973633,3752900,17.31131199362755,21.434256846590664,21.626326127790925,23.721480514621028,23.56414617398731,1.77,37.0,-0.55,0.19
FE,2023-06-15,35.321334344112124,35.63938292153096,35.14868177906651,35.539424896240234,1928100,17.39001807442038,20.942081703515917,21.29372674413319,23.67196839080168,23.537136364497428,1.74,11.0,-0.52,0.28
FE,2023-06-16,35.84838323038906,36.03921029027796,35.439465626033126,35.503074645996094,6888100,17.17981219628767,20.214669448985155,21.29303414920917,23.631680987023245,23.335565380065777,1.72,11.0,-0.48,0.28
FE,2023-06-20,35.4758154188252,35.875644048425876,35.37585739481711,35.7029914855957,3532200,16.20234775643151,19.944804291247696,21.303708047992128,23.167262180946683,23.204963815910908,1.69,13.0,-0.45,0.28
FE,2023-06-21,35.55760354606794,35.911997701493284,35.06690234635648,35.848388671875,3261300,15.594386951201834,18.48879961930799,21.25835083168992,23.16241717176929,23.175863224044555,1.66,11.0,-0.4,0.3
FE,2023-06-22,35.921077504627625,35.98468652412494,35.40311636504575,35.639381408691406,2566400,15.632214248899654,18.514871577772784,21.269152347951785,23.087015841834383,23.184349487874762,1.63,12.0,-0.35,0.29
FE,2023-06-23,35.748433473579674,35.78478248379994,34.83972901666756,34.976036071777344,4874000,15.761368050508695,18.794695649326563,21.467866427718636,22.85007862347116,23.25531503292292,1.6,29.0,-0.32,0.2
FE,2023-06-26,35.075983406983525,35.4122064824417,34.930590862558695,35.230464935302734,3410400,15.89554862497734,18.5168409595701,21.464029530392093,22.568113682953324,23.180341002345997,1.58,29.0,-0.29,0.21
FE,2023-06-27,35.366768267267624,35.484900792109244,35.094157681536835,35.31224822998047,2718700,15.903169847556544,18.459460320658376,21.45352498386765,22.37274292462721,23.165344660589156,1.55,28.0,-0.24,0.22
FE,2023-06-28,35.30315932988598,35.30315932988598,34.748852639705575,34.8397216796875,2467800,15.651167879441433,18.48058260815204,21.549064344302487,22.294520166924062,23.095864950995452,1.53,34.0,-0.22,0.16
FE,2023-06-29,34.5307689267669,35.148688226981534,34.43081088313919,35.085079193115234,2804700,14.9292279239345,18.502584480116084,20.779087498232023,22.19701043686135,23.085508170341594,1.49,3.0,-0.22,0.05
FE,2023-06-30,35.21228512526149,35.42128665971065,34.99419460828822,35.33041763305664,2595600,14.993406207845581,18.493113284982247,20.675286431199524,22.208235348651364,23.06739319219505,1.46,3.0,-0.22,0.09
FE,2023-07-03,35.16685650780095,35.5121651065547,35.130507504472824,35.4576416015625,1245500,14.733857020542676,16.804911673159552,20.632136409749602,22.128035831634293,23.066465933949754,1.42,3.0,-0.21,0.12
FE,2023-07-05,35.32133448020775,36.23003876245135,35.23955095614856,35.93016815185547,2841300,15.011716024157318,17.042848912288765,20.548883337012384,21.96483014605616,22.97804851486417,1.38,3.0,-0.22,0.14
FE,2023-07-06,35.61211799308668,35.64846699470722,35.18502935655587,35.53033447265625,2371600,15.443135114817855,17.147325269340502,20.6273303009448,21.78351937288668,22.571734224543917,1.34,4.0,-0.21,0.1
FE,2023-07-07,35.357682978370505,35.48490102143827,35.039637870701085,35.230464935302734,1914900,15.687478965507667,17.084956365341945,20.550570651007845,21.680128307140638,22.582471915069075,1.31,4.0,-0.21,0.14
FE,2023-07-10,35.16686148719844,35.22138153347857,34.67616027208384,35.048728942871094,2114000,15.700496006639003,17.01991959909644,20.46881877859358,21.65698364490955,22.581324563080464,1.27,3.0,-0.18,0.19
FE,2023-07-11,35.12142457354277,35.40312070400327,34.92150850694602,35.36677169799805,1604200,14.74067946555312,17.107376053916568,20.506163395538234,21.642445487683155,22.59616816708508,1.22,4.0,-0.16,0.16
FE,2023-07-12,35.54851456101839,36.021041257062905,35.39403647949745,35.848388671875,2511300,14.808346948967074,17.271953952399887,20.48746171904091,21.515933483712022,22.62243701028416,1.17,4.0,-0.1,0.17
FE,2023-07-13,35.812039605416246,36.21186828613281,35.65756152415034,36.21186828613281,2424400,14.893312103989551,17.40480173040555,20.539848543618124,21.521679192721262,22.6432043774271,1.12,6.0,-0.07,0.14
FE,2023-07-14,36.01195102656896,36.23912709303355,35.74842595752642,36.120994567871094,3586700,14.76157405950893,17.308384781480836,20.462331265376548,21.476182039031965,22.6362650072591,1.08,2.0,-0.01,0.18
FE,2023-07-17,36.06647646356946,36.15734898361896,35.64847327063833,35.657562255859375,1980400,15.233695405723527,17.42141912179577,20.45696226847357,21.425214500537034,22.671103716665854,1.04,2.0,0.05,0.18
FE,2023-07-18,35.63938086596975,35.97560045911148,34.97602719671971,35.303157806396484,1989400,15.158524972684564,17.485381274905308,20.38138740611873,21.102602469633382,22.693443933238182,0.99,1.0,0.06,0.22
FE,2023-07-19,35.284988425903464,35.75751159528,35.284988425903464,35.59394454956055,2092400,14.982883100994862,17.57000821666331,20.35838065687601,20.94319336021423,22.705834894607666,0.97,1.0,0.06,0.23
FE,2023-07-20,35.74843104888044,36.166434238764445,35.539429453938446,36.048301696777344,2115800,15.04363621369299,17.72887418157688,20.417875938764702,20.836419350109672,22.700956430010855,0.94,4.0,0.05,0.2
FE,2023-07-21,36.25729816783015,36.56625772768108,36.1664256699732,36.42995071411133,3341000,14.419633188774647,17.804464623686236,20.481130735528208,20.835487531711035,22.71600042441114,0.9,9.0,0.0,0.16
FE,2023-07-24,36.402698559316924,36.53900213589077,36.11191343624086,36.348175048828125,2081600,14.118220599183944,17.6623593919891,20.428701829692912,20.725713126097993,22.71548535093377,0.89,5.0,-0.05,0.19
FE,2023-07-25,36.257304522234946,36.566264136233706,36.15734649028947,36.39360809326172,1838200,13.81831925818013,17.51930452899867,20.158820075694166,20.67741821262221,22.679563387340647,0.88,1.0,-0.08,0.29
FE,2023-07-26,36.33000307177853,36.72983177720481,36.20278500488981,36.36635208129883,2071800,13.81042539845686,16.17085672474686,20.115541023024864,20.6672480866744,22.667425395649015,0.88,1.0,-0.11,0.32
FE,2023-07-27,36.24821803723627,36.38452508409443,35.48490620098141,35.657562255859375,2340400,15.064770867337785,16.151375260120986,20.17946441637223,20.802645878654687,22.72409158171869,0.87,3.0,-0.11,0.31
FE,2023-07-28,35.86656087777765,36.021038949402076,35.475817740051056,35.74842834472656,1671600,15.072215131746608,16.092333591514134,20.164167398751196,20.733672609841356,22.717510315645523,0.87,3.0,-0.1,0.32
FE,2023-07-31,35.98469229294144,36.06647582632489,35.68482164815686,35.79386520385742,4000600,14.928623776887928,16.069453182460176,19.890894200687455,20.715584704391198,22.626892223711454,0.87,1.0,-0.1,0.42
FE,2023-08-01,35.893819437344405,36.04829750268117,35.35768376785085,35.430381774902344,3017700,15.230261494759285,16.09699814824391,19.834193986542793,20.694409347927714,22.526112428946103,0.87,1.0,-0.1,0.46
FE,2023-08-02,35.23046903010968,35.26681803704862,34.730682317211524,35.09416198730469,4459200,15.371285768078069,15.658936405185454,19.763321908960304,19.951872371075368,22.50142887521197,0.88,1.0,-0.1,0.49
FE,2023-08-03,34.76702672385151,34.830639217136095,33.77653884887695,33.77653884887695,5332500,18.78002897618194,17.21183159447117,20.2148103088984,20.214158504338414,22.728589546886923,0.87,8.0,-0.1,0.8
FE,2023-08-04,33.95102483235932,34.29999144748069,33.08778314512913,33.33573532104492,5665900,19.027509331974148,17.379450923124427,20.09634921551019,20.13158315368872,22.75531275715478,0.87,4.0,-0.09,0.84
FE,2023-08-07,33.14288397108068,33.69388645726922,33.14288397108068,33.170433044433594,4115000,18.393347084451385,16.995659072216988,20.038427484809162,19.91566137659907,22.750989560309726,0.87,4.0,-0.08,0.88
FE,2023-08-08,33.09696932130585,33.537772032739525,32.81228270419328,33.50103759765625,4136100,18.522853222755845,17.137071611003357,19.983409600574443,19.948843254987768,22.751941445637716,0.86,4.0,-0.15,0.91
FE,2023-08-09,33.409201303734775,33.546950165220075,33.06941307172376,33.23471450805664,4600300,18.57023888307138,17.183658785493666,19.932436218000767,19.932010958120326,22.764374155656295,0.86,4.0,-0.18,0.94
FE,2023-08-10,33.510222131794066,33.77653802161017,33.2439027387895,33.33573532104492,2711700,18.300070764220255,16.903793005212865,19.895655612839043,19.765290475254286,22.697328924809057,0.86,4.0,-0.24,0.97
FE,2023-08-11,33.372472857591944,33.868377255523754,33.28982212460331,33.85919189453125,3956700,18.806489909570217,16.88265969963302,19.936483364455228,19.848564434124015,22.702738725855433,0.86,6.0,-0.29,0.95
FE,2023-08-14,33.7949044535295,33.95102404356268,33.647970223421524,33.850006103515625,5256300,18.650134764395112,16.845746004318933,19.59539911395761,19.815513498537733,22.66114275824068,0.86,1.0,-0.37,1.11
FE,2023-08-15,33.620426486349885,33.941844070981,33.078605769979625,33.08778762817383,4151800,19.57612594592841,17.36820934677303,19.48665606097484,19.928428311392842,22.693177744455465,0.87,1.0,-0.37,1.12
FE,2023-08-16,33.234716041271895,33.418384701580294,33.02349830803315,33.280635833740234,2480800,19.177959657900878,17.38554735421166,19.34928054790277,19.91212849116672,22.681141054702156,0.87,1.0,-0.37,1.21
FE,2023-08-17,33.24391083457766,33.537779373186076,32.94085693359375,32.94085693359375,2310100,19.143480606505502,17.479172243951137,18.47472661230952,19.936325545113124,22.698818092658914,0.89,1.0,-0.4,0.96
FE,2023-08-18,32.8581985759132,33.36328829387242,32.8581985759132,33.21635055541992,2185800,19.30820316143924,17.57676836554466,18.523697297343425,19.955403557501896,22.713694014254358,0.91,2.0,-0.47,0.93
FE,2023-08-21,33.11533283689302,33.32655056022706,32.67453017473656,32.95921325683594,2251200,19.360381908679443,17.617970251299646,18.490609386767424,19.511448283561077,22.71286711965202,0.93,2.0,-0.5,0.96
FE,2023-08-22,33.02349747768967,33.20716613337991,32.83982882199945,33.115333557128906,1840400,19.1855737330179,17.24170241409408,18.291162595145067,19.51593836594182,22.717436963561195,0.95,1.0,-0.57,1.07
FE,2023-08-23,33.28063936547795,33.436755466234715,33.10615254323371,33.40920639038086,2270200,18.897629288931956,17.25585418924769,18.30916439761728,19.542242462170815,22.64743853473405,0.97,2.0,-0.64,1.05
FE,2023-08-24,33.381648873342705,33.83163689712687,33.08778043040993,33.09696578979492,2829900,18.62492619601115,17.28326116756797,18.24715854624627,19.564411629472822,22.66547641253018,0.98,1.0,-0.69,1.08
FE,2023-08-25,33.15207358050539,33.49186191286418,33.07860819998807,33.30819320678711,1890700,18.82158876250587,17.19417138714264,18.25994328536398,19.56715415060771,22.672939127530874,0.99,2.0,-0.74,1.08
FE,2023-08-28,33.39083917208206,33.565322491137614,33.262272147179154,33.40920639038086,1235000,18.636256174447606,17.171717677722302,18.22233710944966,19.566905279319787,22.659792573632433,1.01,1.0,-0.79,1.11
FE,2023-08-29,33.41838632157635,33.57450591652248,33.299001161110304,33.482669830322266,1980800,18.5263730117046,16.92781154485797,17.196810066402755,19.569561260937327,22.589407904682663,1.03,1.0,-0.82,0.59
FE,2023-08-30,33.372465815736774,33.68470146301089,33.21634624050569,33.3265495300293,2073400,18.298837831927063,16.76346475401097,17.197895110181378,19.567607313320845,22.5937886747143,1.08,2.0,-0.87,0.57
FE,2023-08-31,33.45512226701967,33.61123836582812,33.115337490704064,33.12451934814453,2906000,17.773701664702475,16.707206937023283,17.20005968970485,19.450805975596943,22.574346195181867,1.13,3.0,-0.91,0.57
FE,2023-09-01,33.354098215039755,33.354098215039755,32.426576642999535,32.775543212890625,2819800,17.446237529530666,16.34068466823256,17.180204075725193,19.485719207089247,22.594067991605225,1.17,1.0,-1.0,0.54
FE,2023-09-05,32.545962459508935,32.70208205296466,31.930676452189505,32.105159759521484,3527800,18.132348514516025,16.60573364351959,17.40600622170942,19.623672522272155,22.63006177704882,1.21,5.0,-0.93,0.43
FE,2023-09-06,32.14189760587252,32.29801371271327,31.857210965929678,32.22454833984375,3638000,18.209802956305047,16.57339869687771,17.40834004890494,19.612572315524332,22.625435763183013,1.25,6.0,-0.9,0.45
FE,2023-09-07,32.43576023334564,32.78473032508681,32.169440860617165,32.564327239990234,3746600,18.67252581803885,16.721701440146635,17.46905146370358,19.431169476643095,22.646939972224022,1.28,7.0,-0.92,0.45
FE,2023-09-08,32.545964105212434,32.876567022717246,32.48168059382968,32.711265563964844,2850300,18.18068018219201,16.76209097508757,17.490566266139513,19.438275600057203,22.367632698607732,1.31,8.0,-0.96,0.45
FE,2023-09-11,32.72962817232859,33.04186382786479,32.59187931156117,32.674530029296875,3032900,18.11662470814738,16.75020090970082,17.441348584479403,19.42320871171006,22.366330079595716,1.35,7.0,-0.99,0.5
FE,2023-09-12,32.61943931423746,33.00514045746501,32.47250504493326,32.94085693359375,2981700,18.363801272044356,16.765777013857015,17.444578716850987,19.399020101654823,22.350105551553874,1.38,8.0,-1.02,0.5
FE,2023-09-13,32.93166732686955,33.38165188810452,32.85819845790715,33.20716857910156,3073200,18.48325394123255,16.874188020031003,17.481290367199037,19.40818698527749,22.35694920862484,1.4,10.0,-1.05,0.51
FE,2023-09-14,33.436753148122946,33.88674120727491,33.354102423102724,33.87755584716797,4211800,19.41654769152121,17.368789757636698,17.788752389101916,19.480149558631638,22.403289455713406,1.42,12.0,-1.05,0.44
FE,2023-09-15,33.859189179854695,34.0612250672261,33.73980752203387,33.89592361450195,9503200,15.91667097150232,17.340989679062393,17.758112277382423,19.464181952583008,22.39147521079655,1.44,12.0,-1.05,0.45
FE,2023-09-18,34.006119851670526,34.006119851670526,33.400015756259954,33.76735305786133,2272000,15.464688471173208,17.321276698100558,17.719109425458964,19.462358689573676,22.257488734121473,1.46,12.0,-1.1,0.45
FE,2023-09-19,33.7949104309082,34.015313566647535,33.60205987662942,33.7949104309082,4448400,15.379818868081923,16.917755691381572,17.64344904853856,19.454536562905137,22.17302003328777,1.49,12.0,-1.11,0.53
FE,2023-09-20,34.00612218259507,34.00612218259507,33.40920340556265,33.57450485229492,3159000,15.254705670588594,16.881509457506258,17.568653841146624,19.450757709639504,22.12211372041513,1.51,12.0,-1.2,0.54
FE,2023-09-21,33.61123410432437,33.63878667952972,33.18879865184976,33.243900299072266,2786400,15.352309593689373,16.97041095653638,16.883195166237996,19.479053173592906,22.11442762834984,1.54,1.0,-1.22,0.4
FE,2023-09-22,33.06023528799272,33.31736933032342,32.99595177741004,33.10615158081055,2920200,15.37052435424223,16.784475384930158,16.606792184178897,19.460007951216497,22.099844078978517,1.58,1.0,-1.25,0.54
FE,2023-09-25,32.86738895394719,33.014323211643294,32.74800377482253,32.98677062988281,2216600,14.644356278977538,16.712856933036804,16.58518156684618,19.381324841976145,22.0685352678568,1.61,1.0,-1.29,0.56
FE,2023-09-26,32.88574840647194,32.90411562224426,32.38065873070361,32.426578521728516,3691800,15.38089095218757,16.948367093447434,16.7707163299592,19.371688776884284,22.107160075315633,1.64,3.0,-1.3,0.43
FE,2023-09-27,32.3531116980462,32.54596222102977,32.16026117506263,32.36229705810547,5475000,13.991541906709648,16.916267245697018,16.68973071405169,19.371273459787485,21.871054213771206,1.66,3.0,-1.3,0.46
FE,2023-09-28,32.57351265416219,32.57351265416219,31.636805671507123,31.747005462646484,6501600,14.826477295172404,17.01310632298436,16.597555109860572,19.481702442438976,21.90653070715149,1.69,2.0,-1.21,0.39
FE,2023-09-29,32.1235300316824,32.23372984136267,31.232739186862588,31.388858795166016,4533400,14.884862925711676,17.01668582946368,16.520200539662174,19.50051568303141,21.90020128048674,1.71,1.0,-1.07,0.43
FE,2023-10-02,31.13172226043888,31.22355484399877,29.763394344990107,29.937877655029297,6489300,19.63786597088267,19.34536985894229,18.062086238445797,20.237875873486683,22.057917026611417,1.71,24.0,-0.24,2.0
FE,2023-10-03,29.754210030367773,31.021516394126195,29.552174159396916,30.865400314331055,8440000,21.911062420322025,20.499434214592558,18.543098096856088,20.568911049278817,22.26808013189207,1.71,33.0,-0.17,2.06
FE,2023-10-04,30.865405487954302,30.993972517144844,30.332766649092,30.84703826904297,4711000,21.81925394627598,20.370277065721556,18.537274526967824,20.551037541658037,22.19760713072485,1.7,33.0,-0.15,2.07
FE,2023-10-05,30.79193942672847,31.20519313203337,30.43378738319393,31.02152442932129,4748300,21.696055715849322,20.172101602048073,18.564725504969324,20.438625539269545,21.938248382004296,1.7,35.0,-0.18,2.06
FE,2023-10-06,30.626631124871764,31.517421857597064,30.286846377588358,31.45313835144043,5237900,22.092002498586684,20.284952730928016,18.560578316440353,20.507984879441864,21.77116410239983,1.69,35.0,-0.27,2.14
FE,2023-10-09,31.443954651675618,31.949040814666787,31.388853005404744,31.930673599243164,2733700,22.50821646656842,20.59645743701051,18.55206774400846,20.573400408819857,21.685838937870635,1.68,35.0,-0.36,2.23
FE,2023-10-10,31.921488944239076,32.24290996646198,31.82965636828294,32.16025924682617,3070100,22.610745671133497,20.555343058181673,18.572765048733455,20.38689575925611,21.59984851317809,1.67,38.0,-0.44,2.22
FE,2023-10-11,32.261276939069155,32.60106167137103,32.12352457298527,32.564327239990234,2607800,22.942057608661433,20.6848435943385,18.642264401810415,20.44582394090725,21.550392284552476,1.67,39.0,-0.5,2.21
FE,2023-10-12,32.49086541616684,32.56433078373496,32.12352806876056,32.417396545410156,5601500,22.93995097780891,20.598149468123562,18.634195715851217,20.44619384825987,21.554063423973076,1.66,39.0,-0.56,2.23
FE,2023-10-13,32.72963605098404,32.821472150123846,32.426585681795146,32.692901611328125,4039200,23.04277635723911,20.49137141206364,18.678719268004546,20.439534831084693,21.513104615407574,1.65,41.0,-0.6,2.2
FE,2023-10-16,32.82146752661444,33.27145208784942,32.646980714422995,33.20716857910156,2442700,23.289329434928813,20.645860140311438,18.853069949070008,20.52630963387624,21.40648280250294,1.64,42.0,-0.62,2.08
FE,2023-10-17,32.959218316827,33.25308680338015,32.87656758603463,33.133705139160156,2484800,22.434861170864167,20.64581386820797,18.84228816170954,20.525475656999696,21.248257807803718,1.63,42.0,-0.64,2.1
FE,2023-10-18,33.11533872980344,33.15206966412834,32.68371784698969,32.894935607910156,3081000,22.546028918487032,20.669973310934754,18.643933483664256,20.51907931216061,21.16220164894824,1.62,41.0,-0.66,2.3
FE,2023-10-19,32.92247675059706,33.13369796380497,32.63779368644263,32.74799346923828,3740700,22.39735329439595,20.676885443379785,18.61041179873723,20.514859414802746,21.14083965447434,1.61,39.0,-0.69,2.34
FE,2023-10-20,32.79391519372274,32.950034789837865,32.38984692098165,32.39902877807617,5252400,22.57606575285396,20.424737348041585,18.639481098708668,20.546996568230572,21.141872596390378,1.59,41.0,-0.73,2.26
FE,2023-10-23,32.09597507228376,32.51841051795515,31.89393920557651,32.13270950317383,4014400,22.692413903495083,20.45107979321703,18.59900724034348,20.114148368088944,21.031921953095075,1.58,39.0,-0.78,2.25
FE,2023-10-24,32.47249713449535,32.876565400851845,32.28882846681023,32.784732818603516,3498000,23.345886771194976,20.928897122281803,18.866634400003047,20.18134713970798,21.107992317722246,1.57,48.0,-0.81,2.11
FE,2023-10-25,32.729628700182104,32.922479210279604,32.61942890915328,32.83982849121094,3168600,23.22387635836625,20.85844945022911,18.731964285943548,20.15135145113169,21.06983225947777,1.55,46.0,-0.83,2.21
FE,2023-10-26,32.87656325377514,33.3816494295321,32.87656325377514,33.115333557128906,3460100,22.57340384668831,20.8777130622004,18.685910073792463,20.075178185679647,21.00221431189829,1.53,46.0,-0.84,2.24
FE,2023-10-27,32.78473349646758,32.9224823726882,32.05924417086464,32.26128005981445,4503500,23.733553900922207,20.08448978121495,19.07650474194241,20.30516623122362,20.913442576929757,1.52,51.0,-0.87,1.99
FE,2023-10-30,32.44495186632795,32.71126778736298,32.16944708088868,32.50923538208008,2774600,23.875110036953455,19.989269040111314,18.873449484629116,20.256339340771007,20.793041801227506,1.5,51.0,-0.88,2.11
FE,2023-10-31,32.66535253318067,32.75718512913149,32.399033100458716,32.692901611328125,2795500,23.95232021180921,20.00425088776646,18.79746658431137,20.212953550487374,20.68258943748654,1.47,48.0,-0.87,2.16
FE,2023-11-01,32.80310124566201,33.37247098361797,32.57351627838428,33.10615158081055,3075300,24.2139609310291,20.068827082591916,18.87195152858829,20.2641836459863,20.698401266688535,1.45,52.0,-0.85,2.16
FE,2023-11-02,33.1337060436375,33.76735932821719,33.1337060436375,33.58369064331055,2989700,24.411092673959224,20.219289884418963,19.008553374982323,20.2614907601799,20.66367919302588,1.42,54.0,-0.82,2.06
FE,2023-11-03,34.024492137325076,34.116328228004704,33.748990871663516,33.81327438354492,3727700,24.442635371866547,20.256910185625163,19.04360841619698,20.27366898494327,20.64269068553937,1.4,55.0,-0.79,2.05
FE,2023-11-06,33.85042576038695,33.906144357382075,33.36751117815206,33.404659271240234,2491500,24.697936414703804,20.15692297846284,19.131151561481815,20.27289393137654,20.66977807554572,1.38,57.0,-0.75,1.93
FE,2023-11-07,33.506812492952726,33.6182532220537,33.25606819549784,33.52538299560547,2526900,24.142660293540022,20.172212773805846,19.100053370566627,20.222347784033154,20.671876478412074,1.36,57.0,-0.7,1.95
FE,2023-11-08,33.39536709170852,33.441800432043706,32.79172658207753,33.144622802734375,2207000,24.40137931883773,19.7585497633445,19.1773320193511,20.19125663453913,20.65542021424339,1.34,59.0,-0.65,1.85
FE,2023-11-09,33.153912589557976,33.38608284082569,32.828872112201026,32.86602020263672,1952400,23.828066238146423,19.796246508755104,19.189554988382067,20.179457231257707,20.657828523756823,1.32,60.0,-0.59,1.8
FE,2023-11-10,33.07961783658644,33.10748067693437,32.75458088783599,32.782440185546875,2176100,23.561938631413582,19.69176793429053,19.175345230445924,20.155561995063977,20.61968908369896,1.3,59.0,-0.53,1.8
FE,2023-11-13,32.77314628546172,32.83815365805724,32.429531838729865,32.61526870727539,2742300,18.62801280950141,19.639210242389694,19.17086733706973,20.159215683993462,20.064801043898154,1.28,59.0,-0.47,1.8
FE,2023-11-14,33.20034176583091,34.045441232710246,33.17248247281793,34.017581939697266,4494600,20.346095257972696,21.408813130024193,20.135816529321783,20.753000915151745,20.330962215553285,1.26,76.0,-0.43,2.31
FE,2023-11-15,33.924716232719014,34.407630784047015,33.90614218736368,34.194034576416016,3440600,20.320252549024627,21.412763451191456,20.118766878142182,20.62303346206232,20.235422346869157,1.24,76.0,-0.38,2.32
FE,2023-11-16,34.41691617608774,34.63979761304713,34.27761262101069,34.39834213256836,3328000,20.323447453540034,21.373198326706518,20.13909621477598,20.60886328302863,20.0867584170235,1.22,78.0,-0.33,2.3
FE,2023-11-17,34.56551036699644,34.658377056425614,34.34262535267445,34.52836227416992,3294800,20.08504987747948,21.28345658384102,20.036974112090565,20.510392535909965,20.08839848870988,1.2,73.0,-0.32,2.42
FE,2023-11-20,34.342621424548035,34.79767665303062,33.99901046179795,34.760528564453125,3734900,19.796465732560325,21.287425056353968,20.034180372837525,20.51551089364825,20.070771760579273,1.19,73.0,-0.3,2.43
FE,2023-11-21,34.78838800740716,34.99269895281495,34.49121038279768,34.974124908447266,3232900,19.778991433620977,21.3112795650684,20.027068077637896,20.38271815071937,19.961810161229828,1.18,73.0,-0.28,2.43
FE,2023-11-22,35.08557529514497,35.08557529514497,34.686242087848846,34.862693786621094,3015500,19.632935173593385,21.324399372104182,20.024161819992106,20.317913242625053,19.961732039166336,1.18,73.0,-0.25,2.43
FE,2023-11-24,34.936980915612956,35.011277101793944,34.76053278738884,34.9555549621582,1091500,19.526978221727216,21.298809707051465,19.913976438536285,20.251407596825537,19.94076617740758,1.17,70.0,-0.21,2.52
FE,2023-11-27,34.99269767110624,34.99269767110624,34.65837197000704,34.82553482055664,2906200,19.523802557183544,21.271796620000224,19.844966060882776,19.99229694920486,19.898239216569205,1.16,68.0,-0.17,2.6
FE,2023-11-28,34.8998302691423,35.150570997112915,34.621223162265565,34.649085998535156,5313600,19.198601706508917,21.17511910830016,19.816220351859073,19.881387377332086,19.884634098004284,1.15,67.0,-0.13,2.64
FE,2023-11-29,34.68623565947174,34.79767993571749,34.16617654087311,34.34262466430664,5079700,19.404430902298582,20.796255522469668,19.848824091426813,19.872667999007554,19.895940199151184,1.15,70.0,-0.09,2.6
FE,2023-11-30,34.43549546678141,34.48192881133694,33.98972543966444,34.305477142333984,4435200,19.253626167624848,20.793972417165175,19.793878784171024,19.807144163325887,19.89128799847836,1.14,67.0,-0.02,2.64
FE,2023-12-01,34.296189199755126,34.714096353242006,34.073304203683186,34.69552230834961,4185600,19.378000549290412,20.81048575706122,19.75749381252141,19.811449045243602,19.600438801980047,1.13,66.0,0.04,2.67
FE,2023-12-04,34.398343697218394,34.74195466136501,34.34262156412567,34.51906967163086,4062200,19.126480278729517,20.835591607778518,19.70071720952906,19.790847655050893,19.603097611139404,1.12,66.0,0.11,2.72
FE,2023-12-05,34.519071650346916,34.519071650346916,34.1383125756458,34.407630920410156,3345100,18.944506680905523,20.848811861422003,19.70294391199708,19.726869024614075,19.601928154042668,1.11,67.0,0.19,2.71
FE,2023-12-06,34.55621733842674,34.806961620327286,34.23118042261308,34.77910232543945,3532700,18.36572207807751,20.89463396514208,19.68094263823021,19.57370769182155,19.62806341459716,1.1,66.0,0.24,2.76
FE,2023-12-07,34.85339723294983,34.85339723294983,34.36119743042805,34.639801025390625,4221700,18.447437666197306,20.864650373943626,19.628462036541,19.330977033791186,19.622379438495525,1.09,66.0,0.29,2.83
FE,2023-12-08,34.611937751124835,34.72337846777586,34.11973800516604,34.435489654541016,4199600,18.46903653175376,20.51452874020559,19.602738286340017,19.249616832589574,19.627530925455293,1.09,66.0,0.37,2.84
FE,2023-12-11,34.361194207106536,34.81624941887967,34.2776127821946,34.6026496887207,3762800,16.553729729004875,20.53586535482223,19.509514350965176,18.752903528968563,19.634247626055394,1.08,65.0,0.44,2.93
FE,2023-12-12,34.593368971904,34.60265422360595,34.04544701292541,34.34262466430664,3425200,16.71454589074201,20.582396514322248,19.462436198906076,18.769108797571956,19.641309644464936,1.07,64.0,0.47,2.96
FE,2023-12-13,34.35191201490434,35.809940912789585,34.17546035624967,35.76350402832031,4953000,20.11995390530433,22.174910917814973,20.52590557653887,19.334431755050108,19.977054269769727,1.07,100.0,0.41,2.87
FE,2023-12-14,35.96781759719816,36.05139903562475,35.08556986772575,35.169151306152344,6452100,20.694551324108126,22.419698095292407,20.692772062143586,19.33062450075346,20.045535246821323,1.08,100.0,0.32,2.7
FE,2023-12-15,35.011276151232934,35.03913544897585,34.175461792575064,34.34262466430664,8110800,21.650109290269164,22.877885066259385,21.024673490183716,19.513429268512542,20.181127693679812,1.09,100.0,0.27,2.44
FE,2023-12-18,34.361197441977126,34.54693435289358,34.11045314363546,34.194034576416016,2924700,21.619688622311575,22.879527654655384,20.80965044941432,19.464822611432915,20.170306849895862,1.1,99.0,0.33,2.63
FE,2023-12-19,34.286903381347656,34.454066257248506,34.0547331140006,34.286903381347656,2476200,21.297889730430867,22.867224691801287,20.810273589981072,19.453923084236465,20.010017387050446,1.11,99.0,0.37,2.63
FE,2023-12-20,34.184743884465085,34.305469846105545,33.59967394811661,33.60895919799805,3233800,22.115080066619097,22.968782079110657,21.038352400290776,19.571175199059464,20.10572965770705,1.13,100.0,0.42,2.43
FE,2023-12-21,33.66468316594027,33.93400148150056,33.47894627442846,33.73897933959961,2887400,21.866362482066023,22.971964504959335,20.99382367122557,19.067056722056833,20.10062013826614,1.14,98.0,0.51,2.48
FE,2023-12-22,33.89685481733728,34.15688435078544,33.61825123969472,33.64611053466797,4446000,21.723889399189048,22.608184913569275,20.947003306852093,19.065993359723834,20.067857292577294,1.16,97.0,0.6,2.53
FE,2023-12-26,33.636823595807165,33.924712409780724,33.59038671633329,33.74826431274414,2764300,21.709777559616157,22.465271278508297,20.054558915520108,19.06085520295941,20.057325818330252,1.16,88.0,0.6,2.74
FE,2023-12-27,33.66469078580454,33.77613152888116,33.5068166949991,33.729698181152344,2367200,21.638896164107617,20.06595776474997,19.94405826495422,19.024290968080333,20.002657792316846,1.15,82.0,0.6,2.85
FE,2023-12-28,33.64610872547596,34.06401584078677,33.5625273024138,33.98043441772461,2029200,17.952170822330732,19.203284236263393,19.96045206701824,19.019150637124792,20.007118539298304,1.15,83.0,0.58,2.83
FE,2023-12-29,33.86899258324838,34.082588758993246,33.78541116294505,34.045440673828125,2728600,17.894703133212413,19.197902393772388,19.90203547670608,19.00885633298051,20.00420742538105,1.15,79.0,0.56,2.9
FE,2024-01-02,33.86899624144772,34.760529125887004,33.80398885670549,34.732669830322266,2994800,18.75168646543853,19.547322031224056,20.10490099240951,19.136151222650764,20.102371751344176,1.15,89.0,0.49,2.72
FE,2024-01-03,34.76053081932644,35.132004643925065,34.59336795252076,35.066993713378906,4079300,18.91930902542778,19.455892862445104,20.153181375922284,19.171704645455588,20.114150081122915,1.16,92.0,0.41,2.66
FE,2024-01-04,35.21557841514028,35.53133006632111,34.946263643579755,35.094852447509766,3715100,18.828734811955044,19.259440408907864,20.007824973187567,19.141595997815674,20.112989709094823,1.16,82.0,0.33,2.81
FE,2024-01-05,35.05770662367688,35.503473064239,34.88125851469502,35.410606384277344,3621500,18.922247029923337,19.285147135545174,20.05400813847336,19.14845816843235,20.119736803489182,1.16,86.0,0.26,2.76
FE,2024-01-08,35.41060624761295,35.65206174016344,35.15057316797772,35.64277648925781,2841200,18.971156904089952,19.180011019952833,19.727035621886067,19.14952636480114,20.07103256967179,1.16,71.0,0.2,3.02
FE,2024-01-09,35.51275948086716,35.83779638161427,35.317733797782374,35.772789001464844,8050400,18.981921889000088,19.143362063456724,19.715848877256864,19.153118645922042,20.005619144012126,1.17,70.0,0.15,3.03
FE,2024-01-10,35.82851156693244,36.0421077532543,35.633485881476346,35.97710037231445,3048900,18.984377298618245,19.109613525092083,19.652182792919856,19.15226109362876,20.014137088753408,1.17,66.0,0.12,3.11
FE,2024-01-11,35.93995597964731,36.014248618656715,35.085567603899094,35.30845260620117,4540400,19.768247975696895,19.32997526659317,19.860272666183302,19.259319607186633,20.094454758863243,1.17,76.0,0.05,2.91
FE,2024-01-12,35.52204697734694,35.698495085676036,35.40131745973401,35.633487701416016,3968600,19.705518921825465,19.389141825804266,19.860284796258927,19.2468485202679,20.105848876706936,1.17,76.0,-0.01,2.91
FE,2024-01-16,35.40131033675579,35.5034657893634,34.9834032772865,35.15056610107422,4977600,20.164652291576036,19.552289393424317,19.98113056835545,19.268750669125097,20.14219851053341,1.18,80.0,-0.06,2.79
FE,2024-01-17,35.00198961127488,35.38274872304554,34.509789758717936,34.667667388916016,5538300,20.34326205975267,19.75931032888843,20.06706485556971,18.95030318001821,20.171349678439935,1.18,87.0,-0.09,2.71
FE,2024-01-18,34.49121149950429,34.65837436158887,34.32404863741971,34.46335220336914,5382400,20.362212645362384,19.66251724639455,20.031564239547585,18.814959835159684,20.168535203075884,1.18,82.0,-0.1,2.74
FE,2024-01-19,34.584075476278976,34.593360725767575,34.064012939012365,34.37047576904297,3736700,20.355542532922644,19.58329009079172,20.014605394128758,18.80121574204571,20.069447934276678,1.18,79.0,-0.11,2.76
FE,2024-01-22,34.426202980177585,34.676947265050366,34.05472917829863,34.07330322265625,4172500,20.240216984012775,19.278443312151634,20.06047765371934,18.82024572908422,20.08083543579564,1.19,86.0,-0.11,2.72
FE,2024-01-23,34.026869594683596,34.249754582449235,33.87828078371873,34.101165771484375,5877600,20.21956882512678,19.277273113119577,20.05817286759923,18.785161107737622,20.067093381151242,1.18,85.0,-0.11,2.72
FE,2024-01-24,34.39833988262773,34.4076251324618,33.321070227422325,33.395362854003906,5257000,21.018723252787062,19.704714944347128,20.322223001019406,18.788001331627004,20.015414710297414,1.17,92.0,-0.11,2.51
FE,2024-01-25,33.7668434355746,33.90614346704168,33.19106217837583,33.89685821533203,3963000,21.460409570178076,19.155017324523822,20.434593957078985,18.789250289474335,20.073196325895196,1.16,92.0,-0.1,2.4
FE,2024-01-26,33.98971922191453,34.026867307818286,33.627534240944065,33.7854118347168,3379600,21.37761754360551,19.119615574261694,20.368951702045106,18.78558691122646,20.07127887622997,1.15,91.0,-0.06,2.46
FE,2024-01-29,33.79470202057593,34.203323939923365,33.61825390071761,34.15688705444336,2789300,17.867028243750873,19.20939312476628,20.15749277746949,18.7230958785476,20.078993844170938,1.14,89.0,0.02,2.62
FE,2024-01-30,34.082594698635546,34.37048355224523,33.8039910966171,34.13831329345703,2877100,17.274471777377208,19.051754100902105,20.152194747748673,18.71621880676919,20.075810778631183,1.13,87.0,0.11,2.63
FE,2024-01-31,34.407629216337256,34.57479207428195,33.915429436076074,34.06401824951172,3447500,15.875884843155836,18.83982824294911,20.09384350780962,18.71600329223824,20.075701844674988,1.12,82.0,0.17,2.69
FE,2024-02-01,33.91542695876882,34.695519057984356,33.70183077647172,34.65837097167969,2880800,16.615514452437534,19.116645404660957,20.26148700451339,18.72964317124857,20.135595600365853,1.11,89.0,0.2,2.53
FE,2024-02-02,34.33333871059879,34.481927533251245,33.85042415131907,34.166175842285156,3897900,17.137802798101113,19.181830468722264,20.397228550483437,18.69272569814571,20.17894085253339,1.11,91.0,0.26,2.41
FE,2024-02-05,33.81328133828745,34.045451631338764,33.5718257922746,33.63683319091797,3883600,16.74119296055548,19.446188586484165,20.517591478804345,18.7729496398852,20.234791544189466,1.1,92.0,0.3,2.31
FE,2024-02-06,33.58046925674765,33.805906151441974,33.46775260099943,33.6368293762207,2636100,16.701718578657164,19.29856926491372,20.479023697174846,18.742529231450217,19.901329718008625,1.09,91.0,0.32,2.35
FE,2024-02-07,33.7683334182713,33.852871807583824,33.486539981628844,33.655616760253906,2514300,16.68354574412117,19.21348956165195,20.230197309522925,18.730567112609183,19.84523238669676,1.08,85.0,0.32,2.56
FE,2024-02-08,33.458356781831114,33.67439852732686,33.26110174244776,33.6180419921875,4550300,16.66155689034253,19.206373691985025,20.23064299071297,18.72618561699531,19.8236164606442,1.07,85.0,0.31,2.56
FE,2024-02-09,33.81529320359205,35.26183716171309,33.81529320359205,35.04579544067383,9712600,20.584168915516035,20.9387584426823,21.274687141787002,19.366068378572336,20.184533234784617,1.07,100.0,0.27,2.45
FE,2024-02-12,35.111546804052935,35.48727013086814,34.67006822226776,35.47787857055664,3692500,20.75684081364388,19.276223925911562,21.35808453116578,19.410574187461332,20.22188274645334,1.08,100.0,0.21,2.37
FE,2024-02-13,35.29941023022993,35.45909183777657,34.397666363575674,34.7076416015625,4063500,21.833595915252992,19.801683155754926,21.62549909964794,19.4584060009994,20.292422069463985,1.08,100.0,0.2,2.19
FE,2024-02-14,34.763997448078506,34.84853582194467,34.54795573335325,34.6888542175293,3404100,21.049857335331218,19.766418514972646,21.56378214495816,19.43180144032237,20.25460321830814,1.07,99.0,0.21,2.24
FE,2024-02-15,34.78278471559714,35.120938216545746,34.688854780088015,35.036399841308594,3930900,21.065624270852567,19.85564557773393,21.60395697438111,19.44502959642189,20.273004848919836,1.05,99.0,0.21,2.19
FE,2024-02-16,34.90489942576127,35.149119428485925,34.5761410407093,35.120941162109375,3477000,21.07631508798691,19.815466867722144,21.595454049897032,19.408506917500326,20.220846910812295,1.02,98.0,0.22,2.2
FE,2024-02-20,35.13972781485932,35.35576955088423,34.857934401922364,34.8955078125,4110500,20.98148272399868,19.82153126079188,21.437845482499153,19.412148052610835,20.225568123137354,0.99,96.0,0.3,2.32
FE,2024-02-21,35.04579669569188,35.54363182794947,34.820359822987996,35.524845123291016,3159200,21.560703707723803,20.145859135076563,21.60488734906611,19.457444866372807,20.273796914788207,0.96,99.0,0.36,2.17
FE,2024-02-22,35.33697993477461,35.33697993477461,34.98943487355403,35.036399841308594,3278600,21.88942212683441,20.346708726335887,21.49440943298988,19.480477953843486,20.27775207080454,0.93,95.0,0.51,2.23
FE,2024-02-23,35.12093780341853,35.365161365985216,35.027007869014305,35.130332946777344,4298300,21.830283996042375,20.338420468953082,21.404714089377507,19.451532267586323,20.225321603055065,0.88,93.0,0.67,2.31
FE,2024-02-26,34.98943873651536,34.98943873651536,34.20980656956547,34.26616668701172,2995800,22.33664235310821,20.952589398155745,20.384325618072968,19.550559395140336,20.351581880813978,0.86,78.0,0.14,1.51
FE,2024-02-27,34.42584929814,34.67006928892366,34.1628390197605,34.63249588012695,2336700,22.398756395322323,20.988268711372793,19.89895347687244,19.54256706667597,20.36356969706841,0.85,47.0,0.05,1.71
FE,2024-02-28,34.57614225875383,34.78278885812437,34.519782140817625,34.60432052612305,2315200,22.073144377793845,20.987673179971157,19.89947264662974,19.515665347887232,20.361609869055115,0.84,47.0,-0.18,1.71
FE,2024-02-29,34.754606916345075,34.91428852548542,34.32252347410924,34.388275146484375,3085800,21.78358478871233,20.897264710833205,19.920793665819115,19.52434414038024,20.35009942256346,0.83,49.0,-0.47,1.71
FE,2024-03-01,34.32252748341902,34.37888401878236,33.82468872745673,34.28495407104492,2730000,21.734462924864143,20.880502431124857,19.824711900584322,19.527304756845336,20.249879898754536,0.82,40.0,-0.62,1.83
FE,2024-03-04,34.05951557709462,35.07397616426606,34.05951557709462,35.00822448730469,2570300,22.554926284967923,21.306888202835687,19.95168814689835,19.683916871072256,20.339040691266966,0.81,50.0,-0.65,1.74
FE,2024-03-05,35.19608698257226,35.47788038791793,34.64189173267351,34.763999938964844,3440500,22.499851135567926,21.245343297823712,19.96555277131272,19.68078191938678,20.27682092468351,0.8,51.0,-0.63,1.76
FE,2024-03-06,35.14911787520626,35.36516318520473,34.9424712922474,35.18669128417969,2293100,22.742023372505265,21.37149106525922,19.95967709834826,19.73338547831999,20.305747139230636,0.79,49.0,-0.58,1.76
FE,2024-03-07,35.524841989625685,35.60938036153278,35.308800279906954,35.54362869262695,2196000,21.900405216101323,21.425626680741797,19.99576278406791,19.758578958115862,20.224991901162955,0.77,52.0,-0.55,1.7
FE,2024-03-08,35.646958102495304,35.8536046942447,35.33698284007473,35.77846145629883,2694600,21.607748667157516,21.443584120319727,19.97995091367926,19.768173116190287,20.187514101351628,0.76,50.0,-0.5,1.72
FE,2024-03-11,35.759669973199074,36.210540090226985,35.759669973199074,36.19175338745117,2579400,21.729177590197573,21.49112037869606,19.913319549052826,19.802478731237827,20.169418520713467,0.75,42.0,-0.43,1.78
FE,2024-03-12,35.98511271656544,36.22933272625233,35.51545581984638,35.590599060058594,2879700,22.247697464704284,20.139354190213574,20.103231070598287,19.776580343785184,20.050687190498763,0.75,65.0,-0.4,1.67
FE,2024-03-13,35.84421313320059,36.088433135521754,35.618776252967656,35.77846145629883,2325300,22.26794615409073,19.864248650739764,20.075335819114464,19.767873516334415,19.972901569080793,0.73,63.0,-0.35,1.67
FE,2024-03-14,35.665746360567915,35.769071452539926,35.44030947052009,35.712711334228516,2513000,22.263207370545818,19.227489136098114,20.06191477050672,19.767383565933656,19.949041828351916,0.72,61.0,-0.3,1.67
FE,2024-03-15,35.477880636429695,36.00389762443774,35.477880636429695,35.64695739746094,5657300,21.77441307927622,19.206641080711773,19.980840108744555,19.703074943546923,19.90459899108959,0.71,47.0,-0.29,1.73
FE,2024-03-18,35.64695812860348,35.909964836403155,35.553024602105275,35.891178131103516,3113900,21.34625403513184,19.243599460256785,19.94730654521682,19.70215206759643,19.887072927928493,0.69,41.0,-0.4,1.73
FE,2024-03-19,35.98511078122687,36.15418754160833,35.83482072568753,35.97571563720703,2041800,20.709789220432363,18.753921230464094,19.715033896185947,19.687149234166025,19.86683653908818,0.68,23.0,-0.36,1.93
FE,2024-03-20,35.96632271693737,36.191756000126716,35.70331244228655,35.938140869140625,2487300,20.721824329984976,18.750403731034368,19.71713750406659,19.68321044347535,19.82106601560615,0.67,24.0,-0.33,1.93
FE,2024-03-21,36.013288142202725,36.295081541360375,35.853602946654995,35.94753646850586,2176600,20.724054753167938,18.7344140092027,19.68109299202757,19.62081989220814,19.67952077150848,0.65,19.0,-0.29,1.98
FE,2024-03-22,36.257509926452386,36.30447848130032,35.76906992145233,35.891178131103516,1665800,20.730746102380163,18.73790775681054,19.205480579746766,19.576524231470188,19.502330722683567,0.65,12.0,-0.44,2.18
FE,2024-03-25,36.107221029726794,36.15418958608688,35.881787725268566,36.03207778930664,1462500,17.056938448465818,18.744227778847865,19.18198185281352,19.55539534671214,19.438026269953856,0.65,10.0,-0.53,2.22
FE,2024-03-26,35.92874940114604,36.060252747211194,35.48727081090094,35.496665954589844,2190200,17.308881820389274,18.98218312419647,19.334339580024498,19.627001393876714,19.145110236890087,0.64,12.0,-0.59,2.13
FE,2024-03-27,35.74089234805015,36.21054928713937,35.646962393511544,36.12601089477539,3799700,16.730961170075286,19.29277141989494,19.427965918505834,19.70776166391374,19.221791135123752,0.63,12.0,-0.57,2.05
FE,2024-03-28,36.11661309646838,36.360833086018985,36.003896453844824,36.27629470825195,3248200,16.740503848621255,18.8956959720857,19.315521114581717,19.649100707226662,19.196055727500504,0.63,10.0,-0.55,2.18
FE,2024-04-01,36.323262997892286,36.33265814250162,35.67513776456185,36.04146957397461,2844100,16.695984615312838,18.861079225373327,19.325083042254814,19.627974842027772,19.13115542875452,0.62,10.0,-0.55,2.2
FE,2024-04-02,36.069647192985755,36.3796188479706,36.04146534566177,36.135398864746094,3459900,16.69754959010007,18.86610212212248,19.21805394344637,19.628184138854614,19.118907505126124,0.62,8.0,-0.53,2.27
FE,2024-04-03,36.07903932508693,36.15418614154534,35.63756073638734,35.82542419433594,3172000,16.792842937319794,18.872850086661217,19.27024932461011,19.594930752648217,19.10042457876165,0.62,8.0,-0.51,2.25
FE,2024-04-04,36.11661322463994,36.13539992901012,35.599991395651344,35.94753646850586,4250100,16.02627814596725,18.83878565197129,19.177054774145084,19.562611652236086,19.092342885796135,0.62,3.0,-0.51,2.3
FE,2024-04-05,35.69392417352989,35.87239250444635,35.45909572501983,35.70331573486328,3193700,15.60765771139128,18.87769597946648,19.15883113549517,19.555754266330844,19.089640010541316,0.62,1.0,-0.57,2.32
FE,2024-04-08,35.769071294666276,36.06025627999549,35.65635105854097,36.04146957397461,2418600,15.80596810518579,18.94143439753375,19.19938798537239,19.529829327491214,18.749282440187358,0.62,5.0,-0.72,2.24
FE,2024-04-09,36.16357712887271,36.30447561590051,35.9193571456482,36.135398864746094,2468900,13.792752439236732,18.53795355973978,19.176449356794862,19.49212664131187,18.74988172092863,0.62,2.0,-1.1,2.25
FE,2024-04-10,35.769065545444924,35.82542207125151,35.280622017003665,35.54362869262695,2922900,14.502554391113772,18.764101604451668,18.214024248389837,19.587655916406796,18.812875360566782,0.65,1.0,-1.09,1.92
FE,2024-04-11,35.75028307562296,35.75028307562296,35.28062619457104,35.33698272705078,2110200,14.625413560713621,18.589668178097465,18.22497673969935,19.598577171706204,18.796756004446294,0.67,2.0,-1.08,1.93
FE,2024-04-12,35.308801481010995,35.562416605359516,35.0082213891603,35.13972473144531,2001900,14.599153841676324,18.401918024816073,18.22645091040364,19.60901047120577,18.782199178676564,0.7,3.0,-1.07,1.95
FE,2024-04-15,35.3369795191061,35.534238114470675,34.886109384210656,35.130332946777344,2638900,14.559862012758892,18.357830964187784,18.21764888712177,19.47138919017661,18.77236164564838,0.72,2.0,-1.06,1.97
FE,2024-04-16,35.0176132207503,35.14911656405439,34.57613822297189,34.59492492675781,2577300,13.997284871607635,18.62806006614105,18.35248497021861,19.55243217071722,18.813996747645216,0.74,5.0,-1.07,1.9
FE,2024-04-17,34.73582467170162,35.24305499502525,34.6794645524886,35.177303314208984,2552500,14.693080703696564,18.841275455604766,18.518901418664928,19.653470714641237,18.889925832640486,0.76,6.0,-1.07,1.74
FE,2024-04-18,35.318192664959824,35.449699589041124,34.97064760930963,35.34637451171875,1779000,14.336574886526208,18.861474630802544,18.526626628326923,19.624960594744685,18.87392763871145,0.77,7.0,-1.08,1.72
FE,2024-04-19,35.571809960606885,36.08843179559522,35.46848487696971,35.85360336303711,2710000,14.634460491975126,18.522088559043603,18.657649942218168,19.664226700421054,18.911752992136293,0.78,8.0,-1.11,1.59
FE,2024-04-22,35.75028321615268,36.06025489560263,35.61877627905519,35.891178131103516,2389500,14.514968100273764,18.300002390875676,18.64711482031731,19.126620921278672,18.900655553985025,0.79,8.0,-1.14,1.59
FE,2024-04-23,35.88178744803732,36.144794162272454,35.75967565220054,35.806640625,1944700,14.120982949378943,18.291737215924922,18.63212362525288,19.062135434908765,18.90093616840176,0.8,8.0,-1.16,1.6
FE,2024-04-24,35.59059714593762,36.05086245657549,35.40273368071406,35.97571563720703,2491200,13.302153847943737,18.191081781367764,18.585945759755866,19.058171746246128,18.89755655357887,0.82,8.0,-1.17,1.62
FE,2024-04-25,35.90996892485271,36.3138741767866,35.553028649916186,36.22933578491211,3289700,13.368193998653199,18.232137720678736,18.613309702137183,19.04101030519874,18.897370007692786,0.83,9.0,-1.16,1.58
FE,2024-04-26,35.881787903759104,36.351444804114074,35.54363436219189,35.816036224365234,5476300,13.794337140566387,18.399888383770488,18.62936626815828,19.067204923276147,18.89874202749805,0.84,10.0,-1.17,1.6
FE,2024-04-29,36.00389028847274,36.576868547223135,35.97570844524466,36.426578521728516,4019300,14.611098918967148,18.384978143645295,18.793214803717696,19.164383727144614,18.944075733666992,0.84,14.0,-1.16,1.45
FE,2024-04-30,36.229328306728824,36.370226791835805,35.89117480902995,36.01328659057617,3680300,14.902013884348047,18.292618085979544,18.879618017850643,19.1312965774184,18.69505934515796,0.85,15.0,-1.15,1.39
FE,2024-05-01,35.919356993324065,36.65202052308793,35.862996882112476,36.3514404296875,2862300,15.12943619382931,18.045009419433995,18.861599880404317,19.160770413160638,18.609097438497997,0.86,15.0,-1.16,1.41
FE,2024-05-02,36.58627009008547,36.94321030678024,36.32325981205894,36.7177734375,2762700,15.379215063006054,18.13111036761362,18.908807021481444,18.99469105778054,18.622591616987734,0.86,17.0,-1.12,1.34
FE,2024-05-03,36.96199077283997,37.03713758493447,36.3984040149201,36.85866928100586,2137500,15.40481686034831,18.13655237417757,18.886830616716974,18.988451388741325,18.620844804119244,0.87,17.0,-1.05,1.35
FE,2024-05-06,37.024850810495444,37.08182440783577,36.682994736728844,36.98686599731445,2068800,15.4057592147186,18.132488912485268,18.880393981932865,18.947673103876827,18.60009666528751,0.87,17.0,-0.98,1.36
FE,2024-05-07,37.2337598105575,37.39519345437446,36.99636016327402,37.366703033447266,2963100,15.616091181227915,16.21485005362665,18.894323270283778,18.95977095995271,18.519911551597076,0.88,19.0,-0.8,1.32
FE,2024-05-08,37.243259824832336,37.61360271489159,37.2242674173381,37.48065948486328,2283600,14.847770129500763,16.05255139239559,17.794630572686536,18.935280395944833,18.455551049260595,0.9,1.0,-0.65,0.9
FE,2024-05-09,37.480657894162896,37.879487567321284,37.38569586072196,37.832008361816406,2023000,14.268255448957817,15.416969709771886,17.632918716082756,18.95684096471174,18.471603610521647,0.92,1.0,-0.42,0.98
FE,2024-05-10,37.91747322850882,38.06940886298032,37.6515867737915,37.92696762084961,2055900,14.250031654079184,15.412921528359178,17.19099637311492,18.93356933485533,18.39814894936036,0.95,1.0,-0.23,1.11
FE,2024-05-13,37.98394443939855,38.17386488608179,37.680073173677854,37.68956756591797,1643500,14.23969511796994,15.390707104502715,17.209084735343506,18.91378742864249,18.403429434730263,0.98,2.0,-0.2,1.1
FE,2024-05-14,37.94595917951435,38.00293639957891,37.61360111854903,37.832008361816406,1884300,14.251661720427213,15.397748623306937,17.212633224738955,18.90539636611095,18.406223380579494,1.0,3.0,-0.17,1.1
FE,2024-05-15,38.15487276984148,38.6011852795825,38.07890314161695,38.230838775634766,3158400,14.145055183001434,15.427927984357954,16.945803952705717,18.93885568839059,18.356974279593867,1.03,1.0,-0.02,1.19
FE,2024-05-16,38.20235404248416,38.506225326955025,38.10739562449881,38.1928596496582,2426300,14.169031978281707,15.053770505646153,16.94456851066211,18.939184862378976,18.270944211289848,1.06,1.0,0.05,1.2
FE,2024-05-17,38.09789288035556,38.24982850373204,37.879485648153796,38.02192687988281,2516400,14.058363521556736,14.773663515868801,16.957168285193664,18.938442354593985,18.271592807925728,1.08,3.0,0.03,1.19
FE,2024-05-20,38.069407055669615,38.069407055669615,37.86999222409867,38.04092025756836,1579400,13.891026291655798,14.772129247324129,16.95505681230452,18.921113471375016,18.246573590024333,1.11,3.0,0.01,1.19
FE,2024-05-21,38.059911095597386,38.487227539233814,38.04091869016873,38.392269134521484,1879100,14.05451605163178,13.807181008155082,16.999989588935136,18.898687257578864,18.257106139669137,1.14,5.0,0.03,1.14
FE,2024-05-22,38.230837125133995,38.401765158828645,37.86049425960594,37.88898468017578,1892500,13.7030094244359,14.024934208798587,17.12558527336058,18.799204466370853,18.305447251422123,1.16,6.0,-0.05,1.07
FE,2024-05-23,37.632594655646194,37.71805867709462,37.14829732662804,37.16728973388672,2675900,14.879408505554597,14.648627062544337,17.425987268085535,18.9466670751094,18.41019880908682,1.18,10.0,-0.1,0.92
FE,2024-05-24,37.19577236675179,37.34771160780045,36.939383953559386,37.005855560302734,1892000,14.83076663611283,14.612301859075332,17.17315992117596,18.921103822954446,18.409118419083317,1.2,7.0,-0.17,1.07
FE,2024-05-28,37.024850863668426,37.24325810612605,36.77795320006856,36.834930419921875,2270600,14.93520596790941,14.63610109606997,17.132841238986423,18.926190071694577,18.31649215111247,1.22,7.0,-0.24,1.12
FE,2024-05-29,36.56903554997656,36.739963564670845,36.41709993940728,36.58802795410156,1970600,14.279691348608814,14.135395134242637,17.171006636999305,18.945217607567326,18.309172296313847,1.24,8.0,-0.28,1.09
FE,2024-05-30,36.76845689563019,37.091320546477675,36.63551367865139,37.02484893798828,2366100,13.90792638385297,14.222977486419328,17.214029338039044,18.9712685451651,18.329981694414705,1.26,13.0,-0.35,1.06
FE,2024-05-31,37.110315738772876,38.27832160449073,36.9678744970675,38.230838775634766,4458000,16.446140352917666,15.422777405044815,17.906508362086537,19.31259915597372,18.57458616343262,1.26,17.0,-0.41,1.06
FE,2024-06-03,38.08840070004113,38.30680794492316,37.74654462198884,38.1453742980957,2421900,16.123726740440993,15.332105219422875,17.906258063734107,19.18004659496978,18.56649428681613,1.27,17.0,-0.49,1.06
FE,2024-06-04,38.03142541354296,38.249832669531514,37.72755413369529,38.1833610534668,2144200,16.12401967725365,15.290636372558133,17.888032833834547,19.18008261469607,18.517721109021608,1.28,17.0,-0.55,1.09
FE,2024-06-05,38.05041564376322,38.1263852705932,37.42368071214068,37.45216751098633,1945300,17.240681513243157,15.694448830963717,17.904095832789885,19.318539652666992,18.588623322382052,1.28,18.0,-0.63,1.08
FE,2024-06-06,37.328725268277665,37.67057774889269,37.062835175668454,37.12930679321289,2399000,17.458197515165153,15.397839033030031,17.91036744704361,19.34937680465566,18.585820117745712,1.29,21.0,-0.68,1.1
FE,2024-06-07,36.8634147644043,37.214765207363556,36.758958346176456,36.8634147644043,1768900,17.521479600213976,15.451725598903096,17.810414916036645,19.352836207104776,18.509641420436072,1.3,17.0,-0.71,1.16
FE,2024-06-10,36.7494653832222,37.0628310276558,36.56903933656761,36.967872619628906,2576300,17.153097606879278,15.451187695951946,17.665487782424943,19.314960473535553,18.47606485718749,1.3,16.0,-0.73,1.25
FE,2024-06-11,36.682992347194066,37.034342790153325,36.54055111825957,36.8634147644043,1995400,16.51023562762797,15.459106173321786,17.643148991891685,19.311022754807134,18.456750059266795,1.31,16.0,-0.73,1.26
FE,2024-06-12,37.19578018235178,37.19578018235178,36.57854318683637,36.70199203491211,2265700,16.1962744688806,15.435728846859206,17.65340686688561,19.313622537938123,18.45921084699631,1.32,17.0,-0.72,1.26
FE,2024-06-13,36.7494649705756,36.92039300104957,36.37912211202568,36.730472564697266,1511900,15.984658270330755,15.430470108916941,17.58976342868426,19.19818567849292,18.45930445653483,1.32,15.0,-0.7,1.3
FE,2024-06-14,36.559544993305835,36.882408652429675,36.43609616476202,36.81593704223633,1783900,15.733177208811128,15.432945263639333,17.591534437776176,19.19649700003962,18.45983998932609,1.33,16.0,-0.68,1.3
FE,2024-06-17,36.50256941271771,36.720976659213854,36.28416216622157,36.312652587890625,1864600,16.189424101135995,15.703728260561721,17.402836470003376,19.127820370325736,18.497730286846725,1.33,14.0,-0.67,1.35
FE,2024-06-18,36.217690873849705,36.52156214318211,36.170211667222375,36.246177673339844,1980300,16.1493513728539,15.705065058752462,17.260687156523634,19.07620590048337,18.49839399277002,1.34,14.0,-0.63,1.49
FE,2024-06-20,36.1702107674772,36.540553641361726,36.08474674870145,36.30315399169922,1765200,15.833982273398824,15.68845863919453,17.24952468492484,18.19653133404463,18.4906683198554,1.34,14.0,-0.6,1.5
FE,2024-06-21,36.29365772937338,36.69248738148777,36.17970329525699,36.34113693237305,5179400,15.800578230240605,15.370364522982548,17.17169554869168,17.856197809036946,18.486579183576023,1.35,9.0,-0.55,1.59
FE,2024-06-24,36.341143965004875,36.99636578703127,36.23668752473291,36.55955123901367,3158900,15.639179770580904,14.996066494014054,17.191754622329015,17.865403085123035,18.486545170633452,1.36,12.0,-0.51,1.56
FE,2024-06-25,36.55954943039455,36.58803623181158,36.26517253350304,36.44559860229492,2439500,15.610167495899555,14.98826344843535,17.196404972161357,17.86305642519659,18.391971198308596,1.36,13.0,-0.46,1.55
FE,2024-06-26,36.26516868651177,36.67349636818771,36.11323305768569,36.597530364990234,2066900,15.61566189252205,14.947721513003067,16.998491161858155,17.801143495381112,18.38261862753918,1.37,5.0,-0.42,1.73
FE,2024-06-27,36.56903554997656,36.73046917382369,36.398111157712975,36.58802795410156,2408200,15.552633965690854,14.940029356431609,16.831622267045407,17.7208905946239,18.381374368159054,1.38,1.0,-0.36,1.86
FE,2024-06-28,36.68299298986024,36.72097417880138,36.208193715001585,36.34113693237305,4419300,15.23502994864806,14.89823117424466,16.671414775852327,17.7266560000394,18.343727465576226,1.38,1.0,-0.35,1.97
FE,2024-07-01,36.588032916592404,36.84442497340867,36.22718805656759,36.37912368774414,2173300,15.254565938341022,14.884669620715973,16.671006052023653,17.67097686673514,18.33105289591655,1.39,1.0,-0.36,1.97
FE,2024-07-02,36.50256980387638,36.578539432566295,36.151219327263746,36.322147369384766,4093100,15.230387868999582,14.817713286895366,16.67515245755906,17.662338998417066,18.319017045098224,1.4,3.0,-0.4,1.97
FE,2024-07-03,36.41710327608209,36.63551413231585,36.31265047747027,36.502567291259766,1249400,15.336213410728536,14.727965820049748,16.685586738607412,17.64531214061461,18.322120010688767,1.41,4.0,-0.51,1.95
FE,2024-07-05,36.50257026846191,36.73047553500102,36.331642224165414,36.63551712036133,1827700,15.08590500759303,14.736645626601701,15.360141422494584,17.558725268983288,18.27817753325484,1.42,1.0,-0.48,0.66
FE,2024-07-08,36.645015716552734,36.7589665516784,36.48358204622896,36.645015716552734,2012300,14.682842028126696,14.31774677230449,15.242960141952523,17.555689220678893,18.243142186664592,1.44,1.0,-0.48,0.75
FE,2024-07-09,36.607029989303214,36.863422078799765,36.407615127172,36.70199203491211,2034100,13.653775662642046,14.25795111616357,14.819510414157438,17.531553015073808,18.22324205121162,1.45,1.0,-0.44,0.86
FE,2024-07-10,36.863419421801815,36.9963626536405,36.61652536587732,36.958377838134766,2484500,13.763903488617496,14.255896831590098,14.853155237667048,17.537081438568666,18.227976052602294,1.47,2.0,-0.42,0.82
FE,2024-07-11,37.110316594804026,37.604104699928804,36.99636214983861,37.48065948486328,2562000,14.276692539538766,14.507422715149906,14.931965512030242,17.55532888393907,18.259099710802182,1.47,3.0,-0.43,0.77
FE,2024-07-12,37.62309944266236,37.813019906961614,37.357212966102345,37.528141021728516,2954200,14.108265184196428,14.097162684635475,14.929684783667273,17.522242093502193,18.21056698013723,1.48,3.0,-0.45,0.77
FE,2024-07-15,37.252755832268704,37.395197083434624,36.87291853321207,36.901405334472656,2200400,14.604186560030469,14.213592060191738,15.145404300134988,17.49659420128872,18.262529071596926,1.48,5.0,-0.41,0.68
FE,2024-07-16,36.96787075004057,37.18627797540169,36.83492753655388,37.005855560302734,2205100,11.029895815355776,14.195662392080981,14.89378244881436,17.498064372767423,18.262738904539987,1.48,3.0,-0.41,0.81
FE,2024-07-17,37.119808557280116,37.8699923032505,37.08182374477833,37.5091438293457,2859200,11.8039376053619,14.16643386199711,14.860398390069232,17.540533295067522,18.264907668731787,1.48,3.0,-0.4,0.83
FE,2024-07-18,37.25274984706033,37.89847713638555,37.23375744179419,37.47115707397461,2302300,11.795281549102826,14.170894529440725,14.859332676479642,17.24919297898232,18.236666412944448,1.47,3.0,-0.39,0.83
FE,2024-07-19,37.661079918361786,37.70855912335521,37.26225024949967,37.594608306884766,2004200,10.419567719908818,14.165794610295377,14.288337012692912,17.23259870070369,18.221728814281988,1.5,1.0,-0.45,0.79
FE,2024-07-22,37.651583997249645,37.83200641786989,37.50914276562298,37.79402160644531,1393500,10.179158828834819,14.173102725738893,14.220951751084499,17.231292285512264,18.185904474816226,1.54,1.0,-0.46,0.85
FE,2024-07-23,37.82251590924786,37.94596112540465,37.61360304739582,37.8699951171875,1786400,9.913985526885298,14.116496705873487,14.21948403619828,17.175085267513587,18.157182842872338,1.57,1.0,-0.49,0.85
FE,2024-07-24,38.05991430084313,38.47773638816792,37.869993852993225,38.382774353027344,2417200,10.551126404555873,14.119682603130904,14.310693499688531,17.165692279118915,18.20413198240752,1.6,4.0,-0.56,0.78
FE,2024-07-25,38.572696359519455,38.981024071045475,38.192859070902465,38.4112663269043,3091800,10.481614794464639,13.732892557136871,14.295665329452472,17.150488369844986,18.203913693495856,1.62,4.0,-0.71,0.79
FE,2024-07-26,38.544209758512395,38.98102427277662,38.48723253483085,38.87656784057617,2054200,10.774626312983298,13.677012641341177,14.051836574949547,17.133911205499622,18.242010235962223,1.65,1.0,-0.62,0.83
FE,2024-07-29,38.943036523059035,39.49380544319196,38.80059890823342,39.42733383178711,3114600,11.32664747819949,13.829403969892848,14.142379022187205,17.202237856502926,18.183602384633993,1.67,2.0,-0.34,0.77
FE,2024-07-30,39.3038867521388,39.78818408244426,39.20892833802428,39.69322204589844,3958700,11.396850631326028,13.757253436496738,14.063260233585703,17.15313964570789,18.193343901575325,1.69,2.0,0.01,0.83
FE,2024-07-31,39.94961554261002,40.01608715935861,39.27540135991352,39.79767990112305,4662200,10.300496311991356,13.750011796592126,13.992922796755625,17.117316977159312,18.19449125897934,1.71,1.0,0.24,0.9
FE,2024-08-01,40.063562858023715,40.642818572452235,40.00658926147737,40.56685256958008,3223600,11.191122038027983,14.223674480633958,14.257027822276063,17.244827174800392,18.258978725765434,1.73,7.0,0.87,0.78
FE,2024-08-02,41.07014442132705,41.44998535627729,40.06356847941105,40.528873443603516,4172300,11.25702702167931,14.116311980359,14.166244965260605,17.23043571100461,18.23158381350403,1.74,5.0,1.07,0.86
FE,2024-08-05,40.84223167085442,40.9846729010337,39.73120311620749,39.769187927246094,4581100,13.012345608654199,14.70932808644144,14.240052229514196,16.696170777546122,17.91774379653217,1.75,8.0,0.9,0.88
FE,2024-08-06,39.80717371594594,40.50987831164036,39.778686915590555,40.01608657836914,3439300,13.016399810286226,14.647185949685834,14.247672439310358,16.700289147452832,17.872637912774355,1.76,9.0,0.77,0.87
FE,2024-08-07,40.135995234871096,40.65400369790623,39.972916870136075,40.20314407348633,3282300,12.89262463388822,14.663729167259728,14.250695953593743,16.69544646010728,17.86777914822472,1.76,10.0,0.66,0.87
FE,2024-08-08,40.02088144904825,40.452551487185666,39.857803092519184,40.183956146240234,3422900,12.93482029143182,14.589219271415102,14.244959731753315,16.692603688569143,17.84453120918792,1.76,9.0,0.54,0.87
FE,2024-08-09,40.23192335141337,40.337444006377204,39.742695548525305,40.260704040527344,2887200,12.900870379607444,14.579460349419254,14.216849443612784,16.678548234452258,17.82349691746784,1.77,6.0,0.41,0.9
FE,2024-08-12,40.26070226261506,40.49092580933544,40.135995706861436,40.4813346862793,2564200,12.563050305126636,14.476393264616801,14.232135269316409,16.675769114611516,17.82826560165959,1.77,9.0,0.31,0.89
FE,2024-08-13,40.55807413252361,40.70196659189537,40.18395812936171,40.56766891479492,2631200,12.547820283155215,14.472603277918367,14.228425445308046,16.66966889001914,17.766720198758666,1.77,9.0,0.21,0.89
FE,2024-08-14,40.48133118065915,40.81707534860865,40.1359922311471,40.55807113647461,2397800,12.505754616697793,14.429882103411238,14.229491730449165,16.66874458738955,17.7667011432183,1.78,10.0,0.11,0.89
FE,2024-08-15,40.164769486910224,40.75952152973282,40.00169479278394,40.59644317626953,3146600,12.524122057972406,14.429410045938052,14.222603002316585,16.65994537314518,17.609454192287384,1.78,9.0,0.0,0.89
FE,2024-08-16,40.769112914860656,40.98974532210298,40.58685231566143,40.83626174926758,2524200,12.542596447164911,14.365845358310539,14.235522153553081,16.655522552974478,17.60967982493256,1.79,13.0,-0.08,0.88
FE,2024-08-19,40.922593181982776,41.172002595441725,40.78829552401745,41.11444854736328,2209000,12.533407290103227,14.102081001812955,14.021815658822772,16.628955662746243,17.584559992360003,1.79,2.0,-0.11,1.0
FE,2024-08-20,41.12404025996805,41.49815621520164,41.12404025996805,41.431007385253906,3136200,12.561946847834914,13.488525451629513,13.8189277775354,16.645764940007155,17.58188237268455,1.8,1.0,-0.13,1.13
FE,2024-08-21,41.43101217383927,41.642053469116696,41.34467743116553,41.42142105102539,2008500,12.589536434317036,13.434431916293546,13.813988380680028,16.60159591154517,17.560801184018874,1.8,1.0,-0.18,1.13
FE,2024-08-22,41.44060516357422,41.54612580664888,41.239158659160985,41.44060516357422,1788400,12.240603549656507,13.369440082997471,13.757764066528882,16.585941108765756,17.556667781076733,1.81,1.0,-0.24,1.19
FE,2024-08-23,41.61327163168642,41.67082568059204,41.335081530853365,41.431007385253906,1492100,12.270397409110616,13.254922821360053,13.758792805487765,16.578916715342178,17.538875978787644,1.81,2.0,-0.32,1.19
FE,2024-08-26,41.50775305695874,41.82431131966596,41.45019534585881,41.651641845703125,1668300,10.688713194845684,13.115317588861974,13.678970300343352,16.54658925588192,17.514264958500355,1.81,1.0,-0.37,1.27
FE,2024-08-27,41.59409053637288,41.766760021720366,41.33508630835165,41.42142105102539,1577800,11.040466265877274,11.607660985493647,13.721053990118612,16.554102304018926,17.517534003290912,1.82,2.0,-0.45,1.22
FE,2024-08-28,41.603680680278245,42.05454028800349,41.53653184414944,41.99698257446289,2430000,11.063101379696008,11.859348591976474,13.796226695958701,16.602552475652782,17.563942971169336,1.82,5.0,-0.47,1.17
FE,2024-08-29,42.06413161767626,42.160061140716195,41.52694092600117,41.83390808105469,2549400,11.201700522091953,11.912199131776086,13.766437274629281,16.607014161792307,17.57000580046084,1.81,5.0,-0.53,1.2
FE,2024-08-30,41.91064279065102,42.27516761387011,41.86267986480719,42.13127517700195,2882500,11.244345778353505,11.142006325361747,13.7939980123619,16.590579098984936,17.572006188270404,1.81,6.0,-0.57,1.16
FE,2024-09-03,42.179244754681854,42.6972495136175,42.03535230760493,42.50539779663086,2392500,11.332043234184127,11.005905662019444,13.534352952506271,15.941908649347575,17.575587874600203,1.82,1.0,-0.57,1.29
FE,2024-09-04,42.62051541732761,42.97544553374609,42.447845920834844,42.726036071777344,2242700,11.322901096707502,10.843403992073016,13.489341831621408,15.809418215097054,17.541978235939464,1.83,1.0,-0.56,1.34
FE,2024-09-05,43.004221092904594,43.138518760970776,42.54376671762484,42.65888214111328,2978500,11.070240237353158,10.874484284618717,13.447471780398953,15.533684337943882,17.408049375989293,1.84,1.0,-0.59,1.39
FE,2024-09-06,42.73562446284916,42.7931821777792,42.33273143635053,42.39028549194336,2108400,11.408062193282063,10.968981772497708,13.506887433359566,15.545390827299366,17.421983357613406,1.85,3.0,-0.65,1.32
FE,2024-09-09,42.399880750717955,42.66847610473633,42.27517419663632,42.66847610473633,2750000,11.149717945995468,10.91167085993883,13.240274020400754,15.5572534593406,17.40506110986488,1.86,1.0,-0.71,1.49
FE,2024-09-10,42.69724927969337,42.793178796998056,42.34231921400829,42.46702575683594,2005100,10.870976622548795,11.007048045247458,13.074864921071667,15.368446066471986,17.411288418662473,1.87,1.0,-0.78,1.62
FE,2024-09-11,42.380694294591514,42.40947132233732,42.03535532429303,42.3519172668457,2262500,10.894701880308991,11.057213537771787,13.086634386447804,15.372709452613305,17.413995242766077,1.87,2.0,-0.86,1.61
FE,2024-09-12,42.419066620403136,42.59173610765249,42.11209945625702,42.26558303833008,2225200,10.961136863185244,10.57881767256699,12.947211763251588,15.370307755707962,17.40210574686186,1.88,1.0,-0.93,1.76
FE,2024-09-13,42.26558025920362,42.706845071231626,42.083316001682086,42.65888214111328,2443500,9.945848115761915,10.627642083975516,13.003111020263846,15.398033766681701,17.407457840716983,1.88,2.0,-0.98,1.68
FE,2024-09-16,42.86032892280693,42.95625478366939,42.351915273429256,42.534175872802734,2656200,10.007843705718189,10.688141191839003,13.007978765118422,15.404627051322498,17.30697388929415,1.88,3.0,-1.05,1.68
FE,2024-09-17,42.41906181245242,42.476615862120624,41.728383941739295,41.91064453125,6515100,9.31574931207266,11.264691159068805,13.259145627230339,15.503764823700953,17.377753011309743,1.88,7.0,-1.11,1.48
FE,2024-09-18,41.92024228315536,42.160060598666156,41.46938267900718,41.71879577636719,4111400,9.39264952539676,11.328149196733953,13.264727356889793,15.518427605134125,17.380044353630794,1.87,8.0,-1.18,1.48
FE,2024-09-19,41.488565327904695,41.622862988558936,41.191189322644014,41.46937942504883,3047700,9.57604611467729,11.400917911085347,13.157371619365469,15.377855510819218,17.39348152010627,1.86,6.0,-1.23,1.57
FE,2024-09-20,41.71879909355266,42.27517572692159,41.431014164587395,42.20802688598633,7857200,10.70312982597865,11.829810410143528,13.18035657524281,15.470800945032211,17.458948592492117,1.85,7.0,-1.29,1.57
FE,2024-09-23,42.41906158061506,42.447838605291885,42.073722647145914,42.23679733276367,3191700,10.70634512962891,11.82242079371656,13.01826545935327,15.470830861494248,17.425242406332394,1.84,4.0,-1.34,1.73
FE,2024-09-24,42.102503658738954,42.56295439385481,41.76675947459317,41.87228012084961,2381600,11.040992693102632,11.891415648810403,13.05923173123472,15.484226048400233,17.444357538037114,1.82,5.0,-1.38,1.69
FE,2024-09-25,41.93942770326521,42.121688303587604,41.70920051292483,42.00657653808594,2666700,11.053825924304157,11.889433575039055,12.989406318603999,15.472261647752166,17.439843152631518,1.81,2.0,-1.42,1.79
FE,2024-09-26,41.7667592445953,42.102503426892234,41.670829721555364,41.83390808105469,2268100,11.153329013636903,11.937177832344178,13.011980145330494,15.480238967595788,17.352686389665017,1.79,5.0,-1.46,1.76
FE,2024-09-27,42.06412988118719,42.35191477908954,41.89146040618058,42.255985260009766,2271100,11.454483931015297,12.029588117722007,13.081886421433438,15.507808461111471,17.373490945951875,1.77,9.0,-1.49,1.67
FE,2024-09-30,42.45743128519288,42.63010075826415,42.21761297918689,42.543766021728516,2852200,11.4883901620855,12.060275793337514,13.033830780454675,15.345748305047538,17.26331702262604,1.74,7.0,-1.52,1.73
FE,2024-10-01,42.65888221764962,42.76440285970151,42.43824981123977,42.69725036621094,2336600,11.394376639398548,12.053296026345004,13.036027639545408,15.318361535070087,17.21924717282658,1.74,8.0,-1.54,1.72
FE,2024-10-02,42.39028292738447,42.601324210022995,42.160059400266974,42.255985260009766,3774000,11.709186299495057,12.340412420826105,13.10260497622803,15.279311598017225,16.55707847328858,1.73,13.0,-1.57,1.67
FE,2024-10-03,42.34231974155445,42.34231974155445,41.63245960134011,41.651641845703125,4031600,12.496773095756183,12.768742427650526,13.329655928217388,15.287288684300446,16.37152215699883,1.73,19.0,-1.59,1.49
FE,2024-10-04,41.14323219934569,41.737980634432816,41.028120425308224,41.69001770019531,2998800,12.498363689709695,12.52100767916858,13.279350737338541,15.265040441934834,16.3705651090172,1.73,19.0,-1.61,1.55
FE,2024-10-07,41.5077571185559,41.56531483528794,41.08567817386622,41.124046325683594,3343600,13.129497658300412,12.914780509715603,13.474159666074351,15.357944870134101,16.431687429204985,1.72,22.0,-1.62,1.39
FE,2024-10-08,41.34467617648787,41.44060569840155,40.97056018936726,40.98974609375,2323500,13.049105412857415,12.37881521802339,13.40008081110668,15.323228204037346,16.387897197311208,1.72,21.0,-1.62,1.48
FE,2024-10-09,41.04730483574511,41.172007728352916,40.63481702952006,40.81707763671875,2514700,13.010598866293721,12.436797175755885,13.42022570176368,15.335790424467055,16.33568816167841,1.71,22.0,-1.63,1.46
FE,2024-10-10,40.91300812093558,41.12404576071247,40.481334399718996,40.606040954589844,2049800,12.345156195792898,12.263256850067757,13.427501149517829,15.1309287136584,16.33538076546695,1.71,23.0,-1.63,1.45
FE,2024-10-11,40.673185811596575,41.12404173465066,40.62521922333948,40.970558166503906,2053600,12.651246434229236,12.351542186470924,13.491622202640269,15.070547826763342,16.314005313274915,1.7,27.0,-1.63,1.37
FE,2024-10-14,41.00893027560195,41.459789861315684,41.00893027560195,41.41182327270508,1968400,12.886703327836656,12.490690761707931,13.517973642662742,15.104760622829646,16.334185989351656,1.69,29.0,-1.63,1.34
FE,2024-10-15,41.63246387098956,42.08331984649754,41.53653434265155,41.728389739990234,2315900,12.813591897420881,12.528965657430094,13.374121026851185,15.079510236461195,16.3305032572892,1.69,21.0,-1.63,1.44
FE,2024-10-16,41.82430999212226,42.188834832177534,41.757161160972196,42.11209487915039,3053500,13.019923160498251,12.622895511741634,13.037855088921885,15.108140581025472,16.285103771079186,1.67,9.0,-1.62,1.52
FE,2024-10-17,42.160060598666156,42.160060598666156,41.670829185795355,41.71879577636719,2598700,13.271120588686813,12.587779082807824,13.117085386092675,15.1545739204861,16.31480820771169,1.66,15.0,-1.61,1.44
FE,2024-10-18,41.71879557250672,42.07372565311394,41.53653131163342,41.88187026977539,2096800,13.22856882102131,12.597490377109944,13.09047899529648,15.035751042644138,16.296971687815663,1.65,14.0,-1.59,1.47
FE,2024-10-21,41.97780018328806,42.18884149126295,41.622870068424554,41.92024612426758,2096700,13.071534990552777,12.402503834886359,13.027518400085295,14.924365986272765,16.287833590583155,1.64,7.0,-1.56,1.54
FE,2024-10-22,41.78594339226251,42.09291053440923,41.53653030218269,42.05453872680664,2101700,13.055207178462236,12.119768378796278,12.921787635347059,14.792522234748334,16.24692250105738,1.63,1.0,-1.54,1.67
FE,2024-10-23,41.92983143794041,42.47661687889795,41.891459631018535,42.46702575683594,2503100,13.354079742351368,12.196013361710214,12.023499195003543,14.826040438619053,16.243387714536077,1.62,1.0,-1.52,0.41
FE,2024-10-24,42.5437667321072,42.678068059556104,42.198431439535334,42.29435729980469,2475800,13.39522438141682,12.238026580289354,12.039806792187905,14.839407596597711,16.139280812671956,1.6,2.0,-1.51,0.39
FE,2024-10-25,42.45743638612185,42.55336591565159,41.59409257637843,41.64205551147461,2327600,13.830604424802095,12.107220141576263,12.323997307895835,14.969664595073848,16.223787057694757,1.58,3.0,-1.48,0.27
FE,2024-10-28,41.89145960093218,42.0641290726197,41.776347839586144,41.90105438232422,2277600,13.961229199270628,12.160891627991608,11.91847496049252,14.190293454369037,16.21533483132959,1.56,1.0,-1.45,0.24
FE,2024-10-29,41.59409178979821,41.69001765817653,41.04730628949969,41.08567810058594,3853800,14.457812266563991,12.211586754271245,12.27067079573533,14.335244289504551,16.119455503514153,1.53,4.0,-1.39,0.36
FE,2024-10-30,41.30630520030171,41.30630520030171,40.18395365640985,40.45254898071289,5933600,15.051571518339943,12.588058819184376,12.482227083072933,14.21131290826142,16.189348095960103,1.5,6.0,-1.34,0.31
FE,2024-10-31,40.38540053949648,40.64440474443335,40.107214090641506,40.126399993896484,4017200,15.12389609093329,12.665323558836242,12.560120629472731,14.249785339476674,16.206970642049736,1.47,7.0,-1.28,0.22
FE,2024-11-01,40.04965770564743,40.35662484920723,39.83861642219869,40.03047180175781,5641900,14.041237741442783,12.67428707031726,12.557085433681262,14.212935854251446,16.167081655218045,1.44,7.0,-1.22,0.23
FE,2024-11-04,39.896175153486446,40.15517937361004,39.6563568377428,39.85780334472656,2475000,14.040358976766731,12.6971880519762,12.556394442170586,14.224121657397207,16.117419961577802,1.4,7.0,-1.15,0.23
FE,2024-11-05,39.75228541239066,40.241516859114114,39.59880182621685,40.19355392456055,2693900,14.198706869235325,12.766523792213114,12.613659903225802,14.227502591438453,16.124207878588916,1.37,10.0,-1.08,0.19
FE,2024-11-06,40.17436649131206,40.32785007164992,39.84821342567693,39.8865852355957,3358400,14.24434076265041,12.850404057706225,12.68447501987856,14.116131960542921,16.09451594924048,1.33,11.0,-1.01,0.11
FE,2024-11-07,40.00772871303451,40.21125921854302,39.68790139945211,39.95927047729492,3067100,14.261651642719025,12.857630032342481,12.468365012189501,14.011080667368692,16.09227109677386,1.29,6.0,-0.93,0.25
FE,2024-11-08,40.07556956864477,40.521394934249074,40.04649536765202,40.25971603393555,2812900,14.100272928005236,12.953189964807283,12.503064058794685,14.032055841211536,16.06038000672146,1.26,8.0,-0.86,0.23
FE,2024-11-11,40.220949097017666,40.82183934953676,40.056190357264995,40.43416976928711,2218500,13.990386750747527,12.926003818177852,12.513615762953723,13.701775424544776,16.037575764281804,1.22,9.0,-0.77,0.23
FE,2024-11-12,40.434171763105674,40.56985630774001,40.14341494217319,40.220951080322266,2690200,13.935047367775196,12.885375651461736,12.554344044041882,13.672329901941271,16.045695976220557,1.18,10.0,-0.69,0.18
FE,2024-11-13,40.40509300829042,40.492319313300285,39.852660975603456,39.949581146240234,3729000,13.784217454449369,12.84046826086859,12.588954691503892,13.70055080751075,16.052693699465443,1.14,14.0,-0.6,0.13
FE,2024-11-14,39.9205033918593,40.01742356284902,39.513449765081944,39.57160186767578,3430600,13.466593160019322,12.96893457570566,12.68116561596187,13.729429518863626,15.541302906511985,1.09,16.0,-0.52,0.05
FE,2024-11-15,39.435909758188146,40.26940466127102,39.40683555830771,40.23063659667969,4002100,14.453580758033777,13.442367889657516,12.913529459671139,13.847449297585596,15.616034851114557,1.04,18.0,-0.42,-0.0
FE,2024-11-18,40.08526303293006,40.56015889765254,40.04649496724318,40.40509033203125,2724400,14.038322077794865,13.478581843902235,12.923147553232846,13.648163787771972,15.611317584575115,0.99,20.0,-0.3,-0.0
FE,2024-11-19,40.191874467246556,40.308174970370445,39.9398857304974,40.298484802246094,2439300,14.029053593573797,13.432664782856204,12.876551279551327,13.622827727427897,15.611567368399026,0.95,18.0,-0.21,0.04
FE,2024-11-20,40.1240317956843,40.46324313352199,40.07556986417067,40.4438591003418,2392100,14.035174084006178,13.418219350051944,12.882999638028966,13.560905244175919,15.60250411469469,0.9,19.0,-0.12,0.04
FE,2024-11-21,40.5989289375336,40.899375915527344,40.298485656666266,40.899375915527344,1966100,14.340353301434686,13.310882064255974,12.975831700723722,13.572243087139327,15.628771738690677,0.84,24.0,-0.04,-0.0
FE,2024-11-22,40.92845182990981,40.98660393370071,40.48263012555928,40.50201416015625,2163400,14.378984551961441,13.42975489113322,13.076991524776682,13.611583971376124,15.658655023593864,0.78,36.0,0.05,-0.09
FE,2024-11-25,40.61831326238632,40.97690864718138,40.44386065418841,40.753997802734375,2557500,14.133860030931844,13.409598242635369,13.096293805366116,13.566871835783969,15.66734906437388,0.76,40.0,0.15,-0.1
FE,2024-11-26,40.78307289111789,40.98659968761142,40.67646256044237,40.976905822753906,1801100,14.039166789501998,13.325969999072033,13.114111253524028,13.419324281047906,15.668742419994025,0.74,42.0,0.23,-0.11
FE,2024-11-27,41.17074247089358,41.548721863738365,41.09321003762791,41.306427001953125,2217300,13.97383741365543,13.39098777339107,13.159543962344117,13.436149769025747,15.67539624982007,0.73,45.0,0.29,-0.13
FE,2024-11-29,41.3161225593494,41.52933953240914,41.209512224256365,41.23858642578125,1662100,13.731157937250737,13.391223509239891,13.134220304135196,13.435628954584121,15.647660623912921,0.72,44.0,0.39,-0.13
FE,2024-12-02,41.26766733674654,41.30643170923386,40.26940987838411,40.30817794799805,2713700,15.119965757498496,14.102257036735743,13.507814416857123,13.719957779088071,15.822892344506856,0.7,62.0,0.53,0.06
FE,2024-12-03,40.5698527305625,40.62800113192062,40.11433720191736,40.12403106689453,2306200,15.134590521428532,14.037673330286719,13.533723355802927,13.714416253504771,15.795100641036711,0.68,64.0,0.67,0.03
FE,2024-12-04,40.21125524737119,40.32755574108591,39.92049846739534,40.00772476196289,1801300,15.074595341744834,14.022031986834522,13.252634474643504,13.71916234615321,15.7887040408493,0.66,49.0,0.58,0.12
FE,2024-12-05,40.007727722054405,40.31786485965744,39.98834368881343,40.065879821777344,2010000,14.71553145115644,14.026203206737819,13.249102525535134,13.718154264278807,15.784277311255163,0.64,49.0,0.42,0.12
FE,2024-12-06,39.99803611391335,40.07556854695949,39.66851495493337,39.70728302001953,1898400,14.845892500147615,14.121807098411148,13.180756563225012,13.765005349969245,15.780400262841338,0.62,48.0,0.34,0.1
FE,2024-12-09,39.63944187652124,39.81389447721996,39.503753644879566,39.552215576171875,2061400,14.303801483391322,13.96854542198267,13.197646383284981,13.772882967385003,15.780113365286752,0.61,49.0,0.13,0.08
FE,2024-12-10,39.542523975789045,39.57160187565508,38.95132387257526,39.24208068847656,2679900,14.20815906468392,14.030371074243526,13.25727332716154,13.802784701996524,15.789341956262756,0.6,53.0,-0.17,0.02
FE,2024-12-11,39.30022754815309,39.319611581592504,38.835021836986115,38.883480072021484,2682100,13.390182086776312,13.847537200616056,13.321064026863096,13.728368722798933,15.813037549496595,0.59,57.0,-0.45,-0.04
FE,2024-12-12,39.33899518707558,39.57159988869181,39.00947401644294,39.07731628417969,2710900,12.876868945630438,13.887647661281285,13.339130160722284,13.588056384080307,15.798943757530438,0.58,59.0,-0.77,-0.05
FE,2024-12-13,39.07731641949046,39.251769022025115,38.92224785025146,39.02885818481445,1622400,12.707885404336933,13.850035341409878,13.173716225472445,13.58227866290089,15.280104482897066,0.57,47.0,-0.9,0.01
FE,2024-12-16,39.067628662017974,39.13547093417575,38.670265197753906,38.670265197753906,2636900,12.929124991307232,13.390775324558463,13.257485877147849,13.605686663621618,15.213895341004061,0.57,55.0,-0.98,-0.07
FE,2024-12-17,38.4764256040126,38.93193743974901,38.40858333704917,38.61211013793945,2712300,12.894829807058617,13.383343234029171,13.11974642269161,13.60496759511271,15.020610539984638,0.56,44.0,-0.93,-0.01
FE,2024-12-18,38.49581119127124,38.67026379825671,37.914301268944165,37.933685302734375,3583600,13.442033127580011,13.715338878707225,13.218209110137305,13.73178764990975,15.122917927213445,0.55,52.0,-0.59,-0.03
FE,2024-12-19,37.99183584553102,38.54426784594664,37.836767278697266,37.953067779541016,3540200,13.347325038176663,13.68576034773102,13.169886415866955,13.72690322099381,15.121158118469497,0.55,48.0,-0.38,0.0
FE,2024-12-20,37.76892516812074,38.6411844737489,37.613856600645086,38.56365203857422,7995100,14.264923176872982,14.144563425290624,13.416884848417897,13.824817821443174,15.061880582418558,0.54,67.0,-0.39,-0.05
FE,2024-12-23,38.52488482696224,38.61211112917249,38.27289978564727,38.50550079345703,3578100,14.025764188080004,13.943757307279315,13.050035423161322,13.785104733527904,15.059585881530241,0.53,34.0,-0.45,-0.06
FE,2024-12-24,38.476425470063056,38.728410504031935,38.39888933830263,38.66056823730469,819600,14.015069494030708,13.884483040394189,13.069719798946593,13.789355954928487,15.060008274545222,0.53,36.0,-0.52,-0.07
FE,2024-12-26,38.5151929687911,38.70902590108539,38.476424903481764,38.573341369628906,1450000,13.971283344270802,13.84268386585946,12.734328832395455,13.645998858445319,15.060552830895816,0.52,18.0,-0.54,-0.02
FE,2024-12-27,38.31166500791097,38.670264090046075,38.23413256929152,38.447349548339844,1864000,13.890878982650309,13.728098300630348,12.70002833630899,13.632757389610827,15.064971154325674,0.51,18.0,-0.58,-0.0
FE,2024-12-30,38.32135745680805,38.505500226707646,38.079062587248764,38.41827392578125,2113800,13.670195988356667,13.465691267360441,12.674140100954965,13.61445046183313,15.04961431301393,0.5,16.0,-0.62,0.01
FE,2024-12-31,38.418274355890226,38.641185194725196,38.29227998711347,38.553958892822266,2501400,12.709554788720911,13.494974456158907,12.68987312981085,13.618854348356175,15.052013666577935,0.49,19.0,-0.68,0.01
FE,2025-01-02,38.81563907018585,38.980401511234284,38.52488595335937,38.679954528808594,1968200,12.671430277108902,13.276674369761754,12.698002365474572,13.490904145603169,14.926982121044253,0.48,20.0,-0.75,0.0
FE,2025-01-03,38.8544024664031,39.03854522225536,38.65087567880966,38.689640045166016,1990100,12.67560478431323,13.270799042781315,12.663622975816974,13.354693181393692,14.898678797060573,0.47,16.0,-0.82,0.02
FE,2025-01-06,38.544266844934675,38.60241894240944,37.95306679388278,38.05967712402344,3010600,13.307053989605503,13.629208197816087,12.907240149270605,13.494400847323956,14.993100601878497,0.46,26.0,-0.85,-0.07
FE,2025-01-07,38.17597832660548,38.437657224383486,37.97245152737578,38.098445892333984,1968900,12.74297138596879,13.610367330682951,12.909770377522925,13.393833060207388,14.968193031384477,0.45,27.0,-0.89,-0.08
FE,2025-01-08,38.05968357343731,38.602425483793795,37.82707884124831,38.544273376464844,2548300,13.16546572099381,13.705892884883921,13.053583683503286,13.460144316990204,14.998205438463721,0.43,43.0,-0.96,-0.14
FE,2025-01-10,38.321361169692565,38.602424132923325,37.3715656326514,37.526634216308594,4248400,14.8186126866651,14.466233478023272,13.660266158261633,13.834798105026097,15.23658419140617,0.42,90.0,-0.94,0.19
FE,2025-01-13,37.71077291279289,37.98214198047039,37.31340947921102,37.953067779541016,2818800,15.191937931874477,14.586134696770516,13.742941765380055,13.886501833926998,15.26719001363496,0.41,93.0,-0.99,0.16
FE,2025-01-14,38.011219040578005,38.117829371137184,37.807688547180405,37.9627571105957,3222000,14.886516154719184,14.419496468755952,13.676865423208802,13.863410585909545,15.147898684456361,0.41,91.0,-1.04,0.2
FE,2025-01-15,38.49580874726883,38.55395714782135,37.962757094696194,38.0112190246582,2468400,14.930437908498028,14.343085411390257,13.680760706148758,13.793400385246644,15.122010904899753,0.41,93.0,-1.09,0.2
FE,2025-01-16,37.943381637400435,38.85440910206796,37.943381637400435,38.84471893310547,2881600,15.291339604146744,15.076520805040245,14.14028465305312,13.885709299888878,15.208481834211057,0.42,100.0,-1.14,0.24
FE,2025-01-17,38.709026471091825,38.95132133715378,38.476425470063056,38.66056823730469,4082900,15.294711506054243,15.08641079368567,14.155105413096617,13.828497919177105,15.150175672204167,0.43,100.0,-1.18,0.22
FE,2025-01-21,38.873792580675754,39.20331377758366,38.80595030752942,39.038551330566406,2375900,15.610209538533617,15.229196227882161,14.220030373161006,13.832067815876673,15.165151870970522,0.44,100.0,-1.21,0.19
FE,2025-01-22,38.94162986058492,38.94162986058492,38.16628705466789,38.20505142211914,2241700,16.70810129921116,15.611967172179572,14.58385884653268,14.026490794440807,15.321828108785846,0.46,100.0,-1.25,0.13
FE,2025-01-23,37.933687138440185,38.07906555033878,37.56539787285658,37.817386627197266,4905500,16.758232535811413,15.700901632711012,14.469111095046571,14.073806505780937,15.331611443945148,0.47,99.0,-1.27,0.14
FE,2025-01-24,37.69138874633691,38.02090991183262,37.69138874633691,38.00152587890625,3570500,16.846749435084018,15.497122541633985,14.491991898479647,14.079373644829635,15.338000832147577,0.49,99.0,-1.29,0.14
FE,2025-01-27,38.53457623848404,39.639444001171654,38.3116653916714,39.620059967041016,5477500,20.83184658801995,17.79186127484388,15.950283257787587,14.867399486485445,15.73632615292753,0.56,100.0,-1.28,2.38
FE,2025-01-28,39.49406633738839,39.765435426074,38.602422933349075,38.951324462890625,4678400,21.262181947542413,17.681554534588727,16.08784318655692,15.00469456254756,15.770381918331019,0.63,100.0,-1.29,2.31
FE,2025-01-29,39.00947544111827,39.06762754292769,38.41827534599835,38.447349548339844,5014600,21.538637841532093,17.600169948844382,16.172818485836597,15.046540720892516,15.824120564222305,0.7,100.0,-1.3,2.25
FE,2025-01-30,38.854402996998985,38.86409316443889,38.079060202393485,38.49580764770508,4522400,21.543776450397317,17.53994224477056,16.176760508964666,15.04444335636968,15.789683681133528,0.76,100.0,-1.32,2.24
FE,2025-01-31,38.486115071246,38.679951700666486,38.36012440467995,38.573341369628906,4584000,21.391869665791237,17.544919134315048,16.161461261106947,15.02705984917945,15.790097212035919,0.81,98.0,-1.32,2.24
FE,2025-02-03,38.47642827543605,38.8350236681581,38.1372132199409,38.767181396484375,4063300,21.437592987588904,17.565023742798896,16.145255622814563,15.032009951025396,15.794294339607076,0.86,97.0,-1.32,2.26
FE,2025-02-04,38.55395705462692,38.8253298126787,38.20505186365047,38.718719482421875,4404400,20.766133600052818,17.468386860090014,16.1339978893926,14.982294173164753,15.705059081540298,0.91,96.0,-1.32,2.27
FE,2025-02-05,38.99978030221795,39.26145548419392,38.73810142311601,38.98039627075195,5807600,20.839893414869127,17.46971039218564,16.176990838884755,15.002464603076163,15.647590216861456,0.95,100.0,-1.31,2.2
FE,2025-02-06,39.09670001943251,39.20331035281382,38.60242011581386,38.89317321777344,5338900,20.358285318229992,17.467653952418335,16.17740208871462,14.995124873954099,15.566053724849342,0.99,100.0,-1.29,2.2
FE,2025-02-07,38.86868573962522,39.495599423054614,38.76093424965449,39.338871002197266,4045300,20.601590484116866,17.56152526190833,16.214760212635856,15.054240709271355,15.603477747197475,1.03,100.0,-1.28,2.16
FE,2025-02-10,39.38784420409104,39.38784420409104,38.80011361569369,39.04500198364258,2799100,20.711154969988883,17.59321216628006,16.24615581074275,15.043189682097866,15.624589679423678,1.07,100.0,-1.27,2.13
FE,2025-02-11,38.898070283143696,39.64253306813509,38.56502192916338,39.61314392089844,3420500,21.092111987392382,17.83103112909403,16.27126047156024,15.054949252103187,15.6849176099257,1.11,100.0,-1.23,2.07
FE,2025-02-12,39.0645949755668,39.299685725116795,39.05479734792716,39.1821403503418,3499300,21.33912778578121,17.91639539551442,16.342336604755683,14.935412820838764,15.179811524926091,1.14,100.0,-1.2,2.0
FE,2025-02-13,39.309481723450155,39.51518705495531,39.08418487417784,39.43682098388672,2794900,21.401192754861025,17.86587985917372,16.35799359589423,14.942962420036446,15.145646222386974,1.18,100.0,-1.16,1.96
FE,2025-02-14,39.43682261847098,39.78946247949607,39.15275494082307,39.1821403503418,3046700,21.489652204722965,17.57390122405596,16.12304143085503,14.95324287675194,14.994502125153636,1.21,88.0,-1.12,2.19
FE,2025-02-18,39.191933333996126,39.86782763088076,39.103773370780736,39.799259185791016,3512000,21.920326430946496,17.85516739194962,16.32991383196365,15.038140289708787,15.070413098363538,1.24,98.0,-1.07,1.97
FE,2025-02-19,39.818849908310995,39.965780686267536,39.593549322717756,39.828643798828125,2258000,21.91942781263297,17.84927788025469,16.279731626735302,14.976886745751393,15.04070224752353,1.26,97.0,-1.02,2.02
FE,2025-02-20,39.78946136443746,40.59269492017366,39.58375603017087,40.5339241027832,4478600,21.789073784448963,18.201565584220937,16.520425661168726,14.640005343798812,15.135848496687643,1.3,100.0,-0.98,1.8
FE,2025-02-21,40.465357660840596,41.57225045907927,40.36740006584148,41.42531967163086,7878700,22.516253511061578,18.60208396744706,16.877120584442906,14.854508704310465,15.266784645134598,1.33,100.0,-0.97,1.56
FE,2025-02-24,41.57225179303909,42.032643162557406,41.2196156498275,42.003257751464844,7003600,22.60108984749813,18.69059854997129,16.946195037904143,14.93874320381611,15.226576575491336,1.37,100.0,-0.98,1.5
FE,2025-02-25,42.003254514756605,42.71832811094195,41.74856851591251,42.61057662963867,5955900,21.00338621865999,18.86869130250946,17.06619390679174,14.83956831582248,15.217919794327814,1.41,100.0,-0.97,1.4
FE,2025-02-26,42.38527987963573,42.688942806166935,42.08161695310452,42.169776916503906,7534600,21.308462898011456,18.978984340426724,17.13588767494309,14.856469940542215,15.257649278785864,1.45,100.0,-1.02,1.35
FE,2025-02-27,39.97557807615308,40.543717140271916,37.683422828660035,37.751991271972656,26980800,39.37404365530035,29.586667253884038,24.483377426104404,19.839972403745524,18.72109577023484,1.8,100.0,-0.99,24.05
FE,2025-02-28,37.93810806885948,38.00667651756633,37.13487446683613,37.977291107177734,10194900,39.41240760306859,29.625992683623597,24.41551521097385,19.849378445089393,18.70119911114326,2.08,99.0,-0.96,24.53
FE,2025-03-03,37.95770082488373,38.85888831536804,37.889132373942545,38.80011749267578,12532200,39.40022138555731,29.645876659502175,24.670799918974197,20.0051269929674,18.819082947494405,2.33,100.0,-0.91,23.63
FE,2025-03-04,38.97643442085032,39.24091431261927,38.41808922823809,38.47686004638672,9243100,39.451686684519835,29.67753762853932,24.614244817384705,20.023735474846315,18.827793787462245,2.55,99.0,-0.87,23.92
FE,2025-03-05,38.20258646977429,38.49645177220177,37.52669590052107,37.74219512939453,5785100,39.71482586650827,29.91825788505563,24.787931047198832,20.156647070722958,18.92779293585463,2.76,100.0,-0.85,23.05
FE,2025-03-06,37.76178829182973,37.76178829182973,37.14466851417424,37.48751449584961,5414200,39.28153078282956,29.937258796171978,24.80012221057212,20.171563107157358,18.82889226585026,2.95,100.0,-0.82,22.98
FE,2025-03-07,37.46792063293107,38.173200334706706,37.31119222550314,37.771583557128906,8999400,39.24269696191498,29.94316033259114,24.825854083123925,20.122901279538095,18.82868933811816,3.12,100.0,-0.81,22.98
FE,2025-03-10,37.918512582386924,38.70215458326076,37.68342185047468,38.56501770019531,7370000,39.68462161699355,30.260876412303762,25.01382376976941,20.26791963921942,18.903211493523823,3.29,100.0,-0.77,22.34
FE,2025-03-11,38.57481849718532,38.849092285856074,38.261361671075846,38.34952163696289,6693600,37.735628139024605,30.240584107433214,24.95994891824047,20.279582101116596,18.88726434594886,3.44,99.0,-0.7,22.42
FE,2025-03-12,38.12421971560647,38.23197119646959,37.24262382406273,37.42873764038086,7299400,38.06040298338728,30.585337388485645,25.200196063279527,20.487276858432484,19.0360813875045,3.59,100.0,-0.63,21.26
FE,2025-03-13,37.51690035979934,38.378908533341274,37.39935497963007,38.339725494384766,4973000,38.58356119994269,30.981983923796115,25.46380925530034,20.670162441580697,19.152091571118717,3.74,100.0,-0.56,20.45
FE,2025-03-14,38.10463232432826,39.054796670384036,37.95769780588354,39.01561737060547,4587600,38.91776466970782,31.194867889431332,25.593702994088396,20.766112031608877,19.153278209095017,3.88,100.0,-0.46,20.19
FE,2025-03-17,39.01561737060547,39.32907418903418,38.79031677920356,39.01561737060547,5663200,38.915102849134456,31.135583467619792,25.583457404522186,20.761280263033566,19.146990518507394,4.01,99.0,-0.35,20.2
FE,2025-03-18,38.858885958299766,39.152755000737095,38.69236365517203,39.08418655395508,3902200,38.892854207735894,31.13536028714145,25.585162966382008,20.76180931121079,19.14625040959735,4.13,99.0,-0.24,20.2
FE,2025-03-19,39.08418511044008,39.211524371646405,38.604202263993294,38.751136779785156,4836100,38.975277576242604,30.96609525513665,25.607614993680837,20.77153305416743,19.16576546558628,4.24,100.0,-0.13,20.03
FE,2025-03-20,38.976433567595215,39.18213890001229,38.721747572193166,38.99602508544922,5150400,38.96896088018647,30.990052785855305,25.577097075755912,20.783286024129726,19.164040956013178,4.34,96.0,-0.12,20.11
FE,2025-03-21,38.76093067037797,39.02541055678334,38.545427710336554,38.751136779785156,7459300,39.007102730261586,30.849723020038724,25.58666985165586,20.797085325477944,19.174398272987208,4.44,98.0,-0.1,20.06
FE,2025-03-24,38.711955404458706,38.83929840782702,38.182995608959644,38.20258712768555,3700900,39.05745730339253,30.988094577261855,25.56870918356579,20.861454733657197,19.22910665450619,4.53,94.0,0.01,20.13
FE,2025-03-25,38.27115198086075,38.27115198086075,36.860596395360936,37.17405319213867,6010100,39.75964975530782,31.469615112394735,25.884069551788734,21.110329079093816,19.42524364265371,4.62,100.0,0.06,18.86
FE,2025-03-26,37.30139907322531,37.80096971407205,37.27200992726958,37.69321823120117,5134800,39.73971715027809,31.60774741371543,25.82262640195314,21.17327303545605,19.47295068910844,4.7,99.0,0.16,19.3
FE,2025-03-27,37.61485639936048,38.75113832513803,37.58546725301012,38.64338684082031,6893800,40.36454152841869,32.02226556869547,26.034647428272308,21.374128660336794,19.625615993042064,4.78,100.0,0.25,18.91
FE,2025-03-28,38.93725425508706,39.54457641983372,38.662980452304765,39.24091720581055,7014800,40.57821815011184,32.17384636733446,26.125354640909283,21.433916136468902,19.62327372674279,4.87,100.0,0.32,18.78
FE,2025-03-31,39.564166225774194,39.78946308782917,39.221323987147095,39.59355163574219,6431000,40.61594329227507,32.21582745630569,26.163365336057502,21.396563802860882,19.56633611151047,4.94,100.0,0.36,18.74
FE,2025-04-01,39.593550947121095,39.65232550273501,39.15275485846701,39.5739631652832,3611300,40.356879097392834,32.21098589761708,26.154730495099937,21.39646439412949,19.5628222507568,5.02,99.0,0.39,18.79
FE,2025-04-02,39.62294309051541,39.877625377374066,39.2213262718573,39.75028610229492,3397800,40.37858174331543,32.22173284855813,26.12974496085417,21.30449890303309,19.555009291384113,5.08,98.0,0.43,18.85
FE,2025-04-03,40.06373968805238,40.504535774169526,39.77966827593683,40.210670471191406,4763400,40.18712421514244,32.10548259503264,26.165959578322205,21.343126240547083,19.585427468693513,5.15,100.0,0.4,18.87
FE,2025-04-04,40.27923621191298,40.318419246131626,38.42788081712987,38.56501770019531,6632100,41.36396712320749,33.276788246294934,26.9947365213455,21.863708989745074,20.015327906281097,5.22,100.0,0.45,16.39
FE,2025-04-07,38.34952017368902,38.809907767576824,37.56587440161621,37.918514251708984,7792100,41.27521194912276,33.37193469599903,27.0918852808444,21.956328345497187,20.086549283452054,5.29,100.0,0.51,15.97
FE,2025-04-08,38.437684196225355,38.49645501964855,37.36017301416219,37.52669906616211,8695700,40.97161828897683,32.9834300218279,27.124468477181562,21.987670590804626,20.10225697582072,5.36,100.0,0.58,15.79
FE,2025-04-09,37.311192752830266,38.790316885292306,36.81162211481197,38.5748176574707,8710000,41.940140295636375,33.38677546384054,27.4829773544245,22.219682363772097,20.26677561494951,5.43,100.0,0.69,15.09
FE,2025-04-10,38.486659729183366,39.603350174042504,38.23197371460483,39.270301818847656,7618600,27.221401857616854,33.580998031977835,27.616021475165077,22.3177559777816,20.34177856762796,5.49,100.0,0.75,14.9
FE,2025-04-11,39.31927704313414,39.9853737246283,39.064594776304055,39.76987075805664,4344200,27.388974302631453,33.67193517800601,27.649236806166712,22.311202650214074,20.308319126133988,5.55,100.0,0.73,14.95
FE,2025-04-14,39.93639363534706,40.46535338231319,39.57395991392202,40.27923583984375,3886900,26.952032166280464,33.48345129893528,27.598272422476494,22.36033055709218,20.335504063362993,5.61,98.0,0.72,15.05
FE,2025-04-15,40.35760656010571,40.72983795125679,40.161695104936705,40.20087814331055,2622200,26.816948059056173,33.46921835204888,27.591274331921845,22.31782384535045,20.327753917901212,5.67,97.0,0.75,15.03
FE,2025-04-16,40.484948062949556,40.57310429096646,39.8482367914714,39.965782165527344,3202800,26.1899896741805,33.44112689293147,27.60372159867176,22.267843980692955,20.337674598447073,5.72,98.0,0.79,14.98
FE,2025-04-17,40.1518964365778,41.542860503055856,40.02455344536369,41.16083526611328,8445300,27.23137439537689,33.64419837268204,27.99413159124556,22.524509407157183,20.479939908527793,5.77,100.0,0.72,14.22
FE,2025-04-21,40.994312315646845,41.26858983550112,40.37719630354982,40.945335388183594,6472700,27.302863896026174,33.587553995224354,27.950994242597115,22.53184624816086,20.4252595233497,5.82,99.0,0.72,14.23
FE,2025-04-22,41.170634248340825,42.130596272818146,41.170634248340825,41.83673095703125,6895900,27.346792910213402,33.83551448765021,28.113541182308015,22.562005567648004,20.52811501898237,5.86,100.0,0.69,14.03
FE,2025-04-23,41.846527111401315,42.14039241683979,41.170632798522725,41.69959259033203,7528000,27.293684839564236,32.798113903646396,28.10338223969516,22.565336126174415,20.48650222541492,5.91,99.0,0.66,14.0
FE,2025-04-24,41.728976527321834,42.120799411879766,41.248997417273316,41.41551971435547,7356300,26.235887417454023,32.626973461310385,28.112936434638193,22.46655855806049,20.49993382959034,5.95,99.0,0.63,13.91
FE,2025-04-25,41.67020802297604,41.924890296383296,41.20002277743176,41.47429656982422,5278300,25.49569398262632,32.49541084330221,28.085229374146454,22.455818736687768,20.497999952928925,5.98,97.0,0.63,13.94
FE,2025-04-28,41.42531879180955,41.934687064886084,41.20002193314687,41.846527099609375,5096300,25.181483910235304,32.533424392387545,28.119266008040945,22.473454623417382,20.510888466623754,6.01,100.0,0.65,13.92
FE,2025-04-29,41.75836700426103,42.27752916666226,41.58204707425683,42.189369201660156,4527800,25.22674322506481,32.56281702292473,27.90442944037269,22.4928939198436,20.514769685525824,6.04,93.0,0.61,14.59
FE,2025-04-30,42.189371582884874,42.3069169639554,41.43511489234009,42.003257751464844,5607900,25.30824287675333,32.576661293901516,27.903715682505915,22.498872789227782,20.48518507581913,6.07,92.0,0.5,14.59
FE,2025-05-01,42.091414676268435,42.23834545780157,41.72897719441333,41.875911712646484,4704700,25.150587307331,32.58477208026326,27.904133115593915,22.493538923807705,20.423129743041546,6.09,92.0,0.37,14.59
FE,2025-05-02,42.071824591366806,42.33630449117681,41.81713858264599,42.208961486816406,3779600,25.175788116921645,32.59411857583417,27.928898559921905,22.51100988301248,20.40091644877847,6.1,93.0,0.27,14.57
FE,2025-05-05,42.51262442438348,42.55180372544041,41.72897861604265,42.208961486816406,3127700,25.047304731954302,32.58688191722153,27.88739591346831,22.510959673674282,20.38222735329234,6.11,89.0,0.14,14.72
FE,2025-05-06,42.26773521625183,42.5811920387736,42.13059458678599,42.287322998046875,3626200,24.520897599904057,32.520037678704966,27.878608665343997,22.511628326238476,20.36062188397941,6.12,88.0,0.01,14.78
FE,2025-05-07,42.27247810702157,42.79705135758451,42.1636043422704,42.5100212097168,3152200,22.73159745087237,32.479255385319675,27.85410319218084,22.50949675602802,20.363412118138694,6.12,87.0,-0.1,14.92
FE,2025-05-08,42.39125046079117,42.539711592507395,41.94585951440363,42.05473327636719,3159100,22.966747072263864,32.45828844705343,27.869719693787804,22.533244085583334,20.392778074187387,6.12,87.0,-0.25,14.87
FE,2025-05-09,42.133910642219526,42.30217111765165,41.84688050953018,42.07452392578125,2162500,22.077098180505406,32.36315429645293,27.86165869551812,22.515404028573833,20.369474782999824,6.12,86.0,-0.39,14.86
FE,2025-05-12,41.75780436607782,41.89637337788127,41.14415670199775,41.29262161254883,5177300,22.604277435115648,32.59932845251297,28.031604366727258,22.62552531561503,20.45831116900157,6.12,95.0,-0.5,14.35
FE,2025-05-13,41.2926221846664,41.47077856954828,40.72846155774696,40.807640075683594,4443300,22.825615799985393,32.66824498889579,28.057576773710817,22.668451221990455,20.474745855519867,6.11,95.0,-0.57,14.27
FE,2025-05-14,40.71855926513672,40.867024168198874,40.2038857169724,40.71855926513672,6368900,22.84053302627966,32.52372177175727,28.05904554244486,22.66980714445355,20.4750458068687,6.09,95.0,-0.64,14.26
FE,2025-05-15,41.06497625677212,42.02503696622816,40.97589806974843,42.00524139404297,6339700,24.446108156495043,33.1279955204592,28.319960665719773,22.960110526444794,20.694963529558937,6.08,100.0,-0.73,13.97
FE,2025-05-16,41.916165114976785,42.2427864074707,41.69842136226701,42.2427864074707,4494900,24.302902479568232,32.96155481333336,28.329315546026418,22.95990663190332,20.69883233395786,6.06,100.0,-0.81,13.98
FE,2025-05-19,42.07452408326117,42.411041259765625,41.98544589608,42.411041259765625,3148300,20.521576917580152,32.67641692963589,28.232701596802556,22.906800206611905,20.677323130905354,6.05,98.0,-0.89,14.14
FE,2025-05-20,42.41104414086778,42.59910020192505,42.17350480932753,42.292274475097656,3858500,19.713955590163,32.56141003190587,28.236322882489194,22.904526940683894,20.679351211704457,6.02,98.0,-0.96,14.13
FE,2025-05-21,42.23288667607991,42.29227339525846,41.77759982256949,41.83698654174805,2873800,19.741347368257443,32.499874202320015,28.293347670001133,22.92522111221331,20.70409696742992,5.99,98.0,-1.04,13.91
FE,2025-05-22,41.73800902256894,41.88647393393674,41.431187076650794,41.55985641479492,3692900,18.594875714960487,32.45916984263872,28.313944476019532,22.914002961277625,20.7160082550379,5.95,98.0,-1.1,13.84
FE,2025-05-23,42.0052445406342,42.0052445406342,41.08477113097702,41.678627014160156,4250800,18.015593350010334,22.89192522052547,28.308518080274197,22.908081757425457,20.698532498746935,5.9,97.0,-1.16,13.88
FE,2025-05-27,41.95575419222597,41.965653866090676,41.56974997512745,41.668724060058594,3535300,17.73812211841576,22.87738916137853,28.307908402602163,22.907448939850585,20.654058276577807,5.85,96.0,-1.21,13.89
FE,2025-05-28,41.41139022805129,41.54995546073,40.589890954856926,40.76804733276367,3811200,18.65318614703717,22.989768957454288,28.53176608934448,23.039883261419007,20.680685014408365,5.8,100.0,-1.23,13.26
FE,2025-05-29,40.629484219588846,41.37180124105132,40.55030570062171,41.2728271484375,3303700,18.952209874724158,23.027102821549363,28.589638385887987,23.073758278923336,20.709588184705208,5.74,100.0,-1.27,13.18
FE,2025-05-30,41.24312996421379,41.61923829460716,41.02538621556032,41.5103645324707,4922400,18.891790951502603,22.645884969458518,28.600964759783622,23.077967130040346,20.71009583063732,5.68,100.0,-1.3,13.18
FE,2025-06-02,41.16395307085841,41.30251830972097,40.85712734507733,41.07487487792969,2960900,17.18378407522706,22.71850083383022,28.526608344900993,23.108917074599773,20.726950250560368,5.62,97.0,-1.32,13.37
FE,2025-06-03,41.07487411453286,41.15405640705101,40.579996113152944,40.81753921508789,4795400,17.21349980645172,22.738665774205177,28.548489958125856,23.119207463319324,20.706111604795886,5.55,98.0,-1.32,13.28
FE,2025-06-04,40.85712424979652,40.96599800797456,40.431528890892864,40.451324462890625,2796500,16.11833615712337,22.465886137880226,28.535147157516892,23.115096399535403,20.481588130385262,5.48,97.0,-1.32,13.21
FE,2025-06-05,40.4711202004246,40.550302488739526,40.21378531463972,40.31275939941406,2418400,16.120117616764492,22.443857987014553,28.20672024899597,23.115980856784553,20.483375937700355,5.41,86.0,-1.31,14.04
FE,2025-06-06,40.23358154296875,40.431529715746166,40.00593434815984,40.23358154296875,2722200,16.03181779628218,21.83394647356639,28.158593049647752,23.052704674672075,20.484390165479443,5.34,85.0,-1.3,14.09
FE,2025-06-09,39.540752006204734,40.15439965430464,39.323004483232104,39.41208267211914,13326900,16.991752326140787,21.75716044961018,28.359249201509506,23.17325258699038,20.497192448505388,5.26,94.0,-1.28,13.52
FE,2025-06-10,39.33290329249067,39.72880340891292,39.0458731595415,39.69911193847656,14783000,16.907213735443076,21.51525574333745,28.379970381454182,23.180571295985526,20.489904360783267,5.18,94.0,-1.26,13.5
FE,2025-06-11,39.679318410247745,39.8574747932816,39.5209576003976,39.79808807373047,5705400,16.69682814016663,21.51987632816448,28.176857392214316,23.084983902564716,20.477414613898738,5.1,83.0,-1.25,13.86
FE,2025-06-12,39.94655405357236,40.41174059678681,39.85747585967214,40.25337600708008,6274900,17.115662820420763,21.637053781891755,28.220361652317465,23.126195844069123,20.505806924321902,5.02,84.0,-1.24,13.84
FE,2025-06-13,40.3424535266731,40.48102254035037,39.81788404670622,39.9267578125,3850500,17.22141299732895,21.629879885275784,28.21267225247389,23.123615321528522,20.52094261368607,4.93,83.0,-1.23,13.77
FE,2025-06-16,40.00593645652611,40.13460579610798,39.18444092447165,39.38239288330078,5819000,17.325252015859757,21.789276670826048,28.08540661121744,23.174596486167776,20.563650226812673,4.84,75.0,-1.21,14.09
FE,2025-06-17,39.35269772292079,39.57044525567948,38.87761528604511,39.3131103515625,6457500,17.312358610307246,21.751588194042096,28.036990210615787,23.170888609294135,20.564600321822827,4.75,71.0,-1.19,14.26
FE,2025-06-18,39.39228775884616,39.4219830060518,39.1943358051596,39.33290481567383,3306400,17.28812050785429,21.540734281059155,28.027840655743834,23.138173400568814,20.56358011218738,4.65,69.0,-1.16,14.26
FE,2025-06-20,39.35269476576791,39.75849455274833,39.33290296938581,39.50115966796875,5596300,17.25252031361799,20.75927821479996,27.240427959702096,23.12907895630957,20.519103176934713,4.57,51.0,-1.17,15.76
FE,2025-06-23,39.59023793228269,39.99603772006382,39.53085121616132,39.906959533691406,4255500,17.444234144238873,20.67606264240282,27.150996963642193,23.15849250854543,20.541715091695025,4.49,50.0,-1.15,16.17
FE,2025-06-24,39.867369244875036,40.30286428786907,39.79808662905678,40.09501266479492,4366000,17.533840529310616,20.082877293973024,27.076253171518438,23.13545551723344,20.545919157101302,4.4,47.0,-1.13,16.5
FE,2025-06-25,39.936654201267764,40.025732394771765,39.501162908370205,39.51105880737305,3770900,17.223675455553696,20.08466297796003,27.181572408641124,23.137762457906003,20.600957571571193,4.31,50.0,-1.11,16.1
FE,2025-06-26,39.65952318465823,39.7782928491819,39.29331451659881,39.520957946777344,4549700,16.946743348079927,20.000225206830095,27.180121066331274,23.137403204744174,20.593118859512664,4.22,49.0,-1.08,16.09
FE,2025-06-27,39.570442856797825,39.85747299155735,39.33290354057014,39.49126434326172,6653800,16.94362284879862,20.00054899976395,27.169772479423298,23.082721048055234,20.59051819915012,4.12,48.0,-1.07,16.08
FE,2025-06-30,39.35269812592486,39.86737171504908,39.28341550581387,39.84757614135742,6173600,14.305659396961032,20.065457444519772,27.20454502378726,23.105477370453805,20.60519154002493,4.01,50.0,-1.04,16.05
FE,2025-07-01,39.88716445158822,40.184090484603644,39.51105612943836,39.966346740722656,5381400,14.206483793792026,19.932761570467807,27.188403605105353,23.10334774448726,20.606790557318234,3.9,49.0,-1.02,16.07
FE,2025-07-02,39.70900821620635,39.83767754869232,39.26361727730828,39.35269546508789,5212200,14.625977918662953,18.2399516364066,27.300176960224753,23.16710700010139,20.655303297997396,3.79,51.0,-1.01,15.69
FE,2025-07-03,39.323004970625355,39.54075249629688,39.02607892919476,39.47146987915039,2417100,14.712225574024092,17.889106681028732,27.244417229391367,23.144902693120166,20.656939135192758,3.66,50.0,-1.01,15.79
FE,2025-07-07,39.421981238018724,39.55064679286792,39.18443814912451,39.43187713623047,3535300,14.491533943621118,17.744188519964972,27.218208967714325,23.108569873156483,20.656497831349434,3.53,48.0,-1.0,15.9
FE,2025-07-08,39.30320882646487,39.580343066641845,38.93700017321103,39.48136520385742,4738300,14.451018108043566,16.848551840839146,27.121592049744713,23.0902534629276,20.65148623111656,3.39,40.0,-1.0,16.08
FE,2025-07-09,39.481366008531545,39.81788319761836,39.31310930179789,39.738704681396484,3009800,14.588914708047504,16.50220565453447,27.08432933706046,23.077065909882062,20.658091463623194,3.25,38.0,-0.99,16.3
FE,2025-07-10,39.57044211582365,40.174193844660806,39.57044211582365,40.11480712890625,3030000,14.931130250205557,16.411416330146842,27.105862556166997,23.08037354358353,20.678110467730924,3.09,39.0,-0.98,16.25
FE,2025-07-11,39.788189794862824,40.13460286580686,39.65952046467534,39.97624206542969,2197700,13.621815504940562,16.215446773319186,27.091245029860904,23.078313314227394,20.68128058503655,2.92,37.0,-0.97,16.32
FE,2025-07-14,39.946550512993255,40.23358064296694,39.71890709889597,40.04552459716797,2988500,13.081676834762659,16.21532425976022,26.979406640350728,23.079099607048963,20.671077848713907,2.73,33.0,-0.97,16.54
FE,2025-07-15,40.045526279725685,40.421634611506946,39.86736990023032,40.01583480834961,7023400,12.925219199367136,16.170976518152074,26.97948496298738,23.075509815891294,20.62541437790436,2.53,33.0,-0.96,16.53
FE,2025-07-16,40.01583440360739,40.09501291834923,39.60013493044968,39.88716506958008,4042300,12.63716403030859,14.972076302905332,26.837543053467723,23.047122973090488,20.62809642449274,2.31,31.0,-0.96,16.8
FE,2025-07-17,39.76839674157758,40.372148511134945,39.75849706714116,40.134605407714844,3283500,12.698751549362328,15.001276886114598,26.626924947089908,23.05573607001554,20.565060916836043,2.09,30.0,-0.93,17.29
FE,2025-07-18,40.17419519094533,40.55030351875612,40.08511700213803,40.362247467041016,2733500,12.561467961333376,14.351367470191853,26.547541708763855,22.994670450238925,20.570450564487718,1.83,29.0,-0.89,17.47
FE,2025-07-21,40.35235395774838,40.837332300043286,40.28307133742054,40.6591796875,2687300,12.697948092758123,14.431146120073088,26.471472784430684,22.999465349782895,20.540008889938353,1.54,28.0,-0.87,17.66
FE,2025-07-22,40.85712672672401,41.371800303009586,40.78784410834129,41.154056549072266,3485100,13.128213820885998,14.592441622949174,26.497545736550155,22.927489303599497,20.57328313417707,1.17,28.0,-0.85,17.73
FE,2025-07-23,41.124360088577156,41.253029422758566,40.60968652747095,40.76804733276367,2785600,11.885021278981116,14.712757317724071,19.781044898620177,22.8805631836939,20.594453769149425,1.36,1.0,-0.81,0.86
FE,2025-07-24,40.85712530761408,41.24312953251611,40.74825154661722,40.97589874267578,3201200,11.804119615697122,14.630629862394603,19.775754800939783,22.867708200804156,20.593967751880054,1.52,1.0,-0.78,0.87
FE,2025-07-25,40.93630802614135,41.66872533859116,40.93630802614135,41.5103645324707,5689800,12.294485618356195,14.78214866268682,19.595144301275504,22.9160848593657,20.632057037123065,1.68,1.0,-0.77,0.94
FE,2025-07-28,41.441080901887815,41.51036351689426,40.94620292291646,40.98579406738281,4313500,12.576297272431397,14.9781356760432,19.65832468627814,22.960901914198264,20.631373041776175,1.81,2.0,-0.74,0.89
FE,2025-07-29,41.10456489963962,41.431186187390516,40.87692147588268,41.37179946899414,5618400,12.542393524355427,15.100580192908716,19.444685360498767,22.96617256073037,20.651443943224194,1.95,1.0,-0.71,1.02
FE,2025-07-30,41.56975199812908,41.81719099811794,41.21343923404599,41.36190414428711,4612500,11.731810665008341,15.00538095618812,19.40654903953526,22.947342731433796,20.6178017470557,2.08,1.0,-0.71,1.05
FE,2025-07-31,41.49056808080008,42.3219632392247,41.441081037864436,42.27247619628906,6440800,13.049141150103024,15.675011307428566,19.65883927798039,23.088202944235555,20.683985489601977,2.19,5.0,-0.71,0.94
FE,2025-08-01,42.55950632039448,42.826740882922444,42.27247618557341,42.74755859375,5117800,13.27758575654861,15.837044294993829,19.47244588344972,23.10844128468228,20.702709492629754,2.3,3.0,-0.67,1.02
FE,2025-08-04,42.81684317687382,43.400799371692095,42.57930384967764,43.39090347290039,4202400,13.7340989162434,16.091865091901315,19.567129278477218,23.168294085524135,20.75317647161084,2.41,4.0,-0.56,0.98
FE,2025-08-05,43.35131106858802,43.70762382466284,42.93561537024701,43.074180603027344,4382300,13.887656794988695,16.00560034096837,19.184973327139318,23.176584775576448,20.68111605779223,2.52,1.0,-0.59,1.11
FE,2025-08-06,43.09397679645329,43.291928749970864,42.935615988763125,42.994998931884766,5131700,13.928775029006465,16.01216331278859,18.844362808620506,23.162507953570323,20.68182841610855,2.63,1.0,-0.57,1.26
FE,2025-08-07,42.91999816894531,43.63999938964844,42.900001525878906,43.439998626708984,3257500,13.138232871692484,15.633042789297011,18.720067481829048,23.161689969353258,20.61640601249064,2.74,1.0,-0.52,1.33
FE,2025-08-08,43.599998474121094,43.619998931884766,43.13999938964844,43.2599983215332,2753400,13.28411504340781,15.445768220683027,18.737728699683807,23.08969514007791,20.612937953404153,2.85,2.0,-0.51,1.31
FE,2025-08-11,43.40999984741211,43.47999954223633,43.130001068115234,43.33000183105469,2593200,13.243458917968109,15.432214140889084,18.737605085014618,23.085438007510877,20.608727467451814,2.95,2.0,-0.51,1.31
FE,2025-08-12,43.380001068115234,43.630001068115234,43.16999816894531,43.61000061035156,3566500,13.165508617270543,14.154021542336242,18.693447720499595,23.093668578308744,20.617727987456778,3.05,1.0,-0.47,1.36
FE,2025-08-13,43.70000076293945,43.970001220703125,43.38999938964844,43.95000076293945,2895200,13.237515770886096,14.192864143987649,18.705114725546697,23.10695279684669,20.630562981817235,3.14,2.0,-0.41,1.35
FE,2025-08-14,43.93000030517578,43.93000030517578,43.52000045776367,43.65999984741211,3755400,12.374786503673146,14.253146995005181,18.70845454579987,23.086559654047537,20.63586460486508,3.23,3.0,-0.4,1.35
FE,2025-08-15,43.63999938964844,43.7599983215332,43.29999923706055,43.470001220703125,3283100,12.58090028083976,14.272047144867203,18.565850635428042,23.062038760107512,20.640293774170924,3.31,1.0,-0.4,1.47
FE,2025-08-18,43.5099983215332,43.54999923706055,42.810001373291016,42.83000183105469,4097800,13.582510339442106,14.430152888513653,18.17887854188092,23.12166298565478,20.695452597270627,3.41,1.0,-0.57,1.51
FE,2025-08-19,42.849998474121094,43.43000030517578,42.72999954223633,43.41999816894531,3703000,13.93608849176303,14.606997728232777,18.175626687250105,23.16804517344723,20.73909933890258,3.49,1.0,-0.66,1.51
FE,2025-08-20,43.5,44.060001373291016,43.470001220703125,43.58000183105469,3559500,13.90151402259226,14.613094533817602,17.785798849960297,23.153475267555297,20.734257345472116,3.59,1.0,-0.67,1.7
FE,2025-08-21,43.560001373291016,43.65999984741211,43.34000015258789,43.47999954223633,2289700,13.851560002796404,14.625092660762782,17.648689895432945,23.154375934166534,20.725429908276514,3.68,1.0,-0.69,1.81
FE,2025-08-22,43.72999954223633,43.939998626708984,43.459999084472656,43.790000915527344,2959200,13.782518004984826,13.90332111840099,17.630061843388038,23.00405720293992,20.72346661321801,3.77,1.0,-0.71,1.82
FE,2025-08-25,44.18000030517578,44.400001525878906,43.56999969482422,43.63999938964844,4963600,13.905701526345094,13.739111337949053,17.64258932995014,23.000918633226146,20.72663632765149,3.85,2.0,-0.73,1.81
FE,2025-08-26,43.72999954223633,43.849998474121094,43.400001525878906,43.59000015258789,5017500,13.915314681745047,13.70859551488277,17.636944309273254,22.998234835461904,20.727061608156927,3.93,2.0,-0.76,1.81
FE,2025-08-27,43.630001068115234,43.869998931884766,43.58000183105469,43.77000045776367,3238200,13.799115923390397,13.517622977232651,17.56279910042154,23.00199609252718,20.7307198701109,4.01,1.0,-0.8,1.88
FE,2025-08-28,43.77000045776367,43.79999923706055,43.380001068115234,43.560001373291016,3073800,13.95235265657023,13.486732797395598,16.20644417023622,22.983044343904908,20.73045965585083,4.11,1.0,-0.82,0.56
FE,2025-08-29,43.41999816894531,43.83000183105469,43.41999816894531,43.619998931884766,4028000,13.929479059229823,13.321597594768459,15.943747017696221,22.977220055568537,20.72283623727,4.21,1.0,-0.91,0.67
FE,2025-09-02,43.4900016784668,43.650001525878906,43.20000076293945,43.470001220703125,3152900,13.960715006944625,13.321797887905523,15.850917303501703,22.960355907714355,20.680967284371537,4.31,1.0,-1.16,0.72
FE,2025-09-03,43.310001373291016,43.4900016784668,43.060001373291016,43.400001525878906,2305100,13.681146693532112,13.318333326258186,15.29600564772888,22.93256283953375,20.677767018960104,4.41,1.0,-1.22,0.78
FE,2025-09-04,43.65999984741211,43.810001373291016,43.15999984741211,43.470001220703125,2769600,13.263952969700751,12.512418797443631,15.06036267671132,22.927009758048207,20.66657321679074,4.51,1.0,-1.25,0.94
FE,2025-09-05,43.58000183105469,43.720001220703125,43.22999954223633,43.47999954223633,2504100,13.244867703887808,12.460300551579568,14.944934985996763,22.926015074763118,20.648040790934758,4.61,1.0,-1.27,1.06
FE,2025-09-08,43.52000045776367,43.720001220703125,43.0099983215332,43.310001373291016,4080700,12.928307977294537,12.508013965303732,14.84264949918713,22.90255003764407,20.645572780348555,4.7,1.0,-1.29,1.17
FE,2025-09-09,43.130001068115234,43.4900016784668,43.06999969482422,43.36000061035156,2622700,12.21615990541373,12.334382411194749,14.836597707645115,22.90122206871945,20.64521625054648,4.79,1.0,-1.31,1.17
FE,2025-09-10,43.150001525878906,43.290000915527344,42.869998931884766,43.2400016784668,4671500,12.074810263494877,12.208210605566453,14.809554125665967,22.800472643934103,20.637257894244204,4.88,1.0,-1.32,1.2
FE,2025-09-11,43.150001525878906,43.650001525878906,42.970001220703125,43.59000015258789,3323100,12.211475639755156,11.872488522144298,14.128745215734542,22.8169617176331,20.642597931791055,4.97,1.0,-1.34,0.98
FE,2025-09-12,43.5099983215332,43.84000015258789,43.40999984741211,43.79999923706055,2766600,10.688571563031896,11.867197566585364,14.113423183022958,22.750491052948774,20.642287390434692,5.05,1.0,-1.36,0.99
FE,2025-09-15,43.72999954223633,43.93000030517578,43.58000183105469,43.59000015258789,2275500,10.389704797957746,11.941650028183847,13.736709672364722,22.758356147520686,20.64623311667384,5.14,1.0,-1.39,1.11
FE,2025-09-16,43.459999084472656,43.619998931884766,43.04999923706055,43.04999923706055,2913200,10.148007756501947,12.276433163713293,13.87618881199672,22.807927291947312,20.683443465517286,5.22,2.0,-1.41,1.0
FE,2025-09-17,43.31999969482422,43.599998474121094,43.209999084472656,43.439998626708984,2693300,10.264440952370867,12.242103175961953,13.89634018066589,22.82706892786099,20.682369607796492,5.29,3.0,-1.43,0.98
FE,2025-09-18,43.099998474121094,43.66999816894531,43.04999923706055,43.43000030517578,2049900,10.246111416444508,12.22724975055232,13.895962768293698,22.82253012640053,20.680200766633178,5.36,3.0,-1.45,0.98
FE,2025-09-19,43.439998626708984,43.540000915527344,43.119998931884766,43.209999084472656,6051600,9.91073577595041,11.84300809611637,13.856439135460649,22.83207931303312,20.632987442487288,5.42,2.0,-1.47,1.02
FE,2025-09-22,43.27000045776367,43.459999084472656,43.0,43.33000183105469,3743500,9.872532444898457,11.843002488259811,13.805163434849607,22.83092042683554,20.629250610350766,5.49,2.0,-1.48,1.08
FE,2025-09-23,43.369998931884766,43.81999969482422,43.189998626708984,43.79999923706055,3144700,10.3452518805787,11.983209437081825,13.88460532741263,22.86039680767136,20.64731525987312,5.54,5.0,-1.5,1.0
FE,2025-09-24,43.91999816894531,44.2400016784668,43.84000015258789,44.08000183105469,2663800,10.341755395323599,11.927520095798556,13.905324764121943,22.870211284699415,20.58237014841147,5.6,8.0,-1.51,0.97
FE,2025-09-25,44.2400016784668,44.56999969482422,43.869998931884766,44.2400016784668,4457446,10.1518081215321,11.931254047422236,13.863706804775328,22.781505695027118,20.585202945920365,5.64,4.0,-1.51,1.02
