Ticker,Date,Open,High,Low,Close,Realised_Vol_Close_30,Realised_Vol_Close_60,Realised_Vol_Close_100,Realised_Vol_Close_180,Realised_Vol_Close_252,Vol_of_Vol_100d,Vol_of_Vol_100d_Percentile,Kurtosis_100d
PRO,2008-07-25,11.760000228881836,12.1899995803833,11.630000114440918,12.0,51.76962185756141,48.28884747306083,56.90591110832649,60.02618125237558,59.18716549903128,4.44,5.0,-1.6
PRO,2008-07-28,11.930000305175781,11.930000305175781,10.819999694824219,11.350000381469727,52.97081290177369,49.10308961174137,57.31379220941724,60.09697702322329,59.44633398560066,4.49,6.0,-1.63
PRO,2008-07-29,11.390000343322754,11.390000343322754,11.229999542236328,11.239999771118164,52.38269415941706,49.054450934054,56.84987890341154,60.02464623651142,59.404173565794295,4.54,5.0,-1.65
PRO,2008-07-30,11.210000038146973,11.210000038146973,10.34000015258789,10.75,52.3305530868513,49.78418105861495,57.259402561479455,60.221499313092686,59.528364257507874,4.58,7.0,-1.67
PRO,2008-07-31,10.640000343322754,10.890000343322754,10.460000038146973,10.460000038146973,52.40416341387356,49.09238511876115,56.13673596509119,60.28950166744869,59.5803910236007,4.63,1.0,-1.68
PRO,2008-08-01,10.520000457763672,10.550000190734863,10.010000228881836,10.0600004196167,53.316050584335336,49.56360147626366,55.55867095142419,60.43193794356249,59.691231225332444,4.69,1.0,-1.67
PRO,2008-08-04,10.079999923706055,10.229999542236328,9.9399995803833,10.0600004196167,53.27343985111702,49.435092465837386,55.482302045459555,60.420484115300674,59.48715981716528,4.74,1.0,-1.66
PRO,2008-08-05,10.199999809265137,10.289999961853027,9.850000381469727,10.229999542236328,53.26010515806867,49.1685880547696,55.5733786036542,59.69340328986473,58.86554726000707,4.79,3.0,-1.66
PRO,2008-08-06,10.229999542236328,10.880000114440918,10.010000228881836,10.399999618530273,53.58921982136792,49.2330915891844,55.099575188674585,59.73295016369473,58.197578395740656,4.85,1.0,-1.65
PRO,2008-08-07,10.279999732971191,10.649999618530273,10.279999732971191,10.460000038146973,53.64868965548744,48.80350047552105,51.82647567663609,59.615561725842255,57.82857245722744,4.93,1.0,-1.51
PRO,2008-08-08,9.3100004196167,9.5,6.5,7.190000057220459,119.88001799932988,90.36451051011257,78.69628216909281,74.10263979167748,68.79436049799385,5.13,100.0,-0.87
PRO,2008-08-11,7.119999885559082,7.449999809265137,6.809999942779541,6.980000019073486,119.8745448445655,90.28373621435189,78.57935702915884,74.03470482075589,68.83787636417156,5.33,99.0,-0.47
PRO,2008-08-12,7.019999980926514,7.179999828338623,6.900000095367432,7.0,119.15816520845515,90.31444550061131,77.47462784815275,73.98755625123322,68.80117776778062,5.47,98.0,-0.3
PRO,2008-08-13,7.0,7.179999828338623,6.920000076293945,7.039999961853027,119.08685481158825,90.36657578936253,76.9104500984666,73.99227166361145,68.76437229435543,5.58,97.0,-0.21
PRO,2008-08-14,7.070000171661377,7.800000190734863,7.070000171661377,7.75,123.09526964205777,92.9257345495086,78.58665961510358,74.87207860358336,69.45712760535118,5.76,99.0,-0.07
PRO,2008-08-15,7.900000095367432,8.529999732971191,7.5,8.460000038146973,126.08921217205184,94.95721879447305,79.76347901267171,75.40909256570288,70.02737753355434,5.96,100.0,0.07
PRO,2008-08-18,8.430000305175781,8.470000267028809,7.559999942779541,7.860000133514404,127.51683422151288,95.95608375368118,80.11336097038144,75.85846663829854,70.31305696555611,6.18,100.0,0.13
PRO,2008-08-19,7.679999828338623,7.730000019073486,7.360000133514404,7.440000057220459,124.62707266113048,96.13919183513863,80.34121620469693,76.05627632422286,70.51418753022197,6.39,100.0,0.15
PRO,2008-08-20,7.519999980926514,7.809999942779541,7.360000133514404,7.570000171661377,124.84761245322127,95.8111175192926,80.42103757999885,76.08965141101166,70.52374063394066,6.6,100.0,0.12
PRO,2008-08-21,7.28000020980835,7.940000057220459,7.28000020980835,7.809999942779541,125.00818952384279,94.41475232383254,80.57432673184503,76.20745357358611,70.5038093720221,6.8,100.0,0.07
PRO,2008-08-22,7.869999885559082,8.180000305175781,7.78000020980835,8.100000381469727,125.68832463383188,94.82964825792126,80.77089392672694,76.34086035562932,70.42646762454088,7.0,100.0,0.0
PRO,2008-08-25,7.860000133514404,8.59000015258789,7.860000133514404,8.5,126.79364918551819,95.48052651086056,81.18557772361234,76.35108116115427,70.50225614861357,7.2,100.0,-0.07
PRO,2008-08-26,8.680000305175781,9.279999732971191,8.59000015258789,9.029999732971191,128.07452314173395,96.42130655328862,81.81413485968582,76.5781456134541,70.76734953156925,7.41,100.0,-0.14
PRO,2008-08-27,9.149999618530273,9.470000267028809,8.779999732971191,9.270000457763672,127.851750806942,96.59432788465683,81.46770861319906,76.65731272873735,70.78678963962251,7.6,99.0,-0.23
PRO,2008-08-28,9.050000190734863,9.710000038146973,9.050000190734863,9.649999618530273,128.16953521833662,96.89400873565147,80.9513768385063,76.7351458086169,70.8867717942659,7.77,97.0,-0.32
PRO,2008-08-29,9.649999618530273,10.020000457763672,9.59000015258789,9.640000343322754,127.02958792223514,96.89108591884425,80.39558183809513,76.73219870117416,70.88588843476722,7.92,93.0,-0.41
PRO,2008-09-02,9.619999885559082,10.140000343322754,9.329999923706055,9.40999984741211,127.09467853367128,96.91036180598189,80.2992862227185,76.77359718653639,70.92229042749933,8.06,91.0,-0.5
PRO,2008-09-03,9.449999809265137,9.949999809265137,9.430000305175781,9.520000457763672,127.17744266175659,96.9290597370038,79.55585612148947,76.42166757098633,70.87871407082248,8.18,88.0,-0.59
PRO,2008-09-04,9.520000457763672,9.649999618530273,9.289999961853027,9.300000190734863,127.25852315862156,96.5961379408437,79.60612439465969,76.45371771604749,70.85624573393174,8.31,88.0,-0.68
PRO,2008-09-05,9.3100004196167,9.619999885559082,9.279999732971191,9.34000015258789,127.23831277375062,96.48882879626247,79.60048414548092,76.45227948903272,70.82205671205257,8.43,87.0,-0.77
PRO,2008-09-08,9.609999656677246,9.819999694824219,9.260000228881836,9.390000343322754,126.7974073451261,96.49918950125357,78.70039784213213,75.91149516294759,70.764069742929,8.53,85.0,-0.84
PRO,2008-09-09,9.399999618530273,9.529999732971191,9.229999542236328,9.279999732971191,126.00380414084671,95.99950777360147,78.7178367786183,75.70439474602682,70.76715399321996,8.62,85.0,-0.91
PRO,2008-09-10,9.300000190734863,9.5,9.289999961853027,9.34000015258789,126.05730950751423,95.79995007529811,78.72710410556026,75.07831033970666,70.73981613942664,8.72,85.0,-0.98
PRO,2008-09-11,9.300000190734863,9.989999771118164,9.260000228881836,9.960000038146973,127.118816776498,96.38203916543947,79.37154296939288,75.48338730345914,71.01246042261137,8.82,85.0,-1.04
PRO,2008-09-12,9.859999656677246,10.149999618530273,9.800000190734863,9.9399995803833,126.90114683170756,96.29557402490205,79.37068595765027,75.32707642372247,71.01226607853607,8.92,84.0,-1.1
PRO,2008-09-15,9.890000343322754,10.09000015258789,9.460000038146973,9.470000267028809,127.17162467448287,96.73618208040598,79.62834823189598,75.51132135565521,71.16894348566738,9.02,88.0,-1.16
PRO,2008-09-16,9.050000190734863,9.59000015258789,8.819999694824219,9.5,127.17928224138215,96.73576215675162,79.56489176011272,75.47954861285336,70.82637462253784,9.12,85.0,-1.22
PRO,2008-09-17,9.210000038146973,9.3100004196167,8.859999656677246,8.989999771118164,127.9683022731385,97.19126022913245,80.00051317728595,75.7065444109444,71.02468968843901,9.23,89.0,-1.28
PRO,2008-09-18,9.180000305175781,9.460000038146973,9.0,9.460000038146973,128.8421796688877,97.84661859328236,80.39172181420804,75.84158725036076,71.21326933456612,9.33,92.0,-1.33
PRO,2008-09-19,9.640000343322754,10.109999656677246,9.34000015258789,9.550000190734863,128.86901067573683,97.87981424321228,80.34860865093991,75.47466962381849,71.20813642439508,9.44,91.0,-1.37
PRO,2008-09-22,9.600000381469727,9.6899995803833,9.319999694824219,9.4399995803833,64.93831658535491,97.87399534380326,80.36286975469203,74.4816681214739,71.12273989491366,9.54,91.0,-1.42
PRO,2008-09-23,9.460000038146973,9.699999809265137,9.15999984741211,9.239999771118164,64.55467107811243,97.93845658359291,80.20416499264509,73.9101458019299,71.13800219883909,9.63,87.0,-1.47
PRO,2008-09-24,9.229999542236328,9.489999771118164,8.84000015258789,8.850000381469727,66.30832853315462,97.44821500692531,80.42265530088328,72.73047794168073,71.26128918774631,9.73,94.0,-1.51
PRO,2008-09-25,8.850000381469727,9.260000228881836,8.760000228881836,9.039999961853027,66.41810988797958,97.28968311751346,80.49726406486337,72.58899292686806,71.25303633317613,9.83,94.0,-1.55
PRO,2008-09-26,8.949999809265137,9.380000114440918,8.640000343322754,9.329999923706055,61.458474053523894,97.31118676811722,80.32865556298898,72.7068778098039,71.08907866663264,9.92,86.0,-1.59
PRO,2008-09-29,9.25,9.489999771118164,8.920000076293945,8.979999542236328,57.670696612076064,97.41257831246331,80.49665858410289,72.82189409881164,71.18631836224287,10.01,93.0,-1.62
PRO,2008-09-30,9.09000015258789,9.520000457763672,9.09000015258789,9.390000343322754,54.2913874236857,97.7638857205645,80.80483247053948,73.04118322356985,71.3079664624497,10.1,96.0,-1.66
PRO,2008-10-01,9.390000343322754,9.399999618530273,9.079999923706055,9.15999984741211,52.012311315871685,95.94173180115908,80.72201495772343,72.6103104581751,71.15099820586369,10.19,94.0,-1.69
PRO,2008-10-02,9.029999732971191,9.260000228881836,8.989999771118164,8.989999771118164,52.43449917425337,95.87554222983927,80.71852857410826,72.54820030839012,71.11909211717696,10.27,93.0,-1.72
PRO,2008-10-03,9.100000381469727,9.260000228881836,8.510000228881836,8.529999732971191,54.475071610810325,96.23271274360373,80.92873049799134,72.77246962571839,71.28518582516134,10.36,96.0,-1.75
PRO,2008-10-06,8.539999961853027,8.569999694824219,7.849999904632568,8.25,54.50113782669288,96.40337979667312,81.00600312904483,72.84772161303951,71.30934926134593,10.44,97.0,-1.78
PRO,2008-10-07,8.3100004196167,8.479999542236328,7.690000057220459,7.690000057220459,56.30060883588429,97.324845224053,81.60293995853706,73.27643614973366,71.55847173687873,10.53,99.0,-1.8
PRO,2008-10-08,7.46999979019165,7.46999979019165,6.78000020980835,6.820000171661377,62.492116979346676,99.938988810559,83.59984906265726,74.41220716252208,72.48929023070023,10.65,100.0,-1.82
PRO,2008-10-09,6.789999961853027,6.960000038146973,6.239999771118164,6.239999771118164,65.62283798365151,100.88877197908008,84.6151241386993,75.07362341298439,72.9958450319275,10.77,100.0,-1.83
PRO,2008-10-10,6.059999942779541,6.559999942779541,5.739999771118164,6.489999771118164,65.5602741021733,101.08437132148505,84.93002914746981,75.24510222694646,73.11830795032867,10.89,100.0,-1.84
PRO,2008-10-13,6.78000020980835,7.440000057220459,6.699999809265137,7.440000057220459,78.62028569922967,104.73751507838426,87.9081136093634,76.99613350190671,74.38616781262265,11.05,100.0,-1.82
PRO,2008-10-14,7.570000171661377,7.739999771118164,6.800000190734863,7.019999980926514,79.8096443416522,105.21909447997686,88.31052666194947,77.23365969316143,74.47263445750255,11.21,100.0,-1.81
PRO,2008-10-15,6.929999828338623,7.079999923706055,5.949999809265137,5.949999809265137,91.34060038826912,109.96054008689534,91.70149106315796,79.53028063461768,76.21842593461538,11.43,100.0,-1.75
PRO,2008-10-16,6.090000152587891,7.010000228881836,5.829999923706055,6.889999866485596,102.6861669145962,114.65172685375393,94.65233846372983,81.52992321880946,77.67901169202744,11.7,100.0,-1.66
PRO,2008-10-17,6.769999980926514,6.809999942779541,6.139999866485596,6.150000095367432,106.86190374003121,116.61208938764354,95.117242208006,82.52299376326233,78.43985974586876,11.97,100.0,-1.58
PRO,2008-10-20,6.289999961853027,6.630000114440918,6.289999961853027,6.440000057220459,108.14471409761184,116.89073526312121,95.48158794779607,82.74365675216967,78.57686750797959,12.22,100.0,-1.52
PRO,2008-10-21,6.300000190734863,6.710000038146973,6.300000190734863,6.309999942779541,108.16805354996895,116.529546531242,95.50806225380549,82.73666193336004,78.5843133809671,12.46,100.0,-1.47
PRO,2008-10-22,6.25,6.25,5.619999885559082,5.739999771118164,110.54432928348943,117.82108259579174,96.52849287290955,83.34248404788181,78.85698059310154,12.67,100.0,-1.43
PRO,2008-10-23,5.809999942779541,5.909999847412109,5.260000228881836,5.400000095367432,108.56383334417899,118.06873455227709,96.87680873718037,82.73248709964663,78.9978011511565,12.88,100.0,-1.39
PRO,2008-10-24,5.110000133514404,5.190000057220459,4.929999828338623,4.929999828338623,110.30647170213035,119.15159563079297,97.66553920106941,83.33641372278237,79.48031344836917,13.09,100.0,-1.35
PRO,2008-10-27,4.960000038146973,4.960000038146973,4.449999809265137,4.449999809265137,112.4617210725755,120.45550260120437,98.77322788032764,83.97999387067702,80.01288906235848,13.31,100.0,-1.31
PRO,2008-10-28,4.559999942779541,4.610000133514404,4.329999923706055,4.5,112.66090116654048,120.53110367693893,98.81076311797096,83.50687045518332,79.51736059517086,13.51,100.0,-1.28
PRO,2008-10-29,4.599999904632568,4.929999828338623,4.590000152587891,4.860000133514404,116.03451430766594,121.79947242179188,99.75591209334085,84.08107041855838,79.58513388125841,13.71,100.0,-1.25
PRO,2008-10-30,4.949999809265137,5.510000228881836,4.949999809265137,5.369999885559082,119.46021149059945,123.8231370708931,101.03485864024202,85.01218372987672,79.4373402387715,13.91,100.0,-1.21
PRO,2008-10-31,5.300000190734863,5.570000171661377,5.170000076293945,5.369999885559082,119.29639927193278,123.79547100642681,100.99753194600459,84.99776843014395,79.43658801572057,14.11,99.0,-1.19
PRO,2008-11-03,5.369999885559082,5.369999885559082,4.880000114440918,5.349999904632568,119.36160626796438,97.8675274583447,100.99860066066377,84.99226226426359,79.43585005650388,14.28,99.0,-1.17
PRO,2008-11-04,5.400000095367432,5.71999979019165,5.340000152587891,5.5,120.11754125629417,97.95384915310105,100.80003619104365,85.05760579606455,79.50192898089922,14.45,97.0,-1.16
PRO,2008-11-05,5.449999809265137,5.610000133514404,5.320000171661377,5.329999923706055,119.94635662954775,98.10327359160527,100.71280492849657,85.11135093844577,79.32662945464469,14.6,96.0,-1.16
PRO,2008-11-06,5.349999904632568,5.75,5.179999828338623,5.690000057220459,121.8321858914835,99.12587883379416,101.0883873862898,85.37885460172062,79.51006365414213,14.74,100.0,-1.15
PRO,2008-11-07,6.309999942779541,6.75,5.940000057220459,6.28000020980835,125.57527510435077,99.23776947862578,102.41659247170078,86.16135315324307,80.12994865508124,14.9,100.0,-1.14
PRO,2008-11-10,6.480000019073486,6.550000190734863,5.820000171661377,5.820000171661377,126.70452728309725,98.48350230308044,103.00767364139922,86.5619318234578,80.44566187711885,15.05,100.0,-1.13
PRO,2008-11-11,5.809999942779541,6.019999980926514,5.510000228881836,5.510000228881836,125.94790393801263,98.00818969257656,103.26671624930735,86.75943595198096,80.60187321738277,15.19,100.0,-1.12
PRO,2008-11-12,5.480000019073486,5.559999942779541,5.139999866485596,5.329999923706055,126.01230773153489,97.64504393998394,103.26518852988072,85.87884567330406,80.64973758859479,15.32,99.0,-1.11
PRO,2008-11-13,5.320000171661377,5.570000171661377,4.940000057220459,5.550000190734863,127.14662170724351,97.99087862235086,103.54923818802678,86.04236502117526,80.76807593236917,15.43,100.0,-1.09
PRO,2008-11-14,5.400000095367432,5.400000095367432,5.050000190734863,5.050000190734863,128.75927005790783,99.3707896741909,104.44345639241686,86.59077368822571,80.87515660683083,15.55,100.0,-1.08
PRO,2008-11-17,5.03000020980835,5.130000114440918,4.730000019073486,4.75,129.31049452055836,99.55167026164546,104.7725898072164,86.84231217954498,81.06826971617193,15.66,100.0,-1.07
PRO,2008-11-18,4.789999961853027,4.789999961853027,3.859999895095825,4.150000095367432,132.8803290151117,102.11267914006412,106.65310026699069,88.06221643651668,82.0272150638733,15.79,100.0,-1.04
PRO,2008-11-19,4.159999847412109,4.159999847412109,3.2799999713897705,3.3299999237060547,142.22864862725336,109.53557540298398,111.39854057110105,91.48970851293969,84.78196689067775,16.0,100.0,-0.99
PRO,2008-11-20,3.3299999237060547,3.3499999046325684,3.130000114440918,3.130000114440918,141.37079560747208,109.55252338615222,111.59259370863836,91.71077630798557,84.89216992690243,16.17,100.0,-0.94
PRO,2008-11-21,3.2100000381469727,4.159999847412109,3.200000047683716,4.139999866485596,165.6541943166085,124.91093731566146,120.77145849465556,97.36847637051707,89.55477250184012,16.52,100.0,-0.78
PRO,2008-11-24,4.269999980926514,4.489999771118164,4.090000152587891,4.360000133514404,160.65750247516502,125.61386861604824,121.1051333367941,97.31043597244413,89.73407358103796,16.85,100.0,-0.65
PRO,2008-11-25,4.400000095367432,4.550000190734863,4.190000057220459,4.46999979019165,160.65004235889722,125.83388211377174,121.193500754313,97.34967084540753,89.7423079179506,17.13,100.0,-0.57
PRO,2008-11-26,4.409999847412109,5.03000020980835,4.239999771118164,5.03000020980835,158.59070389223334,128.56184795878815,121.80895521625817,98.462137521952,90.43110240428376,17.43,100.0,-0.51
PRO,2008-11-28,5.0,5.0,4.679999828338623,4.820000171661377,152.15589930575806,128.70398881665074,121.90048186645579,98.40030057436987,90.50991776626654,17.7,100.0,-0.47
PRO,2008-12-01,4.710000038146973,4.71999979019165,4.329999923706055,4.360000133514404,151.42957865648827,129.95372967846353,122.66011417038784,98.10623743044552,90.98557847371677,17.96,100.0,-0.44
PRO,2008-12-02,4.420000076293945,4.690000057220459,4.320000171661377,4.650000095367432,152.12593925953317,130.86420953249336,123.19581124249936,98.45755071746655,91.24588141669115,18.21,100.0,-0.43
PRO,2008-12-03,4.510000228881836,4.860000133514404,4.400000095367432,4.579999923706055,152.10501053639535,130.86612589395622,123.1973738915563,98.37062671266098,91.25130880857145,18.43,100.0,-0.42
PRO,2008-12-04,4.519999980926514,4.690000057220459,4.099999904632568,4.21999979019165,151.5344456236258,131.59055969666144,123.65035167456585,98.29465838035554,91.56273619357049,18.64,100.0,-0.42
PRO,2008-12-05,4.199999809265137,4.940000057220459,4.050000190734863,4.940000057220459,158.26010536312515,135.27330808424182,126.27475381782148,99.94294122288491,92.86810498002728,18.88,100.0,-0.41
PRO,2008-12-08,5.0,6.349999904632568,5.0,6.010000228881836,166.05803273590604,141.81086697941237,130.25459066226784,102.73698468964143,94.92473161344792,19.17,100.0,-0.38
PRO,2008-12-09,5.989999771118164,5.989999771118164,5.070000171661377,5.329999923706055,167.13963435681381,143.42575226117097,131.1557997297122,103.55549615989896,95.6303340545525,19.47,100.0,-0.35
PRO,2008-12-10,5.489999771118164,6.059999942779541,5.349999904632568,5.940000057220459,169.7532036237578,145.4311672069661,132.45362620267224,104.25289173483172,96.24416537496835,19.76,100.0,-0.34
PRO,2008-12-11,5.840000152587891,6.070000171661377,5.150000095367432,5.230000019073486,172.9660905526699,147.1747106728222,133.80365748412402,105.19213955951932,97.02855961677837,20.01,100.0,-0.32
PRO,2008-12-12,5.21999979019165,5.840000152587891,5.010000228881836,5.760000228881836,172.80902011456274,148.26025236576535,134.8345379710984,105.87430309536691,97.55260197927109,20.24,100.0,-0.32
PRO,2008-12-15,5.71999979019165,6.139999866485596,5.380000114440918,5.510000228881836,173.3388916304381,148.3956710657884,134.94329208004334,105.95863598633662,97.41929814946538,20.45,100.0,-0.33
PRO,2008-12-16,5.559999942779541,6.110000133514404,5.460000038146973,6.090000152587891,175.6954234472463,150.07310179318617,135.890844446394,106.6504063027151,97.97540369602541,20.65,100.0,-0.35
PRO,2008-12-17,6.099999904632568,6.320000171661377,5.860000133514404,6.130000114440918,175.558290753321,150.07022435883331,135.67967919764547,106.652148724695,97.97673205501538,20.81,99.0,-0.38
PRO,2008-12-18,6.159999847412109,6.159999847412109,5.679999828338623,5.730000019073486,176.49257839081244,150.40437437649223,136.02760864164074,106.91550614004812,97.87048995713492,20.95,100.0,-0.41
PRO,2008-12-19,5.96999979019165,7.0,5.809999942779541,7.0,184.80224309578816,156.21127274108673,139.7920220814619,109.4222816846643,99.87636063249793,21.14,100.0,-0.44
PRO,2008-12-22,7.0,7.0,5.880000114440918,6.230000019073486,186.03837099598735,157.70182040570774,140.87918870552008,109.94041545476836,100.16731228187427,21.3,100.0,-0.47
PRO,2008-12-23,6.289999961853027,6.369999885559082,5.789999961853027,5.880000114440918,185.46650366645355,157.91984919718783,141.02583714432424,109.9245214359918,100.29282938235305,21.42,100.0,-0.52
PRO,2008-12-24,5.900000095367432,6.320000171661377,5.900000095367432,6.28000020980835,185.6464640085971,158.2750402675621,141.47589917855788,110.14229581979167,100.45363400873408,21.51,100.0,-0.58
PRO,2008-12-26,6.409999847412109,6.409999847412109,5.599999904632568,6.0,185.89909343250213,158.4340475207834,141.58137162169837,109.97077382514391,100.53729926517782,21.57,100.0,-0.66
PRO,2008-12-29,5.949999809265137,5.949999809265137,5.260000228881836,5.340000152587891,188.76621260604122,160.0020953581751,142.63033149397225,110.77340202638123,101.13933727637531,21.61,100.0,-0.75
PRO,2008-12-30,5.389999866485596,5.639999866485596,5.289999961853027,5.570000171661377,187.0539212956255,160.070717610784,142.8280584467253,110.8977054060852,101.24060967761224,21.54,100.0,-0.89
PRO,2008-12-31,5.610000133514404,5.809999942779541,5.25,5.75,186.2074940163037,160.171115926314,130.14206781947846,110.59448699042056,101.23214646227454,21.66,84.0,-0.97
PRO,2009-01-02,5.900000095367432,5.980000019073486,5.690000057220459,5.849999904632568,181.32516122685155,159.67460736166944,130.1035501808721,110.6214748551382,101.05736450187584,21.76,83.0,-1.05
PRO,2009-01-05,5.809999942779541,5.96999979019165,5.650000095367432,5.949999809265137,167.506452966703,157.90045895501302,130.13552277707248,110.64741748256543,100.55938669665929,21.84,83.0,-1.11
PRO,2009-01-06,6.019999980926514,7.099999904632568,6.0,6.929999828338623,169.97354033630802,159.97964511010306,132.41156068230322,112.15088869708698,101.45573676775994,21.93,86.0,-1.17
PRO,2009-01-07,6.929999828338623,7.039999961853027,6.480000019073486,6.579999923706055,153.41500132331666,160.15614387032414,131.7551912223258,112.30177148606553,100.87925842817525,22.01,85.0,-1.23
PRO,2009-01-08,6.550000190734863,6.809999942779541,6.460000038146973,6.800000190734863,153.12369592878684,157.77668261463776,131.0955848525121,112.33680877799057,100.84179455195532,22.09,83.0,-1.28
PRO,2009-01-09,6.78000020980835,6.78000020980835,6.150000095367432,6.150000095367432,156.67604105755092,158.66225169288708,131.537357894451,112.90053693353525,101.30508148363415,22.16,84.0,-1.33
PRO,2009-01-12,6.170000076293945,6.340000152587891,5.920000076293945,6.110000133514404,153.38113874571545,154.98196494043498,131.27011783438735,112.89309316208609,101.3044972235053,22.22,83.0,-1.37
PRO,2009-01-13,6.110000133514404,6.46999979019165,6.099999904632568,6.170000076293945,152.67288818752002,151.9749066504268,131.24734349279055,112.87878620848983,101.31266375649277,22.27,82.0,-1.4
PRO,2009-01-14,6.050000190734863,6.139999866485596,5.710000038146973,5.920000076293945,149.96361156768614,150.4184313470368,131.28488322462908,112.93816108846899,101.14352064677172,22.31,83.0,-1.44
PRO,2009-01-15,5.710000038146973,5.710000038146973,4.5,5.409999847412109,151.78464994075514,151.19879750174755,131.8580334308228,113.39864684545888,101.47015161019277,22.34,85.0,-1.46
PRO,2009-01-16,5.460000038146973,5.519999980926514,5.21999979019165,5.5,151.6956358927503,151.20557445300292,131.63418260172404,113.33197103103755,101.48309142056817,22.37,83.0,-1.49
PRO,2009-01-20,5.420000076293945,5.420000076293945,5.119999885559082,5.150000095367432,150.95379462532105,150.56556028351434,131.57676092616205,113.54629785274106,101.6653457569537,22.39,82.0,-1.51
PRO,2009-01-21,5.230000019073486,5.349999904632568,4.659999847412109,4.670000076293945,146.86107648027524,151.37023452067083,132.2845352643583,114.07393397335157,102.09505615327168,22.41,85.0,-1.52
PRO,2009-01-22,4.559999942779541,4.670000076293945,4.159999847412109,4.170000076293945,137.71156014961687,151.9920497515344,133.13528025286595,114.63010465069769,102.59251701358087,22.41,87.0,-1.54
PRO,2009-01-23,4.139999866485596,4.570000171661377,3.9800000190734863,4.519999980926514,136.32442078815862,151.49467186829241,133.87865295036661,115.07464379363309,102.94756152112652,22.41,88.0,-1.54
PRO,2009-01-26,4.639999866485596,5.019999980926514,4.53000020980835,4.909999847412109,134.6585240537791,152.42250713694696,134.61543805493054,115.5343298135335,103.3140421991663,22.4,88.0,-1.55
PRO,2009-01-27,4.920000076293945,5.03000020980835,4.630000114440918,4.900000095367432,129.68378296881025,151.6086416152876,134.58607806932,115.46565385975371,103.26739137024357,22.36,87.0,-1.55
PRO,2009-01-28,4.900000095367432,5.980000019073486,4.900000095367432,5.760000228881836,135.2504505997206,153.86104549367522,137.18211965525003,117.12815193887403,104.5847315383215,22.35,93.0,-1.55
PRO,2009-01-29,5.659999847412109,5.929999828338623,5.539999961853027,5.820000171661377,134.61888045762166,153.8723405882869,137.1957355462211,117.08096265229962,104.58537715874189,22.32,93.0,-1.55
PRO,2009-01-30,5.880000114440918,6.550000190734863,5.880000114440918,6.010000228881836,131.71816133753134,153.99726365498296,137.31161752384688,117.13802510300233,104.641486858374,22.26,93.0,-1.54
PRO,2009-02-02,5.880000114440918,6.230000019073486,5.800000190734863,6.230000019073486,132.12877349008048,154.06583451732513,137.4558472902546,117.20730039266184,104.70077760646377,22.19,93.0,-1.53
PRO,2009-02-03,6.320000171661377,6.320000171661377,5.929999828338623,6.010000228881836,131.02982226584712,154.1109232135381,137.53870289226026,117.25915229561627,104.7510287731686,22.11,93.0,-1.52
PRO,2009-02-04,6.039999961853027,6.039999961853027,5.699999809265137,6.010000228881836,116.72800634793172,153.54430075006897,137.09949601525233,117.2540395986427,104.73792512927686,22.01,88.0,-1.51
PRO,2009-02-05,5.96999979019165,6.239999771118164,5.889999866485596,6.150000095367432,112.06384211782398,152.26481429339685,137.17122757463696,117.29473848128423,104.73504734486309,21.9,88.0,-1.49
PRO,2009-02-06,6.150000095367432,6.369999885559082,6.0,6.059999942779541,110.83562946210732,151.47887295084135,137.00256293314348,117.29769578149036,104.2690935530092,21.78,86.0,-1.47
PRO,2009-02-09,6.039999961853027,6.25,5.840000152587891,6.03000020980835,109.12446283524011,151.04406494265055,136.997120516307,117.29666126115679,104.26911193680546,21.63,85.0,-1.45
PRO,2009-02-10,6.0,6.119999885559082,5.900000095367432,5.920000076293945,108.44854642543275,150.92916639152324,136.77536745315447,117.24289698018535,104.19771989746329,21.48,84.0,-1.42
PRO,2009-02-11,5.920000076293945,5.920000076293945,5.320000171661377,5.380000114440918,106.6600185345609,152.01200008146827,137.2502040119045,117.6340196483661,104.29316147885766,21.32,90.0,-1.39
PRO,2009-02-12,5.289999961853027,5.289999961853027,4.800000190734863,5.110000133514404,106.91514612629018,151.13164108407614,137.42037253396092,117.26602952758654,104.39715965574825,21.14,91.0,-1.36
PRO,2009-02-13,5.599999904632568,5.769999980926514,5.010000228881836,5.300000190734863,107.0562844970884,150.7615669544953,137.58484579912619,117.36565956696813,104.47676579562848,20.96,93.0,-1.33
PRO,2009-02-17,5.190000057220459,5.269999980926514,4.659999847412109,4.789999961853027,110.5813017269842,149.6039362732776,138.39590967072718,117.92281867704662,104.91839203210986,20.75,93.0,-1.29
PRO,2009-02-18,4.900000095367432,5.329999923706055,4.840000152587891,4.840000152587891,110.47580036404973,142.23653568891532,138.29679432863443,117.93480245798405,104.92656640963915,20.54,92.0,-1.25
PRO,2009-02-19,5.019999980926514,5.309999942779541,4.909999847412109,5.130000114440918,101.68864132054112,141.90761094477594,138.60633638756607,118.16180484869399,105.09612506117347,20.3,93.0,-1.21
PRO,2009-02-20,5.03000020980835,5.099999904632568,4.889999866485596,4.929999828338623,101.31730099878035,130.4485578818982,138.58108951517124,118.19757113452236,105.15589766931804,20.05,92.0,-1.18
PRO,2009-02-23,5.010000228881836,5.150000095367432,4.650000095367432,4.670000076293945,101.28530936263604,130.56054986748597,138.69745376478133,118.33887904411347,105.18650861856625,19.78,93.0,-1.14
PRO,2009-02-24,4.739999771118164,5.139999866485596,4.550000190734863,5.119999885559082,102.12070660242811,131.80005464634667,139.34440402115243,118.8793709330756,105.57363603967605,19.5,93.0,-1.1
PRO,2009-02-25,5.050000190734863,5.050000190734863,4.510000228881836,4.519999980926514,107.74555507913688,132.0786153445376,140.58199918601238,119.71859528320081,106.2523011270574,19.21,94.0,-1.06
PRO,2009-02-26,4.559999942779541,4.610000133514404,4.460000038146973,4.539999961853027,107.67108822344716,131.80857394864677,140.58111244693094,119.62106727440505,106.25496240346428,18.89,93.0,-1.04
PRO,2009-02-27,4.460000038146973,4.679999828338623,4.420000076293945,4.610000133514404,107.49948930709256,130.2080456224996,140.43220871820995,119.6192751067902,105.71628980169423,18.55,92.0,-1.01
PRO,2009-03-02,4.53000020980835,4.789999961853027,4.380000114440918,4.440000057220459,105.07943658904253,129.76136661534505,140.45449880904363,119.68243645276718,105.76728735074764,18.19,92.0,-1.0
PRO,2009-03-03,4.480000019073486,4.480000019073486,4.199999809265137,4.28000020980835,105.19499040841922,129.93833464902303,140.16522217357686,119.58938501918519,105.75926804443212,17.82,90.0,-1.0
PRO,2009-03-04,4.369999885559082,4.420000076293945,3.799999952316284,3.990000009536743,105.41162692669104,129.64959270110444,139.351806152449,119.76726707913632,105.96249587281797,17.45,88.0,-0.99
PRO,2009-03-05,3.8499999046325684,4.0,3.509999990463257,3.5899999141693115,106.00868349011157,127.10403316085352,139.63260418281428,120.2159560434912,106.3763159013217,17.09,88.0,-0.97
PRO,2009-03-06,3.630000114440918,3.8299999237060547,3.5899999141693115,3.7899999618530273,102.72681804723065,120.66635457835505,139.77462281741575,120.40103818730721,106.45551919434753,16.7,88.0,-0.97
PRO,2009-03-09,3.799999952316284,3.8499999046325684,3.6500000953674316,3.7699999809265137,99.60858258642314,118.37113967792004,137.90810766999152,120.40109077316058,106.45439031077126,16.35,79.0,-0.94
PRO,2009-03-10,3.869999885559082,4.050000190734863,3.869999885559082,4.0,98.00540032831414,116.76502594721698,138.05457846418835,120.64667508735863,106.36515310297976,15.98,79.0,-0.92
PRO,2009-03-11,4.0,4.099999904632568,3.0299999713897705,3.7899999618530273,98.93431831297728,114.47107157784554,135.88861972079346,120.74636279119709,106.2871353662521,15.65,62.0,-0.86
PRO,2009-03-12,3.75,4.119999885559082,3.700000047683716,4.010000228881836,87.19954167153904,113.23480810552229,134.07575535425366,120.97126225283279,106.44817026995146,15.35,56.0,-0.78
PRO,2009-03-13,4.019999980926514,4.369999885559082,3.990000009536743,4.289999961853027,90.0039108529829,113.93583383363341,133.43623351140988,121.28172934769495,106.69555365255398,15.05,53.0,-0.68
PRO,2009-03-16,4.360000133514404,4.420000076293945,4.010000228881836,4.03000020980835,90.3189187428791,112.44435141909995,133.5206723087249,121.46429805956551,106.7428934239026,14.73,53.0,-0.58
PRO,2009-03-17,4.039999961853027,4.440000057220459,3.9700000286102295,4.380000114440918,93.54675887844056,113.92569800961509,134.22272838279312,121.92368637075286,106.47919398792345,14.4,56.0,-0.47
PRO,2009-03-18,4.349999904632568,4.940000057220459,4.340000152587891,4.929999828338623,100.50121953360286,115.95933050158256,134.80277320498294,122.5900201367035,107.18116160553936,14.08,58.0,-0.35
PRO,2009-03-19,5.010000228881836,5.159999847412109,5.0,5.110000133514404,101.24064383255987,108.32951550883865,134.590983606392,122.61012349702587,107.1859578981438,13.75,56.0,-0.22
PRO,2009-03-20,5.150000095367432,5.190000057220459,4.840000152587891,4.840000152587891,101.83167233957222,106.33084592010593,134.0871543192034,122.70000630961317,107.00156561021717,13.42,53.0,-0.08
PRO,2009-03-23,5.070000171661377,5.269999980926514,5.0,5.130000114440918,103.58982034674109,106.49040720443104,133.39192508241624,122.87946326120101,107.02874052604012,13.09,47.0,0.09
PRO,2009-03-24,5.019999980926514,5.119999885559082,4.630000114440918,4.630000114440918,107.33483742387766,107.4778504348445,134.39812160357297,123.41178974065666,107.47099538695,12.74,54.0,0.26
PRO,2009-03-25,4.690000057220459,4.860000133514404,4.380000114440918,4.579999923706055,107.29842668860341,107.15358737160945,133.84468149888565,122.88214276142202,107.41523989613768,12.4,49.0,0.46
PRO,2009-03-26,4.619999885559082,5.070000171661377,4.619999885559082,4.909999847412109,106.32582914766864,105.61966663709022,133.3529008201125,123.16909770097446,107.5480077637661,12.07,44.0,0.69
PRO,2009-03-27,4.800000190734863,4.860000133514404,4.25,4.289999961853027,112.2220356666223,108.69370345639993,135.04082628252058,124.08459956332858,108.29349949346214,11.73,60.0,0.94
PRO,2009-03-30,4.099999904632568,4.239999771118164,3.7799999713897705,4.199999809265137,111.5746840701062,108.48323082417555,135.07419534343077,124.09365369050722,108.30672137096448,11.36,60.0,1.21
PRO,2009-03-31,4.289999961853027,4.739999771118164,4.260000228881836,4.650000095367432,112.3111577067309,110.59438317604295,136.00372164633268,124.7336492713041,108.81145015208111,10.97,63.0,1.49
PRO,2009-04-01,4.559999942779541,4.909999847412109,3.9600000381469727,4.829999923706055,112.83750859501332,110.8468053669365,136.06373691711028,124.79815272203464,108.87067342177563,10.55,64.0,1.79
PRO,2009-04-02,4.949999809265137,5.03000020980835,4.679999828338623,4.760000228881836,111.53634480771626,105.98931545306489,135.66278619257528,124.71462643273784,108.87216673048971,10.12,58.0,2.1
PRO,2009-04-03,4.75,4.760000228881836,4.389999866485596,4.760000228881836,110.97568784979745,105.56903160423008,134.7040539895928,124.65213590082736,108.87107844250184,9.68,52.0,2.47
PRO,2009-04-06,4.690000057220459,4.690000057220459,4.420000076293945,4.559999942779541,110.55566784584718,105.53805884025248,134.34725485910008,124.55352362471433,108.80731730711202,9.24,47.0,2.88
PRO,2009-04-07,4.559999942779541,5.159999847412109,4.559999942779541,5.079999923706055,111.81213540964083,106.26797896891415,135.21550946304285,125.2743050519512,109.15712087067364,8.77,57.0,3.31
PRO,2009-04-08,5.099999904632568,5.5,5.079999923706055,5.349999904632568,106.31481466212868,106.85997204569735,135.37020762788583,125.43914471806366,109.14257543439759,8.26,57.0,3.71
PRO,2009-04-09,5.46999979019165,5.5,5.289999961853027,5.400000095367432,106.3194395812666,106.85776549722262,135.22376357133544,125.44887360939273,109.08971025902005,7.72,56.0,4.02
PRO,2009-04-13,5.329999923706055,5.5,5.019999980926514,5.489999771118164,106.32959131349608,106.61040850623597,134.40221095628365,125.4553812792899,108.89611132632038,7.16,45.0,4.2
PRO,2009-04-14,5.360000133514404,5.760000228881836,5.300000190734863,5.599999904632568,105.59285891673514,105.0673610585393,134.06481952071243,125.42039203134236,108.90583050941585,6.55,39.0,3.86
PRO,2009-04-15,5.539999961853027,6.050000190734863,5.519999980926514,6.050000190734863,106.58801257422648,106.19353136343801,132.78558963301677,125.63912039713925,109.19195197700651,5.96,30.0,2.97
PRO,2009-04-16,6.110000133514404,6.289999961853027,6.0,6.230000019073486,103.8258522741603,105.40299224994769,127.89314793566248,125.69677284692082,108.96988489736957,5.54,12.0,2.35
PRO,2009-04-17,6.239999771118164,6.28000020980835,6.0,6.090000152587891,98.0868667636762,103.43419925530594,127.51178453614136,125.62229185351477,108.98935194537378,5.1,11.0,0.71
PRO,2009-04-20,5.900000095367432,6.0,5.739999771118164,5.880000114440918,98.60504631277934,100.84445817949764,119.92167362665107,125.64662490108228,109.03896246967837,5.12,1.0,0.77
PRO,2009-04-21,5.849999904632568,6.570000171661377,5.849999904632568,6.360000133514404,100.11081622573057,100.77801390127854,120.26954601969366,125.94390058582586,109.32454909793816,5.14,2.0,0.82
PRO,2009-04-22,6.260000228881836,6.5,6.25,6.400000095367432,99.36368741304805,99.49049203553969,120.22253173838611,125.94787058476669,109.3270312621924,5.17,2.0,0.88
PRO,2009-04-23,6.400000095367432,6.630000114440918,6.309999942779541,6.5,97.15090705263772,99.50682962924519,118.83187443190137,125.94525859222476,109.31024405834555,5.25,1.0,1.06
PRO,2009-04-24,6.579999923706055,6.679999828338623,6.400000095367432,6.489999771118164,96.60875320859051,93.97658570000156,118.61275432648246,125.92503172752505,109.28995622874373,5.33,1.0,1.23
PRO,2009-04-27,6.349999904632568,6.75,6.289999961853027,6.489999771118164,95.45913208956551,93.96114092881075,117.45275415102334,125.92148667388359,109.28541824109304,5.47,1.0,1.46
PRO,2009-04-28,6.429999828338623,6.619999885559082,6.349999904632568,6.5,92.77648571903262,93.7485900384934,117.05289327504609,117.87675008417666,109.26967397149762,5.63,1.0,1.65
PRO,2009-04-29,6.550000190734863,6.900000095367432,6.489999771118164,6.650000095367432,90.59172148963414,93.57973863126044,117.05523865608738,117.85795977285088,109.27951941654246,5.78,2.0,1.76
PRO,2009-04-30,6.710000038146973,6.710000038146973,6.449999809265137,6.460000038146973,85.77534478758982,93.47283167365234,116.37000849881683,117.90628659364508,109.31223384619027,5.95,1.0,1.85
PRO,2009-05-01,6.460000038146973,6.559999942779541,6.190000057220459,6.230000019073486,86.35810923333301,93.78750865642913,113.91315145573483,117.97997107607476,109.30174218061927,6.24,1.0,1.97
PRO,2009-05-04,6.349999904632568,6.590000152587891,5.809999942779541,5.96999979019165,85.70760793050579,94.08166360222691,109.8075561823219,117.51904753842352,109.3643709385928,6.67,1.0,2.29
PRO,2009-05-05,5.940000057220459,6.090000152587891,5.78000020980835,6.010000228881836,84.32291100984358,94.04552412027431,108.11189078494452,117.0442832443621,109.36276583267967,7.14,1.0,2.47
PRO,2009-05-06,6.070000171661377,6.21999979019165,5.869999885559082,6.0,77.94076169737286,94.04072665863896,106.73810367754524,116.73328961309586,109.25957175967515,7.62,1.0,2.5
PRO,2009-05-07,6.110000133514404,6.170000076293945,5.190000057220459,5.269999980926514,87.5472544161579,97.66470565882581,106.81264049622942,117.5480248237393,109.98501433510886,8.06,2.0,2.32
PRO,2009-05-08,5.389999866485596,6.289999961853027,5.389999866485596,6.130000114440918,95.62384087931403,100.6038922753379,108.4087357881337,118.91521819901283,111.05163668915972,8.42,4.0,1.98
PRO,2009-05-11,5.949999809265137,5.949999809265137,5.769999980926514,5.789999961853027,87.89599925355786,100.73727152313563,108.56140986130282,119.03542272667123,111.13907575071511,8.75,5.0,1.65
PRO,2009-05-12,5.820000171661377,5.820000171661377,5.550000190734863,5.71999979019165,87.65593436505497,100.52045523993004,107.39646495406186,118.95520123130979,111.13170791175004,9.09,3.0,1.37
PRO,2009-05-13,5.590000152587891,5.590000152587891,5.380000114440918,5.489999771118164,84.41672079234826,98.64061814528972,107.58107920601616,118.89433515150012,111.14760118645725,9.41,4.0,1.1
PRO,2009-05-14,5.539999961853027,5.739999771118164,5.440000057220459,5.679999828338623,84.29229064630026,98.84239568071695,107.19292574121945,118.73832081619891,111.19518965919497,9.71,3.0,0.85
PRO,2009-05-15,5.659999847412109,5.690000057220459,5.480000019073486,5.570000171661377,84.40668049216495,98.25953059055156,102.30650664553515,118.70552528956682,111.18833641185064,10.1,1.0,0.78
PRO,2009-05-18,5.670000076293945,6.050000190734863,5.630000114440918,6.019999980926514,86.95279862407652,99.10408945059703,101.42772622110611,118.97956199586662,111.47521855639475,10.48,1.0,0.69
PRO,2009-05-19,6.019999980926514,6.849999904632568,5.78000020980835,6.739999771118164,90.70409170652898,100.86594974082064,102.58125816857047,119.76308839329712,112.07038487868748,10.8,3.0,0.54
PRO,2009-05-20,6.78000020980835,6.980000019073486,6.590000152587891,6.730000019073486,86.18099645071382,99.27319753349121,102.05998802291323,119.73406931684714,112.06698083570646,11.1,2.0,0.39
PRO,2009-05-21,6.659999847412109,6.659999847412109,6.320000171661377,6.53000020980835,85.94939368238498,95.85066562847987,101.91098764075714,119.769908047202,112.09714530113597,11.39,2.0,0.25
PRO,2009-05-22,6.559999942779541,7.0,6.449999809265137,6.980000019073486,87.69247482610314,96.6481113354523,100.68160931202127,120.01805407129571,112.3085837424017,11.67,1.0,0.12
PRO,2009-05-26,6.920000076293945,7.5,6.889999866485596,7.5,89.57540781794154,97.54215033543407,101.08744782577483,120.33052693591219,112.50921262613267,11.92,2.0,-0.01
PRO,2009-05-27,7.420000076293945,7.420000076293945,7.170000076293945,7.190000057220459,90.8040826054972,97.63952127096218,101.23287795823764,120.42554017004012,112.50994719873468,12.23,3.0,-0.16
PRO,2009-05-28,7.139999866485596,7.46999979019165,6.78000020980835,7.260000228881836,88.42543822337663,97.1935399252952,101.21147540080541,120.42648367493311,112.1224376856786,12.52,3.0,-0.3
PRO,2009-05-29,7.25,7.980000019073486,7.010000228881836,7.96999979019165,91.7683151211829,97.2942053810948,102.21630489688134,120.94320941892992,112.52344882930856,12.79,8.0,-0.43
PRO,2009-06-01,7.960000038146973,7.980000019073486,7.260000228881836,7.539999961853027,93.20643182976048,95.23486411452144,99.77311707102038,120.86488286372803,112.65252894958478,13.08,1.0,-0.55
PRO,2009-06-02,7.420000076293945,7.489999771118164,7.119999885559082,7.289999961853027,93.15324643012333,95.28956562772782,99.57101744482503,120.92481103536042,112.69760861815053,13.37,1.0,-0.65
PRO,2009-06-03,7.25,7.25,6.78000020980835,7.179999828338623,90.85016270559646,95.3831301032394,99.47190462850747,120.80794233649408,112.70137702988796,13.65,1.0,-0.76
PRO,2009-06-04,7.21999979019165,7.28000020980835,6.949999809265137,7.21999979019165,90.84887726687562,94.8506329795412,98.1463310345292,120.80958478007719,112.68197774997506,13.94,1.0,-0.84
PRO,2009-06-05,7.28000020980835,7.329999923706055,6.789999961853027,7.269999980926514,90.78856187388548,93.91847417400787,98.14116627370224,120.64462564600677,112.68515218279822,14.21,1.0,-0.93
PRO,2009-06-08,7.130000114440918,7.599999904632568,6.800000190734863,7.320000171661377,90.77880409036028,93.43940794077456,98.13617912627063,120.48904699153233,112.67085964064619,14.48,1.0,-1.01
PRO,2009-06-09,7.349999904632568,7.360000133514404,6.989999771118164,7.03000020980835,91.68552713820492,93.22185763021061,98.12580387412133,120.57013214618884,112.7287390940703,14.73,1.0,-1.08
PRO,2009-06-10,7.079999923706055,7.079999923706055,6.46999979019165,6.630000114440918,93.38957103396999,93.09759945201466,97.50096351385335,120.75245964314878,112.78155609012472,14.98,1.0,-1.15
PRO,2009-06-11,6.630000114440918,7.489999771118164,6.630000114440918,7.28000020980835,97.02515926876319,93.4729189929564,98.55292083912357,121.25660577113686,113.15984709052285,15.2,6.0,-1.22
PRO,2009-06-12,7.170000076293945,7.71999979019165,6.96999979019165,7.690000057220459,97.65993404072518,91.1636975560433,98.27583738953216,121.33485323989086,113.29920797698783,15.42,6.0,-1.29
PRO,2009-06-15,7.739999771118164,7.820000171661377,6.820000171661377,7.639999866485596,96.92458958907746,91.0124137920251,96.92681186575021,121.30837966033235,113.20209732275839,15.64,1.0,-1.35
PRO,2009-06-16,7.760000228881836,7.849999904632568,7.489999771118164,7.659999847412109,95.80006208484491,90.12658149082449,95.05841467231242,121.24749431168063,113.16364636379548,15.88,1.0,-1.39
PRO,2009-06-17,7.639999866485596,8.359999656677246,7.639999866485596,8.15999984741211,97.10966159593535,90.25315778314945,94.75141577360282,121.40423246904639,113.27016912162782,16.11,1.0,-1.43
PRO,2009-06-18,8.119999885559082,8.34000015258789,7.909999847412109,8.260000228881836,97.0456212877322,87.27895796900144,93.95325347622557,121.2948748410925,113.26404243933665,16.34,1.0,-1.46
PRO,2009-06-19,8.350000381469727,8.779999732971191,8.350000381469727,8.449999809265137,87.46808417192811,87.21339504253538,93.98699159125755,121.29240057674089,113.28926070417802,16.55,2.0,-1.49
PRO,2009-06-22,8.399999618530273,8.479999542236328,7.949999809265137,8.0,79.78476057504025,87.31967404217721,91.06222130419948,121.44345153364735,113.41344659842873,16.78,1.0,-1.51
PRO,2009-06-23,8.220000267028809,8.220000267028809,7.889999866485596,7.940000057220459,77.48598715264767,82.15058797833743,91.0711143973634,121.2894670575561,113.39926144240067,16.99,2.0,-1.52
PRO,2009-06-24,8.039999961853027,8.069999694824219,7.860000133514404,7.900000095367432,77.33226719043837,81.95282566106312,90.96073447450989,121.22733232195957,113.39140747107506,17.19,1.0,-1.54
PRO,2009-06-25,7.840000152587891,8.3100004196167,7.800000190734863,8.119999885559082,75.87973658109644,79.80551538868266,90.89181438211592,120.9836442396019,113.4285017827359,17.38,1.0,-1.56
PRO,2009-06-26,8.239999771118164,8.890000343322754,7.900000095367432,8.869999885559082,78.76316607239214,81.23354447071922,91.68636877666985,120.57700994516742,113.7784093618025,17.53,5.0,-1.57
PRO,2009-06-29,8.619999885559082,8.619999885559082,7.96999979019165,8.210000038146973,82.64031697647913,83.04592024721713,92.58712149059788,120.46280475685644,114.03213096100286,17.67,6.0,-1.6
PRO,2009-06-30,8.25,8.25,8.010000228881836,8.119999885559082,80.57328552874759,83.12810917493142,92.55853507070685,120.38785167566873,113.8552562741608,17.79,6.0,-1.62
PRO,2009-07-01,8.220000267028809,8.479999542236328,8.109999656677246,8.3100004196167,74.57790432169222,82.46878034921565,92.5712975986845,119.33570771216286,113.81486413639534,17.9,7.0,-1.63
PRO,2009-07-02,8.119999885559082,8.170000076293945,7.889999866485596,7.889999866485596,76.47987092645879,80.84734824623193,92.97454335455862,119.29473152504475,113.87818302374089,17.99,9.0,-1.65
PRO,2009-07-06,7.710000038146973,8.029999732971191,7.610000133514404,7.989999771118164,75.75735909836301,80.32434812004567,92.92570836126428,117.65511838296958,113.846208633522,18.08,9.0,-1.66
PRO,2009-07-07,8.020000457763672,8.029999732971191,7.889999866485596,7.949999809265137,73.65011436430483,80.35802894752861,91.58073273895158,116.38464031374087,113.82331172189694,18.16,5.0,-1.66
PRO,2009-07-08,8.0,8.0,7.710000038146973,7.940000057220459,70.81990666021379,80.34538406476946,91.15349928357682,115.58617915861728,113.44102239988834,18.24,5.0,-1.67
PRO,2009-07-09,8.0,8.0,7.5,7.619999885559082,70.76238781994478,80.87172420730343,91.29072337712775,115.57244571808116,113.4837691170464,18.31,6.0,-1.67
PRO,2009-07-10,7.550000190734863,7.75,7.329999923706055,7.730000019073486,70.81937436493543,79.48984748096987,89.74357246308762,115.55526490953952,113.46323121832908,18.37,1.0,-1.66
PRO,2009-07-13,7.760000228881836,8.0,7.400000095367432,7.929999828338623,65.77924349438213,79.44242666644969,89.799894565237,115.02637049832526,113.49353219292783,18.42,2.0,-1.66
PRO,2009-07-14,7.940000057220459,8.069999694824219,7.800000190734863,7.929999828338623,63.65780393114622,79.2518783552472,89.39570504876559,114.78326928253826,113.48645789901613,18.46,1.0,-1.65
PRO,2009-07-15,8.069999694824219,8.239999771118164,8.020000457763672,8.050000190734863,62.864947888898705,78.84971045750275,89.13006488419944,114.25577836948469,113.47576392259964,18.49,1.0,-1.64
PRO,2009-07-16,7.96999979019165,8.229999542236328,7.96999979019165,8.149999618530273,62.66684037086686,77.37723023962174,88.63179178751946,113.57364639342154,113.42558950874033,18.51,1.0,-1.62
PRO,2009-07-17,8.119999885559082,8.1899995803833,7.900000095367432,8.029999732971191,62.907344116070504,77.47314706127149,87.5965179598108,113.59014904321553,113.39341792569668,18.53,1.0,-1.61
PRO,2009-07-20,8.100000381469727,8.140000343322754,7.949999809265137,8.100000381469727,62.917700628390506,77.44165894966903,85.1148819907767,113.25289375907911,113.27553090053055,18.54,1.0,-1.58
PRO,2009-07-21,8.149999618530273,8.220000267028809,7.880000114440918,8.100000381469727,62.918290641261265,77.43787964849463,85.11964035013601,112.66420469871679,113.27562023091708,18.54,2.0,-1.56
PRO,2009-07-22,8.029999732971191,8.350000381469727,7.940000057220459,8.149999618530273,61.53374720160723,77.43561312362034,85.10600691077506,112.6648016069517,113.26222565298724,18.53,1.0,-1.54
PRO,2009-07-23,8.119999885559082,8.3100004196167,8.010000228881836,8.079999923706055,58.6910712294475,77.47627909198216,84.85505464848909,112.66998975694868,113.26238469442906,18.5,1.0,-1.52
PRO,2009-07-24,8.0,8.1899995803833,7.849999904632568,8.0,52.73233554943134,77.42064794547228,84.61842226404147,112.63867285077941,113.24677012994344,18.47,1.0,-1.49
PRO,2009-07-27,8.010000228881836,8.09000015258789,7.829999923706055,7.869999885559082,50.66931029639764,77.24054535553448,83.80897569248852,112.5898490616801,113.21097175788253,18.44,1.0,-1.46
PRO,2009-07-28,7.789999961853027,8.039999961853027,7.619999885559082,7.989999771118164,50.7870004400947,76.83374299432307,81.85495708389408,112.3495577227496,113.09318236485022,18.42,1.0,-1.43
PRO,2009-07-29,7.880000114440918,8.029999732971191,7.880000114440918,7.960000038146973,50.80838415677689,76.23362392121172,81.53856247167957,111.75959471598804,113.09033326264584,18.38,1.0,-1.4
PRO,2009-07-30,8.0600004196167,8.25,7.840000152587891,7.900000095367432,47.331437601799095,76.27447521957271,81.5483905603843,111.38510076426545,113.00891293348127,18.36,2.0,-1.36
PRO,2009-07-31,7.849999904632568,8.0,7.849999904632568,7.860000133514404,47.175333232341636,76.28956184504997,81.14610998535484,111.18569507095594,112.97916379537183,18.32,1.0,-1.33
PRO,2009-08-03,7.920000076293945,8.050000190734863,7.46999979019165,7.53000020980835,48.05290213077658,71.70143616017955,80.95470637841859,111.23470041744501,112.99295743861222,18.3,1.0,-1.28
PRO,2009-08-04,7.440000057220459,8.109999656677246,7.440000057220459,7.849999904632568,47.29488137765194,65.46905554322575,80.757853693179,111.24050005178789,113.07382543486459,18.3,1.0,-1.24
PRO,2009-08-05,7.800000190734863,7.820000171661377,7.329999923706055,7.489999771118164,49.13819378964563,65.09696864780506,80.6087310982668,110.80271812684546,113.1528871543315,18.29,1.0,-1.19
PRO,2009-08-06,7.510000228881836,7.710000038146973,7.110000133514404,7.21999979019165,50.15842809452733,65.55483791599535,80.15666202176389,110.64291451182342,113.19429023151442,18.27,1.0,-1.14
PRO,2009-08-07,7.5,8.220000267028809,7.5,8.050000190734863,59.18205043534513,68.30505484366061,80.88389917323087,110.14182448414331,113.72806403900073,18.22,4.0,-1.08
PRO,2009-08-10,7.960000038146973,7.960000038146973,7.21999979019165,7.599999904632568,55.16248123780733,69.29207936177781,79.47871722192832,107.12915632142264,107.51302641891121,18.15,1.0,-1.03
PRO,2009-08-11,7.53000020980835,7.610000133514404,6.75,6.929999828338623,57.003845924891664,71.9390655408043,80.77740425387749,107.45416335001605,107.86964623899702,18.06,5.0,-0.97
PRO,2009-08-12,6.889999866485596,7.610000133514404,6.699999809265137,7.389999866485596,60.459098691993255,71.39943959778628,80.82790648483731,102.59933002635296,108.06077713825005,17.96,6.0,-0.91
PRO,2009-08-13,7.480000019073486,7.480000019073486,7.170000076293945,7.440000057220459,60.02537906239387,67.65852461020769,80.36494868967986,102.43751765936221,108.06136007224218,17.86,3.0,-0.84
PRO,2009-08-14,7.449999809265137,7.570000171661377,6.880000114440918,7.159999847412109,59.205617942900425,68.15170216042543,78.83590087112434,102.52023343408779,107.69964323310879,17.74,1.0,-0.77
PRO,2009-08-17,6.989999771118164,7.599999904632568,6.96999979019165,7.340000152587891,59.59478317896336,68.00815912385258,78.86409766476596,101.63235726497915,107.36715671684118,17.62,2.0,-0.7
PRO,2009-08-18,7.400000095367432,7.989999771118164,7.300000190734863,7.619999885559082,60.71893530392358,67.07859747936529,78.35469730132483,101.57769400500823,107.18308121724816,17.49,1.0,-0.62
PRO,2009-08-19,7.46999979019165,7.980000019073486,7.460000038146973,7.980000019073486,62.265202819686,66.12693600306756,75.37237616646428,100.96644704219699,107.1408993178504,17.36,1.0,-0.55
PRO,2009-08-20,7.860000133514404,8.050000190734863,7.849999904632568,7.989999771118164,61.02132976810546,65.50991782234506,75.2487144518275,100.70514097232139,107.12728378306586,17.2,1.0,-0.47
PRO,2009-08-21,8.100000381469727,8.149999618530273,7.900000095367432,8.0600004196167,60.94106861600622,65.50522296334998,73.68084530924823,100.68410944289596,107.08554917263467,17.03,1.0,-0.4
PRO,2009-08-24,8.100000381469727,8.199999809265137,7.929999828338623,8.119999885559082,60.54198188211002,62.681544950644195,73.49742471094972,100.17584193459494,107.02598159773076,16.83,1.0,-0.34
PRO,2009-08-25,8.15999984741211,8.170000076293945,8.029999732971191,8.130000114440918,60.54163854330375,61.59434455233068,73.43183858060722,98.48832350955794,106.91665130940954,16.62,1.0,-0.29
PRO,2009-08-26,8.109999656677246,8.199999809265137,8.020000457763672,8.149999618530273,60.395103706718785,61.16165589076087,73.42831514602254,95.76551598046079,106.74342816418276,16.4,1.0,-0.23
PRO,2009-08-27,8.100000381469727,8.289999961853027,8.039999961853027,8.260000228881836,60.41410142947207,61.101771318141054,73.02849513746686,94.67225729914666,106.71899821361389,16.17,1.0,-0.18
PRO,2009-08-28,8.319999694824219,8.34000015258789,7.829999923706055,8.140000343322754,60.40975526715702,61.19635051259159,71.23926846265421,93.84986883549999,106.65020919673627,15.91,1.0,-0.15
PRO,2009-08-31,8.140000343322754,8.15999984741211,7.880000114440918,8.079999923706055,60.399229778024356,61.217587789571084,70.8623931055753,92.59266075209854,106.65232298386714,15.64,1.0,-0.16
PRO,2009-09-01,8.0,8.529999732971191,7.920000076293945,8.199999809265137,60.55191319105179,61.26694571202657,70.87777409902844,91.92568178299639,106.63738644824419,15.33,2.0,-0.2
PRO,2009-09-02,8.149999618530273,8.149999618530273,7.420000076293945,7.460000038146973,66.47039574653742,63.81671413412069,72.55952726553025,92.47226511952191,107.04377488175389,14.98,4.0,-0.28
PRO,2009-09-03,7.5,8.050000190734863,7.429999828338623,8.050000190734863,70.27041988286155,64.41392209859572,73.43536664328406,92.15616798395202,107.29673154651486,14.59,8.0,-0.4
PRO,2009-09-04,8.050000190734863,8.079999923706055,7.610000133514404,7.929999828338623,70.34732605478487,61.69915471705887,72.5349210259072,92.17503176791327,107.3053187333556,14.22,4.0,-0.57
PRO,2009-09-08,7.989999771118164,7.989999771118164,7.21999979019165,7.360000133514404,73.45846944295705,62.6103731145225,73.43455397923945,92.25371296667842,107.55794389771125,13.93,9.0,-0.65
PRO,2009-09-09,7.360000133514404,7.71999979019165,7.099999904632568,7.659999847412109,74.3155263315819,63.14888003529076,73.57849746367178,89.29311573487323,107.63010694049396,13.63,12.0,-0.77
PRO,2009-09-10,7.659999847412109,7.78000020980835,7.179999828338623,7.309999942779541,75.47033568568978,63.86987589761001,73.75267022605404,88.38272482891809,107.72584133910512,13.47,14.0,-0.77
PRO,2009-09-11,7.300000190734863,7.519999980926514,7.300000190734863,7.349999904632568,75.493842233606,62.47907274079092,72.73379641164644,88.10768911468169,107.52859001145976,13.3,6.0,-0.79
PRO,2009-09-14,7.309999942779541,7.539999961853027,7.300000190734863,7.460000038146973,75.65341020073767,62.50692817416177,72.76105173071329,87.78763625169236,107.5405489649289,13.11,7.0,-0.82
PRO,2009-09-15,7.429999828338623,7.5,7.059999942779541,7.289999961853027,74.93073484432753,62.44668195047692,72.82999374816701,87.65965707244881,107.4583812903509,12.93,8.0,-0.85
PRO,2009-09-16,7.300000190734863,8.149999618530273,7.25,8.0600004196167,79.63183429742492,64.94447499183096,74.51299297567505,87.31941918627813,107.93552369786035,12.72,18.0,-0.89
PRO,2009-09-17,8.029999732971191,8.220000267028809,7.869999885559082,8.180000305175781,78.41064506250022,64.99308555946331,74.53898281163292,87.20336160477787,107.80734138501498,12.51,19.0,-0.93
PRO,2009-09-18,8.199999809265137,8.550000190734863,7.949999809265137,8.4399995803833,77.89779705532477,65.28666543560743,74.680592605665,87.20091746590623,107.73122535847486,12.29,20.0,-0.98
PRO,2009-09-21,8.3100004196167,8.350000381469727,8.140000343322754,8.25,71.78453785039359,65.23189477680525,74.71726751229825,87.23181860533082,107.74965079234586,12.05,21.0,-1.06
PRO,2009-09-22,8.350000381469727,8.5,8.119999885559082,8.399999618530273,69.75974732449305,62.71985478212558,74.59104267314098,87.23450476549155,107.7599626793417,11.81,20.0,-1.16
PRO,2009-09-23,8.4399995803833,8.550000190734863,8.069999694824219,8.359999656677246,63.68175133850866,60.673469278105884,74.34035584683926,85.37831126037123,107.74032740652389,11.61,18.0,-1.23
PRO,2009-09-24,8.359999656677246,8.460000038146973,8.25,8.289999961853027,61.37001274552001,60.65499024644981,74.00411434073366,85.15408456813131,107.65800306008005,11.48,18.0,-1.25
PRO,2009-09-25,8.289999961853027,8.289999961853027,7.75,7.900000095367432,63.18173707544299,61.26857652943719,74.45121301150026,85.27072342406109,107.74263063536083,11.37,20.0,-1.25
PRO,2009-09-28,7.96999979019165,8.5,7.900000095367432,8.420000076293945,64.43208026737759,61.73598758122756,75.07434319402631,84.73626628531737,107.88682723886009,11.27,26.0,-1.24
PRO,2009-09-29,8.4399995803833,8.449999809265137,8.020000457763672,8.289999961853027,64.43729110926503,61.781386627852754,72.04801293976479,84.75542132223003,107.83081953406084,11.19,4.0,-1.24
PRO,2009-09-30,8.279999732971191,8.5,7.980000019073486,8.420000076293945,63.760888882209024,61.845157068059784,68.13236243887056,84.76595234766313,107.74825183169365,11.12,1.0,-1.24
PRO,2009-10-01,8.300000190734863,8.470000267028809,8.039999961853027,8.289999961853027,62.6576443710406,61.93642426547956,67.5140976833343,84.6361773973941,107.73123454532727,11.05,1.0,-1.26
PRO,2009-10-02,8.15999984741211,8.5,8.15999984741211,8.3100004196167,62.658513258914574,61.31937147590458,67.46716431040798,83.92596835688934,107.71584911219914,10.99,1.0,-1.27
PRO,2009-10-05,8.359999656677246,8.5,8.270000457763672,8.489999771118164,62.89692725705067,61.40027415542216,67.1398701845,83.93966785900591,107.60977234930837,10.91,1.0,-1.3
PRO,2009-10-06,8.5,8.949999809265137,8.399999618530273,8.739999771118164,63.376442184541496,61.462381687059164,67.08829426071729,83.60456264630164,107.59648305762232,10.82,1.0,-1.33
PRO,2009-10-07,8.670000076293945,8.829999923706055,8.609999656677246,8.8100004196167,63.395300250873255,61.47513760431927,66.9812696495367,82.74194180028097,107.36587489773181,10.82,1.0,-1.31
PRO,2009-10-08,8.859999656677246,9.279999732971191,8.739999771118164,9.119999885559082,64.06577604019994,61.78539488266992,66.12772773169068,81.64643603561494,106.73372699929966,10.83,1.0,-1.29
PRO,2009-10-09,9.100000381469727,9.430000305175781,8.720000267028809,8.979999542236328,64.23392519854784,61.85093548510886,63.851848290166515,81.1732683365174,106.36384026396708,10.85,1.0,-1.25
PRO,2009-10-12,9.0,9.09000015258789,8.699999809265137,9.0,64.02211487689863,61.75588476208203,63.848124671276665,80.6280411681729,106.29601998239046,10.87,1.0,-1.22
PRO,2009-10-13,8.960000038146973,9.390000343322754,8.899999618530273,9.350000381469727,64.71511345263775,62.18792302344646,63.86837852317932,80.73028170612247,105.49063644138576,10.87,3.0,-1.2
PRO,2009-10-14,9.399999618530273,9.520000457763672,9.109999656677246,9.520000457763672,64.76550699960411,62.267906557176524,63.10840380751267,78.52862524161695,105.3376358130913,10.9,1.0,-1.17
PRO,2009-10-15,9.420000076293945,9.420000076293945,9.0,9.050000190734863,59.97019983328524,63.21333955886645,62.705916313782254,78.77705412544921,104.13393006190947,10.91,1.0,-1.14
PRO,2009-10-16,8.989999771118164,9.380000114440918,8.859999656677246,9.020000457763672,56.2544256731309,63.18550318456856,62.31253584530576,78.70070144525052,103.11205102746132,10.92,1.0,-1.12
PRO,2009-10-19,9.079999923706055,9.359999656677246,8.989999771118164,9.020000457763672,55.98577020041412,63.13912742233936,62.30214474057897,78.59889545917422,102.46723877298545,10.91,1.0,-1.11
PRO,2009-10-20,8.9399995803833,9.149999618530273,8.579999923706055,9.0,50.814975594175436,63.02961614762419,60.56661659570979,78.47049003841605,102.37016391000446,10.9,1.0,-1.1
PRO,2009-10-21,8.949999809265137,9.510000228881836,8.949999809265137,9.029999732971191,49.83190153416089,62.97285369021215,59.88137998179172,78.47013857102431,102.34711208599985,10.93,1.0,-1.07
PRO,2009-10-22,8.989999771118164,9.5,8.770000457763672,9.489999771118164,48.875179216809315,63.71086999685988,60.08537089529291,78.632686818325,102.00377572546194,10.94,2.0,-1.05
PRO,2009-10-23,9.569999694824219,9.640000343322754,9.199999809265137,9.520000457763672,48.8929895023639,63.67330325107705,60.017248720966755,78.60623656090657,101.80717715973645,10.95,2.0,-1.04
PRO,2009-10-26,9.579999923706055,9.729999542236328,9.100000381469727,9.279999732971191,49.83777811900886,63.92315747526921,60.18387172402594,78.67142016334567,101.41432696992196,10.96,4.0,-1.02
PRO,2009-10-27,9.270000457763672,9.369999885559082,9.1899995803833,9.199999809265137,49.24772715855217,63.2603099446297,60.20565426487396,78.64356780201518,100.87216887941528,10.96,5.0,-1.02
PRO,2009-10-28,9.149999618530273,9.329999923706055,8.6899995803833,8.699999809265137,44.27767063086349,63.892856877975014,60.90589326474966,78.08399527827181,101.03956228301965,10.93,7.0,-1.02
PRO,2009-10-29,8.789999961853027,8.970000267028809,8.529999732971191,8.869999885559082,44.40709928979851,63.17697951603384,60.59125772135444,77.84176913954258,100.77787905846924,10.9,7.0,-1.02
PRO,2009-10-30,8.739999771118164,9.119999885559082,8.569999694824219,8.989999771118164,43.70419477236743,62.670622987282,59.82220969068622,77.75003786657953,100.30882529154826,10.87,1.0,-1.02
PRO,2009-11-02,9.029999732971191,9.029999732971191,8.600000381469727,8.90999984741211,43.20112970950271,58.75498921387772,58.06279595523104,76.77102147922157,100.3146371315115,10.85,1.0,-1.03
PRO,2009-11-03,8.819999694824219,9.050000190734863,8.720000267028809,8.880000114440918,42.980524161328816,57.457708448083864,57.44811904934195,76.77077919444586,100.31443746074062,10.82,1.0,-1.04
PRO,2009-11-04,8.930000305175781,9.069999694824219,8.760000228881836,8.760000228881836,43.17463008066178,54.070946342712055,57.48409537910359,76.51862395316627,100.29340091936794,10.81,2.0,-1.04
PRO,2009-11-05,8.890000343322754,9.3100004196167,8.6899995803833,9.180000305175781,44.996543313513776,53.35285354481317,57.93527731223001,76.52370655216745,100.33814506501339,10.81,3.0,-1.05
PRO,2009-11-06,9.069999694824219,9.069999694824219,8.739999771118164,9.020000457763672,42.76664976285712,53.52457661749749,57.169708458723235,76.25772305662764,100.15626812653633,10.81,1.0,-1.04
PRO,2009-11-09,9.140000343322754,9.479999542236328,8.609999656677246,8.859999656677246,39.33320504847753,53.00755118068234,57.21937453482593,75.57099595752842,99.70208913701458,10.81,2.0,-1.04
PRO,2009-11-10,8.819999694824219,9.09000015258789,8.8100004196167,8.949999809265137,39.057096529161136,52.840738330509055,57.13057428705932,74.03187771896629,99.40209422055798,10.8,1.0,-1.04
PRO,2009-11-11,9.0,9.050000190734863,8.640000343322754,8.920000076293945,38.89416846765118,52.37456690949352,56.442740200274365,74.03667375144342,99.24184242728974,10.84,1.0,-1.03
PRO,2009-11-12,8.869999885559082,8.869999885559082,7.789999961853027,7.900000095367432,52.68784473067806,57.441272279934786,59.68838386779972,75.4898243918611,99.94494447861183,10.82,9.0,-1.03
PRO,2009-11-13,7.960000038146973,8.34000015258789,7.849999904632568,8.34000015258789,55.11322663646422,58.51214254970576,60.30000139974727,75.57648196322218,100.0081122395307,10.78,16.0,-1.02
PRO,2009-11-16,8.4399995803833,8.699999809265137,8.319999694824219,8.609999656677246,55.54495016642554,58.83863890952492,60.35394975733649,75.4983702720871,99.58711933543438,10.73,17.0,-1.02
PRO,2009-11-17,8.59000015258789,8.779999732971191,8.4399995803833,8.65999984741211,54.911691637805994,58.83212637717219,58.69849644866125,74.98278376256175,99.38432890560402,10.69,9.0,-1.01
PRO,2009-11-18,8.6899995803833,8.6899995803833,8.020000457763672,8.289999961853027,56.25803027469328,59.54216826145489,57.809888864416294,74.05632595228168,98.53226555388183,10.62,7.0,-1.01
PRO,2009-11-19,8.1899995803833,8.270000457763672,7.880000114440918,7.909999847412109,56.607382671841535,60.32151168224441,58.26476418356267,74.07021905616556,96.09077457465077,10.55,10.0,-1.01
PRO,2009-11-20,7.860000133514404,8.0600004196167,7.690000057220459,7.989999771118164,56.67067416502757,60.29247556314799,58.16807596224065,74.06512873288746,95.8684825355605,10.46,10.0,-1.02
PRO,2009-11-23,8.149999618530273,8.25,7.960000038146973,7.989999771118164,56.65346787868628,60.22105269904727,57.57958738750021,73.77638862233205,91.77856582675949,10.35,7.0,-1.04
PRO,2009-11-24,7.980000019073486,8.069999694824219,7.849999904632568,8.0,55.26190363364224,60.20365379054786,57.54520812283492,73.45627397748228,91.64579363082301,10.24,7.0,-1.08
PRO,2009-11-25,8.050000190734863,8.140000343322754,7.860000133514404,7.880000114440918,54.8853819940925,60.19880388793724,57.58997022026171,73.22688977711711,91.63451334252336,10.14,9.0,-1.1
PRO,2009-11-27,7.550000190734863,7.730000019073486,7.489999771118164,7.489999771118164,54.89444974250264,57.90505984622081,58.14895683756747,73.11440973564802,91.04598719725988,10.03,13.0,-1.12
PRO,2009-11-30,7.449999809265137,7.840000152587891,7.21999979019165,7.800000190734863,56.54975503350204,56.34789699935164,58.14480909891848,72.8287470794226,91.02038075843541,9.9,13.0,-1.15
PRO,2009-12-01,7.900000095367432,8.039999961853027,7.820000171661377,8.010000228881836,57.26716553784071,56.535245362611505,58.252660119734415,72.2628817899414,90.47255474047414,9.79,16.0,-1.17
PRO,2009-12-02,8.0,8.399999618530273,7.900000095367432,8.109999656677246,57.46232945241889,54.392308332954556,58.145297357068074,70.96634350736491,90.26410099471485,9.67,14.0,-1.21
PRO,2009-12-03,8.119999885559082,8.170000076293945,7.849999904632568,7.960000038146973,57.58969019450617,53.95263465686382,58.22260514728911,70.90160429006859,90.27154477675667,9.54,17.0,-1.24
PRO,2009-12-04,8.149999618530273,8.920000076293945,8.039999961853027,8.699999809265137,61.74878209378798,55.98621588063121,59.86438130086583,71.31107393841337,90.29020890555117,9.39,23.0,-1.28
PRO,2009-12-07,8.75,9.0,8.75,8.960000038146973,62.43903781151171,56.24825410879245,60.009887231688694,71.08007890967743,88.98658008898924,9.24,25.0,-1.33
PRO,2009-12-08,8.869999885559082,9.0,8.680000305175781,9.0,62.06151902089066,56.19736748275983,59.958867395519945,69.95982589589455,86.83613150512,9.1,25.0,-1.36
PRO,2009-12-09,8.899999618530273,9.100000381469727,8.75,8.819999694824219,62.27479481988632,56.14368472093071,60.041668138334835,69.99591622433714,86.00145196723108,8.99,28.0,-1.37
PRO,2009-12-10,8.829999923706055,9.039999961853027,8.739999771118164,8.779999732971191,60.11248758949442,52.37360196474926,60.047644701391576,69.56104845385642,85.33814101340772,8.88,29.0,-1.37
PRO,2009-12-11,8.8100004196167,9.079999923706055,8.649999618530273,8.899999618530273,59.97659402674369,52.3610737531714,60.076016901192375,67.59862729485401,84.35981499496947,8.76,30.0,-1.39
PRO,2009-12-14,8.949999809265137,9.180000305175781,8.729999542236328,9.020000457763672,59.97572878785837,52.05235052480903,60.089012973284206,67.54056767257288,83.83365239207914,8.63,32.0,-1.4
PRO,2009-12-15,9.020000457763672,9.539999961853027,9.020000457763672,9.369999885559082,60.89967282923757,52.35276239167162,60.34717352501011,66.66021871035402,83.78332938985159,8.5,36.0,-1.42
PRO,2009-12-16,9.479999542236328,9.65999984741211,9.390000343322754,9.479999542236328,60.947320454685205,52.28656092044239,60.298907289217865,66.54340630812895,83.20983627815203,8.38,35.0,-1.43
PRO,2009-12-17,9.390000343322754,9.510000228881836,9.260000228881836,9.420000076293945,60.82016179486969,52.2962972541442,60.27498114720906,66.51854282873114,83.21237521665054,8.28,35.0,-1.42
PRO,2009-12-18,9.529999732971191,10.0,9.369999885559082,9.90999984741211,61.076065278001515,53.190016013689835,60.76879704920505,66.74804950854791,83.06502035683462,8.18,42.0,-1.4
PRO,2009-12-21,9.8100004196167,9.850000381469727,9.5,9.789999961853027,60.94128641743174,52.21367191911632,60.79208061156977,66.54210244670054,80.66217103862485,8.07,43.0,-1.38
PRO,2009-12-22,9.779999732971191,9.979999542236328,9.5,9.529999732971191,61.26179224192455,51.043914985359606,60.95676219069999,65.48722963218417,79.84110549148707,7.96,45.0,-1.36
PRO,2009-12-23,9.619999885559082,9.90999984741211,9.529999732971191,9.75,61.51060505610808,51.08396844984573,60.6185824782761,65.2758842386939,79.64469190014957,7.85,42.0,-1.34
PRO,2009-12-24,9.770000457763672,9.9399995803833,9.680000305175781,9.8100004196167,61.48883280690901,51.01913327626853,60.297825276603255,65.27288305385565,79.38785381398777,7.74,36.0,-1.32
PRO,2009-12-28,9.819999694824219,10.0,9.699999809265137,9.979999542236328,48.919563221045635,50.964039034366294,59.824086219990846,65.27478509200547,79.25982625797928,7.63,23.0,-1.3
PRO,2009-12-29,9.970000267028809,10.3100004196167,9.930000305175781,10.25,47.27390294668138,51.19264863862799,59.6025295610931,65.30424551721907,78.39839221395552,7.52,21.0,-1.27
PRO,2009-12-30,10.229999542236328,10.260000228881836,9.920000076293945,10.260000228881836,46.69932971166044,51.05806756731561,57.160757643724224,64.7094698059283,78.29774396645371,7.42,3.0,-1.27
PRO,2009-12-31,10.289999961853027,10.640000343322754,10.039999961853027,10.350000381469727,46.706825226063046,50.78767171824454,56.353924599488735,64.63711038509835,78.24479882101195,7.34,1.0,-1.24
PRO,2010-01-04,10.5,10.670000076293945,10.210000038146973,10.350000381469727,44.330942826397106,50.77937086341839,54.242844969944045,64.56654348524147,78.23080973090846,7.26,1.0,-1.24
PRO,2010-01-05,10.350000381469727,10.350000381469727,9.5,9.640000343322754,47.35101446586117,52.530537377930955,54.66879297412728,65.00372932237505,78.55935395267343,7.15,2.0,-1.26
PRO,2010-01-06,9.600000381469727,9.819999694824219,9.5,9.600000381469727,47.43975791216951,52.43081032163316,54.675446141744374,64.38084565202094,77.09343341161019,7.05,3.0,-1.29
PRO,2010-01-07,9.59000015258789,9.9399995803833,9.350000381469727,9.760000228881836,47.49634458180096,52.525638879348826,54.32321345788298,64.40122126229745,76.92342922875508,6.98,2.0,-1.28
PRO,2010-01-08,9.699999809265137,10.0,9.6899995803833,9.770000457763672,47.49863786495885,51.962696098143454,54.212139711369645,64.3823530866591,76.859129630965,6.89,1.0,-1.29
PRO,2010-01-11,9.800000190734863,9.899999618530273,9.5,9.5600004196167,47.79991215688395,52.03635721298351,54.06496827362231,64.44343220837763,76.21154613487403,6.81,1.0,-1.29
PRO,2010-01-12,9.489999771118164,9.619999885559082,9.430000305175781,9.529999732971191,44.74287400890443,50.95907875024472,53.61067624616608,64.44598273526702,76.20860918347653,6.79,1.0,-1.23
PRO,2010-01-13,9.539999961853027,9.649999618530273,9.470000267028809,9.59000015258789,43.66758550773698,50.963394762968825,53.615361098862614,64.44780423368856,76.205722826867,6.76,2.0,-1.18
PRO,2010-01-14,9.579999923706055,9.869999885559082,9.350000381469727,9.670000076293945,43.271363321578264,50.98471739553542,53.614041121224496,64.40519629370263,76.08537765078889,6.75,2.0,-1.12
PRO,2010-01-15,9.720000267028809,9.720000267028809,8.920000076293945,8.949999809265137,49.536661709662425,53.46368508832654,55.058961834619154,64.98565056681059,75.94147486167819,6.72,10.0,-1.05
PRO,2010-01-19,9.0,9.59000015258789,8.9399995803833,9.539999961853027,52.06648708248209,55.0439818054259,55.956160753143095,65.23894760080402,76.17942074624449,6.67,11.0,-0.98
PRO,2010-01-20,9.449999809265137,9.510000228881836,9.289999961853027,9.4399995803833,45.92992696336082,54.14118383739971,55.98910402718842,65.03752747354491,75.8845824261769,6.62,12.0,-0.91
PRO,2010-01-21,9.430000305175781,9.520000457763672,8.84000015258789,8.890000343322754,48.646269187022,55.51068042809093,56.798324661501134,65.45544798456781,75.47623554094994,6.56,15.0,-0.82
PRO,2010-01-22,8.90999984741211,9.119999885559082,8.569999694824219,8.760000228881836,48.80219918053208,55.3518581263273,56.79899323618718,65.48449057603683,74.59658274072576,6.53,16.0,-0.74
PRO,2010-01-25,8.829999923706055,8.880000114440918,8.649999618530273,8.739999771118164,48.461503802788855,55.329412186818125,56.7861571259666,63.58102110555804,74.18972432694794,6.5,15.0,-0.64
PRO,2010-01-26,8.739999771118164,8.880000114440918,8.069999694824219,8.140000343322754,52.62980727880955,56.060066286228206,57.87435813882652,61.69102935156403,74.11660223915804,6.45,28.0,-0.54
PRO,2010-01-27,8.069999694824219,8.819999694824219,8.010000228881836,8.550000190734863,54.549570765726294,56.85128366708615,56.37814688456114,61.549539964908384,74.26511819878779,6.39,14.0,-0.42
PRO,2010-01-28,8.579999923706055,8.579999923706055,8.119999885559082,8.289999961853027,55.01790487450515,57.10841677483434,55.31552670933604,61.650650217614,72.59083516189453,6.32,11.0,-0.29
PRO,2010-01-29,8.319999694824219,8.350000381469727,7.829999923706055,7.949999809265137,54.73421392306131,57.69134723695356,55.667990495170216,61.65897249694231,72.71427453584114,6.25,12.0,-0.15
PRO,2010-02-01,7.960000038146973,8.25,7.889999866485596,8.1899995803833,55.47182127975764,58.05326919347158,54.5610193250645,61.62980053663761,72.70450349811024,6.17,8.0,-0.0
PRO,2010-02-02,8.170000076293945,8.329999923706055,8.0600004196167,8.210000038146973,55.50999948510555,58.00167334487348,54.20432722240842,61.576253584748564,72.6209998058753,6.09,5.0,0.15
PRO,2010-02-03,8.180000305175781,8.180000305175781,7.78000020980835,8.029999732971191,53.17131734052052,57.28656764701792,53.7951577086044,60.982429282761196,72.56346388681416,6.0,4.0,0.32
PRO,2010-02-04,7.929999828338623,7.929999828338623,7.5,7.550000190734863,55.471347655004955,58.489630325168264,54.6985231090723,59.984564569768395,72.83454175216629,5.92,13.0,0.51
PRO,2010-02-05,7.559999942779541,7.75,7.099999904632568,7.670000076293945,55.62994334484045,58.52944642714153,54.70491885847727,60.01073319411544,72.81602257580224,5.82,14.0,0.72
PRO,2010-02-08,7.639999866485596,7.670000076293945,7.510000228881836,7.53000020980835,54.97373330213602,58.5609949866552,54.65957442232976,59.941652678933586,72.82487485076062,5.72,11.0,0.96
PRO,2010-02-09,7.630000114440918,7.800000190734863,7.489999771118164,7.730000019073486,55.74440291338863,58.863482354119576,52.42466371717642,59.505676826772415,72.86656216816073,5.6,1.0,1.15
PRO,2010-02-10,7.730000019073486,7.920000076293945,7.659999847412109,7.869999885559082,55.77493525629929,53.510979921454435,52.4504682601006,58.93563039900928,72.8601072390442,5.47,2.0,1.35
PRO,2010-02-11,7.820000171661377,8.319999694824219,7.75,8.319999694824219,57.92191447158908,53.57251631620621,52.96374778988064,59.07931636344195,72.41162706647665,5.31,3.0,1.55
PRO,2010-02-12,8.1899995803833,8.3100004196167,8.109999656677246,8.199999809265137,57.91177817831621,53.23514905012776,52.8902405193538,59.097568476428876,72.2330092864808,5.13,3.0,1.72
PRO,2010-02-16,8.229999542236328,8.4399995803833,8.050000190734863,8.3100004196167,58.038579443461416,53.29743276809279,52.85464190682732,58.08170114105087,72.15858617206057,4.95,3.0,1.85
PRO,2010-02-17,8.3100004196167,9.029999732971191,8.25,8.829999923706055,61.278995057635974,53.9898653360801,53.72219148104138,58.139721746540374,71.65352813243582,4.74,9.0,1.97
PRO,2010-02-18,8.829999923706055,8.979999542236328,8.640000343322754,8.739999771118164,58.05713148975231,53.11400160479981,53.730774114625746,58.00927226844843,71.66022334350791,4.53,10.0,2.02
PRO,2010-02-19,8.729999542236328,8.850000381469727,8.630000114440918,8.710000038146973,58.05654645505359,53.094870324263375,53.16462628134292,57.979677367442164,71.44270735665381,4.29,6.0,1.76
PRO,2010-02-22,8.720000267028809,8.739999771118164,8.529999732971191,8.550000190734863,57.90823078809082,53.25204479037537,52.28913438011165,58.023534471673955,71.3492915998868,4.01,1.0,0.67
PRO,2010-02-23,8.510000228881836,8.609999656677246,8.329999923706055,8.59000015258789,57.94756526063621,53.25698176628437,52.232972279721054,58.02090494153664,71.1248823560199,3.82,1.0,0.03
PRO,2010-02-24,8.600000381469727,8.649999618530273,8.510000228881836,8.579999923706055,57.715857047514184,53.15125691849594,52.176494872232006,58.01713017963902,70.5547454549152,3.74,1.0,-0.03
PRO,2010-02-25,8.449999809265137,8.729999542236328,8.369999885559082,8.710000038146973,57.96849238501161,52.09235851197338,52.16750459424038,57.83206540609087,69.40996139567109,3.67,1.0,-0.08
PRO,2010-02-26,8.729999542236328,8.869999885559082,8.640000343322754,8.710000038146973,57.9097381889748,51.48696463967426,52.16665487501852,57.39339301609279,69.41020837725138,3.59,1.0,-0.17
PRO,2010-03-01,8.779999732971191,8.890000343322754,8.479999542236328,8.5600004196167,57.94424486101101,51.37294097989324,52.133459700269725,56.3815363653584,69.42701169019327,3.51,1.0,-0.29
PRO,2010-03-02,8.59000015258789,8.850000381469727,8.539999961853027,8.670000076293945,53.77360327872752,51.37639084208631,51.9673913666032,56.03425375347503,69.31803101059926,3.43,1.0,-0.49
PRO,2010-03-03,8.710000038146973,8.8100004196167,8.449999809265137,8.579999923706055,50.17226155095399,51.26857854464652,51.97691696888474,56.04323034092909,69.21799603633428,3.34,2.0,-0.77
PRO,2010-03-04,8.630000114440918,8.779999732971191,8.5600004196167,8.6899995803833,50.343228546889065,47.97798514440655,51.71917520704724,56.061040765118776,68.83654127012167,3.27,1.0,-1.02
PRO,2010-03-05,8.710000038146973,8.890000343322754,8.710000038146973,8.760000228881836,47.3933248652814,47.61551669172837,51.68033421126379,55.57255244545102,67.96698213604186,3.25,1.0,-1.06
PRO,2010-03-08,8.739999771118164,8.869999885559082,8.649999618530273,8.8100004196167,47.22943716835995,47.62155236204351,51.687486343533365,55.55847964879392,67.77671075306296,3.22,2.0,-1.13
PRO,2010-03-09,8.800000190734863,8.90999984741211,8.640000343322754,8.680000305175781,47.42705839580344,47.53904031931549,51.37002588333679,55.52335887985368,67.79572348757263,3.19,1.0,-1.21
PRO,2010-03-10,8.649999618530273,8.84000015258789,8.640000343322754,8.6899995803833,42.398930337743394,47.531475509089546,51.28292265811649,55.13820386639217,67.5632197262843,3.18,1.0,-1.26
PRO,2010-03-11,8.619999885559082,8.890000343322754,8.609999656677246,8.880000114440918,40.45622356112773,47.659447446115564,50.78013422656392,55.18664344665222,67.34529047751744,3.18,1.0,-1.28
PRO,2010-03-12,8.899999618530273,9.100000381469727,8.899999618530273,9.050000190734863,39.584759083054585,47.7400932959345,50.86829722570998,55.22502777109095,67.15295359260712,3.18,2.0,-1.3
PRO,2010-03-15,9.050000190734863,9.25,8.9399995803833,9.15999984741211,37.30130237708908,47.149694437355485,50.90423781941025,55.15021047827703,66.84847413911638,3.18,3.0,-1.34
PRO,2010-03-16,9.170000076293945,9.449999809265137,9.130000114440918,9.430000305175781,37.261488532460696,47.47279254554102,51.108737293135945,54.26225072776383,66.57385876779726,3.19,4.0,-1.35
PRO,2010-03-17,9.430000305175781,9.609999656677246,9.40999984741211,9.5,37.26305310106885,47.47893632784095,51.11861244554306,53.47541739549495,66.09011354857192,3.21,5.0,-1.35
PRO,2010-03-18,9.470000267028809,9.84000015258789,9.470000267028809,9.770000457763672,36.937044702605995,46.6676656373773,50.702110535624115,53.55329965640827,65.11949903848587,3.24,1.0,-1.35
PRO,2010-03-19,9.850000381469727,9.899999618530273,9.699999809265137,9.850000381469727,30.76666251543068,46.63142327330988,50.71550938409505,53.49557404157322,65.03679914677342,3.26,2.0,-1.35
PRO,2010-03-22,9.770000457763672,9.899999618530273,9.65999984741211,9.850000381469727,30.798570314046707,46.29032801975447,50.54561115152939,53.125500933171175,64.78613653368446,3.28,1.0,-1.34
PRO,2010-03-23,9.850000381469727,9.949999809265137,9.699999809265137,9.84000015258789,29.883965295492633,46.057654644480046,50.52455009755299,53.10892686512474,64.54819599139996,3.3,1.0,-1.34
PRO,2010-03-24,9.800000190734863,9.899999618530273,9.649999618530273,9.760000228881836,29.815963023350584,46.0715503030393,49.72653339249696,53.11537756512135,63.68911658358143,3.31,1.0,-1.32
PRO,2010-03-25,9.789999961853027,9.979999542236328,9.670000076293945,9.680000305175781,30.004368495955667,45.958992283495235,49.662266008103,53.12621387859727,63.68393550270902,3.33,1.0,-1.3
PRO,2010-03-26,9.75,9.850000381469727,9.649999618530273,9.710000038146973,26.21847138533549,45.615559192828655,49.62278431966653,52.88838825757547,63.331890846198526,3.36,1.0,-1.28
PRO,2010-03-29,9.729999542236328,9.989999771118164,9.729999542236328,9.960000038146973,26.169533590999254,45.932537203480905,49.75126062687159,52.942961839205225,61.844436528890576,3.4,4.0,-1.28
PRO,2010-03-30,9.960000038146973,9.960000038146973,9.75,9.890000343322754,26.372120984228577,45.9110036641528,49.76313757885144,52.87419734879285,61.80423024980368,3.44,5.0,-1.28
PRO,2010-03-31,9.819999694824219,9.979999542236328,9.819999694824219,9.880000114440918,20.655548369757614,45.91075867090548,49.708680337690666,52.874663365388244,61.011122306913876,3.48,3.0,-1.29
PRO,2010-04-01,9.960000038146973,9.979999542236328,9.75,9.930000305175781,20.22656930440464,43.521154312362604,49.17204772545805,52.851189616304225,60.91030759019941,3.52,1.0,-1.28
PRO,2010-04-05,9.9399995803833,10.069999694824219,9.819999694824219,10.0,20.10771772990263,43.53043909565484,49.09316581122528,52.839092036135746,60.886458783375154,3.57,1.0,-1.27
PRO,2010-04-06,9.760000228881836,10.050000190734863,9.760000228881836,9.949999809265137,19.112277303903404,43.41917012317266,49.00924305537566,52.81007432355954,60.89095676524733,3.62,1.0,-1.27
PRO,2010-04-07,9.90999984741211,10.039999961853027,9.90999984741211,9.989999771118164,19.114375169860082,43.425553254681155,48.99046919290701,52.80364374832498,60.716766959070036,3.66,1.0,-1.27
PRO,2010-04-08,9.930000305175781,10.010000228881836,9.899999618530273,9.920000076293945,19.353805530192496,43.210009228702496,49.002447648954586,52.81238192640859,59.804705458597255,3.71,2.0,-1.28
PRO,2010-04-09,9.920000076293945,9.920000076293945,9.460000038146973,9.630000114440918,21.522291693594447,43.64833263072489,45.17949511028068,52.9343263468231,59.68748690806639,3.8,1.0,-1.03
PRO,2010-04-12,9.630000114440918,9.630000114440918,9.300000190734863,9.399999618530273,22.942473938019777,43.91180014742257,44.58274628870235,53.005745574969076,59.74209086960681,3.89,1.0,-0.8
PRO,2010-04-13,9.359999656677246,9.359999656677246,8.970000267028809,9.220000267028809,23.097061865998462,44.044680312734094,44.42688910403266,53.04425731873521,59.76336945194741,3.98,1.0,-0.62
PRO,2010-04-14,9.239999771118164,9.5,9.239999771118164,9.369999885559082,23.247693306894114,41.176048569440596,44.487486271525846,53.03561147244663,59.75346090669055,4.08,2.0,-0.53
PRO,2010-04-15,9.380000114440918,9.5,9.239999771118164,9.449999809265137,22.97210638839911,39.06293985853198,43.92788374025104,53.01648101313216,59.2777916032658,4.19,1.0,-0.45
PRO,2010-04-16,9.449999809265137,9.539999961853027,9.329999923706055,9.399999618530273,22.91755136396076,39.01824890599125,43.25640594387784,53.01871921976332,59.21732831354652,4.31,1.0,-0.35
PRO,2010-04-19,9.369999885559082,9.390000343322754,9.039999961853027,9.180000305175781,24.080501779974192,37.30613476548589,43.42223385709386,53.08929620567307,59.221345951635016,4.42,2.0,-0.32
PRO,2010-04-20,9.229999542236328,9.380000114440918,9.109999656677246,9.270000457763672,24.169736618808425,37.215566619481386,43.44190879648963,53.09505640887243,59.11187482949525,4.52,3.0,-0.32
PRO,2010-04-21,9.260000228881836,9.390000343322754,9.239999771118164,9.369999885559082,23.780917668363028,37.26289419600036,43.46665577529677,52.8507093296587,58.61587404099521,4.62,4.0,-0.34
PRO,2010-04-22,9.260000228881836,9.539999961853027,9.260000228881836,9.539999961853027,24.19157592065616,34.23174502838443,43.460593250272076,52.669998440799894,58.63706023749715,4.71,4.0,-0.38
PRO,2010-04-23,9.529999732971191,10.119999885559082,9.489999771118164,9.920000076293945,25.82347071979993,33.705167773950485,43.026497780607755,52.54883167234217,58.74042295204902,4.8,1.0,-0.4
PRO,2010-04-26,9.890000343322754,10.149999618530273,9.84000015258789,9.979999542236328,25.42786692888585,32.98603834777441,42.60252424635645,52.3535471586833,58.74113793251606,4.89,1.0,-0.41
PRO,2010-04-27,9.949999809265137,9.979999542236328,9.569999694824219,9.600000381469727,28.03897872668318,32.813465792825184,42.92417159498721,51.001748248721526,58.88057585300248,4.97,2.0,-0.44
PRO,2010-04-28,9.640000343322754,9.640000343322754,9.3100004196167,9.3100004196167,28.29334839030448,33.056802310218764,43.197396803562135,50.666001542718675,58.96870706526397,5.04,4.0,-0.49
PRO,2010-04-29,9.369999885559082,9.59000015258789,9.15999984741211,9.5600004196167,29.27691519351387,33.431822767092065,43.25881232143004,49.519170786955044,58.98327151878927,5.1,6.0,-0.53
PRO,2010-04-30,9.579999923706055,9.579999923706055,9.100000381469727,9.100000381469727,31.395889023800972,34.726390563262385,41.714562841441975,49.324868499466334,59.123399610029104,5.16,1.0,-0.53
PRO,2010-05-03,9.130000114440918,9.3100004196167,9.0,9.300000190734863,32.03199762713815,32.311675027973266,41.59595961524235,49.38066799442145,59.037352420874946,5.22,1.0,-0.53
PRO,2010-05-04,9.239999771118164,9.25,8.8100004196167,8.899999618530273,34.260290515394786,33.632781812099466,42.18101100842686,49.44832034240048,59.04753180405624,5.26,3.0,-0.56
PRO,2010-05-05,8.890000343322754,8.979999542236328,8.75,8.890000343322754,34.25965482641184,33.359372103263254,42.0582505002841,49.369077239693844,59.0459295217841,5.29,3.0,-0.58
PRO,2010-05-06,8.0,8.229999542236328,7.320000171661377,8.029999732971191,44.57625122611056,39.29661046570816,45.05386837451757,50.65532238376926,59.94201234604735,5.27,19.0,-0.61
PRO,2010-05-07,7.940000057220459,7.980000019073486,7.079999923706055,7.099999904632568,55.943686166575034,46.594839868780035,48.98834126826937,52.42527133202564,59.799970067761876,5.21,21.0,-0.58
PRO,2010-05-10,7.53000020980835,7.650000095367432,7.179999828338623,7.349999904632568,57.32917148663324,45.681273038705186,49.27575582006693,52.59057760847588,57.97300580421976,5.15,27.0,-0.56
PRO,2010-05-11,7.25,7.539999961853027,7.010000228881836,7.489999771118164,57.015109174210366,45.804694984730126,48.971194455109504,52.62921454622358,57.70983382309661,5.08,21.0,-0.53
PRO,2010-05-12,7.5,7.590000152587891,7.309999942779541,7.349999904632568,57.07384787324605,45.834518232608666,48.99034279504978,52.66608359319982,57.72910561575208,5.01,23.0,-0.51
PRO,2010-05-13,7.309999942779541,7.78000020980835,7.300000190734863,7.71999979019165,59.54713192897749,45.21465701290706,49.667205136694484,52.992652802939574,57.77397568230527,4.93,32.0,-0.48
PRO,2010-05-14,7.639999866485596,7.860000133514404,7.46999979019165,7.710000038146973,59.4525803750641,45.18416346644823,48.94345648120684,52.99177707393197,57.68134035591799,4.84,21.0,-0.46
PRO,2010-05-17,7.78000020980835,7.800000190734863,7.110000133514404,7.5,59.51751419158683,45.48563951321871,49.08220337899631,53.06454821192913,57.716092770878845,4.74,28.0,-0.46
PRO,2010-05-18,7.630000114440918,7.650000095367432,7.320000171661377,7.369999885559082,59.54394376689531,45.470250652171586,48.98632154195075,53.07628243394195,57.23208060508386,4.64,23.0,-0.48
PRO,2010-05-19,7.309999942779541,7.480000019073486,7.099999904632568,7.329999923706055,59.41344959860441,45.449618902533864,48.81857493592561,53.073234721411986,56.11614912407793,4.54,21.0,-0.51
PRO,2010-05-20,7.130000114440918,7.210000038146973,6.78000020980835,6.849999904632568,61.682382584094064,47.363911620660495,49.869199022877034,53.63297206075852,56.527163365962394,4.44,41.0,-0.53
PRO,2010-05-21,6.730000019073486,6.829999923706055,6.420000076293945,6.559999942779541,62.138098555758425,47.88002952731193,50.150522253224274,52.70812345856144,56.612555994743076,4.34,42.0,-0.55
PRO,2010-05-24,6.5,6.599999904632568,6.329999923706055,6.480000019073486,62.044411983025746,47.89434542553091,49.92052087049955,51.926020728020106,56.228865780778236,4.24,42.0,-0.58
PRO,2010-05-25,6.159999847412109,6.369999885559082,6.019999980926514,6.360000133514404,62.03845097844164,47.909760524763215,49.962367473555396,51.94159328595646,55.789734693372694,4.19,43.0,-0.56
PRO,2010-05-26,6.400000095367432,6.570000171661377,6.230000019073486,6.340000152587891,61.517724374981285,47.76915653935016,49.91612981681662,51.20353718152468,55.63413604677569,4.15,42.0,-0.54
PRO,2010-05-27,6.409999847412109,6.659999847412109,6.360000133514404,6.559999942779541,62.73212472502606,48.4291200399286,50.29368081304951,51.14268041749015,55.73255989496562,4.13,46.0,-0.52
PRO,2010-05-28,6.519999980926514,6.650000095367432,6.429999828338623,6.610000133514404,62.965678976904385,48.3624367710661,49.183880858495115,50.8594052410687,54.93912634770955,4.11,33.0,-0.51
PRO,2010-06-01,6.639999866485596,6.889999866485596,6.53000020980835,6.809999942779541,63.98421544011826,48.8085567859041,49.47183802790041,50.98142807689642,54.747847382825356,4.08,35.0,-0.49
PRO,2010-06-02,6.829999923706055,7.349999904632568,6.800000190734863,7.329999923706055,68.2263423523275,51.314849032650386,50.867249264706274,51.697749104169155,55.142405073558024,4.06,54.0,-0.47
PRO,2010-06-03,7.309999942779541,7.519999980926514,7.170000076293945,7.489999771118164,68.55495971064805,51.50038882749206,51.01185656632376,51.68856126996355,55.163169157217695,4.04,57.0,-0.45
PRO,2010-06-04,7.139999866485596,7.489999771118164,6.980000019073486,7.059999942779541,69.70076289777253,52.78539269173235,51.70837087718755,50.770711111907055,55.47803122437186,4.03,64.0,-0.43
PRO,2010-06-07,7.139999866485596,7.190000057220459,6.940000057220459,6.96999979019165,68.12953046846818,52.55769557078144,51.73176281180576,50.757028877066915,55.48815753775532,4.01,66.0,-0.41
PRO,2010-06-08,7.03000020980835,7.130000114440918,6.840000152587891,7.079999923706055,68.40466268218886,52.50026264332443,51.796580652187984,50.65109902888128,55.50632547786304,4.0,67.0,-0.39
PRO,2010-06-09,7.179999828338623,7.239999771118164,7.0,7.150000095367432,68.1657707465477,52.47275649273576,51.80568387420381,50.60050429976949,55.36741869340249,3.99,68.0,-0.38
PRO,2010-06-10,7.269999980926514,7.639999866485596,7.110000133514404,7.610000133514404,70.96728374280981,53.799156933585635,51.44803621234706,51.10195477116605,55.40199722445473,3.96,62.0,-0.34
PRO,2010-06-11,7.480000019073486,7.800000190734863,7.440000057220459,7.760000228881836,70.71175705177396,53.96186497664045,50.48463070219849,51.15449103837785,54.64413460900591,3.92,49.0,-0.3
PRO,2010-06-14,7.869999885559082,7.989999771118164,7.650000095367432,7.679999828338623,69.5761818531985,53.58001934138225,50.483891995834604,51.1593136346618,54.37906805796092,3.87,49.0,-0.26
PRO,2010-06-15,7.730000019073486,8.119999885559082,7.610000133514404,8.09000015258789,71.14719072497198,54.7464252179971,50.342090753629755,51.21600714755187,54.62309732119143,3.81,49.0,-0.22
PRO,2010-06-16,8.029999732971191,8.069999694824219,7.769999980926514,7.869999885559082,70.51584545673629,54.966993711216006,50.47269612181611,50.756858232020704,54.69320991543203,3.74,50.0,-0.19
PRO,2010-06-17,7.949999809265137,7.949999809265137,7.630000114440918,7.829999923706055,70.51067668571356,54.96471568746163,50.476387693725634,50.727879233253844,54.327035164702096,3.67,51.0,-0.16
PRO,2010-06-18,7.889999866485596,7.940000057220459,7.78000020980835,7.929999828338623,64.2843156871315,55.06021076901835,49.25563988374307,50.7163709030433,54.32822265343076,3.58,34.0,-0.2
PRO,2010-06-21,8.0,8.09000015258789,7.5,7.599999904632568,54.405229200196246,55.63210077255866,49.064034568499174,50.93001869177185,54.44373463663788,3.52,30.0,-0.19
PRO,2010-06-22,7.650000095367432,7.730000019073486,7.380000114440918,7.409999847412109,54.081326523849484,55.78117303991256,48.98618637329201,51.01344949328712,54.22824197396348,3.47,24.0,-0.18
PRO,2010-06-23,7.380000114440918,7.659999847412109,7.300000190734863,7.320000171661377,53.90263478236267,55.45106725996835,48.58267777358605,50.96388403909842,54.23654630033281,3.41,21.0,-0.17
PRO,2010-06-24,7.25,7.340000152587891,7.130000114440918,7.199999809265137,53.83859484652598,55.49907168307011,48.396536670766274,50.87325461744432,54.258735043741744,3.37,21.0,-0.16
PRO,2010-06-25,7.21999979019165,7.389999866485596,7.010000228881836,7.159999847412109,51.734768332916715,55.491922343550534,48.39753766670597,50.8645645852929,54.18910932173989,3.34,22.0,-0.15
PRO,2010-06-28,7.130000114440918,7.130000114440918,7.0,7.0,52.05876082659559,55.55952732243152,48.40230501634441,50.748862990834965,53.49416850920639,3.31,23.0,-0.14
PRO,2010-06-29,6.960000038146973,6.960000038146973,6.659999847412109,6.710000038146973,52.82577525153705,55.9904047844847,47.88427444331408,50.95207652765681,53.10542851747195,3.27,21.0,-0.14
PRO,2010-06-30,6.730000019073486,6.869999885559082,6.489999771118164,6.5,53.31068658124436,56.225528428618034,48.0507805739733,51.07481458331512,53.186146265036115,3.22,22.0,-0.14
PRO,2010-07-01,6.539999961853027,6.900000095367432,6.420000076293945,6.889999866485596,56.29473974645774,57.76187737184776,48.90428711803775,51.35111123208357,53.460797510593984,3.17,28.0,-0.13
PRO,2010-07-02,6.929999828338623,7.119999885559082,6.880000114440918,7.03000020980835,53.054901559431364,58.0124132510758,48.82778498829217,51.36304427742871,53.25394156990918,3.15,28.0,-0.12
PRO,2010-07-06,7.090000152587891,7.340000152587891,6.849999904632568,6.960000038146973,51.50456431463102,57.805567121188105,48.7539850193003,51.04195932073484,53.246286005315014,3.14,27.0,-0.11
PRO,2010-07-07,7.010000228881836,7.289999961853027,6.989999771118164,7.28000020980835,52.78369508982919,58.57801256226535,48.466369837056504,51.33589148740856,53.43829072646288,3.11,26.0,-0.1
PRO,2010-07-08,7.300000190734863,7.400000095367432,7.010000228881836,7.210000038146973,52.51231606214356,58.50518830140864,48.43880120984109,51.34546514325953,53.44633285745142,3.08,26.0,-0.09
PRO,2010-07-09,7.179999828338623,7.300000190734863,7.059999942779541,7.159999847412109,52.57010301910009,58.35525421475647,48.39004847877119,51.3497945364252,53.29374189270185,3.06,23.0,-0.07
PRO,2010-07-12,7.119999885559082,7.269999980926514,6.989999771118164,6.989999771118164,52.381799750172874,58.4268658547206,47.47915508555867,51.41728472536161,53.326435398654034,3.02,21.0,-0.08
PRO,2010-07-13,7.130000114440918,7.5,7.0,7.449999809265137,55.335658862798184,60.10187859407014,48.60453999936354,51.64023903990764,53.648738899578355,2.98,31.0,-0.06
PRO,2010-07-14,7.400000095367432,7.590000152587891,7.340000152587891,7.510000228881836,54.81002863200417,60.0067300820881,48.62752806681414,51.6494165235105,53.655107278987444,2.95,32.0,-0.04
PRO,2010-07-15,7.510000228881836,7.579999923706055,7.159999847412109,7.380000114440918,50.8697198951941,60.01214430033299,48.61819713852318,51.60495032797775,53.66082604593969,2.92,32.0,-0.03
PRO,2010-07-16,7.320000171661377,7.320000171661377,6.900000095367432,6.980000019073486,52.94124652038343,60.8642314163681,49.36359417520954,51.998769091116884,53.93027200049447,2.9,54.0,-0.01
PRO,2010-07-19,6.989999771118164,7.25,6.96999979019165,7.230000019073486,51.17999008848197,61.24167100230735,49.71676063444281,51.77480084693475,54.029769213023435,2.88,60.0,0.02
PRO,2010-07-20,7.110000133514404,7.590000152587891,6.989999771118164,7.579999923706055,52.73082176110483,61.51445622576397,50.25367657631005,52.034295242211584,54.23246706887057,2.87,69.0,0.04
PRO,2010-07-21,7.659999847412109,7.730000019073486,7.260000228881836,7.260000228881836,54.21683647076966,61.97893038939419,50.687916175873596,52.24535255595916,54.40162941093608,2.85,78.0,0.06
PRO,2010-07-22,7.400000095367432,7.5,7.389999866485596,7.460000038146973,54.69767871077866,61.93030480358333,50.833122190627876,52.34457326753651,54.467764798936834,2.84,82.0,0.07
PRO,2010-07-23,7.400000095367432,7.730000019073486,7.340000152587891,7.690000057220459,52.33583342043365,62.07917115035973,51.03410791741075,52.4749793806687,54.547794830922626,2.83,87.0,0.09
PRO,2010-07-26,7.760000228881836,7.809999942779541,7.639999866485596,7.789999961853027,52.16043666180201,61.863842640536646,51.06118773964358,52.477703961237346,54.55468020987993,2.82,88.0,0.1
PRO,2010-07-27,7.880000114440918,7.909999847412109,7.690000057220459,7.769999980926514,52.0730609301487,61.119724921585906,51.01440767092262,52.17306539176166,54.53078281122519,2.81,87.0,0.11
PRO,2010-07-28,7.71999979019165,7.71999979019165,7.309999942779541,7.320000171661377,52.509611525865665,62.003467688439095,51.830585768216764,52.59799249696242,54.83377452383237,2.81,100.0,0.11
PRO,2010-07-29,7.400000095367432,7.400000095367432,7.010000228881836,7.130000114440918,52.45987908980595,61.6215718793929,51.96157466312251,52.64500279085763,54.89414565938667,2.82,100.0,0.1
PRO,2010-07-30,7.0,7.21999979019165,6.989999771118164,7.070000171661377,52.4789143958654,61.62680598492914,51.93147647472293,52.6346476149399,54.89537022578115,2.82,99.0,0.1
PRO,2010-08-02,7.239999771118164,7.309999942779541,7.139999866485596,7.25,52.93280325084806,58.417852997220265,52.108469896803655,52.72697056823269,54.95288639214394,2.83,100.0,0.08
PRO,2010-08-03,7.190000057220459,7.269999980926514,7.059999942779541,7.059999942779541,52.09336732589297,52.94381039673192,52.11814861901658,50.84129086639989,54.8500194055262,2.84,100.0,0.07
PRO,2010-08-04,7.090000152587891,7.190000057220459,7.059999942779541,7.099999904632568,51.68401190760825,52.463619307332486,52.02269434753111,50.427082796508515,54.692036653949906,2.86,98.0,0.05
PRO,2010-08-05,7.059999942779541,7.159999847412109,7.010000228881836,7.070000171661377,51.59080469764129,52.31130567747784,51.97132235953856,50.27764082680605,54.49350465455706,2.87,97.0,0.04
PRO,2010-08-06,7.03000020980835,7.619999885559082,7.03000020980835,7.46999979019165,53.857525549349404,53.411757360998614,52.53463520987077,50.70835668523672,54.64891942641109,2.88,100.0,0.02
PRO,2010-08-09,7.550000190734863,7.550000190734863,7.309999942779541,7.380000114440918,53.962729404325515,52.48623453161534,52.534022679150915,50.46994938177624,53.561565081777076,2.9,99.0,0.01
PRO,2010-08-10,7.269999980926514,7.5,7.050000190734863,7.329999923706055,53.55479370569187,52.500786770828434,52.308918891479806,50.17443959642053,53.25722639200773,2.92,98.0,-0.01
PRO,2010-08-11,7.139999866485596,7.150000095367432,6.940000057220459,6.980000019073486,54.057405062239894,53.142712597755505,52.78526411549985,50.485389071726885,52.67736526154305,2.94,100.0,-0.04
PRO,2010-08-12,6.860000133514404,7.03000020980835,6.860000133514404,6.980000019073486,53.142753880693775,53.034521158352035,52.78526411549985,50.485389071726885,52.281056291120024,2.96,99.5,-0.06
PRO,2010-08-13,6.96999979019165,7.480000019073486,6.96999979019165,7.369999885559082,52.79719972673753,54.21930731031417,53.57640337933167,50.904512298645834,52.56097389123163,3.0,100.0,-0.09
PRO,2010-08-16,7.300000190734863,8.0,7.300000190734863,7.980000019073486,57.17060692222367,54.74789482284038,55.14202602831416,51.74544991572569,53.01796221429369,3.06,100.0,-0.08
PRO,2010-08-17,8.0,8.550000190734863,7.909999847412109,8.350000381469727,58.21324622305627,54.59215167871905,55.64141266194363,51.665529524787424,53.152092639092395,3.14,100.0,-0.06
PRO,2010-08-18,8.34000015258789,8.34000015258789,7.960000038146973,7.989999771118164,58.761532658563844,55.380800357095936,56.045042365539345,51.714547074843395,53.208513075444664,3.22,100.0,-0.04
PRO,2010-08-19,7.929999828338623,7.949999809265137,7.119999885559082,7.139999866485596,67.59414441331874,60.11803672924576,58.55000388792947,53.30644262857839,54.18823933201673,3.36,100.0,0.23
PRO,2010-08-20,7.090000152587891,7.429999828338623,7.0,7.070000171661377,67.62401328741302,60.157896508477336,58.5562224385523,53.29481341157359,54.19613219064694,3.49,100.0,0.36
PRO,2010-08-23,7.159999847412109,7.329999923706055,6.989999771118164,7.300000190734863,67.87415058632918,60.11131008714289,58.823966823066286,53.392379903915355,54.28583565709001,3.63,100.0,0.43
PRO,2010-08-24,7.139999866485596,7.329999923706055,7.079999923706055,7.139999866485596,65.5502134487212,60.29744666950174,58.88744741704107,52.382671627659946,54.323681562904966,3.76,100.0,0.43
PRO,2010-08-25,7.099999904632568,7.25,7.039999961853027,7.239999771118164,65.64600422332038,60.06379220403576,58.92828975337186,52.28728963333899,54.342550907965084,3.88,100.0,0.4
PRO,2010-08-26,7.289999961853027,7.340000152587891,7.139999866485596,7.269999980926514,65.47990145336917,58.135583709180494,58.93913608021262,52.28681863141645,54.34371442092829,3.99,100.0,0.34
PRO,2010-08-27,7.360000133514404,7.75,7.230000019073486,7.730000019073486,65.69136216340989,59.32911762661311,59.81262678792121,52.757565999543786,54.676969739893785,4.13,100.0,0.31
PRO,2010-08-30,7.670000076293945,8.010000228881836,7.630000114440918,7.849999904632568,65.107082397019,58.08162315764262,59.875984826624936,52.79006758058791,54.68021672466929,4.25,100.0,0.25
PRO,2010-08-31,7.840000152587891,7.940000057220459,7.78000020980835,7.869999885559082,63.724551319512024,58.00199059811525,59.71988825609025,52.764433106462285,54.676012741741516,4.35,98.0,0.21
PRO,2010-09-01,8.029999732971191,8.140000343322754,7.860000133514404,8.09000015258789,62.73232337890041,58.17271452365125,59.796108030237896,52.84428641845131,54.72601253708771,4.43,98.0,0.18
PRO,2010-09-02,8.140000343322754,8.149999618530273,7.920000076293945,8.010000228881836,62.442265604960035,58.20330842519284,59.743354470089336,52.65462098820044,53.906641244272215,4.5,97.0,0.13
PRO,2010-09-03,8.100000381469727,8.100000381469727,7.809999942779541,8.0,61.88038326103838,56.82472210210092,59.67710289478039,52.63348165349168,53.36640661214054,4.56,95.0,0.09
PRO,2010-09-07,7.989999771118164,8.130000114440918,7.929999828338623,8.029999732971191,61.78795099533833,56.694970427878985,59.661417282355536,52.63243392941113,53.34645797958992,4.61,94.0,0.04
PRO,2010-09-08,8.079999923706055,8.5,8.029999732971191,8.350000381469727,62.74969426947145,57.19097190775665,60.00679608903098,52.4897002530039,52.95927111926532,4.65,100.0,0.0
PRO,2010-09-09,8.5,8.619999885559082,8.40999984741211,8.569999694824219,60.24964282189151,56.451531522340446,60.050998254335454,52.56909340534833,52.8732615398631,4.69,100.0,-0.04
PRO,2010-09-10,8.579999923706055,8.710000038146973,8.520000457763672,8.710000038146973,59.570821989915856,56.218919220388706,60.088254601828176,52.514365767083525,52.683360348077876,4.72,100.0,-0.08
PRO,2010-09-13,8.84000015258789,9.130000114440918,8.75,9.050000190734863,60.07801149882729,56.6964171835194,60.3794186512817,52.642837266468845,52.815319740858634,4.76,100.0,-0.12
PRO,2010-09-14,9.039999961853027,9.039999961853027,8.949999809265137,9.0,59.985565373875914,56.67837187107173,60.3130937279313,52.64051501246182,52.80030474731515,4.78,99.0,-0.16
PRO,2010-09-15,8.979999542236328,9.140000343322754,8.9399995803833,9.119999885559082,59.14207709760251,55.950929389205605,60.01970548607688,52.62398510272015,52.76081121691361,4.79,96.0,-0.21
PRO,2010-09-16,9.079999923706055,9.239999771118164,9.029999732971191,9.210000038146973,59.13675355474771,55.6529201447531,60.03376309604847,52.539024386832025,51.814453470205194,4.78,96.0,-0.26
PRO,2010-09-17,9.270000457763672,9.550000190734863,9.210000038146973,9.430000305175781,59.159201401186515,55.70157231055695,59.84511332237676,52.61672313220719,51.84633704042426,4.77,92.0,-0.32
PRO,2010-09-20,9.430000305175781,9.970000267028809,9.430000305175781,9.9399995803833,59.00523104905305,56.40145653528037,60.22535970093159,52.98047303747103,52.017354841943316,4.77,98.0,-0.38
PRO,2010-09-21,9.899999618530273,9.899999618530273,9.40999984741211,9.569999694824219,60.28830407494469,57.055877401451006,60.38989818652926,53.16800082891532,52.107924732329025,4.76,100.0,-0.44
PRO,2010-09-22,9.550000190734863,9.619999885559082,9.399999618530273,9.460000038146973,60.41011106486813,56.87371998660728,59.90040502623691,52.51734164856617,52.09254297508992,4.7,91.0,-0.57
PRO,2010-09-23,9.390000343322754,9.649999618530273,9.300000190734863,9.420000076293945,58.06118368750279,56.04967021983334,59.806574801593435,52.51742863335579,52.09202874848599,4.64,87.0,-0.73
PRO,2010-09-24,9.520000457763672,9.520000457763672,8.960000038146973,9.050000190734863,59.79601840304263,56.31082513761191,59.73667334373576,52.69174669381174,52.242235130341406,4.58,84.0,-0.9
PRO,2010-09-27,9.020000457763672,9.390000343322754,8.9399995803833,9.329999923706055,58.59761989407043,55.480580665374966,59.929524817070565,52.81814251747782,52.10051491651202,4.51,91.0,-1.13
PRO,2010-09-28,9.369999885559082,9.460000038146973,9.069999694824219,9.399999618530273,54.51999557056717,55.39440970561608,57.65200471647726,52.7639997931192,51.71890979215343,4.46,73.0,-1.22
PRO,2010-09-29,9.319999694824219,9.40999984741211,9.119999885559082,9.300000190734863,53.36595701483875,55.402465526930634,54.11813462488794,52.777709059692924,51.70608962553322,4.45,69.0,-1.23
PRO,2010-09-30,9.40999984741211,9.550000190734863,9.149999618530273,9.279999732971191,51.46162091927855,54.783065220630704,53.88055999040009,52.77271552631619,51.684477893766235,4.43,68.0,-1.23
PRO,2010-10-01,9.359999656677246,9.720000267028809,9.34000015258789,9.420000076293945,37.56152609224564,54.752421485356436,53.85367228940999,52.79370379278529,51.680090703238676,4.41,67.0,-1.24
PRO,2010-10-04,9.359999656677246,9.489999771118164,9.130000114440918,9.25,38.00619943573856,54.90098615298723,53.847202308297206,52.033918665265276,51.713598988116026,4.39,66.0,-1.24
PRO,2010-10-05,9.319999694824219,9.529999732971191,9.319999694824219,9.479999542236328,37.67325212341204,54.734106729895714,53.44338594757879,51.56284162878201,51.72731446012227,4.38,64.0,-1.25
PRO,2010-10-06,9.479999542236328,9.619999885559082,9.359999656677246,9.59000015258789,36.522044040964815,53.37338005759449,53.46173373596484,51.56569396701038,51.6598193646024,4.36,64.0,-1.24
PRO,2010-10-07,9.6899995803833,9.779999732971191,9.380000114440918,9.390000343322754,37.57513584105312,53.61715141333848,53.37897015609799,51.13050954369906,51.69853716886556,4.34,62.0,-1.24
PRO,2010-10-08,9.380000114440918,9.619999885559082,9.199999809265137,9.539999961853027,37.60570385465144,53.48942088556904,53.32756014689245,51.13193720126213,51.60750506616861,4.32,61.0,-1.24
PRO,2010-10-11,9.5,9.5,9.3100004196167,9.399999618530273,34.77289209380026,52.16958313240302,53.38392354848589,51.16280822465765,51.605461845648456,4.29,62.0,-1.24
PRO,2010-10-12,9.329999923706055,9.510000228881836,9.229999542236328,9.449999809265137,34.6717106658754,51.78807418036734,52.184249830948914,50.4528868649947,51.60760566181889,4.28,54.0,-1.23
PRO,2010-10-13,9.539999961853027,9.619999885559082,9.449999809265137,9.520000457763672,34.65593224739685,51.0191417758657,51.65271206341452,50.130851522983924,51.47193519626215,4.27,42.0,-1.23
PRO,2010-10-14,9.489999771118164,9.550000190734863,9.279999732971191,9.489999771118164,34.16125810979438,50.09796105159035,51.601113759875126,49.99290510285832,51.44135561630719,4.26,41.0,-1.22
PRO,2010-10-15,9.569999694824219,9.579999923706055,9.420000076293945,9.5600004196167,33.856354954431986,49.87835738781759,51.47742714690396,49.74063153226956,51.19472395970072,4.25,40.0,-1.22
PRO,2010-10-18,9.5600004196167,9.720000267028809,9.420000076293945,9.710000038146973,33.89874963135289,49.637582774626324,51.496307880142986,49.65362510733101,51.216460114511065,4.24,40.0,-1.21
PRO,2010-10-19,9.520000457763672,9.600000381469727,9.130000114440918,9.220000267028809,37.87192861500503,50.889958125612445,52.03137152359797,50.043586302380184,51.48050959958125,4.23,51.0,-1.21
PRO,2010-10-20,9.300000190734863,9.5,9.210000038146973,9.220000267028809,36.447914339771984,50.88107746312044,52.02977174513259,49.97000276239268,51.47998952516857,4.21,50.0,-1.2
PRO,2010-10-21,9.279999732971191,9.479999542236328,9.0600004196167,9.199999809265137,35.83252258880252,49.20065306838357,51.862872019970474,49.41680808208196,51.47946060962981,4.19,45.0,-1.19
PRO,2010-10-22,9.220000267028809,9.5600004196167,9.220000267028809,9.5600004196167,37.130079328401095,49.295666559509534,50.93635305240992,49.58349701984307,51.38242142570317,4.19,30.0,-1.19
PRO,2010-10-25,9.65999984741211,9.869999885559082,9.5600004196167,9.649999618530273,35.66553024249085,49.224947100525206,50.85757635698263,49.53749832547317,51.3899749115011,4.2,30.0,-1.19
PRO,2010-10-26,9.59000015258789,9.829999923706055,9.59000015258789,9.800000190734863,35.79060700399233,49.096810799914635,49.9253305672468,49.47775963853904,51.34843282966908,4.21,22.0,-1.2
PRO,2010-10-27,9.680000305175781,9.729999542236328,9.4399995803833,9.640000343322754,36.07448304413212,48.86250192216299,49.95847366523532,49.48244579639094,51.367898037489866,4.22,23.0,-1.2
PRO,2010-10-28,9.760000228881836,10.0,9.649999618530273,9.970000267028809,37.1770715036532,49.20967341685572,50.153686912616536,49.209692536056636,51.166710717367756,4.23,24.0,-1.21
PRO,2010-10-29,9.920000076293945,10.460000038146973,9.90999984741211,10.399999618530273,38.45891200294202,49.72914485633559,50.52130340300065,49.41523373682885,51.302085161563184,4.23,31.0,-1.21
PRO,2010-11-01,10.460000038146973,10.489999771118164,9.979999542236328,10.100000381469727,36.59911488608749,49.20853966256689,49.90583958537393,49.5264443348896,51.37276947226647,4.25,22.0,-1.22
PRO,2010-11-02,10.25,10.699999809265137,10.229999542236328,10.6899995803833,38.20728706273905,50.19868352850256,50.568941227206984,49.462116487383554,51.67144333136514,4.24,32.0,-1.22
PRO,2010-11-03,10.6899995803833,10.9399995803833,10.520000457763672,10.880000114440918,38.131087655489374,50.17854217562899,50.57294380622697,49.48231102905443,51.6973677142243,4.24,32.0,-1.21
PRO,2010-11-04,10.949999809265137,11.399999618530273,10.869999885559082,11.180000305175781,38.57949350522611,48.992965749520536,50.11830217222658,49.57444295506582,51.74418359344863,4.25,25.0,-1.22
PRO,2010-11-05,11.5,11.5,10.470000267028809,10.520000457763672,41.10907975862778,50.95710129754484,50.911092797041555,50.06418809390928,51.90611747462343,4.24,35.0,-1.21
PRO,2010-11-08,10.479999542236328,10.9399995803833,10.010000228881836,10.859999656677246,41.18281987258914,50.26330298868156,51.1002251044022,50.19384409006046,51.96792814344495,4.24,39.0,-1.21
PRO,2010-11-09,10.920000076293945,11.109999656677246,10.710000038146973,10.979999542236328,41.2132985197702,47.91605977182001,51.092955345977046,50.20603170082344,51.94421435747484,4.22,38.0,-1.21
PRO,2010-11-10,11.029999732971191,11.34000015258789,10.819999694824219,11.289999961853027,41.43632520069157,47.42409732386796,50.70818714157301,50.27791040082332,52.00618051201674,4.21,30.0,-1.2
PRO,2010-11-11,11.1899995803833,11.1899995803833,10.539999961853027,10.970000267028809,42.61733853903861,46.847136997053674,50.76157507609008,50.404459435160746,52.08909928804321,4.19,30.0,-1.19
PRO,2010-11-12,10.899999618530273,10.979999542236328,10.529999732971191,10.760000228881836,43.11678090144406,40.274526737448106,50.8316157148205,50.4151869511143,50.66437682427992,4.17,30.0,-1.19
PRO,2010-11-15,10.819999694824219,10.850000381469727,10.199999809265137,10.34000015258789,44.53410578627429,41.260864069944176,51.202344309557986,50.62982370494608,50.54961575861181,4.15,39.0,-1.18
PRO,2010-11-16,10.199999809265137,10.199999809265137,9.569999694824219,9.680000305175781,48.41062359689719,43.48210839063754,52.36246235045,51.22871732987733,50.89247503313804,4.12,55.0,-1.17
PRO,2010-11-17,9.720000267028809,9.800000190734863,9.130000114440918,9.550000190734863,48.467727845144864,43.289720111451246,52.26916023826668,51.235847408339,50.90882210479608,4.09,53.0,-1.16
PRO,2010-11-18,9.65999984741211,9.890000343322754,9.619999885559082,9.760000228881836,48.449556103622584,43.389561154422985,51.839781688746555,51.28985383912856,50.76057257464193,4.05,42.0,-1.16
PRO,2010-11-19,9.770000457763672,9.800000190734863,9.460000038146973,9.649999618530273,48.3801980543358,43.51802749321168,51.58379501403421,51.305622853009744,50.55005004837633,4.01,38.0,-1.15
PRO,2010-11-22,9.569999694824219,9.869999885559082,9.319999694824219,9.850000381469727,48.50015476259749,42.02734769513381,50.91568423661841,51.327166687393586,50.580093133635906,4.0,28.0,-1.15
PRO,2010-11-23,9.739999771118164,9.899999618530273,9.539999961853027,9.829999923706055,48.49752774468105,41.977841279916646,50.853880099992445,51.32815723037301,50.58083658183447,3.98,25.0,-1.14
PRO,2010-11-24,9.90999984741211,10.25,9.869999885559082,10.010000228881836,48.714421575306,42.08036256965488,50.8619953219282,51.30980050194485,50.61048043452365,3.95,26.0,-1.14
PRO,2010-11-26,9.90999984741211,10.140000343322754,9.90999984741211,9.9399995803833,48.76051791533693,41.84956575210357,50.45482196216764,51.27143823785364,50.59125064666908,3.93,15.0,-1.14
PRO,2010-11-29,9.850000381469727,9.850000381469727,9.520000457763672,9.770000457763672,49.026550835297066,41.97599191460785,50.518076236127676,51.29578924829738,50.358017272946164,3.91,15.0,-1.14
PRO,2010-11-30,9.65999984741211,9.65999984741211,9.430000305175781,9.550000190734863,49.27660090521268,42.3063831606815,50.659943692698505,51.25419548972218,50.25740112643323,3.88,18.0,-1.14
PRO,2010-12-01,9.739999771118164,9.8100004196167,9.619999885559082,9.649999618530273,46.897742678376304,42.33381395161483,50.4890195738833,51.26152006106477,50.20019592763775,3.85,13.0,-1.15
PRO,2010-12-02,9.630000114440918,10.010000228881836,9.59000015258789,10.0,47.92297378919442,42.214194904620896,49.82437538713745,51.32770140941593,50.30796789293972,3.83,5.0,-1.16
PRO,2010-12-03,9.949999809265137,10.520000457763672,9.930000305175781,10.520000457763672,49.86524300204061,43.08294845735272,50.39231273297246,51.66699586132455,50.515773403056095,3.81,11.0,-1.16
PRO,2010-12-06,10.479999542236328,10.800000190734863,10.289999961853027,10.710000038146973,49.000505651409604,43.10583821508509,50.33282666864469,51.70860435473952,49.77047783339873,3.79,10.0,-1.16
PRO,2010-12-07,10.8100004196167,11.0,10.680000305175781,10.970000267028809,49.32726397271257,42.709734766103864,49.520363887121476,51.78309420345397,49.74193583114532,3.79,1.0,-1.16
PRO,2010-12-08,11.0,11.5,10.819999694824219,11.4399995803833,50.43508081148191,43.39776523805593,49.638447969589684,52.00268149603333,49.91061778136813,3.79,2.0,-1.16
PRO,2010-12-09,11.5,11.890000343322754,11.25,11.850000381469727,50.73301499804479,43.829036773720844,49.4108285655178,52.14933978091483,49.98238314705581,3.8,1.0,-1.16
PRO,2010-12-10,11.829999923706055,11.84000015258789,11.449999809265137,11.8100004196167,50.166709741258856,43.842348237459724,48.83562834969871,52.15152343677592,49.981181701798945,3.82,1.0,-1.16
PRO,2010-12-13,11.8100004196167,11.8100004196167,10.9399995803833,10.960000038146973,54.05277783146549,46.52495959055541,50.306358932313735,52.8347607272266,50.5376887121824,3.82,11.0,-1.16
PRO,2010-12-14,11.050000190734863,11.420000076293945,10.930000305175781,11.329999923706055,53.96999079932807,45.7936835504748,50.346417185669836,52.967930786428774,50.625885861566445,3.83,13.0,-1.17
PRO,2010-12-15,11.350000381469727,11.760000228881836,11.289999961853027,11.390000343322754,51.59165656295747,45.02676036199606,50.326085250452344,52.97020962092961,50.49022925752625,3.83,12.0,-1.17
PRO,2010-12-16,10.869999885559082,11.729999542236328,10.869999885559082,11.550000190734863,51.50676064642079,44.98027767775544,50.34118975339119,52.990750566499145,50.49567988861065,3.84,14.0,-1.17
PRO,2010-12-17,11.520000457763672,12.229999542236328,11.520000457763672,12.039999961853027,52.27908771084087,45.62552137008938,49.644187829343934,53.20450227036615,50.6546714065508,3.86,5.0,-1.17
PRO,2010-12-20,12.0,12.949999809265137,12.0,12.84000015258789,51.689999883351646,46.32100147991325,50.271582187877684,53.72371586099271,50.80703462195583,3.87,12.0,-1.18
PRO,2010-12-21,12.880000114440918,13.079999923706055,11.739999771118164,11.819999694824219,57.21488605733192,49.45582172916584,52.159957746609464,54.63823769046003,51.47726241918215,3.87,51.0,-1.18
PRO,2010-12-22,11.8100004196167,11.890000343322754,10.930000305175781,11.0600004196167,60.55966263320576,51.50868616298918,53.280637240537345,55.20966418305904,51.84118551025766,3.87,59.0,-1.18
PRO,2010-12-23,11.039999961853027,11.220000267028809,10.569999694824219,10.829999923706055,60.27959308995411,51.666579242431844,53.206361085038786,55.15231930860247,51.83778987679099,3.86,58.0,-1.18
PRO,2010-12-27,10.84000015258789,10.84000015258789,10.449999809265137,10.630000114440918,59.950988641193845,51.84070781876194,53.33000235118346,55.12112923589425,51.86954584863044,3.86,60.0,-1.18
PRO,2010-12-28,10.579999923706055,10.949999809265137,10.460000038146973,10.84000015258789,59.980200102033486,51.89726594385539,53.36984899368984,55.11440205983761,51.87786686284158,3.85,60.0,-1.19
PRO,2010-12-29,10.84000015258789,11.069999694824219,10.75,10.920000076293945,58.7885855999713,51.72904399025635,52.748612620443765,55.090002753752856,51.8151901885366,3.85,53.0,-1.19
PRO,2010-12-30,10.880000114440918,11.25,10.770000457763672,11.220000267028809,55.56418459862166,51.77737347018356,52.8147649017088,55.17027338220577,51.88467782661247,3.85,55.0,-1.19
PRO,2010-12-31,11.140000343322754,11.520000457763672,11.09000015258789,11.390000343322754,55.35662379822682,51.8075452664336,52.812885739607296,55.190287025781416,51.89872691147082,3.85,54.0,-1.19
PRO,2011-01-03,11.520000457763672,11.890000343322754,11.430000305175781,11.779999732971191,55.75989381970764,51.941539177185426,52.314917155892005,55.24535773890528,52.00534487719045,3.85,50.0,-1.19
PRO,2011-01-04,11.779999732971191,11.859999656677246,11.40999984741211,11.609999656677246,55.85537842241336,52.01320313569089,52.40275264724753,55.26830758428477,51.52924413981941,3.85,52.0,-1.19
PRO,2011-01-05,11.529999732971191,11.789999961853027,11.40999984741211,11.789999961853027,55.760579520842015,51.933277474049476,51.83186376189233,55.28229124279056,51.5476580079976,3.86,43.0,-1.18
PRO,2011-01-06,11.760000228881836,12.029999732971191,11.600000381469727,12.020000457763672,55.83690525347159,52.03024296231965,50.48323829891418,55.28821781954897,51.5569546603026,3.87,20.0,-1.17
PRO,2011-01-07,12.069999694824219,12.420000076293945,11.829999923706055,12.15999984741211,55.7523604999183,52.04897972297614,50.06425074312736,55.11924136891646,51.56816560390265,3.88,10.0,-1.14
PRO,2011-01-10,12.109999656677246,12.300000190734863,11.630000114440918,11.670000076293945,57.324773022644784,52.850100400275124,49.994871734779416,55.342236359203625,51.68987646238096,3.9,10.0,-1.11
PRO,2011-01-11,11.6899995803833,11.899999618530273,11.619999885559082,11.850000381469727,56.98505942411097,52.90033419421158,46.41785301053871,55.16604176449369,51.70869953725211,3.93,1.0,-1.0
PRO,2011-01-12,11.979999542236328,12.149999618530273,11.550000190734863,12.130000114440918,56.496669464734154,52.99966662708493,46.44549786357647,55.097336476581894,51.75482360487419,3.96,2.0,-0.9
PRO,2011-01-13,12.180000305175781,12.180000305175781,11.460000038146973,11.460000038146973,59.52338548355637,53.23448666530464,47.28295554263131,55.44534852007581,52.07045062829714,3.97,3.0,-0.81
PRO,2011-01-14,11.449999809265137,11.550000190734863,11.15999984741211,11.520000457763672,58.844770138052446,53.23005654626913,47.089195642167596,55.12309975117247,51.47920867574209,3.98,3.0,-0.72
PRO,2011-01-18,11.4399995803833,12.09000015258789,11.3100004196167,12.079999923706055,58.63274829946107,53.96273786226885,47.55375818862758,55.340950798463,51.30429058838072,3.98,5.0,-0.63
PRO,2011-01-19,12.140000343322754,12.140000343322754,11.029999732971191,11.050000190734863,64.4413331622006,56.79923790052375,49.851660996918035,56.115196128194114,52.07676047777271,3.95,12.0,-0.52
PRO,2011-01-20,11.0600004196167,11.140000343322754,10.59000015258789,10.819999694824219,64.36937182662513,56.98168581651197,49.15758484831675,56.17623223263401,51.76584702369811,3.91,7.0,-0.41
PRO,2011-01-21,10.869999885559082,11.239999771118164,10.869999885559082,10.989999771118164,63.30470981721078,56.98336735023661,49.15874619582583,54.85231520398545,51.763432232076504,3.86,8.0,-0.28
PRO,2011-01-24,10.960000038146973,11.09000015258789,10.699999809265137,10.890000343322754,62.377851489795745,56.902254262204764,49.19869125218138,52.82086508245638,51.77220617571692,3.81,9.0,-0.14
PRO,2011-01-25,10.789999961853027,10.829999923706055,10.449999809265137,10.539999961853027,62.97553473138324,56.9511890002115,49.36965356496514,52.84274369716854,51.37665525488122,3.76,10.0,0.02
PRO,2011-01-26,10.550000190734863,10.90999984741211,10.399999618530273,10.859999656677246,59.967325135165254,56.62471456546883,49.51613845101707,52.90845686327608,51.23161362845966,3.7,12.0,0.19
PRO,2011-01-27,10.829999923706055,10.979999542236328,10.710000038146973,10.789999961853027,59.137621474285496,56.30075980756448,49.53457586383578,52.85970699443533,51.13740793256512,3.64,14.0,0.38
PRO,2011-01-28,10.739999771118164,10.829999923706055,9.829999923706055,9.899999618530273,63.94345148877206,57.85794457365587,51.51290765547436,53.583649764256535,51.69796004304653,3.57,55.0,0.6
PRO,2011-01-31,9.979999542236328,10.25,9.789999961853027,9.979999542236328,63.81685051537275,57.75760062555004,51.18027778779045,53.588482060207134,51.62178581651116,3.48,52.0,0.85
PRO,2011-02-01,10.069999694824219,10.710000038146973,9.90999984741211,10.670000076293945,65.80661680395109,59.15224778236674,52.07530419380819,54.03145461837015,52.042679773426,3.39,65.0,1.11
PRO,2011-02-02,10.600000381469727,10.829999923706055,10.430000305175781,10.630000114440918,62.53833893809565,57.81803107379777,52.03497253215876,53.98630015590775,51.99278943527329,3.29,65.0,1.39
PRO,2011-02-03,10.569999694824219,10.619999885559082,10.199999809265137,10.260000228881836,58.907302781540324,57.88865291589956,52.041847820697996,54.16106315054966,51.74065637841201,3.19,66.0,1.69
PRO,2011-02-04,10.220000267028809,10.220000267028809,9.84000015258789,9.890000343322754,56.79187977006453,58.293004333007715,52.37991578767319,53.72272088900921,51.8586142207476,3.07,73.0,2.01
PRO,2011-02-07,9.869999885559082,10.550000190734863,9.869999885559082,10.380000114440918,58.49044991170614,58.88629231163159,52.883955139802154,53.72882881141368,52.03705786235624,2.96,78.0,2.36
PRO,2011-02-08,10.420000076293945,10.569999694824219,10.25,10.449999809265137,58.302988817777546,58.63072356228819,52.873524690566356,53.702067261088345,51.979739607842276,2.85,78.0,2.73
PRO,2011-02-09,10.460000038146973,10.699999809265137,10.270000457763672,10.619999885559082,58.208574983684194,58.60276149067872,52.80643411456853,53.665265807874164,51.9741915004065,2.73,76.0,3.15
PRO,2011-02-10,11.770000457763672,12.670000076293945,11.020000457763672,11.039999961853027,59.28857556039277,58.54822282238005,52.507015773533695,53.828421309741245,51.82440537715593,2.59,75.0,3.53
PRO,2011-02-11,11.029999732971191,11.050000190734863,10.369999885559082,10.869999885559082,58.90391791648534,56.972354456604215,52.20308996181296,53.74589195341106,51.827502313734975,2.43,70.0,3.83
PRO,2011-02-14,10.680000305175781,11.640000343322754,10.619999885559082,11.609999656677246,61.87720116290883,58.35851625529006,53.1566066721471,54.25869257490557,52.216526611334416,2.29,83.0,4.05
PRO,2011-02-15,11.609999656677246,11.9399995803833,11.40999984741211,11.760000228881836,61.20182493307278,58.26636858966696,53.174318747111684,54.17831166053364,51.888516150630814,2.14,84.0,4.06
PRO,2011-02-16,11.789999961853027,12.220000267028809,11.569999694824219,12.1899995803833,61.90714034060954,58.56994376102003,53.00390193983643,53.6686803451205,51.99205383638373,1.97,83.0,3.56
PRO,2011-02-17,12.100000381469727,12.149999618530273,11.979999542236328,12.079999923706055,61.84043511862124,58.52513391047269,52.85328062162316,53.64033526429242,52.00026758449117,1.77,81.0,1.28
PRO,2011-02-18,12.140000343322754,12.140000343322754,11.770000457763672,12.100000381469727,61.592402156005036,58.515389613863576,52.84764489620783,53.13453596786402,51.962116442479974,1.66,81.0,0.26
PRO,2011-02-22,11.890000343322754,12.489999771118164,11.890000343322754,12.319999694824219,61.72371036739831,58.514031716255545,52.861377662142786,53.130575791626796,51.98774726820302,1.64,83.0,0.3
PRO,2011-02-23,12.350000381469727,12.569999694824219,12.170000076293945,12.239999771118164,60.50130910074243,58.51027544875078,52.87633853366002,53.12194351344296,51.993181585450984,1.63,85.0,0.33
PRO,2011-02-24,12.329999923706055,12.5600004196167,11.869999885559082,11.979999542236328,60.71532340021506,58.58045687323442,52.978606814299624,53.19466622523349,52.02527490890451,1.62,87.0,0.35
PRO,2011-02-25,12.09000015258789,12.149999618530273,11.850000381469727,11.970000267028809,60.32289527859884,58.33379616675584,52.87820666446279,52.7232450024227,52.025545753138104,1.6,86.0,0.38
PRO,2011-02-28,12.020000457763672,12.020000457763672,11.270000457763672,11.449999809265137,59.41577562694121,59.143399163941815,53.28040851012316,52.97506333944438,52.19279722362581,1.6,93.0,0.39
PRO,2011-03-01,11.470000267028809,11.869999885559082,11.319999694824219,11.420000076293945,59.399031371836045,58.75622649981849,53.26255066382699,52.95721641091028,52.18110436045051,1.6,93.0,0.4
PRO,2011-03-02,11.369999885559082,11.520000457763672,10.970000267028809,11.34000015258789,57.66628731265764,57.90668769032348,53.1559200315406,52.63528207317789,52.17466242544617,1.6,90.0,0.4
PRO,2011-03-03,11.4399995803833,12.09000015258789,11.329999923706055,12.020000457763672,54.04620685446204,58.98206322381737,53.860521532565954,52.937770483452574,52.47400873575666,1.6,100.0,0.39
PRO,2011-03-04,11.979999542236328,12.050000190734863,11.720000267028809,12.020000457763672,53.58182258022468,58.80340768725932,53.79217031700107,52.9311100204992,52.46980232351213,1.61,99.0,0.38
PRO,2011-03-07,12.069999694824219,12.420000076293945,11.569999694824219,12.220000267028809,53.60035417002004,58.28509652505714,53.83659996358243,52.9434809240097,52.490111067143594,1.63,99.0,0.33
PRO,2011-03-08,12.180000305175781,13.479999542236328,12.130000114440918,13.260000228881836,58.01503291341217,60.19333888618112,55.27820308223447,53.49665070483941,53.076204470226116,1.68,100.0,0.35
PRO,2011-03-09,13.260000228881836,13.4399995803833,13.020000457763672,13.270000457763672,56.84805751054477,60.18388457443964,55.27003810544554,53.39056549477624,53.07625920745384,1.73,99.0,0.33
PRO,2011-03-10,12.949999809265137,12.949999809265137,12.579999923706055,12.75,58.06830882785792,58.697804069243034,55.69187661377064,53.60425516287044,53.20115418577897,1.78,100.0,0.35
PRO,2011-03-11,12.65999984741211,13.789999961853027,12.520000457763672,13.739999771118164,61.31547831970582,60.224658259049235,56.81713045672918,54.21916389854988,53.67646396193908,1.87,100.0,0.57
PRO,2011-03-14,13.550000190734863,14.600000381469727,13.539999961853027,14.460000038146973,55.63969466878248,61.01779853451204,56.61683605709877,54.497970896107184,53.89369059932043,1.94,99.0,0.61
PRO,2011-03-15,14.0,14.619999885559082,13.84000015258789,14.260000228881836,56.15902411072066,61.09062529055349,56.68814084744148,54.448231897105195,53.84695592919797,2.01,99.0,0.61
PRO,2011-03-16,14.09000015258789,14.5600004196167,13.989999771118164,14.180000305175781,53.87805778708192,60.59912760427844,56.70092380073689,54.18176572781178,53.84872921280458,2.08,99.0,0.55
PRO,2011-03-17,14.569999694824219,14.569999694824219,14.229999542236328,14.289999961853027,53.73552857802265,59.2363621237666,56.44044666378918,54.014096748953364,53.7869073357039,2.13,96.0,0.45
PRO,2011-03-18,14.5,14.5,14.130000114440918,14.460000038146973,51.991667893848174,56.581883637358864,56.447719590315735,53.6399717362369,53.79271431889937,2.19,96.0,0.34
PRO,2011-03-21,14.720000267028809,14.890000343322754,13.779999732971191,14.0,51.651998647608174,55.198566202700626,56.71106176522739,53.778529639544495,53.898948524067194,2.24,99.0,0.27
PRO,2011-03-22,14.0,14.069999694824219,13.760000228881836,14.029999732971191,50.51723141859207,54.95508904165155,56.6206487539232,53.7537379809377,53.898455214926855,2.29,96.0,0.18
PRO,2011-03-23,13.970000267028809,14.239999771118164,13.859999656677246,14.050000190734863,50.57080003882909,54.75058680147282,56.41812238443723,53.5319614044491,53.88988887684316,2.33,92.0,0.09
PRO,2011-03-24,14.09000015258789,14.180000305175781,13.84000015258789,13.970000267028809,50.73158605368246,54.701514237648496,56.09132280197924,53.52016483669184,53.885934732666655,2.36,91.0,-0.02
PRO,2011-03-25,14.020000457763672,14.199999809265137,13.869999885559082,13.989999771118164,49.98438282826168,54.70052783278406,55.85363089105573,53.50590192393903,53.8856836374159,2.39,90.0,-0.09
PRO,2011-03-28,14.010000228881836,14.270000457763672,14.010000228881836,14.210000038146973,49.529451450075655,54.54480340298646,55.228411183131406,53.421948340341665,53.85076710442619,2.41,86.0,-0.17
PRO,2011-03-29,14.199999809265137,14.430000305175781,13.989999771118164,14.109999656677246,46.673005872178145,54.540744363067816,55.19934423649116,52.96117794508771,53.85078179932164,2.43,85.0,-0.23
PRO,2011-03-30,14.149999618530273,14.25,14.050000190734863,14.109999656677246,46.669851250931,54.1824437389685,55.059480426011994,52.960144073049555,53.85042004267484,2.44,84.0,-0.28
PRO,2011-03-31,14.100000381469727,14.630000114440918,14.050000190734863,14.569999694824219,46.4697794465172,54.37963417589295,54.31655591453666,53.00843254680287,53.93651802315167,2.45,83.0,-0.31
PRO,2011-04-01,14.649999618530273,14.65999984741211,14.180000305175781,14.25,46.99185924941012,54.58249008867486,54.270633263421885,52.625722745659445,53.98576694233987,2.45,82.0,-0.34
PRO,2011-04-04,14.34000015258789,14.550000190734863,14.199999809265137,14.260000228881836,46.99945762394724,54.48029666318854,54.2552867653583,52.495688138107575,53.98197066966958,2.46,81.0,-0.37
PRO,2011-04-05,14.220000267028809,14.720000267028809,14.220000267028809,14.630000114440918,47.226679701308605,54.65204838861249,54.23008245586465,52.305226972282384,54.03555564933322,2.46,80.0,-0.39
PRO,2011-04-06,14.6899995803833,14.729999542236328,14.430000305175781,14.630000114440918,47.117541378501365,53.87538603103131,53.998644477060274,52.01021368300738,54.0289658422163,2.47,79.0,-0.4
PRO,2011-04-07,14.680000305175781,14.829999923706055,14.489999771118164,14.5,46.620899587861516,53.88259301666609,53.91492646422598,51.958078548062446,53.94841672810319,2.47,78.0,-0.4
PRO,2011-04-08,14.600000381469727,14.680000305175781,14.399999618530273,14.40999984741211,46.71931776077769,53.75473100869444,53.49826990985186,51.873944170429034,53.89207602757122,2.47,74.0,-0.4
PRO,2011-04-11,14.40999984741211,14.529999732971191,14.079999923706055,14.430000305175781,44.22839646014654,52.297963550513124,52.33394178300157,51.8623723413349,53.85071523626118,2.47,48.0,-0.4
PRO,2011-04-12,14.359999656677246,14.539999961853027,14.350000381469727,14.489999771118164,44.13434245785435,52.2972155760866,52.25854344691675,51.857530448253776,53.83195918146249,2.47,46.0,-0.4
PRO,2011-04-13,14.550000190734863,14.609999656677246,14.449999809265137,14.510000228881836,43.953469458785946,51.50131835467743,52.184088513016356,51.31159855051717,53.827675568174996,2.47,44.0,-0.4
PRO,2011-04-14,14.4399995803833,14.550000190734863,14.3100004196167,14.479999542236328,41.3903635167144,47.803964727170765,52.13564738843874,51.19144630208,53.82441955158252,2.47,42.0,-0.4
PRO,2011-04-15,14.430000305175781,14.920000076293945,14.420000076293945,14.880000114440918,41.7868757066884,47.72623727548933,52.200691615643194,51.24408724263249,53.82411611996184,2.46,44.0,-0.38
PRO,2011-04-18,14.699999809265137,14.800000190734863,14.449999809265137,14.739999771118164,41.95697270498485,47.771789563228864,52.23625375866967,51.20790430278854,53.83030384568319,2.46,45.0,-0.36
PRO,2011-04-19,14.789999961853027,15.100000381469727,14.670000076293945,15.0,35.567251790668834,47.74934497982465,52.231823294971576,51.10366991795321,53.845741211477815,2.46,44.0,-0.34
PRO,2011-04-20,15.229999542236328,15.470000267028809,15.010000228881836,15.180000305175781,35.62304124535427,47.10361562589586,52.2162730741113,51.111600120030175,53.83095803027705,2.45,43.0,-0.31
PRO,2011-04-21,15.180000305175781,15.25,15.079999923706055,15.239999771118164,33.040795665643564,46.84243074691323,52.102566714430296,51.101711352142665,53.701597583000904,2.44,37.0,-0.28
PRO,2011-04-25,15.1899995803833,15.300000190734863,14.899999618530273,15.0,26.41099101562861,46.98578579996378,52.022235739017844,50.79781492535209,53.72854400930852,2.44,33.0,-0.25
PRO,2011-04-26,15.069999694824219,15.239999771118164,14.739999771118164,14.770000457763672,22.64068074375303,43.18171314496062,52.10954352948082,50.81410538891543,53.602642462115725,2.43,37.0,-0.21
PRO,2011-04-27,14.779999732971191,14.890000343322754,14.5,14.579999923706055,22.587333209147072,43.36702278591753,51.935413787576934,50.83745783307818,53.52437591526896,2.41,31.0,-0.16
PRO,2011-04-28,14.649999618530273,14.84000015258789,14.4399995803833,14.84000015258789,23.022108921411892,41.56884141027405,51.438190264399374,50.4740887629054,53.490728251266816,2.41,28.0,-0.13
PRO,2011-04-29,14.859999656677246,15.760000228881836,14.430000305175781,15.680000305175781,27.736235252091607,42.740657034669134,52.0388238790167,50.828922771525285,53.508770678055406,2.4,33.0,-0.08
PRO,2011-05-02,15.670000076293945,15.84000015258789,15.300000190734863,15.319999694824219,28.6236946191756,42.30060253256188,52.112586429068145,50.58569411181766,53.53250254581462,2.38,37.0,-0.01
PRO,2011-05-03,15.300000190734863,15.579999923706055,14.859999656677246,15.010000228881836,27.575742058203602,41.71435288954349,51.87657132429617,49.86413467092617,53.3812915850344,2.37,28.0,0.07
PRO,2011-05-04,14.989999771118164,15.329999923706055,14.670000076293945,15.210000038146973,27.756326809212005,40.83719651607369,51.64294119406979,49.629322242600246,53.391968804946934,2.35,26.0,0.15
PRO,2011-05-05,15.09000015258789,15.170000076293945,14.670000076293945,14.789999961853027,29.148436520558583,41.43992684512209,51.86169948308804,49.44934325750283,52.45259342981291,2.32,27.0,0.26
PRO,2011-05-06,15.399999618530273,17.920000076293945,15.390000343322754,17.3700008392334,54.43943710002894,52.19201148262593,56.25515903983565,50.979926679549806,53.30768076337642,2.34,91.0,0.24
PRO,2011-05-09,17.020000457763672,18.290000915527344,17.0,18.200000762939453,55.58571901579889,52.414106498262655,56.469784387135824,51.187380748059056,53.39188683978308,2.36,94.0,0.23
PRO,2011-05-10,18.239999771118164,19.079999923706055,18.010000228881836,18.229999542236328,55.58379120454053,52.19810349907256,56.47184414702392,51.08989102267122,53.37020569305799,2.38,94.0,0.22
PRO,2011-05-11,18.1200008392334,19.729999542236328,17.979999542236328,19.540000915527344,58.10692820256218,52.368433029767324,57.3815166617021,51.548967663464985,53.72696708298389,2.41,100.0,0.21
PRO,2011-05-12,19.5,19.56999969482422,17.649999618530273,17.950000762939453,64.35520240166757,55.755855675901735,58.83731074606564,52.63818403641781,54.26246231871437,2.46,100.0,0.32
PRO,2011-05-13,17.959999084472656,18.520000457763672,17.260000228881836,17.34000015258789,65.08541158378995,56.06771941911285,58.34837090881204,52.84644787682355,54.39294602851068,2.51,99.0,0.33
PRO,2011-05-16,17.290000915527344,17.75,17.06999969482422,17.309999465942383,64.58835188470982,56.00437650078106,56.71107123306568,52.42197494999957,54.3071637511996,2.53,96.0,0.26
PRO,2011-05-17,17.18000030517578,17.3700008392334,17.0,17.309999465942383,64.59412952266221,56.01087946766816,55.58498225518753,52.4084602365001,54.268047822856346,2.55,81.0,0.21
PRO,2011-05-18,17.31999969482422,18.0,17.290000915527344,17.790000915527344,64.64081825811537,56.12918817061075,55.550580230641785,52.47829392679408,54.313541752381454,2.56,80.0,0.17
PRO,2011-05-19,17.850000381469727,18.0,17.56999969482422,17.739999771118164,64.67062323663411,56.098717853685066,55.43610973121543,52.41360163018929,53.84453897557054,2.57,79.0,0.13
PRO,2011-05-20,17.610000610351562,17.84000015258789,17.43000030517578,17.459999084472656,64.84611239455823,55.993096257680165,55.486861760495074,52.441293203993766,53.673876313512395,2.58,79.0,0.09
PRO,2011-05-23,17.200000762939453,17.280000686645508,16.670000076293945,16.790000915527344,66.08303393084368,56.745789493933096,55.92064176837582,52.68896464240079,53.82203558644467,2.6,83.0,0.05
PRO,2011-05-24,16.899999618530273,16.940000534057617,16.450000762939453,16.65999984741211,66.18095451011146,55.85520895548015,55.83267400815816,52.70773561382026,53.787332431290714,2.61,81.0,0.01
PRO,2011-05-25,16.549999237060547,17.049999237060547,16.549999237060547,17.0,66.3308293486985,55.89619631247159,55.864785880277765,52.57832826611616,53.80763611762834,2.62,82.0,-0.02
PRO,2011-05-26,16.920000076293945,17.309999465942383,16.920000076293945,17.190000534057617,66.34051517797243,55.83044354462716,55.67436456566185,52.51987362765445,53.72714194088084,2.63,78.0,-0.04
PRO,2011-05-27,17.209999084472656,17.31999969482422,17.059999465942383,17.25,66.3038760035187,54.79961072010039,55.5969007729733,52.49936927019526,53.725818186502586,2.64,77.0,-0.06
PRO,2011-05-31,17.149999618530273,17.329999923706055,16.739999771118164,16.799999237060547,66.62195783123605,55.19002095875496,55.77418950548263,52.45920199836984,53.74691080019143,2.65,79.0,-0.06
PRO,2011-06-01,16.729999542236328,16.739999771118164,16.0,16.079999923706055,67.95717345155299,56.0572380006879,56.21799754736103,52.74594923733847,53.49326797392829,2.65,84.0,-0.02
PRO,2011-06-02,16.040000915527344,16.260000228881836,15.869999885559082,16.010000228881836,67.84463211921285,53.72745526548063,56.212379365876494,52.739999207096446,53.466227533657296,2.65,83.0,0.04
PRO,2011-06-03,15.760000228881836,16.0,15.59000015258789,15.609999656677246,68.2363438810773,54.041340645592726,55.9534194546924,52.8408717140439,53.177783023135476,2.64,81.0,0.12
PRO,2011-06-06,14.819999694824219,17.68000030517578,13.229999542236328,15.3100004196167,68.48188429651731,53.50926215944283,56.02892753477613,52.849022849048545,53.201679901978615,2.55,81.0,0.04
PRO,2011-06-07,15.390000343322754,16.270000457763672,15.239999771118164,15.890000343322754,69.12638607929125,51.8867710329985,56.202310390452034,52.67431453014155,53.29606311741417,2.46,82.0,-0.13
PRO,2011-06-08,15.800000190734863,15.880000114440918,15.319999694824219,15.6899995803833,69.07024142085992,50.970287940984306,55.444032580682546,52.48504380087332,53.31546499697707,2.38,67.0,-0.21
PRO,2011-06-09,15.6899995803833,16.1299991607666,15.6899995803833,16.0,69.1010281754205,51.003366440802544,55.50445177365929,52.494803915344626,53.009030332555994,2.29,68.0,-0.43
PRO,2011-06-10,15.949999809265137,15.949999809265137,15.15999984741211,15.619999885559082,69.39327561522195,51.25861016176424,55.21554628984625,52.58500142903464,53.05126032472347,2.2,61.0,-0.66
PRO,2011-06-13,15.619999885559082,16.229999542236328,15.600000381469727,15.960000038146973,67.81577464719301,51.40683701144655,53.29908331549955,52.38259073269085,53.06783314965298,2.17,48.0,-0.61
PRO,2011-06-14,16.079999923706055,16.8799991607666,16.079999923706055,16.760000228881836,68.82949345748881,52.268993701462975,53.6291381719741,52.56309754935277,53.039933488028,2.11,49.0,-0.61
PRO,2011-06-15,16.549999237060547,16.809999465942383,16.450000762939453,16.59000015258789,68.58994176360493,51.8347969825429,53.6481019828798,52.58469865175734,52.96815910315754,2.06,49.0,-0.65
PRO,2011-06-16,16.600000381469727,17.059999465942383,16.469999313354492,17.020000457763672,68.8378628022841,52.04382772477232,53.71286126768465,52.625385902554086,53.01017291647183,2.0,49.0,-0.71
PRO,2011-06-17,17.0,17.18000030517578,15.670000076293945,15.75,72.23750460285007,54.613336840959235,54.96068123123895,53.48563353604894,53.610611228279595,1.94,58.0,-0.8
PRO,2011-06-20,15.670000076293945,16.18000030517578,15.40999984741211,15.899999618530273,54.48123401197472,54.61160301785668,54.81117487622651,53.4721771694158,53.42201054759769,1.89,57.0,-0.91
PRO,2011-06-21,16.020000457763672,17.139999389648438,16.020000457763672,16.950000762939453,56.05552678817902,56.05985205018119,55.60905561861729,53.897318540282136,53.69325072782393,1.83,71.0,-1.1
PRO,2011-06-22,16.799999237060547,17.149999618530273,16.799999237060547,16.920000076293945,56.04298490958902,56.008706390088015,53.690006891035026,53.84155613810477,53.67312359319253,1.81,45.0,-1.08
PRO,2011-06-23,16.65999984741211,17.25,16.639999389648438,17.100000381469727,51.9293178548016,55.99126207950928,53.694743260471654,53.83959848649583,53.640898963618355,1.79,45.0,-1.07
PRO,2011-06-24,17.030000686645508,17.280000686645508,16.600000381469727,16.979999542236328,46.01736297130656,56.027059635951446,52.815633247475205,53.77603859571485,53.64358006096822,1.78,25.0,-1.06
PRO,2011-06-27,16.940000534057617,17.399999618530273,16.8700008392334,17.280000686645508,45.268997243454244,55.784075056250934,52.83742764072489,53.781874450038266,53.59814483096423,1.77,25.0,-1.05
PRO,2011-06-28,17.280000686645508,17.90999984741211,17.25,17.649999618530273,45.6832954285713,55.66048857172703,52.50192143242276,53.77999914310412,53.42809314705042,1.76,21.0,-1.05
PRO,2011-06-29,17.75,17.75,17.209999084472656,17.229999542236328,46.242832477309,55.94601371213683,52.28140288521688,53.87844272033948,53.38199246881644,1.77,19.0,-1.05
PRO,2011-06-30,17.25,17.729999542236328,17.25,17.489999771118164,45.7395370984713,55.80588082276026,51.852508133443386,53.893965306801284,53.113928896661236,1.78,3.0,-1.06
PRO,2011-07-01,17.510000228881836,17.510000228881836,17.0,17.329999923706055,45.80404130094224,55.85857049967606,51.9022589284588,53.908992882591825,53.1038225440158,1.79,6.0,-1.07
PRO,2011-07-05,17.280000686645508,17.329999923706055,17.139999389648438,17.25,45.59644356555878,55.826892704983635,51.894106596825075,53.91509492771532,53.09272558682901,1.8,6.0,-1.08
PRO,2011-07-06,17.280000686645508,17.530000686645508,16.979999542236328,17.31999969482422,44.10262998102504,55.79489903917665,51.608079994250886,53.89535408051063,52.930206712809195,1.81,2.0,-1.08
PRO,2011-07-07,17.440000534057617,17.68000030517578,17.350000381469727,17.649999618530273,44.31582381969919,55.887444059456534,51.557206614466054,53.527468909319985,52.936214156124606,1.82,2.0,-1.08
PRO,2011-07-08,17.450000762939453,17.600000381469727,17.06999969482422,17.559999465942383,44.01483507040733,55.91406104863115,50.642197789635446,53.535736566819324,52.93285437441132,1.85,1.0,-1.06
PRO,2011-07-11,17.31999969482422,17.450000762939453,16.84000015258789,16.950000762939453,45.14049136551127,56.46929731510596,51.00800317262604,53.72955280792331,53.00419319667472,1.88,2.0,-1.07
PRO,2011-07-12,16.950000762939453,17.290000915527344,16.559999465942383,16.670000076293945,45.36412518355283,56.599700059761645,50.84418438277864,53.61952089128677,52.69597058938673,1.9,2.0,-1.07
PRO,2011-07-13,16.84000015258789,17.540000915527344,16.84000015258789,17.34000015258789,46.180162896133815,56.882245705517285,51.12967194383935,53.786563327445855,52.81813738628788,1.92,4.0,-1.08
PRO,2011-07-14,17.34000015258789,17.420000076293945,16.34000015258789,16.459999084472656,46.93525837579961,57.92776928579747,51.88810882302939,54.16332767000416,53.06777979141554,1.93,12.0,-1.1
PRO,2011-07-15,16.5,16.809999465942383,16.239999771118164,16.760000228881836,47.17120293061814,57.9345416326567,51.88842826665987,54.14379476345987,52.75751395134976,1.94,13.0,-1.11
PRO,2011-07-18,16.739999771118164,16.899999618530273,16.200000762939453,16.600000381469727,46.61123448877873,57.94250020813012,51.9052084220705,54.04157149531129,52.67724428884105,1.95,16.0,-1.13
PRO,2011-07-19,16.780000686645508,18.270000457763672,16.780000686645508,18.170000076293945,52.68323633379129,60.73844435912944,53.57014996965497,54.83010793711776,53.21200716684709,1.95,41.0,-1.12
PRO,2011-07-20,18.09000015258789,18.200000762939453,17.719999313354492,17.959999084472656,52.04465352065215,60.68848584346188,53.623143142443595,54.72309634447361,53.02792667538982,1.94,41.0,-1.11
PRO,2011-07-21,18.0,18.139999389648438,17.719999313354492,17.739999771118164,52.03519943254559,60.65124576465101,53.12444345740162,54.38039292251982,52.99868202386817,1.94,35.0,-1.11
PRO,2011-07-22,17.809999465942383,17.809999465942383,17.25,17.389999389648438,52.27311825981387,60.746680838972466,53.2533491053177,54.41793869119977,52.980753067651634,1.94,37.0,-1.11
PRO,2011-07-25,17.18000030517578,17.459999084472656,16.860000610351562,16.93000030517578,52.40266465716553,60.96937160307655,53.45174858943514,54.449496726652335,53.05676004517426,1.94,38.0,-1.11
PRO,2011-07-26,16.90999984741211,16.90999984741211,16.260000228881836,16.399999618530273,53.01223013731619,60.348252983686415,53.03602305363092,54.08247051229998,53.16845032187321,1.95,35.0,-1.12
PRO,2011-07-27,16.309999465942383,16.43000030517578,15.90999984741211,16.290000915527344,51.050585310156784,60.1627403268743,53.05681469848233,53.98025561074801,52.80475289953631,1.95,36.0,-1.13
PRO,2011-07-28,16.34000015258789,16.600000381469727,16.25,16.450000762939453,51.06434382170247,60.02079243547366,53.02410086929679,53.977678458127954,52.72576138931545,1.95,35.0,-1.14
PRO,2011-07-29,16.18000030517578,16.5,16.030000686645508,16.31999969482422,50.5097688887196,60.001193133308384,51.525328896051946,53.90477819307482,52.724629152054725,1.96,6.0,-1.15
PRO,2011-08-01,16.469999313354492,16.639999389648438,15.850000381469727,16.0,45.46563058050041,59.85425418165234,51.641962477656314,53.84314831073923,52.72943190619763,1.98,9.0,-1.16
PRO,2011-08-02,15.869999885559082,16.479999542236328,15.8100004196167,15.819999694824219,45.509161940778725,49.81854786291092,51.24974251764781,53.80658720059148,52.66523415453251,1.99,5.0,-1.16
PRO,2011-08-03,15.899999618530273,16.030000686645508,15.199999809265137,15.970000267028809,41.391588266841126,48.853765472924415,49.92544416323548,53.58101598505609,52.6683632992724,2.01,1.0,-1.08
PRO,2011-08-04,16.229999542236328,16.34000015258789,14.800000190734863,14.9399995803833,45.43835308378888,50.60026923651939,50.44577750009179,53.59386931241828,53.125132494979454,2.02,2.0,-1.05
PRO,2011-08-05,15.149999618530273,15.220000267028809,13.720000267028809,14.5,45.810898732934206,48.556323235563276,50.62396648162548,53.69730226356539,52.968090733141956,2.03,3.0,-1.02
PRO,2011-08-08,14.09000015258789,14.84000015258789,12.949999809265137,12.949999809265137,55.417588201599834,50.827213245031885,53.71488496476873,55.35392728977404,54.197698346769144,2.01,56.0,-0.97
PRO,2011-08-09,13.34000015258789,13.619999885559082,11.989999771118164,13.369999885559082,56.16927297104656,51.02569671846343,53.95061413360295,55.44845248128249,54.27117102605631,1.99,58.0,-0.91
PRO,2011-08-10,13.020000457763672,13.489999771118164,12.40999984741211,12.550000190734863,57.60095356159245,52.43195475302149,54.81876944547165,55.935038658856406,54.42633166454177,1.98,65.0,-0.87
PRO,2011-08-11,12.710000038146973,14.029999732971191,12.5600004196167,13.579999923706055,63.09361765042316,55.195387465987665,56.05118286118861,56.68052666361214,54.96139384210572,1.97,87.0,-0.86
PRO,2011-08-12,13.739999771118164,13.739999771118164,12.920000076293945,13.430000305175781,62.722319580237986,54.82247778984613,56.07591845403579,56.6674087734557,54.73223459274815,1.96,88.0,-0.85
PRO,2011-08-15,13.529999732971191,13.789999961853027,13.4399995803833,13.520000457763672,62.88227065673754,54.8708210433399,56.086561599573294,56.66114687562267,54.18347992624781,1.96,89.0,-0.85
PRO,2011-08-16,13.350000381469727,13.569999694824219,12.970000267028809,13.359999656677246,62.88095337879922,54.841471421745624,56.11015056675905,56.63949176042591,54.027052372534115,1.96,90.0,-0.85
PRO,2011-08-17,13.4399995803833,13.4399995803833,12.40999984741211,12.489999771118164,65.00890274722961,55.89761067560125,57.10470546925187,57.154087034050264,54.27518315143314,1.97,97.0,-0.86
PRO,2011-08-18,12.100000381469727,12.100000381469727,11.3100004196167,11.460000038146973,67.88388355550804,58.31808898365027,58.6071501532839,58.07465801084739,53.77897833979105,2.03,99.0,-0.77
PRO,2011-08-19,11.25,12.029999732971191,11.029999732971191,11.149999618530273,67.92671290543326,58.21256865241131,58.73956258507806,58.023859453169855,53.846118065119896,2.08,99.0,-0.7
PRO,2011-08-22,11.489999771118164,11.670000076293945,11.300000190734863,11.460000038146973,68.73520760437876,58.52479462858585,58.92855426236559,57.80597988076157,53.8222150524712,2.14,100.0,-0.65
PRO,2011-08-23,11.550000190734863,12.279999732971191,11.5,12.270000457763672,72.6459698061405,60.48363978550889,59.737779072741624,58.325039988728975,54.17703067420017,2.22,100.0,-0.52
PRO,2011-08-24,12.1899995803833,13.25,12.069999694824219,13.170000076293945,75.03831423410753,62.31254594878018,60.741407325933835,58.84795056569764,54.597889312659554,2.32,100.0,-0.24
PRO,2011-08-25,13.279999732971191,13.279999732971191,12.380000114440918,12.399999618530273,75.47992905224827,62.84929391953313,61.46951762287177,59.088966276794565,54.95544859604341,2.44,100.0,0.08
PRO,2011-08-26,12.369999885559082,13.550000190734863,12.369999885559082,13.529999732971191,80.18371805406143,65.58966967806602,62.91920195156072,59.83530740672675,55.29509178049381,2.59,100.0,0.66
PRO,2011-08-29,13.739999771118164,15.720000267028809,13.6899995803833,15.430000305175781,89.6613965659325,70.93827804952593,66.32635503169921,61.79786788003568,56.76982558395066,2.87,100.0,2.55
PRO,2011-08-30,15.3100004196167,15.880000114440918,14.829999923706055,15.6899995803833,85.48027223898795,70.90662175574856,66.35814053427784,61.15460152108886,56.78715199379779,3.11,100.0,3.08
PRO,2011-08-31,15.829999923706055,15.930000305175781,15.420000076293945,15.859999656677246,85.57345608519728,70.52715758542224,66.36728037231711,61.05096414822175,56.73823187114652,3.33,100.0,3.06
PRO,2011-09-01,15.90999984741211,16.239999771118164,15.15999984741211,15.300000190734863,86.04227019263828,70.8658706395064,66.62527388697967,61.21319918818595,56.85575754243936,3.54,100.0,2.9
PRO,2011-09-02,14.869999885559082,15.539999961853027,14.869999885559082,15.100000381469727,85.96209757618608,70.78899375338695,66.65834919623491,61.2204833690967,56.87625332409182,3.73,100.0,2.63
PRO,2011-09-06,14.529999732971191,14.880000114440918,14.369999885559082,14.829999923706055,85.80365649516902,70.7161740410307,66.72244874133246,61.07739031292152,56.9132646742644,3.9,100.0,2.32
PRO,2011-09-07,15.170000076293945,16.190000534057617,15.140000343322754,16.09000015258789,88.89289778349755,72.57316872934018,67.95832173206992,61.36136598953329,57.34459867309339,4.1,100.0,2.13
PRO,2011-09-08,15.989999771118164,16.260000228881836,14.970000267028809,15.100000381469727,90.73490519385727,73.00162398428722,68.59195527483311,61.03136274371781,57.67546430626906,4.31,100.0,1.95
PRO,2011-09-09,14.960000038146973,14.960000038146973,14.0,14.220000267028809,92.15758379871907,73.95688790471574,69.23931689857001,60.93568626427164,57.993368841165314,4.52,100.0,1.78
PRO,2011-09-12,13.9399995803833,15.09000015258789,13.90999984741211,15.09000015258789,94.0088250121698,74.82561782646144,69.83108736762492,61.26106989495392,58.16417405169489,4.73,100.0,1.62
PRO,2011-09-13,15.130000114440918,15.130000114440918,14.5600004196167,14.90999984741211,93.91199202562271,73.18699377837956,69.8308777130449,61.23484828187856,58.176200158178744,4.92,99.0,1.41
PRO,2011-09-14,15.0,15.170000076293945,14.579999923706055,14.920000076293945,93.87683883475442,73.15582825851554,69.8278897204586,61.198833184708064,58.16539292720003,5.1,98.0,1.19
PRO,2011-09-15,15.010000228881836,15.279999732971191,14.739999771118164,14.930000305175781,93.81878099447813,71.89259109369266,69.78281359420887,61.19536592878397,58.16016512952158,5.27,97.0,0.96
PRO,2011-09-16,15.050000190734863,15.069999694824219,14.630000114440918,15.0,91.81889539895576,71.9060543137519,69.74284986620349,61.12199258170678,58.12008305227055,5.43,96.0,0.74
PRO,2011-09-19,14.640000343322754,14.970000267028809,14.430000305175781,14.720000267028809,91.56036393388344,71.93886826719424,69.77731350763806,61.14868779301089,57.931832752907845,5.57,96.0,0.54
PRO,2011-09-20,14.899999618530273,14.899999618530273,13.960000038146973,13.970000267028809,86.56978602325388,72.65518316070664,70.21130353516453,61.35613875310539,58.04780640714321,5.72,100.0,0.36
PRO,2011-09-21,14.029999732971191,14.1899995803833,12.920000076293945,12.970000267028809,88.87713986644118,73.95808855303626,70.60201256887171,61.97239426101232,58.52627089149841,5.86,100.0,0.2
PRO,2011-09-22,12.470000267028809,13.119999885559082,12.289999961853027,12.720000267028809,87.0982661659476,73.81752735749791,70.57559433270548,61.9926400939936,58.560405494929505,6.0,99.0,0.04
PRO,2011-09-23,12.710000038146973,13.15999984741211,12.5,12.84000015258789,83.93187478772475,73.77555199141119,70.53452694564783,61.96114814427002,58.41921675262498,6.13,98.0,-0.11
PRO,2011-09-26,12.949999809265137,12.970000267028809,12.369999885559082,12.930000305175781,83.92260500500049,73.70171659280412,70.50811831600437,61.95182579032274,58.34900173054495,6.24,97.0,-0.25
PRO,2011-09-27,13.260000228881836,13.449999809265137,12.979999542236328,13.300000190734863,84.33082813043255,74.00963351287879,70.53751825421244,61.841546792681946,58.40788142003671,6.35,98.0,-0.38
PRO,2011-09-28,13.289999961853027,13.289999961853027,12.75,12.899999618530273,84.72087754919757,74.20309054375275,65.73813028750503,61.927212105409865,58.482709211207684,6.4,79.0,-0.5
PRO,2011-09-29,13.279999732971191,13.40999984741211,12.300000190734863,12.720000267028809,82.48251759027484,74.20316404192613,65.27581432878947,61.89077794859706,58.50186070390184,6.44,78.0,-0.59
PRO,2011-09-30,12.470000267028809,13.520000457763672,12.399999618530273,12.890000343322754,78.33216229696664,74.1346112229722,65.32561536827721,61.53531231369905,58.49810968371838,6.49,78.0,-0.69
PRO,2011-10-03,12.75,13.149999618530273,11.640000343322754,11.65999984741211,83.53926012856127,76.65095469641551,66.0575203868577,62.68073138286425,59.341878516877266,6.54,79.0,-0.78
PRO,2011-10-04,11.630000114440918,14.020000457763672,11.529999732971191,13.869999885559082,97.11563221353366,84.84910960299207,70.69629605787922,65.72497158981764,61.759320390318805,6.66,100.0,-0.86
PRO,2011-10-05,13.779999732971191,14.369999885559082,13.779999732971191,14.239999771118164,95.53887825699456,85.01812187740725,70.65572613376438,64.9166802695867,61.801122778565606,6.78,99.0,-0.94
PRO,2011-10-06,14.140000343322754,14.779999732971191,14.0600004196167,14.739999771118164,93.9321922672343,84.92061675697549,70.89266370634071,64.97898144589696,61.8466008357285,6.89,100.0,-1.03
PRO,2011-10-07,14.770000457763672,14.869999885559082,14.020000457763672,14.25,92.67101044922045,84.54855246235688,71.07606228069406,65.09328499562747,61.932556956599214,7.0,100.0,-1.1
PRO,2011-10-10,14.579999923706055,15.0,14.300000190734863,14.930000305175781,90.24262472729681,85.04480224216134,71.34346225907022,65.29964007208267,62.07375278609384,7.11,100.0,-1.17
PRO,2011-10-11,14.800000190734863,15.020000457763672,14.569999694824219,14.779999732971191,81.69980778321653,85.04681072674803,71.35558891302833,65.18666238591373,62.08421950695801,7.21,100.0,-1.24
PRO,2011-10-12,14.9399995803833,15.569999694824219,14.9399995803833,15.420000076293945,82.53021880906302,83.37463553491004,71.66219832875736,65.27888711620876,62.214532451208946,7.32,100.0,-1.29
PRO,2011-10-13,15.260000228881836,15.739999771118164,15.199999809265137,15.510000228881836,82.48344404071074,83.37183930991922,71.41210518223714,65.27277875024743,62.21366346091588,7.42,99.0,-1.35
PRO,2011-10-14,15.729999542236328,16.360000610351562,15.619999885559082,16.309999465942383,83.07005352014268,84.03984609626227,71.86113081511328,64.67318803588606,62.39902439730628,7.52,100.0,-1.4
PRO,2011-10-17,16.139999389648438,16.139999389648438,14.630000114440918,14.6899995803833,88.57870758164874,86.59051524307242,73.6673696442404,65.90584422481406,63.28993859975763,7.64,100.0,-1.43
PRO,2011-10-18,14.8100004196167,15.430000305175781,14.210000038146973,15.279999732971191,89.17538309245812,86.86905084313571,73.92634896032168,65.6055822359676,63.17377730087448,7.77,100.0,-1.45
PRO,2011-10-19,15.220000267028809,15.34000015258789,14.460000038146973,14.5600004196167,86.89373342789189,87.1775927941435,74.29880221161409,65.87136584531541,63.37322569435424,7.89,100.0,-1.47
PRO,2011-10-20,14.579999923706055,14.779999732971191,13.829999923706055,14.720000267028809,85.0735783585411,87.2116383275219,74.218839747608,65.73126788124388,63.37849637002303,8.01,99.0,-1.49
PRO,2011-10-21,14.920000076293945,15.539999961853027,14.739999771118164,15.529999732971191,84.57504943109426,87.91643233833798,74.40950415427044,65.85034371484653,63.48442165644711,8.13,100.0,-1.52
PRO,2011-10-24,15.59000015258789,16.389999389648438,15.59000015258789,16.200000762939453,83.72240085194073,88.34663680412184,74.71261033309364,65.79431963285302,63.60808033320991,8.25,100.0,-1.54
PRO,2011-10-25,16.059999465942383,16.219999313354492,14.84000015258789,14.9399995803833,87.07009843750761,89.80585772866002,75.71066084946364,66.52862326240019,64.13290350708665,8.37,100.0,-1.55
PRO,2011-10-26,15.220000267028809,15.25,14.4399995803833,15.079999923706055,87.1114506319956,89.80563339253078,75.66481816527879,66.5131082868818,64.11153774809223,8.49,99.0,-1.56
PRO,2011-10-27,15.6899995803833,16.309999465942383,15.430000305175781,16.200000762939453,89.5287248194896,91.0052613062609,76.29273144610592,66.88187946365308,64.41298790985176,8.62,100.0,-1.57
PRO,2011-10-28,16.100000381469727,16.440000534057617,15.930000305175781,16.299999237060547,89.53255000095298,89.93591466676114,76.27047670725278,66.85051870924667,64.28729211756202,8.74,99.0,-1.57
PRO,2011-10-31,16.020000457763672,16.06999969482422,15.579999923706055,15.859999656677246,89.74512801800931,89.89975797370631,76.33383020420949,66.5108843478618,64.27833311757118,8.85,100.0,-1.58
PRO,2011-11-01,15.09000015258789,15.529999732971191,14.489999771118164,14.59000015258789,91.82886900934683,88.48281177837416,77.38413234547089,67.25639820280189,64.60295942866986,8.97,100.0,-1.58
PRO,2011-11-02,14.9399995803833,15.069999694824219,14.460000038146973,14.6899995803833,88.98187898928525,88.26947195073213,77.31185503916743,67.13299114879771,64.58449769008519,9.06,99.0,-1.58
PRO,2011-11-03,14.920000076293945,15.760000228881836,14.470000267028809,15.680000305175781,90.40249578378925,88.16512889049103,77.62167515570461,67.54971870885016,64.84957161332008,9.16,100.0,-1.57
PRO,2011-11-04,15.989999771118164,16.670000076293945,15.989999771118164,16.100000381469727,90.57686337679877,86.90145507289748,77.72493070994788,67.61437444916078,64.59607842341035,9.25,100.0,-1.57
PRO,2011-11-07,16.049999237060547,16.31999969482422,15.489999771118164,16.190000534057617,90.57853928614901,86.85436123178188,77.62010566609163,67.58782630928411,64.52650322185619,9.33,98.0,-1.57
PRO,2011-11-08,16.3700008392334,16.540000915527344,15.789999961853027,16.389999389648438,90.3793175865029,86.87174997122554,76.65423200632958,67.59296026169505,64.52851717821207,9.4,95.0,-1.58
PRO,2011-11-09,15.789999961853027,16.229999542236328,15.289999961853027,15.300000190734863,92.4176177211458,88.06942024479409,77.42198597596524,68.05130145127303,64.85683166004213,9.48,97.0,-1.58
PRO,2011-11-10,15.649999618530273,15.970000267028809,15.239999771118164,15.720000267028809,92.42309271883518,87.00177009842314,76.86136039503471,68.11875918722676,64.8382209622579,9.55,94.0,-1.58
PRO,2011-11-11,15.960000038146973,16.559999465942383,15.960000038146973,16.450000762939453,93.07722268115207,85.35562903020251,77.20931413064407,68.09509870854083,64.95312134228475,9.6,94.0,-1.57
PRO,2011-11-14,16.350000381469727,16.510000228881836,16.229999542236328,16.420000076293945,87.30692429762726,85.08798499157533,77.18999573208028,68.09439916517071,64.82038949357799,9.64,93.0,-1.57
PRO,2011-11-15,16.399999618530273,16.610000610351562,16.1299991607666,16.530000686645508,72.51865312816506,84.97573068532522,77.19069445063303,68.0880737778675,64.46367796929341,9.67,93.0,-1.56
PRO,2011-11-16,16.260000228881836,16.93000030517578,16.260000228881836,16.34000015258789,72.4202482354387,84.05044050054428,77.15818196081105,67.77799015944352,64.45920045042081,9.7,91.0,-1.54
PRO,2011-11-17,16.31999969482422,16.360000610351562,15.670000076293945,15.84000015258789,72.55988998253956,83.22188415344336,77.22927546571943,67.88865972541211,64.51422195211718,9.71,94.0,-1.53
PRO,2011-11-18,15.850000381469727,15.880000114440918,15.279999732971191,15.489999771118164,72.13763643545057,82.34804512163284,77.21657701886873,67.92366095613953,64.54631891721718,9.71,93.0,-1.51
PRO,2011-11-21,15.09000015258789,15.140000343322754,14.699999809265137,14.960000038146973,71.69719485664649,80.84648664910118,77.35769312339161,67.3797216926277,64.62302760745885,9.71,95.0,-1.48
PRO,2011-11-22,14.899999618530273,15.050000190734863,14.4399995803833,14.579999923706055,72.0321210793301,76.36635672497056,77.44371084211723,67.45208264869679,64.68003752343213,9.7,97.0,-1.46
PRO,2011-11-23,14.380000114440918,14.380000114440918,13.670000076293945,13.729999542236328,72.85270146116632,77.22443527685914,77.99465976713124,67.66348308808625,64.95105367584975,9.68,100.0,-1.43
PRO,2011-11-25,13.630000114440918,13.789999961853027,13.199999809265137,13.199999809265137,73.50467370943667,77.54693989744197,78.20915794276722,67.24389359326047,65.07285621446198,9.66,100.0,-1.4
PRO,2011-11-28,14.010000228881836,15.140000343322754,13.859999656677246,14.920000076293945,80.86517580104007,81.37980614888556,80.6293343653995,68.52938977964402,66.16780313626116,9.67,100.0,-1.35
PRO,2011-11-29,14.90999984741211,15.170000076293945,14.569999694824219,14.729999542236328,75.0030320975289,81.37755184120425,80.64695483641954,68.5262962198995,66.13833657838256,9.65,100.0,-1.31
PRO,2011-11-30,15.5600004196167,16.209999084472656,15.5600004196167,16.010000228881836,78.02426763522288,83.07366996663971,81.5836226178685,69.22491539271674,66.6346148632841,9.65,100.0,-1.27
PRO,2011-12-01,15.899999618530273,16.610000610351562,15.609999656677246,16.200000762939453,76.62083094206692,81.40821368852201,81.56585165371666,69.23242864752925,66.55647520841761,9.63,99.0,-1.22
PRO,2011-12-02,16.520000457763672,16.709999084472656,16.209999084472656,16.579999923706055,76.80542229426273,80.44765763092158,81.40542850233577,69.27117302238881,66.41075627117537,9.6,98.0,-1.18
PRO,2011-12-05,16.950000762939453,17.420000076293945,16.709999084472656,17.149999618530273,75.90459682506149,79.67350031652921,81.1600844544461,69.26838156537868,66.46845821261017,9.57,97.0,-1.13
PRO,2011-12-06,17.139999389648438,17.139999389648438,16.309999465942383,16.790000915527344,75.30207636182212,78.95155238923664,81.18213885024547,69.31867692535079,66.47113969637789,9.54,97.0,-1.08
PRO,2011-12-07,16.649999618530273,16.93000030517578,16.020000457763672,16.81999969482422,71.16178751190142,78.89931953672797,81.1679450264139,69.31872131229086,66.34811832297056,9.49,96.0,-1.03
PRO,2011-12-08,16.610000610351562,16.780000686645508,15.960000038146973,16.040000915527344,72.67750497367209,79.5487023408848,80.21119625152222,69.55146747542194,66.44191554028428,9.45,92.0,-0.97
PRO,2011-12-09,16.079999923706055,17.059999465942383,16.040000915527344,16.8700008392334,71.15808880391154,80.18602425255224,80.61107814591807,69.7994561475159,66.6224734648641,9.41,92.0,-0.91
PRO,2011-12-12,16.56999969482422,17.09000015258789,16.350000381469727,17.049999237060547,71.19597203878783,80.20360079934765,80.60858276143809,69.78729506393034,66.18879245185556,9.35,91.0,-0.84
PRO,2011-12-13,17.239999771118164,17.350000381469727,16.559999465942383,16.579999923706055,71.21689329839106,80.32700948825665,80.6681304028574,69.86505558422968,66.17958827259932,9.29,94.0,-0.77
PRO,2011-12-14,16.450000762939453,16.540000915527344,15.300000190734863,15.75,68.44307010659988,80.30015886922132,80.96567853742044,70.13805786231711,66.38922045512751,9.23,94.0,-0.7
PRO,2011-12-15,16.079999923706055,16.510000228881836,15.460000038146973,16.5,69.6153747678239,79.20806093234974,81.15476938494815,70.24998429428085,66.53133739741112,9.15,94.0,-0.62
PRO,2011-12-16,16.639999389648438,17.329999923706055,16.139999389648438,16.260000228881836,67.3099096412323,79.15327509697528,81.18138388038582,70.22099493759283,66.42826022652054,9.06,96.0,-0.54
PRO,2011-12-19,16.450000762939453,16.899999618530273,15.619999885559082,15.6899995803833,67.69383215291747,79.5623932390059,81.36233915500549,70.35307895991212,66.2264670800574,8.96,97.0,-0.45
PRO,2011-12-20,16.239999771118164,17.170000076293945,16.190000534057617,17.079999923706055,72.10763870210576,81.29756725045225,82.47229996801043,70.99715830473934,66.22463802988051,8.84,100.0,-0.38
PRO,2011-12-21,16.93000030517578,16.93000030517578,15.1899995803833,15.3100004196167,78.87518924947553,84.42488213235528,84.24008044030347,72.18593483678043,66.80352523834947,8.73,100.0,-0.31
PRO,2011-12-22,15.510000228881836,15.829999923706055,15.210000038146973,15.3100004196167,76.30997313139456,84.14837746711491,84.22205323771135,72.17768334657721,66.76612165983352,8.6,99.0,-0.26
PRO,2011-12-23,15.399999618530273,15.399999618530273,14.869999885559082,15.34000015258789,75.88203846904943,84.07492638501101,84.20834791856625,72.17375796828364,66.73589827756462,8.42,98.0,-0.28
PRO,2011-12-27,15.220000267028809,15.520000457763672,14.869999885559082,15.40999984741211,74.63392320041757,84.04892707354938,83.53801275087461,72.1753719646294,66.71188536199082,8.23,97.0,-0.33
PRO,2011-12-28,15.369999885559082,15.369999885559082,14.760000228881836,14.800000190734863,75.45057890530528,81.77124729263663,83.65114762707461,72.33471126165723,66.83979576204997,8.02,97.0,-0.41
PRO,2011-12-29,14.899999618530273,15.260000228881836,14.899999618530273,15.130000114440918,75.7610828316279,73.86293339086087,81.72212057910902,72.38113086037869,66.82205942008659,7.85,94.0,-0.4
PRO,2011-12-30,15.069999694824219,15.390000343322754,14.84000015258789,14.880000114440918,75.825855018796,73.7698643424909,81.62650899193615,72.4082511662463,66.83127635608942,7.67,93.0,-0.4
PRO,2012-01-03,15.430000305175781,15.430000305175781,14.710000038146973,14.819999694824219,75.36308752410395,73.43825945027,80.9766079444832,72.3380104558112,66.75290082004362,7.5,83.0,-0.4
PRO,2012-01-04,14.760000228881836,15.149999618530273,14.630000114440918,14.819999694824219,75.12244638971468,73.09777719826414,80.02458528024434,72.32930720002703,66.7349530118972,7.33,75.0,-0.37
PRO,2012-01-05,14.710000038146973,14.84000015258789,14.260000228881836,14.739999771118164,74.46899577226262,72.47551768349165,80.00798826627066,72.30224955185837,66.72225270107188,7.14,74.0,-0.35
PRO,2012-01-06,14.680000305175781,15.029999732971191,14.489999771118164,14.920000076293945,74.16201750048738,72.48925151023259,80.02266243970323,72.30274349536212,66.70619367779328,6.95,74.0,-0.37
PRO,2012-01-09,14.960000038146973,14.960000038146973,14.25,14.630000114440918,72.17904415301332,72.05893774277395,80.06371257205458,72.33798751112836,66.72882979734784,6.74,75.0,-0.44
PRO,2012-01-10,14.819999694824219,15.069999694824219,14.670000076293945,14.819999694824219,71.15109832658779,72.1016645185499,79.33265732176274,72.33049388094362,66.60714169075813,6.54,71.0,-0.5
PRO,2012-01-11,14.729999542236328,15.149999618530273,14.5600004196167,14.920000076293945,61.65659249687594,71.33281965267987,78.07689021829297,72.3116798886649,66.59409609484183,6.35,69.0,-0.51
PRO,2012-01-12,15.020000457763672,15.329999923706055,14.550000190734863,15.079999923706055,61.60804733689964,68.05123832177206,77.93759552788696,72.30587749241627,66.56325336780652,6.16,67.0,-0.56
PRO,2012-01-13,14.84000015258789,15.600000381469727,14.770000457763672,15.420000076293945,56.85860460472727,67.72299201483611,77.90097096852327,72.3236749453225,66.34473097364662,5.96,66.0,-0.66
PRO,2012-01-17,15.630000114440918,15.649999618530273,15.4399995803833,15.649999618530273,56.92523278295069,67.02693966643221,77.21898137201026,72.05022830176111,66.35751661951247,5.76,56.0,-0.77
PRO,2012-01-18,15.75,16.760000228881836,15.630000114440918,16.729999542236328,59.86618261666924,68.33566181480121,77.13032046144707,72.42739822447206,66.52010407723209,5.58,50.0,-0.86
PRO,2012-01-19,16.739999771118164,16.81999969482422,16.350000381469727,16.549999237060547,59.08815156601898,67.53507628958718,76.50513694188639,72.39718489141417,65.90964613409979,5.41,47.0,-0.97
PRO,2012-01-20,16.59000015258789,16.8700008392334,16.420000076293945,16.809999465942383,58.96680906607904,67.06022577404171,75.33147995257853,72.40352348975908,65.88510250462572,5.26,41.0,-1.02
PRO,2012-01-23,16.770000457763672,16.940000534057617,16.479999542236328,16.520000457763672,59.17929390479072,64.99052056189748,72.48325412295632,72.35551243327298,65.89811802336054,5.18,34.0,-0.99
PRO,2012-01-24,16.420000076293945,16.6299991607666,16.31999969482422,16.520000457763672,57.4864226032024,64.97172472162816,72.43772716278593,69.8003953509686,65.88947486550194,5.11,33.0,-0.97
PRO,2012-01-25,16.549999237060547,17.020000457763672,16.440000534057617,16.75,55.70000925875929,63.36715635235517,72.45034085357462,69.59720905303382,65.81031934267101,5.03,33.0,-0.94
PRO,2012-01-26,16.709999084472656,16.829999923706055,16.469999313354492,16.719999313354492,55.60596547381647,63.35810203207611,72.21492047774642,69.59693219602508,65.75088965798132,4.96,31.0,-0.92
PRO,2012-01-27,16.709999084472656,17.030000686645508,16.5,16.6200008392334,55.03036923424111,63.10866046155251,72.18841400219156,69.10122339774749,65.75032209569892,4.89,30.0,-0.9
PRO,2012-01-30,16.389999389648438,16.829999923706055,16.350000381469727,16.420000076293945,52.97996492978761,60.68808534509144,72.15478421441097,68.38902046752226,65.17215925021195,4.82,29.0,-0.89
PRO,2012-01-31,16.6299991607666,16.700000762939453,16.18000030517578,16.219999313354492,51.342498626236186,60.748804320778405,71.01756220709193,68.28334967119825,65.18489083303072,4.78,22.0,-0.88
PRO,2012-02-01,16.3799991607666,16.719999313354492,16.31999969482422,16.559999465942383,51.52352472193793,59.43053161739794,70.35373099267555,68.32881946488507,64.88620033046925,4.75,13.0,-0.87
PRO,2012-02-02,16.510000228881836,17.100000381469727,16.510000228881836,16.84000015258789,50.54627220384911,59.28606137316928,69.71310928183064,68.35846361661937,64.9011885982276,4.75,5.0,-0.86
PRO,2012-02-03,16.90999984741211,18.510000228881836,16.889999389648438,18.309999465942383,50.377729453137064,61.6711032576308,70.32921873696664,68.99960961774218,65.3065919183449,4.74,12.0,-0.86
PRO,2012-02-06,18.1200008392334,18.209999084472656,17.6200008392334,17.81999969482422,38.84658040267235,61.920212748490464,70.44639411052688,69.0742854427652,65.2560178492055,4.73,13.0,-0.85
PRO,2012-02-07,17.81999969482422,18.100000381469727,17.59000015258789,17.719999313354492,38.94439960921715,60.1898182423063,70.4560193038371,69.0516031062508,65.09689364146386,4.73,13.0,-0.85
PRO,2012-02-08,17.719999313354492,18.040000915527344,17.389999389648438,17.8799991607666,38.951977865059966,59.987421087451274,70.4652391215271,68.90148206978024,65.0988970523266,4.72,13.0,-0.84
PRO,2012-02-09,17.979999542236328,18.049999237060547,17.709999084472656,17.8700008392334,38.986465443834604,59.30784153232926,70.46470527454088,68.89479672377496,65.08424188797525,4.71,12.0,-0.84
PRO,2012-02-10,18.299999237060547,20.25,18.299999237060547,19.530000686645508,43.6418652973571,61.949644685476024,71.72543440561715,69.64703828888442,65.55836703295027,4.69,27.0,-0.82
PRO,2012-02-13,19.889999389648438,20.639999389648438,19.75,20.469999313354492,44.86068174979082,62.602887732634635,71.51483305348673,69.85127929411978,65.68614814488527,4.67,25.0,-0.8
PRO,2012-02-14,19.8700008392334,19.90999984741211,18.950000762939453,19.25,48.87842311750658,63.938302284918194,71.18659964875278,70.23983117379117,65.68719380504969,4.67,21.0,-0.8
PRO,2012-02-15,18.799999237060547,19.020000457763672,18.559999465942383,18.649999618530273,50.13787657131471,63.95167689061172,71.3149810270832,70.27090841037416,65.76422783324567,4.66,21.0,-0.79
PRO,2012-02-16,18.670000076293945,19.360000610351562,18.530000686645508,19.309999465942383,50.6861764285673,64.06673912224196,71.47907428447881,70.18724131938133,65.75841997789253,4.65,24.0,-0.78
PRO,2012-02-17,19.3700008392334,19.3700008392334,18.290000915527344,18.450000762939453,52.95077382164216,64.37949728505995,71.91009634999416,70.40062735970051,65.92016402019955,4.63,28.0,-0.76
PRO,2012-02-21,18.65999984741211,18.979999542236328,18.450000762939453,18.530000686645508,52.93950426523156,64.09078282692504,71.80149164789003,70.33330055903387,65.92069499123231,4.62,26.0,-0.74
PRO,2012-02-22,18.559999465942383,18.649999618530273,18.389999389648438,18.479999542236328,52.41821393364354,62.704930697267926,71.60312371284677,70.29299123992227,65.90173207963619,4.52,23.0,-0.8
PRO,2012-02-23,18.469999313354492,18.989999771118164,18.31999969482422,18.959999084472656,52.655749836283796,62.155407713909796,71.63137219492332,70.22268745267432,65.94037904571942,4.41,23.0,-0.93
PRO,2012-02-24,19.0,19.0,18.420000076293945,18.440000534057617,53.68175458930276,57.59283687403357,71.79255784860567,70.28694772138739,65.96581738703689,4.3,25.0,-1.1
PRO,2012-02-27,18.239999771118164,18.40999984741211,17.3700008392334,18.079999923706055,54.22389106888813,57.69374864193074,69.94078889900003,70.29374095349537,66.00014665893507,4.22,2.0,-1.25
PRO,2012-02-28,18.15999984741211,18.799999237060547,17.889999389648438,18.0,54.081127268094654,55.25362235754566,64.47552471026258,70.23495057524381,65.84098191870262,4.35,1.0,-0.93
PRO,2012-02-29,18.0,18.3700008392334,17.5,17.530000686645508,54.759473592669885,55.518074606023795,64.52568963824386,70.26492720077857,65.90015531824854,4.47,2.0,-0.71
PRO,2012-03-01,17.700000762939453,18.479999542236328,17.700000762939453,17.850000381469727,51.62536848045968,55.4420998350194,64.3680706133296,70.060459212664,65.91461782827766,4.59,1.0,-0.54
PRO,2012-03-02,17.8799991607666,18.219999313354492,17.56999969482422,18.0,51.50560239348775,55.047532290467224,64.11999498747333,70.05555389468374,65.67415357381815,4.72,1.0,-0.41
PRO,2012-03-05,17.780000686645508,18.09000015258789,17.670000076293945,17.979999542236328,51.372535956936794,54.857893700518176,63.72745317292227,69.99188933463734,65.67452001059935,4.86,1.0,-0.31
PRO,2012-03-06,17.68000030517578,18.219999313354492,17.5,18.100000381469727,51.04522678726018,54.86939941229523,63.702925082195264,69.37972721078464,65.65946241605039,4.99,1.0,-0.26
PRO,2012-03-07,18.0,18.25,17.920000076293945,18.110000610351562,51.04261489047922,53.923148949893175,63.373498475864196,69.37199668659952,65.16491736418234,5.12,1.0,-0.22
PRO,2012-03-08,18.1299991607666,18.469999313354492,18.100000381469727,18.43000030517578,51.121349402927116,53.07554243855993,63.42046366363196,68.9927354475724,65.18522364297922,5.25,2.0,-0.22
PRO,2012-03-09,18.399999618530273,18.59000015258789,18.239999771118164,18.549999237060547,51.107614109039886,53.051938947267566,62.9460101231088,68.9958898234664,65.05528997744801,5.39,1.0,-0.22
PRO,2012-03-12,18.56999969482422,18.979999542236328,18.5,18.690000534057617,51.0402889207311,52.710483145158236,60.617896805713386,68.99054679383116,64.64088718036098,5.59,1.0,-0.15
PRO,2012-03-13,18.799999237060547,18.959999084472656,18.610000610351562,18.8700008392334,50.835461783113345,51.54248859514371,60.33924459850858,68.99302724516797,64.45250027444325,5.79,1.0,-0.12
PRO,2012-03-14,18.799999237060547,18.799999237060547,18.3700008392334,18.520000457763672,51.056257384996364,50.920760910530305,59.89198368926923,69.0010856075082,64.46547259954959,5.99,1.0,-0.12
PRO,2012-03-15,18.530000686645508,18.6299991607666,18.18000030517578,18.5,50.841250953138115,50.80788629938073,59.87882072437555,68.95686999885183,64.46235814454907,6.18,1.0,-0.15
PRO,2012-03-16,18.549999237060547,18.649999618530273,18.020000457763672,18.299999237060547,50.854639747621874,50.27027787062514,59.34545528142826,68.90890114757903,64.46985821658072,6.38,1.0,-0.19
PRO,2012-03-19,18.25,18.75,18.219999313354492,18.549999237060547,44.86753840155575,47.32030973366724,59.01986373848058,68.904888976681,64.47303642299859,6.57,1.0,-0.24
PRO,2012-03-20,18.3700008392334,18.440000534057617,18.059999465942383,18.25,44.397087458804684,41.49993033572259,57.599544186220385,68.92386230335153,64.40978155907857,6.79,1.0,-0.26
PRO,2012-03-21,18.280000686645508,18.649999618530273,18.280000686645508,18.40999984741211,44.41160229649132,41.512183042584795,57.59768545888723,68.92857211946709,64.41426883586858,7.0,1.0,-0.3
PRO,2012-03-22,18.190000534057617,18.479999542236328,17.959999084472656,18.31999969482422,44.38435666445008,41.543836730764234,56.5131942992319,68.92996536866134,64.41703281157892,7.22,1.0,-0.33
PRO,2012-03-23,18.280000686645508,18.540000915527344,18.139999389648438,18.5,44.45768498975671,41.56619069740954,56.5241573798579,68.90387781563048,64.41932544045976,7.43,2.0,-0.38
PRO,2012-03-26,18.760000228881836,19.399999618530273,18.649999618530273,18.979999542236328,36.72817353125165,40.81447554093799,56.46672782851434,68.96603272421484,64.46589683401956,7.63,1.0,-0.45
PRO,2012-03-27,18.969999313354492,19.010000228881836,18.75,18.760000228881836,33.89789986453624,40.76746782430146,54.83386191248806,68.84981497401422,64.46243313246232,7.85,1.0,-0.47
PRO,2012-03-28,18.81999969482422,18.81999969482422,18.540000915527344,18.790000915527344,29.00886097089545,40.551333300600795,54.82966794223082,68.81940874643192,64.45723788374345,8.06,1.0,-0.52
PRO,2012-03-29,18.610000610351562,18.93000030517578,18.579999923706055,18.770000457763672,27.49653469370341,40.53106406484648,53.90025869361526,68.6651034656063,64.45751441715962,8.28,1.0,-0.55
PRO,2012-03-30,18.799999237060547,18.799999237060547,18.5,18.700000762939453,25.481587634745473,40.553796082318314,53.761870371316,68.38217598597048,64.38432918530367,8.49,1.0,-0.6
PRO,2012-04-02,18.540000915527344,18.780000686645508,18.270000457763672,18.75,21.720960884013042,40.50852912950397,53.758240218784316,68.35143181779648,64.34238575160288,8.68,1.0,-0.65
PRO,2012-04-03,18.739999771118164,18.829999923706055,18.520000457763672,18.610000610351562,21.811790180467472,40.54009167252175,53.74866831021675,68.34746848698649,64.34810138582047,8.88,1.0,-0.72
PRO,2012-04-04,18.299999237060547,18.299999237060547,17.850000381469727,18.06999969482422,23.43204385519457,40.83010874377178,52.796751606575256,67.59905052005055,64.37268721193938,9.07,1.0,-0.76
PRO,2012-04-05,17.959999084472656,18.459999084472656,17.950000762939453,18.40999984741211,22.826879019902872,40.90329502319627,52.71025551670916,67.62082193323042,64.39723611846813,9.27,1.0,-0.82
PRO,2012-04-09,17.979999542236328,18.690000534057617,17.8799991607666,18.56999969482422,21.511364324510627,40.91146522566175,52.25362315629217,67.61194822029476,64.3942680361157,9.46,1.0,-0.87
PRO,2012-04-10,18.56999969482422,18.719999313354492,18.459999084472656,18.600000381469727,20.66400648051474,40.88718316981779,52.2513862096571,67.56945904524542,64.39022986473631,9.63,1.0,-0.92
PRO,2012-04-11,18.81999969482422,18.8700008392334,18.5,18.850000381469727,20.903215234528812,40.75239376721054,52.27977754095352,67.50907359581063,64.40204219995974,9.8,3.0,-0.97
PRO,2012-04-12,18.799999237060547,19.149999618530273,18.729999542236328,18.8799991607666,19.14570973483244,40.68362877957688,52.23900930356773,67.39896483990618,64.4013182853859,9.96,1.0,-1.03
PRO,2012-04-13,18.729999542236328,18.829999923706055,18.510000228881836,18.6200008392334,19.12087320340606,38.60143960223799,52.03732041291214,67.41545188122994,64.41858020070084,10.12,1.0,-1.08
PRO,2012-04-16,18.75,18.889999389648438,18.479999542236328,18.860000610351562,19.303686275690538,38.57565768750733,51.924383952467124,67.42212682185055,64.42866395362732,10.27,1.0,-1.12
PRO,2012-04-17,19.06999969482422,19.809999465942383,18.979999542236328,19.729999542236328,23.034133024589927,39.477319377963894,52.032906154710176,67.61755879854405,64.52617761182393,10.41,2.0,-1.17
PRO,2012-04-18,19.559999465942383,19.639999389648438,18.889999389648438,19.25,24.36051377499079,39.66161846101354,52.01786199267227,67.64092587680327,64.56897516327078,10.54,2.0,-1.21
PRO,2012-04-19,19.219999313354492,19.65999984741211,19.030000686645508,19.219999313354492,24.379505102831768,39.66718749476703,51.03850970348294,67.62571607861484,64.54841653526603,10.67,1.0,-1.25
PRO,2012-04-20,19.389999389648438,19.940000534057617,19.34000015258789,19.440000534057617,24.10316058265509,39.64058505830599,50.59084797577819,67.62948952148851,64.5475083013343,10.8,1.0,-1.27
PRO,2012-04-23,19.079999923706055,19.079999923706055,18.670000076293945,18.84000015258789,25.889328507817705,40.23510853487612,47.18958692543202,67.25938669531679,64.62769023606462,10.96,1.0,-1.26
PRO,2012-04-24,18.8799991607666,19.3700008392334,18.690000534057617,19.260000228881836,26.564445958138073,40.40746563544847,47.22922805399062,67.20113615285848,64.64047645525788,11.11,2.0,-1.26
PRO,2012-04-25,19.540000915527344,20.0,19.459999084472656,19.5,26.655277229438397,40.342111878769025,45.45508650280502,65.81350959746429,64.62931566537424,11.28,1.0,-1.24
PRO,2012-04-26,19.489999771118164,19.899999618530273,19.450000762939453,19.530000686645508,25.984745750712037,40.22015541108512,45.427804134472225,65.71896495094987,64.6139314334461,11.42,1.0,-1.22
PRO,2012-04-27,19.6200008392334,20.049999237060547,19.15999984741211,20.040000915527344,26.87934715105288,40.32758408431029,45.46062438299078,65.3149348779385,64.63980128933368,11.56,3.0,-1.22
PRO,2012-04-30,20.030000686645508,20.06999969482422,19.600000381469727,19.690000534057617,27.243411328649316,40.44826834638944,45.27446347798107,64.72370179372051,64.43999824541339,11.69,1.0,-1.22
PRO,2012-05-01,19.75,20.6200008392334,19.75,20.079999923706055,27.512964215883734,36.94153833640993,45.21966300129341,64.73775836134732,64.42133724467743,11.81,1.0,-1.22
PRO,2012-05-02,19.850000381469727,20.209999084472656,19.75,20.1200008392334,26.922805207899316,36.45531080889782,45.2196742136265,64.73560374344287,64.38516275048437,11.92,2.0,-1.23
PRO,2012-05-03,20.1200008392334,20.149999618530273,19.530000686645508,19.829999923706055,27.35150738845006,36.5803286879685,44.60393146865741,64.74436331800439,64.39273021915601,12.03,1.0,-1.23
PRO,2012-05-04,19.68000030517578,20.0,19.229999542236328,19.420000076293945,28.108552249516855,36.84377084185756,44.070846825839396,64.27367758218226,64.36444292714937,12.14,1.0,-1.23
PRO,2012-05-07,19.34000015258789,19.979999542236328,19.229999542236328,19.790000915527344,28.450381463638998,37.014990195945515,44.13422712283777,63.432897713087186,62.36232887490757,12.24,2.0,-1.23
PRO,2012-05-08,19.540000915527344,19.540000915527344,16.110000610351562,17.350000381469727,47.4001967611339,42.072139947855774,48.72165778525404,65.30661556232822,63.57363068906261,12.26,12.0,-1.25
PRO,2012-05-09,17.139999389648438,18.139999389648438,16.950000762939453,18.100000381469727,49.09411308738693,41.84935228930203,48.4546377877935,65.41049041249639,63.71537554955638,12.26,12.0,-1.26
PRO,2012-05-10,18.18000030517578,18.18000030517578,16.729999542236328,16.860000610351562,53.07873212751627,42.467302670578064,49.25211282014871,65.51498426396229,63.7259805023371,12.25,14.0,-1.27
PRO,2012-05-11,16.739999771118164,17.270000457763672,16.239999771118164,16.59000015258789,53.19562559882138,42.12523811706785,49.26414231948509,65.03133767915244,63.1816013297874,12.22,15.0,-1.28
PRO,2012-05-14,16.350000381469727,16.40999984741211,16.049999237060547,16.239999771118164,53.42841981831587,41.60179015400111,49.05013735279604,64.67499679258312,63.12332620454646,12.19,14.0,-1.28
PRO,2012-05-15,16.239999771118164,16.399999618530273,16.170000076293945,16.200000762939453,53.38756157234384,40.640094464333494,47.14075138983883,63.867174318986976,63.123540811608194,12.15,10.0,-1.28
PRO,2012-05-16,16.360000610351562,16.360000610351562,16.049999237060547,16.110000610351562,53.38226323369163,40.623157684560724,43.7999125295815,61.957685165186064,63.12576614875107,12.13,1.0,-1.29
PRO,2012-05-17,16.100000381469727,16.110000610351562,15.800000190734863,15.800000190734863,53.05852463082974,40.774036120210624,43.91412153408524,61.9699969628127,63.09347431590905,12.09,2.0,-1.3
PRO,2012-05-18,15.770000457763672,16.06999969482422,15.359999656677246,15.449999809265137,52.83767823877409,40.54023235282699,44.06092749766955,62.01338716632995,63.131169549759,12.03,3.0,-1.32
PRO,2012-05-21,15.539999961853027,16.020000457763672,15.319999694824219,15.890000343322754,53.59542392201245,40.721320134116304,44.279602709963505,61.95571892362699,63.17695457902192,11.97,6.0,-1.33
PRO,2012-05-22,15.869999885559082,16.020000457763672,15.720000267028809,15.90999984741211,53.591588363144346,40.5687293079499,43.79620360142463,61.93540485864769,63.05719579399687,11.9,1.0,-1.35
PRO,2012-05-23,15.710000038146973,15.960000038146973,15.59000015258789,15.899999618530273,53.32340127562271,40.56699664724279,43.6628324928759,61.897099464758966,63.052644168782656,11.85,1.0,-1.36
PRO,2012-05-24,15.890000343322754,15.899999618530273,15.510000228881836,15.789999961853027,53.279732773500946,40.26184250072492,43.59281751852472,61.144624768834,63.02294582221383,11.8,1.0,-1.37
PRO,2012-05-25,15.75,15.899999618530273,15.59000015258789,15.829999923706055,53.28015755491139,40.06025677321411,43.5875163925915,60.67813469967663,63.013191321244854,11.74,1.0,-1.38
PRO,2012-05-29,16.020000457763672,16.020000457763672,15.010000228881836,15.15999984741211,54.085381126107045,40.87778912944635,44.14129193938408,60.47529780026915,63.15792586824147,11.68,10.0,-1.38
PRO,2012-05-30,14.960000038146973,15.119999885559082,14.710000038146973,14.800000190734863,51.93644513826656,41.10514971034345,44.30053095916026,60.133516774009934,63.148491552090704,11.61,12.0,-1.39
PRO,2012-05-31,14.770000457763672,15.0600004196167,14.489999771118164,15.029999732971191,52.22459970447038,41.234400386346785,44.326410878245035,60.14469922376997,63.01836899605955,11.52,13.0,-1.4
PRO,2012-06-01,14.640000343322754,14.829999923706055,14.449999809265137,14.630000114440918,52.46063968628375,41.51525371215056,44.42474619249797,60.22953296361055,63.073660431064226,11.42,14.0,-1.41
PRO,2012-06-04,14.65999984741211,14.930000305175781,14.520000457763672,14.699999809265137,52.27111466071428,41.320684673963534,44.38336508954927,60.23223688469247,63.02593143012516,11.32,14.0,-1.42
PRO,2012-06-05,14.600000381469727,14.970000267028809,14.449999809265137,14.949999809265137,52.37274815901942,41.48505729753153,44.45207152818537,60.26305657227103,63.01955006643062,11.24,16.0,-1.42
PRO,2012-06-06,15.0600004196167,15.279999732971191,14.949999809265137,15.25,52.26882667368661,41.70300429229472,44.5320959677117,60.26688717584272,62.94045354875553,11.14,17.0,-1.42
PRO,2012-06-07,15.489999771118164,15.550000190734863,14.90999984741211,14.960000038146973,52.01088525361782,41.73769932568815,44.49309410725804,59.98764788640412,62.95687184185903,11.03,17.0,-1.43
PRO,2012-06-08,14.90999984741211,15.079999923706055,14.630000114440918,15.039999961853027,52.08824363517238,41.66316708391654,44.43659372578098,59.32880912694163,62.92811754951795,10.93,16.0,-1.43
PRO,2012-06-11,15.210000038146973,15.210000038146973,14.600000381469727,14.600000381469727,51.37302067632999,42.00432446022441,43.351794650829575,59.39035695126261,62.95211958505982,10.83,1.0,-1.43
PRO,2012-06-12,14.710000038146973,15.140000343322754,14.600000381469727,15.039999961853027,52.62260373779708,42.53789349170901,43.60310754032126,59.48037177412989,62.98576320514901,10.73,4.0,-1.43
PRO,2012-06-13,14.989999771118164,15.260000228881836,14.850000381469727,14.970000267028809,51.94231722000373,42.39349613263244,43.525959204934125,59.479506869321455,62.7936330271892,10.63,2.0,-1.42
PRO,2012-06-14,14.920000076293945,15.170000076293945,14.770000457763672,15.039999961853027,52.0007841803999,42.34231955880933,43.4572546388175,59.39198471073056,62.78805831196943,10.58,2.0,-1.39
PRO,2012-06-15,15.050000190734863,15.329999923706055,14.979999542236328,15.039999961853027,52.054103350005846,42.27480651146935,43.4572546388175,59.275794152140506,62.733883250385816,10.52,2.5,-1.36
PRO,2012-06-18,14.949999809265137,15.470000267028809,14.949999809265137,15.319999694824219,52.53371869242582,42.50880403886935,43.503367392674704,59.285472791774595,62.28288109825553,10.45,4.0,-1.32
PRO,2012-06-19,15.470000267028809,16.170000076293945,15.380000114440918,16.1299991607666,54.78384144666295,43.88258628918613,44.29140405141852,59.5686932982918,62.489424345904574,10.37,18.0,-1.28
PRO,2012-06-20,16.059999465942383,16.059999465942383,15.779999732971191,15.859999656677246,40.23982153327535,43.59183464411079,44.36030621317188,58.37275064227063,62.18170040347842,10.28,21.0,-1.24
PRO,2012-06-21,15.869999885559082,15.869999885559082,15.350000381469727,15.470000267028809,38.3331654665413,43.788230788424755,44.492002713965796,54.75834034418355,62.23031518037334,10.18,26.0,-1.19
PRO,2012-06-22,15.539999961853027,16.440000534057617,15.539999961853027,16.43000030517578,37.632905798040284,45.67019109328393,45.48455605783591,55.12785683156981,62.51508912206767,10.08,36.0,-1.13
PRO,2012-06-25,16.149999618530273,16.15999984741211,15.720000267028809,16.079999923706055,37.85482474472192,45.84007226086173,45.49191467801316,55.04407504198522,62.54789343813895,9.99,37.0,-1.07
PRO,2012-06-26,16.09000015258789,16.3799991607666,16.0,16.18000030517578,37.41127422415216,45.8745630544041,45.421910995958484,54.89654354068671,62.52592397325657,9.9,33.0,-1.0
PRO,2012-06-27,16.280000686645508,16.780000686645508,16.200000762939453,16.729999542236328,38.642091249296996,46.44956829426156,43.72232216800031,54.76328716635898,62.58004121867564,9.8,10.0,-0.92
PRO,2012-06-28,16.5,16.530000686645508,15.869999885559082,16.06999969482422,40.426121235305054,47.09859149574199,43.971597837419566,54.9623029110612,62.66277559529214,9.7,14.0,-0.84
PRO,2012-06-29,16.420000076293945,17.100000381469727,16.420000076293945,16.81999969482422,42.082664494701085,47.768025808284094,44.58347484653039,54.99823733827206,62.81236962904807,9.58,31.0,-0.75
PRO,2012-07-02,16.6200008392334,16.700000762939453,16.219999313354492,16.59000015258789,41.71899504422821,47.65484465322903,44.606269499144375,55.020309120303125,62.82064955260779,9.45,33.0,-0.66
PRO,2012-07-03,16.530000686645508,16.690000534057617,16.3700008392334,16.639999389648438,41.00315906177852,47.61631621220476,44.6102524969412,54.69986419091561,62.81985528843621,9.31,34.0,-0.55
PRO,2012-07-05,16.610000610351562,16.68000030517578,16.25,16.34000015258789,41.40030121361179,47.72803966587802,42.31843970210219,53.30867178146599,62.8443250325732,9.16,1.0,-0.46
PRO,2012-07-06,16.0,16.0,15.199999809265137,15.329999923706055,45.45224108361993,49.25204560470103,42.72048599202943,53.64869535246686,63.13516395565052,9.0,2.0,-0.37
PRO,2012-07-09,15.260000228881836,15.380000114440918,15.029999732971191,15.079999923706055,45.63923911938807,49.311914894543904,41.736246975033104,53.376918632090224,63.15353096136865,8.84,1.0,-0.27
PRO,2012-07-10,15.25,15.329999923706055,13.760000228881836,13.829999923706055,51.829472091489436,52.117570538262214,43.58202041742242,54.337959550989,63.64168936228442,8.65,9.0,-0.17
PRO,2012-07-11,13.90999984741211,14.220000267028809,13.699999809265137,13.970000267028809,50.656443526395755,52.08075678108379,43.21195630362812,53.97290217195956,63.63098505549058,8.44,4.0,-0.08
PRO,2012-07-12,13.850000381469727,14.34000015258789,13.770000457763672,14.15999984741211,50.45234106025467,51.17740607919132,42.75431278453704,53.75860115171073,63.51970936567347,8.22,4.0,-0.02
PRO,2012-07-13,14.229999542236328,14.529999732971191,14.15999984741211,14.430000305175781,50.563120827579965,51.26071043245234,42.87708026988637,52.953144466302845,63.340714368393634,7.97,5.0,0.02
PRO,2012-07-16,14.350000381469727,14.350000381469727,13.800000190734863,13.84000015258789,51.38798976002548,51.810753247448574,43.327364270575124,53.16826362095214,63.446812781889705,7.71,7.0,0.02
PRO,2012-07-17,13.930000305175781,13.9399995803833,13.449999809265137,13.6899995803833,51.41317060559243,51.70226313865025,43.1025275088032,52.48464553043052,63.448770891883385,7.43,6.0,-0.06
PRO,2012-07-18,13.65999984741211,14.130000114440918,13.65999984741211,14.010000228881836,51.647409529644264,51.75928694935816,43.12207846509296,52.55516002032085,62.83233308768323,7.12,7.0,-0.27
PRO,2012-07-19,14.130000114440918,14.449999809265137,14.0,14.319999694824219,51.72545167028942,51.755681689099056,43.21099223169782,52.528301649002074,62.86496461337309,6.85,8.0,-0.46
PRO,2012-07-20,14.199999809265137,14.300000190734863,14.050000190734863,14.15999984741211,51.547842935428754,51.64425087973736,43.23290198536023,51.610794124017175,62.86307168988501,6.7,10.0,-0.37
PRO,2012-07-23,13.850000381469727,13.970000267028809,13.65999984741211,13.779999732971191,52.015248363603575,51.81652910957028,43.24361266735276,51.702854530809184,62.88939395456289,6.54,11.0,-0.29
PRO,2012-07-24,13.949999809265137,13.949999809265137,13.220000267028809,13.300000190734863,52.29904394832175,51.74153822194116,43.43254322154332,51.275722110948465,62.931052044701275,6.38,14.0,-0.22
PRO,2012-07-25,13.390000343322754,13.880000114440918,13.390000343322754,13.789999961853027,52.68500501187422,52.432591464453814,43.839383635041266,51.36179944104584,62.96368645319511,6.2,27.0,-0.14
PRO,2012-07-26,14.0,14.039999961853027,13.649999618530273,13.869999885559082,52.741469703227416,52.220941222779324,43.85926478154418,51.36217590754606,62.9640663295723,6.02,28.0,-0.07
PRO,2012-07-27,13.979999542236328,14.25,13.770000457763672,14.140000343322754,53.084023145195935,52.45596470187477,43.97269603837912,51.39405987244162,62.98701862685058,5.83,31.0,-0.02
PRO,2012-07-30,14.25,14.479999542236328,13.890000343322754,13.949999809265137,53.18317997573169,52.44939034245143,44.004867602123554,50.77686125633236,62.99604121900898,5.64,32.0,0.01
PRO,2012-07-31,13.930000305175781,14.170000076293945,13.850000381469727,13.9399995803833,52.81584322685134,52.36535118083757,43.88764195211675,50.67060405418224,62.96660566119802,5.43,29.0,-0.03
PRO,2012-08-01,14.109999656677246,14.109999656677246,13.3100004196167,13.3100004196167,51.60955898148123,52.768449424804345,44.39920955584174,50.65800776881068,63.123282929130355,5.22,44.0,-0.11
PRO,2012-08-02,13.239999771118164,13.390000343322754,12.729999542236328,12.75,52.6147004451862,46.565465141201685,44.8073434289263,50.898942770518595,63.25641323993148,5.05,55.0,-0.04
PRO,2012-08-03,13.260000228881836,15.6899995803833,13.260000228881836,15.119999885559082,73.32558481058325,58.11905885145789,52.630371938689166,54.80559530630769,65.19646474941456,4.91,83.0,-0.09
PRO,2012-08-06,15.109999656677246,15.710000038146973,15.109999656677246,15.350000381469727,71.20105905877763,56.47312452511125,52.63419837763531,54.82058590328378,65.14423947625396,4.78,84.0,-0.16
PRO,2012-08-07,15.420000076293945,15.880000114440918,15.369999885559082,15.670000076293945,71.2583435258643,56.570439341067505,52.75528786772852,54.75389590921939,64.1748264269042,4.64,86.0,-0.29
PRO,2012-08-08,15.579999923706055,15.579999923706055,15.270000457763672,15.380000114440918,71.4088099437468,56.532371056449435,52.80454067556367,54.73461727611021,64.12761055577978,4.51,88.0,-0.43
PRO,2012-08-09,15.359999656677246,15.449999809265137,15.210000038146973,15.329999923706055,70.62837372079514,56.533533965478966,52.74790949185017,54.579494698965945,63.80771144676891,4.38,86.0,-0.61
PRO,2012-08-10,15.289999961853027,15.300000190734863,15.15999984741211,15.170000076293945,69.7829489717938,56.559814165687705,52.715583030812304,54.50756714875242,63.33381015047418,4.29,86.0,-0.7
PRO,2012-08-13,15.100000381469727,15.579999923706055,15.0600004196167,15.550000190734863,68.80272429985091,56.66942378920964,52.85844968955343,54.10922078002313,63.36963736844954,4.19,91.0,-0.83
PRO,2012-08-14,15.550000190734863,15.550000190734863,15.069999694824219,15.220000267028809,68.94678702798502,56.65389609643616,52.94926063715242,53.96382348729457,63.40488572689471,4.13,92.0,-0.91
PRO,2012-08-15,15.130000114440918,15.5,15.100000381469727,15.3100004196167,68.97325792879138,56.36172818684698,52.93113909780877,51.98947226965491,63.39499179418452,4.06,92.0,-1.01
PRO,2012-08-16,15.300000190734863,16.40999984741211,15.0,16.31999969482422,71.4373520468626,57.89145350255919,53.7792374707496,52.50981331962733,63.342457674589504,4.0,97.0,-1.13
PRO,2012-08-17,16.260000228881836,16.6299991607666,16.09000015258789,16.559999465942383,68.92611952347325,57.96369357626096,53.814629121349,51.60680355416577,62.749419547406426,3.98,98.0,-1.16
PRO,2012-08-20,16.450000762939453,16.479999542236328,15.970000267028809,16.110000610351562,69.26673392482796,58.23264010468888,53.97408635147178,51.69211525016271,62.75000603624525,3.96,100.0,-1.18
PRO,2012-08-21,16.149999618530273,16.479999542236328,16.149999618530273,16.3799991607666,64.03877201333833,58.326857564058734,54.051002503442945,51.65642828349895,62.71442076030156,3.97,100.0,-1.18
PRO,2012-08-22,16.350000381469727,16.719999313354492,16.260000228881836,16.540000915527344,64.03674033849889,57.63335170516753,54.07816350089277,51.512535658812745,62.35984588995747,3.97,100.0,-1.17
PRO,2012-08-23,16.5,16.829999923706055,16.09000015258789,16.200000762939453,64.43962798717577,57.575578651202655,54.16311547672892,51.51001158066701,62.00502052598588,3.98,100.0,-1.16
PRO,2012-08-24,16.149999618530273,16.75,16.020000457763672,16.6299991607666,64.61614248618552,57.72896197635522,54.331396549710846,51.60414733767007,61.75232354793908,3.99,100.0,-1.15
PRO,2012-08-27,16.68000030517578,16.90999984741211,16.59000015258789,16.739999771118164,63.09578231513171,57.42626652499987,54.154127169530476,51.30035202448385,61.14775810853792,4.01,98.0,-1.14
PRO,2012-08-28,16.75,16.760000228881836,16.43000030517578,16.479999542236328,63.223629361301,57.54033297633948,54.11494746192105,50.9847226678286,59.74765855811559,4.04,97.0,-1.13
PRO,2012-08-29,16.540000915527344,16.989999771118164,16.420000076293945,16.850000381469727,63.20317350249122,57.60998305230602,54.21980543382114,51.037519193385116,59.765364735280635,4.07,99.0,-1.12
PRO,2012-08-30,16.729999542236328,17.1200008392334,16.549999237060547,16.93000030517578,63.027406255390595,57.49280377947025,54.22586149291033,50.93251081591074,59.757768940329505,4.1,99.0,-1.12
PRO,2012-08-31,17.030000686645508,17.3799991607666,16.700000762939453,17.280000686645508,62.96199002625795,57.45033500414116,54.28528846447821,50.61863091922192,59.680825831378705,4.13,99.0,-1.12
PRO,2012-09-04,17.299999237060547,17.65999984741211,16.84000015258789,17.56999969482422,62.19188798713644,57.52168675795932,54.35519877360622,50.35913011754679,59.68684376924478,4.16,100.0,-1.11
PRO,2012-09-05,17.510000228881836,18.209999084472656,17.5,18.059999465942383,61.0265911957411,57.34470870633721,54.49707540495523,50.429336339103706,59.717792762557785,4.2,100.0,-1.11
PRO,2012-09-06,18.170000076293945,18.5,18.170000076293945,18.43000030517578,60.61094195809341,57.19365740986962,54.55572695553652,50.297286707304046,59.19792483697537,4.24,100.0,-1.11
PRO,2012-09-07,18.0,18.799999237060547,17.979999542236328,18.479999542236328,60.63461224767889,57.16927135857027,54.0720931616699,49.295253479364476,58.84802233933344,4.27,89.0,-1.12
PRO,2012-09-10,18.25,18.6200008392334,18.049999237060547,18.329999923706055,60.773744932641996,57.21852268336306,53.94924718073104,47.54375278003578,58.53730423754207,4.3,86.0,-1.13
PRO,2012-09-11,18.389999389648438,18.690000534057617,18.1200008392334,18.440000534057617,60.417032648893134,57.21693552481837,53.95872641440077,47.547251363736606,58.2455008857497,4.33,86.0,-1.16
PRO,2012-09-12,18.459999084472656,18.690000534057617,18.34000015258789,18.459999084472656,60.393330789913,57.132464840073396,53.92617697785113,47.54712467664682,58.23133649421932,4.37,84.0,-1.19
PRO,2012-09-13,18.559999465942383,19.75,18.40999984741211,19.3700008392334,59.020224877753236,57.01345041154893,54.244251324925784,47.870917770974394,58.42288782395545,4.43,95.0,-1.26
PRO,2012-09-14,19.399999618530273,19.399999618530273,18.93000030517578,19.100000381469727,57.22417689215423,56.97395691060616,54.17802734154144,47.64909014625207,58.442320769901514,4.49,92.0,-1.33
PRO,2012-09-17,19.09000015258789,19.920000076293945,19.049999237060547,19.760000228881836,33.3888220892346,57.01578828164004,54.4123493334178,47.742536787556354,58.5342853581979,4.54,98.0,-1.4
PRO,2012-09-18,19.799999237060547,19.920000076293945,19.270000457763672,19.520000457763672,33.884763132135184,55.89150804215643,54.44712426306288,47.721660856159254,58.51538146056421,4.59,98.0,-1.46
PRO,2012-09-19,19.549999237060547,19.549999237060547,18.93000030517578,18.969999313354492,35.2656852501068,56.041420276173206,54.475687647061,47.84999374001412,58.34585505633183,4.64,98.0,-1.51
PRO,2012-09-20,18.829999923706055,19.200000762939453,18.59000015258789,19.110000610351562,34.456634518739804,56.044946904680934,54.42070803395579,47.854935799036284,57.854485147850745,4.69,96.0,-1.56
PRO,2012-09-21,19.459999084472656,19.739999771118164,19.280000686645508,19.440000534057617,34.42345296928175,55.762932057770406,54.398928924588574,47.88395680713809,57.836821707861056,4.73,94.0,-1.61
PRO,2012-09-24,19.420000076293945,19.65999984741211,18.959999084472656,19.049999237060547,34.98955676301461,55.25664844910195,54.489483233991166,47.93643631243097,57.87316630011462,4.77,98.0,-1.66
PRO,2012-09-25,19.25,19.520000457763672,18.690000534057617,18.729999542236328,35.298403988948266,54.67220417801716,54.50664619467359,47.920923085327175,57.90012162615883,4.81,99.0,-1.69
PRO,2012-09-26,18.84000015258789,18.84000015258789,18.360000610351562,18.469999313354492,34.853403179830536,54.67477662216368,54.45205538280672,47.935416776664695,57.8581795326737,4.84,95.0,-1.73
PRO,2012-09-27,18.600000381469727,19.219999313354492,18.280000686645508,19.110000610351562,35.758779628285396,55.0733396296371,54.64270202383011,48.08849386436124,57.861904969036594,4.87,100.0,-1.76
PRO,2012-09-28,18.979999542236328,19.299999237060547,18.889999389648438,19.06999969482422,31.568235420611078,54.91599293173505,50.43057400228115,48.07748544543845,57.84186778089826,4.88,61.0,-1.77
PRO,2012-10-01,19.18000030517578,19.68000030517578,18.940000534057617,19.549999237060547,31.97141908922901,53.32149129728847,50.14127983393099,48.0941923175132,57.87691443507419,4.88,60.0,-1.77
PRO,2012-10-02,19.68000030517578,19.959999084472656,19.530000686645508,19.729999542236328,30.40243741643846,53.15910029108741,48.81912689228331,48.07655123029824,56.96923507826017,4.88,57.0,-1.77
PRO,2012-10-03,19.829999923706055,20.020000457763672,19.559999465942383,19.979999542236328,30.311127107840058,49.6783825676473,48.76678130599753,47.461836304435344,54.317166564014855,4.88,57.0,-1.77
PRO,2012-10-04,20.09000015258789,20.18000030517578,19.469999313354492,19.829999923706055,30.56937054992334,49.74973550698696,48.648924711107796,47.45193384218829,54.266982185265256,4.88,57.0,-1.77
PRO,2012-10-05,19.899999618530273,20.1200008392334,19.440000534057617,19.440000534057617,30.501257403823352,49.99943493365276,48.767794739200184,47.48393532573667,54.205410789938746,4.88,58.0,-1.77
PRO,2012-10-08,19.329999923706055,19.530000686645508,19.290000915527344,19.389999389648438,29.98765277333264,49.94341733226228,48.75855077666333,47.43627105865733,54.093346959793905,4.86,56.0,-1.77
PRO,2012-10-09,19.350000381469727,19.350000381469727,18.709999084472656,18.739999771118164,32.06101747128856,49.6619223973029,48.97661817333184,47.616497402958515,54.01543432122147,4.84,59.0,-1.77
PRO,2012-10-10,18.780000686645508,19.139999389648438,18.59000015258789,19.1200008392334,31.852443899202846,49.64271152293738,48.908532807457505,47.646475322049746,54.03801177494786,4.82,58.0,-1.77
PRO,2012-10-11,19.399999618530273,19.639999389648438,19.299999237060547,19.530000686645508,31.807276490728565,49.615710614986995,48.82789988738031,47.70703308514136,53.916616952967765,4.81,57.0,-1.76
PRO,2012-10-12,19.510000228881836,19.65999984741211,19.280000686645508,19.440000534057617,31.927312925573837,49.53994844525405,48.83927627590431,47.70451847342611,53.917232348327936,4.78,57.0,-1.76
PRO,2012-10-15,19.399999618530273,19.920000076293945,19.31999969482422,19.860000610351562,31.967747583903567,49.531598577720686,48.93390151653702,47.74077097392748,53.728456733775,4.76,58.0,-1.75
PRO,2012-10-16,20.040000915527344,20.65999984741211,19.75,20.6200008392334,33.20079368600751,49.47560062633856,49.23064681893782,47.90871730545095,52.80150226981936,4.74,59.0,-1.74
PRO,2012-10-17,20.56999969482422,20.56999969482422,20.010000228881836,20.229999542236328,33.24382835367478,48.99124145923459,49.35173621854909,47.91337242309042,52.70232546543316,4.71,59.0,-1.73
PRO,2012-10-18,20.229999542236328,20.229999542236328,19.799999237060547,19.969999313354492,33.205279351834754,48.774895313971896,48.86949994930824,47.905638422995025,52.48795813213547,4.69,54.0,-1.72
PRO,2012-10-19,19.729999542236328,19.760000228881836,18.889999389648438,19.010000228881836,36.458208235583726,50.08086741965185,49.38304435742549,47.25122220421274,52.721206926362996,4.67,59.0,-1.71
PRO,2012-10-22,19.020000457763672,19.020000457763672,17.950000762939453,18.030000686645508,39.60286281870843,51.38643477222548,50.11448227651205,47.558982851009986,52.731029999913524,4.65,59.0,-1.71
PRO,2012-10-23,17.6200008392334,18.780000686645508,17.6200008392334,18.649999618530273,40.80466382491246,51.6100431864279,50.15440850084308,47.72116120262859,52.67090008167374,4.64,60.0,-1.69
PRO,2012-10-24,18.780000686645508,18.780000686645508,18.059999465942383,18.309999465942383,41.16446225084303,51.81814677337715,50.2616028935976,47.76084060069737,52.066716961222745,4.62,60.0,-1.68
PRO,2012-10-25,18.59000015258789,18.81999969482422,18.40999984741211,18.790000915527344,39.35749377523575,50.89860541437219,50.348852311763295,47.857789122754724,52.12018393890692,4.6,60.0,-1.67
PRO,2012-10-26,18.75,18.8799991607666,18.100000381469727,18.399999618530273,39.60752811807996,50.193533901533115,50.40323005029524,46.74822547689449,51.67863783705283,4.58,60.0,-1.65
PRO,2012-10-31,18.459999084472656,19.450000762939453,18.209999084472656,19.329999923706055,41.016774528702285,37.87624599832657,50.84530742253352,46.78178106300528,51.90567074223201,4.56,61.0,-1.63
PRO,2012-11-01,19.40999984741211,19.540000915527344,18.75,18.989999771118164,41.182175173937964,38.06630524257944,50.94519336524469,46.260687673270326,51.86239264918757,4.54,61.0,-1.61
PRO,2012-11-02,19.0,19.06999969482422,18.68000030517578,18.739999771118164,40.5217662666973,38.05010853326876,50.74861453881927,46.13480838574719,51.18913271124035,4.51,59.0,-1.59
PRO,2012-11-05,18.780000686645508,18.780000686645508,18.18000030517578,18.549999237060547,40.54883422310403,37.883087623844936,50.59929064257799,45.9644595086092,51.1979437640534,4.48,58.0,-1.56
PRO,2012-11-06,18.670000076293945,18.670000076293945,17.219999313354492,17.3799991607666,44.20165519898336,40.370184974622724,51.7039958411215,46.29376362092555,51.21410957306266,4.45,61.0,-1.53
PRO,2012-11-07,17.139999389648438,17.139999389648438,16.31999969482422,16.899999618530273,44.50909663581805,40.761047765177416,51.912675757635704,46.405899331078665,51.22570954451433,4.42,61.0,-1.5
PRO,2012-11-08,16.90999984741211,17.299999237060547,16.799999237060547,17.049999237060547,44.48443826548339,40.508259588364055,51.92657413570478,46.41831299474375,51.23018894387778,4.39,61.0,-1.47
PRO,2012-11-09,16.959999084472656,17.350000381469727,16.81999969482422,17.059999465942383,44.37600778256021,40.22494878666089,51.85341139971905,46.31460856873551,51.21586757098373,4.35,59.0,-1.43
PRO,2012-11-12,17.1299991607666,17.8799991607666,17.100000381469727,17.6200008392334,44.251841605901745,40.698051175806306,51.46571429017466,46.36325915242489,50.8454485078279,4.32,57.0,-1.38
PRO,2012-11-13,17.5,17.579999923706055,17.0,17.040000915527344,45.13966041284556,39.27586005911656,51.67842471478047,46.4729890640753,50.88889378112508,4.3,57.0,-1.33
PRO,2012-11-14,16.969999313354492,17.079999923706055,16.350000381469727,16.75,44.463216830980066,39.33585341059497,51.59537854739106,46.51321664304088,50.71683702343856,4.27,56.0,-1.28
PRO,2012-11-15,16.760000228881836,17.40999984741211,16.649999618530273,16.780000686645508,44.30795101363522,38.90936519373804,50.70890068533404,46.41039639483643,50.716767713713814,4.25,51.0,-1.24
PRO,2012-11-16,16.709999084472656,16.799999237060547,16.389999389648438,16.559999465942383,44.02761629764206,38.867414061649356,50.63513515172108,46.384043314077985,50.72977694933933,4.23,50.0,-1.18
PRO,2012-11-19,16.81999969482422,17.010000228881836,16.399999618530273,17.010000228881836,45.05441745586698,39.20292496075832,50.80176821860378,46.484443508535996,50.787019048967444,4.2,52.0,-1.13
PRO,2012-11-20,16.81999969482422,17.260000228881836,16.649999618530273,16.81999969482422,44.877987085878615,39.03058893413389,50.55905585117042,46.5023100445134,50.7031767847735,4.16,47.0,-1.06
PRO,2012-11-21,16.90999984741211,17.06999969482422,16.68000030517578,17.010000228881836,45.11595405848814,38.73118249159063,50.173479314821115,46.515205800415735,50.66419910216092,4.11,42.0,-0.98
PRO,2012-11-23,17.020000457763672,17.43000030517578,17.020000457763672,17.329999923706055,44.68286239537276,38.892079239055604,49.73783969785664,46.569308084883396,50.57338357895822,4.08,38.0,-0.91
PRO,2012-11-26,17.299999237060547,17.40999984741211,16.829999923706055,17.020000457763672,44.36625309077207,38.93786875035484,49.773293759367945,46.56848940247414,50.53908843342075,4.04,38.0,-0.83
PRO,2012-11-27,16.979999542236328,17.350000381469727,16.850000381469727,17.239999771118164,44.01969730592293,38.76227396939102,49.81160653011487,46.58786656118472,50.18485713280533,4.0,38.0,-0.74
PRO,2012-11-28,17.110000610351562,17.670000076293945,16.65999984741211,17.6299991607666,44.68504228055812,39.014523387745506,49.843334747771884,46.656522400167916,50.067088014805684,3.92,38.0,-0.66
PRO,2012-11-29,17.809999465942383,18.479999542236328,17.229999542236328,17.780000686645508,44.22105348126212,38.831739271162775,48.76919074519585,46.653381789651576,48.5687107773489,3.85,24.0,-0.58
PRO,2012-11-30,17.8700008392334,17.8700008392334,17.34000015258789,17.729999542236328,42.462303176418764,38.69021283423099,48.68961334030752,46.6030391306253,48.551070221986215,3.76,20.0,-0.55
PRO,2012-12-03,17.90999984741211,17.950000762939453,17.200000762939453,17.360000610351562,42.52358586667112,38.50400987091891,46.74323816344741,46.66819582095992,47.885995694929825,3.71,18.0,-0.51
PRO,2012-12-04,17.329999923706055,17.579999923706055,17.049999237060547,17.360000610351562,42.4817097423492,38.256472174832226,46.72780619106562,46.65143140175482,47.872139363508595,3.66,17.0,-0.48
PRO,2012-12-05,17.40999984741211,17.459999084472656,17.09000015258789,17.170000076293945,40.387062118358855,38.3029414539796,46.73846241365998,46.63924537115009,47.82993044793505,3.6,17.0,-0.47
PRO,2012-12-06,17.1200008392334,17.15999984741211,16.799999237060547,17.0,37.63354374207821,38.3186169429013,46.69626082123721,46.614849353694446,47.720764048321115,3.53,15.0,-0.46
PRO,2012-12-07,17.06999969482422,17.06999969482422,16.760000228881836,17.0,36.08495894551101,38.28994959708152,46.17631940400732,46.602238890935666,47.673364748337825,3.49,14.0,-0.46
PRO,2012-12-10,17.010000228881836,17.299999237060547,16.829999923706055,17.239999771118164,36.11285811813026,38.416695363598514,46.16779869033586,46.63051756387586,47.69352955592042,3.43,13.0,-0.47
PRO,2012-12-11,17.350000381469727,17.950000762939453,17.350000381469727,17.700000762939453,36.14360824206835,37.47134780639678,46.207626655427724,46.722125697396805,47.52510972750246,3.38,14.0,-0.49
PRO,2012-12-12,17.81999969482422,17.829999923706055,17.170000076293945,17.209999084472656,36.524199944950944,37.781045480886974,46.350032634963874,46.735629028487914,47.34305446762577,3.32,14.0,-0.52
PRO,2012-12-13,17.18000030517578,17.200000762939453,16.8700008392334,16.969999313354492,33.22236699642757,37.11839414861717,46.37232800996246,46.74446434512208,47.35218008105181,3.27,14.0,-0.56
PRO,2012-12-14,16.90999984741211,17.15999984741211,16.5,16.600000381469727,33.39599347363102,37.28210289435561,46.297344494828685,46.81277349592941,47.320860335409925,3.21,12.0,-0.62
PRO,2012-12-17,16.709999084472656,17.530000686645508,16.639999389648438,17.43000030517578,36.661731615394935,38.34485478072512,46.500001551157695,47.177374958639305,47.289258732278725,3.15,14.0,-0.69
PRO,2012-12-18,17.520000457763672,18.34000015258789,17.200000762939453,18.149999618530273,38.61694430935131,39.25826345408892,46.58369192911151,47.42292548919021,47.23392514310562,3.11,14.0,-0.73
PRO,2012-12-19,18.239999771118164,18.469999313354492,18.040000915527344,18.239999771118164,33.45420430635653,39.09906993824713,46.58249095033544,47.42560663039198,47.211966127534325,3.06,13.0,-0.8
PRO,2012-12-20,18.260000228881836,18.260000228881836,17.899999618530273,18.0,32.580806738672116,38.97807610744567,46.574655012748664,47.44301658718408,47.09268468441385,3.01,12.0,-0.87
PRO,2012-12-21,17.690000534057617,17.920000076293945,17.270000457763672,17.459999084472656,33.84118046366564,39.312061402589215,46.79918094568494,47.451965071282935,46.42657393996386,2.96,18.0,-0.96
PRO,2012-12-24,17.440000534057617,17.540000915527344,17.239999771118164,17.299999237060547,33.96513580082727,39.25777413368142,46.8322444877071,47.410757824000854,45.1169292712016,2.9,18.0,-1.08
PRO,2012-12-26,17.31999969482422,17.389999389648438,17.010000228881836,17.1299991607666,32.70654175670247,38.6045177023774,46.22731955104985,47.41193497607702,45.12880074729505,2.86,5.0,-1.18
PRO,2012-12-27,17.1299991607666,17.350000381469727,16.8799991607666,17.18000030517578,31.228428399220192,38.61666018448786,45.64775962507752,47.41298112472449,45.129224148381546,2.85,1.0,-1.23
PRO,2012-12-28,17.079999923706055,17.510000228881836,17.079999923706055,17.290000915527344,30.82901672300325,38.257071042940964,36.91823404889134,47.39160614886968,45.13126511616767,3.17,1.0,1.84
PRO,2012-12-31,17.329999923706055,18.600000381469727,17.329999923706055,18.290000915527344,34.73144541892765,40.02122768886451,37.873304518092226,47.86376640961548,45.28724665447334,3.41,2.0,2.45
PRO,2013-01-02,18.84000015258789,19.440000534057617,18.739999771118164,19.360000610351562,37.720601829075626,41.66979632376322,38.759078009590006,48.30838600949681,45.583660699566366,3.6,3.0,2.36
PRO,2013-01-03,19.360000610351562,19.530000686645508,18.610000610351562,18.739999771118164,38.677555611839864,42.16193252537524,39.01019317780236,48.43987528997812,45.67298460891306,3.77,4.0,2.14
PRO,2013-01-04,18.8799991607666,19.450000762939453,18.850000381469727,18.950000762939453,38.49381811777283,42.046311526105484,39.028002209877435,48.160298134271265,45.681682905964585,3.93,5.0,1.88
PRO,2013-01-07,18.760000228881836,18.959999084472656,18.059999465942383,18.110000610351562,40.97863525637669,43.041317484657036,39.70089720846467,48.36993525124832,45.915804565186235,4.06,6.0,1.58
PRO,2013-01-08,17.950000762939453,18.15999984741211,17.790000915527344,18.030000686645508,40.71362195037474,42.49697409418145,39.54103027421712,48.37214385631101,45.9145725004636,4.18,6.0,1.31
PRO,2013-01-09,18.149999618530273,18.709999084472656,18.059999465942383,18.610000610351562,41.20483688539644,42.80350196461767,39.655764502903764,48.50076718885346,46.00440209332823,4.3,7.0,1.06
PRO,2013-01-10,18.68000030517578,18.68000030517578,17.959999084472656,18.299999237060547,41.482724126833595,42.690433615337234,39.76266616436084,48.39982273833713,45.99260560987119,4.4,9.0,0.83
PRO,2013-01-11,18.360000610351562,18.739999771118164,18.010000228881836,18.6299991607666,41.31083409612723,42.85939216120656,38.586944617204345,48.37536080032809,46.00831901785247,4.52,3.0,0.66
PRO,2013-01-14,18.540000915527344,18.649999618530273,18.049999237060547,18.149999618530273,42.0373895256682,42.91891423098184,38.77102030811032,48.44886474738257,46.08370101927616,4.62,5.0,0.49
PRO,2013-01-15,18.139999389648438,19.100000381469727,18.139999389648438,18.860000610351562,43.41171359086422,42.95105929894488,38.95086782631799,48.665143845637154,46.226456893252916,4.71,6.0,0.33
PRO,2013-01-16,18.809999465942383,18.989999771118164,18.3799991607666,18.860000610351562,42.86131079948406,42.794696398959864,38.87674763627436,48.566943966766935,46.17653036771675,4.8,6.0,0.18
PRO,2013-01-17,18.950000762939453,19.260000228881836,18.729999542236328,19.100000381469727,42.947088702759515,42.815379607698006,38.8954276590976,48.54734067487937,46.17045605988865,4.88,7.0,0.04
PRO,2013-01-18,19.139999389648438,19.389999389648438,18.989999771118164,19.360000610351562,42.83106452780026,41.69499945368856,38.77776070379703,48.51773255911377,45.71179785970504,4.95,6.0,-0.09
PRO,2013-01-22,19.31999969482422,19.6200008392334,19.239999771118164,19.610000610351562,42.69491606071229,40.262460967152315,38.621280234100894,48.54157954720652,45.713772819703195,5.02,4.0,-0.2
PRO,2013-01-23,19.65999984741211,19.829999923706055,19.5,19.530000686645508,42.750928901566205,39.70475577345885,38.623690831484346,48.51377231949686,45.69166075751932,5.09,5.0,-0.32
PRO,2013-01-24,19.520000457763672,20.559999465942383,19.520000457763672,20.540000915527344,44.70341264208883,40.776359694278575,39.293406140559476,48.81604362739885,45.92623649816925,5.13,14.0,-0.42
PRO,2013-01-25,20.600000381469727,21.110000610351562,20.299999237060547,21.100000381469727,44.72627151743428,40.80252196861119,39.36125784628965,48.86821278505676,45.999867777636744,5.18,15.0,-0.52
PRO,2013-01-28,21.09000015258789,21.510000228881836,21.020000457763672,21.389999389648438,43.596204862637315,40.58873675641062,39.40101128031282,46.30187327037012,45.99937724794478,5.21,16.0,-0.61
PRO,2013-01-29,21.309999465942383,21.739999771118164,21.200000762939453,21.739999771118164,43.19252226166307,39.511593888732826,39.35716010785262,46.07775938271983,46.02380996369546,5.24,15.0,-0.69
PRO,2013-01-30,21.700000762939453,21.84000015258789,21.40999984741211,21.760000228881836,42.29609275007235,39.298616806039135,39.29035310506227,45.274748192323536,46.01838386544123,5.27,14.0,-0.77
PRO,2013-01-31,21.850000381469727,22.440000534057617,21.690000534057617,22.059999465942383,40.61848915256098,39.231973825512654,39.12416771183958,45.24945093508691,46.01653995474684,5.29,14.0,-0.84
PRO,2013-02-01,22.260000228881836,22.940000534057617,22.260000228881836,22.440000534057617,39.5370751194944,39.2467743936171,39.08938148367317,45.20388720676341,46.024104987651,5.31,14.0,-0.91
PRO,2013-02-04,22.239999771118164,22.329999923706055,21.520000457763672,21.59000015258789,41.69739923603118,37.616675683596505,39.61635105034702,45.45353918632415,46.15477125256248,5.32,22.0,-0.97
PRO,2013-02-05,21.799999237060547,22.850000381469727,21.719999313354492,22.649999618530273,43.040166115793525,38.10612600468366,40.26162795760443,45.77445614883849,46.366012227585706,5.33,26.0,-1.03
PRO,2013-02-06,22.389999389648438,22.6200008392334,21.940000534057617,22.40999984741211,41.88310154918315,38.22883447257428,40.30753957733172,45.728650812946256,45.63441916783624,5.32,27.0,-1.07
PRO,2013-02-07,22.350000381469727,22.459999084472656,22.1200008392334,22.209999084472656,41.87438295302904,38.321193341333775,40.34458183316239,45.65553348541112,45.55890750696744,5.32,28.0,-1.12
PRO,2013-02-08,22.209999084472656,22.739999771118164,21.979999542236328,22.690000534057617,41.67311079708153,38.04602827524401,39.78339655731784,45.60854668757873,45.600253202606126,5.31,26.0,-1.16
PRO,2013-02-11,22.68000030517578,22.68000030517578,22.049999237060547,22.190000534057617,42.64091179243017,37.6395940259174,39.88719451159603,45.698749272322665,45.65231501497631,5.3,27.0,-1.21
PRO,2013-02-12,22.290000915527344,22.520000457763672,21.989999771118164,22.200000762939453,42.70148582548144,37.38072620138531,39.54605576113142,45.698104091475514,45.65211215473936,5.28,22.0,-1.25
PRO,2013-02-13,23.600000381469727,27.440000534057617,23.600000381469727,26.25,61.57669348921211,50.105060058843854,47.497275215619354,49.713921663426184,47.803930849641006,5.22,50.0,-1.24
PRO,2013-02-14,27.25,27.940000534057617,26.209999084472656,26.889999389648438,60.2220587358713,50.031161824816394,47.34257421365737,49.77752897502567,47.63795213579245,5.16,50.0,-1.24
PRO,2013-02-15,26.75,26.989999771118164,25.540000915527344,25.770000457763672,60.91507766531108,50.93292149212936,47.89825850708891,49.768412717871946,47.42583901088747,5.09,52.0,-1.24
PRO,2013-02-19,25.700000762939453,26.540000915527344,25.450000762939453,25.969999313354492,60.92055017177914,50.79226666893162,47.850913602291286,49.66779425579814,47.31560125417762,5.03,52.0,-1.24
PRO,2013-02-20,25.90999984741211,25.989999771118164,25.270000457763672,25.360000610351562,59.506691451013225,51.17977641671643,47.89728416603197,49.747587865536005,47.26207436447803,4.96,53.0,-1.25
PRO,2013-02-21,25.299999237060547,25.709999084472656,24.559999465942383,25.0,59.80030342327235,51.2954038245405,47.871299228267674,49.662935391549134,47.055281388241454,4.89,53.0,-1.26
PRO,2013-02-22,25.280000686645508,26.469999313354492,25.200000762939453,26.450000762939453,60.964039776749715,52.060528419443884,48.53862372530469,50.06299850668764,47.376762070973456,4.82,56.0,-1.28
PRO,2013-02-25,26.690000534057617,26.959999084472656,26.100000381469727,26.209999084472656,60.69181200707284,52.15593679556022,48.33214180082007,50.05800795707693,47.38669301745945,4.75,56.0,-1.32
PRO,2013-02-26,26.40999984741211,26.8799991607666,26.06999969482422,26.780000686645508,60.73173375295442,52.14545202910564,48.41205506284375,50.0661405108391,47.36727289089977,4.73,57.0,-1.31
PRO,2013-02-27,26.670000076293945,27.3700008392334,26.670000076293945,26.770000457763672,59.77577631136231,52.166057324040224,48.29285853369064,49.99744949315204,47.27695747720118,4.72,56.0,-1.31
PRO,2013-02-28,26.760000228881836,26.760000228881836,26.030000686645508,26.059999465942383,60.35351524392334,52.587335834021054,48.51691662561146,50.12352533112855,47.31461838862157,4.72,59.0,-1.31
PRO,2013-03-01,25.799999237060547,26.84000015258789,25.3799991607666,26.709999084472656,60.393549333731734,52.40032258401411,48.616479038003625,50.035977218069306,47.36759289170239,4.72,61.0,-1.31
PRO,2013-03-04,26.530000686645508,27.079999923706055,25.979999542236328,27.020000457763672,60.392736682543536,52.38614011753977,48.606523970058376,49.9474882842705,47.29423988737859,4.72,61.0,-1.31
PRO,2013-03-05,27.049999237060547,27.700000762939453,26.8700008392334,27.690000534057617,60.507279920872215,52.35936553665693,48.58328568477223,50.00152766598295,47.32082764876558,4.72,61.0,-1.31
PRO,2013-03-06,27.8700008392334,28.110000610351562,27.420000076293945,27.790000915527344,60.55439236582764,52.234810303380044,48.57339710835202,50.001312399699316,47.316528633468884,4.71,61.0,-1.31
PRO,2013-03-07,27.729999542236328,27.790000915527344,26.690000534057617,26.979999542236328,61.571272878149784,52.78184580463273,48.4893906694061,50.15199050161683,47.4191865762236,4.71,59.0,-1.3
PRO,2013-03-08,27.350000381469727,28.3700008392334,27.1200008392334,27.969999313354492,60.903792137125464,53.086463131467845,48.692843463978534,50.270094288230126,47.541440007236794,4.71,67.0,-1.3
PRO,2013-03-11,27.799999237060547,27.799999237060547,26.780000686645508,27.18000030517578,61.710228809600395,53.472854163273084,48.88204184317532,50.08308261364781,47.6382803910557,4.71,71.0,-1.3
PRO,2013-03-12,27.110000610351562,27.600000381469727,26.5,26.6200008392334,62.26349240247725,53.28908163279462,49.01634815630111,50.10713903500887,47.66401838853045,4.71,72.0,-1.3
PRO,2013-03-13,26.68000030517578,27.770000457763672,26.520000457763672,27.260000228881836,62.395478392403646,53.206379152162995,49.040360832667886,50.05814650178233,47.71356951686464,4.71,72.0,-1.3
PRO,2013-03-14,27.239999771118164,27.65999984741211,26.829999923706055,27.389999389648438,62.36998998534548,52.8444141197325,48.73037018356261,49.5961621185414,47.710887269174684,4.71,68.0,-1.3
PRO,2013-03-15,27.239999771118164,27.239999771118164,26.299999237060547,26.399999618530273,63.65083820750726,52.95809504677994,49.01374081399312,49.73464554592812,47.85750023824749,4.71,72.0,-1.3
PRO,2013-03-18,26.040000915527344,27.100000381469727,25.81999969482422,26.690000534057617,63.58259681846749,52.502604239081705,48.96679707477134,49.74239598004941,47.82458803266148,4.71,71.0,-1.3
PRO,2013-03-19,26.700000762939453,27.170000076293945,26.209999084472656,26.579999923706055,62.26204625369138,52.54646846140078,48.26195376474118,49.61496963662349,47.82718019751648,4.7,56.0,-1.3
PRO,2013-03-20,26.8799991607666,27.280000686645508,26.75,27.25,61.294392893526165,52.522625915646614,47.52748395006399,49.421793545999634,47.86847938635185,4.68,52.0,-1.29
PRO,2013-03-21,26.829999923706055,27.829999923706055,26.799999237060547,27.020000457763672,61.24573545948485,52.04561024330826,47.32896085218285,49.17796605010053,47.86380904257832,4.66,50.0,-1.29
PRO,2013-03-22,27.110000610351562,27.229999542236328,26.81999969482422,26.889999389648438,61.16812620224346,51.99404310972186,47.21648739631089,49.14734402796723,47.8347090208956,4.64,50.0,-1.28
PRO,2013-03-25,27.079999923706055,27.139999389648438,26.75,27.0,61.00456098910176,51.875080717043886,47.08416503714367,49.14760832539299,47.82995273823253,4.62,50.0,-1.27
PRO,2013-03-26,27.1299991607666,27.610000610351562,26.790000915527344,26.979999542236328,60.460002442234725,51.894539896991375,46.92436887343289,49.08655723494453,47.826155594792716,4.6,50.0,-1.27
PRO,2013-03-27,26.84000015258789,27.299999237060547,26.360000610351562,26.709999084472656,60.6280742097016,52.0191910294033,46.40318498609817,48.46813178690058,47.83297134986746,4.57,40.0,-1.26
PRO,2013-03-28,26.850000381469727,27.43000030517578,26.5,27.170000076293945,36.83208791521068,51.05459835301682,46.331632477522724,48.44026859738266,47.797280542736225,4.54,38.0,-1.25
PRO,2013-04-01,27.06999969482422,27.360000610351562,26.770000457763672,27.1200008392334,36.18981162244631,49.992732742198456,46.261455425851175,47.25187172253808,47.78038248963073,4.51,37.0,-1.24
PRO,2013-04-02,27.280000686645508,28.059999465942383,26.989999771118164,27.770000457763672,34.426715477996986,49.484810973655286,46.31513650614565,47.30497000830523,47.832032490440625,4.48,39.0,-1.24
PRO,2013-04-03,27.850000381469727,28.25,27.110000610351562,27.649999618530273,34.44468244477173,49.52512312848735,44.989926083269225,47.30060685614939,47.83493968016935,4.44,32.0,-1.24
PRO,2013-04-04,28.0,28.0,27.110000610351562,27.649999618530273,33.57194597659786,48.364071171251354,44.69125425414724,47.26810840964425,47.83226335312939,4.39,32.0,-1.24
PRO,2013-04-05,27.010000228881836,27.100000381469727,26.479999542236328,26.729999542236328,34.892666918135745,49.03324527845429,45.10765667060703,47.1704425119424,47.96285048775618,4.34,34.0,-1.24
PRO,2013-04-08,26.770000457763672,26.799999237060547,26.09000015258789,26.229999542236328,31.385119862650786,49.022309069082496,45.25624881322342,47.214571150224884,47.99757776272376,4.29,35.0,-1.25
PRO,2013-04-09,26.299999237060547,27.06999969482422,25.8799991607666,26.600000381469727,31.534517633628685,48.82404029984225,45.06095226733131,47.17394317981739,47.91417957278703,4.24,34.0,-1.25
PRO,2013-04-10,26.75,27.540000915527344,26.75,27.149999618530273,31.475183642131693,48.853332812337904,44.72788611622425,47.16647682097342,47.92106791255071,4.19,33.0,-1.26
PRO,2013-04-11,27.030000686645508,27.299999237060547,26.450000762939453,26.709999084472656,31.849711514659106,48.61734481192733,44.71781521040833,47.19286132885167,47.948993593950256,4.13,33.0,-1.27
PRO,2013-04-12,26.540000915527344,26.700000762939453,25.959999084472656,26.15999984741211,31.451665839690346,48.46963015686313,44.89831812756188,47.14026719931474,48.00057830788616,4.09,35.0,-1.27
PRO,2013-04-15,25.8700008392334,26.040000915527344,24.639999389648438,25.040000915527344,33.027437743103654,49.498528737010325,45.4624338930051,47.247124034313345,48.196586014471976,4.05,40.0,-1.27
PRO,2013-04-16,25.260000228881836,26.020000457763672,24.959999084472656,26.010000228881836,34.82287487954528,49.9427665119002,45.63896845410586,47.265395955790154,48.337472050300065,4.01,41.0,-1.27
PRO,2013-04-17,25.760000228881836,25.790000915527344,24.549999237060547,25.100000381469727,35.3125932959224,50.601638800940016,46.01203662955777,47.490809629954136,48.454623267287076,3.97,43.0,-1.27
PRO,2013-04-18,25.219999313354492,25.5,23.850000381469727,24.049999237060547,37.0398520190403,51.476536425124486,46.59006994726222,47.763011119043924,48.638834723571314,3.94,59.0,-1.27
PRO,2013-04-19,24.15999984741211,24.579999923706055,23.469999313354492,23.739999771118164,36.38198216717466,51.5638906459964,46.598242352764494,47.76036231036439,48.456146651581214,3.91,60.0,-1.27
PRO,2013-04-22,23.770000457763672,24.649999618530273,23.020000457763672,24.549999237060547,36.149056994011644,51.01771718422681,46.7205549638347,47.895198584969435,48.499655409353366,3.88,62.0,-1.27
PRO,2013-04-23,24.829999923706055,24.829999923706055,23.489999771118164,24.579999923706055,35.43355747035592,50.774180987076754,46.69885016300217,47.53401579773761,48.498999235195264,3.85,62.0,-1.26
PRO,2013-04-24,24.530000686645508,25.479999542236328,24.389999389648438,25.270000457763672,36.1374460228752,50.986319198425335,46.7609638257735,47.2978817547086,48.56147949225373,3.82,67.0,-1.26
PRO,2013-04-25,25.3700008392334,25.940000534057617,24.989999771118164,25.489999771118164,35.47095902954899,50.92461761085101,46.761493864076144,42.94438432165667,48.45826843011671,3.8,68.0,-1.26
PRO,2013-04-26,25.450000762939453,25.719999313354492,24.690000534057617,24.899999618530273,35.92520763953153,51.203487072722744,46.947473704269655,43.03211268248142,48.475170125322386,3.79,72.0,-1.26
PRO,2013-04-29,25.059999465942383,25.739999771118164,24.899999618530273,25.719999313354492,35.89455380666611,51.5246532383835,47.00521957539546,43.12363572697349,48.563534429415405,3.79,72.0,-1.26
PRO,2013-04-30,25.75,25.959999084472656,25.200000762939453,25.920000076293945,35.81551924902255,51.447754567400175,47.004813822364405,43.052028734086825,48.56806609849389,3.79,71.0,-1.26
PRO,2013-05-01,25.709999084472656,26.170000076293945,24.420000076293945,24.600000381469727,38.77877812815414,51.98597478035958,47.79014823529047,43.53852465979834,48.796840138280004,3.8,78.0,-1.26
PRO,2013-05-02,24.81999969482422,25.5,24.81999969482422,25.3700008392334,39.17961956984773,51.45839125325246,47.93403131626587,43.63756381797632,48.853527574782866,3.81,82.0,-1.26
PRO,2013-05-03,26.0,28.979999542236328,26.0,28.170000076293945,49.90950514550373,55.526107802245775,50.52253557668984,45.199403922803185,49.90827003167768,3.85,100.0,-1.26
PRO,2013-05-06,28.059999465942383,28.309999465942383,27.760000228881836,28.030000686645508,49.911249385619996,55.49295440620532,50.52671967968091,45.114366974179035,49.91223302641322,3.89,100.0,-1.25
PRO,2013-05-07,27.940000534057617,27.950000762939453,25.6299991607666,27.84000015258789,49.959777429038446,55.41380696910537,50.44200703826017,45.129461442739235,49.8936164385142,3.93,98.0,-1.25
PRO,2013-05-08,27.65999984741211,28.549999237060547,27.489999771118164,28.440000534057617,50.300239467217935,55.270697569322,50.238396202250314,44.60326313443563,49.88329469405553,3.97,97.0,-1.25
PRO,2013-05-09,28.399999618530273,28.56999969482422,26.969999313354492,27.020000457763672,52.50665068196113,56.42027075502052,50.939266605017586,45.041792176667236,50.130234962703504,4.01,100.0,-1.25
PRO,2013-05-10,26.989999771118164,27.65999984741211,26.989999771118164,27.600000381469727,52.63534880291274,45.042382027185944,50.8251420138222,44.95003297422905,48.363340189977116,4.05,99.0,-1.25
PRO,2013-05-13,27.440000534057617,28.110000610351562,27.420000076293945,28.040000915527344,52.814896718887674,44.89163602824961,50.37088884082072,44.94669944307477,48.2130258916841,4.09,95.0,-1.25
PRO,2013-05-14,28.0,28.420000076293945,27.68000030517578,28.270000457763672,52.42868608271903,43.999420563021175,50.047713945213935,44.94380147205322,47.661210873831074,4.12,93.0,-1.26
PRO,2013-05-15,28.010000228881836,28.170000076293945,27.850000381469727,27.940000534057617,52.53308439309408,44.063385565882726,50.113413056535464,44.8893010987228,47.64636943791024,4.15,93.0,-1.27
PRO,2013-05-16,27.90999984741211,28.389999389648438,27.68000030517578,28.149999618530273,52.57358852665919,43.770961619006236,50.03703836712715,44.80786587852242,47.591438395989144,4.17,91.0,-1.28
PRO,2013-05-17,28.40999984741211,29.110000610351562,28.25,28.700000762939453,51.80054395392018,43.787581062034214,49.77599021113919,44.84797638602443,47.62003638392749,4.2,90.0,-1.28
PRO,2013-05-20,28.5,28.559999465942383,28.0,28.40999984741211,51.55055704190723,42.37818783006303,49.78310435338516,44.82050267522342,47.62982150596991,4.22,90.0,-1.29
PRO,2013-05-21,28.399999618530273,28.700000762939453,28.149999618530273,28.229999542236328,51.49890911354491,42.35329088531961,49.75953811391397,44.7758305353627,47.58799508967939,4.25,88.0,-1.3
PRO,2013-05-22,28.299999237060547,28.440000534057617,27.110000610351562,27.360000610351562,52.066911757146705,42.65537588895814,50.09133742393823,44.9573323909281,47.642687410726765,4.27,92.0,-1.3
PRO,2013-05-23,27.010000228881836,27.719999313354492,27.010000228881836,27.549999237060547,51.85866766642898,42.67622646962328,50.091882907909266,44.91039543294798,47.57452434228389,4.22,92.0,-1.28
PRO,2013-05-24,27.399999618530273,27.959999084472656,27.079999923706055,27.889999389648438,51.533248822893775,42.35720798739327,49.42154452055028,44.89409740298958,47.585107185801725,4.17,85.0,-1.24
PRO,2013-05-28,28.309999465942383,29.049999237060547,28.229999542236328,28.469999313354492,49.9024285651055,42.26918123160189,48.76933890987559,44.8473979975363,47.619588048629154,4.13,79.0,-1.17
PRO,2013-05-29,28.239999771118164,28.579999923706055,27.950000762939453,28.420000076293945,48.88754259901626,42.21623479812062,48.428022570881275,44.80037319074543,47.612294595348615,4.09,69.0,-1.1
PRO,2013-05-30,28.56999969482422,28.90999984741211,28.3700008392334,28.489999771118164,47.50329881709203,41.92949793408468,48.41578439244076,44.800359160152446,47.61229218897745,4.05,68.0,-1.02
PRO,2013-05-31,28.190000534057617,29.34000015258789,28.190000534057617,28.93000030517578,45.4523825510479,42.035545219311345,47.79341677466783,44.80860600787074,47.409199226544715,4.01,58.0,-0.93
PRO,2013-06-03,28.8799991607666,28.979999542236328,28.200000762939453,28.8700008392334,45.162604043754285,41.5654346494731,47.783463810823044,44.81002218243167,47.336314673824944,3.96,56.0,-0.84
PRO,2013-06-04,29.079999923706055,29.329999923706055,28.25,28.700000762939453,44.55432052346067,40.94506815986649,47.61589910570422,44.82074190557468,47.32659580402555,3.91,55.0,-0.73
PRO,2013-06-05,28.56999969482422,29.110000610351562,28.290000915527344,28.969999313354492,44.55353562081323,40.53096157944895,47.501359327516795,44.49823975179509,47.23829480520314,3.87,53.0,-0.61
PRO,2013-06-06,29.079999923706055,29.799999237060547,29.079999923706055,29.610000610351562,44.332402800701615,40.49037420240806,47.53386300084784,44.51607500258627,47.276635804101836,3.8,54.0,-0.5
PRO,2013-06-07,29.940000534057617,29.940000534057617,28.3700008392334,28.690000534057617,45.5813031219578,40.79363121370897,47.631549983648576,44.53782575141589,47.37970072856514,3.73,55.0,-0.36
PRO,2013-06-10,28.780000686645508,29.760000228881836,28.469999313354492,29.75,45.75101635734834,41.42912116001449,47.594907887424625,44.68817986111908,47.46814571811642,3.66,53.0,-0.22
PRO,2013-06-11,29.34000015258789,29.549999237060547,28.860000610351562,28.90999984741211,46.101543259607894,41.14018840540971,47.88103715652669,44.6887719766864,47.5211452580996,3.58,60.0,-0.06
PRO,2013-06-12,29.209999084472656,29.5,29.0,29.190000534057617,46.11853364021201,41.12846282990297,47.87003116752272,44.6931990718952,47.525568502505756,3.51,58.0,0.11
PRO,2013-06-13,29.200000762939453,29.719999313354492,29.200000762939453,29.459999084472656,42.93746236059141,41.14141374138741,47.85364169443913,44.66618678060638,47.419025885942375,3.42,57.0,0.3
PRO,2013-06-14,29.280000686645508,30.479999542236328,29.239999771118164,30.43000030517578,43.018878412608295,41.35011737400519,48.043891007850235,44.726052602025554,47.43519691509155,3.33,63.0,0.48
PRO,2013-06-17,30.75,31.65999984741211,30.639999389648438,31.290000915527344,32.086893419898814,41.63275849405145,48.167961587851856,44.76465513558601,47.49535160615156,3.23,63.0,0.68
PRO,2013-06-18,31.459999084472656,31.84000015258789,31.399999618530273,31.489999771118164,31.994642183397048,41.61249065290614,47.60825605225803,44.721683223738104,47.49628554335425,3.15,48.0,0.93
PRO,2013-06-19,31.520000457763672,31.639999389648438,30.969999313354492,30.989999771118164,32.37064430948654,41.785862755828724,47.576399964764434,44.623785006502345,47.53316007705344,3.06,46.0,1.2
PRO,2013-06-20,30.309999465942383,30.559999465942383,30.299999237060547,30.399999618530273,32.57103625154742,42.014278435794346,47.689973504223595,44.69557348091398,47.558471139347,2.96,50.0,1.5
PRO,2013-06-21,30.520000457763672,30.65999984741211,30.010000228881836,30.469999313354492,28.362065002768528,41.93919733392891,47.64668277096947,44.61697782904453,47.305410574495035,2.86,49.0,1.83
PRO,2013-06-24,30.100000381469727,31.030000686645508,29.540000915527344,30.59000015258789,27.88787404347694,41.82636065122338,47.64512905537855,44.610210512065976,47.26546361912183,2.75,48.0,2.18
PRO,2013-06-25,30.959999084472656,30.959999084472656,29.6200008392334,30.329999923706055,27.840977338724837,41.8749276263517,47.653637138273275,44.612542724633435,47.19814571765244,2.63,49.0,2.53
PRO,2013-06-26,30.649999618530273,30.649999618530273,29.75,30.100000381469727,27.94301329854383,41.66907321472726,47.63156373097143,44.612780989254844,46.85412654923001,2.5,46.0,2.85
PRO,2013-06-27,30.399999618530273,30.479999542236328,30.1200008392334,30.399999618530273,27.71550440514382,41.688519873593684,47.17476439502026,44.54342795138969,46.79834433968607,2.37,33.0,3.25
PRO,2013-06-28,30.209999084472656,30.399999618530273,29.950000762939453,29.950000762939453,28.14427539383636,41.824477124582074,46.71816916182861,44.587057009040116,46.829325169620496,2.26,24.0,3.74
PRO,2013-07-01,29.809999465942383,30.0,29.649999618530273,29.690000534057617,27.82027023795244,41.23491266221436,46.70501023169907,44.39518010297526,46.738929375605366,2.14,23.0,4.26
PRO,2013-07-02,29.65999984741211,29.700000762939453,29.049999237060547,29.360000610351562,27.857816745315244,41.1002456083428,46.72052937441939,44.37556109028923,46.563448128846886,2.02,24.0,4.8
PRO,2013-07-03,29.260000228881836,30.18000030517578,29.219999313354492,30.06999969482422,28.526252317536215,41.27444769867271,46.747678601866596,44.39269003382626,46.41143803779267,1.86,25.0,4.86
PRO,2013-07-05,30.530000686645508,30.950000762939453,30.1299991607666,30.799999237060547,27.377291522096105,41.3478108708791,46.69233677481326,44.458019335188226,46.4337193954163,1.69,19.0,4.16
PRO,2013-07-08,30.920000076293945,31.09000015258789,30.489999771118164,30.549999237060547,27.58275134558189,41.2256908314899,46.72554607097479,44.419315678113605,46.445790352109135,1.48,24.0,-0.29
PRO,2013-07-09,30.829999923706055,30.860000610351562,30.520000457763672,30.65999984741211,27.45600101096899,40.94543499472347,38.58272343603387,44.22217329409213,46.39983112371929,1.74,1.0,6.06
PRO,2013-07-10,30.68000030517578,30.75,30.549999237060547,30.649999618530273,26.967222010954924,39.79443009871462,38.41402882620249,44.150614672483954,45.92090383968833,1.98,1.0,7.14
PRO,2013-07-11,31.040000915527344,31.25,30.829999923706055,30.979999542236328,27.03977722023037,39.16789900109767,37.791740569939186,44.12431652108564,45.887234644254875,2.21,1.0,7.14
PRO,2013-07-12,30.8799991607666,31.729999542236328,30.8799991607666,31.600000381469727,27.48089019860635,38.48034812946113,37.888243374037856,43.740085660316595,45.031740889675945,2.41,2.0,6.41
PRO,2013-07-15,31.540000915527344,33.380001068115234,31.3799991607666,32.959999084472656,29.51110782061987,38.02137657187733,38.192217752226966,43.47976028861923,45.19417473809513,2.58,3.0,5.51
PRO,2013-07-16,33.029998779296875,33.529998779296875,32.709999084472656,33.11000061035156,29.44820342599488,37.83172806708176,38.096757270436704,43.32877311641511,45.182944276967305,2.74,3.0,4.71
PRO,2013-07-17,33.06999969482422,33.15999984741211,32.54999923706055,32.72999954223633,29.66694667993796,37.5334997404364,37.18040034979008,43.28826132931533,45.180495008967625,2.91,1.0,4.14
PRO,2013-07-18,32.790000915527344,33.02000045776367,32.130001068115234,32.31999969482422,30.027356367851944,37.6963175687684,37.21139102215339,43.24423640089522,44.982663103986894,3.07,2.0,3.57
PRO,2013-07-19,32.150001525878906,32.22999954223633,31.770000457763672,31.959999084472656,29.81343768997105,37.51951610425823,37.13915378444795,43.18333529797411,44.98364039978985,3.22,1.0,3.05
PRO,2013-07-22,31.950000762939453,32.310001373291016,31.719999313354492,32.130001068115234,28.00832472279874,37.50764459541174,37.14175792579798,42.832441537999024,44.94040873488792,3.36,2.0,2.58
PRO,2013-07-23,32.16999816894531,32.68000030517578,32.16999816894531,32.4900016784668,26.373007000938586,37.100679963891444,36.88329296669267,42.77348502060502,44.908615735580625,3.5,1.0,2.17
PRO,2013-07-24,32.7599983215332,32.9900016784668,32.290000915527344,32.29999923706055,24.78129444769356,36.69526645877622,36.72861030216943,42.742930060173215,44.89443014095234,3.63,1.0,1.8
PRO,2013-07-25,32.349998474121094,33.47999954223633,32.040000915527344,33.349998474121094,26.06078149112308,37.140401136708576,37.007653669545654,42.85058233812615,44.88124350807065,3.75,3.0,1.46
PRO,2013-07-26,33.0,33.20000076293945,32.45000076293945,32.779998779296875,26.75833982829116,35.52423467498001,36.95792437904347,42.142923125997974,44.759285706732406,3.86,3.0,1.15
PRO,2013-07-29,32.779998779296875,32.97999954223633,32.369998931884766,32.5099983215332,25.51713426663873,35.20240322619248,36.990309148902334,41.99949226197358,44.65484163937953,3.96,4.0,0.87
PRO,2013-07-30,32.65999984741211,32.720001220703125,32.130001068115234,32.5099983215332,24.33218916153681,28.28860622058554,36.65276390528437,41.997098320025444,44.65549118715786,4.07,1.0,0.63
PRO,2013-07-31,32.66999816894531,32.939998626708984,32.52000045776367,32.81999969482422,24.4056371551628,28.283040643029402,36.26295430561114,42.00136069088534,44.631222021480035,4.18,1.0,0.41
PRO,2013-08-01,33.040000915527344,33.349998474121094,32.52000045776367,32.7599983215332,23.868099038669975,28.230536974549892,35.941971852706104,41.86737782373281,44.60215068889165,4.28,1.0,0.23
PRO,2013-08-02,35.5,35.5,30.360000610351562,30.979999542236328,28.57778112720967,30.40546530484668,36.922310407399834,42.22768648333927,44.99235470656829,4.36,6.0,0.04
PRO,2013-08-05,31.0,31.729999542236328,30.700000762939453,31.40999984741211,28.828837610454393,28.454036585249952,36.80314298879973,42.175057431998745,44.73011748730379,4.44,5.0,-0.13
PRO,2013-08-06,31.219999313354492,31.5,30.969999313354492,31.100000381469727,28.986031583691187,28.294082283044723,36.84295365813732,42.20445578259675,44.507472733858506,4.51,6.0,-0.29
PRO,2013-08-07,31.0,31.239999771118164,30.889999389648438,31.0,28.881984998050886,28.16543017937664,36.34157120234009,42.16561717549522,41.23520989518184,4.59,3.0,-0.43
PRO,2013-08-08,31.110000610351562,31.299999237060547,30.770000457763672,30.950000762939453,28.783621559511225,28.140399679284844,36.314230174038414,42.07826753737314,41.21923440615405,4.66,3.0,-0.56
PRO,2013-08-09,30.950000762939453,31.0,30.649999618530273,30.690000534057617,28.777067748213618,28.082006531816795,36.33759249617922,42.06594505463473,41.19534473254171,4.73,4.0,-0.68
PRO,2013-08-12,30.479999542236328,30.860000610351562,30.479999542236328,30.729999542236328,28.41280150805567,28.054878397200472,36.14241151575503,42.05612572681364,41.13980928494402,4.81,2.0,-0.79
PRO,2013-08-13,30.770000457763672,31.65999984741211,30.739999771118164,31.610000610351562,29.334166327797433,28.354319187618206,36.36134643094709,42.120721134131244,41.214131050424335,4.88,7.0,-0.89
PRO,2013-08-14,31.520000457763672,31.93000030517578,31.040000915527344,31.56999969482422,29.0842674845002,28.25512114388276,36.34981348307305,42.04748569842527,41.19441892547959,4.95,7.0,-0.99
PRO,2013-08-15,31.200000762939453,31.34000015258789,30.780000686645508,31.059999465942383,28.836544072202873,28.449545140229404,36.45812327023433,42.096935012451034,41.18041477696183,5.01,9.0,-1.08
PRO,2013-08-16,30.8799991607666,31.43000030517578,30.729999542236328,31.389999389648438,28.16472476763962,27.664982748735117,36.48540523591373,42.044683718877586,41.11596391320284,5.07,10.0,-1.16
PRO,2013-08-19,31.290000915527344,31.790000915527344,31.139999389648438,31.399999618530273,28.041933509985572,27.650868971600694,36.43878766556179,42.041371451071306,41.11562925536785,5.13,9.0,-1.23
PRO,2013-08-20,31.540000915527344,31.860000610351562,31.399999618530273,31.860000610351562,28.31111330497266,27.690266704722934,36.41365513789421,42.05680704932882,40.67394672427645,5.19,9.0,-1.3
PRO,2013-08-21,31.739999771118164,32.220001220703125,31.3799991607666,31.920000076293945,28.307461249561843,27.42447325002977,36.40951325098148,41.957314028845374,40.656330150633146,5.25,9.0,-1.36
PRO,2013-08-22,31.979999542236328,32.58000183105469,31.959999084472656,32.310001373291016,28.35169109578903,27.49304195161997,36.277416161701176,41.96812952862174,40.55439875486479,5.3,4.0,-1.42
PRO,2013-08-23,32.41999816894531,33.36000061035156,32.41999816894531,33.04999923706055,28.522722047383077,27.812483232173008,36.41924693605876,41.993803734396984,40.57953323009427,5.36,12.0,-1.48
PRO,2013-08-26,33.02000045776367,33.630001068115234,32.709999084472656,33.4900016784668,26.06811888357016,27.77433102282245,36.46324422411663,41.97775696518105,40.587059405437984,5.41,15.0,-1.52
PRO,2013-08-27,33.08000183105469,33.29999923706055,31.469999313354492,31.59000015258789,31.12113860589083,30.437016795326727,37.275949212307765,42.615547513417646,40.97909394670746,5.45,30.0,-1.57
PRO,2013-08-28,31.610000610351562,32.79999923706055,31.530000686645508,32.2599983215332,31.63878925404564,30.65572193846991,37.25368365929382,42.64785958818959,40.952342925095714,5.49,30.0,-1.61
PRO,2013-08-29,32.15999984741211,33.459999084472656,32.15999984741211,33.150001525878906,32.40844583189998,31.055820055581496,37.42004211387481,42.6546423715161,41.02423905382903,5.53,32.0,-1.65
PRO,2013-08-30,33.060001373291016,33.189998626708984,32.5,32.79999923706055,32.389931373897376,30.89274082112381,37.359107109336215,42.52259624008934,41.00468080077482,5.56,32.0,-1.68
PRO,2013-09-03,33.16999816894531,33.16999816894531,32.150001525878906,32.709999084472656,32.378086821534104,30.122138881947123,37.25244278517174,42.47765784932186,40.96161339550062,5.6,30.0,-1.72
PRO,2013-09-04,32.86000061035156,32.939998626708984,32.459999084472656,32.72999954223633,32.22351806075155,29.27272346647015,37.07301174162787,42.36920551047291,40.96156302100495,5.63,26.0,-1.75
PRO,2013-09-05,32.720001220703125,33.22999954223633,32.56999969482422,33.029998779296875,32.26933640006598,28.62274745070643,36.34620242742964,42.03448537142711,40.927644041555766,5.67,8.0,-1.77
PRO,2013-09-06,33.2400016784668,33.25,31.979999542236328,32.90999984741211,30.894460310424478,28.605113616415817,35.91719393424812,41.81240491354994,40.90788125704191,5.72,1.0,-1.8
PRO,2013-09-09,33.02000045776367,34.040000915527344,32.9900016784668,33.720001220703125,31.27637723702031,28.93338118530913,35.56285677928655,41.88583872665282,40.88952468991402,5.76,1.0,-1.81
PRO,2013-09-10,33.81999969482422,34.560001373291016,33.81999969482422,34.0,31.220315920486076,28.274742047018,34.80872482673089,41.84270791589263,40.85464869584113,5.82,1.0,-1.82
PRO,2013-09-11,33.849998474121094,34.45000076293945,33.849998474121094,34.209999084472656,31.245710247598424,27.766869088050967,34.71113443202164,41.64777332593485,40.85634038828274,5.86,1.0,-1.83
PRO,2013-09-12,34.2400016784668,34.36000061035156,33.77000045776367,33.790000915527344,31.413307051807777,27.8910690193745,34.46877393510851,41.663203295450856,40.869441865962415,5.91,1.0,-1.84
PRO,2013-09-13,34.0,34.040000915527344,33.52000045776367,33.79999923706055,31.402877701992132,27.661317868990487,34.47043549553068,41.63385210209328,40.8684307241665,5.96,2.0,-1.84
PRO,2013-09-16,34.060001373291016,34.11000061035156,33.900001525878906,33.959999084472656,26.367917718389368,27.33043481749234,34.247019147758486,41.63387525373985,40.86887006575028,6.01,1.0,-1.84
PRO,2013-09-17,33.959999084472656,34.400001525878906,33.88999938964844,34.27000045776367,26.236738190248065,27.37061819951552,34.24886159203368,41.637479706295174,40.61627486980326,6.05,2.0,-1.84
PRO,2013-09-18,34.220001220703125,34.439998626708984,33.84000015258789,34.25,25.97850311530861,27.372363623323263,33.99205551354245,41.17043975028222,40.58433331253901,6.09,1.0,-1.83
PRO,2013-09-19,34.2599983215332,34.2599983215332,33.41999816894531,33.47999954223633,26.994718458733765,27.755346584136,33.91273123735726,40.79328284804823,40.53644420731594,6.13,1.0,-1.82
PRO,2013-09-20,33.689998626708984,34.0,33.529998779296875,33.779998779296875,27.02563793357879,27.726573095864314,33.91774816829273,40.57843996762022,40.51662579284112,6.17,2.0,-1.81
PRO,2013-09-23,33.91999816894531,33.970001220703125,33.11000061035156,33.560001373291016,26.96175075622505,27.728944338375484,32.79115508046749,40.5840783035444,40.408434626627674,6.21,1.0,-1.79
PRO,2013-09-24,33.72999954223633,34.0,32.81999969482422,33.72999954223633,26.963384312492195,27.52072954356895,32.490537741930645,40.17191416056411,40.40618062078899,6.25,1.0,-1.76
PRO,2013-09-25,33.849998474121094,34.310001373291016,33.689998626708984,34.029998779296875,25.960274021689322,27.4644994918448,28.110610586997375,40.16596396222763,40.38409551704664,6.34,1.0,-1.62
PRO,2013-09-26,34.150001525878906,34.72999954223633,34.150001525878906,34.56999969482422,26.215032598588245,27.45550282153035,28.1741109627983,40.05300048207551,40.3433035146203,6.41,2.0,-1.52
PRO,2013-09-27,34.25,34.25,33.52000045776367,34.11000061035156,26.042794056290408,27.290382320131833,28.246478378115143,40.03081372038279,40.327826958382786,6.48,3.0,-1.44
PRO,2013-09-30,33.70000076293945,34.310001373291016,33.619998931884766,34.189998626708984,25.94736732272339,26.906798413640615,28.076698206327137,39.994253602717535,40.294375157725625,6.54,1.0,-1.37
PRO,2013-10-01,34.15999984741211,34.439998626708984,33.68000030517578,34.380001068115234,25.947280134326085,26.838062776913713,26.761239124246135,39.84089382393003,40.17041544168063,6.61,1.0,-1.27
PRO,2013-10-02,34.189998626708984,34.41999816894531,33.7599983215332,34.08000183105469,25.92730495153902,26.925454430601796,26.6474707918596,39.650786148945535,40.183325798049346,6.68,1.0,-1.2
PRO,2013-10-03,34.0099983215332,34.0099983215332,32.70000076293945,33.20000076293945,27.203926521945558,27.52492940105609,26.929524424591854,39.801853353455115,40.219686660899015,6.74,3.0,-1.14
PRO,2013-10-04,33.11000061035156,33.790000915527344,32.77000045776367,33.02000045776367,27.07241308904573,27.48885420336868,26.93280138792291,39.79857343169043,40.220445572907316,6.79,4.0,-1.1
PRO,2013-10-07,32.77000045776367,33.119998931884766,32.18000030517578,32.25,27.136044890126815,27.66307814265801,27.146629448468616,39.90314882529249,40.28789897100851,6.83,5.0,-1.07
PRO,2013-10-08,32.189998626708984,32.31999969482422,30.93000030517578,31.079999923706055,28.729987714669676,27.30518871662502,27.803147626105627,40.16153044916351,40.4640890691972,6.85,6.0,-1.05
PRO,2013-10-09,31.329999923706055,31.329999923706055,30.510000228881836,30.719999313354492,23.551510761820534,27.366947663408258,27.717461157721484,40.189109662345466,40.42829936236802,6.87,6.0,-1.04
PRO,2013-10-10,31.1200008392334,31.979999542236328,31.1200008392334,31.6200008392334,24.288895958727966,27.964640229605354,28.0199463172378,39.90740288866396,40.51624476569508,6.88,8.0,-1.03
PRO,2013-10-11,31.600000381469727,32.66999816894531,31.600000381469727,32.4900016784668,24.281701787536573,28.417041831917395,28.297184685828014,39.90951999712115,40.43209616489784,6.88,13.0,-1.01
PRO,2013-10-14,32.209999084472656,32.75,32.0099983215332,32.45000076293945,24.099398225895843,28.32117616799427,27.810878461113063,39.8892900870732,40.39356115938336,6.87,8.0,-1.0
PRO,2013-10-15,32.43000030517578,32.43000030517578,31.18000030517578,31.360000610351562,26.014533456150012,29.163243023821256,28.37394440051113,40.08701544597613,40.50991222523563,6.85,15.0,-1.0
PRO,2013-10-16,31.610000610351562,32.08000183105469,30.850000381469727,31.020000457763672,26.15061838356035,29.140359077572565,28.384275014826805,40.11603637482663,40.52489776356636,6.83,16.0,-0.98
PRO,2013-10-17,30.950000762939453,31.56999969482422,30.950000762939453,31.56999969482422,26.568438826186565,29.360488655647828,28.33560293214911,40.13463515531193,40.508299785459336,6.82,15.0,-0.97
PRO,2013-10-18,31.889999389648438,33.11000061035156,31.729999542236328,33.060001373291016,29.92322505679451,30.157635423837792,29.220901156894175,40.434259421513616,40.59305916758468,6.79,18.0,-0.95
PRO,2013-10-21,33.0099983215332,33.47999954223633,33.0099983215332,33.470001220703125,29.276724494464464,30.05034872745007,29.270969543433704,40.159499666675664,40.55169289106427,6.76,19.0,-0.92
PRO,2013-10-22,33.720001220703125,35.93000030517578,33.59000015258789,34.650001525878906,30.89701095368146,30.802484464765673,29.659554903295543,39.97802177280887,40.65480898354228,6.73,20.0,-0.89
PRO,2013-10-23,34.34000015258789,34.65999984741211,33.970001220703125,34.220001220703125,31.079246411466606,30.92694282332438,29.740165917705834,39.98701972092789,40.35272258724727,6.69,21.0,-0.86
PRO,2013-10-24,34.290000915527344,36.439998626708984,34.290000915527344,35.970001220703125,34.02196324414621,32.47717340873948,30.680423283126444,40.35694797812137,40.24866025121026,6.64,22.0,-0.81
PRO,2013-10-25,36.22999954223633,37.0099983215332,35.63999938964844,36.16999816894531,34.03200016483435,32.47977745609179,30.663894168069668,40.29707943144275,40.12867881924877,6.58,22.0,-0.76
PRO,2013-10-28,36.27000045776367,36.61000061035156,35.65999984741211,35.88999938964844,34.14586152731495,30.26189608233703,30.541474396472534,40.20746057028931,40.0868200797557,6.53,22.0,-0.7
PRO,2013-10-29,36.099998474121094,36.45000076293945,35.29999923706055,36.040000915527344,34.0848987472088,30.172129737506914,30.067274776803778,40.206977471636165,40.019369405563445,6.46,22.0,-0.65
PRO,2013-10-30,36.130001068115234,36.130001068115234,34.27000045776367,34.599998474121094,36.23916578962984,31.345402330222495,30.33635134142976,35.455260039047474,40.18504892716309,6.4,23.0,-0.58
PRO,2013-10-31,34.52000045776367,35.77000045776367,34.5,35.349998474121094,36.05625679948972,31.584097728381355,30.110285533991682,35.432956757425785,39.95518787504828,6.32,23.0,-0.51
PRO,2013-11-01,35.34000015258789,35.34000015258789,32.529998779296875,33.81999969482422,38.36416313802991,32.980868175596896,30.96570542147092,35.46332425289489,40.17657416828284,6.23,28.0,-0.43
PRO,2013-11-04,33.84000015258789,35.150001525878906,33.619998931884766,34.72999954223633,39.06356676835562,33.30946231161418,31.19752465816848,35.57952842947205,40.21912761936657,6.14,29.0,-0.35
PRO,2013-11-05,34.689998626708984,36.040000915527344,33.31999969482422,35.83000183105469,40.013354659781754,33.83903453118826,31.167650414437837,35.621663450283755,40.30130712804919,6.03,29.0,-0.26
PRO,2013-11-06,36.040000915527344,36.189998626708984,35.540000915527344,36.130001068115234,40.005955505631505,33.437535327236695,30.902238766487542,35.57724112613914,39.7266844304971,5.91,28.0,-0.17
PRO,2013-11-07,36.18000030517578,36.18000030517578,35.189998626708984,35.45000076293945,40.23511397687389,33.713058828960904,31.061201998813825,35.07091618274368,39.666493262751956,5.8,30.0,-0.07
PRO,2013-11-08,35.400001525878906,36.689998626708984,35.369998931884766,35.91999816894531,40.15510735726549,33.573370761264584,30.995435335745615,35.07394799455406,39.67532950334077,5.69,30.0,0.03
PRO,2013-11-11,35.959999084472656,36.099998474121094,35.70000076293945,35.7599983215332,40.19443049750464,33.55893779218119,30.832688655798933,35.002484846283174,39.68157346676268,5.56,28.0,0.14
PRO,2013-11-12,35.7400016784668,35.939998626708984,35.27000045776367,35.91999816894531,40.186218950752675,33.55991138759759,30.835810806802595,35.003312642223825,39.57227106340339,5.43,29.0,0.24
PRO,2013-11-13,35.56999969482422,35.959999084472656,35.2599983215332,35.939998626708984,40.07077011290205,33.46319835261244,30.834097965072104,34.838818814527166,39.4048555439186,5.29,29.0,0.34
PRO,2013-11-14,35.810001373291016,35.849998474121094,35.40999984741211,35.72999954223633,39.26495165943653,33.502040694583116,30.814602798650135,34.743958379679476,39.3630772834452,5.14,28.0,0.42
PRO,2013-11-15,35.630001068115234,36.70000076293945,35.54999923706055,36.65999984741211,39.755380766763224,33.793231311812235,31.01307277818377,34.84111652547496,39.428197443078425,4.97,35.0,0.48
PRO,2013-11-18,36.810001373291016,36.959999084472656,35.86000061035156,36.04999923706055,39.39940442845387,33.73557800099879,31.12831501882906,34.80312319056573,39.444686181817985,4.81,37.0,0.54
PRO,2013-11-19,36.18000030517578,36.7599983215332,36.06999969482422,36.439998626708984,37.50104133955271,33.702586284267255,31.046129987224102,34.81960835560265,39.38036654361015,4.65,36.0,0.59
PRO,2013-11-20,36.63999938964844,36.689998626708984,35.599998474121094,35.83000183105469,37.736441886551596,31.5612926860173,31.1444904557847,34.69218633522419,39.404940241786235,4.48,39.0,0.59
PRO,2013-11-21,36.08000183105469,37.13999938964844,35.970001220703125,36.939998626708984,37.82861623014351,31.863568686552462,31.401613902369018,34.620982718923976,39.492423154635304,4.3,42.0,0.49
PRO,2013-11-22,36.9900016784668,37.08000183105469,36.2400016784668,36.40999984741211,37.650935807030564,31.612864619193065,31.320169190956413,34.48713423125711,39.500149671712684,4.1,42.0,0.23
PRO,2013-11-25,36.470001220703125,36.88999938964844,36.2599983215332,36.83000183105469,37.68345932603056,31.573459792554637,31.15822762086812,34.40282724842749,39.45289065575881,3.89,40.0,-0.32
PRO,2013-11-26,36.72999954223633,38.36000061035156,36.029998779296875,38.09000015258789,36.79509138114694,32.217185513077155,31.52300701864481,34.51129768445628,39.55931147906547,3.65,45.0,-1.41
PRO,2013-11-27,38.2400016784668,38.5099983215332,38.0,38.380001068115234,36.424462773035074,32.23106894152533,31.533843882829338,34.51626203637924,39.51478091251902,3.62,46.0,-1.41
PRO,2013-11-29,38.66999816894531,38.91999816894531,38.459999084472656,38.540000915527344,36.29640207858111,32.20455187488141,31.532571874705773,34.20881002574931,39.511233390151865,3.58,46.0,-1.41
PRO,2013-12-02,38.84000015258789,38.84000015258789,36.97999954223633,37.22999954223633,36.20687019130132,33.07206604589742,32.040355384561174,34.46635576938511,39.68604964589053,3.55,48.0,-1.4
PRO,2013-12-03,37.150001525878906,37.81999969482422,36.59000015258789,37.150001525878906,36.15928327945418,32.754491055192695,31.9161370005963,34.462318082103266,39.61603077390611,3.52,48.0,-1.4
PRO,2013-12-04,36.880001068115234,38.08000183105469,36.77000045776367,37.77000045776367,35.17054112827173,32.87013303934862,31.34258449421755,34.3978893482831,39.63793638845994,3.49,44.0,-1.4
PRO,2013-12-05,37.83000183105469,38.849998474121094,37.560001373291016,38.56999969482422,35.23697837718451,33.09407481591381,31.492981044606132,34.450210694901806,39.65274291684194,3.45,46.0,-1.39
PRO,2013-12-06,38.939998626708984,39.13999938964844,38.54999923706055,38.709999084472656,32.44218915875444,32.959832243749325,31.42472197775314,34.4412337305277,39.630734627615794,3.43,46.0,-1.38
PRO,2013-12-09,38.689998626708984,38.81999969482422,37.02000045776367,37.470001220703125,33.96956997933876,33.722547486507914,31.81277378530937,34.68241229832735,39.79107481450993,3.4,51.0,-1.36
PRO,2013-12-10,37.36000061035156,37.939998626708984,36.720001220703125,36.93000030517578,34.17957106274995,33.87946444677383,31.85073935030354,34.73499583806316,39.81503125911078,3.37,52.0,-1.34
PRO,2013-12-11,36.869998931884766,37.08000183105469,35.599998474121094,36.02000045776367,34.974090002675325,34.26539647356039,32.118403428525106,34.85072980611959,39.843857456143844,3.34,55.0,-1.32
PRO,2013-12-12,35.95000076293945,36.2400016784668,35.599998474121094,35.77000045776367,32.85908594783573,34.3015771061987,32.10352748594254,34.81710508273324,39.73530146029043,3.31,55.0,-1.3
PRO,2013-12-13,35.75,37.220001220703125,35.70000076293945,36.2599983215332,32.51423961572147,34.04752741383704,32.14689605315972,34.8440229398696,39.71310008458527,3.29,57.0,-1.27
PRO,2013-12-16,36.290000915527344,37.47999954223633,36.029998779296875,37.47999954223633,30.878885220673652,34.63304682808791,32.17425981196828,34.94554596444604,39.74656222490115,3.26,58.0,-1.24
PRO,2013-12-17,37.560001373291016,39.220001220703125,36.9900016784668,38.81999969482422,31.530232012536825,35.25520513655726,32.48412123785616,35.16144069203569,39.612595454823854,3.23,59.0,-1.21
PRO,2013-12-18,38.81999969482422,39.33000183105469,37.5099983215332,38.790000915527344,30.452744917088133,35.25688704524055,32.44737642022279,35.16214313502728,39.43701568798848,3.2,59.0,-1.17
PRO,2013-12-19,38.630001068115234,39.209999084472656,37.88999938964844,38.06999969482422,31.018683027285164,35.491424600069536,32.60924619163634,34.99113859228376,39.49642703978423,3.17,62.0,-1.14
PRO,2013-12-20,38.15999984741211,38.79999923706055,38.02000045776367,38.560001373291016,30.53590401630298,35.44722722455904,32.633812055564064,34.92609636378784,39.47524663839093,3.14,63.0,-1.1
PRO,2013-12-23,38.599998474121094,39.90999984741211,38.400001525878906,39.4900016784668,31.003202759701853,35.58545299092975,32.81866020456899,34.99237303601454,39.38615974069378,3.12,65.0,-1.07
PRO,2013-12-24,39.41999816894531,39.650001525878906,39.0099983215332,39.45000076293945,30.945553497921917,35.59249512003182,31.490668611530932,34.92671630849865,39.36868754232602,3.09,47.0,-1.03
PRO,2013-12-26,39.619998931884766,40.29999923706055,39.400001525878906,40.22999954223633,31.304077723052316,35.7615253626165,31.55727506906739,34.91866994396406,39.380120318935475,3.06,52.0,-0.98
PRO,2013-12-27,40.41999816894531,41.0,39.97999954223633,40.2400016784668,31.30695899326489,35.68661273453429,31.49685329684439,34.81143737038854,39.38134452331416,3.02,49.0,-0.93
PRO,2013-12-30,40.11000061035156,40.56999969482422,39.63999938964844,40.25,31.193582197499158,35.17899468686231,31.485412741488027,34.37682661102522,39.381422470482114,2.99,47.0,-0.88
PRO,2013-12-31,40.2599983215332,40.790000915527344,39.7599983215332,39.900001525878906,30.70208922668302,35.22007140375338,31.529985735045702,34.143864527369225,39.04008262892486,2.96,52.0,-0.82
PRO,2014-01-02,39.65999984741211,40.04999923706055,39.2599983215332,39.31999969482422,30.589601347108893,34.97660370694013,31.60030399023135,33.90470041445399,38.704879461616564,2.93,56.0,-0.76
PRO,2014-01-03,39.310001373291016,40.33000183105469,39.310001373291016,40.0,30.78764768333358,34.062344727081516,31.68527805825727,33.5182725464603,38.5678474370848,2.9,57.0,-0.7
PRO,2014-01-06,40.290000915527344,40.61000061035156,39.5,39.72999954223633,30.353695194191726,33.97993317414483,31.451860261013515,33.48513661269574,38.57152179056702,2.87,47.0,-0.63
PRO,2014-01-07,40.099998474121094,40.25,39.25,39.400001525878906,29.41748940927342,33.68434152238823,31.492224375335375,33.311018458458136,38.2829588987901,2.83,50.0,-0.55
PRO,2014-01-08,39.560001373291016,40.790000915527344,39.560001373291016,40.56999969482422,29.9965062522878,33.75020255220979,31.640795104992648,33.459258071072846,38.364744780296725,2.8,59.0,-0.47
PRO,2014-01-09,40.81999969482422,41.150001525878906,39.5099983215332,39.939998626708984,30.405764096768113,33.96887502998532,31.747787159006975,33.398052880924624,38.3042585713969,2.76,61.0,-0.38
PRO,2014-01-10,39.9900016784668,40.47999954223633,38.849998474121094,39.189998626708984,29.565081539842737,33.38726260344206,31.9270404751188,33.48655879255522,38.31608386848047,2.72,65.0,-0.29
PRO,2014-01-13,39.20000076293945,39.540000915527344,38.13999938964844,38.43000030517578,30.0792741299578,33.596357120328435,32.05101513061075,33.44799859983552,38.35339055056289,2.67,67.0,-0.19
PRO,2014-01-14,38.540000915527344,40.72999954223633,38.5099983215332,40.709999084472656,34.398084289234674,35.271009600318045,33.250869392446894,33.89677746316736,38.63136084295511,2.64,79.0,-0.11
PRO,2014-01-15,40.83000183105469,41.029998779296875,40.0099983215332,40.38999938964844,32.77479262012169,34.25406507077687,33.25402839013308,33.913532577878335,38.485276853495186,2.6,80.0,-0.03
PRO,2014-01-16,40.13999938964844,40.619998931884766,39.52000045776367,39.84000015258789,33.09363647722983,34.377642032819026,33.18670703165592,33.339482606829975,38.52049278194377,2.56,79.0,0.05
PRO,2014-01-17,39.619998931884766,39.720001220703125,39.0,39.2400016784668,33.18624256420025,33.92599840733829,33.24549534902951,33.23692169762325,38.55076936644056,2.52,80.0,0.13
PRO,2014-01-21,39.599998474121094,39.7599983215332,38.95000076293945,39.40999984741211,32.674984400832926,33.792495337217275,31.825208690474643,30.93085330130332,38.53619554775845,2.45,63.0,0.21
PRO,2014-01-22,39.31999969482422,40.15999984741211,39.209999084472656,39.880001068115234,32.82534739096696,32.377525113410385,31.720917364671397,30.942534160819175,38.53377572626799,2.38,61.0,0.28
PRO,2014-01-23,39.58000183105469,39.63999938964844,38.95000076293945,39.349998474121094,31.568588154515552,32.51402180912528,31.557612527080657,30.978517179427286,38.56168160343996,2.31,58.0,0.3
PRO,2014-01-24,38.880001068115234,39.43000030517578,37.72999954223633,38.15999984741211,32.61961565839493,33.1245543373402,31.91660310739646,31.131138553848274,38.40848437920531,2.23,68.0,0.28
PRO,2014-01-27,38.310001373291016,38.91999816894531,36.93000030517578,37.709999084472656,31.924825411465473,33.22228930337403,31.98031508924958,30.533012209753057,38.35640011172469,2.15,70.0,0.2
PRO,2014-01-28,37.75,38.36000061035156,37.5099983215332,38.2599983215332,32.03388709598677,32.1857581854107,32.04706844975062,30.48302888731815,38.35895228772092,2.07,72.0,0.08
PRO,2014-01-29,37.88999938964844,38.290000915527344,37.150001525878906,37.33000183105469,32.762336920900275,32.3608920492626,32.29087018277432,30.59665731462793,38.42745941099874,2.0,78.0,0.02
PRO,2014-01-30,37.720001220703125,39.25,37.720001220703125,38.22999954223633,32.07554807358454,31.293302925063532,32.479327096781944,30.69993583390734,38.48833115872129,1.95,80.0,-0.01
PRO,2014-01-31,37.52000045776367,38.470001220703125,37.40999984741211,38.0099983215332,30.40321087678737,30.91082382917213,32.2919566601606,30.671311372456834,38.47937921614754,1.9,79.0,-0.03
PRO,2014-02-03,37.779998779296875,38.060001373291016,35.04999923706055,36.209999084472656,33.4124174085222,31.940497506326814,33.22018834019793,31.23340306244585,38.78190421547079,1.88,89.0,-0.03
PRO,2014-02-04,36.290000915527344,36.63999938964844,36.15999984741211,36.52000045776367,33.18007976107623,31.94255899792046,33.23233858907488,31.17201705890543,38.573428954465925,1.86,90.0,-0.03
PRO,2014-02-05,36.29999923706055,36.720001220703125,35.77000045776367,36.290000915527344,32.93197964658289,31.722296276880908,33.1859910829933,31.15539568414289,38.30667018552404,1.84,88.0,-0.02
PRO,2014-02-06,36.4900016784668,37.18000030517578,36.4900016784668,36.869998931884766,32.46567526214487,31.773232238123626,33.27281588971841,31.188783442523242,38.31138407913064,1.82,95.0,-0.02
PRO,2014-02-07,37.130001068115234,37.349998474121094,36.709999084472656,36.91999816894531,32.48101201199622,31.757284149650246,33.2671831482721,30.943877776518857,38.29569260712285,1.81,95.0,-0.01
PRO,2014-02-10,36.849998474121094,37.16999816894531,36.209999084472656,37.0099983215332,31.85571636916931,31.749273380405647,33.24193501699496,30.93770338926325,38.24634028850029,1.79,92.0,-0.01
PRO,2014-02-11,37.13999938964844,37.380001068115234,36.27000045776367,37.25,31.957844329179704,31.772809543122776,33.25345812220225,30.917259557505172,38.171501283868636,1.78,95.0,-0.0
PRO,2014-02-12,37.2400016784668,37.650001525878906,36.91999816894531,37.25,31.956019004845636,31.744629142509336,33.03828214506797,30.835228507436963,38.17171808161409,1.77,88.0,0.01
PRO,2014-02-13,36.95000076293945,38.0,36.95000076293945,37.880001068115234,32.381499966676614,31.496142362216382,33.109215095186535,30.885623955261725,34.39896775303019,1.76,89.0,0.02
PRO,2014-02-14,37.86000061035156,38.16999816894531,37.09000015258789,37.5099983215332,32.244178116289206,31.364593408980802,33.13268155802093,30.914930927269275,34.342039398485305,1.76,89.0,0.01
PRO,2014-02-18,37.689998626708984,39.02000045776367,37.689998626708984,38.84000015258789,33.51955571928978,32.076041181361525,33.55762502899351,31.12311392805313,34.221366149380145,1.77,100.0,-0.01
PRO,2014-02-19,38.63999938964844,38.900001525878906,37.9900016784668,38.04999923706055,33.96131866228711,32.17235406735548,33.71585687538821,31.230707596540373,34.28752109300894,1.77,100.0,0.11
PRO,2014-02-20,38.15999984741211,39.20000076293945,38.0,39.119998931884766,34.92017082537953,32.0684481624928,33.90145726620556,31.371203136558385,34.29301077163328,1.76,100.0,0.24
PRO,2014-02-21,39.380001068115234,39.790000915527344,39.15999984741211,39.43000030517578,33.88531861030221,31.936604254273043,33.83595101265482,31.366641728098767,34.2607320129173,1.76,99.0,0.37
PRO,2014-02-24,39.43000030517578,39.900001525878906,38.959999084472656,39.11000061035156,33.67159184412363,31.923595573343473,33.86987195455669,31.296248375510427,33.83381861837593,1.75,99.0,0.52
PRO,2014-02-25,39.189998626708984,39.40999984741211,38.41999816894531,38.91999816894531,33.25280540068478,31.209525095887507,33.87735531159765,31.057139628594495,33.82304237334953,1.71,99.0,0.58
PRO,2014-02-26,39.06999969482422,40.63999938964844,39.06999969482422,40.380001068115234,34.399336215790036,32.06238304885408,34.305002657937855,31.065764927684945,33.948125656308555,1.66,100.0,0.55
PRO,2014-02-27,40.349998474121094,41.349998474121094,40.34000015258789,41.060001373291016,30.426577335356587,32.220335051204685,34.09314322807063,30.905200476738486,33.98092804016306,1.62,99.0,0.54
PRO,2014-02-28,39.130001068115234,40.779998779296875,34.33000183105469,34.45000076293945,59.36744230682489,47.974540620036905,44.23639658177439,37.35026162874265,38.22243424276729,2.01,100.0,14.02
PRO,2014-03-03,34.0,34.2599983215332,31.799999237060547,33.33000183105469,59.86798260685613,48.41407225626018,44.392277782315674,37.55240074133536,38.30115371580211,2.33,100.0,14.44
PRO,2014-03-04,33.630001068115234,34.380001068115234,33.20000076293945,33.40999984741211,59.84924656516307,48.27150210530485,43.98871205987659,37.3630535153072,38.28651416277585,2.59,98.0,12.45
PRO,2014-03-05,33.29999923706055,34.36000061035156,33.29999923706055,33.58000183105469,59.86022440108937,48.05747702141848,43.94906820791004,37.225235303012845,38.21525562400757,2.82,97.0,10.58
PRO,2014-03-06,33.5,33.650001525878906,32.66999816894531,32.849998474121094,59.819031854325964,48.20868069998577,43.86614705316067,37.31216774631908,38.2817499888872,3.02,96.0,8.94
PRO,2014-03-07,33.0099983215332,33.11000061035156,32.4900016784668,33.0099983215332,59.8693486785115,47.828434677813654,43.662266315359254,37.26595891442976,38.16331000782973,3.2,95.0,7.54
PRO,2014-03-10,32.9900016784668,32.9900016784668,32.45000076293945,32.54999923706055,59.4615407449361,47.82318374800597,43.719896827740975,37.2326345057656,38.02738639832663,3.36,95.0,6.43
PRO,2014-03-11,32.5099983215332,32.5099983215332,31.18000030517578,31.479999542236328,59.99433837742835,48.02721395435676,43.70527314484353,37.44603052434716,38.06723168831244,3.51,94.0,5.46
PRO,2014-03-12,31.25,31.40999984741211,30.950000762939453,31.1299991607666,59.69266766187516,48.05267156703774,43.70707577427353,37.46740894958607,38.02500809512435,3.64,94.0,4.64
PRO,2014-03-13,31.170000076293945,31.309999465942383,30.399999618530273,30.469999313354492,59.617683497776156,48.093272025817974,43.74720775512504,37.54022181273397,38.01745882220738,3.77,95.0,3.95
PRO,2014-03-14,30.399999618530273,30.760000228881836,30.350000381469727,30.68000030517578,59.06160362758834,47.55227741468857,43.12519552450378,37.53784500436958,38.02045057751703,3.88,90.0,3.31
PRO,2014-03-17,31.290000915527344,33.0,31.190000534057617,31.950000762939453,60.67269972969166,47.752601269354386,43.57366985400371,37.82461979551985,38.0463898445509,3.99,90.0,2.76
PRO,2014-03-18,31.8799991607666,32.959999084472656,31.700000762939453,32.54999923706055,59.675937221309184,47.96015261241727,43.31827048015918,37.843036118777846,38.074737780444444,4.1,89.0,2.28
PRO,2014-03-19,32.54999923706055,32.560001373291016,31.93000030517578,32.20000076293945,59.59899117516924,47.87597506480073,43.3074000888499,37.850989681997355,38.08925971187163,4.2,88.0,1.85
PRO,2014-03-20,32.0,32.47999954223633,31.899999618530273,32.06999969482422,59.595601524313594,47.76616808034832,42.54666475603368,37.82954610066656,38.015035363017304,4.28,86.0,1.48
PRO,2014-03-21,32.04999923706055,32.369998931884766,31.40999984741211,31.469999313354492,59.43405996584099,47.54024905823546,42.625535119916606,37.795578341785344,38.05434950381702,4.36,86.0,1.14
PRO,2014-03-24,31.559999465942383,31.760000228881836,31.139999389648438,31.549999237060547,59.44652983588147,47.55466195328332,42.617679343070705,37.69102191759765,38.05092786374048,4.43,85.0,0.85
PRO,2014-03-25,31.719999313354492,32.0,31.200000762939453,31.719999313354492,59.48558942362763,47.34599719760445,42.622030019291316,37.683144379404816,38.0523219133219,4.49,85.0,0.59
PRO,2014-03-26,31.860000610351562,31.860000610351562,30.510000228881836,30.540000915527344,60.120188022009394,47.84429708828678,42.55680598289103,37.94969800045978,38.246892405167735,4.55,83.0,0.35
PRO,2014-03-27,30.5,30.860000610351562,30.299999237060547,30.469999313354492,60.101905181906666,47.836134151237125,42.401154770702156,37.95063509679584,38.23327017056467,4.61,81.0,0.14
PRO,2014-03-28,30.56999969482422,31.100000381469727,30.459999084472656,31.010000228881836,60.129344397984305,48.043210182775105,41.94738336395383,37.986621054593776,38.23543914856665,4.65,80.0,-0.05
PRO,2014-03-31,31.110000610351562,31.649999618530273,30.989999771118164,31.510000228881836,60.47636139338313,48.16893774970064,41.80497443760888,37.96125556781559,38.26594888844311,4.7,79.0,-0.22
PRO,2014-04-01,31.520000457763672,32.2400016784668,31.100000381469727,31.860000610351562,59.4712389110749,48.07236186508479,41.53205819977126,37.6522032823225,38.21021585441387,4.74,78.0,-0.37
PRO,2014-04-02,31.850000381469727,32.470001220703125,31.719999313354492,32.25,59.56040245084613,48.17878376093229,41.55881837814226,37.67649235283897,38.2246915327711,4.77,78.0,-0.51
PRO,2014-04-03,32.16999816894531,32.20000076293945,31.43000030517578,31.600000381469727,58.85453236054888,48.29345952910751,41.57426424120498,37.72845298238984,38.28214181465624,4.8,78.0,-0.64
PRO,2014-04-04,31.979999542236328,32.08000183105469,30.299999237060547,30.81999969482422,58.89754132902149,47.99194636959172,41.68092990435117,37.81419210785671,38.21256536662524,4.83,78.0,-0.76
PRO,2014-04-07,30.530000686645508,31.1299991607666,29.899999618530273,30.010000228881836,59.13896681087506,48.152652313281145,41.868781091511956,37.92096359277149,38.259997530955374,4.86,79.0,-0.87
PRO,2014-04-08,30.020000457763672,31.18000030517578,29.75,30.84000015258789,60.053057327573775,48.50170450607299,42.11101002743713,38.056015759802264,38.32989374861556,4.89,80.0,-0.98
PRO,2014-04-09,30.959999084472656,31.479999542236328,30.719999313354492,31.280000686645508,58.94002919879833,48.53153040731891,42.1834919727921,38.070415313806464,38.30225964932028,4.92,80.0,-1.07
PRO,2014-04-10,31.1299991607666,31.229999542236328,29.850000381469727,29.8799991607666,59.398118225368016,47.59258425501366,42.76346918164432,38.44513168438912,38.545180830914155,4.95,86.0,-1.17
PRO,2014-04-11,29.610000610351562,30.170000076293945,29.5,29.700000762939453,32.90845996850372,47.58955109943876,42.540469571261106,38.25647830119376,38.49169450550646,4.98,80.0,-1.25
PRO,2014-04-14,30.049999237060547,30.649999618530273,29.700000762939453,30.510000228881836,33.046587861794116,48.002752918946875,42.721785066238574,38.343382797309204,38.32418240447586,5.01,85.0,-1.33
PRO,2014-04-15,30.510000228881836,30.59000015258789,29.399999618530273,30.049999237060547,33.19229725691442,48.002916383230435,42.72824115227027,38.37212097841726,38.174367837507845,5.04,85.0,-1.4
PRO,2014-04-16,30.360000610351562,30.399999618530273,29.770000457763672,30.15999984741211,33.16280377321243,47.997891343277296,42.669621711831354,38.375142418867476,38.00223247350172,5.06,83.0,-1.47
PRO,2014-04-17,30.06999969482422,30.700000762939453,29.75,30.459999084472656,32.91199143727748,47.97114175535056,42.39788781020378,38.376653323389895,37.76160691971447,5.08,75.0,-1.52
PRO,2014-04-21,30.399999618530273,30.469999313354492,29.700000762939453,30.290000915527344,32.847795307004624,47.93605565937939,42.35459434746294,38.38119679824382,37.741522660635965,5.1,74.0,-1.58
PRO,2014-04-22,30.34000015258789,30.59000015258789,30.149999618530273,30.25,32.67845468418823,47.62348986450381,42.3009187237855,37.81055606539961,37.600099482520115,5.11,73.0,-1.63
PRO,2014-04-23,30.049999237060547,30.350000381469727,29.40999984741211,29.489999771118164,32.09770075827243,47.80184832183463,42.07416777331864,37.89210096288444,37.691750566170796,5.12,70.0,-1.67
PRO,2014-04-24,29.6299991607666,29.940000534057617,29.25,29.719999313354492,32.10565898378134,47.71015124476582,42.07530863121618,37.88701781647188,37.60122607143559,5.13,70.0,-1.71
PRO,2014-04-25,29.5,29.5,28.059999465942383,28.170000076293945,35.05070233347694,48.59963001088021,42.831720938404224,38.40721545791789,37.98093819809976,5.14,86.0,-1.75
PRO,2014-04-28,28.3799991607666,28.68000030517578,26.209999084472656,27.0,36.76107890368858,48.83510097266079,42.99598346208857,38.7255756792819,38.14773182485525,5.16,86.0,-1.78
PRO,2014-04-29,27.170000076293945,27.709999084472656,27.0,27.559999465942383,35.057709315375504,49.13221079515343,43.16065868162463,38.796316236265405,38.06588111231395,5.18,87.0,-1.81
PRO,2014-04-30,27.329999923706055,27.510000228881836,26.639999389648438,27.399999618530273,34.34042434878325,48.30256808299557,43.04885193595152,38.80056277270586,38.06332401609015,5.18,85.0,-1.83
PRO,2014-05-01,27.299999237060547,27.709999084472656,26.90999984741211,27.399999618530273,34.344678790608256,48.234828870419186,42.87755384110154,38.64831235026821,37.696787787757685,5.19,83.0,-1.85
PRO,2014-05-02,27.420000076293945,27.479999542236328,26.6200008392334,26.809999465942383,34.66738683530915,48.359516228506,42.96077282792671,38.727886164769686,37.637873796328975,5.19,83.0,-1.87
PRO,2014-05-05,26.520000457763672,26.959999084472656,26.100000381469727,26.520000457763672,34.48533324412434,48.175979723595894,42.726951411063645,38.702921808104854,36.16263778651179,5.19,78.0,-1.89
PRO,2014-05-06,26.420000076293945,26.420000076293945,25.0,25.270000457763672,36.515428614213675,48.94253891278343,43.282021951373686,39.082420201626014,36.47749825012883,5.2,87.0,-1.9
PRO,2014-05-07,25.3700008392334,26.969999313354492,24.920000076293945,26.389999389648438,39.22965446490962,49.963484040239756,43.7877645681734,39.436362137171855,36.73335786589556,5.21,95.0,-1.9
PRO,2014-05-08,26.25,26.850000381469727,25.889999389648438,26.020000457763672,38.14602110488032,49.92862560936031,43.81851355789343,39.423495935234406,36.695712773131284,5.22,95.0,-1.91
PRO,2014-05-09,22.0,23.3799991607666,19.0,22.93000030517578,51.803751284591435,55.67341285127439,47.900773690158374,42.11658795393045,38.469908007015626,5.29,100.0,-1.84
PRO,2014-05-12,23.229999542236328,23.25,22.719999313354492,23.0,51.31370523347522,55.482409026861305,47.53531600664801,42.08781809548586,38.40894868799465,5.34,99.0,-1.79
PRO,2014-05-13,22.8799991607666,23.15999984741211,22.489999771118164,22.700000762939453,50.72444837523924,55.490391001476745,47.11681401100866,42.00702406759385,38.39287132093829,5.39,98.0,-1.77
PRO,2014-05-14,22.59000015258789,22.81999969482422,22.049999237060547,22.219999313354492,50.372865247858414,54.812336104812786,47.17913643282247,42.02893665370378,38.43691468438386,5.44,98.0,-1.74
PRO,2014-05-15,22.06999969482422,22.3700008392334,21.75,22.200000762939453,49.96858307532255,54.78812167416267,47.13739676685519,41.49517665573699,38.4216566072142,5.48,97.0,-1.72
PRO,2014-05-16,22.15999984741211,22.3799991607666,22.030000686645508,22.299999237060547,50.145486598710555,54.32807783919578,47.07430391466498,41.41257861078881,38.41625107998903,5.52,95.0,-1.7
PRO,2014-05-19,22.350000381469727,23.09000015258789,22.190000534057617,22.850000381469727,51.03415214036833,54.65547809597741,47.08281769011782,41.38558582352791,38.446082988019356,5.55,95.0,-1.67
PRO,2014-05-20,22.889999389648438,22.889999389648438,22.059999465942383,22.1200008392334,51.227352355441326,54.864391911582025,47.271425291906546,41.529663106946,38.564555682617076,5.57,98.0,-1.65
PRO,2014-05-21,22.200000762939453,22.440000534057617,21.530000686645508,22.1299991607666,50.100735916240644,54.89439985443183,47.10741510809936,41.53078222973178,38.56105965606793,5.58,94.0,-1.63
PRO,2014-05-22,22.18000030517578,22.690000534057617,21.8700008392334,22.510000228881836,50.232527245735284,54.32914234022963,47.23895218440871,41.591629711386005,38.48210136984643,5.59,97.0,-1.6
PRO,2014-05-23,22.520000457763672,22.860000610351562,22.43000030517578,22.780000686645508,49.5360582281793,54.238602471517495,47.31335683341274,41.60356218368978,38.49539460935446,5.6,98.0,-1.58
PRO,2014-05-27,22.889999389648438,23.459999084472656,22.81999969482422,23.15999984741211,50.08445196390567,42.10039846846455,47.44197823013614,41.66130249339451,38.51229483407312,5.6,98.0,-1.55
PRO,2014-05-28,23.3799991607666,23.850000381469727,22.719999313354492,23.700000762939453,49.86077625232795,42.16575504740013,47.6327773450355,41.65033182391828,38.52678599434415,5.6,99.0,-1.52
PRO,2014-05-29,23.709999084472656,23.950000762939453,23.100000381469727,23.260000228881836,49.91323070405799,42.215230750049585,47.5474556274727,41.67954732925847,38.56874940881777,5.6,98.0,-1.49
PRO,2014-05-30,23.3799991607666,23.389999389648438,22.760000228881836,23.0,49.783605719914334,42.16421287681965,47.555977774165505,41.6818062012252,38.581473318317514,5.59,98.0,-1.46
PRO,2014-06-02,22.950000762939453,22.950000762939453,21.6200008392334,22.110000610351562,50.20627561867757,42.59189664628602,47.85954689396714,41.897603575652006,38.739566493482116,5.58,99.0,-1.42
PRO,2014-06-03,22.049999237060547,22.100000381469727,21.520000457763672,21.690000534057617,50.241097699621285,42.600596072368305,47.573696843438526,41.94358735148069,38.78176863999778,5.57,97.0,-1.38
PRO,2014-06-04,21.670000076293945,21.920000076293945,21.25,21.59000015258789,50.1941875018604,42.57788322250269,47.550503442286995,41.93561704046738,38.78039452995381,5.55,95.0,-1.34
PRO,2014-06-05,21.770000457763672,22.610000610351562,21.600000381469727,22.600000381469727,52.62326268699594,43.545826914111544,48.21099602046614,42.30072794095516,39.04864763188637,5.53,100.0,-1.3
PRO,2014-06-06,22.770000457763672,23.290000915527344,22.719999313354492,23.190000534057617,53.371234399086276,43.996933679986675,48.41105922909348,42.430636598150194,39.073622978561644,5.52,100.0,-1.25
PRO,2014-06-09,23.149999618530273,23.950000762939453,23.010000228881836,23.729999542236328,52.3288691857269,44.226404903692554,47.57473975197337,42.46371493197473,39.025757820130536,5.51,95.0,-1.2
PRO,2014-06-10,23.690000534057617,23.889999389648438,23.209999084472656,23.5,51.18164328693386,44.180356124622136,47.57811050629783,42.4540962021437,38.85828852674024,5.5,95.0,-1.14
PRO,2014-06-11,23.350000381469727,23.729999542236328,23.06999969482422,23.520000457763672,50.65624380051273,43.191072889455725,47.569641361094604,42.45202396632593,38.758964243524126,5.48,92.0,-1.08
PRO,2014-06-12,23.540000915527344,23.860000610351562,23.34000015258789,23.579999923706055,50.70657302552869,42.93919875293116,47.55890583644228,42.44722043478974,38.746240524131956,5.45,91.0,-1.02
PRO,2014-06-13,23.700000762939453,24.09000015258789,23.290000915527344,24.040000915527344,51.179255420416936,43.219316030040616,47.693883886529385,42.50288422665784,38.78576492192247,5.41,96.0,-0.95
PRO,2014-06-16,24.020000457763672,24.479999542236328,23.81999969482422,24.450000762939453,51.26374983467139,43.44919126818514,47.745934684526006,42.50994183073391,38.683456978420935,5.35,96.0,-0.88
PRO,2014-06-17,24.31999969482422,25.079999923706055,24.31999969482422,25.020000457763672,51.75536185963738,43.7061211625495,47.93089779748364,42.59009390255359,38.6504685154356,5.29,98.0,-0.81
PRO,2014-06-18,24.93000030517578,25.110000610351562,24.739999771118164,24.969999313354492,49.85788501993286,43.68779775325282,47.748064087730306,42.58735922192181,38.64374925375851,5.23,95.0,-0.74
PRO,2014-06-19,24.959999084472656,25.1200008392334,24.739999771118164,25.020000457763672,48.11351532914308,43.66268100008106,47.7424526707481,42.58088843940088,38.615120265079604,5.16,93.0,-0.65
PRO,2014-06-20,25.170000076293945,25.3799991607666,24.850000381469727,25.170000076293945,48.01799200129304,43.12801802210507,47.677251168339644,42.582502208731874,38.57694942197403,5.09,91.0,-0.56
PRO,2014-06-23,25.329999923706055,25.5,25.1200008392334,25.459999084472656,29.997141345522856,43.23259839416132,47.62776762966748,42.510641170887176,38.59507581402138,5.02,89.0,-0.47
PRO,2014-06-24,25.3700008392334,25.84000015258789,25.280000686645508,25.450000762939453,30.01810339092627,43.02394867251587,47.4246189236858,42.50821255874333,38.592274974712524,4.94,78.0,-0.36
PRO,2014-06-25,25.31999969482422,25.829999923706055,25.040000915527344,25.639999389648438,29.624807764582588,42.89563888749533,47.45889487447615,42.4391063974423,38.59289536209658,4.85,79.0,-0.25
PRO,2014-06-26,25.719999313354492,25.799999237060547,25.5,25.649999618530273,28.657021575340462,42.7974532584762,46.921568373069576,42.22660251087601,38.586732209229055,4.77,67.0,-0.11
PRO,2014-06-27,25.649999618530273,26.510000228881836,25.649999618530273,26.489999771118164,29.67592969166006,43.30767638521035,47.22533108859892,42.39057317221124,38.71224642016408,4.69,73.0,0.04
PRO,2014-06-30,26.3700008392334,26.610000610351562,26.1200008392334,26.440000534057617,29.759557846146063,43.16169312785363,47.22314751282286,42.24316807415414,38.685618327874785,4.61,72.0,0.19
PRO,2014-07-01,26.579999923706055,27.34000015258789,26.520000457763672,27.030000686645508,29.64151590744222,43.213689840357134,47.29710089227541,42.199839694337044,38.742377603862046,4.52,75.0,0.36
PRO,2014-07-02,26.969999313354492,27.670000076293945,26.850000381469727,27.350000381469727,27.392057574052764,43.00194101575407,47.35095661253334,42.226959030361144,38.746081904116174,4.42,76.0,0.55
PRO,2014-07-03,27.450000762939453,27.450000762939453,27.020000457763672,27.149999618530273,27.647634962771868,42.594002374612955,47.347820417291295,42.04879029347286,38.676245745182186,4.31,75.0,0.75
PRO,2014-07-07,27.049999237060547,27.110000610351562,26.760000228881836,26.969999313354492,27.739265109338827,42.467418091371094,47.32617094696994,42.03742558671139,38.60353501144375,4.2,74.0,0.96
PRO,2014-07-08,26.780000686645508,26.780000686645508,25.760000228881836,25.8700008392334,30.91232164638215,42.294834766399674,47.713907723060785,42.25680705150564,38.814634779159356,4.08,92.0,1.16
PRO,2014-07-09,25.850000381469727,26.06999969482422,25.700000762939453,25.799999237060547,30.749641127969113,42.28809662125526,47.601804969005116,41.88189090936875,38.81281721717018,3.95,87.0,1.37
PRO,2014-07-10,25.020000457763672,25.729999542236328,24.6200008392334,25.229999542236328,31.067119513684354,42.03665257879094,47.68327912385829,41.92304967026711,38.87316075815476,3.81,90.0,1.57
PRO,2014-07-11,25.1200008392334,25.3700008392334,24.969999313354492,25.079999923706055,30.53908481625976,41.96638443616367,47.27615668775662,41.703926257327126,38.859472429363265,3.67,68.0,1.8
PRO,2014-07-14,25.40999984741211,25.56999969482422,25.25,25.389999389648438,30.379253781832954,42.062114353446454,47.2775208633403,41.717517139952825,38.826570747158414,3.53,68.0,2.03
PRO,2014-07-15,25.100000381469727,25.489999771118164,24.469999313354492,24.979999542236328,28.20922055377918,42.06486691374947,47.04014851420789,41.2992967960288,38.615833568092256,3.37,56.0,2.25
PRO,2014-07-16,25.18000030517578,25.389999389648438,24.84000015258789,25.09000015258789,27.33495048994107,42.09144649745259,47.0199845393564,41.29655138033912,38.615621048840005,3.2,55.0,2.39
PRO,2014-07-17,24.979999542236328,25.010000228881836,24.610000610351562,24.8700008392334,27.48753223531074,42.10559349294654,47.02139369018319,41.29875971004095,38.60916101275236,3.02,55.0,2.35
PRO,2014-07-18,24.760000228881836,25.309999465942383,24.760000228881836,25.229999542236328,24.793369102683098,42.00026007742925,47.11693447523438,41.337966682667485,38.62262120883355,2.82,60.0,1.92
PRO,2014-07-21,25.010000228881836,25.270000457763672,24.809999465942383,25.149999618530273,23.956373782275296,41.9447048498296,46.65304078940506,41.07978654597268,38.60963971054444,2.61,51.0,1.01
PRO,2014-07-22,25.280000686645508,25.889999389648438,25.079999923706055,25.729999542236328,23.94030437075335,40.90261251809418,46.73435787833023,41.09087914031834,38.67767503034086,2.37,51.0,-1.76
PRO,2014-07-23,25.8700008392334,25.959999084472656,25.399999618530273,25.469999313354492,23.95941296463864,40.04983755062727,37.87979365681419,40.7915971406929,38.669842059823765,2.48,1.0,-1.23
PRO,2014-07-24,25.459999084472656,25.68000030517578,25.100000381469727,25.200000762939453,24.26609029041324,39.844176679381164,37.593607585853285,40.667798032541334,38.67890556429304,2.59,1.0,-0.83
PRO,2014-07-25,24.899999618530273,25.469999313354492,24.829999923706055,25.420000076293945,24.33679025719844,39.88781189257703,37.629008148021505,40.49786743999104,38.54943779235903,2.69,2.0,-0.61
PRO,2014-07-28,25.450000762939453,25.600000381469727,25.0,25.200000762939453,24.00685486680508,39.91594435607869,37.619752995810416,40.4873451697081,38.52292801068451,2.79,2.0,-0.48
PRO,2014-07-29,25.290000915527344,25.899999618530273,25.149999618530273,25.729999542236328,24.248969080708143,39.94158399204094,37.679762587641804,40.526056750519146,38.57789829605288,2.88,4.0,-0.44
PRO,2014-07-30,25.950000762939453,26.25,25.81999969482422,26.190000534057617,23.888086772612855,40.05972471386217,37.7983300547037,40.55324994017678,38.62284930981165,2.96,5.0,-0.44
PRO,2014-07-31,25.75,25.989999771118164,25.579999923706055,25.6200008392334,24.829511038760263,39.062443284202445,37.88232487687175,40.62279177609722,38.66651552764838,3.04,7.0,-0.47
PRO,2014-08-01,25.639999389648438,25.799999237060547,24.760000228881836,25.190000534057617,25.35414223449611,38.16248783184916,37.62799814184126,40.654796342617225,38.69929189824941,3.12,3.0,-0.5
PRO,2014-08-04,25.200000762939453,25.739999771118164,24.989999771118164,25.559999465942383,25.644724033988016,38.18713037436739,37.69417746593608,40.70091527262719,38.33682615287646,3.2,6.0,-0.55
PRO,2014-08-05,25.399999618530273,25.829999923706055,25.329999923706055,25.649999618530273,25.452825871793642,27.702904330832816,37.57421227285073,40.70316830067313,38.31144762537561,3.27,1.0,-0.61
PRO,2014-08-06,25.399999618530273,26.09000015258789,25.399999618530273,25.93000030517578,25.636395815257345,27.763268424542385,37.60274845141808,40.59957539445827,38.31815436635947,3.34,3.0,-0.66
PRO,2014-08-07,26.0,26.6299991607666,25.989999771118164,26.610000610351562,26.601974911580665,28.00560706368303,37.25365007282618,40.69354397379628,38.40953698385125,3.42,1.0,-0.71
PRO,2014-08-08,25.5,25.5,23.719999313354492,24.940000534057617,32.77811717944456,30.86612143021575,38.42416633128003,41.34536620248829,38.94244938993726,3.47,13.0,-0.79
PRO,2014-08-11,25.010000228881836,25.149999618530273,24.68000030517578,24.790000915527344,31.25502000573947,30.90408116248019,38.405857614334515,41.31069936505103,38.93849423839778,3.52,13.0,-0.86
PRO,2014-08-12,24.600000381469727,24.770000457763672,24.110000610351562,24.309999465942383,31.65590677681674,31.207286366469855,38.499335948923225,41.17974331669142,38.98275866184607,3.57,15.0,-0.92
PRO,2014-08-13,24.3799991607666,24.43000030517578,24.219999313354492,24.3799991607666,30.823450380027843,30.841603411175218,38.42236937255012,41.158936175995635,38.87461727593083,3.61,14.0,-0.98
PRO,2014-08-14,24.420000076293945,24.549999237060547,24.219999313354492,24.229999542236328,30.491015307831397,30.081294782368634,38.4178684992211,41.129201430851566,38.878010514071484,3.65,14.0,-1.03
PRO,2014-08-15,24.530000686645508,24.59000015258789,23.860000610351562,24.010000228881836,30.51214556250042,30.159666527214668,38.409813326338735,40.91342150500117,38.85641427397755,3.7,14.0,-1.09
PRO,2014-08-18,24.34000015258789,24.549999237060547,24.190000534057617,24.440000534057617,31.147652035500457,30.17611789586753,38.129438370933414,40.96656954708682,38.88455036872702,3.74,13.0,-1.14
PRO,2014-08-19,24.43000030517578,25.100000381469727,24.299999237060547,24.979999542236328,29.75831806791436,30.392306797806324,38.32059881720901,41.06050112892249,38.95142317165765,3.78,14.0,-1.19
PRO,2014-08-20,24.780000686645508,24.780000686645508,24.059999465942383,24.200000762939453,31.04906475214959,30.97840957103241,38.4788923181545,41.030346213393045,39.04183364297758,3.82,20.0,-1.23
PRO,2014-08-21,24.25,24.469999313354492,24.1200008392334,24.299999237060547,30.49488348903568,30.637018403449286,38.379826335401205,41.03758381226644,39.04419148477212,3.86,15.0,-1.26
PRO,2014-08-22,24.299999237060547,24.6200008392334,24.209999084472656,24.360000610351562,30.479579007753987,30.377820158148978,38.32631166038028,40.980012808347574,39.02326522078194,3.89,15.0,-1.3
PRO,2014-08-25,24.579999923706055,25.139999389648438,24.420000076293945,24.780000686645508,30.692481583841214,30.454236943995213,38.3828560432678,40.95148852052184,38.9932644146531,3.92,17.0,-1.33
PRO,2014-08-26,24.709999084472656,25.229999542236328,24.540000915527344,25.190000534057617,30.723095711660537,29.3988084746062,38.39445222751179,41.00613333496802,39.00634495253835,3.96,18.0,-1.36
PRO,2014-08-27,25.329999923706055,25.360000610351562,24.799999237060547,25.270000457763672,30.71090397203502,29.060344621295854,38.23006653502361,40.853681638707776,38.58229281816624,3.99,14.0,-1.39
PRO,2014-08-28,25.200000762939453,25.299999237060547,24.979999542236328,25.25,30.59339774041853,29.03058743145665,38.02552321805071,40.82764321261577,38.51974919165524,4.03,13.0,-1.43
PRO,2014-08-29,25.350000381469727,25.770000457763672,25.1299991607666,25.59000015258789,30.555510906605875,27.705642740921256,37.818997564801634,40.777639417189455,38.44286039170734,4.07,11.0,-1.46
PRO,2014-09-02,25.530000686645508,26.389999389648438,25.530000686645508,26.299999237060547,31.506132893921347,27.76582164590305,38.01897617063087,40.91968810166966,38.535279827539384,4.11,14.0,-1.5
PRO,2014-09-03,26.389999389648438,26.65999984741211,26.270000457763672,26.479999542236328,30.9015716947365,27.441059607208583,37.37909201878936,40.891805977896134,38.54249372367604,4.16,2.0,-1.53
PRO,2014-09-04,26.479999542236328,26.56999969482422,26.239999771118164,26.399999618530273,30.74743912799947,27.354540892680816,37.37222809771421,40.681368622179775,38.54283625551817,4.2,2.0,-1.56
PRO,2014-09-05,26.18000030517578,26.75,25.959999084472656,26.6299991607666,30.6100531780448,27.38821133851117,37.13477465404743,40.461783024486245,38.54169362576663,4.25,1.0,-1.59
PRO,2014-09-08,26.6299991607666,27.170000076293945,26.510000228881836,27.1299991607666,30.93582445138228,27.5969973403458,37.201800768899346,40.53556186203423,38.589702861179816,4.3,2.0,-1.62
PRO,2014-09-09,27.15999984741211,27.389999389648438,26.889999389648438,27.0,30.837541815448244,27.405088491575487,37.1989661029244,40.488005996972795,38.50947098570913,4.35,2.0,-1.65
PRO,2014-09-10,27.079999923706055,27.760000228881836,26.889999389648438,27.670000076293945,31.04839166295672,27.625875294635932,37.38091034796723,40.57159143044942,38.58240831070105,4.39,7.0,-1.68
PRO,2014-09-11,27.700000762939453,28.329999923706055,27.610000610351562,28.100000381469727,30.956970702523385,27.421960006787383,37.46336488353755,40.508810590795676,38.61033156312346,4.43,8.0,-1.71
PRO,2014-09-12,28.149999618530273,28.610000610351562,27.8799991607666,28.520000457763672,30.272624147623056,27.535604951482505,37.54481135762719,40.55702136933675,38.62424480515775,4.46,9.0,-1.74
PRO,2014-09-15,28.420000076293945,28.420000076293945,27.190000534057617,27.299999237060547,32.744313572398006,29.10052365792122,37.96250738419488,40.77815609747763,38.86321085540855,4.5,22.0,-1.76
PRO,2014-09-16,27.239999771118164,27.260000228881836,26.729999542236328,27.0,32.777510011153765,29.196528863522804,37.97228122327404,40.79069549148987,38.872519450824484,4.53,23.0,-1.78
PRO,2014-09-17,26.940000534057617,27.170000076293945,26.350000381469727,26.559999465942383,33.195346556928136,29.335909555219192,37.110665520979516,40.824230008603074,38.890382657279105,4.57,1.0,-1.81
PRO,2014-09-18,26.610000610351562,27.0,26.489999771118164,26.860000610351562,33.20503630140901,29.413961088232632,36.544241256961826,40.84834238048499,38.90963139458901,4.62,1.0,-1.83
PRO,2014-09-19,26.8799991607666,27.030000686645508,25.540000915527344,25.889999389648438,34.10749837396897,30.374410913881338,36.85381339962681,41.02689018349893,39.013732486059986,4.66,2.0,-1.85
PRO,2014-09-22,25.75,25.75,25.049999237060547,25.200000762939453,29.38631159971017,30.88055554855892,37.08268994952215,41.06458991916146,39.08722012573548,4.7,3.0,-1.87
PRO,2014-09-23,25.030000686645508,25.049999237060547,24.610000610351562,24.940000534057617,29.494840400808307,30.190845597173617,37.113265343103066,41.07198461356125,39.09439663016863,4.73,5.0,-1.89
PRO,2014-09-24,24.979999542236328,25.079999923706055,24.639999389648438,25.049999237060547,28.91208290836434,30.210490167893866,36.971675177943794,41.07452429691172,39.09340788587441,4.77,3.0,-1.91
PRO,2014-09-25,24.93000030517578,25.170000076293945,24.579999923706055,25.030000686645508,28.910978341441883,29.828968338792087,36.93552062553642,40.90072934443948,39.08044500283891,4.81,3.0,-1.92
PRO,2014-09-26,25.260000228881836,25.389999389648438,24.809999465942383,24.989999771118164,28.844405542223907,29.704715338345316,36.13558853113743,40.87179241645514,39.04333301074699,4.86,1.0,-1.93
PRO,2014-09-29,24.700000762939453,25.329999923706055,24.610000610351562,25.06999969482422,28.688236529267787,29.69478412633444,35.46166191356483,40.831049577583336,39.02692518136067,4.91,1.0,-1.94
PRO,2014-09-30,25.06999969482422,25.639999389648438,25.0,25.200000762939453,28.295743814041558,29.703116299562833,35.40543601355781,40.79012440894199,39.03054541382345,4.96,1.0,-1.94
PRO,2014-10-01,25.059999465942383,25.059999465942383,22.8700008392334,23.079999923706055,37.61371140525971,33.646164440270184,32.304118540437976,41.40683475494995,39.97485190863637,5.04,1.0,-1.85
PRO,2014-10-02,23.049999237060547,23.690000534057617,22.8700008392334,23.65999984741211,37.383483200889515,34.08804292857134,32.53931070695887,41.53482374289701,40.05525739828285,5.11,2.0,-1.79
PRO,2014-10-03,23.989999771118164,24.530000686645508,23.81999969482422,24.309999465942383,38.22758826925835,34.298751021419235,32.74330805576617,41.66676909360012,40.07945369585455,5.17,3.0,-1.75
PRO,2014-10-06,24.399999618530273,24.8799991607666,24.200000762939453,24.399999618530273,38.23609981342245,34.29159118641298,32.55473085822074,41.6473327190862,40.080249938927345,5.24,3.0,-1.71
PRO,2014-10-07,24.350000381469727,24.389999389648438,23.5,23.979999542236328,38.205913320813714,34.35924867606781,32.68300962350109,41.675328134362246,40.05012179616254,5.29,4.0,-1.68
PRO,2014-10-08,23.8700008392334,24.81999969482422,23.56999969482422,24.739999771118164,39.02645885697884,34.829241182052165,33.03354628982616,41.833405059384745,40.018748176456384,5.34,6.0,-1.66
PRO,2014-10-09,24.729999542236328,24.860000610351562,24.0,24.190000534057617,39.51616070240298,35.11347552346685,33.028595942109185,41.88010459227608,40.06258098039853,5.38,6.0,-1.64
PRO,2014-10-10,23.950000762939453,24.309999465942383,23.100000381469727,23.1299991607666,41.46319746115747,36.2299139102775,33.39881796733335,42.04575608752701,40.189276258073654,5.42,8.0,-1.63
PRO,2014-10-13,23.290000915527344,23.3799991607666,22.600000381469727,23.200000762939453,41.21739505086102,36.095862966266296,33.40132018720476,42.03738124605188,40.09050983769073,5.44,9.0,-1.61
PRO,2014-10-14,23.479999542236328,24.299999237060547,23.389999389648438,23.670000076293945,40.79751652744296,36.3600265811982,33.44298947005176,42.07462446101445,40.147546083711596,5.47,10.0,-1.6
PRO,2014-10-15,23.31999969482422,24.170000076293945,23.15999984741211,23.940000534057617,40.91789601320682,36.114550139418675,33.43806556250764,42.02570176717336,40.03071419344208,5.49,10.0,-1.58
PRO,2014-10-16,23.700000762939453,24.579999923706055,23.290000915527344,23.399999618530273,41.3039327277395,36.34107001768497,33.5408372841325,41.97721317751682,40.077785857441114,5.5,12.0,-1.56
PRO,2014-10-17,23.729999542236328,23.799999237060547,23.110000610351562,23.219999313354492,41.13904828739626,36.314147472167086,33.36021410896976,41.97983930253742,40.03913991266283,5.51,8.0,-1.54
PRO,2014-10-20,23.040000915527344,23.81999969482422,23.030000686645508,23.43000030517578,40.76163329905965,36.317882548601695,33.258398127597935,41.647195825672625,39.76972296428226,5.52,8.0,-1.51
PRO,2014-10-21,23.530000686645508,23.8700008392334,23.350000381469727,23.790000915527344,41.17738263504134,36.44259504629345,33.294836365844176,41.67965169718286,39.780897471770636,5.52,9.0,-1.48
PRO,2014-10-22,23.700000762939453,23.959999084472656,23.3700008392334,23.40999984741211,40.38983680294393,36.28550156775198,32.786610779884306,41.708729829428115,39.64324617877437,5.52,6.0,-1.45
PRO,2014-10-23,23.649999618530273,24.270000457763672,23.610000610351562,24.079999923706055,41.1313592160581,36.58647788342665,32.922902522255434,41.81058040436712,39.73942286501635,5.52,7.0,-1.41
PRO,2014-10-24,24.219999313354492,24.700000762939453,24.18000030517578,24.229999542236328,40.84216560123126,36.36405005620449,32.920347857801744,41.820609125776734,39.412383363979416,5.52,7.0,-1.37
PRO,2014-10-27,24.139999389648438,24.510000228881836,23.950000762939453,24.3799991607666,39.309129759639035,36.23794619545571,32.14709934499898,41.82895167978533,39.41356898416182,5.51,1.0,-1.33
PRO,2014-10-28,24.5,25.920000076293945,24.420000076293945,25.920000076293945,43.50695010641819,38.274980167480635,33.32176791485928,42.48804538721089,39.90576482571604,5.48,14.0,-1.29
PRO,2014-10-29,25.8799991607666,26.139999389648438,25.600000381469727,25.860000610351562,43.27381579088288,38.27228401615455,33.1400283812156,42.48738319697463,39.9021229018468,5.46,12.0,-1.24
PRO,2014-10-30,25.700000762939453,26.670000076293945,25.309999465942383,26.530000686645508,43.81938510035506,38.56621773089336,33.32623690579652,42.5549713639095,39.79491038826411,5.44,16.0,-1.18
PRO,2014-10-31,27.0,28.06999969482422,26.649999618530273,27.979999542236328,45.07359634892849,39.7272855645172,34.333198745217146,43.04224856022036,40.100869630168575,5.4,23.0,-1.12
PRO,2014-11-03,27.84000015258789,28.010000228881836,27.299999237060547,27.440000534057617,44.69536644136428,37.55461784534945,34.497752760432796,42.873865213044496,39.9083259042023,5.35,24.0,-1.05
PRO,2014-11-04,27.399999618530273,27.600000381469727,27.049999237060547,27.459999084472656,44.52575430788424,37.52153406889766,34.37955639539225,42.81765772172716,39.813881700439914,5.31,24.0,-0.98
PRO,2014-11-05,27.780000686645508,28.290000915527344,27.450000762939453,28.09000015258789,44.88215498554399,37.49789767674252,34.45826586847539,42.77275108775107,39.754085598142915,5.25,25.0,-0.9
PRO,2014-11-06,28.260000228881836,28.799999237060547,27.979999542236328,28.739999771118164,45.193965055856324,37.73182988565381,34.45557166646049,42.85740665002243,39.81478249202191,5.19,25.0,-0.81
PRO,2014-11-07,25.549999237060547,28.360000610351562,25.170000076293945,28.360000610351562,45.46038122228872,37.832087906413584,34.53056068210463,42.872592348531334,39.79288290311425,5.13,28.0,-0.72
PRO,2014-11-10,28.34000015258789,28.920000076293945,28.280000686645508,28.40999984741211,45.46508163842496,37.75345231804339,34.53045337833679,42.873055875314606,39.76876900915575,5.06,28.0,-0.62
PRO,2014-11-11,28.420000076293945,28.799999237060547,28.40999984741211,28.709999084472656,45.501555213477616,37.660013577678434,34.55363020886245,42.652191170931694,39.78358351147135,4.99,30.0,-0.5
PRO,2014-11-12,28.6299991607666,29.389999389648438,28.440000534057617,29.329999923706055,36.358069886730796,37.64951537900196,34.663287544203364,42.68438705338484,39.84219818709258,4.92,31.0,-0.38
PRO,2014-11-13,29.549999237060547,30.3700008392334,29.549999237060547,30.200000762939453,36.55747395465513,37.34196631042167,34.94183650684623,37.519917677426726,39.955056969508476,4.84,32.0,-0.24
PRO,2014-11-14,30.170000076293945,30.450000762939453,29.850000381469727,30.389999389648438,36.11418058206775,37.345622587313244,34.937461610355584,37.33106285658307,39.957715650855405,4.76,32.0,-0.08
PRO,2014-11-17,30.15999984741211,30.530000686645508,29.360000610351562,29.489999771118164,37.708532995615165,37.982104446782,35.29908837502998,37.49265517159412,39.977750240548666,4.68,34.0,0.09
PRO,2014-11-18,29.700000762939453,30.270000457763672,29.25,29.360000610351562,37.18519404097956,37.901404962546216,34.962149176015444,37.488917527173655,39.947441179361434,4.59,34.0,0.27
PRO,2014-11-19,29.25,29.25,28.450000762939453,28.600000381469727,37.62579525311121,38.254330469659706,35.22631290488268,37.52613545468936,40.01102155332622,4.49,35.0,0.48
PRO,2014-11-20,28.450000762939453,28.950000762939453,27.8799991607666,28.25,37.09601033100432,38.3675431965994,35.12019792805248,37.54487666363891,39.99537743300348,4.39,35.0,0.71
PRO,2014-11-21,28.790000915527344,28.799999237060547,27.649999618530273,27.75,34.68460999835305,38.57672071600173,35.19179232121248,37.5664812764717,39.905855717059076,4.29,36.0,0.96
PRO,2014-11-24,27.760000228881836,28.280000686645508,27.670000076293945,27.979999542236328,34.677800874004056,38.52404115130808,35.1944330897224,37.38148478590031,39.89438014322339,4.17,37.0,1.24
PRO,2014-11-25,28.110000610351562,29.040000915527344,27.489999771118164,27.940000534057617,34.49282942692019,38.14799977543522,35.177932244388586,37.36063067579168,39.874604625302474,4.05,36.0,1.54
PRO,2014-11-26,27.889999389648438,29.030000686645508,27.84000015258789,29.0,35.668500474462604,38.84877180483712,35.00915266979951,37.54457202575276,39.90767640164896,3.91,35.0,1.86
PRO,2014-11-28,29.1200008392334,29.43000030517578,28.479999542236328,28.600000381469727,35.12305398867361,38.96661976959459,35.08535966354241,37.56929971517989,39.91862867456889,3.77,36.0,2.22
PRO,2014-12-01,28.600000381469727,28.979999542236328,28.190000534057617,28.479999542236328,35.0122648123849,38.952385428716795,34.89545683872428,37.25441157876121,39.916184946397074,3.61,32.0,2.59
PRO,2014-12-02,28.75,29.280000686645508,28.56999969482422,29.25,35.48023257410874,39.14189450259373,35.10867240834044,37.3252914341489,39.87188780628805,3.46,38.0,3.02
PRO,2014-12-03,29.290000915527344,30.420000076293945,29.229999542236328,30.280000686645508,36.28706817838046,39.71059412642711,35.45969101401816,37.53653772905435,40.0299699720235,3.29,46.0,3.47
PRO,2014-12-04,28.440000534057617,28.610000610351562,25.760000228881836,25.989999771118164,58.81585294443513,50.54447884123601,43.03787913444314,41.643628234552985,42.77944314575581,3.18,95.0,3.43
PRO,2014-12-05,26.0,26.5,25.270000457763672,26.0,58.35012964920496,50.4290780521462,43.0331056890415,41.59058642357484,42.720510209687255,3.07,95.0,3.28
PRO,2014-12-08,25.799999237060547,25.90999984741211,24.950000762939453,25.420000076293945,58.78777461983168,50.50048092378453,43.16283826376478,41.66596383681946,42.76879719574978,2.96,97.0,2.97
PRO,2014-12-09,25.079999923706055,25.729999542236328,24.329999923706055,25.520000457763672,58.77619641526673,49.75449190179051,43.10747253908657,41.66310031367944,42.65972736218221,2.84,97.0,2.38
PRO,2014-12-10,25.75,26.329999923706055,25.399999618530273,25.68000030517578,56.01622478283984,49.733394068120994,43.11512862437983,41.442500603906,42.646772636649885,2.73,98.0,1.67
PRO,2014-12-11,26.25,26.540000915527344,25.229999542236328,25.290000915527344,56.182854311617625,49.71883182657762,43.03113542417341,41.47695533043043,42.60427522612875,2.61,95.0,0.5
PRO,2014-12-12,25.0,25.260000228881836,24.360000610351562,25.0,55.69951762371178,49.70209522467525,43.03982158614539,41.436112454878035,42.61271103581325,2.69,97.0,0.44
PRO,2014-12-15,25.040000915527344,25.270000457763672,24.559999465942383,24.649999618530273,53.26684551101454,49.22353061771357,43.064595742157806,41.41331949814093,42.60468253441577,2.77,97.0,0.35
PRO,2014-12-16,24.610000610351562,25.700000762939453,24.43000030517578,24.850000381469727,53.17955311732133,48.95052849078643,43.061484195506104,41.402293583092344,42.47382586441248,2.85,96.0,0.25
PRO,2014-12-17,24.90999984741211,26.329999923706055,24.81999969482422,26.299999237060547,55.951471579929425,50.269876597408114,43.976132104216234,41.93947899087884,42.71550908621576,2.94,100.0,0.21
PRO,2014-12-18,26.700000762939453,26.90999984741211,25.780000686645508,26.399999618530273,55.5099231135619,50.268220303189324,43.85813730897066,41.88091817117969,42.71878057102393,3.03,99.0,0.13
PRO,2014-12-19,26.43000030517578,26.75,26.020000457763672,26.540000915527344,55.05533369149206,50.27504580446839,43.77646488600746,41.78984205893519,42.68915986343481,3.11,98.0,0.04
PRO,2014-12-22,26.3700008392334,27.309999465942383,26.3700008392334,27.270000457763672,55.62009118049892,50.5562460949851,43.8388925854611,41.806715808316476,42.76117887493213,3.19,98.0,-0.05
PRO,2014-12-23,27.3799991607666,28.520000457763672,27.200000762939453,28.399999618530273,56.92999345619674,51.18850472116107,44.202349960173606,41.960896340681394,42.893107692501346,3.28,100.0,-0.13
PRO,2014-12-24,28.68000030517578,29.149999618530273,28.010000228881836,28.100000381469727,56.9201209990984,51.25001223050932,44.18917711027282,41.94176398212191,42.90320046502903,3.36,99.0,-0.23
PRO,2014-12-26,28.450000762939453,28.639999389648438,28.280000686645508,28.450000762939453,56.67624431957039,47.75525561117118,44.2246737734659,41.62285434946067,42.873974522372315,3.44,100.0,-0.32
PRO,2014-12-29,28.420000076293945,28.540000915527344,27.56999969482422,28.020000457763672,56.0761131269328,47.696393998266984,44.271073707410416,41.65496689801114,42.89602405329926,3.52,100.0,-0.41
PRO,2014-12-30,27.90999984741211,28.09000015258789,27.239999771118164,27.520000457763672,56.187542157012906,47.611281305889456,44.18557116379245,41.58053380009859,42.92765362162695,3.59,96.0,-0.51
PRO,2014-12-31,27.540000915527344,28.09000015258789,27.43000030517578,27.479999542236328,55.612598094166934,47.61545659441134,42.934610077248614,41.54429325132085,42.92152477569344,3.64,82.0,-0.6
PRO,2015-01-02,27.610000610351562,27.90999984741211,25.770000457763672,26.489999771118164,56.496314794738986,48.11300202346821,43.33586092088375,41.76124369551237,43.04586017175089,3.69,91.0,-0.69
PRO,2015-01-05,26.280000686645508,26.459999084472656,25.639999389648438,25.84000015258789,56.44922622871561,48.01405397000046,43.40676963207581,41.83911950546037,43.06738177217373,3.74,91.0,-0.77
PRO,2015-01-06,26.06999969482422,26.309999465942383,24.81999969482422,25.209999084472656,56.73241120080742,48.061586642106576,43.5902325216782,41.93004302688688,43.12562154051279,3.79,91.0,-0.84
PRO,2015-01-07,25.329999923706055,25.399999618530273,24.440000534057617,25.190000534057617,56.58022371173135,47.11918065834693,43.57815807881432,41.930036092219794,43.12074189650795,3.84,90.0,-0.91
PRO,2015-01-08,25.469999313354492,25.739999771118164,25.200000762939453,25.469999313354492,56.63538620299313,47.1595664375074,43.583780095667954,41.85300722797282,43.02749828606763,3.89,90.0,-0.98
PRO,2015-01-09,25.3799991607666,25.489999771118164,25.040000915527344,25.350000381469727,56.63482417202593,47.01757777976624,43.50448196439614,41.84303896190556,43.0061735194203,3.94,88.0,-1.05
PRO,2015-01-12,25.40999984741211,25.600000381469727,24.90999984741211,25.329999923706055,55.33039628230827,46.970884915592436,43.368068067167115,41.37093201632212,42.97178443906456,3.98,86.0,-1.11
PRO,2015-01-13,25.540000915527344,26.600000381469727,25.489999771118164,25.90999984741211,55.803191817180235,46.91269265108933,43.209753811036165,41.16049348828462,43.003106465962524,4.02,84.0,-1.17
PRO,2015-01-14,25.59000015258789,26.020000457763672,25.31999969482422,25.809999465942383,55.802798054648825,46.88627397811165,43.21217552341092,41.08844216850035,42.59089209637841,4.06,84.0,-1.23
PRO,2015-01-15,25.739999771118164,26.100000381469727,25.290000915527344,25.520000457763672,55.112330320309496,46.93694894623576,43.25230121432148,41.10379252820527,42.59714205918905,4.1,84.0,-1.28
PRO,2015-01-16,25.3799991607666,25.84000015258789,25.0,25.760000228881836,54.02876375332637,46.87835700706685,43.19399781164754,41.119976708514386,42.59497211154311,4.14,81.0,-1.33
PRO,2015-01-20,25.829999923706055,27.350000381469727,25.520000457763672,27.049999237060547,34.197436330596744,47.72971849393925,43.80337302483953,41.449822371234745,42.872525900088036,4.18,92.0,-1.38
PRO,2015-01-21,26.860000610351562,27.100000381469727,25.469999313354492,25.93000030517578,36.46151914576076,48.28518313623303,44.32965612795083,41.73203765656082,43.06216799294959,4.24,100.0,-1.42
PRO,2015-01-22,26.06999969482422,26.760000228881836,25.350000381469727,26.75,36.90437640690789,48.663583890874854,44.599299271015795,41.4991328516819,43.16595013002168,4.29,100.0,-1.46
PRO,2015-01-23,26.799999237060547,27.6299991607666,26.440000534057617,27.110000610351562,37.05502565263906,48.714473504734656,44.599246052382284,41.2118132889332,43.175443691831724,4.35,99.0,-1.5
PRO,2015-01-26,27.149999618530273,27.420000076293945,27.06999969482422,27.1200008392334,37.03581199789918,47.11073919318272,44.39188152699801,41.17683033283254,43.07594479812386,4.39,98.0,-1.54
PRO,2015-01-27,26.600000381469727,26.600000381469727,25.670000076293945,25.739999771118164,39.95035187175859,48.34388079884861,45.15437062462966,38.83326311225731,43.36293833082941,4.45,100.0,-1.57
PRO,2015-01-28,25.799999237060547,25.799999237060547,24.690000534057617,24.75,41.4578123060138,48.69773519249284,45.57394217755536,39.117414560930754,43.496373130355764,4.51,100.0,-1.6
PRO,2015-01-29,24.780000686645508,25.399999618530273,24.34000015258789,25.3799991607666,41.88323004942792,47.68826431705435,45.734268817068866,39.19294241775365,43.51811393523779,4.58,100.0,-1.62
PRO,2015-01-30,25.229999542236328,25.440000534057617,24.079999923706055,24.290000915527344,43.782818267506066,48.336714421097405,46.14477512040287,39.46057853957456,43.64870479706428,4.64,100.0,-1.63
PRO,2015-02-02,24.190000534057617,25.0,23.670000076293945,24.139999389648438,40.26200128375958,48.340648096985525,46.14814143814717,39.46818514487298,43.64911199727311,4.71,100.0,-1.65
PRO,2015-02-03,24.350000381469727,24.700000762939453,23.799999237060547,24.1299991607666,40.22003204480292,48.0648696094671,45.965012466569895,39.46540426819117,43.396597464336594,4.77,98.0,-1.67
PRO,2015-02-04,24.0,24.100000381469727,23.270000457763672,23.43000030517578,40.852737977157474,48.0793992411623,46.09935356379257,39.51960114464801,43.473563167376234,4.83,98.0,-1.69
PRO,2015-02-05,23.450000762939453,24.040000915527344,23.040000915527344,23.200000762939453,39.78372182059232,48.054260069464036,46.038939808182135,39.34715559622869,43.478742585873825,4.89,97.0,-1.7
PRO,2015-02-06,23.229999542236328,24.260000228881836,23.229999542236328,23.979999542236328,39.08061901138782,48.62136900346494,45.88393297633321,39.538128681342414,43.58276128690956,4.94,95.0,-1.72
PRO,2015-02-09,24.219999313354492,24.260000228881836,23.790000915527344,24.030000686645508,39.11333930670199,48.55334214174119,45.860231219620964,39.48941699967955,43.58333543409,4.99,94.0,-1.74
PRO,2015-02-10,24.270000457763672,24.270000457763672,23.5,23.90999984741211,38.75670908661389,48.28896592128069,45.79925238958346,39.47044573754662,43.58259295725314,5.03,93.0,-1.76
PRO,2015-02-11,23.809999465942383,24.389999389648438,23.579999923706055,24.139999389648438,38.89845564215745,47.887891436101214,45.78868583816391,39.43858824222919,43.58957388043733,5.08,92.0,-1.77
PRO,2015-02-12,24.309999465942383,24.34000015258789,23.6200008392334,23.860000610351562,38.756969404711214,47.868931586293364,45.462470057382035,39.369664607942994,43.60055995525503,5.11,89.0,-1.79
PRO,2015-02-13,22.649999618530273,23.329999923706055,21.200000762939453,23.010000228881836,39.79902377664387,48.029875471027445,45.621810614444705,39.541693694766224,43.696690562360224,5.15,90.0,-1.8
PRO,2015-02-17,22.959999084472656,23.8799991607666,22.389999389648438,23.850000381469727,40.47293939966523,48.72389663878076,45.96663806375298,39.74634285320191,43.85284114047286,5.19,96.0,-1.81
PRO,2015-02-18,23.75,24.389999389648438,23.690000534057617,24.239999771118164,40.340758620476514,48.65341439849318,46.036603805081974,39.5093812670735,43.73600849947159,5.23,96.0,-1.81
PRO,2015-02-19,23.649999618530273,24.940000534057617,23.459999084472656,24.3700008392334,39.81744931286752,48.63988063058321,46.04534867832003,39.44383064419716,43.70162643989121,5.27,97.0,-1.82
PRO,2015-02-20,24.40999984741211,24.559999465942383,23.989999771118164,24.25,39.832511322993675,48.53717355717553,46.05085275442966,39.44444093467266,43.602210537456074,5.3,97.0,-1.82
PRO,2015-02-23,24.25,24.43000030517578,23.780000686645508,24.31999969482422,39.682979941629796,48.500005090059936,46.05027328299086,39.07925772059094,43.59379252895624,5.32,96.0,-1.81
PRO,2015-02-24,24.3700008392334,24.510000228881836,24.219999313354492,24.219999313354492,39.679167058923575,48.500991730247215,46.04577308410618,38.96601499276671,43.58987259134767,5.34,95.0,-1.8
PRO,2015-02-25,24.200000762939453,25.110000610351562,24.200000762939453,25.09000015258789,41.08973397724682,48.43469875897291,44.20371842887831,39.09384804297163,43.74713713599353,5.31,74.0,-1.79
PRO,2015-02-26,25.020000457763672,25.3700008392334,24.59000015258789,24.75,40.67172847442788,48.43224326362023,44.09405465429291,39.11070272963432,43.5912605034931,5.28,70.0,-1.77
PRO,2015-02-27,24.770000457763672,25.079999923706055,24.1299991607666,24.469999313354492,40.76742072760221,48.46589535437516,43.924815982135684,39.134981154399625,43.56111970240106,5.24,68.0,-1.75
PRO,2015-03-02,24.530000686645508,24.979999542236328,24.40999984741211,24.690000534057617,40.77886246590053,48.1447129403546,43.94378762700265,39.14767328479532,39.94131396606108,5.2,68.0,-1.72
PRO,2015-03-03,24.530000686645508,24.81999969482422,24.1200008392334,24.31999969482422,40.84966690266889,47.568287601886524,43.92232943112603,39.12352220470086,39.83834738017469,5.16,66.0,-1.7
PRO,2015-03-04,24.149999618530273,24.489999771118164,23.530000686645508,23.6299991607666,38.59870525144243,36.45494072844788,43.87472273399159,39.219965976882165,39.93158576396487,5.11,65.0,-1.66
PRO,2015-03-05,23.670000076293945,24.149999618530273,23.420000076293945,23.899999618530273,37.139821970661664,36.54957721614079,43.7711158394405,39.14681615176876,39.94672406374177,5.07,60.0,-1.62
PRO,2015-03-06,23.670000076293945,23.979999542236328,23.139999389648438,23.190000534057617,36.52859316724816,36.76989929171012,43.450974750643326,39.30593775804434,39.99746654953141,5.03,55.0,-1.58
PRO,2015-03-09,23.190000534057617,23.809999465942383,23.0,23.559999465942383,36.6415119630797,36.925928102800796,43.52096127565964,39.3519109046797,40.029683010236724,4.98,56.0,-1.53
PRO,2015-03-10,23.350000381469727,23.649999618530273,23.1200008392334,23.469999313354492,36.61145580480626,36.895291983722856,43.40794784155151,39.34687281947557,40.010193290344795,4.94,53.0,-1.48
PRO,2015-03-11,23.450000762939453,23.600000381469727,22.739999771118164,23.479999542236328,33.755967740852824,36.784597316082234,43.369371647436346,39.32176556916402,39.88028486101541,4.89,51.0,-1.42
PRO,2015-03-12,23.709999084472656,23.81999969482422,22.959999084472656,23.31999969482422,32.00094548601072,36.74102467085913,43.231191651406554,39.32902757029438,39.87169696428342,4.83,47.0,-1.36
PRO,2015-03-13,23.440000534057617,23.489999771118164,22.579999923706055,23.479999542236328,31.079607880256297,36.676573965649354,43.22706995100538,39.327389306243596,39.827501969600036,4.78,46.0,-1.29
PRO,2015-03-16,23.540000915527344,23.719999313354492,22.950000762939453,23.110000610351562,28.82320442147273,36.75717127209968,43.27726302739837,39.369384236103514,39.84715977949692,4.71,48.0,-1.22
PRO,2015-03-17,22.950000762939453,23.799999237060547,22.920000076293945,23.700000762939453,29.813937004377138,35.16964663279489,43.39613682394341,39.29578646841412,39.71527487866485,4.65,51.0,-1.14
PRO,2015-03-18,23.579999923706055,24.3700008392334,23.31999969482422,24.239999771118164,30.559470991883813,35.50343980610944,43.46538001471439,39.39076756402539,39.736838647326486,4.58,54.0,-1.06
PRO,2015-03-19,24.209999084472656,24.299999237060547,24.049999237060547,24.100000381469727,29.312913585297345,35.48659316011917,43.245037600077744,39.304054373570835,39.727781920494344,4.5,44.0,-0.97
PRO,2015-03-20,24.239999771118164,25.350000381469727,24.100000381469727,25.270000457763672,32.05029250666889,36.41881419154687,43.885159271940196,39.6867411204486,40.02221500865397,4.42,65.0,-0.88
PRO,2015-03-23,25.209999084472656,25.31999969482422,24.729999542236328,24.8799991607666,31.15202773400853,35.46712576385021,43.94815429194988,39.718734975754295,40.00860167711407,4.32,68.0,-0.82
PRO,2015-03-24,24.93000030517578,25.170000076293945,24.709999084472656,25.139999389648438,31.264815848556214,35.51564611816641,42.87841724674706,39.73268923092401,40.02315831286706,4.24,26.0,-0.71
PRO,2015-03-25,25.049999237060547,25.420000076293945,24.59000015258789,24.84000015258789,31.456686623160774,35.44974663537706,42.917546965915385,39.4532789957481,40.03353174802788,4.15,26.0,-0.61
PRO,2015-03-26,24.799999237060547,25.239999771118164,24.729999542236328,24.950000762939453,31.37384484203028,35.371355664437395,42.722488928741534,39.45597615972341,39.864820933792124,4.05,24.0,-0.5
PRO,2015-03-27,24.93000030517578,25.280000686645508,24.5,25.18000030517578,31.21800617353217,35.282389388653776,41.873672210551575,39.38299632727717,39.87701088448297,3.98,23.0,-0.36
PRO,2015-03-30,25.25,25.670000076293945,24.709999084472656,25.549999237060547,29.246426039962326,35.435738480596996,41.841212731543465,39.414322623660496,39.864374695719974,3.9,22.0,-0.21
PRO,2015-03-31,25.34000015258789,25.399999618530273,24.149999618530273,24.709999084472656,29.476600960423717,35.30230871944027,42.16137463108877,39.58618730890408,39.96197401036168,3.82,23.0,-0.05
PRO,2015-04-01,24.459999084472656,25.209999084472656,24.450000762939453,24.829999923706055,29.154893320829455,34.974364714236025,42.000505666525065,39.54390262399779,39.94806954675811,3.74,22.0,0.12
PRO,2015-04-02,24.959999084472656,25.299999237060547,24.770000457763672,25.219999313354492,29.44313100518223,34.76621256650552,41.90981487833423,39.583690406346584,39.960830956564386,3.66,21.0,0.31
PRO,2015-04-06,24.889999389648438,25.510000228881836,24.889999389648438,25.18000030517578,29.39901092616281,34.76737328026749,41.86564151437366,39.57021772873038,39.91346758842552,3.57,19.0,0.52
PRO,2015-04-07,25.149999618530273,25.479999542236328,25.020000457763672,25.270000457763672,29.402980363250325,34.6994335816299,41.86986428626768,39.53587555804841,39.84250878695554,3.48,19.0,0.74
PRO,2015-04-08,25.959999084472656,26.81999969482422,25.639999389648438,26.219999313354492,31.103476199738157,35.50356228824678,42.265130648853564,39.77413242215206,39.9352230729128,3.38,23.0,0.99
PRO,2015-04-09,26.139999389648438,26.25,25.1299991607666,25.420000076293945,30.989937935414424,36.087220024616435,42.37978542968839,39.853541275404886,39.952809308450796,3.29,23.0,1.27
PRO,2015-04-10,25.479999542236328,25.860000610351562,25.3799991607666,25.600000381469727,30.752534144667987,35.81100305180072,42.116783296880776,39.84423374587665,39.932448765279425,3.19,20.0,1.59
PRO,2015-04-13,25.56999969482422,25.850000381469727,25.510000228881836,25.760000228881836,30.553237779096786,35.82663478829045,42.11658699727335,39.830575724474315,39.682018482066404,3.09,19.0,1.94
PRO,2015-04-14,25.809999465942383,26.1299991607666,25.299999237060547,26.100000381469727,30.662529529284033,35.84802923740437,41.93253599715161,39.847395168951685,39.70181459252662,3.0,17.0,2.33
PRO,2015-04-15,26.1299991607666,26.690000534057617,26.010000228881836,26.68000030517578,30.764350342683787,36.07568045336611,42.09038843359872,39.91681077928068,39.67068683157958,2.89,18.0,2.76
PRO,2015-04-16,26.549999237060547,27.229999542236328,26.459999084472656,27.149999618530273,29.494961457368774,34.833368797797796,41.99402187166711,39.894551057471325,39.68393198527729,2.78,16.0,3.26
PRO,2015-04-17,22.510000228881836,23.450000762939453,20.8700008392334,23.100000381469727,56.38203698624942,47.351083578730844,49.135465006303676,44.1988796166318,42.828295558412265,2.73,100.0,3.61
PRO,2015-04-20,23.139999389648438,23.5,22.469999313354492,23.329999923706055,55.7824985353802,46.91591390571503,49.10523132862354,44.14355376079088,42.82832040346125,2.68,99.0,3.97
PRO,2015-04-21,23.329999923706055,23.389999389648438,23.059999465942383,23.290000915527344,55.58678010715122,46.80273503835111,49.07910509836654,44.10063618457284,42.825949816831844,2.61,98.0,4.3
PRO,2015-04-22,23.260000228881836,23.3700008392334,22.809999465942383,23.09000015258789,55.62997178325387,46.81522139931735,49.09088234663818,44.074858733349664,42.83265319133238,2.53,98.0,4.59
PRO,2015-04-23,23.09000015258789,24.020000457763672,23.09000015258789,23.3799991607666,55.75781550056903,45.756558041225816,48.744509491303276,44.09930420151803,42.783862389583525,2.43,96.0,4.79
PRO,2015-04-24,23.530000686645508,23.600000381469727,22.959999084472656,23.440000534057617,55.72628294521359,45.08568513118045,48.71364699447675,44.080109322044635,42.77641257988461,2.32,95.0,4.82
PRO,2015-04-27,23.549999237060547,23.90999984741211,23.18000030517578,23.350000381469727,55.701247338035586,44.760732010002705,48.713266100338444,43.9692133756706,42.45006586668365,2.18,94.0,4.33
PRO,2015-04-28,23.479999542236328,23.729999542236328,23.219999313354492,23.389999389648438,55.50342219975292,43.877995550685014,48.50008474966944,43.30364914157791,42.24396940243739,2.04,93.0,3.1
PRO,2015-04-29,23.299999237060547,23.530000686645508,23.06999969482422,23.299999237060547,55.011610499232,43.867940297323614,48.13933043665761,43.30039744523868,42.19204438402966,1.88,92.0,0.62
PRO,2015-04-30,23.1200008392334,23.1200008392334,22.020000457763672,22.229999542236328,56.15468923379259,44.88749075713476,42.317753328967264,43.592773129524836,42.44287479027272,1.88,14.0,0.6
PRO,2015-05-01,22.280000686645508,22.420000076293945,20.780000686645508,20.940000534057617,58.52751834255808,46.11201352615567,43.31339966390356,44.15136278028252,42.85020219258481,1.88,35.0,0.6
PRO,2015-05-04,20.969999313354492,21.31999969482422,20.3799991607666,21.260000228881836,56.75306695238266,46.21194112709219,43.27521876665872,44.18729282903609,42.83023125684326,1.88,33.0,0.6
PRO,2015-05-05,21.1299991607666,21.780000686645508,21.049999237060547,21.770000457763672,57.30230564376647,45.95230690464322,43.45522189126989,44.27012613531612,42.889096075543584,1.88,42.0,0.61
PRO,2015-05-06,21.81999969482422,21.81999969482422,21.309999465942383,21.549999237060547,57.14897249206952,45.97873505835485,43.45793413445507,44.23089565884147,42.633887169336596,1.88,42.0,0.61
PRO,2015-05-07,21.56999969482422,21.670000076293945,21.239999771118164,21.549999237060547,57.12950345063912,45.975342714364956,43.40434476460332,44.149526008892195,42.4044936065854,1.88,37.0,0.62
PRO,2015-05-08,18.34000015258789,18.549999237060547,15.920000076293945,18.260000228881836,73.64175430528105,56.87023281490164,50.60164646278751,48.133987480235305,45.478712997256665,1.98,100.0,0.82
PRO,2015-05-11,18.18000030517578,19.290000915527344,17.90999984741211,18.030000686645508,73.40881021330365,56.87592416098963,50.59430603916291,48.14707894759878,43.728314620839214,2.07,99.0,0.85
PRO,2015-05-12,17.860000610351562,18.489999771118164,17.559999465942383,18.420000076293945,73.64241889162179,56.735053600191165,50.713451260457575,48.22197295930692,43.783651971862476,2.15,100.0,0.81
PRO,2015-05-13,18.360000610351562,18.579999923706055,17.90999984741211,18.219999313354492,73.3325166604608,56.14866886263229,49.81515103615707,48.18336408093525,43.777997671447324,2.22,97.0,0.6
PRO,2015-05-14,18.260000228881836,19.75,18.1299991607666,19.600000381469727,77.10818690420243,58.211540409822916,51.269681090621575,48.942417659326466,44.34796712189104,2.31,100.0,0.59
PRO,2015-05-15,19.520000457763672,19.59000015258789,19.110000610351562,19.479999542236328,76.79002461448255,58.18421263315203,51.25487076968246,48.94259280935361,44.35154134524541,2.41,99.0,0.51
PRO,2015-05-18,19.40999984741211,20.31999969482422,19.170000076293945,20.31999969482422,78.1750687755106,58.940140525111204,51.53644461440972,49.21449252700973,44.55431117380934,2.5,100.0,0.43
PRO,2015-05-19,20.209999084472656,20.540000915527344,19.739999771118164,20.170000076293945,78.10902396984581,58.9344035230225,51.06528307556426,49.18923105937481,44.49047357071048,2.57,97.0,0.28
PRO,2015-05-20,20.280000686645508,20.3700008392334,19.709999084472656,20.139999389648438,76.99647618788909,58.93496053303433,51.05309369904405,49.07064411221324,44.37465380891733,2.65,96.0,0.12
PRO,2015-05-21,20.059999465942383,20.200000762939453,19.639999389648438,19.719999313354492,76.8015725834085,58.49820195928695,51.067270705985415,49.11517565594261,44.42282746477742,2.71,97.0,-0.03
PRO,2015-05-22,19.700000762939453,19.989999771118164,19.389999389648438,19.579999923706055,76.66241108509139,58.46761300897687,51.03674994636408,49.11920107057914,44.393038634665835,2.78,94.0,-0.17
PRO,2015-05-26,19.459999084472656,19.670000076293945,18.8799991607666,19.299999237060547,76.54084526899108,58.48741609762978,51.01404026776791,49.126742210348375,44.396816394092504,2.84,93.0,-0.31
PRO,2015-05-27,19.270000457763672,19.530000686645508,19.040000915527344,19.510000228881836,76.48458436023743,58.50631107457126,51.064065670694404,49.08989415718158,44.37824286669246,2.89,95.0,-0.43
PRO,2015-05-28,19.5,19.780000686645508,19.469999313354492,19.739999771118164,76.17250187101759,58.54567736233809,50.83908430842592,49.11473762079084,44.33186295824143,2.94,91.0,-0.55
PRO,2015-05-29,19.68000030517578,19.8799991607666,19.209999084472656,19.25,75.83568422542305,58.48310362576806,50.84231140218981,49.0924490558028,44.36256039881677,2.98,91.0,-0.66
PRO,2015-06-01,19.280000686645508,19.549999237060547,18.729999542236328,19.360000610351562,61.1416984375836,58.4334755834674,50.74029522501403,49.05729922466069,44.354685019333516,3.03,89.0,-0.76
PRO,2015-06-02,19.450000762939453,20.579999923706055,19.43000030517578,20.15999984741211,62.45664691025395,58.849735750940205,51.19971635438241,49.27520097026997,44.373477727744536,3.07,97.0,-0.85
PRO,2015-06-03,20.25,20.350000381469727,20.0,20.239999771118164,62.50319050185347,58.743450713983755,51.16524773078538,49.028230745462494,44.3353023018307,3.12,96.0,-0.93
PRO,2015-06-04,20.139999389648438,20.329999923706055,19.889999389648438,20.100000381469727,62.49585950413887,58.749849829580334,51.16913505955206,49.019564819096765,44.33819260626088,3.16,96.0,-1.01
PRO,2015-06-05,20.010000228881836,20.389999389648438,19.989999771118164,20.200000762939453,62.354885279936546,58.767130416031534,51.181662556282504,48.99403709296005,44.10031771931981,3.2,96.0,-1.08
PRO,2015-06-08,20.18000030517578,20.18000030517578,19.920000076293945,20.010000228881836,62.32759353760251,58.777791508871566,51.03753569546926,48.97936253315724,44.03069563767766,3.23,89.0,-1.15
PRO,2015-06-09,20.079999923706055,20.350000381469727,19.940000534057617,20.200000762939453,62.47302803048825,58.79805371296276,51.072786623643175,48.81752927514014,43.978542989199745,3.26,93.0,-1.2
PRO,2015-06-10,20.360000610351562,20.459999084472656,20.18000030517578,20.329999923706055,62.53067334218151,58.75896596173812,51.07207989991108,48.73056627395945,43.9746510925304,3.29,92.0,-1.26
PRO,2015-06-11,20.40999984741211,21.030000686645508,20.34000015258789,20.93000030517578,63.29234438807947,58.8413298676686,51.28201992626447,48.849437598593,44.07437500177085,3.32,99.0,-1.31
PRO,2015-06-12,20.84000015258789,21.079999923706055,20.479999542236328,20.940000534057617,61.94253570774855,58.62068526759582,50.62966408730974,48.84556615822201,44.07344142725704,3.35,79.0,-1.35
PRO,2015-06-15,20.829999923706055,21.329999923706055,20.56999969482422,21.1200008392334,59.52167979348714,58.65939319966332,50.25615060131433,48.85864531729643,44.03804888201414,3.37,76.0,-1.4
PRO,2015-06-16,21.100000381469727,21.25,20.809999465942383,20.959999084472656,59.39272365424445,57.74872030615099,49.980503897223336,48.86494644841203,44.00888779070325,3.38,75.0,-1.44
PRO,2015-06-17,20.969999313354492,21.43000030517578,20.809999465942383,20.90999984741211,58.949462626205495,57.69061744827037,49.91620192285989,48.862699648462986,43.94507448496499,3.4,74.0,-1.47
PRO,2015-06-18,21.25,21.860000610351562,21.010000228881836,21.729999542236328,59.992967942164576,58.25097759326611,50.338401160144095,49.08030113487351,44.11913711266449,3.42,76.0,-1.5
PRO,2015-06-19,21.649999618530273,22.139999389648438,21.510000228881836,21.979999542236328,60.07991962725472,58.284509130493255,49.739405827371975,47.99510086642379,44.13471213329551,3.43,71.0,-1.53
PRO,2015-06-22,22.020000457763672,22.079999923706055,21.56999969482422,22.059999465942383,33.5192875223923,58.28101422138094,49.37779175185836,47.90455467081319,44.131872980054794,3.44,70.0,-1.55
PRO,2015-06-23,22.09000015258789,22.270000457763672,22.049999237060547,22.18000030517578,33.035809888178136,58.2552119635324,49.2095459047131,47.797969356915715,44.119556857476866,3.45,69.0,-1.57
PRO,2015-06-24,22.149999618530273,22.18000030517578,21.93000030517578,22.020000457763672,32.98663651752189,58.15959520982062,48.74461869887519,47.80193865694255,44.12462891354444,3.46,64.0,-1.59
PRO,2015-06-25,22.18000030517578,22.18000030517578,21.270000457763672,21.799999237060547,32.94866874494563,57.82452155977151,48.75891371459987,47.773569438618644,44.1273831403079,3.47,64.0,-1.6
PRO,2015-06-26,21.90999984741211,21.90999984741211,20.68000030517578,21.559999465942383,26.45694108994435,57.835004988481806,48.7848821258807,47.6399398516187,44.139567373484354,3.47,64.0,-1.61
PRO,2015-06-29,21.81999969482422,21.899999618530273,20.790000915527344,21.010000228881836,27.64908794910935,57.90928369962553,48.735056359273784,47.66315097495826,44.086762483977495,3.48,60.0,-1.62
PRO,2015-06-30,21.030000686645508,21.1299991607666,20.719999313354492,21.110000610351562,24.978007552538024,57.93064318776908,48.723291770686515,47.37855102220095,44.09029354620191,3.49,59.0,-1.63
PRO,2015-07-01,21.31999969482422,21.6299991607666,20.549999237060547,20.700000762939453,25.589502376003963,58.01417729955632,48.50441755444652,47.430480235220294,44.069367477882984,3.49,56.0,-1.64
PRO,2015-07-02,20.8700008392334,20.950000762939453,20.270000457763672,20.809999465942383,25.610884918699643,57.4368021123452,48.513104612672194,47.37196166783296,44.05520743733646,3.49,56.0,-1.65
PRO,2015-07-06,20.649999618530273,20.889999389648438,20.360000610351562,20.850000381469727,24.733639224288993,57.168084616171114,48.512599743061244,47.35131260555006,44.05173911183112,3.5,55.0,-1.65
PRO,2015-07-07,20.889999389648438,20.889999389648438,20.100000381469727,20.770000457763672,24.64824748942602,57.12735199911987,48.482309566652766,47.28011144554415,44.04904769487138,3.5,52.0,-1.65
PRO,2015-07-08,20.600000381469727,20.829999923706055,20.229999542236328,20.459999084472656,24.68551617902386,57.13914581607905,48.50324713386776,47.30340863454291,43.88286282927781,3.5,53.0,-1.66
PRO,2015-07-09,20.709999084472656,21.209999084472656,20.6200008392334,21.030000686645508,25.658799331428604,57.396451919559475,48.39675003063629,47.407174071143466,43.97431780819779,3.5,50.0,-1.66
PRO,2015-07-10,21.309999465942383,21.350000381469727,20.90999984741211,20.940000534057617,25.57834902585344,57.14837525312293,48.03894298035571,47.37157106619355,43.922606896617076,3.51,48.0,-1.65
PRO,2015-07-13,21.020000457763672,21.670000076293945,21.0,21.600000381469727,25.586895330315652,57.433370147864025,48.23361066639846,47.48410092867912,44.03409527690754,3.51,49.0,-1.65
PRO,2015-07-14,21.670000076293945,21.920000076293945,21.3700008392334,21.5,25.696846308626203,47.10029383243306,48.22540084218705,47.363855530722674,44.016925519750025,3.51,48.0,-1.65
PRO,2015-07-15,21.530000686645508,21.6200008392334,20.690000534057617,21.229999542236328,23.576008960218783,47.09990357971269,48.25586022299594,47.37803771876739,44.005454596318756,3.51,49.0,-1.65
PRO,2015-07-16,21.350000381469727,21.799999237060547,21.040000915527344,21.559999465942383,23.902384374656286,47.22848300661055,48.324752821344816,47.409664226437854,44.03195366256746,3.51,49.0,-1.65
PRO,2015-07-17,21.65999984741211,21.65999984741211,21.270000457763672,21.329999923706055,24.05154370102416,47.244383441857266,48.34626639022584,46.847498549675684,44.0359599242429,3.52,49.0,-1.65
PRO,2015-07-20,21.440000534057617,21.540000915527344,21.030000686645508,21.059999465942383,24.40536001639449,47.21238978046253,48.021832009334574,46.86758955375755,44.02681539942993,3.51,42.0,-1.63
PRO,2015-07-21,21.0,21.209999084472656,20.700000762939453,20.940000534057617,24.284877598532,47.21062892736448,47.988330230769535,46.76257029214471,44.0289704829914,3.5,41.0,-1.61
PRO,2015-07-22,20.760000228881836,21.06999969482422,20.649999618530273,20.860000610351562,24.212628890747922,47.21059485740783,47.96442099932511,46.311048282020856,43.96659434392481,3.48,40.0,-1.58
PRO,2015-07-23,20.969999313354492,21.059999465942383,20.489999771118164,20.579999923706055,24.517463584796978,47.26421364458562,47.971253705532554,46.28400473017646,43.97502363657038,3.47,40.0,-1.55
PRO,2015-07-24,20.6200008392334,21.010000228881836,20.510000228881836,20.760000228881836,23.11757248261983,47.31476647701802,47.95238008341366,46.29928034991888,43.97428565754347,3.46,38.0,-1.52
PRO,2015-07-27,20.739999771118164,20.739999771118164,20.290000915527344,20.709999084472656,23.12459643955844,46.37300462404277,47.75395200917722,46.209461600102486,43.964317669272305,3.44,37.0,-1.49
PRO,2015-07-28,20.75,21.309999465942383,20.280000686645508,21.260000228881836,24.25501926098494,45.06174925595353,47.91223842177587,46.23609847160997,44.03999822349408,3.43,37.0,-1.45
PRO,2015-07-29,21.34000015258789,21.3700008392334,20.709999084472656,21.18000030517578,24.17284296507362,44.961068549299036,47.688464388503,46.21607465869575,43.988154241523304,3.41,35.0,-1.4
PRO,2015-07-30,21.100000381469727,21.440000534057617,20.8799991607666,21.389999389648438,24.312815794613442,44.73748623689856,47.64457122656243,46.23437262185206,43.962009046096114,3.38,34.0,-1.36
PRO,2015-07-31,21.440000534057617,21.899999618530273,21.34000015258789,21.8700008392334,22.51011943209887,44.923690414394315,47.78364075020605,46.29800848686802,43.970181070946545,3.36,36.0,-1.31
PRO,2015-08-03,21.899999618530273,21.899999618530273,21.229999542236328,21.459999084472656,22.91106370139571,45.09520974868927,47.87063462314045,46.26315373294699,43.97807371390498,3.34,36.0,-1.25
PRO,2015-08-04,21.510000228881836,21.549999237060547,21.1299991607666,21.360000610351562,22.897905628173095,29.065887200384005,47.865028103741786,46.1173571387047,43.95332421215323,3.31,35.0,-1.19
PRO,2015-08-05,21.360000610351562,21.850000381469727,21.360000610351562,21.75,23.496951926355763,29.0586105053319,47.94449952367946,46.1681205490351,43.991562781986595,3.29,37.0,-1.12
PRO,2015-08-06,21.889999389648438,21.889999389648438,21.139999389648438,21.290000915527344,24.18835996922253,29.231501279938925,47.99648730464868,46.1048128009906,44.024956388614996,3.26,41.0,-1.05
PRO,2015-08-07,19.940000534057617,22.950000762939453,18.799999237060547,21.829999923706055,25.181732321282098,29.45932215568256,47.994257985931654,46.213041955205206,44.019934284725416,3.23,40.0,-0.97
PRO,2015-08-10,21.8700008392334,21.8700008392334,20.170000076293945,21.170000076293945,26.540729211770454,26.447483397020864,48.078804639724424,46.24955722390411,43.65240961285226,3.21,43.0,-0.89
PRO,2015-08-11,21.040000915527344,21.469999313354492,20.549999237060547,20.700000762939453,26.27756023378397,26.851217700860186,48.190548963611164,46.29792937849249,43.70358177196424,3.18,44.0,-0.8
PRO,2015-08-12,20.6299991607666,20.6299991607666,20.219999313354492,20.520000457763672,26.33423027424533,25.508407395874038,47.559615289633015,46.26575345384062,43.670142732021006,3.15,25.0,-0.72
PRO,2015-08-13,20.510000228881836,20.739999771118164,20.280000686645508,20.5,25.73328172872641,25.4608625062254,47.510783607570936,46.25074873330036,43.66869952031232,3.13,24.0,-0.64
PRO,2015-08-14,20.43000030517578,21.309999465942383,20.43000030517578,21.25,27.766146530525727,26.484809781418413,47.85122256962905,46.46491442850738,43.81833348364919,3.09,29.0,-0.53
PRO,2015-08-17,21.149999618530273,21.610000610351562,20.920000076293945,21.559999465942383,28.051476949689768,26.22628846414742,47.89048359677222,46.27533197838776,43.8353920680589,3.05,31.0,-0.4
PRO,2015-08-18,21.489999771118164,21.780000686645508,21.260000228881836,21.43000030517578,28.09257845077636,26.21211166108875,47.886846113770986,46.25542469946916,43.80089862640042,3.01,30.0,-0.27
PRO,2015-08-19,21.31999969482422,21.549999237060547,20.969999313354492,21.139999389648438,28.025195163061117,26.192404397494208,47.89399054607271,46.27630746112889,43.76260546610952,2.95,31.0,-0.13
PRO,2015-08-20,20.950000762939453,21.079999923706055,20.239999771118164,20.559999465942383,28.083230022587912,26.79631351656126,47.998797618826515,46.2558092194992,43.73652449244392,2.88,39.0,0.02
PRO,2015-08-21,20.219999313354492,21.3799991607666,19.889999389648438,20.90999984741211,28.518474224982786,26.90616778586955,47.82899311289868,46.105830169556796,43.769084778794856,2.82,24.0,0.19
PRO,2015-08-24,19.979999542236328,21.149999618530273,19.540000915527344,20.510000228881836,27.46416763848334,26.69061318427543,47.89894628254632,42.52934748679949,43.80796254635302,2.76,30.0,0.37
PRO,2015-08-25,20.969999313354492,21.010000228881836,19.899999618530273,20.530000686645508,27.46060676881748,26.67307872797111,47.81918817451702,42.52973683203678,43.771931254345056,2.68,22.0,0.55
PRO,2015-08-26,20.899999618530273,20.950000762939453,20.270000457763672,20.850000381469727,27.680721317219486,25.559485622634732,47.90002222642966,42.500269627870786,43.76831989642619,2.61,30.0,0.74
PRO,2015-08-27,20.93000030517578,21.34000015258789,20.920000076293945,21.309999465942383,28.06209371341622,25.920544898292018,48.04038739125228,42.58274257741326,43.82480142762926,2.53,41.0,0.95
PRO,2015-08-28,21.229999542236328,22.020000457763672,21.079999923706055,22.020000457763672,29.466699488836767,26.676984191955643,47.96031000557579,42.761613743436605,43.95227559443829,2.45,32.0,1.18
PRO,2015-08-31,22.0,22.469999313354492,21.790000915527344,22.1200008392334,29.18765933031447,26.674751329618186,47.74001804235653,42.73164989080883,43.933050294041934,2.38,16.0,1.44
PRO,2015-09-01,21.709999084472656,22.110000610351562,21.420000076293945,21.469999313354492,30.521431282936405,27.35070876663463,47.93254000303765,42.851317576566075,43.94007437363153,2.29,29.0,1.69
PRO,2015-09-02,22.0,22.139999389648438,21.729999542236328,21.90999984741211,30.997907911641676,27.579963363984135,48.04398618638855,42.89472038179626,43.984149274797204,2.2,41.0,1.95
PRO,2015-09-03,21.860000610351562,22.389999389648438,21.860000610351562,22.06999969482422,30.699103031860346,27.58727538662422,48.007353649710616,42.89251857860173,43.9908657948904,2.1,37.0,2.13
PRO,2015-09-04,21.75,22.479999542236328,21.75,22.389999389648438,30.845671921158086,27.117129626148195,47.927259444487255,42.384931500203436,44.00683650176819,2.0,26.0,2.28
PRO,2015-09-08,22.670000076293945,23.530000686645508,22.510000228881836,22.989999771118164,31.570118033874856,27.608438696302386,48.04000563755586,42.5047663732348,44.04832306347096,1.88,39.0,2.24
PRO,2015-09-09,23.190000534057617,23.469999313354492,22.799999237060547,22.899999618530273,30.88548154577704,27.59171518651676,40.632237827086904,42.50025902356827,44.04757874535722,2.05,1.0,2.98
PRO,2015-09-10,22.950000762939453,23.469999313354492,22.790000915527344,22.889999389648438,30.84197451976648,27.53140896054167,40.60064065069499,42.36996331650846,43.97506805898769,2.2,1.0,3.07
PRO,2015-09-11,22.829999923706055,23.510000228881836,22.510000228881836,23.170000076293945,30.896082516395886,27.605683192498198,40.64708247835496,42.10990886845914,43.9642299819125,2.33,3.0,2.87
PRO,2015-09-14,23.149999618530273,23.68000030517578,22.75,23.200000762939453,30.336926476571936,26.521583869009905,40.6243230090059,42.095706710042705,43.936829844914485,2.46,2.0,2.58
PRO,2015-09-15,23.309999465942383,23.75,23.100000381469727,23.25,29.683549585066405,26.43496526805863,40.57691527343396,42.0671117220431,43.72611030032608,2.58,1.0,2.27
PRO,2015-09-16,23.190000534057617,23.280000686645508,22.6299991607666,23.200000762939453,29.638375227277873,26.436347560410873,40.57607372978861,42.03381156703575,43.713889008750165,2.69,1.0,1.94
PRO,2015-09-17,23.18000030517578,24.260000228881836,22.899999618530273,23.989999771118164,30.64901303367523,27.25692232893151,40.91970512027609,42.18263977748774,43.81728763080325,2.79,7.0,1.61
PRO,2015-09-18,23.729999542236328,24.389999389648438,23.510000228881836,24.06999969482422,29.745943831725036,27.201369849317498,40.92196095884951,42.185332515131215,43.80334250323613,2.88,8.0,1.3
PRO,2015-09-21,24.110000610351562,24.700000762939453,23.950000762939453,24.579999923706055,29.518761402539162,27.381935106818617,41.0475291007555,42.04489836874256,43.70280956928657,2.96,9.0,1.03
PRO,2015-09-22,24.399999618530273,24.940000534057617,24.09000015258789,24.56999969482422,27.67656652432545,27.25142252472229,40.333951840494024,41.94432043441139,43.61987100857061,3.01,1.0,1.05
PRO,2015-09-23,24.639999389648438,24.8700008392334,23.84000015258789,23.90999984741211,28.118963284294917,27.313799659042566,39.405612528710954,41.966253626517265,43.69224051347111,3.09,1.0,1.1
PRO,2015-09-24,23.440000534057617,23.700000762939453,23.09000015258789,23.350000381469727,29.063826486031314,27.816034658816484,39.54092302786658,42.057511546574354,43.75306515530967,3.17,2.0,1.09
PRO,2015-09-25,23.59000015258789,23.979999542236328,22.889999389648438,22.940000534057617,29.725580528207928,27.756623033593726,39.480489087731165,42.08474668553546,43.78777051346386,3.25,2.0,1.06
PRO,2015-09-28,22.989999771118164,22.989999771118164,22.149999618530273,22.260000228881836,29.672955821699876,28.49894058788374,39.74369123804094,42.22669334868949,43.88853493132699,3.32,4.0,0.98
PRO,2015-09-29,22.34000015258789,22.3799991607666,21.610000610351562,21.8799991607666,29.893758494564505,28.744907329187257,39.84113805514546,42.27178154648569,43.91893332451283,3.39,5.0,0.9
PRO,2015-09-30,22.0,22.299999237060547,21.780000686645508,22.139999389648438,30.0022661261237,28.815782943311362,29.71360290292953,42.20657746414689,43.93262352291852,3.83,1.0,4.02
PRO,2015-10-01,22.010000228881836,22.469999313354492,21.56999969482422,22.389999389648438,29.80735804514164,28.6913873575179,29.656826677507624,42.22929206420134,43.063207705273044,4.21,1.0,4.68
PRO,2015-10-02,22.139999389648438,22.790000915527344,21.84000015258789,22.780000686645508,28.74449761932622,28.37109005703041,29.595811651567722,42.26446717086859,43.02590697065944,4.56,1.0,4.56
PRO,2015-10-05,23.059999465942383,23.469999313354492,22.81999969482422,23.3700008392334,29.204818145434448,28.77545693949555,29.75291905186769,42.361821885190885,43.01643812181117,4.87,4.0,4.11
PRO,2015-10-06,23.239999771118164,23.829999923706055,23.239999771118164,23.700000762939453,28.511206595097487,28.244405750467937,27.588897457693008,41.98871021399672,43.03811121423663,5.22,1.0,3.92
PRO,2015-10-07,23.8700008392334,23.950000762939453,23.149999618530273,23.639999389648438,28.570408034351185,28.2279985995034,27.568074739606736,41.69732603610887,43.00398143062421,5.54,1.0,3.55
PRO,2015-10-08,23.5,23.959999084472656,23.3799991607666,23.59000015258789,28.448959898357963,28.08362139564446,26.80696446564726,41.52729782456856,42.88975792757169,5.85,1.0,3.2
PRO,2015-10-09,23.639999389648438,24.65999984741211,23.40999984741211,24.399999618530273,29.292499607281037,28.70919653700934,27.25195331305608,41.69430064854436,42.96495091843261,6.13,2.0,2.77
PRO,2015-10-12,24.350000381469727,24.559999465942383,24.030000686645508,24.190000534057617,28.261650439094506,28.672744104327553,27.298257789021118,41.70503339701551,42.73759165008481,6.39,3.0,2.36
PRO,2015-10-13,24.139999389648438,24.200000762939453,23.610000610351562,23.709999084472656,29.042625251873112,28.872523416965677,27.276696433563956,41.316601220098384,42.78439237872729,6.62,3.0,1.98
PRO,2015-10-14,23.790000915527344,24.030000686645508,23.100000381469727,23.34000015258789,27.95398506679001,29.058773000469834,27.382680137502202,41.09923210655924,42.76634587543825,6.84,5.0,1.63
PRO,2015-10-15,23.34000015258789,24.139999389648438,23.170000076293945,24.09000015258789,28.752915710174438,29.667164650762697,27.664737736316354,41.1629852136109,42.868616893157466,7.04,8.0,1.31
PRO,2015-10-16,24.18000030517578,24.530000686645508,23.729999542236328,24.079999923706055,28.743690254721354,29.487981293548888,27.633259480441545,40.83470557981671,42.807278085434845,7.23,8.0,1.02
PRO,2015-10-19,24.030000686645508,24.079999923706055,23.40999984741211,23.68000030517578,29.077347245421485,29.724031708384913,27.750441751031644,40.87615560217331,42.83338429152835,7.4,10.0,0.75
PRO,2015-10-20,23.739999771118164,23.93000030517578,23.309999465942383,23.600000381469727,28.1570606963017,29.731135202017654,27.425540198410868,40.87798035141763,42.82538043486474,7.57,6.0,0.51
PRO,2015-10-21,23.6200008392334,24.290000915527344,23.139999389648438,23.329999923706055,28.35440772222172,29.432200450528484,27.50296679172412,40.751807568779604,42.81349202110314,7.72,7.0,0.29
PRO,2015-10-22,23.309999465942383,24.489999771118164,23.309999465942383,23.989999771118164,29.431335134684627,29.899576280143002,27.122769815263364,40.86819981059103,42.87419673378235,7.87,2.0,0.1
PRO,2015-10-23,24.290000915527344,24.459999084472656,23.729999542236328,23.860000610351562,29.3225301496527,29.893730857855882,27.144176078474107,40.68558562470046,42.78456730189856,8.01,3.0,-0.08
PRO,2015-10-26,23.799999237060547,24.809999465942383,23.799999237060547,24.770000457763672,31.16859346591381,30.494301720209645,27.695190929331293,40.92565540869952,42.943937463667964,8.13,14.0,-0.24
PRO,2015-10-27,24.65999984741211,24.989999771118164,23.860000610351562,24.110000610351562,32.296364966146726,30.775686269775015,28.073154504072512,41.047423086851914,43.02483435973667,8.24,16.0,-0.4
PRO,2015-10-28,24.139999389648438,24.780000686645508,24.020000457763672,24.65999984741211,32.86175227673003,31.030633504507854,28.207003507463092,41.118524347737036,42.6436746992922,8.33,17.0,-0.54
PRO,2015-10-29,24.43000030517578,25.0,24.209999084472656,24.280000686645508,31.840081607315003,31.0691182547603,28.319583593020987,41.1366467176577,42.67072669045349,8.42,18.0,-0.67
PRO,2015-10-30,24.34000015258789,24.5,23.860000610351562,24.020000457763672,31.989147694884135,30.805544407600944,28.380200065640427,40.92933299756337,42.604584442831424,8.49,19.0,-0.79
PRO,2015-11-02,24.0,24.770000457763672,23.93000030517578,24.600000381469727,32.16495381732846,30.768538247576416,28.263564124257968,40.80680230695152,42.334022432771526,8.56,18.0,-0.89
PRO,2015-11-03,24.479999542236328,24.989999771118164,24.450000762939453,24.8700008392334,32.31871525874507,30.053712987090663,28.301413770787974,40.7822549802626,42.306356757439936,8.63,19.0,-1.0
PRO,2015-11-04,24.84000015258789,25.420000076293945,24.760000228881836,25.110000610351562,31.329959177392546,29.62352115616451,28.30832464030271,40.79300878126429,42.31802128355645,8.7,20.0,-1.09
PRO,2015-11-05,25.1299991607666,25.200000762939453,23.68000030517578,24.489999771118164,31.42353929123084,30.087830145139993,28.58768103626704,40.89729508289347,42.326045993008044,8.76,23.0,-1.17
PRO,2015-11-06,23.25,23.25,20.139999389648438,22.25,41.99525289391719,36.27296634694805,32.50395675823432,42.44286513180043,43.321566024059926,8.77,28.0,-1.24
PRO,2015-11-09,22.18000030517578,22.239999771118164,21.510000228881836,21.6299991607666,41.88837981546081,36.045089796892185,32.251353944973445,42.56783044108826,43.38990853968212,8.77,28.0,-1.29
PRO,2015-11-10,21.520000457763672,21.670000076293945,20.809999465942383,20.93000030517578,42.6567485735638,36.55286979976246,32.61537717814328,42.522382115816654,43.505432866298555,8.77,30.0,-1.35
PRO,2015-11-11,21.010000228881836,21.149999618530273,20.65999984741211,20.770000457763672,42.50268612892219,36.56493843488457,32.628385258110804,42.503268093731364,43.49425680364641,8.76,31.0,-1.39
PRO,2015-11-12,20.68000030517578,20.920000076293945,20.520000457763672,20.639999389648438,42.32708294518673,36.48339884545048,32.62624672549718,42.489977200159665,43.4375370922314,8.76,31.0,-1.44
PRO,2015-11-13,20.530000686645508,20.709999084472656,20.260000228881836,20.600000381469727,41.90311756442965,36.03537739162516,32.610129739193766,42.47380457825789,43.32859755538258,8.76,30.0,-1.48
PRO,2015-11-16,20.639999389648438,20.920000076293945,20.540000915527344,20.920000076293945,41.394272137674555,36.00735248087694,32.67416739697492,42.48471643492157,43.35473883390504,8.76,34.0,-1.52
PRO,2015-11-17,20.850000381469727,21.469999313354492,20.719999313354492,20.8799991607666,41.058001440336426,35.78441197952246,32.63044193541272,42.354654120571425,43.25971150645372,8.75,34.0,-1.55
PRO,2015-11-18,20.950000762939453,21.3700008392334,20.6299991607666,21.350000381469727,41.769308466053815,36.066374122388275,32.566191438569255,42.41788556808401,43.323054887332034,8.74,30.0,-1.58
PRO,2015-11-19,21.389999389648438,21.889999389648438,21.270000457763672,21.600000381469727,41.9956566445296,36.007739579296434,32.609266032503115,42.296364557209046,43.26946039335503,8.73,31.0,-1.6
PRO,2015-11-20,21.729999542236328,22.450000762939453,21.65999984741211,22.389999389648438,42.1640720576642,36.475722754328785,32.939084774502795,42.47130900485712,43.412726603739706,8.71,38.0,-1.63
PRO,2015-11-23,22.270000457763672,22.459999084472656,22.020000457763672,22.360000610351562,42.13021878576579,35.86429304056277,32.932782587988555,42.46940660058619,43.379445848621536,8.69,38.0,-1.64
PRO,2015-11-24,22.200000762939453,23.25,22.1299991607666,23.059999465942383,42.87548512508642,36.39905131943975,33.27750220775974,42.628436579805914,43.48563659609588,8.67,40.0,-1.66
PRO,2015-11-25,23.110000610351562,23.799999237060547,23.059999465942383,23.790000915527344,43.61646985864631,36.3609732170845,33.61000800242302,42.78076756503092,43.60265843205951,8.64,41.0,-1.67
PRO,2015-11-27,23.75,24.68000030517578,23.75,24.6200008392334,43.78756200262845,36.7775539885944,33.908459863788025,42.964498080940636,43.57798175095997,8.61,42.0,-1.67
PRO,2015-11-30,24.729999542236328,24.729999542236328,24.299999237060547,24.59000015258789,43.79000219192364,36.766151130154945,33.6614956557689,42.92192579231541,43.55774979996297,8.57,42.0,-1.68
PRO,2015-12-01,24.59000015258789,25.049999237060547,24.489999771118164,24.850000381469727,43.55835748399032,36.71798262729168,33.67802492921,42.837225016644545,43.570395054618174,8.54,43.0,-1.68
PRO,2015-12-02,24.940000534057617,25.260000228881836,24.850000381469727,24.989999771118164,43.54685054379398,36.36578992634772,33.354921606769715,42.76014064222057,43.48913071353774,8.51,41.0,-1.68
PRO,2015-12-03,25.100000381469727,25.229999542236328,24.0,24.06999969482422,44.87477389720945,37.216842271138376,33.91136514792114,42.98647820640835,43.500502120108614,8.46,46.0,-1.67
PRO,2015-12-04,24.18000030517578,24.530000686645508,23.8700008392334,24.1200008392334,44.150116219205174,37.21674935252364,33.839682173500904,42.61560629732813,40.74162263631215,8.42,45.0,-1.67
PRO,2015-12-07,24.020000457763672,24.020000457763672,23.399999618530273,23.510000228881836,44.75641767665019,37.53128621522807,34.0295167958478,42.68302241665251,40.82014695010309,8.37,48.0,-1.66
PRO,2015-12-08,23.31999969482422,24.110000610351562,23.229999542236328,23.979999542236328,43.738223097998386,37.74431925544187,34.10969069439804,42.730682997835125,40.80902446752115,8.32,49.0,-1.64
PRO,2015-12-09,23.959999084472656,24.299999237060547,23.75,23.90999984741211,43.04925832818111,37.74945482196432,34.04332496401321,42.70905426079605,40.80776661675798,8.27,49.0,-1.63
PRO,2015-12-10,23.979999542236328,24.25,23.540000915527344,23.68000030517578,42.57446985573721,37.803084745997126,34.069728682254606,42.72006794404326,40.81331799849016,8.22,50.0,-1.61
PRO,2015-12-11,23.31999969482422,23.770000457763672,22.809999465942383,22.989999771118164,43.17114640524586,37.65025690872826,34.41040119130067,42.845019890967606,40.89076835542832,8.16,52.0,-1.58
PRO,2015-12-14,22.84000015258789,23.260000228881836,21.510000228881836,22.040000915527344,44.67239742445581,38.586227292364974,35.013835963938035,43.08956919408956,41.089276165419065,8.1,53.0,-1.56
PRO,2015-12-15,22.270000457763672,22.469999313354492,22.010000228881836,22.329999923706055,44.218660538628555,38.42374559555135,35.046124960627765,42.945195065815355,41.088829386393336,8.03,54.0,-1.53
PRO,2015-12-16,22.540000915527344,22.93000030517578,22.450000762939453,22.729999542236328,44.45253372622949,38.627561324563146,35.14619160367335,42.99521647623113,41.12023293016471,7.97,55.0,-1.5
PRO,2015-12-17,22.790000915527344,23.040000915527344,22.260000228881836,22.6200008392334,44.293543436940745,38.25635772691864,34.92266575361004,42.95562179427731,40.721391705525846,7.9,53.0,-1.46
PRO,2015-12-18,22.459999084472656,22.6200008392334,22.1299991607666,22.239999771118164,44.01399345169402,38.109307971774946,35.0272569606494,42.99896646378751,40.75172029853182,7.83,55.0,-1.42
PRO,2015-12-21,22.420000076293945,22.420000076293945,21.809999465942383,22.209999084472656,34.12815114156384,37.94651012671055,34.99605939457234,42.996048122916434,40.74736408805339,7.76,54.0,-1.38
PRO,2015-12-22,22.219999313354492,22.350000381469727,22.079999923706055,22.270000457763672,33.068229253671866,37.44755271136205,34.823119563823894,42.764549988568575,40.65289918156373,7.69,53.0,-1.33
PRO,2015-12-23,22.43000030517578,22.559999465942383,22.09000015258789,22.420000076293945,31.498310390097295,37.298230447516936,34.702679727567,42.62365269154637,40.44709023413103,7.61,53.0,-1.28
PRO,2015-12-24,22.3799991607666,22.6299991607666,22.239999771118164,22.280000686645508,31.462175361188077,37.24605317501132,34.709570887779,42.61867769195182,40.43896767572058,7.53,54.0,-1.23
PRO,2015-12-28,22.270000457763672,23.209999084472656,21.959999084472656,23.1200008392334,32.90035369713547,37.943098849357256,35.082578867446394,42.84485846227063,40.594999238406125,7.44,61.0,-1.17
PRO,2015-12-29,23.309999465942383,23.790000915527344,23.170000076293945,23.3700008392334,32.914226201654486,37.84375514453402,34.94049849616046,42.83514334968805,40.58557947594672,7.35,57.0,-1.11
PRO,2015-12-30,23.40999984741211,23.8700008392334,23.079999923706055,23.420000076293945,32.74582798184974,37.48173651360248,34.726625593632434,42.752067979267,40.54941798458941,7.26,55.0,-1.04
PRO,2015-12-31,23.450000762939453,23.520000457763672,23.040000915527344,23.040000915527344,33.227491259120235,37.514636478412996,34.470185963280706,42.736805724694044,40.579801480167305,7.16,53.0,-0.97
PRO,2016-01-04,22.540000915527344,22.639999389648438,21.510000228881836,22.200000762939453,34.70623408940109,38.25890781574527,34.80016804683789,38.476534750979916,40.58381890456768,7.05,57.0,-0.9
PRO,2016-01-05,22.190000534057617,22.25,21.850000381469727,21.969999313354492,34.72391199610064,38.30657526902007,34.812785874358006,38.476358381159,40.523246220944216,6.95,58.0,-0.81
PRO,2016-01-06,21.700000762939453,21.709999084472656,20.950000762939453,21.34000015258789,34.078383876728616,38.0222192508138,35.1315979377182,38.62628631014245,40.551912302918055,6.85,67.0,-0.72
PRO,2016-01-07,20.920000076293945,21.09000015258789,20.399999618530273,20.40999984741211,36.28047239466108,38.981147622449754,35.38219194450031,38.96539228053575,40.788813357953316,6.74,69.0,-0.63
PRO,2016-01-08,20.440000534057617,20.829999923706055,19.639999389648438,19.670000076293945,36.09847839586112,39.45043245426794,35.7707707190285,39.16841425598705,40.93039263082983,6.63,70.0,-0.54
PRO,2016-01-11,19.6299991607666,19.90999984741211,19.239999771118164,19.65999984741211,34.44759331433227,39.365779512650164,35.7613545918387,39.16621087992785,40.928740345666846,6.5,70.0,-0.44
PRO,2016-01-12,19.920000076293945,20.209999084472656,19.18000030517578,19.600000381469727,32.248312823471615,38.704104686873045,35.70465454238811,39.165507091350754,40.929246278019136,6.38,70.0,-0.33
PRO,2016-01-13,19.600000381469727,20.0,18.889999389648438,18.989999771118164,32.92199539518166,39.125960248198844,35.782927065038564,39.331530121437844,40.97398564231929,6.25,73.0,-0.22
PRO,2016-01-14,19.239999771118164,19.600000381469727,18.889999389648438,19.280000686645508,33.182613535864434,39.22664647562654,35.76228884627169,39.377471046396884,41.005853971041375,6.11,72.0,-0.1
PRO,2016-01-15,16.530000686645508,16.530000686645508,14.800000190734863,15.390000343322754,70.8314563169309,60.06024719594254,50.4259780010949,47.187206132520174,46.725247283175435,6.17,100.0,-0.02
PRO,2016-01-19,15.460000038146973,15.699999809265137,12.960000038146973,13.550000190734863,77.64085235676313,64.91553848670083,54.15262784358122,48.99317327590583,48.362123849319815,6.33,100.0,0.33
PRO,2016-01-20,13.40999984741211,13.850000381469727,12.869999885559082,13.640000343322754,77.75991611538706,64.54360597692758,54.089206367131005,48.96041529906721,48.095003473833955,6.49,99.0,0.59
PRO,2016-01-21,13.59000015258789,13.920000076293945,13.319999694824219,13.640000343322754,77.92480812397089,64.56750733649982,53.932223579500814,48.86226869551807,47.93133102917053,6.63,98.0,0.77
PRO,2016-01-22,13.90999984741211,13.989999771118164,13.399999618530273,13.529999732971191,77.16026337265556,63.82948261679251,53.603189421335586,48.858389780734015,47.81495098726514,6.77,97.0,0.88
PRO,2016-01-25,13.420000076293945,13.569999694824219,13.100000381469727,13.40999984741211,77.07082580400906,63.732166439270465,53.58564340846396,48.863122307984455,47.79165670818866,6.9,96.0,0.95
PRO,2016-01-26,13.460000038146973,13.489999771118164,12.880000114440918,12.90999984741211,77.20116082433518,63.628176795985624,53.69759488320246,45.05291705215902,47.92000500824909,7.03,97.0,1.0
PRO,2016-01-27,12.84000015258789,13.050000190734863,12.380000114440918,12.420000076293945,77.34232142934813,63.87853984114824,53.80435678703245,45.24508434417024,47.799250985436174,7.16,97.0,1.04
PRO,2016-01-28,12.5,12.8100004196167,11.970000267028809,12.050000190734863,77.12847842430794,63.99785284803898,53.904016043187816,45.28054376840434,47.73914140676598,7.29,97.0,1.05
PRO,2016-01-29,12.029999732971191,12.359999656677246,11.640000343322754,12.279999732971191,77.36491107468795,63.88894706278128,53.95231839845819,45.338644671887586,47.70652573647195,7.41,98.0,1.05
PRO,2016-02-01,12.0600004196167,12.829999923706055,11.84000015258789,12.619999885559082,77.81768331864798,64.22299184738888,53.96575106148752,44.58774430432982,47.623234388382336,7.54,98.0,1.04
PRO,2016-02-02,12.399999618530273,12.569999694824219,11.859999656677246,11.890000343322754,78.52907105628769,64.82333090298602,54.63057154833185,45.09562313840287,47.96179041103537,7.76,100.0,0.88
PRO,2016-02-03,12.0,12.09000015258789,11.5,11.84000015258789,78.67889174062609,64.79152677650809,54.62309485130925,44.777441798761366,47.961389903843525,7.97,99.0,0.71
PRO,2016-02-04,11.829999923706055,12.0,11.579999923706055,11.789999961853027,78.62071278022995,62.406715519955,54.54178825262118,44.77461590378593,47.887144221812434,8.18,98.0,0.55
PRO,2016-02-05,11.770000457763672,11.770000457763672,10.470000267028809,10.479999542236328,83.0784614441409,66.07851373238306,57.300313686327975,46.78904244606544,49.245438714599146,8.44,100.0,0.44
PRO,2016-02-08,10.279999732971191,10.279999732971191,9.050000190734863,9.279999732971191,87.03527651221938,69.67539813537292,60.047226056323964,48.78618025376349,50.51593364049569,8.76,100.0,0.42
PRO,2016-02-09,9.1899995803833,9.729999542236328,9.010000228881836,9.510000228881836,88.19405663245198,70.1016838119216,60.27505108072248,48.902593608408665,50.59158213673071,9.07,100.0,0.36
PRO,2016-02-10,10.079999923706055,11.5,9.1899995803833,9.390000343322754,86.14451633877984,70.08766255428178,59.89269878253588,48.89790889623487,50.599456490180984,9.36,98.0,0.26
PRO,2016-02-11,9.34000015258789,9.949999809265137,9.130000114440918,9.34000015258789,85.60691056295687,70.06794860751425,59.86167750792698,48.86630982425829,50.58212707509849,9.63,97.0,0.15
PRO,2016-02-12,9.479999542236328,10.5,9.359999656677246,10.140000343322754,91.22368270292172,72.52485289785905,61.4222612604698,49.88782666609163,51.300511086973124,9.93,100.0,0.06
PRO,2016-02-16,10.380000114440918,10.710000038146973,10.0600004196167,10.65999984741211,93.9410984333167,73.60802340568765,62.116281365613546,50.22448999681595,51.470654665458845,10.24,100.0,-0.03
PRO,2016-02-17,10.890000343322754,11.609999656677246,10.829999923706055,11.5,98.34883662149291,75.44499806133192,63.4595476671683,51.07969189619892,51.92753238408311,10.57,100.0,-0.1
PRO,2016-02-18,11.5,11.619999885559082,10.960000038146973,11.029999732971191,98.44906907047117,75.57441103321332,63.64227241616731,51.022926581019476,52.03659507392909,10.88,100.0,-0.19
PRO,2016-02-19,11.050000190734863,11.279999732971191,11.010000228881836,11.100000381469727,98.79219734896748,75.02764595739268,63.65847559810726,51.02846681909765,52.038285047163754,11.18,100.0,-0.29
PRO,2016-02-22,11.180000305175781,11.229999542236328,10.739999771118164,10.770000457763672,98.59191314440928,75.09043252606601,63.65929728469462,51.12556691501214,52.10831222904086,11.47,100.0,-0.39
PRO,2016-02-23,10.75,11.069999694824219,10.670000076293945,10.6899995803833,98.55616986599031,74.56207686654692,63.639285439736895,51.11785705170995,52.10641063798258,11.75,97.0,-0.49
PRO,2016-02-24,10.550000190734863,10.680000305175781,10.34000015258789,10.569999694824219,98.41723069086532,73.99802715501589,63.56957358581764,51.12131466577026,52.11252714361616,11.98,96.0,-0.6
PRO,2016-02-25,10.579999923706055,10.869999885559082,10.4399995803833,10.710000038146973,98.78114479151485,73.54006743795894,63.5846983288581,51.13646426114231,51.994884767960514,12.19,96.0,-0.71
PRO,2016-02-26,10.729999542236328,11.109999656677246,10.5,11.0,99.63560692047292,73.96700823872987,63.69550774390718,51.2483242650973,52.071475686262104,12.4,100.0,-0.8
PRO,2016-02-29,11.020000457763672,11.350000381469727,10.9399995803833,10.989999771118164,99.2763900680835,73.84610797144374,63.48624662705872,51.10323003196719,52.06552854464059,12.59,93.0,-0.9
PRO,2016-03-01,11.0,11.329999923706055,10.979999542236328,11.270000457763672,78.30638704596169,74.17115729853275,63.60704659853048,51.21413100544222,52.128620348249385,12.75,95.0,-0.98
PRO,2016-03-02,11.3100004196167,11.859999656677246,11.149999618530273,11.829999923706055,71.79959224208724,75.05967104446599,64.21995011766305,51.56266869334315,52.36914764519335,12.9,100.0,-1.06
PRO,2016-03-03,11.8100004196167,12.1899995803833,11.739999771118164,12.170000076293945,72.36609766232144,75.45945481831382,64.45945813612035,51.69482720872469,52.396768165911766,13.04,100.0,-1.13
PRO,2016-03-04,12.170000076293945,12.829999923706055,12.130000114440918,12.5,72.90167951215159,75.80059311184391,64.35726610009579,51.81470958039206,52.460618287406255,13.18,99.0,-1.2
PRO,2016-03-07,12.399999618530273,12.680000305175781,12.229999542236328,12.460000038146973,72.88521331469852,75.5537704401551,64.35885122310584,51.580891153101604,52.38751549731053,13.3,99.0,-1.26
PRO,2016-03-08,12.359999656677246,12.359999656677246,11.8100004196167,11.890000343322754,73.9839894500261,75.89048396831049,64.64070889060778,51.810040428346795,52.542291358888896,13.41,100.0,-1.32
PRO,2016-03-09,11.90999984741211,12.239999771118164,11.84000015258789,11.859999656677246,73.27887481797381,75.91253137927384,64.62879592699625,51.8033720561539,52.542175577699425,13.52,99.0,-1.38
PRO,2016-03-10,11.960000038146973,12.079999923706055,11.4399995803833,11.600000381469727,72.73043399352107,75.85248343512949,64.3789395384185,51.839697580694775,52.57720359507238,13.61,97.0,-1.43
PRO,2016-03-11,11.680000305175781,11.869999885559082,11.5600004196167,11.6899995803833,72.29297267100921,75.67653493258024,64.41410436527268,51.85515791848812,52.58614469426463,13.69,97.0,-1.48
PRO,2016-03-14,11.670000076293945,11.770000457763672,11.489999771118164,11.569999694824219,72.08919556291545,75.51609132914278,64.3979858241771,51.85565886273709,52.58275737596666,13.76,96.0,-1.52
PRO,2016-03-15,11.510000228881836,11.550000190734863,10.640000343322754,11.010000228881836,72.81646353857079,75.68387928116798,64.74612827050544,52.134436377349736,52.77477826696988,13.83,100.0,-1.56
PRO,2016-03-16,10.9399995803833,11.300000190734863,10.9399995803833,11.020000457763672,70.92969095619291,75.71657348531828,64.75717218504572,52.07077939924434,52.70052780753277,13.88,100.0,-1.6
PRO,2016-03-17,10.979999542236328,11.34000015258789,10.9399995803833,11.210000038146973,71.15430663327328,75.94237302168786,64.62944653932301,52.11906396802763,52.67685317536517,13.92,97.0,-1.63
PRO,2016-03-18,11.260000228881836,11.420000076293945,11.170000076293945,11.329999923706055,71.2411607071659,76.05003948772668,64.69360715585469,52.110477434132754,52.69394438023435,13.95,98.0,-1.67
PRO,2016-03-21,11.350000381469727,11.489999771118164,11.170000076293945,11.34000015258789,62.10022837601768,76.03675806651198,64.30726383140377,52.102777118898956,52.45200192476975,13.97,88.0,-1.7
PRO,2016-03-22,11.220000267028809,11.34000015258789,11.149999618530273,11.229999542236328,49.922868251769934,75.94545851735668,64.2344638385465,52.10438005281478,52.44146251598508,13.98,87.0,-1.73
PRO,2016-03-23,11.170000076293945,11.329999923706055,11.029999732971191,11.149999618530273,49.76646730760157,75.94305691428436,64.05184013807359,52.1062106370773,52.42528708372607,13.99,85.0,-1.75
PRO,2016-03-24,11.039999961853027,11.420000076293945,11.020000457763672,11.399999618530273,49.69659239942128,75.59808968310328,64.21750980174579,52.17574329211764,52.47921339695347,13.98,85.0,-1.77
PRO,2016-03-28,11.40999984741211,11.470000267028809,10.979999542236328,11.09000015258789,50.56550968256626,75.51799840556689,64.29421587931193,52.12586445687014,52.53072397254523,13.97,87.0,-1.79
PRO,2016-03-29,11.100000381469727,11.75,11.039999961853027,11.640000343322754,46.945469184850154,76.48803967426846,64.71782325040542,52.48702733146726,52.769566662524944,13.96,98.0,-1.81
PRO,2016-03-30,11.729999542236328,12.140000343322754,11.5600004196167,11.619999885559082,44.948801470122085,76.50840186793212,64.65744113893253,52.328578924855485,52.739997334854515,13.94,96.0,-1.82
PRO,2016-03-31,11.65999984741211,11.890000343322754,11.430000305175781,11.789999961853027,39.47845992899586,76.49888581244464,64.69548838749087,52.37152427050101,52.68134816690453,13.9,97.0,-1.83
PRO,2016-04-01,11.670000076293945,11.8100004196167,11.3100004196167,11.729999542236328,37.421020229653394,76.5070266581084,64.63602765621653,52.36027442475917,52.67598837361731,13.86,93.0,-1.84
PRO,2016-04-04,11.770000457763672,11.829999923706055,11.539999961853027,11.8100004196167,37.42594169616967,76.48720567239752,63.09190355103238,52.326789350392936,52.652226108278555,13.85,68.0,-1.85
PRO,2016-04-05,11.680000305175781,11.8100004196167,11.5,11.510000228881836,37.11366599951597,76.21925789894763,63.07079385556372,52.386674366238935,52.70100362744223,13.82,67.0,-1.84
PRO,2016-04-06,11.539999961853027,11.699999809265137,11.300000190734863,11.649999618530273,37.103423077138395,76.12905049493598,62.992306504635785,52.40691246944343,52.71872669033776,13.79,66.0,-1.84
PRO,2016-04-07,11.539999961853027,11.539999961853027,10.970000267028809,11.039999961853027,40.40878010263537,76.66429452964375,63.44969130158762,52.74573288135143,52.808209455442935,13.76,68.0,-1.83
PRO,2016-04-08,11.199999809265137,11.319999694824219,10.800000190734863,10.9399995803833,40.36327492001692,76.65220703565966,63.45122458133575,52.74980257974282,52.73886626558829,13.72,68.0,-1.82
PRO,2016-04-11,11.010000228881836,11.180000305175781,10.760000228881836,10.779999732971191,39.82654268121431,76.5241758679231,63.46110090248631,52.75323101596378,52.74073138767953,13.68,69.0,-1.8
PRO,2016-04-12,10.75,10.890000343322754,10.609999656677246,10.739999771118164,39.83630283436657,76.36269213416226,63.3657174333204,52.73292506800941,52.73181418392814,13.63,65.0,-1.78
PRO,2016-04-13,10.779999732971191,11.699999809265137,10.710000038146973,11.670000076293945,46.143680404260685,64.38943151631653,64.94361957250963,53.721611991335735,53.41198355086616,13.58,100.0,-1.76
PRO,2016-04-14,11.59000015258789,11.59000015258789,10.970000267028809,11.010000228881836,46.98912330000217,60.183783658179294,65.31346935992931,53.99927749037266,53.634112718328666,13.53,100.0,-1.73
PRO,2016-04-15,10.979999542236328,11.369999885559082,10.899999618530273,11.1899995803833,46.42836181585081,60.28448116241375,65.35006139332833,54.05044022965675,53.62936393138563,13.48,100.0,-1.7
PRO,2016-04-18,11.069999694824219,11.329999923706055,10.90999984741211,11.239999771118164,45.6380791109929,60.30182588288041,65.01927180619627,54.03533588738503,51.234059298616465,13.41,98.0,-1.67
PRO,2016-04-19,11.1899995803833,11.380000114440918,10.979999542236328,11.010000228881836,45.906955675480646,60.40023849539965,65.04969093087982,53.98558486204011,51.24882656829174,13.34,98.0,-1.63
PRO,2016-04-20,11.029999732971191,11.119999885559082,10.899999618530273,10.920000076293945,44.114932873161585,60.39769682219245,64.76513817148953,53.95823499475389,51.25133095205939,13.26,95.0,-1.58
PRO,2016-04-21,10.949999809265137,11.319999694824219,10.880000114440918,10.989999771118164,44.19599543766642,59.99610789334927,64.50777771685033,53.971456369311355,51.25679694101798,13.18,84.0,-1.54
PRO,2016-04-22,10.869999885559082,11.449999809265137,10.869999885559082,11.420000076293945,45.328774579812155,60.099421609396806,64.57875614754627,54.139854098732265,51.40029054073224,13.1,84.0,-1.48
PRO,2016-04-25,11.350000381469727,11.460000038146973,11.229999542236328,11.319999694824219,45.32042972472664,59.81984012998135,64.5706555297696,54.10208282716685,51.4008456232932,13.0,83.0,-1.43
PRO,2016-04-26,11.319999694824219,11.4399995803833,11.180000305175781,11.350000381469727,45.24629644624909,59.68089078574975,64.52602218735652,54.00045272101545,51.40373158374968,12.89,82.0,-1.36
PRO,2016-04-27,11.369999885559082,11.699999809265137,11.350000381469727,11.619999885559082,43.28998437403783,59.608066826992165,64.68330362964362,53.998870766988794,51.46938376521898,12.78,89.0,-1.29
PRO,2016-04-28,11.550000190734863,11.9399995803833,11.5,11.869999885559082,43.65496788951109,58.529317085543674,64.6659938484861,54.02883642650487,51.525466830652334,12.66,88.0,-1.22
PRO,2016-04-29,11.819999694824219,11.890000343322754,11.489999771118164,11.760000228881836,43.55733974158038,58.55419744765441,64.65026622030544,54.029727397915885,51.33736804043001,12.53,86.0,-1.14
PRO,2016-05-02,11.869999885559082,11.869999885559082,11.579999923706055,11.84000015258789,43.50188432891633,58.564599237976225,64.61969158993446,54.04179625310708,51.02261012740455,12.4,81.0,-1.04
PRO,2016-05-03,11.710000038146973,11.899999618530273,11.1899995803833,11.550000190734863,44.16359785328016,53.449297241286274,64.53918385272354,53.902628847356816,51.042062553867275,12.25,78.0,-0.95
PRO,2016-05-04,12.25,13.890000343322754,11.789999961853027,13.0,55.64583981879673,52.425328360806375,67.54581526570429,55.75390788310413,52.38618034284116,12.13,100.0,-0.84
PRO,2016-05-05,13.0,13.100000381469727,12.3100004196167,12.489999771118164,57.060848440309144,53.0963256354264,67.75823181466899,55.92632178461887,52.517562356034,11.99,100.0,-0.73
PRO,2016-05-06,12.260000228881836,12.460000038146973,11.899999618530273,11.989999771118164,58.20816977655041,53.795800785174244,67.88003522669408,56.091721914699036,52.65938001347232,11.86,100.0,-0.6
PRO,2016-05-09,11.949999809265137,12.020000457763672,11.729999542236328,11.739999771118164,57.95431395715032,54.00956407003369,67.67982351571258,56.05561050892061,50.078484363005224,11.71,98.0,-0.47
PRO,2016-05-10,11.829999923706055,12.25,11.729999542236328,12.109999656677246,56.95294238201045,51.811979347684414,67.87041907340853,56.15157851810644,50.17340330536803,11.57,99.0,-0.32
PRO,2016-05-11,12.119999885559082,12.40999984741211,12.0,12.119999885559082,56.94591689164948,50.876290029207496,67.77197545837673,56.119927770987466,50.12095425138212,11.41,98.0,-0.16
PRO,2016-05-12,12.15999984741211,12.25,11.649999618530273,11.699999809265137,57.77164970769611,49.06443429980183,67.92738862396493,56.24819024530462,50.22514940667394,11.23,100.0,0.02
PRO,2016-05-13,11.699999809265137,11.890000343322754,11.600000381469727,11.670000076293945,57.75784068923756,48.28224753963166,67.90996528857306,56.20473522457742,49.66105417114146,11.05,99.0,0.22
PRO,2016-05-16,11.720000267028809,11.880000114440918,11.479999542236328,11.5600004196167,57.77973368679107,48.3155022839327,67.90668056147031,56.13032444008512,49.664918588424214,10.85,98.0,0.43
PRO,2016-05-17,11.510000228881836,11.739999771118164,11.220000267028809,11.25,57.8358829549894,48.23756896574184,67.96896248153904,56.034593634052584,49.528284615004104,10.63,100.0,0.67
PRO,2016-05-18,11.180000305175781,11.600000381469727,11.149999618530273,11.390000343322754,57.84130227087319,48.265013463498214,68.00355883354514,56.0585274192985,49.54746843101517,10.4,100.0,0.92
PRO,2016-05-19,11.34000015258789,11.40999984741211,10.899999618530273,10.989999771118164,56.62818610337234,48.789752307851025,68.1588641661215,56.10178252077815,49.66038776599675,10.15,100.0,1.21
PRO,2016-05-20,11.050000190734863,12.649999618530273,10.989999771118164,12.5,67.73797183330191,55.362984426072856,71.15849431357474,58.18418972038154,51.32679026595406,9.93,100.0,1.51
PRO,2016-05-23,12.5,12.59000015258789,12.319999694824219,12.369999885559082,67.64399890105804,55.1945229843454,71.10987487486923,58.17742000216845,51.33133230302377,9.68,99.0,1.84
PRO,2016-05-24,12.420000076293945,14.079999923706055,12.420000076293945,13.989999771118164,75.7827258479403,60.511555186867426,74.00995438005205,60.03198902017681,52.812522148088014,9.44,100.0,2.16
PRO,2016-05-25,14.100000381469727,14.3100004196167,13.779999732971191,14.170000076293945,72.46538198777176,60.379942559094765,74.04221864464358,59.96061829906867,52.81739953871617,9.17,100.0,2.5
PRO,2016-05-26,14.199999809265137,14.199999809265137,13.760000228881836,14.069999694824219,69.97141966259719,59.69383635019373,73.86220019928292,59.96269927900953,52.80444154232552,8.89,98.0,2.87
PRO,2016-05-27,13.930000305175781,14.289999961853027,13.8100004196167,14.0,70.02950717911519,59.47739228608842,73.85627566878189,59.96269227582194,52.75170982896403,8.58,97.0,3.25
PRO,2016-05-31,14.0,14.170000076293945,13.800000190734863,13.989999771118164,70.06486460219186,59.26170375785903,73.7531073430722,59.937030553950066,52.7471107034906,8.24,96.0,3.65
PRO,2016-06-01,13.979999542236328,14.34000015258789,13.920000076293945,14.210000038146973,69.59373541320589,59.3181418435191,73.53360064213985,59.97470112942626,52.60772051503587,7.88,95.0,4.05
PRO,2016-06-02,14.210000038146973,15.029999732971191,14.100000381469727,14.970000267028809,70.5241021985456,59.2913146865499,73.86452532379334,60.32206814427771,52.876447778125105,7.5,98.0,4.42
PRO,2016-06-03,15.119999885559082,15.289999961853027,14.6899995803833,15.140000343322754,70.51349531656102,59.295580118656545,73.89730806591717,60.343960326047686,52.8879964502022,7.08,98.0,4.66
PRO,2016-06-06,15.239999771118164,16.100000381469727,15.140000343322754,16.020000457763672,71.3228473563489,59.99637109291388,74.49055495920508,60.59736938396193,53.19772376388333,6.62,100.0,4.51
PRO,2016-06-07,16.0,16.31999969482422,15.800000190734863,16.18000030517578,71.07081266121392,60.00177254276843,74.36221266837416,60.610969068786204,53.20184117047021,6.1,99.0,3.51
PRO,2016-06-08,16.25,16.489999771118164,16.1200008392334,16.360000610351562,71.01736196229749,59.922224544814505,74.34157340409782,60.568975994010785,53.205218770161544,5.5,98.0,0.19
PRO,2016-06-09,16.18000030517578,16.639999389648438,16.010000228881836,16.530000686645508,70.93743898704528,58.804629036443735,65.13296160938378,60.58694723143642,53.212031974934504,5.33,73.0,0.21
PRO,2016-06-10,16.299999237060547,16.399999618530273,15.8100004196167,16.270000457763672,71.31917401214676,58.97611909528927,61.877136861790106,60.535722621163,53.14817796092147,5.23,19.0,0.31
PRO,2016-06-13,16.25,16.639999389648438,16.040000915527344,16.110000610351562,71.3331907809078,59.02812181714238,61.90006621942719,60.488497973405686,53.155384548770016,5.14,19.0,0.42
PRO,2016-06-14,15.9399995803833,16.34000015258789,15.850000381469727,16.030000686645508,71.46762390053892,59.06292379000197,61.9085174018049,60.46086408168389,53.148076509639886,5.03,19.0,0.53
PRO,2016-06-15,16.06999969482422,16.260000228881836,16.049999237060547,16.06999969482422,70.7436716280578,59.058139024596336,61.88905181754431,60.3705233280924,53.14524974313962,4.92,17.0,0.62
PRO,2016-06-16,15.920000076293945,16.010000228881836,15.529999732971191,15.880000114440918,63.2578164814587,59.083918629101476,61.903913407412404,60.35467626475403,53.156144770646875,4.8,18.0,0.72
PRO,2016-06-17,16.0,16.270000457763672,15.869999885559082,16.18000030517578,61.76344736277892,59.080048708575546,61.63243505399579,60.38208247184487,53.04515331998765,4.68,14.0,0.8
PRO,2016-06-20,16.239999771118164,16.969999313354492,16.239999771118164,16.690000534057617,60.254456650339435,59.210089819569426,61.44679653607279,60.48735838975645,53.12804404473024,4.56,13.0,0.87
PRO,2016-06-21,16.700000762939453,16.989999771118164,16.520000457763672,16.979999542236328,59.49939715419927,58.82435680572493,61.25573637511476,60.48717295109044,53.157564866862096,4.44,11.0,0.92
PRO,2016-06-22,17.040000915527344,17.049999237060547,16.6299991607666,16.65999984741211,59.89756138177228,58.423917843112264,61.30771892098691,60.43495495831384,53.18394135339457,4.31,11.0,0.95
PRO,2016-06-23,16.8700008392334,17.549999237060547,16.709999084472656,17.530000686645508,60.93453259341716,59.119071816153415,61.65874433366659,60.728414905296056,53.434174794857284,4.18,14.0,0.94
PRO,2016-06-24,16.649999618530273,16.649999618530273,15.930000305175781,16.190000534057617,65.14102117965501,61.68386230443817,62.254486639785135,61.42293807061861,54.00213069635834,4.06,20.0,0.95
PRO,2016-06-27,15.9399995803833,16.040000915527344,15.489999771118164,15.729999542236328,66.04835043411389,62.045014144097266,62.45022706845206,61.50425677531972,54.06392231915804,3.92,20.0,0.91
PRO,2016-06-28,16.09000015258789,16.34000015258789,15.670000076293945,15.770000457763672,65.83282886382669,62.04556061990317,62.43995634816555,61.35766770691464,54.00878677048399,3.78,19.0,0.78
PRO,2016-06-29,16.049999237060547,16.860000610351562,15.970000267028809,16.829999923706055,66.6851698267947,62.91969024343631,60.147829159773025,61.870000645677806,54.409968097007834,3.73,4.0,0.78
PRO,2016-06-30,16.84000015258789,17.450000762939453,16.6200008392334,17.43000030517578,66.97672725796114,63.184428531964755,56.82031617437385,61.98713568626113,54.49559566248369,3.79,1.0,0.8
PRO,2016-07-01,17.3799991607666,17.899999618530273,17.31999969482422,17.84000015258789,65.31687665945431,61.99525335055177,56.8106176793307,62.0345870175265,54.54492014777747,3.86,1.0,0.81
PRO,2016-07-05,17.649999618530273,17.690000534057617,17.110000610351562,17.450000762939453,56.79703921767538,62.205365099719565,56.910169053414215,61.95644120600171,54.58661563706061,3.91,3.0,0.81
PRO,2016-07-06,17.309999465942383,17.790000915527344,17.260000228881836,17.40999984741211,56.576511084522465,62.06514683520854,56.896512113419284,61.9562525968056,54.58594131961097,3.96,3.0,0.8
PRO,2016-07-07,17.40999984741211,17.770000457763672,16.81999969482422,17.059999465942383,46.31354627255304,62.29152685392319,55.728034597093135,61.96976494086675,54.60238131890192,4.06,1.0,0.79
PRO,2016-07-08,17.270000457763672,17.690000534057617,17.229999542236328,17.34000015258789,46.36506594397732,60.31416637028818,55.29322928848396,62.006450331781735,54.55577874537134,4.16,1.0,0.77
PRO,2016-07-11,17.459999084472656,17.93000030517578,17.3799991607666,17.84000015258789,46.5875458561522,58.93520633780314,54.24614029144902,62.097610355256435,54.63260801469472,4.3,1.0,0.76
PRO,2016-07-12,17.84000015258789,18.239999771118164,17.75,17.950000762939453,46.431122833107416,58.91169094777573,53.74009219332607,62.0059602789389,54.54439090194262,4.44,1.0,0.74
PRO,2016-07-13,18.079999923706055,18.229999542236328,17.459999084472656,17.540000915527344,47.254468523942656,59.24986671833465,53.922582689219425,62.05653454338594,54.58890587944105,4.57,2.0,0.67
PRO,2016-07-14,17.719999313354492,17.760000228881836,17.040000915527344,17.18000030517578,47.88511630349891,59.25114901782076,53.78832816308217,61.92156401302227,54.61253508372438,4.7,2.0,0.6
PRO,2016-07-15,17.280000686645508,17.350000381469727,16.760000228881836,17.270000457763672,45.87636817727142,59.1637493246591,53.75321884071755,61.85596105743313,54.591558780976776,4.83,2.0,0.51
PRO,2016-07-18,17.329999923706055,17.5,17.200000762939453,17.350000381469727,45.83460485580739,59.16645432851172,53.69132755674371,61.79269350791604,54.5853440305506,4.95,1.0,0.41
PRO,2016-07-19,17.389999389648438,17.469999313354492,17.190000534057617,17.209999084472656,43.22088053963164,58.900214783867625,53.71471986634732,61.775966971419194,54.5771469528052,5.06,2.0,0.32
PRO,2016-07-20,17.329999923706055,17.989999771118164,17.229999542236328,17.8700008392334,44.371276926137746,59.142007711884744,53.8561473662096,61.943511629591285,54.70994696876168,5.17,6.0,0.21
PRO,2016-07-21,17.760000228881836,17.950000762939453,17.3799991607666,17.540000915527344,44.753809605594384,59.37870476905894,53.977836098624735,61.901274805050136,54.73868320951553,5.27,8.0,0.11
PRO,2016-07-22,17.59000015258789,17.969999313354492,17.399999618530273,17.8799991607666,44.964917954762804,59.33485116571396,53.92853486260459,61.933127717623314,54.759471708307714,5.37,8.0,0.02
PRO,2016-07-25,17.8700008392334,18.25,17.799999237060547,18.209999084472656,44.8348238697558,59.30758578044878,53.514521741182996,61.96422106608112,54.78412126386969,5.47,1.0,-0.07
PRO,2016-07-26,18.25,18.549999237060547,18.18000030517578,18.360000610351562,44.66287234535811,59.20871961385556,53.37974795923379,61.91360842629202,54.790725397950546,5.58,1.0,-0.16
PRO,2016-07-27,18.399999618530273,18.549999237060547,18.1299991607666,18.43000030517578,44.575791406263505,59.21324064658802,53.256130679948996,60.89071137570501,54.726927052222706,5.68,1.0,-0.24
PRO,2016-07-28,18.440000534057617,18.65999984741211,18.40999984741211,18.530000686645508,44.57153733893934,58.83461080643044,53.244505336646775,60.80913198150125,54.72923332306387,5.77,1.0,-0.32
PRO,2016-07-29,18.530000686645508,18.719999313354492,18.219999313354492,18.579999923706055,44.29792853539576,54.15449417136027,52.61862576913181,60.69084522384524,54.720253702220504,5.88,1.0,-0.39
PRO,2016-08-01,18.829999923706055,19.200000762939453,18.790000915527344,18.920000076293945,44.28286528645798,53.35134714277117,52.65096350696476,60.72567639107219,54.704815028302065,5.98,2.0,-0.46
PRO,2016-08-02,18.850000381469727,18.950000762939453,18.700000762939453,18.829999923706055,43.680570987757605,52.476474732072774,52.49744789937311,60.7239221303566,54.67544809590629,6.07,1.0,-0.52
PRO,2016-08-03,17.8799991607666,18.149999618530273,16.25,17.809999465942383,46.76833868134261,53.74647234475211,53.366905345940005,61.07379068955409,54.95169818481014,6.15,6.0,-0.59
PRO,2016-08-04,17.770000457763672,18.610000610351562,17.469999313354492,18.530000686645508,47.60380349401442,53.939652848707,53.60927778377283,61.231362063547415,55.067816830938966,6.23,9.0,-0.65
PRO,2016-08-05,18.229999542236328,19.079999923706055,18.06999969482422,18.790000915527344,45.57035791114129,53.94153208975357,52.91484845750658,61.25555087181834,55.047499222734174,6.31,4.0,-0.7
PRO,2016-08-08,18.860000610351562,18.90999984741211,18.600000381469727,18.649999618530273,38.57503392280969,53.30153347144938,52.94948702525735,61.2004432666721,54.99203562099565,6.38,5.0,-0.75
PRO,2016-08-09,18.700000762939453,18.790000915527344,18.420000076293945,18.520000457763672,37.42753720105138,53.34591718832776,52.95054239988889,61.18703943507562,54.91291021473009,6.46,6.0,-0.8
PRO,2016-08-10,18.540000915527344,18.860000610351562,18.3799991607666,18.59000015258789,37.42093305408771,53.232803949394714,52.94319095330028,61.033058535590676,54.87041032235943,6.53,5.0,-0.85
PRO,2016-08-11,18.65999984741211,18.8799991607666,18.56999969482422,18.700000762939453,32.8914640609101,52.730473836913596,52.9393653156785,61.03855749002922,54.86768083365675,6.59,5.0,-0.89
PRO,2016-08-12,18.559999465942383,18.979999542236328,18.40999984741211,18.700000762939453,31.512616557412393,52.75233182647271,52.892830406205626,60.921192617569595,54.867659250714894,6.66,4.0,-0.93
PRO,2016-08-15,18.719999313354492,18.8799991607666,18.6200008392334,18.670000076293945,30.89712807065206,51.99421725717709,52.86746752118876,60.79963268019948,54.74661965065746,6.73,4.0,-0.96
PRO,2016-08-16,18.6200008392334,18.760000228881836,18.479999542236328,18.600000381469727,30.12633228605339,45.64574474955591,52.81520992508529,60.6521344753966,54.726837827012886,6.79,4.0,-1.0
PRO,2016-08-17,18.530000686645508,18.700000762939453,18.329999923706055,18.5,30.179139421078343,45.57656887351689,52.585036302469156,60.6538151263609,54.72621892060251,6.85,2.0,-1.03
PRO,2016-08-18,18.450000762939453,18.690000534057617,18.350000381469727,18.6200008392334,29.44621596869159,38.59068021991772,52.125714887874054,60.64432968700735,54.715027633240396,6.92,1.0,-1.05
PRO,2016-08-19,18.610000610351562,18.860000610351562,18.190000534057617,18.5,29.286749346157592,38.62145723203028,52.14602840215291,60.640926389594384,54.64962633860938,6.98,2.0,-1.07
PRO,2016-08-22,18.34000015258789,18.34000015258789,17.799999237060547,18.049999237060547,29.187925989006867,39.01045485358893,52.32736033252138,60.552823761191,54.67532576140582,7.04,3.0,-1.09
PRO,2016-08-23,18.219999313354492,18.979999542236328,18.219999313354492,18.899999618530273,32.021048592591946,39.890536443276346,52.72230421625025,60.81300610621141,54.84068433824781,7.09,8.0,-1.11
PRO,2016-08-24,18.90999984741211,18.989999771118164,18.610000610351562,18.719999313354492,31.342250426931844,39.98589769683076,52.770282004008976,60.75249313065687,54.8483126656472,7.14,9.0,-1.13
PRO,2016-08-25,18.6299991607666,19.190000534057617,18.610000610351562,19.0,30.773840562663104,39.97751002575025,52.569251616614466,60.73116393495598,54.84655036953199,7.19,5.0,-1.15
PRO,2016-08-26,19.25,19.31999969482422,18.780000686645508,19.040000915527344,30.770670077381922,38.747152449910345,52.55893019334922,60.73217663900857,54.801878067321255,7.25,5.0,-1.16
PRO,2016-08-29,19.020000457763672,19.790000915527344,18.989999771118164,19.350000381469727,30.99584140213126,38.79891814550616,51.737047433705555,60.758716561158366,54.725859841018895,7.3,1.0,-1.17
PRO,2016-08-30,19.420000076293945,19.850000381469727,19.420000076293945,19.739999771118164,31.13882595972518,37.38772361439179,51.7323401831087,60.71481656720788,54.76185448865479,7.36,1.0,-1.19
PRO,2016-08-31,19.68000030517578,19.799999237060547,19.420000076293945,19.68000030517578,29.57860638523767,37.38661194888166,51.64686303198987,60.51579639355316,54.68305920262752,7.41,1.0,-1.19
PRO,2016-09-01,19.6299991607666,19.790000915527344,19.3799991607666,19.6299991607666,28.905361720515703,37.36936232404507,51.64156726464899,60.49422565371081,54.64422167756949,7.47,1.0,-1.2
PRO,2016-09-02,19.84000015258789,20.0,19.610000610351562,20.0,28.88135699897442,37.477808126434944,50.188486379798256,60.498272411280496,54.6722495911931,7.53,1.0,-1.19
PRO,2016-09-06,20.0,20.450000762939453,19.950000762939453,20.34000015258789,28.821614601919865,37.36778569481695,49.17134176145155,60.53187420297439,54.679488192036054,7.6,1.0,-1.18
PRO,2016-09-07,20.209999084472656,21.139999389648438,20.209999084472656,21.09000015258789,30.30761888572981,37.842001771059934,49.37764928483946,60.656308110268654,54.73627436392911,7.66,2.0,-1.17
PRO,2016-09-08,20.969999313354492,21.280000686645508,20.969999313354492,21.100000381469727,30.330777716390685,37.80021298180294,49.38555969227863,60.656245455310795,54.7351529461338,7.73,3.0,-1.15
PRO,2016-09-09,20.8700008392334,21.049999237060547,19.959999084472656,19.979999542236328,34.820759108538404,39.69442368131653,50.14319886214697,60.99378302211308,55.003014114810476,7.77,4.0,-1.14
PRO,2016-09-12,19.889999389648438,20.329999923706055,19.549999237060547,20.299999237060547,35.036116059844765,39.63867717050029,50.1158000525652,61.01893604778569,55.012925795120026,7.82,4.0,-1.13
PRO,2016-09-13,20.18000030517578,20.270000457763672,19.43000030517578,19.799999237060547,35.63310236905839,39.959157504315954,50.358958073992866,61.08352212658672,55.066738197784545,7.86,7.0,-1.11
PRO,2016-09-14,19.850000381469727,20.209999084472656,19.639999389648438,19.959999084472656,35.630321439462556,39.55498059845567,50.090256181370066,60.928042374065704,55.07288370391487,7.91,4.0,-1.1
PRO,2016-09-15,20.030000686645508,20.360000610351562,19.690000534057617,20.25,31.30777379341825,39.516033786421374,50.05620216187347,60.93939958958517,55.09315337263554,7.95,4.0,-1.08
PRO,2016-09-16,20.229999542236328,20.329999923706055,19.979999542236328,20.290000915527344,29.46075685301463,39.251032312474855,50.05740136806551,60.93929169128023,54.98778642675893,7.98,5.0,-1.06
PRO,2016-09-19,20.329999923706055,20.700000762939453,20.229999542236328,20.56999969482422,29.45348430015468,38.04535367027139,49.993306535952804,60.93503404027547,55.00514044509168,8.02,4.0,-1.03
PRO,2016-09-20,20.65999984741211,20.65999984741211,20.15999984741211,20.40999984741211,29.463855812711596,34.0584805980907,49.975922378058385,60.78627369296063,54.96699722292725,8.05,4.0,-1.0
PRO,2016-09-21,20.59000015258789,21.190000534057617,20.59000015258789,21.100000381469727,30.56486769924312,33.889468580207684,50.11307702797767,60.905104475613335,55.071961432680595,8.08,9.0,-0.97
PRO,2016-09-22,21.25,22.299999237060547,21.25,22.149999618530273,33.140103217637254,35.045731727546965,50.56980916633837,61.07976133014961,55.225416482568214,8.1,14.0,-0.94
PRO,2016-09-23,22.049999237060547,22.3700008392334,21.93000030517578,22.059999465942383,33.2643268371042,32.835789892093786,50.35231659826627,60.84944555437658,55.176789676667795,8.12,13.0,-0.9
PRO,2016-09-26,21.780000686645508,22.030000686645508,21.739999771118164,21.899999618530273,33.435532480743056,32.29654736667067,47.096000850164906,60.69407811947515,55.15344388476038,8.15,1.0,-0.83
PRO,2016-09-27,21.959999084472656,22.450000762939453,21.959999084472656,22.389999389648438,33.71807905728632,32.268488531117576,46.60732100167383,60.74734874496364,55.11635013570702,8.18,1.0,-0.76
PRO,2016-09-28,22.459999084472656,22.81999969482422,22.420000076293945,22.790000915527344,33.749112342970946,31.933934345320857,46.037605932629575,60.778837562316134,55.117317958702515,8.21,1.0,-0.68
PRO,2016-09-29,22.799999237060547,22.93000030517578,22.25,22.43000030517578,34.21376281373014,32.17806062341562,45.96653947234454,60.68915637329246,55.128236811315205,8.23,1.0,-0.6
PRO,2016-09-30,22.579999923706055,22.75,22.190000534057617,22.610000610351562,34.216799559124645,31.776756776712645,45.79844626324672,60.67142573406865,55.12260002803574,8.25,1.0,-0.52
PRO,2016-10-03,22.530000686645508,22.729999542236328,22.219999313354492,22.6200008392334,34.04799419617952,31.695793065172378,45.79964076404101,54.37351541024559,55.095470829169045,8.27,2.0,-0.43
PRO,2016-10-04,22.639999389648438,22.860000610351562,22.34000015258789,22.559999465942383,32.86636929316766,31.328658122042174,45.33756647965145,52.14976524330987,55.03607673619973,8.28,1.0,-0.34
PRO,2016-10-05,22.610000610351562,22.639999389648438,22.309999465942383,22.530000686645508,30.83877942006242,31.34335266436599,45.331649318330136,52.15012012637976,55.01782445084763,8.29,1.0,-0.24
PRO,2016-10-06,22.530000686645508,22.690000534057617,22.139999389648438,22.309999465942383,30.84943491661677,30.97237612298543,45.33476599771097,52.170426599292966,55.025737347519524,8.29,2.0,-0.14
PRO,2016-10-07,22.170000076293945,22.530000686645508,21.920000076293945,22.280000686645508,30.795920778204668,30.562838517506187,45.02955151946567,52.15680819218613,55.02552569233998,8.29,1.0,-0.03
PRO,2016-10-10,22.43000030517578,22.8799991607666,22.399999618530273,22.600000381469727,30.887405519274658,30.630131036395262,45.03647519950482,52.15581076356316,54.93908754383696,8.28,2.0,0.09
PRO,2016-10-11,22.600000381469727,22.600000381469727,21.719999313354492,21.81999969482422,32.89167658506189,31.68720178134426,45.02148289721884,52.12516707105366,55.04315545904417,8.27,1.0,0.22
PRO,2016-10-12,21.770000457763672,21.770000457763672,21.280000686645508,21.489999771118164,32.99011100868836,31.83531665521391,40.693221548733305,51.93510907517589,55.02804826823642,8.26,1.0,0.37
PRO,2016-10-13,21.239999771118164,21.239999771118164,20.559999465942383,20.760000228881836,34.69812042317289,31.986386533694443,41.110338552189646,51.976552541128626,55.11290313372754,8.23,2.0,0.53
PRO,2016-10-14,20.8700008392334,21.18000030517578,20.65999984741211,21.110000610351562,34.93780016222798,31.808682732889142,36.562229073839745,51.96778091202863,55.04586379630781,8.23,1.0,0.7
PRO,2016-10-17,21.059999465942383,21.440000534057617,21.010000228881836,21.3799991607666,34.73893414715581,31.695893464752718,36.56177643169279,51.90032916277835,55.0617674519858,8.2,1.0,0.85
PRO,2016-10-18,21.5,22.270000457763672,21.329999923706055,22.040000915527344,35.449347804498565,32.041179680080695,36.75334630845364,51.46474789518779,55.12367699575942,8.15,3.0,0.97
PRO,2016-10-19,22.079999923706055,22.600000381469727,21.90999984741211,22.40999984741211,34.27529166371722,32.14428646059949,36.771833179833564,51.48032799006285,55.14876289851043,8.09,4.0,1.06
PRO,2016-10-20,22.229999542236328,22.469999313354492,21.93000030517578,22.360000610351562,34.294906863281916,32.16422878173099,36.77832158286312,51.47662115568284,55.137479429124724,8.02,5.0,1.13
PRO,2016-10-21,22.280000686645508,22.280000686645508,21.610000610351562,22.010000228881836,30.362743901266214,32.3948995086554,36.8785064156842,49.46731763503085,55.08723465294094,7.93,6.0,1.17
PRO,2016-10-24,22.239999771118164,22.670000076293945,22.100000381469727,22.350000381469727,30.342886976816697,32.49533405704341,36.121362109740666,47.16746804997562,55.107092255628956,7.82,1.0,1.16
PRO,2016-10-25,22.31999969482422,22.350000381469727,21.899999618530273,22.149999618530273,29.394561492745762,32.43397575653364,36.16071158904542,47.1379215982049,54.98371983358425,7.7,2.0,1.08
PRO,2016-10-26,22.059999465942383,22.350000381469727,21.809999465942383,22.15999984741211,29.380230855484253,32.40076677660155,35.16260257590416,47.095261687815174,54.91906279744868,7.56,1.0,0.89
PRO,2016-10-27,22.219999313354492,22.43000030517578,21.459999084472656,21.940000534057617,29.441873119721368,30.157987206301733,35.20819732158503,47.11247316010839,54.87926940897242,7.39,2.0,0.57
PRO,2016-10-28,21.950000762939453,22.469999313354492,21.510000228881836,21.610000610351562,29.89227477540291,29.434008835199037,35.302094382647496,46.26011892225262,54.87825074766184,7.2,3.0,0.06
PRO,2016-10-31,21.549999237060547,22.030000686645508,21.079999923706055,21.920000076293945,29.910816915247533,29.43918334529883,35.32880351387498,45.954084872453905,54.888092589155626,7.24,4.0,-0.01
PRO,2016-11-01,21.959999084472656,22.25,21.700000762939453,21.799999237060547,29.85142164102094,29.412999291734053,35.227502947260774,45.16486229432652,54.83649782442785,7.31,3.0,-0.08
PRO,2016-11-02,24.649999618530273,25.6299991607666,22.520000457763672,23.690000534057617,37.00662637338074,33.65234737370426,37.39509519525148,45.81439293583422,55.45931802849591,7.34,14.0,-0.16
PRO,2016-11-03,23.40999984741211,23.40999984741211,22.739999771118164,22.799999237060547,36.446780986248385,34.756107696937875,37.965040166793344,46.08923897300336,55.58106353193655,7.35,15.0,-0.23
PRO,2016-11-04,22.93000030517578,23.34000015258789,22.59000015258789,22.850000381469727,36.41677543289628,34.75303616881116,37.965278733332866,45.910077783687356,55.52663209563702,7.35,16.0,-0.31
PRO,2016-11-07,23.309999465942383,24.049999237060547,23.110000610351562,23.809999465942383,38.10624449155291,35.59726133141473,38.34907174075737,46.096556068442155,54.843789333751126,7.34,17.0,-0.38
PRO,2016-11-08,23.690000534057617,23.8700008392334,23.329999923706055,23.700000762939453,37.713251439442544,35.62309148179894,38.30086809007965,46.07127851011005,54.77123436128058,7.32,17.0,-0.45
PRO,2016-11-09,23.3700008392334,24.59000015258789,23.209999084472656,24.229999542236328,37.895094388368676,35.77750602112214,38.16548941440108,46.107197523260766,54.712083523143974,7.3,17.0,-0.52
PRO,2016-11-10,24.399999618530273,24.670000076293945,23.469999313354492,24.229999542236328,37.51828447835287,35.731476938507726,38.10832812620134,46.034558159052416,54.70584047126725,7.28,17.0,-0.59
PRO,2016-11-11,24.959999084472656,25.459999084472656,24.68000030517578,25.299999237060547,39.30640766759625,36.600999259001995,38.44881856865214,46.258569443576675,54.86689227468708,7.25,21.0,-0.66
PRO,2016-11-14,25.5,25.5,24.549999237060547,25.040000915527344,39.50857760536241,36.66171230922837,37.77752414200204,46.22744642072407,54.87752430188731,7.21,15.0,-0.74
PRO,2016-11-15,24.850000381469727,25.540000915527344,24.760000228881836,25.25,39.49105173410831,36.141028899867905,35.355917613457706,45.93188406251014,54.86315019891239,7.19,6.0,-0.83
PRO,2016-11-16,25.139999389648438,25.639999389648438,25.030000686645508,25.549999237060547,39.52765275432288,35.17391875033306,34.96897491053147,45.851249878182784,54.873635014877124,7.16,1.0,-0.94
PRO,2016-11-17,25.530000686645508,25.65999984741211,25.1200008392334,25.290000915527344,39.540623787214315,35.18584942742786,35.0491002499509,45.80301400883188,54.842244489101475,7.13,2.0,-1.07
PRO,2016-11-18,25.350000381469727,25.360000610351562,25.049999237060547,25.25,39.54356592277228,35.15082885071334,33.699739267959124,45.79986600880178,54.83163108454344,7.15,1.0,-1.14
PRO,2016-11-21,25.360000610351562,25.40999984741211,25.049999237060547,25.280000686645508,39.43509535080263,35.15426320791072,33.334229170019576,45.40147561454444,54.71701138194125,7.22,1.0,-1.19
PRO,2016-11-22,25.389999389648438,25.43000030517578,25.100000381469727,25.270000457763672,37.708153017042605,35.08804720909631,33.19259502849643,45.39773750545659,54.716776966885384,7.28,1.0,-1.23
PRO,2016-11-23,25.0,25.200000762939453,24.649999618530273,25.059999465942383,37.44029100452168,35.033167283987616,32.99390804538771,45.31409701594549,54.63886355051797,7.34,1.0,-1.28
PRO,2016-11-25,25.059999465942383,25.15999984741211,24.950000762939453,25.0,35.59293754868236,35.02787930283748,32.99437814662489,45.31908414769881,54.55170796457256,7.4,2.0,-1.32
PRO,2016-11-28,24.969999313354492,25.15999984741211,24.040000915527344,24.079999923706055,37.6109430473324,36.024401584414264,33.42163775369284,45.55530162523597,54.57356475390891,7.45,5.0,-1.37
PRO,2016-11-29,24.190000534057617,24.290000915527344,23.3700008392334,23.829999923706055,37.7638780344076,35.99140222507485,33.42959872742578,45.13930062601738,54.583265573346665,7.5,6.0,-1.41
PRO,2016-11-30,24.06999969482422,24.260000228881836,23.860000610351562,23.889999389648438,36.90002404521277,35.874021005754415,33.18361467723603,45.13800625919313,54.573465382359245,7.56,3.0,-1.45
PRO,2016-12-01,23.989999771118164,24.360000610351562,22.3700008392334,22.549999237060547,40.56828655837402,37.26258737807474,34.546579316105294,45.70398681067033,54.87296190000946,7.6,9.0,-1.49
PRO,2016-12-02,22.389999389648438,22.530000686645508,21.899999618530273,22.020000457763672,41.15749831423112,37.61043235784117,34.559422693224,45.81368378407489,54.796901331727696,7.63,10.0,-1.53
PRO,2016-12-05,22.25,22.260000228881836,21.760000228881836,21.889999389648438,40.938377463833156,35.8377988114635,34.38789416576885,45.826627935378866,54.79917797669829,7.66,9.0,-1.57
PRO,2016-12-06,21.889999389648438,23.079999923706055,21.59000015258789,22.809999465942383,42.44638845290938,36.636265182544,34.931544477105945,46.01263146630555,54.8973337764696,7.68,12.0,-1.6
PRO,2016-12-07,22.760000228881836,23.030000686645508,22.5,22.940000534057617,42.368928798158976,36.211609896970224,34.933373636363605,45.994153023954006,54.86406715270827,7.69,13.0,-1.63
PRO,2016-12-08,23.0,23.3799991607666,22.670000076293945,23.040000915527344,42.37826178474025,36.19513105607442,34.89042012238704,45.94336870968473,54.86523132100376,7.7,12.0,-1.65
PRO,2016-12-09,23.049999237060547,23.31999969482422,22.940000534057617,22.989999771118164,42.258012476010286,36.11920474633828,34.451716662456114,45.79643351473198,54.857295418751306,7.71,10.0,-1.67
PRO,2016-12-12,22.93000030517578,23.030000686645508,21.899999618530273,22.6299991607666,42.27996890885741,36.30501171562684,34.41002079677861,45.550340440666474,54.8002657779721,7.72,10.0,-1.69
PRO,2016-12-13,22.65999984741211,23.0,22.270000457763672,22.8700008392334,42.19698412468765,36.26662074915696,34.3307887399036,45.552946929329615,54.64670513195728,7.72,9.0,-1.7
PRO,2016-12-14,22.780000686645508,23.09000015258789,22.5,22.709999084472656,42.22107982337214,36.25809315610656,34.268829948420326,45.55261527500354,54.63592923151474,7.72,9.0,-1.72
PRO,2016-12-15,22.860000610351562,23.299999237060547,22.579999923706055,22.729999542236328,34.37845314007667,35.66009200133095,34.25593439868448,45.54194695466695,54.60713402431849,7.71,9.0,-1.72
PRO,2016-12-16,22.829999923706055,22.829999923706055,21.959999084472656,22.149999618530273,33.39238786556045,34.6898368037792,34.54137656324423,45.67405536291665,54.66619734842377,7.71,15.0,-1.73
PRO,2016-12-19,22.309999465942383,22.5,21.889999389648438,22.3799991607666,33.54220392428894,34.74315753413916,34.563146399576254,45.54834773380656,54.64978263149162,7.69,18.0,-1.73
PRO,2016-12-20,22.600000381469727,22.790000915527344,22.270000457763672,22.579999923706055,31.27113288358671,34.75178578760496,34.5808509296097,45.541628290964034,54.65680050296432,7.68,19.0,-1.73
PRO,2016-12-21,22.43000030517578,22.559999465942383,21.829999923706055,22.079999923706055,31.831122920186694,34.76660608565582,34.69629465601797,45.13372078338283,54.70223815709843,7.67,20.0,-1.72
PRO,2016-12-22,22.020000457763672,22.020000457763672,21.040000915527344,21.190000534057617,32.867468224312105,35.55264405108631,35.33928694480864,45.421490260042674,54.852103632702,7.64,31.0,-1.71
PRO,2016-12-23,21.1200008392334,21.579999923706055,21.1200008392334,21.270000457763672,32.93007447744,35.4335021979578,34.143882887855305,45.36866425767306,54.85018681268294,7.61,9.0,-1.7
PRO,2016-12-27,21.299999237060547,21.84000015258789,21.18000030517578,21.510000228881836,30.099011736238126,35.47418968191419,33.63617666279596,45.36835989086709,54.73512747970985,7.58,8.0,-1.69
PRO,2016-12-28,21.549999237060547,21.549999237060547,20.989999771118164,21.06999969482422,30.393550135259783,35.70487637574768,33.75863711587826,44.47060830655285,54.761677825633996,7.55,10.0,-1.67
PRO,2016-12-29,21.170000076293945,21.520000457763672,21.059999465942383,21.510000228881836,31.091839404481615,35.982653948518625,33.87111179269143,43.910777324785464,54.80167303541429,7.52,11.0,-1.65
PRO,2016-12-30,21.510000228881836,21.75,21.139999389648438,21.520000457763672,30.71951995813625,35.98339233603937,33.844590185414205,43.88721822789614,54.7781127676377,7.48,11.0,-1.63
PRO,2017-01-03,21.65999984741211,21.989999771118164,21.1200008392334,21.559999465942383,30.765116271439197,35.937502999437335,33.84268402844715,43.8876089646023,54.65326453755643,7.44,11.0,-1.6
PRO,2017-01-04,21.75,22.049999237060547,21.549999237060547,22.010000228881836,31.661983339891886,36.19916213345165,33.972551357361176,43.837963605342914,54.682799360802626,7.38,14.0,-1.58
PRO,2017-01-05,22.030000686645508,22.299999237060547,21.719999313354492,21.850000381469727,31.623199149085423,36.100720473705294,34.00119121261845,43.834565123838004,54.609726270055795,7.33,15.0,-1.55
PRO,2017-01-06,21.860000610351562,22.110000610351562,21.559999465942383,21.700000762939453,31.599523208437503,35.403215998712625,34.02403393460345,43.851901135944274,54.43011754818268,7.27,16.0,-1.51
PRO,2017-01-09,21.75,21.90999984741211,21.309999465942383,21.459999084472656,31.634704311690026,35.33796532926726,34.07307287691134,43.69289256283486,54.31421655053561,7.2,17.0,-1.47
PRO,2017-01-10,21.510000228881836,21.719999313354492,21.350000381469727,21.59000015258789,31.793053490707223,34.6153645543016,34.06313950946262,43.66935208906199,54.31712977886015,7.13,17.0,-1.43
PRO,2017-01-11,21.520000457763672,21.93000030517578,21.520000457763672,21.700000762939453,30.361180097898487,34.46651857277008,34.05875954549106,43.66956455847768,54.31806998023612,7.07,17.0,-1.38
PRO,2017-01-12,21.649999618530273,21.649999618530273,20.889999389648438,21.5,30.339618539318252,34.42706362288177,34.078337711068855,43.631349818554156,54.23168852652998,7.0,20.0,-1.33
PRO,2017-01-13,21.600000381469727,22.010000228881836,21.459999084472656,21.700000762939453,30.5169073671581,33.90065020667123,33.84073418375518,43.585192288935595,54.21888616170749,6.92,11.0,-1.27
PRO,2017-01-17,21.530000686645508,21.530000686645508,20.6200008392334,20.860000610351562,28.042140129187963,34.648242672180004,33.72126170862689,43.85392230998262,49.420206047886566,6.83,10.0,-1.22
PRO,2017-01-18,20.93000030517578,21.059999465942383,20.34000015258789,21.010000228881836,27.438299044285696,34.68971840033358,33.692541845341026,43.854390835858034,47.70863146998022,6.73,9.0,-1.16
PRO,2017-01-19,20.899999618530273,21.290000915527344,20.489999771118164,20.559999465942383,28.027715932520998,34.816978176635246,33.81293056484078,43.827691520722105,47.763334327705195,6.63,13.0,-1.1
PRO,2017-01-20,20.6200008392334,21.25,20.469999313354492,21.020000457763672,25.939389740562905,34.981760191342886,33.981728255688026,41.698987316517346,47.8069938534828,6.52,19.0,-1.05
PRO,2017-01-23,20.940000534057617,21.190000534057617,20.510000228881836,20.8799991607666,25.8385104994488,34.962516048818095,33.915667175690764,41.4040161451092,47.80428774744816,6.42,18.0,-0.97
PRO,2017-01-24,20.940000534057617,21.899999618530273,20.770000457763672,21.760000228881836,28.814089406087902,36.01948305674328,34.38857288134937,41.323790441268244,47.95547142558873,6.31,32.0,-0.89
PRO,2017-01-25,22.06999969482422,22.329999923706055,21.8700008392334,22.290000915527344,29.78016661799424,36.303500356167476,34.57668981228462,41.293953183358084,47.838245390171394,6.2,39.0,-0.8
PRO,2017-01-26,22.1200008392334,22.260000228881836,21.540000915527344,22.190000534057617,29.472393989275314,36.175633521718815,34.58352496462205,41.17504415471876,47.6669061981864,6.07,41.0,-0.71
PRO,2017-01-27,22.290000915527344,22.3799991607666,21.899999618530273,22.350000381469727,29.377215278384178,36.08942901421662,34.483933559133995,41.1763983572837,47.55715047771862,5.97,35.0,-0.6
PRO,2017-01-30,22.350000381469727,22.360000610351562,21.81999969482422,22.139999389648438,29.43030095926374,36.125676366036465,34.430920352436445,40.947708139207414,47.5431554263993,5.89,34.0,-0.46
PRO,2017-01-31,21.950000762939453,22.420000076293945,21.790000915527344,22.3799991607666,29.620107715169613,31.821988990424018,34.00008877657027,40.9501258415996,47.48468743991435,5.8,21.0,-0.31
PRO,2017-02-01,22.59000015258789,22.739999771118164,21.780000686645508,21.889999389648438,29.36278203814916,31.177951505682028,34.19105714324322,41.03446424705864,47.14133332546539,5.7,29.0,-0.14
PRO,2017-02-02,21.860000610351562,22.059999465942383,21.670000076293945,21.719999313354492,29.25731182875334,31.20586085635421,33.06695757281945,40.89394785865756,47.14775691166826,5.59,3.0,0.02
PRO,2017-02-03,22.030000686645508,22.450000762939453,21.940000534057617,22.399999618530273,30.563092999834375,30.67953479340319,33.32410258645348,41.00749064863646,47.22847020793728,5.47,6.0,0.2
PRO,2017-02-06,22.260000228881836,22.450000762939453,21.969999313354492,22.260000228881836,29.898855731685554,30.689616613050934,33.08535254668298,40.75521988774184,45.66665697710605,5.33,4.0,0.39
PRO,2017-02-07,22.25,22.760000228881836,22.139999389648438,22.479999542236328,27.30070857301388,30.39553040401792,33.096017598783654,37.96089079959164,43.92452983667405,5.2,5.0,0.59
PRO,2017-02-08,23.059999465942383,23.510000228881836,21.100000381469727,23.1299991607666,28.362962409674786,31.00089808001232,33.31410049256582,38.04252604499673,43.94564567662072,5.05,8.0,0.81
PRO,2017-02-09,23.100000381469727,24.31999969482422,23.100000381469727,24.170000076293945,30.701636148945887,31.047861839903135,33.99523916856177,35.61591020804238,44.10079086758373,4.89,26.0,1.04
PRO,2017-02-10,24.0,24.049999237060547,23.270000457763672,23.780000686645508,30.42102422214379,31.149693889112783,34.0598321555866,35.6698233722533,44.13693328660666,4.72,31.0,1.29
PRO,2017-02-13,23.84000015258789,23.84000015258789,23.020000457763672,23.040000915527344,31.684251375827365,31.716482697769905,34.43213642701326,35.883690615263795,43.568944124367505,4.54,44.0,1.54
PRO,2017-02-14,23.0,23.459999084472656,22.75,23.290000915527344,31.773796303850656,31.698864406782455,34.08307067410235,35.88442486421556,43.32223157254448,4.34,35.0,1.75
PRO,2017-02-15,22.84000015258789,23.56999969482422,22.84000015258789,23.09000015258789,31.94087038706294,31.681797314441894,33.24991740303091,35.907614498022724,42.7174353106184,4.11,8.0,1.8
PRO,2017-02-16,23.190000534057617,23.229999542236328,22.68000030517578,22.860000610351562,31.64338401421914,31.7295949277846,33.283671205693395,35.9067747884419,42.50296365964575,3.88,9.0,1.66
PRO,2017-02-17,22.90999984741211,23.229999542236328,22.690000534057617,22.989999771118164,31.56167126953638,31.760050524439393,33.27153339788394,35.423387061699884,42.50248230186881,3.73,9.0,1.97
PRO,2017-02-21,22.899999618530273,23.760000228881836,22.6200008392334,23.739999771118164,32.644674495373366,32.50156941880982,33.473742006205306,35.58228534395915,42.472279082135714,3.58,16.0,2.34
PRO,2017-02-22,23.5,24.049999237060547,23.40999984741211,24.010000228881836,32.44853624351921,32.562445909076736,33.405774805777796,35.01402495597692,42.4667467575438,3.44,14.0,2.79
PRO,2017-02-23,24.149999618530273,24.530000686645508,23.780000686645508,24.020000457763672,32.45487459863103,32.561337220123406,33.30157762492395,35.00270772201855,42.44274599331126,3.29,11.0,3.29
PRO,2017-02-24,23.690000534057617,24.350000381469727,23.489999771118164,24.239999771118164,32.49242155174828,31.699420409909585,33.30833600226391,34.996522987157896,42.43520524958785,3.14,12.0,3.86
PRO,2017-02-27,24.170000076293945,24.260000228881836,23.920000076293945,23.969999313354492,32.56446010228459,31.710674251281333,33.361835240346004,35.018664059236784,42.39398947099133,2.97,16.0,4.47
PRO,2017-02-28,23.790000915527344,24.0,23.209999084472656,23.229999542236328,34.04782800465,32.35372332974468,33.74167555750584,35.17804230056477,42.53196003028476,2.8,25.0,5.23
PRO,2017-03-01,23.6200008392334,23.940000534057617,23.389999389648438,23.420000076293945,31.689408538395774,30.11333890787773,33.76359841432945,35.157134417700846,42.47684209220751,2.62,27.0,6.05
PRO,2017-03-02,23.399999618530273,23.399999618530273,23.0,23.010000228881836,32.27578068664999,29.926886728868467,33.846840448602066,35.224938534856385,42.278653022670284,2.41,32.0,6.83
PRO,2017-03-03,22.81999969482422,23.139999389648438,22.700000762939453,22.799999237060547,31.64283707008125,29.96509912768788,33.87934010568282,35.24969431877684,42.21610684650086,2.2,34.0,7.53
PRO,2017-03-06,22.610000610351562,22.760000228881836,22.030000686645508,22.719999313354492,31.19703580260311,28.76130190920197,33.80940777192362,35.21731699220249,42.149907629748704,1.95,28.0,7.24
PRO,2017-03-07,22.59000015258789,22.969999313354492,22.510000228881836,22.540000915527344,31.232037258822654,28.780654327498468,33.36201493977513,35.18035772331647,42.158889451922036,1.67,17.0,2.62
PRO,2017-03-08,22.610000610351562,22.709999084472656,22.100000381469727,22.15999984741211,29.469714556415394,28.96560500625376,33.38412268237604,35.07818855327882,41.91439429376866,1.56,18.0,2.47
PRO,2017-03-09,22.09000015258789,22.200000762939453,21.700000762939453,21.780000686645508,29.043895208619347,29.164733172396872,33.03584825931325,35.0991614442354,41.9580754588511,1.43,3.0,0.88
PRO,2017-03-10,22.1200008392334,22.8799991607666,22.09000015258789,22.6200008392334,31.092048824810487,30.053090187901116,33.46752004699752,35.27815646473115,42.034209839079814,1.42,23.0,1.07
PRO,2017-03-13,22.56999969482422,22.780000686645508,22.190000534057617,22.5,31.074524627234666,29.99089648028678,33.42506680045415,34.79814044274718,42.03863349217396,1.41,22.0,1.28
PRO,2017-03-14,22.40999984741211,22.600000381469727,21.979999542236328,22.31999969482422,31.03913015891869,30.00133262262839,33.105458825173315,33.46050707854363,42.032202623026706,1.39,7.0,1.51
PRO,2017-03-15,22.459999084472656,22.829999923706055,22.299999237060547,22.790000915527344,31.468978848857134,30.311768466671584,33.165322919719394,33.336694130033635,41.74288623476383,1.38,8.0,1.78
PRO,2017-03-16,22.790000915527344,23.399999618530273,22.790000915527344,23.260000228881836,31.21218759223998,30.105936110028182,33.31807606355152,33.40732293085526,41.77915769739051,1.37,17.0,2.09
PRO,2017-03-17,23.290000915527344,23.850000381469727,22.969999313354492,23.670000076293945,31.380141801287674,30.237666348231784,33.32537558241254,32.6111078199365,41.78046134291266,1.35,19.0,2.44
PRO,2017-03-20,23.579999923706055,23.75,23.31999969482422,23.520000457763672,30.334135267491934,30.22769036853289,33.26125161886334,32.38598479045969,41.783676625493484,1.34,12.0,2.68
PRO,2017-03-21,23.540000915527344,23.540000915527344,22.559999465942383,22.559999465942383,32.77233895921633,31.101864080850643,33.89743404798045,32.68644496802043,42.0203246733221,1.33,46.0,2.97
PRO,2017-03-22,22.600000381469727,22.959999084472656,22.040000915527344,22.299999237060547,32.82726949615386,29.987312296056874,33.948883310436806,32.6040283042183,42.026226675918245,1.33,48.0,3.08
PRO,2017-03-23,22.34000015258789,22.850000381469727,22.260000228881836,22.690000534057617,32.1288864856743,30.17207183385825,34.02009323666042,32.655735337265924,42.03981594821952,1.33,54.0,3.2
PRO,2017-03-24,22.790000915527344,22.809999465942383,22.309999465942383,22.469999313354492,29.293073144533793,30.176935271960232,33.96817106241009,32.580375063808184,42.01344008929272,1.32,49.0,3.34
PRO,2017-03-27,22.06999969482422,23.149999618530273,21.81999969482422,23.110000610351562,30.276527992063755,30.354052373405317,34.18224337210866,32.68538266288563,41.9795698618814,1.32,64.0,3.48
PRO,2017-03-28,22.920000076293945,23.600000381469727,22.920000076293945,23.489999771118164,29.22706283557368,30.24970975662869,34.259623705983614,32.57660698457217,41.75247231675841,1.31,67.0,3.61
PRO,2017-03-29,23.3700008392334,24.290000915527344,23.31999969482422,24.280000686645508,30.581753638722294,30.934184647954815,32.04491839818746,32.78553822316516,41.859639977723376,1.3,1.0,4.09
PRO,2017-03-30,24.049999237060547,24.290000915527344,23.600000381469727,23.690000534057617,31.376418682137036,31.411319156904028,31.697588787276477,32.80190863292222,41.9335620352472,1.26,1.0,4.6
PRO,2017-03-31,23.690000534057617,24.440000534057617,23.489999771118164,24.190000534057617,31.72257283857778,31.41730022854437,31.863235630384786,32.77132155355557,41.96510604722694,1.22,2.0,5.18
PRO,2017-04-03,24.1200008392334,24.270000457763672,23.479999542236328,23.639999389648438,32.50390531368702,31.769514306377705,31.407510175452863,32.90091916075199,42.04283571850116,1.18,1.0,5.56
PRO,2017-04-04,23.559999465942383,23.770000457763672,23.229999542236328,23.280000686645508,31.441355031272135,31.909721759048338,31.493042802409967,32.96110495340928,41.98498276142452,1.12,2.0,5.84
PRO,2017-04-05,23.43000030517578,23.559999465942383,22.770000457763672,22.809999465942383,31.734638315640545,32.11824163189327,31.450001846087567,33.04421519622884,42.03842197567743,1.07,2.0,5.98
PRO,2017-04-06,22.84000015258789,23.170000076293945,22.56999969482422,23.110000610351562,32.018775850889284,32.197364031239154,31.524701245555107,32.79361411118909,41.66709566951721,1.01,4.0,5.79
PRO,2017-04-07,23.059999465942383,23.299999237060547,22.979999542236328,23.280000686645508,31.972444404221466,32.212423424240946,30.764415549971385,32.71374271291106,41.65185603307481,0.94,1.0,3.69
PRO,2017-04-10,23.299999237060547,23.469999313354492,22.799999237060547,23.0,31.997582247307392,32.256948470371384,30.779610384184537,32.68594036982692,41.64143521590753,0.9,2.0,1.83
PRO,2017-04-11,22.920000076293945,23.200000762939453,22.899999618530273,23.020000457763672,30.71098525106852,32.21236649699353,30.745573097506266,32.62415044237839,41.636524490840955,0.93,1.0,1.85
PRO,2017-04-12,22.940000534057617,22.940000534057617,22.459999084472656,22.700000762939453,30.851924948383374,31.254313868830252,30.74642762847178,32.663771236192595,40.88821150281501,0.97,2.0,1.74
PRO,2017-04-13,22.639999389648438,22.780000686645508,22.420000076293945,22.510000228881836,30.533608769357528,31.294700097637847,30.734135952105383,32.681896067486434,40.44487227265614,1.0,1.0,1.59
PRO,2017-04-17,22.530000686645508,22.8700008392334,22.3799991607666,22.65999984741211,30.49783520691079,30.94951650220148,30.75900691767657,32.684499175602525,40.424402245862794,1.04,4.0,1.33
PRO,2017-04-18,22.56999969482422,23.200000762939453,22.530000686645508,23.149999618530273,31.11120451213017,30.929118394805837,30.963528030928483,32.77196568473853,40.466828982040695,1.07,7.0,1.07
PRO,2017-04-19,23.260000228881836,23.40999984741211,22.93000030517578,23.030000686645508,31.055352827031474,30.913602460313395,30.97099563357147,32.71868790758018,40.40598062764301,1.1,8.0,0.84
PRO,2017-04-20,23.049999237060547,23.3700008392334,23.049999237060547,23.360000610351562,30.82511190512393,29.912569634362512,31.040608701295376,32.74797454069836,40.40618500204315,1.12,9.0,0.64
PRO,2017-04-21,23.209999084472656,23.309999465942383,22.850000381469727,23.190000534057617,30.421766760979718,29.576574168664493,31.05719683642147,32.05779584627389,40.41791361933066,1.15,10.0,0.45
PRO,2017-04-24,23.450000762939453,23.649999618530273,23.209999084472656,23.450000762939453,28.626603424298757,29.63382601520373,30.548127743521075,31.756155192960517,40.26980528670407,1.18,1.0,0.3
PRO,2017-04-25,23.600000381469727,23.780000686645508,23.43000030517578,23.559999465942383,28.575336860373547,29.615651918768737,30.514242567457423,31.723218538294873,40.2532072912044,1.22,1.0,0.16
PRO,2017-04-26,23.5,24.3799991607666,23.5,24.290000915527344,29.61877961901081,30.148217470442486,30.896964761753015,31.89398802515761,40.34774132091561,1.24,9.0,-0.01
PRO,2017-04-27,24.260000228881836,24.84000015258789,24.06999969482422,24.690000534057617,29.4086437606324,30.242193828303993,29.573171009984385,31.926270793606797,40.317521265446324,1.29,1.0,0.11
PRO,2017-04-28,24.700000762939453,24.84000015258789,24.1299991607666,24.649999618530273,28.943085354985836,29.842944954102023,29.310279169904923,31.927476552135335,40.27821398767344,1.35,1.0,0.24
PRO,2017-05-01,24.649999618530273,25.100000381469727,24.420000076293945,24.700000762939453,28.56625501670356,29.773329999149663,29.288768067887226,31.923366458810143,40.2596604443656,1.4,1.0,0.27
PRO,2017-05-02,24.510000228881836,25.020000457763672,24.440000534057617,24.959999084472656,28.584507565471316,29.222852073578693,28.620406696177774,31.940265644383746,40.26488287594237,1.46,1.0,0.49
PRO,2017-05-03,24.0,25.5,23.6299991607666,25.469999313354492,25.871072129565587,29.414087627774727,28.774968187169296,32.01375609066732,40.20494879546669,1.51,2.0,0.51
PRO,2017-05-04,25.31999969482422,25.790000915527344,25.0,25.5,25.461929507759617,29.37215853590316,28.770103794842093,32.00718437470878,38.507959025989116,1.56,2.0,0.46
PRO,2017-05-05,25.399999618530273,25.760000228881836,25.18000030517578,25.610000610351562,25.16806534136394,28.857195142478524,28.77021331592896,31.99727651503885,38.268922679930085,1.61,3.0,0.36
PRO,2017-05-08,25.25,25.420000076293945,24.84000015258789,25.100000381469727,25.832232321483843,27.816686737348185,28.842971374913585,32.0972020231633,38.08688507930864,1.66,5.0,0.23
PRO,2017-05-09,25.239999771118164,25.3799991607666,25.100000381469727,25.239999771118164,24.787634715181206,27.609314237620257,28.811946225201613,32.08588835940447,38.01141520641327,1.7,5.0,0.1
PRO,2017-05-10,25.290000915527344,25.530000686645508,25.149999618530273,25.40999984741211,24.49210387000204,26.78089564913812,28.797277263973868,31.937470004927192,37.90927102446185,1.74,5.0,-0.03
PRO,2017-05-11,25.239999771118164,25.989999771118164,25.010000228881836,25.6200008392334,22.80770500956812,26.748596473813187,28.819328164964453,31.512772940171104,37.912354580233796,1.78,7.0,-0.16
PRO,2017-05-12,25.649999618530273,26.059999465942383,25.389999389648438,25.979999542236328,21.63841272805399,26.780566108785536,28.560015743745875,31.517361755380215,37.73302544374235,1.82,1.0,-0.26
PRO,2017-05-15,26.0,26.469999313354492,25.979999542236328,26.290000915527344,21.145398421701298,26.737890952248843,28.572970956484028,31.50196970358322,37.73860302251395,1.86,2.0,-0.37
PRO,2017-05-16,26.479999542236328,26.770000457763672,26.170000076293945,26.709999084472656,19.99710817271996,26.873238215180162,28.63934015255043,31.545763835491435,37.73803894074164,1.89,4.0,-0.47
PRO,2017-05-17,25.860000610351562,26.579999923706055,25.860000610351562,26.299999237060547,20.007562837747976,26.399281464476044,28.5120205597654,31.566247362643168,37.66107311651948,1.92,1.0,-0.57
PRO,2017-05-18,26.350000381469727,27.3799991607666,26.170000076293945,27.25,20.616530253627595,27.22681686577576,28.17057822633605,31.745622857505428,37.78725941665603,1.95,1.0,-0.63
PRO,2017-05-19,27.25,27.850000381469727,26.850000381469727,27.489999771118164,20.52465402697388,27.258418910621142,28.18741900521733,31.751062042258877,37.58515685078228,1.98,2.0,-0.71
PRO,2017-05-22,27.6299991607666,28.420000076293945,27.510000228881836,28.350000381469727,21.768168890832605,27.847808033479676,28.510092666085097,31.93066942522236,35.5321848603096,2.02,3.0,-0.81
PRO,2017-05-23,28.489999771118164,28.649999618530273,27.979999542236328,28.260000228881836,21.250772580320803,27.726140711815443,28.278501228957413,31.875070829648305,35.51145669614898,2.05,3.0,-0.89
PRO,2017-05-24,28.3799991607666,29.389999389648438,27.940000534057617,29.25,22.6107267196205,27.547648318238288,28.580995514366712,32.05831927043715,33.56227512571992,2.08,8.0,-0.98
PRO,2017-05-25,29.31999969482422,30.489999771118164,29.170000076293945,29.75,21.75925852404325,27.665247358747706,28.662378730899484,31.849448574802725,33.57713903662956,2.1,11.0,-1.06
PRO,2017-05-26,29.670000076293945,29.989999771118164,28.780000686645508,29.530000686645508,21.69264169406036,27.4013479813282,28.71157386421242,31.868164058299335,33.5781760823277,2.12,12.0,-1.13
PRO,2017-05-30,29.59000015258789,29.780000686645508,28.989999771118164,29.389999389648438,22.050876111260116,27.324451953508916,28.60021325290985,31.16419145081141,33.57762654220412,2.14,9.0,-1.2
PRO,2017-05-31,29.399999618530273,29.989999771118164,29.190000534057617,29.8700008392334,21.840821606468438,27.38438081780875,28.630374458885843,31.166144841728073,33.60172441138521,2.16,11.0,-1.26
PRO,2017-06-01,29.850000381469727,29.860000610351562,29.219999313354492,29.399999618530273,22.62622862868377,27.585885091375424,28.745447259767616,31.0734434189494,33.63062860475634,2.17,15.0,-1.32
PRO,2017-06-02,29.479999542236328,29.770000457763672,29.239999771118164,29.610000610351562,22.553722572003988,27.226064484704203,28.662471695386994,31.071170543912842,33.2685829169364,2.19,14.0,-1.37
PRO,2017-06-05,29.40999984741211,29.670000076293945,29.350000381469727,29.6299991607666,22.202041181851506,26.84872503148786,28.661685762521877,31.037529821521115,33.25801427782592,2.2,13.0,-1.41
PRO,2017-06-06,29.510000228881836,29.59000015258789,28.6299991607666,28.729999542236328,24.886087920911525,26.964203343149133,29.16358610776033,31.281589780561315,32.98438810079484,2.21,25.0,-1.45
PRO,2017-06-07,28.809999465942383,29.0,28.56999969482422,28.719999313354492,24.9653065749812,26.910129959328188,29.10398857584538,31.251308301434015,32.97656791693914,2.21,25.0,-1.49
PRO,2017-06-08,28.84000015258789,29.6299991607666,28.56999969482422,29.5,24.677446527712664,27.18643774253634,29.33384104857644,31.368685352720238,33.05609012374895,2.21,29.0,-1.52
PRO,2017-06-09,29.600000381469727,29.600000381469727,27.59000015258789,27.93000030517578,30.183320025337355,29.567392614829195,29.987523706774155,31.859068551256264,33.53425556074037,2.21,31.0,-1.54
PRO,2017-06-12,27.729999542236328,27.729999542236328,26.43000030517578,27.3799991607666,30.939597051808132,29.729463734053617,30.196805002519376,31.464293025674266,33.55833857968921,2.2,32.0,-1.55
PRO,2017-06-13,27.639999389648438,28.0,27.280000686645508,27.780000686645508,31.098838417202085,29.672685268610167,30.00103725816941,31.497410420019257,33.55977295814562,2.2,32.0,-1.56
PRO,2017-06-14,27.920000076293945,27.950000762939453,27.440000534057617,27.649999618530273,31.13161674649393,29.652991667173296,29.86780235917151,31.488993913614806,33.55917096416857,2.19,31.0,-1.56
PRO,2017-06-15,27.260000228881836,27.799999237060547,26.75,27.790000915527344,30.727417532926644,28.176226738988824,29.83161984254148,31.39462665248129,33.56039781931458,2.19,31.0,-1.57
PRO,2017-06-16,27.09000015258789,27.399999618530273,26.239999771118164,26.959999084472656,32.20220841642194,28.857255735485506,29.649050459652255,31.553050610130835,33.68830195792071,2.17,31.0,-1.57
PRO,2017-06-19,26.989999771118164,27.309999465942383,26.81999969482422,27.200000762939453,32.25937620747892,28.731442435096994,29.460551543692354,31.502890469897977,33.65390509585867,2.16,30.0,-1.58
PRO,2017-06-20,27.229999542236328,27.610000610351562,26.559999465942383,27.0,31.706893099881515,28.69065228139917,29.480264975189286,31.507850910370045,33.54092952884759,2.14,31.0,-1.59
PRO,2017-06-21,27.139999389648438,27.139999389648438,26.530000686645508,26.90999984741211,31.735478301784582,28.239244945440966,29.4801422947972,31.511945306509592,33.5096697862503,2.13,31.0,-1.6
PRO,2017-06-22,27.059999465942383,27.299999237060547,26.860000610351562,26.90999984741211,31.71097374495147,28.096963033306167,29.426097290999344,31.509215655675792,33.444751012939136,2.11,30.0,-1.6
PRO,2017-06-23,26.940000534057617,27.56999969482422,26.760000228881836,27.510000228881836,32.19952351335495,27.668074586882458,29.566236239411747,31.60639105796098,33.14344772675547,2.1,34.0,-1.59
PRO,2017-06-26,27.559999465942383,27.729999542236328,26.43000030517578,26.610000610351562,33.601235769002244,28.078781225089255,29.84941501105476,31.841386501838244,32.31661753353361,2.08,38.0,-1.58
PRO,2017-06-27,26.559999465942383,26.56999969482422,25.920000076293945,25.940000534057617,34.27050966818649,28.349699271694995,30.12761930396774,31.994120522301355,32.28651775768219,2.08,42.0,-1.56
PRO,2017-06-28,26.15999984741211,26.6299991607666,25.950000762939453,26.59000015258789,34.73220732168954,28.30022765855392,29.993573058564248,32.07998968085369,32.36663624186486,2.07,41.0,-1.54
PRO,2017-06-29,26.90999984741211,27.1299991607666,26.229999542236328,27.1200008392334,34.8813538736508,28.297215806005788,30.101272118885884,31.86866361189694,31.793493346709955,2.06,43.0,-1.52
PRO,2017-06-30,27.1299991607666,27.790000915527344,26.729999542236328,27.389999389648438,33.443603608178876,27.92698128304196,30.10175161710596,31.824819234619046,31.629442952979268,2.05,44.0,-1.49
PRO,2017-07-03,27.59000015258789,27.59000015258789,27.040000915527344,27.34000015258789,33.34775060411954,27.86554596372447,29.80494685740262,31.539271543150498,31.557978342400027,2.04,37.0,-1.46
PRO,2017-07-05,27.329999923706055,27.790000915527344,26.969999313354492,27.700000762939453,32.295701913164756,27.930330286556877,29.08331484878038,31.517539774116386,31.48766132453752,2.03,25.0,-1.43
PRO,2017-07-06,27.520000457763672,28.049999237060547,27.290000915527344,28.0,32.45809506513208,27.79878275130885,28.982656412911155,31.50868213595809,31.49757139503252,2.02,25.0,-1.4
PRO,2017-07-07,28.200000762939453,28.8799991607666,27.920000076293945,28.350000381469727,31.005381072595657,27.85678824262608,28.536429524503422,31.34788313642546,31.436026439636887,2.0,6.0,-1.39
PRO,2017-07-10,28.260000228881836,28.729999542236328,28.010000228881836,28.610000610351562,30.692322412258928,27.6396876006045,28.524715755355672,31.30898953692844,31.41157547649309,1.98,6.0,-1.35
PRO,2017-07-11,28.579999923706055,29.06999969482422,28.479999542236328,29.020000457763672,30.95751326019318,27.600019118261066,28.537573749947008,31.342985296911685,31.323553617626825,1.98,8.0,-1.31
PRO,2017-07-12,29.40999984741211,29.56999969482422,29.040000915527344,29.170000076293945,30.974673793536816,27.596161804297747,28.47270916136108,31.278824082378016,31.32237059586155,1.98,4.0,-1.26
PRO,2017-07-13,29.219999313354492,29.559999465942383,28.600000381469727,29.469999313354492,30.746695341835245,27.39335229644619,28.495091687611506,31.253048089954135,31.23215812175256,1.97,5.0,-1.21
PRO,2017-07-14,29.459999084472656,29.530000686645508,29.170000076293945,29.200000762939453,30.5164587815407,27.463176435406766,28.154609111955782,31.25407864734551,31.168866046184352,1.97,1.0,-1.16
PRO,2017-07-17,29.190000534057617,29.280000686645508,28.489999771118164,29.030000686645508,30.476485595064993,27.45052521132973,28.14296795383033,31.26600931181831,31.177381947144646,1.96,1.0,-1.09
PRO,2017-07-18,28.809999465942383,29.149999618530273,28.65999984741211,29.049999237060547,30.4765371586812,27.363382550361383,28.14263617262626,31.236342848119296,31.176619518379717,1.96,1.0,-1.03
PRO,2017-07-19,29.049999237060547,29.670000076293945,28.8799991607666,29.190000534057617,29.129914021187215,27.32101855232742,28.12281691928405,31.175202800268387,31.161158447270555,1.95,1.0,-0.95
PRO,2017-07-20,29.209999084472656,29.450000762939453,28.940000534057617,29.149999618530273,29.134101751315228,27.33940793414561,28.04982235141239,31.14127494546326,30.958025844773076,1.94,1.0,-0.88
PRO,2017-07-21,29.219999313354492,29.459999084472656,28.65999984741211,29.360000610351562,28.13274268572445,26.768632503682383,27.547356358987248,31.136839585537956,30.893290682767148,1.93,1.0,-0.79
PRO,2017-07-24,29.3700008392334,29.459999084472656,28.989999771118164,29.3700008392334,22.89781243335752,26.632763760307864,27.53335853839212,29.588931324318697,30.845678944700776,1.92,1.0,-0.71
PRO,2017-07-25,29.3799991607666,29.690000534057617,29.09000015258789,29.34000015258789,21.988689756455905,26.62870690796577,27.352957742817402,29.214975271310166,30.803527106502752,1.91,1.0,-0.62
PRO,2017-07-26,29.389999389648438,29.65999984741211,29.239999771118164,29.43000030517578,21.68506069436323,26.628096878060152,27.28977906513428,29.215489366154323,30.797242170589655,1.89,1.0,-0.53
PRO,2017-07-27,29.489999771118164,29.5,28.309999465942383,28.540000915527344,23.600996381371576,27.453848253724857,27.780677444452724,29.076053195000995,30.96840666015297,1.87,5.0,-0.44
PRO,2017-07-28,28.459999084472656,28.829999923706055,28.200000762939453,28.209999084472656,23.8495197788299,27.338129497918356,27.821250682152904,29.106937231711484,30.994975172456012,1.86,6.0,-0.34
PRO,2017-07-31,28.270000457763672,28.860000610351562,27.84000015258789,28.829999923706055,22.75081171711652,27.644324981937206,27.81880821431633,29.103120661447786,31.059755939332405,1.84,6.0,-0.22
PRO,2017-08-01,28.84000015258789,29.059999465942383,28.40999984741211,28.770000457763672,22.694855816138585,27.65302673647637,27.64569299434737,29.105137716210507,31.018413858583386,1.83,5.0,-0.1
PRO,2017-08-02,28.81999969482422,29.139999389648438,28.229999542236328,28.600000381469727,22.647227448977407,27.320587339182357,27.10056814700426,28.6783159692018,31.021041046714025,1.81,1.0,0.03
PRO,2017-08-03,28.639999389648438,29.110000610351562,28.450000762939453,29.020000457763672,22.8799277343399,27.430588980432844,27.141363154568758,28.69511239766917,30.508410481580988,1.79,2.0,0.16
PRO,2017-08-04,29.040000915527344,29.979999542236328,26.299999237060547,26.610000610351562,34.53688734059534,32.92275124003471,30.577084194499953,30.491539942335894,31.539470856104955,1.76,72.0,0.3
PRO,2017-08-07,26.68000030517578,27.170000076293945,26.649999618530273,27.149999618530273,34.43071854936871,33.12663054196861,30.565418429140713,30.551248709291762,31.56995539005524,1.73,72.0,0.46
PRO,2017-08-08,27.149999618530273,27.3799991607666,26.780000686645508,26.829999923706055,33.19419074080739,33.116745371971824,30.493062454618467,30.559782060071417,31.58543168287778,1.7,70.0,0.62
PRO,2017-08-09,26.670000076293945,26.75,25.93000030517578,26.09000015258789,33.367946085844196,33.5382842290979,30.73669376653308,30.741943171174963,31.711071887854914,1.66,76.0,0.79
PRO,2017-08-10,25.969999313354492,26.3799991607666,25.299999237060547,25.469999313354492,33.24441800470199,33.72278925637542,30.97154740707821,30.87507154459146,31.811721020943434,1.63,85.0,0.94
PRO,2017-08-11,25.209999084472656,26.15999984741211,24.489999771118164,26.079999923706055,33.48064556059097,33.94833282487187,30.422919960384014,31.001294605605377,31.887326308223546,1.57,70.0,1.07
PRO,2017-08-14,26.40999984741211,27.510000228881836,26.40999984741211,27.280000686645508,35.95353889516326,34.42661836852971,31.123210491043956,31.434117786439742,32.18455896240402,1.52,89.0,1.08
PRO,2017-08-15,27.309999465942383,27.5,26.799999237060547,27.020000457763672,36.05525628196208,34.43274785259359,31.079166420789385,31.454813067923187,32.20214303430919,1.46,89.0,1.0
PRO,2017-08-16,27.139999389648438,27.139999389648438,26.510000228881836,26.700000762939453,35.97124469014725,33.89392233807265,31.10149350563004,31.164884519984398,32.22575067210576,1.4,90.0,0.8
PRO,2017-08-17,26.6200008392334,26.809999465942383,25.84000015258789,25.969999313354492,36.58052309645951,34.331701125880635,31.159189430896145,31.317590602074784,32.350364560981824,1.33,92.0,0.2
PRO,2017-08-18,25.770000457763672,26.09000015258789,25.510000228881836,26.020000457763672,36.33386089478506,33.51898065797867,31.06477618491365,31.31712742154729,32.34633611895517,1.25,89.0,-1.04
PRO,2017-08-21,25.959999084472656,26.15999984741211,25.84000015258789,26.059999465942383,36.18249122984482,33.29587515671253,30.63687573059913,30.542075873596513,32.33687587919064,1.22,76.0,-1.08
PRO,2017-08-22,26.170000076293945,26.40999984741211,25.899999618530273,26.1299991607666,35.85490226849058,33.292672738851294,30.368160870115528,30.402340947802287,32.23169923840762,1.21,70.0,-1.08
PRO,2017-08-23,25.920000076293945,26.1299991607666,25.700000762939453,25.790000915527344,35.8624179498252,33.365569334932246,30.280181264955065,30.437012452771295,31.952286121671257,1.18,70.0,-1.11
PRO,2017-08-24,25.940000534057617,26.049999237060547,25.15999984741211,25.510000228881836,35.650904862487295,33.18995889194212,30.100283400646795,30.089066055605418,31.957141372877075,1.17,66.0,-1.1
PRO,2017-08-25,25.950000762939453,25.950000762939453,25.309999465942383,25.6200008392334,35.721102203309464,33.103782548309454,29.99407247309328,30.08624020421295,31.929412105606957,1.15,65.0,-1.09
PRO,2017-08-28,25.610000610351562,25.739999771118164,25.31999969482422,25.65999984741211,35.75882754225837,33.05585787310678,29.79806089045346,30.08317396326894,31.92930172536437,1.13,59.0,-1.07
PRO,2017-08-29,25.639999389648438,25.799999237060547,25.5,25.6200008392334,35.73852128153668,33.05018941045449,29.73991758825661,30.08246699150891,31.89505601239595,1.11,59.0,-1.07
PRO,2017-08-30,25.65999984741211,26.260000228881836,25.6299991607666,26.1200008392334,36.29949974875882,32.80592079126644,29.865330626408458,30.100097314529844,31.891401347430754,1.11,64.0,-1.05
PRO,2017-08-31,26.209999084472656,26.420000076293945,25.979999542236328,26.34000015258789,36.46381277192242,32.868801860314264,29.810973693471905,30.09132014370483,31.896934417961788,1.1,62.0,-1.02
PRO,2017-09-01,26.290000915527344,26.34000015258789,25.940000534057617,26.209999084472656,36.32784883604168,32.34358213568543,29.827688070675812,30.0847488660792,31.900639891517052,1.09,63.0,-0.99
PRO,2017-09-05,26.1299991607666,26.219999313354492,25.309999465942383,25.489999771118164,36.96328198283679,30.911264181105945,30.088527035193252,30.275138665799723,31.983203447204634,1.08,72.0,-0.96
PRO,2017-09-06,25.59000015258789,25.770000457763672,25.0,25.270000457763672,36.96318808154395,30.711420213448125,30.090683785483286,30.131458026307463,31.957692487463675,1.08,73.0,-0.94
PRO,2017-09-07,25.290000915527344,25.3700008392334,24.829999923706055,24.889999389648438,36.99585245887806,30.659427383049405,30.188285195742793,30.168012628842067,31.7996627320484,1.07,78.0,-0.92
PRO,2017-09-08,24.850000381469727,24.920000076293945,24.479999542236328,24.649999618530273,36.24956862344543,30.696433155337083,30.055141655672834,30.176121830681986,31.816487656349846,1.06,72.0,-0.9
PRO,2017-09-11,25.010000228881836,25.3799991607666,24.450000762939453,25.09000015258789,36.76790210116588,30.927410132497695,30.16168040759122,30.120930340982326,31.37614746984671,1.05,79.0,-0.88
PRO,2017-09-12,25.200000762939453,25.700000762939453,25.170000076293945,25.459999084472656,36.393183950815406,30.52034116632358,30.166397071043694,29.750602818760115,31.370402509080964,1.04,80.0,-0.87
PRO,2017-09-13,25.350000381469727,25.5,25.25,25.43000030517578,36.39857622921621,30.451690304508734,30.139856579348535,29.74992741052855,31.263725527080144,1.03,79.0,-0.86
PRO,2017-09-14,25.329999923706055,25.829999923706055,25.079999923706055,25.260000228881836,36.402660256019566,30.446096806669846,30.118914798951334,29.738779214197624,31.26511550693069,1.02,78.0,-0.84
PRO,2017-09-15,25.389999389648438,25.450000762939453,24.31999969482422,24.34000015258789,37.16694922171278,31.325189051273263,30.704503438895447,29.96918173202569,31.465842614579497,1.03,92.0,-0.85
PRO,2017-09-18,24.420000076293945,24.6200008392334,24.149999618530273,24.209999084472656,28.185400248587637,31.332198978504998,30.332528833680644,29.884382887459264,31.471469374603668,1.02,86.0,-0.84
PRO,2017-09-19,24.309999465942383,24.530000686645508,23.510000228881836,23.579999923706055,28.07252075537529,31.331665502436607,30.50298101992554,30.054959835972877,31.56021748373268,1.03,89.0,-0.87
PRO,2017-09-20,23.600000381469727,23.719999313354492,23.139999389648438,23.43000030517578,27.995970306950074,30.68455250087444,30.51695149099886,30.065560081000875,31.556748898333385,1.03,89.0,-0.91
PRO,2017-09-21,23.479999542236328,24.010000228881836,22.90999984741211,23.670000076293945,27.396393841039984,30.393468033215658,30.561700340797156,29.992002677559,31.400717841464548,1.04,89.0,-0.94
PRO,2017-09-22,23.6299991607666,23.770000457763672,23.3700008392334,23.690000534057617,26.694635022730612,29.901643719952155,30.51249482120042,29.978043556379426,31.027077727911816,1.04,87.0,-0.95
PRO,2017-09-25,23.489999771118164,23.899999618530273,23.15999984741211,23.469999313354492,25.583000410252126,29.59406750989298,30.361258203668225,29.987846806007575,31.038913515596573,1.05,82.0,-0.95
PRO,2017-09-26,23.56999969482422,23.739999771118164,23.280000686645508,23.40999984741211,21.06227040660853,29.482552189864723,30.36080326275887,29.958489871959454,31.03101260366625,1.05,81.0,-0.96
PRO,2017-09-27,23.549999237060547,24.56999969482422,23.549999237060547,24.469999313354492,25.404693986319426,31.01025651671846,31.185892883065176,30.396907716145638,31.26595496847203,1.07,100.0,-0.96
PRO,2017-09-28,24.389999389648438,24.559999465942383,24.1299991607666,24.239999771118164,25.341963710009978,30.890421589257134,31.060410807835964,30.41598192089408,31.23251675138211,1.08,94.0,-0.96
PRO,2017-09-29,24.260000228881836,24.299999237060547,24.0,24.1299991607666,24.262203672772134,30.77447193329304,31.05290205651589,30.399553943026763,31.194091950151076,1.09,93.0,-0.97
PRO,2017-10-02,24.200000762939453,24.90999984741211,24.170000076293945,24.709999084472656,25.402155346203966,31.094715605519713,31.269993313850087,30.505577292701236,31.27287066275461,1.1,100.0,-0.96
PRO,2017-10-03,24.729999542236328,24.850000381469727,24.110000610351562,24.309999465942383,25.728236221170953,31.13290319274769,31.34270858290894,30.1974417634624,31.31727981294854,1.12,100.0,-0.96
PRO,2017-10-04,24.31999969482422,24.649999618530273,24.209999084472656,24.25,25.684531964921508,30.932183394902946,31.25791357290753,30.190597128225598,31.317110829316686,1.13,98.0,-0.94
PRO,2017-10-05,24.360000610351562,24.68000030517578,24.1299991607666,24.440000534057617,25.648741055225056,30.966733312594435,31.22306289626235,30.083243626599305,31.325696842754326,1.13,97.0,-0.93
PRO,2017-10-06,24.270000457763672,24.59000015258789,24.15999984741211,24.559999465942383,25.569292060259368,30.88895808237731,31.123283191840784,29.981481471591092,31.31244773657424,1.14,94.0,-0.92
PRO,2017-10-09,24.3799991607666,24.639999389648438,24.280000686645508,24.479999542236328,25.52010574863158,30.862284899170973,31.037432160773765,29.972090446587018,31.314096026665517,1.15,87.0,-0.9
PRO,2017-10-10,24.68000030517578,25.170000076293945,24.479999542236328,24.860000610351562,25.976484918244818,31.08327418616628,30.601876202908958,29.63555797420599,31.319394152514775,1.14,82.0,-0.85
PRO,2017-10-11,24.899999618530273,25.040000915527344,24.579999923706055,25.0,26.04753702370679,31.12181150124761,30.58055683161011,29.511271445744452,31.120093049488535,1.14,81.0,-0.79
PRO,2017-10-12,24.950000762939453,25.260000228881836,24.770000457763672,24.959999084472656,25.337637730092492,31.0852079954321,30.153729040854383,29.506168749807443,31.080525703996397,1.13,63.0,-0.74
PRO,2017-10-13,25.049999237060547,25.700000762939453,24.899999618530273,25.600000381469727,26.366802251195054,31.607427759868045,30.445806364009275,29.640377378644335,30.977189616568328,1.13,73.0,-0.67
PRO,2017-10-16,25.649999618530273,25.809999465942383,25.049999237060547,25.200000762939453,26.692909034434482,31.66715223498428,29.998591027863736,29.680291194318333,30.980156315281032,1.12,51.0,-0.6
PRO,2017-10-17,25.049999237060547,25.219999313354492,24.809999465942383,24.93000030517578,25.655727170875686,31.705749400605583,29.88741313637667,29.68698195057279,30.977780103067076,1.12,47.0,-0.55
PRO,2017-10-18,24.899999618530273,25.15999984741211,24.389999389648438,25.1200008392334,25.651957641331784,31.774666873157493,29.910135276783862,29.57461799550384,30.841202055810328,1.11,47.0,-0.49
PRO,2017-10-19,25.059999465942383,25.139999389648438,24.68000030517578,25.06999969482422,25.265996832606742,31.75314951428546,29.905980794350427,29.55893429829314,30.799632453941005,1.11,46.0,-0.41
PRO,2017-10-20,25.309999465942383,25.309999465942383,24.969999313354492,25.209999084472656,25.131578078914256,31.251485841434956,29.792404696046987,29.347998667199054,30.802702205848526,1.1,36.0,-0.34
PRO,2017-10-23,25.3700008392334,25.3700008392334,24.93000030517578,25.049999237060547,24.685469056971563,31.201274572767844,29.7155379410038,29.3483242737283,30.76720647725225,1.1,34.0,-0.28
PRO,2017-10-24,25.110000610351562,25.559999465942383,24.75,25.280000686645508,24.451390330551693,30.897514756616353,29.732370839238037,29.34537990858835,30.743498284766517,1.09,34.0,-0.2
PRO,2017-10-25,25.280000686645508,25.549999237060547,25.020000457763672,25.1200008392334,24.51454256273888,30.909251651159337,29.73971221347836,29.16890891168318,30.736460702521697,1.09,34.0,-0.12
PRO,2017-10-26,25.280000686645508,25.440000534057617,24.530000686645508,24.729999542236328,24.848787086078403,31.02248007341814,29.456458949871212,28.76683937274886,30.77884322127436,1.09,26.0,-0.1
PRO,2017-10-27,24.329999923706055,25.229999542236328,22.3799991607666,23.549999237060547,26.527590218173223,32.239843512269736,30.400994089581985,29.2829507525028,31.154717935204935,1.09,71.0,-0.05
PRO,2017-10-30,23.549999237060547,23.670000076293945,22.219999313354492,22.450000762939453,29.777690910870565,28.75022128141806,30.906784844195652,29.590373191820607,31.48690986645934,1.09,85.0,-0.05
PRO,2017-10-31,22.520000457763672,22.6299991607666,21.360000610351562,22.59000015258789,28.99705565015675,28.416411816078725,29.79270734969246,29.571512287664305,31.4610638521879,1.09,35.0,-0.05
PRO,2017-11-01,22.799999237060547,23.350000381469727,22.520000457763672,23.299999237060547,30.426079185363626,29.194043341690328,30.112240575494354,29.782136627802974,31.606492769137624,1.09,57.0,-0.05
PRO,2017-11-02,23.239999771118164,23.75,23.09000015258789,23.450000762939453,30.333756429277837,28.752469837239445,30.029317229834668,29.76743405992356,30.498408888893554,1.09,50.0,-0.05
PRO,2017-11-03,23.389999389648438,23.989999771118164,23.100000381469727,23.899999618530273,30.84635392941852,28.681878316417304,30.204270321436294,29.844041683429396,30.314590949910635,1.09,64.0,-0.05
PRO,2017-11-06,23.8799991607666,23.920000076293945,23.579999923706055,23.760000228881836,30.768834940642424,28.2294533947988,30.19414126097005,29.61017312334378,30.319967983411054,1.09,63.0,-0.04
PRO,2017-11-07,23.760000228881836,23.829999923706055,23.3799991607666,23.530000686645508,30.89878793432486,26.554114309411837,29.870149126206048,29.60172403885444,30.054969672322084,1.09,41.0,-0.03
PRO,2017-11-08,23.540000915527344,24.049999237060547,23.5,24.010000228881836,28.614500543995096,26.912059644552862,30.02264490619754,29.6990349202786,30.119413563167015,1.09,47.0,-0.01
PRO,2017-11-09,23.809999465942383,23.8700008392334,23.459999084472656,23.790000915527344,28.6081979854804,26.87500501146746,30.03352939607085,29.698953812598035,30.051826450925816,1.09,48.0,0.01
PRO,2017-11-10,23.739999771118164,24.200000762939453,23.540000915527344,24.110000610351562,28.864506602773083,26.506901440994625,30.1210643658366,29.711944816323015,30.08183907224154,1.09,56.0,0.03
PRO,2017-11-13,24.030000686645508,24.43000030517578,23.90999984741211,24.329999923706055,28.11782087082778,26.58388545730438,30.16398212452526,29.494958866307357,29.781497753331298,1.09,60.0,0.06
PRO,2017-11-14,24.1200008392334,24.760000228881836,24.1200008392334,24.6299991607666,27.94133049758586,26.72002912282496,30.013059537566615,29.514432571698045,29.789665735100208,1.09,43.0,0.08
PRO,2017-11-15,24.479999542236328,24.479999542236328,23.8700008392334,24.059999465942383,28.777482105723795,27.101423942187804,29.78432337049217,29.571461233362996,29.86881572924327,1.09,28.0,0.08
PRO,2017-11-16,24.149999618530273,24.84000015258789,23.969999313354492,24.389999389648438,28.96796874231336,27.160967502524887,29.612385433031875,29.592241080908742,29.876671870729794,1.09,24.0,0.06
PRO,2017-11-17,24.350000381469727,24.81999969482422,24.25,24.610000610351562,29.052808267786634,27.15458792700309,29.373401520427006,29.606047184497726,29.873586548341567,1.09,23.0,0.03
PRO,2017-11-20,24.700000762939453,25.15999984741211,24.670000076293945,25.100000381469727,29.582353068494776,27.45543973933379,29.373022938378902,29.676481417350143,29.938879173763684,1.09,23.0,0.0
PRO,2017-11-21,25.190000534057617,25.8799991607666,25.190000534057617,25.8700008392334,30.51317152915521,28.159295122436006,29.735705147169618,29.807856970892004,30.091013311365884,1.09,29.0,-0.01
PRO,2017-11-22,25.770000457763672,26.110000610351562,25.559999465942383,25.81999969482422,30.499430553380108,28.160363425482064,29.735825677437195,29.73144355632243,30.091657036341644,1.09,30.0,-0.01
PRO,2017-11-24,25.969999313354492,26.420000076293945,25.790000915527344,26.190000534057617,30.722936174642356,28.03096238061837,29.749782004446423,29.448821552149074,30.112823512286234,1.09,32.0,0.04
PRO,2017-11-27,26.09000015258789,26.360000610351562,26.0,26.25,29.892055993854605,27.98125401558179,29.697958107731704,29.44027121545492,30.112450605750723,1.09,25.0,0.09
PRO,2017-11-28,26.239999771118164,26.8700008392334,26.239999771118164,26.860000610351562,30.130947948872404,28.35535523006335,29.862883812624176,29.536890592983262,29.959356381634095,1.08,38.0,0.21
PRO,2017-11-29,26.799999237060547,27.040000915527344,25.559999465942383,25.59000015258789,33.33870310451433,29.521333436488774,30.772772588778402,30.016234678682935,30.336401983488315,1.07,84.0,0.33
PRO,2017-11-30,25.799999237060547,25.799999237060547,25.040000915527344,25.09000015258789,33.79745219925768,29.747348981932227,30.81393698922762,30.01984529610145,30.40147265049809,1.07,84.0,0.46
PRO,2017-12-01,25.010000228881836,25.020000457763672,24.079999923706055,24.829999923706055,33.927687536823264,29.660847986325205,30.82805314772592,29.978158733372645,29.859850007177467,1.06,84.0,0.61
PRO,2017-12-04,25.079999923706055,25.079999923706055,23.690000534057617,23.84000015258789,35.825611835206786,30.75182456406762,31.38483564063415,30.35773638592392,30.044477170593147,1.06,100.0,0.73
PRO,2017-12-05,23.850000381469727,24.170000076293945,23.760000228881836,23.940000534057617,35.84086731102946,30.53327509427058,31.37988368220952,29.952110838895308,30.040414197237464,1.06,99.0,0.91
PRO,2017-12-06,23.850000381469727,24.110000610351562,23.719999313354492,23.989999771118164,35.716816215831884,30.370424869762623,31.380335360638867,29.91917253317049,29.76023549518043,1.05,99.0,1.11
PRO,2017-12-07,24.059999465942383,24.31999969482422,23.81999969482422,24.209999084472656,35.825014627981766,30.44108660608174,31.426673241062286,29.869495304443287,29.768602185871984,1.04,100.0,1.31
PRO,2017-12-08,24.3799991607666,24.440000534057617,23.670000076293945,23.709999084472656,36.03894062241328,30.695367334215863,31.55285961943272,29.95137143157368,29.84015930898381,1.04,100.0,1.53
PRO,2017-12-11,25.350000381469727,27.469999313354492,24.579999923706055,27.350000381469727,52.95169558379057,41.80674672869398,39.047589610773706,34.222022541938806,33.07576530763496,1.36,100.0,17.43
PRO,2017-12-12,27.40999984741211,27.899999618530273,27.010000228881836,27.350000381469727,50.566429097861075,41.781212199596204,39.027638677301574,34.17325042901976,33.03448212238783,1.6,99.0,16.37
PRO,2017-12-13,27.239999771118164,28.600000381469727,27.239999771118164,28.290000915527344,51.177058584395155,41.85363677679829,39.409932764013824,34.18283014786689,33.18511219852624,1.82,100.0,14.17
PRO,2017-12-14,28.350000381469727,29.049999237060547,26.780000686645508,26.920000076293945,53.25615635230412,43.18696435730388,40.178449820369764,34.571447889883835,33.55808490662741,2.04,100.0,12.36
PRO,2017-12-15,27.0,27.219999313354492,26.670000076293945,26.739999771118164,53.35759985162266,43.19418865229442,40.18410402335854,34.49883174159344,33.566199094782355,2.23,100.0,10.53
PRO,2017-12-18,27.040000915527344,27.739999771118164,26.829999923706055,27.43000030517578,53.54435463047572,43.4594238416692,40.115072180757224,34.50965763069582,33.55188424233409,2.4,98.0,8.82
PRO,2017-12-19,27.40999984741211,28.010000228881836,27.030000686645508,27.059999465942383,53.721533190624136,43.51729863835169,40.13016809601693,34.49864486960001,33.56923929991698,2.56,98.0,7.42
PRO,2017-12-20,27.1200008392334,27.1200008392334,26.190000534057617,26.200000762939453,54.625564281759154,44.08429517179504,40.28726135129444,34.63025161263617,33.72132019144191,2.71,100.0,6.28
PRO,2017-12-21,26.280000686645508,26.610000610351562,26.049999237060547,26.34000015258789,54.40219786561481,43.1976784076482,40.29916720209887,34.60366424989795,33.64549546091356,2.84,100.0,5.33
PRO,2017-12-22,26.34000015258789,26.549999237060547,26.079999923706055,26.110000610351562,54.39380681990952,43.19079322318341,40.31075460799107,34.612850130850234,33.39610812986059,2.95,100.0,4.57
PRO,2017-12-26,25.920000076293945,26.239999771118164,25.84000015258789,26.079999923706055,54.3185076401544,43.17695773846306,40.234168499252775,34.58035229549356,33.39538290135169,3.05,97.0,3.9
PRO,2017-12-27,26.149999618530273,26.3799991607666,25.979999542236328,26.15999984741211,54.28425279068865,42.92479756437598,37.822301344702595,34.58147903772227,33.37980942085012,3.12,89.0,3.31
PRO,2017-12-28,26.219999313354492,26.450000762939453,25.889999389648438,26.219999313354492,54.20409695683613,42.774158010000725,37.68489489760933,34.53762131971779,33.310610363711675,3.18,88.0,2.8
PRO,2017-12-29,26.219999313354492,26.700000762939453,26.18000030517578,26.450000762939453,53.6882506829032,42.79403928520019,37.66659172285255,34.53284059211615,33.26073172471376,3.23,87.0,2.36
PRO,2018-01-02,26.450000762939453,27.100000381469727,26.34000015258789,27.030000686645508,53.87553067934153,42.97639229700534,37.557556184930554,34.61390711848576,33.32612062016308,3.29,86.0,1.97
PRO,2018-01-03,26.889999389648438,27.809999465942383,26.8799991607666,27.65999984741211,54.154871613503964,43.19470768346969,37.52259670911206,34.62812217003118,33.3994397332054,3.34,85.0,1.63
PRO,2018-01-04,27.719999313354492,27.93000030517578,27.559999465942383,27.690000534057617,53.9507358134322,43.181352901932904,37.34347807868663,34.62030018234848,33.34101812736922,3.38,84.0,1.32
PRO,2018-01-05,27.809999465942383,27.809999465942383,27.3799991607666,27.510000228881836,53.40440825003093,43.125579416414396,36.6742702052972,34.595934585974106,33.33919467315106,3.41,83.0,1.09
PRO,2018-01-08,27.5,27.5,26.65999984741211,27.020000457763672,53.70976506303925,43.3043892019446,36.75469305869381,34.65456536181361,33.3836321640986,3.45,83.0,0.86
PRO,2018-01-09,27.149999618530273,27.149999618530273,26.709999084472656,26.940000534057617,53.587122048877276,43.30918705472558,36.70828139215481,34.635740875973674,33.36417518971337,3.48,82.0,0.66
PRO,2018-01-10,26.729999542236328,26.770000457763672,26.229999542236328,26.760000228881836,53.63083643266322,43.046225727964575,36.4537000741129,34.64384306063134,33.36881250506743,3.51,80.0,0.48
PRO,2018-01-11,26.940000534057617,27.829999923706055,26.65999984741211,27.780000686645508,54.31203053993708,43.55213958291992,36.926094842128116,34.7368210341846,33.56595262661987,3.54,83.0,0.3
PRO,2018-01-12,27.75,28.729999542236328,27.540000915527344,28.65999984741211,52.882357526233434,43.889599943221135,37.24273111929636,34.87483006243621,33.685540628806656,3.57,83.0,0.12
PRO,2018-01-16,28.549999237060547,28.979999542236328,27.899999618530273,27.950000762939453,53.11140155235902,44.23164844320995,37.470036850469334,35.008283429572,33.77739269859777,3.6,84.0,-0.06
PRO,2018-01-17,28.059999465942383,28.829999923706055,27.760000228881836,28.600000381469727,53.227765598513685,44.43649295735452,37.570227044628474,35.10721172580612,33.602906257154935,3.64,86.0,-0.22
PRO,2018-01-18,28.530000686645508,28.75,28.389999389648438,28.6200008392334,51.483285276372534,44.43191056820268,37.52139645026627,35.088405430385166,33.59770400125788,3.67,83.0,-0.36
PRO,2018-01-19,28.59000015258789,29.260000228881836,28.280000686645508,29.149999618530273,51.601245037514495,44.51903825419644,37.617567429073056,35.074440718304146,33.56234029213588,3.7,86.0,-0.5
PRO,2018-01-22,29.110000610351562,29.110000610351562,28.84000015258789,28.889999389648438,51.783509396113445,44.55870416890985,37.6526997833339,35.09320307348664,33.51338982886406,3.72,86.0,-0.62
PRO,2018-01-23,28.899999618530273,29.440000534057617,28.670000076293945,29.25,51.80812360265053,44.57013440238278,37.6918632646575,35.117920066055156,33.52224726908721,3.75,88.0,-0.74
PRO,2018-01-24,29.360000610351562,29.389999389648438,28.829999923706055,28.860000610351562,51.51287377454772,44.533689596135,37.65222505049507,35.0708710020323,33.31351733150122,3.77,84.0,-0.85
PRO,2018-01-25,29.06999969482422,29.329999923706055,28.5,28.809999465942383,31.391793202065788,43.23574177968167,37.63593829140856,35.06747677118718,33.234927434107924,3.79,83.0,-0.94
PRO,2018-01-26,29.049999237060547,29.3700008392334,28.75,29.280000686645508,31.663320569029608,41.97009818837073,37.701836655548156,35.10807795568521,33.26479626928515,3.81,88.0,-1.03
PRO,2018-01-29,28.559999465942383,29.579999923706055,28.559999465942383,29.40999984741211,30.23485137190358,41.96844111146331,37.41780772787837,35.099613807822365,33.26087821617267,3.82,75.0,-1.11
PRO,2018-01-30,28.979999542236328,29.780000686645508,28.90999984741211,29.5,26.094968928850037,41.602500552071106,37.38353365916709,35.06564030805623,33.24463019302669,3.84,74.0,-1.19
PRO,2018-01-31,29.610000610351562,29.700000762939453,28.84000015258789,29.040000915527344,26.51489382427958,41.79287959507574,37.39005570625559,35.093934148094974,33.273053997129956,3.85,74.0,-1.25
PRO,2018-02-01,28.920000076293945,29.3700008392334,28.8700008392334,29.1299991607666,25.626510553451894,41.668761800385006,37.34735755863552,35.04808581343496,33.19220982226452,3.86,72.0,-1.31
PRO,2018-02-02,28.719999313354492,28.790000915527344,27.770000457763672,27.790000915527344,29.014148527034543,42.894476400483875,38.04926506560374,35.44814959289446,33.529253886585344,3.88,89.0,-1.38
PRO,2018-02-05,27.420000076293945,28.520000457763672,27.18000030517578,27.329999923706055,27.789848569760032,43.00364003183284,38.088888976883325,35.25625673946959,33.44114107408293,3.9,89.0,-1.43
PRO,2018-02-06,26.799999237060547,27.440000534057617,26.350000381469727,27.3799991607666,27.7654289386795,42.84521207468917,38.08808644584054,35.24156060350833,33.433783134183216,3.91,88.0,-1.49
PRO,2018-02-07,28.059999465942383,31.6299991607666,27.959999084472656,31.450000762939453,48.34490687713729,51.080701240411905,43.90446672168284,38.70601312920618,36.15092105978106,4.04,100.0,-1.29
PRO,2018-02-08,31.389999389648438,33.20000076293945,30.940000534057617,31.739999771118164,48.301068944482815,51.057429030329914,43.46262463600723,38.71674876761553,36.05661816084735,4.15,99.0,-1.2
PRO,2018-02-09,31.950000762939453,32.7599983215332,30.709999084472656,31.829999923706055,48.3025649918017,51.04996492329976,43.443645566340585,38.50850122290167,35.800968233260235,4.25,98.0,-1.16
PRO,2018-02-12,31.940000534057617,32.38999938964844,30.81999969482422,31.170000076293945,48.945721796291906,51.28698749147775,43.359749234429096,38.54127393242792,35.82683753971173,4.34,97.0,-1.15
PRO,2018-02-13,31.489999771118164,31.489999771118164,30.34000015258789,30.780000686645508,49.2227347163818,51.08813695871902,43.40436483619665,38.56062305246313,35.702880535310875,4.43,97.0,-1.15
PRO,2018-02-14,30.459999084472656,31.270000457763672,30.239999771118164,31.139999389648438,49.013125140727624,51.07390023871697,43.41125190624171,38.57952843480753,35.705244521730066,4.51,97.0,-1.16
PRO,2018-02-15,31.450000762939453,32.66999816894531,31.170000076293945,32.59000015258789,50.16237365315449,51.767882604895675,43.93744906509616,38.903908310982544,35.9658756416931,4.6,100.0,-1.16
PRO,2018-02-16,32.529998779296875,32.9900016784668,32.25,32.47999954223633,50.21294408047936,51.69773730949843,43.90443705725915,38.85809419340941,35.95092479908345,4.68,98.0,-1.17
PRO,2018-02-20,32.2599983215332,32.7400016784668,31.889999389648438,31.899999618530273,50.557885633048286,51.6097978842566,44.0249153718408,38.9120975985997,36.00064414627315,4.76,100.0,-1.18
PRO,2018-02-21,32.04999923706055,32.31999969482422,31.639999389648438,31.65999984741211,50.236798569066735,51.64785089215219,43.55694498642782,38.923494234632905,35.87819382801323,4.83,96.0,-1.22
PRO,2018-02-22,31.760000228881836,31.809999465942383,31.360000610351562,31.479999542236328,50.282078446498765,51.630855382626976,43.53470467300013,38.75295297606101,35.87012442154259,4.89,95.0,-1.25
PRO,2018-02-23,31.739999771118164,31.780000686645508,31.31999969482422,31.75,50.162667531508646,51.64272876474736,43.52947806135762,38.764458036398125,35.87782579127246,4.95,94.0,-1.29
PRO,2018-02-26,31.809999465942383,32.0099983215332,31.40999984741211,31.700000762939453,49.28612152034911,51.48550220609561,43.403842361726326,38.63924728411366,35.86979130541344,5.01,89.0,-1.32
PRO,2018-02-27,31.760000228881836,32.029998779296875,31.450000762939453,31.739999771118164,48.63164113238298,50.37000720357766,43.299490653269444,38.07930336261133,35.84864877862915,5.06,87.0,-1.35
PRO,2018-02-28,31.780000686645508,31.889999389648438,31.25,31.350000381469727,48.12116315620089,50.24676775379725,43.35780724564726,38.03237538881574,35.72601549022773,5.11,87.0,-1.38
PRO,2018-03-01,31.34000015258789,31.75,30.6200008392334,31.649999618530273,47.81246413385977,50.17340310177594,43.363951532524894,38.01158579165764,35.728974994261996,5.16,88.0,-1.41
PRO,2018-03-02,31.540000915527344,32.560001373291016,31.3799991607666,32.40999984741211,48.16494484943751,49.451991932469525,43.4923613104692,38.10321264315839,35.7493991394931,5.2,93.0,-1.43
PRO,2018-03-05,32.470001220703125,32.90999984741211,31.969999313354492,32.86000061035156,48.066123328359694,49.48341010035844,43.51635111001548,38.13068889912009,35.755236924906164,5.24,93.0,-1.45
PRO,2018-03-06,32.349998474121094,33.0,32.2599983215332,32.880001068115234,47.92184933973386,49.48840867501731,43.47187928098196,37.94898101546935,35.751865411275965,5.27,91.0,-1.46
PRO,2018-03-07,32.68000030517578,33.810001373291016,32.63999938964844,33.65999984741211,48.190236579157485,49.623084260466506,43.59328954892076,38.03010136722467,35.80664040739882,5.3,96.0,-1.47
PRO,2018-03-08,33.70000076293945,34.540000915527344,33.70000076293945,34.099998474121094,47.93529909229556,49.33915794736271,43.615820155331356,38.04188469872718,35.77586235306731,5.32,96.0,-1.48
PRO,2018-03-09,34.33000183105469,34.5,34.0099983215332,34.31999969482422,47.88570366398871,40.27689941646888,43.473964924790884,38.04268686395687,35.72795190809897,5.34,89.0,-1.48
PRO,2018-03-12,34.13999938964844,34.790000915527344,34.029998779296875,34.59000015258789,47.78997043942806,40.27747571115173,43.37712029545315,38.050066913358435,35.54964064544418,5.35,82.0,-1.48
PRO,2018-03-13,34.720001220703125,34.849998474121094,33.790000915527344,34.029998779296875,48.209072886767714,39.998126464189426,43.431432615028015,38.02767714008162,35.58841360331935,5.36,85.0,-1.48
PRO,2018-03-14,33.97999954223633,34.16999816894531,32.59000015258789,33.36000061035156,48.73940069579276,38.76905855773426,43.57806248254105,37.88978436355446,35.64046047383563,5.36,94.0,-1.47
PRO,2018-03-15,33.41999816894531,33.61000061035156,32.70000076293945,33.11000061035156,48.50723412297795,38.7786298030956,43.60249588640536,37.770574374484916,35.5995337346836,5.37,95.0,-1.46
PRO,2018-03-16,33.13999938964844,33.40999984741211,32.7599983215332,33.279998779296875,48.50615187483561,38.51073943839698,43.60182548664419,37.6706992824406,35.55070044477886,5.36,94.0,-1.45
PRO,2018-03-19,32.86000061035156,33.119998931884766,32.41999816894531,33.02000045776367,46.15991383328437,38.421663773084035,43.610334852746334,37.6214370895608,35.52607026787188,5.35,95.0,-1.43
PRO,2018-03-20,33.540000915527344,33.540000915527344,32.31999969482422,33.0,45.71370007916624,37.70928984467212,43.601498277150924,37.60732814197253,35.51824478364252,5.34,92.0,-1.41
PRO,2018-03-21,32.81999969482422,34.0,32.81999969482422,33.630001068115234,45.8369513135725,37.834628600329296,43.65292944627038,37.66511359449019,35.297589168593106,5.33,96.0,-1.39
PRO,2018-03-22,33.400001525878906,34.189998626708984,33.220001220703125,33.77000045776367,23.267002270415897,37.73984737802438,43.55162877864036,37.64010482207298,35.273690438816,5.3,87.0,-1.36
PRO,2018-03-23,34.34000015258789,34.47999954223633,33.619998931884766,33.70000076293945,23.20947830052103,37.74601730363927,42.755409897754376,37.62432429862954,35.240394935115134,5.28,69.0,-1.33
PRO,2018-03-26,33.959999084472656,34.79999923706055,33.529998779296875,34.79999923706055,24.79878904111293,38.173555202577404,42.18798389254836,37.78015290954276,35.35393530985272,5.26,68.0,-1.29
PRO,2018-03-27,34.90999984741211,34.90999984741211,33.459999084472656,33.619998931884766,26.205024962139127,39.010340521930246,42.63561958534534,38.00223168257394,35.439449363021716,5.22,68.0,-1.25
PRO,2018-03-28,33.68000030517578,33.68000030517578,31.59000015258789,32.20000076293945,29.07659030158431,40.18134498673452,43.063044697310744,38.32399188800928,35.68776666406496,5.19,69.0,-1.21
PRO,2018-03-29,32.349998474121094,33.400001525878906,31.950000762939453,33.0099983215332,29.72161811932968,40.24819234956716,43.19684588426622,38.427763872583995,35.6234823420753,5.15,69.0,-1.15
PRO,2018-04-02,33.029998779296875,33.029998779296875,31.93000030517578,32.150001525878906,27.807360106064504,40.488709003044896,43.38073595640906,38.54391345775513,35.63701713568493,5.12,74.0,-1.1
PRO,2018-04-03,32.25,32.27000045776367,31.700000762939453,31.889999389648438,27.88453409923286,40.54642342169672,43.393843793587436,38.54029105399009,35.59426153918571,5.08,74.0,-1.04
PRO,2018-04-04,30.860000610351562,32.31999969482422,30.860000610351562,32.18000030517578,27.517418644569595,40.5264354609266,43.35665830163183,38.546143372502435,35.5206533947481,5.03,68.0,-0.97
PRO,2018-04-05,32.939998626708984,33.060001373291016,32.11000061035156,32.36000061035156,27.455273525046426,40.30226902846853,43.27223669648067,38.55069208406082,35.4842689945303,4.98,66.0,-0.9
PRO,2018-04-06,32.119998931884766,32.560001373291016,31.829999923706055,32.04999923706055,27.558509662781645,40.3674827146305,43.275306163251656,38.566335761806315,35.434446535819305,4.92,66.0,-0.82
PRO,2018-04-09,32.189998626708984,32.90999984741211,32.189998626708984,32.380001068115234,27.605552924582362,40.34477359976743,43.259096849892444,38.582803316595324,35.42619927033295,4.86,64.0,-0.74
PRO,2018-04-10,32.77000045776367,33.11000061035156,32.470001220703125,33.0,28.098923892043636,39.85045879180308,43.32317311752735,38.63634314958496,35.46505013971931,4.8,67.0,-0.64
PRO,2018-04-11,32.900001525878906,33.25,32.81999969482422,32.900001525878906,28.127538920357374,39.426741097724964,43.30845049885976,38.638787025515526,35.442021653718484,4.74,66.0,-0.55
PRO,2018-04-12,33.08000183105469,33.349998474121094,32.619998931884766,32.90999984741211,27.834961687310184,39.014722890597746,43.10487370059458,38.63830717823144,35.44215504229481,4.66,60.0,-0.44
PRO,2018-04-13,33.20000076293945,33.20000076293945,32.5099983215332,32.75,27.792394053884777,38.81387454988393,43.090293369782586,38.64270597854609,35.41404039096269,4.57,59.0,-0.34
PRO,2018-04-16,33.029998779296875,33.220001220703125,32.7599983215332,32.849998474121094,26.96574080478209,38.812830076856244,43.079442919387354,38.46375718102087,35.40054399468458,4.47,58.0,-0.24
PRO,2018-04-17,33.04999923706055,33.83000183105469,32.9900016784668,33.5,27.266068710561864,38.83564715230134,43.07824183780373,38.499325132009034,35.44309954342314,4.36,57.0,-0.15
PRO,2018-04-18,33.70000076293945,33.849998474121094,33.18000030517578,33.54999923706055,27.267172418719287,38.76501872349659,42.855134627946825,38.419889310758,35.38707060636619,4.25,55.0,-0.04
PRO,2018-04-19,33.45000076293945,33.959999084472656,33.45000076293945,33.810001373291016,26.495888548551694,38.72594937203491,42.856538283030545,38.42688866903762,35.38620345556719,4.14,55.0,0.06
PRO,2018-04-20,33.619998931884766,34.130001068115234,33.209999084472656,33.470001220703125,26.368587637177498,38.67395572091393,42.86396402739146,38.44052082078014,35.38216559774236,4.02,55.0,0.15
PRO,2018-04-23,33.5,33.66999816894531,32.880001068115234,33.34000015258789,26.298306522206065,38.68649908980114,42.87579247238395,38.409925627010466,35.37535639473135,3.89,55.0,0.21
PRO,2018-04-24,33.400001525878906,33.91999816894531,32.72999954223633,33.18000030517578,26.185680527848344,38.606993822619785,42.76300880065836,36.980079539581105,35.36738151161438,3.76,51.0,0.25
PRO,2018-04-25,33.08000183105469,33.08000183105469,31.770000457763672,31.93000030517578,27.99905367901767,39.48374765194294,42.48985263338535,37.20693665972273,35.58868662001824,3.63,48.0,0.34
PRO,2018-04-26,32.09000015258789,32.52000045776367,31.850000381469727,31.969999313354492,27.499619090160348,39.48218958629057,42.34429982766576,37.1759763379609,35.4668386600531,3.51,47.0,0.41
PRO,2018-04-27,31.809999465942383,33.61000061035156,29.190000534057617,29.579999923706055,35.27545046127598,42.5501476843772,44.171260888767144,38.17333985851632,36.29789255594337,3.38,100.0,0.4
PRO,2018-04-30,29.760000228881836,30.219999313354492,29.420000076293945,29.520000457763672,35.17979207350476,42.54877118565501,43.649056180069415,38.06111005340529,36.29818014664448,3.26,94.0,0.4
PRO,2018-05-01,29.420000076293945,30.290000915527344,28.920000076293945,30.059999465942383,35.73388045014633,41.538522679898996,43.721759568302,38.019913122063436,36.33970451428182,3.13,95.0,0.32
PRO,2018-05-02,30.75,31.149999618530273,30.100000381469727,30.440000534057617,36.017405734130634,41.42958188654776,43.75221599429665,37.681348473094005,36.34590438511868,2.99,95.0,0.07
PRO,2018-05-03,31.010000228881836,31.059999465942383,29.940000534057617,30.700000762939453,35.5988972594363,41.45239338070392,43.749880145748605,37.673275936156166,36.301837581759415,2.84,94.0,-0.45
PRO,2018-05-04,30.610000610351562,32.70000076293945,30.610000610351562,32.58000183105469,39.913613304789294,32.51605535935704,44.51445779530257,38.27776703166052,36.77328383730484,2.69,100.0,-1.39
PRO,2018-05-07,32.68000030517578,33.2400016784668,32.380001068115234,32.79999923706055,39.97828506944891,32.49228671411635,38.48097425580933,38.12926303505359,36.77628999998671,2.69,29.0,-1.4
PRO,2018-05-08,32.59000015258789,34.02000045776367,32.130001068115234,34.0099983215332,40.28954197421451,33.30318970399132,38.86521361939426,38.3525614661128,36.88321369611056,2.69,30.0,-1.41
PRO,2018-05-09,34.13999938964844,34.560001373291016,33.70000076293945,34.220001220703125,39.03530084929336,32.998318757298385,38.539264388263504,38.35653844211451,36.88396539524037,2.7,30.0,-1.42
PRO,2018-05-10,33.630001068115234,34.66999816894531,33.630001068115234,34.540000915527344,36.825336461477306,32.90237421082893,37.65852260489257,38.36739054919486,36.88876646884134,2.72,21.0,-1.46
PRO,2018-05-11,34.529998779296875,34.66999816894531,33.880001068115234,34.13999938964844,36.403767194693984,32.954821063553865,37.69738692260381,38.359986127378995,36.90438634750844,2.74,25.0,-1.5
PRO,2018-05-14,34.27000045776367,34.27000045776367,33.209999084472656,33.349998474121094,36.21742314803079,32.0406474869447,37.73586698260149,38.445591119034994,36.96324022690344,2.76,27.0,-1.54
PRO,2018-05-15,33.13999938964844,33.5099983215332,32.79999923706055,33.38999938964844,36.109102340730594,32.03140618428912,37.6538384044163,38.44414689425389,36.94713257408019,2.79,21.0,-1.57
PRO,2018-05-16,33.470001220703125,33.970001220703125,32.9900016784668,33.65999984741211,36.092180007914564,31.83401789230097,37.25826564761825,38.452034553034004,36.92378473941124,2.81,7.0,-1.61
PRO,2018-05-17,33.75,34.130001068115234,33.400001525878906,33.849998474121094,36.09268201505135,31.799222069476457,37.25887377951435,38.45336830419836,36.890039131512026,2.84,8.0,-1.64
PRO,2018-05-18,33.95000076293945,34.90999984741211,33.95000076293945,34.849998474121094,36.79451752756411,32.27735680331338,37.45181557954574,38.53442035915713,36.835714118291705,2.86,14.0,-1.68
PRO,2018-05-21,35.7599983215332,36.650001525878906,35.25,36.380001068115234,38.550719237654974,33.34267496260331,37.981785981301705,38.836163242873525,37.06636425244094,2.88,33.0,-1.71
PRO,2018-05-22,36.439998626708984,36.83000183105469,35.68000030517578,35.70000076293945,38.82291926343569,33.615066548675145,38.144900865077005,38.905052473629354,36.99963964394913,2.87,36.0,-1.7
PRO,2018-05-23,35.5099983215332,35.810001373291016,35.349998474121094,35.66999816894531,38.8003426512026,33.619747492860945,38.14985016682984,38.74696238073006,36.997780283648204,2.87,36.0,-1.7
PRO,2018-05-24,35.61000061035156,36.04999923706055,35.369998931884766,35.41999816894531,38.8977796599052,33.54050617326784,38.17244988479433,38.74118678508327,36.852819324146594,2.86,36.0,-1.7
PRO,2018-05-25,35.45000076293945,35.91999816894531,35.45000076293945,35.650001525878906,38.85112320014629,33.517226201710386,38.05823546412269,38.691841058350754,36.82148822604148,2.86,31.0,-1.69
PRO,2018-05-29,35.4900016784668,35.77000045776367,35.38999938964844,35.65999984741211,38.85804183625316,33.21054316365928,37.920896463649385,38.66742718220328,36.81244708183458,2.85,28.0,-1.69
PRO,2018-05-30,35.81999969482422,36.279998779296875,35.61000061035156,35.790000915527344,38.53032802256972,33.11634312874473,37.920567684060536,38.62312543612009,36.80942195497249,2.84,27.0,-1.69
PRO,2018-05-31,35.88999938964844,36.2400016784668,35.150001525878906,35.34000015258789,38.770397515248874,33.24157066551348,37.97042844741119,38.63212205028067,36.80116556378288,2.83,28.0,-1.7
PRO,2018-06-01,35.619998931884766,35.650001525878906,35.15999984741211,35.25,38.74683218890168,32.92401131734405,37.83741614910735,38.633961736128214,36.76520430636396,2.81,25.0,-1.7
PRO,2018-06-04,35.43000030517578,35.93000030517578,35.15999984741211,35.72999954223633,38.74284885681013,32.93272172301959,37.86556844630127,38.64530336657975,36.781978353349245,2.8,25.0,-1.71
PRO,2018-06-05,35.849998474121094,36.119998931884766,35.38999938964844,35.72999954223633,38.70626961332969,32.91194026857352,37.83757521080957,38.36614220777369,36.78205329073304,2.78,24.0,-1.73
PRO,2018-06-06,35.709999084472656,36.2599983215332,35.599998474121094,36.22999954223633,38.78697291237373,32.99163512599612,37.47395229936659,38.38086632439277,36.66822683028048,2.77,10.0,-1.74
PRO,2018-06-07,36.36000061035156,36.45000076293945,34.720001220703125,34.95000076293945,38.567530167077926,33.66525240244292,37.688253885765135,38.49825736899932,36.853149945117565,2.76,18.0,-1.74
PRO,2018-06-08,34.81999969482422,35.2599983215332,34.720001220703125,35.18000030517578,38.577151774575334,33.418499702740775,37.44369875611795,38.4881604304856,36.7651699583875,2.76,7.0,-1.74
PRO,2018-06-11,35.27000045776367,35.56999969482422,35.02000045776367,35.09000015258789,30.102380203951206,33.38063643636741,37.30376432025446,38.480732991612484,36.343858682317745,2.77,3.0,-1.74
PRO,2018-06-12,35.09000015258789,36.310001373291016,34.84000015258789,35.93000030517578,30.44822854144065,33.693799119393304,37.46036684296977,38.564098905324315,36.354585807232716,2.77,10.0,-1.74
PRO,2018-06-13,36.0,36.650001525878906,35.77000045776367,36.380001068115234,30.30471067901078,33.71580118975376,37.40757701643039,38.557609569331284,36.347540696906464,2.77,7.0,-1.74
PRO,2018-06-14,36.41999816894531,37.27000045776367,36.220001220703125,36.709999084472656,30.25915801828433,33.746507653075284,37.379775526052484,38.56085916120884,36.351603934838614,2.77,5.0,-1.73
PRO,2018-06-15,36.7400016784668,37.470001220703125,35.95000076293945,37.38999938964844,30.45713031857604,33.734620815308325,37.432360009144446,38.28636228478444,36.39035132458553,2.78,10.0,-1.73
PRO,2018-06-18,37.18000030517578,37.61000061035156,37.13999938964844,37.439998626708984,26.026786785761963,33.73104426538859,37.34622383144088,38.260830432720525,36.25267257546913,2.78,4.0,-1.73
PRO,2018-06-19,37.16999816894531,37.20000076293945,36.40999984741211,37.060001373291016,26.368703481588962,33.8111072903904,37.39540914734006,38.281156222675065,36.26288507589297,2.78,9.0,-1.73
PRO,2018-06-20,37.15999984741211,38.36000061035156,36.84000015258789,38.0,25.364067472821496,33.56851691518407,37.504194025419906,38.29164441669189,36.33053559817543,2.79,17.0,-1.73
PRO,2018-06-21,38.099998474121094,38.20000076293945,37.20000076293945,37.59000015258789,25.69745235783237,32.828113371083816,37.563661884346104,38.25946045974381,36.34803470498972,2.78,17.0,-1.73
PRO,2018-06-22,37.70000076293945,37.70000076293945,36.2400016784668,36.630001068115234,26.954518752790353,31.996385776003184,37.831575329042586,38.40149873567912,36.44943663750622,2.78,22.0,-1.73
PRO,2018-06-25,35.959999084472656,36.5099983215332,35.29999923706055,35.75,27.748642485817555,32.09305895189715,37.95948063430431,38.52446262991525,36.47834821715111,2.77,27.0,-1.73
PRO,2018-06-26,35.900001525878906,36.70000076293945,35.810001373291016,36.31999969482422,27.003150283624073,31.69899595890052,38.02183412585467,38.557231484734736,36.34492295314621,2.76,29.0,-1.73
PRO,2018-06-27,36.40999984741211,36.4900016784668,35.66999816894531,35.709999084472656,27.604085166436835,31.870667077002356,37.321501438513394,38.61827853518175,36.29173044371955,2.77,4.0,-1.73
PRO,2018-06-28,36.22999954223633,36.529998779296875,35.70000076293945,36.40999984741211,28.005399529978085,32.04044443098149,37.288802387030486,38.64063203668611,36.26097752301264,2.78,3.0,-1.73
PRO,2018-06-29,36.540000915527344,37.0,36.36000061035156,36.56999969482422,27.99609654437738,32.03577885819024,37.28919495840127,38.63933870983339,36.2148570723669,2.79,4.0,-1.73
PRO,2018-07-02,37.08000183105469,37.099998474121094,36.400001525878906,37.0099983215332,27.00709093756088,32.00550767524025,30.328485172617313,38.65429986546539,36.220402877387514,2.98,1.0,-0.39
PRO,2018-07-03,37.27000045776367,37.38999938964844,36.84000015258789,37.099998474121094,24.059075475632238,31.963729392126343,30.304627711678833,38.55623546964056,36.219338684417075,3.16,1.0,0.27
PRO,2018-07-05,37.43000030517578,38.290000915527344,37.22999954223633,38.2599983215332,24.84937983861149,32.31736527679755,30.657380821346802,38.64668512350694,36.32073762784537,3.31,3.0,0.49
PRO,2018-07-06,38.34000015258789,39.400001525878906,38.34000015258789,39.150001525878906,25.537657041559537,32.567484820224465,30.61946227112196,38.692148651600476,36.37333472051349,3.45,3.0,0.56
PRO,2018-07-09,39.220001220703125,39.2599983215332,38.41999816894531,38.77000045776367,25.643435219125756,32.66678747548959,30.587684202865113,38.714483506175604,36.373039218432936,3.58,3.0,0.54
PRO,2018-07-10,38.54999923706055,38.93000030517578,38.11000061035156,38.34000015258789,25.943822142904548,32.75445620628941,30.624751573106735,38.74431359351732,36.38543068291973,3.7,5.0,0.46
PRO,2018-07-11,38.16999816894531,38.81999969482422,38.16999816894531,38.599998474121094,25.96522184755908,32.76532041131245,29.83343121647424,38.74595635122871,36.36615866481951,3.83,1.0,0.44
PRO,2018-07-12,39.0,39.349998474121094,38.439998626708984,39.119998931884766,26.15064201028619,32.65296194133561,29.87950611112835,38.75374641005298,36.384595178296905,3.95,2.0,0.37
PRO,2018-07-13,39.20000076293945,39.45000076293945,38.7599983215332,39.439998626708984,25.763114471076847,32.67192366319794,29.724704025636576,38.75152052526757,36.379974998425574,4.07,1.0,0.28
PRO,2018-07-16,39.36000061035156,39.36000061035156,38.099998474121094,38.33000183105469,27.359902035371668,33.27360910291304,30.08332584300642,38.91133379778299,36.48655111154328,4.17,4.0,0.15
PRO,2018-07-17,38.310001373291016,38.689998626708984,38.09000015258789,38.400001525878906,27.170554509911277,33.17648585760104,30.05855641688726,38.85245306992168,36.480009224176705,4.27,4.0,0.03
PRO,2018-07-18,38.38999938964844,38.38999938964844,37.560001373291016,37.970001220703125,27.451642200163906,33.26938167425894,30.112978373815285,38.405019127592276,36.50096088610774,4.35,6.0,-0.09
PRO,2018-07-19,38.02000045776367,38.290000915527344,37.95000076293945,38.22999954223633,27.261771454202304,33.25059334295753,30.118608790208928,37.935070130572456,36.50359486271076,4.44,7.0,-0.21
PRO,2018-07-20,38.279998779296875,38.540000915527344,38.040000915527344,38.25,24.811033005327193,32.151181919386055,30.11921834535567,37.93416515720581,36.502814114877914,4.52,8.0,-0.33
PRO,2018-07-23,38.16999816894531,38.400001525878906,37.41999816894531,38.34000015258789,24.78865448329084,32.14940472428721,30.032723476579342,37.787409519670376,36.497906088182766,4.59,4.0,-0.43
PRO,2018-07-24,38.58000183105469,38.630001068115234,36.58000183105469,37.130001068115234,26.74792899126317,28.396507448163643,30.490233376502516,38.00879904935549,36.64789351365065,4.65,12.0,-0.54
PRO,2018-07-25,37.2599983215332,38.18000030517578,37.2599983215332,37.709999084472656,26.271208918910148,28.470239514672496,30.365919815494248,37.989680550328835,36.67628868802555,4.71,12.0,-0.63
PRO,2018-07-26,37.529998779296875,38.18000030517578,37.31999969482422,38.11000061035156,26.208958551937307,28.352686006783827,30.336942335264133,37.98821366904204,36.68816900456741,4.76,12.0,-0.72
PRO,2018-07-27,40.0,41.099998474121094,38.11000061035156,39.0099983215332,26.883479913185877,28.57762040564583,30.534271380290534,38.03830703972922,36.61686420974571,4.81,15.0,-0.8
PRO,2018-07-30,39.150001525878906,39.150001525878906,37.20000076293945,37.599998474121094,28.66744164323423,29.76608997232755,30.93812139816033,38.26885631045796,36.79191857633115,4.85,20.0,-0.88
PRO,2018-07-31,37.83000183105469,37.900001525878906,37.060001373291016,37.13999938964844,28.891819716641503,27.54362827438566,30.951472380138494,38.28397450633419,36.758057445310044,4.88,21.0,-0.94
PRO,2018-08-01,37.0,37.79999923706055,37.0,37.41999816894531,28.818619707771408,27.54959817962483,30.956899090524644,38.26680700750053,36.762484696662575,4.91,22.0,-1.01
PRO,2018-08-02,37.7400016784668,37.81999969482422,37.25,37.5,27.859523299202056,26.62126555495923,30.937441277696685,38.25866062938326,36.755978911519584,4.93,20.0,-1.06
PRO,2018-08-03,37.529998779296875,37.650001525878906,36.79999923706055,37.40999984741211,27.69241949400632,26.616875870900504,30.819946456314916,38.24483246852714,36.73256407728046,4.96,20.0,-1.11
PRO,2018-08-06,37.310001373291016,38.0,37.0,37.900001525878906,26.835218024875896,26.674156992580905,30.696143452519166,38.14246382632175,35.680561366230684,4.98,20.0,-1.16
PRO,2018-08-07,37.95000076293945,39.0,37.95000076293945,38.790000915527344,26.450583476085214,26.893392870711818,30.859199409812394,38.19857499229745,35.69833485441041,4.99,22.0,-1.2
PRO,2018-08-08,38.79999923706055,39.650001525878906,38.779998779296875,39.40999984741211,26.45225562726443,26.5018161142468,30.937491603494166,38.223461436520736,35.702462041474,5.0,24.0,-1.24
PRO,2018-08-09,40.060001373291016,40.2400016784668,39.36000061035156,39.68000030517578,25.80631058149058,26.51255157389573,30.910058320184714,38.17268130603975,35.58322579390389,5.01,23.0,-1.27
PRO,2018-08-10,39.36000061035156,40.34000015258789,39.2400016784668,39.9900016784668,25.40062704188178,26.510344823838466,30.92186021498351,38.0357772832005,35.49454330859083,5.02,24.0,-1.3
PRO,2018-08-13,39.900001525878906,40.5,39.54999923706055,39.77000045776367,25.519820364604474,26.559196402696394,30.82320885043672,38.04391060299144,35.43387457935962,5.02,22.0,-1.32
PRO,2018-08-14,36.66999816894531,38.86000061035156,36.5099983215332,37.36000061035156,31.599519747245115,29.17437986806685,32.460157116299655,38.78438307800687,35.743943673108504,5.0,31.0,-1.33
PRO,2018-08-15,37.0099983215332,37.47999954223633,35.130001068115234,35.560001373291016,34.71235541114404,29.65657323082534,33.428752317045664,39.25740377310524,36.084942808758704,4.98,32.0,-1.34
PRO,2018-08-16,33.5,35.2400016784668,33.150001525878906,34.72999954223633,33.89856413360586,29.79866008715678,33.258877525950695,39.288796514928954,36.146215117381736,4.97,32.0,-1.34
PRO,2018-08-17,34.63999938964844,35.41999816894531,34.08000183105469,34.959999084472656,33.12062374630153,29.833593245762614,32.81133112870976,38.84256470447725,36.03477172846883,4.95,32.0,-1.34
PRO,2018-08-20,35.0099983215332,35.63999938964844,34.36000061035156,35.290000915527344,33.28474043082427,29.86601168401363,32.088584313677835,38.76877662801236,36.04406513547041,4.93,31.0,-1.33
PRO,2018-08-21,35.61000061035156,35.70000076293945,35.029998779296875,35.09000015258789,33.2079072371174,29.85632424143202,31.87436526162107,38.75165612483763,36.05063762417265,4.92,31.0,-1.33
PRO,2018-08-22,34.9900016784668,35.279998779296875,34.43000030517578,34.93000030517578,33.08210905856658,29.86909325518295,31.59063768144429,38.426845625994986,36.05489923399354,4.89,31.0,-1.33
PRO,2018-08-23,34.9900016784668,35.33000183105469,34.36000061035156,34.900001525878906,32.712387579745446,29.857692691330772,31.559291140454544,38.4276676888265,36.02710034222517,4.87,31.0,-1.32
PRO,2018-08-24,35.08000183105469,36.470001220703125,35.08000183105469,36.27000045776367,34.793215397675716,30.78859919098723,32.09466834662083,38.66840099833584,36.19878113180284,4.84,35.0,-1.3
PRO,2018-08-27,37.13999938964844,37.2599983215332,35.900001525878906,36.54999923706055,34.03932256005859,30.81773377438473,32.10375865771886,38.66519732107266,36.20309628521186,4.8,36.0,-1.29
PRO,2018-08-28,36.61000061035156,36.61000061035156,35.779998779296875,36.099998474121094,34.1646295390046,30.811241651397115,32.13049253889936,38.606668144056535,36.22937644776131,4.76,37.0,-1.26
PRO,2018-08-29,36.18000030517578,36.650001525878906,36.060001373291016,36.5099983215332,34.26195824935012,30.895365588960477,32.13845126417987,34.8196317742095,36.24179307071259,4.72,38.0,-1.24
PRO,2018-08-30,36.29999923706055,36.97999954223633,35.88999938964844,36.970001220703125,34.418855062264434,30.870888927800976,32.063952408780025,34.84301551731032,36.214377839972414,4.68,34.0,-1.21
PRO,2018-08-31,36.40999984741211,37.11000061035156,36.36000061035156,36.880001068115234,34.417290798218595,29.937277246447653,32.06211432189849,34.63594880321721,36.20952229088788,4.63,34.0,-1.18
PRO,2018-09-04,36.56999969482422,38.0099983215332,36.56999969482422,37.90999984741211,35.40463358401034,30.41202438343489,32.33446984458739,34.2341125680923,36.29859498812677,4.59,41.0,-1.14
PRO,2018-09-05,37.849998474121094,38.06999969482422,36.869998931884766,37.4900016784668,34.27840195398173,30.508565738674992,32.38076395695389,34.25381578029015,36.20140362524597,4.54,42.0,-1.1
PRO,2018-09-06,37.279998779296875,38.11000061035156,37.279998779296875,38.06999969482422,34.2727449700384,30.29306645225176,32.45599383174817,34.17647576198527,36.2131492361799,4.48,43.0,-1.05
PRO,2018-09-07,37.97999954223633,38.77000045776367,37.77000045776367,38.630001068115234,34.397756403541706,30.331170591167318,32.394681638272424,34.16035365304275,36.196978269022736,4.42,43.0,-1.0
PRO,2018-09-10,38.099998474121094,39.970001220703125,38.099998474121094,39.56999969482422,34.438854260209624,30.655218895738095,32.593048467589355,34.0146554751037,36.247139880577976,4.36,46.0,-0.95
PRO,2018-09-11,39.540000915527344,40.150001525878906,38.970001220703125,39.0,32.913189694483556,30.611883580443887,32.678595687874584,34.070655340450834,36.24912724665729,4.3,47.0,-0.89
PRO,2018-09-12,38.290000915527344,39.220001220703125,38.06999969482422,39.13999938964844,32.6669490895923,30.617333357486004,32.62781281879821,34.046102533360276,36.2265130845426,4.24,47.0,-0.82
PRO,2018-09-13,38.75,39.959999084472656,38.75,39.4900016784668,32.69076573020838,30.576032520638417,32.63656060861727,34.05275040109081,36.23247864762653,4.17,48.0,-0.76
PRO,2018-09-14,39.65999984741211,39.689998626708984,39.189998626708984,39.5099983215332,32.692700131794545,30.16451066814037,32.62050165926284,34.053292884831315,36.22275992662173,4.1,47.0,-0.69
PRO,2018-09-17,38.97999954223633,39.7599983215332,37.95000076293945,38.0099983215332,34.72245157144222,31.142390195132684,32.63003583287026,34.39702381235989,36.240388615552476,4.03,49.0,-0.6
PRO,2018-09-18,38.02000045776367,38.54999923706055,37.599998474121094,37.84000015258789,34.54570192456915,30.683162583775985,32.6449272333574,34.396486092716884,36.23877097608965,3.96,51.0,-0.52
PRO,2018-09-19,37.709999084472656,37.709999084472656,36.720001220703125,36.88999938964844,34.5755420597615,30.7223526106663,30.38571347783623,34.46826923454346,36.23155964799532,3.86,14.0,-0.55
PRO,2018-09-20,36.869998931884766,37.18000030517578,36.720001220703125,36.790000915527344,34.17391177050125,30.562626333458496,30.38833606377543,34.378671390200886,36.22512528859833,3.77,15.0,-0.57
PRO,2018-09-21,36.83000183105469,37.099998474121094,36.310001373291016,36.459999084472656,34.11483072088238,30.41542891870329,30.33162196991598,34.40148089159252,36.231308642854806,3.67,12.0,-0.64
PRO,2018-09-24,36.2599983215332,36.779998779296875,35.72999954223633,36.650001525878906,34.053196678466044,30.173380939009224,30.288411977257613,34.39081696799693,36.23287460360645,3.56,10.0,-0.79
PRO,2018-09-25,36.66999816894531,37.540000915527344,36.38999938964844,36.540000915527344,34.04425235512898,30.166668669886036,30.279214417189728,34.31645549581624,36.21900695102493,3.44,10.0,-1.04
PRO,2018-09-26,36.63999938964844,36.810001373291016,35.86000061035156,35.900001525878906,29.37261812489122,30.275321504833467,28.985851349120296,34.388493004349435,36.26857320922337,3.3,1.0,-1.68
PRO,2018-09-27,35.95000076293945,36.33000183105469,35.349998474121094,35.45000076293945,25.870293733074632,30.369819833517496,29.050598712547448,34.41567224581564,36.0434051433566,3.3,2.0,-1.65
PRO,2018-09-28,35.25,35.81999969482422,34.54999923706055,35.02000045776367,25.17084701122199,29.733824847943662,28.559451136601492,34.188075881439985,36.05285263835504,3.3,1.0,-1.62
PRO,2018-10-01,35.150001525878906,35.560001373291016,34.66999816894531,34.70000076293945,25.2417675855147,29.33126833797301,28.583058726511627,34.02431102110043,36.06357468123909,3.3,2.0,-1.58
PRO,2018-10-02,34.47999954223633,34.70000076293945,32.86000061035156,32.97999954223633,28.99915206260629,30.957892935695103,29.66614319544948,34.43688510733693,36.37036169161112,3.29,5.0,-1.54
PRO,2018-10-03,33.04999923706055,34.41999816894531,32.7400016784668,34.279998779296875,31.300470403875735,32.040949406028965,30.252461520750217,34.62767191704686,36.52054222364031,3.28,15.0,-1.5
PRO,2018-10-04,34.16999816894531,34.16999816894531,33.220001220703125,33.75,31.577854955832652,32.11115032676148,30.123203613783733,34.68324400344148,36.557877651420284,3.26,15.0,-1.46
PRO,2018-10-05,33.779998779296875,34.09000015258789,32.81999969482422,33.459999084472656,31.651955631739103,31.970389971146574,30.154627390151944,34.63920813538881,36.565512312708556,3.25,16.0,-1.41
PRO,2018-10-08,33.29999923706055,33.54999923706055,32.33000183105469,32.349998474121094,30.6458612341358,32.516399436906426,30.59774445905965,34.86049954278716,36.73051041331157,3.23,30.0,-1.35
PRO,2018-10-09,32.15999984741211,32.93000030517578,31.829999923706055,32.349998474121094,30.475613408844982,32.09332877661446,30.582571373409873,34.83249132999299,36.728074790756416,3.21,29.0,-1.29
PRO,2018-10-10,32.2400016784668,32.31999969482422,30.90999984741211,31.06999969482422,32.17138606105046,32.98477849524016,30.860525167775794,35.12945960840983,36.933014163663216,3.19,39.0,-1.22
PRO,2018-10-11,30.8799991607666,31.709999084472656,30.75,31.110000610351562,31.860175371669296,32.95939659892522,30.042379144814614,35.12868240221507,36.92998384582649,3.16,10.0,-1.15
PRO,2018-10-12,31.780000686645508,32.529998779296875,31.610000610351562,32.18000030517578,33.455152258652646,33.768523699658466,30.4315698404644,35.30156027981292,37.07575467191884,3.12,28.0,-1.07
PRO,2018-10-15,32.02000045776367,32.31999969482422,31.399999618530273,32.130001068115234,33.46114429760967,33.76228717663864,30.43166316704644,35.29934167603895,36.996157123682,3.09,29.0,-0.99
PRO,2018-10-16,33.25,33.459999084472656,31.829999923706055,33.33000183105469,34.31610125299385,34.709704262338185,30.9982317106659,35.55681548474836,37.130393039619186,3.04,50.0,-0.9
PRO,2018-10-17,32.880001068115234,33.22999954223633,32.540000915527344,32.86000061035156,34.38059842409236,34.24600460060431,31.051714931139106,35.547436731504675,37.14299363283754,3.0,51.0,-0.79
PRO,2018-10-18,32.68000030517578,32.720001220703125,31.09000015258789,31.34000015258789,36.01633363986792,35.27868549659008,31.917842367751355,35.99777638936789,37.451731017601894,2.95,55.0,-0.68
PRO,2018-10-19,31.31999969482422,31.829999923706055,30.920000076293945,30.979999542236328,35.479400224245,35.20455482529717,31.949206449438076,35.58079244539826,37.47128674111823,2.9,56.0,-0.56
PRO,2018-10-22,31.059999465942383,32.150001525878906,31.059999465942383,31.459999084472656,34.89704199036759,34.98275246598344,32.008642225087286,35.56364874646146,37.496534416066574,2.84,57.0,-0.43
PRO,2018-10-23,30.8799991607666,32.38999938964844,30.6299991607666,32.220001220703125,35.996544568397745,34.73049276701688,32.253345967912885,35.66825812457654,37.55973632110916,2.79,65.0,-0.29
PRO,2018-10-24,32.20000076293945,32.66999816894531,30.56999969482422,30.690000534057617,37.876348152593266,35.943000327938506,33.04603921749452,32.2053311787181,37.877225071730635,2.74,79.0,-0.16
PRO,2018-10-25,30.969999313354492,32.16999816894531,30.729999542236328,31.760000228881836,39.54323330677802,36.693489883784466,33.530442842525936,32.4434693732696,38.01812316347416,2.68,82.0,-0.04
PRO,2018-10-26,32.29999923706055,34.849998474121094,31.739999771118164,33.43000030517578,42.99330222649712,38.31625436073337,34.468926853803126,33.00377799719946,38.312626439544594,2.64,83.0,0.06
PRO,2018-10-29,34.34000015258789,35.40999984741211,33.5099983215332,34.06999969482422,42.37558605394465,38.554097546395546,34.143955796277794,32.980303663960726,38.02178043882683,2.59,83.0,0.17
PRO,2018-10-30,33.970001220703125,35.0099983215332,33.279998779296875,34.25,42.45307761199919,38.461639953459596,34.13801641656959,32.94823199498822,37.69995223106796,2.54,83.0,0.29
PRO,2018-10-31,34.849998474121094,35.2400016784668,32.91999816894531,32.91999816894531,43.285396904639704,38.876991887907586,34.703198127083084,33.26284894685247,37.92236857093933,2.5,86.0,0.39
PRO,2018-11-01,32.959999084472656,33.4900016784668,32.5099983215332,32.709999084472656,43.2905766078024,38.68950734484539,34.49496602557514,32.83402267737965,37.814911430726866,2.45,86.0,0.49
PRO,2018-11-02,32.84000015258789,33.29999923706055,32.5,32.90999984741211,43.35750989654916,38.68177067098749,34.44693500221751,32.83934777802532,37.81449229631585,2.41,85.0,0.6
PRO,2018-11-05,32.9900016784668,33.279998779296875,31.90999984741211,32.220001220703125,43.57596829434458,38.788603507923014,34.556760902851835,32.86607077639287,37.83962520095495,2.36,88.0,0.71
PRO,2018-11-06,32.09000015258789,32.68000030517578,31.969999313354492,32.2400016784668,43.59795483128313,38.7960468635688,34.41433889105891,32.85366247909959,37.83303178334096,2.31,85.0,0.82
PRO,2018-11-07,32.66999816894531,33.83000183105469,32.349998474121094,33.52000045776367,45.134779960227085,37.76190894244941,35.0052007525424,33.165702018807295,38.00433904427378,2.27,91.0,0.88
PRO,2018-11-08,34.099998474121094,34.099998474121094,32.81999969482422,32.900001525878906,45.28904276371683,36.616599130136294,35.08692495938679,33.22729784916594,38.01013752574618,2.22,92.0,0.93
PRO,2018-11-09,32.63999938964844,32.959999084472656,31.489999771118164,31.68000030517578,46.360248342553064,37.09752704705019,35.3079895982353,33.52937741341366,38.1960765260963,2.18,93.0,0.95
PRO,2018-11-12,31.3700008392334,31.399999618530273,29.8799991607666,30.3700008392334,47.69240822876492,37.97959984147937,35.859410685409735,33.89913797273526,38.421328785025,2.14,94.0,0.9
PRO,2018-11-13,30.549999237060547,31.15999984741211,30.15999984741211,30.719999313354492,45.80663097685614,38.009187993550206,35.719767102308595,33.896432343995095,38.42713158190036,2.09,94.0,0.78
PRO,2018-11-14,30.979999542236328,30.979999542236328,29.260000228881836,29.329999923706055,45.812886772167225,39.06016744892552,36.2399083067262,34.314040597227404,38.69900787512254,2.05,96.0,0.58
PRO,2018-11-15,29.25,30.18000030517578,29.059999465942383,30.139999389648438,46.64321788697505,39.54622109724905,36.42760821593324,34.35135256204643,38.71372886600768,2.0,97.0,0.3
PRO,2018-11-16,29.860000610351562,30.43000030517578,29.68000030517578,30.049999237060547,46.62080112602049,39.54495244622484,36.34790878197475,34.311104410563885,38.694530905995535,1.98,97.0,0.16
PRO,2018-11-19,29.940000534057617,30.219999313354492,28.420000076293945,28.68000030517578,47.48970639910405,39.62543276731183,36.879347835477326,34.742837867412106,38.97588749115743,1.97,99.0,0.08
PRO,2018-11-20,28.18000030517578,30.40999984741211,28.18000030517578,30.270000457763672,50.37326844120243,41.303041273408546,37.93549235881593,35.2263025879353,39.2935479749278,1.99,100.0,0.27
PRO,2018-11-21,30.770000457763672,31.450000762939453,30.270000457763672,31.079999923706055,49.69133199875622,41.69547838316446,38.13854778818856,35.33474313427512,39.26670236299391,2.08,100.0,0.43
PRO,2018-11-23,30.649999618530273,31.3799991607666,30.639999389648438,30.639999389648438,49.86059989574589,41.66337714513156,38.18401673673133,35.36227229113094,39.294420941649214,2.16,100.0,0.47
PRO,2018-11-26,31.079999923706055,31.469999313354492,30.770000457763672,31.389999389648438,49.360032726646175,41.9157896913991,38.0542069105392,35.47010155596268,39.341463896743235,2.24,98.0,0.4
PRO,2018-11-27,31.149999618530273,31.3700008392334,30.690000534057617,30.780000686645508,49.66004272198345,42.05846554877184,37.94349226245092,35.4929307900935,39.393676383761786,2.31,97.0,0.3
PRO,2018-11-28,30.969999313354492,32.06999969482422,30.559999465942383,32.04999923706055,49.922282927643,42.538556597926124,38.52795225590768,35.74714454110006,39.531537535983254,2.39,100.0,0.25
PRO,2018-11-29,31.790000915527344,32.43000030517578,31.790000915527344,32.060001373291016,49.773476613380105,42.50736908165102,38.50086829568047,35.73663954824074,39.222545592370665,2.46,99.0,0.16
PRO,2018-11-30,32.150001525878906,32.470001220703125,31.700000762939453,32.16999816894531,47.783734077962535,42.36215763941165,38.485664650560444,35.73366144443016,39.168602585157565,2.53,98.0,0.07
PRO,2018-12-03,32.650001525878906,33.220001220703125,32.279998779296875,33.13999938964844,48.344518005025634,42.73869558025919,38.73626514453245,35.89625853721984,39.25673490603947,2.59,100.0,-0.01
PRO,2018-12-04,32.849998474121094,33.2400016784668,31.489999771118164,31.610000610351562,50.23831733690678,43.3376583853267,39.37280902005422,36.32968621425043,39.33257058268324,2.66,100.0,-0.04
PRO,2018-12-06,30.959999084472656,32.130001068115234,30.75,31.860000610351562,49.794248728765325,43.342971577824095,39.176771142900265,36.27121809692098,39.33719269340583,2.73,99.0,-0.11
PRO,2018-12-07,31.8700008392334,32.04999923706055,30.969999313354492,31.209999084472656,48.065198118619534,43.460670209128196,39.28498422659435,36.346698765018296,39.397122071498394,2.8,99.0,-0.19
PRO,2018-12-10,31.209999084472656,32.029998779296875,31.209999084472656,31.84000015258789,47.367814833385616,43.65762694219198,39.41189842904985,36.426345128056454,39.43442842136028,2.86,100.0,-0.27
PRO,2018-12-11,32.34000015258789,32.34000015258789,30.479999542236328,30.6299991607666,46.08467447473754,44.23755415334424,39.8209489465931,36.50294196124626,39.574607088114966,2.93,100.0,-0.33
PRO,2018-12-12,31.059999465942383,31.110000610351562,30.5,30.68000030517578,45.64127344564881,43.664081082266286,39.823277732257,36.28179271859232,36.925272368997966,2.99,100.0,-0.39
PRO,2018-12-13,30.860000610351562,31.469999313354492,30.760000228881836,31.25,46.017789805188194,43.89506348079155,39.951418511262546,35.993135608472535,36.9688504017405,3.06,100.0,-0.46
PRO,2018-12-14,30.8799991607666,31.639999389648438,30.549999237060547,30.700000762939453,44.93267093299418,43.75703601547606,39.74169408495966,35.92928810964432,36.862429811736014,3.11,97.0,-0.55
PRO,2018-12-17,30.559999465942383,31.719999313354492,30.299999237060547,30.600000381469727,44.917161779321084,43.75699462811013,39.64406313197238,35.797679073787954,36.521492677662955,3.16,96.0,-0.63
PRO,2018-12-18,31.030000686645508,31.469999313354492,30.5,30.579999923706055,44.85109161233359,43.74205437124101,39.592990776113766,35.785541038595944,36.51449774517261,3.21,95.0,-0.71
PRO,2018-12-19,30.649999618530273,31.260000228881836,30.270000457763672,30.799999237060547,44.573587831680015,43.759558078980625,39.41022650717079,35.7793518168833,36.434741015962146,3.25,93.0,-0.8
PRO,2018-12-20,31.350000381469727,31.350000381469727,29.68000030517578,30.18000030517578,44.89945418241719,43.90525007998527,39.12936822752239,35.85129616344442,36.46712046037605,3.29,89.0,-0.88
PRO,2018-12-21,30.219999313354492,30.219999313354492,29.149999618530273,29.18000030517578,44.043594225849816,44.252508255473515,39.41626781416276,36.05118113312354,36.4799905766379,3.33,94.0,-0.95
PRO,2018-12-24,29.0,29.459999084472656,28.670000076293945,29.229999542236328,43.87451822818269,44.2232374768153,39.38984924622025,36.029442390062734,36.476903992550554,3.36,91.0,-1.02
PRO,2018-12-26,29.5,30.81999969482422,29.31999969482422,30.799999237060547,45.57389722216858,45.61806020446694,40.33348611777845,36.497115279513295,36.83230617310057,3.41,100.0,-1.06
PRO,2018-12-27,30.270000457763672,31.020000457763672,29.940000534057617,30.940000534057617,43.87588928913878,45.61425356963896,40.346618702757105,36.50036348607811,36.83389593465445,3.46,100.0,-1.11
PRO,2018-12-28,31.15999984741211,31.15999984741211,30.0,30.780000686645508,43.78367949323426,44.46783737117925,40.27877738547249,36.504774812083966,36.83776840195908,3.5,98.0,-1.15
PRO,2018-12-31,30.790000915527344,31.40999984741211,30.770000457763672,31.399999618530273,41.854589178485654,43.914086134903194,40.22984528479831,36.57970551020826,36.88794243549035,3.54,97.0,-1.19
PRO,2019-01-02,30.899999618530273,31.6200008392334,30.84000015258789,30.950000762939453,41.43497845167208,43.898964174584066,40.17276284664976,36.6160945112577,36.91013233384608,3.57,96.0,-1.23
PRO,2019-01-03,30.450000762939453,30.6200008392334,29.360000610351562,29.59000015258789,43.50744565500123,44.77466692714096,40.70644106619086,36.91658852031072,37.12902769761048,3.61,100.0,-1.26
PRO,2019-01-04,30.15999984741211,31.1200008392334,29.780000686645508,30.780000686645508,42.72008559930687,45.07273421115273,41.22520009583138,37.21979864992574,37.265459058957425,3.66,100.0,-1.27
PRO,2019-01-07,30.920000076293945,31.979999542236328,30.920000076293945,31.829999923706055,40.9505034708088,45.62001648021293,41.61971890574981,37.42474094780973,37.412312342505075,3.71,100.0,-1.28
PRO,2019-01-08,32.0,32.5,31.600000381469727,32.310001373291016,40.48166215601741,44.947056181375025,40.56709370272596,37.450160774698006,37.43322467680956,3.75,97.0,-1.31
PRO,2019-01-09,32.2599983215332,32.47999954223633,31.940000534057617,32.2400016784668,40.22892535556804,44.950551659210994,39.83297561444002,37.44832202588008,37.38767426244368,3.79,90.0,-1.35
PRO,2019-01-10,31.979999542236328,32.650001525878906,31.979999542236328,32.47999954223633,39.70462509672723,44.439902212239865,39.68842572856564,37.45501134138326,37.39186740639048,3.82,86.0,-1.39
PRO,2019-01-11,32.15999984741211,32.66999816894531,32.15999984741211,32.459999084472656,39.22014976412079,44.43877597834054,39.67130493671784,37.17710356337562,37.38465115359582,3.84,85.0,-1.42
PRO,2019-01-14,32.0,32.529998779296875,31.459999084472656,32.310001373291016,37.49695745307287,43.791330715488655,39.6425498126258,37.18103581731667,37.20691510926778,3.86,83.0,-1.45
PRO,2019-01-15,31.799999237060547,33.099998474121094,31.799999237060547,33.04999923706055,38.053679217265476,43.95033539450265,39.809926433710565,36.10681105185073,37.14617409838135,3.88,87.0,-1.47
PRO,2019-01-16,33.0,33.459999084472656,32.310001373291016,32.400001525878906,38.521155852134726,43.03387742132825,39.92262059718911,36.186775898134194,37.11362631594331,3.9,90.0,-1.48
PRO,2019-01-17,32.22999954223633,32.939998626708984,32.22999954223633,32.41999816894531,37.496356935724926,42.95983955679837,39.923207336910586,36.12607084933037,37.045408396470116,3.91,90.0,-1.49
PRO,2019-01-18,32.709999084472656,33.97999954223633,32.33000183105469,33.970001220703125,37.25241592856391,43.88490989286225,40.14889998516124,36.511404817787,37.33244580491314,3.93,91.0,-1.5
PRO,2019-01-22,33.70000076293945,33.9900016784668,32.9900016784668,33.31999969482422,37.735756553925064,43.827878617322746,40.2348541869118,36.57507597006056,37.34349402522199,3.95,93.0,-1.5
PRO,2019-01-23,33.43000030517578,34.45000076293945,33.43000030517578,34.189998626708984,37.769346840320246,42.90297675349892,40.413797712030636,36.023585367554425,37.416342390611696,3.96,96.0,-1.5
PRO,2019-01-24,34.189998626708984,34.459999084472656,33.86000061035156,34.150001525878906,37.44084281038071,42.36879391911321,40.36928288836686,36.0157619335162,37.398278976538116,3.98,95.0,-1.5
PRO,2019-01-25,34.36000061035156,34.36000061035156,33.810001373291016,34.04999923706055,35.410206803485764,41.07092523061009,40.315269972821014,35.761824526517074,37.373450725948466,3.99,92.0,-1.5
PRO,2019-01-28,33.65999984741211,34.290000915527344,33.61000061035156,34.02000045776367,35.429386850101636,40.88683302120609,40.31444040417437,35.75448197375316,37.37300049235584,4.01,91.0,-1.49
PRO,2019-01-29,34.02000045776367,34.290000915527344,33.779998779296875,33.939998626708984,35.17751348992146,40.874522871464826,40.05777297414676,35.73821513575872,37.34166016845149,4.02,85.0,-1.48
PRO,2019-01-30,34.18000030517578,34.310001373291016,33.61000061035156,34.08000183105469,34.636430015010546,40.04566620456653,40.033701148785724,35.715153077271054,37.34134932458199,4.02,84.0,-1.46
PRO,2019-01-31,34.0099983215332,34.9900016784668,34.0099983215332,34.599998474121094,34.735647528104266,40.12864072520369,40.03154383523453,35.65078093430256,37.36893196315255,4.03,83.0,-1.45
PRO,2019-02-01,34.54999923706055,34.91999816894531,34.349998474121094,34.529998779296875,34.754208218621955,40.118554429392276,39.95399397660698,35.65155584145741,37.33385922651104,4.04,82.0,-1.42
PRO,2019-02-04,34.5,35.70000076293945,34.5,35.68000030517578,35.7316407454157,40.37824845261551,40.11743338270442,35.84764233865489,37.47069075717763,4.04,85.0,-1.4
PRO,2019-02-05,35.79999923706055,36.59000015258789,35.75,36.540000915527344,35.31067997043563,40.63082004668247,40.25088988857091,35.94998977419156,37.23085300015537,4.05,89.0,-1.38
PRO,2019-02-06,36.779998779296875,36.779998779296875,35.810001373291016,36.470001220703125,33.322225340517086,39.904489925399105,40.245629986369885,35.78849316339863,37.1893171995974,4.06,88.0,-1.35
PRO,2019-02-07,36.060001373291016,36.25,35.5,36.189998626708984,33.573643426569404,39.731802169012106,40.23105362203478,35.43758228446125,37.19978128557867,4.06,86.0,-1.32
PRO,2019-02-08,38.650001525878906,39.099998474121094,36.650001525878906,38.0099983215332,33.20432776391103,40.04126718851677,41.00451732791271,35.83850318463353,34.88321728499514,4.07,98.0,-1.28
PRO,2019-02-11,38.119998931884766,39.27000045776367,38.11000061035156,38.790000915527344,33.41630745092571,39.060846155675684,40.669621044796784,35.91594304776737,34.92796459445028,4.07,96.0,-1.24
PRO,2019-02-12,39.06999969482422,39.380001068115234,38.4900016784668,39.25,33.21629611589603,39.06357072257876,40.703913979712176,35.929660780525545,34.944687463752274,4.08,96.0,-1.2
PRO,2019-02-13,39.380001068115234,39.689998626708984,38.88999938964844,39.560001373291016,33.02610235267591,37.630388049565084,40.50957380170125,35.933264403809765,34.88309669485123,4.05,93.0,-1.13
PRO,2019-02-14,39.2599983215332,41.27000045776367,39.2599983215332,40.63999938964844,32.7923239099823,37.62265872756774,40.718860846290596,36.068296498210586,34.95295832084008,4.02,97.0,-1.06
PRO,2019-02-15,41.099998474121094,41.130001068115234,39.83000183105469,40.11000061035156,29.355019067173764,37.771458602244905,40.7498427155475,36.10377275898857,34.96577755336359,3.99,97.0,-0.98
PRO,2019-02-19,39.90999984741211,40.36000061035156,39.84000015258789,39.959999084472656,28.258274389161603,36.26744055473239,40.75087016932885,36.07299748996616,34.68208697513434,3.95,97.0,-0.89
PRO,2019-02-20,39.90999984741211,40.290000915527344,39.599998474121094,40.02000045776367,27.3208275005936,34.840862028737696,40.7462538232341,36.07107117241357,34.67960127931049,3.91,95.0,-0.79
PRO,2019-02-21,39.900001525878906,40.650001525878906,39.619998931884766,40.43000030517578,27.244370130444512,34.565831829498585,40.66283116670293,36.05654952343342,34.640398902712384,3.84,90.0,-0.72
PRO,2019-02-22,40.5,41.470001220703125,40.43000030517578,41.29999923706055,27.371022238983407,34.514681358013306,40.72603539647357,36.13874825400171,34.68944759060533,3.77,94.0,-0.65
PRO,2019-02-25,41.529998779296875,41.97999954223633,41.40999984741211,41.63999938964844,27.36987851285939,34.28947424608692,40.67969354798576,36.11596919622773,34.69011612794452,3.68,90.0,-0.61
PRO,2019-02-26,42.18000030517578,42.18000030517578,41.349998474121094,41.77000045776367,27.285682487376565,33.91485210771563,40.64255734539251,35.851299394783716,34.68269211352265,3.59,87.0,-0.59
PRO,2019-02-27,41.380001068115234,42.66999816894531,41.36000061035156,42.38999938964844,27.05794149185927,33.1717786007114,39.802892269954896,35.882211155584564,34.70845304663186,3.51,58.0,-0.5
PRO,2019-02-28,41.84000015258789,42.689998626708984,41.84000015258789,42.599998474121094,26.770035395455132,33.15942499354749,39.38103064333043,35.88260417740285,34.710519475463855,3.43,47.0,-0.38
PRO,2019-03-01,43.439998626708984,44.33000183105469,42.79999923706055,43.04999923706055,25.389242260529944,33.179217629042796,39.29932356475059,35.799756905217585,34.696353846695146,3.35,45.0,-0.27
PRO,2019-03-04,43.150001525878906,43.15999984741211,41.869998931884766,42.70000076293945,25.779913929660818,32.87400989097261,39.29605045117399,35.790074227678964,34.69913352109103,3.26,44.0,-0.16
PRO,2019-03-05,42.52000045776367,42.52000045776367,41.150001525878906,41.209999084472656,26.387527030356512,32.16857682900457,39.338786254990424,36.034740620826675,34.81833223227604,3.18,45.0,-0.01
PRO,2019-03-06,41.130001068115234,41.65999984741211,40.34000015258789,40.86000061035156,25.647091266311616,32.26882921328018,39.375430012117434,35.98907993142828,34.807255269846934,3.09,46.0,0.13
PRO,2019-03-07,41.290000915527344,41.689998626708984,40.650001525878906,41.18000030517578,25.01270884650268,31.86046639998899,38.783614895605126,35.99933998094617,34.814154567589675,3.01,38.0,0.29
PRO,2019-03-08,41.369998931884766,41.61000061035156,40.9900016784668,41.34000015258789,24.926073822309846,31.69929248211768,38.78319342466921,35.978797945855796,34.74180737678782,2.9,37.0,0.36
PRO,2019-03-11,41.40999984741211,41.95000076293945,41.33000183105469,41.540000915527344,24.775459327900656,30.400310519576422,38.465612855692264,35.86478661095167,34.72268201249847,2.79,32.0,0.43
PRO,2019-03-12,41.5,41.61000061035156,40.9900016784668,41.290000915527344,24.955621908981342,30.47795587132976,38.48437020893874,35.84787753792715,34.72470504924501,2.67,32.0,0.45
PRO,2019-03-13,41.459999084472656,42.22999954223633,41.459999084472656,41.54999923706055,24.81582759960511,30.350289883760734,38.09817762933075,35.71624048869689,34.72185302692844,2.56,28.0,0.48
PRO,2019-03-14,40.88999938964844,41.63999938964844,40.88999938964844,41.029998779296875,25.434439521059122,30.204877814025295,38.0814050895972,35.62746129848337,34.70547116037756,2.45,27.0,0.45
PRO,2019-03-15,40.560001373291016,42.0,40.560001373291016,41.95000076293945,25.72956449247285,30.363099839973607,37.370081186129596,35.673182029583074,34.70935599444669,2.36,23.0,0.49
PRO,2019-03-18,42.0,42.52000045776367,41.83000183105469,42.220001220703125,25.604792113584395,30.338865228683236,37.30178833703821,35.61667294746975,34.70334773812553,2.27,22.0,0.47
PRO,2019-03-19,42.459999084472656,42.7400016784668,41.93000030517578,42.36000061035156,24.394275275184597,30.339431079465868,37.249823230342635,35.54993355296076,34.70164258810642,2.17,21.0,0.36
PRO,2019-03-20,42.34000015258789,42.58000183105469,41.439998626708984,42.08000183105469,24.024901163169858,29.972423757839934,37.128796411462126,35.558369540456184,34.69876995115257,2.08,20.0,0.17
PRO,2019-03-21,41.97999954223633,42.880001068115234,41.54999923706055,42.880001068115234,24.279212688635905,28.95128104611096,36.29044613755942,35.59806995397514,34.74437035862676,2.02,16.0,0.05
PRO,2019-03-22,42.56999969482422,42.83000183105469,41.66999816894531,41.84000015258789,25.52805788946651,29.626042270522625,36.21575355092317,35.72381265681404,34.79173604323706,1.96,14.0,-0.04
PRO,2019-03-25,41.689998626708984,42.61000061035156,41.099998474121094,42.33000183105469,21.94655303728208,28.03873192962787,35.40257131382381,35.568047127728676,34.806897395817245,1.94,11.0,-0.07
PRO,2019-03-26,42.63999938964844,42.849998474121094,41.95000076293945,42.380001068115234,21.372583562031554,28.051064939142485,35.302693001333004,35.46785659670546,34.8056294756861,1.92,9.0,-0.13
PRO,2019-03-27,42.34000015258789,42.349998474121094,41.119998931884766,42.119998931884766,21.360463530835574,28.06715346853612,35.323836294417454,35.45584612200787,34.67124010855035,1.89,10.0,-0.21
PRO,2019-03-28,42.720001220703125,42.88999938964844,41.47999954223633,42.130001068115234,21.30367949145088,27.916011762118742,34.687834822068226,35.428926304583726,34.49016818846354,1.89,5.0,-0.21
PRO,2019-03-29,42.939998626708984,42.939998626708984,41.540000915527344,42.2400016784668,19.963822466362256,27.628885464576662,34.65868898529176,35.42204609100896,34.20579421073687,1.89,4.0,-0.22
PRO,2019-04-01,41.970001220703125,42.720001220703125,41.91999816894531,42.41999816894531,19.503556754843522,25.5808132356201,34.65513289371481,35.39176649488844,34.12403061456801,1.88,3.0,-0.24
PRO,2019-04-02,42.40999984741211,42.84000015258789,42.06999969482422,42.709999084472656,19.47958115837655,24.6156047186138,34.45160260753298,35.38803527079627,34.01781207253766,1.89,2.0,-0.23
PRO,2019-04-03,42.9900016784668,42.9900016784668,42.380001068115234,42.689998626708984,19.494239595114422,23.935674973236715,34.45380458847608,35.219758326450936,34.00553287780613,1.89,2.0,-0.24
PRO,2019-04-04,42.70000076293945,42.70000076293945,41.720001220703125,42.040000915527344,19.977971152523015,24.19538845428873,34.08047629110507,35.2698869869121,34.03616080740699,1.91,1.0,-0.15
PRO,2019-04-05,42.220001220703125,42.560001373291016,41.810001373291016,42.310001373291016,19.131601971317746,24.159923713608595,33.92048247148161,35.24885823670251,34.03735846589811,1.93,1.0,-0.05
PRO,2019-04-08,42.189998626708984,42.810001373291016,41.54999923706055,42.77000045776367,19.23413967791521,24.187270987665368,33.32273546903656,35.26193120164875,34.03427934613619,1.98,1.0,0.15
PRO,2019-04-09,42.5,43.75,42.5,43.380001068115234,19.607867975402915,24.24104074198162,32.56820099344843,35.29829155095047,34.04704750088838,2.06,1.0,0.45
PRO,2019-04-10,42.970001220703125,43.790000915527344,42.810001373291016,43.33000183105469,19.195550300139253,24.193466488135776,32.55192982888143,35.29841870145257,34.00082183347528,2.13,1.0,0.64
PRO,2019-04-11,43.36000061035156,43.470001220703125,42.810001373291016,43.25,19.166977006059824,23.945234797766226,31.573003712517888,35.08416748904444,33.99958666459591,2.23,1.0,0.96
PRO,2019-04-12,43.459999084472656,43.459999084472656,42.66999816894531,42.93000030517578,19.058124373838194,23.537321668038878,31.399305322750486,35.05422933287713,34.010156817942836,2.34,1.0,1.12
PRO,2019-04-15,43.0,43.7599983215332,42.77000045776367,43.59000015258789,19.40202215439255,23.620187951486606,31.436335548032513,35.077221774067034,34.034494473307454,2.43,2.0,1.15
PRO,2019-04-16,43.599998474121094,43.630001068115234,42.59000015258789,42.83000183105469,17.047739926443725,22.408124764518387,30.57732340462368,35.04034845908673,34.085374344238986,2.56,1.0,1.24
PRO,2019-04-17,42.970001220703125,43.2400016784668,42.349998474121094,42.83000183105469,16.798448123616435,21.898417056248597,29.51508424487771,34.75776590144991,34.03464686795231,2.71,1.0,1.41
PRO,2019-04-18,42.61000061035156,43.31999969482422,42.08000183105469,42.88999938964844,16.69422980914603,21.436849324553176,29.2864968799668,34.72323025168867,34.03463415223923,2.86,1.0,1.42
PRO,2019-04-22,42.58000183105469,43.689998626708984,42.58000183105469,43.54999923706055,17.163736032647474,21.539297141722635,29.212950255080322,34.75646984966033,34.05802798574182,3.0,1.0,1.33
PRO,2019-04-23,44.0,45.439998626708984,43.4900016784668,44.75,18.670320135063594,22.001389330090994,29.270772980043226,34.89564771930657,34.13991812709108,3.13,2.0,1.17
PRO,2019-04-24,44.52000045776367,45.470001220703125,44.36000061035156,45.290000915527344,18.68688763291498,22.023751574065088,29.063295868085802,34.91756260256795,34.15331220900839,3.26,1.0,1.0
PRO,2019-04-25,45.290000915527344,45.72999954223633,44.15999984741211,45.04999923706055,18.816176668744735,22.07292165634482,28.49989264457345,34.89658009793452,34.15423975822013,3.4,1.0,0.86
PRO,2019-04-26,48.959999084472656,53.349998474121094,48.959999084472656,50.45000076293945,36.731290383635745,31.32809666999349,33.40157436299085,37.24986928265942,35.717945532069,3.43,14.0,0.67
PRO,2019-04-29,50.61000061035156,53.290000915527344,50.529998779296875,51.599998474121094,36.744598933341216,31.45129043124011,33.523020114821236,37.29458933462839,35.77795695136234,3.46,15.0,0.51
PRO,2019-04-30,51.880001068115234,52.060001373291016,50.81999969482422,51.2400016784668,36.965106977831915,31.52643098893128,33.332624945860466,37.30265646896461,34.88618267215438,3.49,14.0,0.34
PRO,2019-05-01,51.09000015258789,51.70000076293945,50.54999923706055,50.810001373291016,37.2075974178652,31.193634425469767,32.35738047171551,37.3130422444422,34.89979639899103,3.53,11.0,0.16
PRO,2019-05-02,50.56999969482422,51.43000030517578,50.16999816894531,50.63999938964844,37.12238699701345,31.023251120733097,32.37881170465182,37.30832805740545,34.86718288909425,3.56,12.0,-0.01
PRO,2019-05-03,50.93000030517578,51.54999923706055,50.43000030517578,51.25,36.97203444337615,31.013179903301364,32.144422288746796,36.546763952697056,34.865454966408585,3.6,11.0,-0.17
PRO,2019-05-06,50.43000030517578,52.5,50.040000915527344,52.150001525878906,35.9504787789503,30.977564749422893,32.116359301696185,36.08260142529957,34.89331762034122,3.64,11.0,-0.31
PRO,2019-05-07,52.18000030517578,52.900001525878906,50.70000076293945,51.47999954223633,36.39773507537402,29.890354361124206,31.47784324482966,35.99731069171923,34.44708882366005,3.68,10.0,-0.45
PRO,2019-05-08,51.209999084472656,52.41999816894531,51.209999084472656,51.63999938964844,36.377470404053895,29.722757038545666,31.474471416572158,35.99365150007713,34.44380321015961,3.72,10.0,-0.58
PRO,2019-05-09,51.20000076293945,52.400001525878906,49.9900016784668,52.38999938964844,36.23972511192308,29.754161658193656,31.438230106728643,36.01275854806521,34.2936893051267,3.76,10.0,-0.69
PRO,2019-05-10,52.04999923706055,52.75,51.459999084472656,52.470001220703125,36.21990728065892,29.754738825087912,31.228655355507385,36.00065498795767,34.29079466453581,3.8,8.0,-0.8
PRO,2019-05-13,51.38999938964844,51.66999816894531,50.349998474121094,50.5,38.544525979098275,30.661049501943697,31.96052096913173,36.3098062602018,34.51408295541164,3.83,15.0,-0.89
PRO,2019-05-14,50.81999969482422,51.61000061035156,50.2599983215332,51.2599983215332,38.62786061444285,30.54553835723648,31.986017054428405,36.34009423619701,34.514735387330994,3.85,16.0,-0.98
PRO,2019-05-15,50.91999816894531,51.75,50.81999969482422,51.09000015258789,38.72793879208064,30.54100755135913,32.01263617829266,36.08689853936981,34.42684991039047,3.88,17.0,-1.05
PRO,2019-05-16,51.20000076293945,52.7599983215332,51.20000076293945,52.5,39.157071703216175,30.9005451236685,31.94244929579201,36.20482404133872,34.52134498268865,3.91,15.0,-1.13
PRO,2019-05-17,52.0,52.400001525878906,50.689998626708984,50.83000183105469,40.28823645508919,31.78339950754,31.90034550143823,36.3928384770623,34.68363880084516,3.93,15.0,-1.19
PRO,2019-05-20,50.349998474121094,50.91999816894531,49.540000915527344,50.29999923706055,40.58167483246324,31.704146818579893,31.99627291797158,36.40492228530088,34.702428131163565,3.95,19.0,-1.25
PRO,2019-05-21,51.0099983215332,51.779998779296875,50.2400016784668,51.689998626708984,41.036784161276756,32.068850074656766,31.301192388606758,36.50776236113666,34.68814048291884,3.97,9.0,-1.3
PRO,2019-05-22,51.56999969482422,52.209999084472656,51.5099983215332,51.650001525878906,41.01690393986194,32.081283086903014,31.31530940101157,36.505535126956325,34.438879231156974,3.99,10.0,-1.35
PRO,2019-05-23,52.86000061035156,54.310001373291016,51.90999984741211,52.459999084472656,41.056146630288346,32.094049375411075,31.314632842924862,36.41429999278409,34.40762028308581,4.01,10.0,-1.4
PRO,2019-05-24,52.5,53.77000045776367,52.36000061035156,52.95000076293945,40.98922330758267,32.11450861006313,31.233693976365632,36.39230209409395,34.415549236696144,4.02,9.0,-1.43
PRO,2019-05-28,53.619998931884766,56.90999984741211,53.58000183105469,55.65999984741211,42.603710248703294,33.462356404210276,31.866668603287312,36.799396105255425,34.74226019595595,4.03,19.0,-1.47
PRO,2019-05-29,55.130001068115234,56.040000915527344,54.54999923706055,55.56999969482422,42.65722645797574,33.38518395700876,30.83392211494375,36.77191345967737,34.740741257506805,4.04,8.0,-1.49
PRO,2019-05-30,55.0,56.70000076293945,55.0,56.65999984741211,42.06554662798045,32.466107535239615,30.447977813299264,36.73702792497507,34.78526856641251,4.05,7.0,-1.52
PRO,2019-05-31,56.220001220703125,57.41999816894531,55.689998626708984,56.70000076293945,42.05244344485415,32.35297846835701,30.139295574633802,36.684871926261394,34.78498012993419,4.06,7.0,-1.54
PRO,2019-06-03,56.66999816894531,56.709999084472656,54.68000030517578,55.529998779296875,42.9038891604454,32.79428851166901,30.396426087237767,36.78455177746556,34.828870488357126,4.07,8.0,-1.56
PRO,2019-06-04,56.16999816894531,57.93000030517578,55.68000030517578,57.72999954223633,43.75798635104714,33.51928607863929,30.830359447230148,37.03418740627854,35.02259127974581,4.08,11.0,-1.58
PRO,2019-06-05,58.0,59.93000030517578,57.58000183105469,59.88999938964844,44.18083711864095,34.1215987231296,31.21767073776996,37.25947474078441,35.176102810085006,4.08,13.0,-1.59
PRO,2019-06-06,59.599998474121094,60.290000915527344,58.689998626708984,60.16999816894531,44.19903143885968,34.02941463569431,31.1999224474123,36.939356854198465,35.17646655062343,4.09,13.0,-1.6
PRO,2019-06-07,60.38999938964844,61.529998779296875,59.70000076293945,60.09000015258789,44.09823350230811,34.065099391111154,31.175216553491115,36.93278870266587,35.15801165518688,4.09,13.0,-1.6
PRO,2019-06-10,60.72999954223633,61.400001525878906,59.290000915527344,59.7400016784668,31.488658167797016,33.934269348028586,31.120758459504437,36.79623621421288,34.95981115617594,4.09,13.0,-1.6
PRO,2019-06-11,60.150001525878906,60.63999938964844,58.7400016784668,59.45000076293945,31.21070138617493,33.845043370424555,30.894734315640974,36.80155622134008,34.963939041465444,4.09,13.0,-1.6
PRO,2019-06-12,59.45000076293945,61.27000045776367,59.130001068115234,60.93000030517578,31.521177310330273,34.063157699972706,31.021160442568334,36.86615765540067,35.033091356642394,4.09,14.0,-1.59
PRO,2019-06-13,61.0,61.290000915527344,60.25,61.11000061035156,31.24705927220942,34.06450543051911,30.341081635226036,36.86510420761089,34.96683656721281,4.09,8.0,-1.58
PRO,2019-06-14,61.18000030517578,62.040000915527344,60.63999938964844,61.650001525878906,31.124102603024422,33.96465632452421,30.073967214796944,36.86520690523345,34.957907259768994,4.09,7.0,-1.57
PRO,2019-06-17,62.38999938964844,64.0199966430664,61.86000061035156,62.40999984741211,31.128416880766448,33.88816779753876,29.925625434670266,36.800038483635696,34.96581111581174,4.09,7.0,-1.55
PRO,2019-06-18,62.65999984741211,64.30000305175781,62.630001068115234,63.45000076293945,31.102765019283908,33.334267631612455,29.949274647195377,36.786694155692636,34.95776210292642,4.08,8.0,-1.53
PRO,2019-06-19,63.529998779296875,65.19999694824219,63.45000076293945,64.80999755859375,30.818367814455428,33.44933730501854,30.007117282150364,36.80171540301304,35.009851131005725,4.07,9.0,-1.5
PRO,2019-06-20,65.30000305175781,66.30999755859375,64.83000183105469,65.19000244140625,30.793247282584602,33.42773391190682,29.984352036279983,36.772227095001824,34.98965698374814,4.06,9.0,-1.47
PRO,2019-06-21,64.88999938964844,66.19999694824219,64.80999755859375,66.01000213623047,30.762230782029743,33.32844500859255,29.965367840886508,36.21394029505689,34.929991187417656,4.05,9.0,-1.44
PRO,2019-06-24,66.13999938964844,66.30999755859375,64.12000274658203,64.44999694824219,32.06249064979748,33.91532376480801,30.353673432730393,36.12404065390916,35.003340395289214,4.03,15.0,-1.4
PRO,2019-06-25,64.55000305175781,64.9000015258789,61.65999984741211,62.119998931884766,31.887850061614337,35.080304149049674,31.083594410241155,36.36864514946823,35.10829608675374,4.01,23.0,-1.36
PRO,2019-06-26,62.47999954223633,63.779998779296875,61.810001373291016,61.900001525878906,31.933167958103354,35.13734446965478,31.094354356639876,36.34996700996177,35.012720633783225,3.98,24.0,-1.31
PRO,2019-06-27,61.939998626708984,62.689998626708984,61.11000061035156,62.040000915527344,31.82803069490102,35.14688804199864,30.797638853595515,36.080514083596796,34.98593269744708,3.95,19.0,-1.25
PRO,2019-06-28,62.15999984741211,63.650001525878906,61.83000183105469,63.2599983215332,31.466134032019795,35.222276044735885,30.739660221146252,36.126571250400666,34.9762255387962,3.92,19.0,-1.2
PRO,2019-07-01,63.95000076293945,64.5999984741211,62.36000061035156,63.45000076293945,29.297170790680525,34.934626704850615,30.719410110738604,35.743722602313014,34.93394099575198,3.89,19.0,-1.13
PRO,2019-07-02,63.52000045776367,65.04000091552734,63.38999938964844,65.04000091552734,29.208725121674604,35.12618912264453,30.795203084196647,35.82667571656948,35.00599317321081,3.85,21.0,-1.06
PRO,2019-07-03,65.02999877929688,65.61000061035156,64.75,65.0999984741211,28.737702340151987,35.140813267229504,30.014365315369577,35.65352793213988,34.99276428925722,3.8,12.0,-1.0
PRO,2019-07-05,64.86000061035156,65.72000122070312,64.37000274658203,65.6500015258789,28.62574489550868,35.11051997601539,29.92297248351128,35.65150893576844,34.99820331429351,3.76,7.0,-0.93
PRO,2019-07-08,65.45999908447266,65.68000030517578,65.08999633789062,65.25,28.816497134922585,35.17377718258275,29.958485616920647,35.45794517694134,34.89063280380053,3.71,10.0,-0.85
PRO,2019-07-09,64.94000244140625,66.22000122070312,64.58999633789062,66.08000183105469,28.853171973997732,35.14653752568474,29.97935167936674,35.409021453194086,34.84375886393424,3.66,12.0,-0.77
PRO,2019-07-10,66.37000274658203,67.52999877929688,66.05999755859375,67.25,26.101291806659926,35.07938083756007,29.842330369782715,34.91610044459355,34.85765924041134,3.6,7.0,-0.69
PRO,2019-07-11,67.37000274658203,68.1500015258789,66.41999816894531,68.08999633789062,26.0479120048291,35.0572913247322,29.721805950103676,34.87860147835335,34.84678220205766,3.54,7.0,-0.6
PRO,2019-07-12,68.16999816894531,68.95999908447266,66.79000091552734,68.63999938964844,25.774972523903152,34.667265630204,29.68945350528892,34.85683261051361,34.84868019222681,3.48,7.0,-0.52
PRO,2019-07-15,69.04000091552734,69.30000305175781,67.94000244140625,68.04000091552734,26.10140407867026,34.798737980253236,29.768655444825303,34.81326298077532,34.848292583643385,3.41,9.0,-0.44
PRO,2019-07-16,68.37000274658203,68.47000122070312,67.31999969482422,67.8499984741211,24.98340547727472,34.84185995424809,29.78579992389741,34.252385392921916,34.846714407101125,3.33,10.0,-0.36
PRO,2019-07-17,67.76000213623047,68.0,66.87000274658203,67.38999938964844,23.323224191941737,34.929052574730306,29.732766532201953,34.09263981289216,34.72199848615638,3.26,9.0,-0.29
PRO,2019-07-18,67.20999908447266,67.6500015258789,66.31999969482422,66.9800033569336,21.518354514495563,34.784651872204755,29.778970739918908,33.65043972410939,34.73199611284801,3.17,11.0,-0.24
PRO,2019-07-19,67.0,67.51000213623047,65.98999786376953,66.08000183105469,22.08810730835713,35.011921057202585,29.919149071026084,33.664747066410236,34.741560305022695,3.08,14.0,-0.2
PRO,2019-07-22,66.30000305175781,67.13999938964844,65.81999969482422,66.08999633789062,22.066311621902006,34.95238740502007,29.88279135602097,33.66679266026008,34.73904901882405,3.01,14.0,-0.11
PRO,2019-07-23,66.37999725341797,66.37999725341797,64.6500015258789,66.12000274658203,21.91777538711857,26.958050754494106,29.889368796254384,33.27352349110573,34.73908264299366,2.94,15.0,0.02
PRO,2019-07-24,65.9800033569336,67.94000244140625,65.52999877929688,67.8499984741211,22.705221590312245,27.06024822362399,30.067519092471024,33.35184120544872,34.81953468671592,2.86,26.0,0.14
PRO,2019-07-25,68.08999633789062,68.08999633789062,66.62999725341797,67.41000366210938,22.08322600106355,27.051398342597686,30.050828777175496,33.37429993365265,34.659940134770274,2.78,26.0,0.27
PRO,2019-07-26,72.9800033569336,74.7300033569336,71.0,73.48999786376953,32.648825472011126,31.68366191618899,32.07263066513574,34.63440939305163,35.63990494190562,2.69,67.0,0.37
PRO,2019-07-29,73.6500015258789,73.9000015258789,70.73999786376953,72.75,32.97424562260108,31.800524901676624,32.09169487439963,34.67499365839941,35.653826800332936,2.59,68.0,0.44
PRO,2019-07-30,71.94000244140625,73.5999984741211,71.58999633789062,72.88999938964844,32.92681728213211,31.787105151351565,32.09578646107857,34.433571416109025,35.59280549798978,2.5,69.0,0.56
PRO,2019-07-31,73.18000030517578,73.7300033569336,70.9800033569336,72.36000061035156,32.9370433603741,31.80732612213722,32.160989290579174,34.35289910731898,35.3874394150316,2.4,72.0,0.65
PRO,2019-08-01,72.26000213623047,73.77999877929688,71.05999755859375,71.38999938964844,32.93207684870199,31.82148690213306,32.303389203460114,34.05206319708692,35.39265565516221,2.31,73.0,0.74
PRO,2019-08-02,71.30999755859375,71.30999755859375,69.86000061035156,70.01000213623047,33.57091883361812,32.22788405165442,32.49539548782661,33.71755314330172,35.4581077381467,2.21,76.0,0.76
PRO,2019-08-05,68.37000274658203,68.79000091552734,66.83000183105469,67.41999816894531,35.36035921850093,33.33315001776921,33.2031247736413,34.07731153541395,35.68505915616435,2.12,79.0,0.76
PRO,2019-08-06,68.0,69.04000091552734,66.91999816894531,68.8499984741211,35.03698601083763,33.50456800159627,33.182235898802546,33.59544168777885,35.73056211957566,2.03,79.0,0.65
PRO,2019-08-07,68.33999633789062,71.55000305175781,67.69999694824219,71.0999984741211,34.05082739991533,32.76281085531414,33.349815808285,33.6467790210445,35.83866369321376,1.96,83.0,0.62
PRO,2019-08-08,71.91000366210938,73.9000015258789,71.87999725341797,73.76000213623047,35.20496051513756,33.324755748702664,33.721292077286414,33.84547503908836,35.94245258907587,1.89,86.0,0.49
PRO,2019-08-09,73.58999633789062,75.4000015258789,73.58999633789062,75.12999725341797,35.37268028922409,33.36078308670179,33.780507845328174,33.31906231967142,35.952817334583465,1.81,87.0,0.25
PRO,2019-08-12,74.48999786376953,74.88999938964844,71.79000091552734,72.08999633789062,37.725720267748414,34.47370619033354,34.543292258896685,33.26908379446543,36.21668030904748,1.75,92.0,-0.14
PRO,2019-08-13,72.30000305175781,73.08000183105469,71.7300033569336,72.77999877929688,37.75274545941806,33.57881184786164,34.48259474120275,33.17470680287237,36.21971644600976,1.71,92.0,-0.33
PRO,2019-08-14,71.36000061035156,71.58999633789062,69.4000015258789,69.58000183105469,39.86290129784915,35.01389725087847,35.07931943170419,33.6180757861844,36.51959284150147,1.68,97.0,-0.53
PRO,2019-08-15,69.6500015258789,70.54000091552734,69.01000213623047,70.37000274658203,39.94607563823421,34.74010683675752,35.07768280802448,33.54664466625278,35.94746772194206,1.68,97.0,-0.57
PRO,2019-08-16,71.08999633789062,72.77999877929688,70.8499984741211,72.41999816894531,40.630553054121464,35.049921278412015,35.27151410190078,33.545152555005885,35.662808147860645,1.67,99.0,-0.57
PRO,2019-08-19,73.55999755859375,74.44999694824219,69.01000213623047,72.61000061035156,40.53402655516627,34.993656899991855,35.22609173801137,33.27624510121961,35.56388968077089,1.67,99.0,-0.58
PRO,2019-08-20,72.23999786376953,73.5999984741211,71.6500015258789,73.11000061035156,40.4561051126279,34.98568442577252,35.216856039024314,33.27354491932584,35.5641708929667,1.68,98.0,-0.55
PRO,2019-08-21,73.9000015258789,75.13999938964844,73.61000061035156,74.08000183105469,40.342655116637445,33.77748808027135,35.234650548640495,33.28879648589954,35.573095440160415,1.69,99.0,-0.51
PRO,2019-08-22,74.22000122070312,74.56999969482422,72.9800033569336,74.41000366210938,40.25093777368471,33.751395635627006,35.23447385406299,33.15485471264005,35.562854547127536,1.71,98.0,-0.48
PRO,2019-08-23,73.79000091552734,73.9000015258789,67.44999694824219,67.9000015258789,48.635145068134705,38.96691828035584,38.46207081467687,34.51444582570826,36.790912761851416,1.82,100.0,0.9
PRO,2019-08-26,68.5999984741211,71.0999984741211,68.38999938964844,70.73999786376953,50.005285764809116,39.73136256257164,38.88243697851915,34.78456589755846,36.98830784161742,1.94,100.0,1.87
PRO,2019-08-27,72.44000244140625,72.55000305175781,69.9800033569336,70.87999725341797,49.99046512597118,39.4032676480488,38.74818050620765,34.6580562734711,36.81429937716813,2.05,99.0,2.2
PRO,2019-08-28,70.2300033569336,70.9800033569336,69.5199966430664,69.94999694824219,50.1167218392906,38.88124612123632,38.857888342423806,34.67256253171468,36.844925113359956,2.16,99.0,2.29
PRO,2019-08-29,71.0,71.81999969482422,70.5199966430664,71.41999816894531,50.379844320133635,38.42876876569872,38.9279861527254,34.34437300612661,36.859054560570776,2.27,100.0,2.19
PRO,2019-08-30,71.58999633789062,71.58999633789062,69.38999938964844,71.0199966430664,50.21796742626017,38.466741831616744,38.93776120069949,34.36420032090688,36.85829679980465,2.38,100.0,1.96
PRO,2019-09-03,70.5999984741211,71.18000030517578,69.22000122070312,69.30000305175781,50.819409796939816,38.863570427153164,39.20637044990576,34.49755309908338,36.944602614742834,2.49,100.0,1.75
PRO,2019-09-04,70.0,70.83000183105469,69.62000274658203,69.77999877929688,50.841345447592666,38.83621468056918,39.193798504165365,34.39757895472731,36.94389347217035,2.59,99.0,1.48
PRO,2019-09-05,70.88999938964844,70.91999816894531,67.68000030517578,67.7300033569336,51.11296288056353,39.373743112808405,39.531095666905244,34.62537228480479,36.999239768271536,2.7,100.0,1.26
PRO,2019-09-06,67.72000122070312,67.93000030517578,64.55000305175781,64.62999725341797,52.86269586201365,40.34657548019651,40.32479876103857,35.14806356334755,37.300607638945685,2.82,100.0,1.13
PRO,2019-09-09,64.9800033569336,64.9800033569336,61.349998474121094,62.97999954223633,46.26782384381673,40.71692660274976,40.4583754411358,35.32505801294551,37.381875187237284,2.93,100.0,0.97
PRO,2019-09-10,62.84000015258789,63.11000061035156,61.279998779296875,62.189998626708984,46.296888258335315,40.76715035823726,40.538541564313405,35.2620723931463,37.38884848031038,3.03,100.0,0.82
PRO,2019-09-11,62.63999938964844,63.689998626708984,61.52000045776367,63.09000015258789,46.60341878668658,40.796284079982506,40.57182882082977,34.99598390756715,37.34379095639612,3.12,100.0,0.66
PRO,2019-09-12,63.349998474121094,65.37000274658203,63.25,63.290000915527344,46.65357357464661,40.65928890621232,40.53064705145072,34.994902922593134,37.307857104849916,3.21,98.0,0.5
PRO,2019-09-13,63.45000076293945,63.65999984741211,62.31999969482422,62.86000061035156,46.581322993161834,40.438752330114326,40.38917376775122,34.549010125488685,37.31770134681539,3.28,96.0,0.32
PRO,2019-09-16,61.939998626708984,63.130001068115234,61.790000915527344,62.439998626708984,46.36364324920411,40.436301439103836,40.396942113077365,34.57197690354186,37.32084922811314,3.35,96.0,0.16
PRO,2019-09-17,62.630001068115234,63.310001373291016,60.90999984741211,62.2400016784668,45.23734630877822,40.34501978765404,40.38701560415459,34.565454526089844,37.324008339360596,3.4,94.0,0.01
PRO,2019-09-18,62.36000061035156,63.0,61.7400016784668,62.290000915527344,44.69525096387885,40.06184638655115,36.33415363713124,34.51463619520821,37.101956936450044,3.42,83.0,-0.08
PRO,2019-09-19,62.54999923706055,63.0099983215332,61.11000061035156,61.33000183105469,43.52608683152195,39.4722106763188,36.29183586912358,34.52304028309913,37.137655686496416,3.43,82.0,-0.15
PRO,2019-09-20,61.630001068115234,62.34000015258789,60.560001373291016,61.310001373291016,41.73240524167132,39.466107907743854,36.26643098250742,34.0365358958564,37.036805064241065,3.45,81.0,-0.23
PRO,2019-09-23,61.33000183105469,61.810001373291016,60.189998626708984,60.47999954223633,41.12210350443535,39.55874717792608,36.31313341230396,33.838457646280546,37.066876125313,3.46,82.0,-0.32
PRO,2019-09-24,61.060001373291016,61.189998626708984,58.630001068115234,58.900001525878906,40.26995672996947,39.69204461743195,36.58017856028602,33.83969449074466,37.159831167455515,3.48,83.0,-0.41
PRO,2019-09-25,58.689998626708984,59.31999969482422,57.119998931884766,59.150001525878906,40.11320090940715,39.69842699706071,36.5444472271613,33.81194629620069,37.15909926875538,3.5,82.0,-0.49
PRO,2019-09-26,59.04999923706055,59.4900016784668,58.11000061035156,59.369998931884766,38.55118283712965,39.34428190914254,36.456618828956366,33.80556909590621,37.15626832687442,3.51,81.0,-0.57
PRO,2019-09-27,59.59000015258789,59.689998626708984,58.27000045776367,58.83000183105469,38.24114729908034,39.371610479806634,36.423891813701864,33.834554316992595,37.120866390907345,3.52,80.0,-0.64
PRO,2019-09-30,58.849998474121094,60.470001220703125,58.68000030517578,59.599998474121094,37.26134945457261,39.43310442626978,36.47000629100047,33.85073429382248,37.10828153549681,3.53,81.0,-0.71
PRO,2019-10-01,59.880001068115234,60.41999816894531,58.029998779296875,58.52000045776367,37.309622302512544,39.571155225755,36.54307150311567,33.93466508742092,37.13673469054349,3.54,81.0,-0.77
PRO,2019-10-02,57.95000076293945,58.130001068115234,56.70000076293945,56.900001525878906,37.53934469131302,39.81486832316998,36.835337018153794,34.058021135802385,37.2419422325728,3.55,83.0,-0.84
PRO,2019-10-03,56.849998474121094,59.08000183105469,56.08000183105469,58.959999084472656,39.179906875202136,40.36946147294317,36.705930573191395,34.16503746880476,37.01364434083289,3.56,82.0,-0.9
PRO,2019-10-04,59.400001525878906,60.43000030517578,58.790000915527344,60.290000915527344,39.99108467435992,40.572761694005486,36.79289543256738,34.23713914821526,36.88829116951726,3.57,82.0,-0.96
PRO,2019-10-07,60.18000030517578,61.119998931884766,59.38999938964844,60.77000045776367,31.12831654174812,40.57154744672924,36.79776214472359,33.85270937076989,36.84915271204153,3.58,82.0,-1.01
PRO,2019-10-08,60.22999954223633,60.5099983215332,58.119998931884766,59.880001068115234,28.234364550363537,40.632426383210344,36.6607332442974,33.814174599250705,36.872526749602905,3.59,79.0,-1.06
PRO,2019-10-09,60.70000076293945,61.68000030517578,60.369998931884766,61.16999816894531,29.22163687420992,40.91497953030384,36.39573042546138,33.776448552767086,36.742940142210784,3.6,72.0,-1.1
PRO,2019-10-10,60.869998931884766,61.119998931884766,58.650001525878906,58.75,30.903366336916005,41.664118839151435,36.95832448129503,34.16452128630772,36.99170877273537,3.61,83.0,-1.14
PRO,2019-10-11,59.560001373291016,60.939998626708984,59.560001373291016,60.349998474121094,31.403861175358877,42.08102284212075,36.95147982305043,34.27329935832793,36.822476367419895,3.62,82.0,-1.18
PRO,2019-10-14,60.130001068115234,60.95000076293945,59.7599983215332,60.369998931884766,31.451096566582947,42.010958590269745,36.95012748375986,34.27157667683766,36.822951365264586,3.62,81.0,-1.22
PRO,2019-10-15,60.63999938964844,61.13999938964844,60.119998931884766,60.72999954223633,31.080480099622687,42.03749681120131,36.888864833557534,34.26675590818115,36.69121578139316,3.63,80.0,-1.25
PRO,2019-10-16,60.119998931884766,60.119998931884766,56.869998931884766,58.869998931884766,31.822726420468044,42.473058298495786,37.226514030742344,34.50656110184717,36.84285812088938,3.63,83.0,-1.28
PRO,2019-10-17,59.060001373291016,59.70000076293945,58.20000076293945,59.290000915527344,31.18070612618537,42.12222766995538,36.40777581624013,34.4799638564642,36.68509511261625,3.63,67.0,-1.3
PRO,2019-10-18,59.15999984741211,59.2400016784668,55.91999816894531,56.88999938964844,30.56215088503325,42.870204469702166,37.010771130030555,34.87173102508548,36.907031232680474,3.63,82.0,-1.32
PRO,2019-10-21,57.560001373291016,59.2400016784668,56.33000183105469,56.439998626708984,29.895145634365672,38.63834924545641,36.90439219204629,34.711154072578935,36.58491970848141,3.62,78.0,-1.33
PRO,2019-10-22,56.65999984741211,57.119998931884766,54.29999923706055,54.43000030517578,31.26511222873255,39.171433126781,37.34933139933865,34.92016899836982,36.7621042398761,3.62,83.0,-1.34
PRO,2019-10-23,54.20000076293945,55.2400016784668,53.849998474121094,54.029998779296875,30.759352249877107,39.14926338125036,37.2226404616336,34.935230260619754,36.7508672437109,3.61,81.0,-1.35
PRO,2019-10-24,54.4900016784668,56.02000045776367,54.4900016784668,55.2599983215332,31.71097770595321,39.548778694713995,36.874118467960734,34.99768781198386,36.74304289418397,3.6,74.0,-1.35
PRO,2019-10-25,49.439998626708984,58.95000076293945,45.47999954223633,55.31999969482422,31.743981058295528,39.51989657033968,36.390496152035496,34.55369677264827,36.38768395926149,3.59,60.0,-1.35
PRO,2019-10-28,55.59000015258789,55.810001373291016,51.560001373291016,51.599998474121094,36.970824491613364,41.623953132739224,37.982365012973176,35.51081141651643,36.95093567236161,3.6,83.0,-1.36
PRO,2019-10-29,51.599998474121094,52.86000061035156,51.470001220703125,52.15999984741211,37.295741002554955,41.18526806029406,38.0327737007779,35.506982600513446,36.62887286026387,3.6,83.0,-1.37
PRO,2019-10-30,52.18000030517578,53.040000915527344,51.959999084472656,52.54999923706055,37.448802520764126,40.92314430204398,38.051916814755934,35.50597518238163,36.592674571646846,3.6,83.0,-1.37
PRO,2019-10-31,52.5099983215332,52.66999816894531,51.09000015258789,51.2400016784668,37.77549092504327,40.414494767629556,38.23782691596451,35.51813210596931,36.69005154190357,3.6,83.0,-1.36
PRO,2019-11-01,51.5,53.36000061035156,49.95000076293945,52.779998779296875,39.13761371199054,40.12241488760605,38.33318890163275,35.63374829368022,36.56229882533361,3.6,83.0,-1.36
PRO,2019-11-04,53.470001220703125,53.470001220703125,51.290000915527344,51.33000183105469,39.62458850266009,40.0614625879043,38.554781218977006,35.79777904552435,36.673836155765635,3.59,84.0,-1.34
PRO,2019-11-05,51.90999984741211,52.869998931884766,51.34000015258789,52.689998626708984,40.1325750083431,39.93250552541344,38.77333746614271,35.917453402724306,36.752234434241224,3.58,85.0,-1.33
PRO,2019-11-06,52.45000076293945,52.630001068115234,51.29999923706055,51.77000045776367,40.2559449556587,39.891653303928265,38.79218496258676,35.973670523041356,36.73145351972256,3.57,85.0,-1.31
PRO,2019-11-07,52.099998474121094,52.15999984741211,50.11000061035156,50.43000030517578,40.66198239924102,39.28362337201131,38.869701925028934,36.04256675126757,36.838650694858885,3.55,86.0,-1.28
PRO,2019-11-08,50.310001373291016,52.130001068115234,50.310001373291016,52.060001373291016,42.046781859567666,39.87586416325855,39.06883936078634,36.21581180670164,36.77333830055487,3.54,89.0,-1.25
PRO,2019-11-11,51.9900016784668,52.54999923706055,51.72999954223633,52.11000061035156,41.765637038509745,39.274003904052776,39.05094946583029,36.21513775894001,36.71626729850318,3.52,88.0,-1.22
PRO,2019-11-12,52.2599983215332,52.91999816894531,51.81999969482422,52.290000915527344,41.61591182376657,39.28166966635939,38.99037172759802,36.18048949466529,36.50053872454503,3.5,87.0,-1.18
PRO,2019-11-13,51.97999954223633,53.099998474121094,51.88999938964844,52.5,41.021154686418704,39.24772881278179,38.848575157019475,36.17928634709025,36.230017029137436,3.48,81.0,-1.14
PRO,2019-11-14,52.279998779296875,53.52000045776367,51.970001220703125,52.27000045776367,39.38593831523768,39.05487791506058,38.448776556455655,36.16804222603761,36.22389668526311,3.46,75.0,-1.09
PRO,2019-11-15,52.58000183105469,54.36000061035156,52.27000045776367,54.36000061035156,40.651505827645316,40.08105339015068,38.992395645764276,36.43096836728129,36.08552633173166,3.45,87.0,-1.04
PRO,2019-11-18,53.9900016784668,54.900001525878906,53.59000015258789,54.7599983215332,40.63731012356517,35.888828574392484,39.012485441107216,36.172506604469426,36.00301335214799,3.43,87.0,-0.99
PRO,2019-11-19,54.9900016784668,56.15999984741211,54.439998626708984,56.119998931884766,41.27956971798663,35.167805080687366,39.08906710942011,36.25387003729411,36.06701836228894,3.42,89.0,-0.92
PRO,2019-11-20,55.869998931884766,57.54999923706055,55.86000061035156,57.2400016784668,41.20518554598101,35.48130071354688,39.22520023792245,36.3094867841779,35.7688096993829,3.39,91.0,-0.85
PRO,2019-11-21,57.38999938964844,57.650001525878906,56.58000183105469,57.27000045776367,39.58774521377587,35.43343095923267,39.00782934608589,36.308991626987854,35.397871503639436,3.37,84.0,-0.77
PRO,2019-11-22,57.63999938964844,58.0099983215332,57.04999923706055,57.77000045776367,38.82491492104207,35.16717745707157,39.03844840626034,36.31639348638774,35.32214856591918,3.33,85.0,-0.69
PRO,2019-11-25,58.11000061035156,60.619998931884766,57.970001220703125,60.61000061035156,41.388124415527045,36.71367742061447,39.78480155057832,36.71205438556442,35.57395705288397,3.3,92.0,-0.61
PRO,2019-11-26,60.70000076293945,61.86000061035156,60.5,61.560001373291016,41.59850148107205,36.61218296024719,39.85972988214445,36.74318705019001,35.5320910812068,3.26,92.0,-0.52
PRO,2019-11-27,61.88999938964844,62.70000076293945,61.5,62.400001525878906,40.657435831088215,36.706297974411925,39.8677004611079,36.725378970908864,35.477920321637576,3.22,92.0,-0.42
PRO,2019-11-29,62.11000061035156,63.2400016784668,61.9900016784668,62.290000915527344,40.64076001739024,36.241049076263224,39.76196085251693,36.65241879299683,35.27898320435265,3.17,89.0,-0.32
PRO,2019-12-02,62.220001220703125,62.279998779296875,58.790000915527344,60.459999084472656,39.710134227350544,35.488925628709445,39.970281431361855,36.84394446536349,35.427277833685835,3.12,92.0,-0.23
PRO,2019-12-03,59.11000061035156,61.70000076293945,58.650001525878906,61.54999923706055,39.85132053198151,35.31748755903584,40.058360735900436,36.891493746323334,35.46041739894098,3.06,92.0,-0.14
PRO,2019-12-04,61.86000061035156,62.2599983215332,61.06999969482422,61.869998931884766,38.08425064961589,35.24236485097679,40.0514683508976,36.878720929811934,35.35668081765695,3.0,91.0,-0.05
PRO,2019-12-05,61.9900016784668,62.29999923706055,60.2400016784668,60.5099983215332,38.716863102373495,35.39894904077441,40.19278473390092,36.93705098133107,35.090641350547955,2.94,92.0,0.04
PRO,2019-12-06,61.0099983215332,61.56999969482422,60.0,60.0099983215332,38.45015170262989,35.423486349806545,40.1988403736834,36.82297841647478,35.10338642462359,2.87,92.0,0.11
PRO,2019-12-09,59.72999954223633,60.25,59.040000915527344,59.84000015258789,38.481686578924844,35.40441151963324,40.191961731670276,36.809469183884936,35.03074837445945,2.79,90.0,0.17
PRO,2019-12-10,59.779998779296875,60.540000915527344,59.720001220703125,60.2599983215332,31.814155641388748,35.418480868466055,40.162807510292815,36.81424489972528,34.99002262846489,2.72,89.0,0.21
PRO,2019-12-11,60.150001525878906,60.47999954223633,58.439998626708984,58.63999938964844,33.114208137016256,35.83463131035363,40.37916293512388,36.96400099634452,34.87259517808038,2.64,93.0,0.2
PRO,2019-12-12,58.529998779296875,59.2400016784668,57.790000915527344,58.27000045776367,33.22661121837893,35.84917340339216,40.38646594926706,36.97617007681515,34.88384803444028,2.55,93.0,0.12
PRO,2019-12-13,58.130001068115234,59.630001068115234,57.91999816894531,58.84000015258789,32.13071575076916,35.78899843479176,40.19200039552649,36.98797032248152,34.855019769765434,2.46,88.0,-0.03
PRO,2019-12-16,59.380001068115234,61.29999923706055,59.380001068115234,61.13999938964844,32.81360922400279,36.67239088105686,40.67537676508388,37.23836729218093,34.9787678740617,2.36,100.0,-0.35
PRO,2019-12-17,61.09000015258789,61.2400016784668,60.02000045776367,61.06999969482422,31.37826870516983,36.56396480759733,38.188986194076485,37.23588463683921,34.97576464306557,2.3,51.0,-0.29
PRO,2019-12-18,61.099998474121094,62.060001373291016,60.869998931884766,61.810001373291016,30.844777121245176,36.21603389472086,38.2288912210514,37.25370002010933,34.98643562414393,2.23,51.0,-0.26
PRO,2019-12-19,61.70000076293945,62.20000076293945,60.150001525878906,60.65999984741211,30.92186551827106,36.42942632030175,38.32108434673492,37.27851492534599,35.05002397946875,2.16,52.0,-0.25
PRO,2019-12-20,61.060001373291016,62.0,60.66999816894531,61.2599983215332,29.460805854324768,36.4747235057168,38.35549105114994,37.28640856940051,34.980838660714944,2.09,53.0,-0.29
PRO,2019-12-23,61.25,61.68000030517578,60.720001220703125,61.5099983215332,28.468932002654896,36.425738951573486,38.31893117474329,37.27264807129031,34.78848743685757,2.01,50.0,-0.36
PRO,2019-12-24,61.790000915527344,61.790000915527344,61.22999954223633,61.33000183105469,28.545786375577226,36.34293409779797,38.2105799313185,37.24911350363559,34.79325595149591,1.94,47.0,-0.47
PRO,2019-12-26,61.560001373291016,62.119998931884766,61.25,61.560001373291016,28.544134930347532,36.13697490122554,37.77021353379344,37.24792473260118,34.43840554958178,1.88,42.0,-0.49
PRO,2019-12-27,61.95000076293945,61.95000076293945,60.61000061035156,61.459999084472656,28.61531215219091,35.63604262783295,37.60672950719904,37.247614887624756,34.440706436690185,1.82,41.0,-0.57
PRO,2019-12-30,61.45000076293945,61.45000076293945,59.939998626708984,61.119998931884766,28.651130039957597,34.9360783004732,37.23151971592366,37.241617582013575,34.44156168015374,1.76,39.0,-0.69
PRO,2019-12-31,60.88999938964844,61.380001068115234,59.61000061035156,59.91999816894531,27.656512183816684,34.8850123664103,36.83321787444062,37.29663404961464,34.47153247930229,1.71,28.0,-0.8
PRO,2020-01-02,60.5099983215332,62.099998474121094,60.459999084472656,61.959999084472656,28.997871843569484,35.52337059237475,37.123200306350746,37.41279221627888,34.56716562535053,1.65,36.0,-0.94
PRO,2020-01-03,61.0,62.20000076293945,60.47999954223633,61.79999923706055,28.397822937237212,35.39006810392219,36.58267764475916,37.41603888815209,34.238412207216626,1.62,22.0,-1.0
PRO,2020-01-06,61.040000915527344,63.20000076293945,61.040000915527344,62.959999084472656,28.34080810207838,35.32620133147303,36.6807226545992,37.46720530569042,34.078408354187054,1.59,23.0,-1.08
PRO,2020-01-07,62.83000183105469,64.37999725341797,62.560001373291016,64.0,28.583610557278917,34.42655995448419,36.116667575404264,37.47292817939779,33.9661996916335,1.57,7.0,-1.11
PRO,2020-01-08,64.05999755859375,65.45999908447266,63.869998931884766,64.63999938964844,28.605001712384887,34.0651962540788,36.10584395526498,37.366120985422455,33.95181553761046,1.55,6.0,-1.15
PRO,2020-01-09,65.0,65.66999816894531,64.52999877929688,65.33000183105469,25.459687222028688,34.119895078893585,35.841968384575985,37.36131329142251,33.95728788001199,1.54,5.0,-1.18
PRO,2020-01-10,65.62999725341797,65.95999908447266,64.77999877929688,65.12999725341797,25.200767590957458,34.11765231937014,35.83859311908682,37.356036477689194,33.95916775537702,1.53,4.0,-1.21
PRO,2020-01-13,65.31999969482422,66.5,64.80000305175781,66.44000244140625,25.522212737032753,33.655471042070495,35.97192716070475,35.004604358299304,34.00070315577044,1.52,5.0,-1.25
PRO,2020-01-14,66.41000366210938,67.31999969482422,65.88999938964844,66.97000122070312,25.549887369327724,33.66131293251764,35.929131484665646,34.92379084578082,33.99620724479516,1.51,4.0,-1.29
PRO,2020-01-15,67.01000213623047,68.33999633789062,66.94000244140625,67.94999694824219,23.865510289571844,32.51561166176177,36.00366166148933,34.94335365189241,33.958526057006736,1.49,5.0,-1.34
PRO,2020-01-16,68.08000183105469,68.80999755859375,67.58999633789062,68.0,23.50761728809707,32.4398848463026,32.9395107448251,34.92326786342693,33.88253083095834,1.58,1.0,-0.49
PRO,2020-01-17,68.51000213623047,68.72000122070312,65.77999877929688,66.02999877929688,25.335267813904316,32.11294543497167,32.604693641812496,35.110941616625205,34.03581086503403,1.68,1.0,0.15
PRO,2020-01-21,66.12000274658203,67.29000091552734,65.48999786376953,65.66000366210938,24.385046520180236,32.090196167852184,32.6111811543101,35.098580997473746,33.759620148761925,1.76,2.0,0.44
PRO,2020-01-22,65.7300033569336,66.41999816894531,64.52999877929688,64.77999877929688,24.634302919009468,32.01539046346297,32.613984948511025,35.09031177267665,33.72662163341615,1.84,3.0,0.55
PRO,2020-01-23,64.68000030517578,64.94000244140625,64.16000366210938,64.44999694824219,24.68617389013176,32.053440431470385,32.43675067662508,35.05813777507991,33.65523343568586,1.92,1.0,0.6
PRO,2020-01-24,65.1500015258789,66.58000183105469,63.279998779296875,64.08999633789062,24.755575954421946,28.371559936494478,32.43669658659405,35.06678185816007,33.66302167177478,1.99,1.0,0.57
PRO,2020-01-27,62.5,63.7400016784668,62.5,62.79999923706055,24.116877880323038,28.749683744527093,32.36630512094607,35.123387543130484,33.736098346711564,2.06,1.0,0.51
PRO,2020-01-28,63.25,63.619998931884766,62.709999084472656,63.18000030517578,23.999035270870827,28.74198351331269,32.36120423117806,35.12837281017714,33.73637176220819,2.12,1.0,0.42
PRO,2020-01-29,63.58000183105469,63.66999816894531,62.70000076293945,62.9900016784668,23.958520120182374,28.16178464421986,32.03153547429636,34.81941545052025,33.73737701614148,2.19,1.0,0.36
PRO,2020-01-30,62.58000183105469,63.59000015258789,61.900001525878906,62.439998626708984,21.566242606943476,27.73358983108924,31.195227982765704,34.800989753118586,33.755606959002336,2.26,1.0,0.43
PRO,2020-01-31,62.209999084472656,62.439998626708984,59.540000915527344,60.0,24.56500358728802,28.4014774818283,31.563713966696554,35.13326380380122,33.99448105002356,2.32,2.0,0.38
PRO,2020-02-03,60.130001068115234,61.77000045776367,59.849998474121094,61.4900016784668,25.376130443523248,28.345984873884607,31.750498039540165,35.10627116828193,34.06511196647372,2.37,3.0,0.29
PRO,2020-02-04,62.279998779296875,63.52000045776367,62.0,62.68000030517578,25.341556004568616,28.229122288701596,31.815297979599354,34.94896912662575,33.970017553324055,2.41,4.0,0.19
PRO,2020-02-05,63.45000076293945,63.45000076293945,60.810001373291016,60.900001525878906,26.625279490795613,28.34885705887093,32.1359357608206,35.10189075545282,34.04191625353853,2.44,6.0,0.07
PRO,2020-02-06,61.13999938964844,61.29999923706055,59.40999984741211,60.02000045776367,26.911573753668964,27.935788884113162,32.19877668988341,35.011116932811795,34.08005584459862,2.47,7.0,-0.04
PRO,2020-02-07,51.54999923706055,58.16999816894531,50.52000045776367,54.22999954223633,39.69403940089951,35.11676519330642,35.95900998313119,37.04330161391889,35.602566869841226,2.45,19.0,-0.04
PRO,2020-02-10,53.970001220703125,54.869998931884766,53.27000045776367,53.279998779296875,39.811400719098785,35.311495262056276,36.05062547172996,37.05889373036107,35.3338499696061,2.43,22.0,-0.03
PRO,2020-02-11,53.83000183105469,53.83000183105469,52.06999969482422,52.15999984741211,40.07999810682476,35.57687594374441,36.18358399060872,37.12815814855584,35.35419698327132,2.43,25.0,-0.03
PRO,2020-02-12,52.369998931884766,52.72999954223633,51.529998779296875,52.040000915527344,40.09047416830048,35.56871563468496,36.11643631487138,36.649211183479004,35.33980490635808,2.43,24.0,-0.03
PRO,2020-02-13,51.7599983215332,53.22999954223633,50.97999954223633,51.29999923706055,39.94930313765629,34.72557999975302,36.17174638644307,36.68609064699651,35.366917671131795,2.43,26.0,-0.04
PRO,2020-02-14,51.400001525878906,51.88999938964844,50.650001525878906,50.790000915527344,38.24445991089263,34.73026597492902,36.146010045099914,36.62686009463022,35.28807083031248,2.43,26.0,-0.04
PRO,2020-02-18,50.119998931884766,51.380001068115234,49.529998779296875,51.11000061035156,38.41182630967694,34.350808642241596,35.94912243000509,36.63561323014714,35.264062921107,2.43,19.0,-0.06
PRO,2020-02-19,51.33000183105469,52.029998779296875,50.189998626708984,50.689998626708984,37.67900575212342,34.08694415619912,35.95378158878917,36.56772154962927,35.272977916711596,2.43,20.0,-0.07
PRO,2020-02-20,50.38999938964844,51.779998779296875,50.220001220703125,51.15999984741211,37.34504605651472,34.161359905247366,35.984963434771224,36.285723872184775,35.28266871173175,2.43,23.0,-0.09
PRO,2020-02-21,51.150001525878906,51.61000061035156,49.880001068115234,51.22999954223633,37.0791578802656,34.09745020606177,35.966761006296124,36.012753396223324,35.27055448670822,2.43,22.0,-0.1
PRO,2020-02-24,49.34000015258789,51.31999969482422,48.709999084472656,51.20000076293945,36.737481876085894,32.469888146398844,35.89301405643346,36.00675676386601,35.211620449398936,2.44,18.0,-0.12
PRO,2020-02-25,51.54999923706055,51.86000061035156,48.59000015258789,49.08000183105469,38.005114449365216,33.22750748961815,36.37736625392725,36.33829556722584,35.46688751517193,2.44,34.0,-0.12
PRO,2020-02-26,49.2400016784668,50.349998474121094,47.77000045776367,48.040000915527344,37.109234770666646,33.221433993344995,36.27000251451036,36.413419362858704,35.53456598871559,2.44,34.0,-0.13
PRO,2020-02-27,46.689998626708984,47.119998931884766,44.7599983215332,44.79999923706055,40.39398504962077,35.82092616573752,37.356625251534744,37.30548725004944,36.195773962904724,2.44,57.0,-0.12
PRO,2020-02-28,43.31999969482422,45.790000915527344,43.31999969482422,45.790000915527344,40.88725198994121,35.88752948872182,37.34902056313995,37.27990269675509,36.25740656227055,2.44,55.0,-0.12
PRO,2020-03-02,45.900001525878906,46.81999969482422,44.16999816894531,46.70000076293945,41.80484487350126,35.93789641409926,37.48087411226287,37.36102133494321,36.29494002121148,2.44,57.0,-0.11
PRO,2020-03-03,46.689998626708984,47.689998626708984,45.66999816894531,46.5,41.55683533499788,35.88009373321408,37.43152202592612,37.34235581292623,36.287916158145705,2.44,56.0,-0.1
PRO,2020-03-04,47.25,47.47999954223633,44.61000061035156,44.79999923706055,42.161876893498025,36.32162686479427,37.63577728913672,37.5431925051861,36.30544688648871,2.44,58.0,-0.09
PRO,2020-03-05,44.08000183105469,45.54999923706055,44.08000183105469,44.81999969482422,42.333531666453666,36.332026746922594,37.162191162157164,37.48059224507633,36.29454690373807,2.44,48.0,-0.09
PRO,2020-03-06,43.66999816894531,44.279998779296875,41.72999954223633,43.029998779296875,43.06338807281568,37.06537430285849,37.34236579430977,37.65871913701557,36.51882489809181,2.44,51.0,-0.08
PRO,2020-03-09,39.5,41.11000061035156,38.04999923706055,39.36000061035156,48.234557842816365,40.736659628745336,39.74036522733396,39.02293720985222,37.593135413690085,2.45,85.0,-0.1
PRO,2020-03-10,40.310001373291016,41.709999084472656,39.599998474121094,41.2599983215332,51.58646516527531,41.99827895464539,40.54021101935852,39.42738898671534,37.88690604160347,2.48,99.0,-0.13
PRO,2020-03-11,40.43000030517578,40.79999923706055,36.66999816894531,36.79999923706055,58.82256663296233,47.52567293426268,43.97533852649597,41.5139468710472,39.57158845446026,2.57,100.0,0.06
PRO,2020-03-12,33.630001068115234,35.869998931884766,30.450000762939453,30.559999465942383,76.0931912273456,59.783376307221516,52.49491439364403,46.64287624687199,43.69092304327757,3.0,100.0,5.52
PRO,2020-03-13,32.689998626708984,32.959999084472656,28.420000076293945,31.209999084472656,77.09954488593769,59.27752969515383,52.37921438736106,46.73647981632594,43.732481758293716,3.35,99.0,6.33
PRO,2020-03-16,28.0,28.959999084472656,23.65999984741211,24.559999465942383,99.38597558556481,75.48105285410975,64.1797312179995,54.42496746451797,49.755585453046244,4.29,100.0,15.13
PRO,2020-03-17,24.959999084472656,25.450000762939453,22.31999969482422,24.469999313354492,98.37796168266935,75.3074481125595,64.0269001159676,54.346399243321564,49.748427299995065,5.03,99.0,13.52
PRO,2020-03-18,22.59000015258789,23.270000457763672,19.729999542236328,21.030000686645508,103.17627776139364,80.3045822907215,67.95834307238593,57.023687657197996,51.93787878469159,5.85,100.0,12.33
PRO,2020-03-19,20.790000915527344,26.579999923706055,19.850000381469727,26.229999542236328,127.33821590093983,93.89663459749235,77.02887107353259,62.93857761480767,56.5498666205006,7.02,100.0,13.1
PRO,2020-03-20,26.5,29.190000534057617,25.770000457763672,26.209999084472656,127.52809328999042,93.8618040682997,77.02421637196335,62.93664451592063,56.511759873890156,7.99,99.0,11.29
PRO,2020-03-23,26.399999618530273,29.34000015258789,25.459999084472656,28.239999771118164,128.87184347872505,95.58892076613854,77.46340481851831,63.61953587079054,56.9815324689013,8.86,100.0,9.46
PRO,2020-03-24,30.170000076293945,31.6299991607666,28.329999923706055,30.600000381469727,132.22323508341003,97.4274168037191,78.62362452906832,64.40824650124168,57.55145579926608,9.69,100.0,7.95
PRO,2020-03-25,30.049999237060547,31.09000015258789,29.469999313354492,30.479999542236328,132.28705582841906,97.41843691570121,78.59728099469555,64.37706243413011,57.55152407287126,10.43,99.0,6.65
PRO,2020-03-26,30.829999923706055,33.38999938964844,30.520000457763672,33.150001525878906,135.49573427069308,99.36745357584435,79.80004895666058,65.16927180954802,58.17761670070895,11.15,100.0,5.6
PRO,2020-03-27,32.130001068115234,32.52000045776367,30.350000381469727,32.33000183105469,135.52650047479318,99.3948098803828,79.67947445832822,65.18774412822069,58.22735732201997,11.81,99.0,4.7
PRO,2020-03-30,32.43000030517578,33.25,30.979999542236328,32.06999969482422,135.53427282757647,98.9773127381679,79.59624314416818,65.17323249141866,58.2304178673209,12.41,98.0,3.93
PRO,2020-03-31,31.8799991607666,32.380001068115234,30.40999984741211,31.030000686645508,135.46789782085372,99.06310570803593,79.5661591631842,65.25979124219809,58.31499952127659,12.98,97.0,3.27
PRO,2020-04-01,29.68000030517578,29.920000076293945,27.68000030517578,27.90999984741211,137.88143402734184,100.72305110646498,81.13516539674282,66.35750245833324,59.24187027201611,13.55,100.0,2.73
PRO,2020-04-02,27.549999237060547,29.700000762939453,25.3799991607666,25.93000030517578,138.44945657480588,101.2668451544176,81.77878788310343,66.85257718742722,59.676358480821925,14.11,100.0,2.25
PRO,2020-04-03,25.68000030517578,25.68000030517578,24.56999969482422,25.399999618530273,138.2644668886671,101.1381767953919,81.57451659058646,66.87717646180649,59.690653271353575,14.62,99.0,1.83
PRO,2020-04-06,26.1299991607666,29.260000228881836,25.520000457763672,29.049999237060547,145.53020535820315,105.58263559283367,84.60177148413666,68.88029225142647,61.22128456548557,15.19,100.0,1.49
PRO,2020-04-07,30.649999618530273,32.130001068115234,28.06999969482422,28.329999923706055,145.3752464872109,105.58611881501467,84.6433156817349,68.92072269198141,61.25412806081655,15.72,100.0,1.18
PRO,2020-04-08,29.25,32.279998779296875,28.600000381469727,31.969999313354492,150.8578945880226,108.94018919740213,86.99994462653129,70.50237392599773,62.44835714057715,16.29,100.0,0.92
PRO,2020-04-09,32.66999816894531,33.9900016784668,31.020000457763672,31.729999542236328,149.9168946055832,108.86413744042235,87.00085284096177,70.41387107685473,62.45155887875704,16.82,100.0,0.68
PRO,2020-04-13,30.850000381469727,31.040000915527344,29.56999969482422,30.479999542236328,149.79581283602212,108.86256123871829,86.88705203959682,70.5419413421639,62.57292221439516,17.32,98.0,0.45
PRO,2020-04-14,31.43000030517578,32.38999938964844,30.420000076293945,31.049999237060547,149.7739970282046,109.02192304643495,86.9482367719695,69.76554462591511,62.601599816708706,17.79,98.0,0.24
PRO,2020-04-15,29.559999465942383,30.1200008392334,29.020000457763672,29.68000030517578,150.02072954225966,109.17009967515547,87.03536435440768,69.92598478038225,62.7324749126623,18.24,100.0,0.05
PRO,2020-04-16,29.639999389648438,30.700000762939453,28.3799991607666,28.65999984741211,149.99283999780872,109.24727974087907,87.05075024968485,70.01091368536127,62.80120571320037,18.67,100.0,-0.13
PRO,2020-04-17,29.739999771118164,30.639999389648438,29.350000381469727,29.799999237060547,150.7498691606809,109.782405711305,87.34832188327005,70.20534936749723,62.932143579044954,19.08,100.0,-0.3
PRO,2020-04-20,29.190000534057617,30.239999771118164,28.780000686645508,28.90999984741211,150.61681606042555,109.82715210834542,87.39476720347767,70.26245630266267,62.997684593045264,19.47,100.0,-0.45
PRO,2020-04-21,27.889999389648438,28.260000228881836,26.540000915527344,26.59000015258789,150.3844596579012,110.75253561361566,87.78689422211419,70.85600730227175,63.506879945068086,19.85,100.0,-0.59
PRO,2020-04-22,27.290000915527344,28.440000534057617,27.020000457763672,28.219999313354492,150.85613587942888,111.7815095660679,88.36529274421771,71.16446459211397,63.737532534204355,20.23,100.0,-0.71
PRO,2020-04-23,28.270000457763672,28.850000381469727,27.290000915527344,27.469999313354492,147.83020261802628,111.74175769147625,88.35000628154492,71.1455236039608,63.77164379968122,20.59,99.0,-0.83
PRO,2020-04-24,27.56999969482422,28.18000030517578,27.139999389648438,27.729999542236328,138.1368166550578,111.82242877021568,88.38859232749876,71.02864583937773,63.780940924813024,20.93,100.0,-0.93
PRO,2020-04-27,27.989999771118164,29.75,27.65999984741211,29.31999969482422,139.03045382199065,112.72157865759007,88.89561805681547,71.22228716798509,62.993573066003606,21.26,100.0,-1.03
PRO,2020-04-28,30.3799991607666,30.729999542236328,29.700000762939453,30.1299991607666,119.56129722816486,112.86731675544365,88.97551754855397,71.2711160031064,63.013878713132,21.58,100.0,-1.12
PRO,2020-04-29,31.479999542236328,34.43000030517578,30.920000076293945,34.290000915527344,124.65355466547567,116.28726392276481,91.55849185469815,72.89135194507405,64.36843941962174,21.93,100.0,-1.2
PRO,2020-04-30,33.619998931884766,34.79999923706055,33.220001220703125,34.38999938964844,114.77785903306552,116.16235504289834,91.5313619466464,72.87810991062403,64.36634137553789,22.26,99.0,-1.27
PRO,2020-05-01,33.0,33.400001525878906,30.6200008392334,31.899999618530273,100.06091493351647,116.86907327997886,92.19359476712856,73.20294813401472,64.78571877183974,22.59,100.0,-1.33
PRO,2020-05-04,31.110000610351562,33.439998626708984,30.850000381469727,33.43000030517578,100.70901537435779,117.46027639852323,92.57793682233935,73.43033161998503,64.95398493644065,22.91,100.0,-1.39
PRO,2020-05-05,34.09000015258789,34.56999969482422,32.900001525878906,33.310001373291016,98.75405804087887,115.8992692943736,92.55587954614948,73.326280956196,64.92591661262229,23.21,99.0,-1.45
PRO,2020-05-06,30.739999771118164,32.060001373291016,29.25,31.440000534057617,97.77278604517726,116.33101913850898,92.86123371795657,73.59361028456601,65.15771976734761,23.5,100.0,-1.5
PRO,2020-05-07,32.189998626708984,34.79999923706055,31.719999313354492,33.22999954223633,99.02079188013356,117.03822091489417,93.37475721812274,73.9235319572629,65.4076409126581,23.79,100.0,-1.55
PRO,2020-05-08,33.97999954223633,34.27000045776367,33.20000076293945,33.540000915527344,96.02652419311413,117.08434908887322,93.37290629232602,73.91194195299164,65.39691422543176,24.05,99.0,-1.59
PRO,2020-05-11,33.25,34.43000030517578,32.849998474121094,33.4900016784668,95.72652889676753,117.08110753743371,93.1092233868593,73.90527554994813,65.39608366219638,24.31,98.0,-1.63
PRO,2020-05-12,33.560001373291016,33.56999969482422,32.15999984741211,32.43000030517578,96.18228568976703,117.19255263559765,93.19804793579235,73.2508545590748,65.3647271535303,24.53,98.0,-1.67
PRO,2020-05-13,32.099998474121094,32.099998474121094,29.559999465942383,30.209999084472656,97.93786144933739,117.8712681758498,93.71070620497031,73.47740677870004,65.70744398189768,24.75,100.0,-1.7
PRO,2020-05-14,29.309999465942383,29.790000915527344,28.190000534057617,29.510000228881836,93.04221419249524,117.90956395776703,93.72834866427782,73.50631229302157,65.74200733917813,24.95,100.0,-1.73
PRO,2020-05-15,29.309999465942383,30.510000228881836,29.239999771118164,30.18000030517578,90.40137255758448,118.02801888447996,93.80805539471382,73.57041441572818,65.72230105933794,25.14,100.0,-1.76
PRO,2020-05-18,31.770000457763672,33.25,31.770000457763672,33.040000915527344,93.34932313167619,119.75810805244087,95.0655069336694,74.3687535449735,66.30270420625892,25.34,100.0,-1.78
PRO,2020-05-19,32.709999084472656,33.66999816894531,32.310001373291016,32.34000015258789,85.75731304297693,119.7842255751407,95.09452967496101,74.39622812441124,66.32623502839373,25.52,100.0,-1.8
PRO,2020-05-20,32.9900016784668,33.33000183105469,30.610000610351562,30.90999984741211,86.5369884643399,119.82200194663464,95.27912218293196,74.51543086568289,66.40394073658995,25.68,100.0,-1.81
PRO,2020-05-21,30.709999084472656,32.150001525878906,30.6200008392334,31.700000762939453,79.34816501199496,119.97535492226048,95.41223092468091,74.58642211839764,66.4598411260093,25.83,100.0,-1.83
PRO,2020-05-22,32.08000183105469,32.77000045776367,31.6200008392334,32.75,79.87977268502988,119.51711169948783,95.61497104763282,74.65228641014913,66.52661973969217,25.97,100.0,-1.84
PRO,2020-05-26,33.97999954223633,34.9900016784668,33.27000045776367,33.34000015258789,79.04245395390792,119.48118578496398,95.66576023220736,74.52233023652751,66.54654283192446,26.09,100.0,-1.84
PRO,2020-05-27,33.88999938964844,38.66999816894531,33.650001525878906,38.650001525878906,89.44428165785476,123.44350938401338,98.54017097441738,76.59813091895569,68.01427229612189,26.24,100.0,-1.84
PRO,2020-05-28,38.9900016784668,39.5,37.560001373291016,38.150001525878906,88.28566754571382,123.45990984051394,98.54834305984217,76.59887033668585,68.02411787328008,26.36,100.0,-1.84
PRO,2020-05-29,37.689998626708984,39.099998474121094,36.900001525878906,38.95000076293945,87.38120247945119,123.35090853977037,98.56198366011147,76.62263879047104,68.02834721313722,26.48,100.0,-1.83
PRO,2020-06-01,38.95000076293945,40.279998779296875,38.0099983215332,39.90999984741211,87.06438369514582,123.4711063899534,98.61365728481613,76.6863529005895,68.07706467181876,26.57,100.0,-1.83
PRO,2020-06-02,40.0,40.70000076293945,38.619998931884766,39.93000030517578,86.28690267864103,123.2062444377842,98.58927438002031,76.68552420666386,68.04927347376399,26.65,99.0,-1.82
PRO,2020-06-03,40.689998626708984,42.04999923706055,40.119998931884766,41.400001525878906,81.76319061759753,122.05869189325568,98.77419371604216,76.8201543722977,68.03380542866533,26.71,100.0,-1.8
PRO,2020-06-04,40.77000045776367,42.060001373291016,40.31999969482422,41.869998931884766,80.65739449551032,121.69841602118493,98.80600684515487,76.83684437598589,67.93843991142,26.76,100.0,-1.79
PRO,2020-06-05,43.970001220703125,45.2400016784668,42.7400016784668,43.11000061035156,79.86981696832693,119.45822491295417,98.8750618945187,76.92581026141158,68.00470899752959,26.79,100.0,-1.77
PRO,2020-06-08,43.5099983215332,45.33000183105469,43.5099983215332,44.79999923706055,80.13567944067216,113.01555661950182,99.08980822685845,77.0576459924495,68.12093577624229,26.81,100.0,-1.75
PRO,2020-06-09,43.880001068115234,44.130001068115234,42.88999938964844,44.04999923706055,79.76802449279054,113.07255522317621,99.06560160368268,77.07825364804394,68.13749143630365,26.82,99.0,-1.72
PRO,2020-06-10,43.84000015258789,44.2599983215332,42.4900016784668,42.5099983215332,80.90233821229164,101.27858090233835,99.18600569784456,77.16927277512433,68.2232418053701,26.77,100.0,-1.7
PRO,2020-06-11,40.09000015258789,41.09000015258789,39.220001220703125,39.59000015258789,76.2568319437944,102.57947174149022,99.6711451863561,77.54936750504433,68.52925498437858,26.71,100.0,-1.66
PRO,2020-06-12,41.400001525878906,41.93000030517578,39.75,41.34000015258789,77.06257303230187,97.27151976114068,99.9663740549544,77.73221015010247,68.67514072260718,26.64,100.0,-1.63
PRO,2020-06-15,39.90999984741211,42.400001525878906,39.52000045776367,41.84000015258789,73.11185096984342,86.90614921395327,99.99082325590739,77.74700979366766,68.68077594627765,26.55,100.0,-1.59
PRO,2020-06-16,43.70000076293945,43.84000015258789,42.22999954223633,43.27000045776367,72.61591284447664,87.04713198265371,100.17226970691829,77.85575865279615,68.75698030182032,26.44,100.0,-1.55
PRO,2020-06-17,44.13999938964844,44.13999938964844,42.38999938964844,42.810001373291016,72.7483838579713,86.02376564260031,100.17761387634381,77.84320419827647,68.73938636843758,26.31,100.0,-1.5
PRO,2020-06-18,42.5,44.58000183105469,42.5,44.52000045776367,70.47992728402119,84.93296433684088,100.37629369733467,77.96902294173958,68.82252085738946,26.16,100.0,-1.45
PRO,2020-06-19,45.0,45.08000183105469,43.52000045776367,43.959999084472656,69.56005372015869,84.99646116479737,100.37524722977076,77.91642946358755,68.82759353583239,26.0,99.0,-1.4
PRO,2020-06-22,43.70000076293945,44.529998779296875,43.18000030517578,44.4900016784668,69.56430978559817,83.44580660895498,100.40581204275945,77.8086810987044,68.8265547382459,25.81,100.0,-1.34
PRO,2020-06-23,45.15999984741211,45.83000183105469,44.810001373291016,45.33000183105469,69.53534791366422,83.25659373135865,100.46365637774709,77.79428790806426,68.81956056021183,25.59,100.0,-1.28
PRO,2020-06-24,44.43000030517578,45.540000915527344,43.470001220703125,44.20000076293945,69.19811165582246,83.4514629098262,100.35462467821247,77.83618421724549,68.769447902421,25.35,96.0,-1.21
PRO,2020-06-25,44.04999923706055,46.0099983215332,43.810001373291016,46.0099983215332,65.24178531928679,83.36266242725823,100.49428032710345,77.97808163312685,68.8940539422785,25.1,100.0,-1.14
PRO,2020-06-26,45.63999938964844,46.0,42.130001068115234,42.529998779296875,69.7994040427801,81.96370003719026,101.14506447275895,78.4625206867031,69.32726199219029,24.83,100.0,-1.06
PRO,2020-06-29,43.040000915527344,43.20000076293945,41.5099983215332,42.20000076293945,69.96291130668892,80.29215130348719,101.0681933826521,78.33295281951347,69.29806042727954,24.54,99.0,-0.98
PRO,2020-06-30,42.22999954223633,44.56999969482422,41.83000183105469,44.43000030517578,66.96505987771192,80.54900738099508,101.43031409889689,78.51398312759284,69.49981443560938,24.24,100.0,-0.89
PRO,2020-07-01,44.209999084472656,45.150001525878906,43.459999084472656,44.7400016784668,66.31490540682643,76.22338987385834,100.20477967709527,78.52030561927923,69.45532000101409,23.97,91.0,-0.78
PRO,2020-07-02,45.77000045776367,45.83000183105469,44.650001525878906,44.86000061035156,64.21715527549543,75.93274730090758,100.1754340550455,78.51679942599897,69.45615317631632,23.68,89.0,-0.67
PRO,2020-07-06,45.90999984741211,46.02000045776367,44.380001068115234,44.400001525878906,64.42643059248337,72.24848330413135,100.13620798361565,78.44560534614398,69.45461653096075,23.37,87.0,-0.55
PRO,2020-07-07,43.9900016784668,44.369998931884766,42.84000015258789,43.0,65.2819629987884,72.61056203168962,100.25263715967732,78.52137137795928,69.52006976666836,23.04,91.0,-0.41
PRO,2020-07-08,42.970001220703125,43.900001525878906,42.5099983215332,43.599998474121094,65.24552094465427,72.01410334411017,100.26361739999952,78.40156863954229,69.52268840163252,22.69,91.0,-0.26
PRO,2020-07-09,43.599998474121094,43.939998626708984,41.810001373291016,42.209999084472656,51.34453228286083,72.39002789945306,100.37424942289435,78.48332370629363,69.56361566599207,22.31,92.0,-0.1
PRO,2020-07-10,42.459999084472656,43.290000915527344,41.7400016784668,42.810001373291016,51.21382562953325,71.64813478988613,100.39810415498674,78.39652503641364,69.56732547587201,21.91,94.0,0.08
PRO,2020-07-13,43.459999084472656,43.720001220703125,40.869998931884766,40.939998626708984,52.82100887090871,71.91254099141847,100.62406641529734,78.56095878828908,69.69168983925124,21.48,97.0,0.27
PRO,2020-07-14,40.86000061035156,41.54999923706055,39.939998626708984,41.5,52.510515108942656,71.6013866947392,100.63896738580837,78.52958613455361,69.7058954643137,21.02,97.0,0.48
PRO,2020-07-15,42.560001373291016,43.34000015258789,41.97999954223633,42.97999954223633,53.41123651953343,71.45681683534619,100.81026095781402,78.64856533052435,69.80397463280464,20.53,97.0,0.71
PRO,2020-07-16,42.709999084472656,42.709999084472656,40.540000915527344,40.540000915527344,55.23069998683346,70.27380342670746,101.21079912407684,78.52321598239537,70.03170968159203,20.01,99.0,0.95
PRO,2020-07-17,40.84000015258789,41.540000915527344,40.43000030517578,41.369998931884766,55.4608615728881,69.47821378830925,101.06928341062897,78.55181765094034,70.06590023116685,19.47,97.0,1.23
PRO,2020-07-20,41.310001373291016,42.45000076293945,41.11000061035156,42.2599983215332,55.14097878214786,69.19295525145404,101.08465222837586,78.59053145880215,70.09443560969419,18.88,97.0,1.53
PRO,2020-07-21,42.91999816894531,43.150001525878906,41.45000076293945,41.619998931884766,54.01593283274811,69.34351613657887,100.5123384179673,78.55641760157972,70.107127110095,18.28,91.0,1.87
PRO,2020-07-22,41.36000061035156,41.869998931884766,40.45000076293945,40.68000030517578,54.181685226558784,68.84097849445071,100.50705735090936,78.5123654834146,70.13819552761379,17.63,90.0,2.25
PRO,2020-07-23,40.400001525878906,41.38999938964844,39.70000076293945,39.86000061035156,53.55364012517745,68.88872822818723,100.49649906448855,78.48187871862615,70.10677114920874,16.94,89.0,2.66
PRO,2020-07-24,39.5099983215332,40.63999938964844,38.790000915527344,39.220001220703125,49.623064470020395,63.916478818204226,100.52239339311318,78.43246519119924,70.119546653252,16.2,91.0,3.09
PRO,2020-07-27,39.279998779296875,39.79999923706055,38.529998779296875,39.459999084472656,47.927944515935685,63.92125341310435,100.3676695788461,78.41465802343023,69.55957081067399,15.39,80.0,3.55
PRO,2020-07-28,39.65999984741211,39.970001220703125,38.93000030517578,38.97999954223633,47.84660869448727,61.9347022242654,100.38235011734216,78.3700456739472,69.56223319118877,14.5,83.0,3.95
PRO,2020-07-29,39.459999084472656,40.09000015258789,38.84000015258789,39.689998626708984,47.0360178785576,61.349094795852984,100.22936632761588,78.30476292992911,69.59116248667246,13.53,75.0,4.22
PRO,2020-07-30,39.459999084472656,40.61000061035156,38.0,38.689998626708984,47.44458867791863,61.61158234828999,99.30656536908147,78.35567485405419,69.62784757819992,12.55,66.0,4.39
PRO,2020-07-31,39.459999084472656,39.459999084472656,30.309999465942383,32.630001068115234,66.2521618753637,70.05590694111388,102.61549252203103,80.85492615089089,71.61527361995243,11.51,100.0,4.03
PRO,2020-08-03,32.83000183105469,33.650001525878906,31.68000030517578,33.209999084472656,66.74010978996553,69.21787122887805,101.07456848159175,80.8866656114168,71.6261166646452,10.48,95.0,3.15
PRO,2020-08-04,33.18000030517578,34.150001525878906,32.54999923706055,33.75,66.86593011272605,69.27131614288568,96.6647555575906,80.91650568095523,71.56625526100808,9.69,52.0,2.79
PRO,2020-08-05,34.06999969482422,35.15999984741211,34.040000915527344,35.150001525878906,67.95528625713416,69.76632370635615,96.81818552857168,80.92710266530612,71.65863433855742,8.79,52.0,1.23
PRO,2020-08-06,35.18000030517578,37.20000076293945,35.150001525878906,37.150001525878906,70.20387237334411,70.30277831833645,89.16378271832443,81.20742965938143,71.80908408926953,8.3,31.0,0.94
PRO,2020-08-07,37.02000045776367,37.400001525878906,35.380001068115234,36.06999969482422,69.13832092995253,68.96125209227493,89.31553478529064,81.20911016535348,71.75052952647964,7.76,31.0,0.16
PRO,2020-08-10,36.310001373291016,36.560001373291016,35.33000183105469,35.81999969482422,65.82552111490843,68.77419626088187,85.79279395305423,81.16772848601673,71.71996083023274,7.36,15.0,-0.54
PRO,2020-08-11,36.470001220703125,38.09000015258789,35.54999923706055,36.900001525878906,66.61552231290575,68.87679276353765,78.63014904176478,81.25695019836175,71.69012078290167,7.32,5.0,-0.58
PRO,2020-08-12,37.4900016784668,37.810001373291016,36.0099983215332,37.040000915527344,64.53499316236851,66.43772362556216,78.62731555508246,81.24955906936671,71.682625414235,7.29,4.0,-0.62
PRO,2020-08-13,36.869998931884766,38.27000045776367,36.869998931884766,37.86000061035156,64.94097331218691,66.3813358984643,77.85485905997982,81.07990112350353,71.59842710149853,7.28,1.0,-0.63
PRO,2020-08-14,37.70000076293945,38.540000915527344,37.20000076293945,38.529998779296875,65.24709767846265,65.69154230693847,76.89992686771765,81.08651829153324,71.6131702922362,7.32,1.0,-0.59
PRO,2020-08-17,38.720001220703125,39.15999984741211,37.72999954223633,38.75,65.30028511065154,65.53944925364736,76.89524333827997,81.06980329036827,71.5497518984856,7.35,1.0,-0.54
PRO,2020-08-18,39.209999084472656,39.650001525878906,38.59000015258789,39.459999084472656,65.083437247146,65.33087430636417,75.82033400954339,81.10711373310787,71.5777368998038,7.44,1.0,-0.45
PRO,2020-08-19,39.70000076293945,40.41999816894531,39.130001068115234,39.9900016784668,65.072109871791,65.29389567361584,75.7199087324755,81.06348406385412,71.58910499000115,7.53,1.0,-0.37
PRO,2020-08-20,39.599998474121094,41.130001068115234,39.279998779296875,41.040000915527344,64.96828340949305,58.13839807786224,75.79557858696151,81.09726268849576,71.62824673359677,7.61,2.0,-0.3
PRO,2020-08-21,40.689998626708984,40.97999954223633,39.2400016784668,40.13999938964844,65.0889227018162,58.26280587314655,75.68643731570633,81.12654520448234,71.65237535318346,7.69,1.0,-0.24
PRO,2020-08-24,40.650001525878906,40.650001525878906,39.7400016784668,40.099998474121094,63.82846253625699,58.115741125981415,73.66178202361559,81.09239689101223,71.091799176954,7.85,1.0,-0.12
PRO,2020-08-25,40.34000015258789,40.65999984741211,39.61000061035156,40.5,63.76610524227512,57.93768880044043,72.61925359802906,81.1020430783252,70.97066404166648,8.04,1.0,-0.0
PRO,2020-08-26,40.790000915527344,41.2400016784668,40.15999984741211,40.40999984741211,62.853458578328514,57.93986637671582,72.51590635612456,81.10200610156252,70.96941715520796,8.23,1.0,0.08
PRO,2020-08-27,40.83000183105469,40.83000183105469,39.709999084472656,40.08000183105469,60.582210795467475,57.47545604020535,69.49732613596476,81.09773198377277,70.96340658424822,8.53,1.0,0.22
PRO,2020-08-28,40.459999084472656,41.0,39.34000015258789,40.5,60.3574675305933,57.46813217052491,69.35755120813468,81.05682702294986,70.93721894130397,8.82,1.0,0.29
PRO,2020-08-31,40.599998474121094,40.599998474121094,39.0,39.0,60.91030828786468,57.62536067791574,67.06161096887435,81.16527294618989,71.02520148968297,9.18,1.0,0.36
PRO,2020-09-01,38.790000915527344,40.20000076293945,38.40999984741211,39.75,61.10568745372036,57.18380710094092,67.09828794892462,81.19207914545697,71.02247932744282,9.52,2.0,0.36
PRO,2020-09-02,39.97999954223633,40.290000915527344,38.40999984741211,39.400001525878906,60.81541571181221,57.118099227033326,66.77728523619948,81.05236893598172,71.019660831427,9.85,1.0,0.32
PRO,2020-09-03,39.040000915527344,39.34000015258789,37.5,38.189998626708984,61.193815392976994,57.0142892309407,66.94103268768981,81.12354568214127,71.02514493338326,10.16,2.0,0.25
PRO,2020-09-04,38.439998626708984,38.439998626708984,34.91999816894531,36.22999954223633,62.85075623987171,56.173548512518,67.08732006032267,81.32026217341014,71.0643026918688,10.46,4.0,0.15
PRO,2020-09-08,35.130001068115234,35.77000045776367,34.66999816894531,34.79999923706055,63.72104532983042,55.94023606993226,67.16686944575606,81.4187822968659,71.12685135668461,10.75,6.0,0.04
PRO,2020-09-09,35.22999954223633,35.43000030517578,34.279998779296875,35.31999969482422,63.906628595501466,55.975137811792365,66.9365374359551,81.4320762471187,71.1400418963558,11.03,2.0,-0.07
PRO,2020-09-10,33.2599983215332,33.4900016784668,30.43000030517578,31.559999465942383,70.94127940758959,59.7967672651136,69.17360876444226,82.45121580109414,71.9699179133899,11.25,8.0,-0.2
PRO,2020-09-11,31.209999084472656,31.219999313354492,30.350000381469727,31.010000228881836,70.80462960054858,59.84016378907969,67.901920816385,82.46749289379119,71.98270261878736,11.49,8.0,-0.32
PRO,2020-09-14,31.3799991607666,31.860000610351562,30.670000076293945,31.760000228881836,51.77831594651852,59.43518235756915,67.3614871252082,82.52786542490517,72.03114027689152,11.74,8.0,-0.44
PRO,2020-09-15,32.22999954223633,32.79999923706055,31.459999084472656,32.06999969482422,51.582934689792225,59.498972026059185,67.2231775464958,82.54273700244006,72.04070752940753,11.97,8.0,-0.55
PRO,2020-09-16,32.130001068115234,32.72999954223633,31.93000030517578,32.06999969482422,51.324213915057506,59.40126358520563,67.21172970368217,82.54351717448984,72.0411696246536,12.21,8.0,-0.65
PRO,2020-09-17,31.309999465942383,32.459999084472656,30.600000381469727,32.33000183105469,49.835579432302005,59.256367628204266,66.65507119634843,82.53222921431686,72.0483194275041,12.44,1.0,-0.75
PRO,2020-09-18,32.689998626708984,33.029998779296875,32.15999984741211,32.77000045776367,46.98959969318017,59.24090486142776,66.55284749078427,82.44030872270822,72.05454419149932,12.67,1.0,-0.84
PRO,2020-09-21,31.8700008392334,32.91999816894531,31.760000228881836,32.86000061035156,46.40543888524795,58.51568129747823,63.28531835452495,82.44358655520737,72.05612170780627,12.96,1.0,-0.91
PRO,2020-09-22,33.27000045776367,33.349998474121094,32.150001525878906,32.91999816894531,46.41193323304617,56.515314214121744,63.2840934322483,82.40415109441201,72.04867350957794,13.23,1.0,-0.98
PRO,2020-09-23,32.86000061035156,33.02000045776367,31.479999542236328,31.6200008392334,46.583534368615204,56.992284792354006,62.472960038288385,82.48344768841571,72.10822788288343,13.5,1.0,-1.05
PRO,2020-09-24,31.43000030517578,31.670000076293945,30.600000381469727,31.43000030517578,46.50675012798889,55.771139667412605,62.024036574853604,82.46729348363883,72.10595154418017,13.78,1.0,-1.11
PRO,2020-09-25,31.260000228881836,32.02000045776367,30.700000762939453,31.950000762939453,46.252611210183225,55.89680342431529,62.080853978996366,82.4845967077872,72.12812604089271,14.04,2.0,-1.17
PRO,2020-09-28,32.58000183105469,33.040000915527344,31.979999542236328,32.029998779296875,45.80025547674747,55.89568881073741,61.396863954346955,82.4880889487045,72.12669650084229,14.3,1.0,-1.23
PRO,2020-09-29,32.25,32.40999984741211,31.6200008392334,32.06999969482422,45.71833575661117,55.9044187988856,60.75636435927756,82.441641491505,72.11104853832391,14.55,1.0,-1.28
PRO,2020-09-30,32.040000915527344,32.79999923706055,31.760000228881836,31.940000534057617,45.135009181704014,55.62881503639361,60.73939557367033,82.4292934464855,72.09372998132463,14.8,1.0,-1.33
PRO,2020-10-01,32.15999984741211,32.470001220703125,31.389999389648438,32.18000030517578,44.93660533834294,55.55205942541587,60.75234058575556,82.4110847398719,72.05429451611474,15.04,2.0,-1.38
PRO,2020-10-02,31.350000381469727,32.70000076293945,31.049999237060547,32.25,43.92966819683936,55.27652643030435,60.53951415753575,82.41246034067244,71.95560878907142,15.27,1.0,-1.42
PRO,2020-10-05,32.79999923706055,32.880001068115234,32.2400016784668,32.709999084472656,44.17502735372615,55.277219423209935,59.50245864283941,82.38570782128797,71.93214460193636,15.5,1.0,-1.46
PRO,2020-10-06,33.04999923706055,33.810001373291016,32.470001220703125,32.630001068115234,44.16039206229045,54.63996899792244,59.37796826239153,82.38563177555243,71.92462925249826,15.73,1.0,-1.5
PRO,2020-10-07,32.849998474121094,33.88999938964844,32.709999084472656,33.63999938964844,45.2289148618241,54.97806548324703,59.465451694522706,82.47769642650196,71.98928044456925,15.94,2.0,-1.54
PRO,2020-10-08,34.209999084472656,34.720001220703125,33.630001068115234,34.650001525878906,46.39539590545162,54.82577043880327,57.897980888899966,82.5710876900708,72.02123541255571,16.17,1.0,-1.57
PRO,2020-10-09,34.630001068115234,34.86000061035156,33.86000061035156,34.5099983215332,46.38709610659322,53.62130302126271,57.79639697705683,82.57072192739685,71.91979059102074,16.38,1.0,-1.6
PRO,2020-10-12,34.61000061035156,35.849998474121094,34.2599983215332,35.56999969482422,47.30647886344273,53.842476860751745,57.51272266734298,82.64192248513748,71.93427460455712,16.59,1.0,-1.62
PRO,2020-10-13,35.290000915527344,35.54999923706055,34.75,34.810001373291016,46.54085439634992,53.74991956819787,57.49925777131575,82.66332551393481,71.96026057686127,16.78,1.0,-1.64
PRO,2020-10-14,34.84000015258789,35.40999984741211,34.459999084472656,34.84000015258789,46.06141438594465,53.697350624922336,57.274860071132196,82.6647936066944,71.95628932491172,16.97,1.0,-1.66
PRO,2020-10-15,34.5,34.59000015258789,33.630001068115234,34.380001068115234,46.11674177339792,53.58184992473913,57.249675686671665,82.67074373594397,71.9064864493379,17.14,1.0,-1.68
PRO,2020-10-16,34.56999969482422,35.4900016784668,34.310001373291016,34.84000015258789,45.683129560807764,53.55468992813724,52.18767502908216,82.57911291013103,71.91712168885861,17.37,1.0,-1.67
PRO,2020-10-19,35.18000030517578,35.209999084472656,33.54999923706055,33.619998931884766,44.32119549443874,53.91830841775249,52.44286294300783,82.60342751408287,71.88828508316705,17.57,2.0,-1.67
PRO,2020-10-20,33.849998474121094,34.689998626708984,33.5,34.02000045776367,43.01521761701451,53.97038202762449,52.36656494107628,82.57981453758738,71.89930329344168,17.77,2.0,-1.67
PRO,2020-10-21,34.029998779296875,34.029998779296875,32.88999938964844,33.29999923706055,43.15550589037878,54.07361763847825,52.298477257455325,82.55233499222119,71.84352982613152,17.95,2.0,-1.66
PRO,2020-10-22,33.400001525878906,34.41999816894531,32.779998779296875,34.34000015258789,28.862591010218875,54.34306748631022,52.55239662105027,82.6398101108167,71.91576269824682,18.11,5.0,-1.66
PRO,2020-10-23,34.709999084472656,34.709999084472656,32.95000076293945,33.7400016784668,28.865418123866434,54.22369588487126,52.26401908716745,81.8266920243214,71.89155392755637,18.26,2.0,-1.66
PRO,2020-10-26,33.02000045776367,33.66999816894531,31.459999084472656,32.09000015258789,31.974251972292073,42.67648965859786,52.7723178108993,82.00067226617861,72.05210219825598,18.39,7.0,-1.66
PRO,2020-10-27,32.060001373291016,32.5099983215332,31.06999969482422,31.510000228881836,32.287357539578885,42.66691968984363,52.58049522691366,81.99193370786524,71.75177377486615,18.51,7.0,-1.66
PRO,2020-10-28,30.809999465942383,31.290000915527344,30.40999984741211,30.860000610351562,32.81527537738259,42.7103303671194,52.22808015114575,82.01969591327337,71.76507532231624,18.63,2.0,-1.66
PRO,2020-10-29,30.719999313354492,31.670000076293945,30.420000076293945,31.40999984741211,33.168730784451256,41.995698491350176,52.294481153781014,82.04432218870497,71.78596752386788,18.72,4.0,-1.65
PRO,2020-10-30,27.700000762939453,28.190000534057617,24.549999237060547,28.170000076293945,45.28094906495214,45.75564926171282,54.68263939073997,82.99622811201297,72.54043885615268,18.78,11.0,-1.65
PRO,2020-11-02,28.219999313354492,28.90999984741211,27.520000457763672,28.280000686645508,45.299430706889424,45.490835789636805,53.62799637817908,82.99284407503461,72.47214691066768,18.82,11.0,-1.64
PRO,2020-11-03,28.81999969482422,30.190000534057617,28.579999923706055,29.739999771118164,48.034428272534235,46.83042090160458,53.796275007817144,83.23269909304511,72.61890563357667,18.86,12.0,-1.63
PRO,2020-11-04,29.979999542236328,30.040000915527344,28.979999542236328,29.489999771118164,46.778657937691456,46.33901938853067,53.746036568841745,83.22252018910508,72.56585485968934,18.88,12.0,-1.61
PRO,2020-11-05,29.770000457763672,30.959999084472656,29.739999771118164,30.780000686645508,48.55093153165304,47.290120310617,53.92740324581838,83.39786986593644,72.68934250838119,18.88,14.0,-1.59
PRO,2020-11-06,30.950000762939453,31.270000457763672,29.90999984741211,30.739999771118164,48.27928244605702,47.004802296592985,53.915725838031356,83.39764194181951,72.64888612562163,18.88,14.0,-1.57
PRO,2020-11-09,34.529998779296875,39.0099983215332,34.13999938964844,38.65999984741211,82.45405494538443,66.87122535746458,65.025995789306,87.66825141942208,76.16785722047335,18.76,36.0,-1.54
PRO,2020-11-10,38.790000915527344,39.189998626708984,36.77000045776367,37.560001373291016,83.0730667336324,67.12138729319825,65.14813594072983,87.69670729281998,76.21781988003498,18.63,37.0,-1.51
PRO,2020-11-11,37.869998931884766,37.869998931884766,36.470001220703125,37.31999969482422,83.09876886035725,67.01816532535635,65.11612804242827,87.3199697921687,76.21803049661725,18.49,37.0,-1.47
PRO,2020-11-12,36.88999938964844,37.38999938964844,35.540000915527344,36.0099983215332,83.93481147986222,67.3257525441912,65.2539734047879,87.37346031271336,76.29361119866347,18.35,39.0,-1.43
PRO,2020-11-13,36.41999816894531,37.279998779296875,35.90999984741211,37.029998779296875,84.22431394428345,67.3623546353195,65.32403845404193,87.40685519733239,76.34974686430274,18.2,40.0,-1.38
PRO,2020-11-16,38.61000061035156,39.25,37.79999923706055,38.77000045776367,85.03634354673918,67.92209729191423,65.4248665544052,87.58429093921943,76.38850089345047,18.03,41.0,-1.33
PRO,2020-11-17,38.52000045776367,41.380001068115234,37.849998474121094,41.310001373291016,86.62047846412177,69.17799247823035,65.05927009369124,87.80798365709458,76.65819534547812,17.85,37.0,-1.27
PRO,2020-11-18,41.29999923706055,42.790000915527344,41.04999923706055,41.369998931884766,86.36996394571209,69.15044635130403,65.04869684682927,87.80820869038858,76.61539122544264,17.67,37.0,-1.21
PRO,2020-11-19,41.130001068115234,42.970001220703125,40.810001373291016,42.369998931884766,86.25562706074751,69.3156799062671,64.63654509089339,87.72348685673978,76.62783259379607,17.47,36.0,-1.14
PRO,2020-11-20,42.09000015258789,43.560001373291016,41.70000076293945,42.54999923706055,86.19926927430507,69.29365304717211,64.63004219095328,87.0822805102246,76.62956940987354,17.27,36.0,-1.07
PRO,2020-11-23,42.97999954223633,43.75,42.52000045776367,42.689998626708984,85.92049041487464,69.2676066830345,64.63087328420836,86.90552846148532,76.62448313359081,17.07,37.0,-0.99
PRO,2020-11-24,43.599998474121094,44.119998931884766,42.52000045776367,43.040000915527344,85.51937637645973,68.81185292540212,64.62601741261075,85.83384448694258,76.47113981365978,16.86,36.0,-0.9
PRO,2020-11-25,42.779998779296875,43.25,42.47999954223633,42.709999084472656,85.60932739717671,68.74116807971103,64.4370633603591,82.91805696239784,76.45486168003967,16.64,36.0,-0.8
PRO,2020-11-27,42.529998779296875,43.650001525878906,42.45000076293945,43.27000045776367,85.41249532389784,68.75084214375126,64.43262979120598,82.89735791215874,76.4538425319489,16.41,36.0,-0.7
PRO,2020-11-30,43.119998931884766,43.439998626708984,41.849998474121094,42.88999938964844,85.52630643300294,68.44782330125186,64.2399634256244,77.77384015800364,76.45738766311158,16.17,36.0,-0.59
PRO,2020-12-01,43.400001525878906,43.470001220703125,42.70000076293945,42.880001068115234,84.60537429725588,67.4975530452086,64.2009930185735,77.77069160854833,76.40451812097197,15.91,36.0,-0.46
PRO,2020-12-02,42.75,43.790000915527344,42.130001068115234,43.529998779296875,84.6227967863392,66.93932104833664,63.84193621185676,75.5749071781315,76.39790529242981,15.64,36.0,-0.33
PRO,2020-12-03,43.70000076293945,44.79999923706055,43.599998474121094,43.66999816894531,84.1740206116968,66.8993586635142,63.809509992736004,71.03151567675292,76.39645817723842,15.35,36.0,-0.18
PRO,2020-12-04,44.119998931884766,44.86000061035156,44.11000061035156,44.34000015258789,83.94590070289593,62.4023714869214,63.613780865227,71.04531536678918,76.38566693506851,15.05,36.0,-0.02
PRO,2020-12-07,44.369998931884766,45.18000030517578,43.77000045776367,44.22999954223633,83.65026686077817,62.23863716635254,62.91450750908313,70.53406281997607,76.38248177994981,14.72,34.0,0.14
PRO,2020-12-08,43.939998626708984,44.52000045776367,43.02000045776367,43.29999923706055,82.28261032310802,62.36920061612249,62.93391389465328,69.97886380147784,76.4086084802863,14.38,35.0,0.33
PRO,2020-12-09,43.7400016784668,44.11000061035156,42.7400016784668,43.880001068115234,81.8490659682716,62.38473337101224,62.87941667854903,69.98826622629186,76.41808033744275,14.03,34.0,0.53
PRO,2020-12-10,43.540000915527344,46.5099983215332,43.0,46.43000030517578,82.29890560621685,63.250715634316215,63.454151472566146,69.60974006489543,76.59072581176979,13.66,39.0,0.75
PRO,2020-12-11,46.0,47.099998474121094,45.130001068115234,46.029998779296875,82.5395065779587,63.32202444634794,63.35779290855985,69.5474858349172,76.59272320358144,13.27,39.0,0.99
PRO,2020-12-14,46.529998779296875,48.65999984741211,45.97999954223633,48.540000915527344,74.78800163579606,64.04107504345757,63.79199617791572,69.79934932108578,76.77588564058624,12.86,42.0,1.25
PRO,2020-12-15,48.61000061035156,50.119998931884766,48.25,49.22999954223633,74.67748850604325,64.05462086512672,63.75380845053114,69.6866424601699,76.69015878338399,12.43,42.0,1.53
PRO,2020-12-16,49.400001525878906,49.779998779296875,47.81999969482422,48.61000061035156,74.57447256552297,64.17092494864436,63.79476776247647,68.50533818704355,76.69925446737432,11.97,44.0,1.83
PRO,2020-12-17,49.4900016784668,51.83000183105469,49.4900016784668,50.68000030517578,74.54037554080371,63.81667539815459,64.06059096695374,68.04549969800804,76.8067920044909,11.48,47.0,2.13
PRO,2020-12-18,50.93000030517578,51.220001220703125,48.900001525878906,49.029998779296875,75.58847747807353,64.30762077062968,64.26135158301673,68.12416563226449,76.85379973412978,10.96,50.0,2.44
PRO,2020-12-21,48.0099983215332,49.36000061035156,47.849998474121094,49.290000915527344,75.48512430294761,64.28153826788798,64.11007701467791,66.32841307011351,76.84879109943812,10.43,48.0,2.76
PRO,2020-12-22,49.529998779296875,49.72999954223633,48.68000030517578,49.70000076293945,40.00495218172519,64.27430705655573,57.81908080440713,66.24733360508839,76.85265994954248,9.77,22.0,2.65
PRO,2020-12-23,49.959999084472656,49.959999084472656,48.47999954223633,49.5099983215332,38.61370589526909,64.30322523971023,57.79269330511943,64.75310879092356,76.85295763209456,9.1,21.0,2.27
PRO,2020-12-24,49.77000045776367,50.060001373291016,48.689998626708984,49.95000076293945,38.32960726509914,64.26074688579907,57.76532428868815,64.74662889858898,76.85771554432935,8.54,21.0,2.02
PRO,2020-12-28,50.849998474121094,50.849998474121094,49.47999954223633,49.9900016784668,35.95420247037537,64.27520373154412,57.46605404712132,64.54728641802843,76.85784608216484,7.92,19.0,1.1
PRO,2020-12-29,50.119998931884766,50.209999084472656,49.310001373291016,49.95000076293945,35.73756619553996,64.28830301326461,56.86540937123398,64.52127518246702,76.8563803902841,7.53,17.0,0.85
PRO,2020-12-30,50.060001373291016,50.79999923706055,49.83000183105469,50.45000076293945,34.075996635162625,64.27488628553584,56.636564992011294,64.27589156478784,76.84006391212779,7.11,17.0,0.23
PRO,2020-12-31,50.470001220703125,51.18000030517578,49.77000045776367,50.77000045776367,29.873558424113362,64.24364947422704,56.61425538846928,64.11845041930249,76.7668047069162,6.77,17.0,-0.25
PRO,2021-01-04,50.7400016784668,50.7400016784668,48.380001068115234,48.939998626708984,32.41484190665394,64.68535562783818,56.81274341516711,64.14867856663888,76.8506184991658,6.61,19.0,-0.26
PRO,2021-01-05,49.02000045776367,50.470001220703125,48.369998931884766,49.88999938964844,32.21399050072357,64.56048932800265,56.872235887561295,64.0568258241774,76.8522492084392,6.44,21.0,-0.29
PRO,2021-01-06,50.119998931884766,50.95000076293945,48.779998779296875,49.41999816894531,32.502185735777395,64.6062974799525,56.82457122820167,63.23970755437806,76.8372759240593,6.28,20.0,-0.32
PRO,2021-01-07,49.619998931884766,50.16999816894531,47.810001373291016,48.349998474121094,33.42276418824374,64.65344896146577,56.906485619724215,62.95669369429395,76.85757624216234,6.13,23.0,-0.34
PRO,2021-01-08,49.119998931884766,49.45000076293945,47.869998931884766,49.0,33.51064976228614,64.43304211725393,56.93120389113319,62.867485266521115,76.86227003457829,5.98,24.0,-0.4
PRO,2021-01-11,48.13999938964844,48.95000076293945,47.93000030517578,48.310001373291016,33.76451832234081,64.55491667075206,56.9340621617886,62.89670758465229,76.87310132013725,5.83,25.0,-0.43
PRO,2021-01-12,48.29999923706055,48.540000915527344,46.02000045776367,47.34000015258789,34.374512465567435,64.65742625992354,57.0140718624636,62.64323034976561,76.86742704828636,5.68,26.0,-0.5
PRO,2021-01-13,47.040000915527344,48.4900016784668,46.90999984741211,47.150001525878906,34.259088616951196,64.66374224763507,56.88814473146528,62.57966168814004,76.86222084459585,5.52,23.0,-0.63
PRO,2021-01-14,46.79999923706055,47.81999969482422,46.209999084472656,47.369998931884766,34.24635247863522,64.10569612706696,56.76458618257358,60.73345211329047,76.8480305012913,5.35,19.0,-0.84
PRO,2021-01-15,46.97999954223633,46.97999954223633,45.11000061035156,45.29999923706055,36.75262409990392,64.91649284318427,57.2381874932424,60.98170502846622,76.96928574704943,5.21,29.0,-0.95
PRO,2021-01-19,44.369998931884766,45.790000915527344,44.08000183105469,45.36000061035156,36.74829434330704,64.69198950272613,57.22116804517324,60.29520023292261,76.91923123272011,5.1,29.0,-1.04
PRO,2021-01-20,45.790000915527344,46.400001525878906,45.5099983215332,45.630001068115234,36.53965469947711,64.47204542201862,57.223639587879795,60.060231636593095,76.92168157465213,4.97,30.0,-1.17
PRO,2021-01-21,46.08000183105469,46.08000183105469,43.7599983215332,43.790000915527344,38.52165300996268,64.9989499113538,57.599644055195206,60.27119979312957,77.01489022896261,4.91,37.0,-1.18
PRO,2021-01-22,43.380001068115234,44.43000030517578,43.220001220703125,44.310001373291016,38.151476641348594,64.01338512719107,57.605879939443426,59.8684241294866,77.0256246914441,4.84,38.0,-1.21
PRO,2021-01-25,44.43000030517578,44.84000015258789,42.77000045776367,43.86000061035156,38.08863024178612,63.90789375495304,57.300792048981876,59.54589746528064,77.02947229651204,4.8,34.0,-1.2
PRO,2021-01-26,44.310001373291016,44.310001373291016,43.060001373291016,43.380001068115234,34.214392934015585,63.76622872684175,57.26075669485154,59.55714476415108,77.01222602375644,4.77,33.0,-1.2
PRO,2021-01-27,42.5,43.349998474121094,41.02000045776367,42.75,34.35491815772267,63.85028701617217,57.29310501402413,59.58649443683682,77.01973883830019,4.73,35.0,-1.19
PRO,2021-01-28,43.279998779296875,45.060001373291016,42.9900016784668,44.13999938964844,31.842350057978802,59.48449444894256,57.27262181664356,59.56197204208227,77.09259962684479,4.69,34.0,-1.18
PRO,2021-01-29,44.279998779296875,44.560001373291016,41.93000030517578,42.13999938964844,33.75746348155958,60.49737566475972,57.1292327223119,59.21044555569248,77.22021447397671,4.65,29.0,-1.17
PRO,2021-02-01,42.79999923706055,44.119998931884766,42.2599983215332,43.95000076293945,36.33076896924566,60.265251626072335,57.091432748308,59.323630464674196,77.24677947881354,4.6,29.0,-1.16
PRO,2021-02-02,44.470001220703125,45.45000076293945,43.91999816894531,45.040000915527344,34.785886148799875,60.2942981419771,57.16586837985999,59.33396064831098,77.24667351448497,4.56,31.0,-1.14
PRO,2021-02-03,45.08000183105469,45.43000030517578,43.86000061035156,44.5,33.77273334320754,59.95221234023468,54.1676559510629,58.41887255621558,77.22698351570457,4.5,16.0,-1.21
PRO,2021-02-04,44.59000015258789,46.220001220703125,44.59000015258789,45.380001068115234,34.335465486792536,59.994199716187225,54.12186393538369,58.39234903474904,77.20590460122342,4.45,16.0,-1.23
PRO,2021-02-05,46.5099983215332,46.5099983215332,42.189998626708984,44.63999938964844,34.392465164687266,38.2041937481364,54.1195411095312,58.16431496858705,77.20941805963294,4.42,16.0,-1.26
PRO,2021-02-08,44.709999084472656,46.04999923706055,41.869998931884766,42.790000915527344,36.18013440021396,38.77004061029778,54.59353208235259,58.33411786355548,76.66301378008367,4.37,19.0,-1.27
PRO,2021-02-09,42.689998626708984,44.31999969482422,41.97999954223633,43.77000045776367,36.849201552131284,38.952128277471516,54.68135724365616,58.27175739342846,76.68067695825059,4.33,20.0,-1.3
PRO,2021-02-10,43.970001220703125,44.97999954223633,43.40999984741211,43.56999969482422,36.816167378940825,38.15582274034739,54.68901229682592,58.24417047843495,76.65412774890335,4.28,22.0,-1.31
PRO,2021-02-11,43.77000045776367,44.060001373291016,43.0,43.279998779296875,36.80311872694253,37.85480773777577,54.683963755435464,55.58885689664926,76.65628683529421,4.24,22.0,-1.32
PRO,2021-02-12,43.150001525878906,44.88999938964844,42.84000015258789,44.81999969482422,38.35398193006789,37.38301154389635,54.92207672928085,55.712789882053,76.72696698010988,4.24,24.0,-1.31
PRO,2021-02-16,45.0099983215332,46.0,44.11000061035156,44.27000045776367,38.3013553141355,35.26420386276568,54.97652861809357,55.68434709212007,76.73024354579971,4.23,25.0,-1.29
PRO,2021-02-17,43.93000030517578,46.060001373291016,43.38999938964844,46.0099983215332,39.017398029607534,36.08764351039898,54.82204487151985,55.79447594397604,76.8268664020002,4.23,24.0,-1.29
PRO,2021-02-18,45.650001525878906,47.13999938964844,45.540000915527344,47.08000183105469,39.210590022991944,36.06467870967599,54.88378978603736,55.85625081908593,76.85839495196002,4.24,25.0,-1.28
PRO,2021-02-19,47.0099983215332,48.900001525878906,47.0099983215332,48.099998474121094,39.714199787278964,36.28670241907527,54.91839693906745,55.752578030558084,76.88326199853194,4.24,26.0,-1.26
PRO,2021-02-22,47.650001525878906,49.709999084472656,46.939998626708984,48.79999923706055,39.44105949494065,36.375028139492215,54.942334112881476,55.76217196711517,76.89714221389843,4.25,28.0,-1.25
PRO,2021-02-23,48.279998779296875,48.81999969482422,47.59000015258789,48.36000061035156,39.33162989443343,36.42619437899903,54.98081980998959,55.67211927518101,76.90224302218223,4.25,30.0,-1.24
PRO,2021-02-24,48.34000015258789,50.18000030517578,47.900001525878906,49.20000076293945,39.43101498246675,36.50242508251615,55.00412199083704,55.52557537057909,76.80565013351159,4.26,31.0,-1.23
PRO,2021-02-25,49.0,49.59000015258789,47.91999816894531,47.959999084472656,39.700778096548845,36.87433498109057,55.205040146873976,55.57311332108633,76.81825619274119,4.27,32.0,-1.22
PRO,2021-02-26,48.41999816894531,49.119998931884766,47.18000030517578,47.400001525878906,39.83896145573472,36.91486880687249,55.26088667234418,55.426737153926254,76.50720197646272,4.27,33.0,-1.21
PRO,2021-03-01,48.31999969482422,48.54999923706055,47.38999938964844,47.970001220703125,39.96621620565815,36.972526777042916,55.25150538116229,54.7803329526655,76.48549240542157,4.28,33.0,-1.2
PRO,2021-03-02,47.84000015258789,48.04999923706055,46.380001068115234,46.900001525878906,38.27529914982329,37.20260046663635,55.40168074449594,54.620029449457164,76.49403333150548,4.29,35.0,-1.2
PRO,2021-03-03,46.810001373291016,46.84000015258789,44.83000183105469,45.0,40.20904635608738,38.209405758280454,55.688244198978055,54.8290152330738,76.60470462386873,4.29,36.0,-1.19
PRO,2021-03-04,45.029998779296875,45.52000045776367,43.59000015258789,44.7400016784668,40.195578628907604,38.10609293062095,55.53990888638231,54.691140190440336,76.51623404809992,4.3,36.0,-1.19
PRO,2021-03-05,45.47999954223633,46.63999938964844,44.15999984741211,46.459999084472656,39.788283932929595,38.87065975171283,55.80868162073611,54.85536231856685,76.60919117901092,4.31,38.0,-1.19
PRO,2021-03-08,46.560001373291016,47.0099983215332,44.2400016784668,44.5,41.74362659816524,39.65074470608554,56.11003210831693,54.90166425128581,76.62212144030023,4.31,39.0,-1.19
PRO,2021-03-09,45.52000045776367,47.16999816894531,45.459999084472656,46.56999969482422,43.62060459208293,40.631622898179074,56.39407249825301,55.14327122049478,76.22882083240403,4.32,40.0,-1.19
PRO,2021-03-10,47.18000030517578,48.47999954223633,46.599998474121094,46.88999938964844,43.464766886195996,38.975602126069944,56.396542683274255,55.13132346306207,76.08853912153269,4.32,41.0,-1.19
PRO,2021-03-11,47.41999816894531,48.720001220703125,47.279998779296875,47.619998931884766,43.30299204442517,39.05562020396852,56.370133606710304,55.11735772307165,75.2228804812424,4.32,40.0,-1.19
PRO,2021-03-12,47.56999969482422,47.650001525878906,45.68000030517578,47.45000076293945,42.49542672592314,37.49578500106011,56.35730582279642,55.035695035996355,72.84868408434386,4.28,39.0,-1.19
PRO,2021-03-15,47.099998474121094,47.630001068115234,46.689998626708984,47.459999084472656,39.915329318026146,37.37430916775658,56.0164190885994,54.83220370397186,72.82305380122956,4.25,37.0,-1.18
PRO,2021-03-16,47.439998626708984,47.90999984741211,44.880001068115234,44.939998626708984,41.68588397391725,38.90611276673788,56.75014244845319,54.4171978975796,68.91353365357003,4.21,44.0,-1.17
PRO,2021-03-17,44.47999954223633,45.2400016784668,43.06999969482422,44.75,41.090588713483136,37.862079243641375,56.62933813905459,54.411380406462115,68.91405690428331,4.17,42.0,-1.17
PRO,2021-03-18,44.0,44.529998779296875,42.56999969482422,43.95000076293945,41.276421697202295,37.458635257908384,56.54931895077,54.11199605557341,67.19267068344097,4.14,40.0,-1.16
PRO,2021-03-19,44.119998931884766,47.20000076293945,43.040000915527344,46.36000061035156,43.78575886781247,39.10910306081533,57.028553196941324,54.474390139483866,63.73413530079024,4.09,54.0,-1.16
PRO,2021-03-22,46.2599983215332,47.099998474121094,44.58000183105469,44.84000015258789,44.62664481233127,39.613040086584704,56.69004797106083,54.61778533622198,63.83280949561892,4.06,42.0,-1.16
PRO,2021-03-23,44.290000915527344,44.4900016784668,43.06999969482422,43.869998931884766,43.30917226004981,39.82612821784042,56.72815038587089,54.665611880095796,63.46113214561267,4.02,42.0,-1.16
PRO,2021-03-24,44.25,44.25,41.7400016784668,41.7599983215332,45.140410763751646,40.91620160626091,57.214130061512016,54.84548650160037,63.17367375330883,3.97,57.0,-1.16
PRO,2021-03-25,41.220001220703125,42.2599983215332,41.0,42.060001373291016,45.20049011617729,40.96204395763372,57.16998633092977,54.82710420885586,63.174305659553994,3.93,56.0,-1.17
PRO,2021-03-26,42.349998474121094,43.22999954223633,41.70000076293945,43.189998626708984,45.868039923306085,41.4013061987249,54.40416367035512,54.783097432827596,62.678533116397986,3.93,9.0,-1.17
PRO,2021-03-29,42.90999984741211,43.16999816894531,40.959999084472656,42.290000915527344,45.0157371171182,41.492949101194334,54.55258998763469,54.814738807532436,62.66312629763631,3.92,9.0,-1.17
PRO,2021-03-30,42.029998779296875,42.279998779296875,41.06999969482422,41.72999954223633,45.0363921970529,41.50102932375924,54.11117762436085,54.580728163495465,62.67302641218592,3.91,4.0,-1.17
PRO,2021-03-31,41.9900016784668,43.0,41.880001068115234,42.5,43.81839159443734,41.1369955971485,54.128777271436455,54.599889359682166,62.603302224237325,3.91,6.0,-1.17
PRO,2021-04-01,43.060001373291016,44.599998474121094,43.060001373291016,43.41999816894531,43.740702474244294,41.18848700460933,53.84054845856152,54.5009577125882,61.702482037180815,3.91,1.0,-1.17
PRO,2021-04-05,44.22999954223633,44.22999954223633,42.849998474121094,43.5099983215332,43.168699480416294,41.17079620515578,53.8356517440173,54.05499157287632,61.23711928353453,3.91,1.0,-1.17
PRO,2021-04-06,43.56999969482422,44.52000045776367,43.099998474121094,43.689998626708984,42.901910385287266,40.982117673310505,39.849191692240325,54.00516319317962,61.19499685045269,4.28,1.0,1.86
PRO,2021-04-07,43.790000915527344,43.790000915527344,42.27000045776367,42.68000030517578,43.25739932329517,41.09767939547827,39.75329357208929,54.01949614553738,59.792493411967904,4.61,1.0,3.06
PRO,2021-04-08,43.040000915527344,44.209999084472656,43.040000915527344,43.7400016784668,43.62189539819979,41.384532475005386,39.90415257460745,54.06584030823146,59.77659642002163,4.9,3.0,3.41
PRO,2021-04-09,43.68000030517578,44.88999938964844,42.59000015258789,44.27000045776367,43.36320650819374,41.293263523313904,39.485325496251754,54.01337006924116,58.57728954303766,5.17,1.0,3.47
PRO,2021-04-12,44.27000045776367,44.869998931884766,43.7400016784668,44.47999954223633,43.32646369007512,41.30593751391631,39.26962997654588,53.958692442552106,58.571575320878,5.43,1.0,3.35
PRO,2021-04-13,44.310001373291016,45.58000183105469,43.7599983215332,45.08000183105469,43.36926778954695,41.395585712434,38.675166767156405,53.942594712126166,58.43506585706788,5.67,1.0,3.18
PRO,2021-04-14,45.36000061035156,46.20000076293945,44.93000030517578,45.15999984741211,42.94171850739239,40.37568610655454,37.3779667285266,53.9390083646291,58.41021511374033,5.95,1.0,3.02
PRO,2021-04-15,45.59000015258789,46.61000061035156,45.130001068115234,46.540000915527344,42.1303656398876,40.845526360870636,37.664479009117116,54.028043239764315,58.29180620432013,6.18,2.0,2.76
PRO,2021-04-16,46.939998626708984,47.0,45.45000076293945,45.81999969482422,42.36515025262034,40.95964986287433,37.579909217372716,54.0250786586949,58.201265190542074,6.41,2.0,2.47
PRO,2021-04-19,45.459999084472656,45.97999954223633,44.16999816894531,44.7599983215332,41.42913402806073,40.353471074516435,37.77094273527686,54.01116984274933,58.13596495421245,6.61,4.0,2.18
PRO,2021-04-20,44.11000061035156,44.79999923706055,42.86000061035156,43.4900016784668,40.366160816992604,40.71769684779281,38.05290511323008,50.155191475213655,58.12769069610534,6.79,5.0,1.88
PRO,2021-04-21,43.349998474121094,44.86000061035156,43.2400016784668,44.68000030517578,38.854419034899585,41.04399805874445,38.27019257666079,50.20959990243339,57.548248039983996,6.95,6.0,1.6
PRO,2021-04-22,44.720001220703125,45.47999954223633,44.439998626708984,44.66999816894531,38.778256889713816,40.976490575682384,38.24845689930088,50.18047494682006,57.25897728782952,7.09,6.0,1.34
PRO,2021-04-23,45.060001373291016,45.779998779296875,44.40999984741211,45.650001525878906,39.0587170028288,41.08030918507775,38.34573983951967,50.02255781164633,57.220276244999624,7.23,8.0,1.1
PRO,2021-04-26,45.869998931884766,47.72999954223633,45.869998931884766,47.119998931884766,40.209314498980476,41.07060934973455,38.63239739504824,49.74140622075848,57.29252036174389,7.34,9.0,0.88
PRO,2021-04-27,47.29999923706055,47.68000030517578,46.13999938964844,46.43000030517578,40.428226911381806,40.007537632508104,38.71229185930487,49.64324770408298,57.063019179154104,7.45,11.0,0.67
PRO,2021-04-28,46.43000030517578,46.900001525878906,45.650001525878906,45.849998474121094,37.279214770055944,39.20747488661711,38.70176339723853,49.661000836413464,57.02380261103733,7.55,11.0,0.47
PRO,2021-04-29,46.290000915527344,46.619998931884766,43.84000015258789,44.369998931884766,38.50566839123342,39.48025596897545,39.05880701635247,49.709732774317864,55.668345677347006,7.63,13.0,0.29
PRO,2021-04-30,43.720001220703125,44.599998474121094,42.7400016784668,42.97999954223633,39.258249648236166,39.93803298951905,39.310224603718595,49.86026087593225,55.76482650365091,7.7,15.0,0.12
PRO,2021-05-03,43.47999954223633,43.47999954223633,42.5099983215332,42.650001525878906,35.77733079882767,39.74071944007682,39.32631544612425,49.80714957447426,55.24687887422346,7.78,16.0,-0.04
PRO,2021-05-04,42.209999084472656,42.209999084472656,40.45000076293945,40.95000076293945,36.38015078690962,40.446099589738324,39.70796763249812,50.005321043863326,55.213351322028615,7.83,18.0,-0.19
PRO,2021-05-05,40.400001525878906,42.0099983215332,38.58000183105469,41.34000015258789,36.10255749437457,39.59368895073513,39.67858981728543,50.013032719261254,55.21836819197169,7.89,18.0,-0.32
PRO,2021-05-06,41.439998626708984,42.4900016784668,40.36000061035156,40.81999969482422,33.39021531882482,39.3698275814113,38.65142809316631,49.99155682054096,54.92089679885333,7.94,10.0,-0.45
PRO,2021-05-07,41.15999984741211,41.66999816894531,39.33000183105469,39.40999984741211,34.742859283449334,39.97704413831405,39.00724861156857,50.14099421803581,54.767555460290076,7.98,14.0,-0.57
PRO,2021-05-10,39.22999954223633,39.22999954223633,37.599998474121094,38.33000183105469,34.410335608077304,40.32249970902766,38.228288416495104,50.151610114002146,54.83448085103527,8.02,6.0,-0.68
PRO,2021-05-11,37.5,39.060001373291016,37.5,38.34000015258789,34.04364279559649,39.583261857996256,38.139453787038825,50.08456178348395,54.83411222045398,8.06,6.0,-0.79
PRO,2021-05-12,37.779998779296875,38.33000183105469,37.2400016784668,37.599998474121094,34.248022679416614,39.685297231606455,38.201031417081246,50.13618927197329,54.772846510855125,8.08,7.0,-0.9
PRO,2021-05-13,38.04999923706055,38.790000915527344,37.16999816894531,37.97999954223633,33.87478103258728,38.84017704012961,37.592991461551165,50.13656702754179,54.30819863920491,8.11,3.0,-1.01
PRO,2021-05-14,38.22999954223633,38.66999816894531,37.5099983215332,38.4900016784668,33.43136898491399,38.61195473916051,37.36504014138086,50.16221668654837,54.26715420923145,8.12,1.0,-1.12
PRO,2021-05-17,38.15999984741211,38.369998931884766,37.290000915527344,37.369998931884766,34.177548935437315,38.626949888287974,37.59032596559157,50.27305589934835,54.31032727313504,8.12,4.0,-1.23
PRO,2021-05-18,37.40999984741211,38.689998626708984,37.08000183105469,37.88999938964844,34.51790602798917,38.61418479121159,37.64198718078397,50.28493798867197,53.57518170783756,8.2,6.0,-1.31
PRO,2021-05-19,37.220001220703125,37.66999816894531,36.83000183105469,37.0,34.535934311831205,38.81015927609581,37.78983679350879,50.16579661820113,53.58538949948773,8.27,9.0,-1.38
PRO,2021-05-20,37.0,37.77000045776367,36.790000915527344,37.63999938964844,34.05469521816512,38.80846258036303,37.87847205278373,50.155992704990595,53.41336975549472,8.33,10.0,-1.45
PRO,2021-05-21,38.11000061035156,38.63999938964844,37.400001525878906,38.5099983215332,34.663442525084086,38.95316057845839,38.09338504203631,50.22016772607657,53.402932410354595,8.38,12.0,-1.52
PRO,2021-05-24,38.849998474121094,39.25,38.540000915527344,38.56999969482422,34.600944328360164,38.93058371960242,38.09807173682783,50.08427993387294,53.307404386204546,8.44,13.0,-1.58
PRO,2021-05-25,38.66999816894531,39.56999969482422,38.630001068115234,39.25,34.80639318256454,39.040137129402034,38.17967356170071,49.730901964452386,53.30619209712827,8.49,15.0,-1.63
PRO,2021-05-26,39.38999938964844,40.70000076293945,39.38999938964844,40.630001068115234,36.580864865830826,39.59027587587931,38.60659846176756,49.656495510960234,51.33433647943889,8.53,21.0,-1.68
PRO,2021-05-27,40.7400016784668,42.810001373291016,40.47999954223633,42.63999938964844,38.36937907917134,40.08143696623187,39.02967134849036,49.94593431245773,51.5415014900094,8.57,28.0,-1.72
PRO,2021-05-28,42.900001525878906,44.369998931884766,42.84000015258789,44.369998931884766,40.09640839927394,40.922636370182694,39.43985814448253,48.29282950938437,51.65171335856418,8.59,33.0,-1.76
PRO,2021-06-01,44.630001068115234,44.86000061035156,44.34000015258789,44.630001068115234,39.57340557308388,40.17757391347956,39.43279047733406,48.23935647345737,51.59911595357426,8.61,33.0,-1.8
PRO,2021-06-02,44.75,46.27000045776367,44.5,45.560001373291016,39.04846606193681,39.41837746938408,39.43757540758464,48.22000642288714,51.638563789378885,8.62,34.0,-1.83
PRO,2021-06-03,45.189998626708984,46.349998474121094,44.91999816894531,46.310001373291016,38.56383201978586,38.43527126005338,39.467161134128474,48.24123962466374,51.53918997675494,8.63,36.0,-1.85
PRO,2021-06-04,46.61000061035156,47.869998931884766,46.54999923706055,47.81999969482422,39.58402680316943,38.974187364447744,39.74327828847075,48.371336391439165,51.625012011152904,8.64,40.0,-1.88
PRO,2021-06-07,47.75,48.58000183105469,47.70000076293945,48.08000183105469,39.16866354190879,38.86204535232268,39.62032055498101,48.367834559759714,51.54720472120644,8.64,38.0,-1.9
PRO,2021-06-08,48.400001525878906,50.0,48.130001068115234,49.41999816894531,38.90720755214351,39.25397752775524,39.850858710040136,48.4420302894668,51.47762602931534,8.63,44.0,-1.91
PRO,2021-06-09,49.880001068115234,49.970001220703125,47.56999969482422,47.66999816894531,40.154414648406274,39.96941850029977,40.26385695594843,48.653868981288845,51.577800887100686,8.62,46.0,-1.92
PRO,2021-06-10,47.630001068115234,48.22999954223633,47.34000015258789,48.02000045776367,39.98892358728954,38.33518157401841,39.63414346056931,48.65782136697586,51.45628637485916,8.61,39.0,-1.93
PRO,2021-06-11,48.0,48.77000045776367,47.599998474121094,48.599998474121094,38.733219253054514,38.383007265596056,39.67547903029655,48.40926616977737,50.96342012956367,8.6,40.0,-1.94
PRO,2021-06-14,48.880001068115234,49.22999954223633,48.61000061035156,49.029998779296875,37.31960418051762,38.19690208581781,39.68777146677825,48.40478639215063,50.79154584944129,8.58,42.0,-1.94
PRO,2021-06-15,48.880001068115234,49.33000183105469,48.189998626708984,48.709999084472656,37.28844131123955,36.686326627102574,39.13458559200736,48.387930356731594,50.78384777545379,8.55,30.0,-1.95
PRO,2021-06-16,48.54999923706055,49.18000030517578,47.5,49.18000030517578,34.76567074143592,36.02808983493976,39.12076052766225,48.39555258892105,50.6838602814082,8.53,30.0,-1.94
PRO,2021-06-17,48.869998931884766,50.84000015258789,48.650001525878906,50.779998779296875,35.56025793788745,36.22456494798296,39.38498555999355,48.522158030229825,50.76897997472777,8.5,35.0,-1.94
PRO,2021-06-18,50.45000076293945,50.900001525878906,49.88999938964844,50.650001525878906,35.1973818374284,34.604015598647855,39.33972918759551,48.51960576230611,50.622644404550954,8.46,35.0,-1.93
PRO,2021-06-21,50.689998626708984,50.779998779296875,49.34000015258789,49.869998931884766,33.56710361053491,34.80520381173222,39.34930218530967,48.56307185235957,50.630925966629114,8.43,36.0,-1.92
PRO,2021-06-22,49.61000061035156,50.0099983215332,48.68000030517578,49.43000030517578,32.24341009073392,34.53147493985338,39.07793829930555,48.581455107934495,50.626370536536825,8.39,30.0,-1.91
PRO,2021-06-23,49.34000015258789,50.09000015258789,48.97999954223633,49.0,32.54670137037454,34.26758546340811,38.363655404565975,48.578774469864705,50.60122026032371,8.35,21.0,-1.89
PRO,2021-06-24,49.56999969482422,49.56999969482422,47.66999816894531,48.25,32.26652520945969,34.311444984389595,37.89958408505919,48.62066896927406,50.56094560653213,8.32,11.0,-1.87
PRO,2021-06-25,48.279998779296875,48.70000076293945,47.380001068115234,48.099998474121094,32.43005603339314,34.168810734216805,37.71559709858263,48.50764019073826,50.40399456771061,8.28,8.0,-1.85
PRO,2021-06-28,48.459999084472656,48.5,46.900001525878906,47.34000015258789,33.103730546043195,34.1224280361744,37.75374333881917,48.44198426346759,49.80589719769444,8.28,9.0,-1.82
PRO,2021-06-29,47.66999816894531,47.66999816894531,46.15999984741211,46.88999938964844,31.668554897407525,34.19630688121849,37.664410029132,48.455604297869925,49.8091259497269,8.27,7.0,-1.79
PRO,2021-06-30,46.66999816894531,46.66999816894531,45.09000015258789,45.56999969482422,33.28157477688501,34.73048448409066,37.85031928514166,48.467399001097064,49.62791061438551,8.26,13.0,-1.75
PRO,2021-07-01,45.7599983215332,47.04999923706055,45.45000076293945,47.040000915527344,32.8309520836799,34.934553071656474,37.55700811183263,48.52239039899754,49.72413456030233,8.24,3.0,-1.71
PRO,2021-07-02,47.540000915527344,47.619998931884766,46.13999938964844,47.0,32.80966550302915,34.60930940678729,37.39635447777363,48.52321631910596,49.723620071567794,8.22,3.0,-1.66
PRO,2021-07-06,47.130001068115234,47.560001373291016,46.119998931884766,46.52000045776367,32.85857641570249,34.61268730654163,37.42771116746715,48.51140722528315,49.72353174887619,8.19,4.0,-1.61
PRO,2021-07-07,46.790000915527344,47.43000030517578,46.220001220703125,47.11000061035156,32.876011364320604,34.688126028559324,37.45669082221955,48.509156701773435,49.63338441516418,8.16,5.0,-1.56
PRO,2021-07-08,46.349998474121094,47.29999923706055,45.77000045776367,46.13999938964844,33.64544039487613,34.871912476177684,37.2091389763195,48.380027629530076,49.65979301369401,8.12,1.0,-1.5
PRO,2021-07-09,46.279998779296875,46.4900016784668,45.7400016784668,46.45000076293945,32.49623114090653,34.89485687005897,37.16728468615317,48.368801568888365,49.555711330482474,8.08,1.0,-1.43
PRO,2021-07-12,46.439998626708984,46.47999954223633,45.220001220703125,45.900001525878906,30.03196797403078,34.43022903004753,36.71204563257551,48.317983867877004,49.551632976106546,8.05,1.0,-1.36
PRO,2021-07-13,45.59000015258789,46.029998779296875,45.18000030517578,45.33000183105469,28.150252913698516,34.37704665609603,36.57775288449538,48.223809289381045,49.36277755566616,8.01,1.0,-1.28
PRO,2021-07-14,45.4900016784668,45.529998779296875,44.52000045776367,44.54999923706055,28.58263426100925,34.22450134480448,36.507197228063944,48.2223101785433,49.376799608348584,7.96,1.0,-1.2
PRO,2021-07-15,44.380001068115234,44.61000061035156,42.720001220703125,43.849998474121094,28.241320069415455,33.86163051826107,36.50247784473296,47.87427936766904,49.279235018389144,7.91,1.0,-1.11
PRO,2021-07-16,44.459999084472656,44.689998626708984,43.43000030517578,43.54999923706055,27.781344798187497,33.42273156919602,36.491924101931126,47.82636220447288,48.93294075409406,7.86,1.0,-1.0
PRO,2021-07-19,42.5099983215332,42.970001220703125,41.720001220703125,42.52000045776367,26.51587525354802,33.768047853218114,36.552270907496904,47.84835690645306,48.95135375296122,7.79,4.0,-0.89
PRO,2021-07-20,42.709999084472656,45.06999969482422,42.2400016784668,44.33000183105469,29.536692741678017,34.57615093344491,36.980547576390045,48.04464342890945,49.08230544539841,7.72,7.0,-0.77
PRO,2021-07-21,44.5,44.90999984741211,44.04999923706055,44.2599983215332,28.1220286641925,33.91953060247354,36.939059252953385,46.2036781329814,49.058130769458494,7.64,7.0,-0.64
PRO,2021-07-22,44.0099983215332,44.83000183105469,43.099998474121094,43.38999938964844,26.865135303893904,34.02352167643002,37.00704829044062,46.279032887270986,49.04490439466938,7.56,9.0,-0.49
PRO,2021-07-23,43.75,43.75,43.060001373291016,43.29999923706055,26.684942080700957,33.94065639184862,36.84586638090036,45.9285463567214,49.0017907445382,7.47,7.0,-0.34
PRO,2021-07-26,43.47999954223633,44.099998474121094,43.119998931884766,43.599998474121094,26.4682864819961,33.31866424631581,36.285905478739586,45.91491106426809,48.97805740729287,7.37,1.0,-0.16
PRO,2021-07-27,43.43000030517578,44.20000076293945,41.880001068115234,42.959999084472656,26.388938500026466,32.80886480967637,36.34849752276289,45.702465706271845,48.998272878791646,7.27,2.0,0.03
PRO,2021-07-28,43.099998474121094,44.13999938964844,42.86000061035156,43.72999954223633,27.14731593033084,32.968451249934915,35.95147848013972,45.7396087286426,49.01281833382484,7.16,1.0,0.25
PRO,2021-07-29,44.11000061035156,44.970001220703125,43.9900016784668,44.119998931884766,27.117529289051006,31.87643289859352,35.329025940414496,36.901825769144345,48.98833853898857,7.04,1.0,0.48
PRO,2021-07-30,43.79999923706055,44.470001220703125,43.380001068115234,43.41999816894531,25.13256453808455,32.02243436383552,34.65255011380105,36.787718446056914,48.94694758639588,6.91,1.0,0.73
PRO,2021-08-02,43.540000915527344,44.22999954223633,43.349998474121094,43.369998931884766,25.148845879990272,31.902204280398223,34.63145738607902,36.7784584168496,45.845147801076195,6.77,1.0,1.02
PRO,2021-08-03,43.81999969482422,43.81999969482422,42.0,42.209999084472656,25.779728371552906,31.55352078870532,34.78246934648623,36.67176736096043,45.90179308185143,6.63,3.0,1.33
PRO,2021-08-04,42.66999816894531,43.689998626708984,42.13999938964844,42.880001068115234,26.482869867899417,31.106855730228705,34.88407973342894,36.57345581813672,45.90054403142722,6.47,4.0,1.69
PRO,2021-08-05,42.970001220703125,44.75,42.7400016784668,44.47999954223633,29.029804358194543,31.909318170001583,35.39208240949832,36.428475225824805,45.86746651938451,6.3,6.0,2.1
PRO,2021-08-06,44.849998474121094,44.880001068115234,44.33000183105469,44.70000076293945,28.88571541171864,31.582119598293723,34.3294643418058,35.66055014304544,45.54302305903338,6.11,1.0,2.55
PRO,2021-08-09,44.47999954223633,44.540000915527344,43.18000030517578,43.75,29.40294450977085,31.935563237135277,34.49172449570707,35.75449176549734,45.49660108323795,5.91,2.0,3.06
PRO,2021-08-10,43.68000030517578,43.91999816894531,41.84000015258789,42.52000045776367,30.096255894166717,32.46838405396071,34.669120036105596,35.80565433463166,45.58434806089973,5.7,5.0,3.66
PRO,2021-08-11,42.5,43.459999084472656,42.13999938964844,43.13999938964844,30.48510468115809,31.91054376948944,33.67044343070562,35.84310530734312,45.51237619113628,5.46,1.0,4.31
PRO,2021-08-12,42.95000076293945,42.959999084472656,41.779998779296875,41.90999984741211,30.512566822934257,32.45461054842227,33.56882126694655,36.00477879446428,45.60699070495577,5.21,1.0,5.06
PRO,2021-08-13,41.86000061035156,41.86000061035156,40.709999084472656,41.75,28.701535573102493,32.04136174478543,33.40061902064072,35.99396647296936,45.5582872220194,4.95,1.0,5.91
PRO,2021-08-16,41.52000045776367,41.52000045776367,39.9900016784668,40.0,30.80482356050092,33.168568259890094,33.17498621673825,36.33567207829454,45.729660943053865,4.63,1.0,6.77
PRO,2021-08-17,39.540000915527344,40.09000015258789,38.95000076293945,39.97999954223633,30.8001445496409,32.85568679733789,33.1526611810468,36.30072510845481,45.726315028452916,4.29,1.0,7.59
PRO,2021-08-18,40.04999923706055,40.2400016784668,38.25,38.349998474121094,32.08261145530586,33.976051003705535,33.50178816498362,36.61351632257278,45.88014655242639,4.01,4.0,8.98
PRO,2021-08-19,38.04999923706055,38.5,37.25,37.75,31.925180872684138,33.924764036448686,33.43238628474861,36.65731506176377,45.886787266278404,3.7,4.0,10.59
PRO,2021-08-20,37.70000076293945,37.9900016784668,37.209999084472656,37.72999954223633,31.729992288370596,33.122168120807174,33.37524077615137,36.60938074000602,45.81164322726315,3.37,3.0,12.52
PRO,2021-08-23,38.290000915527344,40.06999969482422,37.790000915527344,40.029998779296875,37.009717880058595,33.88382197865997,34.586107613624264,37.288115127319266,46.143324069849896,2.97,11.0,14.67
PRO,2021-08-24,40.130001068115234,41.66999816894531,39.90999984741211,41.5,38.74060352257908,33.7011091846843,34.90018748909436,37.49266763169818,46.28399184734508,2.51,17.0,15.59
PRO,2021-08-25,41.4900016784668,42.59000015258789,41.4900016784668,41.880001068115234,38.64431192102811,33.73661520226334,34.931051363007576,37.50856570312268,46.282341292510445,1.92,18.0,-0.44
PRO,2021-08-26,41.75,42.709999084472656,41.650001525878906,41.720001220703125,38.428405179711426,33.4361805016027,34.92773515127957,37.42814756166576,46.28343876148982,1.92,18.0,-0.52
PRO,2021-08-27,41.63999938964844,44.630001068115234,41.63999938964844,44.0,41.539666190057396,35.088061112405086,35.75464512688212,37.92544426039445,46.57896586110877,1.92,22.0,-0.55
PRO,2021-08-30,44.150001525878906,44.45000076293945,42.70000076293945,43.06999969482422,41.41553805458903,34.65205496447928,35.70528215828504,37.408592325054876,46.61852700863377,1.91,22.0,-0.59
PRO,2021-08-31,43.349998474121094,43.81999969482422,43.040000915527344,43.2400016784668,39.55083070036871,34.640286588114556,35.65794814903281,37.39923581480543,46.46363365903201,1.9,22.0,-0.63
PRO,2021-09-01,43.58000183105469,43.95000076293945,43.0099983215332,43.72999954223633,39.70465669914207,34.21199555308631,35.69620079318502,36.88166305710779,46.43880743377358,1.9,23.0,-0.66
PRO,2021-09-02,43.720001220703125,44.209999084472656,42.40999984741211,42.7599983215332,39.82130739550777,33.744249287215055,35.802507896773406,36.93013476265697,46.48575263037357,1.9,26.0,-0.7
PRO,2021-09-03,42.619998931884766,43.220001220703125,42.04999923706055,42.540000915527344,39.842004512611574,33.69694265958423,35.80807397705767,36.906765140934816,46.38132460420423,1.9,27.0,-0.74
PRO,2021-09-07,42.43000030517578,42.529998779296875,41.470001220703125,41.689998626708984,40.17136098888777,33.77034731921447,35.59987926674463,36.630189532454374,46.12078588333041,1.91,22.0,-0.78
PRO,2021-09-08,41.2400016784668,41.380001068115234,40.22999954223633,40.7599983215332,40.457023855798305,33.93097221742594,35.68915849638321,36.521581275446806,45.997225124672205,1.92,24.0,-0.82
PRO,2021-09-09,40.68000030517578,41.52000045776367,40.2400016784668,40.45000076293945,40.06005571475238,33.93644705591437,35.52648418441763,36.52213232162872,45.98243291229977,1.92,22.0,-0.87
PRO,2021-09-10,40.7599983215332,41.0,39.779998779296875,39.849998474121094,40.06195554913848,33.916955426585886,35.31842640901639,36.54153604575723,44.5869049763762,1.93,20.0,-0.91
PRO,2021-09-13,39.970001220703125,39.970001220703125,38.689998626708984,39.619998931884766,39.891872371521984,33.100934772009545,35.04229345644239,36.544234139126694,44.55334611781994,1.94,20.0,-0.96
PRO,2021-09-14,39.97999954223633,39.97999954223633,38.2400016784668,38.540000915527344,40.515868811712075,33.447102592471914,35.292139524724874,36.65728133913484,44.585152271568106,1.94,21.0,-0.99
PRO,2021-09-15,38.34000015258789,39.2400016784668,38.150001525878906,39.130001068115234,40.26756177005329,33.60887165711094,35.19833321391479,36.70918705887585,44.59955466452508,1.95,21.0,-1.02
PRO,2021-09-16,38.84000015258789,39.779998779296875,38.56999969482422,39.709999084472656,40.227850165400575,33.81114315455131,34.89209812310084,36.75838331355192,44.62120454093307,1.95,17.0,-1.05
PRO,2021-09-17,40.0,40.0,39.029998779296875,39.65999984741211,38.480883858343994,33.79780657430814,34.82942027967147,36.73407056294003,44.61578978198988,1.95,16.0,-1.08
PRO,2021-09-20,38.689998626708984,39.15999984741211,37.279998779296875,37.81999969482422,40.39748980533052,34.90168350885082,35.544291310229184,37.12609655534161,44.85796003808097,1.95,29.0,-1.08
PRO,2021-09-21,38.09000015258789,38.790000915527344,37.5099983215332,38.11000061035156,40.282333604653196,34.98359356672292,35.228197074333586,36.90643191005003,44.86301379667415,1.95,24.0,-1.08
PRO,2021-09-22,38.31999969482422,38.869998931884766,38.16999816894531,38.290000915527344,39.71522549866967,34.93570651440619,34.90405852225074,36.832178649260484,44.864742037245385,1.94,20.0,-1.09
PRO,2021-09-23,38.58000183105469,39.2400016784668,37.869998931884766,38.959999084472656,39.836614581069654,35.17199787398363,35.010777960609914,36.88682623385304,44.707291512338784,1.93,23.0,-1.08
PRO,2021-09-24,38.470001220703125,39.40999984741211,38.220001220703125,39.15999984741211,39.15698428410665,34.80572191741653,34.43665826684588,36.81317037915354,44.70402755231899,1.93,10.0,-1.08
PRO,2021-09-27,39.2599983215332,39.7599983215332,38.689998626708984,39.25,39.175935736404114,34.082785244747264,34.402819634083514,36.774976245060635,44.67705171817152,1.92,10.0,-1.08
PRO,2021-09-28,39.13999938964844,39.279998779296875,36.29999923706055,36.38999938964844,43.10400259965179,37.18634477942649,36.36625117597053,37.785218030730725,45.326403750401376,1.91,46.0,-1.06
PRO,2021-09-29,36.439998626708984,36.91999816894531,36.060001373291016,36.369998931884766,43.10373959431178,37.1726807052114,35.955202374407705,37.71974735841866,45.32646496096201,1.89,44.0,-1.02
PRO,2021-09-30,36.540000915527344,36.900001525878906,35.369998931884766,35.47999954223633,42.06097724423633,37.24443196570659,35.90080851263347,37.81935304243929,45.39466772897015,1.89,43.0,-1.0
PRO,2021-10-01,35.81999969482422,37.11000061035156,35.47999954223633,36.849998474121094,43.452122173310194,38.09470249413485,36.42146251007482,38.09984017146675,45.543745962177645,1.88,49.0,-0.97
PRO,2021-10-04,36.83000183105469,36.83000183105469,34.91999816894531,35.52000045776367,44.683519685172236,38.623211151682696,36.753579692917945,37.98447889296868,45.695863450635336,1.88,56.0,-0.94
PRO,2021-10-05,35.599998474121094,36.209999084472656,35.130001068115234,35.599998474121094,40.785984860992976,38.61573274842575,36.71701107512468,37.9855549196729,45.67532089019527,1.87,56.0,-0.93
PRO,2021-10-06,34.939998626708984,35.689998626708984,34.599998474121094,35.06999969482422,39.08681629437366,38.64200654240496,36.71782692671679,38.009817975827474,45.70024026102708,1.87,57.0,-0.92
PRO,2021-10-07,35.349998474121094,36.2400016784668,34.81999969482422,35.04999923706055,38.86991609203075,38.552348277729166,36.43031933595048,37.7152856737541,45.59962370322958,1.87,50.0,-0.91
PRO,2021-10-08,35.15999984741211,35.15999984741211,33.4900016784668,34.130001068115234,39.32033871278055,38.75605503151982,36.58663176446345,37.801963137733075,45.58180672138558,1.87,56.0,-0.89
PRO,2021-10-11,34.099998474121094,34.619998931884766,33.11000061035156,33.15999984741211,35.45945517106192,39.08125596218579,36.67540136983599,37.926735626846295,45.670870723128665,1.86,57.0,-0.87
PRO,2021-10-12,33.099998474121094,33.38999938964844,32.70000076293945,33.0,35.299239630053904,38.87192073015014,36.562888859300784,37.91211779113993,45.57097184142608,1.86,55.0,-0.84
PRO,2021-10-13,32.880001068115234,33.599998474121094,32.709999084472656,33.560001373291016,35.89841446181581,37.940533693608295,36.47394701016383,37.94167138058857,45.552649757627044,1.85,51.0,-0.81
PRO,2021-10-14,34.13999938964844,34.54999923706055,34.04999923706055,34.130001068115234,36.199494337843504,38.19098098358837,36.58576755197116,37.79627478547462,45.58421468895442,1.84,58.0,-0.77
PRO,2021-10-15,34.9900016784668,35.18000030517578,34.0099983215332,34.27000045776367,36.11349525167151,38.090497398394774,36.47316008767197,37.42133013325484,45.566783629857106,1.84,51.0,-0.73
PRO,2021-10-18,33.91999816894531,34.720001220703125,33.68000030517578,34.290000915527344,36.18243401508404,38.09993296191839,36.01756889161092,37.06731441414396,45.54724943666034,1.82,46.0,-0.67
PRO,2021-10-19,34.439998626708984,34.439998626708984,33.5099983215332,34.0,35.975573599231566,38.04427110192184,35.12874260412633,36.94842365424359,45.4150293706787,1.81,27.0,-0.6
PRO,2021-10-20,34.06999969482422,34.15999984741211,33.25,33.630001068115234,35.68965697872714,38.006465462516246,34.5009245023417,36.94418092143029,45.41279768606111,1.79,13.0,-0.55
PRO,2021-10-21,33.5099983215332,33.810001373291016,33.31999969482422,33.470001220703125,35.69077260897197,37.732829958226716,34.474597191913986,36.86028963714409,45.36475196951672,1.78,12.0,-0.48
PRO,2021-10-22,33.439998626708984,33.439998626708984,32.529998779296875,32.77000045776367,35.86556452659383,37.781115370757085,34.387218908613384,36.89091148237694,45.30854432767828,1.76,10.0,-0.42
PRO,2021-10-25,32.720001220703125,33.31999969482422,32.4900016784668,32.83000183105469,35.946935276467975,37.73527577888063,34.253382763541374,36.575240571110086,45.27511301400883,1.74,9.0,-0.35
PRO,2021-10-26,32.91999816894531,33.06999969482422,31.15999984741211,31.18000030517578,37.80413189138207,38.930592223657825,34.61707127249377,36.93856489407793,45.291158320657615,1.71,18.0,-0.28
PRO,2021-10-27,31.040000915527344,31.360000610351562,30.110000610351562,30.170000076293945,37.91480339784372,39.08648440998172,34.87792258369511,37.11954318675087,45.373923978321024,1.68,24.0,-0.19
PRO,2021-10-28,30.299999237060547,31.06999969482422,30.190000534057617,30.56999969482422,37.83469543551611,39.02989591234225,34.6150528339313,37.158917774869835,45.345829727882005,1.64,18.0,-0.14
PRO,2021-10-29,30.3700008392334,30.760000228881836,29.719999313354492,30.0,37.87616385931526,38.10821189507069,34.32595567011395,36.951467174195024,45.34961263262869,1.6,10.0,-0.2
PRO,2021-11-01,30.020000457763672,31.790000915527344,29.920000076293945,31.6200008392334,40.14601434545006,39.930467153039004,35.46079998716152,37.496036852393225,44.327342727191,1.55,42.0,-0.14
PRO,2021-11-02,31.690000534057617,32.06999969482422,29.649999618530273,30.020000457763672,42.05796316483528,40.91737428891452,36.163422775657544,37.650840642342764,44.634304049641706,1.51,57.0,-0.11
PRO,2021-11-03,25.0,30.709999084472656,23.079999923706055,30.420000076293945,42.35257142002485,40.842727770101625,36.21268617591118,37.575960938047395,44.36960249823843,1.46,58.0,-0.12
PRO,2021-11-04,30.729999542236328,31.899999618530273,30.389999389648438,30.489999771118164,41.80116677941968,40.663153236946556,36.22887709727803,37.47297198728226,44.36186715661592,1.42,59.0,-0.06
PRO,2021-11-05,31.059999465942383,32.15999984741211,30.84000015258789,31.90999984741211,44.47207361936585,41.70249441208785,37.02928054757905,37.84966376543717,44.38883072750875,1.39,84.0,-0.05
PRO,2021-11-08,32.369998931884766,33.33000183105469,32.11000061035156,32.5099983215332,45.01177939787356,41.97201713129524,36.75481195439701,37.922384363678155,44.427043355048454,1.35,80.0,-0.12
PRO,2021-11-09,32.5,33.77000045776367,31.969999313354492,33.619998931884766,41.36746295201476,41.887139703473395,37.24664320002599,38.08931445189273,38.16830480015387,1.31,88.0,-0.28
PRO,2021-11-10,33.34000015258789,34.04999923706055,32.869998931884766,33.790000915527344,41.42374088780471,41.91608286176826,37.2291772863455,37.99642735086812,38.06627101882656,1.26,88.0,-0.52
PRO,2021-11-11,33.90999984741211,35.27000045776367,33.72999954223633,34.939998626708984,42.12978429158047,41.77037378740578,37.6889292076507,38.20826878717502,38.21186235312572,1.24,95.0,-0.75
PRO,2021-11-12,35.29999923706055,35.880001068115234,34.91999816894531,35.75,41.156423532241085,41.95999045888628,37.910652695804295,38.28535295395184,38.11523918072392,1.23,100.0,-0.79
PRO,2021-11-15,35.88999938964844,36.68000030517578,35.59000015258789,36.45000076293945,40.122692661371175,42.16575247613453,38.02646965063749,38.28432695878425,38.061869276933116,1.23,100.0,-0.78
PRO,2021-11-16,36.36000061035156,37.790000915527344,36.119998931884766,37.779998779296875,41.38481037450571,41.008762801843886,38.517974263190126,38.23966536050874,37.95280239049729,1.24,100.0,-0.7
PRO,2021-11-17,37.5,38.63999938964844,37.43000030517578,38.47999954223633,41.324705345511695,40.48309012345619,38.596282923907495,38.30351697857611,37.459253213591346,1.26,100.0,-0.62
PRO,2021-11-18,38.95000076293945,39.599998474121094,37.84000015258789,38.79999923706055,41.33615048231236,40.47432787716504,38.61213589344387,38.04377201793599,37.46865159107328,1.28,100.0,-0.56
PRO,2021-11-19,38.33000183105469,38.939998626708984,37.36000061035156,38.040000915527344,40.9518577694357,40.64902671069059,38.48284330687694,37.77959225541622,37.4406479804851,1.29,97.0,-0.52
PRO,2021-11-22,38.2599983215332,38.65999984741211,37.2599983215332,37.84000015258789,39.88507716849351,39.01899097414618,38.10808437721963,37.37832179922489,37.44082510355427,1.3,96.0,-0.52
PRO,2021-11-23,37.5,37.849998474121094,35.04999923706055,35.790000915527344,43.47150223996944,40.33957747490691,39.04270117090706,37.91855061241876,37.843937221317034,1.33,100.0,-0.4
PRO,2021-11-24,35.18000030517578,36.689998626708984,34.2400016784668,36.459999084472656,43.52287856795153,40.5587283945705,39.1687630882138,37.939817428129615,37.882574451182,1.36,100.0,-0.3
PRO,2021-11-26,35.279998779296875,35.880001068115234,33.880001068115234,34.939998626708984,45.226877856191045,41.254068978871125,39.60664059686331,38.2495761057296,38.107620511663704,1.4,100.0,-0.12
PRO,2021-11-29,35.86000061035156,35.86000061035156,34.77000045776367,35.2400016784668,45.27364658249219,41.142969608111756,39.54459942426769,38.268162582107976,38.093943344662165,1.45,99.0,-0.04
PRO,2021-11-30,35.18000030517578,37.209999084472656,35.18000030517578,36.31999969482422,46.06008839308533,41.70577987006558,39.86115274124044,37.93097979769134,38.211168899648115,1.49,100.0,0.07
PRO,2021-12-01,36.9900016784668,37.209999084472656,34.0,34.02000045776367,49.96740166261822,43.510133030271874,41.07078454765586,38.683680004655606,38.756007960921316,1.58,100.0,0.54
PRO,2021-12-02,34.130001068115234,34.88999938964844,33.06999969482422,34.619998931884766,50.104494439440394,43.530421861804044,41.16985897625207,38.69849725070991,38.766855822914124,1.66,100.0,0.78
PRO,2021-12-03,34.54999923706055,34.54999923706055,31.030000686645508,31.440000534057617,57.50026420106587,47.567800063799055,43.71688836410744,39.75932248274262,39.92189796164948,1.83,100.0,2.57
PRO,2021-12-06,31.6299991607666,32.97999954223633,30.360000610351562,32.790000915527344,58.58665428381605,48.443639934182144,44.26275931545935,39.92715275522206,40.122937774746006,2.01,100.0,3.46
PRO,2021-12-07,33.65999984741211,34.279998779296875,33.189998626708984,33.40999984741211,58.83627931850278,48.64895732827178,44.390812990864454,39.92796646947252,40.1721682843587,2.17,100.0,3.61
PRO,2021-12-08,33.40999984741211,34.689998626708984,32.810001373291016,34.56999969482422,57.46222893385258,48.95027103982791,44.63845049781851,39.742257482428386,40.27506291587726,2.33,100.0,3.49
PRO,2021-12-09,34.040000915527344,34.790000915527344,33.040000915527344,33.34000015258789,57.651346145807736,49.3202636976453,44.40730984365279,39.94713529512473,40.40413204210118,2.46,99.0,3.15
PRO,2021-12-10,33.5,34.119998931884766,32.849998474121094,33.189998626708984,57.61681890428794,49.18805458866517,44.40761399076959,39.811581302086964,39.98974342988234,2.59,99.0,2.77
PRO,2021-12-13,32.790000915527344,34.15999984741211,31.700000762939453,33.630001068115234,57.32173966690433,49.298495763402386,44.395726219906074,39.780388164263236,40.009175030137776,2.71,97.0,2.39
PRO,2021-12-14,34.06999969482422,34.400001525878906,31.780000686645508,33.38999938964844,55.489485591586295,48.419600174499415,44.40169100519824,39.76075774802454,39.639556298933606,2.82,97.0,2.03
PRO,2021-12-15,33.13999938964844,34.630001068115234,32.04999923706055,34.470001220703125,53.722332564295726,48.87864265186535,44.71275983435337,39.886535889156605,39.74900768426014,2.94,100.0,1.7
PRO,2021-12-16,34.880001068115234,35.040000915527344,33.59000015258789,33.72999954223633,54.18700087989032,49.03078016999338,44.77514520637544,39.86917791235538,39.78491845796573,3.05,100.0,1.4
PRO,2021-12-17,33.369998931884766,36.939998626708984,32.86000061035156,36.79999923706055,59.35972261526056,52.195789823050575,46.87482561560735,41.22029492024855,40.53151948338828,3.21,100.0,1.37
PRO,2021-12-20,35.810001373291016,36.40999984741211,34.619998931884766,34.83000183105469,60.71929578731877,53.33960624996891,47.598772157318116,41.70929185007456,40.762949073646766,3.38,100.0,1.36
PRO,2021-12-21,35.25,36.29999923706055,34.369998931884766,36.130001068115234,61.34562738940883,53.917836391716946,47.94730091356508,41.865434561414325,40.934508747141436,3.54,100.0,1.3
PRO,2021-12-22,36.09000015258789,36.43000030517578,35.040000915527344,35.52000045776367,60.94312916482204,51.763877747068335,48.00771369805376,41.79838849969865,40.953682148403935,3.7,100.0,1.17
PRO,2021-12-23,35.439998626708984,35.709999084472656,34.95000076293945,35.599998474121094,60.93571500952606,51.76671865279293,47.8427165729904,41.770897381195255,40.95447298368862,3.84,98.0,0.98
PRO,2021-12-27,35.68000030517578,37.189998626708984,35.13999938964844,37.150001525878906,61.40565374900135,52.249157979404934,48.280346331408964,42.08613135352263,41.17718378375787,3.98,100.0,0.82
PRO,2021-12-28,37.04999923706055,37.38999938964844,34.86000061035156,34.97999954223633,63.634266026539464,53.13159491903085,48.780973205279956,42.628830213828664,41.597315060624815,4.13,100.0,0.67
PRO,2021-12-29,34.75,34.95000076293945,34.08000183105469,34.52000045776367,63.44030840682804,52.66959095330852,48.7966954088895,42.65004871879841,41.61405418933209,4.26,100.0,0.52
PRO,2021-12-30,34.77000045776367,36.209999084472656,34.77000045776367,35.41999816894531,62.98529893735101,52.94077326230045,48.906826954416346,42.607654926815016,41.687393290064236,4.39,100.0,0.36
PRO,2021-12-31,35.209999084472656,35.58000183105469,34.06999969482422,34.4900016784668,63.06122422340169,53.133544616549344,48.88151193518443,42.67875882687841,41.75612135740543,4.51,99.0,0.21
PRO,2022-01-03,34.72999954223633,35.97999954223633,34.0099983215332,35.939998626708984,64.3106148874779,53.80841297873469,49.29402190351525,42.89735161239875,41.82377144447151,4.63,100.0,0.07
PRO,2022-01-04,36.279998779296875,36.290000915527344,34.2400016784668,35.130001068115234,64.38665389201789,53.7324392085069,49.217775538718925,42.84900346381249,41.82857621929014,4.73,99.0,-0.06
PRO,2022-01-05,34.79999923706055,35.0099983215332,32.52000045776367,32.59000015258789,67.72295033078736,55.611352409302164,50.573705881258256,43.598755766255024,42.464988961369535,4.86,100.0,-0.13
PRO,2022-01-06,32.349998474121094,33.22999954223633,31.75,32.18000030517578,66.05014700878215,55.66177004134359,50.18644253095459,43.61744394069914,42.43084875334782,4.96,99.0,-0.23
PRO,2022-01-07,32.0,33.11000061035156,31.329999923706055,31.649999618530273,65.81384747171313,55.64103205769966,50.2378646185187,43.562068635364646,42.4305045454443,5.06,99.0,-0.34
PRO,2022-01-10,31.149999618530273,32.150001525878906,30.1299991607666,32.150001525878906,65.06269769922788,55.62557510439038,49.91966891970823,43.42848342326243,42.44760812226703,5.15,97.0,-0.45
PRO,2022-01-11,31.920000076293945,33.15999984741211,31.639999389648438,33.02000045776367,65.54808511377374,55.906168747094775,50.07139843514848,43.53562828852347,42.50015834104149,5.23,97.0,-0.56
PRO,2022-01-12,32.709999084472656,33.18000030517578,31.329999923706055,31.420000076293945,66.20550416917305,56.801398665295075,50.65540782447783,43.88361414579444,42.77237410271505,5.32,100.0,-0.65
PRO,2022-01-13,31.5,31.790000915527344,30.299999237060547,30.420000076293945,64.24001181488191,57.136923201910385,49.928064684371314,43.87904480565536,42.87785568189367,5.4,95.0,-0.75
PRO,2022-01-14,29.790000915527344,30.639999389648438,28.709999084472656,29.200000762939453,64.79252597518932,57.66873199104863,49.90071130633175,43.978983808371055,42.841785094392066,5.48,93.0,-0.85
PRO,2022-01-18,28.719999313354492,29.479999542236328,27.719999313354492,28.270000457763672,59.444623682120415,57.99453723188487,50.06767578079837,44.11944150223623,42.94991461017869,5.55,95.0,-0.94
PRO,2022-01-19,28.290000915527344,28.729999542236328,26.799999237060547,26.8799991607666,59.32344389910347,58.695921919672465,50.60861119149857,44.25365615101506,43.21589531101984,5.63,99.0,-1.02
PRO,2022-01-20,27.190000534057617,28.719999313354492,26.729999542236328,26.799999237060547,58.848872717965385,58.68623772633196,49.75954423184966,44.231365463884295,43.037724297067136,5.7,90.0,-1.1
PRO,2022-01-21,26.56999969482422,27.700000762939453,25.850000381469727,26.43000030517578,57.53894230522049,57.86734099432474,49.711004208948395,44.23566775623384,43.03202184591823,5.76,89.0,-1.18
PRO,2022-01-24,25.049999237060547,27.989999771118164,25.049999237060547,27.940000534057617,59.860487847309116,58.73168333288798,50.611446767444775,44.59125157995821,43.407786840621014,5.83,99.0,-1.24
PRO,2022-01-25,27.389999389648438,27.489999771118164,26.030000686645508,26.549999237060547,61.26910805291409,59.5253806775642,51.085541395937106,44.86509958558477,43.676792422413506,5.9,100.0,-1.29
PRO,2022-01-26,27.399999618530273,28.25,26.5,26.600000381469727,61.02599952864761,59.43182465778876,51.02000375446642,44.86667948458837,43.65986827221667,5.97,99.0,-1.34
PRO,2022-01-27,27.09000015258789,27.649999618530273,25.799999237060547,26.049999237060547,61.14285126583739,58.44842535714041,51.0843396042513,44.87467625158752,43.56807169788119,6.04,99.0,-1.39
PRO,2022-01-28,26.049999237060547,27.25,25.6200008392334,27.25,62.00902977987057,58.37585235460252,51.63398442195293,45.19711401929271,43.59428113455439,6.11,100.0,-1.43
PRO,2022-01-31,27.139999389648438,28.290000915527344,26.8700008392334,27.709999084472656,62.262394455634904,58.41831705990984,51.65617139350711,45.21498641629969,43.41212867180587,6.18,100.0,-1.47
PRO,2022-02-01,27.950000762939453,28.59000015258789,27.5,28.270000457763672,56.23646494279642,58.58072747572071,51.79094915053074,45.16755904323777,43.38710125311643,6.24,100.0,-1.5
PRO,2022-02-02,28.420000076293945,28.68000030517578,27.559999465942383,27.989999771118164,54.50750882469896,57.786394730281856,51.769136508637494,45.14125453081665,43.38263112616927,6.29,99.0,-1.53
PRO,2022-02-03,27.360000610351562,27.780000686645508,26.850000381469727,27.75,52.8921068253129,57.636809912916775,51.7742070456544,45.072419964998616,43.334443740245106,6.34,99.0,-1.55
PRO,2022-02-04,27.6200008392334,29.84000015258789,27.450000762939453,29.389999389648438,56.18384048953,58.47772728285735,52.52261210154634,45.55746211876416,43.714273131953014,6.4,100.0,-1.57
PRO,2022-02-07,29.559999465942383,31.0,29.559999465942383,30.6299991607666,57.819083450868845,59.139747853180744,52.91174248478042,45.74781275442205,43.73333608562985,6.45,100.0,-1.58
PRO,2022-02-08,30.3799991607666,32.91999816894531,30.34000015258789,32.7400016784668,59.91738046344317,60.35787838516953,53.97122264357,46.44679880344008,44.19397100004341,6.52,100.0,-1.58
PRO,2022-02-09,33.33000183105469,34.36000061035156,32.810001373291016,34.27000045776367,59.17439933660829,60.92187531684996,54.49771912423158,46.72293740667568,44.43986481788918,6.59,100.0,-1.57
PRO,2022-02-10,33.45000076293945,34.7599983215332,33.22999954223633,33.63999938964844,59.292366968014285,60.883575059495996,54.06718156126659,46.58026883306588,44.47108515115879,6.65,99.0,-1.57
PRO,2022-02-11,32.41999816894531,33.72999954223633,30.440000534057617,32.720001220703125,59.23308991756133,60.618937737678515,54.21180614415936,46.31442158145948,44.40392362142989,6.71,99.0,-1.57
PRO,2022-02-14,32.790000915527344,32.970001220703125,29.3700008392334,29.510000228881836,65.73669796347302,63.87668391642578,56.554434103923825,47.59555060311593,45.547938973386955,6.8,100.0,-1.53
PRO,2022-02-15,30.010000228881836,32.56999969482422,29.780000686645508,32.31999969482422,70.21855700791204,66.76106065948976,58.39277297640459,48.8486511683764,46.30700772598783,6.92,100.0,-1.44
PRO,2022-02-16,31.780000686645508,32.529998779296875,31.290000915527344,32.2599983215332,69.98141897683506,66.67013460888242,58.382019829730005,48.77578081018486,46.24222653270639,7.02,99.0,-1.37
PRO,2022-02-17,31.690000534057617,31.799999237060547,30.450000762939453,30.6200008392334,68.2222940844451,67.43454679200471,58.9193350590586,49.087484493279376,46.46104212032229,7.13,100.0,-1.31
PRO,2022-02-18,30.360000610351562,31.200000762939453,29.969999313354492,30.780000686645508,68.17803142035483,66.5717077650759,57.74975369031245,48.92519010506543,46.4378029969521,7.22,97.0,-1.3
PRO,2022-02-22,30.260000228881836,30.8799991607666,29.790000915527344,29.90999984741211,68.49952959819696,66.63698281491493,57.90815276109444,49.01421592002048,46.509827486530206,7.31,97.0,-1.29
PRO,2022-02-23,30.09000015258789,30.719999313354492,29.479999542236328,29.780000686645508,68.2990597734669,66.13307384441815,57.79394139394047,48.88331685959837,46.47077176114827,7.39,96.0,-1.28
PRO,2022-02-24,28.56999969482422,31.989999771118164,28.110000610351562,31.950000762939453,71.03894228469183,67.77239465535872,58.58457325735416,49.48200777071784,46.96942564534106,7.48,99.0,-1.27
PRO,2022-02-25,32.08000183105469,32.439998626708984,31.139999389648438,31.700000762939453,69.57323975002286,67.45720102269614,58.319927073500025,49.47339593216227,46.96261089262491,7.56,96.0,-1.27
PRO,2022-02-28,31.389999389648438,32.15999984741211,31.100000381469727,31.780000686645508,68.88227242133816,66.16511630591869,58.32034331597278,49.44748571962918,46.94475577486685,7.63,96.0,-1.27
PRO,2022-03-01,31.790000915527344,32.380001068115234,30.43000030517578,30.8700008392334,68.33086383074148,66.29301504276194,58.44790656407629,49.52995150945346,46.97829695849751,7.7,98.0,-1.27
PRO,2022-03-02,31.31999969482422,32.560001373291016,30.34000015258789,32.459999084472656,68.92670064056139,64.14530029860721,59.01693246112666,49.91973605788381,47.09386515248481,7.76,100.0,-1.26
PRO,2022-03-03,32.52000045776367,32.52000045776367,30.81999969482422,31.209999084472656,68.22547117895296,64.06231084352348,59.19212409364996,50.09094386376564,47.24470188546944,7.83,100.0,-1.25
PRO,2022-03-04,30.700000762939453,31.079999923706055,29.100000381469727,29.25,71.14729681803733,65.2519508229058,59.8970398892441,50.46057995451936,47.50416707252859,7.9,100.0,-1.24
PRO,2022-03-07,29.520000457763672,29.959999084472656,28.06999969482422,29.360000610351562,70.96842611680776,64.82480089785817,59.899486303570804,50.46699853391863,47.3262628421939,7.97,100.0,-1.23
PRO,2022-03-08,29.579999923706055,30.469999313354492,28.950000762939453,29.719999313354492,69.29756203275792,64.51457764617487,59.86852038407524,50.47693837360695,47.11012863417754,8.02,98.0,-1.22
PRO,2022-03-09,30.6299991607666,31.350000381469727,30.270000457763672,31.09000015258789,68.4925100968151,65.225537429073,60.25163614024611,50.78923712686058,47.334906309249064,8.07,100.0,-1.21
PRO,2022-03-10,30.3700008392334,31.459999084472656,29.93000030517578,30.84000015258789,68.59589891812206,65.1724513967523,60.2567572950558,50.78816454731173,47.30813399250344,8.12,100.0,-1.19
PRO,2022-03-11,31.299999237060547,31.729999542236328,29.329999923706055,29.3799991607666,69.95210912641161,65.87417257969594,60.724717970943765,51.05605345297547,47.538514344021834,8.16,100.0,-1.18
PRO,2022-03-14,29.280000686645508,29.510000228881836,28.1200008392334,28.34000015258789,69.76661673152049,65.8480039627419,60.96193138269806,51.207715150950726,47.66039660072294,8.18,100.0,-1.16
PRO,2022-03-15,28.809999465942383,30.1200008392334,28.3700008392334,30.100000381469727,71.71548237994867,66.99971409771177,61.733486112610215,51.72635004160647,47.773069222875414,8.2,100.0,-1.14
PRO,2022-03-16,30.530000686645508,31.809999465942383,29.959999084472656,31.75,73.05205082462543,65.42341386814566,62.332680780744134,52.13994848596475,48.087293716948366,8.22,100.0,-1.13
PRO,2022-03-17,31.5,33.310001373291016,31.5,33.279998779296875,73.9777393284635,65.26540667440854,62.69785830629425,52.368343303407215,48.300834891497814,8.23,100.0,-1.11
PRO,2022-03-18,33.119998931884766,33.75,32.779998779296875,33.130001068115234,73.91806847091425,64.80136496286039,62.70163739539473,52.21737513576832,47.991107896814775,8.24,100.0,-1.1
PRO,2022-03-21,32.810001373291016,33.13999938964844,31.719999313354492,32.75,72.42907028038964,64.75471868433921,62.18203100442725,52.22952042943094,47.89457028156324,8.23,97.0,-1.09
PRO,2022-03-22,32.810001373291016,33.9900016784668,32.38999938964844,33.58000183105469,71.8432377861276,64.97672932648003,62.069673564809,52.3178232210061,47.92142737299468,8.21,96.0,-1.09
PRO,2022-03-23,32.95000076293945,33.27000045776367,32.02000045776367,32.099998474121094,70.53880082667952,64.94927898087711,62.468048406070196,52.53875387644964,47.88065330338166,8.19,98.0,-1.09
PRO,2022-03-24,32.150001525878906,32.150001525878906,31.209999084472656,32.06999969482422,69.1585854242117,63.82435272830341,62.391791924467455,52.49191086362096,47.87357325489677,8.15,97.0,-1.1
PRO,2022-03-25,32.150001525878906,32.150001525878906,30.360000610351562,30.809999465942383,69.87832564862202,64.27168454791902,62.16256820476791,52.67403395974175,47.951393230662916,8.11,94.0,-1.1
PRO,2022-03-28,30.809999465942383,32.08000183105469,30.299999237060547,31.260000228881836,69.64744934631972,64.10637284814885,61.6494749418952,52.698746939458815,47.93643144438023,8.08,91.0,-1.1
PRO,2022-03-29,32.0099983215332,34.279998779296875,32.0099983215332,34.16999816894531,67.50169669044433,66.54942692076966,63.20474684828393,53.77534863759706,48.76172269549433,8.06,100.0,-1.09
PRO,2022-03-30,33.869998931884766,34.2400016784668,32.75,33.0099983215332,63.262917375501715,66.34947725795395,63.45788634960914,53.88466660335304,48.84027887340056,8.03,100.0,-1.09
PRO,2022-03-31,33.06999969482422,33.900001525878906,32.72999954223633,33.310001373291016,63.303477606519124,66.232080036165,63.066453574976244,53.872971165554105,48.798921453237796,8.0,98.0,-1.08
PRO,2022-04-01,33.31999969482422,34.45000076293945,33.119998931884766,34.25,61.682200296103005,64.64866073723708,63.15089111433768,53.980868681939384,48.883377516651564,7.96,98.0,-1.08
PRO,2022-04-04,34.400001525878906,35.119998931884766,34.0,34.849998474121094,61.807965350866425,64.67394632689796,62.98717066301882,53.958626931522716,48.91509888182828,7.92,96.0,-1.07
PRO,2022-04-05,34.75,34.75,31.540000915527344,31.829999923706055,67.05382986787828,67.27832775459568,64.61654759191705,54.747162052405216,49.68192318215165,7.9,100.0,-1.07
PRO,2022-04-06,31.030000686645508,31.170000076293945,29.670000076293945,29.829999923706055,69.79770889411473,68.49658639929099,65.18074571701484,55.2531460696129,50.021227687727645,7.88,100.0,-1.06
PRO,2022-04-07,29.809999465942383,30.459999084472656,29.290000915527344,29.639999389648438,66.5513514255578,68.2551618826628,65.0662853398666,55.215516528862395,50.00500973728551,7.86,99.0,-1.05
PRO,2022-04-08,29.43000030517578,29.690000534057617,28.229999542236328,28.3700008392334,67.60920165535462,68.08956086679157,65.31325612848777,55.43526452278034,50.178535215733035,7.83,100.0,-1.04
PRO,2022-04-11,28.059999465942383,29.09000015258789,27.549999237060547,28.770000457763672,67.78263477138158,67.86078618571612,65.07849263981606,55.4582953213027,50.18039960332017,7.8,98.0,-1.04
PRO,2022-04-12,29.440000534057617,30.59000015258789,29.440000534057617,29.84000015258789,68.28146220011503,67.76696129894279,65.29171531673154,55.627755029328306,50.325181549804995,7.76,99.0,-1.04
PRO,2022-04-13,29.889999389648438,31.649999618530273,29.889999389648438,31.290000915527344,68.10461734727109,68.09387519240822,65.7514282648733,55.88669676957375,50.464758223909925,7.72,100.0,-1.04
PRO,2022-04-14,31.3700008392334,31.3700008392334,29.90999984741211,30.100000381469727,68.08065787025383,67.75421029825557,65.94987018920148,56.041994857084084,50.582507750301474,7.67,100.0,-1.05
PRO,2022-04-18,29.670000076293945,30.049999237060547,29.059999465942383,29.670000076293945,65.50290211432626,67.82950300257731,65.9760580749371,56.03672682945777,50.551629201956885,7.61,100.0,-1.08
PRO,2022-04-19,29.780000686645508,31.3700008392334,29.34000015258789,30.889999389648438,66.510299867758,68.20556914077991,65.76280295821134,56.26091290849175,50.651008997563906,7.55,98.0,-1.1
PRO,2022-04-20,31.31999969482422,31.329999923706055,30.3700008392334,30.520000457763672,66.54895318788216,67.36550682503722,65.70505589682722,56.19402871642948,50.582024812823725,7.48,96.0,-1.14
PRO,2022-04-21,31.049999237060547,32.5,29.65999984741211,29.780000686645508,65.58436307012812,66.69926129277025,65.48192141277431,56.21910772547628,50.634249111907096,7.4,95.0,-1.17
PRO,2022-04-22,29.5,30.270000457763672,28.84000015258789,29.1200008392334,65.84163053109191,66.88530984915062,65.54421581155462,56.081420418025,50.6225148061159,7.32,95.0,-1.22
PRO,2022-04-25,28.93000030517578,30.459999084472656,28.920000076293945,30.440000534057617,65.63089309171004,67.28676810633254,65.7586424027688,56.34661428541903,50.722107382499914,7.24,97.0,-1.28
PRO,2022-04-26,30.09000015258789,30.09000015258789,27.280000686645508,27.989999771118164,69.35106677999683,68.98091373732083,66.27770105645284,57.12714893315163,51.36768273591847,7.18,100.0,-1.32
PRO,2022-04-27,27.700000762939453,28.670000076293945,27.5,28.0,66.92853860736176,68.89729339517015,66.20559649606733,57.04398614308573,51.35726124017823,7.11,99.0,-1.37
PRO,2022-04-28,28.479999542236328,28.850000381469727,27.65999984741211,28.739999771118164,65.40246167046965,68.98322695685914,64.60347223640458,57.10861372717301,51.339723174571425,7.06,84.0,-1.38
PRO,2022-04-29,28.40999984741211,28.93000030517578,27.8799991607666,27.93000030517578,63.99840898060067,69.20659241789235,64.38106158424641,57.1064075323349,51.32166653566272,7.0,83.0,-1.39
PRO,2022-05-02,28.110000610351562,29.09000015258789,27.81999969482422,28.90999984741211,65.05813905136586,69.5412935668291,64.55607023907672,57.27125092177767,51.44546223673362,6.95,83.0,-1.39
PRO,2022-05-03,28.969999313354492,28.969999313354492,27.889999389648438,28.639999389648438,65.04101460919237,68.55401929000257,64.31475696340276,57.07238674296106,51.301454194598584,6.89,81.0,-1.4
PRO,2022-05-04,31.290000915527344,31.739999771118164,28.780000686645508,30.850000381469727,68.46381540243452,69.7362617522929,65.20048887591821,57.77986593357909,51.84679848557163,6.84,88.0,-1.4
PRO,2022-05-05,30.020000457763672,30.389999389648438,28.8799991607666,29.40999984741211,68.61445796159596,69.01477030860141,65.6244069133665,57.844933386047906,52.04377299342862,6.78,92.0,-1.41
PRO,2022-05-06,29.190000534057617,29.59000015258789,28.43000030517578,28.530000686645508,69.06968501609008,68.53923895804837,65.74553383844865,57.92153765384668,52.01477853171338,6.71,93.0,-1.43
PRO,2022-05-09,27.829999923706055,27.979999542236328,26.290000915527344,26.649999618530273,70.80599917741179,69.76169098008714,66.58374655656786,58.45509318794332,52.37684222095722,6.65,100.0,-1.45
PRO,2022-05-10,27.239999771118164,27.3700008392334,25.290000915527344,25.440000534057617,71.56007382037336,70.13992062834023,66.72340465271373,58.23642767872856,52.569667943446476,6.59,100.0,-1.48
PRO,2022-05-11,25.31999969482422,26.100000381469727,23.860000610351562,23.989999771118164,67.02403341204464,68.01372714735177,67.24301190808215,58.43146177721431,52.84875993250451,6.53,100.0,-1.51
PRO,2022-05-12,23.610000610351562,25.209999084472656,23.149999618530273,24.229999542236328,66.95231128827805,65.17808358184877,65.69696657678877,58.434005533708344,52.848533217332914,6.48,88.0,-1.5
PRO,2022-05-13,24.90999984741211,25.969999313354492,24.90999984741211,25.899999618530273,70.39252077320538,66.80223213656483,66.1380081559381,59.012815286409634,53.268925058193304,6.44,95.0,-1.49
PRO,2022-05-16,25.610000610351562,26.280000686645508,25.079999923706055,25.280000686645508,69.67849350109654,66.1779686482904,65.91566640030047,58.69135474646876,53.24362373014133,6.4,92.0,-1.47
PRO,2022-05-17,25.969999313354492,26.549999237060547,25.309999465942383,26.450000762939453,71.08826635689218,66.89971125246021,66.33197775546009,58.92786775880844,53.4271091594054,6.36,97.0,-1.45
PRO,2022-05-18,26.0,27.059999465942383,25.09000015258789,25.350000381469727,67.57661950379686,67.18935084132531,66.62212962304538,59.1097985625514,53.53829622155989,6.32,98.0,-1.44
PRO,2022-05-19,25.1200008392334,27.920000076293945,25.1200008392334,27.559999465942383,70.28310458732597,69.47820021365195,67.65185785649572,59.9681001375855,54.179037121179974,6.29,100.0,-1.41
PRO,2022-05-20,28.100000381469727,28.25,26.610000610351562,27.440000534057617,70.27615948741051,67.8566521258856,67.02791767115922,59.92192175183172,54.125885741782255,6.25,98.0,-1.38
PRO,2022-05-23,27.809999465942383,27.8799991607666,26.040000915527344,27.59000015258789,69.20729465537359,67.86689789752077,67.01685402892517,59.928356680780524,54.12938320704461,6.21,97.0,-1.35
PRO,2022-05-24,27.040000915527344,27.040000915527344,25.610000610351562,25.860000610351562,71.45849450682157,69.05234990669759,67.59236952781805,60.345117627463395,54.46613135131606,6.18,99.0,-1.31
PRO,2022-05-25,25.639999389648438,26.549999237060547,25.639999389648438,25.93000030517578,70.47608252344595,68.8555787599614,67.49347771887271,60.30180926883797,54.34652847666253,6.13,98.0,-1.27
PRO,2022-05-26,25.940000534057617,27.040000915527344,25.940000534057617,26.260000228881836,68.94427076422504,68.04299865834425,67.17083135554482,60.325300314515374,54.133321777808106,6.08,96.0,-1.23
PRO,2022-05-27,26.649999618530273,27.760000228881836,26.649999618530273,27.280000686645508,69.35267056242238,68.15492939421718,67.41248112659443,60.49633301989748,54.12071011539983,6.03,97.0,-1.19
PRO,2022-05-31,27.190000534057617,27.600000381469727,26.56999969482422,27.290000915527344,69.27908698613146,66.89465066204646,66.40282635382263,60.49544120381102,54.11558399802215,5.99,89.0,-1.13
PRO,2022-06-01,27.600000381469727,28.670000076293945,27.600000381469727,28.3700008392334,69.20017566085981,67.38856824613632,66.69014651211897,60.610905500081735,54.222222285998086,5.94,91.0,-1.08
PRO,2022-06-02,28.149999618530273,29.959999084472656,28.149999618530273,29.93000030517578,71.02752431601613,68.25000052320281,67.2066896008837,60.93023639191378,54.47466913230533,5.88,95.0,-1.01
PRO,2022-06-03,29.549999237060547,29.829999923706055,28.989999771118164,29.5,70.79265138299002,67.66339420133338,67.1917178594541,60.91883008314885,54.383363855660804,5.82,94.0,-0.95
PRO,2022-06-06,30.0,30.0,28.979999542236328,29.260000228881836,70.5261854104471,67.66382954364644,67.05550975351099,60.923690090151915,54.381932131896846,5.75,92.0,-0.88
PRO,2022-06-07,28.93000030517578,30.149999618530273,28.93000030517578,30.059999465942383,69.75668753812623,67.16103446757378,66.74868979668838,60.7723438597598,54.37915616975712,5.69,89.0,-0.8
PRO,2022-06-08,30.030000686645508,31.670000076293945,30.030000686645508,31.350000381469727,66.11215351124771,67.25814733291195,66.88772664930363,60.97913751610893,54.448313652280625,5.6,89.0,-0.73
PRO,2022-06-09,31.049999237060547,31.049999237060547,29.079999923706055,29.1200008392334,69.83346552466824,67.87958754458762,67.60285483943167,61.57853736225679,54.916084039830224,5.52,99.0,-0.65
PRO,2022-06-10,28.280000686645508,29.040000915527344,28.1200008392334,28.149999618530273,70.14646244858659,67.27170222834089,67.6216691597244,61.65581031348485,54.990356979262764,5.43,99.0,-0.58
PRO,2022-06-13,27.09000015258789,27.75,25.899999618530273,26.059999465942383,73.17105749143333,68.21149993704985,68.25859542230152,62.29080613714063,55.48763593594674,5.36,100.0,-0.49
PRO,2022-06-14,26.209999084472656,27.079999923706055,25.540000915527344,25.899999618530273,72.33845075488104,68.21278288531155,68.2636247325366,62.29012873615366,55.48736495207559,5.26,100.0,-0.44
PRO,2022-06-15,26.440000534057617,27.350000381469727,25.829999923706055,26.520000457763672,72.74414797268086,68.42993209557837,68.3340453910135,61.7498243732435,55.53593238683312,5.15,100.0,-0.39
PRO,2022-06-16,25.780000686645508,25.809999465942383,24.479999542236328,24.760000228881836,71.40308317766495,69.44719625124237,68.60965770485464,62.255027794129994,55.82054799733698,5.05,100.0,-0.33
PRO,2022-06-17,25.15999984741211,26.030000686645508,24.959999084472656,25.100000381469727,70.59277307593196,69.04415414705277,68.18100173266667,62.22427911779519,55.84489140428914,4.95,96.0,-0.25
PRO,2022-06-21,25.68000030517578,26.43000030517578,25.18000030517578,25.190000534057617,70.22886474308996,69.05918863693275,68.18308288897508,62.047435533523064,55.83382683534895,4.85,96.0,-0.17
PRO,2022-06-22,24.739999771118164,26.190000534057617,24.739999771118164,25.93000030517578,68.1460490273317,68.96883242693043,68.26352785388241,62.01802273789097,55.9199886717628,4.74,97.0,-0.12
PRO,2022-06-23,26.18000030517578,28.239999771118164,26.1200008392334,27.799999237060547,69.69224679584883,70.47130767318794,68.78674909708062,62.58907531288222,56.38037723527846,4.63,100.0,-0.05
PRO,2022-06-24,28.280000686645508,30.540000915527344,28.280000686645508,30.530000686645508,71.93535403472336,70.73450143248391,70.3246252967457,63.56916430020715,57.174370933724795,4.55,100.0,-0.0
PRO,2022-06-27,30.709999084472656,30.8799991607666,29.59000015258789,29.889999389648438,72.42767228554753,70.52379998720059,70.34478427092414,63.615034720855846,57.20704119892316,4.45,100.0,0.02
PRO,2022-06-28,29.979999542236328,30.31999969482422,27.93000030517578,27.969999313354492,73.16620537038082,71.71932691792165,71.12563623402373,64.01446384667578,57.552917040871996,4.36,100.0,0.01
PRO,2022-06-29,27.760000228881836,27.920000076293945,26.790000915527344,27.3799991607666,73.07842653691046,71.52658096609719,71.19334657717644,63.9748127375141,57.580264004873925,4.26,100.0,-0.07
PRO,2022-06-30,26.790000915527344,26.850000381469727,25.899999618530273,26.229999542236328,73.08094119937077,71.83322460484129,70.90973339966058,64.16474003204407,57.66421927642755,4.17,98.0,-0.14
PRO,2022-07-01,26.030000686645508,27.3700008392334,26.030000686645508,27.110000610351562,72.56589443243338,69.9623161323636,70.79503916903718,64.25743531918401,57.67174208754597,4.07,97.0,-0.23
PRO,2022-07-05,26.610000610351562,27.899999618530273,25.860000610351562,27.860000610351562,68.81939876502318,69.0049034405393,70.1077066466059,64.31056772128501,57.74689114377792,3.98,94.0,-0.28
PRO,2022-07-06,27.700000762939453,28.31999969482422,27.190000534057617,27.510000228881836,68.9105541753187,69.03711612693763,69.7165936524194,64.32192497574002,57.7507651396447,3.89,93.0,-0.31
PRO,2022-07-07,27.700000762939453,28.760000228881836,27.700000762939453,28.670000076293945,69.92897004764427,68.9996430507907,70.00603349217391,64.5181376323212,57.89517212261948,3.79,93.0,-0.46
PRO,2022-07-08,28.200000762939453,29.020000457763672,27.530000686645508,28.8799991607666,67.07634579897572,68.95593804664767,69.89396650039271,64.51935383233017,57.87158693137039,3.67,92.0,-0.69
PRO,2022-07-11,28.389999389648438,28.690000534057617,27.3700008392334,27.639999389648438,68.47977926881936,69.10905464676578,68.30569212719381,64.70895659470676,58.0173769075642,3.59,87.0,-0.71
PRO,2022-07-12,27.739999771118164,28.15999984741211,25.190000534057617,25.450000762939453,72.64078936096826,70.31886908994854,67.93441427254866,65.42171681894983,58.56521608675863,3.55,81.0,-0.65
PRO,2022-07-13,24.93000030517578,25.540000915527344,24.239999771118164,24.459999084472656,72.49586894149822,70.33849412688271,68.19166604665821,65.53665340820734,58.675507711638964,3.5,83.0,-0.59
PRO,2022-07-14,24.030000686645508,24.350000381469727,23.290000915527344,23.719999313354492,72.90540693061983,70.52627820708084,67.8803355479721,65.62560585053708,58.72479578972496,3.45,79.0,-0.51
PRO,2022-07-15,24.290000915527344,25.09000015258789,23.6200008392334,24.510000228881836,72.61236353133637,70.34207287931584,68.10109656836012,65.48380126744496,58.815021929596455,3.38,80.0,-0.47
PRO,2022-07-18,25.030000686645508,25.440000534057617,24.1200008392334,24.139999389648438,70.51059867160605,70.3607797566675,68.00174705665091,65.39696480716931,58.82743407265577,3.31,79.0,-0.43
PRO,2022-07-19,24.540000915527344,24.8700008392334,24.110000610351562,24.829999923706055,71.20687095074064,70.52982603613441,68.17076068471326,65.46761268058108,58.866216902645206,3.23,80.0,-0.41
PRO,2022-07-20,25.010000228881836,26.760000228881836,25.010000228881836,26.25,73.38441518907652,71.42103398892284,67.81325532745154,65.77652236079828,58.986650971013546,3.16,75.0,-0.36
PRO,2022-07-21,26.229999542236328,26.40999984741211,25.540000915527344,26.170000076293945,72.81045491456072,70.77301676835525,67.8069215523608,65.47012831693318,58.98670960872799,3.08,74.0,-0.33
PRO,2022-07-22,26.3799991607666,26.3799991607666,25.059999465942383,25.690000534057617,71.54375736906243,68.80228099522564,67.8540690125918,65.22349562926424,58.98280826510122,3.0,75.0,-0.32
PRO,2022-07-25,25.709999084472656,25.709999084472656,24.559999465942383,25.440000534057617,68.67058469295624,68.82239756072644,67.72825921212072,65.2102900537183,58.98783303192082,2.91,72.0,-0.34
PRO,2022-07-26,25.280000686645508,25.280000686645508,23.040000915527344,23.110000610351562,73.19731959924579,71.23389714237156,68.83258966788964,66.17174743319444,59.72384737212204,2.84,90.0,-0.35
PRO,2022-07-27,23.3799991607666,24.0,22.989999771118164,23.860000610351562,70.84860536057866,71.40803349563112,68.81613967895385,66.05516834876546,59.81019909900681,2.77,89.0,-0.36
PRO,2022-07-28,23.950000762939453,24.260000228881836,22.920000076293945,23.860000610351562,70.84677733248952,70.99106022769186,68.0909527861578,66.01155732313315,59.77663772129718,2.71,76.0,-0.33
PRO,2022-07-29,23.43000030517578,25.350000381469727,22.209999084472656,24.3700008392334,70.76931734777958,71.15305360223807,68.18454183559885,65.93436909381667,59.81247450855538,2.64,80.0,-0.31
PRO,2022-08-01,23.889999389648438,25.31999969482422,23.329999923706055,24.899999618530273,68.25957171572028,69.51550103483643,68.24951496166888,65.98717567015954,59.844209392835715,2.57,81.0,-0.32
PRO,2022-08-02,24.700000762939453,25.209999084472656,24.170000076293945,25.049999237060547,68.16466060635922,68.92533096431984,67.84770136132053,65.86103764416008,59.84975642969583,2.5,69.0,-0.32
PRO,2022-08-03,25.25,26.969999313354492,25.0,26.799999237060547,70.92568518882929,70.15408337733649,68.73561015631378,66.30720540496246,60.20115051627347,2.43,87.0,-0.36
PRO,2022-08-04,26.940000534057617,26.940000534057617,25.540000915527344,26.280000686645508,70.72174284220097,68.86340200181692,68.38375786575239,66.29389517361713,60.201444595867514,2.37,85.0,-0.38
PRO,2022-08-05,25.65999984741211,26.350000381469727,25.299999237060547,25.8700008392334,67.72891709666865,68.2674709261792,68.19543911345592,66.16217208723886,60.092182831833384,2.31,78.0,-0.39
PRO,2022-08-08,26.0,26.920000076293945,26.0,26.690000534057617,62.22524315690146,67.43175007997621,67.68631016678819,66.23552474946923,60.18063898529661,2.26,62.0,-0.34
PRO,2022-08-09,26.18000030517578,26.5,24.829999923706055,25.100000381469727,64.22444381530163,68.63783735658906,67.78338984854126,66.59520306214037,60.442099351583714,2.22,63.0,-0.25
PRO,2022-08-10,26.049999237060547,27.219999313354492,26.049999237060547,27.18000030517578,66.17033363502674,69.21964836646785,68.57966050607304,67.26546903692365,60.93471821421769,2.19,85.0,-0.18
PRO,2022-08-11,27.770000457763672,27.770000457763672,26.40999984741211,26.489999771118164,66.2999857943494,69.24324803247231,68.68174476809014,67.32349684331066,60.959634756831434,2.15,86.0,-0.09
PRO,2022-08-12,26.6299991607666,27.200000762939453,26.469999313354492,27.09000015258789,65.41739075759222,68.77336729488968,68.77597247345471,67.07995226688139,60.94753774135743,2.11,87.0,-0.03
PRO,2022-08-15,26.81999969482422,27.760000228881836,26.690000534057617,27.510000228881836,64.86734308533481,68.25295884354729,68.69686925090713,67.06765853585019,60.97118234681977,2.06,85.0,0.01
PRO,2022-08-16,27.510000228881836,27.559999465942383,26.790000915527344,27.139999389648438,64.4796754422686,66.12468146028935,68.37512707989265,66.90543349837279,60.8428832099146,2.01,80.0,0.08
PRO,2022-08-17,26.510000228881836,26.770000457763672,25.860000610351562,26.239999771118164,65.1005463830423,66.47541107513993,68.56390754073915,67.00379599261402,60.92783695025532,1.96,81.0,0.13
PRO,2022-08-18,25.860000610351562,26.34000015258789,25.68000030517578,25.719999313354492,64.00769402949898,66.57882564152337,68.35393800559385,66.93136416830234,60.82380177275657,1.9,78.0,0.13
PRO,2022-08-19,25.31999969482422,25.31999969482422,23.760000228881836,23.809999465942383,67.34954630626888,67.13120592360609,69.33905476107238,67.10242389766948,61.27571103026849,1.83,90.0,-0.15
PRO,2022-08-22,23.110000610351562,23.459999084472656,22.3700008392334,22.809999465942383,67.30283758843933,67.66146819007297,68.04696263075026,67.23610504930035,61.41307115479855,1.79,62.0,-0.11
PRO,2022-08-23,22.739999771118164,23.15999984741211,21.719999313354492,21.739999771118164,64.59929589397842,68.23589230925937,68.23458021414903,66.52418505474743,61.27665514997926,1.75,70.0,-0.05
PRO,2022-08-24,21.5,22.280000686645508,21.469999313354492,22.1299991607666,64.08296991293744,67.83697716111975,68.29171996389746,66.35953003952349,61.188573855922016,1.7,74.0,-0.07
PRO,2022-08-25,22.440000534057617,23.079999923706055,22.09000015258789,23.079999923706055,64.84596452775688,68.47251078234942,68.49760806703168,66.51999989409502,61.33963628697141,1.64,79.0,-0.14
PRO,2022-08-26,23.149999618530273,23.25,21.1299991607666,21.229999542236328,68.26942945086383,69.87459958936775,69.5634010784346,67.07380482032166,61.874483571915604,1.59,90.0,-0.38
PRO,2022-08-29,20.90999984741211,21.540000915527344,20.90999984741211,21.239999771118164,68.21266663376007,68.8199086998269,68.19682779151195,66.95606386001369,61.62044713004434,1.57,66.0,-0.33
PRO,2022-08-30,21.489999771118164,21.610000610351562,20.799999237060547,20.90999984741211,67.58095043065708,68.82679164670316,67.52313728895078,66.97375651404423,61.60591704293408,1.55,42.0,-0.26
PRO,2022-08-31,20.979999542236328,21.09000015258789,20.6299991607666,20.850000381469727,65.0462774959073,68.82735264572008,67.52168395692914,66.94758284486124,61.60212654712696,1.53,41.0,-0.18
PRO,2022-09-01,20.389999389648438,20.440000534057617,19.059999465942383,19.579999923706055,66.95727551468241,69.46756667889517,67.87776292540023,67.32349175657674,61.87627604288327,1.51,53.0,-0.11
PRO,2022-09-02,19.729999542236328,19.729999542236328,18.229999542236328,18.520000457763672,68.23677719187965,69.39909836791489,68.31447281022864,67.48254499496376,62.06892455718119,1.49,73.0,-0.04
PRO,2022-09-06,18.600000381469727,18.829999923706055,18.09000015258789,18.700000762939453,68.49713308779745,68.15613943211099,68.03751009041537,67.46519413469689,62.082232293614666,1.47,55.0,0.05
PRO,2022-09-07,18.829999923706055,20.90999984741211,18.809999465942383,20.829999923706055,71.72424008199008,71.89100572533555,69.86724349243963,67.9000844063293,63.0449934854895,1.48,91.0,0.04
PRO,2022-09-08,20.450000762939453,21.459999084472656,20.239999771118164,21.399999618530273,71.52633665562803,70.5845517605866,69.81575015237034,67.71145733111368,63.083441870476165,1.48,90.0,0.04
PRO,2022-09-09,22.059999465942383,23.020000457763672,22.059999465942383,22.959999084472656,74.67426816553939,72.17559280268546,70.76639129630799,68.10372228006037,63.50120989420615,1.5,96.0,0.03
PRO,2022-09-12,23.149999618530273,23.549999237060547,22.950000762939453,23.510000228881836,74.74366939547116,72.17583758201151,70.55900985659429,68.15189725599615,63.54109465532218,1.51,95.0,0.03
PRO,2022-09-13,22.190000534057617,23.09000015258789,22.190000534057617,22.709999084472656,75.03155518304011,71.1628482735256,70.72567018337914,68.25684870503135,63.62328555011166,1.52,95.0,0.03
PRO,2022-09-14,22.709999084472656,23.190000534057617,22.25,22.719999313354492,74.99038917700138,71.09477213511384,70.64269715490593,68.04648877414611,63.57255264297885,1.52,94.0,0.04
PRO,2022-09-15,22.549999237060547,23.280000686645508,22.260000228881836,22.579999923706055,71.92497441983416,71.09218720184455,70.574403606903,67.70369112606478,63.5501173782257,1.53,93.0,0.05
PRO,2022-09-16,22.09000015258789,22.59000015258789,21.610000610351562,22.559999465942383,71.81548954358024,70.80286884181383,70.17380809537943,67.6917102027273,63.52762123150107,1.53,89.0,0.06
PRO,2022-09-19,22.260000228881836,23.719999313354492,22.260000228881836,23.6299991607666,73.25495772056006,69.94742698755917,69.39267824579599,67.85579616015409,63.71306936832656,1.52,81.0,0.1
PRO,2022-09-20,23.34000015258789,23.719999313354492,22.860000610351562,23.229999542236328,72.62864958130338,67.05183537751451,69.43471726640158,67.81697818168337,63.56762613497969,1.51,81.0,0.14
PRO,2022-09-21,23.6200008392334,24.479999542236328,23.280000686645508,23.600000381469727,70.80704836987191,67.08844795477485,69.34847612686214,67.65473592102472,63.5852082089088,1.48,79.0,0.16
PRO,2022-09-22,23.270000457763672,23.350000381469727,22.579999923706055,23.110000610351562,66.6024916797885,65.91815754163775,69.28463701094117,67.64735311401103,63.61028253552134,1.43,77.0,0.1
PRO,2022-09-23,22.6299991607666,22.920000076293945,21.860000610351562,22.829999923706055,66.35907067715395,65.83736100790328,69.05660269772473,67.10267980961694,63.58864492410747,1.38,76.0,0.03
PRO,2022-09-26,22.780000686645508,23.700000762939453,22.59000015258789,22.6200008392334,65.85744908760167,65.32587253180509,69.05623811454622,67.09623533236291,63.58844295537286,1.33,75.0,-0.24
PRO,2022-09-27,23.209999084472656,23.65999984741211,22.760000228881836,23.479999542236328,66.77682126746362,65.43184759556394,68.25515414860402,67.23369762003104,63.70948814729722,1.29,53.0,-0.28
PRO,2022-09-28,23.809999465942383,25.299999237060547,23.450000762939453,25.1299991607666,69.99659906362012,66.73571061471111,68.77991606508262,67.70575750079425,63.6615499461047,1.26,71.0,-0.27
PRO,2022-09-29,24.56999969482422,24.889999389648438,24.079999923706055,24.760000228881836,69.47807650323259,66.75253235416628,68.65835324119409,67.64166341525589,63.67550018307217,1.23,66.0,-0.26
PRO,2022-09-30,24.649999618530273,25.969999313354492,24.649999618530273,24.700000762939453,69.26701762107312,66.14661551860178,67.8194786180711,67.39955153947625,63.632780540097535,1.22,31.0,-0.22
PRO,2022-10-03,25.15999984741211,25.809999465942383,23.940000534057617,25.6299991607666,66.24392015289095,66.61167243295924,67.68123947522014,67.44950935900009,63.62710118806129,1.21,25.0,-0.17
PRO,2022-10-04,26.0,27.829999923706055,26.0,27.760000228881836,68.45498948858209,68.09700036118022,68.19020366774632,67.95343802182447,64.04419949043178,1.21,45.0,-0.14
PRO,2022-10-05,27.030000686645508,27.780000686645508,26.8700008392334,27.600000381469727,66.59685994949594,65.90077697231291,68.1860560191987,67.84943635253231,64.0451703360171,1.17,44.0,-0.16
PRO,2022-10-06,27.31999969482422,28.09000015258789,27.270000457763672,27.889999389648438,66.53675749767001,65.36637605253073,67.39407545928606,67.59611836891543,64.0399272664749,1.16,14.0,-0.16
PRO,2022-10-07,27.290000915527344,27.290000915527344,25.8700008392334,25.940000534057617,69.61050912270413,66.80873698770888,68.2786404057674,68.14026108518631,64.43862240059222,1.13,54.0,-0.17
PRO,2022-10-10,25.90999984741211,25.90999984741211,24.860000610351562,25.25,65.22730536284544,66.73585157425144,68.02934552544728,68.19477258222938,64.44006236792174,1.11,34.0,-0.15
PRO,2022-10-11,25.079999923706055,25.399999618530273,24.229999542236328,24.90999984741211,65.45284368784026,66.72008199911,67.72896207690323,67.88806472414038,64.39237615511277,1.09,23.0,-0.12
PRO,2022-10-12,25.059999465942383,25.479999542236328,24.40999984741211,25.43000030517578,65.28786146790341,66.60460146092933,66.47303603331406,67.66848484093532,64.4281305380174,1.11,2.0,-0.14
PRO,2022-10-13,24.950000762939453,26.049999237060547,24.059999465942383,26.0,65.3779842226117,65.76777100035356,66.57022430962634,67.71998406564639,64.44520281051165,1.12,3.0,-0.14
PRO,2022-10-14,26.350000381469727,26.540000915527344,24.81999969482422,25.0,63.505292730189844,66.25164089939017,66.84504605888766,67.83372983412646,64.53305278811251,1.12,6.0,-0.15
PRO,2022-10-17,25.920000076293945,26.84000015258789,24.799999237060547,25.059999465942383,60.599434338355586,66.15087877557181,66.05973885601311,67.62045151108569,64.53186931799205,1.14,1.0,-0.13
PRO,2022-10-18,26.18000030517578,26.579999923706055,25.010000228881836,25.309999465942383,60.59933022627636,66.15499312155357,66.07808719304151,67.60084887530805,64.54128590384445,1.16,2.0,-0.13
PRO,2022-10-19,25.040000915527344,25.309999465942383,24.389999389648438,24.489999771118164,54.26660735821598,63.45339851165039,66.24773709706969,67.66491063111985,64.61523300485761,1.18,3.0,-0.14
PRO,2022-10-20,24.530000686645508,25.360000610351562,24.440000534057617,24.739999771118164,53.902381164673066,63.155625041765774,65.97903451226436,67.66843718441538,64.61807640027682,1.2,1.0,-0.14
PRO,2022-10-21,24.850000381469727,25.639999389648438,24.31999969482422,25.579999923706055,50.982663595337584,63.51169301800039,66.20402668450023,67.78157183368435,64.7096270761568,1.2,4.0,-0.13
PRO,2022-10-24,25.700000762939453,25.700000762939453,24.420000076293945,25.049999237060547,51.09588483324487,63.53159194290797,65.97659059198736,67.47310685103287,64.70901024581327,1.21,1.0,-0.11
PRO,2022-10-25,25.149999618530273,25.709999084472656,24.950000762939453,25.34000015258789,49.95027129007357,63.422960072324386,65.42350324584618,67.30251104228215,64.72060006234517,1.25,1.0,-0.04
PRO,2022-10-26,25.049999237060547,25.649999618530273,24.190000534057617,24.190000534057617,52.017831325684774,64.12811810302738,65.77874126106693,67.03107840368445,64.68246664591649,1.27,2.0,-0.05
PRO,2022-10-27,24.329999923706055,25.1299991607666,23.850000381469727,24.81999969482422,52.397014108938855,62.789781487838994,65.91737982371434,66.87397225302738,64.65772083165243,1.28,3.0,-0.07
PRO,2022-10-28,24.860000610351562,25.09000015258789,24.219999313354492,24.899999618530273,52.38302284945782,62.67953188873081,65.76252731875924,66.84675707528675,64.64382721474783,1.3,2.0,-0.07
PRO,2022-10-31,24.43000030517578,25.260000228881836,24.040000915527344,24.950000762939453,50.768033919321475,62.60569403691766,65.38827394387057,66.77612497596583,64.61912479604462,1.33,1.0,-0.05
PRO,2022-11-01,25.479999542236328,25.530000686645508,24.360000610351562,24.93000030517578,50.460192020114846,62.25375828277892,64.37527300494055,65.66948210676564,64.39697249855782,1.38,1.0,0.18
PRO,2022-11-02,27.899999618530273,29.59000015258789,26.5,26.68000030517578,53.808398995324524,62.54312299671052,65.09630582302145,65.26985360179584,64.55854574905004,1.42,2.0,0.13
PRO,2022-11-03,26.31999969482422,27.200000762939453,25.75,25.790000915527344,54.459423719216446,60.75175919172893,64.15638294756812,65.38553127627625,64.63026733659501,1.48,1.0,0.24
PRO,2022-11-04,25.760000228881836,26.34000015258789,25.0,25.81999969482422,54.25891765638631,60.531699782275396,64.14932266767941,65.10459451166743,64.62984595412335,1.54,1.0,0.27
PRO,2022-11-07,25.81999969482422,26.100000381469727,23.56999969482422,23.600000381469727,60.6433346964313,63.04605615473447,65.59851698433755,65.94519251763474,65.07561272646993,1.56,7.0,0.14
PRO,2022-11-08,23.549999237060547,24.489999771118164,23.0,24.3799991607666,60.41201087499587,63.34832505796159,64.91109366926241,65.98734211589436,65.13288605379479,1.59,4.0,0.02
PRO,2022-11-09,24.110000610351562,24.479999542236328,23.43000030517578,24.139999389648438,57.06792770077222,63.32437770226181,64.8912966112957,65.99439807042434,65.04526724917102,1.62,4.0,-0.09
PRO,2022-11-10,25.8700008392334,27.270000457763672,25.600000381469727,27.229999542236328,66.90898385992135,67.7484740611701,67.66603275910049,67.01724555464938,66.17253727779541,1.63,25.0,-0.1
PRO,2022-11-11,27.40999984741211,29.56999969482422,27.329999923706055,27.649999618530273,66.97746063073664,67.67569504173154,67.55598115697403,67.03937642291135,66.10284526541275,1.63,25.0,-0.11
PRO,2022-11-14,27.15999984741211,27.440000534057617,26.15999984741211,26.239999771118164,68.12194727147019,66.63108868919032,67.15887459915429,67.31528919046544,66.25849870358542,1.63,22.0,-0.13
PRO,2022-11-15,26.5,27.770000457763672,26.139999389648438,26.719999313354492,64.13049164823343,66.06064832485144,65.51066130184026,67.27058286453183,66.25467060857896,1.63,9.0,-0.18
PRO,2022-11-16,26.5,26.5,25.1299991607666,25.209999084472656,66.21426822753793,66.42407863122635,66.05679525636928,67.33567472534364,66.39339043788476,1.63,16.0,-0.21
PRO,2022-11-17,24.75,24.760000228881836,23.6299991607666,23.829999923706055,67.84023673882893,67.42201702112652,65.82416052839288,67.50039312685456,66.58744594944434,1.61,13.0,-0.25
PRO,2022-11-18,24.469999313354492,24.770000457763672,23.440000534057617,24.530000686645508,65.4312950207748,67.13662226845837,65.92452103568881,67.172550136116,66.65123355101876,1.59,15.0,-0.3
PRO,2022-11-21,24.3799991607666,24.799999237060547,23.770000457763672,24.079999923706055,65.19517783579867,64.92420666143934,65.64385522905934,67.20213948336863,66.64792650399367,1.58,11.0,-0.35
PRO,2022-11-22,24.15999984741211,24.15999984741211,23.209999084472656,23.280000686645508,65.77911920319879,65.33918948346732,65.62326038538292,67.29425462622473,66.72373514589242,1.57,11.0,-0.4
PRO,2022-11-23,23.079999923706055,23.399999618530273,22.600000381469727,22.780000686645508,65.64260477161181,65.41892265185662,65.53659032780881,67.10932236171438,66.53504777153364,1.56,10.0,-0.44
PRO,2022-11-25,22.709999084472656,23.229999542236328,22.09000015258789,23.1200008392334,65.42539344078868,65.46966924228704,65.56817265735792,67.13349376082977,66.52463904876963,1.57,11.0,-0.48
PRO,2022-11-28,22.84000015258789,23.209999084472656,22.309999465942383,22.84000015258789,64.62184996285639,64.14550593176111,65.22331791457373,66.91349848782407,66.40691948460852,1.57,7.0,-0.52
PRO,2022-11-29,23.15999984741211,23.559999465942383,22.81999969482422,23.489999771118164,65.23371106101709,63.18720621668194,65.38396419639967,66.87615167112843,66.46575552634543,1.57,8.0,-0.55
PRO,2022-11-30,23.600000381469727,24.43000030517578,23.200000762939453,23.81999969482422,65.30886572951613,63.20980015604246,65.08628344645788,66.50207627410863,66.40758045919696,1.59,6.0,-0.61
PRO,2022-12-01,23.889999389648438,24.360000610351562,23.219999313354492,23.510000228881836,64.74361441306299,59.47328666700839,63.80572747443781,66.19718620745984,66.10878137321136,1.63,1.0,-0.6
PRO,2022-12-02,22.920000076293945,23.600000381469727,22.850000381469727,23.5,64.65260783602734,59.246437024416075,63.50036352213635,65.94299263037135,66.08149527750481,1.68,1.0,-0.55
PRO,2022-12-05,23.209999084472656,23.559999465942383,22.559999465942383,22.65999984741211,64.52375764746161,57.97742527161896,63.57573555421971,66.0683617212143,65.48716861325083,1.72,2.0,-0.56
PRO,2022-12-06,22.420000076293945,22.579999923706055,21.110000610351562,21.139999389648438,67.10660103494567,59.459663481904926,64.28245342863413,66.5381494556063,65.69491845020451,1.75,6.0,-0.63
PRO,2022-12-07,21.1299991607666,21.149999618530273,20.3700008392334,20.690000534057617,67.05507680501182,59.21057191150151,64.32451866470068,66.4956244861735,65.69227750998542,1.78,7.0,-0.69
PRO,2022-12-08,20.84000015258789,21.510000228881836,20.31999969482422,21.059999465942383,66.3300447369814,59.341235788931925,64.22285243434331,66.34709326081224,65.6223800312801,1.8,6.0,-0.75
PRO,2022-12-09,20.8799991607666,21.940000534057617,20.6200008392334,21.579999923706055,66.27872047547585,59.56340035554041,63.70342288102403,66.42228412966365,65.5846033581804,1.84,3.0,-0.79
PRO,2022-12-12,21.6200008392334,23.040000915527344,21.280000686645508,23.010000228881836,69.1977520039033,61.030995810797485,64.5618497750548,66.72982113970139,65.91403449346413,1.86,11.0,-0.85
PRO,2022-12-13,23.920000076293945,25.030000686645508,23.8799991607666,24.90999984741211,73.16437857602355,62.45183871806046,65.75497315591731,67.38814382771842,66.3918318969461,1.87,26.0,-0.88
PRO,2022-12-14,24.739999771118164,25.719999313354492,24.3700008392334,24.56999969482422,73.27194230713636,62.41467858383838,65.77251518134499,66.5417931040015,66.40103527998498,1.87,28.0,-0.91
PRO,2022-12-15,24.09000015258789,24.479999542236328,23.6200008392334,23.760000228881836,70.9096441576588,62.730624497792874,64.1862282082564,66.53487893604093,66.39607431714583,1.89,7.0,-0.94
PRO,2022-12-16,23.469999313354492,24.389999389648438,23.299999237060547,24.030000686645508,70.45348227464643,62.61573300164475,64.01047116989301,66.54059475429379,66.37715858913374,1.91,5.0,-0.96
PRO,2022-12-19,23.81999969482422,23.81999969482422,23.040000915527344,23.510000228881836,70.66960895465843,62.73194743767277,64.10523003250802,66.48874832763984,65.81132326551017,1.93,6.0,-1.0
PRO,2022-12-20,23.299999237060547,24.219999313354492,23.299999237060547,24.030000686645508,66.01471395877144,62.849841675057206,64.11148807284668,66.50947008908199,65.63576870133497,1.95,7.0,-1.03
PRO,2022-12-21,24.149999618530273,24.829999923706055,23.81999969482422,24.18000030517578,65.3466010140545,62.404121559408274,64.02590891307601,65.67558775884406,65.52880773283788,1.97,6.0,-1.05
PRO,2022-12-22,23.860000610351562,24.09000015258789,23.530000686645508,23.969999313354492,65.33251404230576,60.8239432349751,64.03171369764354,65.24748846006334,65.51443047034707,1.99,7.0,-1.08
PRO,2022-12-23,23.709999084472656,23.829999923706055,23.309999465942383,23.40999984741211,54.682432039909024,60.93747686163983,63.19850057260802,65.29865196767314,65.550456902371,2.02,1.0,-1.07
PRO,2022-12-27,23.34000015258789,23.399999618530273,22.899999618530273,22.950000762939453,54.494701765713884,61.06013183103188,63.20036217580658,65.14060593722341,65.42430111117709,2.04,2.0,-1.07
PRO,2022-12-28,22.889999389648438,23.81999969482422,22.56999969482422,23.81999969482422,54.08638397381289,61.066759330383945,63.45210322861832,65.2744689522372,65.27808813006281,2.07,3.0,-1.08
PRO,2022-12-29,24.309999465942383,24.889999389648438,24.1200008392334,24.290000915527344,54.136343804235295,58.85887887604172,63.32911010365366,65.16774043963031,65.3013265183867,2.1,3.0,-1.1
PRO,2022-12-30,23.940000534057617,24.559999465942383,23.889999389648438,24.260000228881836,51.56435986522217,58.85452412671333,62.58235684370601,64.91076822008769,65.24449010605117,2.13,1.0,-1.08
PRO,2023-01-03,24.719999313354492,25.219999313354492,24.049999237060547,24.860000610351562,49.34011945907347,59.05176230938294,61.38953002894914,64.82938731928589,65.24694481098496,2.19,1.0,-0.93
PRO,2023-01-04,25.270000457763672,26.18000030517578,24.899999618530273,25.969999313354492,50.23126204379461,57.91054810648063,61.66311451638828,65.02515779251726,65.26376690415823,2.24,2.0,-0.86
PRO,2023-01-05,25.739999771118164,25.739999771118164,24.829999923706055,25.040000915527344,51.12680975000708,58.13208539972272,61.82188762433829,64.9774833037929,65.32329287539231,2.28,3.0,-0.83
PRO,2023-01-06,25.139999389648438,25.540000915527344,23.399999618530273,24.020000457763672,51.639467819307114,58.68959628875232,62.103437137996906,65.1409208687406,65.02926750195631,2.31,4.0,-0.82
PRO,2023-01-09,24.219999313354492,24.899999618530273,23.829999923706055,23.850000381469727,51.252210445618815,58.53550381220196,62.07968944365675,65.08607987346615,65.02181766403919,2.34,4.0,-0.83
PRO,2023-01-10,23.610000610351562,23.75,22.829999923706055,23.459999084472656,51.35000937280767,58.41604699852968,61.91055222267039,65.0627117227846,65.0215340668469,2.37,4.0,-0.83
PRO,2023-01-11,23.450000762939453,23.739999771118164,22.8700008392334,23.729999542236328,51.29995906413467,57.9475048803571,61.8675451187426,64.85472079072464,65.0118933503719,2.4,4.0,-0.83
PRO,2023-01-12,23.81999969482422,24.309999465942383,23.229999542236328,24.299999237060547,51.11870346608214,58.16349367073309,60.76116365879003,64.17343445862092,64.99979174907833,2.45,1.0,-0.76
PRO,2023-01-13,24.020000457763672,24.31999969482422,23.18000030517578,23.81999969482422,51.32374171587624,58.256660904205134,60.45508488693986,64.21331749985528,64.84513735559686,2.5,1.0,-0.7
PRO,2023-01-17,23.799999237060547,24.329999923706055,22.969999313354492,23.8700008392334,51.17546335463709,57.877885113666714,59.953528705234646,64.13408527730331,64.7699423719189,2.57,1.0,-0.61
PRO,2023-01-18,24.030000686645508,24.459999084472656,22.979999542236328,23.15999984741211,51.944174560801684,58.152863449092095,60.09396505313448,64.14408948379949,64.71230025955272,2.63,2.0,-0.58
PRO,2023-01-19,23.030000686645508,23.81999969482422,22.760000228881836,23.690000534057617,51.2098311173702,57.92159158094413,59.830584224381155,64.06691839905494,64.67765006265127,2.68,1.0,-0.54
PRO,2023-01-20,24.0,24.459999084472656,23.670000076293945,24.450000762939453,47.27142825406408,58.15971351109403,58.50200083728745,64.1756407106115,64.56449906089743,2.75,1.0,-0.35
PRO,2023-01-23,24.5,25.229999542236328,23.43000030517578,24.780000686645508,46.65849754727219,58.17760121225761,58.53273492355948,63.57247027849301,64.57865679794564,2.83,2.0,-0.27
PRO,2023-01-24,24.68000030517578,24.90999984741211,24.25,24.489999771118164,46.79808763210127,57.434005311772374,58.50690907723326,63.34330338508683,64.57450716518765,2.92,2.0,-0.25
PRO,2023-01-25,24.15999984741211,24.15999984741211,23.25,23.790000915527344,47.43261530456231,57.490695647786126,58.70419907078589,63.33451365635432,64.39347757850089,2.99,4.0,-0.27
PRO,2023-01-26,24.200000762939453,24.780000686645508,23.90999984741211,24.780000686645508,45.25701463623841,58.111967001536804,58.122900943033386,63.0191490104718,64.32655589045294,3.07,1.0,-0.26
PRO,2023-01-27,24.700000762939453,25.309999465942383,24.1299991607666,25.030000686645508,39.06135421604793,58.14758848717193,57.38474586501131,62.7919458302305,64.33447066842804,3.15,1.0,-0.2
PRO,2023-01-30,24.700000762939453,25.31999969482422,24.309999465942383,24.739999771118164,39.00137855367541,58.19691509161634,57.421592475359304,62.41955980841829,64.31132286175703,3.24,2.0,-0.2
PRO,2023-01-31,24.850000381469727,25.399999618530273,24.709999084472656,25.200000762939453,37.987594290215085,56.590771488277625,54.9581323510595,62.44628175716609,64.17829121361852,3.36,1.0,0.13
PRO,2023-02-01,25.209999084472656,26.56999969482422,25.0,26.420000076293945,40.12699093595479,57.015104560411054,55.28714151234928,62.197694850168794,64.33221042874021,3.46,2.0,0.25
PRO,2023-02-02,26.719999313354492,29.260000228881836,26.719999313354492,28.829999923706055,46.219977970866246,59.73196281819707,55.881399158666554,62.97818080336024,64.89374047939529,3.52,3.0,0.25
PRO,2023-02-03,28.1299991607666,29.700000762939453,28.1299991607666,28.979999542236328,45.9994643272894,56.59040553340703,55.77819723791444,62.757562169701906,64.88790622516433,3.58,3.0,0.22
PRO,2023-02-06,28.770000457763672,29.270000457763672,28.440000534057617,28.5,46.477716903239006,56.40828353645221,55.55005451483207,62.582878496230144,64.90390029738118,3.64,3.0,0.18
PRO,2023-02-07,28.350000381469727,28.600000381469727,27.670000076293945,28.489999771118164,46.318482937584044,56.35187229756495,55.55086022639375,61.80003638946647,64.64833314301245,3.69,4.0,0.12
PRO,2023-02-08,28.610000610351562,28.959999084472656,28.15999984741211,28.399999618530273,45.5631983546409,50.74031289572528,55.54125043426137,61.798956545242135,64.5149007737394,3.74,3.0,0.04
PRO,2023-02-09,28.959999084472656,29.100000381469727,28.0,28.329999923706055,44.96648305938498,50.652466548716134,55.544122562469255,61.796569989082116,64.1644081342635,3.78,4.0,-0.04
PRO,2023-02-10,30.309999465942383,31.0,26.299999237060547,27.299999237060547,45.776438632833546,50.065424360010844,55.43736445695906,61.47288541191575,64.09892738501111,3.84,3.0,-0.13
PRO,2023-02-13,27.670000076293945,29.68000030517578,27.459999084472656,28.290000915527344,46.46629948810443,50.45299544733659,55.62015753699946,61.61422678810212,64.1780363689233,3.88,8.0,-0.23
PRO,2023-02-14,28.030000686645508,28.739999771118164,27.610000610351562,28.65999984741211,46.48121128630959,48.97746268651461,55.604165761037116,61.61520685684244,64.13494935470794,3.92,8.0,-0.32
PRO,2023-02-15,28.440000534057617,29.299999237060547,28.420000076293945,29.1200008392334,46.245788722307665,47.51167295785597,55.52544647648321,61.480277232909344,63.320485132693626,3.96,4.0,-0.42
PRO,2023-02-16,28.329999923706055,28.760000228881836,27.920000076293945,28.149999618530273,46.111154039267504,47.80902009267312,55.77579947877999,61.613620751222456,62.74704832032434,3.99,11.0,-0.51
PRO,2023-02-17,28.149999618530273,28.149999618530273,27.170000076293945,27.6200008392334,45.08918172431136,47.818270197404296,55.84782293263093,61.482815181803865,62.774071440166246,4.01,13.0,-0.61
PRO,2023-02-21,27.260000228881836,27.540000915527344,26.8700008392334,27.329999923706055,43.26667682921858,47.30398113595554,55.59367470959401,61.161884593800465,62.5685082523619,4.05,9.0,-0.7
PRO,2023-02-22,27.610000610351562,27.889999389648438,26.3700008392334,26.459999084472656,44.44774385504271,47.58763141962548,54.81866631544836,61.25587950478919,62.64707958530108,4.09,1.0,-0.77
PRO,2023-02-23,26.770000457763672,26.799999237060547,26.280000686645508,26.719999313354492,44.07367476284781,47.54311322185426,54.782472377709404,61.26148479540585,62.592069845325106,4.13,1.0,-0.84
PRO,2023-02-24,26.059999465942383,26.56999969482422,25.760000228881836,26.479999542236328,44.185939998251946,47.506049929875395,54.80224808627423,61.18218443025037,62.59673499850046,4.17,2.0,-0.9
PRO,2023-02-27,26.729999542236328,26.729999542236328,25.610000610351562,25.649999618530273,44.92132465187586,47.71338330990141,54.731726129261304,61.08018730798928,62.26952510643411,4.21,1.0,-0.97
PRO,2023-02-28,25.610000610351562,26.149999618530273,25.520000457763672,26.09000015258789,44.64239143756299,47.75165677132494,53.289001898518315,60.501355038885784,62.291164221843495,4.27,1.0,-0.99
PRO,2023-03-01,26.15999984741211,26.75,25.770000457763672,26.40999984741211,44.71976115145207,47.702263059059135,53.321060341515526,60.39018279197873,62.3038019462474,4.32,2.0,-1.02
PRO,2023-03-02,26.280000686645508,26.860000610351562,25.8799991607666,26.719999313354492,43.621757581719336,47.741046609568876,53.32773974765966,59.71075886497257,62.2510360033952,4.38,3.0,-1.06
PRO,2023-03-03,26.940000534057617,27.31999969482422,26.739999771118164,27.110000610351562,43.39543791552821,47.121539325125426,52.10984236513776,59.73008152712785,62.06055874923847,4.44,1.0,-1.06
PRO,2023-03-06,27.200000762939453,28.020000457763672,26.84000015258789,27.729999542236328,42.98510749949899,44.79766454107841,52.04046949806279,59.72444999973777,61.983055383503796,4.51,1.0,-1.07
PRO,2023-03-07,27.65999984741211,28.229999542236328,26.760000228881836,26.829999923706055,44.207463157125666,45.14304137158166,52.26923926928675,59.29250308775933,61.73211458427292,4.56,3.0,-1.09
PRO,2023-03-08,26.8799991607666,26.8799991607666,26.420000076293945,26.829999923706055,44.00495035602751,45.06450406627871,52.17164465265714,59.27173890884326,61.730755056288004,4.63,3.0,-1.12
PRO,2023-03-09,26.809999465942383,27.59000015258789,25.450000762939453,25.5,45.8055127031941,46.235409176609984,52.685919530318984,59.57923831660554,61.92363382517559,4.68,5.0,-1.17
PRO,2023-03-10,25.200000762939453,25.489999771118164,24.510000228881836,24.90999984741211,44.89087042924583,44.728461815535034,52.447037418338205,59.54396880384757,61.79502704742954,4.73,5.0,-1.21
PRO,2023-03-13,24.479999542236328,25.040000915527344,23.959999084472656,24.530000686645508,45.00965058753422,41.78725368588332,52.50188262732765,58.9868271293665,61.8078672362356,4.78,6.0,-1.25
PRO,2023-03-14,25.200000762939453,25.459999084472656,24.799999237060547,25.360000610351562,45.9313987417873,42.24757915555977,52.74695094013211,58.05199236423512,61.71661182837389,4.82,8.0,-1.29
PRO,2023-03-15,24.75,25.790000915527344,24.75,25.770000457763672,45.85714386009556,41.759599975297945,52.540632088909526,58.03712606428441,61.63590346882872,4.86,7.0,-1.33
PRO,2023-03-16,25.690000534057617,26.93000030517578,25.520000457763672,26.850000381469727,45.341035676715656,42.50095187341152,52.91267716728334,57.71977330995014,61.47601344069042,4.9,10.0,-1.37
PRO,2023-03-17,26.809999465942383,27.09000015258789,26.040000915527344,26.079999923706055,37.93197019193478,42.69840300418965,52.86335076224154,57.7671015197489,61.304031186590336,4.92,10.0,-1.4
PRO,2023-03-20,25.979999542236328,26.25,25.079999923706055,26.139999389648438,37.88468928275614,42.49183149142552,52.755508441655294,57.54455607636031,61.11642487705014,4.95,10.0,-1.43
PRO,2023-03-21,26.3799991607666,26.889999389648438,26.209999084472656,26.84000015258789,38.62740972884332,42.79040588963334,52.88825733851217,57.496700948326826,61.176640057560114,4.98,12.0,-1.46
PRO,2023-03-22,26.760000228881836,26.760000228881836,25.579999923706055,25.700000762939453,40.44036355438891,43.73242243659329,52.82156748560729,57.631631240674565,61.31543616914199,5.0,11.0,-1.49
PRO,2023-03-23,25.93000030517578,26.579999923706055,25.5,25.829999923706055,40.51507872113787,43.43168556036344,52.673221109307974,57.61694204523889,61.26293817094558,5.02,8.0,-1.51
PRO,2023-03-24,25.690000534057617,25.780000686645508,25.190000534057617,25.510000228881836,40.60372963462887,43.30190639705746,52.710683878392985,57.4206293479546,61.11422890309639,5.04,10.0,-1.52
PRO,2023-03-27,25.579999923706055,25.809999465942383,25.25,25.68000030517578,39.42481703608196,42.68191490247057,52.71976960332788,57.41940357213097,61.11889686120187,5.06,11.0,-1.54
PRO,2023-03-28,25.479999542236328,25.93000030517578,25.440000534057617,25.799999237060547,37.8443242026174,42.51826135190865,52.72402818233023,57.19167638383125,60.994432401808986,5.08,12.0,-1.55
PRO,2023-03-29,25.93000030517578,26.389999389648438,25.809999465942383,26.25,38.02292707683964,42.64590039942897,51.676974469095235,56.38671481531154,61.002056857682305,5.11,1.0,-1.56
PRO,2023-03-30,26.549999237060547,26.6299991607666,26.229999542236328,26.540000915527344,37.83674408365017,42.423049775057244,51.42120768033283,56.201001427869656,60.34561602012914,5.15,1.0,-1.56
PRO,2023-03-31,26.6299991607666,27.420000076293945,26.6299991607666,27.399999618530273,37.987831640859426,41.9839468826066,51.66530649672567,56.20033275026306,60.340611237142774,5.18,2.0,-1.56
PRO,2023-04-03,27.09000015258789,27.469999313354492,26.469999313354492,26.84000015258789,38.05878053110286,41.505156182280714,49.71023209840115,56.12798684996992,60.365327545982915,5.23,1.0,-1.53
PRO,2023-04-04,27.040000915527344,27.040000915527344,26.5,26.649999618530273,37.99622741859285,40.57963903281759,49.473969802279285,56.104222481312746,60.29970482457736,5.28,1.0,-1.49
PRO,2023-04-05,26.399999618530273,26.399999618530273,25.520000457763672,25.959999084472656,37.59454985802841,40.94524597189681,49.63235988005385,56.09634799124492,60.32402350994144,5.32,2.0,-1.47
PRO,2023-04-06,25.959999084472656,26.510000228881836,25.649999618530273,26.34000015258789,37.73396302802217,40.859435428076914,45.83138757068954,55.73495689638071,59.671139304845134,5.4,1.0,-1.32
PRO,2023-04-10,25.969999313354492,26.719999313354492,25.760000228881836,26.700000762939453,37.85745656163509,40.882962570420226,45.817170097531616,55.756775715931184,59.33929958692692,5.47,1.0,-1.21
PRO,2023-04-11,26.579999923706055,26.889999389648438,26.0,26.59000015258789,36.646767865195066,40.64733435547838,45.057510323704236,55.71509873227477,59.337453911435844,5.55,1.0,-1.08
PRO,2023-04-12,26.989999771118164,27.190000534057617,26.049999237060547,26.1299991607666,36.71588714146279,40.59418321941434,45.04980164817546,55.74181613657814,59.20250872453617,5.65,1.0,-0.99
PRO,2023-04-13,26.260000228881836,27.43000030517578,26.149999618530273,27.030000686645508,37.85810631599293,41.131183161078404,44.4007600133569,54.69488201014152,59.2840313223078,5.75,1.0,-0.9
PRO,2023-04-14,26.889999389648438,27.149999618530273,26.31999969482422,26.56999969482422,38.05880214566727,40.7797322558636,43.54857915724539,54.610736227032874,59.19277795811384,5.86,1.0,-0.8
PRO,2023-04-17,26.780000686645508,27.229999542236328,26.65999984741211,27.09000015258789,38.24866471122667,40.71599357108327,43.41902829938136,54.65588322819056,59.03102546914043,5.96,1.0,-0.73
PRO,2023-04-18,27.600000381469727,27.600000381469727,26.989999771118164,27.030000686645508,37.64391895361779,40.26230170055939,43.309579795910516,54.60273766633655,58.906572314637685,6.06,1.0,-0.68
PRO,2023-04-19,26.780000686645508,27.329999923706055,26.559999465942383,27.020000457763672,36.38995433814611,40.1897295398307,42.94665341066428,54.54595676552722,58.88989187814116,6.15,1.0,-0.65
PRO,2023-04-20,27.190000534057617,28.559999465942383,27.06999969482422,28.229999542236328,38.518110410090856,41.01484953424644,43.303629743618096,54.782995211660136,58.9152815955141,6.23,2.0,-0.64
PRO,2023-04-21,28.350000381469727,30.200000762939453,28.350000381469727,29.709999084472656,37.759444697035434,41.677896709891634,43.95205579156506,54.53461571111505,59.127500179097105,6.29,6.0,-0.66
PRO,2023-04-24,29.610000610351562,29.610000610351562,28.68000030517578,28.790000915527344,38.3545629771829,41.56254415825517,44.22166758201797,54.61437065743402,59.16020475064182,6.34,7.0,-0.69
PRO,2023-04-25,28.360000610351562,28.84000015258789,27.93000030517578,27.959999084472656,39.191608446068,42.035503412935576,44.308167984467765,54.694376689968514,59.19001819228692,6.38,8.0,-0.73
PRO,2023-04-26,27.989999771118164,29.200000762939453,27.93000030517578,28.700000762939453,38.78572465831623,42.229831179939595,44.435481931375556,54.65741056465002,59.08049715604407,6.41,10.0,-0.76
PRO,2023-04-27,28.81999969482422,28.860000610351562,28.25,28.6299991607666,38.66207301310699,42.10959344257317,44.37629668975674,54.1614598896929,58.480705028476834,6.46,9.0,-0.79
PRO,2023-04-28,28.350000381469727,28.780000686645508,28.190000534057617,28.3700008392334,37.13251911056965,41.100950068147725,44.40971417532966,53.35366770984715,58.487953025699454,6.5,11.0,-0.82
PRO,2023-05-01,28.15999984741211,28.510000228881836,27.829999923706055,28.010000228881836,36.24148796482341,37.06463798033891,44.04817605933628,53.28697095122632,58.44336551473162,6.54,7.0,-0.85
PRO,2023-05-02,27.959999084472656,28.0,26.709999084472656,26.729999542236328,38.941351493984186,38.236497924042965,43.25088192961021,53.51140408974303,58.5605429432599,6.58,2.0,-0.87
PRO,2023-05-03,25.989999771118164,28.690000534057617,24.670000076293945,27.780000686645508,39.78386760772165,38.957756243234776,43.457485994207545,53.675361674313585,58.58596241036136,6.61,6.0,-0.89
PRO,2023-05-04,27.799999237060547,27.979999542236328,25.84000015258789,26.610000610351562,39.747698761523836,39.92407613008929,43.99840607856076,53.89347078433432,58.735576711738005,6.62,9.0,-0.91
PRO,2023-05-05,27.030000686645508,27.729999542236328,26.719999313354492,27.18000030517578,40.158319191039496,40.18252682510483,43.96052756139433,53.802905891591976,58.29649070705355,6.64,9.0,-0.93
PRO,2023-05-08,27.18000030517578,27.18000030517578,26.010000228881836,26.239999771118164,41.376867237055926,40.7980139289288,43.22531532566336,53.91305829777791,58.20736736543503,6.65,2.0,-0.95
PRO,2023-05-09,26.040000915527344,26.239999771118164,25.510000228881836,25.639999389648438,41.916646208275985,40.37485136370494,41.54507680152425,53.19707723058343,58.17446138356671,6.66,1.0,-0.96
PRO,2023-05-10,26.1200008392334,26.709999084472656,25.809999465942383,26.030000686645508,42.12717227625882,39.79361468533677,41.54937836256431,52.974377752614444,57.79563779184076,6.66,2.0,-0.99
PRO,2023-05-11,25.719999313354492,25.899999618530273,24.969999313354492,24.979999542236328,43.46422878490597,40.49963766050102,41.72660235226484,52.8914824070846,57.7554156261164,6.68,3.0,-1.0
PRO,2023-05-12,24.850000381469727,25.200000762939453,24.610000610351562,24.68000030517578,43.395457302921834,40.36816833314582,41.7376575252826,52.87430954900169,57.46788301627521,6.69,4.0,-1.02
PRO,2023-05-15,24.610000610351562,25.850000381469727,24.610000610351562,25.700000762939453,44.05360386132304,40.79458915628764,42.06849920977772,52.85769282112363,57.60141152232398,6.69,5.0,-1.04
PRO,2023-05-16,25.360000610351562,26.360000610351562,25.360000610351562,26.190000534057617,44.09995120510049,40.839855594976385,42.033187811028405,51.94359062893008,57.24540175550873,6.68,5.0,-1.06
PRO,2023-05-17,26.350000381469727,27.59000015258789,26.350000381469727,27.309999465942383,45.74717066017802,41.7138285565256,42.527083305389525,52.16633201491228,57.345570762380106,6.65,7.0,-1.09
PRO,2023-05-18,27.3700008392334,28.489999771118164,27.31999969482422,28.43000030517578,46.38087947051932,41.96031791356036,42.94292682281801,52.32758554408573,57.308048541601885,6.62,8.0,-1.12
PRO,2023-05-19,28.670000076293945,28.989999771118164,27.979999542236328,28.549999237060547,46.25475573002948,41.92718965100548,42.751661881861054,52.3255701246965,57.14822757123663,6.59,8.0,-1.15
PRO,2023-05-22,28.6299991607666,29.149999618530273,28.1200008392334,28.40999984741211,46.18689309361115,41.893256302319145,42.623108454739054,51.76478062668007,56.53797926070164,6.56,8.0,-1.17
PRO,2023-05-23,28.049999237060547,28.690000534057617,27.559999465942383,27.93000030517578,46.48805498796612,41.502891578993676,42.35594234090107,51.35858540372017,56.562278285443924,6.52,7.0,-1.21
PRO,2023-05-24,28.34000015258789,30.540000915527344,28.34000015258789,29.389999389648438,48.24148704978825,42.61557619104936,42.983676471158745,51.673504058444664,56.78830754793543,6.47,13.0,-1.24
PRO,2023-05-25,29.920000076293945,29.920000076293945,28.280000686645508,28.290000915527344,48.86783499660369,43.34308063975952,43.44918312273312,50.35355627117821,56.54430456573986,6.42,19.0,-1.27
PRO,2023-05-26,28.260000228881836,28.950000762939453,28.260000228881836,28.459999084472656,48.55839405259989,43.29979483617301,43.30020687161193,50.26625897093723,56.546630509798455,6.39,16.0,-1.28
PRO,2023-05-30,28.889999389648438,29.520000457763672,28.649999618530273,29.299999237060547,48.93527720019799,43.595641984599595,42.9979739318474,49.70529336679841,56.606340788423694,6.35,14.0,-1.3
PRO,2023-05-31,29.049999237060547,30.40999984741211,29.049999237060547,30.31999969482422,49.75531631483441,43.90190615096872,42.88552870414177,49.787566709071385,56.581698873337075,6.3,11.0,-1.32
PRO,2023-06-01,29.850000381469727,29.850000381469727,28.719999313354492,28.739999771118164,52.45613518136292,44.78306218970756,43.23395825600224,50.02973023122651,56.83819824400762,6.24,17.0,-1.35
PRO,2023-06-02,29.1200008392334,29.729999542236328,29.0,29.360000610351562,51.29361110837281,44.97294278961732,43.32069438259713,50.08572847225011,56.7458417729371,6.17,22.0,-1.39
PRO,2023-06-05,29.190000534057617,30.110000610351562,28.760000228881836,29.93000030517578,49.40217528658755,43.766025064995674,43.30208161129676,50.1216300816156,56.52505294720305,6.09,20.0,-1.43
PRO,2023-06-06,29.670000076293945,31.0,29.270000457763672,30.399999618530273,48.65462651679023,43.50235111364054,43.328966541628986,50.14815553783885,56.527697615099456,6.02,24.0,-1.48
PRO,2023-06-07,30.530000686645508,31.149999618530273,29.829999923706055,30.049999237060547,47.938369841149544,43.439648199635556,43.250518300613635,49.8892319958847,56.53374778208894,5.95,18.0,-1.51
PRO,2023-06-08,30.1299991607666,30.440000534057617,29.6299991607666,29.68000030517578,47.580629504196544,43.10423533996367,43.16886055103757,49.86797755193465,56.48294054227541,5.89,16.0,-1.54
PRO,2023-06-09,29.639999389648438,30.469999313354492,29.639999389648438,30.239999771118164,47.836750907468044,43.14293571713228,43.248167216601715,49.88092983187658,56.35653366246823,5.83,19.0,-1.56
PRO,2023-06-12,30.520000457763672,31.139999389648438,30.229999542236328,31.020000457763672,48.19803925453236,42.66614483017577,43.083775360309154,49.89058161985072,55.92671715723512,5.76,16.0,-1.59
PRO,2023-06-13,31.190000534057617,31.440000534057617,29.899999618530273,30.25,48.67993199870078,42.5487846625313,43.19475893194501,49.96454784199625,55.879970617090514,5.69,18.0,-1.63
PRO,2023-06-14,30.420000076293945,30.6200008392334,29.81999969482422,30.209999084472656,46.4060865988005,42.55588907150389,42.94495611916946,49.94922451084841,55.336905591230554,5.65,13.0,-1.64
PRO,2023-06-15,30.010000228881836,30.31999969482422,29.579999923706055,30.0,45.33228600312132,42.30060073962359,42.930431977010294,49.778098742747424,55.33796567881778,5.59,12.0,-1.65
PRO,2023-06-16,30.450000762939453,30.450000762939453,28.969999313354492,29.06999969482422,44.43841942873918,41.824025586722136,43.20366656777175,49.29427550846875,55.381880571766295,5.53,21.0,-1.66
PRO,2023-06-20,28.780000686645508,29.670000076293945,28.780000686645508,29.40999984741211,44.18284384671849,41.86587291866182,42.94910841556363,49.27549215878948,54.957462891209104,5.47,16.0,-1.69
PRO,2023-06-21,29.299999237060547,29.299999237060547,28.309999465942383,28.809999465942383,43.29108364968471,42.020454958888664,42.64733389487065,49.34000713748244,54.98312267215447,5.41,10.0,-1.7
PRO,2023-06-22,28.549999237060547,29.329999923706055,28.31999969482422,29.139999389648438,42.62343714952759,42.05397099609098,42.65475197332306,49.169048380292764,54.992992802896445,5.36,11.0,-1.7
PRO,2023-06-23,28.639999389648438,28.93000030517578,28.299999237060547,28.559999465942383,43.06485771883643,42.29530134364815,42.74219761028316,48.319633822731596,54.95766011955592,5.31,12.0,-1.71
PRO,2023-06-26,28.299999237060547,28.770000457763672,27.639999389648438,27.860000610351562,41.84744693805222,42.511809796629706,42.855754810365056,48.40498022593333,54.57301925559806,5.28,14.0,-1.68
PRO,2023-06-27,27.940000534057617,28.709999084472656,27.59000015258789,28.059999465942383,41.59012974880646,42.480558482380445,42.22160144669848,48.39657372938046,53.76195017710194,5.26,7.0,-1.65
PRO,2023-06-28,28.0,29.450000762939453,27.959999084472656,29.440000534057617,42.21090511103206,43.10619759392137,40.597659682348635,47.952739286303256,53.93752035383499,5.24,1.0,-1.62
PRO,2023-06-29,29.31999969482422,30.299999237060547,29.149999618530273,29.559999465942383,41.99082378157842,42.868126281410156,40.59454773406348,47.84115271337191,53.5262152424106,5.22,1.0,-1.59
PRO,2023-06-30,29.850000381469727,30.93000030517578,29.850000381469727,30.799999237060547,41.930105095537904,43.581722826456385,41.016655368332174,48.04560514393426,53.63781732337489,5.2,3.0,-1.55
PRO,2023-07-03,30.649999618530273,30.68000030517578,29.479999542236328,29.81999969482422,41.76015569504461,43.77059131087675,41.351914977581345,48.152160786643385,53.56233802120597,5.17,4.0,-1.52
PRO,2023-07-05,29.610000610351562,30.450000762939453,29.549999237060547,30.309999465942383,41.972449907152914,43.793150063295336,41.42389684656744,48.120641284987684,53.486614498434115,5.13,5.0,-1.48
PRO,2023-07-06,29.8700008392334,30.420000076293945,29.559999465942383,30.399999618530273,41.92182887583486,43.73082619296104,41.42246300080176,47.884366269090236,53.41930493013659,5.09,5.0,-1.44
PRO,2023-07-07,30.350000381469727,30.639999389648438,29.8700008392334,30.260000228881836,41.5781262877932,43.73393576395526,40.988032726516266,47.88885344313888,53.405739487260426,5.05,3.0,-1.39
PRO,2023-07-10,30.149999618530273,31.790000915527344,30.149999618530273,31.639999389648438,40.973015157782946,44.38953664784677,41.20499122723743,48.154299445247275,53.432088156014025,5.0,5.0,-1.35
PRO,2023-07-11,31.75,32.4900016784668,31.639999389648438,32.47999954223633,39.65489139905273,44.19074332520274,41.3549597760611,48.07175016416859,53.49003267620846,4.94,7.0,-1.31
PRO,2023-07-12,32.9900016784668,33.040000915527344,32.25,32.84000015258789,39.696979737792695,44.01693540432714,41.31800849147719,48.07403812846459,53.31447679118557,4.88,6.0,-1.26
PRO,2023-07-13,32.970001220703125,33.75,32.970001220703125,33.61000061035156,39.4183128820173,44.08211828425813,41.07694652220127,47.99400307292315,52.70213663480353,4.81,5.0,-1.22
PRO,2023-07-14,33.43000030517578,33.9900016784668,32.599998474121094,32.650001525878906,39.54358176470576,44.57127172698046,41.235543666905926,48.056361151747275,52.62983576829697,4.74,7.0,-1.18
PRO,2023-07-17,32.959999084472656,34.540000915527344,32.95000076293945,33.84000015258789,36.94261972658653,45.06296791614948,41.54106592928638,48.213458985934736,52.64583478538437,4.66,13.0,-1.14
PRO,2023-07-18,33.779998779296875,34.33000183105469,33.33000183105469,34.310001373291016,36.724442824924544,44.33738856356228,41.210455960066255,47.89403150043725,52.56653041446302,4.59,7.0,-1.08
PRO,2023-07-19,34.40999984741211,34.81999969482422,33.31999969482422,34.709999084472656,36.53705054083838,43.242105377299225,41.21949896896897,47.8244697783751,52.55015747720072,4.52,8.0,-1.02
PRO,2023-07-20,34.95000076293945,34.95000076293945,33.66999816894531,34.209999084472656,36.81521718863617,42.8095047192891,41.26811287286984,47.86338398826895,52.50544192791033,4.45,10.0,-0.96
PRO,2023-07-21,34.720001220703125,35.25,33.91999816894531,33.91999816894531,36.71349383385295,42.353263327650495,40.93782478142734,47.878818056989495,52.229981787589175,4.37,3.0,-0.9
PRO,2023-07-24,34.18000030517578,34.18000030517578,33.119998931884766,33.70000076293945,36.52387540560515,42.12695722582554,40.90017462366989,47.88778308306502,52.233826525109265,4.32,3.0,-0.79
PRO,2023-07-25,33.66999816894531,33.9900016784668,32.88999938964844,33.630001068115234,36.30486451095502,42.125140144934775,40.877365875924596,47.23789769755689,52.19802305646307,4.26,3.0,-0.69
PRO,2023-07-26,37.93000030517578,38.0,33.880001068115234,36.279998779296875,41.511829658935035,44.632706732434585,42.485127887596995,47.8673908014006,52.71908871431419,4.19,28.0,-0.56
PRO,2023-07-27,37.06999969482422,37.68000030517578,36.41999816894531,36.68000030517578,40.52460855235256,44.51444711868841,42.46466300795406,47.87932661225556,51.81108551738838,4.13,28.0,-0.42
PRO,2023-07-28,37.0099983215332,37.56999969482422,36.33000183105469,36.84000015258789,40.46365604413991,43.21348032397999,42.34902832129958,46.61586143551277,51.723523637205716,4.08,27.0,-0.26
PRO,2023-07-31,37.349998474121094,38.959999084472656,37.349998474121094,38.0,40.85055147157955,42.99355924061641,42.18883065690817,46.6024637373807,51.80599447137506,4.01,26.0,-0.09
PRO,2023-08-01,38.0099983215332,38.810001373291016,37.41999816894531,38.400001525878906,39.10958316717325,41.81086308134707,42.19958644408604,46.58872440701593,51.777046365975366,3.95,27.0,0.1
PRO,2023-08-02,38.400001525878906,38.400001525878906,36.7599983215332,37.13999938964844,41.00267082609442,42.460265144612116,41.71416758879699,44.62343554683132,51.85806323617926,3.87,22.0,0.31
PRO,2023-08-03,37.0,37.290000915527344,36.310001373291016,36.45000076293945,40.894205225427996,41.922334693880586,41.643462652243684,44.65945050149264,51.89597014058299,3.8,22.0,0.54
PRO,2023-08-04,36.59000015258789,38.04999923706055,36.150001525878906,37.709999084472656,41.5830955769419,41.8916372216493,41.80161532595319,44.36038091257597,51.574822578835565,3.72,26.0,0.79
PRO,2023-08-07,37.68000030517578,38.4900016784668,37.31999969482422,38.099998474121094,40.683654313128564,41.860732511815314,41.55456189328836,44.32998381504641,51.539518752179724,3.63,22.0,1.07
PRO,2023-08-08,37.5099983215332,37.869998931884766,36.720001220703125,36.939998626708984,41.16803048135013,41.41384193461934,41.8776578753939,43.924889463644135,51.61277215331441,3.53,28.0,1.39
PRO,2023-08-09,37.29999923706055,37.41999816894531,36.119998931884766,36.47999954223633,41.653945594523506,41.42254798130106,41.520160643765735,43.407659284849004,51.54457859577067,3.43,19.0,1.74
PRO,2023-08-10,36.61000061035156,36.88999938964844,35.34000015258789,35.400001525878906,41.40367642542206,41.47359669435038,41.539266995102636,43.460292965217405,51.256364329021665,3.31,20.0,2.12
PRO,2023-08-11,35.36000061035156,36.20000076293945,35.20000076293945,35.869998931884766,41.448283229945794,41.410483399933035,41.57018180184764,43.411082600854286,50.66527221081335,3.19,25.0,2.56
PRO,2023-08-14,35.849998474121094,36.02000045776367,35.599998474121094,35.849998474121094,40.161080623177234,40.714422850807125,41.40619507813476,43.200666070119205,50.594002871537604,3.06,17.0,3.03
PRO,2023-08-15,35.83000183105469,36.2599983215332,35.45000076293945,35.83000183105469,38.61615459292875,40.04103646862422,40.740029841548306,43.106865744144365,50.549503425036036,2.93,3.0,3.53
PRO,2023-08-16,35.70000076293945,35.86000061035156,34.86000061035156,34.86000061035156,39.680794459016056,40.55136683160989,41.03051993451896,43.226966971725,50.609482187443255,2.79,9.0,4.11
PRO,2023-08-17,34.81999969482422,34.900001525878906,34.09000015258789,34.459999084472656,39.956464559121144,40.631543694742135,41.0219057813078,43.2240006837933,50.60413156186563,2.64,9.0,4.7
PRO,2023-08-18,34.029998779296875,35.209999084472656,34.029998779296875,34.970001220703125,39.97902350889561,40.475932100076804,41.05994389026877,43.14062164124236,50.50259732081045,2.46,11.0,5.27
PRO,2023-08-21,34.970001220703125,35.709999084472656,34.75,34.84000015258789,38.21575368295939,39.285812616118946,41.0733400199984,43.12359333244781,50.4603388568725,2.27,12.0,5.62
PRO,2023-08-22,35.369998931884766,35.91999816894531,34.81999969482422,35.52000045776367,37.907133609208365,38.48260871073607,41.09265763489184,43.13325306574822,49.8749814284509,2.11,14.0,6.23
PRO,2023-08-23,35.7400016784668,36.40999984741211,35.54999923706055,36.279998779296875,38.20708502788147,38.6450367932112,41.17460487216863,43.18974691098142,49.71241928379103,1.93,15.0,6.71
PRO,2023-08-24,36.189998626708984,36.29999923706055,34.38999938964844,34.75,39.99938377618562,39.4693820896028,41.55982814794355,43.281507633416986,49.66491585695939,1.71,33.0,5.75
PRO,2023-08-25,35.09000015258789,35.45000076293945,34.43000030517578,35.0,38.99581402255181,38.93661650917858,41.40182259511007,42.432972302991196,49.64209829043971,1.56,24.0,5.83
PRO,2023-08-28,35.0,36.41999816894531,35.0,35.540000915527344,37.90403114294427,37.233069423587786,41.4202394319053,42.3595236929584,49.496479933617934,1.41,26.0,5.07
PRO,2023-08-29,35.279998779296875,36.16999816894531,35.279998779296875,35.75,37.752640983186616,37.051707750324944,41.15863421951262,42.324760575776985,48.75211298431186,1.22,15.0,-0.29
PRO,2023-08-30,35.619998931884766,37.560001373291016,34.9900016784668,37.099998474121094,39.05163593697731,37.556535435421715,41.470838593417305,42.44161193046614,48.87726896568723,1.17,30.0,-0.49
PRO,2023-08-31,37.220001220703125,37.36000061035156,35.779998779296875,35.86000061035156,40.16928840487764,38.24775937723526,41.86017959531054,42.037709206737915,48.97886720394102,1.12,44.0,-0.84
PRO,2023-09-01,36.0,36.349998474121094,35.540000915527344,35.7599983215332,40.07861943908744,38.14938020331942,41.85496706904415,41.0345054519745,48.9787846658091,1.09,44.0,-0.91
PRO,2023-09-05,35.47999954223633,35.849998474121094,35.119998931884766,35.59000015258789,40.05056739824212,38.050747908516435,41.745775042482684,40.99972235740738,48.547559952286214,1.05,43.0,-1.05
PRO,2023-09-06,35.720001220703125,35.880001068115234,34.4900016784668,34.880001068115234,40.54287458267565,38.200108103621695,41.612622465443565,40.866664039156454,48.25039619639736,1.03,39.0,-1.04
PRO,2023-09-07,34.54999923706055,35.130001068115234,34.0,34.2599983215332,34.14848594443916,38.11517381822825,41.62209343271822,40.92070451455726,48.28823086251104,1.03,40.0,-0.99
PRO,2023-09-08,34.5099983215332,34.54999923706055,33.84000015258789,34.13999938964844,33.931265607189346,37.7215352735373,41.54489974983066,40.827612046415496,47.11614892235788,1.02,34.0,-0.94
PRO,2023-09-11,34.40999984741211,34.54999923706055,33.65999984741211,33.84000015258789,33.91860996684087,37.781198022616856,41.57647896510601,40.779535557519374,47.06118932811235,1.02,40.0,-0.89
PRO,2023-09-12,33.470001220703125,33.869998931884766,33.279998779296875,33.470001220703125,32.42967101222862,37.83042146992586,41.6276747310766,40.80472710726544,46.5721994390114,1.02,43.0,-0.86
PRO,2023-09-13,33.27000045776367,33.400001525878906,32.22999954223633,32.459999084472656,32.99412220924244,37.79885022626415,41.407898179485976,40.966441609707196,46.6292113341745,1.02,27.0,-0.81
PRO,2023-09-14,32.72999954223633,33.029998779296875,32.4900016784668,33.0,32.509750895320344,37.865856037400775,40.70914843483921,40.8923526243867,46.5141345506711,1.01,3.0,-0.75
PRO,2023-09-15,32.75,32.86000061035156,32.290000915527344,32.849998474121094,32.20659145236531,37.59982051969139,40.38507988959771,40.817799538925335,46.51794200068421,1.0,1.0,-0.7
PRO,2023-09-18,32.86000061035156,34.75,32.61000061035156,33.84000015258789,31.79429677454369,37.976349488419345,40.3332307764122,40.73611985581658,46.59701018450327,1.0,1.0,-0.68
PRO,2023-09-19,33.619998931884766,34.68000030517578,33.619998931884766,34.58000183105469,32.38955883474341,37.87875871594579,40.2708639485185,40.74959114801388,46.639311972860405,0.98,1.0,-0.72
PRO,2023-09-20,34.709999084472656,35.099998474121094,33.25,33.279998779296875,33.00439265630981,38.4026288947357,40.768163476963096,41.02585315997991,46.594040289923356,0.96,8.0,-0.79
PRO,2023-09-21,32.779998779296875,33.40999984741211,32.58000183105469,32.63999938964844,33.228156044950936,38.66398512368282,40.86911350325397,41.012728448404566,46.60394492975405,0.94,9.0,-0.93
PRO,2023-09-22,32.86000061035156,33.119998931884766,32.380001068115234,32.70000076293945,32.30364575392631,37.483638369808304,40.80590597479481,40.70471622696871,46.581382431075355,0.92,9.0,-0.98
PRO,2023-09-25,32.56999969482422,33.31999969482422,32.439998626708984,32.880001068115234,32.051785102704116,37.488524802031414,40.06722235056704,40.45894092055457,46.529477354680324,0.93,1.0,-0.89
PRO,2023-09-26,32.630001068115234,32.869998931884766,31.920000076293945,31.989999771118164,32.818844420943684,37.04688430353028,39.90750022860232,40.28101112584616,46.59913985356765,0.94,1.0,-0.79
PRO,2023-09-27,31.979999542236328,36.61000061035156,31.979999542236328,35.599998474121094,45.91245518695405,42.36496108560516,42.661331897569596,42.15055524965492,47.76757810416083,0.91,76.0,-0.86
PRO,2023-09-28,35.439998626708984,35.45000076293945,34.459999084472656,34.84000015258789,45.64079975053906,42.566026913111465,42.73500737616073,42.186670994456776,47.69095981252774,0.89,77.0,-0.96
PRO,2023-09-29,35.08000183105469,35.279998779296875,34.29999923706055,34.619998931884766,45.55144882173467,42.60267276264923,42.33094923290094,42.18425847757234,47.22964682970582,0.88,68.0,-0.93
PRO,2023-10-02,34.599998474121094,35.0099983215332,34.540000915527344,34.66999816894531,45.34542035904976,42.57956285505442,42.127444480017516,42.10566926392149,47.201965081580916,0.88,64.0,-0.93
PRO,2023-10-03,34.470001220703125,34.880001068115234,33.77000045776367,33.97999954223633,45.70036633458358,41.89138805105648,42.24095751410491,42.10678616114912,47.249183761537736,0.88,67.0,-0.94
PRO,2023-10-04,34.0,34.189998626708984,33.599998474121094,33.81999969482422,45.30820728541573,41.58095589125417,41.67046153420838,42.114229321746265,47.11670747310555,0.88,53.0,-0.94
PRO,2023-10-05,33.709999084472656,33.7599983215332,33.029998779296875,33.380001068115234,44.89601530510176,41.61832600268796,41.68012302496212,41.97893909822866,46.46965251164478,0.88,54.0,-0.94
PRO,2023-10-06,33.130001068115234,34.81999969482422,33.130001068115234,34.7599983215332,44.91143905354236,42.17368869780509,41.680408985565656,42.15542541141126,46.63479376369415,0.88,55.0,-0.94
PRO,2023-10-09,34.310001373291016,35.31999969482422,34.310001373291016,34.63999938964844,44.869831706485144,41.73220198635531,41.61477112711551,42.01447185364321,46.62697852205771,0.88,50.0,-0.93
PRO,2023-10-10,34.630001068115234,35.13999938964844,34.189998626708984,34.45000076293945,44.64369186721358,41.11442900782213,41.15940567153697,42.0013533736813,46.046689507196916,0.88,25.0,-0.92
PRO,2023-10-11,34.4900016784668,35.04999923706055,34.130001068115234,34.560001373291016,44.61409267137046,41.023088952902434,40.709494332857105,41.970433465905614,45.96068400170267,0.88,9.0,-0.9
PRO,2023-10-12,34.5099983215332,34.650001525878906,34.0,34.15999984741211,43.20161108889059,41.0219460917936,40.76485029761162,41.84049633146819,45.954889861199135,0.88,11.0,-0.88
PRO,2023-10-13,34.119998931884766,34.130001068115234,33.63999938964844,33.79999923706055,42.253037627960616,40.971697973797546,40.79859706332408,41.611362217688374,45.92864984478901,0.89,13.0,-0.86
PRO,2023-10-16,34.25,34.720001220703125,33.54999923706055,33.720001220703125,42.25250170596855,40.93779332893217,40.693063323348646,41.60236012092155,45.88132780683718,0.89,8.0,-0.85
PRO,2023-10-17,33.400001525878906,34.04999923706055,33.400001525878906,33.709999084472656,42.24655121774349,40.91604948600019,39.926041968356465,41.57290121173289,45.70324339007932,0.9,2.0,-0.77
PRO,2023-10-18,33.5,34.119998931884766,33.45000076293945,33.5099983215332,41.909936977703346,40.932161490724354,39.439055801285825,41.53504071221009,45.70864613970651,0.91,1.0,-0.59
PRO,2023-10-19,33.470001220703125,33.810001373291016,33.40999984741211,33.58000183105469,41.62157692215012,37.7579300453791,39.43309540521505,41.17777359866726,45.700260571981474,0.92,1.0,-0.45
PRO,2023-10-20,33.540000915527344,34.0,32.97999954223633,33.04999923706055,41.849658665010594,37.78707762947811,39.282929561370885,39.93655290832676,45.60449160398018,0.94,1.0,-0.3
PRO,2023-10-23,32.810001373291016,33.77000045776367,32.66999816894531,33.310001373291016,41.86034432413121,37.81778698760263,38.94026785601168,39.941914121724345,45.60050116461546,0.97,1.0,-0.07
PRO,2023-10-24,33.709999084472656,34.150001525878906,32.97999954223633,33.459999084472656,41.764352525456665,37.22491310132672,37.951531169902694,39.8900583453764,45.48699814756869,1.02,1.0,0.81
PRO,2023-10-25,33.20000076293945,33.40999984741211,33.02000045776367,33.2599983215332,40.79317334017665,37.13987226113095,37.83601735951375,39.8981227781812,45.43895033233481,1.07,1.0,1.36
PRO,2023-10-26,33.619998931884766,33.720001220703125,32.5,32.599998474121094,40.946590452789025,36.76391601930636,37.87452895970354,39.97200691676973,45.47608610122466,1.11,2.0,1.59
PRO,2023-10-27,32.58000183105469,32.91999816894531,32.099998474121094,32.41999816894531,40.9562139781337,36.60878427345352,37.81382938981445,39.97715165628334,45.230931477721015,1.15,1.0,1.68
PRO,2023-10-30,32.83000183105469,32.970001220703125,31.90999984741211,32.060001373291016,40.04601761387709,35.87782020090858,37.81048235585747,39.74947563107322,45.18029081404161,1.18,1.0,1.65
PRO,2023-10-31,31.950000762939453,32.2400016784668,30.950000762939453,31.149999618530273,40.14873054847806,36.166164366178144,38.04344061969405,39.68784128695856,45.27793412421538,1.21,6.0,1.51
PRO,2023-11-01,33.08000183105469,34.16999816894531,32.040000915527344,33.630001068115234,45.006061816335645,39.24796301213959,39.81838399529195,40.67046931705332,45.9065797963714,1.2,11.0,1.46
PRO,2023-11-02,34.599998474121094,35.41999816894531,34.06999969482422,34.790000915527344,45.62061055680874,39.84326611733195,39.972398238050225,40.81950760763404,46.02259784120439,1.19,14.0,1.42
PRO,2023-11-03,35.0,35.63999938964844,34.90999984741211,35.25,45.73177193545359,39.469855500821524,39.79314494533127,40.632774257774244,45.551466473732745,1.18,11.0,1.38
PRO,2023-11-06,35.16999816894531,35.29999923706055,34.36000061035156,35.25,45.728295968855484,39.37303332305619,39.79128452610569,40.5615494875614,45.41564357343631,1.18,11.0,1.32
PRO,2023-11-07,35.43000030517578,35.779998779296875,34.95000076293945,35.58000183105469,44.88264170398211,39.42216152255564,39.78656167757466,40.54755277358868,45.42282626097908,1.17,11.0,1.27
PRO,2023-11-08,35.68000030517578,36.06999969482422,35.08000183105469,35.65999984741211,32.468687434987295,39.42503698191417,39.42888571173553,40.347488749334524,44.49094689763925,1.16,9.0,1.17
PRO,2023-11-09,35.779998779296875,35.790000915527344,34.47999954223633,34.81999969482422,32.605755453833886,39.32487866240058,39.61096294724542,40.448166908434594,44.45515834748013,1.15,12.0,1.1
PRO,2023-11-10,34.619998931884766,35.16999816894531,34.16999816894531,34.7599983215332,32.55550012067432,39.253429561125124,39.4534528867119,40.4307256721845,44.441801627837904,1.15,12.0,1.0
PRO,2023-11-13,34.619998931884766,34.720001220703125,33.630001068115234,33.65999984741211,33.86816707690129,39.68370034045465,39.79038197828903,40.434353581915175,42.933709948782116,1.14,15.0,0.95
PRO,2023-11-14,34.560001373291016,35.540000915527344,34.349998474121094,35.5,36.81124486760955,41.18225061695771,40.47638422796408,40.854628122851295,43.22837862172806,1.13,26.0,0.99
PRO,2023-11-15,35.56999969482422,36.70000076293945,35.52000045776367,36.150001525878906,37.0732953722215,41.15957938152432,40.32140787783928,40.882192085087446,42.92891562047475,1.11,24.0,1.02
PRO,2023-11-16,35.97999954223633,36.15999984741211,34.9900016784668,35.88999938964844,36.90103903363113,40.955219260849866,40.34467771883523,40.87871842805871,42.9038141309038,1.11,26.0,1.03
PRO,2023-11-17,36.040000915527344,36.7599983215332,35.939998626708984,36.75,35.69391182067001,40.247226508265776,39.827047468662414,40.93381052128912,42.5464617939488,1.11,19.0,0.94
PRO,2023-11-20,36.75,37.720001220703125,36.61000061035156,37.27000045776367,35.8278707504774,40.31742081266398,39.870354531364406,40.884709924285055,42.1669975366923,1.12,20.0,0.86
PRO,2023-11-21,36.93000030517578,37.459999084472656,36.40999984741211,36.56999969482422,36.29639932743839,40.41122276823736,39.52190819630196,40.750833047268905,42.12915437949642,1.12,13.0,0.72
PRO,2023-11-22,37.040000915527344,37.130001068115234,36.06999969482422,36.06999969482422,36.57932963999495,40.49943000691915,39.223459776365324,40.79155131272783,42.10908010422681,1.13,8.0,0.56
PRO,2023-11-24,36.02000045776367,36.59000015258789,35.86000061035156,36.59000015258789,36.54712194835419,39.87720138361378,39.206178491961374,40.33727190532479,41.977727240104905,1.14,8.0,0.41
PRO,2023-11-27,36.29999923706055,36.939998626708984,35.290000915527344,35.43000030517578,37.72770195106893,39.81450429464303,39.57747714676349,40.42874749879345,42.04986340341077,1.15,16.0,0.31
PRO,2023-11-28,35.18000030517578,35.7599983215332,35.0,35.47999954223633,37.70930507984405,39.812136526646604,39.56521195556994,40.37620471600908,42.02941788110582,1.15,16.0,0.21
PRO,2023-11-29,35.86000061035156,36.68000030517578,35.86000061035156,36.279998779296875,38.17130914422194,40.063115019839685,39.10394645524679,40.27744673435939,42.0564962265604,1.16,8.0,0.08
PRO,2023-11-30,36.66999816894531,36.81999969482422,35.970001220703125,36.54999923706055,38.11224163436485,39.859289547930054,38.9135047490921,40.24801587669188,41.97784360182409,1.18,7.0,-0.05
PRO,2023-12-01,36.619998931884766,39.209999084472656,36.619998931884766,39.099998474121094,42.451730461501285,41.93349002897514,40.28327849580721,40.72725611499667,42.471772670231374,1.18,33.0,-0.07
PRO,2023-12-04,39.15999984741211,39.900001525878906,38.599998474121094,39.720001220703125,42.08166229607098,42.00690203219022,40.199715249193595,40.589183711301295,42.46695051246328,1.18,32.0,-0.1
PRO,2023-12-05,39.220001220703125,39.59000015258789,38.5,38.77000045776367,42.983791613712185,42.30165382958603,40.114173446849236,40.71052788554572,42.547561810699655,1.18,32.0,-0.12
PRO,2023-12-06,38.900001525878906,39.150001525878906,38.029998779296875,38.290000915527344,43.28292749750279,42.32231452647046,39.800807813373495,40.64455219074003,42.39780096601503,1.18,25.0,-0.16
PRO,2023-12-07,38.20000076293945,38.5099983215332,37.5,37.58000183105469,43.70581416866497,41.99588941955468,39.874230668143475,40.36052381523608,41.838557481564095,1.18,29.0,-0.2
PRO,2023-12-08,37.5,38.56999969482422,37.22999954223633,37.2400016784668,43.293993024755736,41.95742390590875,39.868365932500986,40.380698969864405,41.7860063286311,1.18,28.0,-0.23
PRO,2023-12-11,37.130001068115234,37.41999816894531,36.31999969482422,37.36000061035156,43.19299700841608,41.93566814530449,39.795427538978004,40.34404564284475,41.75752640643938,1.18,25.0,-0.27
PRO,2023-12-12,37.459999084472656,37.900001525878906,36.90999984741211,37.2400016784668,42.999831556302105,41.55290621019278,39.772478739111165,40.34535232940178,41.701947720108365,1.18,21.0,-0.31
PRO,2023-12-13,37.68000030517578,39.2599983215332,37.150001525878906,39.20000076293945,43.78917695469786,42.59533808830928,40.548059153762736,40.7627293455952,41.52936972952412,1.18,46.0,-0.31
PRO,2023-12-14,39.86000061035156,40.540000915527344,38.4900016784668,39.25,38.62095974732901,41.7556186716931,40.543993495368824,40.72396835277146,40.799217616861476,1.18,46.0,-0.32
PRO,2023-12-15,39.5099983215332,40.0099983215332,38.83000183105469,39.56999969482422,37.66351475308344,41.51185428090575,38.771332493712805,40.71670561270586,40.77414254323294,1.18,7.0,-0.37
PRO,2023-12-18,39.43000030517578,40.0,39.310001373291016,39.619998931884766,37.57834683630999,41.51283105665141,38.73759340540528,40.56347689203264,40.61890166765006,1.18,7.0,-0.43
PRO,2023-12-19,40.130001068115234,40.9900016784668,39.380001068115234,39.779998779296875,37.56019103684991,41.510469687871385,38.73686860717716,40.474064187069395,40.60874819070852,1.18,7.0,-0.48
PRO,2023-12-20,39.310001373291016,40.2599983215332,38.54999923706055,38.54999923706055,38.892974221576885,41.64318535395058,38.7638793663113,40.654357701728536,40.67614107671214,1.18,9.0,-0.52
PRO,2023-12-21,39.09000015258789,39.90999984741211,38.5,39.599998474121094,39.51940610402666,35.96385946287939,38.962045906162686,40.61980537465411,40.70375612809586,1.18,13.0,-0.56
PRO,2023-12-22,39.40999984741211,40.15999984741211,39.040000915527344,39.70000076293945,38.66448621075053,35.63304309731346,38.58730189638298,40.59393043548308,40.70156761103071,1.18,7.0,-0.61
PRO,2023-12-26,39.72999954223633,40.02000045776367,39.40999984741211,39.81999969482422,38.62391426786812,35.58915261577443,38.46297577103542,40.57178689673008,40.68753856511688,1.19,7.0,-0.65
PRO,2023-12-27,39.81999969482422,40.099998474121094,39.400001525878906,39.72999954223633,37.09810939261582,35.601208879392466,38.09764706992775,40.56827713170848,40.60829706164842,1.2,7.0,-0.68
PRO,2023-12-28,39.689998626708984,40.029998779296875,39.439998626708984,39.689998626708984,34.26046769594937,35.30248841048729,38.066119596977686,40.5025665054622,40.54974507282611,1.22,7.0,-0.71
PRO,2023-12-29,39.540000915527344,39.689998626708984,38.54999923706055,38.790000915527344,34.82169789011592,35.65917819876686,37.91970369484775,40.4373862068588,40.47401116168807,1.23,5.0,-0.73
PRO,2024-01-02,38.25,38.25,34.88999938964844,35.099998474121094,45.70857502528447,41.26289974444004,41.091184501185865,42.140835479447645,41.69781559315094,1.23,71.0,-0.71
PRO,2024-01-03,34.43000030517578,34.959999084472656,34.06999969482422,34.619998931884766,45.25631326348524,40.526741974598615,40.8726657763427,42.125864927943006,41.72478225286512,1.22,67.0,-0.69
PRO,2024-01-04,34.279998779296875,34.70000076293945,33.459999084472656,33.5,45.85129451665128,41.07691683003471,41.14137413063153,42.31841037199107,41.80090979827686,1.22,74.0,-0.67
PRO,2024-01-05,33.20000076293945,33.86000061035156,32.849998474121094,32.869998931884766,45.85201276774284,41.23886399805158,41.24380827532215,42.38535079598466,41.63064559746865,1.22,78.0,-0.67
PRO,2024-01-08,32.9900016784668,34.81999969482422,32.9900016784668,34.52000045776367,48.18467600396345,42.476337561760644,41.99607753112973,42.46306161178478,41.736655431439225,1.23,95.0,-0.7
PRO,2024-01-09,33.79999923706055,34.66999816894531,33.75,34.310001373291016,47.96658783985024,42.426739909224644,41.781972848523914,42.05259575165676,41.521078072556755,1.24,92.0,-0.73
PRO,2024-01-10,34.29999923706055,35.09000015258789,33.9900016784668,34.65999984741211,47.224448919318974,42.41695507183185,41.77344678031392,41.8911576032932,41.52138792975199,1.24,91.0,-0.75
PRO,2024-01-11,34.7599983215332,34.779998779296875,33.869998931884766,34.560001373291016,47.223938308505225,42.41854790124481,41.70986030635886,41.738705580363806,41.48455010764213,1.25,89.0,-0.77
PRO,2024-01-12,35.90999984741211,35.90999984741211,34.779998779296875,35.18000030517578,47.049163312322534,42.5672070938473,41.80213332838652,41.68015040972019,41.50457954416357,1.26,92.0,-0.79
PRO,2024-01-16,34.70000076293945,35.16999816894531,34.560001373291016,34.869998931884766,47.031759781255616,42.59073767740346,41.71137455093831,41.694780582386024,41.45769105955104,1.26,88.0,-0.81
PRO,2024-01-17,34.43000030517578,34.869998931884766,34.09000015258789,34.77000045776367,42.237215653406125,42.59578099538178,41.572429112184686,41.679771115126854,41.404391849136836,1.26,78.0,-0.83
PRO,2024-01-18,35.16999816894531,35.27000045776367,34.349998474121094,34.91999816894531,41.90389793906908,42.462789842565726,41.01141757793679,41.64855375044808,41.40529954449477,1.26,67.0,-0.81
PRO,2024-01-19,35.290000915527344,35.880001068115234,34.36000061035156,35.720001220703125,42.1687004883289,42.673914204055876,41.15323664656217,41.33100232704766,41.3362134020023,1.26,70.0,-0.8
PRO,2024-01-22,36.13999938964844,37.150001525878906,36.0,36.90999984741211,43.28489184543343,43.15890440675542,41.408948696741135,41.26415271262518,41.40013147897352,1.26,75.0,-0.8
PRO,2024-01-23,37.599998474121094,37.599998474121094,36.41999816894531,36.59000015258789,43.02984255042236,43.18295963807785,41.42432120287929,40.94037037125518,41.304720290422786,1.26,75.0,-0.81
PRO,2024-01-24,37.209999084472656,37.209999084472656,35.77000045776367,35.779998779296875,43.420816600551596,43.23572563758315,41.15289419548272,40.97398714849995,41.357047397541955,1.26,70.0,-0.8
PRO,2024-01-25,36.27000045776367,36.29999923706055,35.38999938964844,35.63999938964844,43.40509476558108,43.22567559949622,40.80270261390181,40.74582915644202,41.33927999284008,1.25,64.0,-0.77
PRO,2024-01-26,35.83000183105469,36.540000915527344,35.59000015258789,35.84000015258789,43.45118451614786,43.1510272321235,40.81013989365995,40.64099343918434,41.227724672563106,1.24,66.0,-0.74
PRO,2024-01-29,35.86000061035156,36.439998626708984,35.4900016784668,36.310001373291016,40.76022156957366,42.73131052353483,40.854736181060616,40.632249565912204,41.056245777510284,1.23,67.0,-0.71
PRO,2024-01-30,36.09000015258789,36.41999816894531,35.619998931884766,35.9900016784668,40.78325336564973,39.901370644467384,40.75070713311856,40.329284962118564,41.060336188998555,1.23,61.0,-0.68
PRO,2024-01-31,35.83000183105469,35.849998474121094,34.34000015258789,34.41999816894531,42.377902533923226,40.387723658457055,41.271265898000905,40.671600811379456,41.29735878100276,1.22,78.0,-0.67
PRO,2024-02-01,34.41999816894531,35.93000030517578,34.34000015258789,35.61000061035156,43.811716571129,40.904142266633826,41.61686185417563,40.59173399727404,41.391346183343735,1.22,85.0,-0.67
PRO,2024-02-02,35.36000061035156,36.0099983215332,35.20000076293945,35.869998931884766,43.870593457052905,40.93001754677188,41.604276430479395,40.546195601882246,41.13845913719078,1.22,83.0,-0.67
PRO,2024-02-05,35.56999969482422,35.720001220703125,34.7400016784668,34.97999954223633,43.55931084902686,41.21323003277398,41.76452782812583,40.38736858480801,40.30431717607434,1.22,91.0,-0.68
PRO,2024-02-06,35.08000183105469,35.779998779296875,35.0099983215332,35.2599983215332,42.76106760117304,41.24494066033726,41.48190247259016,40.130521812645824,40.308343886698594,1.23,81.0,-0.68
PRO,2024-02-07,35.36000061035156,35.369998931884766,34.720001220703125,34.7400016784668,42.831947849818484,41.06567645303412,41.479011776842675,40.173753107264986,40.30073437903309,1.23,80.0,-0.7
PRO,2024-02-08,34.790000915527344,36.119998931884766,34.779998779296875,36.0099983215332,44.3632834683426,41.718583922089934,41.84877349531168,40.37766600076808,40.45326365671998,1.24,94.0,-0.74
PRO,2024-02-09,33.75,37.040000915527344,32.75,36.75,44.89211523258111,41.34420869011339,41.71122763907831,40.38066471547417,40.49764908947365,1.25,88.0,-0.77
PRO,2024-02-12,36.79999923706055,38.04999923706055,36.0099983215332,36.790000915527344,44.90267601296426,39.91229396282122,41.57764686699723,39.950104424989945,40.496133023208465,1.26,80.0,-0.8
PRO,2024-02-13,35.11000061035156,36.0099983215332,34.72999954223633,35.72999954223633,45.18763721798976,40.20255961158648,41.385668087566366,39.84016716167319,40.429974645687764,1.26,74.0,-0.81
PRO,2024-02-14,36.40999984741211,36.75,35.5099983215332,36.75,35.43896280303335,40.59012685602631,41.48550170288025,39.96298240327354,40.37270946526966,1.26,78.0,-0.83
PRO,2024-02-15,37.2400016784668,37.599998474121094,36.16999816894531,37.59000015258789,35.641508225005154,40.56426686081374,41.624495011529575,39.907078538944404,40.41267682371108,1.27,83.0,-0.85
PRO,2024-02-16,37.27000045776367,37.27000045776367,35.66999816894531,35.66999816894531,37.7280244740067,41.873895473616884,42.485926075368376,40.219097312781386,40.737288324484844,1.29,98.0,-0.87
PRO,2024-02-20,35.209999084472656,36.0,35.20000076293945,35.91999816894531,37.214597444771016,41.728806356699955,42.25397827024946,39.70033131615159,40.592689504747206,1.3,96.0,-0.89
PRO,2024-02-21,35.439998626708984,35.58000183105469,33.84000015258789,34.2400016784668,37.39596026143371,42.772589085202476,39.44396644308944,40.05052070088048,40.83751139220689,1.28,26.0,-0.91
PRO,2024-02-22,34.790000915527344,35.09000015258789,33.77000045776367,33.93000030517578,37.44653759375184,42.68666656216188,39.32284938472767,40.00777720394766,40.833677090700085,1.26,23.0,-0.94
PRO,2024-02-23,33.900001525878906,34.279998779296875,33.599998474121094,33.81999969482422,37.32055829008528,42.19938193138192,39.31377157239823,39.97117156830598,40.69953541305429,1.25,23.0,-0.95
PRO,2024-02-26,33.779998779296875,34.779998779296875,33.66999816894531,34.5,37.79245251772267,42.4100256449178,39.44286927434655,40.00978794609318,40.73412272650211,1.24,28.0,-0.95
PRO,2024-02-27,34.7400016784668,35.5099983215332,34.4900016784668,35.2599983215332,37.97431423580947,42.3985133429907,39.46133800742768,40.05592106483444,40.77441687714443,1.23,31.0,-0.94
PRO,2024-02-28,34.86000061035156,35.650001525878906,34.70000076293945,35.61000061035156,37.979687239419604,42.42108640590684,39.48144573376472,40.014533928875366,40.648850172730704,1.22,32.0,-0.94
PRO,2024-02-29,36.13999938964844,36.599998474121094,35.56999969482422,35.75,37.97521984968805,40.00888149547529,39.42449355255787,39.909444961080986,40.61913837062243,1.21,25.0,-0.92
PRO,2024-03-01,35.7400016784668,36.20000076293945,35.0,35.959999084472656,37.989880408993805,39.87825653944375,38.91394661140684,39.794330099431,40.60694701083092,1.21,17.0,-0.93
PRO,2024-03-04,35.869998931884766,36.4900016784668,35.619998931884766,36.31999969482422,37.53612097443994,39.66723898224418,38.938912942420544,39.80761034771504,40.602894747846925,1.21,18.0,-0.93
PRO,2024-03-05,35.81999969482422,35.81999969482422,34.779998779296875,35.06999969482422,37.62245700417342,40.209335395749015,39.33421883142866,40.024684596908116,40.74205387300224,1.2,27.0,-0.93
PRO,2024-03-06,35.5,35.849998474121094,35.15999984741211,35.720001220703125,38.00085084700499,40.24788015866534,39.43742532647575,39.89173423758785,40.7216646075005,1.2,31.0,-0.93
PRO,2024-03-07,36.06999969482422,36.400001525878906,35.709999084472656,36.33000183105469,37.76820516417774,40.373371581143054,39.47747735635587,39.916292674366524,40.60907001656259,1.2,37.0,-0.93
PRO,2024-03-08,36.5,37.189998626708984,35.900001525878906,35.93000030517578,37.8977143597289,40.424668196732526,39.4809955063855,39.8589040476277,40.62745019181621,1.2,38.0,-0.92
PRO,2024-03-11,35.900001525878906,36.25,35.13999938964844,35.93000030517578,37.86406706357903,40.42132020124537,39.478233574319574,39.84080055202547,40.29083373745719,1.2,38.0,-0.92
PRO,2024-03-12,35.880001068115234,36.310001373291016,35.560001373291016,36.060001373291016,37.68223366436492,38.961723164800404,39.480761369414424,39.76130777253211,40.21458915253003,1.2,39.0,-0.93
PRO,2024-03-13,35.880001068115234,36.439998626708984,35.630001068115234,35.709999084472656,37.70105771581987,38.99502782496575,39.501613545739154,39.66187756730015,40.19488614535946,1.2,41.0,-0.93
PRO,2024-03-14,35.630001068115234,35.709999084472656,34.459999084472656,34.84000015258789,36.07083875609587,39.22502480549508,39.704351104669996,39.775179226347,40.15245101363094,1.2,45.0,-0.92
PRO,2024-03-15,34.16999816894531,34.88999938964844,34.16999816894531,34.77000045776367,34.63879711199196,39.218697069596736,39.62052607032153,39.38490568696291,40.12631706938896,1.2,44.0,-0.91
PRO,2024-03-18,34.9900016784668,35.5,34.66999816894531,34.7599983215332,34.55493094718155,39.19948930008994,39.60325963170756,39.38338353454336,39.926416193836275,1.2,42.0,-0.89
PRO,2024-03-19,34.45000076293945,34.709999084472656,34.119998931884766,34.310001373291016,33.995914255341745,38.79442076294785,39.6551158656411,39.12558695400268,39.83694759653665,1.18,44.0,-0.86
PRO,2024-03-20,34.279998779296875,35.0,34.13999938964844,34.81999969482422,34.201515844796496,38.48826309016083,39.70869461383251,38.96393580284962,39.860215004974755,1.16,45.0,-0.85
PRO,2024-03-21,35.119998931884766,36.040000915527344,34.810001373291016,35.81999969482422,34.899424227243216,38.98162818165421,39.81504816497466,39.05678646906859,39.87268492981369,1.13,52.0,-0.84
PRO,2024-03-22,35.83000183105469,35.869998931884766,35.189998626708984,35.81999969482422,33.29534975182488,38.9708850162232,39.80181423381127,39.056185031233184,39.6212718740354,1.11,51.0,-0.85
PRO,2024-03-25,35.72999954223633,36.08000183105469,35.22999954223633,35.369998931884766,32.89910036784484,39.03455828210648,39.813985113761156,39.0837141899603,39.64403794279881,1.09,51.0,-0.87
PRO,2024-03-26,35.650001525878906,35.84000015258789,34.599998474121094,34.72999954223633,33.25428965124726,39.1768771970824,39.64820217254523,38.80023156971011,39.66838678381326,1.07,39.0,-0.88
PRO,2024-03-27,34.9900016784668,35.630001068115234,34.689998626708984,35.59000015258789,33.06270262483628,39.310589123573195,37.94776814946845,38.78454559050677,39.73278812007116,1.09,2.0,-0.86
PRO,2024-03-28,35.689998626708984,36.369998931884766,35.52000045776367,36.33000183105469,32.56928532633931,33.77949588480185,37.70782443481903,38.837466223434774,39.77818676859983,1.12,1.0,-0.82
PRO,2024-04-01,36.380001068115234,36.65999984741211,35.959999084472656,36.400001525878906,31.844667562703428,33.64772551636061,37.65365295042953,38.74453939273017,39.746058166566606,1.14,1.0,-0.79
PRO,2024-04-02,35.689998626708984,35.84000015258789,35.20000076293945,35.400001525878906,29.07735493048296,33.44764013061426,37.91844285531823,38.73277210121033,39.840681272243714,1.16,3.0,-0.81
PRO,2024-04-03,35.029998779296875,36.58000183105469,35.029998779296875,36.2400016784668,29.81584413402652,33.49963423372707,38.07251269153087,38.60146127404941,39.78419598793465,1.18,7.0,-0.85
PRO,2024-04-04,36.97999954223633,38.13999938964844,36.97999954223633,37.70000076293945,28.25869648205954,32.97950065950096,38.57971821455279,38.84622129975313,39.908381406309246,1.19,10.0,-0.88
PRO,2024-04-05,37.540000915527344,38.709999084472656,37.45000076293945,37.86000061035156,28.017421505689345,32.94617168774581,38.384780644937734,38.826462628073614,39.900377973782355,1.2,9.0,-0.92
PRO,2024-04-08,38.220001220703125,38.439998626708984,37.18000030517578,37.90999984741211,27.95086690270911,32.89843604213621,38.38265124037418,38.78556520586196,39.80386731854541,1.21,9.0,-0.95
PRO,2024-04-09,38.02000045776367,38.310001373291016,37.70000076293945,38.310001373291016,27.61078564652606,32.93661160078659,38.04423030495669,38.788104872334614,39.7926485296988,1.22,6.0,-0.98
PRO,2024-04-10,37.31999969482422,37.400001525878906,36.02000045776367,36.2400016784668,31.919041859238025,34.78551487598925,38.183169736998394,39.34596753563446,40.18029209311184,1.24,10.0,-1.01
PRO,2024-04-11,36.54999923706055,36.630001068115234,36.029998779296875,36.529998779296875,31.877262174255357,34.7632992446118,38.09556326906101,39.355005884569614,40.18236177387488,1.25,9.0,-1.04
PRO,2024-04-12,36.27000045776367,36.369998931884766,35.5,35.7400016784668,32.530647597906025,35.06496513288152,38.23789148333287,38.40667304198921,40.20540478929643,1.26,12.0,-1.07
PRO,2024-04-15,35.83000183105469,35.83000183105469,33.810001373291016,33.959999084472656,35.673086931559276,36.60901467615808,38.89363761613939,38.854548583964274,40.410358697811496,1.27,22.0,-1.08
PRO,2024-04-16,33.81999969482422,34.2599983215332,33.150001525878906,33.66999816894531,35.54148496240679,36.325109855149584,38.83969991790457,38.862267077791536,40.38091639689657,1.27,22.0,-1.1
PRO,2024-04-17,34.0099983215332,34.220001220703125,33.68000030517578,33.68000030517578,34.18344401928188,35.63933270256368,38.73338481848878,38.681265326427535,40.338485002454355,1.28,18.0,-1.12
PRO,2024-04-18,33.709999084472656,34.119998931884766,33.38999938964844,33.47999954223633,33.6878626723737,35.62010785451021,38.68676339854964,38.663481676926956,40.34308454322631,1.28,18.0,-1.13
PRO,2024-04-19,33.279998779296875,33.66999816894531,32.88999938964844,33.279998779296875,33.21073202428553,35.36669625605628,38.61980376509905,38.473736357005436,40.34870660855296,1.29,18.0,-1.15
PRO,2024-04-22,33.619998931884766,33.709999084472656,32.79999923706055,33.630001068115234,33.337786828770774,35.44231353759367,38.333447384048675,38.43504970570601,40.129273948637845,1.29,13.0,-1.17
PRO,2024-04-23,33.65999984741211,34.439998626708984,33.40999984741211,34.27000045776367,33.88931253525878,35.650664757236086,38.45561592729272,38.2856223464711,39.851229277936454,1.3,16.0,-1.19
PRO,2024-04-24,34.18000030517578,34.709999084472656,33.790000915527344,34.619998931884766,34.02931875429952,35.608159326519164,38.321733938921184,38.28511689380703,39.732614692445836,1.31,13.0,-1.21
PRO,2024-04-25,34.11000061035156,34.189998626708984,33.650001525878906,33.93000030517578,34.382909947109134,35.79174556256239,38.42684667101964,38.185726448724516,39.673931038844415,1.31,17.0,-1.22
PRO,2024-04-26,34.060001373291016,34.540000915527344,33.77000045776367,33.97999954223633,33.693818148010386,34.61969268703145,36.841504214685735,38.15940910680106,39.5922664038663,1.35,1.0,-1.12
PRO,2024-04-29,34.13999938964844,34.52000045776367,34.0099983215332,34.29999923706055,33.82054668867106,33.941878679134035,36.779993062174945,38.01287974313464,39.600570817192136,1.38,1.0,-1.05
PRO,2024-04-30,34.310001373291016,34.310001373291016,32.720001220703125,32.75,36.330398162808045,35.160052098803455,37.289573750459084,38.36749275571838,39.866250592877925,1.4,3.0,-1.06
PRO,2024-05-01,32.91999816894531,33.779998779296875,32.52000045776367,32.880001068115234,36.21511336572278,34.829636698527594,37.259940302242704,38.371132455629485,39.84514445733348,1.43,3.0,-1.08
PRO,2024-05-02,33.22999954223633,33.540000915527344,32.90999984741211,33.47999954223633,36.35686515542055,35.00249522761531,37.285642247298526,38.43394645858113,39.597429756701686,1.45,4.0,-1.1
PRO,2024-05-03,34.43000030517578,34.43000030517578,32.75,32.88999938964844,35.53859555606969,35.05747666427882,37.35816776037498,38.35504282868436,39.46022643559447,1.47,6.0,-1.12
PRO,2024-05-06,33.2599983215332,33.4900016784668,32.7599983215332,32.90999984741211,35.54326030865965,34.21028034601402,37.35253567624004,38.33195039859659,39.21557436690772,1.48,6.0,-1.15
PRO,2024-05-07,32.79999923706055,33.0099983215332,32.34000015258789,32.970001220703125,35.443145708711455,33.91450856819069,37.354407845553546,38.29152559702219,39.162453402394064,1.5,7.0,-1.17
PRO,2024-05-08,33.209999084472656,33.209999084472656,30.40999984741211,30.559999465942383,41.16828183258058,37.14996813888524,38.24968803286194,39.32032853006612,39.745035907355245,1.51,21.0,-1.18
PRO,2024-05-09,30.670000076293945,31.200000762939453,30.549999237060547,30.760000228881836,40.40183247068882,36.79628704685407,38.2719047463941,39.25750508314014,39.67780270396364,1.51,22.0,-1.18
PRO,2024-05-10,30.889999389648438,31.040000915527344,30.40999984741211,30.75,39.70627132915866,36.24200111198087,38.23607063661392,39.17044099987134,39.6516748232425,1.51,20.0,-1.19
PRO,2024-05-13,31.059999465942383,31.25,30.559999465942383,30.6299991607666,39.64667921908352,35.84818780006145,38.23185529992879,38.849659380751355,39.43143358692547,1.52,20.0,-1.2
PRO,2024-05-14,31.030000686645508,31.329999923706055,30.3799991607666,30.90999984741211,39.301609456619666,34.44515589246572,38.26260311067593,38.85583879804136,39.418798417115056,1.52,24.0,-1.21
PRO,2024-05-15,31.489999771118164,31.639999389648438,30.969999313354492,31.020000457763672,38.485572294638104,34.412441064418495,37.99232664901916,38.81255304930441,39.21875242666154,1.53,14.0,-1.22
PRO,2024-05-16,30.959999084472656,31.31999969482422,30.729999542236328,31.059999465942383,36.153456334233134,33.08834636531204,37.710472516332345,38.80527565622617,39.17649070019791,1.54,11.0,-1.24
PRO,2024-05-17,31.229999542236328,31.540000915527344,30.739999771118164,31.459999084472656,36.457350875558284,33.18125988965915,37.78001271339827,38.577610372723804,38.97688538451426,1.54,12.0,-1.26
PRO,2024-05-20,31.489999771118164,32.43000030517578,31.489999771118164,32.43000030517578,37.91881068549819,33.804520291826876,38.126358675210845,38.55232094940907,38.88887341547172,1.55,22.0,-1.26
PRO,2024-05-21,32.130001068115234,32.130001068115234,31.290000915527344,31.479999542236328,38.26230329379603,34.04196089890507,38.37873093014761,38.70576010090431,39.00450420757054,1.54,31.0,-1.26
PRO,2024-05-22,31.25,32.0099983215332,30.6200008392334,30.68000030517578,35.84402344358905,34.045117505496954,38.55750677373267,38.816130844140616,39.08844060433355,1.54,35.0,-1.25
PRO,2024-05-23,30.829999923706055,31.270000457763672,30.389999389648438,31.190000534057617,36.20635102726514,34.172949247044485,38.53544810140264,38.80138776372133,39.08285859470663,1.54,34.0,-1.24
PRO,2024-05-24,31.299999237060547,31.579999923706055,30.90999984741211,31.170000076293945,35.88207619819126,34.15075732069867,35.2016647499694,38.74666467869384,38.75249896267965,1.59,1.0,-0.89
PRO,2024-05-28,31.6299991607666,32.869998931884766,31.229999542236328,31.920000076293945,33.9552441879754,34.528603418690736,35.36427761165557,38.85144460867078,38.63133349302672,1.64,2.0,-0.71
PRO,2024-05-29,31.59000015258789,31.700000762939453,30.25,30.729999542236328,35.48152208921852,35.21174710212626,35.49125307781146,39.09330668864136,38.81827012006194,1.67,3.0,-0.62
PRO,2024-05-30,30.600000381469727,30.670000076293945,30.0,30.079999923706055,35.858238646421285,34.78668549169177,35.524384442466946,39.15168599912114,38.770597077483,1.71,4.0,-0.56
PRO,2024-05-31,30.350000381469727,30.469999313354492,29.149999618530273,29.479999542236328,36.16807341699434,34.69258974314222,34.740678417936294,39.057889446504326,38.67136204736551,1.75,1.0,-0.38
PRO,2024-06-03,29.969999313354492,29.979999542236328,29.100000381469727,29.149999618530273,36.22237322707051,34.47419275647255,34.76739381340393,39.02553108049027,38.31467672799828,1.79,2.0,-0.28
PRO,2024-06-04,28.959999084472656,29.40999984741211,28.149999618530273,28.360000610351562,36.53569437198681,34.78711238237907,34.95543902355677,39.151519446967555,38.353357039674435,1.82,3.0,-0.24
PRO,2024-06-05,28.670000076293945,28.8799991607666,28.219999313354492,28.34000015258789,35.8273622515265,34.78399709097381,34.95575350502731,38.98289304817382,38.30407537200205,1.85,4.0,-0.23
PRO,2024-06-06,28.170000076293945,28.940000534057617,27.989999771118164,28.56999969482422,35.74919971063501,34.837569786253844,34.8499153213863,38.905111017863206,38.2803585654947,1.87,3.0,-0.23
PRO,2024-06-07,28.239999771118164,28.6200008392334,27.739999771118164,28.040000915527344,35.704547831670006,34.95050596863281,34.93388943211145,38.709525955218645,38.3082555114927,1.9,4.0,-0.24
PRO,2024-06-10,27.780000686645508,27.969999313354492,27.489999771118164,27.610000610351562,35.719089839094934,34.76874497151862,34.997275343543656,38.685737929653065,38.31921072000558,1.92,7.0,-0.27
PRO,2024-06-11,27.3799991607666,27.989999771118164,27.170000076293945,27.729999542236328,35.54887966762272,34.80760807989109,34.99742993375741,38.68938584739517,38.27469085912299,1.94,8.0,-0.32
PRO,2024-06-12,28.770000457763672,29.1200008392334,27.84000015258789,27.940000534057617,33.77465820132258,34.878020755871354,34.804853303442115,38.69493935416412,38.19522951977194,1.97,3.0,-0.35
PRO,2024-06-13,27.950000762939453,27.950000762939453,26.520000457763672,26.790000915527344,35.276395112194436,35.70800461430552,34.90312873457911,38.87388789853563,38.342094386855685,1.99,5.0,-0.38
PRO,2024-06-14,26.5,26.860000610351562,26.309999465942383,26.639999389648438,34.48185996568018,35.49139068628141,34.894168700845704,36.69553658374704,38.34544142477434,2.0,5.0,-0.42
PRO,2024-06-17,26.489999771118164,27.690000534057617,26.389999389648438,27.6200008392334,36.5771750277174,35.833991687331725,35.30793300433066,36.88816741405788,38.51422306680507,2.01,13.0,-0.46
PRO,2024-06-18,27.56999969482422,28.459999084472656,27.530000686645508,28.1299991607666,37.20127855350781,36.1234926747681,35.46240367797384,36.95581237608943,38.431488666494324,2.02,15.0,-0.5
PRO,2024-06-20,28.149999618530273,28.360000610351562,27.610000610351562,28.15999984741211,37.18947313965202,36.09309458769429,35.44379961179986,36.955466179501926,38.41355385269781,2.03,15.0,-0.54
PRO,2024-06-21,28.149999618530273,28.850000381469727,27.90999984741211,28.579999923706055,30.991313099967556,36.16330367305501,35.4646084277318,36.934309166004915,38.38761074926548,2.04,17.0,-0.56
PRO,2024-06-24,28.399999618530273,28.829999923706055,28.350000381469727,28.690000534057617,30.935169341884016,35.7328250303184,35.4630149725069,36.9359360256547,38.372482437274414,2.05,17.0,-0.59
PRO,2024-06-25,28.709999084472656,28.940000534057617,28.110000610351562,28.299999237060547,31.10215677891975,35.431588806388774,34.85796286355243,36.93874849262015,38.344183605311535,2.05,5.0,-0.6
PRO,2024-06-26,28.190000534057617,28.530000686645508,27.889999389648438,28.219999313354492,31.100284641167274,35.41008539039622,34.37820117202456,36.608936358685916,38.264490045571996,2.06,1.0,-0.61
PRO,2024-06-27,28.329999923706055,28.729999542236328,28.200000762939453,28.59000015258789,31.250533287520238,35.236380716528394,34.43116790889985,36.64629375932916,38.27993814370535,2.07,2.0,-0.62
PRO,2024-06-28,28.959999084472656,29.040000915527344,28.280000686645508,28.649999618530273,31.22846274382457,34.80630583789868,34.2418438947928,36.64437780537336,37.97685539855791,2.07,1.0,-0.63
PRO,2024-07-01,28.75,28.75,26.479999542236328,26.520000457763672,37.94282608745348,36.7558976926993,36.225598275275885,37.7341134330934,38.749911613805594,2.05,25.0,-0.62
PRO,2024-07-02,26.709999084472656,27.110000610351562,26.450000762939453,27.049999237060547,38.2846376796522,37.075205817808126,36.35052342666726,37.79804664039649,38.5788961061135,2.03,26.0,-0.6
PRO,2024-07-03,27.110000610351562,27.34000015258789,26.90999984741211,27.030000686645508,36.8186047683565,37.06118031281076,35.82666783680658,37.781900091907595,38.44640921543198,2.0,25.0,-0.62
PRO,2024-07-05,26.93000030517578,27.100000381469727,26.440000534057617,26.639999389648438,36.22868807038499,36.950604135760415,35.67900864964342,37.814411627549674,38.43567205394685,1.97,25.0,-0.63
PRO,2024-07-08,26.809999465942383,26.920000076293945,26.34000015258789,26.700000762939453,35.77958640268628,35.514670549697456,35.683053851777416,37.81657194019951,38.435089043036726,1.95,26.0,-0.65
PRO,2024-07-09,25.969999313354492,26.309999465942383,24.389999389648438,24.75,40.710353526374476,38.24630605511043,37.279560462362724,38.828258567259894,39.16435723304063,1.91,33.0,-0.62
PRO,2024-07-10,24.8799991607666,24.90999984741211,23.510000228881836,23.549999237060547,42.417428943475755,39.13928928583225,37.63480810018096,39.23878151634993,39.2022279043308,1.88,39.0,-0.6
PRO,2024-07-11,24.229999542236328,25.309999465942383,23.799999237060547,25.229999542236328,47.22411548628149,41.039424290842916,39.16872627382947,40.088790681098565,39.73066949378637,1.84,75.0,-0.63
PRO,2024-07-12,25.729999542236328,26.06999969482422,24.799999237060547,25.020000457763672,46.35285927733456,41.03862668276808,38.398581687758224,40.08148849308044,39.71904554682988,1.78,63.0,-0.85
PRO,2024-07-15,25.399999618530273,26.09000015258789,24.940000534057617,25.1299991607666,46.252604147926085,41.06950333254115,38.3826600675366,40.081263602907,39.64822427498715,1.72,62.0,-1.12
PRO,2024-07-16,25.3799991607666,25.81999969482422,25.149999618530273,25.809999465942383,46.99374816271561,41.57514869759844,38.01476817184802,40.217138230701,39.64686792934573,1.71,47.0,-1.11
PRO,2024-07-17,25.43000030517578,25.8700008392334,24.950000762939453,25.040000915527344,47.55425467120163,41.913246127082495,38.25184390224277,40.30213801107557,39.58289493260494,1.7,57.0,-1.1
PRO,2024-07-18,24.790000915527344,25.139999389648438,23.719999313354492,23.729999542236328,49.20973730206913,42.970182187770924,39.089316696761365,40.77142789113978,39.90090578740478,1.7,79.0,-1.1
PRO,2024-07-19,23.729999542236328,23.8799991607666,23.31999969482422,23.59000015258789,49.184727697311445,42.66169270457872,38.909519871867566,40.75905976150685,39.88180528002755,1.69,77.0,-1.09
PRO,2024-07-22,23.75,24.139999389648438,23.290000915527344,23.959999084472656,49.4195690728289,42.764543407151734,38.817717984831155,40.681845692750116,39.89693879267387,1.68,75.0,-1.09
PRO,2024-07-23,23.84000015258789,24.899999618530273,23.739999771118164,24.799999237060547,50.60656801731407,43.45909083351465,39.2331009502371,39.84024526353743,40.051275654298465,1.68,83.0,-1.08
PRO,2024-07-24,24.690000534057617,25.479999542236328,24.610000610351562,24.639999389648438,50.4981877841521,43.43729614978627,39.21694012542643,39.618096853079834,40.05123042292439,1.68,83.0,-1.08
PRO,2024-07-25,24.770000457763672,26.649999618530273,24.399999618530273,26.09000015258789,53.472484523083374,45.19899212001863,40.36554327083258,40.192294433014844,40.474970375267965,1.7,100.0,-1.07
PRO,2024-07-26,26.56999969482422,26.56999969482422,25.389999389648438,25.540000915527344,53.67688101088225,44.50028645337195,40.411016258827374,40.2588252673177,39.782924606272886,1.72,100.0,-1.07
PRO,2024-07-29,25.540000915527344,25.899999618530273,25.1200008392334,25.309999465942383,52.42918870406217,44.47892741994543,40.10481548399709,40.246126715531624,39.77084267201288,1.73,98.0,-1.06
PRO,2024-07-30,25.579999923706055,26.15999984741211,25.100000381469727,25.469999313354492,52.469446888722615,44.29012926671033,39.984774744622335,40.25485764621505,39.77418629740426,1.73,97.0,-1.07
PRO,2024-07-31,25.43000030517578,25.43000030517578,23.389999389648438,24.100000381469727,53.45351058554115,45.42109345631353,40.688243194493204,40.66640809485184,40.00241203184712,1.75,100.0,-1.04
PRO,2024-08-01,24.260000228881836,24.459999084472656,23.450000762939453,23.559999465942383,53.25042191565461,45.54456209542145,40.78025484163206,40.739479957210484,40.03750815677472,1.77,100.0,-1.02
PRO,2024-08-02,22.25,22.8799991607666,21.8799991607666,22.639999389648438,54.09740992544647,46.05297000966207,41.16374121992402,40.82906064368638,40.09367213091133,1.79,100.0,-0.98
PRO,2024-08-05,21.469999313354492,21.709999084472656,20.469999313354492,20.950000762939453,57.34968543295761,46.16220045508416,42.73820080162606,41.26029556831909,40.766890903476394,1.86,100.0,-0.65
PRO,2024-08-06,20.950000762939453,20.950000762939453,19.950000762939453,19.979999542236328,58.165157461301284,46.84082583527297,43.25007210016086,41.51714058857351,40.85404008911951,1.93,100.0,-0.29
PRO,2024-08-07,20.200000762939453,20.75,19.440000534057617,19.530000686645508,58.24689794264993,46.92621356365818,43.230185900408955,41.57863266456269,40.88376702822112,2.0,99.0,-0.07
PRO,2024-08-08,19.8700008392334,20.469999313354492,19.389999389648438,20.079999923706055,59.34706725349058,47.47759603102523,43.55375939390744,41.61893478366642,40.897629758234075,2.07,100.0,0.13
PRO,2024-08-09,20.079999923706055,20.15999984741211,18.68000030517578,18.850000381469727,60.72403323935326,48.72426369917415,44.49764649275973,42.16440219916866,41.33511399386427,2.17,100.0,0.47
PRO,2024-08-12,18.899999618530273,19.209999084472656,18.700000762939453,18.950000762939453,60.80409773840925,48.74353949713267,44.52026082246416,42.139171443735584,41.25063594384778,2.27,100.0,0.65
PRO,2024-08-13,19.0,19.459999084472656,18.809999465942383,19.010000228881836,57.906985630532844,48.7606392732922,44.42103376212552,42.12957062640514,41.224572976912285,2.35,98.0,0.69
PRO,2024-08-14,19.110000610351562,19.25,18.760000228881836,18.8700008392334,57.17849561880921,48.5647903552866,44.078177470557904,42.078190966054294,41.226972255236014,2.43,97.0,0.63
PRO,2024-08-15,19.420000076293945,19.59000015258789,18.93000030517578,19.030000686645508,57.39721717306846,48.01978703404768,44.1297770336366,41.964851431858825,41.241155674419325,2.5,97.0,0.56
PRO,2024-08-16,18.90999984741211,19.329999923706055,18.850000381469727,19.0,57.464379200402206,47.84405310356604,44.124412423225365,41.9614656777029,41.165190694273385,2.56,96.0,0.47
PRO,2024-08-19,19.110000610351562,19.700000762939453,18.959999084472656,19.5,58.35382625312408,48.21663274919186,44.375078799364324,41.995505013719836,41.252490965822794,2.64,97.0,0.37
PRO,2024-08-20,19.5,19.770000457763672,19.010000228881836,19.219999313354492,54.99444147775928,47.97413182112003,44.129568210376725,41.99560998065205,41.23523503683985,2.7,95.0,0.22
PRO,2024-08-21,19.329999923706055,19.440000534057617,18.719999313354492,19.079999923706055,53.58437570058344,47.949492318411515,43.92098911887992,41.13877623860486,41.23797261338411,2.76,92.0,0.06
PRO,2024-08-22,19.1200008392334,19.270000457763672,18.65999984741211,18.719999313354492,48.58542956773693,47.5318186117679,43.94549605452395,41.109906033562304,41.21361325911006,2.82,92.0,-0.08
PRO,2024-08-23,18.93000030517578,19.43000030517578,18.829999923706055,19.149999618530273,49.499588327930496,47.57252486103244,44.05734658660789,41.162893848594834,41.22279322542597,2.88,92.0,-0.21
PRO,2024-08-26,19.3799991607666,19.68000030517578,19.049999237060547,19.149999618530273,49.413424102264166,47.51518872048648,43.81295287046124,41.152901047070564,41.02193986515457,2.93,89.0,-0.34
PRO,2024-08-27,19.270000457763672,19.270000457763672,18.989999771118164,19.200000762939453,48.38099898068264,47.4858445919235,43.21705709658598,41.12178041658283,41.013833260776536,2.97,85.0,-0.45
PRO,2024-08-28,19.1200008392334,19.5,18.940000534057617,19.040000915527344,47.99238727694914,47.47885398453486,43.1818274571095,41.12054752730444,40.97961459497305,3.01,84.0,-0.55
PRO,2024-08-29,19.299999237060547,20.31999969482422,19.1200008392334,20.010000228881836,48.99044714098907,48.682769950696944,44.08861815965394,41.59593810321019,41.302196716058695,3.06,93.0,-0.65
PRO,2024-08-30,20.18000030517578,20.40999984741211,19.93000030517578,20.1299991607666,49.10670692147808,48.73197038455465,44.05039585557638,41.61095027320315,41.12128701232615,3.11,90.0,-0.74
PRO,2024-09-03,19.950000762939453,20.079999923706055,18.280000686645508,18.34000015258789,54.86302948960235,51.82523696943866,45.49706755186092,42.4381595613524,41.992967025566095,3.18,100.0,-0.78
PRO,2024-09-04,18.110000610351562,18.510000228881836,17.989999771118164,18.489999771118164,53.570432042095895,51.86672504049523,45.49852552658553,42.4584656070652,42.00686585662368,3.26,100.0,-0.83
PRO,2024-09-05,18.40999984741211,18.40999984741211,17.610000610351562,17.8700008392334,54.01868782168885,52.13766219889329,45.6429253151203,42.5800236041484,42.124237297603,3.33,100.0,-0.87
PRO,2024-09-06,17.969999313354492,18.139999389648438,17.610000610351562,17.81999969482422,50.12511290736735,52.09040033873733,45.09420960208451,42.57510716431972,42.087928853486225,3.39,97.0,-0.94
PRO,2024-09-09,17.770000457763672,17.979999542236328,17.209999084472656,17.40999984741211,50.15772766167117,52.096448373201376,45.17217956538252,42.621208570201354,42.110769034868454,3.44,97.0,-1.0
PRO,2024-09-10,17.420000076293945,17.56999969482422,17.059999465942383,17.100000381469727,50.16675568113044,51.65430079519175,45.194276713146984,42.531720265736375,42.13841287418699,3.5,97.0,-1.06
PRO,2024-09-11,16.969999313354492,17.209999084472656,16.639999389648438,17.0,49.881608206383106,51.65393980059797,45.19432107702848,42.36765522129942,42.13516192250513,3.55,97.0,-1.12
PRO,2024-09-12,17.239999771118164,17.5,16.8799991607666,17.209999084472656,48.7920090883666,51.02123335040303,45.29534117336413,42.406763328920796,42.15360776824877,3.61,97.0,-1.18
PRO,2024-09-13,17.84000015258789,18.399999618530273,17.59000015258789,17.84000015258789,50.52465896244796,51.533933786767385,45.718449337854025,42.668770651214274,42.235420281358415,3.66,100.0,-1.22
PRO,2024-09-16,17.850000381469727,18.059999465942383,17.049999237060547,17.299999237060547,50.11367440491382,51.71759981331242,45.700630908227986,42.78098341608565,42.2875986655255,3.72,99.0,-1.27
PRO,2024-09-17,17.829999923706055,18.510000228881836,17.309999465942383,18.399999618530273,49.79374375616264,53.46570621404179,46.90296512476966,43.49179764057108,42.7716729459304,3.8,100.0,-1.27
PRO,2024-09-18,18.31999969482422,18.459999084472656,17.40999984741211,17.809999465942383,48.85616744160434,53.66126906798393,47.03785120963176,43.56506562841,42.75742795850314,3.87,100.0,-1.28
PRO,2024-09-19,18.350000381469727,19.209999084472656,18.25,19.209999084472656,53.636798263865636,56.31230413421149,48.79758469003935,43.090915656729216,43.40087590295628,3.97,100.0,-1.2
PRO,2024-09-20,19.270000457763672,19.34000015258789,18.530000686645508,18.610000610351562,53.6789311436285,56.54382368028915,48.910460435994004,43.204332919271835,43.351010650246074,4.07,100.0,-1.14
PRO,2024-09-23,18.6299991607666,18.670000076293945,18.200000762939453,18.399999618530273,50.60097752504189,56.39669010826659,48.493632305655886,43.07269379682527,43.32653513743795,4.15,98.0,-1.13
PRO,2024-09-24,18.559999465942383,19.010000228881836,18.350000381469727,18.610000610351562,50.69476351113293,56.49463618265207,48.54549799108786,43.06700538325295,43.34603341797356,4.24,98.0,-1.14
PRO,2024-09-25,18.420000076293945,18.760000228881836,18.40999984741211,18.6200008392334,50.6835337980737,54.59139042036421,48.40646724010004,42.62047424524717,43.33999950922658,4.31,96.0,-1.16
PRO,2024-09-26,19.030000686645508,19.25,18.84000015258789,19.139999389648438,51.28994886667799,54.77009005988616,48.6566135672275,42.77641605044421,43.36799711624414,4.39,98.0,-1.17
PRO,2024-09-27,19.389999389648438,19.469999313354492,18.65999984741211,18.850000381469727,51.42997301647494,54.79407282615153,48.6718634822804,42.77010739856312,41.98509829000766,4.46,98.0,-1.19
PRO,2024-09-30,18.739999771118164,18.93000030517578,18.190000534057617,18.520000457763672,51.67491698777855,54.81860775986655,48.6947844064285,42.803405885828916,41.96907026402974,4.53,98.0,-1.21
PRO,2024-10-01,18.469999313354492,18.649999618530273,17.940000534057617,18.030000686645508,51.558192663671484,54.953873081443085,47.50391618163314,42.817000791729924,42.03772995657925,4.58,92.0,-1.25
PRO,2024-10-02,18.020000457763672,18.309999465942383,17.860000610351562,18.059999465942383,51.447826380021525,53.04186118959979,47.47944314866014,42.81731230986109,42.037946810551276,4.63,91.0,-1.29
PRO,2024-10-03,17.780000686645508,18.049999237060547,17.670000076293945,17.799999237060547,51.55351075758745,52.26690852171981,47.494770531594035,42.83642264118033,42.0182431950994,4.67,91.0,-1.33
PRO,2024-10-04,18.18000030517578,18.479999542236328,17.8799991607666,18.360000610351562,52.17747956021361,50.53574583055892,47.84545514466752,43.02260144277028,42.15128399658164,4.72,92.0,-1.36
PRO,2024-10-07,18.25,18.25,17.559999465942383,17.81999969482422,52.35645734003196,50.78273729733939,47.95027936826525,43.02060019601478,42.227120138620286,4.77,92.0,-1.39
PRO,2024-10-08,17.81999969482422,18.270000457763672,17.760000228881836,17.959999084472656,52.436685966502736,50.816662419410086,47.97562293578023,42.82233274542052,42.01893787064332,4.81,92.0,-1.41
PRO,2024-10-09,17.770000457763672,18.56999969482422,17.770000457763672,18.280000686645508,52.73571990662986,50.604600736574604,48.10451056233517,42.89513299131401,42.06775324120017,4.85,92.0,-1.43
PRO,2024-10-10,18.010000228881836,18.579999923706055,18.010000228881836,18.469999313354492,52.80691065410535,50.44789021938637,48.08256718504602,42.87086901079506,42.086368132737036,4.89,91.0,-1.44
PRO,2024-10-11,18.3799991607666,18.829999923706055,18.270000457763672,18.649999618530273,50.70021999602107,49.50051096517601,47.80315673985999,42.900039044556074,42.10019432255175,4.93,87.0,-1.46
PRO,2024-10-14,18.700000762939453,18.829999923706055,18.3799991607666,18.59000015258789,50.63902650521593,49.49916859494981,47.64653824859718,42.88611956389718,42.090152451352445,4.96,86.0,-1.47
PRO,2024-10-15,18.5,18.84000015258789,18.31999969482422,18.65999984741211,42.77149883479513,49.3591295535967,47.55391032879789,42.849384816177285,42.086618523767726,4.99,85.0,-1.48
PRO,2024-10-16,18.829999923706055,19.010000228881836,18.5,18.969999313354492,42.96731397698058,48.89350478068912,47.55379548168707,42.911256340337786,42.12873888848765,5.02,84.0,-1.49
PRO,2024-10-17,18.989999771118164,19.600000381469727,18.530000686645508,19.510000228881836,42.34546306326145,49.34333568447179,47.8379012943566,42.79399159493608,42.23751379777732,5.01,87.0,-1.48
PRO,2024-10-18,19.649999618530273,19.8799991607666,19.3700008392334,19.68000030517578,42.34119491703356,47.75489525242064,47.6689680602874,42.589008918432256,42.249693078997986,5.01,85.0,-1.47
PRO,2024-10-21,19.6200008392334,19.75,18.280000686645508,18.639999389648438,44.90987966998202,48.71373745116471,48.02644657262231,42.994998299132114,42.568415829393544,5.01,90.0,-1.45
PRO,2024-10-22,18.6200008392334,18.6200008392334,17.969999313354492,17.989999771118164,45.87333323549192,49.101781864023856,48.20093481773225,43.0853642065252,42.67602767016393,5.0,92.0,-1.43
PRO,2024-10-23,17.860000610351562,18.0,17.489999771118164,17.690000534057617,46.13912506746163,49.08921204288183,48.177423457478035,43.090700322992845,42.687786388651425,4.99,91.0,-1.41
PRO,2024-10-24,17.829999923706055,18.190000534057617,17.75,18.139999389648438,46.55228867661291,48.40724574292917,48.404768579042404,43.20616378200365,42.77151919871648,4.97,92.0,-1.38
PRO,2024-10-25,18.25,18.610000610351562,18.149999618530273,18.559999465942383,45.867302551986725,48.58653627830126,48.46296339452793,43.065801629764294,42.84481189304388,4.95,93.0,-1.35
PRO,2024-10-28,18.81999969482422,19.40999984741211,18.709999084472656,19.06999969482422,45.416058255740914,48.41296353680821,48.71506070752779,43.12633702901758,42.90833540271019,4.93,98.0,-1.32
PRO,2024-10-29,18.989999771118164,19.559999465942383,18.81999969482422,19.3799991607666,42.12708053480749,45.98368011147056,48.7823562738495,43.18622839093711,42.94571969199163,4.91,98.0,-1.29
PRO,2024-10-30,23.0,23.0,20.40999984741211,20.850000381469727,45.63720141943406,47.4325501698976,50.22805430761341,44.019475613744916,43.5881010192496,4.9,100.0,-1.24
PRO,2024-10-31,20.799999237060547,21.0,19.559999465942383,19.799999237060547,43.43361843378615,48.40332915872308,50.7833155702542,44.237151172717155,43.79040154660409,4.9,100.0,-1.19
PRO,2024-11-01,20.09000015258789,21.100000381469727,20.020000457763672,20.950000762939453,45.143899866011104,49.44623443445429,51.65007580036725,44.696680376318625,43.47344358174265,4.91,100.0,-1.13
PRO,2024-11-04,20.81999969482422,21.34000015258789,20.5,20.729999542236328,45.12116714416419,47.68515611583981,51.63769094638384,44.32106881244075,43.33310234585125,4.9,99.0,-1.07
PRO,2024-11-05,20.670000076293945,21.459999084472656,20.440000534057617,21.31999969482422,45.61590566946264,47.98818064228229,51.48719576557961,44.457989125406414,43.41128340654775,4.9,98.0,-1.02
PRO,2024-11-06,22.739999771118164,23.299999237060547,22.010000228881836,23.100000381469727,50.58085583676544,50.59573008609263,53.12158362507674,45.20954624064534,44.18203114716834,4.91,100.0,-0.94
PRO,2024-11-07,23.040000915527344,24.049999237060547,23.040000915527344,23.260000228881836,50.211388383433764,50.55213117033804,52.79730767066436,45.214755582164216,44.17665550087315,4.92,99.0,-0.88
PRO,2024-11-08,23.170000076293945,23.170000076293945,21.959999084472656,22.479999542236328,51.20818581396128,51.12287358893188,52.94682772290904,45.372982472684996,44.293600005904,4.93,99.0,-0.81
PRO,2024-11-11,22.729999542236328,22.81999969482422,22.219999313354492,22.670000076293945,50.72230128257217,51.12754310866222,52.971369876620436,45.314250876386744,44.250125263550856,4.93,99.0,-0.76
PRO,2024-11-12,22.420000076293945,23.110000610351562,22.260000228881836,23.100000381469727,49.81478344347704,51.010362160960476,53.00764258857917,45.29315535785802,44.29755335919751,4.93,99.0,-0.71
PRO,2024-11-13,23.209999084472656,23.690000534057617,22.84000015258789,23.329999923706055,49.77719745610021,50.902003073327904,53.03377334019195,45.29326975204792,44.206061791543775,4.92,99.0,-0.66
PRO,2024-11-14,23.350000381469727,23.56999969482422,22.739999771118164,23.350000381469727,49.35683460523187,50.8572662205813,53.00291300169132,45.288743304867104,43.864624418124635,4.89,97.0,-0.63
PRO,2024-11-15,23.350000381469727,23.489999771118164,22.34000015258789,22.739999771118164,49.94369665887275,51.019499651865765,53.14589016564889,45.36757382552138,43.88925491451741,4.85,100.0,-0.63
PRO,2024-11-18,22.899999618530273,22.899999618530273,21.540000915527344,21.639999389648438,51.51582951678952,51.98330838617341,53.61775933279759,45.682421463679546,44.14509100701204,4.8,100.0,-0.64
PRO,2024-11-19,21.399999618530273,22.329999923706055,21.399999618530273,22.149999618530273,51.74565649134873,52.163205916037434,53.772255093814266,45.6257861106399,44.14285579090714,4.75,100.0,-0.68
PRO,2024-11-20,22.139999389648438,22.6200008392334,21.889999389648438,22.520000457763672,51.7270164453837,52.24366611163862,52.503072424095166,45.61467363088135,44.15276097878942,4.72,90.0,-0.67
PRO,2024-11-21,22.729999542236328,23.850000381469727,22.3700008392334,23.6299991607666,53.08267303800957,53.01118844746351,52.98757798185485,45.950246257021874,44.4028296478496,4.68,93.0,-0.66
PRO,2024-11-22,23.65999984741211,24.190000534057617,23.549999237060547,23.920000076293945,53.09369557701816,52.16904159580058,53.03116539748033,45.97083255315887,44.40809564813911,4.63,95.0,-0.68
PRO,2024-11-25,24.0,24.739999771118164,23.989999771118164,24.049999237060547,52.989760897658215,52.16779238167534,52.99826381724354,45.97905680654451,44.384938313436535,4.57,92.0,-0.73
PRO,2024-11-26,23.799999237060547,23.799999237060547,22.780000686645508,23.0,55.18397071186592,49.216019008058716,53.44540794439332,46.24643709335724,44.48807048601285,4.51,98.0,-0.79
PRO,2024-11-27,23.049999237060547,23.5,22.860000610351562,23.270000457763672,55.129583662172706,49.23469368374753,52.136122016355536,46.268589358494985,44.50713423642687,4.46,85.0,-0.81
PRO,2024-11-29,23.420000076293945,23.56999969482422,23.149999618530273,23.170000076293945,54.84254294121248,48.6289464437977,51.54292866715642,46.19318674926401,44.442741601430555,4.4,82.0,-0.81
PRO,2024-12-02,23.149999618530273,24.0,22.989999771118164,23.760000228881836,55.12637633783203,48.7909243171233,50.50793962439889,46.30691092242009,44.51487727214325,4.36,79.0,-0.78
PRO,2024-12-03,23.31999969482422,23.600000381469727,22.329999923706055,22.350000381469727,55.81547914175709,50.31668747874469,51.40249725925692,46.83056812791312,44.36679562317137,4.3,80.0,-0.77
PRO,2024-12-04,23.040000915527344,26.100000381469727,22.809999465942383,25.399999618530273,64.64286193142867,56.12394730947994,55.33067796982686,49.28767351076186,46.20303441649346,4.31,100.0,-0.74
PRO,2024-12-05,25.65999984741211,25.719999313354492,24.719999313354492,24.729999542236328,65.0826499619665,56.48358394598687,55.327136233697125,49.33745208241133,46.21602604894138,4.29,99.0,-0.74
PRO,2024-12-06,25.040000915527344,25.510000228881836,24.520000457763672,24.84000015258789,64.97330546208447,56.47068195816109,55.12433190627307,49.21231863448375,46.20773308530362,4.27,98.0,-0.76
PRO,2024-12-09,24.809999465942383,25.389999389648438,24.31999969482422,24.3700008392334,65.41460591334673,56.355309076849714,54.537317265786434,49.25309247727447,46.209173457676826,4.26,97.0,-0.77
PRO,2024-12-10,24.049999237060547,25.1200008392334,23.969999313354492,24.780000686645508,65.2344678087315,55.89990241898981,54.59008089930097,49.287273400146375,46.23976685721781,4.23,97.0,-0.79
PRO,2024-12-11,24.790000915527344,25.0,24.290000915527344,24.31999969482422,65.6721336594298,54.90002951244543,54.620591122570715,49.28952777732203,46.268838027979086,4.19,97.0,-0.83
PRO,2024-12-12,24.239999771118164,24.790000915527344,24.239999771118164,24.690000534057617,62.72720165266094,54.38589831297739,54.397063727986314,49.23124144375213,46.29906711170792,4.16,94.0,-0.88
PRO,2024-12-13,24.6299991607666,24.760000228881836,23.43000030517578,23.459999084472656,62.682109005446996,53.59388892192838,54.989428955372134,49.4976199286789,46.25619493632058,4.13,97.0,-0.93
PRO,2024-12-16,23.31999969482422,24.389999389648438,23.31999969482422,24.3799991607666,61.622985191470356,53.56317476259124,54.56845868308897,49.73116266938894,46.43211215418987,4.1,94.0,-0.95
PRO,2024-12-17,23.959999084472656,24.350000381469727,23.59000015258789,23.969999313354492,61.79165857123381,53.64637900762676,54.530986544159845,49.66877413828187,46.44556305055942,4.08,92.0,-0.98
PRO,2024-12-18,24.06999969482422,24.3700008392334,22.440000534057617,22.850000381469727,63.21329693498687,54.681162685661135,55.02903437228852,49.86716523835481,46.670180488710514,4.05,97.0,-1.03
PRO,2024-12-19,23.270000457763672,23.43000030517578,22.579999923706055,22.670000076293945,58.78354048384264,54.7275618674965,55.02712772535312,49.61912101722334,46.669490812884604,4.01,96.0,-1.11
PRO,2024-12-20,22.219999313354492,22.950000762939453,22.219999313354492,22.5,58.771711128572235,54.53506152655081,54.34947636005623,49.61507521620922,46.5806127712716,3.97,88.0,-1.17
PRO,2024-12-23,22.440000534057617,22.59000015258789,22.100000381469727,22.510000228881836,57.93292779152092,54.40893176007429,54.23532745987293,49.61413739137491,46.49025062797902,3.92,87.0,-1.24
PRO,2024-12-24,22.530000686645508,22.709999084472656,22.3799991607666,22.549999237060547,57.88148318118572,54.239872022128985,53.86733618338654,49.591723427146434,46.48954237343986,3.88,86.0,-1.31
PRO,2024-12-26,22.479999542236328,23.200000762939453,22.450000762939453,22.829999923706055,57.72780815857732,53.904467000234135,52.44511519599418,49.227145535257335,46.50947982214183,3.84,70.0,-1.32
PRO,2024-12-27,22.690000534057617,22.690000534057617,21.84000015258789,22.09000015258789,58.39586553236747,54.430929472023756,52.15586495431219,49.34180672443734,46.61097604331677,3.81,69.0,-1.32
PRO,2024-12-30,21.850000381469727,22.06999969482422,21.549999237060547,21.84000015258789,58.454806256555656,54.39095778456681,52.05484737532916,49.300348713557355,46.61956681532467,3.77,67.0,-1.32
PRO,2024-12-31,22.030000686645508,22.43000030517578,21.790000915527344,21.959999084472656,58.03532265805937,54.08917029296229,51.88429643566076,48.97256481488738,46.58029557448322,3.73,66.0,-1.32
PRO,2025-01-02,22.34000015258789,22.34000015258789,21.270000457763672,21.489999771118164,56.55559999752292,53.901970857268644,50.98874596642796,49.02001965686515,45.578599499380054,3.7,60.0,-1.3
PRO,2025-01-03,21.790000915527344,22.18000030517578,21.399999618530273,21.93000030517578,56.45292011646785,54.008561690682356,51.07386337186546,49.0929296540534,45.617034766617785,3.68,60.0,-1.27
PRO,2025-01-06,22.290000915527344,22.459999084472656,21.850000381469727,22.079999923706055,56.269731077892295,53.93132012613674,51.08025780987939,49.103105429882696,45.518171690903635,3.64,60.0,-1.24
PRO,2025-01-07,22.260000228881836,22.399999618530273,21.540000915527344,21.809999465942383,54.41325758595443,54.00194491461935,51.107959027458584,49.11544146205488,45.497530157812406,3.6,60.0,-1.22
PRO,2025-01-08,21.530000686645508,21.780000686645508,21.200000762939453,21.739999771118164,54.23031601436642,53.996029999323646,51.10084780868858,49.09187788594874,45.21316209500279,3.56,59.0,-1.19
PRO,2025-01-10,21.149999618530273,21.90999984741211,21.010000228881836,21.90999984741211,54.26732015430208,53.99286444826977,51.10890785978671,49.04180743972185,45.22133855018685,3.52,60.0,-1.15
PRO,2025-01-13,21.31999969482422,21.68000030517578,21.0,21.59000015258789,52.95420760013164,54.11053778799098,51.01946864663539,49.03981960902068,45.223837239601835,3.48,55.0,-1.11
PRO,2025-01-14,21.829999923706055,22.09000015258789,21.3799991607666,21.950000762939453,53.082865247680544,54.111208430040804,51.01736136530255,49.04744018415596,45.261185475986615,3.43,54.0,-1.08
PRO,2025-01-15,22.5,22.719999313354492,22.209999084472656,22.25,53.26645354547031,53.89902576710013,51.035067892122086,49.08185196511818,45.244867443517904,3.38,55.0,-1.04
PRO,2025-01-16,21.729999542236328,22.049999237060547,21.59000015258789,21.719999313354492,53.04989114759609,54.1487210050189,51.09331206039711,49.129100779914204,45.29437763385295,3.33,57.0,-1.01
PRO,2025-01-17,22.09000015258789,22.420000076293945,21.709999084472656,22.350000381469727,50.827677184882745,53.146682362947175,51.163997828922845,48.98963778239696,45.39662280494271,3.28,60.0,-0.97
PRO,2025-01-21,22.719999313354492,23.770000457763672,22.559999465942383,23.739999771118164,38.269508610916574,53.80468106526095,52.00715639583705,49.53921157913766,45.81553739832099,3.22,66.0,-0.95
PRO,2025-01-22,23.850000381469727,24.030000686645508,23.6299991607666,23.93000030517578,37.65740274385031,53.62232599144397,52.01533148406393,49.49647539804181,45.76123159559848,3.15,66.0,-0.98
PRO,2025-01-23,23.709999084472656,24.450000762939453,23.709999084472656,24.299999237060547,37.92833379299463,53.50322338758957,52.02886886257663,49.50170892748418,45.6629265640638,3.07,66.0,-1.04
PRO,2025-01-24,24.360000610351562,24.440000534057617,24.1200008392334,24.239999771118164,37.53261773440074,53.390793909035786,51.479063670079796,49.50104488903188,45.65751991055597,3.0,58.0,-1.05
PRO,2025-01-27,23.950000762939453,25.059999465942383,23.950000762939453,24.229999542236328,37.190692634499264,53.18947664369338,51.476227276764064,49.49951392924981,45.61010066932563,2.93,57.0,-1.07
PRO,2025-01-28,24.25,25.139999389648438,23.809999465942383,24.84000015258789,37.50360485046211,53.30464727227373,49.29606736745515,48.804210174020426,45.68582576103667,2.89,41.0,-1.04
PRO,2025-01-29,24.790000915527344,24.790000915527344,23.93000030517578,24.34000015258789,37.72724290188012,51.551330295587036,49.42803146622936,48.84819198204331,45.71934860972187,2.85,41.0,-1.02
PRO,2025-01-30,24.200000762939453,24.440000534057617,23.260000228881836,23.459999084472656,36.260871764832025,50.97046964554388,49.481465815241314,49.02850298432716,45.83157035431452,2.81,41.0,-0.99
PRO,2025-01-31,23.639999389648438,24.09000015258789,23.280000686645508,23.6200008392334,34.45843039391241,49.73992560574785,49.477652589742945,49.03747051302951,45.83388344005181,2.75,40.0,-0.99
PRO,2025-02-03,22.989999771118164,24.239999771118164,22.8799991607666,24.030000686645508,34.51101566654114,49.76604067643384,49.35139794504342,49.07139317347484,45.669096588845825,2.7,38.0,-0.99
PRO,2025-02-04,24.030000686645508,24.709999084472656,23.329999923706055,24.68000030517578,32.19878570030707,49.73664754834387,49.37249326672741,49.18050580692382,45.61807648868577,2.65,38.0,-1.01
PRO,2025-02-05,24.600000381469727,25.5,24.510000228881836,25.299999237060547,32.666731416753855,47.27310766961988,49.46177772032371,49.276396272638905,45.68542532545927,2.59,39.0,-1.05
PRO,2025-02-06,25.049999237060547,25.280000686645508,24.540000915527344,24.920000076293945,32.96608533941552,47.38145575532329,49.53602200308383,49.27601071745508,45.64420800402791,2.53,41.0,-1.1
PRO,2025-02-07,28.829999923706055,29.84000015258789,26.649999618530273,27.290000915527344,41.554602884957106,50.243999894468914,51.184916728966,50.33148554585668,46.55734887582709,2.48,55.0,-1.13
PRO,2025-02-10,27.34000015258789,27.850000381469727,26.940000534057617,27.389999389648438,41.53990491164159,50.23248877912096,50.87675379740395,50.21768848552255,46.53889994260826,2.42,43.0,-1.18
PRO,2025-02-11,27.1200008392334,27.469999313354492,26.979999542236328,27.06999969482422,41.830473330176005,50.21634861053887,50.11016999813784,50.14699653617855,46.403875753395276,2.39,39.0,-1.16
PRO,2025-02-12,27.1200008392334,27.440000534057617,26.739999771118164,27.290000915527344,40.19639762398929,50.20651955404103,49.7719054346422,50.116336951216724,46.36311803893178,2.36,38.0,-1.16
PRO,2025-02-13,27.360000610351562,27.360000610351562,26.790000915527344,27.260000228881836,39.89612139810508,50.211044453906204,48.44272493045196,50.11635334953283,46.36255931059219,2.36,20.0,-1.16
PRO,2025-02-14,27.329999923706055,27.389999389648438,26.889999389648438,26.959999084472656,40.25155654040353,49.92879762602936,48.170463229479104,50.04586467273858,46.28775346839266,2.37,16.0,-1.17
PRO,2025-02-18,27.079999923706055,27.260000228881836,26.690000534057617,27.25,39.34474764957558,48.73987790443147,48.122189406499686,49.86962137315658,46.20981839724505,2.37,16.0,-1.17
PRO,2025-02-19,26.979999542236328,27.18000030517578,26.200000762939453,26.459999084472656,40.60448463690845,49.03762317843422,48.39654045596905,49.9256756953491,46.233769373565146,2.38,20.0,-1.17
PRO,2025-02-20,26.389999389648438,26.479999542236328,26.030000686645508,26.329999923706055,40.732884329012094,48.98075115582514,48.412873461807465,49.87470923854549,45.95048909091855,2.38,22.0,-1.17
PRO,2025-02-21,26.559999465942383,26.559999465942383,25.459999084472656,25.670000076293945,41.41085998950501,48.376411740150445,48.47186526558572,49.94506873987874,46.00655425702107,2.38,25.0,-1.17
PRO,2025-02-24,25.790000915527344,25.809999465942383,24.84000015258789,25.299999237060547,41.74421211337121,48.431054509496356,48.464852802482014,49.87077844713773,45.78791822932663,2.38,25.0,-1.18
PRO,2025-02-25,25.239999771118164,25.360000610351562,24.6200008392334,25.020000457763672,41.995864537194265,48.48431490744575,48.4052140649956,49.88623539283848,45.79189023458242,2.38,22.0,-1.18
PRO,2025-02-26,25.170000076293945,25.270000457763672,24.690000534057617,25.0,41.636987915320326,47.558425028172046,48.17284404297866,49.875308493871955,45.79145046500666,2.37,17.0,-1.18
PRO,2025-02-27,24.989999771118164,25.219999313354492,24.459999084472656,24.510000228881836,42.082835392678085,47.70484605579131,48.31127600907251,49.880897734098276,45.77983638408867,2.36,19.0,-1.18
PRO,2025-02-28,24.239999771118164,24.40999984741211,23.8799991607666,24.18000030517578,42.262571282194045,47.78525994463183,48.3027608307514,49.87352213203132,45.736842075351184,2.35,18.0,-1.18
PRO,2025-03-03,24.309999465942383,24.670000076293945,23.780000686645508,23.790000915527344,41.88835394289715,47.63416050987505,48.18984867232443,49.90355883756653,45.74626671393823,2.35,16.0,-1.18
PRO,2025-03-04,23.229999542236328,23.84000015258789,22.799999237060547,23.520000457763672,41.36876689952228,45.96596934447813,47.962214902982794,49.909071665661216,45.75338283667009,2.35,7.0,-1.18
PRO,2025-03-05,23.5,25.149999618530273,23.329999923706055,25.0,41.45410016113441,39.681938949886266,48.84026478694424,50.203765295936506,46.17505175581265,2.34,29.0,-1.18
PRO,2025-03-06,24.600000381469727,24.809999465942383,23.899999618530273,24.06999969482422,42.95870921667251,40.06464045735599,49.21975520566163,50.39618647362693,46.30431758504942,2.33,29.0,-1.17
PRO,2025-03-07,23.899999618530273,24.100000381469727,22.0,22.790000915527344,45.52630071796947,41.5585318712949,50.03896768158087,50.60982828309189,46.48758616081331,2.31,38.0,-1.14
PRO,2025-03-10,22.209999084472656,22.610000610351562,21.520000457763672,21.850000381469727,46.97864969297868,42.23865899690284,50.512631083641125,50.78894572062277,46.618654075756815,2.29,41.0,-1.12
PRO,2025-03-11,21.84000015258789,22.1200008392334,20.969999313354492,21.200000762939453,47.599875283417234,42.45372568522859,50.75890380757805,50.902147716401146,46.66521539941024,2.26,41.0,-1.09
PRO,2025-03-12,21.540000915527344,21.670000076293945,21.0,21.18000030517578,46.79961332515635,42.321247747154665,50.758627925445886,50.864887510052355,46.65673836960049,2.23,40.0,-1.07
PRO,2025-03-13,20.989999771118164,21.209999084472656,19.889999389648438,20.139999389648438,48.41732118732496,43.28622195371293,51.353966890235334,51.18543303969895,46.90502742344418,2.2,55.0,-1.05
PRO,2025-03-14,20.450000762939453,21.059999465942383,20.34000015258789,20.610000610351562,48.24909383688982,42.455664341739926,51.291985152686195,51.25165218815743,46.96994559725843,2.18,54.0,-1.03
PRO,2025-03-17,20.260000228881836,21.079999923706055,20.260000228881836,21.030000686645508,48.67076713109496,41.86950936473301,51.370774247062776,51.31713290096703,47.0170707409711,2.15,55.0,-1.0
PRO,2025-03-18,20.8700008392334,20.979999542236328,20.270000457763672,20.530000686645508,48.5872404026526,41.99964557115328,50.768177571998365,51.35559499500538,47.014209525165285,2.12,38.0,-0.97
PRO,2025-03-19,20.600000381469727,21.260000228881836,20.3799991607666,20.969999313354492,48.299115789743915,41.19722421123963,50.52900473218893,51.42593936606862,47.07193297707833,2.1,35.0,-0.94
PRO,2025-03-20,20.780000686645508,21.06999969482422,20.510000228881836,20.670000076293945,47.496169044824974,41.26237262738633,50.50819520811912,50.65853610928113,47.087935805248364,2.08,33.0,-0.92
PRO,2025-03-21,20.229999542236328,20.799999237060547,20.209999084472656,20.600000381469727,47.4376756091991,41.24544184594012,50.37222989962267,50.596355622499246,47.07525938471425,2.06,31.0,-0.89
PRO,2025-03-24,21.030000686645508,21.530000686645508,20.940000534057617,21.15999984741211,38.899104798583956,41.650000527545096,50.41903135913819,50.70726005311518,47.13386835985864,2.04,31.0,-0.86
PRO,2025-03-25,21.170000076293945,21.399999618530273,21.030000686645508,21.18000030517578,38.83343775311714,41.647958086715015,50.249066827610115,50.68371709443732,47.036638875586064,2.03,29.0,-0.83
PRO,2025-03-26,21.200000762939453,21.34000015258789,20.709999084472656,20.950000762939453,38.82825716585301,41.601434224760425,50.22592226355972,50.69477569840403,47.04445156230743,2.01,27.0,-0.8
PRO,2025-03-27,20.90999984741211,21.1200008392334,20.59000015258789,20.700000762939453,38.51561109119448,41.14257772900128,48.905804559659586,49.931177346242116,47.04306437410926,2.03,15.0,-0.83
PRO,2025-03-28,20.700000762939453,20.700000762939453,19.579999923706055,19.889999389648438,39.437136748004924,41.85705586057137,48.624888917850114,49.810097347446394,47.16731959399972,2.04,14.0,-0.86
PRO,2025-03-31,19.469999313354492,19.469999313354492,18.780000686645508,19.030000686645508,40.629181396437076,42.729422728482206,48.27659869957191,49.3732034894317,47.27712042166488,2.07,6.0,-0.9
PRO,2025-04-01,18.989999771118164,19.290000915527344,18.6299991607666,19.219999313354492,40.593284513201056,42.61166726934597,48.28251589442983,49.38522055186547,47.23695170255447,2.09,7.0,-0.92
PRO,2025-04-02,18.84000015258789,19.549999237060547,18.84000015258789,19.219999313354492,40.36825581782134,42.36383975621243,48.06113915834763,49.38062995727041,47.23552266875637,2.11,2.0,-0.95
PRO,2025-04-03,18.170000076293945,18.40999984741211,17.790000915527344,18.1200008392334,42.67125386479907,43.88208577294114,47.141728690421,49.730714994191395,47.50426738204173,2.14,1.0,-0.92
PRO,2025-04-04,17.670000076293945,17.670000076293945,16.600000381469727,16.68000030517578,47.18913795270413,46.78312827198309,48.81115916675887,50.53354999594081,48.10254816269558,2.15,19.0,-0.92
PRO,2025-04-07,15.890000343322754,16.31999969482422,14.869999885559082,15.039999961853027,53.79729322362174,50.99302936295601,51.11362657230799,51.579405274400436,48.94977694774399,2.14,56.0,-0.88
PRO,2025-04-08,15.510000228881836,16.030000686645508,14.8100004196167,15.260000228881836,54.56270860915796,51.09015558472777,51.16060279905501,51.61720897529475,48.97720697506019,2.14,57.0,-0.85
PRO,2025-04-09,15.180000305175781,17.15999984741211,15.180000305175781,17.15999984741211,66.8699197735517,56.96224129110941,54.555643673725186,53.48747239381658,50.446637167401455,2.16,91.0,-0.87
PRO,2025-04-10,16.719999313354492,17.0,16.239999771118164,16.530000686645508,67.22965568959032,57.21071265214467,54.78779999062352,53.47648260677433,50.54391033804792,2.18,94.0,-0.9
PRO,2025-04-11,16.389999389648438,16.600000381469727,15.9399995803833,16.459999084472656,67.27868676927578,57.08365532819128,54.78358704437961,53.47465747770617,50.27147043050262,2.2,93.0,-0.92
PRO,2025-04-14,16.860000610351562,16.860000610351562,15.949999809265137,16.200000762939453,67.27725339935478,56.99133019987854,54.69649751710075,53.02872364153786,50.27527089657996,2.22,92.0,-0.94
PRO,2025-04-15,16.18000030517578,16.579999923706055,16.18000030517578,16.43000030517578,67.72800412473353,56.70432422129837,54.26002479190364,53.018805009132286,50.270046451238606,2.23,83.0,-0.95
PRO,2025-04-16,16.219999313354492,16.31999969482422,15.649999618530273,16.0,64.19078629172917,55.1952339561356,54.22752453379734,53.08967357561399,50.094241830353056,2.23,81.0,-0.96
PRO,2025-04-17,16.020000457763672,16.34000015258789,15.869999885559082,16.06999969482422,64.04179474862455,55.15957431370773,54.1485505974262,53.085623900091946,50.096460598413785,2.25,80.0,-1.0
PRO,2025-04-21,15.880000114440918,16.059999465942383,15.220000267028809,15.779999732971191,62.8659127371456,55.016950424328535,53.563692588498526,52.747322182412226,50.11865530521682,2.25,78.0,-1.01
PRO,2025-04-22,15.930000305175781,16.31999969482422,15.739999771118164,16.309999465942383,63.53316379733604,55.62502808350741,53.82595588884266,52.85698410828509,50.247139578879384,2.26,78.0,-1.03
PRO,2025-04-23,16.899999618530273,17.739999771118164,16.6299991607666,16.700000762939453,63.941618501302344,55.956573871132576,53.983007801909935,52.75150642232727,50.31583563632942,2.27,79.0,-1.05
PRO,2025-04-24,16.81999969482422,17.59000015258789,16.719999313354492,17.399999618530273,65.48215594788475,56.4370757785693,54.040727814251554,52.21372932270884,50.48916668906013,2.28,79.0,-1.06
PRO,2025-04-25,17.299999237060547,17.899999618530273,17.299999237060547,17.8799991607666,64.82961363422581,56.759147164335786,54.20266626091175,52.02682801240449,50.531760527601364,2.3,80.0,-1.1
PRO,2025-04-28,17.760000228881836,18.110000610351562,17.540000915527344,17.75,64.32460183879418,56.376434172266954,54.20709302023451,51.966192097198,50.517716191439476,2.31,80.0,-1.15
PRO,2025-04-29,17.719999313354492,18.059999465942383,17.670000076293945,17.75,63.90345813004927,56.334688233047814,54.02538704709794,51.85702389166013,50.4878801915965,2.33,76.0,-1.19
PRO,2025-04-30,17.489999771118164,17.489999771118164,16.8799991607666,17.079999923706055,64.39896642184894,56.5625636627636,53.520085406715964,51.51864878475971,50.61365676480262,2.34,71.0,-1.22
PRO,2025-05-01,17.43000030517578,17.540000915527344,16.760000228881836,16.850000381469727,63.90283679184291,56.17857506953664,49.27544411970106,51.53684313865588,50.610550078130466,2.31,23.0,-1.2
PRO,2025-05-02,17.350000381469727,17.760000228881836,15.670000076293945,16.43000030517578,64.08454758576734,55.928283241955214,49.25858807590108,51.616765150560425,50.47303927875536,2.29,23.0,-1.19
PRO,2025-05-05,16.3700008392334,16.979999542236328,16.229999542236328,16.290000915527344,64.07219381571635,55.904646662687185,49.244520842819725,51.61904189553566,50.47188329262473,2.26,23.0,-1.16
PRO,2025-05-06,16.059999465942383,16.469999313354492,15.710000038146973,16.329999923706055,63.31190201260415,52.09598533179643,49.19755064352282,51.60877778024891,50.43117791508954,2.24,22.0,-1.12
PRO,2025-05-07,16.5,16.610000610351562,16.1200008392334,16.579999923706055,63.63314900978605,52.26489018324948,49.18216092405614,51.643586755344096,50.44096022919384,2.22,22.0,-1.08
PRO,2025-05-08,16.75,17.040000915527344,16.420000076293945,16.8700008392334,64.0524534173837,52.52381348019186,49.24073779047829,51.5907368016802,50.47977304833678,2.2,25.0,-1.03
PRO,2025-05-09,16.940000534057617,17.18000030517578,16.649999618530273,16.90999984741211,64.09459967692985,52.462497603592,49.15870033747821,51.56643737620524,50.480289011543334,2.18,22.0,-0.98
PRO,2025-05-12,17.530000686645508,18.520000457763672,17.520000457763672,18.25,67.61675191531167,55.218749739732786,50.18517246378671,52.35786089554909,50.55663357794769,2.15,41.0,-0.92
PRO,2025-05-13,18.34000015258789,18.989999771118164,18.34000015258789,18.6299991607666,66.77801891995603,55.492340399959836,49.893221973001054,52.36763627432255,50.600202511411375,2.12,39.0,-0.85
PRO,2025-05-14,18.510000228881836,18.84000015258789,18.510000228881836,18.809999465942383,66.77366254154495,55.47871975854567,49.87809841584034,52.310484211489694,50.61324862509922,2.09,39.0,-0.78
PRO,2025-05-15,18.600000381469727,18.920000076293945,18.459999084472656,18.649999618530273,66.81156148680655,55.26974832218149,49.354373774886824,52.320019671054986,50.61716913919009,2.05,32.0,-0.73
PRO,2025-05-16,18.700000762939453,18.940000534057617,18.399999618530273,18.43000030517578,64.62191098665184,55.28320032613154,49.370367154449646,52.337317454566765,50.61456101993361,2.01,33.0,-0.68
PRO,2025-05-19,18.06999969482422,18.260000228881836,17.780000686645508,18.020000457763672,60.0639424087107,55.242971004282595,49.46957986015496,52.39492702187961,50.65262338959744,1.98,37.0,-0.6
PRO,2025-05-20,17.989999771118164,18.1200008392334,17.739999771118164,18.100000381469727,50.95610375801952,55.25315144393471,49.47908866409785,52.05952376005521,50.65574138466054,1.95,39.0,-0.5
PRO,2025-05-21,17.829999923706055,17.940000534057617,17.1200008392334,17.239999771118164,53.29499857508314,55.94575813363263,50.02170682079948,52.36373429117522,50.84639597390057,1.92,45.0,-0.39
PRO,2025-05-22,17.229999542236328,17.540000915527344,17.200000762939453,17.25,41.07119966903118,55.9521678320801,49.96659442918067,51.2001542646416,50.74089154827649,1.91,45.0,-0.32
PRO,2025-05-23,16.850000381469727,17.030000686645508,16.690000534057617,16.84000015258789,40.18247241870882,56.00322210012367,49.84979493289573,51.26673702974568,50.71347957548188,1.9,43.0,-0.25
PRO,2025-05-27,17.15999984741211,17.25,16.8700008392334,17.25,40.71833811193949,56.32333823681432,50.01009647020652,51.192126612674386,50.728664727252784,1.9,47.0,-0.19
PRO,2025-05-28,17.270000457763672,18.059999465942383,17.219999313354492,18.040000915527344,42.22607354211193,57.21334980962695,50.55308164478155,51.46686923122399,50.912342109657715,1.89,59.0,-0.14
PRO,2025-05-29,18.229999542236328,18.329999923706055,17.719999313354492,18.010000228881836,42.13211951194457,57.19872285654998,50.45461042466643,51.392334039494216,50.91213599910011,1.89,56.0,-0.13
PRO,2025-05-30,17.950000762939453,18.15999984741211,17.530000686645508,17.59000015258789,41.96192679751572,55.67010388898345,50.44749378427611,51.42464242221014,50.890077289541125,1.89,56.0,-0.11
PRO,2025-06-02,17.450000762939453,17.75,17.15999984741211,17.739999771118164,41.98927294562,55.34029830291589,50.45581749349785,51.42902960061928,50.77551069828981,1.89,58.0,-0.1
PRO,2025-06-03,17.75,18.690000534057617,17.639999389648438,18.59000015258789,43.30290453798675,55.365276952952925,51.02340781771832,51.70432129368131,50.97405952644697,1.89,69.0,-0.09
PRO,2025-06-04,18.600000381469727,19.1200008392334,18.309999465942383,18.729999542236328,42.51532540319062,54.81403373932907,51.043121803285175,51.53845106153787,50.94971986051874,1.89,71.0,-0.09
PRO,2025-06-05,18.729999542236328,18.84000015258789,18.399999618530273,18.399999618530273,42.59938395036731,54.605271160333835,51.0861339284439,51.45141636164281,50.966035489936104,1.89,72.0,-0.09
PRO,2025-06-06,18.65999984741211,19.280000686645508,18.610000610351562,19.1299991607666,42.43740752105739,55.25630733619572,51.44753798059675,51.13942544441829,51.06284265431008,1.89,80.0,-0.11
PRO,2025-06-09,19.219999313354492,19.8799991607666,19.170000076293945,19.709999084472656,42.574967891570324,54.682094423612504,51.60787098386786,51.10931323548936,51.159432646536494,1.89,82.0,-0.13
PRO,2025-06-10,19.790000915527344,20.280000686645508,19.65999984741211,20.020000457763672,42.599475565165996,54.56679381401782,51.62355166724717,50.35521573421341,51.179020265557696,1.9,82.0,-0.16
PRO,2025-06-11,20.100000381469727,20.170000076293945,18.8799991607666,19.110000610351562,45.04368312630371,55.19656956240957,51.99951922996701,50.51749721554588,51.348620074983344,1.9,82.0,-0.2
PRO,2025-06-12,18.739999771118164,19.020000457763672,18.020000457763672,18.100000381469727,46.50308035430063,56.06329306231239,52.45035787131904,50.909208185297615,51.6007583771676,1.91,85.0,-0.26
PRO,2025-06-13,17.459999084472656,17.459999084472656,15.5600004196167,15.779999732971191,61.47212008518932,62.29975915142627,55.73306671655317,53.41078814682368,53.34596996867737,1.98,100.0,-0.17
PRO,2025-06-16,15.710000038146973,15.869999885559082,15.020000457763672,15.220000267028809,61.90657469190376,62.602119510774344,55.92964277920531,53.57272816454412,53.44427808900818,2.04,100.0,-0.1
PRO,2025-06-17,15.0,15.270000457763672,14.449999809265137,14.550000190734863,63.10442163101915,63.13261186231269,56.203991824410224,53.713954709225284,53.467353406825545,2.11,100.0,-0.04
PRO,2025-06-18,14.510000228881836,14.609999656677246,13.960000038146973,14.399999618530273,63.10400277906838,62.770973758491046,56.208455811277666,53.699419847989525,53.47230754616069,2.19,100.0,-0.06
PRO,2025-06-20,14.529999732971191,14.529999732971191,13.930000305175781,13.979999542236328,63.24353068504114,62.92994974686658,56.33590276062165,53.7685533176746,53.40025627939104,2.26,100.0,-0.09
PRO,2025-06-23,13.850000381469727,14.329999923706055,13.609999656677246,14.079999923706055,62.9891954824075,62.98966824097344,56.16266649590887,53.69407149543306,53.36783263567861,2.32,97.0,-0.18
PRO,2025-06-24,14.449999809265137,14.829999923706055,14.020000457763672,14.600000381469727,64.13745867815234,63.5875023584902,56.50435070324269,53.87741138845765,53.50897792753848,2.38,100.0,-0.25
PRO,2025-06-25,14.550000190734863,15.09000015258789,14.520000457763672,14.970000267028809,60.09565975735721,63.49287280957905,56.473774534157364,53.94279871105333,53.55211827789446,2.44,99.0,-0.34
PRO,2025-06-26,15.010000228881836,15.399999618530273,15.010000228881836,15.270000457763672,60.065917300666506,63.14828804347319,56.5780247871909,53.866025198062296,53.59522527507777,2.5,100.0,-0.42
PRO,2025-06-27,15.350000381469727,15.520000457763672,14.760000228881836,14.989999771118164,59.957907406014634,63.15560372369522,56.515453809728776,53.79722088030163,53.607489665651585,2.56,99.0,-0.51
PRO,2025-06-30,15.25,15.699999809265137,15.1899995803833,15.65999984741211,61.77037216257838,63.90937822714554,56.82034605944505,54.04689345594169,53.80659565242449,2.61,100.0,-0.58
PRO,2025-07-01,15.680000305175781,16.56999969482422,15.680000305175781,16.149999618530273,62.63989613192247,63.22215652708848,56.90716663851955,54.1323214867834,53.886906778403606,2.67,100.0,-0.65
PRO,2025-07-02,16.040000915527344,16.610000610351562,15.819999694824219,16.200000762939453,62.43624770441995,60.937712603535175,56.89393045444554,54.118323588242426,53.88780726707642,2.72,99.0,-0.72
PRO,2025-07-03,16.149999618530273,16.760000228881836,16.149999618530273,16.610000610351562,62.94697542741354,57.23775390525398,55.01985617419838,54.19002359581776,53.42729732014855,2.75,87.0,-0.81
PRO,2025-07-07,16.459999084472656,16.770000457763672,16.190000534057617,16.360000610351562,61.561457487111404,57.27605287216816,55.02590583343745,54.216444242780625,53.399459028984275,2.77,87.0,-0.89
PRO,2025-07-08,16.3700008392334,16.770000457763672,16.270000457763672,16.510000228881836,61.63931303011485,51.94559754133724,55.061982535562294,54.22639340272324,53.41090247302974,2.8,87.0,-0.97
PRO,2025-07-09,16.760000228881836,16.860000610351562,16.450000762939453,16.549999237060547,61.272551628094504,51.379945225899284,55.03514009385253,54.18927603758601,53.397725885318316,2.81,86.0,-1.04
PRO,2025-07-10,16.489999771118164,16.549999237060547,16.1299991607666,16.270000457763672,60.99432632265265,51.49242816846085,55.06466762787934,54.114345774095185,53.417618833088994,2.82,87.0,-1.1
PRO,2025-07-11,16.1299991607666,16.260000228881836,15.829999923706055,15.930000305175781,59.58114067844947,51.57118385989007,55.11520952398197,54.15409399935955,52.935970137723075,2.82,87.0,-1.15
PRO,2025-07-14,15.779999732971191,16.020000457763672,15.220000267028809,15.479999542236328,59.99554265574757,51.80584844533968,55.17914594389413,53.884351210350886,52.78620190143414,2.82,87.0,-1.19
PRO,2025-07-15,15.699999809265137,15.770000457763672,15.069999694824219,15.109999656677246,60.011788343571915,51.75902526251623,55.1280565371992,53.799119644930016,52.35579121850256,2.82,86.0,-1.23
PRO,2025-07-16,15.34000015258789,15.34000015258789,14.75,15.050000190734863,59.87566813547149,51.750646470328896,55.12855736210649,53.767316704252266,52.35231196438372,2.82,86.0,-1.27
PRO,2025-07-17,15.180000305175781,15.65999984741211,15.180000305175781,15.59000015258789,59.08765938245366,52.153605917216204,55.414043875595496,53.849640068831626,52.48104244746279,2.82,87.0,-1.3
PRO,2025-07-18,15.75,15.899999618530273,15.449999809265137,15.6899995803833,59.06672861858142,51.71235665005586,55.42192017852704,53.78262964830359,52.40919976149381,2.82,87.0,-1.34
PRO,2025-07-21,15.859999656677246,15.970000267028809,15.4399995803833,15.5600004196167,58.965061315841325,51.48577240054859,55.41552023644135,53.68586050658731,52.336042962054584,2.82,86.0,-1.36
PRO,2025-07-22,15.59000015258789,16.09000015258789,15.489999771118164,15.649999618530273,57.55746508052386,50.75186604397981,55.43723695005928,53.65297103133509,52.0818679609528,2.82,87.0,-1.39
PRO,2025-07-23,15.670000076293945,16.200000762939453,15.510000228881836,16.170000076293945,57.71860827968464,50.89756472353517,55.698504648157076,53.07493958641284,52.193077609535024,2.81,87.0,-1.41
PRO,2025-07-24,16.059999465942383,16.469999313354492,15.479999542236328,15.699999809265137,57.69109894223369,51.204707185574996,55.82430721211389,52.84366264877305,52.23968026265432,2.81,88.0,-1.43
PRO,2025-07-25,15.760000228881836,16.670000076293945,15.430000305175781,16.350000381469727,58.17110442071436,51.94352312538945,56.242204494697845,52.63223630331099,52.28566040593681,2.81,92.0,-1.45
PRO,2025-07-28,16.440000534057617,17.100000381469727,16.25,16.809999465942383,57.001778671493256,51.695261134705106,56.449549203587765,52.73321466488241,52.36590530633743,2.8,93.0,-1.47
PRO,2025-07-29,16.93000030517578,16.959999084472656,16.100000381469727,16.209999084472656,41.74632082198799,52.15443686558925,55.73438144796587,52.78129811578316,52.14811172250907,2.8,85.0,-1.48
PRO,2025-07-30,16.290000915527344,16.290000915527344,15.710000038146973,15.84000015258789,40.90364578793948,52.11293979252216,55.556487327921424,51.93830724643629,52.15508432971549,2.79,82.0,-1.49
PRO,2025-07-31,15.739999771118164,15.90999984741211,15.510000228881836,15.6899995803833,38.63928650701454,52.1195452897286,54.971950062606304,51.934589035302494,52.155750292614314,2.79,68.0,-1.49
PRO,2025-08-01,15.329999923706055,15.989999771118164,14.380000114440918,14.890000343322754,41.65206546794302,53.17994034495738,55.17700915302487,52.13666368148443,52.392268085137026,2.8,76.0,-1.49
PRO,2025-08-04,14.829999923706055,15.630000114440918,14.829999923706055,15.100000381469727,40.76567322751854,53.164526463725224,55.08550618461261,52.15700685317244,52.14403750211303,2.8,72.0,-1.49
PRO,2025-08-05,15.380000114440918,15.380000114440918,14.710000038146973,14.800000190734863,41.2603764140011,53.149311178487324,55.14748020753455,52.13889303791851,52.134290294871555,2.8,75.0,-1.49
PRO,2025-08-06,14.9399995803833,15.079999923706055,14.550000190734863,14.760000228881836,39.945283770081964,53.140930007589006,54.635315832345796,52.11808242211673,51.994701792696,2.81,61.0,-1.49
PRO,2025-08-07,14.960000038146973,14.989999771118164,14.300000190734863,14.579999923706055,39.40314600841334,50.589284660058475,54.49215608269512,52.12916816314864,51.445031127281624,2.81,59.0,-1.48
PRO,2025-08-08,14.630000114440918,14.859999656677246,14.3100004196167,14.649999618530273,38.95422732408554,50.36746653932259,54.37691252441738,52.05895157392851,51.24116417135123,2.81,58.0,-1.48
PRO,2025-08-11,14.600000381469727,14.949999809265137,14.050000190734863,14.100000381469727,40.11274311736129,50.768671568290735,54.55929374804914,51.93175463170847,51.329867977569485,2.81,60.0,-1.46
PRO,2025-08-12,14.239999771118164,14.59000015258789,14.109999656677246,14.329999923706055,38.127037239819295,50.943429494869875,54.506575811091494,51.88904751039103,51.2770291271937,2.8,58.0,-1.44
PRO,2025-08-13,14.479999542236328,15.15999984741211,14.369999885559082,15.0,39.492227348633115,51.93878413245532,55.04145678626833,52.15288280257978,51.11395447199835,2.8,68.0,-1.42
PRO,2025-08-14,14.829999923706055,14.829999923706055,14.1899995803833,14.260000228881836,41.831798614916046,52.69290859896344,55.5531199125222,52.1184351680328,51.35085978871229,2.8,81.0,-1.39
PRO,2025-08-15,14.350000381469727,14.720000267028809,14.229999542236328,14.59000015258789,41.707575634383645,52.95247262355861,55.501511599041834,52.17700637604623,51.40521919692153,2.8,80.0,-1.37
PRO,2025-08-18,14.779999732971191,15.3100004196167,14.760000228881836,15.09000015258789,42.9882340040781,52.646912672065895,55.81417591566006,52.34630026024433,51.518409285340994,2.8,85.0,-1.33
PRO,2025-08-19,15.149999618530273,15.239999771118164,14.65999984741211,14.720000267028809,43.30208217885691,52.846273183530876,55.90550539553529,52.174423020329506,51.56531314619842,2.79,86.0,-1.29
PRO,2025-08-20,14.670000076293945,14.770000457763672,14.449999809265137,14.529999732971191,43.33929551995028,52.70325967982738,55.90953253526534,52.1618612696371,51.57918509742009,2.77,86.0,-1.24
PRO,2025-08-21,14.5,14.9399995803833,14.359999656677246,14.9399995803833,44.139494763338895,52.789898492018914,55.821731989958856,52.28562146079244,51.58925974206527,2.75,83.0,-1.19
PRO,2025-08-22,15.100000381469727,15.84000015258789,14.970000267028809,15.829999923706055,47.132238977334424,53.35445113237009,56.247525844538856,52.670537121152464,51.90659842740717,2.71,91.0,-1.15
PRO,2025-08-25,15.619999885559082,15.699999809265137,15.329999923706055,15.369999885559082,47.17657708038245,53.646938270359854,56.38543133498356,52.30365955785248,51.981984338021135,2.68,92.0,-1.1
PRO,2025-08-26,15.34000015258789,15.520000457763672,14.970000267028809,15.039999961853027,47.07220145309759,53.616760261559314,56.468734757996366,50.01410916742655,51.99199318003516,2.64,93.0,-1.08
PRO,2025-08-27,15.119999885559082,15.460000038146973,15.100000381469727,15.25,47.230095085741766,53.675576013834714,55.79372722010668,49.97255851376593,51.959236491856444,2.57,78.0,-1.16
PRO,2025-08-28,15.380000114440918,15.569999694824219,15.140000343322754,15.319999694824219,46.08839716659484,52.7071718356292,54.264758595210004,49.972845181316394,51.962054297467475,2.52,44.0,-1.11
PRO,2025-08-29,15.40999984741211,15.579999923706055,15.229999542236328,15.5,46.18331365065417,52.750429904095064,51.74057622622548,49.96320711796024,51.9760976826785,2.52,30.0,-1.09
PRO,2025-09-02,15.289999961853027,15.489999771118164,14.949999809265137,15.279999732971191,46.304598238238206,52.71403469209874,51.74119927874125,49.93007465139477,51.98808375235874,2.51,30.0,-1.08
PRO,2025-09-03,15.239999771118164,15.369999885559082,14.920000076293945,15.260000228881836,46.265375273565624,51.984583392003124,48.199369313601295,49.893765889011156,51.73964656138404,2.57,1.0,-1.1
PRO,2025-09-04,15.069999694824219,15.260000228881836,14.699999809265137,15.109999656677246,45.21781891570251,51.52228541297645,47.86963474086908,49.856616520805204,51.74223975382773,2.63,1.0,-1.1
PRO,2025-09-05,15.359999656677246,15.760000228881836,15.34000015258789,15.5,45.147696774590976,51.72570845064667,48.0490164351563,49.63350705932513,50.9789996001017,2.69,2.0,-1.14
