Ticker,Date,Open,High,Low,Close,Realised_Vol_Close_30,Realised_Vol_Close_60,Realised_Vol_Close_100,Realised_Vol_Close_180,Realised_Vol_Close_252
ABBV,2014-01-02,32.4857316691743,32.616623802174885,32.11176026027836,32.39847183227539,21.0980443596309,22.365046836311365,22.079584725872564,24.93406299018908,24.88235794817313
ABBV,2014-01-03,32.56676701338594,32.82854658303361,32.392247300287494,32.597930908203125,20.89051299316886,21.019305341816946,22.07235460833499,24.94065330108277,24.865952378715754
ABBV,2014-01-06,32.84723440739544,32.84723440739544,31.183056423424826,31.407440185546875,23.593926878103026,22.546575783702956,22.907746525510323,25.352769587221886,25.128373852882795
ABBV,2014-01-07,31.687925752861798,31.91854138321218,31.35135004738677,31.469776153564453,23.354992688844114,21.88115719975776,22.861900084675003,24.88516090292388,25.12836700306636
ABBV,2014-01-08,31.55702643396156,31.856203955649992,31.313944846192936,31.38873863220215,23.302637585042934,21.893419813645846,22.26840265462908,24.771868676633968,25.01945585115088
ABBV,2014-01-09,31.532100647082782,32.192785958168884,31.08333308652226,31.924772262573242,23.468590409433688,21.952844752628835,22.375339658054685,24.741664002542063,25.062571600979354
ABBV,2014-01-10,31.955944109218706,32.09306809302948,31.638066215412383,31.72532844543457,23.577161525723287,21.96534238097057,22.38570305538463,24.75416995401438,25.075247049208087
ABBV,2014-01-13,31.825843495740315,31.8761025909276,31.18505441101574,31.304418563842773,23.840652682659787,21.799314766833284,22.44599374848633,24.464968892833696,25.11419324957257
ABBV,2014-01-14,31.37351716955092,31.964049479239574,31.178769192087852,31.788145065307617,24.17347864630979,21.511229200018946,22.38035112539726,24.46961325712801,25.145607520446834
ABBV,2014-01-15,31.819557817299412,31.8321201928381,31.455186618061546,31.480316162109375,24.387848805789485,21.61590390154245,22.36792962166995,24.41494155033072,25.136763387285647
ABBV,2014-01-16,31.474037756579452,31.800714693496857,31.423781056699802,31.72532844543457,22.685074662455307,21.663531290487615,22.33054678355254,24.390736454175386,25.01694760386607
ABBV,2014-01-17,31.813272824090976,31.82583759555842,31.41749091056442,31.448904037475586,22.768109768502192,21.592419346268926,22.39111624178018,24.048047453038624,24.931689731861223
ABBV,2014-01-21,31.574554008412523,31.98918197346618,31.354676449855905,31.411216735839844,22.77003873621254,21.390686223568544,22.150324654722045,23.985492749185703,24.82570451608203
ABBV,2014-01-22,31.39864465552311,31.411209426872073,30.544259375674578,30.83324432373047,21.422184143699905,21.676700794233213,22.378431237621278,24.092312162953906,24.77179164991839
ABBV,2014-01-23,30.61964941070298,30.8206809685533,30.399769496720612,30.701316833496094,21.436328318313976,20.91534483655149,22.39789448369005,24.087060729661324,24.51475712677237
ABBV,2014-01-24,30.41861622669841,30.845808897070015,30.010271912936176,30.022836685180664,21.470052432402202,21.40237561934681,22.715237285545143,23.927131846860476,24.606307108295262
ABBV,2014-01-27,30.022843124449516,30.047972674328253,29.162174014745993,29.419748306274414,21.707692691075323,21.718913408786836,22.97141057948783,23.974631716099164,24.69767936388943
ABBV,2014-01-28,29.576792022747338,30.450023145526515,29.576792022747338,29.960006713867188,22.602408755497848,21.690876660715592,23.05965246583274,23.98418155769321,24.674674945447972
ABBV,2014-01-29,29.620765583042076,30.05423932456783,29.513966245965385,29.909748077392578,22.59311901808984,21.644830786400476,23.03165934243715,23.950110624299043,24.655158858600714
ABBV,2014-01-30,30.13591577540679,30.707599704099476,30.09194027292929,30.349512100219727,22.26278772469974,21.74763820055846,23.10033175159023,23.91825770925951,24.665501692710567
ABBV,2014-01-31,31.373513552102235,31.75673067148397,30.82695920627966,30.927474975585938,23.051606972064388,22.07369030608878,23.205280258955934,23.956584311495295,24.716245378756437
ABBV,2014-02-03,31.034277670216987,31.090817946320243,29.564232888017546,29.746416091918945,24.857211814330725,23.362940336832455,24.037377931010095,24.40343583113792,25.012141137849547
ABBV,2014-02-04,29.63961535679097,30.13591300656386,29.495124090999795,30.123348236083984,23.923600289367243,23.502568151290053,24.10644568474363,24.32828435445848,25.038052818630874
ABBV,2014-02-05,30.003978171151303,30.198728480283055,29.627044717363116,29.985132217407227,23.920457155758562,23.25334021347845,24.10034292633674,24.221986704464683,25.042481591495015
ABBV,2014-02-06,30.085666423331958,30.267852076249348,29.80924854739538,30.110795974731445,23.998034180466657,23.020211473550383,24.100130332649332,24.216823732943652,25.04281513011496
ABBV,2014-02-07,30.15476138830326,30.801831542885363,29.941165065943373,30.71388053894043,24.873039234757773,23.265070392006386,24.086332059916757,24.321369336669942,25.025385610728684
ABBV,2014-02-10,30.625934379507342,31.530576501521086,30.607088417533774,31.12851333618164,24.94726921341443,22.91874673496041,23.422797665919823,24.36519781593138,25.047300884503233
ABBV,2014-02-11,31.040552921557705,31.392359282971714,30.808110673803068,31.197608947753906,24.900832512832423,22.875370072426556,23.403736216259034,24.176580220531715,25.016086158813167
ABBV,2014-02-12,31.178770806162266,31.995461867781778,31.153641260516036,31.763019561767578,25.37408476188121,23.137723340355553,23.493239481499206,24.26233577020229,25.0336115406874
ABBV,2014-02-13,31.59968324175644,31.737893360890922,31.33583017412039,31.631093978881836,25.377552585479723,23.110455840371944,23.46720589333266,23.918596136058326,25.03342267669112
ABBV,2014-02-14,31.76301505261149,31.982892554588222,31.518005612070944,31.86981201171875,25.118364674765374,23.092381816122614,23.34581306941224,23.871596000717037,24.798133261629385
ABBV,2014-02-18,31.81326378620607,32.39123112708714,31.76300711109892,32.328407287597656,25.41614932474735,23.175729978913047,23.093864480442623,23.355486124543624,24.6964059895813
ABBV,2014-02-19,32.1462296320966,32.57970584319433,31.813271588835455,32.15879440307617,22.949709432395355,23.086385114427078,22.98388560874562,23.304800437415192,24.66098617516704
ABBV,2014-02-20,32.15878909927156,32.7367564865853,31.869806603857,32.5797004699707,23.220243583133485,23.08977879893579,23.014510921552823,23.339750332924353,24.669952190875097
ABBV,2014-02-21,32.554585606456456,32.64882021749625,32.04572302051585,32.064571380615234,23.724252697343847,23.31507750057353,23.032177341778365,23.36197721866318,24.728152564274588
ABBV,2014-02-24,32.04571383033823,32.39123904073612,31.9326356845994,31.94519805908203,23.24750594884823,23.207288150961006,23.01654973020524,23.341208732402706,24.714743526752674
ABBV,2014-02-25,31.995453784558826,32.121099084562005,31.72531722832166,31.863527297973633,23.185116699274282,23.20989117609465,22.747837568865496,23.31198611067473,24.53368890727411
ABBV,2014-02-26,31.379800913649266,32.02058991880586,31.367236141412633,31.8760986328125,22.82910716575694,23.149168037513874,22.745721305373852,23.309775320198206,24.51771342982768
ABBV,2014-02-27,31.788148318280516,31.98917990064468,31.706480885528855,31.982898712158203,22.41759056383608,23.145108866704927,22.748356782219854,23.289547516401626,24.492954102458306
ABBV,2014-02-28,31.938923203296387,32.64253374157096,31.731608035960253,31.982898712158203,22.219392493034746,23.141479607217722,22.606630833401866,23.16806174292443,24.49051183985023
ABBV,2014-03-03,31.624808517559455,31.95148541179808,31.279285662888796,31.46775245666504,22.62575599398691,22.47382154246526,22.624569347840655,23.2401808572519,24.450148051752965
ABBV,2014-03-04,31.869818124255097,32.49804241780592,31.744172786247834,32.410091400146484,24.051869664046436,23.222651716752246,22.34147178759274,23.484115263590553,24.59257730828692
ABBV,2014-03-05,32.466622241923,32.74303998797504,32.227896408773404,32.47918701171875,24.044728328499737,23.223358834523193,22.328091743511717,23.474363258510103,24.505540331654537
ABBV,2014-03-06,32.69279098510742,33.151394406200666,32.64881547873447,32.69279098510742,23.349869738805946,22.362881028930005,21.932693218141722,23.446181421420746,24.506431328226995
ABBV,2014-03-07,32.824704835384615,32.98176083938167,32.04570600110607,32.328407287597656,23.59542601802546,22.480013411022828,22.02144470240814,23.443612376531203,24.52573636857268
ABBV,2014-03-10,32.604849781462,32.604849781462,31.951495780953078,32.45407485961914,22.46814650417517,22.187239008020594,21.918963388916907,22.732225472974637,24.520965428504265
ABBV,2014-03-11,32.46663316226157,32.755615775310325,32.35355259254935,32.5106086730957,21.39986922942945,22.09000403273905,21.89371371898977,22.328103013122647,24.509820000171434
ABBV,2014-03-12,32.3284172532791,32.50432166159018,32.08341019495439,32.441497802734375,20.97949917174288,22.067739050997456,21.668007818805307,22.223107433318972,24.46760048168625
ABBV,2014-03-13,32.59855854553328,32.73048507338473,32.127390320504794,32.24047088623047,21.101746832035886,22.1031828378093,21.39962804171283,22.156771882853896,24.479177616483234
ABBV,2014-03-14,32.196489558485844,32.303286519879194,31.913788195260658,32.17136001586914,20.823953804292064,21.74349935191955,21.400277018287387,22.075404950818974,24.46497615203714
ABBV,2014-03-17,32.33469707682703,32.78701682555741,32.20276818681598,32.65509033203125,20.575553828189033,21.947461511301334,21.5197008370209,22.120889006137975,24.39062078392303
ABBV,2014-03-18,32.71790582253369,33.43408077178307,32.648800801731674,33.35869216918945,17.36707472714827,22.23405348850922,21.674505865534112,21.633304337945987,24.45059912808475
ABBV,2014-03-19,33.35242546182183,33.62884326853566,32.94407874154234,33.364990234375,17.193888886523883,21.251830028700688,21.547243269507472,21.625769599563096,24.44797701312291
ABBV,2014-03-20,33.20792469211249,33.79845445461742,32.99432841265588,33.72306823730469,17.145698207120727,21.356812198572747,21.548703115119633,21.59965994173525,24.408507449966866
ABBV,2014-03-21,34.06233278568678,34.38272622274138,33.35243843740658,33.58488082885742,17.302082165726297,21.377078373712628,21.125471461472962,21.609458722222584,24.361287290452566
ABBV,2014-03-24,33.62883981175849,33.68538008419322,32.259310898548534,32.265594482421875,20.790401326168613,22.916300969580202,22.101540175793904,22.127120518744096,24.687342547030592
ABBV,2014-03-25,32.46662301851654,32.730476001084135,32.35354248413476,32.472904205322266,20.543556617174026,22.81856231268233,22.09367720106512,21.993971723430988,24.680695767729134
ABBV,2014-03-26,32.66766979624924,32.88126619462262,32.32842803474694,32.35355758666992,20.594484626030123,22.76825485892712,21.857756420142977,21.97317082830445,24.59384541158702
ABBV,2014-03-27,32.372405010434,32.56715545187976,32.30958352428303,32.45407485961914,19.985691520236546,22.70329353447388,21.825143130063474,21.92477332236243,24.593232489605178
ABBV,2014-03-28,32.56086663539132,32.74933344618728,31.97033425934899,32.02687454223633,20.348802118334586,22.847828636637207,21.88017908021148,21.981182230880062,24.592329533104213
ABBV,2014-03-31,32.25302758201405,32.47918865682319,32.00802054979912,32.29072189331055,20.37057152182367,22.687116996588543,21.901786214320538,21.751206345847717,24.59204026148468
ABBV,2014-04-01,32.42892530350038,32.90637693109224,32.37866862487653,32.730472564697266,20.32678593138686,22.823396810931868,21.90004813937656,21.76731977599133,24.59858452428774
ABBV,2014-04-02,32.730480446330176,33.55345502577215,32.661377796142766,33.50947952270508,21.316450740541253,21.964606039232805,22.18606707148315,21.808687696896804,24.695977031410308
ABBV,2014-04-03,33.515762201184515,33.8173119448937,33.427811191138204,33.6099967956543,21.037408786053295,21.967363620899356,21.996544829297257,21.80813629933181,24.58036798492269
ABBV,2014-04-04,33.785901385264275,34.20052931879147,32.69907365642004,32.79330825805664,21.781350429827075,22.579731386628072,22.239446919515874,22.00422649215654,24.70158699791714
ABBV,2014-04-07,32.46662924194284,32.86241118814528,31.191334788772572,31.800710678100586,23.59474752901236,23.222842538481732,22.736659369493033,22.31810960607521,24.884713705904993
ABBV,2014-04-08,31.631090254627242,31.95776715453667,30.739012963574282,30.845809936523438,25.177777376544803,24.01607342444775,22.97133553646801,22.59540887420342,25.018719180560083
ABBV,2014-04-09,31.09082383784754,31.888666645790213,30.946330129825558,31.80699920654297,26.80982971792172,24.693157666065215,23.44139510601891,22.7996627670998,25.082116763257705
ABBV,2014-04-10,31.46147033488932,31.580832074891646,29.708724172173596,29.746416091918945,33.05155931018099,28.077719794982325,25.774642259616392,24.098080520748333,25.979790999551007
ABBV,2014-04-11,29.524566804027653,29.923888299599,28.84001152373594,29.448503494262695,33.11629463583492,28.082193106747344,25.787856153051713,24.07986501115508,25.999418357379646
ABBV,2014-04-14,29.85417709145138,30.107716725789178,29.29005394387958,29.683040618896484,33.00170843711239,28.084642356019053,25.7801414963087,24.05466646026658,25.705943889063864
ABBV,2014-04-15,30.056990176698406,30.48166845207425,29.63865171832032,30.33588409423828,32.43130833848683,28.42391797307906,25.981178518956977,24.178277634536897,25.68568964977716
ABBV,2014-04-16,30.792265515645948,30.957064549168315,30.183771010647114,30.500694274902344,32.483461348652355,28.45030511645498,25.93876345823659,24.164054491768162,25.68404487486301
ABBV,2014-04-17,30.373920914751256,30.919029252054663,30.247153558298464,30.773244857788086,32.54466248608808,28.260961711684534,25.89729627487833,24.10244836089364,25.696976898256203
ABBV,2014-04-21,30.741559991998624,31.34371474346971,30.678176299394462,31.331037521362305,32.92476440173194,28.48488352940534,26.02506372829338,24.181386023462018,25.75485372049991
ABBV,2014-04-22,31.369061870670116,31.958536844602474,31.28032133661749,31.698659896850586,33.102787396198366,28.179136043760373,26.025241201315584,24.21637575513765,25.446861623434124
ABBV,2014-04-23,31.781066894531246,31.857127806536152,31.305681963118197,31.78106689453125,33.109390259247554,27.832016868962256,26.021661831296477,24.157987271728416,25.36501088701278
ABBV,2014-04-24,31.77472713569037,31.77472713569037,31.058479881803166,31.261310577392578,33.42125073858826,27.839671373922165,26.132789738227437,24.241426877154264,25.35189989825443
ABBV,2014-04-25,31.82543431110382,32.31349643886546,31.02678873163284,31.147218704223633,33.39632836473817,27.849861988120256,26.133609935319907,24.23006942177544,25.35431006986621
ABBV,2014-04-28,31.40709341743459,32.27546244060318,31.375401576196648,32.243770599365234,34.96248890340199,28.56936409689532,26.69284588848248,24.530929344708568,25.3416314972198
ABBV,2014-04-29,32.28814144619651,32.66211099652247,32.17404887708468,32.56069564819336,34.80409222990918,28.38695392092149,26.254509167111216,24.532201123296044,25.319534820668338
ABBV,2014-04-30,32.56703765790228,33.06777461386807,32.326175282696305,33.0107307434082,34.46613849008727,27.26319359432623,26.317800249473567,24.567314685364504,25.29394828940918
ABBV,2014-05-01,32.89027904986555,33.023386172042535,32.58603316291897,32.71280288696289,34.55783260459424,27.25613658294514,26.362107099198962,24.592673616218253,25.286147397208005
ABBV,2014-05-02,32.5860500675204,32.78254336261947,32.326173086483614,32.44026565551758,34.45570837288025,27.30229504770994,25.927528422276648,24.595485447515284,25.05063002844719
ABBV,2014-05-05,32.31983310060287,32.56069302225184,31.888817300481385,32.55435562133789,34.4723799698252,27.29962681840502,25.928903004795075,24.29837846831512,25.007979345130245
ABBV,2014-05-06,32.452946803355324,32.51633049696295,32.21842423548759,32.26913070678711,32.532056080835986,27.09939676872119,25.80931049695927,24.316416341594397,25.02454955476965
ABBV,2014-05-07,33.200885019073006,33.511468493736324,32.49731491819693,33.46076202392578,34.153107725927065,27.944275999653634,26.399031860462287,24.65489389574488,25.268449002113137
ABBV,2014-05-08,33.39737479638472,33.650914390749634,32.93466709191161,33.05509948730469,34.34317413628994,28.077788023975504,26.458031768259925,24.674903898774833,25.085775247266596
ABBV,2014-05-09,33.00438693046532,33.18186317602195,32.37688025200011,33.12481689453125,34.33837474494395,27.854966784982672,26.459775107387852,24.59497666423351,25.03308047271545
ABBV,2014-05-12,33.18819308786783,33.31496283310812,33.099454991579165,33.19453048706055,34.08443369381515,27.837846765301304,26.290285372316657,24.546516866204648,24.978880237841715
ABBV,2014-05-13,33.24525363734364,33.2769454827883,32.909313305418316,33.0867919921875,34.04135578980641,27.81438129902264,26.283483031916223,24.519946751628414,24.95665638872286
ABBV,2014-05-14,33.105805568088954,33.593867709874914,33.010730034764045,33.51146697998047,34.01699291988575,27.783965374508657,26.283108504735846,24.55808622671042,24.92562590866223
ABBV,2014-05-15,33.568512054786154,33.63823556079926,33.226234344139634,33.39737319946289,33.341667479195394,27.769885023678498,25.799526712378917,24.445663328211314,24.88857145649466
ABBV,2014-05-16,33.372030832944716,33.57486159026118,33.2199065559907,33.54950714111328,33.35723799234548,27.66280570890697,25.80835189922616,24.44606838037004,24.889490468954907
ABBV,2014-05-19,33.49246156129599,34.36083091089221,33.41006080875618,34.297447204589844,33.114217142047245,27.794464744199665,26.03950323454406,24.56839199187381,24.90185563759914
ABBV,2014-05-20,34.13896881551173,34.18333787179874,33.790353765571375,33.93613815307617,31.902942440752174,27.881043447773145,26.088327806101656,24.60902505653835,24.845389169687564
ABBV,2014-05-21,33.91079143975353,34.12629936991974,33.657251844993475,33.76500701904297,30.459799641503572,27.899367586734662,26.036033176431456,24.619940258887773,24.8463170534549
ABBV,2014-05-22,33.77768663463734,34.44322509563792,33.55583886901518,33.993194580078125,29.33946847897485,27.92407212683231,26.01985745352936,24.592103125798253,24.850435610532188
ABBV,2014-05-23,34.189678400126134,34.46857239993986,34.12629471904071,34.19601821899414,20.750239928203275,27.938221855088745,26.000975664988964,24.58238148820055,24.85218697397805
ABBV,2014-05-27,34.35447404089572,34.35447404089572,34.08825730582069,34.22136688232422,20.316273362928257,27.937371299726987,25.992627555595604,24.566874253105787,24.71773386811759
ABBV,2014-05-28,34.202371194858664,34.61437256332667,34.11363303375689,34.2720947265625,20.321581061052495,27.701954544459873,25.86242738283775,24.5324154034282,24.717065333861644
ABBV,2014-05-29,34.29109987272394,34.512947632059706,34.06925453132104,34.24673080444336,19.727003441133323,27.078777122614785,25.847728154125022,24.52086833573536,24.471392912612146
ABBV,2014-05-30,34.21503808009823,34.500269524533486,34.15799179121118,34.436885833740234,19.7277549532044,27.094285762699727,25.141882077994428,24.524352761140676,24.43427882670027
ABBV,2014-06-02,34.50027981883776,34.829880428762145,34.17067920891338,34.32280349731445,19.784350968495914,27.082995864078107,25.15026438898902,24.517025420233548,24.043517308025958
ABBV,2014-06-03,34.26573983107444,34.52561677789865,34.14530745854194,34.46223068237305,19.314347473991024,26.974096353363603,25.149168927083682,24.516708872920017,24.00137235157472
ABBV,2014-06-04,34.17700728372546,34.63337760642392,34.018545634781034,34.5953483581543,19.147949918818732,26.97398802947138,25.022767034226355,24.41112289445683,23.997435922377168
ABBV,2014-06-05,34.57632714662486,35.0643892566716,34.455897178405245,35.05171203613281,19.373667389675436,27.086463819875807,25.072356969450865,24.05427425561729,23.982504946000393
ABBV,2014-06-06,35.06439668352592,35.115105576421534,34.79184242904476,34.924949645996094,18.576099773784332,27.09616805032635,24.97795626710712,24.05070265480945,23.968185186382144
ABBV,2014-06-09,34.49393443576765,34.78550574003287,34.05024370349412,34.126304626464844,20.045355685709698,27.51329761704507,25.165476228082163,24.178474642181428,24.06729730717185
ABBV,2014-06-10,33.68260448797026,34.27842177843452,33.14383590031431,34.20869827270508,17.672715573663353,27.507264667660397,25.11100590248151,24.158612520734728,24.066146111992047
ABBV,2014-06-11,34.13263465101367,34.671405651921035,34.06925096522815,34.373497009277344,17.540007020751197,27.36666907974261,25.094680939092388,24.084083630345155,24.054044608737957
ABBV,2014-06-12,34.36715427378705,34.38616889298494,33.885429632027595,34.01219940185547,17.518450782331456,27.127436373661045,25.11391865266664,23.939395587006658,23.99842228211969
ABBV,2014-06-13,34.018531058547076,34.424194737089955,33.87274669413572,34.32911682128906,17.409151245813504,27.189346446596772,25.14788569324873,23.89028698897208,23.999861309999982
ABBV,2014-06-16,34.3417994589782,34.42420017115095,33.879091859431895,34.22770690917969,17.209343624086884,27.114346369738286,24.96180014419525,23.874197800857377,24.00316457206054
ABBV,2014-06-17,34.53830196819853,34.569993814309434,34.13263811700725,34.417869567871094,17.237032935578462,27.120260034553006,24.957116196948274,23.802100946616015,24.00064084522481
ABBV,2014-06-18,34.3988586310152,34.61436659277571,34.227719742152466,34.589012145996094,16.956947557261667,25.78664212713717,24.677794700387004,23.788505987041138,23.977600174413553
ABBV,2014-06-19,34.31644506419047,34.74112342628453,34.17699807694582,34.34813690185547,13.765630819422302,25.8163322722632,24.469394214971317,23.658316355859586,23.95789330516275
ABBV,2014-06-20,35.254535260755794,35.254535260755794,33.69527373377918,33.78401184082031,14.17746770490309,26.048578233069,24.48950617918637,23.748623465321998,23.532593958693333
ABBV,2014-06-23,34.075589415760774,34.48125323824866,33.936144819152865,34.069252014160156,14.347342997615742,26.091949002160003,24.511645355964976,23.764908379429205,23.263278340017578
ABBV,2014-06-24,34.06290859068864,34.19601576216435,33.86641532474907,33.967830657958984,14.387064443130354,25.940025959606235,24.427661387548806,23.6928611550216,23.193977038257238
ABBV,2014-06-25,33.92346449025843,35.3622963150561,33.84740358835552,34.86155700683594,16.07194937551286,26.402749896947427,24.584556802786434,23.798805820482734,23.269317961839295
ABBV,2014-06-26,34.90592646379354,35.83768158992209,34.84254278114408,35.81866455078125,17.406470451447674,26.814411958392277,24.06967008420133,23.612427811999947,23.356927479122326
ABBV,2014-06-27,35.86303235568179,36.06586302089733,35.672876491351495,35.99613952636719,17.339935369368437,26.430358371735547,24.013399870119816,23.608495210795027,23.349424840329647
ABBV,2014-06-30,35.81866104929128,36.05952337209198,35.55878410714103,35.7742919921875,17.507794239751043,26.47052015940639,24.025419648434134,23.409976265528357,22.947624884017934
ABBV,2014-07-01,35.761615927734404,36.25601780817276,35.60315431355352,36.05952453613281,16.565914786017945,25.95942257925003,24.042451844353575,23.422124659057275,22.95128860690664
ABBV,2014-07-02,36.4208272398477,36.832828521728516,36.07854947501747,36.832828521728516,17.077573988284488,25.373754260010145,24.06992986282455,23.486482496732535,23.000669780429398
ABBV,2014-07-03,36.69971523180794,36.934237772021945,36.54125359854095,36.90254592895508,16.920325604930362,24.42869627345205,23.99806209028811,23.472770388691583,23.000528853373467
ABBV,2014-07-07,36.70605025888026,36.85817448086662,36.37644979285355,36.382789611816406,17.58807331730964,23.982439546722755,24.129976816006078,23.427613638643294,23.030663523372382
ABBV,2014-07-08,35.92642117094105,36.110237243190475,35.165804858614095,35.298912048339844,19.904710234621856,20.362442710733898,24.50527570671429,23.5724180866017,23.149678120439717
ABBV,2014-07-09,35.21652227003451,35.26722874690591,34.74747466482482,34.86790466308594,20.277303205423667,20.427569401450416,24.583107158269357,23.62212714006168,23.169451811088255
ABBV,2014-07-10,34.5446344871875,35.41934334021446,34.40518748249164,35.36229705810547,20.648927108794577,20.53191164144218,24.649537996459877,23.674161968674213,23.172495997761075
ABBV,2014-07-11,35.343134144776776,36.147837606601016,34.793890977945594,35.10044479370117,20.789782424807264,20.257640755639226,24.593490208502722,23.647817845297386,23.182433544479412
ABBV,2014-07-14,34.41709692524732,35.15793618362229,34.308526809753324,35.03020477294922,20.755971475727204,20.267996891734334,24.578413533439168,23.586869381550915,23.018562797253654
ABBV,2014-07-15,34.81944781938464,34.92801792802886,34.09776746544612,34.12969970703125,22.125591995488996,21.033262248513314,24.867049578647908,23.776252004099824,23.15234014722502
ABBV,2014-07-16,34.008342685799924,34.276576331938905,33.095066809382715,34.2638053894043,22.12341921350389,20.765392682781027,24.73308750920495,23.55429050448382,23.074169282056705
ABBV,2014-07-17,33.982802378128106,35.125994417512764,33.77204767848518,34.1807861328125,22.098441348254788,20.671105471398743,24.728057480146774,23.556000190093087,23.075259239731132
ABBV,2014-07-18,33.848693238662705,35.202640286052514,33.848693238662705,35.06852340698242,23.04267965919041,21.26581946543535,25.0373907191046,23.72836769967223,23.196280080142966
ABBV,2014-07-21,34.5767617234141,34.7747455383209,34.42987144897645,34.48735046386719,23.52938980644219,21.27394574308779,25.193963527664,23.6901504178637,23.260874529228566
ABBV,2014-07-22,34.37238542081673,34.73003282230485,34.32767980016491,34.5192756652832,22.523010762442805,21.245959008877495,25.190639078344034,23.671525126627856,23.24269312080604
ABBV,2014-07-23,34.79389953613281,35.004656706707955,34.53205126850155,34.79389953613281,22.62263243442338,20.157815142850428,25.215923610651004,23.658707161411645,23.2001075342013
ABBV,2014-07-24,34.62784430620468,34.84498691193749,34.46818069717389,34.53843307495117,22.69939718633518,20.154902745201035,25.10205368686848,23.671280232491345,23.15829249816395
ABBV,2014-07-25,34.74280909380353,34.80028810174596,33.86785059109387,33.96364974975586,23.02376371413892,20.300242577416604,24.834833978161388,23.712835624787683,23.191075585767614
ABBV,2014-07-28,34.116924993909734,34.48734580343208,33.95726135593088,34.32129669189453,23.068592086241654,20.303013107395614,24.884332718568416,23.737996108145587,23.182483084742504
ABBV,2014-07-29,34.199944123598385,34.27019650046456,34.001962810182775,34.12330627441406,23.114520510031973,20.260093369646377,24.885659729799368,23.65683856619008,23.186157727689693
ABBV,2014-07-30,34.02751029188593,34.41708991880702,33.86784667011654,34.32767868041992,23.1239967462275,20.280197847018204,24.830551381181582,23.590510798813398,23.174878452524077
ABBV,2014-07-31,33.93171120873126,34.10414820054153,33.40162685209895,33.42717361450195,24.302778917484787,20.95897719814765,25.19632702230331,23.77809415611179,23.277663683541032
ABBV,2014-08-01,33.22919508685387,33.61877474781933,33.05037259445283,33.5165901184082,24.26196990962956,19.6036227585902,25.19811936865029,23.617832534582444,23.271305383074395
ABBV,2014-08-04,33.58044201783847,34.104138313916316,33.44632277223988,34.03388595581055,24.22353881020373,19.681529347239398,25.307174520646463,23.666530849272764,23.31690567407542
ABBV,2014-08-05,33.70179189715737,33.97002556712505,33.49742269062777,33.71456527709961,24.252819447276913,19.782643516040803,25.333915349837227,23.69382099747705,23.295101763628782
ABBV,2014-08-06,32.87794469612053,33.63155746068835,32.807692287110484,33.24197769165039,24.570489541544283,19.997396088055645,25.43616489245465,23.740495577028558,23.340731296446165
ABBV,2014-08-07,32.948183630007556,33.66347594177353,32.83961110513928,33.48465347290039,23.374005223355116,20.04005914464805,25.353270846439514,23.733517100629086,23.337203534551872
ABBV,2014-08-08,33.6698658410103,33.778435936023094,33.39524421256511,33.73373031616211,21.946723118429045,19.926697319955274,25.154466214851933,23.72339785041954,23.3244657927155
ABBV,2014-08-11,33.848696630823106,34.26382313005041,33.7018063528913,34.04668045043945,22.099397842344754,19.9996448983711,25.196121149285887,23.70761922673645,23.323893070010815
ABBV,2014-08-12,33.98918745857487,34.04027854297772,33.57406113003838,33.746498107910156,22.15838789779135,20.067207397963866,25.18023370664057,23.690450866628645,23.33470028757753
ABBV,2014-08-13,33.829522067824975,34.257419317577714,33.689017329686216,34.23187255859375,22.478019162343998,19.765138208145796,25.272781007350815,23.731423776713115,23.37150486761006
ABBV,2014-08-14,34.24465169008328,34.63423130306992,34.18717269085126,34.60868453979492,21.752063965955646,19.76657777307013,24.489318068217944,23.72272148914185,23.377097806076186
ABBV,2014-08-15,34.70448041892161,34.86414401995893,34.21910414372839,34.4234733581543,21.738734504363553,19.77029062560149,24.490821399991496,23.730766041750837,23.16244642012392
ABBV,2014-08-18,34.7364205343194,34.81944630785565,34.38516101958357,34.68532943725586,21.621155458343125,19.782717935031467,24.50612929112984,23.725702845173473,23.16416789926991
ABBV,2014-08-19,34.79388829365097,35.32397256743761,34.6022924781192,35.31119918823242,20.552236942925703,20.07636393197013,24.65495614164393,23.80858871858481,23.21316450863411
ABBV,2014-08-20,35.01103993084871,35.24095594351404,34.92801416265876,35.1643180847168,20.262815658699992,20.099407554998933,24.564786135358712,23.81476173542652,23.195909316234754
ABBV,2014-08-21,34.991874716490585,35.202629398953036,34.92162234357871,35.10044479370117,19.841646845706407,20.10357138650837,24.54079608671241,23.52406101009681,23.137945281593733
ABBV,2014-08-22,35.04296602445162,35.298428757346954,34.71725335446959,35.25372314453125,19.76475671475349,20.118381814787938,24.463128369844572,23.514586854143165,23.1025537932215
ABBV,2014-08-25,35.36868603312479,35.713557603180654,35.2409546489724,35.68162536621094,20.05036216613191,20.23257551100816,24.25831982811846,23.552541895910785,23.103739242555278
ABBV,2014-08-26,35.560278668486504,35.72632774744458,35.53473190671656,35.604984283447266,18.419548583038008,20.22434829908336,24.259290960357355,23.270325588283853,23.105975732379918
ABBV,2014-08-27,35.6688481532571,35.6688481532571,35.381455615122704,35.57305145263672,18.415413101381883,20.213801449633202,23.922625597028215,23.267652500846488,23.0179857001406
ABBV,2014-08-28,35.45809851202808,35.5602831356713,35.285661502828845,35.50918960571289,18.405402053980474,20.2072607420433,23.386227230843566,23.177014498928422,23.01818137323807
ABBV,2014-08-29,35.60498941780321,35.63692165648373,35.27927668522407,35.3048210144043,16.988412649522544,20.0715666903209,22.85957696154659,23.16038747409305,23.028703245195324
ABBV,2014-09-02,35.40060454422473,35.464468993402015,35.10043627329184,35.17068862915039,16.26693797714332,20.073063466132545,22.38368157849938,23.155776358496688,23.03365138997286
ABBV,2014-09-03,35.228193021758564,35.46449457771102,35.01743823841564,35.45172119140625,16.404278328420453,19.539145381394714,19.575180127364643,23.172772311290192,23.043119280666737
ABBV,2014-09-04,35.35590916620354,35.509184863059865,35.18347218003521,35.47086715698242,16.268111780916065,19.53564211236331,19.484357137076692,23.068499064302834,23.014677182816758
ABBV,2014-09-05,35.438941027982985,35.72633361816406,35.042973464301426,35.72633361816406,16.191691784610516,19.56344019426608,19.478725874615268,23.076492356526845,23.009915031013918
ABBV,2014-09-08,35.62414523412651,35.7327177599047,35.36229700125061,35.490028381347656,15.467365717036996,19.48366897609852,19.260516010229995,23.043794245096887,23.010377020999705
ABBV,2014-09-09,35.46448533646866,36.51826628741476,35.400620857860766,36.371376037597656,16.668576817236058,20.01377449958204,19.59380964084481,22.907742275340542,23.10297488493715
ABBV,2014-09-10,36.33944261727728,36.60767634224138,36.090365311744534,36.52465057373047,16.517345585793752,20.007667495181284,19.564451925358632,22.91120571530295,23.09519553479839
ABBV,2014-09-11,36.403296531559775,36.965313019817465,36.30749740828335,36.94615173339844,16.70056770868096,20.100873531919277,19.454059026215052,22.947074674931113,23.116945435861794
ABBV,2014-09-12,36.946163109536464,37.533726536421625,36.8759131586123,36.96532440185547,14.277900658783906,20.085814642332974,19.38832973776175,22.939800038319973,23.1072146986811
ABBV,2014-09-15,36.88229922200721,37.13776200930982,36.70347673265961,36.997257232666016,14.295012664612697,20.014975921106046,19.387871291351782,22.9006039356862,23.105157467925082
ABBV,2014-09-16,36.805654879970575,37.48901491397139,36.697082361787494,37.425148010253906,14.056874315023984,19.773855117731117,19.23458862158374,22.91151594338938,23.04686275451343
ABBV,2014-09-17,37.61037009779855,38.332050498939665,37.52095884100256,38.07658767700195,14.106940510338745,19.983998270417086,19.36961573799369,22.97556982706801,22.803759858785146
ABBV,2014-09-18,38.06381048486659,38.095745161619995,37.74448320752283,37.968013763427734,13.194449003310629,19.982714691390626,18.665202500120174,22.973242445878945,22.799907758559772
ABBV,2014-09-19,38.217078937217174,38.27455792998192,37.686994622134165,37.718929290771484,13.541585630656423,19.410211225303463,18.664150353178645,22.90487355724789,22.78132943015228
ABBV,2014-09-22,37.82751545147669,37.87222108304898,37.30381882196633,37.49541473388672,13.797353249167887,18.704569434068958,18.59643874682743,22.91017542936417,22.776823781800587
ABBV,2014-09-23,36.275580765297974,37.2144038061953,36.14784935813983,36.76095962524414,15.241238183442507,19.14960910578161,18.824514010356328,22.594116459433817,22.81121757885398
ABBV,2014-09-24,36.82481794730124,37.90414316277886,36.792885709924704,37.712547302246094,16.23311200263671,19.781417721310003,19.154585433931192,22.78178752434249,22.805068751474312
ABBV,2014-09-25,37.34212622434856,37.99993952389421,37.022799001458694,37.04195785522461,17.0733464818278,20.09545209351846,19.398601743021455,22.888085691447927,22.833111467454366
ABBV,2014-09-26,37.386828471477294,37.83388703049038,37.10581898144287,37.80195236206055,17.674693568681953,20.056147436668443,19.562831963584365,22.92479856863849,22.897817618687096
ABBV,2014-09-29,37.13136840270053,37.57204152137243,37.00363702864675,37.37405776977539,18.003498319332227,20.198933547511714,18.8624517068392,22.95541631248626,22.874940383675018
ABBV,2014-09-30,37.20800672545024,37.559268617630195,36.869520650738664,36.88867950439453,18.50911719206938,20.166324932250674,18.87865528005635,22.952955903559545,22.906235214203388
ABBV,2014-10-01,36.9972562490758,37.003641722265435,36.37776058991448,36.55019760131836,18.15826235890624,19.248746020801942,18.948709499116937,22.9195860756782,22.817794409599372
ABBV,2014-10-02,36.748174101941366,36.85035870665863,35.85405698346043,36.192543029785156,18.3753699516391,19.185201422136448,19.025355606811225,22.92025096899658,22.842412024398335
ABBV,2014-10-03,36.671536444811174,37.54010686518513,36.62044535693387,37.482627868652344,20.829811422919732,20.26268000591132,19.770249454680325,23.26173678732337,23.094944517827003
ABBV,2014-10-06,37.41876199561415,37.67422473423447,36.82481319915414,36.92061233520508,21.409607505116018,20.458730695664155,19.852052682625718,23.311071951682337,23.096006652175433
ABBV,2014-10-07,36.78649888966982,36.78649888966982,36.09036537465021,36.179779052734375,22.069218057605465,20.904880801208357,20.125240462317933,23.44397654242526,23.13655474354938
ABBV,2014-10-08,36.1095243092259,37.329354249161476,35.87960831028123,37.25910186767578,23.586463307672776,20.981360334074743,20.623424494458646,23.573061152615495,23.0332404703947
ABBV,2014-10-09,37.374061085928204,37.39321994104055,36.218095580770424,36.224483489990234,25.103450810372287,21.83363083812061,20.860885592433995,23.817165010355897,23.213349870358556
ABBV,2014-10-10,36.0250199272121,36.462542455977164,35.355863781774794,35.36873245239258,26.085945802733264,22.41074066462984,21.14699883111233,23.839321523961544,23.186737158442874
ABBV,2014-10-13,35.310819577268006,35.484542923921,34.474375743138765,34.5001106262207,27.01509334103133,22.38774278013131,21.508152767069113,23.902644136767055,23.328590979813708
ABBV,2014-10-14,34.480815568103445,35.28508911423904,34.114067027421456,34.82826232910156,27.158907670079625,22.208824099029783,21.533583414857205,23.8358510469832,23.302543493954197
ABBV,2014-10-15,33.67010089723817,35.85128984233969,33.49637755809989,35.14996337890625,27.193999489231985,22.28545575381683,21.56162022682696,23.854410477678307,23.3095855968528
ABBV,2014-10-16,35.90277881525075,35.967122186318036,33.99825921173463,34.036865234375,28.718451950319608,23.196488163718225,22.168293391183564,24.116838216962737,23.45273323751172
ABBV,2014-10-17,34.60305786277868,34.680269876127944,34.036851158236495,34.339256286621094,28.76566409238909,23.22540988198957,22.21205196167475,24.03924149339181,23.356424612341023
ABBV,2014-10-20,33.81809884791601,35.12423845190575,33.61863810189189,35.0084228515625,29.325826914485592,23.295276464342873,22.421421970518487,23.676302115769065,23.43011917368136
ABBV,2014-10-21,35.58107358932362,36.321006491396965,35.400917037632276,36.21805953979492,30.140914916613276,24.20459110639691,23.0388303942301,23.958289329667092,23.6665823040123
ABBV,2014-10-22,36.649134410584544,36.964410703846234,36.19874075783125,36.610530853271484,30.283133822825327,24.2472777580028,23.08791690641704,23.976563502019406,23.654185326035517
ABBV,2014-10-23,37.38264272902366,38.41211459648263,37.241092218765175,38.29629898071289,32.833115896340495,25.84510095019681,24.133917563697054,24.5306767643658,24.020347070812473
ABBV,2014-10-24,38.180472972574094,38.86893091534201,38.180472972574094,38.79172134399414,33.005170962608815,25.250624102778463,24.20267054530809,24.470435476879402,24.03163912741779
ABBV,2014-10-27,38.83032183720451,39.23567635006646,38.740243602001364,38.92040252685547,33.00800221762029,25.251171747935842,24.129299473446245,24.429203201352838,23.87778875997031
ABBV,2014-10-28,39.09413160889904,39.33219837108007,38.88823775554401,39.203514099121094,32.92109247403706,25.12999337291628,24.13745289301988,24.439282410304415,23.88566980406746
ABBV,2014-10-29,39.24211668004029,39.24211668004029,38.193343268936225,38.592262268066406,32.940830693083406,25.288465079084947,23.97562354112514,24.440294114038522,23.934699875615074
ABBV,2014-10-30,38.60512645927134,39.52521550290647,38.54721867140452,39.36436080932617,33.395115155408284,25.30631030000548,24.15583853800028,24.532288680798807,23.916596652813247
ABBV,2014-10-31,40.57400137579724,41.172381217851544,40.130040712980346,40.83136749267578,34.83354238340036,26.223369128819012,24.788440173785908,24.876186890656886,24.165030674987097
ABBV,2014-11-03,40.96003724424042,41.114458823132075,40.49677496201317,40.69623565673828,34.785539102054365,26.243778067259342,24.723581172269416,24.834728874353395,24.15123445899432
ABBV,2014-11-04,40.67051124882197,40.92787981065446,40.0978687759156,40.31663131713867,34.3279072162524,26.335697381696328,24.757142145239737,24.85472447721417,24.168484553440155
ABBV,2014-11-05,40.85066259444439,40.96647572574591,40.020651714721815,40.23941421508789,33.68201193461714,26.24256193964593,24.752804907002293,24.818114946757465,24.133576733149297
ABBV,2014-11-06,40.37453037128058,40.78631801741543,40.16220098561531,40.348793029785156,33.13834105544408,26.135777767640274,24.745470474266963,24.735061463510593,24.131274080406218
ABBV,2014-11-07,40.09143310889854,40.10430178161411,39.44801419981016,39.57026290893555,33.32295594310452,26.469558149543232,24.963997758248343,24.84992042305853,24.151329446265095
ABBV,2014-11-10,39.885539976054844,41.217414491163176,39.80832793836431,41.04369354248047,34.58246881111036,27.335827229975095,25.54436739900627,25.19550433163596,24.360998157965494
ABBV,2014-11-11,40.97935134673291,41.30749392570902,40.85710263190818,41.082298278808594,34.249139209332306,27.321481383306107,25.37502759464673,25.195278475849392,24.340612951145367
ABBV,2014-11-12,40.89569413694149,41.19166370035751,40.89569413694149,41.024375915527344,34.06972580649696,27.152772344028175,25.359347146271205,25.196419426833806,24.2234876890955
ABBV,2014-11-13,41.33965764426531,41.687104383183446,40.79275264942774,40.940738677978516,33.87205856164144,27.133952260620454,25.355217852759854,25.199153510176746,24.217049739254154
ABBV,2014-11-14,41.165937633427575,41.17880630493164,40.61903259396945,41.17880630493164,32.58892066351361,27.126657887325305,25.067669856809836,25.117114215509527,24.219803690857738
ABBV,2014-11-17,41.23028745286175,42.08603583364039,41.198114541835146,41.84796905517578,32.325626471912216,27.26480977846326,24.844086732470753,24.95635604620329,24.25522828977147
ABBV,2014-11-18,41.68066580300504,42.620056588113336,41.68066580300504,42.49781036376953,31.62747335085589,27.321605370619608,24.93579822351401,25.011077309834107,24.28462983894104
ABBV,2014-11-19,42.3884373984512,42.562163258768095,41.96378345670399,42.14393997192383,31.02192670710074,27.400318347208234,24.955638974629775,25.03084675852954,24.284374813435946
ABBV,2014-11-20,41.84795565861794,42.25974326167064,41.77717920413431,41.9444694519043,29.6159207375386,27.433872867008752,24.95533609456062,24.996631001559262,24.2626652735519
ABBV,2014-11-21,42.729437196642415,43.34068298339844,42.30477850857571,43.34068298339844,29.38024154842303,28.094931696264126,25.252349122784505,25.26804341288606,24.43833024136131
ABBV,2014-11-24,43.36643398650913,43.79108789950788,43.36643398650913,43.610931396484375,27.810614586815387,28.036559294144865,25.262831598698597,25.273924689645295,24.435238481250103
ABBV,2014-11-25,43.52085334844934,43.887601919575175,43.205579466684185,43.79108810424805,27.826104042111705,27.99510205516914,25.13721649548867,25.271654362106606,24.405423582243063
ABBV,2014-11-26,43.971245844935936,44.30582642629484,43.6752737361318,44.202877044677734,27.826950357330077,28.005772639390248,24.63109432954716,25.270456515146943,24.416949821918475
ABBV,2014-11-28,44.39589249697525,44.704735648172516,44.3251160437612,44.524574279785156,25.141099048417797,28.007438492760457,24.532692993249963,25.27450558046053,24.407918563300314
ABBV,2014-12-01,44.44737683865568,44.71761158665573,44.28652212071807,44.466678619384766,25.316260580979904,28.01752838379517,24.468434872241655,25.228813113084993,24.408205865638752
ABBV,2014-12-02,44.31869287163559,44.711178800492675,44.17070927092361,44.56962585449219,25.17159192828394,27.937142679672043,24.41871392350039,25.120911007771806,24.406736194165372
ABBV,2014-12-03,44.50528535853398,44.70474856106792,44.01629051549469,44.074195861816406,24.524386565320118,27.76315887960625,24.504003088591205,25.165925416236963,24.24565951789993
ABBV,2014-12-04,43.977670252179244,44.94923393191178,43.9390666983142,44.76264190673828,24.633154857688115,27.876850738758286,24.16611107691366,25.19701698203415,24.27521446012733
ABBV,2014-12-05,44.730482442903174,45.148705734691646,44.614666837621705,44.85273361206055,21.812202611545274,27.827051624840234,24.1655804656192,25.187999670402217,24.27525149624379
ABBV,2014-12-08,44.91707066705835,45.52832155145957,44.62109856984264,44.6661376953125,21.855671877728366,27.863133511101502,24.176559931462698,24.705163789651113,24.094115020319602
ABBV,2014-12-09,43.88761628610698,44.518169164944204,43.50156580732211,44.48599624633789,21.99969008342429,27.898462508132177,23.91664574329822,24.708711619206227,24.096685983752874
ABBV,2014-12-10,44.6790097541005,44.6790097541005,43.45007730523199,43.48225021362305,23.352579379097975,28.338850584631857,24.060031587996384,24.871180396818417,24.158656460548507
ABBV,2014-12-11,42.774490925593895,43.72674815514975,42.620066854128076,43.12836837768555,22.91278576748023,28.252326009737644,24.116704354420452,24.897623911003386,24.15978399571033
ABBV,2014-12-12,42.80666185575448,43.218449590058405,41.82866721400689,41.99595260620117,24.001241095385108,28.84260300849768,24.528534755361445,25.059269323800358,24.309718320717433
ABBV,2014-12-15,42.30478066654304,42.768042928466826,41.6999655013764,42.22113800048828,21.704648230846622,28.800225427028924,24.489496614357943,25.05079610077972,24.31320432634435
ABBV,2014-12-16,41.89299976084581,43.07045737952279,41.69354149750238,41.98307800292969,21.756672920139895,28.796932699445648,24.33538915522252,25.02383603189349,24.25573443760289
ABBV,2014-12-17,42.143920643523444,42.94175837739889,41.88011664658464,42.83237838745117,22.198433984740575,28.673072485520297,24.46577153423623,24.9836991836437,24.327764337190665
ABBV,2014-12-18,43.66240047089275,43.75891427335756,43.23774170360592,43.70100402832031,22.767598856298736,28.506768954242744,24.59461648351379,25.080965271745328,24.374167334975326
ABBV,2014-12-19,43.55303267547553,44.15141252801851,43.006122610982395,43.56589889526367,22.830606213044888,28.213907757228938,24.603915664358674,24.894810974504647,24.15688486659428
ABBV,2014-12-22,43.77822940528005,43.91334680638586,42.99969300334808,43.08977127075195,22.24318630872377,28.10865192459605,24.258716067830022,24.642325872694517,24.18654094344029
ABBV,2014-12-23,43.25706059432033,43.31496594679716,41.191681329162115,41.40401077270508,23.190915599475883,29.280086220407124,25.177095900180053,24.83990237344055,24.531224844145758
ABBV,2014-12-24,41.66136675229426,43.07688613012663,41.66136675229426,42.60075759887695,24.59066518916194,29.621169713503555,25.438554432972104,24.80515503420562,24.68004418219481
ABBV,2014-12-26,42.79378758663339,43.263480581673,42.79378758663339,43.096195220947266,24.757426587539637,29.579178977482286,25.41161221802729,23.451027903238604,24.678312354985536
ABBV,2014-12-29,42.838837026153804,43.347138611315415,42.73588763269953,43.19915008544922,24.733433388283242,29.463000475380447,25.272329120626868,23.406629722195387,24.660623338655956
ABBV,2014-12-30,42.96107123140561,43.2120090802634,42.478507130110266,42.658668518066406,25.046685809856868,28.85873409882737,25.375736032834883,23.460886446673477,24.686576688605154
ABBV,2014-12-31,42.928902880149074,43.17340025557241,42.04741736190079,42.10532760620117,24.961409403695452,28.809340932369842,25.48108063184206,23.410037223186556,24.722064602000874
ABBV,2015-01-02,42.10532664048845,42.72300808178245,42.10532664048845,42.39486312866211,24.629483034143828,28.440070741858626,25.46718703306785,23.413755947015634,24.671170381908155
ABBV,2015-01-05,42.14392409903225,42.52997433037415,41.10158651085111,41.59701919555664,25.12815182230706,28.22413490222836,25.62957842171208,23.527584822570017,24.747237625163404
ABBV,2015-01-06,42.22113930005096,42.30478196868023,40.98577404837898,41.39112854003906,25.131473552161328,27.563750009054726,25.578616429251706,23.460406006375262,24.45626151721584
ABBV,2015-01-07,41.545553247649494,43.14123409025128,41.487647909789814,43.064022064208984,25.985053623729776,28.061846048791832,26.233437559868783,23.859940851967337,24.757747033318292
ABBV,2015-01-08,43.855435704882126,43.939078396824236,43.37930217226676,43.51441955566406,26.103194097392503,27.4756489609629,26.237332843336645,23.881936052675183,24.771655982551177
ABBV,2015-01-09,42.90960253077257,43.23774259345189,41.89299962049353,42.32408905029297,27.265349089948614,28.200193813359704,26.65358113555949,24.03938420589315,24.89101906984462
ABBV,2015-01-12,42.68440510164829,43.06402478421368,42.02168445683872,42.31122589111328,27.085365827117236,28.18183723381697,26.533633707582304,24.03217289823566,24.880395103268263
ABBV,2015-01-13,42.60293972944389,42.82982596835773,40.781358522469425,41.0925178527832,28.110076449965288,28.030076608040456,26.971865419127656,23.98867748826163,25.023449427031995
ABBV,2015-01-14,40.59335825509335,41.533319951742136,40.100690023450206,41.2934684753418,28.19322899199097,28.00737066346941,26.97147789335221,23.971418974582008,24.985466261643843
ABBV,2015-01-15,41.48794764311272,41.55925544878422,40.75542537513418,40.76839065551758,28.31047087111483,27.985581027438826,27.064556268735725,23.983590738749687,25.0006122745067
ABBV,2015-01-16,40.80728499107561,41.88986237084087,40.60632686185889,41.8380012512207,29.39511196015928,27.645222856795304,27.290757027156783,24.129811045308685,25.115214618286686
ABBV,2015-01-20,42.17508773628643,42.324187215572124,40.677633795920734,41.13140869140625,29.249431012790033,27.872016740585025,27.444531169602094,24.20071337629127,25.161434069888028
ABBV,2015-01-21,40.90452756142519,41.1314162875066,40.37296336287685,40.64522933959961,29.327308358287237,26.52279074023162,27.523761541565662,24.249634499206643,25.193787369271455
ABBV,2015-01-22,40.969348244936185,41.13141053825249,40.113659534056055,40.82673263549805,29.411084947112492,26.41801026118737,27.523560249365936,24.223129747042567,25.119105620759143
ABBV,2015-01-23,41.26753806058374,41.26753806058374,40.41833084001694,40.470191955566406,29.45760762274138,26.485932236396962,27.547550049519614,23.89203309761197,25.132783404892443
ABBV,2015-01-26,40.359999265293965,40.86563538751087,39.9840159671068,40.7295036315918,28.975418939702045,26.477361149081524,27.54636168335345,23.848040813670547,25.027726010398094
ABBV,2015-01-27,40.40538355809676,41.16383411785517,40.321110449387476,40.90453338623047,28.976558631326494,26.266254286639533,27.530502042719796,23.850656687595098,24.93624137166833
ABBV,2015-01-28,41.12492789365203,41.20271957724371,39.99049180645464,40.09421157836914,28.544841243412378,26.313990927279313,27.739885066035963,23.98164555107421,24.969105826985533
ABBV,2015-01-29,40.269238909447616,41.0860342720154,39.925667630758056,40.91748809814453,29.182075050525967,25.55632411963374,27.88982166861964,24.084159184217807,25.040877285251405
ABBV,2015-01-30,40.249800143667365,40.63226733915836,38.97274819937329,39.12184524536133,31.815628695200065,27.1582206520465,28.814112705276933,24.652874591283418,25.425774394155333
ABBV,2015-02-02,39.86083792893974,39.86083792893974,38.01981040071781,39.34872055053711,31.206922731197206,27.12809733560896,28.576698551611862,24.654452120124187,25.36711799548558
ABBV,2015-02-03,39.932143214694925,40.035862970854886,38.88198037446609,39.96455764770508,30.943627876925905,27.321498768992207,28.66757909144241,24.711438490810124,25.09039430272863
ABBV,2015-02-04,38.21428198786353,38.21428198786353,36.72330966760261,36.89185333251953,38.15615920063904,31.84090308624678,31.360144486738406,26.379827753350664,26.344480278937905
ABBV,2015-02-05,37.306737333505396,37.76699362720823,36.39919002558244,37.59196853637695,38.7586859913307,31.883593831796702,31.502012246812534,26.43651200948629,26.400150476909374
ABBV,2015-02-06,37.41045618196882,37.488247856963504,36.749241781758876,36.8853759765625,37.555449228002445,31.122402742864676,31.647947397240333,26.52934190836314,26.472686236506227
ABBV,2015-02-09,36.08804075598804,36.52885051949468,35.770399953766386,35.964874267578125,36.755819041069785,31.48603456063674,31.844678375159464,26.69309693587013,26.531405106945787
ABBV,2015-02-10,36.25657994786906,36.95668783647887,36.042656513123966,36.87889862060547,37.507997075444734,31.9798039049148,31.979353481947353,26.84572221475483,26.613554745990992
ABBV,2015-02-11,37.183576781088505,37.48825471503654,36.470501133765914,36.74924850463867,37.443286323062495,31.98176891687207,31.980873112864654,26.849741572489854,26.616398453908857
ABBV,2015-02-12,37.20950129054754,37.32618633252821,36.405671276111235,36.98261260986328,37.528577910306375,31.987352783310207,31.982268255182504,26.858629067630734,26.565813404382027
ABBV,2015-02-13,37.177080746375445,37.6632675171103,36.88537066223357,37.630855560302734,37.977742584848485,32.018435036808235,32.08968256150606,26.93302172098553,26.614288856227297
ABBV,2015-02-17,38.21428636338251,38.246698325015316,37.5336252775969,38.065189361572266,38.1132375279407,31.938339258012068,31.98175370050038,26.9577402458851,26.627422618296215
ABBV,2015-02-18,38.34394780722309,38.55786879436221,37.799418286039604,38.40229034423828,37.98850591454922,31.982425392271914,31.755502518833318,26.971419749295002,26.605018382965305
ABBV,2015-02-19,38.194842976817895,38.29856522630711,38.01981786299118,38.2467041015625,37.98466263106166,31.979812160029837,31.6300567060478,26.973978666298347,26.602596228294445
ABBV,2015-02-20,38.642141895167086,39.76361290850678,38.389325059073876,39.7376823425293,37.853255162255564,32.25022913956152,32.043940068525934,27.337201613780643,26.838584588128832
ABBV,2015-02-23,39.893264155504035,40.12663430875787,39.05054052543459,39.264461517333984,37.73669243667728,32.28115331221419,32.04970688237428,27.338979722976653,26.816731607842513
ABBV,2015-02-24,39.445958060666705,39.737670659964905,39.23203713643079,39.45892333984375,37.09033027675693,32.28794268401915,31.983124590281598,27.338999046926688,26.81603119083365
ABBV,2015-02-25,39.60803439201043,39.60803439201043,39.03109286476974,39.296875,37.0886295147884,32.20815523853188,31.953196316617706,27.19805414732539,26.818460925632465
ABBV,2015-02-26,39.12184056350505,39.42003709266972,39.069981910307675,39.2320442199707,36.21024500730371,32.151022727756725,31.910748768326314,27.198879108016595,26.819576168203845
ABBV,2015-02-27,39.23853238254847,39.53672896307308,39.13481258541492,39.219085693359375,36.161398966368594,32.15268027790484,31.435752029681325,27.194915367172367,26.818626024735416
ABBV,2015-03-02,39.2190724960323,39.381134779073754,38.933843768114045,39.19314193725586,36.00903471582722,32.141050093705445,31.337226647176447,27.16221129578476,26.81890816298808
ABBV,2015-03-03,39.121842273625624,39.18666868404933,38.531935539580786,38.64862060546875,35.23724034979781,32.17996667765182,31.246520963080098,27.199339133951632,26.80550639797663
ABBV,2015-03-04,38.45413210665547,39.16720504762959,38.26613929522407,39.069969177246094,35.17418327793897,32.08465193510278,30.949602963983775,27.2225139420593,26.66957668676767
ABBV,2015-03-05,37.08632218061507,38.55784760753325,36.723304347880955,36.85943603515625,38.72565558842835,34.057100022363926,32.00834781816325,28.09610294173752,27.313578764103006
ABBV,2015-03-06,36.917791769064976,37.20950439838122,35.93893410990096,36.06858444213867,39.013353995053144,34.26546739138054,31.967789409763597,28.211657188669744,27.396645095307598
ABBV,2015-03-09,36.256578084756946,36.32140201584125,35.82224983329382,36.003761291503906,38.99361274893679,34.26721293027234,31.716208034299747,28.199636924662986,27.37280014295863
ABBV,2015-03-10,35.796313211472466,36.49642089721451,35.511082047796116,36.19822692871094,38.97175714417961,34.07587745913236,31.69321150978704,28.134817810320143,27.375123232650044
ABBV,2015-03-11,36.425132870422516,36.87242653875145,36.081561479981616,36.703880310058594,39.24544388570562,34.23362375343446,31.734978846862223,28.164174306769375,27.407802447942537
ABBV,2015-03-12,36.807581239141086,38.1883524444884,36.72331064088613,37.598445892333984,39.72214178064668,34.29694311096422,31.51929183500229,28.299935561211637,27.50787409640843
ABBV,2015-03-13,37.676235087982384,38.16242188831429,37.17708300956342,37.598445892333984,39.15590388049218,34.26654777552829,31.49448458590573,28.13806395906027,27.499465818073
ABBV,2015-03-16,37.89664524741574,38.700475292762725,37.81237463720241,38.32448959350586,37.542938546607566,34.52693889389732,31.49192329785815,28.047505396898497,27.560270889626953
ABBV,2015-03-17,38.06518306366191,39.01162603484557,38.05221778657907,38.719913482666016,37.63242471482532,34.32408398328125,31.080545194880145,28.06676913877811,27.540049984138648
ABBV,2015-03-18,38.739373451897585,39.167217850913914,38.40876742792458,38.823646545410156,37.33880932610861,34.03698027738805,31.04004437945431,28.057067657281205,27.462754893148695
ABBV,2015-03-19,38.95330095796688,39.8543670990698,38.88847701641446,39.66637420654297,29.415792562231925,34.373143806852035,30.400655409756457,28.1534332813978,27.541913962665483
ABBV,2015-03-20,39.86732808505108,40.01642511285184,39.10239378737785,39.15425491333008,29.320279626742867,34.399083958855435,30.406992469027948,28.090450149411968,27.557435479447985
ABBV,2015-03-23,38.927375912670136,39.66637983181875,38.648628473289484,39.20612335205078,28.68032788910673,33.46280575751695,30.403273400747683,28.09008930165517,27.553489566460353
ABBV,2015-03-24,39.31630851899596,39.42650967793685,38.53840911204167,38.655094146728516,27.931741241123415,33.000469038846184,30.464482903909534,28.089868871374268,27.289855045563748
ABBV,2015-03-25,38.94680584670224,38.95328724942659,37.734578288708306,37.74106216430664,28.08445209172536,33.195947888930284,30.599002197023484,28.002900489163313,27.39477379887807
ABBV,2015-03-26,37.58547745794847,37.65678524500213,37.09280929638258,37.125221252441406,28.503086588796698,33.30881815003674,30.53611022922827,28.033737425458078,27.444516904162477
ABBV,2015-03-27,37.35860149192301,37.63086496459621,37.15116194906503,37.37156677246094,28.508382668277854,33.2934735581731,29.972757330047635,27.996149438569162,27.450046545946545
ABBV,2015-03-30,37.55308159412704,37.81886370430029,37.46232708912273,37.7540397644043,28.20967402113816,33.31060331050009,30.021452207718674,28.00517413015502,27.4316949947926
ABBV,2015-03-31,37.604935454636184,38.12353679915126,37.41046118688027,37.948509216308594,28.04708944437672,33.293383783793686,30.003744148499923,28.009275402378016,27.424932146966462
ABBV,2015-04-01,37.909610626838074,37.916094503255685,36.515876414842694,37.0150260925293,28.807882966275315,33.44504373404536,30.250258731655727,27.99446459877216,27.512786920706645
ABBV,2015-04-02,37.23542761015165,37.47528155888601,36.8853749736897,36.95668029785156,28.79564946135244,33.43919595841038,30.245111089654024,27.992427903115765,27.416136577738648
ABBV,2015-04-06,36.827035627618564,37.52714343372137,36.74276254451037,37.34563446044922,26.530631695041997,32.411451380195714,30.149706262940494,28.015543899296148,27.433454497333543
ABBV,2015-04-07,37.76051111721137,38.0846356761574,37.46231711647083,37.87071228027344,26.75300352080301,32.47949005022864,29.65044913884065,27.90180681917964,27.351293469719185
ABBV,2015-04-08,37.9225770202668,38.23373632984201,37.566040465933185,38.12353515625,26.791782940378155,32.09221532488649,29.672871445280684,27.836645349468586,27.17661895072882
ABBV,2015-04-09,38.37635564491586,39.173701916328326,38.279117269405354,39.102394104003906,27.848519626878016,32.568503548179706,29.960387016676513,27.99080955355613,27.106424963078947
ABBV,2015-04-10,39.21907446461339,40.40537162300203,39.10238941713666,40.19144821166992,28.96995826225406,32.565833166733924,30.285751838921822,28.15695673871137,27.072892633872964
ABBV,2015-04-13,40.40060030061807,40.62936826930643,39.91038108767114,40.001888275146484,29.012938204107247,32.559219118757944,30.278916207031507,28.147898114224823,26.207100937118312
ABBV,2015-04-14,40.132625373046366,40.40061185301838,39.55089631289704,40.3417854309082,29.097215938783688,32.508547362791674,30.197565858822955,28.084114041517743,26.19279950779684
ABBV,2015-04-15,40.59016049662509,40.982337466027566,40.505190939298046,40.54440689086914,28.767946071386568,32.07190657588625,30.104256129072425,28.0654736730124,26.18694171368193
ABBV,2015-04-16,40.39407732858266,41.11960242636335,40.29603494639201,40.91044235229492,28.721107853483215,31.942871938500783,30.114475050846874,28.07017344806487,26.117537755394938
ABBV,2015-04-17,40.603233971564705,41.04116455384115,40.4398275216705,40.714351654052734,22.57471084475281,31.863973992280613,30.114703550064746,28.07230565730651,26.120916011291108
ABBV,2015-04-20,41.119591012632505,41.83204309635262,41.04769178961919,41.531375885009766,21.77366185923412,32.11104777138834,29.823026467198076,27.968820862160943,26.176586364325516
ABBV,2015-04-21,41.76015141713262,41.98891944678814,41.35490412457805,41.5771369934082,21.714577532939096,32.05581306366889,29.80507546805846,27.968279726924237,26.122357899956185
ABBV,2015-04-22,41.570597712673056,42.30919801965056,41.54445457700998,42.171932220458984,21.885085059978895,32.15753019098499,29.8875401172413,27.960687463422566,26.13387832166155
ABBV,2015-04-23,42.65562013484826,42.68829843204411,41.00194520293033,41.99545669555664,21.88156619234113,32.162734336742474,29.852573074835448,27.939558392199217,26.138880665969626
ABBV,2015-04-24,42.03467573119049,43.381148338389124,41.92356053638735,43.18505859375,22.20738885668406,32.361012205154765,30.168349493675255,28.057355725537825,26.216022114009323
ABBV,2015-04-27,43.15237072834581,43.5706958049707,42.39416743552,42.49874496459961,22.969164515425796,32.30253326334313,30.271023458802375,28.124623897149505,26.268507036546858
ABBV,2015-04-28,42.22422335802893,43.45957565307617,41.96277205506908,43.45957565307617,23.171188497225053,31.17590418552948,30.484111934388515,28.22557424622237,26.14059158497575
ABBV,2015-04-29,42.94321836437238,43.2569609812658,42.8190328380512,42.897464752197266,23.619173099963252,31.309913408532335,30.502296614911234,28.261486878239634,26.164731522920192
ABBV,2015-04-30,42.740586993608645,43.087007839983976,42.04120764712392,42.26344299316406,24.208313274656838,31.345830064790707,30.48385001914552,28.300957936889738,26.182503773760946
ABBV,2015-05-01,42.54450369379383,42.812492682862604,41.75361951618227,42.04121398925781,23.65305985021932,26.466030454177265,30.49005088079643,28.268762112099644,26.170633490812172
ABBV,2015-05-04,42.04121027922184,42.77327295344089,41.8385878816982,42.27651596069336,23.24314333377722,26.249195891399957,30.500670188270213,28.249680781567843,26.15770507371501
ABBV,2015-05-05,41.96276607050652,42.42030703212579,41.68824448559582,41.740535736083984,23.662678729010818,26.067752043560894,30.557414961939607,28.28706586383683,26.192918525575497
ABBV,2015-05-06,41.90394527507329,42.17846688043222,41.43987161265173,41.79282760620117,23.159685019817097,25.439029583512035,30.350803649102314,28.276479147528622,26.174493305530998
ABBV,2015-05-07,41.56406635613635,42.36148816799144,41.56406635613635,42.289588928222656,21.88333414503046,25.078274051104543,30.386296755209436,28.23466883276887,25.95734627408727
ABBV,2015-05-08,42.55103277745311,43.00857376709273,42.420309629995174,42.642539978027344,21.05378698282408,25.078566857676165,30.118152204531512,28.241108461475356,25.934228277246653
ABBV,2015-05-11,42.60985756226849,43.008569606240854,42.53795834209196,42.616390228271484,21.098422242822945,25.073395066827636,30.10684363770873,28.239733042263254,25.934500484450428
ABBV,2015-05-12,42.32227619951368,42.662159466705596,42.217693663904,42.36149215698242,21.232378864620237,24.932825128209934,30.108568951005793,28.249386528422278,25.943694971253827
ABBV,2015-05-13,42.47260265857813,42.69483301589712,42.243829660813894,42.6817626953125,21.256438027122254,24.88167442335463,29.962931865945684,28.229522467393554,25.94849931757815
ABBV,2015-05-14,43.047786904269415,43.31577083509754,42.44645248638223,43.119686126708984,19.48089395332789,24.899798463642977,29.83499761654645,28.248001453926598,25.93817989557928
ABBV,2015-05-15,43.09354695873531,43.479183767087875,43.08047663759152,43.13276290893555,19.432537011746014,24.871001157105454,29.831285799887848,28.24718523639459,25.93449787936901
ABBV,2015-05-18,43.00204463540274,43.08048153148239,42.57718684181776,42.88439178466797,19.615683268369548,23.741957920702962,29.794298813971672,28.256790292106395,25.940927653527368
ABBV,2015-05-19,42.9497466530965,43.21773559937242,42.74712427004694,42.96282196044922,19.427322169712415,23.580908642440477,29.101605618932275,28.245270876408934,25.85466415488669
ABBV,2015-05-20,43.087006044905685,43.27002044768542,42.740585212962834,43.06739807128906,19.419622233816288,23.570878374398248,28.752464215458406,28.239687638177408,25.829372194556584
ABBV,2015-05-21,42.77980575559493,43.01511143780779,42.40070658915778,42.9105339050293,18.45205131011053,23.566362387873106,28.69957190681207,28.233542224988422,25.826474064385618
ABBV,2015-05-22,42.7994270324707,43.05434073992699,42.6883068371726,42.7994270324707,17.001612148235456,23.572470814366145,28.699727309897856,28.236788580034062,25.822344515225442
ABBV,2015-05-26,42.95629011884272,43.79293037894546,42.91707416501582,43.20466613769531,17.002810130747275,23.625696062495617,28.668463107342873,28.244911691606067,25.831483236526665
ABBV,2015-05-27,43.62951551644311,44.44000998891785,43.51186269086062,44.041297912597656,17.59897346855124,23.89250739247484,28.74772641913411,28.31102260448686,25.895868759782886
ABBV,2015-05-28,44.0674563286959,44.13935557557292,43.55109127692901,44.10013961791992,17.59336231847178,23.66126962068457,28.729780144581678,28.174614456892556,25.89584568673161
ABBV,2015-05-29,43.93672024283786,44.1328049602902,43.394209716359896,43.524932861328125,18.078705923436377,23.796862390730983,28.643907724505187,28.222075771042594,25.933813282196034
ABBV,2015-06-01,43.66220756112217,43.96287484535282,43.30924901352027,43.74717712402344,17.979206061432826,20.2464725691124,28.63999614794364,28.19874322328314,25.93306304393641
ABBV,2015-06-02,43.59682666469658,43.943252430635184,43.35498837790738,43.54454040527344,17.299810122849085,19.65662006802579,27.956878308486548,28.206437683730673,25.935589534113348
ABBV,2015-06-03,43.72756594426626,43.98901725520398,43.54455152264054,43.79946517944336,17.34287372936215,19.63696832447801,27.923454936135762,28.212460895093106,25.93834910586537
ABBV,2015-06-04,43.498800206609324,44.361586087374626,43.47918724317234,44.06745147705078,16.992063372693412,19.640800215593313,27.580442290747843,28.191230643489646,25.94184289235453
ABBV,2015-06-05,43.77985308819261,44.28968035387088,43.54454742914595,44.05437469482422,16.916658185143437,19.528711790865167,27.580437626528614,28.124345722695292,25.913453279883075
ABBV,2015-06-08,44.355056900240214,44.57728732725721,44.13935914218005,44.309303283691406,15.032863855498807,19.0406347870282,27.180032364216572,28.127036094848307,25.913990868201736
ABBV,2015-06-09,44.13281297919607,44.498846827798225,44.126280311498505,44.230857849121094,14.186235992319046,19.054972443358757,27.174845635294968,28.11487933310486,25.80252930488215
ABBV,2015-06-10,44.224321108485064,44.73414840101844,44.14588422241502,44.60342025756836,12.907278442433828,18.784939073042885,27.115291362087945,28.11701509837295,25.812662987633583
ABBV,2015-06-11,44.88447295355615,44.88447295355615,44.21777697337282,44.47269058227539,12.280356762896796,18.747500258063663,26.823382549586373,28.012476450444147,25.812970750043085
ABBV,2015-06-12,44.374646658228826,44.400792283630054,43.52493128637734,43.82560348510742,12.253966350581527,19.066810575918232,26.786227803400074,27.921314211787973,25.834640422501344
ABBV,2015-06-15,43.57070150886312,43.82561519115368,43.204667642244516,43.734107971191406,12.141892227186224,18.646819469262287,26.714663855283366,27.834103878812535,25.823115468032377
ABBV,2015-06-16,43.60991127332674,44.054376987235464,43.54454969502785,43.6425895690918,12.111349337474302,18.41410552346911,26.711663510809462,27.74049342085054,25.821943884273768
ABBV,2015-06-17,43.77332875637894,44.44002500206373,43.71449983032938,44.296226501464844,12.018434349918687,18.607007213217425,26.76256996539117,27.752080044988265,25.855354407042675
ABBV,2015-06-18,44.3092810894717,45.145921079736915,44.3092810894717,45.08709716796875,12.848165647921277,18.568308795360004,26.881512182138383,27.772095004233243,25.906253752159074
ABBV,2015-06-19,44.77336965897113,45.59040195201805,44.77336965897113,45.41392517089844,12.626704028072277,17.74920336303136,26.894636563700374,27.75410116391366,25.90095053194592
ABBV,2015-06-22,45.65576310682501,46.145982478022354,45.5773311989658,45.832244873046875,12.664130024316114,17.316060560067964,26.71142934880093,27.738758640196377,25.852487225676697
ABBV,2015-06-23,45.76033592488579,46.07407346330147,45.47273902569786,45.766868591308594,12.683170094152363,17.332939666402485,26.540480548246677,27.448861528050454,25.843703748121712
ABBV,2015-06-24,46.09368710187615,46.24402322314028,45.119786100963246,45.24397659301758,13.091635369128015,17.53741421239107,25.57944049467742,27.422102550955486,25.87142636377122
ABBV,2015-06-25,45.53809788575793,46.002171499325584,45.289721933737596,45.63614273071289,13.134354828165131,17.570037542630597,25.595698358601936,27.317609786517856,25.762199481403425
ABBV,2015-06-26,45.72111953117575,46.14597726894157,45.54464277164438,46.05447006225586,13.08083591458366,16.61340395180322,25.52632538754721,27.12863601139973,25.642436231856998
ABBV,2015-06-29,45.27665515492849,45.76687448525663,43.845218101373185,43.910579681396484,19.498608801072585,19.641358268469812,23.32202518270891,27.521016216136722,26.096879316153725
ABBV,2015-06-30,44.44656494443794,44.59036345243554,43.57070855830022,43.91712951660156,19.405789664760746,19.584678230275603,23.162171729777807,27.360390014504098,26.087578629147938
ABBV,2015-07-01,44.38119885012101,44.83873497760657,44.237400356691325,44.779911041259766,20.145844802278052,19.751226146643177,23.098423404854167,27.268307854932335,26.144507502506446
ABBV,2015-07-02,44.89102530220365,45.03482379261157,44.309298672295014,44.58382034301758,20.211801987292723,19.788643227734624,22.706755486990538,27.26023317638264,26.069604144451024
ABBV,2015-07-06,44.13935905320602,45.10018998556432,44.11321341712081,44.590362548828125,20.163312120124193,19.217305915749787,22.408369865687906,27.2446981779204,26.06942648440123
ABBV,2015-07-07,44.721072902003314,44.96291622627494,44.00208556979391,44.81258010864258,20.15624344981187,18.49257503065034,22.39663023055621,26.95464565426399,26.029590280583072
ABBV,2015-07-08,44.30929283002923,44.73415059018804,44.17203201276605,44.22432327270508,20.45173497690486,18.70139835198841,22.514665797515455,26.996679664321128,25.88078482742378
ABBV,2015-07-09,44.76029911759183,45.04789109233491,44.31583335287688,44.42694854736328,19.735267466810654,18.658028571831338,22.380356138043265,26.915368522167725,25.849475937049277
ABBV,2015-07-10,45.060978104219494,45.42700706900894,44.79298905016249,45.25053024291992,20.419186616107822,18.960457576309917,22.48380641587646,26.711502552168533,25.874872186840186
ABBV,2015-07-13,45.71143489265827,45.895807498642846,45.54681577677537,45.81020736694336,20.234403587150542,19.02573055728451,22.518438911641695,26.719718153466555,25.885680555218453
ABBV,2015-07-14,45.90240441392148,46.43576886661362,45.69827827005716,45.961669921875,20.21498935804479,18.976448163746145,22.50029228310003,26.208645496686184,25.88481987299765
ABBV,2015-07-15,45.968248442269356,46.119700266131765,45.639010152268796,45.928741455078125,20.1407445248929,18.6149909150602,21.732632165492944,26.1714977924457,25.74191454117455
ABBV,2015-07-16,46.18555305296871,46.29091173117412,45.981426893668576,46.0867805480957,20.11067277667326,18.61805010664181,21.627704119527447,26.171659299662558,25.741439942515143
ABBV,2015-07-17,46.0867805480957,46.1789668796363,45.8958217116821,46.0867805480957,20.07229300426215,18.43780992891764,21.62251205903503,26.161110768340066,25.739174653655404
ABBV,2015-07-20,46.093371931458734,46.8242815168456,46.00118558949812,46.620155334472656,20.271351620965653,18.51208566007683,21.66045594773645,26.115980370934384,25.642984110447014
ABBV,2015-07-21,46.626715261930045,47.14691225409174,46.23821657246682,46.44892883300781,20.299048916582244,17.718348715722946,21.67085626310156,26.026178471665496,25.585001839102983
ABBV,2015-07-22,46.264564842220885,46.521370300550245,46.11311302187863,46.46210479736328,20.278355734060874,17.35227006527957,21.66961937209382,25.677847021712275,25.58514683699394
ABBV,2015-07-23,46.257981653966695,46.70574594779606,46.18554882527534,46.435768127441406,20.185309836300487,16.801864950507632,21.66936238483938,25.67382953929569,25.576760783271634
ABBV,2015-07-24,44.46692596286314,45.44805473364251,44.348399968664566,44.8290901184082,22.780578089847705,18.159469214723973,22.312737434984083,25.99704401561409,25.820218904107804
ABBV,2015-07-27,45.07930253433104,46.72549385543768,45.07930253433104,45.65876007080078,22.909168525796765,18.21510903748915,22.424212273588555,26.079890461817847,25.81576162393645
ABBV,2015-07-28,45.764115637751694,47.04156162431337,45.48755672017965,46.903282165527344,24.04121801921823,18.90017875833061,20.647225584673077,26.262417795592953,25.927104649251614
ABBV,2015-07-29,46.94279053899466,47.087656173574004,46.5806264525463,46.600379943847656,24.1447228422264,18.959290654281794,20.33413272121911,26.16566232305002,25.929083880444466
ABBV,2015-07-30,46.659646766,46.67281408598233,45.6126664833153,46.19871520996094,24.033492885399014,18.844669757393223,20.4006019866755,25.84331501528514,25.943524674633217
ABBV,2015-07-31,46.34358968330828,46.34358968330828,45.91558383490135,46.09995651245117,23.547526844819348,18.86086176913081,20.408416718129025,25.845410078879254,25.795650280665484
ABBV,2015-08-03,46.21847557723863,46.61356054458417,45.619259441471854,45.91557693481445,23.503798120437615,18.774613009559275,20.350267741479225,25.85013698894742,25.80066789255195
ABBV,2015-08-04,46.119697935651736,46.35016372225091,45.876059804802686,46.06043243408203,23.37227421629187,18.72284447942749,20.047453982947008,25.849894844050514,25.762727593649583
ABBV,2015-08-05,46.15921427786509,46.51479228803112,46.12629345812169,46.29091262817383,23.408269068812636,18.7338020736808,20.05024755289699,25.847811235313618,25.743351969419496
ABBV,2015-08-06,46.33700404647187,46.60697686280614,45.3031958985027,45.59292221069336,23.59525901157849,18.981566514287433,20.04770407920644,25.84951590244875,25.750032153289222
ABBV,2015-08-07,45.4875643102586,45.63242996471447,44.624956556119805,45.18466567993164,23.60463490665314,19.049086052786894,20.07227092563881,25.812288879898677,25.76323444964726
ABBV,2015-08-10,45.38219567632835,45.71802007210127,45.10563677335142,45.57315444946289,23.585567003964357,19.017863621539743,20.102437654585614,25.80963155718395,25.766279379342844
ABBV,2015-08-11,45.10564774733324,45.62584487165217,44.736902453650075,44.9410285949707,19.352801118727776,19.261036139470715,19.997704540607746,25.858712503270116,25.7980321316559
ABBV,2015-08-12,44.6644664400816,45.382203481793404,44.2759626558423,45.270263671875,19.443503751587436,19.26012936522913,19.888975618041048,25.58420992332507,25.78600813127053
ABBV,2015-08-13,45.22417485108038,45.494147655235246,44.91469003321707,45.131988525390625,18.66713743140335,19.276134144534282,19.90185708034658,25.577256203385655,25.755749430593454
ABBV,2015-08-14,45.1451564875563,45.72461914156867,45.04638901132968,45.20442199707031,18.618163231622482,19.27392755982344,19.744802957147765,25.573540875655898,25.73681278190677
ABBV,2015-08-17,45.2439346022862,45.97484415973653,44.97396176080004,45.678531646728516,18.840467514034913,19.350787238612508,19.365257863984837,25.579285085410646,25.745702117145314
ABBV,2015-08-18,45.71143087905509,45.922143127932955,45.21757357476856,45.34268569946289,18.942841071286995,19.413953115161718,19.19914008510995,25.580942813175483,25.751497124252452
ABBV,2015-08-19,45.2702718579551,45.4875703685801,44.91469384705376,45.164913177490234,18.550389388409364,19.358150031387364,19.20758271140683,25.584858754850874,25.700785200332554
ABBV,2015-08-20,44.776407534467666,45.05955266541614,44.43400192260742,44.43400192260742,19.149818415727637,19.28060884526356,19.37638835956953,25.656881143385153,25.753850956012826
ABBV,2015-08-21,43.946726014994795,44.22328999963901,43.347514933117296,43.39360809326172,19.52156056558838,19.887495261462902,19.7798126472629,25.77597854803158,25.86991061174414
ABBV,2015-08-24,40.27901369818607,42.702207864256124,35.472134867583364,41.78034210205078,21.753507251270616,21.176678233513364,20.31823400784574,26.0935535175942,26.155598214000864
ABBV,2015-08-25,42.87341849008984,42.880004663771054,39.936613000587,39.97611999511719,24.693557477040248,22.93428454413296,21.553020931017304,26.600487391522975,26.511376467883828
ABBV,2015-08-26,41.135031927964405,41.62888935301835,40.08805408637449,41.576210021972656,27.77127613961245,24.39484948340816,22.35144954711199,27.012206468309163,26.792298583850865
ABBV,2015-08-27,42.16226149905201,42.53759300999574,41.48403131469566,42.47833251953125,28.630709816270183,24.782853962209856,22.492890381913806,27.132113961230274,26.872834371348997
ABBV,2015-08-28,42.083244144551536,42.65611814773444,41.773759303895766,42.129337310791016,28.66248282586154,24.793854964685018,22.52443532776158,27.016034070960277,26.886607647721654
ABBV,2015-08-31,42.234695873074244,42.34663570832069,40.9901752902602,41.09553146362305,28.998900983347603,25.280335916398393,22.552479256371388,27.15716981586011,26.99995939899557
ABBV,2015-09-01,40.16708708203529,40.581928192932985,39.613966438134945,39.83784866333008,30.02517988598087,25.96771564681848,22.684932021843768,27.223341801851696,27.181835028259787
ABBV,2015-09-02,40.535821606250636,40.56215876199864,39.692969825090735,40.15390396118164,30.224807233361744,26.04330742611951,22.70777321833175,27.232469837711253,27.181679734829693
ABBV,2015-09-03,40.46338187830515,41.00991607321375,40.397532720438214,40.54898452758789,30.5005972064223,26.067895655100514,22.72130798623862,27.250863205091306,27.19757409257545
ABBV,2015-09-04,39.936607335978636,40.03537732018384,38.82378025928866,39.357147216796875,30.066929278431243,26.702376246122473,23.196028214361135,27.36835728235804,27.358117823634913
ABBV,2015-09-08,39.653460592536824,40.127562023739834,39.44933194773033,39.88392639160156,29.77050276070129,26.75254256469961,23.24994416484388,27.30838265435775,27.379366861840143
ABBV,2015-09-09,40.50948275462342,40.50948275462342,38.922554169920105,39.021324157714844,28.6339632427024,27.07397322479685,23.491421596741205,27.42348385582603,27.363004496084013
ABBV,2015-09-10,39.08718993946482,39.59421746366661,38.77770498669344,39.2320556640625,28.827327521068895,27.11505313618734,23.28455124416996,27.404689007825837,27.36495985187303
ABBV,2015-09-11,39.25837829646317,39.35056462820685,38.830369968811944,39.080589294433594,28.818591532005218,26.894878308903163,23.288837783932127,27.004319668139203,27.344972132006284
ABBV,2015-09-14,39.13325868643598,39.258368317445395,37.888738500460526,38.810604095458984,28.80238472483941,26.592978598664846,23.18787001384045,26.7966642434671,27.35431279327492
ABBV,2015-09-15,38.83695348242109,39.13985214610838,38.43528231401921,38.98181915283203,28.949018737102033,26.55519302191054,23.196283443880514,26.764592685569493,27.35747145521414
ABBV,2015-09-16,39.17935994236993,39.27154626974385,38.606485970911265,39.185943603515625,29.00874441438824,26.493079644772514,22.757603008670365,26.77108835878895,27.338655804156453
ABBV,2015-09-17,39.2188736580633,40.11439987153406,39.10693131144864,39.41641616821289,29.036973369795362,26.54908098623277,22.654181345354367,26.74319584876032,27.290916583878435
ABBV,2015-09-18,39.12668302360472,40.713614229913,38.83037052784528,40.31194305419922,29.965108798461138,26.966112768843313,22.657011047534592,26.837369689579017,27.380357764915686
ABBV,2015-09-21,40.325113149038025,40.65435149034931,39.04108311554616,39.106929779052734,30.892727921028268,27.49256080659719,23.059275000038852,27.058970173963008,27.542453396206085
ABBV,2015-09-22,38.30358561185208,38.36284861096234,37.47390613619753,38.020442962646484,31.342043840481253,27.87476055697673,23.35858195804914,27.169102456244776,27.681162211038433
ABBV,2015-09-23,38.12580337647053,38.45504173892057,37.631945832795466,37.81631851196289,31.25197929899693,26.29544690010357,23.359099339733273,27.170122428693638,27.614932786783196
ABBV,2015-09-24,37.48706719976681,37.849228770976836,36.82200453070273,37.25001525878906,31.112714121826674,26.41527225973168,23.43984462139131,26.801358276993685,27.53794970616334
ABBV,2015-09-25,38.08629519118482,38.11263486394887,36.26890047258565,36.703495025634766,31.18545101524593,26.116487864971965,23.467253647874884,26.81871237554226,27.51913606184468
ABBV,2015-09-28,36.47301559003536,36.499355254807355,34.464662621111245,34.57001876831055,34.631678744963835,28.57474657591186,25.23893896653458,27.53114810765037,28.08650955936397
ABBV,2015-09-29,34.965112501815966,35.68285222041138,34.16177261897759,34.760986328125,34.42105420344831,28.630979638422826,25.171474481474533,27.542175360494745,28.070706008152417
ABBV,2015-09-30,35.2548352994215,35.88697218832588,35.136309318765846,35.82770919799805,36.26116932097281,29.43126052695908,25.635231543888437,27.585494564001863,28.206324849767206
ABBV,2015-10-01,36.005507632829605,36.36766933029689,35.51165008758621,36.301822662353516,36.75598313105133,29.563935789196833,25.743471636757643,27.62660941843841,28.22252414135191
ABBV,2015-10-02,35.472145689882105,36.775929495723915,35.373375673738025,36.75617599487305,37.08514962189191,29.696949066786026,25.82957806970832,27.632603585573275,28.232705509490234
ABBV,2015-10-05,37.13149373518811,37.50024152219144,36.50594048533321,37.322452545166016,37.2193226435827,29.608180790184512,25.92717054743052,27.517784319362367,28.055752236070397
ABBV,2015-10-06,37.04590210534736,37.31587748152192,35.53140603139517,36.26890182495117,36.60093976738535,29.879674547335018,26.218303138813198,27.649039551878463,28.161211103058037
ABBV,2015-10-07,36.11743294657082,37.23684343467784,35.49846597638852,36.631046295166016,34.8528691507772,29.97866795417809,26.281830223090473,27.645269403203766,28.105630189631498
ABBV,2015-10-08,36.30182911070668,36.980059456178175,36.08453054649359,36.90104293823242,32.65684416478218,30.059270822148825,26.311705150657293,27.65478239949468,27.96059173559941
ABBV,2015-10-09,36.99321221173536,37.203924503547725,36.52569447126972,36.63763427734375,31.760498234608196,30.031073147511727,26.321451210985785,27.648717441042514,27.827082142073067
ABBV,2015-10-12,36.74299339267024,37.05247819523225,36.558620750406334,36.72323989868164,31.812468705274995,30.047570924519455,26.321077025508544,27.638552487374813,27.723848774942972
ABBV,2015-10-13,36.663440372598004,36.789707246122525,35.69319220957121,35.75300216674805,31.92407200460013,30.23905845677132,26.621363109584284,27.8054887438624,27.741802359849427
ABBV,2015-10-14,35.94571527335385,36.297927977404264,35.60014699189596,35.846031188964844,30.978546801816538,30.273007502372014,26.63030555104291,27.713534699820112,27.72712191888663
ABBV,2015-10-15,36.0985568984701,37.347918568348916,35.7862158472326,37.30804443359375,33.31292817100185,31.59478849625242,27.38815882187417,28.018497450096792,27.997870028110157
ABBV,2015-10-16,37.40773491370095,37.859631711418615,37.07545800567746,37.56722640991211,33.231619104129315,31.663291998742405,27.221574235152158,27.529932812794044,27.815804544113735
ABBV,2015-10-19,37.40773899829847,37.680205991225876,37.00900514408907,37.321346282958984,32.24088800172747,30.975882566124536,27.22886043100376,27.530769497292994,27.811475553482758
ABBV,2015-10-20,37.31469552239532,37.46754258660926,36.30457347904663,36.43748474121094,32.53525279739307,30.941281576274456,27.398803666146527,27.60772138736255,27.851721645507283
ABBV,2015-10-21,36.736531069950786,36.955835027754446,35.2678678676336,35.77293014526367,32.37615906031312,30.41274107057974,27.502568808833562,26.027751897236158,27.705460985982462
ABBV,2015-10-22,35.806153330426824,36.17830177233802,30.20396555167985,32.078006744384766,44.53076294411046,37.19894728164774,32.325178208828014,28.946532275719676,29.750048131687677
ABBV,2015-10-23,32.83560097371432,34.3773654844134,32.32389427752356,33.453636169433594,46.71501178789591,38.483368880825815,33.07902682133079,29.306597255971123,29.70502456823194
ABBV,2015-10-26,33.34066358923272,34.87578381025027,32.79572966525003,34.47040557861328,47.80465175447637,39.154481685173316,33.45473455441812,29.378738299359608,29.831230864975268
ABBV,2015-10-27,34.563443652571316,35.54698555381787,34.563443652571316,34.94224166870117,48.018054571703466,39.336333575185854,33.55010934159628,29.2704377924802,29.862023951337612
ABBV,2015-10-28,35.101735543236536,35.77958080126877,34.60996709441651,35.39413833618164,48.19104202727155,39.46746065975179,33.61231603490478,29.30913924948663,29.881728498701964
ABBV,2015-10-29,35.354261368853855,36.67007754033028,35.23464148644041,35.95235824584961,48.43715638232921,39.63573068752699,33.732122563341036,29.359102385145576,29.88499854463125
ABBV,2015-10-30,38.45772995076955,40.35835433580536,38.31817425300525,39.574180603027344,55.91391241706019,44.562611276540295,37.119474232370095,31.42080489290554,31.334730262905335
ABBV,2015-11-02,40.93651535850365,42.664354321237695,40.830186845951886,42.119422912597656,58.042987017145954,46.4658373589268,38.46329512080489,32.241402252455565,31.73947491964096
ABBV,2015-11-03,41.94663940041077,42.34537324189332,41.14917425251749,41.48809814453125,57.56481612903451,46.50720503009091,38.46751886820982,32.279382459504106,31.774163765964662
ABBV,2015-11-04,41.488094851186005,42.63112822360088,41.401702145461904,42.39853286743164,57.76081616149411,46.67522925075595,38.62839531218581,32.37277752197999,31.833320719297348
ABBV,2015-11-05,42.33207016288745,42.65105562688643,40.99631583887862,41.71403503417969,57.79560498229371,46.74682757437083,38.71058427005827,32.12138473096883,31.8752643182288
ABBV,2015-11-06,41.368476602693406,42.730814004815386,41.28873085159263,42.617835998535156,57.73845699836225,46.97783416362183,38.790716069474,32.185249245365874,31.94532568284027
ABBV,2015-11-09,42.2789089865879,42.61783028462975,41.93998768854606,42.01973342895508,54.71558330804175,47.0518699279036,38.742082049846346,32.226928530045726,31.91666746246897
ABBV,2015-11-10,42.086191168186794,42.278909833446164,41.388407686649145,41.40169906616211,55.063777330077414,47.06937768533896,38.78524896686346,32.27264747006434,31.74270964648015
ABBV,2015-11-11,41.3352501897915,41.38176875672522,40.25202669889541,40.44474792480469,55.19168771994685,47.26664130180314,38.91366049433177,32.39328180641645,31.828830163787458
ABBV,2015-11-12,40.39822448142998,41.02290411561511,39.972910472191465,40.02607345581055,55.276082065433876,47.297114005888716,38.94079096350301,32.417396300135174,31.845362513674598
ABBV,2015-11-13,39.879874883966856,40.51784849799718,39.1355752918485,39.78019332885742,55.270445627758605,47.211669269789745,38.91461228515282,32.42577862392138,31.850553229157146
ABBV,2015-11-16,39.70044028047985,40.41151255686066,39.58082040827829,39.87986755371094,55.14016020529482,46.998623016116746,38.88700831362642,32.38369941447586,31.846116137791412
ABBV,2015-11-17,39.9396861340492,41.022909640065095,39.69380191467148,40.125762939453125,54.365552670834504,46.40140925229843,38.86946307705122,32.36668122243903,31.81063167101402
ABBV,2015-11-18,40.04601661405985,40.57766175834031,39.773549618398484,40.53114318847656,54.36678687789468,45.554390093560464,38.19379622183895,31.63256262407347,31.7887990707851
ABBV,2015-11-19,40.68398374078316,41.022905057466616,39.96626443241134,40.238731384277344,54.438487518202585,44.84450415046966,38.20713052562643,31.53574688263521,31.786102767640795
ABBV,2015-11-20,40.497902540764635,40.77701641972409,40.25201837566245,40.610877990722656,54.38258992436962,44.65747950908285,38.10281187214446,31.550801783236356,31.796617592431613
ABBV,2015-11-23,40.74378728933453,40.88998737600445,40.43144624654998,40.63745880126953,54.38771529789245,44.630878765813016,38.0997287708834,31.54580798401263,31.624995834406977
ABBV,2015-11-24,40.24538432713619,40.969748165689275,40.22544598666849,40.62417984008789,53.64876173569021,44.34394762320621,38.09946328673101,31.50668874221899,31.618320896958302
ABBV,2015-11-25,40.60424702999761,40.62418537318095,40.01279439536066,40.06595993041992,53.903778936049285,43.97011201797078,38.14224998451934,31.427579031612474,31.644198450329363
ABBV,2015-11-27,39.98620674075113,40.17228355564415,39.61405818110895,39.873233795166016,52.83785809849455,43.95093658208762,38.09775420507647,31.433519810575177,31.632273836818353
ABBV,2015-11-30,39.8466512079362,40.01278968282092,38.51754340885836,38.6438102722168,53.697328156273514,44.360691193054265,38.388201684465,31.575137712209706,31.773328514101884
ABBV,2015-12-01,38.69696767657237,39.275128775841786,37.98589530957841,39.22196578979492,53.795774950278656,44.0558304397528,38.346141704720296,31.600680743529736,31.810586728100482
ABBV,2015-12-02,39.32165632196398,39.46785900336682,38.12545970932593,38.358055114746094,53.72782010058741,44.198172772570935,38.42378372693556,31.709422514382506,31.88369744356498
ABBV,2015-12-03,38.351398466498345,38.37798122641432,36.9026710070072,37.29475784301758,54.115847576348926,44.34453634511554,38.64111035358516,31.777902402258256,31.984933137817016
ABBV,2015-12-04,37.54729444032227,38.198556942335166,37.3479287821668,37.99919128417969,42.98896853211314,44.507149819729634,38.78151301671291,31.82160144253005,32.00284015343831
ABBV,2015-12-07,38.477663016125646,38.53747295483746,37.055515866208225,37.394439697265625,42.00474335313594,44.615929965201936,38.836590956422505,31.876450010027398,32.03867269229202
ABBV,2015-12-08,36.922614204493634,37.793178158223796,36.88938448268897,37.6602668762207,41.28066539665387,44.62523909804311,38.862565168292264,31.84518564140395,32.04627665245657
ABBV,2015-12-09,37.401089480069324,38.17197183669594,37.02894095036307,37.23495101928711,41.35494900514555,44.66813442079886,38.829483090928505,31.747583992483147,32.06233629414105
ABBV,2015-12-10,37.21501215396222,37.64697313049218,36.982419342028564,37.068809509277344,41.26899118583993,44.65682064045391,38.830430539761004,31.692177615961565,31.987683657728095
ABBV,2015-12-11,37.06881312995643,37.06881312995643,35.786223990139646,35.91249084472656,42.13440674572951,45.07421294553783,39.107955685278164,31.90287230068324,32.12947878312835
ABBV,2015-12-14,35.693190815284325,36.869451570432304,35.38085219340366,36.84286880493164,31.887326497023338,45.14947346690627,39.36152644924879,32.02531291057188,32.13123364455268
ABBV,2015-12-15,37.31469826005939,37.87956799686111,37.155204226746335,37.47418975830078,26.06776291887407,44.89917905203195,39.12252473324312,32.08344344241461,32.17364318297731
ABBV,2015-12-16,37.66025575925283,38.33810081581019,37.34791725407769,38.2982292175293,26.866993269584476,44.76039886791163,39.17094831931858,32.04990601166808,32.24597434785845
ABBV,2015-12-17,38.3181648194997,38.49759461605377,37.447598592160574,37.46753692626953,26.399556945782493,44.97522720588052,39.028441276187685,32.15598467468542,32.25254141485047
ABBV,2015-12-18,37.14855337615343,37.2814620900003,36.78969376459595,37.0422248840332,26.24223015205659,44.92942238786858,39.04993635639687,32.16066869771615,32.204236040702604
ABBV,2015-12-21,37.215015815721074,37.38779870229106,37.01565016657978,37.34792709350586,25.396817360034905,44.85547937676436,39.07184547323499,32.1326207674001,32.21550418741294
ABBV,2015-12-22,37.57387500611533,38.53747858841554,37.494126719460716,38.27165603637695,26.546056422289492,43.32649148055655,39.29865630993287,32.25367714797801,32.29557317525853
ABBV,2015-12-23,38.46436969327153,38.94949360049905,38.28493988620307,38.92955780029297,26.92885029841621,43.43421879684175,39.41131776372585,32.176712283289966,32.098905072524026
ABBV,2015-12-24,38.79665238175504,39.02924520269003,38.54412122254589,38.849815368652344,26.159104491578223,43.03663621682894,39.403839849027385,32.0107408933997,31.96941000869505
ABBV,2015-12-28,38.723552153573834,39.18874034369364,38.3846282790997,39.042537689208984,26.075148208756172,42.97340501867837,39.40365471351612,32.01189906935694,31.951469789217928
ABBV,2015-12-29,39.22196641904567,39.67386321551608,39.22196641904567,39.50772476196289,26.276621313646686,42.966951217683246,39.40179256661919,32.027188639977226,31.97371802181404
ABBV,2015-12-30,39.474490710550164,39.9529676496899,39.4146807762738,39.74031066894531,26.32511901093962,42.878335241643384,39.399831624340216,32.02928749632499,31.95607771994997
ABBV,2015-12-31,39.540958411107795,39.82671680075014,39.341592741259475,39.3681755065918,26.3894571661827,42.489177857908885,39.38879966047253,32.0296756647947,31.94351603865667
ABBV,2016-01-04,38.583984637820066,38.75676746604285,37.48082571435513,38.284934997558594,27.329604082878888,42.86913117689908,39.563110768360744,32.19245564671851,32.05461418995207
ABBV,2016-01-05,38.53747916429867,38.71026205115551,37.75994983576346,38.12545394897461,27.29196310244238,42.85828926310547,39.53931321530764,32.10553565697224,32.00251626549414
ABBV,2016-01-06,37.46089836936735,38.25171904280191,37.334634055364695,38.13209915161133,27.100378655660073,42.82829545729703,39.539852554550095,32.10508215461545,31.999199638583303
ABBV,2016-01-07,37.56057808982778,38.43778883318303,37.440958212545574,38.01911926269531,27.088726488342807,42.83325871486433,39.5368321667464,32.05876395281225,31.747843609150735
ABBV,2016-01-08,38.245072638518444,38.41785805499332,36.869446404986164,36.982421875,28.062512897278104,42.85737858542642,39.700387679892124,32.215738407905434,31.84457545882814
ABBV,2016-01-11,37.12197225713926,37.201717995979934,35.10837523968093,35.806156158447266,29.165171505266695,43.3809090325327,39.98110297376067,32.250511261048295,31.88702752149905
ABBV,2016-01-12,36.198245751375474,36.53052264636494,35.600146326365824,36.444129943847656,29.813850423977478,42.73847969855285,40.10625299382104,32.27649011846502,31.93962286120715
ABBV,2016-01-13,36.632150494664664,36.6791576329093,34.23477619740052,34.369083404541016,32.95272939318322,44.34040693365145,41.03824573676616,32.87335406426755,32.337022781073834
ABBV,2016-01-14,34.46311124414079,38.16326357667315,34.05347525391182,36.63888168334961,38.05893823300147,46.306713077239834,42.23104518830848,33.737405424290415,32.972843183053975
ABBV,2016-01-15,35.59800259667335,38.55275209116596,35.59800259667335,38.50574493408203,40.4153184099983,47.15230974182123,42.60733436188626,34.221761892501064,33.328678933430545
ABBV,2016-01-19,38.633336636524454,38.767643901710464,36.41727572689841,36.927642822265625,41.43255391750421,47.802895076367776,42.549407320711325,34.5652101413411,33.48369016719771
ABBV,2016-01-20,36.40383665748723,38.901942525246206,36.061355640954524,38.37814712524414,42.60536510072666,42.646137299517726,42.53235753749377,34.86827022410613,33.668642596817584
ABBV,2016-01-21,38.47215605339159,39.46602535759738,38.22368680606733,39.190696716308594,42.718905884134934,42.0379623185781,42.52557513813453,34.93000655723498,33.71503149889031
ABBV,2016-01-22,39.687636594265236,39.90924392225993,38.82807436574704,39.506324768066406,42.730298525918606,41.66829872797392,42.53151576112128,34.943558525961684,33.72180113096442
ABBV,2016-01-25,39.64062939099328,40.164427364768265,39.06982682971386,39.38544845581055,42.579178962594554,41.61478551873432,42.35621002661421,34.91519100898549,33.711946927308055
ABBV,2016-01-26,39.62719680280689,39.801796974212,38.41843682923014,39.1235466003418,42.61242088041315,41.589600188976625,42.08285633676259,34.90759839666765,33.71198083217482
ABBV,2016-01-27,39.19070102099797,39.57347496527983,37.90807195678918,38.35128402709961,41.94058256692483,41.717935748605,42.17867760096866,34.983441416959096,33.76688432959049
ABBV,2016-01-28,38.43186300048061,38.76762976011616,36.78660536592704,37.50514602661133,41.91661052165225,37.001024120562604,42.28779019070963,35.072094142239536,33.78117902674067
ABBV,2016-01-29,35.873319449671094,37.14251995574318,35.873319449671094,36.867191314697266,41.92423019204157,34.714902371367366,42.11362040736997,35.112375344285276,33.75973961218374
ABBV,2016-02-01,36.37025159321032,36.85375649753396,35.262220374700924,36.52470397949219,41.453091999315376,34.6435197444336,42.076017565282726,35.10214719072533,33.475665412957234
ABBV,2016-02-02,36.02106785949108,36.78661588040008,35.806177276839364,36.229244232177734,41.055396384326095,34.30481879557429,41.95793837910408,35.11216125159532,33.47929206546524
ABBV,2016-02-03,36.618727865283546,38.39829300174176,36.29639203168573,38.16997146606445,43.720780405997374,35.969440984748914,42.78147366278704,35.6657821238278,33.85214941678151
ABBV,2016-02-04,38.10282066568281,38.48559464363325,37.176103505630266,38.116249084472656,43.67165277166508,35.65110819444393,42.77799581002673,35.66467687141971,32.89028676971079
ABBV,2016-02-05,37.7737684477277,37.83420657971196,35.336100539959,35.67186737060547,47.15855712412933,37.945642168810586,44.032935624918,36.49757902402217,33.50013052130558
ABBV,2016-02-08,35.309228925427625,36.329957483185396,34.87944537905462,35.51740264892578,46.80045902619232,37.86374858688035,44.02829567834718,36.498363706435285,33.449745398588725
ABBV,2016-02-09,35.12793057014849,36.22252871284391,34.96004713654145,35.91362380981445,46.979750938102555,37.71261918202733,44.05903693509482,36.526138395824425,33.37312618072545
ABBV,2016-02-10,36.33668292721281,36.726171076927606,35.289089605684595,35.40325164794922,47.04176282294824,37.75837764778754,44.096923795101866,36.538983002933136,33.308143287025125
ABBV,2016-02-11,35.12120602420055,35.671863359608224,34.79887021042757,35.04062271118164,46.86126177921698,37.787118789474675,43.95823036645105,36.47498933498017,33.32188832763825
ABBV,2016-02-12,35.27566351505858,35.57113997478712,34.65113698552034,35.309242248535156,46.89638265400985,37.8285388436005,43.73453340143792,36.48894396012793,33.32471080355978
ABBV,2016-02-16,35.88675444989304,36.175514101123824,35.40996621151564,35.93376159667969,47.2719649840145,38.00519143283929,43.613892147924034,36.52857260001533,33.325540126515214
ABBV,2016-02-17,36.491140404347014,37.035083609306106,35.82632093161923,36.94106674194336,47.47467968289813,38.40922461889596,43.83561477044289,36.67926151021083,33.42143389537617
ABBV,2016-02-18,37.290255091551764,37.290255091551764,36.37696910560675,36.63215255737305,47.51350283250149,38.417281708992114,43.7907473328397,36.68728817579287,33.419557695658185
ABBV,2016-02-19,36.59857911136738,36.934345892205606,36.24938135189194,36.457557678222656,47.521537358807045,38.35666714835567,43.734534125359936,36.681097617009335,33.42046988838231
ABBV,2016-02-22,36.45756242491167,37.14924126375028,36.08821943024147,37.122379302978516,47.854992894356776,38.569720436602026,42.76044956963749,36.741107414312744,33.24800929767233
ABBV,2016-02-23,37.40442062917019,37.814056519674914,36.934346614464815,36.981353759765625,47.18677927701083,38.57176117865226,42.75942040442139,36.74257169156692,33.22914840575864
ABBV,2016-02-24,36.70602883168802,36.981357522908446,36.26953093896653,36.86048126220703,46.19845595956399,38.488894371493885,42.49889107459336,36.73478975222609,33.22644978075892
ABBV,2016-02-25,37.04851099774543,37.76033760349839,36.551577521144274,37.74019241333008,46.415901163763465,38.81958093208757,42.611473222685255,36.849854822524975,33.3096338700053
ABBV,2016-02-26,37.780474509744245,38.13638901543007,37.47156970697298,37.60587692260742,42.86001268907343,38.30447267362888,42.57199183312731,36.8346625286806,33.31104391498854
ABBV,2016-02-29,37.51858614731316,37.60588624336776,36.57844052824758,36.672454833984375,39.49603235729744,38.49815569242217,42.691445746907,36.94500912192999,33.4044746692105
ABBV,2016-03-01,36.786604801836944,37.834197998046875,36.423978653880894,37.834197998046875,37.801361771785686,38.80136012394551,42.732555776920535,37.1055406713889,33.55219573865973
ABBV,2016-03-02,37.72004181619563,37.894641990142865,37.20296318843002,37.404422760009766,35.89614649010752,38.43819339219772,42.746043337062034,37.12648186510326,33.542539835651624
ABBV,2016-03-03,37.39769544466689,37.66630983883294,37.03506934274846,37.55886459350586,34.06094585034329,38.2514583694632,42.735410164403234,37.1308749808364,33.52719360702876
ABBV,2016-03-04,37.60588818039013,38.07596229498458,37.13581406579569,37.70661926269531,33.47202335487318,38.1167561410236,42.72318177229212,37.088291724627005,33.01835693809107
ABBV,2016-03-07,37.40441112066043,37.9416373316004,36.82017777636925,37.87448501586914,33.40152987876125,38.10003941062517,42.72706254878605,37.027862571373916,32.948633215066785
ABBV,2016-03-08,37.72676176690954,37.921507145920835,37.08880426838498,37.14924240112305,33.802171156486175,38.23726829695701,42.62319784937983,37.07845094753593,33.00589335834188
ABBV,2016-03-09,37.27682850085422,38.042378946247304,36.96120945510962,37.86777877807617,34.31360506904132,38.426420306503,42.72603604969292,37.13624459304967,33.05662353378149
ABBV,2016-03-10,37.98195284372857,38.52589358501312,37.14924980033879,37.760345458984375,33.85219461101937,37.84931346302161,42.25837556801595,37.13681793679803,33.0293541202292
ABBV,2016-03-11,37.87449696823441,38.86164964183026,37.840918238075425,38.767635345458984,34.06565997204576,37.870540468532916,42.44970289396131,37.25677495843136,33.04647651948371
ABBV,2016-03-14,38.72733896417276,38.7676318997638,38.25726752409666,38.418434143066406,33.767761776367536,37.77234778544673,42.461769654985304,37.25210913882119,33.05919564773771
ABBV,2016-03-15,38.04238177029254,38.230410369945126,37.02165032902595,37.35070037841797,34.71596031716551,37.953504079707976,42.52833823569543,37.37135289577082,33.124097217634784
ABBV,2016-03-16,37.32384096111867,37.968512641061956,37.1022336301833,37.81406021118164,34.767997411629786,37.77312167621794,42.46501041052676,36.9925853962041,33.131226619158866
ABBV,2016-03-17,37.91479037467346,37.91479037467346,36.53814686419266,37.14924240112305,31.665667379397384,37.87788869116627,38.7820189695083,37.04641886203241,33.17694937130064
ABBV,2016-03-18,37.33054498042251,38.00879264490631,36.800032934538024,37.9886474609375,32.37315440614634,38.11788607120178,38.3828462427773,37.07036634388675,33.18276034511561
ABBV,2016-03-21,37.95507816407635,38.12967576733886,37.42456602225606,37.61259460449219,25.822549577069626,37.837753976972145,38.1460372446062,37.083538006817086,33.17233783191542
ABBV,2016-03-22,37.437994567207674,38.640040209374654,37.437994567207674,38.61317825317383,26.701415143428896,38.06437420902788,38.3061133257985,37.22275905979807,33.2770487781443
ABBV,2016-03-23,38.38486358776027,38.61318513275227,37.75362287475772,37.84763717651367,27.374757820653983,38.28061899329087,38.402597865370794,37.2856498297542,33.30717700079664
ABBV,2016-03-24,37.69989338085206,37.77376248179913,37.38427179014992,37.68646240234375,27.01505812158202,38.27184882213497,38.3349518273539,37.259200649527116,33.22377692256373
ABBV,2016-03-28,37.840915155320964,38.07595343879894,37.47157220893814,37.67974853515625,26.77023577002323,38.18423339250842,35.14284357916488,37.25363977955794,33.182728775032174
ABBV,2016-03-29,37.67303948299325,38.34457318188224,37.082091672393325,38.310997009277344,27.047255408626263,38.32748849984357,33.785702800569744,37.24143449367913,33.217613774083034
ABBV,2016-03-30,38.566183576898,38.63333592740941,38.08939522785224,38.27742385864258,26.695123052440273,38.283699240177256,33.70938135185496,37.20821743607451,33.202314082919685
ABBV,2016-03-31,38.29084936807123,38.58632325446573,38.15654212454732,38.358001708984375,25.574512739966952,37.85682907451012,33.51923383578072,37.206538851306995,33.199036212054985
ABBV,2016-04-01,37.99537013915333,38.66018693048558,37.84763193588073,38.55945587158203,25.43227158110344,37.86130731719734,33.44358486707648,37.21385861082893,33.10833070265838
ABBV,2016-04-04,38.707197545795964,39.8890981545654,38.60646903955716,39.761505126953125,26.693104368218414,38.37410708950097,33.63204020407768,37.398657644802924,33.24832462214143
ABBV,2016-04-05,39.31159210205078,39.99655693485581,39.00940135791645,39.31159210205078,26.60235993298294,38.4470803917179,33.60686115022708,37.419377369267494,33.25295616295577
ABBV,2016-04-06,39.29814695432999,40.224864048446655,39.29814695432999,40.21814727783203,27.21604244674061,38.25599101696767,33.73394435571954,37.495790968006034,33.301370946968945
ABBV,2016-04-07,39.90253997892594,40.22487847994043,39.45932774215393,39.821956634521484,27.411524702587435,37.68351562793641,33.56644741226899,37.50968877557484,33.31049696561919
ABBV,2016-04-08,39.94953675316957,40.157710538865,39.063110005311046,39.26457214355469,27.075354332651365,37.67360244141397,33.60022592546355,37.54211531857271,33.244642554171236
ABBV,2016-04-11,39.34516715099557,39.7883793757512,39.116845546624596,39.28472900390625,27.03718502697094,35.54940542174058,33.58674325543911,37.54248199586276,33.130234940074224
ABBV,2016-04-12,39.60705179846974,40.325592552389224,39.41230643780438,40.21814727783203,26.549637349526815,33.45385399443871,33.793017367425364,37.43008021567877,33.21059900420037
ABBV,2016-04-13,40.59103734174361,40.679176281186976,39.7977946456904,40.0418701171875,25.24669541221079,31.93099518965011,33.78630520198213,37.3647138625151,33.20267744562298
ABBV,2016-04-14,40.10288462203404,40.33340003266748,40.00118565787055,40.19102096557617,24.932232257503625,30.681708791533584,33.753182042311195,37.22388188991276,33.20095979426841
ABBV,2016-04-15,40.37407822947583,40.502897264428114,39.85202853817818,40.34695816040039,24.930844134640108,29.697304324343605,33.73930549518092,37.22202611318857,33.19094307226324
ABBV,2016-04-18,40.340184764361865,40.89613332227664,40.20458698738722,40.59782028198242,24.951723585829765,29.423090660071853,33.72185104843503,37.21938578310434,33.19337278235703
ABBV,2016-04-19,40.74018841649275,41.51309222429818,40.45543288469962,40.79442596435547,24.954660188802805,29.395916568828362,33.730441366871425,37.224775457373724,33.13696668935323
ABBV,2016-04-20,40.79442389510439,41.43173250777027,40.65204742958568,41.004600524902344,24.08905138146865,29.40109046833798,33.740092081028536,37.228993506194065,33.14086031722787
ABBV,2016-04-21,41.06562470012849,41.64869325691431,41.04528594136549,41.60801315307617,23.86373682709342,29.497371040015718,33.74332462798104,37.270030543409895,33.142630295439545
ABBV,2016-04-22,41.56057197055851,42.02838431122471,41.33005645689621,41.641929626464844,23.807574388384232,29.172269578827404,33.73307841903366,37.26454075746886,33.140133234518
ABBV,2016-04-25,41.44530403107263,41.56056046283375,41.1876685080073,41.33682632446289,22.95822031312635,28.81249801977041,33.37145661451177,37.23281607050068,33.0288405367401
ABBV,2016-04-26,41.330042587477344,41.553779299030374,41.03850828313924,41.3097038269043,22.73058033572534,28.550447177098125,33.294476186080665,37.21924294184794,32.990546207143666
ABBV,2016-04-27,41.30970316202586,41.68259508896684,40.848672296832966,41.15376663208008,20.90228153910571,28.479769161816392,33.10111860775967,37.20559861648462,32.91527458763473
ABBV,2016-04-28,39.70288003889214,42.1029496587058,39.00455236693022,41.49276351928711,20.780092929968703,28.42869486176143,32.79702387452235,37.185652189419116,32.90081536408144
ABBV,2016-04-29,41.377501236068724,41.66225681438962,41.004609304780836,41.35716247558594,19.925325030597484,26.47384710540402,32.68142654283183,37.175700931469784,32.86899214575737
ABBV,2016-05-02,41.21477854280624,42.03514116087623,41.15375968605572,41.65546798706055,19.15411116399658,26.494377762588627,32.58374333133548,37.18554644578159,32.87286901861612
ABBV,2016-05-03,41.350390505736485,42.09617449014127,41.16733387255071,41.87921905517578,18.759659464430264,22.424173586423894,32.57679674342392,37.191109757854655,32.87249192161048
ABBV,2016-05-04,41.560555357253506,41.79785208940104,41.3639387299544,41.66903305053711,17.631387971357064,22.43386315463039,32.53085196641897,37.17255686355929,32.851543606676216
ABBV,2016-05-05,41.63514323988548,42.30635088999312,41.41818780650605,42.26567077636719,16.58550132196909,22.4930491205957,32.58424195734872,37.20418939466037,32.882100355247104
ABBV,2016-05-06,42.03516368627797,42.543653569579725,41.79786944192914,42.38093566894531,16.41730035772894,22.211419689529542,32.152099275853715,37.203609149536796,32.86198503664851
ABBV,2016-05-09,42.27922337974844,43.30298148934265,42.224983237784926,43.18772506713867,16.924261796121918,22.269637266089916,32.04235700557281,37.223925433228935,32.90563108915686
ABBV,2016-05-10,43.058904640020046,43.22840119874307,42.93008818646295,43.21484375,16.56422910478839,22.260138010347266,31.947302110897734,37.1185307982332,32.90561377534063
ABBV,2016-05-11,43.235191771349456,43.27587188522996,42.469066437633174,42.50974655151367,17.54957459117959,22.425355110005167,31.904173354244204,36.89669050458732,32.941499179118395
ABBV,2016-05-12,42.61823251991059,42.76060906658772,42.29957803193611,42.36737823486328,17.65816134848676,21.850962529997037,31.699337941219934,36.52191061256225,32.93454262039995
ABBV,2016-05-13,42.13684759534156,42.61821722495933,41.91311088544711,42.03514862060547,17.940591366950223,21.840263694344173,31.668329447041394,36.23938812325462,32.927746556650916
ABBV,2016-05-16,41.97413485790849,42.45550454607031,41.696160557643374,42.340248107910156,15.958043737768918,21.812864532721697,31.663199642634716,36.16007574316506,32.935889560429
ABBV,2016-05-17,42.33347175404873,42.57076855631365,39.662206151178765,40.84868240356445,19.035453847848295,22.9391460643536,31.984822148501703,36.39541939934056,33.125075931071365
ABBV,2016-05-18,40.59104625818975,41.22157383595819,40.380872123142225,40.991058349609375,17.928865154554803,22.91446609828142,31.880173852922976,36.2792079359359,33.12649956006032
ABBV,2016-05-19,40.71985195838939,40.9164659900936,39.93338807263628,40.19102096557617,18.641079595359038,23.311478510319617,32.03922621577416,36.1668895323422,33.18288215084385
ABBV,2016-05-20,40.428316625077265,40.71306957915952,40.021523365415725,40.468994140625,18.219626155137792,22.881254346435895,32.047830077262375,36.16400004921883,33.1888622797123
ABBV,2016-05-23,40.50969190433099,40.570710790568285,40.089341013759174,40.20459747314453,18.350961339495093,22.915818607384285,32.0130593178474,36.153689258805095,33.194055699893255
ABBV,2016-05-24,40.49611913013767,41.29614312642462,40.35374263579313,41.15376663208008,18.33505123826371,22.696352293520512,32.2115714550125,36.08427028827981,33.263821604490516
ABBV,2016-05-25,41.41140328783243,41.6758175236311,41.21478664561358,41.50632095336914,18.401496762323372,21.90985688419575,32.19912007482964,36.064411062049786,33.218571525978575
ABBV,2016-05-26,41.35716886364054,42.15041168074253,41.28937126068427,41.96735763549805,18.61012422509893,21.82558133869828,31.91611952223244,35.99081905695497,33.237370540672714
ABBV,2016-05-27,42.028373062754206,42.84873588822373,41.96735419057723,42.51652145385742,18.899529876775066,21.939426780038403,31.962780038501805,36.016925108755096,33.23800728389593
ABBV,2016-05-31,42.51652211149808,43.04535320731593,42.46906327532774,42.665679931640625,18.86044799970322,21.938063266973124,31.964718481192044,36.01505187963036,33.235895611588724
ABBV,2016-06-01,42.665682734729906,42.82839801620054,42.46228733973523,42.59788513183594,18.858334796001365,21.944911119961528,31.960980073257737,36.00510263686373,33.23310778753641
ABBV,2016-06-02,42.62499540135643,44.170805831373684,42.59787791657968,44.130123138427734,21.251978781297066,22.53163036836731,32.080829123062756,36.23740766032586,33.41634107061327
ABBV,2016-06-03,43.90639940224892,44.31997150771875,43.22163171034593,44.069114685058594,20.96027387071129,22.289378908404082,31.616567602597584,36.234202339705085,33.41107235508054
ABBV,2016-06-06,42.123289173577454,42.706357800271604,41.94701128878913,42.59109878540039,23.419996721379153,23.499663908261702,32.032510719678044,36.46129916192656,33.58477874070785
ABBV,2016-06-07,42.43516908184996,43.11315548508367,42.2385524041971,42.780941009521484,23.31462174234762,22.95399345310515,30.546515608360874,36.37021504022576,33.58270479148828
ABBV,2016-06-08,42.17752200251639,42.23854086559098,41.60801347592431,41.852088928222656,24.255464282019645,23.359376338622816,29.13663675049008,36.2839681470889,33.65310580997393
ABBV,2016-06-09,41.696145987805025,42.15039544250268,41.03171990681204,41.18765640258789,24.69472964930322,22.82710375980791,28.21249357033775,36.17754454748183,33.67885421256511
ABBV,2016-06-10,40.67239748077089,41.36394120030941,40.48934087748869,41.35716247558594,24.605249445054124,22.724457681180112,27.380394947500463,36.17344863706624,33.68071852113482
ABBV,2016-06-13,40.991053428573686,41.62158093064639,40.57748134804077,40.63172149658203,25.116215884570003,22.722974533994282,26.87584356100952,36.19058143190204,33.69510541709093
ABBV,2016-06-14,40.313062108572865,40.936810808163386,40.10966674930007,40.61137771606445,25.00796409062333,22.30612300561993,26.676769960354598,36.14520923825225,33.694632762469006
ABBV,2016-06-15,40.87579950230143,41.54022584485408,40.685961557062974,40.95037841796875,25.086222758737993,22.23317984679741,26.67894126952538,35.43329097696334,33.70512001962155
ABBV,2016-06-16,40.63172012169131,41.31648516282165,40.618160085014836,41.28936767578125,25.184099810091183,21.673134421516032,26.70238985222942,35.43973218150065,33.68179520017453
ABBV,2016-06-17,41.2758088364352,41.3368277100931,40.38764580570644,40.68595886230469,25.13063136158809,21.478557103322633,26.787654615490382,35.31594572532578,33.66410102908311
ABBV,2016-06-20,41.113081696548356,41.47919485584493,40.719851055546584,40.75374984741211,25.11788403547556,21.448381599983254,26.589139313742237,35.28512465166665,33.65604045375664
ABBV,2016-06-21,40.81478054221518,40.950378335308145,40.50968615433421,40.66562271118164,24.37961740478335,21.458107521658935,26.338293339818375,35.25869394108266,33.642668408525836
ABBV,2016-06-22,40.67918540957557,41.47920959620226,40.62494525426592,40.943599700927734,24.503253134370414,21.25179017783852,26.19659270143909,35.22309609637936,33.65041519665788
ABBV,2016-06-23,41.26224649954555,41.574119575830856,41.09952865008964,41.56734085083008,24.571202329984274,21.440002432984134,26.237476488952655,35.09356108238762,33.6679035620681
ABBV,2016-06-24,40.177465714432124,41.08596743081457,40.1232281570501,40.584259033203125,25.468531544494784,22.057351533774142,26.5006649788324,35.197526378627686,33.738244878740055
ABBV,2016-06-27,40.25882398237915,40.46221933876882,39.546938941859146,39.78423309326172,25.967048192666663,22.446719056173738,25.41466902066653,35.27131884291801,33.780289180514046
ABBV,2016-06-28,40.1910216250428,40.76731145423837,40.10288528005451,40.672393798828125,26.761875610165543,22.017201541051776,25.644253218053393,35.35244312141517,33.523235463204614
ABBV,2016-06-29,41.07241108889086,42.055489149897305,40.83511433329665,41.906333923339844,26.169421158735584,22.689988662947187,23.72796397954499,35.52160399629998,33.65889987332394
ABBV,2016-06-30,41.892778711745905,42.04871526756311,41.4520865336835,41.97413635253906,26.158737065178133,22.23407898231424,23.70877471710144,35.37058999625835,33.601612496299076
ABBV,2016-07-01,42.02159175122756,42.86229592496446,41.91989535514098,42.51652145385742,25.63799970912398,22.258870650184292,23.728042477028385,35.39829218272068,33.62449986860891
ABBV,2016-07-05,42.3741445578093,42.51652106280853,41.87921485973159,41.98091125488281,25.930927951952317,22.219407433935352,23.701377105285555,35.128227001494935,33.647664931361746
ABBV,2016-07-06,41.92668225886186,43.22841500414546,41.899562180090186,42.9640007019043,26.577674827742165,22.672801094065598,23.86440479811806,35.22131085982059,33.72492935346336
ABBV,2016-07-07,43.11993326343406,43.22163225620909,42.85551898579436,43.004676818847656,25.812684065574437,22.204790118653538,23.848082892565404,35.21056845024324,33.699649068096946
ABBV,2016-07-08,43.038581119392774,43.716570180654735,42.53687257626603,43.49961471557617,25.89562637170496,22.27403566945812,23.766395578812848,35.1092208844384,33.71623742518939
ABBV,2016-07-11,43.56061656357598,44.06232494025348,43.43857883166798,43.628414154052734,25.743900372001775,22.27116923064981,23.406299644606726,35.034026737488524,33.66674512743799
ABBV,2016-07-12,43.845366523341625,44.61827038124715,43.60807238672575,44.40809631347656,25.965395849937735,22.516929277245524,23.487467494797613,32.546602608645,33.6912050704926
ABBV,2016-07-13,44.32603369165581,44.48334177578921,43.94302996407458,44.298675537109375,25.982049702247267,22.511348879348773,23.473543893213648,32.19708585675351,33.69025677233362
ABBV,2016-07-14,43.566869941452055,43.867801852200174,43.04707537586639,43.51215362548828,26.561529655979992,22.845749970699387,23.539390573832854,32.100980619451455,33.73704246069651
ABBV,2016-07-15,43.64892242606094,43.888299679574004,43.17700615098532,43.30695343017578,24.479003741234862,22.860258524307326,23.54521573047976,32.075329942101185,33.73805127725264
ABBV,2016-07-18,43.245414242652444,43.61474151534667,43.21121785274016,43.47111511230469,24.510926180929786,22.690224290625082,23.534841389256485,32.0468674265825,33.74045060916587
ABBV,2016-07-19,43.36850795379576,43.75151416843305,43.149648005150574,43.30695343017578,22.37495820524771,22.709052219619092,23.285209086431102,32.00548566053456,33.721682651235824
ABBV,2016-07-20,43.47794883111013,43.703649677321344,43.313805132972014,43.3685188293457,22.3463884705729,22.648021597005823,23.27172549063044,29.945557715810978,33.72039640155928
ABBV,2016-07-21,43.24540878797728,43.77204147505609,43.204371559848305,43.696807861328125,21.39117031866328,22.687787543431853,22.897526544669805,29.041161195146792,33.729406749592364
ABBV,2016-07-22,43.77203713976265,43.83358906233439,43.484784398360986,43.64208984375,20.76411745513559,22.671237635771508,22.409919328345755,28.984573578371624,33.729542567629906
ABBV,2016-07-25,43.710483617284574,44.114007198343266,43.57369547626155,43.99089813232422,20.829173416157445,22.667986006299927,22.33809140953475,28.886987929383295,33.55605307074296
ABBV,2016-07-26,44.05245816242376,44.271318158802316,43.744682868181656,44.079811096191406,19.970436413990065,22.6515690228165,22.334599060391795,28.821073690176046,33.505793131840356
ABBV,2016-07-27,44.05928452233132,44.53120341011664,43.99089176622559,44.387577056884766,19.98305931366208,22.6489699793297,22.34781367541902,28.722393071804873,33.40346945658362
ABBV,2016-07-28,44.31235223668301,44.497013236547474,43.724165025212734,44.26447677612305,19.98359297924498,22.644383385195415,22.354084435974166,28.6738535172434,33.3985550314089
ABBV,2016-07-29,44.640629458334395,45.41348271180703,44.558560240643615,45.29721450805664,20.79283479989076,23.057057991319716,22.358590842882098,28.743113582011148,33.46851117884862
ABBV,2016-08-01,45.29722241831964,45.87856875662486,45.29722241831964,45.78281784057617,20.196502987075917,22.984015111045675,22.232819736106446,28.626890978645434,33.4850777370609
ABBV,2016-08-02,45.77597355576579,45.86488362311451,45.17410995472092,45.67338180541992,20.27023638365742,22.99470447123777,22.230503012146983,28.59885910560039,33.48354028724745
ABBV,2016-08-03,45.69390596240865,45.82385588019799,45.29038496006022,45.529762268066406,20.297401133774887,22.715427560599185,21.896111560960783,28.590854056462135,33.48347665063818
ABBV,2016-08-04,45.53660561304092,45.81018193066827,45.19463652051529,45.20831298828125,20.51464978823806,22.77401038523578,21.873999095534728,28.605083118049464,33.48701422379221
ABBV,2016-08-05,45.24251135515649,45.550281446932956,45.22199404477595,45.509246826171875,20.235456631381034,22.519217642314196,21.35829449524122,28.606449124787236,33.459329050927806
ABBV,2016-08-08,45.399809932832504,45.598152611200284,44.968930801364785,45.37245178222656,18.6609551037928,22.516395255427653,21.307767608268662,28.588072670429888,33.44854052870517
ABBV,2016-08-09,45.37245195696812,45.994838145074375,45.31090003139297,45.65970993041992,17.27180466304663,22.461414258931743,21.086679611774926,28.58053553797768,33.44352647848796
ABBV,2016-08-10,45.618670548595865,45.79649592096931,45.269865864136946,45.43400955200195,16.659669733866,22.464626689271427,20.86245141244017,28.57033195549354,33.41784953622875
ABBV,2016-08-11,45.72810566320724,45.89909020271429,45.61867305326639,45.78965759277344,14.763505788981707,21.132431929407996,20.798393478614088,28.582938714233197,33.41897242306913
ABBV,2016-08-12,45.72810318387309,46.09058955308892,45.51608403615072,45.95380401611328,14.759010886583146,21.132757062756752,20.432650256172206,28.584769366968914,33.41937361899546
ABBV,2016-08-15,46.145300096445034,46.589860863188065,46.042708347499236,46.09058380126953,14.462624095295931,20.647527634655194,20.133018281144153,28.533699029575633,33.42028357296999
ABBV,2016-08-16,45.91276972264597,46.24106235626241,45.48189053293163,45.646034240722656,14.21061736878268,20.76876462073322,20.19412063394633,28.552967287127967,33.41826614325732
ABBV,2016-08-17,45.61183727144961,46.063233740814574,45.37929558514388,45.70758819580078,12.834857733151589,20.692636678811578,20.191545148201616,28.296897654127406,33.41031964804227
ABBV,2016-08-18,45.52975652818749,46.117943678298644,45.516080062897295,45.666542053222656,12.859920817481902,20.223049492395038,20.05833156975659,28.249163659043315,33.40808775830577
ABBV,2016-08-19,45.529767451195454,45.94697018608675,45.48873282744698,45.89225387573242,12.579910377870174,20.18479932141541,20.06011145510406,28.11883054940764,33.37117214831806
ABBV,2016-08-22,46.03587058483998,46.36416315981515,45.76913515056228,45.830692291259766,12.60678674772359,20.09860136289283,20.06630457470075,27.90629687467637,33.28573181159713
ABBV,2016-08-23,46.00167500228068,46.15897783270187,45.133070751050866,45.25617980957031,12.30782952433934,20.15629177612325,20.18775305117711,27.874818808724584,33.0906527629709
ABBV,2016-08-24,45.35193186701318,45.502399077680344,44.34654206667659,44.49700927734375,13.296683805462647,20.48157001659305,19.85315247744764,27.882523302740314,32.8343945575491
ABBV,2016-08-25,44.48333676983056,44.75007222409803,43.956701485637154,44.26447677612305,12.268102920535256,20.51263305859614,19.77849220769468,27.882584514091345,32.60690539801351
ABBV,2016-08-26,44.237114958545455,44.469651399698634,43.915663227982655,44.189239501953125,12.185609549799668,19.198995492442155,19.477132546152635,27.846217606714625,32.53778363313771
ABBV,2016-08-29,44.346556726040966,44.517541300496156,43.90200100688556,44.1208610534668,12.165286418327431,19.19954188365971,19.403785756776156,27.840349916023772,32.52730034368662
ABBV,2016-08-30,44.141375830395546,44.257644082013876,43.84728217051488,43.8814811706543,12.225245243586844,17.875879544239773,19.28034987500157,27.578867888833425,32.4351459119346
ABBV,2016-08-31,43.91567246438939,44.079816176081245,43.43007695452654,43.84043884277344,12.227884631477616,17.85910893975605,19.282866620761986,27.425768479767253,32.282415367326514
ABBV,2016-09-01,43.84043604099448,43.867794194200464,43.505307795781114,43.79256057739258,12.04194669074428,17.244768094650766,18.948404642304144,27.3604077568124,32.27390251297994
ABBV,2016-09-02,44.0250952344581,44.10032883924202,43.68312359207211,43.85411071777344,12.041150734088824,16.88753504735247,18.929903607740673,27.24743250923925,32.26015009049401
ABBV,2016-09-06,44.25079142412894,44.387582170130884,43.806235849214524,44.189239501953125,12.021979044498861,16.929912145107753,18.954694155886457,27.125162325001323,32.125906335396365
ABBV,2016-09-07,44.02509732107682,44.55172736149112,43.97038102081638,44.43545913696289,12.11313998830851,16.4920268181019,18.96319041412679,27.090839691713665,32.10417467845534
ABBV,2016-09-08,43.74467563072107,43.87462552577007,43.38902754319287,43.81306838989258,12.629594451716752,16.795123633542286,19.094032298609456,27.135958455073684,32.05942221100271
ABBV,2016-09-09,43.238569148189576,43.772040051430984,43.12913915242167,43.334320068359375,12.98120348391192,16.91451381334505,19.173181869859572,27.02669923570976,32.07596829324616
ABBV,2016-09-12,43.07441828492393,43.92934346058881,42.855558316583306,43.826751708984375,11.468984057501494,16.982300022175256,19.235113865458423,26.98627810467003,32.09158796798708
ABBV,2016-09-13,43.539489051425896,43.87461978918779,43.094928347887574,43.32062911987305,11.299732450692154,16.871077888709205,19.201698933753576,27.023500146632507,32.10582474213935
ABBV,2016-09-14,43.36850456683672,43.74466991112966,43.129127332018356,43.32062911987305,11.31088310852181,16.871918643998438,19.201690165427184,27.01864589533795,32.10338354170534
ABBV,2016-09-15,43.204375045557036,43.64893592126183,43.033390494750144,43.327484130859375,11.316272943921309,16.859913821674784,19.16151077890374,26.98540199600274,32.09976939589006
ABBV,2016-09-16,43.45059654115501,43.628421948651635,43.20437835170885,43.27277374267578,11.198590192459495,16.823354418366538,19.162661909092677,26.978664402071743,32.09549801561843
ABBV,2016-09-19,43.512145768888644,43.57370030872476,42.971836595901685,43.02655029296875,10.992886542208245,16.612770483742832,19.175946060384895,26.963126869448672,32.024346496433175
ABBV,2016-09-20,43.33432599004523,43.464273312459284,42.923961493076135,43.27960968017578,11.211616342798875,15.839480724524641,19.155438365234165,26.757731865947747,31.881295173902124
ABBV,2016-09-21,43.423238720296574,43.94303061934379,43.2248960104031,43.84043884277344,11.760723752169866,15.403642549128016,19.247456490073393,26.790200239447078,31.775968429686625
ABBV,2016-09-22,43.85411264960721,44.59276182851811,43.8267544995685,44.51069259643555,12.639350285147097,15.0733079434345,19.358627456202676,26.844182000992905,31.80381103960687
ABBV,2016-09-23,44.49018580262555,44.68168768011992,44.28500223786169,44.44231033325195,12.381952519760697,13.873882549975574,19.34700809522889,26.841845710953677,31.765345426298808
ABBV,2016-09-26,44.127685842708374,44.373903986901105,43.785716777777786,43.819915771484375,12.865446825999975,14.212947946275722,19.46737973259044,26.686693017110507,31.762105665330687
ABBV,2016-09-27,43.73784718101596,44.284997203815664,43.56002179297036,44.161888122558594,13.08660656828036,14.065573580217608,19.378512044061395,26.4032591937964,31.181646238001115
ABBV,2016-09-28,44.41494453603762,44.41494453603762,43.69680740094016,43.922508239746094,12.909898088111158,13.849492868096755,19.397300032686964,26.341470931085343,31.184863990338147
ABBV,2016-09-29,43.9772232375178,43.98405886173882,42.95131344770066,42.96499252319336,14.209988987820775,13.824916337080179,19.490707212187196,25.51779517024258,31.129828479882004
ABBV,2016-09-30,42.86239860597111,43.265922181153485,42.711934001152024,43.1359748840332,14.314379258821736,13.847642212632898,19.500900464190497,24.405204951619037,31.106573118379465
ABBV,2016-10-03,43.10177312110159,43.28643669438929,42.575140547432895,43.245399475097656,14.23160569229147,13.653590027635598,19.325780818258878,23.70577841371039,31.084759584101256
ABBV,2016-10-04,43.30011835078374,43.450582945796974,42.78032397814437,43.088096618652344,14.238275124371727,13.657534717424348,19.327179422437723,23.16656226918199,31.052854941133432
ABBV,2016-10-05,43.1428277582823,43.601065151467374,43.08811144380305,43.3548469543457,14.067827314115256,13.208120741885873,19.307020173190974,22.738233525892568,30.918984247977704
ABBV,2016-10-06,43.197526658019704,43.23172303833987,42.78716487614457,42.97182846069336,13.479230644322431,13.315765888347261,19.329291962402355,22.637478909593554,30.91983925762446
ABBV,2016-10-07,43.15648656041562,43.48477909485926,42.74612480588568,43.040218353271484,13.445025522237911,12.817324892051124,18.44741163262573,22.620226465945116,30.91265559049693
ABBV,2016-10-10,43.13597121798566,43.53949475887332,43.03337947017728,43.30011749267578,13.592228954518133,12.843758339889122,18.462182588553134,22.625748678611437,30.907479974889608
ABBV,2016-10-11,43.14281354818756,43.265919997182934,42.43835558089305,42.670894622802734,14.181777975845723,13.162722749716465,18.3376521908909,22.6809966360058,30.94484513217093
ABBV,2016-10-12,42.79514869716339,42.95390457797441,42.11870956598346,42.249855041503906,14.358656221271376,13.291226956223342,18.384874263582596,22.584783465067808,30.84087897558409
ABBV,2016-10-13,42.07727936608637,42.52593908071153,41.88401186222188,42.20842742919922,14.35857252142718,13.286196598389033,18.352229979312074,22.421424245057008,30.840700296123657
ABBV,2016-10-14,42.41550826683017,42.463825152064175,41.518191298533736,41.5319938659668,14.992602874518695,13.561995567228607,18.170570666392752,22.410546530921785,30.632172332823483
ABBV,2016-10-17,41.483665851512846,41.90471513822688,41.3180087560309,41.51127624511719,14.96774652987361,13.561911461684668,18.12029424260014,22.37943314192711,30.625357463178037
ABBV,2016-10-18,41.84260030743995,42.53284446852046,41.69074838249155,42.484527587890625,16.42909992222181,14.32053002119046,18.40847118533597,22.511512279473315,30.70178992816534
ABBV,2016-10-19,42.822752278690665,42.90558084829055,42.22223790814141,42.401702880859375,16.299968342596117,14.312858211148926,18.294885519230732,21.67039871149492,30.60431780690523
ABBV,2016-10-20,42.4155120397925,42.7813406699835,42.332683462462526,42.629486083984375,15.971182470017014,14.280265743625058,18.306364430094966,21.676427332965538,30.548345140794464
ABBV,2016-10-21,42.36718989025805,42.40860285724501,41.86331193835957,42.09109115600586,16.073097998632363,14.486363996538984,18.415602203333634,20.227126305798716,28.526813968727822
ABBV,2016-10-24,42.19463279903005,42.57426661944595,42.11870550833229,42.18772888183594,15.682890262601845,13.62221950801806,17.521472166328415,20.218071970198928,28.229890582387405
ABBV,2016-10-25,42.14630942348178,42.56045486690108,42.070382144471324,42.484527587890625,15.543733755140968,13.506594977253414,17.560715497521695,20.195006757810088,28.08599108862001
ABBV,2016-10-26,42.45692781324811,42.59497720662197,41.90473287282584,42.118709564208984,15.713476350353275,13.589851855926957,16.762133039442183,20.145859090147127,28.07256365118586
ABBV,2016-10-27,42.415511588057534,42.601877859869894,41.82880236944685,42.42241287231445,15.887075617679361,13.696033440130428,16.786698630030976,20.114453822517113,28.05374118317272
ABBV,2016-10-28,39.72356020992396,40.303365545806265,38.004853322429604,39.75807189941406,24.461570198262386,18.89308458284603,19.38997592345231,21.558265909360312,28.769751184543253
ABBV,2016-10-31,39.38535346478619,39.551010675929916,38.460425697833045,38.50183868408203,25.88709663283163,19.772299379524224,19.879771966756415,21.809919836927932,27.31169265740402
ABBV,2016-11-01,38.65368773098093,39.07473725077088,38.432809726021205,38.964298248291016,26.14087067761035,20.00114123098221,19.966422423346845,21.611789474700245,26.610912557460637
ABBV,2016-11-02,38.971188932921045,39.47506690923617,38.92977596392732,39.198970794677734,25.840985617421225,19.995447997998582,19.803545854215294,21.597405700846835,26.576793671397596
ABBV,2016-11-03,39.42676297701643,39.54410590488818,38.55015219331069,38.577762603759766,25.43470085215248,20.17891440263131,19.95810357186389,21.675514816736626,26.531683020238265
ABBV,2016-11-04,38.70199234170927,39.25418717878092,38.563942974173195,38.6812858581543,25.510511702604344,20.091989586397478,19.914676633276404,21.574269568685427,26.485297083448366
ABBV,2016-11-07,39.21278415129763,42.21534614919929,39.09544123757254,40.662296295166016,29.831193727110506,22.788020061721788,21.42730278734169,22.35602765302524,26.870836378098222
ABBV,2016-11-08,40.58636543043362,41.14546427672784,40.054876988836824,40.59326934814453,29.673822106041765,22.76424337720541,21.301270792035396,22.353034542178534,26.83478510623801
ABBV,2016-11-09,44.24465242073976,44.65189923947297,41.69765225602588,43.23689651489258,35.26636130301786,26.336422161547162,23.539512123140373,23.391198192101065,27.528866308972066
ABBV,2016-11-10,43.52679630537182,44.900383299022906,43.34043007207811,44.17562484741211,35.214629622011,26.73013434602474,23.76717158580366,23.51345140040325,27.50899205753361
ABBV,2016-11-11,43.85812200895741,44.07209604974092,43.340438801013356,43.554412841796875,35.469628375048664,26.87495392722888,23.865759772407355,23.377905972375356,27.52629726534885
ABBV,2016-11-14,43.76147726410601,43.92713437461093,42.967695490963706,43.46467208862305,35.4697376343185,26.84958617748586,23.75562283630628,23.10197237209816,27.519634429010658
ABBV,2016-11-15,43.75458007637619,43.75458007637619,42.78133584502594,43.395652770996094,35.45554099659691,26.84980527457313,23.434529303519184,23.058148585011303,27.519465363942235
ABBV,2016-11-16,43.25760858533345,43.46468397972489,42.39480321894586,42.47763442993164,35.95063865361389,27.07223166226195,23.468573125191238,23.203817787541368,27.59867175050597
ABBV,2016-11-17,42.622589236556664,42.78824904153439,42.194638470551354,42.588077545166016,35.877137038223765,26.878599917096924,23.21831455755344,23.201735311074582,27.582087243444615
ABBV,2016-11-18,42.553563086654485,42.891781326592245,41.68385377495406,41.77358627319336,36.29049230767668,27.132889346977773,22.94299058110549,23.317384347931384,27.64110422539112
ABBV,2016-11-21,41.897821855836405,41.96684521995371,41.55269976910476,41.704551696777344,36.22967584580184,27.132836383615334,22.942883809911848,23.198724913343735,27.62670678693811
ABBV,2016-11-22,41.75287995384579,41.80119684545934,40.45521989876168,40.67609786987305,36.682304878054495,27.57531996482469,23.185393843084018,23.290293526544716,27.740194558449303
ABBV,2016-11-23,40.59326832674275,41.67695166965537,40.448315022265014,41.538902282714844,37.1636391276602,27.937669171079087,23.348570824746645,23.41400153154979,27.819432994131756
ABBV,2016-11-25,41.44226863879378,41.87712065444552,41.18687635053386,41.76668167114258,37.204363470219896,27.96827287318586,23.067366056953837,23.21974144198719,27.789384987532667
ABBV,2016-11-28,40.81414049029431,41.373236609963875,40.731309290061816,41.04191970825195,37.256185337792395,28.17689065262252,23.227748553283185,23.289711021735112,27.84113033767729
ABBV,2016-11-29,41.20757731187455,42.86416173344852,41.08333315112244,42.51213836669922,38.65756752377358,29.138799141644267,23.835851520307244,23.40291588465927,27.881682388893083
ABBV,2016-11-30,42.539754277697924,42.68470493966749,41.849510020997656,41.96685028076172,38.25478342180627,29.19768174928665,23.914806476627714,23.417170112009654,27.875215708423116
ABBV,2016-12-01,41.98756351691682,41.98756351691682,40.551854058296904,40.83485412597656,39.04354873250704,29.663678253949755,24.11547849407032,23.550161739602572,27.920966292481058
ABBV,2016-12-02,40.855561361447045,41.41466022235519,40.68990419507861,41.02122116088867,39.03240814281717,29.568870088647557,24.129161701822685,23.411789975858742,27.778570109165496
ABBV,2016-12-05,41.13856467075705,42.25676248054402,41.117858181600276,42.00827407836914,39.53341047551314,29.928375080243715,24.282237602207392,23.541103608148667,27.816724117043844
ABBV,2016-12-06,41.939245426962465,42.601882002194465,41.64244277974251,42.53285598754883,39.69427956239379,29.947968018284204,24.355918319820038,23.38529365159753,27.79339453110895
ABBV,2016-12-07,41.59411661785406,41.86331408241979,40.58636066244416,41.407752990722656,40.39927719011311,30.348030396664853,24.71075947375542,23.482837599569105,27.919288466238907
ABBV,2016-12-08,41.428465290596975,42.091099220066326,40.78653784858817,42.03588104248047,40.58567667107185,30.520336427533906,24.82746424570069,23.53884833805274,27.93277267736689
ABBV,2016-12-09,42.2360473474993,42.74682928295289,42.04968107239082,42.47763442993164,40.64744267168033,30.60267360136927,24.88472891341387,23.567456983469796,27.94607551740859
ABBV,2016-12-12,42.47072408085535,43.105750103548374,42.456918881115,42.822750091552734,35.72583109623588,30.65050826535601,24.88924593349331,23.507762520245798,27.76801541204506
ABBV,2016-12-13,43.022925491091115,43.09885014703001,42.35338772406692,42.78824234008789,34.21273560678163,30.62917703772534,24.888866730269562,23.50770081611389,27.65580566360335
ABBV,2016-12-14,42.48453516217735,43.00221837528205,42.45692475887426,42.56736373901367,34.20626544319616,30.621033147643352,24.866610569716883,23.517005117792465,27.612659155081747
ABBV,2016-12-15,42.65709774108106,42.871074424634386,42.484536663946365,42.80895233154297,34.203730530081536,30.52421902881926,24.882070106008282,23.518232813022127,27.535133560001533
ABBV,2016-12-16,42.87798020764645,43.13337252441251,42.67781133830533,42.94700622558594,33.73067488774544,30.361669414790242,24.86141173406545,23.2460058287442,27.444698378131104
ABBV,2016-12-19,43.05054130288513,43.713177909737404,42.87798020764645,42.94700622558594,33.74580317244985,30.361268158253857,24.85836187860481,23.203584778845563,27.418489720250715
ABBV,2016-12-20,43.02982277774541,43.28521239000058,42.622578601573466,42.90557861328125,30.747985943021543,30.230248005515094,24.57449676489712,23.051819351710837,27.408203288721484
ABBV,2016-12-21,42.953901787788645,43.078145970452425,42.401706883212405,42.41551208496094,30.97455358477698,30.266829729412443,24.568966578931427,23.06253100779716,27.32923522588575
ABBV,2016-12-22,42.50524477748221,42.73992530907974,42.34648627317222,42.560462951660156,24.88773956986349,30.261672029422854,24.576447550156054,23.001091392240706,27.279875125270525
ABBV,2016-12-23,42.6432856053835,43.071238902907346,42.429311589694215,43.029823303222656,24.258667016853767,30.01435137507716,24.642804908891687,23.034747995396692,27.299410708070894
ABBV,2016-12-27,43.154067803761684,43.499189904591766,43.07814052028744,43.140262603759766,23.944965812137493,30.00782880638585,24.62541254376199,22.873407464048192,27.29646753847441
ABBV,2016-12-28,43.14717113876976,43.31283093356184,42.967708774728685,42.98151397705078,23.959866639101268,30.01248861625857,24.60413198827169,22.871481735841062,27.275245083429038
ABBV,2016-12-29,43.06434710584123,43.526812216715605,43.06434710584123,43.29903030395508,24.060561205650664,30.04173336821423,24.633023841936264,22.882991692040385,27.278688537281443
ABBV,2016-12-30,43.2990145874848,43.437063942103286,43.0781366733242,43.223087310791016,23.207529892110653,30.01700923144873,24.609790369236755,22.880705403206417,27.26196012603948
ABBV,2017-01-03,43.430167486816856,43.50609477655378,42.753728429364145,43.07814407348633,23.226740475605546,29.969012702492137,24.60381788485768,22.87444953563976,27.116512261466646
ABBV,2017-01-04,43.23689473703851,44.03757787538839,43.23689473703851,43.68555450439453,22.774836078873033,30.104052299915413,24.676891255662017,22.92553654582925,27.146170671305352
ABBV,2017-01-05,43.74767380125656,44.14111274565144,43.50608677533551,44.016868591308594,22.82066219995515,30.118264901815976,24.701564857276516,22.934379617597646,27.155205071147222
ABBV,2017-01-06,44.09279605815352,44.17562461705021,43.844307748391024,44.03067398071289,21.374219763123513,29.957522875630783,24.695847578369843,22.87193202066744,27.15289682313824
ABBV,2017-01-09,44.03758709230727,44.43792742873581,44.003075402919606,44.320587158203125,20.696283999893144,29.902569057422856,24.675924943711287,22.88381099414554,27.01095581638333
ABBV,2017-01-10,44.2101468643069,44.52075467418008,44.0168766814333,44.22394943237305,20.708816819593522,29.90663602494043,24.676308341028456,22.86748867356294,26.808195853657264
ABBV,2017-01-11,44.1890830735288,44.377329720056736,42.24387038571328,42.62733459472656,22.91342882224314,30.693247821765667,25.3453411614132,23.285840555924487,27.017040781225386
ABBV,2017-01-12,42.36936982837058,42.82952742934192,42.12534520595795,42.724945068359375,20.540857111727036,30.694942344165888,25.33389532014824,23.28239603147942,26.354528005843214
ABBV,2017-01-13,42.77375487810856,43.512797095538026,42.56459278929351,43.219970703125,20.409336644819433,30.418573488958522,25.407960713952832,23.301726564680205,25.605290004384123
ABBV,2017-01-17,43.052643916328755,43.25483510906734,42.5994571270375,43.129337310791016,18.595773076616865,30.41905290745165,25.33597895718672,23.299657719462765,25.12873397744
ABBV,2017-01-18,43.0596108627958,43.32455093023722,42.75283997288068,42.989891052246094,18.633414810928265,30.408820079410614,25.20280620499049,23.288504328499997,24.770321018407
ABBV,2017-01-19,42.8434821385682,43.14328214126385,42.61340195339409,42.794677734375,17.471273964124983,30.30735827044823,25.199640237282484,23.286975316350215,24.481044461779906
ABBV,2017-01-20,42.815588592778326,43.06658416457869,42.58551109172151,42.634315490722656,17.148376644181358,30.315508340077834,25.204575134967527,23.283487615921697,24.39766687945899
ABBV,2017-01-23,42.54367597902249,42.711004580714906,42.30662491025808,42.5018424987793,15.182278352450865,30.28899657451958,25.20767641336207,23.226067646516317,24.387848761486545
ABBV,2017-01-24,42.46698163130277,42.48092612440071,41.602441676711535,42.23690414428711,14.700575964480606,30.263735079086246,25.21216436863487,23.235700837756244,24.394335884341462
ABBV,2017-01-25,42.25085305107281,42.96897993781943,42.069579929732456,42.794677734375,14.881948670545162,30.34784321284031,25.302869015400457,23.179924523104212,24.418003887548437
ABBV,2017-01-26,42.6412936606033,43.15722938590689,42.57854475698044,42.717987060546875,14.703910398981895,27.162655079436703,25.303713972608733,23.18069725216409,24.33388521551126
ABBV,2017-01-27,41.8325309753418,42.70404203732809,41.49787104669595,41.8325309753418,15.900051635352128,26.670007232628734,25.514416704092035,23.231478297781663,24.321467585774553
ABBV,2017-01-30,41.76977535610303,42.16021320656291,41.323562189657615,42.13232421875,16.00273499731095,26.6069317161993,25.510720167954222,23.243897925434815,24.26635061992243
ABBV,2017-01-31,41.83950252647498,42.75284709072283,41.65822939308173,42.6064338684082,16.261173751967924,26.667223241818466,25.560260437894673,23.262787075980484,24.269390013619912
ABBV,2017-02-01,42.57853504057005,42.59945045045787,42.02076861322719,42.45303726196289,16.258317799520633,26.442776713549854,25.471356182757553,23.25118906547947,24.25727403461107
ABBV,2017-02-02,42.285708663580095,42.613394943596454,42.167181801722165,42.45303726196289,16.258317799520633,26.44378568140769,25.413830905486616,22.855960879912036,23.69868000091366
ABBV,2017-02-03,42.460012446958345,42.571565736653135,42.13929441190063,42.299652099609375,16.284720698941072,24.460990709834203,25.352191199741604,22.857117010589906,23.701426057456942
ABBV,2017-02-06,42.1881017333686,42.50881979065069,42.07654843594364,42.28571319580078,15.946560635806955,24.456964417665073,25.2878115563224,22.734452477664778,22.73620457906157
ABBV,2017-02-07,42.285710317539184,42.439094428782845,42.11140813594939,42.22296142578125,15.915925318643964,20.712450758167655,25.288549013444992,22.72176627794498,22.731675332095758
ABBV,2017-02-08,41.93013590576134,42.543680381281206,41.86738700872362,42.19507598876953,15.55550558969976,20.204515084994394,25.2885411586156,22.70766622688479,22.708022058265502
ABBV,2017-02-09,42.195071981103915,42.52973184697245,42.12534951343952,42.41817855834961,15.623880937107007,20.046047858471784,25.303256999507077,22.549397084264708,22.662961623976237
ABBV,2017-02-10,42.42513939870622,42.529721745542886,42.02075982085953,42.12533950805664,15.708200183014077,20.08761260721306,25.310764180884384,22.54287056042027,22.64902784868092
ABBV,2017-02-13,42.23690596523774,42.432123557744994,42.13232359231444,42.1880989074707,15.538616338792552,20.090529665540984,25.29355267825269,22.50576238226354,22.638548929816977
ABBV,2017-02-14,42.13930714349866,42.51580060733408,41.93711857334203,42.40424728393555,15.631617534832257,19.64135920741593,25.22087910601636,22.461058835422524,22.579857913951006
ABBV,2017-02-15,42.47395308981805,43.115386482304494,42.11140690320762,42.98291778564453,16.136197084106296,19.8313748033188,25.196846964045804,22.514643421587248,22.45436949132162
ABBV,2017-02-16,42.99686385129991,43.16419512743926,42.39726653926493,42.86439514160156,15.587644819326435,19.42344658924118,25.199064710766205,22.516264235134013,22.438760451016783
ABBV,2017-02-17,42.90623924617478,43.28273271595182,42.64827002078621,43.06659698486328,15.479083701771179,19.43803494207194,25.114728328469056,22.128487062674864,22.435883322465138
ABBV,2017-02-21,43.1153807974905,43.303627442433154,42.87832976233752,43.1084098815918,15.484092340436012,18.697096930653295,25.083131018488398,22.12837098370721,22.367721665976468
ABBV,2017-02-22,43.03172678771868,43.19208448809239,42.738897716867264,42.780731201171875,15.45152900967913,18.30393509167828,25.097116992314994,21.774693328738497,22.378539558413625
ABBV,2017-02-23,43.00383508355158,43.39427293349349,42.84347739330051,43.18510818481445,15.748399941602301,18.367385949954716,24.898231668481348,21.796776966065103,22.39255305011447
ABBV,2017-02-24,43.171161248828895,43.38729690240546,42.87136395593769,43.28968811035156,11.48810533857587,17.980348072881412,24.893227142275812,21.64061054681065,22.27441176952393
ABBV,2017-02-27,43.240890653050165,43.48491267234233,43.00383955160611,43.380332946777344,11.485622347728935,16.501637815280347,24.892197435745633,21.55576490341922,22.271116115609605
ABBV,2017-02-28,43.30363363475211,43.505824800044834,43.01080459197641,43.115386962890625,11.149150200825664,16.326689175083477,24.90464159430289,21.5642467593199,22.131563675476865
ABBV,2017-03-01,43.33849845601453,43.87534954565157,43.192085247833646,43.80562973022461,12.04807623989268,15.569443540955941,25.01330440723528,21.537229662558214,21.971831532918433
ABBV,2017-03-02,43.77076455751773,44.34247552083848,43.6452667695068,44.098453521728516,12.121285504822598,15.594992806771222,24.99295138765645,21.5496017033805,21.94703634357958
ABBV,2017-03-03,44.00084758765525,44.29367400565762,43.805629975653666,44.16120529174805,12.013199323664892,14.869079872054666,24.992737494970704,21.529654923672695,21.944415133746546
ABBV,2017-03-06,43.924152892588026,44.516779288393764,43.84048858415861,44.3076171875,11.94208024056733,14.682228343152847,24.9805286347955,21.512318158181795,21.94357577068499
ABBV,2017-03-07,44.02176335179491,44.71897215409674,43.90323913203105,44.40522766113281,11.871223829692102,13.519980156003447,24.868179229481818,21.43799397422204,21.94082148887306
ABBV,2017-03-08,44.44706404207086,45.095468483220564,44.27276183014118,44.71897506713867,11.745212717318793,13.265654623107114,24.834816379369354,21.451587959362623,21.85823100414105
ABBV,2017-03-09,44.71896371204504,45.1233460176682,44.656217484938004,44.9699592590332,11.315479357830096,13.155176651944734,24.846322379409553,21.45759067082331,21.785435560841407
ABBV,2017-03-10,45.52773658771325,46.32952244911849,45.395265214067074,45.93211364746094,12.592895506695267,13.719345090823264,24.910734026910486,21.583374865202302,21.878569209855502
ABBV,2017-03-13,45.92513718520966,45.973941579526944,45.527728454546015,45.911190032958984,10.51893759298228,13.71737845585727,24.91066830985727,21.51483078958673,21.72797797176887
ABBV,2017-03-14,45.932107311224485,46.05063683305853,45.73688972601111,45.78569412231445,10.578716305862235,13.678217067857284,24.662100576605788,21.320503281795105,21.70879135238196
ABBV,2017-03-15,45.806622032165485,46.56658248973333,45.792680194822985,46.399253845214844,10.742038250213369,13.872940010674808,24.738473684531883,21.23122824505331,21.550545052107694
ABBV,2017-03-16,46.29465304364902,46.32951028278894,45.70202678547445,45.946048736572266,11.206629589449514,14.053626913883793,24.786108301305195,21.117443442126106,21.54600518765181
ABBV,2017-03-17,46.043666468755056,46.07852371467188,45.667173105601314,45.799644470214844,11.309556081359712,14.07973543452867,24.700450327095833,20.83409757013142,21.469504884945913
ABBV,2017-03-20,45.86239943168951,46.02275981512019,45.70901262648145,45.876346588134766,11.162577967083413,14.073813854532858,24.69972070741616,20.834141669561294,21.360783835116102
ABBV,2017-03-21,45.9878893232825,46.015778312088365,45.34645853858986,45.562591552734375,11.473211895736595,13.928070318442003,24.70965348551937,20.800177796251777,21.34749405428428
ABBV,2017-03-22,45.5834977858571,45.82752505895104,45.38828022280566,45.68110656738281,11.411209463230962,13.923531109856263,24.665815628118086,20.743579731568136,21.194382942913204
ABBV,2017-03-23,45.68111467722638,46.06458161506897,45.56956404394164,45.77175521850586,11.370739019851504,13.774703296858773,24.64541851535565,20.568247720272538,21.092682504717487
ABBV,2017-03-24,45.674142038489244,46.0924661819215,45.541670687345004,45.75083541870117,11.379864159164873,13.774247406757034,22.28808479052815,20.568346873074933,21.08701511095704
ABBV,2017-03-27,45.57654692969753,46.21100425183731,45.48590636990493,46.085506439208984,11.096531004389654,13.799076580008599,21.64856115360638,20.542641745270096,21.09686309269591
ABBV,2017-03-28,45.98789152936968,46.16219372830723,45.764784927500855,46.00183868408203,11.176600752323788,13.751105338420516,21.594594007731157,20.54178408566201,21.03857600753877
ABBV,2017-03-29,45.980905476800864,46.20401201813801,45.79266149350496,45.85540771484375,11.29120779425465,13.76653514018051,21.596827867829933,20.4408878380273,21.041613515283537
ABBV,2017-03-30,45.84846996360075,45.890300805658455,45.49289184826106,45.639305114746094,10.99014919870032,13.787756248691169,21.437463440317725,20.446742681261536,21.048171837895847
ABBV,2017-03-31,45.639281798202916,45.68111261888977,45.423148798947025,45.43012237548828,11.071659681489686,13.56144955843459,21.459921076846822,20.34139350792281,21.049804129223876
ABBV,2017-04-03,45.485902197911294,45.729924222506284,45.2349065956761,45.3394889831543,11.096437524089467,13.494911766343709,20.017447209489152,20.334572723447575,20.83405250448785
ABBV,2017-04-04,45.402229618442654,45.52772738936235,45.2000384697787,45.39525604248047,11.095183188479773,13.495695249477283,20.012463288240458,20.33057817142703,20.79986841926818
ABBV,2017-04-05,45.478933104197125,45.848452923122395,45.220963929060105,45.29068374633789,10.808777298807202,13.448076776961207,17.376524802464548,20.327212861347814,20.681684013237096
ABBV,2017-04-06,45.33948893258393,45.4510448975779,45.07455149464504,45.374351501464844,10.571972693635756,13.440871258710333,17.048540086233366,20.327620020713102,20.655885516102018
ABBV,2017-04-07,45.360394412869184,45.966967871309585,45.20003939740748,45.6950569152832,10.685601284502638,11.047941402578653,16.923551484914913,20.325190388478248,20.613858128440405
ABBV,2017-04-10,45.66716529188041,45.862382857310564,45.255814753192546,45.297645568847656,11.112350983124324,11.229275010676897,16.982113392328774,20.352233408521457,20.634992504399698
ABBV,2017-04-11,45.368064302396135,45.368064302396135,44.586462892686335,45.1920280456543,10.940972390416967,11.030776016403962,16.984761520622424,20.33346046911557,20.508237853526907
ABBV,2017-04-12,45.18499628863231,45.35399500496885,44.83292368790019,45.325828552246094,10.078847793395289,11.023781262356833,16.625707460324993,20.334975882770483,20.503936514922756
ABBV,2017-04-13,45.234263308475136,45.57225519761764,45.121602926893516,45.15680694580078,10.033981976409748,11.032088787533397,16.637212119878996,20.323973465918442,20.505710663878066
ABBV,2017-04-17,45.62156518844271,45.74831153109553,45.10753686207257,45.283573150634766,10.049510384941108,10.982007324500946,16.33161226641211,20.32359511763231,20.504204327570687
ABBV,2017-04-18,45.0864094133165,45.121618816821865,44.44563748658418,44.8188362121582,10.522889859477136,11.182360171221532,16.422465951333855,20.176474147266408,20.524280633097398
ABBV,2017-04-19,44.99487103715347,45.015994529696556,44.57942533850444,44.67800521850586,10.556687612797845,11.182892044211744,15.910931117871312,20.13928778157182,20.522464761014973
ABBV,2017-04-20,44.868119078565606,45.06527881382411,44.56533652164723,44.91036605834961,10.465662405140765,11.118893823717144,15.598703145894435,20.14729688485889,20.522578689913157
ABBV,2017-04-21,44.89628030476017,45.26947895044104,44.74841051165443,44.93852996826172,10.338941383417414,10.829385132302455,15.580587651426486,20.144187733084536,20.47269328843233
ABBV,2017-04-24,45.34694244963778,45.88209419368542,45.248362572076424,45.53002166748047,9.087688718940472,11.101768025440236,15.424970689330872,20.186585823856916,20.512435470288413
ABBV,2017-04-25,45.727183330458146,46.21303978379587,45.64268398665128,45.83984375,9.315659713713826,10.169113305681643,14.45215062774737,20.18727033245752,20.507811193877092
ABBV,2017-04-26,45.90320734219266,46.4172301061933,45.783498627385,45.797584533691406,9.284998546019512,10.113015167042967,14.288023201845707,20.18433972531986,20.507967325860335
ABBV,2017-04-27,46.086297190017,47.529796873576416,45.85393337706344,46.52286911010742,9.60449810973407,10.34012471384747,13.748204104774917,20.255910981309142,20.56055655315784
ABBV,2017-04-28,46.51582179035238,46.698901013497675,46.079255283422036,46.43132781982422,9.16036245351071,10.311224037797107,13.747956465790118,20.24849134232543,20.547385374978706
ABBV,2017-05-01,46.47356962344326,46.945345480292644,46.431322642889576,46.811561584472656,9.367156640495276,10.395909883363535,13.312845614436434,20.250449129304418,20.558396645619684
ABBV,2017-05-02,46.83268895425664,46.95239232387466,46.60031979756253,46.91718292236328,9.373752609266115,10.33878664582134,13.189932230950474,20.247873144717676,20.54818256891801
ABBV,2017-05-03,46.79043763588718,47.09322023011982,46.62144432372494,46.9946403503418,9.093682682011007,10.329925834729481,12.4145754850648,20.245850859955468,20.5426773164488
ABBV,2017-05-04,46.99463716061842,47.45937545277151,46.91014319637252,47.33967208862305,9.265441153947924,10.369219392507166,12.25551243301514,20.229955447343244,20.546659456471897
ABBV,2017-05-05,47.311497945463216,47.33262143308785,46.69888994335221,47.1706657409668,9.363620373584622,10.417158759062541,12.187695540157598,20.234420481871688,20.504454399814907
ABBV,2017-05-08,47.13546911315012,47.14250669532946,46.57215095119512,46.62144088745117,10.058536317278481,10.75537487007925,12.301273833281662,20.282888629460167,20.539066877032504
ABBV,2017-05-09,46.6143966532001,47.14250540095781,46.37498993287261,46.5932731628418,9.862620524319569,10.61907938683939,12.300624024397809,20.274960038287933,20.455303435980134
ABBV,2017-05-10,46.58624570101444,46.63553564662465,46.022927432153836,46.45949935913086,9.887701571899287,10.660020836509739,12.277330703727635,20.27728956871711,20.45774125971519
ABBV,2017-05-11,46.403168406332476,46.44541539800062,45.53002988791538,45.980682373046875,10.31850274788775,10.911382413968457,12.381340015936876,20.259167211718886,20.416733936223626
ABBV,2017-05-12,45.95954809325622,46.60736566502816,45.91730110656267,46.51582336425781,10.730356711568657,10.823860097505278,12.49480837473144,20.20285812808278,20.444365258914445
ABBV,2017-05-15,46.522864678338216,47.072096974783044,46.438365335731106,46.945350646972656,10.889377492546155,10.908387804550259,12.56486177883453,20.219840731213637,20.446501984243906
ABBV,2017-05-16,46.987607614321334,47.121391537990746,46.70594848353133,47.07210159301758,10.858541024140916,10.891043225871092,12.564543874957742,20.22032659996926,20.436399952830282
ABBV,2017-05-17,47.07209612604958,47.07209612604958,45.49481269789328,46.029964447021484,12.839240803326435,11.939503076280571,12.951870033496299,20.3974547671991,20.23967434340935
ABBV,2017-05-18,46.02995414768454,46.54397691737741,45.91024543155124,46.21302795410156,12.85044997362344,11.813516208214521,12.95501447889677,20.390978531310072,20.24046378173963
ABBV,2017-05-19,46.290497795317414,46.48061998249758,45.987715184646,46.17783737182617,12.851977167504982,11.698176652226715,12.854643594265136,20.390841989772564,20.1391757361993
ABBV,2017-05-22,46.15670289405152,46.205992824886835,45.628594189873354,46.079246520996094,12.725922715903062,11.71377064809032,12.859013648978056,20.392212742883064,20.130870930949065
ABBV,2017-05-23,46.07925098849443,46.656649679488154,46.07220803420668,46.360904693603516,12.537523902673614,11.757739158344986,12.8686064426525,20.403389700273866,20.126008452829712
ABBV,2017-05-24,46.325709812678255,46.5580790002501,46.1707970209637,46.42428970336914,12.503644820596133,11.660717813582481,12.825421810318646,20.385287484729417,19.995965271126774
ABBV,2017-05-25,46.51582670234607,46.874942231614455,46.33275283206904,46.69890594482422,12.574613705140719,11.298855901416324,12.845699788705813,20.38657313301157,19.987053677711888
ABBV,2017-05-26,46.57215626131637,46.76227844583883,46.367953538629656,46.51582336425781,12.581018518562646,11.28325693056748,12.850677504212918,20.32095653754869,19.963563359223695
ABBV,2017-05-30,46.39611109921971,46.61439431825495,46.33977821295264,46.487648010253906,12.577082144952287,11.286822227026379,12.67578737576045,20.27661963290791,19.923725530991852
ABBV,2017-05-31,46.64256076138848,46.76226948775594,46.19895136948469,46.487648010253906,12.126799322035204,11.276460513470228,12.627237011752918,20.235068402752397,19.921248250171477
ABBV,2017-06-01,46.656643862646874,46.980549880899915,46.558064003708964,46.973506927490234,12.336622415381061,11.443800128366064,12.723600577245014,20.219781864615626,19.945635590952868
ABBV,2017-06-02,47.04393040106656,47.396002936017695,46.910146490881495,47.353755950927734,12.435595765916805,11.46896217400042,12.743559871109444,20.239750728851806,19.650098184323852
ABBV,2017-06-05,47.35375929617001,47.783288248929935,47.09322366790879,47.53683853149414,12.445146929722936,11.444417478838334,12.745319596721464,20.243620936117455,19.6526358810502
ABBV,2017-06-06,47.51571282539105,47.95227934103866,47.43825643605989,47.79032897949219,12.034651964164938,10.682456456435743,11.258219669990666,20.250458372943168,19.35267881527908
ABBV,2017-06-07,47.88891862235836,48.81134715505156,47.88891862235836,48.40998458862305,12.387005898124835,10.96881736611874,11.410244095160694,20.288996868125288,19.38849189876281
ABBV,2017-06-08,48.40997212097716,48.62121778456703,48.11423248971165,48.417015075683594,12.370333767355483,10.944059838426554,11.291888113172135,20.279606876974782,19.257182584023894
ABBV,2017-06-09,48.44518227027155,49.17045082242054,48.38884937615113,49.05778503417969,12.140831371236532,10.936179567934525,11.439146567827052,20.281950505528094,19.225791496393782
ABBV,2017-06-12,49.14227719107303,49.21973356611487,48.762038269649345,48.959197998046875,12.141961990936306,10.723591916930895,11.428442611226307,20.21021143496531,19.224622208782684
ABBV,2017-06-13,49.02258100450477,49.31127768552114,48.881748769203696,49.05778503417969,11.990677323218346,10.688470015266399,11.390331939758756,20.209464795430566,19.13640802063064
ABBV,2017-06-14,48.92399732784809,49.84642556560857,48.846540947495676,49.65630340576172,12.37538894220139,10.922640182217494,11.487190616752663,20.180019014387362,19.16976780548567
ABBV,2017-06-15,49.529567241273526,49.747855890733376,49.20566111714085,49.712646484375,12.377166250127997,10.788906478541604,11.463315374720016,20.162512918957674,19.154949687785948
ABBV,2017-06-16,49.85348182913542,50.07880807607902,49.63519316613899,50.029518127441406,12.343536092316148,10.833300014408387,11.419005542863669,20.160609542719754,19.148476178234446
ABBV,2017-06-19,50.07175706801269,50.40974369797653,49.95205369374218,50.233707427978516,12.250488537347728,10.845614614321175,11.278019579515618,19.981470556255047,19.088034706917647
ABBV,2017-06-20,50.3041323087981,50.56466258165013,50.1069725221421,50.14921951293945,11.595489243251023,10.858212156334107,11.277187202428337,19.98030888710367,19.08951237997464
ABBV,2017-06-21,50.07175706801269,50.48720008655171,50.02951008231736,50.233707427978516,11.56235317242864,10.791804139605416,10.681830814404604,19.979545750606547,19.087343509972683
ABBV,2017-06-22,50.33932444065657,51.87436075233884,50.282996923646216,51.52933120727539,13.215191277650076,11.838135555499163,11.292347060176139,20.183561185707475,19.236509238633186
ABBV,2017-06-23,51.543420806732804,51.74762353687681,50.88152804482567,51.14910125732422,12.972459830311553,11.946502219573196,11.293541439106441,20.198457597423072,19.201340851907098
ABBV,2017-06-26,51.25470707396556,51.360329881670886,50.98713395035134,51.21949768066406,12.759508918102231,11.868927096585606,11.260163087932513,20.16488238472715,19.03983207332177
ABBV,2017-06-27,51.191343858023885,51.44483651011747,50.874480729007146,50.973060607910156,12.834976340768293,11.874390620809338,11.306563645113577,20.176403959712516,18.933572862322535
ABBV,2017-06-28,51.205440806318094,51.78283966673734,51.1068609061637,51.34626770019531,12.902523017848521,11.8961911208951,11.305436474048326,20.181485508864107,18.825607637407654
ABBV,2017-06-29,51.50821390464327,51.52229444253738,50.63507550579107,51.03643798828125,10.821570076484985,12.011306795896887,11.370967208071445,20.113595496651524,18.612335429314104
ABBV,2017-06-30,51.099814587378475,51.27585087924243,50.84632189731829,51.05756759643555,10.855511583384093,11.983018674526026,11.360649497892775,20.071801186392644,18.612182632722043
ABBV,2017-07-03,51.23360235939962,51.395552734648845,50.958986182062986,50.99419021606445,10.872096072433818,12.001384365337989,11.36435945073042,20.072197174671725,18.573791668403064
ABBV,2017-07-05,51.03643798828126,51.2195118419079,50.69140302956816,51.03643798828125,10.776607672163824,11.956147393298352,11.35261462650656,19.967555242663924,18.525011175252736
ABBV,2017-07-06,50.867441438328235,51.01531126733432,50.2830050776473,50.508331298828125,11.45799935597972,12.023805082182745,11.434084987334927,20.013356891169533,18.42173011471226
ABBV,2017-07-07,50.77589159984526,50.77589159984526,50.43789966789507,50.71955871582031,11.455166588230098,12.001835997805038,11.440076007749427,19.84372598328531,18.425091488553875
ABBV,2017-07-10,50.55761186165232,50.853351464794606,50.402699106044494,50.5787353515625,11.536915122389289,12.038271526482031,11.451259439749988,19.84569476546584,18.396354750261715
ABBV,2017-07-11,50.62098668372566,50.81814643610546,50.226667178966075,50.585777282714844,11.394416550347957,11.98786747140162,11.296614380749215,19.83909230920715,18.394886087004846
ABBV,2017-07-12,50.80602898695502,51.246519672937524,50.65683000423612,51.06890106201172,11.50837335477427,12.087890157425218,11.34300964173064,19.79782852481539,18.336383455179405
ABBV,2017-07-13,51.11152958941093,51.79358435653157,50.91969846774264,51.60175323486328,11.655097997559542,11.930054433119352,11.416154616793303,19.827937928398185,18.360118163405257
ABBV,2017-07-14,51.59467136619788,52.02806133912445,51.51651872055594,51.94280242919922,11.509996423444749,11.905292846197556,11.440461144137709,19.826231386982585,18.275275593942535
ABBV,2017-07-17,51.93568778729086,52.19856531845425,51.6443960445606,51.65149688720703,11.705147216294469,12.007225928815716,11.402447733273226,19.808485157540943,18.27817089980959
ABBV,2017-07-18,51.60174749258029,51.765158969872815,50.97653204741653,51.317562103271484,12.011184295307286,12.138115003171656,11.414645192524976,19.815733930520903,18.28961937330198
ABBV,2017-07-19,51.49518485357378,51.70121765136719,51.16836187251207,51.70121765136719,12.069550524116318,11.97668825133512,11.450289624120643,18.21127286959225,18.296718492364718
ABBV,2017-07-20,51.857512349133316,52.73139803400084,51.8219918900501,52.58219909667969,12.417097988252076,12.31937545936759,11.699169538740081,17.85933307310455,18.368120768659104
ABBV,2017-07-21,52.56090481371486,53.314006033664924,52.46853966150126,53.022708892822266,12.494393785556927,12.362532749723671,11.671185700974407,17.83544240043436,18.371263820217127
ABBV,2017-07-24,53.02271419036099,53.107973088501794,52.46143864037146,52.51117706298828,12.639952524683276,12.293923320259863,11.606659629501813,17.878917973898783,18.399955826061195
ABBV,2017-07-25,52.85930079780632,52.96587305068194,51.48808487604778,51.52360534667969,14.021232661100195,13.00378389510119,12.03991709527706,17.924143889466702,18.490793933556276
ABBV,2017-07-26,51.41704533592715,51.644396975996514,51.11864190418745,51.57334518432617,14.022504332036656,12.935443072747471,12.040265372589893,17.92384809293924,18.490297712589594
ABBV,2017-07-27,51.70833632577879,51.72254885210074,50.35843361119415,50.96234130859375,14.194575926510389,13.228270551581343,12.224912579648102,17.04786111876335,18.5216919496631
ABBV,2017-07-28,50.898381558564246,51.46676320182636,49.2927080237645,50.045814514160156,15.225534916031954,13.819923343533722,12.611618841016774,17.19841333152587,18.61295382887662
ABBV,2017-07-31,50.10265012538388,50.14528227346383,49.61242649662323,49.66926574707031,15.272307813839886,13.867776923247252,12.652163894025966,15.571504927544296,18.491528031681728
ABBV,2017-08-01,49.75451652580156,50.32999899927586,49.62663092941961,50.00318145751953,15.355549422796619,13.8891457177133,12.663466131573006,15.391959415430401,18.47360851376409
ABBV,2017-08-02,49.91081904211014,50.25894992765635,49.683467485357085,50.23763656616211,15.411049850472425,13.654030997992555,12.2610823384832,15.29718688504417,18.476599523408602
ABBV,2017-08-03,50.16658713603066,50.45077791961787,49.9889685738497,50.43656539916992,15.445818472093354,13.659599183859491,12.2686757841794,15.297933624423116,18.476634965158453
ABBV,2017-08-04,50.564450980759744,50.70654908279753,49.98186231362572,50.43656539916992,13.451409346077025,13.634559541607327,12.255479988511752,15.29555614957573,18.46137183580595
ABBV,2017-08-07,50.401066466786915,50.60710473738037,50.18792193293419,50.599998474121094,13.344539919219539,13.418011805122143,12.100539998421073,15.067808323219323,18.453037264810916
ABBV,2017-08-08,50.67813336587316,51.09020976279039,50.45078180558931,50.7775993347168,13.382791221342357,13.262797823148109,11.985421145647916,15.069567345689746,18.452374396262332
ABBV,2017-08-09,50.62840504619971,51.25362053946359,50.51472654533941,51.16836166381836,13.504063309935924,13.228459101654952,12.012672310965325,14.895322967662095,18.457194685192942
ABBV,2017-08-10,51.161259017158564,51.28914461586808,50.01028862877287,50.045814514160156,14.786150306389285,14.082224020773909,12.568199218341947,15.145229382887074,18.587799326049566
ABBV,2017-08-11,50.25896546565961,50.45079661939145,50.03872010147673,50.18081283569336,14.736210864217162,13.212707969018888,12.50995959651264,14.827467172251463,18.574364451946504
ABBV,2017-08-14,50.60710067266801,50.64972740781855,50.23054463704072,50.31580352783203,14.764003250046063,13.20482938592365,12.510262132912004,14.639944615780495,18.573028610043043
ABBV,2017-08-15,50.50053229118588,50.543159029608844,49.93215048325672,49.97477722167969,14.876155339010074,13.305019536691438,12.569660863581364,14.659952881540427,18.584936647229544
ABBV,2017-08-16,50.08134921232051,50.2660741119534,49.811370836311376,50.0316162109375,14.879129785060687,13.285618599653551,12.56789615337405,14.493727765401088,18.55788993347737
ABBV,2017-08-17,50.15950388014198,50.21634314702493,49.61244084274343,49.62664794921875,14.763928891470904,13.38898485666364,12.606450732973679,13.955438725664942,18.577025363384152
ABBV,2017-08-18,49.39218911060825,50.04582982649844,49.35666863484197,49.70479965209961,14.71021829387898,13.389205486071099,12.60043104942515,13.859145357263348,18.577033672899855
ABBV,2017-08-21,49.67636448270349,50.322898733037874,49.669263642065495,50.230533599853516,15.046042582355575,13.492543896747494,12.678400199119086,13.490505081535106,18.599316406895884
ABBV,2017-08-22,50.37974747116045,51.06890315660689,50.273175216135925,50.97654342651367,15.659970261230391,13.72904551363631,12.83380650132565,13.580258687054952,18.65402048748858
ABBV,2017-08-23,50.649730944629006,51.08312085055671,50.635518418259565,50.81313705444336,15.439489092017281,13.75667362125689,12.820039738038394,13.321776013449394,18.61169119827283
ABBV,2017-08-24,50.95521906838318,51.37439631510752,50.72786750293344,51.232303619384766,15.323302867117288,13.821726170700993,12.85928260645941,13.280629484068369,18.545679350452833
ABBV,2017-08-25,51.31046859608842,51.70833257640463,51.30336233344271,51.49519348144531,15.272250768816587,13.72051061259868,12.874149507962116,12.869214773064188,18.542087484505103
ABBV,2017-08-28,51.63017812304646,52.2696062262936,51.552025498177926,52.09198760986328,15.557592701829831,13.808899449540307,12.963474795155063,12.822415299464963,18.572737184746252
ABBV,2017-08-29,51.7083325679316,52.50406594892384,51.7083325679316,52.4969596862793,15.56623381174983,13.859037466794746,13.002404609079257,12.798842978488222,18.584921942305378
ABBV,2017-08-30,52.30512950841563,52.70299345481439,52.276709880745756,52.51826858520508,15.436467556841393,13.840117294205204,12.972490108398441,12.772661790438722,18.574754209634374
ABBV,2017-08-31,52.65326710720917,53.56977988840483,52.518275213861536,53.49873352050781,15.590202465699887,14.081792429175541,13.150437598827471,12.934566161274171,18.65889706332835
ABBV,2017-09-01,53.704767559866845,53.99606472138345,53.47031508262312,53.583988189697266,15.419809369557363,14.078240401142233,13.134811424037974,12.912068781395075,18.658108794077116
ABBV,2017-09-05,53.5626732433173,53.69766513570181,53.09376288215015,53.46320724487305,15.147035123738,13.895543206871269,13.148214069857195,12.90822995160244,18.66051111670236
ABBV,2017-09-06,53.718976614977386,55.03335333719433,53.53425172986614,54.742061614990234,15.39371700536687,14.600386144640387,13.573947513771964,13.175761907489195,18.787754198547066
ABBV,2017-09-07,54.91257852103494,58.57862437377549,54.70654025144724,58.10260772705078,22.689307746029385,18.790884923270028,16.37132428828616,14.867179261413108,19.679142813514837
ABBV,2017-09-08,57.75447096000805,61.16474520169648,57.62658533716411,60.63188934326172,24.778366183718013,20.40492208871614,17.438425042149387,15.632412228818387,20.053921989547074
ABBV,2017-09-11,60.006666074086105,61.882318022080845,59.94982682221005,61.81127166748047,23.997686333333608,20.658383437707855,17.59879907438282,15.684444383827728,20.09612585187301
ABBV,2017-09-12,61.78996984107403,62.50044436072214,61.45604594956096,62.344139099121094,23.597519260581095,20.675988506554322,17.616587167556343,15.702500062328104,20.08453964080751
ABBV,2017-09-13,62.22335670030742,63.118550648698964,62.1096781808665,62.85567855834961,23.596626979348873,20.696472572903414,17.62837352120706,15.683796105532386,20.053262306735267
ABBV,2017-09-14,62.68515877733967,63.459573272497046,62.628319524349365,63.388526916503906,23.580985093327033,20.68725271231294,17.57860086484566,15.701625146496994,20.064784355846513
ABBV,2017-09-15,63.509309886843404,63.72245438747187,61.4702462885291,62.074153900146484,24.99214002172256,21.30209133965,17.985785649896265,15.923146604280783,20.189743494858153
ABBV,2017-09-18,62.14519291931267,62.38675159903373,60.44715963848556,60.617671966552734,26.467298810320234,21.523575624901053,18.471770815712105,16.199785896426814,20.344371937592882
ABBV,2017-09-19,60.77398668346439,61.56972003952828,60.66030816667383,61.36368179321289,26.510224875598603,21.505712561386343,18.41803502550602,16.240213517302358,20.361092034824175
ABBV,2017-09-20,61.38498515148577,62.15229875324552,61.278412914493174,62.10256576538086,26.542572769091592,21.580263092794553,18.459624011712418,16.270952894399645,20.383644028093233
ABBV,2017-09-21,62.06703987955361,62.308598557613635,61.57681084168114,62.10256576538086,26.611508154571073,21.52613952673855,18.446004689226648,16.21017229667338,20.351720511195722
ABBV,2017-09-22,61.967595946685584,62.34414662024725,61.647879121979415,62.152320861816406,25.261703262465605,21.515692800681027,18.448594885216778,16.19701111399074,20.30463530657556
ABBV,2017-09-25,61.75442511481923,62.365433449028195,61.3849808622804,61.505760192871094,25.74937678274889,21.61516188172659,18.56773773071496,16.26202748874616,20.336826547381513
ABBV,2017-09-26,61.34947060825546,61.74734000522197,60.50400965824318,60.63899612426758,26.438234507015434,21.898398046648488,18.74446142019141,16.362593494629408,20.337505623702246
ABBV,2017-09-27,60.63899109043884,60.66741071789798,59.10436915107357,60.21270751953125,26.449204559153877,21.97723697941777,18.78114621872284,16.389176585705773,20.344094083278815
ABBV,2017-09-28,61.576802071076244,64.61763099994593,61.37076388770108,63.20378875732422,29.087493267649332,23.884490850062395,20.01663039506684,16.672594806528895,20.874276499532296
ABBV,2017-09-29,63.01197212570595,63.48088238020706,62.28728524990085,63.13275146484375,28.824116057772255,23.727966452939075,20.019213461589178,16.677195984027758,20.74238660093605
ABBV,2017-10-02,63.757962954048885,64.23398486051693,63.1682733973157,64.21977233886719,28.87268864692272,23.885244152565548,20.119411575985392,16.733858434387844,20.799174068404007
ABBV,2017-10-03,64.25531973402592,64.39741247516065,63.24644175820309,63.72956466674805,29.24288842402527,23.96468181722349,20.07752796617283,16.76689543518791,20.819458632986716
ABBV,2017-10-04,63.60167074881462,64.25531136618771,63.45247176390585,63.87165451049805,29.214639648991618,23.95468388117784,20.033866381120003,16.7545461920124,20.813062185893944
ABBV,2017-10-05,63.72244860184751,64.3405578406677,63.5732496331499,64.0705795288086,29.0700383307535,23.926454867276252,20.010591038699417,16.73559996921839,20.808505208075527
ABBV,2017-10-06,64.08478667024178,64.88762618577883,63.90716807590021,64.29082489013672,29.09611540873624,23.886935018205733,20.01054455211842,16.720944669626476,20.7829872656211
ABBV,2017-10-09,64.34768057075442,64.78817674856694,64.04928255698984,64.49687957763672,29.115457069495232,23.879316204652905,19.588178351963247,16.708953457499724,20.78360403803951
ABBV,2017-10-10,64.44712351042926,64.8094669234594,63.72954294515083,64.77394104003906,29.10420460538142,23.801917289913472,19.588488908640663,16.679359680080864,20.780629011126425
ABBV,2017-10-11,64.98709990347888,65.79704035648304,64.63186267249495,65.63362884521484,29.154692342070316,23.781164622475274,19.638542119092723,16.679954742976793,20.748609733813062
ABBV,2017-10-12,65.65508567604417,65.81248133391128,65.03982017630639,65.4046859741211,29.258240979141664,23.821080947251176,19.649663574765494,16.68715184609613,20.722408415390674
ABBV,2017-10-13,65.3975487729019,65.71233469375935,64.77512185273166,64.86812591552734,29.396008166285597,23.79311050411972,19.733075929318076,16.503952463392682,20.744647396388267
ABBV,2017-10-16,65.11138095954854,65.81250032727486,64.78943371418768,65.13284301757812,29.36936588378633,23.772070857738935,19.730795798751892,16.495631832023914,20.66827137850613
ABBV,2017-10-17,65.16858710995668,66.377666874438,65.0684272374521,65.94125366210938,29.295454886307354,23.681196419629604,19.778063288905397,16.50475817038681,20.693861097816775
ABBV,2017-10-18,66.07002740338089,68.99614195306539,65.9627117012789,68.70996856689453,30.570020359754878,24.404777039165428,20.625428659696148,17.112182351694855,20.95597739271519
ABBV,2017-10-19,68.32363288695947,69.1249172481098,67.61535801153471,69.0247573852539,26.29739009557136,24.391774711489127,20.61300244156942,17.110669807462678,20.95406824232321
ABBV,2017-10-20,69.23940770171383,70.29824792823956,67.88724361877883,68.75291442871094,23.985666169095126,24.211645007613843,20.641762700580543,17.112411195607454,20.959458815534493
ABBV,2017-10-23,68.63126672120616,68.68134665147407,67.57242689200926,67.6153564453125,24.283417562810197,24.153672839851108,20.87162376363757,17.261910674209034,20.991007338898946
ABBV,2017-10-24,67.250521551354,67.35068146593622,64.939676760222,65.5978775024414,26.054788805252915,25.090415621677987,21.54216354074353,17.689283538486738,21.236065195323032
ABBV,2017-10-25,65.66226142970412,65.87689292977201,64.91106209607804,65.65510559082031,25.982927580149745,25.09836374981197,21.545264158922894,17.686421375912865,21.22967423052709
ABBV,2017-10-26,65.71948312690004,65.71948312690004,60.983328588327105,64.07398986816406,26.93921824166523,25.788334121395522,21.983208995125068,17.96567505135619,21.36468790762101
ABBV,2017-10-27,66.320425763218,67.94445655922752,64.92533803827875,65.76954650878906,27.15691720683852,26.181685178771964,22.234678373091338,18.151476330390594,21.497285363779696
ABBV,2017-10-30,65.6049939797542,65.86254947223858,63.608947100454856,65.07557678222656,26.332270660339518,26.34796576350996,22.335905838858398,18.217039164467504,20.46971218227485
ABBV,2017-10-31,65.01836173826509,65.69086856724066,64.41740236979706,64.56764221191406,26.321214638272178,26.463565993643932,22.3405978804848,18.254365988018716,20.206424580957734
ABBV,2017-11-01,64.94681209327432,66.77831333399858,64.58194082918169,66.13442993164062,26.950928190646646,26.77584243506459,22.579316196234103,18.385712303017275,20.301185793081256
ABBV,2017-11-02,65.87688316241896,66.06289127937282,64.52471910406724,65.11852264404297,27.42487413059413,27.073927522223585,22.7688919701807,18.497174940482726,20.373253280094403
ABBV,2017-11-03,65.31885384659802,66.22029299543217,65.03983618743904,66.04143524169922,27.660840888251215,26.590593773548367,22.791207734160146,18.547301685280548,20.32842159840508
ABBV,2017-11-06,65.97704470943701,66.95003126209694,65.40469775199995,66.50646209716797,27.438465066871053,26.591960960806926,22.799053875822697,18.554650697325943,20.334217543548082
ABBV,2017-11-07,66.52076646652333,68.45242768366558,66.50645479209159,67.22188568115234,27.060063350485347,26.616814602845285,22.82618366421668,18.541781853073267,19.779241616582162
ABBV,2017-11-08,67.47228032157105,68.94607155374112,67.13602695569581,68.47388458251953,27.21027692156919,26.648726866107108,22.957903851636825,18.619879010186853,19.844014648058767
ABBV,2017-11-09,68.17339614931737,68.94606266168049,68.15193410035785,68.60265350341797,23.76729448777581,26.644269453104926,22.94598228880566,18.620046638756353,18.874765497940206
ABBV,2017-11-10,68.21633904390288,68.63844613686204,66.93571700618307,68.27357482910156,23.84310094178458,26.581648761463423,22.979540795779087,18.64036666957298,18.782877585078705
ABBV,2017-11-13,68.23063075396962,68.26639901552376,67.27910657211625,68.05177307128906,23.4970186437106,26.629052879387576,22.717805530771564,18.624703115533684,18.72180576949443
ABBV,2017-11-14,67.70837339996372,67.90154278095773,66.62092093864547,67.78707122802734,23.388509067257143,26.6707377372436,22.684556550346315,18.572120017873587,18.72647594393819
ABBV,2017-11-15,67.7012331180835,67.75131306942068,66.33476275542297,67.07881164550781,23.66981615597296,26.778298832320285,22.78192766808621,18.627966697818664,18.763678392102932
ABBV,2017-11-16,67.56529179286176,68.08755326113439,66.73538937984736,67.58675384521484,23.728667447699127,26.7354131423024,22.76258978474922,18.637844835992308,18.62847145725507
ABBV,2017-11-17,67.1074072845264,67.60105079590595,66.9428558085309,66.97147369384766,23.931745788277855,26.8757871577903,22.8298526893539,18.687146900984995,18.660680024045657
ABBV,2017-11-20,67.19326259965283,67.47228018816696,66.4563697141768,66.96432495117188,23.928863645329336,26.89168954733578,22.79159628236067,18.68930522589515,18.54103704727891
ABBV,2017-11-21,67.03586726023619,68.25210295842088,66.96432526817922,67.73699188232422,24.098100134882134,26.891121273580033,22.830734730661042,18.71253215884748,18.562423498965934
ABBV,2017-11-22,67.74414950687648,68.25210475968181,67.40789613120012,67.58675384521484,23.860955447239853,26.91535944433248,22.8357007492268,18.716042699609726,18.36990987355476
ABBV,2017-11-24,67.25049866533925,67.94446745042725,66.9285569720715,67.76560974121094,23.82728407077422,26.905754369371778,22.833494591544433,18.580450859662964,18.27099799138039
ABBV,2017-11-27,67.74415693151965,68.41665829827313,67.56529919790242,68.26641845703125,23.72012447474126,26.750219316661905,22.745332137639107,18.587982116560493,18.2756509021953
ABBV,2017-11-28,68.6384455996058,69.31810280402934,67.84431682568092,68.26641845703125,23.71412468545449,26.758489192824026,22.749559737132017,18.580558643974197,18.17210677152453
ABBV,2017-11-29,68.50968055789724,68.93178226777097,67.98741347692365,68.55260467529297,23.50925037385421,26.72633210700025,22.731597549930314,18.535175066942347,17.86570753816852
ABBV,2017-11-30,68.93891432006872,69.77596707030389,68.83159860530175,69.33955383300781,20.521516920632706,26.46157777542989,22.76540342656418,18.512132743348236,17.828871315958
ABBV,2017-12-01,69.53272033233601,70.48423913616995,67.46512578276086,68.91029357910156,20.564559376465475,23.860293168161526,22.79046794174193,18.52814520535322,17.603570081469226
ABBV,2017-12-04,68.94606804346141,69.14638779379132,67.71552619623043,68.12332153320312,20.80324042628894,22.548934624299275,22.87432445898265,18.599393262944613,17.65391023874033
ABBV,2017-12-05,68.88169114895246,69.19648251432426,67.96594040420356,68.25926971435547,20.22169478829277,22.258140366753988,22.866471482717152,18.56815832883155,17.518160376038235
ABBV,2017-12-06,68.46672361115185,68.53111521980941,66.8713160249422,67.53666687011719,18.35283137691611,22.351027236884217,22.92694978082687,18.630607850626312,17.531324939467336
ABBV,2017-12-07,67.2719632375906,67.65829655896908,66.4635283266327,67.42220306396484,18.369121818368406,22.313535158137004,22.890777037686625,18.63621902729839,17.29769232168328
ABBV,2017-12-08,68.45244301297913,69.06771415202023,67.6940878474053,68.6456069946289,17.383145158207387,22.530974730970648,23.006846201202535,18.727374534977027,17.322444784536444
ABBV,2017-12-11,68.9603881159698,69.61858327312491,68.51681896659748,69.01762390136719,15.889021007628044,22.060280954266055,22.9001402970993,18.721571050366137,17.304896263498108
ABBV,2017-12-12,68.48103728891083,69.17500604066731,67.79422437350446,68.89598846435547,15.500241187132369,21.425418181854408,22.89317367875908,18.721409646256713,17.297705085605674
ABBV,2017-12-13,69.1106283283036,70.73465963322892,69.1106283283036,69.64720153808594,15.425849886054465,21.39936427886649,22.844106271138482,18.737708263799583,17.318716645567317
ABBV,2017-12-14,69.63288131760488,69.71157914254452,68.43095735106778,68.89598846435547,14.49094783879693,21.461111569810427,22.682235668750508,18.784047812228177,17.3513267448659
ABBV,2017-12-15,69.29666348892663,70.02640087989309,69.1392677583655,69.71876525878906,13.883835472407274,21.557920517850615,22.724522621781727,18.80014700628466,17.375904234743945
ABBV,2017-12-18,69.87614178291459,70.89920829205111,69.79029355951903,70.2481689453125,13.526789380400784,21.587361071806026,22.60881097430921,18.802852596653167,17.38455900586394
ABBV,2017-12-19,70.41269279039386,70.50570228079249,69.8975817793669,70.05497741699219,13.511976222434626,21.45418657713168,22.369449332393376,18.812345260397834,17.3898450126267
ABBV,2017-12-20,70.01205855916132,70.7561072465244,69.55418328360003,69.69011688232422,13.381137510144042,21.239672714677386,22.3435433186666,18.825794529833477,17.40219417845458
ABBV,2017-12-21,69.98345231204591,70.36262982597027,69.9119103117723,70.04784393310547,12.41015543804194,21.156574201741748,22.33898563123914,18.828437632748106,17.352859756318722
ABBV,2017-12-22,70.01207431524399,70.60588332316507,69.90475857937915,70.2624740600586,12.424133303513129,18.866003832686502,22.338052850685454,18.820542676800216,17.352605961159043
ABBV,2017-12-26,70.21954595749601,70.36978579584458,69.4325730363967,69.9333724975586,12.419725212481302,18.903508635300874,22.374312497269656,18.7929711420275,17.341926173539544
ABBV,2017-12-27,69.91903995299157,70.2767552786405,69.71156440911886,70.17658996582031,12.381838795231234,18.634883722278197,22.368190627239795,18.78487880291949,17.342498723957963
ABBV,2017-12-28,70.24814083444227,70.39122478838105,69.7687981263111,69.96196746826172,12.35535168960443,18.562215743496385,22.391009455598592,18.79607028127349,17.340582771654613
ABBV,2017-12-29,70.21238211416629,70.41985771250637,69.18931579589844,69.18931579589844,12.405413736187544,18.74182749479207,22.50643136214892,18.850149218505173,17.380833202512793
ABBV,2018-01-02,69.49695544821049,70.75611532898971,69.21793784086515,70.40555572509766,13.16356649070288,19.027267540442626,22.609985950837277,18.93408813714618,17.446490889348738
ABBV,2018-01-03,70.50574025913957,71.61465523902655,70.14086885340468,71.50733947753906,13.392548984147307,19.238100204868868,22.323410004712223,18.935672010654542,17.491113984948054
ABBV,2018-01-04,71.59315150398186,71.62892522308924,70.36260979961128,71.09950256347656,13.573574340004921,19.296601788659583,22.371705271525897,18.94909733689757,17.466542816441017
ABBV,2018-01-05,71.07088848815917,72.40159012737176,70.5128533733223,72.33720397949219,14.020748284015754,19.5544334319685,22.477813127494215,19.026139178964698,17.52475433363711
ABBV,2018-01-08,72.45884469319844,72.45884469319844,70.24100987198192,71.17822265625,14.952018786670179,19.750779388345876,22.63672137233061,19.15437682945121,17.617494860812073
ABBV,2018-01-09,71.17821718078635,72.01527546408278,70.61302612695376,71.71479034423828,15.044219472610814,19.764209760276174,22.642130550915564,19.122628895734444,17.620263396199867
ABBV,2018-01-10,71.29267880550266,71.68616246220746,70.95642546327787,71.32129669189453,15.0993386051952,19.71432600889417,22.61133378955548,19.13935235726253,17.631126375203724
ABBV,2018-01-11,71.60231884805538,71.68878285533714,71.01865931161734,71.53025817871094,15.09857749324563,19.70953449567873,22.609227408103315,19.135205865876614,17.198641860125385
ABBV,2018-01-12,71.58072182981563,72.51745587708974,71.09074429442444,72.30128479003906,15.314767932148138,19.674596584568178,22.610797274402245,19.09567511503891,17.220456220136345
ABBV,2018-01-16,72.24364210271585,74.21798302446655,72.05629419851121,73.85049438476562,16.092945966930507,18.340192661201343,22.714507735013107,19.21660731430806,17.30071951914771
ABBV,2018-01-17,74.21797112790318,75.54380408985479,73.8937200549684,75.19793701171875,16.536695118281727,18.65251158270944,22.800765090375997,19.29289732515614,17.36880092851278
ABBV,2018-01-18,75.14749303691465,75.55100643480215,74.53501577299038,74.80162048339844,16.16094732979462,18.670984402800595,22.836705431436062,19.315588098211038,17.376442457144627
ABBV,2018-01-19,75.1763160185005,75.56542057867965,74.61427793072762,75.39968872070312,16.217402314193574,18.331227559721714,22.84540015178644,19.325698915205557,17.372706768217306
ABBV,2018-01-22,75.44291154486768,76.7687497549177,75.26997803832448,76.73271942138672,16.16531599292742,17.346868297864486,22.916720447943906,19.39819329008352,17.429129504982747
ABBV,2018-01-23,76.50215238532992,77.07860483357162,75.68071121993319,75.93290710449219,16.63967527871594,17.550285854113433,23.02070157453877,19.446674741702164,17.467751849611783
ABBV,2018-01-24,75.8464553373436,76.5454022570673,75.01059970211888,76.02659606933594,16.113117487522306,16.64112595520001,23.018071042147707,19.372311326311763,17.446967198399573
ABBV,2018-01-25,76.34361480880395,78.08738069672354,76.19229730359426,78.03694152832031,17.40118081902544,16.639973295564776,23.173584096019574,19.564570076840045,17.575345265575912
ABBV,2018-01-26,82.50443924135544,90.69003295435554,81.78387645322134,88.7805404663086,40.07114470544476,30.574922903352153,30.525840683272587,24.59431436255787,21.655328149597178
ABBV,2018-01-29,87.54838019299106,89.45787271232977,85.7325643560179,88.13203430175781,40.32233385666402,30.565925079275512,30.56735870898765,24.57272143899612,21.547323753689753
ABBV,2018-01-30,86.0496104814955,87.51235212372266,83.49161577383113,83.49881744384766,43.8469407476419,32.626674581750585,31.821343793950156,25.481926959101408,22.283106211648967
ABBV,2018-01-31,83.73660099372579,83.94556486209031,80.19143339361794,80.86155700683594,45.201498201257486,33.22012123374192,31.08100587538752,25.812496454389827,22.53675664225461
ABBV,2018-02-01,80.87595528282317,84.68773259601916,80.86875361404803,83.83026123046875,46.090621566262016,33.81600010085904,30.886815956079573,26.1067015222081,22.775842188735663
ABBV,2018-02-02,83.2250078201792,84.97597573707351,82.80708005459267,82.98722076416016,46.25945307131617,33.93211766050766,30.85082938573184,25.97732504669193,22.81027312129028
ABBV,2018-02-05,81.42359908023683,83.25382931217783,78.82957401434037,78.9088363647461,48.95571014283076,35.65900624855091,31.976550040535518,26.741952931718394,23.411197284215003
ABBV,2018-02-06,75.5942226230454,81.79826135591601,72.77682030703373,80.12655639648438,49.06246056198013,35.60542433646427,32.029672520981045,26.777974058924165,23.44462983066974
ABBV,2018-02-07,80.35715981439445,84.1977607993453,80.25628146372605,81.87034606933594,49.30738304287713,35.81510316998019,32.159346470054516,26.859580553155737,23.517843829281002
ABBV,2018-02-08,81.6613770726149,82.14415279156148,78.05135618696082,78.1666488647461,51.45256155219515,37.181825634666936,32.874569701784125,27.48783264345879,24.019281537151286
ABBV,2018-02-09,78.95207792018007,81.24346819653044,76.67510198062325,80.19865417480469,51.84414727278983,37.46999327546695,32.81361234013851,27.61874894397762,24.129668290855797
ABBV,2018-02-12,81.11375527849036,81.66138455322121,79.73027600307786,80.65259552001953,51.795901790873025,37.44885089349354,32.78205924266046,27.618395328354367,24.112954612651016
ABBV,2018-02-13,80.37157010239444,80.99846167637918,79.5429218372305,80.6021499633789,51.6060237710998,37.35248211316369,32.752693746952424,27.609434931231103,24.11483997100932
ABBV,2018-02-14,80.0112981006903,81.90637638340127,79.4636688051416,81.48124694824219,51.50449574012891,37.375546819048324,32.77597179514413,27.621316871952374,24.12773157815015
ABBV,2018-02-15,81.87033656156248,83.8230608333807,80.97683484875266,82.79265594482422,51.51253775431187,37.377995406444,32.84176777283585,27.6605232930964,24.13993795513056
ABBV,2018-02-16,83.03045472104489,85.89108444874638,83.0088332189568,85.45874786376953,51.98243177861357,37.81134611835724,33.08719445865783,27.852586086920923,24.308401489018987
ABBV,2018-02-20,84.82466078404808,87.58441785805974,84.46437935394081,85.01200866699219,51.97296412562699,37.82662996670908,32.997198704447285,27.865206266244098,24.320665788640657
ABBV,2018-02-21,85.37946235907322,87.40424703712243,84.91830272717633,84.96154022216797,51.60714834097171,37.81706586106006,32.961118549656746,27.868818781645192,24.322284739010506
ABBV,2018-02-22,85.43713585356191,86.27299138805927,84.00321733899015,84.70936584472656,51.668128884442865,37.84198966535784,32.17417231652273,27.877320106138725,24.306892746009474
ABBV,2018-02-23,85.32185999512281,85.97036224035057,84.2266012524833,85.56684875488281,51.57570059968627,37.85719721716864,32.18735902656421,27.865527834123792,24.30881960208038
ABBV,2018-02-26,85.94153621103231,87.7069186462837,85.77580981962615,87.57721710205078,51.803157059722736,38.05719263240003,32.270321923895665,27.963940478817168,24.395157949110626
ABBV,2018-02-27,87.33940285017495,87.90864803402454,85.14168994779855,85.2137451171875,52.71685563169143,38.60115305724079,32.58746231231974,28.172901728096477,24.58074810775993
ABBV,2018-02-28,85.74696638864134,86.46752913140304,83.4267534773555,83.46278381347656,53.03123169763507,38.886053792677885,32.80326690430206,28.3075244443728,24.676769375630553
ABBV,2018-03-01,83.52043219099636,84.02482392425861,80.56612047559359,82.02886199951172,53.211536552012305,39.065996549727686,32.95648655109318,28.409003209064558,24.721035020491055
ABBV,2018-03-02,81.38036624316155,83.20338928905487,80.62377308696058,82.89354705810547,53.197108006162054,38.97972097195966,32.980738742017515,28.402129397343945,24.73047064630928
ABBV,2018-03-05,82.14414950921478,83.81585478810051,81.34432445577585,83.34028625488281,53.1832003879686,38.981148953124304,32.98365116956026,28.402961396391557,24.731892528525947
ABBV,2018-03-06,83.5924877629562,83.80145162414118,82.02166071806353,82.54766845703125,53.13458540138938,38.965151833105914,33.038395204813206,28.437853834025844,24.76121635641013
ABBV,2018-03-07,81.12095245455478,82.85750575359371,80.85434226868378,82.66295623779297,52.99509485293422,38.953215956169856,32.99363601569872,28.437907143578744,24.76143483607037
ABBV,2018-03-08,82.86472414109001,84.84627189228998,82.39635720949659,84.31305694580078,53.21826109072012,38.983424160676634,33.09598256807341,28.503813787620818,24.817667976671366
ABBV,2018-03-09,84.91831294247658,86.22253516539706,84.78861143681202,85.95592498779297,53.00279070868743,39.11728797389172,33.15634992995663,28.56946982335689,24.872501045458712
ABBV,2018-03-12,86.03521763563327,86.17212085834828,84.97598921577074,85.24259948730469,37.30798771648353,39.17929896871059,33.20282542030392,28.47478841576417,24.825941118213997
ABBV,2018-03-13,85.93431744476953,87.51234617197716,85.55242005646149,86.28739166259766,37.46472162307551,39.1908957335323,33.20170198925948,28.470305586486376,24.843232683875904
ABBV,2018-03-14,86.71253424325437,86.95032131277796,84.9903894017808,85.70375061035156,33.96339262025689,39.1359322748623,32.6563950916105,28.492851835755584,24.855108083747517
ABBV,2018-03-15,85.74698364091329,86.10726508478267,82.77826256434449,82.81429290771484,34.15455708493945,39.8581391010068,33.163784461324475,28.81630431263621,25.101677074746338
ABBV,2018-03-16,82.78546025291965,84.11129867321843,81.84872640713927,81.93519592285156,32.612878597937396,39.941508472408586,33.21071262012307,28.854328674100326,25.105972889342244
ABBV,2018-03-19,81.95680921849193,82.85031102561216,79.57895533830758,80.72464752197266,32.7608892492136,40.087607808985055,33.186504232091735,28.91046913145517,25.158805562318538
ABBV,2018-03-20,81.35155797342719,82.25226165892249,80.7678982469541,81.17141723632812,29.24291117639793,40.06123714758385,32.79032517245186,28.911476349761216,25.160861372850853
ABBV,2018-03-21,81.48124845845177,81.99284742264017,80.50848970971444,81.02729034423828,28.930884036001746,40.06721406328116,32.79560902060395,28.912540401898895,25.147476347049736
ABBV,2018-03-22,75.0754566309287,75.2988293895481,68.82817158388961,70.68722534179688,48.5198630607778,49.153976272040886,39.2894089855166,33.26843836681485,28.72387936064423
ABBV,2018-03-23,71.32850380939037,72.28685356916546,70.16119569360957,70.22604370117188,46.91390195157476,49.16315056904465,39.09917812372549,33.2516375014777,28.73579160716074
ABBV,2018-03-26,71.68878864195001,71.99142918423657,66.11884149335805,68.65522003173828,46.383548837083346,49.376402583858706,39.233562002473704,33.37598100434063,28.837787904328287
ABBV,2018-03-27,68.81374319181654,68.97226787771551,65.65768029990485,66.29898071289062,47.04629894138439,49.87988250352581,39.6144571867253,33.65202065073067,29.06240469802142
ABBV,2018-03-28,66.42868565580582,69.78650541301066,65.98914191221336,67.92745208740234,47.863890351091904,50.09693090134852,39.61889648466373,33.75916032289662,29.14993985651892
ABBV,2018-03-29,68.10759437346798,68.84257151814893,67.372622726245,68.2012710571289,47.699416735227366,49.96943999555224,39.54246381711698,33.74740310012311,29.147099352331168
ABBV,2018-04-02,67.73290195193549,68.1940616956414,65.06682184004454,65.90267181396484,47.91780307921802,50.3272101995038,39.86261266414131,33.9968105702168,29.360355645959483
ABBV,2018-04-03,66.53674126115831,66.62321074368613,63.568027161295895,65.2757568359375,46.44683761968005,50.34755581049634,39.874960771967224,34.01552331303165,29.374822555474594
ABBV,2018-04-04,63.92112550999775,67.30777397809887,63.863479166444,66.96910858154297,47.51118521534717,50.50877669160023,40.048463393041246,34.12699759228392,29.471981808150055
ABBV,2018-04-05,67.06278446859095,67.2068948401212,66.0395865373346,66.44309997558594,47.46002796640034,50.43321029245077,39.957064206968184,34.13197606837449,29.48706167309033
ABBV,2018-04-06,65.89546966862251,66.84661239968361,63.9787753685492,64.69213104248047,47.7307985082528,50.66928126004596,40.17444417771873,34.286157698248374,29.619436805512695
ABBV,2018-04-09,65.85221175483908,67.28612970638545,65.15326519378428,65.19650268554688,47.65542431752574,50.69990835836886,40.19039923609474,34.24447731525339,29.626217941099224
ABBV,2018-04-10,65.93149607434984,68.01392212258459,65.52077549903089,67.45909118652344,48.39550701465007,51.21641179114452,40.56040326666469,34.45534422401993,29.800817724774404
ABBV,2018-04-11,66.70970827046584,68.07877875002923,66.58000674087651,67.47350311279297,48.13082441641486,51.15914307747123,40.55582390531517,34.43061806225059,29.78325364578056
ABBV,2018-04-12,68.22336300273012,68.22336300273012,67.02939998088245,67.06580352783203,47.97462638496064,50.955055107925794,40.53279169341344,34.356802584889266,29.790502434010115
ABBV,2018-04-13,67.43710086023762,67.44438268135164,66.31593924796688,66.85468292236328,47.89272743892262,50.79019877623535,40.51766868306624,34.36110033076846,29.793904914483193
ABBV,2018-04-16,67.62638869003864,68.06320352792166,67.20413193984417,67.4152603149414,47.829622737032885,50.828930415467376,40.51353395160508,34.33383510371832,29.796921849278757
ABBV,2018-04-17,67.85207167910592,68.44177695673967,67.42982050493083,68.13600158691406,47.97089559801842,50.85363226260515,40.5482340708944,34.27014975724751,29.810410164601848
ABBV,2018-04-18,68.43448932843289,68.87130410688306,67.72102093192332,68.6674575805664,48.144209416526266,50.735368967238074,40.526224687702346,34.259773463551575,29.792556648479877
ABBV,2018-04-19,68.74754914163778,68.8203506876667,66.54162952598998,67.71375274658203,48.14149353440433,50.765931828001634,40.586636435958404,34.305516970829785,29.829929417255702
ABBV,2018-04-20,68.0049656227654,68.28889554510947,66.99300356474694,67.4152603149414,47.49433475408722,50.764201037755385,40.59049327824362,34.31122458947253,29.83395809652861
ABBV,2018-04-23,67.6555059002898,68.28889098327005,67.50990281552272,67.83023071289062,47.000722060361284,50.45610514883222,40.58525646557343,34.31427594454199,29.8372191398673
ABBV,2018-04-24,67.67005633818471,68.05591502256657,65.8427139469773,66.51249694824219,47.12352032698453,42.5003010828962,40.703780725277575,34.405914758300185,29.8904155363555
ABBV,2018-04-25,66.22127480177619,67.18226934233283,65.9009414367906,66.88378143310547,46.91255100412778,42.5498282652668,40.70821661669418,34.40864059007008,29.888508447511253
ABBV,2018-04-26,68.43449087573296,71.74701366647845,68.12872107934453,70.93890380859375,50.815901283759565,43.23394737755866,41.737987474257814,35.06998834242631,30.43284759445622
ABBV,2018-04-27,70.9389045278619,72.3294322661471,70.15991638855412,71.87805938720703,50.403662779262646,42.914005959990206,41.77512217438342,35.088782223784335,30.422116673957344
ABBV,2018-04-30,72.11102067912607,72.38038690552328,70.2691091310756,70.29095458984375,50.6359222275913,42.369379054261465,41.88908610607137,35.09019074485694,30.514924973258882
ABBV,2018-05-01,74.33152466562726,75.2561216814422,73.66174143732854,74.30968475341797,53.493497491943366,44.002670219469124,42.79827232685119,35.661003030696946,30.981773810144187
ABBV,2018-05-02,73.65443934918194,74.08397787058838,72.77352795457035,73.072021484375,53.58426990006663,42.94527612172481,42.8514418100189,35.73155103832669,31.037694738943884
ABBV,2018-05-03,72.94823391819848,73.36320869202824,71.9071560744642,73.00647735595703,53.58734010427195,42.80599790702206,42.85045064879775,35.717735986227666,31.03882921375033
ABBV,2018-05-04,72.72986499279149,73.4797315695362,72.16200508241793,72.92642974853516,35.78802931069127,42.53521837314227,42.762606840627356,35.719566974317516,31.035080389958836
ABBV,2018-05-07,73.34867111228428,73.7272424547336,72.24934952350795,72.53327941894531,35.768553336803876,41.527109832513176,42.76615445949194,35.71005424393937,31.038750191719387
ABBV,2018-05-08,72.16925160923839,72.64246985767254,71.85620004991122,72.3658218383789,35.07684674604194,41.14683203132165,42.766979380393536,35.71383175585597,31.012170938846655
ABBV,2018-05-09,72.39495574202803,74.28782349989285,72.00182077199128,73.6617202758789,33.581020082371865,41.31372161056957,42.82353449959021,35.74808522551663,31.05249653753806
ABBV,2018-05-10,74.68096061612322,75.57643011160665,74.20774227445726,74.87752532958984,33.23314252159721,41.47579689393289,42.856950696198844,35.75669144057866,31.082921438388205
ABBV,2018-05-11,75.32161475267006,76.21708971705509,74.28781854179374,75.84579467773438,33.349280386256105,41.50269717463479,42.863635974963174,35.77336880443578,31.077707028708822
ABBV,2018-05-14,76.00598583018814,77.3892376208262,75.95502418521528,77.09074401855469,31.536371549223357,41.50830110529571,42.920726542725305,35.80509762142135,31.09585454060643
ABBV,2018-05-15,76.71942418324095,76.85046916450702,75.41625619020631,75.84579467773438,31.86868859453756,41.0468356046606,43.00391216514796,35.87059919465034,31.14104572770154
ABBV,2018-05-16,76.04963666776557,76.91598985650641,75.86034824955316,76.47189331054688,31.284713019159206,41.09396830573659,43.008989701544145,35.860581381134175,31.147357591259112
ABBV,2018-05-17,76.5155764003131,76.74126836977446,75.86763332435153,76.67574310302734,31.072746525467792,41.10334645823014,43.004662316067126,35.854427208950455,31.05162355082381
ABBV,2018-05-18,76.63934630324962,77.73866786046025,76.52286495291811,77.15625,29.60471762986393,41.134669708360214,43.011705953587786,35.85719242675537,31.053891062096405
ABBV,2018-05-21,77.89883479190527,78.08084141525084,77.13440475209333,77.3382568359375,29.616176287002343,41.07185369948029,43.00277275907761,35.80433767684143,31.052638036563774
ABBV,2018-05-22,77.57122509164378,78.07355959508465,77.24360983698094,77.3382568359375,28.396533256040858,40.74476046883268,43.001237996154515,35.80511829245931,31.05048245427591
ABBV,2018-05-23,77.06161480501936,77.40378819708198,76.25350483145935,76.87960815429688,28.53422369878298,40.412148941824405,43.01056654018428,35.814015519687494,31.058105559375154
ABBV,2018-05-24,76.11518134018034,76.11518134018034,73.97478141252633,75.08866119384766,29.523546760673504,40.47275436314359,43.14476634632715,35.848388856960966,31.163207832896244
ABBV,2018-05-25,74.46984744084482,75.08866898866181,72.47505595509966,73.58893585205078,30.27289711259528,40.52366587965198,43.18921726604862,35.274791579412934,31.238672137580252
ABBV,2018-05-29,72.9992193570636,73.96021417604959,72.02366645108766,72.41680145263672,30.734934852274275,40.54476384691746,43.199426700081474,34.989690637973084,31.28452775886475
ABBV,2018-05-30,74.15676425538153,75.10320072958947,73.40689800560766,74.9939956665039,32.08221687228202,41.230392397289215,43.54081254420231,35.154145391907264,31.459344018011986
ABBV,2018-05-31,73.47972380969712,73.60348699670283,71.71061897722008,72.03095245361328,34.42749150693335,41.95426581666381,43.93524184796176,35.481633200250606,31.74077992701598
ABBV,2018-06-01,71.29563805198883,72.38767784311227,71.27379814487063,71.38300323486328,34.26232989623649,41.96978936518043,43.88332116194521,35.4897354517812,31.747041035768287
ABBV,2018-06-04,71.69605751107508,72.40952042382082,71.06995423002779,72.14743041992188,34.304606361391485,41.8050336026754,43.8997862136373,35.49747995548845,31.753339000200437
ABBV,2018-06-05,72.15470243246133,73.05017186205701,71.89989428397479,72.24934387207031,34.285552924589005,41.5649340616598,43.89120690130735,35.403762258132346,31.752589081429267
ABBV,2018-06-06,72.25662419220029,72.79536220273356,71.57955938061623,72.7880859375,33.687427412514154,41.60236024142379,43.9043304020857,35.29094414196186,31.755731175875052
ABBV,2018-06-07,72.98465148945645,73.0428949384145,71.97997698973458,72.30758666992188,33.791989724458546,41.494706905091675,43.88460164515044,35.277100756901056,31.74648598829594
ABBV,2018-06-08,72.27849082945598,73.16668430373818,72.07464423950327,73.11572265625,29.436685872277625,41.58600981023339,43.78967954379143,35.27347364887199,31.760414003904415
ABBV,2018-06-11,73.2103420944104,73.58891897986864,72.37311607400353,72.63520050048828,29.2846965891144,41.069867624049856,43.704008992325306,35.28448694533193,31.74992580641406
ABBV,2018-06-12,72.65704499110643,72.89001324273991,71.88533314461952,72.00910186767578,28.625402163712543,41.05415814999961,43.716986494625,35.30249105263976,31.76437718986286
ABBV,2018-06-13,72.01639317058947,72.24208520371059,70.98987850681503,71.04084014892578,23.71824936945349,41.03723861137408,43.74575906522312,35.31821900483267,31.800053013420175
ABBV,2018-06-14,71.62323686883937,72.01637180034967,71.16458222594441,71.89260864257812,23.56864233011603,41.109077686900555,43.695669449771835,35.29728946602566,31.7993602372809
ABBV,2018-06-15,71.90718525947429,72.7080189676893,71.34660721812598,72.48960876464844,23.705999808230725,41.16317417589533,43.68970227438767,35.29496175688632,31.806612245295156
ABBV,2018-06-18,72.18382897584837,72.31487396873239,71.57228382425582,71.69605255126953,23.91038121385772,30.202641784651192,43.72079909870284,34.86833456199557,31.827370695472943
ABBV,2018-06-19,71.2665166526606,71.62324809750513,70.5676118496502,71.3538818359375,23.900125911042604,30.187900288980877,43.51536843899332,34.87371882038923,31.832303614547957
ABBV,2018-06-20,71.50677032117986,72.47504698864064,71.23011667081855,71.52861022949219,23.90936663306034,29.810916114656077,38.21523900127327,34.81983513811111,31.8309756463748
ABBV,2018-06-21,71.13546924028223,71.33931577327391,69.35180652220363,69.56293487548828,24.549039189246354,29.484195762707323,38.42441320556617,34.969052988946565,31.965289231651823
ABBV,2018-06-22,69.93421427311146,69.97061781490633,68.01950683887446,68.06318664550781,24.571719324065747,29.429559657855712,37.655113524666696,35.06759927094404,31.955836990533086
ABBV,2018-06-25,68.04863630614808,68.71113751789017,67.05123802409976,67.74286651611328,24.09884788130147,29.433461608478673,37.348536997581846,35.071166212520296,31.949777942816915
ABBV,2018-06-26,67.96855483728729,68.33256808917747,67.03668180115264,67.06580352783203,23.39338249606866,28.639987991074854,36.874044090440776,35.09052129021175,31.969248045071915
ABBV,2018-06-27,67.24052549275177,67.90302669491403,66.59258237611344,66.6217041015625,23.14218711005491,28.603381496476327,36.859308787949516,35.098140217631794,31.973136000593378
ABBV,2018-06-28,66.49795196445378,67.42254892625292,66.11209872622365,67.29150390625,23.231738319176845,28.1902935690892,36.087942066292094,35.114072008133554,31.979583557653257
ABBV,2018-06-29,67.58998142209138,68.76938641847578,67.38613487925002,67.45166015625,23.224503538688882,28.14485742497951,35.99197487334524,35.08112866262716,31.971835165278005
ABBV,2018-07-02,67.02210724418897,67.9248639610065,66.86922236982484,67.78653717041016,23.176523158961913,27.59211201442666,35.81514653581165,35.08300583757186,31.97406910566361
ABBV,2018-07-03,68.12873382012833,68.70387552816963,67.7938422346364,68.15057373046875,23.267690926543924,27.570454163886442,35.11677036551689,35.07385545486672,31.975973466730185
ABBV,2018-07-05,68.76939479199564,69.20620965904354,68.39809965552385,68.7839584350586,23.56590614104485,26.743276444570657,34.89106909218236,35.08709989659066,31.9862118144595
ABBV,2018-07-06,69.3081341671297,70.66954598863923,69.13340932810468,70.56034088134766,25.045180235032277,27.23626312395811,35.13653494524151,35.185071901874736,32.057038710139565
ABBV,2018-07-09,71.3320364834265,71.60140272443144,70.56032464272825,70.64768981933594,24.282892359813978,27.199408271604455,35.138739001613644,34.849576976686336,32.055765682242885
ABBV,2018-07-10,70.69866975331307,72.03823614835197,70.385618065759,71.9581527709961,24.350648923708448,27.420542508138524,35.22535010104294,34.912454844565765,32.098432637588196
ABBV,2018-07-11,70.07983669249933,70.98258805197919,69.06788024052068,69.1333999633789,26.55428052298252,28.649754896836445,35.64850578931899,35.23309833627705,32.36471960834497
ABBV,2018-07-12,69.81001928405482,70.36161552797648,69.20694094847889,70.31748962402344,24.86272750343315,28.775693193786612,35.37204776676673,35.23343613268943,32.39251780124145
ABBV,2018-07-13,69.8394678476933,71.23684670991452,69.82476107722192,71.06768798828125,22.32066326359698,28.812132604358236,35.423990861551275,35.0668056540384,32.393182076102114
ABBV,2018-07-16,71.16326446935003,71.20739036884835,70.06007209287884,70.78817749023438,22.198838696258804,28.668522374387674,35.425094675588916,35.07060402155409,32.3929402431422
ABBV,2018-07-17,70.80289441793367,71.46481106107062,70.11156424499276,70.17040252685547,22.081033444462523,28.715737182565633,35.44180265637647,34.96370007514759,32.40113422288797
ABBV,2018-07-18,70.06742214012009,70.18509868606336,69.3760920716463,69.42757415771484,22.245896600981325,28.785052672692142,35.41648470868653,34.85495734321641,32.41371701558982
ABBV,2018-07-19,68.55974042286307,68.60386632920644,64.54412022292063,66.15477752685547,25.900665947573962,30.20089623917489,35.931037751682766,35.303217740178184,32.78292024542023
ABBV,2018-07-20,65.24281973032997,65.92679947202694,63.808671374092114,65.3899154663086,25.99885451022475,30.26886548838933,35.74371615014515,35.31805853462986,32.767961012031584
ABBV,2018-07-23,65.58113122412698,66.18420971122221,65.19133734493634,65.75028991699219,25.777248613449117,27.672423165606215,35.647916550175125,35.20947990692335,32.762675216043995
ABBV,2018-07-24,66.56664822722165,67.3756550745211,66.00769569534296,67.32417297363281,26.93082660864074,27.988077465702617,35.803947674116834,35.27218954282489,32.82455412293374
ABBV,2018-07-25,66.98586328265418,68.77303571290125,66.98586328265418,68.4862060546875,27.45208381658163,27.876788973251987,35.87803704295929,35.29086792775992,32.802528008078774
ABBV,2018-07-26,69.0966297523548,69.54526187253882,68.05963159387206,69.08927917480469,27.37537659169532,25.398304062496564,35.89960348896232,35.29623399576883,32.81141331099348
ABBV,2018-07-27,67.17706803357437,67.86104762933577,65.28693171577979,66.60340881347656,28.966912912237653,26.230484321648795,36.30239300071561,35.54184901496084,33.00296488334691
ABBV,2018-07-30,66.6843210320919,67.32417482743199,65.7355746229166,67.25798034667969,29.01917614822317,26.33281301148383,36.347585675919916,35.493056207654575,32.957891202612934
ABBV,2018-07-31,67.4050578107837,68.12580704776477,67.16971031956768,67.83162689208984,29.07253253910833,26.410238325827756,36.21909750067604,35.50687128016056,32.95430007832479
ABBV,2018-08-01,67.87576492237254,69.4864279348084,67.8684087338281,69.06721496582031,29.6202439857505,26.687032228345096,36.20082487649117,35.56683120394915,32.99272256368922
ABBV,2018-08-02,68.82452606035011,70.50137829729044,68.6994988838182,69.95713806152344,29.878511851772867,26.830230520708824,36.264918292261896,35.596470695110575,33.01111792029921
ABBV,2018-08-03,69.78797598479252,71.22948056817557,69.73649387864059,70.99413299560547,29.056728994474785,26.74884410536808,36.292301689560674,35.63475230060896,33.03728686517384
ABBV,2018-08-06,70.79556026982081,71.74430674329473,70.41311696009106,71.38392639160156,28.288653763338605,26.545772254107714,36.302911851907965,35.61697701602861,33.0395667683228
ABBV,2018-08-07,71.56042842149975,72.33265986968338,68.9421808526925,69.17752838134766,29.820683836448726,27.116909126759083,36.23977128117701,35.80371171966304,33.20113567966979
ABBV,2018-08-08,68.7803854247127,69.1922478504213,68.3023397411298,68.9348373413086,29.675954001357006,26.86373267074538,36.21296623057194,35.789373315113544,33.20375097751821
ABBV,2018-08-09,69.2804838950964,70.70728126508084,68.74360004282784,70.21452331542969,30.007046254348907,27.00839206017155,36.29044270523214,35.85431142943873,33.241989108627195
ABBV,2018-08-10,70.12628368608937,71.14857517095429,70.09686453984014,70.45724487304688,29.91038726928513,26.95431461615458,36.28189633061844,35.8315616817376,33.159261991639646
ABBV,2018-08-13,70.60431931893896,71.7663500877337,70.46457980805954,71.177978515625,30.014785140748373,27.046122541521562,36.328464259623594,35.84970347891003,33.1707328189917
ABBV,2018-08-14,71.1338503744048,71.59718918535724,70.41309550179622,70.54547882080078,30.156998461314622,27.04547263292001,29.18282754589096,35.86513295711333,33.18648834216839
ABBV,2018-08-15,70.54548275154124,71.92079810832414,70.3174914271015,71.67073822021484,30.42985872534258,27.267294013213693,29.271434106758875,35.90280329568712,33.207879812311475
ABBV,2018-08-16,71.95758906523429,72.55331701535275,71.38392968529938,72.23706817626953,30.4026309956646,27.330569303007383,29.065690810699657,35.91404539427803,33.21410829992511
ABBV,2018-08-17,72.23707015393745,72.92104995899986,70.91323646312985,72.67098999023438,29.586752747768465,27.350303193128273,28.516626198744405,35.91741916804243,33.20320584623279
ABBV,2018-08-20,73.05341172597646,73.7153283756496,71.68545252036112,71.8031234741211,29.825154750131667,27.042649926332878,28.341555357426827,35.92255329771104,33.230750845719385
ABBV,2018-08-21,71.97226008217174,72.11199955737968,71.1926727175922,71.88400268554688,29.34374830316631,26.73963504743203,28.336262364328757,35.914627995530715,33.21830733823668
ABBV,2018-08-22,71.9575683024574,72.3105923788553,71.43539118136283,71.81047821044922,26.78822318601812,26.54020065657059,27.782707755860887,35.887884370326965,33.19223936164468
ABBV,2018-08-23,71.84726908627012,71.96494006311438,71.25889736866314,71.45011901855469,26.423245449230937,25.52672878951069,27.748773812475154,35.89282182204816,33.195254567297404
ABBV,2018-08-24,71.44274294191193,71.77369843398431,71.00882326958917,71.63396453857422,26.258953397298434,24.168837057427897,27.466191174084152,35.87039153594566,33.188336456449996
ABBV,2018-08-27,72.15614502973541,72.29588454286173,71.56042287146386,72.08995056152344,26.285024141968723,24.131255924175367,27.446208224282927,35.876624250138384,33.189969463082235
ABBV,2018-08-28,71.92079198806279,72.59005913977681,71.41332167826597,71.53099822998047,26.256130944387845,24.084763112597262,27.125719965014156,35.82806715165292,33.186624411180574
ABBV,2018-08-29,71.65605227477258,71.95023815344022,70.62640450500027,71.76637268066406,26.045512353859728,24.092987489657865,27.106608891767426,35.8246337736117,33.18087051766842
ABBV,2018-08-30,71.70753340234656,71.87669210388468,71.0161974385986,71.18535614013672,21.659195615733335,24.09597955931774,26.616443191199078,35.83750227338936,33.19400038909774
ABBV,2018-08-31,70.78819470471709,71.11179967607102,70.39840086801964,70.5896224975586,21.49667662984203,24.11846766114486,26.654242383893777,35.829243000665095,33.16231028166544
ABBV,2018-09-04,70.58226901694752,70.58226901694752,69.19224668012114,69.5452651977539,22.059588115396156,24.177278669918202,26.74606897371422,35.849881016079074,33.20086570152588
ABBV,2018-09-05,69.38344385649624,70.05271659817657,69.19957845860077,70.00859069824219,21.13112613191972,24.19474406767298,26.758476777586278,35.83093820456499,33.20393114280401
ABBV,2018-09-06,69.7144292626812,69.92771387198994,68.24350556631352,68.94219207763672,21.115173481069334,24.32827750320663,26.84495950656457,35.86560021182616,33.16675247295741
ABBV,2018-09-07,68.8759928463132,69.39081381816601,67.36829403982921,69.25843048095703,21.002418200487476,24.203737304230405,26.802352313145157,35.868463661988734,32.64195147850935
ABBV,2018-09-10,69.8541452293265,69.9938791177452,68.91274966808207,69.00100708007812,17.944891394996706,24.075003834202658,26.78141894872657,35.865868596395465,32.37236923337603
ABBV,2018-09-11,68.92744617153065,68.93480235695155,68.30965565206009,68.5302963256836,17.899298394129328,24.034143357606524,26.71006038544143,35.869504293211044,32.325786466561304
ABBV,2018-09-12,67.9493138662157,69.08928187739943,67.69190336369527,68.57445526123047,17.743360216153167,23.944052715314157,26.700255779045683,35.8676271989511,32.31537767465992
ABBV,2018-09-13,68.70683428656908,70.87644978253344,68.69948370919364,70.84703063964844,19.42540100422669,24.88202851747774,27.17708741891168,36.07178845049589,32.46653499218809
ABBV,2018-09-14,70.81759716767307,70.89849839145548,69.8100127694637,70.36896514892578,19.2057847906952,24.91312644006088,27.011805798815598,36.078556031688244,32.464697039313876
ABBV,2018-09-17,70.16304653452117,70.72199899152096,69.72177064157498,70.14098358154297,18.72535990092424,24.250558663149533,27.006480689295387,36.078781137867,32.395902956502404
ABBV,2018-09-18,70.12626245658925,70.64843951939415,67.96400916757528,68.11109924316406,20.421041300911693,24.59032314465697,25.753878588739447,36.22243554416882,32.442977083893545
ABBV,2018-09-19,67.44918171823616,67.83897546299796,66.48572883128705,66.94171142578125,18.99145981562977,24.82826715310093,25.799727985713826,36.219226074351,32.46991461676501
ABBV,2018-09-20,67.24327796231157,68.48621029901891,66.64755565235298,68.16260528564453,19.76732382208444,25.01997372646207,25.735168856918754,36.2361184270102,32.49758282208876
ABBV,2018-09-21,68.287618444715,68.64064253334327,67.69925244517124,67.85369873046875,18.97683908615018,24.99886546461532,24.130438694809772,36.23389123004772,32.50127542816618
ABBV,2018-09-24,67.8831118083405,69.11868759147826,67.62569574471124,68.70682525634766,19.344417752087267,25.04531177824064,24.087510726713557,36.20584164210401,32.52392771873204
ABBV,2018-09-25,68.75096062583995,69.6040932607073,68.69212234450363,68.97159576416016,19.11681106046238,25.05220663399846,24.09786834504517,36.15976152002123,32.507446278977646
ABBV,2018-09-26,69.34668645561275,69.9497648433372,69.02308150230239,69.26578521728516,19.026424779600084,25.047175509892906,24.109861277776883,36.15207470535087,32.4763242357733
ABBV,2018-09-27,69.39079726790277,69.78794718480623,69.1039677075491,69.2363510131836,18.378544168948956,25.025933638927484,24.09710505624151,36.14656893914824,32.467549214370585
ABBV,2018-09-28,69.13339791994541,69.98653616208586,69.0157213578044,69.55996704101562,18.264867669744632,24.973167422355804,24.108935973903183,36.14924499636636,32.11189161530165
ABBV,2018-10-01,69.67762912442834,70.33954567441373,69.37609279179014,69.86885070800781,18.21665677133558,24.428462364811402,23.94594355882984,36.13025675765878,32.11408309919878
ABBV,2018-10-02,70.11892394812595,70.12628013709808,68.7436140001296,69.30256652832031,18.052646114890905,24.48099360298006,23.82141572967568,36.05240128714579,32.081639664420166
ABBV,2018-10-03,69.60410957363554,71.045614137453,69.5746904260725,70.6116943359375,18.945587556180524,24.492000389995912,23.924764847014895,36.05703344845153,32.12429511642916
ABBV,2018-10-04,70.46457685923984,70.46457685923984,68.58915307249003,69.01571655273438,20.015495869218867,23.535811856837483,24.023655532169848,36.15075834347626,32.20788376427355
ABBV,2018-10-05,69.20695915245835,70.06744817264594,68.33176336412706,69.41288757324219,20.08538535815233,23.300324699875183,23.923710056568446,36.14442780765073,32.211252495002576
ABBV,2018-10-08,69.18489342834265,70.14099604218514,68.94954586955303,69.72913360595703,20.123723058761282,23.21291622167395,23.89519318363593,36.08608606638887,32.21252631461541
ABBV,2018-10-09,69.65556121176829,70.06006729991856,68.98629413361427,69.55259704589844,20.01022222974508,23.20532902580366,23.889586384956957,36.06749806039369,32.212487652656876
ABBV,2018-10-10,69.02308254570661,70.15569428828665,68.39058500619923,68.45677947998047,20.376175368412593,23.361570488150576,23.977394225726318,36.1128178722748,32.25053419441281
ABBV,2018-10-11,68.39792366062905,68.677397027624,65.9047094728575,66.70635986328125,21.50946037385215,23.8511847577442,24.28843410697207,36.096078853008734,32.32953778177384
ABBV,2018-10-12,67.42739308083982,67.7024269347322,66.08196900311484,67.41252899169922,21.75881745328576,21.792489077277008,24.362171054627485,32.65366918178045,32.344455842894135
ABBV,2018-10-15,67.27873706497503,67.34563398035286,66.29010772705078,66.29010772705078,22.112365053623485,21.938478016252557,24.474530406004362,32.69648048095814,32.37793362815745
ABBV,2018-10-16,66.73610942638969,68.37143743071105,66.55027708529542,68.31940460205078,23.64701638273324,22.758032466502787,24.724935216529037,32.31095077511143,32.51492359826046
ABBV,2018-10-17,68.25250204018468,68.69106931435901,67.51660755705153,68.58699798583984,23.58760172031295,22.259388673776222,24.543053304792494,32.1051457310531,32.49423419504915
ABBV,2018-10-18,68.27481530839557,68.68364881304063,66.31986071153413,66.82532501220703,24.3544557077872,22.620971879866335,24.751801007093416,31.93854700454295,32.33758985940552
ABBV,2018-10-19,66.34958160957692,66.89220887755606,65.39068603515625,65.39068603515625,25.009976340143652,22.95247951308879,24.297668509453835,32.01314631117005,32.40606244890111
ABBV,2018-10-22,65.80693438001086,65.80693438001086,62.06798934256743,62.640350341796875,27.69866981294806,23.405231711593732,24.40951296899415,31.86466555540166,32.684944982354274
ABBV,2018-10-23,61.38414377012804,62.878231794456305,60.581346649766004,61.66660690307617,27.916053868668065,23.484463871137123,24.484917459757,31.848341737955792,32.68000664888701
ABBV,2018-10-24,61.577400474563746,61.792966666051484,58.91628571843703,59.02778625488281,30.209930107981563,24.934680278394907,25.3082114268311,32.120275267272866,32.830893843767846
ABBV,2018-10-25,59.76368228660239,61.83757190265216,59.213620142525784,60.75231170654297,29.815855151820358,25.402439611067752,25.771505015069412,31.8844287510861,32.96042074227879
ABBV,2018-10-26,60.22454764475358,60.60364724022321,59.0426565786735,60.053585052490234,29.87124444869552,25.28092550172154,25.776031386436426,31.743537551233725,32.891328859701545
ABBV,2018-10-29,61.064514413840705,61.82270794464638,59.421757037800454,60.4772834777832,30.07992011547366,25.105310680555537,25.803772920206203,31.74841928889922,32.79289265194615
ABBV,2018-10-30,60.900989386915164,61.60715018084896,59.562993947598756,60.64825439453125,29.243711978110632,25.074409408181953,25.73172247925387,31.752530372502346,32.77814388087273
ABBV,2018-10-31,60.19482724512299,60.64082382452378,57.78643550828119,57.868202209472656,31.591396474079907,26.017096563163605,26.69844597974307,32.16724925160889,33.100077907683016
ABBV,2018-11-01,57.764120850457935,59.94951086881872,57.60802237359683,59.62244415283203,32.506549741403745,26.87275072343269,27.160277246763297,32.317605345757265,33.14887438699752
ABBV,2018-11-02,62.573457848224045,62.7518552841685,58.54461458696905,59.13927459716797,32.52400947712125,26.54316100975702,27.11480326800964,32.07877805205489,33.12348270177158
ABBV,2018-11-05,59.057519154449366,62.31330558867406,58.923719634259946,61.3841438293457,34.391895948447356,27.762648279071005,27.73319707405705,32.41154557115454,33.30568663725897
ABBV,2018-11-06,61.495646455026964,62.61064060394005,61.18344378325464,62.18694305419922,34.668680774262626,27.822629456111247,27.78599034804719,32.45855568925978,33.32420879851383
ABBV,2018-11-07,62.55116932386636,64.83319032509132,62.54373444204096,64.63992309570312,36.70996266133589,29.02003959407556,28.466198696270734,32.80856668429307,33.53354486864996
ABBV,2018-11-08,64.76629332264716,66.68408467614682,64.66966253518692,65.21229553222656,36.848499734875475,28.87695438273483,28.502463434408114,32.80266517443432,33.49367449810579
ABBV,2018-11-09,65.28663322187163,66.55029113971703,65.08593107525886,66.00022888183594,37.024975964945654,28.947155658660318,28.571398108574975,32.71034681695744,33.51528445389844
ABBV,2018-11-12,65.9704733763145,66.81786829894905,65.7846410569446,66.66920471191406,37.1430873812623,29.004560458534414,28.290208269111794,32.594610288347766,33.5276054976754
ABBV,2018-11-13,66.89963273053449,67.55376043117384,65.56163780746296,65.57650756835938,37.351086488786315,29.089442838003897,28.20110719582889,32.56295503918017,33.56640737484125
ABBV,2018-11-14,66.19345442314439,66.45361845740544,64.26079434886086,65.64338684082031,36.853633435809776,29.089038862033274,28.19331077503893,32.50843978104234,33.56449305466806
ABBV,2018-11-15,65.13794960898001,67.11520842368827,63.89659094202414,67.00370788574219,36.908191279054876,29.437235118831218,28.341759736214257,32.5808994510488,33.61149380902814
ABBV,2018-11-16,66.6989370040433,68.38629192916241,66.30496773242268,68.03692626953125,37.16283345101923,29.61727581126607,28.424992682996734,32.630166728371094,33.637932303617525
ABBV,2018-11-19,67.8585392823487,68.63903172292449,66.2380810190041,66.51311492919922,37.66389670310144,29.94337033189261,28.610686271365797,32.71446963757847,33.701958397130845
ABBV,2018-11-20,66.15631373346503,66.6840769040588,65.30891870787468,65.4798812866211,37.88433154951723,30.044753178157013,28.713712119787356,32.75761110329539,33.73817832793672
ABBV,2018-11-21,65.78464159071147,65.99277288271013,63.458022974937315,64.0378189086914,38.132000408380456,30.317454698023006,28.911527663116427,32.75473151846778,33.79077581091919
ABBV,2018-11-23,63.6289804801132,64.33514664604765,63.10865229144733,63.65127944946289,37.48952915186551,30.310381952199073,28.908747471540757,32.66503519733847,33.7952260992923
ABBV,2018-11-26,64.2162216052199,64.85548529505826,63.339092752033736,64.10472106933594,37.40643066141355,30.339505373693093,28.89193482124147,32.67174347371079,33.8019762673829
ABBV,2018-11-27,64.08984982222741,65.18997395320157,63.554651846660654,65.17510986328125,37.484285628333545,30.536232737113846,28.719929480062596,32.701800008651226,33.835185073758716
ABBV,2018-11-28,65.44270453994463,66.12656605427317,64.34257481029069,66.11170196533203,36.625983397794506,30.56757120719385,28.817717734887456,32.749271657472,33.8660335123203
ABBV,2018-11-29,66.16372816642034,67.14492240181019,65.68056309245272,66.83272552490234,36.76329386389213,30.62367249469479,28.715647013359842,32.546669808285905,33.881101822818735
ABBV,2018-11-30,67.09290030877894,70.07364654541016,66.80300235231009,70.07364654541016,38.509461537243496,32.01356611187944,29.020480677173882,33.02928976012267,34.192917826668456
ABBV,2018-12-03,70.11082606440809,70.40815894711729,68.99583200761333,69.62023162841797,37.95866844429614,32.030345686438906,28.91264156560051,32.99405951395363,34.19344640194309
ABBV,2018-12-04,69.8134878393915,70.60142076894921,67.19697114830973,67.3084716796875,37.09337097764697,32.76640982152345,29.34918705528995,33.21450013907646,34.3411505458937
ABBV,2018-12-06,66.6766421054749,67.25644377684289,64.79601971000477,67.14494323730469,36.72989086681366,32.741887253503265,29.345719379059616,33.214795286355866,34.34136133535046
ABBV,2018-12-07,66.8476122921336,66.89964512260505,64.20136147760847,64.63992309570312,36.132915171634366,33.63882215120934,29.916691522930744,29.38232790700816,34.53462065388535
ABBV,2018-12-10,64.42433097329209,65.32375849310687,62.88563998135258,65.12306213378906,35.33071615099222,32.954078016800906,29.90333702086912,29.388417515265132,34.542675888999945
ABBV,2018-12-11,65.87386172097837,66.483391678482,64.41693659502225,65.53936004638672,35.099960001479644,32.97272982539112,28.929448467947772,29.280069731299065,34.50101403309919
ABBV,2018-12-12,66.39418399410182,67.02601287093032,65.68058842685575,65.8589859008789,35.083496572809,32.99297206089516,28.880483637433997,28.993987027746048,34.50017846530214
ABBV,2018-12-13,66.43134768641896,66.89220826522588,64.9446889498227,65.19741821289062,35.2833269619073,32.519500429342386,28.91198483506978,28.87331841091664,34.51406326264232
ABBV,2018-12-14,64.52098874444371,64.78858775955706,63.24246137693611,63.63642501831055,33.06997503449971,32.70057226477556,28.910525853926504,29.00801187282682,34.57936912164727
ABBV,2018-12-17,63.235028027874876,64.58045234618511,62.588329447155466,63.13096237182617,32.2231436192977,32.492004871897706,28.79415091456717,28.74097072491797,34.571821458744246
ABBV,2018-12-18,63.52493693971487,63.55467079957477,61.54768346383923,62.127479553222656,32.51644479883771,32.62617818800891,28.853035357681005,28.780633238600977,34.58537593489092
ABBV,2018-12-19,62.68496346485304,64.1493231454432,61.43616996948631,62.082862854003906,30.71507445293979,32.496749109782144,28.28330284662685,28.61538519352212,34.57600408126649
ABBV,2018-12-20,61.68891057770335,64.28313448811848,61.25778379902175,63.458038330078125,31.139049967088795,32.837224907626585,28.462699884194464,28.722918765880152,34.64767844134249
ABBV,2018-12-21,62.907957531487554,65.94074248063292,61.859866152257254,63.1235237121582,29.009717305997953,32.82538795094734,28.434909757079712,28.556548639105667,34.64776797040727
ABBV,2018-12-24,63.07149862508444,64.25339532325692,62.142336872590114,62.5586051940918,28.956274086384433,32.85978734495092,28.304242518172096,28.560090648723076,34.65395807093468
ABBV,2018-12-26,62.989717206684546,66.22319821496703,62.900521328842125,66.18603515625,33.27140014790145,34.92991742914236,29.657063142187507,29.053852941128955,35.115059520849194
ABBV,2018-12-27,65.37579542369653,66.84758961235694,64.56556938536646,66.83272552490234,33.26212897747837,34.98075913770075,29.602187367733258,29.077104497891348,35.12628213697538
ABBV,2018-12-28,66.9665361368085,68.99582768844786,66.89963921974204,67.73217010498047,33.09312532427702,35.06407151256789,29.6698885303178,29.111446754343195,35.150544803581205
ABBV,2018-12-31,68.08896722004476,69.12219456124821,67.81393899050966,68.52753448486328,33.23526122216351,34.929748713741915,29.314824198854968,29.141293536186563,35.16913314360451
ABBV,2019-01-02,67.82135819534552,67.83622795597437,65.72516996768901,66.3272705078125,34.141289945286616,35.2529111958366,29.76236009896584,29.381183028059855,35.3025248523524
ABBV,2019-01-03,65.88870651292902,66.0076419191374,63.98578538281339,64.14188385009766,35.11482408682121,35.86068645262066,30.067496917756735,29.61755835133795,35.4148901160273
ABBV,2019-01-04,65.22715652884561,66.26038396774702,64.12702649322254,66.2083511352539,35.85864381047348,36.4771223776749,30.503162297888803,29.84436975089087,35.52461211161154
ABBV,2019-01-07,66.95167391570394,67.46457297881702,66.30497534356799,67.17467498779297,35.790450275912114,36.61042105515471,30.549670682325424,29.849410757338518,35.551163136310784
ABBV,2019-01-08,67.79163954882195,68.60930643222498,67.19697942680092,67.48687744140625,35.123376922468545,36.48542187101654,30.53120582808429,29.849960518486256,35.511227445497326
ABBV,2019-01-09,67.55374869777916,67.93284813866242,65.01156445664674,65.271728515625,36.51568790440172,36.7411465553214,30.86107283551564,30.10075201912357,35.63009665165017
ABBV,2019-01-10,65.32378794761537,66.06711737398349,64.75886166680608,65.56165313720703,36.48412485512128,36.68513458665729,30.840917319120464,30.0168772154573,35.62461377554919
ABBV,2019-01-11,65.07102596544598,65.64338684082031,65.07102596544598,65.64338684082031,36.17612126863399,36.52817771020553,30.82286241282161,30.009787207087964,35.62121812282492
ABBV,2019-01-14,65.44025704959513,65.44025704959513,63.57418765918837,63.77735137939453,36.874060152660164,36.43755133593001,31.090212631076025,29.37106268240946,35.73352683348703
ABBV,2019-01-15,63.905265681695454,64.46960041723119,63.54408892504027,64.33415985107422,36.8181480870596,36.479063279006,31.127712312988653,29.346415427098982,35.72773158441682
ABBV,2019-01-16,64.45454994407976,65.00383250382875,64.2965311762901,64.37178039550781,33.82440322929547,36.10731108976113,31.128872306133342,29.232768332282443,35.66164415062296
ABBV,2019-01-17,64.364261441651,65.98202224163363,64.27396581303218,65.61331939697266,34.392252244784856,36.058232817705345,31.286532794737,28.55815341568328,35.66715090774907
ABBV,2019-01-18,66.5538774000132,67.56215849477022,65.40263540235571,67.34394836425781,33.95303307366395,35.30661911386827,31.572292444842653,28.66756202284793,35.76270889516106
ABBV,2019-01-22,66.86238578342089,67.23860897340604,66.1400379475346,66.71189880371094,34.05731386950236,35.202282215750394,31.583047216583083,28.687191517944722,35.764084757949306
ABBV,2019-01-23,66.84732474466256,67.17840294481533,65.98953644491176,66.55387115478516,32.13136279847563,33.939615019972194,31.56415681654104,28.687960788181694,35.71880260149405
ABBV,2019-01-24,66.46358356340005,66.54635311628775,64.03317946996162,64.62008666992188,33.248311128617864,34.07570582848229,31.885358935884828,28.886644056976852,35.82219650803464
ABBV,2019-01-25,62.08434416844069,62.15958764829665,59.76680824833603,60.60202407836914,37.97960247719203,36.52557525754408,33.40815210816315,29.849038223546703,36.38103369186757
ABBV,2019-01-28,60.19570178462953,60.27094526371842,57.69758039019578,58.043704986572266,39.66866372742601,37.55428634083045,34.03687822452354,30.178490990626315,36.52364789869137
ABBV,2019-01-29,57.96092928459176,58.81119715609459,57.01284547472784,58.29200744628906,39.70192913521557,37.561221688509214,33.987266825682354,30.11249644268576,34.11105647993062
ABBV,2019-01-30,58.457563048782916,59.58623265642397,57.923326790051405,59.48841094970703,39.80230091123513,36.53777948763038,34.142349118731794,30.17511298608267,34.17696531860693
ABBV,2019-01-31,59.40563270613115,61.181406421951564,59.22504720269287,60.41391372680664,40.086922416394685,36.15957405548269,34.17718801182612,30.16834263756528,33.8106549104485
ABBV,2019-02-01,60.38381834800199,60.74499511450055,59.52602998586661,60.571929931640625,39.86211466983276,36.12055229217265,34.16998234851284,30.11952421514576,33.67097528706863
ABBV,2019-02-04,60.42144821084195,60.46659315781054,58.329642396833584,59.08961486816406,40.46079620509109,35.65112998982415,34.37021053845735,30.226322968107567,33.54546335102894
ABBV,2019-02-05,59.11218011804323,60.24084958001632,58.85635112887001,59.96244812011719,40.147520574722314,35.680024669549326,34.455360945539226,30.28251392263349,33.57226520567018
ABBV,2019-02-06,59.8947218348008,60.11293194158861,59.285242194237576,59.50345230102539,40.171169073771054,34.752321123031784,34.46854237411123,30.278069765664622,33.214859735790085
ABBV,2019-02-07,58.95416886005887,59.60879923439963,58.54784715261046,59.57117462158203,40.12456277408624,34.691677401139906,34.03720760629213,30.27626011871251,33.17466623158455
ABBV,2019-02-08,59.46582258400598,60.09035431110032,59.36048057470199,59.9473876953125,36.27521526149146,34.61625297679751,34.05118352802921,30.28966547010659,33.10488856755377
ABBV,2019-02-11,60.11293585303786,60.331145974024246,59.57117358585922,60.022640228271484,36.093594640933155,34.53611599026104,34.0531514597493,30.28647943877674,32.7951776523736
ABBV,2019-02-12,60.18817701426095,60.28599870582748,59.119704662280576,60.14303207397461,35.77872607431771,34.406052913217174,33.763947609546136,30.17357457428533,32.68686701257665
ABBV,2019-02-13,60.451533959751444,61.188933871536115,60.41391508857158,60.790138244628906,35.742892067508144,34.492746780532165,33.717359507420326,30.121823006323083,32.70131917595426
ABBV,2019-02-14,60.53431551908219,60.707380731104806,59.98503281709699,60.58698654174805,34.69617906810049,34.194221802097516,33.5806857825776,30.07024653462934,32.70203717531506
ABBV,2019-02-15,61.04596541466574,61.47485957015202,60.316097335877195,60.83528137207031,33.516535487883104,34.03323063094005,33.58663157766094,29.770843208392584,32.68415909542223
ABBV,2019-02-19,60.57194013843391,61.33943300309505,60.36878211978302,60.58698654174805,31.98049028898072,33.76050409788412,33.51897770248673,29.40652086061915,32.64015549155603
ABBV,2019-02-20,60.59451991658201,60.647190945595746,59.548619668515165,60.18819808959961,31.562103710213734,33.649803986617094,33.519524272555316,29.398525215365247,32.47646638725132
ABBV,2019-02-21,60.00007011762909,60.12799035959124,58.766058567492294,59.255149841308594,31.64538788277599,33.50103874628957,33.58320293954809,29.41695535599961,32.5054065678848
ABBV,2019-02-22,59.56365204135513,60.33867081415523,58.87139708034918,60.210750579833984,30.935860896031187,33.671599972744154,33.698342827761856,29.48499562793117,32.55201631959895
ABBV,2019-02-25,60.54182821921252,60.662222381977806,60.105407990252836,60.41391372680664,30.916114701743265,33.6422953828003,33.69304284641764,29.472540835379206,32.55505124013984
ABBV,2019-02-26,60.34619026068335,60.84280756843841,60.210749698632846,60.57945251464844,30.935764144913197,33.45307573128533,33.68663970254372,29.468363619868075,32.537491963726836
ABBV,2019-02-27,60.301037265172,60.301037265172,59.29276212514531,59.75175476074219,30.125626924302935,33.39191518394383,33.72692268431725,29.471561484806063,32.46693563706168
ABBV,2019-02-28,59.78938707914614,59.97749866915379,59.255150852409635,59.62384796142578,29.949184464242528,33.28963675902635,33.57115773892338,29.464630922403945,32.363194241632584
ABBV,2019-03-01,60.02263025198689,60.83527351768645,59.65393322504702,60.270938873291016,30.186824415438203,31.788479889631876,33.455858901846604,29.48424620149247,32.3276458497348
ABBV,2019-03-04,60.49669588047054,60.74500458736637,59.52603926864116,59.78939437866211,29.540636595007374,31.798207955762216,33.45290735738789,29.45840747595692,32.29466820251199
ABBV,2019-03-05,59.72919430898072,60.120469659270334,59.23258266064152,59.37554931640625,28.23180384148992,31.141311470204702,33.449848219191445,29.426866825827787,32.27808289180702
ABBV,2019-03-06,59.54108224631569,59.54108224631569,58.35974161443311,58.75853729248047,28.24970203232205,31.188344202449603,33.47899472885628,29.426628914579588,32.28388965067705
ABBV,2019-03-07,58.5177444423444,59.53355150896559,58.269441533848315,58.871395111083984,28.301569469372694,30.291512940655064,33.40606004434758,29.405511293025693,32.275129361177584
ABBV,2019-03-08,58.442496151379956,58.72090331763332,58.00607596883437,58.374778747558594,27.30047807865735,30.265057953934736,33.19600370307371,29.41525920680012,32.281810467098516
ABBV,2019-03-11,58.36725786883497,58.92406651015182,58.14152168793675,58.751007080078125,20.44300918385982,30.26566396399276,33.165031338884646,29.42580525635094,32.22158553623069
ABBV,2019-03-12,59.051987725622844,59.54859929488565,58.72843558931918,59.24761962890625,16.2474560403314,30.307914867004175,33.10815518578114,29.27384080107931,32.16962973194875
ABBV,2019-03-13,59.383056968393944,59.668990218873944,58.80367587891646,59.39058303833008,16.220732734441725,30.26939852059592,32.73181890275041,29.170425633034007,32.16457870013091
ABBV,2019-03-14,59.443274423653854,60.496700688164665,58.99933373729711,60.15809631347656,15.563367680266015,30.035649281913596,32.7993339892584,29.21081686062395,32.167443235235986
ABBV,2019-03-15,60.24087167146959,61.29429803709755,59.526049713031966,61.204002380371094,15.722571447239305,30.227118775909368,32.68845813825578,29.265721856807293,32.21695597684647
ABBV,2019-03-18,61.2039871187911,61.51249289681152,60.40639577574968,60.6848030090332,15.918294024442318,30.101563529331376,32.54134909587923,29.27209787553835,32.05490618127128
ABBV,2019-03-19,60.444031686158965,61.16637967268816,59.82702575553748,60.81272888183594,14.07306384849328,30.105818072855286,31.83156852767818,29.24703622908314,32.042598520621254
ABBV,2019-03-20,60.737466709315996,60.88043334441363,60.240849392056674,60.519256591796875,13.547932631759247,29.758389781366052,31.7447605759163,29.249285498181827,32.015205032830956
ABBV,2019-03-21,60.10542218507124,61.18142087088358,59.63890904595564,61.12874984741211,13.611950800835304,29.82488903407931,31.006090765850153,29.26897737676703,32.02777209973486
ABBV,2019-03-22,60.782606470998765,61.693065734345765,59.96244282328879,60.015113830566406,14.71363550266345,30.000302666826745,30.808234909085186,29.335987431408384,32.074196221665815
ABBV,2019-03-25,59.8194812232555,60.22580291667598,58.99931750667857,59.82700729370117,14.630495384465725,27.54455553604028,30.757539998604344,29.313404550400808,29.05532394436972
ABBV,2019-03-26,60.08284908626141,61.091130334600805,60.045230207435374,60.767578125,15.317657982112767,27.67450347564916,30.83763715694241,29.211727667990328,29.094665073854536
ABBV,2019-03-27,60.94814609244928,60.94814609244928,60.045212891067074,60.11293029785156,15.649805029036685,27.560137333000046,30.882505654432464,29.234597375931475,29.028775569759958
ABBV,2019-03-28,60.44402615631925,60.56441460603772,59.81949421006616,60.165618896484375,15.320655025594125,27.419975436955447,29.95560602940861,29.14533906687981,28.82292448696636
ABBV,2019-03-29,60.25590872383925,60.87291453846378,60.16561308973184,60.639652252197266,15.472795872239145,26.745670976081964,29.60603255416635,28.7906502535917,28.728555208084845
ABBV,2019-04-01,60.933100728820406,61.03091667607436,60.17312839797232,60.78260803222656,15.441365581591118,25.909183080137044,29.577941568905032,28.715895261490555,28.72643152001537
ABBV,2019-04-02,60.86540724173836,62.82176732517693,60.7976898008024,62.505741119384766,17.380319244669842,25.718103765505496,29.317614460037305,28.88581978126743,28.66477866010725
ABBV,2019-04-03,62.919562510504804,63.754778373883475,62.29503069541809,62.513240814208984,17.231997238998098,25.517243154762152,29.245544093247638,28.883427958881125,28.649424310065292
ABBV,2019-04-04,62.48315049662562,62.7389795201625,61.753276561330765,62.31008529663086,16.537606041544205,25.491401057415892,28.585621907237744,28.869095853159244,28.533804581859894
ABBV,2019-04-05,62.31761349223812,63.34094110268718,62.204745378890955,62.79165267944336,16.08166178715215,24.6624265185346,28.57703709342969,28.861378121870246,28.53469231300725
ABBV,2019-04-08,62.97976275689305,63.205498978099065,62.287513431570126,63.190452575683594,16.13601939752933,24.682189692795436,28.528548622040734,28.308005648694547,28.417876102190164
ABBV,2019-04-09,63.03242911908791,63.039955190094844,62.07682476677248,62.219791412353516,16.861922273816944,24.86569894446084,28.57720033315769,28.333445675441215,28.448391442964155
ABBV,2019-04-10,62.6035321139882,62.73897268248497,62.152065465902254,62.41542053222656,16.28780368086368,24.18496074737135,28.470137317568167,28.328058081148388,28.24130445635364
ABBV,2019-04-11,62.60353685841027,62.641161473897945,61.12122230398738,61.52753829956055,16.89319239666299,24.276903637918636,28.55348611795901,28.23240950496078,28.276020105255373
ABBV,2019-04-12,61.504656876405534,62.373818558457366,60.87184444322689,61.588523864746094,16.638710665431773,24.27799512666145,28.352728592066324,28.155150561877985,28.27055419357723
ABBV,2019-04-15,61.72577109014975,62.14510610565863,61.27594427062786,61.77914047241211,16.441870249143804,23.938493846982706,28.24177202733173,28.136596166031246,28.27120680706066
ABBV,2019-04-16,61.84012390392873,61.98498612104369,61.009079891039335,61.1539421081543,16.60465785134285,23.334178916478994,28.066779600701956,27.832158632896846,28.27489410733426
ABBV,2019-04-17,61.070075879036374,61.14631700910751,59.125900886508326,59.45374298095703,18.369465896457626,23.912656427335317,28.304855656304635,27.997407532338364,28.38933336010539
ABBV,2019-04-18,59.51472938908624,59.62909398682956,58.56170076926703,59.141143798828125,18.435630394342663,23.92238135758448,28.107132450839124,27.98124820922669,28.38095777533654
ABBV,2019-04-22,59.16402378685339,60.3076582897571,59.087782650024984,59.58335876464844,18.365805796752777,23.297067712061793,28.124559903108526,27.90892006165489,28.360338527441588
ABBV,2019-04-23,59.58334216149446,60.73460220232522,59.27837188233624,59.9721794128418,18.367995931102694,19.316933823469316,28.12054554434737,27.875568475176703,28.3662507542712
ABBV,2019-04-24,60.40677727521887,60.68124420567383,59.804462402953966,59.97981643676758,18.221330701665487,17.11712460061888,27.98498032889849,27.81422906561422,28.358575650125882
ABBV,2019-04-25,61.031968036860434,61.35218432474785,58.637960103333235,60.49064254760742,18.36363486978353,17.177896057546345,27.920503555692537,27.826252162413546,28.307433160228555
ABBV,2019-04-26,60.74223825684636,61.48941534693663,60.53638660881556,60.76511001586914,18.037755856173025,16.70270883020106,27.87086592184465,27.596028462245908,28.305432680575272
ABBV,2019-04-29,61.34455316578928,61.74101637858309,60.925224010780425,61.22256851196289,17.45633293177891,16.474183660297033,26.810493254820113,27.611098093904896,27.685349178299667
ABBV,2019-04-30,61.512273700004584,61.5198995569588,59.98742805133499,60.52874755859375,17.597894574716854,16.63674107973871,26.84572801607991,27.546619914216446,27.671898040161864
ABBV,2019-05-01,60.68884905041107,60.74984426575914,59.93405216515646,60.14752960205078,17.67591769729409,15.87585566798956,26.352340805684367,27.54952441238411,27.592362992984565
ABBV,2019-05-02,60.0255593170612,60.063676973135,59.16401769087433,59.827327728271484,17.687505165470633,15.62999353903693,26.36004530194892,27.523016075911784,27.01268617459766
ABBV,2019-05-03,60.01794080028389,60.078936037653015,59.659601051772775,60.01031494140625,17.4449977876507,15.560381426915665,25.695819098183282,27.510732427075823,26.96801461867399
ABBV,2019-05-06,59.27838898013595,60.62787514735428,58.96579275420927,60.429649353027344,16.73372053906993,15.621995581764589,25.692013864428464,27.454819220074917,26.979129628398468
ABBV,2019-05-07,59.926442319115495,60.22378680234665,58.836177274992764,59.43086624145508,17.415707500888363,15.94710072755393,25.789608221595845,27.49733519877361,27.026021033195295
ABBV,2019-05-08,59.43087475529746,60.14755428771595,58.950550325151234,59.46137237548828,16.761412001632706,15.945046994024809,25.773757101442218,27.485136163444096,27.022401789320966
ABBV,2019-05-09,59.09540881518732,59.56810735607007,58.50071980128585,59.4003791809082,16.48628447727819,15.939603322265459,25.732658213582855,27.454522717824375,27.021980281845238
ABBV,2019-05-10,59.04967117309571,59.263154543154926,57.65444121680638,59.0496711730957,16.558216753831186,15.817268924435457,25.47343932267758,27.45931010904939,26.962601736796067
ABBV,2019-05-13,58.17287155760242,58.935294483301924,58.07375285449329,58.607452392578125,16.473692089892296,15.872494675008902,25.470238392381063,27.46982723234947,26.91495893842559
ABBV,2019-05-14,58.828573173531126,60.505901780434314,58.706582677189864,59.804473876953125,17.579152613991127,16.409130437892514,25.566404379109425,27.581565225018185,26.96300284049858
ABBV,2019-05-15,59.85783090710879,60.34578115808134,59.07253615372565,60.063682556152344,15.456621369592169,16.416406336520144,25.577243504996332,27.58553441715718,26.912784822931684
ABBV,2019-05-16,60.21617911280603,61.56566544298856,60.0103216179886,60.61263656616211,15.746046309497089,16.46783382390047,25.373741918802633,27.597743511055274,26.887670220453458
ABBV,2019-05-17,59.87307681472094,61.05483478267615,59.484239458897,60.582130432128906,15.732435003571087,16.138789640782953,25.361940259312536,27.585855062844633,26.872140276485386
ABBV,2019-05-20,60.246664783987256,61.2911864206977,60.162803602845436,60.856605529785156,15.607289797212854,15.832549652023445,25.336282780856738,27.588894915291707,26.875272573666585
ABBV,2019-05-21,61.24543907219318,62.13747255828002,61.23781321372024,61.66476821899414,16.010486367032346,16.04370838937429,23.757213249937024,27.625738129149614,26.902819951668018
ABBV,2019-05-22,61.38269166740937,62.32809477907764,60.90236134267274,62.20610427856445,15.616685681438023,16.128945278000188,23.746737364611075,27.633759261320094,26.918123237407798
ABBV,2019-05-23,61.29119279920074,62.23659581843104,61.23782341465129,61.870635986328125,15.663427121478419,15.904197026469113,23.65010129809678,27.58784797415817,26.921811734857133
ABBV,2019-05-24,61.82487216580304,61.83249802376038,60.89472108389322,61.03957748413086,15.602417314818892,16.156447653402182,23.64720689063117,27.615984737578348,26.946759140846567
ABBV,2019-05-28,60.99384525010295,61.07008639330031,59.408003877561946,59.49187088012695,17.24460466363486,16.867084482267057,23.436471842152603,27.719699861316933,26.96540485562256
ABBV,2019-05-29,59.141150542679114,59.68247016244396,58.782810810073684,59.51473617553711,17.2045124495887,16.788740486699545,22.853523965975935,27.712649162114626,26.896331450857975
ABBV,2019-05-30,59.86545956209288,59.918828946695726,58.80569191296015,59.17165756225586,17.05295604649676,16.77007623713451,22.265531967728414,27.716729913947074,26.857577338430012
ABBV,2019-05-31,58.94291862731475,59.14115023050611,58.24911674138353,58.48546600341797,15.359285260779401,16.804136482712934,22.185643089618868,27.737253845515692,26.6379559838753
ABBV,2019-06-03,58.42447726575868,58.584585411084966,56.274444459221485,57.715423583984375,15.742091832976527,17.013529179332814,22.243736915953928,27.775218577725227,26.37301277024094
ABBV,2019-06-04,58.05087844985052,59.04203053478589,57.867898584739,58.51595687866211,16.13252189049025,17.169025153017643,21.78187653669826,27.54331490711546,26.400816510251246
ABBV,2019-06-05,59.01915673318405,59.598593922091766,58.447339584807466,58.75230407714844,16.05356615839409,17.137991021308718,21.779379998253766,27.541451108495018,26.38030492942502
ABBV,2019-06-06,58.82857747327747,59.25553260802374,58.59984818433343,58.75995635986328,16.053578947013918,17.048068833724102,21.77704553741385,27.54047723745693,26.379530304283794
ABBV,2019-06-07,59.080159719729714,59.7587157597406,58.76756929819127,59.03441619873047,15.901500973634258,17.06865379138961,21.33602951841785,27.340336413490007,26.372289057126892
ABBV,2019-06-10,59.0572906129974,59.27839400247274,58.40160630402265,58.668453216552734,15.892943805296792,16.897534347700415,21.29891680724798,27.2773690524689,26.371427526639803
ABBV,2019-06-11,59.08016956760521,60.15518902488815,59.08016956760521,59.59861755371094,16.452270294435056,16.83301090729206,21.46126874103835,27.25602206738517,26.396444131693908
ABBV,2019-06-12,59.65959696657525,60.42201993100432,59.60622759173824,59.90357208251953,16.230644702190585,16.785300285071173,21.24525301285042,27.261003381199878,26.39663518139624
ABBV,2019-06-13,60.1780486242961,60.38390027831899,59.697724220358744,60.193294525146484,16.1956327587014,16.81059435345322,20.823137179631797,27.22385137168987,26.39059307071106
ABBV,2019-06-14,60.19328956057389,60.49063404565278,59.62909820642746,59.99506378173828,16.14766669627966,16.795298743416335,20.78358515807002,27.220050784896316,26.36047666772529
ABBV,2019-06-17,59.773955739900636,60.269531781770084,59.773955739900636,59.964561462402344,16.12390143280579,16.661179388983214,20.782699382993,27.21349046488264,26.330166399088423
ABBV,2019-06-18,60.139916005733305,60.38389110003714,58.71418891148046,59.65959167480469,16.048397386123696,16.26361178500578,20.28777875006047,27.21819967102594,26.318276712412707
ABBV,2019-06-19,59.773972512388944,59.83496775674267,58.9276824016676,59.17165756225586,15.482123275587448,16.33718029432299,17.603538001098297,27.22427066613355,26.30884599888847
ABBV,2019-06-20,59.65197693808435,60.361030596973144,59.52999227660329,59.72821807861328,15.725348751649282,16.128488588601247,16.26952630638487,27.244105651525768,26.32515875489943
ABBV,2019-06-21,59.5833581638335,60.29241178115702,58.271989683035095,60.063682556152344,15.799424307994736,16.020874329017147,16.279197864888136,27.241013268427107,26.330840867997708
ABBV,2019-06-24,59.781600021201264,60.46777618021541,59.35463911577421,59.81209182739258,15.747578963671105,16.042566393463474,15.974191899759493,27.14473664579578,26.19162728142933
ABBV,2019-06-25,53.727939144205855,53.88042138740222,49.60322873562495,50.09117889404297,53.90452386296971,39.65316140383248,32.26325952914451,34.153580716283585,31.53133546460452
ABBV,2019-06-26,51.26532159283199,52.157360935826816,50.92985942368293,51.844764709472656,54.63866358093742,40.38188200578406,32.766716665662244,34.409953464251686,31.729852467018144
ABBV,2019-06-27,51.966754309236,53.82706246796505,51.92100497393778,53.36960983276367,55.45646530556726,40.41585583684888,32.90810370746259,34.59266648059129,31.858718119120844
ABBV,2019-06-28,53.81182028898716,55.458651052970424,53.621214526402326,55.44340515136719,56.673938153381656,41.26781260599602,33.399662232393695,34.90833955124539,32.09143109530401
ABBV,2019-07-01,56.038078889393006,56.30492572073947,55.107922091421344,55.96183776855469,56.78228621567332,41.33175365516012,33.41921182182882,34.88703026898016,32.089168441922375
ABBV,2019-07-02,55.80936113841038,56.60990761320627,55.13843099408895,56.594661712646484,56.889358463012464,41.37289377753354,33.471167771189556,34.79227805427027,32.1100388209631
ABBV,2019-07-03,56.68613620828217,57.158840456615025,56.25155542815302,57.151214599609375,56.816643823999804,41.407695713272794,33.49381838941009,34.788941441963665,32.12221165745211
ABBV,2019-07-05,56.91488663620961,57.02162540684737,55.35954278528213,55.649261474609375,57.13076435967314,41.62898342822738,33.74868130070854,34.87154844792859,32.221010576594
ABBV,2019-07-08,55.29091294221486,55.65687853858426,54.04053969792698,54.299766540527344,57.44857550738269,41.87297843108257,33.95599040019269,34.7847348214233,32.29231323539615
ABBV,2019-07-09,54.26927417752958,55.23754891385466,54.048170789934574,54.31501770019531,57.396343359935365,41.80104102755094,33.90466109008184,34.779769530127496,32.18332839310593
ABBV,2019-07-10,54.574239875466375,54.69622453102858,54.10153552020138,54.62760925292969,57.08126910925975,41.82724590249924,33.920186440400734,34.66473708300315,32.189671369264104
ABBV,2019-07-11,55.123190107190325,55.199431250575344,53.25525010171239,54.31501770019531,57.07876917628272,41.82049906677103,33.91826795343785,34.58265859434048,32.134043288298315
ABBV,2019-07-12,54.415653661530584,54.415653661530584,53.05332560276563,54.400169372558594,57.08791423254856,41.79346663535354,33.91760479320075,34.22189380400699,31.89645334071037
ABBV,2019-07-15,54.42337675795856,54.97295077323084,53.95120645227647,54.39241409301758,57.030132479827245,41.43492051957965,33.9063124393173,34.1761080424738,31.845716205298384
ABBV,2019-07-16,54.29952891929174,54.41563742984387,53.509995771956575,53.53322219848633,57.07941033341552,41.53388940137613,33.9096214914002,33.839825561152956,31.85895871998018
ABBV,2019-07-17,53.66480563379459,54.07505055988624,52.87527253727681,52.88301467895508,56.93207921484185,41.545236789221526,33.845047019294874,33.68684018736115,31.87706034890045
ABBV,2019-07-18,53.07653759708014,53.3706740794717,52.635329920730314,52.82884216308594,56.89378224324191,41.508135953958956,33.83681359157863,33.66235561668206,31.867908773614722
ABBV,2019-07-19,52.743689664389585,53.2700431335581,52.712727000847416,53.05331039428711,56.92929290772671,41.52617307284338,33.84226783745814,33.654937861452474,31.8580407920958
ABBV,2019-07-22,53.02235468696145,53.215866930344525,52.51147952977814,52.63533020019531,56.891097676993894,41.48455944688088,33.80029989766609,33.66295490877377,31.51117441065196
ABBV,2019-07-23,52.635340304434564,52.975923807937505,52.325719474479726,52.42634963989258,56.88661079070597,41.46122738279046,33.80276460889319,33.21488078891364,31.494321770025312
ABBV,2019-07-24,52.45729566566122,52.550183667283825,51.675510464389454,52.217342376708984,56.58613019099366,41.410175372451455,33.74970934715014,33.019455344783985,31.489340429781233
ABBV,2019-07-25,52.21734586795252,52.53470879890489,51.474259521863836,51.59811019897461,56.55268560464934,41.41511906703751,33.77481692928188,33.03446817910781,31.4115503971043
ABBV,2019-07-26,52.356681682330354,53.517755355188996,52.147691019647276,52.44956970214844,56.82477649689216,41.590122141624455,33.881254603581304,32.787596748643324,31.40730704914374
ABBV,2019-07-29,52.534694472188605,52.952681535160394,51.768381903978465,52.0005989074707,56.835058570809004,41.60570849928631,33.86973517821125,32.75854748092401,31.400766160314248
ABBV,2019-07-30,51.799344564812344,52.271514807862495,51.28847542486264,52.0005989074707,56.8385605527078,41.59351362941808,33.86657560813426,32.41684722721771,31.197805786655806
ABBV,2019-07-31,51.791617387738526,52.155415428741,50.80082978432459,51.567142486572266,56.84821442108573,41.56497319101049,33.866031294432716,32.40580536830338,31.187740939442033
ABBV,2019-08-01,51.80708805414233,52.01607863830318,50.398319429932734,50.93241500854492,56.882457766847615,41.51251098595657,33.889298814228646,32.39324913215115,31.193456827484052
ABBV,2019-08-02,50.70020351862781,50.92467841080834,50.33639958666365,50.5840950012207,56.72067202600621,41.51661795391071,33.863099326218986,32.3704222343013,31.139033695782064
ABBV,2019-08-05,50.2977063180502,51.18012170033835,49.95712287031612,50.49121856689453,56.63463108345107,41.5155580565826,33.85706940820981,32.32127108726905,31.107167667060303
ABBV,2019-08-06,50.52217540770895,50.96338309953299,49.763610698164214,50.13515090942383,56.633758205556184,41.52005276894887,33.7880480148167,32.326751039772816,31.070883612772
ABBV,2019-08-07,49.83327348346589,50.23578227855194,49.00504422600475,49.895198822021484,23.79075207822229,41.510393266998896,33.652452666217684,32.22270962055264,31.065107850009305
ABBV,2019-08-08,50.15062981142979,50.6614990234375,49.79456801990331,50.6614990234375,21.95000460609214,41.40551248421963,33.74730651240215,32.22225761527756,30.963215546232103
ABBV,2019-08-09,50.59958116909672,51.76065457531765,49.76360689929172,50.76213073730469,20.084920526434814,41.39117017170996,33.746953782596165,32.12778973001616,30.964036119464033
ABBV,2019-08-12,50.498949169311665,50.684725159448206,49.60105550574977,49.94937515258789,16.597803244689384,41.40436540878094,33.82041685025658,32.130845342012314,30.937046547823364
ABBV,2019-08-13,50.20481433036061,51.033046453497825,50.03452262000114,50.3209228515625,16.479548618853432,41.45831839007075,33.79949498448962,32.05262687322356,30.945751412303306
ABBV,2019-08-14,49.9261522968923,50.30543459102733,49.152103424072266,49.152103424072266,16.843353018092667,41.63588533921518,33.87250659469749,32.155073164239525,31.003165811550886
ABBV,2019-08-15,49.63202156846775,49.724903664370004,48.50190783987017,48.749603271484375,16.297339227298753,41.498942753921305,33.88648017535705,32.14892359214225,31.00154727701628
ABBV,2019-08-16,49.159848363346924,50.1661114251536,48.819267882465994,49.87197494506836,16.953615146335128,41.78014735562256,34.00031727606736,32.20635880090306,31.048121165299637
ABBV,2019-08-19,50.34413923353043,51.76838632024651,50.289956048829794,51.52069091796875,18.809144860132253,42.43140387597914,34.40704403795201,32.4039198208059,31.219744177040976
ABBV,2019-08-20,52.15541308376725,52.99138731834656,51.34266527697443,51.40459060668945,18.79969730370716,42.37542437278545,34.40503239403316,32.371356207710605,31.211194751159
ABBV,2019-08-21,52.1244416151902,52.57339132151061,51.55164717588138,52.27925491333008,19.454993751568512,42.293991805932286,34.49763634725583,31.922081996249453,31.245978544262947
ABBV,2019-08-22,52.53470819258969,52.65855296274582,51.71421223001364,52.26378631591797,19.41500255000304,42.29247792239098,34.49269540966281,31.917208469296,31.245212466433404
ABBV,2019-08-23,52.07800508276563,52.47277164526153,50.684720712141726,51.064002990722656,20.403134503137778,42.50670284894072,34.33630899465137,31.791688571979787,31.32226488605753
ABBV,2019-08-26,51.420074000620104,51.807098490793216,51.14915803860394,51.443294525146484,20.58265409767707,42.509866241940514,34.367304424044285,31.80906190588789,31.332276815551317
ABBV,2019-08-27,51.605843713279896,51.84580291113512,50.69246568713666,50.83179473876953,20.378328349320185,42.49622207352782,34.40347366743464,31.535861696201227,31.347922163312543
ABBV,2019-08-28,50.75439016164263,51.38136793059465,50.622803255533555,51.141414642333984,20.24900235678434,42.402409514909664,34.39272721302369,31.53089415586735,31.347260855691477
ABBV,2019-08-29,51.65228920235729,51.88450034480857,51.05626820179682,51.25752258300781,20.27276660932525,42.39280189382069,34.37355919720563,31.520494419363253,31.342703437595077
ABBV,2019-08-30,51.39685001127407,51.42007053423508,50.6924626519919,50.8859748840332,20.288511713589656,42.40202440445716,34.31684909685798,31.519441461761982,31.344907229808044
ABBV,2019-09-03,50.916935373821325,50.9324196588167,50.25899499410378,50.622798919677734,20.227713344514424,42.38002943880289,34.310491957345526,31.505792718591895,31.33991115659132
ABBV,2019-09-04,50.83178891476661,51.41232557913496,49.87971209229615,51.38136291503906,20.742145470957666,42.52250401757704,34.3585753431329,31.44661665663659,31.373757218759145
ABBV,2019-09-05,51.582627572315864,52.09350277355785,51.420077982518556,51.88450622558594,20.93220789245214,42.43223888217057,34.4047593841685,31.462669774072623,31.36295749398229
ABBV,2019-09-06,52.06253984198234,52.72822248573057,51.86128543897054,52.3411979675293,20.78438032037926,42.466166721484676,34.43670014795762,31.433724859972166,31.368979648765695
ABBV,2019-09-09,52.60437375759383,52.635336428862125,51.32719161902365,51.62907028198242,20.61289853107192,42.50403510911981,34.46344072390272,31.469866474335856,31.361913415587217
ABBV,2019-09-10,51.141418125621094,52.774662017822266,50.81631895702355,52.774662017822266,21.457164566001072,42.79909512338976,34.40107938506098,31.47025063237812,31.441742081020458
ABBV,2019-09-11,52.92948213175502,53.9821895154363,52.681786624155116,53.78867721557617,22.118010528374025,43.017644382100414,34.54375191596318,31.555310634168272,31.504803932023904
ABBV,2019-09-12,54.77169496331211,55.089051901724744,54.33048738174665,54.82587814331055,22.522225841827854,43.22401722383577,34.66513669989485,31.628734541827658,31.563153751223354
ABBV,2019-09-13,55.07358452506926,55.35224262230151,54.554973140702245,54.57819366455078,22.197633670042446,43.20583685802284,34.649939188604264,30.89321810500608,31.564874926871724
ABBV,2019-09-16,54.469828049758604,54.92651410660903,53.966695039032324,54.63237762451172,22.031882356765266,43.15124701928605,34.650890986005756,30.867530652019653,31.385737581219086
ABBV,2019-09-17,54.57818745488097,55.80118018078139,54.462078943323704,55.421897888183594,22.249082261563082,43.24973299016814,34.70394776029744,30.874221234987363,31.41799999379971
ABBV,2019-09-18,55.48382098836775,55.59218735333236,54.81039637278135,55.16645812988281,22.162581598051943,43.25101052279343,34.69807970603006,30.839377948433455,31.41930989028753
ABBV,2019-09-19,55.26711405079886,55.661880796272726,55.12004281305773,55.476104736328125,22.041563059883302,22.926115096947107,34.687573963936494,30.621847763490184,31.296155016181636
ABBV,2019-09-20,55.73152667358185,56.505575655159376,55.73152667358185,56.03340530395508,21.851059173710272,21.964264853917612,34.69036448581061,30.403439199983502,31.270724674664578
ABBV,2019-09-23,55.986968697444375,57.109337447582725,55.77023591028874,56.45139694213867,21.878295501261583,21.235629157931843,34.703073961315276,30.173370130156645,31.22463410204882
ABBV,2019-09-24,57.148024637459514,57.148024637459514,55.86310078770015,56.46685791015625,21.098488190497548,19.770942290131995,34.69514600452832,30.11822124740372,31.22247280533005
ABBV,2019-09-25,56.41266570059203,56.69132369797305,55.74698336301767,55.80116653442383,21.568732184421556,19.835056892496432,34.73615038332262,30.138267293287825,31.213896060137074
ABBV,2019-09-26,56.46686316803477,57.63567862488066,56.211431527035394,57.30283737182617,21.006191582935614,20.446137770383682,34.9849071771354,30.06765138562381,31.33041141005284
ABBV,2019-09-27,57.44216641197907,58.16203210328961,57.217691529148446,57.937557220458984,20.682303208256783,20.472280627068272,34.93588328626952,30.093623294491316,31.348510188942356
ABBV,2019-09-30,58.01496383046443,59.168300966058986,58.01496383046443,58.610984802246094,20.12921776358833,19.817761392485004,34.986006762635355,30.127653365513556,31.37248560651284
ABBV,2019-10-01,58.74258016362837,58.85094655492398,56.45913789708102,56.68361282348633,21.43624424681696,20.380299605630533,35.38287408310658,30.19310792033331,31.538480803026808
ABBV,2019-10-02,56.4204206605269,56.5055665071577,55.39867640648146,55.8321418762207,22.036826989667084,20.6376252095934,35.44919110160823,30.22087268638918,31.566504711255583
ABBV,2019-10-03,55.77797603550536,57.23319211728336,55.76249765199804,57.16352462768555,22.490237884967204,21.1494770707704,35.63683725218893,30.357588654094503,31.652514178991144
ABBV,2019-10-04,57.44991340203121,58.10011167845455,57.240916880663164,57.790496826171875,22.582786468759704,21.206211522652737,35.53121344599832,30.29790757996601,31.613890779061965
ABBV,2019-10-07,57.83694334064731,58.26266675554505,57.34155244353248,57.535064697265625,21.28032736331578,21.235362619718785,35.52911919276865,30.13336808251634,31.5383660153014
ABBV,2019-10-08,57.186740872669006,57.860165662556845,56.83067902340864,56.91582489013672,21.677219902955283,21.370817576447095,35.53385493524496,30.13937878743111,31.547782633878583
ABBV,2019-10-09,57.33381194360203,57.759541276230784,56.69909196938083,56.737796783447266,21.28226525522204,21.103568878968325,35.53606932141454,30.14004290694402,31.544094134829287
ABBV,2019-10-10,56.67586799563359,57.767274000717315,56.660383708738706,57.62794494628906,21.551828523456596,21.130145184642547,35.620193080693475,30.009320542953432,31.586115040147085
ABBV,2019-10-11,58.0912932727642,58.381863700063505,57.77715773719683,57.824275970458984,21.546504802055303,21.12763206002344,35.5579299671252,29.04403158975159,31.55219390016003
ABBV,2019-10-14,57.84000796145078,58.24838011829752,57.63581888720778,57.926395416259766,21.292580372477588,21.120038909666572,35.52830273931376,28.59336893747476,31.451197030205165
ABBV,2019-10-15,58.271908026265955,58.884474920828886,57.957778531580615,58.507511138916016,21.157586237576133,21.09913100171986,35.560518115558224,28.613392333041215,31.449302550452146
ABBV,2019-10-16,58.413269599900815,58.884475832496285,58.38185545161871,58.7038459777832,20.944544966203942,21.067390637044397,35.50477003912136,28.51421681426859,31.40942801905238
ABBV,2019-10-17,58.89234168825078,59.826893393619066,58.62533033908147,59.0101432800293,20.885892619089656,21.042070649174946,35.28255653427957,28.461502800208493,31.263865986406884
ABBV,2019-10-18,59.08866891679277,60.60436737877738,59.06510979946012,60.04677963256836,21.19513007732399,21.06943400467003,35.391683067545124,28.535378775949372,31.31247383096985
ABBV,2019-10-21,60.37660966555185,61.13838629367078,59.567714810253996,60.70645523071289,20.54145912689872,20.945927315600223,35.420509198712566,28.412237616816867,31.228334109333865
ABBV,2019-10-22,61.29545536536274,61.7745106340711,61.059852252621035,61.15409469604492,19.946679065776415,20.841808759572793,35.386201459461056,28.372783327686978,31.164254476007713
ABBV,2019-10-23,61.09126293142453,61.271886781518724,60.62006272433379,61.05984878540039,19.56885504063164,20.852744049093964,35.319561334811546,28.358335588924156,30.86825943187888
ABBV,2019-10-24,61.13054102631023,61.16981021632475,59.88185987345935,60.31379699707031,19.610675376843677,20.956753771561797,35.31377902933482,28.396211128936542,30.853020239150947
ABBV,2019-10-25,59.99180669228006,60.305942238933774,59.858301032234316,60.10175323486328,19.578456708301847,20.76368616608597,35.31383533342595,28.38966270430696,30.542379772048527
ABBV,2019-10-28,60.21169386300937,61.55461735119589,60.07033318048255,61.51535415649414,20.40417901200579,21.082254928267485,35.502399948394086,28.52214614709109,30.494986728865843
ABBV,2019-10-29,61.34257619574728,61.837335563548145,60.93419824854084,61.62529754638672,20.171684347748187,21.057890443846258,35.496672541013695,28.5219567959751,30.473141484277555
ABBV,2019-10-30,61.65671523327009,62.661944096938925,61.264047333922164,62.559852600097656,20.285875628283627,21.079490222795794,35.5558111864869,28.549270681631256,30.501991004879375
ABBV,2019-10-31,62.599127044632844,62.62268616416563,61.83735022433839,62.47347640991211,20.344628646127504,21.03231520328677,35.47464959446773,28.54681860818825,30.50116795290123
ABBV,2019-11-01,62.85042384229259,64.53889703014951,62.143620415790075,64.20120239257812,21.380592585616522,21.45380122143912,35.722173878090196,28.72296915495526,30.253808096848818
ABBV,2019-11-04,65.14361941004678,65.43419588974275,64.50749916144663,65.17503356933594,21.583491912735614,21.56961918555616,35.78914190801951,28.77106568189354,30.145115699700536
ABBV,2019-11-05,65.31637918975794,65.497009066001,63.98131068263516,64.27188110351562,22.226537472144877,21.486198196710955,35.86007082564227,28.809395831788258,30.167170520553405
ABBV,2019-11-06,64.21690711783448,64.5938709463033,63.101731695720915,64.46036529541016,21.69835988079633,21.477239771290808,35.861300605494115,28.74801110612247,29.93976194076884
ABBV,2019-11-07,64.56247557904003,64.86090111932852,63.67504800464951,64.40541076660156,20.744457586751402,20.72106714611061,35.85008746267267,28.688933259592485,29.912337307042208
ABBV,2019-11-08,64.47606977536729,67.11479861610646,64.4682147394905,66.91846466064453,22.945548871764814,21.6707558901539,36.310399530843966,29.03547457436744,29.907061747585885
ABBV,2019-11-11,66.7142797339964,67.28757755519464,65.88968066579821,67.2718734741211,22.85694595794864,21.36233557550287,36.29287203646812,29.0396793941039,29.898827794200024
ABBV,2019-11-12,67.22475984028678,69.32946054237621,67.18549663559757,67.88444519042969,19.830813555599132,20.598093222044394,36.307751983527666,29.006559631162805,29.8885199913276
ABBV,2019-11-13,67.33469169042078,68.53625453923686,67.01270711910071,68.05720520019531,18.829368877698645,20.55333438024438,36.29789662127226,29.005371453892803,29.87276395445112
ABBV,2019-11-14,67.9158534644577,68.91322745338847,67.48391630883555,68.81898498535156,18.18976507517238,20.441209927530256,22.327463814048045,29.00704235189353,29.84641078238687
ABBV,2019-11-15,69.18808965474012,70.04410887742718,68.52841039319392,69.60431671142578,18.20010216673519,20.46180870719464,21.800209682418846,29.01523791871662,29.867147480007816
ABBV,2019-11-18,69.37656720012498,70.21688232476403,69.3608631191992,69.68285369873047,17.988087020505898,19.630267381821483,21.39796877625563,29.00044296898568,29.797835101046083
ABBV,2019-11-19,70.0990913336751,71.00222891004908,69.82422493868425,69.91060638427734,17.26606286736105,19.628602523391876,20.629505624611763,28.970354039814726,29.760690183861126
ABBV,2019-11-20,69.67501449121369,69.67501449121369,67.96298168278166,68.4813003540039,18.823643379136545,20.028588429837132,20.91748445021159,29.08282199722804,29.7460393187604
ABBV,2019-11-21,68.15930203944085,68.22213034810595,67.18548722168103,67.94725799560547,19.0396753433562,20.197732872594113,20.922489682980753,29.080025373535147,29.714653913434617
ABBV,2019-11-22,68.04150081522782,68.15930239668299,66.99700264683594,67.57815551757812,19.29504902315112,20.299618842039617,20.914751194017477,29.08187554603851,29.63475649737864
ABBV,2019-11-25,68.20643808526376,69.0153332977253,67.58602185637605,68.92109680175781,19.7121827285082,20.377141144142243,20.60903694546658,29.153948646584958,29.691775705579676
ABBV,2019-11-26,69.22735069434545,69.25876484476373,68.26924007731557,68.88965606689453,19.751539114054946,20.29851907179805,20.16497860381299,29.15374842762776,29.684058640772214
ABBV,2019-11-27,68.99961217917526,69.74567888239342,68.80327820552444,69.36872100830078,19.74579538969379,20.200790237823206,20.174983703537375,29.12782955021492,29.64665082956579
ABBV,2019-11-29,69.1095523790135,69.1802297270518,68.49699139613412,68.89751434326172,20.069516525218418,20.31950394433731,20.221218887621664,29.0756361299879,29.621503639909314
ABBV,2019-12-02,68.98389074344563,69.1331064561665,68.32421157662233,68.34777069091797,20.073723856546057,20.467436492830167,20.2474748117388,29.073440353158126,29.613246865920413
ABBV,2019-12-03,67.50745830640463,67.91583623935239,67.21688193071626,67.49960327148438,20.545206215271257,20.423011922716636,20.382856468240597,29.11447278985654,29.256808656373025
ABBV,2019-12-04,67.68026022879191,68.7561727615662,67.63314198367311,68.4813003540039,20.761216028274816,20.205375465003424,20.472211960751153,29.153293757879574,29.28610395505909
ABBV,2019-12-05,68.5205667253534,68.5205667253534,67.74308575478175,68.10433959960938,20.88134681002341,20.069020184200596,20.302375669882377,29.141231784482237,29.09532881713516
ABBV,2019-12-06,68.48913370350942,68.88180159952196,68.15143907327318,68.30850982666016,20.33051723732849,19.81903372236358,20.16655265184575,29.054800215044548,29.095746432883058
ABBV,2019-12-09,68.49700630665215,68.88967430337303,67.83732095650925,67.88444519042969,20.434083548096755,19.85207281127604,20.20696095384534,29.062870194236595,28.850548694827843
ABBV,2019-12-10,68.26139725499716,68.28495637411689,67.70380946649226,67.97867584228516,19.616102128606915,19.849991517337198,20.205809779669455,29.00891035875282,28.841618292552628
ABBV,2019-12-11,68.088623046875,68.52841524400726,67.71952019105642,68.088623046875,19.6173240149158,19.727830363554872,20.137612592071378,28.977086358649153,28.835271287948324
ABBV,2019-12-12,68.13574109132574,69.84777351081827,68.12788605504429,69.68285369873047,20.170135267724138,20.06164086395764,20.37188439032057,29.098608197440573,28.923074027058153
ABBV,2019-12-13,69.72211192337677,69.96556410600158,68.58337740091729,68.98389434814453,20.511339282541595,20.261084527390803,20.446680134390906,29.114934694862686,28.92302110098773
ABBV,2019-12-16,69.40799217048766,70.774481097839,69.31375568697244,70.23259735107422,19.726231993498985,20.432333578723778,20.449320276558257,29.185592275219424,28.8723997714037
ABBV,2019-12-17,70.68024418804966,70.81374987796717,69.9498814251076,70.74307250976562,19.438996317436807,20.430914407581728,20.349497701151915,29.016722214254752,28.86823052472895
ABBV,2019-12-18,70.71949550355293,70.82158700679567,69.91059454720076,70.154052734375,19.08616762686736,20.570032164429083,20.34611285143594,29.03640366871289,28.834478884403115
ABBV,2019-12-19,70.42893786298143,70.42893786298143,69.54935932175744,69.71427917480469,19.271808067826456,20.422165261506393,20.394102950051682,29.044350180561292,28.84218609856934
ABBV,2019-12-20,70.9943658365584,72.24304702887764,70.01269597153862,70.12264251708984,19.26487923998118,19.86609631819797,20.318267147516263,29.038809186290514,28.76687708260662
ABBV,2019-12-23,70.31109852120383,71.04931593624941,70.15403379068304,70.87654113769531,16.28319925451377,19.860909763517405,20.201275071163984,29.05548552074278,28.77956821911028
ABBV,2019-12-24,70.99436081275297,70.99436081275297,70.23258409274159,70.56242370605469,16.35252757611527,19.849517406165816,20.173901665349767,28.9985802696643,28.768167338672175
ABBV,2019-12-26,70.83728518760378,71.24566314983615,70.24828335070585,70.54671478271484,16.20459217537705,18.34915214711002,20.165000481293433,28.997325787832107,28.215700276856566
ABBV,2019-12-27,70.6645154832116,70.90011262010422,69.76137814603206,70.05194854736328,16.376836592368647,18.06802638721295,20.164487939489085,28.957011433870356,28.209003361145278
ABBV,2019-12-30,70.06766778509314,70.46819075933843,69.23521367421691,69.51792907714844,16.26789465290864,17.737658285321615,20.198895511367855,28.973931104098703,28.18869861929271
ABBV,2019-12-31,69.27448332877033,69.58076386948952,69.01532102765785,69.53364562988281,15.929640067113585,17.67594335479754,20.11371242955547,28.972548765641005,28.164754927017388
ABBV,2020-01-02,69.95770401481091,70.34251682146633,69.51006291558112,70.32681274414062,16.265916158282828,17.685155158848154,20.154530616734785,28.971177090573264,27.995077880877435
ABBV,2020-01-03,69.24306704696399,70.20117783381754,69.03102898360281,69.65929412841797,16.48532476933622,17.64312519376608,20.019536082543457,28.792051954394054,27.807071784367054
ABBV,2020-01-06,69.28234108508644,70.38181265495105,69.09386212762446,70.20903778076172,15.43685221773599,17.613959631654637,20.022000386868143,28.794479233738617,27.638616089220026
ABBV,2020-01-07,69.8399239826264,70.31897937574585,69.31375035137638,69.80850982666016,15.34592601015931,17.533777823988892,19.610191605054624,28.794816026286508,27.60782578694954
ABBV,2020-01-08,70.01269038102676,70.72734287004475,69.79279730748276,70.30326080322266,15.324543328182367,17.55165358431893,19.52738367385519,28.796425545256398,27.612845912609014
ABBV,2020-01-09,70.68807379366288,70.8608486204007,69.93415217923669,70.84513854980469,14.444679759644776,17.572008042365844,19.29726750869623,28.807493472840097,27.41673824710118
ABBV,2020-01-10,70.86086420109865,70.90798243997415,69.76139269144795,69.9420166015625,14.982133908615907,17.824653256784533,18.900516291353668,28.83913934793718,27.445104288585853
ABBV,2020-01-13,70.28756087161612,70.28756087161612,69.04672875007957,69.51792907714844,14.97189762458665,17.920731076353547,18.937612360056043,28.847188656884793,27.452234051101136
ABBV,2020-01-14,69.32690645856043,70.39347742666074,69.06424277918644,70.20244598388672,15.081687572850305,17.971522317434452,18.838928031004176,28.856043114641817,27.313058982452354
ABBV,2020-01-15,70.18653450376468,71.5396405828207,70.18653450376468,71.04615783691406,15.197347221866053,17.817103130505828,18.885457052251503,28.849771141981684,27.32493659639667
ABBV,2020-01-16,71.0859515024231,71.47596950348876,70.7755329775504,71.04615783691406,14.634096958711543,17.74490960979234,18.416414037145202,28.83723055603633,27.324958150488776
ABBV,2020-01-17,70.94266014310945,71.05409208999745,69.87609548787111,70.04324340820312,14.823165803217965,18.04735611192633,18.612649525698092,28.883479521862466,27.299017911652644
ABBV,2020-01-21,69.78854463607001,70.46509751295555,69.70099009137573,70.03528594970703,14.706761870554697,18.03686515483274,18.463326346354787,28.88254835337627,27.17610210429737
ABBV,2020-01-22,70.06713479303018,70.17856676214825,69.366704405347,69.41445922851562,14.963837906513177,17.932918056522926,18.556944456536094,28.896346537080454,27.17429129466382
ABBV,2020-01-23,69.28709680259938,69.30301304952984,67.64744402982306,67.87030792236328,16.287155354689865,18.606886275698372,18.994923366814202,28.954052245839847,27.26745846210982
ABBV,2020-01-24,67.99765381232116,68.03745353362329,65.87247986262055,66.49331665039062,17.32624932495249,18.635599154586483,19.287287786302443,29.062864064560035,27.18429715452241
ABBV,2020-01-27,67.69520324275155,68.39563346950816,66.85945759379493,66.87537384033203,17.4155626598412,18.657529921761963,19.251853028855606,29.068465332380946,26.411830538186432
ABBV,2020-01-28,67.64744666191528,67.64744666191528,66.57292081102449,66.6763916015625,15.900609257685277,18.457359155876755,19.17493954147238,29.061173424138296,26.050273002424763
ABBV,2020-01-29,66.70026678022829,66.85945352625677,66.16697842860418,66.22269439697266,15.774964424449415,18.52179024197443,19.198341864494413,29.058551965003392,26.05800264935282
ABBV,2020-01-30,65.72922754312151,65.89637548815776,64.61490183695996,65.09246826171875,15.321091225335511,18.061302224905067,19.422143842045607,29.04172783859385,26.04181141900432
ABBV,2020-01-31,64.9014441910055,65.04471472852771,64.00202730536341,64.487548828125,15.154461784395298,17.8971805638316,19.34354724718963,29.061182753229993,26.01560359133902
ABBV,2020-02-03,64.71836440878927,65.7451354313638,64.40794596854415,65.50635528564453,16.004751392367687,17.952969502628893,19.205916143265096,29.09930640462778,26.060223589068844
ABBV,2020-02-04,66.53312947432555,67.42459126418765,66.53312947432555,67.14601135253906,17.758245831607166,18.63114840350536,19.353829064951846,29.240630134799368,26.051907751427517
ABBV,2020-02-05,67.70317699298454,69.35874642815436,67.55990644431432,68.95281219482422,19.414404382533856,19.366865256641216,19.55444544696012,29.39830248751497,26.14373961193509
ABBV,2020-02-06,69.95570020949361,70.01141619197041,68.62647171855679,69.39057922363281,19.234909667582098,17.79279498909035,19.533992759364537,29.36842383487535,26.136958800740544
ABBV,2020-02-07,71.42822022089548,74.00709063979113,70.74370590789597,73.4578857421875,25.432765837111425,21.199248378804924,21.36590395306912,30.10040505118473,26.737515047720585
ABBV,2020-02-10,73.5135754099236,76.01284544449054,73.31458890352442,75.41588592529297,26.433578047789062,21.75048799432183,21.611039662989917,30.240060751565238,26.853197319496708
ABBV,2020-02-11,75.82182163675861,77.27044318982735,75.62283512632287,76.41082000732422,26.464926839385996,21.874248691652703,21.63345775369293,30.22291969911809,26.880860119184774
ABBV,2020-02-12,76.39491825279414,77.89129490904655,76.18000938010061,77.83557891845703,26.642703051201366,22.057187944939397,21.765083480829514,30.120422141605385,26.937693161261304
ABBV,2020-02-13,77.0873900926134,77.49332436461206,75.79796110434005,75.89347076416016,27.93060133712446,22.666149677546272,22.207894610620606,30.28618905997079,27.047867255822815
ABBV,2020-02-14,75.79793533403576,75.85365130751737,74.63584890555822,74.85871887207031,28.21712673463317,22.878417846916456,22.354774801142135,30.327102515833182,27.084054004268094
ABBV,2020-02-18,74.55626922674702,75.2169059427123,74.22993448569308,74.50851440429688,28.078309130689625,22.905732056776188,22.383041697520756,30.2963176694446,27.087703958085996
ABBV,2020-02-19,74.63585666906192,75.44772502148395,74.03889714569891,74.93035888671875,28.047119664102084,22.470674155437028,22.263944027413263,30.250599748019113,27.087538403927248
ABBV,2020-02-20,74.76321265753023,75.12934711151685,73.69664179366796,75.00199890136719,27.95048473106737,22.386865997230498,21.94153486030282,30.215076844440947,27.077219172664485
ABBV,2020-02-21,74.78710735553128,76.02878153630718,74.32545708277537,75.58305358886719,27.960639159378076,22.371265449765936,21.915915762782788,30.222779295044795,27.035016384245335
ABBV,2020-02-24,73.3623460320956,74.71545796177286,73.3464297830204,74.13441467285156,28.608406514158823,22.473706890750105,22.144552711519943,30.3220474633177,27.06876892776401
ABBV,2020-02-25,74.27768375079285,74.38911570989718,70.13080563673469,70.98246765136719,31.200977138401154,24.26583024819635,22.60847215763705,30.77764416219776,27.427077914129917
ABBV,2020-02-26,70.53672340024757,72.57434283264824,70.19446644190668,70.36957550048828,31.25737777011932,24.29985122588966,22.505005159128245,30.78713959514455,27.442044516097198
ABBV,2020-02-27,68.60259748438162,71.19737744283212,67.01866034582484,67.98971557617188,32.695508628905664,25.27995692757854,22.98787736120626,31.020284708811868,27.627504857663922
ABBV,2020-02-28,65.89637426764482,68.22053527832031,64.93328027498653,68.22053527832031,32.492961941904106,25.237836802727447,22.942439618051694,31.017545956985554,27.627705114151063
ABBV,2020-03-02,68.45135631000545,70.66408522841279,66.50129103020834,70.59245300292969,34.087376181111075,26.05290926187131,23.49359929911202,31.265652092789846,27.813218945579436
ABBV,2020-03-03,71.18941772083654,72.35149824252093,68.1807425784146,69.70099639892578,34.03629670711048,26.037562236499394,23.521804978296863,31.30318228448171,27.831794489494477
ABBV,2020-03-04,71.05409689818836,73.11560020028875,70.79939442055365,73.02804565429688,36.63880028491785,27.68164171252226,24.548041898323547,31.768156971305473,28.19901568313733
ABBV,2020-03-05,71.6828861981121,72.99619815472565,71.18144246453325,72.12065887451172,36.74141356989139,27.8197161997623,24.572819074368997,31.80054338154965,28.208016115875555
ABBV,2020-03-06,70.62429824870172,71.44412173830803,69.45425654117167,70.69593048095703,36.60553235915937,28.110692310455264,24.823191226895187,31.87894694429617,28.284096858814667
ABBV,2020-03-09,66.85945924617427,69.517915782312,65.60982435792896,67.87030792236328,38.100328029660446,29.36600333852387,25.73626175354187,32.243690138500305,28.572773063063867
ABBV,2020-03-10,70.1944708857599,70.21834829115357,66.66843030477486,69.66914367675781,38.789301867197615,29.851377029908534,25.99741822204114,32.37905883874691,28.68111936393754
ABBV,2020-03-11,68.29217844658784,68.96077026198792,66.51721595507918,67.53602600097656,39.902909371523634,30.153033269087658,26.513280352912656,32.59350259544622,28.84576364308073
ABBV,2020-03-12,62.7603460340577,64.70245637660719,61.335601848467796,62.56932067871094,45.67675373344951,33.882113787577175,29.238927823169465,26.43667442740652,29.85255964686558
ABBV,2020-03-13,66.35006729506414,68.7060670192736,64.22489266826332,67.94992065429688,51.53618019160788,37.827690946737796,31.896858545447305,27.86011036451366,30.94130226428029
ABBV,2020-03-16,62.87972947749791,65.41083781835631,58.56570392519645,59.11490249633789,65.70937118681232,47.27763473590374,38.8835393470571,32.286146836502795,33.90735190860527
ABBV,2020-03-17,60.26107279307872,61.85296484226084,55.708260560804064,58.11997604370117,65.58860681404329,47.35229282488323,38.953944323408166,32.04116213276645,33.938858469573326
ABBV,2020-03-18,55.71621788253632,56.822582294682675,51.48974672638853,56.536041259765625,65.35192607666184,47.61425953212727,39.19099492466849,32.19208989619931,34.04892406299408
ABBV,2020-03-19,54.999871530484405,59.57656137540133,51.999157556276934,56.5599250793457,64.66536693557619,47.581836056292424,39.147780892795225,32.16459539692026,34.04593268758499
ABBV,2020-03-20,58.104050718512255,58.104050718512255,53.17714365271522,54.77699661254883,64.95376785290844,47.839238478122766,39.461480559774515,32.3653467635309,34.17777852176592
ABBV,2020-03-23,53.63084646513372,53.92534871064416,49.78642834994857,51.338523864746094,63.97223114639697,49.421756296518765,40.54993279048499,33.1108855479454,34.73370206069029
ABBV,2020-03-24,54.25168753472104,57.16484701941669,53.40001940246639,53.71839904785156,65.18551465756202,50.49114121538544,41.231162547155336,33.425345560614595,35.03506809935688
ABBV,2020-03-25,54.06064368531471,56.25745605398294,52.1742558022127,54.05268859863281,64.99126444217247,50.53608975881988,41.16531892557448,33.43354094707302,35.00450252224392
ABBV,2020-03-26,54.77700663812202,59.14674872996332,54.72925181859376,58.76469802856445,70.13949178302812,53.64262591065959,43.32255610907992,34.86076283064363,35.98334290164757
ABBV,2020-03-27,57.01360797479084,59.74370291058778,56.28133913557529,57.841392517089844,70.00685241294,53.70488433797398,43.15632341107264,34.90626451306314,36.01763332738179
ABBV,2020-03-30,58.51794253858406,60.68291645596243,58.47814888533826,59.88697052001953,71.12681108759676,54.18538777455848,43.455635355640204,35.142632055224084,36.17780974810363
ABBV,2020-03-31,60.01434825091998,62.02013012184248,59.25024058235008,60.64314651489258,71.35975936598344,54.25496827731442,43.45579642558679,35.17125939401255,36.19896364386209
ABBV,2020-04-01,57.40363207174426,58.8920473184849,56.85442734674906,58.438358306884766,71.78049860430052,54.67401779687451,43.83503992524288,35.39889029596932,36.27821554788077
ABBV,2020-04-02,57.92894756109613,60.09392160235773,56.878299108435165,59.79941940307617,72.31038471303563,54.93097984876106,44.000365841296855,35.46633866011861,36.35288970082643
ABBV,2020-04-03,59.41738887384502,60.046187141080274,57.74590296063874,58.39857864379883,72.30733404308268,55.06204822266923,43.70035523836916,35.58304007352348,36.427717544249724
ABBV,2020-04-06,60.28495933113181,61.49480087236438,58.92389215168555,60.27700424194336,73.15457065425764,55.480141977507614,44.00204953226406,35.77040029787638,36.55882052466855
ABBV,2020-04-07,62.386259364978386,62.54545224443569,59.89495000919899,60.00638198852539,72.32991213757697,55.441382979167585,43.97498363404287,35.76110752699294,36.55555052195651
ABBV,2020-04-08,60.84211271978645,62.863816239868555,59.520839476725854,62.52951431274414,73.57863061050514,56.15465671678089,44.48441754526012,36.075354385721845,36.756493427175556
ABBV,2020-04-09,62.52951453588202,63.73935583174713,62.52951453588202,63.47669219970703,73.19391672461063,56.2109318877003,44.515473431137785,36.10866499068812,36.78586380356339
ABBV,2020-04-13,64.20101173833571,64.73429413799084,62.609119627661414,63.91447067260742,73.22436194648193,56.168004963473194,44.49003608676186,36.08178517339488,36.7636599830185
ABBV,2020-04-14,65.12620157343706,66.92762983332098,64.85962051369154,66.34600067138672,73.36627221948729,56.736412043750505,44.900507005122755,36.29068510789338,36.95119143808231
ABBV,2020-04-15,65.03732783269325,67.08110321040371,64.3183714230596,66.09556579589844,73.29935616042114,56.673959571472096,44.89944237333077,36.27665728556605,36.952362946710636
ABBV,2020-04-16,66.83068674767553,67.63042365604959,65.90169619265555,66.12788391113281,71.85762001646081,56.67448145796589,44.78386863892488,36.27645061272561,36.93750027793038
ABBV,2020-04-17,67.85661711262742,68.4947931798127,66.64489180704479,67.41231536865234,72.09315682497964,56.79923732684249,44.87482690292436,36.31951115516234,36.87448334993932
ABBV,2020-04-20,67.48502611169883,68.9310191354058,66.74990975754305,67.84854125976562,71.935748379191,56.629708024475576,44.8783436529439,36.28658071711045,36.874698563698715
ABBV,2020-04-21,66.65296015725542,67.02455511369607,64.6414920609004,64.91615295410156,72.10378931166069,57.20089456626071,45.30991679216753,36.67558812648132,37.13815868086164
ABBV,2020-04-22,65.6189689939286,66.6045004272969,65.2150605470362,65.8128433227539,71.77877525399492,57.26086089318911,45.36688897660716,36.70251692649139,37.15718226864409
ABBV,2020-04-23,66.38637876064853,67.71927759060566,66.20865809490057,66.27328491210938,71.27937258239582,57.27704113577313,45.367062892527855,36.69408821750778,37.163039248246406
ABBV,2020-04-24,66.94378294304488,67.59003270936729,66.52371473993966,67.52540588378906,67.73746761165194,57.38804296478974,45.45693238926757,36.74226908522451,37.199477041993745
ABBV,2020-04-27,67.88083945982913,68.59979586308634,67.67888527547255,68.41400146484375,63.47072630579179,57.32833203255554,45.4879378767296,36.73189912402739,37.21872509828588
ABBV,2020-04-28,69.22991241204797,69.4480264470419,66.53988656463994,66.85493469238281,48.426257200097325,57.50086833394323,45.592620054679784,36.84814524231616,37.28612987477075
ABBV,2020-04-29,67.63043682618652,68.46248730825295,66.35408455119422,67.66275024414062,48.05735438557673,57.46473105374741,45.57454052991029,36.80861885959015,37.28556842261636
ABBV,2020-04-30,67.0245645355292,67.25883215987719,65.61896495259458,66.40254211425781,47.60122869925746,57.37460578785131,45.66326862770074,36.881811530793065,37.329159025179564
ABBV,2020-05-01,66.20057640264149,68.04240366411676,65.02924464754295,66.9195327758789,47.582548264730725,57.12924592415418,45.67814190405197,36.76828727938767,37.3319419255276
ABBV,2020-05-04,66.41869845293303,66.91954092580323,65.53010120327818,66.12788391113281,46.54532099023324,57.158336785243904,45.70604808293601,36.78485176656607,37.35139446531023
ABBV,2020-05-05,67.00840407358623,69.86000268140216,66.72566941364794,68.96332550048828,42.48358073791364,56.591472100396246,46.19507024306055,37.009471383135086,37.576817016475125
ABBV,2020-05-06,69.69843851597516,71.20905828071056,68.8663881264754,69.00371551513672,41.19627141802222,56.305153404574405,46.19452387674495,36.82869762614992,37.537161721761265
ABBV,2020-05-07,69.89231506598769,70.1508162259443,67.50117779560064,68.03433990478516,41.70736429579223,56.2805998032045,46.1009077709118,36.873183228968585,37.56609295217904
ABBV,2020-05-08,68.19589001733054,68.38977047895547,66.60448999962125,67.82429504394531,35.02902096477041,56.11987538237682,46.07627211664177,36.83208838727995,37.5675226460193
ABBV,2020-05-11,68.72907444524438,71.45949379004148,67.84047694418122,71.00711822509766,36.4104446010538,56.76564617952934,46.56615882678878,37.204346694783354,37.83421157694436
ABBV,2020-05-12,72.7035239689585,74.50495844131049,71.46756504759087,73.07511901855469,36.047936248583525,57.02831288243895,46.77406382565812,37.221931294341935,37.928220601727915
ABBV,2020-05-13,73.30129337580306,74.51301855380866,70.86976928940861,71.79067993164062,36.679101633775176,57.132756848229704,46.84197536921518,37.28924809001188,37.92377527213647
ABBV,2020-05-14,70.78090983672858,73.09126636478952,70.62742267338267,72.65504455566406,34.4058662723182,57.17704468290934,46.866949251582916,37.271964168347345,37.93875898092243
ABBV,2020-05-15,72.71157702451028,73.6324874951362,72.23496200513618,73.27704620361328,34.08367486682755,57.20638738841224,46.876796734916724,37.27687926716274,37.93753628547178
ABBV,2020-05-18,74.3191637509763,75.66014292479724,73.76176805063452,73.89102172851562,32.83609479018525,57.21032314922441,46.865195842292046,37.28443029857746,37.94491028277334
ABBV,2020-05-19,73.72137054284075,74.03641863447716,72.34807814245929,73.67289733886719,32.18052706390965,57.0765760450347,46.86186934266461,37.272753456224244,37.944892870579025
ABBV,2020-05-20,74.42414601406364,74.75535380007057,72.62271832943459,73.66480255126953,32.07286223687445,56.35742983279831,46.861832700504905,37.26370878147554,37.924440843314805
ABBV,2020-05-21,73.73751274815952,75.23197251912657,72.9862429160411,75.14311218261719,30.652417134170367,56.4599239584091,46.947236211241645,37.292525495803474,37.96442088079354
ABBV,2020-05-22,75.02194761248185,75.13504147019007,74.10103696362744,74.3999252319336,30.875444913342015,56.02386644442072,46.95899812830502,37.30853206637884,37.97450424181467
ABBV,2020-05-26,75.49046205729738,75.58740227220868,72.95391831706078,73.27704620361328,31.435379736076275,56.12664467781045,47.02664860516479,37.35515729571065,37.98122495302284
ABBV,2020-05-27,73.13973813342041,73.51133314379966,71.54025806311945,72.68736267089844,30.045063382206827,55.732639669804094,47.01398939110458,37.32809591567293,37.89904906129795
ABBV,2020-05-28,73.40633747042023,73.66483867960591,72.70353441896775,72.72776794433594,29.985689788442095,55.664750372484306,46.98736316719604,37.25210448108079,37.899034286414874
ABBV,2020-05-29,73.51132199865606,75.03809511634518,72.38037735066162,74.8603744506836,30.880860952944367,55.15635879501991,47.19032674248213,37.33465876471627,37.997176619903996
ABBV,2020-06-01,74.35954729657786,75.17543791917917,73.2609158315474,73.26898956298828,31.40140769318542,55.276818146156046,47.310651956802154,37.37928548031783,38.04254296054077
ABBV,2020-06-02,73.48708558531185,74.07678832013347,72.74389570653422,73.54363250732422,31.383682851065153,55.11976279970381,47.30183435660128,37.37297132668269,38.01703940032334
ABBV,2020-06-03,73.89101300443664,73.91524652538953,72.3803931791168,73.42247772216797,28.114947923794197,54.442174150319126,47.2887290053873,37.374938921718886,37.99612969988373
ABBV,2020-06-04,72.92971008830091,75.51472791377522,72.90547656695946,75.15928649902344,28.53826739684869,54.390948523796645,47.38095699947743,37.43339451486833,38.06134230310524
ABBV,2020-06-05,75.5308868136827,77.17883417465067,74.97349113129746,75.8136215209961,28.555645621866155,53.98947190916971,47.38491920666753,37.43486869197953,38.069010248238364
ABBV,2020-06-08,75.0542658324637,76.75067996993006,74.97347921765065,76.41139221191406,28.257115567821433,51.471961101302774,47.376593837636925,37.43907174585899,38.07342312680134
ABBV,2020-06-09,76.7022216734543,78.08359416682714,76.54874063442202,77.68775939941406,28.37116148025706,48.847425398046894,47.409803534085796,37.46743292737179,38.098076686221155
ABBV,2020-06-10,78.35014348003811,80.25659146958996,78.19666249117893,78.2774429321289,27.174511077332035,38.94230544115656,47.4213705239958,37.46770994111255,38.07536442551039
ABBV,2020-06-11,77.29998649345279,78.26936412460192,74.34337424108837,74.5291748046875,31.307351510912856,40.23846288127037,48.02437123765241,37.948090853256964,38.401890034988114
ABBV,2020-06-12,75.72474703693342,76.53256385752886,73.53556419269817,74.69074249267578,30.607690995140484,39.69311031908469,48.02484690995522,37.91463357042917,38.40005899456598
ABBV,2020-06-15,73.7294292729161,75.95900514429596,73.33360080606559,75.19158172607422,30.59759161238569,39.6854246110173,48.00970966105532,37.80338458126031,38.402188752854286
ABBV,2020-06-16,76.62951436257077,77.71198608889898,75.51472921951058,77.59889221191406,31.231934311866656,39.305171184746584,48.10809327609965,37.95345779967123,38.523750711510765
ABBV,2020-06-17,78.23706265609901,78.43901687367446,76.9607105218653,77.34038543701172,29.31345667483066,36.50588927242178,47.986795115062975,37.93949060132234,38.52134251266831
ABBV,2020-06-18,77.19496416566466,77.91392055690199,76.95262284637991,77.7362060546875,29.299365866054245,35.61456390202829,47.985500149860336,37.712650055440456,38.51228206533331
ABBV,2020-06-19,78.93986680942245,79.32761546197771,77.34846656347406,78.12397003173828,28.791502111503526,35.61538772144691,47.983192890239515,37.660884975425105,38.50531262167397
ABBV,2020-06-22,78.06740218157348,78.60056413994083,77.40499276136536,78.57632446289062,28.69993807659887,31.748866549507344,47.9686540940209,37.575300024961265,38.50552073451029
ABBV,2020-06-23,79.50531962498329,80.054635237805,78.39861466965819,78.608642578125,25.955885526908375,31.470256322062873,47.87315666139154,37.55987427289808,38.501953482065154
ABBV,2020-06-24,77.9220156691531,78.48749118423495,76.21752155571491,76.85569763183594,25.862677055017063,31.356048625828002,47.99782400641184,37.662640055809135,34.16652548823287
ABBV,2020-06-25,76.88801208793825,78.4147855219743,76.19328906721613,78.35015869140625,25.67113907082278,31.462719354265793,48.027639484290255,37.69103682080792,34.05430596548239
ABBV,2020-06-26,78.26937620293646,78.3824700719178,76.77491622297993,77.65543365478516,25.744217218202763,30.395527226821393,47.91547756333716,37.70780943074508,33.95946919299436
ABBV,2020-06-29,77.95432794086096,78.62481742199621,77.29191835410725,77.9058609008789,25.677126495197594,30.156709398861913,47.747237970061654,37.67237011517473,33.76024071288551
ABBV,2020-06-30,77.52618035971241,79.87692407554796,77.41308649919266,79.31145477294922,26.02694357643242,29.701727670082995,47.813870172388086,37.72064074364998,33.791404586315366
ABBV,2020-07-01,79.56995756197364,80.507028040814,78.7621407339333,80.08695983886719,26.06148082723504,29.200009563470886,46.99608990038874,37.73244189730723,33.787307305865944
ABBV,2020-07-02,80.33736258808368,80.77358431437689,79.05293708551353,79.87690734863281,26.095931554302275,29.17721489667462,46.821504608291505,37.72344062259821,33.779093557874646
ABBV,2020-07-06,80.49089428826768,80.62014798087579,79.12568143508217,79.98197174072266,25.584119454911114,28.178574529839334,46.77856744435769,37.72297848655089,33.66225019778436
ABBV,2020-07-07,79.71534848289187,81.33906169980969,79.61840826468041,80.25658416748047,25.330476443534117,28.086504896072622,46.69194811778695,37.72125299408932,33.5615072366329
ABBV,2020-07-08,80.57973289895172,81.24214248678287,79.61035511881224,80.20005798339844,24.791211276133236,28.095283211398442,46.51195602975295,37.67593892415999,33.562026145304536
ABBV,2020-07-09,80.03849494408281,80.60396427358776,78.20474724397462,79.11758422851562,25.055360345654737,27.428061235630878,46.51087509125049,37.70223103164271,33.593425965868335
ABBV,2020-07-10,79.21452041887756,79.43263442547092,77.84123420307795,78.22090911865234,25.3868064518504,27.551850301833063,46.542306908859544,37.72633789978699,33.61038153500843
ABBV,2020-07-13,78.649047211672,80.42624177579609,78.29360583358586,79.0529556274414,24.25675557598017,27.593177990721866,46.56282239976367,37.740442019828265,33.62278864149244
ABBV,2020-07-14,79.29007970428991,81.031728150896,78.44787402956898,80.84366607666016,23.925617696588724,27.680245203736504,46.69199833769044,37.785989814453885,33.687348079284064
ABBV,2020-07-15,81.76763073063523,82.16011810302734,80.80277243847873,82.16011810302734,24.215106841681404,27.802628277297835,46.743212257226396,37.819937863737614,33.67280540978464
ABBV,2020-07-16,81.51415504031847,81.9557010055328,80.79459587995055,81.70221710205078,24.31734627768302,26.064737001631784,46.64286829323505,37.742865510716406,33.65180578310058
ABBV,2020-07-17,82.00476595121194,82.81426383105541,81.70222344091401,82.4463119506836,23.64834902114435,26.006747113999857,46.111820052884816,37.753262494885284,33.65865252827376
ABBV,2020-07-20,82.38906077506482,82.78972039120077,81.16254639889888,81.39149475097656,24.02765475670371,26.219149772805174,46.14024470288521,37.757970859166754,33.6895299546614
ABBV,2020-07-21,81.61228243709965,81.61228243709965,79.45361716215788,79.64168548583984,24.95284685326889,26.520252810962617,45.932947933243625,37.85620646199632,33.75740216497965
ABBV,2020-07-22,79.96875841359771,80.36123961173037,79.25737766421507,79.8869857788086,24.54237628095707,26.433039241837587,45.9326606021195,37.730916933098044,33.75297776751508
ABBV,2020-07-23,80.32852586648006,80.88454605470598,79.68256077733703,80.15681457519531,24.473949118893188,25.88752447557306,45.63550465815312,37.69589205109582,33.74860075508079
ABBV,2020-07-24,80.17318179547013,80.28765600422273,78.87307294124214,79.4045639038086,19.684389340460122,25.942466422149636,45.612896741963446,37.674162811152044,33.73938641195171
ABBV,2020-07-27,78.78313520367942,80.04235785301208,78.70954730779816,79.4454574584961,19.68981337100064,25.55895041948164,45.03017849135645,37.673663476312576,33.707474760416375
ABBV,2020-07-28,79.31460338389803,79.82156495031124,78.8730574205785,79.07747650146484,19.73216107607156,25.586473774226576,44.988150131547876,37.67918398975089,33.6977268167808
ABBV,2020-07-29,79.2083026155665,79.64167004104547,79.02023432835635,79.3227767944336,17.602521182089063,25.40283231159609,44.864556896276476,37.42007275417779,33.69761523583475
ABBV,2020-07-30,78.75041772606968,79.10201885277856,78.01451390408133,78.52964782714844,17.8432119153895,24.204961661642567,44.39601348393456,37.439043742641495,33.70305698570624
ABBV,2020-07-31,78.12080866053857,79.51903463926655,76.4936342743056,77.60567474365234,18.1371115942651,24.372856700175607,44.267457283355895,37.45622833164294,33.7008013343444
ABBV,2020-08-03,77.83461867527824,79.45361445717819,77.72831675049508,78.4478759765625,18.354455866630783,24.204310000601527,43.991043772524506,37.47452765332777,33.70216637404319
ABBV,2020-08-04,78.43151940303406,78.52146430680624,76.91064078809185,77.09870910644531,18.951162842570966,24.516123041051703,42.29610560756804,37.51536053575377,33.7543522273
ABBV,2020-08-05,77.24588770314492,77.51572240256372,76.15019812294838,76.24832153320312,19.187837409566967,22.90305408453048,40.330859765410416,37.51907300707839,33.767191631907174
ABBV,2020-08-06,76.30555614695449,76.5753908375941,75.04633382901174,75.69229888916016,18.183811162970756,22.234347644923183,33.495082937970686,37.530413644196756,33.77297640011233
ABBV,2020-08-07,75.79043065051984,76.04390834873526,75.38976470629892,75.9784927368164,17.251004378913855,21.91201040998934,33.35009801595585,37.53099948139077,33.746114125852586
ABBV,2020-08-10,75.74136062275129,76.59174480418925,75.34887945493419,75.53694152832031,17.151579773715838,21.833010034866813,33.0237002603206,37.45446281898598,33.7542830258471
ABBV,2020-08-11,75.47969153619654,76.28101699435,75.3325095638163,75.77405548095703,17.149802835820733,21.777830764890073,33.021332485945656,37.44241742833834,33.70770554088701
ABBV,2020-08-12,76.41186515498686,78.15352006349451,76.31374796918463,78.09628295898438,18.62934916211519,22.55745368576816,32.82133010725364,37.59838213323733,33.82350640595789
ABBV,2020-08-13,77.79373293804065,78.088096943915,76.86976084305364,77.4176025390625,18.515051685955672,22.6307418236437,31.00432517526356,37.5478275825312,33.74497384256552
ABBV,2020-08-14,77.9899660079748,78.2270928919709,77.30312088608983,77.73648834228516,18.57061087777807,22.639811486987732,30.292160718568105,37.54982855057636,33.730721808057226
ABBV,2020-08-17,77.9163766760793,79.52720001210498,77.89184738480989,78.78311157226562,19.01936403683513,22.44561850881401,30.3286344933166,37.572683305255005,33.685324519826956
ABBV,2020-08-18,79.00388614278366,79.06929550544552,77.80190098682391,78.21073913574219,19.080483762916682,22.398074179062974,27.544186864723812,37.57406642658255,33.55595234702041
ABBV,2020-08-19,79.40455207762832,79.6580297537748,78.37427811392318,78.57869720458984,19.148347335270817,22.15941093272878,27.381817365549622,37.562647727707834,33.55501371919455
ABBV,2020-08-20,78.07992324716794,78.52146928320334,77.417607312303,77.8427963256836,18.940693757640545,22.184758346046575,26.97525281632308,37.54911160027393,33.53849961556302
ABBV,2020-08-21,77.84280347465446,77.94092690446593,77.12325037116756,77.5647964477539,18.685060329801097,22.20558734973239,26.945666882882453,37.51742659991135,33.54194770536753
ABBV,2020-08-24,77.59748825385023,77.87549522341415,77.00876027315539,77.27859497070312,18.420182495872023,21.452897448487434,26.21155147433195,37.5137970113806,33.45377363482721
ABBV,2020-08-25,77.03328960429053,77.50754339323912,76.787990437796,76.91063690185547,17.087193970267116,20.988668440745855,26.036321702332533,37.51837316442702,33.454892596457235
ABBV,2020-08-26,76.45272730845387,77.19681567026075,75.9948306171109,77.14775085449219,16.30492647989879,20.98514997439679,25.69464164083485,37.510482971616504,33.42751069143407
ABBV,2020-08-27,77.13140184785462,77.72830201445142,76.59173253061672,77.10687255859375,16.276714379029116,20.980832122519907,25.278600076477204,37.51068210284581,33.42527205997939
ABBV,2020-08-28,77.28677296452186,77.39307489235784,76.47727505032435,77.0005874633789,15.941619768225387,20.450419665898973,25.261571732959844,37.51132663267753,33.42656241898241
ABBV,2020-08-31,76.9597147967954,78.50512289017482,76.86976988229169,78.30887603759766,16.540882823856986,20.65925155781282,24.599381005711347,37.46562129245461,33.44918725746792
ABBV,2020-09-01,78.10446351303241,78.43153538992861,74.64569510251405,75.4224853515625,18.73107569674506,22.023562960456136,25.310041752347523,37.71658340973792,33.6720754029255
ABBV,2020-09-02,75.28347208657995,77.05782852321744,75.1444685843644,76.8207015991211,19.58305675717666,22.085254052243567,25.43504700908235,37.71941219686756,33.687737492494044
ABBV,2020-09-03,76.76344358295268,77.11504461760026,74.48212611233812,75.11991882324219,20.45241455376428,22.48572772349609,25.0778531620731,37.80766017760837,33.76286885037208
ABBV,2020-09-04,75.29163008597128,76.15018639961676,74.06511571929946,75.11991882324219,20.34362408086651,20.098033096397046,25.06575149186961,37.79353148585035,33.75523079080734
ABBV,2020-09-08,74.83375054847237,75.11176380247784,73.1411604427053,73.7707748413086,20.86589383908774,20.43756969685926,25.254124002187535,37.84882974458557,33.77803541440399
ABBV,2020-09-09,74.29407510960498,75.57782675461695,74.00788962919637,74.9236831665039,21.491487050901615,20.643598297917116,25.192781183563795,37.885965169889936,33.74486491001826
ABBV,2020-09-10,74.46578644315017,74.74379965169878,73.16568401491348,73.3046875,22.20182167698886,20.04557686902518,25.43782080065618,37.95667481640419,33.77788492234464
ABBV,2020-09-11,73.43551069309598,73.86887815866116,72.80590265108863,73.34556579589844,22.10644541538965,20.04164878345075,24.395333673151303,37.95270071486053,33.73025221562496
ABBV,2020-09-14,73.6317580191576,74.62114565682468,73.14932572735063,73.99153137207031,22.138780085183665,20.102381891781604,24.343384796871245,37.966149562209736,33.733968815735885
ABBV,2020-09-15,74.73562827797025,75.20988211300954,74.11419243338001,74.33496856689453,21.91009541966294,20.09825561880087,24.33201977997809,37.959654850945526,33.73569787540093
ABBV,2020-09-16,74.42489713141974,74.62931621479785,73.33739234901341,73.41098022460938,21.654973259850323,20.190752275814813,24.262908648697636,37.978372024331996,33.7376855186309
ABBV,2020-09-17,73.01849401853315,74.25318070495479,72.92037061949553,73.28832244873047,21.468787621570836,20.18845973614021,24.186385865234993,37.979090142998054,33.73394244886188
ABBV,2020-09-18,73.17386264273632,73.99971759132963,72.65872873294359,73.68082427978516,21.474933753924944,19.73065225458919,23.895199141278997,37.96114229795865,33.73361163110798
ABBV,2020-09-21,72.88766518014567,73.12479205671762,71.27684186443716,72.8467788696289,21.6371538251359,19.40319666531168,23.90870250005363,37.96848169479238,33.744923588436095
ABBV,2020-09-22,72.69143426413031,72.73231434169892,71.89828714646303,72.44612884521484,21.631773789910817,19.358163815787396,23.724648684394133,37.963712675526956,33.74514377733957
ABBV,2020-09-23,72.77320569579746,72.99397559740473,71.2359761808478,71.25232696533203,22.026368841912316,19.592007246807082,23.859695160293967,38.00938849012899,33.79097761083572
ABBV,2020-09-24,71.13784630664854,71.13784630664854,69.7641497146403,70.24658203125,20.04998647562128,19.339300231567695,23.893448591040674,38.03799735799171,33.800748246463485
ABBV,2020-09-25,70.32016381741867,71.02336595466289,69.87861785414613,70.50823211669922,20.094081357968452,19.222126173219152,22.96050311484577,38.02962184836343,33.70382081113081
ABBV,2020-09-28,71.37497691199167,72.11905922547314,71.03155430576945,71.3667984008789,20.473807623451947,19.44143197797026,23.0378194640218,38.025874044990786,33.70729832337168
ABBV,2020-09-29,71.2278024308901,71.3668059426156,70.57365871701732,71.04791259765625,19.89000776270803,19.437054462174228,22.93397236875958,38.022669999967604,33.69419256828264
ABBV,2020-09-30,71.13783613673019,72.31529197251466,70.98247564773781,71.6202621459961,20.12649939051291,19.51427670240805,22.958346897894806,38.01688970239844,33.52634609130358
ABBV,2020-10-01,72.09453272973867,72.09453272973867,70.91708285720598,71.25232696533203,20.00414810614396,19.52393727197721,21.794016091255198,37.99577234107513,33.49316679552391
ABBV,2020-10-02,70.72900395032886,71.42402759696336,70.36105208986807,70.41828918457031,20.078907346921966,19.48131358096929,21.38185976877926,38.0213753452564,33.44017488541687
ABBV,2020-10-05,70.72082141485765,72.10269635764143,70.4918730490799,71.89827728271484,21.262098950815616,19.926157316856337,21.46018909056721,38.063401956889,33.484708836765286
ABBV,2020-10-06,71.93097736877942,72.00456523344073,70.08302738288891,70.23020935058594,22.112133297894143,20.270489656060306,21.693935912332382,38.1658559276833,33.569001236809356
ABBV,2020-10-07,70.4509937913917,71.38314428476073,70.34469187864119,71.19507598876953,22.635544931746722,19.896884101356736,21.762313227017106,38.18491921063058,33.57318814664666
ABBV,2020-10-08,71.35860306138687,72.42976318300744,71.07241762369232,71.41584014892578,22.63593174574219,19.561887783378864,21.725240694267168,38.0912781346309,33.57147619748354
ABBV,2020-10-09,71.47309205807859,72.52788904962752,71.42402723545683,71.71021270751953,22.712235936402504,19.59400422165934,21.732561467358142,38.013491330645756,33.540806112461254
ABBV,2020-10-12,72.09452563884105,72.44612673524578,71.39950195665747,72.21717834472656,22.876371429639416,19.548802595249526,21.763559442501627,38.016396547902936,33.54554817129796
ABBV,2020-10-13,71.96369504943459,72.60966009424602,71.52214908570114,71.81651306152344,22.171393157888236,19.43545851667347,21.539952549960617,38.02088494037523,33.55161617695118
ABBV,2020-10-14,71.96571402743973,72.19778026784034,71.19491897277724,71.3358154296875,19.63764180803487,19.02642375368257,21.509871020999498,38.020587498336006,33.54755257874987
ABBV,2020-10-15,70.7887889750562,71.06229194780782,70.41582002858294,70.63960266113281,18.795829332059135,19.067536842992013,21.4323200825013,37.98232373907038,33.563257749132774
ABBV,2020-10-16,71.186625533779,72.23092988680023,71.07888230563549,71.50157165527344,18.32571801502893,19.25739837173555,21.487207946450003,37.98933987755434,33.57965455261694
ABBV,2020-10-19,71.76677952478911,71.93254560671839,69.72790414202994,69.87709045410156,19.329367148284117,19.679250417714247,21.789860745548193,38.04830803520993,33.621481969154324
ABBV,2020-10-20,69.77765064678799,70.30808956506843,69.13946217354608,69.82737731933594,18.749583491198855,19.673813306863373,21.277285595728806,37.9378797886878,33.60574022187219
ABBV,2020-10-21,69.27207735906485,69.73620984709957,68.4266859577663,68.7001953125,18.456004366189525,19.88006848825239,21.16340764823574,37.85768412299698,33.640810329391186
ABBV,2020-10-22,68.8079229381432,70.35780260670228,68.72504305884328,69.87709045410156,18.421888634724954,20.242896940677838,21.336988190944712,37.90381806712685,33.680728185513786
ABBV,2020-10-23,70.15060061518611,70.5732962251765,69.57043512957537,69.9019546508789,18.41993191261806,20.18088675633833,21.3366411992291,37.29389611899863,33.65609961812086
ABBV,2020-10-26,69.69475232596982,69.8853817431863,68.63387467362483,69.5538558959961,18.17680514914765,20.086066315998128,21.00139245522795,37.163477385040466,33.65822232026902
ABBV,2020-10-27,69.62016241174102,69.83565516116678,68.52613154106113,68.55099487304688,18.410220660321084,20.076813204789634,21.058560091290403,37.16538488140287,33.61473284525053
ABBV,2020-10-28,67.42382279764294,68.13660128376246,66.50384141028708,66.71104431152344,19.548455222946835,20.490955905150805,21.415532926452556,37.22826021401887,33.72783498649918
ABBV,2020-10-29,66.71933303939309,67.4404013995719,65.567285434393,66.8602294921875,19.607500655116166,20.4317717784391,21.23025531906254,37.116430369519655,33.69594867573974
ABBV,2020-10-30,68.95711717067044,71.39382510661216,68.79135739303136,70.5318603515625,25.479544833538014,23.366205870955497,22.91261888939671,37.63230645336529,34.11277273265012
ABBV,2020-11-02,71.30267600751041,73.38299533376001,71.27781266598797,73.14263916015625,27.53584713191103,24.58286699196281,22.360718410773234,37.87783202120748,34.196234271464775
ABBV,2020-11-03,73.88026539536271,74.0874682950184,72.46299832051756,72.90226745605469,27.50372481776438,24.565463306107873,22.362880501162515,37.87349810623509,34.16713344032566
ABBV,2020-11-04,77.19550111753959,80.80082980844392,76.80595870830842,78.32268524169922,33.964620287606635,28.685276212623283,25.092038743324665,38.816376117042076,34.8714745900803
ABBV,2020-11-05,79.03548115526647,79.16808773399565,77.07948511319418,77.6513671875,33.75365132641612,28.06858925747826,24.630075756902958,38.82016971045586,34.88343508979443
ABBV,2020-11-06,77.06289633187289,77.6181985212885,76.01030218198899,76.95514678955078,33.94222852732663,28.072300638988118,24.666084570175787,38.76626182536011,34.896696625131625
ABBV,2020-11-09,79.35039154832597,80.35325245566212,78.46356371632932,78.83653259277344,34.40222018934107,28.49799356645002,24.951127034520557,38.51894969185467,34.77239191475097
ABBV,2020-11-10,79.5742087568417,82.160097073177,79.25925628105033,81.94461059570312,35.79692813853133,29.451569176098847,25.679887339586738,38.765284656873774,34.97672104617518
ABBV,2020-11-11,82.17668157562844,82.7734270132202,81.03291737913374,81.34786987304688,35.95081294015184,29.451767667114403,25.695181213787148,38.550388959017916,34.97612202575073
ABBV,2020-11-12,80.80913365175113,81.01633655855048,79.7979824548373,80.89201354980469,35.961719525570096,29.467205639209084,25.712624125720208,38.557253403439205,34.981370869041086
ABBV,2020-11-13,80.73453447259442,82.50819064752082,80.72624458673117,82.08549499511719,35.754655443879756,29.534578189228135,25.549145597855688,38.389158832772466,34.99367303238311
ABBV,2020-11-16,82.8480089512259,83.3287212094397,81.49704828417423,81.52191162109375,35.59913135537543,29.56373361411635,25.401350619689516,38.366417971513364,34.985481847599324
ABBV,2020-11-17,82.35899225559899,83.09663390613285,81.83683701930633,82.22637939453125,34.63416465866712,29.590770208997146,25.3901974000585,37.989911068645945,34.99454364151129
ABBV,2020-11-18,82.88114435970431,83.12150043714699,81.78711350708939,81.82026672363281,34.662133724136766,29.59228791217851,25.401637281121843,37.96357566300776,34.99804213039135
ABBV,2020-11-19,81.85342792829519,83.00547544145763,81.71252516340249,82.6076431274414,34.687989527023106,29.64142079480964,25.29088216849919,37.898136204851134,34.944019298358945
ABBV,2020-11-20,82.8397277748899,84.3978978345478,81.73741300778927,83.5773696899414,34.74309856204959,29.717428269757978,25.310954607413453,37.593486644998585,34.95039385382733
ABBV,2020-11-23,84.48906000081621,85.16868528782241,83.76799160277399,84.68797302246094,34.81870069742477,29.81045576677402,25.386947693919108,37.50331751165156,34.96655851870425
ABBV,2020-11-24,85.26812063200347,86.87601688605118,85.01948098828234,86.16323852539062,34.827979146701075,29.81981026241699,25.524599195110458,37.355379938765836,34.95440196106695
ABBV,2020-11-25,86.047221222539,86.57766014784478,85.69083197678691,86.36216735839844,34.637784159546285,28.681894642307583,25.522219155955135,36.19216122706445,34.954428445061936
ABBV,2020-11-27,87.00864021269051,87.68826543787644,86.44504809985361,86.93404388427734,34.29655907499944,28.50036943615167,25.538081351954794,34.900587336542536,34.95387216264802
ABBV,2020-11-30,87.12467540521669,87.37331508475953,85.90632137313219,86.67711639404297,34.37609043018654,28.063260895433046,25.44112869851806,30.63223005115091,34.94745717405091
ABBV,2020-12-01,87.06667005397608,88.16898478948916,86.22956848144531,86.22956848144531,33.42721957576741,28.102079810046636,25.383602944615475,30.560394480172715,34.94134097573717
ABBV,2020-12-02,86.19640034127715,87.34015799248368,85.63280823995868,87.01692199707031,33.35111322995868,27.80928215800612,25.370336064782233,30.3641391125643,34.924821447197495
ABBV,2020-12-03,87.02520803284793,87.60537355706826,86.4450425086276,86.8097152709961,32.73390823372086,27.700294143371078,25.141242180693713,30.368522167964784,34.90037600517908
ABBV,2020-12-04,87.0417709296632,88.93974980501494,87.0417709296632,88.91488647460938,32.96562594587861,27.574421404547927,25.293405627592293,30.197499187151482,34.97002733467646
ABBV,2020-12-07,88.7159826108741,88.85687904651533,86.99205319480413,87.72140502929688,33.48719378899327,27.782405090817047,25.37543157823936,29.175295468679412,34.99980234685687
ABBV,2020-12-08,87.6053679932785,89.80171960690295,87.5224881127007,89.25470733642578,33.384338064186636,27.913609716539682,25.478364853963136,28.788908699944372,35.030270576907995
ABBV,2020-12-09,89.42877341304387,90.46478791893333,89.20499073870654,90.06695556640625,32.67467419643467,27.938550426337166,25.416668426648048,28.795614311854013,35.03933276920594
ABBV,2020-12-10,90.3901849822322,90.39847486820624,88.4093258975648,89.08895111083984,31.4187837591117,27.902247278298375,25.227583086019596,27.191267899384158,35.05995072752368
ABBV,2020-12-11,88.69112703380188,89.03093648614237,87.50592624702627,88.13581848144531,31.906729772527502,28.032165217850686,25.295768348081047,27.15014512198366,35.009488011113284
ABBV,2020-12-14,89.03923164486139,89.56967057016718,86.27099757529925,86.36216735839844,30.1318778894701,28.434291440747412,25.517622457731438,27.006217984836027,35.056822694876836
ABBV,2020-12-15,87.38990312404434,87.39818668781464,84.80400847820465,85.21841430664062,29.320678103609026,28.478114592730925,25.564716122929603,27.037959861027932,35.043618103567184
ABBV,2020-12-16,84.95317353358355,87.3650178856864,84.45588792878458,86.7268295288086,29.42462379978335,28.588883124107756,25.704041329499354,26.700918701175542,35.07786176130408
ABBV,2020-12-17,86.90918054924974,87.43961944093972,86.28757188023833,86.93404388427734,21.79859142404876,28.295774518796524,25.689836113698128,26.58566892653338,35.066118344438536
ABBV,2020-12-18,87.05007101428238,87.0749343476013,85.53334444852926,86.5693588256836,21.62307767808941,28.104575143471262,25.700424659121158,26.419027241172998,35.06247660135301
ABBV,2020-12-21,85.16867103741677,86.13008908394448,84.1658098867873,85.95603942871094,21.533618284607854,28.18817717929964,25.67284708490099,26.207552551019358,35.06792091400051
ABBV,2020-12-22,85.70741121788743,85.78200122723409,84.54707370473695,85.20183563232422,20.921926932009473,28.235118244328085,25.6391299403058,26.227508254096364,35.066964917833225
ABBV,2020-12-23,85.41730798702714,86.13837624158543,85.29299132531854,85.59964752197266,17.934257157533924,28.194464396580756,25.597534723925786,25.810924019694877,35.06529660520316
ABBV,2020-12-24,85.45875348852293,85.69081969466565,85.03605785686017,85.58307647705078,17.74974550706986,28.183532725625298,25.431032104309804,25.763389041520252,35.06528849938856
ABBV,2020-12-28,85.90632091838523,86.09694403935929,85.13552590155469,85.74055480957031,17.6138906600507,28.13389026382961,25.356703696726534,25.755933496764445,35.05668670081019
ABBV,2020-12-29,86.1549493231391,87.33186641006743,86.1549493231391,86.77655792236328,17.464611454138293,28.01936592792405,25.377571040378506,25.43395751184796,35.06422129628523
ABBV,2020-12-30,87.11639397202585,88.04466530638432,87.1081040849042,87.2490005493164,17.29289198187186,27.789730572196603,25.382929404476172,25.43042331250172,35.06710793136654
ABBV,2020-12-31,87.24070609002291,88.91490264962883,86.9008903171178,88.80715942382812,17.776966146049947,27.378204698414816,25.487375559982773,25.50183220104302,35.091874103899826
ABBV,2021-01-04,88.83201428273857,88.97291071611038,86.08036043435665,87.36502075195312,18.49051839316752,27.61251514619526,25.645463037722173,25.503932063636558,35.118981627160665
ABBV,2021-01-05,87.36501593424768,88.69939652004305,86.71853770678666,88.26841735839844,18.51631431695026,27.64831717937811,25.26915084309809,25.518580695237493,35.124648973997644
ABBV,2021-01-06,86.8180204807111,88.84032293351294,86.34559809236505,87.50593566894531,18.551878340815044,27.76081459329186,25.268625437695512,24.964316861511154,35.131489794717574
ABBV,2021-01-07,87.9451887301307,88.73255712543403,87.4976297615384,88.44247436523438,18.42657198787962,27.791254702650214,25.308886198047798,24.946060166718734,35.139630481377026
ABBV,2021-01-08,88.55022697537095,89.1221089942251,87.65511526658128,88.9066162109375,17.849566545271355,27.730907967039848,25.242861870307152,24.941680292090844,35.13575476591267
ABBV,2021-01-11,88.74085277596521,90.80459177354662,88.74085277596521,90.3570327758789,18.37996013055465,27.765608026049378,25.316584777940342,24.919029512072697,35.14170267966815
ABBV,2021-01-12,90.52281358409691,91.81575779403947,90.43993367995493,90.98694610595703,18.38859269335072,27.623246211666853,25.326474324260108,24.889906655860763,35.139433945563674
ABBV,2021-01-13,91.00350654173553,93.99551660575108,90.92062033187625,93.1998519897461,19.450514984186228,27.875340432592417,25.51655808345343,24.85723492256686,35.20369424096216
ABBV,2021-01-14,92.82251541199038,94.49114522817305,91.81631181403878,93.60232543945312,19.32251357892712,27.284457411788164,25.50495637311459,24.82958423745321,35.18840332413891
ABBV,2021-01-15,93.24176883302263,93.54363119463557,91.79954536866659,92.67158508300781,19.56714571689945,27.431496186173334,25.559526264330334,24.74843434459857,35.20570904584631
ABBV,2021-01-19,93.28371217446109,94.17252572198011,92.45359374050865,94.06352233886719,19.862521883764124,27.15530107646457,25.621250766795267,24.78689776521846,35.199341599724995
ABBV,2021-01-20,94.67561659438495,94.83492821774449,93.46816716903959,94.43244934082031,18.817997159132638,27.04565986305368,25.622479335810965,24.733588950669883,35.200171504446544
ABBV,2021-01-21,94.44084713534237,94.54147007170162,92.87284636012454,93.29209899902344,18.72413848942667,27.258340316003764,25.718146002395216,24.326957112373123,35.21100561001443
ABBV,2021-01-22,92.78059498619098,93.57717230998217,91.79954550810209,92.95668029785156,18.21606204845493,27.23846494915721,25.727789682994462,24.334650213294836,35.13409642013826
ABBV,2021-01-25,92.00918469929591,93.26694258525905,91.5731583830144,92.65483093261719,18.112761761436307,26.99318561348087,25.62786264823529,24.269098131874134,35.06920018986806
ABBV,2021-01-26,93.3256331585081,93.3256331585081,91.02812425917399,91.2293701171875,18.41992712086494,26.49838040270817,24.999847508024544,24.348024219881527,35.10663756988187
ABBV,2021-01-27,89.11633823873487,89.46850891349283,86.0222517742347,86.18995666503906,24.698327574388795,29.38873321122102,26.54124648965125,24.751003731466813,35.581190545332255
ABBV,2021-01-28,87.20455277405476,88.16044832152579,86.45828355536752,87.3806381225586,24.320725375770756,27.620852164007704,26.344319224789164,24.578376676003902,35.59502596993674
ABBV,2021-01-29,87.20455613608999,87.6154219651059,85.36822737801513,85.9300308227539,24.507178647320195,27.067294313670892,26.502333300648978,24.568004854160264,35.59260879712762
ABBV,2021-02-01,86.36604968756772,87.11231892551221,85.41015411543012,85.77909851074219,23.95766203593129,27.054650370026483,26.32306160932393,24.535385084726766,35.578358867374945
ABBV,2021-02-02,86.265402868183,87.46446542379087,85.94677323142128,86.76012420654297,24.187806008965264,23.003812899481716,26.275219357889984,24.550112760441753,35.563298243493016
ABBV,2021-02-03,89.04925218582677,90.19800664516178,87.2129300963306,89.67813110351562,25.980938431759416,23.778971952740513,26.480645332211843,24.8280476128091,35.62875684933285
ABBV,2021-02-04,89.6110600493792,91.29645102740795,88.2526792159066,91.00297546386719,26.143475241809032,23.788842781286583,26.55546227240165,24.87526225951906,35.56342784931921
ABBV,2021-02-05,91.92531139503413,92.46195414482887,90.92749468069282,91.17066192626953,25.945642106209355,23.368943760832522,26.534321907540814,24.874916090622346,35.55963613162171
ABBV,2021-02-08,91.30482992770274,91.38029872164023,88.72223239865734,89.58589172363281,26.55727968047796,22.466933188411552,26.712960757740284,24.873086249411056,35.16246810795554
ABBV,2021-02-09,88.88154264907486,89.30079520874031,88.13527360465328,88.3784408569336,26.91274277116123,22.60781183399153,26.72803215932658,24.899211399379187,35.09797342418013
ABBV,2021-02-10,88.86479063405503,88.99056130574087,86.96976694744275,87.24647521972656,27.213161872262994,22.75263735684117,26.82487953109767,24.879540088218064,35.101469088480194
ABBV,2021-02-11,87.68249286551993,87.7747289538866,86.63436131343268,86.99491882324219,27.011206557814443,22.595250064885416,26.828590537909676,24.860530378636458,35.056779318023
ABBV,2021-02-12,87.00329494874588,87.68248206369572,86.49180630255587,87.57347869873047,27.0340501748904,22.5642766446804,26.757931585277177,24.869390926095765,34.9669195754945
ABBV,2021-02-16,88.31976082940885,89.04087586690049,87.22131458544138,87.37224578857422,26.520627179407878,22.521934939908387,26.7402963056276,24.650195863444356,34.93867406052672
ABBV,2021-02-17,87.79149112923099,89.51042933342464,87.33031711155272,89.12471771240234,26.71961779646392,22.81343701732824,26.72522035398085,24.607948200070737,34.98747413775926
ABBV,2021-02-18,88.31136980384885,89.39304230886727,88.21913371756368,88.9318618774414,26.573274467216223,22.761089590978493,26.60456481877705,24.608909145896497,34.9851327532733
ABBV,2021-02-19,89.07440708014693,89.46849913657488,87.96758051093956,88.05142974853516,26.61298264122742,22.76874474301071,26.675162993163582,24.6413281542226,35.001261622535665
ABBV,2021-02-22,87.75795553242814,90.2902383705402,87.3973980478099,89.7703628540039,27.025043158912464,22.94463172908503,26.767874770066346,24.594225711995353,35.04410613320336
ABBV,2021-02-23,89.6948904454426,90.22314634879318,88.84799851382579,89.1079330444336,27.08075975794167,22.75245660312184,26.790759678354885,24.5970906856496,34.99586672893481
ABBV,2021-02-24,88.88153485809846,91.76599426288897,88.54613156030885,91.13711547851562,27.467617412675178,23.191475322259173,26.968260325765232,24.71636732145254,34.78087193235745
ABBV,2021-02-25,90.96103969023602,91.64861364376429,89.77874438138994,89.99675750732422,27.63910947955447,23.323036068641777,27.047112725555277,24.698272711299925,34.794011786980825
ABBV,2021-02-26,90.29024501613524,91.04490101591422,88.34491310408687,90.3405532836914,26.69344742799603,23.320468538267967,26.953149651214435,24.687840952669323,34.61326293990642
ABBV,2021-03-01,91.00297554650156,91.57315938359315,90.61726389159952,90.90235900878906,26.731952145036797,23.314771744871695,26.799928152152326,23.971978499930533,34.61624698711161
ABBV,2021-03-02,91.27129793889208,91.71570471124454,90.39925168488699,90.43279266357422,26.627037522914183,23.283525030818137,26.507044948553194,23.983145765265636,34.462510853384394
ABBV,2021-03-03,89.60266762544593,89.83744806165751,88.42875904710093,89.47689056396484,26.34372610459696,23.390306829809525,26.527959182519474,24.013468391526047,34.454834230707206
ABBV,2021-03-04,89.30080954626804,90.3489411137125,88.00112384372194,88.58808135986328,26.395767357148227,22.967002840197356,26.598942700748523,23.771047562520735,34.16585968869113
ABBV,2021-03-05,88.8899415983905,89.7116731447749,87.26323939819876,89.468505859375,26.441600836283357,22.882159706014242,26.62555889246157,23.79065121925275,34.15192178035243
ABBV,2021-03-08,89.59426976141475,90.69271580612762,88.71384323391929,88.9737777709961,26.46168351713704,22.635178047161908,26.64240029894001,23.796950958060567,34.09413207874203
ABBV,2021-03-09,89.28403364416116,91.13712930898932,89.25049266956361,89.5439682006836,26.552287877022106,22.59583748293122,26.622591594125062,23.80106784512521,33.84024866483066
ABBV,2021-03-10,90.04708212572129,90.86043327647214,89.76199339926178,90.5585708618164,26.42702248560224,22.599473167070254,26.622239220360267,23.826227926678087,33.76221016554011
ABBV,2021-03-11,90.66757647575982,91.08682912894942,90.0051565160457,90.44956970214844,20.28183027524514,22.484861684353312,26.55688693661095,23.82735488281837,33.608523307707856
ABBV,2021-03-12,90.39086371183178,91.04489674855598,90.03030621757524,90.74303436279297,19.96290827010291,22.070346896975916,26.512063984559198,23.6666930959078,32.694820517748504
ABBV,2021-03-15,91.12037124214694,92.53744727468414,90.86043664106867,92.45359802246094,19.82655724170714,22.168004469025107,26.321618385309485,23.660431639311586,31.71520381647192
ABBV,2021-03-16,92.19363422366149,93.1411490915883,92.15171280656143,92.93990325927734,19.801622214698636,21.92638291845399,26.31837887244279,23.636933861692143,28.407175127932245
ABBV,2021-03-17,87.00331334065775,88.11852054850236,86.19834900533075,88.07659912109375,25.49205017156111,24.641211888411636,27.650352829324127,24.506591222204957,28.88509326221595
ABBV,2021-03-18,87.20453961120451,88.03465795664776,86.71820506648548,87.01168060302734,23.783026203209737,24.755963016340573,27.648424621540613,24.467548316111642,28.768858790023383
ABBV,2021-03-19,87.14584009939075,87.56509267248562,86.29894811049888,86.71820068359375,23.32031633126102,24.72143064670118,27.66109353840001,24.447192698653904,28.773078674662212
ABBV,2021-03-22,86.785277826307,89.21694389510039,86.26540236142588,88.79769134521484,24.43483982237347,25.11285026109411,27.846678271801533,24.598615360373007,28.656694347249317
ABBV,2021-03-23,88.35328760309179,88.8312352699586,87.63217268153323,87.90887451171875,24.085599636972542,25.19450263926157,27.786404549033396,24.63068295380877,27.88904999556164
ABBV,2021-03-24,87.89212238888636,88.31976186901103,86.40797087168318,86.41635131835938,24.27281895598973,25.450406696782267,27.557267602179397,24.716472458283715,27.616084712151828
ABBV,2021-03-25,86.28219600690534,87.3303276240998,85.56946778667066,87.10392761230469,24.11720640867439,25.49806076594806,27.570212097993323,24.73207597201493,27.619322640007894
ABBV,2021-03-26,87.09553027287355,88.98216681790257,87.07036974521921,88.86477661132812,24.787492881946793,25.707447204899992,26.49117790131906,24.782909130564008,26.437973859292125
ABBV,2021-03-29,88.68032405147994,89.72006885254925,88.45392403357641,89.4936752319336,24.796586303782195,25.723161272774785,25.935453660898116,24.75281357624081,26.38508341986368
ABBV,2021-03-30,89.60266330690759,89.74520765098202,88.77254497680057,89.5439682006836,24.78013000795324,25.470027110036238,25.92258446771115,24.725153607496782,26.1761651298684
ABBV,2021-03-31,89.6194340608335,91.54799859239867,89.55235850633163,90.74303436279297,24.412459886856592,25.3742957433704,23.469284228496814,24.635983121542523,26.17944184885679
ABBV,2021-04-01,91.32998649538774,91.3803011584501,89.98837943065513,90.99458312988281,24.40576589696858,25.298771912092814,23.414327925663212,24.568154519688644,25.890710444053532
ABBV,2021-04-05,91.4641546373297,91.4641546373297,88.3784550468646,88.99894714355469,25.118955020187204,25.656801391168894,23.65802656059161,24.704673723172984,25.91249734938998
ABBV,2021-04-06,88.75579288674136,89.11635045478656,87.94244164738672,88.3616943359375,24.54739778896612,25.609365499706545,23.414444524395893,24.699949924640364,25.80310746269231
ABBV,2021-04-07,88.48745287827732,88.99055471964913,87.34708529261484,88.21913146972656,24.463605020134302,25.587857992717826,22.631184761075843,24.650720197309845,25.628451312517143
ABBV,2021-04-08,88.37845719209095,89.65298239424081,88.33652936946027,88.96540832519531,23.647060101592103,25.4254971305379,22.626600758470204,24.526645165782476,25.630602721959363
ABBV,2021-04-09,89.20857683388157,90.32379039921211,88.9234881074415,90.17285919189453,23.724926245156684,25.53958996716651,22.68968700757183,24.572199598098784,25.34875313993194
ABBV,2021-04-12,90.40763858146912,91.03651753832332,90.02192692227304,90.76819610595703,23.776420763323763,25.08019935745729,22.602948258975815,24.58009267171924,25.31735643563121
ABBV,2021-04-13,90.58371632661608,90.86042457978003,89.74521112111593,90.74303436279297,23.707399407514252,25.06070621240103,22.568505262618526,24.550883020328797,25.311988613156288
ABBV,2021-04-14,90.14894130303985,90.53085382429225,89.60577366278046,89.87735748291016,23.824220975244355,25.05426062752301,22.5986708312774,24.581265443345053,25.0767904965219
ABBV,2021-04-15,89.95372837350239,90.76847975216037,89.63971345754979,90.71755981445312,23.766890397650993,24.932994736265695,22.618186471421634,24.59409864970125,25.08481058879259
ABBV,2021-04-16,91.22677770872792,92.12640427470164,90.92973394994485,91.58323669433594,23.69366120986589,25.002360385799534,22.617421388310966,24.6143006377492,25.098214663051415
ABBV,2021-04-19,91.63417757139081,92.27919164862159,90.91278357090535,92.1773452758789,23.604021964897793,24.92317373608485,22.570145171528818,24.5893904186599,25.03896165918336
ABBV,2021-04-20,91.76146913409637,92.98359303475313,91.70206037833576,92.53378295898438,23.534892848972977,24.926587022565975,22.489962568246934,24.54512227026495,25.034890939693256
ABBV,2021-04-21,93.17881393038716,94.57917082885389,92.80538369744407,94.03600311279297,23.883026966005158,25.136001814993858,22.46909084094017,24.58303205966809,24.660016047063245
ABBV,2021-04-22,93.9086940071364,94.28211775405133,93.02604487567157,93.39947509765625,23.823361899393696,24.965661878737166,22.50072947935231,24.503675440820153,24.643030389230553
ABBV,2021-04-23,93.11090093757798,94.85922132961618,92.97511226857027,94.52822875976562,24.022805408715133,22.04221838683122,22.55269319135388,24.49479478324664,24.65964588939558
ABBV,2021-04-26,94.68099012324235,95.088369059165,94.0784137717221,94.53671264648438,24.019993637318546,21.897018571863352,22.54481746993558,24.474223280079865,24.598663248614713
ABBV,2021-04-27,94.41789223740615,94.92711103535828,93.84926468761076,94.57914733886719,23.452796496183016,21.57270929609063,22.524101057138672,24.472529533171496,24.57055958204022
ABBV,2021-04-28,94.78284294563204,95.53818564029754,94.47731034160229,94.9950180053711,23.439831464381253,21.56863415061704,22.49305928842303,24.46097584194345,24.45060872118638
ABBV,2021-04-29,95.37693495382427,95.5721388668832,93.63710326817763,94.11237335205078,17.165189651814803,21.589530303645866,22.545715372367493,24.492095237141008,24.450729726572416
ABBV,2021-04-30,94.6046288317224,95.31753401604017,93.45039584038615,94.63008880615234,16.634919620378817,20.57445893612844,22.251604673211386,24.253818142021487,24.370672232478594
ABBV,2021-05-03,95.3939133601881,97.68540154040922,94.70646172606631,97.32894897460938,18.062540348228822,21.1362212430096,22.557769726093653,24.435526820912244,24.508647820198036
ABBV,2021-05-04,97.27801922032033,98.39830322491791,95.94556016579844,96.66695404052734,17.29794272780254,21.198119013595576,22.439360405434154,24.451891655640008,24.486059284894054
ABBV,2021-05-05,97.01492182512912,98.68686232468129,96.70938922241558,98.26251220703125,17.282622643030443,21.072015707123256,22.537687415301047,24.47544012884884,24.19317144798131
ABBV,2021-05-06,97.60053015352514,98.6019967219293,96.88762504130649,98.51712799072266,16.122991170352947,20.83599051557257,22.459704453712902,24.454935057548006,24.193319073304856
ABBV,2021-05-07,98.77173940932326,99.2385271682563,97.56658652725733,98.237060546875,16.218491381536214,20.634005704115744,22.389251921842238,24.456402303505445,24.146692726138568
ABBV,2021-05-10,98.77172921984955,99.4676631408753,98.42376549687108,98.63594055175781,15.49334204836683,20.613124300130373,22.128682032586138,24.425724800067485,24.143745910482313
ABBV,2021-05-11,98.00790047901043,98.93298057513996,97.07432509292009,97.50716400146484,16.04535810867844,20.777187857260138,22.099821691814448,24.466092767440248,23.763764874776054
ABBV,2021-05-12,97.47320893469313,98.44921538220274,97.12524524736044,97.56656646728516,16.04477668778185,20.76126711178439,21.946839821432945,24.459087789989646,23.603487946217538
ABBV,2021-05-13,98.06730379636805,99.46765384773246,97.60900494362275,98.95843505859375,16.095455644823446,20.58220275881486,22.042792597977165,24.49555916765163,23.56282435144202
ABBV,2021-05-14,99.60347002300183,99.79866747046448,98.77174086079043,98.81417846679688,16.14475990765678,20.57697180984516,22.029663897279953,24.49706627449249,23.539884698344554
ABBV,2021-05-17,99.10272822097892,99.90050855116506,98.92450194031228,99.20457458496094,14.311639888882485,20.43590544461289,21.991806918230644,24.49788623148857,23.530068260687685
ABBV,2021-05-18,98.54257402195968,100.06174805339968,97.87210013266036,99.47614288330078,13.944953955761566,20.114730711085972,21.931169052175868,24.49615076079993,23.51965829067812
ABBV,2021-05-19,98.83963764039508,98.87358642991155,97.07433943595593,98.32192993164062,14.583560368501495,20.216016695139903,22.02522815741329,24.475736866584835,23.551167700020347
ABBV,2021-05-20,97.88907814505093,99.5864785482603,97.7023695397556,99.39128112792969,14.668407672083525,19.838640763385637,22.07443452377402,24.0613344338322,23.57066251468639
ABBV,2021-05-21,99.73925400774972,100.3842680332534,98.50015237656454,98.55107879638672,14.77629805761114,19.732202387768073,22.131164406978456,24.00656722041224,23.515545538622096
ABBV,2021-05-24,98.94996613545668,99.13668123985761,98.10126582459391,98.37285614013672,14.79782082144773,19.73786268583112,22.07104537422815,23.842605957018222,23.49135170293788
ABBV,2021-05-25,98.42378244000096,98.44924241495916,96.91309682516192,97.22711181640625,15.357325887996506,19.89341269281127,22.156132051189104,23.89321122598595,23.46958560446536
ABBV,2021-05-26,97.20163164049377,97.37985790323117,96.54813534379001,97.34590911865234,14.944343819592909,19.85003451885334,21.995358328373932,23.779670858934175,23.45139526241498
ABBV,2021-05-27,97.70238276325821,97.7702738675231,95.07140660214002,95.32601928710938,16.289836493123204,20.223440157199015,22.09916809610778,23.869539639715452,23.555496105460488
ABBV,2021-05-28,96.18321880305392,97.15922556737347,95.78432857523956,96.07288360595703,16.226247906366634,20.13711592611346,22.075742450895365,23.72147093032417,23.399226668725223
ABBV,2021-06-01,96.49722773099884,96.74335161084889,95.08838850935527,95.232666015625,16.42916177654076,20.1625907520048,22.0769388845413,23.75244209235417,23.311029955416
ABBV,2021-06-02,95.40240858007623,95.61458366563811,94.07843164312268,94.54521942138672,16.580845550713722,20.18929585099501,22.05746297307899,23.75855739350074,23.324134386013515
ABBV,2021-06-03,94.3075857371157,95.40240997159219,93.9086955344301,95.232666015625,16.056968903786807,20.199799748530094,22.07036458869179,23.76563285114766,23.33096118017516
ABBV,2021-06-04,95.39390361893707,95.99647998294294,95.19021738428955,95.35995483398438,15.911816318017866,20.08697763532724,21.930438544449117,23.7081510645997,23.222862373380078
ABBV,2021-06-07,95.6570008088877,96.84518240928922,95.33449705702151,95.91161346435547,15.626132417837372,20.1071736028361,21.922467164411962,23.710687640548535,23.21498835423003
ABBV,2021-06-08,95.63156382991272,95.97952763596872,94.90168094883482,95.34300231933594,15.736904386401255,20.151107651631513,21.61877942794797,23.722517935150904,23.214701339049913
ABBV,2021-06-09,95.80126930968612,97.10826830007748,95.6824518082931,96.75181579589844,16.280160995751416,20.015774234567594,21.73081763157744,23.724646813830365,23.202598556749926
ABBV,2021-06-10,97.05736180417026,99.28944114665546,96.87913552740017,98.65291595458984,17.13571078184525,20.36086485118038,21.877099951753255,23.803441626516193,23.267451937379633
ABBV,2021-06-11,98.65292713287204,98.75477350616754,97.49021179433008,97.95699310302734,17.026649310161055,16.965014728887688,21.78996747829441,23.7266707207491,22.73455020369125
ABBV,2021-06-14,97.65995264965093,98.00792291413322,96.91309864488389,97.94002532958984,16.985701666882917,16.720501979643885,21.782873090818793,23.65154665553215,22.734636856654827
ABBV,2021-06-15,97.90604916618058,98.39829680389964,97.19313767792052,98.30493927001953,14.971115465648383,16.6867301788254,21.696304803805138,23.65154793691838,22.72922803216289
ABBV,2021-06-16,98.63595166399489,98.89904668967247,97.74481374304827,98.05034637451172,14.845020864503637,16.091979211334984,21.692013543110082,23.62573199081279,22.525465676712766
ABBV,2021-06-17,97.58356835787312,98.35588230352641,96.7772991463971,97.51567077636719,14.14566792659257,15.976336062258254,21.7047036707388,23.629703727677146,22.530524531395084
ABBV,2021-06-18,96.44629564507413,96.92156571183526,95.94556560688923,96.00497436523438,14.796506982236613,15.903024030220308,21.706755442911145,23.70686620139198,22.587072739426482
ABBV,2021-06-21,96.48872705945537,97.81269728913449,95.70791796047693,97.37137603759766,15.404321582252079,16.05604960420327,19.77252495612922,23.73901493094545,22.622447027797886
ABBV,2021-06-22,97.16768285591495,97.83815678244243,96.6499752224579,97.34590911865234,15.349173743681336,15.608176723518069,19.67184256246461,23.685802159868004,22.617373639314458
ABBV,2021-06-23,97.218603462134,97.62597590260485,96.70937819894314,96.75181579589844,15.088690530435583,15.642178721608953,19.49844563815349,23.5957910449048,22.628078284236217
ABBV,2021-06-24,97.10829133335142,98.61049456095175,96.97250264600926,97.37987518310547,15.213119276721637,15.67710544108601,19.510568867640384,23.412232563418744,22.51289088241615
ABBV,2021-06-25,95.81825660285523,96.4038553544799,95.17324261947316,95.88615417480469,15.228155725097123,15.851380189105765,19.621474058034316,23.458411689699318,22.496941122055944
ABBV,2021-06-28,96.12380110565985,96.84519509052181,95.76734204631529,95.90313720703125,15.231732078769738,15.847361958196554,18.935377008781057,23.45842819563061,22.475915737989638
ABBV,2021-06-29,95.60608768679677,95.69095641964957,94.72343861997528,95.30904388427734,15.229961789919999,15.179238741534165,18.832399741382897,23.47490534239418,22.48567301737583
ABBV,2021-06-30,95.23266145024114,95.83523789613047,94.74041371413904,95.59760284423828,15.236908066595822,15.08390582680902,18.835537081010514,23.466547712990188,22.421350966105226
ABBV,2021-07-01,95.8607093441115,97.21863518901611,95.80978939120217,96.9725112915039,15.558759549924492,15.302331881457173,18.738073775722423,23.49920130816882,22.444266782380584
ABBV,2021-07-02,97.19314793528628,98.01638819816412,96.6584691189646,97.74480438232422,15.398693128343755,15.293271367065723,18.62914267467613,23.489538909621306,22.453111484430288
ABBV,2021-07-06,97.74480099708737,98.36435499539523,97.40531962027767,98.22007751464844,15.286500261529435,15.107291584336888,18.504702377734652,23.452004776339663,22.45670747291793
ABBV,2021-07-07,98.37284929107483,99.27246948593242,97.86362395995562,99.08575439453125,15.490812914961417,15.145925932079043,18.531966609951954,23.434625712953196,22.469316369285476
ABBV,2021-07-08,98.24555438610584,99.13668586908176,98.17765680404963,98.74628448486328,15.116781256518058,15.17516235983203,18.5271677762149,23.25692181693202,22.47284912735114
ABBV,2021-07-09,98.70384749591817,99.57800776904779,98.54259236686998,98.94148254394531,15.121410286160671,15.001375231649854,18.519030728959745,23.254812334199876,22.426468159611815
ABBV,2021-07-12,99.12819477631594,100.44367631840407,98.97542846771101,99.83261108398438,13.85726972842311,14.99410749651305,18.319975038834237,23.168162347887947,22.406916928818017
ABBV,2021-07-13,99.79866116367702,100.22301129664629,99.0348361043877,100.07025146484375,13.732784673573798,14.904582241906484,18.313334499303778,23.10019179025236,22.386590528414164
ABBV,2021-07-14,100.29337734539165,100.87692766283159,99.88145677832891,100.71387481689453,13.461010525708852,14.903799885428793,18.24427938791936,23.105252337387157,22.289571196287724
ABBV,2021-07-15,100.24189544558654,100.82544583441525,99.3322458722456,100.55941772460938,13.224864525591629,14.907956144500314,18.019863804578804,23.094080228578832,22.237949308093377
ABBV,2021-07-16,101.18587969713151,101.54630614845874,100.33629464395938,100.83403015136719,13.135344004888378,14.592626852713494,17.969329585931355,23.009860624533786,22.22950294017936
ABBV,2021-07-19,100.12174408862248,100.40493907787575,97.60732954042305,99.04904174804688,14.331481649886936,15.020405293988878,17.895186673819023,22.868153187238853,22.29239540318837
ABBV,2021-07-20,99.1605950188549,101.03138793701423,99.0833570550787,99.58967590332031,14.322916371322883,14.873907114156811,17.77945689377108,22.87138137286808,22.255393335715596
ABBV,2021-07-21,100.09599933222688,100.46500919578105,99.36656305699341,100.39635467529297,14.286540534158076,14.945729836825622,17.80931520497048,22.055588200053222,22.151733751372852
ABBV,2021-07-22,100.09598503216746,101.18585411063319,99.88144459673376,100.86833190917969,13.7846797929532,14.964285250094017,17.799827008494162,21.67555867679188,22.15390038712942
ABBV,2021-07-23,101.24592664881814,101.83805380712694,100.89407718688784,101.42613983154297,12.749911422564283,14.976729251874001,17.785662564408703,21.671562951939602,22.15731239073976
ABBV,2021-07-26,101.37465763036677,101.66643606580139,100.63663791087698,101.0828857421875,12.592539715424872,14.848963954132893,17.70061905786447,20.021158988294268,22.137175950109402
ABBV,2021-07-27,101.08288145711425,101.52054581808518,100.19897583100509,101.22876739501953,12.587639130078754,14.822106524516979,17.609242213211378,19.98559337923703,22.137183853140133
ABBV,2021-07-28,100.94557826789173,102.06119131621138,100.66238982710762,101.73509216308594,12.615951234567433,13.74121664889396,17.565769334242216,19.950855111476336,22.133656895828437
ABBV,2021-07-29,102.14700708547491,102.23282196365132,101.39182699136472,102.00970458984375,12.57288528924423,13.655668145390996,17.532890826423785,19.769335027026315,22.133311266181863
ABBV,2021-07-30,102.12127201093385,102.24999761283583,99.64976795289151,99.80423736572266,14.141216241092183,14.047170243222967,17.89656963953632,19.459102024805517,22.22379757579061
ABBV,2021-08-02,100.31053076427159,100.61088608028746,99.04045498590312,99.07477569580078,13.496546160715619,14.123925817255282,17.870783783320515,19.459265697958024,22.20234846497136
ABBV,2021-08-03,99.26356376843447,99.81278674095789,98.59419867987495,99.76129913330078,13.042690843401736,14.178496478621843,17.892847198479995,19.454851667402778,22.188474144555013
ABBV,2021-08-04,99.35798151064108,99.99301946919627,98.61138486459483,98.75727081298828,13.420132074596717,14.313153233932931,17.975321172425655,19.433885962563984,22.14031577941885
ABBV,2021-08-05,98.80016473348438,99.16917456585067,98.21661445316687,98.79158782958984,13.273786548254673,14.110008766284738,17.7466008133788,19.41123352588511,22.107213653385767
ABBV,2021-08-06,98.91172926818818,99.16059697174994,98.19945341460675,98.21661376953125,13.28776806968368,14.164119529134354,17.760951267857493,19.40750140886345,22.102092349736814
ABBV,2021-08-09,98.32819826096276,98.85167757668485,97.60733881502736,97.88195037841797,12.481829645218543,13.874294382056714,15.497053532950886,19.401728521860843,22.10483172174135
ABBV,2021-08-10,98.00207884631376,98.71435474003793,96.90363274610336,98.53414154052734,12.598938010087265,13.941601740622414,15.375761764352644,19.38654937393447,22.10129900261701
ABBV,2021-08-11,98.82591158672855,98.980374418418,97.44427062707709,97.59015655517578,12.803583696395634,14.05262806575291,15.455353742028082,19.384975480787407,22.126069095397092
ABBV,2021-08-12,97.79611149547753,99.31506144780907,97.7532073366588,99.23782348632812,13.604078511868003,14.46780755107499,15.235330934591348,19.42121146754582,21.988463651226795
ABBV,2021-08-13,99.39229691218819,100.19897107900401,99.28931514176868,99.95868682861328,13.163762447457836,14.336922273985545,15.159738632344471,19.338122843029087,21.975865427596773
ABBV,2021-08-16,100.40493314663514,101.79515765490808,100.15606543265235,101.61494445800781,13.768856815875456,14.557814152119782,15.058118770890145,19.42540465490545,22.027788236365257
ABBV,2021-08-17,101.33175526087966,102.75630056163061,101.2631007398842,102.68765258789062,13.991280843454273,14.584472922892594,15.091093147490675,19.44698310018206,22.013538111578168
ABBV,2021-08-18,102.26714283392668,102.91076420091461,100.55940264008349,100.65380096435547,15.12804229194903,15.18188375778074,15.188073909947825,19.598908817955923,22.098461200310137
ABBV,2021-08-19,99.72696385457995,102.08690837536722,99.72696385457995,101.2030029296875,15.145033155657034,15.004089571481845,15.174546788272403,19.593357953678016,22.099842296203665
ABBV,2021-08-20,101.3489116751916,102.52459574929883,100.96274146731055,101.96678924560547,15.26654009550937,15.069372666245599,15.206906554102853,19.584983154053468,22.084587657235723
ABBV,2021-08-23,102.80778432003957,103.36558424171601,102.31004891408523,102.43019104003906,15.119002586983047,14.388847312679903,15.094028861770358,19.585854015220747,22.08234158379713
ABBV,2021-08-24,102.73913835607138,102.73913835607138,101.62352532536616,102.7048110961914,15.121874448622997,14.326535047085503,15.0937973466131,19.394311035883078,22.07762978609593
ABBV,2021-08-25,102.85927706962151,104.18084706837902,102.00969869443995,103.32268524169922,15.109179638434957,14.210213133112642,14.638402293851883,19.328864701345395,22.074996825266865
ABBV,2021-08-26,103.7174388963013,104.05212148492602,103.10814478502927,103.32268524169922,15.094648463970763,14.099999724663148,14.574268610737654,19.230132446662875,22.074473572935798
ABBV,2021-08-27,103.27119395893871,103.52864513302188,102.4816866277248,102.6189956665039,15.24785516406604,14.149251581588635,14.626701547242456,19.226133455809872,22.088313699641464
ABBV,2021-08-30,102.84211348941653,103.75176950722128,102.58466886144774,103.46857452392578,14.354640559465883,14.22180706485797,14.62457714946205,19.196438171107484,22.098282802975675
ABBV,2021-08-31,103.69169916407084,103.98347105392592,103.00516705684473,103.64878845214844,14.305272346925971,14.192407538237417,14.498171068515935,19.147123534183887,22.042260646835416
ABBV,2021-09-01,103.8375643617631,104.29238900934075,91.05095388710345,96.34580993652344,25.740685242062707,20.78781536802949,18.68190254611554,20.90619249739028,22.935570532886025
ABBV,2021-09-02,97.44427200491678,97.60731828975707,95.10148748234732,96.13127899169922,25.677105998512346,20.57192992222034,18.68679488558889,20.84314881463717,22.871110346102803
ABBV,2021-09-03,95.41042400632611,96.17418744308314,95.27311498309786,95.78801727294922,25.593161572432415,20.17398365925179,18.627868715772443,20.752017180336097,22.755956800957016
ABBV,2021-09-07,94.78396441788688,95.74510795263694,92.95608221366398,93.56537628173828,26.345448358403296,20.67635142922857,18.9634652044355,20.944578565976894,22.886678027216238
ABBV,2021-09-08,92.73296647904569,95.17014951299687,92.44119459567587,94.70674133300781,26.666994677744782,20.844297880509334,19.000421562249624,20.983031538937546,22.834464469742972
ABBV,2021-09-09,93.91723168954893,94.17467630723321,91.99494449844633,92.05501556396484,27.62130336586781,21.588686402920736,19.51323794682129,21.241318819036557,22.975914364475134
ABBV,2021-09-10,92.23523815085095,92.9560909592928,91.27409452567319,91.5487060546875,27.568041447175872,21.60564778110812,19.52262475829989,21.224801530736663,22.871996068702675
ABBV,2021-09-13,92.15800677468495,93.34226785069161,91.6602712967125,92.23524475097656,27.188686646232313,21.65769688298593,19.387790501880342,21.235355269796997,22.881458770310324
ABBV,2021-09-14,92.67289485389323,92.74154937212742,91.17969509220296,91.3770751953125,27.22518106414129,21.51382852295259,19.414158602509136,21.26664727046314,22.890701347634927
ABBV,2021-09-15,91.47146154395216,93.36800485087333,90.99089303935033,92.48409271240234,27.422582373210062,21.455952017930986,19.414628226680346,21.310830502246137,22.915016319555797
ABBV,2021-09-16,92.88743982498428,93.32510421591807,91.41998379953569,92.75013732910156,27.368489054192025,21.46928442082615,19.420778041542224,21.268251284552644,22.876471357432735
ABBV,2021-09-17,92.25238798341717,92.89600929492937,91.90912197449308,92.44976806640625,27.360465763135362,21.446940284066454,19.426527874636967,21.263961194162142,22.878804300049925
ABBV,2021-09-20,91.05096711095099,92.24381150804108,90.58755894594941,91.30841827392578,27.50249655005487,21.524327822999695,19.507979892397813,21.216014488386154,22.913287907790973
ABBV,2021-09-21,91.17968710226485,92.17515788766357,91.13677639531487,91.95203399658203,27.63614509218976,21.3751916919721,19.49001141104018,21.139907808954842,22.88852983362272
ABBV,2021-09-22,91.83190479172438,92.32105680239131,90.90508838816949,91.31700897216797,27.543614702625458,21.412352625791055,19.496945886206696,21.123364752376425,22.892963261864203
ABBV,2021-09-23,91.81474091987404,92.9131871171395,91.5229690131498,92.13226318359375,27.651917024880984,21.473355716837066,19.01498056034969,21.12182845408267,22.838842265201322
ABBV,2021-09-24,91.7117549615483,92.72438615890545,91.34274512147947,91.88338470458984,27.080004118676577,21.46456097349965,18.991599711751324,21.088688827815893,22.790704926463416
ABBV,2021-09-27,91.9348661591717,93.23069223826724,91.84046784264626,92.4411849975586,27.04486801582606,21.285443597269506,18.82810502386574,21.091653827898917,22.794628022133995
ABBV,2021-09-28,92.35536493451022,93.21352663844534,91.85762957488683,92.11507415771484,26.435650789047553,21.214171813774932,18.826712708025603,21.010399988594415,22.772295746895026
ABBV,2021-09-29,92.5527425704202,94.03736526495513,92.23522691610535,93.4023208618164,26.606069746301415,21.400147431086676,18.9642276310431,21.058112115304983,22.801819236224386
ABBV,2021-09-30,93.7112737136302,94.75823224402706,92.49268542790013,92.5699234008789,26.18750499846081,21.36836873123945,18.997017011383132,20.892414013954124,22.813148115850666
ABBV,2021-10-01,92.89602187102497,94.13177705154418,91.71176085453102,93.61687469482422,26.399260843838817,21.512193777943484,19.0088803177324,20.928826359834908,22.827555424554728
ABBV,2021-10-04,93.4023293988489,94.56942999848822,92.41544854309583,93.30793762207031,26.224659636356158,21.509386807088017,19.013710064199294,20.89880354019307,22.795350605976342
ABBV,2021-10-05,93.8743283971002,94.89554313886107,93.62546066392925,93.97731018066406,26.300385006777866,21.476690854224575,18.908792736301308,20.841158722395793,22.717755050593023
ABBV,2021-10-06,93.79708677624643,94.1146024500309,92.81019940292586,93.81424713134766,26.250533976842995,21.465543047767618,18.909196607034488,20.8369222745142,22.58565657150792
ABBV,2021-10-07,94.20900177951964,95.93390883849736,94.02020513511098,95.14440155029297,26.593954033805993,21.636616460284063,19.03810175972659,20.853369161851134,22.588108432647363
ABBV,2021-10-08,95.2988722292011,95.8995828811429,94.94702274216726,95.41043090820312,26.63131799541329,21.64977301651547,19.038350271781095,20.851073345269203,22.5878661191514
ABBV,2021-10-11,95.37611497754006,95.59923890929916,94.63809520478411,94.68958282470703,26.642428197724456,21.67958344773607,18.987846584589988,20.867300646902965,22.602738820074876
ABBV,2021-10-12,94.50079262792833,94.62093477249084,92.8187960567974,93.17063903808594,26.71207115425933,21.62632169961828,19.066039262122285,20.874481355314447,22.66062276152898
ABBV,2021-10-13,93.18779437980626,93.57397114990484,92.6814820188673,93.13630676269531,26.68313729932538,21.58489521692303,19.024542435670963,19.7447163615187,22.651443658354204
ABBV,2021-10-14,93.77035570928501,94.66497735372599,93.6313886378977,94.59549713134766,17.356768976484734,21.774380105383027,19.194376703440852,19.76318916181638,22.68436815710467
ABBV,2021-10-15,94.80394691133795,95.50748300359379,94.74314757776807,94.96028900146484,17.396881279446358,21.765684985013312,19.119523320542825,19.6610849192548,22.659414080797987
ABBV,2021-10-18,94.66498092034901,94.66498092034901,93.01470464067812,93.31002044677734,18.07462634362103,21.98214885046215,19.31390298440877,19.775457652248065,22.709515033041022
ABBV,2021-10-19,93.58794966743791,93.86589041298598,92.81492676180015,93.32737731933594,16.75621248894935,21.98046900818222,19.030991945541327,19.73286908595605,22.58112125410498
ABBV,2021-10-20,93.37081115218844,94.76920243538883,93.37081115218844,94.16120910644531,16.576885639272778,22.073489066288673,19.043467406300646,19.373301739355362,22.593607461939026
ABBV,2021-10-21,94.1612132829819,94.63023294232448,93.0668186157112,94.4652099609375,14.275030581993487,22.055277209513317,19.001057814597786,19.300786465545748,22.526356815262123
ABBV,2021-10-22,94.38703823597103,94.86475204797881,94.07435403658972,94.7952651977539,14.16360169071343,22.06190498753565,18.97442264651413,19.303732194412856,22.472149273906176
ABBV,2021-10-25,94.74314191668458,94.7952537347363,93.58794802125149,94.23937225341797,14.175407916341271,21.66302125508003,18.961723927743897,19.201835724657716,22.483183295281478
ABBV,2021-10-26,94.50863347069848,95.17743278316695,93.97880785362159,95.09925842285156,14.044193410298023,21.717760247756377,19.016511519770805,19.158811573700103,22.488412139430373
ABBV,2021-10-27,95.17741154893253,95.29901019195603,93.95273098138709,94.15250396728516,14.036698728457846,21.741907189602088,19.058950363943236,19.133640453687008,22.461135230503793
ABBV,2021-10-28,94.14383692529287,95.45537300491851,93.97880731961077,95.25559997558594,14.386437625524588,21.80804834684411,19.128098604906953,19.175483031716993,22.302246338696637
ABBV,2021-10-29,97.35754064715177,99.81558353501012,96.7756031317826,99.59844207763672,19.098743026033596,23.693066329529866,20.267895720231287,19.859795628521194,22.716119259430474
ABBV,2021-11-01,100.1021951305576,100.51042206250055,98.64300451564999,99.72002410888672,18.57568753181922,23.66120305466286,20.034268827049726,19.856638745705812,22.110934854398366
ABBV,2021-11-02,100.10221080908377,102.22151353155083,100.02404306602457,101.21397399902344,18.8626651640793,23.836238440805417,20.136585461309355,19.797681599287507,21.872908081816693
ABBV,2021-11-03,101.21396227945029,102.15201484733143,100.96207742548421,102.11727142333984,18.68073458609519,23.86511868694905,20.182147393195297,19.81827646700079,21.881198129316136
ABBV,2021-11-04,102.11727152048687,102.24755770392163,101.04025188224534,101.67430114746094,18.756625022945975,23.792955518173343,20.189181116890104,19.7866856330759,20.715927186929335
ABBV,2021-11-05,101.38767440211517,101.90012497081415,100.3193357035805,101.77852630615234,18.684134499820377,23.55670618208331,20.183983324854147,19.663445843829365,20.6932899709554
ABBV,2021-11-08,101.79591250069686,102.01305395793096,100.56255061399867,100.80574798583984,19.03929837100402,23.601368739584615,20.22508511579541,19.677907879180545,20.69629737435573
ABBV,2021-11-09,100.96207283830198,101.26606950112816,100.24116835977996,100.41487884521484,19.049853730658363,23.368451171245503,20.074862627294625,19.51280887286391,20.571893817645222
ABBV,2021-11-10,100.23248219662057,101.70904122258194,100.2237946842428,101.40504455566406,18.881533495699156,23.355403588362154,20.011526128932246,19.480610184010732,20.240592968323906
ABBV,2021-11-11,101.57009458056986,102.04780183131419,101.00552544184322,101.30083465576172,18.59261117025705,22.989346044320044,20.012547014000635,19.478011656158237,20.2249272554792
ABBV,2021-11-12,101.96962154232787,101.96962154232787,101.12711169492476,101.59613800048828,18.427743652670475,22.97010585499967,19.98899549520763,19.46867242701316,20.215432197782896
ABBV,2021-11-15,101.57876572773944,102.31705194500522,100.9447164167099,101.48322296142578,18.376247126337635,22.91852165219008,19.967465366023394,19.45756819851157,20.16925142173673
ABBV,2021-11-16,101.28345307564962,102.03042015401047,101.04893661122216,101.11842346191406,18.419247334424927,22.90921634722069,19.815713833651884,19.4180125126204,20.15927448815693
ABBV,2021-11-17,101.27477648115155,102.16071735641003,100.97077975988894,101.92620086669922,18.4424258340712,22.963167935450976,19.850626829541802,19.39533515378074,20.156878851451975
ABBV,2021-11-18,101.97831447715507,102.81213685583307,101.30951509553036,101.68299865722656,18.180228326088997,22.931927389492127,19.826432437712995,19.36853403400147,20.15109998374393
ABBV,2021-11-19,102.16938778332353,102.31704899850298,100.63202930654792,100.96208190917969,18.378593005388204,22.97471393136394,19.860800048665748,19.37656298218529,20.147758538272694
ABBV,2021-11-22,100.71018883824217,101.9174946140157,99.89374159791214,100.44962310791016,18.280846097835152,22.956567934816967,19.75760269514853,19.37673528563262,20.126635343959194
ABBV,2021-11-23,101.24000915157538,103.64593969179245,100.88390068406022,103.25508117675781,18.892043742134724,23.597282477772463,20.189751460932992,19.5969304463274,20.266514635568946
ABBV,2021-11-24,103.081386649329,103.56778136378507,102.56024850860736,103.06401824951172,18.92280276829519,23.59722778870891,20.181431561164658,19.597979893764155,20.20047287439619
ABBV,2021-11-26,102.15200750679281,102.58629033553468,100.60596169673256,101.19658660888672,19.56173977828345,18.47708823715936,20.354796088534282,19.72418636585029,20.28890172078337
ABBV,2021-11-29,101.47454527636094,102.42127882944516,101.25740382363911,101.52665710449219,19.55828071935339,18.472639495834777,20.35201904069413,19.60936644581672,20.281776176464408
ABBV,2021-11-30,101.34424339444064,101.43978614898167,99.97190803524228,100.12825012207031,19.26337421416163,18.698472122380437,20.473446743102045,19.67483837903248,20.330369962540168
ABBV,2021-12-01,100.56255826681988,103.34197310690904,100.41490365505568,100.67547607421875,19.272387377151905,18.026065617968033,20.442357366413137,18.5980233948258,20.327972760520574
ABBV,2021-12-02,100.9707642156794,102.1433266038257,100.40619517645918,101.50927734375,19.254717117844447,17.943220429019068,20.48032791068424,18.555362872724004,20.32462441607197
ABBV,2021-12-03,102.26492594517804,103.3593206070623,101.62218916828814,103.22903442382812,19.695760267108145,17.136200600107138,20.627138831912305,18.643924779165726,20.38668152123291
ABBV,2021-12-06,103.90652504216504,106.35588035133921,103.54172899384002,105.40045928955078,20.365302316034477,17.49486758340602,20.88160761885966,18.59755267858929,20.35304093253161
ABBV,2021-12-07,105.94765568365072,106.08662276119064,105.09645831218155,105.5394287109375,20.182115193353287,17.463329071277037,20.878928399706957,18.551374406685,20.303213463531097
ABBV,2021-12-08,105.93027955421516,106.34719403575528,104.8793157772332,105.85211181640625,20.120103027126728,17.295692562929762,20.674585496964852,18.426689039144453,20.236037519398003
ABBV,2021-12-09,106.14740847815358,108.10168121250457,106.0518657254549,107.83242797851562,20.14703974962075,17.499488828203607,20.855290510460296,18.524306271757975,20.297542440043287
ABBV,2021-12-10,107.45895284822807,109.44796915905941,107.45895284822807,108.97894287109375,20.116472378333704,17.576433206946394,20.881345508779948,18.42264241347116,20.287674602905636
ABBV,2021-12-13,108.74443745908388,110.95059542583499,108.74443745908388,109.88226318359375,16.19810835465017,17.568671324990813,20.90581433455653,18.42863053966866,20.268019455253892
ABBV,2021-12-14,109.17870759868316,111.04612520910132,108.90076683526956,110.55973052978516,16.206713416358628,17.28780863316234,20.90963747159215,18.438007151059487,20.162575956875205
ABBV,2021-12-15,111.39355532608852,113.5910255716756,110.8289862739635,113.11331176757812,16.846535810204834,17.735463791257548,21.18646203014337,18.560387392168913,20.229081832864455
ABBV,2021-12-16,113.00040308003776,115.76243564957458,112.83537347621119,114.45958709716797,16.946617976632808,17.683085173176632,21.25451400074991,18.601937129239424,20.19054378748944
ABBV,2021-12-17,113.64312896459644,113.79947767673028,112.36633637075487,112.50531005859375,17.870273036489976,18.163043331898212,21.446056302298576,18.52308449551235,20.273051973098703
ABBV,2021-12-20,111.61937252074908,114.12084595952605,111.37617518678584,113.66050720214844,17.963557227088078,18.17270411934065,21.49430433313247,18.52525829115896,20.287001009369675
ABBV,2021-12-21,113.98188799794526,114.08612490778677,112.17526951542219,112.87012481689453,17.81029774454183,18.291732879339975,21.218114059217598,18.54839651779016,20.28647123718894
ABBV,2021-12-22,112.83537692750807,115.15444583133392,112.7224591418022,114.69410705566406,18.000983232906318,18.41728264298995,21.302055910100584,18.610862567116044,20.316924138498
ABBV,2021-12-23,114.93730691270392,116.18804370914302,114.7983332123748,115.597412109375,17.958862800022594,18.315462578354555,21.308685632697298,18.571311048298142,20.324899825177894
ABBV,2021-12-27,115.68428327445925,116.80472734683465,115.65822736021303,116.74393463134766,17.95214429593308,18.172193636249144,21.26815344827647,18.588346365391985,20.342914545808842
ABBV,2021-12-28,116.86550566102397,117.48217982327424,116.16196963633254,116.72653198242188,18.000922280222422,18.124546305132085,21.26908728498038,18.58818991424492,20.343290737761205
ABBV,2021-12-29,116.91763696220265,118.01202504374675,116.45729817171699,117.56906127929688,17.93159924499567,18.07943587293208,21.25261663277138,18.554583631263085,20.323337130947927
ABBV,2021-12-30,117.90779722142521,118.84584979523562,117.80357357542222,118.06413269042969,17.75168279839242,18.06657135462036,21.239458709947616,18.534146767367844,20.32114597343615
ABBV,2021-12-31,118.15967946560528,118.30734730680908,117.51694928906431,117.60379791259766,17.921704557595266,18.100432064881673,21.24520663209772,18.52020517656313,20.259776978646208
ABBV,2022-01-03,117.61248152895266,117.86435974390288,115.96219879033717,117.62116241455078,17.848598323321347,17.98623931385039,21.168275029584382,18.510908273523736,20.183830537937123
ABBV,2022-01-04,117.54300981835117,118.31603284044772,116.71787496943543,117.39535522460938,17.607818670100826,18.020459914615394,21.041383629657783,18.512531646309235,20.16543887175558
ABBV,2022-01-05,117.25637596615418,119.9923527707265,117.25637596615418,118.01202392578125,17.34470603120804,17.875962360374604,21.03033607216308,18.43487118142643,20.145494062359546
ABBV,2022-01-06,118.47235891290174,118.69819448220069,117.39534590213243,117.45613861083984,16.246356594370795,17.48284585102502,20.919902516831723,18.423761466205164,20.131659950947252
ABBV,2022-01-07,117.47352575305199,117.98597639995329,116.50073628730546,117.15216064453125,16.272056665685774,17.51172294390437,20.87889403811909,18.38490706267826,20.130836019692016
ABBV,2022-01-10,117.32584993890335,118.90663253487683,116.8828862272687,118.46366882324219,14.904823916893431,17.408598736438904,20.6533367963411,18.421979182150807,20.099148255649414
ABBV,2022-01-11,117.99465602743642,119.07166901682835,117.08265938883844,118.96744537353516,14.896085363421955,17.40888244822547,20.648583122772884,18.425117286718393,20.09303495308189
ABBV,2022-01-12,118.57660572768775,119.33225372627608,118.15100371809979,119.24539184570312,13.784406043523786,16.838021972524295,20.62725564222688,18.42183452294076,19.96076319351401
ABBV,2022-01-13,118.47311375625732,118.57841890565547,116.63019329706738,117.17430114746094,15.356695694849492,17.395084191891478,20.84246159775543,18.513369542686593,20.043387292776114
ABBV,2022-01-14,117.02512179063913,119.3945815374735,116.09487714589899,119.23661041259766,15.749150091335117,17.5894482882158,20.99779877203337,18.606057917873184,20.081579199099654
ABBV,2022-01-18,118.92066587606065,121.08828599109123,118.71882655662792,120.03519439697266,15.379404315069923,17.597706259585618,21.001771975233773,18.341733415273133,20.041166640971042
ABBV,2022-01-19,119.71051671529466,120.66707430875296,118.33271169379073,118.65742492675781,15.35236804407353,17.883458227756986,21.102466141078395,18.37913920887176,20.077932541068854
ABBV,2022-01-20,118.03431954379856,118.29759579714649,116.49855702185323,116.74427795410156,16.421621140835978,18.24458873996898,21.248337689990215,18.403861909346293,20.10890672392836
ABBV,2022-01-21,116.77061677955226,117.81493754914335,115.55078295247755,115.82283020019531,16.74466351689976,18.35763007230387,21.268636001159514,18.43275917361649,20.12324027483925
ABBV,2022-01-24,116.55999426534392,116.93734662989287,112.55822466336983,115.98078918457031,16.08700556627265,18.152779974785208,21.268443846283304,18.42744438608882,20.119033528679935
ABBV,2022-01-25,115.39282580673006,117.87637508561878,114.77851001622125,116.79694366455078,15.962828913731888,18.088382778220396,17.64928430221265,18.43784798861378,20.0607266443048
ABBV,2022-01-26,116.97246004177951,118.89435955391224,116.56878133513287,117.7973861694336,15.971905335692895,15.966885197199554,17.6674488212083,18.39978782783151,19.216893628624423
ABBV,2022-01-27,118.91190069386697,121.36912346016327,118.78904022509148,119.3243637084961,16.229262219369435,16.095972781554124,17.727483743702262,18.452849316501677,19.211595638470044
ABBV,2022-01-28,119.34191665946572,121.08828947445814,118.12208296128655,121.03563690185547,15.46884328686599,16.076595134659105,17.343994887904227,18.453592510285354,19.17029472400939
ABBV,2022-01-31,120.0703360916616,120.37748063270625,119.01723083439538,120.13175964355469,15.443464784274932,16.169881021902505,17.348650408705563,18.47927145711243,19.18824108820353
ABBV,2022-02-01,120.55297129019334,120.96543431472386,119.38579011341407,120.228271484375,14.380325596334467,16.108233270265046,16.634628535886435,18.47616978233477,19.161835558475122
ABBV,2022-02-02,118.83291324835258,122.34322740637825,116.761827359486,121.64993286132812,14.46147841454471,16.207708358110573,16.644235408534982,18.518408787558045,18.923879284121963
ABBV,2022-02-03,122.42222232402219,124.36167704275071,122.0185302509355,123.50164031982422,14.650267534884215,16.179890329402937,16.74213377665054,18.529108656158456,18.927083326758233
ABBV,2022-02-04,122.99265289843484,125.31824455313698,122.18528207868395,123.43144226074219,14.148680897545063,16.13044919379832,16.636068821192705,18.49543238078884,18.92781283586195
ABBV,2022-02-07,123.88778362958185,125.5025252258452,123.15062073443401,125.08129119873047,14.413928251373182,16.2043950040983,16.65430209584881,18.51415160442764,18.87229186011346
ABBV,2022-02-08,124.64253217064416,126.02033749416013,123.9580216885125,125.94134521484375,14.30836272202879,16.190868900393543,16.665389410256065,18.521874789140472,18.820902130292335
ABBV,2022-02-09,126.3537760541011,126.3537760541011,125.35333688299548,125.66926574707031,14.352930524652487,16.23380643927469,16.655863338932203,18.461234585234163,18.76959203704765
ABBV,2022-02-10,125.62535056714013,126.73987895521007,124.8881878781991,125.23922729492188,14.378725990687949,16.26907593250671,16.503408189078293,18.47015232783783,18.770923023845523
ABBV,2022-02-11,125.3708784967967,126.02906244241392,124.21246832493284,124.62493133544922,14.50559124716575,16.295840319767123,16.541059149827543,18.293294500730198,18.774425989550053
ABBV,2022-02-14,124.42311202688143,125.66050125751644,122.36958099994808,125.49375915527344,14.475439625549846,16.285316201665974,16.4747000406125,18.289410103387347,18.778900784357784
ABBV,2022-02-15,125.80090854574583,127.65260008751406,125.66926370988895,127.03828430175781,14.750256033288661,16.336359468914573,16.512709709917992,18.29234840305314,18.7191773078194
ABBV,2022-02-16,127.02075053374548,129.19714204042793,126.511753262117,128.0124053955078,14.757681394453009,16.198000974955644,16.49998884491326,18.27578536617336,18.72606616784747
ABBV,2022-02-17,127.0734160514545,127.66139225505768,126.00276881779197,127.22260284423828,14.969497451715991,16.22578585999857,16.562625094000083,18.287354323586985,18.706857988835623
ABBV,2022-02-18,126.97687212287407,127.88954813554751,125.81846173943063,126.39766693115234,15.053020207449947,15.59820332198023,16.600021104175124,18.31252029777466,18.63731914584055
ABBV,2022-02-22,123.95797209107052,128.43362812111567,123.95797209107052,127.7403335571289,15.15315376728276,15.628208521533166,16.553883151498948,18.336808126417363,18.639124725542562
ABBV,2022-02-23,128.31955517898723,130.18880204541983,127.56483698138989,128.79344177246094,15.03815555704073,14.974725653498563,16.45893857478032,18.331380648646707,18.531214347952684
ABBV,2022-02-24,126.02907886204902,127.86321514900636,125.9062183784918,127.4858627319336,15.492666614217782,15.255475211446292,16.54741739310443,18.3193378993061,18.514685324492813
ABBV,2022-02-25,128.2405754305113,131.9527294580379,128.1703675299629,131.2331085205078,17.313312950950678,15.657771343478982,17.016536812041792,18.484186164579548,18.71764523880369
ABBV,2022-02-28,128.69689716742096,129.95184153675996,127.9158527439926,129.67979431152344,16.798456558423272,16.013217980272536,17.178093756914112,18.52482665947982,18.759355225087685
ABBV,2022-03-01,129.59204855793624,131.19801922964865,128.3107911198194,129.60960388183594,16.290853525110894,16.020083471438344,17.170360904439445,18.52536242611026,18.74873110821191
ABBV,2022-03-02,129.61837907617948,132.73378632595472,129.19714502436761,131.25946044921875,16.505549861023663,15.901381910628887,17.14885430702421,18.570116923759937,18.742957248682345
ABBV,2022-03-03,131.4700599842088,132.3300833416849,130.62759194976348,131.99661254882812,15.932597657832979,15.515289800603812,17.15287353091105,18.569338391818242,18.71168760681605
ABBV,2022-03-04,130.40817320705048,132.23352474166214,129.96938394779497,132.1282196044922,14.814372513212135,15.517579196213054,17.06885145541263,18.55018835852101,18.693174032668622
ABBV,2022-03-07,130.75920609371417,132.29496858139203,130.04836959908621,131.15411376953125,14.778037660589922,15.684301653949484,16.869363682560206,18.467620204185046,18.701157437425678
ABBV,2022-03-08,130.75922231294425,131.54026679649743,128.44241515121888,129.1356964111328,15.825830017740092,15.848044960325588,17.1251893076718,18.520405767205062,18.77222675817545
ABBV,2022-03-09,130.10979250109395,131.73331819361024,129.6710032210394,130.61878967285156,15.959828802688808,15.866179897194582,17.062296165686377,18.555692788462373,18.773032067661674
ABBV,2022-03-10,129.94310333168275,131.41742933335243,129.61839005997987,130.90843200683594,15.899582307894002,15.829287072945844,17.062751007847957,18.532846379265628,18.771285609747405
ABBV,2022-03-11,131.05758005849992,131.98781119753718,130.74165123856403,130.81185913085938,15.691323434184179,15.832194604243801,16.74847828213633,18.526238381213854,18.77172925501921
ABBV,2022-03-14,132.27744430699457,134.2432255732859,130.7767921085204,133.479736328125,16.147696734860464,15.697993140497154,16.951229475817218,18.543218279005167,18.78628525857624
ABBV,2022-03-15,133.6201375848872,137.27963941836575,133.53238774309278,136.79698181152344,16.943716583074416,16.219559479156803,17.255597563145876,18.735708557362017,18.924024522506446
ABBV,2022-03-16,137.34109005540589,137.6219217150475,134.72590883124826,136.94618225097656,16.938728062483907,15.670707886919534,17.260529640090468,18.710690469710283,18.091993409707175
ABBV,2022-03-17,137.92905640363776,139.19277199997313,137.08658826660724,139.1752166748047,17.152192794595628,15.829188656208034,17.37290964535315,18.784933579535522,18.094866544425837
ABBV,2022-03-18,138.65743375725356,139.92114922009895,137.90271554420914,139.7105255126953,16.85421199454639,15.681537747798485,17.302839910069885,18.730065705844044,18.088265748309613
ABBV,2022-03-21,140.36870345282478,141.2462821094736,139.52623544128295,140.4564666748047,16.79849510851242,15.469823379410649,17.284666007250394,18.721033483986986,17.95875703680634
ABBV,2022-03-22,140.4564821089261,140.6758767971966,138.67499831143283,140.42137145996094,16.627405973567296,15.458916911320037,17.153778051072297,18.71988114781683,17.92035924513345
ABBV,2022-03-23,140.42136315645172,141.4481286299474,138.9733636558064,139.02601623535156,17.073968871116126,15.629979986514645,17.251686752339676,18.755677430663216,17.858562321037468
ABBV,2022-03-24,139.72804836132354,141.05318706160557,139.4033486048139,140.6582794189453,17.160314989942435,15.718623439897847,16.01729870518965,18.78056598536527,17.87520641863857
ABBV,2022-03-25,140.8952626360709,142.15019374657922,140.61443102514446,141.57977294921875,17.040343597496257,15.71186035133941,16.02064451133514,18.78833008383348,17.788683027245096
ABBV,2022-03-28,140.94791092847115,142.19407103478144,140.0001243566039,142.14141845703125,16.825580096340737,15.711209669027657,15.91690912438874,18.771491962410803,17.78228658336293
ABBV,2022-03-29,143.03653347141758,143.2910253603706,141.54463921558823,142.32568359375,16.830487953685168,15.64826090000841,15.895868972457707,18.771592094568508,17.78191014648367
ABBV,2022-03-30,141.9220379197245,144.23007434001974,141.9220379197245,143.70352172851562,16.739274349334337,15.690462307882008,15.879149890875532,18.78622772432128,17.761943769209232
ABBV,2022-03-31,142.98387445447094,144.50209506942076,142.25549600248218,142.26426696777344,17.195119787693933,15.894518243051326,16.019423234321316,18.835719014138178,17.80141974023423
ABBV,2022-04-01,142.29936500287653,143.1067491008636,140.5003395808384,142.7644805908203,16.94729959197777,15.8890031300814,15.884214740673222,18.836414610267454,17.639054327813326
ABBV,2022-04-04,142.60652098571268,143.78247308343686,141.69384514335022,142.07119750976562,16.86688337684381,15.89213860669893,15.89657789982795,18.706500263234652,17.628619096373903
ABBV,2022-04-05,142.0711881495787,145.64293920590873,142.0273065447784,143.4226531982422,16.832090570661627,15.897535588534812,15.893169321529852,18.722969196155724,17.641363593829848
ABBV,2022-04-06,144.35294525458656,148.54777095257407,143.74741372486704,148.23184204101562,18.80405073596558,16.94892678247147,16.551687558159493,19.065084814672492,17.90116032220394
ABBV,2022-04-07,147.1435870070621,153.21642868285753,147.0294975158331,152.06680297851562,19.194411856747365,17.528322645379806,16.90660044838978,19.262596013250448,18.01889643170666
ABBV,2022-04-08,151.82113832341184,154.3748959448381,151.38234890629215,153.54119873046875,17.951084052546904,17.561076644999137,16.90954148307906,19.278572683274408,18.029211539640862
ABBV,2022-04-11,153.48851710181304,153.61137759044757,148.59163948995914,149.03919982910156,20.05476383349178,18.368578251860377,17.70553362317567,19.63735274588181,18.306926164468603
ABBV,2022-04-12,148.58282436236786,149.6797975661427,145.86233885147797,146.82766723632812,20.799081845128903,18.555236345927437,17.94306386613578,19.741259211256317,18.34872832225819
ABBV,2022-04-13,146.03116008941967,146.03116008941967,138.4640881838665,140.6766815185547,24.678000177202726,20.821534756277384,19.37832992959182,20.43896686072669,18.87123156363269
ABBV,2022-04-14,139.70314698170623,145.03106194835968,138.79155961844236,143.65040588378906,25.248251518426684,20.939190391208335,19.507351507198038,20.56355046384232,18.95274589818544
ABBV,2022-04-18,143.3406377550847,144.07520678240576,140.49966226428518,141.03953552246094,25.981126737899647,21.026167360305998,19.768061689960838,20.51051394490805,19.053344143866312
ABBV,2022-04-19,141.95996990302964,142.04847903012077,136.03908202750458,138.37557983398438,26.568312893267652,21.397654221096257,19.703252309113218,20.631688201144485,19.16473597390682
ABBV,2022-04-20,138.3844086048094,139.92437809956962,137.64098064372314,138.68531799316406,26.057353297872144,21.395609911076356,19.688690469910163,20.62299554540013,19.10943739001673
ABBV,2022-04-21,138.95086673904612,141.9422973635621,137.4905604840739,140.29612731933594,26.061257041217146,21.452238806897473,19.436899344565646,20.605626527842322,19.117142219365533
ABBV,2022-04-22,139.1986655108204,140.11911186570703,136.59665368720275,137.17193603515625,27.042608380824294,22.049278281697422,19.86329788401151,20.807331405653468,19.24006679574237
ABBV,2022-04-25,137.0391538606722,138.63222348734175,135.26907949872728,138.33131408691406,27.10515661788294,21.978729676024578,19.695601655343435,20.801801361319924,19.252051372952362
ABBV,2022-04-26,138.45523124579822,141.3316023435127,137.9065124655514,138.22511291503906,26.548702856762784,21.85010641325182,19.702509810149337,20.79463818312585,19.253109638457236
ABBV,2022-04-27,138.56142023493143,141.16343173293848,136.791345855835,139.4995574951172,25.733520183132512,21.80079299249693,19.709162143719176,20.804914857221608,19.26626319844172
ABBV,2022-04-28,140.1545086255558,140.2253132307427,136.59665486634984,138.34017944335938,25.864545638185728,21.9113964934223,19.671007003392642,20.7954478223504,19.260918389309627
ABBV,2022-04-29,132.36617134482157,132.63168522554616,123.84325815160331,129.99427795410156,31.138272164069903,25.504327414488177,22.02496958398301,22.06439482654356,20.2842476319512
ABBV,2022-05-02,129.79070636337227,131.78204016133833,126.94974437418145,130.87045288085938,31.198502675377537,25.365187367506593,22.036782072717656,22.06257594077039,20.111877171237776
ABBV,2022-05-03,131.02977034302657,133.41052275676626,130.9412612143103,132.40158081054688,31.38331067037963,25.45672891528799,22.087821297190775,22.024090019837566,20.122854195070932
ABBV,2022-05-04,131.1447858688121,134.8530933335744,130.62261724132847,134.1627655029297,31.688506503865415,25.45543546637767,22.00387152005483,22.042082710529098,20.101500312076436
ABBV,2022-05-05,135.20711866479294,135.69389176033067,132.7909577100132,134.6849365234375,31.621396666366525,25.434386558939988,21.964518399265664,21.894931368916286,20.102794153317397
ABBV,2022-05-06,132.47234838432786,135.87090115642135,131.87937514009715,135.26022338867188,31.434558980400123,25.433065207274947,21.94525902767766,21.89247670044991,20.10085080833518
ABBV,2022-05-09,134.1893542363023,135.888624271409,131.80860168300362,133.60523986816406,31.500744527337098,25.567291391489306,22.053491055904015,21.94282106077328,20.144659900877276
ABBV,2022-05-10,133.87959261766028,136.76480927783103,133.20695564447655,134.60531616210938,31.57383203007785,25.569138221121403,21.815638011577875,21.95123335101323,20.113743367571956
ABBV,2022-05-11,133.65831256208872,136.96834282022195,133.58750797039136,134.49024963378906,31.561566070613168,25.545312853652263,21.75913328196917,21.95258510082823,20.11476630389545
ABBV,2022-05-12,135.74702500445457,136.6055122633495,132.88834481037875,136.55239868164062,31.779371306034182,25.607835757850488,21.653488929954033,22.00622264884493,20.121806956213778
ABBV,2022-05-13,135.78242110337376,136.64090836574005,134.43716062452182,135.8532257080078,31.698607900033178,25.604524178608674,21.6412018384845,22.019688075315383,20.13017767336468
ABBV,2022-05-16,136.23379091872465,138.85350738050846,135.64967653929958,137.5967559814453,31.938751150859968,25.67183302484851,21.66450783941846,22.03701373048917,20.1612028736046
ABBV,2022-05-17,137.5170964939035,137.8799515141701,135.2779532622861,136.98606872558594,31.93482595586322,25.64854709654481,21.570152939857955,22.034547111663855,20.168858978441197
ABBV,2022-05-18,136.9949079008221,137.8002950271697,134.30440064378618,134.90621948242188,32.02151956436817,25.798506814916482,21.716801553387928,22.124627986323418,20.195479687736583
ABBV,2022-05-19,133.81760895063277,134.87965078663092,132.1183393121168,134.27783203125,30.253737558315407,25.777849600813617,21.697566399002437,20.284609663102312,20.181234674629874
ABBV,2022-05-20,134.81773079214216,135.8709273184931,130.81735849608052,133.64947509765625,28.99215072520458,25.702930349171154,21.71778324410529,20.29365675785739,20.166504504586165
ABBV,2022-05-23,134.21590038866694,134.52566884376455,130.26864161543102,131.01206970214844,29.02269629538754,25.36428599391394,21.957672484438955,20.446684292284512,20.274863869503083
ABBV,2022-05-24,130.12703158404233,133.95039915657244,129.75531754303478,131.96791076660156,28.28458159171921,25.285031974868268,21.974156945046676,20.235394297571368,20.242897480719098
ABBV,2022-05-25,133.0741848090317,135.40183680692581,132.56970715741105,134.49024963378906,28.849574821703065,25.570993124023612,22.139831287705345,20.299706505381035,20.3203124186813
ABBV,2022-05-26,134.19820816437118,135.47266401853005,133.10075706671276,133.26007080078125,26.34967129060503,25.523678360082258,22.20217290652118,20.0207439282096,20.224735193740763
ABBV,2022-05-27,132.3307858369515,132.79985454316406,130.76426597595213,132.75559997558594,25.456018157339244,25.51220267070053,22.2109586119092,20.01261038191922,20.220708355576363
ABBV,2022-05-31,131.5519184164575,131.76433218923648,129.80839419060698,130.42791748046875,25.421660028844112,25.7701147161932,22.402997913383267,20.13795017510886,20.28472831815395
ABBV,2022-06-01,130.79964519893312,130.88815432304037,127.7285784604368,129.23313903808594,25.02422548695326,25.79421916607421,22.443388251671788,20.136814557557013,20.293901026588344
ABBV,2022-06-02,129.79070230235791,130.16242981705898,126.47181274292568,129.87921142578125,25.079988460718667,25.617602889614233,22.445144180656218,20.104192544597733,20.28844898390552
ABBV,2022-06-03,129.87924719124538,131.17140782423508,129.87924719124538,130.25096130371094,24.791257980760466,25.515850793812106,22.388717792827535,20.10418271626963,20.289098897411957
ABBV,2022-06-06,130.10046256426384,130.8261995179165,128.91451601056323,129.6844940185547,24.06341099265911,25.52652191468352,22.398134364062685,20.108619791995874,20.291666050804842
ABBV,2022-06-07,130.0296771928846,132.18032483273134,129.10038533627423,131.9944610595703,24.550684431907914,25.78563760924538,22.555260743856596,20.122359866350305,20.34543609299764
ABBV,2022-06-08,131.78204368842046,132.6228398959647,131.206774866561,132.09181213378906,24.558795362616227,25.44586488565921,22.35867875890695,20.114217475044086,20.30111928243417
ABBV,2022-06-09,132.50780130490077,133.21583392954238,128.59593759688977,128.7109832763672,25.326490741155084,25.453905387810995,22.61506249102802,20.357257416624467,20.399194527211407
ABBV,2022-06-10,127.74625408900339,128.0029224152298,125.8080206441271,126.73731231689453,25.547378982412905,25.62069422211482,22.740314611196695,20.44328915415258,20.449843124103207
ABBV,2022-06-13,124.6663395689863,125.73724051473452,122.8254605866578,123.39188385009766,19.81789161588652,25.88068948931639,23.07178337446459,20.71362033789366,20.637294598247934
ABBV,2022-06-14,123.40957929202065,124.48932566857418,120.64826777406465,121.7988052368164,19.910385146910635,25.948152278689896,23.017655522346185,20.778974354540132,20.682141272886696
ABBV,2022-06-15,120.86957363215255,123.09985833087947,120.56865062917507,122.2148208618164,19.546344961744662,25.92711626511236,22.983315594887266,20.771381626865356,20.680818257609126
ABBV,2022-06-16,120.84297590292378,123.27682825442226,120.15264795268465,123.15292358398438,19.217051858702035,26.004416136225633,23.010691834645762,20.732455286062606,20.682021836046978
ABBV,2022-06-17,121.7811613489167,123.4892771848617,121.41829274488897,122.38298034667969,19.1328270235135,25.967943526491077,23.013090065978364,20.715785191204628,20.628046563304768
ABBV,2022-06-21,123.8609680088423,127.41882175263939,123.63970868281558,126.97630310058594,22.303784089959475,27.029941254794103,23.694498369628924,21.10227546956228,20.896913544884363
ABBV,2022-06-22,127.19757477568764,132.84411764555992,127.10022012260023,130.5961151123047,23.72790254273173,27.66507286077886,24.014122473406754,21.323712164106574,21.070850848427188
ABBV,2022-06-23,131.62274067679854,133.4636197742233,130.57838970118215,132.26881408691406,23.934715222542266,27.794931727062426,23.9939305960472,21.3533561486127,21.089695135090487
ABBV,2022-06-24,133.5432522052264,135.18057630001292,132.41925126715893,134.82655334472656,24.607996430747452,28.102629156143532,24.12946662818993,21.4461357770662,21.159287262690082
ABBV,2022-06-27,135.4107327457062,137.57907184365536,135.18947337847467,135.53463745117188,24.24196583688745,28.046614616253624,24.138094184018307,21.40158601817939,21.095930105372204
ABBV,2022-06-28,135.5611695027238,137.286989637153,133.98580409749113,134.9593505859375,24.22790140858946,27.991390519829285,24.09361041761239,21.41398921178958,21.10310401964058
ABBV,2022-06-29,136.20723340573434,138.6145359127207,135.72047370035327,136.41964721679688,24.142020878101814,28.079274129021726,24.038842337336582,21.409303703838006,21.110248053883552
ABBV,2022-06-30,135.56113737988036,136.33111537172442,133.52554925295763,135.5522918701172,24.177389815120904,28.090420848007586,24.06613621839678,21.323286709604183,21.124023905402282
ABBV,2022-07-01,135.48150075190188,136.17182871074536,134.0477447611648,136.1187286376953,23.78667851508875,28.028766512555325,23.990560802434338,21.322703020160944,21.086226667396936
ABBV,2022-07-05,134.43717039472435,136.3400088329845,132.45469533928488,136.23379516601562,23.74026270642385,27.130315880147815,23.97121986192207,21.263139711823214,21.075907438152257
ABBV,2022-07-06,136.83561488726718,137.17193337633347,134.2513076410348,134.99473571777344,23.8591193127169,26.58440042331256,24.018571581795104,21.302946696477964,21.09876811327266
ABBV,2022-07-07,132.93259549340368,135.0389885212828,132.76443625106415,134.52566528320312,23.109580496865593,26.474939606063923,24.018805478561198,21.186567229345503,21.090546780730648
ABBV,2022-07-08,134.5256670092116,137.40203817881644,134.3398032377682,135.2779541015625,23.074106089371178,25.88795853499684,24.013934084159786,21.189554169441006,21.089865324608848
ABBV,2022-07-11,134.77347510250706,136.73825893258578,134.77347510250706,135.6142578125,22.43609861236349,25.750570745720125,23.99538961826277,21.174023480224108,21.090102074464554
ABBV,2022-07-12,135.4106992070054,136.80021417127062,134.57876203153407,134.9327850341797,22.315831591911188,24.27359495879259,23.94205233798397,21.190006331200685,21.085162051770396
ABBV,2022-07-13,134.52565131414133,136.14527097354068,133.90612798927165,134.6584014892578,22.29283364405502,23.852822539581094,23.918929349747774,21.194553687003108,21.087296485882813
ABBV,2022-07-14,133.00579956746978,134.8996248532281,132.64847867122353,134.39044189453125,21.636010997075214,23.581157370763194,23.89829689734402,21.17931150960671,21.083102361072427
ABBV,2022-07-15,135.64105451769458,137.45448432363793,135.27479180414133,137.2311553955078,22.156906204592374,23.682049986707128,24.088008440197253,21.28129615715612,21.173810064383662
ABBV,2022-07-18,137.3919727493007,137.99049269951706,133.00578890041947,133.61325073242188,23.641341768488786,24.293523528385098,24.42881480885568,21.505124679722417,21.356897883291705
ABBV,2022-07-19,133.99737867586853,134.20283750651444,132.92540237264524,133.76512145996094,23.634498087909687,24.1641286888073,24.397399618618852,21.47429681426898,21.271737375112195
ABBV,2022-07-20,133.57750510747329,134.3993539746865,131.6211414032637,131.93380737304688,23.971817680932556,23.893479020769725,24.44351455578541,20.944498243999103,21.320009852210305
ABBV,2022-07-21,131.5318405472007,132.06782191893473,130.44199403781323,131.9874267578125,23.418624943964726,23.81995173319175,24.008707501390873,20.94490653580452,21.30869306369494
ABBV,2022-07-22,132.63059997558594,133.36311185488128,131.83554944647935,132.63059997558594,23.460396634709323,23.848016737507987,23.943480294615988,20.888748368568884,21.308990385955
ABBV,2022-07-25,132.6931309684628,134.83709719682227,132.66633258331368,134.19390869140625,22.336365360670154,23.898532426630155,24.01248255069382,20.905527969455925,21.33095105902278
ABBV,2022-07-26,135.02466343989022,137.1775575616596,134.2921516494243,134.7745361328125,21.768618090139373,23.86516347520785,23.940151341351115,20.89644338449129,21.32854755423027
ABBV,2022-07-27,133.5507229829576,135.337354728549,133.04152639262318,135.02468872070312,19.98565969823768,20.094088152288904,23.92627982839499,20.89637151482247,21.32864572179599
ABBV,2022-07-28,135.28373838027625,136.1502557419682,130.9779499536489,133.77403259277344,19.756332862814272,20.155073154013007,23.97368847617716,20.89415646735227,21.35065758987671
ABBV,2022-07-29,129.92384402328892,130.69209610857246,124.21555696282861,128.19973754882812,23.781842902353347,21.850085550530615,24.88701551862211,21.52793287053893,21.791540039587396
ABBV,2022-08-01,126.41315206632633,127.60126407426996,124.30492559742781,125.26078033447266,24.7592286132313,22.14330256592983,25.036522305670005,21.69894814058594,21.80593872245808
ABBV,2022-08-02,126.11831110147862,127.60121851859608,125.15354208623145,125.41259765625,24.674504878529966,22.124141251203046,24.96719151329279,21.697366644956656,21.790268046577737
ABBV,2022-08-03,126.6006973970141,127.76201049010729,125.64484309064102,126.13616943359375,22.256319729193542,22.14193082385643,24.98296005978074,21.703152231104966,21.787402497974735
ABBV,2022-08-04,126.93123565066266,127.36896528910268,123.89396745720583,124.09942626953125,21.03091474978379,22.24195887956163,25.11025116252273,21.79989701265114,21.82745840355727
ABBV,2022-08-05,124.21555103947561,124.98380308812419,123.23289831530329,123.31329345703125,20.616461860742753,22.191598889467333,24.90553570633119,21.81072084873419,21.839468281261873
ABBV,2022-08-08,123.31326860776706,125.77882817124153,123.07208323118525,125.3678970336914,20.39122623263512,22.495588632338407,24.72967548318818,21.872098845823203,21.884852258820214
ABBV,2022-08-09,125.67165585898142,127.0652399088012,124.95701414840744,125.28753662109375,20.27008001603734,22.235430730219985,24.727705292252008,21.869095145288075,21.881035258130368
ABBV,2022-08-10,125.87710939730252,126.01110129018448,124.17087326305962,125.9039077758789,20.37954724034349,22.259303681392677,24.59462757754895,21.851310996772646,21.87721884246347
ABBV,2022-08-11,125.2696852613555,127.62803870004483,124.76050228472204,126.92232513427734,20.243301777791046,22.15352710584863,24.62485159239958,21.853180671947495,21.86266515153191
ABBV,2022-08-12,126.75255781909404,127.82453387955697,125.30539081901482,127.3868179321289,20.280966325101232,22.167279794153025,24.615417674516276,21.630917879403892,21.807408412262863
ABBV,2022-08-15,127.842426939994,127.99428899296468,125.43940521462753,127.10990142822266,20.194486193205726,21.973342493426166,24.615869284725374,21.631588615367146,21.8006525526424
ABBV,2022-08-16,126.94908676269151,128.61958265571843,126.92228838383444,127.34214782714844,20.209674752208453,21.967235869356713,24.577440733735305,21.50753680866353,21.745383462821277
ABBV,2022-08-17,126.3327158052668,127.5297556774679,125.5555354395853,126.3505859375,20.174185739473337,21.99969767895639,24.518775834742467,21.533081704663584,21.74129924712293
ABBV,2022-08-18,126.39525731649952,126.47565246699499,124.90342156777504,126.21658325195312,20.173086815325654,21.640769930479326,24.488454868106775,21.45996818712162,21.64139904610817
ABBV,2022-08-19,126.65429638135474,128.06573679549237,126.36844245101508,126.71683502197266,20.124722329898255,21.59977884976557,24.488436098786128,21.45661352806511,21.638777021540808
ABBV,2022-08-22,126.82400569583535,127.44039558670397,125.02844640449413,125.3678970336914,20.221884816411105,21.302441760674125,24.531981264009715,21.487087339406365,21.65946138136227
ABBV,2022-08-23,124.75156915703856,125.82355922060933,123.67959272438767,124.18878936767578,20.307991530144395,21.306698366938214,24.50312528183907,21.44275070570769,21.680516411658317
ABBV,2022-08-24,124.21553036925253,124.58179301739713,123.00954892035244,123.19715118408203,20.363219635101007,21.346415417411933,24.486959783921858,21.33927007663174,21.697411895678755
ABBV,2022-08-25,123.96542835278468,124.67114178577557,122.982775591996,124.46568298339844,20.719722452515278,21.194415005915623,24.544870141912735,21.36804423220812,21.711928027184705
ABBV,2022-08-26,124.07264337641622,124.9302326281409,121.71428997282179,121.80362701416016,20.192990371736663,21.55489343930259,24.74882224808052,21.532242262178375,21.82665211772978
ABBV,2022-08-29,121.66959615916409,122.13412414190262,120.38321936445175,121.23188018798828,19.012007875961693,21.531672889679385,24.69057349086241,21.43782619046027,21.82035802368634
ABBV,2022-08-30,120.72267317390602,121.9286547215867,120.49934426736624,121.08893585205078,18.97749004839466,21.515477095542394,24.057229273738628,21.40630325371648,21.80782301081679
ABBV,2022-08-31,121.21402426181838,121.52667661630868,119.85618041595576,120.11524963378906,18.774880111047814,21.5520958647865,23.665453888944636,21.411129073548988,21.82485509407978
ABBV,2022-09-01,120.27601969357198,123.80461381782933,119.79363523567143,123.67955017089844,20.97752802422015,22.110431673831602,24.118566055604504,21.669785200825835,20.72906161504266
ABBV,2022-09-02,123.86715400492317,124.52819887657071,121.32119889446899,121.74105834960938,21.229054791070386,22.311006401852403,23.811805415132937,21.594295154645163,20.79452773135577
ABBV,2022-09-06,122.65226795053849,124.48356815458027,121.70535533805626,122.91132354736328,21.109546227704232,21.82209817919819,23.791067656668442,21.579085115272548,20.807415984571715
ABBV,2022-09-07,122.8755776011158,124.20660927401192,120.90134390105115,123.91182708740234,21.250667661623375,21.678637832239435,22.913254832168278,21.495918390474078,20.673835332326153
ABBV,2022-09-08,124.74263282718465,125.57342370956468,123.85824517128054,125.52875518798828,21.701355141088623,21.135956761014853,22.751425884629715,21.51579650661367,20.67849584231021
ABBV,2022-09-09,125.42152439500994,127.00269707085354,125.15354057784698,126.33271026611328,21.74582302059827,20.98847083755517,22.61951996675909,21.508049363970752,20.471523077075183
ABBV,2022-09-12,125.96645075060967,127.62801861393297,125.35007432451536,127.06523895263672,18.100426357924064,21.007609222664836,22.460496474161555,21.438780344972088,20.465176776559744
ABBV,2022-09-13,125.55553160299854,126.78829807107951,122.82198758427921,123.75102996826172,18.476657544935197,21.67297025435219,22.818256559236065,21.657461567558055,20.642565422125674
ABBV,2022-09-14,124.32273662090006,125.45725130617662,123.51875799314139,124.66220092773438,18.6079935748709,21.682034110143558,22.768386051400977,21.64390227909944,20.62466261565389
ABBV,2022-09-15,125.05528854330719,128.54814309571367,124.5192935903921,127.30643463134766,19.53257081464674,20.76489468820465,22.778039232390828,21.780919558666824,20.691043365652074
ABBV,2022-09-16,128.1014636748005,129.39678232175328,126.27910567645205,128.69105529785156,19.10721257057802,20.05698775411653,22.805797274591377,21.800858854232395,20.7124714124186
ABBV,2022-09-19,128.31586763448806,128.51239818054154,126.34163392401126,127.44042205810547,19.249613669960013,19.96514989711733,22.85093909917072,21.83010993320932,20.73708782982588
ABBV,2022-09-20,126.69006189079487,127.28858188167563,125.39474298821415,126.64539337158203,18.79001456685459,19.56544988670795,22.810505674143528,21.838448890862754,20.705349347887644
ABBV,2022-09-21,126.98483085794032,128.3069480076859,125.32326298567466,125.34113311767578,19.043060302960384,19.612485397375373,22.82924101217421,21.875539407127356,20.730001474657016
ABBV,2022-09-22,125.25183148542746,129.04842415587356,125.06422914410685,127.75310516357422,19.786349292682086,20.04002004573085,20.83899694200288,21.98542213706612,20.79013815342622
ABBV,2022-09-23,126.91335575856749,128.11932365829875,125.91283300238003,127.7977294921875,19.6557679693586,19.8939653121686,20.809891044878963,21.97809991508453,20.77651267648926
ABBV,2022-09-26,126.92229902723624,127.56548743557198,125.16246596983369,126.1451187133789,19.994244146761048,20.01548794771743,20.819875077253823,22.027392249301833,20.821995153045727
ABBV,2022-09-27,127.37788834122043,130.01316705312738,126.21657515079397,126.6007080078125,20.017964643111817,20.009349925631625,20.714560446448886,22.027761253025034,20.817774983849162
ABBV,2022-09-28,128.8339975697664,129.8166503396148,127.40468692833542,129.1734619140625,20.857988247308562,20.478166438178462,20.96243509657993,22.114702874908964,20.897438083640164
ABBV,2022-09-29,129.3968085987014,129.75412949261317,126.69899086763674,127.4940414428711,21.094616685476208,20.561957496477323,21.04459313695491,22.168191132303996,20.908999468639696
ABBV,2022-09-30,127.02948241221651,127.13668955899266,119.78469196211057,119.89189910888672,27.675013889677246,24.012474713049983,23.089643572390806,23.34385748536283,21.806455740495075
ABBV,2022-10-03,121.38375334644275,123.99223380548456,120.87455680565438,123.56344604492188,29.144950843725415,24.854266685902697,23.579596142581945,23.520316043864,21.97686580102118
ABBV,2022-10-04,124.35850204137682,127.49403568114424,123.06318318991846,126.8419189453125,30.008464644697607,25.48367514807859,23.967193709160263,23.63250588219087,22.114946826081926
ABBV,2022-10-05,126.37735762799599,129.05730439842483,126.05576347030797,128.03892517089844,29.968490147620685,25.56027359217547,23.887148816675584,23.644940514903414,22.12212711637337
ABBV,2022-10-06,127.55657006168195,127.7352441445937,124.97488768226475,125.32328033447266,30.566531178315532,25.90488880045885,24.104384991948326,23.74382392892444,22.236059150164902
ABBV,2022-10-07,124.17981850229016,125.10887452309936,122.87558513008051,123.95648956298828,30.601352064590237,25.981816557223286,24.058794300786552,23.70010680210117,22.230890026850382
ABBV,2022-10-10,124.19768518292679,124.69793981211542,122.2681199295566,123.55449676513672,29.936617583126708,25.56601222678932,24.05522661720616,23.68362392241433,22.234342872280386
ABBV,2022-10-11,123.29545297510519,128.35161014376905,123.29545297510519,126.41311645507812,30.581955192897325,25.517440526584355,24.24143908241589,23.832741763951173,22.32435483732441
ABBV,2022-10-12,126.529248430834,127.79775522174084,125.00167242652975,125.04634094238281,30.781188269317706,25.59458108250302,24.287558757057205,23.857638996456274,22.289337755615193
ABBV,2022-10-13,123.35885263402946,129.20643753430775,122.97082480440562,128.97181701660156,31.830390244036007,26.28002701213314,24.791389476973468,24.11088942076898,22.486282998923727
ABBV,2022-10-14,128.68303831968657,130.37955140856545,128.331100702192,128.98985290527344,30.796270165901586,26.27974385949292,24.591934273794767,24.065906920493635,22.440965403222023
ABBV,2022-10-17,128.72816345653115,130.78564728478145,128.2318513531899,130.31640625,30.45519879258994,26.34847437897462,24.619181635781633,24.03819267981709,22.457512903720968
ABBV,2022-10-18,131.05634483779204,131.6338837978778,129.52225826596563,130.4878387451172,30.377179190959325,26.231913979272715,24.430141632768844,24.01999408804241,22.378161070544333
ABBV,2022-10-19,130.668316157265,131.25487421096722,128.42132155673457,129.1613006591797,30.520679119231747,26.287765822124992,24.440213290523673,24.053148845545806,22.407670123021084
ABBV,2022-10-20,129.18838289446174,129.98249042158793,128.5296169234751,128.98081970214844,30.330362613957853,26.28266989599099,24.43448890741079,24.016036200083875,22.396233489622084
ABBV,2022-10-21,129.35079890751598,133.33942949862546,128.52960661150712,132.70774841308594,31.337061078517998,26.89210126484669,24.695533173761497,24.183550434995812,22.56046965994632
ABBV,2022-10-24,134.196763562404,136.74154058726467,134.1877306924541,136.16400146484375,32.089168615369815,25.913385518744203,24.978427988266038,24.367935612031523,22.690698993553525
ABBV,2022-10-25,133.58308126533348,135.9022699438085,132.9152962572588,135.19839477539062,31.058043124696404,25.478044332049638,24.997253773475972,24.337377341465725,22.6950351586857
ABBV,2022-10-26,136.27224627519274,137.96877298010293,135.9925027801522,137.6258544921875,31.333150875289217,25.70205566237383,25.146643498386616,24.412346640370753,22.741199487545256
ABBV,2022-10-27,138.75387708563963,138.96144028325602,137.21979035287853,138.51925659179688,30.90036199071141,25.70748928834562,25.15158789762731,24.42049553764438,22.717424889658012
ABBV,2022-10-28,131.68803779085883,134.44037752429853,128.44840510984076,133.20408630371094,33.08916837079331,26.788413356629455,25.78218405413043,24.86346145990403,23.055340723429012
ABBV,2022-10-31,131.00221238448188,132.45508587457428,130.0185936371118,132.11216735839844,33.04814790848458,26.81370201500961,25.815749756972238,24.876419828602124,22.662161379046022
ABBV,2022-11-01,132.34681679891577,133.28531262241944,130.4427403141833,132.57241821289062,32.97761241692357,26.626820778397946,25.48384946290947,24.866800407266055,22.663384960549124
ABBV,2022-11-02,132.6807133564706,133.62824212672393,130.37957599146065,130.41567993164062,33.21273592096663,26.861456277028545,25.49922239195438,24.904223034416038,22.6887766494904
ABBV,2022-11-03,129.946415468241,131.22782985730984,129.07108087358694,130.32542419433594,32.78672300272369,26.8482237677806,25.128752121469223,24.888438692577335,22.67559493213181
ABBV,2022-11-04,131.16467647445094,131.3722259338688,129.11621164135755,131.10150146484375,32.82203551662637,26.8265077457674,25.048651970072417,24.886662358254323,22.67471456292504
ABBV,2022-11-07,131.10149539715167,134.2779672294859,130.5780984531589,133.6462860107422,32.96821665530166,27.092189474188782,25.216871235080983,24.975602919379504,22.747768252927607
ABBV,2022-11-08,134.30501090029162,136.8317490294362,133.51992252926743,134.03428649902344,32.96572557086589,27.08834566703282,25.19576506318809,24.94773505356277,22.72315425220732
ABBV,2022-11-09,134.08843874207446,135.87521166348404,132.68970737133643,133.21310424804688,32.58118919310268,27.125743947574133,25.194866521277547,24.941212048454485,22.72928719456238
ABBV,2022-11-10,135.95644839008816,135.95644839008816,133.3304444535036,135.10818481445312,32.51140959196643,27.202347046718423,24.620185034976036,24.96462464934112,22.74992836471444
ABBV,2022-11-11,134.94574810212114,135.83011564014356,131.52563641119306,135.5052490234375,26.374895564440955,27.201007508673708,24.225914467302523,24.733017113849513,22.749590171528812
ABBV,2022-11-14,136.2451932070246,139.4577549298534,136.2451932070246,136.9310302734375,25.277163065081055,27.262014646335704,24.19921258295739,24.720787114131372,22.767988453598537
ABBV,2022-11-15,138.4199733964073,138.44704445872375,135.32472926823272,138.1041259765625,24.398220414738464,27.18542424800825,24.047355674964354,24.73972555641511,22.77864037197716
ABBV,2022-11-16,138.46513872143026,141.39795737161566,136.47081598067192,137.04835510253906,24.500840102248382,27.15698476092963,24.066396217110217,24.714370574552515,22.790938077939842
ABBV,2022-11-17,136.23617843705352,138.13123575919803,135.33377281119752,137.31004333496094,23.44988223210403,27.08227697192377,24.057826258144086,24.706955902679002,22.78097609302091
ABBV,2022-11-18,138.67266351803633,140.4504036082545,138.67266351803633,139.8548126220703,23.46781058913087,27.24095900242348,24.172977617086197,24.799924415179653,22.842750188620276
ABBV,2022-11-21,140.23384245066921,143.14862282107512,139.35850780650154,141.77696228027344,23.523863997602763,26.894694819538344,24.242206388857827,24.832776668501683,22.86064578257461
ABBV,2022-11-22,142.30034524277102,144.27661576512335,142.183028105216,144.1953887939453,23.18224811773007,27.010959055502497,24.376044083267367,24.836078819185943,22.904298646073894
ABBV,2022-11-23,144.33978712109104,145.23317370976505,143.32007805643025,143.83444213867188,22.827904408642127,27.02086435412924,24.380909151861168,24.805413672964825,22.757011145329496
ABBV,2022-11-25,144.0149058623812,145.0616996591866,143.6990721653287,144.04197692871094,21.43953169592737,26.92648056907025,24.331786898940504,24.804845349611817,22.75479199646262
ABBV,2022-11-28,144.38489249791098,145.04364471444012,142.42667404576204,142.96810913085938,21.661712197065974,26.44696173790615,24.35735922402919,24.822537189390765,22.686849552968884
ABBV,2022-11-29,142.85983951537509,143.8705294602106,141.86720153944523,142.7605743408203,21.60752459527134,26.18713679203264,24.34642289369929,24.712622483353147,22.687808277727324
ABBV,2022-11-30,143.2929585089412,145.44970703125,141.1903658813036,145.44970703125,22.067166032560163,26.355458064304532,24.514197323086762,24.641263305185973,22.701895008958488
ABBV,2022-12-01,145.28731497432543,147.2726047231566,144.36685732210066,145.8558349609375,21.677033582979412,26.33229630898384,24.499045258367545,24.642809606955115,22.698783282869698
ABBV,2022-12-02,145.03462379478,147.77793065916632,144.84511256712466,147.6876983642578,21.74692711697641,26.32444647791057,24.564896561595813,24.613539071638563,22.71541354088257
ABBV,2022-12-05,146.99285522825122,149.06839096941627,146.99285522825122,147.9403839111328,20.532997532130487,26.314005271323822,24.560741265561298,24.610554489934813,22.663351453886712
ABBV,2022-12-06,148.0215647752604,148.34643128785476,145.7836031160628,147.7418212890625,19.473785511515587,26.31808544744423,24.35366544867392,24.604101611136862,22.581204297911718
ABBV,2022-12-07,147.71478284558364,149.37520593455926,147.32674125642387,149.2578887939453,19.360369348991405,25.660081880392234,23.99687145497381,24.632032358365198,22.598614982888684
ABBV,2022-12-08,149.25786873579852,150.00686697595305,148.2471789513084,149.79029846191406,18.867395218680006,25.64526997755681,24.000032124478334,24.604222687391182,22.59911887902465
ABBV,2022-12-09,150.48515347195456,151.3785399764184,146.92065409230503,147.14625549316406,19.751128020144463,25.719287959724323,24.072090812545163,24.66152558276465,22.61433239379117
ABBV,2022-12-12,147.2816080440453,149.3390914870919,146.86649545448336,149.18568420410156,15.713823767105165,25.767465157416325,24.155674281097433,24.702282933406746,22.62979988726048
ABBV,2022-12-13,150.65662757863169,151.15295346333042,148.5991437017152,148.70742797851562,15.445532986758817,25.669429962629582,24.15873099465629,24.701860768314816,22.6231936978069
ABBV,2022-12-14,148.5359636132799,149.78127394730106,146.93870188508615,148.7705841064453,15.478858960637062,25.607704133120645,24.099356828438985,24.701557199663615,22.61787021678393
ABBV,2022-12-15,147.89526748092138,148.54500067708372,146.14459824512943,147.182373046875,14.911350338637815,25.61610665607755,24.16545551390005,24.710131526015143,22.544155206750645
ABBV,2022-12-16,146.23483767270474,147.380896698496,144.81805419921875,144.81805419921875,15.976895540813421,25.671910782311674,24.31632360243608,24.756337154333956,22.58369131561783
ABBV,2022-12-19,145.08876293088946,146.3972482217919,144.43902983464815,145.72947692871094,15.98162744479404,25.6834659445993,24.278883089089558,24.763857485957608,22.51617844569237
ABBV,2022-12-20,145.8377713555656,146.05435365928412,144.44807277315152,144.90829467773438,15.47650548638366,25.541203402739658,23.285380146568617,24.76624824682254,22.50707121130632
ABBV,2022-12-21,145.69337439006543,146.8484524011893,144.70975563787056,146.37921142578125,15.62467287452773,25.589888118718275,22.994694569911804,24.769722353708218,22.511359293197128
ABBV,2022-12-22,146.07237839371214,147.44403865160137,145.76556381893636,147.33575439453125,15.414597886839365,25.33865239369282,23.008059991769933,24.47145197091398,22.467769342592227
ABBV,2022-12-23,147.4440646374541,147.83210624303734,146.48751681244235,147.182373046875,15.11795336799944,25.147953885866954,23.00220643077416,24.281720361794775,22.45813576668412
ABBV,2022-12-27,147.53430218261022,147.82306482552977,145.9911824885533,147.08309936523438,15.152417424380795,21.352710456158217,22.82717014761852,24.253588724163,22.440878482193764
ABBV,2022-12-28,147.7237999606418,148.61718649795705,146.2889783031254,146.3972625732422,15.116251345057167,20.670827189486275,22.813628635934215,24.00407020524243,22.447596632296555
ABBV,2022-12-29,147.05603890107338,147.88625049255234,146.36118265671996,146.695068359375,14.997685808022359,20.08944829860546,22.689839788816627,23.94017655003335,22.439001739704644
ABBV,2022-12-30,146.39727093385474,146.95677182385097,144.22248369031146,145.83778381347656,14.904860440624255,20.106650610368167,22.717908250853846,23.403648869993333,22.4466001591446
ABBV,2023-01-03,146.22577970038463,147.11014699567158,145.11582480196677,146.53260803222656,14.92493424604833,19.500545045201147,22.717334702983333,23.28001647484557,22.444925523227983
ABBV,2023-01-04,146.55067171801218,148.24719874242163,145.74753124212808,147.71478271484375,14.235237926691187,19.32371531912482,22.717180932859417,23.19472452331851,22.45622389167383
ABBV,2023-01-05,147.1733160217253,148.43669203784515,146.496511867609,147.53428649902344,13.807635568490593,19.300531903004398,22.71869716104064,23.081231741050733,22.45544965624473
ABBV,2023-01-06,148.75253467391798,151.7034048190861,148.10280154526416,150.295654296875,13.974569836337206,19.129356809965497,22.87167759877303,23.180372990922326,22.520540615626324
ABBV,2023-01-09,149.70906396655363,150.05198245601466,145.1789983607156,145.88287353515625,16.62244848963937,20.080441433394725,23.411044771270166,23.416679185942787,22.722787509329947
ABBV,2023-01-10,146.39725525344724,146.56871451897075,142.85080788827074,144.06002807617188,17.04239203311605,19.42590067267095,23.47060900504039,23.310046986198397,22.75990848012044
ABBV,2023-01-11,143.68103487992894,143.78931915631293,139.92702390961344,141.8311004638672,17.50774345398341,19.74973458311024,23.62089468081693,23.364995638954586,22.795221377080562
ABBV,2023-01-12,141.20251726913588,141.43936810037061,138.2144909189655,138.66998291015625,18.660715659388792,20.271753890663867,23.913912931394737,23.518401556287632,22.910646533980174
ABBV,2023-01-13,138.55152952242676,140.1184228464257,137.8682916393055,139.9271240234375,17.976268091245675,20.337763744162242,23.875270209873772,23.517569784027746,22.925472430501696
ABBV,2023-01-17,140.10934838143703,141.29363041564721,138.99794673861817,139.22569274902344,17.96485888417315,20.24125361772502,23.83581198266137,23.504225644086148,22.86008151348477
ABBV,2023-01-18,138.57889511289986,138.85219311958903,135.80040476301627,135.9188232421875,18.593197047649333,20.889221247311713,24.12645194952424,22.49268527821432,22.930985023717195
ABBV,2023-01-19,135.69106990009925,137.1395311867456,134.21528020430966,135.47244262695312,18.544974512616292,20.095162991565882,24.089839084348945,22.483324756896554,22.92577991025749
ABBV,2023-01-20,136.12828712397035,136.38337534751065,134.05124540756043,136.2740478515625,18.716996236036955,19.426015639162323,23.831248299390822,22.452474241682623,22.90027289240073
ABBV,2023-01-23,136.520062225974,137.03931587553922,134.871183416941,135.32667541503906,18.346613495948137,19.423833918131898,23.848106820004602,22.414273870007506,22.850660262739908
ABBV,2023-01-24,134.89849605157897,135.61816720819974,133.4044830285275,134.543212890625,18.244311123832045,19.10064313237942,23.87066199323446,22.4202497784812,22.843721395148364
ABBV,2023-01-25,134.26079980083492,134.80738175237047,133.45912959130416,134.63429260253906,17.771892778813427,19.048756071478675,23.82587089514516,22.414653575220527,22.84359274285057
ABBV,2023-01-26,134.75275305279476,135.46331946835153,134.01485822898678,134.27903747558594,17.051590601961717,17.271221733411092,23.40249721439786,22.369196815465266,22.8367498804032
ABBV,2023-01-27,134.1970403622099,134.5340999677895,133.0127584743608,133.25872802734375,17.092875118627937,17.259172382251677,23.290474441003965,22.36987133930578,22.837251197940724
ABBV,2023-01-30,132.88523204579033,134.02396204933763,132.32953124803876,132.684814453125,17.04969114348637,17.268779484228773,23.263286481827173,22.37535970281296,22.808306699435832
ABBV,2023-01-31,132.66660351245687,134.6889890914534,131.55520192758448,134.59788513183594,17.699608443100782,17.168690119465026,23.333926894477404,22.36693866789995,22.808768487240176
ABBV,2023-02-01,133.57757559772912,134.31547034310205,132.32041334975372,133.5502471923828,17.31844677832574,17.252108806048806,23.29190928369712,22.377710757499646,22.809898968519164
ABBV,2023-02-02,132.9398838624797,132.9398838624797,130.67154267704592,131.94691467285156,17.30889082050348,17.399895557407184,23.359887615771544,22.369882563644644,22.8440738046663
ABBV,2023-02-03,132.9307967417875,133.7324671891342,131.81939503997106,132.27488708496094,17.373775306785127,16.946600295136207,23.346532936979067,22.366527696760343,22.81647426596193
ABBV,2023-02-06,132.76679512302925,133.30427227387057,131.91957288988834,132.1108856201172,16.933791751962033,16.93579220870124,22.948710956986655,22.29460559312981,22.76870863642723
ABBV,2023-02-07,131.71005083702292,132.5117210983603,130.871947336766,132.22019958496094,16.72286075666318,16.892188914967054,22.92371486667339,22.288289072177665,22.76862191895934
ABBV,2023-02-08,132.46617087405937,133.32249795534258,131.60984379277616,131.7373809814453,16.70514981503832,16.64273354111108,22.698176670713117,22.285621334729587,22.734463566329076
ABBV,2023-02-09,135.28110861312996,140.01822209422826,134.7345127150947,135.4633026123047,19.042031516895197,17.615093112190046,23.057696712752396,22.403936659015187,22.893002839484268
ABBV,2023-02-10,136.36519864097124,139.54452393861015,135.5270950200787,138.51512145996094,20.36115667655319,18.075332551560034,23.25437495511558,22.54071820873176,22.996957757355126
ABBV,2023-02-13,138.48778792940297,140.091114723045,137.7954312112864,140.04556274414062,20.672424909221352,18.130694878631612,23.28164968567988,22.467591221950197,23.018128937918743
ABBV,2023-02-14,140.21864459462017,140.29152497695532,138.25091597310634,139.0070343017578,20.70617925059732,18.126456396852724,23.25008830854851,22.458240839353294,23.02542057931765
ABBV,2023-02-15,139.03436823438096,139.8269337359614,137.40371305391025,137.6132354736328,20.756903697380714,18.24528609384255,23.13488596774794,22.48640005434374,23.04000031816667
ABBV,2023-02-16,135.83684024883246,137.10310759686263,135.4906618412871,136.21945190429688,20.65564510571222,17.956151159649885,23.199741733326565,22.4197535885888,23.03311490030512
ABBV,2023-02-17,135.87327440484557,137.91388381480823,135.38134910182194,137.84100341796875,21.07909900052067,17.899037645892417,23.16280983804641,22.43316645848929,23.05038987471537
ABBV,2023-02-21,136.48362040122063,139.3987662256619,136.48362040122063,138.4695587158203,20.25263213645593,17.562342811645372,23.166116537302862,22.4319561603749,23.045083112150078
ABBV,2023-02-22,137.55856090790758,138.60618677183652,136.86621818831642,137.2579345703125,18.66570600479166,17.637350575102914,23.009535545679714,22.45598182495056,23.053018448540506
ABBV,2023-02-23,137.46746182409797,139.89980101424194,135.89146360507573,138.5333251953125,18.666234828664724,17.751561126240787,22.944273312632465,22.474028907388607,23.0475189795007
ABBV,2023-02-24,137.83188795239928,139.36233446646787,137.47660473302525,139.1163787841797,18.2258961720572,17.720919907890416,20.659232406395553,22.384519123775444,23.037224765783648
ABBV,2023-02-27,139.61739283620457,140.97476390317217,139.47164597103284,140.54660034179688,17.253538967198995,17.854028632591206,20.191940330630935,22.41532527922069,23.03424529791472
ABBV,2023-02-28,140.25507964296813,140.62857245702892,139.0343507197478,140.20040893554688,17.077702906246635,17.417342565825574,19.801096607868722,22.19904545175645,22.856434009732478
ABBV,2023-03-01,139.16189263211407,141.73087384831294,138.806609474609,141.44847106933594,17.19194713303103,17.512229832826538,19.79555585297894,22.139787043220807,22.839772221795627
ABBV,2023-03-02,141.41202326727503,141.903962344907,140.482829721545,140.6376953125,15.670807578608676,17.332137894321537,19.497402923730377,21.91267534860197,22.847734590368677
ABBV,2023-03-03,140.59215352694295,142.26836064517337,140.3006319930706,142.16815185546875,15.85705915930808,17.48877745723568,19.459442567402043,21.883909101389946,22.83857473652419
ABBV,2023-03-06,141.92217735676113,142.53254880948776,140.78344746818527,141.45758056640625,15.915646401946004,17.511003566195022,19.47209788968928,21.89277027975316,22.838579065937896
ABBV,2023-03-07,141.7217834966057,141.81287355369136,138.51511601622707,139.3167724609375,16.458358530469912,17.609064433291387,19.339629896265283,21.959663625559166,22.89114652858359
ABBV,2023-03-08,139.18923022017236,140.0546760844759,135.3175484711725,136.283203125,17.664418094620306,18.090419410266538,19.592601017111107,22.10838485871838,22.986387808118025
ABBV,2023-03-09,136.71136743515405,137.4765906135967,133.5229236244645,134.23348999023438,18.231855503448237,17.996596556231523,19.153965010152287,21.761554799277363,22.98398696501178
ABBV,2023-03-10,134.67985822484795,137.2306159587565,134.34279862554433,136.38340759277344,18.789842086225253,18.078803305819513,19.311050459177167,21.589135254302843,23.010315933859083
ABBV,2023-03-13,135.7366113035545,139.67206871963498,135.7366113035545,138.42401123046875,19.070407452796147,18.382016535904004,19.3837504382767,21.607889066786708,23.056234979661287
ABBV,2023-03-14,138.4239839113782,140.28239862459156,137.97761075124606,140.1548614501953,19.260829544251894,18.59053999081194,19.474176026769406,21.539609317028166,23.08829486842369
ABBV,2023-03-15,138.6335370552882,140.637712955568,138.22359703950826,140.34619140625,18.893318021707973,18.484878073546064,19.39530094774078,21.531767532409415,23.001847293183946
ABBV,2023-03-16,139.56272784941572,142.0406051188475,138.9341467471723,141.47579956054688,18.77964411795992,18.288145843852224,19.42532182858379,21.54502935170863,22.88526144480956
ABBV,2023-03-17,141.91304524550966,142.17723831316653,138.36021423622768,140.49191284179688,18.505464631032105,18.283590865661477,18.954617133739525,21.5255566889585,22.896097033772726
ABBV,2023-03-20,140.76522776591287,142.42321113724796,140.71057095923848,142.22279357910156,18.73821847160929,18.440023322323714,18.617523531998952,21.558638225156436,22.871963777702558
ABBV,2023-03-21,142.69650905812603,143.07001577104754,141.2936000517396,142.81494140625,18.711930845186075,18.33662214069203,18.58709822575176,21.558599693338426,22.8725061107913
ABBV,2023-03-22,141.82199400554666,142.91518601504657,139.93626420013558,139.9909210205078,19.821020839101056,18.709032236496498,18.661816434429987,21.69104050132872,22.954093240054082
ABBV,2023-03-23,140.38262168297658,142.56897743811717,140.3097413044038,141.47579956054688,19.90220833947043,18.854304899595824,18.708067106528283,21.6974460844671,22.978374011342353
ABBV,2023-03-24,141.4575885149955,144.37273441345127,140.82900735709944,143.9536895751953,18.940137419793007,19.212645305616615,17.812277372428753,21.78682910139374,23.021403288625596
ABBV,2023-03-27,144.69158026027196,144.97398305642292,143.3706563328335,143.5164031982422,17.985072448321027,19.19989845174888,17.76446959005872,21.781733875475666,22.99439690362614
ABBV,2023-03-28,143.75326801632866,144.48205794591757,143.4344180782236,144.1632080078125,17.774689512149706,19.21948952683284,17.769074303845056,21.785840964248347,22.989569258516273
ABBV,2023-03-29,144.82823100011012,145.48414058568505,142.44145739180348,143.9354705810547,17.614165598117435,19.18648770760453,17.55754032313406,21.777666876072978,22.986839191391997
ABBV,2023-03-30,143.94457983007456,144.4182954120721,143.40710259501728,143.8625946044922,17.299112082398405,19.158531564196036,17.55711276979045,21.776051541698703,22.986565036816458
ABBV,2023-03-31,144.327190261213,145.3657253787543,143.68950423330304,145.1835174560547,17.07224575489947,19.180399960956823,17.587427474654188,21.798894785741034,22.98454696322041
ABBV,2023-04-03,144.1631965888873,146.18558188056372,143.7441378949003,146.14002990722656,16.87910792674761,19.230553368724088,17.36732853719001,21.67478733271109,22.97129649235611
ABBV,2023-04-04,146.22200586414647,147.3334072207786,145.32924562538793,145.55699157714844,16.946312208031298,18.845235288452876,17.381559739662215,21.440807446349496,22.97239761010082
ABBV,2023-04-05,145.75740101074294,147.27874221573148,144.85552208780572,146.48619079589844,16.70142994855743,17.87904611576079,17.36729656257716,21.451992590559417,22.97558105800546
ABBV,2023-04-06,146.486226129289,147.752493299981,146.3222417853332,147.16946411132812,16.584847234684304,17.706489767113673,17.249067405830893,21.389927037490487,22.960959083234826
ABBV,2023-04-10,147.31522276397305,147.63405881069633,145.94874681955636,146.92349243164062,16.604968630666487,17.39807111292942,17.250434981729455,21.39161633981784,22.723024930428487
ABBV,2023-04-11,147.11478091897337,148.11685477265016,146.84148299505793,147.0145721435547,16.414606826811823,16.717189831401864,17.180786508049707,21.385595541132734,22.577582834683668
ABBV,2023-04-12,147.68872272579748,148.92766153099507,147.2150210506578,147.90736389160156,16.421477456248613,16.66709754081283,17.156577796636864,21.35451605538853,22.564803008349614
ABBV,2023-04-13,148.01766779978186,149.72768613798317,147.603956627137,149.57139587402344,16.522090326833442,16.750881661299882,17.18388834943475,21.387070044130006,22.396216881849377
ABBV,2023-04-14,149.5254245310414,149.85639627413204,147.95330524426407,148.56008911132812,16.56621803598101,15.997007135622646,17.225930372875332,21.40423470375257,22.356292026739585
ABBV,2023-04-17,148.86348596964052,149.12090688629522,147.69588922227882,148.1831512451172,16.387377086638413,15.988197649467118,17.001180969264006,21.37541493759485,21.940351471328206
ABBV,2023-04-18,148.01768179988508,148.2291317030789,145.636531155135,146.72137451171875,16.613610335281304,16.12992915511065,16.95144359306856,20.788999034955896,21.864637107775263
ABBV,2023-04-19,145.8755607531117,148.42220429755488,145.73766169209384,148.21075439453125,16.044990113990682,16.138446017138453,16.815852288765036,20.621762987085955,21.80890880638486
ABBV,2023-04-20,148.18314221654714,148.72557785566562,147.63153201234778,148.697998046875,14.329650590279282,16.069663124620526,16.816590884033793,20.623609650611645,21.7250500783788
ABBV,2023-04-21,149.47945896593544,150.03108323403237,148.95542853679243,149.31398010253906,13.268324574208041,16.076179822313986,16.826538470371887,20.619186505699663,21.727589864930223
ABBV,2023-04-24,149.46106908123417,151.10672509489288,149.24041658706204,150.84930419921875,12.907417602677443,16.143134070001516,16.851316830862274,20.54601985592998,21.721134673699673
ABBV,2023-04-25,151.52042525418457,152.7983410465667,151.22623597835113,151.60316467285156,12.452896150387327,16.03042688437536,16.86295649956227,20.532022196046178,21.60500576629297
ABBV,2023-04-26,149.56222036298274,150.09545349288595,147.55801234943382,148.75318908691406,13.661688924035259,16.55600301469435,16.895366668523685,20.58734136713381,21.676472801189874
ABBV,2023-04-27,141.4626060256741,141.4626060256741,135.2936783089842,136.86578369140625,28.243757420079874,23.89011085081018,21.469231523925025,22.87286861322268,23.231760003177797
ABBV,2023-04-28,136.0383641687785,139.18258902871884,135.55110211327946,138.93435668945312,28.50533329366017,24.017232333201814,21.512100315571633,22.931407945667676,23.26223191704028
ABBV,2023-05-01,138.6769356275163,142.2348857257444,138.658558438246,141.31552124023438,28.883711955114,24.097581924178055,21.690154655171526,22.996898331203347,23.30909872387914
ABBV,2023-05-02,141.16842377356133,142.51989072991117,139.00791155670564,139.39404296875,28.9215558785476,24.28639140960313,21.791304426172307,23.05593178244115,22.497678587556788
ABBV,2023-05-03,138.88839901649274,139.29290760468874,136.4796545345717,137.21514892578125,29.207181863371844,24.521374856675322,21.85372933659344,23.133969733733327,22.54527363992876
ABBV,2023-05-04,136.98529612312237,136.98529612312237,134.54898606517352,135.4775390625,28.879658490431698,24.674015835857034,21.923298484842622,23.18572649995768,22.55282535085688
ABBV,2023-05-05,136.56237663541148,137.3346533637597,135.27527213547592,136.093505859375,28.721113042902267,24.67352080006603,21.7737637821195,23.170579251488245,22.518799265582274
ABBV,2023-05-08,136.2038244637864,136.2497954875114,134.9075313764171,135.56027221679688,28.177090436384205,24.02019001182879,21.653715613064016,23.175623224740054,22.51901468701653
ABBV,2023-05-09,135.5235438391847,136.4888795089562,134.47546871930479,134.9903106689453,28.182889079015013,23.580828433337437,21.656955170542652,23.17811884126007,22.51895588129901
ABBV,2023-05-10,134.7052690731199,135.12816882005419,133.4457303688641,134.6133270263672,28.115048997048103,23.464679611961937,21.657720314487662,23.143890472242678,22.4868439485094
ABBV,2023-05-11,135.41317507120033,135.67061000697402,133.48251826580247,134.76962280273438,28.132232498671645,23.424650833713535,21.603895883010164,23.114380569491686,22.474775038316423
ABBV,2023-05-12,134.95352829308533,135.69822542959483,134.2915986635063,135.2845001220703,28.182550941882834,23.355354736774828,21.47599490730832,23.095718267203978,22.47782970252297
ABBV,2023-05-15,135.76253802910497,136.89335230286568,133.9146206521412,134.76962280273438,27.985017261984023,23.276452200014514,21.45252783253278,23.072274618879813,22.429190825301617
ABBV,2023-05-16,134.09849099838198,135.09140622677836,131.68055815436892,131.7357177734375,28.448581423222613,23.591855053411752,21.7218450312192,23.08813909155947,22.538370187472353
ABBV,2023-05-17,131.48750161651085,131.94718382070803,129.18909059552493,131.7908935546875,28.470101518138158,23.567359339765588,21.65070684554093,23.08003678398204,22.501353332290346
ABBV,2023-05-18,131.11058294391503,131.98397648676544,130.53137877106923,131.8736572265625,28.348998451483375,23.510376768267015,21.61850714244187,23.079215375597897,22.497391469613532
ABBV,2023-05-19,132.259775714031,134.04334506406894,132.20461608933107,133.4089813232422,28.59198417615088,23.557067463187572,21.712078084723878,23.0938595605226,22.476219440208713
ABBV,2023-05-22,133.739956369473,134.83400238073122,132.1862281032921,133.21591186523438,28.593149476155943,23.536053111812443,21.712146178203074,22.84179769593708,22.471873526248586
ABBV,2023-05-23,132.8021833112874,133.14235767484328,130.86232388752265,131.02781677246094,28.82300987864776,23.643787664811743,21.84508604334498,22.849607669627563,22.527868791074205
ABBV,2023-05-24,131.09216701576264,131.41395016855745,129.57522136033,129.76828002929688,28.71399010751969,23.706517021505668,21.881102463431805,22.854359744287812,22.460305248435986
ABBV,2023-05-25,128.73858304323997,128.8948732923348,127.11130428866221,127.44227600097656,28.589734758488518,23.85650623646745,22.03256986737426,22.9384114061838,22.52052994749568
ABBV,2023-05-26,127.53424727640399,128.57313367259763,126.04488124379237,126.46778106689453,28.594824424216604,23.873610745031414,22.03330201373789,22.906141258729743,22.45138729444877
ABBV,2023-05-30,124.56469404391805,125.80582763102932,124.3440415262949,125.4380874633789,28.593064784551814,23.762802823899275,22.005498891801032,22.914162272486166,22.447560645188403
ABBV,2023-05-31,125.6035438240164,127.52502583659505,124.82209260068669,126.83550262451172,28.95991949649534,23.90657658799286,22.09781364316023,22.941661791637163,22.473176974096766
ABBV,2023-06-01,124.35322092233402,124.35322092233402,120.5286757651457,122.67998504638672,29.734711044121433,24.61605068163846,22.430588323236265,23.067357049183933,22.648986886751914
ABBV,2023-06-02,122.92824597517881,125.92536949990972,122.73517323804292,125.83342742919922,31.015762408747428,24.894642261505677,22.402021838455042,23.246777404889464,22.775303758193083
ABBV,2023-06-05,125.95291393701842,127.15727897172837,125.30015908646062,125.82420349121094,30.925271343717654,24.72823225657034,22.332203865273694,23.112910741688285,22.769564586144977
ABBV,2023-06-06,126.3850095966848,126.44935780198394,123.77401838964609,124.5094985961914,30.5787701479949,24.545618110398774,22.26410960017235,23.109258385959183,22.791179112077486
ABBV,2023-06-07,124.02227432784137,126.00810515698755,123.43388156680435,125.4932632446289,30.68333745014148,24.387948830913473,22.048040018358734,23.100519352827277,22.801467876309616
ABBV,2023-06-08,125.95292052713995,126.77115426723917,125.03355614373017,126.54131317138672,30.7231220649346,24.30113400149168,22.04013110820251,23.11006096992552,22.747393202698266
ABBV,2023-06-09,126.46775647134342,127.96632483587705,126.02646551572357,127.03775787353516,20.053058918819232,24.32050508262118,22.044321627169634,23.081768036290782,22.75088229726586
ABBV,2023-06-12,128.3249068895755,128.40764633311122,125.8702051992864,126.62407684326172,19.355779051692476,24.238527748386023,21.734147357096,22.974140630942845,22.605533999107024
ABBV,2023-06-13,126.42179327384011,127.30438926809697,126.13679255510337,127.15728759765625,18.54015816704789,24.245756496812074,21.74403504944562,22.9796040335822,22.556600389023533
ABBV,2023-06-14,127.61697225100113,128.0398860545554,125.10711132502827,125.24501037597656,18.614577264457562,24.224685507350927,21.839642963750713,22.99799266848955,22.447990542007602
ABBV,2023-06-15,125.72308806720919,125.80582750058652,124.53711410363637,124.93243408203125,18.253408671495265,24.189439659688308,21.81919789683871,22.99571371174785,22.41121907144255
ABBV,2023-06-16,125.67712398986313,127.71811429637785,125.48406530130546,127.460693359375,19.200238396919595,24.325230341110732,22.052621319928782,22.99468855331109,22.497362932300145
ABBV,2023-06-20,126.0448589090997,127.74567455188404,125.64033634762852,126.70680236816406,19.128573367606823,24.208903683660406,22.068284298672403,22.95323665778022,22.493015783983765
ABBV,2023-06-21,125.72307285319175,126.3482338675748,123.81998194548136,125.82420349121094,19.170630402631296,23.896372165187778,22.089274877772123,21.774947303637465,22.495177957403605
ABBV,2023-06-22,126.09084362668182,126.78036704577426,124.93244933282686,126.32988739013672,19.254179278824104,23.929995503703736,22.072959037982294,21.48742356544051,22.19446766398993
ABBV,2023-06-23,126.22874948002627,127.50666558223625,124.73018084615525,124.96002197265625,19.41826903644727,23.956060788542096,22.126388019788898,21.3013989508864,22.040388031521545
ABBV,2023-06-26,125.17146420920157,125.17146420920157,122.90983551894716,124.06822967529297,19.432482540038695,23.97538309846161,22.020291893509793,21.287780436281114,22.013220256766942
ABBV,2023-06-27,124.00387989912096,124.00387989912096,121.83417926408502,121.90773010253906,19.788967181668536,24.169694722299187,22.153235098754664,21.238223710540062,21.994460888505582
ABBV,2023-06-28,121.9077351538854,122.43176561055049,120.3999779740726,121.82498168945312,19.805093067756566,24.046666934672935,22.0807718363528,21.199336465764894,21.9871914283323
ABBV,2023-06-29,121.6962692201347,123.11209834604955,121.47563072765121,122.48692321777344,19.076999409452572,24.028461708756836,22.09679078223393,21.20599803165782,21.991548487006632
ABBV,2023-06-30,122.70755753919046,124.96918592204159,122.09158512505178,123.86595153808594,19.468352903058427,24.20109345386426,22.17807241365719,21.072900571463595,21.993797257400697
ABBV,2023-07-03,123.19482957476903,124.50951393287379,122.41336422357409,124.12338256835938,19.490288478606672,24.14848655435449,22.181068089563407,21.0354994442893,21.98690817451504
ABBV,2023-07-05,124.27965992468872,126.76195476906823,123.78320937284441,126.52291107177734,20.064332380581874,24.51840598705294,22.396261784229164,20.836958533453227,22.068677588153808
ABBV,2023-07-06,126.39423495364666,127.12972940251109,125.43810198999574,126.18278503417969,20.06585549109065,24.51779253051016,21.9342137067477,20.839180896963754,22.069685364450866
ABBV,2023-07-07,126.09083651107774,126.55051876453174,124.43599162135459,124.57389068603516,19.855604994675474,24.598695171608696,21.704490056526556,20.856533143397282,22.087622482849653
ABBV,2023-07-10,124.49115364506027,125.11631478817223,123.25000592547299,123.64533996582031,19.78951994983303,24.547882122548526,21.641441153206294,20.873203599551516,22.096994594100924
ABBV,2023-07-11,123.19482063354641,124.81289680955895,122.90061731333336,124.63822937011719,19.341400056284638,24.4778243013771,21.667681978408478,20.862618466604303,22.104823627405345
ABBV,2023-07-12,124.86807138486135,125.585174447747,123.9211132086031,124.09579467773438,19.261833171217425,24.467025559685034,21.626299396942734,20.867964126545925,22.10669087479316
ABBV,2023-07-13,123.56595547033784,124.65354920446029,123.35216141787915,124.1794662475586,19.13096359019305,24.478464313515374,21.57804089550438,20.587043616363445,22.10191483395303
ABBV,2023-07-14,125.23914674801168,126.99600801439595,124.67211669992432,126.4289779663086,19.58571750670072,24.803674778380078,21.691708258259847,20.468812081542996,22.176683594842338
ABBV,2023-07-17,126.25238129220375,126.63348870959489,125.08113092566646,125.33211517333984,17.101931031636944,24.695530211928684,21.709622022618166,20.477045945014495,22.192164715210964
ABBV,2023-07-18,125.30425995843483,128.1858775391647,125.22060325025194,126.95886993408203,15.87607917169431,24.874517272657176,21.784297825541618,20.423821464516305,22.129660642716267
ABBV,2023-07-19,127.57236835007907,128.3345974788177,127.30278896042155,127.98136138916016,16.032259276795976,24.932387908261035,21.770779821939616,20.43204070387816,21.985644622025617
ABBV,2023-07-20,129.05965477495437,132.6663394761139,128.7900895604446,132.17367553710938,18.11699176588585,25.807218589369658,22.380649436629383,20.273793186650344,22.222832726868553
ABBV,2023-07-21,132.18293122633554,134.02344912154334,131.94125164297503,133.6144561767578,18.220957242563617,25.904617077910608,22.38835295661932,20.29094306430983,22.206437361225127
ABBV,2023-07-24,133.01955054429493,134.2558482978027,132.77785675893236,133.09390258789062,18.202294407817288,25.66838453932181,22.392718873698215,20.292250071253214,22.209925562072435
ABBV,2023-07-25,132.36885506389206,132.86151893051965,131.36494641092472,131.65310668945312,18.54670041794993,19.37459724378194,22.401516438974376,20.239812904067612,22.231364520149395
ABBV,2023-07-26,131.46717528252927,132.25730401893023,130.62128960678982,131.90406799316406,18.499337617849275,19.10687347412759,22.390708145438072,20.240799751999678,22.20094075969333
ABBV,2023-07-27,134.3023152618375,140.7069587941328,134.3023152618375,138.36448669433594,22.881024606628724,21.260241110908538,23.6097583443696,21.00396012202559,22.70757963001648
ABBV,2023-07-28,139.35910738294407,141.06948792168555,138.09490998824245,140.22360229492188,22.422540625500982,21.257779475174942,23.695648187020314,20.940818742918527,22.745522802906923
ABBV,2023-07-31,139.8331901477193,139.89826591688663,137.2211384156399,139.04307556152344,22.63258328407052,21.077123353824913,23.60936880609201,20.963804768241893,22.742129735016295
ABBV,2023-08-01,139.43346786557842,140.2421774403489,137.4256225241767,138.07630920410156,22.27590506115673,20.958411651105855,23.37224782202224,20.967582058796843,22.346036648126184
ABBV,2023-08-02,137.67662168136022,139.9633370434762,137.67662168136022,138.85716247558594,22.139801398929954,20.969112724286003,23.258918461280505,20.912199198577,22.227484107196968
ABBV,2023-08-03,138.46675834861338,138.83857531765938,137.74169114632977,138.5504150390625,21.994293394232457,20.95717403087025,23.127989668468516,20.911424031139937,22.228878981288027
ABBV,2023-08-04,138.476034697439,139.96333078988042,136.79353968050754,137.32337951660156,22.269908165029527,21.02271811111245,23.05104908746347,20.902088865177653,22.241695052676352
ABBV,2023-08-07,137.57439601007997,140.25152393074896,137.38848750090241,139.74026489257812,22.271916272502825,21.303432824510455,23.134010488032125,20.979703145433483,22.244432541417282
ABBV,2023-08-08,140.15855034702773,141.06022143091997,138.42957441320343,139.08026123046875,22.179695107003845,21.331315330408916,23.144911400592875,20.9673149353978,22.240029712140025
ABBV,2023-08-09,139.8889867447544,141.34838332401918,139.34984218036652,140.14926147460938,21.252839410431047,21.371130870723604,23.141774612625763,20.985390287509773,22.19342208386107
ABBV,2023-08-10,140.54896550223896,142.07343787189313,139.9633544458846,140.77206420898438,21.193052310821013,21.365409068953394,23.12626319764775,20.879306637448273,22.19673725803195
ABBV,2023-08-11,141.24612111677104,142.68693666910386,141.0323270724093,141.4599151611328,21.192299686576966,20.810898024192664,23.05658063535518,20.8244972027365,22.196670723924676
ABBV,2023-08-14,142.240761844371,142.35230410296333,140.89290754538183,141.54359436035156,21.137012227099962,20.81065592718522,23.046960762481486,20.727046500104397,22.183578387010492
ABBV,2023-08-15,140.89291471207275,142.1292126314467,140.16784744261503,141.40415954589844,21.185424979698343,20.815143280281912,22.826045671638568,20.72534517204655,22.18166743343739
ABBV,2023-08-16,141.84103066751422,142.77989186142415,140.71627518415264,140.87429809570312,20.831775828268526,20.724504243086926,22.77222930941808,20.729040497436138,22.18407876150649
ABBV,2023-08-17,140.511766001716,141.20893338692494,139.3591108186308,139.4520721435547,21.136689052206442,20.843071994948847,22.6554433223256,20.744745588940926,22.208691764431958
ABBV,2023-08-18,139.70307224265238,140.29798797198563,138.71774439568574,139.5636444091797,20.592982896888838,20.52803747920873,22.651891297091957,20.744448464455314,22.193548158639288
ABBV,2023-08-21,139.1639319596001,139.75884764673546,138.39239823998707,139.5822296142578,20.347680051087043,20.40754473202834,22.639060073010004,20.62370403006366,22.193082965141326
ABBV,2023-08-22,139.43346909853437,139.43346909853437,137.54647061811335,137.79745483398438,20.88671489973986,20.22394438467518,22.72577763399128,20.67460273882092,22.229759553493373
ABBV,2023-08-23,138.19718416041616,138.5039395541151,135.659498501154,136.7191925048828,21.022863038880068,20.227387067528856,22.75628510246826,20.637387203960987,22.217391647894107
ABBV,2023-08-24,136.5704532331496,137.40706267898105,136.04061334964024,136.30088806152344,21.090157006058107,20.152117597325038,22.7069757908893,20.638153809052675,22.198299817526085
ABBV,2023-08-25,136.66341431339347,137.26762042545286,135.9011710986399,136.35665893554688,20.624651846904346,20.051265216016777,22.678311477058823,20.63813395016901,22.182326411853197
ABBV,2023-08-28,136.7284793010489,137.63945499752765,136.4310285594356,137.04452514648438,20.35711357527829,18.72806405689687,22.690114990110498,20.609576034563776,22.165226925492384
ABBV,2023-08-29,137.5650837067032,138.42027406026273,136.18003929301116,137.19325256347656,20.143773129214413,18.074519561538008,22.664321716950724,20.604833199603583,22.054966733807706
ABBV,2023-08-30,137.68594924035276,138.31805524257217,136.551888805001,137.8718719482422,20.091165387678494,18.085736708211076,22.666039016440685,20.51118687738996,22.053313841775616
ABBV,2023-08-31,137.93690995058586,138.2343748851896,136.52397987903566,136.60765075683594,18.26603833834503,18.05094527262324,22.706236579150346,20.46853201953666,22.074111160804375
ABBV,2023-09-01,136.9794602888371,138.4016807432522,136.9794602888371,137.76028442382812,18.16639210657152,18.059235348260703,22.751558339049648,20.492900642812955,22.07151126213109
ABBV,2023-09-05,138.03915774829997,138.46676003342313,135.58512884457542,135.8082275390625,18.65250288333342,18.28980210474706,22.82776242896719,20.557993082228418,21.931964281900942
ABBV,2023-09-06,135.8082252680867,135.82680618771863,133.6144711193267,135.3527374267578,18.372747032965982,18.304055972853117,22.74911276206474,20.524841192357282,21.87509770925134
ABBV,2023-09-07,135.8546876054175,138.50392951466375,135.59441289943143,138.42027282714844,19.400353825972445,18.794904238733487,23.030458011680523,20.616420563608937,21.966524173504208
ABBV,2023-09-08,138.5039421267794,139.21040008108463,137.76029396314243,138.5225372314453,13.581984824198953,18.786916006979045,23.029695355828082,20.602155738211973,21.95316376532009
ABBV,2023-09-11,138.37382428144457,138.88508335255935,137.96481702455273,138.5411376953125,12.983600363314224,18.4692253617568,22.982271460242384,20.5922994840713,21.91715002567515
ABBV,2023-09-12,138.96870736992233,139.06166870058902,137.2211364775237,138.75491333007812,12.766313757050987,18.44871445354532,22.92117281103481,20.5566148172287,21.90920492984068
ABBV,2023-09-13,138.89436126974852,141.66443628136193,138.55042982747545,140.5117950439453,13.100849393997452,18.194677640337474,23.009256379390074,20.59742263210312,21.936600238881123
ABBV,2023-09-14,141.3018958167392,143.7931149183994,141.10669687074807,142.81707763671875,13.801297362738115,18.369026090173502,23.15262633645676,20.689893414336797,21.827632216879334
ABBV,2023-09-15,142.01767036718064,143.80241751498477,141.22754150487089,141.40415954589844,14.132479367821388,18.440533070455146,23.137329371729823,20.722127860575327,21.84223138205668
ABBV,2023-09-18,142.29652801113906,143.1238328293006,141.38556650195082,143.095947265625,14.192770436427459,18.548675835829787,23.206016670753517,20.76465652226029,21.77540217845447
ABBV,2023-09-19,143.0494444775935,143.74661182949234,140.92076640404773,142.67762756347656,13.393526221964178,18.3815675038332,23.021207621417066,20.765689658302634,21.753157458293142
ABBV,2023-09-20,143.20748218793713,143.96972537979732,142.5660858884225,142.7891845703125,13.294327873956698,18.280387958549348,18.799017133872,20.754860685988735,21.72918259914792
ABBV,2023-09-21,142.85424583026284,143.94183949109083,141.90610834817267,142.62185668945312,13.148554792127687,17.820730394541222,18.65455499701576,20.747125634096637,21.71936660194678
ABBV,2023-09-22,143.05877428869164,143.05877428869164,141.7759956533871,141.98049926757812,13.17632502014619,17.86816248592809,18.47505767876741,20.730529472253107,21.697977933461367
ABBV,2023-09-25,141.7016082972441,143.83959128270047,140.97655529458007,143.75592041015625,13.580554781394607,17.973607920745568,18.44591834760513,20.78407868117595,21.65108283347505
ABBV,2023-09-26,143.52352783797292,143.70945049793772,142.52890968991738,143.06805419921875,13.668162200534983,17.948343273276052,18.284337839669995,20.671801542951172,21.657480752439227
ABBV,2023-09-27,143.00297954205095,143.15171199761488,140.93007235929392,142.34300231933594,13.754380408721481,18.013704423488566,18.184112733545792,20.37958021276973,21.622463083072994
ABBV,2023-09-28,142.8170616191495,142.99367962546236,140.70696437010184,141.5249786376953,13.817020418014527,17.738915544060475,18.199337177020343,20.336952318403014,21.629160920631378
ABBV,2023-09-29,141.72019305616215,141.78525463682777,138.34589835504428,138.5596923828125,14.861624941349552,18.336201366340923,18.50688542713255,20.407425663597035,21.64618935969269
ABBV,2023-10-02,138.01126627719523,138.37379277527685,136.3845422656148,137.8067626953125,14.934749307298315,18.150163424730685,18.515453948301737,20.24272854048053,21.612292310426675
ABBV,2023-10-03,137.4163563033864,137.56508876614723,135.11105986622712,137.04452514648438,15.006939789456455,18.112724018528244,18.53194632323154,20.22433392397352,20.71186432131703
ABBV,2023-10-04,136.24512545261723,137.6487508925856,136.00343164511048,137.28622436523438,14.56097954791756,18.065352118180765,18.53300355028294,20.217080586466185,20.497509500419543
ABBV,2023-10-05,137.50932414063547,138.9966206241656,136.72849986954188,137.06314086914062,14.384402644085847,18.035400381937368,18.526012306187198,20.016053488981363,20.33450776233882
ABBV,2023-10-06,136.17073102783482,138.81066797196297,135.82678549233572,137.79745483398438,14.430829631124837,18.049915744741703,18.533416094938364,20.02185881511568,20.32037014345104
ABBV,2023-10-09,137.82536176916935,139.2011015728188,136.79355337045524,138.60618591308594,14.518259535005257,17.753430791414246,18.183249061008205,20.02166432714599,20.210339183623947
ABBV,2023-10-10,138.8664812523021,139.0245041965234,137.61157397584265,138.40170288085938,14.465934319703798,17.636600028701434,18.185975365883785,20.00488955311725,20.179013914161022
ABBV,2023-10-11,138.6247931043838,139.80531988303875,138.29015213011002,138.8199920654297,14.485550819517961,17.48316041389426,18.190395001943624,19.99530189689553,20.17725199131387
ABBV,2023-10-12,139.07348860612868,139.51475443518223,138.02195451359052,139.23309326171875,14.443185996626914,17.433122887270976,18.108305278567453,19.997957523069648,20.053093297260403
ABBV,2023-10-13,139.8433426128297,140.5099402239679,138.3317758348962,138.91387939453125,14.182994713152816,16.21908102403129,18.111037469493336,19.997308883825745,20.02308788702643
ABBV,2023-10-16,139.1579779091406,140.35971883739694,137.937455749726,138.22850036621094,14.068654190692467,16.12524623529864,17.926755399540877,19.985067628969848,19.794617113457566
ABBV,2023-10-17,138.32239610021355,140.50994400073515,138.1533936667827,140.0592803955078,13.876393251454164,16.301389704378746,17.962362316865015,20.03631661737989,19.83648546057743
ABBV,2023-10-18,140.14378427200785,140.46299357104186,139.27063610008324,140.15316772460938,13.81470190900633,16.11707733209804,17.706284925645278,19.966877918042776,19.811580241291495
ABBV,2023-10-19,139.46779435370394,139.46779435370394,134.56693914119043,136.623046875,14.37978243251932,17.009054369386664,18.14828001206341,20.175871781468178,19.978535459408263
ABBV,2023-10-20,136.39772723411966,138.49138328817978,136.39772723411966,137.28964233398438,14.458648582719663,13.91038575017248,18.10264288274289,20.13114048825256,19.95663272003458
ABBV,2023-10-23,137.22391091763276,137.46800959135481,135.3837372725674,135.88133239746094,14.745588516149603,13.77570232789369,18.11502946592346,20.167781546529557,19.98387158209448
ABBV,2023-10-24,136.2756790692186,137.98441309917482,136.2287474762566,137.36476135253906,15.1084498203292,13.869098122699985,17.345410738824928,20.20680909277938,19.81042548875124
ABBV,2023-10-25,137.176989655427,137.9186835873071,135.96586519489588,136.3789520263672,14.721692823469612,13.873872128615568,16.95266140074908,20.225720147031797,19.656661087225523
ABBV,2023-10-26,136.00342249316904,137.02677767633583,135.41193540295163,136.3226318359375,13.785465141814,13.820298329346523,16.95319512799322,20.220712177598898,19.643698841896104
ABBV,2023-10-27,130.2857519819039,134.25713021405141,127.71326754635884,130.4359588623047,18.389126590704482,16.48226970614481,18.310800373991825,20.623711093231293,20.05358587177047
ABBV,2023-10-30,132.06955443391593,136.80142115414958,132.06955443391593,133.2149658203125,19.19745143010786,17.00600544247009,18.565145498638454,20.605814221030847,20.155446541009965
ABBV,2023-10-31,133.40275254587553,133.52480905695003,131.14009415712803,132.5483856201172,19.212120564749043,16.61165806831802,18.54466411496505,20.570276705856074,19.778379230082756
ABBV,2023-11-01,133.18681572844955,134.9237142265838,133.08354045030296,133.759521484375,19.483029728683913,16.716094704559442,18.587391670194194,20.582565723957913,19.78205144614094
ABBV,2023-11-02,132.67044463190697,134.980048978131,131.91935297231237,134.501220703125,19.609496222563624,16.676583291571838,18.594306573314313,20.56009914565418,19.786685716847067
ABBV,2023-11-03,135.1490447174944,135.1490447174944,132.2761322086424,132.7737274169922,19.855053580218037,16.82779699020344,18.708391699738605,20.58156600584871,19.760696508231433
ABBV,2023-11-06,133.21498556599715,133.66563483085662,132.36061862516715,132.56716918945312,19.365338164989254,16.783873714580203,18.543860903571897,20.532799185918353,19.761221018907992
ABBV,2023-11-07,132.86760491020146,133.48724224605718,131.97568987787903,133.46847534179688,19.5461234986581,16.857904183466786,18.56325239962329,20.54176220000084,19.763899544037578
ABBV,2023-11-08,134.6702330830736,135.0927176959779,133.24316025697547,133.346435546875,19.532190169797918,16.857909252993966,18.302769400787955,20.51655026540469,19.67033360220558
ABBV,2023-11-09,132.37939172432837,132.9427140152098,127.544263643473,129.60035705566406,20.95429486997412,17.769784034060056,18.845495452118115,20.757490360754247,19.873216950731475
ABBV,2023-11-10,130.17308962942863,130.83968733350594,128.06065209203584,130.11676025390625,20.309768139805634,17.708140717789465,18.819001705083362,20.756815120598624,19.868250908277552
ABBV,2023-11-13,130.11673511777923,130.6518927336272,129.0276529817905,130.16368103027344,20.29620953273316,17.70629875321754,18.8097736597058,20.718675882986467,19.816963782429738
ABBV,2023-11-14,130.4359297132837,131.53440950360306,129.52524787767496,129.61912536621094,20.27886656940697,17.714972118046752,18.738078623107018,20.72207492157275,19.81864931544602
ABBV,2023-11-15,129.79755566075542,129.79755566075542,127.96677925983124,129.1873016357422,20.253627697461837,17.55456083904593,18.708775767162088,20.69526488145884,19.79227827730399
ABBV,2023-11-16,129.82569885253906,130.33269181862028,128.670903825615,129.82569885253906,20.35376946382616,17.539176776282908,18.498364823023376,20.69573402846449,19.7795454679249
ABBV,2023-11-17,129.9008117911467,130.38902353463877,128.98073199931665,129.844482421875,20.25055237496027,17.5342977141178,18.49734406890999,20.652407315690336,19.765511328996467
ABBV,2023-11-20,129.12157129362777,130.21065365302115,128.7554160224729,129.8538818359375,20.1251719363486,17.533434590567563,18.481630746165546,20.645547258504042,19.764385255292606
ABBV,2023-11-21,130.24819946289062,130.83968655412008,129.40323018332037,130.24819946289062,20.181097341503378,17.509726709289144,18.407604538909844,20.574566099774113,19.67892485404534
ABBV,2023-11-22,130.5579986070554,131.29030898623571,129.8726341395417,130.0040740966797,20.12462275501806,17.506283542757405,18.409695518928967,20.41370555798916,19.629748963307815
ABBV,2023-11-24,131.44053556182593,131.5156461583956,129.9946959740337,130.1918487548828,20.095439017769174,17.471200586281252,18.165219583146442,20.337563739904347,19.554009548605293
ABBV,2023-11-27,130.22001118357335,130.85844408042271,129.36564427900018,130.58616638183594,20.15317917467794,17.404049423475882,18.164031752764302,20.2513317782143,19.555864696505807
ABBV,2023-11-28,130.54862047946332,131.1213262430395,129.48770300122843,129.63792419433594,20.193703430955075,17.348544006446996,18.082801678910226,20.18836950992103,19.56716573508801
ABBV,2023-11-29,129.58160778158933,130.58618166841674,129.23421944706746,130.03225708007812,19.735372142131073,17.14500225411074,18.043173898459838,20.13511886390719,19.557307804176872
ABBV,2023-11-30,129.57220194471168,133.97546234357344,129.57220194471168,133.68441772460938,21.57853349398337,18.096272469392286,18.516317449298402,20.407179457595355,19.757445862704106
ABBV,2023-12-01,133.8252556815327,135.28989103993095,133.58115695140808,134.64207458496094,20.47829806399192,17.54322767368204,18.526275211744668,20.40242161111145,19.68009745333123
ABBV,2023-12-04,134.64204409994844,136.59487647644485,134.51060414796694,135.3367919921875,20.484801263734916,17.579324793984267,18.53900465768562,20.396775201703676,19.685232561683527
ABBV,2023-12-05,135.2992577781344,136.20995408407552,133.93791220845273,135.73114013671875,20.29076815989541,17.592041590947183,18.338684402748235,20.346384749730127,19.64608430176975
ABBV,2023-12-06,135.93768104468063,138.07829735422226,135.88135167551312,137.43048095703125,20.369726975428083,17.782686560402595,18.369449519424624,20.395267798604706,19.68657267735214
ABBV,2023-12-07,138.61343770017757,139.308199998664,136.32261456418223,138.9232635498047,20.483437560162187,17.731911783789688,18.337704140333162,20.300380513174268,19.717512240612358
ABBV,2023-12-08,139.01715394690544,140.8948759307034,138.95142680104922,140.15316772460938,20.61729009146774,17.50050798055856,18.345969423194074,20.288656752034505,19.710578551650816
ABBV,2023-12-11,141.45820470635323,143.37348943361982,141.43004001853024,141.9933624267578,15.87092864512926,17.59412962655567,17.755410654680414,20.242853066684294,19.751758055312173
ABBV,2023-12-12,142.4533890777084,144.1996712769578,140.9887680704444,143.87107849121094,15.231148821284036,17.6316476414461,17.792433792120875,20.29992027855936,19.7173534751043
ABBV,2023-12-13,143.6269533041951,145.30752253465508,143.39223805168587,144.8662567138672,15.106628379032847,17.67467976122198,17.803263399929527,20.309349862893676,19.6808200383956
ABBV,2023-12-14,144.92258538502352,145.67367705461552,143.42040204583952,145.41079711914062,14.997081142092728,17.688945442289178,17.709116718622937,20.31320737458208,19.682145750319073
ABBV,2023-12-15,145.279345459333,146.35902979843468,143.74899755921624,144.62213134765625,15.158622125012815,17.725712952208873,17.73784620204362,20.323511968044926,19.68934118814856
ABBV,2023-12-18,143.64573441650646,144.9132025093579,142.47215815493368,144.04005432128906,14.584551057407152,17.720564342180648,16.08076118870086,20.30013104474921,19.664440115972532
ABBV,2023-12-19,144.19966289003295,145.03524863793092,143.12936188344588,144.2090606689453,14.536455415259239,17.539143873079496,15.94687567408213,20.285429724165677,19.598185077678462
ABBV,2023-12-20,144.57520027245263,144.7817508238438,142.27497952522225,142.4158172607422,15.141100004268408,17.700811743307426,16.01632392053582,20.333582739488353,19.62766657297305
ABBV,2023-12-21,142.75380935764662,143.5612303422802,142.0402658718563,143.2607879638672,15.149866699630973,17.711473447841623,15.999205564440475,20.331640897351676,19.62885375092034
ABBV,2023-12-22,143.91798815267106,145.95532901288533,143.73021882859024,145.4671173095703,12.470749549518262,17.93728932371665,16.15259006669767,20.40557160113064,19.66256897878946
ABBV,2023-12-26,144.81931301696528,145.78633872604848,144.70665427831707,145.16668701171875,12.58788892331721,17.37154071769755,16.151998388636716,20.406062899074957,19.652643224186253
ABBV,2023-12-27,144.63154076545362,145.4952911714257,144.32171491452632,145.41079711914062,12.563725237469264,17.32379718079226,16.083064985181903,20.4069509297584,19.653161510011177
ABBV,2023-12-28,145.7581725729109,146.11494434287889,145.09157494889942,145.2887420654297,12.41761588565188,17.275831916326723,15.855041719188904,20.394165137366333,19.6532212630416
ABBV,2023-12-29,145.0915978022757,145.7206473881584,144.9695555927076,145.4953155517578,12.255359349645586,17.27530817763555,15.834505342478314,20.350762881954463,19.64827059914628
ABBV,2024-01-02,145.4295733000884,150.34921044010164,145.30753110318682,150.0487823486328,14.520168697259269,18.315384567973993,16.51496979315255,20.66221259047597,19.887902943178368
ABBV,2024-01-03,150.77168513320683,151.8607673356183,150.06753938049144,150.64964294433594,14.455036394278354,18.305418508424832,16.512585598284986,20.665127124334383,19.882718909449867
ABBV,2024-01-04,150.50880224803365,152.3677429875169,149.68259999676033,151.5885009765625,14.384220737085807,18.30924370438214,16.522606540685743,20.6432864778243,19.886662690913536
ABBV,2024-01-05,151.46645355938796,153.0625144649204,150.79047246337,152.2269287109375,14.373177950261306,18.306907149892602,16.53199232265411,20.61517000223062,19.875065539006485
ABBV,2024-01-08,152.26447904329478,152.8184179534878,150.0112182413546,151.56033325195312,14.498527819933607,18.345065289101544,16.54978549600109,20.618734198074627,19.87973278519521
ABBV,2024-01-09,151.56031815524895,153.4756025394139,151.00639362611435,152.3865203857422,14.45681074700515,18.3606687870202,16.55122082045062,20.62289182933201,19.80074122986481
ABBV,2024-01-10,152.34899585678542,154.98719327553306,151.98284059806036,154.80880737304688,14.755436536974265,18.57304435462067,16.62665092049305,20.67151975786618,19.634600191847635
ABBV,2024-01-11,154.20791313744667,155.02471759078765,153.11883098240446,153.7666473388672,14.715493629912654,18.60479758066945,16.672668477406734,20.679482860833087,19.605085103946152
ABBV,2024-01-12,154.25951156276125,154.78082156043982,153.71924089350668,153.92776489257812,14.757903287136202,18.45327192311552,16.672133240642832,20.55505539843074,19.54051507783792
ABBV,2024-01-16,153.52970175760314,153.83301469959255,152.6197918571491,153.0557861328125,13.539699850892967,18.51236208811356,16.558829315126324,18.01166617623968,19.414780596802633
ABBV,2024-01-17,153.31168319121522,154.44907763918636,153.09368608385324,153.5865478515625,13.519618730159014,17.640680532587417,16.501252055236225,17.933551778825343,19.397907529464526
ABBV,2024-01-18,152.75247982110693,155.1220578235586,152.6008233578885,154.7808380126953,13.553238845933718,17.670848259311963,16.519975244968524,17.847402860453382,19.404287180202672
ABBV,2024-01-19,155.35901316113774,156.26892300051225,154.11735662157614,156.1741485595703,13.605904129527977,17.538339028872223,16.56433987675079,17.7949192482825,19.26679162962594
ABBV,2024-01-22,155.8613431629512,156.8186473352054,155.21681051596732,156.76177978515625,13.40654426548892,17.4508399936117,16.558370119989487,17.691430527220085,19.265571980251483
ABBV,2024-01-23,155.87083082946378,158.79015252768104,155.50117725685462,158.76171875,13.495171566936422,17.46884399882893,16.655718274267787,17.674347516885287,19.29626028044231
ABBV,2024-01-24,159.01765108243345,159.18825376340072,155.50119082067462,155.65284729003906,15.135875108076533,18.049387236474935,16.98322448994239,17.83692196612347,19.388988681293316
ABBV,2024-01-25,155.4443117512909,156.59119382965386,154.68604392336758,156.51536560058594,14.878408086370223,15.255388570859655,16.913952108392465,17.837129294534492,19.38477555826972
ABBV,2024-01-26,156.64804817531785,157.20726504693351,154.97038309771622,155.82342529296875,14.734030023137892,14.857314714064914,16.900631269676623,17.838007623443005,19.391300674562725
ABBV,2024-01-29,157.19780355211154,158.0603189153643,155.14099720924338,155.3590087890625,14.765532532184084,14.818542697079302,16.731211228754642,17.83855554720112,19.39190266047324
ABBV,2024-01-30,155.65283577134144,156.37318225337972,154.74291148524836,156.31631469726562,14.801746684967746,14.77594769839776,16.731200443072588,17.849725832356736,19.38228843888711
ABBV,2024-01-31,157.10300304860223,157.20726504693351,155.3969041953425,155.82342529296875,14.711147178729577,14.809539284239587,16.404606470182262,17.85234888523965,19.379665545771516
ABBV,2024-02-01,155.15995286888702,158.93231671137738,154.18368796338893,158.84701538085938,15.345500574630805,14.848908755260174,16.652249367382133,17.9763884812215,19.42056464115257
ABBV,2024-02-02,160.58155514043688,163.83262357527468,156.6101402227464,159.8706817626953,15.358844860987572,14.834637638102114,16.67029883935374,17.765574496332476,19.410399413862507
ABBV,2024-02-05,160.97964299295955,164.09801565208068,159.6621582406585,162.3255615234375,14.955301595672953,15.02386492052709,16.813776923751327,17.844228169143427,19.421872732814244
ABBV,2024-02-06,162.69523681239386,164.88473926347118,160.9133238035895,164.2496795654297,15.104246854242746,15.098278083200512,16.800935929996374,17.888331429760782,19.452104035501634
ABBV,2024-02-07,164.93211258627548,166.40125393396713,164.27812116463886,165.87994384765625,14.849747520270808,13.601790965839356,16.68866600533704,17.875613085275386,19.47181407862164
ABBV,2024-02-08,165.254368416144,166.7329827106745,165.20697396562582,165.67140197753906,14.821047537459242,13.646272660020633,16.59381083535118,17.875228878941698,19.473012293568242
ABBV,2024-02-09,165.93680162174184,166.24957316506206,164.02217870398718,164.99844360351562,15.005446402442308,13.727081382560078,16.534753408785946,17.761119390563163,19.4740229784009
ABBV,2024-02-12,164.48662031298483,165.64297553561238,163.24496375330023,164.04115295410156,15.218985140689167,13.772268153264836,16.560471428606874,17.73360819245359,19.295781596788476
ABBV,2024-02-13,165.35865491333283,166.060040818963,162.99854977042907,164.2496795654297,15.221302587403043,13.700679950685196,16.56019211301804,17.58292199835305,19.17454150242093
ABBV,2024-02-14,164.03165827211808,165.7377572530495,163.67147780315597,165.32070922851562,12.969334861615343,13.708995465267545,16.57463160415634,17.559785254153926,19.155549445762652
ABBV,2024-02-15,164.94158386092914,167.51968579422183,164.74253295208968,167.37750244140625,13.236276017356985,13.789642493398132,16.63586032593077,17.56882704783342,19.173842424519137
ABBV,2024-02-16,167.66185581315463,169.58595193961588,166.88464177100204,168.23056030273438,13.220276660280096,13.763297834038731,16.55536559198906,17.537596025704204,19.14791323471502
ABBV,2024-02-20,166.65717284112327,169.35848326516333,166.36334746340117,166.5813446044922,13.768934001215138,14.064580107697614,16.624173297266083,17.09479069158666,19.146052099058515
ABBV,2024-02-21,167.09314332350584,167.4154168989744,164.44870083790912,166.00314331054688,13.728883582167581,14.097426775059027,16.609903619345626,16.871558999335644,19.118653010580864
ABBV,2024-02-22,165.66196115864798,168.08840708541283,164.10751833289183,167.52919006347656,13.827220636055811,14.124462650445842,16.611765959190112,16.894434398563796,19.133394787253046
ABBV,2024-02-23,168.01255373753958,169.57648389921584,167.77559593693013,168.79925537109375,13.373518767701247,14.138808493820587,16.226902735411905,16.84748265752423,19.12133128439267
ABBV,2024-02-26,169.5101384925971,170.4105752939926,168.71396370795833,169.48170471191406,13.05970465380944,13.932107826025069,16.186261141105422,16.83378476208256,19.105359475912135
ABBV,2024-02-27,169.4437739694771,170.16412041662537,167.74714815955144,169.6522979736328,13.060312273179363,13.947219197357366,16.14114693721827,16.8153574139225,19.102322726849007
ABBV,2024-02-28,170.46743688138275,170.5053437634965,167.66185033403394,168.7139434814453,13.052378898127111,13.223849577692736,16.1870689535823,16.834500879836064,19.08917903470221
ABBV,2024-02-29,168.5907220525583,168.73290540273706,166.24010484970964,166.8656768798828,13.69047813259494,13.552008650608597,16.30967319739374,16.890776413918758,19.122642512371478
ABBV,2024-03-01,166.86567934277573,169.84186861972535,166.58132710097684,169.57647705078125,14.16185911599598,13.79061624146666,16.455410294520398,16.97587525881167,19.167456584419792
ABBV,2024-03-04,169.04569046087428,170.59064539223087,167.0836730490076,167.81350708007812,14.568645373708264,14.094232722137946,16.56332106041231,16.919573050924566,19.189143641405753
ABBV,2024-03-05,168.51489228757404,170.22099123486464,168.51489228757404,169.8134307861328,14.820827856478983,14.078690867672536,16.628847664965615,16.955450584138564,19.194836910315942
ABBV,2024-03-06,169.09308432451184,172.65693897760522,168.80874652794094,171.61431884765625,14.70833048979687,14.073172703413462,16.682950322814587,16.84789045103762,19.21137813251985
ABBV,2024-03-07,172.68536900409825,172.90336613098353,170.1736076411782,171.14988708496094,13.207870916049352,14.086246685814297,16.699945470547064,16.831774260302947,19.147236161715906
ABBV,2024-03-08,170.363176691828,172.6379656745268,169.35846352066778,169.5196075439453,13.689238888791847,14.182261795256396,16.787997835531808,16.853227302354913,19.03838619656235
ABBV,2024-03-11,169.10257114811722,171.80388144294017,168.9414415765178,170.25892639160156,13.529627403884545,14.026232776051756,16.755050612551976,16.853946064219745,18.973408674805214
ABBV,2024-03-12,170.34420349268117,173.3488262920051,170.31576971719502,171.48159790039062,13.461927816246988,14.029598824577413,16.681004853618937,16.79983234772827,18.924374146512335
ABBV,2024-03-13,172.9791871424384,172.9886602474706,170.0598654266408,170.47691345214844,13.689454244616488,14.140338678740127,16.72683592297331,16.79090498293341,18.884524539091295
ABBV,2024-03-14,170.76127120024628,172.54318400839435,169.3395244107604,171.74700927734375,13.626531490400076,14.071577409787581,16.157489818636815,16.64555492010032,18.86027955763034
ABBV,2024-03-15,170.45796079310935,171.15936109287054,168.2779461244927,168.6002197265625,14.157697351227613,14.673453415304685,16.484777109531326,16.81702847614029,18.95865491926437
ABBV,2024-03-18,169.6712522974551,170.49587524887409,168.3063875632818,169.1783905029297,14.102579636019888,14.671194741639468,16.366293173760305,16.81264890665006,18.94648626721755
ABBV,2024-03-19,168.89404052199365,170.54325752140997,168.89404052199365,170.287353515625,13.603215078996842,14.345419291647252,16.322344849216936,16.784973709657123,18.939618284720456
ABBV,2024-03-20,169.8703025351937,169.87977564025087,166.56236656300723,167.07420349121094,14.502174718182701,15.02346992066692,16.60106441624117,16.96467443682389,19.00756675104382
ABBV,2024-03-21,167.58601497696108,168.46750542322357,166.70453899345347,168.24002075195312,14.363224536368921,14.817806212706067,16.614652124155345,16.84858226840882,19.014823249931485
ABBV,2024-03-22,167.98411720705477,169.65230935218594,167.55759606549506,169.14047241210938,14.421332910692833,14.799640857211177,14.874510378955433,16.846687113621222,18.907376395489802
ABBV,2024-03-25,169.66179042955204,169.85135378329068,168.83718188627273,169.21630859375,14.350995595605342,14.804876770733994,14.57958539493326,16.759263610852315,18.881774509560792
ABBV,2024-03-26,169.87978005291447,170.39161699441325,169.07413221945333,169.8418731689453,14.231649443636469,14.789977684445473,14.532405227237868,16.725177647661656,18.810076985459332
ABBV,2024-03-27,170.42003521563151,171.1593423189671,169.4816772170495,170.94134521484375,14.314210900285303,14.808745838240503,14.507808753917034,16.718065666628437,18.81529656974501
ABBV,2024-03-28,171.55746220119042,172.7896457614853,170.8939831957263,172.60008239746094,14.441948453926864,13.68418931071947,14.544834749644936,16.728139557820505,18.83283466898297
ABBV,2024-04-01,172.39155214672672,172.41049835851618,169.88927822859515,171.32997131347656,14.276755676357217,13.823228931413913,14.42136890554679,16.76314774726445,18.848877586529273
ABBV,2024-04-02,170.03142746644954,171.58586995607988,169.19733143595093,171.26361083984375,14.22132565768183,13.806419487426899,14.414085390211238,16.654273310942052,18.848805397519953
ABBV,2024-04-03,171.29206583817745,172.12616197201132,167.3870056893321,168.07891845703125,15.004032192978903,14.440464133901077,14.789530083229346,16.78468324871654,18.92967875792269
ABBV,2024-04-04,168.38220815076178,168.42960260366652,158.714332731206,159.14085388183594,21.87714811561336,18.453461956863563,17.3287929647431,18.00458064240026,19.708965196113038
ABBV,2024-04-05,159.23563950482537,162.11703995129997,158.56267299806726,161.1313018798828,22.03473417085736,18.58349364917214,16.716488797284683,18.035433882534804,19.741117927049444
ABBV,2024-04-08,160.38250979616575,162.99851847453252,159.61475444208318,160.9417266845703,21.874718468606176,18.32823833307479,16.722390558433798,17.657486154122473,19.73266108538144
ABBV,2024-04-09,160.87537806453392,161.6526065546067,158.66692973543778,161.2639923095703,21.83718351418171,18.264929006969396,16.720009473686606,17.61972201229139,19.728666527475934
ABBV,2024-04-10,159.7948355628409,161.09337395482112,158.62900740402665,160.21188354492188,21.866826542467347,18.32660127803993,16.74685470254481,17.632935987848448,19.739728959810996
ABBV,2024-04-11,160.37303488615825,160.53416445336023,158.505806279823,158.7806854248047,21.938806290338057,18.38762808652948,16.81734847474435,17.616197939037377,19.761679339768484
ABBV,2024-04-12,157.32651919354987,157.32651919354987,153.06928268834514,155.25051879882812,22.58944308505862,18.975303179475034,17.255717969683385,17.834361723608982,19.884012490229058
ABBV,2024-04-15,157.39349893340855,157.56569487486186,154.50431204492975,154.6669464111328,21.89737237750441,18.925841768694607,17.276355367697438,16.94645279408419,19.857203738375016
ABBV,2024-04-16,155.15484584673553,156.64728362655364,155.05918630301701,155.49925231933594,21.91381806335354,18.867288849789745,17.28371597642742,16.888277772987504,19.85188394119263
ABBV,2024-04-17,157.0395187258017,157.6039728265046,156.15937206085027,157.13519287109375,21.838531080077647,18.975238279017756,17.337379120272317,16.894246859116745,19.87657167887536
ABBV,2024-04-18,157.814427852142,160.18699751077568,157.30737245222787,157.5274200439453,21.54023462795063,18.799510239440256,17.327176714532357,16.870965881540776,19.851691660862773
ABBV,2024-04-19,157.87182565354874,159.38338647736688,156.17849273224653,159.2016143798828,21.8891459793103,18.470847772606344,17.381291660315394,16.901231685814093,19.85409113259054
ABBV,2024-04-22,160.4165980819674,162.24386611144615,159.68952425877532,160.6175079345703,22.016549588520586,18.52300873294737,17.414546299123103,16.924546301400138,19.870352546277964
ABBV,2024-04-23,161.28719890444782,162.99009363961784,160.93323083187076,162.196044921875,22.203719794447668,18.59251059288814,17.39184765044341,16.91785239828615,19.88928502396984
ABBV,2024-04-24,161.22021548254125,161.78465492187837,159.5173209923837,160.53140258789062,22.18127699097072,18.714341397751742,17.50509393500061,16.85494949913327,19.892714628644097
ABBV,2024-04-25,160.39747017407254,161.95685348787853,158.39800627124254,160.04348754882812,22.155658707873744,18.691678512476884,17.035000987783494,16.84836299453237,19.88971750025211
ABBV,2024-04-26,159.8521573588838,160.20613999184417,150.82106759405792,152.7057342529297,25.47640686462101,21.05084994148306,18.686155470986588,17.748737114290293,20.351636620687838
ABBV,2024-04-29,152.67704685231948,154.5521520829154,151.69166446311513,154.52345275878906,25.484891833519935,20.810876900413717,18.751599753836157,17.793497749781398,18.584694487760004
ABBV,2024-04-30,154.28427386792376,155.9871684662623,152.77271295296015,155.5949249267578,25.58000070601792,20.81798669988027,18.770944543210103,17.80214302391466,18.538788593652818
ABBV,2024-05-01,155.0687507690679,156.59944947534612,154.1599047987635,154.71478271484375,25.437634539468434,20.584609480656848,18.71905272866929,17.81725715151021,18.474158137671846
ABBV,2024-05-02,155.14528198241638,155.40359048251125,151.2707128722902,153.8441925048828,25.00470795889963,20.438878832980283,18.68597215619295,17.831219635422432,18.43018776709043
ABBV,2024-05-03,154.17903256598024,157.13517947081186,153.77722746610425,156.69509887695312,25.60089045239741,20.70557481882461,18.848098774633996,17.94910676430747,18.44587290890762
ABBV,2024-05-06,157.28826540517906,157.49873684621457,154.02597266695378,155.6810302734375,25.52087575208171,20.736675098204643,18.788428974597142,17.92351765429474,18.41127729537678
ABBV,2024-05-07,156.28374578438795,156.88646078549303,154.87742051369284,155.5088348388672,25.507844210781073,20.727049237274045,18.68846640587273,17.92465533140981,18.407663040586666
ABBV,2024-05-08,155.11656758359922,155.84364134532706,152.94489327454696,153.49977111816406,25.59655683365849,20.850514637521954,18.78937132399587,17.99673059022573,18.45204975950152
ABBV,2024-05-09,153.84419361365315,154.33211129488487,153.08842045333694,153.4519500732422,25.445572622556845,20.8453304580517,18.78297587227896,17.926325356663018,18.446182226549404
ABBV,2024-05-10,153.74852804429568,154.44690253187557,153.40412158779452,153.7867889404297,25.19820437333068,20.796511077075277,18.760189910116203,17.899006353742976,18.443942200831845
ABBV,2024-05-13,154.2938232421875,155.5279524083432,153.8346195188339,154.2938232421875,25.25785384041977,20.626076899631478,18.750033015725712,17.896218871118027,18.44590652519454
ABBV,2024-05-14,154.6477917072642,155.2218073114899,152.8014006364925,154.59039306640625,25.29132779791603,20.59405278910438,18.750900825573357,17.896779521084923,18.443502147423047
ABBV,2024-05-15,155.27921215389142,157.29781382567904,154.85826930702405,156.69509887695312,25.319296926140527,20.74138969193316,18.73957377995355,17.95384016270085,18.483952878421913
ABBV,2024-05-16,156.3698419727842,157.78572880274214,155.15485040901953,157.23086547851562,19.91064721156807,20.75458744114625,18.726920634421475,17.95657548462833,18.33648701671826
ABBV,2024-05-17,158.22581449188445,159.2781717221711,157.36480555643197,159.21119689941406,19.91550728363683,20.83553683606208,18.678026184280025,18.003753949153566,18.374478703734987
ABBV,2024-05-20,158.818950218716,159.21119377848166,157.2882660748251,157.4317626953125,20.161652706031923,20.867797678618434,18.771669817795,18.021217418845676,18.41355281271502
ABBV,2024-05-21,158.20666917569426,158.53195250265864,155.4609935304904,155.8723602294922,20.317835093836297,20.91588554532713,18.848663465945823,18.042908111261085,18.4117919273387
ABBV,2024-05-22,154.5712874527141,154.92525551004127,152.28480094845526,152.69618225097656,21.037680103636788,21.275067242393032,19.14789498661202,18.131877439707324,18.53243074016828
ABBV,2024-05-23,152.1413131648786,153.10755784662942,150.926321532983,151.4046630859375,21.023541789870816,21.306057575205838,19.200338582959926,18.158025498664827,18.475152165716135
ABBV,2024-05-24,151.50032845843535,151.9021335878993,149.5869623574689,150.2566375732422,20.16315699767415,21.254557466560374,18.610681194332372,17.99763690621605,18.464896635868406
ABBV,2024-05-28,149.57737354962876,149.57737354962876,147.28132588780016,148.61111450195312,20.35517343808446,21.00644302900051,18.68129474156814,18.04866745484574,18.406542906571527
ABBV,2024-05-29,148.18061981172337,149.6060826457989,147.02302703269487,148.08494567871094,20.26402592562757,20.938154730131135,18.66109769995525,18.05465784732058,18.392507665015824
ABBV,2024-05-30,147.9509959929803,149.65389028756098,146.92735294071565,149.53909301757812,20.229009986358424,20.883424831776065,18.71566087520221,18.088406189855732,18.39384450048204
ABBV,2024-05-31,149.86438347101216,154.63823681213748,149.4338790481603,154.2555694580078,22.322655305852724,21.816570595285096,19.34768239560896,18.39277349259426,18.614158635341084
ABBV,2024-06-03,153.06928074990293,156.121101870506,151.94996338615817,153.2510528564453,22.12172659295769,21.83761259254463,19.35814998742235,18.31554316995539,18.311971701477457
ABBV,2024-06-04,153.25104826475763,155.75755299063397,152.84924316656685,155.1165771484375,22.27027556013727,21.961224502908046,19.290948845431913,18.326138538245562,18.181296101564616
ABBV,2024-06-05,155.8436378755302,158.79022294612184,155.13570187529527,158.27362060546875,22.906588592597075,22.37509707360744,19.521816866664864,18.42406889120744,18.28337529847306
ABBV,2024-06-06,158.32148090325148,161.56463581179628,157.23086282598396,161.26806640625,23.402240036206003,22.68415302943294,19.740195971560738,18.544344293173218,18.33390984567183
ABBV,2024-06-07,161.67943267061506,162.96138443209944,160.52183977697197,162.08123779296875,23.423385695481365,22.694610644320473,19.72852159965856,18.5514811272731,18.32546353312092
ABBV,2024-06-10,161.67943868855698,163.35363405959234,160.4261862036054,163.07620239257812,18.667147507521292,22.675911153025922,19.74293662598572,18.561159767391164,18.31799090958956
ABBV,2024-06-11,162.87528994656876,163.2483957537228,160.16787515195875,160.4357452392578,19.179985119515667,22.6081711650922,19.890361420303698,18.660626500365417,18.397363401490686
ABBV,2024-06-12,160.60796347725824,161.2393632288241,157.88141080350223,158.89549255371094,19.355015207688268,22.66182654545551,19.904845068624784,18.647756154977564,18.423018687789952
ABBV,2024-06-13,158.80938312936368,159.67039201804366,157.8527000984639,159.34512329101562,19.268408589747317,22.621567729734927,19.901131567663572,18.638760977637762,18.421056525491565
ABBV,2024-06-14,159.25903741946584,161.90905370375162,158.80939519296092,161.28720092773438,19.424470951691216,22.46685928085548,19.89232018723033,18.67600269204327,18.384329585152333
ABBV,2024-06-17,161.10540304571646,163.01876894696164,160.11045920011122,162.3299560546875,18.8274407018303,22.459800233546108,19.6575830137808,18.672435729619703,18.3889756395705
ABBV,2024-06-18,163.05706341773487,165.51573129612748,162.51174706545623,163.9372100830078,18.844772881943435,22.529692590279694,19.698144375830026,18.51953215295087,18.31139919319989
ABBV,2024-06-20,163.7649828890725,165.3243807928245,162.65524174437536,164.67384338378906,18.841490563126793,22.552270278597813,19.692596537497163,18.50862137530715,18.30143792709723
ABBV,2024-06-21,165.21916717567987,165.43920019959103,162.24388217372277,163.0092315673828,18.663108039382223,22.62209410878376,19.758234010710424,18.539580783027954,18.318139603498594
ABBV,2024-06-24,163.71717077576974,165.8984069054263,163.30578948406003,165.25743103027344,18.951529565053363,22.767976077786653,19.849527735848692,18.60050246047148,18.359544047417597
ABBV,2024-06-25,164.6451503271278,165.89840272290695,163.2292489750777,163.35362243652344,19.384956770528163,22.776923200816864,19.934594072847737,18.657781079009506,18.364150135963804
ABBV,2024-06-26,162.9135344212114,164.88431357597318,162.77959939106483,163.7362823486328,19.381458435298427,22.74614535500735,19.709366778748365,18.651264657841477,18.34599433163968
ABBV,2024-06-27,163.8702199991766,164.1285284892411,160.48356869827336,161.66986083984375,19.843124193021573,22.87723403396678,19.791838949578377,18.711817840943986,18.302681236772685
ABBV,2024-06-28,162.62654718508153,164.37727881346993,161.7272628362873,164.09027099609375,19.917233788674054,22.797072464260086,19.784567866685705,18.782867788545918,18.353241030631374
ABBV,2024-07-01,163.85112060500174,166.34806411009748,162.19604831156101,162.99009704589844,20.050625044537686,19.852142521102106,19.72463533005752,18.80311531345538,18.365276502117243
ABBV,2024-07-02,161.3254600393935,161.3254600393935,158.28320048819447,158.7711181640625,21.258114940712,20.423931594555274,20.090106909093265,19.07307354833296,18.539858148906344
ABBV,2024-07-03,158.89545640690332,159.86171546056676,156.43678899042746,156.742919921875,21.33682399932927,20.58628927075446,20.18629990860665,19.137481935163457,18.591102698869697
ABBV,2024-07-05,157.58482691199868,160.0626324097193,156.54204593234667,160.00523376464844,21.945268732613375,21.028611605390356,20.455005006757915,19.270163464496466,18.605953862060968
ABBV,2024-07-08,159.3259926578742,160.45488627561664,158.4458459818815,159.30686950683594,21.052513786572085,21.005015245058186,20.446381263330316,19.223643346800028,18.610003369741644
ABBV,2024-07-09,159.78520176565783,161.2297878677287,157.71876294314598,160.7705841064453,20.951738586221925,21.006113314519304,20.49986197019753,19.24950513242102,18.576633291322135
ABBV,2024-07-10,160.19656060855337,161.1532435797574,158.91460893061762,160.85667419433594,20.75912010345535,20.466846543776786,20.471987249375513,18.994040467260128,18.557119392767593
ABBV,2024-07-11,160.26353139201004,162.9709458841504,160.1008970427353,162.5500030517578,20.496635911755213,20.54523001679953,20.444433285370543,19.022047242532732,18.56807246353796
ABBV,2024-07-12,163.23880603194127,164.1954889210032,162.54041701249392,162.90396118164062,20.404984045294487,20.525519967434715,20.430172801003128,18.97540776897893,18.560436416539506
ABBV,2024-07-15,163.07776891445616,164.48734883255617,161.6392113025485,162.2281494140625,20.413268852855502,20.449283647344966,20.382501863408013,18.948826607719788,18.567783009893958
ABBV,2024-07-16,162.77846836412854,163.98530749870267,161.48472561560357,163.3577423095703,18.622184963255663,20.487758696838114,20.40776868639396,18.93731517992474,18.499724105648525
ABBV,2024-07-17,163.65704567855195,169.67194288584474,163.65704567855195,169.21817016601562,20.78692149744999,21.594570440002165,21.118896396040416,19.364983237216205,18.787639330340564
ABBV,2024-07-18,168.42648188563516,170.5794789712174,164.82527770777412,165.23077392578125,22.03818086348665,22.12110081546533,21.422864624899663,18.837663464616668,18.916650650207544
ABBV,2024-07-19,167.6734030831038,167.8471955820362,165.30800128552121,166.37002563476562,21.420919331431044,22.076812983338872,21.441906523476533,18.702277026219154,18.912741387417366
ABBV,2024-07-22,167.33549831142832,168.69680169310647,166.06106908203367,167.615478515625,20.88195721675838,22.007908816972215,21.475468568091678,18.701821852727466,18.663149147336135
ABBV,2024-07-23,167.33549929264527,168.56163728432801,166.8044871106171,167.17135620117188,20.881014366925257,22.005199566711102,21.46176940229721,18.684568058892374,18.640061470735795
ABBV,2024-07-24,167.21963890116083,170.50225040937795,166.97827105784742,170.12571716308594,21.377834612281102,19.907293439052193,21.569812819679964,18.77694575360676,18.707733903617164
ABBV,2024-07-25,170.88842823917156,179.68387279036293,165.86798018643938,175.87991333007812,22.599237694445044,20.831623437817402,22.058279711904603,19.077049754290993,18.946174871646853
ABBV,2024-07-26,177.11571537370472,180.3983267873386,175.82198730648318,178.7666778564453,22.58137539264312,21.010662006062052,22.132679862665817,19.152588231205804,19.00636962141988
ABBV,2024-07-29,177.68534851584823,179.70319492155215,174.29654923314988,175.65786743164062,23.423734825945893,21.34161969934985,22.245070134010373,19.27690945078981,18.514583533454893
ABBV,2024-07-30,177.25087834604986,181.22863025249163,176.29507115558604,180.3307342529297,24.23330566122741,21.841611301957602,22.56596387550168,19.4952919945469,18.645901132606813
ABBV,2024-07-31,179.95420452187375,181.02587831075033,177.1157163928534,178.92115783691406,24.44675877269734,21.696187985236232,22.599251258162337,19.19620065352189,18.642909229171945
ABBV,2024-08-01,181.28654453587433,184.37604965422327,180.32107326564514,183.15956115722656,25.073163233736377,22.04658974221453,22.83253201373898,19.364358127789806,18.759668484128145
ABBV,2024-08-02,184.3857231132944,187.2145619646377,180.02180300964633,182.7540740966797,25.13000014773294,22.055963416559088,22.830139775361115,19.369640989495707,18.757121206071123
ABBV,2024-08-05,180.9775960571757,182.75405975099693,176.71986399867765,177.99429321289062,26.307713399074974,22.62605356285874,23.206942931393755,19.643822386420588,18.954641542540042
ABBV,2024-08-06,179.0273381952686,181.33482877207945,176.75848945271244,179.2976837158203,26.14498463403208,22.63985397160029,23.21086274522192,19.645254801022595,18.938973790024562
ABBV,2024-08-07,181.41207097813268,183.04372000853397,179.55836764967765,181.03553771972656,25.858120397480405,22.685673584121353,23.23040537930377,19.663678573270218,18.887195845306596
ABBV,2024-08-08,180.4659083556547,184.1250531311475,180.4659083556547,183.82574462890625,26.082469901585725,22.831524068228585,23.145311168346478,19.726819405777952,18.931999869385656
ABBV,2024-08-09,184.19262002811888,184.4146743101283,181.60516392283094,183.37196350097656,25.683608612167312,22.857454649414517,23.147639868846976,19.732490183641747,18.923910080398034
ABBV,2024-08-12,183.51677348356432,183.98985969057424,181.21894723797595,183.61331176757812,25.4943352702436,22.75055746690852,23.12958618794911,19.732170297507817,18.920908180852237
ABBV,2024-08-13,183.98021118295935,185.31256631009086,182.84096210410783,184.6270751953125,25.303412928126782,22.75762839070757,22.921982129200472,19.731573755168455,18.922293861774335
ABBV,2024-08-14,184.40501024315395,186.67387359179412,183.89331165506442,186.33595275878906,23.63564344420661,22.706641484542246,22.939723978914618,19.750180745302902,18.939799155687506
ABBV,2024-08-15,187.77451233018832,188.2572479644798,184.68499248518498,186.72213745117188,23.02528873381605,22.522694432681913,22.929936407018335,19.749801358162987,18.93890052763494
ABBV,2024-08-16,187.18558094166653,187.54280060956464,185.63117155454458,187.2048797607422,22.609661468205005,22.36440415317793,22.931157546117596,19.719053298635362,18.933183352577412
ABBV,2024-08-19,186.72215512136836,190.3716356834217,186.67389333890998,190.0723419189453,22.598672509435964,21.947409036066034,23.03795810341421,19.78013036497556,18.951299796222585
ABBV,2024-08-20,190.31369030882902,190.66126055216586,187.42694066603923,189.37718200683594,22.742599630881074,21.855394620752076,23.0343863712585,19.55572727089332,18.95757064437962
ABBV,2024-08-21,189.65719070567553,190.52610901120445,188.91377365552626,189.74407958984375,22.719869152633045,21.73102013932922,22.993303730402143,19.545925416780975,18.95739841993501
ABBV,2024-08-22,190.2075159773783,190.7192146428874,188.6048446431793,189.58961486816406,22.740948506517835,21.531945912996026,22.956317368991574,19.544737293989254,18.90571903330074
ABBV,2024-08-23,190.43922222813538,191.14401218292576,189.4544373342604,190.72886657714844,22.724762243669364,21.47670089250397,22.968742199897672,19.55043865042444,18.88934344417132
ABBV,2024-08-26,190.7385019848154,191.13434874167638,189.29995921913024,190.62265014648438,22.6188794736454,21.466927910286003,22.74906927458788,19.512127051748212,18.885162892418776
ABBV,2024-08-27,191.153668778965,191.45296252609188,188.4406820399592,189.15513610839844,22.928181658648793,20.845277047140858,20.963487599275762,19.515183034207524,18.90667079128559
ABBV,2024-08-28,188.7689580076289,189.45443440002222,187.33040042669577,188.65309143066406,21.128137997325826,20.7814347462619,20.904161651225238,19.503631529135276,18.907064412269975
ABBV,2024-08-29,189.2323673342133,189.65717704656095,187.15661001387735,188.440673828125,19.52673314989141,20.723376943741734,20.903993450263116,19.45911201109062,18.90857303195687
ABBV,2024-08-30,188.50827997822373,189.7151191586221,187.4655691585287,189.53167724609375,19.517155640445534,20.42984285828434,20.914512413371007,19.416957855995822,18.910395373975085
ABBV,2024-09-03,189.36754542790825,193.04598882549345,189.32893305688685,190.86402893066406,19.511316306000317,20.183756783292154,20.890534119663464,19.417396893714066,18.88973456678947
ABBV,2024-09-04,191.81983964991127,192.97841704882583,189.65719326670776,190.20750427246094,19.537297315806033,20.21862111835013,20.836665037419017,19.424486725737616,18.882336763680573
ABBV,2024-09-05,190.1592441027545,190.32337246487657,185.5249786635824,186.2008056640625,20.471589180006475,20.79091809849638,20.802070663524038,19.59391815545171,18.953283080051257
ABBV,2024-09-06,186.78972751129544,188.01588014733406,186.17182648867927,186.72213745117188,18.35383794162415,20.429010061600756,20.783307670962568,19.583899551604397,18.948240334128606
ABBV,2024-09-09,188.2379630705786,189.82133560282244,187.24352869110422,189.6378936767578,18.302066037840515,20.438768223195417,20.88843775252712,19.6543204359215,18.883311173115853
ABBV,2024-09-10,189.34822248474575,192.58255716150683,186.24906792966286,192.46670532226562,17.696834424331453,20.582690897332544,20.944594401923656,19.645504440038135,18.93183312101003
ABBV,2024-09-11,190.85438161808582,190.85438161808582,186.74147870720756,187.87107849121094,17.982276358542943,21.240128771049243,21.353136927026984,19.87516197674526,19.102127016893096
ABBV,2024-09-12,188.05450792563914,188.33450286634817,184.6657087987193,187.3207550048828,17.81917331012161,21.253499800854836,21.31889610779311,19.81416995049787,19.10658550514691
ABBV,2024-09-13,187.16627530388274,187.871065259939,185.18705610264948,187.5041961669922,16.567406961027682,21.198091245846847,21.287564826561926,19.80993248218014,19.07233335467148
ABBV,2024-09-16,189.05859856025052,189.38685526923322,187.74555699239664,188.97169494628906,16.663834398632357,21.223929602115856,21.270358511047714,19.824267242595205,19.023601050378762
ABBV,2024-09-17,188.0738237464375,189.3096259078429,185.1967232205335,186.7704315185547,15.020944261504047,21.2653114877144,21.291366066115117,19.883687092922788,19.03477759725262
ABBV,2024-09-18,186.46147229510166,188.82687397551348,185.15808017940407,186.2780303955078,14.969737698940278,21.153543843259207,21.289260486669463,19.889417952145546,19.00753590186894
ABBV,2024-09-19,186.7511131430658,187.45591782416795,185.33188383485674,186.93455505371094,14.776012099344499,20.964948786084364,19.822528263406575,19.580360848738945,19.004934461725835
ABBV,2024-09-20,186.335961196443,187.12765473502552,185.49600587832205,186.78973388671875,14.152445829809981,20.974078461061897,19.764650025658675,19.578978708739964,19.005810808044565
ABBV,2024-09-23,187.01178260429893,187.5910712607768,185.5635756950267,187.13729858398438,14.128184281127467,20.74339164185395,19.748292762005494,19.570044121006504,19.00464379768064
ABBV,2024-09-24,186.28769228801724,188.46966694697304,184.9746506750617,186.82835388183594,14.142715646453441,20.596549468543806,19.719622906266686,19.569534058680357,18.998363963205097
ABBV,2024-09-25,187.30144853190197,187.85177429221108,184.36642200602603,184.6560516357422,14.496228126078616,20.712977762470473,19.801679817376346,19.617622027161037,19.006973715124147
ABBV,2024-09-26,183.53611955938138,186.21046473806916,183.07268267906608,185.27395629882812,14.270238183675563,19.85576252069152,19.62516940234548,19.612662700238175,18.999503742837746
ABBV,2024-09-27,185.9497932653477,189.35790605057986,183.70024318714243,188.0641632080078,14.920747674451437,19.750271874061816,19.693043272983317,19.604226910641167,19.040395103019783
ABBV,2024-09-30,188.12209061443886,190.79643553570176,187.65865377873268,190.66127014160156,15.413445512443452,19.538042830976252,19.776023086874606,19.638628663818725,19.06945921072858
ABBV,2024-10-01,190.82540356933742,192.09983280352424,189.63787795160766,190.15924072265625,14.800935877129445,19.51355933066914,19.643344735000063,19.64385467332084,18.940920627108333
ABBV,2024-10-02,188.9041280663543,190.19785614099175,187.7359012496348,190.02407836914062,14.761840994124729,19.48442863793423,19.644716875691167,19.62823302647029,18.93000461852458
ABBV,2024-10-03,190.07233777264784,190.2461302742479,188.01589383852456,188.7013702392578,14.892009299917719,19.58224571557109,19.69801771589898,19.650209254779067,18.935754773048075
ABBV,2024-10-04,188.36346506170455,188.88481310529235,186.38424586059756,187.5814208984375,14.985091513476325,19.591715223242947,19.737761266566615,19.65226267664974,18.949449872382864
ABBV,2024-10-07,187.70695626990812,188.35382036919614,186.1815096214083,186.9249267578125,14.888081900588901,19.62889979263488,19.756780824445027,19.637121417768792,18.953234869012935
ABBV,2024-10-08,187.62970554173285,188.26692019189028,185.61187388149182,186.3456268310547,14.904669766390569,19.615300581788564,19.68395499246574,19.64033552870883,18.953659129006514
ABBV,2024-10-09,186.19115356211964,188.16070861103245,185.3222205181306,188.02554321289062,15.01152393293213,19.640241178781633,19.71581131356979,19.614108449274173,18.963927744183774
ABBV,2024-10-10,187.82278569804245,188.0931312232965,186.60629712805428,187.6393585205078,15.003974017186925,18.421101840394474,19.649579445759237,19.462098430177882,18.964840698298456
ABBV,2024-10-11,188.2669232768703,188.49864171670387,186.89595565468505,187.48489379882812,15.002568859204965,17.644119799294668,19.545047158615926,19.455986116507777,18.965050291165532
ABBV,2024-10-14,187.53315161208187,189.56063251370256,186.97317648727528,188.8944549560547,15.069778302782296,17.65171336887421,19.475253117772986,19.460243198287586,18.974686511809537
ABBV,2024-10-15,189.5075637608715,190.9868032868828,186.09170322372444,186.71453857421875,15.270082366752405,17.8367536392075,19.26207673108263,19.51220728444909,19.014768737436093
ABBV,2024-10-16,185.3423399839772,185.916513276699,183.66846728180516,185.35208129882812,15.370987355518997,17.912065773358403,19.24671947230279,19.527498005731754,19.023935857096156
ABBV,2024-10-17,185.42992475835172,186.4809621537956,183.40572108886587,183.5127716064453,14.382191086553181,17.76189743784233,19.280430740884384,19.564277433009817,19.018146517807686
ABBV,2024-10-18,183.902033425005,184.60272500409403,183.1137591109211,183.79498291015625,14.36184690258496,16.46302073315675,19.167449787294995,19.442801807808216,19.01815995160643
ABBV,2024-10-21,183.64901704130224,184.3010466145556,180.9046391349027,181.53720092773438,13.924021142461385,16.353811709230413,19.284538308217005,19.493421833095372,18.878551093724866
ABBV,2024-10-22,181.3231279625147,184.02857050533794,181.23553036901276,183.6976776123047,13.645934094123662,16.094181359045674,19.308315262053753,19.46179855905463,18.905222807660806
ABBV,2024-10-23,183.63927889243223,184.19399927227224,182.47146448961186,182.84127807617188,11.896310970071566,15.225110161971783,18.768015163738795,19.42707849335262,18.879279839536462
ABBV,2024-10-24,183.37652998063467,185.36182798328485,183.12350820952184,184.56381225585938,12.243820188340242,15.243981082881774,18.760291137578054,19.423807018179545,18.872235149196445
ABBV,2024-10-25,184.59299647924453,184.78764459213977,182.15031709789696,182.8120880126953,12.51028214958147,14.61283441301911,18.774068640737344,19.45957834798012,18.884073198719364
ABBV,2024-10-28,183.04563264911855,185.0406569079714,182.49092713445563,184.59298706054688,12.635701971667276,14.740101170365689,18.58416042738332,19.481742247963766,18.902646080450463
ABBV,2024-10-29,185.381287883128,186.03331749022925,183.46411977512255,184.36917114257812,12.205160623844302,13.666662161642762,18.382819019144147,19.46791846270951,18.348070868393908
ABBV,2024-10-30,186.4809734644946,196.92321824584684,183.4933149555823,196.09600830078125,21.716953173218524,18.495597314636434,20.72192711543564,20.763438147950524,19.214090124917416
ABBV,2024-10-31,196.5533970668422,201.75992213303377,196.01814446711577,198.40243530273438,21.904465717924055,18.53885067827634,20.769613443380397,20.791932316044626,19.229546063471677
ABBV,2024-11-01,198.88901946827104,199.23936526320904,196.89401006470527,198.0910186767578,21.914390483436264,18.324839265936962,20.570088504536656,20.75016487910242,19.217384533040928
ABBV,2024-11-04,198.32458165243114,198.76252505317825,194.85033264019066,195.0936279296875,22.474761249170275,18.620186308795265,20.6705173333186,20.832228821358175,19.286465455012717
ABBV,2024-11-05,195.11309086482254,196.99132332529794,193.03048383243672,196.2711639404297,22.494530536248515,18.64815111105827,20.679765483986685,20.802349447294596,19.23740901960576
ABBV,2024-11-06,200.27094459612627,200.62129040808247,195.46344213423583,195.80404663085938,22.174312542718706,18.638820777316777,20.628776327746746,20.799502556432838,19.238925790439513
ABBV,2024-11-07,196.53395174441016,196.8940389069554,193.8771710725287,195.132568359375,22.22439759751192,18.580330273138205,20.633472872735098,20.782666369878413,19.238164554077642
ABBV,2024-11-08,195.7651272465155,196.47554534101477,194.1301751631046,194.14964294433594,21.944751003046836,18.61629272001772,20.62179020701508,20.778918529117522,19.247832990637793
ABBV,2024-11-11,173.78095230409605,173.78095230409605,168.06836927597305,169.75196838378906,44.67858087239568,33.32887657688101,29.846985393816354,26.209773198501594,23.368931007909254
ABBV,2024-11-12,171.28960578646397,171.89298818632204,166.44316790446453,166.50155639648438,44.8999919693033,33.335400202304086,29.964147229215772,26.30918090532981,23.455929175049654
ABBV,2024-11-13,167.06600926618526,168.00999618675783,165.1001791496813,165.7814178466797,44.88620168708128,33.33693526718889,29.894218271417493,26.306042212075226,23.46186909945732
ABBV,2024-11-14,165.44080655061964,167.01735536706414,164.06861747356845,165.0807342529297,44.88031001583923,33.328084655569775,29.844224805164526,26.278644425132413,23.46196454199221
ABBV,2024-11-15,165.08071473915828,165.08071473915828,160.3023919744277,160.56515502929688,45.38453979740927,33.73032934619562,30.16702470807654,26.410534084141506,23.633054417759368
ABBV,2024-11-18,161.1782535327861,162.26822649293968,160.38025273026716,161.820556640625,45.538606569357704,33.75226934181463,30.12614253799269,26.4000459306801,23.63972130674951
ABBV,2024-11-19,160.83764480127385,162.61856799894994,159.41679385928853,162.102783203125,45.57600721234344,33.761908922978314,30.03336561798867,26.362165780104835,23.639766268373517
ABBV,2024-11-20,162.43368437213903,163.40686561237774,161.20746650571522,163.26087951660156,45.53096411071348,33.80456827940224,30.036280529351885,26.34548645420288,23.647848237219144
ABBV,2024-11-21,164.0686165041532,167.8348378816697,162.44340566664786,167.12440490722656,46.25127580805653,34.21679439209706,29.965431059981324,26.492134264350142,23.753585821045572
ABBV,2024-11-22,169.66438823214452,174.06317093148252,168.84691967771573,172.2043914794922,47.27504394122141,34.838255020455136,30.24829125012742,26.7056423795323,23.927536747629137
ABBV,2024-11-25,172.27252643247036,175.35750880830386,172.00976337156334,172.3114471435547,47.18653122377222,34.808294113883456,30.083596548738768,26.70090336731843,23.927564852718707
ABBV,2024-11-26,172.3406565939601,176.77836052736265,171.93192226846952,176.28204345703125,47.695285154519866,35.12337330835882,30.274323484064542,26.82304343513388,24.02478791184754
ABBV,2024-11-27,176.28203954976735,179.2989071681057,176.03874425311315,178.17001342773438,47.802641047874104,35.20575601380853,30.285571852626948,26.84202848010967,24.028208417756552
ABBV,2024-11-29,178.22840718180245,178.61767372810826,177.60557179797306,178.02403259277344,47.732180969983794,34.95313187157934,30.286896310421874,26.82871408246249,24.028442840607322
ABBV,2024-12-02,177.3914586416806,177.80019294228947,174.06318089423752,176.8951416015625,47.75041742428779,34.963850114572566,30.2709709273085,26.748005493743943,23.893002673761913
ABBV,2024-12-03,177.39146539099903,178.58847409186592,176.6129174723082,176.63238525390625,47.634928491803585,34.79652497405941,30.272458268639298,26.74615703749742,23.8867269514645
ABBV,2024-12-04,175.26993315576854,175.6105376526118,171.19230171245988,171.72755432128906,48.112993119213066,35.06632002961362,30.61063578962232,26.945514385452938,24.06134438327707
ABBV,2024-12-05,170.28723977149738,171.9805803810121,168.87613002168501,171.44532775878906,48.107724763375366,34.757893702999105,30.595493511108167,26.850392560636493,24.06192129555723
ABBV,2024-12-06,171.2798911697348,172.00005060345157,169.48924132594723,171.4647979736328,47.98970674404296,34.75822869889379,30.083424341232913,26.838163437861123,24.034253737373547
ABBV,2024-12-09,170.88086655259207,173.3527548734507,169.70332573205977,171.8345947265625,47.95938320901857,34.76260669309034,29.838063105891642,26.83206822775443,24.013946903537573
ABBV,2024-12-10,170.82249545986966,172.17521673873205,169.16809038385742,170.958740234375,47.83574715692773,34.716510609637545,29.832455409280918,26.839076141027874,24.00791530526184
ABBV,2024-12-11,171.24097293139448,171.279893646141,169.17781866022412,169.693603515625,47.85447450632018,34.674592877368994,29.834772703293023,26.850124450894093,23.990268238564887
ABBV,2024-12-12,170.21911504142295,171.19229617159004,167.3774279232829,168.5452423095703,43.78547953247447,34.690347734033196,29.85179602500223,26.851007480911843,23.969361259178225
ABBV,2024-12-13,168.60363622049545,170.22884697816212,167.76669982766936,168.7204132080078,43.53972092715031,34.678236890505936,29.72111977199084,26.826369809482898,23.96114590909466
ABBV,2024-12-16,167.06602032484764,168.6912312004306,165.9565943142882,167.027099609375,43.544566877337765,34.72001401333387,29.276415743565583,26.83856091629655,23.982851257625356
ABBV,2024-12-17,166.00524121390126,171.76647180056142,165.6451689427243,170.676513671875,44.14760568457755,35.04500814745509,29.36641772853917,26.9616902306198,24.06745825008394
ABBV,2024-12-18,171.3090919547604,171.76648832409873,168.18518849986447,168.37982177734375,44.10838429500606,35.13140104168364,29.31406680934532,26.91760096623856,24.10485348683593
ABBV,2024-12-19,168.2922027704048,169.21673670755595,165.7716672512245,166.92002868652344,44.11250268917781,35.10053338152397,29.028167195342792,26.14210730163097,24.122819043328604
ABBV,2024-12-20,167.1827897665732,172.05843702258002,166.0831051217472,170.87115478515625,44.8906394319896,35.46187953665861,29.257127965763623,26.24592818846126,24.19428940709783
ABBV,2024-12-23,170.58890660913332,173.8587956631552,169.94661837586642,173.60577392578125,45.27346449444974,35.480633551128165,29.124775519656374,26.309672396616335,24.23622660368965
ABBV,2024-12-24,173.62525295354428,175.33804643582553,173.0705325689167,175.172607421875,22.868670009250742,35.40810959024313,29.162577013285603,26.328547895296122,24.20650462360702
ABBV,2024-12-26,174.2189079926799,175.51324081082663,173.83936790687503,174.39407348632812,22.110362191120082,35.412753726209104,28.871861256779454,26.321876597706122,24.21045776597812
ABBV,2024-12-27,173.14837917913565,174.84171963554724,172.53527033551737,173.2359619140625,22.174360168828812,35.428507202799395,28.864591270710893,26.311623531720617,24.221536060231664
ABBV,2024-12-30,172.2725335031197,172.5839437532721,170.80302044436795,171.47451782226562,22.37499926975901,35.45592810796852,28.861854069582133,26.200690455817004,24.245653719166366
ABBV,2024-12-31,171.62049480584733,173.0705251570185,171.20201920648682,172.9342803955078,20.694742486189703,35.50347947239293,28.786818191261926,26.212326984905665,24.25814823708776
ABBV,2025-01-02,173.86855961001257,174.95851782004328,173.12893238214863,174.6276397705078,20.746094293517856,35.57297224234923,28.83199953410686,26.228598754852783,24.086282533886553
ABBV,2025-01-03,174.84173354109276,176.70051315005406,174.00479713624298,176.35989379882812,20.852463049223758,35.641599921782635,28.87757711665132,26.22555758443182,24.101752799618453
ABBV,2025-01-06,175.93168402110896,177.0994984106985,174.4524445411939,175.26992797851562,20.97024930339971,35.59734893532136,28.8763924119632,26.23708230071844,24.104824119939575
ABBV,2025-01-07,174.81253401536802,177.2844075925055,173.60578404843235,174.7152099609375,20.049073314920562,35.599264011565865,28.837028539253563,26.21387337360193,24.1049623078792
ABBV,2025-01-08,174.39406872126312,174.43300428516582,171.4550573284104,173.7128448486328,18.23248355140789,35.61143590618711,28.845028945248718,26.205443360581132,24.108154682502036
ABBV,2025-01-10,172.1168159434692,172.77857198676017,168.6814877286091,170.47213745117188,19.05500391388262,35.743151546258886,28.982564662848027,26.280374848163078,24.18071982150608
ABBV,2025-01-13,170.46241774184355,173.20678092656496,169.66440205258843,172.0000457763672,17.985942224019464,35.74798122821802,28.910629655765867,26.269792636895417,24.146818406607416
ABBV,2025-01-14,171.8735190794555,172.03895808875689,169.42109848658822,170.84194946289062,17.726839580027516,35.744129553463786,28.922048257434362,26.28027974896088,24.146822007917986
ABBV,2025-01-15,170.45883385023475,171.38225314503197,165.74351052995945,168.32711791992188,18.147047768042462,35.8079235298899,29.000633972587885,25.735787283803198,24.19481598520754
ABBV,2025-01-16,168.42534424055987,170.8910734114398,167.51175812596261,170.63565063476562,18.634616214651732,35.93624238808806,29.095874349115324,25.747700452676213,24.22344993036523
ABBV,2025-01-17,169.83013712371053,170.92055562520923,168.2485393871151,168.53341674804688,18.91530859775888,35.936721944644866,29.128953129950318,25.781886925002695,24.255420937766658
ABBV,2025-01-21,169.12283731754493,172.561091952885,168.19941796000322,169.5648956298828,17.26341295592673,35.866841250424905,29.15208056896896,25.78020249062778,24.25095682397854
ABBV,2025-01-22,167.29564237501148,167.85557888132934,165.0951541120222,166.2150421142578,18.167878792944585,36.06376179478718,29.286366417229598,25.883676936622052,24.320294038631527
ABBV,2025-01-23,167.45281652734252,167.67875475829848,165.50773613688895,167.6591033935547,18.38189907399799,36.05463350399326,29.327937760177246,25.81437390985315,24.332305903454934
ABBV,2025-01-24,166.33293200018053,168.09134694622406,166.2641597169589,167.29563903808594,18.36528479061807,36.01697082283857,29.328357527403682,25.80324710916686,24.30155600242919
ABBV,2025-01-27,169.6140001582813,174.31949016615968,169.5452278772129,173.77919006347656,21.492901144981712,36.850567883889155,29.963216284082417,26.18365198309635,24.51081055340369
ABBV,2025-01-28,173.6809728846588,174.0346225179488,170.66512531887992,171.72607421875,21.674631569219375,36.917966593695766,29.986920579561215,26.175793253959323,24.536342885648864
ABBV,2025-01-29,171.42154957073663,173.79885522161885,171.22508087860427,172.1681365966797,21.5744734683295,34.53034728698679,29.989929321583404,26.17656579082583,24.532584282685633
ABBV,2025-01-30,172.90490391102352,173.01296393918432,170.91071747372897,172.55125427246094,21.578775209425988,34.4223407358953,29.81670862928059,26.176602004046316,24.530906558307127
ABBV,2025-01-31,183.99574372129794,188.38688726447825,180.42977769223992,180.6557159423828,24.97010935434974,35.8134608285954,30.719046730097826,26.717245707711683,24.942774004251604
ABBV,2025-02-03,179.94840807774472,188.27881826709552,178.936580104891,186.78562927246094,25.960077105145924,36.39954735609038,31.082313490515677,26.992248719435008,25.154451449177213
ABBV,2025-02-04,184.31991996519395,187.7778109015801,183.75015026793025,186.59898376464844,25.515701785763213,36.37242416166105,30.989828285442822,26.952446533280185,25.086332587550498
ABBV,2025-02-05,187.15893657681943,189.968482350695,186.56951550944956,188.3672332763672,25.306983238439784,36.43159102242152,30.78975762800715,26.969527564462158,25.095097953124306
ABBV,2025-02-06,188.5145736477321,191.0588933320471,187.19821697049719,189.56570434570312,24.647052889237468,36.4547089689429,30.80226702813939,26.942303592850674,25.05892008689297
ABBV,2025-02-07,189.75235343333185,190.44000132009342,187.08033736797287,187.23751831054688,24.76924261929479,36.52451356384538,30.865484419346213,26.94976130652017,25.067185527323932
ABBV,2025-02-10,188.08235308361782,188.08235308361782,185.75415339326455,186.9821014404297,24.716077361664688,23.62487917171067,30.840727722661455,26.919919261853654,25.05025830956266
ABBV,2025-02-11,186.45164475945086,188.54405815425696,184.93880428775714,188.44583129882812,24.685595798895825,23.24883395264773,30.80928151251144,26.80858478793111,25.060334059759416
ABBV,2025-02-12,187.13927309500738,190.94099526357272,187.0312130726389,189.5951690673828,24.546740427798078,23.224382766176266,30.820716307055918,26.790087653297267,25.062260971284534
ABBV,2025-02-13,190.852606048745,190.852606048745,188.05287835918136,190.03724670410156,24.226465720608438,23.185173880110984,30.818012149944167,26.769611092862437,25.054712181236464
ABBV,2025-02-14,190.5284171797898,191.73671386859286,189.37905959927957,189.46746826171875,24.246952082526377,22.353741930036975,30.8217699156826,26.73448360560175,25.057180271825636
ABBV,2025-02-18,188.6128184713376,193.54426198470745,187.30627996129977,192.787841796875,24.529312897575732,22.53145076156984,30.941922239993758,26.795065986346057,25.106571368912974
ABBV,2025-02-19,193.31830541838826,194.61502571801648,192.55206705573514,193.86843872070312,24.460910179355285,22.536668436755097,30.951660602658986,26.781379986884033,25.083856250876273
ABBV,2025-02-20,194.50696930437303,197.8076942315464,193.35761173905374,197.33616638183594,24.64812204435766,22.723963876746506,31.012091763180404,26.619901050735624,25.13844932549854
ABBV,2025-02-21,196.7860387704618,200.38145906549767,196.4913282572033,198.51498413085938,24.560718780323473,22.338682017167365,31.020614696944882,26.608724713983804,25.121950616007904
ABBV,2025-02-24,198.26939939136548,201.87465295190052,197.72909926875676,200.47970581054688,24.424017269092367,21.66795254922557,30.971481211693302,26.597357180077115,25.13506542812829
ABBV,2025-02-25,201.56029669064623,202.37565599122635,198.78023550779128,200.5386505126953,23.42617643800072,21.66929106123993,30.90044715501712,26.504176620946286,25.12094165369263
ABBV,2025-02-26,199.9983585821644,200.23413001272058,197.87646067596094,199.4285888671875,23.61265736103697,21.31324688807324,30.911450032695758,26.43506934145099,25.119301381994568
ABBV,2025-02-27,199.47770801527741,203.15173408004006,198.68200005492628,201.40313720703125,23.387850925847353,21.300080662308613,30.946588765877365,26.45111064450379,25.133876849183956
ABBV,2025-02-28,201.5013517383719,205.9023281962357,200.80388566326207,205.34237670898438,22.901798309909687,21.58418218943861,31.065139575237005,26.532098103876717,25.203226753828943
ABBV,2025-03-03,206.2756079413412,208.55468657249114,205.22449227184995,207.7491455078125,22.856603288962997,21.588321833302654,31.092778212492362,26.4772081192376,25.218715069710097
ABBV,2025-03-04,210.6864194385038,211.85542840048424,204.0063789340444,204.09478759765625,23.290670795376915,21.976056322024,31.22744913996674,26.542205024505105,25.25939837263824
ABBV,2025-03-05,203.4169768703822,208.43681429396068,202.36584610579519,207.80810546875,23.533548148922794,21.258799869014055,31.33886460433335,26.614649877011754,25.271783589755863
ABBV,2025-03-06,207.71969137450822,208.24034015414077,204.82173694325513,207.03204345703125,22.37377282789219,21.283446340804073,31.322437513578954,26.591532076272657,25.25067483139008
ABBV,2025-03-07,207.38568989006987,211.1972454159688,205.31291299185992,210.50958251953125,22.534932277925286,21.452241105065184,31.417255745594385,26.646279434586965,25.276309835659745
ABBV,2025-03-10,206.2854547987857,214.80250069906666,205.50938323480148,212.83778381347656,22.362033522244396,21.50647888569857,31.454386099495846,26.65171840405308,25.278082497022318
ABBV,2025-03-11,212.8377774559452,212.8377774559452,208.66275419877556,209.82192993164062,21.38098025180478,21.744965387134787,31.534410967069036,26.7139785590468,25.32085049011556
ABBV,2025-03-12,208.25998484338695,210.0969902903807,205.6174382977457,208.3189239501953,21.07539293989297,21.739935785878718,31.497042841337052,26.698271960838277,25.312165956452475
ABBV,2025-03-13,208.25999043143025,210.0282386311266,206.96327008845284,207.81793212890625,21.20380385494313,21.67048376290854,31.473255318835047,26.661498996811307,25.31171679663742
ABBV,2025-03-14,206.07914374808485,209.06552167529355,204.61542433728326,208.03404235839844,21.22620911070177,21.670480910293968,31.422752474080067,26.61757869385246,25.303664708385977
ABBV,2025-03-17,208.47609502887423,211.69822929178073,205.82373042081818,210.6864013671875,17.726691685422995,21.563040341559944,31.47495044964584,26.651060671899103,25.322736812944047
ABBV,2025-03-18,210.68640420428952,211.38387026404044,208.52521875342276,210.0773468017578,15.706833154123165,21.28484390182746,31.405670848588617,26.603230221274494,25.316829459907776
ABBV,2025-03-19,210.25416620293998,210.71587584802202,207.06150141736387,208.5055694580078,15.994624517050726,21.114041055467464,31.393176042348315,26.57619938639735,25.256559309361855
ABBV,2025-03-20,209.25216750318222,209.65493806415643,207.385692448795,208.220703125,15.96455473143043,20.98504401292713,31.38163934795639,26.560882245873398,25.256188703559484
ABBV,2025-03-21,207.9947418923977,209.1244630573327,205.05749984068623,206.30508422851562,16.344361438577202,20.740257026161466,31.3988449655965,26.388009041837485,25.269650578891582
ABBV,2025-03-24,205.69603949622748,207.29728859948634,203.83938258694727,205.47991943359375,15.841981772420658,20.618699398633815,31.363356731158653,26.341174609248995,25.195918710030913
ABBV,2025-03-25,205.5290292868902,205.5683170281621,195.86262605721137,197.7880401611328,19.828932063117797,22.216769429961438,31.946580865783496,26.65696941484747,25.487751635485978
ABBV,2025-03-26,199.53663327145176,199.53663327145176,193.02360727694517,197.74874877929688,19.756611800895016,22.180859228397637,31.94544795363101,26.64930361834095,25.483523541615945
ABBV,2025-03-27,198.45604414843913,200.0867476673388,197.74874491558654,199.14369201660156,19.777187790442525,22.127388983696537,30.433003933090163,26.64159504897902,25.491574508313814
ABBV,2025-03-28,199.15351510309935,202.38548264736454,198.03362712180132,201.66835021972656,20.030686997139437,22.068995064785774,30.442073889692757,26.675636728378755,25.517803703432108
ABBV,2025-03-31,200.82352984713623,207.09098152699028,200.82352984713623,205.82374572753906,20.662875235011366,22.335743329924078,30.609480895010314,26.749642476458913,25.58746032324011
ABBV,2025-04-01,206.80609623169246,208.40733024366872,201.9728946634947,202.63107299804688,20.848062576060716,22.607538870756564,30.61456184758776,26.824432293554935,25.623901531977083
ABBV,2025-04-02,203.56431581562873,203.56431581562873,196.80568499559385,201.57012939453125,20.90713080013166,22.60874525373192,30.613987870245325,26.827822077106212,25.618076308649
ABBV,2025-04-03,206.58997580770216,206.97309498651006,197.6898110464726,198.08274841308594,20.990898018534153,22.903576347956772,30.74038858204778,26.909555932306272,25.68174020029931
ABBV,2025-04-04,196.47169080941197,196.47169080941197,182.88567159118907,183.6617431640625,30.27475637006574,27.87598533281092,33.00319759075928,28.097235237741618,26.719082218189637
ABBV,2025-04-07,177.83634931733644,184.87985761748146,173.1701466716236,183.25897216796875,30.045053825405166,27.8496043838011,32.99652350716188,27.950014560752923,26.14381482155168
ABBV,2025-04-08,184.29045172846486,185.0665083106994,169.28001576987967,172.57090759277344,34.27106086900286,30.275718294528502,26.877863838569898,28.846315267576667,26.81059912553973
ABBV,2025-04-09,165.33091874418616,177.41392984477434,161.48989387176906,176.66732788085938,35.24854301536996,30.599390422065696,26.946050649919385,28.964868427072197,26.91024414372939
ABBV,2025-04-10,174.6142063883523,174.8597959894611,162.05966717883877,171.1268310546875,35.8876297788929,31.276926029677544,27.424306579993342,29.21183722260986,27.102032992775793
ABBV,2025-04-11,170.74370797860806,173.8479640632596,166.34274662429658,171.9618377685547,35.25736043928436,31.137470401889356,27.423910980852284,29.144095099995194,27.097393828294447
ABBV,2025-04-14,174.3096805938083,177.01116625114346,173.0915507556994,175.94039916992188,35.88746162337328,31.362718483415357,27.278260148900706,29.003020795320417,27.175223991215226
ABBV,2025-04-15,176.17832838957136,178.954354645149,174.80023174839857,175.28604125976562,35.70262150262228,31.260486016614546,27.265641313745498,28.941478371766472,27.081163515246963
ABBV,2025-04-16,175.01835979860044,175.335626877259,168.29641863282382,170.2098846435547,35.68134399019006,31.83711105212794,27.682850410455913,29.075534893048903,27.242227442101697
ABBV,2025-04-17,171.09226532846355,173.69973396998208,170.43791337341483,171.5086669921875,35.912465125456436,31.59707435839104,27.685899339546765,28.92018401294717,27.247250496210988
ABBV,2025-04-21,171.9845651896447,172.67856801393904,167.09677326572685,168.70291137695312,35.35392195158382,31.740698212864178,27.570008417823693,28.97009955391894,27.280507699253796
ABBV,2025-04-22,169.6150240713614,173.1643699344127,169.4464816163162,172.29190063476562,35.92343960768574,32.02513143813574,27.36027512869304,28.944192171146767,27.358618345666187
ABBV,2025-04-23,173.50145637188663,176.62447653533002,172.90658818450387,175.53390502929688,36.60810122287182,31.29291930294625,27.51969561655492,29.030246585197567,27.400744722058608
ABBV,2025-04-24,176.08910955509836,179.93588959302414,174.6019541954623,178.82546997070312,37.2875977219774,31.414315461497505,27.43981255630296,28.94711010325295,27.448122960130238
ABBV,2025-04-25,185.5176718143804,187.08414396491756,178.44873685485817,184.4667510986328,38.73034332969688,32.02434161257979,27.82722907523223,29.166846803554584,27.602971986216783
ABBV,2025-04-28,186.3901302907357,191.4662821895682,186.03321241484116,190.69296264648438,40.18592274143238,32.69078732003984,28.31061339574549,29.406806036682138,27.77404011709897
ABBV,2025-04-29,190.94083090778102,193.8655667672934,188.94804816437212,191.8529510498047,40.00875723618668,31.381802875405914,28.30057871354982,29.36073949237976,27.77670365869086
ABBV,2025-04-30,192.8245746719882,194.10352166002258,189.3743632506298,193.42935180664062,40.14281297575234,30.689162129278134,28.322211344836788,29.373961936106685,27.371257839869156
ABBV,2025-05-01,191.22834997344341,194.14317681684585,188.1747225721707,191.6844024658203,40.16131388210539,30.751332146723108,27.983472731720415,29.39455140601135,27.367510487532353
ABBV,2025-05-02,193.49873259005335,197.27610465377043,192.96336333527995,196.77047729492188,41.0315708705068,31.14956246326363,28.26141363264483,29.548180872780943,27.478003285584883
ABBV,2025-05-05,196.7704794561844,196.80022135243593,193.3599341568309,194.3910369873047,41.08583782732202,31.237884640280306,28.34250792158822,29.5662147369424,27.50133528830657
ABBV,2025-05-06,193.82591319147022,194.14318025972935,184.14949453146403,185.5474090576172,43.071215355667604,32.59250885411443,29.340625481665384,30.079206763357803,27.900669054248144
ABBV,2025-05-07,186.55868688763658,188.55146968774056,185.1508482504515,186.4793701171875,41.84425659617791,32.608550544931234,29.33300053088222,30.083552826540856,27.84792093266397
ABBV,2025-05-08,182.55327951950974,185.06161364264707,180.0845962156235,183.99085998535156,41.97142177068513,32.680684452051764,29.391687736108597,30.070358260402223,27.874538063770434
ABBV,2025-05-09,184.1594029680741,188.1449835158292,182.65241465407502,183.01925659179688,41.88262522342745,32.6675033190171,29.382802631105687,30.073636417007776,27.880353080290615
ABBV,2025-05-12,178.45863677773434,191.0399730910648,178.45863677773434,188.44241333007812,42.682350771950375,33.22937141776094,29.726145368837848,30.273138427059816,27.992118702047886
ABBV,2025-05-13,187.41131551286324,188.13506021211916,183.82231878513036,186.39013671875,42.20061253562202,33.29845924655424,29.734736662422467,30.3005409531793,28.01661994938621
ABBV,2025-05-14,184.92281144713218,186.04312483654888,175.0877593940982,175.92056274414062,44.95188366258802,35.11210120224771,30.986445449971118,31.051210540817493,28.62205223465486
ABBV,2025-05-15,176.4956046904141,180.55057806145595,175.05802418239674,180.12425231933594,45.694166773442305,35.460701130547854,31.124880423128232,31.18146465881307,28.71371611458909
ABBV,2025-05-16,179.74751945087976,182.49380399838225,178.97419985135775,182.44422912597656,45.746950402251976,35.36238258322287,31.147090871965393,31.20733158905886,28.739274834131955
ABBV,2025-05-19,182.64250456852287,184.20897666565935,180.94714083505116,184.1197509765625,40.28791281908758,35.39634516545881,30.966599236484914,31.225477605499393,28.72291903686865
ABBV,2025-05-20,183.27702928438345,184.407266765888,182.06747503405597,183.26712036132812,40.3061682167383,35.326708191375864,30.882596962907055,31.229818295978696,28.72640493409516
ABBV,2025-05-21,182.3549753331567,183.22744461542976,179.98544183073412,180.24322509765625,36.46054840364565,35.46022587692996,30.97200877980261,31.282462687079054,28.752994751437882
ABBV,2025-05-22,179.85656953791312,181.9881527965154,178.70649911673058,180.9768829345703,35.87167846066556,35.471269017295874,30.96834079739212,31.274752168224175,28.731019302367976
ABBV,2025-05-23,180.80834137465573,182.5433559377823,180.1639134453164,181.6907196044922,34.513602965661796,35.410227706951495,30.952770776844584,31.276481668325534,28.713589075096777
ABBV,2025-05-27,182.69208865611967,184.39736139837623,182.3252467022244,184.12966918945312,34.66171952797236,35.278065278030354,30.971417080449427,31.21689805823117,28.662518608509746
ABBV,2025-05-28,183.76282800553884,184.50640565034982,180.8083352712392,181.5221710205078,34.41458279438631,35.25520518585052,31.036593078046394,31.26013138662599,28.68697601626887
ABBV,2025-05-29,181.88902531283952,185.15084614681453,181.12561464305207,184.030517578125,34.575773118933554,35.254270130246766,31.07322200268105,31.248347871262666,28.704099496977037
ABBV,2025-05-30,183.41583131130398,185.09136213675617,181.44286638242426,184.51632690429688,33.30230587659398,35.026247450855344,31.039036099563578,31.19938883051298,28.68012821137091
ABBV,2025-06-02,184.1395737520061,185.3887939453125,181.59158875033472,185.3887939453125,33.27582455494304,35.05098059000737,31.027862686934803,31.074395495697292,28.679289392277006
ABBV,2025-06-03,185.29955170055644,187.11388305411145,183.23737624860075,185.6465606689453,32.78440575715994,34.84588950885399,31.02234756852193,31.073004569491452,28.66547751688075
ABBV,2025-06-04,186.79662351650236,188.55145587672115,185.66638609461313,185.73577880859375,32.34979483732132,34.74359734878199,31.005592469886473,31.07282825428952,28.50474191600388
ABBV,2025-06-05,185.89441169542587,186.98499829528942,183.46539440823085,185.8646697998047,31.98798709923862,34.658069716511704,30.847523152342692,31.058932913253447,28.49539564958461
ABBV,2025-06-06,186.87594596361575,188.85881975551442,186.68757053288513,188.2044677734375,31.760708274418075,34.76755692978896,30.8766194802241,31.063559810362506,28.497064987202453
ABBV,2025-06-09,188.87863764212554,190.14767565896568,187.39148229787918,187.5402069091797,30.54147423780166,34.76931661757836,30.860521850658586,31.064829655378357,28.43369523025569
ABBV,2025-06-10,187.42122119704217,190.23691343449272,187.18328602776904,187.87728881835938,28.938860392128664,34.772217847213916,30.757053298840447,31.062781076586525,28.376014426797003
ABBV,2025-06-11,187.71866109851487,191.06972269870477,187.44105997368422,189.86016845703125,29.054517782691963,34.73674354674027,30.728673396853168,31.087310478678614,28.38984160424623
ABBV,2025-06-12,190.5541757550148,191.93227248862587,185.8051994958898,190.7722930908203,28.984542535639857,34.761495999543136,30.658031922387053,31.091597573496838,28.38757393129511
ABBV,2025-06-13,189.91965685524704,191.8133050319188,188.66052771187407,189.4437713623047,28.937261061224216,34.757875662081425,30.67560426878646,31.102256518414674,28.34694215018957
ABBV,2025-06-16,189.2652977922038,190.01879951674547,187.31216589273626,189.22564697265625,27.81833784591452,34.75796460629185,30.491655799446548,31.071076205755887,28.328656271898062
ABBV,2025-06-17,187.54020396118187,188.97778441239703,183.44556480338787,183.89170837402344,28.76698580954683,35.163694491466494,30.834274011398215,31.25391050179521,28.478744297242653
ABBV,2025-06-18,183.66369153604893,185.51767375670772,182.12696126680206,183.90164184570312,25.45292888652456,35.163231226307296,30.83061361143703,31.20299107530441,28.45518247687521
ABBV,2025-06-20,184.4964853145331,185.49784624504122,182.58301939819285,183.7132568359375,25.40363358183163,34.33962048808708,30.253031808376623,31.15966356840425,28.449373808551464
ABBV,2025-06-23,182.91019168456717,184.20897155021999,180.73894254141436,182.18643188476562,25.220602799712637,34.36974293535548,30.221185220885737,31.173251546172665,28.4474569627206
ABBV,2025-06-24,182.93994180436215,184.54606474821395,181.6213289063613,183.96112060546875,25.33798795964047,34.40186590258641,30.254197605664267,31.195331346441506,28.45970074493692
ABBV,2025-06-25,183.71326454220858,185.4879299749568,183.05891254340122,183.802490234375,23.79616171492792,34.27962608707957,30.2541120662018,31.184938723659215,28.44011566673566
ABBV,2025-06-26,184.93272257641308,187.37166399135404,184.19905382893052,185.19049072265625,23.71571402460325,34.02829336343429,29.3936416506187,31.190376689709364,28.417991615117355
ABBV,2025-06-27,186.29098413210272,186.39013387158278,180.1738203837137,180.7488555908203,17.923229761257918,34.22433363147195,29.16379415053955,31.319132663357585,28.50017455161849
ABBV,2025-06-30,180.86783135998968,184.65512768323535,180.19366151102295,184.030517578125,17.369754072989245,34.45798879653743,29.308159423572917,31.390863859127254,28.553798602855153
ABBV,2025-07-01,183.42573159336115,190.11793052864323,182.8110455691949,188.36309814453125,18.245838018784458,34.663653408049925,29.50484893004619,31.49424631417299,28.613806042473517
ABBV,2025-07-02,188.07558061605684,190.9408327084777,187.90703815510582,189.11659240722656,18.1082572962799,30.974154228294488,29.494346604184724,31.49679127262754,28.580070732870855
ABBV,2025-07-03,189.51316189361896,189.83042897066974,187.25268691807628,187.6591796875,18.212355931355535,31.015442897285396,29.454249733959387,31.510087818001203,28.58283286447373
ABBV,2025-07-07,187.81781384682256,189.7511128285944,185.2301628625658,186.0233154296875,17.692825856186243,28.41454760770756,29.486458545088812,31.51438932755329,28.471640060568877
ABBV,2025-07-08,185.1904960924495,191.34732603738576,185.07152850275327,188.14498901367188,17.92467592658727,28.116946148809514,29.515816371794806,31.513241420776833,28.459397262667117
ABBV,2025-07-09,186.88585998031454,189.45367798006285,186.7074085956804,188.98770141601562,17.932158019830897,27.27371451505765,29.508451558526836,31.505324729976454,28.391932710864953
ABBV,2025-07-10,188.86873403695915,195.80879250550882,187.93678090782504,193.3302001953125,18.669838989955164,27.606828349969962,29.726672174391318,31.595379911191056,28.472839986947363
ABBV,2025-07-11,192.22970405781663,192.33876272428023,189.5230854986546,190.80203247070312,18.59110540125256,27.427673671040466,29.797963276353222,31.635060486855128,28.494326489725086
ABBV,2025-07-14,190.07828924299216,191.02015129994086,188.41266733560354,189.8800048828125,18.321199772497426,27.43746875504396,29.678055119378833,31.605508359697225,28.499677314728437
ABBV,2025-07-15,190.2100067138672,190.6699981689453,185.00999450683594,186.38999938964844,19.170486158466645,27.005755667397608,29.80631757070688,31.653181932076656,28.547080581415635
ABBV,2025-07-16,186.9199981689453,191.38999938964844,186.5,190.5800018310547,20.164459739762357,27.311310450341136,29.88445574723024,31.756200208397473,28.628925230236778
ABBV,2025-07-17,189.0,192.1199951171875,188.25999450683594,191.39999389648438,20.187878412624137,27.0489583127963,29.87669288407837,31.7412802865585,28.627232074944896
ABBV,2025-07-18,191.50999450683594,192.33999633789062,188.57000732421875,189.25999450683594,20.498556072409098,26.892002919197566,29.880775456125825,31.74929629677163,28.644906733140385
ABBV,2025-07-21,189.6199951171875,189.89999389648438,184.6300048828125,184.85000610351562,21.665389882006213,27.13772159008175,30.10254378702588,31.8530096149132,28.53403321578728
ABBV,2025-07-22,184.94000244140625,188.1999969482422,184.89999389648438,187.11000061035156,21.647397091655307,26.990093153630095,30.162760640702945,31.885036503848845,28.454520656433846
ABBV,2025-07-23,187.0500030517578,190.8000030517578,186.77000427246094,190.5500030517578,22.26495496725939,26.498097608193593,30.26587578686643,31.108656993796124,28.50263720616676
ABBV,2025-07-24,190.75999450683594,192.24000549316406,189.99000549316406,190.8300018310547,22.263540549729683,25.611026482516667,30.098855101841288,31.077321933557805,28.494330198873207
ABBV,2025-07-25,191.39999389648438,191.39999389648438,188.52999877929688,190.27999877929688,22.079429467649415,25.586357989546375,30.034988318054168,31.078518952015123,28.49459998505341
ABBV,2025-07-28,191.2100067138672,191.2100067138672,187.63999938964844,188.52000427246094,22.194918577391487,25.59428762176146,29.943973180362537,31.045964664348315,28.46007750772013
ABBV,2025-07-29,189.14999389648438,192.49000549316406,187.86000061035156,191.22000122070312,22.496653464960517,25.703377111761032,29.88906218577199,31.084204502032183,28.302628075099108
ABBV,2025-07-30,191.77000427246094,192.6999969482422,188.00999450683594,189.30999755859375,22.693454571699643,25.19160671713009,29.921365686799206,31.10515676975355,28.27609150169727
ABBV,2025-07-31,197.05999755859375,198.8300018310547,187.6199951171875,189.02000427246094,21.022900040871193,25.077879781221778,29.7887896672113,31.103174791488815,28.220341766179484
ABBV,2025-08-01,189.9199981689453,197.05999755859375,189.7899932861328,195.22000122070312,22.89836055491794,24.07307492018092,30.19698210264175,31.333521921933183,28.282299562231767
ABBV,2025-08-04,194.80999755859375,197.3699951171875,193.72000122070312,197.19000244140625,22.996101450724872,24.13223503553338,30.168836244618834,26.97347786357579,28.287038340974668
ABBV,2025-08-05,197.5500030517578,199.88999938964844,196.47999572753906,198.5500030517578,22.802659462508565,23.97426404080314,30.173495276638423,26.875701428987796,28.200085075418198
ABBV,2025-08-06,197.22999572753906,198.0500030517578,194.6699981689453,196.3000030517578,23.071685618180556,24.078015682813287,30.22181544855257,26.90832574372465,28.223309590822176
ABBV,2025-08-07,197.0500030517578,199.8300018310547,196.5,198.86000061035156,23.261037212781492,23.493257425113615,30.297092056226756,26.93865956341806,28.124061682415046
ABBV,2025-08-08,199.0800018310547,200.3300018310547,197.13999938964844,198.0500030517578,23.2918134220845,23.387243554419992,30.229062754066057,26.72759016285176,28.119228306724697
ABBV,2025-08-11,198.17999267578125,199.42999267578125,196.88999938964844,198.63999938964844,21.893284207304355,19.91782622321812,30.232171269554414,26.716865132407086,28.10510274590177
ABBV,2025-08-12,198.08999633789062,200.02000427246094,197.0500030517578,198.63999938964844,21.449561178807723,19.405892821625688,30.211723012975593,26.71710644588502,28.065136979565075
ABBV,2025-08-13,199.75999450683594,201.72000122070312,199.2100067138672,201.47000122070312,20.837862451849592,19.440978478355063,30.30043125262351,26.752202622436933,28.097795612998688
ABBV,2025-08-14,201.8000030517578,205.05999755859375,200.86000061035156,204.67999267578125,21.20225756025244,19.597997161385187,30.37371535935182,26.67848385060082,28.14001318080478
ABBV,2025-08-15,205.91000366210938,206.83999633789062,204.32000732421875,206.69000244140625,21.06476002971158,19.619375145456726,30.407100398538734,26.47774393428633,28.150970100263166
ABBV,2025-08-18,206.60000610351562,208.33999633789062,205.9600067138672,206.57000732421875,20.79240864342151,19.24001462202786,29.78383791463229,26.4783769922737,28.137387068711146
ABBV,2025-08-19,206.52999877929688,207.8000030517578,205.10000610351562,206.19000244140625,20.710865107718075,19.25458993698376,29.785868093779,26.353302507933307,28.13778733001118
ABBV,2025-08-20,206.64999389648438,211.69000244140625,206.64999389648438,209.14999389648438,20.961633770122067,19.41039131973652,29.848695557461564,26.37555280977391,28.17108838419887
ABBV,2025-08-21,209.13999938964844,212.4499969482422,208.8699951171875,209.5,20.146026429183998,19.275073396819195,29.786209723927527,26.37492590879048,28.13237544565577
ABBV,2025-08-22,210.83999633789062,211.47000122070312,207.1199951171875,210.60000610351562,19.586890248597463,18.977809617818707,29.6236937121641,26.365644452734426,28.133590684415076
ABBV,2025-08-25,210.3000030517578,211.3000030517578,207.0500030517578,207.5500030517578,20.13450802796129,19.147357453334134,29.60991259833399,26.428322416573042,28.173160353065203
ABBV,2025-08-26,207.52000427246094,208.5800018310547,206.57000732421875,208.36000061035156,19.073078345596134,19.15086887710171,29.602342429906166,26.203352122310907,28.17513234417992
ABBV,2025-08-27,208.82000732421875,210.4199981689453,207.80999755859375,208.05999755859375,18.294117080635594,19.155482765980132,29.466303174051404,26.20306530851812,28.170059878710074
ABBV,2025-08-28,207.64999389648438,208.00999450683594,205.49000549316406,207.9199981689453,18.31845200906942,19.162598333409413,26.824085907893124,26.203637125407752,28.17009958518122
ABBV,2025-08-29,208.0,211.0,207.89999389648438,210.39999389648438,18.004776976252618,19.268439538337372,26.870984024360734,26.23441572799368,28.181829846765517
