Ticker,Date,Open,High,Low,Close,Volume,Realised_Vol_Close_30,Realised_Vol_Close_60,Realised_Vol_Close_100,Realised_Vol_Close_180,Realised_Vol_Close_252,Vol_of_Vol_100d,Vol_of_Vol_100d_Percentile,Kurtosis_Close_100d,Kurtosis_Returns_100d,Normalized_Close
QTWO,2014-03-20,16.25,17.3799991607666,15.149999618530272,15.170000076293944,12593200.0,,,,,,,,,,18.279311322788484
QTWO,2014-03-21,15.4399995803833,16.3700008392334,15.220000267028809,16.1299991607666,1224300.0,,,,,,,,,,19.436076124793328
QTWO,2014-03-24,16.219999313354492,16.219999313354492,15.25,15.5,442400.0,,,,,,,,,,18.676949510763567
QTWO,2014-03-25,15.5,15.68000030517578,14.40999984741211,15.529999732971191,1005900.0,,,,,,,,,,18.713098123540302
QTWO,2014-03-26,15.550000190734863,15.550000190734863,14.75,15.0,316700.0,,,,,,,,,,18.074467268480873
QTWO,2014-03-27,14.880000114440918,15.300000190734863,14.75,15.020000457763672,138900.0,,,,,,,,,,18.09856710976115
QTWO,2014-03-28,15.0,15.149999618530272,14.800000190734863,15.100000381469728,218200.0,,,,,,,,,,18.194964176594887
QTWO,2014-03-31,15.170000076293944,15.550000190734863,15.0,15.529999732971191,89200.0,,,,,,,,,,18.713098123540302
QTWO,2014-04-01,15.600000381469728,16.690000534057617,15.5,16.610000610351562,280000.0,,,,,,,,,,20.01446082408311
QTWO,2014-04-02,16.739999771118164,16.940000534057617,16.59000015258789,16.920000076293945,258800.0,,,,,,,,,,20.38799917077792
QTWO,2014-04-03,16.920000076293945,16.959999084472656,16.489999771118164,16.559999465942383,138800.0,,,,,,,,,,19.954211220882424
QTWO,2014-04-04,16.399999618530273,16.610000610351562,15.260000228881836,16.190000534057617,278100.0,,,,,,,,,,19.508375648634154
QTWO,2014-04-07,16.09000015258789,16.18000030517578,14.649999618530272,14.859999656677246,537800.0,,,,,,,,,,17.905771826949994
QTWO,2014-04-08,15.399999618530272,15.609999656677246,13.3100004196167,13.720000267028809,408200.0,,,,,,,,,,16.532113049997402
QTWO,2014-04-09,14.0,14.0,13.199999809265137,13.920000076293944,267700.0,,,,,,,,,,16.773105717081744
QTWO,2014-04-10,14.039999961853027,14.4399995803833,13.229999542236328,14.119999885559082,275300.0,,,,,,,,,,17.014098384166086
QTWO,2014-04-11,13.84000015258789,13.9399995803833,13.520000457763672,13.68000030517578,206200.0,,,,,,,,,,16.483914516580533
QTWO,2014-04-14,13.75,14.489999771118164,13.6899995803833,13.84000015258789,308100.0,,,,,,,,,,16.67670865024801
QTWO,2014-04-15,13.970000267028809,13.970000267028809,12.75,13.359999656677246,281400.0,,,,,,,,,,16.098325100101906
QTWO,2014-04-16,13.59000015258789,13.850000381469728,12.859999656677246,13.010000228881836,212500.0,,,,,,,,,,15.67658821999023
QTWO,2014-04-17,13.029999732971191,13.140000343322754,12.90999984741211,13.0600004196167,191100.0,,,,,,,,,,15.736836674047233
QTWO,2014-04-21,13.170000076293944,13.68000030517578,13.140000343322754,13.579999923706056,61100.0,,,,,,,,,,16.363417608466523
QTWO,2014-04-22,13.65999984741211,13.65999984741211,12.920000076293944,13.479999542236328,129400.0,,,,,,,,,,16.24292070035251
QTWO,2014-04-23,13.529999732971191,13.609999656677246,13.050000190734863,13.100000381469728,72600.0,,,,,,,,,,15.785035207464105
QTWO,2014-04-24,13.039999961853027,13.390000343322754,12.949999809265137,13.199999809265137,161200.0,,,,,,,,,,15.905530966434434
QTWO,2014-04-25,13.199999809265137,13.279999732971191,13.100000381469728,13.25,57000.0,,,,,,,,,,15.965779420491439
QTWO,2014-04-28,13.210000038146973,13.600000381469728,12.90999984741211,12.989999771118164,161500.0,,,,,,,,,,15.652488378709952
QTWO,2014-04-29,13.1899995803833,13.1899995803833,12.399999618530272,12.4399995803833,293200.0,,,,,,,,,,14.98975768237025
QTWO,2014-04-30,12.34000015258789,12.59000015258789,11.539999961853027,12.279999732971191,249400.0,,,,,,,,,,14.796963548702777
QTWO,2014-05-01,12.199999809265137,12.859999656677246,12.149999618530272,12.739999771118164,95300.0,,,,,,,,,,15.351247257568604
QTWO,2014-05-02,12.720000267028809,12.720000267028809,12.260000228881836,12.350000381469728,82800.0,56.13267943156589,,,,,,,,,14.88131184404006
QTWO,2014-05-05,12.399999618530272,12.399999618530272,11.800000190734863,12.029999732971191,202700.0,52.506816285829295,,,,,,,,,14.49572242756143
QTWO,2014-05-06,12.029999732971191,12.100000381469728,11.789999961853027,12.0,98200.0,51.7589105820211,,,,,,,,,14.459573814784699
QTWO,2014-05-07,11.949999809265137,12.119999885559082,11.470000267028809,11.59000015258789,274200.0,52.20504735403756,,,,,,,,,13.965538559975876
QTWO,2014-05-08,11.510000228881836,11.890000343322754,10.399999618530272,10.649999618530272,345200.0,56.1297592357474,,,,,,,,,12.832871300963946
QTWO,2014-05-09,11.100000381469728,11.510000228881836,9.619999885559082,10.029999732971191,930100.0,57.71023384495383,,,,,,,,,12.085793458430647
QTWO,2014-05-12,10.029999732971191,10.59000015258789,10.029999732971191,10.390000343322754,253200.0,59.19070920221577,,,,,,,,,12.519581408326145
QTWO,2014-05-13,10.43000030517578,11.18000030517578,10.40999984741211,11.050000190734863,171900.0,61.91879545011716,,,,,,,,,13.314857784276313
QTWO,2014-05-14,11.039999961853027,11.779999732971191,10.869999885559082,11.270000457763672,162600.0,58.09220289744314,,,,,,,,,13.57995029264093
QTWO,2014-05-15,11.229999542236328,11.489999771118164,10.869999885559082,11.3100004196167,113600.0,57.54864870749581,,,,,,,,,13.628148826057798
QTWO,2014-05-16,11.270000457763672,11.850000381469728,11.0,11.739999771118164,113000.0,59.32861941041772,,,,,,,,,14.146282773003213
QTWO,2014-05-19,11.789999961853027,12.25,11.65999984741211,12.029999732971191,60400.0,60.12084584040143,,,,,,,,,14.49572242756143
QTWO,2014-05-20,11.989999771118164,12.149999618530272,11.649999618530272,11.81999969482422,122000.0,55.73769988560316,,,,,,,,,14.242679839836953
QTWO,2014-05-21,11.850000381469728,12.199999809265137,11.699999809265137,11.720000267028809,70700.0,51.37296795492574,,,,,,,,,14.12218408086662
QTWO,2014-05-22,11.779999732971191,12.300000190734863,11.539999961853027,12.010000228881836,89300.0,51.78524662019575,,,,,,,,,14.471623735424835
QTWO,2014-05-23,12.079999923706056,12.739999771118164,12.039999961853027,12.6899995803833,65500.0,54.384470817008015,,,,,,,,,15.290998803511599
QTWO,2014-05-27,12.649999618530272,12.84000015258789,12.460000038146973,12.729999542236328,64800.0,53.75374810675556,,,,,,,,,15.339197336928468
QTWO,2014-05-28,12.649999618530272,13.100000381469728,12.649999618530272,12.90999984741211,79000.0,53.81297609126779,,,,,,,,,15.556091311876216
QTWO,2014-05-29,13.010000228881836,13.199999809265137,12.619999885559082,13.130000114440918,57900.0,53.15564045459155,,,,,,,,,15.821183820240833
QTWO,2014-05-30,13.029999732971191,13.199999809265137,12.890000343322754,13.149999618530272,68000.0,52.58351525343626,,,,,,,,,15.845282512377423
QTWO,2014-06-02,13.039999961853027,13.65999984741211,12.539999961853027,13.460000038146973,143100.0,52.996422770274165,,,,,,,,,16.21882200821592
QTWO,2014-06-03,13.3100004196167,13.869999885559082,13.239999771118164,13.369999885559082,95400.0,51.78799986191143,,,,,,,,,16.110375020742044
QTWO,2014-06-04,13.40999984741211,13.850000381469728,13.050000190734863,13.75,140500.0,52.39336845144222,,,,,,,,,16.568261662774134
QTWO,2014-06-05,13.699999809265137,14.489999771118164,13.279999732971191,14.220000267028809,213600.0,52.476878868171376,,,,,,,,,17.1345952922801
QTWO,2014-06-06,14.15999984741211,15.0600004196167,14.010000228881836,14.850000381469728,231200.0,53.771829294818254,,,,,,,,,17.89372305545354
QTWO,2014-06-09,14.770000457763672,15.350000381469728,14.59000015258789,14.979999542236328,89800.0,53.7896919681581,,,,,,,,,18.050367427200598
QTWO,2014-06-10,14.970000267028809,15.050000190734863,14.630000114440918,14.779999732971191,59800.0,53.57472126899315,,,,,,,,,17.809374760116256
QTWO,2014-06-11,14.739999771118164,15.0,14.289999961853027,14.56999969482422,125500.0,51.97426327769584,,,,,,,,,17.556332172391777
QTWO,2014-06-12,14.59000015258789,15.15999984741211,14.59000015258789,15.06999969482422,109000.0,52.31284115028485,,,,,,,,,18.158814414674477
QTWO,2014-06-13,15.0,15.720000267028809,14.960000038146973,15.5,119900.0,51.94159030030989,,,,,,,,,18.676949510763567
QTWO,2014-06-16,15.579999923706056,16.110000610351562,15.0,15.109999656677246,140100.0,51.61300436717965,54.55495412147824,,,,,,,,18.207012948091343
QTWO,2014-06-17,15.119999885559082,15.489999771118164,14.949999809265137,15.489999771118164,110200.0,50.8956091053185,53.29746184939109,,,,,,,,18.664899590123433
QTWO,2014-06-18,15.420000076293944,15.460000038146973,14.5600004196167,14.869999885559082,147000.0,52.78942682782001,53.329493079985255,,,,,,,,17.917821747590132
QTWO,2014-06-19,15.109999656677246,15.470000267028809,14.989999771118164,15.40999984741211,80500.0,51.869117822997865,53.84612403264296,,,,,,,,18.568502523289695
QTWO,2014-06-20,15.40999984741211,15.920000076293944,15.3100004196167,15.880000114440918,299600.0,43.8170476023768,53.7046452661784,,,,,,,,19.13483615279566
QTWO,2014-06-23,15.949999809265137,16.059999465942383,15.720000267028809,15.9399995803833,87500.0,38.06895312876296,53.70771222794593,,,,,,,,19.207133378349123
QTWO,2014-06-24,15.90999984741211,15.9399995803833,15.050000190734863,15.279999732971191,87400.0,41.07644850848259,54.42522856795963,,,,,,,,18.41185700239895
QTWO,2014-06-25,15.100000381469728,15.399999618530272,14.899999618530272,14.920000076293944,50000.0,39.70923462232513,54.32924607967495,,,,,,,,17.978070201647135
QTWO,2014-06-26,14.880000114440918,14.9399995803833,14.020000457763672,14.829999923706056,92000.0,39.86386372623102,52.461100461137534,,,,,,,,17.869623214173263
QTWO,2014-06-27,14.8100004196167,14.970000267028809,14.010000228881836,14.119999885559082,934000.0,43.2761252985753,53.16215430102643,,,,,,,,17.014098384166086
QTWO,2014-06-30,14.149999618530272,14.40999984741211,13.5600004196167,14.260000228881836,192600.0,42.34846575584646,53.08480841965012,,,,,,,,17.18279382569697
QTWO,2014-07-01,14.18000030517578,14.630000114440918,14.09000015258789,14.539999961853027,175500.0,42.19027775065859,53.10395782174013,,,,,,,,17.520183559615045
QTWO,2014-07-02,14.489999771118164,14.770000457763672,14.359999656677246,14.65999984741211,82700.0,41.57706578370801,50.17131667179631,,,,,,,,17.664779159865653
QTWO,2014-07-03,14.68000030517578,15.050000190734863,14.510000228881836,15.039999961853027,33500.0,41.6341237661628,47.614493902549896,,,,,,,,18.122665801897742
QTWO,2014-07-07,14.979999542236328,15.109999656677246,14.5,14.56999969482422,84400.0,42.90826090287292,48.01844719284404,,,,,,,,17.556332172391777
QTWO,2014-07-08,14.510000228881836,14.510000228881836,13.630000114440918,13.859999656677246,261900.0,43.35934386350524,49.03992971035404,,,,,,,,16.700807342384604
QTWO,2014-07-09,13.90999984741211,14.010000228881836,13.640000343322754,13.829999923706056,194500.0,43.38448099237133,48.60526028408232,,,,,,,,16.664658729607872
QTWO,2014-07-10,13.520000457763672,13.789999961853027,13.020000457763672,13.649999618530272,91000.0,43.48440331135427,48.62072961358466,,,,,,,,16.44776475466012
QTWO,2014-07-11,13.56999969482422,13.81999969482422,13.510000228881836,13.699999809265137,39600.0,43.25518990703306,48.07303351324625,,,,,,,,16.508013208717127
QTWO,2014-07-14,13.800000190734863,13.800000190734863,13.5,13.579999923706056,57000.0,43.35629124515141,47.78454357066619,,,,,,,,16.363417608466523
QTWO,2014-07-15,13.640000343322754,13.800000190734863,13.279999732971191,13.630000114440918,141200.0,42.85214765259306,47.78410656766335,,,,,,,,16.42366606252353
QTWO,2014-07-16,13.720000267028809,13.800000190734863,13.420000076293944,13.699999809265137,62300.0,42.81833539740781,47.12297043935887,,,,,,,,16.508013208717127
QTWO,2014-07-17,13.59000015258789,13.710000038146973,13.020000457763672,13.130000114440918,64600.0,43.7909022239188,47.905508631165446,,,,,,,,15.821183820240833
QTWO,2014-07-18,13.06999969482422,13.84000015258789,13.06999969482422,13.75,129200.0,44.803565461479664,48.47435315628745,,,,,,,,16.568261662774134
QTWO,2014-07-21,13.6899995803833,13.6899995803833,13.4399995803833,13.550000190734863,61600.0,42.91474407976232,48.555582262269375,,,,,,,,16.327268995689792
QTWO,2014-07-22,13.579999923706056,14.260000228881836,13.579999923706056,13.960000038146973,302500.0,43.84286548287374,48.92377839080172,,,,,,,,16.821304250498613
QTWO,2014-07-23,14.050000190734863,14.199999809265137,13.869999885559082,14.050000190734863,242000.0,43.784239793726414,48.74509761701226,,,,,,,,16.929751237972486
QTWO,2014-07-24,14.0,14.18000030517578,13.720000267028809,13.9399995803833,182000.0,43.662401180079065,47.895040434419215,,,,,,,,16.797204409218338
QTWO,2014-07-25,13.779999732971191,14.0600004196167,13.710000038146973,13.789999961853027,120700.0,42.43211119207754,47.86886934514111,,,,,,,,16.616460196191003
QTWO,2014-07-28,13.75,13.800000190734863,13.199999809265137,13.380000114440918,51500.0,42.08357988442492,47.75395334262406,,,,,,,,16.122424941382178
QTWO,2014-07-29,13.380000114440918,13.529999732971191,13.140000343322754,13.170000076293944,49500.0,41.7649050615736,47.41952301538674,,,,,,,,15.869382353657699
QTWO,2014-07-30,13.229999542236328,13.369999885559082,13.050000190734863,13.239999771118164,386100.0,40.94487463680857,47.08266939196203,,,,,,,,15.953729499851303
QTWO,2014-07-31,13.0600004196167,13.59000015258789,13.0600004196167,13.170000076293944,75800.0,39.52957876504396,47.09658945839721,,,,,,,,15.869382353657699
QTWO,2014-08-01,13.149999618530272,13.229999542236328,12.8100004196167,13.140000343322754,189800.0,37.70421577414472,46.49342236698996,,,,,,,,15.83323374088097
QTWO,2014-08-04,13.220000267028809,13.449999809265137,13.130000114440918,13.270000457763672,111500.0,36.493364909762285,42.86005748797649,,,,,,,,15.989879261771714
QTWO,2014-08-05,13.25,13.300000190734863,12.4399995803833,12.68000030517578,120800.0,38.105283286380455,42.03551021825385,,,,,,,,15.27895003201514
QTWO,2014-08-06,12.630000114440918,12.899999618530272,12.510000228881836,12.84000015258789,71200.0,37.07093442480136,41.56687582784535,,,,,,,,15.471744165682615
QTWO,2014-08-07,12.949999809265137,13.100000381469728,12.460000038146973,12.989999771118164,103200.0,36.99560265158407,39.81017713208066,,,,,,,,15.652488378709952
QTWO,2014-08-08,13.619999885559082,15.760000228881836,13.390000343322754,15.34000015258789,467200.0,61.81006584605239,51.96348107225368,,,,,,,,18.484155377096094
QTWO,2014-08-11,15.470000267028809,15.529999732971191,14.529999732971191,15.229999542236328,238700.0,60.021323585954725,52.024143940778224,,,,,,-0.16,,18.351608548341947
QTWO,2014-08-12,15.130000114440918,16.049999237060547,14.75,16.020000457763672,232900.0,61.592912175148015,52.44550609587437,55.98492368344928,,,,,-0.19,3.93,19.30353159432654
QTWO,2014-08-13,16.030000686645508,16.889999389648438,15.770000457763672,16.6200008392334,190800.0,62.17524577364221,52.69972467847324,55.438368233895616,,,,,-0.17,4.14,20.026510744723247
QTWO,2014-08-14,16.690000534057617,16.860000610351562,15.960000038146973,16.110000610351562,88700.0,63.01040999428461,53.02461953701793,55.29541629949477,,,,,-0.19,4.2,19.411978581800412
QTWO,2014-08-15,16.290000915527344,16.290000915527344,15.859999656677246,16.18000030517578,53200.0,62.65256066446878,52.94861503370283,55.29844232009323,,,,,-0.21,4.19,19.496325727994012
QTWO,2014-08-18,16.43000030517578,16.520000457763672,16.110000610351562,16.200000762939453,78300.0,61.81240797684302,52.8050601693116,55.0107797209898,,,,,-0.25,4.3,19.520425569274288
QTWO,2014-08-19,16.219999313354492,16.43000030517578,15.84000015258789,16.25,82900.0,59.69918804230795,51.763450308412615,55.01193603764381,,,,,-0.29,4.3,19.580672874187613
QTWO,2014-08-20,16.15999984741211,16.15999984741211,15.640000343322754,15.65999984741211,43800.0,60.91809506721659,52.44457149531825,55.33217830638867,,,,,-0.31,4.18,18.869743644431043
QTWO,2014-08-21,15.56999969482422,16.209999084472656,15.31999969482422,16.079999923706055,98700.0,61.02417847077864,52.61327694635879,55.312210742692045,,,,,-0.33,4.19,19.37582881988
QTWO,2014-08-22,16.06999969482422,16.299999237060547,15.850000381469728,16.219999313354492,77600.0,61.02858766928182,52.55183609149289,54.2813246725348,,,,,-0.33,4.66,19.5445231122672
QTWO,2014-08-25,16.309999465942383,16.690000534057617,15.869999885559082,15.960000038146973,82000.0,61.21680909536158,52.705289113379614,54.25569634097408,,,,,-0.37,4.7,19.231233219629395
QTWO,2014-08-26,15.93000030517578,16.06999969482422,15.43000030517578,15.489999771118164,125300.0,62.06530004742373,52.96670959871875,54.35423639380599,,,,,-0.36,4.66,18.664899590123433
QTWO,2014-08-27,15.539999961853027,15.539999961853027,14.760000228881836,15.420000076293944,187900.0,62.11671781006387,52.95268419929995,54.244258228755925,,,,,-0.35,4.7,18.58055244392983
QTWO,2014-08-28,15.289999961853027,15.649999618530272,14.789999961853027,15.15999984741211,125000.0,60.88792089395552,52.82511601785727,52.56673488945211,,,,,-0.36,5.2,18.267261402148346
QTWO,2014-08-29,15.149999618530272,15.489999771118164,14.720000267028809,14.760000228881836,70500.0,60.24776790375187,52.71220603715329,51.16672965513971,,,,,-0.37,5.68,17.785276067979662
QTWO,2014-09-02,14.84000015258789,15.220000267028809,14.260000228881836,14.59000015258789,122600.0,60.17900243851756,52.00777462728215,51.15579581060066,,,,,-0.38,5.72,17.580432013672052
QTWO,2014-09-03,14.619999885559082,14.850000381469728,14.579999923706056,14.670000076293944,73400.0,59.62889596342764,51.98799648719107,51.11445248483161,,,,,-0.4,5.76,17.676829080505787
QTWO,2014-09-04,14.59000015258789,15.15999984741211,14.56999969482422,15.0600004196167,83700.0,60.0417111378644,52.196737427339166,51.01686913704599,,,,,-0.42,5.74,18.146765643178018
QTWO,2014-09-05,15.0600004196167,15.199999809265137,14.5,14.960000038146973,168000.0,60.02507589542546,52.12871069442069,51.00214472773949,,,,,-0.44,5.78,18.026268735064004
QTWO,2014-09-08,14.989999771118164,15.119999885559082,14.56999969482422,15.06999969482422,133100.0,59.90931698521689,51.68718307262567,50.68253300510614,,,,,-0.45,5.92,18.158814414674477
QTWO,2014-09-09,14.9399995803833,14.979999542236328,14.5600004196167,14.899999618530272,93100.0,59.24891407092867,51.401801102930754,50.5278698757068,,,,,-0.44,6.0,17.95397036036686
QTWO,2014-09-10,14.869999885559082,15.149999618530272,14.869999885559082,15.020000457763672,95500.0,58.97263048425525,51.168745853869005,50.53746591121752,,,,,-0.43,5.99,18.09856710976115
QTWO,2014-09-11,14.970000267028809,15.470000267028809,14.899999618530272,15.31999969482422,134300.0,59.14123753343833,51.073813428325806,50.26394660103716,,,,,-0.45,6.2,18.460055535815822
QTWO,2014-09-12,15.34000015258789,15.65999984741211,15.31999969482422,15.579999923706056,67900.0,59.15850797571953,50.47671321773773,50.30553624942069,,,,,-0.47,6.13,18.77334657759731
QTWO,2014-09-15,15.609999656677246,15.75,15.289999961853027,15.31999969482422,119900.0,59.47635851111542,50.071670782204,50.16114319564312,,,,,-0.47,6.21,18.460055535815822
QTWO,2014-09-16,15.329999923706056,15.699999809265137,15.25,15.609999656677246,157800.0,59.5938101659941,49.83426763366054,50.2264819698222,,,,,-0.48,6.15,18.809495190374037
QTWO,2014-09-17,15.649999618530272,16.3799991607666,15.649999618530272,16.09000015258789,106300.0,57.99550759517711,50.22122518142561,50.430569679488514,,,,,-0.49,5.97,19.38787874052014
QTWO,2014-09-18,16.110000610351562,16.209999084472656,15.399999618530272,15.899999618530272,266100.0,58.25840379246122,49.50513317264596,50.35907250729718,,,,,-0.48,6.01,19.15893484493225
QTWO,2014-09-19,15.93000030517578,16.06999969482422,14.93000030517578,15.4399995803833,103100.0,59.1868731935592,49.63447699154722,50.08844210006372,,,,,-0.43,6.15,18.604651136066426
QTWO,2014-09-22,15.329999923706056,15.329999923706056,14.09000015258789,14.65999984741211,87100.0,37.60845603589693,50.76944609435496,50.76300076073952,,,,,-0.35,5.81,17.664779159865653
QTWO,2014-09-23,14.5600004196167,15.130000114440918,14.210000038146973,14.260000228881836,95400.0,38.33808469889614,50.07442130646807,50.66254202932604,,,,,-0.29,5.96,17.18279382569697
QTWO,2014-09-24,14.210000038146973,14.369999885559082,13.789999961853027,14.1899995803833,161800.0,34.922886532841005,50.04374459309015,50.40861741005669,,,,,-0.2,6.09,17.098445530359687
QTWO,2014-09-25,14.239999771118164,14.300000190734863,13.81999969482422,14.079999923706056,87500.0,32.71598218378236,49.90084992347445,50.2357868364399,,,,,-0.09,6.19,16.96589985074922
QTWO,2014-09-26,14.079999923706056,14.199999809265137,13.979999542236328,14.0600004196167,40500.0,31.81382842918185,49.86770780730176,50.233858846315904,,,,,0.03,6.19,16.941801158612623
QTWO,2014-09-29,13.880000114440918,14.260000228881836,13.789999961853027,13.90999984741211,55100.0,31.748234291664456,49.60475145998288,49.93516262393225,,,,,0.17,6.35,16.761055796441607
QTWO,2014-09-30,13.770000457763672,14.260000228881836,13.770000457763672,14.0,61000.0,31.873491074449,49.21955050047514,47.97817721109542,,,,,0.24,7.12,16.869502783915483
QTWO,2014-10-01,13.970000267028809,14.460000038146973,13.75,14.380000114440918,115600.0,33.103324346510696,48.44344504302189,47.05946100449797,,,,,-0.02,7.54,17.327389425947572
QTWO,2014-10-02,14.34000015258789,15.029999732971191,14.289999961853027,14.949999809265137,72500.0,33.84291556383705,49.06890983215444,47.124721055312,,,,,-0.27,7.49,18.01421881442387
QTWO,2014-10-03,15.130000114440918,15.239999771118164,14.8100004196167,14.850000381469728,93300.0,32.80672696674601,49.00626337073013,46.22557030646478,,,,,-0.34,8.31,17.89372305545354
QTWO,2014-10-06,14.93000030517578,14.93000030517578,14.4399995803833,14.649999618530272,91300.0,32.77270186687839,49.099391513297824,46.2202960210451,,,,,-0.39,8.39,17.65272923922551
QTWO,2014-10-07,14.5600004196167,14.5600004196167,14.229999542236328,14.359999656677246,80100.0,32.92099632402668,49.249344532217634,46.35918059547837,,,,,-0.49,8.31,17.303289584667297
QTWO,2014-10-08,14.289999961853027,14.699999809265137,13.93000030517578,14.489999771118164,97000.0,32.13462926414202,49.27418642545713,46.03297898285268,,,,,-0.51,8.68,17.459935105558042
QTWO,2014-10-09,14.489999771118164,14.489999771118164,13.710000038146973,13.890000343322754,124200.0,34.16913396566804,50.05737493385302,46.42644461331963,,,,,-0.5,8.49,16.736957104305013
QTWO,2014-10-10,13.770000457763672,14.0,13.25,13.359999656677246,118200.0,35.486279530715784,49.93167709576416,46.77060674180935,,,,,-0.61,8.24,16.098325100101906
QTWO,2014-10-13,13.31999969482422,14.010000228881836,13.109999656677246,13.479999542236328,71400.0,35.02187536892016,49.04687961739936,46.76027003003061,,,,,-0.82,8.21,16.24292070035251
QTWO,2014-10-14,13.609999656677246,14.350000381469728,13.609999656677246,14.010000228881836,61400.0,36.921168116457714,49.592686316541126,46.99057901867393,,,,,-0.95,7.98,16.88155270455562
QTWO,2014-10-15,13.760000228881836,14.449999809265137,13.56999969482422,14.239999771118164,110000.0,37.22657566615125,49.32867566954574,46.26352426609336,,,,,-0.94,8.66,17.158693984416693
QTWO,2014-10-16,13.989999771118164,14.880000114440918,13.989999771118164,14.31999969482422,80100.0,36.38591187682195,49.32461544301935,46.267860227590695,,,,,-0.92,8.65,17.25509105125043
QTWO,2014-10-17,14.539999961853027,14.720000267028809,13.890000343322754,14.0,94400.0,36.865599883747294,49.521095322347655,46.37403694417569,,,,,-0.9,8.63,16.869502783915483
QTWO,2014-10-20,13.869999885559082,14.079999923706056,13.350000381469728,13.989999771118164,65300.0,36.758352440764135,49.46945585048896,46.30274473073203,,,,,-0.88,8.74,16.857452863275345
QTWO,2014-10-21,13.989999771118164,14.020000457763672,13.029999732971191,13.989999771118164,89300.0,36.66751914910479,49.06169264087222,46.3026324457449,,,,,-0.85,8.75,16.857452863275345
QTWO,2014-10-22,13.989999771118164,14.130000114440918,13.720000267028809,13.93000030517578,42500.0,36.54563944551508,48.9522614295107,46.16557562115954,,,,,-0.83,8.95,16.78515563772188
QTWO,2014-10-23,13.899999618530272,14.300000190734863,13.84000015258789,14.06999969482422,104000.0,36.13507740447966,48.979626658198114,46.17680275489317,,,,,-0.8,8.9,16.953849930109083
QTWO,2014-10-24,14.109999656677246,14.489999771118164,14.020000457763672,14.43000030517578,47500.0,36.61356079526924,49.211334641682775,46.1369897040173,,,,,-0.78,8.94,17.387637880004576
QTWO,2014-10-27,14.40999984741211,14.40999984741211,14.029999732971191,14.359999656677246,36500.0,36.37166827517703,49.22270338019496,45.83707115106744,,,,,-0.77,9.34,17.303289584667297
QTWO,2014-10-28,14.489999771118164,14.729999542236328,14.380000114440918,14.5600004196167,64400.0,36.15314134030314,49.258409003625445,45.36514650068598,,,,,-0.77,9.88,17.54428340089532
QTWO,2014-10-29,14.619999885559082,14.850000381469728,14.350000381469728,14.510000228881836,50800.0,34.80620214607807,48.288086200409005,45.345388940029,,,,,-0.76,9.93,17.484034946838314
QTWO,2014-10-30,14.43000030517578,14.829999923706056,14.270000457763672,14.5600004196167,49800.0,34.76680935692566,48.24123186919624,45.30020166133778,,,,,-0.75,9.94,17.54428340089532
QTWO,2014-10-31,14.93000030517578,15.300000190734863,14.789999961853027,15.09000015258789,161200.0,35.57881561123924,48.69620816517573,45.598025822858894,,,,,-0.77,9.51,18.182914255954746
QTWO,2014-11-03,15.039999961853027,15.229999542236328,14.5,14.720000267028809,81300.0,32.97523253759125,35.09157441390994,45.45393522989541,,,,,-0.76,9.8,17.737077534562793
QTWO,2014-11-04,14.670000076293944,15.079999923706056,14.5,14.920000076293944,95000.0,32.10620376157201,35.183747647589485,45.280444567738485,,,,,-0.72,10.03,17.978070201647135
QTWO,2014-11-05,15.119999885559082,15.199999809265137,14.609999656677246,15.06999969482422,223600.0,32.13786995354599,33.624086527604966,45.12985900031007,,,,,-0.72,10.1,18.158814414674477
QTWO,2014-11-06,14.949999809265137,15.34000015258789,14.949999809265137,15.100000381469728,144500.0,32.00377334365203,32.697333628408096,44.95484057393182,,,,,-0.7,10.36,18.194964176594887
QTWO,2014-11-07,15.5,19.43000030517578,15.460000038146973,18.8700008392334,1006900.0,71.44253896264189,56.01858364200275,56.82107461329225,,,,,1.83,16.65,22.737680834995377
QTWO,2014-11-10,18.64999961853028,18.850000381469727,17.700000762939453,17.90999984741211,360700.0,73.46210458476416,57.13300465210944,57.221811825383085,,,,,1.86,16.46,21.580913734703174
QTWO,2014-11-11,17.15999984741211,17.68000030517578,16.600000381469727,17.459999084472656,449800.0,74.1153884566208,57.40317599901646,57.195329601185165,,,,,1.74,16.69,21.038678797333805
QTWO,2014-11-12,17.43000030517578,17.940000534057617,16.889999389648438,17.90999984741211,169500.0,74.086011714707,57.616276965853096,57.32591177343009,,,,,1.71,16.43,21.580913734703174
QTWO,2014-11-13,17.90999984741211,18.39999961853028,17.670000076293945,18.049999237060547,435000.0,73.48081074849591,57.0629375435621,56.90937866767084,,,,,1.58,16.81,21.74960802709037
QTWO,2014-11-14,18.010000228881836,18.89999961853028,17.90999984741211,18.89999961853028,380100.0,74.25568688588446,57.55412091627177,57.19213581445693,,,,,1.75,16.19,22.773828298628437
QTWO,2014-11-17,18.82999992370605,19.0,18.559999465942383,19.0,171600.0,73.9797667497166,57.543276389640006,57.17797781000223,,,,,1.76,16.17,22.894325206742437
QTWO,2014-11-18,18.8700008392334,19.270000457763672,18.75,19.030000686645508,239900.0,73.51630015010466,57.41047780999208,56.57807106066778,,,,,1.65,16.77,22.93047496866285
QTWO,2014-11-19,19.0,19.14999961853028,18.90999984741211,19.0,114900.0,73.58501259738124,57.01092042241693,56.57180373488727,,,,,1.46,16.82,22.894325206742437
QTWO,2014-11-20,19.0,19.38999938964844,18.8700008392334,19.34000015258789,122400.0,71.98623052152753,57.06117564126766,56.5597103720344,,,,,1.33,16.84,23.30401331535766
QTWO,2014-11-21,19.5,19.5,18.940000534057617,18.989999771118164,125300.0,70.98356226370122,57.08132181754016,56.65190857474105,,,,,1.09,16.81,22.882275286102303
QTWO,2014-11-24,19.0,19.18000030517578,18.25,18.65999984741211,395800.0,71.48650205580466,56.902111856082726,56.619778638500165,,,,,0.84,17.01,22.484637098127216
QTWO,2014-11-25,18.71999931335449,18.96999931335449,18.420000076293945,18.950000762939453,258100.0,71.019698675808,56.85721157878785,56.395479071210616,,,,,0.63,17.15,22.834077901829115
QTWO,2014-11-26,19.06999969482422,19.309999465942383,18.86000061035156,19.190000534057617,68100.0,70.9996581826557,56.88185190392037,55.78161678973152,,,,,0.45,17.76,23.123269102330326
QTWO,2014-11-28,19.14999961853028,19.350000381469727,18.56999969482422,18.59000015258789,90000.0,72.01697384400237,57.17538748790398,56.05206628223062,,,,,0.26,17.48,22.40028995193362
QTWO,2014-12-01,18.63999938964844,19.040000915527344,18.39999961853028,18.93000030517578,219100.0,71.44393385781437,57.2126801026125,56.04352651052833,,,,,0.1,17.38,22.80997806054884
QTWO,2014-12-02,18.38999938964844,19.100000381469727,18.209999084472656,18.920000076293945,222200.0,71.44151560186387,57.21536880323092,56.04672944971942,,,,,-0.06,17.39,22.797928139908702
QTWO,2014-12-03,18.950000762939453,20.21999931335449,18.940000534057617,19.6200008392334,216500.0,71.77203354875273,57.51012420523773,56.25768646334571,,,,,-0.14,16.93,23.641404198419423
QTWO,2014-12-04,19.63999938964844,19.93000030517578,19.07999992370605,19.38999938964844,137400.0,71.94597319624476,57.60285304000132,56.31127270208397,54.29793918394823,,,,-0.26,16.91,23.36426062027099
QTWO,2014-12-05,19.350000381469727,19.76000022888184,19.100000381469727,19.71999931335449,83200.0,71.96506810262233,57.57253210263984,56.35065721037973,53.85927737074062,,,,-0.34,16.81,23.76189880824607
QTWO,2014-12-08,19.61000061035156,19.770000457763672,19.100000381469727,19.40999984741211,108700.0,72.25526708805316,57.65594554612019,55.95261937049638,53.67691053075505,,,,-0.45,17.25,23.38836046155126
QTWO,2014-12-09,19.200000762939453,19.6299991607666,18.780000686645508,19.440000534057617,92800.0,72.1654513670747,57.49976916539909,55.542202398158565,53.67686047847957,,,,-0.55,18.01,23.42451022347167
QTWO,2014-12-10,19.32999992370605,19.32999992370605,18.59000015258789,19.020000457763672,109400.0,72.74332395990889,57.65563189256736,55.613569812210365,53.57687689607253,,,,-0.65,17.93,22.918425048022716
QTWO,2014-12-11,19.059999465942383,19.450000762939453,18.799999237060547,19.1200008392334,85600.0,72.65873249529238,57.382633235887056,55.45301846359334,53.57888945623986,,,,-0.75,18.26,23.038921956136726
QTWO,2014-12-12,18.8799991607666,19.020000457763672,17.959999084472656,18.059999465942383,117200.0,75.1465598038345,58.61163700322803,56.26657641972476,54.019875354342815,,,,-0.82,17.38,21.76165794773051
QTWO,2014-12-15,18.11000061035156,18.450000762939453,17.6299991607666,17.81999969482422,106200.0,74.87185823837613,58.33589493668878,56.29927453026059,53.94991565929047,,,,-0.88,17.35,21.472466747229298
QTWO,2014-12-16,17.770000457763672,18.049999237060547,17.56999969482422,17.81999969482422,172700.0,74.3407150602182,57.23464859644185,56.26052572058756,53.36714483759321,,,,-0.93,17.37,21.472466747229298
QTWO,2014-12-17,17.790000915527344,18.86000061035156,17.790000915527344,18.61000061035156,138200.0,75.09029182581844,57.446921741971714,56.38240292411215,53.566837716326766,,,,-1.0,16.93,22.42438979321389
QTWO,2014-12-18,18.809999465942383,19.01000022888184,18.479999542236328,19.0,153800.0,75.1874652799549,57.50905223047348,56.36553190320856,53.55540670455359,,,,-1.06,16.82,22.894325206742437
QTWO,2014-12-19,19.0,20.0,18.59000015258789,19.729999542236328,130200.0,75.66167086896465,57.83631669870293,56.62354839394316,53.66025696929001,,,,-1.1,16.36,23.773948728886207
QTWO,2014-12-22,19.63999938964844,19.76000022888184,19.0,19.309999465942383,68600.0,40.6692458340819,58.08695098530783,56.74964620765978,52.72746387750883,,,,-1.16,16.25,23.267863553437248
QTWO,2014-12-23,19.3799991607666,20.479999542236328,19.21999931335449,20.299999237060547,165700.0,39.87972233639356,58.70174103950582,57.211363955933,52.14449749327797,,,,-1.17,15.48,24.4607781173625
QTWO,2014-12-24,20.420000076293945,20.420000076293945,20.059999465942383,20.09000015258789,12700.0,39.14006168788598,58.80137493164563,57.25210766340079,52.14497232396727,,,,-1.2,15.5,24.207736678781703
QTWO,2014-12-26,20.07999992370605,20.309999465942383,19.63999938964844,20.0,37800.0,38.71905332703543,58.67889067650832,56.71493983911361,52.13027750575243,,,,-1.25,16.03,24.09928969130783
QTWO,2014-12-29,19.940000534057617,20.030000686645508,18.670000076293945,19.38999938964844,152900.0,39.97125112765929,58.72804009746989,56.979095380622766,52.124148713989584,,,,-1.32,15.84,23.36426062027099
QTWO,2014-12-30,19.309999465942383,19.3799991607666,18.739999771118164,19.0,76200.0,38.266770622587806,58.90329359377775,57.09757944564458,52.177569081181886,,,,-1.38,15.79,22.894325206742437
QTWO,2014-12-31,19.13999938964844,19.520000457763672,18.809999465942383,18.84000015258789,95000.0,38.31466909614469,58.84717941320368,50.83484575336525,52.00555923741547,,,,-1.42,20.84,22.701531073074964
QTWO,2015-01-02,18.979999542236328,18.989999771118164,18.26000022888184,18.88999938964844,106300.0,38.32045379008218,58.63226028004628,50.81325664239219,51.89527145112941,,4.36,45.0,-1.46,20.84,22.761778377988296
QTWO,2015-01-05,19.0,19.739999771118164,18.71999931335449,18.86000061035156,185800.0,38.32048896897152,58.63820655386999,50.21931895877712,51.89664519947519,,4.34,32.0,-1.5,22.15,22.725630914355236
QTWO,2015-01-06,18.96999931335449,18.96999931335449,18.0,18.309999465942383,56300.0,38.84225744884922,58.26308509481698,50.14235582244424,51.8431207294901,,4.33,31.0,-1.53,22.58,22.062899068871857
QTWO,2015-01-07,18.520000457763672,18.790000915527344,18.309999465942383,18.700000762939453,104600.0,39.06824296759948,57.64339166670983,49.97566563985413,51.88255589779271,,4.32,30.0,-1.56,22.69,22.532836780687767
QTWO,2015-01-08,18.959999084472656,19.450000762939453,18.64999961853028,19.3700008392334,48800.0,40.04934639289445,57.95869558212249,50.25978703539617,51.90519273958716,,4.31,38.0,-1.6,22.0,23.340163077278074
QTWO,2015-01-09,19.39999961853028,19.39999961853028,18.989999771118164,19.06999969482422,47000.0,40.10460296493098,57.72319159386888,50.33567440465209,51.94365254496797,,4.3,41.0,-1.63,21.92,22.978672352936037
QTWO,2015-01-12,19.06999969482422,19.36000061035156,18.90999984741211,19.06999969482422,64900.0,39.93265517048624,57.68536540391751,50.33579102195564,51.943799091405815,,4.29,42.0,-1.66,21.93,22.978672352936037
QTWO,2015-01-13,19.229999542236328,19.229999542236328,18.18000030517578,18.520000457763672,53700.0,39.7671888456777,58.1074383494438,50.19992790984716,52.011705749665495,,4.28,34.0,-1.67,22.15,22.31594280574002
QTWO,2015-01-14,18.280000686645508,19.020000457763672,18.15999984741211,18.88999938964844,93900.0,39.8361172852659,57.918693013468825,50.12706188636062,51.77420367679846,,4.26,32.0,-1.7,22.33,22.761778377988296
QTWO,2015-01-15,19.01000022888184,19.01000022888184,17.8700008392334,18.15999984741211,107000.0,41.436798537894056,58.62025325619364,50.53415198104744,51.978365643581824,,4.26,49.0,-1.71,21.75,21.882154855844522
QTWO,2015-01-16,18.18000030517578,19.01000022888184,17.8700008392334,18.549999237060547,134200.0,40.46367651490919,58.71460421862585,50.55727951698816,51.86520017973465,,4.25,51.0,-1.72,21.55,22.35209026937307
QTWO,2015-01-20,18.489999771118164,18.729999542236328,17.899999618530273,18.46999931335449,58500.0,40.36228840141441,58.71476174031821,50.31547661535488,51.72063773942731,,4.24,43.0,-1.73,21.91,22.255693202539327
QTWO,2015-01-21,18.489999771118164,18.780000686645508,17.84000015258789,18.26000022888184,39200.0,40.06787935733851,58.796418892899496,50.3493772070422,51.63537946496327,,4.23,46.0,-1.74,21.87,22.00265176395854
QTWO,2015-01-22,18.32999992370605,18.479999542236328,17.809999465942383,17.989999771118164,49100.0,40.04150575927402,58.762156143277686,50.33056037357624,51.67249018867509,,4.23,44.0,-1.73,21.9,21.677310801536912
QTWO,2015-01-23,18.049999237060547,18.170000076293945,17.510000228881836,17.610000610351562,43500.0,40.38721303675951,58.9612631348427,50.26022187094736,51.56146921008177,,4.23,41.0,-1.72,22.01,21.2194253086485
QTWO,2015-01-26,17.6200008392334,17.829999923706055,17.350000381469727,17.829999923706055,36800.0,40.24037448720991,58.95127613910043,50.24235153733774,50.526755488643694,,4.24,40.0,-1.7,21.94,21.48451666786944
QTWO,2015-01-27,17.639999389648438,18.059999465942383,17.260000228881836,17.700000762939453,79200.0,40.204388084822725,58.975779515700296,50.26091543199415,49.98598234329864,,4.24,43.0,-1.68,21.96,21.327872296122376
QTWO,2015-01-28,17.719999313354492,17.850000381469727,17.3700008392334,17.469999313354492,71200.0,36.91388534192792,59.0713447843556,50.163290666655016,49.87597584570002,,4.24,35.0,-1.67,22.32,21.05072871797394
QTWO,2015-01-29,17.420000076293945,17.700000762939453,17.040000915527344,17.530000686645508,42000.0,36.74942078102368,58.67679620062914,50.14714989240012,49.38465226468141,,4.24,34.0,-1.65,22.31,21.123028241814765
QTWO,2015-01-30,17.329999923706055,18.0,17.280000686645508,17.8799991607666,58500.0,37.21864139360977,58.50131905518021,50.22225388831784,49.38492188993123,,4.24,39.0,-1.63,22.11,21.544763972782764
QTWO,2015-02-02,18.0,18.07999992370605,17.770000457763672,17.979999542236328,126500.0,34.94310865805998,58.46453349073395,50.18211458520979,49.38607614270046,,4.24,37.0,-1.6,22.11,21.66526088089677
QTWO,2015-02-03,18.14999961853028,18.280000686645508,17.950000762939453,18.18000030517578,110000.0,34.526430348378994,58.47026806637056,50.19390833342251,49.22352040494948,,4.24,38.0,-1.58,22.08,21.906254697124798
QTWO,2015-02-04,18.15999984741211,18.25,18.010000228881836,18.07999992370605,49900.0,32.47690230457744,58.4967284308935,50.12527376485353,49.16276099071606,,4.24,32.0,-1.55,22.32,21.78575778901078
QTWO,2015-02-05,18.350000381469727,18.5,18.040000915527344,18.420000076293945,195200.0,32.56258973884701,36.57408841295053,50.13997019401373,49.1435170477257,,4.24,34.0,-1.53,22.29,22.195445897626005
QTWO,2015-02-06,19.049999237060547,19.5,18.239999771118164,19.420000076293945,339300.0,32.96549935408715,36.556010316026345,50.70277833296157,49.48598578374241,,4.24,61.0,-1.51,20.96,23.400410382191396
QTWO,2015-02-09,19.3799991607666,19.709999084472656,19.0,19.030000686645508,114600.0,33.32069137667557,36.40946336574495,50.76043227238743,49.49366215178755,,4.24,61.0,-1.49,21.01,22.93047496866285
QTWO,2015-02-10,19.09000015258789,19.09000015258789,18.709999084472656,19.040000915527344,119500.0,33.317303476218896,36.06405894233658,50.55745419835872,49.09805529314751,,4.24,58.0,-1.48,21.52,22.94252488930299
QTWO,2015-02-11,19.07999992370605,19.489999771118164,18.89999961853028,19.01000022888184,87200.0,32.13659537145342,36.04006391454575,50.51353990536055,49.10002722982519,,4.24,55.0,-1.46,21.56,22.90637512738258
QTWO,2015-02-12,19.170000076293945,19.309999465942383,18.96999931335449,19.07999992370605,63500.0,31.609236931105304,34.7975371172312,50.26670012622937,49.08023225841275,,4.24,48.0,-1.42,21.9,22.99072227357617
QTWO,2015-02-13,19.100000381469727,20.940000534057617,19.09000015258789,20.729999542236328,309000.0,39.55112099248092,38.70610917822688,51.13020440058828,49.97319549506318,,4.24,64.0,-1.35,20.02,24.9789132134516
QTWO,2015-02-17,20.57999992370605,20.71999931335449,19.920000076293945,20.40999984741211,111700.0,39.92285859542577,38.86271321095743,50.97847417540109,50.01891725569629,,4.24,63.0,-1.29,20.24,24.593324946116653
QTWO,2015-02-18,20.270000457763672,20.86000061035156,20.270000457763672,20.5,92900.0,39.90624330906301,38.863990810153325,50.96035349191797,49.95791303785154,,4.24,62.0,-1.22,20.24,24.70177193359053
QTWO,2015-02-19,20.40999984741211,20.56999969482422,20.239999771118164,20.450000762939453,88200.0,38.75125371095731,38.71848567085624,50.93682804845672,49.94958599015435,,4.24,61.0,-1.16,20.26,24.641524628677203
QTWO,2015-02-20,20.479999542236328,20.68000030517578,20.1299991607666,20.190000534057617,50400.0,38.673672369593504,38.61880902776954,50.99808574881746,49.88779372498263,,4.24,63.0,-1.09,20.19,24.328233586895717
QTWO,2015-02-23,20.059999465942383,20.459999084472656,19.63999938964844,20.32999992370605,75500.0,37.44821140355235,38.441756615356,50.948638442774,49.75046829690774,,4.23,60.0,-1.01,20.21,24.49692787928291
QTWO,2015-02-24,19.979999542236328,20.479999542236328,19.729999542236328,20.309999465942383,87700.0,37.1020630111733,38.33356654816527,50.95244580419942,49.50748711910592,,4.22,60.0,-0.93,20.24,24.472828038002643
QTWO,2015-02-25,20.170000076293945,21.56999969482422,20.059999465942383,20.65999984741211,211600.0,37.34769185039282,38.40192284251373,50.863922384699,49.53399090185168,,4.2,57.0,-0.85,20.43,24.894566067258
QTWO,2015-02-26,21.0,21.959999084472656,20.559999465942383,21.020000457763672,400500.0,36.3110780723778,37.91424641405223,50.59778550063323,49.534388972225344,,4.18,52.0,-0.76,21.01,25.328354017153497
QTWO,2015-02-27,20.89999961853028,20.959999084472656,19.75,19.809999465942383,3524600.0,40.371096266621095,39.78525502507247,51.54492883238265,50.0257683524182,,4.14,64.0,-0.67,19.64,23.870345795719945
QTWO,2015-03-02,19.790000915527344,20.799999237060547,19.6200008392334,20.690000534057617,339700.0,40.20303192231966,40.73472212788589,51.875733862870135,50.12654118293537,,4.1,64.0,-0.57,18.87,24.930715829178414
QTWO,2015-03-03,20.63999938964844,20.63999938964844,20.030000686645508,20.489999771118164,151900.0,40.07327382042626,40.141339113439656,51.7830515881877,50.046174571053605,,4.07,63.0,-0.45,18.99,24.68972201295039
QTWO,2015-03-04,20.39999961853028,20.81999969482422,19.940000534057617,20.690000534057617,178200.0,40.04728243516349,40.09688566030624,51.78505272411861,49.9516973222231,,4.03,63.0,-0.34,18.98,24.930715829178414
QTWO,2015-03-05,20.75,20.89999961853028,20.31999969482422,20.81999969482422,168100.0,39.79054022256231,39.97714439651811,51.26170929228638,49.879108177432016,,3.99,60.0,-0.22,19.66,25.087360200925474
QTWO,2015-03-06,20.709999084472656,20.89999961853028,20.46999931335449,20.479999542236328,373700.0,39.859081887279565,39.98844628077632,50.90565696362691,49.66967208405927,,3.96,52.0,-0.13,20.18,24.677672092310253
QTWO,2015-03-09,20.459999084472656,20.64999961853028,20.049999237060547,20.350000381469727,154300.0,39.25255913451563,40.01581956474152,50.92791590065171,49.51465078431896,,3.93,52.0,-0.03,20.2,24.52102772056319
QTWO,2015-03-10,20.170000076293945,20.799999237060547,20.13999938964844,20.63999938964844,118000.0,39.28492837588307,39.82681345497623,50.6543239504261,49.42148860844365,,3.9,45.0,0.11,20.79,24.87046622597773
QTWO,2015-03-11,20.65999984741211,20.799999237060547,20.36000061035156,20.739999771118164,104300.0,39.11461163471073,39.82519314454163,50.61552167200665,49.42234868114702,,3.86,44.0,0.26,20.91,24.990963134091736
QTWO,2015-03-12,20.75,21.440000534057617,20.6200008392334,21.3700008392334,158400.0,39.345330801150105,38.33922750618321,50.78502611369531,49.260726631927625,,3.82,47.0,0.41,20.5,25.750092046408856
QTWO,2015-03-13,21.280000686645508,21.5,20.989999771118164,21.36000061035156,77300.0,39.389812559603776,38.197507180423166,50.61114769848017,49.16655693795298,,3.78,42.0,0.55,20.73,25.738042125768718
QTWO,2015-03-16,21.31999969482422,21.5,21.020000457763672,21.170000076293945,109600.0,39.433573590300206,38.271498229281136,50.64837779300454,49.17438468182269,,3.74,43.0,0.68,20.69,25.509098230180832
QTWO,2015-03-17,21.200000762939453,21.6200008392334,21.0,21.450000762939453,94400.0,39.49355863035628,37.39624639003571,50.66397098302178,48.81496216605596,,3.7,44.0,0.8,20.61,25.846489113242594
QTWO,2015-03-18,21.15999984741211,21.809999465942383,21.15999984741211,21.75,98500.0,39.53425648493155,37.27865762289293,50.66790729646944,48.82603322965365,,3.65,44.0,0.87,20.53,26.207977539297268
QTWO,2015-03-19,21.57999992370605,21.850000381469727,21.40999984741211,21.559999465942383,52100.0,39.62772808244903,36.60167933940301,50.70325276798977,48.80105927176808,,3.6,45.0,0.94,20.54,25.979033643709382
QTWO,2015-03-20,21.739999771118164,21.88999938964844,21.46999931335449,21.64999961853028,122200.0,39.444236356946014,36.28961291870508,50.59135280137893,48.79636383868846,49.996710492024334,3.55,36.0,1.05,20.83,26.08748063118326
QTWO,2015-03-23,21.56999969482422,21.65999984741211,21.32999992370605,21.5,67600.0,36.91624560655123,34.91698601243231,50.60181741261003,48.7283076530321,49.63974978284166,3.5,37.0,1.11,20.82,25.90673641815592
QTWO,2015-03-24,21.530000686645508,21.729999542236328,21.36000061035156,21.420000076293945,64900.0,36.30013146505951,34.85102320577004,50.59206866347812,48.56773988918388,49.47149945611617,3.43,35.0,1.18,20.91,25.81033935132218
QTWO,2015-03-25,21.440000534057617,21.520000457763672,20.239999771118164,20.3799991607666,138600.0,39.49780467479352,36.362204551944885,51.29201089422264,48.56492763227851,49.734175720498754,3.36,60.0,1.24,19.89,24.55717518419624
QTWO,2015-03-26,20.270000457763672,20.920000076293945,20.270000457763672,20.690000534057617,60400.0,39.65211326123856,35.89176966478886,51.32562563817197,48.586316484112125,49.62351655783998,3.28,60.0,1.21,19.79,24.930715829178414
QTWO,2015-03-27,20.739999771118164,21.280000686645508,20.459999084472656,21.15999984741211,99100.0,40.05896382828661,35.87311947138112,51.15618612566261,48.61046532499915,49.66872132642499,3.21,57.0,1.24,20.13,25.4970483095407
QTWO,2015-03-30,21.15999984741211,21.600000381469727,20.76000022888184,21.440000534057617,172000.0,32.39878027638225,35.88263355007008,50.978079196757164,48.62678527653256,49.68115528306594,3.13,53.0,0.97,20.3,25.834439192602453
QTWO,2015-03-31,21.239999771118164,21.540000915527344,21.0,21.13999938964844,131600.0,32.335941935504,36.03645974437978,51.03205528429494,48.64811144013187,49.63267327712841,3.05,55.0,0.6,20.31,25.472948468260427
QTWO,2015-04-01,21.100000381469727,21.280000686645508,20.96999931335449,21.26000022888184,101100.0,32.34893933360257,36.037315223586575,51.022590104988055,48.649377413565766,49.1904999226696,2.96,54.0,0.01,20.35,25.617545217654715
QTWO,2015-04-02,21.32999992370605,21.64999961853028,21.06999969482422,21.520000457763672,88600.0,32.48198558561366,35.4855668321692,51.040744742094034,48.66189141574088,49.17193072492201,2.86,55.0,-1.04,20.28,25.93083625943619
QTWO,2015-04-06,21.32999992370605,21.5,20.75,20.96999931335449,130100.0,33.20346736983829,35.75070596579367,37.24089465354288,48.48502245798502,49.19398329826468,3.23,1.0,-1.09,1.21,25.26810441395281
QTWO,2015-04-07,20.89999961853028,21.100000381469727,20.459999084472656,20.65999984741211,94400.0,33.48143409817463,35.22845815793077,36.34245018050236,48.25068544580432,49.16300838579304,3.58,1.0,-1.09,1.32,24.894566067258
QTWO,2015-04-08,20.59000015258789,20.82999992370605,20.38999938964844,20.61000061035156,116900.0,33.48970934200287,35.065001741524824,36.09198301357706,48.21201395876354,48.38793671057971,3.9,1.0,-1.11,1.41,24.83431876234467
QTWO,2015-04-09,20.6200008392334,20.940000534057617,20.239999771118164,20.38999938964844,273200.0,33.26142126455511,35.150792352891195,35.941646399685375,48.12526138130416,47.71367054025494,4.19,1.0,-1.11,1.5,24.56922510483638
QTWO,2015-04-10,20.299999237060547,20.3700008392334,19.559999465942383,20.13999938964844,471900.0,32.99725543143381,34.694107468098565,35.99108488787652,48.15274024970672,47.716216446757294,4.45,2.0,-1.09,1.49,24.267983983695036
QTWO,2015-04-13,20.200000762939453,20.40999984741211,19.950000762939453,20.25,86700.0,28.10434642202064,34.49347932763219,35.27119781756794,48.14011785451983,47.70061291627216,4.71,1.0,-1.09,1.72,24.40053081244918
QTWO,2015-04-14,20.200000762939453,20.25,20.0,20.11000061035156,93900.0,25.0786195754904,33.48953102908972,35.28405751152876,48.12767282684186,47.59238778245221,4.95,2.0,-1.09,1.72,24.231836520061975
QTWO,2015-04-15,20.239999771118164,20.3799991607666,19.959999084472656,20.06999969482422,96200.0,24.94357541475404,33.247919084440724,35.2860054427475,47.97684546336794,47.58285819795324,5.18,3.0,-1.09,1.72,24.183636837501428
QTWO,2015-04-16,20.100000381469727,20.200000762939453,19.729999542236328,19.809999465942383,48600.0,24.990558868041035,33.35883196696353,35.35030028782151,47.96322765317343,47.462063702055005,5.38,4.0,-1.08,1.69,23.870345795719945
QTWO,2015-04-17,19.690000534057617,20.040000915527344,19.520000457763672,19.90999984741211,118900.0,24.96013756663484,33.263708338340855,35.24926086670389,47.96300138961861,47.37927371481037,5.57,1.0,-1.08,1.75,23.990842703833955
QTWO,2015-04-20,19.959999084472656,19.96999931335449,19.700000762939453,19.809999465942383,64400.0,24.581179899030477,33.117894217077044,35.13439343281144,47.9624214283709,47.383541888728665,5.75,1.0,-1.07,1.8,23.870345795719945
QTWO,2015-04-21,19.950000762939453,20.1299991607666,19.93000030517578,20.020000457763672,48100.0,24.754873344514262,32.81732452644797,35.05180019170331,47.96930482431391,47.24325494767075,5.92,1.0,-1.05,1.82,24.123389532588106
QTWO,2015-04-22,20.049999237060547,20.07999992370605,19.700000762939453,20.059999465942383,94000.0,24.375650290087343,32.747345557810505,34.97300626651243,47.96100470293918,47.23476326924362,6.08,1.0,-1.03,1.87,24.171586916861294
QTWO,2015-04-23,19.989999771118164,20.38999938964844,19.989999771118164,20.13999938964844,61900.0,24.359308905768344,32.69237893786607,34.92439179014182,47.62323983108599,47.138080257817286,6.24,1.0,-1.03,1.91,24.267983983695036
QTWO,2015-04-24,20.15999984741211,20.170000076293945,19.489999771118164,19.700000762939453,117500.0,23.26549003627839,32.92299982834578,34.7301957076324,47.69739029065884,47.19427153906538,6.38,1.0,-1.0,1.97,23.737801265253157
QTWO,2015-04-27,20.13999938964844,21.270000457763672,20.06999969482422,20.6200008392334,137100.0,27.163763426909703,34.11617418312136,35.35319609662246,47.95937455234004,47.399008844307495,6.51,11.0,-0.99,1.78,24.846368682984814
QTWO,2015-04-28,20.61000061035156,20.950000762939453,20.1200008392334,20.36000061035156,81000.0,27.278509005836465,34.071260532999624,35.417958491716625,43.85808745995302,47.37178833739094,6.62,12.0,-0.98,1.75,24.533077641203324
QTWO,2015-04-29,20.15999984741211,20.420000076293945,19.89999961853028,19.940000534057617,59800.0,27.49262304132406,34.38705029152361,35.11691886279774,43.92618088724986,47.21053409112839,6.73,5.0,-0.98,1.9,24.02699246575437
QTWO,2015-04-30,19.799999237060547,20.3799991607666,19.549999237060547,20.350000381469727,125000.0,27.887108507840924,34.54715415969569,35.20902214550999,43.59518079886753,47.22303551735582,6.83,7.0,-0.98,1.83,24.52102772056319
QTWO,2015-05-01,20.5,20.709999084472656,20.26000022888184,20.559999465942383,96500.0,28.043695473982755,34.55426622995793,35.14627025699408,43.404233471461225,47.10132166596396,6.92,7.0,-0.99,1.87,24.774069159143988
QTWO,2015-05-04,20.549999237060547,20.920000076293945,20.40999984741211,20.75,95800.0,28.171002022404732,34.415823571414336,35.07609006549413,43.24318530264197,46.99019265555398,7.0,5.0,-1.0,1.89,25.003013054731877
QTWO,2015-05-05,20.71999931335449,20.780000686645508,20.36000061035156,20.56999969482422,118200.0,28.205661105357848,32.80336255285402,35.1073412710867,43.25829837004045,46.91677111339159,7.09,6.0,-1.0,1.88,24.78611907978413
QTWO,2015-05-06,20.700000762939453,20.770000457763672,20.39999961853028,20.63999938964844,78900.0,28.231768678483565,32.505940623687735,34.92545877131777,43.25898549138431,46.91463922895529,7.17,3.0,-0.99,1.95,24.87046622597773
QTWO,2015-05-07,20.64999961853028,21.670000076293945,20.450000762939453,21.57999992370605,322900.0,27.361214513743487,33.68789057143167,35.60263642758189,43.5594377690094,46.95834496258548,7.24,19.0,-0.98,1.7,26.00313348498965
QTWO,2015-05-08,21.93000030517578,24.32999992370605,21.93000030517578,23.479999542236328,680700.0,36.20351806557122,37.66038909509522,36.77204703592383,44.405776902211045,46.85337754185234,7.27,24.0,-0.44,2.19,28.292565546006426
QTWO,2015-05-11,23.59000015258789,24.63999938964844,23.59000015258789,24.309999465942383,256800.0,36.90912703166509,38.20006840671289,37.03144080730181,44.48001136908573,46.52861725277961,7.29,25.0,0.48,2.02,29.29268597626421
QTWO,2015-05-12,24.01000022888184,24.89999961853028,23.799999237060547,24.71999931335449,174600.0,36.99539476495474,34.59889336355971,37.09086480498301,44.5064659911744,46.43845501323064,7.3,26.0,1.27,1.96,29.786721231073027
QTWO,2015-05-13,24.75,25.0,24.489999771118164,24.63999938964844,208200.0,36.64735736803392,34.40931112558954,36.54200769095507,44.45708877269276,46.07456252892177,7.32,24.0,1.52,2.24,29.690324164239296
QTWO,2015-05-14,24.790000915527344,25.5,24.690000534057617,25.01000022888184,139400.0,36.75726458171396,34.49299572647513,36.48080378748082,44.31457665307701,46.059745596436606,7.33,24.0,1.71,2.28,30.136162034774934
QTWO,2015-05-15,24.950000762939453,25.059999465942383,24.790000915527344,24.88999938964844,98100.0,36.81574698038288,34.513279023586705,36.06584333690439,44.31522961453135,46.06662716248568,7.34,22.0,1.63,2.53,29.991565285380645
QTWO,2015-05-18,24.90999984741211,25.100000381469727,24.850000381469727,24.950000762939453,177500.0,35.65793629435412,34.35118082449466,35.862682073306296,44.253438015351584,45.938638935645805,7.34,20.0,1.5,2.6,30.063864809221464
QTWO,2015-05-19,24.940000534057617,25.5,24.809999465942383,25.489999771118164,139900.0,35.37918552575231,34.540217043514005,35.18086123062016,44.16810573731429,45.925622023221486,7.34,11.0,1.46,2.89,30.71454443577735
QTWO,2015-05-20,25.440000534057617,25.75,25.40999984741211,25.450000762939453,85500.0,35.36030460287689,34.54387168723459,35.127770617355615,44.13732321854561,45.881411369863066,7.34,9.0,1.33,2.91,30.66634705150416
QTWO,2015-05-21,25.290000915527344,25.31999969482422,24.93000030517578,24.989999771118164,74200.0,35.75283261837042,34.720000749212616,35.26362385377216,44.20843301894838,45.91634878684398,7.33,15.0,1.09,2.84,30.112062193494655
QTWO,2015-05-22,25.0,25.209999084472656,24.809999465942383,24.96999931335449,191000.0,35.371103057900974,34.60381112964314,34.863504621005845,44.12367461123677,45.86738295396504,7.32,2.0,0.87,3.02,30.08796235221437
QTWO,2015-05-26,24.81999969482422,25.030000686645508,24.76000022888184,24.8700008392334,145500.0,35.51699991367062,32.128681826129224,34.68714491170619,44.11678109711371,45.57227778479559,7.31,1.0,0.67,3.1,29.967467742387726
QTWO,2015-05-27,24.809999465942383,25.0,24.31999969482422,24.64999961853028,191800.0,35.58712506310282,31.14387296653514,34.69071891252802,44.13518608649102,45.58689559999463,7.36,2.0,0.49,3.1,29.70237408487944
QTWO,2015-05-28,24.40999984741211,24.40999984741211,22.520000457763672,23.059999465942383,396900.0,41.43176180391475,34.17155884133024,36.396405551696176,44.86326209753573,46.095685623494646,7.39,32.0,0.38,2.95,27.78648037055747
QTWO,2015-05-29,23.0,23.790000915527344,22.5,23.709999084472656,264300.0,41.60861715726711,34.5455287415115,36.62101394627558,44.95890314031164,46.14319848876002,7.41,35.0,0.24,2.79,28.569706825867502
QTWO,2015-06-01,23.82999992370605,24.76000022888184,23.51000022888184,24.75,281000.0,42.960487648782994,35.529719719610426,36.82286385074256,45.16686743862815,46.32121974242154,7.44,37.0,0.11,2.66,29.82287099299344
QTWO,2015-06-02,24.59000015258789,24.96999931335449,24.25,24.549999237060547,388400.0,43.04618478430181,35.376372409532394,36.74987889080823,45.15316615928395,46.2861663919821,7.46,36.0,-0.02,2.73,29.58187717676542
QTWO,2015-06-03,24.549999237060547,24.850000381469727,24.36000061035156,24.520000457763672,190000.0,43.100634470614594,35.333737173629245,36.38349267381727,45.09670975539258,46.27859541325073,7.48,32.0,-0.15,2.95,29.545729713132367
QTWO,2015-06-04,24.40999984741211,24.799999237060547,24.309999465942383,24.459999084472656,98600.0,43.16254286267248,35.275868678279615,36.27789928040578,45.05964658625216,46.20951018796659,7.5,31.0,-0.26,3.01,29.473430189291545
QTWO,2015-06-05,24.450000762939453,25.049999237060547,24.450000762939453,24.940000534057617,87200.0,43.31283423496416,35.43781521769623,36.375000339511566,44.98364832564923,46.134710818364525,7.52,33.0,-0.36,2.93,30.05181488858133
QTWO,2015-06-08,24.86000061035156,24.989999771118164,24.63999938964844,24.770000457763672,65900.0,42.6392913683679,35.04684027274474,36.04634798472845,44.96502209326426,45.958244409798205,7.53,29.0,-0.45,3.08,29.846970834273716
QTWO,2015-06-09,24.82999992370605,25.0,24.57999992370605,24.88999938964844,65500.0,41.09049286801049,35.044756493183286,35.94619997740625,44.806094590004506,45.95421317089362,7.55,28.0,-0.53,3.16,29.991565285380645
QTWO,2015-06-10,25.0,25.90999984741211,24.989999771118164,25.790000915527344,91600.0,41.53048421823551,35.602366128112486,35.67572226407342,44.50162893756816,46.049614465177214,7.56,26.0,-0.57,3.19,31.076035160119382
QTWO,2015-06-11,25.82999992370605,25.88999938964844,25.06999969482422,25.21999931335449,64300.0,41.62313383194766,35.924455800576425,35.79498167705803,44.45425806494603,46.08557209284898,7.57,27.0,-0.63,3.17,30.38920347335572
QTWO,2015-06-12,25.200000762939453,25.8700008392334,25.200000762939453,25.46999931335449,84700.0,41.459603833523296,35.880346032068424,35.79123259404022,44.450806022144896,45.98312534101668,7.58,27.0,-0.69,3.15,30.69044459449707
QTWO,2015-06-15,25.3700008392334,26.32999992370605,25.0,26.290000915527344,114000.0,42.04537657742573,36.28687166621945,35.996036396694734,44.55809657255769,46.0047049303101,7.58,33.0,-0.7,2.99,31.67851740240208
QTWO,2015-06-16,26.0,26.530000686645508,25.5,26.36000061035156,149100.0,42.07451725666123,36.28666040264175,35.873525933205144,44.55440714520528,45.921320637090936,7.58,30.0,-0.72,3.05,31.762864548595672
QTWO,2015-06-17,26.559999465942383,27.0,26.540000915527344,26.600000381469727,114500.0,41.77617623021849,36.24216759866178,35.65457588957111,44.52702346758404,45.87034118313967,7.58,26.0,-0.74,3.16,32.05205574909689
QTWO,2015-06-18,26.739999771118164,27.11000061035156,26.440000534057617,26.75,144000.0,41.7572059259551,36.21264429982934,35.63066720200359,44.52638697610009,45.66798200533144,7.58,26.0,-0.75,3.18,32.232799962124226
QTWO,2015-06-19,26.799999237060547,26.86000061035156,26.239999771118164,26.280000686645508,136100.0,40.998939753005615,34.75778329335989,35.75334421396197,44.51155349627719,45.58869631039882,7.58,29.0,-0.81,3.12,31.66646748176194
QTWO,2015-06-22,26.450000762939453,26.71999931335449,26.059999465942383,26.600000381469727,115600.0,33.79767686093437,34.72323487453064,35.671376186895955,44.32308465336611,45.51360101718621,7.57,28.0,-0.87,3.15,32.05205574909689
QTWO,2015-06-23,26.600000381469727,26.920000076293945,26.170000076293945,26.739999771118164,97300.0,32.53624137476781,34.514873318085,35.6715394039105,44.30801746015829,45.514403226789526,7.56,29.0,-0.92,3.14,32.22075004148409
QTWO,2015-06-24,26.75,26.81999969482422,26.270000457763672,26.75,109000.0,32.288736681016985,34.46797205048045,35.589152468797,44.26417087594962,45.29655851442893,7.55,25.0,-0.98,3.22,32.232799962124226
QTWO,2015-06-25,26.89999961853028,27.770000457763672,26.63999938964844,27.729999542236328,202500.0,33.641586777095114,34.889753134160486,35.94827540293031,44.344082977116585,45.345965884428615,7.53,39.0,-0.96,2.98,33.413664605409345
QTWO,2015-06-26,27.75,28.84000015258789,27.559999465942383,28.01000022888184,999400.0,33.5332672649095,34.907439580789976,35.94379821916179,44.346011136468114,45.34420751677878,7.51,38.0,-0.93,2.99,33.7510554884711
QTWO,2015-06-29,28.0,28.61000061035156,26.979999542236328,27.1299991607666,270100.0,35.023986703731744,35.660362628589255,36.36967172559807,44.21152823278645,45.1805578928707,7.49,48.0,-1.0,2.8,32.690685455012634
QTWO,2015-06-30,27.270000457763672,28.280000686645508,26.989999771118164,28.25,221100.0,36.67689015049897,35.8875277360111,36.75518300723063,44.13147579795474,45.33328312050441,7.46,56.0,-0.98,2.6,34.04024668897232
QTWO,2015-07-01,28.40999984741211,28.68000030517578,27.3799991607666,27.540000915527344,164200.0,37.26952252559055,36.20103500388082,36.21855680513725,44.26645719826436,45.38921347829748,7.42,46.0,-1.02,2.82,33.18472300810882
QTWO,2015-07-02,27.540000915527344,27.540000915527344,26.979999542236328,27.21999931335449,69200.0,37.482130881939774,36.32944877077823,36.10037271671506,44.11262275003621,45.40783256377758,7.38,46.0,-1.08,2.88,32.7991324424865
QTWO,2015-07-06,27.09000015258789,28.13999938964844,26.770000457763672,28.07999992370605,118200.0,37.86560093142031,36.58442578290448,36.35998117050866,44.20695638151484,45.43938102680701,7.34,50.0,-1.1,2.71,33.835402634664696
QTWO,2015-07-07,28.040000915527344,28.040000915527344,26.89999961853028,27.82999992370605,115100.0,38.02637041725017,36.52097055583502,36.406920315026845,44.23197289755046,45.32400099977676,7.3,55.0,-1.15,2.68,33.534161513523344
QTWO,2015-07-08,27.56999969482422,27.700000762939453,26.420000076293945,26.59000015258789,141700.0,40.573869214180455,37.98536943556984,37.24165810379173,44.50698006420737,45.27514774661885,7.25,66.0,-1.21,2.42,32.04000582845675
QTWO,2015-07-09,26.989999771118164,27.229999542236328,26.82999992370605,27.14999961853028,142700.0,40.78049179629959,38.05343289434843,35.105567832036584,44.55087011712426,45.30935234260343,7.2,10.0,-1.27,2.16,32.714785296292916
QTWO,2015-07-10,27.459999084472656,27.64999961853028,27.14999961853028,27.280000686645508,123600.0,34.984630438552855,38.02557272586836,34.98461319511762,44.54889508504111,45.282113261736654,7.15,8.0,-1.32,2.23,32.87143196632733
QTWO,2015-07-13,27.38999938964844,28.450000762939453,27.38999938964844,28.36000061035156,89400.0,35.73069823162075,38.45112487347032,35.44594932118529,44.73159857373753,45.42554819240212,7.09,27.0,-1.33,2.02,34.172793517726454
QTWO,2015-07-14,28.299999237060547,28.8799991607666,28.299999237060547,28.489999771118164,80400.0,33.968982977326505,38.45172598764447,35.43478910464106,44.72587304289984,45.41069293547727,7.03,27.0,-1.34,2.03,34.329437889473525
QTWO,2015-07-15,28.57999992370605,29.0,28.350000381469727,28.63999938964844,108300.0,33.751360902991536,38.3836809528823,35.341611553062314,44.65403862983208,45.411222479132114,6.96,24.0,-1.34,2.08,34.51018210250086
QTWO,2015-07-16,28.799999237060547,29.1299991607666,28.299999237060547,29.11000061035156,142200.0,33.84581473263354,38.4297078123638,35.395886465257924,44.6663023132362,45.43028550885948,6.89,27.0,-1.33,2.05,35.076516881150496
QTWO,2015-07-17,29.200000762939453,30.170000076293945,28.940000534057617,29.040000915527344,206400.0,33.844925935712695,38.46105833016003,35.40128893940578,44.65692788441735,45.20360992488402,6.82,28.0,-1.33,2.04,34.99216973495691
QTWO,2015-07-20,29.209999084472656,30.440000534057617,28.93000030517578,29.8700008392334,228700.0,34.245434791118264,38.7212108402014,35.55254901598542,44.74105047781226,45.06760894254128,6.74,32.0,-1.29,1.97,35.99229016521468
QTWO,2015-07-21,29.850000381469727,30.1200008392334,29.309999465942383,29.59000015258789,79800.0,34.33755613333091,38.40645257805408,35.54537605383048,44.76921999231469,45.04997047469439,6.66,32.0,-1.28,1.98,35.654899282152925
QTWO,2015-07-22,29.420000076293945,30.049999237060547,29.40999984741211,29.959999084472656,74300.0,34.38703221901161,37.564934093837046,34.11946059380048,44.620680484980845,44.97997896202574,6.57,1.0,-1.26,2.09,36.100734854401196
QTWO,2015-07-23,30.020000457763672,30.13999938964844,29.200000762939453,29.34000015258789,115700.0,34.09123246176961,37.77895404451984,33.75921995491728,44.58771134270192,45.04228985851668,6.47,1.0,-1.28,2.23,35.35365816101157
QTWO,2015-07-24,29.26000022888184,30.040000915527344,29.229999542236328,29.38999938964844,193300.0,33.15740840652154,37.37277584719659,33.694120016418104,44.57356018613513,45.02945720346566,6.37,1.0,-1.3,2.27,35.413905465924906
QTWO,2015-07-27,29.100000381469727,29.799999237060547,28.82999992370605,28.940000534057617,145500.0,33.64840580159802,37.52400740043269,33.814323408536964,44.62501235129258,45.0459805569676,6.26,3.0,-1.32,2.21,34.87167282684289
QTWO,2015-07-28,29.0,29.0,26.979999542236328,27.46999931335449,258000.0,36.370023352290346,39.34632182572822,34.938404609999765,45.10974783522318,45.26096826248341,6.14,11.0,-1.35,1.99,33.10037356362785
QTWO,2015-07-29,27.440000534057617,27.61000061035156,26.36000061035156,26.770000457763672,138400.0,37.21500053751203,39.83149112795631,35.10054327459233,36.92393961385184,45.31336386915028,6.03,16.0,-1.36,1.92,32.2568998034045
QTWO,2015-07-30,26.75,27.13999938964844,26.290000915527344,26.81999969482422,95900.0,37.12969202421053,39.7434016286122,35.07085182673293,36.35735824250985,45.3127736678368,5.91,15.0,-1.37,1.94,32.317147108317826
QTWO,2015-07-31,26.790000915527344,27.549999237060547,26.549999237060547,27.190000534057617,126500.0,37.30421941428361,39.78813179515191,35.067215880837686,36.23246732867676,45.31850475253322,5.78,15.0,-1.38,1.94,32.76298497885346
QTWO,2015-08-03,27.239999771118164,27.420000076293945,26.450000762939453,27.040000915527344,93500.0,36.95099726639399,38.955715581604125,35.09018429123073,36.14108086074006,45.32338579283467,5.66,18.0,-1.38,1.93,32.58224076582612
QTWO,2015-08-04,27.14999961853028,27.25,26.68000030517578,26.790000915527344,78000.0,36.910053440727815,35.22703781759503,34.86585619612702,36.16097804050115,45.33418218798823,5.52,9.0,-1.38,2.04,32.28099964468477
QTWO,2015-08-05,27.0,27.84000015258789,26.709999084472656,27.46999931335449,163400.0,37.5845641980121,34.89964696216394,35.05012091094795,35.88747378765203,45.12850678949755,5.37,15.0,-1.38,1.94,33.10037356362785
QTWO,2015-08-06,27.600000381469727,27.76000022888184,26.1299991607666,26.43000030517578,189600.0,39.29002578011071,35.736621526137455,35.608559251593704,36.20641663246646,45.31008753387714,5.21,47.0,-1.37,1.76,31.84721169478928
QTWO,2015-08-07,27.690000534057617,29.71999931335449,26.309999465942383,27.950000762939453,349900.0,41.26929538983447,37.44438915247253,36.576858216653605,36.76754466643426,45.61156876768706,5.05,79.0,-1.37,1.56,33.67875826291764
QTWO,2015-08-10,28.15999984741211,28.450000762939453,27.239999771118164,27.3799991607666,160800.0,41.5927499020154,37.632454616880246,36.71659008139935,36.86339453129486,42.62735251800007,4.87,81.0,-1.37,1.51,32.99192657615398
QTWO,2015-08-11,27.049999237060547,27.34000015258789,26.8700008392334,27.11000061035156,128700.0,40.63794207579281,37.6835144423114,36.72575535091083,36.8426928600619,42.63428409936485,4.67,82.0,-1.36,1.51,32.666587912019715
QTWO,2015-08-12,26.84000015258789,27.100000381469727,25.6200008392334,26.76000022888184,132200.0,38.92824810393496,37.798365157356905,36.80439763876931,36.80740550164959,42.3846805104912,4.47,86.0,-1.34,1.48,32.24484988276436
QTWO,2015-08-13,26.700000762939453,26.93000030517578,26.3700008392334,26.600000381469727,98600.0,38.30462303032037,37.58813333493151,36.7987149968509,36.74691555895323,42.2483650533429,4.26,86.0,-1.31,1.48,32.05205574909689
QTWO,2015-08-14,26.600000381469727,27.64999961853028,26.36000061035156,27.559999465942383,222200.0,39.59356259146421,38.25217000335952,37.16384436977945,36.92616349257508,42.25066572047111,4.03,91.0,-1.29,1.33,33.20882055110173
QTWO,2015-08-17,27.549999237060547,28.31999969482422,27.100000381469727,28.280000686645508,110900.0,39.26407520558682,38.35430657808027,36.38512670786579,37.01199483494326,42.31632405330004,3.75,75.0,-1.26,1.41,34.07639645089272
QTWO,2015-08-18,28.25,29.26000022888184,27.88999938964844,28.6200008392334,248400.0,39.30655507103908,38.40266459326605,36.3625337889973,36.80885404542211,42.327397309856245,3.45,72.0,-1.23,1.43,34.486084559507944
QTWO,2015-08-19,28.450000762939453,29.0,27.93000030517578,28.950000762939453,158300.0,36.84053881427506,38.42543184359891,36.25634070465188,36.77721598562445,42.33733411775328,3.11,69.0,-1.19,1.48,34.883722747483034
QTWO,2015-08-20,28.559999465942383,28.96999931335449,27.940000534057617,28.059999465942383,218900.0,37.70942566138835,38.97771843588412,36.62678515251288,36.98989438018456,42.28759231764382,2.73,84.0,-1.15,1.37,33.81130279338442
QTWO,2015-08-21,27.670000076293945,27.950000762939453,26.600000381469727,27.56999969482422,430800.0,38.076382951730494,36.49469938763794,36.67215044330484,36.83935980908998,42.26458229362213,2.29,85.0,-1.1,1.35,33.22087047174187
QTWO,2015-08-24,26.209999084472656,28.190000534057617,25.8700008392334,26.920000076293945,282300.0,36.88823799552137,36.529586823221685,36.909209721142574,36.930006445312856,42.3392341108037,1.72,94.0,-1.04,1.27,32.43764401643184
QTWO,2015-08-25,27.59000015258789,27.690000534057617,26.11000061035156,27.07999992370605,338900.0,36.91041973158942,35.537484288844034,36.88036536056032,36.88987632265858,42.3016625823664,0.79,94.0,-0.99,1.29,32.63043815009931
QTWO,2015-08-26,27.46999931335449,27.940000534057617,26.3799991607666,27.3700008392334,155300.0,37.03169547555827,35.528762406720645,36.62475318034233,36.84503239766501,42.18798486403937,0.78,84.0,-0.91,1.37,32.979878953801204
QTWO,2015-08-27,27.520000457763672,27.520000457763672,26.31999969482422,26.6200008392334,106800.0,37.39257698319355,36.03903524418361,36.838605110561886,37.01216601419903,42.28952656105108,0.78,94.0,-0.83,1.3,32.07615559037716
QTWO,2015-08-28,26.489999771118164,26.489999771118164,25.790000915527344,26.18000030517578,107900.0,37.60139166848087,36.220713271686414,36.956606707243886,36.97077944307337,42.28800194733675,0.79,96.0,-0.74,1.26,31.54597057364793
QTWO,2015-08-31,26.1299991607666,26.450000762939453,25.86000061035156,26.15999984741211,82400.0,36.401870217473295,36.02079390733145,36.900335761523664,36.96967788928389,42.18939207498803,0.8,94.0,-0.63,1.28,31.521870732367653
QTWO,2015-09-01,25.61000061035156,26.059999465942383,25.290000915527344,25.729999542236328,149800.0,36.54602835333095,36.16388548742854,36.94977578718914,36.36915005821484,42.20878923324547,0.81,95.0,-0.53,1.26,31.003735636278556
QTWO,2015-09-02,25.950000762939453,26.950000762939453,25.82999992370605,26.940000534057617,145000.0,39.11006180305574,37.33093899127048,37.58746040537617,36.692856127874826,42.43334266468744,0.83,100.0,-0.41,1.07,32.46174385771211
QTWO,2015-09-03,26.979999542236328,27.21999931335449,26.65999984741211,26.90999984741211,130700.0,38.76540517067978,36.64606578858004,37.56020183126558,36.69407453228867,42.36725543716844,0.84,99.0,-0.28,1.08,32.4255940957917
QTWO,2015-09-04,26.6200008392334,27.0,26.6200008392334,26.93000030517578,56300.0,38.75653942812025,36.32968156625624,37.55362259048525,36.3672882090645,42.357992871485386,0.86,98.0,-0.15,1.08,32.44969393707197
QTWO,2015-09-08,27.450000762939453,28.75,27.450000762939453,28.6299991607666,179200.0,42.76441131139339,38.32839083440068,38.58512133261384,36.97039056801744,42.76262220013602,0.9,100.0,-0.03,0.96,34.49813218186072
QTWO,2015-09-09,28.799999237060547,29.0,28.209999084472656,28.600000381469727,90600.0,39.85438785839088,37.82742177401612,38.59177814961389,36.73121920336681,42.74143167406504,0.94,100.0,0.09,0.96,34.461984718227676
QTWO,2015-09-10,28.59000015258789,29.440000534057617,28.46999931335449,29.3799991607666,126100.0,39.66138200753492,38.18651036280544,38.74222256262293,36.74046069748088,42.80721275580785,0.98,100.0,0.2,0.89,35.40185554528477
QTWO,2015-09-11,29.13999938964844,29.13999938964844,28.1200008392334,28.799999237060547,164600.0,40.21993585598019,38.41303417014134,38.91180878988561,36.39333318694239,42.8320271230054,1.02,100.0,0.33,0.85,34.70297623616833
QTWO,2015-09-14,28.850000381469727,29.450000762939453,28.51000022888184,28.96999931335449,104200.0,40.092248084888176,38.41432494971356,38.912533435765326,36.36658345217201,42.80925779930824,1.05,100.0,0.46,0.84,34.90782029047594
QTWO,2015-09-15,28.88999938964844,29.39999961853028,28.709999084472656,29.3700008392334,80800.0,40.161264757687285,38.288366117578406,38.945133737646906,36.38438908988035,42.780023805149305,1.09,100.0,0.59,0.83,35.389807922931986
QTWO,2015-09-16,29.39999961853028,29.43000030517578,28.479999542236328,28.90999984741211,188200.0,40.3741754472162,38.39592101018353,38.85133299321635,36.23387875767125,42.78837916784945,1.11,97.0,0.65,0.85,34.835523064922484
QTWO,2015-09-17,29.07999992370605,30.0,28.71999931335449,29.57999992370605,147600.0,40.27440512437905,38.6416046271069,38.3935684766588,36.21635749194779,42.746535365551445,1.13,93.0,0.79,0.96,35.64284936151279
QTWO,2015-09-18,29.25,30.18000030517578,29.09000015258789,29.989999771118164,211900.0,38.45345189193839,38.71961973618817,38.337357302151645,36.217510403138334,42.73735622268873,1.15,92.0,0.88,0.97,36.13688461632161
QTWO,2015-09-21,30.13999938964844,30.190000534057617,27.75,28.850000381469727,152600.0,37.15928904061222,38.93907211596738,38.73463791054806,36.54626689522678,42.81797208663247,1.18,95.0,0.87,0.9,34.763225839369014
QTWO,2015-09-22,28.6200008392334,28.64999961853028,27.950000762939453,28.270000457763672,66200.0,37.144410629148034,39.12303436835632,38.82720543516986,36.64168675123028,42.53151466887264,1.2,96.0,0.9,0.89,34.064346530252585
QTWO,2015-09-23,28.36000061035156,29.299999237060547,27.96999931335449,28.790000915527344,94000.0,37.31668147275915,38.71471375388619,38.88415106795392,36.49317935888609,42.45110635945382,1.22,97.0,0.87,0.86,34.69092861381556
QTWO,2015-09-24,28.239999771118164,28.239999771118164,25.65999984741211,25.979999542236328,501400.0,47.982724906674825,43.32380764414832,42.359157061858085,38.49095080837471,43.73604640329115,1.36,100.0,0.8,2.22,31.304976757419904
QTWO,2015-09-25,25.21999931335449,25.5,23.09000015258789,23.850000381469727,2784100.0,53.88068531873606,46.39061792921852,44.56366963362411,39.650927865498105,44.60053043594112,1.58,100.0,0.32,2.18,28.738403416542063
QTWO,2015-09-28,23.690000534057617,24.709999084472656,23.25,24.6200008392334,383800.0,53.658818608702965,46.8714814344692,44.8216972903868,39.76508850340699,44.697715248629486,1.78,100.0,-0.4,2.09,29.666226621246377
QTWO,2015-09-29,24.61000061035156,24.82999992370605,23.520000457763672,23.780000686645508,240400.0,53.62880780120656,46.84643982888984,44.661914152846,39.99400519920219,44.83165625552056,1.96,99.0,-0.87,2.08,28.65405627034846
QTWO,2015-09-30,24.06999969482422,24.76000022888184,23.940000534057617,24.71999931335449,275200.0,54.94614471959414,47.59239380132005,43.05140097688328,40.073816873749415,44.979178577350254,2.06,97.0,-0.9,1.96,29.786721231073027
QTWO,2015-10-01,24.600000381469727,24.61000061035156,23.81999969482422,24.38999938964844,163000.0,54.77610532644513,46.783593811358365,42.75481216596627,40.05445003920549,44.93881102142645,2.15,96.0,-0.9,2.01,29.389083043097948
QTWO,2015-10-02,24.229999542236328,24.3799991607666,23.729999542236328,24.3799991607666,130000.0,54.25456334719492,46.5534534306474,42.67097393591771,39.75948196395637,44.78749210012701,2.23,95.0,-0.9,2.03,29.377033122457807
QTWO,2015-10-05,24.549999237060547,25.1200008392334,24.1299991607666,24.959999084472656,178200.0,54.71032599982001,46.82393092266731,42.83248693593888,39.77609537299179,44.83082638658637,2.31,96.0,-0.9,1.99,30.075912431574242
QTWO,2015-10-06,24.8799991607666,25.020000457763672,23.729999542236328,24.18000030517578,206000.0,55.01471252402992,46.46150054738028,43.06248114141806,39.96598325681678,44.93124069850125,2.39,97.0,-0.91,1.85,29.136041604517143
QTWO,2015-10-07,24.31999969482422,24.86000061035156,23.90999984741211,24.200000762939453,330400.0,54.95798623856536,46.44293616136482,43.0568763900966,39.93645194416139,44.87717953130301,2.46,96.0,-0.91,1.86,29.16014144579742
QTWO,2015-10-08,24.200000762939453,25.059999465942383,23.71999931335449,25.040000915527344,437200.0,55.90516065643215,47.02779018883991,43.400250945014456,40.07293194998632,44.98628583274149,2.54,97.0,-0.91,1.77,30.17231179669534
QTWO,2015-10-09,24.940000534057617,26.25,24.63999938964844,25.850000381469727,380200.0,56.27442006839737,47.39609084917733,43.56217865793373,40.133774556686966,44.86130279764253,2.62,97.0,-0.9,1.72,31.148332385672845
QTWO,2015-10-12,25.96999931335449,26.09000015258789,25.479999542236328,25.51000022888184,149400.0,56.20011465177134,47.45222796120424,43.61320277396696,40.15602868180122,44.69680626409512,2.69,97.0,-0.9,1.69,30.738644277057624
QTWO,2015-10-13,25.46999931335449,25.68000030517578,24.96999931335449,24.989999771118164,199900.0,56.49019016054484,47.17220953943189,43.63989700666476,40.230014866713006,44.75206807250802,2.75,97.0,-0.9,1.68,30.112062193494655
QTWO,2015-10-14,25.07999992370605,25.39999961853028,24.700000762939453,24.8799991607666,107400.0,56.318363729626064,47.15414736373192,43.64534744850349,40.19758813643997,44.609997198494334,2.81,97.0,-0.9,1.67,29.9795153647405
QTWO,2015-10-15,25.040000915527344,25.799999237060547,25.01000022888184,25.780000686645508,147800.0,55.63840174753896,47.70927502804511,44.003670944855145,40.39308219172959,44.71209643386838,2.88,97.0,-0.87,1.59,31.063985239479248
QTWO,2015-10-16,25.8799991607666,26.15999984741211,25.43000030517578,25.8700008392334,100800.0,55.65690124641879,47.569023371024585,43.9813288906958,40.33896145613948,44.71105407652859,2.93,96.0,-0.84,1.61,31.172432226953116
QTWO,2015-10-19,25.739999771118164,26.459999084472656,25.200000762939453,25.76000022888184,125200.0,55.659728481988616,47.56437365646467,42.65120289470687,40.34365426789988,44.6458863369476,2.97,84.0,-0.91,1.87,31.039885398198976
QTWO,2015-10-20,25.76000022888184,25.90999984741211,24.90999984741211,25.030000686645508,72500.0,52.89245746907113,47.800351101891145,42.695041169553846,40.49243810238137,44.7535255728546,3.01,85.0,-0.94,1.8,30.1602618760552
QTWO,2015-10-21,25.14999961853028,25.14999961853028,23.56999969482422,24.020000457763672,114900.0,53.93532670602151,47.3649335881196,42.657463901910994,40.80168250726351,44.96389682655344,3.05,83.0,-0.93,1.73,28.94324747084967
QTWO,2015-10-22,24.14999961853028,24.5,23.920000076293945,24.309999465942383,139100.0,53.31891217347735,47.19467402158592,42.68317145073807,40.77020310263181,44.96998911481009,3.09,84.0,-0.92,1.74,29.29268597626421
QTWO,2015-10-23,24.59000015258789,25.040000915527344,24.43000030517578,24.780000686645508,104400.0,53.65344836703326,47.38153449616918,42.79188278113429,40.36582198565452,44.995201441944175,3.12,86.0,-0.92,1.71,29.85902075491385
QTWO,2015-10-26,24.700000762939453,25.15999984741211,24.61000061035156,24.89999961853028,56800.0,53.63570517372115,47.29622850269394,42.79642379454802,40.28557109683378,44.93661042970434,3.16,86.0,-0.92,1.72,30.003615206020783
QTWO,2015-10-27,24.8700008392334,25.030000686645508,24.18000030517578,24.850000381469727,151600.0,53.35066732428185,47.28880442216579,42.686072227056925,40.2875458913082,44.93303645270614,3.19,82.0,-0.92,1.74,29.943367901107454
QTWO,2015-10-28,24.84000015258789,25.809999465942383,24.68000030517578,25.65999984741211,83400.0,54.34834212892316,47.75191829068322,42.97423454311583,40.44805481183287,45.01750726464756,3.22,87.0,-0.9,1.67,30.91938849008496
QTWO,2015-10-29,25.600000381469727,25.770000457763672,24.770000457763672,24.82999992370605,90300.0,54.3554713545464,47.89198453288462,43.29002253169813,40.65324484246106,45.150929565899,3.25,90.0,-0.9,1.52,29.919268059827175
QTWO,2015-10-30,24.920000076293945,24.920000076293945,24.209999084472656,24.64999961853028,117300.0,54.03731812495749,47.28730008339701,42.9271253578615,39.49259112399767,45.16052727317828,3.28,85.0,-0.93,1.61,29.70237408487944
QTWO,2015-11-02,24.65999984741211,25.5,24.5,24.989999771118164,210900.0,53.455082894974815,45.88130651318049,42.840391640576094,39.47201448771299,45.04917986631603,3.3,84.0,-0.93,1.68,30.112062193494655
QTWO,2015-11-03,24.950000762939453,25.06999969482422,24.65999984741211,24.950000762939453,150300.0,53.25768228193246,45.71479342278783,42.8112235670388,39.47139164324728,44.97012336293654,3.32,82.0,-0.95,1.68,30.063864809221464
QTWO,2015-11-04,24.96999931335449,25.36000061035156,24.600000381469727,25.06999969482422,127300.0,52.90813925342695,45.699267639946086,42.513077222231054,39.471563484082,44.95639290415959,3.34,72.0,-0.98,1.76,30.20845926032839
QTWO,2015-11-05,25.09000015258789,25.299999237060547,24.13999938964844,24.36000061035156,163600.0,44.69776494210615,45.98408044056315,42.7455418627836,39.5955438649561,45.05442485214342,3.35,78.0,-1.02,1.64,29.35293557946489
QTWO,2015-11-06,25.350000381469727,28.100000381469727,25.350000381469727,27.729999542236328,786000.0,52.60345811253568,53.246055093491904,47.47200161193184,42.4112562286494,46.82830098515306,3.46,100.0,-1.02,3.68,33.413664605409345
QTWO,2015-11-09,27.6299991607666,27.6299991607666,26.479999542236328,27.020000457763672,183100.0,52.71238756070837,53.02019918117483,47.64793372459476,42.53628021207266,41.35819500727636,3.56,100.0,-1.02,3.6,32.558140924545846
QTWO,2015-11-10,26.8799991607666,27.270000457763672,25.93000030517578,26.40999984741211,167500.0,52.080495656028425,52.93346729811098,47.703451140720034,42.5937065286707,41.079053200573256,3.66,100.0,-1.02,3.58,31.823111853509
QTWO,2015-11-11,26.5,27.06999969482422,26.3700008392334,26.51000022888184,64600.0,50.99740590202797,52.87360634313405,47.66820158007427,42.55264692266304,40.990149784871015,3.75,99.0,-1.02,3.6,31.943608761623015
QTWO,2015-11-12,26.36000061035156,26.65999984741211,26.1299991607666,26.489999771118164,148500.0,50.78864607238145,52.80710395297022,47.66079094180065,41.938742018487964,40.92116162744354,3.83,98.0,-1.02,3.6,31.919508920342736
QTWO,2015-11-13,26.229999542236328,26.559999465942383,26.209999084472656,26.40999984741211,73300.0,50.80844472088762,52.44364316989293,47.662995103922725,41.6453584383487,40.9189091844326,3.91,98.0,-1.03,3.6,31.823111853509
QTWO,2015-11-16,26.309999465942383,27.34000015258789,26.309999465942383,26.979999542236328,208800.0,50.73529603964784,52.52462237885887,47.43695184401386,41.691305039527066,40.72344824833377,3.98,94.0,-1.02,3.72,32.509941241985295
QTWO,2015-11-17,27.049999237060547,27.049999237060547,26.270000457763672,26.71999931335449,134700.0,49.83243001649885,52.33375001561662,47.43108126330849,41.700865252455,40.736672375025215,4.04,93.0,-1.0,3.73,32.196650200203806
QTWO,2015-11-18,26.63999938964844,27.600000381469727,26.559999465942383,27.530000686645508,173900.0,50.412959636706255,52.68074327793232,47.40235187894499,41.8327369646498,40.83632233462384,4.11,92.0,-1.01,3.72,33.17267308746868
QTWO,2015-11-19,27.520000457763672,27.63999938964844,27.229999542236328,27.46999931335449,86100.0,49.638721281646525,52.63840355036911,46.96065807365667,41.78023572884357,40.8368190007055,4.16,91.0,-0.99,3.96,33.10037356362785
QTWO,2015-11-20,27.6200008392334,28.18000030517578,27.5,28.13999938964844,132800.0,49.298772280550864,52.539939840549785,46.943305223061785,41.85355861950431,40.86721181381237,4.21,90.0,-1.0,3.95,33.907699860218166
QTWO,2015-11-23,28.06999969482422,28.46999931335449,27.59000015258789,28.21999931335449,296200.0,49.063031216291705,52.41289495709732,46.9061710989844,41.827963330758514,40.819271900005866,4.25,89.0,-1.02,3.96,34.0040969270519
QTWO,2015-11-24,28.059999465942383,28.25,27.84000015258789,28.020000457763672,116200.0,48.64471070901188,52.4394574878416,46.66023932367408,41.83939689562792,40.78360351977183,4.29,88.0,-1.02,4.11,33.76310540911124
QTWO,2015-11-25,28.01000022888184,28.36000061035156,28.01000022888184,28.270000457763672,102200.0,48.60192733950066,52.33147471986742,46.65928705595446,41.71325102079805,40.766613821409,4.32,87.0,-1.03,4.11,34.064346530252585
QTWO,2015-11-27,28.239999771118164,28.489999771118164,28.01000022888184,28.239999771118164,60500.0,47.70451785776597,51.508831336325045,46.08010987739715,41.713715456313686,40.75249001210108,4.36,86.0,-1.05,4.39,34.02819676833217
QTWO,2015-11-30,28.530000686645508,28.530000686645508,27.32999992370605,27.479999542236328,165900.0,48.50608941654097,51.828209333548855,46.17520499961806,41.83494748415276,40.71815382568656,4.37,86.0,-1.05,4.35,33.11242348426799
QTWO,2015-12-01,27.549999237060547,27.6200008392334,26.86000061035156,27.479999542236328,626600.0,48.47391026803244,51.82819198817013,46.16917050491545,41.81213851901144,40.684412832767,4.37,85.0,-1.05,4.36,33.11242348426799
QTWO,2015-12-02,27.40999984741211,28.31999969482422,27.309999465942383,27.71999931335449,72700.0,47.606669644644604,50.2880758925485,45.771460743026005,41.79477023048502,40.690299588864335,4.37,83.0,-1.04,4.6,33.4016146847692
QTWO,2015-12-03,27.82999992370605,28.200000762939453,27.1299991607666,27.309999465942383,137100.0,46.05133744038256,50.37414013397701,45.8238307700797,41.821938886303805,40.5725661706121,4.38,83.0,-1.02,4.57,32.90757942996038
QTWO,2015-12-04,27.299999237060547,27.40999984741211,26.86000061035156,27.030000686645508,67400.0,46.17993139396594,50.07729350941496,45.84133857195168,41.84309037281269,40.56801782852706,4.37,83.0,-0.99,4.57,32.570190845185984
QTWO,2015-12-07,26.950000762939453,26.989999771118164,25.809999465942383,25.90999984741211,75500.0,47.7824552963631,50.63825237155923,46.23493595538683,42.14861338300147,40.77145839605355,4.37,86.0,-0.96,4.39,31.220629611226308
QTWO,2015-12-08,25.670000076293945,26.34000015258789,25.36000061035156,26.290000915527344,85400.0,47.92461206271584,50.725336584437,46.30173161410868,42.17504530534486,40.758082384931065,4.37,86.0,-0.93,4.34,31.67851740240208
QTWO,2015-12-09,26.68000030517578,27.290000915527344,26.15999984741211,27.06999969482422,282200.0,48.55962834168188,51.024633237460506,46.3189855609451,41.86734734732484,40.85437081450687,4.37,86.0,-0.91,4.33,32.61838822945917
QTWO,2015-12-10,27.13999938964844,28.440000534057617,27.0,27.989999771118164,145000.0,48.63150972264624,51.42535112266254,46.618689190254045,42.00656317340516,40.913624167336,4.37,86.0,-0.89,4.14,33.72695564719083
QTWO,2015-12-11,27.64999961853028,27.959999084472656,27.200000762939453,27.3799991607666,147600.0,48.03607132242887,51.37486573954132,46.695316494305,42.02656355701418,40.97966851900463,4.35,88.0,-0.9,4.11,32.99192657615398
QTWO,2015-12-14,27.34000015258789,27.809999465942383,27.18000030517578,27.3799991607666,183600.0,47.94361660395696,51.27995515635351,46.5850732507743,42.003756642114446,40.5575114369371,4.31,84.0,-0.87,4.17,32.99192657615398
QTWO,2015-12-15,27.51000022888184,27.88999938964844,27.31999969482422,27.56999969482422,158200.0,47.858473427851685,50.714536408742326,46.59923959393393,41.96850294584563,40.53277355096417,4.27,84.0,-0.85,4.15,33.22087047174187
QTWO,2015-12-16,27.549999237060547,27.93000030517578,27.34000015258789,27.6299991607666,122300.0,47.8375452940924,50.55336225513967,46.540770489024624,41.96563568968116,40.53242400959799,4.23,82.0,-0.82,4.18,33.29316769729533
QTWO,2015-12-17,27.600000381469727,28.100000381469727,27.1200008392334,27.6200008392334,161200.0,47.84782534789954,50.40442645057441,45.797499220576405,41.9468379624769,40.31674381509855,4.19,73.0,-0.83,4.53,33.28112007494256
QTWO,2015-12-18,27.51000022888184,27.89999961853028,26.65999984741211,26.86000061035156,192000.0,47.80037688833433,46.08458711983029,45.82872856062994,41.96592822879704,40.377884559398936,4.15,74.0,-0.83,4.51,32.36534679087837
QTWO,2015-12-21,27.0,27.0,26.239999771118164,26.75,93600.0,29.17754898908016,42.46619862568654,45.83245063940443,41.92644271942864,40.21636117497766,4.12,74.0,-0.83,4.51,32.232799962124226
QTWO,2015-12-22,26.75,27.0,26.600000381469727,26.96999931335449,49000.0,28.327352334135693,42.0306633106168,45.79877268035102,41.93150003371737,40.15750460417158,4.07,71.0,-0.82,4.53,32.49789132134516
QTWO,2015-12-23,27.07999992370605,27.850000381469727,26.8799991607666,27.809999465942383,121600.0,28.829726689770837,41.758278298894496,46.04898850513706,42.04755056308153,39.96838426767128,4.03,75.0,-0.84,4.37,33.51006167224308
QTWO,2015-12-24,27.59000015258789,27.88999938964844,27.34000015258789,27.51000022888184,64300.0,29.049802573203383,41.15690889532282,46.05789003353784,42.04090233618297,39.96971832540691,3.98,75.0,-0.85,4.36,33.14857324618841
QTWO,2015-12-28,27.36000061035156,27.56999969482422,26.850000381469727,27.100000381469727,258600.0,29.426256071938067,41.183071029635634,45.94788292358137,42.085145738675095,39.99873676750457,3.92,73.0,-0.84,4.45,32.654537991379584
QTWO,2015-12-29,27.200000762939453,27.36000061035156,26.799999237060547,26.959999084472656,94300.0,29.45694407279145,41.20537867105416,45.54032691203642,42.08062756914848,39.87335837869039,3.88,65.0,-0.84,4.67,32.48584140070502
QTWO,2015-12-30,26.979999542236328,27.0,26.420000076293945,26.68000030517578,64200.0,28.95565934590185,41.02401479242978,44.68394855676108,42.10272768159537,39.83178157276821,3.83,63.0,-0.82,5.15,32.148452815930625
QTWO,2015-12-31,26.5,26.8799991607666,26.31999969482422,26.3700008392334,181000.0,29.0174037692088,40.54086087035264,44.60399572253676,42.09642080968264,39.84107344109838,3.79,61.0,-0.82,5.2,31.774914469235817
QTWO,2016-01-04,25.950000762939453,25.950000762939453,24.920000076293945,25.68000030517578,183300.0,28.49714123106058,40.9438929452016,44.771907695866005,42.225380848653685,39.938031204270494,3.75,63.0,-0.83,5.09,30.94348833136523
QTWO,2016-01-05,25.739999771118164,25.809999465942383,25.09000015258789,25.18000030517578,138800.0,28.936810742234517,40.566880888827136,44.83158859838221,42.2922475914993,39.99164546234974,3.71,64.0,-0.87,5.06,30.34100608908254
QTWO,2016-01-06,24.8700008392334,25.3799991607666,24.729999542236328,24.770000457763672,137700.0,28.019891661040894,40.157425372271774,44.893938229420286,42.32986832692309,39.91156494858997,3.66,64.0,-0.91,5.02,29.846970834273716
QTWO,2016-01-07,24.270000457763672,24.65999984741211,23.71999931335449,24.1200008392334,145900.0,28.663631990468225,40.42766345214969,44.70165014087903,42.457094677283806,39.95785196380178,3.62,60.0,-0.94,5.17,29.063744378963683
QTWO,2016-01-08,24.239999771118164,24.309999465942383,23.65999984741211,24.0,94300.0,28.65814073035113,40.22951647016256,44.49281923794993,42.461563089919785,39.81443510256917,3.56,55.0,-0.94,5.34,28.919147629569398
QTWO,2016-01-11,24.14999961853028,24.170000076293945,23.709999084472656,24.06999969482422,113900.0,28.455411599632345,40.228452096224224,44.44564583687619,42.37333949639216,39.78062684813856,3.49,54.0,-0.94,5.38,29.003494775762995
QTWO,2016-01-12,24.18000030517578,24.32999992370605,23.309999465942383,23.420000076293945,106500.0,29.124091978268424,39.88261783253634,44.579580019475465,42.1733718954649,39.88108053964334,3.43,56.0,-0.9,5.31,28.220268320452963
QTWO,2016-01-13,23.420000076293945,23.59000015258789,21.81999969482422,22.040000915527344,227100.0,32.627181999578404,41.6644347923738,45.310026785690106,42.76712993693846,40.24186377064557,3.37,64.0,-0.62,4.98,26.557418342999163
QTWO,2016-01-14,22.100000381469727,23.059999465942383,21.790000915527344,22.65999984741211,227400.0,34.126753798135354,42.12592286634021,45.494416038773295,42.81306296252613,40.287628906306864,3.3,64.0,-0.59,4.83,27.304495036388783
QTWO,2016-01-15,22.030000686645508,23.01000022888184,21.86000061035156,22.8700008392334,163600.0,34.14746796604169,41.81907470972705,45.39210247564749,42.76140056111665,40.09430864620974,3.24,63.0,-0.62,4.88,27.557538773256944
QTWO,2016-01-19,23.06999969482422,23.32999992370605,22.11000061035156,22.36000061035156,281200.0,34.38395831607159,41.23404326133296,45.496431231445655,42.83373583893104,40.1105399597023,3.18,64.0,-0.59,4.83,26.94300661033411
QTWO,2016-01-20,22.100000381469727,22.63999938964844,21.309999465942383,22.290000915527344,367000.0,34.38080458798737,41.14375290054042,45.452112574723394,42.82319561965577,40.1092116994156,3.1,62.0,-0.58,4.87,26.858659464140512
QTWO,2016-01-21,22.209999084472656,22.350000381469727,21.26000022888184,21.38999938964844,239200.0,34.28202883079299,41.70910773918861,45.69499580976558,43.09237466717987,40.31006110018969,3.03,65.0,-0.45,4.74,25.774189589401775
QTWO,2016-01-22,21.809999465942383,22.299999237060547,21.479999542236328,21.979999542236328,215300.0,35.139093121623795,42.12606590167176,45.87159162954524,43.20906359068863,40.36712284414288,2.96,72.0,-0.48,4.61,26.485118819158338
QTWO,2016-01-25,21.89999961853028,22.15999984741211,21.21999931335449,21.309999465942383,104700.0,34.21716294267265,42.539708920396855,46.10489663620494,43.04518442535532,40.431417500800585,2.88,76.0,-0.43,4.48,25.677792522568033
QTWO,2016-01-26,21.350000381469727,21.89999961853028,20.88999938964844,21.600000381469727,205100.0,32.571376036094,42.06163269569061,46.11106961516257,41.888975892836,40.43475612815966,2.8,76.0,-0.46,4.46,26.027233326269933
QTWO,2016-01-27,21.57999992370605,21.700000762939453,21.15999984741211,21.209999084472656,85300.0,32.453614544845735,41.72080067688217,45.542961094656455,41.73080466130488,40.471309692302086,2.73,61.0,-0.46,4.79,25.557295614454024
QTWO,2016-01-28,21.32999992370605,21.489999771118164,20.61000061035156,20.709999084472656,193700.0,32.6458941034999,41.93753185998327,45.66963864185149,41.76768427872802,40.5225104848471,2.65,61.0,-0.42,4.72,24.954813372171326
QTWO,2016-01-29,20.739999771118164,21.76000022888184,20.700000762939453,21.65999984741211,154300.0,35.96646034122612,42.93824635373375,46.28488835887374,42.11723564908609,40.76176951121748,2.57,79.0,-0.49,4.37,26.099530551823392
QTWO,2016-02-01,21.559999465942383,22.31999969482422,21.31999969482422,22.020000457763672,92000.0,36.553992361006,43.11193066020133,45.2587712103067,42.12589538778653,40.74777445085198,2.51,52.0,-0.54,4.83,26.533318501718888
QTWO,2016-02-02,21.75,22.11000061035156,21.299999237060547,21.8799991607666,171800.0,36.49251036712348,43.09659137127545,45.2619533730103,42.128454570054295,40.75131859886965,2.44,52.0,-0.59,4.83,26.364621911044328
QTWO,2016-02-03,22.200000762939453,22.200000762939453,21.229999542236328,21.780000686645508,163100.0,35.99687505513485,42.74602921577903,45.01336893847219,42.12927435094026,40.74171091179486,2.37,50.0,-0.63,5.01,26.24412730121768
QTWO,2016-02-04,21.75,22.06999969482422,21.5,21.86000061035156,134000.0,36.121207334578855,32.853541240485875,44.943087726760425,42.05007096169536,40.73795494498274,2.3,49.0,-0.67,5.05,26.340524368051412
QTWO,2016-02-05,21.81999969482422,21.81999969482422,17.06999969482422,17.940000534057617,634000.0,65.79768498149838,51.3774845076748,54.53476901676482,48.06550835933958,45.27272069479004,2.44,100.0,0.0,10.9,21.617063496623587
QTWO,2016-02-08,17.489999771118164,17.56999969482422,16.450000762939453,16.84000015258789,466300.0,65.93986018171563,52.570349291369446,55.23475756172769,48.57318279490702,45.397966907545865,2.59,100.0,0.8,10.16,20.291602103944186
QTWO,2016-02-09,16.6200008392334,17.979999542236328,16.43000030517578,17.459999084472656,400100.0,67.68770478571193,53.280964388091256,55.60423566837777,48.78445813046587,45.50254843569466,2.73,100.0,0.99,9.92,21.038678797333805
QTWO,2016-02-10,17.690000534057617,18.59000015258789,17.469999313354492,18.32999992370605,366600.0,70.16686992592572,54.47435390605233,56.081115196626655,49.1499167845517,45.7652336170075,2.87,100.0,0.92,9.58,22.08699891015213
QTWO,2016-02-11,19.350000381469727,20.229999542236328,18.8799991607666,19.790000915527344,834100.0,74.81553399630542,57.05411452807764,57.48115164232637,50.00798819119896,46.40465712049079,3.04,100.0,0.77,8.74,23.846248252727033
QTWO,2016-02-12,19.59000015258789,20.11000061035156,18.229999542236328,18.309999465942383,433500.0,77.3257626572364,58.70316168955458,58.40386694414591,50.22826357250285,47.05223496106008,3.23,100.0,0.66,8.12,22.062899068871857
QTWO,2016-02-16,18.799999237060547,19.290000915527344,18.3799991607666,19.26000022888184,259400.0,79.46267327156121,59.84995179814175,58.99806733150738,50.48567134095456,46.58740973339799,3.43,100.0,0.5,7.81,23.20761624852393
QTWO,2016-02-17,19.3700008392334,20.25,19.290000915527344,19.559999465942383,245800.0,79.65724786230642,59.55891270696348,58.97332507726776,50.25206106279474,46.588612607881,3.6,99.0,0.35,7.83,23.569104674578597
QTWO,2016-02-18,19.68000030517578,20.38999938964844,19.46999931335449,20.0,217500.0,80.09798674991184,59.83025605457991,56.94366520560873,50.322512205837846,46.64033297627151,3.74,96.0,0.18,9.03,24.09928969130783
QTWO,2016-02-19,19.959999084472656,20.14999961853028,19.600000381469727,20.020000457763672,215800.0,80.09190926080421,59.53220482454674,55.37111207234212,50.32314695475113,46.63986621153728,3.85,93.0,0.04,10.25,24.123389532588106
QTWO,2016-02-22,20.18000030517578,20.190000534057617,19.809999465942383,19.89999961853028,181700.0,79.87842915113801,59.505772583278905,55.11305741617774,50.32623077990749,46.6262362186796,3.95,91.0,-0.11,10.43,23.97879278319383
QTWO,2016-02-23,19.850000381469727,20.39999961853028,19.549999237060547,20.350000381469727,320000.0,80.31286357988233,59.78438644103687,54.99870406091485,50.34427238984648,46.67499288119127,4.04,90.0,-0.22,10.62,24.52102772056319
QTWO,2016-02-24,20.21999931335449,21.229999542236328,20.0,21.13999938964844,240400.0,81.27421720271413,60.37755658630351,54.98608690386648,50.5527419672466,46.829954057045406,4.11,89.0,-0.32,10.63,25.472948468260427
QTWO,2016-02-25,21.530000686645508,21.670000076293945,20.030000686645508,20.31999969482422,240900.0,81.65037469462469,60.7886820930521,55.28523256561775,50.75460695580762,46.96679587836461,4.18,92.0,-0.43,10.32,24.484877958642777
QTWO,2016-02-26,20.38999938964844,20.57999992370605,20.07999992370605,20.170000076293945,157700.0,79.91669071967321,60.62054949855388,55.29183521870521,50.57206478431393,46.940153785966864,4.25,92.0,-0.53,10.3,24.30413374561544
QTWO,2016-02-29,20.11000061035156,20.729999542236328,20.11000061035156,20.270000457763672,102800.0,79.42738978585918,60.64697762730119,55.15305289123966,50.5157118409804,46.565870696971714,4.31,89.0,-0.63,10.41,24.424630653729455
QTWO,2016-03-01,20.38999938964844,20.90999984741211,20.21999931335449,20.8700008392334,122700.0,79.91861818785202,60.989703261245175,55.16676590556299,50.6268477638217,46.45401362637166,4.37,89.0,-0.7,10.48,25.14760980412616
QTWO,2016-03-02,21.36000061035156,21.770000457763672,20.93000030517578,21.540000915527344,190000.0,80.31045484802635,61.4016245865148,55.41512468983524,50.62604215935112,46.55057783101887,4.43,93.0,-0.76,10.29,25.95493610071647
QTWO,2016-03-03,21.530000686645508,22.190000534057617,21.459999084472656,21.8700008392334,145400.0,80.4487268458899,61.51141038618818,55.189409270129886,50.66092930628729,46.565081476907,4.48,88.0,-0.8,10.47,26.352574288691557
QTWO,2016-03-04,21.8700008392334,21.8700008392334,21.229999542236328,21.31999969482422,116000.0,79.88604766711609,61.15350418334003,55.06178565948522,50.72873273662377,46.63181598219066,4.53,84.0,-0.86,10.51,25.68984244320817
QTWO,2016-03-07,21.18000030517578,21.5,21.059999465942383,21.200000762939453,76800.0,79.4761886665172,61.04226630044924,55.035255554147135,50.724823888909874,46.60578441136771,4.58,83.0,-0.91,10.55,25.545247992101245
QTWO,2016-03-08,21.09000015258789,21.280000686645508,20.82999992370605,20.920000076293945,104400.0,79.06544930933921,60.6867261811319,54.984149710038565,50.70732063150346,46.62063874867216,4.62,80.0,-0.97,10.61,25.207857109039487
QTWO,2016-03-09,21.020000457763672,21.040000915527344,20.40999984741211,20.56999969482422,161600.0,79.08399505500527,60.22519982523589,55.03489889184495,50.71566008867513,46.63005118965869,4.66,82.0,-1.03,10.54,24.78611907978413
QTWO,2016-03-10,20.6200008392334,21.3799991607666,20.520000457763672,21.34000015258789,253300.0,79.68433074486873,60.72346732142586,55.0562667389564,50.91063169929032,46.77236688313022,4.7,83.0,-1.07,10.52,25.713942284488446
QTWO,2016-03-11,21.440000534057617,21.670000076293945,21.299999237060547,21.420000076293945,205800.0,79.36102421411863,60.73923988156941,55.05692003904865,50.913706559319785,46.67801384866114,4.74,83.0,-1.1,10.52,25.81033935132218
QTWO,2016-03-14,21.3700008392334,22.030000686645508,21.280000686645508,21.71999931335449,102600.0,78.38017433602312,60.81023158333876,55.112505407075375,50.75330609803124,46.69867243533618,4.76,84.0,-1.12,10.49,26.171827777376848
QTWO,2016-03-15,21.6200008392334,21.6200008392334,20.65999984741211,20.96999931335449,231800.0,78.86858359554712,61.12907993442613,55.20162202237277,50.891800665351504,46.82274963510233,4.78,88.0,-1.16,10.4,25.26810441395281
QTWO,2016-03-16,20.90999984741211,21.100000381469727,20.549999237060547,20.799999237060547,131200.0,78.87945432426777,61.12684769197551,54.8490861956058,50.77002373980128,46.8109772821437,4.79,74.0,-1.2,10.78,25.063260359645202
QTWO,2016-03-17,20.780000686645508,20.96999931335449,20.15999984741211,20.76000022888184,203300.0,78.87474424663142,60.93771941715188,54.80675837241381,50.52432221214015,46.790162483759616,4.8,73.0,-1.24,10.8,25.015062975372015
QTWO,2016-03-18,20.90999984741211,22.290000915527344,20.90999984741211,22.15999984741211,424500.0,81.21743993191312,62.58282858043651,55.73169226254053,51.06145650494717,47.23729699800175,4.81,94.0,-1.25,10.1,26.70201279410609
QTWO,2016-03-21,22.049999237060547,22.489999771118164,21.71999931335449,22.18000030517578,195900.0,55.431783303578754,62.54429303592231,55.72450771455851,51.04680567409695,47.23561039247544,4.83,93.0,-1.26,10.11,26.72611263538636
QTWO,2016-03-22,22.040000915527344,22.40999984741211,21.989999771118164,22.31999969482422,171700.0,51.2706751848652,62.17790285785186,55.73685545178775,50.9104048264459,47.23433670115862,4.84,94.0,-1.27,10.11,26.894806927773562
QTWO,2016-03-23,22.290000915527344,22.64999961853028,22.200000762939453,22.530000686645508,338500.0,50.63946431561666,62.216154776399065,55.50916911496121,50.91767110670441,47.24169371636427,4.85,90.0,-1.27,10.28,27.14785066464172
QTWO,2016-03-24,22.350000381469727,22.420000076293945,21.920000076293945,22.3700008392334,316000.0,49.36228612046455,62.17384982411068,55.28632270992426,50.64812179288049,46.98056155966259,4.85,86.0,-1.28,10.53,26.955056530974247
QTWO,2016-03-28,22.520000457763672,22.63999938964844,21.809999465942383,21.950000762939453,249100.0,45.1808791958956,62.25663785706092,55.35087479119908,50.62583093777623,46.99679067215762,4.85,87.0,-1.29,10.45,26.44897135552529
QTWO,2016-03-29,21.8799991607666,22.75,21.51000022888184,22.75,131300.0,39.01525909300474,62.75333129663013,55.61243830481863,50.80995073629929,47.078964300049066,4.85,91.0,-1.29,10.24,27.41294202386266
QTWO,2016-03-30,22.790000915527344,23.5,22.790000915527344,23.3700008392334,292400.0,37.294141677285694,63.01363401495449,55.787420011616085,50.69769977289285,47.13666825882531,4.84,94.0,-1.28,10.12,28.160021015539638
QTWO,2016-03-31,23.450000762939453,24.299999237060547,23.3700008392334,24.040000915527344,275100.0,37.74509648674748,63.10387656003219,55.96989306829801,50.81223887333854,47.19672645546397,4.83,94.0,-1.28,9.98,28.96734731212995
QTWO,2016-04-01,23.93000030517578,24.21999931335449,23.39999961853028,24.15999984741211,224200.0,37.46477607303174,62.996255879362536,55.79140653990422,50.81178228647969,47.1960292818157,4.82,93.0,-1.28,10.2,29.11194176323687
QTWO,2016-04-04,24.170000076293945,24.61000061035156,23.96999931335449,24.190000534057617,409900.0,37.46187347546279,62.911845861217,51.77483141517646,50.77116320240901,47.18160323785865,4.82,61.0,-1.25,11.9,29.148091525157284
QTWO,2016-04-05,24.040000915527344,24.049999237060547,23.190000534057617,23.51000022888184,168000.0,38.65354762099639,62.94724552410542,51.80755490808564,50.87500272196506,47.19704265782715,4.82,61.0,-1.22,11.86,28.328715307926842
QTWO,2016-04-06,23.51000022888184,24.200000762939453,23.32999992370605,23.950000762939453,139500.0,38.52491605804707,63.05904035845044,51.78800529497729,50.80945333094525,47.20632018832647,4.82,60.0,-1.2,11.99,28.858900324656073
QTWO,2016-04-07,23.86000061035156,23.86000061035156,22.5,22.600000381469727,181500.0,41.4072617624589,64.16409103232084,52.56680797513455,51.24331192266804,47.56789544591826,4.82,61.0,-1.18,11.06,27.232197810835324
QTWO,2016-04-08,22.86000061035156,22.86000061035156,21.75,22.18000030517578,171500.0,39.99795868375863,64.03726326626915,52.63712640311123,51.25686732562336,47.59346319986212,4.82,61.0,-1.16,10.94,26.72611263538636
QTWO,2016-04-11,22.32999992370605,23.059999465942383,22.11000061035156,22.82999992370605,181500.0,40.5627247235946,63.08800134114899,52.86110794761498,51.33228975342562,47.66174582730292,4.82,61.0,-1.13,10.79,27.50933909069639
QTWO,2016-04-12,22.739999771118164,22.88999938964844,22.489999771118164,22.56999969482422,108800.0,40.81175439859468,62.8784426210297,52.75720943474568,51.344719812843145,47.67408868939362,4.82,60.0,-1.09,10.82,27.19604804891491
QTWO,2016-04-13,22.65999984741211,23.32999992370605,22.65999984741211,23.270000457763672,69500.0,40.88840613299936,63.16412811053943,52.98986619548306,51.45673502063994,47.76318436962625,4.83,61.0,-1.05,10.68,28.039524107425628
QTWO,2016-04-14,23.31999969482422,23.6200008392334,22.96999931335449,23.559999465942383,70600.0,40.11823002146098,63.030182280781965,52.79981774289172,51.12310397914763,47.77705133690912,4.82,59.0,-1.01,10.83,28.388962612840164
QTWO,2016-04-15,23.600000381469727,23.84000015258789,23.36000061035156,23.739999771118164,101400.0,39.97742550688199,63.03948069229275,52.81975070518634,51.04627805810836,47.76233261465973,4.82,59.0,-0.96,10.83,28.605856587787915
QTWO,2016-04-18,23.68000030517578,24.299999237060547,23.559999465942383,24.280000686645508,165700.0,39.4502344120452,62.56536590080326,52.80058336404044,51.1189744289129,47.81005001628287,4.81,58.0,-0.91,10.84,29.25653851263116
QTWO,2016-04-19,24.26000022888184,24.780000686645508,24.26000022888184,24.51000022888184,124400.0,39.36072917130234,62.366521600229774,52.82464405201943,51.10469799865698,47.81424229084374,4.81,59.0,-0.87,10.84,29.533679792492233
QTWO,2016-04-20,24.440000534057617,24.93000030517578,24.440000534057617,24.6200008392334,112700.0,38.98455511593259,61.99288921434086,52.82483582496906,51.10475772988756,47.80573338887746,4.8,59.0,-0.83,10.86,29.666226621246377
QTWO,2016-04-21,24.729999542236328,24.96999931335449,24.6299991607666,24.799999237060547,103600.0,38.40820605781744,61.95832875677383,52.81760781946283,51.10235070771717,47.80996366919182,4.79,56.0,-0.8,10.87,29.883118297906762
QTWO,2016-04-22,24.799999237060547,24.93000030517578,24.06999969482422,24.21999931335449,213400.0,38.22796510230173,62.04533942859588,52.93665343229136,51.08537095322819,47.87163016100983,4.77,60.0,-0.76,10.69,29.18423898879033
QTWO,2016-04-25,24.209999084472656,24.75,24.11000061035156,24.559999465942383,153800.0,38.33101769766859,61.85029110641557,52.83068627737418,50.91463086591487,47.834757079305575,4.76,58.0,-0.72,10.9,29.593927097405555
QTWO,2016-04-26,24.670000076293945,24.809999465942383,24.200000762939453,24.3799991607666,130100.0,38.37578461807576,61.25834141248142,52.8396092331046,50.47774498128624,47.62993621937932,4.74,58.0,-0.67,10.87,29.377033122457807
QTWO,2016-04-27,24.450000762939453,24.540000915527344,23.989999771118164,24.18000030517578,103700.0,36.75852433561405,61.21768821280772,52.82728356707894,50.43048253288541,47.61948382080679,4.72,56.0,-0.62,10.84,29.136041604517143
QTWO,2016-04-28,24.170000076293945,24.84000015258789,24.049999237060547,24.07999992370605,82700.0,36.65488851736548,61.20702700054942,52.78471110253415,50.42025616490239,47.57294955085432,4.7,49.0,-0.56,10.91,29.01554469640313
QTWO,2016-04-29,24.049999237060547,24.26000022888184,23.559999465942383,23.90999984741211,93400.0,36.76847304271842,61.21997164770483,52.77313506472553,50.40474713458303,47.53854152923332,4.67,48.0,-0.5,10.93,28.810700642095522
QTWO,2016-05-02,24.14999961853028,24.290000915527344,23.82999992370605,23.96999931335449,150900.0,31.97384763481768,61.21872445294958,52.36282938652953,50.40203153471342,47.52909714392204,4.65,44.0,-0.45,11.46,28.882997867648978
QTWO,2016-05-03,23.799999237060547,24.350000381469727,23.600000381469727,23.700000762939453,98800.0,32.22633171119027,45.12113269442719,52.33106198866084,50.23486829462412,47.53617631456425,4.63,43.0,-0.39,11.43,28.557659203514724
QTWO,2016-05-04,23.65999984741211,23.8799991607666,23.190000534057617,23.450000762939453,149900.0,32.411871859156975,42.975031974357655,52.12615132457562,50.14777392101416,47.54024495899905,4.6,42.0,-0.31,11.55,28.256418082373376
QTWO,2016-05-05,23.56999969482422,23.670000076293945,22.63999938964844,22.89999961853028,163600.0,33.138390191323715,42.904055988480685,51.94259459257788,50.195353920203885,47.60113724694299,4.58,41.0,-0.25,11.6,27.59368623689
QTWO,2016-05-06,22.700000762939453,23.209999084472656,22.46999931335449,23.190000534057617,168500.0,33.234243640196844,41.94664488899221,51.8935238906484,50.19951848247229,47.4106366588249,4.56,40.0,-0.17,11.74,27.943127040591893
QTWO,2016-05-09,23.56999969482422,25.31999969482422,23.290000915527344,24.90999984741211,494800.0,38.41268916459863,41.58116371262462,53.178848196025285,50.8042709087914,47.198981810387146,4.54,61.0,-0.13,10.76,30.015665126660917
QTWO,2016-05-10,25.059999465942383,25.3799991607666,24.51000022888184,24.739999771118164,218500.0,37.33948255839771,38.028147047519525,53.17194367497356,50.769640860219,47.0768073166843,4.52,60.0,-0.09,10.74,29.810821072353306
QTWO,2016-05-11,24.479999542236328,24.549999237060547,23.850000381469727,24.32999992370605,133300.0,37.03180654964962,37.072840182171625,53.2269835457983,50.73057480966328,47.07678178284239,4.5,61.0,-0.05,10.64,29.316785817544478
QTWO,2016-05-12,24.32999992370605,24.32999992370605,22.690000534057617,23.5,392700.0,37.54752432756145,37.82258807694955,53.490660852112505,50.88502358060292,47.203116626319286,4.47,61.0,0.0,10.31,28.316665387286697
QTWO,2016-05-13,23.51000022888184,23.729999542236328,23.36000061035156,23.540000915527344,178200.0,37.516008717003466,37.61119963321548,53.32653163439359,50.86771192158861,47.17919181722491,4.43,60.0,0.08,10.53,28.36486506984725
QTWO,2016-05-16,23.56999969482422,23.780000686645508,22.489999771118164,22.82999992370605,315400.0,38.48479591391333,38.22625182439482,53.52760478253564,50.890005562227046,47.27482866652502,4.4,61.0,0.18,10.28,27.50933909069639
QTWO,2016-05-17,22.739999771118164,23.1299991607666,22.049999237060547,22.18000030517578,119900.0,38.50720873695829,38.72004909567483,53.678609454156856,50.96393125673275,47.36003761827602,4.36,61.0,0.27,10.05,26.72611263538636
QTWO,2016-05-18,22.170000076293945,22.729999542236328,22.15999984741211,22.40999984741211,134200.0,38.19953998805038,38.52515735571151,53.46050774991989,50.98127236476888,47.32155480918123,4.33,58.0,0.26,10.22,27.003253915247438
QTWO,2016-05-19,22.34000015258789,22.46999931335449,21.809999465942383,22.21999931335449,125600.0,34.423250494708675,37.81772627395611,53.45214438974999,50.95521104555276,47.32821011221334,4.29,57.0,0.25,10.23,26.77431001965955
QTWO,2016-05-20,22.25,22.959999084472656,22.14999961853028,22.780000686645508,311600.0,34.741692459871935,37.17881006597171,53.58260240187416,50.74353808475252,47.362764610719225,4.25,60.0,0.27,10.19,27.449091785783068
QTWO,2016-05-23,22.739999771118164,23.8700008392334,22.5,23.59000015258789,806800.0,35.20691512835863,37.73453054092224,53.89456614927264,50.92072375489178,47.49415170130288,4.21,61.0,0.26,9.99,28.425112374760573
QTWO,2016-05-24,23.6200008392334,25.0,23.530000686645508,24.93000030517578,246400.0,38.31230516546514,39.24547612949002,54.616076490854745,51.34954460004161,47.81534756586295,4.15,62.0,0.21,9.52,30.039764967941192
QTWO,2016-05-25,24.920000076293945,25.0,24.450000762939453,24.81999969482422,200300.0,37.48425614204772,38.90746977354962,54.590971922266185,50.82487835291919,47.80909426905578,4.09,61.0,0.19,9.56,29.90721813918704
QTWO,2016-05-26,24.920000076293945,25.0,24.770000457763672,24.90999984741211,83700.0,37.362150731972136,38.44542702351889,54.43630033684198,50.82754958663471,47.33888230587059,4.02,59.0,0.19,9.76,30.015665126660917
QTWO,2016-05-27,24.799999237060547,25.0,24.729999542236328,24.959999084472656,108400.0,37.32243858493647,38.353051415028126,54.3487664679273,50.721958385232846,47.25869778085372,3.95,58.0,0.19,9.89,30.075912431574242
QTWO,2016-05-31,25.0,25.14999961853028,24.790000915527344,24.979999542236328,307100.0,36.796682115127744,37.9188710891316,54.28578025379811,50.67173298064135,47.063686877720464,3.88,57.0,0.19,9.98,30.100012272854514
QTWO,2016-06-01,24.940000534057617,25.850000381469727,24.940000534057617,25.71999931335449,264500.0,37.6290233338942,38.26433545013644,54.31029533691307,50.78987512592289,47.14661417667581,3.81,57.0,0.16,10.08,30.99168571563842
QTWO,2016-06-02,25.700000762939453,27.09000015258789,25.700000762939453,27.020000457763672,474900.0,40.08913372979279,39.2484316966547,54.848313578153,51.105344497410776,47.40157336618703,3.72,63.0,0.24,9.73,32.558140924545846
QTWO,2016-06-03,26.729999542236328,27.81999969482422,26.3700008392334,27.690000534057617,391700.0,40.55280857127618,39.21248243650834,54.97246979007549,51.15752884330597,47.461932033211845,3.64,64.0,0.39,9.67,33.36546722113615
QTWO,2016-06-06,27.59000015258789,28.21999931335449,27.51000022888184,28.01000022888184,258200.0,39.76568675572626,38.675694695160736,54.800545455995085,51.10258728685972,47.43674422380043,3.54,60.0,0.51,9.91,33.7510554884711
QTWO,2016-06-07,27.96999931335449,28.31999969482422,27.82999992370605,27.8799991607666,186200.0,39.7613009876682,38.721258169209285,53.88744503179807,51.07766414184659,47.43386843018803,3.46,51.0,0.51,10.82,33.594408818436676
QTWO,2016-06-08,27.989999771118164,28.520000457763672,27.809999465942383,28.34000015258789,129200.0,39.75521715793187,38.75030052325533,53.78114387445103,50.91115492132524,47.45853032350421,3.38,50.0,0.53,10.9,34.148693676446186
QTWO,2016-06-09,28.309999465942383,28.38999938964844,27.790000915527344,27.86000061035156,120600.0,40.09268611629558,38.13441655907116,53.85622037322031,50.894551960472434,47.36040635080763,3.29,50.0,0.45,10.76,33.57031127544376
QTWO,2016-06-10,27.51000022888184,27.729999542236328,26.950000762939453,27.1299991607666,154700.0,41.03813698393883,38.58395684985732,53.9063018196757,50.9435408897667,47.38244856111146,3.19,52.0,0.32,10.7,32.690685455012634
QTWO,2016-06-13,27.09000015258789,27.440000534057617,26.75,27.0,164100.0,40.99000263199657,38.60870061126004,53.91094372906751,49.46957373069023,47.37539398633745,3.1,52.0,0.2,10.69,32.53404108326558
QTWO,2016-06-14,26.709999084472656,27.25,26.63999938964844,27.040000915527344,198000.0,40.9944407408949,36.46622546427468,53.46565761596487,48.40593806419951,47.27021357733794,3.0,42.0,0.11,11.23,32.58224076582612
QTWO,2016-06-15,27.280000686645508,27.64999961853028,27.020000457763672,27.32999992370605,151700.0,40.7740673984167,36.49351130155412,53.334155594752616,48.279421724376334,47.28132964896051,2.9,39.0,0.01,11.32,32.931679271240654
QTWO,2016-06-16,27.190000534057617,27.309999465942383,26.690000534057617,27.18000030517578,124200.0,40.63370427355407,36.53473000841171,53.08410425972585,48.10218032444741,47.276177746292575,2.8,34.0,-0.07,11.65,32.75093505821332
QTWO,2016-06-17,27.25,27.850000381469727,26.59000015258789,27.3799991607666,415200.0,39.71726614833758,36.52264855248548,53.06030521024251,47.89569583440556,47.27849503673891,2.7,33.0,-0.14,11.66,32.99192657615398
QTWO,2016-06-20,27.559999465942383,28.25,27.440000534057617,27.86000061035156,159800.0,39.81100496809292,36.5705488180729,53.00956032187951,47.90762013344133,47.27599347068065,2.57,32.0,-0.2,11.8,33.57031127544376
QTWO,2016-06-21,28.450000762939453,28.450000762939453,27.8799991607666,28.299999237060547,229800.0,34.810407852107616,36.3438676558777,52.876192449270384,47.93995923424364,47.28632993982741,2.44,29.0,-0.23,12.05,34.100493993885635
QTWO,2016-06-22,28.350000381469727,28.350000381469727,27.799999237060547,28.21999931335449,311300.0,34.71843697021833,35.768647844482565,52.45848578982225,47.865753537585256,47.28464960363949,2.33,13.0,-0.28,12.38,34.0040969270519
QTWO,2016-06-23,28.43000030517578,28.690000534057617,28.11000061035156,28.670000076293945,174900.0,34.27802734548213,35.53188679339931,52.45413572771527,47.74277950250181,47.31039721938374,2.16,12.0,-0.33,12.39,34.54633186442127
QTWO,2016-06-24,27.5,27.920000076293945,27.299999237060547,27.36000061035156,775900.0,35.65687460688823,36.60114086867468,53.01971490989816,48.07544427524068,47.40697387527539,1.98,32.0,-0.39,11.69,32.96782903316107
QTWO,2016-06-27,27.229999542236328,27.229999542236328,25.700000762939453,26.13999938964844,318800.0,38.56390461839714,37.8807893088556,53.55148554223915,48.22016179975198,47.6142346051035,1.76,44.0,-0.43,11.05,31.497770891087384
QTWO,2016-06-28,26.479999542236328,26.940000534057617,26.239999771118164,26.559999465942383,132200.0,37.3256962278639,37.99918570481001,53.59765136036029,48.110074655120485,47.53533417250927,1.5,45.0,-0.47,11.04,32.00385606653634
QTWO,2016-06-29,26.850000381469727,27.489999771118164,26.65999984741211,27.459999084472656,107900.0,36.762218882252746,38.022268709439246,43.247557539426914,48.2429082518907,47.47960760925423,1.86,1.0,-0.5,0.73,33.08832364298772
QTWO,2016-06-30,27.559999465942383,28.040000915527344,27.270000457763672,28.020000457763672,263600.0,36.9477218598733,38.053245997443895,41.939817598421705,48.23426936181091,47.45440256732248,2.21,1.0,-0.66,0.79,33.76310540911124
QTWO,2016-07-01,27.8700008392334,28.26000022888184,27.549999237060547,27.88999938964844,117400.0,36.81941356542976,35.933916246936185,41.66986368783845,48.23462954449997,47.44211579754364,2.52,1.0,-0.79,0.86,33.606458739076814
QTWO,2016-07-05,27.920000076293945,27.920000076293945,27.26000022888184,27.36000061035156,104400.0,37.23206665514303,35.945324719098295,41.23781689335242,48.11162274868785,47.378609188906594,2.81,1.0,-0.86,0.95,32.96782903316107
QTWO,2016-07-06,27.26000022888184,27.63999938964844,27.0,27.190000534057617,134500.0,36.36351944916937,35.6048700180563,39.587793187982825,48.11639230753604,47.37430734298668,3.11,1.0,-0.88,0.89,32.76298497885346
QTWO,2016-07-07,27.1200008392334,27.709999084472656,27.1200008392334,27.43000030517578,136900.0,33.102011750086646,35.49751369956553,37.40947479493112,48.12383966678564,47.16169891050141,3.46,1.0,-0.98,0.44,33.05217617935467
QTWO,2016-07-08,27.709999084472656,28.1299991607666,27.64999961853028,27.89999961853028,176600.0,33.25573322589214,35.15947014314869,36.71936841321465,48.03873147172785,47.14627834482986,3.79,1.0,-1.03,0.54,33.61850865971696
QTWO,2016-07-11,27.89999961853028,28.489999771118164,27.690000534057617,27.86000061035156,211200.0,33.2916696120707,35.11636188902529,36.6796618157025,47.7814475277355,47.144194627201855,4.08,1.0,-1.08,0.56,33.57031127544376
QTWO,2016-07-12,28.280000686645508,28.350000381469727,27.75,28.09000015258789,220400.0,33.31241709549916,35.120162178924495,36.56496641766942,47.77109307044467,46.99077769686171,4.37,1.0,-1.11,0.6,33.847452555304834
QTWO,2016-07-13,28.18000030517578,28.3700008392334,27.32999992370605,27.420000076293945,175200.0,34.28661024649405,35.303449256739974,36.8238038614315,47.81162720678251,47.0501810846562,4.64,4.0,-1.14,0.53,33.04012625871453
QTWO,2016-07-14,27.559999465942383,28.01000022888184,27.31999969482422,27.34000015258789,166100.0,33.415672191488106,35.28358451807468,36.80750616720394,47.81068294709144,47.04785662750079,4.89,4.0,-1.18,0.54,32.94372919188079
QTWO,2016-07-15,27.530000686645508,27.56999969482422,27.1299991607666,27.39999961853028,78200.0,30.265376452564794,35.27934258912636,36.67894220007148,47.81013856339332,47.01945243781771,5.12,2.0,-1.2,0.59,33.01602641743426
QTWO,2016-07-18,27.270000457763672,27.780000686645508,27.25,27.530000686645508,106000.0,29.43252314595358,35.2662226197115,36.24582388275477,47.6654992743802,47.02157022249677,5.35,1.0,-1.22,0.71,33.17267308746868
QTWO,2016-07-19,27.600000381469727,27.700000762939453,27.26000022888184,27.290000915527344,109700.0,29.318866663699826,34.93832079814532,35.65794238218324,47.51365704669694,46.94265937852142,5.58,1.0,-1.24,0.83,32.883481886967466
QTWO,2016-07-20,27.5,28.36000061035156,27.36000061035156,28.299999237060547,115500.0,31.205707518830494,35.56166458099316,36.00907328266663,47.69278876740521,47.07683360264763,5.78,2.0,-1.27,0.71,34.100493993885635
QTWO,2016-07-21,28.25,28.5,28.01000022888184,28.170000076293945,141800.0,30.869237815107336,35.53400542715246,36.03045441174783,47.67208601000956,47.06186010950872,5.97,3.0,-1.31,0.7,33.94384962213857
QTWO,2016-07-22,28.1299991607666,28.549999237060547,28.049999237060547,28.32999992370605,140900.0,30.489913000688716,35.47027322066481,35.79312739566919,47.674972409970565,47.01970630181809,6.15,2.0,-1.33,0.79,34.13664375580605
QTWO,2016-07-25,28.1200008392334,28.51000022888184,27.979999542236328,28.11000061035156,121800.0,29.509608460521356,35.507979125005775,35.538892775344216,47.683040950175474,47.02556484402224,6.33,1.0,-1.33,0.89,33.87155239658511
QTWO,2016-07-26,28.14999961853028,29.520000457763672,28.100000381469727,29.26000022888184,420900.0,31.518972270153128,36.267903977404224,35.9794444354525,47.78162000162454,47.17232898434267,6.49,4.0,-1.31,0.77,35.25726109417784
QTWO,2016-07-27,29.459999084472656,29.979999542236328,29.39999961853028,29.850000381469727,255400.0,31.910660112058142,36.42635429650474,35.789567027431325,45.32700720104831,46.92201760571422,6.64,3.0,-1.26,0.8,35.968190323934415
QTWO,2016-07-28,29.940000534057617,29.96999931335449,29.32999992370605,29.43000030517578,124500.0,32.22249137155567,36.48091062226978,35.86970281997313,45.25203687947554,46.87131078331889,6.78,5.0,-1.25,0.78,35.46210514848545
QTWO,2016-07-29,29.51000022888184,29.770000457763672,29.13999938964844,29.68000030517578,102500.0,32.1764188196169,36.372708374581,35.77993913023859,45.17652809736845,46.87805128489608,6.92,3.0,-1.24,0.8,35.7633462696268
QTWO,2016-08-01,29.75,30.440000534057617,29.75,30.38999938964844,221700.0,32.71284629504033,36.12888516766796,35.77082657230817,45.256953241815545,46.91687951977148,7.05,3.0,-1.21,0.79,36.61886995049029
QTWO,2016-08-02,30.57999992370605,30.729999542236328,30.06999969482422,30.309999465942383,155300.0,32.48724977617247,36.12196170478719,35.394665112653264,45.25838629949448,46.914071262994526,7.18,1.0,-1.18,0.92,36.52247288365656
QTWO,2016-08-03,30.270000457763672,30.40999984741211,29.799999237060547,30.3700008392334,325300.0,32.257820666702095,33.30752091899725,35.39547759997172,45.25638561573955,46.90411066424925,7.3,2.0,-1.15,0.92,36.59477240749738
QTWO,2016-08-04,29.8700008392334,30.280000686645508,26.61000061035156,28.75,1123600.0,36.25497896196984,35.32184502006896,36.54338210197163,45.66439300214632,47.16355710338887,7.39,14.0,-1.16,0.88,34.64272893125501
QTWO,2016-08-05,28.950000762939453,28.950000762939453,27.700000762939453,27.93000030517578,670300.0,36.93855041054959,35.69280384534043,36.39235931357583,45.78063918836813,47.09367229197667,7.48,14.0,-1.19,0.9,33.654658421637365
QTWO,2016-08-08,27.8799991607666,27.88999938964844,25.940000534057617,26.01000022888184,946100.0,40.12125632150176,38.018301019570536,38.21023870303937,46.41790192220602,47.29970803288798,7.54,23.0,-1.21,1.11,31.341126519340325
QTWO,2016-08-09,25.979999542236328,26.530000686645508,25.8700008392334,26.209999084472656,306900.0,37.96574847418458,38.037974168615776,38.21396934254079,46.42693704938566,47.26223965629282,7.59,24.0,-1.25,1.11,31.582118037280978
QTWO,2016-08-10,26.21999931335449,26.5,25.34000015258789,25.57999992370605,302200.0,38.29733548162133,37.830134322835264,37.08846824603782,46.42283893648303,47.314035807538815,7.65,22.0,-1.23,1.07,30.822991423251217
QTWO,2016-08-11,25.670000076293945,26.350000381469727,25.309999465942383,26.229999542236328,331300.0,37.72153289586262,37.57077798500716,37.2779416463132,46.52014904030506,47.36415175433704,7.7,23.0,-1.21,1.01,31.606217878561253
QTWO,2016-08-12,26.21999931335449,26.31999969482422,25.950000762939453,26.25,168100.0,37.16582389428116,37.54009655423592,37.27085080739806,46.51349820786862,47.360496022997744,7.74,23.0,-1.18,1.01,31.63031771984153
QTWO,2016-08-15,26.200000762939453,26.93000030517578,26.200000762939453,26.700000762939453,466000.0,37.56795311525662,37.58050801639605,37.330862247744186,46.546104731017465,47.25742427509769,7.78,25.0,-1.16,0.99,32.1725526572109
QTWO,2016-08-16,26.229999542236328,26.68000030517578,26.01000022888184,26.65999984741211,318000.0,37.19033542524366,37.31400035023667,37.30767988410586,46.54623201320023,47.18591598381073,7.82,25.0,-1.14,1.0,32.12435297465035
QTWO,2016-08-17,26.63999938964844,26.739999771118164,26.440000534057617,26.57999992370605,310700.0,37.16159996395895,36.71579746725445,37.16798852630552,46.43677084991798,47.17084047137314,7.86,23.0,-1.13,1.06,32.027955907816605
QTWO,2016-08-18,26.5,27.06999969482422,26.5,26.799999237060547,182700.0,37.14976562017935,35.02840804839728,36.7839717002419,46.44747395711285,47.16387784729759,7.89,20.0,-1.1,1.18,32.29304726703755
QTWO,2016-08-19,26.76000022888184,27.709999084472656,26.75,27.11000061035156,286400.0,36.95525795912374,35.071118826578406,36.59573445052533,46.45617075258496,47.0761124171943,7.93,17.0,-1.07,1.24,32.666587912019715
QTWO,2016-08-22,27.049999237060547,27.729999542236328,27.01000022888184,27.559999465942383,221800.0,37.29763297587609,35.2032456456961,36.42342368130386,46.4639377679274,47.07242013468292,7.95,15.0,-1.06,1.3,33.20882055110173
QTWO,2016-08-23,27.6299991607666,28.350000381469727,27.6299991607666,28.21999931335449,443300.0,37.87062542659682,35.49036719598102,36.59100806139634,46.53115355676697,47.07049969193586,7.97,18.0,-1.06,1.24,34.0040969270519
QTWO,2016-08-24,28.209999084472656,29.030000686645508,28.1299991607666,28.959999084472656,419900.0,37.85732539693866,35.82351832742627,36.79421402648045,46.35240512653856,47.13719686270989,8.02,24.0,-1.06,1.17,34.8957703698358
QTWO,2016-08-25,28.600000381469727,29.100000381469727,28.51000022888184,29.030000686645508,384200.0,37.8308088661675,35.3878249853348,36.471774470526256,46.32324520535687,47.12617114088383,8.07,16.0,-1.05,1.3,34.980119814316765
QTWO,2016-08-26,28.8799991607666,29.0,27.90999984741211,28.43000030517578,2219900.0,38.40743064482744,34.288082515517274,36.55651447528237,46.26586246452159,47.09002265058861,8.12,18.0,-1.04,1.25,34.25714066392006
QTWO,2016-08-29,28.420000076293945,28.68000030517578,28.020000457763672,28.350000381469727,287700.0,38.40993319888462,33.93867213478277,35.28884910093975,46.0987195011271,47.06039461261816,8.17,1.0,-1.01,1.38,34.160743597086324
QTWO,2016-08-30,28.440000534057617,28.549999237060547,28.209999084472656,28.459999084472656,259700.0,38.30606757349659,33.868113239755495,35.12812525746032,46.02568339533537,47.06161026720636,8.22,1.0,-1.0,1.46,34.29328812755311
QTWO,2016-08-31,28.450000762939453,28.670000076293945,28.100000381469727,28.31999969482422,207400.0,36.87555891950402,33.869893466453696,34.89080097277247,46.02970587026476,47.03400729078865,8.27,1.0,-0.97,1.55,34.12459383516591
QTWO,2016-09-01,28.06999969482422,28.56999969482422,28.06999969482422,28.46999931335449,193600.0,36.879074047698175,33.72065951922056,34.82573081189252,46.02675134372263,46.8136792342563,8.32,1.0,-0.94,1.59,34.30533804819325
QTWO,2016-09-02,28.739999771118164,28.739999771118164,28.420000076293945,28.6299991607666,114200.0,36.878333365829086,33.5476776562488,34.5351207463038,46.0306344569055,46.81657882279156,8.36,1.0,-0.9,1.7,34.49813218186072
QTWO,2016-09-06,28.809999465942383,29.0,28.459999084472656,28.64999961853028,158600.0,36.79735417712456,33.072181225395006,34.49609967938956,46.03062399673254,46.81657427889936,8.4,1.0,-0.85,1.72,34.522232023141
QTWO,2016-09-07,28.700000762939453,28.96999931335449,28.31999969482422,28.59000015258789,161600.0,34.84564591761472,33.056862901826165,34.49001180347677,45.90991370948254,46.41516295027023,8.44,1.0,-0.8,1.72,34.44993479758753
QTWO,2016-09-08,28.63999938964844,28.64999961853028,28.280000686645508,28.51000022888184,147200.0,34.288678151249606,33.065597886278866,34.33824262577955,45.908395609262,46.41588984341819,8.47,1.0,-0.75,1.79,34.3535377307538
QTWO,2016-09-09,28.309999465942383,28.39999961853028,28.030000686645508,28.15999984741211,284400.0,34.23445374584961,33.11114539999303,34.38598784951548,45.92337266361067,46.35327952844836,8.5,2.0,-0.7,1.76,33.93179970149844
QTWO,2016-09-12,27.82999992370605,28.56999969482422,27.65999984741211,28.56999969482422,215800.0,34.42911888504057,33.20910547950837,34.44522815584586,45.8120449650406,46.33359405161622,8.53,3.0,-0.65,1.73,34.42583495630726
QTWO,2016-09-13,28.450000762939453,28.64999961853028,28.11000061035156,28.18000030517578,362500.0,33.77742397650125,33.313635853671954,34.516840054273615,45.823122076366055,46.35000509609854,8.55,6.0,-0.6,1.69,33.95589954277871
QTWO,2016-09-14,28.09000015258789,28.34000015258789,27.959999084472656,28.299999237060547,197100.0,33.834210422889385,33.13736027030128,34.28706100953619,45.790139568334496,46.33132725285126,8.57,1.0,-0.52,1.8,34.100493993885635
QTWO,2016-09-15,28.299999237060547,28.479999542236328,28.15999984741211,28.420000076293945,116700.0,33.86518712150716,32.9927848538209,34.232398799658164,45.78799575270847,46.30672623731032,8.58,1.0,-0.45,1.83,34.245090743279924
QTWO,2016-09-16,28.43000030517578,28.5,28.200000762939453,28.25,290100.0,30.01204105338269,33.01107343119037,34.22418394000531,45.7763552535539,46.252909121748864,8.59,1.0,-0.36,1.83,34.04024668897232
QTWO,2016-09-19,28.25,28.57999992370605,28.06999969482422,28.350000381469727,133500.0,28.797468934666863,32.85552178535001,34.19016413285515,45.75558188885769,46.233243836808505,8.6,1.0,-0.26,1.86,34.160743597086324
QTWO,2016-09-20,28.440000534057617,28.459999084472656,28.030000686645508,28.239999771118164,106200.0,19.258385060029635,31.401928291697264,34.18909272158559,45.64638512564439,46.07270162769553,8.6,1.0,-0.14,1.86,34.02819676833217
QTWO,2016-09-21,28.25,28.559999465942383,28.1299991607666,28.40999984741211,160800.0,19.227562078736632,29.908578673129547,34.167645508520536,45.58753980576857,46.03185630206392,8.6,1.0,-0.01,1.87,34.233040822639786
QTWO,2016-09-22,28.36000061035156,28.6299991607666,28.209999084472656,28.34000015258789,205800.0,17.527002279853534,29.763606258524597,34.17386905285058,45.54378833592733,45.99617948799073,8.61,2.0,0.14,1.87,34.148693676446186
QTWO,2016-09-23,28.39999961853028,28.5,28.280000686645508,28.3799991607666,96900.0,16.281478402472814,28.99566059572025,34.1102657142309,45.42750809548643,44.82713330910139,8.6,1.0,0.31,1.91,34.19689106071937
QTWO,2016-09-26,28.200000762939453,28.32999992370605,27.90999984741211,28.15999984741211,233500.0,16.55254273923684,28.752089229305287,34.08706927069512,45.43381301244081,43.99800401196081,8.6,1.0,0.5,1.92,33.93179970149844
QTWO,2016-09-27,28.100000381469727,28.90999984741211,28.100000381469727,28.89999961853028,141100.0,17.420617369997128,29.21667008803447,34.05084817394465,45.52984763657879,43.9604221755623,8.59,1.0,0.68,1.95,34.82347314428235
QTWO,2016-09-28,28.93000030517578,29.049999237060547,28.61000061035156,29.040000915527344,214700.0,17.38653205362737,28.93547513668232,34.01362485331935,45.40641537791095,43.81879754359812,8.59,1.0,0.89,1.97,34.99216973495691
QTWO,2016-09-29,28.93000030517578,29.21999931335449,28.489999771118164,28.51000022888184,121300.0,18.38302444890744,29.172273735151755,32.303254161895325,44.866810651457165,43.69421368045703,8.58,1.0,1.05,1.65,34.3535377307538
QTWO,2016-09-30,28.670000076293945,28.790000915527344,28.1200008392334,28.65999984741211,198500.0,18.31978798666633,29.13981981252188,32.28217824631828,44.7599090910149,43.67403218780918,8.56,1.0,1.25,1.67,34.53428194378113
QTWO,2016-10-03,28.5,28.770000457763672,28.170000076293945,28.61000061035156,216400.0,18.13909867313646,28.945659928444893,32.15479020175675,44.751403064156285,43.674559090067504,8.55,1.0,1.5,1.75,34.474034638867806
QTWO,2016-10-04,28.56999969482422,29.209999084472656,28.520000457763672,29.09000015258789,145900.0,18.151490978739314,29.132594009873756,31.7080930127797,44.69823385712072,43.64381137766637,8.52,1.0,1.81,1.98,35.052417039870235
QTWO,2016-10-05,29.100000381469727,29.11000061035156,28.770000457763672,28.850000381469727,96900.0,17.14109244479689,29.147446529289805,31.751156303892078,44.70983982083271,43.532093775451614,8.5,2.0,2.16,1.94,34.763225839369014
QTWO,2016-10-06,28.700000762939453,28.700000762939453,28.280000686645508,28.459999084472656,205900.0,15.881616822592472,28.8463980978609,31.418798582039503,44.45773498357394,43.55560793050636,8.47,1.0,2.53,2.1,34.29328812755311
QTWO,2016-10-07,28.440000534057617,28.440000534057617,28.07999992370605,28.3700008392334,120500.0,15.872542455096262,28.847729252501036,31.03393294743968,44.35643548746774,43.4272799096023,8.43,1.0,2.63,2.32,34.1848434383666
QTWO,2016-10-10,28.420000076293945,28.8700008392334,28.350000381469727,28.690000534057617,71600.0,15.04191984125236,28.92795477800926,31.04006024408076,44.20351408691028,43.3267147926072,8.4,2.0,2.64,2.32,34.570431705701544
QTWO,2016-10-11,28.670000076293945,28.670000076293945,27.81999969482422,28.18000030517578,604300.0,15.926696608893002,29.16726332131293,31.160730637589083,44.24130654529789,43.34411408606266,8.35,3.0,1.99,2.23,33.95589954277871
QTWO,2016-10-12,28.100000381469727,28.31999969482422,27.959999084472656,28.170000076293945,145800.0,15.879811593785249,29.10550934031114,30.953454201685936,44.17978084504243,43.29293563978921,8.3,1.0,1.2,2.33,33.94384962213857
QTWO,2016-10-13,27.89999961853028,28.100000381469727,27.670000076293945,28.100000381469727,170100.0,15.834167635151571,28.13657423659998,30.510475248652867,44.07883645544912,43.29118304257114,8.24,1.0,0.69,2.51,33.85950247594497
QTWO,2016-10-14,28.239999771118164,28.40999984741211,27.89999961853028,28.15999984741211,112500.0,15.764524073180402,28.12456948548576,29.28000446473712,43.77881687560141,43.14828100325426,8.18,1.0,0.81,2.67,33.93179970149844
QTWO,2016-10-17,28.14999961853028,28.299999237060547,27.950000762939453,28.0,74900.0,15.732943015535664,28.123129469864605,29.28696041803488,43.75029918569988,43.15135499317953,8.11,2.0,0.85,2.66,33.739005567830965
QTWO,2016-10-18,28.350000381469727,28.450000762939453,28.14999961853028,28.350000381469727,70400.0,16.186600433826623,28.19489477291756,29.338723576627277,43.76019068353676,43.16584546172264,8.04,3.0,0.85,2.64,34.160743597086324
QTWO,2016-10-19,28.450000762939453,28.450000762939453,28.0,28.25,92000.0,16.205416207949412,26.9442208925466,29.34847750082834,43.758337940508966,43.06855572985924,7.95,4.0,0.78,2.62,34.04024668897232
QTWO,2016-10-20,28.14999961853028,28.200000762939453,27.89999961853028,28.049999237060547,132500.0,16.30852032908486,26.631736632968835,29.37829393283331,43.76919825959229,42.87190223233032,7.86,5.0,0.56,2.59,33.79925287274429
QTWO,2016-10-21,27.89999961853028,28.75,27.700000762939453,28.75,75600.0,17.465015940670188,26.999789930144324,29.27659516552883,36.9042832103871,42.92425152332788,7.76,1.0,0.59,2.63,34.64272893125501
QTWO,2016-10-24,28.89999961853028,29.5,28.89999961853028,29.350000381469727,167300.0,17.974608241870264,27.284689942889205,28.416645525963983,36.12233042855038,42.931024335242505,7.65,1.0,0.58,2.75,35.36570808165172
QTWO,2016-10-25,29.25,29.32999992370605,28.14999961853028,28.25,212200.0,20.8698579663572,27.91418601160801,28.82735120055944,36.23521687225376,43.10446554990583,7.52,2.0,0.59,2.47,34.04024668897232
QTWO,2016-10-26,28.14999961853028,28.450000762939453,28.049999237060547,28.200000762939453,156300.0,20.838334116222608,27.912871346643097,28.77196225414618,35.823753564755414,43.104332627837024,7.38,2.0,0.59,2.49,33.979999384058985
QTWO,2016-10-27,28.25,28.299999237060547,27.89999961853028,28.0,124000.0,20.892023079795468,27.93084027320008,28.78491567899689,34.73418359290157,42.99414400051222,7.25,3.0,0.59,2.47,33.739005567830965
QTWO,2016-10-28,28.049999237060547,28.549999237060547,27.950000762939453,28.25,88300.0,20.99658950537134,25.68344771658077,28.70135780984296,33.42496604096456,42.87277939815144,7.12,2.0,0.59,2.51,34.04024668897232
QTWO,2016-10-31,28.350000381469727,28.39999961853028,27.799999237060547,28.100000381469727,200200.0,21.02397372676879,25.005594519560425,28.584008481978383,32.941676521736376,42.869663965733935,6.97,2.0,0.6,2.62,33.85950247594497
QTWO,2016-11-01,28.25,28.350000381469727,27.700000762939453,28.049999237060547,187100.0,21.001547788237776,20.11800436948358,28.26510904314245,32.90639397639805,42.84982962603716,6.81,1.0,0.67,2.89,33.79925287274429
QTWO,2016-11-02,27.850000381469727,27.950000762939453,26.39999961853028,26.549999237060547,354500.0,26.215565250793745,23.13392915972305,29.587585777397745,33.50036314534524,43.20630682769525,6.63,14.0,0.63,2.57,31.991806145896202
QTWO,2016-11-03,25.350000381469727,28.200000762939453,25.229999542236328,27.0,358700.0,26.79100564834011,22.803525002562647,29.7091096464896,33.54872618399658,43.23568726548642,6.44,15.0,0.62,2.52,32.53404108326558
QTWO,2016-11-04,27.39999961853028,28.25,27.100000381469727,27.549999237060547,236800.0,27.5166451847861,22.60171512693324,29.834038150377676,33.6073613080834,43.182594907469245,6.23,16.0,0.64,2.46,33.19677063046159
QTWO,2016-11-07,28.100000381469727,29.799999237060547,27.799999237060547,29.600000381469727,331000.0,34.56692662952914,26.87520809763543,31.915276558227845,34.52868250023498,41.81301846725204,6.01,25.0,0.61,2.9,35.66694920279306
QTWO,2016-11-08,29.549999237060547,29.950000762939453,29.100000381469727,29.200000762939453,301700.0,34.0497652541132,26.877678549991145,31.980091331664923,34.31086750423115,41.75359265765952,5.76,26.0,0.58,2.83,35.18496386862438
QTWO,2016-11-09,28.75,29.64999961853028,27.89999961853028,29.600000381469727,464700.0,34.244634951684226,26.983937417573035,31.935403908137623,33.983827282145185,41.70980500348927,5.5,26.0,0.5,2.86,35.66694920279306
QTWO,2016-11-10,29.75,29.950000762939453,28.75,29.89999961853028,310700.0,33.8606378747423,27.01886382047132,31.88059965394808,33.97802208706428,41.71961772685378,5.22,25.0,0.4,2.89,36.02843762884774
QTWO,2016-11-11,29.850000381469727,32.279998779296875,29.75,32.099998474121094,631400.0,39.38922225150037,30.48102791198156,33.779010154044826,34.938751306770115,42.31116829497694,4.92,32.0,1.62,2.91,38.67935811591918
QTWO,2016-11-14,31.299999237060547,31.549999237060547,29.0,30.0,727200.0,44.494154647784654,33.68741437545334,35.42420903987118,35.76887042293936,42.85936539249079,4.6,57.0,1.44,2.76,36.14893453696175
QTWO,2016-11-15,29.75,30.75,29.549999237060547,30.200000762939453,199500.0,44.29410984760143,33.56335946460733,34.61735095328059,35.599781578705695,42.81274927830702,4.21,51.0,1.28,3.12,36.389928353189774
QTWO,2016-11-16,30.299999237060547,31.350000381469727,30.0,30.89999961853028,213800.0,44.6323060709104,33.542538328948964,33.972345510368804,35.65206527655688,42.85937949099685,3.76,33.0,1.26,3.42,37.233402113413135
QTWO,2016-11-17,31.049999237060547,32.099998474121094,31.049999237060547,32.04999923706055,290800.0,45.43945967000349,33.94197715611278,34.34790312981935,35.7362710476878,42.910357865836,3.22,46.0,1.66,3.22,38.619110811005854
QTWO,2016-11-18,32.0,32.75,31.850000381469727,32.599998474121094,340800.0,45.54076167431285,34.08687813912223,34.06424929827537,35.76623129314035,42.940778551330666,3.09,36.0,2.09,3.37,39.281840358201876
QTWO,2016-11-21,32.5,32.849998474121094,31.950000762939453,32.599998474121094,235800.0,45.5158759107168,33.75686799850534,33.93609375571528,35.718705122928064,42.876404118274245,2.99,33.0,2.13,3.45,39.281840358201876
QTWO,2016-11-22,32.54999923706055,32.70000076293945,31.1299991607666,31.25,208900.0,47.0688836441479,34.95951953469664,34.62916004035842,36.03766500361181,43.08957135761824,2.89,56.0,1.81,3.09,37.655140142668486
QTWO,2016-11-23,31.200000762939453,31.600000381469727,30.600000381469727,31.5,169800.0,47.0722794271412,34.98084457404687,34.49151703591502,35.81078087414074,43.08954769113502,2.8,52.0,1.55,3.2,37.95638126380984
QTWO,2016-11-25,31.64999961853028,31.700000762939453,31.25,31.39999961853028,62600.0,47.08063768962809,34.96851982523761,34.47770072162303,35.81584993850834,43.082771426542514,2.74,51.0,1.32,3.21,37.83588435569583
QTWO,2016-11-28,31.14999961853028,31.75,31.049999237060547,31.350000381469727,217900.0,47.1038075988212,34.96699833385187,34.460761181465635,35.79100733564198,43.08298748186417,2.72,51.0,1.1,3.22,37.77563705078249
QTWO,2016-11-29,31.64999961853028,31.700000762939453,29.950000762939453,30.14999961853028,1100400.0,48.63968756199732,35.93212368136812,34.956862596141235,35.85078493529068,43.17473291855035,2.71,62.0,0.98,2.95,36.32967874998909
QTWO,2016-11-30,30.299999237060547,30.450000762939453,29.450000762939453,29.5,333300.0,49.04038301358919,36.23094722198108,35.138572931062825,35.94153865963951,43.23157017917105,2.7,64.0,0.94,2.82,35.54645229467905
QTWO,2016-12-01,29.600000381469727,29.600000381469727,28.39999961853028,28.700000762939453,527100.0,49.73342046455676,36.67937419278214,35.397095232807615,36.10719873518069,43.31224634881419,2.69,68.0,0.94,2.66,34.58248162634168
QTWO,2016-12-02,28.25,28.799999237060547,27.799999237060547,28.600000381469727,350700.0,49.69624308731366,36.68194260049187,35.18658117672036,35.31367939111501,43.28749136175723,2.67,65.0,0.97,2.8,34.461984718227676
QTWO,2016-12-05,28.799999237060547,29.850000381469727,28.549999237060547,29.75,345800.0,50.49429670997296,37.46047125768023,35.72216473113234,35.598743473322415,43.451840145946285,2.66,73.0,0.94,2.57,35.847693415820395
QTWO,2016-12-06,29.75,30.479999542236328,29.600000381469727,30.14999961853028,281800.0,50.29308020319204,37.44418068273922,35.77679963344368,35.621567108681724,43.25880986600284,2.66,75.0,0.87,2.54,36.32967874998909
QTWO,2016-12-07,29.950000762939453,30.64999961853028,29.850000381469727,30.450000762939453,185000.0,48.95835480223398,37.36274454074329,35.80008428307123,35.62325486531922,43.24622480052497,2.65,79.0,0.78,2.53,36.69116947433112
QTWO,2016-12-08,30.39999961853028,32.0,29.64999961853028,31.850000381469727,319500.0,50.45405605337149,38.416654717326274,36.43676804180876,35.9733497814963,43.37910362066919,2.66,85.0,0.65,2.31,38.3781192930652
QTWO,2016-12-09,32.099998474121094,32.29999923706055,31.39999961853028,31.850000381469727,374000.0,50.35915360477379,38.41580159831884,36.00753881375469,35.88800379334132,43.25414317449886,2.66,81.0,0.48,2.49,38.3781192930652
QTWO,2016-12-12,31.850000381469727,32.0,31.39999961853028,31.549999237060547,595200.0,50.49438574727396,38.45276631393805,36.03566869181181,35.68814971291528,43.20659526071572,2.66,82.0,0.33,2.47,38.016628568723156
QTWO,2016-12-13,31.75,32.0,30.850000381469727,31.14999961853028,254700.0,50.65536069033541,38.56694497315106,36.09533630670618,35.6042553380138,43.22709803848072,2.66,82.0,0.2,2.43,37.53464323455448
QTWO,2016-12-14,30.950000762939453,31.299999237060547,30.549999237060547,30.75,181000.0,50.85761557239179,38.66589938758933,36.13611973272629,35.50331515527832,43.243116596119016,2.67,82.0,0.11,2.4,37.05265790038579
QTWO,2016-12-15,30.700000762939453,31.0,30.26000022888184,30.39999961853028,296200.0,48.028802382115295,38.74285694906549,35.635810456011086,35.53297960577118,43.25906176342414,2.66,71.0,0.05,2.6,36.63091987113044
QTWO,2016-12-16,30.600000381469727,30.600000381469727,29.950000762939453,30.25,392200.0,47.95872721277433,38.75601465951299,35.506561335557464,35.54060742590598,43.26227938363786,2.66,71.0,0.02,2.66,36.4501756581031
QTWO,2016-12-19,30.200000762939453,30.5,30.100000381469727,30.39999961853028,206900.0,47.709316685067016,38.76404894003403,35.4401598605041,35.36630791892835,43.17143954235561,2.66,71.0,-0.03,2.71,36.63091987113044
QTWO,2016-12-20,30.600000381469727,30.89999961853028,30.450000762939453,30.89999961853028,227400.0,43.294353353954826,38.84146916290077,35.507921829230185,35.35210330555121,43.19789372107123,2.66,73.0,-0.1,2.67,37.233402113413135
QTWO,2016-12-21,30.950000762939453,31.0,30.14999961853028,30.200000762939453,182500.0,43.65785368328907,38.82148146822596,35.501483091812524,34.76030007370597,43.25476761700532,2.66,72.0,-0.09,2.66,36.389928353189774
QTWO,2016-12-22,30.25,30.25,29.200000762939453,29.299999237060547,131800.0,44.41222207215335,39.32590877566715,35.821717801784885,34.88153611769838,43.25646389339926,2.66,78.0,-0.04,2.48,35.30545847845103
QTWO,2016-12-23,29.39999961853028,29.479999542236328,28.950000762939453,29.14999961853028,118800.0,44.32075729668348,39.15184674405066,35.8277955150428,34.73813006329932,43.24557819605131,2.66,78.0,0.02,2.47,35.1247142654237
QTWO,2016-12-27,29.100000381469727,29.299999237060547,28.700000762939453,29.200000762939453,253600.0,38.76170316467063,39.13973977338734,34.75028402412394,34.70468511080141,43.21871636195935,2.65,60.0,0.01,2.8,35.18496386862438
QTWO,2016-12-28,29.350000381469727,29.350000381469727,28.700000762939453,29.0,179400.0,33.63673121578075,39.16534335143575,34.455374428952446,34.54481860440065,43.22120209756468,2.64,51.0,0.03,2.98,34.94397005239635
QTWO,2016-12-29,29.049999237060547,30.25,28.600000381469727,29.100000381469727,270000.0,33.58517958594856,39.0222605808438,32.48865388811397,34.52033390357636,43.20889532328127,2.6,32.0,0.07,3.0,35.064466960510366
QTWO,2016-12-30,29.049999237060547,29.350000381469727,28.600000381469727,28.850000381469727,132900.0,32.850350813914325,39.02544286374356,32.5081129209153,34.5311718137587,43.20142557705039,2.56,33.0,0.13,2.99,34.763225839369014
QTWO,2017-01-03,29.100000381469727,29.350000381469727,28.5,28.549999237060547,111400.0,30.78192973483577,38.98375270492529,32.30733225708495,34.46357618173009,43.13092475236762,2.54,32.0,0.11,3.11,34.40173511502698
QTWO,2017-01-04,28.600000381469727,29.100000381469727,28.299999237060547,29.0,229200.0,30.70333718681252,39.10772926406144,32.16313987794429,34.49303465753165,43.11035832223924,2.52,30.0,0.15,3.21,34.94397005239635
QTWO,2017-01-05,28.89999961853028,30.100000381469727,28.850000381469727,29.799999237060547,376300.0,31.989777095817274,39.433333242123545,32.431042363258186,34.63053182348359,43.15860292266473,2.5,34.0,0.15,3.02,35.90794072073372
QTWO,2017-01-06,29.89999961853028,30.350000381469727,29.549999237060547,30.100000381469727,198800.0,29.931955643346612,39.28696725358389,32.363723763811215,34.638952912879375,43.081089240183,2.47,34.0,0.14,3.07,36.26943144507575
QTWO,2017-01-09,30.200000762939453,30.549999237060547,30.0,30.5,301000.0,30.10990602254254,39.36370456924412,32.41662453482987,34.54277324263261,43.09461747498474,2.44,35.0,0.09,3.03,36.751416779244444
QTWO,2017-01-10,30.799999237060547,31.049999237060547,30.200000762939453,30.299999237060547,134900.0,30.14664623982008,39.38954815351316,32.43379366582831,34.522220744909454,43.10073230113036,2.41,37.0,0.05,3.02,36.51042296301642
QTWO,2017-01-11,30.200000762939453,30.450000762939453,29.75,29.89999961853028,130600.0,30.350181101403773,39.50153175538764,32.4966875295934,34.5499693023309,43.03086890035259,2.39,39.0,0.05,2.98,36.02843762884774
QTWO,2017-01-12,29.64999961853028,29.799999237060547,28.89999961853028,29.450000762939453,100800.0,28.524463766479656,39.61755539521064,32.55497424163904,34.586124628876526,42.61414036310459,2.37,41.0,0.08,2.95,35.486204989765724
QTWO,2017-01-13,29.39999961853028,30.299999237060547,29.39999961853028,30.14999961853028,74300.0,28.645119496594205,39.820171959652576,32.65984209843148,34.68162185781215,42.58961952040121,2.35,42.0,0.06,2.89,36.32967874998909
QTWO,2017-01-17,30.049999237060547,30.049999237060547,29.5,29.799999237060547,92000.0,27.64030186743677,39.89489505167341,32.51427310630635,34.70140490928901,42.60103753844478,2.32,41.0,0.05,2.99,35.90794072073372
QTWO,2017-01-18,29.950000762939453,30.14999961853028,29.700000762939453,30.14999961853028,61900.0,27.76336195815876,39.91980222977431,32.310002311415545,34.72313434081881,42.54811767197844,2.3,34.0,-0.01,3.13,36.32967874998909
QTWO,2017-01-19,30.100000381469727,30.600000381469727,29.89999961853028,30.100000381469727,195100.0,25.37060672268076,39.62283251342559,32.31001853244881,34.69256514789471,42.54686867103475,2.27,35.0,-0.05,3.13,36.26943144507575
QTWO,2017-01-20,30.100000381469727,31.299999237060547,30.100000381469727,31.25,164800.0,27.33138367278576,40.130911502495096,32.660001626960046,34.92567434664731,42.48723655926598,2.25,46.0,-0.17,2.94,37.655140142668486
QTWO,2017-01-23,31.100000381469727,31.850000381469727,31.049999237060547,31.600000381469727,295500.0,27.367941649225703,39.336060748710736,32.69418469470573,34.813182047691456,42.41995831899412,2.24,47.0,-0.28,2.91,38.076878171923845
QTWO,2017-01-24,31.75,32.25,31.350000381469727,32.150001525878906,243300.0,24.556426542046093,39.45396805224285,32.79210275778927,34.83795225438925,42.32415122663684,2.23,48.0,-0.37,2.83,38.73961001740723
QTWO,2017-01-25,32.5,33.29999923706055,32.5,33.04999923706055,221500.0,25.79822470916485,39.7450582644217,33.04265169728628,33.97705491673404,42.38729421969733,2.22,49.0,-0.27,2.67,39.82407529557125
QTWO,2017-01-26,33.150001525878906,33.20000076293945,32.20000076293945,32.29999923706055,195100.0,26.56905618665127,40.069882497318034,33.26463396296603,34.08650738974696,42.41225204811053,2.21,50.0,-0.36,2.55,38.9203519321472
QTWO,2017-01-27,32.349998474121094,33.0,31.850000381469727,32.75,190100.0,26.50913120016994,40.10792016054586,33.317607395497426,34.04858756813061,42.35194728663858,2.21,51.0,-0.41,2.51,39.46258686951658
QTWO,2017-01-30,32.650001525878906,32.900001525878906,31.89999961853028,32.25,213000.0,26.6361353582014,40.26727815103044,33.42320339645783,33.83415490231916,42.16542391625199,2.2,52.0,-0.51,2.46,38.86010462723387
QTWO,2017-01-31,32.099998474121094,32.150001525878906,31.39999961853028,31.75,237300.0,26.84053944789817,38.651733190204254,33.52584129100924,33.89662039220418,42.17373027113638,2.2,53.0,-0.6,2.4,38.25762238495118
QTWO,2017-02-01,31.850000381469727,32.060001373291016,31.25,31.450000762939453,172400.0,26.966742834643757,38.62571720066681,33.56221307200798,33.70491682622937,42.18068803626365,2.19,54.0,-0.67,2.38,37.89613395889651
QTWO,2017-02-02,31.350000381469727,31.549999237060547,30.64999961853028,30.75,138100.0,27.80485403520197,38.78389058494353,33.703355260901255,33.63162159312708,42.24443182595718,2.19,55.0,-0.69,2.31,37.05265790038579
QTWO,2017-02-03,30.950000762939453,31.950000762939453,30.75,31.850000381469727,156200.0,29.24131021075723,36.62937998186778,34.07355067279989,33.8476272997646,42.37870967182152,2.19,62.0,-0.76,2.13,38.3781192930652
QTWO,2017-02-06,31.700000762939453,32.130001068115234,31.25,32.099998474121094,168100.0,28.40093607019809,36.521972776651765,34.006509749716386,33.83168425455029,37.3712586977288,2.18,59.0,-0.81,2.16,38.67935811591918
QTWO,2017-02-07,32.20000076293945,32.599998474121094,31.950000762939453,32.349998474121094,193200.0,26.733549589298303,36.45932808440665,34.01880844403513,33.72938290449751,36.79025932522636,2.18,61.0,-0.86,2.16,38.980599237060524
QTWO,2017-02-08,32.25,32.25,31.450000762939453,31.5,235200.0,28.017717516674008,36.863321750533245,34.303480814405354,33.66818769727925,36.750860340722525,2.18,72.0,-0.9,2.03,37.95638126380984
QTWO,2017-02-09,31.39999961853028,32.349998474121094,31.350000381469727,32.04999923706055,116400.0,28.338383896884743,34.03438288873622,34.38139020996326,33.11186261888794,36.48736297049424,2.18,73.0,-0.94,1.98,38.619110811005854
QTWO,2017-02-10,32.25,32.5,31.850000381469727,32.099998474121094,118500.0,28.185378653815484,30.978452633209287,34.37949822799952,33.104629801242865,35.71418122650511,2.19,72.0,-0.98,1.98,38.67935811591918
QTWO,2017-02-13,32.349998474121094,32.400001525878906,31.549999237060547,31.89999961853028,147700.0,28.323322708889098,30.993079056186406,34.39051441390967,33.11603036223054,34.81776992577849,2.19,73.0,-1.01,1.97,38.43836659797853
QTWO,2017-02-14,31.799999237060547,32.04999923706055,31.299999237060547,31.799999237060547,194900.0,28.170728888151046,30.66127567645886,34.38876822499103,33.12024498366316,34.481141675404395,2.19,72.0,-1.03,1.98,38.31786968986451
QTWO,2017-02-15,31.799999237060547,33.20000076293945,31.39999961853028,32.900001525878906,405500.0,29.21960064235526,30.538102726683768,34.77696556298818,33.344834019765884,34.603558107282026,2.19,80.0,-1.03,1.79,39.64333338083127
QTWO,2017-02-16,32.150001525878906,36.5,31.93000030517578,35.650001525878906,865900.0,36.43234664958948,34.50003345853519,36.957411022122685,34.47026937934243,35.420321198175934,2.23,100.0,-0.09,2.03,42.956985713386096
QTWO,2017-02-17,35.70000076293945,36.150001525878906,35.150001525878906,36.0,463400.0,35.933849676367096,34.540079668132165,36.940790009892375,34.01781064395048,35.42796085503059,2.26,99.0,0.6,2.02,43.3787214443541
QTWO,2017-02-21,35.70000076293945,36.04999923706055,35.45000076293945,35.79999923706055,334800.0,36.07747080406337,33.343634373399574,36.76918028455962,33.918738710267725,35.42694589023882,2.29,98.0,0.8,2.13,43.13772762812607
QTWO,2017-02-22,35.70000076293945,36.45000076293945,35.70000076293945,36.150001525878906,466100.0,36.02941138571423,33.35844767217216,36.786515806602274,33.91202230749316,35.37772426345036,2.32,98.0,0.95,2.12,43.559467955668794
QTWO,2017-02-23,36.400001525878906,36.45000076293945,34.95000076293945,35.5,366600.0,36.52347290235629,33.60341864301495,36.78261958363708,33.98351859796115,35.25299864229998,2.34,97.0,0.84,2.12,42.776239202071395
QTWO,2017-02-24,34.75,36.20000076293945,34.54999923706055,35.95000076293945,325200.0,36.14849491612525,33.663565340820085,36.81663913447401,33.96298644167851,35.01986388138922,2.37,98.0,0.78,2.1,43.318474139440774
QTWO,2017-02-27,35.70000076293945,37.58000183105469,35.70000076293945,37.25,479000.0,36.53535914298003,33.22018846026835,37.18674878618909,34.13162175894408,35.16366841751845,2.4,100.0,0.98,1.91,44.88492705006084
QTWO,2017-02-28,36.70000076293945,37.20000076293945,35.900001525878906,35.95000076293945,437900.0,38.29844968674034,33.78148047210568,37.60642552810421,34.25213315071751,35.36693221015117,2.44,100.0,0.79,1.8,43.318474139440774
QTWO,2017-03-01,36.45000076293945,36.54999923706055,34.95000076293945,35.099998474121094,891800.0,38.94520461012439,33.65034492848624,37.79807129653776,34.376704324379666,35.360103613137994,2.47,100.0,0.6,1.73,42.294251569615355
QTWO,2017-03-02,34.900001525878906,35.54999923706055,34.900001525878906,35.25,321500.0,38.90155877837999,33.62048065371977,37.71705238958533,34.378308591139266,35.23630743934915,2.51,99.0,0.43,1.75,42.47499808093006
QTWO,2017-03-03,35.099998474121094,35.95000076293945,35.099998474121094,35.900001525878906,155100.0,39.02444599231234,32.92709719209812,37.79373757910599,34.4186901263302,35.24922136503311,2.53,99.0,0.29,1.7,43.25822683452745
QTWO,2017-03-06,35.75,35.79999923706055,34.70000076293945,35.29999923706055,185100.0,38.37128928823006,33.10801355595123,37.88876653842051,34.4774306548547,35.192374386504234,2.56,100.0,0.14,1.68,42.53524538584338
QTWO,2017-03-07,35.29999923706055,35.75,34.75,35.20000076293945,259000.0,38.36112126819978,33.09141239832513,37.76139345050121,34.4740122297038,35.18737043691901,2.58,97.0,0.02,1.72,42.41475077601673
QTWO,2017-03-08,35.349998474121094,35.599998474121094,35.20000076293945,35.400001525878906,159400.0,38.14900279009738,31.89227503122329,37.76302076076048,34.42538165208122,35.155627716374816,2.6,97.0,-0.1,1.72,42.65574459224475
QTWO,2017-03-09,35.25,35.650001525878906,34.95000076293945,35.04999923706055,470300.0,37.61050806441465,31.980599980817317,37.80546822456664,34.40854743218084,35.12490296571187,2.61,99.0,-0.2,1.7,42.23400426470203
QTWO,2017-03-10,35.25,35.5,34.54999923706055,35.20000076293945,516700.0,36.86374596650496,31.9015036012131,37.80688005599599,34.40712861757042,34.9531115702172,2.61,99.0,-0.29,1.7,42.41475077601673
QTWO,2017-03-13,35.150001525878906,35.45000076293945,35.099998474121094,35.29999923706055,118300.0,36.71687096573055,31.75676599165561,37.78558563542054,34.36387539739171,34.95277230120685,2.6,95.0,-0.38,1.71,42.53524538584338
QTWO,2017-03-14,35.150001525878906,35.20000076293945,34.5,35.150001525878906,169000.0,36.38604981331667,31.6312457408958,37.7648052714214,33.89413610180523,34.93774728753302,2.58,94.0,-0.46,1.73,42.354503471103406
QTWO,2017-03-15,35.349998474121094,35.54999923706055,34.849998474121094,35.45000076293945,213000.0,35.9900779154808,31.526854828517024,37.76701418940091,33.43928795910627,34.74512476338298,2.57,94.0,-0.54,1.72,42.71599189715808
QTWO,2017-03-16,35.599998474121094,35.599998474121094,35.0,35.349998474121094,178300.0,35.82959335546472,31.508268913790378,37.74607586562424,33.40042146258032,34.733487086128974,2.55,90.0,-0.6,1.73,42.5954926907567
QTWO,2017-03-17,35.099998474121094,36.150001525878906,34.849998474121094,36.0,695700.0,35.15955517283708,31.667585542230743,37.66294844365383,33.24583904407509,34.76842767630606,2.52,88.0,-0.67,1.77,43.3787214443541
QTWO,2017-03-20,36.150001525878906,36.45000076293945,35.349998474121094,35.79999923706055,265300.0,34.116339056977544,31.586732884482764,37.566683037958775,33.18168486844996,34.19507061785969,2.48,86.0,-0.74,1.83,43.13772762812607
QTWO,2017-03-21,35.95000076293945,35.95000076293945,35.0,35.45000076293945,490000.0,34.3226995273523,31.24984729431678,37.06070045998287,33.20052483263801,34.215042690692705,2.43,84.0,-0.79,1.99,42.71599189715808
QTWO,2017-03-22,35.400001525878906,35.650001525878906,34.54999923706055,35.0,315600.0,34.60616235969978,30.66304021451015,37.13234382439804,33.15337830001805,34.24336712510579,2.37,84.0,-0.84,1.96,42.173756959788705
QTWO,2017-03-23,34.95000076293945,35.099998474121094,34.75,35.099998474121094,220000.0,33.47721321783114,30.61663113409889,37.10265253340059,33.141480191092526,34.23508692550042,2.32,83.0,-0.88,1.97,42.294251569615355
QTWO,2017-03-24,35.20000076293945,35.75,35.04999923706055,35.29999923706055,144900.0,33.2323738239966,30.61978077944212,37.09155838346156,33.13379339402067,34.22566731963604,2.25,82.0,-0.92,1.98,42.53524538584338
QTWO,2017-03-27,34.849998474121094,35.97999954223633,34.599998474121094,35.849998474121094,310800.0,33.415746437320024,30.649232036876565,37.13057074946551,33.12416038725571,34.18905303657432,2.18,83.0,-0.96,1.94,43.1979749330394
QTWO,2017-03-28,35.79999923706055,36.09999847412109,35.400001525878906,35.54999923706055,226600.0,33.47714129280481,30.746736420427112,37.16458112887255,33.14279238094865,34.03504530130821,2.09,84.0,-0.99,1.93,42.83648650698473
QTWO,2017-03-29,35.54999923706055,35.83000183105469,35.279998779296875,35.349998474121094,194300.0,33.528799530396675,30.70315994885535,36.03558191617149,33.14294379117258,33.94937786393986,2.03,68.0,-1.11,2.11,42.5954926907567
QTWO,2017-03-30,35.349998474121094,35.400001525878906,34.54999923706055,35.20000076293945,223600.0,32.3183795562587,30.609935254062027,35.98318016536909,33.011491332310364,33.84893643385655,1.96,66.0,-1.21,2.16,42.41475077601673
QTWO,2017-03-31,35.20000076293945,35.650001525878906,34.849998474121094,34.849998474121094,194400.0,22.469992761100315,30.62614235225431,35.927988406322804,33.03508121829519,33.86665261566348,1.9,65.0,-1.28,2.22,41.993010448474
QTWO,2017-04-03,35.0,35.349998474121094,34.650001525878906,35.0,224600.0,22.302528660519165,30.211607542366,34.162609374385234,33.03677430434613,33.86783692142903,1.87,35.0,-1.31,2.34,42.173756959788705
QTWO,2017-04-04,35.0,36.04999923706055,34.95000076293945,35.75,352000.0,23.153007509228264,30.41390562383456,34.21310722212424,33.117817049043744,33.79081530660601,1.85,35.0,-1.35,2.28,43.07748032321275
QTWO,2017-04-05,35.95000076293945,36.70000076293945,35.900001525878906,35.95000076293945,309300.0,23.031663432283025,30.3433146822182,34.16763917106272,33.09904381822479,33.750644162377995,1.82,34.0,-1.37,2.31,43.318474139440774
QTWO,2017-04-06,36.04999923706055,36.20000076293945,35.20000076293945,36.09999847412109,204800.0,22.41945200656656,30.282203937008884,34.14465228424283,32.840584108920595,33.216232002809654,1.8,32.0,-1.39,2.33,43.49921605418074
QTWO,2017-04-07,36.0,36.59999847412109,35.97999954223633,36.29999923706055,338400.0,22.181934467828956,30.09699523706407,32.303506571057376,32.83658828976246,33.153609369500295,1.81,2.0,-1.43,2.33,43.74020987040877
QTWO,2017-04-10,36.25,36.59999847412109,35.7599983215332,35.900001525878906,107900.0,19.732698596123896,30.001853668734963,30.42634129448187,32.865796466422346,33.068462402633266,1.87,1.0,-1.44,1.98,43.25822683452745
QTWO,2017-04-11,35.849998474121094,36.09999847412109,35.47999954223633,35.95000076293945,119300.0,16.847625194653272,29.707034228871137,30.416456384025945,32.84791133392486,33.04172533330067,1.93,1.0,-1.46,1.99,43.318474139440774
QTWO,2017-04-12,35.900001525878906,36.400001525878906,35.75,36.20000076293945,173800.0,15.346170056191164,29.56058847453572,30.23857288013708,32.530266402663,32.91998278118565,1.98,1.0,-1.48,2.12,43.61971526058212
QTWO,2017-04-13,36.150001525878906,36.34999847412109,35.20000076293945,35.45000076293945,192300.0,16.5734058816065,29.91658663006896,29.92208949914459,32.55777898094541,32.98052126946633,2.05,1.0,-1.5,2.33,42.71599189715808
QTWO,2017-04-17,35.599998474121094,36.25,35.599998474121094,36.20000076293945,90000.0,16.84180454844438,30.133578417331243,29.98189196551261,32.59313046746921,33.031695251480606,2.1,2.0,-1.52,2.29,43.61971526058212
QTWO,2017-04-18,36.09999847412109,36.52999877929688,35.650001525878906,36.5,118000.0,16.181598580955228,29.291135100868345,30.00317008702162,32.59249007302022,32.9722375123606,2.16,3.0,-1.54,2.26,43.981203686636796
QTWO,2017-04-19,36.5,37.68000030517578,36.5,37.0,223000.0,16.530675263491048,29.32624736050192,29.246554454113017,32.516542856620454,32.98481644165236,2.23,1.0,-1.54,2.4,44.583685928919486
QTWO,2017-04-20,37.150001525878906,37.34999847412109,36.84999847412109,37.29999923706055,162100.0,16.596007892156162,29.19072905906083,29.24714538488335,32.523946409902074,32.989891577854266,2.3,2.0,-1.54,2.4,44.94517435497416
QTWO,2017-04-21,37.20000076293945,37.59999847412109,37.04999923706055,37.20000076293945,132600.0,16.28268366374534,28.733324572149076,29.245152408933308,32.526959940159976,32.987855171056616,2.36,1.0,-1.54,2.4,44.82467974514751
QTWO,2017-04-24,37.79999923706055,38.0,37.34999847412109,37.59999847412109,229300.0,16.466499807601952,28.310983488954783,29.275025667225265,31.857409089089195,32.90239032249519,2.42,4.0,-1.52,2.36,45.30666278102882
QTWO,2017-04-25,37.900001525878906,38.59999847412109,37.900001525878906,38.54999923706055,246000.0,17.739269829801714,28.5908302869374,28.759993816515998,31.770780526140395,32.96174031922426,2.49,1.0,-1.46,2.38,46.4513799606809
QTWO,2017-04-26,38.5,38.70000076293945,37.95000076293945,38.04999923706055,185900.0,18.2258108421478,28.53174819000322,28.605445773252946,30.61332875996097,32.9825350917569,2.56,1.0,-1.43,2.45,45.8488977183982
QTWO,2017-04-27,38.150001525878906,38.47999954223633,38.04999923706055,38.29999923706055,173100.0,18.180075019565344,28.2823824830023,28.20313938225093,30.610776944101392,32.970650845034335,2.64,1.0,-1.4,2.61,46.15013883953955
QTWO,2017-04-28,38.34999847412109,38.5,37.59999847412109,38.150001525878906,230400.0,18.21122239533171,28.19914639142169,28.205718808946184,30.4575016400913,32.97025800204628,2.71,2.0,-1.39,2.61,45.969396924799575
QTWO,2017-05-01,38.29999923706055,38.650001525878906,37.59999847412109,38.650001525878906,284500.0,17.88157354593005,27.75113192702974,27.64080038575618,30.36322235009092,32.97700566250451,2.79,1.0,-1.34,2.94,46.57187916708227
QTWO,2017-05-02,38.70000076293945,39.150001525878906,38.25,38.59999847412109,191400.0,17.75912971023136,26.987986017158423,27.593719517735487,30.36552441692926,32.97850111730267,2.86,1.0,-1.31,3.01,46.51162726559422
QTWO,2017-05-03,38.29999923706055,39.09999847412109,37.95000076293945,39.0,290600.0,17.500780675031415,27.010996358297877,27.596594146165938,30.32975114822412,32.96240556351962,2.93,2.0,-1.27,3.01,46.993614898050275
QTWO,2017-05-04,38.0,38.75,37.0,38.20000076293945,379300.0,18.265716296484037,27.435187477024986,26.98608899459111,30.44700972603126,33.01668654449454,3.01,1.0,-1.27,3.36,46.0296442297129
QTWO,2017-05-05,39.70000076293945,39.70000076293945,37.79999923706055,38.400001525878906,348600.0,18.277903579866397,26.745351154612184,26.989866127736786,30.44353759034098,32.917485096036465,3.08,2.0,-1.27,3.34,46.27063804594093
QTWO,2017-05-08,38.04999923706055,38.29999923706055,37.84999847412109,38.09999847412109,201900.0,18.52383936982469,26.67932793532924,26.973764601554773,30.45692016241386,32.915243506366224,3.15,1.0,-1.27,3.35,45.909145023311524
QTWO,2017-05-09,38.150001525878906,38.29999923706055,37.54999923706055,38.29999923706055,175300.0,18.137319602365316,26.682180519354144,26.87614447160117,30.438290050297244,32.16739575380296,3.22,1.0,-1.25,3.4,46.15013883953955
QTWO,2017-05-10,38.20000076293945,38.97999954223633,37.79999923706055,38.400001525878906,327900.0,17.856340326970802,26.61349120731768,26.76850947917013,30.38920219037179,32.15604341950116,3.29,1.0,-1.23,3.46,46.27063804594093
QTWO,2017-05-11,38.29999923706055,39.5,38.09999847412109,38.70000076293945,215900.0,17.74335070858576,26.59840056787345,26.69250784280608,30.286564636659516,32.108152616110694,3.35,1.0,-1.21,3.48,46.6321264719956
QTWO,2017-05-12,38.54999923706055,38.79999923706055,38.20000076293945,38.25,159300.0,18.13522587567252,25.984897834097296,26.761300288559603,30.191311865792148,31.92708938205513,3.42,2.0,-1.18,3.44,46.089891534626226
QTWO,2017-05-15,38.5,38.900001525878906,38.400001525878906,38.70000076293945,248700.0,17.89672122276652,20.424801868817912,26.79941482479686,30.21503641870307,31.942001558432317,3.48,4.0,-1.14,3.38,46.6321264719956
QTWO,2017-05-16,38.95000076293945,39.09999847412109,38.400001525878906,39.09999847412109,211200.0,18.00386265859226,20.43408443353511,26.73682280409061,30.113430575022115,31.784417227771417,3.53,2.0,-1.11,3.45,47.11410950787691
QTWO,2017-05-17,38.54999923706055,38.70000076293945,37.95000076293945,38.20000076293945,214400.0,18.841845510098555,21.005903465432574,26.74585171146032,30.254401766027044,31.73446056462896,3.59,3.0,-1.07,3.45,46.0296442297129
QTWO,2017-05-18,38.150001525878906,38.5,37.79999923706055,38.25,184700.0,18.816121986730767,20.92858364024645,26.230807703225032,30.253279203537097,31.72399181548326,3.64,1.0,-1.03,3.74,46.089891534626226
QTWO,2017-05-19,38.29999923706055,39.5,38.25,39.150001525878906,303400.0,19.78953225399226,21.035631729533662,26.402556872091083,30.350741134050157,31.776099278478725,3.69,2.0,-0.99,3.52,47.17436140936497
QTWO,2017-05-22,39.25,39.75,39.0,39.5,264100.0,19.85541675238119,20.966864108249244,26.418637057332727,30.359603653999084,31.701850660800343,3.75,3.0,-0.95,3.49,47.596097140332965
QTWO,2017-05-23,39.70000076293945,40.20000076293945,39.04999923706055,39.84999847412109,234900.0,19.479312204787337,19.80173832242893,26.38647751989532,30.367636765960505,31.53807796521087,3.8,2.0,-0.91,3.48,48.01783287130095
QTWO,2017-05-24,39.900001525878906,40.29999923706055,39.209999084472656,39.900001525878906,173400.0,19.48063620077099,18.269742878419663,26.38820674246427,30.36741460875969,31.08310786574276,3.86,3.0,-0.87,3.48,48.07808477278901
QTWO,2017-05-25,39.5,40.25,39.150001525878906,40.20000076293945,410600.0,19.48995191307165,17.503128953224586,26.328966615658207,30.371104938079064,31.081739281537885,3.91,2.0,-0.85,3.5,48.43957319884369
QTWO,2017-05-26,40.09999847412109,40.5,39.650001525878906,40.04999923706055,238500.0,18.21226544792697,17.540805641706093,26.26106076198229,30.373344703470195,31.086393397038343,3.96,2.0,-0.86,3.55,48.25882668752899
QTWO,2017-05-30,39.95000076293945,40.20000076293945,39.34999847412109,39.70000076293945,169300.0,17.853221637447575,17.35241663571519,26.257082099229933,30.35268639061495,31.104667601048124,4.02,2.0,-0.87,3.61,47.83709095656099
QTWO,2017-05-31,39.84999847412109,39.95000076293945,39.20000076293945,39.59999847412109,212700.0,17.85486406996215,16.942419898633172,25.986066008901897,30.320342533075927,31.107558770110533,4.07,1.0,-0.84,3.91,47.71659175015961
QTWO,2017-06-01,39.70000076293945,40.34999847412109,38.900001525878906,39.25,258700.0,17.852511069443025,17.05962190335152,26.026366327379456,30.29063714693904,31.0041119390672,4.12,2.0,-0.81,3.92,47.29485601919162
QTWO,2017-06-02,39.34999847412109,39.95000076293945,38.79999923706055,39.95000076293945,169000.0,18.34798539264444,17.350542555698187,26.082174228714116,30.34728425347569,30.67584729452656,4.17,3.0,-0.77,3.86,48.13833207770234
QTWO,2017-06-05,39.75,39.900001525878906,38.95000076293945,39.150001525878906,142300.0,19.433549759678908,17.776323782146495,26.294897379436076,30.45879930893114,30.666041356362893,4.22,7.0,-0.73,3.71,47.17436140936497
QTWO,2017-06-06,38.84999847412109,39.25,38.45000076293945,38.650001525878906,193800.0,19.68358106608144,18.021202505212884,26.288303536592142,30.494218833916424,30.682038766080694,4.26,7.0,-0.7,3.71,46.57187916708227
QTWO,2017-06-07,38.75,38.900001525878906,37.900001525878906,38.70000076293945,176900.0,18.32047912720328,18.0193018698023,26.13511608820806,30.49351742374307,30.676262412580098,4.31,4.0,-0.72,3.81,46.6321264719956
QTWO,2017-06-08,38.75,39.84999847412109,38.54999923706055,39.75,196100.0,19.4322871060922,18.70246846747788,26.206505798273906,30.62947813666109,30.74513241520957,4.35,5.0,-0.71,3.75,47.89733826147432
QTWO,2017-06-09,39.84999847412109,40.25,37.900001525878906,38.0,266700.0,23.5667657237221,20.990768774697653,27.190437283477632,31.124287284768805,31.03881052983045,4.38,26.0,-0.73,3.5,45.78865041348487
QTWO,2017-06-12,37.75,38.04999923706055,36.900001525878906,38.04999923706055,207100.0,23.54493116203472,20.9743595404332,27.150474867494328,31.12051970529789,30.91321468016461,4.4,26.0,-0.73,3.55,45.8488977183982
QTWO,2017-06-13,38.29999923706055,38.5,37.70000076293945,38.0,158900.0,23.215678067281832,20.678325778448887,27.149241128092694,31.122469418407995,30.908220028140796,4.43,26.0,-0.76,3.55,45.78865041348487
QTWO,2017-06-14,38.09999847412109,38.400001525878906,37.650001525878906,37.95000076293945,126200.0,23.21573915506974,20.63979607694277,26.56242667487973,31.10436344594935,30.90937270326468,4.46,16.0,-0.72,4.02,45.728403108571555
QTWO,2017-06-15,37.400001525878906,38.0,37.310001373291016,37.900001525878906,132800.0,22.98587116478243,20.523034354627114,26.52624043384626,30.97172313062534,30.896314256876224,4.5,16.0,-0.66,4.08,45.66815580365823
QTWO,2017-06-16,37.59999847412109,38.400001525878906,37.400001525878906,38.09999847412109,240500.0,22.266120483960226,20.3336998657418,26.416675955070502,30.972415862769918,30.891278960429148,4.53,15.0,-0.58,4.22,45.909145023311524
QTWO,2017-06-19,38.5,39.0,38.08000183105469,38.54999923706055,146400.0,22.48036742722868,20.4418725875398,26.13914281361413,30.90473958571385,30.90301312356587,4.56,5.0,-0.52,4.5,46.4513799606809
QTWO,2017-06-20,38.54999923706055,38.650001525878906,37.52999877929688,37.70000076293945,87800.0,23.30106998287936,20.997644495003968,26.123643572536043,31.031503749789245,30.951149467606324,4.6,4.0,-0.42,4.51,45.42716198743021
QTWO,2017-06-21,37.75,38.25,37.29999923706055,37.34999847412109,256300.0,23.379755397281052,20.88759093855359,26.10503628952496,31.05570309380529,30.934761181771552,4.63,4.0,-0.32,4.58,45.00542165988748
QTWO,2017-06-22,37.45000076293945,37.59999847412109,36.650001525878906,37.25,385700.0,23.3622799362509,20.814057699890952,25.975753807537597,31.00704813318703,30.93457348863245,4.66,1.0,-0.2,4.69,44.88492705006084
QTWO,2017-06-23,37.25,38.150001525878906,36.95000076293945,37.84999847412109,675200.0,23.7480503634622,21.00000907229265,25.931660636339725,31.033544603538623,30.93533533669841,4.69,1.0,-0.1,4.67,45.60790390217017
QTWO,2017-06-26,37.95000076293945,38.150001525878906,37.09999847412109,37.150001525878906,156200.0,24.11068467183117,21.3627243934633,26.073473399976493,31.0739677268276,30.62481521153845,4.71,5.0,-0.01,4.55,44.76443244023419
QTWO,2017-06-27,37.45000076293945,37.5,36.150001525878906,36.5,166400.0,24.270499407242653,21.585990138850093,25.970030436339407,31.151629358953453,30.321678709141132,4.74,2.0,-0.08,4.63,43.981203686636796
QTWO,2017-06-28,36.650001525878906,37.79999923706055,36.400001525878906,37.59999847412109,180800.0,25.72871121487854,22.37610463515357,25.80516871337246,31.30989150757034,30.419255865835,4.76,1.0,-0.01,4.74,45.30666278102882
QTWO,2017-06-29,37.54999923706055,37.54999923706055,36.5,36.95000076293945,190200.0,25.34749595095961,22.30150923700157,25.962722127947803,31.305595723103323,30.307397311522948,4.78,3.0,0.08,4.63,44.52343862400616
QTWO,2017-06-30,37.04999923706055,37.59999847412109,36.84999847412109,36.95000076293945,135400.0,25.33949127808998,22.27707459744392,25.94361844606298,31.30532697191251,30.247441574841123,4.8,3.0,0.19,4.67,44.52343862400616
QTWO,2017-07-03,37.09999847412109,37.09999847412109,36.34999847412109,36.70000076293945,113900.0,24.299392136981204,22.312296258351925,25.588185271418283,31.31718829478546,30.25227735660094,4.82,1.0,0.11,4.96,44.222197502864816
QTWO,2017-07-05,36.79999923706055,37.20000076293945,36.29999923706055,36.900001525878906,147800.0,24.182878454040004,22.311398544008576,25.470926422966414,31.320589167523067,30.186726052768275,4.84,1.0,0.1,5.13,44.463191319092836
QTWO,2017-07-06,36.79999923706055,37.04999923706055,36.25,36.45000076293945,176000.0,24.11480281063892,22.33857282964846,25.563293038178298,31.351495777986827,30.207654674255167,4.86,2.0,0.01,5.05,43.92095638172347
QTWO,2017-07-07,36.54999923706055,37.5,36.54999923706055,37.29999923706055,163900.0,25.247731835336246,22.821541948201137,25.76624773965333,31.42892576407037,30.277398239827512,4.87,4.0,-0.26,4.76,44.94517435497416
QTWO,2017-07-10,37.25,37.84999847412109,36.75,37.400001525878906,167600.0,25.124672449026992,22.78789225087246,25.755762839129893,31.42344560092797,30.236356915883867,4.88,4.0,-0.88,4.76,45.06567356137553
QTWO,2017-07-11,37.400001525878906,38.75,37.25,38.400001525878906,174500.0,26.46711685760563,22.94589743289259,25.53938433364066,31.543093355737334,30.3401794606245,4.89,2.0,-1.19,4.94,46.27063804594093
QTWO,2017-07-12,38.70000076293945,39.04999923706055,38.5,38.70000076293945,184400.0,26.50127693803177,22.62197233324734,22.2290805565662,31.433613726076025,30.33920066547984,4.92,1.0,-1.2,0.55,46.6321264719956
QTWO,2017-07-13,38.70000076293945,39.0,38.09999847412109,38.95000076293945,130900.0,26.57930962815393,22.600562794994847,22.201221217586024,31.357532061713577,30.23597638827132,4.94,1.0,-1.22,0.57,46.93336759313695
QTWO,2017-07-14,39.0,39.20000076293945,38.70000076293945,38.75,96900.0,26.499649504088463,22.4832181858709,22.198238498936917,31.009303794352206,30.23998514105677,4.96,1.0,-1.23,0.57,46.69237377690892
QTWO,2017-07-17,38.84999847412109,38.84999847412109,37.900001525878906,38.75,119000.0,25.939535523166292,22.432001015308877,22.152211457021195,31.007175375857525,30.24019155925146,4.98,1.0,-1.25,0.59,46.69237377690892
QTWO,2017-07-18,38.75,39.09999847412109,38.25,38.54999923706055,56700.0,25.33047875250183,22.45353782212053,21.96635258866259,31.000190929538228,30.245376525679426,4.99,1.0,-1.24,0.69,46.4513799606809
QTWO,2017-07-19,38.59999847412109,39.20000076293945,38.20000076293945,39.150001525878906,140600.0,25.46008888747028,22.56560589666466,22.00981286254301,31.03105358899745,30.261118786141388,5.0,2.0,-1.24,0.67,47.17436140936497
QTWO,2017-07-20,39.25,39.25,38.34999847412109,38.70000076293945,133700.0,25.693645895904037,22.12404623637544,21.38207678324949,31.060009081486896,30.0849396897985,5.01,1.0,-1.26,0.62,46.6321264719956
QTWO,2017-07-21,38.75,38.84999847412109,37.900001525878906,37.95000076293945,77400.0,24.998994923515244,22.32840920627315,20.843385323468716,31.159865189030185,30.15128876141957,5.02,1.0,-1.24,0.5,45.728403108571555
QTWO,2017-07-24,38.0,38.900001525878906,37.75,38.650001525878906,140400.0,21.98213994646826,22.6039906672709,20.658154342795555,30.483352908606843,30.19646006701183,5.02,1.0,-1.22,0.57,46.57187916708227
QTWO,2017-07-25,38.75,38.84999847412109,38.29999923706055,38.70000076293945,244700.0,21.98207539910867,22.589093506615868,20.651452457624785,30.43310708356102,30.182851952433925,5.02,1.0,-1.2,0.57,46.6321264719956
QTWO,2017-07-26,38.79999923706055,38.95000076293945,38.400001525878906,38.84999847412109,153500.0,21.99489327052811,22.445301032502503,20.46941740573703,30.35715254277571,29.931329265425592,5.01,1.0,-1.18,0.65,46.81286838673556
QTWO,2017-07-27,39.04999923706055,39.70000076293945,38.20000076293945,38.79999923706055,233200.0,21.994660939720927,22.445283297189498,20.276115657953177,29.19881616163597,29.872426988168137,5.0,1.0,-1.15,0.77,46.75262108182225
QTWO,2017-07-28,38.650001525878906,39.54999923706055,38.5,38.75,99600.0,21.99442769641678,22.345284715137048,20.270255544295804,29.145410114436228,29.834323549613824,4.98,1.0,-1.11,0.78,46.69237377690892
QTWO,2017-07-31,38.95000076293945,39.54999923706055,38.5,38.900001525878906,271600.0,21.973143939405407,21.940743100422548,20.2616247081551,29.111557722178784,29.8264689112984,4.96,1.0,-1.08,0.78,46.873120288223625
QTWO,2017-08-01,39.09999847412109,39.09999847412109,38.29999923706055,38.650001525878906,174000.0,21.81013903524929,21.959321130810164,20.221471527259396,29.10878873143253,29.74957568192534,4.93,1.0,-1.04,0.81,46.57187916708227
QTWO,2017-08-02,38.79999923706055,38.79999923706055,36.650001525878906,37.0,212900.0,24.431392188948088,23.67075241880682,21.417191317991037,28.40300627692276,30.079836074425412,4.88,10.0,-0.99,1.17,44.583685928919486
QTWO,2017-08-03,35.54999923706055,38.34999847412109,31.950000762939453,37.70000076293945,463700.0,24.91230190828956,23.970202470100496,21.609359904651672,27.28967795094537,30.133143785071702,4.82,11.0,-0.93,1.08,45.42716198743021
QTWO,2017-08-04,37.95000076293945,38.20000076293945,37.04999923706055,37.54999923706055,98900.0,24.928798661126176,23.97456675200576,21.60783049290797,27.28918873174245,29.61448900388096,4.75,11.0,-0.88,1.08,45.24641547611551
QTWO,2017-08-07,37.59999847412109,38.29999923706055,37.16999816894531,37.59999847412109,133700.0,24.484094545703243,23.917223030379407,21.57157530967469,27.166741213758293,29.460969542547407,4.68,11.0,-0.81,1.09,45.30666278102882
QTWO,2017-08-08,37.54999923706055,38.09999847412109,37.16999816894531,37.5,96100.0,23.86796073426503,23.80769489379164,21.570938639770837,26.84058683379771,28.55316428946863,4.6,11.0,-0.74,1.09,45.18616817120218
QTWO,2017-08-09,37.29999923706055,37.54999923706055,36.95000076293945,37.04999923706055,58400.0,23.555812767358187,23.79319887452089,21.47653714444924,26.81494959802281,28.578263240220892,4.51,11.0,-0.69,1.1,44.64393323383281
QTWO,2017-08-10,36.84999847412109,37.150001525878906,36.20000076293945,36.25,165500.0,22.725538350308085,24.06712275549355,21.74284846309456,26.94716091770574,28.55676358329888,4.42,16.0,-0.67,0.95,43.679962565495444
QTWO,2017-08-11,36.09999847412109,37.650001525878906,35.04999923706055,37.5,249700.0,24.354404433010632,24.67768307722737,22.333496376407872,26.747510415436025,28.643642188338376,4.33,23.0,-0.6,0.92,45.18616817120218
QTWO,2017-08-14,37.75,38.630001068115234,37.650001525878906,38.59999847412109,134000.0,25.70748716661589,25.392925883893795,22.67756259497187,26.938287488908014,28.77518126927267,4.22,24.0,-0.55,0.88,46.51162726559422
QTWO,2017-08-15,38.650001525878906,38.900001525878906,38.400001525878906,38.400001525878906,110900.0,25.667178159395803,24.95283259530921,22.69661167701565,26.943879748855927,28.740972579957784,4.11,25.0,-0.5,0.86,46.27063804594093
QTWO,2017-08-16,38.5,38.54999923706055,37.5,37.70000076293945,159000.0,26.2727060854954,25.148254451566032,22.888507605047696,27.04087226926123,28.807932566649477,3.98,26.0,-0.42,0.74,45.42716198743021
QTWO,2017-08-17,37.650001525878906,37.79999923706055,36.45000076293945,36.5,92700.0,27.73853876478532,25.881719408441807,23.35495130078999,26.91279427819953,29.00151121025561,3.84,27.0,-0.4,0.65,43.981203686636796
QTWO,2017-08-18,36.20000076293945,37.95000076293945,35.5,37.900001525878906,274200.0,29.079611932618597,27.090808262574143,24.057359364042693,27.120149370495326,29.22073765434181,3.69,28.0,-0.3,0.65,45.66815580365823
QTWO,2017-08-21,37.79999923706055,38.79999923706055,37.54999923706055,38.650001525878906,240500.0,29.5968785408638,27.362350544811022,24.22263543379446,26.986071615174524,29.260085612895494,3.56,29.0,-0.23,0.59,46.57187916708227
QTWO,2017-08-22,38.79999923706055,41.70000076293945,38.75,41.09999847412109,525400.0,33.66719045504033,30.167344716648454,26.045059304600205,27.890907679514427,29.832946648433214,3.41,44.0,-0.03,1.54,49.52403847700769
QTWO,2017-08-23,40.650001525878906,40.95000076293945,38.900001525878906,40.0,304200.0,34.67538000311185,30.63737536052355,26.3782844757016,27.745500730053607,29.88788186711548,3.26,58.0,-0.17,1.41,48.19857938261566
QTWO,2017-08-24,40.150001525878906,41.0,39.97999954223633,40.79999923706055,173800.0,35.0682166445983,30.89550413570588,26.53633059836056,27.794252289536463,29.84398262046495,3.15,65.0,-0.23,1.31,49.16255005095303
QTWO,2017-08-25,41.09999847412109,41.400001525878906,40.79999923706055,40.95000076293945,189000.0,35.01501826843438,30.839840931587016,26.350850538708244,27.77808051701276,29.84469190494545,3.03,58.0,-0.15,1.42,49.34329656226773
QTWO,2017-08-28,41.25,41.400001525878906,40.79999923706055,41.150001525878906,317400.0,35.02123453670823,30.64994497805022,26.34820781500313,27.299100808664623,29.76293532305216,2.91,58.0,-0.05,1.42,49.58429037849575
QTWO,2017-08-29,41.0,41.34999847412109,40.900001525878906,41.09999847412109,369300.0,34.96948563577711,30.347107942043333,26.34742891747407,27.300372288171488,29.761050642187044,2.78,58.0,0.01,1.43,49.52403847700769
QTWO,2017-08-30,41.20000076293945,41.400001525878906,40.20000076293945,40.84999847412109,363500.0,34.81411346933148,30.248644701629907,26.364577412866574,27.28440038721025,29.769690943664216,2.7,61.0,-0.0,1.42,49.22279735586635
QTWO,2017-08-31,40.95000076293945,41.20000076293945,40.54999923706055,40.59999847412109,141200.0,34.673661961990945,30.28308290021362,26.31770703633977,27.247130638855687,29.772527781320367,2.65,57.0,-0.04,1.45,48.921556234725
QTWO,2017-09-01,40.70000076293945,40.70000076293945,39.220001220703125,40.45000076293945,289200.0,34.13264586985164,29.80703518926787,26.329328275506413,27.20034073756564,29.77440881641756,2.6,59.0,-0.09,1.44,48.740814319985034
QTWO,2017-09-05,40.400001525878906,40.84999847412109,39.95000076293945,40.70000076293945,145300.0,33.81361294553671,28.2906536580348,26.325337640893554,27.161897659489124,29.775252094520884,2.56,58.0,-0.13,1.44,49.04205544112638
QTWO,2017-09-06,40.79999923706055,41.25,40.34999847412109,41.04999923706055,228000.0,33.87117913841705,28.331487138487955,26.110374520110607,27.162945059635703,29.783786889403647,2.52,48.0,-0.28,1.54,49.46379117209438
QTWO,2017-09-07,41.04999923706055,41.400001525878906,40.75,40.95000076293945,109400.0,33.88970533574205,28.3367949507586,25.929757768299687,27.16455977040476,29.78421347739329,2.47,37.0,-0.33,1.66,49.34329656226773
QTWO,2017-09-08,40.84999847412109,41.70000076293945,40.54999923706055,40.95000076293945,100600.0,33.88171284098716,28.33299350743883,25.90596869545112,27.109150433935376,29.781538032958167,2.43,37.0,-0.38,1.68,49.34329656226773
QTWO,2017-09-11,41.29999923706055,41.45000076293945,40.70000076293945,40.84999847412109,228100.0,33.892515950675985,28.33832676250908,25.834740992990728,26.95670354335854,29.751947407916845,2.4,37.0,-0.44,1.74,49.22279735586635
QTWO,2017-09-12,40.900001525878906,41.34999847412109,40.650001525878906,41.0,169000.0,33.89149502136587,28.330551337388066,25.813429812886312,26.68846280116865,29.724244815920308,2.36,37.0,-0.49,1.76,49.40354386718106
QTWO,2017-09-13,41.0,41.29999923706055,40.400001525878906,40.59999847412109,156300.0,33.975922502039815,28.33296087186334,25.86360922359062,26.71142396750249,29.70664944165071,2.33,39.0,-0.55,1.73,48.921556234725
QTWO,2017-09-14,40.5,41.5,40.400001525878906,41.04999923706055,272100.0,31.22948030387124,27.990456930176897,25.86682726640424,26.733502005740363,29.720778724658903,2.29,40.0,-0.61,1.73,49.46379117209438
QTWO,2017-09-15,41.400001525878906,41.400001525878906,39.650001525878906,40.20000076293945,502500.0,31.656145281414684,28.280013278750683,25.80510201457056,26.84980171966537,29.80370298103232,2.26,36.0,-0.67,1.78,48.43957319884369
QTWO,2017-09-18,40.25,40.59999847412109,39.59999847412109,39.900001525878906,388300.0,31.731275933919388,28.32553261558273,25.74619642511447,26.871622676312175,29.80778020497149,2.23,34.0,-0.71,1.82,48.07808477278901
QTWO,2017-09-19,40.04999923706055,40.34999847412109,39.59999847412109,39.650001525878906,219200.0,31.82236905993069,28.19473722302224,25.74973463007127,26.860307457519777,29.81679624406057,2.21,35.0,-0.73,1.83,47.77684365164767
QTWO,2017-09-20,39.75,40.09999847412109,38.75,38.79999923706055,299300.0,32.52160068973397,28.289758600641164,25.977753710505496,26.964743466448365,29.900957745246803,2.19,51.0,-0.73,1.71,46.75262108182225
QTWO,2017-09-21,38.84999847412109,39.630001068115234,38.59999847412109,39.400001525878906,216800.0,32.5247922126606,28.182333320975868,26.009629519624383,26.96263193654359,29.930417447509285,2.18,53.0,-0.74,1.68,47.475602530506315
QTWO,2017-09-22,39.20000076293945,40.09999847412109,39.20000076293945,39.84999847412109,93600.0,31.82216387389965,27.637911607147124,26.068688658045215,26.81630902140439,29.944879499536096,2.16,56.0,-0.78,1.64,48.01783287130095
QTWO,2017-09-25,39.59999847412109,39.650001525878906,39.04999923706055,39.34999847412109,173100.0,30.7552043989134,27.518365351324647,26.099185429338476,26.850243121186143,29.97748880922042,2.15,59.0,-0.79,1.63,47.41535062901826
QTWO,2017-09-26,39.54999923706055,40.04999923706055,39.400001525878906,39.84999847412109,177200.0,29.84756876375784,27.619288228877924,25.958740541394725,26.846797459784543,29.984902546683813,2.14,48.0,-0.81,1.68,48.01783287130095
QTWO,2017-09-27,40.150001525878906,41.09999847412109,40.04999923706055,40.95000076293945,288700.0,30.72343916960223,28.07208108384457,26.29521144229457,27.001404993269023,29.995790304218943,2.14,72.0,-0.86,1.5,49.34329656226773
QTWO,2017-09-28,40.75,41.34999847412109,39.900001525878906,41.0,243700.0,30.103590723872102,28.06222718743481,26.26009507824073,26.94272601089165,29.993794460787623,2.13,69.0,-0.9,1.52,49.40354386718106
QTWO,2017-09-29,41.04999923706055,41.79999923706055,41.04999923706055,41.650001525878906,201100.0,28.40303379211444,28.0511565274976,26.358540806910973,26.917573873706047,29.96198471752656,2.13,81.0,-0.9,1.45,50.186772620778456
QTWO,2017-10-02,41.79999923706055,42.900001525878906,41.22999954223633,41.54999923706055,309400.0,26.647752741827937,27.727056097980658,26.36198446344985,26.7996256963309,29.96215693149644,2.12,82.0,-0.92,1.45,50.06627341437707
QTWO,2017-10-03,41.650001525878906,41.84999847412109,41.0,41.29999923706055,134200.0,26.29923363966136,27.77271159579678,26.359926650939357,26.768035618536736,29.969853097431525,2.12,82.0,-0.96,1.46,49.76503229323573
QTWO,2017-10-04,41.20000076293945,41.70000076293945,40.95000076293945,41.09999847412109,127100.0,19.44698251715811,27.318648956264063,26.30066646414968,26.75373932249424,29.937596120312936,2.12,74.0,-1.0,1.5,49.52403847700769
QTWO,2017-10-05,41.25,41.29999923706055,40.59999847412109,41.25,181200.0,17.681715117335344,27.28877023698015,26.246121077176905,26.751662304525205,29.92272897248243,2.11,68.0,-1.04,1.54,49.7047849883224
QTWO,2017-10-06,41.150001525878906,41.75,40.709999084472656,41.75,104600.0,17.099397716658075,27.36008387361552,26.26412576801499,26.440638836878367,29.903345347312467,2.11,72.0,-1.06,1.53,50.3072672306051
QTWO,2017-10-09,41.650001525878906,41.900001525878906,41.25,41.45000076293945,201100.0,17.229228385942086,27.38365279061225,26.0138843748216,26.436684233529583,29.912444211783807,2.1,55.0,-1.08,1.64,49.94577880455042
QTWO,2017-10-10,41.79999923706055,42.0,41.25,41.79999923706055,112500.0,17.339044505886093,27.4231207529727,26.041703465809697,26.38316201223046,29.904608134544763,2.1,57.0,-1.09,1.62,50.367514535518424
QTWO,2017-10-11,41.84999847412109,42.68000030517578,41.84999847412109,41.95000076293945,161000.0,17.35300337211382,27.39402724130307,25.79766339907777,26.200419904027218,29.84159540255833,2.1,38.0,-1.1,1.77,50.54826104683312
QTWO,2017-10-12,41.84999847412109,42.75,41.84999847412109,42.400001525878906,104300.0,17.463714592606213,27.306879687326425,25.813523523456134,26.063467047648363,29.85478531909317,2.09,42.0,-1.07,1.76,51.09049598420249
QTWO,2017-10-13,42.59999847412109,43.02999877929688,41.83000183105469,42.59999847412109,187300.0,17.3479303040294,27.18212059315459,25.78885202013411,26.025048690036595,29.85350808937009,2.09,38.0,-1.03,1.78,51.331485203855785
QTWO,2017-10-16,42.75,42.75,42.09999847412109,42.29999923706055,70100.0,17.46439215635822,26.8853552944938,25.817847391060777,25.96779735271551,29.866190827415213,2.09,44.0,-1.04,1.77,50.96999677780112
QTWO,2017-10-17,42.34999847412109,42.45000076293945,41.650001525878906,41.70000076293945,74800.0,17.986852662386493,26.86162984586647,25.90086472911124,25.955837656876675,29.899630170853825,2.09,48.0,-1.07,1.73,50.247019925691774
QTWO,2017-10-18,41.900001525878906,42.29999923706055,41.79999923706055,42.04999923706055,96100.0,17.9792889988454,26.90093005266769,25.923241684791588,25.935187522555317,29.887593659569685,2.08,50.0,-1.09,1.71,50.66875565665977
QTWO,2017-10-19,41.75,41.75,40.150001525878906,40.75,294500.0,20.249499290781515,27.72049686367996,26.373986401691667,26.072643819364345,30.06473901909289,2.08,92.0,-1.12,1.54,49.102302746039705
QTWO,2017-10-20,41.25,42.29999923706055,40.79999923706055,41.5,208500.0,20.940360552885803,27.94571093535589,26.523688959171583,25.841755709907662,30.099097824552302,2.09,94.0,-1.16,1.44,50.006026109463754
QTWO,2017-10-23,41.59999847412109,41.59999847412109,40.900001525878906,40.95000076293945,54500.0,21.305982957350565,28.098849002472157,26.57314878150275,25.8898168035123,30.046147732568528,2.09,97.0,-1.19,1.42,49.34329656226773
QTWO,2017-10-24,41.09999847412109,41.84999847412109,40.75,41.70000076293945,233500.0,21.922322570869035,28.314457895885425,26.58105517475208,25.95512262404259,30.03107155043262,2.1,97.0,-1.22,1.41,50.247019925691774
QTWO,2017-10-25,41.54999923706055,41.900001525878906,41.18000030517578,41.400001525878906,136900.0,21.828722667090705,28.3237653717899,26.40335160865017,25.760845719621823,29.779752079730017,2.1,90.0,-1.26,1.5,49.885531499637096
QTWO,2017-10-26,41.650001525878906,42.34999847412109,41.0,42.150001525878906,154300.0,22.20411135554868,26.94394291966528,26.4578619574879,25.766517146339712,29.823181634512878,2.1,91.0,-1.28,1.45,50.78925486306114
QTWO,2017-10-27,42.54999923706055,42.59999847412109,41.84999847412109,42.34999847412109,127600.0,21.238845792024197,26.728058600458144,26.46490931367801,25.769319419362308,29.811967357243034,2.1,91.0,-1.29,1.45,51.03024408271444
QTWO,2017-10-30,42.29999923706055,42.400001525878906,41.5,41.84999847412109,112600.0,21.44150256608284,26.85138941833049,26.213223903277157,25.801843149122995,29.83360057139062,2.1,70.0,-1.32,1.58,50.42776184043174
QTWO,2017-10-31,41.95000076293945,43.0,41.84999847412109,42.54999923706055,210300.0,21.73425368942893,27.02135156365077,25.297362127404654,25.857337997874176,29.86329638570333,2.09,30.0,-1.32,1.54,51.271237898942466
QTWO,2017-11-01,42.84999847412109,42.95000076293945,41.04999923706055,41.900001525878906,150700.0,21.20095875101596,27.24148379571903,25.432961763518204,25.645993698763064,29.909972940724145,2.07,31.0,-1.33,1.47,50.4880137419198
QTWO,2017-11-02,40.900001525878906,43.650001525878906,39.0,40.95000076293945,626600.0,22.07993808772209,27.567554898475777,25.712287125486817,24.030566559433836,29.470275254948746,2.06,36.0,-1.32,1.35,49.34329656226773
QTWO,2017-11-03,41.45000076293945,42.79999923706055,40.84999847412109,42.75,441200.0,25.04271061677732,28.39757565256845,26.57053420563488,24.52282087669236,29.72048760481364,2.06,98.0,-1.3,1.18,51.512231715170486
QTWO,2017-11-06,42.34999847412109,42.650001525878906,41.95000076293945,42.0,190600.0,25.34750863170302,27.945209601469276,26.73664615316139,24.610093101762438,29.72707919319216,2.07,100.0,-1.3,1.11,50.60850835174645
QTWO,2017-11-07,42.04999923706055,42.29999923706055,41.09999847412109,42.0,318300.0,25.158457407485507,27.37340404364764,26.72847406286328,24.58779721204348,28.88231701521542,2.07,99.0,-1.3,1.12,50.60850835174645
QTWO,2017-11-08,41.84999847412109,42.70000076293945,41.84999847412109,42.650001525878906,215800.0,24.33557194731687,27.485519520914742,26.771679814373755,24.543260790698167,28.876578551894376,2.07,100.0,-1.3,1.09,51.391737105343836
QTWO,2017-11-09,42.400001525878906,42.75,41.79999923706055,42.650001525878906,206600.0,24.33873241035821,27.166283558838806,26.510287915518767,24.504836517829,28.85137138586526,2.08,92.0,-1.28,1.19,51.391737105343836
QTWO,2017-11-10,42.650001525878906,43.400001525878906,42.59999847412109,43.04999923706055,85600.0,24.078828224074044,26.23886136046927,26.48656779434042,24.178406184355747,28.84921745856556,2.08,91.0,-1.24,1.18,51.873720141225164
QTWO,2017-11-13,42.79999923706055,43.29999923706055,42.29999923706055,42.95000076293945,107100.0,24.077847535788,25.228033424670667,26.48522714270135,23.792202561203894,27.99356642480312,2.08,90.0,-1.2,1.18,51.75322553139851
QTWO,2017-11-14,42.70000076293945,43.20000076293945,42.54999923706055,43.09999847412109,119100.0,23.99048824400873,24.965096014074916,26.38452580284255,23.608427212100665,27.128402296375743,2.08,86.0,-1.17,1.26,51.933967446138475
QTWO,2017-11-15,42.75,43.04999923706055,41.54999923706055,42.650001525878906,220800.0,24.173749965811727,21.77374485841798,26.2587120467258,23.645500007109675,27.14951322576257,2.09,69.0,-1.14,1.31,51.391737105343836
QTWO,2017-11-16,42.84999847412109,44.34999847412109,42.650001525878906,44.0,309500.0,25.68085009830764,21.87801801695219,26.50037853131808,23.826109766029223,27.227643203560717,2.09,91.0,-1.07,1.19,53.01843732087723
QTWO,2017-11-17,43.70000076293945,44.20000076293945,42.34999847412109,42.45000076293945,343800.0,27.74736866107757,22.85124523778895,26.790111798284364,24.132290374084764,27.252186574255397,2.1,100.0,-1.04,1.24,51.150743289115816
QTWO,2017-11-20,42.5,42.59999847412109,41.900001525878906,42.20000076293945,181800.0,27.71819613050221,22.88164373466409,26.647916614805204,24.14193757831963,27.2142910793283,2.1,96.0,-1.01,1.3,50.84950216797447
QTWO,2017-11-21,42.34999847412109,42.5,41.900001525878906,42.150001525878906,196800.0,27.622578656250084,22.865890967764468,26.650085552544176,24.136936900831017,27.21499724981667,2.11,96.0,-0.98,1.3,50.78925486306114
QTWO,2017-11-22,42.25,43.400001525878906,42.04999923706055,42.400001525878906,154200.0,27.655060353642877,22.89103799621703,26.628021423100485,24.1089564002875,26.869491860739075,2.11,94.0,-0.96,1.3,51.09049598420249
QTWO,2017-11-24,42.54999923706055,42.84999847412109,42.20000076293945,42.75,44900.0,27.58470585015485,22.902296210401712,26.642319421349747,24.120895532257705,26.870141586606827,2.12,94.0,-0.93,1.29,51.512231715170486
QTWO,2017-11-27,42.70000076293945,42.900001525878906,42.34999847412109,42.79999923706055,111200.0,27.554357726625145,22.857229740568062,26.551136690365944,24.119992179477727,26.866524770029983,2.12,89.0,-0.94,1.34,51.57247902008382
QTWO,2017-11-28,42.79999923706055,43.20000076293945,42.400001525878906,43.09999847412109,157900.0,27.53523067008929,22.87066876884924,26.34248350730896,24.121709881374507,26.87117115179908,2.13,69.0,-0.91,1.46,51.933967446138475
QTWO,2017-11-29,43.0,43.20000076293945,41.34999847412109,41.59999847412109,202300.0,29.16316692885488,24.032598362656763,26.98365436316969,24.48989726310523,26.819246875906984,2.14,100.0,-0.85,1.3,50.12652071929039
QTWO,2017-11-30,41.900001525878906,42.29999923706055,41.29999923706055,41.84999847412109,268000.0,29.111683867994497,24.0008926937368,26.689091065249,24.49329328110279,26.72302272148236,2.14,95.0,-0.79,1.45,50.42776184043174
QTWO,2017-12-01,42.0,42.20000076293945,39.5,41.400001525878906,273600.0,27.77212232686831,24.10312949379217,26.729522327727057,24.445727311401,26.59376960792911,2.13,96.0,-0.74,1.44,49.885531499637096
QTWO,2017-12-04,41.900001525878906,42.0,39.5,39.84999847412109,256000.0,29.40873482420881,25.3517208579532,27.41351123033296,24.86533634600106,26.88288010126998,2.13,100.0,-0.71,1.3,48.01783287130095
QTWO,2017-12-05,39.84999847412109,41.25,39.650001525878906,40.70000076293945,251200.0,29.87931837564754,25.729335137338836,27.598623489918005,24.95203188138056,26.683873602883708,2.12,100.0,-0.65,1.19,49.04205544112638
QTWO,2017-12-06,40.5,41.400001525878906,40.5,40.900001525878906,84800.0,29.41530119220051,25.73823256888207,27.607372866276396,24.90458225354304,26.65872744422819,2.12,100.0,-0.58,1.19,49.283049257354406
QTWO,2017-12-07,40.900001525878906,41.09999847412109,40.400001525878906,40.5,120700.0,29.47560078336538,25.73862332183136,27.64175382432796,24.935514959048525,26.66715534678949,2.11,100.0,-0.51,1.17,48.80106162489836
QTWO,2017-12-08,40.84999847412109,41.22999954223633,40.29999923706055,40.45000076293945,83300.0,28.938272941599408,25.63595783233688,27.53873553808632,24.92986143029046,26.302669035264937,2.09,97.0,-0.46,1.23,48.740814319985034
QTWO,2017-12-11,40.45000076293945,40.84999847412109,39.59999847412109,40.34999847412109,192900.0,28.88146675372369,25.276649384108644,27.47660342212889,24.871189334956046,26.304729894190466,2.07,96.0,-0.39,1.27,48.62031511358365
QTWO,2017-12-12,39.79999923706055,39.84999847412109,38.20000076293945,38.25,349200.0,32.45705382841461,27.518470246294648,28.60695783093743,25.660731676560623,26.84161064526107,2.04,100.0,-0.38,1.43,46.089891534626226
QTWO,2017-12-13,38.150001525878906,39.04999923706055,37.91999816894531,38.04999923706055,238400.0,31.924628127623578,27.51026439356551,28.46941808378135,25.659450147672096,26.814099126651698,2.01,99.0,-0.4,1.51,45.8488977183982
QTWO,2017-12-14,38.09999847412109,38.400001525878906,37.20000076293945,37.29999923706055,170300.0,32.094336918825555,27.455143692992788,28.64035727081477,25.76612820865422,26.85902589529984,1.98,100.0,-0.43,1.42,44.94517435497416
QTWO,2017-12-15,37.34999847412109,38.34999847412109,37.150001525878906,38.0,855000.0,32.20811263154484,27.543906509308453,28.790791060701157,25.826947964269703,26.889852414395428,1.93,100.0,-0.46,1.33,45.78865041348487
QTWO,2017-12-18,38.29999923706055,38.70000076293945,37.79999923706055,38.34999847412109,226600.0,29.425936524238868,27.50695154757896,28.8287534746269,25.843511968262128,26.896162311993404,1.88,100.0,-0.48,1.31,46.21038614445287
QTWO,2017-12-19,38.34999847412109,38.650001525878906,37.84999847412109,38.150001525878906,340100.0,29.127912848490457,27.41087055881385,28.839612776022864,25.734541854015163,26.90019739049974,1.83,100.0,-0.51,1.31,45.969396924799575
QTWO,2017-12-20,38.34999847412109,38.75,37.650001525878906,37.650001525878906,97400.0,29.252478546917192,27.3928350346488,28.90612598123153,25.776773005288256,26.89229135516448,1.76,100.0,-0.55,1.27,45.366914682516885
QTWO,2017-12-21,37.70000076293945,37.84999847412109,37.0,37.25,210300.0,28.75185155514311,26.823189333972948,28.936741290129863,25.80492440304096,26.811763132261213,1.7,100.0,-0.58,1.25,44.88492705006084
QTWO,2017-12-22,37.150001525878906,37.29999923706055,36.5,36.70000076293945,136000.0,28.871957816267763,26.953965557082505,28.192990604247136,25.858209694351235,26.67650352923745,1.65,92.0,-0.56,1.35,44.222197502864816
QTWO,2017-12-26,36.45000076293945,37.0,36.25,36.70000076293945,84000.0,28.59440647437217,26.70751803029398,28.030986510981997,25.82421268262264,26.66979959937224,1.6,91.0,-0.53,1.45,44.222197502864816
QTWO,2017-12-27,36.75,37.25,36.59999847412109,36.75,141300.0,28.64786957961704,26.71688702495841,28.02578670789073,25.82419195259992,26.66971677357057,1.54,90.0,-0.51,1.45,44.282444807778134
QTWO,2017-12-28,36.75,37.04999923706055,36.70000076293945,36.84999847412109,109100.0,28.62847776466876,26.72128326961277,28.028598246009,25.81336567212568,26.658849901672287,1.48,90.0,-0.5,1.45,44.402939417604784
QTWO,2017-12-29,36.84999847412109,37.150001525878906,36.5,36.84999847412109,179300.0,28.62208935836426,26.716879178095297,28.02583286049111,25.69176243624036,26.65784208850873,1.41,89.0,-0.49,1.45,44.402939417604784
QTWO,2018-01-02,37.09999847412109,38.20000076293945,37.0,38.20000076293945,285300.0,29.177807473023336,27.79925592896559,28.539967143153376,25.92319877123139,26.869531665421853,1.34,93.0,-0.47,1.28,46.0296442297129
QTWO,2018-01-03,38.09999847412109,39.54999923706055,37.77999877929688,39.400001525878906,347800.0,29.402201813180497,28.447697187752357,28.72669453546088,26.158951438596585,27.008993863655625,1.28,95.0,-0.47,1.21,47.475602530506315
QTWO,2018-01-04,39.54999923706055,40.0,38.84999847412109,39.150001525878906,166800.0,29.40714013534062,28.44028962862954,28.254105599823674,26.123987780047383,26.98115114580367,1.22,90.0,-0.41,1.38,47.17436140936497
QTWO,2018-01-05,39.34999847412109,39.400001525878906,37.95000076293945,38.25,214700.0,30.010922364012604,28.73403861627686,28.12893065340199,26.255654408201995,26.964486952634655,1.17,88.0,-0.43,1.45,46.089891534626226
QTWO,2018-01-08,38.150001525878906,38.650001525878906,37.83000183105469,38.650001525878906,211000.0,30.15771849275572,28.81923512233129,28.16585038612658,26.281489646317524,26.965813341744315,1.12,88.0,-0.41,1.42,46.57187916708227
QTWO,2018-01-09,38.75,38.84999847412109,38.20000076293945,38.29999923706055,150300.0,30.010792239311968,28.75128396234497,28.04912505424801,26.27468552427089,26.956643163440862,1.06,86.0,-0.4,1.48,46.15013883953955
QTWO,2018-01-10,38.150001525878906,38.400001525878906,37.04999923706055,37.20000076293945,231000.0,30.860332349953367,29.26166934035512,27.95900368585549,26.333940326682335,27.113484387336083,1.01,81.0,-0.45,1.49,44.82467974514751
QTWO,2018-01-11,37.29999923706055,37.59999847412109,36.970001220703125,37.45000076293945,493000.0,30.851023146944257,29.301019306883877,27.32841526513608,26.301867365205045,27.08275692266337,0.98,74.0,-0.46,1.7,45.12592086628886
QTWO,2018-01-12,37.5,38.400001525878906,37.400001525878906,37.900001525878906,195900.0,29.786012900754315,29.32549284712664,27.214667802267904,26.32876983351897,27.057045119725657,0.95,73.0,-0.48,1.77,45.66815580365823
QTWO,2018-01-16,38.29999923706055,39.13999938964844,37.900001525878906,38.0,178300.0,29.71273152765026,29.265941943960367,25.361248743343445,26.3266498960356,26.96321633313462,0.95,2.0,-0.58,1.0,45.78865041348487
QTWO,2018-01-17,38.09999847412109,38.630001068115234,37.84999847412109,38.34999847412109,206400.0,29.83300682071672,28.68173776773593,25.05419663870714,26.30371518324361,26.946028685739225,0.97,1.0,-0.65,1.15,46.21038614445287
QTWO,2018-01-18,38.34999847412109,38.54999923706055,38.04999923706055,38.20000076293945,168700.0,27.8675167287865,28.404707370571447,24.84894203230517,26.30730538474875,26.92912133138571,0.99,1.0,-0.73,1.24,46.0296442297129
QTWO,2018-01-19,38.150001525878906,38.650001525878906,38.130001068115234,38.25,251500.0,27.056490757258345,28.299703905071897,24.841297876441388,26.278910015635056,26.9278811609422,1.0,1.0,-0.81,1.25,46.089891534626226
QTWO,2018-01-22,38.150001525878906,38.5,37.900001525878906,38.45000076293945,124100.0,27.06365386949816,28.046222431531397,24.84330971831865,26.17140749907807,26.680413950372028,1.02,2.0,-0.87,1.25,46.33088535085425
QTWO,2018-01-23,38.34999847412109,38.5,38.04999923706055,38.400001525878906,171600.0,26.96359969010407,28.019548910708338,24.84336038484849,26.164591299129984,26.661121316308478,1.04,3.0,-0.93,1.25,46.27063804594093
QTWO,2018-01-24,38.45000076293945,39.650001525878906,38.20000076293945,39.54999923706055,231600.0,28.44840752980896,28.454532784578696,25.284741502279847,26.37932964627851,26.76512281773521,1.05,6.0,-0.95,1.11,47.65634444524629
QTWO,2018-01-25,39.75,40.29999923706055,39.54999923706055,40.29999923706055,137100.0,28.998409896047995,28.72124359842622,25.44787222297798,26.464275343746667,26.690906459072227,1.05,10.0,-0.95,1.05,48.56006780867034
QTWO,2018-01-26,40.54999923706055,41.04999923706055,40.400001525878906,40.95000076293945,157700.0,24.524446324564284,28.831162870260066,25.5682953447255,26.5282051736977,26.627217943683924,1.06,11.0,-0.95,1.0,49.34329656226773
QTWO,2018-01-29,40.84999847412109,41.59999847412109,40.75,40.95000076293945,191000.0,24.43172339305556,28.61422483392059,25.549956092893822,26.51351736979341,26.59587929493126,1.06,11.0,-0.95,1.0,49.34329656226773
QTWO,2018-01-30,40.45000076293945,41.54999923706055,40.13999938964844,41.400001525878906,208500.0,23.60029746901527,28.542899689139794,25.572750062160974,26.504382012546085,26.564403196075904,1.07,13.0,-0.95,0.99,49.885531499637096
QTWO,2018-01-31,41.54999923706055,42.5,41.25,42.34999847412109,329400.0,23.85664649647335,28.522180869792624,25.81950448707124,26.601827745999927,26.600057202629383,1.07,23.0,-0.97,0.9,51.03024408271444
QTWO,2018-02-01,42.20000076293945,42.79999923706055,41.54999923706055,42.29999923706055,369900.0,23.835780603963187,27.115698561438347,25.820576982927467,26.577051303310743,26.57966513287889,1.07,24.0,-0.98,0.9,50.96999677780112
QTWO,2018-02-02,42.09999847412109,42.84999847412109,42.0,42.5,362300.0,23.701633046172347,26.88514291796737,25.82605408929365,26.43128163281962,26.475322979561383,1.07,25.0,-1.0,0.9,51.21099059402914
QTWO,2018-02-05,42.20000076293945,42.70000076293945,40.59999847412109,40.70000076293945,265300.0,26.936596768802413,28.32310103390189,26.733873563112216,26.935901898412308,26.62930740510508,1.07,68.0,-1.0,0.81,49.04205544112638
QTWO,2018-02-06,40.0,41.59999847412109,39.5,41.400001525878906,290300.0,26.94796969984264,28.36579730233093,26.82484430902513,26.871533244031,26.669121369905728,1.06,71.0,-1.0,0.79,49.885531499637096
QTWO,2018-02-07,41.25,42.29999923706055,41.04999923706055,41.95000076293945,187400.0,26.507351261099423,28.504258066772696,26.849399112763138,26.89567203875308,26.68848078260475,1.06,71.0,-1.0,0.78,50.54826104683312
QTWO,2018-02-08,42.5,43.04999923706055,41.70000076293945,41.79999923706055,211200.0,26.57991835963908,28.44109259802708,26.64216013657524,26.880605455261065,26.54783610847436,1.06,59.0,-1.0,0.9,50.367514535518424
QTWO,2018-02-09,42.20000076293945,42.45000076293945,40.09999847412109,41.79999923706055,320600.0,26.596087678419977,28.43867903687796,26.61227776090672,26.880365692082357,26.49825848931149,1.05,57.0,-0.99,0.92,50.367514535518424
QTWO,2018-02-12,41.900001525878906,42.70000076293945,41.650001525878906,42.29999923706055,170400.0,26.681646516711734,28.540371906746675,26.6513072600809,26.90206527956921,26.520368175783275,1.05,62.0,-0.98,0.92,50.96999677780112
QTWO,2018-02-13,42.0,44.04999923706055,42.0,43.20000076293945,191800.0,27.061416626903707,28.790843846171587,26.60355285470968,27.00960864666908,26.584918191398344,1.04,55.0,-0.95,0.99,52.054466652539865
QTWO,2018-02-14,43.09999847412109,44.70000076293945,43.09999847412109,43.75,373800.0,25.56648913232325,28.184488887821157,26.570176738346422,27.02587370625892,26.605907407521517,1.04,51.0,-0.92,1.0,52.71719619973588
QTWO,2018-02-15,43.20000076293945,44.95000076293945,40.650001525878906,44.84999847412109,1027400.0,25.075489824828303,27.63402720198438,26.78848005324327,27.17563444538355,26.508197651349803,1.04,68.0,-0.85,0.93,54.04265529412792
QTWO,2018-02-16,44.70000076293945,46.09999847412109,44.59999847412109,45.70000076293945,287900.0,25.20297960837731,27.83592364586925,26.840202677900283,27.235449572177306,25.355302306399317,1.04,70.0,-0.67,0.95,55.06687786395334
QTWO,2018-02-20,45.650001525878906,45.650001525878906,44.20000076293945,44.650001525878906,351300.0,25.201713346706896,28.284465950754733,27.064652178192038,27.309698386172915,25.455201807043597,1.04,72.0,-0.66,0.82,53.80166607447462
QTWO,2018-02-21,43.25,45.34999847412109,41.0,45.0,1167500.0,25.16596810287008,28.301296211927006,26.761962943795904,27.209706487419115,25.456454989493796,1.03,64.0,-0.66,0.91,54.22340180544262
QTWO,2018-02-22,45.0,46.400001525878906,44.900001525878906,45.29999923706055,1425000.0,24.80689174447833,28.28593897985115,26.777241199688863,27.170006332478557,25.44759052559491,1.03,65.0,-0.65,0.91,54.5848902314973
QTWO,2018-02-23,45.25,46.09999847412109,45.0,46.04999923706055,541700.0,22.687045034853803,28.462767741474444,26.787146749598467,27.232116758171905,25.422681087056677,1.03,65.0,-0.59,0.9,55.48861359492133
QTWO,2018-02-26,46.0,47.04999923706055,45.400001525878906,46.84999847412109,958700.0,22.874585799750555,28.62820029981753,26.904524648199075,27.127989517697333,25.448008420137224,1.03,70.0,-0.45,0.87,56.4525842632587
QTWO,2018-02-27,46.84999847412109,47.09999847412109,45.54999923706055,45.75,594300.0,24.546471863172,28.08217494471669,27.171652857187468,26.734893764346783,25.33200608099001,1.03,72.0,-0.48,0.74,55.12712516886666
QTWO,2018-02-28,45.900001525878906,46.650001525878906,45.29999923706055,45.54999923706055,364200.0,24.720486382473105,28.093109153854773,27.16915095661684,26.742536724439542,25.073603332875223,1.03,71.0,-0.53,0.74,54.88613135263864
QTWO,2018-03-01,45.5,46.0,45.0,45.400001525878906,497400.0,24.84716496114267,27.995522322511984,27.17448999232311,26.74598312475445,24.95276528486147,1.03,72.0,-0.58,0.73,54.70538943789867
QTWO,2018-03-02,45.09999847412109,45.900001525878906,45.0,45.75,369300.0,24.68690179039916,26.76867139144999,27.13793357648211,26.756247595364503,24.959558294147875,1.03,69.0,-0.62,0.74,55.12712516886666
QTWO,2018-03-05,45.650001525878906,45.75,45.09999847412109,45.650001525878906,283400.0,24.765459520572907,26.49401569352417,27.111346542431896,26.757524083532143,24.90148806709041,1.03,68.0,-0.66,0.76,55.00663055904001
QTWO,2018-03-06,45.75,46.25,45.70000076293945,46.150001525878906,441600.0,24.806553246788603,26.55127746731446,27.131574473410208,26.778337929770085,24.85682130189589,1.03,68.0,-0.69,0.76,55.609112801322716
QTWO,2018-03-07,45.75,47.400001525878906,45.75,46.95000076293945,766600.0,24.90671571314339,26.61383152471206,27.250346188156723,26.81661942490984,24.9058752172574,1.02,73.0,-0.68,0.72,56.57308346966008
QTWO,2018-03-08,47.04999923706055,47.25,46.5,47.0,263100.0,23.990840348090703,26.604353364905336,27.20734137899899,26.67181275973241,24.9017363015273,1.02,71.0,-0.68,0.73,56.633330774573395
QTWO,2018-03-09,47.20000076293945,48.400001525878906,47.20000076293945,48.09999847412109,304400.0,24.2280664313584,26.915619078622665,27.427111012401923,26.76739756752938,24.97374972223208,1.01,75.0,-0.6,0.66,57.95878986896543
QTWO,2018-03-12,48.09999847412109,48.09999847412109,47.59999847412109,47.900001525878906,184600.0,24.202352727551222,24.27184836754511,27.408676758374583,26.771167439533578,24.97777650162456,1.01,73.0,-0.58,0.67,57.717800649312146
QTWO,2018-03-13,48.04999923706055,48.34999847412109,46.70000076293945,47.04999923706055,211400.0,25.07872653047573,24.608591381529138,27.466825131792405,26.81150917872564,25.050330970588234,1.0,75.0,-0.63,0.65,56.69357807948673
QTWO,2018-03-14,47.25,47.900001525878906,46.900001525878906,47.150001525878906,250400.0,25.016273969326264,24.12142106665736,27.443327790078616,26.7071782419549,25.04465142009963,1.0,74.0,-0.68,0.65,56.8140772858881
QTWO,2018-03-15,47.400001525878906,48.04999923706055,47.20000076293945,47.79999923706055,232000.0,24.57476835562922,24.014633032746527,27.01220910369097,26.651087908834608,25.06529232937825,1.0,59.0,-0.71,0.81,57.597301442910776
QTWO,2018-03-16,47.79999923706055,47.84999847412109,46.95000076293945,47.0,411500.0,25.27541040095791,24.35785078055048,27.036696243574998,26.526867680081967,25.127188829543144,1.0,59.0,-0.77,0.76,56.633330774573395
QTWO,2018-03-19,46.79999923706055,46.84999847412109,45.79999923706055,46.45000076293945,199800.0,25.655984615658987,24.493251632754536,27.016271236953514,26.479122413860427,25.101364417526007,1.0,58.0,-0.83,0.77,55.97060122737738
QTWO,2018-03-20,46.5,47.20000076293945,46.45000076293945,47.04999923706055,118400.0,21.72084080513154,24.325794154107808,26.944775855057767,26.51397093712577,25.12037821130921,1.0,55.0,-0.89,0.79,56.69357807948673
QTWO,2018-03-21,47.150001525878906,48.54999923706055,47.0,48.09999847412109,247600.0,22.012917843659217,24.423793878968617,27.11227600026608,26.609093480955,25.18372741617697,1.0,61.0,-0.91,0.76,57.95878986896543
QTWO,2018-03-22,47.59999847412109,48.45000076293945,47.5,47.5,285200.0,22.440599729190865,24.350594765348717,27.073491180218685,26.65674474572026,25.182495075724997,1.0,59.0,-0.96,0.74,57.2358130168561
QTWO,2018-03-23,47.650001525878906,47.900001525878906,46.20000076293945,46.20000076293945,303300.0,24.188528553887583,25.20883055547688,27.453824901490105,26.83088181003249,25.34787837604565,1.0,74.0,-1.01,0.58,55.669360106236034
QTWO,2018-03-26,46.84999847412109,47.70000076293945,46.04999923706055,47.59999847412109,255900.0,25.350283601757678,25.759557156742467,27.758157306072167,26.920362268152648,25.50658332749217,1.0,80.0,-1.05,0.54,57.35630762668274
QTWO,2018-03-27,47.95000076293945,48.75,46.54999923706055,46.79999923706055,574600.0,25.973345776503105,26.12428283775322,27.798123205564444,27.00681326367983,25.530383314463663,0.99,80.0,-1.09,0.49,56.39233695834538
QTWO,2018-03-28,46.70000076293945,46.79999923706055,44.59999847412109,45.0,528900.0,28.187671810632363,27.57593909767367,28.405451401650677,27.26144170600392,25.82928711780259,0.98,90.0,-1.12,0.42,54.22340180544262
QTWO,2018-03-29,45.150001525878906,46.22999954223633,44.5,45.54999923706055,481100.0,28.17053685641213,26.79212367872028,28.207264530395875,27.281888029796384,25.84506537165041,0.98,88.0,-1.15,0.53,54.88613135263864
QTWO,2018-04-02,45.34999847412109,45.34999847412109,44.20000076293945,44.34999847412109,582600.0,28.39505711184006,26.823019331610016,27.735013976340788,27.46836769559746,25.987985615021685,0.98,76.0,-1.16,0.39,53.44017305184522
QTWO,2018-04-03,44.650001525878906,45.70000076293945,44.400001525878906,45.59999847412109,318800.0,29.036737590895463,27.27920138984522,27.920316897594468,27.645261647074097,26.1031911639941,0.98,78.0,-1.19,0.42,54.94637865755195
QTWO,2018-04-04,44.95000076293945,46.150001525878906,44.5,46.0,267900.0,28.28878959023807,26.77005871111518,27.948177823178444,27.660549515463263,26.11247457058528,0.99,78.0,-1.22,0.42,55.428366290008015
QTWO,2018-04-05,46.34999847412109,46.70000076293945,45.84999847412109,45.900001525878906,234100.0,28.22770757961111,26.74710064096025,27.855902647810225,27.653472694160207,26.036185477851635,0.99,76.0,-1.25,0.43,55.307871680181364
QTWO,2018-04-06,45.650001525878906,46.45000076293945,45.29999923706055,45.70000076293945,254700.0,28.20524902505039,26.67421217489388,27.867456259845795,27.60679358734728,26.03758907814783,0.99,76.0,-1.28,0.42,55.06687786395334
QTWO,2018-04-09,45.84999847412109,46.5,45.54999923706055,45.59999847412109,237600.0,27.79328692391995,25.84864464345046,27.8364979022143,27.569682677020403,26.037474183934957,0.99,74.0,-1.3,0.42,54.94637865755195
QTWO,2018-04-10,46.20000076293945,47.650001525878906,45.20000076293945,47.45000076293945,496200.0,29.731000372319112,26.896522554859537,28.51853196081252,27.84174722250185,26.321817393248743,1.0,91.0,-1.32,0.38,57.17556571194278
QTWO,2018-04-11,47.150001525878906,48.04999923706055,46.79999923706055,47.25,297900.0,28.87705255139725,26.895225750354594,28.52766021326064,27.77512983530913,26.29897983495456,1.01,91.0,-1.35,0.37,56.93457189571475
QTWO,2018-04-12,47.54999923706055,48.45000076293945,46.95000076293945,47.150001525878906,265900.0,28.847331926372327,26.9207087578044,28.47328041585976,27.77775723882953,26.300918370578653,1.01,89.0,-1.37,0.4,56.8140772858881
QTWO,2018-04-13,47.400001525878906,47.650001525878906,46.75,47.04999923706055,350900.0,28.83358814009328,26.920334937353573,28.06316972279009,27.77838865551032,26.29626919263541,1.01,81.0,-1.39,0.47,56.69357807948673
QTWO,2018-04-16,47.34999847412109,47.70000076293945,47.0,47.5,112600.0,28.87445805799987,26.904987643061933,27.4779422183906,27.79493265142517,26.216975330930243,1.01,62.0,-1.41,0.63,57.2358130168561
QTWO,2018-04-17,47.900001525878906,48.93000030517578,47.900001525878906,48.75,128000.0,29.724192318620773,27.286233369887466,27.73519290968064,27.948395914216466,26.25994776979764,1.01,67.0,-1.42,0.58,58.74201862256284
QTWO,2018-04-18,49.0,50.400001525878906,48.79999923706055,49.95000076293945,315900.0,30.31450810323801,27.600312072875244,27.96816758176788,28.079536176294127,26.35235494566402,1.01,75.0,-1.39,0.52,60.18797692335626
QTWO,2018-04-19,49.95000076293945,50.15999984741211,49.54999923706055,49.79999923706055,156800.0,30.036051333600494,27.617473732468493,27.96979311844477,28.06896865258242,26.32647325459065,1.01,75.0,-1.37,0.51,60.00723041204156
QTWO,2018-04-20,49.70000076293945,50.09999847412109,49.400001525878906,49.79999923706055,244900.0,30.040406614074307,27.12629068202641,27.950762351288358,27.553415175649757,26.31761857416716,1.01,72.0,-1.37,0.51,60.00723041204156
QTWO,2018-04-23,49.84999847412109,50.29999923706055,48.79999923706055,48.900001525878906,182500.0,29.895354285848057,27.315566689241827,28.12630336566788,27.57788192678029,26.38621925542558,1.01,81.0,-1.39,0.42,58.92276513387754
QTWO,2018-04-24,49.04999923706055,49.45000076293945,47.70000076293945,48.09999847412109,152300.0,30.2754940163872,27.477704297232176,28.25288366241616,27.652181286424483,26.42686037243533,1.01,85.0,-1.41,0.34,57.95878986896543
QTWO,2018-04-25,48.29999923706055,48.70000076293945,47.5,48.650001525878906,205900.0,29.94649593631741,27.52904891776337,27.68400591587563,27.67745249783795,26.33790278471701,1.01,60.0,-1.43,0.48,58.621524012736195
QTWO,2018-04-26,48.95000076293945,49.900001525878906,48.400001525878906,49.59999847412109,177800.0,30.40898161300396,27.687677768790664,27.819078751650007,27.753956912813205,26.364491522738465,1.01,64.0,-1.43,0.44,59.766236595813524
QTWO,2018-04-27,49.84999847412109,50.09000015258789,49.150001525878906,49.34999847412109,152300.0,30.25092432911504,27.42813724986448,27.768140942591906,27.717842735718275,26.3657332091785,1.01,62.0,-1.44,0.46,59.46499547467218
QTWO,2018-04-30,49.5,50.150001525878906,49.20000076293945,49.25,183900.0,29.788218172760622,27.433607166292997,27.02864069889305,27.580969014136247,26.362855757869085,1.01,32.0,-1.43,0.59,59.34450086484554
QTWO,2018-05-01,49.29999923706055,50.150001525878906,49.04999923706055,50.09999847412109,284600.0,29.841263511709688,27.59284331856212,26.96457833659824,27.37580322765526,26.38472608080254,1.01,30.0,-1.42,0.61,60.368718838096214
QTWO,2018-05-02,50.34999847412109,52.25,49.400001525878906,49.900001525878906,589600.0,29.734388050728228,25.91832470377748,26.977872601913788,27.19005292523386,26.38850544735809,1.01,31.0,-1.41,0.59,60.12772961844293
QTWO,2018-05-03,49.5,55.34999847412109,49.5,55.20000076293945,1232100.0,41.01617611375808,32.63728181072308,31.150780136798435,29.61793038880719,28.20289455031132,1.08,100.0,-1.1,5.41,66.51404046732456
QTWO,2018-05-04,55.25,55.25,54.04999923706055,54.900001525878906,435500.0,40.80936499427786,32.65595312143594,31.17287364830696,29.531793163462574,28.123947460645432,1.15,100.0,-0.92,5.4,66.15255204126989
QTWO,2018-05-07,54.900001525878906,55.04999923706055,54.29999923706055,54.70000076293945,354100.0,39.72090221599835,32.65666840516811,31.17873316631252,29.25459721771699,28.12595985131594,1.21,100.0,-0.82,5.39,65.91155822504187
QTWO,2018-05-08,54.59999847412109,56.34999847412109,54.59999847412109,55.34999847412109,330700.0,39.10423414517021,32.67713692415383,29.862303334256403,28.972982922103323,28.1297613402386,1.23,97.0,-0.7,5.98,66.69478238206452
QTWO,2018-05-09,55.400001525878906,57.09999847412109,55.04999923706055,57.0,299500.0,39.14665837145991,33.03640609835185,30.103224159001098,29.07900786672431,28.26534609496989,1.25,97.0,-0.5,5.65,68.68297562022731
QTWO,2018-05-10,57.150001525878906,58.59999847412109,56.95000076293945,58.45000076293945,258600.0,36.98842349835149,33.131346481707766,30.03994196162304,28.344267265073675,28.363067449761772,1.28,96.0,-0.24,5.61,70.43017504216208
QTWO,2018-05-11,57.54999923706055,57.650001525878906,55.59999847412109,56.54999923706055,472200.0,38.89431942252387,33.99526299172405,30.53729772226445,28.438251170010226,28.56781635577888,1.31,97.0,-0.22,5.31,68.14074068285795
QTWO,2018-05-14,56.5,56.84999847412109,55.650001525878906,56.25,350700.0,37.75148017703902,33.7774851817193,30.56117933339093,28.37116565420365,28.54533973981065,1.33,97.0,-0.23,5.31,67.77925225680328
QTWO,2018-05-15,55.95000076293945,56.34999847412109,55.650001525878906,56.09999847412109,337000.0,37.38880284923591,33.65642638893449,30.544568935275063,28.37515029500701,28.530121532321186,1.36,96.0,-0.25,5.33,67.59850574548857
QTWO,2018-05-16,56.150001525878906,57.0,55.650001525878906,56.95000076293945,410000.0,37.46013515720345,33.27339759654128,30.472146910679594,28.41636776673986,28.548819195513097,1.39,94.0,-0.26,5.34,68.62272831531399
QTWO,2018-05-17,56.95000076293945,58.20000076293945,56.95000076293945,57.79999923706055,175400.0,37.41748270362365,33.33807629762012,30.425279340653077,28.45565251442721,28.470945684641645,1.41,93.0,-0.25,5.34,69.64694628856469
QTWO,2018-05-18,57.84999847412109,58.29999923706055,57.5,57.5,222900.0,37.44168536407323,33.3889355046485,30.30788104043129,28.452300207060468,28.479161670247912,1.44,92.0,-0.27,5.44,69.28545786251001
QTWO,2018-05-21,56.54999923706055,57.34999847412109,55.650001525878906,57.29999923706055,342500.0,37.4731147616384,33.321149369031275,30.32606250625152,28.44347505066707,28.400603131541395,1.46,92.0,-0.3,5.43,69.044464046282
QTWO,2018-05-22,57.400001525878906,57.900001525878906,56.79999923706055,56.900001525878906,131100.0,36.42274316623983,33.26930603190605,30.376831243136103,28.455341662491307,28.403596873383453,1.49,92.0,-0.34,5.39,68.56248101040066
QTWO,2018-05-23,56.70000076293945,57.79999923706055,56.59999847412109,57.75,312700.0,36.374100655424726,32.869289188857216,30.420848100042623,28.492085048799797,28.42559273486671,1.51,92.0,-0.38,5.32,69.58669898365136
QTWO,2018-05-24,57.75,57.900001525878906,56.880001068115234,57.04999923706055,310000.0,36.70189277551432,32.99197757291003,30.528104308137483,28.530035205072824,28.458427380180037,1.54,94.0,-0.43,5.23,68.74322292514064
QTWO,2018-05-25,57.0,57.29999923706055,56.79999923706055,57.04999923706055,337400.0,36.66442239688351,32.9687876494472,30.11127937943487,28.526358430195742,28.45223944271221,1.56,87.0,-0.48,5.69,68.74322292514064
QTWO,2018-05-29,56.75,57.75,56.5,57.650001525878906,335300.0,36.67236060135938,32.98767468586598,29.819392478095825,28.54370149527024,28.461982071255598,1.57,83.0,-0.53,6.04,69.46620437382471
QTWO,2018-05-30,58.0,58.75,57.59999847412109,57.59999847412109,257100.0,36.25361035726154,32.97845450048289,29.784408202802265,28.5409310719237,28.44444421963929,1.58,82.0,-0.57,6.07,69.40595247233665
QTWO,2018-05-31,57.59999847412109,57.70000076293945,56.84999847412109,57.150001525878906,512600.0,36.00511898901939,33.03165370505839,29.526572345097836,28.563435520606728,28.456928956963395,1.59,81.0,-0.62,6.31,68.86372213154202
QTWO,2018-06-01,57.400001525878906,57.400001525878906,56.04999923706055,57.150001525878906,572500.0,35.96123255587528,32.91648790407436,29.51546465455268,28.530682218215592,28.43840534547761,1.6,80.0,-0.66,6.35,68.86372213154202
QTWO,2018-06-04,57.25,57.650001525878906,56.75,57.20000076293945,464800.0,35.95242789803929,32.91705597540393,29.445964165945053,28.510257361078796,28.391989659893945,1.61,79.0,-0.7,6.41,68.92396943645535
QTWO,2018-06-05,57.45000076293945,59.650001525878906,57.34999847412109,58.0,645400.0,35.37886470560741,32.73280845778167,29.00174249908851,28.41629122450505,28.33569482758203,1.61,78.0,-0.75,6.78,69.8879401047927
QTWO,2018-06-06,58.04999923706055,59.5,57.70000076293945,59.150001525878906,635800.0,34.95734355167096,32.86966013655987,29.09989494981164,28.46945098996745,28.35601365438808,1.62,78.0,-0.79,6.62,71.2736511006728
QTWO,2018-06-07,59.150001525878906,59.150001525878906,56.5099983215332,57.5,276000.0,36.377102792406056,33.22577900116175,29.53806089503788,28.679945886254337,28.514050009221,1.63,81.0,-0.84,6.25,69.28545786251001
QTWO,2018-06-08,57.54999923706055,59.29999923706055,57.400001525878906,59.150001525878906,351900.0,36.76204500171147,33.61527904288317,29.783930730738778,28.707075188120434,28.52795173205532,1.62,81.0,-0.88,5.92,71.2736511006728
QTWO,2018-06-11,59.29999923706055,59.79999923706055,58.84999847412109,59.09999847412109,237200.0,36.6735355468287,33.56416664588867,29.78575814266413,28.667724293847066,28.14288947353976,1.61,82.0,-0.93,5.94,71.21339919918475
QTWO,2018-06-12,59.09999847412109,62.5,59.09999847412109,61.84999847412109,544300.0,38.31683456751925,34.36755450934378,30.46237888691555,29.101350957424565,28.480531803859076,1.6,92.0,-0.92,5.29,74.52705153173957
QTWO,2018-06-13,62.04999923706055,62.29999923706055,60.84999847412109,61.400001525878906,842500.0,38.44296431716528,34.28887630999486,30.51825119669196,29.069340251438696,28.49366634389864,1.59,93.0,-0.94,5.24,73.98482119094493
QTWO,2018-06-14,61.650001525878906,62.45000076293945,61.29999923706055,61.75,374100.0,38.30922659469966,34.24727219663385,30.518530720853686,29.046795666733555,28.49432196385569,1.58,93.0,-0.96,5.24,74.40655692191292
QTWO,2018-06-15,61.29999923706055,61.70000076293945,61.09999847412109,61.45000076293945,480000.0,26.12325094715865,34.102697096165066,30.541755686955025,28.90900527569829,28.500602327720127,1.56,95.0,-1.01,5.22,74.04506849585826
QTWO,2018-06-18,61.20000076293945,62.900001525878906,61.20000076293945,62.45000076293945,526100.0,26.224410985971492,34.01177644202536,30.33844653344806,28.955367105085827,28.53416771354989,1.55,85.0,-1.03,5.45,75.25003298042365
QTWO,2018-06-19,61.84999847412109,63.20000076293945,61.29999923706055,62.95000076293945,473100.0,26.1346502004932,33.34367073088981,30.257915685337327,28.9193910494679,28.523687731243918,1.54,82.0,-1.03,5.56,75.85251522270634
QTWO,2018-06-20,63.09999847412109,63.54999923706055,61.79999923706055,61.84999847412109,228200.0,26.82065764104245,33.26135164779605,30.402021428684236,29.01017859192271,28.487658877757188,1.53,86.0,-1.07,5.48,74.52705153173957
QTWO,2018-06-21,62.20000076293945,63.09999847412109,61.380001068115234,61.650001525878906,302300.0,25.75220857183196,33.003775541987594,30.417547164568155,29.0008754842767,28.46993048596162,1.52,86.0,-1.11,5.47,74.28606231208627
QTWO,2018-06-22,61.70000076293945,61.70000076293945,60.20000076293945,60.900001525878906,879800.0,25.185119091270312,31.919299550377065,30.507201732224623,29.039400214475545,28.50170187921074,1.51,90.0,-1.16,5.43,73.38233894866224
QTWO,2018-06-25,60.400001525878906,60.400001525878906,58.09999847412109,58.79999923706055,569500.0,25.43367745603068,32.92256252672767,30.97474884145072,29.371773711862147,28.70615184368622,1.51,97.0,-1.21,5.2,70.85191077313007
QTWO,2018-06-26,58.84999847412109,59.650001525878906,58.25,58.900001525878906,361400.0,25.356167628138454,32.29051314305083,30.967558373453524,29.34729296169671,28.63288754030524,1.51,96.0,-1.25,5.2,70.97240997953145
QTWO,2018-06-27,58.900001525878906,59.400001525878906,56.5,56.59999847412109,216300.0,28.03740683663275,33.18898646552931,31.71454704259341,29.741230017521623,28.869330202795734,1.52,100.0,-1.28,4.76,68.20098798777127
QTWO,2018-06-28,56.45000076293945,57.70000076293945,55.900001525878906,57.400001525878906,265500.0,27.993070631602524,33.241744399676435,30.88624262690316,29.76645808208494,28.759387773692985,1.53,94.0,-1.32,5.17,69.16496325268336
QTWO,2018-06-29,57.5,57.900001525878906,56.900001525878906,57.04999923706055,174200.0,27.703347277648195,33.28122586662101,30.84523945078608,29.7802250890073,28.706064405153224,1.54,93.0,-1.36,5.26,68.74322292514064
QTWO,2018-07-02,56.5,57.93000030517578,56.45000076293945,57.900001525878906,369300.0,28.008635182498335,33.31629510071848,30.859395723314915,29.801658467041104,28.73523123824492,1.54,93.0,-1.4,5.25,69.76744549496607
QTWO,2018-07-03,58.09999847412109,58.70000076293945,57.34999847412109,58.25,148300.0,28.034636441075765,33.29422705818805,30.8431579944627,29.80392442149926,28.72542852133636,1.55,91.0,-1.44,5.24,70.18918122593406
QTWO,2018-07-05,58.79999923706055,59.75,58.34999847412109,59.650001525878906,227700.0,28.723203483271888,32.71769532790446,31.00810398603645,29.898649464476577,28.80675752570262,1.55,96.0,-1.49,5.03,71.8761333429555
QTWO,2018-07-06,59.59999847412109,60.84999847412109,59.34999847412109,60.5,145500.0,28.696645763887176,32.74157409241867,31.025623925753816,29.871097627838623,28.79737547132244,1.55,96.0,-1.53,5.01,72.9003513162062
QTWO,2018-07-09,60.900001525878906,61.0,59.95000076293945,60.59999847412109,185800.0,28.39936238840614,32.720001703387155,30.900080168006877,29.861752528777547,28.71980090469662,1.55,92.0,-1.56,5.17,73.02084592603283
QTWO,2018-07-10,60.75,61.04999923706055,60.20000076293945,60.25,195400.0,28.48451635748112,32.75882124415454,30.89799749329153,29.610768382687976,28.730062601517144,1.55,91.0,-1.59,5.22,72.59911019506484
QTWO,2018-07-11,59.29999923706055,60.59999847412109,59.209999084472656,60.20000076293945,234900.0,28.3745811339045,32.754650971013106,30.708646775085985,29.551018367811604,28.625821452193637,1.55,86.0,-1.61,5.46,72.5388628901515
QTWO,2018-07-12,60.54999923706055,61.59999847412109,59.95000076293945,61.59999847412109,206700.0,29.040439752419463,32.67450429553469,30.771179930118738,29.59696155450957,28.6981151796249,1.54,86.0,-1.61,5.39,74.22581041059823
QTWO,2018-07-13,61.70000076293945,62.09999847412109,61.25,61.79999923706055,140700.0,28.8833443478058,32.39628184703089,30.482389823715103,29.536849906380308,28.69475653162078,1.54,76.0,-1.62,5.62,74.46680422682626
QTWO,2018-07-16,62.0,62.400001525878906,61.25,62.34999847412109,222800.0,28.927959853157624,32.38500573499292,30.48685145896208,29.526039434962502,28.694739337453367,1.53,76.0,-1.62,5.61,75.12953377402226
QTWO,2018-07-17,61.95000076293945,62.900001525878906,61.84999847412109,62.150001525878906,108800.0,28.97707659517365,32.40756335355442,30.499160287502946,29.4739734574086,28.698659359431648,1.52,76.0,-1.62,5.62,74.88854455436898
QTWO,2018-07-18,62.150001525878906,62.45000076293945,61.29999923706055,62.29999923706055,278700.0,28.784549694739702,32.0854482984225,30.42513345243468,29.472396353422624,28.68997604730608,1.51,70.0,-1.62,5.73,75.06928646910896
QTWO,2018-07-19,62.09999847412109,62.79999923706055,61.84999847412109,62.45000076293945,123000.0,28.3166809751186,31.801418494802054,30.339895467134475,29.4251512093036,28.6578078574926,1.5,65.0,-1.61,5.86,75.25003298042365
QTWO,2018-07-20,62.650001525878906,63.150001525878906,62.150001525878906,62.79999923706055,222400.0,26.851713206566007,31.768978491390783,30.040336364205032,29.37830262161651,28.62851479198561,1.49,58.0,-1.6,6.11,75.67176871139164
QTWO,2018-07-23,62.70000076293945,63.400001525878906,61.900001525878906,63.09999847412109,135600.0,25.765245499345664,31.61344583021518,30.01691188387208,29.30544107833442,28.54842185675569,1.48,56.0,-1.59,6.11,76.03325713744631
QTWO,2018-07-24,63.70000076293945,63.79999923706055,61.900001525878906,62.5,357400.0,25.97613191773834,31.681958367395595,30.068082510988926,29.1859269544598,28.524930417459395,1.47,58.0,-1.58,6.07,75.31028028533697
QTWO,2018-07-25,62.54999923706055,63.400001525878906,61.7599983215332,62.150001525878906,276500.0,22.511018749076147,31.719317233722304,30.091688123010584,28.796565770522918,28.53478866313861,1.45,58.0,-1.57,6.07,74.88854455436898
QTWO,2018-07-26,62.09999847412109,62.72999954223633,61.25,62.45000076293945,133900.0,22.4357396244872,31.60006724880089,30.081111491606304,28.70193056998509,28.53560838353431,1.44,57.0,-1.56,6.07,75.25003298042365
QTWO,2018-07-27,62.59999847412109,62.70000076293945,60.70000076293945,61.34999847412109,231200.0,22.993658190933367,31.867773333425287,30.236654061698577,28.79800235603767,28.601531326639183,1.43,60.0,-1.54,5.97,73.92456928945688
QTWO,2018-07-30,61.5,61.5,58.54999923706055,58.79999923706055,829900.0,26.033692849680705,26.16995975687349,30.98954226339608,29.23256141448925,28.940643297460188,1.42,94.0,-1.51,5.55,70.85191077313007
QTWO,2018-07-31,58.75,60.0,58.400001525878906,59.150001525878906,321100.0,25.59808582046419,26.153134299719863,30.994441044577,29.23589648973047,28.942971435069826,1.42,94.0,-1.48,5.53,71.2736511006728
QTWO,2018-08-01,59.29999923706055,60.59999847412109,59.25,60.20000076293945,355700.0,26.065261487565007,26.34511095935177,30.91202754013795,29.282104988773774,28.97517510035002,1.41,90.0,-1.46,5.63,72.5388628901515
QTWO,2018-08-02,60.04999923706055,61.45000076293945,59.75,61.34999847412109,254500.0,26.25065093130816,26.50269325556161,31.00730189074922,29.34717603152529,28.66497160879273,1.4,94.0,-1.42,5.48,73.92456928945688
QTWO,2018-08-03,61.45000076293945,61.95000076293945,59.95000076293945,61.0,344600.0,26.284880504619995,25.90756264370644,30.86345813106448,29.36074541387208,28.625939288481305,1.4,85.0,-1.39,5.6,73.50283355848889
QTWO,2018-08-06,61.0,61.77999877929688,60.5,61.650001525878906,439200.0,26.220797626711374,25.50097421867775,30.889468584928608,29.341151857003567,28.632935717186665,1.39,86.0,-1.34,5.55,74.28606231208627
QTWO,2018-08-07,61.79999923706055,64.25,61.54999923706055,62.95000076293945,394600.0,24.60338868222501,24.82123518424616,30.9754607167054,29.222378765919448,28.69515783648304,1.37,91.0,-1.3,5.45,75.85251522270634
QTWO,2018-08-08,62.70000076293945,63.5,58.45000076293945,59.650001525878906,1100200.0,29.4963888979347,27.28474980158875,32.107101714743855,29.625029078329533,29.23094797072172,1.37,100.0,-1.24,4.99,71.8761333429555
QTWO,2018-08-09,59.84999847412109,61.25,59.75,60.5,361600.0,27.150802969881,27.406152149458297,32.079881784365185,29.645758240995285,29.223241069451504,1.37,99.0,-1.18,4.98,72.9003513162062
QTWO,2018-08-10,60.150001525878906,61.400001525878906,59.95000076293945,60.5,237300.0,26.9238842656968,27.256081689551472,32.04076576571862,29.64429598049179,29.126309098608797,1.36,98.0,-1.11,5.03,72.9003513162062
QTWO,2018-08-13,60.59999847412109,61.650001525878906,59.400001525878906,59.95000076293945,381200.0,27.01453172669818,27.179680773856237,31.93869050572115,29.66983314498052,28.971069218903907,1.36,97.0,-1.04,5.18,72.23762176901018
QTWO,2018-08-14,60.20000076293945,61.0,59.59999847412109,60.0,197600.0,26.726080117481946,27.152683567203184,31.85185266844868,29.660635869761588,28.84364991865033,1.35,96.0,-0.96,5.24,72.2978690739235
QTWO,2018-08-15,59.45000076293945,60.34999847412109,58.75,60.0,194500.0,26.688309247500147,27.13908448708636,31.487183598431656,29.661354613800395,28.835768743359647,1.34,94.0,-0.88,5.53,72.2978690739235
QTWO,2018-08-16,60.5,60.59999847412109,59.900001525878906,60.150001525878906,174200.0,25.809461178551437,27.09267426045813,31.182781852854745,29.655226324169732,28.76465924055409,1.33,93.0,-0.78,5.88,72.47861558523819
QTWO,2018-08-17,58.5,59.5,58.29999923706055,59.04999923706055,280300.0,26.01597421970449,27.22160424088634,31.207425933010317,29.42203586520328,28.632070626268764,1.32,93.0,-0.67,5.85,71.15315189427143
QTWO,2018-08-20,59.25,59.84999847412109,58.84999847412109,59.5,373700.0,26.12153910797356,27.133360947643244,30.49780292036994,29.42574237606175,28.41243782050696,1.31,60.0,-0.58,6.39,71.69538683164079
QTWO,2018-08-21,59.54999923706055,60.75,59.54999923706055,60.04999923706055,159100.0,26.22434397471411,27.188679035350983,30.478375218083603,29.39877505863248,28.36601269717552,1.3,57.0,-0.48,6.42,72.35811637883683
QTWO,2018-08-22,59.95000076293945,61.54999923706055,59.95000076293945,61.29999923706055,175500.0,26.90022791682651,27.420162189229902,30.23851397642369,29.087389173236343,27.790912274321204,1.28,43.0,-0.42,6.57,73.86432198454355
QTWO,2018-08-23,61.34999847412109,62.63999938964844,61.34999847412109,62.0,183200.0,26.26266582226612,27.498458238839767,30.01040556337088,29.021880319273823,27.657827022643083,1.26,33.0,-0.33,6.87,74.70779804305427
QTWO,2018-08-24,62.400001525878906,63.75,61.95000076293945,63.70000076293945,215000.0,27.383630599299316,27.93325899155873,30.238353645726235,29.16737640648734,27.71478730427596,1.25,42.0,-0.23,6.57,76.7562385861304
QTWO,2018-08-27,64.0,64.25,63.09999847412109,63.5,226600.0,27.30547984022571,27.9493843914221,30.24317203500459,29.13843738751173,27.71846966369281,1.23,43.0,-0.14,6.56,76.51524476990237
QTWO,2018-08-28,63.5,63.95000076293945,62.400001525878906,62.54999923706055,217500.0,27.66378219237973,28.1611697419838,30.35931043726444,29.209320358610256,27.767567579877262,1.21,48.0,-0.06,6.45,75.3705275902503
QTWO,2018-08-29,62.70000076293945,63.650001525878906,61.59999847412109,62.650001525878906,328700.0,27.659174985891305,28.042436006327005,30.34833753151321,29.20368232864184,27.76606565918533,1.19,47.0,-0.01,6.45,75.49102679665167
QTWO,2018-08-30,62.54999923706055,62.95000076293945,62.29999923706055,62.54999923706055,155000.0,27.655608264626192,27.785481516940717,29.7839323233678,28.441087994795215,27.75705657494905,1.18,24.0,0.12,7.12,75.3705275902503
QTWO,2018-08-31,62.5,62.900001525878906,61.59999847412109,62.29999923706055,254700.0,27.62850866759988,27.132604223141392,29.782644455574907,28.436578887601318,27.75183314186029,1.17,22.0,0.26,7.13,75.06928646910896
QTWO,2018-09-04,62.150001525878906,62.650001525878906,60.5,62.54999923706055,492700.0,27.617344168854046,26.55236937882252,29.772947173520624,28.30894434940977,27.747476045328067,1.16,21.0,0.38,7.13,75.3705275902503
QTWO,2018-09-05,62.54999923706055,62.650001525878906,59.900001525878906,62.0,252900.0,27.597078429454168,26.62554079881928,29.8203445099462,28.28049910362861,27.76393717909452,1.14,27.0,0.48,7.08,74.70779804305427
QTWO,2018-09-06,62.29999923706055,64.05000305175781,62.29999923706055,63.34999847412109,303400.0,28.254296353412045,25.33004396087039,29.950489257224277,28.35799767228665,27.82654379537344,1.1,28.0,0.58,6.89,76.33449825858766
QTWO,2018-09-07,63.04999923706055,66.5,62.70000076293945,65.6500015258789,534100.0,30.010569706113564,26.284520172979427,30.17924625003228,28.606904370889698,28.029461104053738,1.08,37.0,0.72,6.64,79.10592025034785
QTWO,2018-09-10,65.5999984741211,66.30000305175781,64.80000305175781,65.0999984741211,530400.0,29.60370196593716,26.33858352825456,30.03703012026361,28.5743503133283,28.04772531621664,1.05,29.0,0.9,6.88,78.4431861065771
QTWO,2018-09-11,64.69999694824219,65.30000305175781,63.59999847412109,64.19999694824219,508600.0,26.91548721479163,26.487887093944384,30.13913805436229,28.598820561987026,28.088775429879103,1.03,36.0,1.1,6.77,77.35871623183836
QTWO,2018-09-12,63.95000076293945,65.94999694824219,63.29999923706055,65.5999984741211,297100.0,27.443658264373976,26.64574894634403,30.28705423996993,28.602825877334062,28.15774921177283,1.0,42.0,1.28,6.55,79.0456683488598
QTWO,2018-09-13,66.0,67.0999984741211,65.30000305175781,65.5,271400.0,27.145132860287525,26.607902894882,30.107855555339608,28.605818041586943,28.135465523962928,0.98,33.0,1.41,6.73,78.92517373903316
QTWO,2018-09-14,65.55000305175781,66.37999725341797,65.3499984741211,65.80000305175781,214200.0,26.720345185020005,26.343747578774952,29.947307008531133,28.6054051422947,28.121850680682986,0.96,22.0,1.37,6.88,79.28666676166254
QTWO,2018-09-17,65.55000305175781,65.75,63.84999847412109,64.30000305175781,432000.0,27.63158714034637,26.79039724868263,30.203926184195375,28.774092543793373,28.140043416798648,0.92,36.0,1.34,6.66,77.47922003481446
QTWO,2018-09-18,64.3499984741211,66.5,64.3499984741211,64.9000015258789,233100.0,27.597709452577835,26.70938161567837,30.10572309449043,28.781023504404523,28.13406550735793,0.89,31.0,1.35,6.8,78.2021968869238
QTWO,2018-09-19,64.9000015258789,65.0999984741211,61.84999847412109,62.84999847412109,607600.0,28.65227172216796,26.54279015669897,30.585017196693208,28.814759177488877,28.327478377923164,0.85,69.0,1.24,6.35,75.73201601630495
QTWO,2018-09-20,63.25,63.84999847412109,62.25,63.34999847412109,655200.0,23.748114392082204,26.579321585351828,30.58899196955925,28.62614850391077,28.235444041194107,0.78,69.0,0.83,6.33,76.33449825858766
QTWO,2018-09-21,63.70000076293945,63.95000076293945,61.59999847412109,61.59999847412109,746500.0,24.986330570284547,25.901465519759675,30.878366023803583,28.83582925725935,28.361478633482147,0.7,75.0,0.38,6.12,74.22581041059823
QTWO,2018-09-24,61.29999923706055,62.25,60.70000076293945,61.45000076293945,315900.0,25.001409609517246,25.778249417659044,30.87154981832908,28.678634388769748,28.34822629921712,0.6,74.0,-0.77,6.13,74.04506849585826
QTWO,2018-09-25,61.650001525878906,62.650001525878906,61.09999847412109,61.95000076293945,316400.0,24.92214808213678,25.772097508580167,26.514284333341685,28.6711538112547,28.318688539139885,0.72,1.0,-0.75,1.12,74.64755073814095
QTWO,2018-09-26,61.95000076293945,62.09999847412109,60.20000076293945,60.5,328300.0,25.936790205500465,26.12044465715776,26.78649289535725,28.80671779688037,28.41196620523794,0.8,2.0,-0.75,0.98,72.9003513162062
QTWO,2018-09-27,60.70000076293945,61.0,58.70000076293945,59.95000076293945,465800.0,26.079913864868644,26.17389918563736,26.82468212156053,28.59341919789958,28.31590056814004,0.87,3.0,-0.79,0.95,72.23762176901018
QTWO,2018-09-28,59.70000076293945,61.29999923706055,59.70000076293945,60.54999923706055,432900.0,26.231902415736613,25.800115911535173,26.80711784260796,28.60251722975597,28.328475441501723,0.94,3.0,-0.79,0.96,72.96059862111952
QTWO,2018-10-01,60.72999954223633,61.0,57.16999816894531,57.43999862670898,592900.0,29.967031538725976,27.822452860775343,27.739253733897577,29.321844609816694,28.80750636937193,0.98,5.0,-0.79,1.15,69.21315833866917
QTWO,2018-10-02,57.16999816894531,57.38999938964844,55.58000183105469,55.9900016784668,616500.0,30.68101563602864,28.272863514163888,27.74144547201532,29.506744862149503,28.930078972993584,1.01,6.0,-0.8,1.07,67.46596351330916
QTWO,2018-10-03,56.27000045776367,57.7400016784668,55.93000030517578,57.040000915527344,400500.0,31.096841299041365,28.54800695094566,27.40489521249027,29.559210661989688,28.973098529924656,1.05,5.0,-0.8,1.23,68.73117530278788
QTWO,2018-10-04,56.970001220703125,57.04999923706055,53.959999084472656,55.18999862670898,495300.0,31.62784938764347,29.294200094005,27.89097123993469,29.842471836397287,29.16864670515798,1.07,8.0,-0.74,1.03,66.50198824839705
QTWO,2018-10-05,55.130001068115234,55.959999084472656,53.86000061035156,55.34000015258789,265100.0,31.373331943556927,28.8632992263228,27.891881834948308,29.842447339806174,29.16800387884459,1.1,9.0,-0.71,1.04,66.68273475971176
QTWO,2018-10-08,55.06999969482422,55.06999969482422,51.959999084472656,52.43000030517578,448700.0,33.19410890294619,30.760323332337936,29.065094862984772,30.56819433453607,29.66450135662783,1.1,11.0,-0.17,1.07,63.176288293489456
QTWO,2018-10-09,51.84999847412109,53.08000183105469,51.22999954223633,51.33000183105469,460300.0,33.44761948671308,30.89281489058274,29.134006786850254,30.68639084992743,29.73584484384396,1.11,13.0,0.47,0.98,61.85082919909741
QTWO,2018-10-10,51.31999969482422,51.33000183105469,48.95000076293945,49.709999084472656,507300.0,34.15526317657112,31.45264158479744,29.537640069012472,30.763187671774222,29.907528694573017,1.11,17.0,1.35,0.8,59.89878342456768
QTWO,2018-10-11,49.400001525878906,50.52000045776367,49.25,49.400001525878906,412800.0,34.0459901093578,31.430602142017584,29.545759733551392,30.70509607316826,29.91414940201999,1.11,19.0,1.83,0.8,59.52524737616023
QTWO,2018-10-12,50.540000915527344,51.66999816894531,49.52000045776367,50.04999923706055,1117600.0,34.54455005766858,31.59710201091688,29.622054373472636,30.6870816631587,29.92319152927089,1.11,20.0,1.88,0.79,60.3084715331829
QTWO,2018-10-15,49.79999923706055,50.130001068115234,49.06999969482422,49.540000915527344,233100.0,34.538085567103394,31.565106907657263,29.542215367677898,30.716234644577312,29.94022213221464,1.11,19.0,1.85,0.79,59.69394166854743
QTWO,2018-10-16,50.20000076293945,52.43999862670898,49.36000061035156,52.34000015258789,499700.0,38.914175018708775,33.75883084046607,30.82202948731249,31.351202057595767,30.419809959794343,1.12,72.0,1.63,0.98,63.06784130601558
QTWO,2018-10-17,52.47999954223633,52.88999938964844,51.59000015258789,52.79999923706055,274500.0,39.13366959069353,33.81810045982107,30.859534121642035,31.26060539429623,30.391980661377644,1.12,75.0,1.43,0.97,63.622123865737734
QTWO,2018-10-18,52.380001068115234,52.59000015258789,51.119998931884766,51.959999084472656,268100.0,38.39813767937163,33.9222957776108,30.90061565512792,31.326055445882407,30.43005526652964,1.12,82.0,1.21,0.93,62.60995351483981
QTWO,2018-10-19,52.13999938964844,52.58000183105469,50.81999969482422,51.09999847412109,259400.0,36.33255028911183,33.9973070696791,31.0002968374048,31.39399387768556,30.30885995852917,1.12,88.0,1.02,0.87,61.57368332266161
QTWO,2018-10-22,51.400001525878906,52.34999847412109,51.27000045776367,52.0099983215332,310200.0,37.10583461934621,34.13002350885102,31.125106247504085,31.00898008623535,30.305550170760533,1.13,91.0,0.84,0.84,62.67020081975314
QTWO,2018-10-23,51.040000915527344,51.36000061035156,49.959999084472656,50.880001068115234,155700.0,37.29987625849125,33.36175987535713,31.302995242626203,31.07464096068073,30.35845443933785,1.13,93.0,0.69,0.75,61.30859426172805
QTWO,2018-10-24,50.66999816894531,51.220001220703125,49.9900016784668,50.16999816894531,540700.0,36.281333575642144,33.399641766715696,31.36789701794524,31.09312178823708,30.34513317005206,1.13,93.0,0.55,0.71,60.45306598428982
QTWO,2018-10-25,50.52000045776367,52.209999084472656,50.34999847412109,51.7400016784668,416600.0,38.02434251709055,33.850280076299164,31.690073685630452,31.28759476771624,30.483085949273764,1.13,94.0,0.38,0.63,62.34486445390623
QTWO,2018-10-26,50.790000915527344,51.84999847412109,49.459999084472656,50.88999938964844,175000.0,37.91719336975887,33.67074892645345,31.60687980153606,31.357739938526684,30.484469781482947,1.14,93.0,0.2,0.64,61.320641884080814
QTWO,2018-10-29,51.84999847412109,52.459999084472656,49.45000076293945,50.43000030517578,380300.0,37.668459894590576,33.688883490383944,31.33841741375814,31.354252752267985,30.497631339720986,1.14,90.0,0.07,0.74,60.766359324358675
QTWO,2018-10-30,50.43000030517578,52.11000061035156,50.22999954223633,51.59000015258789,282000.0,38.40274147044301,33.991420703189426,31.21711367922082,31.370103148653037,30.550815948016087,1.14,88.0,-0.09,0.77,62.16411794259153
QTWO,2018-10-31,52.540000915527344,53.900001525878906,52.02999877929688,53.22999954223633,310800.0,39.28100567931849,34.368792654949445,31.64479417801091,31.544771527987443,30.66216374253133,1.15,93.0,-0.21,0.66,64.14025896182682
QTWO,2018-11-01,53.54999923706055,53.54999923706055,52.13999938964844,53.36000061035156,404100.0,39.14961886789878,32.6926884920803,30.7591773710839,31.418516442513077,30.618914915536184,1.15,59.0,-0.33,0.72,64.29690563186125
QTWO,2018-11-02,53.79999923706055,54.34999847412109,52.63999938964844,53.20000076293945,199100.0,38.57899017928543,32.522538864390995,30.746019305979257,31.35031800341776,30.527496429403826,1.15,58.0,-0.45,0.73,64.10411149819377
QTWO,2018-11-05,53.41999816894531,53.41999816894531,51.290000915527344,51.79999923706055,276800.0,39.08124176061799,32.90446234336501,30.983398999942267,31.38995207824096,30.360325628693463,1.15,77.0,-0.57,0.62,62.41715938117234
QTWO,2018-11-06,51.34999847412109,52.86000061035156,51.060001373291016,51.97999954223633,286100.0,38.961947219744175,32.89874906886291,30.990350037161356,31.380559852466597,30.304838091733416,1.15,78.0,-0.68,0.62,62.63405335612009
QTWO,2018-11-07,54.04999923706055,55.93000030517578,51.79999923706055,53.7400016784668,949200.0,40.17658795856877,33.697182206562346,31.358885823830995,31.6080860725569,30.47795167642881,1.16,89.0,-0.75,0.56,64.75479342303701
QTWO,2018-11-08,53.56999969482422,53.81999969482422,52.0,52.91999816894531,464300.0,40.28718463274509,33.80854966729465,31.398325037232887,31.612881722402484,30.487329954636017,1.16,90.0,-0.83,0.53,63.76671831684465
QTWO,2018-11-09,52.5,52.72999954223633,51.369998931884766,52.63999938964844,503300.0,40.06471200552543,33.80112022384326,31.300333653592958,31.56017536741233,30.493440652157062,1.17,85.0,-0.91,0.58,63.42932973207026
QTWO,2018-11-12,52.40999984741211,53.47999954223633,51.41999816894531,52.43999862670898,584900.0,37.38428463364088,33.63351650956003,31.301214490496225,31.43098336693849,30.484980194785397,1.17,85.0,-0.98,0.58,63.18833591584222
QTWO,2018-11-13,52.58000183105469,53.43999862670898,51.11000061035156,51.29999923706055,323800.0,37.21038745828869,33.81958283077214,31.423279146954208,31.540271701143496,30.568337871357663,1.18,90.0,-1.05,0.53,61.81467713888964
QTWO,2018-11-14,51.84999847412109,52.220001220703125,50.459999084472656,50.630001068115234,273400.0,36.75105461065613,33.80024264144835,31.020490243050112,31.57917403789157,30.59837988207911,1.18,77.0,-1.12,0.64,61.007353140586694
QTWO,2018-11-15,50.45000076293945,51.43999862670898,49.79999923706055,51.43000030517578,255600.0,36.114732048173074,33.669142455040024,31.136286546252663,31.61854949444388,30.614691922979983,1.18,79.0,-1.18,0.6,61.97132380892406
QTWO,2018-11-16,50.709999084472656,51.970001220703125,50.5,51.79999923706055,298700.0,36.192019947764194,33.60417452107922,30.546242143627587,31.626105816867412,30.469011110424475,1.17,48.0,-1.23,0.76,62.41715938117234
QTWO,2018-11-19,51.54999923706055,51.54999923706055,47.93999862670898,48.18999862670898,300600.0,38.75351628691593,35.8949817413049,32.48236747348619,32.75834239973083,31.116884229131124,1.19,100.0,-1.23,1.33,58.06723685643931
QTWO,2018-11-20,47.06999969482422,48.27999877929688,46.470001220703125,47.56999969482422,341600.0,38.486012988913856,35.93363170710385,32.52383700069068,32.73292371364217,31.139410629034632,1.2,100.0,-1.22,1.3,57.32016016304969
QTWO,2018-11-21,48.29999923706055,50.0,47.70000076293945,49.7400016784668,423600.0,39.76774558611246,37.26279564126652,33.24776909151675,33.154238339587735,31.450046825712043,1.24,100.0,-1.27,1.21,59.93493548477545
QTWO,2018-11-23,49.20000076293945,50.75,49.20000076293945,50.04999923706055,92300.0,39.76095445585302,37.30343648508895,33.248858709019615,33.05056410401769,31.45056338569262,1.27,100.0,-1.32,1.21,60.3084715331829
QTWO,2018-11-26,50.650001525878906,51.77999877929688,49.959999084472656,51.650001525878906,493000.0,40.61721404610103,37.99373156594544,33.42027917756313,33.25229396659419,31.59228192188162,1.3,100.0,-1.37,1.17,62.23641746643236
QTWO,2018-11-27,51.16999816894531,52.18999862670898,50.84999847412109,51.81999969482422,236500.0,40.47943604605439,38.01643690138722,33.33567876189477,33.18235875322427,31.59327274469985,1.33,99.0,-1.41,1.2,62.441259222452615
QTWO,2018-11-28,52.220001220703125,54.11000061035156,51.81999969482422,53.2599983215332,368300.0,38.02864085015422,38.50195050348375,33.647931572023474,33.3339182197202,31.69952484845876,1.37,100.0,-1.44,1.1,64.17640642545987
QTWO,2018-11-29,52.869998931884766,53.810001373291016,52.52000045776367,53.41999816894531,294500.0,37.95774833538318,38.49755299654218,33.64693920693199,33.299137170638424,31.490405189870124,1.4,99.0,-1.46,1.11,64.36920055912735
QTWO,2018-11-30,53.400001525878906,54.43999862670898,53.18000030517578,54.290000915527344,230400.0,37.89382000123571,38.36962088112048,33.75957729173174,33.284178317402905,31.52298773534327,1.44,100.0,-1.48,1.08,65.41752297023305
QTWO,2018-12-03,54.810001373291016,54.810001373291016,51.08000183105469,53.459999084472656,497400.0,37.84219114306035,37.616026010746886,33.614024139834484,33.306281268002365,31.54366546641353,1.47,97.0,-1.49,1.1,64.4174002416879
QTWO,2018-12-04,53.22999954223633,53.97999954223633,51.59999847412109,51.88999938964844,230100.0,38.57528539289715,37.99090736371816,33.90558597064794,33.47078029952501,31.4504612432582,1.51,100.0,-1.51,0.96,62.525606368646216
QTWO,2018-12-06,51.04999923706055,52.59999847412109,50.720001220703125,51.29999923706055,507900.0,38.174695610916906,37.96597080107422,33.89702591496177,33.402116728823394,31.41041981413462,1.54,99.0,-1.53,0.95,61.81467713888964
QTWO,2018-12-07,51.2400016784668,51.36000061035156,48.27999877929688,49.060001373291016,347900.0,40.1510404687415,38.50204339595775,34.5678032580014,33.79036006906514,31.736444569433807,1.59,100.0,-1.53,0.77,59.11555926754502
QTWO,2018-12-10,49.0,50.470001220703125,48.45000076293945,49.220001220703125,233300.0,39.048011368562285,38.53209449795735,34.57103669570958,33.62833246115629,31.7197431602364,1.63,100.0,-1.54,0.77,59.308353401212486
QTWO,2018-12-11,50.04999923706055,50.13999938964844,48.93000030517578,49.4900016784668,211100.0,38.83904595468572,38.54185445377615,34.58520742486397,33.450480126452376,31.72256713608248,1.68,100.0,-1.54,0.77,59.633694363634106
QTWO,2018-12-12,50.0,51.060001373291016,49.84999847412109,49.91999816894531,275300.0,38.85569456464268,38.44610077555631,34.60645524882332,33.40264302864076,31.73054331938915,1.72,100.0,-1.54,0.76,60.151824863148484
QTWO,2018-12-13,51.369998931884766,51.380001068115234,49.54999923706055,49.86000061035156,311700.0,38.23452384742807,38.34867271558663,34.58842234714446,33.06968511253029,31.259665158323557,1.76,99.0,-1.54,0.76,60.079529935882384
QTWO,2018-12-14,49.25,50.04999923706055,48.5,49.16999816894531,279900.0,37.13206846087585,37.96702778767162,34.618613928826875,33.08512700228397,31.28931182832809,1.79,100.0,-1.53,0.75,59.248101499724434
QTWO,2018-12-17,48.86000061035156,49.68000030517578,47.630001068115234,48.119998931884766,233000.0,37.49731116270746,38.049728223263536,34.748969858731066,33.03161291207394,31.301026263535466,1.83,100.0,-1.51,0.69,57.98288971024572
QTWO,2018-12-18,48.61000061035156,49.0,47.150001525878906,47.31999969482422,303400.0,37.69481040818763,37.82304368438758,34.80122825536807,32.932982616888765,31.30132758850315,1.87,100.0,-1.49,0.65,57.018919041908354
QTWO,2018-12-19,48.060001373291016,49.5,46.61000061035156,47.29999923706055,385700.0,37.08000231844667,37.829752633675305,34.719804632598425,32.91741909135135,31.290492777124847,1.9,98.0,-1.46,0.7,56.99481920062808
QTWO,2018-12-20,47.15999984741211,47.900001525878906,45.04999923706055,46.09999847412109,393800.0,37.59579901139588,37.98792293147172,34.3299387516438,33.058216551471084,31.39706552859158,1.93,91.0,-1.44,0.77,55.54886089983465
QTWO,2018-12-21,46.25,46.81999969482422,44.16999816894531,44.220001220703125,477600.0,37.40794761188441,38.54067422637299,34.86123263380648,33.42003850225229,31.65168943197197,1.96,100.0,-1.37,0.62,53.28353097838553
QTWO,2018-12-24,43.72999954223633,45.95000076293945,43.40999984741211,45.0,259900.0,37.93899609505761,38.81049777495029,34.85958317838679,33.484424216035904,31.675873925172347,2.0,99.0,-1.34,0.62,54.22340180544262
QTWO,2018-12-26,45.34000015258789,47.56999969482422,45.15999984741211,47.470001220703125,281100.0,41.59585140280066,40.50168259488672,35.82691002975356,33.75134099999343,32.07166988739532,2.05,100.0,-1.33,0.64,57.19966555322304
QTWO,2018-12-27,46.65999984741211,48.06999969482422,45.66999816894531,48.040000915527344,306800.0,41.83355031943965,39.33381371541771,35.89689558226576,33.777005083951906,32.090060315581674,2.1,100.0,-1.32,0.62,57.88649494169934
QTWO,2018-12-28,48.290000915527344,49.02000045776367,47.290000915527344,48.27000045776367,252400.0,41.4916934975484,39.080264030321935,35.85514434038028,33.780503840739215,32.092190131559,2.15,99.0,-1.3,0.64,58.163636221560424
QTWO,2018-12-31,48.54999923706055,49.709999084472656,48.25,49.54999923706055,333900.0,42.13612937879769,39.28539030953695,35.95269561219776,33.91954663701387,32.189750528174955,2.2,100.0,-1.26,0.61,59.705989290900206
QTWO,2019-01-02,48.65999984741211,49.290000915527344,47.630001068115234,47.84999847412109,441600.0,42.96827483274809,39.35194417772496,35.384061657252005,34.15587535932771,32.391228512593216,2.24,96.0,-1.25,0.61,57.65754874782408
QTWO,2019-01-03,47.84999847412109,48.380001068115234,46.119998931884766,47.310001373291016,385300.0,42.94493000017042,39.37974394090431,35.31554547156886,34.042211697765865,32.223960246391066,2.27,95.0,-1.23,0.63,57.00687141955557
QTWO,2019-01-04,48.130001068115234,49.5099983215332,47.84000015258789,48.959999084472656,318200.0,38.93601620654087,38.606909195152376,35.792401329657814,34.16330849947694,32.257098361757805,2.31,96.0,-1.2,0.52,58.99506006114363
QTWO,2019-01-07,49.18000030517578,51.380001068115234,49.18000030517578,51.22999954223633,351300.0,40.801301077733136,39.526677107505066,36.556399499652834,34.5816478555042,32.55356880620081,2.36,100.0,-1.16,0.42,61.73032999269604
QTWO,2019-01-08,51.869998931884766,52.86000061035156,51.630001068115234,52.470001220703125,461900.0,39.35972644947236,39.25285369400171,36.77803540384585,34.69571034536582,32.5414758154253,2.42,100.0,-1.12,0.36,63.22448797605
QTWO,2019-01-09,52.7599983215332,53.97999954223633,52.33000183105469,53.619998931884766,280800.0,39.76428321586919,39.45233598503701,36.9587493503566,34.71709147078069,32.59280785837927,2.48,100.0,-1.08,0.31,64.61019437535536
QTWO,2019-01-10,53.369998931884766,53.75,53.0099983215332,53.38999938964844,321500.0,38.824321021116695,39.39276581420869,36.95754497592807,34.662927595156326,32.58097177502629,2.53,99.0,-1.03,0.31,64.3330530954943
QTWO,2019-01-11,53.220001220703125,53.52000045776367,52.38999938964844,52.5099983215332,158200.0,39.154377077697085,39.49259468609922,36.936844811385456,34.698456704747564,32.487372888902,2.59,98.0,-0.99,0.32,63.27268306203583
QTWO,2019-01-14,52.09000015258789,52.209999084472656,50.97999954223633,51.75,201000.0,38.52743067997673,37.973064494515526,36.97058071770306,34.67023475104188,32.52198222437992,2.64,100.0,-0.94,0.3,62.35691207625901
QTWO,2019-01-15,51.869998931884766,53.470001220703125,51.869998931884766,52.77999877929688,183400.0,38.97828806658176,38.14923303045162,37.08468267887368,34.74077413454169,32.55678057418035,2.68,100.0,-0.88,0.27,63.598024024457466
QTWO,2019-01-16,52.77999877929688,53.869998931884766,52.43000030517578,53.84999847412109,408100.0,39.13898563546363,38.21878045163004,37.076780322737,34.817579015009194,32.61052242334831,2.73,99.0,-0.8,0.27,64.88733565521643
QTWO,2019-01-17,53.75,55.25,53.75,54.68000030517578,555900.0,39.11881673250354,38.16301066699352,37.11626565649942,34.806039778579574,32.63095811644902,2.77,100.0,-0.72,0.26,65.88745838376158
QTWO,2019-01-18,55.29999923706055,56.34000015258789,54.77999877929688,56.02000045776367,257400.0,38.5810433579886,38.30770747246417,37.06384434559221,34.91473886899003,32.706016951219944,2.81,97.0,-0.63,0.27,67.50211097694219
QTWO,2019-01-22,55.290000915527344,55.63999938964844,53.619998931884766,54.2400016784668,279100.0,39.69545222846544,38.63186619490461,37.38842779986747,33.03473292290746,32.88030485669567,2.85,100.0,-0.53,0.18,65.35727566531972
QTWO,2019-01-23,55.5,56.16999816894531,54.43999862670898,55.68999862670898,312000.0,37.75516214329958,38.844159858760726,37.5861201229844,33.176529246718985,32.9730530202208,2.9,100.0,-0.43,0.14,67.10447049067974
QTWO,2019-01-24,56.04999923706055,56.400001525878906,55.5,55.84000015258789,143800.0,37.75678147252985,38.36977088839147,37.58856133979567,33.17497736324953,32.972100758945395,2.94,100.0,-0.33,0.14,67.28521700199445
QTWO,2019-01-25,56.34999847412109,57.38999938964844,55.91999816894531,57.33000183105469,196800.0,38.297791614968624,38.52493815785666,37.84077664346388,33.29134884660178,32.946531654866426,2.98,100.0,-0.24,0.08,69.08061610648977
QTWO,2019-01-28,56.790000915527344,57.34999847412109,56.02999877929688,57.02000045776367,300700.0,38.395144768724656,38.48733277066341,37.84443226561005,33.116109847003315,32.90773101325322,3.02,100.0,-0.15,0.08,68.7070754615076
QTWO,2019-01-29,57.29999923706055,57.29999923706055,56.4900016784668,56.91999816894531,127200.0,38.4025280190386,38.25144288778242,37.83653117436518,32.98152862525407,32.87640219628313,3.05,98.0,-0.05,0.08,68.58657625510622
QTWO,2019-01-30,57.34000015258789,58.380001068115234,56.650001525878906,57.720001220703125,337600.0,38.09402538401947,37.84014894160861,37.8884964755091,32.78980708662152,32.90044970401516,3.08,100.0,0.03,0.07,69.55055152001832
QTWO,2019-01-31,57.59000015258789,59.810001373291016,57.59000015258789,59.43000030517578,295900.0,37.81668074486589,38.267931954149375,38.02220404724636,32.96315004805353,33.00432038682616,3.12,100.0,0.09,0.05,71.6110396854472
QTWO,2019-02-01,59.470001220703125,60.36000061035156,59.02000045776367,60.2599983215332,352700.0,37.17810850382317,38.333728713507256,37.64812000365259,33.00020114070348,32.95905971232817,3.15,95.0,0.08,0.11,72.61115781741762
QTWO,2019-02-04,60.83000183105469,62.29999923706055,60.83000183105469,61.619998931884766,273000.0,37.311321055778265,38.078520360812256,37.80684930632841,33.05686433307368,33.024293383067786,3.17,95.0,0.05,0.07,74.2499102518785
QTWO,2019-02-05,61.869998931884766,62.45000076293945,61.470001220703125,62.18000030517578,1020500.0,35.84877548705474,38.09927565314327,37.775867110163695,33.02857970916512,33.03137531616485,3.2,94.0,0.04,0.09,74.92469201800202
QTWO,2019-02-06,62.709999084472656,62.709999084472656,61.83000183105469,62.09999847412109,301200.0,32.55740904405486,37.57975534013125,37.61259612945836,33.02246554846578,32.725254992496154,3.22,92.0,-0.04,0.13,74.82829265288092
QTWO,2019-02-07,61.380001068115234,62.52999877929688,61.20000076293945,62.5,257600.0,32.53323134248723,37.40421269992071,37.628489438001104,33.02674308058707,32.69235503247528,3.24,92.0,-0.13,0.13,75.31028028533697
QTWO,2019-02-08,62.43999862670898,63.310001373291016,62.290000915527344,62.900001525878906,412500.0,29.94935878625268,37.37306907010801,37.63575452431507,33.02199246013512,32.67524929652513,3.26,92.0,-0.25,0.13,75.79226791779303
QTWO,2019-02-11,63.16999816894531,63.91999816894531,62.220001220703125,62.40999984741211,451300.0,30.347664749819124,37.413178635549386,37.4801471322483,32.99291949404448,32.68475551953791,3.27,87.0,-0.31,0.18,75.20183329786309
QTWO,2019-02-12,62.9900016784668,64.62000274658203,62.54999923706055,64.27999877929688,453600.0,30.91032273029783,37.43915395043543,37.7485767959859,33.137095515835966,32.80345102165509,3.28,93.0,-0.34,0.12,77.45511559695946
QTWO,2019-02-13,64.2699966430664,66.36000061035156,64.16000366210938,65.22000122070312,584100.0,30.548096300546312,37.33472689753092,37.46693644633972,33.177504566506535,32.81268864519198,3.3,85.0,-0.24,0.2,78.58778515425875
QTWO,2019-02-14,60.0,67.9800033569336,58.130001068115234,66.8499984741211,784100.0,27.84011926439297,37.49807384052229,37.64699876260548,33.27868483264653,32.83617513537834,3.31,91.0,-0.02,0.16,80.55187395456653
QTWO,2019-02-15,66.94000244140625,67.0,65.19000244140625,66.79000091552734,599000.0,27.26513130132364,37.508803699652006,37.368604516398975,33.27870659481723,32.81889187527068,3.33,82.0,0.14,0.24,80.47957902730045
QTWO,2019-02-19,66.1500015258789,66.1500015258789,64.19000244140625,65.1500015258789,546800.0,28.33699876283641,34.52070413793334,37.58709184301765,33.401782248645816,32.84312656855259,3.34,86.0,0.17,0.17,78.50343800806515
QTWO,2019-02-20,65.23999786376953,66.0999984741211,65.23999786376953,65.33999633789062,410000.0,26.27187666024193,34.3204122672574,37.56968686969935,33.40266602736547,32.79754623690596,3.29,84.0,0.2,0.17,78.73237500879094
QTWO,2019-02-21,65.2300033569336,66.29000091552734,64.30000305175781,66.26000213623047,332500.0,25.907731601579886,33.38299587407442,37.427214360127,33.43937157109295,32.72769184674953,3.23,81.0,0.23,0.23,79.84094932138468
QTWO,2019-02-22,66.80000305175781,67.7300033569336,66.55999755859375,67.48999786376953,346300.0,25.771598714305817,33.49845619440448,37.49423277028877,33.46839245077003,32.76505488535442,3.17,83.0,0.28,0.22,81.32305048923642
QTWO,2019-02-25,68.0,68.48999786376953,67.0999984741211,67.61000061035156,237800.0,25.58593892261203,33.04538275094769,37.46798434497015,33.3938500451217,32.76115878856247,3.11,81.0,0.31,0.23,81.46764953691807
QTWO,2019-02-26,67.62000274658203,68.33999633789062,66.7699966430664,66.80999755859375,231600.0,25.227626916217144,33.21515448119192,36.52353590677782,33.24923664811378,32.75485742380066,3.06,66.0,0.21,0.29,80.50367427200598
QTWO,2019-02-27,66.54000091552734,68.55000305175781,66.54000091552734,67.93000030517578,230100.0,24.40537120016536,32.966371860656295,36.34095711841406,33.142081987976304,32.75202470671034,2.99,65.0,0.12,0.36,81.85323780425303
QTWO,2019-02-28,67.4000015258789,69.37999725341797,67.23999786376953,68.81999969482422,466300.0,24.228300422282413,33.01655654140883,36.28678228834043,33.17314723054119,32.67393665173516,2.92,64.0,0.07,0.37,82.92565546006428
QTWO,2019-03-01,70.0,72.0,69.63999938964844,71.0,967600.0,24.881168631206418,33.390167440487176,36.147406144633145,32.94468758689763,32.801676574602176,2.86,63.0,0.09,0.43,85.55247840414279
QTWO,2019-03-04,71.5999984741211,71.76000213623047,66.5,69.08000183105469,642500.0,26.966166260909,33.783885193463334,36.45834194710315,33.09961932341627,32.927436399929846,2.79,65.0,-0.03,0.33,83.23894880013312
QTWO,2019-03-05,68.94000244140625,69.41999816894531,68.18000030517578,68.25,255300.0,27.09753167113272,33.21072529150275,35.4044687788642,33.12838553604972,32.95051614235952,2.73,56.0,-0.18,0.35,82.23882607158798
QTWO,2019-03-06,68.0999984741211,68.72000122070312,66.25,67.05000305175781,338900.0,25.568678232501885,33.36522174664716,35.349310400120366,33.192987857618824,33.00505427652319,2.68,54.0,-0.32,0.36,80.79287236736928
QTWO,2019-03-07,67.12999725341797,68.12000274658203,67.06999969482422,67.47000122070312,266300.0,24.90430839130305,31.75722714882111,34.91136027022089,33.147885342851154,32.995079269404435,2.63,52.0,-0.45,0.49,81.29895524453087
QTWO,2019-03-08,67.0999984741211,68.5,66.94000244140625,68.41000366210938,253900.0,24.96960235078374,31.801978602346026,34.92066047738492,33.1739130629524,32.98079342975035,2.58,52.0,-0.56,0.49,82.43162480183017
QTWO,2019-03-11,68.5999984741211,70.13999938964844,68.5999984741211,69.16999816894531,360100.0,24.313165558177275,31.82239176548024,34.907654329082845,33.12724528267998,32.99459663386087,2.53,50.0,-0.65,0.5,83.34739119103227
QTWO,2019-03-12,69.2300033569336,69.69999694824219,67.9000015258789,69.6500015258789,479600.0,24.05975595072613,31.817225226299588,34.84523621671289,33.13237459245219,32.92778569718242,2.48,47.0,-0.73,0.53,83.92577818860941
QTWO,2019-03-13,69.6500015258789,70.08999633789062,68.0999984741211,68.23999786376953,334900.0,25.21129520631264,32.23357716504334,34.05183579199263,33.19164236106503,32.9959699967424,2.44,36.0,-0.83,0.48,82.22677385266047
QTWO,2019-03-14,68.05999755859375,68.83999633789062,67.80999755859375,68.0,478800.0,25.243681256711557,32.03919411983851,34.051631909049554,32.92239409274078,32.9427731446847,2.41,35.0,-0.92,0.48,81.93758495044663
QTWO,2019-03-15,67.87000274658203,69.20999908447266,67.12999725341797,68.25,540000.0,24.22179200241161,31.544755038591592,33.92156902612131,32.92397093408834,32.943448036501835,2.38,34.0,-1.0,0.54,82.23882607158798
QTWO,2019-03-18,68.44000244140625,69.29000091552734,67.97000122070312,69.0,184500.0,24.138997677454206,31.2064612746957,33.80228514278754,32.587750765203594,32.93431366299467,2.35,31.0,-1.07,0.6,83.14254943501201
QTWO,2019-03-19,69.5,70.0,68.38999938964844,69.44999694824219,273200.0,23.55348160359883,31.175127721576423,33.725544111386334,32.557827841882094,32.886587797693096,2.32,29.0,-1.13,0.62,83.68477977580666
QTWO,2019-03-20,69.51000213623047,70.69999694824219,69.08000183105469,69.5999984741211,199800.0,23.50947619377927,30.46469555428451,33.48954104447534,32.54687471342967,32.85943086764322,2.3,25.0,-1.19,0.73,83.86552628712136
QTWO,2019-03-21,69.36000061035156,71.54000091552734,69.36000061035156,70.79000091552734,206600.0,23.76237486388713,28.80147067860377,33.44620335678511,32.56068750335632,32.876140223882246,2.27,24.0,-1.23,0.77,85.29943696556201
QTWO,2019-03-22,70.27999877929688,71.27999877929688,68.38999938964844,68.44000244140625,221500.0,26.190058998486226,29.96011364207311,33.67118223428258,32.81554380186768,33.00130127032922,2.25,28.0,-1.29,0.68,82.46777226546322
QTWO,2019-03-25,68.19000244140625,69.41999816894531,68.0,68.75,236100.0,26.17490655810223,28.355268348126224,33.528617855503754,32.70569415626645,32.97298392290347,2.23,24.0,-1.33,0.75,82.84130831387067
QTWO,2019-03-26,69.37000274658203,70.36000061035156,69.01000213623047,69.58999633789062,166800.0,26.099544686324844,28.357106260993746,33.50311262959153,32.69502156542406,32.85921979784182,2.21,23.0,-1.37,0.78,83.85347406819386
QTWO,2019-03-27,69.43000030517578,70.05000305175781,67.69000244140625,68.41000366210938,175900.0,25.572979785187265,28.75492117471381,33.50920276208065,32.763189841984975,32.789663080141544,2.18,23.0,-1.41,0.74,82.43162480183017
QTWO,2019-03-28,68.58000183105469,69.37999725341797,67.86000061035156,69.19999694824219,249200.0,25.459513984616688,28.466811316866863,33.2271015434164,32.7789462677536,32.75282275351451,2.16,15.0,-1.45,0.82,83.38353865466532
QTWO,2019-03-29,69.87000274658203,69.87000274658203,69.05999755859375,69.26000213623047,302000.0,24.5322534868301,27.210461242369664,33.22826151845767,32.77839536075167,32.49611800554952,2.12,15.0,-1.49,0.82,83.45584277508087
QTWO,2019-04-01,69.8499984741211,70.19000244140625,68.88999938964844,69.70999908447266,158200.0,24.571029503235746,26.964565151580054,33.22158849671209,32.67895198958699,32.48277574652065,2.09,13.0,-1.52,0.83,83.99807311587551
QTWO,2019-04-02,69.9800033569336,70.55000305175781,68.94000244140625,70.45999908447266,169600.0,23.398712754386757,26.35146263296821,32.90878707383814,32.6990754379195,32.36974609071196,2.06,12.0,-1.54,0.97,84.90179647929955
QTWO,2019-04-03,68.88999938964844,69.97000122070312,67.97000122070312,68.05999755859375,373300.0,25.76994956858057,26.36025159422032,33.44927885151704,32.951129080278704,32.4692192154917,2.02,20.0,-1.56,0.79,82.00987987771272
QTWO,2019-04-04,67.95999908447266,68.25,65.0,66.20999908447266,462300.0,26.7938875593368,26.866360856308912,33.42707836741652,33.11511202963873,32.59163663915475,1.99,18.0,-1.57,0.73,79.78069741989664
QTWO,2019-04-05,66.38999938964844,66.75,65.54000091552734,66.66000366210938,256300.0,26.307038671468835,26.61696310897136,33.31728163769187,33.12295426091105,32.59394068949812,1.96,15.0,-1.59,0.8,80.32293695384074
QTWO,2019-04-08,66.58000183105469,66.87000274658203,65.47000122070312,66.5199966430664,114600.0,26.30301357205805,26.592822767765178,33.30252943021147,33.12336063343398,32.59064853901357,1.93,14.0,-1.6,0.81,80.1542334683041
QTWO,2019-04-09,66.3499984741211,67.47000122070312,66.08000183105469,66.98999786376953,222100.0,26.164639422826934,26.26199248879785,33.29608278926784,33.127038297190424,32.593256278576,1.9,13.0,-1.6,0.82,80.72056824695373
QTWO,2019-04-10,67.4000015258789,68.30999755859375,67.08000183105469,68.11000061035156,340100.0,26.16220952005938,26.09330838309421,33.138275576126425,33.178623076231,32.40202365733867,1.87,7.0,-1.61,0.92,82.07013177920078
QTWO,2019-04-11,68.31999969482422,68.69000244140625,67.77999877929688,68.22000122070312,249200.0,25.87977148038174,25.908033117888003,33.03978013849998,33.157644212172706,32.39704731195555,1.84,6.0,-1.6,0.98,82.20267860795492
QTWO,2019-04-12,68.55999755859375,68.80999755859375,67.69000244140625,68.73999786376953,177400.0,24.2374553686808,25.7085910525818,32.98559001809682,33.160255754341655,32.400841398197535,1.81,5.0,-1.6,1.0,82.82925609494318
QTWO,2019-04-15,68.83999633789062,69.77999877929688,68.51000213623047,69.55000305175781,176900.0,23.17259923603559,25.6522120431132,33.00844827804335,33.18276127920544,32.41486949332679,1.76,5.0,-1.59,0.99,83.80528357878276
QTWO,2019-04-16,69.94999694824219,70.33000183105469,69.30000305175781,69.61000061035156,256400.0,22.8766807631322,25.310865483287166,30.73138833772555,33.110708727447715,32.40506336754869,1.79,1.0,-1.57,0.02,83.87757850604886
QTWO,2019-04-17,69.7699966430664,69.7699966430664,68.20999908447266,69.02999877929688,297200.0,22.37760287304823,24.31648237301955,30.67684414434352,32.728692758816415,32.32670237165316,1.83,1.0,-1.56,0.04,83.17869689864507
QTWO,2019-04-18,68.8499984741211,69.05000305175781,67.43000030517578,68.58999633789062,203100.0,22.418520417217177,23.95406593457893,30.007759214925983,32.73445552900145,32.25372781624649,1.9,1.0,-1.53,0.06,82.64850958362847
QTWO,2019-04-22,68.52999877929688,70.19000244140625,68.44999694824219,70.02999877929688,264500.0,22.86187522652413,24.214215377713536,30.13361634889232,32.7595586320673,32.309791638313555,1.95,2.0,-1.51,0.03,84.38366138321047
QTWO,2019-04-23,70.37999725341797,72.6500015258789,70.19000244140625,72.25,756000.0,24.34713928164792,24.427877187003464,30.1274914297147,32.88703486925709,32.44710564433132,2.01,2.0,-1.47,0.03,87.05868400984954
QTWO,2019-04-24,72.56999969482422,74.55000305175781,72.54000091552734,73.37000274658203,569900.0,24.634230061813163,24.46248056589567,30.187911129485794,32.921921099989795,32.41618695470935,2.06,4.0,-1.44,0.01,88.40824754209659
QTWO,2019-04-25,73.47000122070312,74.33999633789062,72.55999755859375,74.04000091552734,261300.0,23.795927371579957,24.45064650090549,29.957430869924973,32.91622685823547,32.373658586303634,2.12,1.0,-1.4,0.07,89.21557154039952
QTWO,2019-04-26,74.06999969482422,75.0,73.27999877929688,74.5199966430664,262600.0,23.74423355814908,24.37341719177347,29.96160608950686,32.837964188944525,32.362677093497524,2.18,2.0,-1.36,0.07,89.79394934482721
QTWO,2019-04-29,74.7699966430664,76.08000183105469,74.58999633789062,75.41999816894531,448300.0,23.885549681630465,23.87162927850467,29.923604087367345,32.209695602763986,32.33082112202694,2.24,1.0,-1.32,0.08,90.87841921956597
QTWO,2019-04-30,75.5999984741211,75.9800033569336,74.30999755859375,75.41999816894531,333700.0,23.79325243997041,23.79509896498044,29.778205776694996,32.17374034792728,32.324230663939844,2.3,1.0,-1.28,0.14,90.87841921956597
QTWO,2019-05-01,75.6500015258789,75.6500015258789,73.13999938964844,73.5999984741211,365600.0,25.04929983576268,24.161906199631584,29.637208488672677,32.31633724300358,32.42749397540382,2.36,1.0,-1.24,0.15,88.68538422538292
QTWO,2019-05-02,73.6500015258789,74.56999969482422,73.52999877929688,74.06999969482422,241800.0,25.08222290780944,24.13929745150339,29.543507646084198,32.29935001971247,32.39365427175752,2.42,1.0,-1.19,0.2,89.25171900403257
QTWO,2019-05-03,74.72000122070312,75.23999786376953,73.63999938964844,75.12000274658203,163300.0,24.94742699520485,24.23019697638705,28.55283435783228,32.335365744181665,32.412981058507704,2.5,1.0,-1.14,0.17,90.51693539008602
QTWO,2019-05-06,73.25,74.86000061035156,72.91999816894531,73.9800033569336,358600.0,23.158452656893104,24.512815007241297,28.72076505644107,32.39424830953807,30.885284655240508,2.57,2.0,-1.08,0.1,89.14327661313342
QTWO,2019-05-07,73.37000274658203,74.37999725341797,72.26000213623047,72.87999725341797,833800.0,23.700883733503947,24.76950707992041,28.878525160113757,32.450080075804514,30.92045511783381,2.64,3.0,-1.01,0.03,87.81780832559194
QTWO,2019-05-08,72.94000244140625,72.94999694824219,68.27999877929688,69.31999969482422,921200.0,27.868873485561306,26.93752566969699,30.10981193554293,32.93011640608809,31.338216170574327,2.68,11.0,-0.94,0.18,83.52813770234697
QTWO,2019-05-09,68.16999816894531,71.04000091552734,68.04000091552734,71.01000213623047,546100.0,28.24340729107362,26.72031469577862,30.28106422164092,33.03504615906418,31.404939136040355,2.72,15.0,-0.86,0.15,85.5645306230703
QTWO,2019-05-10,70.81999969482422,72.48999786376953,70.37999725341797,72.4800033569336,669800.0,28.644987463156752,26.87067542429268,30.268592599734145,33.101521276422574,31.336807121625338,2.75,15.0,-0.78,0.18,87.33582988628534
QTWO,2019-05-13,70.80999755859375,71.4800033569336,69.79000091552734,70.11000061035156,403000.0,30.36928064260079,27.377541626865597,30.573345533583257,33.26639351900635,31.42830142366768,2.78,17.0,-0.68,0.15,84.48006074833155
QTWO,2019-05-14,70.5199966430664,71.75,70.0999984741211,71.5,156300.0,30.833569279312567,27.64535075796562,30.49712700658104,33.31793244389553,31.301267654135312,2.81,17.0,-0.59,0.21,86.1549606464255
QTWO,2019-05-15,70.77999877929688,72.76000213623047,70.77999877929688,72.37000274658203,278200.0,30.874880065141078,27.19478867632914,30.51431472796508,33.19877611926768,31.31479393790161,2.84,18.0,-0.49,0.22,87.2032830575312
QTWO,2019-05-16,72.5999984741211,74.44000244140625,72.5999984741211,73.5199966430664,293700.0,29.245801380177973,27.34537535623885,30.186529328013407,33.24324378483459,31.34735162954632,2.87,14.0,-0.42,0.34,88.58898486026183
QTWO,2019-05-17,72.81999969482422,73.91999816894531,72.0,72.18000030517578,190600.0,28.53743723109641,27.542006231468903,29.49666012136454,33.26789959499685,31.376088658037,2.92,4.0,-0.41,0.32,86.97433686365595
QTWO,2019-05-20,71.5,72.47000122070312,70.87999725341797,71.41999816894531,184800.0,28.774004536135617,27.41953822452972,29.52836176502166,33.29498268918878,31.3661311344825,2.96,5.0,-0.41,0.28,86.0585612813044
QTWO,2019-05-21,71.91999816894531,72.88999938964844,71.91999816894531,72.37000274658203,167600.0,28.912499856678807,27.53433113487334,28.50848456204793,33.326527368911194,31.384571376758032,3.01,1.0,-0.33,0.16,87.2032830575312
QTWO,2019-05-22,72.08999633789062,74.58000183105469,72.08999633789062,74.44999694824219,238600.0,29.827572726360067,27.952308282480576,28.739449715696217,33.480080419500894,31.50090629313957,3.06,4.0,-0.26,0.11,89.70960219863362
QTWO,2019-05-23,73.58999633789062,73.95999908447266,71.5999984741211,72.52999877929688,223200.0,30.7563580047008,28.3544123106586,29.14448543118259,33.631371752159254,31.607790542331564,3.09,6.0,-0.18,-0.02,87.39607259462394
QTWO,2019-05-24,72.9000015258789,73.98999786376953,72.37000274658203,73.88999938964844,261200.0,31.124010500936816,28.47693155565697,29.022573249776208,33.676938476145764,31.62652041944565,3.13,6.0,-0.08,0.0,89.03482502908483
QTWO,2019-05-28,74.29000091552734,75.5,73.83000183105469,74.05000305175781,259100.0,31.089006966524835,27.78370528406022,28.34630908881733,33.58827596983257,31.59905717101657,3.18,1.0,-0.06,0.12,89.22762375932703
QTWO,2019-05-29,73.62000274658203,74.36000061035156,72.41999816894531,73.98999786376953,407800.0,30.977459798998456,27.161827132608813,28.246772242180374,33.3326084611056,31.599427730519885,3.23,1.0,-0.13,0.17,89.15531963891148
QTWO,2019-05-30,74.0,75.30999755859375,73.54000091552734,74.16999816894531,423100.0,30.9755123329062,27.022339980609928,27.840770574095263,33.315723162294134,31.585566444041003,3.28,1.0,-0.15,0.22,89.37221361385922
QTWO,2019-05-31,73.05000305175781,74.70999908447266,71.7300033569336,73.23999786376953,403100.0,31.124658832140668,26.88758480681078,27.17118545811007,33.30801297160836,31.61438523420153,3.33,1.0,-0.08,0.12,88.25159627548743
QTWO,2019-06-03,73.27999877929688,73.61000061035156,68.62000274658203,68.9800033569336,428200.0,35.8789079887439,29.662391278561245,28.785193375684315,33.97921513063745,32.1837498139526,3.36,9.0,0.05,0.81,83.11845419030647
QTWO,2019-06-04,69.93000030517578,72.95999908447266,68.9800033569336,72.83999633789062,677300.0,38.76869274929191,31.55713052330123,29.7867284429653,34.57753965006752,32.62857577823024,3.36,18.0,0.19,0.94,87.76960864303138
QTWO,2019-06-05,69.5999984741211,70.94000244140625,67.5999984741211,70.41000366210938,1141500.0,38.99961650020708,32.28603918184294,30.339424465524797,34.814412525426995,32.81461544618441,3.36,30.0,0.35,0.76,84.84155377096096
QTWO,2019-06-06,69.75,70.9800033569336,68.41999816894531,70.33999633789062,3647300.0,38.694561731206456,32.25745641419276,30.186280788190068,34.70301184436053,32.78886642968435,3.36,26.0,0.47,0.85,84.7571974316179
QTWO,2019-06-07,70.9000015258789,71.52999877929688,68.58999633789062,68.66999816894531,767100.0,39.10230035723863,32.36323503047104,30.36249222909345,34.80795506037758,32.82729505802565,3.36,32.0,0.49,0.78,82.74490894874957
QTWO,2019-06-10,69.56999969482422,71.76000213623047,68.75,71.68000030517578,880500.0,41.198659362614514,33.51872014806885,30.908946480997773,34.955643100341966,32.9700415564626,3.34,38.0,0.54,0.73,86.37185462137325
QTWO,2019-06-11,72.0,72.61000061035156,70.58000183105469,71.30999755859375,526900.0,41.01720736004136,33.53626933197679,30.814979988524765,34.952053285200186,32.86030508202315,3.33,38.0,0.62,0.74,85.92601445255025
QTWO,2019-06-12,71.16000366210938,74.05000305175781,71.16000366210938,73.98999786376953,671100.0,42.5290716255355,34.28723534690622,31.225756999088468,35.046103555613534,33.05811497103883,3.32,40.0,0.7,0.66,89.15531963891148
QTWO,2019-06-13,74.26000213623047,74.61000061035156,72.76000213623047,73.44000244140625,584200.0,41.985185214013335,34.31379480297928,31.083202817847862,35.05811516185953,32.76379573243675,3.3,40.0,0.85,0.68,88.49259468829018
QTWO,2019-06-14,73.30000305175781,76.25,73.30000305175781,75.16000366210938,403100.0,42.487666844836106,34.614238278622054,30.738300081731985,35.146191680076534,32.83074824414781,3.28,38.0,0.76,0.81,90.56513507264657
QTWO,2019-06-17,75.75,78.36000061035156,75.44000244140625,76.62000274658203,772600.0,42.65716276553712,34.661578700685894,30.622238641365644,35.08741465310168,32.878930196990936,3.26,36.0,0.74,0.84,92.3243821169341
QTWO,2019-06-18,77.37000274658203,77.9000015258789,76.30999755859375,76.5,372100.0,42.39586050711852,33.889287208307515,30.631466852281847,35.067122793644174,32.874813691976165,3.23,37.0,0.64,0.83,92.17978306925245
QTWO,2019-06-19,76.91999816894531,78.41999816894531,76.5199966430664,78.30000305175781,503400.0,42.58231779505211,34.16860528436195,30.576031145831813,35.14826675127813,32.91567107812233,3.2,36.0,0.64,0.85,94.34872281872994
QTWO,2019-06-20,78.95999908447266,79.56999969482422,77.51000213623047,78.13999938964844,355500.0,39.61096822093143,34.115357196635834,30.55672025916864,34.5554461427082,32.90929252658593,3.17,35.0,0.52,0.86,94.15592408848774
QTWO,2019-06-21,77.66000366210938,78.79000091552734,77.4000015258789,77.80000305175781,1018500.0,39.21298170428514,33.911062674918654,30.57016407433797,34.41057043885631,32.86117476301751,3.14,36.0,0.26,0.85,93.74624057644725
QTWO,2019-06-24,77.94999694824219,78.0,75.37999725341797,75.51000213623047,334700.0,39.97544681362536,34.47912229796033,30.96419467624664,34.55580277279048,33.00260153106134,3.1,46.0,-0.04,0.69,90.98687080361456
QTWO,2019-06-25,75.5199966430664,75.79000091552734,73.76000213623047,74.37000274658203,303600.0,38.94718732711613,34.64788247297522,30.798491946430428,34.36936567330487,33.01573314821627,3.06,44.0,-0.18,0.69,89.61321202666197
QTWO,2019-06-26,74.91000366210938,76.0999984741211,74.38999938964844,74.58000183105469,317400.0,38.58768426679002,34.63213871478446,30.74221022896738,34.36941362634545,32.81911775957458,3.02,44.0,-0.32,0.71,89.86625346524278
QTWO,2019-06-27,74.81999969482422,76.41999816894531,74.73999786376953,76.37000274658203,205200.0,39.0121622453179,34.88764976495564,30.76639670073615,33.82302790993143,32.89797485297272,2.98,45.0,-0.39,0.7,92.02314099579276
QTWO,2019-06-28,76.70999908447266,77.56999969482422,75.66000366210938,76.36000061035156,968900.0,38.788842027374606,34.0740969490186,30.748487676632365,33.71043667408639,32.641433881173555,2.94,45.0,-0.45,0.7,92.01108877686525
QTWO,2019-07-01,77.55000305175781,77.95999908447266,75.33000183105469,76.79000091552734,438700.0,38.35323870326194,33.52215996778554,30.74891751897521,33.46500359114453,32.61901451123242,2.89,46.0,-0.54,0.71,92.52922387295435
QTWO,2019-07-02,76.62999725341797,77.12999725341797,75.7699966430664,77.12999725341797,314700.0,38.169329894549406,33.51271963065178,30.74343604598943,33.44989305451058,32.612448197583284,2.85,45.0,-0.64,0.71,92.93890738499485
QTWO,2019-07-03,77.12999725341797,78.9800033569336,77.02999877929688,78.38999938964844,240700.0,38.251578378401646,33.61677560206163,30.817689848386287,33.46591080032862,32.61867449421009,2.8,51.0,-0.69,0.68,94.4571652096291
QTWO,2019-07-05,77.76000213623047,78.06999969482422,76.33000183105469,77.29000091552734,141300.0,37.751824796554494,33.78062284009641,30.886141998575734,33.489904662623786,32.651014765593665,2.75,52.0,-0.87,0.65,93.13170611523705
QTWO,2019-07-08,77.04000091552734,77.63999938964844,76.05000305175781,77.2300033569336,574500.0,36.85883495972485,33.65611013736818,30.57527703688485,32.903829945370525,32.57238764808076,2.69,38.0,-0.94,0.73,93.05941118797095
QTWO,2019-07-09,76.86000061035156,79.73999786376953,76.52999877929688,79.0999984741211,606900.0,37.09846269344376,33.95179848296495,30.71076847455148,32.99546929418478,32.626557323635986,2.64,43.0,-0.92,0.69,95.31268889049258
QTWO,2019-07-10,79.56999969482422,80.58000183105469,79.16000366210938,79.87000274658203,699500.0,37.16060257857824,33.96801363705188,30.519587869599206,32.9351369549232,32.63790512523529,2.58,35.0,-0.84,0.74,96.24051669177163
QTWO,2019-07-11,80.33000183105469,80.98999786376953,79.02999877929688,79.80999755859375,515900.0,37.16014599865245,33.919631711162296,30.51926994554798,32.85906329007528,32.63111655986648,2.52,35.0,-0.81,0.74,96.16821257135608
QTWO,2019-07-12,80.0,81.54000091552734,79.5,81.18000030517578,459100.0,37.39678367090138,34.051891634781164,30.3120962985186,32.85504316694453,32.66923108908614,2.46,31.0,-0.69,0.86,97.81901722474447
QTWO,2019-07-15,81.08000183105469,81.3499984741211,80.29000091552734,80.62999725341797,425100.0,37.223073812093055,34.031895028471055,30.34546319258043,32.74503455042137,32.60537923548846,2.39,33.0,-0.67,0.83,97.15628308097372
QTWO,2019-07-16,80.58000183105469,81.3499984741211,80.12000274658203,80.6500015258789,480600.0,32.08611584002929,33.98419717506862,30.28687036611264,32.68657347414277,32.60475020032882,2.33,31.0,-0.67,0.84,97.18038751882871
QTWO,2019-07-17,80.7300033569336,81.47000122070312,80.20999908447266,80.73999786376953,299300.0,28.496708670282693,33.77572565838564,30.17229790125932,32.51459036399076,32.59533629251946,2.25,26.0,-0.68,0.88,97.28882990972787
QTWO,2019-07-18,80.48999786376953,81.12000274658203,79.5999984741211,80.95999908447266,347600.0,26.209042579171157,33.237172988169206,30.172657728551638,32.435602504167704,32.59299068073885,2.18,27.0,-0.69,0.88,97.55392356723617
QTWO,2019-07-19,81.0999984741211,81.80000305175781,79.88999938964844,79.9800033569336,189500.0,26.615778532277908,33.239482961652044,30.17587309943617,32.453349203736934,32.619513576232166,2.12,28.0,-0.74,0.88,96.37306352052578
QTWO,2019-07-22,79.94999694824219,80.9800033569336,79.94999694824219,80.23999786376953,251800.0,25.23286647488783,33.20357155822042,30.083151011980732,32.36454741170585,32.61998761803307,2.07,23.0,-0.78,0.91,96.68634766744518
QTWO,2019-07-23,80.5999984741211,80.73999786376953,78.37000274658203,79.04000091552734,335400.0,23.217718895505342,33.354553195873834,30.14370454159596,32.24760819419067,32.65616446750118,2.01,27.0,-0.85,0.86,95.2403939632265
QTWO,2019-07-24,78.91000366210938,80.0,78.63999938964844,79.69999694824219,208300.0,23.120937123847103,33.311014042680895,29.784669799494363,32.25572591800547,32.66229821941884,1.95,18.0,-0.92,0.96,96.03566574260192
QTWO,2019-07-25,79.58999633789062,79.94000244140625,78.81999969482422,78.83000183105469,342400.0,21.23624823643449,33.39978967352222,29.496208458569704,32.28771125867542,32.667187522434006,1.89,13.0,-0.97,1.08,94.98735252464569
QTWO,2019-07-26,79.26000213623047,80.3499984741211,79.05000305175781,80.06999969482422,409100.0,21.38455535072634,33.11801127906049,29.503404294275704,32.14300983938399,32.69348100079443,1.84,15.0,-1.01,1.1,96.48150591142493
QTWO,2019-07-29,80.11000061035156,80.27999877929688,77.38999938964844,80.16000366210938,285500.0,20.505148016091944,33.10189029870723,29.34022888971578,32.14312985663036,32.69124582978662,1.8,13.0,-1.04,1.2,96.58995749547353
QTWO,2019-07-30,79.5199966430664,81.0,79.5199966430664,80.48999786376953,281400.0,19.86822343999935,33.00066109822435,29.333924964566744,31.93305099856595,32.63835136707608,1.77,13.0,-1.07,1.2,96.98758878858652
QTWO,2019-07-31,80.44000244140625,81.0999984741211,78.22000122070312,79.87000274658203,412500.0,20.034429514620072,32.87591335145089,29.307803337417194,31.886445355789512,32.356890953261654,1.73,13.0,-1.1,1.19,96.24051669177163
QTWO,2019-08-01,79.80000305175781,81.08000183105469,77.12999725341797,77.26000213623047,847600.0,21.334521606515505,33.46849019774644,29.78136547273051,32.150051759740215,32.536004195793495,1.69,23.0,-1.12,1.01,93.095558651604
QTWO,2019-08-02,76.91000366210938,77.95999908447266,76.23999786376953,76.83000183105469,361800.0,21.38211662485048,31.76851007086744,29.785386003381603,32.155351306529106,32.500272857367,1.64,25.0,-1.13,0.99,92.5774235555149
QTWO,2019-08-05,75.1500015258789,75.1500015258789,72.6500015258789,73.81999969482422,496600.0,24.231760534442834,32.544398770615885,30.299454972467583,32.41452476155241,32.70650108501173,1.61,45.0,-1.11,0.91,88.95047788289124
QTWO,2019-08-06,74.55000305175781,76.83000183105469,74.4000015258789,74.6500015258789,361000.0,22.98009844076189,32.357347535702566,30.33611248034689,32.38204780026438,32.71667907978475,1.57,47.0,-1.08,0.9,89.95060061143637
QTWO,2019-08-07,73.9800033569336,75.69000244140625,73.87000274658203,74.69000244140625,361300.0,22.5461087624388,31.584361292153307,30.33299517232657,32.342581997694225,32.70189474681435,1.54,47.0,-1.06,0.9,89.99880029399692
QTWO,2019-08-08,79.0199966430664,89.38999938964844,79.0199966430664,86.01000213623047,1164300.0,46.682579175572506,42.54676558079067,37.59872636660609,36.28295506772362,35.53254740372365,1.66,100.0,-0.69,10.79,103.63899789155117
QTWO,2019-08-09,85.41999816894531,87.69000244140625,85.18000030517578,87.05999755859375,717100.0,46.3934880528054,42.547123619685095,37.62573954100005,35.18253072643759,35.11574618840075,1.77,100.0,-0.33,10.74,104.90420508445517
QTWO,2019-08-12,86.51000213623047,87.98999786376953,85.30999755859375,86.19000244140625,501600.0,46.56562700730147,42.54722482173038,37.67640049165738,35.165328818599825,35.111592209197894,1.88,100.0,-0.22,10.7,103.85589186649892
QTWO,2019-08-13,86.22000122070312,89.7300033569336,86.05000305175781,89.69000244140625,586700.0,47.706708056449656,42.98724833358884,38.07763809066658,35.0904312799757,35.32061542815189,2.0,100.0,0.23,10.13,108.0732675624778
QTWO,2019-08-14,87.95999908447266,89.2300033569336,87.56999969482422,88.0999984741211,400200.0,48.17322141973797,43.11615672792966,37.77647357937882,35.17777895508112,35.35805758630807,2.1,99.0,0.3,10.46,106.1573692515811
QTWO,2019-08-15,88.44999694824219,91.08999633789062,87.16000366210938,90.70999908447266,385500.0,48.594366358910456,43.39346926674349,38.01198737861225,35.153034618219266,35.46605041506669,2.2,99.0,0.56,10.07,109.30232729174874
QTWO,2019-08-16,91.43000030517578,92.66000366210938,91.38999938964844,92.44000244140624,378100.0,48.41475474251566,43.20783472882773,38.0693899534133,35.20248132588829,35.50757232609843,2.3,99.0,0.86,9.98,111.3869198950326
QTWO,2019-08-19,93.62999725341795,93.62999725341795,91.38999938964844,91.51000213623048,318000.0,48.60296301741674,42.860345281609305,37.99228114268162,35.119287854819675,35.527165624599334,2.39,97.0,0.88,10.06,110.26630255666086
QTWO,2019-08-20,91.23999786376952,91.23999786376952,89.81999969482422,90.5,360300.0,48.518883810907695,42.85701615952119,38.03166651462927,35.15892325661707,35.49292620459216,2.48,98.0,0.77,10.07,109.04928585316793
QTWO,2019-08-21,91.41999816894533,91.68000030517578,90.33999633789062,90.73999786376952,367500.0,48.49621932229825,42.85654320860515,38.030551763856366,35.12369553716778,35.48812179143863,2.57,97.0,0.65,10.07,109.33847475538177
QTWO,2019-08-22,91.04000091552734,92.23999786376952,90.2300033569336,91.81999969482422,274200.0,48.52050053210651,42.88195753123631,38.05357965952678,35.07216427068166,35.494697702253326,2.65,98.0,0.56,10.02,110.63983860506828
QTWO,2019-08-23,91.41000366210938,92.33000183105467,89.02999877929688,89.4800033569336,347300.0,49.15736248018342,43.30343971754685,38.300195879974765,35.02272309712818,35.54978982599808,2.74,100.0,0.4,9.81,107.82022612389699
QTWO,2019-08-26,90.62000274658205,90.62000274658205,88.97000122070312,89.94000244140625,208700.0,49.06707393985644,43.18038025633501,37.838610361905886,34.981239737332594,35.537912977201,2.81,92.0,0.26,10.27,108.37450868361913
QTWO,2019-08-27,90.73999786376952,91.18000030517578,88.30000305175781,88.7300033569336,362200.0,49.31221468785394,41.27841865119938,37.6172857949524,34.57456111428564,35.476422398150106,2.87,88.0,0.14,10.52,106.91650276047295
QTWO,2019-08-28,88.87999725341797,89.33999633789062,87.55000305175781,88.80999755859375,280500.0,49.31303380592868,39.93082708289117,37.613553930526464,34.57571830225702,35.47362293361334,2.93,87.0,0.02,10.54,107.0128929324446
QTWO,2019-08-29,89.72000122070312,90.55999755859376,89.2300033569336,89.87999725341797,188000.0,49.37853345596223,39.20420121883524,37.63258049172827,34.59008932547348,35.45115694213553,2.99,89.0,-0.1,10.47,108.30220456320359
QTWO,2019-08-30,90.0,90.45999908447266,88.30000305175781,89.94999694824219,261000.0,49.163729010077006,39.19610184424487,37.62863597945234,34.585534014704486,35.45121467246192,3.05,88.0,-0.21,10.5,108.3865517093972
QTWO,2019-09-03,89.30999755859375,90.29000091552734,87.8499984741211,88.1500015258789,259500.0,49.65918667642427,39.08684078902902,37.742456229458014,34.693141578902434,35.516025354774634,3.11,90.0,-0.32,10.45,106.21762115306916
QTWO,2019-09-04,89.01000213623047,89.79000091552734,88.06999969482422,88.4800033569336,347800.0,49.358406027755954,38.24401539949495,37.74257853181209,34.633467748764645,35.512718879046204,3.17,90.0,-0.42,10.44,106.61526163933159
QTWO,2019-09-05,89.43000030517578,89.69999694824219,86.80999755859375,87.79000091552734,442000.0,49.45064850227075,38.273610040929846,37.77003865412723,34.53261166262959,35.523692970303614,3.23,90.0,-0.51,10.45,105.78383320317366
QTWO,2019-09-06,88.13999938964844,88.86000061035156,87.02999877929688,87.47000122070312,433100.0,49.31327981444919,37.658122858515874,37.75282132673157,34.459910655826306,35.51256870230945,3.28,89.0,-0.6,10.52,105.39824493583872
QTWO,2019-09-09,87.73999786376953,87.73999786376953,83.87999725341797,84.4000015258789,423000.0,50.446541551962,38.42455009275079,38.23191844289248,34.76707548172187,35.64744096495123,3.35,99.0,-0.65,10.02,101.69900433594894
QTWO,2019-09-10,84.01000213623047,84.01000213623047,79.55999755859375,81.56999969482422,614500.0,51.50705241334816,38.88756997864291,38.6246349862849,34.879577963918685,35.65179510017031,3.41,100.0,-0.66,9.62,98.288952638273
QTWO,2019-09-11,81.61000061035156,81.88999938964844,78.80000305175781,80.19999694824219,636100.0,51.74247033430592,38.88407797035708,38.71681987877863,34.55382215116985,35.684238475383445,3.48,100.0,-0.66,9.53,96.63814798488463
QTWO,2019-09-12,81.25,83.12000274658203,81.16000366210938,81.4800033569336,491300.0,51.89179371803934,39.00292802468368,38.66229531876779,34.54483560578446,35.684821014536375,3.54,99.0,-0.66,9.61,98.18051024737386
QTWO,2019-09-13,81.4000015258789,82.27999877929688,79.4000015258789,79.94000244140625,276500.0,51.24707937266425,38.938450253828464,38.50301316441612,34.12618457546861,35.680469319853714,3.59,97.0,-0.66,9.94,96.32486383796522
QTWO,2019-09-16,79.08999633789062,80.36000061035156,78.95999908447266,79.5999984741211,360100.0,51.23347990934533,38.94691348262919,38.44261213558936,34.11959221590359,35.68329772645708,3.64,96.0,-0.66,10.08,95.91517113277528
QTWO,2019-09-17,79.94999694824219,81.6500015258789,78.91999816894531,81.0199966430664,356700.0,49.91781766889767,39.09574091217648,38.51381739525328,34.16422850365712,35.721373044039304,3.69,97.0,-0.67,9.96,97.62621849450227
QTWO,2019-09-18,81.2300033569336,81.55999755859375,79.62999725341797,81.08999633789062,214000.0,49.86225435720381,38.573784101670846,38.50349316624781,34.05234137110441,35.64078574877174,3.74,96.0,-0.69,9.99,97.71056564069586
QTWO,2019-09-19,81.62999725341797,82.05999755859375,80.30999755859375,80.72000122070312,311900.0,49.90401114145692,38.44197284695445,38.47110601588671,33.768157429414806,35.63506795386881,3.78,94.0,-0.7,10.08,97.26473466502232
QTWO,2019-09-20,80.73999786376953,81.4800033569336,78.94999694824219,80.06999969482422,767000.0,27.71732816965521,38.48928618533181,38.496140703109184,33.75096320920062,35.49268923851367,3.82,94.0,-0.7,10.07,96.48150591142493
QTWO,2019-09-23,79.83000183105469,80.9800033569336,79.2300033569336,80.55000305175781,329700.0,27.49360406553447,38.21641679648696,38.29506555818792,33.54626785365695,35.48938810997614,3.85,90.0,-0.7,10.25,97.05989290900206
QTWO,2019-09-24,80.88999938964844,81.66999816894531,78.69999694824219,79.81999969482422,390400.0,27.47281950517191,38.27084205404792,38.31762115955484,33.190488478392375,35.384658882870085,3.88,91.0,-0.7,10.26,96.18026479028357
QTWO,2019-09-25,79.83999633789062,81.37999725341797,79.11000061035156,81.18000030517578,387200.0,25.103094938513376,38.40181975946274,38.34517961206146,33.13695130023488,35.4184427460893,3.9,91.0,-0.7,10.22,97.81901722474447
QTWO,2019-09-26,81.01000213623047,82.13999938964844,80.5199966430664,81.41000366210938,347400.0,24.774589636893936,38.397030824805725,38.25970185532788,33.05770693657678,35.41190535629284,3.92,87.0,-0.71,10.28,98.09616310118027
QTWO,2019-09-27,81.94999694824219,82.51000213623047,77.38999938964844,78.8499984741211,277800.0,24.282059981594458,38.84290980029402,38.53350868695667,33.296698210507046,35.479539408824095,3.94,97.0,-0.69,9.99,95.01144776935124
QTWO,2019-09-30,78.87999725341797,79.81999969482422,77.94000244140625,78.87000274658203,480800.0,23.29106105956617,38.72954158922389,37.66070124735846,33.222445621587,35.464903612009344,3.95,70.0,-0.66,10.85,95.03555220720624
QTWO,2019-10-01,79.36000061035156,79.6500015258789,75.06999969482422,75.20999908447266,776200.0,26.293216500518863,39.9522191562573,38.26789717985433,33.68287422025216,35.78486631579255,3.98,86.0,-0.64,10.37,90.62537778098516
QTWO,2019-10-02,74.18000030517578,74.45999908447266,70.81999969482422,71.66999816894531,1002500.0,28.921375970771223,40.7993193777872,38.90655346363751,34.137992718048835,35.71975055959145,4.01,100.0,-0.64,9.86,86.35980240244574
QTWO,2019-10-03,71.36000061035156,73.91999816894531,70.19999694824219,73.4000015258789,557900.0,30.20967335315034,41.06971427463769,38.7242093807589,34.16955965561356,35.69426119799212,4.04,99.0,-0.64,9.91,88.44439500572963
QTWO,2019-10-04,74.0,75.69999694824219,73.44999694824219,75.01000213623047,527500.0,30.874057248127237,41.34182519905709,38.75161992385924,34.213732914556246,35.710970537006666,4.07,99.0,-0.62,9.87,90.38438856133186
QTWO,2019-10-07,74.94000244140625,76.08000183105469,74.4800033569336,75.61000061035156,463300.0,30.611785470900426,41.214400657520486,38.725660094676265,34.11749747832276,35.55328895755827,4.09,98.0,-0.6,9.92,91.10736541344122
QTWO,2019-10-08,74.8499984741211,75.19000244140625,73.19000244140625,73.76000213623047,322900.0,30.925035376577565,41.48269641168919,38.85171400830279,34.02362379569772,35.648039282928664,4.11,99.0,-0.6,9.87,88.87818295562514
QTWO,2019-10-09,74.61000061035156,75.91999816894531,74.30000305175781,75.6500015258789,315900.0,32.191628804292854,41.84354636628088,38.94327680115492,34.01282547018776,35.296576906484695,4.13,100.0,-0.58,9.64,91.15556509600175
QTWO,2019-10-10,75.55000305175781,77.01000213623047,75.1500015258789,75.45999908447266,527700.0,32.14949813581398,41.8420745993214,38.90601829493741,34.01627153054862,35.2255323140712,4.14,98.0,-0.56,9.67,90.9266189021265
QTWO,2019-10-11,76.76000213623047,78.04000091552734,76.11000061035156,77.0199966430664,305400.0,32.63909832505588,42.06912193695313,38.98301290971877,33.9634006317921,35.11400967541597,4.14,100.0,-0.53,9.55,92.80636055624069
QTWO,2019-10-14,77.58999633789062,78.9000015258789,77.05000305175781,77.83000183105469,273000.0,32.91138635472805,42.06416824321365,38.76220728661537,33.968901861088405,35.115598579816115,4.14,95.0,-0.52,9.87,93.78238804008029
QTWO,2019-10-15,77.83000183105469,78.88999938964844,77.63999938964844,78.19999694824219,269400.0,32.691397241807834,42.07091092680309,38.53264211355887,33.96822082357141,35.09863862094827,4.13,87.0,-0.49,10.08,94.22821901575385
QTWO,2019-10-16,77.37000274658203,77.37000274658203,75.5,76.16000366210938,264600.0,33.236430075858095,42.303648146968136,38.6648969863888,34.10004972731896,35.19149744382452,4.13,90.0,-0.47,10.04,91.77009955721196
QTWO,2019-10-17,76.29000091552734,76.5999984741211,75.4000015258789,75.73999786376953,194900.0,33.226091469853834,42.27390791621845,38.67475970006838,33.95078274378876,34.78975777626935,4.11,90.0,-0.46,10.05,91.26400748690091
QTWO,2019-10-18,75.1500015258789,75.4000015258789,71.0999984741211,72.5,667600.0,35.07121249436461,43.13280880844662,39.2988423090868,34.33339787984453,35.073982574204535,4.1,100.0,-0.47,9.45,87.35992513099089
QTWO,2019-10-21,73.1500015258789,73.45999908447266,70.5999984741211,71.05000305175781,642900.0,34.21572610564583,43.1542218047822,39.42427114161175,34.330809625266255,35.09707173192824,4.08,100.0,-0.49,9.36,85.61273030563085
QTWO,2019-10-22,71.0999984741211,71.80000305175781,66.11000061035156,66.30000305175781,733000.0,38.04096210974386,45.29066009725074,40.86611319978281,35.300423898423,35.752984882973294,4.06,100.0,-0.41,8.34,79.88914900394523
QTWO,2019-10-23,66.05000305175781,67.12999725341797,64.86000061035156,65.41000366210938,764100.0,37.97541882987906,45.313796498442606,39.81312291619629,35.338066819068445,35.74338397915754,4.05,99.0,-0.32,9.16,78.816731348134
QTWO,2019-10-24,66.02999877929688,70.33999633789062,66.02999877929688,68.80000305175781,878600.0,40.98401011698598,46.63290096105744,39.67997068994148,35.8278071555029,36.01173042759768,4.05,98.0,-0.33,9.27,82.90156021535871
QTWO,2019-10-25,68.58999633789062,70.05999755859375,67.87999725341797,69.81999969482422,337900.0,41.19079391027591,46.3171523024773,39.38933448206312,35.860524064306674,36.004330907279645,4.05,96.0,-0.33,9.49,84.13061994462966
QTWO,2019-10-28,70.5,71.68000030517578,69.58000183105469,70.8499984741211,422400.0,41.56354892677668,46.42986820968636,39.45830962568797,35.8849422352392,35.907485780395994,4.05,97.0,-0.33,9.36,85.37173189282811
QTWO,2019-10-29,70.66999816894531,72.0999984741211,70.38999938964844,71.51000213623047,386400.0,41.2547396100081,45.77267967001399,39.29434681894901,35.73567570249051,35.87174589215908,4.04,93.0,-0.33,9.48,86.167012865353
QTWO,2019-10-30,71.6500015258789,73.19000244140625,70.0199966430664,72.63999938964844,414400.0,41.63326850505034,45.83107027003771,38.77925047021489,35.74230676694404,35.88491013703414,4.04,87.0,-0.32,10.13,87.52861942337809
QTWO,2019-10-31,72.08000183105469,72.77999877929688,70.54000091552734,71.48999786376953,411400.0,41.78525733600021,45.940366478796925,38.854527304800605,35.68017543241576,35.86302811439815,4.03,88.0,-0.32,10.06,86.142908427498
QTWO,2019-11-01,72.08999633789062,72.11000061035156,69.73999786376953,70.05000305175781,498200.0,42.03861143166832,35.341309775058896,38.53318629859208,35.764049598806814,35.80108397380642,4.02,75.0,-0.34,10.6,84.40776582106547
QTWO,2019-11-04,70.68000030517578,70.91000366210938,68.13999938964844,68.31999969482422,385500.0,42.32851464552881,35.46256545684173,38.71356343054319,35.76549493724571,35.8957750891643,4.02,80.0,-0.36,10.4,82.32317321778157
QTWO,2019-11-05,68.56999969482422,69.8499984741211,67.98999786376953,69.36000061035156,399000.0,42.72861190721266,35.65478266497124,38.60822888755999,35.807293476365075,35.921274521074466,4.0,75.0,-0.39,10.57,83.57633738490752
QTWO,2019-11-06,68.95999908447266,68.97000122070312,66.68000030517578,68.33999633789062,710000.0,42.32361224982139,34.553523537438764,38.53664707190957,35.81485857751999,35.84892145210824,3.98,74.0,-0.43,10.76,82.34726846248712
QTWO,2019-11-07,67.16999816894531,71.87999725341797,64.0999984741211,68.77999877929688,1230500.0,42.3994536702612,34.51125806994503,38.55525556722871,35.75706852996384,35.85209089238631,3.96,74.0,-0.48,10.71,82.87745577750371
QTWO,2019-11-08,67.8499984741211,72.77999877929688,67.4000015258789,72.05999755859375,745100.0,44.2315339914527,35.40101190611172,39.10380711899004,36.1771639613329,35.9961917634261,3.95,92.0,-0.51,10.03,86.8297378159743
QTWO,2019-11-11,73.75,74.87999725341797,72.55999755859375,74.25,417300.0,45.24647687357057,35.77434701045741,39.40696218688552,36.316071466009305,36.07228939083774,3.93,95.0,-0.53,9.57,89.46861297898032
QTWO,2019-11-12,74.16999816894531,74.72000122070312,72.94999694824219,73.94999694824219,320100.0,43.153175960023546,35.74915799068753,39.40621744959522,36.2698873267118,36.07018308898528,3.91,94.0,-0.55,9.57,89.10711995635093
QTWO,2019-11-13,73.72000122070312,76.2699966430664,73.4800033569336,75.5199966430664,525100.0,41.12739765596952,36.0637980239488,39.268554392871245,36.32109157686516,36.11989852119419,3.89,90.0,-0.55,9.6,90.99891382939262
QTWO,2019-11-14,75.26000213623047,78.61000061035156,75.08000183105469,77.55000305175781,448400.0,41.25937642290753,36.552640507183824,39.41563481863394,36.26984418025197,36.1297352363748,3.87,95.0,-0.54,9.33,93.4449994553059
QTWO,2019-11-15,77.94000244140625,78.83000183105469,76.88999938964844,78.5,363300.0,40.95216957062311,36.55851307169542,39.45810114462368,36.14331148557195,36.1144244564146,3.85,96.0,-0.52,9.25,94.58971203838324
QTWO,2019-11-18,78.0999984741211,78.81999969482422,77.05000305175781,78.05999755859375,301800.0,40.955523806009374,36.24398566293886,39.29342429109229,36.119165554935954,36.0947012071253,3.82,88.0,-0.51,9.52,94.05952472336664
QTWO,2019-11-19,78.33999633789062,80.8499984741211,78.01000213623047,80.44000244140625,723200.0,41.03156691195772,36.81617847112369,39.57734021989892,36.2171385261093,36.20202700845528,3.8,97.0,-0.51,9.11,96.92734608024793
QTWO,2019-11-20,80.11000061035156,82.68000030517578,79.97000122070312,82.4000015258789,575900.0,40.97483323514352,37.11226499406294,39.74593732950712,36.3147154150375,35.50022620614978,3.77,98.0,-0.52,8.87,99.28907536681815
QTWO,2019-11-21,82.52999877929688,83.33000183105469,81.95999908447266,82.7300033569336,551000.0,40.9442145895813,37.125291111506094,39.744992557038486,36.28482452890034,35.468396776785035,3.74,97.0,-0.54,8.88,99.6867158530806
QTWO,2019-11-22,82.83999633789062,83.02999877929688,81.66000366210938,82.31999969482422,337200.0,40.6677592033985,37.03107058435052,39.67682509641805,36.272216557500805,35.21882708270952,3.71,95.0,-0.55,9.01,99.19267600169705
QTWO,2019-11-25,82.79000091552734,84.13999938964844,82.33000183105469,83.93000030517578,388400.0,40.90589236008581,37.274354972160864,39.71896964479276,36.33085203079553,35.25917952119816,3.68,96.0,-0.57,8.88,101.1326695572993
QTWO,2019-11-26,83.88999938964844,85.12000274658203,83.2699966430664,84.66999816894531,449100.0,40.94169342000079,37.11438269360234,39.73812406570746,36.25199943998722,35.14193881283536,3.64,96.0,-0.59,8.84,102.02434070179585
QTWO,2019-11-27,85.12999725341797,85.73999786376953,84.37000274658203,84.91999816894531,270700.0,40.002888862001655,37.11073501851079,39.56816680359868,36.24821968016929,35.14182726004593,3.6,91.0,-0.63,9.08,102.32558182293718
QTWO,2019-11-29,84.66999816894531,84.91000366210938,83.80000305175781,84.43000030517578,148000.0,40.00806662955359,37.09629988494841,39.55504685737314,36.25654391480703,35.057155697733656,3.55,90.0,-0.65,9.13,101.73515179958198
QTWO,2019-12-02,84.44000244140625,84.83000183105469,82.19000244140625,83.5,345900.0,37.70388583365111,37.15311698382646,39.5976622046393,36.266747508808,35.08068398984294,3.5,92.0,-0.67,9.11,100.6145344612102
QTWO,2019-12-03,81.9000015258789,82.94000244140625,80.54000091552734,82.75,523100.0,37.19784081631015,36.47693588642949,39.53605753585192,36.2804693683324,35.06739699883375,3.45,88.0,-0.67,9.24,99.71081109778616
QTWO,2019-12-04,82.87000274658203,83.38999938964844,82.11000061035156,82.19000244140625,275700.0,30.08743860758016,35.82024584128355,39.53602238113827,36.291803997692384,35.03583760060512,3.39,87.0,-0.68,9.24,99.03603392823736
QTWO,2019-12-05,82.29000091552734,82.77999877929688,81.37000274658203,81.48999786376953,233900.0,29.82437929025635,35.69062111889639,39.56038306730522,36.25867166183237,34.90813228540906,3.32,89.0,-0.68,9.24,98.19255327315192
QTWO,2019-12-06,82.3499984741211,83.01000213623047,81.36000061035156,81.58999633789062,430700.0,26.898028098884456,35.543718065600075,39.56045932282239,36.02499987151255,34.882920740133954,3.25,89.0,-0.68,9.23,98.31304788297857
QTWO,2019-12-09,81.5199966430664,81.69000244140625,80.55000305175781,80.83999633789062,316500.0,27.094107046983584,35.37455827781692,39.585851409870926,36.042711141213154,34.58760545930286,3.17,91.0,-0.68,9.23,97.40932451955452
QTWO,2019-12-10,80.52999877929688,80.87999725341797,78.83999633789062,79.45999908447266,388700.0,27.66453878884978,35.5433950410064,39.63332380371615,36.08117332299204,34.6405907092582,3.09,92.0,-0.68,9.19,95.74647684038808
QTWO,2019-12-11,79.41999816894531,79.88999938964844,76.58000183105469,77.83000183105469,380400.0,28.50457872167174,35.597493925747806,39.7648285120436,36.10894304467768,34.71247039392383,3.01,98.0,-0.69,9.09,93.78238804008029
QTWO,2019-12-12,77.83000183105469,79.04000091552734,77.18000030517578,77.80000305175781,377800.0,28.25415821096586,35.596116623828685,39.69432051743016,36.086429405314846,34.706317287832434,2.92,93.0,-0.69,9.14,93.74624057644725
QTWO,2019-12-13,77.62999725341797,78.63999938964844,77.33999633789062,78.61000061035156,283600.0,27.803277524851023,35.65801408811815,39.70673784527989,36.10469675906725,34.715658416525834,2.81,93.0,-0.69,9.12,94.72225886713738
QTWO,2019-12-16,78.9800033569336,79.77999877929688,78.27999877929688,78.44000244140625,324600.0,26.95350263666734,35.62443546609482,39.67013770008557,36.09972268890923,34.68200926628035,2.68,89.0,-0.69,9.14,94.51741711111714
QTWO,2019-12-17,78.41999816894531,80.47000122070312,77.94999694824219,78.94999694824219,384500.0,25.540051263162955,35.62840190411355,39.604848147078606,36.08663911437226,34.60505063249707,2.55,87.0,-0.69,9.24,95.13194237917789
QTWO,2019-12-18,79.4000015258789,80.63999938964844,79.0199966430664,79.55999755859375,356000.0,25.370410761114886,35.618142990323435,39.62393123141669,35.850766969343006,34.5585532708505,2.4,87.0,-0.69,9.2,95.86697145021473
QTWO,2019-12-19,79.55000305175781,79.55000305175781,78.69999694824219,79.44000244140625,274100.0,24.77285597910103,35.4433540987436,39.61886903734836,35.69213693448624,34.55950842261503,2.23,86.0,-0.69,9.22,95.72238159568252
QTWO,2019-12-20,79.79000091552734,82.19999694824219,79.41000366210938,82.01000213623047,477200.0,25.964751619858028,36.04835178448895,39.922460063307696,35.87186693249827,34.574535753374526,2.04,99.0,-0.7,8.79,98.8191399532896
QTWO,2019-12-23,82.05999755859375,83.06999969482422,81.26000213623047,82.62999725341797,427400.0,22.932385906130943,35.45111084451097,39.57496395812594,35.87767572553596,34.295927028203074,1.85,80.0,-0.7,9.08,99.56621205010451
QTWO,2019-12-24,82.69000244140625,82.83000183105469,81.8499984741211,82.51000213623047,110500.0,21.68472264278965,35.45391992084492,39.563785022716445,35.87230090037108,34.26501774494632,1.63,78.0,-0.7,9.08,99.4216221955723
QTWO,2019-12-26,82.58000183105469,83.4800033569336,82.33999633789062,82.69000244140625,250600.0,21.5707566946282,33.99700237198291,39.02274288078244,35.82557235786821,33.87983547246048,1.4,60.0,-0.67,9.58,99.63851617052005
QTWO,2019-12-27,83.0,83.25,81.54000091552734,82.44000244140625,144800.0,21.014850324243486,32.39376241527122,38.99480891315475,35.82880405687805,33.86971748254614,1.12,59.0,-0.65,9.65,99.3372750493787
QTWO,2019-12-30,82.44999694824219,82.44999694824219,80.55999755859375,81.02999877929688,292700.0,20.56764512225358,32.3227206665191,39.10219439955031,35.885495392188425,33.92410953976384,0.73,60.0,-0.62,9.56,97.63827071342976
QTWO,2019-12-31,80.66000366210938,81.43000030517578,79.63999938964844,81.08000183105469,770800.0,20.315788552784,32.051807463447176,31.982644404979165,35.86248781131856,33.83786036879868,0.99,1.0,-0.59,0.94,97.69852261491782
QTWO,2020-01-02,81.80999755859375,83.2699966430664,81.58000183105469,82.81999969482422,224100.0,21.02483205979066,32.28418950123827,32.10717002154644,35.943476322514954,33.68919935959262,1.19,2.0,-0.56,0.9,99.79515824397976
QTWO,2020-01-03,81.62000274658203,84.68000030517578,81.62000274658203,84.04000091552734,230800.0,19.66821118192524,31.92144993648323,32.159262125442226,35.96237168028308,33.68462041330484,1.36,3.0,-0.54,0.89,101.26521638605344
QTWO,2020-01-06,83.05999755859375,85.43000030517578,82.6500015258789,85.25,254200.0,18.87957542362303,31.65950444073588,31.600550137887573,35.985041591275305,33.553019922146824,1.53,1.0,-0.51,0.99,102.72322230919964
QTWO,2020-01-07,85.19000244140625,85.87000274658203,83.0999984741211,83.30000305175781,348100.0,20.119400474978946,32.064450614537016,31.6849719254359,36.02397512204552,33.36760486670035,1.68,2.0,-0.47,0.95,100.37354524155691
QTWO,2020-01-08,83.54000091552734,84.72000122070312,83.54000091552734,84.13999938964844,249600.0,20.25202996181641,31.87373868785291,31.371384309060566,35.86045004033526,33.30458162157333,1.82,1.0,-0.44,1.04,101.38571099588009
QTWO,2020-01-09,84.68000030517578,85.23999786376953,83.80000305175781,84.02999877929688,215200.0,19.46983352519169,31.82320644231449,31.212899885723388,35.819556059376374,33.24661106805267,1.96,1.0,-0.43,1.1,101.25316416712593
QTWO,2020-01-10,84.02999877929688,84.75,82.73999786376953,83.1500015258789,427700.0,19.520831769315457,31.905954677773984,31.216077191426034,35.83048646157442,33.263881109645425,2.09,2.0,-0.41,1.09,100.1927987302422
QTWO,2020-01-13,83.62000274658203,85.41000366210938,82.70999908447266,84.81999969482422,239400.0,20.38662679703186,31.61425331654021,31.34709046852112,35.896308076286246,33.26170147480416,2.2,3.0,-0.39,1.07,102.20508721311052
QTWO,2020-01-14,84.95999908447266,85.12000274658203,82.66999816894531,83.94000244140625,253800.0,20.544144270583978,31.678612343767934,31.380807045221605,35.89515528898,33.24363889752019,2.31,5.0,-0.37,1.04,101.1447217762268
QTWO,2020-01-15,84.04000091552734,86.30000305175781,84.04000091552734,85.51000213623047,367300.0,20.969044536107432,30.40874949837568,31.467235677861648,35.95774645522572,33.23752448536156,2.41,6.0,-0.4,1.01,103.03651564926848
QTWO,2020-01-16,86.0199966430664,87.05999755859375,85.9000015258789,86.72000122070312,219600.0,21.09648396421284,30.11325090154135,31.29360592105715,35.86735343717453,33.20995479543397,2.5,3.0,-0.4,1.11,104.49452157241468
QTWO,2020-01-17,87.48999786376953,88.12000274658203,86.4800033569336,87.69999694824219,269700.0,21.123273779468263,26.082136507200087,31.33564714000694,35.882411813905016,33.19598526961635,2.59,4.0,-0.42,1.1,105.67538161912506
QTWO,2020-01-21,87.6500015258789,88.55999755859375,86.70999908447266,87.19999694824219,186700.0,21.01396498990002,25.89834521154645,31.2757083605042,35.856806443391484,33.12865226211368,2.68,3.0,-0.42,1.13,105.07289937684237
QTWO,2020-01-22,87.94999694824219,89.12000274658203,87.94999694824219,88.37000274658203,192900.0,21.25371537364017,24.155864880579387,31.34871319010878,35.83556434987502,32.97168043333021,2.76,7.0,-0.42,1.11,106.48271481057745
QTWO,2020-01-23,88.05999755859375,88.63999938964844,87.41000366210938,88.16000366210938,477700.0,21.011786137210024,24.091116782729685,31.29131237356112,35.78750025458689,32.88292004918761,2.83,4.0,-0.43,1.12,106.22967337199665
QTWO,2020-01-24,88.6500015258789,89.62999725341797,86.33999633789062,87.1500015258789,267700.0,20.59895163231187,24.188724825295637,31.34247740715303,35.299302128087675,32.90986075777663,2.91,7.0,-0.45,1.08,105.01265666850377
QTWO,2020-01-27,85.1500015258789,87.5,85.0199966430664,86.7300033569336,470700.0,19.48783209956816,24.216422060931965,31.188643477125765,35.201863008109,32.823736996208424,2.98,1.0,-0.45,1.17,104.50657379134216
QTWO,2020-01-28,87.55999755859375,88.13999938964844,87.04000091552734,87.93000030517578,342500.0,19.665493848300542,24.177063048267733,31.260832112418196,35.15858891338638,32.838263193996795,3.05,4.0,-0.46,1.15,105.95252749556086
QTWO,2020-01-29,88.33000183105469,88.87000274658203,87.0,87.5,167800.0,19.73939537080477,23.90786087516794,31.24577223330181,34.92828753183858,32.84311324096301,3.12,4.0,-0.46,1.16,105.43439239947176
QTWO,2020-01-30,87.05000305175781,89.91999816894531,86.4800033569336,89.83000183105469,271400.0,20.71841715080813,23.84191109890443,31.517636273092904,34.98640514823286,32.91230907935493,3.17,16.0,-0.44,1.08,108.24196185486498
QTWO,2020-01-31,89.5199966430664,89.73999786376953,85.16000366210938,87.19000244140625,356300.0,22.970067636376363,24.112714798920774,31.35966270007658,35.155015101843226,32.94749221943546,3.23,13.0,-0.45,1.11,105.06085635106433
QTWO,2020-02-03,87.58000183105469,87.9000015258789,86.26000213623047,86.8499984741211,474800.0,23.023604979017268,24.05559067744013,30.87840521660827,35.116005732528336,32.92855274822372,3.3,1.0,-0.49,1.3,104.65116364587436
QTWO,2020-02-04,87.94000244140625,89.87000274658203,87.01000213623047,89.06999969482422,383600.0,23.86605658569636,24.135880121665966,30.99337952384894,35.157544167850595,32.94843524016713,3.35,2.0,-0.52,1.3,107.32618627251344
QTWO,2020-02-05,90.0,90.0,84.25,85.4000015258789,590400.0,25.855608503573325,25.94257079399556,31.64667435523996,35.50152355106573,33.225730917510724,3.4,21.0,-0.54,1.11,102.90396882051434
QTWO,2020-02-06,85.61000061035156,86.22000122070312,84.45999908447266,85.91000366210938,194000.0,25.82686437534,24.355294357872054,31.502192624963914,35.47672451309729,33.22804991804306,3.44,19.0,-0.57,1.21,103.51850328172452
QTWO,2020-02-07,85.7699966430664,87.48999786376953,85.13999938964844,86.08000183105469,456500.0,25.81424765071299,23.69610939292575,31.49264193358225,35.327073898652,33.22412957847947,3.49,19.0,-0.59,1.22,103.72334503774476
QTWO,2020-02-10,85.7300033569336,88.06999969482422,85.7300033569336,88.02999877929688,184000.0,26.52205975635945,24.00359403044328,31.56591726595113,35.27279326643452,33.28743201688335,3.52,22.0,-0.62,1.19,106.07302210538751
QTWO,2020-02-11,88.75,88.9800033569336,85.9000015258789,86.22000122070312,236000.0,27.30660848709358,24.18434052299298,31.751689681608493,35.305224846964364,33.34835450558013,3.56,26.0,-0.65,1.08,103.89203933013198
QTWO,2020-02-12,86.62000274658203,88.0999984741211,84.58000183105469,87.20999908447266,290500.0,26.856843200303626,23.729417415037304,31.786645556532616,35.327014454399595,33.24340184938001,3.59,27.0,-0.67,1.09,105.08495159576987
QTWO,2020-02-13,86.5999984741211,87.9800033569336,86.5999984741211,87.94000244140625,169900.0,26.904196649788737,23.671765513367102,31.777043410398903,35.33732234952025,33.224300076563786,3.63,27.0,-0.7,1.11,105.96457971448837
QTWO,2020-02-14,88.13999938964844,88.86000061035156,87.31999969482422,87.9800033569336,169500.0,26.328735119305502,23.622093671835177,31.76684176189157,35.33693821510164,33.14048961397267,3.66,27.0,-0.73,1.11,106.01277939704892
QTWO,2020-02-18,87.80000305175781,87.98999786376953,86.37999725341797,87.29000091552734,286000.0,26.19958565446414,22.96861504524213,31.757595098621383,35.31574756435489,33.15203002565498,3.69,27.0,-0.75,1.11,105.18135096089097
QTWO,2020-02-19,87.4000015258789,88.75,86.73999786376953,87.79000091552734,346100.0,25.945497653129035,22.496521298273016,31.6636564030556,34.568302259783124,33.052835730818515,3.72,25.0,-0.77,1.15,105.78383320317366
QTWO,2020-02-20,86.05000305175781,93.9000015258789,86.05000305175781,89.12000274658203,1539100.0,25.210571689621496,22.671240353837987,31.742935306419035,34.02614625328531,33.08142532124215,3.74,27.0,-0.8,1.12,107.38643817400151
QTWO,2020-02-21,88.7300033569336,88.7300033569336,83.48999786376953,84.7699966430664,700300.0,29.282805583104853,24.964352367711832,32.343812606020286,34.312013612135,33.45115774111177,3.76,36.0,-0.8,1.13,102.14483531162249
QTWO,2020-02-24,81.5,83.76000213623047,80.70999908447266,83.23999786376953,484600.0,29.76682144955883,24.93848568098121,32.48320549440221,34.38673242031874,33.46011444486722,3.78,37.0,-0.79,1.04,100.30124112114135
QTWO,2020-02-25,83.69000244140625,84.04000091552734,78.63999938964844,79.79000091552734,730000.0,32.0540980885797,26.319352227004693,32.29778196364518,34.64102503533482,33.737171029318525,3.8,36.0,-0.75,1.03,96.14411732665053
QTWO,2020-02-26,79.79000091552734,81.9000015258789,77.76000213623047,77.95999908447266,620800.0,32.00330963225036,26.695203766054192,31.57169436917323,34.39303416531355,33.79827191812421,3.82,23.0,-0.68,1.09,93.93903011353999
QTWO,2020-02-27,75.97000122070312,77.80999755859375,74.27999877929688,75.86000061035156,681200.0,32.71823514302236,27.20480546466441,31.66694185954842,34.54349985538804,33.87473542911288,3.84,27.0,-0.65,1.0,91.40860653458256
QTWO,2020-02-28,72.86000061035156,76.16999816894531,72.6500015258789,75.37000274658203,704300.0,32.05954868001174,27.154012812683128,31.49843428843556,34.277615443542224,33.85815425160801,3.86,20.0,-0.65,1.05,90.81817651122736
QTWO,2020-03-02,76.25,77.95999908447266,73.66000366210938,77.94000244140625,618500.0,33.488756662668,28.049947554082337,31.92059701031638,34.49273632743823,33.88038816681366,3.87,36.0,-0.62,0.94,93.91493486883445
QTWO,2020-03-03,78.16999816894531,79.05999755859375,74.68000030517578,75.97000122070312,420200.0,33.775211073090865,28.477497944905604,31.93743722964668,34.52098254628182,33.8659366416424,3.89,37.0,-0.59,0.93,91.54115336333672
QTWO,2020-03-04,77.25,77.43000030517578,71.87999725341797,76.19999694824219,855400.0,33.84918299467112,28.4505708316225,31.68827367314397,34.44738934532555,33.843800851881966,3.9,30.0,-0.59,1.01,91.81829004662305
QTWO,2020-03-05,74.41000366210938,75.72000122070312,71.47000122070312,72.62000274658203,418700.0,35.67368795281678,30.030428299876625,32.5970525750712,34.91387227696368,34.14267455202811,3.9,45.0,-0.62,0.84,87.50452417867254
QTWO,2020-03-06,70.62000274658203,71.97000122070312,67.87999725341797,69.75,455200.0,36.96067197541871,31.01271045420459,33.03285915779728,35.12008464846195,34.37825862194309,3.9,46.0,-0.69,0.71,84.04627279843606
QTWO,2020-03-09,64.06999969482422,68.27999877929688,62.02999877929688,67.69999694824219,1381200.0,37.49758318409558,31.37470705174761,33.29547750596325,35.28918762016702,34.480673873088726,3.89,47.0,-0.74,0.6,81.57609192781723
QTWO,2020-03-10,69.69999694824219,70.05999755859375,65.18000030517578,69.23999786376953,1042200.0,38.54627502424184,31.56196632126881,33.497372604289254,35.39389031768355,34.53657478588956,3.89,48.0,-0.81,0.54,83.43173833722587
QTWO,2020-03-11,67.6500015258789,68.63999938964844,64.94000244140625,67.30000305175781,830700.0,38.46336557806763,32.02216077593676,33.536872622960395,35.377356998109576,34.64615704123549,3.89,49.0,-0.84,0.53,81.09411348851063
QTWO,2020-03-12,63.40999984741211,64.95999908447266,59.68000030517578,64.01000213623047,782300.0,40.2451347935762,33.362347881256525,34.417644707386714,35.818173625292445,34.946554888815136,3.88,50.0,-0.78,0.41,77.12977923111256
QTWO,2020-03-13,66.01000213623047,66.9800033569336,58.650001525878906,65.05000305175781,972100.0,39.54141313231458,33.60134689818583,33.863641238916124,35.87178145074474,34.983278077174376,3.86,50.0,-0.75,0.54,78.3829433982385
QTWO,2020-03-16,58.54999923706055,61.16999816894531,50.02999877929688,50.630001068115234,875300.0,79.93652164063127,60.78049264947,52.04643868726293,46.38225644766797,43.02075736264106,4.18,100.0,1.0,30.59,61.007353140586694
QTWO,2020-03-17,51.290000915527344,61.2400016784668,47.16999816894531,61.209999084472656,1278400.0,100.09478772026216,72.9479935657378,59.42399086953313,51.64955718702524,47.05438001746786,4.78,100.0,1.01,24.35,73.75587499706968
QTWO,2020-03-18,56.63999938964844,57.7400016784668,49.380001068115234,52.43000030517578,945400.0,107.64693959087236,79.1913293396861,64.23354817426389,54.74635677892826,49.51562195902765,5.55,100.0,1.6,18.92,63.176288293489456
QTWO,2020-03-19,52.220001220703125,57.93999862670898,49.459999084472656,56.459999084472656,750900.0,110.58033423955274,80.5350948291785,64.83099982207321,55.4785532546174,50.082055518300784,6.24,100.0,1.58,18.25,68.03229369538407
QTWO,2020-03-20,57.119998931884766,61.13999938964844,54.52999877929688,55.310001373291016,1126100.0,110.43587892970402,80.53610088397906,64.84177745400366,55.48183872660976,50.08888653497306,6.85,100.0,1.54,18.18,66.6465872960787
QTWO,2020-03-23,55.310001373291016,58.59999847412109,49.630001068115234,51.84999847412109,555000.0,111.24609111272947,81.39584441007226,65.53031696811954,55.95729769578155,50.38557028637432,7.43,100.0,1.6,17.23,62.47740668608566
QTWO,2020-03-24,53.84999847412109,59.90999984741211,53.84999847412109,56.59999847412109,594700.0,114.799953398791,83.69336469240064,67.07086945964159,56.958646398951394,51.158602822528366,8.02,100.0,1.39,15.76,68.20098798777127
QTWO,2020-03-25,56.68999862670898,60.0099983215332,55.06999969482422,57.790000915527344,702500.0,115.24117283388937,83.87573161938634,67.11086462294105,56.94006949257323,51.187886275369856,8.56,100.0,1.17,15.72,69.63489866621191
QTWO,2020-03-26,57.84999847412109,66.37999725341797,57.84999847412109,62.68000030517578,757100.0,118.28021839250044,85.71543175066195,68.36841393041499,57.76545241155567,51.81287943465593,9.1,100.0,1.01,14.65,75.52717426028472
QTWO,2020-03-27,61.09999847412109,62.08000183105469,58.220001220703125,58.90999984741211,363800.0,119.03597943022194,86.52036526881245,68.98126116732509,58.20991699959301,52.16469747659895,9.62,100.0,0.86,14.02,70.98445760188423
QTWO,2020-03-30,59.2400016784668,62.5099983215332,58.68000030517578,61.43999862670898,580300.0,120.06135513217248,86.89763815512876,69.2262522297464,58.39819699195657,52.33890996068983,10.11,100.0,0.75,13.87,74.03301627693075
QTWO,2020-03-31,61.04999923706055,61.91999816894531,58.290000915527344,59.060001373291016,713100.0,120.31739292845792,87.0840547428682,69.4441039082118,58.56759442871715,52.47940115491815,10.58,100.0,0.62,13.6,71.16520411319893
QTWO,2020-04-01,56.61000061035156,57.68000030517578,53.13999938964844,54.619998931884766,649500.0,121.63068523995184,88.22287993951016,70.47104784806733,59.26089323276188,53.03558184599093,11.05,100.0,0.53,12.67,65.81515885992076
QTWO,2020-04-02,53.650001525878906,56.86000061035156,51.68999862670898,55.95000076293945,392500.0,121.85745993012614,88.39376856375833,70.5817729193944,59.34089620981929,52.98660328524765,11.49,100.0,0.42,12.59,67.4177638307486
QTWO,2020-04-03,55.5,57.95000076293945,54.290000915527344,56.209999084472656,468900.0,121.54134816815014,88.3572156487694,70.15863228618737,59.34349091325437,52.92100233152968,11.9,98.0,0.27,12.9,67.73105257424272
QTWO,2020-04-06,58.97999954223633,61.84000015258789,58.04999923706055,61.59000015258789,476700.0,125.28198248543436,90.61403357973984,71.54647669166528,60.351104878189446,53.71100441438309,12.32,100.0,0.12,11.96,74.21376278824545
QTWO,2020-04-07,63.91999816894531,64.0999984741211,59.060001373291016,59.77000045776367,526500.0,125.05654804362538,90.75085673098364,71.6850251343652,60.442777060105655,53.79269500928944,12.72,100.0,-0.02,11.82,72.02072779406242
QTWO,2020-04-08,60.77999877929688,64.98999786376953,59.61000061035156,64.05999755859375,409100.0,127.04298485938892,91.899636660348,72.48760200441082,61.00086638287574,54.23810109157057,13.12,100.0,-0.14,11.28,77.19002193945116
QTWO,2020-04-09,65.0,68.19999694824219,63.959999084472656,66.33999633789062,381900.0,127.44028302571697,92.24866609048895,72.58350872429953,61.140591827995735,54.32626678554463,13.51,100.0,-0.23,11.21,79.93733949335635
QTWO,2020-04-13,65.68000030517578,65.68000030517578,62.63999938964844,62.95000076293945,922900.0,128.19756280120265,92.65685110678912,72.99605119105806,61.43194194886759,54.577551911140446,13.88,100.0,-0.35,10.85,75.85251522270634
QTWO,2020-04-14,65.04000091552734,68.68000030517578,65.04000091552734,68.02999877929688,435200.0,130.0025055737821,94.12201081365424,74.0845632378204,62.10578229092931,55.12579669249097,14.26,100.0,-0.42,10.21,81.97373241407968
QTWO,2020-04-15,66.01000213623047,67.77999877929688,65.5199966430664,66.13999938964844,512000.0,130.04089227847228,94.19521881930716,74.03263070987876,62.18900422131559,55.18468286805348,14.63,99.0,-0.51,10.2,79.69635027370305
QTWO,2020-04-16,66.52999877929688,67.5999984741211,65.01000213623047,66.47000122070312,283300.0,130.052103818509,94.21579280967784,73.9236967689846,62.190107226341496,55.18701171893826,14.97,98.0,-0.58,10.26,80.0939907599655
QTWO,2020-04-17,68.20999908447266,68.79000091552734,66.97000122070312,68.73999786376953,381000.0,129.82927958301926,94.4707744378808,74.1351666097799,62.31971000560831,55.28389456802779,15.3,100.0,-0.64,10.14,82.82925609494318
QTWO,2020-04-20,67.58000183105469,72.13999938964844,67.58000183105469,69.43000030517578,517900.0,129.3510471314207,94.51486828606204,74.15718063613281,62.21317387109539,55.28919259754891,15.62,100.0,-0.68,10.13,83.66068453110111
QTWO,2020-04-21,67.52999877929688,68.54000091552734,64.98999786376953,65.52999877929688,299600.0,130.16055047369264,95.14658393651692,74.60966747089336,62.57799196643281,55.55128474825658,15.93,100.0,-0.75,9.77,78.9613212026662
QTWO,2020-04-22,67.43000030517578,69.52999877929688,66.87000274658203,68.44000244140625,270900.0,130.63130434334136,95.65797870937864,74.94503096190448,62.62290287132564,55.63433492387277,16.24,100.0,-0.79,9.58,82.46777226546322
QTWO,2020-04-23,67.79000091552734,70.5199966430664,67.79000091552734,68.51000213623047,360700.0,130.3607368147655,95.59301610255282,74.94233384719377,62.607942151014825,55.61244250492082,16.53,99.0,-0.83,9.58,82.55211941165682
QTWO,2020-04-24,68.69999694824219,71.26000213623047,68.08999633789062,70.9000015258789,314600.0,129.80159116156483,95.91690773212508,75.16251784283305,62.74287497929618,55.71204372881684,16.81,100.0,-0.85,9.47,85.43198379431615
QTWO,2020-04-27,71.58999633789062,75.27999877929688,71.30000305175781,74.54000091552734,666200.0,130.46167248256225,96.35525289436312,75.59476926794203,60.74710671158229,55.93436108351644,17.09,100.0,-0.86,9.25,89.81805378268221
QTWO,2020-04-28,76.0199966430664,76.30000305175781,71.5999984741211,74.13999938964844,445100.0,105.818010712014,96.19582060573504,75.58730706128554,60.72997352115066,55.92391992562822,17.36,99.0,-0.86,9.26,89.33606615022617
QTWO,2020-04-29,79.0,83.08999633789062,76.37999725341797,81.19999694824219,904100.0,94.74807284703992,98.0910912425834,76.97990973740113,61.68410700253163,56.65991647707309,17.64,100.0,-0.86,8.6,97.84311246945
QTWO,2020-04-30,79.9000015258789,81.83999633789062,77.86000061035156,79.72000122070312,676500.0,81.52395912954209,97.99780579997272,77.02318999768464,61.53518160778122,56.6366977947097,17.91,100.0,-0.86,8.57,96.05977018045692
QTWO,2020-05-01,77.88999938964844,79.61000061035156,75.97000122070312,78.06999969482422,477900.0,80.07527286406953,97.7223482202871,77.0927726903114,61.54816025961887,56.67313604013135,18.17,100.0,-0.86,8.51,94.07157694229414
QTWO,2020-05-04,76.58000183105469,78.05999755859375,75.44999694824219,77.43000030517578,516600.0,79.73403484523426,97.71940189854224,77.09002412895009,61.45171424885195,56.66223595398697,18.42,99.0,-0.86,8.51,93.30040040762425
QTWO,2020-05-05,78.98999786376953,81.76000213623047,78.16000366210938,79.73999786376953,331800.0,76.55853132602755,97.92521349092615,77.18673810694166,61.51183700922088,56.71640024499762,18.65,100.0,-0.86,8.49,96.08386542516247
QTWO,2020-05-06,80.1500015258789,83.66000366210938,79.80999755859375,82.0199966430664,558500.0,73.48911518098004,97.99218633340394,77.24241855979899,61.59729254464754,56.76393369377396,18.88,100.0,-0.86,8.5,98.83118297906765
QTWO,2020-05-07,83.55000305175781,86.3499984741211,79.05999755859375,84.43000030517578,528300.0,73.60838729273354,98.09740377522446,77.37397957314687,61.68354566882669,56.60733592499923,19.1,100.0,-0.87,8.44,101.73515179958198
QTWO,2020-05-08,86.13999938964844,86.13999938964844,81.70999908447266,82.80000305175781,750200.0,71.20193555206643,98.1435798475762,77.42539560695867,61.7238411296443,56.59496502226308,19.31,100.0,-0.87,8.39,99.77106299927419
QTWO,2020-05-11,81.16999816894531,82.9000015258789,80.62000274658203,81.44000244140625,470400.0,68.40950460071879,98.1765192646322,77.47181549294253,61.73534948050293,56.58557696575696,19.52,100.0,-0.87,8.35,98.13231056481331
QTWO,2020-05-12,78.63999938964844,81.41999816894531,78.04000091552734,78.72000122070312,687500.0,68.93738210574604,98.40375465521434,77.6565638099117,61.78962950576465,56.58995345328754,19.71,100.0,-0.87,8.22,94.85480569589153
QTWO,2020-05-13,76.22000122070312,79.1500015258789,75.66999816894531,78.16000366210938,2388800.0,67.61401790078475,98.4019506980859,77.6547056067129,61.790356030478286,56.56220973318293,19.9,99.0,-0.87,8.21,94.18002852634274
QTWO,2020-05-14,77.16000366210938,82.62999725341797,75.66999816894531,82.19000244140625,1752100.0,63.27940790123835,98.9702296908548,78.06612966994237,62.0655527970419,56.77026540916582,20.08,100.0,-0.87,8.02,99.03603392823736
QTWO,2020-05-15,81.81999969482422,82.25,79.66000366210938,80.08000183105469,672200.0,64.21854607329624,99.04185367432024,78.01207696893651,62.13907690583335,56.81120020924417,20.25,99.0,-0.87,8.01,96.49355813035243
QTWO,2020-05-18,82.26000213623047,84.62000274658203,81.5999984741211,83.13999938964844,1032600.0,64.5984325455608,98.8446619991754,78.23279364684905,62.284870246289145,56.90104276731487,20.42,100.0,-0.87,7.91,100.1807465113147
QTWO,2020-05-19,83.0999984741211,84.0,79.83000183105469,79.94999694824219,406600.0,61.85953789067399,99.09888494113484,78.47953245887916,62.4526650324895,57.02859853556775,20.58,100.0,-0.87,7.75,96.33690686374328
QTWO,2020-05-20,81.19000244140625,81.25,78.44999694824219,79.83000183105469,683200.0,60.85389361290997,98.71834313963669,78.47872989134035,62.40939241908045,57.01450974865985,20.73,99.0,-0.87,7.75,96.19231700921108
QTWO,2020-05-21,79.9800033569336,81.30999755859375,78.98999786376953,80.16000366210938,448000.0,58.173381894598585,98.60270364918766,78.48073657868575,62.40978522955795,56.94672867545283,20.87,100.0,-0.87,7.75,96.58995749547353
QTWO,2020-05-22,81.05000305175781,82.79000091552734,80.56999969482422,81.83999633789062,351200.0,57.73335400833185,98.51636157755404,78.50335175261881,62.4544026833445,56.9212786940486,21.01,100.0,-0.87,7.77,98.61428900411991
QTWO,2020-05-26,84.02999877929688,84.19999694824219,81.63999938964844,82.68000030517578,516300.0,54.91384793222031,98.51970511164949,78.51973561104498,62.46574974460851,56.90071815800521,21.07,100.0,-0.87,7.76,99.62646395159254
QTWO,2020-05-27,83.68000030517578,83.9800033569336,81.55000305175781,83.55000305175781,580800.0,50.937798368981845,98.3130399954876,78.46489241615883,62.33603548394786,56.90929352007722,21.13,95.0,-0.87,7.79,100.67478636269824
QTWO,2020-05-28,83.87000274658203,85.37999725341797,82.3499984741211,82.76000213623047,451900.0,50.10268745549409,98.18114764750368,78.44458696648246,62.21469012749736,56.91790433763422,21.18,94.0,-0.87,7.78,99.72286331671366
QTWO,2020-05-29,82.51000213623047,83.55999755859375,81.29000091552734,82.62000274658203,393200.0,50.16880612073321,98.18263003631654,78.41067827812334,62.18212198274738,56.91795375341157,21.21,93.0,-0.86,7.79,99.55416902432646
QTWO,2020-06-01,82.11000061035156,84.98999786376953,82.01000213623047,84.16999816894531,338400.0,49.67072677272117,97.69764157955396,78.38125609157389,62.1927387605167,56.931681279416814,21.23,92.0,-0.86,7.83,101.42185845951315
QTWO,2020-06-02,84.4800033569336,84.69999694824219,82.3499984741211,84.30999755859375,262200.0,49.68218310545817,97.29040324169064,78.36552508675312,62.15071036829018,56.60704187552369,21.24,91.0,-0.87,7.83,101.59055275190035
QTWO,2020-06-03,85.0,85.45999908447266,83.68000030517578,85.05000305175781,256300.0,45.791329893550525,97.05258983977453,78.3774193457391,62.15632473315097,56.35607374671127,21.24,91.0,-0.87,7.84,102.48223308954634
QTWO,2020-06-04,83.97000122070312,84.72000122070312,81.6500015258789,82.48999786376953,359700.0,45.93351685844273,97.22510874125533,78.51111724410697,62.22921098408089,56.33635198902408,21.22,99.0,-0.87,7.75,99.3975177577173
QTWO,2020-06-05,82.58000183105469,85.16000366210938,81.37999725341797,84.0999984741211,411300.0,46.05964413666478,97.06008270489274,78.50757013035886,62.270744564575054,56.36712619922256,21.2,98.0,-0.86,7.75,101.33751131331954
QTWO,2020-06-08,84.45999908447266,84.63999938964844,82.33000183105469,84.27999877929688,332500.0,45.33106162242564,96.41075495403295,78.49076815345451,62.2685615850758,56.31254287568847,21.17,96.0,-0.87,7.77,101.55440528826729
QTWO,2020-06-09,83.77999877929688,84.68000030517578,82.19999694824219,83.69999694824219,341900.0,43.46139054102978,96.40858857597478,78.44208757426301,62.26649791487626,56.15886779550634,21.12,90.0,-0.86,7.78,100.8555236808635
QTWO,2020-06-10,83.87000274658203,84.33000183105469,81.38999938964844,81.69000244140625,452400.0,44.15189152807779,80.74403065168238,78.5008461068948,62.33033127651989,56.21123802941644,21.07,96.0,-0.85,7.72,98.43355168595465
QTWO,2020-06-11,79.23999786376953,80.1500015258789,78.19999694824219,78.8499984741211,604800.0,36.93199763754308,71.77904561736158,78.67062607949022,62.46225848305613,56.20660762223979,21.0,100.0,-0.84,7.6,95.01144776935124
QTWO,2020-06-12,81.16000366210938,81.5,76.19999694824219,78.45999908447266,412100.0,36.58509395931503,63.71288802268784,78.66957519136491,62.432221589774805,56.203716365256525,20.93,99.0,-0.83,7.6,94.54151235582269
QTWO,2020-06-15,76.52999877929688,79.51000213623047,76.52999877929688,78.43000030517578,742100.0,36.07138974774583,62.16016496374584,78.63586277992165,62.43119198490852,56.15674793804229,20.84,98.0,-0.81,7.61,94.50536489218963
QTWO,2020-06-16,81.0999984741211,81.58000183105469,78.19999694824219,80.18000030517578,524200.0,36.525433573509694,62.01086629854806,78.72219266445418,62.3716646933141,56.167103303103936,20.74,100.0,-0.8,7.58,96.61405274017906
QTWO,2020-06-17,80.87999725341797,81.12000274658203,79.26000213623047,79.69000244140625,274100.0,35.57815061709994,60.29404391819902,78.70840856711247,62.37600642163555,56.17038162055091,20.63,99.0,-0.78,7.59,96.02362271682388
QTWO,2020-06-18,79.3499984741211,81.36000061035156,78.12999725341797,81.30999755859375,903400.0,35.09583525733228,57.98776021352329,78.77631137315502,62.16280470599328,56.15832459308336,20.51,100.0,-0.77,7.57,97.97565929820416
QTWO,2020-06-19,81.95999908447266,82.79000091552734,79.87999725341797,80.54000091552734,665700.0,34.06585075739969,57.99086652704063,78.75470634594348,61.90457485760375,56.16622295494983,20.38,99.0,-0.76,7.57,97.04784069007457
QTWO,2020-06-22,80.18000030517578,84.0,79.86000061035156,83.66000366210938,388400.0,35.48405503206108,56.23105719405641,78.99310760989502,62.00185209582537,56.29194397293784,20.23,100.0,-0.75,7.47,100.80733319145239
QTWO,2020-06-23,84.63999938964844,84.98999786376953,82.08000183105469,82.11000061035156,302000.0,35.57793402489368,54.71170041525617,78.92838834091187,61.99374718879588,56.24289354721928,20.08,99.0,-0.74,7.48,98.93963456311626
QTWO,2020-06-24,81.91000366210938,84.38999938964844,81.5,83.88999938964844,559400.0,34.55374745764808,54.28563235726441,78.86967547826309,62.03709810732144,56.26063673195553,19.91,98.0,-0.73,7.54,101.08446987473873
QTWO,2020-06-25,83.80000305175781,86.98999786376953,83.75,86.70999908447266,617900.0,35.56722793645102,53.7682754289158,79.04581574568627,62.08180329962497,56.35448293861941,19.73,100.0,-0.73,7.47,104.48246935348718
QTWO,2020-06-26,86.44000244140625,87.2699966430664,83.75,84.20999908447266,941200.0,33.90082844412458,51.36402182436153,79.07597834486118,62.11549985829916,56.385258259950646,19.53,100.0,-0.72,7.42,101.47005814207368
QTWO,2020-06-29,84.70999908447266,85.55000305175781,81.98999786376953,84.91999816894531,544100.0,32.990123257171206,51.244811327505246,78.80693195505947,62.12122366429171,56.39091780385351,19.32,95.0,-0.72,7.59,102.32558182293718
QTWO,2020-06-30,84.62000274658203,86.16999816894531,83.94000244140625,85.79000091552734,739500.0,31.34171150882675,51.24672885513094,78.81803267843645,62.08700247595144,56.39700804276783,19.1,95.0,-0.72,7.59,103.37390423404287
QTWO,2020-07-01,85.45999908447266,88.55999755859375,85.45999908447266,87.63999938964844,322000.0,29.44935093039373,48.24419349179819,78.89035237067026,62.12463696673699,56.43434899394211,18.87,96.0,-0.72,7.56,105.60308669185896
QTWO,2020-07-02,88.73999786376953,89.0,86.62999725341797,87.81999969482422,278200.0,29.419496941218306,47.66998062762154,78.8105502426133,62.12296298772976,56.4125686484375,18.62,93.0,-0.72,7.59,105.81998066680671
QTWO,2020-07-06,89.75,91.1999969482422,88.68000030517578,90.05000305175781,680900.0,30.096837859523333,46.00986531649265,78.83934621573484,62.105844694909415,56.44705294542083,18.36,94.0,-0.73,7.61,108.5070555123733
QTWO,2020-07-07,89.31999969482422,91.93000030517578,88.36000061035156,88.7300033569336,437300.0,30.12747796603249,45.78575741988716,78.85607307173268,62.128984890621616,56.467828076708095,18.08,94.0,-0.73,7.58,106.91650276047295
QTWO,2020-07-08,89.01000213623047,91.62000274658205,88.68000030517578,91.54000091552734,418900.0,31.17661767934333,44.505505077196936,78.99950166159243,62.00397570262329,56.50261840145259,17.79,98.0,-0.72,7.52,110.30245002029389
QTWO,2020-07-09,92.0,93.9800033569336,89.95999908447266,93.66000366210938,683900.0,31.62648068104181,42.10595739623024,79.08016491060842,62.00330101917019,56.53941801316576,17.48,100.0,-0.71,7.5,112.8569780371063
QTWO,2020-07-10,93.37999725341795,94.0500030517578,91.16000366210938,91.4000015258789,575400.0,32.4571461989864,41.98537172298408,79.16905018947122,61.50864474249416,56.59477163851907,17.16,100.0,-0.71,7.44,110.13375572790667
QTWO,2020-07-13,92.0,92.0,86.47000122070312,86.5999984741211,425700.0,36.44514305401101,43.71127304245674,79.63338351712424,61.83537980500225,56.83170961587176,16.81,100.0,-0.71,7.17,104.34992252473303
QTWO,2020-07-14,86.0,87.66000366210938,83.5199966430664,87.55999755859375,507100.0,36.20338885028585,43.31092185147529,79.61647164795615,61.57104569128129,56.83744376626758,16.44,99.0,-0.7,7.18,105.50668732673788
QTWO,2020-07-15,88.5199966430664,89.73999786376953,87.55999755859375,89.2300033569336,403500.0,36.56038078572328,43.40157278453096,79.26875169651963,61.58580118647957,56.86775677854856,16.06,98.0,-0.71,7.39,107.51898500275566
QTWO,2020-07-16,88.83000183105469,89.08000183105469,86.69000244140625,88.12000274658203,325500.0,36.73305050863622,41.593289303750765,79.23965168796106,61.58719190441343,56.88237763457958,15.67,97.0,-0.72,7.41,106.18147368943612
QTWO,2020-07-17,88.81999969482422,90.8499984741211,88.19999694824219,90.18000030517578,562200.0,35.988658985428515,40.993398819339504,79.01846049973027,61.634424568966296,56.92743653733016,15.24,92.0,-0.74,7.57,108.66369758583299
QTWO,2020-07-20,90.06999969482422,94.43000030517578,90.06999969482422,93.79000091552734,463400.0,37.21766160700295,41.59522068637367,79.14887505957267,61.77484845692985,57.0452807511813,14.76,95.0,-0.76,7.55,113.01362011056601
QTWO,2020-07-21,95.0,95.0,92.45999908447266,93.18000030517578,331900.0,37.332459081503885,41.21678663577274,79.02267226323013,61.74756743215401,57.04915406284832,14.26,91.0,-0.77,7.63,112.27859103952918
QTWO,2020-07-22,93.0500030517578,94.70999908447266,92.66000366210938,94.3499984741211,419500.0,37.292594068622,40.15012083047749,79.02784913915758,61.70640272619471,57.03973458420878,13.72,91.0,-0.78,7.64,113.6883972801148
QTWO,2020-07-23,93.9000015258789,96.66999816894533,93.22000122070312,93.87999725341795,399900.0,36.42912502678514,40.14636856744163,78.87613964151093,61.63005753456161,57.037428000598425,13.15,84.0,-0.8,7.69,113.12206250146515
QTWO,2020-07-24,92.81999969482422,93.38999938964844,91.12000274658205,92.37000274658205,397900.0,34.994571332852175,36.01969342083102,78.80700263066251,61.6460275482978,57.05055402427243,12.53,78.0,-0.82,7.74,111.30257274883904
QTWO,2020-07-27,92.73999786376952,94.76000213623048,92.26000213623048,94.4499969482422,256600.0,35.191836384520705,35.99315492205308,78.8728343925944,61.66323321659035,57.07199547189303,11.86,83.0,-0.83,7.72,113.80889188994148
QTWO,2020-07-28,94.05999755859376,95.06999969482422,92.83999633789062,94.12999725341795,494500.0,35.25142529774646,35.677276464653794,78.46576076659558,61.66381200593168,57.07341123668507,11.15,59.0,-0.84,7.97,113.42330362260648
QTWO,2020-07-29,94.66999816894533,96.0999984741211,94.1500015258789,95.11000061035156,578800.0,34.95210052153623,35.6280640805054,78.17206093509478,61.44150050233617,57.08064725384332,10.4,50.0,-0.83,8.17,114.60417286246636
QTWO,2020-07-30,93.5500030517578,94.5500030517578,91.29000091552734,93.4000015258789,377500.0,35.47467166766112,35.479826014935746,78.06867136156791,61.39201786759353,57.10550603146387,9.57,49.0,-0.8,8.23,112.54368469703746
QTWO,2020-07-31,93.66999816894533,94.08000183105467,90.7699966430664,94.0500030517578,456000.0,35.20033665850384,35.09116214629185,78.00994179073373,61.39236557319933,57.00766966234547,8.66,46.0,-0.79,8.26,113.32691345063483
QTWO,2020-08-03,94.63999938964844,98.3499984741211,93.66999816894533,98.18000030517578,675800.0,36.59843771149242,35.659271020253186,78.09979615735541,61.54629702391856,57.15986153552506,7.61,49.0,-0.75,8.27,118.3034134623561
QTWO,2020-08-04,98.18000030517578,99.70999908447266,96.8499984741211,97.41000366210938,474700.0,35.57878337217837,35.431718185719234,77.6442856175384,61.4836029583113,57.01901489966943,6.41,42.0,-0.7,8.56,117.37559485422653
QTWO,2020-08-05,98.43000030517578,100.33999633789062,97.55999755859376,99.47000122070312,495200.0,35.1288066779979,35.39383129278597,77.66683179958908,61.51417534749816,57.0446382350231,4.85,44.0,-0.65,8.55,119.85781875062341
QTWO,2020-08-06,102.80999755859376,106.44000244140624,101.83000183105467,102.54000091552734,758600.0,35.5552750440529,34.95176158378288,66.15203252208144,61.6045570435796,57.1195751479932,4.33,6.0,-0.61,4.54,123.55705935051317
QTWO,2020-08-07,102.8499984741211,103.4800033569336,97.37999725341795,99.8000030517578,515400.0,35.94999430178143,35.46836846942507,59.53195066600752,61.60301941904175,55.43642016890556,4.32,1.0,-0.54,2.62,120.25545923688583
QTWO,2020-08-10,91.0999984741211,96.02999877929688,91.0999984741211,93.0,961300.0,40.981392064067904,37.34170340680734,55.11642109882299,62.12385841827339,55.8786523318364,4.66,1.0,-0.52,0.28,112.06169706458142
QTWO,2020-08-11,91.48999786376952,94.4499969482422,90.36000061035156,93.5199966430664,587600.0,40.95912102550464,36.88596531719054,54.016727493965575,62.12532885315767,55.871561245099855,5.03,1.0,-0.45,0.4,112.68827455156966
QTWO,2020-08-12,94.70999908447266,96.16000366210938,94.16000366210938,95.4000015258789,301900.0,41.19884998195591,36.346912454461936,53.91005107538207,62.16317738850736,55.765711802635366,5.38,1.0,-0.4,0.42,114.95361366616825
QTWO,2020-08-13,95.54000091552734,99.0,94.86000061035156,97.8000030517578,227900.0,41.342948568792245,35.589940962729194,52.81028501154312,62.1895585144971,55.78994017415928,5.76,1.0,-0.43,0.49,117.84553026775507
QTWO,2020-08-14,97.62000274658205,97.98999786376952,95.7300033569336,96.45999908447266,353600.0,41.65039997863454,35.750481077705125,51.26745509366329,62.20639961753539,55.73289020808407,6.19,1.0,-0.38,0.53,116.23087307799973
QTWO,2020-08-17,96.91999816894533,99.38999938964844,96.38999938964844,98.13999938964844,281900.0,41.35324720299373,35.86698517714338,51.243327821541385,62.23666910129805,55.72766608717591,6.6,1.0,-0.33,0.54,118.25521377979558
QTWO,2020-08-18,98.6500015258789,98.73999786376952,97.12000274658205,98.37999725341795,203100.0,41.01494411460743,35.68409282455679,49.77698113163317,62.232017326603774,55.71839933588591,7.04,1.0,-0.26,0.62,118.5444026820094
QTWO,2020-08-19,99.1500015258789,99.52999877929688,97.33999633789062,97.62999725341795,273600.0,40.27035862155664,35.71913270862156,48.66270858313749,62.22409917434146,55.71239530408641,7.5,1.0,-0.19,0.73,117.64067931858536
QTWO,2020-08-20,96.73999786376952,99.70999908447266,96.66000366210938,98.41000366210938,275500.0,39.83191475934477,35.699729159028614,48.302524759970765,62.21853528801403,55.71717090297281,7.94,1.0,-0.12,0.83,118.58055933879193
QTWO,2020-08-21,98.0500030517578,98.56999969482422,97.25,97.62999725341795,416500.0,39.17569375769548,35.678551538931856,47.82464066596511,62.22073641886894,55.71127119984504,8.36,1.0,-0.05,0.93,117.64067931858536
QTWO,2020-08-24,99.12000274658205,99.12000274658205,95.45999908447266,96.04000091552734,261900.0,35.8729614937876,35.88401693464579,46.06316974876552,62.24462060926245,55.67506200962004,8.82,1.0,-0.13,0.85,115.72479020083814
QTWO,2020-08-25,95.70999908447266,96.5500030517578,95.12000274658205,95.62999725341795,370500.0,35.86631380163524,35.75215350953415,45.9944060151584,62.24763759911035,55.67478619491719,9.26,1.0,-0.21,0.88,115.23075034945458
QTWO,2020-08-26,95.87000274658205,98.1999969482422,95.87000274658205,97.33000183105467,382500.0,35.8189963603706,35.892597250797195,46.0353713904418,62.2672907611561,55.6845234870658,9.66,2.0,-0.38,0.87,117.27919548910542
QTWO,2020-08-27,98.1500015258789,98.4000015258789,96.16000366210938,97.9000015258789,442600.0,35.526480564959975,35.87561732348187,43.926144573834605,62.23191089255533,55.6871884875932,10.11,1.0,-0.39,0.73,117.96602487758172
QTWO,2020-08-28,98.7699966430664,99.4000015258789,96.69000244140624,97.5199966430664,369100.0,35.091208434478084,35.24146502496069,43.5965108320824,62.1804137922552,55.67663758546541,10.54,1.0,-0.5,0.81,117.50813248983123
QTWO,2020-08-31,97.4800033569336,98.62000274658205,97.12000274658205,97.29000091552734,382700.0,33.34443605553204,35.08667336894475,42.36804695723944,62.18158613346129,55.677265392154816,10.98,1.0,-0.51,0.93,117.23099580654488
QTWO,2020-09-01,97.47000122070312,101.20999908447266,97.12000274658205,99.94000244140624,473300.0,34.067411182211266,35.44234287205648,42.23751286352514,62.24634763308126,55.70209763617117,11.4,1.0,-0.49,0.97,120.42415352927304
QTWO,2020-09-02,101.1999969482422,101.73999786376952,98.3000030517578,99.62999725341795,618800.0,33.96346261003993,35.40625712750972,41.271149851124655,62.24719264379909,55.70230683029684,11.82,1.0,-0.59,1.11,120.05060828771614
QTWO,2020-09-03,98.66000366210938,98.66000366210938,93.51000213623048,94.5199966430664,608100.0,37.42593625720929,36.78630895966506,40.579402985130976,62.57066437494887,55.94915656315046,12.24,1.0,-0.56,0.95,113.89323903613506
QTWO,2020-09-04,95.06999969482422,95.2300033569336,89.05999755859375,92.75,340000.0,37.53652294626392,36.21328402821709,40.42280724230563,62.60973188857136,55.9807331027576,12.63,1.0,-0.57,1.0,111.76045594344006
QTWO,2020-09-08,89.4000015258789,91.5199966430664,88.80999755859375,89.29000091552734,525100.0,38.50202335998506,37.13422725683626,40.95235118195763,62.77791522462106,55.99596666725471,12.99,3.0,-0.59,0.86,107.59127993002176
QTWO,2020-09-09,90.66999816894533,91.37999725341795,89.26000213623047,90.08000183105467,413600.0,38.62237225600759,37.15516928327767,40.668564757845125,62.67588908438832,55.89617952519039,13.35,3.0,-0.57,0.94,108.54320297600633
QTWO,2020-09-10,91.12000274658205,92.1500015258789,87.13999938964844,87.9000015258789,437000.0,39.014345695336736,37.32263683675069,40.879260602730646,62.74000176192816,55.9248208532352,13.67,4.0,-0.55,0.88,105.9163800319278
QTWO,2020-09-11,88.6500015258789,88.6500015258789,83.97000122070312,85.66000366210938,656400.0,39.34140678947096,37.71121545580745,39.98625599497966,62.81598782162716,55.964217103700456,14.01,1.0,-0.76,0.91,103.21726216058318
QTWO,2020-09-14,87.08000183105469,88.79000091552734,87.05999755859375,87.70999908447266,322400.0,39.99670740767848,37.79358613276622,39.59398587337036,62.87681426532089,55.97955448425365,14.33,1.0,-0.87,1.0,105.68743383805257
QTWO,2020-09-15,88.70999908447266,91.31999969482422,87.87999725341797,88.44000244140625,314000.0,37.78498118847809,37.75283225504013,39.60397319353733,62.88256921723045,55.9832011216008,14.63,2.0,-1.06,1.0,106.56706195677106
QTWO,2020-09-16,88.93000030517578,89.70999908447266,88.20999908447266,88.4000015258789,600900.0,37.77125523835607,36.98184518730331,39.27796123743418,62.84762453454286,55.956420280181405,14.93,1.0,-1.18,1.11,106.5188622742105
QTWO,2020-09-17,87.25,88.77999877929688,86.18000030517578,87.66000366210938,428400.0,37.0913301690175,36.80834246378239,38.554511675759656,62.85642283190466,55.96323718366054,15.23,1.0,-1.2,1.28,105.62719112971395
QTWO,2020-09-18,88.37000274658203,90.02999877929688,87.72000122070312,89.55999755859375,773900.0,36.45057143762593,36.80825831446022,38.66549296234052,62.85740508874606,56.000909166112464,15.5,2.0,-1.25,1.23,107.91661629586864
QTWO,2020-09-21,88.56999969482422,92.30999755859376,87.83000183105469,91.88999938964844,437400.0,36.817479032512,36.56474046034681,36.14418163971631,62.90615615815718,56.0512545879852,15.81,1.0,-1.24,0.11,110.72418575126189
QTWO,2020-09-22,92.7300033569336,93.47000122070312,90.45999908447266,93.43000030517578,355000.0,31.08826028295175,36.15154587522488,36.08744416823623,62.91393749988635,56.07170895516138,16.1,1.0,-1.23,0.15,112.5798321606705
QTWO,2020-09-23,93.01000213623048,93.33000183105467,89.62999725341797,89.76000213623047,303400.0,33.143702610551806,37.121551037249176,36.51711522026076,63.035333416248605,56.2108057922787,16.37,3.0,-1.22,0.09,108.1576147086714
QTWO,2020-09-24,89.5199966430664,91.1500015258789,88.31999969482422,89.7699966430664,468900.0,32.530647891890844,37.07149608416216,36.48513262871367,63.02495056366698,56.18660716528738,16.62,3.0,-1.21,0.11,108.16965773444944
QTWO,2020-09-25,89.37999725341797,93.58000183105467,89.0999984741211,92.83999633789062,220600.0,33.25251032399611,37.44662412573837,36.57358916380115,63.147366905534255,56.28430037368231,16.86,5.0,-1.2,0.1,111.86889833433922
QTWO,2020-09-28,93.52999877929688,94.23999786376952,91.7300033569336,92.88999938964844,359100.0,33.05967439495607,37.4460250915304,36.32286966615258,63.13360086419253,56.189803001915806,17.09,3.0,-1.18,0.14,111.92915023582725
QTWO,2020-09-29,92.95999908447266,93.61000061035156,91.36000061035156,91.6500015258789,219700.0,32.761103208985034,37.21670900802127,36.122416777080105,63.113532198703496,56.207454106677055,17.31,2.0,-1.17,0.16,110.43499684904803
QTWO,2020-09-30,91.33999633789062,93.33999633789062,90.47000122070312,91.26000213623048,355900.0,32.73473876203441,37.09722795406493,35.985035785060454,63.10281357331592,56.00178551082876,17.52,1.0,-1.15,0.21,109.9650614355195
QTWO,2020-10-01,92.3000030517578,94.0,91.68000030517578,93.7699966430664,310200.0,33.79464558148568,36.96320917186294,36.11135239995153,63.14567450704648,55.84681718147908,17.71,3.0,-1.13,0.22,112.98951567271101
QTWO,2020-10-02,91.83999633789062,93.77999877929688,90.83000183105467,92.08000183105467,202700.0,34.01806268167114,36.85408998787975,35.80336540851953,63.163573931617954,55.83284050727716,17.9,1.0,-1.11,0.29,110.9531319451371
QTWO,2020-10-05,92.52999877929688,95.1999969482422,92.52999877929688,94.04000091552734,377100.0,34.62677201097728,36.760281711487536,35.90853412715678,63.198141300311136,55.83050154399633,18.07,2.0,-1.1,0.28,113.31486123170735
QTWO,2020-10-06,94.62999725341795,98.20999908447266,94.26000213623048,96.56999969482422,446100.0,35.225080729610255,35.34470614791015,35.286173540549385,63.26952923909416,55.88501688847851,18.23,1.0,-1.09,0.28,116.36341990675389
QTWO,2020-10-07,97.16999816894533,98.43000030517578,97.16999816894533,98.12000274658205,284700.0,35.48833538576674,35.41340788502229,35.07793304968161,63.27764177628826,55.84496701925451,18.39,1.0,-1.08,0.38,118.23111853509003
QTWO,2020-10-08,99.47000122070312,99.47000122070312,97.58999633789062,97.86000061035156,992400.0,35.14088226825615,35.24665563526758,34.620632611231244,63.27783068129775,55.79344682355946,18.55,1.0,-1.07,0.44,117.91782519502117
QTWO,2020-10-09,98.58000183105467,98.86000061035156,96.91000366210938,97.83999633789062,497300.0,35.09995220857836,35.12704638675909,34.000144016422915,63.26152425407634,55.79245500115256,18.69,1.0,-1.06,0.61,117.89372075716618
QTWO,2020-10-12,98.80999755859376,99.2699966430664,97.0500030517578,98.45999908447266,235900.0,35.12683187841115,34.858383641396905,34.002187122890106,63.26169603612688,55.76091520178428,18.83,2.0,-1.04,0.62,118.64080204713052
QTWO,2020-10-13,98.27999877929688,99.66000366210938,97.66999816894533,98.86000061035156,195400.0,35.13349490186472,33.963608807915826,34.00208130276556,63.24397385796141,55.75365076087751,18.96,2.0,-1.02,0.62,119.12278967958656
QTWO,2020-10-14,99.5199966430664,99.5199966430664,96.06999969482422,96.86000061035156,205600.0,34.7247398679472,34.21190690686048,34.055655837376484,63.2898761969563,55.79329864156445,19.07,4.0,-0.99,0.55,116.71286071045579
QTWO,2020-10-15,95.08999633789062,96.56999969482422,94.58000183105467,96.25,187400.0,34.7537768071151,34.15104600127361,34.05139769552929,63.22090093649049,55.73077076172651,19.17,4.0,-0.95,0.53,115.97783163941892
QTWO,2020-10-16,96.5199966430664,98.16999816894533,96.5199966430664,96.87999725341795,186300.0,31.18198305517684,34.15589754853926,34.03076869584524,63.12257110954032,55.729780729429066,19.26,4.0,-0.91,0.54,116.73695595516132
QTWO,2020-10-19,97.72000122070312,98.37999725341795,95.9000015258789,96.13999938964844,473300.0,30.73111503745036,34.02163300007985,34.01695611490524,63.12790695256394,55.55582231186396,19.34,4.0,-0.85,0.54,115.84528481066478
QTWO,2020-10-20,96.4000015258789,97.7699966430664,95.55999755859376,95.80999755859376,161500.0,28.44600539260868,33.73114799853199,34.02225246827376,63.06125540682597,55.516503580321256,19.41,5.0,-0.79,0.54,115.44764432440235
QTWO,2020-10-21,96.08000183105467,96.77999877929688,94.4000015258789,94.88999938964844,215700.0,28.584464710507845,33.784230679343544,33.95608736654475,62.87015083402344,55.07620399533547,19.47,1.0,-0.72,0.53,114.33907920495805
QTWO,2020-10-22,94.88999938964844,96.23999786376952,93.44000244140624,95.9499969482422,260800.0,27.590570706567785,33.794293612998146,33.992463466338336,62.87930559917941,55.0641977369883,19.52,2.0,-0.66,0.53,115.61633861678955
QTWO,2020-10-23,96.2699966430664,96.52999877929688,94.87999725341795,95.5,166900.0,26.329591676095472,33.59527105899037,33.98448255530654,62.88223226291629,54.84723585713006,19.56,2.0,-0.59,0.52,115.07410827599489
QTWO,2020-10-26,94.5999984741211,94.83999633789062,90.4800033569336,94.0,602500.0,26.206486348096643,33.72898971564571,33.71386385665888,62.85814307418553,54.8572893852129,19.6,1.0,-0.5,0.6,113.26666154914679
QTWO,2020-10-27,94.52999877929688,95.16000366210938,93.79000091552734,94.0199966430664,170300.0,26.15082120489972,32.51809683680603,33.5900784168213,62.80780580818891,54.8407072798785,19.62,1.0,-0.4,0.63,113.29075679385237
QTWO,2020-10-28,92.58999633789062,93.02999877929688,90.86000061035156,91.7300033569336,291300.0,27.268377989118843,32.85594457074541,33.83773123294005,62.86439507187877,54.89502216882875,19.63,3.0,-0.3,0.51,110.53139621416912
QTWO,2020-10-29,92.02999877929688,93.79000091552734,90.6999969482422,93.1500015258789,304300.0,27.40806284188824,32.71679266667357,33.892454677576254,62.882562759965886,54.89418015294515,19.63,4.0,-0.18,0.52,112.24244357589612
QTWO,2020-10-30,92.4800033569336,93.51000213623048,90.16999816894533,91.23999786376952,328800.0,27.536023115912823,32.28962590413375,33.828770819923875,62.93180487442094,54.91099159074745,19.62,3.0,-0.05,0.54,109.94095699766446
QTWO,2020-11-02,91.66000366210938,92.47000122070312,88.2699966430664,89.6500015258789,332900.0,26.963028586257387,32.031289063471945,33.45593469053129,62.959814259939975,54.90089998401949,19.6,1.0,-0.03,0.63,108.02506787991723
QTWO,2020-11-03,90.37999725341795,93.88999938964844,90.36000061035156,93.58999633789062,373700.0,29.4194727027666,30.007888073485763,34.08872645899265,63.16056954517052,54.99892446003658,19.56,18.0,-0.03,0.56,112.77262169776326
QTWO,2020-11-04,95.12999725341795,98.98999786376952,94.62000274658205,97.0,460900.0,28.63274143154814,30.86950982326704,34.51171248186113,63.27609244238802,55.09004424154076,19.51,19.0,-0.13,0.48,116.88155500284299
QTWO,2020-11-05,97.5999984741211,101.69000244140624,97.4499969482422,100.70999908447266,704000.0,30.35424097061629,31.54427336998484,34.825119615774895,63.14017716577796,55.184647724187,19.45,21.0,-0.17,0.44,121.35197213740265
QTWO,2020-11-06,100.70999908447266,103.9000015258789,98.0500030517578,103.0500030517578,350400.0,29.59285729098668,31.485719395717176,34.95238467967211,63.15216959868118,55.22414698368696,19.37,22.0,-0.27,0.42,124.17159381172335
QTWO,2020-11-09,102.91000366210938,109.2699966430664,102.5500030517578,103.72000122070312,559600.0,29.591681447649147,31.356220645050087,34.84490181910592,62.94240197565421,55.0415015965778,19.29,22.0,-0.27,0.45,124.97891781002633
QTWO,2020-11-10,103.51000213623048,106.63999938964844,99.3000030517578,105.87999725341795,382300.0,29.525886853836077,31.436767180417835,34.91005590830786,62.91422745959567,55.00091226995335,19.19,23.0,-0.27,0.45,127.58163631624984
QTWO,2020-11-11,106.91000366210938,108.48999786376952,104.22000122070312,105.7699966430664,361100.0,29.454458513362592,31.439296440118632,34.4531444605806,62.82042912746631,54.99873800343301,19.08,19.0,-0.15,0.53,127.44908948749571
QTWO,2020-11-12,106.3499984741211,106.79000091552734,104.08000183105467,105.0,1124400.0,28.88315930643612,31.435209576856447,34.32320407249268,62.82204720607546,54.970369943305656,18.97,19.0,-0.2,0.58,126.52127087936611
QTWO,2020-11-13,105.37999725341795,105.73999786376952,103.01000213623048,104.58999633789062,432700.0,28.2290584837965,31.42055196623399,34.2019720743224,62.71227765344977,54.91442081588504,18.84,19.0,-0.22,0.6,126.02723102798257
QTWO,2020-11-16,104.52999877929688,108.3000030517578,103.62000274658205,106.20999908447266,500400.0,27.98153034961301,31.49963051881541,33.9097275471926,62.64912326329996,54.92176772234739,18.7,7.0,-0.15,0.67,127.97927680251232
QTWO,2020-11-17,105.63999938964844,107.22000122070312,105.0500030517578,106.91999816894533,416700.0,27.17450023355444,31.2963160375812,33.54363945466336,62.65155327792053,54.92018871180828,18.56,2.0,-0.11,0.82,128.8348004833758
QTWO,2020-11-18,107.30999755859376,109.91000366210938,105.88999938964844,109.22000122070312,546000.0,27.43244254716155,31.522287513084144,33.6645662848108,62.4094563849343,54.88109891100213,18.4,4.0,0.09,0.79,131.60622247513598
QTWO,2020-11-19,109.0,112.37999725341795,107.45999908447266,112.3000030517578,387400.0,28.240567367274625,31.802892267604133,33.882273534859955,62.2753961429239,54.89799099551039,18.23,8.0,0.61,0.73,135.31751529395325
QTWO,2020-11-20,112.1500015258789,115.63999938964844,111.97000122070312,113.43000030517578,483900.0,28.24514568012472,31.833735733076463,33.77118735774318,62.16120555339951,54.90433136134679,18.05,6.0,1.01,0.76,136.67912185197835
QTWO,2020-11-23,114.41999816894533,116.9499969482422,113.56999969482422,115.22000122070312,362400.0,28.414272074915317,31.91930847096788,33.83478174387079,62.136081249856254,54.91960915528801,17.85,8.0,1.41,0.75,138.83600938252835
QTWO,2020-11-24,116.20999908447266,116.22000122070312,112.66000366210938,114.93000030517578,372500.0,28.501860964116275,31.92041798473153,33.653670319329535,62.02819351148761,54.89105607933198,17.64,4.0,1.47,0.78,138.48656857882645
QTWO,2020-11-25,115.16999816894533,116.38999938964844,114.72000122070312,116.0,348000.0,27.478091283521398,31.55456641242901,33.55700746039879,61.709743387275175,54.89175103069489,17.42,3.0,1.51,0.85,139.7758802095854
QTWO,2020-11-27,116.63999938964844,116.83999633789062,114.9000015258789,115.0999984741211,224800.0,27.53869188491756,31.604546935964507,33.28368001640995,61.70468563149512,54.89891533573535,17.18,1.0,1.35,0.9,138.6914103348467
QTWO,2020-11-30,114.91999816894533,116.22000122070312,112.94000244140624,113.37000274658205,543600.0,28.20819162567646,29.69053226697031,33.23199294569718,53.86224155937912,54.91885502046989,16.92,1.0,1.1,0.87,136.60682692471227
QTWO,2020-12-01,113.83000183105467,114.20999908447266,110.2300033569336,113.31999969482422,805900.0,27.997831958977383,29.34706688944216,32.965212914106225,49.145953868999705,54.905342389176624,16.65,1.0,0.87,1.0,136.5465750232242
QTWO,2020-12-02,112.66999816894533,115.94000244140624,111.81999969482422,113.83000183105467,460800.0,27.872379230970505,28.052940351938982,31.715577450964915,45.39580700242548,54.89668178030539,16.36,1.0,0.71,1.09,137.16110948443435
QTWO,2020-12-03,114.29000091552734,117.66999816894533,114.22000122070312,116.8499984741211,397000.0,28.08674864566457,28.40275937285333,31.907184019648422,44.70854346709467,54.947114367591055,16.05,2.0,0.64,1.03,140.8000981828361
QTWO,2020-12-04,117.44000244140624,119.97000122070312,116.41999816894533,116.5,577900.0,28.202158365932316,27.806000764814907,31.816751514915158,44.62056082990431,54.93982409699436,15.73,2.0,0.51,1.05,140.37836245186813
QTWO,2020-12-07,116.86000061035156,116.86000061035156,112.9000015258789,114.0999984741211,443300.0,29.128323098723666,27.589811847885308,31.944573266554237,43.96696852386058,54.98479693109228,15.39,4.0,0.35,0.99,137.48644585028129
QTWO,2020-12-08,113.66999816894533,116.0199966430664,112.3499984741211,114.7300033569336,569000.0,28.39012317394729,27.308872479506512,31.77847695482505,42.83645856311958,54.976117574030816,15.03,2.0,0.19,1.05,138.24557935917312
QTWO,2020-12-09,115.12000274658205,115.4800033569336,112.33999633789062,113.0,426900.0,29.03711945936382,27.59140939842056,31.344080053710577,42.84851177033042,54.96961088531271,14.64,1.0,0.01,1.1,136.16098675588927
QTWO,2020-12-10,113.0,115.5999984741211,111.93000030517578,115.33000183105467,377800.0,27.79615672868988,27.77553654403585,31.4520461565409,41.893491218811214,54.95730671723693,14.23,2.0,-0.13,1.08,138.96855621128245
QTWO,2020-12-11,115.62000274658205,117.38999938964844,114.66999816894533,116.86000061035156,255600.0,27.750574394803056,27.70156495969764,31.45811080074612,41.17914495549557,54.96922290885241,13.8,3.0,-0.25,1.07,140.8121504017636
QTWO,2020-12-14,117.30999755859376,121.11000061035156,117.30999755859376,120.08999633789062,854900.0,26.975731807935503,27.876174594981084,31.68787269123177,41.0226887515398,55.022197807609686,13.33,4.0,-0.28,1.02,144.70418053874613
QTWO,2020-12-15,120.20999908447266,121.69000244140624,118.66000366210938,121.41000366210938,376300.0,25.758156458771317,27.56840099442575,31.573407233335715,40.70728772693463,55.02859233733061,12.83,4.0,-0.29,1.1,146.29474248379591
QTWO,2020-12-16,121.77999877929688,122.37000274658205,119.22000122070312,119.66999816894533,593600.0,24.742762072034065,27.72632972482128,31.532952375371835,39.57937421796177,55.05022266538487,12.29,4.0,-0.38,1.07,144.19809766158457
QTWO,2020-12-17,120.70999908447266,123.0,119.86000061035156,122.9800033569336,411300.0,24.03119821011919,26.55162462372413,31.76549542490526,39.60380930169593,55.10663810937741,11.72,8.0,-0.38,1.02,148.1865363568376
QTWO,2020-12-18,123.23999786376952,124.62000274658205,120.8000030517578,123.9499969482422,773200.0,22.33136906620129,26.535065362561703,31.752574945057777,39.60594076806637,55.10907259517246,11.12,8.0,-0.39,1.02,149.35534418462052
QTWO,2020-12-21,122.13999938964844,126.12000274658205,121.98999786376952,125.86000061035156,332300.0,21.95970548069577,25.96118885473384,31.63869851788905,38.25262381260509,55.04321561065085,10.45,6.0,-0.36,1.11,151.65683076285214
QTWO,2020-12-22,126.52999877929688,129.39999389648438,126.41000366210938,128.99000549316406,308300.0,22.56367757178493,26.247372576038742,31.81802511960477,38.11508143927866,55.0876709349723,9.73,13.0,-0.26,1.05,155.42837548315745
QTWO,2020-12-23,130.16000366210938,130.58999633789062,128.02999877929688,128.58999633789062,305900.0,22.39129881401694,26.013774496752635,31.18477339228716,37.33037872868455,55.08888885315192,8.92,1.0,-0.25,1.15,154.94637865755197
QTWO,2020-12-24,128.41000366210938,129.5399932861328,127.51000213623048,128.1300048828125,100000.0,22.477490996430816,26.003070857609927,31.15517568122429,37.15649600731222,55.09146353075401,8.03,1.0,-0.29,1.17,154.39210529097926
QTWO,2020-12-28,130.0,130.42999267578125,126.41999816894533,126.93000030517578,702400.0,22.59681994549707,25.79151151640799,31.07652261130082,36.586095603497085,55.1007016739657,6.99,1.0,-0.38,1.17,152.94614239361113
QTWO,2020-12-29,127.8000030517578,128.32000732421875,124.02999877929688,125.56999969482422,233700.0,22.95150197893131,25.54985390389185,30.819844288721043,35.5593502430104,55.08212030307853,6.4,1.0,-0.48,1.21,151.30738995915024
QTWO,2020-12-30,126.13999938964844,129.61000061035156,125.48999786376952,127.87999725341795,414100.0,23.06656534664549,25.48108137081064,30.568799407683724,35.4027164033617,55.106671543782205,6.02,1.0,-0.56,1.36,154.09085497668846
QTWO,2020-12-31,128.25,128.49000549316406,125.48999786376952,126.52999877929688,295100.0,23.57358822376093,25.283836983377515,28.320909378205748,35.44260300969071,55.08598228401318,5.8,1.0,-0.65,0.08,152.4641547611551
QTWO,2021-01-04,126.9000015258789,127.0,121.16999816894533,123.93000030517578,322900.0,24.2839125772478,25.690670438450475,28.5693404696772,35.378139867462494,55.11616456926814,5.58,2.0,-0.74,-0.01,149.33124893991496
QTWO,2021-01-05,123.5199966430664,126.3000030517578,123.0500030517578,124.3000030517578,287700.0,23.23069128660267,25.65528194922854,28.437693137282366,35.369134007806416,55.10149015831324,5.35,2.0,-0.84,0.03,149.77708910873793
QTWO,2021-01-06,123.08999633789062,123.62999725341795,118.23999786376952,120.88999938964844,512600.0,24.825337231517565,26.45941766919892,28.61946153201301,34.814011308436285,55.12446699848397,5.13,4.0,-0.92,-0.01,145.66815580365824
QTWO,2021-01-07,121.4800033569336,124.86000061035156,121.4800033569336,124.18000030517578,267000.0,25.556832073906776,26.8831938245218,28.77106738863045,34.59994655250331,55.17630227759294,4.94,5.0,-1.0,-0.03,149.6324900610563
QTWO,2021-01-08,125.43000030517578,127.23999786376952,124.1999969482422,126.2699966430664,279700.0,25.83414622968589,27.01135442798897,28.76369610315925,34.63501038931558,55.19631118367121,4.74,5.0,-1.07,-0.03,152.15086142108623
QTWO,2021-01-11,125.33999633789062,128.35000610351562,124.54000091552734,127.16000366210938,234200.0,25.7960436103885,26.52874140755988,28.77257307512282,34.442333725207675,55.185446601492,4.56,7.0,-1.13,-0.03,153.2232882700469
QTWO,2021-01-12,127.51000213623048,128.9199981689453,126.0500030517578,128.0,1621700.0,25.606335856386064,26.43488003467369,28.732599216871453,33.99150400595648,55.157429055961735,4.4,5.0,-1.18,-0.01,154.2354540243701
QTWO,2021-01-13,128.0,128.94000244140625,127.16000366210938,128.00999450683594,270100.0,25.014310099856303,26.449421216082712,28.72318210097901,33.9786817339236,55.144366324757286,4.24,5.0,-1.23,-0.01,154.24749705014818
QTWO,2021-01-14,128.38999938964844,130.9600067138672,128.3300018310547,130.14999389648438,337100.0,25.234298394101778,26.434139873758816,28.75704996886843,32.370712384582035,55.13872138286666,4.07,7.0,-1.26,-0.0,156.82612031166616
QTWO,2021-01-15,129.5,132.0800018310547,128.5,129.11000061035156,932100.0,25.498924662622187,26.513579489178586,28.644307372604597,32.299098692820124,55.13312982620205,3.95,5.0,-1.3,0.04,155.57296533768965
QTWO,2021-01-19,130.77000427246094,133.25,130.6300048828125,132.17999267578125,455900.0,25.30890752216778,26.603017530100537,28.80462808066893,32.26986561973707,55.16832209241069,3.82,12.0,-1.31,0.01,159.27219674442998
QTWO,2021-01-20,133.47000122070312,135.32000732421875,132.99000549316406,135.19000244140625,596900.0,25.762515655242066,26.807249506864014,28.87725374029236,32.32524364414832,55.202817371278826,3.67,13.0,-1.3,-0.01,162.89915161020312
QTWO,2021-01-21,136.00999450683594,136.91000366210938,133.80999755859375,136.55999755859375,460000.0,24.60669913012085,26.73303160319498,28.89465761141331,32.18448412579294,55.196931042630005,3.57,14.0,-1.29,-0.02,164.54994707044204
QTWO,2021-01-22,136.02000427246094,139.80999755859375,135.5500030517578,139.69000244140625,408100.0,25.075292438226334,26.556164579413377,29.032918587488364,32.13012388585705,55.23501544915332,3.47,15.0,-1.24,-0.04,168.3214917907474
QTWO,2021-01-25,141.4600067138672,142.75999450683594,137.00999450683594,138.6199951171875,608700.0,24.59933751737896,26.686429434897818,29.073029312118887,32.00496535718294,55.227043987386615,3.4,16.0,-1.22,-0.06,167.03217096683892
QTWO,2021-01-26,139.07000732421875,140.75,137.36000061035156,139.32000732421875,481400.0,24.262078751524363,25.888966176076444,28.832585792992376,31.89631623858568,55.22388990173612,3.32,13.0,-1.22,-0.01,167.87566081507381
QTWO,2021-01-27,137.3800048828125,139.24000549316406,128.50999450683594,136.1999969482422,778100.0,25.56632657723854,26.5265565567522,29.10906904839952,31.9566589051142,55.26530693815616,3.26,18.0,-1.25,-0.09,164.11615912054657
QTWO,2021-01-28,137.1999969482422,138.19000244140625,131.1999969482422,131.4199981689453,647400.0,27.282668791400997,27.345899158145016,28.398841979767152,31.98582255426285,55.38830329227079,3.22,2.0,-1.28,-0.52,158.35643035522787
QTWO,2021-01-29,131.10000610351562,131.52999877929688,127.9800033569336,127.98999786376952,558300.0,28.464190187810438,27.73121749387632,28.573624236835627,32.151831068089145,55.40352108704349,3.17,5.0,-1.31,-0.53,154.22340180544262
QTWO,2021-02-01,128.82000732421875,132.10000610351562,126.5199966430664,131.0500030517578,860900.0,28.71892720462696,26.896271118181176,27.97848930057255,31.74924903759308,55.35882476882358,3.12,1.0,-1.34,-0.59,157.91059937955433
QTWO,2021-02-02,132.4600067138672,138.82000732421875,132.22000122070312,137.02000427246094,708200.0,30.37416506624656,27.37180142080648,28.7059175458805,31.951409108223693,55.5221005752245,3.05,9.0,-1.34,-0.56,165.10423882331364
QTWO,2021-02-03,136.97000122070312,137.80999755859375,133.5,134.7899932861328,294800.0,30.888745862533984,26.925816891085876,28.528274311889668,31.76771644848672,55.50184615548015,2.98,5.0,-1.36,-0.54,162.4171547845976
QTWO,2021-02-04,135.3800048828125,138.63999938964844,134.91000366210938,138.24000549316406,251100.0,31.37136535999297,26.99606300257406,28.30859280136701,31.48711660313045,55.37769366318119,2.93,2.0,-1.37,-0.52,166.57429696538733
QTWO,2021-02-05,139.6699981689453,142.75999450683594,138.8800048828125,142.57000732421875,629500.0,31.794002299995583,27.51381660911369,28.453234622707296,31.653529250833063,55.45181039887941,2.87,6.0,-1.34,-0.54,171.79179538991133
QTWO,2021-02-08,143.42999267578125,143.75,141.47999572753906,143.5500030517578,437400.0,31.749606986985917,27.330703617484573,28.44973657573054,31.65626617291299,55.45392258177492,2.82,6.0,-1.31,-0.54,172.97265543662175
QTWO,2021-02-09,143.5500030517578,144.86000061035156,140.8300018310547,144.1199951171875,408900.0,31.675068838143204,27.30213184844122,28.43744643197674,31.58782938478645,55.41656023530782,2.76,5.0,-1.29,-0.53,173.6594756319486
QTWO,2021-02-10,145.1999969482422,148.55999755859375,144.77000427246094,145.74000549316406,627900.0,31.483646636126466,27.20437088634676,28.374271980018644,31.591080158042583,55.3770745326954,2.72,4.0,-1.27,-0.51,175.61153059962777
QTWO,2021-02-11,146.8000030517578,147.3800048828125,143.77999877929688,144.72999572753906,298500.0,31.340708345268705,27.256247082331704,28.31554817878132,31.601514225454984,55.37645948435335,2.67,3.0,-1.25,-0.5,174.39450470298544
QTWO,2021-02-12,144.2100067138672,145.89999389648438,143.5800018310547,145.74000549316406,259600.0,31.088169824824487,27.179399006543044,28.11934499359469,31.569455789575667,55.37504744885153,2.67,2.0,-1.24,-0.45,175.61153059962777
QTWO,2021-02-16,146.32000732421875,147.58999633789062,145.80999755859375,146.6999969482422,328200.0,30.76634344386287,27.1791941068104,28.05527757292607,31.56676523158064,55.376701876014735,2.67,2.0,-1.22,-0.43,176.76828620848318
QTWO,2021-02-17,145.07000732421875,145.83999633789062,142.6199951171875,144.55999755859375,454000.0,30.373795492164437,27.27389390773684,27.30798816057832,31.58385032084377,55.39314749718866,2.67,1.0,-1.22,-0.59,174.18966294696517
QTWO,2021-02-18,142.94000244140625,144.10000610351562,135.00999450683594,137.22999572753906,868600.0,34.60347018645813,29.220136401645213,28.750834435285554,32.248083680567056,55.65471483250117,2.65,22.0,-1.24,-0.08,165.35727106874498
QTWO,2021-02-19,138.3000030517578,140.91000366210938,136.25999450683594,137.5,789000.0,33.32946787749669,29.188192401641487,28.36391223962421,32.24020353108349,55.63878707971891,2.63,8.0,-1.25,-0.0,165.68261662774134
QTWO,2021-02-22,135.4499969482422,136.83999633789062,133.1999969482422,135.35000610351562,568000.0,33.11051644882225,29.325638158894137,28.53099168766733,32.07254435728524,55.42377600808997,2.61,16.0,-1.25,-0.07,163.0919503404453
QTWO,2021-02-23,131.97000122070312,132.02999877929688,127.33000183105467,129.89999389648438,652300.0,35.185826857920006,30.653759729773444,29.283490464082583,32.42781748516795,55.55407709917184,2.59,36.0,-1.24,-0.02,156.5248791905248
QTWO,2021-02-24,129.52000427246094,132.94000244140625,126.9499969482422,130.66000366210938,393700.0,35.16964764063831,30.6272545889312,29.259309094394972,32.43032072462012,55.37876232991018,2.56,36.0,-1.23,-0.01,157.4406639660258
QTWO,2021-02-25,129.83999633789062,130.42999267578125,121.51000213623048,122.30999755859376,730000.0,40.10313269089287,33.60311020851768,31.0353905983507,33.41010603360297,55.73866708834948,2.52,40.0,-1.2,0.87,147.37920316538523
QTWO,2021-02-26,123.11000061035156,125.0199966430664,119.68000030517578,121.87999725341795,841000.0,40.10427288436373,33.44848374561377,30.87155599980153,33.26897442178422,55.66472334868641,2.48,40.0,-1.16,0.95,146.8610680692961
QTWO,2021-03-01,124.16000366210938,126.58999633789062,123.80999755859376,125.0,376200.0,40.52456545311635,33.80770653215108,30.94217057598897,33.07731048220068,55.7074004751038,2.44,41.0,-1.13,0.93,150.62056057067394
QTWO,2021-03-02,125.87000274658205,126.33999633789062,121.3000030517578,121.43000030517578,495000.0,41.272664475764365,34.377859614986164,31.11445099336921,33.2756411501517,55.70296675179911,2.41,44.0,-1.09,0.83,146.31883772850148
QTWO,2021-03-03,121.33000183105467,121.81999969482422,113.5,113.77999877929688,706500.0,44.37564722702616,36.54961240050304,32.82090694484786,34.219427723565374,56.03645389055284,2.39,62.0,-1.05,1.12,137.10085758294633
QTWO,2021-03-04,113.0500030517578,114.30999755859376,107.9000015258789,109.3000030517578,1031100.0,44.71626659620978,37.443550941316886,33.47502767179366,34.49855166125516,56.19171761733364,2.37,67.0,-1.02,0.91,131.70262184025705
QTWO,2021-03-05,110.70999908447266,111.38999938964844,104.37999725341795,109.26000213623048,1093500.0,44.46951307277315,37.2166303626025,33.47519848097131,34.48682359162053,55.971406757017576,2.37,68.0,-0.99,0.91,131.65442215769653
QTWO,2021-03-08,109.26000213623048,113.05999755859376,105.8499984741211,106.23999786376952,772300.0,43.91177876878481,37.60943527280656,33.78168148936981,34.596181318509366,55.89236050962055,2.37,76.0,-0.97,0.77,128.01542426614535
QTWO,2021-03-09,110.31999969482422,113.51000213623048,108.97000122070312,109.4000015258789,871200.0,45.30412813830123,38.01005521445386,34.080949982759094,34.72713012645206,55.87060317821274,2.37,91.0,-0.94,0.7,131.82311645008375
QTWO,2021-03-10,111.0199966430664,112.58000183105467,108.29000091552734,108.38999938964844,672500.0,45.138829072979824,37.79750009264006,33.94791232751182,34.480986789508854,55.84338194397763,2.37,83.0,-0.91,0.76,130.60609974659084
QTWO,2021-03-11,111.31999969482422,113.5500030517578,111.08000183105467,112.6999969482422,678700.0,46.94361817938292,38.57437481884998,34.45332173409839,34.68174085612826,55.884276067415904,2.37,95.0,-0.87,0.69,135.79949373325985
QTWO,2021-03-12,111.08999633789062,113.27999877929688,109.1500015258789,111.83999633789062,469000.0,46.11294203573975,38.15845028041597,34.47505887460251,34.62007227970241,55.64713919920242,2.38,95.0,-0.83,0.66,134.76322354108166
QTWO,2021-03-15,111.0199966430664,113.72000122070312,110.83000183105467,113.16000366210938,431100.0,45.924414627933245,38.16967647584381,34.48222039776854,34.43866875019725,55.6378701093008,2.38,95.0,-0.78,0.68,136.35378548613144
QTWO,2021-03-16,114.0199966430664,116.01000213623048,111.04000091552734,112.0199966430664,366600.0,45.18930817036753,38.11589557425158,34.52355387818572,34.272300640897235,49.52901101798247,2.39,96.0,-0.74,0.66,134.9801175160294
QTWO,2021-03-17,110.5,111.52999877929688,107.58999633789062,110.62999725341795,562300.0,42.68383465574846,37.72027325902501,34.549937731313605,34.30293072196468,45.87275300874308,2.4,96.0,-0.7,0.64,133.30521761793545
QTWO,2021-03-18,108.55999755859376,108.72000122070312,105.16999816894533,105.54000091552734,626400.0,44.16477880995749,38.78800463525149,35.36543600359649,34.76456385891291,43.36307900052048,2.41,100.0,-0.69,0.48,127.17195280420937
QTWO,2021-03-19,106.37999725341795,109.16999816894533,105.0,106.88999938964844,767600.0,43.48333083651016,38.74049235807347,35.40257282329329,34.70900111726306,42.78072749884157,2.43,100.0,-0.67,0.49,128.79865301974274
QTWO,2021-03-22,107.4000015258789,110.16000366210938,106.69000244140624,107.81999969482422,645400.0,42.19234320544162,38.397642372079474,35.31734509831202,34.7203577820135,42.72202215817848,2.45,98.0,-0.65,0.55,129.91927035811455
QTWO,2021-03-23,107.19000244140624,107.83000183105467,105.06999969482422,105.52999877929688,736300.0,42.04771956501211,38.58399855745554,35.50266621907218,34.70538123536423,42.25557625023795,2.48,100.0,-0.65,0.46,127.15990058528186
QTWO,2021-03-24,105.72000122070312,107.08999633789062,101.45999908447266,101.5999984741211,659700.0,42.56766417182484,39.232442909454505,35.81008539788872,34.9600360043633,41.585332213183705,2.51,100.0,-0.69,0.4,122.42438979321389
QTWO,2021-03-25,100.5,101.6500015258789,98.45999908447266,101.0199966430664,476400.0,42.05871609635477,39.21747210849656,35.75155460894537,34.78010868333769,41.5515488525408,2.53,99.0,-0.72,0.4,121.7255081858101
QTWO,2021-03-26,101.45999908447266,102.95999908447266,100.5,102.6500015258789,479800.0,42.8278062867949,39.3978600014756,35.663847919060885,34.727306291896404,40.8117135784739,2.55,98.0,-0.79,0.47,123.68960617926734
QTWO,2021-03-29,102.48999786376952,102.72000122070312,97.77999877929688,99.12999725341795,753000.0,42.98209486545751,39.65791017476185,35.99995617281701,34.854965062372074,40.473339880669904,2.59,100.0,-0.91,0.38,119.44812604543344
QTWO,2021-03-30,98.45999908447266,99.41999816894533,96.3000030517578,98.4800033569336,607000.0,42.63366742829815,39.63885284726212,35.38251220092445,34.25976203341733,40.28269364292665,2.6,94.0,-0.96,0.43,118.66490648498551
QTWO,2021-03-31,99.66000366210938,103.22000122070312,99.37000274658205,100.1999969482422,937900.0,43.54137057514451,39.7263879782544,35.03347996382864,34.29447871605216,40.097010305986416,2.61,91.0,-0.98,0.48,120.73743767619247
QTWO,2021-04-01,102.33999633789062,103.7699966430664,102.1999969482422,103.0999984741211,515100.0,43.40000087762685,40.24726224859485,34.81857283580706,34.38510717683006,39.365878081395664,2.61,87.0,-0.98,0.5,124.23183652006198
QTWO,2021-04-05,105.22000122070312,106.91999816894533,102.91000366210938,103.68000030517578,730800.0,43.49663897974944,39.952978578714365,34.638637152262284,34.35312593509124,39.30772879695424,2.61,87.0,-0.98,0.54,124.93071812746577
QTWO,2021-04-06,103.1999969482422,104.73999786376952,101.9000015258789,103.6999969482422,411400.0,43.539995801002505,39.48560574513518,34.62335224359994,34.25145299314816,39.307756571648575,2.6,87.0,-0.98,0.54,124.95481337217133
QTWO,2021-04-07,103.0,103.93000030517578,101.06999969482422,101.81999969482422,582100.0,42.56428505906997,39.39115522791864,34.58459010995486,34.017405243217155,38.333440055102166,2.6,87.0,-0.98,0.5,122.6894834507222
QTWO,2021-04-08,102.88999938964844,105.45999908447266,102.62000274658205,103.05999755859376,443700.0,42.78116430958095,39.46331084786844,34.641214960123364,34.03499262014171,38.21169294919339,2.6,89.0,-0.98,0.49,124.18363683750144
QTWO,2021-04-09,102.44000244140624,103.08000183105467,100.26000213623048,102.9000015258789,496400.0,39.09040013653003,39.40967739366601,34.62345888135055,34.0063004532137,37.613764929987966,2.6,87.0,-0.98,0.51,123.99084730040867
QTWO,2021-04-12,102.7699966430664,103.01000213623048,100.93000030517578,101.98999786376952,626200.0,39.09460668225798,39.41637666872866,34.64600086176293,34.01822770140721,37.48182640119364,2.61,89.0,-0.99,0.49,122.89432520674242
QTWO,2021-04-13,102.43000030517578,103.43000030517578,100.95999908447266,102.55999755859376,616000.0,38.13275277361865,39.237612868176,34.56837358497936,33.96551208159163,37.08712127321808,2.62,83.0,-0.99,0.51,123.58115459521875
QTWO,2021-04-14,103.41000366210938,105.4000015258789,102.38999938964844,104.69000244140624,790900.0,38.30842185708633,39.547445375357896,34.71017368096,33.95071870730737,36.3499111136357,2.63,89.0,-0.99,0.48,126.14773483095864
QTWO,2021-04-15,106.12000274658205,106.1500015258789,104.2699966430664,105.23999786376952,463900.0,33.88329937579304,39.19053305278338,34.55035383482973,33.95189001064472,36.227469292853165,2.64,81.0,-1.0,0.51,126.81045978157994
QTWO,2021-04-16,105.27999877929688,106.12000274658205,104.45999908447266,105.44000244140624,427300.0,31.969656155498026,38.82529937536574,34.255979873771885,33.9324825782944,36.22610357083318,2.64,75.0,-1.02,0.57,127.05145819438269
QTWO,2021-04-19,104.72000122070312,105.81999969482422,101.4499969482422,102.08999633789062,420100.0,33.21196010354795,39.13204361415112,34.578077972159846,34.08325154007057,36.24533275096394,2.65,82.0,-1.04,0.43,123.0148198165691
QTWO,2021-04-20,101.5500030517578,103.12000274658205,99.48999786376952,100.16999816894533,439600.0,32.701764255200274,38.811006875895245,34.589240138026994,34.152215701413844,36.29354413073976,2.66,83.0,-1.06,0.38,120.70129021255941
QTWO,2021-04-21,99.55999755859376,102.4800033569336,99.55999755859376,102.41999816894533,206400.0,32.17244207158303,39.222004498493135,34.791100387758874,33.874621345284375,35.861240721196694,2.67,89.0,-1.09,0.35,123.41246030283155
QTWO,2021-04-22,102.70999908447266,104.76000213623048,101.9800033569336,103.37000274658205,350500.0,32.26568860591642,39.27745226351836,34.79084071905593,33.877445066185764,35.62445196061704,2.68,88.0,-1.11,0.35,124.55718207905835
QTWO,2021-04-23,104.3000030517578,104.97000122070312,103.33000183105467,103.83000183105467,317800.0,29.96182796296236,39.14892547055439,34.78562619567857,33.79238398239149,35.62550004073483,2.69,87.0,-1.14,0.36,125.11146463878046
QTWO,2021-04-26,104.52999877929688,106.4000015258789,103.80999755859376,106.19000244140624,193200.0,30.79263296189299,38.98426381788465,34.90949273823633,33.705739712711754,35.536293423499224,2.71,90.0,-1.15,0.37,127.95518155780674
QTWO,2021-04-27,106.5,106.86000061035156,105.54000091552734,106.38999938964844,320700.0,30.549804842211365,38.705005359295,34.9118009378358,33.54959121949484,35.2016588232968,2.72,90.0,-1.17,0.37,128.19617077746005
QTWO,2021-04-28,106.1999969482422,107.97000122070312,105.16999816894533,107.56999969482422,324400.0,30.679280534109022,38.41878655779444,34.951634102486686,32.49372625327465,35.20811916301946,2.74,90.0,-1.18,0.37,129.6180292369732
QTWO,2021-04-29,108.23999786376952,108.26000213623048,104.76000213623048,105.29000091552734,381100.0,31.068034002353237,37.27198677810695,34.84104662180059,32.5948393277266,34.117185386632826,2.76,87.0,-1.2,0.34,126.87071168306801
QTWO,2021-04-30,103.91000366210938,106.95999908447266,103.5500030517578,104.0199966430664,451400.0,28.137469501585848,37.22338444899431,34.88427036552801,32.54894204061408,34.087132341532545,2.78,87.0,-1.22,0.31,125.34040163950628
QTWO,2021-05-03,104.16999816894533,105.05999755859376,102.58000183105467,103.0,608600.0,27.977598707312225,36.72339375038117,34.770047121045025,32.44202877891336,34.033461369497495,2.8,81.0,-1.24,0.36,124.11134191023534
QTWO,2021-05-04,101.87000274658205,102.37999725341795,97.4499969482422,98.4000015258789,536600.0,30.61673693888849,36.890445935364376,35.46806871023481,32.85379006440391,34.341296761598834,2.82,95.0,-1.25,0.21,118.56850711986442
QTWO,2021-05-05,99.4499969482422,100.23999786376952,95.48999786376952,95.51000213623048,442400.0,31.143786968508497,37.10182912553591,35.68655826084219,32.97965848073275,34.35929383990582,2.85,97.0,-1.26,0.14,115.08616049492242
QTWO,2021-05-06,95.0199966430664,97.5500030517578,92.81999969482422,94.93000030517578,989500.0,29.38490786293673,37.03451619539743,35.51653287337692,32.98566764281576,34.25493097349504,2.87,95.0,-1.26,0.16,114.3872788875186
QTWO,2021-05-07,96.12000274658205,98.66000366210938,95.37999725341795,97.44000244140624,702400.0,30.485912771085445,37.470221342140775,35.71521561564541,33.11974056585296,34.23230845948047,2.9,97.0,-1.28,0.12,117.41174231785956
QTWO,2021-05-10,96.37000274658205,96.5,92.22000122070312,92.3000030517578,663900.0,33.66572363307181,38.71337705335948,36.3618610060643,33.72017474493012,34.6102452954929,2.93,100.0,-1.28,0.07,111.2182256026454
QTWO,2021-05-11,89.83999633789062,93.91999816894533,88.61000061035156,92.47000122070312,459400.0,32.35095770882293,38.64596470842113,36.30413085781692,33.70900603727052,34.56843296847675,2.96,99.0,-1.28,0.08,111.42306735866568
QTWO,2021-05-12,90.72000122070312,93.08000183105467,89.8499984741211,90.77999877929688,870500.0,32.668020245382735,38.59477048554937,36.34262161793021,33.72348820978634,34.44764967054345,2.99,99.0,-1.27,0.06,109.38667443794235
QTWO,2021-05-13,93.06999969482422,94.1999969482422,89.86000061035156,91.38999938964844,728200.0,32.24455578528581,38.68514544919242,36.05517457239053,33.73032282714936,34.444366299981525,3.02,97.0,-1.27,0.11,110.12170350897918
QTWO,2021-05-14,92.13999938964844,95.45999908447266,91.86000061035156,93.98999786376952,710900.0,32.20404721230909,38.238965318597664,36.35084697365185,33.83057226618905,34.193496492078815,3.05,99.0,-1.28,0.06,113.2546093302193
QTWO,2021-05-17,92.9000015258789,93.6999969482422,90.98999786376952,92.9000015258789,564300.0,32.18800000695886,38.215026722508526,36.261730281000496,33.85001590929956,34.111712182063684,3.07,96.0,-1.28,0.06,111.94120245475476
QTWO,2021-05-18,93.31999969482422,96.22000122070312,92.86000061035156,94.94000244140624,677800.0,33.00626538672511,38.598651450142974,36.2094129085843,33.94719093264199,33.97652656116637,3.1,95.0,-1.27,0.07,114.39933110644608
QTWO,2021-05-19,93.16999816894533,94.9800033569336,92.6999969482422,93.8499984741211,523400.0,32.79073399302415,37.91705700309552,36.23444390737156,33.973009482350015,33.76466923798812,3.12,95.0,-1.27,0.05,113.08591503783212
QTWO,2021-05-20,94.48999786376952,95.77999877929688,93.8000030517578,94.38999938964844,453200.0,32.591962879874664,37.91584160427419,36.261801385217865,33.827614789328635,33.76782746599059,3.15,96.0,-1.26,0.05,113.73659696267535
QTWO,2021-05-21,95.4499969482422,96.0,94.08000183105467,94.2300033569336,331300.0,32.591465342016626,35.75327960036025,36.2480704326002,33.82638923650285,33.76685618523241,3.17,94.0,-1.25,0.06,113.54380742558261
QTWO,2021-05-24,95.4000015258789,96.11000061035156,95.06999969482422,95.26000213623048,279600.0,32.78047332323003,35.88889075319111,36.29242798306398,33.27309231646269,33.72226653226797,3.19,96.0,-1.24,0.07,114.78491937378107
QTWO,2021-05-25,95.83999633789062,96.66000366210938,94.97000122070312,95.0999984741211,378100.0,32.69686039589861,35.36761912378974,36.13658620547201,33.1973401400486,33.7092117108705,3.2,90.0,-1.22,0.1,114.59212064353885
QTWO,2021-05-26,95.83999633789062,96.7300033569336,94.7699966430664,96.6999969482422,486800.0,32.477995377224744,35.258835593888804,36.24910570131916,32.942158259071014,33.73328939362576,3.19,93.0,-1.21,0.09,116.52006198021361
QTWO,2021-05-27,96.31999969482422,96.8499984741211,94.9499969482422,95.9000015258789,318200.0,32.429449126751784,32.88449466630669,36.14480142054015,32.9432167936733,33.729920857314866,3.19,89.0,-1.2,0.14,115.55609590845096
QTWO,2021-05-28,96.5,97.4000015258789,94.9000015258789,94.93000030517578,416500.0,32.45642521915092,31.99287932909209,36.15371380462168,32.83450623998444,33.74630424501381,3.18,89.0,-1.18,0.12,114.3872788875186
QTWO,2021-06-01,95.1999969482422,95.58999633789062,93.2699966430664,95.37000274658205,403900.0,31.355971301573764,32.02242530354544,35.94611277653011,32.68923376662871,33.70023841341402,3.17,84.0,-1.18,0.21,114.9174662025352
QTWO,2021-06-02,95.4000015258789,96.3000030517578,94.5999984741211,95.38999938964844,311300.0,30.95774222355928,31.57181098815332,35.64232358188968,32.57396469559804,33.7000467799087,3.15,78.0,-1.16,0.26,114.94156144724074
QTWO,2021-06-03,94.61000061035156,95.66000366210938,93.66999816894533,95.08999633789062,433100.0,30.121739152430266,30.89953227599206,35.507361460654145,32.563409845262306,33.69179992816647,3.13,76.0,-1.13,0.28,114.58006842461134
QTWO,2021-06-04,95.76000213623048,96.8000030517578,94.8499984741211,95.2300033569336,374400.0,29.943052236946688,30.874938324446056,35.47904428810997,32.56349411298891,33.54781150637239,3.11,74.0,-1.1,0.29,114.74877191014801
QTWO,2021-06-07,94.93000030517578,96.44000244140624,94.75,96.01000213623048,321800.0,30.03966815330261,29.745604259536343,35.49061662586633,32.559312311335745,33.503662830761776,3.09,74.0,-1.05,0.28,115.68864273720511
QTWO,2021-06-08,96.83000183105467,97.18000030517578,94.56999969482422,95.47000122070312,529200.0,29.08967618548633,29.734013021428936,35.4901110913755,32.47170419384281,33.50893320401245,3.07,73.0,-1.01,0.28,115.03796081236185
QTWO,2021-06-09,95.80999755859376,96.81999969482422,94.43000030517578,94.9499969482422,507700.0,29.048415798024056,29.587504213304804,35.35386657690361,32.33852882743549,33.506042540199275,3.05,67.0,-0.95,0.3,114.41137413222418
QTWO,2021-06-10,94.94000244140624,97.72000122070312,94.6999969482422,97.62000274658205,450600.0,30.17061807705871,30.204735399237524,35.68260319871735,32.444599282984534,33.5233255495013,3.02,79.0,-0.88,0.25,117.62863629280736
QTWO,2021-06-11,97.66000366210938,101.33999633789062,97.62000274658205,101.30999755859376,468800.0,31.827550031586505,31.18378568023481,36.001681988381065,32.37945805582837,33.52350798207847,3.0,85.0,-0.8,0.23,122.07494898951201
QTWO,2021-06-14,101.87000274658205,102.33000183105467,100.06999969482422,102.08999633789062,582800.0,31.75834549085882,29.74744818753927,35.81405436213031,32.38996259814619,33.52477863980199,2.97,82.0,-0.7,0.27,123.0148198165691
QTWO,2021-06-15,101.69000244140624,102.4000015258789,100.91000366210938,102.01000213623048,534200.0,31.63785126954765,29.618721865929707,35.75598821706871,32.15274338366527,33.52497425303417,2.95,80.0,-0.58,0.28,122.91842964459745
QTWO,2021-06-16,101.79000091552734,103.02999877929688,99.6999969482422,101.06999969482422,492500.0,28.726403042637784,29.602414789733416,35.53309347990582,32.173563422807675,33.47405206662931,2.92,73.0,-0.45,0.31,121.78576008729816
QTWO,2021-06-17,100.26000213623048,104.81999969482422,100.26000213623048,104.04000091552734,396700.0,28.315302874345257,29.921172018495668,35.89071448690329,32.306408539586265,33.58362496562474,2.89,82.0,-0.31,0.26,125.36450607736127
QTWO,2021-06-18,103.98999786376952,104.8499984741211,102.81999969482422,103.9000015258789,633400.0,28.21831556907364,28.872509800523872,35.869216900119255,32.30193502183598,33.52983215685287,2.86,81.0,-0.15,0.26,125.19581178497407
QTWO,2021-06-21,103.80999755859376,105.63999938964844,101.7699966430664,105.45999908447266,405000.0,27.602234223620695,28.99564810442547,35.83915868600427,32.19338857480825,33.54205898947481,2.83,80.0,0.02,0.31,127.07555343908825
QTWO,2021-06-22,105.20999908447266,107.16000366210938,104.79000091552734,106.5999984741211,520200.0,21.788808130457905,28.89712637896525,35.502132726294455,32.13701442827455,33.3509112957713,2.78,66.0,0.17,0.43,128.44921221604085
QTWO,2021-06-23,106.62999725341795,107.91000366210938,106.13999938964844,107.3499984741211,396100.0,21.77927995416879,27.957788059815947,35.31472774749667,32.0552745906526,33.29778823807224,2.73,56.0,0.31,0.53,129.3529355794649
QTWO,2021-06-24,108.2699966430664,108.7699966430664,107.27999877929688,108.0999984741211,221100.0,20.619227491897067,27.93194402765945,35.10828648580029,31.91671015318325,33.240223485383346,2.67,55.0,0.49,0.58,130.25665894288895
QTWO,2021-06-25,108.45999908447266,108.88999938964844,105.4499969482422,105.75,640500.0,22.13274849353419,28.144919634393204,34.448890765770585,31.975991753776672,33.16291153192894,2.61,27.0,0.72,0.56,127.42499424279016
QTWO,2021-06-28,106.27999877929688,106.76000213623048,104.94000244140624,106.52999877929688,269500.0,21.03406828648496,27.585880367748373,34.41273735347611,31.984374874930445,33.03173580126294,2.55,26.0,0.97,0.6,128.36486506984727
QTWO,2021-06-29,106.4000015258789,106.7300033569336,105.23999786376952,106.01000213623048,222800.0,20.679538238761477,27.587499806009287,34.12831501850421,31.990580886104645,33.02832347660085,2.49,24.0,1.26,0.65,127.73828758285902
QTWO,2021-06-30,105.3000030517578,106.5,102.58000183105467,102.58000183105467,290400.0,22.66654057260177,28.41726812079172,34.035547695819254,32.22478372880674,33.18697850532862,2.42,22.0,1.59,0.58,123.60525903307371
QTWO,2021-07-01,102.58999633789062,104.02999877929688,102.56999969482422,103.56999969482422,303500.0,22.347736480340767,28.232281651116715,34.05924095779289,32.24075051772228,33.134473428279115,2.35,22.0,1.95,0.57,124.79817129871162
QTWO,2021-07-02,104.5,104.8499984741211,103.27999877929688,103.83000183105467,179000.0,22.336540794479525,28.128973177262168,34.05216202741717,32.14755957860366,33.13469644537812,2.27,21.0,2.34,0.58,125.11146463878046
QTWO,2021-07-06,104.0,104.75,102.83999633789062,103.91999816894533,293000.0,22.30026779520915,28.127180379385724,33.979994328891195,32.13770567918012,33.04394515115528,2.19,19.0,2.7,0.59,125.21990702967965
QTWO,2021-07-07,104.8000030517578,105.33000183105467,102.94000244140624,104.0999984741211,448600.0,22.186333047069517,28.06540103200848,33.9847220949833,32.129904465392336,33.008239630846155,2.1,19.0,3.09,0.6,125.43680100462737
QTWO,2021-07-08,102.19000244140624,103.2300033569336,100.01000213623048,102.27999877929688,330400.0,22.945291710529485,28.28286759457352,34.02013543880936,32.18675235325425,32.91556294202262,2.0,19.0,3.38,0.55,123.24376601044433
QTWO,2021-07-09,102.1500015258789,103.16999816894533,101.29000091552734,103.0,195400.0,22.591578463264558,27.996283416964317,34.02360865676001,32.19322243041469,32.845028097621935,1.9,19.0,3.31,0.55,124.11134191023534
QTWO,2021-07-12,103.38999938964844,103.81999969482422,101.66000366210938,102.16000366210938,198900.0,22.58685339251281,28.018632246183785,33.98494825858662,32.18726842997549,32.761954580891455,1.75,17.0,2.97,0.58,123.09917615591213
QTWO,2021-07-13,101.41999816894533,103.16000366210938,101.41999816894533,102.18000030517578,268300.0,22.295325361471896,28.014591492689377,33.084575244688274,32.162091716196514,32.30374300010092,1.65,10.0,3.12,0.75,123.1232714006177
QTWO,2021-07-14,102.2300033569336,102.6500015258789,99.56999969482422,99.68000030517578,459500.0,23.63414205248696,27.691066196833503,33.25527612255226,32.293859892000384,32.38661487245673,1.53,10.0,2.88,0.65,120.1108601892042
QTWO,2021-07-15,99.04000091552734,99.94000244140624,96.8000030517578,97.58000183105467,226400.0,24.53837382357696,27.761139920489093,33.31992965500185,32.33854959376152,32.40696913770464,1.41,10.0,2.34,0.62,117.58043661024675
QTWO,2021-07-16,98.41999816894533,99.77999877929688,98.0199966430664,99.0199966430664,175700.0,24.83262777362961,27.53994834263124,32.881283858863135,32.38366306602512,32.412496967989064,1.31,7.0,2.21,0.78,119.31557921667932
QTWO,2021-07-19,97.4000015258789,100.1500015258789,96.37999725341795,99.4800033569336,335900.0,24.85089128971251,27.48616472484181,32.87390055132063,32.25119770205778,32.33546928178748,1.2,6.0,1.34,0.78,119.8698709695509
QTWO,2021-07-20,100.3499984741211,104.2699966430664,99.26000213623048,103.20999908447266,493300.0,26.830887528703844,28.522617965584075,31.870849847680287,32.48975537841904,32.30691945144843,1.17,4.0,1.39,0.52,124.36438334881612
QTWO,2021-07-21,103.62000274658205,105.73999786376952,103.20999908447266,104.83999633789062,284800.0,26.985660719895836,28.325980993365967,31.988287316821932,32.43934214321145,32.33551972699015,1.14,4.0,1.35,0.5,126.32847214912391
QTWO,2021-07-22,104.83000183105467,105.52999877929688,103.9499969482422,104.87000274658205,121800.0,26.8780159914522,28.32282828006536,31.70038279478526,32.365842501434905,32.31303189496189,1.12,2.0,0.27,0.57,126.36462880590645
QTWO,2021-07-23,105.20999908447266,105.62000274658205,104.5,104.87000274658205,118100.0,25.871518261746253,28.2254042474024,31.39935115481794,31.97522470901019,32.30849094155575,1.11,1.0,-0.6,0.7,126.36462880590645
QTWO,2021-07-26,105.0500030517578,105.0500030517578,103.51000213623048,104.62000274658205,205000.0,23.708217823955604,27.88807510075474,29.697839055320447,31.70221078681729,32.26649072337911,1.21,1.0,-0.64,0.31,126.06338768476508
QTWO,2021-07-27,104.75,105.61000061035156,101.8000030517578,103.83999633789062,347500.0,23.74850881797394,27.81858434176413,29.04198757697728,31.40635454548028,32.202020569912825,1.33,1.0,-0.6,0.43,125.12350766455853
QTWO,2021-07-28,104.3000030517578,105.43000030517578,104.12999725341795,104.5,213300.0,23.802914028773547,27.772180853126084,29.06232722821558,31.297839712993863,32.205283257902416,1.44,2.0,-0.56,0.43,125.91878863708341
QTWO,2021-07-29,105.13999938964844,105.55999755859376,104.4000015258789,104.45999908447266,167800.0,23.615170412310057,26.07200482670908,28.72379194921017,31.28860632187852,32.18989848837607,1.56,1.0,-0.54,0.56,125.87058895452287
QTWO,2021-07-30,103.91000366210938,105.1999969482422,103.3000030517578,103.30999755859376,202900.0,22.32588114540752,25.400476527883196,28.382132364133188,31.21983367304956,32.15680891357055,1.68,1.0,-0.49,0.62,124.4848779586428
QTWO,2021-08-02,103.8499984741211,105.16999816894533,100.37999725341795,100.5999984741211,494300.0,23.596914421695168,25.995593888009367,28.648924841228325,31.37612524439489,32.262922425461014,1.79,2.0,-0.44,0.52,121.21942530864851
QTWO,2021-08-03,100.31999969482422,100.55999755859376,97.20999908447266,98.41000366210938,368600.0,23.84872862121464,25.87853459140198,28.12693917288677,31.470580021894,32.0530378725567,1.9,1.0,-0.49,0.47,118.58055933879193
QTWO,2021-08-04,98.20999908447266,100.3000030517578,97.3499984741211,98.81999969482422,310300.0,23.61036921818548,23.275569494681623,28.1220777271362,31.47224146477004,32.04591017279729,2.01,1.0,-0.51,0.49,119.07458999702602
QTWO,2021-08-05,95.45999908447266,96.1500015258789,92.30999755859376,92.44000244140624,898200.0,29.86811176604016,27.11408142272261,29.90343889180488,32.38252274430697,32.66584805672969,2.06,9.0,-0.72,1.09,111.3869198950326
QTWO,2021-08-06,92.44000244140624,92.88999938964844,89.75,89.95999908447266,600000.0,30.3181137048526,27.425730271639427,30.142980864384857,32.52059864948529,32.63031720091175,2.1,10.0,-0.8,0.97,108.3986039283247
QTWO,2021-08-09,89.5,89.51000213623047,87.0,87.3499984741211,644300.0,30.73162287401222,28.033598675134424,30.40936497948077,32.58594799397791,32.65043079277671,2.14,11.0,-0.61,0.85,105.25364588815707
QTWO,2021-08-10,87.69999694824219,88.16999816894531,83.68000030517578,83.75,470900.0,32.122220322136705,28.63407059684229,30.23147927077407,32.75771494946491,32.157525683195374,2.17,11.0,0.06,0.83,100.91577558235154
QTWO,2021-08-11,83.9800033569336,84.05000305175781,82.04000091552734,83.48999786376953,407100.0,32.1414625161061,28.563337934058737,30.135529322562547,32.728844255092504,32.15300738898963,2.21,10.0,0.44,0.85,100.6024822422827
QTWO,2021-08-12,83.19000244140625,83.48999786376953,81.19999694824219,81.26000213623047,319600.0,31.791679155969515,28.599006482694268,30.332764142622555,32.80020150272071,32.19758910026948,2.24,13.0,0.94,0.73,97.91541658986557
QTWO,2021-08-13,80.66000366210938,81.23999786376953,79.77999877929688,80.30999755859375,481900.0,31.37759341142162,28.601879985461647,30.219848486907114,32.82071540829937,32.11470117998609,2.27,12.0,1.24,0.79,96.77069481363877
QTWO,2021-08-16,79.66999816894531,79.8499984741211,78.0999984741211,78.7300033569336,345900.0,31.36704838609219,28.764171474240115,29.81705258002637,32.86104939204919,32.14514101799467,2.31,9.0,1.46,0.9,94.86685791481904
QTWO,2021-08-17,77.94999694824219,79.04000091552734,76.9000015258789,78.9800033569336,443800.0,31.43848174666757,28.791041917218717,29.826379404271275,32.860173486396086,32.09644405312069,2.34,10.0,1.43,0.91,95.16809903596038
QTWO,2021-08-18,79.16000366210938,81.2699966430664,78.76000213623047,80.93000030517578,648300.0,32.77721538496658,29.198489174913227,29.987759009963103,32.97185920001729,32.19401872153555,2.37,12.0,1.21,0.87,97.51777610360311
QTWO,2021-08-19,80.4000015258789,81.73999786376953,79.91999816894531,80.5,607500.0,32.66948348787144,29.202525364135635,29.53561277925126,32.973941448994104,32.189870664402775,2.4,8.0,1.0,1.05,96.99964100751403
QTWO,2021-08-20,80.4800033569336,81.83999633789062,80.43000030517578,80.91999816894531,553600.0,32.60138768993244,28.969575274184816,29.549170320564222,32.9759956589288,32.18355549246758,2.43,9.0,0.79,1.06,97.50572388467562
QTWO,2021-08-23,80.93000030517578,82.45999908447266,80.93000030517578,82.43000030517578,303200.0,33.49555082660343,29.27753289509627,29.56924482311033,32.89620580533729,32.232930599108215,2.47,10.0,0.56,1.06,99.32522283045121
QTWO,2021-08-24,83.0,84.33000183105469,82.58999633789062,84.01000213623047,408300.0,34.28717319952192,29.560677243652467,29.356832715413965,32.98895126759776,32.25370695150405,2.5,8.0,0.35,1.1,101.22906892242038
QTWO,2021-08-25,84.0,85.0999984741211,83.63999938964844,84.51000213623047,356700.0,34.02128790707948,29.574497960354336,29.35903011183083,32.923830035528304,32.25796220316467,2.54,9.0,0.17,1.1,101.83155116470309
QTWO,2021-08-26,83.97000122070312,85.01000213623047,83.08999633789062,83.68000030517578,345300.0,33.72037287622891,29.61422965997953,29.38295873215425,32.9269283791462,32.22011780053281,2.57,10.0,0.0,1.07,100.83142843615795
QTWO,2021-08-27,83.70999908447266,88.47000122070312,83.70999908447266,87.69000244140625,439800.0,36.52995228234875,31.268172604856236,30.276043280805613,33.38469332882604,32.56097584018357,2.59,23.0,-0.12,1.12,105.663338593347
QTWO,2021-08-30,87.9800033569336,88.12999725341797,86.87999725341797,87.19999694824219,350400.0,36.43883096609363,31.274520726070687,30.20400073054978,33.28709396237029,32.56325204662861,2.61,21.0,-0.24,1.13,105.07289937684237
QTWO,2021-08-31,87.41000366210938,88.37999725341797,86.94999694824219,88.08999633789062,292000.0,34.592052181076475,31.303442704517163,30.262289940487065,33.27016898235953,32.57990177703082,2.63,24.0,-0.34,1.12,106.1453170326536
QTWO,2021-09-01,88.56999969482422,90.63999938964844,88.56999969482422,90.25,373000.0,35.127000314794635,31.7275457811479,30.51352841232981,33.235000618598306,32.558711001421095,2.64,28.0,-0.41,1.05,108.7480447320266
QTWO,2021-09-02,90.8499984741211,92.33999633789062,89.94999694824219,90.33999633789062,409100.0,35.13688523590321,31.715813554179125,30.496226168450203,33.20308975365708,32.55787782402472,2.66,28.0,-0.46,1.05,108.85648712292576
QTWO,2021-09-03,89.52999877929688,91.12000274658205,89.26000213623047,90.61000061035156,269900.0,35.18418988658786,31.16465078492577,30.303095506375584,33.17255888443428,32.13382612420451,2.67,26.0,-0.51,1.12,109.18183268192207
QTWO,2021-09-07,90.55999755859376,91.3000030517578,89.51000213623047,89.5999984741211,309600.0,35.22293388258804,30.183066378856843,30.323235717381408,33.01388789752689,32.09797609649747,2.69,27.0,-0.56,1.09,107.9648159784292
QTWO,2021-09-08,88.95999908447266,89.83999633789062,88.08999633789062,88.76000213623047,587000.0,35.23846507546053,30.151254725682406,30.34313106508303,33.006329406510936,31.885820552247345,2.7,29.0,-0.61,1.07,106.95265022410601
QTWO,2021-09-09,88.19999694824219,88.9800033569336,87.36000061035156,87.36000061035156,389200.0,35.19349271373718,30.27696202763127,30.03285474788037,32.98452341575305,31.91282216269113,2.72,19.0,-0.68,1.19,105.26569810708457
QTWO,2021-09-10,87.61000061035156,88.62000274658203,86.13999938964844,86.37999725341797,314100.0,35.18484898404249,30.298848763312275,29.943821478937465,32.85007566026684,31.838745366872452,2.73,18.0,-0.76,1.24,104.08482886722472
QTWO,2021-09-13,87.16999816894531,87.16999816894531,84.11000061035156,84.83000183105469,444600.0,35.32596489380045,29.733730722098763,29.815496827204697,32.90362927366952,31.78546246298093,2.75,15.0,-0.83,1.25,102.21713943203802
QTWO,2021-09-14,84.83000183105469,84.83000183105469,83.38999938964844,84.0,513600.0,34.831517220023464,29.75952168254025,29.788142205333862,32.915336952050865,31.711199172426603,2.76,15.0,-0.89,1.25,101.2170167034929
QTWO,2021-09-15,83.43000030517578,84.0,82.72000122070312,83.66000366210938,468200.0,34.50205114545207,29.510184752871357,29.771369606607976,32.90525553793171,31.702160740818545,2.78,15.0,-0.95,1.25,100.80733319145239
QTWO,2021-09-16,83.91000366210938,85.5199966430664,83.5,85.22000122070312,557100.0,35.09166150046841,29.715253152946136,29.693791228882805,32.98132489069791,31.75722560992565,2.79,14.0,-0.99,1.28,102.68707484556658
QTWO,2021-09-17,85.93000030517578,87.55000305175781,85.18000030517578,87.12000274658203,662100.0,30.6584464018418,30.104751491447672,29.935979374390424,33.01765181018798,31.823661236545064,2.8,22.0,-1.02,1.19,104.97650920487072
QTWO,2021-09-20,85.81999969482422,85.81999969482422,83.75,84.76000213623047,349000.0,30.67769923015526,30.41975440080564,30.132553620688512,33.138552581825785,31.86819365582616,2.81,26.0,-1.06,1.08,102.13279228584445
QTWO,2021-09-21,85.04000091552734,86.45999908447266,85.04000091552734,85.58000183105469,471300.0,29.713733015194983,30.313726093797627,30.0361381507484,33.094292419023006,31.77749214490333,2.82,26.0,-1.08,1.15,103.12086279546209
QTWO,2021-09-22,85.91000366210938,86.01000213623047,83.55000305175781,84.7300033569336,393300.0,27.17472805228665,30.256165211357057,30.019715068942336,33.10205210707339,31.746763854142568,2.82,25.0,-1.11,1.16,102.09664482221139
QTWO,2021-09-23,85.4000015258789,87.44000244140625,84.73999786376953,87.02999877929688,271600.0,28.20207104101777,30.89761955171936,30.339001383688707,33.135947952136924,31.611376124335894,2.83,39.0,-1.13,1.07,104.86805762082211
QTWO,2021-09-24,86.8499984741211,87.5199966430664,85.94999694824219,87.51000213623047,226100.0,26.895839873380247,30.32299272236581,29.52650444152568,32.971709316172216,31.616369359336133,2.83,11.0,-1.16,1.26,105.44644461839927
QTWO,2021-09-27,86.41000366210938,87.26000213623047,85.3499984741211,87.2300033569336,310200.0,26.61535489499724,30.21535796551084,29.16958555545802,32.89736105598772,31.435909800868284,2.84,8.0,-1.18,1.43,105.10905603362485
QTWO,2021-09-28,87.01000213623047,87.01000213623047,83.37000274658203,83.4000015258789,294100.0,29.315941414086836,31.39455734315281,29.984361565852574,33.267230894473,31.751315323270536,2.83,26.0,-1.23,1.23,100.49403985138355
QTWO,2021-09-29,83.98999786376953,83.98999786376953,81.36000061035156,82.05999755859375,375100.0,29.77798666315448,31.484311308295798,29.751652161787018,33.29036280252245,31.763861038018888,2.83,18.0,-1.26,1.28,98.87938266162821
QTWO,2021-09-30,81.73999786376953,82.80000305175781,79.66000366210938,80.13999938964844,502000.0,29.79438484178417,31.718656547816725,28.759427711221207,33.38328063985099,31.84653800433005,2.83,6.0,-1.28,1.22,96.56585305761853
QTWO,2021-10-01,80.27999877929688,82.4000015258789,79.80999755859375,81.73999786376953,350800.0,30.31169972015669,31.975172313501204,28.95122418431647,33.4111981196184,31.790817195116357,2.82,7.0,-1.31,1.14,98.49379439429326
QTWO,2021-10-04,81.5999984741211,81.5999984741211,75.52999877929688,76.0,588500.0,36.96473168464702,34.88159966857007,30.988538652282,34.42372433710166,32.55523028654181,2.79,50.0,-1.28,1.91,91.57730082696975
QTWO,2021-10-05,76.0,77.0199966430664,75.69000244140625,76.4000015258789,389200.0,36.52073430106974,34.93889612157307,30.97931231134317,34.29383700650754,32.4871350864607,2.77,50.0,-1.26,1.92,92.0592884594258
QTWO,2021-10-06,75.44000244140625,79.30000305175781,75.33000183105469,79.23999786376953,507300.0,37.74938386816069,35.940260902235224,31.214547159212003,34.47995637371357,32.5863957212103,2.74,52.0,-1.3,1.87,95.48138318287978
QTWO,2021-10-07,80.0,81.41999816894531,79.47000122070312,79.5999984741211,262600.0,37.726137046032896,35.72629885354948,31.188914071992784,34.45662833900283,32.547645671690894,2.71,52.0,-1.33,1.91,95.91517113277528
QTWO,2021-10-08,79.3499984741211,79.3499984741211,76.20999908447266,76.27999877929688,195200.0,39.47231134581817,36.43321953634578,31.635840783201346,34.6372406740458,32.814201734678804,2.68,55.0,-1.33,1.71,91.91468941174415
QTWO,2021-10-11,76.12000274658203,76.62000274658203,73.77999877929688,73.80000305175781,292100.0,37.43388050635522,36.695082676349365,31.98009071618972,34.81141995548132,32.97035403329299,2.65,58.0,-1.3,1.54,88.92638263818567
QTWO,2021-10-12,73.98999786376953,75.70999908447266,73.51000213623047,75.19999694824219,1046700.0,38.10384299173228,36.965904203134784,32.131474558410126,34.89686381859299,33.02216439473512,2.61,60.0,-1.31,1.49,90.61332556205767
QTWO,2021-10-13,75.66999816894531,77.66000366210938,75.33999633789062,77.13999938964844,454800.0,38.88154004493111,36.49258525775473,32.43189593751785,34.98803922125495,33.12481505745974,2.58,61.0,-1.34,1.39,92.95095960392234
QTWO,2021-10-14,77.81999969482422,80.9800033569336,77.81999969482422,80.94000244140625,418200.0,40.96839553625082,37.85065935416737,33.33341373784596,35.29377843619733,33.42816236160045,2.55,67.0,-1.37,1.3,97.52982832253062
QTWO,2021-10-15,81.91000366210938,81.91000366210938,81.08000183105469,81.58999633789062,308800.0,41.08718301626696,37.92360731829719,33.3684268121748,35.20261176778662,33.43471682050348,2.52,68.0,-1.39,1.29,98.31304788297857
QTWO,2021-10-18,81.11000061035156,82.19000244140625,80.81999969482422,81.55000305175781,316300.0,41.05262527210555,37.921430200849606,33.24090055368349,35.06600020054386,33.4269509722073,2.48,65.0,-1.41,1.33,98.26485739356747
QTWO,2021-10-19,81.97000122070312,82.31999969482422,81.38999938964844,81.95999908447266,129800.0,41.057571371047295,37.96678957183643,33.24081021505025,34.62635183033625,33.42440653947347,2.45,65.0,-1.43,1.34,98.75888805180156
QTWO,2021-10-20,82.41999816894531,82.41999816894531,81.16000366210938,81.47000122070312,203500.0,41.022828157205865,37.962299084363096,33.21994845528078,34.590871302900226,33.427540651124765,2.41,65.0,-1.45,1.36,98.16845802844637
QTWO,2021-10-21,81.16999816894531,81.75,79.7699966430664,80.41000366210938,228200.0,40.95339249467592,37.94425035892581,33.25548186273629,34.45016057550852,33.438641314190804,2.38,69.0,-1.47,1.32,96.89119861661487
QTWO,2021-10-22,80.36000061035156,80.69999694824219,78.7699966430664,79.91999816894531,354900.0,40.88731671131104,37.936719436166136,33.26135384214384,34.21562651173757,33.422145823844254,2.35,70.0,-1.48,1.31,96.30075940011022
QTWO,2021-10-25,80.0,82.0,79.38999938964844,80.9800033569336,263100.0,40.86099738828211,38.08150408485563,33.34497145103343,34.249995637272136,33.44859709636523,2.33,73.0,-1.49,1.29,97.57802800509117
QTWO,2021-10-26,81.73999786376953,82.08000183105469,79.72000122070312,80.51000213623047,333700.0,40.80682782197798,37.793643964664966,33.34793327465366,34.24083091586616,33.41795984344766,2.31,74.0,-1.5,1.28,97.01169322644152
QTWO,2021-10-27,80.33000183105469,81.12000274658203,77.8499984741211,77.91000366210938,374200.0,41.80835194325978,38.08124775910616,33.673283854478605,34.37567328907852,33.57271745215797,2.28,76.0,-1.51,1.13,93.8787874052014
QTWO,2021-10-28,78.29000091552734,79.41000366210938,78.29000091552734,79.05999755859375,292200.0,41.65711701397005,38.23643970253463,33.77275028605331,34.43993099116945,33.521719817212414,2.26,77.0,-1.51,1.1,95.26448920793203
QTWO,2021-10-29,78.55000305175781,80.33000183105469,77.93000030517578,78.45999908447266,349700.0,41.02027295443567,35.9241555291506,33.78029580086003,34.42165144687998,33.49068477984582,2.24,78.0,-1.52,1.09,94.54151235582269
QTWO,2021-11-01,78.5999984741211,79.3499984741211,77.94000244140625,78.5,504600.0,40.39612952957011,35.56528698701346,33.44706986384972,34.40432330402579,33.43039876846974,2.21,76.0,-1.51,1.2,94.58971203838324
QTWO,2021-11-02,78.38999938964844,78.38999938964844,75.19999694824219,76.2300033569336,435300.0,40.94988079293622,35.562075086747335,33.12227825576654,34.51506494097464,33.510996105880906,2.17,65.0,-1.48,1.2,91.85444670340556
QTWO,2021-11-03,75.62999725341797,77.9800033569336,74.52999877929688,77.73999786376953,562700.0,41.46042343911138,34.852405761489834,33.2727320131226,34.13731656671023,33.285926969698195,2.14,72.0,-1.46,1.14,93.6739364560317
QTWO,2021-11-04,79.23999786376953,89.54000091552734,78.12999725341797,87.11000061035156,1732100.0,52.947966562775136,42.072522328175445,38.06928094869155,36.8319177100143,35.01470986296836,2.19,100.0,-1.41,4.96,104.96445698594322
QTWO,2021-11-05,86.8499984741211,87.7300033569336,84.80999755859375,86.66000366210938,800100.0,52.94257053064047,41.6926041147674,38.053844181273774,36.799699162809816,34.8097156746343,2.25,99.0,-1.37,4.97,104.42222664514857
QTWO,2021-11-08,86.30999755859375,88.5199966430664,85.41000366210938,86.26000213623047,394900.0,52.95089232551732,41.62440449605597,37.740840818525214,36.512721532119386,34.73144960495716,2.3,98.0,-1.32,5.25,103.94023901269252
QTWO,2021-11-09,85.94000244140625,88.87999725341797,85.94000244140625,88.75,411600.0,51.847356193354685,41.75807647742074,38.04676154710115,36.68118588820764,34.84644363278915,2.35,98.0,-1.27,4.97,106.9405980051785
QTWO,2021-11-10,87.83000183105469,88.94000244140625,83.94000244140625,84.4000015258789,304500.0,53.79339106734163,43.10758765520827,38.72833186291759,36.34010309238688,35.13241301217353,2.41,100.0,-1.21,4.65,101.69900433594894
QTWO,2021-11-11,85.0999984741211,85.91000366210938,84.80999755859375,85.04000091552734,286900.0,53.31104726609978,42.85653812151602,38.70437375285844,36.357462325655966,35.14257913688536,2.48,99.0,-1.15,4.68,102.47018087061883
QTWO,2021-11-12,85.45999908447266,86.80999755859375,85.0199966430664,85.31999969482422,184900.0,53.04647075986101,42.84007201544818,38.68617953052348,36.21804178401874,35.139052899175496,2.55,98.0,-1.1,4.69,102.80756945539322
QTWO,2021-11-15,85.26000213623047,87.31999969482422,84.33999633789062,87.02999877929688,361300.0,48.36947639386518,43.006624068815206,38.81847846537701,36.169052656070086,35.19834200833279,2.63,100.0,-1.05,4.58,104.86805762082211
QTWO,2021-11-16,86.91000366210938,88.80000305175781,85.66999816894531,88.73999786376953,371100.0,48.56307159643471,43.02371116749747,38.837502847846814,35.46498250497568,35.21947970536518,2.71,100.0,-0.99,4.53,106.928545786251
QTWO,2021-11-17,88.70999908447266,88.97000122070312,86.88999938964844,87.54000091552734,742600.0,47.90526883769674,42.96774516732489,38.85501097838251,35.194240169640025,35.235214920840875,2.79,100.0,-0.92,4.53,105.4825920820323
QTWO,2021-11-18,87.70999908447266,88.13999938964844,84.72000122070312,87.69000244140625,856700.0,47.906041505839006,42.95442979622383,38.85648098854517,35.19582001776232,35.1663876258668,2.86,100.0,-0.85,4.53,105.663338593347
QTWO,2021-11-19,88.12000274658203,90.8499984741211,87.97000122070312,89.02999877929688,649700.0,45.99123699911707,42.99980088023796,38.62897819834613,35.10360240147315,35.08549174363755,2.93,93.0,-0.77,4.63,107.27798658995289
QTWO,2021-11-22,89.08999633789062,89.08999633789062,83.04000091552734,83.08999633789062,698200.0,49.62908959501332,44.26860937987097,40.049517062700914,35.83035600814288,35.72311849161282,3.03,100.0,-0.67,4.18,100.12049460982666
QTWO,2021-11-23,82.56999969482422,84.27999877929688,80.19999694824219,80.4000015258789,470100.0,50.53952664439048,44.74375001698173,40.33709372168683,36.01097559912654,35.8225521895665,3.14,100.0,-0.57,4.02,96.87914639768738
QTWO,2021-11-24,79.2300033569336,83.61000061035156,77.61000061035156,83.16000366210938,397300.0,50.92599038630833,45.26133321013048,40.74391511622276,35.93293154590805,35.994674993120256,3.25,100.0,-0.46,3.76,100.20485094916968
QTWO,2021-11-26,81.9800033569336,83.43000030517578,80.19999694824219,80.66000366210938,212700.0,49.897987314511575,45.35080075853742,40.98514455339019,36.08792181575508,36.09736239401796,3.36,100.0,-0.34,3.64,97.19243973775622
QTWO,2021-11-29,81.62999725341797,82.13999938964844,79.26000213623047,79.41000366210938,377400.0,50.03356320691198,45.433662713979786,40.96747339286823,36.088463810487326,36.11966848263455,3.47,99.0,-0.21,3.65,95.68623413204948
QTWO,2021-11-30,79.2300033569336,81.62000274658203,78.2300033569336,80.30000305175781,340600.0,50.155398763978766,45.50377816324353,40.99720801403119,36.1085266538517,36.11543849622532,3.57,100.0,-0.07,3.63,96.75865178786071
QTWO,2021-12-01,81.61000061035156,81.61000061035156,75.81999969482422,76.06999969482422,495000.0,52.46367328384124,46.70781186460186,41.80012226310932,36.61359882209085,36.49842310411572,3.69,100.0,0.07,3.31,91.66164797316337
QTWO,2021-12-02,75.61000061035156,78.2699966430664,75.45999908447266,77.87999725341797,375800.0,52.98670029134648,46.99310707405227,42.00817865279996,36.34356398307789,36.57969214287459,3.81,100.0,0.22,3.19,93.8426307484189
QTWO,2021-12-03,77.70999908447266,77.8499984741211,71.29000091552734,71.95999908447266,614600.0,57.49774745534037,49.496653028564495,43.58796621673896,37.43730399723093,37.2869664719117,3.96,100.0,0.36,2.95,86.70924320614765
QTWO,2021-12-06,71.54000091552734,76.63999938964844,69.91000366210938,76.30999755859375,502800.0,60.26288502995454,51.06326198559471,44.5836297957956,38.10373529187126,37.77625664049949,4.14,100.0,0.5,2.65,91.9508368753772
QTWO,2021-12-07,78.80000305175781,80.63999938964844,77.5999984741211,78.91000366210938,489200.0,60.97801776295586,51.46464879873166,44.86736360863519,38.26154019119479,37.89035307817292,4.31,100.0,0.69,2.53,95.08375188976679
QTWO,2021-12-08,79.0999984741211,81.94000244140625,77.7300033569336,81.87000274658203,472500.0,61.92205008881848,52.01592248095711,45.28253204058632,38.28474568047116,38.07716114060359,4.49,100.0,0.92,2.36,98.6504456609024
QTWO,2021-12-09,81.36000061035156,82.83999633789062,79.87000274658203,80.94999694824219,389500.0,61.223899464388346,52.058679940520825,44.87659878127853,38.299706786864725,38.06492854680288,4.64,99.0,1.18,2.53,97.54187134830866
QTWO,2021-12-10,81.6500015258789,82.91999816894531,78.30000305175781,79.31999969482422,593200.0,61.399323996363286,52.06061626156313,44.87101141838742,38.310873258072135,38.04946165588344,4.78,98.0,1.41,2.54,95.57778254800088
QTWO,2021-12-13,78.94999694824219,81.70999908447266,78.62999725341797,81.23999786376953,410200.0,61.73379973911655,52.097617325109965,45.06861824796774,38.219591469762335,38.1061233602363,4.92,99.0,1.66,2.45,97.89131215201057
QTWO,2021-12-14,80.08999633789062,80.33000183105469,76.02999877929688,77.5,767600.0,63.30158728570421,52.67436379379898,45.61829844695116,38.60061631878332,38.26928665900343,5.06,100.0,1.85,2.26,93.38474755381785
QTWO,2021-12-15,76.5,79.33000183105469,75.41999816894531,79.27999877929688,493200.0,63.03249874491339,52.86018869636582,45.80080087056879,38.6425446218076,38.326504759312165,5.19,100.0,2.04,2.18,95.52958286544033
QTWO,2021-12-16,79.69999694824219,80.4000015258789,77.95999908447266,78.88999938964844,439400.0,62.81409038149231,52.834782196043065,45.79591176229422,38.48136107730148,38.30655529487687,5.31,99.0,2.22,2.18,95.05964745191179
QTWO,2021-12-17,77.41000366210938,81.70999908447266,76.5999984741211,80.41999816894531,804000.0,53.23923694570728,52.68608544880247,45.90636277652217,38.55024381367539,38.25378491586414,5.42,100.0,2.22,2.13,96.90324164239293
QTWO,2021-12-20,78.48999786376953,80.87999725341797,77.56999969482422,78.69999694824219,377700.0,53.51923494555334,52.82917843826823,46.00371318750731,38.623789346628094,38.29350957728677,5.52,100.0,1.86,2.09,94.83070125803653
QTWO,2021-12-21,79.2300033569336,81.26000213623047,79.2300033569336,80.56999969482422,309200.0,54.0718951891893,53.080714226850375,46.17289924073625,38.68481159203359,38.3389557348619,5.62,100.0,1.24,2.02,97.08398815370762
QTWO,2021-12-22,81.20999908447266,81.76000213623047,80.19999694824219,81.75,198600.0,53.53228281407716,52.38978697859598,46.088019274670565,38.69775940468377,38.28288494349395,5.71,99.0,0.76,2.04,98.50584661322075
QTWO,2021-12-23,81.76000213623047,82.3499984741211,80.55000305175781,81.87999725341797,144700.0,51.60758492927442,52.28644518388602,45.98031959314965,38.6992408431478,38.28416785676881,5.78,97.0,0.39,2.08,98.66248868668046
QTWO,2021-12-27,81.7699966430664,82.38999938964844,80.54000091552734,80.9000015258789,165900.0,51.637478005794215,52.115865917512814,45.99844628847444,38.709789824972354,38.29748235648365,5.85,97.0,-0.62,2.08,97.48162863997007
QTWO,2021-12-28,80.48999786376953,81.47000122070312,78.62999725341797,79.1500015258789,236400.0,51.9417235954986,52.14522748680525,44.93003413265366,38.77744425185056,38.34249753150614,5.91,89.0,-0.69,2.28,95.37294079198062
QTWO,2021-12-29,79.13999938964844,79.13999938964844,77.81999969482422,78.52999877929688,175800.0,51.52499863841923,49.95309724139562,44.75365453932416,38.69621781802103,38.33682388368308,5.97,85.0,-0.67,2.36,94.62585950201628
QTWO,2021-12-30,78.8499984741211,81.69000244140625,78.8499984741211,80.30999755859375,223900.0,51.646041141866085,50.14560573962429,44.68237670794296,38.79216958029474,38.36111727374114,6.02,84.0,-0.62,2.37,96.77069481363877
QTWO,2021-12-31,80.0,81.44000244140625,79.38999938964844,79.44000244140625,175500.0,51.604923526038114,49.64392897189743,44.22141667835998,38.80590370110965,38.36176800973767,6.06,82.0,-0.63,2.54,95.72238159568252
QTWO,2022-01-03,79.83000183105469,81.4000015258789,78.0,81.11000061035156,173600.0,52.05868436853461,49.81848618814942,44.34864559444048,38.72268380785931,38.38118689355704,6.1,82.0,-0.62,2.47,97.73467007855086
QTWO,2022-01-04,81.26000213623047,81.55999755859375,77.75,79.56999969482422,319000.0,51.99155956788537,49.18368171373737,44.24476823660534,38.72386874580034,38.41806534470836,6.13,81.0,-0.64,2.52,95.87902366914223
QTWO,2022-01-05,78.58000183105469,79.0999984741211,74.12999725341797,74.80000305175781,337300.0,51.239222623665015,50.36609249684966,45.27894992829496,39.27867465513474,38.798104034366176,6.18,90.0,-0.67,2.26,90.13134712275107
QTWO,2022-01-06,73.91000366210938,77.55999755859375,73.37999725341797,75.31999969482422,273900.0,50.54871787231878,50.23779877639007,45.190066975381896,39.27055037838458,38.70088205118109,6.22,89.0,-0.69,2.29,90.75792460973932
QTWO,2022-01-07,75.27999877929688,76.66000366210938,74.9800033569336,75.66000366210938,345000.0,49.44091995232624,49.96726732707674,45.19327687586111,39.270692917113024,38.661010808738354,6.25,89.0,-0.72,2.29,91.16761731492926
QTWO,2022-01-10,74.31999969482422,74.31999969482422,70.5,72.77999877929688,363200.0,49.8957232986261,49.54313674802963,45.42277970297442,39.40750437837763,38.82454547617842,6.28,91.0,-0.7,2.22,87.69731371576529
QTWO,2022-01-11,72.06999969482422,75.91999816894531,72.06999969482422,75.19999694824219,264300.0,50.82692914628737,50.007931896524326,45.732139433109054,39.61959057906193,38.97161287208289,6.31,92.0,-0.74,2.09,90.61332556205767
QTWO,2022-01-12,76.16999816894531,77.19999694824219,72.5199966430664,74.0199966430664,270800.0,50.83016370785731,50.09511311332288,45.78498979119133,39.62331759440081,38.9950545549732,6.34,92.0,-0.78,2.07,89.19146710254454
QTWO,2022-01-13,71.44999694824219,72.69000244140625,68.4000015258789,68.5999984741211,558200.0,53.10339814313755,52.340901366054446,47.20372318484707,40.51575254346682,39.64247140627695,6.38,100.0,-0.47,1.9,82.66056180255597
QTWO,2022-01-14,67.61000061035156,68.97000122070312,64.54000091552734,65.87000274658203,472300.0,53.52490952246768,52.90415485955996,47.48175439220186,40.75166255448984,39.8212394533156,6.42,100.0,0.09,1.81,79.37101390785615
QTWO,2022-01-18,64.73999786376953,66.69999694824219,62.380001068115234,62.43999862670898,650400.0,50.923664151894165,53.85434617885711,48.14727105941488,41.18646854619656,40.05664388284673,6.47,100.0,1.01,1.64,75.23798076149613
QTWO,2022-01-19,62.31999969482422,66.38999938964844,62.31999969482422,64.55999755859375,672700.0,48.66296112867573,54.40059538195413,48.47934004880672,41.08935464273522,40.14077890685084,6.51,100.0,1.08,1.53,77.79250418173386
QTWO,2022-01-20,65.38999938964844,68.45999908447266,63.459999084472656,63.59999847412109,467100.0,47.2892040496014,54.33668601863535,47.86499172755956,40.98713146829988,40.13743572459933,6.55,98.0,1.18,1.7,76.635739379729
QTWO,2022-01-21,62.91999816894531,64.72000122070312,61.18999862670898,63.43999862670898,441700.0,45.445997734157295,54.33624245865951,47.86357317433041,40.9846086807651,40.05450065572466,6.59,97.0,1.18,1.7,76.44294524606153
QTWO,2022-01-24,61.470001220703125,66.11000061035156,60.880001068115234,65.98999786376953,579200.0,47.50439868498814,54.71311867360605,48.29439403588918,41.1441309270527,40.27698507103422,6.63,99.0,1.02,1.57,79.51560376238834
QTWO,2022-01-25,63.619998931884766,64.2300033569336,60.130001068115234,60.150001525878906,594400.0,53.53567329759959,57.59790737073004,50.15278963412829,42.07031358351068,41.25562269060067,6.69,100.0,1.23,1.56,72.47861558523819
QTWO,2022-01-26,62.29999923706055,63.5099983215332,58.86000061035156,59.7400016784668,438500.0,52.615509140816194,57.596360676551605,50.14811561345619,42.07059458583346,41.21157516575572,6.75,99.0,1.32,1.57,71.98458033042937
QTWO,2022-01-27,61.119998931884766,61.61000061035156,57.0,57.36000061035156,473800.0,52.25330694656448,58.058092294673145,50.467862783908245,42.27123402411975,41.25346986596793,6.81,100.0,1.51,1.46,69.11676357012281
QTWO,2022-01-28,57.5,59.93999862670898,55.77999877929688,59.83000183105469,301500.0,53.59916947412749,58.63604034687799,50.9975392267121,42.58753022175019,41.436903885479296,6.87,100.0,1.37,1.33,72.09302731790325
QTWO,2022-01-31,59.84000015258789,65.29000091552734,59.630001068115234,65.25,522500.0,60.40985591657636,61.34240278065819,52.984201277527376,43.72765515928113,42.3152215104574,6.96,100.0,1.16,1.26,78.6239326178918
QTWO,2022-02-01,65.98999786376953,65.98999786376953,63.13999938964844,64.86000061035156,565000.0,59.92375282862616,56.313250317642215,52.94650919784646,43.71520783544208,42.048831908088495,7.03,99.0,0.94,1.27,78.15399720436325
QTWO,2022-02-02,65.4000015258789,65.4000015258789,62.86000061035156,64.02999877929688,335500.0,59.7939829258498,56.33689567833797,52.95349559829903,43.64257069171179,42.03898472076194,7.1,99.0,0.73,1.27,77.15387447581811
QTWO,2022-02-03,62.2599983215332,63.619998931884766,61.31999969482422,61.400001525878906,312300.0,59.91390104566731,56.841861396709405,53.26093439483226,43.88185274357675,42.12312842811865,7.16,100.0,0.54,1.19,73.98482119094493
QTWO,2022-02-04,61.20000076293945,63.68000030517578,61.20000076293945,63.33000183105469,414500.0,60.65963459076441,56.90801155338123,53.525094872982216,44.04840654374684,42.124002586582655,7.22,100.0,0.35,1.12,76.31040301388211
QTWO,2022-02-07,63.310001373291016,65.73999786376953,63.310001373291016,64.56999969482422,382700.0,61.13473851838651,56.3623527374216,53.64065226923259,44.122518139308966,42.17274042492101,7.28,100.0,0.18,1.09,77.80455640066135
QTWO,2022-02-08,63.72999954223633,65.25,63.5099983215332,64.9000015258789,523400.0,61.23598598161295,56.34222481987309,53.5488854352588,44.10390701434708,42.17482036427509,7.32,99.0,0.03,1.11,78.2021968869238
QTWO,2022-02-09,66.11000061035156,67.29000091552734,64.56999969482422,67.19999694824219,518500.0,62.26349920520398,56.89652335143898,53.73740263476902,44.32015803042118,42.32160816212217,7.36,100.0,-0.07,1.07,80.97360968553453
QTWO,2022-02-10,65.13999938964844,67.7699966430664,65.0,65.76000213623047,328900.0,62.43804192904386,56.78998565138797,53.67692649749992,44.325672837337606,42.36068929995901,7.4,99.0,-0.18,1.08,79.238467079102
QTWO,2022-02-11,66.13999938964844,66.98999786376953,62.54999923706055,63.27999877929688,389700.0,62.529837391336585,56.978628127000206,53.94136374465302,44.52763322462774,42.49522252500736,7.43,100.0,-0.3,1.02,76.25015111239406
QTWO,2022-02-14,62.81999969482422,64.70999908447266,62.70000076293945,63.18000030517578,456600.0,62.54991763522965,56.96001806657011,53.93024393177465,44.51789341035981,42.48402144387144,7.45,99.0,-0.41,1.02,76.12965650256743
QTWO,2022-02-15,64.52999877929688,66.54000091552734,64.16999816894531,66.19999694824219,341100.0,64.00577211854839,57.93861069436164,54.300843062771285,44.88625581753186,42.76193781331352,7.47,100.0,-0.49,0.95,79.76864520096915
QTWO,2022-02-16,66.83999633789062,67.44000244140625,62.459999084472656,66.06999969482422,635200.0,63.910332279535794,57.79410543429948,54.284950595906935,44.88546691602953,42.47884869644712,7.48,99.0,-0.56,0.96,79.61200312750944
QTWO,2022-02-17,65.79000091552734,66.55000305175781,62.810001373291016,63.45000076293945,591800.0,62.58111237042434,56.72745435330543,54.61304925468822,45.11498804282576,42.64162733979519,7.47,100.0,-0.64,0.88,76.45499746498903
QTWO,2022-02-18,63.04999923706055,64.22000122070312,61.810001373291016,62.380001068115234,616100.0,62.55303592536277,56.48029842350008,54.24899116782985,45.14651394272687,42.64553761929636,7.47,97.0,-0.72,0.96,75.16568583423005
QTWO,2022-02-22,60.959999084472656,63.83000183105469,60.959999084472656,62.459999084472656,439000.0,62.51170580356696,55.93705333272278,54.21091109019026,45.13131233414583,42.47639273081853,7.45,96.0,-0.81,0.97,75.26208060277642
QTWO,2022-02-23,63.119998931884766,63.40999984741211,58.880001068115234,58.91999816894531,428700.0,63.63842549679999,56.76857572244517,54.82777348684904,45.61305943961232,42.827228364875616,7.42,100.0,-0.86,0.86,70.99650522423701
QTWO,2022-02-24,56.09000015258789,65.80999755859375,56.09000015258789,65.54000091552734,555700.0,70.82816860420957,61.15964643447535,57.414335570256384,47.40486455535213,43.74904918080165,7.42,100.0,-0.92,1.04,78.97337342159369
QTWO,2022-02-25,65.37999725341797,66.30999755859375,62.75,63.560001373291016,421700.0,71.16312039816982,61.34097349323171,56.47745647854217,47.391862078129805,43.839745795261535,7.44,99.0,-0.99,1.15,76.58754429374319
QTWO,2022-02-28,63.130001068115234,65.47000122070312,62.709999084472656,65.05000305175781,395000.0,68.31852651715444,60.67980910815355,56.605815194702544,47.25692827637371,43.8268190825117,7.44,99.0,-1.05,1.11,78.3829433982385
QTWO,2022-03-01,65.0199966430664,66.66000366210938,63.0,63.72999954223633,399600.0,67.56965378958196,60.54077859579188,56.35169604083827,47.28944598226338,43.78376950611061,7.44,97.0,-1.11,1.19,76.79238604976344
QTWO,2022-03-02,64.22000122070312,64.22000122070312,61.380001068115234,63.29999923706055,229600.0,65.75524367999819,58.45595762861184,56.34599698574066,47.291482139434684,43.33389858781149,7.43,96.0,-1.16,1.19,76.27425095367434
QTWO,2022-03-03,63.63999938964844,63.63999938964844,61.0,61.38999938964844,380000.0,65.58695155824286,57.341646366309575,56.15980749907546,47.4010697651569,43.26074631532261,7.42,95.0,-1.21,1.23,73.97276897201743
QTWO,2022-03-04,61.27000045776367,62.31999969482422,57.77999877929688,60.20000076293945,687800.0,65.68134794855807,56.903768154991965,56.01172741967883,47.29140822941344,43.29480489487747,7.4,94.0,-1.25,1.27,72.5388628901515
QTWO,2022-03-07,60.84000015258789,60.869998931884766,58.72999954223633,58.7400016784668,330800.0,66.0109713516342,56.38735839119845,56.02405506412591,47.359367803266174,43.27549688471196,7.37,94.0,-1.29,1.28,70.77961584586397
QTWO,2022-03-08,57.9900016784668,60.0,56.86000061035156,58.02999877929688,376400.0,64.8432460984732,56.39138999532608,55.86458806112599,47.32222913796765,43.16945190592784,7.35,92.0,-1.31,1.34,69.92408756842578
QTWO,2022-03-09,59.900001525878906,60.09999847412109,59.0099983215332,59.619998931884766,317200.0,59.7466546997954,56.6954804792078,55.474578416540986,47.429452428029954,43.26494497900992,7.32,91.0,-1.34,1.43,71.83998128274773
QTWO,2022-03-10,58.27000045776367,58.86000061035156,57.16999816894531,57.65999984741211,316900.0,60.49201780346139,56.67468795781917,55.65391958927608,47.54774623016108,43.1758036663778,7.29,91.0,-1.36,1.4,69.47825199617749
QTWO,2022-03-11,58.04999923706055,58.04999923706055,55.84000015258789,56.0,313200.0,59.93149356863632,56.23267024289024,55.80132755386696,47.62877264256625,43.25458294158685,7.25,91.0,-1.35,1.37,67.47801113566193
QTWO,2022-03-14,55.630001068115234,56.18000030517578,51.45000076293945,51.540000915527344,411900.0,63.03250700870564,58.11568485489534,57.18098304288923,48.49845682928584,43.96762124475167,7.23,99.0,-1.26,1.23,62.10387063767821
QTWO,2022-03-15,51.7400016784668,54.22999954223633,51.65999984741211,54.119998931884766,605300.0,59.076802522971626,59.23859971684499,57.80715190648532,48.882099792501904,44.26774449587851,7.2,100.0,-1.25,1.08,65.21267661763807
QTWO,2022-03-16,54.93999862670898,58.54999923706055,54.93999862670898,58.5099983215332,678900.0,63.92265046857758,61.50082162565873,59.23679718067453,49.8297523681494,44.98954711965639,7.2,100.0,-1.28,0.9,70.50246996942818
QTWO,2022-03-17,57.880001068115234,60.9900016784668,57.880001068115234,60.790000915527344,799200.0,64.97397133316342,62.04317558407637,59.598000756595695,49.94561148382438,44.94995410704383,7.19,100.0,-1.31,0.81,73.24979211990808
QTWO,2022-03-18,61.040000915527344,63.08000183105469,60.41999816894531,62.970001220703125,753100.0,64.67294850314475,62.314078109134265,59.85022580002797,50.1277155155998,45.081143110867856,7.17,100.0,-1.32,0.75,75.87661506398662
QTWO,2022-03-21,61.86000061035156,63.630001068115234,61.130001068115234,63.59999847412109,618800.0,64.10741952238382,62.26254427859664,59.88043551757144,50.14648444228364,45.08442520948057,7.15,100.0,-1.32,0.73,76.635739379729
QTWO,2022-03-22,63.540000915527344,65.66000366210938,63.15999984741211,64.20999908447266,409100.0,63.913752223506,62.31538498746937,59.70916600116778,50.16574160286444,45.05728816811116,7.12,98.0,-1.33,0.76,77.37076845076587
QTWO,2022-03-23,63.209999084472656,63.97999954223633,61.4900016784668,63.08000183105469,314200.0,64.09251418629007,62.35766572538449,59.7016394314355,50.19462462410864,44.94048068938383,7.08,97.0,-1.34,0.77,76.00916189274076
QTWO,2022-03-24,63.41999816894531,63.81999969482422,61.25,63.77000045776367,300600.0,63.30196129957321,62.32129371461858,59.73156937666082,50.189221214956845,44.95693077507068,7.04,98.0,-1.34,0.76,76.84058573232399
QTWO,2022-03-25,64.12999725341797,64.12999725341797,61.31999969482422,62.209999084472656,252900.0,63.393199013193765,62.46678387419213,59.83842880186112,50.2441359827436,44.97945058435141,6.97,98.0,-1.34,0.74,74.96083948163508
QTWO,2022-03-28,62.16999816894531,63.59000015258789,60.709999084472656,61.630001068115234,272500.0,62.48842344513863,62.23447586883681,59.69269052286307,50.24610795788751,44.86424819106998,6.89,94.0,-1.35,0.77,74.26196247080601
QTWO,2022-03-29,63.09999847412109,64.77999877929688,63.09999847412109,64.44000244140625,451600.0,63.8609378030915,63.02134183392008,60.05471624675346,50.55701734231197,45.10163825284027,6.81,100.0,-1.34,0.69,77.64791432720165
QTWO,2022-03-30,63.34999847412109,64.12000274658203,61.220001220703125,61.43000030517578,334800.0,63.81649134780508,63.45972278296805,57.5592576837439,50.77286722854605,45.29626121564523,6.77,89.0,-1.33,0.35,74.02096865457798
QTWO,2022-03-31,61.5,62.66999816894531,60.7400016784668,61.650001525878906,361700.0,63.84066685876573,63.40834618939281,57.56950357125957,50.729832684969146,45.19633951020224,6.73,89.0,-1.31,0.35,74.28606231208627
QTWO,2022-04-01,61.59000015258789,63.13999938964844,61.33000183105469,62.40999984741211,281800.0,62.924579933023125,62.34424748266133,57.62271766268603,50.719182789505545,45.21250618395673,6.68,89.0,-1.28,0.33,75.20183329786309
QTWO,2022-04-04,62.81999969482422,64.86000061035156,62.68999862670898,63.86000061035156,291800.0,63.08252738887133,62.539897384457134,57.55240521259659,50.80213552721921,45.28097793807146,6.62,86.0,-1.28,0.35,76.94903271979786
QTWO,2022-04-05,63.31999969482422,64.43000030517578,60.91999816894531,61.75,523300.0,63.86372016516763,62.83790801808752,57.2664459226061,50.7188883556524,45.36231803591592,6.57,84.0,-1.24,0.39,74.40655692191292
QTWO,2022-04-06,60.41999816894531,60.41999816894531,58.810001373291016,59.77000045776367,473100.0,62.248191851615545,62.70095984552388,57.43024077788702,50.79214243829987,45.44305897420206,6.51,85.0,-1.21,0.36,72.02072779406242
QTWO,2022-04-07,59.56999969482422,60.869998931884766,58.09000015258789,59.08000183105469,315500.0,53.57913540249009,62.270732799717344,57.43394812060668,50.80041140984307,45.45283645804808,6.45,85.0,-1.17,0.36,71.1893039544792
QTWO,2022-04-08,58.41999816894531,59.11000061035156,56.709999084472656,56.88999938964844,268300.0,53.93071991165031,62.61003081057773,57.56151576620492,50.963382688563975,45.5870855541144,6.39,87.0,-1.16,0.34,68.55042879147317
QTWO,2022-04-11,56.15999984741211,58.060001373291016,55.20000076293945,57.43999862670898,369900.0,53.48526830365965,60.859402363351286,57.47950567702345,50.98653673929713,45.59591598864216,6.32,84.0,-1.18,0.36,69.21315833866917
QTWO,2022-04-12,58.9900016784668,59.59999847412109,56.77000045776367,57.060001373291016,345900.0,53.267403875546,60.35791258575651,57.46154631478837,50.98566498565024,45.54011562346852,6.24,83.0,-1.18,0.37,68.75527514406814
QTWO,2022-04-13,56.97999954223633,59.27999877929688,56.720001220703125,58.41999816894531,306300.0,53.836829479800976,59.63347151760969,57.62391470617215,51.072237827974575,45.60777614060675,6.16,89.0,-1.2,0.33,70.39402298195431
QTWO,2022-04-14,58.630001068115234,58.630001068115234,56.040000915527344,56.119998931884766,250000.0,54.33538059639865,59.72120160831624,57.82306834687564,51.25759703580371,45.762289386596365,6.06,90.0,-1.3,0.3,67.62260558676884
QTWO,2022-04-18,55.75,56.2400016784668,54.11000061035156,54.900001525878906,403800.0,54.403567986491154,59.80165236539321,56.96434474835961,51.29665945162172,45.70650492678403,5.98,75.0,-1.26,0.39,66.15255204126989
QTWO,2022-04-19,54.97999954223633,58.40999984741211,54.97999954223633,58.310001373291016,399700.0,56.98562587343213,61.16705318459097,57.682295284044,51.77374064870337,46.104122473400096,5.91,88.0,-1.22,0.3,70.26148074977489
QTWO,2022-04-20,58.34000015258789,58.380001068115234,55.209999084472656,55.22999954223633,362400.0,59.02108672605792,61.50907838976,57.93827988767415,52.08000171329814,46.33219649488564,5.84,90.0,-1.18,0.28,66.5501879309576
QTWO,2022-04-21,56.119998931884766,56.43999862670898,52.7599983215332,53.0099983215332,372300.0,59.44189215925783,59.15835291323426,58.08403435505175,52.26409999094012,46.47731629789012,5.77,90.0,-1.12,0.26,63.87516530431853
QTWO,2022-04-22,53.2400016784668,53.68999862670898,52.38999938964844,52.869998931884766,422800.0,58.77975552646155,59.15026228003942,58.055606204513744,51.71895037656388,46.47186467162221,5.7,89.0,-1.06,0.26,63.706471011931335
QTWO,2022-04-25,52.47999954223633,54.72999954223633,52.47999954223633,54.68999862670898,355400.0,59.16594215394074,59.04313142863633,58.31825328456581,51.82284995820089,46.547496889297946,5.62,90.0,-1.0,0.21,65.89950600611435
QTWO,2022-04-26,53.91999816894531,54.5,52.58000183105469,53.040000915527344,376600.0,54.61558052987103,58.66467377145659,57.920758538196814,51.8316826736685,46.62933304419789,5.55,86.0,-0.95,0.26,63.9113173645263
QTWO,2022-04-27,52.77000045776367,53.77000045776367,51.68999862670898,51.86000061035156,324400.0,53.07198353863453,55.80987170541616,57.83283944189455,51.6740876414023,46.65030346475517,5.47,85.0,-0.89,0.29,62.489458905013166
QTWO,2022-04-28,52.40999984741211,53.52999877929688,51.16999816894531,53.13999938964844,275900.0,48.14691690603114,56.10592542837243,56.739412605258565,51.77302922660504,46.69251346354255,5.41,67.0,-0.86,0.32,64.03181197435295
QTWO,2022-04-29,52.86000061035156,53.79999923706055,51.56999969482422,51.72999954223633,346500.0,46.96148870120949,56.28110215419243,55.99112104100617,51.77182558199016,46.74569744073256,5.36,59.0,-0.8,0.44,62.33281223497874
QTWO,2022-05-02,51.36000061035156,53.58000183105469,51.09999847412109,53.02999877929688,375100.0,46.27084647684279,55.99858604989109,55.86031787674892,51.86065024357816,46.82149314349228,5.31,57.0,-0.73,0.46,63.89926514559882
QTWO,2022-05-03,50.90999984741211,53.34000015258789,49.0099983215332,49.29999923706055,867200.0,49.92207921437951,57.38266699688863,56.533030658667,52.48990560532596,47.15113288491406,5.26,65.0,-0.66,0.45,59.40474816975886
QTWO,2022-05-04,48.36000061035156,49.13999938964844,46.02999877929688,48.97999954223633,556600.0,49.634085522744414,57.17349708857218,56.52471026562508,52.48742127613952,47.07435373392681,5.21,64.0,-0.57,0.46,59.019159902423915
QTWO,2022-05-05,48.13999938964844,48.369998931884766,44.83000183105469,46.38999938964844,732400.0,51.29707678983838,58.03336133844383,57.01450460725507,52.74219790678232,47.35605360403343,5.16,68.0,-0.46,0.38,55.89830170353656
QTWO,2022-05-06,46.0,46.58000183105469,44.54999923706055,45.369998931884766,655700.0,51.00913920156685,57.5116345114589,56.88171916063619,52.790195605343335,47.30613303293168,5.1,66.0,-0.35,0.43,54.66923737769089
QTWO,2022-05-09,44.630001068115234,45.25,41.380001068115234,41.59999847412109,617400.0,55.40052619744712,59.74584554695572,57.95173551719274,53.69788710982573,47.76941067150072,5.06,87.0,-0.17,0.42,50.12652071929039
QTWO,2022-05-10,42.560001373291016,43.34000015258789,39.54999923706055,40.93999862670898,628800.0,55.39174904656437,59.427660131083904,57.78536913260788,53.652304390835184,47.78394443579887,5.02,81.0,-0.01,0.46,49.33124434334022
QTWO,2022-05-11,40.45000076293945,41.2599983215332,39.40999984741211,39.970001220703125,993200.0,52.62489042898009,59.51348544166775,57.85036386281026,53.63526250999256,47.8048279856955,4.97,84.0,0.14,0.46,48.16243191898261
QTWO,2022-05-12,39.29999923706055,42.2400016784668,38.90999984741211,40.72999954223633,683800.0,52.65886429603373,58.69562680707342,57.84612892827945,53.691027588212826,47.84559340843664,4.92,83.0,0.22,0.46,49.07820290475943
QTWO,2022-05-13,41.70000076293945,44.36000061035156,41.650001525878906,44.20000076293945,531400.0,59.33919757911647,61.509634081460376,59.47701864231901,54.63761100870863,48.49491622624363,4.89,91.0,0.24,0.37,53.25943113710525
QTWO,2022-05-16,43.54999923706055,44.459999084472656,41.88999938964844,42.09999847412109,540600.0,59.881467802060186,61.72488168641736,59.67640082265103,54.56679154945324,48.70215795597919,4.86,92.0,0.26,0.37,50.72900296157309
QTWO,2022-05-17,42.20000076293945,51.47999954223633,39.66999816894531,51.36000061035156,5372700.0,85.35871239859458,74.6908941320142,67.92835073438054,59.61329690176,52.66800555138602,4.98,100.0,0.29,4.19,61.88697666273046
QTWO,2022-05-18,50.61000061035156,51.81999969482422,49.0,49.4900016784668,917400.0,85.4582171013261,75.00497655294113,68.11518630388966,59.72916293782401,52.77418348403956,5.09,100.0,0.29,4.16,59.633694363634106
QTWO,2022-05-19,49.40999984741211,51.43000030517578,48.97999954223633,50.150001525878906,689000.0,85.31558333086114,74.21534694997185,68.16725588240764,59.67229448378348,52.79135086437411,5.2,100.0,0.3,4.11,60.42897073958427
QTWO,2022-05-20,51.04999923706055,51.810001373291016,49.56999969482422,51.52000045776367,431400.0,85.81986492904335,70.93606366436846,68.29618775519303,59.777318191192606,52.87344849630888,5.27,100.0,0.34,4.0,62.07977079639794
QTWO,2022-05-23,51.7599983215332,53.130001068115234,50.18000030517578,52.83000183105469,550300.0,85.64039011363491,70.96168981437148,68.4527155457593,59.86638163324296,52.92845815634898,5.34,100.0,0.39,3.9,63.6582759259455
QTWO,2022-05-24,51.9900016784668,52.119998931884766,49.34999847412109,50.2400016784668,601700.0,86.65869432087298,71.39594719258902,68.71167630227895,60.11965353201886,53.14495274702801,5.4,100.0,0.37,3.89,60.53741772705815
QTWO,2022-05-25,50.220001220703125,52.54999923706055,50.220001220703125,51.959999084472656,425700.0,87.35521099675486,71.7332812830887,68.97284676126603,60.27296586401967,53.233634750438085,5.44,100.0,0.37,3.75,62.60995351483981
QTWO,2022-05-26,51.84000015258789,53.560001373291016,51.33000183105469,52.18999862670898,507300.0,87.02283249146019,71.74748830390979,68.87033425368342,60.259570802792176,53.23482083549354,5.47,99.0,0.25,3.8,62.88709479470087
QTWO,2022-05-27,53.27000045776367,55.290000915527344,52.959999084472656,54.33000183105469,723300.0,87.21755073327974,72.05881469700304,69.1903334359787,60.46568498022623,53.39908037297288,5.5,100.0,0.17,3.63,65.46572265279359
QTWO,2022-05-31,54.04999923706055,54.209999084472656,52.08000183105469,52.72999954223633,488000.0,87.41225153207037,72.19696167579711,68.69287917390778,60.52435143860654,53.46621105512207,5.53,96.0,0.17,3.76,63.53777671954413
QTWO,2022-06-01,53.08000183105469,54.369998931884766,50.95000076293945,51.58000183105469,347700.0,85.60812582625253,72.16571642911856,68.73496105013562,60.56204143929024,53.50183261897764,5.54,97.0,0.14,3.77,62.152070320238764
QTWO,2022-06-02,51.4900016784668,54.91999816894531,51.4900016784668,54.880001068115234,454700.0,86.31619580544373,73.31881425347235,69.5134248128977,61.04400777738611,53.88860347905844,5.56,100.0,0.11,3.46,66.12845219998961
QTWO,2022-06-03,53.400001525878906,54.47999954223633,52.27000045776367,53.16999816894531,312700.0,85.97320533960844,73.34932475389125,69.42939968251277,61.09148528808811,53.96781803205548,5.58,99.0,0.11,3.49,64.067959437986
QTWO,2022-06-06,47.18999862670898,48.59999847412109,44.29999923706055,44.4900016784668,1561000.0,100.32393911546188,81.55149415347586,74.54362546454783,64.45630110527313,56.75158117509922,5.72,100.0,-0.08,3.93,53.60887194080715
QTWO,2022-06-07,43.97999954223633,46.41999816894531,43.709999084472656,46.27000045776367,892600.0,100.52056002696573,81.86489790917659,74.85649937129453,64.59353916966015,56.90819912680492,5.85,100.0,-0.26,3.8,55.75370725242963
QTWO,2022-06-08,46.43000030517578,46.43000030517578,44.560001373291016,44.86000061035156,647000.0,100.52737703441768,80.37901825873246,74.10095836008104,64.65703923036737,56.97685814981992,5.98,98.0,-0.36,4.0,54.05470751305542
QTWO,2022-06-09,44.470001220703125,44.54999923706055,41.70000076293945,41.709999084472656,936000.0,102.30460088129112,80.93642687678987,74.67713564729257,65.16976101572011,57.3188410442064,6.11,99.0,-0.41,3.85,50.25906754804454
QTWO,2022-06-10,41.150001525878906,41.5,39.79999923706055,40.20000076293945,569000.0,102.19864900133052,79.35346648469672,74.44650430522749,65.18256475535121,57.27171372620317,6.23,97.0,-0.45,3.91,48.43957319884369
QTWO,2022-06-13,38.5,40.560001373291016,37.36000061035156,37.56999969482422,749300.0,103.4833980159051,79.78424872020372,74.86778129630726,65.60132133582566,57.616378530230506,6.36,100.0,-0.4,3.83,45.270515317395784
QTWO,2022-06-14,37.619998931884766,37.93000030517578,35.7400016784668,35.7599983215332,666700.0,103.5070931785017,79.70929644144107,75.17811179152794,65.81365888400472,57.79405928703794,6.46,100.0,-0.3,3.74,43.08952794556553
QTWO,2022-06-15,36.33000183105469,37.7599983215332,36.06999969482422,36.97999954223633,653100.0,102.7594238885242,80.10004616072477,75.43523670165871,65.79787857852897,57.91454219552493,6.57,100.0,-0.32,3.64,44.55958608763921
QTWO,2022-06-16,35.619998931884766,36.0,34.41999816894531,34.75,602400.0,103.87605706303792,80.73604483716838,75.62320646446469,66.13706987643852,58.11091157098264,6.67,100.0,-0.27,3.63,41.87251583864736
QTWO,2022-06-17,35.4900016784668,37.43999862670898,35.4900016784668,36.88999938964844,785500.0,105.03925789295349,81.98089105195795,75.06710503328935,66.53697845634889,58.462864213376434,6.77,97.0,-0.35,3.68,44.451139100165335
QTWO,2022-06-21,37.38999938964844,38.84000015258789,37.130001068115234,37.630001068115234,434100.0,105.2393260769398,82.09422978290071,75.16904029339666,66.53745206027357,58.4811524879672,6.87,97.0,-0.44,3.63,45.3428148412366
QTWO,2022-06-22,36.93000030517578,38.16999816894531,36.93000030517578,37.43999862670898,391200.0,102.43423121381304,82.02974486287162,74.94676882118455,66.03652160421187,58.46223866632114,6.95,95.0,-0.54,3.69,45.11386864736135
QTWO,2022-06-23,37.90999984741211,39.81999969482422,37.43999862670898,39.66999816894531,431900.0,103.87824897541752,83.1473407282433,75.23511655793034,66.43167432405305,58.77994555924237,7.04,98.0,-0.64,3.6,47.800938896353216
QTWO,2022-06-24,40.27999877929688,41.65999984741211,40.27999877929688,41.650001525878906,625600.0,104.6175848451382,83.26146223312932,74.30320789800581,66.55111392687925,59.00554751236914,7.13,88.0,-0.72,3.83,50.186772620778456
QTWO,2022-06-27,42.02999877929688,42.33000183105469,40.27999877929688,41.02999877929688,265200.0,104.58637572194289,82.84912507548268,74.32159424129514,66.55774493764245,58.98806320978653,7.21,88.0,-0.79,3.82,49.439691330814114
QTWO,2022-06-28,41.209999084472656,41.68000030517578,39.33000183105469,39.720001220703125,322700.0,102.05881964974888,82.98662689642327,74.44204999782363,66.48495017379959,59.04705788108775,7.28,88.0,-0.86,3.79,47.86119079784126
QTWO,2022-06-29,39.95000076293945,39.95000076293945,38.59999847412109,39.119998931884766,343900.0,101.23096250621062,82.90073070850032,74.22299080242199,66.40727344144011,59.05780690176926,7.35,85.0,-0.93,3.85,47.138209349157194
QTWO,2022-06-30,38.31999969482422,38.900001525878906,36.880001068115234,38.56999969482422,374800.0,81.2925895584786,82.66130838629793,74.019618211861,66.36580442304798,58.99534177362056,7.41,83.0,-0.98,3.95,46.47547980196117
QTWO,2022-07-01,38.630001068115234,40.18000030517578,38.33000183105469,39.560001373291016,274500.0,81.46811771561832,82.77649725804221,74.0754779345505,66.36502013151375,59.0524317176972,7.47,83.0,-1.03,3.92,47.66839666417379
QTWO,2022-07-05,38.77000045776367,40.7599983215332,38.33000183105469,40.650001525878906,239200.0,81.87498581780527,82.90649111529656,74.23411421364888,66.18115739534257,59.13046237737311,7.52,85.0,-1.08,3.86,48.981808136213054
QTWO,2022-07-06,40.65999984741211,41.119998931884766,39.75,40.09999847412109,213100.0,81.25506171514363,82.91288911270209,73.97579965627605,66.17621675988977,59.13692739406595,7.56,80.0,-1.13,3.97,48.3190739924423
QTWO,2022-07-07,40.209999084472656,41.43999862670898,39.77999877929688,41.33000183105469,250600.0,81.45090858744912,82.98681525303944,74.13945970179789,66.29838943816482,59.232078486415375,7.6,83.0,-1.17,3.89,49.8011843534435
QTWO,2022-07-08,40.5,41.79999923706055,40.09999847412109,40.619998931884766,177700.0,80.52621296458337,82.9632781213106,73.97002025790458,66.30939012246803,59.23135317240384,7.64,78.0,-1.2,3.94,48.945656076005285
QTWO,2022-07-11,40.20000076293945,40.20000076293945,38.59999847412109,39.11000061035156,191600.0,80.04862877923897,83.22385767987963,74.15862284234524,66.43080210159545,59.32017452555526,7.67,83.0,-1.23,3.89,47.12616172680442
QTWO,2022-07-12,39.130001068115234,40.08000183105469,37.97999954223633,38.310001373291016,233500.0,80.00061704934774,83.0396435355568,73.737886842269,66.4513098513942,59.34247380404798,7.69,76.0,-1.27,4.06,46.16219105846705
QTWO,2022-07-13,37.52999877929688,38.709999084472656,37.09999847412109,38.290000915527344,216700.0,78.6262139732958,82.76100140181295,73.73998882030473,66.45224094000545,59.34202070571304,7.71,76.0,-1.3,4.06,46.138091217186776
QTWO,2022-07-14,37.650001525878906,38.119998931884766,37.16999816894531,37.9900016784668,305800.0,78.4414006965865,82.69784178032354,73.52733189536397,66.42191359089604,59.30638199968479,7.73,74.0,-1.32,4.12,45.776602791132106
QTWO,2022-07-15,38.77999877929688,39.75,38.41999816894531,39.34999847412109,262100.0,79.48274341225576,81.99435935191907,73.77892020347463,66.58477492245345,59.408155544591146,7.74,76.0,-1.34,4.01,47.41535062901826
QTWO,2022-07-18,39.41999816894531,41.31999969482422,38.02000045776367,38.36000061035156,241500.0,76.68363921733408,81.48957299095227,73.84682958208977,66.54562547029266,59.41990202866195,7.74,76.0,-1.36,3.99,46.22243836338038
QTWO,2022-07-19,39.27999877929688,40.68000030517578,38.47999954223633,40.560001373291016,251500.0,78.88467365881186,82.12828020726383,73.96533525398853,66.88426681615547,59.71174273635948,7.75,76.0,-1.37,3.91,48.87336114873918
QTWO,2022-07-20,40.83000183105469,42.459999084472656,40.630001068115234,42.27999877929688,327200.0,61.78259053508107,82.66726327157343,72.19939792699553,67.09630242623123,59.74565633069182,7.76,70.0,-1.39,4.29,50.94589693652085
QTWO,2022-07-21,42.22999954223633,43.72999954223633,42.0,43.59000015258789,329200.0,61.33086616282783,82.60539625701058,72.28555650698468,67.21494987018572,59.81198060634926,7.76,70.0,-1.38,4.24,52.52440206606841
QTWO,2022-07-22,44.06999969482422,44.66999816894531,43.20000076293945,44.18000030517578,420400.0,60.8571626906282,82.48721881876116,72.20971792803414,67.17191678044563,59.83477397273794,7.76,69.0,-1.38,4.27,53.23533129582497
QTWO,2022-07-25,44.060001373291016,44.060001373291016,42.119998931884766,42.45000076293945,247100.0,58.14997104879141,82.74005420892266,72.38946825089971,67.25885804293962,59.94501629218407,7.76,70.0,-1.38,4.21,51.150743289115816
QTWO,2022-07-26,42.119998931884766,42.119998931884766,40.54999923706055,40.93999862670898,204100.0,58.113631812584565,82.80499206994999,72.56823155823224,65.90856379982736,60.0336138581462,7.75,70.0,-1.38,4.15,49.33124434334022
QTWO,2022-07-27,41.79999923706055,43.34999847412109,41.63999938964844,42.91999816894531,203400.0,55.88241455205856,83.3346825569514,72.90244933627957,66.1886754578376,60.24814963035789,7.74,70.0,-1.36,4.01,51.71707347119073
QTWO,2022-07-28,43.380001068115234,43.97999954223633,41.88999938964844,43.47999954223633,347600.0,53.53745314922149,83.2002608823629,72.90370697129424,66.21868548411982,60.262662144604086,7.72,70.0,-1.34,4.0,52.39185523731425
QTWO,2022-07-29,43.459999084472656,43.95000076293945,41.88999938964844,43.900001525878906,329900.0,52.933330170561774,81.96046001275961,72.85136689729794,66.12690336122324,60.27610869698686,7.7,68.0,-1.32,4.01,52.89794271105058
QTWO,2022-08-01,43.43999862670898,44.810001373291016,42.72999954223633,44.52999877929688,341400.0,48.8929601468658,82.02133592562886,72.8866443601201,65.93061377335377,60.2971031002389,7.68,68.0,-1.29,3.99,53.65706702679298
QTWO,2022-08-02,44.13999938964844,46.34999847412109,44.13999938964844,46.11000061035156,320800.0,47.114638306699845,81.60753731777115,72.97841817348356,66.07443219021818,60.37236135862298,7.65,70.0,-1.26,3.96,55.56091311876216
QTWO,2022-08-03,47.43000030517578,48.540000915527344,47.119998931884766,47.900001525878906,536200.0,47.8230229479211,81.8447432014374,73.09160339666137,66.25206637111198,60.482337161534886,7.61,70.0,-1.22,3.9,57.717800649312146
QTWO,2022-08-04,48.0,49.9900016784668,45.709999084472656,46.15999984741211,648100.0,49.45183760149095,80.1872650799056,73.17623299231997,66.31501723736591,60.57438907596292,7.58,70.0,-1.19,3.87,55.621160423675484
QTWO,2022-08-05,45.13999938964844,46.13999938964844,43.560001373291016,43.91999816894531,416200.0,49.66502226312694,80.80191235153407,72.4251883453682,66.48269126667746,60.41853251848528,7.55,62.0,-1.19,4.07,52.92203795575613
QTWO,2022-08-08,44.18999862670898,45.91999816894531,44.02999877929688,45.040000915527344,429300.0,48.2476725277226,80.77646186908999,72.102335796166,66.56137154135415,60.43456631529096,7.52,57.0,-1.17,4.18,54.27160148800317
QTWO,2022-08-09,44.47999954223633,44.68999862670898,43.38999938964844,43.68999862670898,236800.0,48.939475671550085,80.96843387706046,71.09394626796389,66.63325343759301,60.43903655551655,7.5,56.0,-1.12,4.53,52.64489667589505
QTWO,2022-08-10,45.2400016784668,46.63999938964844,45.22999954223633,46.290000915527344,275600.0,50.37374427960489,80.0942135004803,71.44945258972072,66.99478676936963,60.611548486689145,7.49,56.0,-1.06,4.4,55.77780709370991
QTWO,2022-08-11,47.119998931884766,48.36000061035156,45.900001525878906,46.5,357700.0,50.00521500168372,79.43072088700393,71.20005141897776,66.5475183864197,60.61540113220576,7.47,55.0,-1.01,4.51,56.03084853229071
QTWO,2022-08-12,46.95000076293945,47.7400016784668,46.83000183105469,47.70000076293945,322100.0,49.95275315081914,68.20464209658613,71.31468550388796,66.53945361062445,60.6277716044402,7.45,55.0,-0.96,4.46,57.476806833084126
QTWO,2022-08-15,47.310001373291016,47.970001220703125,46.88999938964844,47.150001525878906,253800.0,49.92659171809023,67.83129223363832,71.29991833648613,66.40398954667947,60.62751432773108,7.43,54.0,-0.92,4.47,56.8140772858881
QTWO,2022-08-16,46.59000015258789,47.380001068115234,46.02999877929688,47.290000915527344,325400.0,49.51923977664552,67.77299647126478,71.26728554225288,66.32783521293229,60.603367432719736,7.4,53.0,-0.87,4.48,56.982771578275305
QTWO,2022-08-17,46.52000045776367,46.560001373291016,45.22999954223633,45.619998931884766,177700.0,50.66043168477455,67.8917319075584,71.42470581162411,66.42600595806888,60.69591993054001,7.38,55.0,-0.84,4.43,54.97047849883224
QTWO,2022-08-18,44.79999923706055,46.04999923706055,44.79999923706055,45.56999969482422,194800.0,50.07812335278325,67.65636295451378,71.34282475682481,66.40488915336202,60.63739708003349,7.35,54.0,-0.78,4.45,54.91023119391891
QTWO,2022-08-19,45.0099983215332,45.0099983215332,42.88999938964844,43.22999954223633,375700.0,52.34112412929147,67.7320338639157,71.77013716612464,66.38995803833633,60.8461191552816,7.32,56.0,-0.72,4.31,52.09061411617291
QTWO,2022-08-22,42.310001373291016,42.66999816894531,41.2599983215332,41.5,351600.0,52.54404715745268,67.75382262742929,71.59280825304069,66.4628574111806,60.96195008202747,7.3,55.0,-0.75,4.4,50.006026109463754
QTWO,2022-08-23,41.36000061035156,42.040000915527344,40.72999954223633,40.869998931884766,336900.0,52.36569226777885,67.77282914845189,71.27593347900184,65.86784685370374,60.9379495738241,7.24,49.0,-0.71,4.51,49.24689719714663
QTWO,2022-08-24,41.040000915527344,42.54999923706055,40.77999877929688,41.900001525878906,292400.0,52.76912667361724,67.4177271973533,71.41434353970129,65.5417067827752,60.96197749142874,7.17,52.0,-0.67,4.45,50.4880137419198
QTWO,2022-08-25,42.25,42.68999862670898,41.560001373291016,42.63999938964844,206400.0,52.82735735069747,67.34989566189455,71.4493872758749,65.44239352924879,60.989527364626525,7.11,53.0,-0.68,4.43,51.37968488641634
QTWO,2022-08-26,42.720001220703125,42.83000183105469,40.27000045776367,40.34999847412109,231300.0,54.63345158700636,68.07779008734911,71.78048216864855,65.55144788583218,61.21098732966006,7.04,56.0,-0.83,4.33,48.62031511358365
QTWO,2022-08-29,39.70000076293945,40.58000183105469,39.52000045776367,39.720001220703125,282000.0,54.29753536784702,66.70393239358889,71.65262742420899,65.56056889585994,61.0203506040832,6.96,54.0,-0.91,4.38,47.86119079784126
QTWO,2022-08-30,40.220001220703125,41.060001373291016,39.61000061035156,40.7599983215332,396700.0,52.33996378294705,66.7777084163356,71.66816017491551,65.62579394220866,61.08862465124295,6.88,54.0,-0.92,4.35,49.11435036839248
QTWO,2022-08-31,41.27999877929688,41.36000061035156,39.68999862670898,39.720001220703125,301500.0,51.34593448261258,56.32184663053984,71.74309738789638,65.59512032370722,61.1167610808687,6.8,54.0,-0.93,4.33,47.86119079784126
QTWO,2022-09-01,39.0099983215332,39.0099983215332,37.13999938964844,38.18999862670898,367800.0,51.48024448918562,56.17169953814576,71.7615836754974,65.52896766700545,61.16099428026731,6.72,54.0,-0.9,4.32,46.0175920107854
QTWO,2022-09-02,39.09000015258789,39.630001068115234,37.83000183105469,38.810001373291016,383400.0,51.56610041252057,56.00634822401962,71.80024266745075,65.49582345178288,61.19058140223793,6.63,56.0,-0.87,4.3,46.76467330074975
QTWO,2022-09-06,38.7400016784668,38.970001220703125,37.470001220703125,37.9900016784668,241700.0,50.72466784300085,54.2080747427126,71.85241043292466,65.52804353866811,61.21367626119544,6.53,56.0,-0.85,4.29,45.776602791132106
QTWO,2022-09-07,38.02999877929688,39.70000076293945,37.84000015258789,39.630001068115234,462100.0,51.44743971918715,54.431606549006375,72.09644867985216,65.69985027437562,61.37895022618485,6.44,56.0,-0.89,4.19,47.75274381036739
QTWO,2022-09-08,38.97999954223633,40.459999084472656,38.790000915527344,40.36000061035156,233800.0,49.739901654335625,52.70660179756555,71.94431956625726,65.71810853093208,61.41333657933408,6.34,55.0,-0.85,4.23,48.63236733251116
QTWO,2022-09-09,41.04999923706055,42.119998931884766,41.04999923706055,41.93999862670898,314800.0,50.93901360530904,52.17664240624361,72.18330613500274,65.82861902938659,61.53988529423712,6.23,57.0,-0.78,4.13,50.53620882790562
QTWO,2022-09-12,41.91999816894531,42.63999938964844,41.560001373291016,42.06999969482422,334200.0,50.8537121143965,51.77831094260148,71.4812712701552,65.79807607065898,61.53704759600637,6.12,44.0,-0.89,4.39,50.692855497940045
QTWO,2022-09-13,39.77999877929688,40.619998931884766,39.59999847412109,39.97999954223633,312100.0,52.58976424714832,51.22993964564541,71.42303162772421,66.03202778451694,61.70622908131615,6.01,40.0,-0.86,4.41,48.17447954133539
QTWO,2022-09-14,39.83000183105469,39.869998931884766,38.59999847412109,39.7599983215332,392900.0,51.31032386152433,49.83235919399547,71.16671835071719,66.02533134211278,61.702930651453,5.89,32.0,-0.79,4.5,47.909385883827085
QTWO,2022-09-15,39.119998931884766,40.47999954223633,38.7599983215332,39.38999938964844,379300.0,49.66957145694189,49.72582400338377,71.17412163809273,65.99409729555067,61.70613817613181,5.77,32.0,-0.71,4.5,47.463550311578814
QTWO,2022-09-16,38.5099983215332,38.5099983215332,37.27999877929688,37.68000030517578,835100.0,50.1072940338401,50.56832570857376,71.22822189456616,66.16638869139305,61.806690586867234,5.65,33.0,-0.68,4.5,45.40306214614993
QTWO,2022-09-19,37.15999984741211,37.93999862670898,36.310001373291016,36.93000030517578,356900.0,48.61226944153118,49.27306698978352,71.14653357109556,66.11795371995053,61.77727449860959,5.52,29.0,-0.61,4.53,44.499338782725886
QTWO,2022-09-20,36.36000061035156,36.959999084472656,36.0,36.720001220703125,255400.0,47.71898253784171,48.168947211086135,71.08302198694184,66.11353833800862,61.73050558198248,5.38,27.0,-0.53,4.55,44.24629734414509
QTWO,2022-09-21,37.0099983215332,37.77999877929688,36.09000015258789,36.20000076293945,481800.0,47.25120335799624,48.16077076266701,70.96245132432136,66.0563500104209,61.72642735349325,5.2,26.0,-0.46,4.61,43.61971526058212
QTWO,2022-09-22,35.619998931884766,35.90999984741211,34.4900016784668,34.61000061035156,366500.0,44.442514080625166,48.56258703366894,71.16888614875447,66.20702272680515,61.86245318721085,4.99,30.0,-0.37,4.54,41.70382154626016
QTWO,2022-09-23,34.0099983215332,34.16999816894531,32.779998779296875,33.150001525878906,714700.0,45.25458701327472,49.21129620792015,71.28494494469551,66.01613703803115,61.913093480113226,4.76,35.0,-0.27,4.52,39.94457450197262
QTWO,2022-09-26,32.95000076293945,33.630001068115234,31.8700008392334,32.02000045776367,644900.0,44.35834375284266,49.5926032174895,70.60833344105083,66.0980821094408,61.98265131426531,4.54,23.0,-0.15,4.74,38.582963347372804
QTWO,2022-09-27,32.599998474121094,32.95000076293945,31.31999969482422,31.57999992370605,617800.0,44.35568541198962,49.28179046523069,70.62370550133019,66.09754806132774,61.9904176854518,4.3,23.0,-0.05,4.73,38.05277833064357
QTWO,2022-09-28,31.86000061035156,33.279998779296875,31.729999542236328,33.18000030517578,879600.0,47.755035486367206,50.08246846347525,70.67669989768474,66.28364006698257,62.08363035865106,4.06,23.0,-0.05,4.68,39.98072196560567
QTWO,2022-09-29,32.70000076293945,33.2599983215332,32.119998931884766,32.970001220703125,442300.0,47.222407691695416,50.0411253801196,70.61363644715833,66.13703200601377,62.07146864829366,3.79,21.0,-0.06,4.7,39.72768052702487
QTWO,2022-09-30,33.029998779296875,33.7599983215332,32.15999984741211,32.20000076293945,378600.0,47.27063457552313,49.71828556784449,69.41312190075045,66.16218414647021,62.07132624921618,3.55,17.0,-0.11,5.09,38.799857322320555
QTWO,2022-10-03,32.5,33.470001220703125,31.790000915527344,32.77000045776367,475600.0,46.334126732881145,49.83736078851126,69.45211024259129,65.66477404800807,62.063320462243176,3.27,18.0,-0.16,5.06,39.486686710796846
QTWO,2022-10-04,33.900001525878906,37.209999084472656,33.599998474121094,35.650001525878906,1166000.0,52.667882099898,52.46196066705362,70.70260966529425,66.34567414697618,62.292261759544346,2.97,23.0,-0.19,4.61,42.956985713386096
QTWO,2022-10-05,34.88999938964844,35.349998474121094,34.09000015258789,34.689998626708984,536900.0,52.98437379782751,52.58265343231557,70.75003869553387,66.13954030878904,62.33398128082695,2.62,23.0,-0.24,4.6,41.80021631480653
QTWO,2022-10-06,34.43000030517578,35.099998474121094,34.31999969482422,34.779998779296875,487100.0,52.263536884407024,52.58938680752874,69.48034676247563,65.99949184562138,62.20963922002084,2.32,16.0,-0.26,5.07,41.90866330228041
QTWO,2022-10-07,33.79999923706055,33.79999923706055,32.9900016784668,33.150001525878906,569100.0,53.12198376472362,53.43002475398136,69.4689438383844,66.19613983067481,62.36511595758475,1.97,15.0,-0.3,5.07,39.94457450197262
QTWO,2022-10-10,33.439998626708984,33.439998626708984,31.690000534057617,31.959999084472656,389800.0,51.95644234809171,53.30506267738946,61.73403946034745,66.31059273888172,62.329955520978906,2.19,1.0,-0.24,2.46,38.510663823531985
QTWO,2022-10-11,31.65999984741211,31.65999984741211,30.36000061035156,30.799999237060547,355900.0,52.59984689860807,53.55913401917219,61.73246081559872,66.22556399932445,62.34986643731598,2.39,1.0,-0.18,2.46,37.112905205299114
QTWO,2022-10-12,30.76000022888184,30.84000015258789,29.90999984741211,30.700000762939453,508400.0,51.61672942979466,52.108312009186896,61.665593796503046,65.3844614430073,62.30980749403143,2.57,1.0,-0.11,2.47,36.992410595472464
QTWO,2022-10-13,29.549999237060547,30.739999771118164,28.709999084472656,30.26000022888184,490600.0,51.40724328222744,51.24530286866536,61.471001646109954,65.39571364221185,62.25093358411689,2.75,1.0,-0.04,2.51,36.46222557874324
QTWO,2022-10-14,30.729999542236328,30.790000915527344,27.940000534057617,27.959999084472656,614600.0,54.629661188310905,52.84415404442618,62.375685869951866,65.85672123401744,62.48664312648767,2.89,5.0,0.05,2.25,33.690805885270414
QTWO,2022-10-17,28.90999984741211,29.88999938964844,28.90999984741211,29.549999237060547,792000.0,57.39379916956519,54.22787362803836,62.734652462591136,66.00465730948895,62.75801641646941,3.01,6.0,0.1,2.24,35.60669959959238
QTWO,2022-10-18,30.57999992370605,31.100000381469727,29.31999969482422,29.65999984741211,791900.0,57.38806551359183,53.82140252787679,62.44056405085277,65.1248107390495,62.7618075106338,3.14,6.0,0.13,2.31,35.739246428346526
QTWO,2022-10-19,29.01000022888184,29.40999984741211,27.5,27.6200008392334,448800.0,58.13185381675859,55.12565020218958,63.28130882019008,65.60365974119226,63.11413605214194,3.23,8.0,0.18,2.06,33.28112007494256
QTWO,2022-10-20,27.559999465942383,28.350000381469727,27.0,27.200000762939453,632300.0,57.42188415114831,53.997705808247375,62.854016879545526,65.60856382446424,63.123519508067126,3.34,8.0,0.12,2.15,32.77503489949359
QTWO,2022-10-21,27.11000061035156,27.989999771118164,26.559999465942383,27.86000061035156,531200.0,56.44023495304099,54.22352084401639,62.934478699107245,65.54615431251992,63.18079907525455,3.44,9.0,0.07,2.15,33.57031127544376
QTWO,2022-10-24,28.07999992370605,28.290000915527344,26.850000381469727,27.82999992370605,337900.0,56.34564120936017,54.12426743800873,62.88959799620264,65.41246588901309,63.18128009458756,3.53,9.0,0.04,2.18,33.534161513523344
QTWO,2022-10-25,28.07999992370605,30.850000381469727,28.07999992370605,30.76000022888184,514500.0,64.15162042594935,58.3027307435268,64.21727930542103,66.51641982499203,64.01357004326933,3.6,12.0,-0.3,2.19,37.064707821025934
QTWO,2022-10-26,30.479999542236328,31.81999969482422,30.15999984741211,30.809999465942383,617200.0,64.21614354029226,57.69836127442167,64.09326405084393,66.51091286547783,64.01558785727967,3.67,12.0,-0.58,2.24,37.12495512593925
QTWO,2022-10-27,31.25,31.770000457763672,30.68000030517578,31.040000915527344,472000.0,64.38096126264391,57.01971021300856,57.82361297853692,66.3638118980987,63.95896256698276,3.89,1.0,-0.63,-0.33,37.40209870408769
QTWO,2022-10-28,31.040000915527344,31.989999771118164,31.020000457763672,31.690000534057617,695200.0,63.94246176642498,56.95961078067143,57.548688264134185,66.39711634312675,63.97928765489407,4.1,1.0,-0.67,-0.29,38.18532515939772
QTWO,2022-10-31,31.43000030517578,31.63999938964844,30.56999969482422,31.040000915527344,507300.0,63.95477535172935,56.32045443422855,57.44866288078983,66.30095981487138,64.0009152340937,4.3,1.0,-0.71,-0.27,37.40209870408769
QTWO,2022-11-01,31.75,31.89999961853028,31.06999969482422,31.229999542236328,260100.0,64.04765403579384,56.00726330613258,56.38776276638037,66.31106887538975,64.00703415101178,4.51,1.0,-0.76,-0.24,37.63104030138821
QTWO,2022-11-02,31.299999237060547,31.299999237060547,28.81999969482422,28.88999938964844,430500.0,67.38039774668478,57.70616776962336,57.38383241303615,66.61018471322788,64.38553551493594,4.68,2.0,-0.82,-0.23,34.811423223642215
QTWO,2022-11-03,28.190000534057617,28.75,27.3799991607666,27.459999084472656,516500.0,67.68311833889815,56.7892553432404,56.96262279912315,66.83283219664813,64.51255379465802,4.85,2.0,-0.86,-0.23,33.08832364298772
QTWO,2022-11-04,27.81999969482422,27.81999969482422,25.530000686645508,26.57999992370605,1239000.0,67.27233087106302,56.92887292772748,56.6771297067894,66.78018175117795,63.47838638603008,5.01,2.0,-0.87,-0.2,32.027955907816605
QTWO,2022-11-07,26.950000762939453,26.950000762939453,25.979999542236328,26.440000534057617,641900.0,66.77263478571207,56.4729369183857,56.37474373837674,66.764499423033,63.47839474959535,5.16,1.0,-0.89,-0.14,31.859261615429414
QTWO,2022-11-08,21.1299991607666,24.90999984741211,20.93000030517578,24.39999961853028,2192200.0,70.11191059982855,58.29024181289749,56.92607214223501,67.35553145205992,63.9267991783808,5.29,4.0,-0.85,-0.1,29.401132963738092
QTWO,2022-11-09,24.479999542236328,24.6200008392334,23.709999084472656,24.3700008392334,1067700.0,67.97374741450416,58.253707972965074,56.01591377194889,67.05971985121413,63.8396276100688,5.43,1.0,-0.84,-0.0,29.364985500105035
QTWO,2022-11-10,26.34000015258789,27.96999931335449,26.34000015258789,27.6299991607666,960200.0,78.56238706647075,64.38479990062544,59.56874286806912,67.54184852292512,65.00206796234997,5.49,11.0,-0.9,0.73,33.29316769729533
QTWO,2022-11-11,27.440000534057617,29.049999237060547,27.440000534057617,28.6299991607666,611700.0,79.27039691794279,64.99652468232986,59.88259289071093,67.63914289882099,65.11410296221638,5.54,12.0,-0.97,0.64,34.49813218186072
QTWO,2022-11-14,28.040000915527344,28.299999237060547,27.18000030517578,27.51000022888184,386100.0,79.66647324422318,64.67019442320428,59.37568326051199,67.68850046404468,65.2066310118219,5.59,11.0,-1.02,0.76,33.14857324618841
QTWO,2022-11-15,28.700000762939453,30.0,28.46999931335449,29.09000015258789,539700.0,77.26608501557381,65.57253259258766,59.54651338998856,68.04074571390385,65.44048584930076,5.64,12.0,-1.06,0.74,35.052417039870235
QTWO,2022-11-16,28.36000061035156,28.520000457763672,27.14999961853028,27.290000915527344,322500.0,78.82170212861277,66.61659043262735,60.28577827153562,68.40376532509745,65.66631123886,5.68,15.0,-1.1,0.65,32.883481886967466
QTWO,2022-11-17,26.459999084472656,26.979999542236328,26.0,26.270000457763672,326900.0,79.22768881174805,66.5901537194161,60.36000202591385,68.44927049198981,65.74532671918095,5.71,16.0,-1.14,0.64,31.654417561121807
QTWO,2022-11-18,27.059999465942383,27.059999465942383,25.690000534057617,25.8799991607666,418200.0,78.40160819347,66.39566754956135,60.358782851103,68.43733861830165,65.74994167397568,5.74,16.0,-1.17,0.64,31.184479849305895
QTWO,2022-11-21,25.549999237060547,25.81999969482422,24.780000686645508,25.14999961853028,530500.0,78.18587198924385,65.81488650838033,60.46342170001782,68.45561566280112,65.76193353842615,5.76,18.0,-1.2,0.63,30.304856327162135
QTWO,2022-11-22,25.43000030517578,25.46999931335449,24.57999992370605,25.1299991607666,384300.0,77.72220538533105,65.80992533948803,60.27957773746905,68.45141487513537,65.4481466429176,5.79,15.0,-1.22,0.68,30.28075648588185
QTWO,2022-11-23,25.100000381469727,25.96999931335449,24.59000015258789,25.88999938964844,443700.0,78.43944866342142,65.9006171784213,60.31600778616637,68.47019903688938,65.47760520504829,5.81,17.0,-1.25,0.67,31.196529769946036
QTWO,2022-11-25,25.88999938964844,26.350000381469727,25.71999931335449,26.030000686645508,144700.0,78.45763993681648,65.84141042031088,60.318427595470695,68.39440135545317,65.37261325858432,5.83,18.0,-1.27,0.66,31.36522636062059
QTWO,2022-11-28,25.739999771118164,26.59000015258789,25.15999984741211,25.290000915527344,479400.0,75.63956660977482,65.65757832209805,60.18614399149512,68.39252026480477,65.36613129936583,5.84,15.0,-1.29,0.72,30.473552917836688
QTWO,2022-11-29,25.440000534057617,26.030000686645508,25.1299991607666,25.84000015258789,471300.0,73.9782882956013,65.74773487798188,60.2979265090089,67.81758601940936,65.40876120004188,5.86,18.0,-1.3,0.68,31.136282465032707
QTWO,2022-11-30,25.709999084472656,27.239999771118164,25.690000534057617,27.200000762939453,635600.0,75.70094751268363,66.73811339222998,60.70249655944031,67.84496778185427,65.62774664561856,5.86,24.0,-1.32,0.57,32.77503489949359
QTWO,2022-12-01,27.3799991607666,28.34000015258789,27.209999084472656,27.8700008392334,611400.0,73.22784876632666,66.28889619194157,60.801296002921625,67.22824944209883,65.49859646222205,5.86,25.0,-1.35,0.52,33.5823611960839
QTWO,2022-12-02,27.18000030517578,27.780000686645508,26.299999237060547,27.670000076293945,516600.0,73.11502516832847,66.09828941966695,60.80310572538157,67.04000817235229,65.4411186646377,5.86,26.0,-1.36,0.53,33.34136737985588
QTWO,2022-12-05,27.299999237060547,27.600000381469727,26.229999542236328,26.549999237060547,804900.0,73.74513937879607,65.81452403499318,61.0989633511044,67.01520970397424,65.11515898706672,5.86,27.0,-1.38,0.49,31.991806145896202
QTWO,2022-12-06,26.549999237060547,26.549999237060547,25.0,25.100000381469727,704300.0,75.41996942694952,66.5190939594398,61.34408643012596,67.26644181508071,65.01856555324922,5.84,28.0,-1.39,0.5,30.244609022248802
QTWO,2022-12-07,25.0,25.670000076293945,24.6200008392334,25.459999084472656,584400.0,69.00994295088807,66.08680057623482,61.32228784346337,67.28318945007517,64.93426259327194,5.83,28.0,-1.4,0.48,30.678394673856936
QTWO,2022-12-08,25.6299991607666,26.6299991607666,25.209999084472656,26.15999984741211,568700.0,69.65715979586788,66.46652438234173,60.77663620876391,67.37419807656707,64.87951549374642,5.82,25.0,-1.39,0.57,31.521870732367653
QTWO,2022-12-09,25.920000076293945,26.739999771118164,25.75,26.25,403800.0,69.60242656923853,66.49866332424949,60.34333813081911,67.35542366716076,64.8808035411516,5.82,21.0,-1.38,0.67,31.63031771984153
QTWO,2022-12-12,26.34000015258789,27.34000015258789,26.34000015258789,27.049999237060547,477500.0,69.95904684714617,66.44910249011996,60.33605667805414,67.44017933739373,64.95253008120415,5.83,21.0,-1.36,0.67,32.594288388178896
QTWO,2022-12-13,28.5,29.229999542236328,27.479999542236328,27.8700008392334,496000.0,70.52253593876492,66.76910273193634,60.51826368960451,67.56099965057976,64.98115368352065,5.83,26.0,-1.32,0.63,33.5823611960839
QTWO,2022-12-14,27.6200008392334,28.6299991607666,27.46999931335449,27.739999771118164,329900.0,70.46296211521278,66.76876999452901,60.25244081491405,67.30902922273637,64.83838733832738,5.83,16.0,-1.29,0.66,33.425714526049475
QTWO,2022-12-15,26.790000915527344,27.25,26.190000534057617,26.63999938964844,479200.0,67.83673147936884,67.1442938687403,60.31346012220198,67.24809414708683,64.88409443179695,5.82,20.0,-1.27,0.65,32.100253133370074
QTWO,2022-12-16,26.309999465942383,26.920000076293945,26.270000457763672,26.59000015258789,774300.0,66.28897448665283,66.63187772857236,59.74667464201479,67.24180899936958,64.88452740895495,5.81,14.0,-1.23,0.79,32.04000582845675
QTWO,2022-12-19,26.559999465942383,26.559999465942383,25.309999465942383,25.59000015258789,289700.0,66.54743150100701,66.5206852821243,59.91342532385531,67.3288980053419,64.93021266120962,5.8,16.0,-1.19,0.78,30.835041343891362
QTWO,2022-12-20,25.440000534057617,26.14999961853028,25.190000534057617,25.81999969482422,323200.0,66.60057505111354,66.27042168024111,59.90930091670421,67.2674559342348,64.92145491465506,5.79,16.0,-1.13,0.78,31.11218262375243
QTWO,2022-12-21,26.040000915527344,26.36000061035156,25.549999237060547,25.850000381469727,342300.0,62.18911600263763,66.24261684321415,59.83653377097262,67.18531017163173,64.8634728003411,5.77,15.0,-1.08,0.81,31.148332385672845
QTWO,2022-12-22,25.459999084472656,25.459999084472656,24.56999969482422,25.299999237060547,607400.0,62.555062481905466,65.4194839634025,59.538409147712976,67.13363393728625,64.85733924518473,5.75,12.0,-1.02,0.9,30.485600540189463
QTWO,2022-12-23,25.0,25.290000915527344,24.600000381469727,25.209999084472656,448800.0,50.24191461877684,65.4186462952277,59.11898865698667,67.12885138213713,64.85440630456807,5.74,11.0,-1.0,1.02,30.377153552715587
QTWO,2022-12-27,24.989999771118164,24.989999771118164,24.170000076293945,24.61000061035156,295200.0,49.22253797048828,65.42441938821445,58.98432646208962,67.05350817277404,64.87932784699993,5.71,11.0,-0.95,1.05,29.65417670060624
QTWO,2022-12-28,24.559999465942383,25.0,24.290000915527344,24.530000686645508,273600.0,48.10025092799473,65.26397822275682,58.5727735526205,67.03221670134299,64.85663579751137,5.7,11.0,-0.88,1.11,29.55777963377251
QTWO,2022-12-29,24.920000076293945,26.51000022888184,24.68000030517578,26.3799991607666,475600.0,50.12386173582524,64.63182449751494,59.68849608127013,67.65494983308528,65.315400253073,5.68,18.0,-0.8,0.97,31.786962091588588
QTWO,2022-12-30,25.729999542236328,26.920000076293945,25.729999542236328,26.8700008392334,378000.0,47.05642737301188,64.6376075160428,59.66957307704086,67.62785000311051,65.30014898737663,5.67,18.0,-0.71,0.94,32.37739671151851
QTWO,2023-01-03,27.600000381469727,28.25,26.700000762939453,27.18000030517578,397700.0,45.792874520261485,64.70337717300613,58.878981626090656,67.51837306217382,65.31592836560051,5.66,12.0,-0.64,1.1,32.75093505821332
QTWO,2023-01-04,27.76000022888184,28.780000686645508,27.270000457763672,28.559999465942383,468000.0,47.60169659852417,64.96420364835495,59.50067190231005,67.7803091385406,65.48948341056085,5.65,16.0,-0.58,0.95,34.41378503566712
QTWO,2023-01-05,28.209999084472656,28.209999084472656,27.09000015258789,27.56999969482422,454200.0,48.027173446376125,64.93607876101535,59.49343672212192,67.45435155286705,65.54638532296435,5.63,16.0,-0.59,0.99,33.22087047174187
QTWO,2023-01-06,27.850000381469727,28.68000030517578,26.93000030517578,28.520000457763672,333500.0,48.82978532364677,64.9512547799284,59.81157057205082,67.33875111416033,65.40030524584442,5.6,24.0,-0.6,0.89,34.36558765139394
QTWO,2023-01-09,28.88999938964844,30.729999542236328,28.88999938964844,29.959999084472656,511900.0,50.02680493813487,65.76954160940845,60.41740692862698,67.48085868185008,65.60684843555916,5.57,41.0,-0.68,0.75,36.100734854401196
QTWO,2023-01-10,29.64999961853028,30.190000534057617,28.89999961853028,29.549999237060547,264400.0,50.31704476091515,65.76369721331012,60.22641393958808,67.492498181165,65.6094873183577,5.54,30.0,-0.69,0.78,35.60669959959238
QTWO,2023-01-11,29.8700008392334,30.309999465942383,29.25,30.229999542236328,371400.0,49.587167126713815,63.84450672431454,60.377921034902926,67.4194261091861,65.56783692341287,5.5,42.0,-0.75,0.73,36.426075816822824
QTWO,2023-01-12,30.59000015258789,31.09000015258789,29.71999931335449,30.940000534057617,622300.0,49.63598094386398,63.01837223306019,60.02394762057721,67.41306469573192,65.52207038917788,5.46,29.0,-0.71,0.75,37.28160179597368
QTWO,2023-01-13,30.3700008392334,31.09000015258789,30.01000022888184,30.729999542236328,402400.0,47.8538162733796,63.03424989154269,59.7251757865768,67.37470993277391,65.51129694050253,5.42,23.0,-0.62,0.8,37.028558059105514
QTWO,2023-01-17,30.88999938964844,31.940000534057617,30.6200008392334,31.799999237060547,500800.0,48.30169713301086,61.58915480649891,59.98258510456088,67.44088415475122,65.21254310532662,5.38,30.0,-0.53,0.72,38.31786968986451
QTWO,2023-01-18,32.209999084472656,32.83000183105469,30.90999984741211,31.170000076293945,575100.0,48.70988993798754,61.654052110692895,59.883928356067806,67.41125861884987,65.12590815451958,5.33,28.0,-0.45,0.76,37.55874307583475
QTWO,2023-01-19,30.68000030517578,31.1200008392334,30.459999084472656,30.64999961853028,333200.0,47.22554370851352,61.60753761311617,59.83324603986478,67.35097796944791,64.9434008773,5.28,26.0,-0.42,0.79,36.93216099227179
QTWO,2023-01-20,30.8700008392334,32.02000045776367,30.670000076293945,31.959999084472656,399800.0,44.710310246230414,62.15391408338228,59.673733770522816,67.04282583758928,64.9962751496141,5.23,22.0,-0.32,0.76,38.510663823531985
QTWO,2023-01-23,32.130001068115234,32.970001220703125,31.809999465942383,32.88999938964844,279400.0,45.078411340062495,58.99754492134021,59.83613300624198,67.14175806625694,65.06068687095069,5.17,28.0,-0.22,0.7,39.63128116190377
QTWO,2023-01-24,32.47999954223633,33.25,31.979999542236328,32.060001373291016,333500.0,45.77132852926263,59.25002862451944,59.78609259006223,66.91328483542657,65.10112389637982,5.11,26.0,-0.13,0.74,38.631163029933354
QTWO,2023-01-25,31.25,31.6299991607666,30.40999984741211,31.459999084472656,367900.0,46.36664626096159,59.36703889848695,59.726839335126,66.9002677606787,64.98339462839185,5.04,25.0,-0.0,0.75,37.90818158124928
QTWO,2023-01-26,32.040000915527344,32.77000045776367,31.57999992370605,31.920000076293945,227800.0,45.88491829336471,59.28905175264831,59.48975218932583,66.16389677181874,64.37873697354387,4.97,16.0,0.13,0.77,38.46246643925879
QTWO,2023-01-27,31.63999938964844,33.0099983215332,31.63999938964844,32.81999969482422,286400.0,45.793793883603584,59.39438187908582,59.60823985596592,66.23148422104877,64.44854960225925,4.9,22.0,0.26,0.74,39.54693401571017
QTWO,2023-01-30,32.06999969482422,32.2400016784668,31.65999984741211,32.040000915527344,248800.0,46.50494768203629,59.60335021675407,59.63244544827694,66.23184547199298,64.37089048718741,4.82,23.0,0.41,0.73,38.60706318865308
QTWO,2023-01-31,31.90999984741211,32.81999969482422,31.799999237060547,32.720001220703125,448200.0,44.68244200481094,57.46083578455543,59.3281535810142,66.2415768233055,64.25880901608659,4.73,15.0,0.53,0.8,39.42643940588352
QTWO,2023-02-01,32.81999969482422,34.16999816894531,32.41999816894531,33.7599983215332,286600.0,45.15090515041337,56.69352890951118,59.4768815001974,65.6177848359164,63.72389795411932,4.64,17.0,0.58,0.77,40.67959897643474
QTWO,2023-02-02,34.790000915527344,36.52000045776367,34.63999938964844,35.779998779296875,600300.0,45.210996983205895,57.276197756010895,59.89672774676967,65.75323466430014,64.01157480943024,4.54,39.0,0.31,0.7,43.1136277868458
QTWO,2023-02-03,34.58000183105469,35.38999938964844,34.13999938964844,34.38999938964844,252100.0,47.54981962084054,57.96656365520165,60.1948398070691,61.47047496062906,64.11148708040093,4.44,45.0,-0.12,0.66,41.438727888751856
QTWO,2023-02-06,33.79999923706055,34.29999923706055,33.099998474121094,33.220001220703125,255200.0,49.20033444251553,55.83312300322584,59.911876824993584,61.45140677465033,64.07036066720212,4.35,41.0,-0.29,0.7,40.02892164816622
QTWO,2023-02-07,33.04999923706055,34.20000076293945,32.529998779296875,33.93000030517578,409200.0,48.4983603326071,55.912314853241526,60.01978901628999,61.4864883209269,64.02656272278693,4.25,44.0,-0.55,0.66,40.88444532902971
QTWO,2023-02-08,33.81999969482422,34.310001373291016,33.15999984741211,33.400001525878906,245100.0,48.916306640107706,50.15860985344744,60.0494190099522,61.409278384329205,64.00248419898638,4.15,46.0,-0.85,0.66,40.24581562311397
QTWO,2023-02-09,34.040000915527344,34.209999084472656,33.0,33.060001373291016,352500.0,48.25293580368694,49.7718755669788,59.67435002871782,61.32865357418253,64.00229367103091,4.04,28.0,-0.97,0.71,39.83612751449875
QTWO,2023-02-10,32.56999969482422,34.29999923706055,32.400001525878906,34.25,708500.0,48.63880233434565,49.42857771754676,59.87888030029885,61.22859214250186,64.00547447469722,3.93,38.0,-1.07,0.64,41.27003359636466
QTWO,2023-02-13,34.52000045776367,34.83000183105469,33.63999938964844,33.7599983215332,489700.0,45.50673689545915,48.34516682873366,59.9131439084664,61.09704583548133,63.98798305150727,3.81,44.0,-1.16,0.64,40.67959897643474
QTWO,2023-02-14,33.470001220703125,34.36000061035156,32.91999816894531,33.66999816894531,392200.0,45.50688465666714,46.34284444137201,59.87528796186301,61.09167549791928,63.88697757438535,3.68,38.0,-1.23,0.64,40.57115198896087
QTWO,2023-02-15,33.380001068115234,35.33000183105469,33.380001068115234,35.310001373291016,476400.0,46.9580095502696,46.38371384992911,59.93750679760163,61.17027299064526,64.08278970133469,3.55,47.0,-1.21,0.59,42.547297604770876
QTWO,2023-02-16,34.220001220703125,35.04999923706055,33.650001525878906,33.66999816894531,579800.0,48.04518239654989,47.44968335618629,60.02362400087807,61.31762135365702,64.05232534436054,3.4,50.0,-1.22,0.58,40.57115198896087
QTWO,2023-02-17,33.58000183105469,33.70000076293945,32.619998931884766,33.290000915527344,587800.0,46.76437433201313,47.06727377963112,59.792753099404536,61.282632201976526,64.0581448188122,3.26,34.0,-1.23,0.62,40.11326879435982
QTWO,2023-02-21,32.380001068115234,32.66999816894531,31.51000022888184,31.71999931335449,620300.0,48.5816391756239,48.2943525260356,60.25019981051783,61.03905085074721,64.10934952917171,3.11,57.0,-1.23,0.55,38.22147262303076
QTWO,2023-02-22,32.970001220703125,33.540000915527344,31.76000022888184,32.5099983215332,810400.0,47.06755723771764,48.18692679215192,59.85994698955026,61.0307736524276,64.1514619901325,2.95,39.0,-1.23,0.63,39.173393370728
QTWO,2023-02-23,33.2599983215332,33.540000915527344,32.29999923706055,32.81999969482422,389000.0,46.84124678001516,48.2000458090932,59.8713653183504,57.362933682702575,64.16168194850184,2.78,40.0,-1.22,0.62,39.54693401571017
QTWO,2023-02-24,31.850000381469727,32.349998474121094,31.1299991607666,31.440000534057617,563900.0,48.34170301602531,48.69343631923777,60.14313635477884,57.361833139628494,64.04568484409856,2.63,56.0,-1.21,0.58,37.88408403825637
QTWO,2023-02-27,31.670000076293945,31.790000915527344,31.170000076293945,31.32999992370605,392300.0,47.90785627140021,48.57070237907943,60.07747795112359,57.25966734753606,63.10431690023776,2.47,56.0,-1.19,0.6,37.75153720950222
QTWO,2023-02-28,31.440000534057617,32.41999816894531,31.309999465942383,32.279998779296875,542600.0,48.60156542451429,47.85811928353888,58.73162903393497,56.75868958196635,63.127494551466,2.25,12.0,-1.23,0.69,38.89625209086693
QTWO,2023-03-01,32.18000030517578,32.310001373291016,31.5,31.89999961853028,250100.0,47.7439549075635,47.73871848219298,58.60653826281765,56.61568379453731,63.08057194213899,1.99,12.0,-1.22,0.71,38.43836659797853
QTWO,2023-03-02,31.670000076293945,32.439998626708984,31.51000022888184,32.22999954223633,236000.0,47.44137911669342,47.725383021957285,58.63075265612457,56.077811534000055,63.069112091775615,1.77,13.0,-1.23,0.7,38.836004785953605
QTWO,2023-03-03,32.45000076293945,33.279998779296875,32.45000076293945,33.029998779296875,270500.0,47.59589207873229,47.0434208384041,58.27257763743104,55.85881058849343,63.12645214677875,1.5,11.0,-1.23,0.74,39.79997545429097
QTWO,2023-03-06,33.099998474121094,33.099998474121094,31.51000022888184,32.150001525878906,641200.0,46.82543113457661,45.8239889041856,58.13974629983581,55.79954913438024,63.11127771792939,1.5,11.0,-1.23,0.77,38.73961001740723
QTWO,2023-03-07,32.16999816894531,32.90999984741211,31.209999084472656,31.309999465942383,277500.0,46.638144501661166,46.1983060368874,57.993279915123466,55.40467064793039,63.13371595923756,1.5,11.0,-1.24,0.79,37.72743736822195
QTWO,2023-03-08,31.40999984741211,32.279998779296875,31.40999984741211,32.0,237300.0,46.54727784030328,46.09452671951432,58.091973425660015,55.0032440677069,63.14201276404189,1.5,12.0,-1.26,0.76,38.55886350609253
QTWO,2023-03-09,31.86000061035156,32.310001373291016,29.68000030517578,29.770000457763672,649700.0,50.79593198898002,48.62816446830342,59.18243659433388,55.59271152258177,63.519794174639344,1.49,22.0,-1.25,0.65,35.87179325710068
QTWO,2023-03-10,29.450000762939453,29.450000762939453,26.39999961853028,27.270000457763672,1205300.0,56.28058479332031,51.63374145696129,59.49151254622497,56.52379538600207,64.01597610367628,1.47,27.0,-1.26,0.68,32.8593820456872
QTWO,2023-03-13,25.39999961853028,25.71999931335449,18.90999984741211,20.8700008392334,4651300.0,93.7829957080219,74.99440475704625,72.46950980872259,64.2697442499622,69.19778223420911,1.92,100.0,-0.98,10.11,25.14760980412616
QTWO,2023-03-14,22.239999771118164,24.100000381469727,22.170000076293945,23.989999771118164,3017000.0,103.8408419988638,80.60307508342385,75.9270135505174,66.1735615794058,70.61987971396627,2.49,100.0,-1.02,8.83,28.907097708929257
QTWO,2023-03-15,20.8700008392334,23.21999931335449,20.8700008392334,23.18000030517578,1402500.0,103.66030303164364,80.48948166302469,75.29492780749226,66.26222928071853,70.23567309521182,2.9,99.0,-1.02,9.23,27.931077119951752
QTWO,2023-03-16,22.959999084472656,24.600000381469727,22.170000076293945,24.309999465942383,1285200.0,104.3505843080026,81.13710457827051,75.66785464077175,66.44097851083217,70.22650644990539,3.28,99.0,-1.05,9.08,29.29268597626421
QTWO,2023-03-17,23.96999931335449,23.96999931335449,22.450000762939453,22.920000076293945,1493000.0,103.12429619621268,81.64317980077007,76.11010717643481,66.7566002873007,69.97155753067699,3.63,100.0,-1.06,8.73,27.61778607817027
QTWO,2023-03-20,23.21999931335449,23.64999961853028,22.39999961853028,22.46999931335449,1041400.0,102.87028814486268,81.6938109871166,76.16281515372302,66.77334754166193,69.86290045578654,3.95,100.0,-1.06,8.68,27.075551140800897
QTWO,2023-03-21,23.270000457763672,23.61000061035156,23.11000061035156,23.350000381469727,946600.0,103.78356616223444,82.11721886807356,74.66990943514764,66.86931471926333,69.88154490117748,4.18,95.0,-1.09,9.34,28.135921174259366
QTWO,2023-03-22,23.31999969482422,23.36000061035156,22.15999984741211,22.15999984741211,1026200.0,103.94361295969723,82.67534357529614,75.07907562074742,67.02667415056119,70.03448797754938,4.41,95.0,-1.09,9.02,26.70201279410609
QTWO,2023-03-23,22.34000015258789,22.979999542236328,22.13999938964844,22.770000457763672,1001600.0,104.62960242702084,82.89324112295358,75.21594740739616,67.11247003898134,70.09126247566378,4.63,95.0,-1.1,8.96,27.43704186514293
QTWO,2023-03-24,22.57999992370605,22.739999771118164,22.13999938964844,22.6200008392334,552700.0,104.64250627006996,82.76888634301265,75.1206779262372,66.99613788493899,70.07834478242994,4.83,94.0,-1.11,8.99,27.256297652115595
QTWO,2023-03-27,23.190000534057617,23.190000534057617,22.71999931335449,22.75,498700.0,103.8101972208162,82.78079321694287,75.08250260910106,66.98395449027792,70.06920921461648,5.01,93.0,-1.12,9.04,27.41294202386266
QTWO,2023-03-28,22.549999237060547,23.06999969482422,22.31999969482422,23.0,679400.0,104.05329590784514,81.37945955514935,75.1014795890098,66.87726296404361,70.0543764891828,5.18,93.0,-1.14,9.04,27.714183145004007
QTWO,2023-03-29,23.489999771118164,23.61000061035156,22.81999969482422,22.96999931335449,890700.0,104.06557961545522,81.26560040998629,74.1370628437117,66.84427851906779,70.05275480586863,5.31,89.0,-1.17,9.7,27.678033383083587
QTWO,2023-03-30,23.270000457763672,23.86000061035156,22.940000534057617,23.799999237060547,818100.0,103.51541986236634,81.5919614229602,73.96589766178208,66.99755906857405,69.99544611621661,5.43,88.0,-1.19,9.92,28.67815381334137
QTWO,2023-03-31,23.799999237060547,25.06999969482422,23.559999465942383,24.6200008392334,779700.0,103.85320608701076,81.23028721333237,74.00588840741193,67.13362694765459,69.95803863707943,5.54,88.0,-1.21,9.98,29.666226621246377
QTWO,2023-04-03,24.420000076293945,24.71999931335449,23.88999938964844,24.14999961853028,505700.0,103.88466726749309,81.02017444045295,74.06094026045675,67.01351588823161,69.97173216456514,5.64,88.0,-1.23,9.92,29.099891842596744
QTWO,2023-04-04,24.21999931335449,24.59000015258789,23.56999969482422,23.780000686645508,545200.0,103.2856568792117,80.7118327725103,72.99930610973963,66.97600829399282,69.96306836724322,5.72,85.0,-1.23,10.69,28.65405627034846
QTWO,2023-04-05,23.479999542236328,23.690000534057617,22.709999084472656,23.049999237060547,509400.0,102.94516238463862,80.16775507174381,73.1640953811916,66.69778268603778,69.96438482766256,5.78,85.0,-1.24,10.53,27.774430449917332
QTWO,2023-04-06,23.15999984741211,23.39999961853028,22.65999984741211,23.34000015258789,782800.0,103.002130222447,80.21692706459596,70.35109288010658,66.51225188377975,69.92073539714654,5.83,82.0,-1.26,11.96,28.123871253619225
QTWO,2023-04-10,23.239999771118164,23.59000015258789,22.940000534057617,23.21999931335449,522800.0,102.57633929540948,80.0240889510775,70.09892349993761,66.39074685364827,69.86135880155813,5.87,81.0,-1.29,12.1,27.97927450422494
QTWO,2023-04-11,23.170000076293945,23.75,22.739999771118164,23.670000076293945,446000.0,102.91362308961872,79.96905824505971,69.91505274726876,66.41488762743492,69.89447644593788,5.9,80.0,-1.31,12.36,28.52150944159431
QTWO,2023-04-12,24.14999961853028,24.57999992370605,22.90999984741211,22.989999771118164,369500.0,102.37947186411182,80.12793816751518,69.4407275577915,66.34365365462733,69.85749191906712,5.93,79.0,-1.33,12.6,27.702133224363866
QTWO,2023-04-13,23.25,23.979999542236328,23.229999542236328,23.739999771118164,407700.0,103.14905021084316,80.08486512442389,68.94598214782648,66.36044870607613,69.93632208442435,5.95,78.0,-1.35,13.19,28.605856587787915
QTWO,2023-04-14,24.11000061035156,24.280000686645508,23.15999984741211,23.559999465942383,394000.0,102.9756607351462,80.02504810866378,68.70235104187212,66.09243739174995,69.93682744681979,5.98,77.0,-1.37,13.47,28.388962612840164
QTWO,2023-04-17,23.600000381469727,23.950000762939453,23.559999465942383,23.739999771118164,515500.0,102.59270210400528,80.02316064727664,68.67979485167885,66.0768920181225,69.89304040918921,6.0,76.0,-1.38,13.54,28.605856587787915
QTWO,2023-04-18,24.049999237060547,24.11000061035156,23.43000030517578,24.11000061035156,457100.0,102.75557743236128,79.5550969344829,68.58283654325962,66.09669477426971,69.82198379570988,6.01,75.0,-1.39,13.72,29.05169445832354
QTWO,2023-04-19,23.75,24.299999237060547,23.57999992370605,24.1299991607666,392600.0,102.67045216458548,79.26015255749066,68.58309641977333,66.06551599908104,69.79814526178369,6.03,75.0,-1.39,13.72,29.075792001316458
QTWO,2023-04-20,23.65999984741211,24.030000686645508,23.5,23.850000381469727,347800.0,102.26445031034773,79.15853542368525,68.43403819226495,65.9152920050914,69.51095780004425,6.04,73.0,-1.4,13.78,28.738403416542063
QTWO,2023-04-21,23.88999938964844,24.75,23.540000915527344,24.43000030517578,382100.0,100.95472207940848,79.3237244718483,68.54095934282508,65.81084723551336,69.3782084945884,6.06,73.0,-1.41,13.71,29.43728272565849
QTWO,2023-04-24,24.229999542236328,24.489999771118164,23.68000030517578,23.979999542236328,593300.0,98.0747376929377,79.27998231342487,68.45285360489788,65.71583677047292,69.29174566261553,6.07,72.0,-1.42,13.82,28.895047788289123
QTWO,2023-04-25,23.530000686645508,23.8799991607666,22.8700008392334,23.01000022888184,813100.0,59.751849571389634,79.33209122945655,68.66371093566475,65.63991551618277,69.3966216074189,6.08,75.0,-1.43,13.5,27.726233065644145
QTWO,2023-04-26,22.96999931335449,24.1299991607666,22.96999931335449,23.850000381469727,759000.0,44.974749452031965,79.69638673688385,68.40677111837017,65.71788971538504,69.40771655485851,6.09,69.0,-1.45,13.7,28.738403416542063
QTWO,2023-04-27,24.21999931335449,25.059999465942383,24.18000030517578,24.770000457763672,676000.0,45.07823506131437,80.0046325047504,68.56920922739943,65.82094544544653,69.47469571421924,6.1,72.0,-1.46,13.58,29.846970834273716
QTWO,2023-04-28,24.51000022888184,25.059999465942383,24.32999992370605,24.6200008392334,537800.0,43.01938818504784,79.65361256450771,68.56692102210918,65.42081028563696,69.44787591532891,6.11,71.0,-1.47,13.58,29.666226621246377
QTWO,2023-05-01,24.309999465942383,24.709999084472656,23.950000762939453,24.190000534057617,489000.0,39.60366575845779,78.58494645030338,68.31642293008443,65.43499931239563,69.40887734009951,6.12,66.0,-1.48,13.86,29.148091525157284
QTWO,2023-05-02,23.940000534057617,24.1200008392334,22.36000061035156,22.5,769100.0,44.70454800409286,79.45768559385871,68.69878677767841,65.84592267050304,69.71409590136119,6.13,76.0,-1.49,13.51,27.11170090272131
QTWO,2023-05-03,22.420000076293945,23.57999992370605,22.290000915527344,22.75,641700.0,43.34637538346203,79.33260836093609,68.68252275536486,65.8645033163781,69.67191109540387,6.14,75.0,-1.5,13.52,27.41294202386266
QTWO,2023-05-04,22.459999084472656,22.64999961853028,21.209999084472656,21.64999961853028,1075300.0,43.069383434488216,79.61028994576407,68.95791045235639,66.07861999528366,69.47649926876946,6.15,78.0,-1.5,13.12,26.08748063118326
QTWO,2023-05-05,22.280000686645508,22.46999931335449,21.780000686645508,22.350000381469727,589200.0,43.35262028885682,79.99547231928798,69.16066160824325,66.1087388914963,69.56420939967836,6.16,78.0,-1.51,12.99,26.930956689693975
QTWO,2023-05-08,22.5,22.670000076293945,22.06999969482422,22.59000015258789,421100.0,43.43461818840673,80.07076028370939,69.00348615308673,66.13061466526455,69.3872275327578,6.17,77.0,-1.53,13.1,27.220147890195186
QTWO,2023-05-09,22.3799991607666,23.309999465942383,21.940000534057617,22.989999771118164,1001900.0,43.70547902948346,79.75707790203838,68.88725080465215,65.92268888491408,69.3897379473972,6.17,74.0,-1.54,13.18,27.702133224363866
QTWO,2023-05-10,24.690000534057617,26.709999084472656,24.690000534057617,25.32999992370605,1508900.0,51.86106499841903,82.51051223844917,70.6497195396008,66.83347778930795,69.58672785306455,6.19,82.0,-1.54,12.04,30.52175030210987
QTWO,2023-05-11,25.39999961853028,25.57999992370605,24.8700008392334,25.200000762939453,754400.0,51.90208705875761,82.50935700936667,70.36832183530909,66.81742339144787,69.57323331632165,6.2,81.0,-1.54,12.34,30.365105930362812
QTWO,2023-05-12,25.309999465942383,25.309999465942383,24.100000381469727,24.76000022888184,572400.0,51.29946878904671,81.82009004161894,70.42017140151293,66.75970738953238,69.55588990248839,6.2,81.0,-1.55,12.27,29.834920913633585
QTWO,2023-05-15,24.770000457763672,25.84000015258789,24.459999084472656,25.780000686645508,1024600.0,51.6907505977113,81.89295349320199,70.45821243711343,66.91283442914963,69.65360750202962,6.21,81.0,-1.55,12.37,31.063985239479248
QTWO,2023-05-16,25.309999465942383,26.020000457763672,24.989999771118164,25.86000061035156,859700.0,51.31342104741582,81.89448977198155,70.44557791256906,66.62496939924546,69.14835552344914,6.22,80.0,-1.55,12.37,31.16038230631298
QTWO,2023-05-17,26.11000061035156,27.3799991607666,25.979999542236328,27.200000762939453,1649800.0,52.8714502074646,82.12563304434454,70.90029586312086,66.899915381835,69.18941283693667,6.22,82.0,-1.55,12.08,32.77503489949359
QTWO,2023-05-18,27.209999084472656,27.850000381469727,27.0,27.850000381469727,973800.0,52.03870450970967,82.11197439229649,70.9054826542725,66.88731666151511,66.24663419331927,6.22,82.0,-1.54,12.15,33.558261354803626
QTWO,2023-05-19,28.030000686645508,28.239999771118164,27.3799991607666,27.690000534057617,851300.0,52.11887104474167,82.07570940937975,70.90991062996746,66.82919144059434,66.1560860575021,6.22,82.0,-1.54,12.14,33.36546722113615
QTWO,2023-05-22,27.76000022888184,28.34000015258789,27.6200008392334,28.13999938964844,500300.0,52.09870656985552,81.73442756738386,70.83592960368944,66.71553881973342,66.16348977280391,6.21,79.0,-1.54,12.28,33.907699860218166
QTWO,2023-05-23,28.200000762939453,28.8700008392334,27.709999084472656,27.790000915527344,1445900.0,52.23277298851981,81.76308537837234,70.86646887831685,66.69397271643626,66.10603643080671,6.19,79.0,-1.53,12.23,33.48596412925017
QTWO,2023-05-24,27.18000030517578,27.799999237060547,27.11000061035156,27.700000762939453,799600.0,51.27687608202143,81.49297718925231,69.93648438799083,66.65384131265498,66.04814351821217,6.18,70.0,-1.53,12.85,33.377517141776295
QTWO,2023-05-25,27.89999961853028,27.89999961853028,26.540000915527344,27.100000381469727,987100.0,51.29615860322787,81.56798146913597,69.96631363890909,66.4894497105735,65.90318828762564,6.16,70.0,-1.53,12.75,32.654537991379584
QTWO,2023-05-26,27.15999984741211,27.86000061035156,27.15999984741211,27.81999969482422,591400.0,51.54366328093158,81.7416449302242,70.06652473386829,66.5304817685094,65.86644203013982,6.14,70.0,-1.53,12.69,33.52211159288321
QTWO,2023-05-30,28.239999771118164,28.57999992370605,27.18000030517578,27.64999961853028,576000.0,51.64942663049914,81.55081550515283,69.62550121407075,66.35756945807042,65.86379986737833,6.12,66.0,-1.52,12.97,33.317267538575614
QTWO,2023-05-31,28.61000061035156,29.25,28.020000457763672,29.1200008392334,2056700.0,53.33032866005426,82.1554661423364,69.8844364944135,66.66299734006174,65.94958834273368,6.09,66.0,-1.53,12.91,35.08856680179064
QTWO,2023-06-01,28.93000030517578,29.209999084472656,28.21999931335449,28.39999961853028,602700.0,54.08219088435434,82.13742288353212,69.79493499557073,66.46551739438121,65.93110548842085,6.07,65.0,-1.53,12.88,34.220990901999656
QTWO,2023-06-02,28.8799991607666,29.299999237060547,28.01000022888184,28.36000061035156,617900.0,53.88160114591254,81.99231145394286,69.34595058987837,66.46414660398534,65.90181907692542,6.05,62.0,-1.52,13.18,34.172793517726454
QTWO,2023-06-05,27.89999961853028,28.07999992370605,27.280000686645508,27.68000030517578,936000.0,54.27655292989646,80.81857033244421,69.41685449835092,66.51119041770657,65.61968062201258,6.03,62.0,-1.51,13.1,33.35341730049602
QTWO,2023-06-06,27.63999938964844,29.15999984741211,27.46999931335449,28.82999992370605,549900.0,54.834352887890034,79.21723337567038,69.6291463871218,66.50912969582407,65.69822067246626,6.01,64.0,-1.5,12.94,34.73912599808874
QTWO,2023-06-07,29.020000457763672,29.25,28.36000061035156,28.520000457763672,528500.0,53.231486536830005,56.19094249451445,69.54393203653763,66.481587665162,63.2894453999218,5.98,62.0,-1.49,12.96,34.36558765139394
QTWO,2023-06-08,28.31999969482422,28.56999969482422,27.88999938964844,28.209999084472656,358300.0,52.764564825905694,48.82793436869859,69.55604341237756,66.48918595050648,63.1618951677732,5.95,62.0,-1.47,12.94,33.99204700641177
QTWO,2023-06-09,28.32999992370605,28.57999992370605,27.739999771118164,27.90999984741211,284000.0,52.05703741056151,48.29912190811797,69.34452464030947,66.48085140196758,63.10102556793884,5.91,57.0,-1.44,13.05,33.63055858035709
QTWO,2023-06-12,28.0,28.76000022888184,27.93000030517578,28.420000076293945,459200.0,52.12301702617032,47.51022617731958,69.34680782029578,66.31870436078987,62.7289581218596,5.88,58.0,-1.42,13.12,34.245090743279924
QTWO,2023-06-13,28.57999992370605,28.979999542236328,27.979999542236328,28.290000915527344,442300.0,51.77187255852624,45.78079721118458,69.30258142349847,66.1315801365942,62.629288298134,5.84,55.0,-1.4,13.18,34.08844637153286
QTWO,2023-06-14,28.290000915527344,28.299999237060547,27.25,27.790000915527344,616600.0,46.840332280386434,45.739133444302325,69.01459103158167,66.04032337764237,62.29730073539571,5.8,53.0,-1.36,13.33,33.48596412925017
QTWO,2023-06-15,27.450000762939453,28.51000022888184,27.18000030517578,28.51000022888184,464800.0,47.136780661988496,45.39544229187706,68.98189443092271,66.09532454327852,62.16608788859151,5.76,51.0,-1.32,13.36,34.3535377307538
QTWO,2023-06-16,28.82999992370605,30.100000381469727,28.40999984741211,29.790000915527344,2096300.0,45.03910815127525,44.63538632486827,69.24445892532243,66.03988918577286,62.23239526448023,5.71,54.0,-1.3,13.25,35.89589309838095
QTWO,2023-06-20,29.34000015258789,29.780000686645508,29.190000534057617,29.459999084472656,736000.0,45.00446221182671,44.51078574639962,69.20363413354833,66.04819304775344,61.93587796395671,5.66,53.0,-1.28,13.3,35.498252612118506
QTWO,2023-06-21,29.270000457763672,29.5,28.64999961853028,29.14999961853028,489300.0,45.36430638703159,44.55971563911602,69.17823689699273,66.00222498990912,61.645744362155774,5.61,52.0,-1.25,13.28,35.1247142654237
QTWO,2023-06-22,28.940000534057617,29.36000061035156,28.71999931335449,29.18000030517578,518600.0,45.330507740577126,44.56335794410076,69.02576064386152,65.96738202701515,61.61071788966932,5.56,50.0,-1.21,13.37,35.160864027344104
QTWO,2023-06-23,28.61000061035156,29.6299991607666,28.59000015258789,29.56999969482422,1366000.0,36.72892328275575,44.581208737821214,68.96517481313204,65.2119716029384,61.625897739851496,5.5,46.0,-1.18,13.5,35.63079944087265
QTWO,2023-06-26,29.440000534057617,30.229999542236328,29.209999084472656,29.290000915527344,548100.0,36.85702976546282,44.65608883666502,68.88968834804558,65.14507177320665,61.34823917056279,5.44,43.0,-1.14,13.51,35.29341085609825
QTWO,2023-06-27,29.520000457763672,30.40999984741211,28.89999961853028,30.290000915527344,523000.0,37.11102274851997,44.59989596674297,68.91794454144207,65.27172076883437,61.24319849445374,5.38,43.0,-1.12,13.49,36.49837534066365
QTWO,2023-06-28,30.209999084472656,30.700000762939453,30.1299991607666,30.290000915527344,381300.0,35.74963571435773,44.16961003004127,68.26165388589868,65.0293730603378,61.22779324122066,5.32,26.0,-1.17,13.99,36.49837534066365
QTWO,2023-06-29,30.350000381469727,30.809999465942383,30.200000762939453,30.440000534057617,488200.0,35.743433367785244,43.9154397971134,67.99694364613273,64.89066865884318,61.150347784741534,5.26,25.0,-1.17,14.33,36.67911955369098
QTWO,2023-06-30,30.790000915527344,31.06999969482422,30.600000381469727,30.89999961853028,592000.0,33.245457198595055,43.787009604156495,67.83264976881603,64.7681133085779,61.15473744352207,5.2,24.0,-1.16,14.6,37.233402113413135
QTWO,2023-07-03,30.57999992370605,31.200000762939453,30.57999992370605,30.770000457763672,155300.0,32.81251806853355,43.19684647088896,67.74391946377618,64.76889891204624,61.14123428859405,5.14,23.0,-1.16,14.64,37.076757741666064
QTWO,2023-07-05,30.40999984741211,30.96999931335449,30.3700008392334,30.520000457763672,483600.0,32.87746087845401,43.24727529723727,67.71252727808061,64.75344031085113,61.08864222216637,5.07,22.0,-1.14,14.68,36.77551662052472
QTWO,2023-07-06,29.920000076293945,30.13999938964844,29.040000915527344,30.06999969482422,478800.0,33.048466420685166,43.38494164373786,67.73271276047193,64.09156465203831,61.03835681176283,5.0,22.0,-1.13,14.65,36.23328168315535
QTWO,2023-07-07,30.21999931335449,31.07999992370605,30.170000076293945,30.780000686645508,377200.0,33.29285068917072,43.45390473977165,67.59538016813022,63.81703289353352,61.07470181185415,4.93,20.0,-1.15,14.77,37.0888076623062
QTWO,2023-07-10,30.40999984741211,31.309999465942383,30.170000076293945,31.309999465942383,404300.0,33.46048949926665,42.960382272269854,67.62195484020216,63.84687528852392,61.02128647045421,4.85,20.0,-1.17,14.8,37.72743736822195
QTWO,2023-07-11,31.350000381469727,32.029998779296875,31.11000061035156,31.989999771118164,374800.0,32.89082821937875,42.73036363698439,67.71319064678956,63.32438002126269,61.04110318907322,4.78,21.0,-1.19,14.76,38.54681358545239
QTWO,2023-07-12,33.52000045776367,33.79999923706055,32.720001220703125,33.310001373291016,822700.0,33.90996986222304,43.25731744572489,67.59378247576852,63.46782081473582,61.06774082682689,4.7,17.0,-1.3,14.86,40.137368635640094
QTWO,2023-07-13,33.63999938964844,34.4900016784668,33.560001373291016,34.08000183105469,553900.0,34.0489659080924,43.39755385519302,67.27158961681221,63.46227310227871,61.07949930225303,4.62,16.0,-1.29,15.34,41.06519184034441
QTWO,2023-07-14,33.86000061035156,33.9900016784668,32.869998931884766,33.27000045776367,418200.0,32.4293801997337,43.784440628766006,67.35691100977357,63.531667660061984,61.125038759836826,4.54,16.0,-1.29,15.22,40.08916895307954
QTWO,2023-07-17,33.29999923706055,33.77000045776367,33.08000183105469,33.70000076293945,354500.0,31.275178492040745,43.80047051941733,66.93886394302694,62.44493939273303,61.13525714788184,4.46,14.0,-1.26,15.8,40.60730404916864
QTWO,2023-07-18,33.56999969482422,33.79999923706055,33.220001220703125,33.290000915527344,624900.0,31.64460861055087,43.81019279521213,66.85814266153567,62.46299458770018,61.04147038740568,4.37,13.0,-1.24,15.81,40.11326879435982
QTWO,2023-07-19,33.65999984741211,34.349998474121094,33.40999984741211,33.91999816894531,594900.0,30.584937511885677,43.72840426584708,66.90688833546898,62.49518481047816,61.02116678580322,4.28,13.0,-1.22,15.77,40.87239311010221
QTWO,2023-07-20,33.66999816894531,33.66999816894531,32.619998931884766,32.81999969482422,477600.0,30.93433399612148,44.16332020429062,66.76099993014829,62.57332850300023,60.84477839476433,4.2,11.0,-1.22,15.95,39.54693401571017
QTWO,2023-07-21,33.27000045776367,33.36000061035156,32.52000045776367,32.54999923706055,383300.0,30.83460635160872,43.18514654153999,66.77240209584939,62.53203205136644,60.7002118739951,4.1,11.0,-1.22,15.93,39.22159305328855
QTWO,2023-07-24,34.79999923706055,34.970001220703125,33.869998931884766,34.45000076293945,814600.0,33.98531170025807,44.01016220398365,67.20907022768392,62.884533693465016,60.893348143765344,3.97,14.0,-1.17,15.53,41.51102741259268
QTWO,2023-07-25,34.79999923706055,35.7400016784668,34.599998474121094,34.72999954223633,845900.0,33.585596830707345,43.51383219057585,67.18925581176876,62.193991704010486,60.88301523915277,3.83,13.0,-1.12,15.59,41.848415997367084
QTWO,2023-07-26,34.68000030517578,35.150001525878906,34.2599983215332,35.0,437600.0,33.429398213574785,43.44714365961624,67.18136009012663,61.89267499269818,60.76304602550796,3.69,12.0,-1.07,15.59,42.173756959788705
QTWO,2023-07-27,35.63999938964844,35.63999938964844,34.380001068115234,34.650001525878906,592500.0,33.630087756002006,43.299842120890645,67.09508849228095,61.77617192902795,60.66602245848887,3.52,11.0,-1.04,15.61,41.75202122882071
QTWO,2023-07-28,35.380001068115234,35.81999969482422,34.90999984741211,34.95000076293945,288400.0,32.81319396805162,40.098328611944304,66.96185270800503,61.77667325591959,60.48259190527848,3.34,10.0,-1.0,15.84,42.11350965487538
QTWO,2023-07-31,34.869998931884766,35.560001373291016,34.619998931884766,35.470001220703125,618100.0,32.447235822645624,40.120261803800624,66.85367406224397,61.02299358968186,60.48699101671728,3.15,6.0,-0.96,16.05,42.74009173843835
QTWO,2023-08-01,35.15999984741211,35.93000030517578,34.689998626708984,35.810001373291016,372900.0,30.54841782281088,38.32439966438089,66.78604197001322,61.02807852512412,60.48686452492029,2.94,5.0,-0.91,16.1,43.14977984705357
QTWO,2023-08-02,34.75,34.84000015258789,33.88999938964844,34.25,1291500.0,33.57375526002913,39.5070127992744,66.15341717735801,59.484651555341294,60.62547579186908,2.77,2.0,-0.95,16.82,41.27003359636466
QTWO,2023-08-03,35.25,35.27000045776367,33.2400016784668,33.599998474121094,967200.0,34.00958134747012,39.86368965473625,64.68145195639147,59.391929566049406,60.54488097164481,2.62,1.0,-1.02,18.62,40.48680484276726
QTWO,2023-08-04,34.13999938964844,34.13999938964844,32.560001373291016,32.810001373291016,699900.0,34.99135701911872,40.27762673638552,48.33223964829264,59.26658608301448,60.457340324398544,3.37,1.0,-1.07,3.33,39.5348863933574
QTWO,2023-08-07,33.9900016784668,34.290000915527344,33.209999084472656,34.189998626708984,547500.0,36.542479311179015,36.32492269461757,43.649250974676605,59.10081787764147,60.50206613498101,4.2,1.0,-1.12,0.67,41.197734072523836
QTWO,2023-08-08,33.47999954223633,33.4900016784668,32.63999938964844,33.150001525878906,572300.0,37.77643567005073,37.00875350956577,43.576257300596254,58.71953742053688,60.37941601779602,4.88,1.0,-1.16,0.68,39.94457450197262
QTWO,2023-08-09,33.15999984741211,33.810001373291016,32.56999969482422,33.5,622300.0,36.79280991149164,36.73646085761053,43.0166827663577,58.54438769027438,60.33305473440607,5.48,1.0,-1.2,0.81,40.36631023294062
QTWO,2023-08-10,33.88999938964844,33.970001220703125,33.119998931884766,33.369998931884766,597700.0,36.84086890976985,36.03138271286663,41.86684309401834,58.51562261816382,60.262172455783805,6.04,1.0,-1.23,0.91,40.209663562906194
QTWO,2023-08-11,33.29999923706055,33.869998931884766,33.119998931884766,33.58000183105469,349400.0,36.84828027114815,36.03273191659824,41.6972523804272,58.40911174598315,59.97635306857673,6.55,1.0,-1.25,0.96,40.46270959806172
QTWO,2023-08-14,33.22999954223633,34.060001373291016,33.15999984741211,33.95000076293945,421600.0,36.75503944979382,34.7573864337154,41.34701916536155,58.41886399841991,59.98604582530091,7.03,1.0,-1.28,1.08,40.90854517030999
QTWO,2023-08-15,33.70000076293945,34.15999984741211,33.5,33.54999923706055,332400.0,36.95389052088596,34.648995254471124,40.43981814493618,58.34439114585791,59.93519055812119,7.49,1.0,-1.3,1.2,40.42655753785394
QTWO,2023-08-16,33.33000183105469,33.81999969482422,33.33000183105469,33.5099983215332,425200.0,36.82797764458199,34.61169981047249,40.27934955842084,58.34331305234056,59.92644180260912,7.92,1.0,-1.31,1.27,40.37835785529339
QTWO,2023-08-17,33.529998779296875,33.650001525878906,33.16999816894531,33.25,423700.0,36.58453870404853,34.57670349847222,40.28759203659615,58.24276636607627,59.9283077049588,8.31,2.0,-1.32,1.27,40.06506911179927
QTWO,2023-08-18,32.86000061035156,33.709999084472656,31.799999237060547,32.88999938964844,582000.0,36.30342010705601,34.54751095701499,40.35417158663447,58.21233997308144,59.835549030836496,8.66,3.0,-1.33,1.25,39.63128116190377
QTWO,2023-08-21,32.88999938964844,32.970001220703125,32.189998626708984,32.599998474121094,381500.0,36.15852194278477,34.60859977522933,40.385993317659455,57.92001209472206,59.84031785797234,8.99,4.0,-1.33,1.25,39.281840358201876
QTWO,2023-08-22,32.970001220703125,33.2599983215332,32.41999816894531,32.66999816894531,305800.0,35.65338306519016,34.22691802771867,40.37928294609031,57.85366360142977,59.61840915468181,9.31,4.0,-1.32,1.25,39.36618750439547
QTWO,2023-08-23,32.61000061035156,33.47999954223633,32.58000183105469,33.36000061035156,354800.0,34.18080165142236,34.09059168138056,40.15091851234312,57.89391681079029,59.5249515966845,9.6,1.0,-1.32,1.33,40.19761594055342
QTWO,2023-08-24,33.27000045776367,33.5099983215332,32.34000015258789,32.34000015258789,375200.0,34.62351568117247,34.75271799235674,40.2184346311052,57.80083925227402,59.58412253065701,9.88,2.0,-1.31,1.35,38.96855161470775
QTWO,2023-08-25,32.5,32.90999984741211,32.040000915527344,32.56999969482422,286200.0,34.051675420836176,33.2241355421864,40.06877586472328,57.401868903696105,59.533247702492886,10.14,1.0,-1.29,1.39,39.245692894568826
QTWO,2023-08-28,32.709999084472656,33.150001525878906,32.560001373291016,32.58000183105469,595700.0,33.81117269616622,32.750235700172055,39.96223915003189,57.381822030763786,59.504406497348405,10.39,1.0,-1.27,1.43,39.25774511349632
QTWO,2023-08-29,32.88999938964844,33.61000061035156,32.529998779296875,33.310001373291016,785600.0,34.29506126942061,32.99185871876975,39.69206706294035,57.353457249395056,59.30034686368442,10.64,1.0,-1.25,1.49,40.137368635640094
QTWO,2023-08-30,33.02000045776367,35.209999084472656,33.02000045776367,34.880001068115234,555700.0,36.43727058054224,33.67899467893673,40.23553285721201,57.596544820312936,59.4653917642721,10.87,6.0,-1.23,1.31,42.029162508681786
QTWO,2023-08-31,34.79999923706055,35.529998779296875,34.29999923706055,34.40999984741211,795300.0,35.28458089104309,32.97165436206246,40.30643869249946,57.52438055870842,59.42056663356623,11.09,9.0,-1.21,1.29,41.46282773003214
QTWO,2023-09-01,34.66999816894531,35.29999923706055,34.66999816894531,35.189998626708984,511900.0,35.65946698844499,33.08234922044831,40.34070160173135,57.47910852379658,59.411273954950495,11.31,10.0,-1.18,1.27,42.40269855708923
QTWO,2023-09-05,34.90999984741211,35.02000045776367,34.27000045776367,34.27000045776367,246900.0,32.717624163957844,33.523116779699905,40.287343086336975,57.56890587086112,59.34113872902077,11.51,8.0,-1.15,1.28,41.29413343764494
QTWO,2023-09-06,33.970001220703125,34.38999938964844,33.689998626708984,33.869998931884766,513400.0,32.78697150512173,33.54242972754079,40.10944896165624,57.37645234985417,59.3285738316514,11.71,4.0,-1.11,1.37,40.81214580518889
QTWO,2023-09-07,33.619998931884766,33.77000045776367,33.5,33.599998474121094,439200.0,32.74652138154473,33.474395167565554,40.11227880719045,57.38585662367043,59.29655999579,11.9,5.0,-1.07,1.37,40.48680484276726
QTWO,2023-09-08,33.68000030517578,33.70000076293945,33.279998779296875,33.34000015258789,218300.0,32.70054557258995,33.51069085573442,40.14692332080586,57.20233267904579,59.14529120652637,12.08,6.0,-1.02,1.36,40.173516099273144
QTWO,2023-09-11,33.4900016784668,33.939998626708984,33.060001373291016,33.70000076293945,517100.0,32.762039321430066,33.272341548599755,40.11776027720869,57.206024157408976,59.12590733194584,12.25,6.0,-0.96,1.38,40.60730404916864
QTWO,2023-09-12,33.119998931884766,34.13999938964844,33.119998931884766,33.709999084472656,572000.0,32.41519788755905,32.948339466582944,40.118700584945,57.206183391766096,58.99545283506854,12.41,7.0,-0.9,1.38,40.619351671521414
QTWO,2023-09-13,33.5,33.5,32.619998931884766,32.63999938964844,451000.0,33.40457250670164,32.583585249656984,40.44653871515109,57.28107035423231,59.07747561328247,12.56,21.0,-0.83,1.29,39.33004004076243
QTWO,2023-09-14,32.93000030517578,33.20000076293945,32.650001525878906,32.869998931884766,275500.0,31.1085880947523,32.49459660028336,40.312834693682206,57.281810511229615,58.86946195122905,12.71,16.0,-0.75,1.35,39.607181320623496
QTWO,2023-09-15,32.68000030517578,32.83000183105469,32.29999923706055,32.650001525878906,572400.0,30.696537885214152,32.44121373112866,40.19507471206518,57.20950622996634,58.87055193256746,12.84,10.0,-0.66,1.39,39.34209225968993
QTWO,2023-09-18,32.54999923706055,32.83000183105469,32.349998474121094,32.61000061035156,269800.0,29.92475975417869,32.44705980412776,39.56740573598528,57.2075992799547,58.864286959321234,12.98,1.0,-0.58,1.54,39.29389257712938
QTWO,2023-09-19,32.58000183105469,32.68000030517578,32.349998474121094,32.400001525878906,316300.0,27.26445293126288,32.402332395060924,39.25523493392137,56.58539118377879,58.70400549756284,13.12,1.0,-0.48,1.69,39.040851138548575
QTWO,2023-09-20,32.61000061035156,32.9900016784668,32.06999969482422,32.099998474121094,208000.0,25.94854825849583,32.39928202000172,38.90372396512083,56.56135635443224,58.67790104652495,13.25,1.0,-0.36,1.86,38.67935811591918
QTWO,2023-09-21,31.700000762939453,31.959999084472656,31.31999969482422,31.32999992370605,406800.0,26.55143331933524,32.12347267644033,39.11373904749861,56.62621710972199,58.72364900382527,13.38,2.0,-0.23,1.78,37.75153720950222
QTWO,2023-09-22,31.559999465942383,32.18000030517578,31.36000061035156,31.82999992370605,298700.0,27.055006682050625,32.27515167213315,39.0381051802533,56.35766888121356,58.73062348838671,13.49,2.0,-0.09,1.79,38.354019451784914
QTWO,2023-09-25,31.530000686645508,31.989999771118164,31.299999237060547,31.51000022888184,280200.0,27.05855814064233,32.34045365481645,37.19355727519284,56.2105503399852,58.56931344797782,13.63,1.0,-0.02,1.64,37.968431184449976
QTWO,2023-09-26,31.280000686645508,31.82999992370605,31.0,31.700000762939453,651500.0,26.888238238629263,32.22149481583917,37.17566459877543,56.07583283355325,58.41530976272622,13.76,1.0,0.06,1.66,38.19737508003786
QTWO,2023-09-27,31.89999961853028,32.16999816894531,31.21999931335449,31.6200008392334,342200.0,26.735337504758267,32.21295956954093,36.21001892413533,55.77703353418785,58.3130307832067,13.89,1.0,-0.09,1.8,38.10097801320412
QTWO,2023-09-28,31.420000076293945,32.15999984741211,31.309999465942383,31.950000762939453,289600.0,26.974177946390444,32.22533519205169,35.94651470041455,55.76443731145826,58.305835904249015,14.01,1.0,-0.23,1.96,38.4986162011792
QTWO,2023-09-29,32.310001373291016,32.59000015258789,32.060001373291016,32.27000045776367,388700.0,27.110050488892668,32.112822181531975,35.943094297813,55.71289818420839,58.10351362928199,14.13,1.0,-0.46,1.96,38.884204468514156
QTWO,2023-10-02,32.06999969482422,32.41999816894531,31.809999465942383,32.130001068115234,344500.0,26.968665265940285,31.796484435351395,35.89428027436525,55.649150799006655,58.10170074823833,14.24,1.0,-0.77,2.02,38.715510176126955
QTWO,2023-10-03,31.81999969482422,31.81999969482422,30.549999237060547,30.809999465942383,365000.0,29.423901249729827,32.78509203573026,33.3586000430594,55.86646415356815,58.20497151374797,14.36,1.0,-0.76,0.03,37.12495512593925
QTWO,2023-10-04,30.959999084472656,31.51000022888184,30.61000061035156,31.3700008392334,230000.0,29.96702307989271,32.69426238574457,33.43554589759445,55.75951307176382,58.2064138945666,14.48,2.0,-0.78,-0.01,37.799736892062775
QTWO,2023-10-05,31.209999084472656,31.68000030517578,31.06999969482422,31.479999542236328,360400.0,29.260183949101915,31.584913089760235,33.28486230076175,55.71055209713423,57.58758386743672,14.59,1.0,-0.93,0.02,37.932281422529556
QTWO,2023-10-06,31.100000381469727,32.2599983215332,31.030000686645508,32.15999984741211,261700.0,28.665473941952364,31.538651597303023,32.8672321375165,55.73093999498612,57.56580489165011,14.69,1.0,-0.97,0.08,38.75165763976
QTWO,2023-10-09,31.729999542236328,32.65999984741211,31.549999237060547,32.47999954223633,235300.0,28.73903073186308,31.24327088001288,32.889638905341926,55.52313490050464,57.57413209129388,14.78,2.0,-1.04,0.07,39.13724590709495
QTWO,2023-10-10,32.470001220703125,33.38999938964844,32.33000183105469,32.65999984741211,312300.0,28.7851097439136,31.14666124345548,31.972573264137687,55.42275913098681,57.3771163371132,14.87,1.0,-1.0,0.13,39.3541398820427
QTWO,2023-10-11,32.900001525878906,33.40999984741211,32.79999923706055,33.29999923706055,271000.0,28.612184753627584,31.31293014515509,31.90647109998842,55.38662537735194,57.292567346679725,14.95,1.0,-0.94,0.15,40.12531641671259
QTWO,2023-10-12,34.22999954223633,34.540000915527344,33.0099983215332,33.33000183105469,529200.0,25.068354284971427,31.06932493891693,31.883868563702244,55.34001051828302,57.17117067465794,15.02,1.0,-0.88,0.15,40.16146847692037
QTWO,2023-10-13,33.290000915527344,33.290000915527344,31.600000381469727,32.06999969482422,613900.0,27.07577237244705,31.33932970123196,32.4371169668555,55.504205805434815,57.30199872729949,15.08,4.0,-0.8,0.12,38.64321065228613
QTWO,2023-10-16,32.5,32.709999084472656,32.119998931884766,32.47999954223633,501700.0,26.44290195274989,31.408738489739918,32.41059656212687,55.42650692129109,57.2967996207856,15.12,4.0,-0.72,0.12,39.13724590709495
QTWO,2023-10-17,32.060001373291016,33.279998779296875,32.060001373291016,33.27000045776367,856800.0,26.542202416933712,29.543982393952167,32.59638883716755,55.42545196423024,56.7888692262751,15.16,6.0,-0.65,0.05,40.08916895307954
QTWO,2023-10-18,32.720001220703125,32.720001220703125,32.099998474121094,32.209999084472656,723800.0,27.90768888654817,30.19359555361357,32.83221297427775,55.50335884101316,56.61888006114295,15.19,7.0,-0.64,0.03,38.81190494467333
QTWO,2023-10-19,32.52000045776367,33.119998931884766,32.209999084472656,32.61000061035156,488700.0,28.128870672738305,30.26674535751468,32.6420211252841,55.39773600149369,56.630610953225066,15.21,7.0,-0.56,0.08,39.29389257712938
QTWO,2023-10-20,32.70000076293945,33.02000045776367,31.26000022888184,31.38999938964844,776700.0,30.07317182837874,31.152372550711902,33.22469295273508,55.14152675488625,56.305840907711215,15.22,11.0,-0.52,0.02,37.823834435055694
QTWO,2023-10-23,31.170000076293945,31.690000534057617,30.799999237060547,30.82999992370605,765700.0,30.16791247888373,31.255189678885976,32.35887795216146,54.98593673307932,56.31403639191569,15.23,4.0,-0.45,-0.01,37.14905496721953
QTWO,2023-10-24,31.290000915527344,32.220001220703125,31.229999542236328,31.65999984741211,514500.0,31.352328945174403,31.61837841291648,32.35628831256426,54.92972492015912,56.325475630016,15.23,4.0,-0.36,-0.03,38.14917539747731
QTWO,2023-10-25,31.13999938964844,31.239999771118164,30.049999237060547,30.14999961853028,825500.0,33.06425767060441,32.953916473861646,33.31248014626982,55.16964723772083,56.54131709949891,15.21,15.0,-0.33,-0.02,36.32967874998909
QTWO,2023-10-26,30.190000534057617,30.530000686645508,29.75,30.36000061035156,512500.0,33.06221356898012,31.843475248343,33.0867677084081,55.147598854544334,55.65116689868536,15.19,13.0,-0.36,0.04,36.582722486857236
QTWO,2023-10-27,30.56999969482422,30.65999984741211,29.36000061035156,29.3799991607666,483200.0,34.187190268663805,32.277464329813185,32.894432192113385,55.26810744905721,55.747213284876494,15.16,13.0,-0.35,0.03,35.40185554528477
QTWO,2023-10-30,29.82999992370605,29.89999961853028,28.96999931335449,29.14999961853028,494900.0,34.20260274665524,31.98684158359153,32.872637718547544,55.107934882438826,55.7471911469018,15.12,12.0,-0.36,0.04,35.1247142654237
QTWO,2023-10-31,29.0,30.270000457763672,28.90999984741211,30.030000686645508,1517800.0,35.53570011427332,31.407283435866,33.15438406555976,55.20304039646001,55.78853094592557,15.07,16.0,-0.38,-0.02,36.18508429888216
QTWO,2023-11-01,30.01000022888184,30.299999237060547,29.280000686645508,29.799999237060547,971200.0,35.512050436176814,30.85592823167839,33.13171265070561,55.20881878781203,55.75563332037671,15.01,16.0,-0.45,-0.01,35.90794072073372
QTWO,2023-11-02,31.8799991607666,33.189998626708984,30.88999938964844,33.0099983215332,1689100.0,46.12398931771848,37.44746133621103,36.75800836284061,56.252293468198566,56.68628389349283,14.91,27.0,-0.4,2.64,39.7758756130107
QTWO,2023-11-03,33.880001068115234,34.220001220703125,33.529998779296875,34.13999938964844,754900.0,46.88040762134846,38.07677523294423,37.0967306077558,56.113876222534905,56.23896037964433,14.81,28.0,-0.4,2.43,41.13748676761051
QTWO,2023-11-06,34.099998474121094,34.099998474121094,33.18000030517578,33.599998474121094,467100.0,47.04531037451852,38.201929782414965,37.07239141996943,56.12967563284555,56.026668197979824,14.69,28.0,-0.56,2.44,40.48680484276726
QTWO,2023-11-07,33.81999969482422,34.56999969482422,33.56999969482422,34.439998626708984,457300.0,47.48834474754924,38.47278413684395,37.058249627321146,55.90836740584231,55.976839069113495,14.57,28.0,-0.61,2.45,41.49897519366518
QTWO,2023-11-08,34.41999816894531,34.939998626708984,34.150001525878906,34.7400016784668,208400.0,47.49086746638889,38.42719944292609,36.45828788300067,55.84326198812303,55.97844176726684,14.45,27.0,-0.57,2.74,41.860468216294585
QTWO,2023-11-09,34.91999816894531,34.91999816894531,33.400001525878906,33.40999984741211,345000.0,48.97243606035381,39.27510568707029,36.97055872406227,56.026551460384496,55.52648217200343,14.31,29.0,-0.51,2.55,40.25786324546674
QTWO,2023-11-10,33.40999984741211,33.72999954223633,32.970001220703125,33.61000061035156,336300.0,48.92599539348596,39.26051306748279,36.92899779682853,55.795821493373175,55.5279239334894,14.16,29.0,-0.47,2.56,40.498857061694764
QTWO,2023-11-13,33.31999969482422,33.79999923706055,33.16999816894531,33.540000915527344,543600.0,48.90746254918631,39.19594077624141,36.933152917614095,55.79468583670436,54.10878211741258,14.0,30.0,-0.45,2.56,40.41450991550117
QTWO,2023-11-14,34.959999084472656,35.86000061035156,34.470001220703125,35.849998474121094,534600.0,50.62962627120344,41.42817244269684,38.31432601424847,56.235586326651465,54.39752236999568,13.83,37.0,-0.38,2.28,43.1979749330394
QTWO,2023-11-15,35.959999084472656,36.619998931884766,35.650001525878906,35.7400016784668,417700.0,50.52923824898761,41.43895382235517,38.27899905488986,56.21788017296262,54.24466096004497,13.66,37.0,-0.38,2.29,43.06543270085997
QTWO,2023-11-16,35.619998931884766,35.709999084472656,34.79999923706055,34.970001220703125,1287600.0,51.094118124243714,41.50844567460928,38.1247506979628,56.26834748632532,54.0121633167129,13.47,37.0,-0.35,2.42,42.137609496155655
QTWO,2023-11-17,35.15999984741211,35.529998779296875,35.040000915527344,35.5099983215332,347900.0,50.940195330213534,41.07494968722048,38.1876049008692,56.22348473116253,53.64045201874127,13.28,38.0,-0.31,2.37,42.788286824424176
QTWO,2023-11-20,35.65999984741211,36.43999862670898,35.630001068115234,36.33000183105469,463700.0,51.22273817853144,41.29158665237814,38.33287302672894,56.19068650006055,53.54004465282179,13.09,41.0,-0.21,2.27,43.776361930616545
QTWO,2023-11-21,35.650001525878906,36.130001068115234,34.689998626708984,34.72999954223633,927700.0,53.130047097307454,42.39370610049754,38.984730032118186,56.35967202124904,53.71590337365441,12.89,43.0,-0.18,2.12,41.848415997367084
QTWO,2023-11-22,35.20000076293945,35.560001373291016,34.72999954223633,34.86000061035156,1140900.0,52.878697460481625,42.169712019328216,38.97721029278413,56.30441361611788,53.63319100161197,12.68,43.0,-0.14,2.12,42.0050626674015
QTWO,2023-11-24,34.93000030517578,35.36000061035156,34.75,35.189998626708984,341100.0,52.92758941365765,41.14480311690243,38.9691274607319,55.6449795517874,53.63892348275272,12.46,43.0,-0.1,2.11,42.40269855708923
QTWO,2023-11-27,34.84000015258789,35.54999923706055,34.59000015258789,35.45000076293945,784600.0,51.540739066289845,41.070341285298056,38.89241391125825,54.640808980710446,53.56629077401557,12.23,42.0,-0.07,2.12,42.71599189715808
QTWO,2023-11-28,35.400001525878906,36.380001068115234,35.349998474121094,35.66999816894531,632300.0,51.47242333872231,40.83440922383873,38.74394443119698,44.29309117724544,53.566966319831,12.0,42.0,-0.03,2.21,42.98108095809165
QTWO,2023-11-29,36.38999938964844,37.38999938964844,36.27000045776367,36.43999862670898,710500.0,51.38377730931955,40.67435153714502,38.79379157163825,41.27742483029407,53.51904110516303,11.75,43.0,0.01,2.18,43.908904162795956
QTWO,2023-11-30,36.52999877929688,36.900001525878906,35.41999816894531,35.52000045776367,730900.0,51.012602668257045,40.9574969267389,38.896309294157135,41.18061289590088,53.54892596584296,11.48,45.0,-0.01,2.19,42.80033904335168
QTWO,2023-12-01,35.41999816894531,37.58000183105469,35.20000076293945,37.52000045776367,706100.0,53.10867677787431,42.37790017950466,39.33026590163674,41.30022064273051,53.58273826179968,11.21,53.0,0.12,2.11,45.21026801248246
QTWO,2023-12-04,37.11000061035156,38.150001525878906,37.04999923706055,37.93999862670898,822000.0,51.554908210281866,42.37190300707415,39.209760654476526,40.66341276209109,53.54194997248543,10.92,52.0,0.28,2.18,45.71635088964405
QTWO,2023-12-05,37.75,37.91999816894531,36.93000030517578,37.40999984741211,464200.0,51.40607779081856,42.46211577166154,39.078681634331694,40.62397327689612,53.55719793069576,10.62,51.0,0.24,2.23,45.07772118372831
QTWO,2023-12-06,37.63999938964844,38.09999847412109,37.150001525878906,37.15999984741211,362300.0,51.17855589457451,42.496517731049344,39.05329525641465,40.4178473907252,53.39292656393763,10.31,51.0,0.16,2.26,44.77648006258696
QTWO,2023-12-07,37.41999816894531,38.31999969482422,36.97999954223633,37.65999984741211,793400.0,48.56205872290207,41.968250034426376,39.04423207149389,39.90597437547108,53.09308563942239,9.99,51.0,0.11,2.24,45.37896230486966
QTWO,2023-12-08,37.540000915527344,38.41999816894531,37.540000915527344,38.08000183105469,486800.0,48.57344016913851,41.9957291369756,38.97566298456337,39.81393796480656,53.08649615951472,9.65,48.0,0.11,2.28,45.88504977860598
QTWO,2023-12-11,37.7400016784668,38.060001373291016,37.34000015258789,37.72999954223633,715000.0,47.33579185703511,42.02237218800969,38.627289009558815,39.823932035230094,53.03545817096255,9.29,42.0,0.04,2.41,45.46330945106325
QTWO,2023-12-12,37.540000915527344,37.810001373291016,36.959999084472656,37.61000061035156,610000.0,47.21605304619005,42.03153255884967,38.603393306523856,39.82880158923729,53.03710693278396,8.91,42.0,-0.04,2.41,45.318714999956335
QTWO,2023-12-13,38.310001373291016,40.18999862670898,38.040000915527344,40.0,810600.0,49.31876207894048,43.70201749309072,38.7885366530469,40.42156291097323,53.30149916327429,8.49,45.0,0.34,2.41,48.19857938261566
QTWO,2023-12-14,41.18000030517578,41.90999984741211,40.11000061035156,40.9900016784668,883200.0,49.22174854623906,43.82652388375407,38.94593885201548,40.497069749730805,53.27536578722899,8.04,50.0,0.89,2.31,49.39149624482828
QTWO,2023-12-15,41.22999954223633,42.27000045776367,39.63999938964844,42.06999969482422,1413300.0,41.1845965544246,43.64825507833905,39.12607896483918,40.40604499987485,53.32780620997555,7.54,60.0,1.55,2.2,50.692855497940045
QTWO,2023-12-18,42.40999984741211,43.09999847412109,42.02999877929688,42.810001373291016,1183800.0,40.57304822669202,43.66662636896173,39.15675301007837,40.27677659261752,53.18285427939947,7.01,61.0,2.05,2.16,51.58453123901131
QTWO,2023-12-19,43.130001068115234,44.130001068115234,43.040000915527344,44.06999969482422,810000.0,40.40318726777292,43.82648802711619,39.37610131037738,40.30476224699691,53.250568253090144,6.43,65.0,2.63,2.04,53.102784467070826
QTWO,2023-12-20,43.83000183105469,44.77000045776367,42.5,42.52000045776367,931600.0,42.13428669511048,44.6396775808515,39.785373825909694,40.50987030601011,53.23193256000809,5.77,68.0,2.39,1.94,51.23509043530942
QTWO,2023-12-21,43.20000076293945,43.31999969482422,42.61000061035156,43.2599983215332,574200.0,42.23671835642725,44.68326935929476,39.84231351874178,40.33569647363562,53.24927067097092,5.03,69.0,2.24,1.9,52.12676157980596
QTWO,2023-12-22,43.41999816894531,43.77999877929688,43.08000183105469,43.41999816894531,276200.0,39.91399021175297,44.671315852695535,39.14109507748848,40.321472979254544,53.249448889646445,4.18,61.0,1.99,2.08,52.319555713473434
QTWO,2023-12-26,43.43999862670898,44.0099983215332,43.29999923706055,43.970001220703125,188800.0,39.920216945909054,44.686710059687854,39.020796312732685,40.32282647763326,53.207102643875146,3.21,55.0,1.78,2.1,52.98228985724418
QTWO,2023-12-27,43.9900016784668,44.2400016784668,43.54999923706055,44.119998931884766,393600.0,39.81985137286808,44.64450902462749,38.78911578131717,40.279824251827925,53.20409616957066,3.03,46.0,1.55,2.18,53.16303177198415
QTWO,2023-12-28,43.810001373291016,44.369998931884766,43.810001373291016,44.150001525878906,317400.0,35.948466303130054,43.55964702225084,38.30263628617235,40.09406191927362,53.13874464415832,2.97,40.0,1.32,2.43,53.199183832191935
QTWO,2023-12-29,43.91999816894531,44.34000015258789,43.09999847412109,43.40999984741211,540000.0,36.50246862713729,43.73561283558653,38.055292156226415,40.02327113149548,53.17063475106819,2.91,37.0,1.04,2.52,52.30750809112066
QTWO,2024-01-02,42.36000061035156,42.59000015258789,41.36000061035156,42.2599983215332,598000.0,36.871185104038624,44.23177667081397,38.3212598240611,40.16195182967894,52.77698309548703,2.86,43.0,0.77,2.43,50.92179709524057
QTWO,2024-01-03,41.59000015258789,41.709999084472656,40.16999816894531,40.18000030517578,894800.0,40.25011486989929,45.521352610235965,39.21649113734696,40.65801517613588,53.00926114506366,2.83,69.0,0.58,2.21,48.41547335756341
QTWO,2024-01-04,40.59000015258789,41.04999923706055,40.209999084472656,40.29999923706055,794500.0,39.857496483049296,45.503246425782166,39.21053646546191,40.630623242041295,53.00018172873365,2.81,69.0,0.4,2.22,48.56006780867034
QTWO,2024-01-05,39.970001220703125,40.93000030517578,39.65999984741211,40.29999923706055,719700.0,37.14035137889435,45.50732419825726,39.18413780215026,40.63132339910462,52.78115374666449,2.79,68.0,0.24,2.24,48.56006780867034
QTWO,2024-01-08,40.59000015258789,42.18999862670898,40.43999862670898,41.9900016784668,495900.0,38.58261219115352,46.04443304774493,39.6162064588329,40.84476399191519,52.801232376617776,2.78,76.0,0.05,2.03,50.59646072939367
QTWO,2024-01-09,41.06999969482422,42.13999938964844,41.06999969482422,42.0,505700.0,38.6078386315445,46.04645466935016,39.61369745917791,40.770436024703066,52.70228442764462,2.77,76.0,-0.11,2.03,50.60850835174645
QTWO,2024-01-10,42.13999938964844,42.43999862670898,41.70000076293945,42.38999938964844,386200.0,38.61788991186231,45.20110898332228,39.59600184347202,40.69576289107687,52.48999072788932,2.77,76.0,-0.26,2.02,51.078443765275
QTWO,2024-01-11,42.2599983215332,42.59000015258789,41.369998931884766,42.380001068115234,327200.0,38.65944843142955,45.18041926349102,39.54089764503704,40.35285142723314,52.46819577607149,2.76,75.0,-0.4,2.04,51.06639614292222
QTWO,2024-01-12,42.83000183105469,43.0,42.09999847412109,42.36000061035156,276300.0,38.41033173132109,45.00519024650932,39.50179417560625,40.16994030735587,52.42483038002528,2.75,75.0,-0.52,2.05,51.04229630164194
QTWO,2024-01-16,41.66999816894531,42.41999816894531,41.5,42.380001068115234,569800.0,37.33465748917165,44.36926116541861,39.50319777209948,39.9588375510938,52.37886008149635,2.74,76.0,-0.64,2.05,51.06639614292222
QTWO,2024-01-17,41.59999847412109,42.2400016784668,41.41999816894531,42.11000061035156,504400.0,34.47339987246091,44.39525513388869,39.41889218470799,39.95986745395182,52.37822933062998,2.74,75.0,-0.74,2.12,50.741055180500595
QTWO,2024-01-18,42.619998931884766,42.7400016784668,41.75,42.52000045776367,516200.0,34.44943888651348,43.5180099563295,39.06968024165803,39.8922410157032,52.28051241445348,2.73,63.0,-0.83,2.22,51.23509043530942
QTWO,2024-01-19,42.900001525878906,43.59000015258789,42.209999084472656,43.5,427900.0,34.44442344716479,43.39753318806701,39.193468329694255,38.932603741111,52.28174828750917,2.72,70.0,-0.91,2.15,52.415955078594536
QTWO,2024-01-22,44.27000045776367,45.0,43.75,44.75,698000.0,34.90113111384645,43.43519803595979,39.39832032219209,39.0323294738602,52.31937845049443,2.72,77.0,-0.96,2.03,53.92216068430127
QTWO,2024-01-23,45.0,45.0,44.20000076293945,44.40999984741211,663700.0,35.05633146468139,42.01865397044317,39.3166189976448,38.53813878556191,52.17000922910259,2.72,75.0,-1.02,2.09,53.512472575686054
QTWO,2024-01-24,45.0,45.0,43.41999816894531,43.54999923706055,448400.0,35.74962521540988,42.35507124200984,38.85933925384508,38.495244653766456,52.13885907324045,2.7,51.0,-1.09,2.31,52.476202383507854
QTWO,2024-01-25,44.15999984741211,44.36000061035156,43.18999862670898,43.34999847412109,475000.0,35.62029117227406,41.63912342139334,38.79264446840423,38.49873558243058,52.07329619015367,2.69,50.0,-1.16,2.33,52.23520856727982
QTWO,2024-01-26,43.59000015258789,44.0,42.869998931884766,42.869998931884766,332500.0,35.845603023526465,41.69268297251884,38.71555680209688,38.50222476113379,52.04902067816046,2.68,47.0,-1.22,2.41,51.65682616627741
QTWO,2024-01-29,43.22999954223633,44.459999084472656,42.54999923706055,44.41999816894531,364800.0,32.901453084028745,41.84713638863444,38.80631866705348,37.06211906201164,52.145132268890535,2.67,53.0,-1.27,2.31,53.52452019803883
QTWO,2024-01-30,44.02000045776367,44.540000915527344,43.84000015258789,44.04999923706055,338400.0,32.45686930472108,41.857169885025286,38.77826327508456,37.0741814671512,52.0860381305554,2.66,49.0,-1.32,2.32,53.07868462579055
QTWO,2024-01-31,43.68999862670898,44.0099983215332,42.459999084472656,42.54999923706055,568300.0,33.37095333936491,37.67132602325034,39.19260338232984,37.26245038481505,52.14826679481735,2.65,75.0,-1.36,2.18,51.271237898942466
QTWO,2024-02-01,42.91999816894531,43.119998931884766,41.81999969482422,42.06999969482422,586500.0,33.134219970114934,37.29692542989589,39.22023827794733,37.03416995949513,52.12480489876695,2.64,80.0,-1.4,2.17,50.692855497940045
QTWO,2024-02-02,41.27999877929688,42.61000061035156,41.18999862670898,42.150001525878906,411700.0,31.940656876117185,37.0786284447577,39.19706191362827,37.03426943111352,52.03610321441261,2.63,77.0,-1.44,2.19,50.78925486306114
QTWO,2024-02-05,41.79999923706055,41.79999923706055,40.7599983215332,40.97999954223633,402300.0,31.29653807927741,37.38579832907699,39.49193892083845,36.77350256088504,51.79803333248879,2.63,88.0,-1.46,2.08,49.37944402590078
QTWO,2024-02-06,40.65999984741211,42.11000061035156,40.59999847412109,41.959999084472656,377700.0,31.676203712198387,37.60953686476983,39.25549567192606,36.7736386434344,51.6917556429935,2.62,83.0,-1.48,2.12,50.56030866918589
QTWO,2024-02-07,42.119998931884766,42.15999984741211,41.18999862670898,41.52999877929688,413900.0,31.75495803686392,36.682551507710784,39.301125035635984,36.79152541480832,51.58163542033459,2.61,84.0,-1.5,2.11,50.042173573096804
QTWO,2024-02-08,41.59000015258789,43.02999877929688,41.27000045776367,42.65999984741211,462500.0,32.56258158243206,36.98774376771377,39.46508661668614,36.87024222346499,51.60724856141792,2.6,90.0,-1.52,2.01,51.40378472769661
QTWO,2024-02-09,43.040000915527344,43.33000183105469,42.4900016784668,43.20000076293945,396000.0,32.77845025371452,37.00722510189217,39.49119539652838,36.84772097441795,51.59321176367181,2.6,91.0,-1.53,1.98,52.054466652539865
QTWO,2024-02-12,43.52000045776367,44.2400016784668,43.41999816894531,43.7599983215332,718100.0,33.01302185431878,34.70514320619939,39.49494270694304,36.86202332187624,51.59436790036067,2.6,92.0,-1.54,1.96,52.729243822088655
QTWO,2024-02-13,41.56999969482422,42.59000015258789,41.2400016784668,41.70000076293945,481700.0,35.53339434968744,36.25901054859276,40.27903387168519,37.23733164666444,51.71417957851647,2.61,100.0,-1.54,1.78,50.247019925691774
QTWO,2024-02-14,42.31999969482422,44.0,42.31999969482422,43.84000015258789,414200.0,37.66157829584199,37.17505576611264,40.741141655664734,37.557267621987336,51.92533676149104,2.63,100.0,-1.54,1.62,52.82564318720976
QTWO,2024-02-15,44.40999984741211,44.83000183105469,43.470001220703125,43.7599983215332,536500.0,34.352983473421226,37.11344936939908,40.699944812386256,37.54675531898634,51.924801138234166,2.64,99.0,-1.53,1.65,52.729243822088655
QTWO,2024-02-16,42.75,43.45000076293945,42.41999816894531,42.52000045776367,553500.0,35.551789630590584,37.468472244337335,40.9615955350757,37.26786880547755,51.79897575881759,2.67,100.0,-1.52,1.57,51.23509043530942
QTWO,2024-02-20,41.7599983215332,42.27999877929688,41.65999984741211,42.150001525878906,332300.0,35.67998117739917,36.21373077151419,41.00087552436483,37.150495767869714,51.58058978874631,2.69,100.0,-1.51,1.56,50.78925486306114
QTWO,2024-02-21,41.58000183105469,41.880001068115234,41.22999954223633,41.84000015258789,747900.0,33.71868893804645,36.27867918545056,41.02431679093424,37.165368534587,51.57266044411264,2.71,100.0,-1.49,1.56,50.415714218078975
QTWO,2024-02-22,43.869998931884766,46.77999877929688,43.54999923706055,45.97999954223633,1451400.0,43.437842227629886,40.809239032938535,43.5097180823166,38.60037547396297,52.17546799298286,2.77,100.0,-1.46,1.78,55.40426644872773
QTWO,2024-02-23,46.720001220703125,47.630001068115234,46.27000045776367,47.56999969482422,1391600.0,44.32936613453429,41.25282541434236,43.765114923592016,38.51572218702197,52.2257151728524,2.84,100.0,-1.39,1.66,57.32016016304969
QTWO,2024-02-26,47.36000061035156,47.900001525878906,46.20000076293945,46.630001068115234,684900.0,44.852500598537965,41.56481832770039,43.90974072650067,38.57632979955231,52.26355203913136,2.9,100.0,-1.35,1.62,56.18749520232513
QTWO,2024-02-27,47.380001068115234,47.47999954223633,46.540000915527344,46.83000183105469,594100.0,44.83997039745271,41.41547177184589,43.29462647453241,38.54246732888102,52.0742291274188,2.92,97.0,-1.31,1.76,56.42848901855315
QTWO,2024-02-28,45.72999954223633,46.43000030517578,45.18999862670898,45.68999862670898,660000.0,45.5647942057275,41.3874704184577,43.47706201720845,38.64652757515136,52.137828270119776,2.94,97.0,-1.29,1.74,55.05482564502583
QTWO,2024-02-29,46.150001525878906,46.83000183105469,45.59000015258789,46.22999954223633,755600.0,45.56029583533043,40.05948387305374,43.4955237664303,38.61823931900845,52.07026166316542,2.95,97.0,-1.25,1.72,55.705507569869084
QTWO,2024-03-01,46.119998931884766,46.630001068115234,45.540000915527344,46.27000045776367,615100.0,45.52135458299831,40.03096142982924,43.40689598661903,38.60914336079939,52.053258212113874,2.95,95.0,-1.22,1.78,55.75370725242963
QTWO,2024-03-04,46.61000061035156,47.459999084472656,44.7400016784668,47.150001525878906,1204100.0,45.38509375347858,39.98893863911958,43.46288851405736,38.57795962214568,52.07480907935159,2.95,95.0,-1.18,1.75,56.8140772858881
QTWO,2024-03-05,46.43000030517578,46.70000076293945,45.40999984741211,45.84000015258789,811800.0,45.56511535437837,40.47037494756251,43.75569108582381,38.65804776252893,52.10765797178546,2.93,98.0,-1.14,1.67,55.23557215634054
QTWO,2024-03-06,46.18999862670898,46.84000015258789,45.720001220703125,46.650001525878906,1071700.0,45.74329720210476,40.522497592685816,43.73910348449011,38.38641614652233,52.05502538566598,2.91,97.0,-1.11,1.68,56.21159504360541
QTWO,2024-03-07,46.970001220703125,48.02999877929688,46.84999847412109,47.41999816894531,1156400.0,45.4810912317523,40.57877714054177,43.78578139045473,38.38689788182895,52.00033895355146,2.88,99.0,-1.06,1.65,57.139413651735005
QTWO,2024-03-08,47.84000015258789,48.9900016784668,47.84000015258789,48.93999862670898,957800.0,46.16897213625209,40.885111824781696,43.484482701627606,38.50606593512958,52.047406893105865,2.85,93.0,-0.99,1.66,58.97096021986336
QTWO,2024-03-11,48.75,49.41999816894531,48.560001373291016,48.880001068115234,624800.0,45.974839659316494,40.87168939011162,43.47158625048457,38.508515934984274,51.51656542945459,2.82,91.0,-0.93,1.68,58.898665292597265
QTWO,2024-03-12,49.02999877929688,50.119998931884766,48.63999938964844,50.0,1149500.0,45.36476146258977,39.29057963316881,43.456052903570246,38.56016035102002,50.76435009667771,2.79,89.0,-0.85,1.68,60.24822422826958
QTWO,2024-03-13,49.619998931884766,50.459999084472656,49.619998931884766,50.400001525878906,796000.0,45.22643306275883,39.06370919609519,43.06478835825116,38.53628367285605,42.93078702250301,2.75,86.0,-0.76,1.78,60.730211860725625
QTWO,2024-03-14,50.27000045776367,50.43000030517578,48.43999862670898,48.70000076293945,762100.0,45.20146516349775,39.528833549255225,43.48271571415469,38.61548704877119,40.87767105890324,2.71,92.0,-0.72,1.69,58.68177131764951
QTWO,2024-03-15,47.970001220703125,48.81999969482422,47.790000915527344,48.43999862670898,798900.0,45.05206278837379,39.435327062809705,42.98258653903847,38.625828925575945,40.71557578644049,2.67,84.0,-0.67,1.81,58.36847797758066
QTWO,2024-03-18,48.790000915527344,49.68000030517578,48.15999984741211,49.43000030517578,592400.0,45.265845708063694,39.21960509863496,42.90521227875195,38.68116138059181,40.50554362904695,2.6,83.0,-0.62,1.8,59.56139483979328
QTWO,2024-03-19,48.900001525878906,51.0,48.900001525878906,50.27999877929688,902700.0,44.246570328568005,38.5384508616408,42.80836753453944,38.69110798194795,40.05359244684984,2.53,82.0,-0.56,1.85,60.58561281304399
QTWO,2024-03-20,50.040000915527344,51.2400016784668,49.79999923706055,51.0,550700.0,44.01922010801728,38.4948000992934,41.96478066492461,38.70616488310058,40.00243713921723,2.46,81.0,-0.52,2.01,61.45318871283497
QTWO,2024-03-21,51.45000076293945,52.58000183105469,51.29999923706055,52.38999938964844,915100.0,44.10512227769362,38.81149360304313,42.10442273909684,38.7884473390065,39.917231544591424,2.39,81.0,-0.46,1.92,63.12808861092891
QTWO,2024-03-22,52.15999984741211,52.27000045776367,51.31999969482422,51.369998931884766,556200.0,44.41339004215676,39.0379016149591,41.85117681752216,38.82375609328535,39.59357777550718,2.3,79.0,-0.48,1.99,61.899024285083236
QTWO,2024-03-25,51.2400016784668,51.5099983215332,49.93999862670898,50.11000061035156,519900.0,45.26150235037568,39.43969420707486,42.076144565822,38.88640774262584,39.62089071011825,2.2,80.0,-0.57,1.92,60.38077105702373
QTWO,2024-03-26,50.720001220703125,51.709999084472656,50.720001220703125,51.09000015258789,463000.0,45.3991918643255,39.59616370074605,41.9555437470626,38.89929395322987,39.641935058776525,2.11,78.0,-0.63,1.98,61.56163570030885
QTWO,2024-03-27,51.869998931884766,52.52000045776367,51.310001373291016,52.5,506800.0,42.88681780034492,39.70832274733447,42.04609212809706,38.94416757245763,39.71373452595815,2.0,79.0,-0.72,1.9,63.26063543968306
QTWO,2024-03-28,52.5099983215332,53.31999969482422,52.43000030517578,52.560001373291016,518500.0,40.98873236133983,39.21584909041543,39.0904900286837,38.68557373907325,39.70696308969789,1.98,39.0,-0.69,1.2,63.33293496352388
QTWO,2024-04-01,52.4900016784668,52.4900016784668,50.06999969482422,50.58000183105469,668100.0,42.92406279442034,38.57725995038972,39.40180465800193,38.91087130245256,39.9226430464285,1.96,56.0,-0.7,1.19,60.947105835673376
QTWO,2024-04-02,49.650001525878906,50.75,46.5,50.63999938964844,473200.0,41.75027509089772,38.58071632185505,39.27549995134046,38.78557618985344,39.79060778086287,1.94,50.0,-0.71,1.23,61.01940076293947
QTWO,2024-04-03,50.220001220703125,52.09999847412109,50.220001220703125,51.90999984741211,587200.0,41.86386401357495,38.80961189223474,39.27653022754903,38.8566834133968,39.73004884706855,1.91,50.0,-0.7,1.23,62.54970620992649
QTWO,2024-04-04,53.380001068115234,53.630001068115234,51.04999923706055,51.16999816894531,866900.0,42.119333118382265,38.21917827676711,39.378347465510025,38.86872033914487,39.70545744172158,1.88,54.0,-0.7,1.2,61.658030468855216
QTWO,2024-04-05,51.16999816894531,52.91999816894531,51.060001373291016,52.459999084472656,750900.0,33.4861287369424,38.46823626909824,38.91014120449815,38.9119478832887,39.72248079535979,1.86,24.0,-0.71,1.27,63.212435757122506
QTWO,2024-04-08,53.0,53.7599983215332,52.58000183105469,53.43000030517578,550300.0,32.57794506074149,38.56890675438102,38.9712775588088,38.7280408659632,39.60135229875751,1.83,26.0,-0.71,1.23,64.38125277805486
QTWO,2024-04-09,53.66999816894531,53.959999084472656,52.97999954223633,53.790000915527344,631600.0,31.790187777521066,38.56370320388255,38.95768534703844,38.70886366099607,39.59213005618841,1.81,24.0,-0.72,1.23,64.81504072795035
QTWO,2024-04-10,51.93999862670898,52.93999862670898,51.27999877929688,51.900001525878906,614300.0,33.89240310271233,39.40671830151638,38.200740419627536,38.44055498623771,39.77580113836965,1.81,4.0,-0.73,1.26,62.53765858757371
QTWO,2024-04-11,52.380001068115234,53.77999877929688,51.91999816894531,53.5099983215332,615200.0,33.6945764426726,39.79196394192059,38.4212428168586,38.57996704767556,39.8378281459423,1.81,8.0,-0.73,1.16,64.47764754660122
QTWO,2024-04-12,52.619998931884766,52.88999938964844,51.04999923706055,51.560001373291016,461100.0,35.789510597720096,40.62075720017933,38.75935497421094,38.8567439315179,39.91081603886993,1.8,12.0,-0.75,1.1,62.127970478958495
QTWO,2024-04-15,51.91999816894531,51.9900016784668,49.95000076293945,50.369998931884766,424000.0,36.630760555743805,40.96426513551878,38.95449806889075,38.94730713193872,39.89294681591255,1.8,23.0,-0.76,1.05,60.69405980051785
QTWO,2024-04-16,50.02999877929688,51.02999877929688,49.880001068115234,50.540000915527344,542400.0,36.31626112705015,40.752843976574425,38.83094313498376,38.9398440236786,39.87877428384123,1.79,17.0,-0.77,1.11,60.89890615311282
QTWO,2024-04-17,50.93000030517578,51.040000915527344,50.08000183105469,50.09000015258789,463900.0,35.32737507317783,40.45863286287976,38.1030571528834,38.931876673350246,39.894034423167405,1.8,2.0,-0.79,1.24,60.356671215743454
QTWO,2024-04-18,50.06999969482422,50.86000061035156,49.63999938964844,49.810001373291016,354800.0,35.134330806147844,40.44046662004009,38.13144295833816,38.93137378573964,39.88338110776171,1.81,3.0,-0.83,1.23,60.01928263096905
QTWO,2024-04-19,49.93000030517578,50.900001525878906,49.560001373291016,50.0,339500.0,34.881293565286754,40.19343512933458,38.11992030701416,38.53891698546265,39.88295599490414,1.81,3.0,-0.86,1.24,60.24822422826958
QTWO,2024-04-22,50.43999862670898,51.79999923706055,50.040000915527344,51.75,408900.0,35.10188373868407,40.69892253617775,38.42982979562488,38.64384006119017,39.98005704762357,1.82,9.0,-0.91,1.11,62.35691207625901
QTWO,2024-04-23,52.0,53.61000061035156,51.95000076293945,53.38999938964844,552600.0,36.09794907558972,40.99671987368338,38.67399764672143,38.66689218274536,40.02419950176502,1.82,12.0,-0.95,1.01,64.3330530954943
QTWO,2024-04-24,53.93000030517578,54.5,52.959999084472656,53.77999877929688,612700.0,35.64047470648613,40.464406343803134,38.57792480999825,38.39884329343879,39.96698405902952,1.82,10.0,-0.98,1.06,64.80298850902285
QTWO,2024-04-25,52.540000915527344,52.97999954223633,51.790000915527344,52.88999938964844,323800.0,36.02183621404273,40.60160388834069,38.43071488132799,38.2614125133258,39.767203373340216,1.82,10.0,-1.07,1.1,63.730570853211596
QTWO,2024-04-26,53.40999984741211,53.86000061035156,52.54999923706055,53.27999877929688,316800.0,34.3990220560123,39.84141949927905,37.56267014741773,38.254051881643086,39.63487530397084,1.84,1.0,-1.09,1.3,64.20050626674015
QTWO,2024-04-29,53.61000061035156,53.7400016784668,52.459999084472656,52.4900016784668,486300.0,34.71193750416137,39.90631421911679,37.65582987256263,38.302659807808254,39.52279080744479,1.86,2.0,-1.12,1.28,63.24858781733028
QTWO,2024-04-30,52.13999938964844,52.56999969482422,51.29999923706055,51.38999938964844,749100.0,34.96603845270184,40.22947078819092,37.755847540583225,38.40235335260966,39.58634597143396,1.87,3.0,-1.17,1.24,61.92312412636352
QTWO,2024-05-01,51.650001525878906,52.81999969482422,50.90999984741211,51.72999954223633,958700.0,34.68689466764525,39.69579510555126,37.72627423681448,38.39207430465551,39.53422869516993,1.88,3.0,-1.23,1.25,62.33281223497874
QTWO,2024-05-02,55.619998931884766,59.63999938964844,54.040000915527344,59.58000183105469,2198400.0,53.408153619424105,48.53436084824135,43.60167411442804,41.72602967906896,41.18170277696876,1.91,95.0,-0.86,5.61,71.7917861967619
QTWO,2024-05-03,60.959999084472656,60.97999954223633,59.34000015258789,60.36000061035156,1212300.0,53.0683179814521,48.438177334659294,43.61000837677419,41.73885266114903,41.18559545628588,1.94,95.0,-0.51,5.59,72.73165702381898
QTWO,2024-05-06,60.83000183105469,61.84000015258789,60.369998931884766,61.52000045776367,1054400.0,52.70729598449911,48.32252222265565,43.61253708610115,41.75947148822795,40.86209774115305,1.96,95.0,-0.16,5.54,74.12941564205185
QTWO,2024-05-07,61.400001525878906,63.060001373291016,61.31999969482422,62.33000183105469,1036900.0,51.91887864219191,48.32550405844833,43.61231976173458,41.74017459622272,40.77754671599699,1.98,94.0,0.14,5.5,75.10543852931673
QTWO,2024-05-08,61.900001525878906,62.52000045776367,61.540000915527344,62.34000015258789,477800.0,51.82845279927485,48.31970348743583,42.664491665146784,41.716067396284814,40.77399356746126,1.99,77.0,0.29,6.21,75.1174861516695
QTWO,2024-05-09,62.400001525878906,63.27999877929688,62.06999969482422,62.869998931884766,437600.0,51.46473796826363,46.98616623685151,42.548953248556494,41.71966414760831,40.75385560868469,2.0,76.0,0.38,6.34,75.75611585758524
QTWO,2024-05-10,63.08000183105469,63.5,62.18999862670898,62.2599983215332,388100.0,51.650719359842114,46.22978902419262,42.46266473340217,41.69872851398903,39.693833289443376,2.01,75.0,0.34,6.49,75.0210867865484
QTWO,2024-05-13,62.959999084472656,63.11000061035156,61.459999084472656,61.4900016784668,451100.0,50.25643774866543,46.35609976861495,42.485484298763694,41.53968800982919,39.71662573450715,2.01,75.0,0.23,6.54,74.0932681784188
QTWO,2024-05-14,61.790000915527344,62.95000076293945,61.380001068115234,61.45000076293945,406600.0,50.27615869104387,45.81970208464676,42.29482448165391,41.54055423619341,39.66210152653329,2.02,73.0,0.1,6.77,74.04506849585826
QTWO,2024-05-15,62.47999954223633,62.650001525878906,61.650001525878906,61.90999984741211,762500.0,49.97746589736741,45.7151962009422,41.83105827599146,41.54136789295945,39.49201688564567,2.02,66.0,0.0,7.06,74.5993510555804
QTWO,2024-05-16,61.52000045776367,62.040000915527344,61.0099983215332,61.25,347900.0,49.8604212568378,45.76326180002905,41.8370022198781,41.51634313876373,39.51750484907614,2.03,66.0,-0.12,7.12,73.80407467963023
QTWO,2024-05-17,61.540000915527344,63.34999847412109,61.369998931884766,63.310001373291016,574200.0,50.185310370279424,42.3242344215781,42.10010910970954,41.35665695964437,39.34693688725974,2.03,71.0,-0.19,6.82,76.28630317260185
QTWO,2024-05-20,63.29999923706055,64.16999816894531,62.93000030517578,63.91999816894531,500500.0,50.0667120647616,41.9117556028489,42.086814338235314,41.314347632490005,39.29938470497872,2.03,70.0,-0.25,6.84,77.02132764706397
QTWO,2024-05-21,63.2400016784668,63.709999084472656,62.970001220703125,63.52999877929688,407300.0,50.188282728351496,41.656030571442415,42.115903302674255,41.26778384592357,39.30023051578257,2.03,72.0,-0.33,6.83,76.55139223353542
QTWO,2024-05-22,63.470001220703125,63.79999923706055,61.27999877929688,61.65999984741211,509400.0,49.79430270439635,42.27028799170074,42.44870929988706,41.30409561196727,39.41852587229769,2.02,73.0,-0.44,6.62,74.29810993443905
QTWO,2024-05-23,62.2400016784668,62.2400016784668,60.709999084472656,61.4900016784668,394300.0,49.28563605886434,41.8598729063782,42.3362521735145,41.271826414323534,39.39175674067459,2.01,72.0,-0.54,6.69,74.0932681784188
QTWO,2024-05-24,61.709999084472656,62.459999084472656,61.47999954223633,62.27000045776367,250100.0,47.70665269135858,41.86617649024515,42.07925605510325,41.264307390171886,39.39780598100634,2.0,66.0,-0.62,6.82,75.0331390054759
QTWO,2024-05-28,62.59000015258789,63.16999816894531,62.09999847412109,62.34000015258789,491800.0,46.90587276607078,41.865128467544,41.1703033472309,41.2437511921825,39.31765576674005,2.0,58.0,-0.69,7.38,75.1174861516695
QTWO,2024-05-29,61.36000061035156,62.63999938964844,61.36000061035156,62.5099983215332,451100.0,46.9107202678631,41.76721862498079,41.170549542946034,41.23478299257511,39.25031585270931,1.99,58.0,-0.76,7.38,75.32232790768974
QTWO,2024-05-30,62.290000915527344,62.38999938964844,60.72999954223633,61.04999923706055,479100.0,47.535913707930256,41.62459602261998,41.40496041243426,41.35743154208337,39.33108969716936,1.99,58.0,-0.83,7.22,73.5630808634022
QTWO,2024-05-31,61.38999938964844,61.38999938964844,58.90999984741211,60.81999969482422,895200.0,47.49802003562934,41.5749200640882,40.99694148048991,41.14949172431131,39.03233566419436,1.98,53.0,-0.89,7.71,73.28593958354114
QTWO,2024-06-03,60.77000045776367,61.04999923706055,59.810001373291016,60.63999938964844,375500.0,47.57380038842622,41.52634597280859,41.006983742302616,41.15427771939269,38.935891824822,1.98,54.0,-0.95,7.71,73.06904560859338
QTWO,2024-06-04,60.290000915527344,61.04999923706055,60.06999969482422,60.13999938964844,361600.0,46.99799749335414,41.20270531745682,41.04072706660637,41.1601069433726,38.94977980993977,1.98,55.0,-1.0,7.72,72.4665633663107
QTWO,2024-06-05,60.86000061035156,61.45000076293945,60.09000015258789,61.06999969482422,376100.0,46.45172350613762,41.26256028612632,41.07916524015746,41.18062183444047,38.87287856122202,1.97,55.0,-1.05,7.64,73.58718070468248
QTWO,2024-06-06,60.880001068115234,62.040000915527344,60.59000015258789,61.560001373291016,480700.0,46.45591797881866,41.08406754597368,41.07950095359911,41.16698239622957,38.692711209905376,1.97,55.0,-1.09,7.62,74.1776153246124
QTWO,2024-06-07,61.040000915527344,61.84999847412109,60.880001068115234,61.13999938964844,530500.0,46.15239592460421,41.12689053317384,41.11072541098018,41.157197147737214,38.68052159205708,1.96,55.0,-1.13,7.6,73.67152785087609
QTWO,2024-06-10,60.5099983215332,61.7599983215332,60.400001525878906,61.02999877929688,448000.0,46.18521665588992,40.39282004675813,41.08859505950532,41.02872344332194,38.65822187474721,1.96,54.0,-1.17,7.61,73.53898102212194
QTWO,2024-06-11,60.2599983215332,60.56999969482422,59.25,59.380001068115234,542400.0,46.77947947763386,40.855617219079605,41.37224017879413,41.16754034682347,38.75395700612984,1.95,57.0,-1.19,7.44,71.55079238053388
QTWO,2024-06-12,61.29999923706055,61.7400016784668,60.11000061035156,60.29999923706055,605300.0,46.25899562045775,40.782179551739375,41.30022889152111,41.15969983069934,38.744218091939416,1.94,56.0,-1.22,7.53,72.65935749997816
QTWO,2024-06-13,60.09999847412109,60.09999847412109,57.959999084472656,58.06999969482422,450600.0,47.90451432774249,41.53044462653027,41.6087721864751,41.447435441676845,38.94997097778249,1.94,58.0,-1.23,7.45,69.97228725098631
QTWO,2024-06-14,57.380001068115234,58.33000183105469,57.08000183105469,57.630001068115234,442100.0,24.51258954911637,41.50603159882832,41.60864156059024,41.46195057791135,38.90884689613358,1.93,57.0,-1.24,7.45,69.44210453254443
QTWO,2024-06-17,57.2599983215332,58.18999862670898,56.56999969482422,57.959999084472656,571100.0,24.23713249021211,41.19011184224474,41.45914992291523,41.45445459950003,38.84322257686885,1.92,56.0,-1.24,7.53,69.83974042223217
QTWO,2024-06-18,57.93000030517578,58.470001220703125,57.5,57.869998931884766,691300.0,23.454068672144,40.95581960900051,41.44800596546117,41.45081952009881,38.62568900659348,1.91,55.0,-1.24,7.53,69.73129343475829
QTWO,2024-06-20,58.09000015258789,58.13999938964844,56.38999938964844,56.709999084472656,730100.0,23.575968457224544,40.83818610818732,41.55162119114539,41.534435992452615,38.6690196030091,1.89,56.0,-1.22,7.45,68.33353481652541
QTWO,2024-06-21,56.31999969482422,57.20000076293945,55.970001220703125,57.15999984741211,1347300.0,23.776408155110055,40.69802554297246,41.22809242577459,41.18965519845416,38.64995039775979,1.88,50.0,-1.21,7.84,68.87576975389479
QTWO,2024-06-24,57.06999969482422,58.31999969482422,57.06999969482422,57.9900016784668,460200.0,24.08395968180433,40.44106598323854,41.23358246548374,41.17392881921897,38.66741682914781,1.87,50.0,-1.2,7.77,69.87589248243994
QTWO,2024-06-25,58.040000915527344,58.83000183105469,57.63999938964844,58.79999923706055,328100.0,24.452745328244387,40.51820027355431,40.83090179979204,41.192518328036506,38.66909109486231,1.86,36.0,-1.19,8.02,70.85191077313007
QTWO,2024-06-26,58.38999938964844,59.13999938964844,58.380001068115234,58.83000183105469,341300.0,24.25503842451437,39.64170685989964,40.766469065296505,41.13881581330888,38.65021836202692,1.85,35.0,-1.18,8.05,70.88806283333786
QTWO,2024-06-27,59.16999816894531,60.75,59.16999816894531,60.52999877929688,483500.0,25.764191951019416,39.99578181480239,40.96036305727889,41.23910689376883,38.61286120317168,1.84,36.0,-1.18,7.78,72.93649877983924
QTWO,2024-06-28,60.869998931884766,61.34000015258789,59.34000015258789,60.33000183105469,1445600.0,25.66389407893994,39.75544803886283,40.65863639565644,41.2461207189915,38.616643498220384,1.83,31.0,-1.19,8.01,72.69550956018594
QTWO,2024-07-01,61.9900016784668,61.9900016784668,59.5099983215332,60.18999862670898,525200.0,25.49854041293359,39.61366303626179,40.54608067103204,41.207590852058686,38.61930875784943,1.82,30.0,-1.2,8.21,72.52681067122401
QTWO,2024-07-02,60.29999923706055,61.209999084472656,59.70000076293945,60.84999847412109,280800.0,23.70141299157773,39.38197961843587,40.50063732387904,41.21643152489578,38.60839538601222,1.81,29.0,-1.21,8.2,73.32208704717418
QTWO,2024-07-03,60.900001525878906,61.63999938964844,60.5099983215332,61.52000045776367,176700.0,23.75909045272977,39.28413196275593,40.34892763041318,40.92338704525324,38.61095130591799,1.81,28.0,-1.22,8.4,74.12941564205185
QTWO,2024-07-05,61.18999862670898,61.86000061035156,61.02000045776367,61.68000030517578,271400.0,23.738965067133663,39.27365064349615,40.32387717206692,40.909271539644536,38.59542404209802,1.8,27.0,-1.21,8.46,74.32220977571933
QTWO,2024-07-08,61.95000076293945,62.47999954223633,61.45000076293945,62.13999938964844,354000.0,22.20642822754243,38.475775381108285,40.3010948630229,40.839432028684,38.557446288931416,1.79,26.0,-1.2,8.5,74.87649233544148
QTWO,2024-07-09,62.06999969482422,62.09000015258789,60.86000061035156,61.09999847412109,285700.0,22.74366124174824,38.25242680931571,39.57778126975299,40.68877343249589,38.55295434813201,1.8,25.0,-1.24,9.08,73.62332816831552
QTWO,2024-07-10,61.380001068115234,61.459999084472656,60.0,60.68000030517578,260400.0,22.48957125958229,37.41740697842624,38.91154649153601,40.69397361448922,38.53788220309093,1.81,17.0,-1.23,9.99,73.11724529115395
QTWO,2024-07-11,62.5,65.8499984741211,62.25,65.52999877929688,1203600.0,31.84628161682448,39.986459053909776,40.61924492520369,41.310571791697306,39.20270659490034,1.81,32.0,-1.21,8.39,78.9613212026662
QTWO,2024-07-12,65.94000244140625,67.08999633789062,64.55999755859375,65.61000061035156,976900.0,31.844914842265982,39.99121688846485,40.280755130069664,41.22839475096959,39.02091767881587,1.82,27.0,-1.24,8.65,79.0577205677873
QTWO,2024-07-15,66.43000030517578,68.4000015258789,66.41000366210938,67.91000366210938,1068800.0,32.29028735241555,40.36237802877993,40.50679323247067,41.299166552209456,39.09827959191772,1.82,32.0,-1.25,8.28,81.82914255954748
QTWO,2024-07-16,68.26000213623047,70.8499984741211,68.1500015258789,70.47000122070312,887900.0,33.6219736915966,40.822880189728686,40.779759600131314,40.99328080007928,39.1549552377106,1.82,37.0,-1.19,7.87,84.91384869822706
QTWO,2024-07-17,69.55999755859375,70.77999877929688,68.4000015258789,68.66000366210938,737800.0,34.73669391010646,41.33893954171028,38.49507111540096,41.1533105128481,39.24941100099943,1.82,12.0,-1.13,9.22,82.73286592297153
QTWO,2024-07-18,68.41000366210938,69.1500015258789,65.30999755859375,65.81999969482422,764000.0,37.10585137063261,42.01195030980185,38.88390690982664,41.2887073277685,39.47902340898548,1.81,17.0,-1.13,9.06,79.3107620063681
QTWO,2024-07-19,65.83999633789062,67.18000030517578,65.66999816894531,66.43000030517578,637700.0,36.97117328100244,41.64425852354931,38.71619834968287,41.26629901755422,39.45164830538144,1.81,15.0,-1.13,9.18,80.04579107740494
QTWO,2024-07-22,67.55999755859375,69.47000122070312,66.87999725341797,68.87999725341797,610200.0,38.19992607624233,42.1711534410836,39.062156919089794,41.32895484837771,39.430879479888944,1.8,24.0,-1.09,8.69,82.99795038733036
QTWO,2024-07-23,68.91999816894531,71.08000183105469,68.75,70.0199966430664,695400.0,38.23439506396426,42.01878671058454,38.84271451233948,41.32636228155523,39.43770478337576,1.8,18.0,-1.04,8.82,84.37160916428296
QTWO,2024-07-24,68.20999908447266,68.62999725341797,66.13999938964844,66.44000244140625,572900.0,41.632965676747446,43.61496650507375,39.85299871981934,40.2258017822112,39.457104766692034,1.78,32.0,-1.06,8.09,80.05784329633244
QTWO,2024-07-25,67.01000213623047,68.70999908447266,66.05000305175781,66.4800033569336,399200.0,40.64485617742098,43.447597874246846,39.8534845285029,40.071211642143794,39.4537549318917,1.77,33.0,-1.08,8.09,80.10604297889299
QTWO,2024-07-26,67.83000183105469,69.94999694824219,67.33999633789062,69.0,518700.0,41.666352497991575,43.65308126176103,40.13758732710357,40.19762852792056,39.60221398224228,1.75,34.0,-1.07,7.76,83.14254943501201
QTWO,2024-07-29,69.98999786376953,70.36000061035156,67.26000213623047,67.8499984741211,456600.0,40.24520894293416,43.87740847135412,39.94708972190322,40.19675142835307,39.629798374269605,1.72,34.0,-1.1,7.92,81.75683843913193
QTWO,2024-07-30,68.22000122070312,68.58999633789062,66.1500015258789,66.41999816894531,429100.0,40.81524335131323,33.70496108442189,40.08585607937343,40.30157217484257,39.69756660262376,1.7,35.0,-1.13,7.87,80.03373885847745
QTWO,2024-07-31,67.19999694824219,68.69999694824219,66.41999816894531,67.47000122070312,689000.0,40.938217976429954,33.747399523986665,40.08040981057375,40.00556470565663,39.70050354943767,1.67,35.0,-1.15,7.88,81.29895524453087
QTWO,2024-08-01,70.44000244140625,75.94000244140625,69.0,70.05000305175781,1240100.0,41.943737121186444,34.35669898939987,40.19780990527965,40.20225832894506,39.84833087366519,1.65,38.0,-1.12,7.76,84.40776582106547
QTWO,2024-08-02,66.55000305175781,68.31999969482422,65.91000366210938,66.69999694824219,830800.0,44.29164415368065,35.83821869744303,41.04990346686661,40.683977177301394,39.90387936089662,1.63,55.0,-1.13,7.17,80.37112744325184
QTWO,2024-08-05,63.0,67.08000183105469,61.5099983215332,65.16999816894531,1017600.0,45.050568836723855,36.18346197401854,41.13951379462401,40.116587418958254,39.92811511516863,1.6,60.0,-1.12,7.19,78.5275332527707
QTWO,2024-08-06,65.94999694824219,69.3499984741211,65.18000030517578,68.16000366210938,650900.0,46.4816517999584,37.26778673644585,41.67424754170808,40.40886751512728,40.06198327407647,1.59,73.0,-1.12,6.67,82.13038368068882
QTWO,2024-08-07,69.29000091552734,69.29000091552734,64.69999694824219,65.05000305175781,534100.0,48.77933723802176,38.48717334981815,42.00187068832395,40.73538683480925,40.1824721127781,1.57,79.0,-1.11,6.48,78.3829433982385
QTWO,2024-08-08,66.43000030517578,68.91999816894531,65.77999877929688,68.43000030517578,573400.0,50.65317949474364,39.71739281079461,42.65782497208422,41.093331460183286,40.32825452871346,1.56,93.0,-1.12,5.9,82.45572004653572
QTWO,2024-08-09,68.02999877929688,68.9800033569336,67.1500015258789,68.5999984741211,418200.0,50.16548147710749,39.71438450057196,42.57310780994268,41.030071633624246,40.32100130383724,1.56,93.0,-1.11,6.01,82.66056180255597
QTWO,2024-08-12,68.5999984741211,68.5999984741211,66.16999816894531,67.19999694824219,355800.0,50.63842870170326,39.96066377579234,42.68273537571649,40.72368171427671,40.38371264600704,1.56,96.0,-1.1,6.0,80.97360968553453
QTWO,2024-08-13,67.68000030517578,69.8499984741211,67.68000030517578,69.75,499300.0,51.52731086749299,40.545762743458106,42.993530198475554,40.91701985188054,40.52912524109114,1.57,96.0,-1.08,5.72,84.04627279843606
QTWO,2024-08-14,70.0,71.30000305175781,68.51000213623047,71.25,685800.0,51.719441944350045,40.23235839686987,42.92375359938806,40.96375394126797,40.56284521280309,1.58,95.0,-1.04,5.78,85.85371952528415
QTWO,2024-08-15,72.51000213623047,72.83000183105469,71.62000274658203,72.1500015258789,519200.0,51.73684070670173,40.26090555021859,42.79383884993243,40.97449869325106,40.546895997133326,1.59,94.0,-0.98,5.82,86.93818940002289
QTWO,2024-08-16,72.0,72.5,71.12999725341797,72.08999633789062,570100.0,51.76202301669876,40.2298217441358,42.55977832967964,40.97751559919049,40.54653384953399,1.59,89.0,-0.95,5.96,86.86588527960734
QTWO,2024-08-19,72.0,72.93000030517578,71.41000366210938,72.73999786376953,258200.0,51.76975351494888,39.69493149354766,42.49392410369244,40.92945546722839,40.53623856696137,1.6,87.0,-0.9,6.03,87.64911403320474
QTWO,2024-08-20,72.7699966430664,73.69999694824219,72.18000030517578,72.69000244140625,280800.0,51.37959220409473,39.68490088926446,42.32849592444981,40.78336119360362,40.51371718415042,1.6,82.0,-0.86,6.22,87.58887132486613
QTWO,2024-08-21,72.69999694824219,73.16000366210938,71.87999725341797,73.1500015258789,379100.0,51.23858826236639,39.63932932090589,42.32987998728282,40.33416263459564,40.49698640602137,1.6,82.0,-0.82,6.21,88.14315388458829
QTWO,2024-08-22,73.12999725341797,73.45999908447266,72.61000061035156,72.75,358200.0,46.73061550684061,39.67354686105431,41.82387510532407,40.33902605536823,40.50617852234368,1.6,72.0,-0.8,6.53,87.66116625213223
QTWO,2024-08-23,73.05000305175781,75.54000091552734,72.63999938964844,74.87999725341797,468700.0,47.29735059351133,40.03761821435016,42.01289440386755,40.3938038221191,40.54892895163064,1.6,75.0,-0.74,6.31,90.22773729472271
QTWO,2024-08-26,75.31999969482422,75.80999755859375,74.69999694824219,74.83000183105469,551000.0,46.4460452457485,39.6597370617709,41.88529548541485,40.37789656089372,40.40476037694117,1.6,73.0,-0.69,6.48,90.16749458638412
QTWO,2024-08-27,73.83999633789062,74.91999816894531,73.30000305175781,74.5,309900.0,45.36807867234174,39.66493740734647,41.80612668746854,40.373967920932415,40.41040026122327,1.6,69.0,-0.67,6.52,89.76985410012168
QTWO,2024-08-28,73.97000122070312,74.80999755859375,73.08000183105469,73.4000015258789,644100.0,44.88547860927404,39.821130565430806,41.77091062340724,40.42473083549888,40.45012717277338,1.59,68.0,-0.66,6.64,88.44439500572963
QTWO,2024-08-29,73.62999725341797,74.37000274658203,73.05000305175781,73.79000091552734,288800.0,42.861966792974265,39.75136165788237,41.70327128701816,40.396107812993776,40.40599911224027,1.58,67.0,-0.65,6.73,88.91433041925818
QTWO,2024-08-30,74.23999786376953,74.51000213623047,73.23999786376953,74.20999908447266,524000.0,42.83533742146228,39.67666921704936,41.70138541962834,40.38836802138685,40.176689082934494,1.57,66.0,-0.64,6.73,89.42041329641978
QTWO,2024-09-03,73.5,73.93000030517578,71.51000213623047,72.25,597700.0,42.56832292821893,40.13595532745863,41.51120683736422,39.958153247978615,40.25293443544282,1.55,61.0,-0.63,6.86,87.05868400984954
QTWO,2024-09-04,72.80999755859375,73.70999908447266,71.7300033569336,73.66000366210938,376600.0,42.6647141414182,40.22926807427319,41.36170450956541,39.92454760777268,40.23912362472835,1.53,56.0,-0.61,7.02,88.75768834579848
QTWO,2024-09-05,73.22000122070312,73.6500015258789,72.4800033569336,73.16000366210938,324700.0,39.56663762062064,40.26844878492752,40.88676885530117,39.85003755966312,40.14265818491327,1.51,40.0,-0.6,7.36,88.15520610351578
QTWO,2024-09-06,73.61000061035156,73.88999938964844,70.81999969482422,71.13999938964844,319700.0,40.5857673747656,40.28770386029944,40.97104586392177,39.98190620162595,40.23545388313181,1.5,41.0,-0.6,7.29,85.72117269653
QTWO,2024-09-09,71.95999908447266,73.05999755859375,71.61000061035156,72.8499984741211,341100.0,39.75803492711111,40.43383932365096,41.09757229423086,39.93826539101602,40.273999056157365,1.49,48.0,-0.61,7.12,87.78166086195888
QTWO,2024-09-10,73.08999633789062,73.08999633789062,70.41000366210938,71.52999877929688,264100.0,39.82045292684882,39.78738944842361,41.19711258956883,39.75327560469428,40.31612877116872,1.46,52.0,-0.64,7.05,86.19110811005855
QTWO,2024-09-11,70.87999725341797,71.91000366210938,69.76000213623047,71.2699966430664,437700.0,39.25666200507706,39.74850999952134,41.18716461675166,39.72385378886189,40.31416406099975,1.43,51.0,-0.69,7.06,85.8778147699897
QTWO,2024-09-12,71.55999755859375,72.56999969482422,71.0199966430664,72.05000305175781,284200.0,39.13944629333185,39.77471398963751,41.20346871292946,39.7353105407454,40.32101322780305,1.4,52.0,-0.77,7.03,86.81769479019624
QTWO,2024-09-13,72.36000061035156,75.76000213623047,72.36000061035156,74.80000305175781,507900.0,39.134062526885685,40.356941257058345,41.264332507005534,39.92991872104541,40.311435646279214,1.37,54.0,-0.81,6.97,90.13134712275107
QTWO,2024-09-16,74.68000030517578,75.26000213623047,73.86000061035156,74.61000061035156,310100.0,36.04787676387425,40.059395076645,41.03865631213127,39.93517056679388,40.313895460039554,1.35,38.0,-0.81,7.26,89.90240092887582
QTWO,2024-09-17,75.7300033569336,76.55000305175781,74.61000061035156,76.19000244140625,432900.0,35.44707647789378,40.19483308635042,41.12934779647088,39.99118965383085,40.34015908223075,1.32,45.0,-0.81,7.14,91.806247020845
QTWO,2024-09-18,76.37000274658203,77.69999694824219,75.30000305175781,76.06999969482422,338200.0,33.430970400274234,40.164850253227335,41.01049184747549,39.92469565512823,40.34057444443644,1.3,36.0,-0.83,7.21,91.66164797316337
QTWO,2024-09-19,78.66000366210938,79.93000030517578,77.80000305175781,79.7300033569336,747600.0,32.170969489836615,41.05773229201057,41.58077805902525,40.100064827080764,40.56343014778927,1.24,62.0,-0.75,6.65,96.07182239938443
QTWO,2024-09-20,80.31999969482422,82.72000122070312,80.31999969482422,81.55000305175781,1243100.0,29.78405457421477,41.20163117866122,41.5715385573867,39.64409269400157,40.58706891351061,1.19,61.0,-0.63,6.58,98.26485739356747
QTWO,2024-09-23,80.30000305175781,81.5999984741211,78.41999816894531,79.4800033569336,1102700.0,31.1503276220822,41.40356837798939,41.64868619052792,39.798843368345565,40.5972243665851,1.14,64.0,-0.73,6.52,95.77058127824309
QTWO,2024-09-24,79.33000183105469,79.80000305175781,78.16999816894531,78.48999786376953,421600.0,30.658864996382352,41.52125406026612,41.73318331575751,39.84318053141222,40.61117159891712,1.08,67.0,-0.87,6.49,94.57765981945573
QTWO,2024-09-25,78.33000183105469,78.80999755859375,77.5,78.29000091552734,375600.0,29.175499524868236,41.52285375512087,35.48237650686103,39.600674975822095,40.592636234561255,1.21,1.0,-0.9,0.74,94.33667059980245
QTWO,2024-09-26,79.2699966430664,79.5,76.8499984741211,77.55999755859375,370200.0,28.935801346679952,41.59461782767565,35.49521266821933,39.62798370303597,40.612636982546114,1.31,2.0,-0.95,0.74,93.45704248108395
QTWO,2024-09-27,79.05999755859375,79.44999694824219,78.19999694824219,79.05000305175781,1041300.0,29.18472952231632,41.6847588048344,35.49513107411039,39.66516870682128,40.63744905930006,1.41,2.0,-0.97,0.74,95.25244618215399
QTWO,2024-09-30,78.80000305175781,79.98999786376953,78.05000305175781,79.7699966430664,936500.0,29.21147898218573,41.69536081046228,35.47040740227476,39.66823130152838,40.63546936155098,1.49,1.0,-0.99,0.75,96.12001288879553
QTWO,2024-10-01,79.80000305175781,80.25,77.29000091552734,77.83000183105469,357300.0,30.25584701602435,42.10748420661011,35.72862860775344,39.80505849680415,40.72841718200368,1.58,5.0,-1.04,0.67,93.78238804008029
QTWO,2024-10-02,77.51000213623047,78.98999786376953,77.38999938964844,78.55000305175781,228600.0,30.30812585623808,41.90046149945216,35.7321277671112,39.80949652412888,40.72477388489405,1.65,6.0,-1.08,0.67,94.64996393987128
QTWO,2024-10-03,77.95999908447266,79.37000274658203,77.25,77.80999755859375,265600.0,30.48399692642527,41.93276820610918,35.72972918199648,39.82183147463223,40.489280335339686,1.72,6.0,-1.12,0.67,93.75828360222529
QTWO,2024-10-04,79.43000030517578,80.4800033569336,78.47000122070312,79.58999633789062,368800.0,30.964108201725853,39.30374855702923,35.79666530892972,39.87987079334485,40.50826837596146,1.78,8.0,-1.14,0.64,95.90311891384778
QTWO,2024-10-07,79.12000274658203,79.80000305175781,78.52999877929688,79.12999725341797,565900.0,30.06478533790057,39.34542957122852,35.81780062871181,39.82846323122972,40.51938249217785,1.84,9.0,-1.16,0.63,95.34883635412564
QTWO,2024-10-08,79.69000244140625,81.44999694824219,79.55000305175781,80.48999786376953,340800.0,30.37292894514702,38.91258905223115,35.88361513680244,39.75099911369857,40.50268784940268,1.9,10.0,-1.17,0.6,96.98758878858652
QTWO,2024-10-09,80.62000274658203,81.6500015258789,80.44000244140625,80.6500015258789,247900.0,30.304049961025783,38.25537481987751,35.81999082325528,39.73019779485533,40.49813832193775,1.96,10.0,-1.17,0.62,97.18038751882871
QTWO,2024-10-10,79.19000244140625,80.0,77.83000183105469,79.44000244140625,435600.0,30.31626562327108,37.97547341006879,35.59768065008795,39.69768873658417,40.54091601319877,2.01,5.0,-1.2,0.7,95.72238159568252
QTWO,2024-10-11,79.7300033569336,82.16000366210938,79.7300033569336,82.13999938964844,357600.0,31.59957494218873,37.33423804366197,35.92201552796121,39.84528155465184,40.62018923427136,2.05,13.0,-1.19,0.6,98.9757820267493
QTWO,2024-10-14,82.5,82.55999755859375,81.26000213623047,81.91999816894531,262700.0,31.644067189161383,37.338609544749154,35.90513775910659,39.813964455852194,40.62414391403523,2.1,13.0,-1.2,0.6,98.71068836924101
QTWO,2024-10-15,81.98999786376953,82.7300033569336,80.9800033569336,81.26000213623047,348900.0,30.546206853588213,36.779972359657,35.56940416144424,39.6557922644288,40.42090055150443,2.14,5.0,-1.2,0.69,97.91541658986557
QTWO,2024-10-16,81.70999908447266,81.86000061035156,80.18000030517578,80.41999816894531,1117900.0,30.45762823114159,36.76500893750808,35.620138672564835,39.66494814041408,40.43516624348851,2.18,7.0,-1.21,0.67,96.90324164239293
QTWO,2024-10-17,81.1500015258789,82.58000183105469,80.08999633789062,82.18000030517578,995700.0,30.782143937837475,35.14989013315593,35.713070092599246,39.46466351953992,40.423778594402044,2.22,8.0,-1.21,0.63,99.02398170930987
QTWO,2024-10-18,81.36000061035156,82.62999725341797,80.4000015258789,82.30999755859375,685300.0,29.277600003447663,35.146963816706496,35.71260596257213,39.42510536250451,40.262740317209065,2.26,8.0,-1.2,0.63,99.18062378276954
QTWO,2024-10-21,82.18000030517578,84.08999633789062,81.73999786376953,83.41999816894531,585700.0,28.84759957616725,34.50633155566792,35.75234523312864,39.441058402123446,40.26514206977792,2.3,13.0,-1.19,0.61,100.51813509608908
QTWO,2024-10-22,82.94000244140625,83.5999984741211,82.4000015258789,82.94999694824219,575700.0,28.2050217594154,34.30571325042771,35.52606679112035,39.27401010061695,40.05661833068076,2.34,5.0,-1.18,0.68,99.95180031743945
QTWO,2024-10-23,82.83999633789062,83.27999877929688,82.2300033569336,83.01000213623047,285600.0,28.117895197075796,33.92459504126707,35.51119592553002,39.2055924460311,39.99776022054403,2.38,5.0,-1.16,0.69,100.02410443785499
QTWO,2024-10-24,83.5999984741211,84.81999969482422,82.83999633789062,83.56999969482422,364700.0,28.069101800611456,33.83915918198422,35.502312839407466,39.171183665008805,39.93418897958546,2.42,5.0,-1.15,0.69,100.69888160740379
QTWO,2024-10-25,83.94999694824219,84.31999969482422,83.22000122070312,83.36000061035156,500500.0,26.38601811129104,33.10996990687682,35.46661644304125,39.08284727380364,39.58731270923593,2.45,1.0,-1.13,0.7,100.44584016882298
QTWO,2024-10-28,84.63999938964844,85.22000122070312,83.55000305175781,84.5,393700.0,26.47293720278888,31.35747266816345,35.45243481382914,39.086231404651855,39.59777721339374,2.49,1.0,-1.11,0.7,101.81949894577558
QTWO,2024-10-29,83.94999694824219,85.41000366210938,83.51000213623047,84.80999755859375,390200.0,25.98896286741085,30.84316816473448,35.444347950163106,39.07105883419369,39.42437821173559,2.52,1.0,-1.08,0.71,102.19303499418304
QTWO,2024-10-30,84.48999786376953,86.25,84.48999786376953,85.63999938964844,305100.0,26.001067155837497,29.693363339804645,35.42242039319618,38.586117247392814,39.40957826643703,2.56,1.0,-1.05,0.71,103.19315772272817
QTWO,2024-10-31,85.55000305175781,86.20999908447266,84.52999877929688,84.66000366210938,563500.0,22.93301459708402,27.96205711041736,35.49195133435752,38.237763833118855,39.35782230394533,2.58,7.0,-1.03,0.69,102.01229767601778
QTWO,2024-11-01,84.86000061035156,86.16000366210938,84.44000244140625,85.08999633789062,535800.0,22.115217342586934,26.248797866233925,35.150126040708315,38.23254741333153,39.34008815045667,2.62,1.0,-1.01,0.79,102.53042357895742
QTWO,2024-11-04,84.44000244140625,85.43000030517578,83.66999816894531,84.37999725341797,622700.0,20.799138072425297,26.36323990551824,35.14979922219066,38.06484211202512,38.10562017667376,2.65,1.0,-0.99,0.79,101.67489989809393
QTWO,2024-11-05,85.16999816894531,86.37000274658203,84.83999633789062,86.20999908447266,662100.0,21.06723775042245,26.131612005840623,34.64209528340271,38.09237828250649,38.028834474480725,2.68,1.0,-0.96,0.88,103.87998711120447
QTWO,2024-11-06,88.61000061035156,92.0999984741211,88.61000061035156,90.5,1534000.0,24.755898402850697,26.83731120845779,35.30627167620985,38.43120925650916,38.24122526715512,2.7,4.0,-0.87,0.74,109.04928585316793
QTWO,2024-11-07,94.5,105.0,93.0,102.25,2222900.0,41.709763391321495,35.95500759310995,39.935297203117344,39.471556143413935,39.97262534257996,2.7,41.0,0.06,3.95,123.20761854681128
QTWO,2024-11-08,102.16000366210938,104.1999969482422,101.44000244140624,102.73999786376952,842600.0,41.62270080836917,35.929970777661545,39.918759352459496,39.314637682913926,39.97026285258024,2.69,41.0,0.64,3.95,123.79804857016647
QTWO,2024-11-11,104.0,105.0,101.76000213623048,102.04000091552734,704500.0,41.86626103713183,35.99896561694685,39.75293185177198,39.23132763809903,39.748818455286376,2.68,39.0,0.89,4.03,122.95457710823048
QTWO,2024-11-12,101.0,103.0999984741211,99.93000030517578,101.88999938964844,690800.0,40.813311297171744,36.023144091925204,39.76860194349203,39.23737459878905,39.75289057591363,2.67,40.0,0.99,4.04,122.7738305969158
QTWO,2024-11-13,102.91000366210938,104.5,101.51000213623048,103.3000030517578,993200.0,40.83668690309615,36.0366772109005,39.76502705124897,39.101112250282505,39.7584743682166,2.66,40.0,1.07,4.04,124.47283493286471
QTWO,2024-11-14,103.86000061035156,104.04000091552734,97.5999984741211,97.83000183105467,724900.0,44.52554971153891,38.09363051647872,40.87282705195919,39.70799396842749,39.70112090729687,2.67,62.0,0.94,3.7,117.88167773138811
QTWO,2024-11-15,98.16999816894533,98.16999816894533,95.4000015258789,97.12000274658205,702300.0,44.494399063910144,38.11626472138949,40.91376815006222,39.72922717807761,39.71086752232795,2.67,63.0,0.8,3.69,117.02615405052465
QTWO,2024-11-18,96.8000030517578,98.41000366210938,96.12999725341795,96.37999725341795,405700.0,44.54258313874605,37.86616992706068,40.78796925955561,39.714673903382206,39.64396788863386,2.67,61.0,0.66,3.81,116.13447371287862
QTWO,2024-11-19,95.30999755859376,99.77999877929688,95.30999755859376,99.61000061035156,561100.0,45.103276413167016,38.30597773403054,41.01358557954737,39.6767619091278,39.73359716702248,2.67,66.0,0.54,3.63,120.02651304301062
QTWO,2024-11-20,99.93000030517578,102.13999938964844,98.23999786376952,101.44000244140624,841300.0,45.18821501298613,38.35480252607244,41.04954725604193,39.68007389968353,39.714389255246026,2.67,67.0,0.45,3.58,122.23160025612113
QTWO,2024-11-21,102.47000122070312,105.7300033569336,101.55999755859376,104.9499969482422,712700.0,45.28128121404541,38.57298635146873,41.29424750226433,39.81026127124685,39.51918350016911,2.67,75.0,0.42,3.41,126.4610189778781
QTWO,2024-11-22,104.93000030517578,106.52999877929688,104.6500015258789,106.37000274658205,520200.0,44.722475919576624,38.60310098805186,41.3045749506179,39.69395958234536,39.52948702710578,2.68,75.0,0.39,3.4,128.17207553275452
QTWO,2024-11-25,107.0,107.95999908447266,106.0199966430664,107.36000061035156,887200.0,44.59405665038631,38.60844056340453,41.30630781016735,39.69275631615117,39.52929000598955,2.69,75.0,0.36,3.39,129.36498779839238
QTWO,2024-11-26,107.0199966430664,108.0,105.95999908447266,106.98999786376952,339400.0,44.45956012397722,38.05095342874388,41.32976584345846,39.64362703923376,39.53601926719327,2.69,75.0,0.28,3.39,128.91914762956938
QTWO,2024-11-27,107.1999969482422,107.1999969482422,103.83000183105467,104.48999786376952,586300.0,45.12714616313302,38.45129701004406,41.43655764628968,39.77784658965432,39.6347745711532,2.7,76.0,0.15,3.34,125.9067364181559
QTWO,2024-11-29,105.61000061035156,105.87000274658205,104.48999786376952,104.73999786376952,258700.0,44.9929642489127,38.3682743281902,41.39279676116291,39.51571436612053,39.59802139048169,2.71,75.0,0.03,3.36,126.20797753929725
QTWO,2024-12-02,104.55999755859376,108.22000122070312,102.97000122070312,106.61000061035156,1426100.0,45.03291691621214,37.778099020776565,39.82950392373916,39.53092842198199,39.50782045333002,2.71,40.0,-0.08,3.81,128.46126443496834
QTWO,2024-12-03,109.37999725341795,111.8499984741211,107.56999969482422,109.19000244140624,1411500.0,45.23247967827509,37.78117923100201,39.93936617436878,39.55409474756962,39.23197280314717,2.7,45.0,-0.15,3.72,131.5700750115029
QTWO,2024-12-04,111.0,112.81999969482422,110.0,110.16999816894533,854500.0,45.01975903183742,37.42105202727022,39.6663378814032,39.52921345851067,39.228712819641366,2.7,37.0,-0.22,3.91,132.75093505821334
QTWO,2024-12-05,110.0,110.66000366210938,108.18000030517578,109.02999877929688,733900.0,45.32179771382712,37.53017727795637,39.40079706021544,39.550086289839534,39.213253413356775,2.7,37.0,-0.33,4.14,131.37727628126072
QTWO,2024-12-06,109.95999908447266,112.23999786376952,109.8499984741211,110.8499984741211,676300.0,45.36676238540505,37.57265661662335,39.14388694906738,39.48554185956855,39.21702847451046,2.7,36.0,-0.4,4.24,133.57031127544377
QTWO,2024-12-09,110.66999816894533,111.87999725341795,105.9000015258789,106.4499969482422,607500.0,47.51977427782425,38.27970046411527,39.09159297379556,39.73876982680718,39.46172021607756,2.7,35.0,-0.51,4.26,128.26846570472617
QTWO,2024-12-10,106.33999633789062,107.77999877929688,103.81999969482422,105.08999633789062,737500.0,47.87370415723202,38.43471267704754,39.18514555692418,39.64138133034683,39.49192781133576,2.7,36.0,-0.61,4.23,126.62971327026527
QTWO,2024-12-11,106.2300033569336,108.08999633789062,105.8000030517578,106.98999786376952,563700.0,47.9585992213285,38.38826115379334,38.91590532512741,39.63389730858727,39.49372319863431,2.7,33.0,-0.71,4.42,128.91914762956938
QTWO,2024-12-12,106.76000213623048,107.91999816894533,105.27999877929688,105.9000015258789,392600.0,48.23515439606538,38.49890302909152,38.93652425919823,39.57410303516368,39.51314922673198,2.7,33.0,-0.8,4.45,127.60574075410484
QTWO,2024-12-13,105.9000015258789,107.0999984741211,104.0,105.0999984741211,470300.0,48.116962593287234,37.60171906378002,37.913549623946736,39.59611746380681,39.10594069996637,2.7,32.0,-0.88,4.88,126.64176548919276
QTWO,2024-12-16,105.4800033569336,106.98999786376952,104.5,105.37999725341795,596200.0,48.131320872549296,37.41633509292182,37.90945098296745,39.276092075900046,39.05128264022664,2.7,32.0,-0.96,4.88,126.97915407396714
QTWO,2024-12-17,104.8000030517578,105.5,103.1500015258789,104.54000091552734,507000.0,48.12091460286044,36.98373704483852,37.59792470229177,39.30065809636947,39.004718232035046,2.71,32.0,-1.03,5.19,125.96698831964397
QTWO,2024-12-18,106.73999786376952,108.51000213623048,101.37000274658205,102.33999633789062,948300.0,48.60729112941666,37.1989572751276,37.66785573031694,39.33607848665911,39.05899282206043,2.71,33.0,-1.1,5.15,123.31606093771043
QTWO,2024-12-19,104.4000015258789,105.12000274658205,102.5,103.05999755859376,746600.0,46.88588207948983,37.17400294847948,37.44917593684416,39.27864695221834,38.97638743470891,2.71,32.0,-1.15,5.27,124.18363683750144
QTWO,2024-12-20,100.54000091552734,106.0,99.54000091552734,104.69000244140624,1407000.0,31.178886272868017,37.1270899166997,37.44923292066895,39.22439886843888,38.79650302250629,2.72,33.0,-1.21,5.27,126.14773483095864
QTWO,2024-12-23,104.22000122070312,104.37999725341795,101.8499984741211,103.6999969482422,661500.0,31.29444410681052,37.12701811834196,37.1329030781866,39.21792129093199,38.7940539065214,2.72,32.0,-1.26,5.61,124.95481337217133
QTWO,2024-12-24,103.37999725341795,104.76000213623048,103.16000366210938,104.76000213623048,168100.0,31.345083305442817,37.1334712811836,36.16142490763961,39.223810308205096,38.79983532156928,2.73,32.0,-1.31,6.14,126.23208197715228
QTWO,2024-12-26,104.0,105.79000091552734,103.3499984741211,105.68000030517578,477200.0,31.4183156738464,36.64057568588781,35.89267756632645,38.94580295332742,38.79269501703284,2.75,30.0,-1.37,6.32,127.34064709659656
QTWO,2024-12-27,104.48999786376952,105.29000091552734,101.6999969482422,103.36000061035156,424100.0,31.896338762335795,37.0530821915041,35.566311311978886,38.9387088380888,38.87758451073444,2.75,17.0,-1.41,6.73,124.54512986013083
QTWO,2024-12-30,101.73999786376952,102.25,100.06999969482422,100.7300033569336,435000.0,28.55549838039452,37.46548154516066,34.95436262586077,38.79427815762651,38.98587122915568,2.77,2.0,-1.46,7.12,121.37607657525764
QTWO,2024-12-31,100.77999877929688,101.45999908447266,99.54000091552734,100.6500015258789,484000.0,28.45418759968285,37.28342456359368,34.16560618326952,38.66427490020857,38.93541924786572,2.78,1.0,-1.49,8.01,121.27967721013655
QTWO,2025-01-02,100.87999725341795,101.7699966430664,98.62000274658205,99.54000091552734,434200.0,28.564330262068527,37.35800592461758,34.24735161776517,38.70461206065119,38.84454052652874,2.79,2.0,-1.52,7.95,119.94216589681702
QTWO,2025-01-03,100.1500015258789,103.08000183105467,100.1500015258789,102.68000030517578,445500.0,28.384194453325573,37.678873325441984,34.29487614760605,38.80894556705729,38.56393282568576,2.8,3.0,-1.56,7.75,123.7257536429004
QTWO,2025-01-06,103.08999633789062,103.70999908447266,100.62000274658205,101.11000061035156,601900.0,28.28660559810427,37.88778124420587,34.0225096617999,38.86035796559612,38.61130224813116,2.81,1.0,-1.58,8.2,121.8339597698587
QTWO,2025-01-07,101.41000366210938,101.5,96.58999633789062,98.54000091552734,616600.0,27.307703637872056,38.17561574638661,34.22288945929342,39.018716313792645,38.72142260494476,2.8,3.0,-1.59,8.11,118.73720141225161
QTWO,2025-01-08,98.25,100.1999969482422,97.47000122070312,99.83999633789062,499500.0,27.29138804834862,37.721870480071,34.226837051134844,38.86440535640212,38.54986356953024,2.8,4.0,-1.61,8.1,120.30364972629697
QTWO,2025-01-10,96.38999938964844,96.69000244140624,88.19999694824219,88.94999694824219,1424700.0,42.49235596183796,44.88483156314273,39.07186613680611,41.20586868133845,40.341867355637554,2.77,51.0,-1.6,9.06,107.1815872248318
QTWO,2025-01-13,87.76000213623047,90.94000244140624,86.55999755859375,90.69000244140624,971300.0,43.134000262059416,44.99030177503105,39.153201081159736,41.24905219106496,40.37036973522831,2.74,54.0,-1.59,8.96,109.27823204704316
QTWO,2025-01-14,91.18000030517578,92.58000183105467,90.75,92.44000244140624,716500.0,43.35149252646932,45.054260244635984,39.242024825271805,41.22717765495666,40.40106743008423,2.71,56.0,-1.58,8.86,111.3869198950326
QTWO,2025-01-15,95.41000366210938,95.98999786376952,92.66000366210938,93.31999969482422,771600.0,43.491838239403016,44.90001299563542,39.25326210255074,41.231030705174085,40.40449512708419,2.69,57.0,-1.57,8.84,112.44728533191636
QTWO,2025-01-16,93.73999786376952,95.69000244140624,93.30999755859376,93.36000061035156,420600.0,43.03407302376701,44.901223447390784,39.23411952555471,41.1763667544761,40.40452413184717,2.66,56.0,-1.56,8.87,112.4954850144769
QTWO,2025-01-17,94.98999786376952,96.12000274658205,93.37000274658205,93.91000366210938,414100.0,42.31349701313295,44.84682904432294,39.01000584067792,41.07517506658843,40.39410844842355,2.64,51.0,-1.55,9.13,113.15821915824766
QTWO,2025-01-21,94.68000030517578,95.9000015258789,93.76000213623048,95.3499984741211,460100.0,42.53221471983192,44.899178871390006,39.06108220206576,41.09743135401806,40.40682911495558,2.61,52.0,-1.54,9.06,114.8933617646802
QTWO,2025-01-22,96.26000213623048,96.45999908447266,91.83000183105467,94.04000091552734,590100.0,42.58299258923028,45.02027048668051,39.131589947090745,37.73114246999569,40.394597021844405,2.59,55.0,-1.52,8.98,113.31486123170735
QTWO,2025-01-23,93.2300033569336,95.05999755859376,92.52999877929688,94.6999969482422,605700.0,42.25268618452319,45.02149523576215,39.04073669287268,37.71435403666801,40.316857386599736,2.57,52.0,-1.5,9.09,114.11013301108281
QTWO,2025-01-24,94.37999725341795,95.1999969482422,92.63999938964844,94.13999938964844,503900.0,40.91296291913043,45.04183243072191,39.06128865248065,37.67594137944047,40.31273679211191,2.54,54.0,-1.48,9.06,113.43535584153402
QTWO,2025-01-27,91.87999725341795,95.48999786376952,91.56999969482422,93.47000122070312,449300.0,40.84006751773604,45.0149772781949,39.08721553105609,37.670940377106014,40.26214722745638,2.52,56.0,-1.46,9.03,112.62803184323107
QTWO,2025-01-28,93.9499969482422,98.23999786376952,93.02999877929688,97.41999816894533,788800.0,42.46435825478059,45.74404053135106,39.29368550684986,37.95355163312984,40.4369250538117,2.5,65.0,-1.45,8.82,117.38763788000459
QTWO,2025-01-29,97.1500015258789,97.31999969482422,95.3000030517578,96.5,470400.0,42.45397034017582,45.78037754606624,39.254938478704446,37.97313736555424,40.43139644748799,2.48,65.0,-1.43,8.87,116.27907276056028
QTWO,2025-01-30,97.6500015258789,100.83000183105467,97.13999938964844,97.6999969482422,387000.0,42.66381540844086,45.74107851896032,39.25465304700332,37.963812372277815,40.31180865995554,2.47,65.0,-1.41,8.87,117.725026464779
QTWO,2025-01-31,98.12000274658205,98.88999938964844,94.02999877929688,95.16999816894533,683200.0,43.18288691446904,46.11115439661502,39.22033260693599,38.07517603489151,40.402479652146695,2.45,62.0,-1.41,8.9,114.67646778973246
QTWO,2025-02-03,92.0,95.8000030517578,91.0500030517578,94.56999969482422,524400.0,43.17006677780592,46.09357547053573,39.10392706605153,38.08754803078864,40.23606178839961,2.43,58.0,-1.39,9.04,113.9534909376231
QTWO,2025-02-04,94.77999877929688,95.7300033569336,94.2300033569336,95.02999877929688,364000.0,42.89033939846112,45.917967228190285,38.96146110557363,38.083919697209055,40.20999417966159,2.41,51.0,-1.39,9.21,114.50777349734524
QTWO,2025-02-05,95.33000183105467,95.43000030517578,91.4000015258789,93.37000274658205,767700.0,43.01119711093728,45.02278662200925,39.08369305309592,38.12609140063684,40.2638506517384,2.39,57.0,-1.4,9.06,112.50753723340443
QTWO,2025-02-06,94.05999755859376,96.08000183105467,93.38999938964844,95.73999786376952,568000.0,43.4542289218232,37.6169863706846,39.223861146269925,38.046847891862974,40.20005337026182,2.38,66.0,-1.42,8.9,115.36329717820873
QTWO,2025-02-07,96.0,97.25,93.1999969482422,93.72000122070312,550200.0,43.74259018790958,37.82266466155362,39.01281112099148,38.13915672479589,40.2238946350919,2.35,53.0,-1.4,9.13,112.9292729643724
QTWO,2025-02-10,94.52999877929688,95.77999877929688,93.9499969482422,94.25,517300.0,43.64028647757205,37.83433985910566,39.00881779929445,38.12874165832069,40.20180237121365,2.34,52.0,-1.39,9.13,113.56790267028816
QTWO,2025-02-11,93.11000061035156,93.66000366210938,91.56999969482422,91.58999633789062,1069300.0,44.06946550432584,38.24599554929308,39.20006755516684,38.11424766316486,40.257644951802405,2.32,67.0,-1.37,8.92,110.36269272863248
QTWO,2025-02-12,89.9800033569336,92.16000366210938,89.83000183105469,92.0199966430664,994500.0,43.83375109299783,38.13387521675166,39.19877308498202,38.11078978575238,40.24658793839989,2.3,67.0,-1.36,8.93,110.88082782472158
QTWO,2025-02-13,99.87000274658205,102.06999969482422,91.68000030517578,92.86000061035156,1640100.0,43.48328267662518,36.59062929769578,38.54534040223508,38.09959043595201,40.23902787518882,2.27,49.0,-1.32,9.64,111.89300277219421
QTWO,2025-02-14,92.54000091552734,93.12999725341795,90.05000305175781,91.12000274658205,787700.0,43.73032796593145,36.755008681874685,38.53135635298291,38.18140190431247,39.97045611425936,2.24,49.0,-1.29,9.66,109.7963671431323
QTWO,2025-02-18,91.0,95.37000274658205,89.66000366210938,93.6500015258789,860100.0,44.55015328028168,37.185685558082376,38.51251492137583,38.29833503046824,39.766987507990805,2.21,49.0,-1.25,9.67,112.8449258181788
QTWO,2025-02-19,92.6500015258789,92.98999786376952,90.44000244140624,92.0,646700.0,43.63704624344169,36.68721084371428,38.57056724426658,38.24885214160616,39.81842133900712,2.17,52.0,-1.22,9.6,110.85673258001603
QTWO,2025-02-20,90.9000015258789,91.58999633789062,88.0,90.6999969482422,865800.0,43.6108366701947,36.55170511935199,38.64696455831794,38.2921349198322,39.72878398882584,2.16,52.0,-1.19,9.51,109.29027507282126
QTWO,2025-02-21,91.51000213623048,91.77999877929688,87.41999816894531,87.8499984741211,1083300.0,43.918975325313205,36.28413438080732,38.97255547992683,38.50011460829597,39.86503824640584,2.15,55.0,-1.18,9.13,105.85612813043977
QTWO,2025-02-24,87.95999908447266,88.04000091552734,84.62000274658203,85.7699966430664,856900.0,43.99094446557007,36.37142592454654,39.07062920251995,38.60397493490788,39.94243180322418,2.14,61.0,-1.17,9.02,103.34979979618788
QTWO,2025-02-25,85.47000122070312,86.1500015258789,83.63999938964844,85.25,564400.0,28.998458817724533,36.275667884141725,39.0632000725612,38.58271865826675,38.88098394377557,2.13,60.0,-1.17,9.03,102.72322230919964
QTWO,2025-02-26,85.83999633789062,88.11000061035156,85.79000091552734,86.20999908447266,712700.0,28.58301931782304,36.40642834796664,38.88647170048791,38.59176483061085,38.76193348121584,2.12,49.0,-1.18,9.24,103.87998711120447
QTWO,2025-02-27,87.01000213623047,87.5,84.45999908447266,85.06999969482422,629900.0,28.072817114537607,36.22457401865656,38.930105934713744,38.6198980321198,38.72919780248934,2.12,50.0,-1.18,9.19,102.50632833425189
QTWO,2025-02-28,84.1500015258789,87.55999755859375,83.79000091552734,87.37000274658203,799200.0,29.14702432875772,36.72960270092049,39.10995554719495,38.728999051406255,38.80488561028051,2.11,66.0,-1.2,8.97,105.27775032601205
QTWO,2025-03-03,87.97000122070312,88.30999755859375,83.30000305175781,84.0999984741211,579300.0,30.93447765035058,37.16451388297675,39.44932661617938,38.86435734801417,38.92292013979012,2.1,81.0,-1.21,8.63,101.33751131331954
QTWO,2025-03-04,81.69999694824219,82.83000183105469,79.20999908447266,80.6500015258789,1666500.0,32.72462990268436,37.50226201627422,40.00921626272302,39.17490215639058,39.16269162363773,2.1,89.0,-1.22,8.08,97.18038751882871
QTWO,2025-03-05,78.54000091552734,81.7300033569336,78.54000091552734,81.12999725341797,1250700.0,32.33268765683666,37.459480953915126,39.92891274665024,38.89787688249644,39.16422640933253,2.09,86.0,-1.23,8.17,97.75876532325641
QTWO,2025-03-06,79.3499984741211,80.62000274658203,76.83999633789062,77.33000183105469,855700.0,34.545978808305286,38.46438931165956,40.64922771352531,39.32697709569251,39.44855188324546,2.1,89.0,-1.19,7.53,93.1799057977976
QTWO,2025-03-07,76.44000244140625,77.88999938964844,73.55999755859375,75.9000015258789,1302300.0,34.47405897141913,38.26975921637924,40.68577110289059,39.39710098261399,39.38700851018898,2.1,89.0,-1.13,7.49,91.45680621714311
QTWO,2025-03-10,73.52999877929688,73.70999908447266,70.2699966430664,71.37000274658203,1434600.0,37.87135731352207,39.30140759616258,41.45835525554866,40.09565312119449,39.86483441793373,2.11,100.0,-0.91,7.01,85.99831857296579
QTWO,2025-03-11,71.37000274658203,75.19999694824219,71.37000274658203,73.83999633789062,820900.0,39.893871747811616,40.15097307593019,41.83731066923514,40.2016815962082,39.96905600236441,2.13,100.0,-0.83,6.68,88.97457312759678
QTWO,2025-03-12,75.93000030517578,76.5199966430664,72.75,75.30999755859375,1437500.0,38.01904457957372,40.198052237040734,41.9506731335441,40.25254952807959,39.89792664272234,2.14,100.0,-0.79,6.58,90.74587239081181
QTWO,2025-03-13,74.55999755859375,74.68000030517578,71.87000274658203,73.06999969482422,1020200.0,38.532203514517526,40.49799670272207,42.18355099688312,40.39735403080413,40.02430027385585,2.16,100.0,-0.72,6.38,88.04675451946719
QTWO,2025-03-14,74.05000305175781,75.93000030517578,73.5199966430664,75.87000274658203,1023900.0,40.41239185713546,41.47826476142847,42.4762153538306,40.598549122692575,40.1310427733335,2.17,100.0,-0.71,6.17,91.42065875351007
QTWO,2025-03-17,75.54000091552734,78.2300033569336,75.54000091552734,77.20999908447266,982600.0,40.72493981669891,41.71292071511749,42.57406129706825,40.64299991712457,40.1574391513293,2.19,100.0,-0.72,6.08,93.03530675011595
QTWO,2025-03-18,76.4800033569336,76.56999969482422,75.33000183105469,76.12000274658203,782700.0,40.77826926932268,41.75028810950108,42.56801002371057,40.55796051530154,40.02661960423891,2.21,99.0,-0.72,6.09,91.7218998746514
QTWO,2025-03-19,76.66000366210938,79.58999633789062,76.13999938964844,78.6500015258789,1009700.0,42.2667895734261,42.32882036720312,42.893460119212506,40.72410027055294,40.13930766439062,2.23,100.0,-0.74,5.84,94.77045854969793
QTWO,2025-03-20,77.76000213623047,79.73999786376953,77.75,78.61000061035156,598200.0,42.15952877377468,42.2703417101906,42.89298811880264,40.72228464842469,40.097892375223175,2.24,99.0,-0.75,5.84,94.72225886713738
QTWO,2025-03-21,77.33999633789062,79.37999725341797,76.4800033569336,79.20999908447266,894400.0,41.34684847906865,42.13749119485309,42.897011639575446,40.71340198657109,40.07303989139256,2.26,100.0,-0.77,5.84,95.44523571924674
QTWO,2025-03-24,80.91000366210938,83.3499984741211,80.05000305175781,82.81999969482422,742800.0,43.616680252892806,43.31207446938264,43.48874414329546,41.01683027673519,40.28181285871352,2.28,100.0,-0.78,5.44,99.79515824397976
QTWO,2025-03-25,82.73999786376953,84.69999694824219,82.73999786376953,84.45999908447266,786400.0,44.07383579350999,43.48446174538807,43.54735758316458,41.07170064086902,40.243065315733226,2.3,100.0,-0.78,5.4,101.77129926321504
QTWO,2025-03-26,84.31999969482422,84.80000305175781,81.44000244140625,82.5199966430664,467500.0,43.8354342970975,43.59083597003581,43.69880097228856,41.17212104921011,40.263880122277136,2.32,100.0,-0.79,5.29,99.43366522135035
QTWO,2025-03-27,82.5199966430664,83.36000061035156,80.62999725341797,82.72000122070312,847000.0,43.80372315943461,43.44657317083435,43.67155174657171,41.11362539101609,40.17447239494443,2.33,99.0,-0.81,5.31,99.6746636341531
QTWO,2025-03-28,81.91000366210938,82.05000305175781,79.54000091552734,80.83999633789062,622600.0,43.98566298265138,43.38988675230331,43.784125480623786,41.20489446931923,40.2137855915844,2.34,100.0,-0.83,5.23,97.40932451955452
QTWO,2025-03-31,79.30000305175781,80.8499984741211,77.54000091552734,80.01000213623047,719800.0,43.81313065591896,43.40687220277663,43.80280202008225,40.24203624557814,40.15088162334541,2.35,100.0,-0.86,5.21,96.40921098415882
QTWO,2025-04-01,79.91999816894531,81.47000122070312,78.37999725341797,81.47000122070312,887900.0,43.30785034990413,43.60959691764252,43.88477031801696,40.29212423223444,40.18436338826771,2.36,100.0,-0.87,5.15,98.16845802844637
QTWO,2025-04-02,79.38999938964844,83.08999633789062,79.38999938964844,82.27999877929688,737800.0,43.32127377639312,43.109429805188256,43.77677217919767,40.11115450673958,39.98978156018141,2.34,97.0,-0.9,5.23,99.14447631913652
QTWO,2025-04-03,76.98999786376953,78.43000030517578,75.02999877929688,75.58999633789062,862900.0,49.23406894897403,46.1534762669894,45.07482485245488,41.15059327537934,40.91957573016829,2.37,100.0,-0.95,4.99,91.08326097558621
QTWO,2025-04-04,72.36000061035156,73.16999816894531,69.12999725341797,70.30999755859375,1146900.0,52.37891073315453,48.00939514870271,41.933819339808494,41.92845266726619,41.5164832319359,2.38,83.0,-0.93,2.86,84.72104996798485
QTWO,2025-04-07,65.0,72.95999908447266,63.61000061035156,69.16999816894531,1108800.0,52.2162349814965,47.89787587661151,41.958593705162514,41.67116696141586,41.52444302701569,2.39,84.0,-0.91,2.81,83.34739119103227
QTWO,2025-04-08,72.25,73.36000061035156,67.58999633789062,68.72000122070312,966200.0,52.21558699198524,42.12810944709697,41.95808138444661,41.66522219485689,41.46322306370005,2.4,83.0,-0.9,2.81,82.80516085023763
QTWO,2025-04-09,68.3499984741211,77.55999755859375,67.4800033569336,76.62999725341797,1144600.0,61.97897247756068,47.88446304383331,45.62546737478456,43.40311093433479,42.81030374839133,2.47,100.0,-0.95,3.64,92.33642514271216
QTWO,2025-04-10,74.20999908447266,74.58000183105469,70.55000305175781,72.68000030517578,752600.0,63.54366263222905,48.74397426363876,46.23166700707914,43.820622480020496,43.150442264958855,2.56,100.0,-0.99,3.35,87.57681910593864
QTWO,2025-04-11,72.2699966430664,75.47000122070312,71.63999938964844,74.7300033569336,784000.0,63.59417361265274,49.10424906117481,45.76800617040293,43.4901233536832,43.07200330406901,2.62,99.0,-1.04,3.57,90.04699997655747
QTWO,2025-04-14,76.19000244140625,77.0,74.41000366210938,75.44000244140625,448700.0,62.9450366404359,49.17149375408548,45.80240203934523,43.50259261862489,42.98046285218104,2.69,99.0,-1.09,3.56,90.90252365742096
QTWO,2025-04-15,75.55999755859375,77.12000274658203,75.22000122070312,76.87999725341797,583300.0,62.19520956848508,49.350443521439615,45.92065949389019,43.340014735743495,42.84174940568381,2.75,99.0,-1.14,3.51,92.6376662638535
QTWO,2025-04-16,75.43000030517578,76.41999816894531,73.72000122070312,74.9000015258789,394500.0,62.54989473227873,49.41326016785243,45.72409282221932,43.40638875993941,42.858642583730536,2.81,96.0,-1.18,3.57,90.25184173257772
QTWO,2025-04-17,74.9800033569336,75.88999938964844,74.13999938964844,74.95999908447266,381600.0,61.05950975384841,49.38016544200358,45.60339432304608,43.32846395058535,42.85833226983915,2.87,94.0,-1.2,3.62,90.32413665984382
QTWO,2025-04-21,73.11000061035156,73.7699966430664,71.3499984741211,72.27999877929688,505000.0,61.71756932888288,49.77521907768414,45.51754582404178,43.512367533601726,43.01364612258188,2.91,93.0,-1.21,3.62,87.09483147348259
QTWO,2025-04-22,73.8499984741211,75.47000122070312,73.77999877929688,74.95999908447266,439300.0,59.95912998823031,50.47467580934061,45.88262400595183,43.49911842858248,43.14936757254545,2.97,98.0,-1.23,3.46,90.32413665984382
QTWO,2025-04-23,78.47000122070312,80.2300033569336,77.30000305175781,77.45999908447266,535400.0,59.90307049665314,51.02261212925888,46.200441974755925,43.26808747585896,43.26141811014593,3.03,99.0,-1.23,3.32,93.3365478712573
QTWO,2025-04-24,77.69000244140625,79.27999877929688,77.69000244140625,78.9800033569336,362300.0,59.89578401513018,50.39886479494496,46.34069454746334,43.22872948437948,43.17375597180169,3.09,100.0,-1.23,3.26,95.16809903596038
QTWO,2025-04-25,78.55000305175781,79.26000213623047,77.55999755859375,79.12000274658203,414100.0,59.13357282549219,50.39452016553035,46.22848358765225,42.91372436269464,43.07190455461386,3.14,98.0,-1.22,3.33,95.33679332834758
QTWO,2025-04-28,79.2300033569336,79.87000274658203,77.87999725341797,78.70999908447266,391000.0,58.229447483434136,50.28970921213659,46.22256794839699,42.545971312206646,43.073343203060304,3.2,97.0,-1.21,3.33,94.84275347696403
QTWO,2025-04-29,78.41999816894531,80.2699966430664,78.04000091552734,80.0,445800.0,58.20016778136383,50.226797355607744,46.20683358945311,42.17451186961346,43.05957904611527,3.25,96.0,-1.19,3.34,96.39715876523132
QTWO,2025-04-30,78.1500015258789,79.30000305175781,77.05999755859375,79.25,373300.0,58.106364830756064,50.23982821007328,46.01760258586939,42.19160516686775,43.06991793894773,3.3,94.0,-1.19,3.42,95.49343540180728
QTWO,2025-05-01,81.0,81.0,79.08999633789062,79.1500015258789,455700.0,57.34262915796558,50.21491335044114,45.97757998925246,42.11534498491808,43.03897428978768,3.34,93.0,-1.2,3.44,95.37294079198062
QTWO,2025-05-02,80.41999816894531,81.0,79.58999633789062,80.5,628400.0,57.54555479631115,50.28549862718026,46.07464480603492,41.93672527919245,43.00485025587812,3.39,94.0,-1.2,3.4,96.99964100751403
QTWO,2025-05-05,79.51000213623047,82.13999938964844,79.19999694824219,80.38999938964844,621000.0,57.51200777093863,49.957943190797785,45.96840914459817,41.866565255601344,43.00327359762899,3.42,91.0,-1.23,3.45,96.86709417875987
QTWO,2025-05-06,78.62000274658203,80.69000244140625,78.2300033569336,79.30999755859375,703000.0,56.09040584860801,49.86064843892535,45.60944502387125,41.876075503992965,40.68414808811776,3.46,84.0,-1.22,3.64,95.56573032907339
QTWO,2025-05-07,79.73999786376953,81.37000274658203,79.54000091552734,80.30999755859375,775700.0,55.89672917910239,49.93030902800856,45.6470059650662,41.89981494290341,40.68277932554548,3.49,85.0,-1.2,3.63,96.77069481363877
QTWO,2025-05-08,86.5199966430664,91.7699966430664,84.44000244140625,90.79000091552734,1949300.0,66.07380365519911,55.84602993772803,49.698774654113535,44.30943067976588,42.422952821875,3.59,100.0,-1.19,4.3,109.39872665686983
QTWO,2025-05-09,89.6500015258789,90.52999877929688,87.87999725341797,89.62000274658203,944700.0,66.23961991199809,55.89799062995099,49.71268769784608,44.3407437251389,42.43181596068105,3.69,100.0,-1.17,4.29,107.98892041628419
QTWO,2025-05-12,93.8000030517578,93.95999908447266,91.26000213623048,91.83000183105467,865600.0,66.06706794138984,56.09646820775518,49.87432146550441,44.4216062213226,42.49344860699013,3.79,100.0,-1.15,4.19,110.65189082399576
QTWO,2025-05-13,91.8499984741211,93.3499984741211,89.88999938964844,92.7300033569336,1153500.0,65.9384436539335,55.99521746022512,49.901538778722085,44.425609446374295,42.49575072683742,3.87,100.0,-1.14,4.18,111.73636069873452
QTWO,2025-05-14,92.9000015258789,93.08000183105467,91.13999938964844,91.83999633789062,742900.0,65.94708039863839,55.74359237779336,49.90784752955656,44.32342168484564,42.49546989612266,3.95,100.0,-1.13,4.17,110.66393384977383
QTWO,2025-05-15,91.05999755859376,91.52999877929688,89.37999725341797,90.29000091552734,536100.0,66.19872242836263,55.73371501120259,49.86911212010284,44.37498745424316,42.5130543695646,4.02,97.0,-1.1,4.19,108.79624441458714
QTWO,2025-05-16,90.36000061035156,91.33999633789062,89.80000305175781,91.01000213623048,486300.0,60.72879145975089,55.68243389976698,49.87326222508988,44.37766905190432,42.51732508675174,4.09,97.0,-1.08,4.19,109.66382031437816
QTWO,2025-05-19,89.63999938964844,90.88999938964844,88.98999786376953,89.9800033569336,454300.0,56.2779357822943,55.33651702983967,49.8244049305026,44.36187438835047,42.53281803417423,4.15,95.0,-1.07,4.23,108.42270836617969
QTWO,2025-05-20,89.91999816894531,90.45999908447266,89.36000061035156,89.95999908447266,331300.0,55.85870639357137,55.10352180812941,49.80831189026427,44.35938197540082,42.51553502490001,4.2,94.0,-1.06,4.23,108.3986039283247
QTWO,2025-05-21,88.48999786376953,89.76000213623047,86.81999969482422,87.25,408100.0,56.85725057981057,55.46184626117532,49.986781991674434,44.51397445094275,42.51783711387338,4.24,100.0,-1.07,4.15,105.1331512783304
QTWO,2025-05-22,87.12999725341797,88.45999908447266,86.43000030517578,87.30000305175781,341700.0,48.13732585018528,55.41610709740333,49.95961308952746,44.39213297932855,42.50969070432361,4.26,99.0,-1.12,4.17,105.19340317981846
QTWO,2025-05-23,85.5999984741211,87.30999755859375,85.41999816894531,86.56999969482422,285000.0,45.17282149136431,55.37402735495132,49.86491111518258,44.352628199238325,42.51425697739766,4.28,93.0,-1.13,4.22,104.31377506109997
QTWO,2025-05-27,87.91000366210938,88.62999725341797,87.12000274658203,88.58999633789062,487100.0,44.99255438492956,55.30541986020145,49.86925101646082,44.42035464722711,42.45497170284184,4.28,94.0,-1.12,4.2,106.7477992749363
QTWO,2025-05-28,88.52999877929688,88.94000244140625,87.31999969482422,87.5199966430664,331300.0,45.26959219844228,54.78917063135419,49.89899246605983,44.31383612850168,42.47467777075879,4.26,96.0,-1.11,4.19,105.45848764417731
QTWO,2025-05-29,88.5199966430664,88.5199966430664,86.43000030517578,86.73999786376953,335400.0,45.24331125101384,54.10816438123077,49.88957791487074,44.247914398651005,42.47229038385765,4.24,95.0,-1.08,4.19,104.51861681712022
QTWO,2025-05-30,86.58000183105469,87.97000122070312,85.77999877929688,87.5199966430664,549400.0,44.34759102568477,54.12294513941524,49.64658564654333,44.19838670289357,42.479150131984746,4.21,85.0,-1.13,4.33,105.45848764417731
QTWO,2025-06-02,87.44999694824219,87.9000015258789,85.30999755859375,87.63999938964844,535700.0,44.34299949273124,53.14156726924081,49.59920185790941,44.19476222151664,42.47892528266083,4.17,84.0,-1.15,4.35,105.60308669185896
QTWO,2025-06-03,88.5199966430664,89.79000091552734,87.22000122070312,89.44999694824219,558200.0,42.73878796930002,53.09366384666747,49.56473972625994,44.238849844813984,42.44741300045417,4.12,83.0,-1.15,4.36,107.78406946711449
QTWO,2025-06-04,89.44000244140625,90.51000213623048,89.2300033569336,89.62000274658203,247300.0,41.84370415384412,51.37740942394377,49.51563949916034,44.02815262430329,42.44410523736237,4.07,82.0,-1.17,4.39,107.98892041628419
QTWO,2025-06-05,89.72000122070312,91.0,89.19999694824219,89.9800033569336,349400.0,41.06291438446432,50.98992063752005,45.995704163272,44.02754576324356,42.44240686872758,4.05,73.0,-1.18,4.31,108.42270836617969
QTWO,2025-06-06,91.12999725341795,92.1500015258789,90.12000274658205,91.2699966430664,409800.0,40.93150627059935,50.926908576079136,45.94815292165992,43.99191356264672,42.44968589221623,4.03,70.0,-1.18,4.34,109.97710446129754
QTWO,2025-06-09,91.97000122070312,91.97000122070312,90.0,90.87000274658205,282300.0,41.01031254777096,50.47669672456963,45.85151080337513,43.99549964610784,42.43166036443532,4.02,67.0,-1.17,4.43,109.49512602199094
QTWO,2025-06-10,90.80999755859376,91.30999755859376,89.68000030517578,90.41000366210938,333300.0,41.00782235617402,50.005517421260606,45.831766912716525,43.65906860801959,42.43194731082989,4.0,66.0,-1.16,4.46,108.94084346226877
QTWO,2025-06-11,90.51000213623048,91.4000015258789,88.94999694824219,89.0999984741211,347500.0,41.22136524634381,50.038376070313085,45.8875696036663,43.61839530510381,42.45436780951631,3.98,68.0,-1.15,4.44,107.3623337361465
QTWO,2025-06-12,88.87999725341797,89.43000030517578,87.8499984741211,88.47000122070312,311400.0,41.16310118770575,49.95865330854523,45.88813832573809,43.516455637627146,42.46179541718847,3.96,68.0,-1.13,4.45,106.60320942040411
QTWO,2025-06-13,87.0,87.0,85.26000213623047,85.68000030517578,510600.0,42.43077423843125,50.04935168304676,46.0864378917582,43.66031630949183,42.4959714476939,3.94,75.0,-1.1,4.39,103.24135740528872
QTWO,2025-06-16,86.33000183105469,88.19999694824219,86.0,87.8499984741211,452800.0,42.73132374516244,50.27993174254684,46.22491114632232,43.75501294032833,42.53856776000473,3.92,78.0,-1.08,4.27,105.85612813043977
QTWO,2025-06-17,86.81999969482422,86.83999633789062,85.41999816894531,86.01000213623047,310900.0,43.28537869976438,50.48467229811328,46.32196309340761,43.815238673190095,42.41774903288974,3.89,80.0,-1.05,4.24,103.63899789155117
QTWO,2025-06-18,87.47000122070312,89.75,87.08999633789062,88.94999694824219,506400.0,43.94320167453239,50.13299499990232,46.63822520414831,43.93550862907987,42.52844610000824,3.87,81.0,-1.03,4.02,107.1815872248318
QTWO,2025-06-20,89.73999786376953,89.73999786376953,87.76000213623047,88.5,1054100.0,43.93628369049584,50.00068935077222,46.63195202915498,43.92925044599805,42.531963399917885,3.84,80.0,-1.01,4.02,106.63935688403716
QTWO,2025-06-23,88.08999633789062,93.75,87.47000122070312,92.77999877929688,978100.0,29.03242085031032,50.63648379883984,46.774574876916176,44.17098881209368,42.773798888959874,3.82,81.0,-1.03,3.96,111.79660340707312
QTWO,2025-06-24,93.87999725341795,96.13999938964844,93.11000061035156,95.2699966430664,865800.0,29.660518190052358,50.88549878801332,46.946641126908006,44.26351451882034,42.786430906467885,3.8,81.0,-1.04,3.83,114.7969623995591
QTWO,2025-06-25,95.86000061035156,96.68000030517578,92.25,93.0,691800.0,29.81737731999667,50.90996627998341,47.05662260910875,44.34647753919311,42.86225481242693,3.77,81.0,-1.07,3.8,112.06169706458142
QTWO,2025-06-26,92.9000015258789,95.01000213623048,92.4800033569336,94.7300033569336,490400.0,30.15751063692324,50.94566547871153,46.96875656788794,44.32048833732818,42.8758745118378,3.75,80.0,-1.07,3.81,114.1462896678653
QTWO,2025-06-27,94.52999877929688,95.16999816894533,93.0999984741211,93.98999786376952,1122000.0,30.108229071293803,50.89082326423328,46.97453903031924,44.32554512209915,42.87023019190444,3.72,80.0,-1.07,3.8,113.2546093302193
QTWO,2025-06-30,94.20999908447266,95.0,92.79000091552734,93.58999633789062,613000.0,29.677077944534368,50.88429238103724,46.97255871728992,44.288371728618266,42.87440020617412,3.68,79.0,-1.08,3.81,112.77262169776326
QTWO,2025-07-01,93.33000183105467,94.04000091552734,90.79000091552734,92.5500030517578,447200.0,29.81634529272093,47.64463687116422,46.92264164639238,44.31093698564093,42.81033646670839,3.65,76.0,-1.08,3.84,111.51946672378673
QTWO,2025-07-02,92.4000015258789,93.12000274658205,91.04000091552734,92.3000030517578,396400.0,29.61977926427504,44.97587519846189,46.75046805487482,44.272630030123686,42.80967090784758,3.61,74.0,-1.08,3.96,111.2182256026454
QTWO,2025-07-03,92.7300033569336,95.0500030517578,92.7300033569336,94.58999633789062,248800.0,30.39901960253368,44.94499808736096,46.7935762160004,44.192733363625024,42.8684744721047,3.57,75.0,-1.08,3.89,113.97758618232865
QTWO,2025-07-07,93.63999938964844,94.4499969482422,92.6500015258789,93.33000183105467,340800.0,29.198938514896035,45.04384159372893,46.833791861731946,44.22279893334618,42.88554306947324,3.52,75.0,-1.08,3.89,112.45933755084386
QTWO,2025-07-08,93.9499969482422,94.80999755859376,93.3000030517578,93.8000030517578,498000.0,29.205274709174876,39.50505741363855,46.61612851261259,44.213222674363536,42.8767983353878,3.48,69.0,-1.09,3.97,113.0256723294935
QTWO,2025-07-09,94.5500030517578,95.0999984741211,93.77999877929688,94.97000122070312,496900.0,29.15940299606456,37.75907532555527,46.65091346744284,44.21425290346483,42.890112099939934,3.43,71.0,-1.08,3.94,114.43547857007914
QTWO,2025-07-10,94.05999755859376,94.23999786376952,91.12999725341795,92.58999633789062,463900.0,29.65140586868593,37.92701900398791,46.80655369113754,44.25404729135297,42.97161853841232,3.37,74.0,-1.08,3.89,111.56765721319788
QTWO,2025-07-11,91.9499969482422,91.98999786376952,88.70999908447266,89.19000244140625,474500.0,31.505796454064036,38.82213412280291,47.08778219132325,44.48256877786932,43.10902591365826,3.31,81.0,-1.08,3.77,107.47078532019509
QTWO,2025-07-14,89.13999938964844,91.04000091552734,87.79000091552734,90.36000061035156,513500.0,31.569026363596496,38.73652874985752,46.92847319020001,44.481102801063386,43.11611302364757,3.25,75.0,-1.07,3.87,108.88059156078074
QTWO,2025-07-15,90.79000091552734,90.79000091552734,88.83999633789062,88.93000030517578,504900.0,31.87247068297257,38.46952890049326,46.912133130295466,44.517660081932135,42.48286940659074,3.18,73.0,-1.06,3.88,107.15749198012625
QTWO,2025-07-16,89.87000274658203,91.08000183105467,88.8499984741211,90.41000366210938,418700.0,32.20713279411171,38.56810348247132,46.934188678114616,44.558485776659126,42.51038903256007,3.11,75.0,-1.06,3.83,108.94084346226877
QTWO,2025-07-17,90.7699966430664,92.45999908447266,90.45999908447266,91.44000244140624,488300.0,31.83614312810885,37.70951628059736,46.68761006954965,44.5709062637692,42.39188806448438,3.04,66.0,-1.07,3.92,110.1819554104672
QTWO,2025-07-18,91.80999755859376,92.06999969482422,89.91000366210938,90.94000244140624,331400.0,31.884514878091142,37.14097839111254,46.53406965708163,44.57511520258552,42.24407558535053,2.97,61.0,-1.09,3.99,109.5794731681845
QTWO,2025-07-21,91.22000122070312,91.87000274658205,89.6500015258789,89.94999694824219,410100.0,32.035234550573385,36.73246501567866,46.55821218700648,44.56811848353098,42.17406765788152,2.9,61.0,-1.1,3.98,108.3865517093972
QTWO,2025-07-22,89.94999694824219,90.4499969482422,89.13999938964844,89.91999816894531,425400.0,31.74926133405546,36.56607471493332,46.52697335395288,44.56644235919685,41.949556626329866,2.81,59.0,-1.11,4.01,108.35040424576414
QTWO,2025-07-23,89.93000030517578,91.05999755859376,89.27999877929688,90.79000091552734,291900.0,31.85964100519092,36.597931465147184,46.49712462962144,44.566116453731794,41.95034785588457,2.73,58.0,-1.12,4.01,109.39872665686983
QTWO,2025-07-24,90.5,90.8499984741211,89.30999755859375,89.41000366210938,329700.0,32.13764597719752,36.74486851790863,46.3765102344514,44.58262308902777,41.83533189614781,2.64,57.0,-1.13,4.12,107.73587897770341
QTWO,2025-07-25,89.80000305175781,90.81999969482422,88.69999694824219,89.2300033569336,369300.0,31.8594042323243,36.63535752620029,45.96834742678841,44.57984595871816,41.80789468105368,2.56,42.0,-1.13,4.3,107.51898500275566
QTWO,2025-07-28,89.80000305175781,90.9499969482422,89.44999694824219,90.75,444900.0,32.149178060496084,36.68737047671188,45.53062792316465,44.611132730324286,41.49192468598804,2.49,27.0,-1.12,4.48,109.35052697430929
QTWO,2025-07-29,92.2699966430664,92.66000366210938,89.98999786376953,90.4000015258789,664900.0,30.64613642123396,36.70190600718084,45.53115392864908,44.54346826687542,41.49501485677508,2.41,27.0,-1.12,4.49,108.9287912433413
QTWO,2025-07-30,90.45999908447266,92.04000091552734,89.77999877929688,89.98999786376953,963900.0,29.88767479228038,36.59819749252461,44.85715412014169,44.17445686522369,41.34125347672958,2.35,23.0,-1.07,4.81,108.43475139195775
QTWO,2025-07-31,88.62000274658203,90.08000183105467,80.77999877929688,81.19999694824219,2307800.0,42.00517737685423,42.41866450456361,47.71687350686701,43.43010054716911,42.58935520661773,2.29,81.0,-1.03,4.6,97.84311246945
QTWO,2025-08-01,79.19999694824219,79.23999786376953,76.30000305175781,76.52999877929688,1368600.0,43.763267053801606,44.05165354569763,47.64166602674376,43.96153290375275,42.95355406962697,2.24,80.0,-1.04,4.63,92.21593053288551
QTWO,2025-08-04,77.26000213623047,79.33000183105469,76.86000061035156,78.75,1371700.0,44.8340558004509,44.37792700629296,47.55273746890783,44.10220295306938,43.01854300103929,2.2,79.0,-1.02,4.68,94.89095315952459
QTWO,2025-08-05,78.69999694824219,78.83000183105469,76.3499984741211,76.94999694824219,1553800.0,42.43605825216567,36.47559116284864,47.601657971191045,44.176765231666096,42.92347930916914,2.16,79.0,-1.01,4.67,92.7220134100471
QTWO,2025-08-06,76.5,77.0,74.87999725341797,75.55999755859375,2571800.0,41.406486299246005,36.554314205642086,47.44471030995145,44.18281839023378,42.67766512200224,2.12,77.0,-1.01,4.75,91.04711351195316
QTWO,2025-08-07,77.0,77.0,73.81999969482422,74.62000274658203,1305100.0,41.14319196553087,36.161253210516,47.10851062791714,43.75577128991227,42.63143429948635,2.08,76.0,-1.02,4.98,89.91445314780331
QTWO,2025-08-08,75.41000366210938,75.41000366210938,73.55999755859375,73.62999725341797,981800.0,40.43846054274823,36.1107247958967,47.0685327444771,43.77295756702294,42.42074989773369,2.04,74.0,-1.03,5.02,88.72153168901598
QTWO,2025-08-11,74.08999633789062,75.06999969482422,73.33999633789062,73.37999725341797,983200.0,40.46425348445869,36.09055489613856,47.019435186389984,43.76749505867062,42.15919536050986,2.0,72.0,-1.03,5.05,88.42029056787463
QTWO,2025-08-12,74.1500015258789,75.54000091552734,73.27999877929688,75.13999938964844,1045000.0,41.50216487189192,36.41397298858801,46.87990817362955,43.67840369558213,41.92261992441396,1.97,63.0,-1.05,5.14,90.54103063479157
QTWO,2025-08-13,76.0,76.54000091552734,75.19000244140625,76.38999938964844,736500.0,42.05014947252731,36.56630632789425,46.95710621998762,43.66799624733516,41.9531271738278,1.93,68.0,-1.07,5.07,92.04723624049831
QTWO,2025-08-14,75.75,76.22000122070312,74.2300033569336,74.80000305175781,660100.0,42.24541756355883,36.71492180547136,47.0545795295154,43.52186698399208,41.95523552944688,1.9,72.0,-1.1,5.03,90.13134712275107
QTWO,2025-08-15,75.12999725341797,75.62999725341797,74.33000183105469,74.55999755859375,737600.0,41.19944553912242,36.71009688864759,46.49584345287823,43.48392292401733,41.79352935486639,1.87,46.0,-1.15,5.39,89.84214902738778
QTWO,2025-08-18,74.80000305175781,75.79000091552734,74.5199966430664,75.70999908447266,968600.0,41.70516650793908,36.44784532486794,46.45217934051568,43.51177405657848,41.76764528398109,1.84,45.0,-1.2,5.42,91.22786002326787
QTWO,2025-08-19,75.72000122070312,76.06999969482422,74.69000244140625,75.3499984741211,756900.0,41.55669355090912,36.4458915574772,46.32040561782348,43.51269459619615,41.75229558831266,1.81,41.0,-1.25,5.5,90.79407207337236
QTWO,2025-08-20,74.93000030517578,75.62999725341797,74.70999908447266,75.45999908447266,590700.0,41.22580204687348,36.4332084069147,46.31889708737293,43.43779074739045,41.752370854451705,1.79,40.0,-1.29,5.5,90.9266189021265
QTWO,2025-08-21,75.47000122070312,75.8499984741211,74.62999725341797,75.63999938964844,591200.0,40.97362768895809,36.06311622981201,46.18608140221703,43.43778098336159,41.74363204654619,1.76,33.0,-1.32,5.58,91.14351287707426
QTWO,2025-08-22,76.33000183105469,80.13999938964844,75.77999877929688,79.5199966430664,1043100.0,43.06887809794443,37.581349928782274,46.85354089681019,43.808956312248846,42.04032152821194,1.73,60.0,-1.32,5.16,95.81877176765417
QTWO,2025-08-25,79.0,79.11000061035156,77.11000061035156,77.30999755859375,626800.0,43.322932008533,37.94703285387938,46.97299492080687,43.81503475648146,42.132698160072,1.71,69.0,-1.35,5.11,93.1558013599426
QTWO,2025-08-26,77.16999816894531,78.11000061035156,76.52999877929688,76.72000122070312,1170200.0,43.21060625057934,37.89646847148017,46.95655392685263,43.80116084985095,42.1362198992406,1.68,65.0,-1.38,5.13,92.44487672676075
QTWO,2025-08-27,76.80999755859375,78.19000244140625,76.66999816894531,78.1500015258789,631900.0,43.29881684326692,38.126461091148826,45.07217150492269,43.856457802547446,42.07806888565037,1.68,5.0,-1.37,5.69,94.16797630741523
QTWO,2025-08-28,78.8499984741211,79.41999816894531,78.30999755859375,78.83000183105469,559500.0,43.219077945672815,37.90730133146868,43.55341701573725,43.81975961195278,42.08655032989331,1.64,3.0,-1.38,6.36,94.98735252464569
QTWO,2025-08-29,78.76000213623047,79.16000366210938,78.02999877929688,78.7300033569336,727700.0,43.23178329178101,37.8985634458461,43.46496784043454,43.578331099448654,42.08425245936021,1.6,2.0,-1.43,6.41,94.86685791481904
QTWO,2025-09-02,77.27999877929688,77.75,75.91000366210938,76.7300033569336,1143300.0,43.62485787880459,38.18087720537144,43.65941569435286,43.65139468979753,42.13731534723584,1.55,3.0,-1.54,6.28,92.45692894568826
QTWO,2025-09-03,76.58999633789062,77.5199966430664,76.04000091552734,77.4000015258789,639400.0,43.79228115469377,38.092976338702286,40.11232446080843,43.60651184773015,42.142826291732646,1.69,1.0,-1.53,6.69,93.2642529439912
QTWO,2025-09-04,77.4000015258789,77.58000183105469,76.11000061035156,77.2699966430664,716300.0,43.58622414286116,38.09202804721671,39.202663795112045,43.59494404699538,42.13963226383246,1.86,1.0,-1.55,7.37,93.10760167738205
QTWO,2025-09-05,78.0,79.61000061035156,77.62999725341797,78.80999755859375,713600.0,44.07262308516935,38.36436318082728,39.08072368657696,43.66326421558553,42.09785714285979,2.01,1.0,-1.54,7.49,94.96324808679068
QTWO,2025-09-08,81.66999816894531,84.95999908447266,79.94999694824219,84.04000091552734,3177900.0,48.33752652443919,40.62078726716483,40.346840094265815,44.350637198519415,42.53864828581151,2.11,4.0,-1.51,6.59,101.26521638605344
QTWO,2025-09-09,83.69999694824219,84.61000061035156,82.91000366210938,84.1500015258789,1201709.0,48.01832622195851,40.60320366934429,40.24548565997625,44.3443819032758,42.53234185977634,2.21,4.0,-1.48,6.7,101.39776321480758
QTWO,2025-09-10,84.31999969482422,85.19000244140625,81.91999816894531,82.11000061035156,1201361.0,48.44083052032163,40.38540837926974,40.21975352499411,44.36690731867491,42.510433871907225,2.3,4.0,-1.45,6.72,98.93963456311626
QTWO,2025-09-11,82.4800033569336,83.23999786376953,81.86000061035156,82.72000122070312,1018336.0,48.53578739491537,40.06637173300632,40.23290709295846,44.36795265682584,42.45231197215258,2.38,5.0,-1.42,6.7,99.6746636341531
QTWO,2025-09-12,82.4800033569336,83.125,81.26499938964844,82.18000030517578,718809.0,38.23056347300652,39.86363418780584,39.80345318745599,44.32661493030777,42.41636712612941,2.48,3.0,-1.43,7.05,99.02398170930987
QTWO,2025-09-15,82.5999984741211,83.7300033569336,82.30000305175781,82.91000366210938,881203.0,33.842914466832944,39.27029515531696,39.42301411475754,44.33223775274932,42.42235277238251,2.58,3.0,-1.4,7.43,99.90360982802835
QTWO,2025-09-16,82.66999816894531,82.87000274658203,81.4000015258789,81.54000091552734,1025192.0,33.36873856832397,39.391105589984086,39.188770266463465,44.34866676012028,42.44473572094319,2.68,2.0,-1.38,7.7,98.25280517463996
QTWO,2025-09-17,82.01000213623047,85.08000183105469,81.54000091552734,82.98999786376953,1067298.0,32.87830961109126,38.28293559953559,39.1676119602193,44.38968241969897,42.31746833867935,2.77,2.0,-1.35,7.72,100.0
