Ticker,Date,Open,High,Low,Close,Volume,Realised_Vol_Close_30,Realised_Vol_Close_60,Realised_Vol_Close_100,Realised_Vol_Close_180,Realised_Vol_Close_252,Vol_of_Vol_100d,Vol_of_Vol_100d_Percentile,Kurtosis_Close_100d,Kurtosis_Returns_100d
AMZN,1997-05-15,0.1218750029802322,0.125,0.0963540002703666,0.0979169979691505,1443120000.0,,,,,,,,,
AMZN,1997-05-16,0.0984380021691322,0.0989580005407333,0.0854170024394989,0.0864579975605011,294000000.0,,,,,,,,,
AMZN,1997-05-19,0.0880210027098655,0.0885419994592666,0.0812499970197677,0.0854170024394989,122136000.0,,,,,,,,,
AMZN,1997-05-20,0.0864579975605011,0.0874999985098838,0.0817710012197494,0.0817710012197494,109344000.0,,,,,,,,,
AMZN,1997-05-21,0.0817710012197494,0.0822919979691505,0.0687500014901161,0.0713540017604827,377064000.0,,,,,,,,,
AMZN,1997-05-22,0.0718749985098838,0.0723960027098655,0.0656249970197677,0.0697920024394989,235536000.0,,,,,,,,,
AMZN,1997-05-23,0.0703129991889,0.0760419964790344,0.0666669979691505,0.0750000029802322,318744000.0,,,,,,,,,
AMZN,1997-05-27,0.0755209997296333,0.0822919979691505,0.0729169994592666,0.0791670009493827,173952000.0,,,,,,,,,
AMZN,1997-05-28,0.0812499970197677,0.0817710012197494,0.0765630006790161,0.0765630006790161,91488000.0,,,,,,,,,
AMZN,1997-05-29,0.0770829990506172,0.0770829990506172,0.0739580020308494,0.0752599984407424,69456000.0,,,,,,,,,
AMZN,1997-05-30,0.0750000029802322,0.0755209997296333,0.0739580020308494,0.0750000029802322,51888000.0,,,,,,,,,
AMZN,1997-06-02,0.0755209997296333,0.0765630006790161,0.0750000029802322,0.0755209997296333,11832000.0,,,,,,,,,
AMZN,1997-06-03,0.0765630006790161,0.0765630006790161,0.0739580020308494,0.0739580020308494,23664000.0,,,,,,,,,
AMZN,1997-06-04,0.0739580020308494,0.0744789987802505,0.0697920024394989,0.0708329975605011,61608000.0,,,,,,,,,
AMZN,1997-06-05,0.0708329975605011,0.0770829990506172,0.0687500014901161,0.0770829990506172,113448000.0,,,,,,,,,
AMZN,1997-06-06,0.0757810026407241,0.0854170024394989,0.0755209997296333,0.0828130021691322,156144000.0,,,,,,,,,
AMZN,1997-06-09,0.0828130021691322,0.0854170024394989,0.0828130021691322,0.0843750014901161,47040000.0,,,,,,,,,
AMZN,1997-06-10,0.0854170024394989,0.0854170024394989,0.0765630006790161,0.0791670009493827,109176000.0,,,,,,,,,
AMZN,1997-06-11,0.0796879976987838,0.0802080035209655,0.0765630006790161,0.0770829990506172,23760000.0,,,,,,,,,
AMZN,1997-06-12,0.0791670009493827,0.0822919979691505,0.0776040032505989,0.0802080035209655,32640000.0,,,,,,,,,
AMZN,1997-06-13,0.0812499970197677,0.0812499970197677,0.0791670009493827,0.0791670009493827,13872000.0,,,,,,,,,
AMZN,1997-06-16,0.0802080035209655,0.0802080035209655,0.078125,0.078645996749401,18264000.0,,,,,,,,,
AMZN,1997-06-17,0.0799480006098747,0.0799480006098747,0.0747400000691413,0.0752599984407424,94128000.0,,,,,,,,,
AMZN,1997-06-18,0.0760419964790344,0.0768230035901069,0.0750000029802322,0.0755209997296333,49296000.0,,,,,,,,,
AMZN,1997-06-19,0.0755209997296333,0.0765630006790161,0.0750000029802322,0.0755209997296333,20064000.0,,,,,,,,,
AMZN,1997-06-20,0.0765630006790161,0.0776040032505989,0.0750000029802322,0.0763019993901252,67752000.0,,,,,,,,,
AMZN,1997-06-23,0.0770829990506172,0.0770829990506172,0.0739580020308494,0.0750000029802322,20952000.0,,,,,,,,,
AMZN,1997-06-24,0.0752599984407424,0.0763019993901252,0.0739580020308494,0.0755209997296333,15024000.0,,,,,,,,,
AMZN,1997-06-25,0.0763019993901252,0.0763019993901252,0.0744789987802505,0.0755209997296333,42120000.0,,,,,,,,,
AMZN,1997-06-26,0.0760419964790344,0.0760419964790344,0.0752599984407424,0.0755209997296333,63792000.0,,,,,,,,,
AMZN,1997-06-27,0.0757810026407241,0.0757810026407241,0.0739580020308494,0.0744789987802505,23760000.0,76.74441487742912,,,,,,,,
AMZN,1997-06-30,0.0755209997296333,0.0799480006098747,0.0739580020308494,0.0770829990506172,54936000.0,69.46163829419247,,,,,,,,
AMZN,1997-07-01,0.0770829990506172,0.0770829990506172,0.0755209997296333,0.0757810026407241,25848000.0,69.5272793194056,,,,,,,,
AMZN,1997-07-02,0.0757810026407241,0.0796879976987838,0.0755209997296333,0.079426996409893,77640000.0,69.99724045404946,,,,,,,,
AMZN,1997-07-03,0.0799480006098747,0.0958330035209655,0.0796879976987838,0.0955730006098747,251544000.0,77.56797421976485,,,,,,,,
AMZN,1997-07-07,0.0916669964790344,0.1010420024394989,0.0916669964790344,0.1000000014901161,161064000.0,77.6214341781764,,,,,,,,
AMZN,1997-07-08,0.1020829975605011,0.1166670024394989,0.1020829975605011,0.1151039972901344,310344000.0,84.4844270628518,,,,,,,,
AMZN,1997-07-09,0.1151039972901344,0.1192710027098655,0.1135419979691505,0.1161459982395172,165240000.0,83.64536568893821,,,,,,,,
AMZN,1997-07-10,0.1166670024394989,0.1286460012197494,0.1166670024394989,0.1281249970197677,181032000.0,85.98960789092345,,,,,,,,
AMZN,1997-07-11,0.1260419934988021,0.1260419934988021,0.1104170009493827,0.1145830005407333,210624000.0,93.32230621951263,,,,,,,,
AMZN,1997-07-14,0.1161459982395172,0.1166670024394989,0.1057289987802505,0.1067709997296333,92088000.0,96.39377673046744,,,,,,,,
AMZN,1997-07-15,0.1067709997296333,0.1239579990506172,0.1067709997296333,0.1218750029802322,185496000.0,102.50217991141983,,,,,,,,
AMZN,1997-07-16,0.1223959997296333,0.1247399970889091,0.1151039972901344,0.1166670024394989,60480000.0,103.42158356805898,,,,,,,,
AMZN,1997-07-17,0.1171879991889,0.1171879991889,0.1078130006790161,0.1109379976987838,63384000.0,103.79395215969413,,,,,,,,
AMZN,1997-07-18,0.109375,0.1109379976987838,0.1078130006790161,0.1078130006790161,15600000.0,102.37079242034453,,,,,,,,
AMZN,1997-07-21,0.1088540032505989,0.109895996749401,0.1072919964790344,0.1091149970889091,11496000.0,100.753447652201,,,,,,,,
AMZN,1997-07-22,0.1083329990506172,0.109375,0.1031249985098838,0.1067709997296333,31272000.0,101.10253444021606,,,,,,,,
AMZN,1997-07-23,0.109375,0.1166670024394989,0.1088540032505989,0.1145830005407333,65184000.0,100.33357535464214,,,,,,,,
AMZN,1997-07-24,0.1151039972901344,0.1156250014901161,0.1109379976987838,0.1130210012197494,24336000.0,99.96565020910671,,,,,,,,
AMZN,1997-07-25,0.1109379976987838,0.1124999970197677,0.1109379976987838,0.1114580035209655,12408000.0,99.91686733452177,,,,,,,,
AMZN,1997-07-28,0.1114580035209655,0.1197919994592666,0.1109379976987838,0.1161459982395172,51480000.0,100.02046339977133,,,,,,,,
AMZN,1997-07-29,0.1182290017604827,0.125,0.1166670024394989,0.1239579990506172,96288000.0,100.96744392297705,,,,,,,,
AMZN,1997-07-30,0.125,0.1252599954605102,0.1213539987802505,0.1223959997296333,50352000.0,99.77320591474749,,,,,,,,
AMZN,1997-07-31,0.1218750029802322,0.1218750029802322,0.1166670024394989,0.1197919994592666,29088000.0,100.31136202661028,,,,,,,,
AMZN,1997-08-01,0.1171879991889,0.1208330020308494,0.1124999970197677,0.1208330020308494,71760000.0,100.22740706590064,,,,,,,,
AMZN,1997-08-04,0.1187499985098838,0.1205729991197586,0.1151039972901344,0.1156250014901161,53424000.0,101.70751944177276,,,,,,,,
AMZN,1997-08-05,0.1166670024394989,0.1166670024394989,0.1072919964790344,0.1104170009493827,60648000.0,102.81233195419033,,,,,,,,
AMZN,1997-08-06,0.1104170009493827,0.1156250014901161,0.109375,0.1124999970197677,24864000.0,102.8095195048121,,,,,,,,
AMZN,1997-08-07,0.1124999970197677,0.1130210012197494,0.1062500029802322,0.1088540032505989,40680000.0,103.61967436532538,,,,,,,,
AMZN,1997-08-08,0.1083329990506172,0.1151039972901344,0.1052080020308494,0.1145830005407333,44232000.0,104.16043319213992,,,,,,,,
AMZN,1997-08-11,0.1145830005407333,0.1166670024394989,0.1124999970197677,0.116406001150608,24792000.0,103.82700171533816,92.53545985236103,,,,,,,
AMZN,1997-08-12,0.1140630021691322,0.1151039972901344,0.109895996749401,0.109895996749401,11424000.0,105.72858885668673,89.57104694577079,,,,,,,
AMZN,1997-08-13,0.1114580035209655,0.1114580035209655,0.1083329990506172,0.109895996749401,11808000.0,105.43945068109275,89.51236532744267,,,,,,,
AMZN,1997-08-14,0.1088540032505989,0.1124999970197677,0.1059900000691413,0.1078130006790161,20832000.0,105.29548952433197,89.09329574702306,,,,,,,
AMZN,1997-08-15,0.1067709997296333,0.1078130006790161,0.0968749970197677,0.1057289987802505,31944000.0,91.57204738115657,84.29175211179174,,,,,,,
AMZN,1997-08-18,0.1026040017604827,0.1026040017604827,0.0984380021691322,0.1020829975605011,35688000.0,91.33785606591339,84.52165620138861,,,,,,,
AMZN,1997-08-19,0.1046880036592483,0.1104170009493827,0.1026040017604827,0.1083329990506172,20064000.0,83.19028368624886,84.14384667055248,,,,,,,
AMZN,1997-08-20,0.109375,0.109375,0.1036460027098655,0.1083329990506172,19992000.0,83.1274057419375,83.55558971055832,,,,,,,
AMZN,1997-08-21,0.1067709997296333,0.108594000339508,0.1036460027098655,0.1057289987802505,12480000.0,77.66260456089358,83.39612519090542,,,,,,,
AMZN,1997-08-22,0.1052080020308494,0.1062500029802322,0.1046880036592483,0.1062500029802322,14256000.0,70.99052471655132,83.2638404306874,,,,,,,
AMZN,1997-08-25,0.1052080020308494,0.1130210012197494,0.1052080020308494,0.1109379976987838,22536000.0,69.14211436699038,83.59147262988172,,,,,,,
AMZN,1997-08-26,0.1119790002703666,0.1177079975605011,0.1114580035209655,0.1171879991889,51480000.0,59.33175099717718,84.17522415471585,,,,,,,
AMZN,1997-08-27,0.1153649985790252,0.1161459982395172,0.1124999970197677,0.1158849969506263,27840000.0,58.04919966863002,84.05933613420203,,,,,,,
AMZN,1997-08-28,0.1151039972901344,0.1197919994592666,0.1140630021691322,0.1187499985098838,22944000.0,56.461871699415525,83.45876733952986,,,,,,,
AMZN,1997-08-29,0.1182290017604827,0.1187499985098838,0.1161459982395172,0.1169269979000091,14448000.0,55.96546709139098,82.07715570307506,,,,,,,
AMZN,1997-09-02,0.1171879991889,0.1187499985098838,0.1166670024394989,0.1177079975605011,14640000.0,55.9096934194097,80.96008563048879,,,,,,,
AMZN,1997-09-03,0.1171879991889,0.1208330020308494,0.1156250014901161,0.1166670024394989,39288000.0,55.54871250490947,80.97069068583973,,,,,,,
AMZN,1997-09-04,0.1182290017604827,0.127603992819786,0.1171879991889,0.127603992819786,66960000.0,57.786841424124525,81.47617253371563,,,,,,,
AMZN,1997-09-05,0.1291670054197311,0.1333329975605011,0.1229169964790344,0.125,38160000.0,58.00040838430598,81.37557022182553,,,,,,,
AMZN,1997-09-08,0.1265629976987838,0.1510419994592666,0.125,0.1500000059604644,112968000.0,77.52195690880507,88.66630443939077,,,,,,,
AMZN,1997-09-09,0.1570309996604919,0.1692710071802139,0.1513019949197769,0.161979004740715,179424000.0,79.43630596172973,89.55825733854508,,,,,,,
AMZN,1997-09-10,0.1656250059604644,0.1664060056209564,0.15625,0.1651040017604828,77328000.0,77.82115442256622,89.48596575284776,,,,,,,
AMZN,1997-09-11,0.1666669994592666,0.1666669994592666,0.1520829945802688,0.1578129976987838,85248000.0,79.1852109567897,89.51739905910033,,,,,,,
AMZN,1997-09-12,0.1593749970197677,0.1848960071802139,0.1578129976987838,0.1843750029802322,66672000.0,89.33885298937868,94.17872764825239,,,,,,,
AMZN,1997-09-15,0.1833329945802688,0.1838539987802505,0.1526039987802505,0.1546880006790161,111672000.0,104.9529628166584,101.91785058354237,,,,,,,
AMZN,1997-09-16,0.15625,0.1770830005407333,0.1559900045394897,0.1677079945802688,128640000.0,105.78339019242303,102.88897370959403,,,,,,,
AMZN,1997-09-17,0.1729169934988021,0.1749999970197677,0.1666669994592666,0.1703130006790161,52152000.0,104.32038923709754,102.69517624769217,,,,,,,
AMZN,1997-09-18,0.171875,0.1734379976987838,0.1640630066394806,0.1645829975605011,42576000.0,105.25633799982192,103.15578608072586,,,,,,,
AMZN,1997-09-19,0.1690099984407425,0.2041669934988021,0.1687500029802322,0.1973959952592849,178584000.0,115.10708291185927,108.75472862465239,,,,,,,
AMZN,1997-09-22,0.2000000029802322,0.2338539958000183,0.1973959952592849,0.2249999940395355,338760000.0,119.23471012363713,111.2118784292724,,,,,,,
AMZN,1997-09-23,0.224479004740715,0.2322919964790344,0.2197919934988021,0.2312500029802322,153648000.0,119.22544029555411,111.02480634048332,,,,,,,
AMZN,1997-09-24,0.2322919964790344,0.2406249940395355,0.2145829945802688,0.21875,164016000.0,119.11070865697042,112.01461185990047,,,,,,,
AMZN,1997-09-25,0.2171880006790161,0.2177080065011978,0.2026039958000183,0.2039059996604919,99360000.0,121.99336765971192,113.23791169488675,,,,,,,
AMZN,1997-09-26,0.2036460041999817,0.2130209952592849,0.2026039958000183,0.2083330005407333,54624000.0,121.41019276424976,113.06504650909216,,,,,,,
AMZN,1997-09-29,0.2072920054197311,0.2093749940395355,0.1979169994592666,0.2020830065011978,47424000.0,121.77581904236838,107.81237474147522,,,,,,,
AMZN,1997-09-30,0.2000000029802322,0.2174479961395263,0.190103992819786,0.2169270068407058,105096000.0,121.3618513811136,108.27176249673838,,,,,,,
AMZN,1997-10-01,0.2218749970197677,0.2249999940395355,0.1968750059604644,0.2010419964790344,99984000.0,124.34946883126148,106.44316867602728,,,,,,,
AMZN,1997-10-02,0.2020830065011978,0.208854004740715,0.1994789987802505,0.2005210071802139,37536000.0,124.3891085119834,106.47105963730779,,,,,,,
AMZN,1997-10-03,0.2041669934988021,0.2062499970197677,0.1989579945802688,0.2007810026407241,23280000.0,123.8064914349687,104.84872226079264,,,,,,,
AMZN,1997-10-06,0.2000000029802322,0.2062499970197677,0.1971350014209747,0.2062499970197677,40560000.0,123.71631439992534,101.92558303106362,,,,,,0.31,
AMZN,1997-10-07,0.2041669934988021,0.2093749940395355,0.2020830065011978,0.2028650045394897,34848000.0,124.04310054579358,100.6986863680171,100.422730738022,,,,,0.12,1.31
AMZN,1997-10-08,0.2072920054197311,0.2083330005407333,0.1992190033197403,0.2002599984407425,56136000.0,123.95045633547421,97.55693962998802,98.23513081780052,,,,,-0.05,1.45
AMZN,1997-10-09,0.2000000029802322,0.2010419964790344,0.1869789958000183,0.1875,79008000.0,126.05761811470944,98.1649375197689,98.88872312498152,,,,,-0.18,1.38
AMZN,1997-10-10,0.1864580065011978,0.203125,0.1833329945802688,0.1950519979000091,75744000.0,126.22018766580038,97.61266307694117,98.6671546354063,,,,,-0.32,1.38
AMZN,1997-10-13,0.1963540017604828,0.2020830065011978,0.1963540017604828,0.2000000029802322,16296000.0,125.87304089607811,97.33979741082925,95.9191728709315,,,,,-0.43,1.49
AMZN,1997-10-14,0.203125,0.2052080035209655,0.1916670054197311,0.1989579945802688,30936000.0,126.0122122944309,97.39092228993623,95.81109579705576,,,,,-0.54,1.5
AMZN,1997-10-15,0.1984380036592483,0.1984380036592483,0.1885419934988021,0.1960940062999725,47112000.0,126.12484184638288,97.30169773180845,95.38074790750119,,,,,-0.64,1.61
AMZN,1997-10-16,0.1989579945802688,0.1989579945802688,0.1802079975605011,0.1812500059604644,69624000.0,127.17097716718624,98.14620520961464,96.1315448502733,,,,,-0.72,1.57
AMZN,1997-10-17,0.1807290017604828,0.1828130036592483,0.1760420054197311,0.1812500059604644,50688000.0,126.85570116956626,98.05883550734698,95.90835123502409,,,,,-0.78,1.6
AMZN,1997-10-20,0.1838539987802505,0.1937499940395355,0.1833329945802688,0.1911460012197494,98256000.0,116.95766421107278,98.38517033022237,96.07671321068109,,,,,-0.86,1.53
AMZN,1997-10-21,0.1979169994592666,0.2218749970197677,0.1927080005407333,0.221353992819786,241920000.0,122.16621744508114,102.16503564917738,98.49577913274443,,,,,-0.91,1.28
AMZN,1997-10-22,0.2208330035209655,0.2309899926185608,0.21875,0.2260420024394989,104160000.0,122.17883127412637,101.56086586048212,98.50683103484766,,,,,-0.95,1.27
AMZN,1997-10-23,0.2114579975605011,0.2281250059604644,0.2093749940395355,0.2249999940395355,113136000.0,121.13512248974831,101.49734931198284,98.40653005687024,,,,,-1.0,1.28
AMZN,1997-10-24,0.2374999970197677,0.2531250119209289,0.2270829975605011,0.2513020038604736,189840000.0,117.13063001327883,103.33012520466345,99.26947361922196,,,,,-0.94,1.13
AMZN,1997-10-27,0.240104004740715,0.2505210041999817,0.2114579975605011,0.2135419994592666,121824000.0,115.41948426593187,109.39011130869993,102.42634042354337,,,,,-1.0,1.25
AMZN,1997-10-28,0.1958329975605011,0.25,0.1937499940395355,0.2473960071802139,234384000.0,120.41275681251157,112.37070600844083,104.26369731707341,,,,,-1.0,1.12
AMZN,1997-10-29,0.2572920024394989,0.2750000059604645,0.25,0.2695310115814209,142536000.0,122.24609706213236,112.67219465343898,104.93081210451965,,,,,-0.88,1.01
AMZN,1997-10-30,0.2604170143604278,0.2677080035209656,0.2520830035209656,0.2562499940395355,95400000.0,122.90972290981215,113.46231331206292,104.71057928685153,,,,,-0.88,1.03
AMZN,1997-10-31,0.2682290077209472,0.2729170024394989,0.2484380006790161,0.2541669905185699,100536000.0,112.3536449655646,113.14016911608495,104.5788111255221,,,,,-0.9,1.05
AMZN,1997-11-03,0.2609379887580871,0.2609379887580871,0.2473960071802139,0.2536459863185882,39984000.0,106.20026483917783,112.91981745339892,104.50633696129555,,,,,-0.93,1.07
AMZN,1997-11-04,0.25,0.2526040077209472,0.2411459982395172,0.2479169964790344,47304000.0,106.23645730402114,113.15996400865063,104.57640534323565,,,,,-0.98,1.06
AMZN,1997-11-05,0.2489580065011978,0.2559899985790252,0.2437500059604644,0.2437500059604644,61872000.0,104.99012158233856,112.38824603965179,104.63467472147711,,,,,-1.03,1.06
AMZN,1997-11-06,0.2458329945802688,0.2458329945802688,0.2317710071802139,0.2330729961395263,58272000.0,103.68375760492926,112.98752918359784,104.64529189796292,,,,,-1.09,1.06
AMZN,1997-11-07,0.2208330035209655,0.2320310026407241,0.2192710041999817,0.2239580005407333,52536000.0,104.33191448497514,113.31560596233763,104.95386363244347,,,,,-1.13,1.03
AMZN,1997-11-10,0.2249999940395355,0.2281250059604644,0.2104170024394989,0.2104170024394989,55296000.0,105.60751523712703,114.16470403282133,105.58336842741897,,,,,-1.17,0.96
AMZN,1997-11-11,0.212239995598793,0.2156250029802322,0.1958329975605011,0.1973959952592849,86256000.0,105.1184414677796,114.81674228912222,106.23705828073393,,,,,-1.19,0.9
AMZN,1997-11-12,0.1888020038604736,0.2093749940395355,0.1833329945802688,0.1885419934988021,173664000.0,103.65424137157271,114.94777499260461,106.517831129355,,,,,-1.21,0.88
AMZN,1997-11-13,0.1973959952592849,0.1984380036592483,0.1885419934988021,0.1929689943790435,85800000.0,103.9138604335504,114.96653713140743,106.5402691883164,,,,,-1.22,0.87
AMZN,1997-11-14,0.1968750059604644,0.2104170024394989,0.1890629976987838,0.2083330005407333,117384000.0,106.3402314115194,115.55288494100076,107.06136615680477,,,,,-1.25,0.78
AMZN,1997-11-17,0.2114579975605011,0.2270829975605011,0.2109380066394806,0.21875,147888000.0,106.98726785561597,115.79887250888099,107.22370492423804,,,,,-1.29,0.75
AMZN,1997-11-18,0.21875,0.2239580005407333,0.2171880006790161,0.2208330035209655,37320000.0,106.8618314071981,115.61760039686813,107.1517756081183,,,,,-1.33,0.75
AMZN,1997-11-19,0.2203129976987838,0.2260420024394989,0.2156250029802322,0.2255209982395172,50688000.0,106.87967459545999,115.283525404167,107.09818062677829,,,,,-1.37,0.76
AMZN,1997-11-20,0.2286459952592849,0.2302079945802688,0.2255209982395172,0.2291669994592666,118464000.0,104.84841261899074,115.19566532050209,107.00853745958302,,,,,-1.41,0.76
AMZN,1997-11-21,0.2276040017604828,0.2291669994592666,0.224479004740715,0.224479004740715,52056000.0,104.66264312408062,115.34790175498986,106.96936934837815,,,,,-1.45,0.79
AMZN,1997-11-24,0.21875,0.2208330035209655,0.2114579975605011,0.2114579975605011,40392000.0,106.10478029465523,116.1300182532954,103.80700240945244,,,,,-1.47,0.82
AMZN,1997-11-25,0.2119790017604828,0.2166669964790344,0.2020830065011978,0.2101559937000274,66096000.0,106.11066355933225,116.17497872869795,103.65715277789191,,,,,-1.48,0.85
AMZN,1997-11-26,0.2119790017604828,0.2205729931592941,0.2119790017604828,0.2130209952592849,32616000.0,106.04699159485386,116.11297542967944,101.4384427779298,,,,,-1.48,1.04
AMZN,1997-11-28,0.2135419994592666,0.2166669964790344,0.205728992819786,0.2062499970197677,32064000.0,103.77710974776076,115.22911609267217,101.6206761045058,,,,,-1.48,1.03
AMZN,1997-12-01,0.2119790017604828,0.21875,0.2067710012197494,0.2135419994592666,47664000.0,104.13973414584743,115.20036899313439,100.64665390477452,,,,,-1.49,1.16
AMZN,1997-12-02,0.2130209952592849,0.2151039987802505,0.208854004740715,0.2117190062999725,25248000.0,103.21578392672026,109.42612402564198,98.91642595507699,,,,,-1.48,1.29
AMZN,1997-12-03,0.2098959982395172,0.21875,0.2093749940395355,0.2182289958000183,25800000.0,94.29811409672499,108.54683823506413,98.21789940912632,,,,,-1.48,1.36
AMZN,1997-12-04,0.2200520038604736,0.2276040017604828,0.2192710041999817,0.2249999940395355,60768000.0,94.52841213102805,108.63584200325877,96.22532764549744,,,,,-1.47,1.58
AMZN,1997-12-05,0.2218749970197677,0.2296880036592483,0.2177080065011978,0.2296880036592483,53232000.0,94.70769833334802,108.16982703755204,95.91907896332302,,,,,-1.47,1.61
AMZN,1997-12-08,0.2270829975605011,0.2385420054197311,0.2260420024394989,0.2354169934988021,95328000.0,89.157649050872,103.68605627679644,95.52011036840757,,,,,-1.45,1.66
AMZN,1997-12-09,0.2333330065011978,0.2385420054197311,0.2302079945802688,0.234375,26640000.0,75.06220489965438,96.72017363958639,95.36465223699896,,,,,-1.44,1.68
AMZN,1997-12-10,0.2291669994592666,0.2312500029802322,0.2197919934988021,0.2255209982395172,28896000.0,62.30343513213351,95.91473770314727,95.64421720687203,,,,,-1.41,1.64
AMZN,1997-12-11,0.2197919934988021,0.2416670024394989,0.2197919934988021,0.234375,100296000.0,57.798953606957724,96.13901508800033,95.65760509248099,,,,,-1.39,1.62
AMZN,1997-12-12,0.2322919964790344,0.240104004740715,0.2203129976987838,0.2270829975605011,53448000.0,56.74452368893213,96.0945386398983,95.3264913238517,,,,,-1.36,1.71
AMZN,1997-12-15,0.2291669994592666,0.2333330065011978,0.2203129976987838,0.2291669994592666,33888000.0,56.85636361702181,88.79190404764296,95.27000990264322,,,,,-1.33,1.71
AMZN,1997-12-16,0.2322919964790344,0.2322919964790344,0.2229170054197311,0.2229170054197311,33744000.0,57.28410143541345,84.85706604404831,95.3718644068195,,,,,-1.28,1.7
AMZN,1997-12-17,0.21875,0.2229170054197311,0.2127600014209747,0.2195309996604919,122808000.0,57.11347387999881,84.71599749964173,95.27683383770263,,,,,-1.24,1.73
AMZN,1997-12-18,0.2177080065011978,0.221353992819786,0.2114579975605011,0.2145829945802688,64080000.0,57.25315246853958,84.07594666652652,94.9187264597974,,,,,-1.18,1.82
AMZN,1997-12-19,0.2114579975605011,0.2260420024394989,0.2083330005407333,0.2249999940395355,95064000.0,57.81263141016477,83.3498652461693,95.10502653095332,,,,,-1.13,1.77
AMZN,1997-12-22,0.2249999940395355,0.2390629947185516,0.2216150015592575,0.2348960041999817,87048000.0,57.982845726106426,83.68555923374541,95.18028043257814,,,,,-1.07,1.73
AMZN,1997-12-23,0.234375,0.236978992819786,0.2312500029802322,0.2312500029802322,23544000.0,55.00950743757135,83.49497632496437,95.24593470022498,,,,,-1.01,1.73
AMZN,1997-12-24,0.2312500029802322,0.2354169934988021,0.2234379947185516,0.2302079945802688,46728000.0,51.28894019820538,82.26852475843471,94.91804249047658,,,,,-0.93,1.78
AMZN,1997-12-26,0.2281250059604644,0.2322919964790344,0.224479004740715,0.2260420024394989,9744000.0,49.4945474830237,80.7965344885757,94.62506985092242,,,,,-0.85,1.82
AMZN,1997-12-29,0.2291669994592666,0.2390629947185516,0.2265630066394806,0.2374999970197677,51048000.0,50.85073780262397,81.37327588777757,94.84613628327998,,,,,-0.77,1.77
AMZN,1997-12-30,0.2416670024394989,0.2453130036592483,0.2390629947185516,0.2424480020999908,125712000.0,46.594312740060246,81.45413395152089,94.64606043031941,,,,,-0.68,1.79
AMZN,1997-12-31,0.2437500059604644,0.2520830035209656,0.2421880066394806,0.2510420083999634,88920000.0,45.621208018326506,81.56942163658631,94.49039789158617,,,,,-0.58,1.83
AMZN,1998-01-02,0.25,0.25,0.2398439943790435,0.2479169964790344,33216000.0,45.861458502289956,81.53182855632497,94.53669901924384,,,,,-0.48,1.82
AMZN,1998-01-05,0.2442709952592849,0.2468750029802322,0.2354169934988021,0.2374999970197677,71808000.0,47.49797902444577,82.01789176023313,94.30856163192868,,,,,-0.37,1.86
AMZN,1998-01-06,0.2348960041999817,0.2437500059604644,0.2333330065011978,0.2419269979000091,83496000.0,47.5668000120367,80.8135716803968,94.31571712504291,,,,,-0.25,1.85
AMZN,1998-01-07,0.2416670024394989,0.2416670024394989,0.2346349954605102,0.2390629947185516,54504000.0,47.27399048302996,80.54229310559093,94.2699664433953,,,,,-0.12,1.86
AMZN,1998-01-08,0.2348960041999817,0.2351559996604919,0.2265630066394806,0.2307289987802505,120312000.0,44.982156595756116,80.80198043526558,94.42237255743358,,,,,0.02,1.83
AMZN,1998-01-09,0.2333330065011978,0.2333330065011978,0.2114579975605011,0.2130209952592849,132864000.0,50.94781652488371,82.53101952371547,95.20409804252213,,,,,0.14,1.73
AMZN,1998-01-12,0.2083330005407333,0.2192710041999817,0.2072920054197311,0.2151039987802505,148032000.0,50.874676105863216,82.48430118774513,94.83842667115692,,,,,0.3,1.81
AMZN,1998-01-13,0.2171880006790161,0.2333330065011978,0.2161460071802139,0.2322919964790344,146424000.0,54.50141817007568,82.18078048249961,95.47986224454948,,,,,0.46,1.68
AMZN,1998-01-14,0.2328130006790161,0.2437500059604644,0.2312500029802322,0.2437500059604644,170112000.0,55.29192773909246,82.66823902293112,95.55554599733156,,,,,0.58,1.65
AMZN,1998-01-15,0.2395830005407333,0.2505210041999817,0.2395830005407333,0.2476560026407241,120288000.0,55.24744460867454,82.09054376002257,95.5613938725401,,,,,0.68,1.65
AMZN,1998-01-16,0.2479169964790344,0.2489580065011978,0.2385420054197311,0.2395830005407333,51264000.0,55.80298996424633,76.87356515242344,95.62363890488447,,,,,0.81,1.66
AMZN,1998-01-20,0.2411459982395172,0.2505210041999817,0.2406249940395355,0.2476560026407241,109344000.0,55.918387266750344,77.0468533497376,95.4135589604945,,,,,0.96,1.7
AMZN,1998-01-21,0.2468750029802322,0.2583329975605011,0.2437500059604644,0.2536459863185882,174768000.0,56.01510797508406,77.17132841358915,95.40139954267968,,,,,1.07,1.69
AMZN,1998-01-22,0.2536459863185882,0.2635419964790344,0.2510420083999634,0.2567709982395172,189432000.0,55.71944775030342,73.82187640823525,95.36708017529119,,,,,1.17,1.7
AMZN,1998-01-23,0.267188012599945,0.267188012599945,0.2468750029802322,0.2468750029802322,182376000.0,57.01921677990478,66.09588467388879,95.58932245084402,,,,,1.21,1.67
AMZN,1998-01-26,0.2489580065011978,0.2494789958000183,0.236978992819786,0.2406249940395355,94248000.0,56.34813876693894,59.04446442529897,95.73375017525696,,,,,1.16,1.65
AMZN,1998-01-27,0.2408850044012069,0.2432290017604828,0.2333330065011978,0.2374999970197677,82080000.0,55.43250458162279,56.29435728636126,95.75391510613119,,,,,0.88,1.65
AMZN,1998-01-28,0.2374999970197677,0.2416670024394989,0.2312500029802322,0.2385420054197311,105864000.0,54.599516731439444,55.39460378844644,94.83620184270234,,,,,0.68,1.82
AMZN,1998-01-29,0.2395830005407333,0.2494789958000183,0.2390629947185516,0.2479169964790344,96720000.0,55.60655111098923,55.96780529702846,94.87451968775663,,,,,0.02,1.79
AMZN,1998-01-30,0.25,0.2531250119209289,0.2442709952592849,0.2458329945802688,74448000.0,54.97289086017445,55.9911018779385,90.63161463037149,,,,,-0.06,1.88
AMZN,1998-02-02,0.2473960071802139,0.2604170143604278,0.2468750029802322,0.2598960101604461,138264000.0,56.707894559558326,56.95611850357015,90.26527272440944,90.44032521973129,,,,-0.04,1.94
AMZN,1998-02-03,0.2593750059604645,0.262499988079071,0.2546879947185516,0.2575519979000091,88584000.0,56.247484353100674,56.874057474031815,90.26180015851786,89.12835936618664,,,,-0.0,1.95
AMZN,1998-02-04,0.2531250119209289,0.2593750059604645,0.2526040077209472,0.2531250119209289,24696000.0,55.2354140254465,56.206023649657475,89.9801349116055,89.14550273184055,,,,-0.1,2.0
AMZN,1998-02-05,0.2557289898395538,0.2557289898395538,0.2437500059604644,0.2468750029802322,116640000.0,54.56459471462682,55.82054081029848,86.78414311355648,89.026621408518,,,,-0.01,2.21
AMZN,1998-02-06,0.2463539987802505,0.2510420083999634,0.2437500059604644,0.2453130036592483,42456000.0,54.37464069895576,54.23572645102017,81.94828410652039,87.41342885283503,,,,-0.3,2.01
AMZN,1998-02-09,0.2458329945802688,0.2479169964790344,0.2385420054197311,0.2427079975605011,52536000.0,54.467696543426726,52.520993625186094,81.06495980553288,87.37042638472859,,,,-0.36,2.22
AMZN,1998-02-10,0.2437500059604644,0.2658849954605102,0.2416670024394989,0.2651039958000183,245928000.0,59.57521435071016,54.30436838358792,82.1506010660083,87.5622661262461,,,,-0.45,1.99
AMZN,1998-02-11,0.2645829916000366,0.2731769979000091,0.2640630006790161,0.2645829916000366,129480000.0,58.11111937726188,54.202283304341535,81.92360005746818,87.3891677134898,,,,-0.78,2.03
AMZN,1998-02-12,0.2635419964790344,0.2651039958000183,0.2593750059604645,0.2630209922790527,60720000.0,57.94450803416075,52.162763296537825,76.86021472756612,87.2717476222568,,,,-0.75,1.71
AMZN,1998-02-13,0.262499988079071,0.2635419964790344,0.2572920024394989,0.2593750059604645,168408000.0,57.316565416785146,51.43555854353533,74.10934255162189,87.26014720146338,,,,-0.79,1.9
AMZN,1998-02-17,0.2609379887580871,0.2609379887580871,0.2536459863185882,0.2572920024394989,47520000.0,57.238987110373095,51.46447666866626,74.0066711961606,87.26952038240823,,,,-0.83,1.93
AMZN,1998-02-18,0.2572920024394989,0.2572920024394989,0.2526040077209472,0.2536459863185882,59424000.0,55.90474098777995,51.43183689114299,73.49075262049298,87.30529169324193,,,,-0.85,2.04
AMZN,1998-02-19,0.2554689943790436,0.2645829916000366,0.2541669905185699,0.26145800948143,88728000.0,56.30924496001778,51.68183556821796,72.7218209153285,87.28741793984703,,,,-0.84,2.17
AMZN,1998-02-20,0.26145800948143,0.2645829916000366,0.2557289898395538,0.2635419964790344,54072000.0,56.15884767773941,51.47335211817703,72.66355060850422,87.08295197047565,,,,-0.83,2.19
AMZN,1998-02-23,0.2645829916000366,0.2708329856395721,0.2604170143604278,0.2703129947185516,79560000.0,55.27420299238989,49.998772770011215,72.56226287340623,86.62408253555662,,,,-0.79,2.2
AMZN,1998-02-24,0.2708329856395721,0.2838540077209472,0.2677080035209656,0.2703129947185516,278904000.0,49.08588088307436,49.96060001863759,71.739869298522,86.28454684510787,,,,-0.79,2.41
AMZN,1998-02-25,0.2734380066394806,0.27708300948143,0.2630209922790527,0.2744790017604828,134904000.0,49.12998530258927,49.975900084621905,70.66116610671308,86.27877597394769,,,,-0.73,2.62
AMZN,1998-02-26,0.2731769979000091,0.3041670024394989,0.2718749940395355,0.3031249940395355,307464000.0,52.187070096544296,53.0483538794096,72.28337305939908,86.56480825997849,,,,-0.19,2.31
AMZN,1998-02-27,0.3010419905185699,0.3317709863185882,0.299219012260437,0.3208329975605011,494136000.0,52.80751754314246,53.738472744008114,72.76290365174572,86.66462339322798,,,,0.78,2.18
AMZN,1998-03-02,0.3161459863185882,0.3218750059604645,0.3125,0.3177079856395721,219144000.0,53.046897046804794,53.75387199935409,72.71107853343258,86.60674452726803,,9.72,6.0,1.11,2.2
AMZN,1998-03-03,0.3145830035209656,0.3156250119209289,0.2979170083999634,0.2989580035209656,160320000.0,55.47797993591441,55.27286168818706,73.37137533619624,86.95127825218218,,9.93,9.0,1.01,2.07
AMZN,1998-03-04,0.3000000119209289,0.309374988079071,0.2916670143604278,0.3059900104999542,146280000.0,55.15197758554024,55.15011518917454,73.38522958367794,86.95542723344775,,10.14,10.0,0.95,2.05
AMZN,1998-03-05,0.2989580035209656,0.325780987739563,0.296875,0.3125,240024000.0,55.082533303094316,55.1553525093423,72.56489055713888,86.75288389959834,,10.35,5.0,0.96,2.21
AMZN,1998-03-06,0.3151040077209472,0.3208329975605011,0.3072920143604278,0.3197920024394989,117744000.0,55.26182859503952,55.13256959434536,72.41352314420982,86.76974517903643,,10.55,4.0,1.0,2.25
AMZN,1998-03-09,0.3203130066394806,0.3572919964790344,0.3197920024394989,0.3479169905185699,461112000.0,57.75526589622395,57.42771109271866,73.43570399751934,87.2320651175024,,10.74,13.0,1.59,2.04
AMZN,1998-03-10,0.356249988079071,0.3677079975605011,0.345313012599945,0.3462890088558197,495000000.0,56.899299645029444,56.70720319370529,73.43376316334414,87.24571179514338,,10.92,13.0,1.77,2.04
AMZN,1998-03-11,0.3416669964790344,0.34375,0.3260419964790344,0.3317709863185882,246984000.0,58.670818926736445,57.233448041824154,73.76751085307322,87.40410558366293,,11.08,16.0,1.6,1.97
AMZN,1998-03-12,0.328125,0.3380210101604461,0.3213540017604828,0.3270829916000366,195984000.0,59.1035613399909,56.85804050347906,72.59995833040428,87.44449327600476,,11.26,7.0,1.43,2.16
AMZN,1998-03-13,0.3317709863185882,0.3369790017604828,0.32395800948143,0.3278650045394897,130464000.0,58.540056156537204,56.85937707011908,72.59600521467966,87.44181893310846,,11.43,7.0,1.25,2.16
AMZN,1998-03-16,0.3315100073814392,0.3364579975605011,0.3291670083999634,0.3291670083999634,66240000.0,58.32305660590236,56.428448917694794,72.2002366221518,87.43787160766942,,11.6,3.0,1.06,2.28
AMZN,1998-03-17,0.3322919905185699,0.3343749940395355,0.3244790136814117,0.3328129947185516,62016000.0,56.682384561925126,56.25163650104634,68.56260208969482,87.39901319508945,,11.82,1.0,0.84,2.33
AMZN,1998-03-18,0.3302080035209656,0.3572919964790344,0.3302080035209656,0.3554689884185791,273192000.0,58.813774476350076,57.17678819681924,69.21138671680713,87.61032335290135,,12.01,2.0,0.8,2.17
AMZN,1998-03-19,0.3557290136814117,0.3645829856395721,0.3489579856395721,0.3499999940395355,242304000.0,58.740073369702394,56.796692958091434,69.26954853349827,87.60423322132031,,12.2,3.0,0.65,2.15
AMZN,1998-03-20,0.3499999940395355,0.3536460101604461,0.3463540077209472,0.3499999940395355,128256000.0,57.85616377420669,56.3248695893366,67.14842212530229,87.48993900878945,,12.41,1.0,0.5,2.43
AMZN,1998-03-23,0.3481769859790802,0.3531250059604645,0.3447920083999634,0.3492189943790436,60096000.0,57.75726932306946,56.165025952913524,61.6487261423759,84.93036733108256,,12.69,1.0,0.35,1.1
AMZN,1998-03-24,0.34375,0.3614580035209656,0.34375,0.3510420024394989,113616000.0,57.40321228141359,56.11616210184237,57.27521386000348,84.80968095215114,,13.04,1.0,0.19,0.08
AMZN,1998-03-25,0.3541670143604278,0.3572919964790344,0.3375000059604645,0.3403649926185608,225792000.0,53.98783629877097,56.41805801435957,55.992157783563215,83.42029190312952,,13.39,1.0,0.04,0.13
AMZN,1998-03-26,0.340624988079071,0.3489579856395721,0.3312500119209289,0.3447920083999634,157560000.0,53.91348342763694,55.731806358349914,55.369827607284435,83.4235478317656,,13.73,1.0,-0.11,0.19
AMZN,1998-03-27,0.3510420024394989,0.3630209863185882,0.3447920083999634,0.3541670143604278,152928000.0,53.970513675857624,55.81480277341433,55.46930224942227,82.73886018864931,,14.04,2.0,-0.23,0.15
AMZN,1998-03-30,0.3578130006790161,0.3645829856395721,0.3546879887580871,0.3578130006790161,110016000.0,53.49382515244625,55.50483409139395,55.47334000213537,81.55343740950364,,14.34,3.0,-0.34,0.15
AMZN,1998-03-31,0.3557290136814117,0.3604170083999634,0.3489579856395721,0.3563799858093261,131304000.0,53.38297781717528,55.41142090042409,55.32654975126705,81.0480292461878,,14.61,1.0,-0.45,0.17
AMZN,1998-04-01,0.35520800948143,0.376563012599945,0.3501299917697906,0.3755210041999817,289032000.0,54.142082152686164,55.25358592663373,55.76168130968014,79.84639294123642,,14.85,5.0,-0.49,0.09
AMZN,1998-04-02,0.3796879947185516,0.403124988079071,0.3739579916000366,0.3960939943790436,332856000.0,55.179651075882596,56.0025873575539,55.73750905102902,79.81750234517244,,15.07,5.0,-0.39,0.06
AMZN,1998-04-03,0.4010420143604278,0.4015629887580871,0.3843750059604645,0.387499988079071,233880000.0,56.1287159408828,56.19386672831453,55.438957206348086,79.6016211834257,,15.27,3.0,-0.42,0.1
AMZN,1998-04-06,0.3927080035209656,0.3947919905185699,0.3677079975605011,0.3692710101604461,220488000.0,58.69293507163853,56.672404763983764,55.04142681998392,79.75849708799133,,15.45,1.0,-0.52,0.09
AMZN,1998-04-07,0.3625000119209289,0.3635419905185699,0.3531250059604645,0.3583329916000366,232680000.0,59.79249336486393,54.248735354916214,54.2100563966575,79.87540929421976,,15.63,1.0,-0.63,0.11
AMZN,1998-04-08,0.3598960041999817,0.3739579916000366,0.356249988079071,0.3692710101604461,226296000.0,60.07179763124992,54.425576563857604,53.699261015875855,79.8519157777804,,15.79,1.0,-0.72,0.15
AMZN,1998-04-09,0.3848960101604461,0.4000000059604645,0.3817709982395172,0.3968749940395355,320688000.0,56.99529357151746,54.1791009951203,54.63379637307525,79.86870283161642,,15.91,3.0,-0.72,0.05
AMZN,1998-04-13,0.3953129947185516,0.4010420143604278,0.3833329975605011,0.392969012260437,219600000.0,55.39003618437053,53.68797839193697,53.551870919535425,79.85604629406828,,16.03,1.0,-0.76,0.15
AMZN,1998-04-14,0.3911460041999817,0.4161460101604461,0.3885419964790344,0.4049479961395263,326472000.0,55.55818237864902,53.855050049713746,53.25531825816064,79.86384018642623,,16.13,1.0,-0.76,0.21
AMZN,1998-04-15,0.4083330035209656,0.4166670143604278,0.3937500119209289,0.4005210101604461,223848000.0,51.94642050846271,53.31755657772078,53.321939721531365,79.7894521765227,,16.21,2.0,-0.81,0.2
AMZN,1998-04-16,0.4005210101604461,0.4138019979000091,0.388280987739563,0.4104169905185699,324888000.0,51.97365266176147,53.175468643781656,53.34910494412415,79.51627894101001,,16.28,3.0,-0.82,0.19
AMZN,1998-04-17,0.3992190062999725,0.4052079916000366,0.3937500119209289,0.3953129947185516,140712000.0,53.61511023365077,53.89578631103365,53.767613006751546,79.65530021638354,,16.32,6.0,-0.89,0.14
AMZN,1998-04-20,0.3973959982395172,0.4145829975605011,0.390625,0.3927080035209656,179592000.0,53.57246382539225,53.961822305303585,53.63993394134844,79.60102379301263,,16.34,5.0,-0.96,0.16
AMZN,1998-04-21,0.3968749940395355,0.3973959982395172,0.3796879947185516,0.3877600133419037,167088000.0,48.5252340524026,53.25560813378396,52.69226794007184,79.63327670518147,,16.42,1.0,-1.03,0.22
AMZN,1998-04-22,0.3885419964790344,0.3901039958000183,0.3625000119209289,0.3635419905185699,226032000.0,52.35846965739791,54.86001185803636,53.837815992375226,79.85224332702981,,16.46,9.0,-1.1,0.17
AMZN,1998-04-23,0.3625000119209289,0.3625000119209289,0.3354170024394989,0.3375000059604645,245064000.0,55.39045735616648,57.19804685325079,55.290382836369275,80.18263617674418,,16.49,13.0,-1.13,0.15
AMZN,1998-04-24,0.3416669964790344,0.3656249940395355,0.33958300948143,0.3536460101604461,335712000.0,56.775490078137466,57.806619262845835,55.371014512318276,80.31263355293802,,16.51,16.0,-1.18,0.12
AMZN,1998-04-27,0.3473959863185882,0.3526040017604828,0.3213540017604828,0.3447920083999634,377712000.0,57.35106535208795,57.77985230377536,55.38197788783713,80.2653386346121,,16.53,17.0,-1.22,0.13
AMZN,1998-04-28,0.3869790136814117,0.4145829975605011,0.3710939884185791,0.3984380066394806,1391880000.0,70.75778874118667,64.34373793588841,59.617675523724635,81.74584104742009,,16.5,25.0,-1.26,1.18
AMZN,1998-04-29,0.4052079916000366,0.4109379947185516,0.3901039958000183,0.3979170024394989,633144000.0,70.77757189003104,63.599145236164034,59.50529443509234,81.74477558368572,,16.48,25.0,-1.3,1.23
AMZN,1998-04-30,0.40625,0.4083330035209656,0.3770830035209656,0.3822920024394989,449712000.0,69.63585317591917,64.24951707558351,59.81878512643044,81.57687310672902,,16.47,27.0,-1.34,1.21
AMZN,1998-05-01,0.38645800948143,0.3963539898395538,0.3770830035209656,0.3937500119209289,186144000.0,69.8512038330179,64.22219740067929,59.89354788550486,81.61640102738494,,16.45,28.0,-1.38,1.19
AMZN,1998-05-04,0.3958329856395721,0.3994790017604828,0.3890630006790161,0.3968749940395355,154704000.0,69.85016840584048,63.86698155708485,59.81553080671962,81.55676540579431,,16.43,27.0,-1.41,1.22
AMZN,1998-05-05,0.3916670083999634,0.3979170024394989,0.3880209922790527,0.3904950022697449,119976000.0,70.07883415591064,63.992835321640875,59.89304143320424,81.54240358465866,,16.4,29.0,-1.44,1.21
AMZN,1998-05-06,0.3916670083999634,0.3916670083999634,0.3755210041999817,0.376563012599945,148776000.0,71.03000916062055,64.52208245436432,59.85363128250686,81.55157744794278,,16.36,29.0,-1.47,1.22
AMZN,1998-05-07,0.3791669905185699,0.387499988079071,0.3677079975605011,0.3791669905185699,277752000.0,70.33487076157265,62.2780650582212,59.614728168942854,81.31498076584685,,16.32,26.0,-1.49,1.3
AMZN,1998-05-08,0.3802079856395721,0.38645800948143,0.3729169964790344,0.3848960101604461,95856000.0,70.36132171573689,62.28282352250771,59.348509112265624,81.3162705428507,,16.28,25.0,-1.52,1.33
AMZN,1998-05-11,0.3872399926185608,0.387499988079071,0.3604170083999634,0.3619790077209472,227448000.0,72.4522147869537,63.765312618942325,60.28035564887039,81.6351325454061,,16.21,34.0,-1.53,1.22
AMZN,1998-05-12,0.3656249940395355,0.3830730020999908,0.360938012599945,0.3807289898395538,232728000.0,73.83797663713645,64.29898244749364,60.49326740891971,81.7980531238134,,16.14,35.0,-1.54,1.12
AMZN,1998-05-13,0.3770830035209656,0.3916670083999634,0.3739579916000366,0.3869790136814117,278880000.0,73.92695050300547,64.2586996583967,60.4264709235376,81.69284983475612,,16.06,35.0,-1.56,1.12
AMZN,1998-05-14,0.3833329975605011,0.3942709863185882,0.3791669905185699,0.3815099895000458,172008000.0,72.55264712974156,64.25815848249654,60.33901372431141,81.5316162415095,,15.98,35.0,-1.57,1.13
AMZN,1998-05-15,0.3828130066394806,0.3854170143604278,0.3729169964790344,0.3734380006790161,92568000.0,71.04290986029626,64.32336464072459,60.118095046315624,81.57179977176327,83.14384609554611,15.89,34.0,-1.58,1.23
AMZN,1998-05-18,0.375,0.3776040077209472,0.3614580035209656,0.3669269979000091,132360000.0,70.94783009778226,64.5020118717651,59.91331136170567,81.59331396751993,82.15002797456089,15.8,34.0,-1.58,1.32
AMZN,1998-05-19,0.3734380006790161,0.3776040077209472,0.371874988079071,0.376563012599945,68472000.0,69.98388122309352,64.50940335383032,59.921636676057155,81.58505368290734,82.15510805674425,15.69,35.0,-1.57,1.29
AMZN,1998-05-20,0.376563012599945,0.3812499940395355,0.3677079975605011,0.3692710101604461,80976000.0,69.64838574133194,64.7051186425104,60.02909359767342,81.64325976226516,82.04466852829728,15.58,36.0,-1.57,1.27
AMZN,1998-05-21,0.3729169964790344,0.375,0.3638019859790802,0.3697920143604278,68064000.0,69.10224955786323,64.67515481674505,59.91846242814767,81.62530102395344,80.79369015864027,15.46,35.0,-1.56,1.28
AMZN,1998-05-22,0.3682290017604828,0.3692710101604461,0.356249988079071,0.3583329916000366,117240000.0,66.17699479974988,62.02905369498237,59.764703439884784,81.14370578720539,80.832365778426,15.34,29.0,-1.54,1.37
AMZN,1998-05-26,0.358594000339508,0.3619790077209472,0.3369790017604828,0.3411459922790527,217680000.0,67.47688572430573,61.88989244672848,60.298125826509754,81.34416642771932,80.75475078957125,15.2,41.0,-1.51,1.31
AMZN,1998-05-27,0.3348959982395172,0.3640629947185516,0.3322919905185699,0.360938012599945,464688000.0,69.07053267781565,62.87454207630877,60.68005591063361,78.81756824264073,80.76897201455499,15.06,45.0,-1.49,1.22
AMZN,1998-05-28,0.3635419905185699,0.3656249940395355,0.35520800948143,0.3580729961395263,188256000.0,69.04886510649847,61.53280919073987,60.653476398264836,78.36506693304162,80.68412597357235,14.9,45.0,-1.45,1.22
AMZN,1998-05-29,0.3578130006790161,0.37083300948143,0.356249988079071,0.3671880066394806,172824000.0,69.07502563092463,61.56054382176557,60.28354350002459,78.38423233842849,80.6724421637787,14.74,41.0,-1.42,1.26
AMZN,1998-06-01,0.3666670024394989,0.3687500059604645,0.3471350073814392,0.3567709922790527,160872000.0,68.75000057611432,61.78443306292431,60.46833203589181,78.26213276332622,80.74286666867039,14.57,45.0,-1.38,1.24
AMZN,1998-06-02,0.3635419905185699,0.37083300948143,0.3458330035209656,0.3640629947185516,164028000.0,69.0811292807395,61.746292903522516,60.4699104083022,76.19630860061301,80.75505077443852,14.39,46.0,-1.34,1.22
AMZN,1998-06-03,0.3739579916000366,0.3770830035209656,0.3499999940395355,0.3520829975605011,131628000.0,69.6071112260141,59.73949920332324,60.43695179830581,73.287242600746,80.80713852743673,14.2,45.0,-1.3,1.23
AMZN,1998-06-04,0.3578130006790161,0.3661459982395172,0.34375,0.3656249940395355,99912000.0,68.07639715749137,60.22214182935126,59.141782129892206,72.83217372587096,80.715925020651,13.99,25.0,-1.29,1.25
AMZN,1998-06-05,0.3645829856395721,0.3697920143604278,0.359375,0.3687500059604645,68544000.0,64.32713987374882,59.5449891302811,59.139826010469356,72.82196372343392,80.33503404536769,13.78,25.0,-1.29,1.25
AMZN,1998-06-08,0.3651039898395538,0.3859379887580871,0.3625000119209289,0.3854170143604278,109260000.0,64.18187155255963,60.0766390270356,58.35692779023189,72.82928069132934,80.1568472125835,13.54,25.0,-1.26,1.38
AMZN,1998-06-09,0.3869790136814117,0.4322920143604278,0.3854170143604278,0.4270829856395721,388728000.0,69.77008118934556,63.47009551120371,59.99953162722827,70.69096005079801,80.72694953455084,13.28,41.0,-1.19,1.31
AMZN,1998-06-10,0.4302079975605011,0.46875,0.4250000119209289,0.4510419964790344,485700000.0,58.2897986534576,64.29737698316703,60.480732300902176,69.33054921963623,80.56149420884192,13.0,52.0,-1.05,1.17
AMZN,1998-06-11,0.4604170024394989,0.5218750238418579,0.4583329856395721,0.5208330154418945,717024000.0,70.9282641144781,70.29144951683294,63.990835282443214,71.23075237011912,81.645654346362,12.69,57.0,-0.27,1.54
AMZN,1998-06-12,0.5291669964790344,0.5291669964790344,0.4854170083999634,0.5083330273628235,433116000.0,70.12382164505136,69.51647492231993,64.06057116369401,70.95495450284474,81.64353265068387,12.37,58.0,0.05,1.57
AMZN,1998-06-15,0.49583300948143,0.5708330273628235,0.4927079975605011,0.5479170083999634,674028000.0,72.45115765923369,70.78509523497019,64.90750038135693,70.87623998232438,81.89715238221281,12.03,59.0,0.69,1.37
AMZN,1998-06-16,0.5562499761581421,0.6145830154418945,0.5541669726371765,0.6135420203208923,783348000.0,78.24518354973475,73.99884389289628,67.02813015199101,71.9880667935969,82.56004619548983,11.67,60.0,2.18,1.14
AMZN,1998-06-17,0.6322919726371765,0.676563024520874,0.628125011920929,0.6583330035209656,805308000.0,79.31231708611718,75.00545670999914,67.29107307027661,72.25835398574728,82.62750442661876,11.29,62.0,3.65,1.01
AMZN,1998-06-18,0.675000011920929,0.6875,0.5979170203208923,0.6010419726371765,632796000.0,83.98188458954013,77.83960847591447,68.94870008380026,72.76744143196991,83.2249027626117,10.89,64.0,3.43,0.98
AMZN,1998-06-19,0.5921880006790161,0.6354169845581055,0.5666670203208923,0.6317710280418396,733572000.0,84.5170450820592,77.83304623227656,69.15578120114054,72.3005833912502,83.324700394068,10.46,65.0,3.34,0.89
AMZN,1998-06-22,0.6229169964790344,0.6864579916000366,0.6020830273628235,0.6781250238418579,726360000.0,85.93685455253534,78.81384703880605,69.8243279480954,72.69312223396085,83.55768818274136,10.04,68.0,3.52,0.74
AMZN,1998-06-23,0.6755210161209106,0.7729169726371765,0.6708329916000366,0.7723960280418396,749268000.0,88.2905610434438,82.44657931508387,72.23589100728391,74.14131783682869,84.39490298312438,9.61,72.0,4.63,0.69
AMZN,1998-06-24,0.7916669845581055,0.8395829796791077,0.7427080273628235,0.8317710161209106,1174092000.0,89.13569638597305,83.38753754031463,72.84478112793272,74.5242635843259,84.64296013258554,9.29,83.0,5.56,0.55
AMZN,1998-06-25,0.8333330154418945,0.8729169964790344,0.800000011920929,0.8255209922790527,1089300000.0,89.62863831577431,83.42333877593612,72.57563497491087,74.49054136409488,84.65483723207741,8.97,77.0,5.34,0.64
AMZN,1998-06-26,0.8125,0.8354169726371765,0.78125,0.7854170203208923,622992000.0,91.56219382999713,84.04272344340978,73.1560605688122,74.76224173413624,84.85712647575915,8.63,85.0,4.66,0.58
AMZN,1998-06-29,0.7895830273628235,0.8302080035209656,0.7895830273628235,0.8229169845581055,490152000.0,90.74671167858669,83.914161973835,73.22684741977787,74.3905931501696,84.90696335681702,8.28,86.0,4.16,0.53
AMZN,1998-06-30,0.8151040077209473,0.8458330035209656,0.8062499761581421,0.831250011920929,437544000.0,89.93365464929367,83.61409172586642,72.98957465198632,74.29788173134783,84.87037637598435,8.02,85.0,3.68,0.55
AMZN,1998-07-01,0.848438024520874,0.9541670083999634,0.8395829796791077,0.9510419964790344,565092000.0,95.16000018126418,86.27772836969399,75.46930507792281,75.76750738741264,85.74602599048023,7.9,96.0,3.81,0.47
AMZN,1998-07-02,0.9645829796791076,1.0458329916000366,0.9375,1.0333329439163208,1045596000.0,95.07798752041371,86.82169646487236,76.16541208710677,76.25720257641687,85.9770109421101,7.8,97.0,4.17,0.34
AMZN,1998-07-06,1.0614579916000366,1.1729170083999634,1.0458329916000366,1.162500023841858,937668000.0,97.5305590133158,89.18627876335943,77.0324953007189,77.2790343444782,84.85925768227935,7.7,99.0,4.99,0.33
AMZN,1998-07-07,1.1916669607162476,1.1979169845581057,1.0083329677581787,1.0177079439163208,945036000.0,107.73847997448695,93.77054079772998,80.48948853240805,78.41432753549212,85.97898743291172,7.67,100.0,4.28,0.57
AMZN,1998-07-08,0.9322919845581056,0.9916669726371764,0.8531249761581421,0.8927080035209656,1166232000.0,115.61052849975111,98.35775286224671,83.64595519366017,80.1536619678433,86.10134700978858,7.81,100.0,3.62,0.65
AMZN,1998-07-09,0.921875,0.9708330035209656,0.875,0.8791670203208923,589860000.0,116.16493018291605,98.47429458883322,83.65678079680505,80.03010139708395,86.13311952343412,7.99,100.0,3.06,0.65
AMZN,1998-07-10,0.8583329916000366,0.8822919726371765,0.8177080154418945,0.8291670083999634,499644000.0,118.49121056134871,99.44518781031191,84.34927753488617,78.71280411947026,85.91215362538077,8.19,100.0,2.62,0.57
AMZN,1998-07-13,0.8041669726371765,0.8999999761581421,0.7854170203208923,0.8968750238418579,384960000.0,119.3853803792054,100.34416681763774,84.90581169820376,79.14618848558867,85.3682248061748,8.39,100.0,2.18,0.49
AMZN,1998-07-14,0.9041669964790344,0.9645829796791076,0.8916670083999634,0.9583330154418944,507168000.0,118.5101748741213,100.36614631173882,85.28747351461254,79.43541167361948,85.19733775908688,8.61,100.0,1.79,0.43
AMZN,1998-07-15,0.9666669964790344,0.978124976158142,0.9145830273628236,0.9375,352200000.0,119.53045322589597,100.5551308259075,85.464615829232,78.57088234685617,84.34281865904948,8.83,100.0,1.44,0.41
AMZN,1998-07-16,0.9453129768371582,0.9583330154418944,0.9041669964790344,0.9447919726371764,279984000.0,118.17248208920262,100.40631095035981,85.44385311093798,75.91836772689943,84.18254314604422,9.04,99.0,1.13,0.42
AMZN,1998-07-17,0.9364579916000366,1.0041669607162476,0.9322919845581056,0.998438000679016,356520000.0,118.34323769193095,99.35821065178305,85.68739595834404,74.31282863198028,84.10604977616578,9.25,100.0,0.86,0.37
AMZN,1998-07-20,1.009374976158142,1.1677080392837524,0.9979169964790344,1.1458330154418943,718500000.0,121.84511977387926,100.543111757541,87.94179747558736,75.3284627346987,85.00455521942129,9.52,100.0,0.8,0.28
AMZN,1998-07-21,1.1437499523162842,1.225000023841858,1.0666669607162476,1.1005209684371948,946560000.0,123.9053401264172,101.14998789100551,87.29813510090659,75.22657606754231,85.14941240154327,9.75,99.0,0.61,0.35
AMZN,1998-07-22,1.1166670322418213,1.165624976158142,1.087499976158142,1.1166670322418213,559488000.0,122.34472403443799,100.73363919625213,87.0147509246635,75.2054843167768,85.0945584016275,9.96,98.0,0.44,0.4
AMZN,1998-07-23,1.0833330154418943,1.1541670560836792,1.0583330392837524,1.0635420083999634,556212000.0,124.33901839563464,98.24681374728146,87.48687982198321,75.49764410031105,85.06841130512392,10.18,99.0,0.24,0.35
AMZN,1998-07-24,1.0770829916000366,1.0958329439163208,0.975000023841858,1.0354169607162476,579480000.0,120.36501939083593,98.58099831114643,86.9299936512913,75.5218127803858,85.11327106824027,10.38,96.0,0.04,0.4
AMZN,1998-07-27,0.9927080273628236,1.0614579916000366,0.9635419845581056,1.046354055404663,576612000.0,119.59940238727562,97.89648222113381,86.91312934177235,75.46426093216768,85.08286727297421,10.56,95.0,-0.13,0.4
AMZN,1998-07-28,1.0369789600372314,1.0499999523162842,0.9833329916000366,0.9911460280418396,414936000.0,120.67591847261818,98.9293450699242,87.53893985113169,75.56528988908435,85.25381355044276,10.77,99.0,-0.3,0.34
AMZN,1998-07-29,1.0041669607162476,1.0125000476837158,0.8958330154418945,0.8984379768371582,392892000.0,122.0040041597371,101.62532987369393,89.23298612190777,76.39644287482581,85.72823745972856,11.0,100.0,-0.43,0.27
AMZN,1998-07-30,0.931249976158142,0.9583330154418944,0.8791670203208923,0.9479169845581056,635484000.0,121.40714259913736,101.75735807050582,88.71704737760595,76.13056338177417,85.82501266588439,11.21,99.0,-0.56,0.32
AMZN,1998-07-31,0.9541670083999634,0.959375023841858,0.909375011920929,0.9239580035209656,268812000.0,118.00721248521646,101.55072389932813,88.86728984043842,75.75298398427978,85.84018306940007,11.41,99.0,-0.68,0.3
AMZN,1998-08-03,0.9145830273628236,0.9291669726371764,0.893750011920929,0.9020829796791076,258264000.0,118.01547203292382,101.85180068002104,88.63294634217971,75.57523140145514,85.90003195106631,11.6,97.0,-0.79,0.33
AMZN,1998-08-04,0.9177079796791076,0.9510419964790344,0.9010419845581056,0.915624976158142,561300000.0,116.69449732282735,101.8517803753044,88.5508053239553,75.55916296885111,85.74365467467906,11.8,96.0,-0.88,0.33
AMZN,1998-08-05,0.9401040077209472,0.9427080154418944,0.8333330154418945,0.8848959803581238,461208000.0,111.59831677199502,101.13581499414586,88.82321781620205,75.29265954730275,85.67597064681031,11.99,98.0,-0.97,0.31
AMZN,1998-08-06,0.8697919845581055,0.9375,0.8588539958000183,0.912500023841858,372072000.0,109.94664285535107,100.91938346177103,88.87900399626741,75.18521876635197,85.69911439718554,12.18,99.0,-1.05,0.29
AMZN,1998-08-07,0.9270830154418944,0.990625023841858,0.9114580154418944,0.9666669964790344,468660000.0,111.01790218942969,101.30503703606301,89.19789765744767,75.41498599071997,85.74022723081984,12.38,99.0,-1.13,0.24
AMZN,1998-08-10,0.975000023841858,1.015625,0.9583330154418944,1.0135420560836792,370320000.0,110.39990518863092,101.3255012268901,88.95446761108343,75.5422775300893,85.72146693353562,12.57,98.0,-1.21,0.27
AMZN,1998-08-11,0.962499976158142,1.0572919845581057,0.9604169726371764,1.0333329439163208,563172000.0,109.86254080629527,101.02211195668028,88.86733098802699,75.54801614208839,85.72517274976728,12.75,96.0,-1.28,0.28
AMZN,1998-08-12,1.056249976158142,1.0958329439163208,1.0338540077209473,1.0864579677581787,402816000.0,110.552581072604,100.98615946898832,89.0679976247419,75.62935760918616,85.56629353761323,12.93,98.0,-1.33,0.24
AMZN,1998-08-13,1.0885419845581057,1.125,1.0583330392837524,1.0625,492588000.0,104.22183317663047,101.30946995476057,89.20260892057533,75.28067806547462,85.61911867065008,13.09,99.0,-1.39,0.23
AMZN,1998-08-14,1.089063048362732,1.0895830392837524,1.0020829439163208,1.0229170322418213,388200000.0,102.09939838473949,101.66509911387797,89.53819047203328,75.46446173553903,85.70191827209503,13.21,100.0,-1.44,0.19
AMZN,1998-08-17,1.006250023841858,1.026563048362732,0.987500011920929,0.9973959922790528,292356000.0,95.95092527317337,101.98609001995602,89.47616184591321,75.56969990871029,85.72299399732796,13.32,99.0,-1.49,0.2
AMZN,1998-08-18,1.0098960399627686,1.0760420560836792,0.9927080273628236,1.0723960399627686,360012000.0,90.4755344932047,102.12139368802123,90.01124684681979,75.78870145766354,85.84370269039718,13.42,100.0,-1.53,0.13
AMZN,1998-08-19,1.09375,1.1145830154418943,1.0583330392837524,1.0729169845581057,385632000.0,81.26194107403998,101.22439163626895,89.99306103820044,75.73426144486271,85.7006292864869,13.51,99.0,-1.57,0.14
AMZN,1998-08-20,1.0520830154418943,1.0812499523162842,1.0458329916000366,1.0760420560836792,317724000.0,81.01604142526114,100.97581045410425,90.00233633555409,75.70900140364304,85.69802253861974,13.59,99.0,-1.6,0.14
AMZN,1998-08-21,1.0604170560836792,1.0856770277023315,1.0270830392837524,1.0807290077209473,302724000.0,78.62713151355706,100.87094367982867,89.97659752910123,75.66868894867052,85.63362998117995,13.66,97.0,-1.63,0.14
AMZN,1998-08-24,1.0854170322418213,1.125,1.084375023841858,1.1229170560836792,278988000.0,76.36276234293105,100.94442663065564,89.84049610967688,75.70541592382139,85.68180658549282,13.72,96.0,-1.65,0.16
AMZN,1998-08-25,1.145313024520874,1.1458330154418943,1.0895830392837524,1.0968749523162842,287028000.0,74.77243281564292,100.8436279661681,89.74542835794355,75.78923892894633,85.67687508179137,13.77,95.0,-1.67,0.18
AMZN,1998-08-26,1.0812499523162842,1.0854170322418213,1.0567710399627686,1.0604170560836792,327816000.0,75.21353598381398,101.41539656446017,89.87322678321729,75.93138703883282,85.66040387109626,13.81,96.0,-1.69,0.17
AMZN,1998-08-27,1.0364580154418943,1.0416669845581057,0.9916669726371764,0.9916669726371764,320544000.0,77.97091445479437,102.36925883853634,90.23321486818473,76.4394050140036,85.97230295554465,13.85,100.0,-1.71,0.14
AMZN,1998-08-28,0.9979169964790344,1.0072920322418213,0.8604170083999634,0.8824219703674316,780720000.0,83.43141140046752,105.88304041633765,92.23583166938076,77.65989255877787,86.86408594489949,13.89,100.0,-1.71,0.12
AMZN,1998-08-31,0.8786460161209106,0.8968750238418579,0.6927080154418945,0.6979169845581055,820008000.0,97.09160326358106,117.56327410924305,99.94305338597344,82.68768454703978,90.15815445905447,14.05,100.0,-1.7,1.48
AMZN,1998-09-01,0.6343749761581421,0.721875011920929,0.5416669845581055,0.6662759780883789,1349016000.0,97.23626473079504,117.9239061739253,99.72935239934884,82.80097388088288,90.31666488304047,14.19,99.0,-1.69,1.49
AMZN,1998-09-02,0.6927080154418945,0.800000011920929,0.6833329796791077,0.7322919964790344,946572000.0,102.10719620058318,117.65850653960797,100.69931196559546,83.4598357806362,90.72605468671298,14.33,100.0,-1.68,1.38
AMZN,1998-09-03,0.6968749761581421,0.7520830035209656,0.6729170083999634,0.715624988079071,509424000.0,101.61904769540895,117.44873338730346,100.73225274482422,83.43500163225033,90.39857653587933,14.45,100.0,-1.67,1.36
AMZN,1998-09-04,0.7223960161209106,0.75,0.6833329796791077,0.71875,356244000.0,101.6580955805243,113.96834196578038,100.69699489810917,83.39514875476638,90.35689887085044,14.55,98.0,-1.65,1.37
AMZN,1998-09-08,0.7833330035209656,0.7895830273628235,0.75,0.768750011920929,438732000.0,104.05993182136481,114.49372272417457,101.12678493191116,83.62875047200498,88.83441155693886,14.64,100.0,-1.64,1.31
AMZN,1998-09-09,0.7458329796791077,0.7697920203208923,0.6947919726371765,0.7041670083999634,357924000.0,105.73122143721767,115.21506048956418,101.99144788179507,84.23826639180348,89.05024257686063,14.73,100.0,-1.62,1.2
AMZN,1998-09-10,0.6614580154418945,0.6708329916000366,0.6270830035209656,0.6635419726371765,639396000.0,103.5390882284433,113.66256171248679,102.49799451321353,84.4818399388262,89.27867540122357,14.82,100.0,-1.6,1.12
AMZN,1998-09-11,0.653124988079071,0.6739580035209656,0.612500011920929,0.6338539719581604,472248000.0,102.22318111341866,113.13688555683984,102.7795575473492,84.66437406348612,89.28216549879014,14.88,100.0,-1.58,1.08
AMZN,1998-09-14,0.6697919964790344,0.6708329916000366,0.612500011920929,0.614063024520874,301200000.0,102.30194386751732,111.75675432974441,102.34699768864486,84.77126847826379,88.07838904993797,14.94,98.0,-1.56,1.14
AMZN,1998-09-15,0.5901039838790894,0.6229169964790344,0.5864580273628235,0.6083329916000366,344568000.0,102.26115547709058,111.29440097193933,101.57807266923153,84.74278696955047,86.21024567561093,14.99,96.0,-1.55,1.25
AMZN,1998-09-16,0.6187499761581421,0.7161459922790527,0.5958330035209656,0.7041670083999634,782376000.0,112.01636910278188,114.39592949397701,103.80222790778284,86.21186184753606,87.02983020892314,15.06,100.0,-1.52,1.13
AMZN,1998-09-17,0.6703130006790161,0.6958330273628235,0.637499988079071,0.6416670083999634,849156000.0,114.44484234724568,112.73099640042801,104.88553413955822,86.98516722599463,87.58116527390902,15.13,100.0,-1.5,1.0
AMZN,1998-09-18,0.6479169726371765,0.676563024520874,0.6473960280418396,0.6640629768371582,334848000.0,114.56242968851578,111.86001050289617,102.61776895841206,86.98268660891499,87.53906831511311,15.21,97.0,-1.48,1.13
AMZN,1998-09-21,0.6333330273628235,0.7239580154418945,0.6333330273628235,0.7124999761581421,475344000.0,115.27912446846034,112.88312689371087,103.13375818089806,87.29491246650674,85.98209851596464,15.29,98.0,-1.45,1.07
AMZN,1998-09-22,0.7354170083999634,0.762499988079071,0.7302079796791077,0.7348960041999817,606108000.0,114.66428045061588,112.64932468192373,102.94544621251191,87.15112543653727,85.09030960462725,15.35,97.0,-1.42,1.11
AMZN,1998-09-23,0.7567710280418396,0.8791670203208923,0.75,0.8760420083999634,911676000.0,126.56165185498875,117.96452914132306,106.33513871231621,89.41662153179047,86.76315182220716,15.46,100.0,-1.39,1.04
AMZN,1998-09-24,0.8927080035209656,0.9739580154418944,0.8458330035209656,0.8510419726371765,1022484000.0,125.61257524827177,118.10795708935512,106.4967983803879,89.49047208022243,86.61642010160615,15.55,100.0,-1.35,1.01
AMZN,1998-09-25,0.8208330273628235,0.921875,0.8208330273628235,0.9104170203208924,731976000.0,127.4134292735638,115.62291919415127,106.84751941045722,89.63024302357773,86.50335192896462,15.63,100.0,-1.32,0.98
AMZN,1998-09-28,0.9697920083999634,1.0,0.9322919845581056,0.9635419845581056,772092000.0,128.24657405953909,114.93375103260661,106.8754818571114,89.20935868654863,86.6385600646594,15.71,100.0,-1.29,0.99
AMZN,1998-09-29,0.9770830273628236,0.9963539838790894,0.9291669726371764,0.9427080154418944,766716000.0,128.1966504058991,112.29360249839439,106.99001894628593,89.28092450947658,86.60641143960665,15.76,100.0,-1.25,0.97
AMZN,1998-09-30,0.9291669726371764,0.962499976158142,0.9067710041999816,0.9302080273628236,588612000.0,126.26830075801759,109.028524925796,107.04491187079934,88.94162807326398,86.38327287911788,15.8,100.0,-1.21,0.95
AMZN,1998-10-01,0.8999999761581421,0.925000011920929,0.8333330154418945,0.8552079796791077,687840000.0,128.32519875316987,107.05124494526115,107.48314631719762,89.46948703442973,86.46319188161493,15.84,100.0,-1.15,0.91
AMZN,1998-10-02,0.8776040077209473,0.9322919845581056,0.8416669964790344,0.918749988079071,689916000.0,130.34419892016416,108.02458225527718,107.7454188098252,89.79058973453628,86.70985142113283,15.88,100.0,-1.1,0.88
AMZN,1998-10-05,0.9072920083999634,0.925000011920929,0.8416669964790344,0.8725259900093079,489924000.0,130.99320050706845,107.87132387938992,108.16393602765137,89.93423335665905,86.90018365529222,15.9,100.0,-1.04,0.82
AMZN,1998-10-06,0.9291669726371764,0.9354169964790344,0.8666669726371765,0.9026039838790894,563436000.0,130.86668375423326,106.88281461741713,108.18044910596065,89.93732776017212,86.92007554456568,15.91,100.0,-0.97,0.82
AMZN,1998-10-07,0.8552079796791077,0.8729169964790344,0.7604169845581055,0.7786459922790527,856680000.0,137.01341281132017,110.17151623390116,110.89724346604987,91.76236519639275,88.23943479896586,15.95,100.0,-0.9,0.7
AMZN,1998-10-08,0.690625011920929,0.7333329916000366,0.6666669845581055,0.7182289958000183,607692000.0,138.3496763118392,111.24711601808235,111.70941699864369,92.33472812569667,88.64030197901187,15.98,100.0,-0.84,0.61
AMZN,1998-10-09,0.7520830035209656,0.765625,0.6979169845581055,0.7598959803581238,414540000.0,138.78404625235595,111.91941689683635,111.9472389447917,92.37214587135635,88.50129219880549,16.0,100.0,-0.76,0.58
AMZN,1998-10-12,0.809374988079071,0.8416669964790344,0.7749999761581421,0.7765629887580872,436344000.0,135.1891240640985,111.37589860707627,111.88947946808997,92.3118775602563,88.45067168166364,16.0,99.0,-0.69,0.6
AMZN,1998-10-13,0.7651039958000183,0.7947919964790344,0.7552080154418945,0.7614579796791077,213708000.0,116.41999003177143,107.4119996330797,111.96821211995712,92.33477046584649,88.46431573339783,15.98,100.0,-0.61,0.58
AMZN,1998-10-14,0.7588539719581604,0.8135420083999634,0.7479169964790344,0.7791669964790344,311808000.0,115.60068941354984,107.35163982644873,111.82275590855781,92.35508668429753,88.47559306126257,15.94,97.0,-0.53,0.61
AMZN,1998-10-15,0.7854170203208923,0.815625011920929,0.7708330154418945,0.8088539838790894,339420000.0,112.92359787206077,107.63776093248889,111.54502866622738,92.34955577964871,88.51048516075333,15.89,95.0,-0.46,0.66
AMZN,1998-10-16,0.8218749761581421,0.8494790196418762,0.8083329796791077,0.8286460041999817,428100000.0,112.79548190695807,107.42002832582472,111.31086542148643,92.35555376376624,88.12334442857077,15.83,94.0,-0.38,0.68
AMZN,1998-10-19,0.824999988079071,0.890625,0.824999988079071,0.8812500238418579,333624000.0,113.98375044894517,108.14813869760233,111.59872743331516,92.40229984288762,88.2958196051297,15.75,95.0,-0.3,0.66
AMZN,1998-10-20,0.90625,0.9375,0.8885419964790344,0.8895829916000366,383352000.0,112.54145241119005,108.1426597246635,111.5687842662737,92.38355711074988,88.17088539036637,15.65,94.0,-0.22,0.66
AMZN,1998-10-21,0.9119790196418762,0.918749988079071,0.8802080154418945,0.9166669845581056,252360000.0,109.2469505407536,107.80616004063295,111.4542567107703,92.37857236791021,87.06752578357447,15.53,92.0,-0.16,0.68
AMZN,1998-10-22,0.8968750238418579,0.9822919964790344,0.8947920203208923,0.9557290077209472,533904000.0,107.68097832578263,106.23678566481118,111.55945839078719,92.38904470353,87.12897675657624,15.4,93.0,-0.12,0.67
AMZN,1998-10-23,0.9541670083999634,0.9859380125999452,0.9510419964790344,0.9677079916000366,272496000.0,106.27182837242495,105.70026429240282,111.34570740251294,92.37609932306432,87.12536127058196,15.24,90.0,-0.14,0.71
AMZN,1998-10-26,0.9927080273628236,1.015625,0.9729170203208924,1.0119789838790894,390336000.0,105.71573435414041,105.94541082228605,111.39538969379595,92.45417695629858,86.57762985737351,15.04,90.0,-0.19,0.71
AMZN,1998-10-27,1.0343749523162842,1.0499999523162842,0.967188000679016,0.9692710041999816,403284000.0,106.88356815943652,106.21460307907515,111.71613690173024,92.15350351371893,85.05485888514683,14.82,96.0,-0.3,0.66
AMZN,1998-10-28,0.9744790196418762,0.9958329796791076,0.9520829916000366,0.9755210280418396,397836000.0,99.44207436208347,106.1821030245219,111.57968567324849,92.14709677029627,83.8659857553735,14.56,93.0,-0.46,0.67
AMZN,1998-10-29,1.010938048362732,1.0604170560836792,0.9916669726371764,1.0541670322418213,658644000.0,96.19934478062339,107.06391017689177,111.11496349470391,92.50755590079793,83.79154246923069,14.3,85.0,-0.6,0.7
AMZN,1998-10-30,1.0552079677581787,1.0817710161209106,1.0385420322418213,1.0536459684371948,423648000.0,96.16983131459574,106.90871480824697,110.8840331470435,92.47686219181827,83.60534314269391,14.03,83.0,-0.76,0.72
AMZN,1998-11-02,1.0677080154418943,1.0953129529953003,1.037500023841858,1.0916670560836792,629880000.0,94.95822577899013,106.5143797587177,108.83119649050693,92.51517357080733,83.64695033252123,13.8,82.0,-0.8,0.83
AMZN,1998-11-03,1.0927079916000366,1.108854055404663,1.0479170083999634,1.0505210161209106,367764000.0,96.01887695290226,106.40583344427608,108.95894611046685,92.64115541781891,83.76013588183085,13.55,82.0,-0.9,0.81
AMZN,1998-11-04,1.0947920083999634,1.100000023841858,1.0552079677581787,1.0817710161209106,407664000.0,82.78365742910367,106.50046810812688,108.47644773410646,92.63775295948481,83.74444874735651,13.29,80.0,-0.96,0.86
AMZN,1998-11-05,1.0640629529953003,1.084375023841858,1.0520830154418943,1.0708329677581787,294648000.0,82.25134320903722,106.02242866897052,107.15804177928403,92.6623729880307,83.72864590597587,13.05,75.0,-0.95,0.96
AMZN,1998-11-06,1.0499999523162842,1.068750023841858,1.0333329439163208,1.0380209684371948,377880000.0,80.97680120520818,106.11620020459158,106.80493832133162,92.75251552899894,83.65672406239588,12.8,70.0,-0.91,0.98
AMZN,1998-11-09,1.015625,1.061979055404663,1.006250023841858,1.0572919845581057,436872000.0,79.57396510750571,105.8921298347645,105.71889996071701,92.75718205084567,83.53917498852772,12.55,67.0,-0.91,1.12
AMZN,1998-11-10,1.068750023841858,1.1666669845581057,1.0677080154418943,1.0979169607162476,687516000.0,79.82298482412668,106.02268598415165,105.60702401064353,92.8213054495283,83.31410507331452,12.29,66.0,-0.9,1.14
AMZN,1998-11-11,1.1135419607162476,1.118749976158142,1.0437500476837158,1.0552079677581787,329268000.0,80.71097584344474,105.30861819183792,105.32464395427348,92.34631918204701,83.1436561880924,12.03,65.0,-0.85,1.15
AMZN,1998-11-12,1.0458329916000366,1.1072920560836792,1.0416669845581057,1.0916670560836792,239496000.0,76.6413006246695,105.542168692293,103.49236690489596,92.21233880345578,83.02040281278732,11.79,62.0,-0.83,1.29
AMZN,1998-11-13,1.0994789600372314,1.1124999523162842,1.0476560592651367,1.0645829439163208,178812000.0,74.78058734711924,105.66871808212493,102.96643216416467,92.26901512386759,83.06615499574133,11.56,60.0,-0.82,1.34
AMZN,1998-11-16,1.0708329677581787,1.0822919607162476,1.0291670560836792,1.0520830154418943,237948000.0,73.03512816429885,105.69104698977074,102.97922446013563,91.94554163497457,82.79000729774934,11.3,60.0,-0.81,1.34
AMZN,1998-11-17,1.078125,1.2854169607162476,1.0708329677581787,1.2374999523162842,1222836000.0,85.65556628380698,110.57637893948393,105.71012731652769,93.7465915248038,84.14067166647278,11.05,66.0,-0.7,1.27
AMZN,1998-11-18,1.2635420560836792,1.421875,1.2625000476837158,1.3666670322418213,1182672000.0,75.29104510973805,112.23599587870814,106.57050143521367,94.35769082176577,84.64626782356848,10.8,69.0,-0.29,1.18
AMZN,1998-11-19,1.4249999523162842,1.462499976158142,1.274999976158142,1.2770830392837524,777912000.0,73.88178062248045,112.9347315404998,107.19259509384223,94.76770498558841,84.96640625215677,10.54,75.0,-0.26,1.09
AMZN,1998-11-20,1.4583330154418943,1.5145829916000366,1.375,1.5052080154418943,1338252000.0,84.47295774683661,116.69066601997298,108.211588520731,96.14220115175964,86.40910699975053,10.32,79.0,0.55,1.11
AMZN,1998-11-23,1.5906250476837158,1.8208329677581787,1.5505210161209106,1.816666960716248,1355628000.0,97.10534565487396,119.57597358845237,111.38865893341352,98.45763058238845,88.22881280372603,10.14,87.0,3.95,1.12
AMZN,1998-11-24,1.8666670322418213,1.9427080154418943,1.7083330154418943,1.787500023841858,1633512000.0,96.96199226612647,108.17115005328495,109.97674560405176,98.30974512177433,87.99868618267797,9.94,81.0,4.67,1.27
AMZN,1998-11-25,1.8041670322418213,1.862499952316284,1.7083330154418943,1.7526040077209473,550452000.0,97.95563429828378,107.65419551700307,107.8252895187531,98.33040932871663,88.03171966810389,9.79,74.0,4.37,1.45
AMZN,1998-11-27,1.8104170560836792,1.816666960716248,1.774999976158142,1.8052079677581787,191736000.0,97.90989248049713,106.45149603837586,105.64274990347175,98.35601349180547,88.05568468456144,9.67,59.0,4.05,1.64
AMZN,1998-11-30,1.8302079439163208,1.8354170322418213,1.5979169607162476,1.600000023841858,595044000.0,106.8354337279432,109.77199028295502,107.51771995190443,99.55264898061522,88.90592021135079,9.55,72.0,3.43,1.45
AMZN,1998-12-01,1.5458329916000366,1.7479170560836792,1.5166670083999634,1.7458330392837524,943092000.0,107.91668160378872,110.78918146993513,107.78041507391653,99.98417269226803,89.21802635139979,9.44,73.0,2.98,1.42
AMZN,1998-12-02,1.7244789600372314,1.7291669845581057,1.6463539600372314,1.662500023841858,592980000.0,109.85127952411915,110.99730556282692,107.53991004972572,99.99087950476843,89.38581011382148,9.34,71.0,2.5,1.45
AMZN,1998-12-03,1.6593749523162842,1.7041670083999634,1.5416669845581057,1.5791670083999634,436728000.0,111.77959918126706,109.83459875674235,107.48852875587941,100.20273799682575,89.55622179547566,9.23,69.0,2.09,1.46
AMZN,1998-12-04,1.6291669607162476,1.6416670083999634,1.5208330154418943,1.5708329677581787,445152000.0,111.7476917115483,108.85625027795196,107.41455495881729,100.21091673018458,89.536731119499,9.12,67.0,1.73,1.47
AMZN,1998-12-07,1.6083329916000366,1.6166670322418213,1.5427080392837524,1.5916670560836792,315480000.0,111.7455873325772,108.13328526397679,107.42133773653481,100.2046101098556,89.52904809179262,9.0,67.0,1.41,1.47
AMZN,1998-12-08,1.5802079439163208,1.7156250476837158,1.5708329677581787,1.7005209922790527,510996000.0,112.38502627390599,108.17406055621639,107.56471763830193,100.4362477570209,89.7040713893414,8.88,71.0,1.13,1.45
AMZN,1998-12-09,1.7114579677581787,1.8692710399627688,1.6833330392837524,1.8020830154418943,930132000.0,111.47891999921016,108.35426302114033,105.79788236852947,100.49290519716467,89.83547722064608,8.78,54.0,0.96,1.6
AMZN,1998-12-10,1.813542008399964,1.8666670322418213,1.7468750476837158,1.7760419845581057,607236000.0,111.87707971014026,105.19442448003258,105.59844040884497,100.53139159410895,89.74260715682887,8.66,49.0,0.76,1.63
AMZN,1998-12-11,1.750520944595337,1.8666670322418213,1.75,1.8583329916000368,509352000.0,110.82083548032236,102.90198383647515,105.78337071726291,100.60093182131766,89.76817652213414,8.54,53.0,0.62,1.6
AMZN,1998-12-14,1.8427079916000368,1.9166669845581048,1.816666960716248,1.8520829677581787,775020000.0,110.86766567494728,102.93231012384298,105.44023248767988,100.61185467047014,89.68678422705314,8.41,47.0,0.45,1.66
AMZN,1998-12-15,1.891667008399964,2.025000095367432,1.879166960716248,2.0229170322418213,760308000.0,112.59816976895507,103.39045697842784,106.12095489397677,101.03327348316513,90.04198971698662,8.28,54.0,0.44,1.57
AMZN,1998-12-16,2.159374952316284,2.514583110809326,2.1583330631256104,2.4083330631256104,2035944000.0,119.58782605356137,108.25860204354572,109.40882063715465,102.77661979106867,91.47972829811091,8.15,80.0,1.21,1.39
AMZN,1998-12-17,2.200000047683716,2.4291670322418213,2.171354055404663,2.306250095367432,1352700000.0,121.33988997471602,104.00808654973643,109.26388732045274,102.84336510103638,91.59859266817537,8.03,79.0,1.25,1.41
AMZN,1998-12-18,2.358333110809326,2.4083330631256104,2.315624952316284,2.3890628814697266,459036000.0,120.90193872931383,103.6512494738171,107.9947554407981,102.81771202557186,91.5781740110556,7.93,72.0,1.29,1.56
AMZN,1998-12-21,2.5291669368743896,2.681250095367432,2.5,2.65625,667680000.0,121.72826042169953,104.74544439342029,108.85313418340247,103.20507135668879,92.00786543624798,7.81,77.0,1.68,1.46
AMZN,1998-12-22,2.7244789600372314,2.7416670322418213,2.571875095367432,2.686458110809326,635208000.0,121.81094578799443,104.43870548005307,108.70082668768875,103.08954560333757,91.94744557774771,7.69,75.0,1.78,1.48
AMZN,1998-12-23,2.733333110809326,2.75,2.659374952316284,2.7083330154418945,291276000.0,121.97305496625586,104.14150703887816,108.5598612250715,103.06567869100556,91.91246630711494,7.55,74.0,1.72,1.51
AMZN,1998-12-24,2.6854169368743896,2.7249999046325684,2.6583330631256104,2.706770896911621,108276000.0,120.5475422633763,104.01226915282473,108.57348642769207,102.81833525459531,91.90716556562307,7.41,74.0,1.56,1.5
AMZN,1998-12-28,2.7583329677581787,3.015625,2.7083330154418945,2.9328129291534424,597972000.0,121.3751458840959,102.57910289872072,108.88463688241785,103.11694733368948,92.13273711779706,7.27,77.0,1.57,1.47
AMZN,1998-12-29,2.916666984558105,2.917707920074463,2.737499952316284,2.769270896911621,492156000.0,123.06426461894455,103.23888402507771,109.3956671567919,103.41007395658413,92.29468479993066,7.12,79.0,1.33,1.39
AMZN,1998-12-30,2.775000095367432,2.860416889190674,2.532291889190674,2.6770830154418945,651672000.0,123.90714003710868,102.78753059094686,109.36881149499966,103.51287155851175,92.39097176040936,6.97,78.0,1.06,1.39
AMZN,1998-12-31,2.643749952316284,2.7583329677581787,2.634375095367432,2.6770830154418945,365964000.0,117.75115941338072,102.8080431886656,109.2174276296328,103.50716995178315,92.36085527867543,6.8,76.0,0.8,1.42
AMZN,1999-01-04,2.730729103088379,2.9666669368743896,2.665625095367432,2.957813024520874,785844000.0,117.77514444779706,98.1606668080893,110.13931730151769,103.88559954386405,92.7745789529055,6.63,81.0,0.68,1.3
AMZN,1999-01-05,2.739063024520874,3.243750095367432,2.6624999046325684,3.112499952316284,1257464000.0,114.56564916584311,95.94364600753022,110.14711402090305,103.9701738869913,92.71359559231512,6.45,81.0,0.61,1.3
AMZN,1999-01-06,3.409374952316284,3.509375095367432,3.3499999046325684,3.450000047683716,723532000.0,109.56727856597422,97.07361527593895,110.98830010067708,104.4904336488922,93.17288831454839,6.27,83.0,0.77,1.2
AMZN,1999-01-07,3.4281249046325684,4.006249904632568,3.325000047683716,3.971874952316284,945492000.0,104.28803623042788,99.91946159183186,112.56746464740708,105.19285045467205,94.05158473687663,6.1,100.0,1.39,1.08
AMZN,1999-01-08,4.606249809265137,4.978125095367432,3.799999952316284,4.006249904632568,1333244000.0,103.66053014110304,99.52062283575054,112.39832056707016,104.67683106268957,93.93536415309919,5.92,99.0,1.6,1.1
AMZN,1999-01-11,4.599999904632568,4.625,4.190625190734863,4.615624904632568,778460000.0,107.81618362713472,102.21397511504506,113.8409995070133,105.69447934768623,94.38641347526516,5.75,100.0,2.3,1.0
AMZN,1999-01-12,4.512499809265137,4.550000190734863,3.974999904632568,4.084374904632568,488864000.0,116.75901682747384,106.83103218782752,115.87815930160079,106.82220502076359,95.33949742014175,5.6,100.0,2.03,0.85
AMZN,1999-01-13,3.125,4.087500095367432,3.125,3.700000047683716,597528000.0,114.50539005740458,109.89978733781818,117.22965754925225,106.50634040773292,95.75149480987177,5.45,100.0,1.65,0.72
AMZN,1999-01-14,3.75,3.981250047683716,3.400000095367432,3.450000047683716,418248000.0,116.479242664513,111.32404702058834,117.95001161122953,106.93942568819772,96.01929817925301,5.31,100.0,1.31,0.65
AMZN,1999-01-15,3.5,3.75156307220459,3.440624952316284,3.509375095367432,402652000.0,114.50727735556549,111.29593837862872,117.87586794786058,106.76138837771137,96.0200252245102,5.13,99.0,1.01,0.65
AMZN,1999-01-19,3.762500047683716,3.762500047683716,3.40625,3.4953129291534424,228108000.0,112.56913612488944,111.42118574395457,117.76984491583558,106.75902310370815,95.93119253701761,4.93,98.0,0.74,0.67
AMZN,1999-01-20,3.37656307220459,3.424999952316284,2.743750095367432,2.825000047683716,610704000.0,132.05832688748035,121.30797181932668,122.84984390172514,110.02916767679396,98.47353107312358,4.84,100.0,0.57,0.8
AMZN,1999-01-21,2.612499952316284,2.759375095367432,2.31406307220459,2.650000095367432,940964000.0,134.25597695130588,122.46388515995305,122.80175395460404,110.33934537374802,98.73748499116839,4.74,99.0,0.44,0.8
AMZN,1999-01-22,2.487499952316284,3.1468749046325684,2.46875,3.075000047683716,875316000.0,138.9363891914859,125.29988741266575,123.06875234935184,111.39818944374346,99.71687823062908,4.7,100.0,0.26,0.82
AMZN,1999-01-25,3.0374999046325684,3.0843749046325684,2.75,2.809375047683716,546476000.0,142.0052580216236,126.65857210362286,117.7120459053347,112.04906433146593,100.09937503141192,4.71,94.0,0.14,0.34
AMZN,1999-01-26,2.815624952316284,3.03125,2.765625,2.8773438930511475,490696000.0,141.75162789319927,126.64256686220435,117.3233948308654,112.05835460343123,100.04659930174469,4.7,93.0,0.02,0.38
AMZN,1999-01-27,3.353125095367432,3.493750095367432,3.0,3.140625,700452000.0,143.03178767225512,126.86011881597004,117.20858473629103,112.08630789866206,100.3208354700639,4.7,91.0,-0.12,0.39
AMZN,1999-01-28,3.160938024520874,3.21875,3.0062499046325684,3.071875095367432,475012000.0,143.37258938328324,127.07361313209577,117.20141027014108,112.06457053729584,100.37142290370188,4.7,90.0,-0.24,0.39
AMZN,1999-01-29,3.040625095367432,3.040625095367432,2.875,2.92343807220459,327920000.0,142.9728550208476,127.7619581904988,117.63228400059553,112.29614799341525,100.50749571081124,4.7,93.0,-0.34,0.34
AMZN,1999-02-01,2.9437499046325684,3.0578129291534424,2.875,2.8968749046325684,255620000.0,134.5346833357508,127.36537821931367,117.37724423608952,112.28147078519939,100.50876897341526,4.7,92.0,-0.42,0.37
AMZN,1999-02-02,2.909374952316284,2.910938024520874,2.712500095367432,2.7562499046325684,260972000.0,134.7535669259589,128.06540161539203,116.69799274979573,112.44770586160764,100.57870716978674,4.69,87.0,-0.49,0.42
AMZN,1999-02-03,2.7249999046325684,3.150000095367432,2.712500095367432,3.143749952316284,375820000.0,139.38363943746631,130.12470746395863,117.58850477738562,113.29330533288669,101.30024739070895,4.7,92.0,-0.58,0.36
AMZN,1999-02-04,3.1312499046325684,3.168750047683716,2.90625,2.950000047683716,232992000.0,137.80129600652046,130.81654321791345,117.85910086579472,113.63245599997511,101.53071773013606,4.72,95.0,-0.65,0.34
AMZN,1999-02-05,2.924999952316284,3.071875095367432,2.8078129291534424,2.8968749046325684,171320000.0,137.92091397484762,131.01926361756716,117.7408503814974,113.62726761393598,101.50954951668561,4.72,93.0,-0.71,0.35
AMZN,1999-02-08,2.859375,2.878124952316284,2.643749952316284,2.728125095367432,251964000.0,139.08916555211414,131.88107272794417,118.28653318954092,113.93567273175684,101.73674602515315,4.71,97.0,-0.75,0.3
AMZN,1999-02-09,2.6984379291534424,2.700000047683716,2.4984378814697266,2.5,256520000.0,141.38689977949846,133.08344837499874,117.49731702247392,114.42007855461682,102.17757705976163,4.72,88.0,-0.77,0.33
AMZN,1999-02-10,2.456249952316284,2.5843749046325684,2.375,2.4359378814697266,264100000.0,139.31364383847782,133.27317919133856,116.44105852680065,114.28184163219728,101.9289696349434,4.73,81.0,-0.79,0.41
AMZN,1999-02-11,2.512500047683716,2.754688024520874,2.487499952316284,2.746875047683716,275860000.0,143.09400528257936,134.79681877179559,117.62547002932008,114.88611861400568,102.52899840702212,4.71,89.0,-0.82,0.31
AMZN,1999-02-12,2.700000047683716,2.746875047683716,2.590625047683716,2.612499952316284,155308000.0,143.50384940475237,135.36016211499884,117.71602653724815,115.09385644118476,102.69016708701952,4.7,91.0,-0.84,0.31
AMZN,1999-02-16,2.671875,2.712500095367432,2.424999952316284,2.465625047683716,155596000.0,144.4520837672109,132.6295836826123,118.21438582015472,115.36939578466232,102.88285849040734,4.69,96.0,-0.85,0.27
AMZN,1999-02-17,2.460937976837158,2.551563024520874,2.3125,2.337500095367432,193372000.0,141.80569386238705,132.00172770697088,115.71197212147737,115.52403305027772,103.05758790626216,4.69,76.0,-0.85,0.32
AMZN,1999-02-18,2.4124999046325684,2.4124999046325684,2.106250047683716,2.237499952316284,431252000.0,141.04633569985887,131.49517775159853,115.86159214710659,115.69545247148814,103.16568286236001,4.7,76.0,-0.84,0.31
AMZN,1999-02-19,2.359375,2.5625,2.275000095367432,2.546875,538364000.0,143.10594846797153,129.92533282757236,117.06212031229688,116.43639790888085,103.84948087047758,4.71,79.0,-0.85,0.24
AMZN,1999-02-22,2.543750047683716,2.7406249046325684,2.450000047683716,2.6624999046325684,384244000.0,136.85678594569484,124.68722043500708,116.95407353960132,116.46058942719628,103.90960752466182,4.73,78.0,-0.86,0.25
AMZN,1999-02-23,2.753124952316284,2.924999952316284,2.737499952316284,2.879688024520874,422784000.0,139.30285327413273,125.4611426077024,117.3378426040468,116.73270944677397,104.12777599513869,4.74,83.0,-0.89,0.21
AMZN,1999-02-24,2.940624952316284,3.054687976837158,2.7562499046325684,2.773437976837158,495728000.0,131.72032392257728,125.6828281014663,117.52975565006092,116.81047080491777,104.22962191963879,4.76,85.0,-0.9,0.19
AMZN,1999-02-25,2.915625095367432,3.140625,2.8656249046325684,3.125,733796000.0,133.538589774802,127.68237323046819,117.78060365672087,117.01147697449122,104.8080824633337,4.79,92.0,-0.93,0.17
AMZN,1999-02-26,3.168750047683716,3.25,3.025000095367432,3.203125,507308000.0,131.08806805603047,124.81288867995042,117.42006928522765,116.90835272926567,104.43250997530012,4.8,82.0,-0.95,0.2
AMZN,1999-03-01,3.174999952316284,3.4015629291534424,3.0999999046325684,3.325000047683716,387380000.0,130.1393786187992,123.9369252145551,117.03230560175133,115.8774252716002,104.36197717239341,4.82,74.0,-0.98,0.24
AMZN,1999-03-02,3.36093807220459,3.393749952316284,3.0265629291534424,3.03281307220459,332064000.0,132.62111746679918,125.13082087820256,118.1709223274846,116.43729132079552,104.83531663913375,4.85,95.0,-0.99,0.16
AMZN,1999-03-03,3.09375,3.1875,3.0062499046325684,3.087500095367432,310576000.0,132.78490061906655,124.48165218770922,115.35960171439112,116.18381580148913,104.60451969245818,4.86,66.0,-0.99,0.22
AMZN,1999-03-04,3.137500047683716,3.174999952316284,2.8968749046325684,3.003124952316284,357748000.0,117.44381867674518,124.69289648913569,114.55741233907293,115.61082705060348,104.66022908127255,4.86,65.0,-0.99,0.28
AMZN,1999-03-05,3.098438024520874,3.112499952316284,2.9593749046325684,3.0374999046325684,243524000.0,115.78354191860222,124.69197887688135,114.3591488846415,115.37848214579145,104.65357462712144,4.87,64.0,-0.99,0.31
AMZN,1999-03-08,3.035938024520874,3.160938024520874,2.981250047683716,3.054687976837158,209252000.0,107.42354843488984,124.15958551463224,114.35952900352801,114.76970319146464,104.64460732891942,4.88,64.0,-0.99,0.31
AMZN,1999-03-09,3.128124952316284,3.331249952316284,3.085937976837158,3.2484378814697266,325840000.0,105.34829166450692,124.21952325782513,114.48273801645786,114.83621058003118,104.50457038443628,4.88,64.0,-0.99,0.29
AMZN,1999-03-10,3.418750047683716,3.473438024520874,3.3499999046325684,3.4281249046325684,282352000.0,106.17302128879483,124.43689354700336,114.64554937278078,114.72535813155147,104.59221499948788,4.89,65.0,-0.99,0.27
AMZN,1999-03-11,3.493750095367432,3.5687499046325684,3.275000095367432,3.371875047683716,325044000.0,103.46305199689031,124.35347409084616,114.69489592733026,113.85401422006672,104.49418430365809,4.89,65.0,-0.99,0.27
AMZN,1999-03-12,3.3499999046325684,3.384375095367432,3.215625047683716,3.332813024520874,186652000.0,103.29181395603446,124.40288764597514,114.75718233133843,113.60728634716244,104.48869662845533,4.9,65.0,-0.99,0.26
AMZN,1999-03-15,3.325000047683716,3.4749999046325684,3.275000095367432,3.473438024520874,140416000.0,102.65300847133105,123.50792234456492,114.58832252524202,113.66205562698045,104.5357143890087,4.91,62.0,-0.99,0.28
AMZN,1999-03-16,3.4749999046325684,3.509375095367432,3.3187499046325684,3.34531307220459,150688000.0,103.34032625237937,118.93988863567142,114.87575407303497,113.58379382581715,104.63978874827642,4.91,65.0,-0.97,0.26
AMZN,1999-03-17,3.28281307220459,3.337500095367432,3.206249952316284,3.275000095367432,157348000.0,102.35783019584217,118.63883666537515,114.97351396714019,113.54308847099823,104.68388629872676,4.92,65.0,-0.96,0.25
AMZN,1999-03-18,3.321875095367432,3.5,3.309375047683716,3.460937976837158,246004000.0,96.42516709459707,118.92023642871779,115.0800253248749,113.68210468864821,104.63135552686931,4.93,65.0,-0.94,0.24
AMZN,1999-03-19,3.546875,3.5765628814697266,3.375,3.37656307220459,214504000.0,94.72625260114133,117.23825921396609,115.23431284056227,112.74127365103026,104.65698079525592,4.94,65.0,-0.92,0.23
AMZN,1999-03-22,3.32968807220459,3.4124999046325684,3.262500047683716,3.299999952316284,131968000.0,94.83532617454753,117.35706137127283,115.25314653057049,112.43292935391729,104.7018943478179,4.94,65.0,-0.89,0.23
AMZN,1999-03-23,3.215625047683716,3.246875047683716,2.950000047683716,2.984375,224336000.0,97.90192649175499,119.26844359270201,116.30534364865603,112.35687186607683,105.2667825521241,4.96,69.0,-0.85,0.18
AMZN,1999-03-24,2.929687976837158,3.0999999046325684,2.8499999046325684,3.0921878814697266,230876000.0,94.46714429496927,119.46895309193086,116.36617472798977,111.20081309982804,105.30078158869682,4.97,69.0,-0.8,0.17
AMZN,1999-03-25,3.223438024520874,3.5,3.20468807220459,3.496875047683716,321996000.0,99.66065253156887,120.97415844461412,117.2428474577774,110.84941590121508,105.84387562747885,4.99,77.0,-0.77,0.11
AMZN,1999-03-26,3.5,3.693749904632568,3.434375047683716,3.476562976837158,498440000.0,94.33441975311115,120.33609788314439,117.2603519656336,110.8275894525379,105.8539383874394,5.01,77.0,-0.73,0.11
AMZN,1999-03-29,3.75,3.787499904632568,3.700000047683716,3.740624904632568,377760000.0,94.51803345047331,120.90450669249269,117.60576025657785,110.81626926808508,106.03307509744822,5.02,84.0,-0.7,0.08
AMZN,1999-03-30,3.799999952316284,4.237500190734863,3.788280963897705,4.117187976837158,523548000.0,95.15210132080728,122.30545977756218,118.06316157264918,110.99052227996313,106.3858249379412,5.04,94.0,-0.65,0.03
AMZN,1999-03-31,4.28125,4.449999809265137,4.128125190734863,4.304687976837158,441884000.0,93.06057880617182,121.03816974497046,118.1392348609408,110.86081457841068,106.43378337844081,5.05,94.0,-0.59,0.02
AMZN,1999-04-01,4.484375,4.503125190734863,4.1875,4.275000095367432,231464000.0,91.45603402843776,120.70559405628669,118.12360767343071,110.81713602641594,106.36151406033214,5.04,93.0,-0.55,0.02
AMZN,1999-04-05,4.315625190734863,4.6875,4.293749809265137,4.662499904632568,318336000.0,87.84060551082395,120.19090506833736,118.46328955032635,111.20404063376759,106.55173653730434,5.03,97.0,-0.44,-0.01
AMZN,1999-04-06,4.612500190734863,4.893750190734863,4.487500190734863,4.571875095367432,290636000.0,88.26420756346039,116.89856332886262,118.58944287157549,111.11740198255748,106.54508979025366,5.01,97.0,-0.38,-0.02
AMZN,1999-04-07,4.665625095367432,4.6828131675720215,4.28125,4.395312786102295,263332000.0,87.86233024182157,117.20208871293272,118.8389869217592,110.18931215290426,106.50063577809775,4.98,97.0,-0.37,-0.04
AMZN,1999-04-08,4.3703131675720215,4.603125095367432,4.150000095367432,4.474999904632568,229756000.0,86.48687540117514,113.57489276614112,118.52973401004702,110.04899239696826,106.42827555710912,4.94,95.0,-0.37,-0.01
AMZN,1999-04-09,4.453125,4.650000095367432,4.393750190734863,4.571875095367432,136780000.0,80.78213855633054,110.77837822100092,118.493859798887,110.05791495287889,106.41542894944827,4.86,94.0,-0.36,-0.01
AMZN,1999-04-12,4.403124809265137,4.706250190734863,4.400000095367432,4.61093807220459,171384000.0,80.70921056218928,108.77625664786126,118.32904339330241,109.851877382358,106.23266610720819,4.76,92.0,-0.37,0.0
AMZN,1999-04-13,4.668749809265137,4.800000190734863,4.456250190734863,4.459374904632568,160776000.0,81.39234080862538,107.974750695567,118.50170909561378,109.8843273446384,106.30234790491355,4.65,94.0,-0.42,-0.01
AMZN,1999-04-14,4.550000190734863,4.612500190734863,4.165625095367432,4.199999809265137,199056000.0,78.38434810414896,108.73543442374411,116.67995546798846,110.17832790576205,106.50951261045836,4.59,57.0,-0.46,0.03
AMZN,1999-04-15,4.146874904632568,4.262499809265137,3.775000095367432,4.181250095367432,329968000.0,78.47798577589167,108.73673923720118,115.86900459583431,109.94169563198338,106.4990495093685,4.53,52.0,-0.49,0.11
AMZN,1999-04-16,4.596875190734863,4.787499904632568,4.51718807220459,4.75,633204000.0,84.63404894041383,102.04305663631527,116.6264820609163,110.1161730829049,107.14320566355342,4.48,56.0,-0.5,0.06
AMZN,1999-04-19,4.724999904632568,4.724999904632568,3.875,3.973438024520874,567396000.0,101.5909067676208,108.04917635972073,118.00288086890596,112.20512452441336,108.6840002319482,4.45,84.0,-0.52,0.19
AMZN,1999-04-20,3.9328129291534415,4.357812881469727,3.837500095367432,4.300000190734863,400100000.0,103.58735145959012,105.03732071989198,115.03910768668678,112.44682300179028,108.89616200851289,4.44,43.0,-0.54,0.15
AMZN,1999-04-21,4.309374809265137,4.550000190734863,4.224999904632568,4.481249809265137,221640000.0,102.90133271865132,103.353112310614,115.08547974126131,112.44632766800223,108.91954094386169,4.42,44.0,-0.55,0.15
AMZN,1999-04-22,4.607812881469727,4.775000095367432,4.4484381675720215,4.75156307220459,250764000.0,103.0826178551854,103.82718641079039,115.25583984733396,112.59773025892574,108.77293256037194,4.37,46.0,-0.55,0.14
AMZN,1999-04-23,4.821875095367432,5.412499904632568,4.793749809265137,5.253125190734863,634336000.0,105.90864336155292,104.2761813830068,116.10668761177362,112.99361381819513,108.81264931798782,4.28,51.0,-0.43,0.08
AMZN,1999-04-26,5.224999904632568,5.396874904632568,5.099999904632568,5.179687976837158,279700000.0,105.9635751883594,104.18789440521769,114.2553654999569,113.00171081316321,108.78148288067639,4.22,29.0,-0.39,0.18
AMZN,1999-04-27,5.425000190734863,5.53125,5.050000190734863,5.146874904632568,357908000.0,105.82334983981079,103.53081529338448,113.64584190436184,112.87252871710808,108.73492527180923,4.16,27.0,-0.37,0.23
AMZN,1999-04-28,5.0,5.050000190734863,4.559374809265137,4.837500095367432,389476000.0,107.06842530092753,104.49781453545145,113.83964571808943,113.09469853982954,108.1420910835253,4.1,27.0,-0.41,0.21
AMZN,1999-04-29,4.310937881469727,4.543749809265137,4.125,4.206250190734863,844168000.0,115.4817704477667,108.20852751457726,115.91333775120754,114.4435551512881,109.1685827628752,4.04,50.0,-0.45,0.16
AMZN,1999-04-30,4.425000190734863,4.5,4.125,4.301562786102295,355528000.0,114.71327478886646,105.1125008275247,115.90495845696964,114.3461419571711,109.06336117965343,3.97,49.0,-0.51,0.16
AMZN,1999-05-03,4.171875,4.176562786102295,3.753124952316284,3.773437976837158,523728000.0,121.23706020939164,107.86818575068466,118.04641760285257,115.46462127704918,109.94665609344302,3.9,84.0,-0.53,0.05
AMZN,1999-05-04,3.815624952316284,4.012499809265137,3.512500047683716,3.575000047683716,433928000.0,122.1618436413355,108.43309579607583,118.0973384675426,115.56830507215938,110.12691827408202,3.84,85.0,-0.53,0.04
AMZN,1999-05-05,3.596874952316284,3.706249952316284,3.346874952316284,3.662499904632568,554196000.0,118.29288928867174,107.69677351844813,117.85039355935412,115.52232761405645,110.10918670674212,3.73,78.0,-0.53,0.06
AMZN,1999-05-06,3.700000047683716,3.775000095367432,3.393749952316284,3.434375047683716,365688000.0,119.7192225738615,106.95570368274751,118.34666623434855,115.5681763288565,110.25998987801964,3.61,91.0,-0.53,0.02
AMZN,1999-05-07,3.518749952316284,3.5999999046325684,3.275000095367432,3.409374952316284,333080000.0,114.24936031456872,106.79110377531882,118.20333475068507,115.5775297755545,110.27156070917685,3.49,87.0,-0.53,0.03
AMZN,1999-05-10,3.415625095367432,3.674999952316284,3.3499999046325684,3.671875,284824000.0,116.28092140916344,105.08766343206675,118.68570333337867,115.8542831815061,110.46401967238752,3.35,96.0,-0.55,-0.01
AMZN,1999-05-11,3.76718807220459,3.846874952316284,3.5999999046325684,3.709374904632568,278828000.0,114.33701445863092,104.46465509034803,117.96789110654026,115.85457888125535,110.23810562620264,3.22,78.0,-0.56,0.04
AMZN,1999-05-12,3.701562881469727,3.715625047683716,3.5374999046325684,3.5734379291534424,146548000.0,111.07072084148264,104.01372560130152,115.02908605681827,115.911193131589,110.25791740788857,3.15,30.0,-0.55,0.05
AMZN,1999-05-13,3.609375,3.696875095367432,3.400000095367432,3.400000095367432,229980000.0,110.79866089344632,103.92803270331603,115.10096195254324,116.048298998635,110.41108128431264,3.08,33.0,-0.52,0.04
AMZN,1999-05-14,3.328125,3.368750095367432,3.2453129291534424,3.309375047683716,225336000.0,110.93677934442027,103.64095288606825,115.09323233795344,116.0180677812572,110.44504337462801,2.98,32.0,-0.5,0.04
AMZN,1999-05-17,3.25,3.450000047683716,3.0374999046325684,3.440624952316284,417164000.0,108.19687641388616,100.66941499329482,114.05639864674777,115.75188809985357,110.44538219502307,2.89,16.0,-0.47,0.11
AMZN,1999-05-18,3.410938024520874,3.4375,3.273437976837158,3.315624952316284,248156000.0,108.44639896964081,100.69148382727582,114.22012698191631,114.93470507936026,110.50903574771145,2.8,16.0,-0.45,0.09
AMZN,1999-05-19,3.348438024520874,3.4906249046325684,3.337500095367432,3.489063024520874,252384000.0,109.52752117407178,99.97601008939377,114.4800241704589,111.38424933765162,110.5765778653448,2.7,19.0,-0.43,0.06
AMZN,1999-05-20,3.418750047683716,3.450000047683716,3.262500047683716,3.270313024520874,137880000.0,110.46290587197257,100.60214155698415,114.97654474108465,111.53366614919756,110.78522272101972,2.6,27.0,-0.41,0.01
AMZN,1999-05-21,3.268749952316284,3.299999952316284,3.143749952316284,3.2140629291534424,160112000.0,110.06164557844455,97.69364260781923,114.32624790598298,111.10891512945807,110.81342017798892,2.5,15.0,-0.4,0.07
AMZN,1999-05-24,3.215625047683716,3.234375,2.900000095367432,2.9375,285076000.0,112.1678855843384,99.29260690705397,114.86520078130454,111.65502378617043,111.17953950252289,2.4,24.0,-0.39,0.03
AMZN,1999-05-25,2.931250095367432,3.028125047683716,2.784374952316284,2.789062976837158,310204000.0,112.55702694004088,99.48691144744485,115.0379762898981,111.8776092556985,111.19389163107326,2.3,28.0,-0.38,0.01
AMZN,1999-05-26,2.82968807220459,3.046875,2.612499952316284,3.023437976837158,423172000.0,115.09918107582784,99.17845265820988,115.7416186810371,111.98982329367495,111.32576383469586,2.19,38.0,-0.36,-0.04
AMZN,1999-05-27,2.9906249046325684,3.0140628814697266,2.8499999046325684,2.864063024520874,271468000.0,115.75477899985691,99.71945685902476,114.98321497732033,111.6571418328196,111.48976353364752,2.1,25.0,-0.37,-0.0
AMZN,1999-05-28,2.890625,3.009375095367432,2.799999952316284,2.96875,193604000.0,108.96149877681907,99.8506253893457,114.8368191209158,111.41866363055493,111.51132210750264,2.0,20.0,-0.37,0.01
AMZN,1999-06-01,2.7874999046325684,2.837500095367432,2.624608993530273,2.645313024520874,401528000.0,102.07914533044338,102.56426075102516,115.06099658799226,112.19569843904908,112.13459685708625,1.93,28.0,-0.4,0.0
AMZN,1999-06-02,2.618750095367432,2.875,2.4281249046325684,2.8031249046325684,738128000.0,100.59305890805025,103.29485552650021,113.16560207386865,112.25110576162389,112.2394374647072,1.92,2.0,-0.37,0.04
AMZN,1999-06-03,2.848438024520874,2.862499952316284,2.612499952316284,2.62656307220459,346232000.0,100.2111615810845,103.25790052556813,113.56869995071462,112.56839835237005,112.40126975926013,1.9,2.0,-0.35,0.0
AMZN,1999-06-04,2.640625,2.75,2.540625095367432,2.710937976837158,389836000.0,98.71939998246097,102.83002025618015,111.29359748289343,111.39852221597233,112.3866571653934,1.95,1.0,-0.25,0.06
AMZN,1999-06-07,2.7140629291534424,2.996875047683716,2.700000047683716,2.934375047683716,338028000.0,96.67204546262654,104.1907224870965,110.49698671745342,111.07519610789063,112.61228103011562,2.04,1.0,-0.18,0.1
AMZN,1999-06-08,3.0,3.034374952316284,2.759375095367432,2.789062976837158,276888000.0,97.0807163596516,104.64821471574763,109.70000683855956,111.25247348398221,112.70822320923024,2.15,1.0,-0.18,0.16
AMZN,1999-06-09,2.848438024520874,2.862499952316284,2.743750095367432,2.8499999046325684,178084000.0,97.77413509892085,104.36940294992185,109.23572489253462,111.01655684609624,112.31454359611894,2.26,1.0,-0.18,0.21
AMZN,1999-06-10,2.796875,2.953125,2.753124952316284,2.898437976837158,254212000.0,97.48071703877984,104.2016860021096,109.23479823653281,110.9875257028428,112.21919190180296,2.37,1.0,-0.18,0.21
AMZN,1999-06-11,2.878124952316284,2.924999952316284,2.618750095367432,2.645313024520874,277732000.0,93.09212296908689,105.72404738267684,110.1541910772302,109.78621878911325,111.8116620908911,2.44,4.0,-0.19,0.12
AMZN,1999-06-14,2.598438024520874,2.612499952316284,2.243750095367432,2.299999952316284,415292000.0,99.0478014603085,108.61233454531698,107.17781335592416,111.06253953893786,112.72445496844922,2.51,1.0,-0.21,-0.3
AMZN,1999-06-15,2.306250095367432,2.493750095367432,2.265625,2.4124999046325684,366188000.0,95.25404402017016,109.11659260580173,107.0025855236126,110.93237496786708,112.58991912712102,2.58,1.0,-0.22,-0.29
AMZN,1999-06-16,2.53281307220459,2.825000047683716,2.525000095367432,2.7921879291534424,434144000.0,105.25597222811331,113.38876926023235,106.9113477146408,112.01431558579485,112.95373562905584,2.63,1.0,-0.23,-0.3
AMZN,1999-06-17,2.790625095367432,2.978125095367432,2.7406249046325684,2.8234379291534424,380828000.0,104.97426345175018,111.57202262319169,105.96129797341185,111.96717460831265,112.76952987752516,2.8,1.0,-0.23,-0.24
AMZN,1999-06-18,2.79843807220459,2.862499952316284,2.737499952316284,2.78281307220459,159440000.0,103.66462830592211,111.34528127298395,105.9165659037854,111.97005457726617,112.36875285276086,2.95,1.0,-0.24,-0.23
AMZN,1999-06-21,2.8390629291534424,3.0890629291534424,2.793750047683716,3.087500095367432,324544000.0,108.53331047227319,110.49721166525515,106.29292099028697,112.04820470223069,112.7095424878338,3.09,3.0,-0.24,-0.24
AMZN,1999-06-22,3.07968807220459,3.237499952316284,2.9124999046325684,2.9375,334588000.0,106.77635129505114,110.9276842167842,106.528940794879,111.98502238518557,112.66178667257256,3.21,4.0,-0.24,-0.26
AMZN,1999-06-23,2.8890628814697266,3.03281307220459,2.8031249046325684,2.9437499046325684,328596000.0,106.68662306848115,109.7979150473128,106.2383507856445,111.77296440007105,111.96839162195194,3.32,3.0,-0.24,-0.24
AMZN,1999-06-24,2.953125,2.97031307220459,2.825000047683716,2.840625047683716,167104000.0,106.6472949789442,107.9802550229588,106.38021367328616,111.83818274906186,111.82950557244529,3.43,5.0,-0.24,-0.25
AMZN,1999-06-25,2.910938024520874,2.9375,2.703125,2.754688024520874,195036000.0,106.13580440072907,107.57107505986805,106.19716896555612,110.41637456342019,111.87934920389789,3.54,3.0,-0.24,-0.24
AMZN,1999-06-28,2.775000095367432,2.796875,2.5609378814697266,2.76718807220459,337436000.0,106.01294960671832,107.59901758908018,104.08528868163798,109.92178293619652,111.74507333687866,3.69,1.0,-0.26,-0.17
AMZN,1999-06-29,2.7562499046325684,2.956249952316284,2.71875,2.9015629291534424,312960000.0,106.35460954397142,106.42627932991712,103.88481911449374,109.87069054341309,111.74800876081518,3.83,1.0,-0.26,-0.15
AMZN,1999-06-30,2.9124999046325684,3.231250047683716,2.875,3.128124952316284,338124000.0,108.43332907140584,107.74580675806075,104.52800523011894,110.15029412119142,111.96715456387862,3.95,3.0,-0.25,-0.2
AMZN,1999-07-01,3.1312499046325684,3.1624999046325684,2.950000047683716,3.059375047683716,287656000.0,107.3991858466306,107.57816985196726,104.14001396509764,110.1597476233328,111.24395263879971,4.07,3.0,-0.24,-0.17
AMZN,1999-07-02,3.081249952316284,3.150000095367432,3.018749952316284,3.101562976837158,144168000.0,105.96457673751729,107.54100726977254,103.18586788151256,110.1471049913232,110.96944576440457,4.21,1.0,-0.21,-0.09
AMZN,1999-07-06,3.200000047683716,3.332813024520874,3.137500047683716,3.171875,297724000.0,106.08310385515294,107.55213066068798,103.13610336736954,110.10446485640237,110.39914271244646,4.35,1.0,-0.18,-0.08
AMZN,1999-07-07,3.153125047683716,3.1875,3.0,3.046875,199760000.0,103.3790636507179,107.73286116992355,101.61622210218972,110.23139772176643,109.6302256440979,4.51,1.0,-0.17,-0.03
AMZN,1999-07-08,3.140625,3.1875,3.03281307220459,3.134375095367432,212488000.0,102.40925069745572,107.82671225152242,101.37316772623618,110.07087967072391,108.80935956291329,4.66,1.0,-0.14,-0.0
AMZN,1999-07-09,3.153125047683716,3.1937499046325684,3.101562976837158,3.137500047683716,111636000.0,99.78715168747772,107.2436805124412,100.92067446014707,110.07284041734707,108.79109020555839,4.82,1.0,-0.11,0.05
AMZN,1999-07-12,3.125,3.137500047683716,2.900000095367432,2.934375047683716,213064000.0,100.4698848395192,107.99529405024433,101.13430576324762,110.38482878483515,108.84348182433317,4.97,2.0,-0.08,0.03
AMZN,1999-07-13,2.90625,3.179687976837158,2.875,3.153125047683716,409064000.0,102.09118418840308,105.63533011984461,101.4607612479183,110.5780739296059,108.80076909869148,5.11,4.0,-0.05,0.02
AMZN,1999-07-14,3.184375047683716,3.375,3.145313024520874,3.375,388072000.0,97.5028894787745,100.47779735089017,99.97419182761985,110.81432020284858,108.81064673611213,5.27,1.0,-0.03,0.04
AMZN,1999-07-15,3.375,3.5374999046325684,3.3343749046325684,3.489063024520874,455260000.0,96.66510655622122,99.3196886286349,99.8716756319669,110.76746689399477,108.81331764635654,5.42,1.0,-0.01,0.05
AMZN,1999-07-16,3.46875,3.5625,3.403125047683716,3.440624952316284,205948000.0,94.45102103489279,98.90057183506372,99.1632362436024,110.63589175000008,108.82993179354852,5.57,1.0,-0.0,0.1
AMZN,1999-07-19,3.400000095367432,3.415625095367432,3.2874999046325684,3.2921879291534424,188768000.0,95.41982760544636,98.34496426117578,99.23435127746967,110.80123085567655,108.82414411775434,5.71,2.0,0.02,0.09
AMZN,1999-07-20,3.228125095367432,3.234375,3.00156307220459,3.003124952316284,344436000.0,96.96135409756891,97.34270290277172,98.52384032731045,111.09081244722596,108.42904282661898,5.86,1.0,0.01,0.06
AMZN,1999-07-21,3.025000095367432,3.206249952316284,3.0062499046325684,3.1359379291534424,342688000.0,96.4460396969516,97.93079838863457,98.68831976552704,111.17649092525556,108.40948176222567,6.0,2.0,0.01,0.05
AMZN,1999-07-22,2.910938024520874,2.9281249046325684,2.618750095367432,2.6703128814697266,1150944000.0,107.39522877833245,102.7857779745791,101.73191206409223,112.85694944872564,109.65066027538558,6.07,12.0,-0.02,0.06
AMZN,1999-07-23,2.7453129291534424,2.868750095367432,2.57968807220459,2.864063024520874,601612000.0,109.30358953633892,103.5436199122176,101.34262169358156,112.99950044583711,109.72628768798027,6.13,9.0,-0.02,0.11
AMZN,1999-07-26,2.7609379291534424,2.887500047683716,2.625,2.648437976837158,612552000.0,108.4176712187537,100.9510289909309,102.04404337266266,113.39758385456125,109.99141818060684,6.2,14.0,-0.05,0.03
AMZN,1999-07-27,2.7249999046325684,2.759375095367432,2.503124952316284,2.525000095367432,475396000.0,101.12792604519989,101.08051940330623,102.2240935434439,113.55518465816684,110.10948091934314,6.27,15.0,-0.07,0.01
AMZN,1999-07-28,2.5496089458465576,2.653125047683716,2.4906249046325684,2.643749952316284,515672000.0,101.060303971599,98.42010149869958,102.48403733260662,113.57848451328081,110.03805280957113,6.33,16.0,-0.1,-0.02
AMZN,1999-07-29,2.559375047683716,2.609375,2.5,2.539062976837158,374960000.0,92.17781029242887,98.17515027680189,102.66414056984536,113.69528661132495,109.65074447361765,6.38,17.0,-0.12,-0.04
AMZN,1999-07-30,2.5531249046325684,2.5687499046325684,2.4375,2.50156307220459,241140000.0,92.13547152785353,97.99350895814197,102.17936381440805,113.65171171347347,109.55426571183516,6.44,15.0,-0.15,-0.01
AMZN,1999-08-02,2.4593749046325684,2.5531249046325684,2.348438024520874,2.3499999046325684,339356000.0,93.64720689384552,97.94846526724135,102.21229238939613,113.80879618249458,109.71588298373842,6.5,16.0,-0.18,-0.03
AMZN,1999-08-03,2.424999952316284,2.424999952316284,2.2406249046325684,2.371875047683716,582780000.0,87.86687329699575,98.00023001481134,102.21234035346481,113.75611194514377,109.68207583960125,6.55,17.0,-0.21,-0.03
AMZN,1999-08-04,2.34375,2.409374952316284,2.200000047683716,2.210937976837158,448228000.0,88.89093573007841,97.41898990739108,102.75312525552593,114.04556914451807,109.92618840936615,6.59,21.0,-0.24,-0.08
AMZN,1999-08-05,2.18906307220459,2.450000047683716,2.049999952316284,2.431250095367432,750340000.0,93.87833284525595,99.63722303118517,103.70573271363857,114.53537486103495,110.24028631213586,6.62,24.0,-0.26,-0.13
AMZN,1999-08-06,2.415625095367432,2.487499952316284,2.231250047683716,2.239063024520874,424376000.0,96.09294821955484,100.64373433154505,104.32111341853975,113.44717068451071,110.54467716944131,6.64,28.0,-0.28,-0.18
AMZN,1999-08-09,2.2874999046325684,2.2874999046325684,2.114063024520874,2.137500047683716,260828000.0,96.52326858967957,100.58669654780863,104.50335859488702,113.02072466683646,110.52324232762516,6.65,29.0,-0.31,-0.2
AMZN,1999-08-10,2.134375095367432,2.304687976837158,2.049999952316284,2.275000095367432,463900000.0,98.63050957604158,101.51788635455041,104.61260532511574,112.93034878910662,110.59358020110481,6.67,31.0,-0.33,-0.21
AMZN,1999-08-11,2.309375047683716,2.3812499046325684,2.129688024520874,2.273437976837158,513100000.0,97.32087970153128,101.08934305366526,104.56233386422116,111.29137078492784,110.58238680176228,6.67,31.0,-0.36,-0.2
AMZN,1999-08-12,2.275000095367432,2.393749952316284,2.234375,2.293750047683716,262816000.0,94.23703390469895,100.9431482099969,104.53734838403206,109.07779857203086,110.48324817568242,6.68,31.0,-0.38,-0.2
AMZN,1999-08-13,2.375,2.4359378814697266,2.353125095367432,2.4359378814697266,215696000.0,96.33492533145775,101.18164951818054,103.85592515765806,109.2792890356866,110.60150749112671,6.68,25.0,-0.4,-0.14
AMZN,1999-08-16,2.456249952316284,2.5218749046325684,2.387500047683716,2.457813024520874,255064000.0,96.25342016642985,100.4784102012414,103.69718121300102,109.25275515809814,110.52527031823196,6.69,24.0,-0.42,-0.13
AMZN,1999-08-17,2.512500047683716,2.737499952316284,2.496875047683716,2.731250047683716,473376000.0,101.39018117792153,102.94437044187504,103.1948888935365,109.89104810111672,110.95643969348126,6.68,24.0,-0.42,-0.14
AMZN,1999-08-18,2.878124952316284,2.9375,2.8125,2.828125,568308000.0,101.45825269572086,101.59468074113019,103.36315017044278,108.97786832833249,110.78681218694668,6.67,25.0,-0.41,-0.15
AMZN,1999-08-19,2.768749952316284,2.7796878814697266,2.628124952316284,2.653125047683716,365700000.0,102.53905652581767,101.8830417788805,103.112486851889,108.80338461031975,110.99318496566065,6.66,22.0,-0.38,-0.16
AMZN,1999-08-20,2.65625,2.8390629291534424,2.628124952316284,2.835937976837158,285624000.0,104.6466016871564,101.44248240694664,102.49722325082851,108.89628563226876,111.17203646785256,6.64,20.0,-0.3,-0.13
AMZN,1999-08-23,2.898437976837158,3.012500047683716,2.893749952316284,2.9593749046325684,384120000.0,103.67609443970747,101.2176228959316,102.47455872300881,108.80339618728662,111.23957884009208,6.62,19.0,-0.18,-0.13
AMZN,1999-08-24,2.900000095367432,3.137500047683716,2.898437976837158,3.00156307220459,500200000.0,101.53870120297248,100.9910662841162,102.51255465170892,108.8056317429868,111.19103901393339,6.59,22.0,-0.06,-0.13
AMZN,1999-08-25,3.070312976837158,3.325000047683716,3.0374999046325684,3.321875095367432,418828000.0,103.9614507299123,100.16569160425787,102.86626571957216,109.41397464835583,111.58287421701358,6.55,25.0,0.1,-0.14
AMZN,1999-08-26,3.325000047683716,3.3890628814697266,3.1875,3.2140629291534424,384884000.0,103.86425491673658,99.79903510687842,102.9418218257434,109.2509771243113,111.5801217508234,6.51,26.0,0.27,-0.15
AMZN,1999-08-27,3.262500047683716,3.2632811069488525,3.125,3.212500095367432,258456000.0,103.81093806492775,98.81057270260511,102.7819722640672,109.05944968450645,111.35061938103551,6.46,25.0,0.44,-0.13
AMZN,1999-08-30,3.18906307220459,3.25,2.946875095367432,2.981250047683716,369888000.0,105.25117335708778,99.90817872966097,103.34894362703582,109.42901429068026,110.96944462618654,6.4,32.0,0.65,-0.19
AMZN,1999-08-31,2.9593749046325684,3.117187976837158,2.804687976837158,3.109375,655848000.0,102.58071281020773,98.96160518714797,103.53049329756503,109.41213821342109,108.39596303218646,6.34,34.0,0.88,-0.2
AMZN,1999-09-01,3.174999952316284,3.174999952316284,2.9375,2.976562976837158,439232000.0,102.5732703950491,98.81289483459234,103.7029210935852,109.54816027789214,108.38301217927824,6.28,36.0,1.14,-0.23
AMZN,1999-09-02,2.875,3.096874952316284,2.868750095367432,3.003124952316284,336774000.0,90.83546377357095,98.73434551434407,103.61872883689296,109.07665020085715,108.01839968900853,6.21,35.0,1.42,-0.21
AMZN,1999-09-03,3.181250095367432,3.200000047683716,3.03125,3.121875047683716,328718000.0,89.29648165055923,98.98787261359759,103.44614212621268,107.22716784138812,108.03078339479777,6.17,34.0,1.67,-0.18
AMZN,1999-09-07,3.190624952316284,3.21875,3.106250047683716,3.1468749046325684,180174000.0,85.92099001011331,97.09328722792486,103.46040270219103,107.0974502069226,108.03088904493133,6.13,35.0,1.93,-0.18
AMZN,1999-09-08,3.0999999046325684,3.1624999046325684,3.046875,3.071875095367432,139520000.0,84.9106956508842,92.6179451698254,101.37578984578548,107.066082044032,107.89589640455146,6.1,11.0,2.32,-0.15
AMZN,1999-09-09,3.174999952316284,3.221874952316284,3.118750095367432,3.181250095367432,183664000.0,84.52674079438603,92.40186645235302,97.63617285952343,106.4168755821227,107.52840415265739,6.09,1.0,2.56,-0.32
AMZN,1999-09-10,3.296875,3.400000095367432,3.243750095367432,3.325000047683716,248418000.0,84.03102801896837,87.98760669835072,97.05410942339499,106.53279686064963,107.39477222354068,6.13,1.0,2.92,-0.29
AMZN,1999-09-13,3.28125,3.299999952316284,3.125,3.165625095367432,154952000.0,85.45013262875227,88.61137225257468,97.07527229282408,106.69550188159684,107.41160880241098,6.16,2.0,3.43,-0.31
AMZN,1999-09-14,3.137500047683716,3.321875095367432,3.137500047683716,3.299999952316284,175656000.0,83.30150165328682,88.9126019095048,96.83590710375769,106.80397069334337,107.40063285223754,6.19,1.0,4.0,-0.29
AMZN,1999-09-15,3.387500047683716,3.3968749046325684,3.25,3.278125047683716,156346000.0,83.46313166421633,86.39670742810759,95.3898229361839,106.39195873104516,107.39689133421348,6.23,1.0,4.02,-0.23
AMZN,1999-09-16,3.246875047683716,3.290625095367432,3.137500047683716,3.262500047683716,141178000.0,80.0242845461341,85.75630147327756,95.37801101141444,106.17009623538142,106.48388409541343,6.29,1.0,3.64,-0.22
AMZN,1999-09-17,3.28125,3.299999952316284,3.137500047683716,3.190624952316284,144790000.0,76.72962894458432,85.89742978643429,95.41885413527092,106.12554514854612,106.05768938714246,6.34,3.0,2.14,-0.23
AMZN,1999-09-20,3.184375047683716,3.25,3.134375095367432,3.137500047683716,119142000.0,72.15949428893124,85.63689899506608,94.99787577679803,106.14631002576115,106.04561908569265,6.4,1.0,0.51,-0.18
AMZN,1999-09-21,3.081249952316284,3.196875095367432,3.049999952316284,3.112499952316284,164650000.0,70.32736646093313,85.39626167745067,92.48343645865027,105.49741791504897,105.85843661347938,6.46,1.0,0.3,-0.15
AMZN,1999-09-22,3.143749952316284,3.325000047683716,3.034374952316284,3.299999952316284,200750000.0,70.09904020206041,86.17621980970569,92.91236740757624,105.55202794963223,105.9598028759585,6.52,2.0,-0.48,-0.19
AMZN,1999-09-23,3.3499999046325684,3.4375,3.061718940734864,3.112499952316284,287472000.0,72.97985582301179,86.57381028222446,91.05757430514035,105.06967806513315,104.77496566249994,6.56,1.0,-0.5,-0.2
AMZN,1999-09-24,3.0999999046325684,3.299999952316284,3.075000047683716,3.25,219450000.0,73.59126626246201,85.64970016665355,90.94993893469137,103.84738012792508,104.78854928915126,6.59,1.0,-0.47,-0.18
AMZN,1999-09-27,3.309375047683716,3.393749952316284,3.09375,3.128124952316284,287662000.0,73.47675420019927,85.89448005315467,91.05039500064784,103.93343089076478,104.69230648697845,6.61,2.0,-0.46,-0.2
AMZN,1999-09-28,3.125,3.325000047683716,3.056250095367432,3.293750047683716,315376000.0,74.53941622775986,86.49462914935523,90.87650501334466,102.72912193179933,104.66811285104083,6.62,1.0,-0.44,-0.17
AMZN,1999-09-29,3.325000047683716,4.25,3.2874999046325684,4.037499904632568,1587488000.0,89.42583717595534,95.8722869207263,96.46503006347729,104.57172651912647,106.50204806837591,6.53,11.0,-0.03,0.49
AMZN,1999-09-30,3.990624904632568,4.074999809265137,3.8125,3.996875047683716,620924000.0,89.4218418826212,95.47687718861398,95.77843934929837,103.91682677069257,106.49670744568591,6.42,11.0,0.2,0.58
AMZN,1999-10-01,3.849999904632568,3.962500095367432,3.832813024520874,3.862499952316284,208606000.0,87.64317061409167,95.67088843332527,95.92739586123852,103.6616524583351,106.19063265098177,6.32,12.0,0.26,0.57
AMZN,1999-10-04,3.971874952316284,3.987499952316284,3.787499904632568,3.853125095367432,195148000.0,86.21168780979912,95.67726691808251,95.73768879595629,103.64379781767438,105.98878961006588,6.27,11.0,0.3,0.59
AMZN,1999-10-05,3.856250047683716,3.987499952316284,3.737499952316284,3.921875,328402000.0,85.69917456646071,94.58491401727541,95.4301489720368,103.66223561343715,105.83903397780124,6.22,11.0,0.33,0.62
AMZN,1999-10-06,3.978125095367432,4.181250095367432,3.974999904632568,4.121874809265137,310644000.0,86.48812764951487,94.02112781122291,95.62545381461733,100.65961826613173,105.89286470372092,6.16,12.0,0.47,0.59
AMZN,1999-10-07,4.28125,4.5,4.175000190734863,4.365624904632568,492188000.0,83.35933737683465,93.74111178264756,95.85187457888054,100.56306455643968,104.8848315178834,6.11,15.0,0.91,0.56
AMZN,1999-10-08,4.34375,4.474999904632568,4.221875190734863,4.462500095367432,229174000.0,82.46415217045447,93.62067364071382,95.6919635785361,99.08013339428604,104.52578303455071,6.05,13.0,1.23,0.57
AMZN,1999-10-11,4.456250190734863,4.46875,4.337500095367432,4.418749809265137,133848000.0,82.62144270256186,93.59044036091737,95.40182209018157,98.47913401925348,104.42295086990765,5.99,10.0,1.34,0.62
AMZN,1999-10-12,4.384375095367432,4.425000190734863,4.243750095367432,4.246874809265137,144628000.0,80.0614767514424,93.4972610271023,95.03518093905217,98.5720110011437,104.51644683940013,5.91,8.0,1.17,0.66
AMZN,1999-10-13,4.125,4.25,3.978125095367432,3.996875047683716,231236000.0,82.19413265658105,92.33754185006536,95.51441987497022,98.3242109301804,104.7007981522051,5.83,14.0,0.96,0.6
AMZN,1999-10-14,4.025000095367432,4.168749809265137,3.921875,3.9796879291534415,254260000.0,80.80960788120755,92.00424922835484,94.37174467331928,98.28691646689015,104.69342834638962,5.75,7.0,0.74,0.71
AMZN,1999-10-15,3.793750047683716,3.853125095367432,3.696875095367432,3.753124952316284,243738000.0,83.20007688729983,86.40601502695381,94.47789258387456,98.3591058327536,104.84883086987975,5.65,8.0,0.59,0.7
AMZN,1999-10-18,3.753124952316284,3.825000047683716,3.5531249046325684,3.703125,215876000.0,82.86563330136309,85.43774820694662,93.6850703179802,98.36685949449182,104.85111326564616,5.54,7.0,0.46,0.81
AMZN,1999-10-19,3.881249904632568,3.912499904632568,3.78125,3.831249952316284,155600000.0,83.27065299594068,83.88864817050474,93.38422759078729,98.25324248516041,104.74059946148185,5.44,7.0,0.31,0.84
AMZN,1999-10-20,3.915625095367432,4.03125,3.817188024520874,4.025000095367432,154710000.0,83.63949444422533,83.58366554142444,93.52927095431055,97.20112250766303,104.83034253418653,5.34,8.0,0.15,0.82
AMZN,1999-10-21,3.896874904632568,4.140625,3.853125095367432,4.037499904632568,179220000.0,83.28870792094851,83.20800894944679,91.58244701287043,96.89324557814581,104.80301605965006,5.24,5.0,0.03,0.95
AMZN,1999-10-22,4.071875095367432,4.181250095367432,3.900000095367432,3.931250095367432,146096000.0,83.14073637541401,82.92050979598102,91.30373134681217,96.9230390346757,104.79133113421442,5.19,5.0,-0.09,1.01
AMZN,1999-10-25,3.950000047683716,4.150000095367432,3.896874904632568,4.137499809265137,143618000.0,82.48364090729916,83.26971134526107,90.94913188967155,96.81889840539874,104.88802821601719,5.13,2.0,-0.19,1.04
AMZN,1999-10-26,4.15625,4.215624809265137,4.006249904632568,4.0625,154230000.0,82.24917260132874,82.14761966897754,90.91604578000944,96.26207739799685,104.84229385100676,5.11,2.0,-0.29,1.05
AMZN,1999-10-27,3.96875,3.96875,3.740624904632568,3.796875,256704000.0,84.97688638047755,83.63955421197295,90.81409099789325,96.56242263226015,104.98493606619125,5.09,1.0,-0.37,1.08
AMZN,1999-10-28,3.4749999046325684,3.65625,3.293750047683716,3.549999952316284,714528000.0,87.48548806560197,83.52079880236916,91.09709711080508,95.89069093471434,105.23592274917284,5.09,8.0,-0.4,1.05
AMZN,1999-10-29,3.637500047683716,3.640625,3.462500095367432,3.53125,193776000.0,87.20023272305657,81.55972719427342,91.05286796485987,95.69768152181585,104.98941681261198,5.08,7.0,-0.43,1.06
AMZN,1999-11-01,3.403125047683716,3.59375,3.315624952316284,3.456249952316284,256482000.0,87.30472646697788,79.66834447405262,91.0984836665934,95.47555088053144,105.02097389525397,5.07,10.0,-0.45,1.06
AMZN,1999-11-02,3.487499952316284,3.5,3.253124952316284,3.321875095367432,264864000.0,88.1364825935437,79.48557590885459,90.11703311195173,95.37761864303558,105.068835635763,5.05,1.0,-0.44,1.16
AMZN,1999-11-03,3.409374952316284,3.424999952316284,3.25,3.290625095367432,215442000.0,86.54890470482832,78.72206125846913,87.2114971466354,95.23265601743044,104.99016897780164,5.14,1.0,-0.4,1.24
AMZN,1999-11-04,3.359375,3.393749952316284,3.049999952316284,3.153125047683716,335184000.0,85.73926358157846,79.34590231854871,87.22717620022364,94.16397265630968,105.06637793940897,5.22,2.0,-0.36,1.26
AMZN,1999-11-05,3.237499952316284,3.275000095367432,3.112499952316284,3.246875047683716,221828000.0,85.2286018224285,79.49376975214228,84.25609487176267,94.08333649605557,105.08615271675481,5.37,1.0,-0.34,1.38
AMZN,1999-11-08,3.2406249046325684,4.0,3.174999952316284,3.900000095367432,646788000.0,99.57505625395567,86.7632106834518,89.05201453835016,96.09327604575444,106.53572579770831,5.41,4.0,-0.41,1.56
AMZN,1999-11-09,4.099999904632568,4.153124809265137,3.5,3.540625095367432,529542000.0,103.06188996115316,89.36689773128097,90.41350043658865,96.68568420049989,107.01356024553614,5.42,6.0,-0.41,1.42
AMZN,1999-11-10,3.578125,3.75,3.5062499046325684,3.5999999046325684,230134000.0,83.78982620309472,86.96857827499322,88.96976167540649,95.6796183930723,106.96923924269954,5.45,4.0,-0.44,1.64
AMZN,1999-11-11,3.737499952316284,3.831249952316284,3.5687499046325684,3.650000095367432,185878000.0,83.92025499626452,86.76253347690938,88.60769878237956,95.64996586498003,106.88007129613932,5.48,4.0,-0.47,1.68
AMZN,1999-11-12,3.6875,3.75,3.540625095367432,3.746875047683716,206392000.0,83.79622072277483,85.69881015126109,88.68972349337095,95.59896594508139,106.86168961571975,5.5,5.0,-0.51,1.65
AMZN,1999-11-15,3.78125,3.799999952316284,3.665625095367432,3.674999952316284,128744000.0,83.9647550454596,84.89795784701634,88.54930346542235,94.99247835461263,106.84701138988422,5.52,4.0,-0.52,1.68
AMZN,1999-11-16,3.712500095367432,3.981250047683716,3.6875,3.946875095367432,304774000.0,86.44020607307853,85.65334283514075,89.0538073643767,95.33601334249488,107.03988421969777,5.52,9.0,-0.56,1.56
AMZN,1999-11-17,3.896874904632568,4.0,3.771874904632568,3.825000047683716,133148000.0,85.5941476268643,85.9484946215923,89.22636667572353,95.35269543050198,105.93296567222306,5.55,10.0,-0.57,1.54
AMZN,1999-11-18,3.837500095367432,3.909374952316284,3.762500047683716,3.896874904632568,116208000.0,83.95506557844075,83.58534935260681,88.98015778175456,95.36725926557898,105.51447920003683,5.58,8.0,-0.6,1.59
AMZN,1999-11-19,3.893749952316284,3.90625,3.803124904632568,3.896874904632568,115212000.0,83.61074690748964,83.25708052458542,88.22376063616628,95.36604902530776,105.26782655008475,5.6,4.0,-0.64,1.75
AMZN,1999-11-22,3.893749952316284,4.125,3.799999952316284,4.025000095367432,214168000.0,84.26884469426432,83.46650141975188,88.26458221477337,95.16941982971244,104.07530152752066,5.63,5.0,-0.68,1.72
AMZN,1999-11-23,4.018750190734863,4.28125,3.8125,4.087500095367432,366650000.0,83.70238771180044,81.8761809557492,88.27041192144424,94.97855599940912,102.42692660434889,5.67,6.0,-0.73,1.72
AMZN,1999-11-24,4.212500095367432,4.387499809265137,4.162499904632568,4.362500190734863,289662000.0,83.88490335154093,82.45261403347521,88.77120289486109,95.25748934478338,102.59480045773017,5.69,10.0,-0.76,1.61
AMZN,1999-11-26,4.553124904632568,4.756249904632568,4.53125,4.65625,229920000.0,85.7604689545218,82.68935021788387,89.03564706040767,95.5421589884507,102.75263108366384,5.72,13.0,-0.7,1.54
AMZN,1999-11-29,4.775000095367432,4.84375,4.506249904632568,4.521874904632568,361074000.0,84.27132886419133,83.03048593802741,89.108697562693,95.49677689207674,102.77342352790228,5.75,16.0,-0.72,1.54
AMZN,1999-11-30,4.413280963897705,4.443749904632568,4.190625190734863,4.253125190734863,269310000.0,86.35563106091656,83.91278406598084,89.70245757368649,95.67411030657699,102.22223348857777,5.77,18.0,-0.77,1.46
AMZN,1999-12-01,4.362500190734863,4.393750190734863,4.098437786102295,4.25,213272000.0,85.91382350098284,83.91926001346141,89.00080722227713,95.63674647245625,101.88004639110922,5.8,13.0,-0.79,1.55
AMZN,1999-12-02,4.300000190734863,4.565625190734863,4.28125,4.453125,190774000.0,85.79435489128173,84.12386213543242,88.59814318469707,95.57449920570858,101.8345225484205,5.83,8.0,-0.82,1.63
AMZN,1999-12-03,4.625,4.668749809265137,4.303124904632568,4.328125,223024000.0,86.28950104592342,84.20123681035679,88.13140529285668,95.590112269297,101.73512146432111,5.87,4.0,-0.87,1.74
AMZN,1999-12-06,4.34375,4.493750095367432,4.234375,4.387499809265137,183984000.0,85.90274695176934,83.82771034267063,88.01212777141616,95.55706531816998,101.73536107725371,5.91,4.0,-0.91,1.77
AMZN,1999-12-07,4.400000095367432,4.400000095367432,4.21875,4.303124904632568,134542000.0,84.94291037575888,83.23332235130599,88.04194699473861,94.81586400024402,101.75830036414236,5.96,5.0,-0.94,1.77
AMZN,1999-12-08,4.340624809265137,4.650000095367432,4.300000190734863,4.428124904632568,257344000.0,85.09066037315849,83.03328928412063,87.82437174871919,94.78528111362725,101.59707073665483,6.0,4.0,-0.98,1.79
AMZN,1999-12-09,4.775000095367432,5.650000095367432,4.671875,5.181250095367432,827292000.0,93.42647383335039,88.6496473154668,89.84868646278528,95.48094482302953,102.60569549177761,6.02,25.0,-0.76,1.73
AMZN,1999-12-10,5.596875190734863,5.599999904632568,5.221875190734863,5.334374904632568,298580000.0,90.60369154229997,88.71923292801704,89.72506749878616,95.52921170579643,102.61854772697987,6.04,25.0,-0.55,1.76
AMZN,1999-12-13,5.331250190734863,5.331250190734863,5.074999809265137,5.125,173074000.0,91.784442486327,89.05389550217826,86.00832560942932,95.28657303953331,102.63164794795165,6.08,2.0,-0.49,1.66
AMZN,1999-12-14,5.1875,5.199999809265137,4.678124904632568,4.78125,202158000.0,94.33998455321685,90.32155591679472,86.23560852289181,94.99408277504864,102.89170204641943,6.12,3.0,-0.53,1.73
AMZN,1999-12-15,4.643750190734863,4.971875190734863,4.550000190734863,4.824999809265137,202670000.0,93.12376856681689,90.26806564839629,85.19394194355084,94.85701318802086,102.54321156712179,6.16,2.0,-0.55,1.84
AMZN,1999-12-16,4.912499904632568,4.9375,4.675000190734863,4.743750095367432,140088000.0,93.30303340633394,89.76382625339623,84.83945261134677,94.8757645896563,101.1160568976307,6.21,2.0,-0.56,1.89
AMZN,1999-12-17,4.859375,4.881249904632568,4.690625190734863,4.703125,119118000.0,92.07599410579668,88.80878447567403,84.63220915397147,94.32551796266783,101.01704167333506,6.24,2.0,-0.58,1.97
AMZN,1999-12-20,4.887499809265137,5.099999904632568,4.753125190734863,4.849999904632568,211332000.0,92.09884740244695,88.62728940381952,84.39771634587038,94.36591362123747,101.00345525519414,6.27,2.0,-0.58,1.97
AMZN,1999-12-21,4.828125,5.021874904632568,4.775000095367432,4.993750095367432,190190000.0,76.98469343149394,88.24494797972962,84.40399610389765,94.30852088295444,100.50633761092031,6.31,3.0,-0.58,1.94
AMZN,1999-12-22,5.028124809265137,5.028124809265137,4.775000095367432,4.884375095367432,118420000.0,70.95300239542325,87.97535032999431,83.80017246736551,94.32460831648378,100.5325922461636,6.34,1.0,-0.58,2.02
AMZN,1999-12-23,4.900000095367432,4.949999809265137,4.453125,4.5,258292000.0,75.82666785646455,79.73852544372866,84.98912135921633,94.79363125189647,100.8838826539591,6.36,7.0,-0.57,1.89
AMZN,1999-12-27,4.387499809265137,4.412499904632568,4.0,4.056250095367432,330476000.0,82.35117015148265,82.59807826606867,85.92141769882706,95.57869576240705,101.43726564626098,6.35,9.0,-0.55,1.83
AMZN,1999-12-28,4.153124809265137,4.324999809265137,4.078125,4.115624904632568,206086000.0,82.14119125017612,82.3334465086811,84.74314741232872,95.51604648497718,101.13850989867802,6.33,6.0,-0.51,2.08
AMZN,1999-12-29,4.171875,4.268750190734863,4.131249904632568,4.175000190734863,118260000.0,81.91943410420635,82.37471355528922,83.58065710547497,95.26883328256125,100.97457086299204,6.32,1.0,-0.5,2.22
AMZN,1999-12-30,4.231249809265137,4.256249904632568,3.924999952316284,3.953125,185132000.0,81.08274453099851,83.09115439183621,83.7219286415237,95.48616168516202,101.06906851698399,6.29,2.0,-0.52,2.2
AMZN,1999-12-31,3.965625047683716,3.96875,3.799999952316284,3.806250095367432,145414000.0,81.32298511615257,82.79632239237569,83.52082635371556,94.36744771583975,101.1457749223602,6.26,1.0,-0.51,2.31
AMZN,2000-01-03,4.074999809265137,4.478125095367432,3.9523439407348633,4.46875,322352000.0,93.6298503966394,88.42031667709202,87.07643753328153,93.92465839746866,101.91805235564257,6.18,16.0,-0.57,2.03
AMZN,2000-01-04,4.268750190734863,4.574999809265137,4.087500095367432,4.096875190734863,349748000.0,97.31174721242233,90.08434828544898,88.33494637576659,94.02758700997269,102.18006382754503,6.08,26.0,-0.62,1.9
AMZN,2000-01-05,3.525000095367432,3.756249904632568,3.400000095367432,3.487499952316284,769148000.0,107.61007089337707,95.83343902362725,91.78222860404244,95.79956181718141,102.9452974762854,5.97,57.0,-0.64,2.0
AMZN,2000-01-06,3.565624952316284,3.634375095367432,3.200000047683716,3.278125047683716,375040000.0,108.67782807072595,96.29486462742166,92.36440752014782,95.79855923979612,102.15448612377828,5.87,58.0,-0.68,1.93
AMZN,2000-01-07,3.3499999046325684,3.525000095367432,3.309375047683716,3.478125095367432,210108000.0,108.34945257026534,96.43258870186997,91.3424808595359,95.3018933420627,102.32632804022346,5.77,56.0,-0.66,2.08
AMZN,2000-01-10,3.628124952316284,3.631249904632568,3.278125047683716,3.4593749046325684,295158000.0,106.14185288373726,96.43381756603289,91.20203602497793,95.2923156914353,101.32706172393749,5.66,55.0,-0.63,2.13
AMZN,2000-01-11,3.34375,3.5,3.25,3.337500095367432,210654000.0,106.26335789452148,95.97838178817119,90.79441112240649,95.37418421946549,100.65614779559495,5.55,45.0,-0.64,2.19
AMZN,2000-01-12,3.393749952316284,3.400000095367432,3.150000095367432,3.1781249046325684,216090000.0,105.80635165865398,96.4344075933128,90.56295116548276,95.27177350749136,100.29121073319061,5.45,45.0,-0.64,2.3
AMZN,2000-01-13,3.246875047683716,3.359375,3.15625,3.296875,208962000.0,106.63478029534326,96.4791805764595,90.498790971511,93.96578543777167,100.11762744129125,5.35,45.0,-0.63,2.31
AMZN,2000-01-14,3.337500095367432,3.431250095367432,3.200000047683716,3.212500095367432,137072000.0,105.4413617153529,95.98364281639202,90.57502159618154,93.96775357699902,100.13558308856814,5.24,47.0,-0.62,2.32
AMZN,2000-01-18,3.171875,3.259375095367432,3.150000095367432,3.206249952316284,107698000.0,105.33712014789099,95.9738106538073,89.1239728700219,92.69852331535773,100.13503691854773,5.13,39.0,-0.63,2.63
AMZN,2000-01-19,3.206249952316284,3.375,3.150000095367432,3.340625047683716,164910000.0,106.16848555116027,96.28890295527809,89.20885053343987,92.61413102100389,97.91830119118602,5.0,40.0,-0.62,2.57
AMZN,2000-01-20,3.346874952316284,3.3499999046325684,3.196875095367432,3.237499952316284,119560000.0,106.32570361778468,95.80138524293643,89.35102179075707,92.63993435635113,97.7564841474019,4.87,42.0,-0.62,2.55
AMZN,2000-01-21,3.231250047683716,3.231250047683716,3.0,3.103125095367432,229238000.0,106.10547754503679,96.08089687560305,88.80816719353817,92.46413373337936,96.71521903703646,4.72,32.0,-0.62,2.64
AMZN,2000-01-24,3.378124952316284,3.668750047683716,3.375,3.5062499046325684,583404000.0,101.662860451332,98.59280480618108,90.65469747897733,93.59284149750566,97.05517455140438,4.56,52.0,-0.59,2.35
AMZN,2000-01-25,3.5,3.5625,3.299999952316284,3.462500095367432,188682000.0,100.8761595868903,97.66416453292528,90.39709528388157,93.18893275642081,97.03681283995817,4.37,48.0,-0.57,2.39
AMZN,2000-01-26,3.431250095367432,3.5,3.237499952316284,3.2406249046325684,131160000.0,101.73613564157394,98.5880601421486,91.02531745342809,93.50566193951147,96.87382677033506,4.18,60.0,-0.56,2.31
AMZN,2000-01-27,3.259375095367432,3.387500047683716,3.231250047683716,3.346874952316284,135680000.0,101.30093681294244,98.73646268879402,90.96186460161285,93.48491282674797,96.90105869476223,3.98,60.0,-0.55,2.32
AMZN,2000-01-28,3.25,3.321875095367432,3.0,3.0843749046325684,275558000.0,103.06755490424497,99.81726999399847,91.88790362142396,93.79815522197696,97.12025892673078,3.77,72.0,-0.55,2.2
AMZN,2000-01-31,3.018749952316284,3.237499952316284,2.921875,3.228125095367432,213958000.0,104.54160679728717,100.25944050544426,92.09164313842064,93.90274450796613,97.22133800363697,3.61,73.0,-0.55,2.12
AMZN,2000-02-01,3.375,3.53125,3.21875,3.371875047683716,268092000.0,105.81071789978853,100.26101424319351,92.18348089709558,93.9317179774138,97.1855572181235,3.54,74.0,-0.54,2.1
AMZN,2000-02-02,3.3968749046325684,3.612499952316284,3.387500047683716,3.471874952316284,280518000.0,105.75920033988994,100.26013688605731,92.03370979290973,93.89237540570174,96.33848370567229,3.48,73.0,-0.53,2.14
AMZN,2000-02-03,4.056250095367432,4.296875,3.868750095367432,4.209374904632568,875000000.0,120.7229654862819,101.00016676610026,96.60753320870496,96.43092417988048,98.02212108295417,3.47,99.0,-0.53,2.09
AMZN,2000-02-04,4.137499809265137,4.137499809265137,3.893749952316284,3.928124904632568,220460000.0,122.04107986625911,100.01288913459948,97.07569276515655,96.4746267316402,98.25666211247389,3.47,100.0,-0.51,2.07
AMZN,2000-02-07,3.809375047683716,3.84375,3.65625,3.75,202580000.0,120.57612012992848,100.44520622623436,97.36788976247482,96.61366839844932,98.18090559545067,3.51,100.0,-0.49,2.04
AMZN,2000-02-08,3.700000047683716,4.199999809265137,3.671875,4.15625,389456000.0,120.89626489646217,102.57761106425345,98.68589894112237,96.75540282313271,98.29998829534455,3.57,100.0,-0.48,1.79
AMZN,2000-02-09,4.027344226837158,4.186718940734863,4.000781059265137,4.012499809265137,191608000.0,121.26446474002744,102.73483529608501,98.78948198700176,96.64508043771379,98.33072749896068,3.64,100.0,-0.46,1.78
AMZN,2000-02-10,3.924999952316284,3.993750095367432,3.775000095367432,3.809375047683716,199592000.0,122.06263802988792,103.22844456819729,99.11946468817698,96.39904598317794,97.75887766367343,3.71,100.0,-0.42,1.74
AMZN,2000-02-11,3.856250047683716,3.956249952316284,3.775000095367432,3.809375047683716,166180000.0,121.08061274240565,102.16931076125091,99.10717730668014,96.17330082959641,97.62240664920454,3.8,99.0,-0.38,1.74
AMZN,2000-02-14,3.784374952316284,3.787499904632568,3.678124904632568,3.721874952316284,103394000.0,120.7699792076437,102.078278751499,98.7703574359442,96.13078016776444,97.472321897366,3.89,97.0,-0.35,1.84
AMZN,2000-02-15,3.671875,3.809375047683716,3.53125,3.690624952316284,128490000.0,110.6775762347277,102.01291846325446,98.31880998354828,95.13216001524812,97.32123470119306,3.96,95.0,-0.31,1.89
AMZN,2000-02-16,3.637500047683716,3.671875,3.53125,3.534374952316284,85204000.0,108.6232391704656,102.38107203076648,98.34761368392586,95.04564222720927,97.31906827237108,4.04,95.0,-0.28,1.94
AMZN,2000-02-17,3.5625,3.565624952316284,3.400000095367432,3.450000047683716,122592000.0,98.28037277217678,102.23498159139335,98.23073626782833,94.76651099667265,96.50455033066333,4.1,93.0,-0.26,1.95
AMZN,2000-02-18,3.421875,3.450000047683716,3.1937499046325684,3.237499952316284,174528000.0,98.37181312168714,102.92082469782848,98.42135219002206,95.00982153074155,96.62329073015823,4.17,95.0,-0.27,1.99
AMZN,2000-02-22,3.246875047683716,3.325000047683716,3.153125047683716,3.1781249046325684,113716000.0,96.84474260146445,101.94860519916648,92.87531290720054,94.57985462852092,96.32704523325002,4.14,73.0,-0.3,1.92
AMZN,2000-02-23,3.243750095367432,3.587500095367432,3.234375,3.5218749046325684,168824000.0,101.56556977036438,103.33721923784076,94.35154545837166,95.15129365420029,96.79215356250842,4.13,77.0,-0.3,1.65
AMZN,2000-02-24,3.528125047683716,3.5687499046325684,3.28125,3.421875,117386000.0,101.36571225195887,103.33239093285115,94.3075009371301,95.18673374527758,96.10407634823093,4.11,77.0,-0.32,1.66
AMZN,2000-02-25,3.371875047683716,3.46875,3.259375095367432,3.456249952316284,97410000.0,100.28489586188367,102.6945105862954,94.32403991721115,95.17412872957891,96.07795121022717,4.09,78.0,-0.34,1.65
AMZN,2000-02-28,3.328125,3.359375,3.206249952316284,3.2874999046325684,101154000.0,100.88717473979617,103.13516104822705,94.59348424784947,94.73412797665158,96.13716406962737,4.09,82.0,-0.37,1.64
AMZN,2000-02-29,3.299999952316284,3.4484379291534424,3.293750047683716,3.4437499046325684,142970000.0,101.45540607486967,103.12982297854371,94.549129050707,93.38307303855467,95.80409299729085,4.07,82.0,-0.36,1.65
AMZN,2000-03-01,3.3812499046325684,3.424999952316284,3.25,3.293750047683716,111534000.0,102.35774204780395,103.34304497347821,94.3081078560559,93.38830504090801,95.89372462796095,4.06,78.0,-0.32,1.75
AMZN,2000-03-02,3.246875047683716,3.25,3.109375,3.128124952316284,159602000.0,102.7206288312599,103.7167345282387,94.53882213706297,92.00361392572567,95.9933490453544,4.05,83.0,-0.27,1.75
AMZN,2000-03-03,3.1624999046325684,3.237499952316284,3.103125095367432,3.125,121190000.0,102.34776023705965,103.68090057032633,94.53425156749222,91.99532155938064,95.98680479800981,4.04,83.0,-0.23,1.74
AMZN,2000-03-06,3.143749952316284,3.362499952316284,3.140625,3.196875095367432,153316000.0,101.80813297746636,103.60542226507366,94.4448916093571,92.01501137517837,96.01191671967503,4.03,82.0,-0.21,1.72
AMZN,2000-03-07,3.243750095367432,3.290625095367432,3.106250047683716,3.174999952316284,83576000.0,95.11440312904953,97.9141336078615,93.99140412772033,91.19700794088935,95.81677255573501,4.02,77.0,-0.22,1.77
AMZN,2000-03-08,3.1624999046325684,3.237499952316284,3.028125047683716,3.181250095367432,118814000.0,95.08482625037377,97.63016559338517,93.99327249918814,91.00326507264623,95.66393745616422,4.01,78.0,-0.23,1.77
AMZN,2000-03-09,3.150000095367432,3.450000047683716,3.109375,3.440624952316284,166250000.0,95.93877305461213,99.00870867848191,94.41660714125486,91.46918084206479,95.97251906659753,4.01,83.0,-0.24,1.63
AMZN,2000-03-10,3.362499952316284,3.426563024520874,3.25,3.34375,74270000.0,95.89095549778234,98.25312034575732,94.49841847120368,91.43311641372556,96.00815797519611,4.02,84.0,-0.25,1.63
AMZN,2000-03-13,3.200000047683716,3.331249952316284,3.150000095367432,3.265625,112686000.0,93.02950765194183,98.26783280481177,94.39749023002,91.40247966264386,95.94726960414974,4.03,81.0,-0.26,1.68
AMZN,2000-03-14,3.3031249046325684,3.346874952316284,3.168750047683716,3.28125,96106000.0,92.1131324618009,98.2699129080109,94.04990686816208,91.40261991333387,95.87524045450796,4.03,76.0,-0.25,1.77
AMZN,2000-03-15,3.237499952316284,3.2562499046325684,3.0999999046325684,3.1875,121654000.0,91.56701668290314,98.3804420874199,94.14313362864449,91.30276124978413,95.89553322510415,4.04,76.0,-0.25,1.77
AMZN,2000-03-16,3.112499952316284,3.3187499046325684,3.0,3.3125,194062000.0,91.87837521997663,98.51776344605024,94.28281418921158,90.98285556385247,95.81307607024038,4.06,76.0,-0.24,1.7
AMZN,2000-03-17,3.3031249046325684,3.3187499046325684,3.2249999046325684,3.2406249046325684,105970000.0,71.18741924380603,98.28651739411865,93.95324688182052,90.98186397067545,95.80642147123291,4.07,71.0,-0.21,1.81
AMZN,2000-03-20,3.174999952316284,3.2249999046325684,3.118750095367432,3.2093749046325684,116270000.0,68.84855035232604,98.23879325930264,93.92622554571213,90.97553859299371,95.78396507672007,4.08,70.0,-0.19,1.81
AMZN,2000-03-21,3.2562499046325684,3.650000095367432,3.112499952316284,3.618750095367432,341658000.0,76.94158461244305,100.3555920005461,95.32139116538372,92.03863557003442,96.0018197409629,4.11,88.0,-0.19,1.58
AMZN,2000-03-22,3.543750047683716,3.700000047683716,3.462500095367432,3.534374952316284,231328000.0,70.54520878064613,98.259707913644,94.79379843975198,91.95555401366823,95.96906390386508,4.12,87.0,-0.19,1.64
AMZN,2000-03-23,3.4749999046325684,3.546875,3.375,3.384375095367432,108842000.0,70.88392116971943,98.5522208769234,95.0398264949624,92.04497576579101,95.27718666584101,4.15,87.0,-0.19,1.62
AMZN,2000-03-24,3.731250047683716,3.762500047683716,3.565624952316284,3.634375095367432,194920000.0,72.86235913318868,99.67079226164097,95.65532213902637,92.42585503456883,95.54244688547377,4.17,88.0,-0.19,1.47
AMZN,2000-03-27,3.612499952316284,3.756249904632568,3.587500095367432,3.65625,94972000.0,72.89432826210853,99.0847527673162,95.4417696538067,92.07542508792274,95.26263726761191,4.19,87.0,-0.18,1.48
AMZN,2000-03-28,3.618750095367432,3.637500047683716,3.473438024520874,3.5062499046325684,103952000.0,73.57791545246776,99.1516684656258,95.6704884285468,91.82980652110506,94.86418046954026,4.2,88.0,-0.17,1.46
AMZN,2000-03-29,3.4749999046325684,3.493750095367432,3.25,3.3125,117730000.0,75.26478347970207,93.8630419395252,95.85991380959851,91.7276247374559,94.92120281659942,4.21,88.0,-0.16,1.44
AMZN,2000-03-30,3.2249999046325684,3.368750095367432,3.200000047683716,3.325000047683716,100680000.0,74.34007272047253,92.3105771805641,95.75023888888911,91.64305613346056,94.92057146548026,4.17,87.0,-0.15,1.47
AMZN,2000-03-31,3.337500095367432,3.356250047683716,3.150000095367432,3.3499999046325684,102310000.0,74.0870194159271,86.28924167435581,91.15210901044914,91.63303920149161,94.51483545428954,4.16,52.0,-0.14,1.47
AMZN,2000-04-03,3.2718749046325684,3.284374952316284,3.0999999046325684,3.1781249046325684,97308000.0,73.35025430569628,86.02940583417829,90.24599596448645,91.69648400604163,94.63679467335339,4.16,43.0,-0.16,1.56
AMZN,2000-04-04,3.143749952316284,3.2718749046325684,2.7874999046325684,3.196875095367432,286360000.0,73.17367175317287,85.13729440893275,90.20842584761272,91.04739111356042,94.56281991045249,4.16,42.0,-0.18,1.57
AMZN,2000-04-05,3.087500095367432,3.246875047683716,3.025000095367432,3.109375,98000000.0,66.78249879394802,85.30514890091588,90.27386393340564,90.96376023170959,94.5799929057059,4.15,43.0,-0.2,1.58
AMZN,2000-04-06,3.171875,3.275000095367432,3.09375,3.212500095367432,120654000.0,67.18416182645296,85.29101604410828,90.33004351628968,89.01132251925054,94.61383721049502,4.14,43.0,-0.21,1.57
AMZN,2000-04-07,3.2562499046325684,3.431250095367432,3.206249952316284,3.378124952316284,121046000.0,68.80892657940011,85.31485074116553,90.65603632451851,88.82602171752619,94.74982325020078,4.13,48.0,-0.21,1.47
AMZN,2000-04-10,3.362499952316284,3.421875,3.1624999046325684,3.168750047683716,90472000.0,69.7873386718009,86.0089405267965,90.4577060847351,88.66263860694542,94.90321929505264,4.13,43.0,-0.2,1.57
AMZN,2000-04-11,3.125,3.299999952316284,3.0625,3.168750047683716,94132000.0,68.31379990399104,85.84762260025975,90.33720279789145,88.47302012043886,94.72094449443962,4.12,41.0,-0.2,1.58
AMZN,2000-04-12,3.200000047683716,3.21875,2.8125,2.8187499046325684,173910000.0,75.06438561575007,89.12404196750956,92.10326976708123,89.410928438349,95.42726233419997,4.12,58.0,-0.21,1.46
AMZN,2000-04-13,2.893749952316284,2.9375,2.3968749046325684,2.400000095367432,213580000.0,86.70521453539922,94.39168330824079,95.43732148395725,91.2991395400633,95.86640546802484,4.12,83.0,-0.15,1.41
AMZN,2000-04-14,2.393749952316284,2.618750095367432,2.040625095367432,2.34375,401490000.0,86.77683886362254,94.31529063075862,95.29599156119765,91.3249731258204,94.25254606894593,4.12,81.0,-0.08,1.45
AMZN,2000-04-17,2.262500047683716,2.5999999046325684,2.231250047683716,2.353125095367432,243618000.0,86.33892292071832,94.016493282294,95.24973446951908,91.02644226218601,93.90256582027612,4.12,80.0,-0.04,1.46
AMZN,2000-04-18,2.3812499046325684,2.8125,2.356250047683716,2.746875047683716,214700000.0,98.69990861566167,96.1065419619835,97.96467567680865,92.84355787123948,95.10967175312447,4.16,91.0,0.01,1.4
AMZN,2000-04-19,2.765625,2.765625,2.5843749046325684,2.671875,107476000.0,98.89643791545043,96.21354918306254,97.38805432011003,92.52076236705716,94.94967397300982,4.19,90.0,0.1,1.53
AMZN,2000-04-20,2.668750047683716,2.684375047683716,2.493750095367432,2.618750095367432,98506000.0,95.67713345850223,95.40684023861282,97.34193237227355,91.87555168479624,94.40490565818887,4.21,88.0,0.18,1.53
AMZN,2000-04-24,2.46875,2.578125,2.243750095367432,2.4906249046325684,133866000.0,96.26206828416095,95.58060169217963,97.19566789989314,91.54573052967119,94.51723058022358,4.24,87.0,0.21,1.55
AMZN,2000-04-25,2.590625047683716,2.706249952316284,2.512500047683716,2.621875047683716,143008000.0,97.76853592031244,94.9037779145791,97.60952490301294,91.5698553223,94.67214652099813,4.26,90.0,0.25,1.46
AMZN,2000-04-26,2.665625095367432,2.871875047683716,2.6226561069488525,2.674999952316284,240128000.0,98.03284893604629,94.4929965330234,97.34295411623603,91.30825322604709,94.51144974699108,4.28,87.0,0.33,1.51
AMZN,2000-04-27,2.465625047683716,2.762500047683716,2.424999952316284,2.643749952316284,225320000.0,97.82105301370582,94.0040988969961,97.27691642217938,91.32034395947761,93.50347348492522,4.29,85.0,0.39,1.52
AMZN,2000-04-28,2.700000047683716,2.78125,2.65625,2.759375095367432,136676000.0,98.00129338709762,94.25032332209555,97.52856313121107,91.45051718191291,93.57880935171983,4.3,89.0,0.48,1.46
AMZN,2000-05-01,2.799999952316284,3.015625,2.762500047683716,2.996875047683716,171570000.0,101.16221001267289,86.86183777240583,98.47425909421005,91.69273495043907,93.05322090097921,4.32,95.0,0.59,1.29
AMZN,2000-05-02,2.9593749046325684,3.0,2.793750047683716,2.806250095367432,148558000.0,102.79341275219964,86.75750855573759,98.82615368333755,92.02838723046732,93.12758411337862,4.34,98.0,0.71,1.28
AMZN,2000-05-03,2.762500047683716,2.828125,2.650000095367432,2.706249952316284,108496000.0,96.1047694159818,86.57881730288558,95.48673806551463,91.28236959290855,93.15998592621732,4.34,74.0,0.78,1.45
AMZN,2000-05-04,2.712500095367432,2.825000047683716,2.65625,2.753124952316284,94504000.0,96.31817964430454,83.73524990138024,95.39204663429007,91.21112891052297,92.96192775798114,4.33,71.0,0.66,1.47
AMZN,2000-05-05,2.731250047683716,2.931250095367432,2.706249952316284,2.924999952316284,81242000.0,97.73199887684214,84.64593125865632,95.83046685790083,91.17548951833497,93.16230379279034,4.29,77.0,0.65,1.36
AMZN,2000-05-08,2.840625047683716,2.962500095367432,2.7718749046325684,2.800781011581421,79000000.0,95.59733067798327,84.46241441373557,95.47762155810813,90.98189389036449,92.9564398827759,4.25,72.0,0.78,1.41
AMZN,2000-05-09,2.825000047683716,2.887500047683716,2.650000095367432,2.8125,91036000.0,95.57442490189824,84.47757153823463,95.46181833592101,90.84164793092906,92.95110333706359,4.18,71.0,0.89,1.41
AMZN,2000-05-10,2.726562976837158,2.768749952316284,2.450000047683716,2.665625095367432,174230000.0,95.98806466419614,84.98516927781898,95.75191968953911,91.04385876743183,93.02916067324053,4.11,76.0,1.0,1.38
AMZN,2000-05-11,2.696875095367432,2.7874999046325684,2.546875,2.743750095367432,111616000.0,95.50018008405526,85.27500945799679,95.90844852776492,90.30079518881593,92.94913036704614,4.02,78.0,1.13,1.33
AMZN,2000-05-12,2.734375,2.825000047683716,2.65625,2.6875,79392000.0,95.53996892998381,84.96692657567486,95.76266218688156,90.25134105260341,92.93345499254441,3.93,75.0,1.1,1.38
AMZN,2000-05-15,2.681250095367432,2.825000047683716,2.543750047683716,2.8031249046325684,82508000.0,96.52165379600285,85.39879050594648,95.90503953351197,90.39541999831889,92.9478736970163,3.83,77.0,0.67,1.35
AMZN,2000-05-16,2.856250047683716,2.993750095367432,2.799999952316284,2.953125,128644000.0,96.89119398211042,85.21193953504121,96.30625526132745,90.18016974488941,93.02676529740064,3.72,78.0,0.13,1.26
AMZN,2000-05-17,2.859375,3.118750095367432,2.8499999046325684,3.049999952316284,139972000.0,97.38911229969922,85.41517110981503,95.68882357947975,90.12314222996987,92.94165946841636,3.62,70.0,0.03,1.3
AMZN,2000-05-18,3.018749952316284,3.043750047683716,2.7562499046325684,2.768749952316284,94540000.0,100.98739851095222,84.88231281355951,95.5072246216475,90.7013875436853,93.21828689965564,3.53,67.0,0.09,1.31
AMZN,2000-05-19,2.731250047683716,2.7874999046325684,2.612499952316284,2.6312499046325684,92218000.0,101.2670330549609,85.27870365233527,95.75218024646198,90.89114575641466,93.33908845109495,3.42,72.0,0.12,1.3
AMZN,2000-05-22,2.650000095367432,2.65625,2.34375,2.59375,165456000.0,99.83231178035588,85.24940029347789,95.71709392706424,90.78330831603444,92.9190549316721,3.26,69.0,0.12,1.31
AMZN,2000-05-23,2.525000095367432,2.59375,2.325000047683716,2.3343749046325684,116744000.0,102.50403871606635,87.23413622946406,96.72366892376584,91.61169816745944,93.3689571936781,3.1,79.0,0.17,1.23
AMZN,2000-05-24,2.321875095367432,2.487499952316284,2.0218749046325684,2.4281249046325684,233332000.0,103.47472635372925,87.065773012259,96.83820199055701,91.70054414923422,93.09837680170985,2.92,79.0,0.18,1.18
AMZN,2000-05-25,2.4749999046325684,2.5,2.275000095367432,2.275000095367432,98390000.0,99.78757653406556,87.55807551693883,93.62497467027359,91.90770322363821,93.16795891073865,2.82,32.0,-0.16,1.23
AMZN,2000-05-26,2.3125,2.387500047683716,2.200000047683716,2.325000047683716,72420000.0,88.77615718671555,87.22223534090067,92.84311701856748,91.78760454066033,93.12253550240315,2.76,30.0,-0.21,1.31
AMZN,2000-05-30,2.3656249046325684,2.59375,2.3656249046325684,2.587500095367432,112264000.0,93.81500097622194,90.18725987690942,91.15921532388758,92.51445770997478,93.03474396293275,2.77,21.0,-0.25,1.11
AMZN,2000-05-31,2.5374999046325684,2.612499952316284,2.40625,2.415625095367432,137640000.0,96.10809501996556,91.01047226900226,91.27779931929328,92.71825165619683,93.10382740720775,2.78,23.0,-0.33,1.1
AMZN,2000-06-01,2.4437499046325684,2.556250095367432,2.3187499046325684,2.509375095367432,152444000.0,85.21093778153441,91.4292405336698,90.97177763773101,92.83580979185052,92.9579578917384,2.78,19.0,-0.37,1.15
AMZN,2000-06-02,2.618750095367432,2.90625,2.612499952316284,2.893749952316284,166450000.0,94.68150864315639,96.2274030716199,93.8677954512606,94.38527685546698,93.99460274761246,2.77,32.0,-0.36,0.97
AMZN,2000-06-05,2.75156307220459,2.8125,2.625,2.7249999046325684,136264000.0,96.21384055220561,95.49450442118803,94.1698699449308,94.61288399253576,93.85204521866025,2.74,38.0,-0.39,0.94
AMZN,2000-06-06,2.700000047683716,2.728125095367432,2.512500047683716,2.528125047683716,97062000.0,97.62705614060957,96.47592939322635,94.5901868538747,95.00051376510356,94.01384061854615,2.71,50.0,-0.45,0.9
AMZN,2000-06-07,2.59375,2.609375,2.5062499046325684,2.590625047683716,76824000.0,96.7156258483565,96.57481216853661,94.48155261033378,95.04528269643544,94.02085765701554,2.68,45.0,-0.49,0.92
AMZN,2000-06-08,2.628124952316284,2.671875,2.581249952316284,2.59375,60806000.0,96.52322544165692,96.56395824074424,94.40780845806964,94.78160099894107,94.00508490347009,2.65,42.0,-0.53,0.92
AMZN,2000-06-09,2.596874952316284,2.6624999046325684,2.59375,2.609375,38446000.0,96.48900455287625,96.44216508002211,94.41666237435771,94.54094979561987,93.56260868524109,2.59,43.0,-0.57,0.92
AMZN,2000-06-12,2.609375,2.609375,2.3499999046325684,2.421875,79720000.0,97.90447753819551,97.12924039655525,94.8557411166492,94.79256559303568,92.80756915024845,2.54,52.0,-0.6,0.91
AMZN,2000-06-13,2.409374952316284,2.4749999046325684,2.3125,2.450000047683716,95770000.0,94.53148434530137,97.1254832025195,94.77622727572584,94.70499900120949,92.69187853345763,2.48,50.0,-0.64,0.91
AMZN,2000-06-14,2.465625047683716,2.493750095367432,2.299999952316284,2.321875095367432,100410000.0,93.94240558106587,97.6405002707078,94.91358919436026,94.6957625601066,91.67834946358427,2.4,52.0,-0.68,0.89
AMZN,2000-06-15,2.3499999046325684,2.3968749046325684,2.265625,2.315624952316284,71094000.0,93.5146988986354,94.08024649593884,92.77206775998721,91.48333602906408,91.67081457077974,2.38,20.0,-0.68,1.1
AMZN,2000-06-16,2.362499952316284,2.371875047683716,2.268749952316284,2.299999952316284,61418000.0,93.27418555612465,94.02004245621389,92.76326715658013,91.48057786752895,91.66247472352636,2.34,19.0,-0.68,1.1
AMZN,2000-06-19,2.275000095367432,2.293750047683716,2.174999952316284,2.265625,103030000.0,91.13599967698904,93.73297201099881,92.24504796138737,91.41689977387534,91.06884709848299,2.33,18.0,-0.71,1.16
AMZN,2000-06-20,2.293750047683716,2.431250095367432,2.2562499046325684,2.306250095367432,123982000.0,90.82538764863071,92.46523258024001,92.13035934364872,91.44980563127795,90.95761966485912,2.31,16.0,-0.72,1.19
AMZN,2000-06-21,2.2718749046325684,2.346874952316284,2.253124952316284,2.3031249046325684,71466000.0,90.78315795649287,92.43136575899685,91.27880777094494,91.41735316725381,90.95710026250025,2.32,12.0,-0.76,1.27
AMZN,2000-06-22,2.309375047683716,2.321875095367432,2.081249952316284,2.0999999046325684,210322000.0,93.18395269027671,93.79612049071608,92.0361534122287,91.80909408513179,91.34975615652212,2.32,14.0,-0.76,1.24
AMZN,2000-06-23,1.831249952316284,1.850000023841858,1.623438000679016,1.693750023841858,1036764000.0,110.08180746658753,102.47287864673567,97.59752016555498,94.86101820601048,93.77405357094112,2.32,87.0,-0.56,1.79
AMZN,2000-06-26,1.765625,1.7664060592651367,1.640625,1.696874976158142,421528000.0,110.1933606617667,102.46165524989672,97.43629452940334,94.80965052077762,93.77258197347098,2.31,85.0,-0.42,1.83
AMZN,2000-06-27,1.6875,1.924999952316284,1.6749999523162842,1.825000047683716,352764000.0,111.92761769327264,103.83550947540803,92.93523546097302,95.2578830203928,93.94085128064181,2.32,21.0,-0.48,1.48
AMZN,2000-06-28,1.84375,1.996875047683716,1.806249976158142,1.893749952316284,297486000.0,111.23017148555117,103.89194900324401,92.69482151193296,95.29585406035824,93.70373990658547,2.32,17.0,-0.48,1.52
AMZN,2000-06-29,1.856250047683716,1.924999952316284,1.806249976158142,1.856250047683716,179730000.0,110.33541311019867,103.87294807253701,92.50581212194263,95.07954181698362,93.69918567608948,2.32,17.0,-0.46,1.56
AMZN,2000-06-30,1.850000023841858,1.862499952316284,1.774999976158142,1.815624952316284,129038000.0,107.71098013350657,103.83611331276245,90.83925072826963,95.10304394956856,93.70748702906573,2.32,8.0,-0.57,1.75
AMZN,2000-07-03,1.834375023841858,1.875,1.825000047683716,1.850000023841858,35248000.0,107.53166779901335,103.63750231888804,90.83608518824202,94.92208917002887,93.69857596402753,2.31,8.0,-0.65,1.76
AMZN,2000-07-05,1.850000023841858,1.924999952316284,1.818750023841858,1.825000047683716,84272000.0,107.53030659951088,102.89608212137121,90.56462026227527,94.9223645932659,93.62780695484486,2.31,7.0,-0.67,1.81
AMZN,2000-07-06,1.84375,1.868749976158142,1.7374999523162842,1.803125023841858,135342000.0,103.80541344455445,102.28664093057773,90.55990977554399,94.81956008199747,93.58346034056923,2.3,7.0,-0.71,1.81
AMZN,2000-07-07,1.806249976158142,1.850000023841858,1.7625000476837158,1.806249976158142,77412000.0,102.86245012671517,102.2940507356687,90.53605548228249,94.60834046691406,93.58374082139363,2.29,7.0,-0.74,1.82
AMZN,2000-07-10,1.818750023841858,1.818750023841858,1.75,1.7531249523162842,84812000.0,101.71670011581742,99.90686203698851,90.60712812359999,94.65164514792552,93.39948342798515,2.29,10.0,-0.77,1.8
AMZN,2000-07-11,1.759374976158142,1.7625000476837158,1.631250023841858,1.65625,197930000.0,102.22272156537646,95.27473312857045,90.76932920714718,94.8177332726533,93.26338338162832,2.28,12.0,-0.76,1.77
AMZN,2000-07-12,1.771875023841858,1.806249976158142,1.712499976158142,1.7531249523162842,225318000.0,98.13325345671807,96.06864407002978,91.3019616384384,94.86754694579619,93.18527962528053,2.26,20.0,-0.79,1.68
AMZN,2000-07-13,1.78125,1.7999999523162842,1.743749976158142,1.75,171950000.0,96.73615201903864,96.0532567361139,90.84920304530715,94.85452725058249,93.11584186222558,2.25,15.0,-0.83,1.77
AMZN,2000-07-14,1.818750023841858,2.160156011581421,1.815624952316284,2.1312499046325684,448722000.0,113.27466913092027,99.39586641817367,96.38124461603964,97.51552412424634,95.2283118748649,2.26,86.0,-0.87,2.02
AMZN,2000-07-17,2.143749952316284,2.196875095367432,2.012500047683716,2.056250095367432,130600000.0,104.4833833510683,99.49187510613471,94.97610714985679,97.29579685127298,95.19508084189096,2.26,61.0,-0.9,2.24
AMZN,2000-07-18,2.0062499046325684,2.181250095367432,1.975000023841858,2.087500095367432,159168000.0,103.70752046310795,99.51560238478065,94.95611892328964,97.31900310454267,94.77949705702598,2.26,60.0,-0.91,2.24
AMZN,2000-07-19,2.075000047683716,2.078125,1.950000047683716,2.043750047683716,94874000.0,101.88352888812724,99.11506157465371,94.96025206424491,97.31823925567072,94.69330517894994,2.26,60.0,-0.93,2.24
AMZN,2000-07-20,2.046875,2.168750047683716,1.975000023841858,2.015625,138914000.0,101.45790184701538,98.47821684115323,94.69902396846068,97.22897257677675,93.34624738574615,2.26,54.0,-0.95,2.29
AMZN,2000-07-21,2.0218749046325684,2.125,2.0218749046325684,2.056250095367432,94258000.0,101.75667939831736,98.4771063590237,94.42661640451432,97.26279686010261,93.09692649694864,2.26,47.0,-0.96,2.35
AMZN,2000-07-24,2.0531249046325684,2.0687499046325684,1.903125047683716,1.9375,115564000.0,102.7533199881661,99.11346689185056,94.61496446443275,97.3804962719236,92.95987279917024,2.26,53.0,-0.97,2.31
AMZN,2000-07-25,1.837499976158142,1.9375,1.662500023841858,1.881250023841858,555050000.0,101.10581380922272,98.72484403951961,94.40436560627803,97.35681579740637,92.88607561194043,2.26,43.0,-0.99,2.35
AMZN,2000-07-26,1.7531249523162842,1.8359379768371584,1.703125,1.803125023841858,310956000.0,101.38901805714455,97.22644356539037,94.58749812446503,94.9078367698037,92.85632361190086,2.26,51.0,-1.01,2.32
AMZN,2000-07-27,1.571874976158142,1.600000023841858,1.4874999523162842,1.568750023841858,471586000.0,107.42777000971151,100.19772621338399,96.82524682453884,95.62218017854013,93.79318072712867,2.28,87.0,-0.99,2.09
AMZN,2000-07-28,1.571874976158142,1.6062500476837158,1.4500000476837158,1.5,248940000.0,107.76734127194455,100.30958921691368,97.00994329463126,95.70716627537745,93.88246236190926,2.29,88.0,-0.97,2.05
AMZN,2000-07-31,1.5031249523162842,1.5125000476837158,1.3937499523162842,1.506250023841858,189576000.0,107.8817089535448,100.19531710200633,97.01600930694279,95.68751132593974,93.68783860872604,2.31,88.0,-0.95,2.05
AMZN,2000-08-01,1.53125,1.6124999523162842,1.5125000476837158,1.5125000476837158,163128000.0,108.01046358527631,99.15890925408374,96.05472029742222,95.6221186914537,93.68318236098699,2.32,81.0,-0.93,2.22
AMZN,2000-08-02,1.5125000476837158,1.600000023841858,1.510938048362732,1.540624976158142,99058000.0,108.02701562792238,99.10539898853136,96.09102001815668,95.6469450437827,93.45183718036188,2.32,81.0,-0.92,2.21
AMZN,2000-08-03,1.4718749523162842,1.587499976158142,1.4656250476837158,1.5750000476837158,102882000.0,108.46725470315522,99.28208247590639,96.17251299624276,95.27112208927093,92.9797615021635,2.33,81.0,-0.92,2.19
AMZN,2000-08-04,1.5968749523162842,1.709375023841858,1.5750000476837158,1.625,97422000.0,106.47567522517365,99.20042499255668,96.34877051494716,95.31620354967438,92.68427933637628,2.34,82.0,-0.91,2.15
AMZN,2000-08-07,1.600000023841858,1.712499976158142,1.5812499523162842,1.6906249523162842,88062000.0,87.4484001873394,99.39562455020986,96.56568054974726,95.4208569469957,92.66272029361265,2.35,83.0,-0.91,2.11
AMZN,2000-08-08,1.662500023841858,1.6687500476837158,1.6218750476837158,1.646875023841858,101012000.0,87.77289248037023,99.4319263385112,96.34737721842072,95.45333393208436,92.47860418611074,2.36,80.0,-0.89,2.15
AMZN,2000-08-09,1.618749976158142,1.618749976158142,1.5187499523162842,1.5437500476837158,177488000.0,86.76673605752721,99.53364975906797,96.75402587754947,95.61207030269519,92.69552058400365,2.37,84.0,-0.88,2.08
AMZN,2000-08-10,1.5750000476837158,1.587499976158142,1.4874999523162842,1.521875023841858,121460000.0,85.84893853095278,98.69168240237704,96.75950053818514,95.58595492360737,92.69829637988715,2.38,84.0,-0.86,2.08
AMZN,2000-08-11,1.524999976158142,1.7000000476837158,1.515625,1.6843750476837158,182324000.0,91.32766420200053,100.9803834018931,96.17884034275716,96.05936205636154,93.06596390798342,2.38,76.0,-0.88,2.11
AMZN,2000-08-14,1.6749999523162842,1.759374976158142,1.634374976158142,1.743749976158142,124344000.0,91.78834933437582,99.73618529339839,96.3771759429357,95.81178350038508,93.13028466167398,2.39,79.0,-0.89,2.06
AMZN,2000-08-15,1.7312500476837158,1.915624976158142,1.71875,1.878124952316284,169944000.0,94.22039845703684,100.71303750819413,97.05537002127599,96.23136810049769,92.82222942440455,2.4,88.0,-0.86,1.95
AMZN,2000-08-16,1.878124952316284,1.993749976158142,1.8765629529953003,1.931249976158142,196664000.0,94.44782597946477,100.9284805345586,96.41981448834925,96.07397565781125,92.7974747838726,2.41,79.0,-0.91,2.06
AMZN,2000-08-17,1.899999976158142,1.953125,1.84375,1.912500023841858,99482000.0,94.4206375475388,98.74271853021196,96.40099441113856,96.07507880024497,92.58991044448958,2.42,78.0,-1.01,2.06
AMZN,2000-08-18,1.962499976158142,2.0062499046325684,1.946874976158142,1.950000047683716,147422000.0,94.55591858707074,98.45842580242757,96.31900143999009,95.92486024642926,92.36221277093907,2.42,73.0,-1.06,2.08
AMZN,2000-08-21,1.9546879529953003,1.993749976158142,1.825000047683716,1.875,80750000.0,94.87334212009833,97.90886646225644,96.12201292483017,95.97095931028097,92.3324918999777,2.42,69.0,-1.06,2.12
AMZN,2000-08-22,1.90625,1.909374952316284,1.803125023841858,1.825000047683716,70164000.0,93.64543439498108,97.88791013654254,96.16918751268811,95.98253675832345,92.35283863818951,2.42,69.0,-1.07,2.11
AMZN,2000-08-23,1.818750023841858,1.975000023841858,1.75,1.940624952316284,94426000.0,93.88271181047465,96.11083398016514,96.7412702664741,96.28627841485633,91.98947745046013,2.41,81.0,-1.09,2.0
AMZN,2000-08-24,1.978124976158142,2.025000095367432,1.940624952316284,1.96875,94380000.0,93.92230913359599,95.25479193237166,96.49365423550364,96.23215819778758,91.95190809610328,2.38,78.0,-1.08,2.05
AMZN,2000-08-25,1.956249952316284,2.003124952316284,1.928125023841858,1.996875047683716,54172000.0,74.10286904573466,94.9356790524159,96.52602038823215,94.32085162465417,91.9659474318265,2.34,78.0,-1.06,2.04
AMZN,2000-08-28,1.940624952316284,2.125,1.928125023841858,1.956249952316284,183570000.0,73.63089654335093,89.95166739210735,96.48903148240795,94.24874468748352,91.69448415901097,2.3,76.0,-1.04,2.05
AMZN,2000-08-29,1.975000023841858,2.043750047683716,1.943750023841858,1.981250047683716,90422000.0,73.58700255729889,89.33528057315255,96.3448867190692,94.18377086447425,91.60076244112074,2.27,69.0,-1.04,2.08
AMZN,2000-08-30,2.118750095367432,2.1984379291534424,2.0999999046325684,2.1468749046325684,258392000.0,77.05231517739915,89.82877520471827,96.89807561041093,94.4138223325682,91.8701327217569,2.24,85.0,-1.17,2.0
AMZN,2000-08-31,2.15625,2.159374952316284,2.071875095367432,2.075000047683716,92326000.0,77.62545809095737,89.87335254997775,96.5464847016829,94.46467403610488,91.92268029107044,2.2,77.0,-1.2,2.06
AMZN,2000-09-01,2.106250047683716,2.125,2.049999952316284,2.075000047683716,66942000.0,77.41649196977683,89.87088220949838,96.5464847016829,94.454928130981,91.83396837384576,2.15,76.5,-1.25,2.06
AMZN,2000-09-05,2.046875,2.315624952316284,2.012500047683716,2.284374952316284,203364000.0,80.06578622523722,92.15636039535894,96.13598024413295,95.20231237976814,92.34814043985389,2.13,60.0,-1.22,2.1
AMZN,2000-09-06,2.362499952316284,2.481250047683716,2.284374952316284,2.293750047683716,285264000.0,79.38061336485586,90.9203213448956,92.70872334322317,95.11748885788829,92.32114696835968,2.15,19.0,-1.21,2.32
AMZN,2000-09-07,2.340625047683716,2.3499999046325684,2.150000095367432,2.174999952316284,148124000.0,80.01574233220855,91.50695962846963,93.01410125826676,95.20993491292812,92.39543196416481,2.16,24.0,-1.2,2.26
AMZN,2000-09-08,2.203125,2.25,2.125,2.1468749046325684,101778000.0,67.4476933452988,90.90242780000744,93.03122473069504,95.192398078613,92.28836652775367,2.16,25.0,-1.2,2.26
AMZN,2000-09-11,2.1312499046325684,2.2609379291534424,2.109375,2.118750095367432,108942000.0,65.79824182177782,90.93469952256218,89.6375062738617,94.75197008347683,92.17302476024622,2.21,1.0,-1.15,2.5
AMZN,2000-09-12,2.168750047683716,2.2093749046325684,2.112499952316284,2.134375095367432,76430000.0,65.7737538140009,90.94565213604827,89.56041010286025,94.01642860734889,92.07559817563484,2.26,1.0,-1.11,2.52
AMZN,2000-09-13,2.065624952316284,2.15625,2.049999952316284,2.121875047683716,81700000.0,65.93652679712356,90.90554034580617,89.51676839179919,93.9921251143651,92.07521394620194,2.3,1.0,-1.07,2.53
AMZN,2000-09-14,2.2093749046325684,2.299999952316284,2.1875,2.243750095367432,139270000.0,67.16926962249168,91.57548021298125,89.64980185426413,94.23221406231015,92.25446018196257,2.35,4.0,-1.05,2.51
AMZN,2000-09-15,2.268749952316284,2.2718749046325684,2.143749952316284,2.181250095367432,123604000.0,68.12491376002102,91.75244409987889,89.35560094483061,94.08225132702708,92.26990894812194,2.39,1.0,-1.01,2.57
AMZN,2000-09-18,2.174999952316284,2.231250047683716,2.09375,2.140625,88904000.0,68.36673993996224,89.84065137073294,89.32610707501287,94.01068573669941,92.27346959528771,2.43,1.0,-0.96,2.58
AMZN,2000-09-19,2.103125095367432,2.137500047683716,1.956249952316284,2.0374999046325684,144616000.0,69.77647485704686,78.59521987781366,89.62735874306235,92.12761232617906,92.39533185727883,2.46,5.0,-0.9,2.51
AMZN,2000-09-20,2.0218749046325684,2.025000095367432,1.868749976158142,1.875,194896000.0,73.9015996571764,80.55639392330293,90.2304279243784,92.08114811353315,92.55441141829172,2.48,8.0,-0.85,2.4
AMZN,2000-09-21,1.871875047683716,2.025000095367432,1.862499952316284,2.003124952316284,148512000.0,73.0064796857731,80.31533576027037,89.86607180235347,90.54879292920937,92.6327398097127,2.48,8.0,-0.82,2.46
AMZN,2000-09-22,1.918750047683716,2.106250047683716,1.915624976158142,2.071875095367432,119924000.0,73.02097694693806,80.25713175049349,89.51443834884417,90.38103289540189,92.59135601999843,2.48,3.0,-0.75,2.53
AMZN,2000-09-25,2.0609378814697266,2.128124952316284,2.0,2.018749952316284,109198000.0,68.3888126138107,80.33479725985767,89.43187943431751,90.12309584709742,92.55106629061322,2.52,3.0,-0.67,2.55
AMZN,2000-09-26,2.03125,2.056250095367432,1.978124976158142,1.987499952316284,85208000.0,68.11229930489566,80.2642513875071,89.39567298599944,90.13496437015162,92.40613789529422,2.56,3.0,-0.59,2.56
AMZN,2000-09-27,1.934375047683716,1.981250047683716,1.774999976158142,1.893749952316284,200618000.0,66.42788318483164,80.82374748132416,89.08752611081552,90.21074585201279,90.18585922035439,2.61,1.0,-0.54,2.62
AMZN,2000-09-28,1.865625023841858,2.012500047683716,1.856250047683716,2.0,117158000.0,67.82808583783039,81.52464535983444,89.35179896353038,90.30261080957933,90.36656534510938,2.64,3.0,-0.45,2.57
AMZN,2000-09-29,1.950000047683716,2.0625,1.881250023841858,1.921875,130342000.0,68.80275031340629,81.92034724937407,89.53029719852269,90.28823889104481,90.38806198337927,2.67,9.0,-0.36,2.52
AMZN,2000-10-02,1.909374952316284,1.921875,1.7625000476837158,1.7937500476837158,109554000.0,71.37608378877242,83.16841766592368,89.78070543963752,90.58551406042208,90.63031272249295,2.7,14.0,-0.27,2.47
AMZN,2000-10-03,1.837499976158142,1.862499952316284,1.75,1.7531249523162842,107598000.0,70.80678345560311,83.07448735727499,89.67477071279642,90.61525897100141,90.62805090771012,2.72,14.0,-0.17,2.5
AMZN,2000-10-04,1.671875,1.853124976158142,1.625,1.7999999523162842,156822000.0,70.87421158073202,82.39032739855632,89.76937918847962,90.530630752658,90.52113881270972,2.74,15.0,-0.06,2.48
AMZN,2000-10-05,1.759374976158142,1.831249952316284,1.600000023841858,1.678125023841858,139326000.0,71.14586631035881,82.84725953931571,90.06877946654257,90.81457078886478,90.56056493615772,2.76,18.0,0.03,2.42
AMZN,2000-10-06,1.625,1.662500023841858,1.509374976158142,1.578125,177422000.0,72.74109175396663,83.7765824741336,90.03529297430315,90.95682219960686,90.70638750448894,2.77,18.0,-0.03,2.44
AMZN,2000-10-09,1.5125000476837158,1.5281250476837158,1.368749976158142,1.5031249523162842,254550000.0,73.4015750066838,73.35824695964548,90.07043947401505,89.86744346698924,90.81409567505155,2.78,20.0,-0.38,2.44
AMZN,2000-10-10,1.4874999523162842,1.635938048362732,1.443750023841858,1.521875023841858,145310000.0,73.59014118495006,73.18125518943168,88.96422264366693,89.88525364408197,90.75960736054115,2.81,1.0,-0.4,2.63
AMZN,2000-10-11,1.396875023841858,1.5125000476837158,1.381250023841858,1.390625,157794000.0,76.99356997551155,75.10134464738118,89.68439433646002,90.16099157517368,90.99213216801866,2.82,16.0,-0.33,2.5
AMZN,2000-10-12,1.4187500476837158,1.4406249523162842,1.2312500476837158,1.256250023841858,160652000.0,76.13419490008482,77.53070247171368,90.94309486002865,90.77785685593398,91.51229491348937,2.82,32.0,-0.21,2.29
AMZN,2000-10-13,1.212499976158142,1.443750023841858,1.1749999523162842,1.421875,152668000.0,86.29258035386283,82.09640258397462,91.92233012540957,91.60144663158084,92.24658232633833,2.81,38.0,-0.2,2.21
AMZN,2000-10-16,1.40625,1.415624976158142,1.2062499523162842,1.2156250476837158,142954000.0,95.74094625696759,87.5319678893256,94.7425319371516,93.16479869959022,93.50031293424708,2.79,63.0,-0.1,2.05
AMZN,2000-10-17,1.243749976158142,1.259374976158142,1.0437500476837158,1.0968749523162842,302810000.0,92.46989010656812,89.04086977099138,95.51691639436987,93.68926853656284,93.9355619590674,2.8,69.0,0.03,1.94
AMZN,2000-10-18,0.993749976158142,1.2687499523162842,0.96875,1.256250023841858,375774000.0,103.23567578819106,93.76389812517215,98.07627170519402,95.09247523565604,94.82904172246795,2.84,100.0,0.03,1.73
AMZN,2000-10-19,1.328125,1.40625,1.209375023841858,1.3875000476837158,217498000.0,108.32701479648843,95.93647308700338,97.86032015867754,92.97181783421837,95.39473696946035,2.86,99.0,0.05,1.74
AMZN,2000-10-20,1.384374976158142,1.5625,1.3562500476837158,1.540624976158142,232438000.0,113.74836157914837,94.29955089065885,98.90754099562258,93.58703379775197,95.98714869215925,2.91,100.0,0.1,1.62
AMZN,2000-10-23,1.484375,1.5187499523162842,1.381250023841858,1.5,203992000.0,113.83796559352868,94.00724238915255,98.73231695490296,93.49395619436875,95.85613237029409,2.94,99.0,0.15,1.66
AMZN,2000-10-24,1.493749976158142,1.693750023841858,1.4406249523162842,1.478124976158142,273532000.0,113.69980565024183,94.05098740672099,95.85959588352394,92.61364266403237,95.85142612008863,2.95,65.0,-0.15,1.88
AMZN,2000-10-25,1.7000000476837158,1.825000047683716,1.587499976158142,1.59375,571458000.0,116.49578722407668,95.31756710188698,96.34933648565081,93.04095172622054,95.9647837170768,2.96,76.0,-0.25,1.8
AMZN,2000-10-26,1.609375,1.875,1.5499999523162842,1.84375,356510000.0,123.57516785003801,99.783661062974,98.63247864825038,94.5675718249925,96.90174329516766,3.01,98.0,-0.2,1.69
AMZN,2000-10-27,1.696874976158142,1.875,1.693750023841858,1.78125,247414000.0,123.68351225034566,99.99481128000983,98.6565134478515,94.63488367265185,96.95384914870321,3.05,98.0,-0.2,1.69
AMZN,2000-10-30,1.6531250476837158,1.71875,1.513280987739563,1.6437499523162842,250204000.0,125.47717362818989,101.21058586101388,99.39872061162292,95.03668804791103,97.24643107960723,3.1,100.0,-0.26,1.58
AMZN,2000-10-31,1.634374976158142,1.84375,1.603124976158142,1.831249952316284,198390000.0,129.28905054312742,103.2983431144737,100.98133843214168,95.96385820239496,97.8064518103735,3.18,100.0,-0.37,1.39
AMZN,2000-11-01,1.790624976158142,2.0,1.7843749523162842,1.868749976158142,221984000.0,127.21649688411907,103.2080932141461,100.4039753342818,95.89134519585785,97.8299841840306,3.25,99.0,-0.33,1.47
AMZN,2000-11-02,1.903125047683716,1.993749976158142,1.875,1.987499952316284,139794000.0,127.01985153475555,102.96285309179281,100.89671967585502,96.16828860756208,97.95299583594944,3.32,99.0,-0.34,1.39
AMZN,2000-11-03,1.950000047683716,2.043750047683716,1.84375,1.878124952316284,119248000.0,127.61566785530938,103.65061338852348,100.93540124496765,96.11007319161361,98.05552130473133,3.39,99.0,-0.3,1.39
AMZN,2000-11-06,1.928125023841858,1.931249976158142,1.7374999523162842,1.828125,128892000.0,127.63157590464662,101.79222823409249,101.01252731184734,96.13451766663309,96.30158374558327,3.46,100.0,-0.25,1.38
AMZN,2000-11-07,1.825000047683716,1.971874952316284,1.7781250476837158,1.846874952316284,109906000.0,127.63469915218838,101.57395495776413,101.02961807952984,95.32128691134729,95.84992594768241,3.53,100.0,-0.2,1.37
AMZN,2000-11-08,1.7999999523162842,1.850000023841858,1.662500023841858,1.693750023841858,116706000.0,129.29882914724064,101.9636407391441,101.8950559819364,95.78013261554122,96.19700701790713,3.61,100.0,-0.17,1.26
AMZN,2000-11-09,1.634374976158142,1.649999976158142,1.493749976158142,1.5625,143392000.0,129.93897835149963,103.03817351339922,102.58225379977387,96.19459867841388,96.49476801925313,3.7,100.0,-0.19,1.17
AMZN,2000-11-10,1.537500023841858,1.59375,1.5,1.5031249523162842,105112000.0,129.9160058859254,103.28389266562021,102.73027714909612,96.12829900186969,96.51353023145103,3.78,100.0,-0.24,1.15
AMZN,2000-11-13,1.4406249523162842,1.5054689645767212,1.3718750476837158,1.390625,167550000.0,130.2983602881508,104.25869437158033,102.43859046636072,96.32797980643394,96.78566781266575,3.85,98.0,-0.3,1.18
AMZN,2000-11-14,1.4375,1.493749976158142,1.287500023841858,1.446874976158142,156758000.0,130.95652074369494,104.42636781934173,96.92298439995311,96.35705225176217,96.58992806057995,3.85,79.0,-0.38,0.68
AMZN,2000-11-15,1.431249976158142,1.540624976158142,1.421875,1.475000023841858,105264000.0,130.81755149177786,104.4272391525786,96.97799701001269,96.2348647831363,96.57848358496625,3.85,80.0,-0.44,0.67
AMZN,2000-11-16,1.4343750476837158,1.524999976158142,1.3875000476837158,1.390625,82696000.0,130.38472994031463,104.14068369490835,96.66627657861643,96.45160213906566,96.70901915157805,3.85,73.0,-0.52,0.74
AMZN,2000-11-17,1.399999976158142,1.4812500476837158,1.34375,1.3718750476837158,99920000.0,129.35858381177175,104.06961804925021,96.47075026262196,96.40292367539996,96.7127839561681,3.85,66.0,-0.6,0.79
AMZN,2000-11-20,1.2999999523162842,1.396875023841858,1.25,1.290624976158142,128766000.0,129.77305802383768,104.58666587824756,96.8717420047288,96.63298541933926,96.8099172674446,3.85,77.0,-0.67,0.75
AMZN,2000-11-21,1.3312499523162842,1.34375,1.181249976158142,1.212499976158142,123950000.0,130.70654068240012,105.16455195731729,97.2781866122994,96.86783244222131,96.96197717269035,3.84,83.0,-0.7,0.71
AMZN,2000-11-22,1.193750023841858,1.375,1.1062500476837158,1.259374976158142,237542000.0,128.93222477613412,105.5029827223204,97.44004447602681,96.49308502194897,96.80312177137591,3.83,83.0,-0.76,0.68
AMZN,2000-11-24,1.321094036102295,1.4562499523162842,1.303125023841858,1.446874976158142,152786000.0,131.79780030992973,108.22950735641157,100.02050150402673,97.95272881335396,97.61495083320985,3.84,90.0,-0.81,0.52
AMZN,2000-11-27,1.4874999523162842,1.537500023841858,1.350000023841858,1.399999976158142,128228000.0,127.23692996198702,108.21762424210006,100.12706888308196,97.98425237624318,97.62488524739517,3.85,90.0,-0.87,0.52
AMZN,2000-11-28,1.2999999523162842,1.3093750476837158,1.2312500476837158,1.2515629529953003,226550000.0,123.06428300216956,110.34426757911409,101.62257509298236,98.79721664110058,98.05199452245105,3.88,96.0,-0.92,0.44
AMZN,2000-11-29,1.256250023841858,1.375,1.212499976158142,1.3468749523162842,229264000.0,120.72722057915635,109.51935039589951,102.26508365652522,99.19430928080637,98.36298081771203,3.92,97.0,-0.97,0.34
AMZN,2000-11-30,1.2374999523162842,1.3093750476837158,1.1437499523162842,1.234375,262470000.0,117.29454892470743,110.65301483732142,102.78734079639622,99.53698288516061,98.573814638383,3.96,100.0,-1.01,0.31
AMZN,2000-12-01,1.2468750476837158,1.337499976158142,1.149999976158142,1.2312500476837158,155148000.0,113.402046185439,110.30185432001201,102.3394694576651,99.51830499978112,98.54616998853906,4.0,96.0,-1.05,0.37
AMZN,2000-12-04,1.259374976158142,1.359375,1.162500023841858,1.328125,165110000.0,111.28224707027744,111.67167311917564,103.11021607605039,99.97844177941518,98.85920857650328,4.05,100.0,-1.09,0.27
AMZN,2000-12-05,1.3562500476837158,1.381250023841858,1.2374999523162842,1.2687499523162842,199398000.0,111.74103141604445,111.93511515093377,98.2194234036141,98.98082011501421,98.93343788361389,4.06,78.0,-1.11,-0.09
AMZN,2000-12-06,1.234375,1.2999999523162842,1.181249976158142,1.181249976158142,176516000.0,113.3429926500146,112.62020740922318,98.66425227517206,99.26343120625664,99.0995479943912,4.07,80.0,-1.11,-0.12
AMZN,2000-12-07,1.1531250476837158,1.171875,1.006250023841858,1.068750023841858,212950000.0,113.60992219597617,114.1227413063924,99.73935242138009,99.78874696556788,98.20327207152924,4.09,83.0,-1.06,-0.17
AMZN,2000-12-08,1.165624976158142,1.234375,1.0625,1.171875,259396000.0,108.01470633509025,115.27217434412181,100.9348951541091,100.04734318373336,98.63225208731608,4.12,87.0,-1.07,-0.27
AMZN,2000-12-11,1.1437499523162842,1.306249976158142,1.087499976158142,1.265625,218084000.0,111.06366649730187,116.60182533722485,101.77105696282005,100.5212346461895,98.92054570603511,4.16,92.0,-1.09,-0.35
AMZN,2000-12-12,1.225000023841858,1.375,1.2156250476837158,1.2937500476837158,146136000.0,109.49222079927479,116.75590541058514,101.78402276661672,100.4833029136285,98.75010196804992,4.2,92.0,-1.1,-0.35
AMZN,2000-12-13,1.328125,1.3312499523162842,1.1749999523162842,1.1875,125636000.0,105.99708427311172,117.53509228891832,102.22762053993932,100.74832188695177,99.06687501994075,4.25,93.0,-1.11,-0.37
AMZN,2000-12-14,1.203125,1.234375,1.129688024520874,1.134374976158142,140416000.0,105.84591674910567,116.7759583350678,102.36005496392073,100.85323130879426,99.14198102182145,4.29,95.0,-1.12,-0.38
AMZN,2000-12-15,1.1124999523162842,1.212499976158142,1.100000023841858,1.1437499523162842,174274000.0,103.52205141318666,115.79773191277883,102.20519017749268,100.85465990830882,99.15128523539376,4.33,91.0,-1.14,-0.37
AMZN,2000-12-18,1.037500023841858,1.0593750476837158,0.946874976158142,0.993749976158142,320704000.0,108.93353126004737,118.5068825796266,102.25034470147337,101.9581192877683,99.99715461290235,4.38,92.0,-1.12,-0.37
AMZN,2000-12-19,1.015625,1.0437500476837158,0.8687499761581421,0.912500023841858,264370000.0,110.50153130118936,119.42052138965128,102.85613732604808,102.37269044390467,100.24433149249678,4.43,99.0,-1.06,-0.4
AMZN,2000-12-20,0.809374988079071,0.893750011920929,0.78125,0.8343750238418579,441014000.0,111.65803993499557,120.4391968427659,103.7156328628605,102.80904130327303,100.57399835425373,4.49,100.0,-0.96,-0.44
AMZN,2000-12-21,0.8187500238418579,0.887499988079071,0.7437499761581421,0.7593749761581421,177028000.0,112.036340235426,121.35324421547938,104.64358297625138,103.20973660406973,100.67283340195101,4.57,100.0,-0.85,-0.48
AMZN,2000-12-22,0.765625,0.8273440003395081,0.762499988079071,0.778124988079071,187740000.0,111.7798904617526,120.7675830704004,104.6846072217589,103.04928782084039,100.2511997654861,4.64,100.0,-0.8,-0.49
AMZN,2000-12-26,0.815625011920929,0.925000011920929,0.8125,0.846875011920929,180256000.0,115.93755789107661,122.39068017167483,105.59218060852709,103.41590224269214,100.6438418872059,4.73,100.0,-0.81,-0.55
AMZN,2000-12-27,0.800000011920929,0.871874988079071,0.778124988079071,0.84375,131976000.0,114.66126577636133,121.86017541264438,105.42221863831416,103.41313798030414,100.62294553010946,4.81,99.0,-0.84,-0.53
AMZN,2000-12-28,0.831250011920929,0.912500023841858,0.831250011920929,0.8687499761581421,169112000.0,114.25448329892858,122.13894729435582,105.31929668060161,102.67432470217277,100.56836502380386,4.89,98.0,-0.89,-0.52
AMZN,2000-12-29,0.8374999761581421,0.856249988079071,0.75,0.778124988079071,196994000.0,116.81430139540068,123.5184381126178,106.55210094163974,101.77368631160594,101.05701097257827,4.99,100.0,-0.9,-0.56
AMZN,2001-01-02,0.7906249761581421,0.800000011920929,0.6812499761581421,0.6937500238418579,184070000.0,119.46865720463036,124.71876233471487,107.52891552479038,102.56086345394692,100.24185810316588,5.1,100.0,-0.89,-0.58
AMZN,2001-01-03,0.6812499761581421,0.893750011920929,0.6781250238418579,0.878125011920929,293608000.0,141.093834620095,134.44973889970902,114.2672370150658,106.49124411432463,102.83006749519146,5.39,100.0,-0.94,0.16
AMZN,2001-01-04,0.8500000238418579,0.878125011920929,0.7718750238418579,0.7749999761581421,212410000.0,144.0931105002965,136.28752651541075,114.52444956394987,105.70645826205333,102.34607693934043,5.66,100.0,-0.98,0.22
AMZN,2001-01-05,0.7749999761581421,0.793749988079071,0.6781250238418579,0.7281249761581421,175976000.0,144.09168737231616,136.5996632702417,114.64570906208232,105.8815491342262,102.34870463961705,5.92,100.0,-1.01,0.23
AMZN,2001-01-08,0.721875011920929,0.778124988079071,0.6875,0.746874988079071,208894000.0,143.72252064613434,135.83624860884106,114.00660587887188,105.94063200281938,102.18824960574011,6.15,97.0,-1.03,0.3
AMZN,2001-01-09,0.7281249761581421,0.831250011920929,0.7281249761581421,0.8187500238418579,469104000.0,139.88397372614236,136.07194192951079,114.98516503505616,106.45721466269507,102.65695590902087,6.38,100.0,-1.06,0.21
AMZN,2001-01-10,0.7921879887580872,0.8500000238418579,0.778124988079071,0.824999988079071,220050000.0,140.02591014927202,133.35094610122542,115.01367344488315,106.24998172181321,102.62081946548687,6.61,100.0,-1.09,0.2
AMZN,2001-01-11,0.7875000238418579,0.8656250238418579,0.78125,0.8500000238418579,255132000.0,137.73019800595137,129.96663961633476,115.08983905837975,106.29065826030822,102.5888338889434,6.82,100.0,-1.12,0.19
AMZN,2001-01-12,0.8671879768371582,0.925000011920929,0.856249988079071,0.8843749761581421,168684000.0,136.231990765899,128.70608989446458,115.23140778773819,106.42789753385829,102.60140748791716,7.03,100.0,-1.15,0.15
AMZN,2001-01-16,0.915624976158142,0.918749988079071,0.862500011920929,0.903124988079071,120340000.0,134.7816274431083,125.51259262687431,115.27647424656458,106.31802202923598,102.61359584465433,7.22,100.0,-1.17,0.14
AMZN,2001-01-17,0.943750023841858,0.978124976158142,0.887499988079071,0.918749988079071,183320000.0,135.0022616250667,123.69623486080381,114.82047879564283,105.82971319875631,102.63714103405661,7.4,95.0,-1.19,0.19
AMZN,2001-01-18,0.918749988079071,0.975000023841858,0.8968750238418579,0.975000023841858,82316000.0,134.18476325427497,122.29261630080835,115.26050209384191,105.88084238178061,102.73620397200818,7.58,99.0,-1.19,0.14
AMZN,2001-01-19,1.0187499523162842,1.0187499523162842,0.934374988079071,0.996874988079071,123550000.0,134.07020427013325,122.37714464301345,115.30498651847377,105.87043971064067,102.73723086508357,7.75,100.0,-1.19,0.13
AMZN,2001-01-22,0.975000023841858,0.996874988079071,0.925000011920929,0.925000011920929,87972000.0,134.2123273024694,123.16072354833526,115.7889432405743,106.15176914412743,102.90787408046033,7.92,100.0,-1.18,0.1
AMZN,2001-01-23,0.918749988079071,0.965624988079071,0.912500023841858,0.947655975818634,94886000.0,131.62345066544654,122.12829564372885,115.85434907089464,105.9174495378777,102.15826785545694,8.08,100.0,-1.17,0.09
AMZN,2001-01-24,0.959375023841858,1.118749976158142,0.949999988079071,1.09375,276962000.0,135.65322375245898,122.0030539635247,117.49081465652733,107.29209665525181,103.22984631898275,8.28,100.0,-1.15,0.06
AMZN,2001-01-25,1.084375023841858,1.087499976158142,0.949999988079071,0.949999988079071,141328000.0,139.24014707793702,124.87907931394675,119.33300837102965,108.47984607338455,103.9452943278367,8.5,100.0,-1.13,0.0
AMZN,2001-01-26,0.946874976158142,1.024999976158142,0.943750023841858,0.975000023841858,101892000.0,139.32360852487656,124.23788180128057,119.44748327704278,108.396942615744,103.92465130953576,8.71,100.0,-1.1,-0.01
AMZN,2001-01-29,0.956250011920929,1.037500023841858,0.940625011920929,1.006250023841858,154260000.0,137.88302336375037,122.13997252865187,118.4563670112924,108.40931514046316,103.70131855064201,8.89,98.0,-1.1,0.07
AMZN,2001-01-30,1.0281250476837158,1.0343749523162842,0.9335939884185792,0.946874976158142,245466000.0,138.3330373290561,122.4124235720435,118.73277347441888,108.59187187918069,103.73197401838141,9.04,98.0,-1.11,0.06
AMZN,2001-01-31,0.946874976158142,0.978124976158142,0.8531249761581421,0.8656250238418579,409516000.0,140.35403929130504,122.48957771729505,119.22085407979448,108.89285745760606,103.96317257777423,9.19,98.0,-1.1,0.03
AMZN,2001-02-01,0.859375,0.859375,0.7875000238418579,0.8125,189374000.0,135.78612171752366,122.59765876732106,119.52891851058378,108.87426579324473,104.06569886955499,9.34,100.0,-1.08,0.01
AMZN,2001-02-02,0.8062499761581421,0.809374988079071,0.7124999761581421,0.71875,242022000.0,138.07339326073043,124.58140094478568,120.8643077348021,109.62395476078548,102.79904664484738,9.47,100.0,-1.05,-0.04
AMZN,2001-02-05,0.731249988079071,0.746874988079071,0.715624988079071,0.721875011920929,183796000.0,135.91909324495194,124.53538216634699,120.8537436269963,109.12361617262998,102.61558257713557,9.59,99.0,-1.04,-0.04
AMZN,2001-02-06,0.690625011920929,0.793749988079071,0.6781250238418579,0.7906249761581421,381518000.0,135.9349481318128,125.52920325031609,121.92812770390667,109.61848213672951,103.0010528618193,9.72,100.0,-1.02,-0.13
AMZN,2001-02-07,0.7593749761581421,0.7906249761581421,0.7281249761581421,0.75,151358000.0,136.6352691033419,125.01311143978184,121.65657287099971,109.7503903005391,102.5215582459019,9.83,99.0,-1.06,-0.09
AMZN,2001-02-08,0.765625,0.793749988079071,0.71875,0.71875,105904000.0,134.64647811501172,125.05014098449001,121.72952892595946,109.20736601278571,102.54467278941671,9.92,99.0,-1.08,-0.09
AMZN,2001-02-09,0.715624988079071,0.737500011920929,0.668749988079071,0.668749988079071,149080000.0,136.02092165679068,124.92823573837546,122.10883886215662,109.34394932867686,102.65346235860618,10.01,100.0,-1.09,-0.11
AMZN,2001-02-12,0.706250011920929,0.75,0.685155987739563,0.7250000238418579,105906000.0,138.04387172936188,125.9370298340314,122.83040354120631,109.6172949939398,103.02501327710061,10.11,100.0,-1.08,-0.19
AMZN,2001-02-13,0.75,0.753125011920929,0.6875,0.6875,95908000.0,135.2660694590528,126.05500634038475,122.46966736150755,109.70496802535985,103.11676110228456,10.2,99.0,-1.05,-0.17
AMZN,2001-02-14,0.706250011920929,0.737500011920929,0.675000011920929,0.721875011920929,162468000.0,131.9048104660566,126.30172733589559,122.2263493366268,109.06989397771679,103.26578577462764,10.27,98.0,-1.03,-0.15
AMZN,2001-02-15,0.675000011920929,0.731249988079071,0.675000011920929,0.7250000238418579,327690000.0,111.67882222922272,126.33894374613884,122.04613483743604,108.83089843040239,103.20521995712917,10.31,96.0,-1.04,-0.13
AMZN,2001-02-16,0.6812499761581421,0.706250011920929,0.6656249761581421,0.684374988079071,129812000.0,107.08187257184085,126.28311471808162,122.2519237281402,108.86609977224835,103.31780173325483,10.35,98.0,-1.04,-0.14
AMZN,2001-02-20,0.6812499761581421,0.684374988079071,0.621874988079071,0.625,131782000.0,108.72545572876595,126.91153776387655,122.90714207863662,107.84322137812094,103.50435142993679,10.39,100.0,-1.03,-0.17
AMZN,2001-02-21,0.612500011920929,0.625,0.565625011920929,0.596875011920929,151052000.0,108.95526701066258,126.69406864433081,122.89035888047053,107.76146079120501,103.57295490709662,10.42,99.0,-1.0,-0.16
AMZN,2001-02-22,0.6000000238418579,0.606249988079071,0.5687500238418579,0.596875011920929,164984000.0,104.85168210775375,122.74927176484829,122.44730922930094,107.4743482826233,102.99200841403938,10.43,96.0,-1.01,-0.11
AMZN,2001-02-23,0.59375,0.6031249761581421,0.5531250238418579,0.590624988079071,102998000.0,104.71068758609488,122.69343886626265,122.36658007094657,107.40536521997839,102.96945161769959,10.43,95.0,-1.0,-0.11
AMZN,2001-02-26,0.6031249761581421,0.612500011920929,0.574999988079071,0.596875011920929,124582000.0,104.20179932744453,121.08603589754969,122.07125489455379,107.4225340555384,102.97034362288157,10.42,91.0,-0.96,-0.11
AMZN,2001-02-27,0.590624988079071,0.606249988079071,0.581250011920929,0.5874999761581421,154652000.0,103.05671717281533,119.76114166070298,122.05885551907174,107.41306109818152,102.88340067667218,10.4,90.0,-0.92,-0.11
AMZN,2001-02-28,0.5625,0.5874999761581421,0.496874988079071,0.5093749761581421,292596000.0,109.0244748573989,121.73632411181565,123.68321396443352,108.30364002225188,103.63586638944066,10.39,100.0,-0.87,-0.14
AMZN,2001-03-01,0.4937500059604645,0.534375011920929,0.4796879887580871,0.5218750238418579,219934000.0,109.24843625904599,121.97457937446276,123.47368574151612,108.34740601284902,103.61788912275374,10.37,99.0,-0.82,-0.14
AMZN,2001-03-02,0.5015630125999451,0.53125,0.5,0.5,150912000.0,106.87574856657531,120.6491327853207,123.3179633473117,108.29119298666383,103.58395610776535,10.34,98.0,-0.77,-0.14
AMZN,2001-03-05,0.6187499761581421,0.653124988079071,0.574999988079071,0.6312500238418579,470014000.0,129.5688576527652,130.84339013061742,129.13039996605525,112.00033599647765,106.33502064505076,10.41,100.0,-0.74,0.13
AMZN,2001-03-06,0.653905987739563,0.699999988079071,0.5625,0.59375,463830000.0,129.08466597268193,130.6605192296908,129.35345513923804,112.18256218653579,106.43598011017889,10.44,100.0,-0.7,0.13
AMZN,2001-03-07,0.596875011920929,0.628125011920929,0.5718749761581421,0.612500011920929,212882000.0,129.28082513407355,129.62191717224434,128.85743841977683,112.2717797402811,106.50297401636892,10.46,98.0,-0.68,0.13
AMZN,2001-03-08,0.596875011920929,0.6000000238418579,0.581250011920929,0.5843750238418579,99152000.0,120.55245273571764,128.10055871282322,128.13918800664615,112.33000500526967,106.57631846187682,10.47,97.0,-0.68,0.17
AMZN,2001-03-09,0.5718749761581421,0.625,0.5687500238418579,0.612500011920929,177134000.0,116.53196520533464,127.36102825734285,126.70453841912736,112.51361455986574,106.3707804829814,10.47,96.0,-0.65,0.27
AMZN,2001-03-12,0.5687500238418579,0.5843750238418579,0.5249999761581421,0.53125,114330000.0,121.53647977264347,129.90880990609588,126.29544204147791,113.19844288231668,107.20886397108748,10.49,95.0,-0.65,0.26
AMZN,2001-03-13,0.5406249761581421,0.5531250238418579,0.5249999761581421,0.550000011920929,66614000.0,121.65598706730604,129.4459671805194,125.56003939507048,110.58440703924133,107.27824566440549,10.5,94.0,-0.67,0.28
AMZN,2001-03-14,0.512499988079071,0.546875,0.5062500238418579,0.53125,62488000.0,121.13122108136263,129.34539566071922,123.53217236791254,110.63123072848393,107.30708006536196,10.51,92.0,-0.66,0.44
AMZN,2001-03-15,0.5687500238418579,0.5718749761581421,0.5406249761581421,0.543749988079071,116498000.0,119.8399963608425,129.48555327152198,122.4245879132231,110.28643745123927,107.32788257640652,10.5,84.0,-0.63,0.55
AMZN,2001-03-16,0.53125,0.5531250238418579,0.512499988079071,0.550000011920929,139684000.0,119.20397616877293,126.77712029258367,121.10104995291233,110.18527829481269,107.24686980732938,10.48,73.0,-0.56,0.68
AMZN,2001-03-19,0.559374988079071,0.565625011920929,0.5062500238418579,0.5249999761581421,135490000.0,115.09424582686437,126.03850021651428,121.21011691719261,110.2744163117773,107.3091132580604,10.46,73.0,-0.49,0.68
AMZN,2001-03-20,0.528124988079071,0.574999988079071,0.5062500238418579,0.512499988079071,125894000.0,115.07138119362045,124.96705857644757,121.2275962570311,110.27846100632995,107.32211021270663,10.39,73.0,-0.42,0.68
AMZN,2001-03-21,0.518750011920929,0.5218750238418579,0.5,0.5,110132000.0,110.93684343478412,123.7282719390991,120.46072965454428,110.25527635626182,106.57140051494818,10.31,68.0,-0.33,0.79
AMZN,2001-03-22,0.503125011920929,0.512499988079071,0.4781250059604645,0.5093749761581421,131892000.0,110.7689928483681,123.67105284134038,117.89816734728866,110.29498277909786,106.59230491190372,10.25,61.0,-0.25,0.97
AMZN,2001-03-23,0.528124988079071,0.5406249761581421,0.496874988079071,0.5093749761581421,75088000.0,110.46498974210938,122.19730055477007,117.86427134575732,110.29656331334898,106.53476548015752,10.17,60.0,-0.15,0.97
AMZN,2001-03-26,0.5350000262260437,0.5644999742507935,0.531000018119812,0.546999990940094,137012000.0,111.43835013188944,123.28328592067103,118.10059693557531,110.6804332638047,106.53473908736215,10.11,61.0,-0.02,0.89
AMZN,2001-03-27,0.5460000038146973,0.5899999737739563,0.5254999995231628,0.5820000171661377,112064000.0,110.28672491254783,123.87953277741693,117.14247414583224,110.9426594862609,106.75316171052135,10.06,57.0,0.07,0.97
AMZN,2001-03-28,0.5550000071525574,0.5580000281333923,0.5375000238418579,0.5400000214576721,67738000.0,111.24950862784775,122.82749608441293,117.46003692092721,111.07936481124538,106.91149358714908,9.99,57.0,0.12,0.97
AMZN,2001-03-29,0.5285000205039978,0.5515000224113464,0.5,0.5,92768000.0,111.63582406642738,121.63702390934803,117.29684319956499,111.13803539482655,107.02372485730098,9.93,56.0,-0.08,1.04
AMZN,2001-03-30,0.5059999823570251,0.5419999957084656,0.4954999983310699,0.5115000009536743,71168000.0,112.00032880814395,110.96714615400465,117.23607229020625,111.19201070006726,107.06059465457425,9.87,55.0,-0.21,1.02
AMZN,2001-04-02,0.5164999961853027,0.5264999866485596,0.4250000119209289,0.4550000131130218,176078000.0,115.39256096586519,110.62696192736956,118.37569584838769,109.27720405575134,107.60932649808592,9.81,61.0,-0.36,0.93
AMZN,2001-04-03,0.4354999959468841,0.457500010728836,0.4250000119209289,0.4314999878406524,97314000.0,113.70659321182039,110.4500562275138,118.47341029518799,109.35653016191542,107.61083972876177,9.75,62.0,-0.69,0.94
AMZN,2001-04-04,0.4284999966621399,0.449999988079071,0.4050000011920929,0.4199999868869781,114162000.0,113.3497646508566,110.28033519503373,117.92800004835145,109.34121172784366,107.6187458937945,9.69,58.0,-0.84,0.99
AMZN,2001-04-05,0.4510000050067901,0.4650000035762787,0.4359999895095825,0.4560000002384186,108484000.0,116.54916361885934,109.91846837115231,118.41643003777689,109.86127803411571,107.97809483875218,9.64,60.0,-0.87,0.88
AMZN,2001-04-06,0.4449999928474426,0.4449999928474426,0.4099999964237213,0.418500006198883,105622000.0,118.65992335175505,110.95083025985824,118.9185656642932,110.24148294158603,108.18429439693789,9.59,63.0,-0.86,0.84
AMZN,2001-04-09,0.5920000076293945,0.5950000286102295,0.5350000262260437,0.5590000152587891,468114000.0,147.25255481874586,126.70407929959111,127.77034530617892,115.70586502323536,112.05497725223086,9.63,96.0,-0.8,1.73
AMZN,2001-04-10,0.5619999766349792,0.675000011920929,0.5600000023841858,0.6004999876022339,377208000.0,148.722024602823,127.37419373634029,128.18092083879262,115.91201986018602,112.18470718825732,9.57,97.0,-0.77,1.66
AMZN,2001-04-11,0.6549999713897705,0.6825000047683716,0.609000027179718,0.6660000085830688,268436000.0,145.16704733448978,129.24322176118963,129.3431625570754,116.60724426899407,112.7222610744759,9.53,99.0,-0.76,1.5
AMZN,2001-04-12,0.6524999737739563,0.7505000233650208,0.6499999761581421,0.7335000038146973,230600000.0,147.3255333093436,130.8405014125634,130.13580991773617,117.15026753517115,112.63687258681654,9.47,100.0,-0.7,1.35
AMZN,2001-04-16,0.7250000238418579,0.7269999980926514,0.6825000047683716,0.7014999985694885,126202000.0,147.38351395109632,130.43137920667502,130.27254476016628,116.15445805273244,111.6212076966616,9.41,100.0,-0.64,1.34
AMZN,2001-04-17,0.690500020980835,0.7434999942779541,0.6875,0.7369999885559082,101470000.0,132.19293573602587,130.79611604834213,130.27928872537456,116.22847252998095,111.73658718679664,9.34,100.0,-0.54,1.3
AMZN,2001-04-18,0.7829999923706055,0.9079999923706056,0.7774999737739563,0.8270000219345093,391100000.0,134.36539860808668,132.25527227004298,131.35445717334403,117.07724908574076,112.37412238366784,9.28,100.0,-0.43,1.13
AMZN,2001-04-19,0.8450000286102295,0.8450000286102295,0.784500002861023,0.7994999885559082,174852000.0,134.84003610544522,132.30136027019515,131.26764535933887,117.12928288301786,111.27427667455369,9.22,99.0,-0.32,1.17
AMZN,2001-04-20,0.781000018119812,0.8100000023841858,0.7484999895095825,0.7889999747276306,170442000.0,133.9759837859897,128.75458381465967,129.24500863257876,117.10557825166836,111.25393991619666,9.16,93.0,-0.36,1.4
AMZN,2001-04-23,0.8195000290870667,0.8730000257492065,0.8009999990463257,0.8100000023841858,233792000.0,133.61265706446227,125.76580515943377,129.27339694838275,117.11965395559689,111.28673164304081,9.09,93.0,-0.39,1.37
AMZN,2001-04-24,0.8220000267028809,0.8399999737739563,0.7739999890327454,0.7839999794960022,141652000.0,126.38191874341054,125.76937542677094,128.21653117306658,117.09519296599336,111.22853349561788,9.03,89.0,-0.29,1.46
AMZN,2001-04-25,0.784500002861023,0.8050000071525574,0.7300000190734863,0.8044999837875366,186342000.0,126.27556510471767,125.70631534503651,127.70049461290587,117.0342340850099,111.12883317833418,8.96,85.0,-0.29,1.54
AMZN,2001-04-26,0.8125,0.824999988079071,0.75,0.7714999914169312,119212000.0,126.52717362211038,125.39854792610427,127.16049230161597,117.09053172580559,111.16297207535129,8.89,84.0,-0.18,1.59
AMZN,2001-04-27,0.7860000133514404,0.7864999771118164,0.7509999871253967,0.7634999752044678,88920000.0,126.65337918000685,124.11407582241752,127.1632398464101,116.87196883262516,111.16223403664596,8.8,84.0,-0.08,1.59
AMZN,2001-04-30,0.781499981880188,0.8450000286102295,0.7795000076293945,0.7889999747276306,115606000.0,126.80718379327239,123.65142113718244,126.6532585849752,116.94614592325361,111.12377430968463,8.71,81.0,-0.13,1.67
AMZN,2001-05-01,0.7950000166893005,0.8500000238418579,0.7900000214576721,0.8445000052452087,102158000.0,126.55527580032759,121.766745499615,127.01293370195363,116.58915707558026,111.01793322766535,8.52,82.0,-0.14,1.58
AMZN,2001-05-02,0.8569999933242798,0.8715000152587891,0.8420000076293945,0.8554999828338623,149944000.0,125.99350088613006,121.78449085535526,126.57900353665059,116.51657664744235,110.86474047281187,8.32,79.0,-0.07,1.6
AMZN,2001-05-03,0.8414999842643738,0.8500000238418579,0.8125,0.8374999761581421,100200000.0,125.89862892212984,120.4801649465931,125.6588603226352,116.16170939084816,110.83196637830414,8.12,77.0,0.03,1.68
AMZN,2001-05-04,0.8174999952316284,0.8799999952316284,0.796500027179718,0.878000020980835,131690000.0,126.19941784024505,120.31859086790872,124.99938525396652,116.2600528488669,110.93208688517733,7.94,75.0,0.09,1.78
AMZN,2001-05-07,0.8679999709129333,0.8765000104904175,0.8255000114440918,0.8460000157356262,101674000.0,127.11878430747505,120.23657555360785,124.45514969198766,116.32296479459822,110.78660925369634,7.76,74.0,-0.05,1.9
AMZN,2001-05-08,0.8140000104904175,0.8245000243186951,0.7799999713897705,0.8090000152587891,143830000.0,127.25398393910076,119.63825251936433,124.5507321181407,116.38459534922232,110.79130554963916,7.56,74.0,-0.46,1.92
AMZN,2001-05-09,0.7774999737739563,0.7829999923706055,0.75,0.7505000233650208,93420000.0,128.86127815488967,119.5839216269975,124.38600616250785,116.6104650562378,111.00905871719131,7.37,72.0,-0.6,1.93
AMZN,2001-05-10,0.7699999809265137,0.7820000052452087,0.7300000190734863,0.7310000061988831,100252000.0,126.88404524358212,119.19568888326917,124.26039176140297,116.60863391269054,110.92309265604501,7.16,71.0,-0.68,1.94
AMZN,2001-05-11,0.7275000214576721,0.7400000095367432,0.699999988079071,0.734000027179718,69738000.0,124.19779456576467,118.7818834799504,124.25143166340196,116.34526546942558,110.87444608116941,6.94,70.0,-0.86,1.95
AMZN,2001-05-14,0.7264999747276306,0.7264999747276306,0.6579999923706055,0.6664999723434448,123884000.0,128.11243680673542,120.4200377474006,123.214063774872,116.81823771609136,111.2388441254438,6.7,65.0,-0.83,2.02
AMZN,2001-05-15,0.6675000190734863,0.7149999737739563,0.6570000052452087,0.6769999861717224,122624000.0,122.42972418003373,119.89305807532486,122.55879146925753,116.8218846972475,111.15641084942416,6.46,61.0,-0.78,2.07
AMZN,2001-05-16,0.6725000143051147,0.718999981880188,0.6549999713897705,0.7064999938011169,145580000.0,121.06184218322169,118.69981061148358,121.97820180193301,116.95040818597604,111.11099326216961,6.23,50.0,-0.75,2.08
AMZN,2001-05-17,0.7045000195503235,0.75,0.7014999985694885,0.7390000224113464,135108000.0,120.61384613620041,118.59050417394046,121.2897864867776,117.08400704241122,111.1617801585163,6.0,46.0,-0.75,2.11
AMZN,2001-05-18,0.7415000200271606,0.75,0.7250000238418579,0.7360000014305115,101436000.0,119.2576253787871,118.59864952718601,121.2266029795263,116.6386910642325,110.78476313676495,5.77,44.0,-0.74,2.14
AMZN,2001-05-21,0.7475000023841858,0.8209999799728394,0.737500011920929,0.8190000057220459,144648000.0,118.03701610360051,120.4315493949068,121.67399224347699,117.35009502876912,111.25427406733482,5.55,47.0,-0.73,2.08
AMZN,2001-05-22,0.8395000100135803,0.8500000238418579,0.7950000166893005,0.8125,146180000.0,86.93362825774928,120.45788267470255,121.67888575333639,117.34894536317695,111.25050362559332,5.31,47.0,-0.72,2.08
AMZN,2001-05-23,0.8100000023841858,0.8399999737739563,0.7559999823570251,0.7799999713897705,178530000.0,86.39204251234231,120.7522318380277,121.75333276006262,116.80146631635925,110.85015919219332,5.05,48.0,-0.69,2.1
AMZN,2001-05-24,0.7854999899864197,0.8374999761581421,0.762499988079071,0.8374999761581421,106698000.0,83.77294540753175,117.51045811806881,121.01771767687133,117.1515479393358,111.02124949255274,4.81,38.0,-0.71,2.1
AMZN,2001-05-25,0.8324999809265137,0.8765000104904175,0.8184999823570251,0.8544999957084656,138574000.0,79.54684877409349,117.48947189160947,119.62677280549782,117.05345624170198,110.87881577498733,4.59,34.0,-0.75,2.22
AMZN,2001-05-29,0.8604999780654907,0.8769999742507935,0.8349999785423279,0.8610000014305115,187898000.0,78.13923821400695,117.00737340586515,113.61840449102758,117.05943627723063,110.85499656831163,4.6,1.0,-0.74,2.35
AMZN,2001-05-30,0.8270000219345093,0.8500000238418579,0.781000018119812,0.7829999923706055,177028000.0,82.39257210052587,109.23583160544852,112.87825337234301,117.5381082073437,110.66558764095808,4.63,1.0,-0.74,2.41
AMZN,2001-05-31,0.7919999957084656,0.8600000143051147,0.7875000238418579,0.8345000147819519,192640000.0,77.44658076301909,109.06943097329913,112.87602814674598,117.81382952074264,110.68917645090959,4.66,1.0,-0.77,2.36
AMZN,2001-06-01,0.8610000014305115,0.8654999732971191,0.8195000290870667,0.8475000262260437,129372000.0,76.87486958366281,108.9608281724037,112.83302728578484,117.8391902548702,110.62550164635094,4.68,1.0,-0.8,2.37
AMZN,2001-06-04,0.8659999966621399,0.8700000047683716,0.8075000047683716,0.8454999923706055,122820000.0,76.75307574115313,108.42631819913649,111.89435732076396,117.61641389249205,109.63923902273014,4.74,1.0,-0.8,2.57
AMZN,2001-06-05,0.8529999852180481,0.8960000276565552,0.800000011920929,0.8220000267028809,255162000.0,76.89829536796562,108.3113484413051,111.97928273296445,117.61624271005104,109.52433872590525,4.79,2.0,-0.8,2.57
AMZN,2001-06-06,0.8335000276565552,0.8360000252723694,0.7739999890327454,0.7994999885559082,194722000.0,76.72877808925662,104.12415049938626,111.96128873271522,117.63535031182914,109.32189426864751,4.85,2.0,-0.79,2.6
AMZN,2001-06-07,0.7910000085830688,0.8115000128746033,0.784500002861023,0.8065000176429749,68904000.0,76.40095438441887,103.96312128545031,111.78573066875768,117.53089298971715,109.29136019662864,4.91,1.0,-0.76,2.65
AMZN,2001-06-08,0.8125,0.8165000081062317,0.7825000286102295,0.7850000262260437,50166000.0,75.81063426437679,103.84559948095277,111.80604123355631,117.19394912004701,109.31267320494882,4.97,2.0,-0.72,2.67
AMZN,2001-06-11,0.7749999761581421,0.7774999737739563,0.7225000262260437,0.7429999709129333,99420000.0,77.4550307808923,104.54228823089113,112.08743994042591,117.03777467741287,109.42256852318708,5.01,6.0,-0.67,2.65
AMZN,2001-06-12,0.7300000190734863,0.7394999861717224,0.7160000205039978,0.7319999933242798,86674000.0,76.88096209533644,104.61467043093621,111.66884723475651,116.94958998078371,109.20409680058218,5.07,1.0,-0.63,2.77
AMZN,2001-06-13,0.7480000257492065,0.7574999928474426,0.7055000066757202,0.7059999704360962,75688000.0,74.47231681182816,104.4191995901215,111.71978509077599,116.98057288480439,109.23684478886425,5.13,2.0,-0.59,2.8
AMZN,2001-06-14,0.7059999704360962,0.7059999704360962,0.6579999923706055,0.6644999980926514,101766000.0,75.88497339719503,105.11782356647899,111.51071565654938,117.15436131030937,109.26978423492038,5.2,1.0,-0.54,2.83
AMZN,2001-06-15,0.6504999995231628,0.6729999780654907,0.6150000095367432,0.6244999766349792,153432000.0,77.39248573529524,105.83559597219583,111.8097622508909,117.23551081258819,109.41868773309784,5.26,6.0,-0.49,2.82
AMZN,2001-06-18,0.6225000023841858,0.6349999904632568,0.5835000276565552,0.5914999842643738,114342000.0,76.48187425604995,106.45002754778154,109.55032852185913,117.14899239881196,109.52866343250689,5.38,1.0,-0.81,3.22
AMZN,2001-06-19,0.6225000023841858,0.6324999928474426,0.5600000023841858,0.5680000185966492,122190000.0,76.58112078088094,106.81415297715262,107.54798978984323,117.15178106152413,109.58087829875669,5.56,1.0,-0.83,3.47
AMZN,2001-06-20,0.5634999871253967,0.6349999904632568,0.5600000023841858,0.6265000104904175,213046000.0,82.4398912727886,107.69456535153019,108.68091881112379,117.56901854773196,110.0448307131769,5.7,2.0,-0.87,3.2
AMZN,2001-06-21,0.6340000033378601,0.6600000262260437,0.6294999718666077,0.6539999842643738,195548000.0,81.2500673598725,107.3129368198299,108.79208610886941,117.6926722192883,110.14943351710846,5.83,3.0,-1.03,3.17
AMZN,2001-06-22,0.656499981880188,0.6635000109672546,0.6190000176429749,0.6200000047683716,126334000.0,82.25161413792526,106.74400276768445,108.70019147773506,117.76708890445128,109.90801917531468,5.96,3.0,-1.09,3.19
AMZN,2001-06-25,0.6355000138282776,0.6570000052452087,0.6284999847412109,0.640500009059906,138940000.0,82.94943783828307,105.62398691143574,107.98303910081823,117.60558381368796,107.92570943064507,6.1,2.0,-1.08,3.25
AMZN,2001-06-26,0.6269999742507935,0.6869999766349792,0.6019999980926514,0.6625000238418579,132790000.0,78.89682088318578,105.73115966217243,107.70212957085627,117.50584163628682,107.98985402876826,6.24,2.0,-1.06,3.24
AMZN,2001-06-27,0.690500020980835,0.7124999761581421,0.6825000047683716,0.7020000219345093,152488000.0,80.56807617918291,103.2032865513596,106.36243001141446,117.6224793238865,107.89420685413064,6.41,1.0,-1.06,3.34
AMZN,2001-06-28,0.7114999890327454,0.7294999957084656,0.6884999871253967,0.7179999947547913,110334000.0,79.87690625126275,102.47819029250806,106.42156432222384,117.64877205604607,107.84907120312539,6.57,2.0,-1.05,3.31
AMZN,2001-06-29,0.715499997138977,0.7325000166893005,0.6859999895095825,0.7074999809265137,89780000.0,78.85854506919807,102.32727999804206,105.4385217448129,117.21004908201171,107.8424358794065,6.74,1.0,-1.04,3.59
AMZN,2001-07-02,0.7049999833106995,0.7354999780654907,0.6924999952316284,0.7264999747276306,126690000.0,79.2670584681993,101.24808228393162,105.20081423981196,116.68314213577682,107.86922182968117,6.91,1.0,-1.03,3.59
AMZN,2001-07-03,0.7245000004768372,0.7250000238418579,0.699999988079071,0.7064999938011169,54022000.0,72.77406423769594,99.64502870215621,105.07675035231756,115.73762322142859,107.87292431151523,7.07,1.0,-1.03,3.61
AMZN,2001-07-05,0.7139999866485596,0.7724999785423279,0.7099999785423279,0.7634999752044678,241664000.0,76.58795652783786,82.05642794946436,105.15529265484167,114.69752810671582,108.17492620131375,7.22,2.0,-1.04,3.49
AMZN,2001-07-06,0.7450000047683716,0.7860000133514404,0.7400000095367432,0.7634999752044678,181824000.0,75.70198502495312,80.88478293191221,104.38102467389339,114.076371073459,108.17202158031361,7.38,1.0,-1.05,3.72
AMZN,2001-07-09,0.7674999833106995,0.7950000166893005,0.7555000185966492,0.7904999852180481,160020000.0,73.40151656980008,78.46209917587635,104.16363471281302,112.98138209482174,108.23816025970608,7.54,1.0,-1.07,3.71
AMZN,2001-07-10,0.8040000200271606,0.8059999942779541,0.7799999713897705,0.7804999947547913,172854000.0,73.16195480745135,76.04820019513015,103.90862927338407,112.3340901036894,108.20949473490293,7.7,1.0,-1.08,3.82
AMZN,2001-07-11,0.7714999914169312,0.7900000214576721,0.7475000023841858,0.7670000195503235,116436000.0,73.20648142426674,75.55407777189977,103.94720802125808,111.61001105118622,108.08509882692499,7.85,2.0,-1.09,3.82
AMZN,2001-07-12,0.7850000262260437,0.8270000219345093,0.7850000262260437,0.8245000243186951,119530000.0,71.13843691131771,76.31674719295947,104.14113167755721,111.9390360284042,108.18203514947709,7.98,3.0,-1.11,3.69
AMZN,2001-07-13,0.8130000233650208,0.8500000238418579,0.8050000071525574,0.8489999771118164,136966000.0,69.20586129951158,72.81717553753536,103.16248226313989,111.99707906648455,108.23011691279989,8.13,1.0,-1.12,3.83
AMZN,2001-07-16,0.847000002861023,0.8709999918937683,0.8004999756813049,0.8004999756813049,146316000.0,71.1392220811926,73.49673357279063,103.33711608066001,111.79963812527302,106.4947643382724,8.27,2.0,-1.11,3.79
AMZN,2001-07-17,0.7919999957084656,0.8245000243186951,0.7914999723434448,0.8174999952316284,74124000.0,71.44803335973936,73.56814140517326,103.37576002216011,110.41657696681575,106.47530000664909,8.4,3.0,-1.1,3.77
AMZN,2001-07-18,0.8034999966621399,0.8324999809265137,0.7940000295639038,0.7979999780654907,73462000.0,71.32438316482815,73.54204546745532,103.44417143320103,110.38383216354566,106.47822726349298,8.52,4.0,-1.08,3.76
AMZN,2001-07-19,0.8075000047683716,0.8399999737739563,0.8069999814033508,0.8245000243186951,104256000.0,71.50363245080271,73.53166632748483,103.5447978792166,110.09974079426794,106.52621357194236,8.64,5.0,-1.07,3.72
AMZN,2001-07-20,0.8264999985694885,0.862500011920929,0.8224999904632568,0.8489999771118164,74714000.0,71.94290034953667,73.58542049317164,103.58104541748632,109.36533576473472,106.57185857367834,8.75,6.0,-1.05,3.68
AMZN,2001-07-23,0.8510000109672546,0.8565000295639038,0.7979999780654907,0.8015000224113464,173278000.0,73.53072740250926,74.04385841480754,101.37717832634239,109.50718566425567,106.68299965478394,8.88,1.0,-0.99,3.94
AMZN,2001-07-24,0.6809999942779541,0.699999988079071,0.5950000286102295,0.6029999852180481,651458000.0,109.79891761421084,94.32920670554061,111.22338408326283,114.11929615302077,110.18091997143893,8.89,26.0,-0.95,4.8
AMZN,2001-07-25,0.6144999861717224,0.6154999732971191,0.5534999966621399,0.5755000114440918,251194000.0,110.38326329070622,94.41258436365965,111.26414477312201,114.06412984302547,110.23330949961361,8.89,27.0,-0.93,4.79
AMZN,2001-07-26,0.5835000276565552,0.637499988079071,0.5615000128746033,0.6165000200271606,210050000.0,112.23514187433004,94.44059011673072,105.46155784799677,114.38556813715275,110.41229529471404,8.89,17.0,-0.94,5.15
AMZN,2001-07-27,0.6165000200271606,0.6215000152587891,0.5849999785423279,0.612500011920929,181518000.0,110.9751951985062,94.36470615212946,105.01257275206291,114.36924917798609,109.5777940559667,8.89,13.0,-0.93,5.28
AMZN,2001-07-30,0.6104999780654907,0.637499988079071,0.5989999771118164,0.6274999976158142,103620000.0,109.77520963873972,94.50154233550741,104.96681921625051,114.02310406011742,109.53533149730063,8.88,13.0,-0.92,5.29
AMZN,2001-07-31,0.6320000290870667,0.6430000066757202,0.6115000247955322,0.6244999766349792,87578000.0,108.57258360587261,93.87736400221162,104.69670812644483,113.67205665893533,109.53274002953546,8.89,13.0,-0.9,5.38
AMZN,2001-08-01,0.6365000009536743,0.6430000066757202,0.6085000038146973,0.625,110212000.0,107.82993189467796,93.65620370111283,104.43271599518727,113.60354863194881,109.53091177607234,8.91,13.0,-0.89,5.46
AMZN,2001-08-02,0.6294999718666077,0.6299999952316284,0.6050000190734863,0.609499990940094,77450000.0,104.26587395245362,93.38725204249278,101.99014097504453,113.29810814222697,109.5299174939527,8.96,2.0,-0.85,6.04
AMZN,2001-08-03,0.6119999885559082,0.6194999814033508,0.6054999828338623,0.6075000166893005,61698000.0,103.43299541885295,92.22946275952883,101.85248625976517,113.17593805427559,109.49942154075714,9.02,2.0,-0.82,6.09
AMZN,2001-08-06,0.609000027179718,0.6100000143051147,0.5924999713897705,0.5950000286102295,53236000.0,102.46520447518395,92.17796953980172,101.75242115269786,113.15520023869132,109.45592044471117,9.1,2.0,-0.79,6.13
AMZN,2001-08-07,0.5945000052452087,0.5950000286102295,0.5759999752044678,0.5799999833106995,51204000.0,102.17734234414992,92.27458618944063,101.77716595737432,113.00036085087535,109.38932781158772,9.17,3.0,-0.77,6.12
AMZN,2001-08-08,0.5755000114440918,0.5774999856948853,0.5515000224113464,0.5554999709129333,67468000.0,102.18417768825579,90.62296770374012,101.99861310260904,113.08667484607784,109.43660060939007,9.25,6.0,-0.77,6.05
AMZN,2001-08-09,0.5569999814033508,0.5584999918937683,0.512499988079071,0.5230000019073486,120980000.0,101.51307780169066,91.28817438263613,102.18203029029492,113.08137647018293,109.41323407555747,9.32,7.0,-0.77,5.99
AMZN,2001-08-10,0.5289999842643738,0.5325000286102295,0.4970000088214874,0.4975000023841858,183746000.0,101.68083143015403,91.22719177835131,102.419557132323,113.00190210068996,109.5041795807226,9.38,8.0,-0.77,5.91
AMZN,2001-08-13,0.5049999952316284,0.5149999856948853,0.4884999990463257,0.5059999823570251,96630000.0,102.02686773774805,90.73977346227035,102.3803656976714,112.91702915112694,109.00871068697904,9.44,8.0,-0.77,5.92
AMZN,2001-08-14,0.515999972820282,0.5519999861717224,0.5134999752044678,0.5264999866485596,96142000.0,102.52154087297399,91.22835369375399,102.53224675395441,111.7424509976015,109.0282986332711,9.52,10.0,-0.77,5.87
AMZN,2001-08-15,0.5270000100135803,0.5414999723434448,0.5,0.5040000081062317,67170000.0,102.85227684049019,88.47876119624033,102.76996663372277,111.78663768124484,108.80802575492487,9.58,11.0,-0.77,5.8
AMZN,2001-08-16,0.5040000081062317,0.5074999928474426,0.4699999988079071,0.4905000030994415,124542000.0,99.41228095117515,88.56491290829848,102.21624129251174,111.09811994331895,108.77906875835966,9.65,8.0,-0.78,5.98
AMZN,2001-08-17,0.4754999876022339,0.5044999718666077,0.4724999964237213,0.4995000064373016,107212000.0,99.78566989343828,88.46810897090013,101.76314170570093,110.73971025697959,108.80381055354353,9.72,3.0,-0.81,6.14
AMZN,2001-08-20,0.5095000267028809,0.5205000042915344,0.4975000023841858,0.5199999809265137,72280000.0,100.0308113341531,87.51758915292082,101.29015802692909,110.44210850127989,108.871179011618,9.8,1.0,-0.81,6.28
AMZN,2001-08-21,0.5350000262260437,0.5394999980926514,0.4939999878406524,0.4945000112056732,102766000.0,100.58120431223756,87.74273270639623,100.86434077195976,110.57272255279209,108.91144566417512,9.88,1.0,-0.81,6.42
AMZN,2001-08-22,0.5080000162124634,0.5115000009536743,0.4794999957084656,0.5099999904632568,82524000.0,101.45870522100064,88.06115584620048,100.91941816005665,110.23801423851691,108.94928451333466,9.95,2.0,-0.81,6.4
AMZN,2001-08-23,0.5065000057220459,0.5080000162124634,0.4785000085830688,0.4814999997615814,80014000.0,98.85073268217836,86.8203274796081,99.59589179040428,110.30753264855963,108.86970789395936,10.03,1.0,-0.83,6.78
AMZN,2001-08-24,0.492000013589859,0.5149999856948853,0.4860000014305115,0.5115000009536743,75598000.0,100.54195405373673,86.70771074037607,99.67046122430857,110.29924138165117,109.05155714151138,10.11,2.0,-0.88,6.74
AMZN,2001-08-27,0.5044999718666077,0.5134999752044678,0.4954999983310699,0.5065000057220459,52360000.0,99.76611910971049,86.56829145029474,99.58172298637545,109.71528664029586,109.03480897939437,10.19,1.0,-0.98,6.78
AMZN,2001-08-28,0.5059999823570251,0.5074999928474426,0.4779999852180481,0.4984999895095825,64582000.0,99.17178289575426,86.57129703005884,98.78119891625026,109.12389151758939,109.02934664164923,10.27,1.0,-1.01,7.08
AMZN,2001-08-29,0.5019999742507935,0.5024999976158142,0.4505000114440918,0.4595000147819519,76072000.0,100.93217967978087,87.76112081532035,98.6863462952049,109.0638477189456,109.27853118211277,10.35,1.0,-1.1,7.11
AMZN,2001-08-30,0.453000009059906,0.4745000004768371,0.4275000095367431,0.4345000088214874,117028000.0,100.30169030362792,88.19795192838221,87.58866855303631,109.17580794494425,109.04999857193202,10.53,1.0,-1.03,5.39
AMZN,2001-08-31,0.4350000023841858,0.4650000035762787,0.4345000088214874,0.4469999969005584,72832000.0,100.26170604841329,88.46904975225203,86.9234468427011,108.83816788298152,109.06936766690025,10.7,1.0,-1.01,5.58
AMZN,2001-09-04,0.4474999904632568,0.4595000147819519,0.4259999990463257,0.429500013589859,97154000.0,99.83789985481984,88.61569336263986,85.42052830528995,108.80992186717104,109.12007721073273,10.87,1.0,-1.01,5.92
AMZN,2001-09-05,0.4329999983310699,0.4339999854564667,0.3425000011920929,0.3824999928474426,421468000.0,68.00843976578305,90.78730037464868,85.68780235613234,109.57951859182444,109.18267685140144,11.0,2.0,-0.95,5.68
AMZN,2001-09-06,0.3919999897480011,0.4095000028610229,0.3835000097751617,0.4074999988079071,142632000.0,70.98684752629184,92.05233892371496,86.17767380491816,108.70857517643707,109.4039552665732,11.1,3.0,-0.96,5.6
AMZN,2001-09-07,0.3980000019073486,0.4305000007152557,0.3925000131130218,0.4255000054836273,142442000.0,68.82479857971798,92.51641549999356,86.08370971727078,108.43457990433029,109.4189714748663,11.18,3.0,-1.01,5.63
AMZN,2001-09-10,0.4199999868869781,0.4325000047683716,0.402999997138977,0.4314999878406524,116672000.0,69.23186098259329,91.9821588796083,83.94388664951911,107.97939678429012,109.43611090645027,11.27,1.0,-1.05,6.17
AMZN,2001-09-17,0.3650000095367431,0.4025000035762787,0.3524999916553497,0.3745000064373016,211470000.0,77.91078253011622,95.3937420176929,86.54308897137221,108.68377028353011,110.26763463204784,11.28,6.0,-1.03,5.39
AMZN,2001-09-18,0.37950000166893,0.387499988079071,0.3625000119209289,0.3644999861717224,125418000.0,77.86984656007647,94.99820554279196,86.59393407780146,108.66555051658784,110.27676352976576,11.31,7.0,-1.02,5.36
AMZN,2001-09-19,0.3675000071525574,0.3725000023841858,0.3319999873638153,0.3655000030994415,188730000.0,77.91243837757074,94.78017109655231,86.43926143817802,108.15334860149324,110.28102117171295,11.33,6.0,-1.02,5.4
AMZN,2001-09-20,0.3555000126361847,0.3819999992847442,0.3524999916553497,0.3740000128746032,172618000.0,78.76718218663432,92.43546320172833,86.48611672582382,108.2028050302918,110.14194095803028,11.36,7.0,-1.04,5.43
AMZN,2001-09-21,0.3474999964237213,0.3860000073909759,0.3345000147819519,0.3740000128746032,257322000.0,78.82003544590277,91.82933335618341,86.33072135053023,108.12983545603238,110.12372921650666,11.38,6.0,-1.06,5.47
AMZN,2001-09-24,0.3849999904632568,0.3914999961853027,0.367000013589859,0.3729999959468841,102054000.0,78.90254367771227,91.37674738750556,86.15926215041809,107.39907736289267,110.1181827713289,11.39,5.0,-1.09,5.57
AMZN,2001-09-25,0.3745000064373016,0.3785000145435333,0.3510000109672546,0.3544999957084656,97262000.0,79.51996218691613,91.37698896313341,86.43576869474951,106.73596348767767,110.12407194915568,11.39,8.0,-1.11,5.43
AMZN,2001-09-26,0.3600000143051147,0.3614999949932098,0.3000000119209289,0.3174999952316284,156782000.0,83.74423957925842,93.18789398323368,87.70327251220826,103.61458916159354,110.34554493854863,11.36,15.0,-1.09,4.93
AMZN,2001-09-27,0.3235000073909759,0.3319999873638153,0.2834999859333038,0.3100000023841858,165500000.0,82.83111038067395,92.0581033615179,86.85651090134058,102.66252622180897,110.11335965590791,11.33,13.0,-1.08,5.12
AMZN,2001-09-28,0.3125,0.3235000073909759,0.2915000021457672,0.2985000014305115,139344000.0,82.4896055913332,91.87616903463807,86.8885534810029,102.5104341343993,110.07735740404053,11.29,14.0,-1.06,5.06
AMZN,2001-10-01,0.2955000102519989,0.3050000071525574,0.2754999995231628,0.3005000054836273,159888000.0,82.17538553914507,91.97985014436539,86.91389314281808,102.45620427417754,110.07132515424152,11.25,15.0,-1.05,5.08
AMZN,2001-10-02,0.3084999918937683,0.3084999918937683,0.2975000143051147,0.3039999902248382,113554000.0,80.87128289178315,91.74788791558588,86.49708119223014,101.82519883545409,110.08494571013468,11.21,11.0,-1.06,5.19
AMZN,2001-10-03,0.3084999918937683,0.3605000078678131,0.3009999990463257,0.3379999995231628,106470000.0,88.10498433630517,94.96222413135732,88.34500061749405,102.66590772079816,110.59042986001427,11.15,20.0,-1.09,4.84
AMZN,2001-10-04,0.3544999957084656,0.3935000002384186,0.3339999914169311,0.3519999980926513,124344000.0,89.3591077116217,93.76153761639253,88.50905032081243,102.7249738418191,110.52118533399566,11.06,21.0,-1.13,4.86
AMZN,2001-10-05,0.3485000133514404,0.395000010728836,0.3370000123977661,0.3600000143051147,118018000.0,89.4896728074561,94.00643938176178,87.98975631550061,102.64020752087004,110.51033690675023,10.98,20.0,-1.16,5.11
AMZN,2001-10-08,0.3535000085830688,0.3650000095367431,0.3454999923706054,0.356000006198883,78688000.0,88.16753393966555,93.48956572844162,87.93942205263862,102.59615938144124,110.33395550875791,10.89,20.0,-1.2,5.14
AMZN,2001-10-09,0.3555000126361847,0.356000006198883,0.3334999978542328,0.3454999923706054,55336000.0,87.60798174775061,93.55161460906078,87.99414120853393,102.60320177314001,110.34674291488331,10.78,22.0,-1.23,5.09
AMZN,2001-10-10,0.3449999988079071,0.3655000030994415,0.3400000035762787,0.3630000054836273,61660000.0,88.55540058303384,94.43287503885182,87.28556450648723,102.52090116001354,110.4394982228418,10.69,18.0,-1.27,5.43
AMZN,2001-10-11,0.3770000040531158,0.4079999923706054,0.375,0.3925000131130218,133306000.0,91.09929801236925,94.66419726898265,88.23994332176667,102.94635501218217,110.57514612197075,10.59,24.0,-1.3,5.18
AMZN,2001-10-12,0.3880000114440918,0.4074999988079071,0.3734999895095825,0.4034999907016754,72592000.0,89.47664403034653,94.63393006641289,88.06363487494401,102.68394093804223,110.48362211075182,10.48,24.0,-1.32,5.23
AMZN,2001-10-15,0.4120000004768371,0.4600000083446502,0.4115000069141388,0.4440000057220459,172036000.0,94.3681847829024,96.67035403381857,89.16493305126716,103.31222994395691,110.85816831225405,10.37,28.0,-1.33,4.97
AMZN,2001-10-16,0.4614999890327453,0.4875000119209289,0.4555000066757202,0.4779999852180481,165992000.0,96.96164135282409,97.98539364297952,90.03998335639533,102.23517737965298,111.1236535296405,10.23,29.0,-1.32,4.77
AMZN,2001-10-17,0.4990000128746032,0.4995000064373016,0.4424999952316284,0.4460000097751617,178890000.0,96.14897255627125,98.7186425786412,88.83792813700767,101.23726393942327,110.98160189428887,10.09,28.0,-1.31,4.9
AMZN,2001-10-18,0.445499986410141,0.4614999890327453,0.4189999997615814,0.4235000014305115,87066000.0,95.94892531105779,98.68752445343098,89.1332229042198,101.32887872975067,110.65512127263837,9.94,29.0,-1.3,4.76
AMZN,2001-10-19,0.4244999885559082,0.4259999990463257,0.375,0.4004999995231628,140146000.0,96.82044563073966,98.74151089595031,89.3120562975683,101.41711106233637,110.0228110241053,9.76,31.0,-1.29,4.69
AMZN,2001-10-22,0.4034999907016754,0.4415000081062317,0.4020000100135803,0.4384999871253967,84620000.0,99.91651413780535,100.5095506857703,89.79724582559973,101.82861010080101,109.37762498269568,9.58,32.0,-1.27,4.6
AMZN,2001-10-23,0.4625000059604645,0.4799999892711639,0.4424999952316284,0.4774999916553497,244528000.0,96.46624673404202,84.69755163818662,90.87590171181569,101.86573384574208,109.28921593164984,9.41,34.0,-1.25,4.36
AMZN,2001-10-24,0.4025000035762787,0.4074999988079071,0.3700000047683716,0.3819999992847442,533848000.0,115.82187456174522,95.53309336922351,97.17263872990564,104.90129883898003,110.59093330596235,9.31,35.0,-1.24,4.05
AMZN,2001-10-25,0.3695000112056732,0.3889999985694885,0.3574999868869781,0.3885000050067901,185356000.0,115.17472937685925,94.36214679832874,96.24609420185787,103.97894029123307,110.1179978203308,9.21,35.0,-1.22,4.38
AMZN,2001-10-26,0.3815000057220459,0.4004999995231628,0.3754999935626983,0.3779999911785126,122142000.0,115.26764616515995,94.44800118593953,95.62696694834155,104.01341543396394,109.58737484927619,9.11,35.0,-1.2,4.48
AMZN,2001-10-29,0.3804999887943268,0.382999986410141,0.3519999980926513,0.3524999916553497,103236000.0,109.5740585464955,95.04136206169534,96.05395188483695,103.69503069761983,109.75562386290272,9.01,36.0,-1.19,4.28
AMZN,2001-10-30,0.3504999876022339,0.351500004529953,0.3160000145435333,0.3210000097751617,201110000.0,112.55268107874899,96.57956731549524,96.98660300160313,104.07475830370667,110.10336900626949,8.91,38.0,-1.17,3.97
AMZN,2001-10-31,0.3395000100135803,0.3510000109672546,0.3274999856948852,0.3490000069141388,154830000.0,115.39418520195714,98.48814750430594,98.06200777398108,104.49892649294416,110.16819258598167,8.81,40.0,-1.15,3.81
AMZN,2001-11-01,0.3540000021457672,0.3549999892711639,0.3300000131130218,0.3474999964237213,101070000.0,115.16093312332134,98.44147006763531,98.01585668414347,104.18444109162938,109.11003661970729,8.71,40.0,-1.11,3.84
AMZN,2001-11-02,0.3474999964237213,0.3474999964237213,0.3334999978542328,0.3355000019073486,73942000.0,115.54574652843495,98.57385744690019,98.06893435750558,103.76435373952249,109.11173961705106,8.6,42.0,-1.08,3.79
AMZN,2001-11-05,0.3549999892711639,0.3600000143051147,0.3479999899864197,0.3495000004768371,125756000.0,116.26411431822119,99.09163564685733,98.33930855762102,103.73764213519219,108.96282003879911,8.49,43.0,-1.04,3.77
AMZN,2001-11-06,0.3540000021457672,0.3564999997615814,0.3454999923706054,0.3524999916553497,112156000.0,115.37329772346881,99.09296442587896,98.08495714335498,103.55978126702664,108.36890264075858,8.37,43.0,-0.99,3.89
AMZN,2001-11-07,0.3504999876022339,0.3840000033378601,0.3499999940395355,0.3714999854564667,194312000.0,111.45968450134333,99.59355902707092,98.53722022231548,103.77083668337318,108.49679155309222,8.26,45.0,-0.93,3.82
AMZN,2001-11-08,0.382999986410141,0.3835000097751617,0.3370000123977661,0.3485000133514404,189794000.0,112.96150874183661,99.67955460971093,98.84576745052335,103.81916447748513,108.43279425040141,8.14,48.0,-0.89,3.72
AMZN,2001-11-09,0.3524999916553497,0.3610000014305115,0.3485000133514404,0.356000006198883,88008000.0,112.36249327411608,99.4295592580458,98.57143534024362,103.34260909360906,108.35413991765441,8.02,46.0,-0.85,3.86
AMZN,2001-11-12,0.3580000102519989,0.3619999885559082,0.3400000035762787,0.3524999916553497,76546000.0,112.45461780913917,99.32198503296212,98.16615551552898,103.21968930472416,108.3353341385844,7.89,44.0,-0.82,4.01
AMZN,2001-11-13,0.3720000088214874,0.3765000104904175,0.3600000143051147,0.3644999861717224,122726000.0,112.7392325948093,99.20743499919354,98.04941482675544,103.30900731966925,108.39640620190903,7.8,41.0,-0.81,4.11
AMZN,2001-11-14,0.3815000057220459,0.4745000004768371,0.3799999952316284,0.4745000004768371,590596000.0,132.43769438024557,113.2483417858958,106.74175503392316,108.00783805507743,111.41503645410154,7.79,93.0,-0.79,4.74
AMZN,2001-11-15,0.460999995470047,0.4950000047683716,0.4375,0.4524999856948852,418964000.0,133.20300236578487,113.52499402015937,105.77266841039928,108.13700977625298,111.23822317089011,7.75,91.0,-0.74,4.93
AMZN,2001-11-16,0.4605000019073486,0.4675000011920929,0.4375,0.4474999904632568,261240000.0,133.249688981752,113.46851144407826,105.51931126241816,108.12966831741673,111.18817991318397,7.71,91.0,-0.68,4.99
AMZN,2001-11-19,0.4675000011920929,0.4749999940395355,0.449999988079071,0.4595000147819519,200228000.0,133.24391841129636,113.28560204803033,105.32520611246218,106.8653471777434,110.98970899635357,7.66,89.0,-0.63,5.07
AMZN,2001-11-20,0.4535000026226043,0.4650000035762787,0.4300000071525574,0.4300000071525574,149040000.0,134.56836370090352,113.62517441084212,105.6454702263427,107.10653297681512,111.07354185666875,7.63,93.0,-0.57,4.95
AMZN,2001-11-21,0.4370000064373016,0.4485000073909759,0.4020000100135803,0.4399999976158142,179932000.0,134.06673759751934,113.5383536625392,105.56121721222272,107.02846099835483,111.08230092719849,7.61,93.0,-0.48,4.97
AMZN,2001-11-23,0.4449999928474426,0.4569999873638153,0.4280000030994415,0.4539999961853027,81456000.0,132.56874395223159,113.15775815291404,105.2475753907673,103.42522115992236,111.0074952215251,7.59,89.0,-0.38,5.05
AMZN,2001-11-26,0.4914999902248382,0.6110000014305115,0.4900000095367431,0.6104999780654907,1013784000.0,157.14834426743468,127.96735913909303,115.49344059717635,109.02932904164547,115.0015106863963,7.76,100.0,-0.31,5.48
AMZN,2001-11-27,0.6025000214576721,0.612500011920929,0.5609999895095825,0.5740000009536743,686176000.0,156.6414977936095,128.62735460562803,115.86853866087445,109.21090847148554,115.00454059152148,7.94,100.0,-0.22,5.38
AMZN,2001-11-28,0.5619999766349792,0.6200000047683716,0.5590000152587891,0.5795000195503235,970324000.0,155.41875545978684,128.58094246917105,115.79325238574891,109.07575448789706,114.85753071953972,8.11,99.0,-0.13,5.4
AMZN,2001-11-29,0.5945000052452087,0.5950000286102295,0.5394999980926514,0.5575000047683716,405480000.0,154.3732601221777,127.683648113042,115.86673215779206,109.02667049398005,114.83947138763494,8.28,99.0,-0.02,5.38
AMZN,2001-11-30,0.5649999976158142,0.5774999856948853,0.5400000214576721,0.5659999847412109,177776000.0,153.35809779218698,127.10650223094682,115.19184898441293,107.72779471265126,113.96652458507144,8.44,96.0,0.11,5.58
AMZN,2001-12-03,0.5509999990463257,0.5540000200271606,0.5239999890327454,0.5245000123977661,190518000.0,154.2224498562057,128.06615139841745,115.77427804114267,108.02829346032392,114.15949363077212,8.6,97.0,0.27,5.43
AMZN,2001-12-04,0.546500027179718,0.6025000214576721,0.5354999899864197,0.5964999794960022,289994000.0,156.34854779293596,130.31098511215316,117.51523271831341,109.0194873298552,114.40681959067642,8.8,100.0,0.38,5.03
AMZN,2001-12-05,0.6200000047683716,0.6399999856948853,0.5874999761581421,0.5879999995231628,478244000.0,154.85697693652483,127.91112072348112,117.51899663880572,109.00048080600837,114.15524102630556,9.0,100.0,0.51,5.03
AMZN,2001-12-06,0.6019999980926514,0.6200000047683716,0.5924999713897705,0.6050000190734863,249692000.0,138.69947217293216,127.456626297609,117.59987516431075,109.04343401645073,113.88723985280697,9.19,100.0,0.63,5.0
AMZN,2001-12-07,0.6144999861717224,0.6150000095367432,0.574999988079071,0.5855000019073486,141760000.0,139.39567679510716,127.47501933863128,117.08343997965092,108.97199081153148,113.92656148424591,9.36,97.0,0.71,5.15
AMZN,2001-12-10,0.5774999856948853,0.6075000166893005,0.5720000267028809,0.5824999809265137,170318000.0,138.97438694300536,127.47968644362582,116.96614194326183,108.93456569051946,113.65247167285281,9.54,96.0,0.68,5.18
AMZN,2001-12-11,0.6000000238418579,0.6215000152587891,0.5889999866485596,0.6119999885559082,282680000.0,136.97501805012354,124.05798088540234,116.9311942822477,109.04404024821169,113.69377500551559,9.7,95.0,0.71,5.17
AMZN,2001-12-12,0.6215000152587891,0.6215000152587891,0.5814999938011169,0.5954999923706055,161502000.0,133.5704588387967,124.06121602057392,116.9336303740951,109.07587878615514,113.51208158345378,9.86,95.0,0.66,5.18
AMZN,2001-12-13,0.5770000219345093,0.5899999737739563,0.5425000190734863,0.5444999933242798,157482000.0,135.8784138203365,125.66494877125155,117.69048818635738,109.59909907666787,113.42609833319047,10.03,100.0,0.67,5.0
AMZN,2001-12-14,0.5550000071525574,0.5600000023841858,0.5034999847412109,0.550000011920929,200492000.0,135.76640013844352,125.62103105055951,117.56668109524233,109.28052109413262,113.0337362828308,10.19,98.0,0.41,5.04
AMZN,2001-12-17,0.5550000071525574,0.5569999814033508,0.5090000033378601,0.5404999852180481,171986000.0,135.29056605834785,125.70982853247511,117.4633761280586,109.05010789402834,112.75709999181866,10.35,95.0,-0.47,5.08
AMZN,2001-12-18,0.5525000095367432,0.5680000185966492,0.531000018119812,0.5429999828338623,147084000.0,135.11675426298228,125.6968713482997,117.16280325041986,108.69070702012095,112.73126536896399,10.5,94.0,-1.28,5.15
AMZN,2001-12-19,0.5364999771118164,0.5575000047683716,0.5254999995231628,0.5354999899864197,140074000.0,135.36194201778414,125.20664259300776,108.19321501307051,108.31732174395599,112.43359202980487,10.47,82.0,-1.26,5.1
AMZN,2001-12-20,0.5285000205039978,0.5414999723434448,0.5070000290870667,0.5074999928474426,157024000.0,136.22987162016162,123.4724139751536,108.27413310218216,108.47271197870829,112.4665810373943,10.44,83.0,-1.24,5.08
AMZN,2001-12-21,0.515500009059906,0.5529999732971191,0.5,0.5,278898000.0,134.6378679801227,123.38726568292601,107.70902389565416,107.59125089900073,112.46676959241697,10.46,81.0,-1.21,5.29
AMZN,2001-12-24,0.5074999928474426,0.5109999775886536,0.4754999876022339,0.4914999902248382,124738000.0,134.86885028205361,123.13235151106261,107.73335458585365,107.42344078661236,111.62812000111886,10.48,81.0,-1.19,5.29
AMZN,2001-12-26,0.5485000014305115,0.5640000104904175,0.5435000061988831,0.5550000071525574,363970000.0,138.45054282265397,125.29702408256276,109.43432982783585,108.31722080912043,112.00854288841757,10.51,83.0,-1.2,4.83
AMZN,2001-12-27,0.5665000081062317,0.5745000243186951,0.5285000205039978,0.5299999713897705,216802000.0,139.45130733463108,125.82671038945874,109.66470713007116,108.03528289222038,111.75176213268949,10.55,83.0,-1.2,4.79
AMZN,2001-12-28,0.5454999804496765,0.5540000200271606,0.534500002861023,0.5450000166893005,205158000.0,117.56059177437481,124.26996793484754,109.76445528474905,107.58821497799896,111.40480965469044,10.59,83.0,-1.22,4.75
AMZN,2001-12-31,0.5534999966621399,0.559499979019165,0.5370000004768372,0.5410000085830688,120694000.0,116.58695663657144,124.12077943592617,109.70287748114688,101.98864957300948,111.37649533636224,10.63,82.0,-1.23,4.75
AMZN,2002-01-02,0.546500027179718,0.550000011920929,0.5239999890327454,0.5479999780654907,130392000.0,116.48899663260903,124.08575694126431,109.72495975073373,101.64271408348542,111.05011953446397,10.68,82.0,-1.24,4.74
AMZN,2002-01-03,0.5565000176429749,0.597000002861023,0.5525000095367432,0.5950000286102295,217514000.0,118.41735019454325,124.9760751287144,110.47000349706073,101.36734046390043,111.36722787038255,10.73,83.0,-1.24,4.49
AMZN,2002-01-04,0.6010000109672546,0.6200000047683716,0.5975000262260437,0.612500011920929,253746000.0,116.37883881741527,124.78407133322591,110.48827397208363,100.76912410678665,111.36664638646496,10.78,83.0,-1.22,4.46
AMZN,2002-01-07,0.6039999723434448,0.6255000233650208,0.6039999723434448,0.6169999837875366,243658000.0,116.33643296412492,124.50753758274573,110.270383914186,100.64001158284228,110.83291936076895,10.83,81.0,-1.2,4.49
AMZN,2002-01-08,0.6134999990463257,0.6159999966621399,0.5874999761581421,0.5924999713897705,120822000.0,117.12100808389145,124.06081584063253,110.03488199020526,100.57225209707632,110.31460863878111,10.88,80.0,-1.22,4.54
AMZN,2002-01-09,0.5979999899864197,0.6085000038146973,0.5649999976158142,0.5764999985694885,217592000.0,79.72098097770282,124.17957278081782,109.8252453507507,99.6593355604476,107.76419952631129,10.92,79.0,-1.24,4.58
AMZN,2002-01-10,0.5830000042915344,0.5835000276565552,0.5435000061988831,0.5519999861717224,162518000.0,78.70289349017382,123.15537017503169,110.0267529767634,99.70899300328864,107.13467465518775,10.96,79.0,-1.26,4.56
AMZN,2002-01-11,0.5515000224113464,0.5669999718666077,0.546500027179718,0.5515000224113464,85536000.0,78.6360876955833,122.28622867012197,109.85052714252926,99.7002308006629,106.95923488609418,11.0,78.0,-1.27,4.63
AMZN,2002-01-14,0.5400000214576721,0.5414999723434448,0.5044999718666077,0.5055000185966492,119466000.0,81.80429104589491,122.78530277820695,110.50886967402596,100.14916029017338,107.27044319293535,11.05,83.0,-1.27,4.5
AMZN,2002-01-15,0.5170000195503235,0.5210000276565552,0.5080000162124634,0.5145000219345093,101846000.0,81.85668775649032,122.3081088623196,110.45720705433295,100.11375456102715,106.87744735905147,11.09,80.0,-1.28,4.49
AMZN,2002-01-16,0.5005000233650208,0.5005000233650208,0.4514999985694885,0.4564999938011169,300798000.0,86.08296088053592,124.30566723904097,112.04929967152107,101.01261860950825,107.51968342160787,11.15,83.0,-1.27,4.22
AMZN,2002-01-17,0.4909999966621399,0.4925000071525574,0.4699999988079071,0.4869999885559082,332614000.0,79.19982721247109,123.62834277907947,112.34460014540267,101.2239918646866,107.68065878448645,11.22,83.0,-1.26,4.14
AMZN,2002-01-18,0.4799999892711639,0.5274999737739563,0.4695000052452087,0.5080000162124634,229870000.0,80.41632523886057,122.69930247467138,112.26411436900338,101.35793151179516,107.6910050308306,11.28,82.0,-1.26,4.11
AMZN,2002-01-22,0.6370000243186951,0.6395000219345093,0.6069999933242798,0.6299999952316284,1132918000.0,102.36748069173271,121.37401250043499,117.24781333992571,104.49625014491917,109.84139749976138,11.4,94.0,-1.26,3.61
AMZN,2002-01-23,0.6244999766349792,0.6299999952316284,0.5950000286102295,0.6234999895095825,360632000.0,101.92384913934411,121.42060205346779,116.87591502324896,104.17622514471216,109.82913296019197,11.51,88.0,-1.28,3.67
AMZN,2002-01-24,0.637499988079071,0.703000009059906,0.6355000138282776,0.7005000114440918,469372000.0,107.13239726261794,123.20083027209816,117.91512301370682,105.09660835745571,110.29394462953097,11.63,100.0,-1.12,3.46
AMZN,2002-01-25,0.6779999732971191,0.7695000171661377,0.6694999933242798,0.722000002861023,605530000.0,106.60254682399805,122.12330130446595,117.97441479895471,105.1341991792323,110.3140802849619,11.75,100.0,-0.93,3.43
AMZN,2002-01-28,0.7429999709129333,0.7885000109672546,0.7379999756813049,0.7749999761581421,460320000.0,107.76513153964054,120.69399948992086,118.41312401301765,105.32307956909949,110.30074564858512,11.87,100.0,-0.56,3.3
AMZN,2002-01-29,0.7770000100135803,0.7774999737739563,0.6984999775886536,0.7110000252723694,404898000.0,107.50415535152867,121.5655724744496,118.50270984177405,105.72125433769209,110.60252319358754,11.99,100.0,-0.59,3.29
AMZN,2002-01-30,0.6990000009536743,0.7124999761581421,0.6600000262260437,0.6949999928474426,295036000.0,107.89336247066758,121.72910854996428,118.18951410942108,105.62519099018195,109.66690748305123,12.01,98.0,-0.65,3.34
AMZN,2002-01-31,0.7059999704360962,0.7245000004768372,0.6704999804496765,0.7095000147819519,209706000.0,107.68398009050645,121.35140538691442,118.1565364722849,105.28497441787883,108.79602099002128,12.02,97.0,-0.69,3.35
AMZN,2002-02-01,0.703499972820282,0.7045000195503235,0.6675000190734863,0.6865000128746033,156028000.0,108.3673462835422,121.55662322323305,118.09469474421444,105.31094763251639,108.8080609281092,12.0,96.0,-0.76,3.36
AMZN,2002-02-04,0.6455000042915344,0.6545000076293945,0.6215000152587891,0.6265000104904175,382716000.0,111.98858677398307,123.36594238007068,117.52190800206535,105.85964004221246,109.1289970157639,11.96,90.0,-0.81,3.43
AMZN,2002-02-05,0.5989999771118164,0.6144999861717224,0.5580000281333923,0.574999988079071,286314000.0,113.82613633927421,124.56051004339392,118.0188676357397,105.73122143989818,109.2927595305926,11.93,95.0,-0.84,3.41
AMZN,2002-02-06,0.5950000286102295,0.6000000238418579,0.5600000023841858,0.5630000233650208,177188000.0,113.93047760239862,123.82214706656742,117.9086057390797,105.74005740291706,108.95459590092027,11.89,92.0,-0.87,3.46
AMZN,2002-02-07,0.5625,0.5924999713897705,0.5529999732971191,0.5619999766349792,143448000.0,113.7700842190255,123.80658390147865,117.8970526714904,105.61229769790799,108.77876884030127,11.81,91.0,-0.89,3.47
AMZN,2002-02-08,0.5755000114440918,0.6334999799728394,0.574999988079071,0.6259999871253967,121712000.0,112.61215702169018,125.43644446187146,116.77091594719617,106.25991869219087,108.64316710101865,11.74,76.0,-0.92,3.48
AMZN,2002-02-11,0.6320000290870667,0.675000011920929,0.6269999742507935,0.6650000214576721,189394000.0,112.72591339592528,125.77712226148489,116.98265122194572,106.50684675412354,108.81319999591426,11.67,80.0,-0.95,3.39
AMZN,2002-02-12,0.6514999866485596,0.6620000004768372,0.625,0.6449999809265137,149268000.0,113.0814366262144,114.36389045648284,117.12553020179277,105.79431919699964,108.4675230369869,11.59,81.0,-0.97,3.38
AMZN,2002-02-13,0.6549999713897705,0.6664999723434448,0.652999997138977,0.6644999980926514,120816000.0,113.22335806651853,113.94170027125983,117.15605538146477,105.85524153310067,108.3846874262053,11.5,81.0,-1.0,3.37
AMZN,2002-02-14,0.6669999957084656,0.7129999995231628,0.6650000214576721,0.6940000057220459,185630000.0,113.71009647313457,114.13179339622654,117.3046369935524,105.87978657673965,108.39064919736943,11.41,83.0,-1.01,3.31
AMZN,2002-02-15,0.6955000162124634,0.7020000219345093,0.6635000109672546,0.6704999804496765,145308000.0,112.09364246641826,114.377680189403,117.47401487085199,105.60876611771496,108.20489641574049,11.3,84.0,-1.02,3.29
AMZN,2002-02-19,0.6474999785423279,0.6919999718666077,0.6399999856948853,0.6504999995231628,165838000.0,112.26084130116021,113.63554012941646,117.26620040643854,105.63373231577044,107.9423657332271,11.18,81.0,-1.03,3.33
AMZN,2002-02-20,0.659500002861023,0.6700000166893005,0.6075000166893005,0.6480000019073486,160322000.0,112.26158072444761,113.60634233790921,115.78726665972856,105.62853697651231,107.8133255033378,11.07,66.0,-1.03,3.53
AMZN,2002-02-21,0.6455000042915344,0.6825000047683716,0.6449999809265137,0.6629999876022339,165524000.0,111.69538962219865,113.54058445673341,115.7061963971407,105.08072855204273,107.72614530590525,10.93,64.0,-1.03,3.52
AMZN,2002-02-22,0.6524999737739563,0.6614999771118164,0.6349999904632568,0.6535000205039978,157308000.0,111.44471039345795,96.18897909648855,115.53210554529261,104.81057251822952,107.7343267226478,10.77,63.0,-1.04,3.55
AMZN,2002-02-25,0.6545000076293945,0.6869999766349792,0.6499999761581421,0.6865000128746033,114694000.0,111.24175609286178,95.78174439666793,115.71887771846909,104.96314649264617,107.69444860299224,10.61,64.0,-1.05,3.49
AMZN,2002-02-26,0.6754999756813049,0.7245000004768372,0.6725000143051147,0.7200000286102295,166210000.0,111.82019914458343,96.21055948680655,115.88670616162331,105.12180652783452,107.4122721177742,10.44,69.0,-1.06,3.43
AMZN,2002-02-27,0.7275000214576721,0.7365000247955322,0.7059999704360962,0.7135000228881836,171012000.0,108.22948413098334,95.84477319861789,114.86018672171403,105.07624928558805,107.31479702158902,10.28,58.0,-1.05,3.69
AMZN,2002-02-28,0.7145000100135803,0.737500011920929,0.6965000033378601,0.7049999833106995,121048000.0,108.42350861212013,95.87271457090787,114.77753633516181,105.03583117088861,107.32228297563864,10.11,57.0,-1.04,3.74
AMZN,2002-03-01,0.7064999938011169,0.7699999809265137,0.7059999704360962,0.7695000171661377,196784000.0,103.32560129591606,95.92179104173194,115.46436618465385,105.54815860031803,107.66716867615696,9.93,59.0,-0.98,3.56
AMZN,2002-03-04,0.7710000276565552,0.8245000243186951,0.7699999809265137,0.8240000009536743,278564000.0,103.48045706458669,93.40518482156418,115.82589637330771,105.81137343013776,107.87383896202745,9.74,66.0,-0.83,3.44
AMZN,2002-03-05,0.800000011920929,0.8339999914169312,0.7764999866485596,0.7985000014305115,176194000.0,104.15315428267435,93.62472190345706,115.83875357099215,105.6748273033931,107.90996860224473,9.54,66.0,-0.78,3.44
AMZN,2002-03-06,0.7409999966621399,0.8295000195503235,0.7409999966621399,0.8165000081062317,285254000.0,85.22343631920837,93.56706065176645,115.67411294142683,105.69061198942964,106.95798888309263,9.31,59.0,-0.71,3.49
AMZN,2002-03-07,0.8205000162124634,0.8475000262260437,0.7699999809265137,0.781000018119812,185446000.0,86.44780490645121,93.79892469384538,115.42168013598659,105.73573825224136,107.0343096120286,9.08,55.0,-0.7,3.61
AMZN,2002-03-08,0.8125,0.8479999899864197,0.796500027179718,0.8174999952316284,188696000.0,80.95716320312864,94.14636942340053,115.53970186725999,105.61813066326056,107.0314247030185,8.84,58.0,-0.67,3.57
AMZN,2002-03-11,0.8019999861717224,0.843999981880188,0.7929999828338623,0.8355000019073486,132494000.0,80.76646406726414,93.76747666353971,114.6899649497168,105.37711522902775,104.50595657963098,8.6,50.0,-0.64,3.78
AMZN,2002-03-12,0.8174999952316284,0.8295000195503235,0.8019999861717224,0.815500020980835,112382000.0,78.69191785605935,93.72367246189015,114.27706291427482,105.21248909391988,104.34965293892134,8.37,49.0,-0.66,3.93
AMZN,2002-03-13,0.8025000095367432,0.8169999718666077,0.7820000052452087,0.7870000004768372,111188000.0,75.06321028725841,92.03022164201647,113.84104442850062,105.18599749413428,104.37125498575463,8.09,48.0,-0.69,4.01
AMZN,2002-03-14,0.7494999766349792,0.7749999761581421,0.7139999866485596,0.7239999771118164,303386000.0,78.8634982157425,93.83710627586814,114.35769547315732,105.04047401172411,104.6027938849329,7.81,49.0,-0.7,3.92
AMZN,2002-03-15,0.7135000228881836,0.7145000100135803,0.6775000095367432,0.7014999985694885,246414000.0,79.20529522745363,94.02340292477956,114.09166648717084,104.98954350993527,104.54981055465433,7.5,47.0,-0.68,3.96
AMZN,2002-03-18,0.7074999809265137,0.7639999985694885,0.7070000171661377,0.7505000233650208,196636000.0,80.94821397447852,94.91068421323557,113.71130553465785,105.09228248510618,103.7740992867715,7.19,45.0,-0.69,4.06
AMZN,2002-03-19,0.7574999928474426,0.7699999809265137,0.7279999852180481,0.7329999804496765,97874000.0,76.32667694647957,95.0155161601101,113.0769116862434,105.06549496441777,103.74990578236776,6.9,44.0,-0.7,4.27
AMZN,2002-03-20,0.7239999771118164,0.7565000057220459,0.7149999737739563,0.7250000238418579,143586000.0,71.50243719929357,94.28417750294614,107.07120548167688,105.00088034707518,103.69478350838108,6.76,22.0,-0.68,4.51
AMZN,2002-03-21,0.7310000061988831,0.7620000243186951,0.7279999852180481,0.7584999799728394,111558000.0,71.76040674943671,94.52048445452782,107.23572098191687,104.91358607969732,103.76464355446258,6.59,22.0,-0.66,4.44
AMZN,2002-03-22,0.7559999823570251,0.7799999713897705,0.7549999952316284,0.7764999866485596,103700000.0,71.7751330744567,94.44468239370491,107.12802619362508,104.91636456684938,103.78337025751722,6.41,21.0,-0.64,4.43
AMZN,2002-03-25,0.7735000252723694,0.7864999771118164,0.7360000014305115,0.7369999885559082,102322000.0,67.84814702365792,92.18058328730254,106.84139699771494,105.08620847916006,103.81127929382113,6.23,19.0,-0.61,4.48
AMZN,2002-03-26,0.7319999933242798,0.7724999785423279,0.7275000214576721,0.7415000200271606,98502000.0,65.81817785625161,91.57018098218458,105.60782425621393,105.04210432225854,103.78088256905467,6.07,15.0,-0.61,4.68
AMZN,2002-03-27,0.6949999928474426,0.7174999713897705,0.6850000023841858,0.7124999761581421,162926000.0,66.29448878201211,91.91819600985544,105.18679255537,105.09665803941249,103.83047754180946,5.95,10.0,-0.58,4.91
AMZN,2002-03-28,0.7200000286102295,0.7325000166893005,0.7124999761581421,0.7149999737739563,62450000.0,65.81861841941557,91.88541634221752,105.17246866815411,104.69190706706716,103.81639094143816,5.82,9.0,-0.56,4.91
AMZN,2002-04-01,0.7139999866485596,0.7400000095367432,0.7070000171661377,0.7400000095367432,95358000.0,65.37876401026026,92.07306338448782,105.03863385567918,104.77253537448851,103.86879129139896,5.69,8.0,-0.57,4.88
AMZN,2002-04-02,0.7319999933242798,0.7544999718666077,0.7095000147819519,0.7124999761581421,95428000.0,65.55246726678526,91.05278385135334,105.153285086974,104.78408341701262,103.70587872649838,5.56,8.0,-0.56,4.92
AMZN,2002-04-03,0.718500018119812,0.7225000262260437,0.6800000071525574,0.6834999918937683,90682000.0,66.11414888503667,91.34016816124722,105.43639602674561,104.88659351372758,103.61167284230561,5.42,12.0,-0.55,4.89
AMZN,2002-04-04,0.6865000128746033,0.6899999976158142,0.6614999771118164,0.6769999861717224,114634000.0,66.1760344838517,91.36230030282573,105.20903948764833,104.8730473585546,103.339066804724,5.29,9.0,-0.52,5.02
AMZN,2002-04-05,0.6834999918937683,0.7020000219345093,0.6654999852180481,0.675000011920929,90000000.0,65.87215817205096,90.94699516993334,104.62134893152249,104.51313792742252,103.04384082036482,5.17,4.0,-0.55,5.13
AMZN,2002-04-08,0.6485000252723694,0.6980000138282776,0.6480000019073486,0.6974999904632568,105556000.0,66.35588545352151,90.947929767963,104.67832284534677,104.52832220004412,103.0698397784419,5.03,4.0,-0.61,5.1
AMZN,2002-04-09,0.703499972820282,0.7294999957084656,0.6779999732971191,0.6800000071525574,129180000.0,65.27139080281087,90.62799096389722,104.77002045763545,104.34312477299534,102.41934183254897,4.88,4.0,-0.73,5.09
AMZN,2002-04-10,0.6880000233650208,0.699999988079071,0.6524999737739563,0.6740000247955322,105134000.0,63.6989589217694,90.65908596865808,104.70881996459877,104.31464044427467,102.27797713421285,4.73,3.0,-0.88,5.15
AMZN,2002-04-11,0.6639999747276306,0.6639999747276306,0.6259999871253967,0.6370000243186951,119152000.0,65.59563068024838,89.56464711595243,96.68848754317847,104.48521189286444,102.40349272624042,4.96,1.0,-0.83,5.27
AMZN,2002-04-12,0.6449999809265137,0.6804999709129333,0.6424999833106995,0.6654999852180481,107582000.0,66.9656767456645,89.89584608357208,96.56220462215202,104.54418316132235,102.17155209882394,5.16,1.0,-0.8,5.22
AMZN,2002-04-15,0.6710000038146973,0.7049999833106995,0.6675000190734863,0.6945000290870667,95074000.0,62.89439900419818,86.42771383496886,96.72710422619194,104.61100374730302,101.87652956153848,5.36,3.0,-0.78,5.11
AMZN,2002-04-16,0.7089999914169312,0.7145000100135803,0.6859999895095825,0.7005000114440918,73620000.0,59.239545454750306,85.58919578792435,96.6649187826888,104.4010268463239,97.70609425070039,5.54,2.0,-0.76,5.15
AMZN,2002-04-17,0.7120000123977661,0.75,0.7120000123977661,0.7409999966621399,155122000.0,61.30386746621262,85.88910344383571,96.34478133919056,99.00560202807243,97.6062342874215,5.73,1.0,-0.82,5.12
AMZN,2002-04-18,0.7350000143051147,0.7429999709129333,0.6974999904632568,0.7129999995231628,77528000.0,61.699872217102936,74.51259729414917,96.55417986000276,98.95481421348018,97.13827017941267,5.9,2.0,-0.86,5.11
AMZN,2002-04-19,0.718999981880188,0.7369999885559082,0.7074999809265137,0.7264999747276306,74552000.0,60.85888107920526,74.54410658609109,96.48699137590273,98.6499602027028,96.67466273693012,6.07,2.0,-0.9,5.15
AMZN,2002-04-22,0.7289999723434448,0.7425000071525574,0.7074999809265137,0.715499997138977,105806000.0,59.21530483997392,70.73847052863184,84.45449368194325,98.66465322818384,96.58332493873512,6.66,1.0,-0.92,1.85
AMZN,2002-04-23,0.7174999713897705,0.737500011920929,0.6940000057220459,0.703000009059906,161538000.0,58.79886856285087,70.55478538814913,83.90277770998557,98.64950959545577,96.47235836861915,7.2,1.0,-0.9,1.93
AMZN,2002-04-24,0.7615000009536743,0.8424999713897705,0.7524999976158142,0.8395000100135803,689188000.0,78.9078687439611,78.13150865167555,88.39896122794667,100.84079418055352,97.41589093727083,7.55,3.0,-0.88,1.89
AMZN,2002-04-25,0.8255000114440918,0.8525000214576721,0.8205000162124634,0.8410000205039978,234604000.0,78.14374801474854,75.97267717357306,88.13779637447499,100.84074556366099,97.35662519237937,7.87,3.0,-0.85,1.92
AMZN,2002-04-26,0.8429999947547913,0.8475000262260437,0.8159999847412109,0.8454999923706055,162714000.0,73.80389689340574,75.78692569855473,88.1203358360991,100.79132957226278,97.34862675091665,8.18,3.0,-0.83,1.93
AMZN,2002-04-29,0.8374999761581421,0.8500000238418579,0.7950000166893005,0.8090000152587891,168304000.0,74.43424780856324,76.31326519527512,87.52347961555506,100.93619911192293,97.41442173571917,8.48,3.0,-0.83,2.01
AMZN,2002-04-30,0.8065000176429749,0.8379999995231628,0.796500027179718,0.8345000147819519,128416000.0,72.48644055778188,76.18132977114612,85.33929245194803,100.9606726944536,97.4084044008884,8.81,3.0,-0.84,2.31
AMZN,2002-05-01,0.8274999856948853,0.8525000214576721,0.8209999799728394,0.8245000243186951,154026000.0,72.18769150295503,73.66127156045533,85.3279385904539,100.92174101795808,97.3822289826761,9.12,3.0,-0.85,2.31
AMZN,2002-05-02,0.8215000033378601,0.8324999809265137,0.8125,0.8159999847412109,96380000.0,72.17695003910319,71.29347629413884,85.2597029717198,100.78986490710571,97.29677587040393,9.4,3.0,-0.87,2.36
AMZN,2002-05-03,0.8115000128746033,0.8199999928474426,0.7875000238418579,0.8025000095367432,103220000.0,71.32795495469644,71.22806847879187,85.12616510203543,100.5414120661342,97.30566427568951,9.68,3.0,-0.88,2.38
AMZN,2002-05-06,0.796999990940094,0.8245000243186951,0.7875000238418579,0.8059999942779541,107052000.0,71.04016912694644,71.21089501040093,85.11597066490073,100.34837500259599,97.25135933056855,9.93,3.0,-0.88,2.37
AMZN,2002-05-07,0.8054999709129333,0.8174999952316284,0.8015000224113464,0.8054999709129333,110874000.0,69.21725467682728,67.98178117832099,84.79531599506977,100.33475294929788,97.01218990081532,10.18,3.0,-0.9,2.49
AMZN,2002-05-08,0.8274999856948853,0.8730000257492065,0.824999988079071,0.8659999966621399,157768000.0,72.08796039729711,68.4480019832351,85.37127045128862,100.57949257778014,97.27499532513522,10.4,9.0,-0.88,2.3
AMZN,2002-05-09,0.8560000061988831,0.9114999771118164,0.8550000190734863,0.8865000009536743,220046000.0,70.97478922252779,68.16399680992669,84.10327973722231,100.45652491240524,97.27927594625724,10.63,2.0,-0.82,2.44
AMZN,2002-05-10,0.8945000171661377,0.8980000019073486,0.8399999737739563,0.847000002861023,151456000.0,72.60881419748372,68.75505911646198,84.47893566135824,100.55836708640517,97.27179530604565,10.83,4.0,-0.8,2.39
AMZN,2002-05-13,0.8585000038146973,0.8815000057220459,0.8424999713897705,0.8659999966621399,134002000.0,72.27513990783099,68.37186204529158,84.45344475988162,100.56796804935928,97.2261983746688,11.03,3.0,-0.76,2.37
AMZN,2002-05-14,0.9020000100135804,0.9725000262260436,0.9010000228881836,0.940500020980835,293194000.0,74.42608351718165,69.7732573650141,85.35198977825374,100.91204974432937,97.46974301715984,11.19,12.0,-0.62,2.14
AMZN,2002-05-15,0.9340000152587892,1.0199999809265137,0.9175000190734864,0.996999979019165,257962000.0,74.13085111226958,70.18704371526006,85.70378672724821,100.91863965123824,97.34293822285193,11.38,14.0,-0.31,2.02
AMZN,2002-05-16,0.975499987602234,0.9975000023841858,0.9645000100135804,0.9804999828338624,156314000.0,74.34447685187602,70.32190258479928,85.24524594739987,100.89658608631673,97.32041681345538,11.58,9.0,-0.17,2.09
AMZN,2002-05-17,0.9984999895095824,1.0,0.940500020980835,0.9580000042915344,128938000.0,74.93628938249924,70.50880278465364,85.30885959959248,100.68543551492704,97.35047604723343,11.77,11.0,-0.13,2.08
AMZN,2002-05-20,0.9399999976158142,0.9739999771118164,0.9384999871253968,0.9695000052452089,169216000.0,74.66885444375603,70.38725203935498,85.22852404108599,100.46475803270474,96.862493675132,11.95,9.0,-0.1,2.08
AMZN,2002-05-21,0.9769999980926514,0.9900000095367432,0.9275000095367432,0.9380000233650208,155270000.0,75.0233766021055,70.27588369624839,83.44598890651412,100.5457496824855,96.91337324081658,12.15,1.0,-0.12,2.4
AMZN,2002-05-22,0.9334999918937684,0.9564999938011168,0.9110000133514404,0.9375,101504000.0,74.873121395703,69.72454728959845,83.04495832257855,100.52055311000436,96.82452251765424,12.35,1.0,-0.14,2.46
AMZN,2002-05-23,0.9419999718666076,0.977500021457672,0.9304999709129332,0.9725000262260436,112964000.0,72.40583802722466,69.97649979060215,83.11604731334565,100.08548449345507,96.79025417686812,12.54,2.0,-0.14,2.44
AMZN,2002-05-24,0.9700000286102296,0.984499990940094,0.953000009059906,0.9735000133514404,85006000.0,71.94232262292992,69.89107920968486,83.09290147558055,99.83047853452402,96.7888695038101,12.72,2.0,-0.14,2.44
AMZN,2002-05-28,0.9785000085830688,0.9804999828338624,0.9384999871253968,0.953000009059906,79066000.0,72.01393017400538,67.9583862768874,83.19655533423183,99.8361067081188,96.22994142740879,12.9,4.0,-0.17,2.43
AMZN,2002-05-29,0.9409999847412108,0.9549999833106996,0.9399999976158142,0.9455000162124634,72282000.0,72.21124017730493,66.63408144221697,82.30575898627814,99.70857031953511,96.2298816082689,13.07,1.0,-0.22,2.69
AMZN,2002-05-30,0.9350000023841858,0.9470000267028807,0.9039999842643738,0.9185000061988832,148642000.0,71.69283355388329,66.5827136993146,82.38340887424329,98.75833365044312,96.18595431920286,13.24,2.0,-0.26,2.71
AMZN,2002-05-31,0.925000011920929,0.9445000290870668,0.9100000262260436,0.9114999771118164,101628000.0,70.53265771648196,66.48205002398521,82.40256652149831,98.52375766811284,95.92867970586428,13.4,3.0,-0.3,2.72
AMZN,2002-06-03,0.915499985218048,0.925000011920929,0.8964999914169312,0.8980000019073486,74328000.0,70.76909546248143,65.87660997882611,82.15113740734772,98.44196571977837,95.92017557178669,13.55,1.0,-0.32,2.76
AMZN,2002-06-04,0.8899999856948853,0.9070000052452089,0.8734999895095825,0.8985000252723694,136994000.0,70.483512282575,65.2545052701332,81.99774166874572,98.43587481781887,95.91732095057664,13.7,1.0,-0.32,2.78
AMZN,2002-06-05,0.8989999890327454,0.9089999794960022,0.8725000023841858,0.8995000123977661,87450000.0,70.1092201210795,65.11849965177315,81.63999443699475,96.89728709236583,95.44063093712164,13.85,1.0,-0.32,2.84
AMZN,2002-06-06,0.8945000171661377,0.9204999804496764,0.8880000114440918,0.9085000157356262,105000000.0,48.431289692874344,64.92422385547137,81.63859786094784,96.82450814689176,95.23470708454046,14.0,1.0,-0.31,2.84
AMZN,2002-06-07,0.8945000171661377,0.9325000047683716,0.8924999833106995,0.9290000200271606,107160000.0,48.764382875031,64.5839443527907,80.33432999135853,96.84556306192415,95.24810242246132,14.15,1.0,-0.34,3.02
AMZN,2002-06-10,0.8949999809265137,0.906000018119812,0.8510000109672546,0.8650000095367432,221648000.0,53.34237070275829,63.94062654299131,81.2461205663789,97.24414968188961,95.5176061429724,14.28,2.0,-0.34,2.88
AMZN,2002-06-11,0.8654999732971191,0.8895000219345093,0.8560000061988831,0.8569999933242798,110416000.0,51.725933076025576,63.58870324633807,78.78265512226994,97.25662954511954,95.48012446622862,14.43,1.0,-0.53,3.13
AMZN,2002-06-12,0.8525000214576721,0.8575000166893005,0.8130000233650208,0.8539999723434448,146624000.0,51.000279242292216,62.1770796473203,78.23825812163224,97.25755346961787,95.43972004799046,14.57,1.0,-0.68,3.35
AMZN,2002-06-13,0.8500000238418579,0.875,0.8370000123977661,0.8715000152587891,97858000.0,51.154643001611966,62.05115473544836,78.05433981064559,97.05038648287602,95.4570174725835,14.72,1.0,-0.83,3.43
AMZN,2002-06-14,0.8569999933242798,0.8700000047683716,0.8130000233650208,0.8410000205039978,159464000.0,52.19204346960492,62.49038636785811,70.69970901624697,96.20109145422614,95.48562085412622,14.93,1.0,-0.83,1.68
AMZN,2002-06-17,0.8475000262260437,0.9240000247955322,0.8429999947547913,0.9204999804496764,181032000.0,57.93885068502912,64.46221013308121,72.01386188713387,96.65938903700012,95.74664121064141,15.11,2.0,-0.86,1.43
AMZN,2002-06-18,0.906499981880188,0.9580000042915344,0.9045000076293944,0.9390000104904176,159242000.0,58.108657044589805,64.41866261777687,69.76888292762328,96.5319124187836,95.752380955291,15.3,1.0,-0.9,1.64
AMZN,2002-06-19,0.9244999885559082,0.9549999833106996,0.9135000109672546,0.915000021457672,148406000.0,58.78217892036373,63.673870588578964,69.77870893075557,96.60732667900893,95.7178631900894,15.47,2.0,-0.95,1.68
AMZN,2002-06-20,0.9160000085830688,0.9190000295639038,0.8669999837875366,0.8774999976158142,173940000.0,56.553567476156154,64.34830006928884,69.25511383204639,96.77201915533912,95.61508205323499,15.63,1.0,-0.98,1.84
AMZN,2002-06-21,0.8799999952316284,0.8895000219345093,0.8669999837875366,0.8765000104904175,103536000.0,56.13363139089286,63.737088714121406,67.82320716184609,96.03892686518833,95.40472493259048,15.8,1.0,-1.0,2.02
AMZN,2002-06-24,0.8715000152587891,0.8889999985694885,0.847000002861023,0.8755000233650208,119136000.0,54.4771879373573,63.74403896622278,67.7082846969666,95.94992507037084,95.24145862880853,15.96,1.0,-1.0,2.03
AMZN,2002-06-25,0.8445000052452087,0.8475000262260437,0.7519999742507935,0.7670000195503235,306080000.0,66.38261006557356,69.201349286803,70.93078815742851,97.2929149969095,96.08703948105217,16.04,7.0,-0.99,2.09
AMZN,2002-06-26,0.734499990940094,0.796500027179718,0.734000027179718,0.7925000190734863,165444000.0,62.17354801062105,69.0370311049085,70.90175612935984,97.33380947694177,95.64713976222508,16.11,7.0,-0.96,2.06
AMZN,2002-06-27,0.8054999709129333,0.8234999775886536,0.7649999856948853,0.7929999828338623,123840000.0,59.1857251705578,68.44502593097909,69.32002143226651,97.24894950093679,95.5540308770151,16.2,4.0,-0.92,2.28
AMZN,2002-06-28,0.784500002861023,0.8180000185966492,0.7699999809265137,0.8125,124758000.0,59.82904813754529,68.54233019416209,67.94631838940225,97.13141145512313,95.42771219860411,16.29,3.0,-0.93,2.47
AMZN,2002-07-01,0.8084999918937683,0.8084999918937683,0.6759999990463257,0.6775000095367432,270730000.0,78.46298269432633,78.30446110143879,73.94269419718022,99.20109012299635,97.10869667078448,16.28,12.0,-1.02,3.43
AMZN,2002-07-02,0.6800000071525574,0.7080000042915344,0.6499999761581421,0.6660000085830688,173398000.0,78.1587043951738,78.08120123669296,74.00194653881246,99.18615064223776,97.06552193444816,16.25,13.0,-1.13,3.41
AMZN,2002-07-03,0.6690000295639038,0.7229999899864197,0.6445000171661377,0.7124999761581421,154074000.0,81.23530946085151,79.14300351877351,72.79585073934582,98.87045818748639,97.12757597753391,16.24,12.0,-1.14,3.59
AMZN,2002-07-05,0.7195000052452087,0.7615000009536743,0.718500018119812,0.7605000138282776,67338000.0,84.02795568072634,80.20587284177553,72.89812856117929,98.78861308528825,97.32018750438036,16.22,13.0,-1.12,3.57
AMZN,2002-07-08,0.7475000023841858,0.7925000190734863,0.734000027179718,0.746999979019165,117800000.0,83.04858347419642,79.39044704939484,72.78505131447957,98.4488364130483,97.32561285571187,16.19,12.0,-1.1,3.61
AMZN,2002-07-09,0.7524999976158142,0.8015000224113464,0.7490000128746033,0.7799999713897705,150572000.0,84.37236570103029,79.37857463312187,72.94929096721079,98.34829606067885,97.38532798538934,16.14,15.0,-1.08,3.56
AMZN,2002-07-10,0.7825000286102295,0.796999990940094,0.7325000166893005,0.7480000257492065,135224000.0,84.87719997241865,79.44951083689159,72.96128406229624,98.24381728430495,97.43596951808551,16.07,16.0,-1.06,3.55
AMZN,2002-07-11,0.7329999804496765,0.7919999957084656,0.699999988079071,0.7774999737739563,146342000.0,85.95233808276762,79.80693710519482,72.98682313842421,97.78599864228823,97.20321255083455,15.99,17.0,-1.04,3.54
AMZN,2002-07-12,0.7875000238418579,0.809499979019165,0.762499988079071,0.7714999914169312,140000000.0,85.690315664788,79.0149477551788,72.82467800551045,97.305669165408,97.20635729679432,15.9,14.0,-1.02,3.6
AMZN,2002-07-15,0.7735000252723694,0.7990000247955322,0.75,0.796999990940094,120522000.0,86.40336208835566,78.85101007516356,72.98271872660358,93.58410000705892,97.19860276963114,15.82,18.0,-1.0,3.55
AMZN,2002-07-16,0.784500002861023,0.8535000085830688,0.7829999923706055,0.8144999742507935,215814000.0,86.67059280129702,78.88046518947567,72.97449825188102,93.5951805925727,97.2142358947927,15.73,18.0,-0.97,3.55
AMZN,2002-07-17,0.8420000076293945,0.8579999804496765,0.765999972820282,0.8080000281333923,146442000.0,86.67344347326565,78.82709560058497,72.94467994284057,93.53137801235279,97.20164689939146,15.63,16.0,-0.95,3.56
AMZN,2002-07-18,0.7960000038146973,0.8295000195503235,0.7764999866485596,0.7774999737739563,137134000.0,87.24647482098659,79.16427545881335,72.83102490751179,93.25493782480049,97.00787975663113,15.52,15.0,-0.93,3.59
AMZN,2002-07-19,0.7680000066757202,0.7854999899864197,0.7534999847412109,0.7645000219345093,122116000.0,87.19697779914044,70.25089045835361,72.50407455430535,92.55898251203031,96.97666750883526,15.39,12.0,-0.91,3.69
AMZN,2002-07-22,0.7574999928474426,0.7825000286102295,0.75,0.7749999761581421,186658000.0,86.99038612795404,70.31698730869329,72.51661339805645,92.0892922924162,96.80908754732708,15.27,13.0,-0.89,3.69
AMZN,2002-07-23,0.7770000100135803,0.7940000295639038,0.7200000286102295,0.7275000214576721,225828000.0,86.49022233072749,71.433879387449,73.20055432838593,92.43148466164999,96.99087198422419,15.13,25.0,-0.88,3.48
AMZN,2002-07-24,0.6184999942779541,0.7080000042915344,0.6129999756813049,0.7049999833106995,395326000.0,86.80561919602931,71.16448504929456,72.01851089279522,92.41025807488114,97.01142678362548,14.98,12.0,-0.9,3.76
AMZN,2002-07-25,0.6855000257492065,0.7005000114440918,0.6200000047683716,0.6244999766349792,187204000.0,92.94226718026587,74.86522955418783,73.64822537460408,93.48723448304726,97.70174688393936,14.79,27.0,-0.89,3.56
AMZN,2002-07-26,0.6359999775886536,0.6554999947547913,0.625,0.6464999914169312,111134000.0,93.44554648735314,75.28284013976393,73.74029251883405,93.55901401325168,97.71987731318083,14.58,28.0,-0.91,3.54
AMZN,2002-07-29,0.6625000238418579,0.7229999899864197,0.6614999771118164,0.7164999842643738,140990000.0,98.61123906591955,78.38624857503702,75.50505064496663,94.11858869506403,98.10434114907102,14.34,31.0,-0.93,3.2
AMZN,2002-07-30,0.7095000147819519,0.7450000047683716,0.7039999961853027,0.7384999990463257,111178000.0,95.01828628137761,78.60472458888155,75.34948573586313,93.82598124093583,93.91215831191563,14.1,31.0,-0.94,3.25
AMZN,2002-07-31,0.7225000262260437,0.7329999804496765,0.7070000171661377,0.7225000262260437,76020000.0,94.7488735065153,78.70697686622499,75.05707609250813,93.85422113986716,93.8190311069022,13.84,31.0,-0.95,3.33
AMZN,2002-08-01,0.715499997138977,0.7250000238418579,0.6995000243186951,0.7080000042915344,121336000.0,94.67444593850512,78.79715527400923,75.02571328350967,93.88380615216693,93.59426432147451,13.58,31.0,-0.96,3.34
AMZN,2002-08-02,0.7064999938011169,0.7070000171661377,0.6725000143051147,0.6919999718666077,83572000.0,94.25312595460595,77.35195143341518,75.01553045476541,93.8703657222113,93.62091813166778,13.32,31.0,-0.98,3.34
AMZN,2002-08-05,0.6825000047683716,0.6894999742507935,0.6389999985694885,0.6434999704360962,77146000.0,96.06839195987146,78.41058978540745,75.6707902870116,89.05972463337658,93.87533262712874,13.04,36.0,-1.0,3.17
AMZN,2002-08-06,0.6635000109672546,0.6949999928474426,0.6570000052452087,0.6869999766349792,94038000.0,98.52484099431102,79.2722655848372,75.28207012374645,89.18389119671333,94.10084171422534,12.73,34.0,-1.01,3.26
AMZN,2002-08-07,0.6965000033378601,0.6970000267028809,0.6424999833106995,0.6800000071525574,111114000.0,91.2325972645014,79.10207268720539,75.13416895665787,89.18210652115971,94.10682278482946,12.41,34.0,-1.02,3.31
AMZN,2002-08-08,0.6620000004768372,0.7049999833106995,0.652999997138977,0.6949999928474426,109416000.0,90.9058267989471,77.22081001561985,74.43093335545201,89.16610417415444,94.09643456232622,12.09,31.0,-1.03,3.5
AMZN,2002-08-09,0.6804999709129333,0.737500011920929,0.6800000071525574,0.7129999995231628,95558000.0,91.31162667672112,76.35924006421274,74.45632144666881,88.83244976741513,94.12895204859942,11.76,32.0,-1.04,3.5
AMZN,2002-08-12,0.7070000171661377,0.7245000004768372,0.6974999904632568,0.7229999899864197,70066000.0,91.08618107356881,76.42689760256145,74.47018848958517,88.80993685858579,94.1136355376588,11.55,33.0,-1.04,3.5
AMZN,2002-08-13,0.7149999737739563,0.7335000038146973,0.6949999928474426,0.6965000033378601,104688000.0,74.73965007408874,76.6246647695335,74.34726021014565,88.8706286968029,94.15417155369484,11.32,31.0,-1.06,3.53
AMZN,2002-08-14,0.6965000033378601,0.703000009059906,0.6660000085830688,0.6955000162124634,138704000.0,74.5486474137415,76.54508903595008,74.24504870309255,81.70696312405887,94.05131163067816,11.09,31.0,-1.07,3.56
AMZN,2002-08-15,0.7024999856948853,0.737500011920929,0.6959999799728394,0.7310000061988831,100932000.0,73.35247895376224,77.15363460652806,74.22331490917645,81.5730901930567,93.97652246096835,10.84,31.0,-1.08,3.58
AMZN,2002-08-16,0.7195000052452087,0.7505000233650208,0.715499997138977,0.7450000047683716,73042000.0,71.01532333652658,77.2961552485721,74.2787280404101,81.59406582199152,93.8514004078225,10.6,33.0,-1.07,3.56
AMZN,2002-08-19,0.7419999837875366,0.7760000228881836,0.7335000038146973,0.7749999761581421,85542000.0,71.74984458002079,77.36150232836904,74.26098485962667,81.57753903919136,93.91542142377853,10.37,33.0,-1.06,3.58
AMZN,2002-08-20,0.7689999938011169,0.7994999885559082,0.765500009059906,0.7990000247955322,154026000.0,71.19497065053939,77.67490458832891,74.40911554450403,81.63305553289578,93.882474526452,10.11,36.0,-1.05,3.53
AMZN,2002-08-21,0.7975000143051147,0.7985000014305115,0.7599999904632568,0.7689999938011169,145684000.0,71.01379606350179,77.92057885139066,74.476145603357,81.24521868456335,93.85782566570451,9.84,40.0,-1.04,3.5
AMZN,2002-08-22,0.7664999961853027,0.7975000143051147,0.7459999918937683,0.7864999771118164,137082000.0,70.41861001186294,78.09740213561177,74.30322641677944,79.87764495112532,93.83604795942155,9.56,35.0,-1.03,3.57
AMZN,2002-08-23,0.7799999713897705,0.7860000133514404,0.7475000023841858,0.7584999799728394,100776000.0,71.18496817877556,78.21466084144053,74.23067156037921,79.9809192649769,93.8989218937167,9.24,32.0,-1.01,3.59
AMZN,2002-08-26,0.7645000219345093,0.7720000147819519,0.734000027179718,0.7465000152587891,128192000.0,70.61117013059499,78.25334217264277,74.26082564924648,79.94189898537824,93.83529618881524,8.91,34.0,-0.99,3.58
AMZN,2002-08-27,0.7519999742507935,0.7634999752044678,0.7250000238418579,0.7260000109672546,71578000.0,70.61451771731998,78.37984534173856,74.39936023429092,79.91463263415403,93.73792147243748,8.57,39.0,-0.97,3.53
AMZN,2002-08-28,0.7239999771118164,0.7484999895095825,0.7174999713897705,0.7285000085830688,99710000.0,70.63362067750023,78.38850581739428,74.22308756738471,79.91150807365773,93.69184726256745,8.21,31.0,-0.96,3.58
AMZN,2002-08-29,0.7214999794960022,0.7595000267028809,0.7105000019073486,0.7570000290870667,135836000.0,70.8337971741672,78.85268014838394,74.34830802831681,79.82855401171368,93.57701632251431,7.82,40.0,-0.94,3.55
AMZN,2002-08-30,0.7455000281333923,0.7689999938011169,0.737500011920929,0.746999979019165,68794000.0,70.77148237272047,78.83507880159671,74.36672738316773,79.77524292934702,93.40341622040188,7.39,41.0,-0.92,3.55
AMZN,2002-09-03,0.7354999780654907,0.7515000104904175,0.7245000004768372,0.7300000190734863,93604000.0,70.92018564144841,78.75431365944398,73.8966904921122,79.09482619242769,93.42880315934006,7.18,29.0,-0.92,3.7
AMZN,2002-09-04,0.7329999804496765,0.7480000257492065,0.7129999995231628,0.7415000200271606,88608000.0,68.64831685688125,77.5856538514743,73.62015130899863,79.1059459520155,93.42318102765788,6.96,27.0,-0.9,3.79
AMZN,2002-09-05,0.7289999723434448,0.7360000014305115,0.7120000123977661,0.7124999761581421,106404000.0,69.03522205073654,77.95158015125163,73.59986911855094,79.22685659847578,93.14428193411956,6.73,27.0,-0.9,3.78
AMZN,2002-09-06,0.7279999852180481,0.7739999890327454,0.7279999852180481,0.765500009059906,99906000.0,61.774115256583215,79.44530433927486,74.45977956223936,79.66062569664776,93.22557860558953,6.47,49.0,-0.87,3.53
AMZN,2002-09-09,0.7559999823570251,0.8324999809265137,0.753000020980835,0.8255000114440918,176450000.0,64.44916930575768,80.89264087955112,74.88540507115152,80.1113655677158,93.4766678240409,6.2,52.0,-0.87,3.43
AMZN,2002-09-10,0.8264999985694885,0.8675000071525574,0.8209999799728394,0.8565000295639038,224976000.0,58.60173761359273,80.9278513392156,74.82686000677332,79.93489327925941,93.4426555611726,5.91,52.0,-0.87,3.46
AMZN,2002-09-11,0.8575000166893005,0.8924999833106995,0.8519999980926514,0.8554999828338623,133264000.0,58.17579369652909,78.72308268476719,74.77898892621931,79.90837068307482,92.68150945761626,5.59,52.0,-0.87,3.48
AMZN,2002-09-12,0.8414999842643738,0.8565000295639038,0.8305000066757202,0.8374999761581421,141302000.0,58.150505291134344,78.7034182581431,74.81960438764023,79.92446181187196,92.51647294766727,5.55,53.0,-0.85,3.46
AMZN,2002-09-13,0.8345000147819519,0.8495000004768372,0.824999988079071,0.8305000066757202,73098000.0,57.80409592890835,78.55721707238547,74.7736442368635,78.68019925723986,92.43432356003797,5.51,52.0,-0.82,3.48
AMZN,2002-09-16,0.8255000114440918,0.8464999794960022,0.8224999904632568,0.8355000019073486,59250000.0,57.1834530154826,78.12138052578,69.2644099554639,78.47086470509939,92.42792401870625,5.44,5.0,-0.82,2.98
AMZN,2002-09-17,0.8500000238418579,0.887499988079071,0.8385000228881836,0.8675000071525574,172424000.0,52.70976804294044,78.51667256830589,69.52119398292776,78.52325950312745,91.35023721398532,5.37,7.0,-0.83,2.92
AMZN,2002-09-18,0.8610000014305115,0.8964999914169312,0.8475000262260437,0.8865000009536743,167820000.0,50.17422657109706,78.6436644129769,69.59952637120978,78.546608696445,91.31740064289899,5.29,8.0,-0.86,2.91
AMZN,2002-09-19,0.8700000047683716,0.8820000290870667,0.8585000038146973,0.8604999780654907,96822000.0,51.118221942333285,73.93018905124488,69.40231190731076,78.63121776860517,91.37805335888183,5.22,7.0,-0.87,2.98
AMZN,2002-09-20,0.8725000023841858,0.8820000290870667,0.7724999785423279,0.7929999828338623,252112000.0,57.11152183886426,75.59387534963619,70.44387239659861,78.68268055696008,91.75154969369832,5.17,12.0,-0.87,2.67
AMZN,2002-09-23,0.7799999713897705,0.8220000267028809,0.7795000076293945,0.8025000095367432,148090000.0,56.80787610029173,75.63315127429516,70.44661574380436,78.62490561077259,91.75539152592471,5.12,13.0,-0.87,2.68
AMZN,2002-09-24,0.7935000061988831,0.8184999823570251,0.7799999713897705,0.796500027179718,141458000.0,56.82010108100095,75.48107503413851,70.43765353481986,78.62902565975745,91.75967573005337,5.06,12.0,-0.87,2.69
AMZN,2002-09-25,0.8084999918937683,0.8195000290870667,0.7645000219345093,0.7864999771118164,186780000.0,55.72793360713371,65.40965801924415,70.41653138597482,78.48874988416917,91.61381125772063,5.0,12.0,-0.87,2.7
AMZN,2002-09-26,0.796500027179718,0.8675000071525574,0.7854999899864197,0.8575000166893005,232700000.0,60.583088540374405,67.49319673734024,71.74451282542933,79.05087537085251,91.28015693682102,4.93,19.0,-0.88,2.48
AMZN,2002-09-27,0.8424999713897705,0.8700000047683716,0.8410000205039978,0.8504999876022339,140674000.0,59.34127527016566,66.2329809165612,71.75792519252524,78.87427379044131,91.24555149659625,4.85,20.0,-0.89,2.47
AMZN,2002-09-30,0.8320000171661377,0.8424999713897705,0.7925000190734863,0.796500027179718,184798000.0,62.58987051786637,66.40661302341012,71.58348036693147,79.28281669854316,91.4155861553099,4.76,19.0,-0.87,2.41
AMZN,2002-10-01,0.8115000128746033,0.8529999852180481,0.8004999756813049,0.8475000262260437,184346000.0,64.08237963401508,67.45990552717201,72.17739232980725,78.88528708121554,91.60011234386823,4.69,24.0,-0.85,2.29
AMZN,2002-10-02,0.840499997138977,0.8820000290870667,0.8349999785423279,0.8504999876022339,164472000.0,63.550569308540986,66.91462839834274,71.815882281656,78.86574109826827,91.59706240805544,4.6,22.0,-0.85,2.42
AMZN,2002-10-03,0.8395000100135803,0.862500011920929,0.8330000042915344,0.8374999761581421,127082000.0,62.62774477651926,66.40019483154575,71.76874205472762,77.54162029155022,91.04352622744743,4.52,22.0,-0.84,2.41
AMZN,2002-10-04,0.8475000262260437,0.8575000166893005,0.8190000057220459,0.8274999856948853,152988000.0,62.4850818939551,66.01190307265793,70.54911183461387,77.21829998388147,90.98091932219883,4.41,16.0,-0.78,2.6
AMZN,2002-10-07,0.8274999856948853,0.8479999899864197,0.8184999823570251,0.8320000171661377,114962000.0,61.44473963791124,65.99221261783288,69.90802283841735,77.07745192128121,90.96099277920257,4.3,12.0,-0.79,2.74
AMZN,2002-10-08,0.843999981880188,0.8529999852180481,0.8230000138282776,0.847000002861023,121960000.0,61.316152580214876,65.76371611911749,69.93603160537505,72.83820559049902,90.96088224070989,4.19,13.0,-0.79,2.75
AMZN,2002-10-09,0.8349999785423279,0.8565000295639038,0.8299999833106995,0.8429999947547913,121670000.0,60.628227650757815,65.6313015834052,69.85120494025713,72.8281672118109,90.90292840564402,4.07,12.0,-0.75,2.8
AMZN,2002-10-10,0.8579999804496765,0.8985000252723694,0.8575000166893005,0.8980000019073486,210572000.0,62.926914162455404,66.84494461200731,70.56852499175316,71.9136622465887,90.98323483323443,3.93,20.0,-0.78,2.64
AMZN,2002-10-11,0.9089999794960022,0.9369999766349792,0.9049999713897704,0.9229999780654908,192570000.0,62.53182204358326,66.51468577607079,70.5178424234145,71.89875430936465,90.70712271781444,3.84,19.0,-0.78,2.7
AMZN,2002-10-14,0.9089999794960022,0.9614999890327454,0.9085000157356262,0.959999978542328,197448000.0,62.93383979455533,66.79879018253222,70.79550999909546,71.56583142117756,90.74591732927034,3.74,23.0,-0.76,2.65
AMZN,2002-10-15,0.9919999837875366,1.006999969482422,0.9325000047683716,0.9470000267028807,280184000.0,62.584935452497845,66.86092597120174,70.58684069091909,70.82979267861433,90.28792510702601,3.64,22.0,-0.8,2.67
AMZN,2002-10-16,0.9135000109672546,0.9829999804496764,0.912500023841858,0.9745000004768372,174842000.0,62.82329967531158,65.59184033473478,70.73551041508817,70.84202004467726,90.04509902510804,3.53,24.0,-0.79,2.65
AMZN,2002-10-17,1.0049999952316284,1.0110000371932983,0.921500027179718,0.9369999766349792,283618000.0,62.77923799542939,65.79603094930897,70.93029411964804,70.97291083521877,89.85340097656214,3.4,27.0,-0.8,2.58
AMZN,2002-10-18,0.9240000247955322,0.9645000100135804,0.9179999828338624,0.9520000219345092,131366000.0,59.961798037073834,60.35784208095901,70.96477341723211,70.87386802529745,89.69436339229773,3.3,29.0,-0.8,2.59
AMZN,2002-10-21,0.9445000290870668,0.9764999747276306,0.9359999895095824,0.9629999995231628,135154000.0,56.400595251882,60.09171246433521,70.83385382918425,70.00794624380514,89.50180309947439,3.18,26.0,-0.77,2.66
AMZN,2002-10-22,0.9505000114440918,0.9955000281333924,0.9449999928474426,0.968999981880188,172914000.0,55.59605447408521,56.65159913431908,70.82756723998712,69.21864093932037,89.07347707532195,3.06,26.0,-0.75,2.67
AMZN,2002-10-23,0.9760000109672546,0.99099999666214,0.968500018119812,0.987500011920929,132962000.0,55.734713678013456,56.48356500067906,70.84233088504507,69.18527748637196,88.70626447200007,2.93,28.0,-0.7,2.69
AMZN,2002-10-24,0.9975000023841858,1.0130000114440918,0.9900000095367432,0.9929999709129332,258598000.0,55.184854067732836,56.207861011541816,70.84606635755867,69.18340672427242,85.75472078796022,2.79,29.0,-0.65,2.69
AMZN,2002-10-25,0.9419999718666076,0.9679999947547911,0.9240000247955322,0.9649999737739564,318000000.0,55.938296165175394,56.3953306067737,71.00173386746789,68.15281935487295,85.80563389356067,2.66,34.0,-0.66,2.62
AMZN,2002-10-28,0.9639999866485596,0.9865000247955322,0.9200000166893004,0.9294999837875366,175996000.0,57.27453783238651,56.78393541872817,71.24329857294144,67.96352950068982,85.84812846614605,2.51,35.0,-0.67,2.52
AMZN,2002-10-29,0.9254999756813048,0.9459999799728394,0.9035000205039978,0.92849999666214,144840000.0,56.36726713324332,54.4538615672632,71.15543487060145,67.85513070621984,85.53255895349955,2.4,35.0,-0.67,2.53
AMZN,2002-10-30,0.9424999952316284,0.9610000252723694,0.9235000014305116,0.9539999961853028,137776000.0,56.551248846722444,53.223857495752604,70.3537391926101,67.8403754655183,85.00186193219149,2.25,15.0,-0.71,2.79
AMZN,2002-10-31,0.9514999985694884,0.9739999771118164,0.9424999952316284,0.9679999947547911,136452000.0,55.811697021353076,53.15382009459994,70.36703031255476,67.6779863078619,84.63469489717727,2.17,16.0,-0.76,2.8
AMZN,2002-11-01,0.9610000252723694,0.9950000047683716,0.9545000195503236,0.9900000095367432,110988000.0,49.76424579242813,53.16235967166808,70.44344248318158,67.58326037795132,84.65051839613618,2.1,19.0,-0.78,2.8
AMZN,2002-11-04,0.9695000052452089,0.9904999732971193,0.9294999837875366,0.9390000104904176,259270000.0,52.71015612128544,54.340842346690486,70.90240228350987,67.7886865431676,84.75177453119824,2.03,34.0,-0.82,2.62
AMZN,2002-11-05,0.9315000176429749,0.9434999823570251,0.9100000262260436,0.9359999895095824,158848000.0,52.63445061018624,54.328486285872046,70.66546787235687,67.78793446226338,84.6742231194296,2.03,26.0,-0.87,2.71
AMZN,2002-11-06,0.9384999871253968,0.9695000052452089,0.912999987602234,0.9670000076293944,159468000.0,52.920414196746925,53.92760996384833,69.39203631781238,67.83960786134477,84.7215424228645,2.05,7.0,-0.88,2.92
AMZN,2002-11-07,0.9424999952316284,0.9649999737739564,0.9384999871253968,0.9559999704360962,128394000.0,47.45767369080118,54.02121492195817,69.34727037862089,67.8302684554767,84.59528273860165,2.05,7.0,-0.88,2.9
AMZN,2002-11-08,0.9520000219345092,0.9829999804496764,0.940500020980835,0.975499987602234,140642000.0,47.55633690533972,53.31634763323535,69.29211411934035,67.6327041439376,84.33760140433138,2.06,6.0,-0.89,2.96
AMZN,2002-11-11,0.9700000286102296,0.977500021457672,0.9399999976158142,0.949999988079071,114992000.0,43.739687951740066,53.613733066055715,69.09500958216388,67.4962703568085,84.37506327797648,2.06,4.0,-0.92,3.04
AMZN,2002-11-12,0.9505000114440918,0.9994999766349792,0.9505000114440918,0.99099999666214,209244000.0,41.86486591364806,53.69497139766074,69.40675569580169,67.65567815130639,84.45063406161542,2.03,10.0,-0.94,2.98
AMZN,2002-11-13,0.9804999828338624,1.0499999523162842,0.9804999828338624,1.0204999446868896,364124000.0,42.438716716619886,53.671039893685204,69.54872855631106,67.71355393024034,84.43718286166477,2.0,11.0,-0.93,2.96
AMZN,2002-11-14,1.0494999885559082,1.0744999647140503,1.0475000143051147,1.0605000257492063,263546000.0,42.93756601819716,53.38770918999867,66.39514071218571,67.08722238829718,80.39032865517576,2.08,1.0,-0.86,3.25
AMZN,2002-11-15,1.0575000047683716,1.1174999475479126,1.0544999837875366,1.1104999780654907,245168000.0,43.889898112575985,53.92674811759627,66.5797455010636,66.82615872449526,80.34266094676421,2.15,2.0,-0.64,3.2
AMZN,2002-11-18,1.1325000524520874,1.187000036239624,1.1074999570846558,1.121000051498413,506670000.0,43.870515752165744,53.2150422550799,66.58512666848101,66.71606439586715,80.33123912821307,2.21,3.0,-0.48,3.21
AMZN,2002-11-19,1.093999981880188,1.094499945640564,1.0614999532699585,1.0644999742507937,245178000.0,47.28050957255004,54.35251392606112,67.07131072528016,66.97155417594858,80.48854822712556,2.23,4.0,-0.55,2.99
AMZN,2002-11-20,1.0674999952316284,1.149999976158142,1.0609999895095823,1.1449999809265137,265888000.0,50.74492206585644,55.58721203026858,61.17091349988789,67.27734744773744,80.48268972701707,2.48,1.0,-0.38,0.45
AMZN,2002-11-21,1.1664999723434448,1.1924999952316284,1.1605000495910645,1.1699999570846558,225770000.0,48.34511482963777,55.65378569606665,61.11930988194825,67.1180588570666,80.47949640221523,2.7,1.0,-0.19,0.47
AMZN,2002-11-22,1.159999966621399,1.2139999866485596,1.1549999713897705,1.1994999647140503,233732000.0,48.26502996908993,55.40655367871111,60.39176408054917,67.1320300409009,80.46007316876931,2.94,1.0,0.01,0.56
AMZN,2002-11-25,1.2015000581741333,1.225000023841858,1.190999984741211,1.212499976158142,201822000.0,47.39530011879079,55.23680260665371,59.62887991635524,67.06716522307603,74.92070524460641,3.18,1.0,0.13,0.66
AMZN,2002-11-26,1.2009999752044678,1.2100000381469729,1.1690000295639038,1.1699999570846558,128116000.0,48.67447794054466,55.60092186515773,59.86637775380763,67.0680181873275,74.74148754159913,3.39,2.0,0.06,0.61
AMZN,2002-11-27,1.1859999895095823,1.212000012397766,1.1855000257492063,1.2039999961853027,113320000.0,48.67525768458485,55.74239044576945,59.670595888707304,66.36059116788086,74.78312954279666,3.59,2.0,0.03,0.64
AMZN,2002-11-29,1.2074999809265137,1.218999981880188,1.1664999723434448,1.1675000190734863,51546000.0,48.033887597742286,55.43792467298283,59.477293278652354,66.35492171973341,74.74308142998078,3.78,1.0,-0.08,0.68
AMZN,2002-12-02,1.2074999809265137,1.25,1.2000000476837158,1.2055000066757202,223050000.0,48.509318875873916,54.075002513780824,59.389171374213554,65.99975976285081,74.78985709979186,3.96,1.0,-0.14,0.7
AMZN,2002-12-03,1.191499948501587,1.1990000009536743,1.1690000295639038,1.187000036239624,118022000.0,48.9614932385514,52.3833252604022,59.4419229997512,65.96128154583837,74.3902171203979,4.12,2.0,-0.24,0.68
AMZN,2002-12-04,1.1740000247955322,1.190000057220459,1.1480000019073486,1.1694999933242798,157578000.0,49.368813064099896,52.15579807535723,59.345266461192395,65.97417902748644,73.33833433818828,4.28,1.0,-0.35,0.69
AMZN,2002-12-05,1.1829999685287476,1.184000015258789,1.1100000143051147,1.128999948501587,212852000.0,50.64232936763767,52.79685489008269,59.596690592291125,65.93074291804032,73.41673851449065,4.42,5.0,-0.47,0.63
AMZN,2002-12-06,1.0850000381469729,1.1345000267028809,1.0755000114440918,1.1304999589920044,187870000.0,50.6492351960136,52.52602209650008,59.57013970980603,65.88233316620511,73.37071998022061,4.56,5.0,-0.57,0.64
AMZN,2002-12-09,1.1115000247955322,1.1174999475479126,1.0800000429153442,1.0839999914169312,149094000.0,51.54708314818948,53.33737729605852,59.63572150069607,65.77489388071112,73.42108021746017,4.68,8.0,-0.65,0.63
AMZN,2002-12-10,1.0980000495910645,1.0994999408721924,1.062000036239624,1.093000054359436,141874000.0,50.04082642643135,53.342234156423615,59.55258253984977,65.7772411734933,73.41942093871104,4.8,5.0,-0.72,0.65
AMZN,2002-12-11,1.0835000276565552,1.11899995803833,1.0809999704360962,1.1065000295639038,127746000.0,50.040268225902,52.92181127636299,59.54710227389105,65.59710518688362,73.27501152038316,4.92,5.0,-0.8,0.65
AMZN,2002-12-12,1.1234999895095823,1.13100004196167,1.090499997138977,1.1150000095367432,119550000.0,49.63858219997487,52.80043138207009,58.578032700860305,65.59988444277815,73.21622854552203,5.04,1.0,-0.85,0.8
AMZN,2002-12-13,1.097499966621399,1.1174999475479126,1.093500018119812,1.1089999675750732,77184000.0,49.64833636310846,52.372717565065216,58.31959514487941,65.4963085709886,72.63566412179605,5.18,1.0,-0.9,0.87
AMZN,2002-12-16,1.1115000247955322,1.1265000104904177,1.1019999980926514,1.125499963760376,98814000.0,49.45626735041104,49.25163096756782,54.73983415858683,65.33834061487917,72.6419099417861,5.38,1.0,-0.96,0.15
AMZN,2002-12-17,1.1165000200271606,1.128000020980835,1.116000056266785,1.1230000257492063,68390000.0,46.45632516268219,49.2623623520337,54.55975522162786,65.13007122270194,72.61523466969872,5.58,1.0,-1.01,0.19
AMZN,2002-12-18,1.1124999523162842,1.1130000352859497,1.0989999771118164,1.1050000190734863,79856000.0,46.82878418210498,49.39244086473773,52.38536680891529,65.15232851201942,72.6400236857336,5.8,1.0,-1.05,-0.02
AMZN,2002-12-19,1.0815000534057615,1.1100000143051147,1.0765000581741333,1.0844999551773071,116288000.0,46.61400387968172,49.503394804135304,52.34559357433607,65.19837824060554,72.6527594470092,6.01,1.0,-1.07,-0.01
AMZN,2002-12-20,1.0894999504089355,1.100499987602234,1.0800000429153442,1.096500039100647,98706000.0,46.428917337644414,46.552725167834225,52.1940433464782,65.10741561571044,72.43533411715336,6.22,1.0,-1.1,0.02
AMZN,2002-12-23,1.0889999866485596,1.1234999895095823,1.0889999866485596,1.1119999885559082,88490000.0,46.28299471094915,46.52491523831202,52.069043592533504,65.03650335352043,72.42113886511211,6.41,1.0,-1.12,0.05
AMZN,2002-12-24,1.1089999675750732,1.1139999628067017,1.093999981880188,1.093999981880188,46972000.0,45.785099268899614,44.40288960645799,51.99183455251784,65.06119960281397,72.41885748664076,6.59,1.0,-1.14,0.06
AMZN,2002-12-26,1.0794999599456787,1.0800000429153442,1.0,1.0149999856948853,283986000.0,49.85325264805152,45.777594132525145,52.079562151875706,65.33409919668762,71.8585747518915,6.75,3.0,-1.16,0.08
AMZN,2002-12-27,0.9984999895095824,1.0049999952316284,0.921500027179718,0.9430000185966492,439456000.0,53.52190953273014,48.392660607447894,52.616516636140766,65.7667378261499,72.09695198521474,6.88,7.0,-1.14,0.13
AMZN,2002-12-30,0.9424999952316284,0.9700000286102296,0.9369999766349792,0.962499976158142,165694000.0,52.56787214815125,48.4088889042623,52.64313658471884,65.62560254780674,72.07423813768654,7.01,8.0,-1.13,0.13
AMZN,2002-12-31,0.962499976158142,0.977999985218048,0.9415000081062316,0.9445000290870668,110740000.0,50.60847942983362,48.51603895760789,52.6785570810515,65.66611808710073,72.09885929555152,7.14,9.0,-1.12,0.11
AMZN,2003-01-02,0.959500014781952,0.984000027179718,0.9275000095367432,0.9785000085830688,129680000.0,51.813084188683845,48.986664374546834,52.807856623618946,65.46840307907755,72.1673282532207,7.25,10.0,-1.1,0.09
AMZN,2003-01-03,0.9794999957084656,1.0264999866485596,0.9704999923706056,1.0260000228881836,175140000.0,51.93313253205141,49.745233326616415,53.24704786375758,65.51750045715391,71.86282447403616,7.35,11.0,-1.09,0.02
AMZN,2003-01-06,1.0199999809265137,1.058500051498413,1.0149999856948853,1.034999966621399,153962000.0,47.07719820250539,49.73011021700998,52.84832934793473,65.49218567669564,71.81544467068166,7.45,11.0,-1.09,0.1
AMZN,2003-01-07,1.0414999723434448,1.087499976158142,1.0299999713897705,1.0774999856948853,191364000.0,48.23223095283549,48.76440130659126,53.15325652702781,65.61581087110557,71.91494678267459,7.54,12.0,-1.11,0.05
AMZN,2003-01-08,1.0720000267028809,1.0800000429153442,1.0410000085830688,1.0509999990463257,139630000.0,47.91037076608488,48.82499083598581,52.850670344533356,65.65251746263682,71.83870110286492,7.62,12.0,-1.11,0.08
AMZN,2003-01-09,1.0540000200271606,1.0850000381469729,1.0449999570846558,1.0724999904632568,123096000.0,48.24864369083966,48.35987626895859,52.86051303804709,62.295121988797234,71.79921049940441,7.7,13.0,-1.11,0.07
AMZN,2003-01-10,1.0479999780654907,1.0829999446868896,1.0405000448226929,1.065999984741211,151586000.0,47.31824224596699,48.28129811844298,52.56828055819466,62.301316967780984,71.65654352204915,7.78,7.0,-1.1,0.12
AMZN,2003-01-13,1.066499948501587,1.1050000190734863,1.0625,1.1019999980926514,142426000.0,47.60222902388337,48.398487796772464,52.60594304785856,62.41385011078614,71.72092880115628,7.85,8.0,-1.1,0.12
AMZN,2003-01-14,1.0924999713897705,1.1380000114440918,1.0829999446868896,1.1369999647140503,140976000.0,47.845990265853835,47.98453442021206,52.367700525836526,62.275727996817444,71.20719255097322,7.91,6.0,-1.09,0.16
AMZN,2003-01-15,1.1295000314712524,1.1304999589920044,1.097000002861023,1.1134999990463257,139788000.0,47.13564878919162,48.161574294029165,52.4285129064282,62.236657546039694,71.23304262083803,7.97,8.0,-1.08,0.14
AMZN,2003-01-16,1.0844999551773071,1.1050000190734863,1.0724999904632568,1.090000033378601,158232000.0,47.30460782319451,48.37239393646425,52.19372044899635,62.27497590786935,70.20438449851378,8.03,4.0,-1.07,0.18
AMZN,2003-01-17,1.0729999542236328,1.0855000019073486,1.0614999532699585,1.0700000524520874,115724000.0,47.39734107368416,48.54704186465628,52.219861125367906,62.30441337529615,69.96854198471631,8.08,6.0,-1.04,0.18
AMZN,2003-01-21,1.0625,1.0805000066757202,1.0180000066757202,1.0540000200271606,125862000.0,46.55651555346086,48.53049250925508,52.063145913365105,62.29806421263054,69.88164208941988,8.12,2.0,-1.03,0.21
AMZN,2003-01-22,1.03849995136261,1.0850000381469729,1.037500023841858,1.058500051498413,133672000.0,46.584075875658094,48.52612928665039,52.06319294232614,62.29800649889017,66.55074319042994,8.16,3.0,-1.02,0.21
AMZN,2003-01-23,1.0770000219345093,1.1019999980926514,1.0575000047683716,1.0894999504089355,219960000.0,45.843767433235385,48.45466258361412,51.923838674023926,62.38142176898276,66.59281917001437,8.19,1.0,-1.0,0.23
AMZN,2003-01-24,1.1295000314712524,1.1640000343322754,1.0950000286102295,1.1054999828338623,433636000.0,45.976942064458214,47.81218869766373,51.88090767962748,61.83094704032154,65.61035134177874,8.22,1.0,-0.99,0.25
AMZN,2003-01-27,1.0839999914169312,1.118499994277954,1.0820000171661377,1.0889999866485596,164140000.0,46.044257008994656,47.947082862770884,51.790790670993424,61.80530610706882,65.5696370272355,8.25,1.0,-1.01,0.27
AMZN,2003-01-28,1.0954999923706057,1.0985000133514404,1.0614999532699585,1.0809999704360962,159368000.0,46.01812040628244,47.71656740443825,51.78803225352351,61.56353579870881,65.20629384378064,8.28,1.0,-1.01,0.27
AMZN,2003-01-29,1.0774999856948853,1.1174999475479126,1.0700000524520874,1.1039999723434448,141138000.0,46.43676070108965,47.80746508595497,51.38215927282664,61.55829485012557,64.64073719469697,8.3,1.0,-1.11,0.35
AMZN,2003-01-30,1.1100000143051147,1.1200000047683716,1.08650004863739,1.090999960899353,119314000.0,46.334259015407575,47.702837562225575,50.29429691724228,60.814511315065985,64.60839756366849,8.33,1.0,-1.12,0.41
AMZN,2003-01-31,1.0820000171661377,1.1134999990463257,1.0779999494552612,1.0924999713897705,125250000.0,46.33798961502858,46.331009884795854,48.95495087433896,60.4283525662995,64.58065566441917,8.36,1.0,-1.09,0.48
AMZN,2003-02-03,1.097000002861023,1.121999979019165,1.090999960899353,1.1080000400543213,103910000.0,46.30272784896333,46.37523862534797,48.684320579472,60.41477293131857,64.49840614573303,8.39,1.0,-1.05,0.53
AMZN,2003-02-04,1.097000002861023,1.1069999933242798,1.0785000324249268,1.1024999618530271,96352000.0,45.987589387091724,45.98251768675537,48.69552452149406,60.35173132137695,63.817853499524205,8.42,2.0,-1.02,0.53
AMZN,2003-02-05,1.1089999675750732,1.125,1.1015000343322754,1.1085000038146973,106862000.0,45.90574166157712,45.898886338658954,48.54755815848679,60.33971528866032,63.203656358967955,8.43,1.0,-0.97,0.58
AMZN,2003-02-06,1.1080000400543213,1.1239999532699585,1.096500039100647,1.1045000553131104,80754000.0,45.73359431142575,45.76531747914648,48.52542693997082,60.20815153963053,63.162025444172066,8.44,1.0,-0.93,0.58
AMZN,2003-02-07,1.1050000190734863,1.1054999828338623,1.059999942779541,1.0720000267028809,138858000.0,46.31273700343823,45.86050330338979,48.799435515370064,60.317974177273,63.24430609050352,8.51,5.0,-0.86,0.5
AMZN,2003-02-10,1.0700000524520874,1.0705000162124634,1.028499960899353,1.0700000524520874,161930000.0,40.62183156345044,45.091969128689364,48.478092214908926,60.167144205168555,62.355968446912755,8.57,1.0,-0.8,0.57
AMZN,2003-02-11,1.0779999494552612,1.0800000429153442,1.034500002861023,1.0390000343322754,133580000.0,35.15190187838355,45.13768519256745,48.6309497720327,60.27123126191542,62.159384482354305,8.62,4.0,-0.73,0.52
AMZN,2003-02-12,1.0394999980926514,1.059999942779541,1.0329999923706057,1.05649995803833,108678000.0,35.00812560720845,44.56913473352133,48.42737130006668,60.246761068911226,62.0923454413862,8.68,1.0,-0.65,0.58
AMZN,2003-02-13,1.0475000143051147,1.0499999523162842,0.9804999828338624,1.003000020980835,231536000.0,37.99935362059838,44.76301516869475,47.33659184413806,60.55881337653326,62.2624542127672,8.73,1.0,-0.61,0.4
AMZN,2003-02-14,0.9994999766349792,1.0115000009536743,0.9854999780654908,1.003000020980835,132506000.0,36.660053842782375,44.70478254512228,47.31311899228541,60.458413453010905,62.121011357393066,8.78,1.0,-0.56,0.41
AMZN,2003-02-18,1.0075000524520874,1.0705000162124634,1.0075000524520874,1.069499969482422,157998000.0,38.77616217077267,45.487283948920556,48.2964673460817,60.918146052796686,62.33136130621991,8.8,3.0,-0.53,0.31
AMZN,2003-02-19,1.0575000047683716,1.0625,1.0509999990463257,1.059499979019165,109416000.0,38.83349070533897,42.91393216765914,48.272590219023236,60.90145964823156,62.258198891921026,8.82,3.0,-0.55,0.32
AMZN,2003-02-20,1.059499979019165,1.0750000476837158,1.0544999837875366,1.0679999589920044,83396000.0,37.07052471004919,42.693925783883344,46.39027606301925,60.90718908093153,62.258410391205075,8.85,1.0,-0.46,0.19
AMZN,2003-02-21,1.0674999952316284,1.0915000438690186,1.0520000457763672,1.0889999866485596,144156000.0,36.74046828329704,42.564727557216145,46.44041204805325,60.9465629290238,62.24784357011097,8.87,2.0,-0.38,0.18
AMZN,2003-02-24,1.0820000171661377,1.1089999675750732,1.0820000171661377,1.0889999866485596,138732000.0,36.29334499057972,42.48796330675502,45.14233938588934,60.93749331893852,62.22639163370861,8.9,1.0,-0.43,0.25
AMZN,2003-02-25,1.0750000476837158,1.100000023841858,1.0700000524520874,1.093999981880188,112480000.0,36.256683880728716,41.91360601713586,44.14327614028439,60.88630341985984,62.04600994310249,8.93,1.0,-0.37,0.32
AMZN,2003-02-26,1.0815000534057615,1.0989999771118164,1.0809999704360962,1.0820000171661377,82426000.0,35.07471116880755,41.4967916374872,44.195546913556925,60.293431727658955,61.888441964418305,8.96,2.0,-0.3,0.3
AMZN,2003-02-27,1.0829999446868896,1.0885000228881836,1.0125000476837158,1.0809999704360962,101526000.0,33.74823017356772,41.05422948939464,44.106700359385265,60.28097616772449,61.879682982831376,8.98,1.0,-0.27,0.33
AMZN,2003-02-28,1.0785000324249268,1.10099995136261,1.071499943733215,1.100499987602234,93742000.0,33.70169364830998,40.66435675782425,44.110690464581225,60.31011703183816,61.88568491434921,9.01,2.0,-0.34,0.34
AMZN,2003-03-03,1.1074999570846558,1.1304999589920044,1.087000012397766,1.090499997138977,89606000.0,33.22509213971322,40.59220263016302,44.149559244570035,60.28092247662056,61.29265113359491,9.04,4.0,-0.44,0.32
AMZN,2003-03-04,1.0850000381469729,1.1174999475479126,1.0679999589920044,1.1134999990463257,108686000.0,33.27704037975138,40.74696870872378,44.17838290017468,60.164984868196555,60.953927605400274,9.06,5.0,-0.55,0.32
AMZN,2003-03-05,1.1039999723434448,1.13100004196167,1.10099995136261,1.121000051498413,103208000.0,32.941628138422864,40.135568943412224,44.166488304401014,59.23448845968219,60.8682116664477,9.08,5.0,-0.79,0.32
AMZN,2003-03-06,1.116000056266785,1.1425000429153442,1.1059999465942385,1.1345000267028809,108548000.0,33.062078075541685,40.21114754343768,43.12087929624039,59.206479602372156,60.84129808838178,9.09,1.0,-0.81,0.38
AMZN,2003-03-07,1.116000056266785,1.1519999504089355,1.1130000352859497,1.1484999656677246,116968000.0,32.24339273718637,39.31463782310098,42.96272689061593,59.1341242691914,60.67718546479185,9.1,1.0,-0.8,0.42
AMZN,2003-03-10,1.1299999952316284,1.1480000019073486,1.127500057220459,1.1440000534057615,88120000.0,32.04946043749859,39.29728462108891,42.55820313349064,58.914746825289654,60.517401358648,9.1,1.0,-0.76,0.49
AMZN,2003-03-11,1.1375000476837158,1.1460000276565552,1.125499963760376,1.1390000581741333,80682000.0,31.729197030168027,39.23701949689879,42.498345696333054,58.91801750677934,60.485199256303176,9.1,1.0,-0.72,0.51
AMZN,2003-03-12,1.125499963760376,1.1690000295639038,1.124500036239624,1.1679999828338623,111462000.0,32.33309607660363,39.5360997656128,42.44604067184209,58.98374829562408,60.478060908856726,9.08,1.0,-0.69,0.52
AMZN,2003-03-13,1.184000015258789,1.2295000553131104,1.156499981880188,1.2209999561309814,224178000.0,34.14684510347986,40.50826703503361,42.46302073992997,57.00835827961915,60.5154487896042,9.06,2.0,-0.61,0.56
AMZN,2003-03-14,1.2269999980926514,1.2450000047683716,1.2100000381469729,1.2354999780654907,178156000.0,33.91908078137694,40.47167042505545,42.435603961124414,56.906431349776874,59.916023086896345,9.02,1.0,-0.51,0.57
AMZN,2003-03-17,1.2235000133514404,1.3420000076293943,1.2200000286102295,1.3274999856948853,302498000.0,39.15925500398003,42.94572045140567,43.81542774330277,57.49448337705493,60.2236122008277,8.96,8.0,0.2,0.56
AMZN,2003-03-18,1.3229999542236328,1.3420000076293943,1.3049999475479126,1.3389999866485596,174996000.0,39.09916507660573,42.77874064324988,43.82131332300997,57.44213155375547,59.87249712134729,8.89,9.0,0.7,0.56
AMZN,2003-03-19,1.316499948501587,1.3344999551773071,1.3079999685287476,1.3270000219345093,169620000.0,39.217401893347265,42.61194117952399,43.791139817475624,53.104498063904174,59.826908614004594,8.82,8.0,0.85,0.56
AMZN,2003-03-20,1.3170000314712524,1.381500005722046,1.30649995803833,1.372499942779541,187524000.0,40.0190130684317,43.03787708460045,44.060999257908115,53.164036541192935,59.893805657654696,8.73,11.0,1.19,0.5
AMZN,2003-03-21,1.3854999542236328,1.3975000381469729,1.3519999980926514,1.3964999914169312,213154000.0,39.99125872436967,43.07686764659246,43.81883253128125,52.64975330269381,59.75938561602112,8.63,10.0,1.53,0.57
AMZN,2003-03-24,1.3539999723434448,1.3630000352859497,1.309999942779541,1.3114999532699585,206810000.0,43.65864004996677,45.013487512575985,44.601700784862544,52.72443775533476,60.076222232375585,8.5,20.0,1.4,0.59
AMZN,2003-03-25,1.3125,1.3545000553131104,1.3105000257492063,1.3450000286102295,144264000.0,43.90084915307556,42.19518669783301,44.72907722767111,52.73029362362415,59.87237095308712,8.37,21.0,1.3,0.57
AMZN,2003-03-26,1.343999981880188,1.3934999704360962,1.3355000019073486,1.3880000114440918,147514000.0,42.97491185556084,39.262564034322686,44.79267695735656,52.62308287367298,59.941883538723495,8.24,22.0,1.31,0.55
AMZN,2003-03-27,1.3795000314712524,1.4019999504089355,1.372499942779541,1.3884999752044678,212842000.0,43.00298030096323,39.171923509563825,44.762099496277024,52.35013835921406,59.791097868439266,8.1,22.0,1.23,0.56
AMZN,2003-03-28,1.3795000314712524,1.3975000381469729,1.3550000190734863,1.3589999675750732,128740000.0,40.04632328356047,39.24620783889845,44.834235396080985,52.263787120893404,59.839663515518126,7.95,24.0,1.05,0.52
AMZN,2003-03-31,1.3285000324249268,1.337000012397766,1.2979999780654907,1.3014999628067017,184296000.0,42.85762534383181,40.03736396057858,44.55218807188577,52.53543149291697,59.92847599823284,7.78,20.0,0.91,0.53
AMZN,2003-04-01,1.277500033378601,1.2795000076293943,1.253000020980835,1.2769999504089355,195480000.0,40.19411864467145,39.32267983156897,44.681009546975496,52.48024538732866,59.831315956609224,7.6,22.0,0.8,0.48
AMZN,2003-04-02,1.2990000247955322,1.3240000009536743,1.2920000553131104,1.319000005722046,132460000.0,40.631930774637034,39.74901050030874,44.67728369165354,52.549822932053736,59.74370568448389,7.44,22.0,0.65,0.48
AMZN,2003-04-03,1.3255000114440918,1.3545000553131104,1.3009999990463257,1.3324999809265137,146488000.0,40.64012431292266,39.05096129696114,44.62993492631196,52.54181204097231,59.73596293830137,7.27,22.0,0.5,0.51
AMZN,2003-04-04,1.3355000019073486,1.3415000438690186,1.2975000143051147,1.3109999895095823,121456000.0,41.03384550003811,38.82177337125839,44.65437078946555,52.36168794936113,59.763408248909236,7.08,23.0,0.37,0.49
AMZN,2003-04-07,1.3604999780654907,1.378000020980835,1.337499976158142,1.340999960899353,144608000.0,41.2608658113291,38.86808621578558,44.51043536706629,52.360304149099825,59.720544445664636,6.89,20.0,0.24,0.54
AMZN,2003-04-08,1.3394999504089355,1.340000033378601,1.3224999904632568,1.3259999752044678,108072000.0,41.59318991094219,38.93815093549649,44.13180798622494,52.37272780178832,59.6706459607645,6.68,15.0,0.11,0.6
AMZN,2003-04-09,1.3174999952316284,1.31850004196167,1.2419999837875366,1.253000020980835,239178000.0,45.19777177441942,40.35083812004443,44.92435347390337,52.26055881129403,59.953658425576165,6.44,32.0,0.03,0.51
AMZN,2003-04-10,1.2714999914169312,1.2970000505447388,1.2389999628067017,1.2834999561309814,186224000.0,45.49714054150227,40.154978171954816,44.68494457873866,52.15799261058246,59.69930751502519,6.28,28.0,-0.08,0.56
AMZN,2003-04-11,1.2925000190734863,1.312000036239624,1.2710000276565552,1.287500023841858,137980000.0,45.35541107801289,39.87047873760219,44.121076089101194,50.00768138409855,59.55732335258269,6.1,15.0,-0.2,0.66
AMZN,2003-04-14,1.2400000095367432,1.2575000524520874,1.225000023841858,1.252500057220459,208342000.0,46.16982500619432,40.04904087533941,44.34169422532941,50.01321621256382,59.49731841586996,5.9,22.0,-0.28,0.59
AMZN,2003-04-15,1.2445000410079956,1.2714999914169312,1.241000056266785,1.256500005722046,126828000.0,45.91256750788729,39.813081677959,43.52582658886139,48.60249954545704,59.49406069937723,5.69,8.0,-0.34,0.74
AMZN,2003-04-16,1.2649999856948853,1.274999976158142,1.2065000534057615,1.218999981880188,185890000.0,46.96552915973643,40.22333957342783,42.29176396653319,48.65474134454079,59.33609616043752,5.62,1.0,-0.38,0.63
AMZN,2003-04-17,1.2235000133514404,1.250499963760376,1.2174999713897705,1.249500036239624,135798000.0,47.325690508865414,40.4807840959622,42.333934170802536,48.63438000016688,59.23968316728776,5.55,2.0,-0.44,0.62
AMZN,2003-04-21,1.2515000104904177,1.308500051498413,1.2450000047683716,1.2625000476837158,142646000.0,47.29713781731278,40.14734435037614,42.18457799640735,48.56261391278734,59.22209338720715,5.49,1.0,-0.48,0.66
AMZN,2003-04-22,1.2545000314712524,1.284500002861023,1.241000056266785,1.2790000438690186,137372000.0,47.33108418423506,40.12810830039019,42.19968945475287,48.476817415697525,59.20588446067505,5.44,2.0,-0.53,0.65
AMZN,2003-04-23,1.3200000524520874,1.3274999856948853,1.2680000066757202,1.2714999914169312,177002000.0,47.35539528803189,40.00154397967794,41.812101687810696,47.638111021061555,59.177836525142745,5.38,1.0,-0.6,0.77
AMZN,2003-04-24,1.2699999809265137,1.3359999656677246,1.2384999990463257,1.25600004196167,352066000.0,47.12186885297745,40.06605639496855,41.6233165435471,47.10703940586993,56.52355955003361,5.32,1.0,-0.63,0.8
AMZN,2003-04-25,1.399999976158142,1.4500000476837158,1.3910000324249268,1.4485000371932983,799448000.0,61.2127426685619,49.17691243641048,47.05932144880414,49.875922823718504,58.255627399969356,5.21,46.0,-0.55,4.52
AMZN,2003-04-28,1.4320000410079956,1.4594999551773071,1.4299999475479126,1.4555000066757202,316020000.0,61.185624538267646,49.0583986716568,46.817265517360745,49.831924648387584,58.25536775924244,5.1,46.0,-0.49,4.7
AMZN,2003-04-29,1.4455000162124634,1.4520000219345093,1.430500030517578,1.444499969482422,210528000.0,57.944441172032526,49.119487724438336,46.759613886286,49.785282093059905,58.078217889209874,4.98,46.0,-0.51,4.72
AMZN,2003-04-30,1.4299999475479126,1.4500000476837158,1.4190000295639038,1.434499979019165,189000000.0,57.984516207772074,49.136112368497805,46.704050436477324,49.78748965970732,58.01371835164624,4.86,46.0,-0.56,4.75
AMZN,2003-05-01,1.434000015258789,1.434999942779541,1.4075000286102295,1.4329999685287476,153784000.0,57.895581655423044,49.11100194450781,46.32304513691932,49.54983481843612,57.9970971610883,4.73,44.0,-0.64,4.95
AMZN,2003-05-02,1.43149995803833,1.472499966621399,1.4275000095367432,1.471500039100647,197688000.0,57.595738292360046,49.32004875281545,46.48067380952785,49.61690591151446,58.03416059892793,4.59,47.0,-0.65,4.82
AMZN,2003-05-05,1.4735000133514404,1.502500057220459,1.4505000114440918,1.4980000257492063,222726000.0,57.60755717785331,49.36123514364164,45.985994014401996,49.346692703740345,58.023255957686395,4.44,44.0,-0.64,5.04
AMZN,2003-05-06,1.493499994277954,1.559000015258789,1.4900000095367432,1.5440000295639038,279248000.0,54.70420163070367,49.080050699533864,46.17916209080876,49.41288121260469,58.089396496959885,4.29,45.0,-0.53,4.89
AMZN,2003-05-07,1.5329999923706057,1.5429999828338623,1.5015000104904177,1.534999966621399,207036000.0,54.46848908503684,49.11433261578868,46.180651667341586,49.246097738059525,58.094636831024225,4.12,46.0,-0.52,4.91
AMZN,2003-05-08,1.5180000066757202,1.537999987602234,1.5110000371932983,1.5225000381469729,170270000.0,53.96631837037145,48.65110589231337,46.21079687447479,49.16342479181674,57.679132944326106,3.98,47.0,-0.56,4.91
AMZN,2003-05-09,1.5230000019073486,1.5494999885559082,1.5099999904632568,1.5479999780654907,119634000.0,54.10041373606608,48.65026801597917,46.2396628198135,48.93400749550686,57.65812965343403,3.82,48.0,-0.57,4.86
AMZN,2003-05-12,1.5414999723434448,1.590000033378601,1.5334999561309814,1.5850000381469729,144938000.0,53.86060996067103,47.22458001095331,46.316666185744744,48.94017865015238,57.49729088268957,3.75,49.0,-0.54,4.81
AMZN,2003-05-13,1.5774999856948853,1.6744999885559082,1.5720000267028809,1.6475000381469729,316890000.0,52.6887573118033,47.62127166088333,46.64361367570054,48.8778762392752,57.57760034488637,3.68,54.0,-0.39,4.57
AMZN,2003-05-14,1.656999945640564,1.659500002861023,1.621999979019165,1.6299999952316284,159864000.0,52.37425539338156,46.32006650655022,46.59191827917411,48.851107031627926,57.02961737389506,3.65,54.0,-0.37,4.6
AMZN,2003-05-15,1.631999969482422,1.6375000476837158,1.6100000143051147,1.631500005722046,103846000.0,51.90114994125729,46.21203150725597,46.45337275481861,48.7026486551531,56.75033352636358,3.61,53.0,-0.39,4.67
AMZN,2003-05-16,1.625499963760376,1.6579999923706057,1.61899995803833,1.652500033378601,152882000.0,51.9201526421943,46.226023054897944,46.461006104489286,48.71235035133219,56.72966710724574,3.57,54.0,-0.39,4.66
AMZN,2003-05-19,1.6349999904632568,1.6484999656677246,1.5700000524520874,1.5779999494552612,195270000.0,53.77997221140466,47.42626674186191,47.110734376007265,48.91204665936592,56.878310211772245,3.54,62.0,-0.49,4.38
AMZN,2003-05-20,1.5779999494552612,1.6065000295639038,1.558500051498413,1.5740000009536743,161324000.0,53.60550295397134,47.443245674639876,47.013850279673775,48.87477867039186,56.871296656699386,3.5,61.0,-0.59,4.43
AMZN,2003-05-21,1.5670000314712524,1.5920000076293943,1.5579999685287476,1.587499976158142,104006000.0,53.379700917974716,47.4446295516697,45.29815434209882,48.77040762181992,56.766618846301,3.47,44.0,-0.66,4.93
AMZN,2003-05-22,1.587499976158142,1.6644999980926514,1.5644999742507937,1.649999976158142,169798000.0,50.741939953639516,47.764158899600616,43.855735329353855,48.92106726363282,56.883339045450455,3.43,19.0,-0.69,5.22
AMZN,2003-05-23,1.6514999866485596,1.652500033378601,1.6234999895095823,1.6360000371932983,141264000.0,50.79028494811951,47.843516528121846,43.846923517224795,48.66089985767657,56.788278726442655,3.39,19.0,-0.74,5.27
AMZN,2003-05-27,1.627500057220459,1.7515000104904177,1.622499942779541,1.7424999475479126,244508000.0,53.19528510426574,49.16421098386839,44.619326811634224,48.5028517852355,57.114847647766354,3.34,35.0,-0.67,4.77
AMZN,2003-05-28,1.74399995803833,1.7864999771118164,1.7324999570846558,1.743000030517578,181062000.0,52.08332858243335,49.06465936898397,44.38101026743672,47.76603029578093,57.06610060422146,3.29,32.0,-0.64,4.97
AMZN,2003-05-29,1.7445000410079956,1.7984999418258667,1.7350000143051147,1.777500033378601,186832000.0,52.08620994160037,49.05089551070456,43.934405194141256,47.64309317376533,57.08254464385137,3.23,21.0,-0.59,5.29
AMZN,2003-05-30,1.780500054359436,1.8044999837875368,1.75,1.7944999933242798,203806000.0,50.56149993844225,49.05162199731323,43.93605443830636,47.64337510194738,56.99916035268632,3.18,22.0,-0.55,5.29
AMZN,2003-06-02,1.825000047683716,1.8339999914169312,1.7675000429153442,1.7699999809265137,191054000.0,51.00675529863754,49.241946331313244,43.68465717092302,47.59527273063065,57.013488203218444,3.11,15.0,-0.58,5.55
AMZN,2003-06-03,1.7354999780654907,1.7654999494552612,1.7339999675750732,1.7615000009536743,201918000.0,51.2281090392964,49.29443843081635,43.4508546950852,47.58386750842862,56.991197064950505,3.05,14.0,-0.63,5.69
AMZN,2003-06-04,1.75,1.7799999713897705,1.7350000143051147,1.7695000171661377,186668000.0,51.259695940196835,49.243878868153125,43.383532763324325,47.583391453859306,56.991100778941316,2.99,14.0,-0.68,5.77
AMZN,2003-06-05,1.7580000162124634,1.7920000553131104,1.7304999828338623,1.7760000228881836,143874000.0,51.06368261081641,49.19015470182466,43.34771124170948,47.41700564536733,56.99096354676415,2.93,14.0,-0.73,5.78
AMZN,2003-06-06,1.8020000457763672,1.812999963760376,1.662500023841858,1.6675000190734863,227618000.0,55.05052173316402,51.11393241413944,44.43816093147795,48.027498207262646,57.36388753930552,2.86,39.0,-0.81,5.43
AMZN,2003-06-09,1.7235000133514404,1.7235000133514404,1.6540000438690186,1.684000015258789,168768000.0,37.933449016088574,50.4907458166805,44.23498376999726,47.86954103368051,57.33399650219566,2.79,37.0,-0.89,5.61
AMZN,2003-06-10,1.7009999752044678,1.718999981880188,1.6414999961853027,1.7035000324249268,193272000.0,37.979932116694954,50.4891860171787,44.071073116499704,46.78613523075744,56.86090471156234,2.71,28.0,-0.96,5.68
AMZN,2003-06-11,1.6985000371932983,1.7404999732971191,1.6799999475479126,1.7324999570846558,154928000.0,37.92362017108437,48.62079868420366,43.92366845297821,46.801291939002674,56.86577134393035,2.64,25.0,-1.01,5.73
AMZN,2003-06-12,1.7649999856948853,1.7699999809265137,1.7354999780654907,1.7599999904632568,140650000.0,37.81751166904698,48.66889126614086,43.8005606500001,46.79976532420058,56.876952823954575,2.56,20.0,-1.06,5.78
AMZN,2003-06-13,1.7699999809265137,1.7725000381469729,1.7024999856948853,1.7065000534057615,120236000.0,39.314479528568,49.13319886360837,44.05572918093246,46.94274717820308,56.94968859294913,2.48,29.0,-1.11,5.62
AMZN,2003-06-16,1.7285000085830688,1.7925000190734863,1.7039999961853027,1.7920000553131104,142558000.0,40.84288459955547,49.618648619680535,44.60748539655615,46.22277095171911,57.00623947222139,2.39,48.0,-1.13,5.21
AMZN,2003-06-17,1.7964999675750732,1.81850004196167,1.7625000476837158,1.7920000553131104,164998000.0,40.74199759117923,49.55343877305297,44.453825825165964,46.20225499093315,56.32867241388174,2.3,45.0,-1.16,5.35
AMZN,2003-06-18,1.774999976158142,1.861999988555908,1.7675000429153442,1.7925000190734863,224136000.0,40.11150538891776,47.55927445507237,44.43315163288265,45.45384316662359,56.302494891482844,2.21,44.0,-1.19,5.39
AMZN,2003-06-19,1.7899999618530271,1.837499976158142,1.7690000534057615,1.774999976158142,119762000.0,40.22075661761171,47.47139838194745,44.38136737435732,44.96548211856889,56.243828193756684,2.11,44.0,-1.22,5.42
AMZN,2003-06-20,1.7899999618530271,1.7940000295639038,1.7419999837875366,1.7519999742507937,140250000.0,40.38201925765191,47.27228770918903,44.43032355001634,45.01120882067869,56.08868438155801,2.0,45.0,-1.26,5.39
AMZN,2003-06-23,1.77400004863739,1.7929999828338623,1.7515000104904177,1.7790000438690186,168146000.0,40.350011353540395,47.3238122492467,44.38616990421632,44.97129831671622,56.101332537910906,1.9,45.0,-1.28,5.43
AMZN,2003-06-24,1.7684999704360962,1.7910000085830688,1.7269999980926514,1.7699999809265137,163544000.0,40.03261702322486,47.06341779874208,44.334619303664596,44.94359567706452,56.105487862857984,1.83,42.0,-1.31,5.46
AMZN,2003-06-25,1.7649999856948853,1.80649995803833,1.7575000524520874,1.7695000171661377,133180000.0,38.64146028985845,46.01815749108578,44.3386942069958,44.9465227618349,54.4423938573269,1.78,43.0,-1.33,5.46
AMZN,2003-06-26,1.7604999542236328,1.8420000076293943,1.753000020980835,1.8359999656677248,205848000.0,39.68979638855858,46.19207967550475,44.60696826208475,45.08416749327679,54.466687399559476,1.74,55.0,-1.33,5.24
AMZN,2003-06-27,1.8344999551773071,1.8545000553131104,1.809000015258789,1.815000057220459,135130000.0,39.93525008681856,45.99932282298013,44.656323712638255,45.1103697398087,54.48624734900582,1.7,60.0,-1.34,5.22
AMZN,2003-06-30,1.8315000534057613,1.840999960899353,1.8009999990463257,1.815999984741211,102878000.0,39.84670506964119,45.99818736084517,44.66180381882861,44.563674189311634,54.44605863825461,1.66,61.0,-1.35,5.22
AMZN,2003-07-01,1.816499948501587,1.8645000457763672,1.784999966621399,1.862499952316284,144856000.0,37.4777354472321,45.95968413481895,44.75646430774851,44.548230193078155,51.22823266095426,1.62,66.0,-1.35,5.11
AMZN,2003-07-02,1.8799999952316284,1.8945000171661377,1.85699999332428,1.892500042915344,121722000.0,37.515778160351594,45.876190161400494,44.43201376659499,44.372403682624686,51.19806635352291,1.57,49.0,-1.33,5.27
AMZN,2003-07-03,1.8509999513626096,1.9079999923706048,1.8509999513626096,1.8960000276565552,76920000.0,37.52875232419256,45.74735990584594,44.41985480039127,44.32469790270254,50.80193296057966,1.52,48.0,-1.32,5.27
AMZN,2003-07-07,1.914999961853028,1.955000042915344,1.8975000381469729,1.9524999856948853,133946000.0,36.91925321448415,44.0868651568136,44.216244144890894,44.33059562667495,50.493184470830585,1.47,41.0,-1.3,5.32
AMZN,2003-07-08,1.937999963760376,2.0415000915527344,1.9375,2.025500059127808,242908000.0,37.73288829865882,44.36651322259991,44.44934729136457,44.2016286385889,50.55339363139586,1.42,54.0,-1.23,5.14
AMZN,2003-07-09,2.0269999504089355,2.0364999771118164,1.993499994277954,2.025000095367432,156644000.0,33.83598732551662,44.38637208581876,43.46480444534672,44.18323671868649,50.40103957695033,1.4,17.0,-1.19,5.61
AMZN,2003-07-10,1.955999970436096,1.975000023841858,1.909999966621399,1.912500023841858,176512000.0,38.33024844581273,45.77891966667029,44.6314233272318,44.76640678200955,50.56282034643388,1.37,64.0,-1.22,5.09
AMZN,2003-07-11,1.914999961853028,1.914999961853028,1.8550000190734863,1.882500052452088,231198000.0,38.379067098512145,46.01243783447833,43.795950653747816,44.82558209461133,50.47816119339961,1.32,21.0,-1.23,5.63
AMZN,2003-07-14,1.924999952316284,1.9804999828338623,1.9119999408721924,1.963500022888184,173806000.0,40.067170014915504,45.91639260992918,44.10791978096945,45.020319832702356,50.612718132975,1.27,35.0,-1.23,5.36
AMZN,2003-07-15,1.9804999828338623,1.9804999828338623,1.88100004196167,1.9214999675750728,117030000.0,40.41670706534041,46.1748661916598,44.32675973673346,45.12029440532291,50.59286476419294,1.25,46.0,-1.25,5.24
AMZN,2003-07-16,1.9259999990463257,1.9259999990463257,1.866000056266785,1.883999943733216,112512000.0,40.88636633612242,46.4963267151018,44.45696972058293,45.042952110038335,50.61262902396388,1.24,60.0,-1.26,5.2
AMZN,2003-07-17,1.857499957084656,1.8650000095367432,1.8020000457763672,1.815999984741211,152840000.0,42.40852610475575,47.31824026312536,44.952582371745265,45.03375547023844,50.75873490792488,1.23,81.0,-1.27,4.93
AMZN,2003-07-18,1.815999984741211,1.8424999713897705,1.7395000457763672,1.7489999532699585,268058000.0,43.83358585253853,48.093746725663436,45.46095557284844,45.29502108187298,50.75150224708359,1.24,82.0,-1.27,4.68
AMZN,2003-07-21,1.7354999780654907,1.7999999523162842,1.7300000190734863,1.7664999961853027,196514000.0,39.695480893545245,47.962255464375986,45.39824012974762,45.21476373773822,50.71582264410236,1.24,81.0,-1.27,4.7
AMZN,2003-07-22,1.784999966621399,1.7999999523162842,1.7000000476837158,1.743499994277954,317936000.0,39.85441286581092,38.6984610081067,45.479142717508886,45.237286011263784,50.731719461349634,1.25,82.0,-1.28,4.66
AMZN,2003-07-23,1.887500047683716,2.012500047683716,1.8674999475479128,2.005500078201294,643562000.0,56.62453151940539,47.802031771487144,50.25538040199411,47.99305010301116,52.11088944167012,1.37,100.0,-1.27,5.33
AMZN,2003-07-24,2.052500009536743,2.1549999713897705,2.0290000438690186,2.065500020980835,476560000.0,56.96243163450475,47.977073900611124,50.333166837317556,47.60839903654768,52.05086264973979,1.49,100.0,-1.24,5.22
AMZN,2003-07-25,2.0369999408721924,2.0824999809265137,1.987499952316284,2.0799999237060547,212952000.0,56.88683817115305,47.90189554360505,50.279694418883416,47.60083075235169,50.502984641588476,1.59,99.0,-1.21,5.27
AMZN,2003-07-28,2.07450008392334,2.108999967575073,2.0434999465942383,2.1040000915527344,149064000.0,55.8442023380894,47.889797234729734,50.28648967353481,47.49050242632116,50.41861123603718,1.69,99.0,-1.17,5.26
AMZN,2003-07-29,2.0994999408721924,2.125,2.052999973297119,2.069499969482422,156510000.0,54.786913789602146,47.9302071939949,50.4080461237863,47.51810926097121,49.49064960382307,1.77,100.0,-1.16,5.23
AMZN,2003-07-30,2.057499885559082,2.063499927520752,2.0225000381469727,2.032999992370605,143326000.0,55.16380761193561,48.100142316134686,50.53880671926178,47.551704817368496,49.47007901718454,1.86,100.0,-1.17,5.2
AMZN,2003-07-31,2.067500114440918,2.0985000133514404,2.033499956130981,2.0820000171661377,179414000.0,55.43932363211786,47.9744109763068,50.596007639289176,47.46889863829319,49.440816639252496,1.93,100.0,-1.16,5.11
AMZN,2003-08-01,2.070499897003174,2.0815000534057617,1.9889999628067017,2.001499891281128,176104000.0,56.775164009702586,48.78512948652167,51.08247536863099,47.534793195159686,49.57297488518233,2.01,100.0,-1.19,4.9
AMZN,2003-08-04,1.9850000143051147,2.01449990272522,1.9474999904632568,1.982499957084656,141088000.0,56.69276610416527,48.800944372713296,51.04205721197531,47.4645109590954,49.518051413148584,2.08,99.0,-1.21,4.98
AMZN,2003-08-05,1.962000012397766,1.9924999475479128,1.93149995803833,1.933500051498413,136324000.0,57.20431728157004,49.10108381468911,50.87802483996359,47.404271806085916,49.00234032208447,2.14,98.0,-1.21,5.18
AMZN,2003-08-06,1.930999994277954,1.997499942779541,1.914000034332276,1.9470000267028809,183852000.0,57.16714487725502,48.930883591231485,50.86635927795141,47.1330176515559,48.61836492707728,2.19,97.0,-1.21,5.2
AMZN,2003-08-07,1.950000047683716,1.9670000076293943,1.9294999837875368,1.950500011444092,127910000.0,57.15938825566972,48.376817164021766,49.710467189892604,47.12731915502313,48.597528753364436,2.23,89.0,-1.21,5.89
AMZN,2003-08-08,1.9565000534057613,1.9700000286102293,1.93149995803833,1.9574999809265137,96218000.0,56.26384604831338,48.29514443936574,49.704575541987396,46.67421078577987,48.56528546541199,2.27,88.0,-1.2,5.9
AMZN,2003-08-11,1.9494999647140503,1.9520000219345093,1.9175000190734863,1.946499943733216,104782000.0,56.16584413657222,48.32617645106312,49.68537508855274,45.94685860257869,48.52708154462702,2.3,87.0,-1.18,5.91
AMZN,2003-08-12,1.9474999904632568,1.9980000257492063,1.9155000448226929,1.9924999475479128,122570000.0,56.4910169024772,48.46647601998063,49.55386036176471,45.957375747046655,48.55563095452105,2.33,86.0,-1.17,6.02
AMZN,2003-08-13,2.012500047683716,2.0234999656677246,1.9854999780654907,2.010499954223633,143090000.0,56.131089093891184,47.37839489139126,49.513228303253925,45.88893798674144,48.38009608065304,2.36,85.0,-1.16,6.06
AMZN,2003-08-14,1.996000051498413,2.0185000896453857,1.982499957084656,2.015000104904175,97006000.0,55.98648779301796,47.36019561026257,48.35456983877321,45.87933819697182,48.377188913703776,2.38,84.0,-1.13,6.59
AMZN,2003-08-15,2.0114998817443848,2.0190000534057617,1.9984999895095823,2.005000114440918,49730000.0,56.02397005333435,47.387264840059736,48.25941165439694,45.659891366451376,48.16888088903936,2.39,83.0,-1.11,6.73
AMZN,2003-08-18,2.0239999294281006,2.1619999408721924,2.0190000534057617,2.151000022888184,223484000.0,58.94885798562372,48.80205040149879,49.20616386493905,46.25129904322415,48.600401338946845,2.41,84.0,-1.06,6.13
AMZN,2003-08-19,2.172499895095825,2.2095000743865967,2.1459999084472656,2.178499937057495,209786000.0,58.16964196282215,48.75549845583077,49.21950427240513,46.08706389649563,48.478913068328275,2.44,84.0,-1.01,6.1
AMZN,2003-08-20,2.1530001163482666,2.197000026702881,2.150500059127808,2.187999963760376,134494000.0,58.16653891279601,47.21770171580284,49.04294949948426,45.96174395696939,48.40643344616319,2.46,82.0,-0.95,6.17
AMZN,2003-08-21,2.2109999656677246,2.2955000400543213,2.19350004196167,2.2850000858306885,231850000.0,56.46760975632294,47.901859221612035,48.812150027970354,46.15027275812722,48.37923827815428,2.47,81.0,-0.85,6.13
AMZN,2003-08-22,2.318000078201294,2.3475000858306885,2.240499973297119,2.260999917984009,209466000.0,56.31219440287557,47.89488594897025,48.72199811951487,46.12884305279301,48.3674672968254,2.49,80.0,-0.78,6.18
AMZN,2003-08-25,2.242500066757202,2.308000087738037,2.2265000343322754,2.2925000190734863,142070000.0,55.32798646774749,47.92425740826178,48.55255283721889,45.911093009678,48.206085519443874,2.5,79.0,-0.7,6.34
AMZN,2003-08-26,2.282500028610229,2.306999921798706,2.255500078201294,2.296499967575073,130848000.0,54.75648436347116,47.78305704017383,48.55043939768272,45.91078710680652,48.16360027407576,2.51,78.0,-0.64,6.36
AMZN,2003-08-27,2.2885000705718994,2.303499937057495,2.263000011444092,2.2939999103546143,90788000.0,54.26220316285346,47.75867146382444,48.437335581518816,45.588529722998885,48.05762483269467,2.52,77.0,-0.59,6.41
AMZN,2003-08-28,2.296999931335449,2.299999952316284,2.240499973297119,2.296999931335449,139750000.0,52.72083480010612,47.762870486602566,48.36471067457314,45.58714887426235,48.05859920772919,2.52,76.0,-0.55,6.51
AMZN,2003-08-29,2.29099988937378,2.322000026702881,2.2860000133514404,2.315999984741211,123168000.0,50.932474471513146,47.76926967783855,48.29302279672022,45.57948923571498,47.94002733924503,2.53,74.0,-0.51,6.53
AMZN,2003-09-02,2.325999975204468,2.372499942779541,2.30049991607666,2.366499900817871,189188000.0,51.05537614900538,45.7708665132528,47.314712306939235,45.62447305472517,47.937322117352956,2.53,72.0,-0.47,6.97
AMZN,2003-09-03,2.378999948501587,2.387500047683716,2.2929999828338623,2.309499979019165,213958000.0,51.59566291145173,46.178420186103466,47.4781096005947,45.73574030251161,47.945377118198884,2.53,72.0,-0.45,6.95
AMZN,2003-09-04,2.309999942779541,2.369499921798706,2.302000045776367,2.364500045776367,205100000.0,34.02193384354389,46.31343970081805,47.55849155257103,45.77634247531072,47.970195326339635,2.52,72.0,-0.42,6.84
AMZN,2003-09-05,2.3475000858306885,2.374000072479248,2.305000066757202,2.325999975204468,162058000.0,33.80944983005124,46.465355386596315,47.39044998295594,45.83481615850737,47.808725070735804,2.52,70.0,-0.42,6.94
AMZN,2003-09-08,2.325000047683716,2.367500066757202,2.302999973297119,2.364000082015991,148164000.0,33.98622043741252,46.46999971027707,47.414506068584714,45.79392487984184,47.34700964728798,2.51,70.0,-0.42,6.89
AMZN,2003-09-09,2.3550000190734863,2.36899995803833,2.315000057220459,2.3340001106262207,162016000.0,34.264749097936075,46.0205581541288,47.15083306879367,45.75731449712077,46.838286643633964,2.48,67.0,-0.47,7.05
AMZN,2003-09-10,2.312999963760376,2.361500024795532,2.302999973297119,2.311000108718872,160058000.0,33.9813190175125,45.20783699096988,47.130603570713575,45.78078443600225,46.74346272020931,2.45,66.0,-0.52,7.15
AMZN,2003-09-11,2.309999942779541,2.317500114440918,2.2385001182556152,2.259500026702881,232262000.0,34.2683144980984,45.53286458109699,47.34464823282904,45.87393063353854,46.815689349565424,2.41,68.0,-0.58,7.05
AMZN,2003-09-12,2.242500066757202,2.2890000343322754,2.236500024795532,2.2839999198913574,135002000.0,33.802620848194586,45.54844005919024,47.337462070658034,45.817487610829794,46.75270468133872,2.38,67.0,-0.65,7.06
AMZN,2003-09-15,2.2679998874664307,2.2885000705718994,2.2614998817443848,2.275500059127808,88540000.0,31.398488694770904,45.48646184784134,47.32517323256601,44.85255252079685,46.74263467251426,2.33,66.0,-0.75,7.07
AMZN,2003-09-16,2.2699999809265137,2.3125,2.252500057220459,2.312000036239624,155104000.0,31.291700927332027,45.40629317786109,47.262431484566136,43.89959293557931,46.75740225353953,2.28,64.0,-0.9,7.05
AMZN,2003-09-17,2.310499906539917,2.3429999351501465,2.2769999504089355,2.308000087738037,146682000.0,30.044683720795017,45.369440585567425,41.90177486168771,43.86791911636462,46.63935187835575,2.33,1.0,-0.93,6.23
AMZN,2003-09-18,2.308000087738037,2.4119999408721924,2.296999931335449,2.3945000171661377,180770000.0,31.351735524123704,45.80767679973018,42.211170871061256,43.93832379334504,46.721719601740794,2.37,2.0,-0.95,5.93
AMZN,2003-09-19,2.3935000896453857,2.3984999656677246,2.367500066757202,2.378999948501587,124990000.0,31.56030300515215,45.85614805146962,42.203252038178476,43.812290687733174,46.610963319529574,2.41,2.0,-0.98,5.93
AMZN,2003-09-22,2.328000068664551,2.376499891281128,2.309999942779541,2.373500108718872,184800000.0,31.655750807670145,45.390639173279624,42.176301039335165,43.52786086863795,45.814340554902024,2.44,2.0,-1.03,5.95
AMZN,2003-09-23,2.370500087738037,2.5460000038146973,2.367500066757202,2.5220000743865967,405918000.0,35.10808799950706,46.7103666636828,43.0785631509325,44.0275134881926,46.153543163666,2.46,5.0,-1.01,5.29
AMZN,2003-09-24,2.5174999237060547,2.565000057220459,2.4800000190734863,2.4804999828338623,306604000.0,35.55861756116262,46.91933230011945,43.09071729291388,43.89948152070603,46.18629564841967,2.48,6.0,-1.02,5.36
AMZN,2003-09-25,2.4830000400543213,2.547499895095825,2.46399998664856,2.502500057220459,220666000.0,35.55797457703228,46.739301107171585,43.04720960633947,43.761215124703156,46.156178323690696,2.5,5.0,-1.03,5.41
AMZN,2003-09-26,2.494999885559082,2.5230000019073486,2.414999961853028,2.427999973297119,268770000.0,37.16740690369498,47.229003683094604,43.219125489099206,43.917877674965844,45.549785055767074,2.52,8.0,-1.06,5.4
AMZN,2003-09-29,2.444000005722046,2.498500108718872,2.4200000762939453,2.493000030517578,180786000.0,37.45866566916363,47.445735007539966,43.32537708267107,43.97555653026026,45.5872490669417,2.54,9.0,-1.08,5.27
AMZN,2003-09-30,2.4825000762939453,2.48799991607666,2.4175000190734863,2.421499967575073,185292000.0,33.82655849311881,47.65279924970316,43.61187127259193,44.02519855922948,45.1698675137993,2.55,14.0,-1.13,5.11
AMZN,2003-10-01,2.4184999465942383,2.46399998664856,2.375499963760376,2.4560000896453857,251276000.0,33.861585630231424,47.205320935418584,43.59641331566377,43.92446001666132,44.80856666688452,2.57,14.0,-1.16,5.13
AMZN,2003-10-02,2.447000026702881,2.509999990463257,2.434000015258789,2.504499912261963,164398000.0,34.160812955454624,47.317654026199044,43.55605797071065,43.858879895497545,44.834729586118094,2.58,14.0,-1.18,5.16
AMZN,2003-10-03,2.55649995803833,2.6610000133514404,2.551500082015991,2.6445000171661377,283512000.0,35.37753472944777,46.72444327136714,43.93908248416446,44.14518984841836,45.06965929440898,2.59,25.0,-1.1,4.94
AMZN,2003-10-06,2.6445000171661377,2.711999893188477,2.629499912261963,2.7074999809265137,155462000.0,35.46566935048135,46.65738923575834,43.969385407664,44.11126020309919,45.07862802814348,2.59,26.0,-0.98,4.86
AMZN,2003-10-07,2.700000047683716,2.8125,2.697499990463257,2.745500087738037,405998000.0,35.46763362516273,46.080648536667766,43.98663335608896,44.0575158964176,45.088031963696714,2.6,27.0,-0.86,4.83
AMZN,2003-10-08,2.7720000743865967,2.813999891281128,2.75600004196167,2.7850000858306885,271160000.0,35.52272286303474,45.76152005166328,43.99383593697361,44.0700896190886,45.07897745432935,2.61,28.0,-0.74,4.82
AMZN,2003-10-09,2.870500087738037,2.9549999237060547,2.869999885559082,2.8929998874664307,432138000.0,36.59758165254701,45.896171817147405,43.51967661570717,44.152290073303256,45.19172034445689,2.62,14.0,-0.52,4.91
AMZN,2003-10-10,2.884999990463257,2.9165000915527344,2.871999979019165,2.9030001163482666,228708000.0,36.57013420198522,44.98380154784376,43.499933909366774,44.139442395548826,44.811095579675474,2.63,14.0,-0.38,4.92
AMZN,2003-10-13,2.8970000743865967,2.934499979019165,2.871999979019165,2.914999961853028,166580000.0,36.585324599269306,43.986465602422165,43.499330594804924,44.07293519039619,44.75259667843155,2.64,14.0,-0.3,4.93
AMZN,2003-10-14,2.9049999713897705,2.999000072479248,2.890000104904175,2.995500087738037,199732000.0,36.80882407078189,44.15300318188593,43.319877331669716,44.12120367353593,44.67477272112658,2.64,9.0,-0.16,5.06
AMZN,2003-10-15,3.0195000171661377,3.0204999446868896,2.921499967575073,2.927500009536743,204578000.0,36.703004476091344,44.4073682908153,43.50305924216259,44.212323107521826,44.72253423307205,2.65,17.0,-0.17,4.96
AMZN,2003-10-16,2.907999992370605,2.995500087738037,2.9045000076293945,2.995500087738037,204222000.0,36.68216148189892,35.12835224741508,42.61649721305451,44.21281128048587,44.69541353467761,2.66,5.0,-0.16,5.5
AMZN,2003-10-17,2.9649999141693115,2.994999885559082,2.932499885559082,2.984499931335449,238658000.0,36.13050784077428,34.86574777349152,42.63329857837658,44.223669870082006,44.48733928157011,2.68,6.0,-0.19,5.5
AMZN,2003-10-20,2.977999925613404,3.01200008392334,2.946000099182129,2.9795000553131104,221722000.0,36.162627246495575,34.90187801794765,42.58639876636602,44.220325793484285,44.477272582300145,2.69,5.0,-0.25,5.57
AMZN,2003-10-21,2.986500024795532,3.057499885559082,2.950500011444092,2.9674999713897705,342298000.0,35.81962078616753,34.94250918303546,42.605484054064945,44.21732974520306,44.479972251157065,2.71,6.0,-0.32,5.58
AMZN,2003-10-22,2.802500009536743,2.807499885559082,2.686500072479248,2.701499938964844,654038000.0,46.23138496869551,40.24458710634099,45.31895654525201,45.75517262678322,45.55444137039474,2.7,58.0,-0.41,5.25
AMZN,2003-10-23,2.6489999294281006,2.7260000705718994,2.6454999446868896,2.7160000801086426,292234000.0,45.477656335334956,39.97701978196257,45.296054649013776,45.743844871800995,45.53025765855397,2.69,57.0,-0.5,5.25
AMZN,2003-10-24,2.727499961853028,2.746999979019165,2.650000095367432,2.7255001068115234,208764000.0,45.46196468252195,39.78119078785814,45.296237651564994,45.55579928761776,45.5300247326105,2.68,57.0,-0.58,5.25
AMZN,2003-10-27,2.744999885559082,2.762500047683716,2.7249999046325684,2.740999937057495,127838000.0,45.370674060565705,38.71384454583271,45.296619656692464,45.548103539751985,45.41242325205521,2.66,57.0,-0.65,5.25
AMZN,2003-10-28,2.759500026702881,2.845000028610229,2.727499961853028,2.8364999294281006,184618000.0,46.01819290209309,39.038544621498666,44.233320014002,45.48946797818663,45.31873918248349,2.67,34.0,-0.72,5.62
AMZN,2003-10-29,2.8324999809265137,2.8575000762939453,2.799999952316284,2.8345000743865967,175530000.0,46.00258821318323,38.528587536143284,44.23750430104563,45.476171927115544,45.318301874888,2.67,35.0,-0.79,5.63
AMZN,2003-10-30,2.869999885559082,2.875999927520752,2.7785000801086426,2.7915000915527344,196508000.0,45.53073795089514,38.78308384241252,44.34469641521546,45.028730621060404,45.30366486550164,2.66,38.0,-0.85,5.58
AMZN,2003-10-31,2.7950000762939453,2.80649995803833,2.719000101089477,2.7214999198913574,154534000.0,46.27299864825866,39.30596517120009,44.562212228075914,45.173910371806244,45.38856489358077,2.66,47.0,-0.9,5.48
AMZN,2003-11-03,2.740000009536743,2.8399999141693115,2.7155001163482666,2.836999893188477,182622000.0,47.44552300278303,39.98948381827244,44.91488649879724,44.83836873763627,45.50614082006387,2.65,53.0,-0.95,5.21
AMZN,2003-11-04,2.8350000381469727,2.874500036239624,2.802999973297119,2.8429999351501465,140190000.0,44.51998638333387,39.92313833739119,44.55234327240607,44.80550678714905,45.144597739683995,2.65,45.0,-1.0,5.42
AMZN,2003-11-05,2.80649995803833,2.8494999408721924,2.803999900817871,2.836999893188477,106148000.0,44.134314636852054,39.799761606363575,44.008843814462786,44.81349527055558,45.14289181032075,2.65,28.0,-1.05,5.84
AMZN,2003-11-06,2.8405001163482666,2.8434998989105225,2.737499952316284,2.749500036239624,175836000.0,45.3091150055409,40.516830426635956,44.371588627696454,44.99210897635059,45.194686464996195,2.65,37.0,-1.08,5.62
AMZN,2003-11-07,2.7804999351501465,2.7850000858306885,2.700000047683716,2.7155001163482666,170008000.0,44.456590134321836,40.674335954634685,44.44669053151084,45.036208859936366,45.19826820601284,2.65,43.0,-1.11,5.58
AMZN,2003-11-10,2.697499990463257,2.700000047683716,2.586999893188477,2.5989999771118164,182410000.0,45.979045147643774,41.84383680345228,45.043359496590526,45.406744228254894,45.423101414286414,2.65,54.0,-1.12,5.25
AMZN,2003-11-11,2.5920000076293945,2.637500047683716,2.5380001068115234,2.611500024795532,218402000.0,45.06644787187359,39.52230868108854,44.962383145870014,45.36763193612465,45.32067066237733,2.65,53.0,-1.14,5.29
AMZN,2003-11-12,2.628499984741211,2.7144999504089355,2.6054999828338623,2.7065000534057617,185186000.0,45.97546485405658,40.03641267449159,45.20953038704656,45.50853654654236,45.270092795030855,2.64,54.0,-1.16,5.1
AMZN,2003-11-13,2.70199990272522,2.756500005722046,2.678499937057495,2.740000009536743,141460000.0,45.799485683491156,40.075775154306676,45.202995054394954,45.49127081031151,45.20634686902174,2.64,53.0,-1.18,5.09
AMZN,2003-11-14,2.7214999198913574,2.739000082015991,2.6105000972747803,2.622499942779541,167306000.0,45.06247255461843,40.376586570429716,45.84117493832682,45.82777627473991,45.324000965646874,2.64,61.0,-1.19,4.77
AMZN,2003-11-17,2.595999956130981,2.609499931335449,2.4790000915527344,2.5179998874664307,259938000.0,45.9466385568163,41.24790742470576,46.07450803901213,46.10293405032038,45.337781500306306,2.63,61.0,-1.18,4.73
AMZN,2003-11-18,2.5364999771118164,2.549000024795532,2.422499895095825,2.424999952316284,252004000.0,46.775005135189666,41.94887808379374,46.4711777983428,46.37123080882345,45.51730434384434,2.63,61.0,-1.16,4.53
AMZN,2003-11-19,2.435499906539917,2.492500066757202,2.383500099182129,2.4765000343322754,281580000.0,47.04522880381947,42.150148061989846,46.558336789785564,46.40466426415955,45.218628255947266,2.63,61.0,-1.14,4.46
AMZN,2003-11-20,2.4549999237060547,2.5230000019073486,2.4170000553131104,2.442500114440918,246752000.0,45.39830104365398,42.26108793009285,46.497937831694465,46.44457121367645,44.70819809636449,2.62,60.0,-1.12,4.53
AMZN,2003-11-21,2.450000047683716,2.4600000381469727,2.388000011444092,2.428999900817871,183868000.0,45.31652333337216,42.28258487081653,46.46712028753906,46.44894328829625,44.67725080544034,2.62,58.0,-1.09,4.57
AMZN,2003-11-24,2.46399998664856,2.572499990463257,2.432499885559082,2.566499948501587,212630000.0,48.586690854925386,43.69364282524701,47.210187254135896,46.82565050787163,44.92749946463741,2.62,63.0,-1.07,4.15
AMZN,2003-11-25,2.567500114440918,2.664999961853028,2.5625,2.623500108718872,275426000.0,48.31292389570179,43.7014006708329,47.11965813180573,46.807457697021206,44.96081611040699,2.61,60.0,-1.06,4.21
AMZN,2003-11-26,2.6414999961853027,2.677000045776367,2.5934998989105225,2.6480000019073486,178154000.0,48.14139845914165,43.386208620165064,46.819832404591295,46.570098936285106,44.796362141628556,2.61,59.0,-1.04,4.41
AMZN,2003-11-28,2.6419999599456787,2.703000068664551,2.6414999961853027,2.698499917984009,79660000.0,47.96221251021497,43.29937923783503,46.88790061013924,46.593715647721865,44.751421929127,2.59,59.0,-1.04,4.34
AMZN,2003-12-01,2.720000028610229,2.737499952316284,2.6524999141693115,2.7325000762939453,230456000.0,48.18568011293315,43.17385357829594,45.91168086775567,45.90787038829861,44.63058952314473,2.59,52.0,-1.02,4.72
AMZN,2003-12-02,2.7249999046325684,2.737499952316284,2.692500114440918,2.696500062942505,124758000.0,48.276185658445456,43.20204890997571,45.88607716462418,45.949924653381935,44.56840427159429,2.58,51.0,-1.0,4.73
AMZN,2003-12-03,2.7049999237060547,2.712500095367432,2.568000078201294,2.575500011444092,231416000.0,49.830183112990476,44.21432179522945,46.13180154938746,46.301878872058786,44.79977268510936,2.57,53.0,-0.96,4.72
AMZN,2003-12-04,2.572499990463257,2.621500015258789,2.5374999046325684,2.5899999141693115,204324000.0,42.099737254426906,44.15559913495664,45.96839917279622,46.16448557127291,44.764285511071066,2.56,51.0,-0.92,4.79
AMZN,2003-12-05,2.559999942779541,2.634999990463257,2.559999942779541,2.578000068664551,150030000.0,42.059972784839374,43.88408492975556,45.84111161829645,46.145185700188144,44.60505496771651,2.56,47.0,-0.87,4.86
AMZN,2003-12-08,2.577500104904175,2.609999895095825,2.50600004196167,2.553999900817871,167528000.0,42.085931073759134,43.90983729131382,45.43862827111276,45.49443149322648,44.62252469238896,2.55,44.0,-0.84,5.07
AMZN,2003-12-09,2.558500051498413,2.5824999809265137,2.4649999141693115,2.4670000076293945,209210000.0,43.04548463792191,44.531150662443785,45.37357188849377,45.64712231959822,44.55376676027627,2.55,43.0,-0.85,5.1
AMZN,2003-12-10,2.4725000858306885,2.508500099182129,2.415499925613404,2.4600000381469727,185092000.0,41.53405440105099,44.43489141979482,45.372267581445534,45.53015210550382,44.55508806058576,2.55,43.0,-0.87,5.12
AMZN,2003-12-11,2.463000059127808,2.557499885559082,2.4595000743865967,2.539999961853028,188110000.0,42.87092995227434,44.88079376316664,45.52161826428618,45.65632980313545,44.63893837638571,2.55,46.0,-0.94,4.97
AMZN,2003-12-12,2.549499988555908,2.565500020980835,2.496000051498413,2.549499988555908,123812000.0,42.77687993874563,44.28081862557714,39.93804505816778,45.56065246524217,44.63681993986657,2.6,1.0,-0.9,1.6
AMZN,2003-12-15,2.602499961853028,2.612499952316284,2.502500057220459,2.5204999446868896,193536000.0,42.33151205027757,44.32836116855518,39.75967875321882,45.255892639173275,44.652706536028916,2.64,1.0,-0.85,1.65
AMZN,2003-12-16,2.4800000190734863,2.490000009536743,2.43149995803833,2.4749999046325684,210996000.0,40.41969655764764,44.49805704621371,39.88015991144549,45.250436876121945,44.689156021398645,2.68,2.0,-0.79,1.58
AMZN,2003-12-17,2.4735000133514404,2.4804999828338623,2.3499999046325684,2.378999948501587,277136000.0,41.60976518347007,43.45621151019979,40.38276502946597,45.40850014409539,44.88955604898854,2.7,4.0,-0.75,1.41
AMZN,2003-12-18,2.380500078201294,2.444499969482422,2.372499942779541,2.4375,215014000.0,42.51472534342143,43.63596518683417,40.44569130155716,45.469361032704434,44.89867508368679,2.71,5.0,-0.69,1.4
AMZN,2003-12-19,2.440000057220459,2.470499992370605,2.4130001068115234,2.461999893188477,160918000.0,41.97975594438508,43.64707834315779,40.34634194979594,45.41597018381632,44.85009133327291,2.72,4.0,-0.62,1.45
AMZN,2003-12-22,2.4489998817443848,2.505000114440918,2.434999942779541,2.494499921798706,155994000.0,42.16931274912656,43.27898211999619,40.234073748864766,45.37350912587331,44.85424841970552,2.73,4.0,-0.55,1.49
AMZN,2003-12-23,2.500999927520752,2.63100004196167,2.4885001182556152,2.624000072479248,220080000.0,43.06233302272321,44.17374481168189,40.42343900637752,45.680746490914956,45.09095325338784,2.72,7.0,-0.49,1.51
AMZN,2003-12-24,2.615000009536743,2.694000005722046,2.6075000762939453,2.66599988937378,113196000.0,43.281692981355455,43.83151707408969,40.42880726373838,45.1329824716557,45.06448432325869,2.71,8.0,-0.43,1.52
AMZN,2003-12-26,2.7070000171661377,2.746999979019165,2.657000064849853,2.673500061035156,141568000.0,41.99816688922361,43.754452013527626,40.178988681799446,45.07136256246717,44.37031632730953,2.7,4.0,-0.41,1.63
AMZN,2003-12-29,2.689500093460083,2.691999912261963,2.6064999103546143,2.673500061035156,161138000.0,41.82563080085309,43.591390280790456,40.17778455316585,45.07380419012655,43.6861411732348,2.68,4.0,-0.39,1.63
AMZN,2003-12-30,2.6589999198913574,2.674999952316284,2.630000114440918,2.6414999961853027,103048000.0,39.958071995524755,42.226413568046084,40.24982288040483,44.95778861558739,43.685077536878744,2.69,7.0,-0.37,1.59
AMZN,2003-12-31,2.6410000324249268,2.674000024795532,2.619999885559082,2.63100004196167,106144000.0,38.064579274819835,41.94625502843763,40.26510639356254,44.96794438460676,43.63209916011211,2.69,8.0,-0.37,1.58
AMZN,2004-01-02,2.638000011444092,2.656500101089477,2.571500062942505,2.595000028610229,132798000.0,36.53248441257319,41.923991822484,40.33002643653091,44.832271847064376,43.55484401562171,2.68,9.0,-0.42,1.55
AMZN,2004-01-05,2.5999999046325684,2.680000066757202,2.56850004196167,2.6635000705718994,225682000.0,36.78565118499128,42.175185317003155,40.367150778123104,44.84119671481045,43.39264335136534,2.68,11.0,-0.45,1.53
AMZN,2004-01-06,2.6554999351501465,2.674999952316284,2.63700008392334,2.65149998664856,119710000.0,36.52633272902463,41.398055598876844,40.372228143957294,44.8470129962261,43.397701998920645,2.67,12.0,-0.5,1.53
AMZN,2004-01-07,2.608999967575073,2.632999897003174,2.546999931335449,2.595000028610229,184854000.0,37.13064131681895,41.587976091346384,40.55618710425537,44.93691419546272,43.31556780518109,2.67,17.0,-0.58,1.44
AMZN,2004-01-08,2.6045000553131104,2.6050000190734863,2.501499891281128,2.51200008392334,206406000.0,34.90508075456605,42.037633822193285,40.91974272807233,45.12878615529552,43.37225581168405,2.67,18.0,-0.74,1.31
AMZN,2004-01-09,2.4885001182556152,2.6075000762939453,2.4549999237060547,2.5794999599456787,255584000.0,35.18578607229968,42.01599436360764,39.63710789070597,45.1679083335412,43.4011294595763,2.67,1.0,-0.74,1.31
AMZN,2004-01-12,2.5804998874664307,2.65149998664856,2.539999961853028,2.6475000381469727,189018000.0,35.91926483997302,42.195500027427165,39.78630128984099,42.13631702583289,43.448806847796384,2.67,3.0,-0.74,1.27
AMZN,2004-01-13,2.633500099182129,2.749500036239624,2.620500087738037,2.745500087738037,290446000.0,37.05563550546253,42.6163813736947,40.1579396990686,42.31653775883116,43.471369810274794,2.66,6.0,-0.77,1.17
AMZN,2004-01-14,2.7309999465942383,2.799499988555908,2.7074999809265137,2.789999961853028,222682000.0,37.1694552906841,42.764388795376874,39.677553827828845,42.32169161853693,43.4008765394633,2.66,2.0,-0.78,1.28
AMZN,2004-01-15,2.736500024795532,2.83899998664856,2.7309999465942383,2.809000015258789,244346000.0,36.96895886520918,42.79487551684233,39.63335720051433,42.30444095445268,43.33254647716857,2.65,1.0,-0.8,1.31
AMZN,2004-01-16,2.813499927520752,2.81850004196167,2.763499975204468,2.7860000133514404,182284000.0,34.2983519441049,42.81622612715907,39.62277171111462,42.324368823290186,43.276400586958324,2.65,1.0,-0.8,1.3
AMZN,2004-01-20,2.7785000801086426,2.8420000076293945,2.7704999446868896,2.8304998874664307,154968000.0,34.5036004327526,38.321533972257164,39.68410442905271,42.262183592054164,43.235494759527384,2.64,5.0,-0.82,1.28
AMZN,2004-01-21,2.808000087738037,2.8469998836517334,2.782000064849853,2.809999942779541,135672000.0,34.56220585688264,38.34446000476155,39.708826195485265,42.247745114723465,43.208248037393076,2.63,6.0,-0.82,1.27
AMZN,2004-01-22,2.8405001163482666,2.8910000324249268,2.812000036239624,2.858999967575073,213444000.0,34.605765814730134,38.493347252441524,39.78239596401753,42.15996429077285,43.22899837960668,2.62,8.0,-0.84,1.25
AMZN,2004-01-23,2.8550000190734863,2.880500078201294,2.8310000896453857,2.8554999828338623,120780000.0,32.68371222457891,38.48199515533613,39.77413065160654,42.14920567387069,43.15949531295867,2.61,8.0,-0.85,1.24
AMZN,2004-01-26,2.8399999141693115,2.859999895095825,2.815000057220459,2.8515000343322754,111320000.0,32.65682866858642,37.842069597857,39.65479184041482,42.130518383476584,43.14909734074729,2.61,4.0,-0.85,1.28
AMZN,2004-01-27,2.8364999294281006,2.88700008392334,2.782999992370605,2.7869999408721924,259282000.0,32.57589299614027,38.13365751074092,39.63020437841378,42.21634927841042,43.19050091821164,2.61,2.0,-0.84,1.29
AMZN,2004-01-28,2.681999921798706,2.7225000858306885,2.5810000896453857,2.5980000495910645,431626000.0,38.88977541471829,40.6368458599942,41.09394294323948,43.03177025714074,43.805621736723765,2.59,31.0,-0.79,1.24
AMZN,2004-01-29,2.601999998092652,2.602999925613404,2.430000066757202,2.4609999656677246,449702000.0,41.89803538014797,41.78068584073464,41.9285639792621,43.34162282325267,44.1472346413871,2.56,33.0,-0.78,1.07
AMZN,2004-01-30,2.4744999408721924,2.56850004196167,2.4649999141693115,2.5199999809265137,228090000.0,42.143722206138186,41.14636738258379,42.01639657845754,43.388275954913254,44.16881827829681,2.53,34.0,-0.74,1.05
AMZN,2004-02-02,2.532500028610229,2.532500028610229,2.3975000381469727,2.4135000705718994,231778000.0,42.455460143760725,41.99252056635331,42.537534138098756,43.72223748520063,44.412596561721955,2.5,38.0,-0.74,0.9
AMZN,2004-02-03,2.4094998836517334,2.4140000343322754,2.2260000705718994,2.246999979019165,541428000.0,46.654235793899765,44.29248138951132,44.0124387255673,44.56313293273073,45.02109531918819,2.47,61.0,-0.7,0.81
AMZN,2004-02-04,2.240499973297119,2.2955000400543213,2.2149999141693115,2.2695000171661377,432014000.0,46.653349197741264,44.00724302310125,43.896343100946254,44.20823720030068,45.019956761125606,2.44,56.0,-0.7,0.87
AMZN,2004-02-05,2.301500082015991,2.3545000553131104,2.2950000762939453,2.302000045776367,263790000.0,46.68699715056626,44.1071024657038,43.92110934213321,44.22837655382905,45.033562189124765,2.4,57.0,-0.71,0.87
AMZN,2004-02-06,2.305500030517578,2.3364999294281006,2.275500059127808,2.317500114440918,130162000.0,43.988557954048815,43.30481192195761,43.92933940317549,44.22516263088635,45.03040259208951,2.36,58.0,-0.73,0.88
AMZN,2004-02-09,2.337500095367432,2.3399999141693115,2.2850000858306885,2.2929999828338623,122922000.0,43.60950101488839,43.318135691799,43.88945334510118,44.036208529247325,44.930665035282374,2.33,56.0,-0.72,0.87
AMZN,2004-02-10,2.2925000190734863,2.3125,2.275500059127808,2.2795000076293945,98980000.0,43.54657383526705,42.59664276624332,43.89844375786141,44.02864001271706,44.936885446807125,2.33,57.0,-0.71,0.86
AMZN,2004-02-11,2.2929999828338623,2.368000030517578,2.2769999504089355,2.3570001125335693,157634000.0,44.956411890794726,43.13469272629026,43.8297138898771,43.58591617602916,44.92131351984805,2.33,54.0,-0.71,0.87
AMZN,2004-02-12,2.3464999198913574,2.4049999713897705,2.3355000019073486,2.352999925613404,135144000.0,44.89954869264937,42.266310129666344,43.81867633795029,43.58744152871599,44.90367457104426,2.33,53.0,-0.71,0.88
AMZN,2004-02-13,2.364500045776367,2.384999990463257,2.312000036239624,2.319000005722046,108634000.0,45.00658579778204,41.57416474867702,43.87739655066456,43.57695689495298,44.59721952807921,2.33,54.0,-0.71,0.85
AMZN,2004-02-17,2.306999921798706,2.322499990463257,2.240000009536743,2.27649998664856,220764000.0,45.11444218268753,41.04284547747453,42.86790048670048,43.630222241917025,44.64939683411994,2.33,39.0,-0.73,0.88
AMZN,2004-02-18,2.2679998874664307,2.2685000896453857,2.2320001125335693,2.243499994277954,159070000.0,44.263105331025756,40.87361316827885,42.85066442715946,43.634497196502366,44.26322621206793,2.33,39.0,-0.73,0.89
AMZN,2004-02-19,2.257499933242798,2.308000087738037,2.2325000762939453,2.2325000762939453,148850000.0,44.26231200690858,40.80096032371112,42.82591334529931,43.634699136144945,44.252960538330996,2.33,39.0,-0.73,0.88
AMZN,2004-02-20,2.240000009536743,2.2690000534057617,2.236500024795532,2.258500099182129,149506000.0,44.275405755622685,40.8792781630033,42.616972306088115,43.64997433927998,44.258512167394066,2.33,38.0,-0.74,0.99
AMZN,2004-02-23,2.259000062942505,2.262500047683716,2.1675000190734863,2.198499917984009,186838000.0,43.998703525444384,39.48795405551566,42.59348206556164,43.77707179285432,44.32799267452986,2.33,36.0,-0.73,0.94
AMZN,2004-02-24,2.196000099182129,2.197000026702881,2.111500024795532,2.115999937057495,221906000.0,44.04253917535134,39.81611720614141,42.7700898571037,43.36135590553379,44.516748268332435,2.33,41.0,-0.63,0.89
AMZN,2004-02-25,2.125,2.164499998092652,2.125,2.1470000743865967,143056000.0,43.4251460271016,39.90306415857707,42.77379911859308,43.37791461956756,44.53226493596244,2.33,42.0,-0.61,0.89
AMZN,2004-02-26,2.1600000858306885,2.192500114440918,2.150000095367432,2.182499885559082,119206000.0,42.05880935653683,39.84657733326399,42.737469486767786,43.39788103152614,44.53198674805131,2.33,41.0,-0.64,0.9
AMZN,2004-02-27,2.178499937057495,2.180000066757202,2.125999927520752,2.150500059127808,143272000.0,41.49299253394076,39.769280542010435,41.841030624657215,43.400280715831485,44.56507732923487,2.33,32.0,-0.68,0.96
AMZN,2004-03-01,2.151000022888184,2.174000024795532,2.128999948501587,2.1484999656677246,99190000.0,41.30289438238716,39.72678051311954,41.63958969850653,43.36642865495611,44.54057182992131,2.33,32.0,-0.72,1.01
AMZN,2004-03-02,2.1364998817443848,2.174499988555908,2.0929999351501465,2.1005001068115234,139332000.0,41.49095066720637,38.950581558401325,41.680509759405055,43.29151594439054,44.596659131311185,2.33,33.0,-0.72,0.96
AMZN,2004-03-03,2.0929999351501465,2.1689999103546143,2.0824999809265137,2.158499956130981,192032000.0,42.218603380938696,39.41362137932802,41.865010171419286,43.030451703507644,44.62737741145742,2.33,35.0,-0.76,0.91
AMZN,2004-03-04,2.1559998989105225,2.2235000133514404,2.1549999713897705,2.219500064849853,147602000.0,43.55344499851916,39.91701433676841,41.644400082111446,43.14720966515625,44.69691520183032,2.34,33.0,-0.79,0.95
AMZN,2004-03-05,2.189500093460083,2.241499900817871,2.176500082015991,2.2044999599456787,128530000.0,42.89940079581978,39.901618911751804,41.6379201625511,43.15739087244698,44.69724608771514,2.34,32.0,-0.82,0.94
AMZN,2004-03-08,2.197999954223633,2.253000020980835,2.156500101089477,2.174999952316284,132170000.0,42.8616438939748,39.404395108115395,41.657635028311326,43.17265211790427,44.715676478764784,2.34,35.0,-0.85,0.91
AMZN,2004-03-09,2.1710000038146973,2.194499969482422,2.1135001182556152,2.135499954223633,131862000.0,42.87909889505299,39.54441293902869,41.445110562050225,43.201596836432124,44.75973662563237,2.35,32.0,-0.88,0.93
AMZN,2004-03-10,2.135999917984009,2.1600000858306885,2.072999954223633,2.077500104904175,138654000.0,43.025025546233984,39.21589020001953,41.50641263802943,43.30060066371227,44.855143469566194,2.35,33.0,-0.88,0.91
AMZN,2004-03-11,2.054500102996826,2.118499994277954,2.052000045776367,2.063999891281128,140852000.0,39.02559587974116,39.19307825357381,41.292538141777044,43.30373202604763,44.805585584741245,2.36,32.0,-0.91,0.95
AMZN,2004-03-12,2.067500114440918,2.130500078201294,2.065000057220459,2.121999979019165,124476000.0,37.74173620469485,39.673617110965516,41.5930351595715,43.419929088318185,44.67912672626473,2.36,35.0,-0.97,0.89
AMZN,2004-03-15,2.11299991607666,2.140000104904175,2.0460000038146973,2.053999900817871,132244000.0,37.554929170852056,40.0183347502376,41.84858545596695,43.38962968457466,44.80347293205884,2.36,42.0,-1.01,0.78
AMZN,2004-03-16,2.064500093460083,2.118000030517578,2.062999963760376,2.1064999103546143,124364000.0,37.02949222219401,39.699397183462565,42.10022877337977,43.462790487385895,44.31430532993132,2.36,46.0,-1.08,0.73
AMZN,2004-03-17,2.1519999504089355,2.172499895095825,2.129499912261963,2.140000104904175,102146000.0,31.551887934733962,39.49611459480984,39.62753499490269,43.49875559046467,44.331082819190975,2.37,2.0,-1.12,0.04
AMZN,2004-03-18,2.126499891281128,2.1600000858306885,2.1105000972747803,2.150500059127808,114486000.0,31.424031117975815,39.44273413869285,39.6253386862001,43.404730078734694,44.31867424244997,2.38,2.0,-1.16,0.04
AMZN,2004-03-19,2.15149998664856,2.1875,2.131500005722046,2.140000104904175,115098000.0,31.063829819497684,39.315486400707364,39.616313561678254,43.372210431094096,44.20859867423539,2.39,1.0,-1.19,0.04
AMZN,2004-03-22,2.087500095367432,2.0924999713897705,2.025500059127808,2.0425000190734863,179502000.0,33.454620150026635,38.74561237865481,40.2100519309984,43.731700114409854,44.44452103567515,2.38,21.0,-1.19,-0.06
AMZN,2004-03-23,2.065999984741211,2.086999893188477,1.9924999475479128,2.0114998817443848,224514000.0,33.559562608532346,38.58279986406068,39.810829932717105,43.634613267276556,44.00616143032302,2.4,16.0,-1.18,-0.02
AMZN,2004-03-24,2.015500068664551,2.0190000534057617,1.9574999809265137,1.981500029563904,157518000.0,33.699746504378375,38.607768409369285,39.85070972687267,43.45367470618863,43.974188400646234,2.41,17.0,-1.17,-0.04
AMZN,2004-03-25,2.0,2.109999895095825,2.0,2.0994999408721924,142254000.0,36.70676736008172,40.691057916817506,40.97890582147893,43.991624319452185,44.23277154477389,2.4,37.0,-1.19,-0.01
AMZN,2004-03-26,2.1005001068115234,2.124500036239624,2.064500093460083,2.0850000381469727,114808000.0,36.71136087185815,40.66153724390322,40.824839762945466,43.46795636611777,44.24090039701664,2.4,36.0,-1.21,0.04
AMZN,2004-03-29,2.0985000133514404,2.140000104904175,2.0985000133514404,2.138000011444092,111220000.0,37.513920694710365,41.09489482086314,40.45281986921046,43.52161810052472,44.242040195648904,2.4,35.0,-1.23,0.07
AMZN,2004-03-30,2.135499954223633,2.196500062942505,2.128000020980835,2.190000057220459,109058000.0,37.98061390570639,41.41858845628349,40.67002048120259,43.33140093858868,44.06566534693563,2.39,37.0,-1.24,0.02
AMZN,2004-03-31,2.192500114440918,2.200000047683716,2.1475000381469727,2.1640000343322754,93498000.0,37.90738884300283,41.01694626678643,40.696894080286256,43.276596215026395,44.03741959912061,2.39,38.0,-1.26,0.01
AMZN,2004-04-01,2.172499895095825,2.242000102996826,2.164999961853028,2.236999988555908,130170000.0,39.169879265828314,41.69732762754455,40.83022057610343,43.37844580840435,44.04313242098857,2.39,40.0,-1.25,0.02
AMZN,2004-04-02,2.299999952316284,2.3125,2.262500047683716,2.304500102996826,162962000.0,39.97823292509481,42.0373116389228,41.10520118648891,43.27787695201791,44.122458406276586,2.38,44.0,-1.23,-0.02
AMZN,2004-04-05,2.283499956130981,2.3545000553131104,2.2795000076293945,2.3480000495910645,118782000.0,39.42446101434413,41.757946240651705,40.66725565753472,43.07734109733003,44.114290474215466,2.37,37.0,-1.22,0.07
AMZN,2004-04-06,2.315500020980835,2.3485000133514404,2.2874999046325684,2.322000026702881,118326000.0,37.75552224320464,41.40485787878031,40.687926183399895,43.09227621063758,44.087393602500896,2.36,39.0,-1.2,0.05
AMZN,2004-04-07,2.309999942779541,2.3399999141693115,2.2695000171661377,2.2925000190734863,91012000.0,37.866202768998726,41.055379671444534,40.294769675103495,43.09076558282513,44.09236188584635,2.35,27.0,-1.18,0.1
AMZN,2004-04-08,2.3919999599456787,2.407500028610229,2.3499999046325684,2.4049999713897705,177594000.0,39.938322015533835,41.586264283447896,40.999062002572515,40.20542668358223,43.931652949184524,2.33,46.0,-1.14,0.05
AMZN,2004-04-12,2.407999992370605,2.4184999465942383,2.378499984741211,2.3980000019073486,86918000.0,39.62038676147013,41.41136663189947,40.429319653877734,40.06495128004101,43.882118216485644,2.31,35.0,-1.11,0.16
AMZN,2004-04-13,2.399499893188477,2.4170000553131104,2.318000078201294,2.3289999961853027,114488000.0,40.73444126191056,41.72126089457239,40.18243021770227,40.21510108559238,43.996234303270754,2.28,23.0,-1.1,0.19
AMZN,2004-04-14,2.303999900817871,2.382999897003174,2.299000024795532,2.3394999504089355,122882000.0,40.023797061746656,41.736304137376216,39.75316236739688,40.197087210617454,43.89408229400915,2.25,12.0,-1.1,0.3
AMZN,2004-04-15,2.3489999771118164,2.380000114440918,2.299999952316284,2.3494999408721924,112070000.0,39.3932523987764,41.58118861887463,39.61260231571733,40.14766049015189,43.8943890373367,2.21,1.0,-1.1,0.34
AMZN,2004-04-16,2.352499961853028,2.3550000190734863,2.2664999961853027,2.275000095367432,167870000.0,39.92017407531907,42.000301784520424,39.87660390005377,40.27734052424182,43.90922842871861,2.17,20.0,-1.1,0.27
AMZN,2004-04-19,2.2674999237060547,2.3635001182556152,2.25600004196167,2.3554999828338623,107050000.0,41.033506262756944,42.51995023352072,40.2639348995977,40.3868701522068,43.97185901116379,2.12,30.0,-1.1,0.2
AMZN,2004-04-20,2.382999897003174,2.390500068664551,2.259000062942505,2.259999990463257,187522000.0,42.72337343475378,43.2298662817365,39.79614379624135,40.41487812318611,44.18318688078493,2.06,18.0,-1.09,0.12
AMZN,2004-04-21,2.259999990463257,2.32450008392334,2.245500087738037,2.2860000133514404,121084000.0,42.40624931323289,43.341485750639585,39.674571302079364,40.416465160671564,44.17970768234311,1.99,10.0,-1.06,0.15
AMZN,2004-04-22,2.297499895095825,2.4549999237060547,2.2945001125335693,2.443000078201294,315964000.0,45.31176284989048,45.46426734851019,41.077404602386295,41.037725095653926,44.63453304994569,1.92,55.0,-1.02,0.23
AMZN,2004-04-23,2.299999952316284,2.344500064849853,2.275500059127808,2.314500093460083,291988000.0,48.38627956293421,44.54123718290063,41.81196213909574,41.55064702752055,44.96829029461193,1.85,67.0,-0.96,0.16
AMZN,2004-04-26,2.316499948501587,2.388000011444092,2.307499885559082,2.362499952316284,146284000.0,48.12199131218542,43.41523019473109,41.89968934200816,41.615004205221474,42.7502234549912,1.79,71.0,-0.9,0.14
AMZN,2004-04-27,2.379499912261963,2.440000057220459,2.3394999504089355,2.400000095367432,179674000.0,46.99237207237121,43.25500648414068,41.94465957936305,41.65024858725751,42.77157430960329,1.74,73.0,-0.83,0.13
AMZN,2004-04-28,2.38100004196167,2.4175000190734863,2.3320000171661377,2.3485000133514404,122552000.0,47.22038384019557,42.57484178625822,41.460406091451034,41.73023143841574,42.82648828399467,1.67,60.0,-0.79,0.2
AMZN,2004-04-29,2.345000028610229,2.3540000915527344,2.275500059127808,2.309499979019165,180714000.0,47.433378563360975,40.07923811216349,41.52256520936437,41.6980992135761,42.85807533114149,1.6,62.0,-0.75,0.18
AMZN,2004-04-30,2.302999973297119,2.317500114440918,2.165499925613404,2.180000066757202,196826000.0,50.53217886899465,41.75786214387129,42.47969969881136,42.2571378936338,43.269600890908485,1.54,78.0,-0.72,0.09
AMZN,2004-05-03,2.174000024795532,2.257499933242798,2.1705000400543213,2.220499992370605,138468000.0,50.76860297925757,41.8304145800237,42.58047317149808,42.310049845061535,43.230447362115214,1.49,80.0,-0.68,0.07
AMZN,2004-05-04,2.220499992370605,2.22849988937378,2.184999942779541,2.197499990463257,145778000.0,48.85047540165808,41.849767916659665,42.27125012080955,42.32491421941604,43.21638918796349,1.44,78.0,-0.67,0.14
AMZN,2004-05-05,2.1989998817443848,2.252500057220459,2.197499990463257,2.213000059127808,97810000.0,48.57400676728025,41.83064988970076,42.29027182558786,41.51065577717232,43.123720962428656,1.38,79.0,-0.66,0.14
AMZN,2004-05-06,2.179500102996826,2.212500095367432,2.138499975204468,2.157000064849853,156368000.0,49.01466539767442,42.131917830574025,42.13275507274241,41.59526952350862,43.2025411414401,1.31,78.0,-0.63,0.15
AMZN,2004-05-07,2.1480000019073486,2.2090001106262207,2.0840001106262207,2.095000028610229,185852000.0,46.97273523225894,41.904329362997785,42.34917614438161,41.73409614541896,43.29987826969757,1.31,80.0,-0.6,0.09
AMZN,2004-05-10,2.061500072479248,2.1075000762939453,2.0285000801086426,2.062999963760376,204180000.0,47.14381824078189,41.99450234823505,42.376327865240775,41.44768141369434,43.30428821014103,1.31,80.0,-0.58,0.08
AMZN,2004-05-11,2.095999956130981,2.1519999504089355,2.095000028610229,2.134999990463257,151912000.0,47.64840926079933,42.57001342941803,42.68390645454725,41.634945175812874,43.373104988451345,1.31,85.0,-0.56,0.04
AMZN,2004-05-12,2.117000102996826,2.157500028610229,2.0625,2.151000022888184,149724000.0,47.16041378055421,42.45644522441197,42.266691428385364,41.611274468327785,43.214245650461336,1.31,75.0,-0.57,0.13
AMZN,2004-05-13,2.122999906539917,2.2065000534057617,2.112499952316284,2.180500030517578,165224000.0,47.20805791260266,42.462679282093205,42.13784664297077,41.643424587540125,43.21630477122705,1.31,74.0,-0.55,0.16
AMZN,2004-05-14,2.184999942779541,2.196000099182129,2.138000011444092,2.1524999141693115,102532000.0,46.296200988279985,42.530122679368034,42.1410706144551,41.67016665114287,43.23922846282927,1.31,74.0,-0.53,0.15
AMZN,2004-05-17,2.111999988555908,2.129499912261963,2.0850000381469727,2.1040000915527344,132514000.0,45.73805361614307,42.69240624925812,42.21289520303101,41.754102550738246,43.289008103547296,1.31,74.0,-0.5,0.12
AMZN,2004-05-18,2.109999895095825,2.119999885559082,2.0915000438690186,2.0994999408721924,112040000.0,45.273973440821116,42.35486755311367,41.37102782222462,41.74162644707541,43.031324473776586,1.3,51.0,-0.41,0.2
AMZN,2004-05-19,2.11899995803833,2.1635000705718994,2.073499917984009,2.0845000743865967,147588000.0,45.232176425547024,41.65331819102121,41.27590338295148,41.66570457403724,43.03778463140333,1.3,49.0,-0.31,0.22
AMZN,2004-05-20,2.0824999809265137,2.0985000133514404,2.039999961853028,2.049000024795532,118526000.0,45.32750225791533,41.67940459944424,41.3328510681929,41.61676538241048,43.0700618928557,1.3,50.0,-0.2,0.2
AMZN,2004-05-21,2.063499927520752,2.0739998817443848,2.0274999141693115,2.058500051498413,105458000.0,42.70159824561291,41.5417610878873,41.34695002827196,41.52199634116806,42.905940156463245,1.29,50.0,-0.08,0.2
AMZN,2004-05-24,2.064500093460083,2.115000009536743,2.058500051498413,2.0815000534057617,101478000.0,42.959137397102204,41.513265612478136,41.37592001329243,41.503706347175836,42.90767829189162,1.29,51.0,0.05,0.2
AMZN,2004-05-25,2.087500095367432,2.193000078201294,2.069499969482422,2.180999994277954,144440000.0,44.79321294377779,42.62674608688174,42.10174655618451,41.833164324061336,42.70047725955043,1.28,70.0,0.2,0.11
AMZN,2004-05-26,2.193000078201294,2.25,2.183500051498413,2.234499931335449,147952000.0,45.410186261866606,42.635158407371385,42.260342237732004,41.90876429001204,42.76417932733044,1.28,74.0,0.34,0.08
AMZN,2004-05-27,2.263499975204468,2.3914999961853027,2.242500066757202,2.38100004196167,283504000.0,49.15812466632479,44.20611910851585,43.28741961585217,42.565421313767466,43.179386583226915,1.29,91.0,0.5,0.12
AMZN,2004-05-28,2.3635001182556152,2.434000015258789,2.344000101089477,2.424999952316284,212582000.0,48.416298198973806,44.006812612477,43.39339367163362,42.53309026296674,43.20541838143367,1.3,91.0,0.65,0.1
AMZN,2004-06-01,2.3935000896453857,2.5225000381469727,2.384999990463257,2.5114998817443848,258806000.0,48.432515485191836,44.50375117857996,43.63717889827121,42.713063151289276,43.3114107454389,1.32,91.0,0.71,0.07
AMZN,2004-06-02,2.524499893188477,2.560499906539917,2.4885001182556152,2.5174999237060547,249470000.0,46.642669931536076,44.38414469472749,43.33267860472228,42.710613161525075,43.30704341773794,1.33,89.0,0.7,0.14
AMZN,2004-06-03,2.492500066757202,2.5174999237060547,2.4660000801086426,2.470000028610229,166828000.0,47.03256543346125,44.39878135859358,43.227093321785176,42.73402186489871,43.35418578448485,1.32,87.0,0.78,0.15
AMZN,2004-06-04,2.502500057220459,2.575500011444092,2.5,2.547499895095825,251712000.0,43.8621336288444,44.329431318084815,43.30986449586436,42.885555113052035,43.45434293458902,1.32,88.0,0.85,0.14
AMZN,2004-06-07,2.5845000743865967,2.5994999408721924,2.532500028610229,2.588000059127808,153760000.0,40.75231862229493,44.35180328261276,42.98763951838333,42.70720416484531,42.99265538098636,1.32,85.0,0.92,0.2
AMZN,2004-06-08,2.565000057220459,2.6059999465942383,2.555000066757202,2.5969998836517334,119894000.0,40.439810649184246,44.07021099421684,42.909718682059115,42.700729347530896,42.9853194525389,1.31,84.0,0.98,0.22
AMZN,2004-06-09,2.5810000896453857,2.5915000438690186,2.500499963760376,2.51200008392334,131588000.0,41.59293184359077,44.09508890166972,43.20172540648283,42.886090272804324,43.11601920950539,1.31,85.0,1.07,0.15
AMZN,2004-06-10,2.5199999809265137,2.5234999656677246,2.463000059127808,2.496999979019165,144180000.0,41.077213504325215,43.897119394964406,43.193833821818146,42.28613813654136,43.0949804132975,1.3,84.0,1.19,0.15
AMZN,2004-06-14,2.4670000076293945,2.499500036239624,2.45199990272522,2.462500095367432,103618000.0,40.97268254623779,43.94488562056684,43.15504533450375,42.27257352569597,43.09825495231735,1.29,83.0,1.26,0.15
AMZN,2004-06-15,2.4855000972747803,2.5299999713897705,2.4744999408721924,2.505500078201294,138250000.0,37.03051326853527,44.04927160395013,43.24615844587062,42.309523173244976,43.00603815490385,1.28,86.0,1.28,0.13
AMZN,2004-06-16,2.504499912261963,2.5374999046325684,2.495500087738037,2.5285000801086426,81952000.0,36.82791617137304,44.04190038748232,43.177027739450764,42.16970262038103,42.74945248623284,1.27,82.0,1.04,0.15
AMZN,2004-06-17,2.525500059127808,2.5455000400543213,2.470499992370605,2.4885001182556152,117510000.0,37.05464086908415,43.008317324297934,43.240192532761725,42.097101568184904,42.78429540053864,1.26,85.0,0.62,0.13
AMZN,2004-06-18,2.4719998836517334,2.513999938964844,2.470000028610229,2.4800000190734863,88334000.0,37.10772384866636,42.85774356160905,43.24141236084383,41.95670605973289,42.78678492492412,1.25,85.0,-0.14,0.13
AMZN,2004-06-21,2.4725000858306885,2.515000104904175,2.462500095367432,2.4885001182556152,89806000.0,36.0457938734919,42.68372595835594,43.11016123126989,41.92545197143179,42.77278170077579,1.24,78.0,-0.83,0.17
AMZN,2004-06-22,2.4835000038146973,2.489500045776367,2.4119999408721924,2.450000047683716,162410000.0,35.13883226806869,41.34428003710517,41.73175461736046,41.90176962649757,42.78214863000324,1.23,43.0,-0.88,0.12
AMZN,2004-06-23,2.438499927520752,2.549999952316284,2.4175000190734863,2.540499925613404,151894000.0,35.69171128270482,41.86489909620212,41.24249892144283,41.6238098019288,42.90216239550536,1.24,27.0,-0.87,0.11
AMZN,2004-06-24,2.549999952316284,2.5969998836517334,2.5344998836517334,2.5510001182556152,135202000.0,34.740101360108426,41.618161556719144,41.076868561627315,41.53102528275966,42.89806060901521,1.24,25.0,-0.86,0.16
AMZN,2004-06-25,2.552500009536743,2.5964999198913574,2.5434999465942383,2.5899999141693115,139962000.0,34.84128381814085,41.46577063349021,40.55214592494843,41.537254200301206,42.91962668885352,1.24,17.0,-0.84,0.24
AMZN,2004-06-28,2.61899995803833,2.70199990272522,2.609999895095825,2.6695001125335693,230078000.0,35.476020099944336,41.725520856937486,39.13298572551018,41.65890862931605,42.86965261086067,1.26,1.0,-0.75,-0.04
AMZN,2004-06-29,2.6610000133514404,2.697000026702881,2.632499933242798,2.685499906539917,171788000.0,34.984961195139235,41.26903680222953,39.11672689745839,41.416134266281595,42.852111830987035,1.27,1.0,-0.68,-0.03
AMZN,2004-06-30,2.680500030517578,2.734999895095825,2.6710000038146973,2.720000028610229,137982000.0,33.819310637642715,40.94574864187045,39.10554698369534,41.443023165122106,42.866643707283124,1.28,1.0,-0.58,-0.03
AMZN,2004-07-01,2.690000057220459,2.70199990272522,2.602499961853028,2.628000020980835,144238000.0,35.933492746333535,41.505587957702566,39.51325359800008,41.63465022707956,42.95110688447092,1.28,4.0,-0.65,-0.09
AMZN,2004-07-02,2.63100004196167,2.6619999408721924,2.5915000438690186,2.629499912261963,97248000.0,35.72862908349527,41.418074171442676,39.46747404218363,41.50317208513562,42.92610667004911,1.28,4.0,-0.72,-0.08
AMZN,2004-07-06,2.627500057220459,2.630000114440918,2.524499893188477,2.562000036239624,123138000.0,36.34990249159225,41.70822363761793,39.69013562695318,41.527682100451344,43.01284896163155,1.27,11.0,-0.8,-0.13
AMZN,2004-07-07,2.539499998092652,2.6015000343322754,2.51200008392334,2.549999952316284,130312000.0,36.5127959704386,40.60596537652196,39.36130769462839,41.434271846285874,42.92365714903372,1.28,4.0,-0.86,-0.05
AMZN,2004-07-08,2.42549991607666,2.498500108718872,2.423500061035156,2.4749999046325684,200678000.0,38.02432798373548,41.0886248526334,39.65917936628402,41.57453567884637,42.884732782401194,1.27,11.0,-0.9,-0.1
AMZN,2004-07-09,2.493499994277954,2.5,2.3910000324249268,2.41599988937378,160670000.0,36.92528878726577,40.944890075883556,39.78063044267653,41.66414309569988,42.95698680143145,1.26,15.0,-0.93,-0.13
AMZN,2004-07-12,2.4110000133514404,2.4674999713897705,2.40149998664856,2.452500104904175,141338000.0,36.56790482859257,41.043838774046364,39.730702457431065,41.70650600700988,42.58563885786236,1.26,14.0,-0.97,-0.13
AMZN,2004-07-13,2.4554998874664307,2.499000072479248,2.44350004196167,2.4800000190734863,98176000.0,31.904339974571922,41.09299365698634,39.68779546768414,40.24038088974317,42.5642104245884,1.27,13.0,-1.02,-0.12
AMZN,2004-07-14,2.447499990463257,2.5199999809265137,2.444499969482422,2.4749999046325684,101312000.0,31.507236022667918,40.51526945538995,39.67946471700896,40.23480193274118,42.36539403839574,1.27,13.0,-1.06,-0.12
AMZN,2004-07-15,2.4755001068115234,2.4835000038146973,2.4059998989105225,2.433500051498413,104882000.0,30.151819452498994,40.07933903444858,39.74436683576849,40.27858107840313,42.342834615292254,1.28,17.0,-1.09,-0.13
AMZN,2004-07-16,2.44950008392334,2.453000068664551,2.33899998664856,2.3550000190734863,185738000.0,31.49687485691987,39.732353666168095,39.85903268109162,40.45059231810429,42.4269926103929,1.28,23.0,-1.09,-0.14
AMZN,2004-07-19,2.36299991607666,2.36299991607666,2.257499933242798,2.3010001182556152,196942000.0,31.71165909041826,39.96537006628301,39.55524745732728,40.31985968912865,42.32772292829666,1.29,7.0,-1.07,-0.11
AMZN,2004-07-20,2.306999921798706,2.3924999237060547,2.305999994277954,2.3494999408721924,152526000.0,30.920630586173054,37.766566708921715,39.623584616638574,40.4039436112514,42.1968928766165,1.29,10.0,-1.06,-0.13
AMZN,2004-07-21,2.365999937057495,2.380000114440918,2.2260000705718994,2.23799991607666,186730000.0,33.131386744621565,37.45476524404468,40.31453805639201,40.7603112969687,42.4800740205193,1.28,31.0,-1.05,-0.16
AMZN,2004-07-22,2.185499906539917,2.303499937057495,2.181999921798706,2.29099988937378,327820000.0,34.05693660523087,37.52857369894066,40.407849804667016,40.76194820071045,42.51577374095464,1.28,32.0,-1.04,-0.19
AMZN,2004-07-23,2.123500108718872,2.138000011444092,1.9780000448226929,1.9989999532699585,718544000.0,50.72811892387783,46.56875415680988,45.88726618329002,43.49307190597865,42.43129038633855,1.37,100.0,-1.04,3.66
AMZN,2004-07-26,2.0114998817443848,2.01200008392334,1.9164999723434448,1.9390000104904173,279448000.0,51.1545432936019,46.75336295389943,45.999793751346516,43.62099591678851,42.436482669465306,1.44,100.0,-1.0,3.6
AMZN,2004-07-27,1.9600000381469729,1.995499968528748,1.940000057220459,1.95550000667572,210698000.0,51.35712818729354,46.726793856973984,45.80469165135918,43.6390217489251,42.43927383595968,1.51,98.0,-0.99,3.68
AMZN,2004-07-28,1.9644999504089355,1.9785000085830688,1.86899995803833,1.8984999656677248,203672000.0,51.1718754870251,45.6578424526042,45.791336914785916,43.62302437981857,42.52396027723518,1.57,97.0,-0.96,3.62
AMZN,2004-07-29,1.9155000448226929,1.9479999542236328,1.901000022888184,1.9290000200271609,164000000.0,51.42150905231061,45.61277195077134,45.86738614907887,43.65713835122614,42.52430975485439,1.64,98.0,-0.97,3.61
AMZN,2004-07-30,1.924999952316284,1.9709999561309808,1.9114999771118164,1.94599997997284,120630000.0,51.63091110719008,45.63731985340872,45.85349305411608,43.3884642621734,42.497429574565885,1.69,97.0,-0.98,3.64
AMZN,2004-08-02,1.9225000143051147,1.937999963760376,1.8904999494552608,1.914999961853028,118244000.0,51.65924448371061,45.686917724808474,45.83321511082224,43.4152863217008,42.458489926725,1.75,96.0,-0.98,3.65
AMZN,2004-08-03,1.9160000085830688,1.9539999961853027,1.861500024795532,1.8804999589920044,155712000.0,51.601114117483036,45.55048898882828,45.71972933416169,43.22872314342848,42.314942345394805,1.8,93.0,-0.94,3.72
AMZN,2004-08-04,1.840999960899353,1.8730000257492063,1.820000052452088,1.8559999465942385,195312000.0,51.580009538096675,45.263825103803526,45.751981741710054,43.214755363581354,42.32433476131436,1.84,93.0,-0.9,3.7
AMZN,2004-08-05,1.870499968528748,1.8739999532699585,1.7690000534057615,1.780500054359436,168048000.0,50.53072447068463,45.90604734398364,45.96335963740584,43.18437543671469,42.45325649273014,1.89,99.0,-0.81,3.53
AMZN,2004-08-06,1.7625000476837158,1.8335000276565552,1.7424999475479126,1.774500012397766,230262000.0,50.371204662576595,45.26228704217431,45.698021046615544,42.94091709750295,42.44802943350542,1.94,90.0,-0.72,3.7
AMZN,2004-08-09,1.7669999599456787,1.815000057220459,1.7424999475479126,1.7660000324249268,183344000.0,49.7604578857483,45.20996538793586,45.49961534357519,42.73197016602792,42.449779544410525,1.97,89.0,-0.67,3.77
AMZN,2004-08-10,1.784500002861023,1.8600000143051147,1.777500033378601,1.8550000190734863,201408000.0,51.45588775627582,46.35031039301816,46.13162078584579,43.071707073294704,42.73644710609902,2.01,100.0,-0.71,3.54
AMZN,2004-08-11,1.820000052452088,1.8450000286102293,1.7799999713897705,1.8279999494552608,188962000.0,51.171604903109156,46.36805883069509,46.167830794495316,43.07516838405848,42.757473432655416,2.04,100.0,-0.74,3.5
AMZN,2004-08-12,1.8125,1.8674999475479128,1.808500051498413,1.8144999742507928,182362000.0,50.62615750722749,46.190580998981275,46.17410008511719,43.0781399464787,42.69758909567075,2.08,100.0,-0.77,3.49
AMZN,2004-08-13,1.8279999494552608,1.850000023841858,1.7934999465942385,1.80649995803833,99622000.0,50.29462108276245,46.192252642590255,45.61015576200971,42.547920199864485,42.68911975717287,2.1,86.0,-0.78,3.8
AMZN,2004-08-16,1.807000041007996,1.919999957084656,1.7990000247955322,1.8975000381469729,163286000.0,53.27333687766733,47.376000463279695,46.24699468416627,42.883227886998355,42.975254868655206,2.13,100.0,-0.79,3.59
AMZN,2004-08-17,1.928500056266785,1.972000002861023,1.8949999809265137,1.9114999771118164,223260000.0,53.327286125323646,47.29741165740634,46.205515666210154,42.876762527510394,42.97929163596087,2.16,99.0,-0.81,3.63
AMZN,2004-08-18,1.8960000276565552,1.976999998092652,1.871000051498413,1.968000054359436,190996000.0,54.49493484350811,47.69035054598642,45.504294639672175,42.96338009694861,42.49603051543859,2.18,83.0,-0.84,3.86
AMZN,2004-08-19,2.013000011444092,2.0239999294281006,1.8174999952316284,1.93149995803833,253922000.0,54.21309079841669,47.765287005326655,45.584161504719575,42.976271589884576,42.51528036752569,2.2,83.0,-0.87,3.8
AMZN,2004-08-20,1.9229999780654907,1.995499968528748,1.905500054359436,1.9754999876022337,135816000.0,54.7107646789043,46.97951385379674,45.54875690653373,43.051925764249596,42.57480335953567,2.22,82.0,-0.91,3.81
AMZN,2004-08-23,1.994500041007996,2.0,1.95550000667572,1.972499966621399,110652000.0,54.349636001379054,46.668925352894966,45.37459885256224,42.72976578076522,42.347368412766194,2.24,79.0,-0.95,3.88
AMZN,2004-08-24,1.9859999418258667,1.996500015258789,1.9160000085830688,1.9524999856948853,152808000.0,54.07269012433472,44.645621054463255,45.364739690722914,42.73373728912362,42.346514666373,2.25,78.0,-1.0,3.89
AMZN,2004-08-25,1.9529999494552608,2.024499893188477,1.9079999923706048,2.015000104904175,145096000.0,55.253641443013926,44.99909876156975,45.333475646578044,42.910850574264394,42.443692464632896,2.27,77.0,-1.03,3.9
AMZN,2004-08-26,2.009000062942505,2.0415000915527344,1.9850000143051147,2.009500026702881,139434000.0,55.18216647218933,44.29211539994154,45.06465390778918,42.90065727137326,42.44366507077855,2.28,76.0,-1.07,4.02
AMZN,2004-08-27,2.0160000324249268,2.0195000171661377,1.9800000190734863,1.995000004768372,84808000.0,54.613583697826165,44.27940351730549,44.95860657828152,42.72310752348446,42.44893845674716,2.28,75.0,-1.11,4.05
AMZN,2004-08-30,1.99399995803833,1.997499942779541,1.912500023841858,1.9155000448226929,154230000.0,55.33453808353035,44.814145100308465,45.36014110244271,42.97746662169924,42.63754884490811,2.29,77.0,-1.15,3.81
AMZN,2004-08-31,1.919000029563904,1.9424999952316284,1.89300000667572,1.906999945640564,122864000.0,54.74565039441251,44.21203553702358,45.32862027437922,42.7947683189939,42.62965950533313,2.3,75.0,-1.19,3.83
AMZN,2004-09-01,1.9114999771118164,1.950500011444092,1.901000022888184,1.9119999408721924,105050000.0,53.35356244910003,44.03208204541308,44.62814424229218,42.79301860891644,42.5720280773626,2.3,72.0,-1.22,4.12
AMZN,2004-09-02,1.9019999504089355,1.98199999332428,1.8954999446868896,1.9589999914169312,114446000.0,53.39515471405322,44.409010735857755,44.82693889354059,42.88601734398056,42.58007720046198,2.3,72.0,-1.24,4.03
AMZN,2004-09-03,1.950500011444092,2.000499963760376,1.932000041007996,1.937000036239624,104578000.0,36.261919055673296,44.031680289511534,44.64039291277068,42.85561081982234,42.523841768366935,2.3,71.0,-1.27,4.16
AMZN,2004-09-07,1.9574999809265137,1.968000054359436,1.905500054359436,1.9255000352859497,116660000.0,35.214211905338125,44.03162529737744,44.63343654958651,42.61772153899906,42.49810854270529,2.29,70.0,-1.29,4.16
AMZN,2004-09-08,1.924499988555908,1.940500020980835,1.8854999542236328,1.900500059127808,132226000.0,35.30476463741392,44.02411844175445,44.656834448219165,42.53259155947981,42.481672575121934,2.27,71.0,-1.31,4.12
AMZN,2004-09-09,1.9119999408721924,1.9155000448226929,1.868000030517578,1.903499960899353,139134000.0,34.24818479383509,43.811528558536914,44.39848767283429,42.512524991816754,42.46552921919135,2.26,67.0,-1.34,4.31
AMZN,2004-09-10,1.906499981880188,1.940000057220459,1.8949999809265137,1.928500056266785,92690000.0,34.14205952282088,43.871112019544825,44.075946516220554,42.512207642798934,42.47820344923535,2.25,66.0,-1.35,4.47
AMZN,2004-09-13,1.9565000534057613,2.002000093460083,1.940999984741211,2.000499963760376,161304000.0,35.686571351203405,44.603994896581554,44.04181871059138,42.30323618164423,42.5852248662578,2.23,65.0,-1.36,4.59
AMZN,2004-09-14,2.009999990463257,2.137500047683716,1.995000004768372,2.133500099182129,317442000.0,39.74340059518898,46.730831813176806,45.21487248145487,42.96760312210015,43.061988934305504,2.21,74.0,-1.36,4.18
AMZN,2004-09-15,2.102499961853028,2.1589999198913574,2.0934998989105225,2.1105000972747803,222716000.0,39.44965878804814,46.74492719077907,43.94124943211842,42.979849827481715,43.073590488566644,2.21,63.0,-1.34,4.59
AMZN,2004-09-16,2.119499921798706,2.21399998664856,2.117500066757202,2.128499984741211,231932000.0,39.13825874500299,46.72281483127505,43.15106754641446,42.99524801634851,43.051936531408145,2.2,49.0,-1.33,5.1
AMZN,2004-09-17,2.1424999237060547,2.1630001068115234,2.119499921798706,2.1480000019073486,157684000.0,36.626961852083454,46.09136476183632,43.04517314878923,42.993493446181944,43.06205923486349,2.2,47.0,-1.31,5.16
AMZN,2004-09-20,2.135499954223633,2.19950008392334,2.130500078201294,2.1635000705718994,184448000.0,36.51339424710434,46.11530300750405,42.9820483605727,43.00344927048076,42.907626117012015,2.2,45.0,-1.29,5.19
AMZN,2004-09-21,2.178499937057495,2.188499927520752,2.138499975204468,2.164499998092652,133910000.0,36.402182537018234,45.969482861928626,42.85475037720502,42.97728755304978,42.90334945014227,2.19,43.0,-1.27,5.32
AMZN,2004-09-22,2.157500028610229,2.1619999408721924,2.058500051498413,2.069000005722046,244336000.0,37.11305842896768,46.236605083094204,43.35709655921687,43.17105684393382,43.135729290818,2.19,60.0,-1.26,4.97
AMZN,2004-09-23,2.066499948501587,2.109999895095825,2.055500030517578,2.0915000438690186,148220000.0,36.75416419133698,46.29292312889142,42.434573320258906,43.19360412981539,42.71118930501141,2.19,39.0,-1.27,5.58
AMZN,2004-09-24,2.0905001163482666,2.095499992370605,2.0425000190734863,2.046999931335449,124114000.0,37.37250921919943,46.29034967463453,42.45696278982814,43.193388621830394,42.73231922661155,2.19,40.0,-1.27,5.51
AMZN,2004-09-27,2.0455000400543213,2.05049991607666,1.987499952316284,1.996500015258789,167948000.0,38.240892287050364,46.07202283715704,42.60352009591698,43.12599569835952,42.78983460983708,2.19,40.0,-1.27,5.37
AMZN,2004-09-28,2.007499933242798,2.0164999961853027,1.9485000371932983,1.971500039100647,238058000.0,35.93060564853713,46.08819912020044,42.62379008443792,43.01933560818801,42.70478428458414,2.19,40.0,-1.28,5.33
AMZN,2004-09-29,1.972499966621399,2.0460000038146973,1.968000054359436,2.0420000553131104,198376000.0,37.218145498894366,46.587250093931345,42.82666570814593,43.114817032394384,42.769459950018984,2.18,41.0,-1.28,5.28
AMZN,2004-09-30,2.0274999141693115,2.063999891281128,2.010499954223633,2.0429999828338623,188266000.0,36.33260331056907,46.595021409761564,42.5802932319207,42.8804668802122,42.67508751989843,2.18,37.0,-1.29,5.51
AMZN,2004-10-01,2.064500093460083,2.065000057220459,2.0195000171661377,2.0234999656677246,225378000.0,35.99133428455627,46.29322239639856,42.53771919337104,42.83867104809153,42.65833231461027,2.18,36.0,-1.29,5.55
AMZN,2004-10-04,2.068000078201294,2.0840001106262207,2.0369999408721924,2.05049991607666,175852000.0,35.62029500664582,46.21069197335753,42.23331972145844,42.863719205866374,42.632841865435964,2.18,32.0,-1.29,5.74
AMZN,2004-10-05,2.0420000553131104,2.0625,2.0285000801086426,2.0480000972747803,102680000.0,35.61838042181132,46.06424202765944,42.21462359440704,42.856838840458664,42.2712769204734,2.18,32.0,-1.29,5.74
AMZN,2004-10-06,2.0364999771118164,2.070499897003174,2.0199999809265137,2.068000078201294,102562000.0,35.529852208360694,46.0463746354832,42.18594818813345,42.827620972647615,42.21320546224328,2.18,30.0,-1.29,5.76
AMZN,2004-10-07,2.071000099182129,2.134999990463257,2.0425000190734863,2.057499885559082,187888000.0,34.447886726790834,46.04780163113491,42.14567094534194,42.82443995156057,42.18816931650738,2.18,29.0,-1.29,5.8
AMZN,2004-10-08,2.046999931335449,2.059499979019165,1.981500029563904,2.0,170924000.0,35.45444634548944,46.25366129688683,42.22975508263157,42.879460356464996,42.246973732047884,2.18,32.0,-1.3,5.73
AMZN,2004-10-11,1.9915000200271609,2.0374999046325684,1.9704999923706048,2.007499933242798,158566000.0,35.406636469702796,45.8620852578854,42.23428901691938,42.884728926090084,42.06498362016779,2.18,33.0,-1.3,5.74
AMZN,2004-10-12,1.977499961853028,2.0290000438690186,1.9735000133514404,2.010999917984009,128420000.0,33.21824459497868,45.669500323680595,42.22187643404745,42.886915599136834,42.06333191043659,2.17,30.0,-1.31,5.76
AMZN,2004-10-13,2.071000099182129,2.077500104904175,1.987499952316284,1.9989999532699585,184404000.0,33.24563488055416,45.420134466378066,42.145709154506186,42.81731949209527,42.062012206224544,2.17,27.0,-1.31,5.84
AMZN,2004-10-14,1.972499966621399,1.977499961853028,1.9364999532699585,1.955000042915344,180524000.0,33.95172035701828,44.5953938246362,42.28242429969241,42.109205592248266,42.01369253221712,2.16,34.0,-1.31,5.69
AMZN,2004-10-15,1.9644999504089355,1.9835000038146973,1.8940000534057613,1.9275000095367432,164112000.0,33.460191273249414,44.33604932192037,42.29589441153227,41.6695034612159,41.97817889998028,2.16,34.0,-1.32,5.64
AMZN,2004-10-18,1.9114999771118164,1.9735000133514404,1.8945000171661377,1.963500022888184,161864000.0,33.74141235580851,34.74709830694556,41.72352716106514,41.63011245920525,41.9542902224503,2.16,22.0,-1.32,5.97
AMZN,2004-10-19,1.986999988555908,1.9924999475479128,1.9084999561309808,1.9164999723434448,176052000.0,34.45113798254438,34.538347567931496,41.685197423157426,41.42211646738968,42.01442028663526,2.16,22.0,-1.32,5.93
AMZN,2004-10-20,1.905500054359436,1.9294999837875368,1.8895000219345093,1.9175000190734863,135970000.0,34.232986986644676,34.49152325795611,40.36188129896249,40.57156573247248,42.01503795600753,2.18,18.0,-1.3,6.6
AMZN,2004-10-21,1.965000033378601,2.009500026702881,1.924999952316284,1.9735000133514404,384342000.0,35.21562623283348,34.45123456090248,40.531055720174784,40.703310962479584,42.125160981000974,2.19,20.0,-1.26,6.48
AMZN,2004-10-22,1.8109999895095823,1.840000033378601,1.649999976158142,1.7300000190734863,670886000.0,51.97948214866387,43.696184058961954,45.03724992773083,43.51087531686822,43.113841695629354,2.2,72.0,-1.19,7.22
AMZN,2004-10-25,1.7000000476837158,1.7204999923706057,1.6859999895095823,1.6985000371932983,210636000.0,50.70560694931865,43.76936662623155,45.08607949605367,43.544757687822994,43.13978116916719,2.21,73.0,-1.12,7.12
AMZN,2004-10-26,1.7074999809265137,1.7130000591278076,1.6755000352859497,1.691499948501587,194850000.0,46.195165485264376,43.677004048747094,45.02093992384336,43.53284255208643,43.13701615756217,2.22,70.0,-1.05,7.22
AMZN,2004-10-27,1.68149995803833,1.7315000295639038,1.680999994277954,1.71150004863739,181214000.0,46.5263077844088,43.63618467002271,44.74734064514482,43.55891097860828,43.15201340222298,2.22,67.0,-0.98,7.4
AMZN,2004-10-28,1.712000012397766,1.7384999990463257,1.7070000171661377,1.722499966621399,144412000.0,46.469898790414796,43.598967307423834,44.66673904717025,43.36993378208811,43.007634439660606,2.23,66.0,-0.91,7.45
AMZN,2004-10-29,1.718000054359436,1.722499966621399,1.7000000476837158,1.7065000534057615,129832000.0,46.21885976284123,42.82066055724595,44.65794764688711,43.3792296759999,43.01372054496241,2.23,65.0,-0.84,7.43
AMZN,2004-11-01,1.7109999656677246,1.7575000524520874,1.7074999809265137,1.7549999952316284,123626000.0,47.18526934094401,43.21877454070716,44.70216084838211,43.495166162296655,43.097510534015946,2.24,66.0,-0.77,7.54
AMZN,2004-11-02,1.774500012397766,1.8244999647140503,1.756999969482422,1.812000036239624,226650000.0,48.482123423743644,43.70501254046952,45.05481453065114,43.62792040238562,43.16441703611859,2.25,71.0,-0.68,7.33
AMZN,2004-11-03,1.8589999675750728,1.88100004196167,1.777999997138977,1.7960000038146973,204164000.0,47.05254755345415,42.54363762815693,45.03141507571261,43.60852224464243,42.95202349727909,2.25,69.0,-0.6,7.36
AMZN,2004-11-04,1.784999966621399,1.8645000457763672,1.7760000228881836,1.8454999923706048,152006000.0,47.756203369109336,42.81390685483071,45.17276172793989,43.735641757646455,43.048128977599724,2.26,73.0,-0.5,7.27
AMZN,2004-11-05,1.8650000095367432,1.869500041007996,1.8009999990463257,1.8279999494552608,147982000.0,47.503890052179536,42.832074960928814,45.14166214950169,43.72108789279285,43.05520294887499,2.27,72.0,-0.38,7.25
AMZN,2004-11-08,1.837499976158142,1.878999948501587,1.8359999656677248,1.866000056266785,137730000.0,47.57134443965366,43.024701645170396,45.25223117368278,43.68845815687637,43.00996853708738,2.28,74.0,-0.26,7.24
AMZN,2004-11-09,1.8589999675750728,1.8904999494552608,1.8350000381469729,1.870000004768372,129598000.0,47.484492974932515,41.818099046879844,45.25914878198482,43.46331104998731,42.99756932525714,2.29,74.0,-0.12,7.25
AMZN,2004-11-10,1.899999976158142,1.9420000314712524,1.8914999961853027,1.9045000076293943,213104000.0,46.58929978015425,41.962622853405456,45.37266681932468,43.483991356958065,42.831471409772405,2.3,78.0,0.03,7.19
AMZN,2004-11-11,1.9045000076293943,1.950000047683716,1.8819999694824217,1.941499948501587,136700000.0,47.002849052772326,41.71703808818878,45.45710798447729,43.50098979608653,42.87622130830959,2.3,79.0,0.19,7.2
AMZN,2004-11-12,1.9524999856948853,2.046999931335449,1.950000047683716,2.0230000019073486,231920000.0,48.53587395280986,42.381243062911906,45.56826980913497,43.74755290340266,42.926154209227484,2.3,82.0,0.39,7.13
AMZN,2004-11-15,2.0230000019073486,2.075000047683716,2.009000062942505,2.0445001125335693,207324000.0,48.47835506252489,42.18956042097012,45.60280756509494,43.7665308784046,42.92105801572268,2.3,83.0,0.6,7.11
AMZN,2004-11-16,2.025000095367432,2.032999992370605,1.987499952316284,2.003499984741211,128026000.0,48.82938281570631,42.40346821324138,45.605817139891016,43.75062517098336,42.750181364014864,2.29,83.0,0.83,7.03
AMZN,2004-11-17,2.0199999809265137,2.0295000076293945,1.976999998092652,1.995000004768372,136872000.0,48.73735083398821,42.358389394038575,45.30202341137588,43.63045322768575,42.5662660188038,2.25,69.0,1.01,7.2
AMZN,2004-11-18,1.986500024795532,2.0480000972747803,1.9795000553131104,2.0185000896453857,136136000.0,48.86383994511645,41.928682777656796,45.33979667922629,43.52463396056692,42.424793651586945,2.22,71.0,1.13,7.18
AMZN,2004-11-19,1.9574999809265137,1.972000002861023,1.909500002861023,1.9275000095367432,228550000.0,49.99894317019793,42.98087000884955,45.78509197510839,43.85202628021983,42.61024993989937,2.18,87.0,1.06,6.7
AMZN,2004-11-22,1.9220000505447388,1.9264999628067017,1.878999948501587,1.902500033378601,177372000.0,50.090683297093285,43.035169494061385,45.54232831085078,43.850350078569505,42.60799427534056,2.15,77.0,1.15,6.95
AMZN,2004-11-23,1.909000039100647,1.9839999675750728,1.90149998664856,1.9155000448226929,148112000.0,50.14324955505358,42.24901992182521,45.56634783026317,43.80929116126943,42.6126529052346,2.11,78.0,1.13,6.94
AMZN,2004-11-24,1.94350004196167,1.9579999446868896,1.9049999713897705,1.9375,118818000.0,50.265228923408166,42.302786542121936,45.476112491930685,43.71452411436748,42.25878631512915,2.07,73.0,1.21,7.11
AMZN,2004-11-26,1.9474999904632568,1.9670000076293943,1.9444999694824217,1.9544999599456787,46754000.0,49.93002564288792,42.33589091923439,45.5117868091768,43.72166415095558,42.20691259634359,2.03,75.0,1.24,7.11
AMZN,2004-11-29,1.9800000190734863,1.9809999465942385,1.8854999542236328,1.9470000267028809,197482000.0,49.76504445068096,42.04863525435099,45.30301489997189,43.59624560063894,42.19465978359815,1.99,63.0,1.42,7.35
AMZN,2004-11-30,1.9485000371932983,1.9900000095367432,1.9474999904632568,1.9839999675750728,140572000.0,49.77529752489635,42.15915405371954,45.2917625470273,43.487618470013054,42.19434378763766,1.94,61.0,1.68,7.47
AMZN,2004-12-01,2.0,2.0,1.962499976158142,1.9989999532699585,155120000.0,49.26123522721818,42.162934571088314,45.23606947576525,43.392204066928564,42.18097886432902,1.9,58.0,1.86,7.5
AMZN,2004-12-02,1.98199999332428,2.0369999408721924,1.96399998664856,2.008500099182129,132018000.0,49.26984050560117,42.07377736161614,45.19990755543285,43.35429759122073,42.167881707590446,1.85,56.0,1.81,7.51
AMZN,2004-12-03,2.0179998874664307,2.0230000019073486,1.976999998092652,2.004499912261963,164954000.0,48.594019326725416,42.077763297590714,45.199908977493266,43.35022224975742,41.928057056214506,1.8,56.0,1.5,7.51
AMZN,2004-12-06,1.986500024795532,1.9989999532699585,1.9574999809265137,1.9744999408721924,121760000.0,28.71072406530754,42.1246436307739,45.18558384931703,43.3818582006351,41.94637202512362,1.74,54.0,1.14,7.53
AMZN,2004-12-07,1.972499966621399,1.987499952316284,1.902500033378601,1.909999966621399,141868000.0,30.02560424057192,41.98907252803529,45.19293299496642,43.20944853446258,42.06787022093376,1.68,54.0,1.05,7.53
AMZN,2004-12-08,1.9160000085830688,1.955000042915344,1.899500012397766,1.9359999895095823,128434000.0,30.0505911548142,39.85900413614186,45.13235380436825,43.20387163532929,42.08549116140318,1.62,50.0,1.09,7.67
AMZN,2004-12-09,1.919999957084656,1.997499942779541,1.9084999561309808,1.991000056266785,148934000.0,30.752892198975335,40.26833002914951,45.23765653765314,43.296143331607375,42.05038132448357,1.54,58.0,0.6,7.6
AMZN,2004-12-10,1.976999998092652,2.005000114440918,1.950000047683716,1.9524999856948853,110214000.0,31.560785580970354,40.39627586993212,44.70140654981276,42.80662441987569,42.09139386891248,1.49,38.0,0.62,8.12
AMZN,2004-12-13,1.9665000438690183,2.013999938964844,1.940999984741211,1.9915000200271609,121042000.0,31.605614098735984,40.57391233554571,44.653914825047785,42.865896734095394,42.01308099716471,1.43,34.0,0.15,8.15
AMZN,2004-12-14,2.007499933242798,2.0234999656677246,1.996999979019165,2.0220000743865967,105030000.0,31.011964437641144,40.67822574749167,39.13619628415021,42.7993899989018,42.041591091140575,1.52,1.0,0.14,7.05
AMZN,2004-12-15,2.0169999599456787,2.049999952316284,2.010499954223633,2.049999952316284,133484000.0,30.05633214730264,40.79143738518498,38.88522799109621,42.73432653837934,42.05377936307584,1.61,1.0,0.1,7.38
AMZN,2004-12-16,2.0429999828338623,2.049999952316284,1.9854999780654907,2.002500057220459,108298000.0,30.88865552151747,40.02236393184783,39.04955932017914,42.79979691425197,42.07872671780099,1.69,2.0,0.09,7.15
AMZN,2004-12-17,2.007999897003174,2.010999917984009,1.993499994277954,2.000499963760376,109720000.0,30.090401361345233,39.95230313068168,38.75648410614012,42.61260742745217,41.89878912928868,1.77,1.0,0.1,7.5
AMZN,2004-12-20,1.996500015258789,2.024499893188477,1.940500020980835,1.9474999904632568,144314000.0,31.103319715304544,40.08573389332427,38.918182730102515,42.571152715009276,41.904791893923736,1.84,3.0,0.1,7.25
AMZN,2004-12-21,1.9420000314712524,1.9709999561309808,1.932000041007996,1.969499945640564,104588000.0,30.737123014868267,39.840177506605045,38.93409500549464,42.53181690530897,41.90818811072825,1.91,4.0,0.1,7.23
AMZN,2004-12-22,1.930500030517578,1.9795000553131104,1.9275000095367432,1.9759999513626096,105526000.0,30.74005628874582,39.76241623624673,38.85051472570648,42.51756389725061,41.88675273407732,1.97,2.0,0.12,7.36
AMZN,2004-12-23,1.9670000076293943,1.9759999513626096,1.94599997997284,1.946499943733216,64136000.0,30.708277461850326,39.19639584618118,38.815668087995114,42.52728101124249,41.58922316137024,2.03,2.0,0.15,7.41
AMZN,2004-12-27,1.9759999513626096,2.1465001106262207,1.9735000133514404,2.112499952316284,445784000.0,38.387098664776595,42.69956646708856,40.85096925104384,43.25885362343344,42.376546516667545,2.05,11.0,0.15,6.64
AMZN,2004-12-28,2.194999933242798,2.25600004196167,2.174999952316284,2.2314999103546143,504756000.0,39.75392426982373,44.06336516501217,41.14166338597974,43.75385025647202,42.73992241820285,2.06,12.0,0.36,6.6
AMZN,2004-12-29,2.237499952316284,2.2839999198913574,2.2219998836517334,2.240999937057495,235184000.0,39.69519611286471,44.00049666776732,41.132891025390656,43.62272404699619,42.74274924190665,2.07,12.0,0.53,6.62
AMZN,2004-12-30,2.25,2.27649998664856,2.227499961853028,2.248500108718872,139318000.0,39.07505285605238,43.99846890556694,41.117242109778154,43.62117930313863,42.72944881325793,2.08,12.0,0.67,6.65
AMZN,2004-12-31,2.256500005722046,2.274499893188477,2.2079999446868896,2.2144999504089355,95814000.0,39.40120624691667,44.09787298466315,40.51994405751447,43.65396619735132,42.753103639770636,2.09,10.0,0.63,7.02
AMZN,2005-01-03,2.247499942779541,2.2720000743865967,2.2105000019073486,2.2260000705718994,208930000.0,39.328045807858345,44.086116784549404,40.43744466787436,43.493287787530285,42.73683981041857,2.1,10.0,0.62,7.13
AMZN,2005-01-04,2.133500099182129,2.1630001068115234,2.075000047683716,2.1070001125335693,388370000.0,40.3589274566593,45.17382650488923,41.41032196350828,43.774463916298195,42.996235662330164,2.09,17.0,0.65,6.37
AMZN,2005-01-05,2.0785000324249268,2.138000011444092,2.078000068664551,2.088500022888184,167084000.0,40.23126234809713,45.21302877709142,41.432202509564995,43.5162948726183,43.001992015795146,2.1,18.0,0.71,6.34
AMZN,2005-01-06,2.0905001163482666,2.112499952316284,2.0450000762939453,2.052500009536743,174018000.0,40.64695950710415,45.363180332887524,40.82435948142724,43.53919184814418,42.98403349429213,2.1,13.0,0.72,6.69
AMZN,2005-01-07,2.069000005722046,2.134500026702881,2.058000087738037,2.115999937057495,196732000.0,41.3864662130858,45.75952135825658,41.08312935567438,42.96405438242334,42.98089364618241,2.09,15.0,0.67,6.5
AMZN,2005-01-10,2.0969998836517334,2.1480000019073486,2.0855000019073486,2.0920000076293945,146958000.0,41.552657075051805,45.57818484235406,40.88050716218879,42.51417918416483,42.90721093970623,2.1,15.0,0.63,6.61
AMZN,2005-01-11,2.069999933242798,2.1080000400543213,2.05049991607666,2.0820000171661377,158406000.0,41.565662364713276,45.484209311532396,40.77249615189708,42.442861317806745,42.824171206184054,2.1,13.0,0.6,6.73
AMZN,2005-01-12,2.07450008392334,2.124000072479248,2.04099988937378,2.115000009536743,161446000.0,41.46775347043528,45.44282020801298,40.69428376864375,42.4427382002141,42.693286970263564,2.11,13.0,0.54,6.79
AMZN,2005-01-13,2.122499942779541,2.2290000915527344,2.117000102996826,2.130000114440918,347872000.0,41.462711451438636,45.14534953400873,40.70528498347832,42.37887213679841,42.666523122431926,2.11,14.0,0.47,6.79
AMZN,2005-01-14,2.1449999809265137,2.2330000400543213,2.118000030517578,2.227499961853028,250660000.0,43.26576741837599,45.99574980611573,41.259558098287854,42.67161807053454,42.905027593217824,2.11,23.0,0.39,6.44
AMZN,2005-01-18,2.2144999504089355,2.25,2.2074999809265137,2.2290000915527344,142632000.0,43.24351013749595,45.66914147120649,40.97460204336063,42.11955037441582,42.899050505102196,2.12,19.0,0.3,6.64
AMZN,2005-01-19,2.2235000133514404,2.236999988555908,2.171499967575073,2.197999954223633,147934000.0,43.204425574581286,36.37448403786399,41.03982878531265,42.09605991913206,42.886019314501446,2.12,20.0,0.21,6.56
AMZN,2005-01-20,2.0855000019073486,2.197999954223633,2.0820000171661377,2.118000030517578,256612000.0,43.503762034345016,37.06099669361599,41.46151932689707,42.306096887548385,43.03306720879924,2.12,28.0,0.17,6.18
AMZN,2005-01-21,2.0994999408721924,2.127500057220459,2.0510001182556152,2.058000087738037,212054000.0,44.36877232338407,37.621331303266324,41.201774857566086,42.431481121486605,43.08148796726148,2.11,25.0,0.19,6.39
AMZN,2005-01-24,2.072000026702881,2.0975000858306885,2.015500068664551,2.0190000534057617,193918000.0,44.073323456721326,37.8555506578159,41.31442662191184,42.38402922875328,43.11835727037633,2.11,27.0,0.23,6.27
AMZN,2005-01-25,2.032000064849853,2.072000026702881,2.0225000381469727,2.046999931335449,180558000.0,43.81670377555122,37.91596337861334,41.36641284810009,42.27767254770385,43.14495868533781,2.11,28.0,0.26,6.24
AMZN,2005-01-26,2.059000015258789,2.0899999141693115,2.013000011444092,2.066999912261963,154298000.0,43.54984409487918,37.85495161520548,41.21925485397284,42.254452388710526,43.10452159906531,2.11,26.0,0.26,6.34
AMZN,2005-01-27,2.063499927520752,2.119999885559082,2.056999921798706,2.115499973297119,160768000.0,43.833199495155064,37.732346450343805,41.33071123570179,42.14780166569279,42.611817895764396,2.11,29.0,0.24,6.29
AMZN,2005-01-28,2.1045000553131104,2.150000095367432,2.076499938964844,2.111000061035156,123048000.0,43.68909119936185,37.262984177555026,41.319065014405716,42.13899932437857,42.274002563172694,2.11,29.0,0.24,6.31
AMZN,2005-01-31,2.121999979019165,2.1710000038146973,2.121500015258789,2.1610000133514404,126406000.0,43.523338249275625,37.42746888171229,41.41038465092658,42.199753598103655,42.272385343351395,2.1,33.0,0.24,6.29
AMZN,2005-02-01,2.150000095367432,2.1635000705718994,2.11899995803833,2.124000072479248,135230000.0,43.89219071448881,37.31333527264069,41.514943909362884,42.22154509500787,42.089420714660996,2.1,36.0,0.26,6.17
AMZN,2005-02-02,2.1524999141693115,2.177000045776367,2.0429999828338623,2.094000101089477,526472000.0,43.31992671601013,37.389498914372155,41.54082313715573,42.168803470734865,41.50545598540021,2.1,37.0,0.28,6.11
AMZN,2005-02-03,1.7450000047683716,1.7944999933242798,1.7265000343322754,1.787500023841858,1210372000.0,63.48256757424989,49.61313742206356,48.24380916783548,46.13804009492788,44.39693420696122,2.17,100.0,0.15,9.14
AMZN,2005-02-04,1.7825000286102295,1.7990000247955322,1.7595000267028809,1.7860000133514404,346094000.0,63.45693341275225,49.609565039366935,47.08718999798469,46.1319961956667,44.3708187871412,2.2,99.0,0.05,9.95
AMZN,2005-02-07,1.7910000085830688,1.7920000553131104,1.777500033378601,1.784500002861023,142248000.0,63.363366267075904,49.450514845330524,47.0649603368488,46.091118892532364,44.36405682689596,2.23,98.0,-0.04,10.01
AMZN,2005-02-08,1.7769999504089355,1.825999975204468,1.7764999866485596,1.815000057220459,192050000.0,58.420949585438684,49.41245955896394,47.13055669655354,46.134454693521846,44.3898970858003,2.27,99.0,-0.11,9.96
AMZN,2005-02-09,1.8224999904632568,1.840000033378601,1.7934999465942385,1.7944999933242798,158776000.0,55.609281032476474,48.660923770775625,47.12418535214019,46.130080470171215,44.399386720105156,2.31,98.0,-0.17,9.91
AMZN,2005-02-10,1.803500056266785,1.805500030517578,1.7764999866485596,1.7890000343322754,159648000.0,55.51799849549348,48.5906795753292,47.102513399548464,45.782882747079654,44.265434275327195,2.35,97.0,-0.21,9.9
AMZN,2005-02-11,1.778499960899353,1.7975000143051147,1.75,1.7890000343322754,156834000.0,55.46968096984987,48.44671746460956,47.10198050655568,45.683776478571176,44.265527319237044,2.38,96.0,-0.25,9.9
AMZN,2005-02-14,1.7825000286102295,1.8315000534057613,1.774999976158142,1.8014999628067017,139662000.0,55.57784487310913,48.47784594181068,46.608609513777,45.041101676044484,44.25209740836342,2.41,93.0,-0.32,10.56
AMZN,2005-02-15,1.8105000257492063,1.8224999904632568,1.787500023841858,1.807000041007996,103554000.0,55.54107874971401,48.40794696036145,46.57314988477609,44.98252225814282,44.21901692224688,2.43,92.0,-0.37,10.58
AMZN,2005-02-16,1.7964999675750732,1.8174999952316284,1.7790000438690186,1.7829999923706057,104596000.0,53.69601542075632,47.58645261802236,46.50187583796822,44.791059716995065,44.21536215833641,2.45,91.0,-0.44,10.68
AMZN,2005-02-17,1.7869999408721924,1.7925000190734863,1.7625000476837158,1.784500002861023,105962000.0,53.71813952266594,47.524997670419836,46.34872841919128,44.78934954846074,44.213876302397864,2.47,90.0,-0.51,10.94
AMZN,2005-02-18,1.780500054359436,1.787500023841858,1.7549999952316284,1.7654999494552612,90594000.0,53.62168652443891,47.53655151342185,46.33774902758697,44.7552749403258,44.20694219166733,2.49,89.0,-0.58,10.96
AMZN,2005-02-22,1.7510000467300415,1.7695000171661377,1.725499987602234,1.7359999418258667,137114000.0,52.64514733447011,47.56500747653668,46.036755173088835,44.61960103352352,44.15902238360614,2.51,88.0,-0.63,11.14
AMZN,2005-02-23,1.747499942779541,1.7484999895095823,1.659999966621399,1.7070000171661377,210008000.0,52.711881017039374,47.6111970812952,46.09871201904041,44.602258594264065,44.02914718148233,2.52,88.0,-0.67,11.01
AMZN,2005-02-24,1.6829999685287476,1.7424999475479126,1.6829999685287476,1.7345000505447388,167784000.0,53.122196425950165,47.75611121879731,46.16735003495352,44.649633236254374,44.03442904461002,2.54,88.0,-0.73,11.01
AMZN,2005-02-25,1.7359999418258667,1.7615000009536743,1.7239999771118164,1.749500036239624,117646000.0,52.907917246945104,47.61219873726388,46.13533916222768,44.51461505236659,44.01068526763889,2.55,87.0,-0.77,11.03
AMZN,2005-02-28,1.7359999418258667,1.7829999923706057,1.7335000038146973,1.758999943733215,168458000.0,52.873741506803896,47.595889420025465,46.14870728463794,44.52071412616479,43.99299856329299,2.56,87.0,-0.8,11.04
AMZN,2005-03-01,1.753000020980835,1.7704999446868896,1.741000056266785,1.7695000171661377,116380000.0,50.766611030723915,47.60400046931028,46.12922588302041,44.50758729868758,43.998172321293744,2.57,85.0,-0.83,11.05
AMZN,2005-03-02,1.7695000171661377,1.7964999675750732,1.753499984741211,1.774999976158142,97434000.0,50.806197818722765,47.6159986724754,46.13159671935452,44.453253159339404,43.94521035040451,2.58,85.0,-0.85,11.07
AMZN,2005-03-03,1.774999976158142,1.7979999780654907,1.7699999809265137,1.7825000286102295,100512000.0,50.88074333657728,47.55424133202484,45.93805344858485,44.43983806034121,43.858651985003675,2.59,81.0,-0.88,11.4
AMZN,2005-03-04,1.7920000553131104,1.815500020980835,1.784999966621399,1.7925000190734863,110914000.0,50.18607690015141,47.119103981897844,45.944014323175345,44.41735857276472,43.769151942354206,2.6,81.0,-0.9,11.4
AMZN,2005-03-07,1.7970000505447388,1.820000052452088,1.7905000448226929,1.815999984741211,71718000.0,49.96937523508685,47.11266104941093,45.99686783553419,44.45163821145517,43.78700507839155,2.6,81.0,-0.91,11.37
AMZN,2005-03-08,1.815500020980835,1.821499943733216,1.787500023841858,1.7914999723434448,95858000.0,49.85072805021562,46.7861581904276,46.03354386053816,44.46941893174319,43.78732967735603,2.61,81.0,-0.93,11.3
AMZN,2005-03-09,1.7869999408721924,1.7964999675750732,1.7450000047683716,1.7699999809265137,148246000.0,49.61293517868333,46.69011012568993,45.94268408144632,44.45603159773064,43.76661300816363,2.62,78.0,-0.96,11.44
AMZN,2005-03-10,1.7654999494552612,1.7855000495910645,1.7285000085830688,1.7454999685287476,117446000.0,49.48291980842056,46.540713089941306,45.941035218991274,44.24703646333047,43.70412738026852,2.62,77.0,-0.99,11.45
AMZN,2005-03-11,1.7404999732971191,1.743499994277954,1.7024999856948853,1.7374999523162842,160206000.0,48.7257691897336,46.40127322617655,45.837729348564885,44.2418357000459,43.701973127752915,2.62,75.0,-1.01,11.5
AMZN,2005-03-14,1.7335000038146973,1.7374999523162842,1.7000000476837158,1.7300000190734863,108670000.0,48.71256485043753,46.27810984127142,45.692123599505955,44.19458801979106,43.610308336930714,2.62,73.0,-1.04,11.75
AMZN,2005-03-15,1.7289999723434448,1.7424999475479126,1.6950000524520874,1.7089999914169312,101412000.0,47.890564270045594,46.121405782632685,45.72586752750068,44.04058272333381,43.50886117632443,2.6,73.0,-1.07,11.66
AMZN,2005-03-16,1.694000005722046,1.722000002861023,1.6799999475479126,1.69350004196167,107400000.0,47.8090067126302,46.13902618744073,45.48943202515222,44.03599163711295,43.43856371216902,2.59,65.0,-1.08,11.84
AMZN,2005-03-17,1.6790000200271606,1.722000002861023,1.6790000200271606,1.6985000371932983,97160000.0,47.85971639924798,45.87835540160935,40.42230495482465,44.00319745298331,43.408144528919536,2.61,9.0,-1.08,14.25
AMZN,2005-03-18,1.7074999809265137,1.7139999866485596,1.6825000047683716,1.7079999446868896,105894000.0,15.420939671776326,45.821810697565795,40.3266328157281,43.850558817923115,43.409116300587606,2.63,9.0,-1.08,14.49
AMZN,2005-03-21,1.7105000019073486,1.7315000295639038,1.6770000457763672,1.683500051498413,121688000.0,15.866961431913445,45.87229969444144,40.38711332604301,43.87226639526132,43.42841968365099,2.65,10.0,-1.08,14.35
AMZN,2005-03-22,1.684999942779541,1.6970000267028809,1.653499960899353,1.6575000286102295,109814000.0,16.342604587378347,45.87844689728939,40.41673499364668,43.81078811759714,43.210923190155185,2.67,11.0,-1.07,14.21
AMZN,2005-03-23,1.6545000076293943,1.6920000314712524,1.6410000324249268,1.659000039100647,126474000.0,15.316252301617117,42.37469352501109,40.402859498554335,43.811703277495745,43.186836821933454,2.69,11.0,-1.06,14.22
AMZN,2005-03-24,1.6699999570846558,1.694000005722046,1.6434999704360962,1.6440000534057615,106746000.0,15.222160263655127,40.57066392207781,40.401471128416105,43.69717551978759,43.171217299714186,2.71,11.0,-1.04,14.22
AMZN,2005-03-28,1.6549999713897705,1.6825000047683716,1.6510000228881836,1.6694999933242798,86532000.0,16.12026200068713,40.74415226786186,40.22483854676708,43.66909744995114,42.799945078529746,2.72,9.0,-1.04,14.47
AMZN,2005-03-29,1.6640000343322754,1.7074999809265137,1.6614999771118164,1.6714999675750732,122746000.0,16.138857814588818,40.72798103161948,39.88792744991674,43.6237586833414,42.79618286434727,2.75,9.0,-1.06,14.94
AMZN,2005-03-30,1.6794999837875366,1.72599995136261,1.6755000352859497,1.715999960899353,106996000.0,17.965501791939932,41.16598093922065,40.09671628665512,43.72516367207019,42.803489596544324,2.76,10.0,-1.07,14.69
AMZN,2005-03-31,1.7244999408721924,1.7274999618530271,1.7000000476837158,1.7135000228881836,71086000.0,17.91112162501643,41.12349001885462,39.851114407830416,43.725218927607834,42.73043226380664,2.78,9.0,-1.09,15.02
AMZN,2005-04-01,1.7315000295639038,1.7354999780654907,1.6890000104904177,1.7005000114440918,100368000.0,17.66319973510042,39.75837468845014,39.84153919229232,43.69454862855059,42.721469140751026,2.8,9.0,-1.11,15.05
AMZN,2005-04-04,1.7000000476837158,1.758999943733215,1.690500020980835,1.75,146844000.0,19.719721016901843,40.286691537596,39.972641019584465,43.69003535301016,42.68784096589919,2.82,12.0,-1.13,14.85
AMZN,2005-04-05,1.7615000009536743,1.7669999599456787,1.749500036239624,1.7640000581741333,98660000.0,19.634908336724926,40.233596662410086,39.99366486828072,43.62922382687001,42.58605227994142,2.83,13.0,-1.15,14.83
AMZN,2005-04-06,1.7549999952316284,1.7599999904632568,1.7309999465942385,1.741000056266785,105522000.0,19.385628844911295,39.69500557863233,39.92726901318111,43.569552069043425,42.55669365593941,2.84,12.0,-1.17,14.85
AMZN,2005-04-07,1.7339999675750732,1.746000051498413,1.725000023841858,1.7450000047683716,76146000.0,18.714153348981625,39.674078259339964,39.80011773335057,43.2120936703029,42.54636423315307,2.85,9.0,-1.19,15.01
AMZN,2005-04-08,1.7374999523162842,1.746500015258789,1.7285000085830688,1.7300000190734863,60260000.0,18.327186374528473,39.68920205084257,39.23738264056648,43.11953731131504,42.53697111477658,2.87,9.0,-1.19,15.81
AMZN,2005-04-11,1.7300000190734863,1.75,1.718000054359436,1.7300000190734863,65062000.0,18.141067436471367,39.50123177124028,39.19000931181279,40.02663395703512,42.251457039912324,2.89,9.0,-1.19,15.86
AMZN,2005-04-12,1.7200000286102295,1.7319999933242798,1.6829999685287476,1.7315000295639038,123944000.0,18.062667296542646,39.45180530704143,39.07829056493681,39.87103237274334,42.25170475374205,2.9,8.0,-1.19,16.15
AMZN,2005-04-13,1.7174999713897705,1.7354999780654907,1.7074999809265137,1.715000033378601,82502000.0,18.13926850434023,38.16639002954947,39.09710639548739,39.87021534296956,42.1670812119384,2.92,9.0,-1.19,16.09
AMZN,2005-04-14,1.7130000591278076,1.725000023841858,1.694000005722046,1.6985000371932983,83568000.0,18.26282480552985,38.16700585806594,39.06033393933554,39.73673362043923,42.171607907390616,2.93,8.0,-1.18,16.09
AMZN,2005-04-15,1.6979999542236328,1.7000000476837158,1.6510000228881836,1.6510000228881836,119700000.0,19.76126223205263,38.431787762396375,38.64583966080958,39.8225251129895,42.25475559635507,2.95,1.0,-1.19,16.89
AMZN,2005-04-18,1.6449999809265137,1.6790000200271606,1.6419999599456787,1.649999976158142,138340000.0,19.62028805594639,37.84465804997688,38.60199309684305,39.806024831930706,42.14134389321985,2.97,1.0,-1.2,17.02
AMZN,2005-04-19,1.659000039100647,1.6684999465942385,1.600499987602234,1.6390000581741333,132388000.0,19.066086768292358,37.501304805654584,38.58817675652437,39.771272206738296,41.98895891223468,2.98,1.0,-1.21,17.0
AMZN,2005-04-20,1.6549999713897705,1.687999963760376,1.6449999809265137,1.662500023841858,184310000.0,19.47767444433901,37.541871916738955,38.61486972720035,39.75753122117225,41.825751643905434,2.99,3.0,-1.22,16.96
AMZN,2005-04-21,1.6749999523162842,1.694499969482422,1.6445000171661377,1.6864999532699585,153894000.0,19.848826432168025,37.55288234768084,38.662939654698164,39.76936400955518,41.835544620940176,3.01,5.0,-1.22,16.88
AMZN,2005-04-22,1.6744999885559082,1.68149995803833,1.6454999446868896,1.6519999504089355,127840000.0,20.302708572037933,37.6216399054208,38.78125204191032,39.54256462605678,41.32544789672793,3.02,7.0,-1.22,16.58
AMZN,2005-04-25,1.656499981880188,1.6794999837875366,1.652500033378601,1.6764999628067017,84908000.0,20.83935431019067,37.40207553645526,38.73156075565741,39.58145471408044,41.01964797450146,3.02,6.0,-1.21,16.66
AMZN,2005-04-26,1.6714999675750732,1.6990000009536743,1.628999948501587,1.6354999542236328,279386000.0,21.91994390931806,37.64369231055618,38.87493452445737,39.683611626949514,41.02792683291281,3.03,11.0,-1.19,16.27
AMZN,2005-04-27,1.5420000553131104,1.587000012397766,1.5299999713897705,1.5859999656677246,586258000.0,23.293344804277954,37.57958431752967,39.12526522216582,39.40297347917043,41.095445483645726,3.03,19.0,-1.16,15.68
AMZN,2005-04-28,1.5829999446868896,1.6460000276565552,1.5815000534057615,1.6260000467300415,289456000.0,24.508075604109703,37.990727400867776,39.36403948040617,39.48606384703235,41.131398281346904,3.03,23.0,-1.14,15.33
AMZN,2005-04-29,1.6430000066757202,1.6445000171661377,1.5759999752044678,1.618000030517578,210470000.0,24.494238095125556,37.9363289816781,39.31174877338487,39.48117440792842,41.10427341732674,3.03,23.0,-1.13,15.46
AMZN,2005-05-02,1.6150000095367432,1.6640000343322754,1.6050000190734863,1.6549999713897705,181960000.0,25.409413162540744,20.84164109256768,39.181817908927925,39.574142785710855,40.78334800197992,3.03,21.0,-1.13,15.88
AMZN,2005-05-03,1.6469999551773071,1.6779999732971191,1.6445000171661377,1.6605000495910645,135558000.0,25.11544243283129,20.862828578405924,39.116119960080056,39.134026854160794,40.73879949516861,3.03,19.0,-1.12,15.97
AMZN,2005-05-04,1.6675000190734863,1.7059999704360962,1.66349995136261,1.6979999542236328,155132000.0,25.532966978735733,21.41379590720202,39.01715822112571,39.217695526910376,40.79563770920893,3.03,15.0,-1.09,16.14
AMZN,2005-05-05,1.6979999542236328,1.7089999914169312,1.6794999837875366,1.6979999542236328,92338000.0,25.534005422505018,21.0921813742236,38.91167735503051,39.05733992029604,40.787763673386564,3.03,13.0,-1.07,16.41
AMZN,2005-05-06,1.712000012397766,1.7345000505447388,1.7070000171661377,1.72599995136261,134270000.0,25.744190201188104,21.28090882602685,38.86804512930034,39.05151927129347,40.74982011829965,3.03,11.0,-1.03,16.48
AMZN,2005-05-09,1.7200000286102295,1.7400000095367432,1.712499976158142,1.7319999933242798,88632000.0,25.41993582793914,21.29133451903898,38.784814670957175,38.95746779918795,40.65299758469029,3.04,9.0,-0.98,16.61
AMZN,2005-05-10,1.7200000286102295,1.7235000133514404,1.7009999752044678,1.71150004863739,109500000.0,25.703311985816857,21.417895441214306,38.74101544841568,38.97980813426174,40.64188988028912,3.04,7.0,-0.92,16.6
AMZN,2005-05-11,1.715000033378601,1.725499987602234,1.6825000047683716,1.690999984741211,120960000.0,24.78477202921032,21.480256619405047,38.62106387239584,38.9867410911767,40.50469100639069,3.04,4.0,-0.87,16.88
AMZN,2005-05-12,1.684999942779541,1.7059999704360962,1.6775000095367432,1.6924999952316284,120100000.0,24.78612421484688,21.46718300127341,38.623083725626614,38.7973989646322,40.4963487926974,3.04,5.0,-0.81,16.88
AMZN,2005-05-13,1.6994999647140503,1.7174999713897705,1.690000057220459,1.6950000524520874,79836000.0,24.69638381731915,21.319567411248627,38.4142318771037,38.79790093506856,40.4706740718632,3.05,1.0,-0.78,17.41
AMZN,2005-05-16,1.7015000581741333,1.7384999990463257,1.6959999799728394,1.7269999980926514,85614000.0,23.83879799405923,21.69088612941611,38.49492431261584,38.860024406231084,40.50068255405874,3.05,2.0,-0.73,17.27
AMZN,2005-05-17,1.722499966621399,1.741000056266785,1.7044999599456787,1.7365000247955322,66314000.0,23.77347259504779,21.620689485325347,38.50317152155235,38.57614919382256,40.44573460935899,3.06,3.0,-0.68,17.26
AMZN,2005-05-18,1.7404999732971191,1.7984999418258667,1.7365000247955322,1.7664999961853027,191150000.0,23.995987718547905,21.629548748525703,38.54939307677466,38.629857774945116,40.48502134238216,3.06,4.0,-0.63,17.29
AMZN,2005-05-19,1.7684999704360962,1.7955000400543213,1.7664999961853027,1.7795000076293943,106870000.0,24.073298235106076,21.377480379441817,36.21939891116821,38.63911162681413,40.487673954014156,3.11,1.0,-0.51,20.85
AMZN,2005-05-20,1.7725000381469729,1.7799999713897705,1.7480000257492063,1.774999976158142,100856000.0,23.933334703337792,21.147424438726834,35.06733586132433,38.5280594595452,40.454046308682415,3.18,1.0,-0.39,23.33
AMZN,2005-05-23,1.778499960899353,1.8009999990463257,1.7695000171661377,1.784000039100647,114028000.0,23.96248800729865,21.10087581847313,35.071411865234644,38.512429163884946,40.45462629892112,3.25,2.0,-0.28,23.33
AMZN,2005-05-24,1.77400004863739,1.778499960899353,1.756500005722046,1.7769999504089355,118292000.0,24.00554942607687,21.091520803404233,35.06073795242965,38.50910714733557,40.43898985071786,3.31,1.0,-0.18,23.31
AMZN,2005-05-25,1.7634999752044678,1.7725000381469729,1.7595000267028809,1.7625000476837158,77458000.0,23.956623358906874,21.125083348107648,35.01265249773867,38.49092526777763,40.165698283627755,3.38,1.0,-0.04,23.5
AMZN,2005-05-26,1.7640000581741333,1.784000039100647,1.7584999799728394,1.7725000381469729,95742000.0,23.779697545737395,21.14792560919968,35.01532827312373,38.496931834428224,40.09213561459825,3.44,2.0,0.08,23.5
AMZN,2005-05-27,1.7610000371932983,1.777500033378601,1.7575000524520874,1.774999976158142,65742000.0,22.041140267563588,21.13170599653524,33.98552337562582,38.464326382718404,39.56782173889024,3.52,1.0,0.28,26.88
AMZN,2005-05-31,1.7680000066757202,1.8020000457763672,1.7645000219345093,1.7755000591278076,98604000.0,22.03207204238292,21.098901128262256,33.96779945206618,38.21014546252309,39.51976912549844,3.6,1.0,0.49,27.01
AMZN,2005-06-01,1.778499960899353,1.8494999408721924,1.7719999551773071,1.825000047683716,206404000.0,23.007090446309203,21.685496139739854,34.18420960142509,37.57044978745822,39.45732862797836,3.67,3.0,0.68,26.6
AMZN,2005-06-02,1.816499948501587,1.8454999923706048,1.8105000257492063,1.820500016212464,95366000.0,22.84379364040245,21.505223302920797,33.80589312170558,37.55222458106302,39.455802481747014,3.74,1.0,0.93,27.65
AMZN,2005-06-03,1.8229999542236328,1.825000047683716,1.7660000324249268,1.7795000076293943,96718000.0,23.761426290394855,21.87632273880945,33.93862469733567,37.62525032375842,39.47442278721993,3.81,2.0,1.21,27.11
AMZN,2005-06-06,1.7769999504089355,1.8009999990463257,1.77400004863739,1.78849995136261,77630000.0,22.798775519986016,21.70163987481249,33.95112958760299,37.61291590050642,39.34718546499546,3.88,3.0,1.52,27.13
AMZN,2005-06-07,1.7955000400543213,1.809999942779541,1.7645000219345093,1.7675000429153442,97696000.0,22.87438379140376,21.822722829362917,33.87642259934695,37.621734833449715,39.32297053678319,3.95,2.0,1.89,27.19
AMZN,2005-06-08,1.7699999809265137,1.77400004863739,1.7400000095367432,1.7415000200271606,106282000.0,22.039044898340276,22.02247448275462,33.90883305991821,37.656103977196906,39.342226865007085,4.01,3.0,2.32,26.92
AMZN,2005-06-09,1.746500015258789,1.7640000581741333,1.7200000286102295,1.7599999904632568,77450000.0,19.833787850077496,21.972790897691993,33.13391510111357,37.316753977615775,39.23178878776684,4.08,1.0,2.61,29.29
AMZN,2005-06-10,1.7625000476837158,1.7645000219345093,1.7235000133514404,1.747499942779541,69350000.0,18.979705319464845,21.939509976230788,33.13890403789815,37.29784390831043,39.23328743160754,4.16,2.0,2.8,29.21
AMZN,2005-06-13,1.7335000038146973,1.7704999446868896,1.7324999570846558,1.743499994277954,78240000.0,18.90632330710325,21.941052408039415,33.08691797549999,37.21831364803697,39.21333046141237,4.23,1.0,3.05,29.51
AMZN,2005-06-14,1.741000056266785,1.7584999799728394,1.7395000457763672,1.7519999742507937,72688000.0,17.94015491929289,21.93439156700636,32.63211136189219,37.11375502825662,39.17352918818982,4.3,1.0,3.61,31.63
AMZN,2005-06-15,1.7669999599456787,1.7704999446868896,1.72599995136261,1.7619999647140503,103036000.0,17.969639726966893,21.738608897319708,32.3679030930826,37.09446174400442,39.165719197031365,4.38,1.0,4.3,33.04
AMZN,2005-06-16,1.7599999904632568,1.7905000448226929,1.7580000162124634,1.7790000438690186,84110000.0,17.073011627300787,21.5423785220483,32.291978254477215,36.8702889260195,39.153997661943976,4.46,1.0,5.03,33.64
AMZN,2005-06-17,1.7944999933242798,1.803500056266785,1.7580000162124634,1.7654999494552612,96522000.0,17.27479092865643,21.61768172278562,32.216855655166206,36.87887949730526,39.158494064667195,4.53,1.0,5.97,33.78
AMZN,2005-06-20,1.752500057220459,1.7984999418258667,1.7519999742507937,1.784500002861023,101946000.0,16.920814213157204,21.602388333450822,32.225917369879035,36.88903898991066,39.17417009217425,4.6,2.0,7.12,33.75
AMZN,2005-06-21,1.7799999713897705,1.7905000448226929,1.7640000581741333,1.7690000534057615,89142000.0,17.140730949061673,21.498757089561277,32.00167913803582,36.863657670644265,39.15506312830917,4.67,1.0,8.48,34.47
AMZN,2005-06-22,1.774999976158142,1.7925000190734863,1.756999969482422,1.7610000371932983,50146000.0,16.79911772222491,21.528160776837186,32.00460406215416,36.866246848678124,38.97422714167819,4.74,2.0,10.16,34.44
AMZN,2005-06-23,1.756999969482422,1.777999997138977,1.7549999952316284,1.7714999914169312,106044000.0,16.39369476675997,20.89737836936307,31.77350943054547,36.85373591066039,38.97726790721238,4.81,1.0,10.24,35.35
AMZN,2005-06-24,1.7649999856948853,1.7719999551773071,1.74399995803833,1.7510000467300415,73510000.0,16.83383195196914,21.042429384139407,31.717096807587303,36.872462184072376,38.95470098300387,4.88,1.0,8.58,35.67
AMZN,2005-06-27,1.7454999685287476,1.752500057220459,1.7085000276565552,1.725000023841858,91126000.0,17.46680233895125,21.214465343661182,31.724562760773484,36.766049344013624,38.84646169459916,4.94,2.0,-0.37,35.63
AMZN,2005-06-28,1.7300000190734863,1.7315000295639038,1.6794999837875366,1.6855000257492063,140686000.0,17.90250579686969,20.903337216535284,19.78049446981987,36.85675515901694,38.89767075288362,5.26,1.0,-0.41,-0.16
AMZN,2005-06-29,1.684999942779541,1.7035000324249268,1.66349995136261,1.6675000190734863,96266000.0,18.023698597499454,20.92635252155738,19.845991803593183,36.873393560392955,38.88001962352765,5.56,2.0,-0.48,-0.19
AMZN,2005-06-30,1.6734999418258667,1.6779999732971191,1.6464999914169312,1.6545000076293943,114314000.0,17.234173232480135,20.822486864140057,19.878331766785134,36.87751375761298,38.74780466219069,5.83,3.0,-0.55,-0.2
AMZN,2005-07-01,1.6619999408721924,1.66349995136261,1.6395000219345093,1.6454999446868896,58654000.0,17.017778127979895,20.83306994499031,19.68766795195855,36.7949870572095,38.74873175006741,6.08,1.0,-0.61,-0.13
AMZN,2005-07-05,1.6749999523162842,1.7239999771118164,1.6725000143051147,1.7039999961853027,147676000.0,20.199555868574777,22.02837553302153,20.42424089788134,37.004890401717745,38.84655952229146,6.29,5.0,-0.6,0.05
AMZN,2005-07-06,1.7005000114440918,1.7200000286102295,1.6929999589920044,1.7029999494552612,87944000.0,20.10974949797914,22.02841679715402,20.420146342311465,36.93439369187987,38.845465121715584,6.48,5.0,-0.59,0.05
AMZN,2005-07-07,1.690000057220459,1.725499987602234,1.690000057220459,1.6979999542236328,84858000.0,20.101594557142487,22.03390002770268,20.42367490707842,36.82995809836457,38.7420482694345,6.65,6.0,-0.58,0.05
AMZN,2005-07-08,1.7055000066757202,1.7374999523162842,1.6924999952316284,1.7369999885559082,85140000.0,21.176068166297448,22.44456023215972,20.721342100333977,36.933498823785385,38.75045744462851,6.81,8.0,-0.55,-0.04
AMZN,2005-07-11,1.7359999418258667,1.784000039100647,1.7300000190734863,1.7795000076293943,103320000.0,22.293293458052318,22.875640076695927,21.07818497266311,36.88591460065441,38.80006601424572,6.95,9.0,-0.54,-0.13
AMZN,2005-07-12,1.774500012397766,1.8270000219345093,1.7730000019073486,1.815500020980835,117544000.0,23.027087714213142,22.38723448399413,21.211480090880638,33.50725122387312,38.8387431735965,7.07,10.0,-0.54,-0.19
AMZN,2005-07-13,1.8135000467300413,1.8274999856948853,1.809499979019165,1.825500011444092,64036000.0,23.067337385181492,22.396654444783927,21.228015460344395,33.43923087019945,38.8444904001151,7.18,11.0,-0.52,-0.2
AMZN,2005-07-14,1.8595000505447388,1.871000051498413,1.843999981880188,1.8595000505447388,117266000.0,22.298126823600825,22.587075419545837,21.350097560269496,33.50285993961749,38.8619413196978,7.28,12.0,-0.39,-0.25
AMZN,2005-07-15,1.8674999475479128,1.875,1.837499976158142,1.857499957084656,104180000.0,22.28498950244574,22.45337138870271,21.169526263779943,33.476707307692564,38.73121852896394,7.38,10.0,-0.34,-0.2
AMZN,2005-07-18,1.847499966621399,1.8595000505447388,1.838000059127808,1.8595000505447388,59466000.0,21.147207290073194,22.30240398937915,20.982267217695167,33.46930616754951,38.66719588827451,7.47,9.0,-0.31,-0.14
AMZN,2005-07-19,1.86899995803833,1.9084999561309808,1.8344999551773071,1.9084999561309808,116812000.0,22.297211357374984,22.360798871057053,21.22526694707277,33.58529040584431,38.69964291708285,7.55,13.0,0.05,-0.16
AMZN,2005-07-20,1.874500036239624,1.912500023841858,1.8650000095367432,1.9084999561309808,127368000.0,21.913372156900664,22.217546871759993,21.190205093686526,33.426699104542266,38.40104663527888,7.62,12.0,0.23,-0.14
AMZN,2005-07-21,1.9479999542236328,1.987499952316284,1.888000011444092,1.8975000381469729,221112000.0,21.442016381444223,21.566259844695107,21.20360072828165,33.22372656673875,38.32846697143337,7.68,13.0,0.24,-0.14
AMZN,2005-07-22,1.8945000171661377,1.9114999771118164,1.861999988555908,1.8975000381469729,117422000.0,21.33038640601116,20.434927723218312,21.187535748590616,33.206000123759175,35.829428261778794,7.73,12.0,0.21,-0.13
AMZN,2005-07-25,1.899999976158142,1.9520000219345093,1.892500042915344,1.8975000381469729,109400000.0,21.14988267960491,19.924986937748614,21.184296272169963,33.05159290605933,35.70032803847954,7.77,12.0,0.17,-0.12
AMZN,2005-07-26,1.9110000133514404,1.9375,1.8860000371932983,1.8869999647140503,295646000.0,21.238177020718602,19.935309317848393,21.199366746029856,33.03853425371379,35.69411277291874,7.81,15.0,0.1,-0.12
AMZN,2005-07-27,2.1005001068115234,2.187000036239624,2.0920000076293945,2.182499885559082,921512000.0,46.54548389031072,35.24109821249834,31.278252943138423,37.17139621369082,38.432483337791936,7.73,21.0,7.05,26.31
AMZN,2005-07-28,2.177000045776367,2.290499925613404,2.1684999465942383,2.2839999198913574,502830000.0,47.83338004332961,36.219611138998246,31.985794728363825,37.54371540419763,38.66379348795832,7.64,25.0,10.95,23.78
AMZN,2005-07-29,2.265500068664551,2.2874999046325684,2.2304999828338623,2.257499933242798,209836000.0,48.19254049645064,36.20754550075404,31.96306179963382,37.51812711389891,38.67482262995169,7.56,25.0,9.85,23.84
AMZN,2005-08-01,2.24399995803833,2.259500026702881,2.2174999713897705,2.246500015258789,142544000.0,48.12233166339257,36.248710644038844,31.901013360836355,37.46104332575072,38.64266140124668,7.46,25.0,8.35,24.0
AMZN,2005-08-02,2.244999885559082,2.3485000133514404,2.24399995803833,2.325500011444092,216728000.0,48.730401393460404,36.68884494845999,32.19704881917848,37.36960763796302,38.7446497023084,7.37,30.0,7.5,22.73
AMZN,2005-08-03,2.30049991607666,2.309000015258789,2.2920000553131104,2.305500030517578,96650000.0,48.727705910978734,36.793727349001045,32.22729134875708,37.367825152078524,38.731043286256096,7.27,33.0,6.39,22.66
AMZN,2005-08-04,2.2774999141693115,2.2885000705718994,2.2709999084472656,2.2730000019073486,99544000.0,49.03751733847969,36.84102381189997,32.32103194443612,37.32690461742663,38.52660942243735,7.17,35.0,5.34,22.44
AMZN,2005-08-05,2.262500047683716,2.2855000495910645,2.258500099182129,2.263499975204468,99030000.0,49.171290786457966,36.72313173531238,32.25162433722964,37.32678708557657,38.52761527554826,7.07,34.0,4.45,22.6
AMZN,2005-08-08,2.2660000324249268,2.2950000762939453,2.263000011444092,2.282999992370605,89098000.0,48.811353039196995,36.72141777636024,32.20740820334191,37.31561854166635,38.53073863687286,6.96,31.0,3.73,22.61
AMZN,2005-08-09,2.2880001068115234,2.322000026702881,2.2874999046325684,2.296499967575073,91824000.0,48.2991436516026,36.71453387197333,32.210716916378615,36.90219099988737,38.22965770712513,6.93,32.0,3.13,22.58
AMZN,2005-08-10,2.2695000171661377,2.2785000801086426,2.2295000553131104,2.23799991607666,198424000.0,48.46019430654284,37.138782961233964,32.53083254427156,37.00111577600789,38.29122277221116,6.89,40.0,2.58,21.84
AMZN,2005-08-11,2.2309999465942383,2.260499954223633,2.2249999046325684,2.260499954223633,116844000.0,48.08074286212123,37.15637625625565,32.43412287400192,37.01022231915042,38.29331362650938,6.85,40.0,2.11,21.97
AMZN,2005-08-12,2.2314999103546143,2.2860000133514404,2.202500104904175,2.2100000381469727,129482000.0,48.746169753325454,37.465434749910976,32.55520715260668,37.09309458987048,38.36159470632811,6.81,42.0,1.72,21.66
AMZN,2005-08-15,2.196500062942505,2.2674999237060547,2.194000005722046,2.252000093460083,110502000.0,48.60014269793628,37.5864500502489,32.65173741047767,37.14293065150106,38.09686651281023,6.77,44.0,1.37,21.26
AMZN,2005-08-16,2.244999885559082,2.246999979019165,2.2100000381469727,2.213500022888184,72502000.0,48.6695331357629,37.81462652468487,32.754505967924494,37.20024524959657,38.132998852508756,6.73,45.0,1.06,21.01
AMZN,2005-08-17,2.2095000743865967,2.2214999198913574,2.2060000896453857,2.2060000896453857,61008000.0,48.722946515449514,37.84113025623586,32.708948278439266,37.140792934884225,38.0270973403479,6.69,45.0,0.79,21.27
AMZN,2005-08-18,2.194000005722046,2.194999933242798,2.17549991607666,2.186500072479248,72086000.0,48.87561248461886,37.89638738259748,32.76048004812671,37.14836298407922,37.98999236408799,6.65,47.0,0.55,21.19
AMZN,2005-08-19,2.180000066757202,2.188499927520752,2.1665000915527344,2.186000108718872,66478000.0,48.74519548445374,37.82690226612873,32.54416699459906,37.14502541294632,37.925590741050534,6.61,42.0,0.33,22.0
AMZN,2005-08-22,2.180500030517578,2.213500022888184,2.1470000743865967,2.188499927520752,107482000.0,48.52390118603233,37.827672378875036,32.53889530895634,37.14395011358604,37.925170980036825,6.57,42.0,0.13,22.0
AMZN,2005-08-23,2.187000036239624,2.198499917984009,2.1610000133514404,2.1710000038146973,70354000.0,48.54542581751106,37.8994780089528,32.542209820427345,37.11170257341859,37.91971641505751,6.53,43.0,-0.05,21.99
AMZN,2005-08-24,2.16599988937378,2.16599988937378,2.1135001182556152,2.118499994277954,117438000.0,49.341236877475374,38.3226473763995,32.545115498900785,37.01419398653366,37.87218132763896,6.49,45.0,-0.19,22.35
AMZN,2005-08-25,2.127000093460083,2.140000104904175,2.1040000915527344,2.115499973297119,61844000.0,49.20499853638008,37.98803979016136,32.534752318618786,36.98283133934739,37.871386976055085,6.44,42.0,-0.32,22.45
AMZN,2005-08-26,2.115000009536743,2.131500005722046,2.11299991607666,2.118499994277954,57214000.0,49.18663141486869,37.97484230427891,32.44653707848821,36.83780689083915,37.86419309570347,6.4,41.0,-0.44,22.62
AMZN,2005-08-29,2.095499992370605,2.150000095367432,2.095499992370605,2.13949990272522,73078000.0,49.20123788484788,37.63347481062674,32.47074882963053,36.778703846024115,37.65272641345824,6.35,42.0,-0.55,22.49
AMZN,2005-08-30,2.119499921798706,2.135499954223633,2.0980000495910645,2.124500036239624,77484000.0,48.88726782812537,37.687803472806344,32.45837271978001,36.717715068949154,37.6569878694987,6.31,42.0,-0.66,22.52
AMZN,2005-08-31,2.121999979019165,2.140500068664551,2.101999998092652,2.134999990463257,67384000.0,48.87682911849161,37.565241446690955,32.459866133487594,36.67936987837769,37.65904701645235,6.27,43.0,-0.76,22.48
AMZN,2005-09-01,2.125999927520752,2.1484999656677246,2.087500095367432,2.0920000076293945,88580000.0,49.30377007463916,37.69500113161472,32.65452598608071,36.7252022607409,37.63976766233284,6.23,54.0,-0.83,22.04
AMZN,2005-09-02,2.0999999046325684,2.102499961853028,2.052000045776367,2.075500011444092,80542000.0,49.402480607700625,37.72803728019491,32.640775530471146,36.630832120710124,37.63087750608516,6.19,53.0,-0.9,22.07
AMZN,2005-09-06,2.077500104904175,2.182499885559082,2.075500011444092,2.180999994277954,158796000.0,51.19911177372023,38.86684948649222,33.45098077307877,37.093518010771284,37.94706230239871,6.15,62.0,-0.98,19.61
AMZN,2005-09-07,2.174999952316284,2.2149999141693115,2.172499895095825,2.186500072479248,122830000.0,51.11289635795872,38.84770998134056,33.08287385992758,36.95137716655727,37.92313399999982,6.12,59.0,-1.06,20.39
AMZN,2005-09-08,2.172499895095825,2.174499988555908,2.1414999961853027,2.1480000019073486,77684000.0,29.37501348954657,39.09659175206714,33.239728117403125,36.993649673978844,37.96720654755775,6.08,63.0,-1.13,20.07
AMZN,2005-09-09,2.149499893188477,2.1600000858306885,2.140500068664551,2.1475000381469727,65774000.0,25.94362671654944,39.10058859961241,33.209403573475626,36.99222812782473,37.94628861836749,6.04,63.0,-1.19,20.11
AMZN,2005-09-12,2.135999917984009,2.247999906539917,2.134500026702881,2.2249999046325684,175588000.0,27.943618449319114,39.633876300699285,33.56584131530352,37.17630283968478,37.934954802574694,6.0,66.0,-1.25,19.07
AMZN,2005-09-13,2.2084999084472656,2.219000101089477,2.171999931335449,2.196500062942505,90104000.0,28.148818603009012,39.71302310594417,33.608295514394946,35.936136420810804,37.410566487025186,5.97,67.0,-1.31,19.13
AMZN,2005-09-14,2.194000005722046,2.236500024795532,2.1410000324249268,2.1549999713897705,126360000.0,26.548956383270006,39.954972784152545,33.58109118117969,35.41569482926977,37.443827733707,5.93,67.0,-1.36,19.19
AMZN,2005-09-15,2.1600000858306885,2.179500102996826,2.132499933242798,2.135499954223633,91758000.0,26.558310709733057,39.9596876354325,33.57609358659601,35.42730455529487,37.445461671396195,5.89,67.0,-1.4,19.35
AMZN,2005-09-16,2.140000104904175,2.1459999084472656,2.1059999465942383,2.140000104904175,82234000.0,26.356753080287643,39.92840718013671,33.29217252363041,35.425833596485894,37.43490304864827,5.84,65.0,-1.43,19.92
AMZN,2005-09-19,2.131500005722046,2.171499967575073,2.1085000038146973,2.137500047683716,68806000.0,26.349593773076446,39.93450602147876,32.86474589989056,35.38126480229349,37.42808271148139,5.79,59.0,-1.48,20.86
AMZN,2005-09-20,2.132499933242798,2.150500059127808,2.088500022888184,2.0934998989105225,69440000.0,26.706801387529723,40.122887499477436,32.889572708331485,35.45913430143988,37.48552045514388,5.74,60.0,-1.5,21.11
AMZN,2005-09-21,2.0924999713897705,2.131999969482422,2.0625,2.0625,106276000.0,26.793073969914538,40.12209410954826,32.985289162905715,34.9033943891534,37.242445712583844,5.68,61.0,-1.52,20.9
AMZN,2005-09-22,2.059999942779541,2.1135001182556152,2.025000095367432,2.1040000915527344,116760000.0,26.77513734556141,39.89399409416863,32.94615148694184,34.96813578751943,37.280137704765046,5.63,61.0,-1.55,21.03
AMZN,2005-09-23,2.0985000133514404,2.13100004196167,2.077500104904175,2.109499931335449,62908000.0,26.57069790315372,39.78136303467195,32.945841491885645,34.90781909604757,37.21825960514228,5.58,61.0,-1.57,21.03
AMZN,2005-09-26,2.122499942779541,2.1710000038146973,2.119999885559082,2.1670000553131104,112328000.0,27.151726780380752,39.9793708058379,33.02395951639663,34.86663567063162,37.22853366748117,5.52,64.0,-1.59,20.79
AMZN,2005-09-27,2.1630001068115234,2.186500072479248,2.1410000324249268,2.157999992370605,83470000.0,26.52876959604083,39.96650213018309,33.03838907859305,34.84340982535002,37.208675218004416,5.47,65.0,-1.61,20.77
AMZN,2005-09-28,2.1624999046325684,2.187000036239624,2.149499893188477,2.1684999465942383,64794000.0,26.153930273579306,39.46099162417363,32.96506848656301,34.84275415294121,37.047398027863466,5.42,63.0,-1.63,21.06
AMZN,2005-09-29,2.1689999103546143,2.240000009536743,2.156500101089477,2.239500045776367,127856000.0,27.816972621254127,39.86806812496743,33.30553904784346,35.00031325272538,37.1851574115289,5.36,74.0,-1.64,19.95
AMZN,2005-09-30,2.2325000762939453,2.2920000553131104,2.2300000190734863,2.265000104904175,121120000.0,27.841105466275845,39.860545392813094,33.252626029098955,35.01548231878467,37.18775379208256,5.31,73.0,-1.65,19.94
AMZN,2005-10-03,2.2664999961853027,2.3294999599456787,2.257999897003174,2.30049991607666,116584000.0,28.145924148106978,39.75005782083395,33.22748785584059,34.66266781881358,37.19640337419722,5.26,72.0,-1.65,19.83
AMZN,2005-10-04,2.299999952316284,2.305999994277954,2.2249999046325684,2.246500015258789,130430000.0,29.0976768373005,39.95927612663021,33.497970823773635,34.77806350383989,37.27476811715532,5.21,78.0,-1.66,19.28
AMZN,2005-10-05,2.245500087738037,2.26449990272522,2.194499969482422,2.2244999408721924,129054000.0,29.15055794506818,39.91268323740305,33.55775291184627,34.757867346312146,37.276821799424845,5.16,79.0,-1.67,19.19
AMZN,2005-10-06,2.227999925613404,2.240499973297119,2.1665000915527344,2.200500011444092,123858000.0,28.380387891388075,40.01619662809206,33.527321862649764,34.50088484618102,37.289607287449286,5.11,79.0,-1.67,19.46
AMZN,2005-10-07,2.213500022888184,2.2304999828338623,2.1689999103546143,2.186000108718872,67850000.0,28.46286186451959,39.93541859392554,33.554176727690084,34.33845308137172,37.185378611438956,5.05,80.0,-1.66,19.47
AMZN,2005-10-10,2.190999984741211,2.219000101089477,2.178999900817871,2.187999963760376,73606000.0,28.462736933694956,39.92947062544474,33.47042385899849,34.26028640554368,37.18386539816014,5.0,78.0,-1.65,19.79
AMZN,2005-10-11,2.196000099182129,2.2160000801086426,2.1614999771118164,2.1700000762939453,106036000.0,28.46120593019667,39.99178082352313,33.50036659720792,34.23881495681728,37.19353602033624,4.97,80.0,-1.64,19.81
AMZN,2005-10-12,2.1454999446868896,2.184000015258789,2.121999979019165,2.127500057220459,114084000.0,28.988104847593632,39.946613212810746,33.67100104464145,34.30269110322141,37.24249532891697,4.96,88.0,-1.62,19.48
AMZN,2005-10-13,2.121500015258789,2.1489999294281006,2.095000028610229,2.13100004196167,76656000.0,28.955629150671612,39.94485155083049,33.66698426615301,34.19357741561349,37.174127904868804,4.95,88.0,-1.6,19.51
AMZN,2005-10-14,2.150000095367432,2.19350004196167,2.117000102996826,2.189500093460083,91552000.0,29.32897086573576,40.24378248434943,33.892336292066126,34.34184273828631,37.24128518755984,4.94,92.0,-1.57,18.74
AMZN,2005-10-17,2.18149995803833,2.250999927520752,2.180999994277954,2.250999927520752,104500000.0,30.138781910099354,40.5727251987264,34.093577561984596,34.3863998332558,37.29722283083231,4.94,98.0,-1.55,18.04
AMZN,2005-10-18,2.246000051498413,2.252500057220459,2.2149999141693115,2.2325000762939453,89154000.0,26.798369755930295,40.632666344169586,34.13171481624191,34.338324171111296,37.22484533243728,4.93,99.0,-1.52,18.03
AMZN,2005-10-19,2.226999998092652,2.2929999828338623,2.21399998664856,2.2929999828338623,130570000.0,27.834439257042582,40.89034237512927,34.35089577204753,34.436707168219336,37.316462203017885,4.93,100.0,-1.48,17.36
AMZN,2005-10-20,2.2950000762939453,2.303499937057495,2.233999967575073,2.250499963760376,118584000.0,27.8927275525714,28.44867344084569,34.5148540555449,28.891376098862903,37.259895203512315,4.93,100.0,-1.45,17.1
AMZN,2005-10-21,2.283499956130981,2.302500009536743,2.257499933242798,2.297499895095825,92496000.0,28.42908561528527,27.20222645732307,34.405157919685394,28.981113636702695,34.870668810912356,4.94,99.0,-1.41,17.38
AMZN,2005-10-24,2.305999994277954,2.3480000495910645,2.2929999828338623,2.3464999198913574,109518000.0,27.25270366880658,27.42491649554565,34.52522969344741,29.073400431378023,34.872482616952574,4.94,100.0,-1.37,16.97
AMZN,2005-10-25,2.344000101089477,2.3499999046325684,2.302000045776367,2.308500051498413,228774000.0,27.430924256206367,27.62298365537826,34.41983232746523,29.091415011134824,34.912794868063514,4.95,98.0,-1.32,17.17
AMZN,2005-10-26,2.049999952316284,2.055000066757202,1.9739999771118164,1.987499952316284,602094000.0,51.54543136623546,40.649917955052636,42.06044171281677,34.11425308964722,38.020174728478786,5.07,100.0,-1.27,17.16
AMZN,2005-10-27,1.98199999332428,1.995000004768372,1.9429999589920044,1.9529999494552608,175406000.0,51.69375358017915,40.74660574083777,42.114520490214275,34.178661349938984,38.05866910390767,5.19,100.0,-1.23,17.06
AMZN,2005-10-28,1.977499961853028,1.982499957084656,1.9359999895095823,1.9474999904632568,123184000.0,51.67137517966176,40.67692579037691,42.04282163214344,34.18085616005443,38.04735101576184,5.3,98.0,-1.19,17.19
AMZN,2005-10-31,1.9674999713897705,2.0195000171661377,1.955999970436096,1.993000030517578,135612000.0,52.227418640654875,41.01362367119401,42.16135676352145,34.27714371104851,38.01475710361988,5.42,100.0,-1.13,16.97
AMZN,2005-11-01,1.9984999895095823,2.0369999408721924,1.982499957084656,2.0185000896453857,107660000.0,52.100780697391315,41.068423815341404,42.17872902794092,34.30608218499084,37.90340647696134,5.53,100.0,-1.07,16.94
AMZN,2005-11-02,2.01449990272522,2.061500072479248,1.9900000095367432,2.0374999046325684,97236000.0,52.02118305794517,41.103284698106116,42.19307234562171,34.281073310012374,37.90236938873847,5.64,100.0,-0.99,16.92
AMZN,2005-11-03,2.0445001125335693,2.0999999046325684,2.0425000190734863,2.078000068664551,140000000.0,52.013109938428656,41.03491463916218,42.288092862452686,34.354255662884285,37.85671342417159,5.75,100.0,-0.91,16.74
AMZN,2005-11-04,2.07450008392334,2.0899999141693115,2.0455000400543213,2.054500102996826,88908000.0,52.10026893175469,41.018680835723,42.3339020327102,34.357513292515115,37.86205683328312,5.86,100.0,-0.83,16.65
AMZN,2005-11-07,2.053999900817871,2.073499917984009,2.0274999141693115,2.069499969482422,67722000.0,51.49828537852174,40.82178004850629,42.324225056446366,34.30114899254437,37.814459348373454,5.96,99.0,-0.73,16.67
AMZN,2005-11-08,2.066499948501587,2.1054999828338623,2.051500082015991,2.0975000858306885,99016000.0,51.67261892753064,40.724308751085154,42.34059615179428,34.266777256678445,37.836521318187145,6.06,100.0,-0.63,16.65
AMZN,2005-11-09,2.0894999504089355,2.0999999046325684,2.063999891281128,2.069999933242798,69432000.0,51.76128140683082,40.664557789242544,42.38153304421224,34.262837385720985,37.818570239622055,6.16,100.0,-0.52,16.57
AMZN,2005-11-10,2.073499917984009,2.122499942779541,2.0429999828338623,2.108999967575073,111710000.0,51.13834269131468,40.86261687983048,42.436599912327544,34.31496641039071,37.815722206645155,6.25,100.0,-0.4,16.47
AMZN,2005-11-11,2.118499994277954,2.1519999504089355,2.112499952316284,2.134000062942505,79644000.0,51.14897970632716,40.90643757539843,42.45407906244939,34.33467251950588,37.611244704053426,6.35,100.0,-0.26,16.44
AMZN,2005-11-14,2.125999927520752,2.150000095367432,2.117000102996826,2.126499891281128,62062000.0,50.87870724424064,40.9113948529286,42.457835073637604,34.33401967727398,37.598672569642666,6.44,100.0,-0.11,16.43
AMZN,2005-11-15,2.2730000019073486,2.282500028610229,2.2214999198913574,2.2225000858306885,425558000.0,52.21704773323813,41.92057304002078,42.92862938701047,34.71059736929342,37.79877755699267,6.53,100.0,0.04,15.66
AMZN,2005-11-16,2.213500022888184,2.2699999809265137,2.211999893188477,2.265000104904175,159340000.0,52.42875093099916,42.05706523817192,42.9173116169157,34.77199626011989,37.841184889615825,6.62,99.0,0.2,15.69
AMZN,2005-11-17,2.2715001106262207,2.338000059127808,2.2679998874664307,2.336999893188477,233752000.0,53.04804544829498,42.18350091396217,42.95180767140475,34.948859055392255,37.94992412791963,6.59,100.0,0.32,15.65
AMZN,2005-11-18,2.345000028610229,2.400000095367432,2.3329999446868896,2.3989999294281006,1186656000.0,53.43523180937545,42.47641167037632,43.04515561860636,35.04464077483369,37.74469648917794,6.56,100.0,0.4,15.51
AMZN,2005-11-21,2.378499984741211,2.415499925613404,2.364000082015991,2.399499893188477,357398000.0,53.43813214242367,42.47795911558633,43.00956856985157,34.99877911921625,37.7188699731465,6.52,99.0,0.4,15.57
AMZN,2005-11-22,2.375,2.450500011444092,2.367000102996826,2.442500114440918,259814000.0,53.490624918942544,42.57054431205232,43.0414329822905,35.0124315881679,37.75192223640245,6.46,99.0,0.32,15.53
AMZN,2005-11-23,2.438499927520752,2.447999954223633,2.4045000076293945,2.4119999408721924,149664000.0,53.25295384556929,42.63686645577457,42.831023996254224,35.00412696791441,37.761425015816755,6.41,94.0,0.32,15.86
AMZN,2005-11-25,2.4024999141693115,2.424000024795532,2.38100004196167,2.4030001163482666,53916000.0,53.29808548099651,42.64943109235209,42.84155074988437,35.002074455600805,37.75593800924328,6.35,94.0,0.26,15.84
AMZN,2005-11-28,2.407500028610229,2.4560000896453857,2.38100004196167,2.4175000190734863,213418000.0,52.853315593602964,42.401717669808505,42.83117152600757,34.99797626977451,37.756583851099805,6.28,93.0,0.1,15.86
AMZN,2005-11-29,2.415499925613404,2.4714999198913574,2.4059998989105225,2.427500009536743,207688000.0,52.346834240937724,42.34822092171201,42.72084587924165,34.95886386258758,37.71495134984747,6.21,91.0,-0.02,16.04
AMZN,2005-11-30,2.424000024795532,2.434000015258789,2.377500057220459,2.4230000972747803,158512000.0,52.265249407422665,41.208115540779474,42.59750044506118,34.937080116196796,37.70981224860948,6.13,90.0,-0.08,16.25
AMZN,2005-12-01,2.444000005722046,2.470000028610229,2.43149995803833,2.450000047683716,157334000.0,51.835470803749054,41.25224724389508,42.530549154578345,34.95347069726048,37.72185539694865,6.05,89.0,-0.08,16.37
AMZN,2005-12-02,2.446000099182129,2.4765000343322754,2.4200000762939453,2.453000068664551,129032000.0,51.4571017110361,41.04874460685537,42.529571920402496,34.951055068724344,37.720845095274626,5.96,88.0,-0.11,16.37
AMZN,2005-12-05,2.443000078201294,2.4674999713897705,2.4375,2.441499948501587,105018000.0,51.21939966515535,41.07031065210688,42.4735728240769,34.9054279360768,37.691240441826366,5.86,87.0,-0.11,16.47
AMZN,2005-12-06,2.453000068664551,2.494999885559082,2.453000068664551,2.463000059127808,191628000.0,50.944193509036864,40.50602243341347,42.47990486392615,34.851103162997504,37.54393091630828,5.75,87.0,-0.12,16.46
AMZN,2005-12-07,2.4655001163482666,2.4735000133514404,2.414499998092652,2.441499948501587,135936000.0,50.759624814523995,40.45137607706189,42.5189230073627,34.87494783328874,37.53551537127311,5.62,87.0,-0.18,16.38
AMZN,2005-12-08,2.441499948501587,2.4549999237060547,2.3929998874664307,2.4175000190734863,142880000.0,23.132346770258074,40.292643626987605,42.400115165422655,34.878682724542614,37.45209367957197,5.49,81.0,-0.19,16.59
AMZN,2005-12-09,2.432499885559082,2.45199990272522,2.4124999046325684,2.437000036239624,94180000.0,21.981699388932732,40.24566707567889,42.40789201216709,34.850186222266935,37.40351313576464,5.34,81.0,-0.21,16.57
AMZN,2005-12-12,2.4574999809265137,2.4649999141693115,2.431999921798706,2.4535000324249268,68486000.0,21.769787705937997,40.25643966187074,42.39267375919947,34.85434697655037,37.36008845688908,5.18,79.0,-0.26,16.6
AMZN,2005-12-13,2.427000045776367,2.4835000038146973,2.424000024795532,2.4749999046325684,116256000.0,21.279576835843695,40.27131112526552,42.40183523612972,34.7448950549134,37.34068970020476,5.01,80.0,-0.33,16.59
AMZN,2005-12-14,2.4600000381469727,2.4800000190734863,2.439500093460083,2.470499992370605,99318000.0,21.3702357899472,39.99029453995933,42.40572183997058,34.74543358057112,37.318931571085045,4.82,80.0,-0.44,16.58
AMZN,2005-12-15,2.4749999046325684,2.497499942779541,2.452500104904175,2.4739999771118164,116410000.0,21.409353620996256,39.82163625235707,42.38589964777948,34.72655416182483,37.239908397000576,4.61,76.0,-0.63,16.62
AMZN,2005-12-16,2.470000028610229,2.496000051498413,2.4605000019073486,2.4605000019073486,112530000.0,21.30145528344531,39.701491494858,35.68738874701139,34.59301385391038,37.24481024949441,4.59,64.0,-0.69,18.69
AMZN,2005-12-19,2.44950008392334,2.5,2.41599988937378,2.4184999465942383,166174000.0,21.76904020148168,39.908859171255465,35.09077252628669,34.65903537465703,37.185361684321265,4.57,63.0,-0.75,19.71
AMZN,2005-12-20,2.4230000972747803,2.430000066757202,2.384000062942505,2.407000064849853,110704000.0,21.959615351113072,39.601074002549765,35.04654829354813,34.62261681274659,37.174968347296755,4.54,62.0,-0.8,19.86
AMZN,2005-12-21,2.414499998092652,2.453000068664551,2.388999938964844,2.448499917984009,146450000.0,22.106225366338183,39.704986987574145,35.13190928743059,34.66984775915945,37.209876827216,4.52,63.0,-0.86,19.75
AMZN,2005-12-22,2.444999933242798,2.46399998664856,2.4179999828338623,2.4609999656677246,88436000.0,21.41120710301357,39.70572201558157,34.72140842343723,34.64927377041542,37.177999035971155,4.5,60.0,-0.89,20.63
AMZN,2005-12-23,2.4544999599456787,2.469500064849853,2.436000108718872,2.4609999656677246,64130000.0,21.11551570176709,39.208126586232744,34.69018760425308,34.64927377041542,36.27978507007964,4.49,59.0,-0.93,20.76
AMZN,2005-12-27,2.444999933242798,2.4549999237060547,2.4179999828338623,2.427999973297119,116374000.0,21.688509472930946,39.27442550636863,34.68276706215347,34.697308502061745,35.89631681360217,4.47,58.0,-0.98,20.79
AMZN,2005-12-28,2.424499988555908,2.427500009536743,2.3949999809265137,2.4030001163482666,90636000.0,21.990763748143575,39.22767955012837,34.71846425099003,34.7010302381309,35.91001961608304,4.45,59.0,-1.03,20.66
AMZN,2005-12-29,2.406500101089477,2.4230000972747803,2.3984999656677246,2.399499893188477,63422000.0,18.45619618330944,38.898146403053104,34.696292687292086,34.67617607882411,35.909114873008114,4.43,58.0,-1.06,20.66
AMZN,2005-12-30,2.3864998817443848,2.4100000858306885,2.3570001125335693,2.3575000762939453,108022000.0,18.679299519700095,39.02483205270966,34.804322299837104,34.56751528069149,35.92042146537897,4.42,60.0,-1.08,20.25
AMZN,2006-01-03,2.373500108718872,2.3924999237060547,2.3125,2.378999948501587,151644000.0,16.574229661752444,38.98078831464939,34.57911455027352,34.57631097624448,35.927910317693076,4.4,54.0,-1.11,21.03
AMZN,2006-01-04,2.374500036239624,2.3864998817443848,2.3345000743865967,2.362499952316284,148818000.0,14.818106312410425,38.98387612643607,34.56667975194655,34.57728787439131,35.50562912325697,4.38,53.0,-1.14,20.97
AMZN,2006-01-05,2.3580000400543213,2.4100000858306885,2.3554999828338623,2.382499933242798,108344000.0,15.042678602655938,39.01116682508746,34.39082098140721,34.55525326873914,35.502297833541604,4.37,48.0,-1.17,21.63
AMZN,2006-01-06,2.3984999656677246,2.428999900817871,2.365999937057495,2.3935000896453857,123058000.0,14.130414539212133,38.96389203803687,34.27447357132924,34.52553007388913,35.459001551327226,4.36,46.0,-1.2,21.88
AMZN,2006-01-09,2.327500104904175,2.3550000190734863,2.319999933242798,2.3540000915527344,178862000.0,14.473556944576158,38.89546265108715,34.26661056455083,34.49166086953075,35.37356286774001,4.35,45.0,-1.21,21.9
AMZN,2006-01-10,2.320499897003174,2.337500095367432,2.2679998874664307,2.282500028610229,193722000.0,16.881708713301073,39.46271200933516,34.62358938002008,34.675340480795654,35.49203402417771,4.33,54.0,-1.22,20.78
AMZN,2006-01-11,2.282500028610229,2.2850000858306885,2.213000059127808,2.246500015258789,169944000.0,17.201382591491413,39.238530975812154,34.68903278945463,34.59585188191976,35.525535638601454,4.32,55.0,-1.21,20.57
AMZN,2006-01-12,2.239500045776367,2.254499912261963,2.2044999599456787,2.2179999351501465,116366000.0,17.33680370542062,38.91226469913382,34.75068109480502,34.423147448433944,35.51559832933429,4.3,59.0,-1.21,20.33
AMZN,2006-01-13,2.2235000133514404,2.242500066757202,2.200000047683716,2.220000028610229,88644000.0,17.37111436808984,38.87702480366503,34.750525741487046,34.313914237725186,35.508960606903415,4.28,58.0,-1.2,20.33
AMZN,2006-01-17,2.197499990463257,2.2160000801086426,2.183000087738037,2.200000047683716,112620000.0,16.935851360334965,38.512147958364544,34.75701679542462,34.32862460633012,35.23717048257763,4.27,59.0,-1.2,20.31
AMZN,2006-01-18,2.1594998836517334,2.2295000553131104,2.1549999713897705,2.2160000801086426,174866000.0,17.172829927612998,38.360515434782386,34.54942339672246,34.24495078521758,35.24465373184898,4.25,47.0,-1.17,21.03
AMZN,2006-01-19,2.2244999408721924,2.26200008392334,2.2149999141693115,2.2225000858306885,103138000.0,17.26424645082007,38.11868654592882,34.55033345145696,34.24471053964942,35.21787790593572,4.24,47.0,-1.15,21.06
AMZN,2006-01-20,2.2114999294281006,2.2179999351501465,2.1600000858306885,2.196000099182129,166148000.0,17.068240673404368,37.9185219924306,34.60676289916856,34.19324146976529,35.041340372116025,4.22,49.0,-1.13,20.83
AMZN,2006-01-23,2.2090001106262207,2.237499952316284,2.174999952316284,2.186500072479248,115056000.0,17.004928827976954,37.792339682820284,34.58089479915492,34.19963922907077,34.924186649399836,4.2,48.0,-1.12,20.82
AMZN,2006-01-24,2.183000087738037,2.2214999198913574,2.1710000038146973,2.200999975204468,86848000.0,17.153224942053818,21.61888443464217,34.57588744352277,34.15907567319797,34.87566141374682,4.18,46.0,-1.1,20.91
AMZN,2006-01-25,2.202500104904175,2.2235000133514404,2.1670000553131104,2.180000066757202,85742000.0,16.91551172963339,21.377770956353338,34.60376522585564,34.182598135793114,34.86357594497354,4.16,48.0,-1.09,20.75
AMZN,2006-01-26,2.197499990463257,2.239000082015991,2.189500093460083,2.233999967575073,97790000.0,18.567060834355775,21.85039309897647,34.657414643846636,34.25595785817481,34.9349143264152,4.15,50.0,-1.05,20.86
AMZN,2006-01-27,2.227499961853028,2.260999917984009,2.2265000343322754,2.260999917984009,83480000.0,18.772759567998857,21.515136989911912,34.67631045468236,34.24047428177829,34.87923306998335,4.13,50.0,-1.01,20.92
AMZN,2006-01-30,2.2704999446868896,2.298500061035156,2.236999988555908,2.247999906539917,81996000.0,18.78577659271935,21.45912024900496,33.79866744356413,34.25151021668666,34.88363438750885,4.13,28.0,-1.0,22.87
AMZN,2006-01-31,2.23799991607666,2.260499954223633,2.212500095367432,2.240999937057495,81120000.0,18.735999386969468,21.42344014412675,33.80110616649742,34.25601495995071,34.80759538511221,4.12,28.0,-0.99,22.83
AMZN,2006-02-01,2.196000099182129,2.234499931335449,2.174999952316284,2.1989998817443848,150028000.0,19.269426278537765,21.49132820995131,33.817259252677836,34.28005054695433,34.81627079640773,4.12,28.0,-0.97,22.77
AMZN,2006-02-02,2.191999912261963,2.20199990272522,1.9900000095367432,2.13700008392334,474186000.0,20.219887757109152,22.191548099331904,34.12564970833586,34.45882623680058,34.90536703516064,4.11,30.0,-0.98,21.72
AMZN,2006-02-03,1.8849999904632568,1.924999952316284,1.868499994277954,1.9164999723434448,670626000.0,36.4880453322162,31.522374218573756,37.7992914688494,36.78441613399219,32.951832658975206,4.09,64.0,-0.89,17.03
AMZN,2006-02-06,1.9170000553131104,1.9170000553131104,1.888499975204468,1.8975000381469729,170064000.0,35.731923140389675,31.420324169708152,37.779666115370055,36.795801633724565,32.96756252312732,4.08,63.0,-0.81,17.09
AMZN,2006-02-07,1.9045000076293943,1.909999966621399,1.8600000143051147,1.8760000467300413,148072000.0,35.50582125526861,31.39424277543285,37.70814639511972,36.82053439433155,32.98792664174441,4.06,62.0,-0.7,17.28
AMZN,2006-02-08,1.8849999904632568,1.91949999332428,1.8554999828338623,1.9084999561309808,150874000.0,36.22776216927263,31.354550536125096,37.80196600940112,36.870426941675404,32.989099107962126,4.04,64.0,-0.69,17.23
AMZN,2006-02-09,1.930500030517578,1.950000047683716,1.8964999914169312,1.899500012397766,138656000.0,36.21124809959876,31.23441066713794,37.80266940005521,36.87185475810594,32.972431808163435,4.02,64.0,-0.68,17.19
AMZN,2006-02-10,1.89900004863739,1.9259999990463257,1.868499994277954,1.9259999990463257,100236000.0,36.760707107760076,31.39939913022503,37.87805943849708,36.892045199592886,32.99887443776382,4.0,64.0,-0.71,17.11
AMZN,2006-02-13,1.912500023841858,1.9210000038146973,1.8765000104904173,1.89300000667572,95008000.0,36.825385358716204,30.06750851855367,37.83545046608706,36.94664330437546,33.04563743720521,3.97,63.0,-0.7,17.22
AMZN,2006-02-14,1.9019999504089355,1.924499988555908,1.86899995803833,1.912500023841858,90284000.0,37.07039928456975,29.852570810506172,37.81082257232211,36.96495737718418,33.053996401972206,3.95,62.0,-0.71,17.41
AMZN,2006-02-15,1.9119999408721924,1.96399998664856,1.9049999713897705,1.963000059127808,138054000.0,38.02400692114946,29.615588332942465,37.90874591990429,37.08930939643163,33.15361684246072,3.92,64.0,-0.75,17.24
AMZN,2006-02-16,1.968500018119812,2.0,1.941499948501587,1.9574999809265137,112760000.0,38.037815346536206,28.98861842311174,37.906479555146845,36.95249293745165,33.12661038083752,3.9,63.0,-0.79,17.21
AMZN,2006-02-17,1.946499943733216,1.968999981880188,1.945500016212464,1.9594999551773071,91636000.0,37.84918215345433,28.993405600013126,37.64788240104017,36.95099988472664,33.12664098213708,3.87,54.0,-0.85,17.61
AMZN,2006-02-21,1.950500011444092,1.95550000667572,1.9129999876022337,1.914499998092652,101122000.0,37.99805697433305,28.93402212540278,37.80994285330089,36.95505003460871,33.19232182347761,3.84,59.0,-0.89,17.17
AMZN,2006-02-22,1.9155000448226929,1.955000042915344,1.8854999542236328,1.9359999895095823,147138000.0,38.266950169183325,29.04460646061495,37.848927012871734,36.97296577652221,33.165034623299114,3.81,61.0,-0.95,17.12
AMZN,2006-02-23,1.930999994277954,1.9375,1.893499970436096,1.8949999809265137,185750000.0,37.84089109948583,29.27132445310834,37.60260674641513,37.03509619004862,33.19200413135624,3.78,51.0,-1.0,17.32
AMZN,2006-02-24,1.912500023841858,1.9205000400543213,1.89300000667572,1.9175000190734863,74400000.0,38.075076513129424,29.379387149516518,37.60691699095999,37.01516572503975,33.1749551075043,3.76,51.0,-1.06,17.31
AMZN,2006-02-27,1.919999957084656,1.9390000104904173,1.8964999914169312,1.900500059127808,88982000.0,38.025483396096995,29.34939953067251,37.522214598669585,37.01257276320767,33.177660953405976,3.73,49.0,-1.11,17.36
AMZN,2006-02-28,1.8895000219345093,1.9045000076293943,1.852499961853028,1.871999979019165,183018000.0,38.08718351063852,29.43209008162559,37.41908348971355,37.04754139017072,33.20953904625045,3.7,48.0,-1.15,17.63
AMZN,2006-03-01,1.872499942779541,1.8845000267028809,1.8424999713897705,1.8559999465942385,139630000.0,38.0838431765309,29.26860331036555,37.412756719261765,37.06141296161238,33.21628059549785,3.68,47.0,-1.18,17.65
AMZN,2006-03-02,1.781999945640564,1.850000023841858,1.7684999704360962,1.843999981880188,231674000.0,37.88665652684345,29.2454088178236,37.39234406019411,37.066273318101324,33.22167711910508,3.65,46.0,-1.21,17.72
AMZN,2006-03-03,1.844499945640564,1.8914999961853027,1.8335000276565552,1.8604999780654907,120898000.0,38.05010864469616,29.379192540159654,37.42231836097565,37.07483231218646,33.23075251649859,3.62,48.0,-1.24,17.74
AMZN,2006-03-06,1.866000056266785,1.878999948501587,1.838500022888184,1.843000054359436,85166000.0,38.021977637948936,29.264024604570615,37.44067231935449,37.07608813520638,33.240151968831846,3.6,48.0,-1.27,17.64
AMZN,2006-03-07,1.8355000019073489,1.871000051498413,1.8350000381469729,1.846500039100647,94446000.0,38.08628615034833,29.28439411145668,37.4301975023471,37.06494829130108,33.21536221708053,3.57,47.0,-1.3,17.72
AMZN,2006-03-08,1.8359999656677248,1.8734999895095823,1.83050000667572,1.840499997138977,124732000.0,37.917666028174665,29.26538913962777,37.317814487985835,37.046310280196934,33.18879849617725,3.54,42.0,-1.33,18.06
AMZN,2006-03-09,1.840000033378601,1.8480000495910645,1.7949999570846558,1.805999994277954,144002000.0,38.09135701461997,29.291929647739757,37.41711068432635,37.10040258479507,33.22108740963039,3.51,44.0,-1.34,17.72
AMZN,2006-03-10,1.812000036239624,1.825000047683716,1.7869999408721924,1.8109999895095823,99454000.0,37.07505893018431,29.23505177428335,37.13982493597216,37.097580233984786,33.19230206616568,3.49,40.0,-1.37,18.19
AMZN,2006-03-13,1.815500020980835,1.8315000534057613,1.7984999418258667,1.809499979019165,65562000.0,36.68765514182228,29.10792716427842,36.83595300189117,37.09135572736438,33.18903925055442,3.47,39.0,-1.39,18.7
AMZN,2006-03-14,1.8020000457763672,1.850000023841858,1.8005000352859497,1.8454999923706048,83704000.0,37.52068083719733,29.54608811918818,36.98567490854423,37.13682729571308,33.243344618631056,3.44,39.0,-1.43,18.52
AMZN,2006-03-15,1.847499966621399,1.850000023841858,1.821499943733216,1.844499945640564,56030000.0,37.548735831496,29.531044161340514,36.70034005970404,37.09262108461891,33.21987147689311,3.42,37.0,-1.46,19.01
AMZN,2006-03-16,1.8539999723434448,1.869500041007996,1.837000012397766,1.838500022888184,96456000.0,37.372196833526544,29.532678236767186,36.60501347623791,36.98943021440106,33.20837373444138,3.41,36.0,-1.49,19.33
AMZN,2006-03-17,1.843999981880188,1.8489999771118164,1.7925000190734863,1.7994999885559082,137724000.0,37.05172442427113,29.620744760787126,36.55090137186818,37.05676277293854,33.27852675973413,3.39,35.0,-1.5,19.2
AMZN,2006-03-20,1.7960000038146973,1.8634999990463257,1.7899999618530271,1.8114999532699585,123416000.0,20.55453038705897,29.715584207231238,36.38551020898193,37.0509692195553,33.28042294851228,3.37,34.0,-1.51,19.51
AMZN,2006-03-21,1.7960000038146973,1.83650004863739,1.7829999923706057,1.7960000038146973,133432000.0,20.511489553295778,29.37387097711684,36.331849437084415,37.05993498617603,33.259635196873376,3.36,33.0,-1.52,19.69
AMZN,2006-03-22,1.7999999523162842,1.8270000219345093,1.7894999980926514,1.7999999523162842,86016000.0,20.33882254911502,29.336956907198136,27.623841964811362,36.8332942990638,33.222229382722794,3.5,1.0,-1.53,13.34
AMZN,2006-03-23,1.7979999780654907,1.8170000314712524,1.77400004863739,1.784000039100647,80718000.0,19.66551406357658,29.32625490937257,27.526621377729825,36.849356833935836,33.23506358189077,3.64,1.0,-1.53,13.61
AMZN,2006-03-24,1.7860000133514404,1.805999994277954,1.7654999494552612,1.7734999656677246,73640000.0,19.681342576985468,29.277498693300664,27.53642980313231,36.854644343911716,33.22758272395461,3.77,2.0,-1.53,13.57
AMZN,2006-03-27,1.774999976158142,1.7829999923706057,1.756999969482422,1.7625000476837158,74170000.0,19.10206926770871,29.258913840453005,27.277248848866837,36.765220483277176,33.19931222614363,3.89,1.0,-1.53,14.02
AMZN,2006-03-28,1.7604999542236328,1.8009999990463257,1.7599999904632568,1.784500002861023,114544000.0,19.105249453594926,29.47112486430295,27.273276494107456,36.68293195166469,33.22155162693301,4.0,1.0,-1.54,14.02
AMZN,2006-03-29,1.784500002861023,1.840499997138977,1.7654999494552612,1.815999984741211,143984000.0,19.616739279215583,29.702662671704584,27.38401238840609,36.66471375699765,33.164094097440056,4.1,3.0,-1.56,13.8
AMZN,2006-03-30,1.8224999904632568,1.8450000286102293,1.809000015258789,1.8335000276565552,80984000.0,18.112340271362847,29.712732720534245,27.235035018936273,36.6765569591376,33.17686699490889,4.2,1.0,-1.58,14.1
AMZN,2006-03-31,1.8339999914169312,1.838500022888184,1.8240000009536743,1.8265000581741333,53180000.0,18.117345167234703,29.707875966453557,27.189951589312813,36.61363184915814,33.169987621989065,4.29,1.0,-1.6,14.25
AMZN,2006-04-03,1.8335000276565552,1.8665000200271609,1.8049999475479128,1.807000041007996,101080000.0,18.24943419607802,29.616910450850785,27.197759459801446,36.63508332731172,33.065109173481375,4.37,2.0,-1.62,14.14
AMZN,2006-04-04,1.807000041007996,1.8550000190734863,1.8009999990463257,1.838500022888184,74356000.0,18.06524458992361,29.897941333384743,27.257747082605377,36.692874816309015,33.1003825312105,4.44,4.0,-1.64,14.02
AMZN,2006-04-05,1.8329999446868896,1.8669999837875368,1.8135000467300413,1.8669999837875368,111190000.0,18.35799743757354,30.057678512672393,27.318203239606426,36.60801233043255,33.10823749436443,4.51,7.0,-1.66,14.02
AMZN,2006-04-06,1.8600000143051147,1.9420000314712524,1.856500029563904,1.9255000352859497,185892000.0,19.57025310193665,30.350216934076624,27.608852554047164,36.791021100442265,33.24857778063575,4.56,11.0,-1.67,13.47
AMZN,2006-04-07,1.9275000095367432,1.933500051498413,1.850000023841858,1.8545000553131104,114090000.0,22.159705422276442,31.065218112598014,28.137819791235984,37.05328527082761,33.45272690647737,4.6,13.0,-1.69,12.22
AMZN,2006-04-10,1.857499957084656,1.8639999628067017,1.8109999895095823,1.83050000667572,94950000.0,22.317235534893953,31.068663550623626,28.196419837486552,37.08469648848646,33.47915517499068,4.63,14.0,-1.71,12.06
AMZN,2006-04-11,1.83050000667572,1.837499976158142,1.7760000228881836,1.8029999732971191,132112000.0,22.318723781724568,31.15198592800823,27.30975558140377,37.126775968697565,33.51430410492619,4.67,7.0,-1.72,13.28
AMZN,2006-04-12,1.7955000400543213,1.8220000267028809,1.7955000400543213,1.80649995803833,57116000.0,22.22652249286555,31.149285170501194,27.109059134550378,37.12239763969956,33.500499596273166,4.71,1.0,-1.72,13.65
AMZN,2006-04-13,1.7975000143051147,1.8359999656677248,1.774500012397766,1.830999970436096,74304000.0,22.54113501569787,31.26507333673888,26.69195553450312,32.86936910177327,33.51193632178226,4.74,1.0,-1.72,14.46
AMZN,2006-04-17,1.8235000371932983,1.830999970436096,1.752500057220459,1.7634999752044678,88844000.0,24.812272308271822,32.01923448528314,26.869489829363484,32.68559195687178,33.60341101668086,4.77,2.0,-1.71,13.73
AMZN,2006-04-18,1.7695000171661377,1.8224999904632568,1.7599999904632568,1.8140000104904173,91914000.0,26.167415868622037,32.63788108287947,27.32124590332285,32.85030954535779,33.719493144728375,4.78,12.0,-1.69,12.91
AMZN,2006-04-19,1.805999994277954,1.8480000495910645,1.7944999933242798,1.844499945640564,85610000.0,26.63277738468902,32.88928525889207,27.30094497390589,32.915379093912016,33.75126840302584,4.79,10.0,-1.67,12.95
AMZN,2006-04-20,1.8350000381469729,1.8600000143051147,1.8114999532699585,1.8170000314712524,107752000.0,26.972522414276405,32.92271688429348,27.32605593246042,32.68119987647194,33.758258909173236,4.79,14.0,-1.65,12.88
AMZN,2006-04-21,1.830999970436096,1.83899998664856,1.7860000133514404,1.8014999628067017,88470000.0,26.518669653514195,32.9149239063495,27.340877420665098,32.68098083602061,33.740712861321185,4.79,15.0,-1.62,12.82
AMZN,2006-04-24,1.805999994277954,1.805999994277954,1.7660000324249268,1.7894999980926514,61752000.0,26.57182665960357,32.41262898735358,27.309992461916178,32.651543774423445,33.68254572247023,4.79,12.0,-1.59,12.82
AMZN,2006-04-25,1.7795000076293943,1.78849995136261,1.750499963760376,1.777500033378601,255810000.0,26.635074088734033,32.25178847404253,27.292156727742565,32.65605846911952,33.658740579082036,4.78,10.0,-1.56,12.81
AMZN,2006-04-26,1.7669999599456787,1.8174999952316284,1.7575000524520874,1.7894999980926514,221430000.0,26.034790027464656,32.3242968389652,27.33623388200111,32.64887986121393,33.57118088309397,4.77,17.0,-1.52,12.75
AMZN,2006-04-27,1.7755000591278076,1.7934999465942385,1.7649999856948853,1.7869999408721924,118650000.0,26.03458613880239,32.32777306830364,27.243870225951127,32.63748545949344,33.426278665438744,4.76,7.0,-1.48,12.89
AMZN,2006-04-28,1.78849995136261,1.7944999933242798,1.756999969482422,1.7604999542236328,69850000.0,26.338853099683103,32.258354714926746,27.29851650750415,32.54829162203475,33.371304762355756,4.74,12.0,-1.43,12.68
AMZN,2006-05-01,1.7595000267028809,1.778499960899353,1.722000002861023,1.7295000553131104,141454000.0,26.1169720072161,31.97644598389648,27.39398941615229,32.577952680411336,33.41621074132155,4.71,22.0,-1.38,12.4
AMZN,2006-05-02,1.7319999933242798,1.746999979019165,1.71150004863739,1.718999981880188,117140000.0,26.040025082419653,23.25876061968844,27.32679866815798,32.48582108580291,33.34670122478832,4.69,19.0,-1.33,12.48
AMZN,2006-05-03,1.7144999504089355,1.719499945640564,1.6755000352859497,1.6979999542236328,151718000.0,26.14636337713039,23.29847099462744,27.34949076334961,32.42170823745671,33.36834303639139,4.65,22.0,-1.27,12.41
AMZN,2006-05-04,1.7309999465942385,1.7359999418258667,1.718999981880188,1.7235000133514404,119958000.0,26.573787577014517,23.461242286973604,27.48803824797091,32.42604323285126,33.32687982546243,4.61,25.0,-1.21,12.24
AMZN,2006-05-05,1.7324999570846558,1.7519999742507937,1.7074999809265137,1.7519999742507937,114818000.0,26.965297936790332,23.43554421053307,27.608329273769655,32.49333949710873,33.36691957839761,4.56,28.0,-1.15,12.03
AMZN,2006-05-08,1.749500036239624,1.7654999494552612,1.7235000133514404,1.7345000505447388,84736000.0,27.062394999841683,23.49271426100662,27.581408592392247,32.49744784453142,33.34239807222977,4.51,28.0,-1.08,12.0
AMZN,2006-05-09,1.7209999561309814,1.7630000114440918,1.7105000019073486,1.7419999837875366,109694000.0,27.049267271247036,23.30676231486435,27.540638466012542,32.50397564143132,33.34338238153447,4.46,28.0,-1.02,12.07
AMZN,2006-05-10,1.7339999675750732,1.75,1.7050000429153442,1.7079999446868896,66006000.0,27.329239770273116,23.38141913507544,27.658843926966465,32.57583504350563,33.380527566136834,4.39,33.0,-0.96,11.73
AMZN,2006-05-11,1.7059999704360962,1.7074999809265137,1.6540000438690186,1.6764999628067017,153920000.0,27.15599500806798,23.49863321340399,27.74734146477849,32.630301661266095,33.41074527436312,4.32,34.0,-0.9,11.46
AMZN,2006-05-12,1.6779999732971191,1.6890000104904177,1.627500057220459,1.6365000009536743,97472000.0,27.59003023667986,23.170472270947055,27.932202507780367,32.62703265576066,33.49750089592454,4.34,35.0,-0.83,11.01
AMZN,2006-05-15,1.627500057220459,1.6425000429153442,1.6104999780654907,1.6390000581741333,86100000.0,27.632984674391782,23.18928113674896,27.86617546125193,32.62891328701421,33.497525624238875,4.36,35.0,-0.74,11.23
AMZN,2006-05-16,1.6419999599456787,1.6510000228881836,1.616000056266785,1.6380000114440918,104432000.0,27.561897777498856,23.17972694747151,27.870660448193302,32.62731519413924,33.44412402560684,4.38,36.0,-0.65,11.24
AMZN,2006-05-17,1.622499942779541,1.6349999904632568,1.5765000581741333,1.5805000066757202,134082000.0,28.396655094534122,23.779951517300425,28.12077172635073,32.85044960549172,33.62716763710548,4.4,38.0,-0.57,10.58
AMZN,2006-05-18,1.5855000019073486,1.6820000410079956,1.5759999752044678,1.6304999589920044,240544000.0,29.718486114872654,24.632506571088925,28.64337144083109,33.07274100861241,33.729470275770296,4.41,41.0,-0.52,9.88
AMZN,2006-05-19,1.6330000162124634,1.7000000476837158,1.6015000343322754,1.6970000267028809,196344000.0,30.76120349463947,25.841270447835136,29.48035140101506,33.42627833295302,33.96096659031867,4.42,42.0,-0.49,8.94
AMZN,2006-05-22,1.6979999542236328,1.749500036239624,1.659000039100647,1.7415000200271606,222458000.0,30.2752335445092,26.31558198130406,29.808811849724208,33.50245087006486,34.06002250863011,4.42,43.0,-0.42,8.61
AMZN,2006-05-23,1.75,1.7999999523162842,1.687999963760376,1.687999963760376,176454000.0,31.286905136889477,26.96843411415411,30.116148260842802,33.682749950485,34.197888814638034,4.42,44.0,-0.34,8.12
AMZN,2006-05-24,1.6705000400543213,1.7615000009536743,1.6684999465942385,1.7595000267028809,190842000.0,33.55307300003126,28.25469339484914,30.95138141963607,33.524337121498846,34.44905356425507,4.42,45.0,-0.26,7.38
AMZN,2006-05-25,1.7680000066757202,1.784500002861023,1.7300000190734863,1.781499981880188,116914000.0,33.764838658109326,28.342816751948924,30.95968361582543,33.560255756951534,34.46175930409105,4.41,46.0,-0.13,7.45
AMZN,2006-05-26,1.7829999923706057,1.825000047683716,1.7730000019073486,1.803500056266785,90486000.0,33.723651751958556,28.439338775516752,30.995026374296565,33.5389396554548,34.47892818256208,4.41,47.0,-0.03,7.41
AMZN,2006-05-30,1.7864999771118164,1.787500023841858,1.722000002861023,1.7319999933242798,118416000.0,34.008870830135315,29.52973393876745,31.56112667030227,33.86253103503582,34.71590069022052,4.4,48.0,0.08,6.73
AMZN,2006-05-31,1.7369999885559082,1.746999979019165,1.6864999532699585,1.7304999828338623,103932000.0,32.89235980979262,29.479564896928533,31.509104645880768,33.580681963246725,34.71596469850603,4.4,48.0,0.14,6.77
AMZN,2006-06-01,1.7315000295639038,1.7725000381469729,1.715000033378601,1.753499984741211,118640000.0,32.740112482366705,29.618572083834565,31.592746195043375,33.59686657287341,34.63119396845877,4.39,50.0,0.14,6.69
AMZN,2006-06-02,1.7595000267028809,1.7610000371932983,1.7024999856948853,1.7380000352859497,108858000.0,32.57067310120479,29.66037949428218,31.532105821861343,33.54233448168592,34.64141759019129,4.39,49.0,0.17,6.78
AMZN,2006-06-05,1.7230000495910645,1.7269999980926514,1.66349995136261,1.6744999885559082,100988000.0,34.13352093654223,30.362549213927377,31.691087447169426,33.79970671753641,34.76586757308498,4.38,52.0,0.29,6.62
AMZN,2006-06-06,1.6790000200271606,1.690000057220459,1.6464999914169312,1.6705000400543213,85532000.0,34.109779501414145,30.351742937328446,31.62468328667871,33.79742113066487,34.76246850832098,4.37,52.0,0.44,6.74
AMZN,2006-06-07,1.6699999570846558,1.7269999980926514,1.6454999446868896,1.6885000467300415,106076000.0,34.286991536686465,30.452220918852362,31.659069578528644,33.827696215169475,34.76038235144643,4.37,53.0,0.63,6.76
AMZN,2006-06-08,1.6775000095367432,1.7029999494552612,1.621000051498413,1.6775000095367432,166220000.0,34.218698037722824,30.158111784143998,31.659383410728793,33.75402230665423,34.73522203049652,4.36,54.0,0.83,6.74
AMZN,2006-06-09,1.6749999523162842,1.7174999713897705,1.6725000143051147,1.6890000104904177,104652000.0,34.31750008158416,30.206889274794346,31.679982766777204,33.72795034378458,34.72566082440141,4.35,55.0,1.07,6.76
AMZN,2006-06-12,1.7000000476837158,1.722499966621399,1.6744999885559082,1.6799999475479126,83916000.0,34.112224921717264,30.215186867009912,31.64295984082528,33.638518034273446,34.72252573048589,4.34,53.0,1.31,6.77
AMZN,2006-06-13,1.6744999885559082,1.7085000276565552,1.656499981880188,1.6734999418258667,108060000.0,33.77471402789325,29.933236028733358,31.630205386637904,33.636793197204575,34.72386601486998,4.34,53.0,1.56,6.77
AMZN,2006-06-14,1.6749999523162842,1.6994999647140503,1.6540000438690186,1.684000015258789,97382000.0,33.805632797000875,29.928952955718017,31.62837957118967,33.481668691166455,34.726166531888566,4.33,53.0,1.86,6.82
AMZN,2006-06-15,1.6920000314712524,1.7584999799728394,1.683500051498413,1.7480000257492063,124122000.0,35.34655392951586,30.90765875459189,32.256425016910256,33.791516769896916,34.92291394392908,4.32,60.0,2.23,6.33
AMZN,2006-06-16,1.74399995803833,1.7630000114440918,1.7350000143051147,1.7545000314712524,102702000.0,35.11107318937554,30.91465946363381,32.239466602887404,33.78892022693416,34.91156628841507,4.31,60.0,2.65,6.34
AMZN,2006-06-19,1.7599999904632568,1.77400004863739,1.7519999742507937,1.753499984741211,84232000.0,34.790227669166576,30.86389516445795,32.219125663712546,33.55462475502059,34.903351617248546,4.3,60.0,3.14,6.39
AMZN,2006-06-20,1.750499963760376,1.7825000286102295,1.74399995803833,1.77400004863739,89310000.0,34.812005132452384,30.9366053320667,32.01257523820822,33.55624494974915,34.90630853699423,4.29,60.0,3.55,6.57
AMZN,2006-06-21,1.7669999599456787,1.852499961853028,1.7669999599456787,1.8324999809265137,157306000.0,35.99675525044232,31.611708517811604,32.40705563361207,33.73513233895004,35.04577505615225,4.28,64.0,3.65,6.25
AMZN,2006-06-22,1.8274999856948853,1.8424999713897705,1.805500030517578,1.81850004196167,94640000.0,35.54101130678449,31.56051107845644,32.413940569530155,33.63771954345703,35.05137669715409,4.28,65.0,3.46,6.24
AMZN,2006-06-23,1.8229999542236328,1.8324999809265137,1.8009999990463257,1.8274999856948853,78468000.0,35.000157721146344,31.372831511534073,32.4328442285786,33.62956030883864,35.04984216093447,4.28,66.0,2.49,6.24
AMZN,2006-06-26,1.8274999856948853,1.8585000038146973,1.821499943733216,1.838500022888184,72116000.0,34.05541459918137,31.335081805356975,32.343846312368655,33.61984035855335,35.03479227775796,4.27,64.0,0.99,6.4
AMZN,2006-06-27,1.8359999656677248,1.875,1.808500051498413,1.8240000009536743,112820000.0,34.22172860129995,31.36788578105539,32.072984982042925,33.62326758563937,35.01128194850679,4.26,61.0,-0.43,6.74
AMZN,2006-06-28,1.8350000381469729,1.8554999828338623,1.8240000009536743,1.8350000381469729,75034000.0,34.205343084015766,31.31134893268849,27.085346834534107,33.63277633155479,34.93711072889655,4.25,3.0,-0.39,0.14
AMZN,2006-06-29,1.840999960899353,1.928500056266785,1.8350000381469729,1.9259999990463257,127450000.0,34.44924163835308,32.65473588578117,28.12728396662174,34.12464586344558,35.248039200823364,4.22,40.0,-0.39,0.26
AMZN,2006-06-30,1.9290000200271609,1.9420000314712524,1.8914999961853027,1.934000015258789,103824000.0,33.656540487729096,32.52095760400125,28.073059137491533,34.05329830855406,35.23973005476641,4.18,39.0,-0.42,0.28
AMZN,2006-07-03,1.9259999990463257,1.930999994277954,1.9114999771118164,1.930500030517578,28726000.0,32.10062599016717,31.905730360999375,27.944114126796354,34.05264757029175,35.23530844783067,4.15,39.0,-0.42,0.34
AMZN,2006-07-05,1.914000034332276,1.9214999675750728,1.83899998664856,1.8554999828338623,114680000.0,33.84021633888526,32.01177309526322,28.63852884055225,34.20501388742991,35.29540663707436,4.11,45.0,-0.39,0.27
AMZN,2006-07-06,1.8535000085830688,1.8869999647140503,1.825999975204468,1.840000033378601,87454000.0,32.508237489890824,31.94515813827412,28.57759960009021,34.04606127197684,35.306079975550894,4.06,45.0,-0.34,0.3
AMZN,2006-07-07,1.8355000019073489,1.8639999628067017,1.787500023841858,1.805500030517578,100082000.0,30.95109357622035,32.031646659416744,28.60344386370482,34.10093443473488,35.35700551955012,4.01,46.0,-0.29,0.29
AMZN,2006-07-10,1.815000057220459,1.8350000381469729,1.7699999809265137,1.7894999980926514,77534000.0,30.875704118057808,32.08095533651825,28.582261002941937,33.95056491131898,35.2966127446487,3.96,46.0,-0.23,0.31
AMZN,2006-07-11,1.7869999408721924,1.7960000038146973,1.750499963760376,1.7829999923706057,121772000.0,30.67652608568113,31.961910482668653,28.262390220834906,33.8890307096895,35.215797476900676,3.91,45.0,-0.2,0.42
AMZN,2006-07-12,1.7799999713897705,1.7949999570846558,1.7285000085830688,1.7315000295639038,97894000.0,29.56140807299733,31.595197639422057,28.617338748908054,33.94892992583406,35.279743259884185,3.85,49.0,-0.2,0.33
AMZN,2006-07-13,1.7165000438690186,1.7315000295639038,1.6855000257492063,1.6864999532699585,129110000.0,30.531062716979555,31.46876825871905,28.890780735152827,33.966858740025685,35.371720759601004,3.79,52.0,-0.28,0.25
AMZN,2006-07-14,1.6755000352859497,1.6864999532699585,1.6399999856948853,1.6460000276565552,161896000.0,30.962347508493025,31.59425485714729,28.91184880095868,34.027862841802694,35.402385722737264,3.73,53.0,-0.31,0.25
AMZN,2006-07-17,1.6395000219345093,1.696499943733215,1.6395000219345093,1.683500051498413,143946000.0,31.694899442441294,31.864039997296267,29.094306326612003,29.261794579344446,35.477024681796,3.66,54.0,-0.36,0.19
AMZN,2006-07-18,1.6825000047683716,1.7144999504089355,1.6480000019073486,1.6744999885559082,104300000.0,29.826508053102295,31.839448844921414,28.92444051901139,29.200073154080926,35.4801922089196,3.59,54.0,-0.38,0.24
AMZN,2006-07-19,1.6749999523162842,1.7384999990463257,1.6694999933242798,1.7239999771118164,177326000.0,30.98378019756734,32.41769709186469,29.25226847363314,29.413767051877226,35.50490793936505,3.52,56.0,-0.37,0.16
AMZN,2006-07-20,1.719499945640564,1.7404999732971191,1.691499948501587,1.7089999914169312,116724000.0,30.96943242445841,32.436485810498205,29.251144531984245,29.29248696165224,35.514663905698924,3.44,56.0,-0.37,0.16
AMZN,2006-07-21,1.6924999952316284,1.6985000371932983,1.6460000276565552,1.659500002861023,142732000.0,32.10214275117795,32.926292061136515,29.51243709995859,29.44121418039102,35.628630405356596,3.37,59.0,-0.4,0.11
AMZN,2006-07-24,1.6675000190734863,1.7339999675750732,1.6670000553131104,1.715499997138977,147708000.0,33.493873456694615,33.67439411290529,29.987726275476657,29.694128299774373,35.78782341511603,3.29,61.0,-0.39,0.01
AMZN,2006-07-25,1.7000000476837158,1.7079999446868896,1.6694999933242798,1.6794999837875366,344600000.0,34.04624351291245,33.81198429174699,30.149577258505627,29.688191137285948,35.8482341853182,3.21,63.0,-0.41,-0.03
AMZN,2006-07-26,1.437999963760376,1.4500000476837158,1.2979999780654907,1.312999963760376,1539704000.0,79.0807060173351,60.546505835474306,49.20326009916132,41.480722673436375,43.4581170715535,3.66,100.0,6.18,35.8
AMZN,2006-07-27,1.3224999904632568,1.340000033378601,1.3105000257492063,1.3279999494552612,527876000.0,79.17493434826227,60.63361067711198,49.249915004436296,41.497069292302044,40.90006601193312,4.07,100.0,6.85,35.78
AMZN,2006-07-28,1.340000033378601,1.3589999675750732,1.3285000324249268,1.3585000038146973,248440000.0,78.56131168478593,60.860428461774205,49.41607942835926,41.56151380540752,40.69797172231527,4.44,100.0,6.17,35.39
AMZN,2006-07-31,1.35099995136261,1.3645000457763672,1.337000012397766,1.344499945640564,160764000.0,78.4785656034195,60.75036288442607,49.42962572701469,41.55250031278644,40.695074657838745,4.78,100.0,5.48,35.31
AMZN,2006-08-01,1.3274999856948853,1.3320000171661377,1.2920000553131104,1.315999984741211,262576000.0,78.51961507682013,60.69869703767329,49.45155649974197,41.53716616138018,40.74020584489351,5.1,100.0,4.89,35.23
AMZN,2006-08-02,1.3075000047683716,1.315000057220459,1.2944999933242798,1.3044999837875366,156208000.0,78.26339813527278,60.69456920371867,49.45026883132588,41.508020181303515,40.57861005162105,5.4,99.0,4.31,35.16
AMZN,2006-08-03,1.3044999837875366,1.3450000286102295,1.2949999570846558,1.3344999551773071,138822000.0,77.85275383780512,60.929031699754276,49.62121576230568,41.61714520047844,40.650594535230056,5.69,100.0,3.67,34.78
AMZN,2006-08-04,1.347000002861023,1.3795000314712524,1.340000033378601,1.3645000457763672,205048000.0,78.42977512842572,61.086190652052785,49.652372709978835,41.35046670695229,40.70557017191355,5.96,100.0,3.1,34.71
AMZN,2006-08-07,1.3595000505447388,1.3645000457763672,1.3294999599456787,1.3389999866485596,109528000.0,78.35044245714539,61.088814361824305,49.714258131503996,41.31371687468946,40.73984572622527,6.22,100.0,2.63,34.41
AMZN,2006-08-08,1.340000033378601,1.35099995136261,1.309499979019165,1.3179999589920044,145204000.0,78.20935631740097,60.99367710785943,49.754512748287624,41.1401072167616,40.748757587822915,6.47,100.0,2.22,34.22
AMZN,2006-08-09,1.3270000219345093,1.3350000381469729,1.2999999523162842,1.3105000257492063,138224000.0,78.21978678808718,60.985685699178724,49.671334722349144,40.99241611693379,40.74218874874019,6.7,98.0,1.84,34.56
AMZN,2006-08-10,1.309999942779541,1.3259999752044678,1.2940000295639038,1.3244999647140503,128112000.0,78.31845688041969,61.05365936923146,49.69536961333637,41.023701444352575,40.69336957793575,6.93,98.0,1.5,34.51
AMZN,2006-08-11,1.321499943733215,1.321499943733215,1.287999987602234,1.303500056266785,102318000.0,76.28111521088961,60.74219112713908,49.729871331812696,40.97405257578813,40.69885832879674,7.15,99.0,1.2,34.36
AMZN,2006-08-14,1.3109999895095823,1.3530000448226929,1.309000015258789,1.3265000581741333,102560000.0,76.63919923708643,60.47619347584286,49.83124679166381,41.034605142081546,40.694446492335665,7.37,100.0,0.91,34.15
AMZN,2006-08-15,1.3485000133514404,1.3930000066757202,1.3309999704360962,1.3884999752044678,164032000.0,78.43345686203988,60.66212661381564,50.41791388701782,41.44212409205398,40.92056835803716,7.58,100.0,0.66,32.81
AMZN,2006-08-16,1.3984999656677246,1.406999945640564,1.3760000467300415,1.3975000381469729,152732000.0,78.10779898152109,60.392396064056676,50.434911456236776,41.44352756666766,40.90009451121643,7.78,100.0,0.44,32.83
AMZN,2006-08-17,1.3980000019073486,1.4874999523162842,1.3914999961853027,1.4544999599456787,189926000.0,79.41182904906798,60.76687582749828,50.876679803895975,41.74683642853426,41.11279497043708,7.98,100.0,0.28,31.89
AMZN,2006-08-18,1.4544999599456787,1.46150004863739,1.4110000133514404,1.4559999704360962,119972000.0,79.38027518472379,60.078365686087224,50.82717219630782,41.74919682428304,41.10725086602821,8.17,99.0,0.13,31.96
AMZN,2006-08-21,1.434999942779541,1.4490000009536743,1.3984999656677246,1.406499981880188,106698000.0,79.77704400251139,60.32965575983693,50.98995511169352,41.88445706354233,41.23901857948958,8.35,100.0,-0.03,31.25
AMZN,2006-08-22,1.406999945640564,1.444499969482422,1.402500033378601,1.4184999465942385,91742000.0,79.91245840145007,60.291247596083494,50.98361256814196,41.90381742854426,41.250749868174076,8.52,99.0,-0.17,31.26
AMZN,2006-08-23,1.4279999732971191,1.444499969482422,1.3884999752044678,1.406999945640564,94528000.0,79.64835415975307,59.81868160206807,50.99092578261334,41.90771002171291,41.250922936038954,8.67,100.0,-0.3,31.21
AMZN,2006-08-24,1.4119999408721924,1.412500023841858,1.3769999742507937,1.3984999656677246,90338000.0,79.43537216274788,59.81851877541504,50.97736653646932,41.88550337747907,41.189974269413966,8.82,97.0,-0.43,31.28
AMZN,2006-08-25,1.3895000219345093,1.4114999771118164,1.38100004196167,1.4014999866485596,70852000.0,79.28241675508187,59.72908804496478,50.883915852420905,41.88477611730818,41.19171304175003,8.96,96.0,-0.54,31.44
AMZN,2006-08-28,1.4199999570846558,1.4500000476837158,1.41349995136261,1.4455000162124634,121348000.0,79.57542433997779,60.13798875500203,51.0838266264721,42.06928630234574,41.31904903862613,9.1,100.0,-0.62,31.0
AMZN,2006-08-29,1.4485000371932983,1.4859999418258667,1.4375,1.47599995136261,147962000.0,79.93005119226841,59.907168762985364,50.94213192719476,42.143501601626824,41.36417508215941,9.22,95.0,-0.68,31.32
AMZN,2006-08-30,1.4785000085830688,1.5425000190734863,1.4739999771118164,1.5334999561309814,226066000.0,80.30180924278693,60.47419338005976,51.04060196642956,42.40738543613891,41.55019360914624,9.35,99.0,-0.72,31.47
AMZN,2006-08-31,1.537500023841858,1.5494999885559082,1.5234999656677246,1.5414999723434448,118940000.0,80.33051529964365,60.437445640789925,51.0214898896019,42.39617895784939,41.550613330511666,9.46,98.0,-0.75,31.62
AMZN,2006-09-01,1.5425000190734863,1.590000033378601,1.5425000190734863,1.5880000591278076,131264000.0,80.49767580643697,60.76471980483914,51.21771502459399,42.56855682744789,41.6216827754864,9.57,100.0,-0.76,31.34
AMZN,2006-09-05,1.5805000066757202,1.6150000095367432,1.562000036239624,1.6115000247955322,149354000.0,79.98252457024346,60.82880954337093,51.27801160314339,42.614501527251555,41.645860925783005,9.67,100.0,-0.76,31.25
AMZN,2006-09-06,1.5880000591278076,1.5989999771118164,1.5325000286102295,1.5399999618530271,182282000.0,80.78762959938645,61.5067160586709,51.70046295525946,42.915838566330486,41.570433258601916,9.76,100.0,-0.78,29.87
AMZN,2006-09-07,1.528499960899353,1.531999945640564,1.4839999675750732,1.4865000247955322,178034000.0,36.68849052728872,61.896903836826525,51.662755330456775,43.05625411135945,41.707091555758204,9.85,99.0,-0.83,29.98
AMZN,2006-09-08,1.5095000267028809,1.5329999923706057,1.496999979019165,1.5255000591278076,104544000.0,37.17591860171088,62.1388910042567,51.62961251004785,43.188245461515,41.764976490338604,9.93,98.0,-0.86,30.05
AMZN,2006-09-11,1.5115000009536743,1.55649995803833,1.4859999418258667,1.5394999980926514,148076000.0,36.808466357041326,61.65105094280959,51.57504443015547,43.14757025658951,41.77801525424479,10.01,97.0,-0.87,30.15
AMZN,2006-09-12,1.5434999465942385,1.597000002861023,1.5264999866485596,1.5859999656677246,130548000.0,37.266024084834996,61.98638753957232,51.772499960257655,43.30769892585366,41.73154300679553,10.09,100.0,-0.87,29.88
AMZN,2006-09-13,1.58650004863739,1.5980000495910645,1.56850004196167,1.5835000276565552,87408000.0,36.45474357117246,61.985959003689516,51.759619630195175,43.306849468043985,41.715443185278176,10.15,99.0,-0.86,29.95
AMZN,2006-09-14,1.5770000219345093,1.593500018119812,1.559000015258789,1.5824999809265137,74114000.0,36.24038191430777,61.92430669140274,51.75248245765209,43.28738511704502,41.6772920029689,10.21,98.0,-0.86,30.0
AMZN,2006-09-15,1.5950000286102295,1.6369999647140503,1.5789999961853027,1.6260000467300415,205474000.0,36.43327733817966,61.80761505889391,51.939497813732615,43.4170580231965,41.76587653990722,10.27,100.0,-0.85,29.71
AMZN,2006-09-18,1.622499942779541,1.6334999799728394,1.593999981880188,1.6039999723434448,102462000.0,36.57696126371708,61.843000785696745,51.963972167342156,43.43810227789377,41.783437331408976,10.32,100.0,-0.84,29.54
AMZN,2006-09-19,1.6119999885559082,1.6150000095367432,1.5410000085830688,1.5789999961853027,171440000.0,36.406123649218166,61.887501493052014,52.015733450729186,43.42896896245435,41.80881438050148,10.37,100.0,-0.84,29.34
AMZN,2006-09-20,1.590499997138977,1.6404999494552612,1.590000033378601,1.6059999465942385,170978000.0,35.975981422258094,61.99190923314367,52.04827019291597,43.46781610879401,41.80160099340266,10.41,100.0,-0.83,29.42
AMZN,2006-09-21,1.6119999885559082,1.628000020980835,1.503499984741211,1.5110000371932983,311074000.0,40.85273410667561,63.14191865775154,52.85008316930527,44.017755268140704,42.20674726842239,10.45,100.0,-0.85,27.4
AMZN,2006-09-22,1.5110000371932983,1.5475000143051147,1.4950000047683716,1.5420000553131104,144980000.0,41.06965461418216,63.298184308913505,52.9558637177053,44.08160809846686,42.20871307068875,10.49,100.0,-0.86,27.28
AMZN,2006-09-25,1.5525000095367432,1.5985000133514404,1.5369999408721924,1.5894999504089355,132392000.0,41.20061762944477,62.779062920674164,53.15828631084044,44.244179341613396,42.3249846981122,10.53,100.0,-0.86,27.03
AMZN,2006-09-26,1.594499945640564,1.6295000314712524,1.590000033378601,1.625,132022000.0,41.32745333642443,62.976123598317926,53.22400870212963,44.304403525996456,42.29577272423738,10.56,100.0,-0.86,26.92
AMZN,2006-09-27,1.6139999628067017,1.6230000257492063,1.596500039100647,1.6165000200271606,109396000.0,39.766683115748776,62.9775158278463,53.15901144732159,44.17359258584555,42.29668726003148,10.59,99.0,-0.84,26.96
AMZN,2006-09-28,1.6134999990463257,1.6165000200271606,1.5609999895095823,1.5920000076293943,149988000.0,40.19705916809096,62.568355251636966,53.18863494838689,44.17086673575835,42.31590078341279,10.61,99.0,-0.84,26.87
AMZN,2006-09-29,1.600499987602234,1.6169999837875366,1.5770000219345093,1.6059999465942385,104544000.0,38.78574215864703,62.59869799664045,53.20429609951278,44.169819877190186,42.194605504544356,10.62,99.0,-0.82,26.86
AMZN,2006-10-02,1.5989999771118164,1.6015000343322754,1.5414999723434448,1.5434999465942385,136300000.0,40.73977853565995,62.97828032973857,53.47883371447376,44.39554419294037,42.34927773025586,10.63,100.0,-0.83,26.18
AMZN,2006-10-03,1.5449999570846558,1.600000023841858,1.5290000438690186,1.5850000381469729,160680000.0,39.817768236171105,63.24525176111281,53.58071163097248,44.515677065320844,42.40791626718031,10.64,100.0,-0.83,26.16
AMZN,2006-10-04,1.587499976158142,1.6414999961853027,1.565000057220459,1.6380000114440918,141296000.0,40.67655955232155,63.64719795867884,53.706504250649715,44.69228864084782,42.48743489457377,10.65,100.0,-0.83,26.16
AMZN,2006-10-05,1.633999943733215,1.6699999570846558,1.6200000047683716,1.6660000085830688,169118000.0,40.63315613794883,63.48707427827458,53.77336062188588,44.74340006588898,42.51752382057285,10.65,100.0,-0.83,26.09
AMZN,2006-10-06,1.6575000286102295,1.6610000133514404,1.625,1.6295000314712524,84384000.0,41.297785322478795,63.420568022006854,53.889860587005536,44.79273122306032,42.558427377376276,10.64,100.0,-0.83,25.74
AMZN,2006-10-09,1.624500036239624,1.6740000247955322,1.622499942779541,1.6690000295639038,105784000.0,41.64452623638819,63.42033977621494,53.716535288195566,44.89385284077069,42.62903768095964,10.63,98.0,-0.83,26.38
AMZN,2006-10-10,1.66349995136261,1.6790000200271606,1.624500036239624,1.63100004196167,126668000.0,41.75504980100852,63.4235258921502,53.61932495606276,44.95541895236312,42.68505923671959,10.62,96.0,-0.83,26.34
AMZN,2006-10-11,1.6304999589920044,1.6575000286102295,1.6134999990463257,1.6454999446868896,134570000.0,41.477707996337024,63.44414549872665,53.25511564293481,44.96261214937577,42.69080227576135,10.61,93.0,-0.82,26.98
AMZN,2006-10-12,1.6549999713897705,1.6855000257492063,1.631500005722046,1.6775000095367432,119794000.0,40.455123476838864,63.280639145825766,53.182513303664436,44.92436691259435,42.69778735304364,10.59,89.0,-0.81,27.11
AMZN,2006-10-13,1.6675000190734863,1.6790000200271606,1.6540000438690186,1.6660000085830688,81346000.0,40.54917620864951,63.27138906000553,52.96333587223939,44.89942717638263,42.701109310944446,10.58,86.0,-0.81,27.72
AMZN,2006-10-16,1.6425000429153442,1.659999966621399,1.627500057220459,1.6299999952316284,135388000.0,40.304514551306085,63.14259061385735,52.64988681098689,44.96021193801561,42.65861516059806,10.56,83.0,-0.78,28.12
AMZN,2006-10-17,1.6100000143051147,1.6304999589920044,1.587499976158142,1.6234999895095823,132714000.0,40.1111412673374,62.75897964092886,52.609684305590044,44.96069768164061,42.560876718775106,10.54,82.0,-0.76,28.13
AMZN,2006-10-18,1.628499984741211,1.6390000581741333,1.600000023841858,1.6154999732971191,106986000.0,37.756776806843384,62.62274602677675,52.57067882040285,44.91612401985744,42.556730296919596,10.52,81.0,-0.72,28.14
AMZN,2006-10-19,1.6085000038146973,1.6419999599456787,1.6050000190734863,1.6269999742507937,80752000.0,36.11535541376665,36.104494059024,52.20529076165757,44.813763738812575,42.47211459941841,10.49,80.0,-0.7,29.24
AMZN,2006-10-20,1.6345000267028809,1.6345000267028809,1.6104999780654907,1.628499984741211,116788000.0,35.459437733026476,36.07171036061253,52.205852182534485,42.954188214719565,42.43696888390974,10.46,80.0,-0.69,29.25
AMZN,2006-10-23,1.6234999895095823,1.6454999446868896,1.6069999933242798,1.6440000534057615,161186000.0,35.4653277876478,35.87056014255238,52.18408594238,42.958045288473656,42.39356718812469,10.43,78.0,-0.66,29.28
AMZN,2006-10-24,1.6434999704360962,1.899999976158142,1.6430000066757202,1.68149995803833,463106000.0,35.03762254642645,35.97402918296705,52.29627819568362,43.02787729287318,42.401520695062814,10.39,80.0,-0.65,29.17
AMZN,2006-10-25,1.8650000095367432,1.89900004863739,1.8020000457763672,1.883999943733216,930450000.0,47.68076513499234,42.080441988176744,55.0046310319209,45.05777157539313,43.90681879880024,10.37,100.0,-0.68,25.05
AMZN,2006-10-26,1.862499952316284,1.924499988555908,1.8589999675750728,1.914999961853028,341466000.0,47.73541254580278,42.01881519780554,55.05389861935198,45.09596380054219,41.31607154272557,10.35,100.0,-0.7,25.02
AMZN,2006-10-27,1.9075000286102293,1.919000029563904,1.883000016212464,1.9119999408721924,199068000.0,47.37396722632427,41.910248403677244,55.035319044796374,45.06638705270473,41.2795468412171,10.33,99.0,-0.72,25.01
AMZN,2006-10-30,1.902500033378601,1.9170000553131104,1.883999943733216,1.9075000286102293,137648000.0,47.09253559399984,41.806147013045276,55.02427929209942,45.02057414774189,41.27926424577585,10.29,98.0,-0.75,25.05
AMZN,2006-10-31,1.9110000133514404,1.9294999837875368,1.8899999856948853,1.9045000076293943,124208000.0,46.7087838277712,41.52347667560497,55.0188886507892,45.00457217927178,41.213864840662254,10.26,97.0,-0.78,25.03
AMZN,2006-11-01,1.906499981880188,1.909999966621399,1.8730000257492063,1.878000020980835,133378000.0,46.95357012413485,41.485049498019464,55.06232879226023,44.92728517303515,41.21657287694745,10.21,100.0,-0.82,24.91
AMZN,2006-11-02,1.8665000200271609,1.888499975204468,1.8554999828338623,1.872499942779541,108946000.0,42.66078563119607,41.455784281748016,55.06035555694472,44.927389710709676,41.20599778093573,10.17,99.0,-0.86,24.91
AMZN,2006-11-03,1.8804999589920044,1.8854999542236328,1.843500018119812,1.8730000257492063,102482000.0,42.518821848273376,41.46021122453208,55.05435603994299,44.92717872090082,41.15701518754482,10.11,98.0,-0.89,24.9
AMZN,2006-11-06,1.8819999694824217,1.9175000190734863,1.8765000104904173,1.9105000495910645,90818000.0,42.11340614831784,41.30674847343016,54.83099851080379,44.90594535276046,41.19181984352497,10.06,92.0,-0.91,25.28
AMZN,2006-11-07,1.909999966621399,1.950000047683716,1.9019999504089355,1.9385000467300413,154902000.0,41.921431353337,41.277317881490646,54.87217674582514,44.919579122108836,41.21164958876025,10.0,92.0,-0.92,25.24
AMZN,2006-11-08,1.9290000200271609,1.9739999771118164,1.9229999780654907,1.9735000133514404,163198000.0,41.92425872673049,40.53178924966734,54.936998385648025,44.896518063963406,41.22892096949545,9.94,92.0,-0.92,25.18
AMZN,2006-11-09,1.975000023841858,1.9884999990463257,1.940500020980835,1.9420000314712524,116142000.0,41.962083010806055,40.780229590462724,54.979060523137534,44.91655575929061,41.239060427647175,9.86,92.0,-0.94,24.98
AMZN,2006-11-10,1.9394999742507928,1.968000054359436,1.937999963760376,1.963000059127808,89902000.0,41.974912168866155,40.15953324450102,54.769762372063,44.921485444454184,41.21020496915681,9.79,88.0,-0.93,25.32
AMZN,2006-11-13,1.96150004863739,2.0,1.9565000534057613,1.999500036239624,138886000.0,39.712810228169594,40.2442599713772,54.82501530935969,44.93602624826371,41.235065568905036,9.71,88.0,-0.91,25.31
AMZN,2006-11-14,2.005500078201294,2.0834999084472656,1.9809999465942385,2.075500011444092,219026000.0,40.25390611360192,39.897294258418285,55.124909831397595,45.13494817972168,41.404390721868566,9.63,100.0,-0.83,24.84
AMZN,2006-11-15,2.075000047683716,2.1549999713897705,2.075000047683716,2.130000114440918,271134000.0,39.943669375697084,40.09411859115389,55.258927222652055,45.225886444361635,41.24858336838289,9.54,100.0,-0.69,24.65
AMZN,2006-11-16,2.122499942779541,2.1475000381469727,2.119999885559082,2.1419999599456787,220016000.0,39.87661635801105,39.97447355273915,55.242154848985095,45.219258201349795,41.20810567495229,9.44,99.0,-0.59,24.73
AMZN,2006-11-17,2.127500057220459,2.133500099182129,2.111000061035156,2.127500057220459,130604000.0,39.09559419361299,39.98498350985813,55.253558464950444,45.21188251485553,41.0915110249713,9.23,99.0,-0.54,24.66
AMZN,2006-11-20,2.117500066757202,2.127500057220459,2.0969998836517334,2.121999979019165,115928000.0,38.963552362879874,40.02123487166572,54.741876074539434,45.213461881926285,41.005462333150994,9.03,82.0,-0.49,25.47
AMZN,2006-11-21,2.127500057220459,2.1624999046325684,2.1059999465942383,2.127000093460083,139688000.0,37.88622754860771,39.716591110052796,54.73996906481078,45.211298657263114,41.00638860421364,8.82,81.0,-0.45,25.47
AMZN,2006-11-22,2.125,2.1489999294281006,2.108999967575073,2.1480000019073486,90712000.0,37.88727914482157,39.60935671760494,54.75618406968539,45.16264110823058,40.97861441760532,8.59,82.0,-0.41,25.48
AMZN,2006-11-24,2.128000020980835,2.1470000743865967,2.115499973297119,2.120500087738037,44826000.0,38.26580660828133,39.230718991583196,54.413818683866985,45.19180593965388,40.97957006662804,8.35,79.0,-0.43,26.29
AMZN,2006-11-27,2.108999967575073,2.140000104904175,2.0360000133514404,2.0425000190734863,179456000.0,40.26213158468604,40.20300303617015,54.74108451633387,45.41874841725092,41.144802146945366,8.11,80.0,-0.48,25.5
AMZN,2006-11-28,2.0374999046325684,2.053499937057495,2.015000104904175,2.0460000038146973,141986000.0,39.375259317882815,39.866586472463574,54.64737707873631,45.36249592518351,41.140057551572156,7.85,78.0,-0.54,25.78
AMZN,2006-11-29,2.0239999294281006,2.055000066757202,2.0,2.031500101089477,157092000.0,39.46510947041794,39.8724935400022,54.63965429915822,45.371429791286715,41.14227309064518,7.57,77.0,-0.6,25.8
AMZN,2006-11-30,2.0209999084472656,2.032000064849853,1.9924999475479128,2.0169999599456787,126926000.0,39.53108468452318,38.60562590224734,54.65057455188489,45.37837997031013,41.14718453562076,7.26,78.0,-0.66,25.76
AMZN,2006-12-01,2.013000011444092,2.0269999504089355,1.9544999599456787,1.9704999923706048,166122000.0,40.522087088672556,38.15109165478819,54.57363466323296,45.39174928800031,41.19186433067564,6.93,75.0,-0.73,25.94
AMZN,2006-12-04,1.965499997138977,1.9739999771118164,1.94350004196167,1.955000042915344,194414000.0,40.70559477970345,37.97724849579443,54.41432232308087,45.396662436940815,41.197319993486616,6.59,74.0,-0.79,26.36
AMZN,2006-12-05,1.9565000534057613,1.965000033378601,1.9359999895095823,1.9490000009536743,114754000.0,40.777375583416244,37.9910035419361,54.262396136963616,45.38592497055565,41.19613588920896,6.22,72.0,-0.85,26.77
AMZN,2006-12-06,1.9385000467300413,1.9789999723434448,1.932000041007996,1.945000052452088,115538000.0,40.51500776983812,37.62495291982517,54.16233551571425,45.386399062230076,41.184867150792606,5.82,71.0,-0.91,26.89
AMZN,2006-12-07,1.946499943733216,1.9544999599456787,1.902500033378601,1.906000018119812,132430000.0,24.789592236237972,37.92402900584488,54.261486128444105,45.43903663621639,41.222799553293605,5.38,71.0,-0.95,26.61
AMZN,2006-12-08,1.8960000276565552,1.9474999904632568,1.8849999904632568,1.9229999780654907,102794000.0,24.465691140356544,37.93425990808675,54.09198860151403,45.4439815856441,41.224836410199394,4.89,69.0,-0.99,26.89
AMZN,2006-12-11,1.9110000133514404,1.9574999809265137,1.9040000438690183,1.934499979019165,96972000.0,24.51733182110748,37.61209469978953,54.07431652309873,45.441667363719866,41.22084569872258,4.34,68.0,-1.04,26.99
AMZN,2006-12-12,1.9220000505447388,1.9470000267028809,1.9075000286102293,1.9229999780654907,101664000.0,24.574642623907412,37.50100642292042,53.863982164489556,45.425987728841626,41.21671501444761,3.7,66.0,-1.08,27.56
AMZN,2006-12-13,1.930500030517578,1.9594999551773071,1.909500002861023,1.924999952316284,93556000.0,24.56927677581348,37.300228068812224,53.623388772985535,45.38057246316304,41.20573566288677,2.94,62.0,-1.11,27.96
AMZN,2006-12-14,1.937000036239624,1.976999998092652,1.9299999475479128,1.950999975204468,125922000.0,24.46116353992652,37.251924554586566,53.53749931840546,45.393825858231864,41.230842149116626,1.89,59.0,-1.16,28.31
AMZN,2006-12-15,1.968999981880188,2.009500026702881,1.96150004863739,2.000499963760376,163070000.0,25.37122195702247,35.02306803413193,36.057498796658464,45.4850007491352,41.31207113261107,2.5,1.0,-1.18,4.5
AMZN,2006-12-18,2.009999990463257,2.032000064849853,1.9429999589920044,1.963000059127808,129734000.0,26.097767264714815,35.19762209581727,36.224740453990066,45.52379487347761,41.34908539779044,2.97,2.0,-1.2,4.42
AMZN,2006-12-19,1.9390000104904173,1.9859999418258667,1.9114999771118164,1.9709999561309808,150400000.0,25.533263523910115,34.767832320667786,36.099143905056906,45.48188183568139,41.319509803518834,3.37,2.0,-1.21,4.54
AMZN,2006-12-20,1.971500039100647,2.015000104904175,1.969499945640564,2.000499963760376,155686000.0,25.547513114165504,34.63477688445892,36.07070067614061,45.479479625598266,41.34723952679039,3.73,2.0,-1.23,4.53
AMZN,2006-12-21,1.993499994277954,2.0169999599456787,1.982499957084656,1.994500041007996,131004000.0,25.063551408471422,34.61374819698019,35.858433467956836,45.336356070498084,41.309062529656835,4.07,1.0,-1.24,4.67
AMZN,2006-12-22,1.9989999532699585,2.025500059127808,1.995499968528748,2.01200008392334,111702000.0,24.6780969888207,34.40663015712795,35.80535923031821,45.123882722626895,41.31589910634717,4.37,1.0,-1.26,4.69
AMZN,2006-12-26,2.006500005722046,2.006500005722046,1.9709999561309808,1.9900000095367432,89472000.0,24.749785826953325,34.525513708382185,35.76440978216473,45.1159798120976,41.32839058807459,4.66,1.0,-1.27,4.77
AMZN,2006-12-27,1.993000030517578,2.0234999656677246,1.9900000095367432,2.01449990272522,70730000.0,24.422274157875606,33.36672316247051,35.66975577552996,45.09897311353171,41.32939180537875,4.92,1.0,-1.28,4.86
AMZN,2006-12-28,2.0190000534057617,2.031500101089477,1.996000051498413,2.010499954223633,90910000.0,21.750626472254023,33.07075537081359,35.49581878492261,45.09974467128641,41.31833054038524,5.18,1.0,-1.29,4.98
AMZN,2006-12-29,2.003000020980835,2.012500047683716,1.9674999713897705,1.9730000495910645,83940000.0,20.771743294446175,32.836173590583776,35.54207169273603,45.13182829470368,41.357990466480906,5.41,2.0,-1.3,4.95
AMZN,2007-01-03,1.934000015258789,1.9529999494552608,1.902500033378601,1.934999942779541,248102000.0,21.181382087353583,33.027229973962676,35.70450444895471,44.96783897868428,41.365710052999894,5.63,4.0,-1.32,4.83
AMZN,2007-01-04,1.9294999837875368,1.9570000171661377,1.9129999876022337,1.945000052452088,126368000.0,21.29721667228859,32.62856003927635,35.68881657278517,44.85032341578305,41.358178303048405,5.84,4.0,-1.33,4.86
AMZN,2007-01-05,1.9359999895095823,1.9394999742507928,1.8799999952316284,1.9184999465942385,132394000.0,21.522110258363817,32.50600822751493,35.658606816623276,44.83911478140828,41.37380501168803,6.04,3.0,-1.36,4.88
AMZN,2007-01-08,1.9110000133514404,1.9155000448226929,1.8585000038146973,1.875,135660000.0,22.176717004474035,32.50280366837413,35.84238274004573,44.88673154510269,41.42221470536965,6.22,9.0,-1.39,4.79
AMZN,2007-01-09,1.8799999952316284,1.902999997138977,1.8669999837875368,1.8890000581741333,114060000.0,22.056035595896308,32.49197890253084,35.204187440340405,44.88279992134774,41.42699800270821,6.42,1.0,-1.38,5.3
AMZN,2007-01-10,1.874500036239624,1.8849999904632568,1.8535000085830688,1.857499957084656,130550000.0,22.218088296521195,32.52882155957042,35.340913804436006,44.92087608410624,41.42766924604608,6.59,2.0,-1.37,5.21
AMZN,2007-01-11,1.8585000038146973,1.899999976158142,1.8585000038146973,1.870000004768372,129312000.0,20.093319273669852,32.4949446341591,34.842245861151625,44.919801473110525,41.325587243604645,6.78,1.0,-1.35,5.66
AMZN,2007-01-12,1.868000030517578,1.9105000495910645,1.8634999990463257,1.909999966621399,89328000.0,21.242864757767812,32.34626030290298,34.966821304969024,44.98140377916465,41.35574853058603,6.95,2.0,-1.33,5.51
AMZN,2007-01-16,1.919999957084656,1.9444999694824217,1.8984999656677248,1.932999968528748,112874000.0,21.583865995128637,32.37180213124031,34.480251633053754,45.00184494352078,41.356925758491144,7.12,1.0,-1.33,5.83
AMZN,2007-01-17,1.934999942779541,1.950000047683716,1.8890000581741333,1.8940000534057613,100536000.0,22.207923834261624,32.684885345936415,34.671133917156865,45.03261781404839,41.40418745583681,7.28,2.0,-1.32,5.7
AMZN,2007-01-18,1.875,1.882500052452088,1.8359999656677248,1.8489999771118164,182100000.0,22.26880670321721,33.12416319062444,34.89119576548861,45.07440926031973,41.46192141404808,7.43,4.0,-1.31,5.53
AMZN,2007-01-19,1.8344999551773071,1.8739999532699585,1.830000042915344,1.8509999513626096,121918000.0,22.218432118947696,33.12393034883541,34.86380053691087,45.06792410137385,41.454656678748684,7.58,4.0,-1.33,5.55
AMZN,2007-01-22,1.882500052452088,1.8949999809265137,1.840000033378601,1.847499966621399,166340000.0,22.215287111479505,33.098266831630575,34.8716310794906,45.043450197669706,41.45320645062937,7.72,5.0,-1.36,5.55
AMZN,2007-01-23,1.8450000286102293,1.8535000085830688,1.815000057220459,1.821499943733216,106272000.0,22.503943071149475,32.97711965365948,34.679165471201,45.04364571973045,41.45971842790609,7.85,3.0,-1.36,5.79
AMZN,2007-01-24,1.825500011444092,1.868000030517578,1.825000047683716,1.8630000352859497,105434000.0,22.931063560617606,23.69300560377927,34.7025963997352,45.080283124215896,41.52332182439078,7.98,4.0,-1.35,5.76
AMZN,2007-01-25,1.9040000438690183,1.9114999771118164,1.83899998664856,1.8539999723434448,134952000.0,22.77411919342,23.459049126865505,34.23919209204394,45.06763008348797,41.51905286151502,8.12,1.0,-1.31,6.25
AMZN,2007-01-26,1.8630000352859497,1.8630000352859497,1.815000057220459,1.8424999713897705,82786000.0,22.714007551860227,23.487137878999814,34.259149126777864,45.071891064514205,41.51316951600702,8.24,2.0,-1.27,6.24
AMZN,2007-01-29,1.8350000381469729,1.872499942779541,1.8270000219345093,1.871500015258789,147900000.0,23.211471263237378,23.71798781288813,34.038870548270275,45.044774366453666,41.46877162944026,8.37,1.0,-1.23,6.49
AMZN,2007-01-30,1.8645000457763672,1.871000051498413,1.8315000534057613,1.852499961853028,96270000.0,23.357917108811893,23.803306552663823,34.0253759948354,45.005483514911866,41.459888219219266,8.49,1.0,-1.19,6.55
AMZN,2007-01-31,1.847499966621399,1.909500002861023,1.838000059127808,1.88349997997284,145550000.0,23.549144603211893,23.885443268959346,33.27062919983821,44.948806037589875,41.49323789700372,8.61,1.0,-1.15,7.05
AMZN,2007-02-01,1.8975000381469729,1.965000033378601,1.892500042915344,1.934999942779541,522462000.0,23.740814702635287,24.504413437959123,32.95839831160131,45.05548304212156,41.584673567954106,8.74,1.0,-1.13,7.21
AMZN,2007-02-02,1.861500024795532,1.8869999647140503,1.8339999914169312,1.869500041007996,517014000.0,25.136980041525238,25.531906515736125,33.264720672231654,45.24903314838068,41.68220277484788,8.85,2.0,-1.09,7.05
AMZN,2007-02-05,1.862499952316284,1.871000051498413,1.838500022888184,1.8580000400543213,122218000.0,25.11057478087907,25.222402039588182,33.270276870978606,45.048349858548406,41.59142186746717,8.96,3.0,-1.05,7.08
AMZN,2007-02-06,1.8600000143051147,1.9205000400543213,1.8539999723434448,1.9134999513626096,172254000.0,26.287128939678656,25.779118637406643,33.263403971790645,45.03261897819144,40.25237772159498,9.06,2.0,-0.99,7.08
AMZN,2007-02-07,1.924499988555908,1.9759999513626096,1.919999957084656,1.9490000009536743,210064000.0,26.903094456918613,25.793960589283643,33.36140333055005,44.84083813826681,40.28177502706148,9.16,6.0,-0.93,6.93
AMZN,2007-02-08,1.9474999904632568,1.9754999876022337,1.933500051498413,1.955000042915344,109672000.0,26.779024133607916,25.588150330719678,33.35893135963399,44.742087304900096,40.266280229130494,9.25,6.0,-0.87,6.92
AMZN,2007-02-09,1.9594999551773071,1.965499997138977,1.932999968528748,1.9359999895095823,119202000.0,26.741356601595694,25.56914947273213,33.16852793575395,44.59895729500669,40.242126556954645,9.34,2.0,-0.8,7.21
AMZN,2007-02-12,1.9394999742507928,1.9494999647140503,1.9179999828338623,1.9424999952316284,76714000.0,26.48435368856629,25.284487771426452,33.077669677235335,44.336216077263394,40.24059407502926,9.43,2.0,-0.72,7.28
AMZN,2007-02-13,1.9424999952316284,1.9804999828338623,1.9424999952316284,1.965499997138977,90110000.0,26.74827197636661,24.171623395652734,32.992527396074024,44.333813169633046,40.23397640363142,9.51,2.0,-0.64,7.32
AMZN,2007-02-14,1.96150004863739,2.013999938964844,1.9570000171661377,2.006999969482422,136282000.0,26.89313691686258,23.95435338486777,33.04329391960115,44.377630509833715,40.24968890886939,9.59,3.0,-0.56,7.25
AMZN,2007-02-15,2.006999969482422,2.0160000324249268,1.993000030517578,2.003000020980835,101764000.0,26.231862096707566,23.915414560349042,31.46019870399,44.10933807789287,40.237718706614686,9.68,1.0,-0.54,8.23
AMZN,2007-02-16,1.995000004768372,2.0220000743865967,1.993499994277954,2.0164999961853027,93580000.0,26.256482210272946,23.938761348287077,31.341626141531272,44.11441287285998,40.159229358896845,9.77,1.0,-0.49,8.44
AMZN,2007-02-20,2.006500005722046,2.086999893188477,2.0,2.075500011444092,178068000.0,27.040204957502034,24.698075401078377,31.308812821836153,44.21473112065667,40.26073574229867,9.84,1.0,-0.42,8.49
AMZN,2007-02-21,2.059499979019165,2.065999984741211,2.0460000038146973,2.062999963760376,90168000.0,26.078922464412567,24.718455056022243,31.182856070675758,44.20713644137576,40.265539853816094,9.92,1.0,-0.33,8.76
AMZN,2007-02-22,2.069999933242798,2.0999999046325684,2.0445001125335693,2.049999952316284,98522000.0,26.188594998924646,24.651536854747803,31.190032505613203,43.98211955352464,40.20217654514774,9.99,2.0,-0.24,8.75
AMZN,2007-02-23,2.049999952316284,2.059999942779541,2.0369999408721924,2.0390000343322754,109948000.0,25.651268951126937,24.54184419078958,31.086919967017245,43.986904074367864,40.191202816888186,10.06,1.0,-0.14,8.87
AMZN,2007-02-26,2.0429999828338623,2.059999942779541,2.0199999809265137,2.0439999103546143,80704000.0,25.629026263916295,23.3165224273896,31.07060253853321,43.97234961687977,40.1331751515759,10.12,1.0,-0.03,8.91
AMZN,2007-02-27,2.009500026702881,2.0269999504089355,1.9390000104904173,1.941499948501587,177014000.0,29.497106232060844,25.58577359878273,31.52869450930142,44.4006073729634,40.44835306574511,10.16,8.0,0.0,8.62
AMZN,2007-02-28,1.945500016212464,1.9789999723434448,1.9040000438690183,1.9570000171661377,153748000.0,29.384645325770357,25.61513044375909,31.302263256729333,44.40294248797399,40.44601199794372,10.21,5.0,0.1,8.99
AMZN,2007-03-01,1.965999960899353,1.965999960899353,1.902500033378601,1.9424999952316284,185116000.0,28.822785623082257,25.61817607909172,30.945369339159573,44.40772396011679,40.424284657066835,10.25,1.0,0.25,9.62
AMZN,2007-03-02,1.9160000085830688,1.94350004196167,1.8845000267028809,1.8845000267028809,155756000.0,29.3455456219506,25.920914742054414,31.260629127876587,44.55689032431028,40.52966548200636,10.28,6.0,0.41,9.34
AMZN,2007-03-05,1.857499957084656,1.9160000085830688,1.851999998092652,1.852499961853028,191312000.0,29.792505634066224,26.09810757991191,31.17499405495013,44.60141960203383,40.56087553583388,10.31,4.0,0.54,9.45
AMZN,2007-03-06,1.8845000267028809,1.932999968528748,1.870499968528748,1.9290000200271609,256964000.0,32.00276423212997,27.43421229359716,31.588147601564298,44.63971374251077,40.75262725313925,10.33,13.0,0.74,8.89
AMZN,2007-03-07,1.934000015258789,1.965999960899353,1.914000034332276,1.9179999828338623,172892000.0,31.73707894757454,27.45522224746944,31.3654123509317,44.64424830975439,40.7455148700042,10.34,11.0,0.92,9.15
AMZN,2007-03-08,1.9385000467300413,1.9609999656677248,1.89900004863739,1.9049999713897705,152586000.0,31.20001025929283,27.173152029461356,31.371987245648096,44.652427682854565,40.75107175623284,10.36,12.0,1.13,9.2
AMZN,2007-03-09,1.924000024795532,1.9444999694824217,1.899999976158142,1.9420000314712524,124002000.0,31.60330116345232,27.39979698460897,31.371641693644943,44.688294164514495,40.79439394338918,10.37,12.0,1.38,9.2
AMZN,2007-03-12,1.932000041007996,1.9524999856948853,1.919000029563904,1.940500020980835,97580000.0,31.526280756461205,27.37367225758022,31.34526939497168,44.5265848345767,40.74926766198925,10.38,11.0,1.66,9.22
AMZN,2007-03-13,1.914999961853028,1.944000005722046,1.8845000267028809,1.8910000324249268,104082000.0,32.221137580008644,27.859012041746944,31.427382479959604,44.62427244010886,40.8321048914587,10.39,15.0,1.86,9.12
AMZN,2007-03-14,1.888000011444092,1.9110000133514404,1.8630000352859497,1.9040000438690183,171822000.0,32.114881367147646,27.89620091915272,31.426400531590176,44.62769742919852,40.83743806544193,10.4,15.0,2.01,9.09
AMZN,2007-03-15,1.9049999713897705,1.914499998092652,1.877500057220459,1.8890000581741333,145314000.0,31.859413126266904,27.79434144035489,31.44564483425965,44.632714103811146,40.798404381427986,10.4,17.0,1.99,9.07
AMZN,2007-03-16,1.8860000371932983,1.9040000438690183,1.8760000467300413,1.892500042915344,137310000.0,30.833147768339387,27.283858332492468,31.43319039360485,44.62281786063978,40.79873260613317,10.4,17.0,1.87,9.1
AMZN,2007-03-19,1.899999976158142,1.9270000457763672,1.899999976158142,1.9225000143051147,84532000.0,29.466862056052474,27.23165069267408,31.513887205427476,44.65541302693245,40.82719971870378,10.39,20.0,1.47,8.93
AMZN,2007-03-20,1.9264999628067017,1.934499979019165,1.9114999771118164,1.9290000200271609,76026000.0,29.39672850637485,27.227229684804644,31.490261940388546,44.28832421750247,40.77065336187654,10.38,20.0,0.79,8.99
AMZN,2007-03-21,1.9275000095367432,1.9900000095367432,1.9155000448226929,1.9900000095367432,99928000.0,29.542085875220458,27.813749776967754,31.664545881469568,44.438672898001805,40.882445954164,10.36,24.0,0.1,8.74
AMZN,2007-03-22,1.9739999771118164,1.9859999418258667,1.945500016212464,1.9744999408721924,106630000.0,29.200106588336183,27.852797094900712,26.10997023508444,44.44810751451507,40.880815401584044,10.38,1.0,0.1,0.35
AMZN,2007-03-23,1.9780000448226929,1.9800000190734863,1.9490000009536743,1.9490000009536743,58830000.0,29.444353595950464,27.912138894061062,26.071690144289448,44.22396515582264,40.902243102213596,10.38,1.0,0.1,0.35
AMZN,2007-03-26,1.9490000009536743,1.9524999856948853,1.9214999675750728,1.950500011444092,70422000.0,29.301866023418675,27.82775551359262,26.070350866715813,44.21198679259903,40.891733372387556,10.37,1.0,0.11,0.35
AMZN,2007-03-27,1.940999984741211,1.9709999561309808,1.937999963760376,1.968500018119812,79872000.0,29.40416633539377,27.77587685553397,26.105914478842156,44.16475588930751,40.89639174993279,10.36,3.0,0.1,0.34
AMZN,2007-03-28,1.9544999599456787,1.9754999876022337,1.937000036239624,1.9670000076293943,124044000.0,29.20832202441742,27.7739923942335,26.104737595564288,44.150913366031006,40.891141937186916,10.34,3.0,0.1,0.34
AMZN,2007-03-29,1.982499957084656,1.996000051498413,1.965000033378601,1.9904999732971191,128104000.0,28.761952738612106,27.614538794502852,26.0663327662486,44.1684736336054,40.88962241681771,10.3,1.0,0.1,0.37
AMZN,2007-03-30,1.987499952316284,2.01200008392334,1.9709999561309808,1.9895000457763672,119938000.0,28.75745022595233,27.311631749846764,26.060845525187343,44.02502724728398,40.853806928378575,10.27,1.0,0.1,0.37
AMZN,2007-04-02,1.9924999475479128,2.0234999656677246,1.977499961853028,2.0209999084472656,141826000.0,29.062550690842272,27.474238934979006,26.17078884434801,43.94159140105292,40.87226070615906,10.22,8.0,0.08,0.33
AMZN,2007-04-03,2.0209999084472656,2.069000005722046,2.0199999809265137,2.059499979019165,119364000.0,28.33986131745037,27.558505238893854,26.153555017869273,43.88839196489516,40.91177659977676,10.16,8.0,-0.03,0.34
AMZN,2007-04-04,2.061000108718872,2.077500104904175,2.0460000038146973,2.076499938964844,81294000.0,28.38836304700966,27.13031255724306,26.087773849259627,43.823323890962484,40.90354023000802,10.1,5.0,-0.15,0.36
AMZN,2007-04-05,2.0785000324249268,2.088000059127808,2.072000026702881,2.0840001106262207,65768000.0,28.33541523790646,27.107049552253603,25.94610896567044,43.81736713934158,40.87022853187396,10.03,1.0,-0.26,0.42
AMZN,2007-04-09,2.0859999656677246,2.1070001125335693,2.0804998874664307,2.0829999446868896,83654000.0,28.28186447834966,26.837453427631413,25.809327358349453,43.69166348910372,40.84299884258839,9.95,1.0,-0.36,0.48
AMZN,2007-04-10,2.0785000324249268,2.0980000495910645,2.072999954223633,2.0929999351501465,68436000.0,28.302482278067632,26.825687021607898,25.76750727417889,43.67830897269279,40.7311212004792,9.87,1.0,-0.46,0.5
AMZN,2007-04-11,2.0864999294281006,2.0934998989105225,2.062000036239624,2.0840001106262207,101568000.0,23.658707164405904,26.549989239265905,25.620460913163107,43.53216702190151,40.55581128021868,9.78,1.0,-0.53,0.56
AMZN,2007-04-12,2.0864999294281006,2.118499994277954,2.069999933242798,2.1135001182556152,95090000.0,23.84944273114903,26.58870074629181,25.02729648158756,43.39328941379111,40.55580047279441,9.68,1.0,-0.54,0.59
AMZN,2007-04-13,2.109499931335449,2.125,2.0964999198913574,2.120500087738037,72200000.0,23.660462879890517,26.196789967100802,24.690506505551575,43.31226193619445,40.52600911365746,9.57,1.0,-0.55,0.69
AMZN,2007-04-16,2.188499927520752,2.265000104904175,2.183500051498413,2.259999990463257,268880000.0,27.556212700994216,28.55451394501572,26.672442786452848,32.57409559466599,41.01370811339998,9.43,17.0,0.4,1.79
AMZN,2007-04-17,2.263999938964844,2.2660000324249268,2.237499952316284,2.253499984741211,147978000.0,26.81405951030012,28.57946008713404,26.652303958098972,32.566326727665306,40.99593631640929,9.27,17.0,0.94,1.8
AMZN,2007-04-18,2.240000009536743,2.257499933242798,2.2314999103546143,2.249500036239624,99928000.0,24.89498066305928,28.578572733150647,26.65016189544663,32.48583578924658,40.815320073774295,9.12,17.0,1.24,1.8
AMZN,2007-04-19,2.2304999828338623,2.257499933242798,2.220499992370605,2.2320001125335693,96194000.0,24.981347068024306,28.442008583384716,26.681797663746888,32.47269464955978,40.732625093262,8.95,20.0,1.33,1.79
AMZN,2007-04-20,2.254499912261963,2.258500099182129,2.2260000705718994,2.247499942779541,119610000.0,24.730809772694773,28.171967009211723,26.659886285123825,32.34775540402363,40.70618733238146,8.78,19.0,1.47,1.8
AMZN,2007-04-23,2.213500022888184,2.240499973297119,2.2079999446868896,2.2385001182556152,141772000.0,24.52670384320692,28.162447211322718,26.5839908247846,32.32829607763967,40.67814810999594,8.59,17.0,1.48,1.85
AMZN,2007-04-24,2.237499952316284,2.25,2.2214999198913574,2.237499952316284,397752000.0,24.520525869551363,28.105249509259302,25.876463950943005,32.24530718941199,40.66742232835911,8.4,6.0,1.3,2.07
AMZN,2007-04-25,2.6559998989105225,2.858999967575073,2.6475000381469727,2.8405001163482666,2086584000.0,71.20642451903115,55.807075096250934,45.756024225115596,42.58238599531506,47.10016181467769,8.23,88.0,16.1,42.86
AMZN,2007-04-26,2.825000047683716,3.1519999504089355,2.803499937057495,3.138999938964844,1243590000.0,75.4284615612604,58.84215374401799,48.225418899593635,43.97829451540151,48.10236085802675,8.09,89.0,21.14,34.5
AMZN,2007-04-27,3.062000036239624,3.191999912261963,3.0309998989105225,3.130000114440918,1014668000.0,75.29985369604219,58.86708895157312,48.20414177119125,43.91982946198302,48.1029802065491,7.95,89.0,17.01,34.54
AMZN,2007-04-30,3.095499992370605,3.121999979019165,3.059000015258789,3.066499948501587,479584000.0,75.96185903577977,59.03320962897417,48.164827209859375,44.00444264980154,48.1552805872825,7.81,89.0,13.26,34.64
AMZN,2007-05-01,3.055999994277954,3.101999998092652,3.013999938964844,3.101999998092652,370380000.0,75.97343074128332,58.38070281875194,48.13699352713236,44.0062364593867,48.13371124019613,7.67,89.0,10.63,34.6
AMZN,2007-05-02,3.0840001106262207,3.112499952316284,3.0450000762939453,3.059000015258789,288544000.0,76.38767353997392,58.48568018470187,48.212215157367424,43.99348240723171,48.119324451068856,7.53,92.0,8.6,34.44
AMZN,2007-05-03,3.053999900817871,3.127000093460083,3.0380001068115234,3.109499931335449,269640000.0,76.24264563449718,58.34528834965542,48.23711499641131,43.98912225514992,48.1326080930666,7.39,94.0,7.07,34.24
AMZN,2007-05-04,3.119499921798706,3.1875,3.117500066757202,3.1614999771118164,285986000.0,75.93881676130843,58.33290776807159,48.106465611712224,43.74185191874682,48.13102488420481,7.25,89.0,5.9,34.41
AMZN,2007-05-07,3.121500015258789,3.1614999771118164,3.0355000495910645,3.04099988937378,296166000.0,77.14811714756257,59.113895721509024,48.60435110985782,44.041960642264186,48.29155180879791,7.11,96.0,4.88,33.24
AMZN,2007-05-08,3.0269999504089355,3.0920000076293945,2.984999895095825,3.0915000438690186,271022000.0,77.03359500512896,59.0336547868416,48.64055083535594,43.86148004183201,48.29175580819607,6.97,97.0,4.05,33.06
AMZN,2007-05-09,3.0999999046325684,3.1475000381469727,3.065000057220459,3.1424999237060547,177498000.0,77.01175336148512,59.051989454252954,48.64522603698016,43.88344671712422,48.296452733306054,6.84,98.0,3.37,32.91
AMZN,2007-05-10,3.121999979019165,3.132499933242798,3.0425000190734863,3.0460000038146973,201040000.0,78.07084899538215,59.589238180293606,48.97842319780123,43.8428914688193,48.412374764965534,6.72,99.0,2.77,32.16
AMZN,2007-05-11,3.0480000972747803,3.0799999237060547,3.0280001163482666,3.078000068664551,158382000.0,78.07622758555395,59.525888878155975,48.96708057585595,43.84614025895145,48.369150616731964,6.6,99.0,2.26,32.21
AMZN,2007-05-14,3.0840001106262207,3.086999893188477,3.0299999713897705,3.0850000381469727,155208000.0,78.03394400131364,59.50437978623577,48.85778635264798,43.82183963083973,48.32339052240304,6.77,98.0,1.81,32.66
AMZN,2007-05-15,3.069999933242798,3.0985000133514404,3.026000022888184,3.0290000438690186,174042000.0,78.61383079388318,59.73379902456617,48.85056137454445,43.88684352095091,48.29472038071259,6.93,97.0,1.43,32.68
AMZN,2007-05-16,3.0510001182556152,3.1670000553131104,3.005000114440918,3.1610000133514404,289708000.0,79.05635022165619,60.01816331271003,49.2277478524988,44.120064145183676,48.461729842795236,7.09,100.0,1.1,31.39
AMZN,2007-05-17,3.1440000534057617,3.1760001182556152,3.1010000705718994,3.1085000038146973,237418000.0,79.55232881945763,60.15757140639418,49.31773305401701,44.07904707820015,48.49933907147047,7.25,100.0,0.79,31.33
AMZN,2007-05-18,3.124000072479248,3.164999961853028,3.114000082015991,3.164999961853028,195984000.0,79.50699866550525,60.13700587759815,49.350177531544446,44.06512272909146,48.371106824171484,7.41,100.0,0.53,31.12
AMZN,2007-05-21,3.178999900817871,3.434000015258789,3.164999961853028,3.414999961853028,729376000.0,81.3721710579698,61.70115100733179,50.63246897085229,44.69807856840286,48.84146696833699,7.59,100.0,0.4,27.68
AMZN,2007-05-22,3.424000024795532,3.4535000324249268,3.3605000972747803,3.444000005722046,344226000.0,81.33332764074332,61.68787330856282,50.56733144660633,44.70050942014432,48.70297755040492,7.75,99.0,0.28,27.73
AMZN,2007-05-23,3.4605000019073486,3.6654999256134033,3.439500093460083,3.450000047683716,851650000.0,81.2169863081815,60.42307676217109,50.55911003754565,44.60045604524643,48.647938511205794,7.92,98.0,0.14,27.81
AMZN,2007-05-24,3.45199990272522,3.5209999084472656,3.385499954223633,3.4674999713897705,476492000.0,81.28525196888104,60.429316242742445,50.54534472579789,44.58345686463668,48.52913100992278,8.07,97.0,0.0,27.81
AMZN,2007-05-25,3.484499931335449,3.484999895095825,3.4124999046325684,3.427500009536743,199744000.0,81.60979021231964,60.485289991484926,50.46995942611584,44.23172883726456,48.395063869866405,8.22,96.0,-0.15,27.95
AMZN,2007-05-29,3.421499967575073,3.489000082015991,3.385999917984009,3.4814999103546143,234616000.0,80.34738287026877,59.92504958553118,50.335207650329664,43.996601738765335,48.40263009079376,8.36,95.0,-0.28,28.09
AMZN,2007-05-30,3.453000068664551,3.503999948501587,3.443000078201294,3.493000030517578,211522000.0,80.25179601214165,59.67246056304178,50.33674583795729,43.924713574968024,48.393050774858445,8.5,95.0,-0.4,28.09
AMZN,2007-05-31,3.5339999198913574,3.5369999408721924,3.428499937057495,3.4570000171661377,186204000.0,80.44241422956893,59.493712702939774,50.30631696124153,43.9569463331985,48.217368063561736,8.63,93.0,-0.53,28.15
AMZN,2007-06-01,3.444999933242798,3.4649999141693115,3.4175000190734863,3.428999900817871,140290000.0,80.45018191662592,59.522521561911624,50.145053349713166,43.878926388315676,48.2283018334898,8.75,92.0,-0.65,28.46
AMZN,2007-06-04,3.4124999046325684,3.532500028610229,3.382499933242798,3.5209999084472656,227610000.0,80.49368529317908,59.51959134775314,50.249562880405875,43.95166399836462,48.275526827866805,8.87,92.0,-0.75,28.1
AMZN,2007-06-05,3.555000066757202,3.711999893188477,3.5429999828338623,3.682499885559082,608850000.0,80.73798453772476,59.915073731804455,50.48267017383961,44.206460963684044,48.4440726468538,8.99,96.0,-0.8,27.22
AMZN,2007-06-06,3.6570000648498535,3.6875,3.5929999351501465,3.614500045776367,311820000.0,81.24218020935045,60.172057553487434,50.64448954443043,44.2112052449226,48.324750965581295,9.11,100.0,-0.88,26.97
AMZN,2007-06-07,3.628499984741211,3.736000061035156,3.5439999103546143,3.601999998092652,482764000.0,46.4358622125652,59.770384618174965,50.61497909288305,44.169103087515936,48.326083471308614,9.23,98.0,-0.96,27.17
AMZN,2007-06-08,3.623500108718872,3.661999940872192,3.552500009536743,3.661999940872192,204090000.0,37.50953379057512,59.77636356992191,50.63300441920704,44.12616182448215,48.33880984647059,9.34,99.0,-1.02,27.11
AMZN,2007-06-11,3.650000095367432,3.652499914169312,3.549999952316284,3.558500051498413,223182000.0,38.71408913959069,60.20528144964029,50.76148382822111,44.277354376324034,48.43356411122068,9.44,100.0,-1.1,26.85
AMZN,2007-06-12,3.5220000743865967,3.5380001068115234,3.470999956130981,3.503499984741211,236590000.0,38.46599881431912,60.41845838000186,50.650258917473565,43.654862762040274,48.467517842313335,9.55,99.0,-1.18,27.07
AMZN,2007-06-13,3.5450000762939453,3.594500064849853,3.462500095367432,3.5445001125335693,238358000.0,38.4680029654046,60.4084723742086,50.64980240500717,43.62317646674321,48.46828052983066,9.64,98.0,-1.25,27.01
AMZN,2007-06-14,3.5450000762939453,3.6059999465942383,3.539999961853028,3.5969998836517334,164906000.0,38.17222865442177,60.39844860040214,50.64834685007029,43.53255167229329,48.47756882276361,9.74,97.0,-1.31,26.93
AMZN,2007-06-15,3.642499923706055,3.6435000896453857,3.559499979019165,3.619999885559082,196664000.0,38.03219621271868,60.24812821946083,50.53809643107265,43.48303695668789,48.47764969791241,9.83,89.0,-1.37,27.08
AMZN,2007-06-18,3.617000102996826,3.631999969482422,3.569999933242798,3.5915000438690186,156272000.0,38.05001884056403,60.24919737128056,50.52896180630652,43.492522017855414,48.367512926501036,9.92,88.0,-1.42,27.26
AMZN,2007-06-19,3.577500104904175,3.5829999446868896,3.483999967575073,3.490499973297119,237420000.0,37.13947811332189,60.5851078104477,50.80414953426931,43.60518456134214,48.46911832301661,10.0,100.0,-1.48,26.75
AMZN,2007-06-20,3.512500047683716,3.525000095367432,3.452500104904175,3.4549999237060547,183452000.0,37.20354145314702,60.69618439981329,50.83326298313057,43.6360682423028,48.485324258883935,10.08,100.0,-1.53,26.7
AMZN,2007-06-21,3.4579999446868896,3.4885001182556152,3.433000087738037,3.4835000038146973,152194000.0,37.03725544522711,60.69674486475254,50.81225787200193,43.32382782600063,48.48021855707261,10.16,99.0,-1.57,26.79
AMZN,2007-06-22,3.477499961853028,3.49399995803833,3.4210000038146973,3.443000078201294,167652000.0,35.8660777814118,60.817017713930696,50.825062052348535,43.28651139468091,48.409008051073116,10.24,99.0,-1.61,26.77
AMZN,2007-06-25,3.4674999713897705,3.4814999103546143,3.414999961853028,3.433000087738037,151870000.0,35.86899309458733,60.86604478111211,50.81780411281176,43.16079968478862,48.40130551491244,10.3,98.0,-1.65,26.89
AMZN,2007-06-26,3.426500082015991,3.43149995803833,3.36899995803833,3.374000072479248,224956000.0,36.380425676533754,61.07668291411193,50.839139573157574,43.207839741130186,48.44137460649201,10.37,100.0,-1.68,27.07
AMZN,2007-06-27,3.3480000495910645,3.4105000495910645,3.3355000019073486,3.407000064849853,164858000.0,35.857692576247246,61.06010129253294,50.43654762836242,43.1015474416721,48.44557184535026,10.42,79.0,-1.71,27.78
AMZN,2007-06-28,3.4230000972747803,3.5114998817443848,3.407500028610229,3.444499969482422,195644000.0,34.011268099247665,61.02533231781825,50.40458229933573,43.04464270932489,48.44177496206628,10.48,78.0,-1.74,27.76
AMZN,2007-06-29,3.451499938964844,3.4595000743865967,3.407500028610229,3.4205000400543213,106332000.0,33.63792463022279,61.10865328803794,50.30828435145875,42.94442768704903,48.44982427506502,10.52,75.0,-1.76,28.19
AMZN,2007-07-02,3.440500020980835,3.4855000972747803,3.4100000858306885,3.4804999828338623,98122000.0,33.61452273811519,61.12853561312237,50.3022121928867,42.969561287315614,48.25351961760978,10.57,73.0,-1.77,28.22
AMZN,2007-07-03,3.502000093460083,3.502500057220459,3.450999975204468,3.4725000858306885,44470000.0,25.5637513393174,61.14116139614458,50.3168577267742,42.938625393438215,48.25541523502681,10.61,75.0,-1.79,28.21
AMZN,2007-07-05,3.4679999351501465,3.4825000762939453,3.4030001163482666,3.436500072479248,89758000.0,25.64220784420879,61.260128723145655,50.32210501090382,42.95335204216354,48.27049926526945,10.65,75.0,-1.8,28.2
AMZN,2007-07-06,3.4375,3.4649999141693115,3.400500059127808,3.448499917984009,92306000.0,25.65791527227776,61.21260453636892,50.32194777020222,42.843014555719336,48.08684076006966,10.69,74.0,-1.8,28.2
AMZN,2007-07-09,3.469000101089477,3.617500066757202,3.450999975204468,3.6034998893737793,296338000.0,28.631995247666786,61.63621672440212,50.67844404016304,43.0895672203084,48.25298242695413,10.73,93.0,-1.81,27.18
AMZN,2007-07-10,3.5824999809265137,3.5969998836517334,3.503499984741211,3.513999938964844,177708000.0,29.420184127928778,62.02108167799221,50.86219163412108,43.21760322321138,48.284943693757306,10.76,100.0,-1.81,27.0
AMZN,2007-07-11,3.5290000438690186,3.5824999809265137,3.507499933242798,3.5364999771118164,131872000.0,29.136586003223425,60.94145750681975,50.84772816624924,43.21704230053881,48.272445562648635,10.78,99.0,-1.8,26.99
AMZN,2007-07-12,3.565500020980835,3.678499937057495,3.5364999771118164,3.63949990272522,229032000.0,30.256195280725525,61.05621305882079,50.97876623675651,43.31130167275997,48.338114670827565,10.8,100.0,-1.79,26.57
AMZN,2007-07-13,3.6540000438690186,3.767499923706055,3.6484999656677246,3.755000114440918,250040000.0,31.241206123496347,61.2054345420577,51.00770613362806,43.42316502358454,48.31314025434066,10.81,100.0,-1.78,26.49
AMZN,2007-07-16,3.736500024795532,3.742000102996826,3.650000095367432,3.684499979019165,166698000.0,31.72264664931478,61.37494907119461,51.12588739132177,43.45912287290965,48.27366863853671,10.82,100.0,-1.76,26.29
AMZN,2007-07-17,3.7195000648498535,3.7260000705718994,3.679500102996826,3.689500093460083,121688000.0,30.89016449305797,61.391091532593144,51.09407117781354,41.46669666380545,48.195532115347994,10.83,99.0,-1.74,26.32
AMZN,2007-07-18,3.6635000705718994,3.674499988555908,3.612499952316284,3.6659998893737793,125794000.0,28.09362455188192,61.41332236213414,51.099983995915665,41.45671424309121,48.16586830406336,10.83,99.0,-1.72,26.31
AMZN,2007-07-19,3.711999893188477,3.7160000801086426,3.6559998989105225,3.6675000190734863,105470000.0,27.54131963611969,61.408411987071624,51.10448257519084,41.45389951770564,48.159162937002684,10.83,99.0,-1.7,26.31
AMZN,2007-07-20,3.63100004196167,3.6480000019073486,3.525000095367432,3.5815000534057617,182614000.0,28.406465197864566,38.71183463869511,50.4993056947873,41.574224196262946,48.1625150283715,10.82,72.0,-1.67,27.49
AMZN,2007-07-23,3.58899998664856,3.633500099182129,3.5425000190734863,3.586999893188477,185356000.0,27.969096995957255,33.13329998825459,50.5036658454553,41.570510084595234,48.14854195876973,10.81,72.0,-1.64,27.52
AMZN,2007-07-24,3.552000045776367,3.608000040054321,3.442500114440918,3.462500095367432,506846000.0,28.606861546765145,34.00260472601641,50.8859606549106,41.77303194537592,48.192181160210055,10.79,94.0,-1.6,26.78
AMZN,2007-07-25,4.232999801635742,4.440000057220459,4.182499885559082,4.309000015258789,1209048000.0,69.51397286399875,55.73411153283764,60.78301862062766,48.92095772408196,52.72051012538018,10.9,100.0,-1.48,20.3
AMZN,2007-07-26,4.250999927520752,4.449999809265137,4.171500205993652,4.200500011444092,465342000.0,70.12468126332209,56.08351941186825,60.886555156037915,49.048167071859396,52.74258464655265,11.0,100.0,-1.41,20.18
AMZN,2007-07-27,4.213500022888184,4.266499996185303,4.124000072479248,4.202000141143799,278852000.0,70.08718089493141,55.95282967711708,60.677850765848454,49.01654659124724,46.39917623040041,11.09,98.0,-1.34,20.67
AMZN,2007-07-30,4.150000095367432,4.202499866485596,4.075500011444092,4.135000228881836,257112000.0,70.35544528408184,56.07333608587961,60.75871991309809,49.060992507279735,46.440225627347594,11.18,98.0,-1.28,20.59
AMZN,2007-07-31,4.184999942779541,4.186500072479248,3.900000095367432,3.927000045776367,282090000.0,72.13928949923265,57.18923301824489,61.443169579754795,49.475578561684706,46.74149750328442,11.26,100.0,-1.24,19.79
AMZN,2007-08-01,3.9049999713897705,3.9075000286102295,3.753000020980835,3.865499973297119,338360000.0,71.74929438304306,56.6502243119474,61.52049487069222,49.47386081945878,46.76162402423052,11.34,100.0,-1.2,19.82
AMZN,2007-08-02,3.892999887466431,3.98799991607666,3.805999994277954,3.98550009727478,207232000.0,72.04970791269332,56.85616559700487,61.6223350132341,49.568415126453445,46.764741971117175,11.41,100.0,-1.15,19.55
AMZN,2007-08-03,3.9769999980926514,4.037499904632568,3.8355000019073486,3.839999914169312,159750000.0,73.05536290333863,57.424644137254056,61.803310683587576,49.775900753772675,46.931125991856156,11.48,100.0,-1.09,19.34
AMZN,2007-08-06,3.8529999256134033,3.950000047683716,3.829999923706055,3.950000047683716,180058000.0,73.2622361371999,57.18946582282245,61.89449135070263,49.70107393989664,46.956086154491175,11.54,100.0,-1.04,19.13
AMZN,2007-08-07,3.927500009536743,4.0,3.8945000171661377,3.9570000171661377,161186000.0,73.23322513699577,57.177461081311584,61.85301456517324,49.63031157823443,46.922232993543304,11.59,99.0,-0.98,19.15
AMZN,2007-08-08,3.9885001182556152,3.99399995803833,3.828000068664551,3.888999938964844,164896000.0,73.23318828677418,57.34643599553536,61.97164668071585,49.69040241058274,46.91491867034046,11.63,100.0,-0.92,19.05
AMZN,2007-08-09,3.819999933242798,3.86299991607666,3.705499887466431,3.705499887466431,166968000.0,74.80568637189765,58.16629211805006,62.578747309436736,50.05113543884983,47.1664790914269,11.68,100.0,-0.85,18.49
AMZN,2007-08-10,3.6575000286102295,3.825000047683716,3.618499994277954,3.739000082015991,181352000.0,74.78939013738797,57.601344826985724,62.57782673430945,50.051431831086404,47.15870090599605,11.71,99.0,-0.77,18.47
AMZN,2007-08-13,3.804500102996826,3.815999984741211,3.734999895095825,3.743499994277954,121372000.0,74.73447127512588,57.45846166508494,62.45963007160091,50.05187385945884,47.155144064483444,11.74,98.0,-0.68,18.75
AMZN,2007-08-14,3.739500045776367,3.739500045776367,3.6459999084472656,3.672499895095825,118924000.0,74.87362202026006,57.55109699135207,62.550730565313884,50.11476347835948,47.16975885216976,11.68,98.0,-0.58,18.67
AMZN,2007-08-15,3.651000022888184,3.757499933242798,3.61299991607666,3.61899995803833,127518000.0,75.01811828525537,55.56809073196965,62.56439392564626,50.12318612178953,47.187819684939385,11.61,98.0,-0.48,18.66
AMZN,2007-08-16,3.5999999046325684,3.661999940872192,3.502500057220459,3.63949990272522,215746000.0,74.94303454149284,55.55490654598718,62.558429793314474,49.89246293145515,47.00211066876515,11.52,97.0,-0.37,18.65
AMZN,2007-08-17,3.724499940872192,3.752000093460083,3.6554999351501465,3.750999927520752,144812000.0,75.38960910707526,55.877552280374765,62.67224704741974,49.99400751670579,47.07524054346005,11.42,100.0,-0.25,18.41
AMZN,2007-08-20,3.749000072479248,3.763999938964844,3.690000057220459,3.734999895095825,118322000.0,74.39062316312237,55.88414368681905,62.68501119753419,49.986760712896086,46.94272740212168,11.31,100.0,-0.13,18.41
AMZN,2007-08-21,3.7105000019073486,3.891499996185303,3.704499959945679,3.874500036239624,168582000.0,74.64538842712253,56.28456292423498,62.86331746597406,50.12542112742108,47.0571984780959,11.19,100.0,-0.01,18.08
AMZN,2007-08-22,3.911999940872192,3.974499940872192,3.891999959945679,3.924999952316284,136962000.0,74.69354615116579,56.2595811222479,62.860572351870424,50.034518865666364,46.90687403443876,11.06,99.0,0.11,18.03
AMZN,2007-08-23,3.947000026702881,3.950000047683716,3.825500011444092,3.865000009536743,113300000.0,74.4924598416071,56.37158256386206,62.94225041569392,50.06716221723851,46.945120623099264,10.91,100.0,0.26,18.04
AMZN,2007-08-24,3.839999914169312,3.9700000286102295,3.8345000743865967,3.962500095367432,113314000.0,74.29894305878165,56.51295196453948,62.97981924093866,50.12265646081978,46.975814177048704,10.75,100.0,0.4,17.96
AMZN,2007-08-27,4.027999877929688,4.039999961853027,3.921000003814697,3.932499885559082,139026000.0,74.0960491943693,56.50886739221539,63.01916062883948,50.13628914000128,46.97941397638812,10.57,100.0,0.56,17.97
AMZN,2007-08-28,3.892999887466431,3.932499885559082,3.803999900817871,3.811000108718872,115340000.0,74.73220351674452,56.69464353068187,63.302592128179626,50.22901101151652,47.11289609981694,10.38,100.0,0.75,17.73
AMZN,2007-08-29,3.848000049591065,3.952500104904175,3.8429999351501465,3.952500104904175,101536000.0,75.38890881856074,56.44503577720364,63.477130844077564,50.373666771964324,47.147979057977665,10.17,100.0,0.92,17.38
AMZN,2007-08-30,3.920000076293945,4.005499839782715,3.9149999618530273,3.934000015258789,92576000.0,75.41573991368081,56.308092380057374,63.501112807664285,50.38360348846731,47.12535622540769,9.93,100.0,1.09,17.38
AMZN,2007-08-31,4.0,4.026500225067139,3.984999895095825,3.995500087738037,123148000.0,75.09401111351931,56.372168136286604,63.494690269022854,50.38823420846389,47.01387527138183,9.68,99.0,1.24,17.32
AMZN,2007-09-04,3.994999885559082,4.176499843597412,3.986500024795532,4.135000228881836,165320000.0,75.61323754874365,56.688768726504634,63.63731153323802,50.51382357654515,47.11265079265513,9.39,100.0,1.36,17.07
AMZN,2007-09-05,4.111999988555908,4.244500160217285,4.111000061035156,4.1875,181244000.0,74.67673423331232,56.36446196921517,63.641793361857836,50.511868958325934,47.04960544273387,9.06,100.0,1.43,17.03
AMZN,2007-09-06,4.224999904632568,4.322999954223633,4.142499923706055,4.310500144958496,176538000.0,39.966595704929944,56.485897890130055,63.087381742756364,50.53655810853237,47.10417599586091,8.75,94.0,1.55,17.83
AMZN,2007-09-07,4.235000133514404,4.248499870300293,4.1605000495910645,4.22599983215332,164624000.0,39.6833545047101,56.6585362626381,63.20816472248616,50.542315123075745,46.904461421199514,8.42,94.0,1.65,17.73
AMZN,2007-09-10,4.246500015258789,4.257999897003174,4.125500202178955,4.166999816894531,107338000.0,39.897844228807955,56.70989156238447,63.278090940769495,50.58877431029389,46.77317775117055,8.06,94.0,1.69,17.68
AMZN,2007-09-11,4.208499908447266,4.33050012588501,4.176499843597412,4.314000129699707,137196000.0,40.851377267041954,57.0886919981374,63.39848706945563,50.701946735944624,46.82243494147261,7.67,95.0,1.57,17.38
AMZN,2007-09-12,4.303500175476074,4.444499969482422,4.298500061035156,4.364999771118164,180606000.0,37.7118076214125,57.071589724065355,63.40376909739316,50.702209625197405,46.825977862739556,7.23,95.0,1.28,17.35
AMZN,2007-09-13,4.397500038146973,4.403500080108643,4.324999809265137,4.36299991607666,119670000.0,37.28912200192015,56.69274225826758,63.391081337239484,50.70268675693275,46.757424556608974,6.75,93.0,0.67,17.36
AMZN,2007-09-14,4.320499897003174,4.4045000076293945,4.315499782562256,4.388500213623047,79094000.0,36.43891531238797,56.61954046592106,63.38096577348173,50.67030511916775,46.754394992197604,6.17,92.0,-0.47,17.35
AMZN,2007-09-17,4.348999977111816,4.367000102996826,4.298999786376953,4.3454999923706055,89690000.0,34.620898017163384,56.68288099277285,51.378283774063796,50.68955155029518,46.772726757496024,6.12,63.0,-0.55,18.18
AMZN,2007-09-18,4.36899995803833,4.579999923706055,4.3354997634887695,4.4375,178488000.0,34.241815543353766,56.69938188784991,49.11463210533544,50.72232885600418,46.74619509789337,6.11,14.0,-0.53,21.78
AMZN,2007-09-19,4.47599983215332,4.491000175476074,4.413000106811523,4.449999809265137,129174000.0,34.237570312318724,56.68073904600488,49.10426308123737,50.64739474671133,46.7129265629256,6.1,13.0,-0.52,21.78
AMZN,2007-09-20,4.445000171661377,4.520999908447266,4.440999984741211,4.482500076293945,115616000.0,33.64829092303904,56.50317422257856,48.95622302100763,50.568007420276,46.671851491802336,6.09,10.0,-0.51,21.95
AMZN,2007-09-21,4.514500141143799,4.59499979019165,4.482500076293945,4.565000057220459,130490000.0,29.841156021958064,56.56215730514295,48.994837471801546,50.5934705742196,46.67556357605103,6.08,12.0,-0.48,21.84
AMZN,2007-09-24,4.565000057220459,4.6875,4.540500164031982,4.629499912261963,106436000.0,29.90667797265281,56.579820249531274,48.93710309360964,50.55746927255785,46.22542020580361,6.07,8.0,-0.42,21.83
AMZN,2007-09-25,4.599500179290772,4.675000190734863,4.547500133514404,4.673999786376953,116006000.0,29.861057956277076,56.532568087046776,48.905718673848284,50.45175538130282,46.20087921773153,6.07,7.0,-0.37,21.93
AMZN,2007-09-26,4.702000141143799,4.7129998207092285,4.614500045776367,4.671500205993652,115406000.0,28.894721349195013,56.486875978638295,48.86975236763227,50.45531604824879,46.12995659008677,6.06,6.0,-0.35,22.08
AMZN,2007-09-27,4.703499794006348,4.70550012588501,4.6554999351501465,4.669000148773193,56254000.0,28.212209649665056,56.47841280480266,48.39244864754949,50.39280960659873,46.09772655135787,6.06,1.0,-0.36,22.86
AMZN,2007-09-28,4.638500213623047,4.679999828338623,4.585000038146973,4.65749979019165,96274000.0,28.380795050879453,56.40951976373928,48.36446114995071,50.40043241010911,46.09285577442461,6.06,1.0,-0.39,23.01
AMZN,2007-10-01,4.671000003814697,4.704999923706055,4.641499996185303,4.670499801635742,107948000.0,27.64011574944777,56.410537688661165,48.32483250426652,50.36470495506842,46.05162184474948,6.07,1.0,-0.42,23.16
AMZN,2007-10-02,4.692999839782715,4.695000171661377,4.570000171661377,4.618000030517578,97344000.0,27.969230872635848,55.91724076169407,48.05901226722951,50.39442836103335,46.07569310476961,6.08,1.0,-0.49,23.63
AMZN,2007-10-03,4.609499931335449,4.639999866485596,4.589000225067139,4.623000144958496,101044000.0,26.56349795695202,55.587912256484096,48.05081415178717,50.30711944168974,45.865720414600176,6.09,1.0,-0.56,23.69
AMZN,2007-10-04,4.627500057220459,4.628499984741211,4.572500228881836,4.61299991607666,66366000.0,26.575537607458628,55.60361888539321,48.060197433259326,50.196019718306154,45.816149394197325,6.09,3.0,-0.64,23.69
AMZN,2007-10-05,4.677499771118164,4.685500144958496,4.617000102996826,4.671500205993652,110470000.0,25.902928890685196,55.400828836091854,47.94482253437607,50.201610626239,45.73360923544551,6.1,1.0,-0.73,23.8
AMZN,2007-10-08,4.710999965667725,4.792500019073486,4.699999809265137,4.792500019073486,148568000.0,25.944675907739565,55.294528983512414,47.673157532542106,50.25257403255189,45.76593711826481,6.12,1.0,-0.76,24.47
AMZN,2007-10-09,4.829500198364258,4.83650016784668,4.737500190734863,4.765999794006348,142892000.0,25.85541980330104,55.12412565040826,47.58116247984972,50.21587128941767,45.70004000186499,6.14,1.0,-0.82,24.63
AMZN,2007-10-10,4.775000095367432,4.787499904632568,4.718500137329102,4.732999801635742,111356000.0,23.62559816274106,55.16925308999967,47.56268527916278,50.19497532671361,45.670813097222904,6.16,1.0,-0.89,24.8
AMZN,2007-10-11,4.766499996185303,4.787000179290772,4.406499862670898,4.4670000076293945,196448000.0,28.740419747507612,56.5788392683489,47.14992316861385,50.732801567127204,46.01011843854671,6.19,1.0,-0.96,26.29
AMZN,2007-10-12,4.4710001945495605,4.619500160217285,4.446000099182129,4.618500232696533,167198000.0,29.826206567504173,56.90896334660652,47.39250819588465,50.82683113703553,46.10121541494144,6.22,2.0,-1.03,25.58
AMZN,2007-10-15,4.590000152587891,4.605999946594238,4.505000114440918,4.526500225067139,112176000.0,30.550110809076813,56.83907189334303,47.53338009909396,50.898626118838905,46.13934327104135,6.25,3.0,-1.09,25.35
AMZN,2007-10-16,4.434500217437744,4.502500057220459,4.425000190734863,4.476500034332275,170230000.0,29.47110842247041,56.920560358817575,47.58234763572242,50.9025138895687,46.151233329281425,6.27,6.0,-1.15,25.31
AMZN,2007-10-17,4.59499979019165,4.59499979019165,4.453000068664551,4.527500152587891,153574000.0,29.43558106375434,56.35484786367009,47.54791492914749,50.889291991277894,46.084454318984804,6.3,4.0,-1.2,25.28
AMZN,2007-10-18,4.468500137329102,4.521500110626221,4.457499980926514,4.492499828338623,106590000.0,28.487842516255984,34.42710782679218,47.532016712041845,50.842842083734695,46.09259397768204,6.32,3.0,-1.24,25.44
AMZN,2007-10-19,4.496500015258789,4.53249979019165,4.466000080108643,4.48799991607666,182524000.0,27.785928676127053,33.99423893039516,47.53519470156299,50.63419200660294,46.086574444811326,6.35,5.0,-1.28,25.45
AMZN,2007-10-22,4.462500095367432,4.584499835968018,4.451000213623047,4.564499855041504,197368000.0,27.679218420251182,34.14747530034249,47.54436481429649,50.63699154179017,46.103501849829485,6.37,6.0,-1.32,25.29
AMZN,2007-10-23,4.763999938964844,5.054500102996826,4.7104997634887695,5.040999889373779,835236000.0,38.3698995907013,39.40901759584921,49.91611044770205,51.773642992274006,47.07485052986695,6.37,26.0,-1.22,20.73
AMZN,2007-10-24,4.543499946594238,4.544000148773193,4.16349983215332,4.436500072479248,832348000.0,54.29219320668594,46.40668571109291,53.975173501276544,54.0919615011283,48.89341645867497,6.36,63.0,-1.25,17.03
AMZN,2007-10-25,4.411499977111816,4.474999904632568,4.315999984741211,4.4105000495910645,232618000.0,54.32357767763829,46.288481492204184,53.556670858072216,54.10581438712965,48.8673999329212,6.35,62.0,-1.28,17.77
AMZN,2007-10-26,4.449999809265137,4.544000148773193,4.385000228881836,4.5,176524000.0,54.60481641391722,46.06334258634966,53.533251041090665,54.11015381280942,47.63509386491817,6.34,61.0,-1.3,17.7
AMZN,2007-10-29,4.520500183105469,4.573500156402588,4.473999977111816,4.505000114440918,141944000.0,54.510801517430195,45.33368619138752,53.525874143402454,54.11158157278086,47.61813064367652,6.32,60.0,-1.33,17.7
AMZN,2007-10-30,4.483500003814697,4.53249979019165,4.402500152587891,4.412000179290772,108108000.0,54.541415807095426,45.26706440443481,53.600835375375866,54.18901180018347,47.6773587026697,6.31,62.0,-1.34,17.69
AMZN,2007-10-31,4.402500152587891,4.480000019073486,4.349999904632568,4.457499980926514,140896000.0,54.619719165572,45.299901816975726,53.39220282933379,54.158295560766256,47.67897559892169,6.3,58.0,-1.35,17.9
AMZN,2007-11-01,4.387499809265137,4.479000091552734,4.324999809265137,4.382500171661377,165314000.0,54.79294442432152,45.29330663823083,53.404490951185856,54.21226832114776,47.71983261820647,6.29,58.0,-1.35,17.89
AMZN,2007-11-02,4.398499965667725,4.406000137329102,4.175000190734863,4.298999786376953,204610000.0,54.74080287719991,44.29397296702843,53.49102151968977,54.28324517612849,47.7417264671112,6.28,58.0,-1.34,17.84
AMZN,2007-11-05,4.21750020980835,4.301000118255615,4.138000011444092,4.218500137329102,149062000.0,54.734848997616425,44.48713863860987,53.552741469721674,54.27216293488526,47.789299377099766,6.27,60.0,-1.32,17.83
AMZN,2007-11-06,4.230500221252441,4.375,4.218500137329102,4.363500118255615,158680000.0,55.664566730499544,44.96075508413648,53.79142273889126,54.37360320450294,47.88599196655027,6.25,62.0,-1.31,17.4
AMZN,2007-11-07,4.320499897003174,4.458000183105469,4.308000087738037,4.352000236511231,167956000.0,55.662137813964705,44.74717770387426,53.77356623884442,54.365353097684554,47.86111546462027,6.24,61.0,-1.3,17.41
AMZN,2007-11-08,4.340000152587891,4.3480000495910645,4.070000171661377,4.178999900817871,236064000.0,56.74645111102659,45.48813361789236,53.980626346738816,54.61130553454061,48.04763304046345,6.23,63.0,-1.27,17.15
AMZN,2007-11-09,4.120999813079834,4.120999813079834,3.941999912261963,3.944499969482422,232404000.0,58.864870932091975,47.120889739367584,54.771531937140125,55.097509991246255,48.407081462150394,6.21,63.0,-1.24,16.22
AMZN,2007-11-12,3.913000106811523,4.004499912261963,3.825000047683716,3.849999904632568,187938000.0,59.05381555200183,47.01837195534974,54.90985463843147,54.80780714790777,48.44581944219066,6.2,63.0,-1.22,16.11
AMZN,2007-11-13,3.8954999446868896,4.002500057220459,3.890000104904175,3.993000030517578,189926000.0,60.32148661650971,47.582164541463456,55.15816579051973,54.94190135886099,48.55677952668675,6.19,63.0,-1.19,15.66
AMZN,2007-11-14,4.019999980926514,4.057499885559082,3.9075000286102295,3.92549991607666,168548000.0,60.39546291099486,47.13916967311248,55.23244335899994,54.98173401262747,48.57188834743879,6.17,63.0,-1.17,15.6
AMZN,2007-11-15,3.971499919891357,3.986500024795532,3.8350000381469727,3.892499923706055,156630000.0,60.39318274049472,47.09623460241977,55.17390877494519,54.85083193992936,48.45975131339001,6.16,62.0,-1.16,15.65
AMZN,2007-11-16,3.850500106811523,3.94950008392334,3.8315000534057617,3.930000066757202,142282000.0,60.320255502595735,47.02868500072625,55.17335691151853,54.796820132769085,48.40798447703744,6.14,61.0,-1.15,15.65
AMZN,2007-11-19,3.941499948501587,3.987499952316284,3.8970000743865967,3.9590001106262207,172996000.0,59.72605493179098,46.77277937644402,55.16052100373435,54.62792106809597,48.40944140996048,6.12,60.0,-1.13,15.68
AMZN,2007-11-20,3.993000030517578,4.099999904632568,3.9154999256134033,4.019499778747559,232200000.0,60.051625690692276,46.847728461101866,55.18693697960596,54.63153346540235,48.41720875660705,6.11,62.0,-1.11,15.59
AMZN,2007-11-21,3.961999893188477,4.043000221252441,3.932499885559082,3.98799991607666,133566000.0,60.05390651025429,46.412916360135135,55.14879067137528,54.63467838013935,48.42568324521164,6.09,57.0,-1.09,15.7
AMZN,2007-11-23,4.005499839782715,4.072500228881836,3.9489998817443848,4.071499824523926,55618000.0,58.42194612918615,46.006212304747066,55.23091397808667,54.64075178017245,48.459934755761985,6.07,62.0,-1.07,15.54
AMZN,2007-11-26,4.114999771118164,4.224500179290772,4.057000160217285,4.065000057220459,172210000.0,57.39661456213516,45.995684435896614,55.199816352736676,54.64187738869065,48.456244050668644,6.05,61.0,-1.06,15.56
AMZN,2007-11-27,4.145999908447266,4.28249979019165,4.110499858856201,4.2795000076293945,172684000.0,59.38897976929878,47.07094970973154,55.761412940701774,54.810194282179225,48.67705184354284,6.02,63.0,-1.06,14.76
AMZN,2007-11-28,4.377500057220459,4.528500080108643,4.337500095367432,4.514999866485596,228068000.0,61.43776535393103,47.80994970959237,55.965141967763486,55.115848032893766,48.77232986069856,6.01,63.0,-1.05,14.5
AMZN,2007-11-29,4.494500160217285,4.573500156402588,4.434000015258789,4.457499980926514,139542000.0,61.45918635351101,47.84069659635911,55.84552621202843,55.13483219823427,48.798257860057674,5.99,62.0,-1.05,14.62
AMZN,2007-11-30,4.527999877929688,4.553999900817871,4.415500164031982,4.527999877929688,137632000.0,61.59480351243486,47.58683823259491,55.882060489041216,55.148838507800114,48.80367521042862,5.97,62.0,-1.06,14.56
AMZN,2007-12-03,4.501500129699707,4.612500190734863,4.488500118255615,4.545499801635742,120010000.0,61.60223638391277,47.395621966885045,55.72408399265534,55.13374915288981,48.79266608787265,5.95,59.0,-1.05,14.81
AMZN,2007-12-04,4.501999855041504,4.728000164031982,4.501999855041504,4.7204999923706055,146758000.0,62.37964728013977,47.87029118856248,55.82028426781659,55.27149152146889,48.84143558544861,5.94,60.0,-1.04,14.68
AMZN,2007-12-05,4.749499797821045,4.749499797821045,4.598999977111816,4.6595001220703125,132172000.0,55.08618940964523,47.47946918767786,55.770640587072705,55.22409367475708,48.856041443455766,5.92,59.0,-1.03,14.73
AMZN,2007-12-06,4.664000034332275,4.75,4.641499996185303,4.7104997634887695,109454000.0,40.42791416969169,47.47163859152133,55.786842742581236,55.2086162393983,48.857280192944856,5.9,59.0,-1.02,14.68
AMZN,2007-12-07,4.728000164031982,4.734000205993652,4.645500183105469,4.715499877929688,78696000.0,40.36042169371399,47.47029778022712,55.76934961808092,55.16974447879308,48.85471631424074,5.88,57.0,-1.01,14.69
AMZN,2007-12-10,4.715499877929688,4.71750020980835,4.614999771118164,4.651000022888184,103612000.0,40.251368611542595,47.56022623453335,55.8284058843485,55.211919824323715,48.82734420744412,5.86,60.0,-0.99,14.65
AMZN,2007-12-11,4.65500020980835,4.796999931335449,4.537499904632568,4.537499904632568,205392000.0,40.94034587768915,47.8014292428797,55.84025528138461,55.319784148767845,48.90591509501828,5.84,60.0,-0.98,14.63
AMZN,2007-12-12,4.642000198364258,4.6875,4.466000080108643,4.564000129699707,144562000.0,40.47312534140168,47.62820956751839,55.84278012029219,55.31621883687296,48.90584406923654,5.81,60.0,-0.97,14.62
AMZN,2007-12-13,4.552499771118164,4.650000095367432,4.531499862670898,4.619999885559082,120926000.0,40.51493027720747,47.68671214460063,55.53409198537595,55.316816110615655,48.90462966900704,5.79,51.0,-1.08,14.9
AMZN,2007-12-14,4.53849983215332,4.561999797821045,4.446499824523926,4.453999996185303,120046000.0,41.66229692762109,48.26927421074739,43.83334783104796,55.52880875531218,49.067982913879575,5.9,1.0,-1.09,4.78
AMZN,2007-12-17,4.450500011444092,4.453000068664551,4.249499797821045,4.254499912261963,153954000.0,43.43402288050163,49.00924874230192,44.25492580604332,55.83009404688835,49.302770512519416,5.98,2.0,-1.09,4.54
AMZN,2007-12-18,4.291500091552734,4.373000144958496,4.192999839782715,4.3445000648498535,145322000.0,43.48963798056783,49.12101165528722,44.378013370706284,55.83829099121789,49.28605811809625,6.07,3.0,-1.08,4.47
AMZN,2007-12-19,4.3470001220703125,4.497499942779541,4.34149980545044,4.468999862670898,152324000.0,43.15470660861141,49.4419172324074,44.51852586648072,55.90913398407206,49.300416997967,6.14,4.0,-1.08,4.43
AMZN,2007-12-20,4.506999969482422,4.537499904632568,4.454500198364258,4.52899980545044,117596000.0,43.292365540569186,49.52611987922857,43.760481254455335,55.91938938387653,49.31064478489739,6.21,1.0,-1.05,4.89
AMZN,2007-12-21,4.573500156402588,4.613999843597412,4.519499778747559,4.563000202178955,132098000.0,41.452730447654886,49.553217095889764,43.683343017559885,55.91771656030461,49.298806546889054,6.28,1.0,-1.01,4.97
AMZN,2007-12-24,4.552499771118164,4.578000068664551,4.514999866485596,4.55049991607666,40342000.0,37.31491441035013,49.55374720162632,43.44152833524849,55.92399828796214,49.29848051947357,6.35,1.0,-0.97,5.1
AMZN,2007-12-26,4.573999881744385,4.697000026702881,4.525000095367432,4.642499923706055,108844000.0,36.52118139851013,49.726378729009824,43.09829977406803,55.945249783611175,49.32392791325169,6.42,1.0,-0.93,5.38
AMZN,2007-12-27,4.633500099182129,4.764500141143799,4.625,4.712500095367432,142274000.0,35.49171044082037,49.76499155387558,42.94295991361939,55.947551465326875,49.31661408026079,6.48,1.0,-0.89,5.48
AMZN,2007-12-28,4.763500213623047,4.795000076293945,4.605000019073486,4.722499847412109,151758000.0,34.86160311014967,49.766108836628064,42.94299682782282,55.94807063689343,49.30883434100874,6.53,2.0,-0.86,5.48
AMZN,2007-12-31,4.690499782562256,4.718500137329102,4.622499942779541,4.631999969482422,115104000.0,35.397855875440754,49.927623755784154,42.967002890723975,55.57133420026664,49.35835366669929,6.58,3.0,-0.8,5.46
AMZN,2008-01-02,4.767499923706055,4.871500015258789,4.735000133514404,4.8125,277174000.0,36.616581130355996,50.475591796191665,42.59441396628375,55.71250525933784,49.431122585793254,6.62,1.0,-0.75,5.77
AMZN,2008-01-03,4.802999973297119,4.862500190734863,4.72599983215332,4.760499954223633,182450000.0,36.969574664005016,50.2542904797607,42.63530880902245,55.736635073532135,49.39848920410657,6.65,2.0,-0.7,5.71
AMZN,2008-01-04,4.663000106811523,4.670000076293945,4.425000190734863,4.439499855041504,205400000.0,42.89639117429225,52.23779052610236,44.15014932502333,56.40296745718878,49.9402386950871,6.66,11.0,-0.61,4.95
AMZN,2008-01-07,4.431000232696533,4.528500080108643,4.273499965667725,4.440999984741211,199632000.0,42.776303689693854,52.224783495023175,44.024051710658085,56.403251449279935,49.91199197058601,6.66,11.0,-0.57,5.07
AMZN,2008-01-08,4.377500057220459,4.59149980545044,4.346499919891357,4.394000053405762,245666000.0,42.650143815697675,50.912225158568155,43.99002662663942,56.421594952111874,49.86215056585972,6.65,11.0,-0.59,5.09
AMZN,2008-01-09,4.377999782562256,4.389999866485596,4.01200008392334,4.261000156402588,328218000.0,43.71856449101336,50.798266390240684,44.29011897944138,56.56692527465697,49.97695103813833,6.64,15.0,-0.65,4.85
AMZN,2008-01-10,4.198999881744385,4.298500061035156,4.148499965667725,4.2129998207092285,232198000.0,41.21165724152377,50.69129280115629,44.09756759070342,49.19664148540275,49.95786472329925,6.62,13.0,-0.65,4.93
AMZN,2008-01-11,4.201499938964844,4.201499938964844,4.014500141143799,4.053999900817871,212486000.0,39.30342209182135,51.227163920224825,44.53681398193676,48.037615990610696,50.1304542482103,6.59,19.0,-0.72,4.63
AMZN,2008-01-14,4.109000205993652,4.165999889373779,3.94350004196167,4.143499851226807,181122000.0,39.875593233449955,51.38591716926592,44.2944944131562,48.0954594403264,50.13293440070895,6.56,17.0,-0.69,4.76
AMZN,2008-01-15,4.024499893188477,4.05049991607666,3.92549991607666,4.01200008392334,193118000.0,40.399281414554984,51.757592142390216,44.55596486834289,48.191358738372344,50.24904117936156,6.52,21.0,-0.69,4.55
AMZN,2008-01-16,3.9790000915527344,4.118000030517578,3.921999931335449,4.017499923706055,248140000.0,40.3634814797102,51.76160374115031,44.48575588986836,48.176618506000516,50.19491626272197,6.47,19.0,-0.7,4.61
AMZN,2008-01-17,4.007999897003174,4.112500190734863,3.9769999980926514,4.00600004196167,198018000.0,38.36738494437203,51.614125129695644,44.314143641602385,48.14458135263438,50.12504400756988,6.42,18.0,-0.7,4.7
AMZN,2008-01-18,3.996500015258789,4.115499973297119,3.901999950408936,3.98799991607666,267286000.0,38.301349195272465,47.08295617083747,44.30315701667456,48.11713324454872,50.13037712672058,6.36,18.0,-0.7,4.71
AMZN,2008-01-22,3.678999900817871,3.986000061035156,3.611000061035156,3.924000024795532,256444000.0,38.117184117027485,39.48929496826833,44.093011921936956,48.127563198345534,50.1648495287205,6.29,13.0,-0.75,4.86
AMZN,2008-01-23,3.7799999713897705,3.839999914169312,3.497499942779541,3.698499917984009,408114000.0,41.02353686193277,41.18494503944524,44.705908089906416,48.42489024717113,50.520130808237425,6.2,26.0,-0.58,4.51
AMZN,2008-01-24,3.7265000343322754,3.8940000534057617,3.7095000743865967,3.883500099182129,197732000.0,44.16101192577553,42.27681822215747,45.38480556131958,48.719796992301205,50.691185091046464,6.1,27.0,-0.57,4.21
AMZN,2008-01-25,3.934499979019165,4.071499824523926,3.816499948501587,3.880000114440918,200552000.0,43.82297781356676,42.271579420733055,45.31555787894472,48.687304668435885,50.686661709999726,6.0,27.0,-0.57,4.23
AMZN,2008-01-28,3.8454999923706055,3.869999885559082,3.7170000076293945,3.7909998893737793,170106000.0,43.99470257201814,42.31782619688478,45.116802846302996,48.62171699165733,50.74586880843479,5.88,27.0,-0.56,4.29
AMZN,2008-01-29,3.7885000705718994,3.795000076293945,3.6029999256134033,3.697499990463257,199160000.0,43.96413113244438,42.478773546977436,45.225290937920704,48.70757460945804,50.80574567827378,5.76,28.0,-0.52,4.19
AMZN,2008-01-30,3.677000045776367,3.871000051498413,3.662499904632568,3.7105000019073486,505974000.0,43.18158481629958,42.40077371936446,44.972551639784626,48.70824325296469,50.78927545695514,5.64,27.0,-0.54,4.32
AMZN,2008-01-31,3.445499897003174,3.94350004196167,3.441999912261963,3.884999990463257,857718000.0,44.02728167318704,43.41256294795886,45.49977685255197,48.942028359865276,50.95419443319178,5.5,32.0,-0.61,4.11
AMZN,2008-02-01,3.950999975204468,3.9700000286102295,3.6684999465942383,3.7314999103546143,327220000.0,44.70389931613056,43.99304332214604,45.88316366264936,48.941566902810926,51.07877637611536,5.35,33.0,-0.63,3.89
AMZN,2008-02-04,3.724999904632568,3.8329999446868896,3.694999933242798,3.697499990463257,183104000.0,43.581382516702355,43.374780910774405,45.53954958193362,48.911204542307544,50.95712242253697,5.2,33.0,-0.67,4.04
AMZN,2008-02-05,3.640000104904175,3.7105000019073486,3.5999999046325684,3.6045000553131104,192678000.0,43.512062322202354,43.62379007434771,45.64621933052149,48.96841965809332,51.02739677419602,5.02,34.0,-0.66,3.95
AMZN,2008-02-06,3.615000009536743,3.621500015258789,3.408499956130981,3.424499988555908,247990000.0,45.04271074367632,44.06701614817816,46.311635353116905,48.526331618059345,51.23909330883018,4.84,36.0,-0.48,3.61
AMZN,2008-02-07,3.368499994277954,3.635499954223633,3.361000061035156,3.5455000400543213,290034000.0,46.81024428631859,43.25602104571231,46.66845891636054,48.68991104387619,51.31655690836836,4.63,37.0,-0.51,3.45
AMZN,2008-02-08,3.670000076293945,3.7300000190734863,3.625999927520752,3.674999952316284,234008000.0,47.858262270975,43.674830622270825,47.03900848963742,48.872654508756504,51.42575315508328,4.63,38.0,-0.61,3.31
AMZN,2008-02-11,3.6570000648498535,3.79800009727478,3.638499975204468,3.759500026702881,155274000.0,48.23068308233953,43.263274902352116,47.06167918247665,48.941314336548835,51.45058204292566,4.64,39.0,-0.7,3.3
AMZN,2008-02-12,3.7715001106262207,3.8524999618530273,3.689500093460083,3.722500085830689,188980000.0,48.14739178655108,43.174663550170806,47.07416352815882,48.9357973090668,51.465765259379936,4.64,40.0,-0.79,3.28
AMZN,2008-02-13,3.749500036239624,3.942500114440918,3.6635000705718994,3.8864998817443848,221406000.0,50.21909087167711,44.072718031959724,47.59068159650708,49.16326134805419,51.61716963609312,4.64,51.0,-0.86,3.09
AMZN,2008-02-14,3.8864998817443848,3.8940000534057617,3.759000062942505,3.7899999618530273,149944000.0,48.72215513451852,44.323179954789694,47.63263843568281,49.256464366543085,51.65958195193318,4.65,52.0,-0.92,3.04
AMZN,2008-02-15,3.75,3.759500026702881,3.5969998836517334,3.6480000019073486,222402000.0,49.50090634639477,44.952105299952386,47.90966975165597,49.452122515802365,51.81789361461916,4.65,54.0,-0.97,2.89
AMZN,2008-02-19,3.677000045776367,3.700000047683716,3.577500104904175,3.6040000915527344,142184000.0,46.03192800425798,44.871445434732024,47.89575101431577,49.463994631318606,51.83633755417114,4.65,54.0,-1.01,2.89
AMZN,2008-02-20,3.595000028610229,3.694000005722046,3.555000066757202,3.681999921798706,129014000.0,46.721887115834996,45.1034664226896,48.046306802317815,49.429846245874224,51.80347803445251,4.65,57.0,-1.06,2.83
AMZN,2008-02-21,3.697000026702881,3.7105000019073486,3.4684998989105225,3.494999885559082,263016000.0,48.571094121591265,46.04307249200031,48.68948636326628,49.52963963812312,52.08195735486246,4.65,63.0,-1.06,2.57
AMZN,2008-02-22,3.5269999504089355,3.61050009727478,3.493000030517578,3.6040000915527344,246854000.0,49.290612997321844,46.54481547631517,48.98092044231213,49.616385048968795,52.153505290424775,4.65,63.0,-1.09,2.47
AMZN,2008-02-25,3.617500066757202,3.674999952316284,3.570499897003174,3.6635000705718994,157164000.0,49.66249751838513,45.36573504253803,49.06612585620817,49.65248958432766,52.16696824168575,4.65,63.0,-1.13,2.44
AMZN,2008-02-26,3.595499992370605,3.674999952316284,3.513999938964844,3.5845000743865967,197826000.0,48.90546524969912,43.9893172575674,49.14268276605278,49.68102951176775,52.222719601856184,4.65,63.0,-1.15,2.41
AMZN,2008-02-27,3.5339999198913574,3.5739998817443848,3.47849988937378,3.5434999465942383,178610000.0,48.31992576261736,43.97870255786094,49.159725296255324,49.58356734834998,51.962636576847,4.65,63.0,-1.17,2.39
AMZN,2008-02-28,3.515000104904175,3.5299999713897705,3.3554999828338623,3.3924999237060547,263356000.0,48.97568018885028,44.52814400633775,49.58622031062437,49.81699272705368,52.162090754277244,4.65,63.0,-1.15,2.22
AMZN,2008-02-29,3.3505001068115234,3.375,3.198499917984009,3.2235000133514404,233292000.0,50.65963241515181,45.48523943622292,50.102070319946336,50.1593815721748,52.42501300890241,4.65,64.0,-1.03,2.03
AMZN,2008-03-03,3.179500102996826,3.2244999408721924,3.059999942779541,3.121500015258789,274422000.0,51.14373589629204,44.882221162621384,50.08131097955061,50.26537460755504,52.43672983376151,4.64,63.0,-0.87,2.02
AMZN,2008-03-04,3.0834999084472656,3.3299999237060547,3.061500072479248,3.2669999599456787,334072000.0,53.47310277992815,46.128998971606364,50.7018468705101,50.55695089390932,52.581622437675804,4.64,64.0,-0.86,1.85
AMZN,2008-03-05,3.282999992370605,3.316999912261963,3.190999984741211,3.249500036239624,222528000.0,53.397399125506894,45.996192305837894,50.699953573562716,50.55266595383194,52.44678326079946,4.64,63.0,-0.85,1.85
AMZN,2008-03-06,3.237499952316284,3.2730000019073486,3.125,3.13700008392334,166866000.0,51.76184040816386,46.35193748287168,50.21075838374062,50.61112321852315,52.573685810664514,4.64,62.0,-0.82,1.98
AMZN,2008-03-07,3.109999895095825,3.243499994277954,3.1005001068115234,3.2044999599456787,208762000.0,49.83178536862418,46.682217350400165,50.02132480121409,50.66402954884903,52.6017657450835,4.64,59.0,-0.82,2.03
AMZN,2008-03-10,3.194999933242798,3.257499933242798,3.1454999446868896,3.173500061035156,186420000.0,49.81268536122233,46.52937305504054,49.961391698131344,50.66544976216845,52.586556784688845,4.63,58.0,-0.83,2.06
AMZN,2008-03-11,3.297499895095825,3.3585000038146973,3.185499906539917,3.3575000762939453,194858000.0,52.771770724881364,48.19877315023488,50.84189649672693,51.092207603567054,52.866500836783814,4.63,64.0,-0.88,1.86
AMZN,2008-03-12,3.338500022888184,3.4114999771118164,3.282000064849853,3.325500011444092,154976000.0,52.428817063697345,48.071124394193724,50.80151297777715,51.10338544492182,52.80495323971531,4.63,63.0,-0.92,1.87
AMZN,2008-03-13,3.255500078201294,3.477499961853028,3.2184998989105225,3.41599988937378,214150000.0,53.13300989586589,48.07563011803267,51.01708960702192,51.161918010573274,52.86032891517654,4.63,64.0,-0.96,1.81
AMZN,2008-03-14,3.430500030517578,3.5339999198913574,3.302999973297119,3.4110000133514404,248414000.0,51.0935154380471,47.29716083136083,51.016741495789034,51.14929356587328,52.85173633355722,4.63,63.0,-0.99,1.81
AMZN,2008-03-17,3.2860000133514404,3.38949990272522,3.246000051498413,3.326499938964844,194182000.0,50.34696476219908,47.214362201418226,51.04056678325804,51.21842478494417,52.92285560973773,4.63,64.0,-1.02,1.79
AMZN,2008-03-18,3.4124999046325684,3.5964999198913574,3.379499912261963,3.5850000381469727,191014000.0,55.22395815762048,49.502309728124274,49.926339732762756,51.975081054275584,53.40205575589142,4.63,52.0,-1.1,1.45
AMZN,2008-03-19,3.555000066757202,3.700000047683716,3.508500099182129,3.508500099182129,220838000.0,55.08521605138047,49.50689852010203,45.87689745599355,51.99874587838623,53.45605754407236,4.62,35.0,-1.12,-0.28
AMZN,2008-03-20,3.508500099182129,3.674499988555908,3.469000101089477,3.659499883651733,228214000.0,54.31377186031937,50.3599653053733,46.412897841606444,52.23583201605361,53.5267808774451,4.61,38.0,-1.12,-0.36
AMZN,2008-03-24,3.690999984741211,3.846499919891357,3.637500047683716,3.797499895095825,187908000.0,54.43695154258164,51.04600270158832,46.693660830850106,52.400173529657515,53.62837560171614,4.6,40.0,-1.1,-0.4
AMZN,2008-03-25,3.7915000915527344,3.814500093460083,3.702500104904175,3.758500099182129,126550000.0,53.60042510966254,50.83960234007095,46.71143168316468,52.41477080496498,53.62123098593264,4.58,41.0,-1.09,-0.4
AMZN,2008-03-26,3.7070000171661377,3.75600004196167,3.661999940872192,3.690000057220459,125702000.0,53.45981083090425,50.781146315087256,46.687466475003035,52.20529742702972,53.6620467208054,4.57,40.0,-1.08,-0.39
AMZN,2008-03-27,3.7184998989105225,3.734499931335449,3.539999961853028,3.539999961853028,158848000.0,54.706452426672506,51.33759236254818,47.068968579359584,52.3523977457985,53.83801128305185,4.55,45.0,-1.08,-0.44
AMZN,2008-03-28,3.549999952316284,3.61050009727478,3.463000059127808,3.48799991607666,105582000.0,53.13873764840156,51.290964489741256,47.053014748913036,52.37625737590891,53.86439192264177,4.54,44.0,-1.08,-0.43
AMZN,2008-03-31,3.512500047683716,3.5820000171661377,3.4814999103546143,3.565000057220459,109406000.0,53.2284947212161,50.812382015575544,47.12798607256018,52.32937063477887,53.8914189211074,4.52,48.0,-1.08,-0.45
AMZN,2008-04-01,3.649499893188477,3.8545000553131104,3.638000011444092,3.8350000381469727,194680000.0,56.33211618710963,53.24775326704474,48.52039530445089,52.911759793105226,54.352221341929585,4.49,54.0,-1.07,-0.4
AMZN,2008-04-02,3.8540000915527344,3.950000047683716,3.805999994277954,3.868499994277954,171848000.0,56.212053459093916,51.479811565974465,48.22556060768184,52.87259120306661,54.33976964691076,4.47,54.0,-1.04,-0.34
AMZN,2008-04-03,3.757499933242798,3.80049991607666,3.690500020980835,3.746999979019165,162998000.0,56.76343397158764,51.83241683684741,48.470982566775184,53.009323158158985,54.42410919900773,4.44,55.0,-1.01,-0.38
AMZN,2008-04-04,3.763000011444092,3.891499996185303,3.71399998664856,3.8434998989105225,143056000.0,54.926425085468786,52.126581678519635,48.24864234217573,53.088228629833125,54.46984792633136,4.41,55.0,-1.0,-0.37
AMZN,2008-04-07,3.868000030517578,3.921499967575073,3.799999952316284,3.8450000286102295,133448000.0,54.30469768749545,51.788792969849915,47.37784491070347,53.08822794332243,54.47010811569544,4.37,49.0,-1.0,-0.32
AMZN,2008-04-08,3.819999933242798,3.880500078201294,3.775000095367432,3.865000009536743,99320000.0,54.14676322563589,51.76841135704382,47.2285920603211,53.01446088722896,54.470016467451366,4.32,49.0,-1.0,-0.3
AMZN,2008-04-09,3.828000068664551,3.8334999084472656,3.683000087738037,3.7195000648498535,133206000.0,54.98063639866581,51.76540550779356,47.25343437607681,53.212594945320824,54.62222268996055,4.27,50.0,-1.0,-0.28
AMZN,2008-04-10,3.723999977111816,3.774499893188477,3.6364998817443848,3.741499900817871,125110000.0,54.86153696346033,51.56200736534593,47.191823676195646,53.048423426154265,54.61939372730266,4.22,49.0,-1.01,-0.28
AMZN,2008-04-11,3.691999912261963,3.714999914169312,3.5810000896453857,3.5994999408721924,135712000.0,54.529683652548634,51.7415812775121,47.564571248168676,46.47257672477538,54.76014377998975,4.17,53.0,-1.02,-0.33
AMZN,2008-04-14,3.5850000381469727,3.700000047683716,3.564500093460083,3.630500078201294,87090000.0,52.1745830432704,51.7815422452412,47.559224007985144,46.39448116121659,54.76383157331471,4.11,53.0,-1.03,-0.32
AMZN,2008-04-15,3.6484999656677246,3.6989998817443848,3.532500028610229,3.625,136262000.0,51.07565994734015,51.78096921604172,47.541397925787244,46.394347093420485,54.41480138043776,4.05,53.0,-1.03,-0.32
AMZN,2008-04-16,3.651000022888184,3.75,3.6470000743865967,3.7295000553131104,134936000.0,50.125291350110736,52.14224230035458,47.701563881490316,46.48701286973365,54.47732528472137,3.99,58.0,-1.03,-0.35
AMZN,2008-04-17,3.7090001106262207,3.750999927520752,3.680500030517578,3.70199990272522,124400000.0,50.163163594258144,52.06492404473221,47.6998487701288,46.09634989952297,54.48414202477447,3.92,58.0,-1.03,-0.35
AMZN,2008-04-18,3.8239998817443848,4.099999904632568,3.815999984741211,4.005000114440918,335826000.0,53.12874120158525,53.1356155319623,49.226267889126696,46.99649238383306,55.01195811594498,3.86,72.0,-1.03,-0.25
AMZN,2008-04-21,4.001500129699707,4.066999912261963,3.953000068664551,4.008999824523926,186708000.0,53.01780331410896,52.20606274707203,49.22606915896052,46.85746433239926,55.010173657201065,3.79,72.0,-1.03,-0.25
AMZN,2008-04-22,3.996999979019165,3.996999979019165,3.877000093460083,3.9800000190734863,144900000.0,52.95323599260513,52.229767546973726,48.538108298707115,46.65612927110763,55.01487141320464,3.71,67.0,-1.0,-0.15
AMZN,2008-04-23,4.014999866485596,4.131999969482422,3.937000036239624,4.050000190734863,385008000.0,51.00096237159845,52.10838977559751,47.84321716064573,46.582136239744536,55.03501883519263,3.62,60.0,-0.95,-0.08
AMZN,2008-04-24,3.885499954223633,4.026500225067139,3.846499919891357,3.884500026702881,421470000.0,52.69083626024529,52.577327998026824,48.24199898090107,46.844215058626524,49.8476229003227,3.52,65.0,-0.89,-0.13
AMZN,2008-04-25,3.890500068664551,4.065999984741211,3.86299991607666,4.043000221252441,189130000.0,53.29476395946862,53.185085926618946,48.613648187686834,47.03802880978663,49.00968276796715,3.43,70.0,-0.83,-0.19
AMZN,2008-04-28,4.0320000648498535,4.125,4.00600004196167,4.098499774932861,219838000.0,53.300074757263125,52.43654842865928,48.66394150365737,46.70789342393302,49.02436939060107,3.33,71.0,-0.77,-0.21
AMZN,2008-04-29,4.071000099182129,4.088500022888184,3.993000030517578,4.037000179290772,134528000.0,52.86959125274959,51.841803596326685,48.313266149184884,46.73371243945556,49.00356553182125,3.22,67.0,-0.71,-0.13
AMZN,2008-04-30,4.045000076293945,4.066999912261963,3.8959999084472656,3.93149995803833,157514000.0,49.53115560758983,52.11211661132138,48.44167654926387,46.84190211754954,49.069689896969365,3.11,68.0,-0.63,-0.15
AMZN,2008-05-01,3.920000076293945,4.000500202178955,3.8984999656677246,3.9679999351501465,143940000.0,49.00111256798317,51.843157993055144,48.43150299136673,46.79661831452708,49.05380761235407,3.0,68.0,-0.56,-0.15
AMZN,2008-05-02,4.014999866485596,4.059999942779541,3.819999933242798,3.865499973297119,163098000.0,48.38926105269219,51.00005706341655,48.58445803343246,46.868572849307405,49.104692138545474,2.88,73.0,-0.48,-0.17
AMZN,2008-05-05,3.8635001182556152,3.888499975204468,3.7934999465942383,3.796000003814697,112948000.0,47.53676832771443,50.702013770418084,48.61638658457868,46.91533947061228,49.115866454078656,2.75,75.0,-0.38,-0.17
AMZN,2008-05-06,3.775500059127808,3.838500022888184,3.752500057220459,3.785500049591065,130914000.0,47.444737100676804,50.187123405759536,48.480482186841975,46.78108091847914,48.95616579660362,2.61,71.0,-0.27,-0.15
AMZN,2008-05-07,3.763000011444092,3.8320000171661377,3.6545000076293945,3.658999919891357,167532000.0,48.18639537326361,50.459064032438796,48.73215553651736,46.95155839286681,49.054660574612015,2.46,79.0,-0.16,-0.18
AMZN,2008-05-08,3.686500072479248,3.7079999446868896,3.578000068664551,3.63949990272522,162626000.0,46.61260158087101,50.43133241607697,48.67969249760615,46.75091500086708,49.03296064484547,2.31,78.0,-0.04,-0.16
AMZN,2008-05-09,3.609999895095825,3.6670000553131104,3.5829999446868896,3.620500087738037,84870000.0,46.414277809718975,49.617352898421316,48.37235286448243,46.72760489989952,48.93270122346856,2.3,67.0,0.08,-0.12
AMZN,2008-05-12,3.650000095367432,3.746500015258789,3.58899998664856,3.7265000343322754,144308000.0,46.72854244482294,49.737546102185824,48.10494534576236,46.82155149881738,49.00414687068771,2.28,62.0,0.17,-0.13
AMZN,2008-05-13,3.7284998893737793,3.747999906539917,3.6654999256134033,3.7279999256134033,100416000.0,41.518637400484145,49.10615455062115,47.97335886400023,46.72617012214741,49.00392397682752,2.27,60.0,0.3,-0.09
AMZN,2008-05-14,3.746000051498413,3.787499904632568,3.6989998817443848,3.7100000381469727,91784000.0,41.43078056535935,49.04959139595382,47.737430806088405,46.7212733219104,48.96978563972842,2.25,56.0,0.47,-0.03
AMZN,2008-05-15,3.694499969482422,3.815999984741211,3.677500009536743,3.805999994277954,138354000.0,41.09859945298589,49.13220403541825,47.875533740059865,46.67402369073697,48.85273180397203,2.23,57.0,0.65,-0.06
AMZN,2008-05-16,3.821000099182129,3.8415000438690186,3.743000030517578,3.822999954223633,124134000.0,40.438344501838166,47.89400977695038,47.86312215343784,46.475221968198625,48.82254577908752,2.2,56.0,0.86,-0.05
AMZN,2008-05-19,3.950500011444092,4.237500190734863,3.943000078201294,4.114500045776367,373696000.0,45.73009948831764,49.77362400872419,49.33070468121607,47.28194498652245,49.331100055346276,2.18,86.0,0.99,-0.08
AMZN,2008-05-20,4.108500003814697,4.135000228881836,4.001500129699707,4.035999774932861,158244000.0,46.1412205399272,49.876127017359536,49.29867287940033,47.30294162195074,48.79432174436941,2.15,85.0,1.14,-0.06
AMZN,2008-05-21,4.018499851226807,4.057499885559082,3.875,3.9149999618530273,141410000.0,45.60045021487017,50.08034346398372,49.441696537556176,47.2631492337048,48.88688508279392,2.11,86.0,1.26,-0.06
AMZN,2008-05-22,3.934000015258789,3.984499931335449,3.900000095367432,3.963000059127808,107812000.0,45.687002685578165,50.05353710758138,49.488092403543895,47.26151984462936,48.900684920740304,2.07,86.0,1.31,-0.07
AMZN,2008-05-23,3.927500009536743,3.94350004196167,3.871500015258789,3.9175000190734863,126638000.0,44.245039460950196,49.2364324113663,49.43294655335021,47.15137534824277,48.91350747575172,2.03,84.0,1.44,-0.06
AMZN,2008-05-27,3.913000106811523,4.045000076293945,3.8984999656677246,4.031000137329102,202164000.0,44.84593698064495,48.23592252192101,49.257821648213735,47.22031558321544,48.978715311111095,1.98,81.0,0.93,-0.04
AMZN,2008-05-28,4.036499977111816,4.039500236511231,3.94950008392334,4.004000186920166,134012000.0,44.921706632641026,47.70659352359739,49.242743521430704,47.19810618193432,48.9610418919661,1.92,80.0,0.16,-0.03
AMZN,2008-05-29,4.0304999351501465,4.0980000495910645,4.008500099182129,4.017499923706055,137152000.0,44.28739305232383,46.919511081857266,48.0225534825756,47.01730821574585,48.96108068365799,1.89,53.0,0.08,-0.04
AMZN,2008-05-30,4.02899980545044,4.088500022888184,4.014999866485596,4.080999851226807,105412000.0,44.34516427509039,46.9488959087528,48.09514672747082,47.03389838745575,48.972050086867704,1.85,54.0,-0.08,-0.07
AMZN,2008-06-02,4.057499885559082,4.078499794006348,4.002500057220459,4.011499881744385,124304000.0,38.494624528226765,46.450903643400295,48.140207978835655,47.075901655746634,48.9966956809057,1.81,55.0,-0.21,-0.07
AMZN,2008-06-03,4.0355000495910645,4.0945000648498535,3.963000059127808,4.005499839782715,117400000.0,38.49609896747629,46.325280403481756,47.9022719073156,47.070091453220634,48.92830785937283,1.78,48.0,-0.23,-0.04
AMZN,2008-06-04,4.005499839782715,4.091000080108643,3.986000061035156,4.074999809265137,129166000.0,38.748863955596676,46.32026042655335,47.95397935880167,47.10333005529851,48.75460319204182,1.74,49.0,-0.24,-0.08
AMZN,2008-06-05,4.105500221252441,4.24399995803833,4.090000152587891,4.225500106811523,178774000.0,39.82151285036405,45.529454703204,47.9086272379068,47.235549198965664,48.84839549068245,1.71,47.0,-0.23,-0.12
AMZN,2008-06-06,4.162000179290772,4.182000160217285,4.027999877929688,4.031499862670898,156874000.0,40.34412827846139,46.63277105689203,48.369118043343065,47.556364971352714,49.078393689338334,1.67,59.0,-0.22,-0.13
AMZN,2008-06-09,4.059500217437744,4.076499938964844,3.9059998989105225,3.971499919891357,130746000.0,38.87513879182548,46.51504265713628,48.15582909496329,47.57777657726165,49.07595490228907,1.63,54.0,-0.21,-0.1
AMZN,2008-06-10,3.910000085830689,4.052000045776367,3.910000085830689,3.9809999465942383,121312000.0,38.65347474237403,46.50767737908585,48.15689366847884,47.526023761819495,48.9899460616912,1.59,54.0,-0.2,-0.1
AMZN,2008-06-11,3.9674999713897705,4.0,3.8515000343322754,3.864000082015991,117490000.0,39.35029088288163,46.63820454007032,48.38612643290261,47.61711148360382,49.05743521695837,1.55,60.0,-0.18,-0.13
AMZN,2008-06-12,3.901000022888184,3.952500104904175,3.750499963760376,3.807499885559082,124088000.0,38.84516149675742,44.25565359883423,48.435622645106726,47.62795912840519,49.067600107073794,1.51,61.0,-0.15,-0.13
AMZN,2008-06-13,3.8350000381469727,4.0,3.8350000381469727,3.9584999084472656,119490000.0,40.44657231022002,44.67115124869796,48.768603325273716,47.8628915803818,49.19841606365594,1.45,73.0,-0.16,-0.22
AMZN,2008-06-16,3.921000003814697,4.126500129699707,3.920500040054321,4.085000038146973,115088000.0,40.664159162100106,44.313549113886324,48.08230079887782,48.015952913877086,49.292944692901116,1.41,46.0,-0.19,-0.26
AMZN,2008-06-17,4.15749979019165,4.215000152587891,4.139999866485596,4.148499965667725,176048000.0,40.39357638266115,43.79929360424551,47.52607255562037,48.053560831275135,49.3083122026732,1.38,26.0,-0.23,-0.17
AMZN,2008-06-18,4.099999904632568,4.1585001945495605,4.065999984741211,4.125999927520752,136932000.0,40.43385369644435,43.75452078399612,47.535323197022336,48.05515072325139,49.22551148171949,1.36,26.0,-0.27,-0.17
AMZN,2008-06-19,4.110499858856201,4.223499774932861,4.074999809265137,4.2129998207092285,134346000.0,39.195202109077634,43.72977726178057,47.487993371671095,48.105832827138016,49.25464881838325,1.32,24.0,-0.3,-0.19
AMZN,2008-06-20,4.15500020980835,4.172999858856201,4.0254998207092285,4.054999828338623,131778000.0,41.04229957925381,43.594887060872246,47.71890383852544,48.311894055363034,49.40303729276183,1.29,33.0,-0.33,-0.21
AMZN,2008-06-23,4.065000057220459,4.107500076293945,3.9774999618530273,4.033999919891357,148516000.0,41.04151745197754,43.47860413746043,47.72689030465918,48.314488961965324,49.39106546772153,1.24,33.0,-0.35,-0.21
AMZN,2008-06-24,3.9774999618530273,4.039500236511231,3.881500005722046,3.982000112533569,142802000.0,40.5932231414744,43.39998676190315,47.222929068406074,48.3097936305953,49.408556209383065,1.22,18.0,-0.37,-0.1
AMZN,2008-06-25,4.022500038146973,4.107500076293945,3.9760000705718994,4.0254998207092285,147866000.0,40.66591927152032,40.84107743286993,46.801004748349314,48.22766463592311,49.38631760624699,1.2,10.0,-0.39,-0.07
AMZN,2008-06-26,3.954999923706055,3.994499921798706,3.799999952316284,3.815000057220459,226202000.0,43.78539513216188,42.302529814771326,47.56934159637527,48.62704311753053,49.67645544997731,1.17,27.0,-0.38,-0.12
AMZN,2008-06-27,3.7795000076293945,3.803499937057495,3.63100004196167,3.733000040054321,236810000.0,43.61931086742666,42.027403411690734,47.52135241919741,48.6828995551379,49.71457733263986,1.14,21.0,-0.35,-0.11
AMZN,2008-06-30,3.751499891281128,3.805999994277954,3.660500049591065,3.6665000915527344,142082000.0,43.87504456061029,41.84391885090743,46.891672940479566,48.25792535070539,49.742916172502035,1.13,8.0,-0.28,-0.07
AMZN,2008-07-01,3.611999988555908,3.7114999294281006,3.526000022888184,3.680999994277954,205850000.0,37.76672228264814,41.85453542754149,46.57641858622444,48.08752186610279,49.71463977439485,1.14,3.0,-0.24,0.01
AMZN,2008-07-02,3.7079999446868896,3.7204999923706055,3.569000005722046,3.572000026702881,140888000.0,38.279154353596276,42.2631304854058,46.47317139906992,48.156721448503525,49.80619165084993,1.14,3.0,-0.27,0.07
AMZN,2008-07-03,3.625499963760376,3.691999912261963,3.526000022888184,3.5999999046325684,84964000.0,37.5886026698048,41.58786682026649,46.3452304842583,48.154583747339004,49.8008453061493,1.15,2.0,-0.3,0.12
AMZN,2008-07-07,3.618499994277954,3.7200000286102295,3.5380001068115234,3.624500036239624,147110000.0,37.433757478720345,41.59411845130085,46.33420536748443,48.140921221968355,49.804130546904986,1.16,2.0,-0.32,0.11
AMZN,2008-07-08,3.61899995803833,3.774499893188477,3.587500095367432,3.752000093460083,158320000.0,38.87489732633095,41.432768548402095,46.15013466531849,48.32039529917553,49.73005314388696,1.18,2.0,-0.32,0.13
AMZN,2008-07-09,3.7279999256134033,3.744999885559082,3.5239999294281006,3.5304999351501465,138242000.0,41.431995516407085,43.27067821774223,46.979020677014546,48.83653439196636,50.039642078405436,1.19,13.0,-0.37,0.11
AMZN,2008-07-10,3.5350000858306885,3.588500022888184,3.399499893188477,3.531500101089477,198832000.0,41.44791222557832,43.270383540103744,46.59317443200903,48.78873926635046,50.03557120549227,1.2,8.0,-0.41,0.16
AMZN,2008-07-11,3.470000028610229,3.499500036239624,3.336999893188477,3.427000045776367,158600000.0,42.045407524673486,43.26381178106693,46.794921408503754,47.41031983110973,50.04196196580325,1.21,12.0,-0.46,0.13
AMZN,2008-07-14,3.4655001163482666,3.4749999046325684,3.2795000076293945,3.313999891281128,180426000.0,42.329656881196854,43.747030540248375,46.95246894227648,45.153536867171205,50.05205051127732,1.22,15.0,-0.54,0.14
AMZN,2008-07-15,3.2934999465942383,3.430999994277954,3.149499893188477,3.3515000343322754,226842000.0,42.53362430132878,40.50928774188121,46.270701492903996,45.17628434668057,50.031356062609014,1.23,3.0,-0.58,0.18
AMZN,2008-07-16,3.3469998836517334,3.637500047683716,3.3420000076293945,3.5920000076293945,240778000.0,47.806433324476075,43.12877901308557,47.32508562961966,45.87757561174394,50.514006568503724,1.23,25.0,-0.58,0.17
AMZN,2008-07-17,3.559999942779541,3.61899995803833,3.38700008392334,3.6054999828338623,191948000.0,47.45470424772806,43.12860944854677,47.256056220353805,45.88055409978241,50.511521039917284,1.23,25.0,-0.59,0.2
AMZN,2008-07-18,3.496999979019165,3.5420000553131104,3.4200000762939453,3.4560000896453857,165960000.0,47.11522471632648,43.73485217287632,47.606865678146285,46.0799576239709,50.688144711220296,1.23,36.0,-0.63,0.16
AMZN,2008-07-21,3.4760000705718994,3.490000009536743,3.315000057220459,3.424000024795532,137938000.0,45.554369730023446,42.99597709989323,47.59503431450975,46.068661290623034,50.641523881994246,1.23,36.0,-0.66,0.16
AMZN,2008-07-22,3.3545000553131104,3.4570000171661377,3.2939999103546143,3.3984999656677246,175916000.0,45.46943509176098,42.10219444698989,47.10346186130875,46.037368303999756,50.64647877178178,1.23,20.0,-0.66,0.22
AMZN,2008-07-23,3.372999906539917,3.6034998893737793,3.372999906539917,3.5269999504089355,358324000.0,47.05864513761163,42.76563579073277,46.746891772675006,46.21270417841893,50.660328297424115,1.22,13.0,-0.63,0.18
AMZN,2008-07-24,3.815000057220459,4.11899995803833,3.814500093460083,3.936000108718872,619932000.0,56.7866678868025,48.46539399114027,49.535360465252545,47.98691760133998,46.97601801025168,1.21,89.0,-0.67,0.87
AMZN,2008-07-25,3.9814999103546143,4.046999931335449,3.9059998989105225,3.9154999256134033,183014000.0,56.63004369324918,48.172120317703275,49.06068377134533,47.81743854455504,46.91077051057057,1.18,80.0,-0.6,1.03
AMZN,2008-07-28,3.8545000553131104,3.9154999256134033,3.743000030517578,3.799000024795532,209604000.0,56.14416709942067,48.523572798546404,49.3109736346832,47.94504234760229,47.00607031539959,1.16,86.0,-0.54,0.99
AMZN,2008-07-29,3.82450008392334,3.940000057220459,3.808000087738037,3.910500049591065,135418000.0,56.0203101782039,48.60325809873054,49.143876378965665,47.83767129590239,47.070786792905714,1.15,81.0,-0.63,0.96
AMZN,2008-07-30,3.9179999828338623,3.992500066757202,3.821000099182129,3.910500049591065,151346000.0,55.79434834160424,48.45290254803074,49.04953878854589,47.34797254455052,46.78716400905415,1.13,80.0,-0.67,1.01
AMZN,2008-07-31,3.837500095367432,3.908499956130981,3.805000066757202,3.816999912261963,106014000.0,56.15950669357142,48.71294147338576,49.19119885302206,47.34762341127841,46.8231944352621,1.12,83.0,-0.81,0.99
AMZN,2008-08-01,3.818000078201294,3.82450008392334,3.702500104904175,3.787499904632568,95490000.0,55.73152638945342,48.22221580459221,48.42960911399658,47.156205946781235,46.72831295476844,1.09,66.0,-0.77,1.21
AMZN,2008-08-04,3.799499988555908,3.865000009536743,3.750499963760376,3.785500049591065,89964000.0,54.75579797487281,48.20706667032122,48.39962488246168,47.11406087733073,46.58054246980401,1.05,66.0,-0.75,1.21
AMZN,2008-08-05,3.845999956130981,3.9760000705718994,3.825999975204468,3.955499887466431,155892000.0,56.35712125987503,48.996949292240984,48.7041376849158,47.39179149886662,46.702471661809206,1.01,80.0,-0.7,1.12
AMZN,2008-08-06,3.927500009536743,3.93149995803833,3.8364999294281006,3.9045000076293945,128122000.0,56.35717948931003,48.74783123048522,48.756034298607176,47.403327772667915,46.72015790616121,0.97,82.0,-0.64,1.11
AMZN,2008-08-07,3.850500106811523,3.902499914169312,3.799999952316284,3.847500085830689,108896000.0,56.39026163953397,48.85102479557354,48.640490650004985,47.426771970434785,46.71113682925985,0.92,78.0,-0.65,1.14
AMZN,2008-08-08,3.83899998664856,4.060500144958496,3.814500093460083,4.0254998207092285,183254000.0,55.718065552774135,49.68650910797965,47.72177417083298,47.696111527570096,46.67699395742054,0.9,43.0,-0.61,1.18
AMZN,2008-08-11,4.008999824523926,4.587500095367432,3.989000082015991,4.4045000076293945,501404000.0,60.79547229870331,52.68990326329379,49.61709207538095,48.859522470964365,47.52278582438817,0.89,100.0,-0.29,1.11
AMZN,2008-08-12,4.366000175476074,4.423999786376953,4.304999828338623,4.362500190734863,160530000.0,60.561907290932815,52.7454012935509,49.237212291746175,48.8149510145731,47.53376134796064,0.88,90.0,-0.2,1.27
AMZN,2008-08-13,4.314000129699707,4.412499904632568,4.227000236511231,4.334499835968018,144176000.0,60.6641486403691,50.632951016695095,48.92736407049587,48.8210780917784,47.49770645146383,0.88,83.0,-0.21,1.41
AMZN,2008-08-14,4.2855000495910645,4.4375,4.261000156402588,4.401500225067139,138034000.0,59.775600310403654,50.5418413517867,48.94147629236649,48.475190615194414,47.495263541791026,0.87,83.0,-0.17,1.38
AMZN,2008-08-15,4.414000034332275,4.476500034332275,4.313000202178955,4.320000171661377,137432000.0,60.234544075991494,50.281965884697456,48.94457889737075,48.106879617439,47.53254488805453,0.87,83.0,-0.21,1.38
AMZN,2008-08-18,4.304500102996826,4.314000129699707,4.151999950408936,4.1554999351501465,130948000.0,61.6223801095346,50.90781493960669,48.886416478155425,48.30057294312074,47.60341709612514,0.87,80.0,-0.2,1.38
AMZN,2008-08-19,4.1545000076293945,4.17549991607666,4.052999973297119,4.064499855041504,132608000.0,61.41382067904875,51.06354841006417,48.96297262368881,48.33066946638933,47.654560956144614,0.87,83.0,-0.16,1.37
AMZN,2008-08-20,4.099999904632568,4.162499904632568,4.059999942779541,4.106500148773193,119012000.0,58.40780046878269,50.77282716243019,48.875271771803476,48.34498210259458,47.52545291345296,0.86,78.0,-0.13,1.41
AMZN,2008-08-21,4.070499897003174,4.188499927520752,4.048999786376953,4.163000106811523,123156000.0,58.441900192576504,50.824127719141444,47.55264003790489,48.15959372958524,47.52742826027388,0.86,27.0,-0.19,1.66
AMZN,2008-08-22,4.213500022888184,4.2729997634887695,4.196499824523926,4.263000011444092,93556000.0,57.67486294656241,51.04164279187597,47.67582790485166,48.22358353572552,47.559292180200785,0.86,33.0,-0.26,1.6
AMZN,2008-08-25,4.231500148773193,4.23199987411499,4.122499942779541,4.142499923706055,87128000.0,57.39281417617105,51.30503942549826,47.62172703535871,48.31922821086875,47.58375125188116,0.87,33.0,-0.29,1.61
AMZN,2008-08-26,4.13700008392334,4.156000137329102,4.0625,4.0879998207092285,87484000.0,57.6897020835961,51.25428640599965,47.51241926148656,48.34146959729904,47.59635641906922,0.87,23.0,-0.32,1.7
AMZN,2008-08-27,4.072000026702881,4.13700008392334,4.050000190734863,4.08650016784668,112546000.0,54.560922044699986,51.25310362197732,47.51266315954329,48.316814083468444,47.49096473586229,0.87,23.0,-0.34,1.7
AMZN,2008-08-28,4.110499858856201,4.182499885559082,4.090000152587891,4.171000003814697,156682000.0,54.761051538009276,51.30333783065021,47.611947625201836,48.29672166489778,47.39548788713159,0.86,33.0,-0.39,1.64
AMZN,2008-08-29,4.144999980926514,4.144999980926514,4.025000095367432,4.040500164031982,94574000.0,54.050888143731314,51.16610918207115,47.485480723400784,48.432581057936765,47.50097688733958,0.86,19.0,-0.37,1.67
AMZN,2008-09-02,4.1579999923706055,4.224999904632568,4.060500144958496,4.070499897003174,120016000.0,53.87772611452058,50.272474326933306,47.49015386242934,48.41795410303083,47.481480834338875,0.86,20.0,-0.36,1.66
AMZN,2008-09-03,4.070000171661377,4.099999904632568,4.000999927520752,4.03849983215332,114852000.0,53.88677042676653,50.20204893506133,47.08748082977442,48.237213980137405,47.363312556968665,0.86,14.0,-0.3,1.75
AMZN,2008-09-04,4.03000020980835,4.040500164031982,3.901000022888184,3.90149998664856,166330000.0,54.26164472314574,50.70291160078014,47.4102246049585,48.106099830065716,47.47069072650263,0.86,19.0,-0.23,1.7
AMZN,2008-09-05,3.867000102996826,4.035999774932861,3.8540000915527344,3.9595000743865967,161382000.0,44.120188300589334,50.417705318761264,47.46103729774249,48.07293023581786,47.40411667416311,0.86,20.0,-0.16,1.66
AMZN,2008-09-08,4.112500190734863,4.1875,3.942500114440918,4.058000087738037,189812000.0,44.644052475473686,50.556912898973714,47.40811542640577,48.04387805187963,47.42888375111796,0.87,19.0,-0.13,1.68
AMZN,2008-09-09,4.038000106811523,4.0980000495910645,3.94950008392334,3.95199990272522,116436000.0,44.42831567997709,50.241478203525624,47.588811950806466,48.11287317578328,47.481595481071324,0.87,32.0,-0.07,1.64
AMZN,2008-09-10,4.000500202178955,4.011000156402588,3.807499885559082,3.836999893188477,188894000.0,44.501845030293204,50.163728203704814,46.15164010079248,48.2228395672748,47.4421201352836,0.88,2.0,-0.08,1.87
AMZN,2008-09-11,3.763499975204468,3.990000009536743,3.755000114440918,3.975500106811523,156272000.0,45.71578710207739,50.610705491720545,46.50166085363831,48.41445652128845,47.562496104970975,0.88,7.0,-0.08,1.7
AMZN,2008-09-12,3.940500020980835,3.9800000190734863,3.8310000896453857,3.9149999618530273,129602000.0,45.369616346861285,50.69077675619654,46.551024274399566,48.38166368808523,47.586031299373396,0.9,8.0,-0.08,1.69
AMZN,2008-09-15,3.8429999351501465,3.99399995803833,3.815000057220459,3.867000102996826,179616000.0,45.46434964079397,50.539008649619014,46.50439442484209,48.36309128096153,47.59671577704833,0.91,8.0,-0.07,1.75
AMZN,2008-09-16,3.839999914169312,3.9814999103546143,3.8334999084472656,3.936500072479248,261844000.0,45.73154024905465,50.099295457224166,46.1185855971796,48.41341284804458,47.62255681759062,0.93,1.0,-0.07,1.79
AMZN,2008-09-17,3.884000062942505,3.911999940872192,3.562000036239624,3.57699990272522,263312000.0,51.92088008892875,53.76664548249417,48.123731982570554,49.64949228709351,48.51926324559645,0.92,57.0,-0.15,2.13
AMZN,2008-09-18,3.6540000438690186,3.875,3.503999948501587,3.825000047683716,247944000.0,55.67492268965148,55.540345313789096,49.276230961102286,50.08851742643545,48.990743138281175,0.93,92.0,-0.14,1.86
AMZN,2008-09-19,4.00600004196167,4.338500022888184,3.825000047683716,4.050000190734863,295444000.0,57.951768719733685,56.748190579047474,50.06697562728861,50.54972299935989,49.32407859492192,0.95,100.0,-0.14,1.62
AMZN,2008-09-22,4.05649995803833,4.081500053405762,3.7160000801086426,3.746500015258789,140754000.0,60.83260326892454,57.931875373912156,51.40731363276836,50.713655888850916,49.89286329471535,1.01,100.0,-0.17,1.52
AMZN,2008-09-23,3.7894999980926514,3.814500093460083,3.5385000705718994,3.588000059127808,171884000.0,55.25074323469682,58.4368365966249,51.827732497361765,50.95953869684011,50.05047079646313,1.08,100.0,-0.25,1.43
AMZN,2008-09-24,3.615000009536743,3.682499885559082,3.447000026702881,3.497999906539917,187448000.0,55.508801782546676,58.55057367512205,51.818388812234254,51.02799801346205,50.098414338800026,1.14,99.0,-0.34,1.43
AMZN,2008-09-25,3.532999992370605,3.637500047683716,3.500499963760376,3.6040000915527344,121460000.0,56.54807437639795,58.8797647757221,51.97409174100558,51.03898100895763,50.19423027307962,1.21,100.0,-0.4,1.36
AMZN,2008-09-26,3.4760000705718994,3.552500009536743,3.4040000438690186,3.5350000858306885,134942000.0,56.295295544625375,58.68932739126106,52.05877049530883,51.070705505239346,50.22755251629337,1.27,100.0,-0.46,1.34
AMZN,2008-09-29,3.4205000400543213,3.4684998989105225,3.065999984741211,3.1675000190734863,240086000.0,63.609515028398164,62.8085164819256,54.619818874243684,52.484887181532336,51.38953594332391,1.42,100.0,-0.2,1.62
AMZN,2008-09-30,3.2920000553131104,3.6559998989105225,3.2660000324249268,3.638000011444092,260938000.0,76.22040258113698,69.09272792854733,58.95853854928317,54.967328112991034,53.261660562990755,1.78,100.0,-0.2,2.36
AMZN,2008-10-01,3.58899998664856,3.5994999408721924,3.4205000400543213,3.4790000915527344,192444000.0,76.95222808410816,69.31089981732131,59.37881098241961,55.087337578814946,53.43092073869107,2.1,100.0,-0.24,2.26
AMZN,2008-10-02,3.381500005722046,3.447999954223633,3.2704999446868896,3.368000030517578,174522000.0,77.20144065726787,68.50725181448252,59.407154950590794,55.213655516921314,53.52202210383778,2.37,100.0,-0.31,2.28
AMZN,2008-10-03,3.470999956130981,3.547499895095825,3.3294999599456787,3.3499999046325684,224562000.0,76.96385448705259,68.51325052966676,59.410704299753434,55.21564198688323,53.5235189831586,2.61,100.0,-0.37,2.29
AMZN,2008-10-06,3.203000068664551,3.2945001125335693,3.0234999656677246,3.2614998817443848,267710000.0,76.5884660369347,68.45715627322771,59.548006872912,55.29838263678987,53.56588239769494,2.82,100.0,-0.38,2.25
AMZN,2008-10-07,3.289499998092652,3.321500062942505,2.924999952316284,2.9260001182556152,255120000.0,81.70605720154111,71.64047278158623,61.77311116259454,56.71455490952925,54.55716516046101,3.11,100.0,0.17,2.17
AMZN,2008-10-08,2.782000064849853,3.137500047683716,2.7674999237060547,3.0510001182556152,286490000.0,83.15557121834753,72.15574417601294,62.16594744978533,56.53055979058736,54.73133178193377,3.38,100.0,0.19,2.05
AMZN,2008-10-09,3.0985000133514404,3.174999952316284,2.799999952316284,2.799999952316284,278618000.0,85.96060887533898,72.65143735663402,62.36992948480974,57.100369209298975,55.37127102952548,3.63,100.0,0.66,2.09
AMZN,2008-10-10,2.649499893188477,2.987499952316284,2.552500009536743,2.8125,360434000.0,85.54961498015027,72.65484665084865,62.33435547792637,57.105094951729164,55.091174606316265,3.86,99.0,0.81,2.1
AMZN,2008-10-13,2.947999954223633,3.1105000972747803,2.868499994277954,3.1010000705718994,223896000.0,91.1401396979275,75.13302158517156,64.2190832478723,58.2460037218229,55.873172770249404,4.14,100.0,0.6,1.87
AMZN,2008-10-14,3.174999952316284,3.200000047683716,2.740000009536743,2.7929999828338623,346132000.0,95.10318858712068,78.02239445783569,66.19309638643236,59.454815824691146,56.785964887671355,4.47,100.0,0.62,1.71
AMZN,2008-10-15,2.7230000495910645,2.734499931335449,2.4175000190734863,2.436000108718872,325152000.0,101.66191479194578,82.67137337583249,69.48319306665847,61.565510579571836,58.358538519851066,4.89,100.0,1.3,1.76
AMZN,2008-10-16,2.319999933242798,2.5350000858306885,2.1695001125335693,2.51449990272522,441622000.0,102.4709814680953,82.55973872407846,69.52349806647044,61.43116266085868,58.44229623216114,5.27,100.0,1.37,1.75
AMZN,2008-10-17,2.441499948501587,3.116499900817871,2.4205000400543213,2.532500028610229,258928000.0,102.30460153361088,79.03929940964173,69.54812614410903,61.275427966855986,58.44738852607257,5.62,100.0,1.28,1.74
AMZN,2008-10-20,2.6085000038146973,2.6549999713897705,2.495500087738037,2.6484999656677246,169042000.0,103.14655892975122,79.75797153128526,69.97809496697124,61.520564462736246,58.636448753977575,5.95,100.0,1.06,1.64
AMZN,2008-10-21,2.5929999351501465,2.6475000381469727,2.496000051498413,2.5114998817443848,173392000.0,103.7089770881483,80.18561309568241,70.33266537397228,61.75643185425279,58.826439254087724,6.27,100.0,0.93,1.56
AMZN,2008-10-22,2.502500057220459,2.623500108718872,2.3949999809265137,2.499500036239624,390264000.0,103.6579429712853,79.83918457669698,70.30490693374377,61.47918895895764,57.934488856328294,6.56,99.0,0.78,1.57
AMZN,2008-10-23,2.1684999465942383,2.5455000400543213,2.165499925613404,2.5160000324249268,652038000.0,102.78786204524175,79.87681976487721,70.32605054782817,61.334145385174786,56.566838141665734,6.84,99.0,0.61,1.56
AMZN,2008-10-24,2.237499952316284,2.615999937057495,2.2249999046325684,2.447999954223633,392118000.0,102.84818702633103,79.90832286801974,70.32968845573556,61.24230702197977,56.62160528021348,7.09,99.0,0.47,1.56
AMZN,2008-10-27,2.450000047683716,2.629499912261963,2.421499967575073,2.4790000915527344,235184000.0,103.17108605405369,80.01314213744594,70.07516640479933,61.195760568728375,56.59672996186437,7.33,96.0,0.33,1.62
AMZN,2008-10-28,2.575000047683716,2.815000057220459,2.4535000324249268,2.802000045776367,296694000.0,110.26371857832696,84.29866335661166,72.6281153803062,62.944276630633,57.95656290513536,7.62,100.0,0.16,1.59
AMZN,2008-10-29,2.77649998664856,2.989500045776367,2.7260000705718994,2.844500064849853,303926000.0,107.53368792643725,83.78877665121026,72.66514904438054,62.75106200119234,57.9497820650262,7.89,100.0,0.01,1.57
AMZN,2008-10-30,2.937999963760376,2.994499921798706,2.753999948501587,2.8355000019073486,222514000.0,105.1970881528031,83.77547836921867,72.65935551150564,62.68949224116472,57.93741750878279,8.14,99.0,-0.13,1.58
AMZN,2008-10-31,2.80049991607666,2.862499952316284,2.750499963760376,2.861999988555908,170692000.0,103.442867790973,83.80521633593061,72.56241680667377,62.55110086967193,57.927901380194015,8.38,97.0,-0.26,1.59
AMZN,2008-11-03,2.817500114440918,2.862499952316284,2.750999927520752,2.7885000705718994,143402000.0,101.62942384606264,83.25405743765774,72.63094087159782,62.60634457052843,57.95248139842328,8.61,98.0,-0.39,1.58
AMZN,2008-11-04,2.8580000400543213,2.936500072479248,2.760999917984009,2.922499895095825,153276000.0,102.41239551872215,81.58258359082518,72.76045954334678,62.80992671408029,58.13018285869001,8.83,100.0,-0.49,1.55
AMZN,2008-11-05,2.873500108718872,2.900000095367432,2.5810000896453857,2.5989999771118164,229968000.0,107.21199718341117,84.66659252702769,74.77027764102833,64.0148367012694,59.16496880037273,9.08,100.0,-0.59,1.44
AMZN,2008-11-06,2.490000009536743,2.552000045776367,2.315000057220459,2.361000061035156,309756000.0,109.34320607793975,86.5381288912336,76.09537774509344,64.86407785058381,59.90681830614574,9.34,100.0,-0.63,1.27
AMZN,2008-11-07,2.388000011444092,2.489500045776367,2.3505001068115234,2.4605000019073486,148792000.0,110.4961712241431,87.02606466659107,76.45899575632167,65.03200778599205,59.94277459726134,9.59,100.0,-0.7,1.2
AMZN,2008-11-10,2.499000072479248,2.5339999198913574,2.3429999351501465,2.4230000972747803,179298000.0,106.56076148734302,87.01403015644523,76.3611909659922,65.00915340607357,59.697058346379286,9.83,99.0,-0.76,1.22
AMZN,2008-11-11,2.3550000190734863,2.4030001163482666,2.240499973297119,2.315000057220459,198784000.0,97.3924841411283,87.12208241052906,76.45045177700439,65.20289128524325,59.81522859974301,10.06,99.0,-0.8,1.21
AMZN,2008-11-12,2.19950008392334,2.2720000743865967,2.0450000762939453,2.078000068664551,295372000.0,100.73716672922734,89.39116018695279,78.159314386791,66.21420987104091,60.621232841123074,10.31,100.0,-0.76,1.04
AMZN,2008-11-13,2.069999933242798,2.25,1.924000024795532,2.246500015258789,338706000.0,104.30301828602582,91.14438300824939,79.29651102296778,66.64634264028145,61.136178765153204,10.57,100.0,-0.81,0.89
AMZN,2008-11-14,2.180500030517578,2.2249999046325684,2.075000047683716,2.087500095367432,238994000.0,105.69682983698208,91.92008559540507,79.97329565043603,67.08633733134832,61.54639750170007,10.83,100.0,-0.81,0.8
AMZN,2008-11-17,1.995499968528748,2.062999963760376,1.9535000324249268,1.9845000505447388,214236000.0,106.13711700533364,91.96524040560773,79.92816774164952,67.08671078492594,61.72203317230166,11.07,99.0,-0.8,0.81
AMZN,2008-11-18,1.986500024795532,2.032999992370605,1.8040000200271609,1.9220000505447388,300984000.0,102.63281409502392,91.99237892590976,79.99447534407338,67.17518397202569,61.78303742767978,11.3,100.0,-0.79,0.79
AMZN,2008-11-19,1.8984999656677248,1.950000047683716,1.787500023841858,1.7920000553131104,250422000.0,102.46474618749215,92.7373249712782,80.6068032438315,67.53610077612733,62.11990422887984,11.53,100.0,-0.76,0.71
AMZN,2008-11-20,1.7645000219345093,1.9859999418258667,1.7339999675750732,1.7515000104904177,368478000.0,100.43243964596287,92.7132931161757,80.62511435154411,67.51356754336186,62.1492845893165,11.74,100.0,-0.74,0.71
AMZN,2008-11-21,1.8194999694824217,1.950000047683716,1.7860000133514404,1.893499970436096,300854000.0,103.90920476321641,94.36316675053985,81.66985589069962,68.1908107961665,62.63270265076368,11.95,100.0,-0.79,0.59
AMZN,2008-11-24,1.9394999742507928,2.171999931335449,1.934999942779541,2.125,290994000.0,105.66106752235058,97.8750532394753,83.8980058565906,69.26081578322977,63.74161268107922,12.2,100.0,-0.87,0.5
AMZN,2008-11-25,2.1045000553131104,2.1445000171661377,1.9804999828338623,2.109499931335449,260300000.0,101.99811007846588,97.80520606141336,83.87629603353291,69.25810419616772,63.51227961511976,12.43,99.0,-0.94,0.5
AMZN,2008-11-26,2.0434999465942383,2.200000047683716,2.01449990272522,2.197999954223633,268794000.0,95.51286594934018,98.38431756416576,83.96181571063366,69.36361811532872,63.41330023567805,12.64,100.0,-1.01,0.49
AMZN,2008-11-28,2.201499938964844,2.2049999237060547,2.111000061035156,2.134999990463257,69620000.0,95.19384270063738,98.33313288223647,83.57784091180167,69.43502785122617,63.45978838300034,12.84,97.0,-1.08,0.54
AMZN,2008-12-01,2.0999999046325684,2.1630001068115234,2.0190000534057617,2.0234999656677246,223578000.0,96.12052262834919,98.59488028234136,83.92818296852117,69.647048867875,63.6341051486741,13.03,99.0,-1.14,0.49
AMZN,2008-12-02,2.069499969482422,2.0855000019073486,1.940999984741211,2.059499979019165,174274000.0,95.15487149365029,98.49760421027449,83.91559042773142,69.0763181077406,63.66434454554432,13.21,98.0,-1.19,0.49
AMZN,2008-12-03,2.007999897003174,2.2939999103546143,2.002500057220459,2.260499954223633,313512000.0,98.55967926327175,100.73501597190348,85.2214653036664,69.97133362184923,64.25927284373768,13.4,100.0,-1.24,0.38
AMZN,2008-12-04,2.296999931335449,2.525000095367432,2.2874999046325684,2.365999937057495,395646000.0,99.5801670829039,101.26654481103445,85.55016480559982,70.00372120066606,64.43406033280077,13.58,100.0,-1.29,0.33
AMZN,2008-12-05,2.2945001125335693,2.424499988555908,2.164999961853028,2.4130001068115234,292176000.0,99.74836017268267,101.02814813976613,84.83516437409969,69.8961437199176,64.4586240632209,13.74,98.0,-1.33,0.42
AMZN,2008-12-08,2.4574999809265137,2.6070001125335693,2.368000030517578,2.570499897003174,218814000.0,101.14379253145644,102.07279876587899,85.49596245321254,70.32104464688112,64.79353069332402,13.9,99.0,-1.36,0.33
AMZN,2008-12-09,2.490499973297119,2.7239999771118164,2.484999895095825,2.5625,266296000.0,101.09835705449046,102.06974502475381,85.26736055266072,70.29447177473767,64.78352713190934,14.05,98.0,-1.38,0.36
AMZN,2008-12-10,2.572999954223633,2.575000047683716,2.4170000553131104,2.484999895095825,155076000.0,94.66115166200039,102.05322032378126,85.37535180114583,70.22073045833321,64.80709517840207,14.19,98.0,-1.41,0.35
AMZN,2008-12-11,2.4665000438690186,2.524499893188477,2.408499956130981,2.4124999046325684,151672000.0,94.76487306117947,100.50268922838228,85.47577266166809,70.28067603543037,64.8588552979307,14.31,98.0,-1.44,0.33
AMZN,2008-12-12,2.375999927520752,2.569000005722046,2.375999927520752,2.5625,173296000.0,96.66741696479832,100.30190087347715,85.83457063956199,70.61152764600509,65.14645173832396,14.42,100.0,-1.46,0.29
AMZN,2008-12-15,2.532500028610229,2.547499895095825,2.407500028610229,2.442500114440918,145708000.0,97.43651687560208,99.75650327075434,84.18867965158296,70.25628490205794,65.2163499957913,14.53,92.0,-1.47,0.36
AMZN,2008-12-16,2.4809999465942383,2.6480000019073486,2.4644999504089355,2.631500005722046,177258000.0,99.90398614843652,100.11328152520097,85.12457652429917,70.833552032198,65.52133112104977,14.63,93.0,-1.47,0.26
AMZN,2008-12-17,2.61299991607666,2.7385001182556152,2.576499938964844,2.6589999198913574,183662000.0,98.9072082070746,99.86189431813966,85.0500761087916,70.76006863214603,65.49291988261355,14.73,92.0,-1.47,0.26
AMZN,2008-12-18,2.650000095367432,2.742500066757202,2.559999942779541,2.6040000915527344,150362000.0,93.00836477172108,99.82684884901104,84.93322494963523,70.72044478225469,65.44978774936664,14.81,91.0,-1.46,0.28
AMZN,2008-12-19,2.5794999599456787,2.649499893188477,2.5460000038146973,2.578000068664551,219264000.0,88.51774866482393,99.56777703191435,84.9359348400375,70.7259033829,65.43601765632904,14.89,91.0,-1.45,0.28
AMZN,2008-12-22,2.5799999237060547,2.6075000762939453,2.423500061035156,2.492000102996826,178500000.0,88.37011217434457,99.69871442347409,85.00834773215581,70.81959198112654,65.5052704597976,14.95,91.0,-1.45,0.27
AMZN,2008-12-23,2.50600004196167,2.5804998874664307,2.50600004196167,2.553999900817871,116908000.0,88.50818199848443,97.493556096968,85.12938513860271,70.7615649207987,65.56077551657464,15.0,93.0,-1.44,0.25
AMZN,2008-12-24,2.5829999446868896,2.5975000858306885,2.55049991607666,2.572000026702881,32910000.0,87.36847206168562,92.92627451896395,85.14552798091769,70.76347892659169,65.52925671838724,15.05,93.0,-1.42,0.25
AMZN,2008-12-26,2.689500093460083,2.697499990463257,2.577500104904175,2.58899998664856,136946000.0,80.71844975550519,92.60285128584117,84.81770096713483,70.63638979976302,65.51239257663016,15.08,85.0,-1.4,0.3
AMZN,2008-12-29,2.571500062942505,2.588500022888184,2.427999973297119,2.470000028610229,130158000.0,79.332135194017,92.83662599111334,85.07916687929848,70.8274273422218,65.66288074592123,15.11,90.0,-1.38,0.26
AMZN,2008-12-30,2.4755001068115234,2.560499906539917,2.437000036239624,2.5380001068115234,132026000.0,76.1898417549261,93.07265528452055,85.21177936345835,70.91219233967934,65.70826172508386,15.13,93.0,-1.35,0.24
AMZN,2008-12-31,2.5369999408721924,2.5845000743865967,2.495500087738037,2.563999891281128,155844000.0,74.24221978766528,93.00524824285559,84.8757653749492,70.83493629300341,65.5939883657941,15.12,84.0,-1.31,0.29
AMZN,2009-01-02,2.567500114440918,2.7265000343322754,2.553499937057495,2.7179999351501465,145928000.0,74.5711440966906,91.26524979123116,84.1242692516209,71.19148597462667,65.86974949077886,15.12,80.0,-1.28,0.32
AMZN,2009-01-05,2.7864999771118164,2.7869999408721924,2.65149998664856,2.703000068664551,190196000.0,70.68081036215104,90.82586477584172,84.12090053521212,70.54717558851108,65.5202820369899,15.11,79.0,-1.25,0.33
AMZN,2009-01-06,2.727499961853028,2.9110000133514404,2.6875,2.868000030517578,221602000.0,70.99577112423991,89.96959748196352,84.73221589497724,70.91991415156166,65.80536319073256,15.09,81.0,-1.21,0.25
AMZN,2009-01-07,2.814500093460083,2.8475000858306885,2.7674999237060547,2.809999942779541,158854000.0,69.29387383508063,90.06618918806382,84.7132677783348,70.95114463654717,65.82594493231981,15.06,80.0,-1.18,0.25
AMZN,2009-01-08,2.749500036239624,2.865999937057495,2.7290000915527344,2.8580000400543213,131558000.0,62.18886660937702,87.81881698450763,84.75001434029001,70.94925712913025,65.78797967625466,15.03,81.0,-1.14,0.25
AMZN,2009-01-09,2.845999956130981,2.8499999046325684,2.734999895095825,2.775500059127808,133682000.0,63.03707530580833,85.35871444229487,84.66416390584199,70.86631448561799,65.83919147847077,14.98,78.0,-1.09,0.26
AMZN,2009-01-12,2.7060000896453857,2.7149999141693115,2.5434999465942383,2.595999956130981,191126000.0,65.97869496612321,81.70279100076094,85.20345980850347,71.10511587925532,66.05939346668903,14.94,92.0,-1.02,0.2
AMZN,2009-01-13,2.5480000972747803,2.664499998092652,2.5374999046325684,2.572499990463257,157664000.0,65.31811951235915,81.47651862892151,85.17351053797302,71.08353798600585,66.02082695860217,14.88,91.0,-0.96,0.2
AMZN,2009-01-14,2.505000114440918,2.505000114440918,2.407000064849853,2.424499988555908,208852000.0,65.78381354443479,82.37247851113837,85.55949529316703,71.38424797540667,66.20046247519,14.8,99.0,-0.9,0.16
AMZN,2009-01-15,2.427999973297119,2.611500024795532,2.381500005722046,2.572000026702881,232346000.0,67.49235257157643,82.7603055010575,86.0480765283527,71.70210809795586,66.48069664736155,14.71,100.0,-0.85,0.1
AMZN,2009-01-16,2.5899999141693115,2.616499900817871,2.4765000343322754,2.5794999599456787,165164000.0,62.40962233959812,82.03196116216166,85.97342666714282,71.69160440887433,66.48225068303121,14.61,99.0,-0.78,0.11
AMZN,2009-01-20,2.5374999046325684,2.5850000381469727,2.4135000705718994,2.421999931335449,135344000.0,64.09337326148128,83.05178287560304,86.4602278660333,71.99539002149456,66.76337641267433,14.51,100.0,-0.7,0.06
AMZN,2009-01-21,2.4655001163482666,2.5344998836517334,2.4124999046325684,2.5269999504089355,116590000.0,65.00969109777043,83.50670601101795,86.78798504536277,72.16786872026847,66.89540803064237,14.39,100.0,-0.62,0.02
AMZN,2009-01-22,2.470999956130981,2.5439999103546143,2.4130001068115234,2.496999979019165,142666000.0,62.40976036291626,83.34945637450829,86.70019732756415,72.176940891977,66.65454197769542,14.27,99.0,-0.55,0.03
AMZN,2009-01-23,2.444999933242798,2.571000099182129,2.422499895095825,2.531500101089477,115866000.0,62.55001764441413,83.35692888347744,86.64500421548826,72.10288378686003,66.48046670325196,14.13,98.0,-0.46,0.04
AMZN,2009-01-26,2.509000062942505,2.5445001125335693,2.4260001182556152,2.4814999103546143,143114000.0,62.17357002679147,79.46362449603647,86.65676063347874,72.13298901230291,66.50545693784274,13.98,98.0,-0.36,0.03
AMZN,2009-01-27,2.4649999141693115,2.5209999084472656,2.385999917984009,2.421999931335449,174764000.0,61.97188712185714,79.51128657181216,86.70990198761154,72.17967812157654,66.50898504096043,13.8,99.0,-0.27,0.03
AMZN,2009-01-28,2.486000061035156,2.57450008392334,2.448499917984009,2.5179998874664307,161132000.0,60.4549225846884,79.96573236324454,86.85896421202047,72.25009425483138,66.59182079919204,13.63,100.0,-0.13,0.01
AMZN,2009-01-29,2.497999906539917,2.5924999713897705,2.4570000171661377,2.5,359336000.0,58.81075345764154,79.93773599622938,86.80573340878027,72.25184666634922,66.59228219931606,13.44,99.0,-0.0,0.02
AMZN,2009-01-30,2.868000030517578,2.986999988555908,2.861999988555908,2.940999984741211,795662000.0,72.35468478380083,86.59919622865635,90.65938335785492,74.83202692307495,68.42100180424173,13.27,100.0,0.07,0.26
AMZN,2009-02-02,2.928499937057495,3.0999999046325684,2.906500101089477,3.057499885559082,386486000.0,73.04982539475705,86.43121228688837,90.82579463156448,74.91568539318116,68.4235012992434,13.1,100.0,0.15,0.23
AMZN,2009-02-03,3.0434999465942383,3.2100000381469727,3.0,3.179500102996826,293892000.0,73.29627328389432,83.18924252376954,90.96078426947193,75.06481125028706,68.53449952421407,12.87,100.0,0.23,0.2
AMZN,2009-02-04,3.1689999103546143,3.171999931335449,3.0415000915527344,3.052999973297119,274526000.0,74.42764461656591,81.10966836419473,90.96737776452339,74.68338188490196,68.60626992434,12.64,100.0,0.29,0.21
AMZN,2009-02-05,3.057499885559082,3.190500020980835,3.031500101089477,3.1589999198913574,203392000.0,73.89573128987962,80.9835371423273,91.13043402812939,74.77334133183147,68.50553059168584,12.39,100.0,0.32,0.18
AMZN,2009-02-06,3.1589999198913574,3.3499999046325684,3.1589999198913574,3.327500104904175,240898000.0,74.852869183161,81.46423146296891,91.51826101580642,74.95767656032481,68.61569334348349,12.12,100.0,0.31,0.13
AMZN,2009-02-09,3.328000068664551,3.368000030517578,3.2690000534057617,3.3355000019073486,188752000.0,74.87448592391989,80.7746820953345,91.46815136070072,74.94256137458576,68.52033804269081,11.82,99.0,0.23,0.14
AMZN,2009-02-10,3.307499885559082,3.361500024795532,3.1535000801086426,3.165499925613404,214012000.0,76.93409738832577,78.17952688268825,90.58592037271818,75.17849521715779,68.67691304088082,11.53,93.0,0.3,0.19
AMZN,2009-02-11,3.1549999713897705,3.244999885559082,3.112499952316284,3.2174999713897705,166946000.0,75.26043229347177,76.79834428898073,89.96873238169117,75.12415737492391,68.69158007646035,11.24,92.0,0.28,0.26
AMZN,2009-02-12,3.1624999046325684,3.212500095367432,3.0855000019073486,3.197999954223633,161910000.0,75.1728579392824,75.04499382191277,89.47382463401006,75.12353828004183,68.55344306423582,10.95,91.0,-0.1,0.33
AMZN,2009-02-13,3.198499917984009,3.233999967575073,3.1435000896453857,3.1630001068115234,82618000.0,75.36270746625082,74.17817968256915,88.66286615337418,75.13035335474812,68.51755409513885,10.66,90.0,-0.19,0.41
AMZN,2009-02-17,3.0834999084472656,3.132499933242798,3.059000015258789,3.0834999084472656,142522000.0,74.30870403183893,74.04030141807917,88.49568104315883,75.15689635714267,68.45945836182337,10.35,89.0,-0.19,0.43
AMZN,2009-02-18,3.1135001182556152,3.138999938964844,3.026000022888184,3.117500066757202,147320000.0,74.27464845844057,72.23868706255897,88.43409212656641,75.14832191045771,68.45958369949977,10.03,88.0,-0.17,0.43
AMZN,2009-02-19,3.1419999599456787,3.2090001106262207,3.0834999084472656,3.0975000858306885,135378000.0,72.50539852267877,72.00512568797353,88.29776423973031,75.15068324657823,68.42641985529835,9.68,87.0,-0.22,0.46
AMZN,2009-02-20,3.053499937057495,3.2074999809265137,3.0420000553131104,3.193000078201294,187090000.0,72.5999986857809,70.7218632696032,88.39489192624764,75.21273839404077,68.30096208378174,9.31,87.0,-0.26,0.44
AMZN,2009-02-23,3.2079999446868896,3.245500087738037,3.075999975204468,3.0855000019073486,146720000.0,73.33518047217787,67.66667475940739,86.8288834634259,75.17893175621573,68.3131886993196,8.97,84.0,-0.24,0.52
AMZN,2009-02-24,3.0985000133514404,3.305000066757202,3.094500064849853,3.2799999713897705,205428000.0,74.59497512615941,68.53040636320131,84.51983795616185,75.35108418588014,68.57106668264113,8.72,48.0,-0.4,0.47
AMZN,2009-02-25,3.244999885559082,3.2874999046325684,3.1410000324249268,3.185499906539917,182442000.0,72.17847097699018,68.56717693523163,84.3520945399746,75.40674342641573,68.59834240404527,8.46,47.0,-0.45,0.5
AMZN,2009-02-26,3.2060000896453857,3.236500024795532,3.117000102996826,3.117000102996826,145506000.0,72.51300351161514,68.42222955920604,84.26737853207817,75.4444921020916,68.62250200039092,8.19,46.0,-0.46,0.51
AMZN,2009-02-27,3.062999963760376,3.253999948501587,3.046999931335449,3.239500045776367,229766000.0,70.32560664331749,67.57567085215517,84.49452442216243,75.51499720123695,68.59662635288946,7.89,47.0,-0.47,0.47
AMZN,2009-03-02,3.197000026702881,3.276000022888184,3.075500011444092,3.0994999408721924,210238000.0,70.38923628502313,68.37575947101298,84.67812305388448,75.67071393707138,68.54852385815899,7.59,49.0,-0.46,0.45
AMZN,2009-03-03,3.137500047683716,3.164499998092652,3.065000057220459,3.0850000381469727,193832000.0,70.45470720699315,65.99929919977465,82.89121810601671,75.52165579371494,68.47478834031573,7.32,34.0,-0.49,0.55
AMZN,2009-03-04,3.140000104904175,3.289499998092652,3.119999885559082,3.240499973297119,239218000.0,68.38381249861285,66.09644547963126,82.99248721356105,75.65911263845605,68.49992831602033,7.05,34.0,-0.5,0.54
AMZN,2009-03-05,3.2060000896453857,3.289999961853028,3.180000066757202,3.2385001182556152,235406000.0,67.72827222927462,66.03803728552758,81.82721385745825,75.63303327140449,68.49785812404157,6.76,32.0,-0.55,0.65
AMZN,2009-03-06,3.259999990463257,3.275000095367432,2.990999937057495,3.0845000743865967,301876000.0,69.49768850273912,65.79987033356896,82.21209356956379,75.83886712584813,68.5807069925095,6.46,32.0,-0.59,0.6
AMZN,2009-03-09,3.109999895095825,3.201499938964844,3.007499933242798,3.024499893188477,271228000.0,69.89074391782366,65.95289525256534,80.79563334000753,75.82126739322588,68.57488923572478,6.19,29.0,-0.58,0.74
AMZN,2009-03-10,3.124500036239624,3.2950000762939453,3.08899998664856,3.2855000495910645,308714000.0,72.86321730779996,67.5735615337046,80.10762586011,76.35363868791516,69.06836294350734,5.97,26.0,-0.62,0.72
AMZN,2009-03-11,3.312000036239624,3.4684998989105225,3.263499975204468,3.427000045776367,277634000.0,72.74315886679823,67.62011159270676,77.22351732998746,76.52393876476906,68.96686174195483,5.85,20.0,-0.63,0.59
AMZN,2009-03-12,3.4175000190734863,3.493499994277954,3.362499952316284,3.4790000915527344,226978000.0,72.29254951137906,66.69273491297169,77.11331027942586,76.53358682534278,68.97622645541709,5.72,19.0,-0.64,0.61
AMZN,2009-03-13,3.4820001125335693,3.486999988555908,3.376499891281128,3.43149995803833,178068000.0,72.45928743878564,65.89398119814959,77.15775074924623,76.5364060481291,68.93808470900062,5.59,19.0,-0.67,0.61
AMZN,2009-03-16,3.427999973297119,3.4644999504089355,3.3340001106262207,3.3489999771118164,188746000.0,57.00882629364212,64.5828474368576,76.98577760439274,76.3296474602276,68.98094841137295,5.47,17.0,-0.72,0.66
AMZN,2009-03-17,3.368499994277954,3.5855000019073486,3.3499999046325684,3.567500114440918,238056000.0,58.702126942115775,65.7026250797836,77.06714224485944,76.66141583154588,69.22411376691124,5.35,17.0,-0.72,0.61
AMZN,2009-03-18,3.548500061035156,3.695499897003174,3.506500005722046,3.5625,208034000.0,57.832041667018345,65.49679090635469,77.05973335815818,76.63255142946498,68.81831808596719,5.23,16.0,-0.72,0.61
AMZN,2009-03-19,3.569999933242798,3.595499992370605,3.461999893188477,3.505000114440918,176382000.0,56.62665576538186,65.57128343083436,77.12217591190907,76.65463615540237,68.80370371504694,5.11,18.0,-0.75,0.61
AMZN,2009-03-20,3.5195000171661377,3.5445001125335693,3.4539999961853027,3.497999906539917,169362000.0,55.95369034949026,65.083850518414,76.96994116210243,76.5729905653684,68.67373520644094,4.98,13.0,-0.78,0.63
AMZN,2009-03-23,3.568000078201294,3.7804999351501465,3.5350000858306885,3.7790000438690186,172248000.0,58.29376925823554,66.61607231511087,77.84275981721522,77.11333631251452,69.00975872972681,4.83,20.0,-0.71,0.5
AMZN,2009-03-24,3.742500066757202,3.75,3.615499973297119,3.640500068664551,149158000.0,59.5275366467919,67.21968404073377,75.76900706489467,77.23748350729106,69.10307100239207,4.77,7.0,-0.74,0.56
AMZN,2009-03-25,3.6545000076293945,3.697499990463257,3.492000102996826,3.619999885559082,157912000.0,57.25857890234267,67.26023937616549,75.75378200590013,77.13074426064492,69.08099467431988,4.71,6.0,-0.77,0.56
AMZN,2009-03-26,3.673500061035156,3.749000072479248,3.631999969482422,3.684499979019165,133154000.0,57.28447207014929,66.39902806779466,75.78688708697513,76.82039799966923,68.97807790508882,4.65,7.0,-0.8,0.55
AMZN,2009-03-27,3.5804998874664307,3.614500045776367,3.505000114440918,3.526000022888184,171376000.0,58.92282224076722,67.05822457069385,76.13832822022967,76.9982725590993,69.10316206187578,4.58,8.0,-0.85,0.51
AMZN,2009-03-30,3.5199999809265137,3.5834999084472656,3.487499952316284,3.572000026702881,167462000.0,58.82818019605127,67.06893813990402,76.02344984904886,76.930247343596,69.0807594451132,4.51,6.0,-0.89,0.52
AMZN,2009-03-31,3.630500078201294,3.724999904632568,3.6059999465942383,3.671999931335449,178364000.0,58.52479852981869,66.32737681013789,75.79733796173859,76.89265161633665,68.74750947691989,4.44,5.0,-0.93,0.56
AMZN,2009-04-01,3.651000022888184,3.754499912261963,3.5855000019073486,3.674999952316284,140828000.0,58.52120902542529,66.29700257047483,73.33253024957163,76.88215491706524,68.74181804351143,4.47,1.0,-0.96,0.56
AMZN,2009-04-02,3.68149995803833,3.861999988555908,3.671999931335449,3.816999912261963,221338000.0,59.14443347066703,65.6942565456947,71.7722934192096,76.57586390032625,68.77306950723187,4.57,1.0,-0.94,0.57
AMZN,2009-04-03,3.821000099182129,3.9159998893737793,3.775000095367432,3.908499956130981,116198000.0,58.94618194991644,65.59370832572657,71.59885002659277,76.62469862668965,68.7668525410994,4.67,1.0,-0.92,0.61
AMZN,2009-04-06,3.86299991607666,3.9179999828338623,3.799999952316284,3.899499893188477,115026000.0,57.73063389991777,65.56893122901938,71.53606077790644,76.45613458520587,68.76725347148972,4.77,1.0,-0.91,0.62
AMZN,2009-04-07,3.84850001335144,3.8540000915527344,3.74399995803833,3.775500059127808,114976000.0,56.57124669822139,65.6397298149,71.32885809232874,76.546830106207,68.84137885513168,4.87,1.0,-0.92,0.64
AMZN,2009-04-08,3.796499967575073,3.8554999828338623,3.7284998893737793,3.848999977111816,113060000.0,55.785171177450486,63.957056135911806,69.02555326862935,76.57283416307367,68.76088828936197,5.05,1.0,-0.91,0.61
AMZN,2009-04-09,3.875499963760376,4.0,3.86299991607666,3.9885001182556152,141646000.0,55.755631811986675,64.14535193599126,68.22676691397173,76.5629202021589,68.84998089543359,5.25,1.0,-0.88,0.73
AMZN,2009-04-13,3.992000102996826,3.998500108718872,3.892499923706055,3.947000026702881,124244000.0,55.245920742439345,62.74697030763436,67.0903208308513,75.46609052803116,68.74745511203555,5.48,1.0,-0.86,0.82
AMZN,2009-04-14,3.900000095367432,3.973000049591065,3.846999883651733,3.861000061035156,123208000.0,53.83232043735134,62.13304898061304,66.62445610546037,75.5087037707066,68.77887795323974,5.72,1.0,-0.86,0.88
AMZN,2009-04-15,3.775000095367432,3.7904999256134033,3.67549991607666,3.73550009727478,188256000.0,54.99683490641696,62.66313512234905,66.64007693503423,75.52539840658676,68.85919638006156,5.94,2.0,-0.88,0.88
AMZN,2009-04-16,3.766499996185303,3.874000072479248,3.757999897003174,3.862499952316284,149356000.0,54.114445567693714,61.21614922442794,65.62602963531006,75.55164866776994,68.88170279673189,6.17,1.0,-0.95,0.92
AMZN,2009-04-17,3.83899998664856,3.936000108718872,3.7939999103546143,3.902499914169312,148520000.0,54.09353576582995,60.79179154199185,65.4441007988313,75.56161436647321,68.884997075784,6.4,1.0,-1.05,0.94
AMZN,2009-04-20,3.921999931335449,3.989500045776367,3.8415000438690186,3.878499984741211,173738000.0,51.690720017882356,60.725439973152895,64.51142087466522,75.51045325151881,68.4357929472349,6.65,1.0,-1.12,1.14
AMZN,2009-04-21,3.866499900817871,3.954999923706055,3.864500045776367,3.937000036239624,143244000.0,51.07319628409829,60.73158365461361,62.15178916633415,75.52508877296056,68.45236159956319,6.95,1.0,-1.14,1.29
AMZN,2009-04-22,3.908499956130981,4.109000205993652,3.890500068664551,3.9600000381469727,175510000.0,46.0048318956407,60.46568719388723,62.114197017747145,75.52794954515147,68.45107282748589,7.22,1.0,-1.15,1.29
AMZN,2009-04-23,4.066500186920166,4.103000164031982,3.953999996185303,4.0304999351501465,323754000.0,44.87519878802785,60.125695255248054,61.89092859867758,75.37784007132177,68.45161700549279,7.49,1.0,-1.16,1.36
AMZN,2009-04-24,4.101500034332275,4.334000110626221,4.036499977111816,4.2230000495910645,469686000.0,46.375041364631876,60.31456832843918,61.96392923044737,75.56215261526216,68.48155580405229,7.74,2.0,-1.12,1.29
AMZN,2009-04-27,4.193999767303467,4.249000072479248,4.110499858856201,4.156000137329102,194118000.0,46.464534651539054,60.44013367091714,61.313723467422086,75.5659353689374,68.38480275697678,7.99,1.0,-1.15,1.38
AMZN,2009-04-28,4.133999824523926,4.267499923706055,4.119999885559082,4.119999885559082,158480000.0,45.782187232481874,51.3025688383576,61.34212346999316,75.38504196456553,68.37692658957046,8.23,2.0,-1.2,1.4
AMZN,2009-04-29,4.149499893188477,4.149499893188477,3.963000059127808,3.989500045776367,194702000.0,43.898195154734765,51.402778052160556,60.0726776193026,74.7180637289625,68.4361458581822,8.48,1.0,-1.23,1.61
AMZN,2009-04-30,4.046500205993652,4.133500099182129,3.994499921798706,4.026000022888184,170752000.0,43.89716672011977,50.903159750382656,59.73351969455709,74.71898231542481,68.39065446916945,8.72,1.0,-1.25,1.74
AMZN,2009-05-01,4.019000053405762,4.019000053405762,3.892499923706055,3.947999954223633,122434000.0,44.03992211245767,50.296060966038084,59.81816912103742,74.74993569835289,68.41263424878899,8.95,2.0,-1.27,1.75
AMZN,2009-05-04,4.013000011444092,4.067500114440918,3.942500114440918,3.9885001182556152,140386000.0,44.038302777529964,49.927314430606664,59.0903760401786,74.73707118957358,68.36972779965839,9.17,1.0,-1.28,1.97
AMZN,2009-05-05,4.05049991607666,4.099999904632568,4.009500026702881,4.09499979019165,117406000.0,38.88581459955888,49.14357013247238,59.18014097307982,74.77314668164158,68.39514990513456,9.39,2.0,-1.29,1.91
AMZN,2009-05-06,4.144000053405762,4.179999828338623,3.983000040054321,4.099500179290772,172080000.0,36.99868888969077,49.1454933183391,58.910639668444475,74.63264105959074,68.39450013660678,9.6,1.0,-1.29,1.97
AMZN,2009-05-07,4.136499881744385,4.137499809265137,3.8940000534057617,3.96399998664856,192642000.0,38.487309135138474,48.38296481671759,58.97389376544769,74.69269658544611,68.3926136488799,9.79,2.0,-1.3,1.95
AMZN,2009-05-08,3.984499931335449,4.011499881744385,3.815500020980835,3.8975000381469727,163860000.0,38.649234186672764,48.49379857316474,58.40032563244585,74.70860887230859,68.41202464198226,9.98,1.0,-1.3,2.17
AMZN,2009-05-11,3.839999914169312,3.992500066757202,3.80049991607666,3.930500030517578,137446000.0,36.151318685634706,48.46643723172784,57.80143960572717,74.69741164976995,68.41463112055638,10.19,1.0,-1.31,2.29
AMZN,2009-05-12,3.934999942779541,3.948499917984009,3.826499938964844,3.8965001106262207,110974000.0,36.20968107323253,48.43926981114474,56.7443428490621,74.64891029793358,68.36043121964123,10.4,1.0,-1.3,2.63
AMZN,2009-05-13,3.8125,3.8324999809265137,3.700500011444092,3.7095000743865967,175410000.0,38.427652247478626,49.281263703031044,57.35626898919006,74.79716935044041,68.53838281061331,10.58,2.0,-1.29,2.5
AMZN,2009-05-14,3.689500093460083,3.802999973297119,3.6654999256134033,3.755500078201294,186872000.0,38.58450742889443,49.29133127641682,57.24137396813097,74.79756719184736,68.54775518010241,10.76,2.0,-1.27,2.51
AMZN,2009-05-15,3.7269999980926514,3.810499906539917,3.671000003814697,3.680000066757202,160234000.0,37.3791172039389,49.48760146436996,57.32711880868827,74.8343830269025,68.52987618382103,10.93,3.0,-1.24,2.49
AMZN,2009-05-18,3.697999954223633,3.79800009727478,3.6549999713897705,3.797499895095825,136582000.0,37.891185783244374,49.51333742433792,57.17790811214433,74.88901859668111,68.60106263462663,11.09,2.0,-1.22,2.47
AMZN,2009-05-19,3.7715001106262207,3.947999954223633,3.75600004196167,3.8935000896453857,160578000.0,38.62432555239052,49.10177174455858,57.181481625701025,74.8564999986757,68.24978228015483,11.24,3.0,-1.19,2.47
AMZN,2009-05-20,3.924999952316284,4.055500030517578,3.871000051498413,3.8984999656677246,147020000.0,37.393399255538114,47.631035913153596,57.18156993481287,74.85125279236091,68.22314386516862,11.38,4.0,-1.16,2.48
AMZN,2009-05-21,3.837500095367432,3.8984999656677246,3.7699999809265137,3.79800009727478,112810000.0,37.784892108735534,47.5454840524079,57.38155217514053,74.90852357490299,68.20523984530818,11.51,8.0,-1.12,2.44
AMZN,2009-05-22,3.805000066757202,3.8519999980926514,3.750999927520752,3.7820000648498535,69694000.0,36.21373999219815,47.292140159519015,56.814752394743564,74.79965587840063,68.1952518783592,11.64,2.0,-1.09,2.57
AMZN,2009-05-26,3.751499891281128,3.924000024795532,3.7274999618530273,3.919500112533569,133992000.0,37.69338251086939,47.2051279361288,56.91862361168501,74.89956083035158,68.27989679902234,11.76,3.0,-1.05,2.53
AMZN,2009-05-27,3.92549991607666,3.974999904632568,3.837500095367432,3.8550000190734863,111342000.0,37.45236908150268,46.354045345066694,57.00734535339455,74.86736229870424,68.23957425053023,11.87,4.0,-1.0,2.52
AMZN,2009-05-28,3.884999990463257,3.954999923706055,3.7939999103546143,3.882499933242798,98862000.0,36.1645751689135,46.32659757010503,56.34260985862257,74.8074307350179,68.24027320365776,11.99,1.0,-0.95,2.78
AMZN,2009-05-29,3.885999917984009,3.900500059127808,3.819999933242798,3.899499893188477,101444000.0,34.877752630444164,45.35326313629546,56.32382562601224,74.72715253448096,68.24086175528664,12.11,1.0,-0.89,2.78
AMZN,2009-06-01,3.910500049591065,4.239999771118164,3.874500036239624,4.152500152587891,215930000.0,39.239209408515826,46.96898873111668,56.41734396229169,74.97966303767183,68.51309065737969,12.21,3.0,-0.84,2.76
AMZN,2009-06-02,4.120999813079834,4.272500038146973,4.105000019073486,4.246500015258789,187940000.0,39.5893560001611,45.796679537223085,56.36056073677045,75.00216617952793,68.52732981568631,12.3,3.0,-0.79,2.73
AMZN,2009-06-03,4.165500164031982,4.2855000495910645,4.156499862670898,4.283999919891357,152068000.0,39.46762077465827,45.504251628808774,56.32826412443943,74.99311403142502,68.53245670650068,12.39,2.0,-0.73,2.75
AMZN,2009-06-04,4.270999908447266,4.320000171661377,4.228499889373779,4.276000022888184,109308000.0,39.479636911817835,42.60286686347459,56.0828041900042,74.96555395066662,68.51167321369338,12.47,1.0,-0.67,2.82
AMZN,2009-06-05,4.314499855041504,4.397500038146973,4.264999866485596,4.377999782562256,165270000.0,39.71316645375802,42.06575309388685,54.98783727096092,74.13421862413058,68.4563057524987,12.56,1.0,-0.59,3.01
AMZN,2009-06-08,4.337500095367432,4.359000205993652,4.255499839782715,4.317999839782715,112042000.0,37.72149476243102,42.15974683455293,55.02409567466645,73.73836127778432,68.30712106821034,12.64,2.0,-0.52,3.0
AMZN,2009-06-09,4.346499919891357,4.383500099182129,4.308499813079834,4.354000091552734,89502000.0,37.44109169899394,42.01413787214097,54.04686506986525,73.4374662765965,68.29457123199951,12.72,1.0,-0.48,3.23
AMZN,2009-06-10,4.379000186920166,4.427999973297119,4.241499900817871,4.329500198364258,121472000.0,37.37878844993293,41.64933867636974,53.39766087235148,72.84821442703654,68.29690416084044,12.8,1.0,-0.42,3.55
AMZN,2009-06-11,4.315000057220459,4.374499797821045,4.252500057220459,4.2845001220703125,100194000.0,36.18036011436866,39.89706969858374,53.454369972927786,72.672328078932,68.23844045269438,12.86,2.0,-0.36,3.54
AMZN,2009-06-12,4.251500129699707,4.260000228881836,4.100500106811523,4.203999996185303,124460000.0,36.638674018430166,40.142478269954324,52.47497984546884,72.64340963892117,68.24919388417942,12.93,1.0,-0.35,3.8
AMZN,2009-06-15,4.141499996185303,4.164999961853027,4.050000190734863,4.158999919891357,108036000.0,36.28726377339306,40.04666790816493,52.2009643036193,72.5753945669403,68.14853291056943,13.0,1.0,-0.31,4.01
AMZN,2009-06-16,4.184999942779541,4.197500228881836,4.064000129699707,4.107500076293945,109316000.0,36.42187977978611,40.15801497490285,52.205297626636785,72.55311894888732,68.08775746234576,13.05,2.0,-0.29,4.01
AMZN,2009-06-17,4.125,4.215000152587891,4.0320000648498535,4.132500171661377,155702000.0,35.660553081680426,37.03926719479712,52.186798358223626,71.35171497475812,68.07293285480816,13.09,1.0,-0.28,4.03
AMZN,2009-06-18,4.140500068664551,4.147500038146973,4.050000190734863,4.079999923706055,109062000.0,35.86014815224911,36.27378539766936,52.11231121969932,69.48275606659531,68.08277364063659,13.13,1.0,-0.34,4.06
AMZN,2009-06-19,4.107500076293945,4.172999858856201,4.074999809265137,4.1479997634887695,108764000.0,34.7221113655335,36.361330944250696,51.93171628120472,69.29785538793651,68.07077948504431,13.15,1.0,-0.56,4.08
AMZN,2009-06-22,4.120500087738037,4.121500015258789,3.927999973297119,3.9574999809265137,194888000.0,37.122855595014855,37.58708753376243,52.31014095496573,69.41824035265401,68.12590430176662,13.17,6.0,-0.76,4.06
AMZN,2009-06-23,3.948499917984009,3.954999923706055,3.8125,3.884000062942505,148310000.0,37.45309810706143,36.63604944796898,52.408171721720976,69.45328890346691,68.1495637864415,13.17,7.0,-1.13,4.03
AMZN,2009-06-24,3.900000095367432,4.026500225067139,3.890000104904175,3.963500022888184,121628000.0,37.83409738373626,36.76297783045215,45.95643837157724,69.41315847826618,68.16781639635549,13.2,1.0,-1.12,-0.11
AMZN,2009-06-25,3.954999923706055,4.111499786376953,3.951499938964844,4.110000133514404,147208000.0,36.14000813991438,37.065921856960834,45.90749772443189,68.29924897398033,68.25595862546295,13.22,1.0,-1.09,-0.1
AMZN,2009-06-26,4.09499979019165,4.206999778747559,4.05649995803833,4.193999767303467,175506000.0,36.38121595270351,37.25525413524648,45.6256995668295,68.16908859106248,68.07117159641278,13.22,1.0,-1.06,-0.04
AMZN,2009-06-29,4.19350004196167,4.210000038146973,4.120500087738037,4.151500225067139,125406000.0,35.91648556278118,36.58407394547886,45.14271722899492,67.38331857372305,68.0433200271754,13.21,1.0,-1.03,0.01
AMZN,2009-06-30,4.181000232696533,4.245999813079834,4.123499870300293,4.183000087738037,159696000.0,34.987696444344245,36.31267668111256,44.87365523607738,67.38578979522116,68.02191659385849,13.2,1.0,-0.98,0.09
AMZN,2009-07-01,4.2210001945495605,4.224999904632568,4.06850004196167,4.079999923706055,139624000.0,35.280710093366594,36.69815952713246,44.387105680882996,66.49651363558333,68.06860844901969,13.16,1.0,-0.93,0.18
AMZN,2009-07-02,4.055500030517578,4.06850004196167,3.92549991607666,3.9660000801086426,144372000.0,36.32986350331172,36.55387221178519,44.648189279248825,65.38583530071017,68.0610966210294,13.11,2.0,-0.88,0.14
AMZN,2009-07-06,3.922499895095825,3.944499969482422,3.82699990272522,3.9049999713897705,147376000.0,35.778225087459404,36.49857827240715,43.88998171083468,63.30548351868016,68.07558749491692,13.06,1.0,-0.8,0.19
AMZN,2009-07-07,3.926500082015991,3.934499979019165,3.7704999446868896,3.7815001010894775,129830000.0,37.02045469758791,36.33521748107314,44.163799296976045,63.34316676575664,68.14972202658619,13.01,2.0,-0.71,0.17
AMZN,2009-07-08,3.822999954223633,3.8965001106262207,3.785000085830689,3.868000030517578,170814000.0,36.10593861882281,36.594456247745796,44.27134331841063,63.38639207588555,68.09959292191697,12.95,3.0,-0.62,0.12
AMZN,2009-07-09,3.912499904632568,3.927000045776367,3.8410000801086426,3.9049999713897705,127190000.0,35.88335189773994,36.366149254175404,44.23891434360128,63.19107013284007,67.83009856852101,12.89,3.0,-0.52,0.12
AMZN,2009-07-10,3.875999927520752,3.940999984741211,3.808500051498413,3.881500005722046,119522000.0,35.87298664473866,35.72756868258613,44.03788376776283,62.85600054040028,67.83315146032226,12.82,2.0,-0.43,0.15
AMZN,2009-07-13,3.9035000801086426,4.082499980926514,3.900500059127808,4.073500156402588,161004000.0,38.50003654744652,36.43231475648332,44.61931552672456,63.08356842011623,67.93266706897137,12.72,7.0,-0.33,0.03
AMZN,2009-07-14,4.073999881744385,4.120999813079834,4.020999908447266,4.097499847412109,90872000.0,33.86547224760524,36.39471325588378,44.598121698455365,63.083015107163234,67.84764016647395,12.62,7.0,-0.24,0.03
AMZN,2009-07-15,4.150000095367432,4.23199987411499,4.138999938964844,4.227499961853027,126780000.0,34.47546817389589,36.89207145617066,44.61199347012105,63.070518239193774,67.90781764684174,12.49,8.0,-0.14,0.03
AMZN,2009-07-16,4.2210001945495605,4.311999797821045,4.185999870300293,4.305500030517578,107238000.0,34.797580651290396,36.95016642100252,44.27951636962474,63.08626631922043,67.58291167675092,12.39,6.0,-0.08,0.05
AMZN,2009-07-17,4.289999961853027,4.324999809265137,4.260000228881836,4.292500019073486,101032000.0,34.805061028350416,36.95034001727107,43.30846121178284,61.46889725352125,67.58325577356655,12.32,1.0,0.03,0.17
AMZN,2009-07-20,4.313499927520752,4.443999767303467,4.313000202178955,4.411499977111816,121132000.0,35.04218497033686,37.18582866669637,43.177988665188145,61.52178747449257,67.49693663118425,12.25,1.0,0.12,0.16
AMZN,2009-07-21,4.426000118255615,4.450500011444092,4.369999885559082,4.450500011444092,154572000.0,34.866332496130795,36.013479105117504,42.99979471496164,61.5227329167334,67.49355711181528,12.17,1.0,0.19,0.18
AMZN,2009-07-22,4.432499885559082,4.46150016784668,4.388999938964844,4.439499855041504,106592000.0,34.810253242690926,35.84924116266885,42.6418060124774,61.52019392336084,67.48907492879006,12.08,1.0,0.29,0.29
AMZN,2009-07-23,4.492000102996826,4.71999979019165,4.479499816894531,4.69350004196167,383242000.0,38.21244320482712,37.48542525944601,42.76550156214663,61.746697683334816,67.61372723961799,11.96,2.0,0.4,0.22
AMZN,2009-07-24,4.380000114440918,4.445000171661377,4.275000095367432,4.32450008392334,384092000.0,45.298380219352254,40.67847754678704,44.875185178886596,62.33157109716794,67.23816591594863,11.84,18.0,0.38,0.55
AMZN,2009-07-27,4.311999797821045,4.32450008392334,4.177999973297119,4.211999893188477,225586000.0,45.621223578844386,41.0371514203934,44.51345004768659,60.78680933849384,67.28902996855088,11.7,13.0,0.48,0.63
AMZN,2009-07-28,4.191999912261963,4.2820000648498535,4.130000114440918,4.249000072479248,175498000.0,45.5693090350971,40.84820353146914,44.52092131031659,59.644643209600105,67.22450964479359,11.57,14.0,0.56,0.62
AMZN,2009-07-29,4.223499774932861,4.275000095367432,4.176000118255615,4.2170000076293945,130058000.0,45.468227614742155,40.84362063175001,43.78382709778522,59.48614540209799,67.16829326499698,11.43,6.0,0.41,0.73
AMZN,2009-07-30,4.2820000648498535,4.362500190734863,4.258500099182129,4.304500102996826,145064000.0,45.80391690896663,40.70619142990537,43.716460181168195,59.48186925803874,67.19876364964267,11.31,6.0,-0.19,0.74
AMZN,2009-07-31,4.288000106811523,4.337500095367432,4.230999946594238,4.288000106811523,117738000.0,45.63694191120689,40.71739144190853,41.842052194384664,59.20423177334708,67.15481885681773,11.21,1.0,-0.3,0.62
AMZN,2009-08-03,4.328000068664551,4.409999847412109,4.328000068664551,4.372000217437744,133260000.0,45.72573680509582,40.25338456381138,41.44917122695621,57.72924566486031,67.17635606072146,11.16,1.0,-0.32,0.71
AMZN,2009-08-04,4.374000072479248,4.374000072479248,4.246500015258789,4.289999961853027,123558000.0,43.80740565721441,40.29515788697205,41.536809756567536,57.11980700390361,67.20458466664952,11.1,2.0,-0.3,0.69
AMZN,2009-08-05,4.2820000648498535,4.287499904632568,4.151000022888184,4.214499950408936,145588000.0,43.76618306840071,40.462555095895894,41.58057650665577,56.43914417027261,67.08733351167614,11.02,3.0,-0.31,0.68
AMZN,2009-08-06,4.215499877929688,4.242000102996826,4.152500152587891,4.223499774932861,93860000.0,43.4490957638429,40.410774242955654,41.364688210646676,56.065877991893,67.0744343463446,10.94,1.0,-0.46,0.74
AMZN,2009-08-07,4.204999923706055,4.297999858856201,4.204999923706055,4.265999794006348,112560000.0,42.30524306964959,39.04758509662433,40.2177723086751,55.90416372343414,67.06441595071743,10.86,1.0,-0.45,0.84
AMZN,2009-08-10,4.250500202178955,4.273499965667725,4.16349983215332,4.2220001220703125,88812000.0,42.04041439846938,39.07642151813358,40.26103338589186,55.2269727924962,66.92170326885514,10.77,2.0,-0.42,0.82
AMZN,2009-08-11,4.182000160217285,4.21999979019165,4.122499942779541,4.177999973297119,100500000.0,42.04676289126409,38.88869260242279,40.205659390777434,55.159176832114596,66.31978117591679,10.66,1.0,-0.43,0.84
AMZN,2009-08-12,4.171000003814697,4.329999923706055,4.169000148773193,4.297999858856201,112388000.0,42.78586991559709,38.79357932884765,40.42102784481113,54.54199546694819,66.37427528836952,10.54,4.0,-0.51,0.77
AMZN,2009-08-13,4.285999774932861,4.31850004196167,4.203499794006348,4.230000019073486,114248000.0,42.39188230629551,38.66785973369325,38.677159731777934,52.977296210751724,66.39026061906023,10.41,1.0,-0.49,0.54
AMZN,2009-08-14,4.20550012588501,4.208499908447266,4.138999938964844,4.178999900817871,98494000.0,41.6643740783132,38.76689956947912,38.24358531301996,52.99459313506618,66.38296601855086,10.32,1.0,-0.45,0.64
AMZN,2009-08-17,4.058000087738037,4.089000225067139,4.012499809265137,4.052999973297119,137772000.0,42.431185489359216,38.912732433928596,38.56439121144341,52.963294457964786,66.42699778615768,10.21,2.0,-0.4,0.55
AMZN,2009-08-18,4.070499897003174,4.134500026702881,4.039500236511231,4.105999946594238,117688000.0,41.34855239783842,38.97236724086132,38.520544793647815,52.83384405996736,66.32695561517026,10.08,2.0,-0.34,0.56
AMZN,2009-08-19,4.045499801635742,4.150000095367432,4.024499893188477,4.150000095367432,103412000.0,40.9928676435559,38.36291541338017,37.86473122404852,52.39857108624665,66.29835550793749,9.94,1.0,-0.42,0.7
AMZN,2009-08-20,4.14900016784668,4.21750020980835,4.132999897003174,4.204500198364258,107500000.0,41.059196940996806,38.26469876021428,37.8653849169555,52.38456366377352,66.3032051246462,9.78,2.0,-0.48,0.7
AMZN,2009-08-21,4.238999843597412,4.252999782562256,4.177000045776367,4.25,122614000.0,41.045701134193976,38.29512051210682,37.66506340184175,51.30646480829372,66.29787746665222,9.62,1.0,-0.48,0.76
AMZN,2009-08-24,4.258500099182129,4.2795000076293945,4.211999893188477,4.224999904632568,94464000.0,38.796631799302396,38.32016150695631,37.68307809049817,51.07279677824255,66.25794211083979,9.49,2.0,-0.49,0.75
AMZN,2009-08-25,4.232999801635742,4.316999912261963,4.197500228881836,4.209499835968018,95820000.0,38.795745636624254,36.12024079394941,37.23284983458162,51.04163467767193,66.19659277188669,9.4,1.0,-0.46,0.86
AMZN,2009-08-26,4.204999923706055,4.23799991607666,4.169000148773193,4.199999809265137,72276000.0,37.71955124014148,35.826447532099145,37.05742110392205,50.54108304732855,66.18353546521027,9.29,1.0,-0.45,0.92
AMZN,2009-08-27,4.200500011444092,4.242499828338623,4.1570000648498535,4.215499877929688,79954000.0,37.33268416326342,35.7870600207015,37.05717395904072,50.536416572125034,66.18448364030091,9.17,1.0,-0.44,0.92
AMZN,2009-08-28,4.238999843597412,4.249499797821045,4.128499984741211,4.138000011444092,92414000.0,37.68626490303967,35.981792980433156,36.80791294175475,50.44344158656288,66.17909811569163,9.05,1.0,-0.38,0.99
AMZN,2009-08-31,4.096499919891357,4.097499847412109,4.017499923706055,4.059500217437744,105276000.0,37.02721767157581,35.823537046364166,36.82546985237215,50.36387672509818,66.13027252931005,8.96,2.0,-0.32,0.97
AMZN,2009-09-01,4.037000179290772,4.120999813079834,3.950000047683716,3.9579999446868896,124916000.0,37.41906915611453,36.072754395515474,36.61801106480949,50.007207869631046,66.1745436925372,8.88,1.0,-0.33,1.01
AMZN,2009-09-02,3.95199990272522,4.007500171661377,3.890000104904175,3.9070000648498535,130254000.0,37.50761657486165,36.09050666677731,36.6382849313865,49.68127904627227,66.18248347691922,8.81,2.0,-0.34,1.0
AMZN,2009-09-03,3.919500112533569,3.947999954223633,3.875499963760376,3.92300009727478,82804000.0,33.067106057831154,36.10140182379056,36.4746178298789,48.93923096894386,66.09366754025426,8.74,1.0,-0.32,1.07
AMZN,2009-09-04,3.9135000705718994,3.989000082015991,3.881500005722046,3.94350004196167,93430000.0,24.118167332014185,36.080916073226,36.091710219490594,48.930878932824875,66.07919411882348,8.67,1.0,-0.29,1.21
AMZN,2009-09-08,3.993000030517578,4.052000045776367,3.94350004196167,4.045000076293945,140752000.0,24.440275632842813,36.30273453868517,35.92775077145148,48.93004732756804,66.082387191705,8.6,1.0,-0.24,1.25
AMZN,2009-09-09,4.03000020980835,4.131499767303467,4.025000095367432,4.111999988555908,135524000.0,24.814529014480417,36.40652410925232,35.98357233623183,48.935195633181145,66.04918888389899,8.53,2.0,-0.19,1.23
AMZN,2009-09-10,4.116499900817871,4.203499794006348,4.114999771118164,4.192500114440918,140462000.0,25.425789129738263,36.532887077947365,36.09113661904427,48.78138067318731,66.00957200915879,8.46,3.0,-0.15,1.19
AMZN,2009-09-11,4.2220001220703125,4.244999885559082,4.188000202178955,4.227000236511231,120138000.0,24.795138706737934,36.549727500580175,36.03930894736146,48.71732982529509,65.92023011677729,8.43,3.0,-0.13,1.21
AMZN,2009-09-14,4.190499782562256,4.228499889373779,4.172999858856201,4.192999839782715,71440000.0,24.873423046636972,36.489982693059524,36.056651861037494,48.731655400541285,65.90700217146389,8.39,4.0,-0.11,1.2
AMZN,2009-09-15,4.208499908447266,4.2204999923706055,4.139500141143799,4.177499771118164,88936000.0,24.13771651866499,36.34460940810855,35.95845159994446,48.73535500879349,65.89607410146132,8.35,2.0,-0.1,1.24
AMZN,2009-09-16,4.295499801635742,4.548999786376953,4.295000076293945,4.534999847412109,262286000.0,33.68134745001797,38.747044257424065,37.52680185991386,49.273872317702825,66.37950833604604,8.28,16.0,-0.12,1.87
AMZN,2009-09-17,4.537499904632568,4.559500217437744,4.449999809265137,4.521999835968018,157454000.0,33.20124593819,38.515141622034285,37.435814810477495,49.19786990028096,65.67229776012134,8.21,16.0,-0.17,1.91
AMZN,2009-09-18,4.537000179290772,4.550000190734863,4.473499774932861,4.513999938964844,135390000.0,33.222707127391864,38.346318246821276,37.4069971624082,49.19432617694157,65.33654529310945,8.14,16.0,-0.24,1.92
AMZN,2009-09-21,4.484499931335449,4.538000106811523,4.423999786376953,4.527999877929688,84186000.0,33.142068790205684,37.68215859602128,37.02970093671529,48.75416748698089,65.09037105795296,8.08,13.0,-0.28,2.08
AMZN,2009-09-22,4.572999954223633,4.709499835968018,4.554999828338623,4.6875,165298000.0,34.2316341902503,38.09881873015348,37.38695087452448,48.8884278586999,64.70213742038585,8.02,17.0,-0.14,1.92
AMZN,2009-09-23,4.640999794006348,4.724999904632568,4.611000061035156,4.61899995803833,113706000.0,34.40376382042303,38.171313890017785,37.3252786272754,48.47313598949986,64.56965795363438,7.95,17.0,-0.15,1.95
AMZN,2009-09-24,4.599999904632568,4.635499954223633,4.53849983215332,4.605500221252441,101502000.0,33.61576430653777,38.16398095059964,37.30614684794759,48.400004456087665,64.51647151656304,7.89,17.0,-0.19,1.96
AMZN,2009-09-25,4.572000026702881,4.612500190734863,4.487500190734863,4.526000022888184,85136000.0,33.687485174683495,37.971307165799274,37.208978226025195,48.42884102657308,64.47804745112154,7.82,16.0,-0.28,2.02
AMZN,2009-09-28,4.552000045776367,4.640500068664551,4.53000020980835,4.610499858856201,70160000.0,33.72055824313345,37.59858630673566,37.31251194678027,48.31641388036353,64.46982608179243,7.74,19.0,-0.34,1.96
AMZN,2009-09-29,4.5980000495910645,4.616499900817871,4.505000114440918,4.585999965667725,87878000.0,32.27773454992852,37.44796312811111,36.90927196270549,47.610534629490076,63.50608049766131,7.67,13.0,-0.39,2.12
AMZN,2009-09-30,4.61299991607666,4.708499908447266,4.571499824523926,4.668000221252441,170784000.0,32.41955258870624,36.857459129809136,36.87990890518261,47.6190872568979,62.02090616117094,7.59,13.0,-0.38,2.12
AMZN,2009-10-01,4.625,4.644999980926514,4.518499851226807,4.552000045776367,132902000.0,33.45272499867904,37.09949754857063,37.11111411998854,47.15715013259037,61.90716039295299,7.52,18.0,-0.42,2.02
AMZN,2009-10-02,4.502500057220459,4.557000160217285,4.479000091552734,4.492499828338623,100788000.0,33.636033136400656,37.21272447931757,37.14901144896454,46.73155939864792,61.83244156604475,7.46,19.0,-0.44,2.0
AMZN,2009-10-05,4.512499809265137,4.546500205993652,4.41349983215332,4.433499813079834,140570000.0,33.82367980027954,37.31075032262917,36.331700877808885,46.77143065316373,61.84573682097305,7.39,8.0,-0.45,2.21
AMZN,2009-10-06,4.46649980545044,4.553999900817871,4.420000076293945,4.545499801635742,139274000.0,34.42081776110179,36.375032377270635,36.479902392495795,46.177845500873985,61.82787514947998,7.32,10.0,-0.48,2.13
AMZN,2009-10-07,4.574999809265137,4.723999977111816,4.557499885559082,4.698500156402588,148902000.0,35.487430059420895,36.92833836645946,36.636931393934574,46.08013861532003,60.91667303290876,7.23,12.0,-0.53,2.05
AMZN,2009-10-08,4.739999771118164,4.835999965667725,4.71150016784668,4.761000156402588,193486000.0,35.54635003365326,36.507165303753546,36.383314484242035,46.058000215205105,60.795326994162394,7.14,9.0,-0.47,2.17
AMZN,2009-10-09,4.75,4.797500133514404,4.7129998207092285,4.7855000495910645,93880000.0,35.54707610351554,36.35552055944664,36.20405701278963,46.04259719015037,60.15633429594044,7.05,8.0,-0.41,2.27
AMZN,2009-10-12,4.808499813079834,4.8125,4.653500080108643,4.679999828338623,111828000.0,35.77099075561891,36.67689205618976,36.40983250900633,46.06025888981999,60.20538559467445,6.95,11.0,-0.45,2.18
AMZN,2009-10-13,4.691500186920166,4.762499809265137,4.684000015258789,4.741499900817871,94400000.0,35.16430238181243,36.36136223448062,36.174818757255515,45.95477812773524,59.44585948437273,6.84,8.0,-0.46,2.27
AMZN,2009-10-14,4.810999870300293,4.890999794006348,4.801000118255615,4.873000144958496,111136000.0,34.5024141721085,36.72401308644599,36.3784607242146,45.85090038864337,58.53460294438674,6.73,11.0,-0.37,2.16
AMZN,2009-10-15,4.756499767303467,4.853000164031982,4.754000186920166,4.80049991607666,124842000.0,34.608506612545916,36.87130388850381,36.09068808863899,45.88623047463528,56.87520837199407,6.61,6.0,-0.39,2.3
AMZN,2009-10-16,4.764999866485596,4.806000232696533,4.680500030517578,4.765999794006348,140768000.0,34.841492550511276,35.12386296183709,35.998095955518025,41.830348656251886,56.808943166999484,6.48,4.0,-0.43,2.35
AMZN,2009-10-19,4.767499923706055,4.814000129699707,4.712500095367432,4.734000205993652,120348000.0,35.05100654603628,30.718001275780143,36.01636329818743,41.62271672700534,56.81460956861787,6.36,5.0,-0.48,2.34
AMZN,2009-10-20,4.795499801635742,4.804999828338623,4.713500022888184,4.749000072479248,155552000.0,34.575115933266154,30.164943017639818,36.01483868623428,41.39320685671813,56.65569570712526,6.23,5.0,-0.53,2.34
AMZN,2009-10-21,4.763500213623047,4.831500053405762,4.645500183105469,4.671000003814697,155224000.0,34.97615290202951,30.368379540171773,34.78254125773911,41.14000186832475,56.414048139214245,6.1,1.0,-0.6,2.55
AMZN,2009-10-22,4.683000087738037,4.704999923706055,4.585000038146973,4.672500133514404,330370000.0,34.694426431984496,30.30998672076852,34.61605241361588,40.966583150517884,56.40976733810653,5.97,1.0,-0.68,2.65
AMZN,2009-10-23,5.552499771118164,5.982500076293945,5.531000137329102,5.924499988555908,1166116000.0,76.15266011153851,56.945241368197365,51.053745903384915,49.18987345348286,61.10516204170098,5.86,86.0,6.09,26.87
AMZN,2009-10-26,5.9604997634887695,6.283999919891357,5.924499988555908,6.23199987411499,645424000.0,76.75495462223965,57.65954606093617,51.59661146703057,49.50836354413731,61.20821255842072,5.76,87.0,9.35,25.43
AMZN,2009-10-27,6.146500110626221,6.2129998207092285,5.9710001945495605,6.103499889373779,406084000.0,77.24202831008155,57.856318658343085,51.64424582197766,49.1478287813844,61.250774735372374,5.69,88.0,8.44,25.53
AMZN,2009-10-28,6.078499794006348,6.25600004196167,6.038000106811523,6.081999778747559,337754000.0,74.48747168696407,57.66356740467998,51.58326813582177,49.1319845329925,60.07986050041223,5.62,87.0,7.25,25.62
AMZN,2009-10-29,6.195000171661377,6.215000152587891,6.00600004196167,6.129000186920166,256436000.0,74.39437428502485,57.454695241582385,51.58190226187712,49.12106349104974,60.06963852479089,5.57,87.0,6.22,25.63
AMZN,2009-10-30,6.098499774932861,6.144999980926514,5.9105000495910645,5.940499782562256,266244000.0,75.28904881466038,57.961434698041444,51.85566881699939,49.263971317751384,60.1643033779569,5.54,91.0,5.19,25.16
AMZN,2009-11-02,5.933000087738037,5.974999904632568,5.8354997634887695,5.941999912261963,225600000.0,75.31344043370544,57.9648269646473,51.811975446972134,49.14499904659577,60.16149349051728,5.5,91.0,4.34,25.2
AMZN,2009-11-03,5.883500099182129,5.943999767303467,5.831500053405762,5.918499946594238,189570000.0,75.00510135920294,57.904663230301644,51.7026826907036,49.14543168862417,60.09545826572005,5.49,91.0,3.62,25.37
AMZN,2009-11-04,5.949999809265137,5.962500095367432,5.8379998207092285,5.855000019073486,152350000.0,74.91118491031636,57.90838935436216,51.702858928215235,49.16058640243442,59.94867639249931,5.48,92.0,3.02,25.37
AMZN,2009-11-05,5.873000144958496,6.047500133514404,5.8125,6.0304999351501465,181736000.0,75.09390788575736,57.929288953570854,51.80420478900568,49.15429492841891,58.78299634832306,5.47,93.0,2.52,24.96
AMZN,2009-11-06,6.150000095367432,6.348999977111816,6.133500099182129,6.309999942779541,264520000.0,75.37752538906553,58.312980887666946,52.219956314404726,49.19473656442672,58.07895991173088,5.47,98.0,2.19,23.94
AMZN,2009-11-09,6.355500221252441,6.415999889373779,6.2795000076293945,6.333499908447266,172484000.0,75.37280036965764,58.185111538509815,52.14872181039832,48.72243649126912,57.957593743312586,5.47,97.0,1.88,24.01
AMZN,2009-11-10,6.340000152587891,6.5304999351501465,6.300000190734863,6.507500171661377,210586000.0,75.36392920729494,57.795426559086096,52.238265990265816,48.642966265470186,57.97256695288326,5.48,98.0,1.66,23.78
AMZN,2009-11-11,6.553999900817871,6.565499782562256,6.416500091552734,6.495500087738037,148684000.0,75.44061147636197,57.819489083372865,51.59250683057668,48.551825096514314,57.76208834579029,5.46,89.0,1.42,24.88
AMZN,2009-11-12,6.499000072479248,6.607500076293945,6.499000072479248,6.526500225067139,144202000.0,74.68843152850047,57.81898832216971,51.45237774043645,48.37841065336914,56.6550688770079,5.44,87.0,1.2,25.07
AMZN,2009-11-13,6.558000087738037,6.649499893188477,6.487500190734863,6.648499965667725,147536000.0,74.32427211610711,57.85210151729694,51.44013374334675,48.06917561001163,56.191541505980815,5.52,86.0,1.02,25.1
AMZN,2009-11-16,6.605999946594238,6.728000164031982,6.548999786376953,6.579500198364258,180366000.0,74.24295092097205,57.96614927095819,51.25499005180826,48.088994108124616,55.667586420814516,5.59,85.0,0.79,25.72
AMZN,2009-11-17,6.570000171661377,6.59250020980835,6.466000080108643,6.5625,154960000.0,74.29190415756123,57.93793823097002,51.207019082964464,47.79669208699238,55.39636994468018,5.66,84.0,0.57,25.94
AMZN,2009-11-18,6.545000076293945,6.570499897003174,6.476500034332275,6.564499855041504,104270000.0,74.09941284250337,57.91135560850429,51.15761594120022,47.79558427542983,55.27528602810672,5.73,83.0,0.36,26.0
AMZN,2009-11-19,6.526999950408936,6.526999950408936,6.423999786376953,6.44950008392334,119964000.0,74.56387376019056,58.10706198263169,51.276916368342086,47.454093131991016,54.80890782113123,5.8,85.0,0.16,25.85
AMZN,2009-11-20,6.388000011444092,6.499499797821045,6.370500087738037,6.482999801635742,133052000.0,74.56359644224638,58.10405905320627,51.06187145879368,47.37007312632532,54.73706789067233,5.87,81.0,-0.02,26.19
AMZN,2009-11-23,6.552499771118164,6.650000095367432,6.550000190734863,6.650000095367432,137562000.0,74.04202319676625,57.97129080793214,50.89130502912893,46.50974772839347,54.28625071056019,5.93,79.0,-0.17,26.31
AMZN,2009-11-24,6.678500175476074,6.71649980545044,6.611000061035156,6.646999835968018,146394000.0,74.12414341625896,57.72461393281473,50.791701841601125,46.289165238558944,53.14584685923499,6.0,78.0,-0.3,26.47
AMZN,2009-11-25,6.665500164031982,6.710000038146973,6.619999885559082,6.701499938964844,101424000.0,73.97054273123452,57.29996967945624,50.436872922118816,46.27249062341197,53.13375205853311,6.05,77.0,-0.42,27.09
AMZN,2009-11-27,6.514999866485596,6.650000095367432,6.49399995803833,6.586999893188477,88452000.0,74.04086938269525,57.375706879380274,50.493779758769996,46.29276750605239,53.051458641584816,6.11,77.0,-0.55,27.15
AMZN,2009-11-30,6.609499931335449,6.803999900817871,6.607999801635742,6.795499801635742,202390000.0,74.07641507591953,57.55066758001075,50.65618528328587,46.28663235302709,53.01229116590025,6.17,77.0,-0.65,26.67
AMZN,2009-12-01,6.8470001220703125,6.96750020980835,6.787499904632568,6.925000190734863,193152000.0,73.89043976981861,57.57879580635002,50.6656499410397,45.78191946665176,52.707651068982365,6.23,77.0,-0.72,26.52
AMZN,2009-12-02,6.957499980926514,7.133500099182129,6.947999954223633,7.112500190734863,235960000.0,73.94216634642639,57.59490322224627,50.319750845008585,45.85875424193907,52.737524819689106,6.27,73.0,-0.76,27.42
AMZN,2009-12-03,7.181000232696533,7.295499801635742,7.03849983215332,7.058499813079834,330470000.0,73.67162949428769,57.68049008651742,50.36328391290802,45.81674400328756,52.00298459115152,6.32,73.0,-0.83,27.38
AMZN,2009-12-04,7.171000003814697,7.172500133514404,6.755499839782715,6.879000186920166,296548000.0,74.4685586522788,58.074129769198215,50.43283822479165,45.945803288071396,51.92643832413931,6.37,73.0,-0.92,27.5
AMZN,2009-12-07,6.900000095367432,6.949999809265137,6.691999912261963,6.7104997634887695,156740000.0,33.0138074607729,58.46786865481405,50.604587269890764,45.22837764532925,51.98411602244932,6.42,75.0,-1.01,27.31
AMZN,2009-12-08,6.715000152587891,6.803999900817871,6.643499851226807,6.70550012588501,160056000.0,29.948021405340157,58.402632308978056,50.59732705918192,44.97327201636491,51.64557695666164,6.48,74.0,-1.1,27.31
AMZN,2009-12-09,6.730000019073486,6.735499858856201,6.491000175476074,6.565499782562256,252658000.0,29.96598050401129,58.65756097760363,50.624016217189784,45.054094456054216,51.70105096041419,6.53,75.0,-1.18,27.49
AMZN,2009-12-10,6.620500087738037,6.809500217437744,6.619999885559082,6.769000053405762,226872000.0,30.98533811907454,56.77885156054822,50.793889886138686,45.137422841619795,51.65408258455496,6.58,78.0,-1.25,26.99
AMZN,2009-12-11,6.803500175476074,6.814499855041504,6.659999847412109,6.707499980926514,160934000.0,31.173573199245798,56.83822506998134,50.82708621544762,44.80993791282313,51.560901267304985,6.63,78.0,-1.32,26.94
AMZN,2009-12-14,6.625,6.630499839782715,6.46750020980835,6.568999767303467,200458000.0,30.316532871745455,57.09205377945526,50.30172224345561,44.88883204286592,51.310035369116335,6.67,65.0,-1.39,28.53
AMZN,2009-12-15,6.538000106811523,6.623000144958496,6.479499816894531,6.511499881744385,148576000.0,30.509597746027566,57.172056445085374,48.453043588017266,44.81883884469385,51.062727307457756,6.7,64.0,-1.44,32.55
AMZN,2009-12-16,6.546500205993652,6.572500228881836,6.382500171661377,6.418000221252441,205226000.0,30.869023091962767,57.00930726715047,48.29929467608917,44.86663330807033,50.600086464019626,6.72,63.0,-1.49,32.92
AMZN,2009-12-17,6.4679999351501465,6.504000186920166,6.34499979019165,6.3454999923706055,169530000.0,30.891243309018655,56.963200166745494,48.356677728459736,44.70687527965502,50.617251973844745,6.74,63.0,-1.53,32.88
AMZN,2009-12-18,6.395500183105469,6.439499855041504,6.28249979019165,6.423999786376953,192108000.0,29.979704130856515,56.954803783121534,48.338465665117575,44.6523059854295,50.56573164668453,6.76,62.0,-1.57,32.81
AMZN,2009-12-21,6.52400016784668,6.659999847412109,6.509500026702881,6.639500141143799,189472000.0,28.619793360774548,57.023749356416964,48.485821848610335,44.79106569927081,50.63242935671752,6.78,64.0,-1.6,32.31
AMZN,2009-12-22,6.688000202178955,6.799499988555908,6.632500171661377,6.6875,165150000.0,28.658988770574727,56.968243477574255,48.47012103052046,44.596595751009126,50.49196757951025,6.8,63.0,-1.64,32.29
AMZN,2009-12-23,6.739999771118164,6.952499866485596,6.71750020980835,6.947000026702881,190922000.0,29.658806318124114,57.286573329746396,48.70678791049245,44.747275992661734,50.56537853047681,6.83,64.0,-1.66,31.51
AMZN,2009-12-24,6.960000038146973,6.985000133514404,6.876999855041504,6.923500061035156,102576000.0,29.68035857168824,57.27994197961345,48.577688055851745,44.58832661048972,50.56978747724611,6.85,63.0,-1.68,31.78
AMZN,2009-12-28,6.987500190734863,7.098999977111816,6.926499843597412,6.965499877929688,175278000.0,29.69262245762212,56.897252348704576,48.44330090993834,44.5606134412735,50.5695313359224,6.86,59.0,-1.69,32.02
AMZN,2009-12-29,7.064499855041504,7.129000186920166,6.927499771118164,6.9704999923706055,168012000.0,29.286282993667122,56.75724281666397,48.445972582997,44.460788926281275,50.31099226983524,6.88,59.0,-1.71,32.02
AMZN,2009-12-30,6.920000076293945,6.920000076293945,6.763999938964844,6.82450008392334,138264000.0,29.82906113479738,56.90328565400803,48.61657813165725,44.346237418525355,50.32088446275598,6.89,63.0,-1.72,31.72
AMZN,2009-12-31,6.854499816894531,6.863999843597412,6.72599983215332,6.72599983215332,90460000.0,30.160834698138594,56.952312047634436,48.65397349027585,44.25122075315765,50.350723858676474,6.91,63.0,-1.73,31.64
AMZN,2010-01-04,6.8125,6.83050012588501,6.6570000648498535,6.695000171661377,151998000.0,30.201888712100317,56.7247632919908,48.61647299395124,44.252162906402255,50.059286386243684,6.92,61.0,-1.74,31.71
AMZN,2010-01-05,6.671500205993652,6.77400016784668,6.590499877929688,6.734499931335449,177038000.0,29.72750535402942,56.70429108670304,48.4694610760299,44.23998748304129,50.05144216521451,6.93,57.0,-1.74,32.27
AMZN,2010-01-06,6.730000019073486,6.736499786376953,6.582499980926514,6.612500190734863,143576000.0,30.244302200047603,56.91833401659031,48.49592207512696,44.288940316816,49.786083150923446,6.93,59.0,-1.74,32.21
AMZN,2010-01-07,6.600500106811523,6.616000175476074,6.440000057220459,6.5,220604000.0,29.727427116222632,56.82134937482891,48.54628529104519,44.350884562282936,49.77149319082515,6.92,59.0,-1.74,32.09
AMZN,2010-01-08,6.527999877929688,6.684000015258789,6.451499938964844,6.676000118255615,196610000.0,30.776304127356894,56.96797983155438,48.34588093475701,44.406715806830995,49.80793441012478,6.92,50.0,-1.73,32.31
AMZN,2010-01-11,6.63100004196167,6.639999866485596,6.4604997634887695,6.515500068664551,175588000.0,31.473900093760086,57.113569062716394,48.55132019506422,44.21378345263149,49.77776565587772,6.91,59.0,-1.72,31.95
AMZN,2010-01-12,6.44950008392334,6.491000175476074,6.327499866485596,6.367499828338623,181926000.0,31.77488861070994,57.255306174650464,48.73803398445898,44.26240386613155,49.34760735690833,6.9,64.0,-1.7,31.63
AMZN,2010-01-13,6.394999980926514,6.485499858856201,6.287499904632568,6.45550012588501,214464000.0,30.615748387658176,57.22990023183174,48.741259403379644,44.26297606568001,49.34161928733619,6.88,64.0,-1.69,31.61
AMZN,2010-01-14,6.456999778747559,6.519000053405762,6.320000171661377,6.367499828338623,195498000.0,30.16545815800607,57.30928352723891,48.813418085074375,44.11297403936663,48.96751659613914,6.87,64.0,-1.66,31.56
AMZN,2010-01-15,6.459000110626221,6.482500076293945,6.353000164031982,6.35699987411499,307530000.0,28.845240154312396,57.32414877547433,48.79604405518712,44.10898800610262,48.65543162975482,6.85,63.0,-1.63,31.58
AMZN,2010-01-19,6.315499782562256,6.400000095367432,6.21649980545044,6.380499839782715,177852000.0,28.89933548081252,57.15090005694881,48.78023135037633,44.030694891542744,48.65538482652694,6.82,62.0,-1.6,31.58
AMZN,2010-01-20,6.356500148773193,6.460000038146973,6.254000186920166,6.289000034332275,181494000.0,28.317682743038418,57.284669499050246,48.85932889546763,44.067861008943275,48.22854514379964,6.79,64.0,-1.57,31.43
AMZN,2010-01-21,6.36299991607666,6.40749979019165,6.25,6.330999851226807,199412000.0,27.67256975593123,30.59249485999697,48.86105992538292,43.97950489657711,48.073115440994144,6.76,64.0,-1.53,31.41
AMZN,2010-01-22,6.28000020980835,6.383500099182129,6.038000106811523,6.071499824523926,231378000.0,29.98626093941817,30.066668694616244,49.273839223113654,44.29020964955697,48.26315102386038,6.73,64.0,-1.48,30.45
AMZN,2010-01-25,6.105000019073486,6.113999843597412,5.906000137329102,6.015500068664551,240478000.0,29.569490979671777,29.823906450737663,49.181346637397404,44.10651762535689,48.26913929345655,6.69,63.0,-1.44,30.64
AMZN,2010-01-26,6.027999877929688,6.14900016784668,5.953000068664551,5.973999977111816,191180000.0,27.830038425073695,29.847983271855977,48.98912821095633,44.06098118281957,48.223338869166646,6.65,62.0,-1.41,31.06
AMZN,2010-01-27,6.051499843597412,6.166500091552734,5.940000057220459,6.137499809265137,295306000.0,29.206009214519828,30.32716275697065,49.04515440248748,44.151617723483646,48.19961005263823,6.6,62.0,-1.38,30.67
AMZN,2010-01-28,6.221499919891357,6.360000133514404,6.139999866485596,6.301499843597412,545862000.0,29.89025456848949,30.087907980165596,49.167599171979425,44.22162924667548,48.12415203941163,6.55,62.0,-1.35,30.21
AMZN,2010-01-29,6.488500118255615,6.59250020980835,6.206999778747559,6.270500183105469,589426000.0,29.828015925484674,30.112033003604456,49.19147874315109,43.79910417891118,48.11961475088975,6.49,63.0,-1.33,30.2
AMZN,2010-02-01,6.158999919891357,6.243000030517578,5.690999984741211,5.94350004196167,755488000.0,33.283977790872456,32.10341651296261,49.93431824834284,44.290816417338256,45.752426433551854,6.44,64.0,-1.29,28.81
AMZN,2010-02-02,5.939499855041504,5.948999881744385,5.71999979019165,5.906000137329102,461594000.0,33.20021750780466,32.05198259418732,49.91906196828531,44.22007240616968,45.61782900770993,6.37,63.0,-1.25,28.98
AMZN,2010-02-03,5.855999946594238,5.980500221252441,5.828000068664551,5.954999923706055,248118000.0,33.06549085905215,31.51079870943953,49.860822649881044,44.09241465828916,45.47398284990473,6.31,62.0,-1.21,29.19
AMZN,2010-02-04,5.932000160217285,6.016499996185303,5.787000179290772,5.796999931335449,255680000.0,32.01355448771675,30.514576706814626,50.08745760137086,44.147314815160584,45.364098040120524,6.24,64.0,-1.16,28.81
AMZN,2010-02-05,5.794000148773193,5.882500171661377,5.704999923706055,5.869500160217285,220496000.0,32.21507449124012,30.62915182373649,50.07615395246475,44.16371066859438,45.26418958998571,6.17,63.0,-1.12,28.72
AMZN,2010-02-08,5.968999862670898,6.050000190734863,5.828000068664551,5.84149980545044,197804000.0,29.599840731587296,30.059450898198953,50.08032030425946,44.04260671592819,44.9959706398431,6.09,63.0,-1.08,28.72
AMZN,2010-02-09,5.909999847412109,5.954500198364258,5.849999904632568,5.901500225067139,184460000.0,29.955865810916393,30.16017810226201,48.477080719572676,44.04522310180209,45.00305465563264,6.03,36.0,-1.01,33.11
AMZN,2010-02-10,5.900000095367432,5.930500030517578,5.800000190734863,5.868000030517578,124664000.0,29.76120349871604,30.142115064156243,48.487306145628146,43.87746434710109,44.675721922303,5.96,37.0,-0.93,33.09
AMZN,2010-02-11,5.860499858856201,6.020999908447266,5.824999809265137,6.004499912261963,166870000.0,30.859747630434892,30.284408436479314,48.58968733200346,43.888249451593644,44.701591204778694,5.89,41.0,-0.84,32.65
AMZN,2010-02-12,5.94950008392334,5.997000217437744,5.875,5.982999801635742,161470000.0,30.476281406677685,30.232531292289742,48.60041812000168,43.89055348080366,44.697497567196244,5.81,41.0,-0.75,32.65
AMZN,2010-02-16,6.002999782562256,6.025000095367432,5.859000205993652,5.876500129699707,178654000.0,30.591263890595975,30.417921918049522,48.44027356490218,43.95594264802325,44.72398054845005,5.74,27.0,-0.65,33.44
AMZN,2010-02-17,5.853499889373779,5.856500148773193,5.777500152587891,5.815499782562256,178896000.0,30.63961620847894,30.465165116943098,48.406789956178955,43.385565358763934,44.65502722395353,5.65,26.0,-0.55,33.51
AMZN,2010-02-18,5.791999816894531,5.92549991607666,5.741000175476074,5.90399980545044,196002000.0,31.03027136277492,30.48633433897144,48.44180596435886,43.34563436291569,44.664801133020596,5.57,27.0,-0.44,33.3
AMZN,2010-02-19,5.895500183105469,5.954500198364258,5.849999904632568,5.875999927520752,142312000.0,30.75033440235534,30.4617010560365,48.351053976142126,43.34464013619997,44.66172585013384,5.48,23.0,-0.33,33.49
AMZN,2010-02-22,5.868500232696533,5.948500156402588,5.809000015258789,5.9004998207092285,136146000.0,30.573987929415946,29.962081995240947,48.28465967295335,43.34341329933428,44.57460844964461,5.39,19.0,-0.2,33.78
AMZN,2010-02-23,5.9004998207092285,5.962500095367432,5.825500011444092,5.861999988555908,141364000.0,29.23380768788264,29.974720789829384,48.29005231539689,43.276752619532225,44.43157116932417,5.28,19.0,-0.07,33.77
AMZN,2010-02-24,5.8979997634887695,5.989999771118164,5.857500076293945,5.986000061035156,147798000.0,29.485498480829715,30.274070464170155,48.31856620382659,43.29763109553325,44.079900624472174,5.17,20.0,0.08,33.66
AMZN,2010-02-25,5.9085001945495605,5.916999816894531,5.792500019073486,5.909999847412109,190668000.0,29.024338664603533,30.19122324939306,48.177939963891276,43.3249950749782,43.992007979395694,5.06,16.0,0.22,34.01
AMZN,2010-02-26,5.894000053405762,5.971499919891357,5.849999904632568,5.920000076293945,114432000.0,28.647374752947748,29.410631225039996,48.11185316574884,43.316191450596186,43.924998557546544,4.95,15.0,0.35,34.12
AMZN,2010-03-01,5.934999942779541,6.232999801635742,5.876500129699707,6.227000236511231,265930000.0,32.35274040900148,31.055569511518016,48.63509636526058,43.67452929618401,44.040100056219,4.81,43.0,0.47,32.23
AMZN,2010-03-02,6.250500202178955,6.367499828338623,6.239999771118164,6.276500225067139,241950000.0,32.44814968861705,30.553990682987585,48.51800049278893,43.6079503537166,43.792055927919215,4.67,35.0,0.63,32.67
AMZN,2010-03-03,6.269999980926514,6.3470001220703125,6.221499919891357,6.29449987411499,128808000.0,32.439928039035124,30.548388854617446,48.28086999161506,43.58061008409293,43.785600872702936,4.52,14.0,0.84,33.55
AMZN,2010-03-04,6.298999786376953,6.442500114440918,6.278500080108643,6.426499843597412,150194000.0,32.72347111047027,30.48452241515821,48.336574437962064,43.599408108390676,43.57530215258251,4.36,18.0,1.08,33.34
AMZN,2010-03-05,6.456500053405762,6.472499847412109,6.353499889373779,6.445499897003174,135386000.0,32.682677233247055,30.09234618703457,48.33536449969909,43.597363674435805,43.57402183880222,4.18,17.0,1.35,33.35
AMZN,2010-03-08,6.414999961853027,6.542500019073486,6.385499954223633,6.505499839782715,112118000.0,30.17499187514325,30.161158665099403,48.17473708185397,43.5668006436794,43.27137190113825,4.0,10.0,1.6,33.64
AMZN,2010-03-09,6.479499816894531,6.540500164031982,6.398499965667725,6.440999984741211,121416000.0,30.198910879843595,29.921782901448392,48.19459224516635,43.56025773148147,43.2314113787176,3.8,11.0,1.89,33.72
AMZN,2010-03-10,6.45550012588501,6.558499813079834,6.423999786376953,6.5254998207092285,112514000.0,30.224438806527104,29.361150985572852,48.064279623397624,43.1781805498029,42.495653468605106,3.6,7.0,2.25,34.21
AMZN,2010-03-11,6.522500038146973,6.681000232696533,6.51800012588501,6.678999900817871,144816000.0,29.98364627084146,29.707768829636162,48.08491611604292,43.16937297877924,42.361269730768626,3.36,7.0,2.57,33.91
AMZN,2010-03-12,6.710000038146973,6.710000038146973,6.559000015258789,6.591000080108643,123016000.0,29.474417556515398,29.520771512977024,48.12816841626771,43.163022412584255,42.37263610980407,3.1,8.0,2.88,33.81
AMZN,2010-03-15,6.585000038146973,6.599999904632568,6.43149995803833,6.55649995803833,126584000.0,29.48056092267773,29.48432061503784,48.12089163495255,42.98904568999147,42.34836201221259,2.81,7.0,3.06,33.83
AMZN,2010-03-16,6.561999797821045,6.614500045776367,6.525000095367432,6.589499950408936,82650000.0,24.432775187091313,29.342899738366246,48.1217029069548,42.93883429586344,42.26277492894636,2.47,7.0,3.04,33.81
AMZN,2010-03-17,6.620500087738037,6.634500026702881,6.560999870300293,6.566999912261963,87176000.0,24.346100630341617,29.251492969283156,48.02894649166466,42.91813233064268,41.827861562257446,2.0,2.0,2.06,34.01
AMZN,2010-03-18,6.551000118255615,6.642499923706055,6.521999835968018,6.638000011444092,100426000.0,24.398773684146185,29.226802622353105,48.04043650610124,42.92504781976752,41.83436783711596,1.33,2.0,-1.03,33.91
AMZN,2010-03-19,6.685500144958496,6.685500144958496,6.482999801635742,6.517499923706055,178100000.0,23.580175366194624,28.680293289850244,30.18079437000584,42.872516804086416,41.844078858753804,2.35,1.0,-0.99,0.33
AMZN,2010-03-22,6.510000228881836,6.547999858856201,6.432000160217285,6.523499965667725,107668000.0,23.454242891394866,28.638873693575572,29.112042148766864,42.71472536003569,41.841972650061216,3.09,1.0,-0.99,0.31
AMZN,2010-03-23,6.54449987411499,6.546999931335449,6.403500080108643,6.4629998207092285,84262000.0,23.629950339796906,27.544813057731865,28.954608554639687,42.683758743761985,41.17865841507795,3.68,1.0,-0.96,0.36
AMZN,2010-03-24,6.432000160217285,6.46999979019165,6.360000133514404,6.401999950408936,93928000.0,23.822893156715406,27.59373700512488,28.991481040919027,42.50651702214117,41.00445958488397,4.17,2.0,-0.93,0.35
AMZN,2010-03-25,6.456999778747559,6.8454999923706055,6.401999950408936,6.736499786376953,324192000.0,27.461308281165785,29.56706063980909,30.056928872755222,42.822018617193855,41.28456427403613,4.56,4.0,-0.93,0.38
AMZN,2010-03-26,6.744999885559082,6.849500179290772,6.688000202178955,6.752999782562256,131314000.0,26.905424601560135,29.57236626504059,29.611186120927872,42.81522573216283,41.25636385104188,4.92,4.0,-0.9,0.47
AMZN,2010-03-29,6.768499851226807,6.831500053405762,6.71649980545044,6.75600004196167,92538000.0,26.833007649745007,29.25812550455978,29.61103212093809,42.802744021539525,40.993359568877935,5.25,4.0,-0.87,0.47
AMZN,2010-03-30,6.787000179290772,6.9095001220703125,6.76800012588501,6.828999996185303,123854000.0,26.065692195299643,29.186492967137294,29.636751966030833,42.47384671795961,40.98832739477201,5.54,6.0,-0.83,0.45
AMZN,2010-03-31,6.800000190734863,6.840000152587891,6.723999977111816,6.78849983215332,92012000.0,25.866406689763927,29.197236120942744,29.595900913045366,42.48510959588604,40.91982804146618,5.82,4.0,-0.79,0.47
AMZN,2010-04-01,6.789999961853027,6.825500011444092,6.559000015258789,6.590499877929688,175716000.0,27.562002783150202,29.80317655592179,29.657737920214487,42.52176727971976,41.044793679640705,6.07,8.0,-0.73,0.5
AMZN,2010-04-05,6.642499923706055,6.686999797821045,6.539000034332275,6.57450008392334,116330000.0,27.508500734926884,29.572206040693498,28.793427862186068,42.483918341950215,40.89152614783558,6.33,1.0,-0.72,0.59
AMZN,2010-04-06,6.561500072479248,6.800000190734863,6.559000015258789,6.777999877929688,159006000.0,28.580174232419136,30.006725343506258,29.18255195232497,42.609038494638064,40.93306926519593,6.56,5.0,-0.73,0.46
AMZN,2010-04-07,6.797999858856201,6.803999900817871,6.692999839782715,6.743500232696533,118908000.0,28.534192002154235,29.533116977383145,28.8865864821834,42.51594704682909,40.93710601788864,6.78,2.0,-0.75,0.57
AMZN,2010-04-08,6.735499858856201,7.0625,6.735499858856201,7.047999858856201,253782000.0,30.417117103641107,30.42861301340407,29.70899877736016,42.796375876241285,41.00456294033111,6.97,12.0,-0.76,0.47
AMZN,2010-04-09,7.035999774932861,7.066500186920166,6.953499794006348,7.002999782562256,120222000.0,30.140207135327096,30.05086188262006,29.724135731251835,42.80540398931686,40.97932608784706,7.14,13.0,-0.78,0.47
AMZN,2010-04-12,7.0,7.145500183105469,6.984000205993652,7.059999942779541,108906000.0,30.1242063966366,29.97587532129835,29.61100997993081,42.34219331707923,40.847529473888954,7.32,8.0,-0.8,0.52
AMZN,2010-04-13,7.061500072479248,7.098999977111816,6.955999851226807,7.007999897003174,95710000.0,27.193608257723607,29.866455981303886,29.586101207707117,41.15883773471997,40.839087781919766,7.48,7.0,-0.82,0.53
AMZN,2010-04-14,7.017000198364258,7.224999904632568,6.960000038146973,7.214000225067139,158006000.0,28.12978760922782,30.37914326174577,29.920974480664754,41.12988058072429,40.852770703158974,7.62,16.0,-0.79,0.41
AMZN,2010-04-15,7.227499961853027,7.354499816894531,7.199999809265137,7.290999889373779,156592000.0,28.176950939311535,30.427684142360583,29.96010116214059,41.13416279382571,40.70463125471983,7.76,17.0,-0.74,0.38
AMZN,2010-04-16,7.24399995803833,7.358500003814697,7.072500228881836,7.108500003814697,167936000.0,29.076560437670846,30.763052361084426,30.106623881806087,41.2521415889335,40.68281109160792,7.88,19.0,-0.77,0.35
AMZN,2010-04-19,7.117499828338623,7.183499813079834,6.956500053405762,7.121500015258789,120440000.0,29.079766609489806,30.748027899960206,30.099399001268907,41.198898797061126,40.67515247669443,8.0,19.0,-0.8,0.35
AMZN,2010-04-20,7.191500186920166,7.23199987411499,7.105000019073486,7.210000038146973,86234000.0,29.14819709033888,29.427359692032567,29.899381371270273,41.20671605767234,40.67820222434057,8.12,16.0,-0.82,0.42
AMZN,2010-04-21,7.258500099182129,7.449999809265137,7.176000118255615,7.321499824523926,147488000.0,29.060676703791543,29.426307286441816,29.987477132841306,41.1866318193451,40.679379586322575,8.23,19.0,-0.8,0.38
AMZN,2010-04-22,7.350500106811523,7.554500102996826,7.294000148773193,7.504499912261963,303316000.0,29.558059443971977,29.670506672913362,30.202368685561392,41.18501072884235,40.73872490239789,8.33,24.0,-0.67,0.3
AMZN,2010-04-23,7.269000053405762,7.454500198364258,7.120999813079834,7.18149995803833,379504000.0,32.190832728418314,30.843743092603916,30.90713021222429,41.48803175876081,40.97484715853202,8.41,25.0,-0.72,0.3
AMZN,2010-04-26,7.159999847412109,7.386499881744385,7.144999980926514,7.355500221252441,186366000.0,32.4210332487138,30.767740188706643,30.747760003052456,41.56207506147725,40.790479050877906,8.49,25.0,-0.73,0.33
AMZN,2010-04-27,7.277500152587891,7.322000026702881,7.055500030517578,7.10099983215332,172780000.0,34.248003747508655,31.695271012988947,31.134413585457832,41.799708588343705,40.92162298312577,8.56,27.0,-0.74,0.29
AMZN,2010-04-28,7.129499912261963,7.137499809265137,6.934500217437744,6.96750020980835,184706000.0,34.8060273550994,29.840975722589498,30.990405343965584,41.85037713287742,40.96181474775007,8.63,27.0,-0.73,0.34
AMZN,2010-04-29,7.004499912261963,7.122499942779541,6.989500045776367,7.08650016784668,126284000.0,35.03693622652626,29.922767707781045,31.085865054877353,41.85379056294995,40.843550143864206,8.69,28.0,-0.73,0.3
AMZN,2010-04-30,7.070000171661377,7.070000171661377,6.8454999923706055,6.855000019073486,122270000.0,36.43059344626218,30.80760126294621,31.265337086818846,41.961533571865374,40.9915117867332,8.74,30.0,-0.73,0.28
AMZN,2010-05-03,6.860000133514404,6.9720001220703125,6.805500030517578,6.874499797821045,113092000.0,35.96505369665937,30.199018100646867,31.01493146679251,41.903505414130336,40.93375253891539,8.79,28.0,-0.75,0.35
AMZN,2010-05-04,6.781000137329102,6.790500164031982,6.419000148773193,6.491499900817871,253356000.0,39.838890524608516,32.54548333181668,32.33327761425792,42.4660964065072,41.356036324553585,8.82,32.0,-0.74,0.48
AMZN,2010-05-05,6.400000095367432,6.58050012588501,6.377500057220459,6.546500205993652,189162000.0,39.81672400425315,32.54615373529192,32.1898486078237,42.289087779840216,41.28858507015883,8.85,32.0,-0.74,0.53
AMZN,2010-05-06,6.5,6.616499900817871,6.03000020980835,6.435500144958496,203780000.0,40.04207526192844,32.72893694513404,31.925933977549175,42.33549291572284,41.33205063998837,8.87,32.0,-0.72,0.59
AMZN,2010-05-07,6.398499965667725,6.559000015258789,6.188000202178955,6.249000072479248,238552000.0,37.90586875489209,33.30558970153484,32.22626986804046,42.49189018886104,41.29802878497525,8.89,34.0,-0.73,0.5
AMZN,2010-05-10,6.486499786376953,6.610499858856201,6.4629998207092285,6.564499855041504,136122000.0,40.75748717922833,34.4594677277632,33.02243096855034,42.83570678683173,41.526330361037566,8.89,36.0,-0.73,0.5
AMZN,2010-05-11,6.497499942779541,6.65399980545044,6.423500061035156,6.5229997634887695,120882000.0,40.78485358388797,34.48140881657649,33.00812873076251,42.83692561294145,41.529883464454855,8.92,36.0,-0.73,0.5
AMZN,2010-05-12,6.570499897003174,6.706500053405762,6.484000205993652,6.69350004196167,118090000.0,41.395956480900466,34.59592664955841,33.17694809695735,42.914821771647624,41.58386818888389,8.93,38.0,-0.74,0.45
AMZN,2010-05-13,6.696499824523926,6.849500179290772,6.550000190734863,6.573500156402588,118804000.0,41.679156548449825,34.75029318832118,33.254886144888914,42.97813763710073,41.31392226234218,8.95,39.0,-0.73,0.43
AMZN,2010-05-14,6.51800012588501,6.550000190734863,6.3379998207092285,6.426499843597412,105556000.0,41.31127440171163,35.00362613605592,33.39725632763618,43.077097539932794,41.376260285370456,8.96,40.0,-0.73,0.38
AMZN,2010-05-17,6.412000179290772,6.497499942779541,6.289999961853027,6.445499897003174,112844000.0,41.322719965582436,34.98125532188493,32.97971993773493,43.07686875754808,41.314940509585256,8.97,36.0,-0.73,0.49
AMZN,2010-05-18,6.506999969482422,6.5625,6.2754998207092285,6.314000129699707,105138000.0,40.624033277737425,35.26928362150807,33.11403812014629,43.09161526774285,41.27333856547263,8.98,39.0,-0.73,0.44
AMZN,2010-05-19,6.2754998207092285,6.396500110626221,6.190000057220459,6.229499816894531,129266000.0,40.74533364096907,35.36211859512452,32.58963806781928,43.05694796418021,41.23774679490072,8.98,36.0,-0.7,0.55
AMZN,2010-05-20,6.131999969482422,6.25,5.939000129699707,5.985499858856201,171888000.0,39.62682234953358,36.091350332627755,33.16716057742783,43.223996668544586,41.44925128591835,8.98,41.0,-0.7,0.43
AMZN,2010-05-21,5.894999980926514,6.248499870300293,5.875999927520752,6.136000156402588,159338000.0,40.5838933257791,36.34486983256873,33.40852374921644,43.26742907901808,41.419072627505834,8.98,45.0,-0.67,0.35
AMZN,2010-05-24,6.128499984741211,6.224999904632568,6.03249979019165,6.105999946594238,90718000.0,40.41014808600178,36.36172103892152,33.41193024034816,43.27588008049513,41.42013731433908,8.98,46.0,-0.64,0.35
AMZN,2010-05-25,5.927000045776367,6.259500026702881,5.925000190734863,6.243000030517578,138268000.0,41.15043201887708,35.138342711669694,33.46532872833689,43.3376665664949,41.33129647913355,8.96,47.0,-0.61,0.34
AMZN,2010-05-26,6.252500057220459,6.289500236511231,6.114999771118164,6.1605000495910645,139292000.0,40.0289386736545,35.20427515093971,33.45307449624529,43.29223581846423,41.317865808102724,8.95,47.0,-0.6,0.34
AMZN,2010-05-27,6.249000072479248,6.34250020980835,6.03000020980835,6.335000038146973,94954000.0,40.93022155549389,35.67257356106735,33.75811003467536,43.36628414951124,41.39681889272796,8.93,49.0,-0.58,0.26
AMZN,2010-05-28,6.303500175476074,6.380000114440918,6.200500011444092,6.2729997634887695,79096000.0,40.4942499751745,35.46660899605648,33.774046616222805,43.342974056093105,41.41282688070402,8.91,50.0,-0.55,0.25
AMZN,2010-06-01,6.248499870300293,6.328499794006348,6.151000022888184,6.162000179290772,73190000.0,40.64251572650125,35.63843108549712,33.768439986115716,43.402119289540046,41.00422204628738,8.89,50.0,-0.55,0.25
AMZN,2010-06-02,6.201000213623047,6.321499824523926,6.082499980926514,6.315499782562256,95294000.0,41.24327647179258,35.95976408564394,33.90102562003539,43.46652392837551,41.016142699927514,8.87,52.0,-0.55,0.22
AMZN,2010-06-03,6.3125,6.457499980926514,6.242499828338623,6.438000202178955,105538000.0,41.41903008100154,36.1282821112891,33.76951816244763,43.50669121023208,41.047769733009716,8.84,51.0,-0.53,0.25
AMZN,2010-06-04,6.316500186920166,6.409999847412109,6.109000205993652,6.138500213623047,109954000.0,42.31712915289515,37.31305093133107,34.387530856731765,42.86398042033476,41.3409010289428,8.81,54.0,-0.54,0.23
AMZN,2010-06-07,6.291999816894531,6.33050012588501,6.083499908447266,6.100500106811523,131328000.0,40.81353799498542,36.98160029984493,34.21231387835714,42.87079327665658,41.288018883135145,8.77,54.0,-0.55,0.29
AMZN,2010-06-08,6.099999904632568,6.099999904632568,5.789999961853027,5.941999912261963,229688000.0,40.26585735857598,37.25477876747105,34.38088727616166,42.99674316660003,41.35300653027332,8.73,55.0,-0.58,0.24
AMZN,2010-06-09,6.015500068664551,6.073500156402588,5.868000030517578,5.895500183105469,147384000.0,39.37776453107391,37.26913787384399,34.337443034244764,43.010643035832324,41.35697526210014,8.69,55.0,-0.61,0.25
AMZN,2010-06-10,6.0,6.175000190734863,5.960000038146973,6.1605000495910645,121236000.0,41.757225880950976,38.40959459030317,35.06364539988374,43.12617125603406,41.5715391250299,8.64,58.0,-0.62,0.17
AMZN,2010-06-11,6.069499969482422,6.176499843597412,6.014500141143799,6.151500225067139,84092000.0,41.28959059715692,38.40668607597433,35.05820810076623,43.0843974236271,41.55553577851026,8.58,58.0,-0.62,0.17
AMZN,2010-06-14,6.211999893188477,6.284999847412109,6.175000190734863,6.191500186920166,78460000.0,40.504282975043616,38.36037078855021,35.00163370576138,43.08488729022747,41.5079884564326,8.53,58.0,-0.63,0.19
AMZN,2010-06-15,6.159999847412109,6.3460001945495605,6.125,6.3420000076293945,90820000.0,41.24569985940137,38.53233565592261,35.19560080054253,43.105768900871674,41.550214448113145,8.47,61.0,-0.63,0.14
AMZN,2010-06-16,6.269499778747559,6.39900016784668,6.26800012588501,6.34499979019165,79286000.0,37.85483098998696,38.53176289103622,34.54932091368683,43.0606450103673,41.52616517343547,8.41,58.0,-0.61,0.24
AMZN,2010-06-17,6.336999893188477,6.389999866485596,6.234499931335449,6.29449987411499,69580000.0,37.80737123582528,38.519698586430124,34.54079242368204,43.06797982017048,41.53520266856729,8.34,58.0,-0.59,0.25
AMZN,2010-06-18,6.323999881744385,6.374000072479248,6.253499984741211,6.291500091552734,76720000.0,37.509792449335215,38.4735858052107,34.52090479691236,43.02682708124582,41.510424722122686,8.27,58.0,-0.57,0.25
AMZN,2010-06-21,6.339499950408936,6.374000072479248,6.070499897003174,6.127500057220459,106554000.0,37.32052493337223,37.323577156907774,34.51920056958833,43.03803739848944,41.57865883210084,8.2,58.0,-0.57,0.25
AMZN,2010-06-22,6.132500171661377,6.261499881744385,6.077499866485596,6.115499973297119,124144000.0,34.189439548785,37.314201515770925,34.25995352240432,43.00417647584775,41.29347378446202,8.13,55.0,-0.58,0.32
AMZN,2010-06-23,6.105500221252441,6.160999774932861,6.001999855041504,6.072500228881836,109102000.0,34.1972897314024,37.32785631089285,34.26892395563826,42.980220553996986,41.251806053525584,8.05,56.0,-0.6,0.32
AMZN,2010-06-24,6.0304999351501465,6.042500019073486,5.840000152587891,5.916500091552734,155422000.0,33.78151577699397,37.56086141843992,33.44908992105122,43.01601223430735,41.303181409598885,7.96,47.0,-0.6,0.26
AMZN,2010-06-25,5.9070000648498535,6.0879998207092285,5.881499767303467,6.050000190734863,115394000.0,34.35359668705283,37.89162415173433,33.620719167538624,42.92310549362189,41.20878312926388,7.87,50.0,-0.59,0.2
AMZN,2010-06-28,5.942500114440918,6.001999855041504,5.855000019073486,5.889999866485596,112244000.0,34.584420562714016,37.80855431162904,33.867650562734305,43.02912041970387,41.262905573598104,7.77,55.0,-0.59,0.14
AMZN,2010-06-29,5.813000202178955,5.823999881744385,5.30049991607666,5.430500030517578,257326000.0,41.29875511137527,41.15821307984353,35.99293970577341,44.11695894764681,42.065955374366084,7.65,71.0,-0.48,1.08
AMZN,2010-06-30,5.428999900817871,5.633999824523926,5.4054999351501465,5.4629998207092285,194814000.0,41.18370772103912,40.60454190131189,35.947744031594006,44.03623164899999,42.06378927265464,7.53,71.0,-0.42,1.09
AMZN,2010-07-01,5.445000171661377,5.584499835968018,5.335000038146973,5.547999858856201,170596000.0,41.507401872152464,40.78977486961746,36.03277333801133,44.04642903711667,42.00703764369556,7.41,73.0,-0.4,1.07
AMZN,2010-07-02,5.546000003814697,5.564499855041504,5.427999973297119,5.456999778747559,89542000.0,40.27444728838528,39.65714753556753,36.08019346182448,43.981027223579886,41.940193093877006,7.31,74.0,-0.36,1.03
AMZN,2010-07-06,5.53249979019165,5.626500129699707,5.449999809265137,5.502999782562256,104386000.0,39.559824405804555,39.73891585825828,36.100694185283785,43.95113979362341,41.91234545289365,7.21,75.0,-0.35,1.03
AMZN,2010-07-07,5.492000102996826,5.68149995803833,5.490499973297119,5.671500205993652,98820000.0,40.74913002110009,40.2796416743676,36.237769360969985,44.07798543686559,41.87542181056736,7.1,76.0,-0.38,1.0
AMZN,2010-07-08,5.750999927520752,5.874000072479248,5.703499794006348,5.810999870300293,135500000.0,40.86446835870145,40.675546173712924,36.448454581961535,44.154528824042785,41.88423164766124,6.99,77.0,-0.4,0.94
AMZN,2010-07-09,5.827499866485596,5.869999885559082,5.732500076293945,5.86299991607666,81302000.0,40.85610791507668,40.20452571882983,36.36638541623288,44.16346967680763,41.88311766366513,6.88,77.0,-0.4,0.98
AMZN,2010-07-12,5.890500068664551,5.985000133514404,5.866000175476074,5.975500106811523,95672000.0,40.373586975850564,40.366388416219756,36.4520447477443,44.16293949512058,41.91205840680872,6.76,79.0,-0.38,0.97
AMZN,2010-07-13,6.0345001220703125,6.24399995803833,6.014999866485596,6.182499885559082,141822000.0,41.613372381380046,40.81482106917207,36.771081142080575,44.331728408924995,41.77728869977948,6.64,80.0,-0.35,0.89
AMZN,2010-07-14,6.151500225067139,6.1875,6.073500156402588,6.164999961853027,105140000.0,41.2950929770353,40.80574010064001,36.765414695980745,34.32172083105255,41.777536612946164,6.52,80.0,-0.31,0.89
AMZN,2010-07-15,6.006499767303467,6.124000072479248,5.9629998207092285,6.103000164031982,120954000.0,40.72051443385614,40.71837683832859,36.79881145957052,33.81511094177911,41.68778614692693,6.39,82.0,-0.28,0.87
AMZN,2010-07-16,6.064000129699707,6.0960001945495605,5.9004998207092285,5.924499988555908,124558000.0,41.06140586096645,40.9076129745874,37.091133950035996,33.90752730901722,41.76929484865415,6.26,83.0,-0.28,0.76
AMZN,2010-07-19,5.919000148773193,6.037000179290772,5.849999904632568,5.997000217437744,100618000.0,38.98890752700607,40.618132607981366,36.99178640497631,33.936435362955805,41.78124006038433,6.13,83.0,-0.27,0.79
AMZN,2010-07-20,6.0304999351501465,6.0355000495910645,5.875500202178955,6.005000114440918,135700000.0,38.95886067397814,39.75232918229628,36.93531816307179,33.92425682614847,41.699502031708604,5.99,83.0,-0.26,0.82
AMZN,2010-07-21,6.031000137329102,6.0625,5.86299991607666,5.871500015258789,100234000.0,38.75311426935994,39.54741554993365,37.108740359225834,33.82683974491144,41.75973053320248,5.85,86.0,-0.27,0.75
AMZN,2010-07-22,5.935500144958496,6.043499946594238,5.901000022888184,6.003499984741211,300068000.0,39.22817889415844,39.34755697384993,36.390276344535884,33.929562361507344,41.81155701861061,5.69,78.0,-0.29,0.8
AMZN,2010-07-23,5.296500205993652,5.964000225067139,5.289999961853027,5.94350004196167,848422000.0,37.1060019735742,39.23306352224339,36.397914375863,33.94733262284532,41.467444166496335,5.52,79.0,-0.33,0.78
AMZN,2010-07-26,5.913000106811523,5.929999828338623,5.74399995803833,5.920000076293945,222756000.0,37.11463489955491,39.02068597257102,36.39777000663082,33.926332981818014,40.62862040637453,5.35,79.0,-0.37,0.78
AMZN,2010-07-27,5.921500205993652,5.925000190734863,5.753499984741211,5.856500148773193,155922000.0,37.138276198458925,38.54672676914166,36.27059673782887,33.76827084690846,40.55215663121212,5.17,77.0,-0.42,0.8
AMZN,2010-07-28,5.849999904632568,5.909999847412109,5.820000171661377,5.856500148773193,109446000.0,36.32794003422051,38.53392146326156,36.26558340716873,33.332131513675186,40.545481582933235,4.98,77.0,-0.46,0.8
AMZN,2010-07-29,5.899499893188477,5.94350004196167,5.776000022888184,5.8429999351501465,123516000.0,36.31607443519492,36.81209519480902,36.22904922307127,33.329240918250974,40.5373951719149,4.79,76.0,-0.5,0.81
AMZN,2010-07-30,5.776500225067139,5.936999797821045,5.725500106811523,5.894499778747559,141550000.0,36.43063972102839,36.81616106303416,36.23413013817965,33.18620264614073,40.49838467723349,4.59,77.0,-0.53,0.82
AMZN,2010-08-02,5.957499980926514,6.019000053405762,5.878499984741211,6.003499984741211,108874000.0,36.911684115587725,36.90089870623156,36.295530046711846,33.260831137835595,40.53106245381547,4.37,81.0,-0.54,0.8
AMZN,2010-08-03,6.0,6.143499851226807,5.984000205993652,6.120999813079834,119076000.0,36.61766785139161,36.659465616481995,36.23534214409897,33.33791052221051,40.53098485359789,4.14,78.0,-0.53,0.82
AMZN,2010-08-04,6.152999877929688,6.423500061035156,6.150000095367432,6.379000186920166,185416000.0,38.51604728892905,36.232847127595605,36.79097155291732,33.6269529126134,40.675736616072996,3.9,91.0,-0.51,0.73
AMZN,2010-08-05,6.338500022888184,6.400000095367432,6.290999889373779,6.391499996185303,85646000.0,38.43246445950422,36.21539284256789,36.78421874274091,33.605979845250054,40.62942450099342,3.63,91.0,-0.5,0.74
AMZN,2010-08-06,6.335999965667725,6.420000076293945,6.295000076293945,6.415999889373779,101304000.0,37.52378802682419,35.81567372636283,36.78034616867632,33.60802853576563,40.629978144922944,3.34,91.0,-0.49,0.74
AMZN,2010-08-09,6.422999858856201,6.496500015258789,6.392499923706055,6.441500186920166,101716000.0,37.06449959224862,35.643228692600246,36.78291761403178,33.61148114619289,40.62199623611051,3.03,92.0,-0.47,0.75
AMZN,2010-08-10,6.397500038146973,6.5,6.36899995803833,6.5,114138000.0,36.07928833926502,35.387631507903485,36.77094501934966,33.56349355471029,40.61078354146513,2.67,90.0,-0.46,0.75
AMZN,2010-08-11,6.40500020980835,6.406000137329102,6.260000228881836,6.29449987411499,110834000.0,27.98374058905266,35.99564114721624,37.008570550065926,33.772721359436545,40.733541571248466,2.67,98.0,-0.45,0.68
AMZN,2010-08-12,6.188000202178955,6.349999904632568,6.177499771118164,6.328000068664551,87358000.0,27.98225344074943,35.76504490108764,37.018951830147536,33.641672002768104,40.64706707489486,2.66,98.0,-0.44,0.68
AMZN,2010-08-13,6.302999973297119,6.374000072479248,6.2129998207092285,6.234499931335449,79532000.0,28.367344676731665,35.78899830381506,37.06398872006257,33.68605710885676,40.642619981130984,2.64,98.0,-0.43,0.66
AMZN,2010-08-16,6.180500030517578,6.368500232696533,6.151999950408936,6.303500175476074,80494000.0,27.760628335531862,34.870193257587765,37.078329053584426,33.697849880004874,40.63034800163244,2.63,98.0,-0.43,0.66
AMZN,2010-08-17,6.367000102996826,6.499000072479248,6.339499950408936,6.442999839782715,100894000.0,28.18445684244373,34.78887792321871,36.339083932877145,33.73965573044827,40.551156939136504,2.61,78.0,-0.39,0.7
AMZN,2010-08-18,6.462500095367432,6.540500164031982,6.413000106811523,6.482500076293945,158030000.0,27.181973185506354,34.7848204224243,36.3511662872569,33.542258771398906,40.537994205880665,2.59,78.0,-0.35,0.7
AMZN,2010-08-19,6.460999965667725,6.500999927520752,6.341000080108643,6.378499984741211,111650000.0,27.145424108070177,34.67488002841149,36.436855227514435,33.517071915560116,40.56799395625686,2.57,82.0,-0.31,0.65
AMZN,2010-08-20,6.360000133514404,6.401999950408936,6.301000118255615,6.388000011444092,83402000.0,27.092729739218672,34.558290051517346,36.39323932873198,33.361700502233006,40.552014538006,2.55,79.0,-0.24,0.66
AMZN,2010-08-23,6.39300012588501,6.460999965667725,6.324999809265137,6.329999923706055,77226000.0,26.86143948359161,34.13855690239805,36.4084397325349,33.366617567187916,40.555948113958735,2.52,81.0,-0.18,0.65
AMZN,2010-08-24,6.270500183105469,6.271999835968018,6.158999919891357,6.226500034332275,107394000.0,25.570530398902157,34.24732013361926,36.20237953021177,33.28614210912867,40.5893545620034,2.49,66.0,-0.15,0.72
AMZN,2010-08-25,6.192500114440918,6.368500232696533,6.191500186920166,6.34250020980835,106890000.0,26.087800363439882,34.25294047904194,36.32668374286293,33.23602611945506,40.621144928709704,2.44,73.0,-0.13,0.7
AMZN,2010-08-26,6.357500076293945,6.379499912261963,6.241000175476074,6.243000030517578,93890000.0,26.348922890379495,34.03795662153279,36.06863545391301,33.2865565500307,40.656755309893036,2.4,62.0,-0.06,0.73
AMZN,2010-08-27,6.2729997634887695,6.331999778747559,6.112500190734863,6.331999778747559,101600000.0,24.975616653723154,33.93045778940784,36.13994603643373,33.23921155951742,40.67569438295384,2.34,64.0,0.0,0.72
AMZN,2010-08-30,6.301499843597412,6.347499847412109,6.184500217437744,6.189499855041504,68520000.0,25.804505540934002,32.8119648386048,35.58579154911302,33.143591827924546,40.698803353199146,2.3,57.0,0.14,0.74
AMZN,2010-08-31,6.142499923706055,6.295000076293945,6.125,6.241499900817871,84512000.0,25.891499335148392,32.82749889782485,35.6090876242533,33.1440986382692,40.6509456348061,2.26,57.0,0.28,0.74
AMZN,2010-09-01,6.317999839782715,6.630000114440918,6.308499813079834,6.624499797821045,142766000.0,29.946509670720246,34.517939748101284,36.86401923826704,33.80434840551692,40.96919111150774,2.22,92.0,0.38,0.76
AMZN,2010-09-02,6.608500003814697,6.760499954223633,6.602499961853027,6.760499954223633,108148000.0,29.850520972003547,34.663581312773026,36.9970253384604,33.87263273038004,40.98197014194287,2.17,94.0,0.44,0.73
AMZN,2010-09-03,6.8445000648498535,6.974999904632568,6.831500053405762,6.939499855041504,131624000.0,30.215081099258583,33.93244628030178,36.94244946452107,33.96553354556257,41.051529506773235,2.14,92.0,0.47,0.74
AMZN,2010-09-07,6.877999782562256,6.929999828338623,6.8445000648498535,6.861000061035156,77660000.0,30.484907103036935,34.036133467410934,36.94065815746859,33.965610908444795,41.07307753595782,2.09,91.0,0.49,0.73
AMZN,2010-09-08,6.896500110626221,6.985000133514404,6.822500228881836,6.956999778747559,116570000.0,30.21830857469957,34.113331156955994,36.79663473935668,33.97400378181409,41.023836905269015,2.05,87.0,0.51,0.8
AMZN,2010-09-09,7.019499778747559,7.06850004196167,6.9629998207092285,7.019000053405762,99160000.0,30.181251987861792,33.83482536810031,36.8235763551329,33.767872628299585,41.004392358984745,2.01,88.0,0.51,0.8
AMZN,2010-09-10,7.037499904632568,7.130000114440918,7.001999855041504,7.122000217437744,100872000.0,30.172171034036705,33.93631494304738,36.84440468063025,33.80026846180411,40.98684534473842,1.95,88.0,0.5,0.79
AMZN,2010-09-13,7.203499794006348,7.2870001792907715,7.188000202178955,7.253499984741211,101548000.0,30.357459777431924,34.03568221591537,36.878881842894565,33.56979170006322,41.01435418648776,1.9,89.0,0.47,0.78
AMZN,2010-09-14,7.224999904632568,7.335000038146973,7.191500186920166,7.287499904632568,86388000.0,30.168919459097314,34.033699879718334,36.67284537966747,33.571082704211875,41.00227778199576,1.85,76.0,0.27,0.84
AMZN,2010-09-15,7.24399995803833,7.281000137329102,7.177999973297119,7.272500038146973,98072000.0,30.010512668598516,33.513572363663044,35.99884210876605,33.565194175800386,41.000234458420664,1.8,50.0,0.3,1.02
AMZN,2010-09-16,7.269999980926514,7.411499977111816,7.257999897003174,7.406499862670898,116540000.0,28.336190103604658,33.64537251698596,35.914361774198035,33.632804998700024,40.24091999514911,1.75,47.0,0.35,1.05
AMZN,2010-09-17,7.445000171661377,7.448999881744385,7.324999809265137,7.415999889373779,145192000.0,28.343125831347603,33.58022559199198,35.466233675650926,33.535474995538245,40.23807159386566,1.7,44.0,0.47,1.22
AMZN,2010-09-20,7.434999942779541,7.597499847412109,7.367499828338623,7.565000057220459,128988000.0,28.668128405142834,33.18186763075507,35.46144393404103,33.56609802048007,40.27618683289042,1.65,43.0,0.7,1.25
AMZN,2010-09-21,7.538000106811523,7.665500164031982,7.480000019073486,7.536499977111816,150840000.0,28.791429361515164,33.00036304613632,35.374208550622235,33.56437801092523,40.28025329442673,1.59,42.0,0.83,1.27
AMZN,2010-09-22,7.492000102996826,7.635000228881836,7.454999923706055,7.591499805450439,132248000.0,28.775658796700416,32.39004553388352,34.970200136584175,33.567823454936274,40.15068473399191,1.54,37.0,0.89,1.45
AMZN,2010-09-23,7.559999942779541,7.796000003814697,7.548500061035156,7.642499923706055,141312000.0,26.513669544769375,27.05496791512837,34.980660323301315,33.499371068929165,40.1187086319046,1.48,37.0,0.94,1.45
AMZN,2010-09-24,7.771500110626221,8.044500350952148,7.770999908447266,8.036499977111816,211812000.0,29.388992045435593,28.5557821811258,34.57706053574397,33.937517664202616,40.40480093239189,1.45,35.0,1.3,1.45
AMZN,2010-09-27,8.01099967956543,8.0600004196167,7.894000053405762,7.968500137329102,128926000.0,29.013241124472145,28.65452695066829,34.60298781363251,33.82003230530007,40.37115412759862,1.42,35.0,1.31,1.43
AMZN,2010-09-28,7.992000102996826,8.043999671936035,7.744500160217285,7.985000133514404,169884000.0,29.05319150143335,28.279753934321995,34.467662983605315,33.685787838193086,40.338164326207256,1.37,29.0,1.23,1.5
AMZN,2010-09-29,7.951499938964844,8.08899974822998,7.887499809265137,7.94950008392334,145750000.0,28.952646364633512,28.362467439278184,34.111760058295246,33.57027282061263,40.33662857291539,1.34,22.0,1.05,1.66
AMZN,2010-09-30,8.000499725341797,8.046500205993652,7.78000020980835,7.853000164031982,152120000.0,29.48397779540295,28.157766523240387,33.350044085480576,33.57467413797076,40.331926279415555,1.34,8.0,0.85,1.8
AMZN,2010-10-01,7.854000091552734,7.872000217437744,7.610000133514404,7.685500144958496,173668000.0,29.880916721835987,28.41208552252816,33.531530311483394,33.63608207949248,40.30910321057521,1.33,14.0,0.63,1.7
AMZN,2010-10-04,7.697500228881836,7.797999858856201,7.639500141143799,7.769499778747559,106930000.0,29.875719155663077,28.427455057425625,33.3408814096346,33.65457610556516,40.289530789600896,1.33,6.0,0.46,1.78
AMZN,2010-10-05,7.854000091552734,8.060500144958496,7.850500106811523,8.043499946594238,112400000.0,30.56966287929076,28.94042936283794,33.60281174118124,33.8866159557484,40.3902271240408,1.32,14.0,0.35,1.72
AMZN,2010-10-06,8.029999732971191,8.034000396728516,7.730000019073486,7.769999980926514,121216000.0,32.23449071140627,29.40785686388507,33.878988887007665,34.101494447831485,40.49471004987583,1.31,20.0,0.16,1.63
AMZN,2010-10-07,7.825500011444092,7.869999885559082,7.66949987411499,7.813499927520752,92440000.0,32.0655827626992,29.377214565211684,33.88364515083505,34.09930219656786,40.37668317736613,1.3,20.0,-0.01,1.63
AMZN,2010-10-08,7.758999824523926,7.814000129699707,7.638999938964844,7.777500152587891,138368000.0,31.534730331532757,29.286421254280416,33.707515233424886,33.720452659427494,40.36641562257958,1.29,13.0,-0.16,1.73
AMZN,2010-10-11,7.744500160217285,7.831500053405762,7.617000102996826,7.651500225067139,89728000.0,32.19214330101041,28.75270089584711,33.74415255228438,33.76219319338366,40.40646566469993,1.27,13.0,-0.31,1.71
AMZN,2010-10-12,7.625500202178955,7.847499847412109,7.570000171661377,7.823999881744385,105616000.0,31.292440514282276,28.94590300998524,33.21414079798851,33.83847074632788,40.384857428403755,1.27,1.0,-0.44,1.91
AMZN,2010-10-13,7.834499835968018,7.839499950408935,7.692500114440918,7.758500099182129,112656000.0,31.64224687843385,29.05904892246209,33.06859677551657,33.7219462348585,40.38310951325632,1.27,1.0,-0.56,1.95
AMZN,2010-10-14,7.757999897003174,7.847499847412109,7.71150016784668,7.776500225067139,80482000.0,27.49823088064705,28.52341389188186,33.048174963920815,33.59005808722691,40.30252440561237,1.28,1.0,-0.67,1.97
AMZN,2010-10-15,7.921000003814697,8.244000434875488,7.837500095367432,8.232000350952148,202710000.0,31.047568101326682,30.267687921303004,34.022690654106334,34.22325948896098,40.64091931128458,1.27,21.0,-0.71,1.86
AMZN,2010-10-18,8.25,8.259499549865723,8.090999603271484,8.178000450134277,126626000.0,30.701684548417184,30.201137661920548,33.958556142150925,33.60485077552634,40.63950956333558,1.27,20.0,-0.77,1.9
AMZN,2010-10-19,8.034000396728516,8.140000343322754,7.849999904632568,7.933499813079834,150500000.0,32.068947742903894,31.020736544391976,34.12209489471702,33.806018351878045,40.75975862061144,1.26,22.0,-0.86,1.81
AMZN,2010-10-20,7.939000129699707,7.993500232696533,7.828499794006348,7.933499813079834,115808000.0,31.980806708390443,30.86650147687121,34.069105096673304,33.79736516918452,40.760117737565984,1.26,20.0,-0.95,1.85
AMZN,2010-10-21,8.133500099182129,8.306500434875488,8.064499855041504,8.248499870300293,269650000.0,33.498964481808024,31.61629046589878,34.403075686390125,33.91361054024391,40.8835298618968,1.25,28.0,-0.99,1.76
AMZN,2010-10-22,8.1225004196167,8.508500099182129,8.113499641418457,8.456500053405762,326368000.0,33.87711513147653,31.81284549480163,34.407899294325325,33.99984174807151,40.945705921103055,1.24,28.0,-1.0,1.76
AMZN,2010-10-25,8.578499794006348,8.599499702453613,8.416000366210938,8.449999809265137,130618000.0,33.712597280066056,31.839472413669263,34.31314586277405,33.991839625810925,33.46210783137431,1.24,23.0,-1.02,1.8
AMZN,2010-10-26,8.378499984741211,8.550000190734863,8.375,8.4975004196167,93792000.0,33.71268382491128,31.735786645223662,33.35167280908548,33.980614052095945,33.09854821941882,1.25,6.0,-1.04,2.06
AMZN,2010-10-27,8.445500373840332,8.487500190734863,8.32699966430664,8.375499725341797,114436000.0,34.13119869103922,31.874305184890183,33.43687452446291,34.02446321228037,33.06200523671775,1.26,7.0,-1.09,2.01
AMZN,2010-10-28,8.415499687194824,8.424500465393066,8.2524995803833,8.342000007629395,93688000.0,33.97272276562674,31.026041560050206,33.12198070388211,33.93953036292867,33.06273577871646,1.28,3.0,-1.13,2.17
AMZN,2010-10-29,8.289999961853027,8.425000190734863,8.240500450134277,8.261500358581543,99970000.0,34.19633905541871,31.15802721810404,33.139174854566434,33.96094264278437,33.07445308301483,1.3,4.0,-1.18,2.16
AMZN,2010-11-01,8.22249984741211,8.229000091552734,8.076000213623047,8.128999710083008,104798000.0,34.30025612849127,31.438573989956243,32.63524170308342,33.94692485594105,32.960267020373045,1.33,1.0,-1.24,2.31
AMZN,2010-11-02,8.1875,8.29699993133545,8.168000221252441,8.230500221252441,85200000.0,34.367864537287495,31.4864041881515,32.66369727105447,33.93859696157172,32.97900562691643,1.35,2.0,-1.28,2.29
AMZN,2010-11-03,8.270000457763672,8.430500030517578,8.114500045776367,8.423500061035156,122242000.0,34.848102272813236,31.71394045151913,32.81733336425391,33.99612706980571,33.04719509212434,1.38,3.0,-1.31,2.21
AMZN,2010-11-04,8.493000030517578,8.626500129699707,8.420000076293945,8.446499824523926,147918000.0,34.83512766969777,30.794188929194945,32.64514621334004,33.98680537180139,33.024781482743386,1.41,2.0,-1.35,2.3
AMZN,2010-11-05,8.467499732971191,8.582500457763672,8.429499626159668,8.53849983215332,104244000.0,31.975724644226577,30.818114960122838,32.66723819773777,34.001899651848554,32.91791759292135,1.43,4.0,-1.37,2.29
AMZN,2010-11-08,8.541999816894531,8.65999984741211,8.439000129699707,8.599499702453613,114120000.0,31.849463255637705,30.540553993195864,32.62623128465438,33.99168702305813,32.62652658948528,1.45,1.0,-1.39,2.33
AMZN,2010-11-09,8.633500099182129,8.656999588012695,8.45300006866455,8.513500213623047,79572000.0,32.058069019598825,30.67885137925717,32.68844029039861,33.94805537096923,32.64502703133475,1.48,6.0,-1.41,2.28
AMZN,2010-11-10,8.529500007629395,8.668499946594238,8.470499992370605,8.666500091552734,108806000.0,32.30882279728361,30.594294181216608,32.427529510997225,33.954084502613576,32.58410548358695,1.5,1.0,-1.42,2.44
AMZN,2010-11-11,8.550000190734863,8.602499961853027,8.470999717712402,8.518500328063965,113834000.0,32.544025844543555,30.928144173244426,32.582720931914096,34.0311799237937,32.63449292334432,1.52,2.0,-1.44,2.34
AMZN,2010-11-12,8.505999565124512,8.562999725341797,8.2524995803833,8.284000396728516,143212000.0,33.0046725052534,31.354852680506333,32.918220111936655,33.72077322515586,32.760785322560466,1.54,10.0,-1.46,2.16
AMZN,2010-11-15,8.258000373840332,8.267499923706055,7.927999973297119,7.945000171661377,192972000.0,35.29293171015227,32.74707097031816,33.365189818817456,34.10002994855063,32.99021266184506,1.54,19.0,-1.47,2.06
AMZN,2010-11-16,7.936999797821045,8.045499801635742,7.838500022888184,7.888999938964844,131428000.0,33.85133882092429,32.7156769858555,33.256979096439245,34.11392200138965,32.980534068746714,1.54,16.0,-1.47,2.1
AMZN,2010-11-17,7.892000198364258,8.042499542236328,7.877500057220459,7.917500019073486,90498000.0,32.29728365403657,32.44498686461713,32.92002295069503,34.03618097944064,32.98011347642131,1.55,11.0,-1.47,2.29
AMZN,2010-11-18,8.036999702453613,8.25,8.036999702453613,8.208499908447266,124506000.0,33.87619612609167,32.977512597643496,30.45954148813934,34.28575211589426,33.1689734426668,1.62,1.0,-1.49,0.42
AMZN,2010-11-19,8.197500228881836,8.249500274658203,8.142000198364258,8.241000175476074,89296000.0,33.82956266423738,32.710386392079656,30.45813034390909,34.27422842126053,33.117937527984495,1.69,1.0,-1.51,0.42
AMZN,2010-11-22,8.255000114440918,8.529999732971191,8.25,8.519499778747559,122850000.0,34.54715425494425,33.1781516887215,30.756174887941818,34.454784860464855,33.272199652230604,1.74,3.0,-1.52,0.33
AMZN,2010-11-23,8.430500030517578,8.440500259399414,8.230999946594238,8.40999984741211,129306000.0,34.39757493238885,32.88751198441241,30.699346431422665,34.469985564597536,33.211466368968104,1.8,3.0,-1.54,0.35
AMZN,2010-11-24,8.576499938964844,8.894499778747559,8.576499938964844,8.862500190734863,200850000.0,37.14241216418054,34.282727824598766,31.628843295586307,34.90002997037971,33.60764816916959,1.82,5.0,-1.54,0.28
AMZN,2010-11-26,8.868000030517578,8.918999671936035,8.807999610900879,8.859999656677246,85432000.0,37.162924910089,32.42131578206522,31.37484056554086,34.85612072474888,33.60053802423349,1.85,5.0,-1.53,0.38
AMZN,2010-11-29,8.999500274658203,9.092000007629396,8.878499984741211,8.974499702453613,193900000.0,33.78655555525461,32.3048298484376,31.242870196121242,34.87147679691201,33.57029416364238,1.89,5.0,-1.5,0.44
AMZN,2010-11-30,8.84749984741211,8.885000228881836,8.744999885559082,8.770000457763672,135244000.0,34.51652717553924,32.48448157760349,31.534627275257193,34.992311653691985,33.52265184489076,1.91,7.0,-1.49,0.38
AMZN,2010-12-01,8.958000183105469,8.965999603271484,8.800000190734863,8.827500343322754,115402000.0,33.10837788610241,32.33170693720377,31.445850917105084,34.99207761226978,33.47930633532137,1.93,7.0,-1.47,0.42
AMZN,2010-12-02,8.843000411987305,8.8725004196167,8.696000099182129,8.826499938964844,110752000.0,33.10945289493954,32.27971341392937,31.077509887460646,34.97586702417313,33.37946326779975,1.96,5.0,-1.45,0.56
AMZN,2010-12-03,8.774999618530273,8.819999694824219,8.702500343322754,8.784000396728516,98150000.0,31.432649259257545,32.312863326522084,31.089550555042734,34.90413558912383,33.37350618773111,1.98,6.0,-1.43,0.56
AMZN,2010-12-06,8.776000022888184,8.921500205993652,8.729999542236328,8.90250015258789,113084000.0,30.879272425103437,32.297031550524444,31.05080729730662,34.93164660927975,33.28946415960733,2.0,5.0,-1.41,0.55
AMZN,2010-12-07,9.024999618530272,9.07349967956543,8.828499794006348,8.838500022888184,101542000.0,30.980646824463538,32.228344909341715,30.636597668862326,34.92317261839937,33.198833985208736,2.02,3.0,-1.39,0.63
AMZN,2010-12-08,8.874500274658203,8.907999992370605,8.760000228881836,8.814499855041504,74538000.0,30.97869353512477,32.25042530426685,30.626751214524162,34.90173695648808,33.20051799908341,2.05,3.0,-1.37,0.65
AMZN,2010-12-09,8.888500213623047,8.905500411987305,8.6899995803833,8.742500305175781,91110000.0,30.755662588876813,32.3174625389257,30.684057274365863,34.42739772073409,33.1389875188161,2.07,5.0,-1.34,0.64
AMZN,2010-12-10,8.744000434875488,8.797499656677246,8.668000221252441,8.781000137329102,71310000.0,30.72297221566546,32.16367522766291,30.394302561141807,34.42896413525603,33.00909984557695,2.09,1.0,-1.32,0.71
AMZN,2010-12-13,8.816499710083008,8.897000312805176,8.68649959564209,8.712499618530273,84050000.0,30.66750355629031,32.23664289770104,30.310445578306982,34.44631844080923,33.005350610173664,2.12,1.0,-1.3,0.78
AMZN,2010-12-14,8.71399974822998,8.788000106811523,8.654500007629395,8.696999549865723,73706000.0,30.21631022310719,32.04796632721737,30.24320662308886,34.43041585011072,32.93329750019973,2.14,1.0,-1.27,0.8
AMZN,2010-12-15,8.685999870300293,8.949999809265137,8.679499626159668,8.778499603271484,116210000.0,30.139396487963566,32.05395845365269,30.229889096452244,34.43231340746715,32.92842703198006,2.17,1.0,-1.24,0.79
AMZN,2010-12-16,8.779000282287598,8.914999961853027,8.751999855041504,8.902000427246094,82430000.0,29.695977012083258,32.125494139243635,30.17835239499168,34.26508276269441,32.91552229583579,2.2,1.0,-1.22,0.79
AMZN,2010-12-17,8.920499801635742,8.9375,8.85099983215332,8.878999710083008,90146000.0,29.722140080194748,32.13194224739377,30.190281744454218,34.265351376385844,32.893331039265675,2.22,2.0,-1.21,0.79
AMZN,2010-12-20,8.963500022888184,9.199000358581545,8.902000427246094,9.16450023651123,174706000.0,30.870190307681856,31.1615225163644,30.484852652624774,34.27941680188878,33.01479498074264,2.24,9.0,-1.19,0.65
AMZN,2010-12-21,9.194000244140623,9.282500267028809,9.130000114440918,9.237500190734863,102220000.0,30.882016586164372,31.102737060863312,30.482142221530044,34.27782889605829,32.86886972976089,2.25,9.0,-1.16,0.65
AMZN,2010-12-22,9.25,9.272500038146973,9.205499649047852,9.23799991607666,51562000.0,30.66652369728243,31.106567667909196,30.40902023573382,33.90470280444145,32.86377569465796,2.27,7.0,-1.13,0.7
AMZN,2010-12-23,9.217000007629396,9.24899959564209,9.094499588012695,9.12950038909912,67164000.0,30.60180796665415,31.21251141978476,30.418671786669073,33.928498111696214,32.68123853863256,2.28,8.0,-1.1,0.73
AMZN,2010-12-27,9.095000267028809,9.156999588012695,9.022500038146973,9.107000350952148,44988000.0,30.10212874591528,31.08249892971816,29.840917333168584,33.92246194030762,32.680102939210876,2.3,1.0,-1.05,0.92
AMZN,2010-12-28,9.104999542236328,9.138500213623049,9.052499771118164,9.054499626159668,39500000.0,28.833105937500154,30.72767304431806,29.876766084077367,33.91710831946579,32.68348665094386,2.31,2.0,-1.0,0.91
AMZN,2010-12-29,9.09000015258789,9.217499732971191,9.020500183105469,9.168499946594238,62402000.0,25.62678268999307,30.74807722847781,29.911102431700815,33.78455658264594,32.70358991201066,2.32,3.0,-0.94,0.88
AMZN,2010-12-30,9.196000099182127,9.227499961853027,9.137499809265137,9.137499809265137,39224000.0,25.50064191542059,30.04273568051946,29.931390830080705,33.77100345120863,32.630360055521216,2.32,4.0,-0.89,0.88
AMZN,2010-12-31,9.097999572753906,9.114999771118164,8.975500106811523,9.0,69038000.0,26.15498464079836,29.282634711205453,30.063570415918267,33.67941105289021,32.633431879706784,2.33,5.0,-0.82,0.85
AMZN,2011-01-03,9.068499565124512,9.300000190734863,9.060500144958496,9.211000442504885,106628000.0,25.03291146389815,29.583411428710843,29.686312007101595,33.778583212011696,32.70233230952566,2.33,1.0,-0.76,0.86
AMZN,2011-01-04,9.307499885559082,9.385000228881836,9.189000129699709,9.250499725341797,100636000.0,25.0332172485672,29.54502955159327,29.68543725631096,33.7553367905853,32.700452775223255,2.33,1.0,-0.7,0.86
AMZN,2011-01-05,9.204999923706056,9.3725004196167,9.203499794006348,9.371000289916992,68376000.0,23.614008430033568,29.339894565818696,29.56809387299957,33.74253451804566,32.66216722853973,2.33,1.0,-0.64,0.88
AMZN,2011-01-06,9.324999809265137,9.37049961090088,9.262499809265137,9.29300022125244,63594000.0,23.378698624017797,29.167828822768982,29.612309630381933,33.6474691143478,32.623836585300396,2.33,2.0,-0.58,0.88
AMZN,2011-01-07,9.394000053405762,9.422499656677246,9.187000274658203,9.274499893188477,104434000.0,18.197137371625058,29.091451897964532,29.48504409601258,33.2177212889399,32.52649901599692,2.33,1.0,-0.51,0.97
AMZN,2011-01-10,9.251999855041504,9.26449966430664,9.125499725341797,9.234000205993652,67518000.0,18.27080579816603,29.130229238755685,29.50968475551204,33.116282539049756,32.42963439942827,2.34,2.0,-0.43,0.97
AMZN,2011-01-11,9.270999908447266,9.300000190734863,9.160499572753906,9.217000007629396,56284000.0,17.963367133099283,26.874432854102672,29.353301471912012,32.83299443026091,32.33898217226987,2.34,1.0,-0.36,1.02
AMZN,2011-01-12,9.267999649047852,9.269000053405762,9.164999961853027,9.20400047302246,53582000.0,16.492039640766123,26.82572001153311,29.362423289354094,32.744795841412696,32.31679582107843,2.34,2.0,-0.28,1.02
AMZN,2011-01-13,9.18000030517578,9.322500228881836,9.17549991607666,9.27649974822998,67340000.0,16.530393512428333,25.989042486262985,29.29800888160084,32.702294412149705,32.28736127887486,2.34,1.0,-0.22,1.03
AMZN,2011-01-14,9.274999618530272,9.446999549865724,9.246000289916992,9.4375,73256000.0,17.121149233251113,26.15404840349167,29.191561096413533,32.492392292533836,32.323974820265875,2.35,1.0,-0.2,1.03
AMZN,2011-01-18,9.43299961090088,9.579999923706056,9.412500381469728,9.5625,77924000.0,17.269737252887687,25.150988630458798,29.137543975256087,32.520071981562076,32.34407560112496,2.35,1.0,-0.17,1.07
AMZN,2011-01-19,9.545000076293944,9.550000190734863,9.310500144958496,9.343500137329102,77648000.0,18.531038535043404,25.248368625761312,29.288550236166927,31.89033696946157,32.39925635439743,2.35,3.0,-0.2,1.03
AMZN,2011-01-20,9.26449966430664,9.342499732971191,9.050000190734863,9.097999572753906,114198000.0,20.120335337387022,25.902356667194226,29.64309838385936,32.06046993887293,32.517543337301355,2.34,11.0,-0.22,0.96
AMZN,2011-01-21,9.149999618530272,9.162500381469728,8.842000007629395,8.871000289916992,136124000.0,21.49347035673575,26.44668808817478,29.702468487257434,32.142800948658426,32.337656154962794,2.34,14.0,-0.38,0.95
AMZN,2011-01-24,8.897500038146973,8.924500465393066,8.707500457763672,8.842499732971191,112006000.0,21.372110553229813,26.270872359550033,29.71206945723384,31.93370546271034,32.3230835742711,2.33,15.0,-0.64,0.96
AMZN,2011-01-25,8.774999618530273,8.837499618530273,8.71399974822998,8.835000038146973,93020000.0,21.340517353757203,26.253614776828726,28.32540318667109,31.434722146443413,32.31284388976181,2.32,1.0,-0.71,0.86
AMZN,2011-01-26,8.875499725341797,8.894499778747559,8.731499671936035,8.769499778747559,75244000.0,21.32804425952667,26.21856792879284,28.232947587588093,31.438926075265943,32.22395078758823,2.31,1.0,-0.75,0.93
AMZN,2011-01-27,8.87399959564209,9.25,8.865500450134277,9.22249984741211,291888000.0,25.79147166869129,27.853077928569785,28.998771060926988,31.83648954577719,32.49869099741836,2.29,3.0,-0.76,0.95
AMZN,2011-01-28,8.572500228881836,8.685500144958496,8.345000267028809,8.557000160217285,398164000.0,33.95824390667572,31.922876037023112,31.441871342686937,33.023049572031,33.37914379520669,2.24,46.0,-0.82,2.26
AMZN,2011-01-31,8.508000373840332,8.571999549865723,8.370499610900879,8.482000350952148,134362000.0,33.73518609653931,31.63030996643224,31.433593744215514,32.921529784290506,32.938701260547546,2.19,46.0,-0.86,2.27
AMZN,2011-02-01,8.526000022888184,8.654999732971191,8.475500106811523,8.605500221252441,101718000.0,34.05244172991246,31.762718410739467,31.47720787260788,32.95658397313173,32.95523453890563,2.14,49.0,-0.91,2.24
AMZN,2011-02-02,8.571000099182129,8.760000228881836,8.543499946594238,8.67650032043457,90950000.0,32.74996933412718,31.73020565432373,31.428963644464954,32.85934993599028,32.95514065146108,2.08,46.0,-0.94,2.27
AMZN,2011-02-03,8.675000190734863,8.733499526977539,8.59749984741211,8.685500144958496,73578000.0,32.632189360480055,31.698578753273317,31.320052549789455,32.80942652528782,32.8317461904852,2.02,45.0,-0.95,2.34
AMZN,2011-02-04,8.699999809265137,8.85949993133545,8.6875,8.796500205993652,86956000.0,32.90779853535304,31.728256712554632,31.364656506241463,32.45456212158025,32.832651025760676,1.97,46.0,-0.95,2.31
AMZN,2011-02-07,8.807499885559082,8.8774995803833,8.738499641418457,8.821499824523926,105094000.0,32.78763413682586,31.527970610123603,31.358622683380627,32.34218520096043,32.82660959059092,1.92,46.0,-0.99,2.31
AMZN,2011-02-08,8.833000183105469,9.155500411987305,8.829500198364258,9.152999877929688,155898000.0,34.58455629216265,32.187187235880494,31.742684448036606,32.59336549572952,33.00448890966089,1.88,56.0,-1.01,2.15
AMZN,2011-02-09,9.157500267028809,9.32349967956543,9.11299991607666,9.265000343322754,166254000.0,34.7071207231173,31.682944774365023,31.78236180662159,32.52853461628234,33.01240558923958,1.84,57.0,-1.05,2.12
AMZN,2011-02-10,9.219499588012695,9.362000465393066,9.18000030517578,9.310500144958496,106628000.0,34.55303200950725,30.35253840339312,31.65910065860343,32.47771717400242,32.94535620618903,1.8,56.0,-1.04,2.2
AMZN,2011-02-11,9.277999877929688,9.475000381469728,9.268500328063965,9.462499618530272,89758000.0,34.82598042183408,30.408897446720296,31.723795068473294,32.37680964276804,32.97261275373264,1.76,57.0,-1.05,2.16
AMZN,2011-02-14,9.462499618530272,9.56999969482422,9.417499542236328,9.520999908447266,81226000.0,34.504171464291936,30.41547785709785,31.719841239711272,32.348209143666914,32.91552032951965,1.73,57.0,-1.04,2.16
AMZN,2011-02-15,9.43649959564209,9.524499893188477,9.412500381469728,9.451499938964844,77818000.0,33.9968373141823,29.69523045025772,31.74807232262481,32.27970436061886,32.90527819900361,1.7,60.0,-1.04,2.14
AMZN,2011-02-16,9.488499641418455,9.5,9.317500114440918,9.331000328063965,92564000.0,34.20829360411835,29.855326543016602,30.88072870683491,32.22063352923483,32.91154808114529,1.67,41.0,-1.01,2.35
AMZN,2011-02-17,9.28849983215332,9.454500198364258,9.26550006866455,9.387999534606934,68510000.0,34.04530440143642,29.155108525223678,30.84740246807674,32.16027460982351,32.907678410792855,1.64,41.0,-0.99,2.38
AMZN,2011-02-18,9.376999855041504,9.425000190734863,9.256500244140623,9.324999809265137,83572000.0,34.013627377165015,29.050378830021696,30.875916566177636,31.629557963014943,32.9180598818378,1.62,42.0,-0.95,2.36
AMZN,2011-02-22,9.184000015258787,9.236000061035156,8.965999603271484,9.020999908447266,112742000.0,35.3531890924508,27.94464526142322,31.350201201423282,31.891315071013608,33.09288495034287,1.6,49.0,-0.9,2.13
AMZN,2011-02-23,9.012499809265137,9.057499885559082,8.719499588012695,8.833999633789062,109640000.0,35.81699625690721,28.28177617424305,31.47618365376328,31.829950574165757,33.11365022497892,1.59,57.0,-0.83,2.06
AMZN,2011-02-24,8.843000411987305,8.987500190734863,8.727999687194824,8.887499809265137,93130000.0,35.8827523611378,28.183547481385062,31.272960421238448,31.810580886260283,33.08539073794551,1.57,48.0,-0.79,2.18
AMZN,2011-02-25,8.947500228881836,9.037500381469728,8.854999542236328,8.862000465393066,83828000.0,35.8859542680111,27.784193625313126,31.243703367618625,31.426878202384188,33.088439222560304,1.56,48.0,-0.73,2.2
AMZN,2011-02-28,8.695500373840332,8.794500350952148,8.607500076293945,8.66450023651123,135664000.0,36.29399751866154,28.13652618378072,31.008405081268954,31.55842188758707,32.80881729882249,1.54,44.0,-0.66,2.28
AMZN,2011-03-01,8.67650032043457,8.697999954223633,8.433500289916992,8.472000122070312,116942000.0,36.26493394135073,28.50044480835689,30.714997747326738,31.684929629039267,32.88799394592045,1.52,40.0,-0.62,2.39
AMZN,2011-03-02,8.454500198364258,8.664999961853027,8.417499542236328,8.60099983215332,103714000.0,36.34770135190223,28.669059424412847,30.789413613051476,31.61423732507754,32.91704526980895,1.5,42.0,-0.56,2.35
AMZN,2011-03-03,8.685500144958496,8.722999572753906,8.602499961853027,8.63949966430664,82764000.0,35.930463061388366,28.5442242317898,30.78128962157943,31.615599047659078,32.86034652983506,1.49,42.0,-0.52,2.35
AMZN,2011-03-04,8.630999565124512,8.637499809265137,8.475500106811523,8.583499908447266,98486000.0,35.228193802013806,28.53744166763598,30.679357374712836,31.609658017652354,32.868812243948646,1.47,38.0,-0.57,2.42
AMZN,2011-03-07,8.595999717712402,8.604499816894531,8.312000274658203,8.454000473022461,118658000.0,34.76681863813329,28.6933668327771,30.598856883900982,31.672041890082415,32.89911402523796,1.45,36.0,-0.57,2.46
AMZN,2011-03-08,8.469499588012695,8.48550033569336,8.336000442504883,8.344499588012695,84380000.0,34.922533617107604,28.76441520011265,30.643018305145258,31.544533081830924,32.910866466204176,1.44,39.0,-0.64,2.43
AMZN,2011-03-09,8.333499908447266,8.487500190734863,8.194999694824219,8.452500343322754,142178000.0,35.18451487517191,28.8814960454417,30.702577483217468,31.568948827666915,32.91023361453032,1.43,43.0,-0.72,2.39
AMZN,2011-03-10,8.353500366210938,8.423500061035156,8.241000175476074,8.307000160217285,119968000.0,35.44726152328411,29.048521906372642,29.488862146722916,31.633142117801842,32.88547743466006,1.41,11.0,-0.72,2.45
AMZN,2011-03-11,8.274999618530273,8.460000038146973,8.206000328063965,8.403499603271484,92198000.0,32.11098376958541,29.157448342271397,29.52488046227309,31.480885451392034,32.87205454760125,1.39,13.0,-0.69,2.44
AMZN,2011-03-14,8.329999923706055,8.404000282287598,8.228500366210938,8.33650016784668,80440000.0,23.923125870947427,29.12244252577778,29.14551381372959,31.4090945624123,32.87843992894336,1.37,5.0,-0.72,2.66
AMZN,2011-03-15,8.069499969482422,8.343999862670898,8.038000106811523,8.253999710083008,98690000.0,23.958304515656728,29.01446063304049,29.192541930506422,31.256086215315598,32.89391038935412,1.35,7.0,-0.78,2.62
AMZN,2011-03-16,8.234999656677246,8.406999588012695,8.143500328063965,8.234999656677246,104162000.0,23.512661874325776,29.01396627891496,28.53325650457442,29.656101507485022,32.89263038838384,1.33,3.0,-0.78,2.91
AMZN,2011-03-17,8.295499801635742,8.3149995803833,8.038999557495117,8.048500061035156,129428000.0,24.121301654824986,28.521485979801152,28.47973392535559,29.802451740372423,32.96353332086002,1.3,3.0,-0.79,2.92
AMZN,2011-03-18,8.059499740600586,8.177000045776367,8.029500007629395,8.090999603271484,148854000.0,24.206263647700542,28.486365585700312,28.494365731526038,29.76288319437285,32.91077601524394,1.28,4.0,-0.81,2.91
AMZN,2011-03-21,8.168499946594238,8.28950023651123,8.086000442504883,8.22599983215332,81102000.0,24.438945313791578,28.7417211477604,28.60612504182584,29.728692002293666,32.948152980276554,1.27,6.0,-0.84,2.83
AMZN,2011-03-22,8.203499794006348,8.222000122070312,8.112500190734863,8.130000114440918,72228000.0,24.54096210216317,28.740616415234953,28.575127341219304,29.765818032931158,32.956595614777285,1.26,6.0,-0.85,2.85
AMZN,2011-03-23,8.114999771118164,8.312999725341797,8.041000366210938,8.265999794006348,94426000.0,22.29635310794496,28.989749778840906,28.693877611113834,29.629147906874582,32.977168897932266,1.25,8.0,-0.86,2.78
AMZN,2011-03-24,8.410499572753906,8.600000381469727,8.368000030517578,8.555000305175781,125664000.0,24.465870705251362,29.896658538848598,29.16705950563909,29.759014364696746,32.766366187975265,1.24,12.0,-0.83,2.56
AMZN,2011-03-25,8.581999778747559,8.674500465393066,8.515000343322754,8.548999786376953,85876000.0,24.36921311673058,29.764962657369047,29.047201627610704,29.750003967622863,32.76643343846773,1.23,10.0,-0.79,2.66
AMZN,2011-03-28,8.59000015258789,8.625,8.462499618530273,8.467499732971191,68016000.0,23.756692937450673,29.811711472687186,29.027519552152576,29.713488180280706,32.78326943299643,1.22,10.0,-0.76,2.66
AMZN,2011-03-29,8.536499977111816,8.741999626159668,8.503499984741211,8.730999946594238,97692000.0,25.626241729514522,30.372719062221616,29.20108845673036,29.664290821308185,32.9034602126319,1.21,17.0,-0.73,2.58
AMZN,2011-03-30,8.888999938964844,9.05799961090088,8.883000373840332,8.970999717712402,137186000.0,27.014554817673535,30.514451027995587,29.50653341139961,29.808087176549137,32.99961040615215,1.19,24.0,-0.7,2.41
AMZN,2011-03-31,8.965499877929688,9.078499794006348,8.925000190734863,9.006500244140625,96530000.0,26.85314588090673,30.51234818534196,29.465985870536258,29.773529975270215,32.85641244804462,1.18,22.0,-0.68,2.43
AMZN,2011-04-01,9.07900047302246,9.162500381469728,8.929499626159668,9.006500244140625,113682000.0,26.767749724881718,30.384819584201427,29.447153976389647,29.532729486569615,32.854585650659,1.16,22.0,-0.67,2.44
AMZN,2011-04-04,9.044500350952148,9.180500030517578,9.034500122070312,9.147000312805176,83728000.0,27.15333350811659,30.519330572062035,29.493995246298343,29.550880628188324,32.754653556893146,1.14,26.0,-0.66,2.42
AMZN,2011-04-05,9.104999542236328,9.317999839782717,9.09000015258789,9.26449966430664,111384000.0,25.593452687793455,30.633250908022685,29.4303398344711,29.57630843212063,32.768919673076155,1.13,22.0,-0.68,2.46
AMZN,2011-04-06,9.307499885559082,9.41349983215332,9.055999755859377,9.137999534606934,108614000.0,25.140795002566733,30.75019343411705,29.38167723678119,29.490757719133903,32.51843870910959,1.11,22.0,-0.66,2.5
AMZN,2011-04-07,9.138999938964844,9.258500099182127,9.088000297546388,9.24549961090088,91280000.0,25.28983985454366,30.843841650304,29.070867173734037,29.417549340964115,32.52725951360882,1.09,12.0,-0.61,2.7
AMZN,2011-04-08,9.262999534606934,9.310999870300291,9.138999938964844,9.23550033569336,74528000.0,25.26937498956638,30.843248460726286,28.24904807522053,29.383272567586054,32.5203725856069,1.06,2.0,-0.62,3.07
AMZN,2011-04-11,9.243000030517578,9.32450008392334,9.092499732971191,9.20199966430664,65942000.0,24.289740537179462,30.80913283799898,28.22772967775691,29.38229148677693,32.5127283880803,1.04,1.0,-0.7,3.09
AMZN,2011-04-12,9.152999877929688,9.229499816894531,8.970999717712402,9.02400016784668,106690000.0,24.04648014948481,30.845914883133023,28.422929861179053,29.455913295705,32.456744813379515,1.01,5.0,-0.8,2.93
AMZN,2011-04-13,9.041500091552734,9.144000053405762,8.989999771118164,9.114500045776367,84326000.0,23.850417864950828,30.791535832896404,27.906994839462257,29.468119422325422,32.45488680624987,1.04,1.0,-0.75,3.2
AMZN,2011-04-14,9.069499969482422,9.104000091552734,8.968000411987305,9.090999603271484,71764000.0,23.87282982969111,30.439803360853883,27.908957563353976,29.468760674275003,32.34979797853588,1.06,2.0,-0.68,3.2
AMZN,2011-04-15,9.050000190734863,9.08899974822998,8.951000213623047,9.000499725341797,85448000.0,23.998607090448747,30.017118222948376,27.477718590703205,29.495828390474298,32.3683054032778,1.09,1.0,-0.63,3.44
AMZN,2011-04-18,8.918999671936035,8.945500373840332,8.768500328063965,8.916999816894531,92330000.0,23.699868173323726,29.6231888379606,27.438517149769044,29.466436521071625,32.36407845510026,1.12,1.0,-0.55,3.48
AMZN,2011-04-19,8.917499542236328,8.97350025177002,8.829999923706055,8.940999984741211,52920000.0,23.280215352619486,29.619778747533783,26.153328968034828,29.395490292864334,32.33186657299057,1.17,1.0,-0.55,3.78
AMZN,2011-04-20,9.081000328063965,9.25,9.079500198364258,9.193499565124512,81350000.0,24.25586455054544,30.156062556043427,26.52185657976543,29.18559972038159,32.356861382184334,1.21,2.0,-0.56,3.52
AMZN,2011-04-21,9.227999687194824,9.298500061035156,9.15250015258789,9.294500350952148,66962000.0,23.58879572252596,30.180154320698122,26.500676997136864,29.20457035550615,32.05813818913158,1.26,2.0,-0.59,3.54
AMZN,2011-04-25,9.282500267028809,9.317500114440918,9.18850040435791,9.270999908447266,68762000.0,23.53688784017028,28.375204034118813,26.238357882355086,29.20890811820098,31.97734443483699,1.3,2.0,-0.59,3.79
AMZN,2011-04-26,9.31350040435791,9.321000099182127,9.036999702453612,9.114999771118164,224000000.0,24.04809222282457,23.979984800730627,26.367001816265294,29.29444006386553,31.822057001722758,1.33,3.0,-0.59,3.64
AMZN,2011-04-27,9.15999984741211,9.890000343322754,9.137499809265137,9.831500053405762,472460000.0,31.650757296122972,28.34817783429939,28.952928001010008,30.55584189212346,32.62322402249678,1.33,21.0,-0.46,4.5
AMZN,2011-04-28,9.79800033569336,9.839500427246094,9.613499641418455,9.753499984741213,146000000.0,31.819250948762434,28.315356181153977,28.97350240006461,30.305335934692675,32.59893915832405,1.32,22.0,-0.43,4.48
AMZN,2011-04-29,9.718999862670898,9.829500198364258,9.689000129699709,9.790499687194824,132818000.0,30.657408518230174,28.2889371710393,28.909286980296223,30.303838425978164,32.41547952210367,1.32,21.0,-0.41,4.55
AMZN,2011-05-02,9.828499794006348,10.17099952697754,9.809000015258787,10.059499740600586,187962000.0,31.227214773729916,28.75118437429931,29.1746747696807,30.373367538288264,32.51685345385424,1.32,31.0,-0.19,4.3
AMZN,2011-05-03,10.050000190734863,10.12950038909912,9.834500312805176,9.922499656677246,122000000.0,31.673431280960262,28.858272889195895,29.265222142972924,30.418501269815295,32.01315436942696,1.31,35.0,-0.19,4.22
AMZN,2011-05-04,9.912500381469728,10.093000411987305,9.768500328063965,9.998499870300291,131000000.0,31.211612184552845,28.88086609345335,29.243883054204154,30.337361855135747,32.01154730816592,1.31,35.0,-0.15,4.23
AMZN,2011-05-05,9.93299961090088,10.050000190734863,9.805999755859377,9.85550022125244,92000000.0,31.6645633795271,28.144565868794075,29.346042357281117,30.399481459985424,31.996800123304066,1.31,39.0,-0.2,4.15
AMZN,2011-05-06,9.954999923706056,9.977999687194824,9.82800006866455,9.880000114440918,80278000.0,30.497511296931133,28.05377576213452,29.3113057646221,30.319679868141698,31.844163509805767,1.31,39.0,-0.24,4.17
AMZN,2011-05-09,9.916999816894531,10.118000030517578,9.83899974822998,10.039999961853027,116508000.0,30.621568736457533,28.211727133119357,29.40097790098975,30.362322742594472,31.519077936684738,1.31,44.0,-0.24,4.08
AMZN,2011-05-10,10.097000122070312,10.26449966430664,10.07800006866455,10.196999549865724,117718000.0,30.42091738737602,28.196747123449413,29.4596189411088,30.36937360466619,31.538968916082837,1.31,47.0,-0.17,4.03
AMZN,2011-05-11,10.156000137329102,10.274999618530272,10.112500190734863,10.218999862670898,96180000.0,29.5390476772751,28.178850897080665,29.391916146559495,30.28399839684311,31.446597246069608,1.31,44.0,-0.15,4.1
AMZN,2011-05-12,10.211000442504885,10.309499740600586,10.031000137329102,10.303500175476074,96000000.0,28.822399546488263,28.158687015824572,29.40494150568703,30.23346897776783,31.39057954033757,1.3,46.0,-0.12,4.08
AMZN,2011-05-13,10.28499984741211,10.319499969482422,10.118000030517578,10.128000259399414,82474000.0,29.507294881611408,28.26670523683899,29.150631594674326,30.24568542542964,31.352837546635566,1.3,30.0,-0.19,4.28
AMZN,2011-05-16,10.027000427246094,10.045000076293944,9.568499565124512,9.625499725341797,187728000.0,33.50826194937998,30.20541094548783,30.26857936468864,30.87117488462818,31.79226353675151,1.3,70.0,-0.24,3.83
AMZN,2011-05-17,9.590999603271484,9.798999786376951,9.588000297546388,9.740500450134276,141466000.0,33.40043516825648,30.258002032323894,30.323161438010583,30.74667940832404,31.730397906539782,1.3,71.0,-0.31,3.78
AMZN,2011-05-18,9.706500053405762,9.913999557495115,9.662500381469728,9.854499816894531,99116000.0,33.370709517764105,29.499209513532104,30.30866401812841,30.757864182239697,31.70902729386174,1.3,71.0,-0.39,3.79
AMZN,2011-05-19,9.916500091552734,9.9975004196167,9.8774995803833,9.9399995803833,74024000.0,33.07877939176027,29.159968140932875,30.329792120593158,30.009998957141725,31.43744805015052,1.3,72.0,-0.47,3.77
AMZN,2011-05-20,9.897500038146973,9.989999771118164,9.862000465393066,9.932499885559082,67620000.0,32.98465997972222,29.152682370009213,30.312200931121264,29.934881315868584,31.354991422144558,1.3,70.0,-0.54,3.78
AMZN,2011-05-23,9.777999877929688,9.864500045776367,9.60099983215332,9.810999870300291,84000000.0,33.2467435079474,29.28184508526044,30.326776193161297,29.846493247990658,31.379886663302386,1.3,71.0,-0.6,3.77
AMZN,2011-05-24,9.850000381469728,9.850000381469728,9.649999618530272,9.66349983215332,59454000.0,33.58253790145942,29.058937513181508,30.42421379449185,29.87348034814455,31.35942230605086,1.31,72.0,-0.65,3.69
AMZN,2011-05-25,9.678500175476074,9.717499732971191,9.557000160217283,9.61299991607666,93226000.0,33.05108034840151,28.655643085863474,30.33433642143587,29.851125576406428,31.330958741120273,1.31,71.0,-0.68,3.77
AMZN,2011-05-26,9.562000274658203,9.822500228881836,9.543999671936035,9.75,81504000.0,33.159362734789354,28.63768656236206,30.197372948156538,29.875264476850482,31.245599758385683,1.31,64.0,-0.73,3.87
AMZN,2011-05-27,9.73799991607666,9.805999755859377,9.675000190734863,9.706500053405762,47052000.0,33.18778640839965,28.66457412549502,30.201954281730913,29.84586462403242,31.23030046048509,1.31,64.0,-0.77,3.87
AMZN,2011-05-31,9.79699993133545,9.92199993133545,9.751500129699709,9.834500312805176,68180000.0,33.12597605048159,28.699452698093854,30.20363043496249,29.811559075988164,31.18877788937916,1.31,64.0,-0.81,3.87
AMZN,2011-06-01,9.803000450134276,9.86299991607666,9.602499961853027,9.619999885559082,68904000.0,33.73583225584221,28.911114256249476,30.383359629441525,29.941349497606534,31.196076883725944,1.31,71.0,-0.83,3.73
AMZN,2011-06-02,9.61400032043457,9.722000122070312,9.527999877929688,9.682499885559082,60898000.0,33.755235943644685,28.74932304877659,30.396506228554887,29.94392347017994,31.15014418584324,1.32,71.0,-0.87,3.71
AMZN,2011-06-03,9.56149959564209,9.660499572753906,9.380999565124512,9.416000366210938,99490000.0,34.00645704148321,29.32882109038281,30.71909433051132,30.080095468005847,30.898402529625567,1.32,77.0,-0.87,3.48
AMZN,2011-06-06,9.400500297546388,9.49250030517578,9.258999824523926,9.284500122070312,74320000.0,34.13072315998576,29.244410798438235,30.800886119237493,30.135219737849567,30.928551424140373,1.32,79.0,-0.88,3.42
AMZN,2011-06-07,9.28600025177002,9.531499862670898,9.276000022888184,9.3774995803833,97330000.0,34.24334766012323,29.22378828435212,30.839864480935,30.07158466147604,30.81149155793667,1.33,79.0,-0.88,3.39
AMZN,2011-06-08,9.3725004196167,9.490500450134276,9.315999984741213,9.40250015258789,74332000.0,33.849420573515054,29.152174124090525,30.818064858821216,30.066259008198703,30.79630925862847,1.33,78.0,-0.89,3.4
AMZN,2011-06-09,9.487000465393066,9.588000297546388,9.285499572753906,9.484000205993652,83746000.0,25.568170112908877,29.075380789815025,30.727070794107615,30.070534567751317,30.51255048849857,1.34,74.0,-0.89,3.48
AMZN,2011-06-10,9.462499618530272,9.53849983215332,9.314000129699709,9.326499938964844,75208000.0,25.894662303395716,29.322973133320414,30.769002337046263,30.138467318241524,30.566746837789545,1.34,74.0,-0.88,3.45
AMZN,2011-06-13,9.340499877929688,9.465499877929688,9.243000030517578,9.314499855041504,77378000.0,25.846497554062953,28.867459858806814,30.54941883593732,29.566425375161494,30.564294673147334,1.34,66.0,-0.88,3.61
AMZN,2011-06-14,9.44950008392334,9.53600025177002,9.353500366210938,9.498000144958496,79206000.0,25.197478609897523,29.073957858168264,30.40460250218268,29.627812516734465,30.534441486736814,1.34,64.0,-0.89,3.7
AMZN,2011-06-15,9.402000427246094,9.6225004196167,9.265000343322754,9.298999786376951,126354000.0,25.59081660744122,29.331678575750036,30.323389009021533,29.743154217540376,30.619100001388738,1.34,58.0,-0.88,3.76
AMZN,2011-06-16,9.286999702453612,9.350000381469728,9.079500198364258,9.182499885559082,120642000.0,25.589993350757084,29.34964227865609,30.38902780795335,29.779228360801437,30.636967026393734,1.34,62.0,-0.87,3.7
AMZN,2011-06-17,9.325499534606934,9.369500160217283,9.232000350952148,9.318499565124512,126444000.0,25.836023151098786,29.312169288943952,30.473209673148936,29.783917522380467,30.66473064063092,1.34,65.0,-0.86,3.63
AMZN,2011-06-20,9.29800033569336,9.442500114440918,9.278499603271484,9.38599967956543,56634000.0,25.941530188718502,28.54986026809569,30.464416799067884,29.672141248458004,30.54090646044364,1.33,64.0,-0.85,3.64
AMZN,2011-06-21,9.414999961853027,9.75,9.355999946594238,9.71150016784668,83652000.0,27.49449404550418,29.313151388314377,29.892942524347504,29.905959404325422,30.70993769235009,1.33,47.0,-0.87,3.76
AMZN,2011-06-22,9.697999954223633,9.760000228881836,9.565999984741213,9.581500053405762,62594000.0,27.254099219689653,29.39040093086529,27.438086586759297,29.690250925224255,30.735302005308444,1.34,6.0,-0.85,2.74
AMZN,2011-06-23,9.475000381469728,9.722999572753906,9.414999961853027,9.708000183105469,92192000.0,27.585081722531406,28.877307540198586,27.456705963484023,29.42109634477532,30.62845694604835,1.35,8.0,-0.82,2.7
AMZN,2011-06-24,9.694000244140623,9.746000289916992,9.567500114440918,9.6274995803833,72290000.0,27.48367928556509,28.45893042328167,27.41806771735601,29.43819981399573,30.577302969388082,1.36,6.0,-0.79,2.76
AMZN,2011-06-27,9.725000381469728,10.128999710083008,9.701499938964844,10.0625,122014000.0,30.209703030300066,29.790248699443676,28.237534954106273,29.866720294788873,30.733330362347704,1.35,14.0,-0.79,2.42
AMZN,2011-06-28,10.095999717712402,10.144000053405762,10.029999732971191,10.11750030517578,76506000.0,26.136271773144475,29.79675232729957,28.244457169725212,29.795448276923402,29.573642531934336,1.35,15.0,-0.78,2.41
AMZN,2011-06-29,10.133500099182127,10.3125,10.05150032043457,10.208999633789062,92178000.0,26.051808818296884,29.700451505900933,28.213318627747423,29.70655716546983,29.57880580277188,1.35,13.0,-0.77,2.43
AMZN,2011-06-30,10.038999557495115,10.260000228881836,10.024999618530272,10.224499702453612,88962000.0,25.876418396991767,29.612927567415646,28.21249040382106,29.683264789459727,29.55032195137791,1.34,13.0,-0.77,2.44
AMZN,2011-07-01,10.27750015258789,10.513500213623049,10.180500030517578,10.474499702453612,80174000.0,26.642111837500774,29.789817572199244,27.876052569425415,29.803621754274495,29.56832625558415,1.34,11.0,-0.75,2.58
AMZN,2011-07-05,10.437999725341797,10.72249984741211,10.43649959564209,10.659500122070312,71704000.0,27.016311861339286,29.891964566155714,27.941675332155945,29.131939889149677,29.600322957452697,1.33,14.0,-0.69,2.53
AMZN,2011-07-06,10.605999946594238,10.720000267028809,10.55049991607666,10.709500312805176,52152000.0,26.661447662533348,29.8868504086246,27.9409986765848,29.118779319440335,29.471728895415904,1.32,14.0,-0.64,2.53
AMZN,2011-07-07,10.75450038909912,10.890000343322754,10.75450038909912,10.836999893188477,62898000.0,26.215592061354098,29.92007302634792,27.890775988560296,28.89611741347898,29.405548004556564,1.31,12.0,-0.57,2.57
AMZN,2011-07-08,10.71500015258789,10.916000366210938,10.662500381469728,10.913999557495115,74158000.0,26.088472982988485,29.569486669065743,27.89517765123324,28.90228359970185,29.4020983243701,1.3,13.0,-0.5,2.56
AMZN,2011-07-11,10.836999893188477,10.875,10.550000190734863,10.6274995803833,80674000.0,27.38345993266239,30.15421585591672,28.214046898860556,28.755768036016505,29.498074343311266,1.28,20.0,-0.55,2.4
AMZN,2011-07-12,10.732000350952148,10.782500267028809,10.555999755859377,10.56149959564209,79714000.0,27.42913695536304,30.190028488640188,28.150030841531876,28.633327168108774,29.337109578758646,1.28,18.0,-0.61,2.44
AMZN,2011-07-13,10.734999656677246,10.841500282287598,10.607000350952148,10.675000190734863,84598000.0,27.359361929289825,30.12176378449275,28.17965955039102,28.654127455032217,29.345326052682463,1.27,19.0,-0.65,2.41
AMZN,2011-07-14,10.678999900817873,10.795499801635742,10.468999862670898,10.519000053405762,78050000.0,26.860193397770832,30.235044571775262,28.2659142895767,28.71199338068707,29.36833789646554,1.27,27.0,-0.71,2.36
AMZN,2011-07-15,10.654000282287598,10.726499557495115,10.464500427246094,10.643500328063965,81452000.0,26.963625300417604,30.291390969978814,27.77149353938175,28.67846059284301,29.209178373475105,1.26,11.0,-0.75,2.54
AMZN,2011-07-18,10.626500129699709,10.669500350952148,10.41450023651123,10.576499938964844,57962000.0,25.487742954233816,29.896360955401676,27.564744788505003,28.685805653533127,29.20513890584498,1.25,11.0,-0.78,2.66
AMZN,2011-07-19,10.68850040435791,10.920000076293944,10.68850040435791,10.902999877929688,88744000.0,26.021031662470566,30.397676394124495,27.929058737460256,28.860885007988678,29.34032867926304,1.24,18.0,-0.77,2.4
AMZN,2011-07-20,11.0024995803833,11.010000228881836,10.720499992370604,10.77750015258789,67458000.0,26.435208263148326,30.519947958538584,28.00214955530871,28.82631625513769,29.267778817924956,1.22,21.0,-0.79,2.36
AMZN,2011-07-21,10.836999893188477,10.854499816894531,10.553500175476074,10.660499572753906,90906000.0,26.813589375722145,30.37979827068674,27.803428152866765,28.83491784832288,29.230069147224853,1.22,13.0,-0.8,2.46
AMZN,2011-07-22,10.692999839782717,10.897500038146973,10.555500030517578,10.826000213623049,71834000.0,26.98254138409959,26.445320582895636,27.60181338972949,28.76699391293941,29.233140690841637,1.22,12.0,-0.79,2.53
AMZN,2011-07-25,10.774499893188477,10.803999900817873,10.649999618530272,10.674500465393066,66856000.0,26.812159317791057,26.569568598137653,27.650151815462674,28.824805286773312,29.272733691604437,1.21,13.0,-0.79,2.54
AMZN,2011-07-26,10.749500274658203,10.779999732971191,10.517499923706056,10.708999633789062,197272000.0,26.759357042951475,26.567762822845147,27.648220051452242,28.803433966579938,29.24318481164347,1.21,13.0,-0.79,2.54
AMZN,2011-07-27,11.219499588012695,11.359999656677246,10.980999946594238,11.12600040435791,259112000.0,28.172268634517305,27.116234151884257,28.19745991623746,29.125442265376943,29.46047193622719,1.2,28.0,-0.75,2.23
AMZN,2011-07-28,11.16349983215332,11.297499656677246,11.011500358581545,11.19499969482422,107098000.0,27.03326637946617,26.939848097180374,28.057909315131962,29.098670692058608,29.458660371581313,1.19,26.0,-0.7,2.3
AMZN,2011-07-29,11.064499855041504,11.287500381469728,10.975500106811523,11.12600040435791,103354000.0,26.70732102041726,26.96550349180397,27.98036488066898,29.04801089032057,29.465053050896717,1.18,25.0,-0.67,2.34
AMZN,2011-08-01,11.25,11.3725004196167,10.883000373840332,11.065999984741213,115786000.0,26.799873306814487,26.797340980604584,27.964728433942014,28.974971717007513,29.43282180351178,1.17,25.0,-0.66,2.38
AMZN,2011-08-02,11.015999794006348,11.121500015258787,10.5649995803833,10.585000038146973,131734000.0,30.479838772243923,28.431604388695682,28.777556510780073,29.27518775363004,29.753891301681147,1.17,47.0,-0.65,2.27
AMZN,2011-08-03,10.648500442504885,10.741499900817873,10.277000427246094,10.498000144958496,163942000.0,29.295766698133612,28.32327808197505,28.789396773756987,28.845169581696595,29.511505383983454,1.17,48.0,-0.62,2.28
AMZN,2011-08-04,10.33650016784668,10.399999618530272,10.072500228881836,10.074000358581545,131590000.0,31.629775170351813,29.425023243783166,29.562563572682738,29.268839218477687,29.82607369460905,1.17,74.0,-0.57,2.08
AMZN,2011-08-05,10.23349952697754,10.366000175476074,9.741999626159668,10.135000228881836,200480000.0,31.47333662878183,29.44905007112733,29.508466991359384,29.27288029310689,29.828396832323143,1.17,73.0,-0.53,2.1
AMZN,2011-08-08,9.81999969482422,10.01949977874756,9.5024995803833,9.6850004196167,208550000.0,34.19133897963667,30.81834455530117,30.44915603062335,29.49961365236292,30.199104272687237,1.18,91.0,-0.48,1.9
AMZN,2011-08-09,9.835000038146973,10.25450038909912,9.52299976348877,10.25450038909912,209824000.0,35.80657179761584,32.85160247818039,31.442920733871247,30.23859077686811,30.696712221562585,1.21,100.0,-0.52,1.85
AMZN,2011-08-10,10.038000106811523,10.119999885559082,9.68000030517578,9.706500053405762,175152000.0,39.213369620032616,33.12873299557945,32.72965018469278,30.719569811126274,31.03251302864949,1.26,100.0,-0.55,1.76
AMZN,2011-08-11,9.850500106811523,10.042499542236328,9.567999839782717,9.91800022125244,148038000.0,39.668375608590026,33.33394246066916,32.79659610386758,30.77467415949141,31.093852646039398,1.32,100.0,-0.56,1.72
AMZN,2011-08-12,10.013999938964844,10.227999687194824,9.86050033569336,10.114999771118164,112408000.0,40.11335422694683,33.49087956416355,32.84378014984395,30.24270060091113,31.099869884396806,1.37,100.0,-0.66,1.69
AMZN,2011-08-15,10.102999687194824,10.263999938964844,9.916000366210938,10.147500038146973,95718000.0,39.45489065758415,33.45252999984519,32.762981011013416,30.243868365938393,31.08676919127452,1.42,98.0,-0.74,1.74
AMZN,2011-08-16,10.057000160217283,10.069499969482422,9.737500190734863,9.883999824523926,104118000.0,39.70632015034547,33.895431946283864,32.65531505679156,30.378062429697838,31.149038343236484,1.46,96.0,-0.74,1.79
AMZN,2011-08-17,9.92650032043457,9.979999542236328,9.687000274658203,9.796500205993652,79822000.0,39.68737134746213,33.850002880960304,32.69487365077705,30.269297292225662,31.163825284797397,1.51,96.0,-0.75,1.77
AMZN,2011-08-18,9.560500144958496,9.56700038909912,8.986000061035156,9.12600040435791,165504000.0,44.013262929729166,36.720321716155205,34.61012655730556,31.42076910854984,31.948460267979208,1.6,100.0,-0.84,2.01
AMZN,2011-08-19,9.01449966430664,9.5,8.8774995803833,8.946499824523926,144884000.0,44.02472395624366,36.91504666006551,34.42786698518614,31.51019502311986,32.01929310574361,1.68,99.0,-0.86,2.07
AMZN,2011-08-22,9.14150047302246,9.210000038146973,8.854999542236328,8.876999855041504,106274000.0,43.61879287159593,36.79914350885065,34.1794006387928,31.518665053583316,32.01523003157248,1.75,98.0,-0.86,2.19
AMZN,2011-08-23,8.946000099182129,9.741999626159668,8.925999641418457,9.677499771118164,147032000.0,51.17324687702588,40.96314882613897,36.827996862924216,33.095456340134966,33.074117109591256,1.9,100.0,-0.83,2.76
AMZN,2011-08-24,9.694499969482422,9.815500259399414,9.508500099182127,9.68649959564209,124974000.0,51.02577070799319,40.87209804625489,36.8278308168958,33.082880934615666,33.031633431440625,2.04,99.0,-0.8,2.76
AMZN,2011-08-25,9.720499992370604,9.849499702453612,9.553500175476074,9.601499557495115,75216000.0,50.93890361105382,40.66000904449163,36.78202356152545,33.09910886996115,33.00182464355567,2.17,98.0,-0.78,2.8
AMZN,2011-08-26,9.562000274658203,9.986000061035156,9.479999542236328,9.963500022888184,106214000.0,52.08898007586667,41.344486361582824,37.18718302501107,33.36348094147781,33.16708264304635,2.3,100.0,-0.76,2.6
AMZN,2011-08-29,10.140999794006348,10.333499908447266,10.1274995803833,10.326499938964844,90220000.0,53.21692642413275,41.536839324302,37.52615940974779,33.61783900983086,33.248444920869595,2.43,100.0,-0.76,2.41
AMZN,2011-08-30,10.288999557495115,10.624500274658203,10.215999603271484,10.54599952697754,118314000.0,52.807259846175114,41.596479116341186,37.62164831800998,33.68570305740464,33.29677038882012,2.55,100.0,-0.78,2.36
AMZN,2011-08-31,10.613499641418455,10.808500289916992,10.567500114440918,10.761500358581545,148100000.0,53.06336260677378,41.73206353955683,37.73898344469917,33.7601417847208,32.8444303328767,2.67,100.0,-0.81,2.29
AMZN,2011-09-01,10.763999938964844,10.881999969482422,10.581000328063965,10.626999855041504,105506000.0,53.095106869816576,41.84304175940272,37.79678628333161,33.78522712580202,32.82418697482062,2.78,100.0,-0.83,2.26
AMZN,2011-09-02,10.446999549865724,10.534500122070312,10.350000381469728,10.5,84640000.0,52.9938563712488,41.91811744100563,37.709409052632076,33.78539495910465,32.76185437013811,2.88,98.0,-0.83,2.3
AMZN,2011-09-06,10.238499641418455,10.829999923706056,10.22350025177002,10.809000015258787,124324000.0,53.539177196269186,42.10655326130132,37.93835070234757,33.94565814525117,32.84947420678692,2.97,100.0,-0.85,2.18
AMZN,2011-09-07,10.9399995803833,11.009499549865724,10.711000442504885,10.994999885559082,105916000.0,53.75198527474018,42.2046294807919,38.00993427702021,33.80439140795846,32.862699066318974,3.07,100.0,-0.86,2.13
AMZN,2011-09-08,10.914999961853027,11.031999588012695,10.81700038909912,10.86299991607666,87958000.0,52.68303484905877,42.16579829406846,38.02788663511039,33.82961948459871,32.884309884079855,3.15,100.0,-0.89,2.12
AMZN,2011-09-09,10.7524995803833,10.847999572753906,10.487500190734863,10.569499969482422,91486000.0,53.192615112916855,42.33211807595023,38.270775416618754,33.99473065854476,32.987409436799666,3.23,100.0,-0.91,2.03
AMZN,2011-09-12,10.4375,10.833000183105469,10.432499885559082,10.82800006866455,106842000.0,53.70574394602529,42.45573754576935,38.43635991755193,34.07399544041184,33.02248271612902,3.3,100.0,-0.95,1.94
AMZN,2011-09-13,10.88949966430664,10.9975004196167,10.750499725341797,10.976499557495115,96718000.0,53.85009394307103,42.44331328729678,38.25794026467311,34.104454598906464,33.04298448351616,3.36,98.0,-0.97,2.02
AMZN,2011-09-14,11.01099967956543,11.249500274658203,10.836000442504885,11.128499984741213,117634000.0,52.32196759399835,42.493932529239686,38.27778119303502,34.12778354774563,33.06310739982263,3.41,99.0,-0.96,2.01
AMZN,2011-09-15,11.19950008392334,11.359999656677246,11.0625,11.33899974822998,112176000.0,52.46181819173265,42.126539145375425,38.36532602164922,34.16491181207591,33.06556166137816,3.46,99.0,-0.91,1.96
AMZN,2011-09-16,11.378499984741213,12.022000312805176,11.336999893188477,11.96500015258789,235060000.0,52.79171144283723,43.268762495439205,39.109502019235634,34.72146340487811,33.47263849151267,3.52,100.0,-0.4,1.76
AMZN,2011-09-19,11.85550022125244,12.199999809265137,11.644000053405762,12.084500312805176,164466000.0,52.80576003414148,43.24412448422837,37.340589057949266,34.67890049381197,33.43369054919178,3.57,86.0,-0.01,1.78
AMZN,2011-09-20,12.039999961853027,12.052499771118164,11.55150032043457,11.662500381469728,147710000.0,52.044763039546794,43.920558097812425,37.783178647199335,34.861010268333445,33.637761705522315,3.62,90.0,-0.07,1.62
AMZN,2011-09-21,11.725500106811523,12.026000022888184,11.590499877929688,11.593500137329102,117630000.0,49.84359529695586,43.11614268235171,37.8015937489398,34.86971205540873,33.641851691793676,3.67,91.0,-0.15,1.62
AMZN,2011-09-22,11.236000061035156,11.439499855041504,10.949999809265137,11.161499977111816,165092000.0,48.318791193727556,43.894634714483885,38.09840335809967,35.14876191303174,33.870777481027616,3.73,94.0,-0.25,1.54
AMZN,2011-09-23,11.025500297546388,11.224499702453612,10.95300006866455,11.180500030517578,129362000.0,48.05730749048884,43.867796073731114,38.024984816370605,35.13131942442001,33.515072258545935,3.78,92.0,-0.34,1.57
AMZN,2011-09-26,11.37399959564209,11.51200008392334,11.06999969482422,11.49250030517578,115882000.0,48.333079351056604,44.19042977505011,38.24121838103561,35.268919139377125,33.6026989265096,3.83,94.0,-0.43,1.48
AMZN,2011-09-27,11.711000442504885,11.737500190734863,11.119999885559082,11.21049976348877,156750000.0,49.06419442557908,44.27954903467413,38.38661073440009,35.397317527274055,33.70536462621077,3.88,98.0,-0.5,1.43
AMZN,2011-09-28,11.317500114440918,11.790499687194824,11.279999732971191,11.48550033569336,288738000.0,48.596382018305306,44.40708290539407,38.55875846306584,35.50135572257439,33.777809201361606,3.93,99.0,-0.57,1.36
AMZN,2011-09-29,11.708499908447266,11.71500015258789,10.814499855041504,11.121999740600586,187570000.0,49.63151227920638,44.92413923119554,38.8540953873477,35.719231359268655,33.91748575242166,3.98,99.0,-0.63,1.26
AMZN,2011-09-30,10.909500122070312,11.149999618530272,10.760499954223633,10.81149959564209,131006000.0,45.38296492862517,45.24877725914736,39.0603975528427,35.878295755269995,33.970039687992845,4.04,99.0,-0.67,1.2
AMZN,2011-10-03,10.850500106811523,11.079999923706056,10.569499969482422,10.598999977111816,132488000.0,45.38225859676209,45.404127069973676,39.19386536429288,35.908378450056304,34.02251091602657,4.09,100.0,-0.68,1.15
AMZN,2011-10-04,10.480999946594238,10.75,10.021499633789062,10.625,174232000.0,45.21524371911497,45.07967747802963,39.175052099545624,35.87818507397166,33.85686351124676,4.15,99.0,-0.69,1.16
AMZN,2011-10-05,10.626500129699709,11.008500099182127,10.423999786376951,10.975000381469728,130164000.0,39.18738242078964,45.54487328877095,39.40188298854859,35.96273012757761,33.81054772602459,4.2,100.0,-0.73,1.08
AMZN,2011-10-06,11.013999938964844,11.180999755859377,10.8774995803833,11.075499534606934,136986000.0,39.19994463923354,45.53118095626394,38.54006331308138,35.82606712521457,33.816811334489294,4.24,93.0,-0.75,1.23
AMZN,2011-10-07,11.12399959564209,11.395000457763672,10.920499801635742,11.237000465393066,135686000.0,39.09533034414203,45.504341436524605,38.56025192742921,35.72286866200761,33.83668603633505,4.27,94.0,-0.79,1.23
AMZN,2011-10-10,11.31149959564209,11.640000343322754,11.204999923706056,11.565999984741213,102862000.0,38.58788705694798,45.80924007802597,38.77261998700756,35.86690408371018,33.89981497198513,4.31,94.0,-0.82,1.15
AMZN,2011-10-11,11.529999732971191,11.837499618530272,11.449999809265137,11.77400016784668,100074000.0,37.68207234394605,45.90295342299955,38.84241057186214,35.9177632887472,33.87540869264869,4.35,94.0,-0.84,1.12
AMZN,2011-10-12,11.83199977874756,12.092000007629396,11.716500282287598,11.840499877929688,130216000.0,37.35330300805613,45.5225271773509,38.845396696736024,35.90476419464564,33.86276970153105,4.39,94.0,-0.85,1.11
AMZN,2011-10-13,11.850000381469728,11.984000205993652,11.761500358581545,11.807499885559082,96670000.0,37.07146894835737,45.45130888219429,38.787017003653105,35.43760892623226,33.86565353003151,4.43,92.0,-0.86,1.14
AMZN,2011-10-14,12.043499946594238,12.33549976348877,12.008999824523926,12.33549976348877,118474000.0,38.56670560402177,46.187031237728256,39.25389704069099,34.61369986094764,33.67486824826121,4.47,99.0,-0.73,1.02
AMZN,2011-10-17,12.214500427246094,12.33549976348877,12.033499717712402,12.116499900817873,95580000.0,38.829119502177555,46.29193261853896,39.36840980554973,34.670581920172836,33.72155895047637,4.5,99.0,-0.71,0.98
AMZN,2011-10-18,12.115500450134276,12.23050022125244,11.831000328063965,12.194000244140623,92194000.0,38.14998119540881,46.18025764284447,39.32823366495132,34.642826880341175,33.572271519880886,4.54,98.0,-0.69,0.99
AMZN,2011-10-19,12.033499717712402,12.166500091552734,11.462499618530272,11.576499938964844,134302000.0,41.22142206524664,47.49533348017647,40.24644839684367,35.21635881526976,33.99827772953968,4.59,100.0,-0.72,0.85
AMZN,2011-10-20,11.606499671936035,11.737000465393066,11.489999771118164,11.680500030517578,90498000.0,41.06000029183223,46.89915331287221,40.222037609877134,35.22699741009208,33.79840034901611,4.63,99.0,-0.75,0.86
AMZN,2011-10-21,11.845499992370604,11.850000381469728,11.529999732971191,11.73900032043457,91450000.0,40.078054719968804,46.89397833070289,40.04389929769588,35.204754867384594,33.71782465123879,4.67,98.0,-0.77,0.92
AMZN,2011-10-24,11.800999641418455,12.023500442504885,11.699999809265137,11.880499839782717,99516000.0,39.68585574368646,46.92635149081929,40.06912744949084,35.22588819482497,33.734068784867695,4.71,98.0,-0.78,0.91
AMZN,2011-10-25,11.929499626159668,11.950499534606934,11.294500350952148,11.357500076293944,280252000.0,41.91085027336308,47.85379457806971,40.48463946508681,35.40520120689594,34.04839347067085,4.75,100.0,-0.76,0.85
AMZN,2011-10-26,10.184499740600586,10.378999710083008,9.825499534606934,9.920000076293944,482684000.0,57.41525642801418,54.63790453349592,45.91240988640559,38.891346938033486,36.650574386587614,4.9,100.0,-0.73,4.32
AMZN,2011-10-27,10.213000297546388,10.43000030517578,10.05500030517578,10.33899974822998,215486000.0,58.55176983270426,55.30211196627839,46.34303187512223,39.18928460620682,36.87265224974898,5.05,100.0,-0.69,4.13
AMZN,2011-10-28,10.326499938964844,10.920000076293944,10.287500381469728,10.866000175476074,197608000.0,58.22331164773959,55.564239780163284,46.98413303650778,39.576092061758054,37.17938441603943,5.2,100.0,-0.63,3.88
AMZN,2011-10-31,10.78950023651123,10.944499969482422,10.652000427246094,10.67549991607666,146866000.0,58.23166762719663,55.68972700759669,47.06737556119087,39.63089700249875,37.186771789045075,5.35,100.0,-0.57,3.8
AMZN,2011-11-01,10.405500411987305,10.810500144958496,10.371500015258787,10.604999542236328,170236000.0,57.47433609637649,54.87422350551292,46.99660641157033,39.62900208760693,37.177274064943575,5.49,99.0,-0.51,3.85
AMZN,2011-11-02,10.77750015258789,10.839500427246094,10.63599967956543,10.781000137329102,122440000.0,57.74651969158974,53.734389150597735,47.056287873357,39.640375750598764,37.14309840870686,5.62,99.0,-0.44,3.84
AMZN,2011-11-03,10.8149995803833,10.925000190734863,10.651000022888184,10.91450023651123,106300000.0,56.88896706281709,52.50725701015294,46.999834599138005,39.6588708369683,37.15997462416023,5.74,98.0,-0.37,3.87
AMZN,2011-11-04,10.88249969482422,10.911499977111816,10.716500282287598,10.824000358581545,81316000.0,56.925708876722325,52.38780388217755,46.88694023586217,39.663599346349166,37.1585549417274,5.85,95.0,-0.3,3.94
AMZN,2011-11-07,10.842000007629396,11.010000228881836,10.699999809265137,10.850000381469728,77200000.0,56.29088576011314,52.250763542275216,46.832342657599604,39.4574393373571,37.15367443558083,5.96,94.0,-0.24,4.0
AMZN,2011-11-08,10.960000038146973,10.967499732971191,10.760499954223633,10.899499893188477,78290000.0,55.893864296756554,52.25372901147656,46.78813607421655,39.37279036797016,37.139067527500494,6.05,93.0,-0.16,4.01
AMZN,2011-11-09,10.7475004196167,10.78499984741211,10.529999732971191,10.560999870300291,93612000.0,56.04885777328178,52.38236790273911,47.07281422829006,39.558068423761014,37.24235157587184,6.15,100.0,-0.07,3.81
AMZN,2011-11-10,10.675000190734863,10.70300006866455,10.404999732971191,10.53950023651123,100892000.0,55.35318549129781,52.3453216851426,46.77829130244796,39.55705269201685,37.199560238976446,6.23,91.0,0.01,3.92
AMZN,2011-11-11,10.62600040435791,10.894000053405762,10.51550006866455,10.869500160217283,103262000.0,55.54461930298079,50.477581239326085,46.96206389724475,39.61465330666669,37.20743570932156,6.28,94.0,0.11,3.88
AMZN,2011-11-14,10.782500267028809,11.11750030517578,10.712499618530272,10.946499824523926,130444000.0,55.2481823099644,50.259740620996965,46.932977793135244,39.519619282091526,36.962325098619495,6.32,93.0,0.2,3.89
AMZN,2011-11-15,10.899999618530272,11.01650047302246,10.713000297546388,10.89150047302246,114780000.0,55.27460187425084,50.23672703667703,46.91888210801387,39.49327021725955,36.95826983279486,6.35,92.0,0.32,3.9
AMZN,2011-11-16,10.81350040435791,10.84850025177002,10.56149959564209,10.599499702453612,110188000.0,55.01314419518858,47.547387749913774,46.62246977313919,39.634897141357,37.066847297899386,6.39,87.0,0.38,3.95
AMZN,2011-11-17,10.625499725341797,10.645000457763672,10.104999542236328,10.22599983215332,159662000.0,55.82218839481495,48.161052818678804,46.97142512155313,39.866261403530864,37.084468493329744,6.43,94.0,0.4,3.72
AMZN,2011-11-18,10.26650047302246,10.267000198364258,9.85550022125244,9.857000350952148,168750000.0,56.42686305120576,48.738683234261075,47.311183338537674,40.07036752974426,37.27342729965207,6.46,100.0,0.34,3.5
AMZN,2011-11-21,9.66450023651123,9.66800022125244,9.2524995803833,9.462499618530272,226424000.0,56.47668702316436,48.85500971851148,47.74455786631261,40.34025492310559,37.36049130847869,6.5,100.0,0.26,3.25
AMZN,2011-11-22,9.34749984741211,9.70199966430664,9.178999900817873,9.616999626159668,198312000.0,56.41721159184531,48.3901645056521,47.65538130739234,40.35634136185459,37.3695353916266,6.52,99.0,0.16,3.29
AMZN,2011-11-23,9.652999877929688,9.729999542236328,9.39449977874756,9.44950008392334,160226000.0,56.37563651238733,48.27965968284917,47.63667523300713,40.35765277965082,37.04807083315383,6.54,98.0,0.05,3.26
AMZN,2011-11-25,9.520500183105469,9.541500091552734,9.075499534606934,9.119999885559082,99440000.0,56.93126845298641,48.54206835755002,47.936261655391746,40.56317850582947,37.22010654645118,6.56,100.0,-0.02,3.09
AMZN,2011-11-28,9.582500457763672,9.730999946594238,9.527000427246094,9.707500457763672,144146000.0,58.655623240878604,50.29622090780927,48.959295242054516,41.20737924701504,37.71734160278485,6.58,100.0,-0.1,2.82
AMZN,2011-11-29,9.73900032043457,9.774999618530272,9.364999771118164,9.419500350952148,131502000.0,58.94104343887312,50.5935984139971,49.1567686284831,41.350615178345336,37.76787090508032,6.61,100.0,-0.2,2.71
AMZN,2011-11-30,9.73799991607666,9.765000343322754,9.4375,9.614500045776367,154340000.0,59.38862288622205,50.401853507427404,49.11240795813857,41.41494641221309,37.816813273301115,6.63,99.0,-0.28,2.76
AMZN,2011-12-01,9.592499732971191,9.903499603271484,9.579500198364258,9.856499671936035,146554000.0,58.6064815136632,50.552590871443826,49.27585560084235,41.41466144724048,37.89618242791221,6.65,100.0,-0.33,2.72
AMZN,2011-12-02,9.853500366210938,9.982999801635742,9.758999824523926,9.80150032043457,150524000.0,58.449378664996566,50.51385853198492,49.247926262530804,41.41931430179328,37.89733301848653,6.66,99.0,-0.39,2.72
AMZN,2011-12-05,9.942999839782717,9.949999809265137,9.683500289916992,9.812000274658203,118442000.0,58.39715694080327,50.2319204397778,49.198513763069066,41.37833223559545,37.87503355874606,6.66,98.0,-0.45,2.75
AMZN,2011-12-06,9.798999786376951,9.916000366210938,9.505499839782717,9.599499702453612,104040000.0,58.31720730598724,50.12382770694711,49.27161285532053,41.439684781221224,37.933017529877944,6.65,99.0,-0.51,2.69
AMZN,2011-12-07,9.55150032043457,9.83549976348877,9.456000328063965,9.765999794006348,128546000.0,57.585548383972515,50.17675965111151,49.348745504631,41.44297321720309,37.96921799474088,6.63,100.0,-0.56,2.68
AMZN,2011-12-08,9.678500175476074,9.794500350952148,9.503999710083008,9.52400016784668,87222000.0,42.90320531188505,50.28900480175283,49.24184503247058,41.36462584620236,38.04515597133385,6.61,96.0,-0.62,2.68
AMZN,2011-12-09,9.560500144958496,9.697500228881836,9.420000076293944,9.65149974822998,103176000.0,41.21191603819516,50.2027154819372,49.26869205536311,41.39160200755356,38.065097535784794,6.58,97.0,-0.67,2.68
AMZN,2011-12-12,9.501500129699709,9.557499885559082,9.381500244140623,9.47599983215332,86864000.0,38.37129286297712,48.899063147186155,49.32049821390652,41.43518251880734,38.102384677306375,6.54,99.0,-0.72,2.65
AMZN,2011-12-13,9.428000450134276,9.484000205993652,8.925000190734863,9.025500297546388,185946000.0,40.29824373304376,49.6619806486514,49.81938115443869,41.68882884119856,38.416217872662465,6.5,100.0,-0.75,2.43
AMZN,2011-12-14,8.949999809265137,9.037500381469728,8.512499809265137,9.010499954223633,232284000.0,40.31289319964855,49.25168250557398,49.780491295526446,41.565967395545115,38.405569356589574,6.45,99.0,-0.78,2.46
AMZN,2011-12-15,9.102499961853027,9.239999771118164,8.976499557495117,9.062999725341797,145198000.0,39.92666477856433,49.29382459345589,49.78867899782619,41.56902288199489,38.38465054677053,6.39,99.0,-0.82,2.46
AMZN,2011-12-16,9.121000289916992,9.220499992370604,9.01550006866455,9.062999725341797,133282000.0,39.60003600982415,48.79114093616095,49.37763480362395,41.56902288199489,38.38372360479248,6.33,97.0,-0.84,2.59
AMZN,2011-12-19,9.100000381469728,9.158499717712402,8.949999809265137,8.966500282287598,90672000.0,39.61714826879926,48.801211224265984,49.37873029038739,41.54750983593691,38.26751000455793,6.26,97.0,-0.86,2.57
AMZN,2011-12-20,9.134499549865724,9.158499717712402,9.027000427246094,9.12600040435791,92002000.0,40.149414723106965,48.57266245468257,49.474704702105676,41.57273276037364,38.30019267607363,6.18,97.0,-0.88,2.55
AMZN,2011-12-21,9.095999717712402,9.175000190734863,8.624500274658203,8.717499732971191,161334000.0,41.64855746667837,49.14596419634103,49.95893864780176,41.892718938478104,38.57242590617566,6.1,100.0,-0.87,2.35
AMZN,2011-12-22,8.754500389099121,8.983499526977539,8.71049976348877,8.951499938964844,93898000.0,42.1239959878362,49.20378771645165,49.707337957869875,41.988618582308426,38.64703936231292,6.02,96.0,-0.91,2.48
AMZN,2011-12-23,8.961000442504883,8.984000205993652,8.779999732971191,8.86400032043457,69930000.0,42.128638180996056,48.872587182886406,49.71324937138686,42.00399807863802,38.65860279614894,5.94,96.0,-0.94,2.48
AMZN,2011-12-27,8.886500358581543,8.929499626159668,8.807999610900879,8.81350040435791,59018000.0,40.67604343096122,48.60678249241291,49.31239086992804,42.007092438782074,38.65850308060935,5.86,89.0,-0.96,2.66
AMZN,2011-12-28,8.819499969482422,8.832500457763672,8.61400032043457,8.694499969482422,73190000.0,40.49625242269783,48.53322559205231,49.33613432254786,41.974555701736946,38.661094544724136,5.76,90.0,-0.98,2.63
AMZN,2011-12-29,8.480999946594238,8.727499961853027,8.34850025177002,8.692999839782715,164186000.0,40.54832391161709,48.52292657668376,48.831966976753606,41.9570583901149,38.65977945441573,5.68,78.0,-0.99,2.86
AMZN,2011-12-30,8.668000221252441,8.758500099182129,8.624500274658203,8.654999732971191,85596000.0,40.12389530729006,47.947393556687466,47.93326749396695,41.95899823885079,38.63290510361267,5.6,76.0,-1.02,3.11
AMZN,2012-01-03,8.794500350952148,8.973999977111816,8.77750015258789,8.951499938964844,102216000.0,40.79639553508179,48.49476289366853,47.490539935200076,42.13440660902679,38.710842028816714,5.53,72.0,-1.04,3.34
AMZN,2012-01-04,8.96049976348877,9.024999618530272,8.803500175476074,8.875499725341797,84104000.0,39.6579345951694,48.358520109827566,47.36986681379929,42.13204637413048,38.71743359642343,5.46,71.0,-1.07,3.38
AMZN,2012-01-05,8.79699993133545,8.912500381469727,8.702500343322754,8.880499839782715,76182000.0,38.052601422425845,47.884414467747646,47.2534926578923,42.130869704566244,38.69514475074719,5.39,69.0,-1.1,3.42
AMZN,2012-01-06,8.903499603271484,9.232500076293944,8.875,9.130499839782717,140168000.0,38.67880421963788,48.12418090133551,47.47339918989217,42.13006367017713,38.78729040192045,5.31,71.0,-1.14,3.33
AMZN,2012-01-09,9.137999534606934,9.218500137329102,8.850000381469727,8.928000450134277,101138000.0,38.876780898747114,48.22186126999304,47.424807128416674,42.192656220860016,38.85124000791884,5.22,70.0,-1.16,3.36
AMZN,2012-01-10,9.05500030517578,9.119999885559082,8.854999542236328,8.967000007629395,79716000.0,37.57789856818769,48.25623477970976,47.41544886165511,42.19522628631737,38.851522061569284,5.13,69.0,-1.19,3.38
AMZN,2012-01-11,8.982000350952148,9.03849983215332,8.909500122070312,8.944999694824219,62054000.0,32.48690725825945,47.19704541453324,46.06866578827121,42.148868342223196,38.85184433473616,5.05,49.0,-1.19,3.87
AMZN,2012-01-12,8.970999717712402,8.974499702453613,8.787500381469727,8.796500205993652,107716000.0,31.729415519657355,47.18433316068548,46.03737683920226,41.21797029578604,38.88719003137428,4.98,48.0,-1.19,3.89
AMZN,2012-01-13,8.790499687194824,8.9399995803833,8.675000190734863,8.920999526977539,95070000.0,31.380950595173772,47.291857243239726,46.07587394368178,41.24504532722765,38.90500465125747,4.89,49.0,-1.19,3.89
AMZN,2012-01-17,9.00749969482422,9.164999961853027,8.92549991607666,9.083000183105469,112890000.0,30.920818763899216,46.50434649152518,44.05065630601441,41.30004913624067,38.9086229945298,4.84,45.0,-1.21,4.19
AMZN,2012-01-18,9.097000122070312,9.512499809265137,9.055999755859377,9.472000122070312,149470000.0,33.49852633216977,47.381110096572776,44.56565834795564,41.47608596915511,39.113341040229706,4.79,45.0,-1.22,3.98
AMZN,2012-01-19,9.543999671936035,9.79699993133545,9.517999649047852,9.72249984741211,141920000.0,34.415147825296565,47.73872777190561,44.73870442955644,41.562741856721594,39.13113381514274,4.74,45.0,-1.21,3.93
AMZN,2012-01-20,9.535499572753906,9.645000457763672,9.45199966430664,9.546500205993652,112206000.0,34.233000831102274,47.7319584263376,44.43823441751333,41.60775393774441,39.082592546602754,4.69,43.0,-1.23,4.0
AMZN,2012-01-23,9.53950023651123,9.58650016784668,9.261500358581545,9.304499626159668,91706000.0,34.59470049610622,47.177194485056,44.23395673396565,41.68301545788346,39.08529198897693,4.64,42.0,-1.25,4.02
AMZN,2012-01-24,9.25,9.420499801635742,9.190999984741213,9.350000381469728,93476000.0,33.910963992496065,38.344867231649616,44.10288176238238,41.686246278355135,39.086591283573576,4.59,41.0,-1.27,4.08
AMZN,2012-01-25,9.349499702453612,9.408499717712402,9.23050022125244,9.390000343322754,86128000.0,33.68930181796799,37.33497598593984,43.978057672963686,41.64437411508119,39.08853483523373,4.55,39.0,-1.28,4.13
AMZN,2012-01-26,9.46500015258789,9.74250030517578,9.43649959564209,9.666000366210938,117472000.0,34.346394171629456,36.34593210196539,44.20236595975756,41.74692614458405,39.1861412640823,4.5,41.0,-1.28,4.06
AMZN,2012-01-27,9.654500007629396,9.824999809265137,9.616499900817873,9.768500328063965,93180000.0,31.08368750669127,36.284350290825,44.203637387755926,41.76567492303583,38.87734112726079,4.45,41.0,-1.28,4.09
AMZN,2012-01-30,9.684000015258787,9.75,9.506500244140623,9.607500076293944,108482000.0,31.562018966537238,36.402488045385965,44.01558572407639,41.79810446236572,38.177216597916555,4.41,37.0,-1.28,4.13
AMZN,2012-01-31,9.699999809265137,9.781499862670898,9.484999656677246,9.722000122070312,255444000.0,31.671365154303643,36.31667099760653,43.968342820890236,41.77504157391195,38.18276367631528,4.36,35.0,-1.27,4.15
AMZN,2012-02-01,8.690500259399414,8.9975004196167,8.600000381469727,8.972999572753906,426732000.0,39.69358207959924,39.588614583266846,45.69095882738639,42.413790885602715,39.00036094631567,4.31,45.0,-1.27,3.61
AMZN,2012-02-02,8.982500076293945,9.097000122070312,8.84000015258789,9.086000442504885,174726000.0,39.73680204893402,39.70503227251545,45.56349233691998,42.4164560874907,39.01163551656952,4.27,44.0,-1.28,3.74
AMZN,2012-02-03,9.14150047302246,9.395000457763672,9.094499588012695,9.383999824523926,162410000.0,40.50619380275819,40.34270912079748,45.69778052967139,42.568796988702296,39.14331508084591,4.22,45.0,-1.27,3.68
AMZN,2012-02-06,9.314000129699709,9.32800006866455,9.145999908447266,9.156999588012695,106200000.0,38.805458741643,40.56672477404199,45.77861311562725,42.65154569973671,39.201714733545415,4.17,45.0,-1.26,3.58
AMZN,2012-02-07,9.13249969482422,9.246999740600586,9.102999687194824,9.209500312805176,102078000.0,38.11039112377822,40.159634981733134,45.726808912743095,42.6577806928042,39.20474688490725,4.12,44.0,-1.23,3.6
AMZN,2012-02-08,9.2475004196167,9.32450008392334,9.145500183105469,9.27400016784668,109532000.0,38.008767669327476,40.20447004721409,45.62975484142251,42.6431500711688,39.03723071631918,4.07,41.0,-1.2,3.64
AMZN,2012-02-09,9.225000381469728,9.284500122070312,9.088000297546388,9.24899959564209,143784000.0,37.96902872981806,39.61319529501347,44.74558380675738,42.607602382065835,39.01922865693472,4.03,39.0,-1.16,3.93
AMZN,2012-02-10,9.17099952697754,9.381500244140623,9.12600040435791,9.277000427246094,115942000.0,37.69536058890413,39.57938695392332,44.7098126177836,42.60517878565062,39.01731151870319,3.95,37.0,-1.13,3.94
AMZN,2012-02-13,9.35849952697754,9.625,9.284000396728516,9.579500198364258,121428000.0,38.66874280617889,40.21424006483479,44.73201430658149,42.74285308453711,39.115842630488025,3.88,37.0,-1.06,4.04
AMZN,2012-02-14,9.553999900817873,9.678500175476074,9.30500030517578,9.5649995803833,190542000.0,38.62858019923758,39.87430025957976,44.72754048358464,42.740025572520175,39.11132800124021,3.81,36.0,-0.99,4.05
AMZN,2012-02-15,9.564499855041504,9.57699966430664,9.163000106811523,9.22350025177002,155888000.0,39.1763244403622,39.89207991049547,44.69506440437983,42.92547662047323,39.273456442605045,3.75,34.0,-0.94,4.07
AMZN,2012-02-16,8.88949966430664,9.083999633789062,8.756999969482422,8.996500015258789,251276000.0,39.8056545768082,39.52023206271299,44.83989696557614,42.94720878129002,39.331366309464215,3.67,39.0,-0.88,3.94
AMZN,2012-02-17,9.004500389099121,9.170499801635742,8.968000411987305,9.125,148362000.0,40.00418869454948,38.783794110422384,44.6646605499153,42.97417981181099,39.35256450232594,3.6,32.0,-0.8,4.01
AMZN,2012-02-21,9.13249969482422,9.237500190734863,9.029000282287598,9.11299991607666,135130000.0,39.187180145874585,38.62550242561634,44.51839060189301,42.848916398874856,39.347142688904654,3.54,30.0,-0.72,4.14
AMZN,2012-02-22,9.09749984741211,9.149499893188477,9.01449966430664,9.029000282287598,115708000.0,38.71718799903668,38.50965795153695,44.33172916066157,42.8307719519669,39.217990393157095,3.47,28.0,-0.63,4.2
AMZN,2012-02-23,8.982000350952148,9.037500381469728,8.847999572753906,8.944499969482422,103076000.0,38.799495128093234,37.87047414398291,44.08947340821949,42.82764698278779,39.17303818899016,3.41,23.0,-0.55,4.38
AMZN,2012-02-24,8.984999656677246,9.036999702453612,8.918499946594238,8.956500053405762,73374000.0,38.79492438649558,35.544880331801934,43.89288667969966,42.82666160600022,39.16864468353163,3.35,18.0,-0.49,4.56
AMZN,2012-02-27,8.876999855041504,8.959500312805176,8.824999809265137,8.92650032043457,74124000.0,38.48444795855567,35.03907589123016,43.799008306380195,42.815072524965046,39.16903299815896,3.29,17.0,-0.44,4.65
AMZN,2012-02-28,8.944999694824219,9.214500427246094,8.897500038146973,9.1899995803833,115290000.0,39.1854311502196,35.306619480718155,44.06689716353661,42.91115188707803,39.21063617823894,3.23,22.0,-0.39,4.53
AMZN,2012-02-29,9.194499969482422,9.199999809265137,8.950499534606934,8.98449993133545,106006000.0,39.420916100984805,35.17600562949575,43.85586117383845,42.99370895293117,39.21149575305742,3.17,16.0,-0.29,4.56
AMZN,2012-03-01,8.994500160217285,9.024499893188477,8.829000473022461,9.001999855041504,98720000.0,37.341186994347076,35.172856535867254,43.82435843633124,42.93053615211123,39.18343211831891,3.09,15.0,-0.18,4.57
AMZN,2012-03-02,8.973999977111816,9.092000007629396,8.946000099182129,8.96500015258789,73156000.0,36.401588769905686,35.173250917300194,43.74495783188308,42.861148313403106,39.18341012730872,3.01,13.0,-0.05,4.59
AMZN,2012-03-05,8.949999809265137,9.090999603271484,8.909000396728516,9.012999534606934,93654000.0,36.16673825922054,34.94097836353139,43.477626622598216,42.840626556091536,39.181128723221065,2.93,12.0,0.13,4.72
AMZN,2012-03-06,8.934000015258789,9.175000190734863,8.902000427246094,9.054499626159668,112244000.0,35.4965866051481,34.754844937583236,43.370843955860174,42.80812880861548,39.15303165483542,2.86,11.0,0.31,4.77
AMZN,2012-03-07,9.13249969482422,9.274999618530272,9.119999885559082,9.18850040435791,99030000.0,35.748613606083,34.54538454762533,43.438538730681444,42.835384261613676,39.156583374796774,2.78,11.0,0.51,4.74
AMZN,2012-03-08,9.208499908447266,9.418999671936035,9.1899995803833,9.381999969482422,84430000.0,36.26289346152919,34.709150089465034,43.59669813836492,42.71492118678452,39.1902328843846,2.69,12.0,0.73,4.67
AMZN,2012-03-09,9.339500427246094,9.359999656677246,9.17199993133545,9.215999603271484,90212000.0,35.54130238584573,34.69831711119215,43.03363949930746,42.73720965528884,39.19248643247555,2.62,8.0,0.71,4.88
AMZN,2012-03-12,9.206500053405762,9.270000457763672,9.109999656677246,9.169500350952148,51752000.0,35.36556293860866,33.2280711276872,42.967934837827315,42.711485217289315,39.18028886473556,2.55,7.0,0.75,4.95
AMZN,2012-03-13,9.196000099182127,9.243499755859377,9.03849983215332,9.229499816894531,88116000.0,35.17601017948206,33.250131078518194,42.968734480133314,42.708418516700334,39.176133118910386,2.48,7.0,0.59,4.95
AMZN,2012-03-14,9.182499885559082,9.215999603271484,9.057000160217283,9.11299991607666,73994000.0,35.09590376002478,33.33782755062112,42.2711892536677,42.40469176171678,39.18441575767934,2.44,5.0,0.76,5.45
AMZN,2012-03-15,9.10099983215332,9.221500396728516,9.015000343322754,9.221500396728516,83202000.0,26.369154405472585,33.42456663655394,42.29342011149379,42.42413862109549,39.200153605366296,2.4,5.0,0.86,5.43
AMZN,2012-03-16,9.163999557495115,9.284000396728516,9.11750030517578,9.2524995803833,98680000.0,26.15162880700626,33.35116930495518,42.286956934769826,42.411561982216114,39.13096447473822,2.35,4.0,0.81,5.44
AMZN,2012-03-19,9.172499656677246,9.333999633789062,9.149999618530272,9.276000022888184,78068000.0,24.38312351689197,33.16337160617599,42.231848243641146,42.412431955613165,39.128615389891785,2.3,2.0,0.3,5.46
AMZN,2012-03-20,9.244000434875488,9.720499992370604,9.144000053405762,9.616499900817873,183308000.0,25.47165327919086,32.54342492158459,42.113641516183556,42.53310493272677,39.25709650074179,2.27,1.0,0.22,5.69
AMZN,2012-03-21,9.625,9.71399974822998,9.562999725341797,9.58650016784668,84288000.0,25.47733628898598,32.140885779557806,36.254784567072754,42.48032517125762,39.23931661015165,2.48,1.0,0.27,0.89
AMZN,2012-03-22,9.527000427246094,9.70300006866455,9.512999534606934,9.619999885559082,74792000.0,25.4302075818837,32.06259543004477,35.638870453139894,42.478478686860335,39.207756541397096,2.69,1.0,0.42,1.03
AMZN,2012-03-23,9.600500106811523,9.8100004196167,9.59000015258789,9.751999855041504,119680000.0,25.65081534578104,32.1251975733308,34.7891737115318,42.48639540976665,39.08311136718739,2.92,1.0,0.58,1.12
AMZN,2012-03-26,9.824000358581545,10.148500442504885,9.774999618530272,10.143500328063965,152274000.0,27.871559150494228,32.873733426655036,35.271410345299664,42.73932864076613,39.27540049674462,3.1,2.0,0.67,1.04
AMZN,2012-03-27,10.179499626159668,10.49250030517578,10.144000053405762,10.272000312805176,192016000.0,26.64793496306499,32.932253647053,35.318477087556325,42.65264021299627,39.27983258733953,3.27,3.0,0.72,1.04
AMZN,2012-03-28,10.307000160217283,10.350000381469728,10.01550006866455,10.05799961090088,124900000.0,27.481343645927048,33.26273463786196,35.36684550882636,42.718209609354275,39.22520075276737,3.43,4.0,0.82,0.99
AMZN,2012-03-29,10.064000129699709,10.26550006866455,10.031499862670898,10.23050022125244,114224000.0,25.332054259797467,32.76688701754457,35.418635015711445,42.747550338348695,39.16946328209654,3.57,5.0,0.82,0.98
AMZN,2012-03-30,10.25100040435791,10.342499732971191,10.093500137329102,10.125499725341797,88762000.0,24.24086081227955,32.79401811985473,35.431025612840536,42.7297105230408,39.18290476889673,3.71,6.0,0.86,0.97
AMZN,2012-04-02,9.901000022888184,9.994999885559082,9.850000381469728,9.90250015258789,128606000.0,25.1863589556407,33.17421843358987,35.59272805873247,42.785131273921635,39.24878637621384,3.83,7.0,0.93,0.89
AMZN,2012-04-03,9.911999702453612,10.119500160217283,9.875,9.982999801635742,100014000.0,25.202840231943778,32.75946489873919,35.61102594798744,42.79106596991795,39.227201075317055,3.94,8.0,0.88,0.89
AMZN,2012-04-04,9.84749984741211,9.883999824523926,9.618000030517578,9.69950008392334,109138000.0,26.62841951817655,32.98377794110015,35.55357310686351,42.766076618986304,39.31528098129604,4.05,7.0,1.07,0.9
AMZN,2012-04-05,9.677499771118164,9.80150032043457,9.677499771118164,9.719499588012695,64350000.0,26.393584435411064,32.97827889459159,35.55604150138069,42.747456441979,39.29081898629938,4.16,8.0,1.26,0.9
AMZN,2012-04-09,9.60099983215332,9.710000038146973,9.524999618530272,9.593500137329102,62718000.0,26.78781263380467,33.10160937787943,35.24303270425351,42.755465084078395,39.29633310364171,4.26,2.0,1.21,0.98
AMZN,2012-04-10,9.637499809265137,9.675999641418455,9.328499794006348,9.348999977111816,89100000.0,27.964315626416507,33.36254030490365,35.431666551749494,42.81657045788538,39.38184751006781,4.36,8.0,0.77,0.89
AMZN,2012-04-11,9.481499671936035,9.59850025177002,9.339500427246094,9.398500442504885,86756000.0,26.751096533697837,33.26439493903507,35.44387849166775,42.793345143507395,39.38356843404463,4.45,9.0,-0.06,0.89
AMZN,2012-04-12,9.402999877929688,9.61299991607666,9.280500411987305,9.534500122070312,80558000.0,26.08345509379163,33.192807624597606,35.29025604096914,42.82804809255273,39.35993159961687,4.54,4.0,-0.51,0.97
AMZN,2012-04-13,9.494999885559082,9.496999740600586,9.312999725341797,9.42300033569336,68636000.0,26.38590927450453,32.159232972547386,34.890096695040675,42.59745095023746,39.36585111116254,4.63,2.0,-0.51,1.1
AMZN,2012-04-16,9.450499534606934,9.47350025177002,9.182499885559082,9.274999618530272,80886000.0,26.818353157305058,31.84741069615616,34.497491740806055,42.625380124126785,39.397305090229224,4.72,1.0,-0.42,1.23
AMZN,2012-04-17,9.36050033569336,9.501999855041504,9.343500137329102,9.419500350952148,56584000.0,27.115027066165016,31.806671546068227,33.979863704733276,42.66555810168485,39.41415598862687,4.82,1.0,-0.41,1.4
AMZN,2012-04-18,9.440999984741213,9.672499656677246,9.437000274658203,9.553500175476074,80038000.0,27.35014375873051,31.490612742238778,33.95625771331925,42.69925222937793,39.42714619301601,4.91,1.0,-0.4,1.41
AMZN,2012-04-19,9.646499633789062,9.727499961853027,9.487500190734863,9.55500030517578,80048000.0,27.07735512604323,31.477054480845524,33.84005731537675,42.38270458904911,39.42640255107349,4.99,1.0,-0.42,1.48
AMZN,2012-04-20,9.616999626159668,9.673999786376951,9.489999771118164,9.49899959564209,64872000.0,26.50342001459554,31.49194187815007,33.37025101721326,42.377573654319235,39.333631865263264,5.08,1.0,-0.43,1.67
AMZN,2012-04-23,9.44950008392334,9.44950008392334,9.275500297546388,9.411999702453612,69620000.0,26.100898834066932,30.969400485200737,31.885752342050584,42.113456365215434,39.329661502203585,5.19,1.0,-0.38,1.58
AMZN,2012-04-24,9.434000015258787,9.53499984741211,9.325499534606934,9.51650047302246,67526000.0,26.20905218153228,30.97704454659463,31.574251538846365,42.12834921362062,39.34413626908644,5.29,1.0,-0.39,1.76
AMZN,2012-04-25,9.583499908447266,9.739999771118164,9.579999923706056,9.720999717712402,79102000.0,26.808545426599068,31.104282895822276,31.587157603167675,41.86206259809823,39.363312944342006,5.38,2.0,-0.42,1.76
AMZN,2012-04-26,9.678500175476074,9.817999839782717,9.651000022888184,9.799500465393066,204680000.0,26.51066287237781,31.053143436524767,31.363795870010776,41.31852577366011,38.63672719791077,5.47,1.0,-0.41,1.85
AMZN,2012-04-27,11.241499900817873,11.434499740600586,11.01099967956543,11.342499732971191,442338000.0,49.39425622447055,39.54720561276992,39.00944412864261,44.31746823999886,41.30281820413843,5.45,27.0,3.93,11.42
AMZN,2012-04-30,11.197500228881836,11.69200038909912,11.15250015258789,11.595000267028809,195138000.0,49.57367279807239,39.68327558202501,39.14560132400856,44.32053666970217,41.35714312343958,5.42,28.0,6.23,11.17
AMZN,2012-05-01,11.470000267028809,11.648500442504885,11.420000076293944,11.501999855041504,135098000.0,49.76088215253771,39.31783531315135,38.994879582472265,44.27634061372054,41.280903474777936,5.39,27.0,6.05,11.34
AMZN,2012-05-02,11.390999794006348,11.571999549865724,11.369999885559082,11.512499809265137,91868000.0,49.02543916505766,38.890836108341226,38.91691497484162,44.27535332593279,41.256136921814104,5.36,27.0,5.57,11.5
AMZN,2012-05-03,11.487000465393066,11.626500129699709,11.40149974822998,11.47249984741211,81110000.0,49.031304720868604,38.91729586787627,38.689523064623934,44.1615302822351,41.25206181168978,5.33,27.0,4.85,11.77
AMZN,2012-05-04,11.390000343322754,11.486000061035156,11.187000274658203,11.19950008392334,91704000.0,49.798576780258344,39.32276134442682,38.8629461257617,44.24510634462445,41.298606136584695,5.3,28.0,4.12,11.62
AMZN,2012-05-07,11.118000030517578,11.343500137329102,11.114500045776367,11.258000373840332,66286000.0,49.73255054395157,39.30596314482946,38.736569474182396,43.418904251052325,41.30081613638777,5.26,28.0,3.46,11.74
AMZN,2012-05-08,11.157500267028809,11.26949977874756,10.90999984741211,11.19499969482422,90448000.0,48.713371314976264,39.34814999028707,37.90354968869899,43.35441159743662,41.27577248905048,5.22,27.0,2.9,12.75
AMZN,2012-05-09,11.029500007629396,11.288999557495115,11.008000373840332,11.14900016784668,74240000.0,48.67681435604225,38.90731654972935,37.91184205929055,43.34578716484364,41.25042320266215,5.18,28.0,2.41,12.74
AMZN,2012-05-10,11.195500373840332,11.45400047302246,11.09749984741211,11.334500312805176,92968000.0,48.29769752627523,39.00241895395153,37.97619705445523,42.18828675388227,41.281646678887405,5.13,29.0,1.99,12.6
AMZN,2012-05-11,11.297499656677246,11.534000396728516,11.286499977111816,11.383999824523926,83872000.0,48.140214636500325,38.138249503253554,37.97596491915571,42.19029552742793,41.27608949905993,5.09,29.0,1.63,12.59
AMZN,2012-05-14,11.279999732971191,11.364500045776367,11.125499725341797,11.146499633789062,61932000.0,48.50964688716976,38.02406940946628,38.101825027181185,42.25498065509833,41.294618901573806,5.05,31.0,1.3,12.43
AMZN,2012-05-15,11.324999809265137,11.530500411987305,11.149999618530272,11.219499588012695,114274000.0,47.90996062422072,37.96514920201003,38.02787217090724,42.0409260088562,40.97687759701743,4.99,31.0,1.0,12.58
AMZN,2012-05-16,11.25,11.399999618530272,11.125,11.20300006866455,105236000.0,47.92194034806623,37.96599665069046,37.25091941563339,41.83330292929724,40.96176205176911,4.94,27.0,0.76,13.59
AMZN,2012-05-17,11.2524995803833,11.300000190734863,10.904500007629396,10.91800022125244,90110000.0,47.74970927892843,38.35068701258585,37.318251062913546,41.87565599412387,41.0308982410559,4.88,28.0,0.54,13.65
AMZN,2012-05-18,10.970499992370604,10.981499671936035,10.64050006866455,10.692500114440918,104634000.0,48.28780401282333,38.58251863230237,37.448214236225894,41.881173575689445,41.07754445578093,4.82,29.0,0.39,13.47
AMZN,2012-05-21,10.701499938964844,10.99899959564209,10.640999794006348,10.905500411987305,71596000.0,48.26489735730994,38.73291774876399,37.534621185161434,41.919374971373095,41.12334239587742,4.76,30.0,0.22,13.24
AMZN,2012-05-22,10.915499687194824,10.943499565124512,10.697999954223633,10.76650047302246,74662000.0,47.704824141130594,38.850712888826614,37.52664652759197,41.92277276507726,41.124984133385006,4.7,30.0,0.09,13.25
AMZN,2012-05-23,10.73550033569336,10.8774995803833,10.559000015258787,10.86400032043457,84876000.0,47.72101089970289,38.49378580369635,37.540590261161924,41.79554075410091,41.10443073387645,4.64,32.0,-0.05,13.2
AMZN,2012-05-24,10.848999977111816,10.883000373840332,10.635000228881836,10.76200008392334,62822000.0,47.806169287889176,38.21601130767116,37.57178939684812,41.761082572604245,41.1124120766695,4.6,33.0,-0.17,13.16
AMZN,2012-05-25,10.749500274658203,10.798999786376951,10.611000061035156,10.64449977874756,43428000.0,47.78415651030928,38.32299711108194,37.28635771730151,41.75685048876126,41.105119643935986,4.56,28.0,-0.27,13.77
AMZN,2012-05-29,10.71500015258789,10.827500343322754,10.614500045776367,10.737500190734863,53878000.0,47.42424780778685,38.314283261037446,37.265983824946865,41.643139630744784,41.110714342175804,4.52,28.0,-0.37,13.75
AMZN,2012-05-30,10.607000350952148,10.64900016784668,10.387499809265137,10.46150016784668,81564000.0,48.13968234289839,38.76969058389204,37.52872926109178,41.65819004280192,41.175593792101814,4.47,33.0,-0.43,13.39
AMZN,2012-05-31,10.473999977111816,10.689499855041504,10.35550022125244,10.645500183105469,98880000.0,48.2126844852539,38.88868096778712,37.38125748295166,41.678433994393046,41.15024337188867,4.42,31.0,-0.52,13.68
AMZN,2012-06-01,10.42199993133545,10.56149959564209,10.364999771118164,10.41100025177002,79030000.0,48.78709675824624,39.13884444908721,37.37875795470924,41.72696828388067,41.20803109623959,4.37,31.0,-0.56,13.68
AMZN,2012-06-04,10.369999885559082,10.767499923706056,10.318499565124512,10.728500366210938,85992000.0,49.33566722313131,39.3719145090623,37.64946707060178,41.821157376250554,41.21738674236132,4.32,39.0,-0.64,13.14
AMZN,2012-06-05,10.692500114440918,10.843000411987305,10.55799961090088,10.660499572753906,70878000.0,49.27613008812369,39.19150559390501,37.665771144223534,41.329426834852335,41.19721523764367,4.28,40.0,-0.71,13.13
AMZN,2012-06-06,10.731499671936035,10.920000076293944,10.72599983215332,10.881999969482422,54202000.0,49.468753329832396,39.33402461421942,37.665039410713625,41.386809454904586,41.23515466275964,4.25,40.0,-0.79,13.01
AMZN,2012-06-07,10.982500076293944,11.07450008392334,10.905500411987305,10.9399995803833,70078000.0,49.21363034078154,39.32999614087313,37.62012490259938,41.182739180874,41.23734673661266,4.21,39.0,-0.87,13.12
AMZN,2012-06-08,10.930500030517578,10.970999717712402,10.833000183105469,10.923999786376951,57540000.0,49.22185097033586,39.2076190043689,37.53676871973214,41.17761036395576,41.22996716048819,4.19,37.0,-0.95,13.32
AMZN,2012-06-11,10.874500274658203,11.043499946594238,10.760000228881836,10.824999809265137,74982000.0,24.49182117595566,39.24137811394412,37.02008948178875,40.947093336383304,41.20483363009728,4.17,27.0,-1.02,14.33
AMZN,2012-06-12,10.88249969482422,10.899999618530272,10.72599983215332,10.821000099182127,56666000.0,23.456964256293567,39.24603198780539,36.80717407248126,40.94649435467107,41.204515669105305,4.15,27.0,-1.08,14.82
AMZN,2012-06-13,10.776000022888184,10.869000434875488,10.675999641418455,10.736499786376951,46504000.0,23.452497417014836,39.30442641331639,36.704790409352825,40.823243323550585,41.169222555672285,4.13,27.0,-1.14,14.97
AMZN,2012-06-14,10.762999534606934,10.824999809265137,10.628000259399414,10.72249984741211,61218000.0,23.434938413965124,38.68055615967691,36.45400503412361,40.71951696340668,41.11217304065974,4.11,27.0,-1.18,15.37
AMZN,2012-06-15,10.76449966430664,10.966500282287598,10.722999572753906,10.917499542236328,75704000.0,24.163717971260574,38.80780766163842,36.54536349537037,40.673545152464,41.12774082115518,4.1,28.0,-1.23,15.14
AMZN,2012-06-18,10.86400032043457,11.187999725341797,10.83650016784668,11.133000373840332,67392000.0,23.952103773955272,38.970364908456354,36.65460900298861,40.56299354790833,41.14716459037621,4.08,29.0,-1.29,14.87
AMZN,2012-06-19,11.163000106811523,11.260000228881836,11.083000183105469,11.201499938964844,54332000.0,23.971725396775,38.908639667860434,36.40058848194299,40.42896415592396,41.145585647224884,4.06,27.0,-1.34,15.44
AMZN,2012-06-20,11.225500106811523,11.237000465393066,11.041999816894531,11.151000022888184,48888000.0,23.952236096009912,38.15584597044045,36.38355900630101,40.36257774590003,41.01195138935509,4.04,27.0,-1.39,15.53
AMZN,2012-06-21,11.19200038909912,11.30150032043457,11.026000022888184,11.028499603271484,56860000.0,24.13592066729046,38.17198627197912,36.32431335123813,40.38395685569675,41.004326839676395,4.01,27.0,-1.43,15.63
AMZN,2012-06-22,11.091500282287598,11.125499725341797,10.967499732971191,11.107999801635742,43750000.0,23.717633288690077,37.9070952797797,36.29763407904347,40.21068865685468,40.99037327968213,3.99,27.0,-1.47,15.7
AMZN,2012-06-25,11.015000343322754,11.079500198364258,10.899999618530272,11.003499984741213,47646000.0,23.800679954227565,37.83721279476526,33.91332316449609,40.2118828511898,40.99297024820656,3.97,7.0,-1.49,18.96
AMZN,2012-06-26,11.072500228881836,11.319499969482422,11.072500228881836,11.280500411987305,75082000.0,24.176298921364765,38.06548488831383,34.066697711124625,40.28336465684942,40.831521876319904,3.94,10.0,-1.52,18.51
AMZN,2012-06-27,11.250499725341797,11.375,11.164999961853027,11.281000137329102,55984000.0,24.106386039643713,37.73609170886551,33.72411158752347,40.13699063112552,40.82845750382692,3.91,6.0,-1.54,19.55
AMZN,2012-06-28,11.196000099182127,11.230999946594238,10.9375,11.065500259399414,59896000.0,24.75684518393501,37.96906431171095,33.63075097352695,40.14337083597672,40.86682820819767,3.87,6.0,-1.55,19.75
AMZN,2012-06-29,11.234999656677246,11.417499542236328,11.185500144958496,11.417499542236328,72288000.0,25.200362091320695,37.903810930401626,33.94883075228816,40.31187086199708,40.9840611661014,3.83,10.0,-1.56,18.8
AMZN,2012-07-02,11.46500015258789,11.467000007629396,11.31700038909912,11.465999603271484,46614000.0,24.29891079875251,37.9048257519697,33.94169280618925,40.31409640397228,40.916673740496215,3.78,10.0,-1.56,18.84
AMZN,2012-07-03,11.45699977874756,11.476499557495115,11.37950038909912,11.476499557495115,26634000.0,23.73367265450252,37.763943535083,33.9334729198989,39.9744414254651,40.880481379366664,3.75,10.0,-1.56,18.84
AMZN,2012-07-05,11.430999755859377,11.524999618530272,11.326499938964844,11.352999687194824,53646000.0,23.63376585030805,37.39868596939555,33.995581566445516,39.93948809149083,40.893163079889284,3.71,15.0,-1.57,18.76
AMZN,2012-07-06,11.317500114440918,11.44499969482422,11.208999633789062,11.2524995803833,64064000.0,23.726283334402982,37.47830474667686,33.6940637091828,39.94408326254939,40.88664291936381,3.68,7.0,-1.58,19.75
AMZN,2012-07-09,11.25,11.300000190734863,11.172499656677246,11.2524995803833,38440000.0,23.516509425336125,37.407796089112644,33.691346004809716,39.470910318487064,40.880723059434324,3.64,7.0,-1.58,19.75
AMZN,2012-07-10,11.3125,11.357000350952148,10.913999557495115,10.975000381469728,59642000.0,24.490415939591536,37.72340813396469,33.411953406930586,39.564682592431225,40.87034266588955,3.6,6.0,-1.57,20.37
AMZN,2012-07-11,10.947500228881836,11.086999893188477,10.767000198364258,10.918499946594238,54694000.0,24.442144001635,37.564502307669606,33.15693615659013,39.56362878935747,40.868813950111004,3.55,5.0,-1.55,20.94
AMZN,2012-07-12,10.830499649047852,10.864999771118164,10.630499839782717,10.767999649047852,52324000.0,23.529304234559554,37.620658836967266,33.19234953560348,39.567996797604714,40.87894322551634,3.51,6.0,-1.53,21.02
AMZN,2012-07-13,10.781499862670898,10.965499877929688,10.694000244140623,10.919500350952148,44438000.0,23.3392213030609,37.61859113496332,33.24618431511764,39.248894890876365,40.87565690066509,3.46,7.0,-1.51,20.77
AMZN,2012-07-16,10.829999923706056,10.915499687194824,10.722999572753906,10.80049991607666,40084000.0,22.583244148694494,37.713562241759455,33.26165842693427,35.83165847156685,40.873976635453054,3.41,8.0,-1.48,20.73
AMZN,2012-07-17,10.8725004196167,10.897000312805176,10.697999954223633,10.846500396728516,39740000.0,20.897695216219915,37.67981741348109,33.21527569724347,35.50286311901996,40.87109222275933,3.37,7.0,-1.46,20.78
AMZN,2012-07-18,10.807499885559082,10.933500289916992,10.785499572753906,10.873499870300291,41860000.0,20.807460661855075,37.60468233603106,33.21525784716551,35.013192784691185,40.75846849229087,3.32,7.0,-1.43,20.77
AMZN,2012-07-19,11.036499977111816,11.375,11.034500122070312,11.308500289916992,108988000.0,22.951250798979704,38.317975327137056,33.72636072917487,35.255097162942555,40.929981009527374,3.27,17.0,-1.42,19.2
AMZN,2012-07-20,11.267999649047852,11.469499588012695,11.26449966430664,11.41450023651123,83400000.0,23.04187010363709,38.151106947935176,33.472687054452365,35.26138937503239,40.924896551298,3.21,13.0,-1.38,19.98
AMZN,2012-07-23,11.236000061035156,11.32900047302246,11.07699966430664,11.30049991607666,110302000.0,23.267845462026738,38.222357148435684,33.29472421923102,35.23094987081581,40.90951885725132,3.15,11.0,-1.36,20.38
AMZN,2012-07-24,11.31350040435791,11.330499649047852,11.06149959564209,11.152000427246094,100174000.0,23.455407387129025,23.86249075648194,33.38576695898421,35.23759315898285,40.90658290985382,3.08,13.0,-1.34,20.22
AMZN,2012-07-25,11.100000381469728,11.125,10.795499801635742,10.852499961853027,72934000.0,24.841207620780505,24.03028042188497,33.69607832410215,35.37204051029173,40.996998764368215,3.01,19.0,-1.31,19.55
AMZN,2012-07-26,11.0,11.072500228881836,10.7475004196167,11.000499725341797,138748000.0,25.0200623520195,24.170722863801718,33.74247831679159,35.407186992167624,40.84050853673126,2.94,22.0,-1.28,19.38
AMZN,2012-07-27,11.262499809265137,11.916999816894531,11.225000381469728,11.866000175476074,226278000.0,33.10984538920185,28.808814329184784,35.714418717894766,36.51821907587055,41.53338642834849,2.86,49.0,-1.23,15.63
AMZN,2012-07-30,11.850000381469728,12.036999702453612,11.703499794006348,11.804499626159668,74728000.0,32.90063297439689,28.82109444697012,35.68403703321979,36.32551970332316,41.531974724572436,2.77,49.0,-1.18,15.8
AMZN,2012-07-31,11.755000114440918,11.8149995803833,11.580499649047852,11.664999961853027,69072000.0,32.75505564542031,28.48361658868413,35.634169620619026,36.35434494719683,41.54586743344556,2.67,48.0,-1.12,16.08
AMZN,2012-08-01,11.70699977874756,11.718999862670898,11.53499984741211,11.604499816894531,50876000.0,32.78210760402665,28.492778439564386,35.50952859377551,36.18159317190145,41.30710705854999,2.58,44.0,-1.07,16.27
AMZN,2012-08-02,11.527999877929688,11.717000007629396,11.43299961090088,11.540499687194824,60962000.0,32.798694761686875,28.492036721116747,35.51209936831376,36.17945838841386,41.30230092971238,2.48,45.0,-1.03,16.27
AMZN,2012-08-03,11.701499938964844,11.82450008392334,11.65149974822998,11.748499870300291,56506000.0,32.9349022668839,28.69504715607581,35.59196681413977,36.233380830042556,41.12705283220212,2.38,48.0,-0.98,16.04
AMZN,2012-08-06,11.777999877929688,11.786999702453612,11.690500259399414,11.69950008392334,36874000.0,32.947402947307594,28.52646580308888,35.52547907741964,36.08867958035517,41.12620781585519,2.3,46.0,-0.95,16.13
AMZN,2012-08-07,11.706500053405762,11.899999618530272,11.662500381469728,11.82800006866455,41166000.0,32.87567558867135,28.59576396033212,35.519670143432094,35.847752947519275,40.87888604895232,2.21,46.0,-0.91,16.15
AMZN,2012-08-08,11.76449966430664,11.822500228881836,11.679499626159668,11.718999862670898,30686000.0,32.333499062940575,28.313411883567774,35.56824647847199,35.588873594553405,40.49750379865815,2.11,50.0,-0.86,16.11
AMZN,2012-08-09,11.696499824523926,11.799500465393066,11.675000190734863,11.70300006866455,30962000.0,32.34073351185099,28.29182799923554,35.5731576590537,35.24083581253973,40.11358121152552,2.0,51.0,-0.82,16.12
AMZN,2012-08-10,11.654000282287598,11.74250030517578,11.571499824523926,11.637499809265137,37050000.0,31.82581265888988,28.318139728843416,35.180369593702174,35.2044739917502,40.064026967208314,1.9,35.0,-0.75,17.17
AMZN,2012-08-13,11.611499786376951,11.718500137329102,11.550000190734863,11.621999740600586,39946000.0,30.56580035138739,27.782765767715183,35.17499558108829,35.13586126354261,40.01887422150979,1.9,35.0,-0.66,17.17
AMZN,2012-08-14,11.73550033569336,11.836000442504885,11.630999565124512,11.659500122070312,55020000.0,30.55667239984746,27.407388667307963,35.174719227222404,34.86503042606565,40.0188832773326,1.9,35.0,-0.58,17.18
AMZN,2012-08-15,11.61299991607666,11.906999588012695,11.612500190734863,11.871000289916992,65294000.0,30.971328576955905,27.359899167019126,35.21830692662069,34.158534385030066,39.965455155476924,1.9,37.0,-0.49,17.05
AMZN,2012-08-16,11.88599967956543,12.140999794006348,11.8100004196167,12.077500343322754,86242000.0,31.09854002443845,27.385451852347426,34.79300255912043,34.00819412584992,39.98776128100096,1.9,33.0,-0.43,18.1
AMZN,2012-08-17,12.029999732971191,12.167499542236328,12.023500442504885,12.058500289916992,61716000.0,30.946516942172515,27.354160852870308,34.7532654413491,33.93377669050544,39.33488512735238,1.9,33.0,-0.4,18.28
AMZN,2012-08-20,12.068499565124512,12.082500457763672,11.90999984741211,12.017499923706056,37798000.0,30.984291204040826,27.276800828140992,34.5728529573037,33.82164574771883,39.28118452199427,1.9,33.0,-0.34,18.61
AMZN,2012-08-21,12.043999671936035,12.192500114440918,11.927499771118164,11.97249984741211,51430000.0,29.961288068314655,27.171767791328,34.4971128562714,33.81720878398289,39.27399035948943,1.91,32.0,-0.3,18.92
AMZN,2012-08-22,11.970000267028809,12.244999885559082,11.9399995803833,12.154999732971191,49474000.0,30.063829180121527,27.271641938435437,34.51037028923377,33.857850638322276,38.35878833159375,1.91,34.0,-0.24,18.73
AMZN,2012-08-23,12.107000350952148,12.173999786376951,11.951000213623049,12.0600004196167,49078000.0,29.809189197932202,26.720054224924795,34.3294989328629,33.76367414135984,38.36876849787828,1.91,32.0,-0.15,19.09
AMZN,2012-08-24,12.083999633789062,12.343500137329102,12.067999839782717,12.286999702453612,73976000.0,29.97847648323496,26.7503823756798,34.4181660638482,33.77375016994663,38.39744813376468,1.92,33.0,-0.07,18.8
AMZN,2012-08-27,12.28950023651123,12.375,12.156000137329102,12.196000099182127,58594000.0,29.843462263888586,26.335625357780536,34.095660933023744,33.6440444239672,38.235613865785375,1.92,32.0,0.04,19.46
AMZN,2012-08-28,12.19849967956543,12.33899974822998,12.149999618530272,12.305500030517578,54846000.0,29.877099802912287,25.74625270212753,34.111957816929326,33.62623919465372,38.082954118892,1.93,33.0,0.15,19.37
AMZN,2012-08-29,12.33899974822998,12.380499839782717,12.229499816894531,12.355999946594238,35452000.0,29.872686486665444,25.68540610247946,34.02330006265006,33.54588961398601,38.02977011101122,1.93,31.0,0.26,19.5
AMZN,2012-08-30,12.349499702453612,12.5,12.262499809265137,12.310999870300291,72950000.0,28.04013640902975,25.43454750062839,33.7339256813807,33.01642363496906,37.98114704499233,1.94,22.0,0.34,20.1
AMZN,2012-08-31,12.403499603271484,12.47249984741211,12.274999618530272,12.41349983215332,66950000.0,28.02083250454799,25.458134555045213,33.74305411499752,33.02305197632845,37.966150542367785,1.95,24.0,0.43,20.05
AMZN,2012-09-04,12.41349983215332,12.550000190734863,12.232999801635742,12.394000053405762,79016000.0,27.790370107334343,25.45879411729422,33.69860192328098,33.02192128332982,37.94559860414829,1.96,20.0,0.52,20.28
AMZN,2012-09-05,12.380499839782717,12.430500030517578,12.265000343322754,12.310999870300291,53052000.0,27.5212144068278,25.41861359994206,33.65327271180119,33.03647035627708,37.84570249605178,1.97,17.0,0.58,20.37
AMZN,2012-09-06,12.411499977111816,12.635000228881836,12.359999656677246,12.569000244140623,107228000.0,26.386733974644272,25.696103743263148,33.64216250886844,33.079708468545824,37.86363325075228,1.97,17.0,0.55,20.16
AMZN,2012-09-07,12.692500114440918,12.970999717712402,12.675999641418455,12.95699977874756,100590000.0,27.30337218340339,26.22880311261676,33.865483504430166,33.19963424381016,37.959786429054034,1.97,29.0,0.62,19.48
AMZN,2012-09-10,12.949999809265137,13.0,12.840999603271484,12.854499816894531,51344000.0,17.651812939513686,26.3119120760306,33.86526030756822,32.73211939702258,37.8650028769644,1.97,29.0,0.65,19.63
AMZN,2012-09-11,12.880000114440918,12.880000114440918,12.713000297546388,12.783499717712402,50496000.0,17.665336401867314,26.18094123261644,33.88935535095845,32.61611528520525,37.79725892253482,1.97,30.0,0.63,19.6
AMZN,2012-09-12,12.824999809265137,12.888999938964844,12.675000190734863,12.781499862670898,45464000.0,17.145624485169343,25.94751457396895,33.86374579019749,32.58691145895404,37.77492502920083,1.97,27.0,0.53,19.63
AMZN,2012-09-13,12.746999740600586,13.100000381469728,12.6899995803833,13.01200008392334,70512000.0,17.482053782948082,26.132448034358706,33.88882097308728,32.627452467137864,37.79156803242146,1.94,29.0,0.34,19.39
AMZN,2012-09-14,13.06999969482422,13.205499649047852,12.988499641418455,13.06350040435791,73324000.0,17.256090195000954,26.092944536883696,33.86594844044429,32.57415329507207,37.749297067374236,1.91,28.0,0.14,19.5
AMZN,2012-09-17,13.0625,13.0625,12.850000381469728,12.899999618530272,46126000.0,17.407311752724972,26.12953448859432,33.831970739519,32.62035124705451,37.39228044449456,1.88,24.0,-0.05,19.8
AMZN,2012-09-18,12.923999786376951,13.024999618530272,12.850000381469728,12.9375,44300000.0,17.269838766935194,26.11227613867885,33.82164648520776,32.61106993609523,37.38068861141852,1.84,23.0,-0.26,19.87
AMZN,2012-09-19,12.97249984741211,13.142000198364258,12.92650032043457,13.083999633789062,52736000.0,17.282928255959053,26.050891807338207,24.845862211569404,32.413952134017045,37.223142020847554,2.09,1.0,-0.31,3.89
AMZN,2012-09-20,13.001500129699709,13.043499946594238,12.899999618530272,13.040499687194824,58272000.0,16.98963145067903,25.67306808883015,24.63614018746213,32.395775875494124,37.21956460351395,2.32,1.0,-0.38,4.18
AMZN,2012-09-21,13.086999893188477,13.100000381469728,12.836999893188477,12.873499870300291,121186000.0,17.597411019782417,25.860248219272368,24.694139971759448,32.44404507126421,37.04356629052392,2.52,2.0,-0.49,4.13
AMZN,2012-09-24,12.76099967956543,12.779999732971191,12.649999618530272,12.739999771118164,54158000.0,17.859572243043136,25.608240068522832,24.762124994735053,32.33262859352115,37.05967835951836,2.7,3.0,-0.6,4.09
AMZN,2012-09-25,12.816499710083008,12.947500228881836,12.55150032043457,12.623000144958496,88116000.0,18.170444826671684,24.98992812284927,24.805425138536247,32.230639138918804,36.97292665393922,2.86,4.0,-0.69,4.06
AMZN,2012-09-26,12.619999885559082,12.73050022125244,12.411499977111816,12.48349952697754,58410000.0,18.608068374712357,25.120306742851984,24.556352546386353,32.266153467547184,36.90433909668533,3.01,1.0,-0.78,4.24
AMZN,2012-09-27,12.527000427246094,12.869999885559082,12.526000022888184,12.829500198364258,67948000.0,19.472292939764827,25.67534364353782,24.89983997375006,32.40263772882938,36.92574923393786,3.14,7.0,-0.86,3.86
AMZN,2012-09-28,12.807000160217283,12.850000381469728,12.65999984741211,12.715999603271484,49132000.0,19.234457534220525,25.637604173480057,24.928407730545736,32.35195854130973,36.79256574168267,3.26,8.0,-0.94,3.84
AMZN,2012-10-01,12.770000457763672,12.80799961090088,12.524499893188477,12.600500106811523,51624000.0,19.4697668925425,25.64182963635125,24.968612211708702,32.34709759321565,36.69141732849201,3.38,9.0,-1.01,3.81
AMZN,2012-10-02,12.640000343322754,12.657500267028809,12.451499938964844,12.529999732971191,43916000.0,19.528104232586344,25.685198967175637,24.870766409565306,32.3024758260686,36.63929779957331,3.49,7.0,-1.07,3.98
AMZN,2012-10-03,12.560500144958496,12.80500030517578,12.477999687194824,12.79599952697754,54912000.0,20.26585406815768,25.365373295733423,25.067587597837175,32.03004321885907,36.695328559958284,3.58,11.0,-1.13,3.74
AMZN,2012-10-04,12.80049991607666,13.076000213623049,12.793499946594238,13.023500442504885,54008000.0,20.4162944976309,25.498624734617163,24.94572505925999,31.954609188920664,36.59684974749813,3.67,10.0,-1.17,3.72
AMZN,2012-10-05,13.0600004196167,13.095000267028809,12.874500274658203,12.92549991607666,56130000.0,20.403813139273012,25.3529449799905,24.97442626396687,31.885781853823335,36.59623240766025,3.76,12.0,-1.22,3.73
AMZN,2012-10-08,12.883500099182127,12.989999771118164,12.777999877929688,12.95300006866455,35246000.0,19.807437432374684,25.250890651522017,24.97036874444826,31.719187665466464,36.570089841311656,3.84,12.0,-1.26,3.72
AMZN,2012-10-09,12.933500289916992,12.967499732971191,12.536499977111816,12.54800033569336,69896000.0,21.930445338062682,26.08313587160761,25.15425511227348,31.965125983298964,36.601662484634815,3.92,15.0,-1.29,3.66
AMZN,2012-10-10,12.600000381469728,12.623000144958496,12.200499534606934,12.249500274658203,78966000.0,22.949017802898787,26.641955993395555,25.23150622551553,32.10786299537464,36.64033221759891,3.98,16.0,-1.3,3.61
AMZN,2012-10-11,12.399999618530272,12.46500015258789,12.094499588012695,12.211000442504885,68946000.0,22.92853361421906,26.66282460508335,25.068455693821395,31.945180334726658,36.637679908532874,4.05,15.0,-1.3,3.84
AMZN,2012-10-12,12.159000396728516,12.27299976348877,12.095499992370604,12.118000030517578,44064000.0,23.00696397980375,25.57069163201146,25.008429366577083,31.943547706327468,36.64477035668611,4.11,14.0,-1.3,3.88
AMZN,2012-10-15,12.142499923706056,12.23900032043457,11.92549991607666,12.208999633789062,59196000.0,22.98116916883628,25.548239659938847,24.997384993736976,31.88153128807579,36.3896973118188,4.17,14.0,-1.29,3.9
AMZN,2012-10-16,12.243499755859377,12.28849983215332,12.104000091552734,12.196999549865724,44082000.0,22.979535554046667,25.446508385975044,24.942103663700756,31.85808714102951,36.34557311580804,4.22,10.0,-1.28,3.93
AMZN,2012-10-17,12.168499946594238,12.4399995803833,12.164999961853027,12.374500274658203,66054000.0,23.301109816463764,25.40498720216508,24.951342168766367,30.386386540646136,36.36868758979567,4.27,12.0,-1.28,3.84
AMZN,2012-10-18,12.388500213623049,12.545499801635742,12.135000228881836,12.24250030517578,106106000.0,22.663329977484967,24.820035695657335,24.999278971551075,30.3952776213191,36.008428766889274,4.31,17.0,-1.27,3.85
AMZN,2012-10-19,12.258000373840332,12.340999603271484,11.946999549865724,12.0,87906000.0,21.28478153075261,25.10477733152908,24.84914000452339,30.283182503220303,36.05437859963184,4.36,7.0,-1.27,3.94
AMZN,2012-10-22,11.940500259399414,11.947500228881836,11.616000175476074,11.689000129699709,90000000.0,22.32404037453061,20.492122128145038,25.096987562159008,30.30518366307496,36.14717739042854,4.39,22.0,-1.25,3.89
AMZN,2012-10-23,11.552499771118164,11.824999809265137,11.500499725341797,11.715499877929688,88616000.0,22.366555292498777,20.472244142130698,24.820126897245615,30.300942628641092,36.12784954484914,4.43,6.0,-1.26,4.07
AMZN,2012-10-24,11.793999671936035,11.79699993133545,11.397500038146973,11.424500465393066,73574000.0,23.254952753261065,20.972127591545437,24.732824730521394,30.454833760833445,35.93370034057733,4.46,4.0,-1.25,4.31
AMZN,2012-10-25,11.54599952697754,11.54599952697754,11.145999908447266,11.145999908447266,134826000.0,23.087818500078672,21.53699723276345,25.03374001947764,30.604710465874323,33.36086095537518,4.48,22.0,-1.25,4.09
AMZN,2012-10-26,11.43000030517578,11.935500144958496,11.334500312805176,11.911999702453612,227350000.0,30.988884226210338,25.527734855275707,26.959155795043195,31.568122264889293,33.76179154233125,4.47,28.0,-1.23,4.41
AMZN,2012-10-31,11.815999984741213,11.9350004196167,11.524999618530272,11.64449977874756,95952000.0,31.395018363230804,25.70462379628054,27.208417633092985,31.483679201590277,33.47881616083447,4.46,29.0,-1.2,4.28
AMZN,2012-11-01,11.71150016784668,11.727499961853027,11.56700038909912,11.607000350952148,78102000.0,31.338077397584325,25.698976877575685,27.21329618555336,31.486318131556285,33.43212016765577,4.45,30.0,-1.18,4.28
AMZN,2012-11-02,11.700499534606934,11.869999885559082,11.60550022125244,11.621000289916992,67494000.0,31.05752772637204,25.5973812201428,27.168831703251918,31.16975268822733,33.42492834028159,4.44,29.0,-1.16,4.29
AMZN,2012-11-05,11.60200023651123,11.741499900817873,11.505499839782717,11.716500282287598,36922000.0,31.25623855881668,25.586085476378262,27.19410488422796,31.023738642306387,33.39514766807067,4.43,30.0,-1.13,4.23
AMZN,2012-11-06,11.770500183105469,11.887499809265137,11.72249984741211,11.878000259399414,53226000.0,31.51572098358087,25.73744269558807,27.234830139394344,31.020951944098453,33.40041321679653,4.42,33.0,-1.11,4.12
AMZN,2012-11-07,11.782500267028809,11.782999992370604,11.470999717712402,11.602999687194824,72484000.0,32.01448506960931,26.16595050809223,27.507685201084282,31.158841328671404,33.47376743753813,4.4,34.0,-1.1,3.95
AMZN,2012-11-08,11.611000061035156,11.672499656677246,11.354999542236328,11.36750030517578,59648000.0,32.366505520284115,26.499003687158297,27.573130582959358,31.241007315031773,33.53748121343563,4.39,35.0,-1.09,4.02
AMZN,2012-11-09,11.312999725341797,11.548500061035156,11.229999542236328,11.315500259399414,61850000.0,32.28814707446514,26.502119666223127,27.41231599533466,31.223010648149017,33.537982683526074,4.37,34.0,-1.09,4.25
AMZN,2012-11-12,11.329500198364258,11.461000442504885,11.270500183105469,11.32349967956543,42576000.0,30.99042528908484,26.22272720990562,27.39575625042046,31.22309093269094,33.38668236337852,4.35,34.0,-1.08,4.29
AMZN,2012-11-13,11.255999565124512,11.395000457763672,11.23550033569336,11.329999923706056,52596000.0,30.986403787830685,25.954260208546074,27.385789304608576,31.218299741940363,33.38588614245921,4.34,34.0,-1.07,4.28
AMZN,2012-11-14,11.324999809265137,11.37049961090088,11.125499725341797,11.147500038146973,60682000.0,31.159814756002476,26.139889642967645,27.452194674342778,31.11125194755897,33.2852031974798,4.32,37.0,-1.07,4.24
AMZN,2012-11-15,11.114999771118164,11.258000373840332,10.909000396728516,11.029999732971191,68094000.0,31.214498621311073,26.205977488300817,27.48062190640001,31.01477532977379,33.29496804826378,4.3,38.0,-1.07,4.27
AMZN,2012-11-16,11.065500259399414,11.3125,10.932000160217283,11.261500358581545,87056000.0,31.197990489364525,26.592201083232105,27.636358753795477,31.101528990481896,33.35550269506143,4.3,41.0,-1.06,4.02
AMZN,2012-11-19,11.416000366210938,11.625,11.3725004196167,11.48550033569336,71824000.0,31.32981560402256,26.72679843173543,27.531118270082082,31.171282667214484,33.29950656705984,4.29,40.0,-1.05,4.12
AMZN,2012-11-20,11.5,11.690999984741213,11.475000381469728,11.689000129699709,55434000.0,31.935263054565105,26.95286161311729,27.66903002597433,31.226663652822285,33.14480593055386,4.29,43.0,-1.03,3.94
AMZN,2012-11-21,11.69200038909912,11.933500289916992,11.637499809265137,11.90149974822998,59186000.0,32.49921423942171,26.93398750298727,27.628588149425553,31.28605159188831,32.97837611618573,4.29,42.0,-1.0,3.85
AMZN,2012-11-23,11.994500160217283,12.0,11.824000358581545,11.994000434875488,35536000.0,31.441652988196907,26.947437628315395,27.214622968426344,31.255653590533257,32.72004663481186,4.29,33.0,-0.98,4.25
AMZN,2012-11-26,12.01949977874756,12.215999603271484,11.899999618530272,12.180999755859377,83566000.0,31.061551712534772,27.075816647964164,27.31221289554324,31.215262357290108,32.71673330991916,4.29,35.0,-0.97,4.12
AMZN,2012-11-27,12.16100025177002,12.283499717712402,12.07699966430664,12.170000076293944,60970000.0,31.049768897063846,27.061562257505905,27.31321273414336,31.132023129527138,32.66448172976962,4.29,36.0,-0.96,4.12
AMZN,2012-11-28,12.1225004196167,12.361499786376951,12.074999809265137,12.35550022125244,54868000.0,31.2703675452921,27.233952834419426,27.347951845145264,31.163352354422706,32.48840161271172,4.28,37.0,-0.95,4.01
AMZN,2012-11-29,12.40250015258789,12.62399959564209,12.375,12.56350040435791,106210000.0,31.55802549533813,27.396395221075615,27.41757538486467,31.208920840528897,31.940388827481954,4.28,41.0,-0.94,3.87
AMZN,2012-11-30,12.519000053405762,12.63249969482422,12.41349983215332,12.602499961853027,75948000.0,31.55842885434505,27.400215121149873,27.41881883420443,31.16213141860601,31.787607738091385,4.27,42.0,-0.93,3.86
AMZN,2012-12-03,12.626999855041504,12.708000183105469,12.5,12.51650047302246,59812000.0,31.378190416273892,27.401624532791068,27.129040225163436,31.155842323800787,31.738176294101905,4.27,29.0,-0.9,4.04
AMZN,2012-12-04,12.496999740600586,12.649999618530272,12.43299961090088,12.624500274658203,62294000.0,31.2834370954079,27.12581994864457,27.13332465471712,31.16592355139191,31.657228351357645,4.27,30.0,-0.89,3.99
AMZN,2012-12-05,12.621999740600586,12.77750015258789,12.519000053405762,12.697999954223633,57044000.0,30.663902395927472,26.410102136600617,27.029941250232348,31.169519056389355,31.653973873392033,4.27,29.0,-0.91,4.04
AMZN,2012-12-06,12.649999618530272,12.758500099182127,12.575499534606934,12.668499946594238,71158000.0,29.518330404702382,26.36606405145529,26.96454906313565,30.904512266138163,31.65574954320508,4.26,29.0,-0.9,4.15
AMZN,2012-12-07,12.70699977874756,12.760499954223633,12.600500106811523,12.66349983215332,43406000.0,29.53166038176464,26.342999605555406,26.892510667708287,30.90041028835554,31.572437395219055,4.26,28.0,-0.93,4.19
AMZN,2012-12-10,12.654999732971191,12.73900032043457,12.364999771118164,12.388500213623049,70076000.0,29.284121696270038,26.719094587037063,27.147105780943136,31.024303964061346,31.61475323923067,4.26,34.0,-0.94,4.04
AMZN,2012-12-11,12.425000190734863,12.673999786376951,12.332500457763672,12.534500122070312,83704000.0,28.20716338451776,26.567422373589444,27.19661482160152,31.014522673549134,31.52456203256972,4.25,37.0,-0.97,3.96
AMZN,2012-12-12,12.553500175476074,12.718000411987305,12.503000259399414,12.588000297546388,52562000.0,21.081741951163206,26.569770005420995,26.51736157505819,30.685940363709257,31.502368208742915,4.24,28.0,-0.94,4.55
AMZN,2012-12-13,12.555500030517578,12.72700023651123,12.50100040435791,12.5625,49204000.0,19.801972573504003,26.454324294653166,26.48860835469194,30.658289930425937,31.443653583031196,4.24,28.0,-0.91,4.61
AMZN,2012-12-14,12.505499839782717,12.595000267028809,12.38949966430664,12.459500312805176,50538000.0,19.980797744388585,26.492597970539713,26.47108177911857,30.565147538279703,31.057844228120562,4.23,28.0,-0.86,4.63
AMZN,2012-12-17,12.490500450134276,12.699999809265137,12.463000297546388,12.692999839782717,45540000.0,20.519778276413867,26.67434418329056,26.517948685197368,30.57708307524128,31.104453140604114,4.22,31.0,-0.83,4.48
AMZN,2012-12-18,12.728500366210938,13.155500411987305,12.728500366210938,13.020000457763672,99220000.0,21.489101678525778,27.19070894716433,26.393749319948157,30.67999309569116,31.194432471816736,4.21,28.0,-0.93,4.41
AMZN,2012-12-19,13.0649995803833,13.083499908447266,12.883999824523926,12.899499893188477,46000000.0,21.57605448143206,27.128042129604097,26.38456412169844,30.57734191903263,31.212586926026294,4.2,28.0,-0.99,4.49
AMZN,2012-12-20,12.91800022125244,13.12049961090088,12.82699966430664,13.074999809265137,51692000.0,20.30046112587153,27.177425097626596,23.63990097420626,30.600580510290932,31.212240793742712,4.19,1.0,-1.0,2.47
AMZN,2012-12-21,12.890999794006348,12.918999671936035,12.786999702453612,12.845999717712402,94092000.0,20.017908747785306,27.360066310188323,23.805069027540597,30.4733734881505,31.228650888713876,4.17,2.0,-0.99,2.37
AMZN,2012-12-24,12.864999771118164,12.975000381469728,12.847999572753906,12.930999755859377,19688000.0,19.859208076863872,27.285372626463083,23.734123622616153,30.479143062327353,30.871884499828905,4.15,2.0,-0.98,2.39
AMZN,2012-12-26,12.857500076293944,12.871000289916992,12.402000427246094,12.431500434875488,83054000.0,23.569942497915672,27.911044525541516,24.568653125970556,30.814788114389284,31.04039956141495,4.12,5.0,-0.93,2.21
AMZN,2012-12-27,12.413999557495115,12.467499732971191,12.142999649047852,12.415499687194824,72786000.0,23.593527938491004,27.857213382816244,24.550542736448648,30.645557582461684,31.02141298699032,4.09,4.0,-0.87,2.22
AMZN,2012-12-28,12.292499542236328,12.371999740600586,12.2524995803833,12.258999824523926,37174000.0,23.36243148515947,27.914352991397063,24.486773043253507,30.688678969115752,31.045147042792753,4.05,4.0,-0.82,2.31
AMZN,2012-12-31,12.1875,12.62049961090088,12.137499809265137,12.543499946594238,68380000.0,23.665565574383095,28.299900279521932,24.734203154598696,30.7560904429395,31.084021996350103,4.01,11.0,-0.78,2.11
AMZN,2013-01-02,12.803999900817873,12.904999732971191,12.663000106811523,12.865500450134276,65420000.0,23.977633569859346,28.45095172089272,24.990649078836764,30.843699051595397,31.17523185351565,3.96,26.0,-0.76,1.94
AMZN,2013-01-03,12.863499641418455,13.043999671936035,12.818499565124512,12.923999786376951,55018000.0,23.537948150818796,28.232072463678552,24.944653073046364,30.77451362808072,31.17093668290829,3.91,21.0,-0.72,1.96
AMZN,2013-01-04,12.878999710083008,12.989999771118164,12.832500457763672,12.957500457763672,37484000.0,23.181899756555403,28.19462418161437,24.943090173537342,30.73199293909597,31.004164219178747,3.85,21.0,-0.68,1.95
AMZN,2013-01-07,13.148500442504885,13.486499786376951,13.133500099182127,13.42300033569336,98200000.0,24.622497183876295,29.104145560918376,25.50526829582555,30.95307639230633,31.17157787172722,3.79,38.0,-0.58,1.69
AMZN,2013-01-08,13.353500366210938,13.449000358581545,13.178500175476074,13.319000244140623,60214000.0,24.828104758648,28.370908700074487,25.54351647367253,30.97356090971615,31.185632129569544,3.73,39.0,-0.52,1.67
AMZN,2013-01-09,13.408499717712402,13.475000381469728,13.270000457763672,13.317500114440918,45312000.0,24.584422610511865,27.88740431242044,25.54282480918347,30.96083148160217,31.07530847502523,3.67,39.0,-0.47,1.67
AMZN,2013-01-10,13.427000045776367,13.437000274658203,13.114999771118164,13.267000198364258,57268000.0,24.638370253041618,27.89225307557428,25.415157435058237,30.940210793085317,30.98702009220266,3.6,38.0,-0.45,1.78
AMZN,2013-01-11,13.255000114440918,13.421500205993652,13.205499649047852,13.397000312805176,48266000.0,24.454667027477036,27.879611235525097,25.32172654868971,30.93522275364885,30.996579623634457,3.54,38.0,-0.45,1.86
AMZN,2013-01-14,13.399999618530272,13.713000297546388,13.376999855041504,13.636500358581545,85500000.0,24.50737975100043,28.049157238008316,25.455952926260313,30.906839405097898,31.03575252962958,3.48,40.0,-0.4,1.74
AMZN,2013-01-15,13.534000396728516,13.636500358581545,13.46500015258789,13.595000267028809,46538000.0,24.564065064004627,28.061231377464203,25.45435696769417,30.903565744341694,30.98435078700495,3.41,40.0,-0.37,1.74
AMZN,2013-01-16,13.52649974822998,13.562000274658203,13.39150047302246,13.446499824523926,41312000.0,24.729906001574005,28.055976872260707,25.51621906442553,25.726019799199307,30.985506822749358,3.34,43.0,-0.38,1.71
AMZN,2013-01-17,13.574999809265137,13.59850025177002,13.46049976348877,13.52400016784668,37692000.0,24.681605332462006,27.955226595538402,25.42881535839913,25.610171476354825,30.944726192433976,3.27,40.0,-0.39,1.78
AMZN,2013-01-18,13.541500091552734,13.725000381469728,13.479999542236328,13.605999946594238,58840000.0,24.68466797890922,27.60042281724472,25.4004686654402,25.595456716665144,30.681819608261847,3.2,39.0,-0.39,1.78
AMZN,2013-01-22,13.581000328063965,13.604999542236328,13.46150016784668,13.509499549865724,42754000.0,24.801529933817342,27.033563761382318,25.27914560996499,25.613178119864443,30.593410538022052,3.12,38.0,-0.43,1.89
AMZN,2013-01-23,13.528499603271484,13.554499626159668,13.332500457763672,13.405500411987305,50178000.0,24.95729847171409,27.113346111293247,25.281672453296178,25.628304599617746,30.54382298075189,3.05,39.0,-0.45,1.89
AMZN,2013-01-24,13.468500137329102,13.832500457763672,13.468500137329102,13.67300033569336,68340000.0,24.41521652900674,26.734505395839626,25.426671080275696,25.552336916935726,30.47809174949807,2.97,43.0,-0.47,1.79
AMZN,2013-01-25,13.75,14.236000061035156,13.720000267028809,14.19950008392334,99362000.0,26.293767908960074,27.03589318014622,26.08316588066229,25.91405276966731,30.691296517952978,2.89,51.0,-0.32,1.53
AMZN,2013-01-28,14.189000129699709,14.223999977111816,13.720000267028809,13.802000045776367,86428000.0,27.934635127618847,24.555653494176415,26.49734927580074,26.138686130358497,30.83685340245468,2.8,56.0,-0.36,1.39
AMZN,2013-01-29,13.767499923706056,13.77299976348877,12.917499542236328,13.017499923706056,203452000.0,33.142834865023964,27.08887686192251,28.111916733031595,27.069402901214822,31.29292395131758,2.72,89.0,-0.37,1.79
AMZN,2013-01-30,14.149999618530272,14.210000038146973,13.35550022125244,13.637999534606934,261508000.0,35.510368656857445,28.57114560441975,29.045770606623044,27.543530223223357,31.606861995232236,2.64,90.0,-0.42,1.59
AMZN,2013-01-31,13.552000045776367,13.79699993133545,13.1850004196167,13.274999618530272,135442000.0,36.22303382029051,29.210238044194657,29.35838676001267,27.739045380806648,31.682784171559987,2.56,91.0,-0.45,1.46
AMZN,2013-02-01,13.446499824523926,13.446499824523926,13.140000343322754,13.25,122300000.0,35.512381288481414,29.19527871604457,29.18550705451002,27.618046194978973,31.66656897634747,2.47,91.0,-0.48,1.56
AMZN,2013-02-04,13.138999938964844,13.234000205993652,12.953499794006348,12.99899959564209,74472000.0,35.86248733090534,29.410241591589447,28.953102527870854,27.711878429669206,30.663641006166625,2.37,90.0,-0.48,1.67
AMZN,2013-02-05,13.100000381469728,13.40149974822998,13.072999954223633,13.344499588012695,80258000.0,36.455580866389816,29.37321698317682,29.22051484980239,27.873053175244006,30.743818132404073,2.27,93.0,-0.51,1.53
AMZN,2013-02-06,13.258000373840332,13.344499588012695,13.055500030517578,13.111000061035156,55408000.0,36.4548449933008,29.284178965263223,29.34592096819881,27.77982245734012,30.647754077107663,2.17,94.0,-0.53,1.46
AMZN,2013-02-07,13.204999923706056,13.204999923706056,12.755499839782717,13.011500358581545,79514000.0,36.4871924596229,29.321555331992972,29.3724630872499,27.67689217001969,30.551371538597127,2.06,96.0,-0.54,1.45
AMZN,2013-02-08,13.06999969482422,13.262499809265137,13.02750015258789,13.09749984741211,77584000.0,34.53195682564807,29.332437776068865,29.2538001760334,27.595903160636393,30.552732546152257,1.94,94.0,-0.54,1.52
AMZN,2013-02-11,13.15999984741211,13.162500381469728,12.829999923706056,12.86050033569336,68074000.0,35.008354519199564,29.635629177557416,29.390884062111965,27.641726812008226,30.610638342361142,1.81,98.0,-0.53,1.46
AMZN,2013-02-12,12.959500312805176,13.008000373840332,12.850000381469728,12.9350004196167,58874000.0,34.781425387704815,29.39585150636148,29.337622071205814,27.631138843116755,30.611261546867567,1.68,95.0,-0.53,1.48
AMZN,2013-02-13,13.076499938964844,13.498000144958496,13.015000343322754,13.47350025177002,105860000.0,36.08468251685855,30.292217737198087,30.040167065102892,28.001436574542748,30.86412629482283,1.54,100.0,-0.57,1.27
AMZN,2013-02-14,13.368499755859377,13.532500267028809,13.270000457763672,13.461999893188477,69260000.0,35.428911748761415,30.08405101579522,29.990262902063876,27.96480199908921,30.71157830512181,1.58,99.0,-0.59,1.31
AMZN,2013-02-15,13.381500244140623,13.446000099182127,13.155500411987305,13.25450038909912,79598000.0,35.75597813190762,30.11405667141626,30.090109977635976,28.02152849401058,30.756671273174792,1.61,100.0,-0.6,1.26
AMZN,2013-02-19,13.295499801635742,13.505499839782717,13.225000381469728,13.487500190734863,57084000.0,36.07613572609779,30.111128501873086,30.140185534046697,27.899015551242567,30.565309966920445,1.65,100.0,-0.64,1.22
AMZN,2013-02-20,13.510000228881836,13.71500015258789,13.318499565124512,13.320500373840332,70578000.0,34.80246882731574,30.083136212883545,30.160624205442467,27.881515197430552,30.4824357529239,1.68,100.0,-0.66,1.21
AMZN,2013-02-21,13.255999565124512,13.473999977111816,13.162500381469728,13.29699993133545,72748000.0,34.733096026500064,30.067066701182803,30.122956741853123,27.743213826537712,30.457830023043464,1.71,98.0,-0.69,1.23
AMZN,2013-02-22,13.331000328063965,13.35550022125244,13.080499649047852,13.270999908447266,62496000.0,34.73747571978684,29.938470541754146,30.067968591537227,27.53506015992611,30.458491558495478,1.73,96.0,-0.7,1.25
AMZN,2013-02-25,13.347000122070312,13.434499740600586,12.982500076293944,12.993499755859377,60648000.0,35.25650483521815,30.29071765527047,29.95555517537694,27.64726998462171,30.52363191564089,1.75,93.0,-0.71,1.32
AMZN,2013-02-26,13.044500350952148,13.10200023651123,12.786499977111816,12.968000411987305,66972000.0,35.11812566861629,30.154661279817162,29.9226760932006,27.552310107202228,30.506150834908052,1.78,92.0,-0.71,1.33
AMZN,2013-02-27,12.970000267028809,13.291500091552734,12.843000411987305,13.162500381469728,58162000.0,34.99572892547756,30.116237425449512,29.97502321749884,27.59678135429493,30.535619026114702,1.8,93.0,-0.72,1.29
AMZN,2013-02-28,13.090499877929688,13.350000381469728,13.031499862670898,13.213500022888184,53344000.0,35.02102250417013,30.119177789957917,29.964110971656165,27.5972150722566,30.53256495859599,1.81,92.0,-0.74,1.29
AMZN,2013-03-01,13.16349983215332,13.329999923706056,13.052000045776367,13.286999702453612,59140000.0,34.937050376078716,30.092053471299714,29.795227798131407,27.575709974022978,30.409921398728056,1.83,89.0,-0.75,1.38
AMZN,2013-03-04,13.267999649047852,13.664999961853027,13.20699977874756,13.655500411987305,69060000.0,35.8175823110599,30.53680492286528,29.978141377208107,27.748957457211848,30.423257383055653,1.85,93.0,-0.78,1.31
AMZN,2013-03-05,13.699999809265137,13.833999633789062,13.499500274658203,13.779500007629396,73724000.0,35.86963449197491,30.5643305169982,29.980765766967508,27.742624871385374,30.432192400287395,1.86,93.0,-0.8,1.3
AMZN,2013-03-06,13.788000106811523,13.82450008392334,13.591500282287598,13.689499855041504,41014000.0,35.859688315799715,30.598373706948596,30.00146417659687,27.756737584362547,30.437829760730352,1.87,94.0,-0.83,1.29
AMZN,2013-03-07,13.704999923706056,13.739999771118164,13.592499732971191,13.694000244140623,38780000.0,35.77612620586812,30.59702963616112,29.55061757949331,27.686040105034177,30.43590501854655,1.88,85.0,-0.85,1.45
AMZN,2013-03-08,13.75,13.772000312805176,13.574999809265137,13.709500312805176,37596000.0,35.31872701655122,30.210819296373902,29.278545847471847,27.60040037458299,30.434523397792795,1.89,79.0,-0.85,1.56
AMZN,2013-03-11,13.671500205993652,13.69950008392334,13.520000457763672,13.562000274658203,38098000.0,33.5773054504681,30.244296526068947,29.33230644838158,27.630223574849076,30.431651327535075,1.89,79.0,-0.85,1.54
AMZN,2013-03-12,13.550000190734863,13.869999885559082,13.517999649047852,13.706500053405762,64924000.0,32.75842440959424,30.298525137602727,29.337625431889702,27.645128264981324,30.38365064620055,1.89,80.0,-0.84,1.52
AMZN,2013-03-13,13.76200008392334,13.824999809265137,13.631999969482422,13.755000114440918,37684000.0,27.71223018797887,30.292936922376306,29.322905816217364,27.608399635606602,30.322067176631727,1.89,77.0,-0.83,1.53
AMZN,2013-03-14,13.48349952697754,13.5,13.17650032043457,13.286999702453612,104534000.0,26.277391868711003,31.126502512518485,29.867434169749842,27.922660802277132,30.530474559955774,1.89,86.0,-0.8,1.36
AMZN,2013-03-15,13.24899959564209,13.36299991607666,13.0024995803833,13.090999603271484,97318000.0,25.45301362743853,31.07784619917005,29.890306383814973,27.958463604783535,30.569819922215864,1.89,86.0,-0.78,1.36
AMZN,2013-03-18,12.96500015258789,13.07450008392334,12.855999946594238,12.89449977874756,54404000.0,25.803982869013154,30.799024916043745,29.9407146679062,27.877504220926003,30.581980268948477,1.9,87.0,-0.75,1.34
AMZN,2013-03-19,12.920000076293944,12.975000381469728,12.630999565124512,12.820500373840332,74770000.0,25.269118077051445,30.762672025813952,29.777047776525883,27.88799437058816,30.572174136027446,1.9,82.0,-0.69,1.41
AMZN,2013-03-20,12.90250015258789,12.98799991607666,12.727499961853027,12.86400032043457,54778000.0,24.008108713579055,30.640997489496314,29.46509312304915,27.78795560751891,30.572195333234937,1.89,80.0,-0.6,1.54
AMZN,2013-03-21,12.805500030517578,12.850000381469728,12.633999824523926,12.669500350952148,56128000.0,23.874191579206773,30.585970544876663,29.57608561607851,27.614484773996306,30.616644979229868,1.88,81.0,-0.51,1.49
AMZN,2013-03-22,12.727499961853027,12.888500213623049,12.603500366210938,12.887499809265137,62492000.0,24.35895434280671,30.760420054602005,29.392409235663003,27.680006846265293,30.458343538765657,1.87,78.0,-0.4,1.55
AMZN,2013-03-25,12.928999900817873,12.971500396728516,12.725000381469728,12.800999641418455,50278000.0,24.336710861938403,29.685928226120982,29.126990422915426,27.69376768534063,30.465582699759974,1.86,65.0,-0.33,1.66
AMZN,2013-03-26,12.852499961853027,13.074000358581545,12.814000129699709,13.01550006866455,48420000.0,24.2569316349113,29.866425381004248,27.310101870789488,27.724660487109116,30.50397766374075,1.86,45.0,-0.23,0.92
AMZN,2013-03-27,12.9375,13.296500205993652,12.895000457763672,13.265000343322754,57498000.0,24.80740057624716,29.96143357084668,27.194945269318875,27.78421876318759,30.530600565691866,1.86,40.0,-0.1,0.99
AMZN,2013-03-28,13.291000366210938,13.369000434875488,13.20300006866455,13.32450008392334,49474000.0,21.77295493683192,29.62925200162112,27.189780052026187,27.787191970515813,30.291433690794552,1.86,39.0,0.04,0.99
AMZN,2013-04-01,13.348999977111816,13.369999885559082,13.05049991607666,13.080499649047852,50496000.0,22.397426074834534,29.452388663038242,27.37199964719437,27.712525471834564,30.332262867176624,1.86,48.0,0.2,0.89
AMZN,2013-04-02,13.119999885559082,13.294500350952148,13.02750015258789,13.166000366210938,52622000.0,22.05967594778034,29.467400541278316,27.362413439087334,27.71056473309676,30.2565855436112,1.86,47.0,0.37,0.9
AMZN,2013-04-03,13.105999946594238,13.183500289916992,12.887499809265137,12.951499938964844,48276000.0,21.887310317972233,29.661604356969118,27.429122061376916,27.731495512069664,30.264490640281405,1.86,53.0,0.54,0.86
AMZN,2013-04-04,12.96150016784668,13.020500183105469,12.805999755859377,12.95400047302246,39288000.0,21.63509323936547,28.73507848992914,27.151584281566944,27.68883095852602,30.243500611465663,1.86,38.0,0.75,0.98
AMZN,2013-04-05,12.78600025177002,12.809000015258787,12.683500289916992,12.77400016784668,51148000.0,21.963862940248973,28.82952416179581,27.03911603364122,27.709525869523777,30.190905211182333,1.86,35.0,0.95,1.03
AMZN,2013-04-08,12.79599952697754,12.984000205993652,12.781499862670898,12.947500228881836,45912000.0,22.37841938413539,28.975715266259485,27.09344707539973,27.74664940586148,30.208431179013417,1.86,36.0,1.16,1.01
AMZN,2013-04-09,12.942500114440918,13.130499839782717,12.850000381469728,13.057000160217283,43132000.0,21.67596339671488,29.023935217739645,27.116474599659234,27.76005902755435,30.06828846817624,1.86,37.0,1.39,1.0
AMZN,2013-04-10,13.08899974822998,13.298999786376951,12.965999603271484,13.238499641418455,46450000.0,22.020594330434257,29.095493763992447,27.18716122231824,27.428434757930088,30.09466761754605,1.86,42.0,1.61,0.97
AMZN,2013-04-11,13.237000465393066,13.548500061035156,13.237000465393066,13.49250030517578,61810000.0,22.282099125507,29.13047915979278,27.17561009063896,27.494228175761044,30.112717143402072,1.86,42.0,1.57,1.0
AMZN,2013-04-12,13.505999565124512,13.66349983215332,13.35099983215332,13.643500328063965,57326000.0,22.466885365689425,29.215569770399824,27.139945676097945,27.489436096968443,30.004490600214396,1.86,40.0,0.95,1.03
AMZN,2013-04-15,13.553999900817873,13.755999565124512,13.354999542236328,13.38599967956543,66520000.0,23.16130213582378,29.392145349043847,27.179835505033267,27.540621161821893,30.07230938351918,1.86,44.0,0.43,0.99
AMZN,2013-04-16,13.465499877929688,13.640000343322754,13.402999877929688,13.616999626159668,42744000.0,22.293270258615934,29.579925154822178,27.13939258793055,27.39988211713502,30.085428653466007,1.86,40.0,-0.01,1.0
AMZN,2013-04-17,13.539999961853027,13.542499542236328,13.212499618530272,13.369999885559082,62702000.0,22.724318466591555,29.791596653669373,27.20304788928065,27.45795600052878,30.12129062012359,1.86,50.0,-0.3,0.96
AMZN,2013-04-18,13.340499877929688,13.349499702453612,12.829999923706056,12.970999717712402,62752000.0,24.220757532877325,30.39114655956064,27.528527006202747,26.238625430635267,30.23882849996056,1.86,61.0,-0.42,0.85
AMZN,2013-04-19,12.907999992370604,13.144000053405762,12.875,13.015999794006348,52050000.0,24.261667630180852,30.366794540738706,27.509673447873233,26.23218822221609,30.206333002479337,1.86,60.0,-0.52,0.86
AMZN,2013-04-22,12.967499732971191,13.229999542236328,12.90149974822998,13.177499771118164,42382000.0,24.58988766928474,30.192918827156646,27.471596914806767,26.227141186079965,30.199206977257415,1.86,59.0,-0.52,0.87
AMZN,2013-04-23,13.225000381469728,13.493499755859377,13.225000381469728,13.44499969482422,45412000.0,25.177550280092646,29.44035382138081,27.640463328869348,26.31796956027473,30.25755800821468,1.86,61.0,-0.58,0.8
AMZN,2013-04-24,13.475000381469728,13.57349967956543,13.340499877929688,13.439000129699709,37056000.0,24.96513352026079,28.877778757372123,27.548203230371694,26.307577736641885,30.249395325725605,1.86,60.0,-0.57,0.84
AMZN,2013-04-25,13.576499938964844,13.789999961853027,13.524999618530272,13.734999656677246,122330000.0,25.778630811154912,26.5780057491006,27.63451731454844,26.347371061730485,30.299279525461635,1.86,60.0,-0.56,0.81
AMZN,2013-04-26,13.498499870300291,13.60099983215332,12.64050006866455,12.740500450134276,280600000.0,32.3451055600513,29.220135057282725,30.1531682252552,27.835402376205913,31.238433621456103,1.88,99.0,-0.55,2.19
AMZN,2013-04-29,12.744999885559082,12.850500106811523,12.457500457763672,12.487000465393066,142340000.0,32.569314021824816,28.993389855458222,30.3039679992453,27.913341311278085,31.244999000937636,1.9,100.0,-0.54,2.08
AMZN,2013-04-30,12.468500137329102,12.734000205993652,12.428000450134276,12.690500259399414,84976000.0,32.70043459770101,29.205603681992653,30.382527189347908,27.95283077480752,31.273942323097753,1.92,100.0,-0.54,2.04
AMZN,2013-05-01,12.69499969482422,12.710000038146973,12.287500381469728,12.411499977111816,87828000.0,33.27273216069115,29.29597954998882,30.572761303560846,28.080555031360298,27.761308747146806,1.94,100.0,-0.54,1.9
AMZN,2013-05-02,12.446999549865724,12.646499633789062,12.288999557495115,12.6274995803833,78724000.0,33.674809239557085,28.998791137104813,30.696307554574563,28.14273966388816,27.728060012315186,1.96,100.0,-0.54,1.85
AMZN,2013-05-03,12.807000160217283,12.962499618530272,12.734999656677246,12.90250015258789,70280000.0,33.97339641152907,29.145036356918443,30.88669241938567,28.252258386967714,27.79600933719885,1.98,100.0,-0.51,1.78
AMZN,2013-05-06,12.904500007629396,12.975000381469728,12.67099952697754,12.78600025177002,46956000.0,33.71690895704146,29.162195909484566,30.718840118728014,28.273509865581115,27.812284613862882,2.0,99.0,-0.5,1.88
AMZN,2013-05-07,12.815500259399414,12.987000465393066,12.645500183105469,12.886500358581545,62674000.0,33.73823207601331,29.17581345880798,30.688304209916538,28.210688168224596,27.81937001312554,2.02,97.0,-0.45,1.9
AMZN,2013-05-08,12.843500137329102,13.015000343322754,12.76650047302246,12.934000015258787,53540000.0,33.398538575689216,28.943539115789523,30.68652671784564,28.142604703803535,27.711767692535787,2.04,96.0,-0.4,1.9
AMZN,2013-05-09,12.93649959564209,13.177499771118164,12.843999862670898,13.008000373840332,55386000.0,32.95399892553479,28.942946306647134,30.69633163701404,28.148665273283633,27.712644106743493,2.05,98.0,-0.34,1.9
AMZN,2013-05-10,13.043999671936035,13.182499885559082,13.010499954223633,13.181500434875488,62906000.0,33.17005113812325,27.81753699321684,30.732875304468287,28.18574819311538,27.73455794848807,2.07,99.0,-0.28,1.91
AMZN,2013-05-13,13.138500213623049,13.293999671936035,13.100000381469728,13.225500106811523,42990000.0,32.73408448489189,27.827623932278346,30.60056955341917,28.183119581536282,27.731711389792725,2.08,93.0,-0.21,1.97
AMZN,2013-05-14,13.225000381469728,13.470000267028809,13.201499938964844,13.416500091552734,54000000.0,32.939642914397545,27.80234199548499,30.41973188690616,28.177524061104858,27.7201620045756,2.08,91.0,-0.22,2.04
AMZN,2013-05-15,13.353500366210938,13.452500343322754,13.227999687194824,13.32800006866455,54410000.0,32.61947781146024,27.602081947946015,30.40117729215416,28.172747102564237,27.727227935008,2.09,90.0,-0.19,2.06
AMZN,2013-05-16,13.29800033569336,13.421500205993652,13.192500114440918,13.206000328063965,32870000.0,32.75177170912174,27.548217772149936,30.364160949663006,28.11358260918132,27.65918328959178,2.05,88.0,-0.19,2.05
AMZN,2013-05-17,13.291500091552734,13.49899959564209,13.25,13.494999885559082,50546000.0,32.99590307881831,27.904925410808257,30.419908776094996,28.20990621856233,27.73254822724492,2.02,91.0,-0.17,2.08
AMZN,2013-05-20,13.449999809265137,13.589500427246094,13.324999809265137,13.381500244140623,44180000.0,32.93473661517364,27.958446155450833,30.436809177504532,28.21223021445716,27.746880436160243,1.98,91.0,-0.15,2.04
AMZN,2013-05-21,13.437000274658203,13.53849983215332,13.383000373840332,13.442999839782717,34824000.0,32.87933894918451,27.61747422040497,29.76865936758396,28.213177068559254,27.62186136945644,1.94,64.0,-0.1,2.37
AMZN,2013-05-22,13.369500160217283,13.37950038909912,13.039999961853027,13.14799976348877,66640000.0,33.310602712869304,28.00494923922503,29.98973918897893,28.33628321852674,27.632572539110996,1.91,75.0,-0.05,2.2
AMZN,2013-05-23,13.024499893188477,13.158499717712402,12.979499816894531,13.09000015258789,40006000.0,32.823601886246735,27.85246002011718,29.925362857867448,28.326143952033462,27.572153774446555,1.88,68.0,-0.24,2.26
AMZN,2013-05-24,12.99250030517578,13.096500396728516,12.916999816894531,13.086999893188477,33926000.0,32.62305767237856,27.840238379760418,29.711408456508583,28.325343594486935,27.53874551222365,1.84,61.0,-0.2,2.36
AMZN,2013-05-28,13.324000358581545,13.55500030517578,13.300000190734863,13.364500045776367,69420000.0,32.80228102402163,28.15335016151187,29.626180250949137,28.418161151515747,27.60063309315696,1.81,60.0,-0.15,2.39
AMZN,2013-05-29,13.27299976348877,13.412500381469728,13.241999626159668,13.27649974822998,38068000.0,32.44216649236349,27.60382571789445,29.639194930071923,28.32742786110837,27.591534227923336,1.78,60.0,-0.11,2.37
AMZN,2013-05-30,13.285499572753906,13.428500175476074,13.280500411987305,13.341500282287598,33350000.0,32.05140582142975,27.555780218153693,29.646006004979863,28.10576145276294,27.56894699761322,1.74,60.0,-0.07,2.37
AMZN,2013-05-31,13.300000190734863,13.595499992370604,13.29699993133545,13.460000038146973,67486000.0,30.82806081617786,27.59286438018928,29.144156231195357,28.1077893762881,27.569359446369894,1.71,41.0,-0.08,2.57
AMZN,2013-06-03,13.447999954223633,13.455499649047852,13.147500038146973,13.343999862670898,50878000.0,30.95173306150068,27.645753813918933,29.15047011843806,28.119252008488605,27.45338958006401,1.68,41.0,-0.08,2.56
AMZN,2013-06-04,13.350000381469728,13.444000244140623,13.151000022888184,13.28499984741211,41772000.0,30.79131466763644,27.655825254058808,29.159025865513815,28.12464569884947,27.408733551692784,1.65,41.0,-0.08,2.55
AMZN,2013-06-05,13.290499687194824,13.583000183105469,13.25100040435791,13.35849952697754,70246000.0,30.260966129795484,27.598705238075112,29.165831407690128,28.05333613586391,27.313765723123197,1.62,41.0,-0.09,2.56
AMZN,2013-06-06,13.387499809265137,13.524999618530272,13.21049976348877,13.39150047302246,49526000.0,30.27081319075709,27.512339401526198,29.12717576633629,28.051054028106464,27.158053616424755,1.58,37.0,-0.09,2.57
AMZN,2013-06-07,13.487000465393066,14.005000114440918,13.456500053405762,13.843500137329102,92652000.0,31.15589133072824,28.351679120122352,29.46849573482213,28.280739990824273,27.33964564656243,1.54,55.0,-0.1,2.44
AMZN,2013-06-10,13.833999633789062,14.123499870300291,13.76200008392334,14.053500175476074,61730000.0,21.720964240337786,27.57006065578417,29.55847347034562,28.332437965713016,27.305668347878832,1.5,56.0,-0.04,2.4
AMZN,2013-06-11,13.800000190734863,13.920499801635742,13.711999893188477,13.73900032043457,61956000.0,21.96897088664195,27.80525027517722,29.72934590009207,28.434178312922175,27.40432819602809,1.47,61.0,-0.11,2.28
AMZN,2013-06-12,13.829999923706056,13.84000015258789,13.522500038146973,13.583499908447266,44778000.0,22.005384125630005,27.724155565060897,29.772542690826263,28.464484598429806,27.430870529445052,1.42,62.0,-0.12,2.23
AMZN,2013-06-13,13.574999809265137,13.84000015258789,13.51449966430664,13.78950023651123,52996000.0,21.03016086566735,27.839544025525075,29.852975411819195,28.47522119997593,27.449088286966948,1.38,64.0,-0.15,2.19
AMZN,2013-06-14,13.75,13.853500366210938,13.67199993133545,13.69950008392334,43016000.0,20.808703620462154,27.88085233431624,29.849589866458377,28.458200761423118,27.459045970901187,1.33,63.0,-0.19,2.19
AMZN,2013-06-17,13.817500114440918,14.010000228881836,13.782500267028809,13.902999877929688,57680000.0,20.362657561524387,27.809868929570385,29.911935617109787,28.485339459654025,27.479451878235473,1.27,66.0,-0.26,2.19
AMZN,2013-06-18,13.95400047302246,14.145500183105469,13.905500411987305,14.088000297546388,42922000.0,20.287692141812105,27.72937616163338,29.82189151336171,28.49073591697968,27.50545393900871,1.22,61.0,-0.21,2.23
AMZN,2013-06-19,14.062999725341797,14.166999816894531,13.893500328063965,13.907999992370604,56550000.0,20.760907355036892,27.83511862039299,29.280255736885685,28.35773612369707,27.487866362691086,1.18,37.0,-0.4,2.37
AMZN,2013-06-20,13.756999969482422,13.93000030517578,13.619500160217283,13.67199993133545,59680000.0,21.52272134397597,27.904883747327187,29.057784458174655,28.41252530420167,27.483470374391743,1.14,26.0,-0.38,2.5
AMZN,2013-06-21,13.728500366210938,13.791999816894531,13.489500045776367,13.66800022125244,84020000.0,21.49954647758336,27.647292277767026,27.50647927971601,28.390041359632157,27.47849704946529,1.15,18.0,-0.41,2.61
AMZN,2013-06-24,13.564499855041504,13.657999992370604,13.25,13.530500411987305,77276000.0,21.470349704052985,27.7191955628024,26.544377704692995,28.40855760779358,27.495029238034853,1.18,1.0,-0.39,2.77
AMZN,2013-06-25,13.614999771118164,13.673500061035156,13.449999809265137,13.604499816894531,48992000.0,21.50027177469827,27.46095695781757,26.204937835164966,28.309369160593008,27.47335183481126,1.22,1.0,-0.43,3.07
AMZN,2013-06-26,13.699000358581545,13.89900016784668,13.675000190734863,13.878499984741213,60590000.0,21.86183733576756,27.719937253156345,26.388174354185516,28.330606191940777,27.532511660904003,1.25,2.0,-0.5,2.96
AMZN,2013-06-27,13.958999633789062,14.010000228881836,13.72700023651123,13.8774995803833,50390000.0,21.74226869980825,27.485507965783608,26.200828401191607,28.31503708816322,27.513130019476574,1.29,1.0,-0.53,3.16
AMZN,2013-06-28,13.809499740600586,13.991499900817873,13.809499740600586,13.884499549865724,63866000.0,21.51411837051579,27.485118682792077,25.877835426331767,28.31429195234981,27.40794974244643,1.33,1.0,-0.59,3.35
AMZN,2013-07-01,13.949999809265137,14.16450023651123,13.857999801635742,14.104999542236328,57764000.0,21.1025354312701,27.46096094227437,25.82810061138463,28.112189159872862,27.44846640358339,1.37,1.0,-0.57,3.47
AMZN,2013-07-02,14.052000045776367,14.32900047302246,14.029500007629396,14.18649959564209,64764000.0,20.923174158977652,27.364149546080117,25.805332660536184,27.964018498391564,27.377831882682962,1.4,1.0,-0.52,3.52
AMZN,2013-07-03,14.100000381469728,14.270000457763672,14.100000381469728,14.201499938964844,27460000.0,20.90950255457249,27.326447095544502,25.789040101606048,27.96005376919903,27.207977955823807,1.44,1.0,-0.49,3.52
AMZN,2013-07-05,14.25,14.319000244140623,14.103500366210938,14.293999671936035,39708000.0,19.661740890389652,27.225575567040693,25.62193970716684,27.94969654010725,27.21171550385899,1.48,1.0,-0.4,3.74
AMZN,2013-07-08,14.321000099182127,14.583499908447266,14.307000160217283,14.529500007629396,60934000.0,19.919583124300786,27.156889829868554,25.72615330230048,27.998605772268654,27.255634105005438,1.51,2.0,-0.13,3.66
AMZN,2013-07-09,14.550000190734863,14.628499984741213,14.400500297546388,14.576499938964844,55512000.0,19.88885081145286,27.082101921686668,24.93223602304865,27.99891227059817,27.230995685058428,1.56,1.0,0.04,4.02
AMZN,2013-07-10,14.570500373840332,14.666999816894531,14.470000267028809,14.616499900817873,36204000.0,19.19344913093551,26.755631460520153,24.93274389789635,27.953921845160874,27.21344718542712,1.6,2.0,0.15,4.03
AMZN,2013-07-11,14.749500274658203,15.034500122070312,14.604999542236328,14.982999801635742,80146000.0,19.969115797667733,26.991775666478997,25.080068271453626,28.060898964728825,27.31645495002631,1.64,3.0,0.68,4.03
AMZN,2013-07-12,14.934499740600586,15.3774995803833,14.925000190734863,15.3774995803833,90786000.0,20.959757072761874,27.123184915442156,25.25707597858619,28.10104927754173,27.302818494039872,1.67,4.0,1.73,3.91
AMZN,2013-07-15,15.363499641418455,15.399499893188477,15.217499732971191,15.328499794006348,44912000.0,21.04480096867107,26.286388572963155,25.171159569277172,27.913597681150048,27.298820603775248,1.7,4.0,1.98,4.03
AMZN,2013-07-16,15.364999771118164,15.469499588012695,15.275500297546388,15.343500137329102,53204000.0,20.710704030914812,26.288576666846396,25.166132101229515,27.913520500678363,27.256019389834485,1.73,4.0,1.97,4.04
AMZN,2013-07-17,15.34850025177002,15.4399995803833,15.284500122070312,15.434499740600586,40594000.0,20.532612528111592,26.221398658461254,25.170169018077935,27.737409090970083,27.230619604848716,1.76,5.0,1.91,4.06
AMZN,2013-07-18,15.31350040435791,15.31700038909912,15.093500137329102,15.205499649047852,61276000.0,21.329006152988768,26.208190418284964,25.047413169600762,27.630950967896695,27.251676475911424,1.79,3.0,1.64,4.19
AMZN,2013-07-19,15.219499588012695,15.28950023651123,15.095499992370604,15.261500358581545,59462000.0,21.322774444058634,26.20503072003671,25.04314571714087,26.53693306210632,27.2511252971612,1.82,3.0,1.4,4.21
AMZN,2013-07-22,15.462499618530272,15.462499618530272,15.100000381469728,15.173999786376951,50414000.0,19.669155759454902,25.92853041381673,24.979228104739057,26.39568254135672,27.260137778080363,1.84,3.0,1.13,4.21
AMZN,2013-07-23,15.157999992370604,15.253000259399414,15.027999877929688,15.053000450134276,39992000.0,19.582338276097015,20.518297976348816,25.02072066025306,26.413711437273328,27.008810285149448,1.87,4.0,0.88,4.13
AMZN,2013-07-24,15.151000022888184,15.19200038909912,14.902000427246094,14.946999549865724,40010000.0,18.341132756656453,20.06653955780226,25.046374652815867,26.43289217454531,27.00863320822298,1.89,6.0,0.64,4.06
AMZN,2013-07-25,14.949999809265137,15.225000381469728,14.837499618530272,15.170000076293944,108116000.0,18.149984476344002,20.03041483508535,24.790440497581738,26.468435153745805,27.020329247177287,1.92,1.0,0.45,4.25
AMZN,2013-07-26,14.977499961853027,15.680999755859377,14.77750015258789,15.600500106811523,176350000.0,19.209913230687597,19.97504447178934,25.125935892522815,26.615224057553437,27.113991520220264,1.93,10.0,0.39,4.01
AMZN,2013-07-29,15.553500175476074,15.649999618530272,15.295000076293944,15.30500030517578,64236000.0,20.139625557248692,20.31770666884082,25.303804949247024,26.56330283704445,27.040343820434114,1.95,15.0,0.22,3.8
AMZN,2013-07-30,15.38599967956543,15.48900032043457,15.078499794006348,15.12049961090088,61068000.0,20.363048505554662,20.191061698729197,25.39078360643164,26.48380869229009,27.04610791599631,1.96,16.0,0.05,3.68
AMZN,2013-07-31,15.195500373840332,15.25749969482422,15.050000190734863,15.060999870300291,37826000.0,20.20676824179605,20.09110084925686,25.40284326413222,26.481811514690136,25.996655271225766,1.98,17.0,-0.1,3.65
AMZN,2013-08-01,15.154000282287598,15.310500144958496,14.94499969482422,15.278499603271484,59434000.0,19.978574316305416,20.2056202657181,25.420340177267864,26.524502833652846,26.023693468710473,1.99,18.0,-0.24,3.71
AMZN,2013-08-02,15.231499671936035,15.26650047302246,15.074999809265137,15.21049976348877,50052000.0,19.185085720648225,20.259930804870425,25.390881842340406,26.534103765133544,25.997282033051956,2.01,17.0,-0.37,3.69
AMZN,2013-08-05,15.170000076293944,15.180999755859377,14.914999961853027,15.049500465393066,44664000.0,19.595469361010647,20.432669003658624,25.455092640816552,26.489243971693472,26.016109229003558,2.02,20.0,-0.49,3.59
AMZN,2013-08-06,15.025500297546388,15.067999839782717,14.87600040435791,15.037500381469728,36980000.0,19.227793039120357,20.317428134248875,24.812021215409892,26.45072205021941,26.00842818660275,2.03,2.0,-0.61,4.12
AMZN,2013-08-07,15.00749969482422,15.049500465393066,14.807499885559082,14.845499992370604,39220000.0,19.791404277394484,20.548121183538115,24.78084476688373,26.408959703039276,25.99043700917421,2.05,1.0,-0.7,4.16
AMZN,2013-08-08,14.925999641418455,14.925999641418455,14.6274995803833,14.786999702453612,46868000.0,19.207575683757796,20.417645774897984,24.6559791310418,26.328115873932518,25.989991370785383,2.06,1.0,-0.77,4.33
AMZN,2013-08-09,14.784000396728516,14.963500022888184,14.71500015258789,14.86299991607666,39006000.0,19.215264343041138,20.356998894108465,24.63644259716569,26.261695005369535,25.974071096734118,2.08,1.0,-0.84,4.38
AMZN,2013-08-12,14.78950023651123,14.95400047302246,14.762999534606934,14.834500312805176,30090000.0,19.247613577196468,20.243170165504083,24.64037781939949,26.189253152910585,25.955598504223154,2.09,2.0,-0.9,4.36
AMZN,2013-08-13,14.793999671936035,14.818499565124512,14.533499717712402,14.69849967956543,46998000.0,19.079717454027243,19.945520057854946,24.555096706410545,26.20665970341157,25.97442767392348,2.11,1.0,-0.95,4.47
AMZN,2013-08-14,14.714500427246094,14.714500427246094,14.527000427246094,14.56700038909912,28300000.0,19.26292686458305,19.95725104096307,24.482585094173665,26.17799783511558,25.98511630132062,2.12,1.0,-0.99,4.47
AMZN,2013-08-15,14.439499855041504,14.46500015258789,14.25749969482422,14.32349967956543,45228000.0,19.936738028304212,20.292737071683458,24.618712368682054,26.26219947409194,26.044760438497722,2.14,3.0,-1.0,4.3
AMZN,2013-08-16,14.327500343322754,14.416500091552734,14.225000381469728,14.241000175476074,48450000.0,19.92190496390624,19.761505025133463,24.51641576919727,26.21926390866068,26.052005093779258,2.16,2.0,-1.01,4.34
AMZN,2013-08-19,14.259499549865724,14.477999687194824,14.173999786376951,14.278499603271484,49548000.0,19.324573478102614,19.726647299808807,24.346137202595763,26.151873101293,25.9955176987172,2.18,1.0,-1.02,4.48
AMZN,2013-08-20,14.293999671936035,14.475500106811523,14.286999702453612,14.354499816894531,31726000.0,19.369537881551526,19.739174406376833,24.349753298488896,26.15601971169702,25.946749728002917,2.21,2.0,-1.04,4.48
AMZN,2013-08-21,14.25450038909912,14.425000190734863,14.191499710083008,14.228500366210938,36306000.0,19.49016477227905,19.42781981593693,24.20339050415971,26.165079224126103,25.96318370348128,2.23,1.0,-1.04,4.67
AMZN,2013-08-22,14.239999771118164,14.493499755859377,14.239999771118164,14.486499786376951,28452000.0,18.79999884836867,19.665880964217152,24.339670681051764,26.22829491232646,26.017542406167692,2.25,2.0,-1.06,4.55
AMZN,2013-08-23,14.560500144958496,14.574999809265137,14.395000457763672,14.500499725341797,39238000.0,16.97436691587491,19.653079345416735,24.179576616502793,26.2214506541867,26.013639736291655,2.28,1.0,-1.07,4.78
AMZN,2013-08-26,14.521499633789062,14.552499771118164,14.281000137329102,14.310500144958496,34234000.0,17.282078354851922,19.81417494231703,24.28586530447367,26.270777760247498,26.010739827979645,2.3,3.0,-1.06,4.62
AMZN,2013-08-27,14.193499565124512,14.263999938964844,13.987000465393066,14.046500205993652,49520000.0,17.88297112014388,20.12483706717294,24.369528634763302,26.36956897623574,26.06831341439424,2.32,7.0,-1.04,4.52
AMZN,2013-08-28,14.017999649047852,14.149999618530272,13.966500282287598,14.07900047302246,29142000.0,17.757973805523726,20.096607546405192,24.28756317175854,26.23363767476948,26.005908500131053,2.34,4.0,-1.02,4.58
AMZN,2013-08-29,14.072500228881836,14.298999786376951,14.0,14.199000358581545,31328000.0,17.693984389541694,20.134507367212088,24.28808633878623,26.217343878929146,26.005631292161187,2.36,5.0,-1.01,4.58
AMZN,2013-08-30,14.229499816894531,14.243499755859377,14.0,14.048999786376951,30694000.0,17.760627882226316,20.2724190005378,24.265654868482894,26.247943570929905,26.016243106523625,2.38,3.0,-0.99,4.53
AMZN,2013-09-03,14.236499786376951,14.569499969482422,14.208499908447266,14.4399995803833,57952000.0,19.76808406853191,19.91127438130997,24.464994487628687,26.43730332773206,26.152891403249402,2.39,11.0,-1.0,4.39
AMZN,2013-09-04,14.416500091552734,14.761500358581545,14.378999710083008,14.682000160217283,48772000.0,20.359948034468218,19.961958608488743,24.540111334068353,26.48161301098892,26.19819247446439,2.41,14.0,-1.02,4.32
AMZN,2013-09-05,14.681500434875488,14.850000381469728,14.635499954223633,14.704999923706056,36332000.0,20.28381002775047,19.359264562137522,24.334335353915872,26.39831221765303,26.18725389876261,2.42,7.0,-1.04,4.6
AMZN,2013-09-06,14.76650047302246,14.944000244140623,14.539999961853027,14.79300022125244,45840000.0,19.85966358352759,19.20611845504599,24.209833184588163,26.242752240951212,26.19161785759135,2.44,3.0,-1.06,4.71
AMZN,2013-09-09,14.861000061035156,14.998000144958496,14.829999923706056,14.98550033569336,32872000.0,18.38574282460499,19.146612251826724,24.088913586227033,26.255202914949287,26.209414286074374,2.46,1.0,-1.08,4.94
AMZN,2013-09-10,15.02750015258789,15.050000190734863,14.861000061035156,15.017999649047852,35568000.0,17.615690964123772,19.075528871082327,23.55581286784587,26.212341901858103,26.13310114509811,2.49,1.0,-1.09,5.58
AMZN,2013-09-11,14.945500373840332,15.093000411987305,14.892000198364258,14.982000350952148,34852000.0,17.28652468652877,18.89097766790423,23.561542023850265,26.12323483699967,25.96419011115994,2.51,2.0,-1.08,5.55
AMZN,2013-09-12,14.969499588012695,15.100000381469728,14.883000373840332,14.942999839782717,32124000.0,17.266427403088734,18.740377242363042,23.504498088114296,26.117455747738717,25.952094396045844,2.54,1.0,-1.08,5.59
AMZN,2013-09-13,15.006999969482422,15.01099967956543,14.8100004196167,14.895999908447266,27012000.0,16.716613038979293,18.53864344448712,23.31918135083543,25.680554814266383,25.947523361682435,2.56,1.0,-1.08,5.76
AMZN,2013-09-16,14.991000175476074,15.050000190734863,14.762999534606934,14.803000450134276,36168000.0,16.758591364514967,18.212694710488393,23.346785864014212,25.69355053396965,25.956510608582857,2.59,2.0,-1.07,5.7
AMZN,2013-09-17,14.881500244140623,15.232500076293944,14.80049991607666,15.208499908447266,45930000.0,18.338206920781385,18.954416335723494,23.480117598935518,25.825548778359895,26.033731410421513,2.61,3.0,-1.09,5.58
AMZN,2013-09-18,15.20300006866455,15.63700008392334,15.145500183105469,15.601499557495115,58928000.0,19.72784205913595,19.400625011908133,20.403004898794677,25.857786537207033,26.150465284824055,2.67,1.0,-1.06,-0.53
AMZN,2013-09-19,15.68850040435791,15.72700023651123,15.552000045776367,15.602999687194824,47018000.0,19.27672878367403,19.395361618145607,20.095142848185922,25.698101923034404,26.11643838110241,2.72,1.0,-1.09,-0.49
AMZN,2013-09-20,15.626999855041504,16.028499603271484,15.62049961090088,15.81700038909912,106046000.0,19.503909967893474,19.19185873379546,20.054253362408318,25.737802232966946,26.147269740026125,2.78,1.0,-1.05,-0.48
AMZN,2013-09-23,15.700499534606934,15.795000076293944,15.43850040435791,15.57450008392334,37698000.0,20.141067376374455,19.524788613722766,19.872049846015173,25.811728409421907,26.176376889400437,2.83,1.0,-1.13,-0.5
AMZN,2013-09-24,15.621500015258787,15.904000282287598,15.564000129699709,15.706500053405762,40672000.0,20.209280762342168,19.56784554517417,19.7517822441002,25.50346722318759,26.184681566410923,2.87,1.0,-1.16,-0.45
AMZN,2013-09-25,15.726499557495115,15.83549976348877,15.537500381469728,15.63249969482422,40172000.0,20.03593421804456,19.404794334168603,19.535301705395938,25.49143571787734,26.15472993753219,2.92,1.0,-1.16,-0.37
AMZN,2013-09-26,15.69499969482422,15.968500137329102,15.663000106811523,15.906000137329102,39798000.0,20.227603847052304,19.65161448588417,19.606955125520734,25.565348175227342,26.18279557007403,2.95,2.0,-1.15,-0.42
AMZN,2013-09-27,15.845999717712402,15.86050033569336,15.667499542236328,15.80049991607666,33150000.0,19.565592949083296,19.729256797312733,19.635586495405892,25.57510513438082,26.174091829148338,2.99,3.0,-1.16,-0.41
AMZN,2013-09-30,15.670499801635742,15.76550006866455,15.553000450134276,15.631999969482422,32472000.0,19.81520635548522,19.868490745415563,19.737767559693797,25.590868954822493,26.172319149644895,3.02,4.0,-1.18,-0.44
AMZN,2013-10-01,15.711000442504885,16.049999237060547,15.682499885559082,16.047500610351562,47928000.0,20.91612630476168,20.283357560639597,20.104248904285026,25.689482288773718,26.161325378617928,3.03,9.0,-1.14,-0.51
AMZN,2013-10-02,15.902000427246094,16.08650016784668,15.87600040435791,16.02549934387207,44348000.0,20.9664017214999,20.290033082141754,20.031692608123958,25.686617351549714,26.14392467190394,3.05,7.0,-1.11,-0.46
AMZN,2013-10-03,16.019500732421875,16.145999908447266,15.651000022888184,15.73799991607666,53496000.0,21.609892888642694,20.68490361569104,20.281591612128157,25.74678493698846,26.19391979994917,3.05,11.0,-1.11,-0.49
AMZN,2013-10-04,15.756500244140623,15.960000038146973,15.630999565124512,15.95199966430664,36300000.0,21.38521044543181,20.262167288593197,20.268854399239377,25.783799191200263,26.216092918195503,3.06,11.0,-1.09,-0.49
AMZN,2013-10-07,15.76200008392334,15.767000198364258,15.487000465393066,15.501500129699709,41664000.0,23.292739906735257,20.481906887543357,20.794690227097462,26.012408351547318,26.304934991143337,3.05,14.0,-1.09,-0.42
AMZN,2013-10-08,15.574999809265137,15.577500343322754,15.013500213623049,15.161499977111816,63324000.0,23.94610195418986,20.977163234546914,21.065177975884954,26.137059841965232,26.349852884179903,3.04,15.0,-1.08,-0.44
AMZN,2013-10-09,15.17099952697754,15.175000190734863,14.824999809265137,14.911499977111816,64948000.0,23.804008113569196,21.244122552241855,21.00398535654756,26.198307959265772,26.39363570846879,3.03,15.0,-1.04,-0.41
AMZN,2013-10-10,15.231499671936035,15.335000038146973,15.12950038909912,15.258500099182127,51102000.0,24.571262351311365,21.74646324627532,21.236097565463808,26.23453044950892,26.488420660984264,3.01,17.0,-1.02,-0.47
AMZN,2013-10-11,15.238499641418455,15.546500205993652,15.19200038909912,15.544500350952148,43262000.0,24.94915001078061,21.859590373667633,21.406315885127004,25.948183554481158,26.34785870612406,2.99,18.0,-1.0,-0.54
AMZN,2013-10-14,15.461000442504885,15.582500457763672,15.350000381469728,15.53499984741211,38782000.0,24.640446924957136,21.84952980670032,21.0711502250549,25.719842718327968,26.22920832913091,2.98,17.0,-1.0,-0.5
AMZN,2013-10-15,15.493499755859377,15.53950023651123,15.262999534606934,15.31999969482422,45222000.0,24.03524348070055,22.01010612078744,21.19492366707538,24.80028169711111,26.268259743908544,2.96,18.0,-1.0,-0.53
AMZN,2013-10-16,15.418999671936035,15.539999961853027,15.27750015258789,15.524499893188477,43414000.0,23.876509333553688,22.104420515007718,21.273754141803575,24.243862371994094,26.283164679701766,2.94,20.0,-1.03,-0.57
AMZN,2013-10-17,15.353500366210938,15.550000190734863,15.26200008392334,15.53849983215332,52968000.0,23.877996475282313,22.04794856095941,21.04827614000209,24.01883922542555,26.275066485455294,2.92,16.0,-1.02,-0.5
AMZN,2013-10-18,15.968000411987305,16.594499588012695,15.837499618530272,16.446500778198242,119396000.0,28.698763701678022,24.716995998019957,22.762479707858187,24.910782239026663,26.86090109583137,2.88,23.0,-0.91,0.96
AMZN,2013-10-21,16.49449920654297,16.5,16.190000534057617,16.32200050354004,50446000.0,28.731360949030645,24.148331481730818,22.810395259631626,24.815529820295378,26.842088922063024,2.84,24.0,-0.86,0.95
AMZN,2013-10-22,16.38599967956543,16.855499267578125,16.284000396728516,16.62700080871582,78710000.0,29.086147660697776,24.05683379570823,22.93539091258342,24.722841044739525,26.872016252597437,2.81,25.0,-0.72,0.86
AMZN,2013-10-23,16.54199981689453,16.586000442504883,16.202999114990234,16.33799934387207,56364000.0,29.672881233968234,24.211512251535712,23.08432917130399,24.721572203014947,26.85354287089443,2.77,26.0,-0.71,0.81
AMZN,2013-10-24,16.48150062561035,16.63249969482422,16.337499618530273,16.61050033569336,117694000.0,29.88298610750071,24.385710048472355,23.174942801063565,24.765176394075908,26.754662508593945,2.73,27.0,-0.67,0.72
AMZN,2013-10-25,17.93000030517578,18.420000076293945,17.631000518798828,18.16950035095215,240736000.0,38.85314054094269,30.250041323408393,27.014363260224762,26.8753712978409,28.174558629354284,2.7,88.0,1.1,5.81
AMZN,2013-10-28,17.996000289916992,18.137500762939453,17.860000610351562,17.908000946044922,72716000.0,39.16247509178445,30.423606985489332,27.157936317536702,26.839447571223236,28.092470074098557,2.67,89.0,1.58,5.7
AMZN,2013-10-29,17.947999954223633,18.144500732421875,17.81450080871582,18.13500022888184,43708000.0,38.721272161449924,30.36034521691103,26.767189320059458,26.865648905159585,27.987039191336326,2.64,88.0,1.93,6.19
AMZN,2013-10-30,18.131000518798828,18.25,17.9325008392334,18.054000854492188,90044000.0,38.37300638462825,30.38990700663166,26.717233935162195,26.473688149330215,27.233689489136797,2.59,88.0,1.91,6.33
AMZN,2013-10-31,18.08650016784668,18.299999237060547,17.950000762939453,18.201499938964844,49336000.0,38.35690230574615,30.224906986855576,26.4252116695248,26.483203671411097,27.13115275889944,2.54,87.0,1.9,6.57
AMZN,2013-11-01,18.2814998626709,18.28849983215332,17.80500030517578,17.950000762939453,66620000.0,38.65651411641355,30.396856508979,26.462850229880804,26.46907401405274,27.171943552966738,2.49,88.0,1.73,6.53
AMZN,2013-11-04,18.006000518798828,18.049999237060547,17.719999313354492,17.937000274658203,38768000.0,38.23883168486123,30.40492032219983,26.395157399388864,26.404153838177187,27.17300306649253,2.44,87.0,1.52,6.69
AMZN,2013-11-05,17.839000701904297,18.008499145507812,17.742000579833984,17.944499969482422,40142000.0,38.24147741375189,30.39210134648831,26.35663945327545,26.351645005056675,27.165558229187216,2.38,86.0,1.32,6.72
AMZN,2013-11-06,18.022499084472656,18.14349937438965,17.725000381469727,17.80900001525879,45646000.0,38.30986982738188,30.365554472805943,26.33517388839029,26.37124325862652,27.154506389851402,2.32,86.0,1.1,6.85
AMZN,2013-11-07,17.792999267578125,17.895000457763672,17.0939998626709,17.17799949645996,84926000.0,39.83293935180262,31.32222844745392,26.97803269141788,26.742805807190983,27.300655222022524,2.26,95.0,0.9,6.39
AMZN,2013-11-08,17.297500610351562,17.552499771118164,17.20199966430664,17.515499114990234,53138000.0,40.02621859062424,31.235414966831037,27.01319979185447,26.69181814778477,27.26888499873899,2.22,96.0,0.71,6.23
AMZN,2013-11-11,17.529499053955078,17.76849937438965,17.402999877929688,17.7189998626709,45234000.0,39.861907605218406,31.220958338966142,26.87153025360411,26.713885409996607,27.279194339661377,2.18,95.0,0.54,6.3
AMZN,2013-11-12,17.649499893188477,17.77400016784668,17.36400032043457,17.476499557495117,46862000.0,39.62429567756929,31.4241525800935,26.993422610636742,26.73051702042156,27.323347426706015,2.17,97.0,0.39,6.19
AMZN,2013-11-13,17.3700008392334,17.81100082397461,17.284000396728516,17.81100082397461,55466000.0,39.87369884091934,31.584269275502862,27.043289516656404,26.808270649800292,27.377392340706496,2.18,99.0,0.24,6.02
AMZN,2013-11-14,17.86949920654297,18.44700050354004,17.821500778198242,18.3700008392334,83196000.0,40.09330008987353,31.964216044550554,27.407385216545137,27.02702364035312,27.47133344413944,2.2,100.0,0.16,5.53
AMZN,2013-11-15,18.381500244140625,18.645000457763672,18.27750015258789,18.458499908447266,89832000.0,40.01504034832338,31.83660804090786,27.274295172882862,26.85800399642273,27.443692379631468,2.21,99.0,0.08,5.75
AMZN,2013-11-18,18.513999938964844,18.67449951171875,18.23349952697754,18.30900001525879,54748000.0,38.94962009968189,31.92857950177158,27.326252977772498,26.868559785033895,27.397832641278818,2.22,99.0,-0.04,5.71
AMZN,2013-11-19,18.291000366210938,18.43899917602539,18.125,18.246999740600582,38096000.0,38.16014429473955,31.767497746265345,27.34147676682028,26.857692888494366,27.344743464250943,2.24,99.0,-0.16,5.7
AMZN,2013-11-20,18.37800025939941,18.37800025939941,18.022499084472656,18.12849998474121,35430000.0,37.74541959345195,31.49422011200195,27.29998634916952,26.874444382474184,27.31170828983243,2.25,97.0,-0.28,5.83
AMZN,2013-11-21,18.20249938964844,18.46249961853028,18.165000915527344,18.44599914550781,39292000.0,37.5662039060696,31.605460358030314,27.397100683492738,26.939352813928302,27.30787386269177,2.27,99.0,-0.38,5.67
AMZN,2013-11-22,18.5,18.725000381469727,18.31550025939941,18.61549949645996,59310000.0,37.39816491436609,31.609302406614127,27.41540431957085,26.91284772310032,27.311335849555896,2.29,100.0,-0.46,5.62
AMZN,2013-11-25,18.69099998474121,18.88949966430664,18.65900039672852,18.832000732421875,59446000.0,37.377320720043386,31.482335271860297,27.44502976542401,26.91754955990962,27.294408134038594,2.31,100.0,-0.52,5.57
AMZN,2013-11-26,18.88050079345703,19.125,18.74099922180176,19.068500518798828,54488000.0,36.90862829035871,31.171943859588104,27.403197482664197,26.946626104857963,27.314254946276893,2.33,97.0,-0.54,5.63
AMZN,2013-11-27,19.174999237060547,19.350000381469727,19.13050079345703,19.33550071716309,45394000.0,36.918154059683815,31.132292948450495,27.46060602623191,26.632867602807547,27.30853168705681,2.35,100.0,-0.54,5.52
AMZN,2013-11-29,19.45499992370605,19.70499992370605,19.43099975585937,19.68099975585937,48120000.0,36.985690947712534,31.240971740837676,27.562072820082246,26.619954280718645,27.314294326391646,2.37,100.0,-0.48,5.35
AMZN,2013-12-02,19.950000762939453,19.950000762939453,19.45499992370605,19.614999771118164,94280000.0,34.0664800702141,31.285263092327785,27.35693124253295,26.548058565265187,27.31880024594594,2.39,93.0,-0.5,5.68
AMZN,2013-12-03,19.50550079345703,19.54750061035156,19.155000686645508,19.232999801635746,74058000.0,34.655645993286825,31.63045714899954,27.327366708602717,26.658510006446654,27.389319018771246,2.41,91.0,-0.59,5.87
AMZN,2013-12-04,19.174999237060547,19.48450088500977,19.074499130249023,19.29800033569336,47106000.0,34.43759150879204,31.6281758443143,27.3140386023921,26.658502077102497,27.381115818626476,2.43,89.0,-0.67,5.87
AMZN,2013-12-05,19.332500457763672,19.332500457763672,19.068500518798828,19.22450065612793,38130000.0,33.88380570715719,31.642084699123075,27.330554290317917,26.58718454311277,27.38348038375551,2.44,91.0,-0.76,5.86
AMZN,2013-12-06,19.417499542236328,19.417499542236328,19.191499710083008,19.34749984741211,39694000.0,33.72165956199212,31.613634474620934,27.332235828991617,26.533777946780024,27.38463811765131,2.46,91.0,-0.84,5.86
AMZN,2013-12-09,19.405500411987305,19.410499572753903,19.12849998474121,19.24449920654297,55236000.0,22.318618264331985,31.638840194496343,27.220575556286224,26.527628707908647,27.392858989190792,2.48,84.0,-0.92,5.96
AMZN,2013-12-10,19.187000274658203,19.452999114990234,19.150999069213867,19.388999938964844,54736000.0,21.81751927985904,31.568732656067787,27.231970747246127,26.480019158662316,27.296060810713357,2.49,84.0,-0.99,5.93
AMZN,2013-12-11,19.367000579833984,19.448999404907227,19.100000381469727,19.10950088500977,49026000.0,22.15603741280987,31.450446777088615,27.33412952055018,26.478010822114513,27.32622477971543,2.51,91.0,-1.06,5.84
AMZN,2013-12-12,19.0629997253418,19.25,18.975000381469727,19.0625,42474000.0,22.114548588513973,31.14684514138661,27.295032798460404,26.48170830254511,27.328106056418473,2.53,84.0,-1.13,5.87
AMZN,2013-12-13,19.266000747680664,19.47100067138672,19.190000534057617,19.21199989318848,60500000.0,22.106678534161066,31.15266955602214,27.266389572693427,26.378100114704843,27.332537070350483,2.54,82.0,-1.19,5.85
AMZN,2013-12-16,19.25149917602539,19.584999084472656,19.25,19.44849967956543,45034000.0,21.788182491752814,31.13464767004914,27.239881115459813,26.400141512470388,27.33460177718323,2.56,81.0,-1.24,5.89
AMZN,2013-12-17,19.53249931335449,19.56800079345703,19.325000762939453,19.38249969482422,46878000.0,21.838157550161828,30.919482221129236,26.946086261707592,26.315838062956153,27.28727696661642,2.57,72.0,-1.29,6.35
AMZN,2013-12-18,19.46150016784668,19.815000534057617,19.155000686645508,19.79800033569336,69782000.0,22.480992478907282,31.11421108220999,26.89540767802352,26.410155641357346,27.253593047320727,2.58,71.0,-1.32,6.26
AMZN,2013-12-19,19.713499069213867,19.864500045776367,19.6299991607666,19.75950050354004,48544000.0,22.303187563655086,31.08669959027975,26.802138410303673,26.34354829140487,27.233815847567406,2.59,69.0,-1.35,6.35
AMZN,2013-12-20,19.82749938964844,20.23600006103516,19.78899955749512,20.11000061035156,100678000.0,19.250112924652466,31.09114127498588,26.884532313780685,26.37218387158055,27.25458223758122,2.6,70.0,-1.35,6.16
AMZN,2013-12-23,20.184499740600582,20.25,19.959999084472656,20.145999908447266,53190000.0,18.792937149011664,31.0166760560419,26.822259294528383,26.362701868867795,27.185055272417507,2.61,68.0,-1.37,6.29
AMZN,2013-12-24,20.1259994506836,20.18600082397461,19.818500518798828,19.959999084472656,27608000.0,19.096621477010935,30.988667591161356,26.86613334148894,26.363695042262634,27.20318598837294,2.62,68.0,-1.39,6.25
AMZN,2013-12-26,20.089500427246094,20.22599983215332,19.840499877929688,20.21949958801269,37370000.0,18.49850693047405,30.700789132544482,26.82822412775776,26.31913260168825,26.910768230719146,2.62,67.0,-1.4,6.21
AMZN,2013-12-27,20.232500076293945,20.2814998626709,19.8125,19.90399932861328,39738000.0,18.927813343413614,30.945085773842422,26.985566027644065,26.38328880154322,26.96678102791527,2.64,73.0,-1.42,6.07
AMZN,2013-12-30,19.97050094604492,19.996000289916992,19.622499465942383,19.668500900268555,49742000.0,17.602044166032048,30.78491209760545,26.971983406111555,26.316054440376558,26.96265017799814,2.65,71.0,-1.45,6.08
AMZN,2013-12-31,19.72900009155273,19.941499710083008,19.690000534057617,19.93950080871582,39930000.0,17.898490599306534,30.787355405317125,27.00468883635383,26.29172935025423,26.905862958570737,2.66,74.0,-1.46,5.97
AMZN,2014-01-02,19.940000534057617,19.968000411987305,19.701000213623047,19.898500442504883,42756000.0,17.667906584217388,30.067261108502706,27.014300896524375,26.184102406426675,26.804851021123504,2.67,75.0,-1.48,5.99
AMZN,2014-01-03,19.91449928283692,20.13549995422364,19.81100082397461,19.82200050354004,44204000.0,17.682351273655197,29.612706545669297,27.02484911220583,25.907407230388014,26.80915991907048,2.68,76.0,-1.49,5.98
AMZN,2014-01-06,19.792499542236328,19.850000381469727,19.42099952697754,19.68149948120117,63412000.0,17.710435255506123,29.386586449057244,27.00297653131754,25.93125746172491,26.823472723615588,2.69,71.0,-1.5,6.0
AMZN,2014-01-07,19.75200080871582,19.92350006103516,19.714500427246094,19.901500701904297,38320000.0,17.35118234222906,29.169225416022233,26.96590054630007,25.92503442016334,26.627324388996147,2.7,66.0,-1.5,5.98
AMZN,2014-01-08,19.92350006103516,20.14999961853028,19.802000045776367,20.09600067138672,46330000.0,17.371152219971552,29.042108521866872,26.79424411710145,25.85369864783093,26.62320761752715,2.71,57.0,-1.51,6.1
AMZN,2014-01-09,20.18549919128418,20.34449958801269,19.92200088500977,20.050500869750977,42060000.0,17.209358858250624,29.05599493325528,26.76947523504103,25.857251337052457,26.62549632727515,2.71,56.0,-1.51,6.12
AMZN,2014-01-10,20.12649917602539,20.1879997253418,19.690000534057617,19.882999420166016,53590000.0,17.17734718022985,28.929638960369076,26.834836808780643,25.78222949786872,26.638834722120542,2.72,60.0,-1.51,6.07
AMZN,2014-01-13,19.89900016784668,19.98900032043457,19.42250061035156,19.54899978637696,56898000.0,17.54756440993698,29.19302168031235,27.024451079192335,24.19914637941494,26.690567496192898,2.73,75.0,-1.51,5.91
AMZN,2014-01-14,19.60650062561035,19.93149948120117,19.56450080871582,19.87700080871582,46802000.0,17.45803659952953,29.303277272142996,27.041121667954286,24.10900355535384,26.684195897499674,2.74,76.0,-1.51,5.81
AMZN,2014-01-15,19.94700050354004,19.965499877929688,19.62649917602539,19.793500900268555,53566000.0,17.475388051359715,27.210595495502126,26.964850070503555,24.067898091219643,26.686434525132185,2.75,63.0,-1.5,5.98
AMZN,2014-01-16,19.68400001525879,19.964500427246094,19.47050094604492,19.790000915527344,52024000.0,16.421262825579173,27.128489526521708,26.967785374459226,23.890071340304786,26.657585423675336,2.75,64.0,-1.49,5.98
AMZN,2014-01-17,19.71299934387207,20.17449951171875,19.683000564575195,19.980499267578125,90102000.0,16.598364452552175,26.974587257540154,26.859494162989318,23.840975581527303,26.666421883596453,2.76,56.0,-1.48,6.03
AMZN,2014-01-21,20.14999961853028,20.38999938964844,20.07999992370605,20.352500915527344,62442000.0,17.259564840452217,26.80853384610992,26.732394355999677,23.809031562765753,26.716209591246365,2.76,48.0,-1.48,6.05
AMZN,2014-01-22,20.39999961853028,20.402999877929688,20.100000381469727,20.22699928283692,41210000.0,17.360166505964063,26.746707827021275,26.77768684442261,23.791681077613745,26.713318590256197,2.77,50.0,-1.48,6.02
AMZN,2014-01-23,20.049999237060547,20.308500289916992,19.88949966430664,19.99349975585937,60508000.0,17.66680889327356,19.962894278168548,26.874657347282533,23.84207045009808,26.729751639932626,2.78,58.0,-1.49,5.97
AMZN,2014-01-24,19.90800094604492,20.01000022888184,19.363500595092773,19.3799991607666,89168000.0,19.89668233763637,20.811039141197373,27.34176679228834,24.17078748675716,26.866906317992907,2.78,92.0,-1.5,5.6
AMZN,2014-01-27,19.52499961853028,19.70499992370605,19.02449989318848,19.31399917602539,78736000.0,19.44840834548118,20.69873116009278,27.083186165881006,24.176491710399773,26.621268802732885,2.79,76.0,-1.49,5.99
AMZN,2014-01-28,19.3700008392334,19.73699951171875,19.356000900268555,19.72150039672852,57890000.0,20.312017219012763,21.05872903308293,27.14643985034904,24.242364774987728,26.52678621155929,2.8,76.0,-1.47,5.9
AMZN,2014-01-29,19.607999801635746,19.64249992370605,19.16200065612793,19.209999084472656,67646000.0,21.69395998140928,21.762877374778164,27.539612137068897,24.475607028907707,25.985845563716236,2.81,99.0,-1.45,5.57
AMZN,2014-01-30,19.6884994506836,20.3125,19.38500022888184,20.15049934387207,209478000.0,25.544227044647684,23.568773432671154,28.452459295279866,25.02565928380964,26.007571894451925,2.83,100.0,-1.42,4.8
AMZN,2014-01-31,18.58799934387207,18.772499084472656,17.88800048828125,17.934499740600586,323096000.0,42.627720468544666,33.83354007744701,34.15964446223551,28.684427022054898,28.422214162812313,2.96,100.0,-1.39,10.27
AMZN,2014-02-03,17.948999404907227,18.042499542236328,17.0049991607666,17.3075008392334,205616000.0,43.04860742035548,34.61012116681134,34.67112398566315,28.993192798809847,28.65769465361709,3.1,100.0,-1.36,9.54
AMZN,2014-02-04,17.47949981689453,17.700000762939453,17.201000213623047,17.397499084472656,96258000.0,43.13465965954434,34.59908167701043,34.67076989803301,28.897433513410803,28.588812358336558,3.24,99.0,-1.33,9.55
AMZN,2014-02-05,17.299999237060547,17.4685001373291,16.886499404907227,17.322500228881836,88708000.0,42.63581714670194,33.803089511846416,34.67699659567176,28.881739500414415,28.482826097941516,3.36,100.0,-1.3,9.54
AMZN,2014-02-06,17.3700008392334,17.740999221801758,17.3700008392334,17.72949981689453,66714000.0,43.37740363276323,33.903699886211434,34.83976268398498,28.994345027388587,28.506864278548015,3.47,100.0,-1.27,9.35
AMZN,2014-02-07,17.948999404907227,18.09000015258789,17.624500274658203,18.054000854492188,86610000.0,43.82720419833424,34.024515379547594,34.91231386303874,28.922290127878362,28.543224798746248,3.59,100.0,-1.25,9.29
AMZN,2014-02-10,18.08049964904785,18.25,17.967500686645508,18.043500900268555,68994000.0,43.5657870338248,33.8983062817172,34.682623678714066,28.914302242493058,28.53889328908795,3.69,98.0,-1.2,9.56
AMZN,2014-02-11,18.09199905395508,18.18050003051757,17.8125,18.089500427246094,64442000.0,43.45267268703888,33.683431581075574,34.47238807311205,28.913447875143238,28.471692971659685,3.74,94.0,-1.15,9.82
AMZN,2014-02-12,17.821500778198242,17.887500762939453,17.31599998474121,17.462499618530273,131754000.0,44.37828794256673,33.841977467820485,34.96236285290112,29.153204344728668,28.70269513997229,3.8,100.0,-1.1,9.14
AMZN,2014-02-13,17.385000228881836,17.860000610351562,17.325000762939453,17.860000610351562,83500000.0,44.755310794200206,34.161158522540696,35.071489673267536,29.24282233941603,28.50705040376959,3.85,100.0,-1.04,9.01
AMZN,2014-02-14,17.966999053955078,17.966999053955078,17.667499542236328,17.86750030517578,70404000.0,44.76883295007216,34.12501841866435,34.969871916338825,29.240637232968513,28.506450182003395,3.88,99.0,-0.98,9.17
AMZN,2014-02-18,17.763999938964844,17.786500930786133,17.47249984741211,17.6825008392334,99960000.0,44.812484352776785,34.18147666881613,35.000909809063444,29.262427488758604,28.480976191309114,3.91,99.0,-0.92,9.1
AMZN,2014-02-19,17.631999969482422,17.726999282836914,17.30500030517578,17.368999481201172,83362000.0,44.99002891468797,34.34569921934053,35.1196748259783,29.327928325811303,28.49721594180794,3.94,100.0,-0.87,8.93
AMZN,2014-02-20,17.440000534057617,17.523000717163086,17.2189998626709,17.489999771118164,69856000.0,44.88296504440215,34.177449066913404,35.03557086756294,29.326614522360916,28.471226054697713,3.95,98.0,-0.81,9.02
AMZN,2014-02-21,17.621999740600586,17.707000732421875,17.337499618530273,17.33799934387207,84200000.0,44.699959902282366,34.149622633353246,35.048572644182066,29.347765170873082,28.486725017207164,3.97,98.0,-0.75,9.0
AMZN,2014-02-24,17.25950050354004,17.649999618530273,17.164499282836914,17.589000701904297,72894000.0,45.04464181731676,34.1992475776253,35.062635671084806,29.387366461823554,28.516192384495902,3.97,98.0,-0.69,9.02
AMZN,2014-02-25,17.649999618530273,18.054000854492188,17.57900047302246,17.916000366210938,74728000.0,45.504396380877125,34.321727673514125,34.94226645967796,29.21461697197441,28.480631487791197,3.98,92.0,-0.61,9.16
AMZN,2014-02-26,17.993000030517578,18.237499237060547,17.85849952697754,17.989999771118164,72442000.0,45.37194391275017,34.1981259224507,34.943251234689754,29.17145144136156,28.480184936925646,3.98,92.0,-0.52,9.17
AMZN,2014-02-27,17.861000061035156,18.02949905395508,17.774999618530273,18.006500244140625,62098000.0,45.014911500312856,33.97388310346246,34.80658735847561,29.031375701136565,28.447511111200928,3.97,88.0,-0.42,9.38
AMZN,2014-02-28,18.030000686645508,18.293500900268555,17.854000091552734,18.104999542236328,77640000.0,45.08493503658866,34.00109548901914,34.75842653477654,28.994500567528053,28.44942493080516,3.96,87.0,-0.32,9.44
AMZN,2014-03-03,17.937000274658203,18.04800033569336,17.724000930786133,17.98900032043457,55966000.0,45.087656257575944,33.80390048938499,34.44926994740001,28.965541160752835,28.45646578510709,3.95,81.0,-0.22,9.89
AMZN,2014-03-04,18.19499969482422,18.28400039672852,18.12299919128418,18.19499969482422,54088000.0,45.13509529685592,33.8891147702377,34.27394135214879,28.973318363431027,28.35372957570926,3.94,80.0,-0.18,10.19
AMZN,2014-03-05,18.206499099731445,18.636499404907227,18.19499969482422,18.61849975585937,76966000.0,45.34339955196485,34.23737263498423,34.30833802565542,29.042609996931844,28.427126608511184,3.92,80.0,-0.24,10.21
AMZN,2014-03-06,18.70249938964844,18.76650047302246,18.44499969482422,18.607999801635746,58532000.0,45.33801042783278,34.20706255282187,34.14853621715865,29.010903291514907,28.417046965892073,3.9,77.0,-0.25,10.41
AMZN,2014-03-07,18.72900009155273,18.749500274658203,18.47649955749512,18.60300064086914,45596000.0,45.26516775372177,34.193159718489696,34.04642879652535,28.961096969812672,28.417297474297843,3.87,76.0,-0.21,10.54
AMZN,2014-03-10,18.63450050354004,18.636499404907227,18.350000381469727,18.526500701904297,42116000.0,44.443038437071145,34.15920817198252,34.057301539510384,28.88349574496335,28.422307025555277,3.84,76.0,-0.22,10.51
AMZN,2014-03-11,18.54949951171875,18.63999938964844,18.36400032043457,18.44099998474121,44922000.0,44.4489667670903,34.04895706175623,33.98004982715946,28.892228086151267,28.402772551069962,3.8,74.0,-0.39,10.65
AMZN,2014-03-12,18.31999969482422,18.558000564575195,18.18050003051757,18.53199958801269,44332000.0,43.98773817145086,34.0652754669586,33.93455648215719,28.860712429761538,28.38962360621002,3.75,73.0,-0.58,10.71
AMZN,2014-03-13,18.83099937438965,19.155500411987305,18.40399932861328,18.57550048828125,136580000.0,43.397395885344395,34.02690400522237,33.934388662434316,28.857435068395887,28.38889118790998,3.7,72.0,-0.91,10.71
AMZN,2014-03-14,18.63999938964844,18.92849922180176,18.57749938964844,18.687000274658203,88044000.0,40.923303533243235,33.950533133532105,32.77675638570374,28.78059628948168,28.16416960524448,3.67,71.0,-0.92,12.12
AMZN,2014-03-17,18.785999298095703,18.9424991607666,18.74399948120117,18.75200080871582,46060000.0,22.517499091661524,33.95610812446348,32.74754710104679,28.780661441708983,28.11783361636978,3.63,70.0,-1.0,12.2
AMZN,2014-03-18,18.86599922180176,18.950000762939453,18.75,18.9384994506836,49670000.0,19.691814420369973,33.72478949639843,32.66128880016191,28.796745185669963,28.081273936790236,3.59,69.0,-1.02,12.34
AMZN,2014-03-19,18.9384994506836,18.950000762939453,18.47100067138672,18.661500930786133,52934000.0,20.335645025923863,33.8459415477296,32.62318693631212,28.813567611033697,28.118976009417736,3.54,68.0,-1.19,12.41
AMZN,2014-03-20,18.53199958801269,18.64999961853028,18.31100082397461,18.44849967956543,51170000.0,20.64287560666999,33.68983372765528,32.59384746128743,28.85032592687338,28.148189885500148,3.5,67.0,-1.31,12.4
AMZN,2014-03-21,18.549999237060547,18.64200019836425,17.920000076293945,18.0310001373291,108282000.0,20.86762506030674,33.96740771922643,29.557282707726586,28.993816960277712,28.204050797235087,3.49,66.0,-1.32,13.95
AMZN,2014-03-24,18.004499435424805,18.075000762939453,17.43000030517578,17.592500686645508,97470000.0,21.410842594532635,34.255051458316835,29.726198266436054,29.14905676657175,28.279579919702226,3.48,66.0,-1.32,13.54
AMZN,2014-03-25,17.701499938964844,17.94849967956543,17.441999435424805,17.73550033569336,88914000.0,21.5678796142219,34.17890953922285,29.685526992239396,29.104867026379523,28.276505528665353,3.47,65.0,-1.33,13.61
AMZN,2014-03-26,17.85650062561035,17.8799991607666,17.170000076293945,17.170499801635742,82414000.0,23.423861231794096,34.62800899037719,30.114559917158967,29.37199689385985,28.43394068123603,3.46,66.0,-1.32,12.63
AMZN,2014-03-27,17.157499313354492,17.200000762939453,16.54400062561035,16.923500061035156,115328000.0,21.536349744707294,34.662178439841085,30.16351029329395,29.427578557766864,28.419560153965296,3.44,66.0,-1.29,12.42
AMZN,2014-03-28,17.002500534057617,17.350000381469727,16.804000854492188,16.914499282836914,79736000.0,20.349308458899937,34.50064037510164,30.089318031495644,29.289620342369847,28.417764409301157,3.43,64.0,-1.27,12.64
AMZN,2014-03-31,17.1200008392334,17.31450080871582,16.702999114990234,16.818500518798828,85950000.0,20.368116120084512,34.50559941292918,30.100195561223575,29.143633764718537,28.358693740055102,3.41,64.0,-1.23,12.59
AMZN,2014-04-01,16.904499053955078,17.221500396728516,16.899999618530273,17.149499893188477,72002000.0,21.12685636614619,34.80555953163952,30.269102304439784,29.226656302927783,28.413664305616226,3.4,66.0,-1.24,12.35
AMZN,2014-04-02,17.29949951171875,17.415000915527344,17.018999099731445,17.097999572753906,89510000.0,20.52608869558739,34.79204894186202,30.250397328955174,29.229780277336285,28.36244686181899,3.38,65.0,-1.24,12.41
AMZN,2014-04-03,17.090999603271484,17.125,16.42300033569336,16.680999755859375,127986000.0,21.54828742276659,34.97373049542789,29.96134760370338,29.375426068050437,28.479376468945134,3.37,60.0,-1.19,12.96
AMZN,2014-04-04,16.75749969482422,16.77199935913086,15.780500411987305,16.149999618530273,250692000.0,23.249774743682053,35.383422257106965,30.219661591196584,29.575177597460993,28.635164976720194,3.35,64.0,-1.0,12.25
AMZN,2014-04-07,16.04949951171875,16.246999740600586,15.656499862670898,15.887999534606934,141548000.0,23.032057718525227,35.477697049285126,30.253753113446557,29.638226761037224,28.659264447983507,3.34,65.0,-0.77,12.05
AMZN,2014-04-08,16.0939998626709,16.399999618530273,15.92199993133545,16.353500366210938,131552000.0,24.068679627616664,36.09206703948202,30.554683359730245,29.82260242484554,28.786518567278502,3.33,66.0,-0.73,11.71
AMZN,2014-04-09,16.423500061035156,16.608999252319336,16.125,16.590499877929688,101132000.0,24.514004343269765,36.15576719122716,30.488502824607068,29.851269441266727,28.7892049087106,3.31,65.0,-0.76,11.81
AMZN,2014-04-10,16.530000686645508,16.549999237060547,15.824999809265137,15.85550022125244,122534000.0,27.411880970869497,36.95822024442256,30.875138766065874,30.327710101924687,29.099814507782078,3.3,66.0,-0.68,10.95
AMZN,2014-04-11,15.699999809265137,15.824999809265137,15.475000381469728,15.58650016784668,145750000.0,27.498399873973618,37.05925519702804,30.957624249489278,30.348302223040648,29.134630129485885,3.29,66.0,-0.57,10.71
AMZN,2014-04-14,15.883500099182127,16.02400016784668,15.564000129699709,15.795499801635742,85870000.0,27.999904403853886,37.22132307100278,31.03122767393527,30.208251471652382,29.09600947266071,3.28,66.0,-0.57,10.68
AMZN,2014-04-15,15.835000038146973,15.913999557495115,15.274999618530272,15.803999900817873,107972000.0,27.644904380054502,37.128948804115836,31.031324335500265,30.12184654353765,29.04908315099992,3.27,66.0,-0.59,10.7
AMZN,2014-04-16,16.058500289916992,16.200000762939453,15.73550033569336,16.18400001525879,85698000.0,27.711096767800342,37.281235002123424,31.276424523695585,30.214594073959024,29.078911239153825,3.26,66.0,-0.66,10.43
AMZN,2014-04-17,15.98799991607666,16.433000564575195,15.98799991607666,16.245500564575195,85984000.0,27.79585136451997,37.310263219181586,31.146060230040295,30.21288530863684,28.912739793398305,3.25,65.0,-0.74,10.59
AMZN,2014-04-21,16.19849967956543,16.5575008392334,16.11549949645996,16.543500900268555,59988000.0,28.54537570759349,37.53764714867153,31.255737935601545,30.241185839774843,28.963267846103285,3.24,65.0,-0.82,10.44
AMZN,2014-04-22,16.600000381469727,16.875,16.44700050354004,16.465999603271484,74232000.0,28.546229242385785,37.08328857078367,31.19350948707622,30.24173515403715,28.946145998488092,3.23,64.0,-0.9,10.48
AMZN,2014-04-23,16.652999877929688,16.6564998626709,16.16950035095215,16.229000091552734,72092000.0,28.710053185766416,37.16169154666421,31.183190367038584,30.26506499876398,28.922332040565212,3.22,63.0,-0.96,10.38
AMZN,2014-04-24,16.48349952697754,16.8700008392334,16.147499084472656,16.857500076293945,185874000.0,31.1275824570166,37.78976641588929,31.718258323034664,30.589445269498118,29.160904558049474,3.21,66.0,-1.01,9.75
AMZN,2014-04-25,15.8125,15.82450008392334,15.135499954223633,15.191499710083008,323604000.0,42.64070065101352,42.88810463308292,35.51646269936002,32.96685268416098,30.918442492542358,3.23,100.0,-0.94,9.14
AMZN,2014-04-28,15.199999809265137,15.219499588012695,14.399999618530272,14.82900047302246,289596000.0,42.75584900264423,41.7012478517506,35.68092534848917,33.08846311145873,30.076161152387172,3.26,100.0,-0.82,8.85
AMZN,2014-04-29,14.821999549865724,15.092000007629396,14.522500038146973,15.019000053405762,130186000.0,43.04944591730651,34.79546318844313,35.661673031717946,33.11722196195681,30.028444235054735,3.28,99.0,-0.8,8.99
AMZN,2014-04-30,14.904999732971191,15.227999687194824,14.904999732971191,15.206500053405762,81772000.0,43.143140099596756,34.25919028013378,35.72813917325936,33.14854679208386,30.01139741703915,3.31,100.0,-0.82,8.94
AMZN,2014-05-01,15.206500053405762,15.52400016784668,15.199999809265137,15.39449977874756,86572000.0,43.44912164958635,34.354973635607,35.80306914685904,33.160790350316184,29.944837857114422,3.33,100.0,-0.87,8.91
AMZN,2014-05-02,15.520999908447266,15.66450023651123,15.215499877929688,15.400500297546388,79902000.0,43.46507834398092,34.3551733032047,35.77907019669488,33.14254748444624,29.899569291258548,3.34,99.0,-0.91,8.91
AMZN,2014-05-05,15.318499565124512,15.511500358581545,15.25,15.5024995803833,50398000.0,43.310519100029225,34.00181024850253,35.803300511447766,33.08767421913076,29.832687224619786,3.36,100.0,-0.96,8.93
AMZN,2014-05-06,15.476499557495115,15.490500450134276,14.85200023651123,14.869000434875488,93646000.0,44.2558606095368,34.67613380773267,36.31432764801318,33.45407772528058,30.11769635997294,3.38,100.0,-0.96,8.18
AMZN,2014-05-07,14.777999877929688,14.81999969482422,14.333999633789062,14.635499954223633,140304000.0,44.1552776501547,34.76697044399458,36.325800587753115,33.506761469364214,30.153570051282824,3.4,100.0,-0.95,8.16
AMZN,2014-05-08,14.541000366210938,14.793999671936035,14.361499786376951,14.416000366210938,76964000.0,43.55226674878555,34.82433340315613,36.37944078255224,33.54947683223466,30.192234055249234,3.42,100.0,-0.93,8.05
AMZN,2014-05-09,14.528499603271484,14.684000015258787,14.218999862670898,14.612000465393066,81260000.0,43.823395040562005,34.37213809269197,36.43286697951385,33.57062165062194,30.215978225931206,3.43,100.0,-0.94,8.01
AMZN,2014-05-12,14.71500015258789,15.166999816894531,14.708000183105469,15.142999649047852,74592000.0,45.36743561499649,34.89196496614296,36.86604212275084,33.76802974471674,30.39419338413447,3.45,100.0,-0.98,7.65
AMZN,2014-05-13,15.130000114440918,15.279999732971191,15.037500381469728,15.232000350952148,70198000.0,45.44656683190145,34.93086904465151,36.88960301549907,33.77446308598821,30.39756707850995,3.46,100.0,-1.02,7.66
AMZN,2014-05-14,15.125,15.232000350952148,14.833000183105469,14.880999565124512,66466000.0,45.274029510184846,35.15255938390839,36.84100325094812,33.85242699858775,30.45935017835432,3.47,98.0,-1.04,7.56
AMZN,2014-05-15,14.901000022888184,14.960000038146973,14.519000053405762,14.759499549865724,85902000.0,45.28186901255856,35.031675614272665,36.85044535938541,33.79319001046696,30.46342073135949,3.48,98.0,-1.05,7.53
AMZN,2014-05-16,14.640000343322754,14.944000244140623,14.577500343322754,14.885000228881836,72736000.0,45.041841504246,35.05101470772951,36.74963558240186,33.80625897212457,30.45873878996485,3.48,96.0,-1.07,7.61
AMZN,2014-05-19,14.788000106811523,14.949999809265137,14.690500259399414,14.838000297546388,45684000.0,44.22092133262812,35.028596953169924,36.741588179106884,33.794684371527794,30.38654733598105,3.47,95.0,-1.09,7.6
AMZN,2014-05-20,14.854999542236328,15.222999572753906,14.837499618530272,15.059499740600586,81914000.0,44.31488353582702,35.0379081175462,36.83675217166067,33.81357730608531,30.407778143461922,3.47,96.0,-1.1,7.58
AMZN,2014-05-21,15.11050033569336,15.29800033569336,15.076000213623049,15.250499725341797,68176000.0,43.58129784095104,34.90897844778903,36.833372019670314,33.691685001846075,30.42923917586319,3.46,95.0,-1.12,7.58
AMZN,2014-05-22,15.2524995803833,15.427000045776367,15.150500297546388,15.24549961090088,51536000.0,43.298601512611945,34.88382318272344,36.777098168181965,33.63576433968084,30.343991352039723,3.46,94.0,-1.13,7.69
AMZN,2014-05-23,15.27299976348877,15.61750030517578,15.244999885559082,15.612000465393066,61058000.0,42.01653887477329,35.29815491341692,36.98418868416283,33.75063845094179,30.42800297305197,3.45,100.0,-1.13,7.59
AMZN,2014-05-27,15.720499992370604,15.731499671936035,15.369000434875488,15.541000366210938,97242000.0,41.74231697313363,35.26287518364951,36.89664786653443,33.748878351707276,30.432408079917955,3.43,99.0,-1.13,7.63
AMZN,2014-05-28,15.475000381469728,15.690999984741213,15.371000289916992,15.508000373840332,54520000.0,41.5504978940138,35.253664553028734,36.89662926524206,33.716398766257974,30.365305442859793,3.42,98.0,-1.13,7.63
AMZN,2014-05-29,15.520999908447266,15.743499755859377,15.510000228881836,15.689000129699709,47310000.0,41.70062397085516,35.257344054420734,36.96365329956583,33.74266612115272,30.376576160223223,3.4,99.0,-1.12,7.61
AMZN,2014-05-30,15.721500396728516,15.732500076293944,15.378499984741213,15.6274995803833,85204000.0,41.08325821796593,34.8558121782567,36.956636615613206,33.744834757757914,30.37706232501599,3.38,98.0,-1.11,7.62
AMZN,2014-06-02,15.62950038909912,15.630000114440918,15.350000381469728,15.44200038909912,44068000.0,41.1712044363671,34.90093914209769,36.92471385661239,33.77396037106789,30.39172780246302,3.36,97.0,-1.1,7.58
AMZN,2014-06-03,15.287500381469728,15.395999908447266,15.253499984741213,15.35949993133545,47584000.0,40.7471442334763,34.898834760793065,36.87480555529129,33.77803490527243,30.38349107158836,3.33,93.0,-1.09,7.59
AMZN,2014-06-04,15.342499732971191,15.475000381469728,15.19200038909912,15.33899974822998,42142000.0,40.74287079425685,34.90034063025507,36.87537249576738,33.76985416533926,30.379964038293338,3.29,93.0,-1.08,7.59
AMZN,2014-06-05,15.404999732971191,16.39699935913086,15.345000267028809,16.178499221801758,155934000.0,43.62303738305248,36.76368538698293,37.91721472102234,34.203695517415674,30.830246076901435,3.27,100.0,-1.05,6.96
AMZN,2014-06-06,16.25,16.54400062561035,16.24650001525879,16.48349952697754,104880000.0,42.50175484940011,36.98460277986252,37.98295091683695,34.142387408114615,30.881826297853404,3.24,100.0,-1.01,7.0
AMZN,2014-06-09,16.578500747680664,16.649999618530273,16.282499313354492,16.375,64244000.0,29.230023981109827,36.985665660793,37.876265800903454,34.152168554515214,30.71900682234765,3.21,98.0,-0.97,7.04
AMZN,2014-06-10,16.38249969482422,16.774999618530273,16.375,16.620500564575195,73268000.0,28.31211013310998,37.113459886747016,37.96825136991076,34.15942296596874,30.718190924702554,3.18,99.0,-0.92,7.0
AMZN,2014-06-11,16.799999237060547,17.035999298095703,16.694000244140625,16.760000228881836,88736000.0,28.22047797074137,37.157448171598155,38.00139707584454,34.12125632367861,30.638426320983815,3.15,100.0,-0.87,6.99
AMZN,2014-06-12,16.77750015258789,16.77750015258789,16.232999801635742,16.295499801635742,85526000.0,29.54066195544403,37.45836146619456,38.18806335980833,34.273800885349914,30.750562075484233,3.11,100.0,-0.84,6.7
AMZN,2014-06-13,16.352500915527344,16.46500015258789,16.17650032043457,16.313499450683594,55296000.0,29.389724025608306,37.37805539459146,38.05023843160205,34.268942108801006,30.71692230480994,3.06,99.0,-0.89,6.79
AMZN,2014-06-16,16.243000030517578,16.434499740600586,16.176000595092773,16.381000518798828,48996000.0,29.39264697506981,37.35014749527976,38.05805141863766,34.211691313145295,30.710299037356638,3.0,99.0,-0.93,6.81
AMZN,2014-06-17,16.37700080871582,16.566999435424805,16.261499404907227,16.2810001373291,58482000.0,29.453015397502174,37.106499402332936,38.03313707190099,34.21025793197488,30.68543500462497,2.94,97.0,-0.97,6.85
AMZN,2014-06-18,16.399999618530273,16.787500381469727,16.25,16.7189998626709,128030000.0,27.28686799573554,37.23812108189307,38.01212659221444,34.327273437750506,30.769178565810623,2.89,96.0,-0.93,7.04
AMZN,2014-06-19,16.76300048828125,16.94499969482422,16.298999786376953,16.350000381469727,106412000.0,27.75555273625652,37.44714947697529,38.15483647194155,34.29302912037609,30.82545013476537,2.83,99.0,-0.9,6.84
AMZN,2014-06-20,16.38800048828125,16.410999298095703,16.020999908447266,16.209999084472656,121080000.0,27.434508416053337,36.91922582060656,37.998102553425376,34.308067755272745,30.787945206460147,2.76,93.0,-0.93,6.91
AMZN,2014-06-23,16.166500091552734,16.377500534057617,16.070499420166016,16.36199951171875,52096000.0,27.334196846640584,36.8691063743632,37.83817278595422,34.257089349528854,30.799951041339657,2.7,88.0,-0.9,7.17
AMZN,2014-06-24,16.37700080871582,16.486499786376953,16.136999130249023,16.20800018310547,52532000.0,25.843630357829017,36.914131213253185,37.01806098923597,34.239414758812096,30.797711589812216,2.64,87.0,-1.17,7.7
AMZN,2014-06-25,16.21649932861328,16.407499313354492,16.086999893188477,16.371999740600586,46556000.0,25.923130495337865,36.96456456495294,32.20831959370438,34.08807981173801,30.80829031524716,2.65,25.0,-1.14,5.69
AMZN,2014-06-26,16.42449951171875,16.4325008392334,16.10650062561035,16.284500122070312,53990000.0,24.87637863324296,36.74221596187433,31.733922432195882,33.98987149611258,30.753777968273283,2.67,25.0,-1.13,6.21
AMZN,2014-06-27,16.29400062561035,16.326000213623047,16.16349983215332,16.228500366210938,48324000.0,24.72807102561765,36.74341540025039,31.72337451989587,33.93266367510438,30.756405103109145,2.68,25.0,-1.11,6.2
AMZN,2014-06-30,16.249000549316406,16.349000930786133,16.11199951171875,16.23900032043457,53426000.0,24.686139004123543,36.407181141518834,31.71872722063614,33.8265943083741,30.756402973655373,2.69,25.0,-1.1,6.22
AMZN,2014-07-01,16.292999267578125,16.65999984741211,16.2549991607666,16.61949920654297,63472000.0,25.295581713794533,36.105728418227315,31.717526178457785,33.86575184416468,30.80186478094948,2.71,24.0,-1.07,6.22
AMZN,2014-07-02,16.65999984741211,16.83799934387207,16.58300018310547,16.642499923706055,53626000.0,25.084964420334614,35.935100238859356,31.576155126808825,33.86575912256107,30.79768301180625,2.72,24.0,-1.02,6.33
AMZN,2014-07-03,16.741500854492188,16.915000915527344,16.65399932861328,16.874500274658203,38886000.0,25.127354050990164,35.563053135035815,31.66178048348688,33.859915567304235,30.825980183178498,2.73,25.0,-0.98,6.27
AMZN,2014-07-07,16.875,16.877500534057617,16.625999450683594,16.677499771118164,42578000.0,25.488664197843946,35.531100965211785,31.706060975966565,33.8568890959998,30.845416515295494,2.75,26.0,-0.93,6.18
AMZN,2014-07-08,16.655000686645508,16.687000274658203,16.06999969482422,16.190500259399414,85432000.0,26.390617274828738,34.81348258384626,31.56232457312025,34.042788098860534,30.95250085724438,2.76,24.0,-0.9,6.32
AMZN,2014-07-09,16.23550033569336,16.510000228881836,16.157499313354492,16.49850082397461,63322000.0,26.814162809364767,34.82312783217285,31.49889026974111,33.446009752555234,31.006025686110974,2.77,24.0,-0.85,6.38
AMZN,2014-07-10,16.216999053955078,16.499000549316406,16.13249969482422,16.395999908447266,53300000.0,26.895262453069453,34.75689830766875,31.510069037040232,33.44201895695181,31.012473582227866,2.78,25.0,-0.79,6.35
AMZN,2014-07-11,16.73550033569336,17.350000381469727,16.73550033569336,17.309999465942383,166016000.0,30.795216018860692,36.452880386775384,32.66187104377528,33.983029629306245,31.38241497412626,2.79,39.0,-0.77,5.75
AMZN,2014-07-14,17.351499557495117,17.78849983215332,17.26799964904785,17.766000747680664,112198000.0,31.402452007925984,36.514161332308504,32.80012170890005,34.053106156923775,31.38252118675539,2.79,42.0,-0.79,5.72
AMZN,2014-07-15,17.68600082397461,17.779499053955078,17.469999313354492,17.722000122070312,83418000.0,31.096123320102294,36.520364884633175,32.78511124112738,34.00102312244871,31.381744659626083,2.79,42.0,-0.81,5.71
AMZN,2014-07-16,17.7810001373291,17.965999603271484,17.649999618530273,17.795000076293945,70072000.0,30.953686230329815,36.35859495344635,32.76013080671296,32.30020933967012,31.383711345747678,2.79,41.0,-0.83,5.77
AMZN,2014-07-17,17.672000885009766,17.847999572753906,17.569000244140625,17.622499465942383,72720000.0,31.19588779860444,36.40829861319053,32.71932587851968,32.27529195250193,31.396083558690783,2.79,40.0,-0.83,5.76
AMZN,2014-07-18,17.719999313354492,17.983999252319336,17.604000091552734,17.933000564575195,68148000.0,27.893588820629656,36.411540982567125,32.70601262467462,32.30736673861278,31.40301369719588,2.8,40.0,-0.83,5.77
AMZN,2014-07-21,17.905000686645508,18.08550071716309,17.836000442504883,17.988000869750977,45568000.0,27.51659654154377,35.61790699162725,32.7030538089342,32.30517945534977,31.402480706024022,2.8,40.0,-0.83,5.77
AMZN,2014-07-22,17.762500762939453,18.146499633789062,17.762500762939453,18.04199981689453,57778000.0,27.368385975132124,28.079625208863906,32.706208139557795,32.292631350613675,31.396758604717963,2.8,42.0,-0.83,5.77
AMZN,2014-07-23,17.952499389648438,18.0314998626709,17.83099937438965,17.906999588012695,53746000.0,27.30953640280499,27.59873683718902,32.71612179389147,32.26280107351307,31.39542054830772,2.8,43.0,-0.83,5.73
AMZN,2014-07-24,17.999000549316406,18.24250030517578,17.926000595092773,17.930500030517578,141774000.0,27.25416215177076,27.52842895156331,32.701144382965005,32.263068633034514,31.38581877854737,2.81,40.0,-0.82,5.76
AMZN,2014-07-25,15.864999771118164,16.243499755859375,15.73799991607666,16.20050048828125,356930000.0,39.77171686943974,34.79116778621981,36.396069246262776,34.42399609754788,32.975275531521774,2.82,68.0,-0.76,6.3
AMZN,2014-07-28,16.212499618530273,16.240999221801758,15.824999809265137,16.02050018310547,118640000.0,39.895850679848834,34.79988327512646,36.2223384009544,34.43692301062861,32.87710930392647,2.82,64.0,-0.69,6.38
AMZN,2014-07-29,16.099000930786133,16.145000457763672,15.975000381469728,16.0,57676000.0,39.87087927851046,34.80212937342172,36.222044336179565,34.177260634180065,32.82070559837178,2.83,63.0,-0.62,6.38
AMZN,2014-07-30,16.072500228881836,16.136499404907227,15.925000190734863,16.125499725341797,79380000.0,39.91329071621561,34.81188548739306,36.25180256086223,34.10975038016728,32.806225078588746,2.84,64.0,-0.54,6.37
AMZN,2014-07-31,16.000499725341797,16.034000396728516,15.593000411987305,15.649499893188477,103840000.0,39.968151040031145,34.27977014730622,36.531673294369256,34.257318870184186,32.94256045809241,2.85,69.0,-0.47,6.04
AMZN,2014-08-01,15.684499740600586,15.791500091552734,15.229499816894531,15.352999687194824,148830000.0,39.839141098409385,34.35493812144079,36.63376009316265,34.291913153551455,32.967852983188564,2.86,69.0,-0.4,5.91
AMZN,2014-08-04,15.44200038909912,15.809000015258787,15.425000190734863,15.682499885559082,84018000.0,40.351071950314164,34.44343793107132,36.80145887935083,34.31134711407995,33.032867448861644,2.88,72.0,-0.32,5.8
AMZN,2014-08-05,15.664999961853027,15.727499961853027,15.503000259399414,15.616000175476074,57042000.0,40.237682048565496,34.3691203254505,36.798037594306145,34.10691963098472,33.01814013289637,2.89,71.0,-0.24,5.78
AMZN,2014-08-06,15.541500091552734,15.788999557495115,15.510000228881836,15.694499969482422,45938000.0,40.20933325563955,33.61728345113411,36.79317807818006,34.107419262320896,33.021586333032346,2.9,70.0,-0.2,5.79
AMZN,2014-08-07,15.760499954223633,15.793999671936035,15.482500076293944,15.572500228881836,58712000.0,40.11254957537032,33.64251869372606,36.79601880722581,34.10646108829153,33.005461421128516,2.9,70.0,-0.19,5.76
AMZN,2014-08-08,15.597000122070312,15.866000175476074,15.532999992370604,15.84000015258789,54118000.0,40.457020218296314,33.44497175616502,36.87139696704375,34.170998384515805,33.045709202052365,2.91,77.0,-0.33,5.71
AMZN,2014-08-11,15.923999786376951,16.018999099731445,15.843999862670898,15.916500091552734,49372000.0,40.48312459595735,33.39773749875194,36.82724099260518,34.17055800912881,33.04526857382605,2.92,71.0,-0.41,5.79
AMZN,2014-08-12,15.944499969482422,16.065500259399414,15.84749984741211,15.965999603271484,38316000.0,40.49621982366013,33.36636431892578,36.80032469198426,34.10590623866759,33.045743592843586,2.92,69.0,-0.45,5.86
AMZN,2014-08-13,16.3799991607666,16.586000442504883,16.30699920654297,16.31399917602539,98782000.0,40.417400626733475,33.61312107563859,36.817501091098414,34.18842809983338,33.100141188084805,2.89,70.0,-0.4,5.95
AMZN,2014-08-14,16.389999389648438,16.704500198364258,16.335500717163086,16.660499572753906,68408000.0,40.89960038144613,33.74116554044096,36.7850238239018,34.25453319235166,33.150537114230474,2.86,64.0,-0.33,6.1
AMZN,2014-08-15,16.700000762939453,16.75,16.416000366210938,16.681499481201172,77934000.0,40.69251900704474,33.66436771862966,36.76015221536939,34.21955204295642,33.10459402945935,2.83,62.0,-0.27,6.11
AMZN,2014-08-18,16.77400016784668,16.889999389648438,16.688499450683594,16.726499557495117,49708000.0,40.55720628209876,33.66307578831314,36.40870125956221,34.177675871682744,33.099037717981325,2.8,56.0,-0.23,6.52
AMZN,2014-08-19,16.743499755859375,16.79050064086914,16.65049934387207,16.756500244140625,34276000.0,39.565783893320635,33.34354663798619,36.33842054747079,34.1080928555227,33.09863770390283,2.76,53.0,-0.21,6.64
AMZN,2014-08-20,16.733999252319336,16.857999801635742,16.701000213623047,16.788999557495117,36210000.0,39.21040205523349,33.322375738574294,36.33978654293807,34.10846068220861,33.09557537984437,2.73,53.0,-0.2,6.65
AMZN,2014-08-21,16.823999404907227,16.82900047302246,16.611499786376953,16.64550018310547,39422000.0,39.25181948758586,33.376870284387195,36.35406419747488,34.047601930070726,33.09491790273018,2.69,53.0,-0.18,6.63
AMZN,2014-08-22,16.649499893188477,16.70400047302246,16.540000915527344,16.579500198364258,44224000.0,35.79999217733017,33.32169894127397,36.222747748824716,34.046011205108634,33.052156813634724,2.65,47.0,-0.13,6.69
AMZN,2014-08-25,16.660499572753906,16.838499069213867,16.635499954223633,16.701000213623047,39154000.0,34.95477111777976,33.33138833643083,36.24037293460231,34.05775712730179,33.05905676965965,2.62,47.0,-0.08,6.7
AMZN,2014-08-26,16.850000381469727,17.218000411987305,16.727500915527344,17.09149932861328,73094000.0,35.706990005667116,33.518908619271045,36.21372515829547,34.164676718932824,33.10674676279994,2.57,43.0,-0.13,6.87
AMZN,2014-08-27,17.10449981689453,17.333499908447266,17.066999435424805,17.159000396728516,59232000.0,35.70483507055058,33.48955056234062,35.83860589966433,34.16454231215433,33.0513564540897,2.52,42.0,-0.21,7.35
AMZN,2014-08-28,17.0,17.089500427246094,16.940000534057617,17.000999450683594,45054000.0,35.69493939837219,33.56088168618689,35.770691519602984,34.16593033972445,33.06624817376046,2.48,38.0,-0.26,7.45
AMZN,2014-08-29,17.08799934387207,17.090999603271484,16.884000778198242,16.95199966430664,38790000.0,35.25493293086613,31.8025177446781,35.48753491799005,34.12753233967395,33.059082993969135,2.43,33.0,-0.31,7.66
AMZN,2014-09-02,16.999000549316406,17.125,16.857999801635742,17.118999481201172,46520000.0,35.39083938979151,31.640797300258438,35.448839757906484,34.14929151780233,33.05193465205476,2.39,32.0,-0.36,7.69
AMZN,2014-09-03,17.12700080871582,17.16349983215332,16.877500534057617,16.950000762939453,39874000.0,35.441425974732475,31.680468015728675,34.727150518603054,34.15227293553982,32.960369031598105,2.35,31.0,-0.4,8.53
AMZN,2014-09-04,17.184499740600586,17.4689998626709,17.179000854492188,17.297500610351562,79312000.0,35.98331128251736,31.804052250790253,34.74734825514453,34.20849804017714,32.98029863866947,2.31,31.0,-0.45,8.64
AMZN,2014-09-05,17.315000534057617,17.34149932861328,17.125,17.319000244140625,42140000.0,35.98290399514592,31.763945880346157,34.69156432515066,34.207656920114786,32.980224485193574,2.27,29.0,-0.51,8.67
AMZN,2014-09-08,17.226999282836914,17.29050064086914,16.95199966430664,17.117000579833984,59106000.0,20.171833416703944,31.30704397987113,34.74964309532388,34.13360654355629,32.99905967505883,2.22,31.0,-0.55,8.55
AMZN,2014-09-09,17.08049964904785,17.08799934387207,16.458999633789062,16.487499237060547,92936000.0,22.90057024260962,32.27518074213264,35.07760916413959,34.407964185300244,33.1939781902263,2.19,31.0,-0.56,8.0
AMZN,2014-09-10,16.71500015258789,16.749000549316406,16.44099998474121,16.566499710083008,75948000.0,22.916456455931797,32.27886062344626,35.08054318083338,34.343877964644136,33.19642009976283,2.14,31.0,-0.57,8.0
AMZN,2014-09-11,16.496999740600586,16.65049934387207,16.319499969482422,16.525999069213867,54404000.0,22.850454312752998,32.25694798077692,34.96403289931197,34.34255988158013,33.1964607428913,2.1,29.0,-0.56,8.08
AMZN,2014-09-12,16.47800064086914,16.644500732421875,16.43950080871582,16.559499740600586,68586000.0,20.903971839340503,31.79116796429297,34.95738615059156,34.33071613604653,33.19549538732791,2.06,28.0,-0.57,8.11
AMZN,2014-09-15,16.545499801635742,16.566499710083008,15.949999809265137,16.194499969482422,80008000.0,21.19799834164179,31.790287189694734,35.06166839528789,34.3819306057011,33.27117043549759,2.01,29.0,-0.57,7.96
AMZN,2014-09-16,16.053499221801758,16.474000930786133,16.0049991607666,16.38800048828125,65198000.0,20.617252989807554,31.835036521942417,34.58267426946885,34.37324857050867,33.28452329143624,1.97,22.0,-0.54,8.39
AMZN,2014-09-17,16.38800048828125,16.399999618530273,16.076000213623047,16.200000762939453,82720000.0,20.899150617958817,31.866118164551654,30.378765814065773,34.37166136610736,33.19814760509853,2.04,1.0,-0.5,7.55
AMZN,2014-09-18,16.27199935913086,16.354999542236328,16.18549919128418,16.25,51538000.0,20.87618501624219,31.813538214263946,30.119495347453217,34.33042306523709,33.10242202689193,2.11,1.0,-0.44,7.96
AMZN,2014-09-19,16.3799991607666,16.63800048828125,16.278499603271484,16.56599998474121,137724000.0,21.334967609093518,31.99251652826922,30.202400572506576,34.41492496378007,33.157465104467825,2.18,2.0,-0.39,7.86
AMZN,2014-09-22,16.42449951171875,16.47450065612793,16.05299949645996,16.225000381469727,62194000.0,21.839731197405683,32.26237903315248,30.342298686592706,34.49289919864256,33.19660813786211,2.24,3.0,-0.33,7.59
AMZN,2014-09-23,16.12299919128418,16.3799991607666,16.0625,16.181499481201172,47052000.0,21.828051490428372,32.2593500568637,30.289149236347363,34.48603179476908,33.16109328377224,2.29,3.0,-0.29,7.62
AMZN,2014-09-24,16.208499908447266,16.472000122070312,15.977999687194824,16.410499572753906,52844000.0,22.167362662697375,32.388423364829094,30.365459740242706,34.50240909986273,33.1799231926387,2.35,5.0,-0.24,7.56
AMZN,2014-09-25,16.399499893188477,16.427000045776367,16.06999969482422,16.096500396728516,58576000.0,22.02469634112367,32.27058745010011,30.514255992072727,34.545576973223575,33.23361526897106,2.39,7.0,-0.2,7.3
AMZN,2014-09-26,16.030000686645508,16.174999237060547,15.881999969482422,16.160499572753906,72760000.0,21.11644770048758,32.28148962323559,29.762453899385832,34.55082659738646,33.1908883184991,2.45,1.0,-0.12,8.24
AMZN,2014-09-29,16.024999618530273,16.1875,15.949999809265137,16.090999603271484,38492000.0,21.125993571632147,32.15132623928952,29.654289838647262,34.5422447311041,33.186951378533706,2.51,1.0,-0.06,8.43
AMZN,2014-09-30,16.06800079345703,16.171499252319336,15.92549991607666,16.121999740600586,52724000.0,21.114841518654202,32.074416116407825,29.542552777998825,34.49311611362499,33.16974708853718,2.57,1.0,-0.08,8.64
AMZN,2014-10-01,16.101999282836914,16.10849952697754,15.77750015258789,15.873000144958496,61782000.0,21.495034754659596,31.65660834584967,29.592692424450735,34.470800462659575,33.102697716806155,2.62,2.0,-0.08,8.49
AMZN,2014-10-02,15.845999717712402,15.92650032043457,15.565500259399414,15.920499801635742,71078000.0,21.513077765659364,31.41222514714277,29.062481713264425,34.47261962333654,33.10381213163962,2.68,1.0,-0.03,9.12
AMZN,2014-10-03,16.01799964904785,16.257999420166016,15.976499557495115,16.136999130249023,60748000.0,21.85514364762455,31.52120424072851,29.1236655931373,34.51638706902772,33.08142351933805,2.73,2.0,0.04,9.04
AMZN,2014-10-06,16.174999237060547,16.206499099731445,15.979999542236328,16.110000610351562,45806000.0,21.838433378562446,29.40276692507573,28.873335014867813,34.49288713036198,33.05447686154668,2.79,1.0,0.1,9.5
AMZN,2014-10-07,15.971500396728516,16.100000381469727,15.833499908447266,15.848999977111816,47308000.0,22.134056144918137,29.00747325120606,28.96655941790457,34.45951919902897,32.97001475157273,2.84,2.0,0.1,9.32
AMZN,2014-10-08,15.82900047302246,16.20549964904785,15.70699977874756,16.135000228881836,69056000.0,21.67085489718017,29.2890355551067,29.069130973860563,34.52997423774968,32.94177334059317,2.88,4.0,0.13,9.18
AMZN,2014-10-09,16.074499130249023,16.113500595092773,15.72599983215332,15.768500328063965,71758000.0,22.429244667859987,29.589424722278157,29.307187666734986,34.60406588751429,32.98052620538021,2.92,6.0,0.1,8.76
AMZN,2014-10-10,15.701000213623049,15.888500213623049,15.569000244140623,15.569499969482422,73638000.0,22.53725685888959,29.628618327216188,29.29313294428852,34.44847012639531,32.92612657243768,2.96,6.0,0.1,8.71
AMZN,2014-10-13,15.493499755859377,15.65999984741211,15.173500061035156,15.322500228881836,87278000.0,22.852805592035867,29.479665553804423,29.3399136607641,34.491886986197954,32.91265731231257,2.99,8.0,0.1,8.56
AMZN,2014-10-14,15.399999618530272,15.612000465393066,15.287500381469728,15.415499687194824,67716000.0,22.69017855937412,29.510628086859054,29.35530938308688,34.40224238692184,32.91827374965011,3.02,9.0,0.09,8.55
AMZN,2014-10-15,15.217499732971191,15.395000457763672,14.954999923706056,15.298500061035156,106878000.0,22.643271225745316,29.505249224806075,29.13371937137894,34.282668842621135,32.89753536587604,3.05,6.0,0.08,8.79
AMZN,2014-10-16,14.691499710083008,15.340999603271484,14.691499710083008,15.142999649047852,94626000.0,21.568110985522484,29.5291005374867,29.169075881126044,33.79759556346569,32.88625561047379,3.08,7.0,0.08,8.72
AMZN,2014-10-17,15.357500076293944,15.460000038146973,15.13599967956543,15.182000160217283,88102000.0,21.601945599915894,29.537716204641484,29.170958327765607,30.9111731484493,32.88719015140301,3.11,8.0,0.08,8.73
AMZN,2014-10-20,15.147500038146973,15.326499938964844,15.10099983215332,15.310500144958496,64690000.0,21.7958673485228,21.289823368370186,29.142558401380263,30.654003905746656,32.399322676329625,3.13,7.0,0.05,8.76
AMZN,2014-10-21,15.494999885559082,15.781999588012695,15.353500366210938,15.76650047302246,71186000.0,21.4043733779336,22.06365663409985,29.511910931788098,30.85179242160277,32.525996225175426,3.15,14.0,0.06,8.34
AMZN,2014-10-22,15.771499633789062,15.949000358581545,15.631999969482422,15.648500442504885,62518000.0,21.387936730841105,22.112800512138794,29.47430980562024,30.859599795063364,32.480253998255684,3.17,14.0,0.08,8.4
AMZN,2014-10-23,15.670000076293944,15.84000015258789,15.56999969482422,15.659000396728516,180764000.0,21.400093887696706,22.04825654862907,29.461261326666904,30.729952721246136,32.43392413843548,3.18,14.0,0.1,8.44
AMZN,2014-10-24,14.220000267028809,14.690500259399414,14.199999809265137,14.352999687194824,396022000.0,32.646921400665555,27.694797433790146,32.55675589107007,32.30417473820527,33.53472002629558,3.17,39.0,0.46,7.74
AMZN,2014-10-27,14.28499984741211,14.520999908447266,14.25100040435791,14.498499870300291,119012000.0,32.48504408782277,27.544669547854856,31.437621942305878,32.33204395877846,32.30512623254671,3.14,28.0,0.5,8.62
AMZN,2014-10-28,14.48799991607666,14.899999618530272,14.48799991607666,14.779500007629396,111452000.0,32.85686327645783,27.47761210245294,31.446041212722935,32.41921328126764,32.33838968125457,3.12,29.0,0.42,8.61
AMZN,2014-10-29,14.955499649047852,14.98050022125244,14.653499603271484,14.706000328063965,97638000.0,32.77136180243444,27.481757139390673,31.43986741239732,32.16709858695276,32.313259251775214,3.1,29.0,0.34,8.63
AMZN,2014-10-30,14.699000358581545,14.987000465393066,14.618000030517578,14.953499794006348,81104000.0,33.233011668766785,27.694248407968924,31.464533781637595,32.11467874178773,32.35858083664927,3.07,31.0,0.24,8.6
AMZN,2014-10-31,15.25749969482422,15.28600025177002,15.074999809265137,15.27299976348877,91014000.0,33.345691888932336,28.015299871275584,31.626914954185438,32.22087046114181,32.42050071040513,3.04,36.0,0.18,8.43
AMZN,2014-11-03,15.312000274658203,15.400500297546388,15.161999702453612,15.28600025177002,64850000.0,32.91262791597319,27.782443440447913,31.326162318878296,32.201491651246315,32.39367466417735,3.01,28.0,0.11,8.95
AMZN,2014-11-04,15.19950008392334,15.212499618530272,15.008500099182127,15.14050006866455,68548000.0,32.98560932764332,27.81912042035637,31.35680974366052,32.15436264906572,32.405971465646196,2.98,29.0,0.03,8.86
AMZN,2014-11-05,15.150500297546388,15.199999809265137,14.708000183105469,14.826000213623049,93490000.0,33.047264528380026,28.11019649447926,31.51057459936118,32.22990248271492,32.46939414079329,2.94,36.0,-0.05,8.55
AMZN,2014-11-06,14.834500312805176,14.850000381469728,14.614500045776367,14.83199977874756,75162000.0,32.713572334502736,27.708882262104172,31.50058196665443,32.21685673662263,32.46236746536959,2.9,35.0,-0.12,8.59
AMZN,2014-11-07,14.890999794006348,14.999500274658203,14.814499855041504,14.993000030517578,52948000.0,32.89437355783963,27.43053196985128,31.249067898493095,32.19580914099371,32.287856325983235,2.87,28.0,-0.18,8.87
AMZN,2014-11-10,15.0,15.289999961853027,15.0,15.255499839782717,56182000.0,33.38646259920416,27.70317305037697,31.197661358526872,32.18707286278789,32.27547914120295,2.83,28.0,-0.23,9.1
AMZN,2014-11-11,15.29699993133545,15.619000434875488,15.182499885559082,15.600500106811523,76072000.0,34.10123181204407,28.120151914030806,31.384543002880687,32.299251325649855,32.334225918727945,2.78,32.0,-0.25,8.95
AMZN,2014-11-12,15.537500381469728,15.628999710083008,15.439499855041504,15.575499534606934,43660000.0,33.825426113364756,28.113528843582642,31.346352768375457,32.29875119732138,32.306950767795584,2.74,31.0,-0.27,8.97
AMZN,2014-11-13,15.600000381469728,15.89449977874756,15.575499534606934,15.824000358581545,73728000.0,34.147988141339255,28.32348039152681,31.419205008734032,32.350340435400824,32.28957366658303,2.71,34.0,-0.28,8.96
AMZN,2014-11-14,15.855999946594238,16.643999099731445,15.81999969482422,16.391000747680664,177556000.0,35.45883182791056,29.228984730127,31.87914678166933,32.621348209909314,32.33437246949163,2.71,52.0,-0.28,8.48
AMZN,2014-11-17,16.32200050354004,16.399999618530273,15.90149974822998,16.15250015258789,95698000.0,35.72731206893033,29.368693847978534,31.953110949817624,32.63310799736406,32.36116321302578,2.71,52.0,-0.28,8.34
AMZN,2014-11-18,16.199499130249023,16.47800064086914,16.162500381469727,16.24650001525879,70990000.0,35.41787667342662,29.35343117903617,31.96205358830181,32.520716476577164,32.35829737577248,2.71,52.0,-0.28,8.36
AMZN,2014-11-19,16.362499237060547,16.420000076293945,16.201000213623047,16.32699966430664,65632000.0,35.07316294357538,28.963808690028394,31.971502150945653,32.52770305911679,32.36148584160478,2.71,52.0,-0.28,8.36
AMZN,2014-11-20,16.200000762939453,16.633499145507812,16.166500091552734,16.527000427246094,68734000.0,34.512975793180324,29.06988638102276,31.816588101377768,32.563473508842414,32.38023338334424,2.71,48.0,-0.28,8.53
AMZN,2014-11-21,16.770999908447266,16.916500091552734,16.57349967956543,16.631500244140625,89332000.0,34.26898208553213,29.04752819075476,31.831834457891755,32.57122200090391,32.338298250273645,2.71,48.0,-0.28,8.52
AMZN,2014-11-24,16.73900032043457,16.86949920654297,16.68000030517578,16.781999588012695,55084000.0,33.87958406051721,29.10567910124644,31.78750155680636,32.587440947715145,32.337889689680324,2.71,46.0,-0.27,8.57
AMZN,2014-11-25,16.763500213623047,16.816499710083008,16.56399917602539,16.75200080871582,51300000.0,33.89508799652042,29.03292283555232,31.733565206529,32.58132517304604,32.31580823096289,2.71,45.0,-0.27,8.68
AMZN,2014-11-26,16.68899917602539,16.732500076293945,16.587499618530273,16.678499221801758,39672000.0,33.82205910873316,28.977252969963978,31.383684757830643,32.58262618794717,32.29199728268486,2.71,33.0,-0.29,9.26
AMZN,2014-11-28,16.80150032043457,17.062999725341797,16.80150032043457,16.93199920654297,61036000.0,33.76569657371766,28.838695407989682,31.332755022985854,32.626273494609116,32.29750786703307,2.71,31.0,-0.33,9.32
AMZN,2014-12-01,16.9060001373291,17.031999588012695,16.296499252319336,16.299999237060547,98898000.0,35.87180362909788,29.851601009578644,31.902187192801257,32.92264826653993,32.462201177776976,2.71,49.0,-0.32,8.48
AMZN,2014-12-02,16.375,16.396499633789062,16.162500381469727,16.315500259399414,55806000.0,35.82747586529759,29.770089461429077,30.691762814358153,32.898819548707074,32.46158154755273,2.72,28.0,-0.25,9.5
AMZN,2014-12-03,16.286500930786133,16.338499069213867,15.718000411987305,15.824999809265137,113620000.0,36.07485090181566,29.436856490499668,30.756712882487864,33.04550910016758,32.543226097996445,2.73,29.0,-0.17,9.15
AMZN,2014-12-04,15.77649974822998,15.929499626159668,15.673500061035156,15.846500396728516,65806000.0,36.00323293379218,29.41807525742598,30.758544567392775,33.02263725553416,32.54127054917727,2.73,30.0,-0.09,9.16
AMZN,2014-12-05,15.84000015258789,15.846500396728516,15.541999816894531,15.631500244140623,65304000.0,36.23338930571883,29.535383860281826,30.810966156547583,32.95387538168203,32.56536813582014,2.74,31.0,-0.02,9.0
AMZN,2014-12-08,15.578499794006348,15.82800006866455,15.241000175476074,15.33199977874756,72784000.0,25.95658833070042,29.767954718471866,30.91552623471477,32.906067285880816,32.60984485316074,2.75,32.0,0.04,8.8
AMZN,2014-12-09,15.149499893188477,15.682000160217283,15.057000160217283,15.625,80990000.0,26.314185852215488,29.72421985998837,30.93912112348948,32.97203953282084,32.667109094822955,2.75,33.0,0.07,8.78
AMZN,2014-12-10,15.600000381469728,15.659500122070312,15.234000205993652,15.291999816894531,64918000.0,26.713201201022702,29.913650430649046,31.095393651153458,32.85023336145498,32.72188915814066,2.76,34.0,0.01,8.44
AMZN,2014-12-11,15.39449977874756,15.631999969482422,15.30049991607666,15.368000030517578,65258000.0,26.670603883093293,29.86004133640863,31.10436441173079,32.81540840642477,32.69870502625804,2.76,35.0,-0.14,8.44
AMZN,2014-12-12,15.19950008392334,15.531999588012695,15.150500297546388,15.366000175476074,63070000.0,26.279053360415677,29.84909968120459,31.090752436794943,32.81544348301816,32.69839255501004,2.76,34.0,-0.29,8.49
AMZN,2014-12-15,15.443499565124512,15.54300022125244,15.107500076293944,15.303500175476074,76832000.0,25.599357500010512,29.556543219842425,31.08997981157308,32.81242427899584,32.688363723432026,2.77,34.0,-0.58,8.47
AMZN,2014-12-16,15.217499732971191,15.224499702453612,14.750499725341797,14.753000259399414,130026000.0,27.71739064764812,30.174013511558016,27.25565883716909,33.00193016192182,32.85605215058611,2.79,1.0,-0.64,5.11
AMZN,2014-12-17,14.818499565124512,14.98349952697754,14.65149974822998,14.944000244140623,88670000.0,27.889745542333817,30.3177160029956,27.29291959138733,33.04063454980752,32.8848437848126,2.82,2.0,-0.7,5.15
AMZN,2014-12-18,15.200499534606934,15.225000381469728,14.662500381469728,14.886500358581545,154762000.0,27.22659666073283,30.151404939656327,27.297383891755732,32.91982464572031,32.81007480216777,2.84,3.0,-0.76,5.14
AMZN,2014-12-19,14.845499992370604,15.07699966430664,14.776000022888184,14.994999885559082,174182000.0,27.304908176730724,29.976715613437865,27.293137833735376,32.71553706267239,32.82069881444174,2.85,3.0,-0.81,5.14
AMZN,2014-12-22,15.097000122070312,15.368000030517578,15.097000122070312,15.32699966430664,80076000.0,27.857535132786555,30.33142174950762,27.12018903594828,32.766161011481664,32.84818697659015,2.87,1.0,-0.83,5.47
AMZN,2014-12-23,15.348999977111816,15.374500274658203,15.162500381469728,15.314499855041504,54274000.0,27.40958114994097,30.32300991618185,26.950268268154794,32.58303957932924,32.84693778628488,2.88,1.0,-0.84,5.73
AMZN,2014-12-24,15.319000244140623,15.350000381469728,15.144000053405762,15.15149974822998,30276000.0,26.7460458414517,30.384449823091554,26.78532280449395,32.5583338756808,32.850812861048034,2.88,1.0,-0.87,5.81
AMZN,2014-12-26,15.25,15.538999557495115,15.190500259399414,15.454500198364258,57876000.0,27.41333535106883,30.526192339428466,26.967541819249313,32.206364551424706,32.88747941236811,2.88,3.0,-0.88,5.67
AMZN,2014-12-29,15.392499923706056,15.713500022888184,15.32900047302246,15.60200023651123,60180000.0,27.15065154640664,30.586572657416927,26.99858619843839,32.16285708689652,32.871322594581386,2.88,4.0,-0.89,5.65
AMZN,2014-12-30,15.49549961090088,15.696999549865724,15.467000007629396,15.515000343322754,41860000.0,24.980356320183287,30.467561559457952,26.984714805652477,32.13046511342265,32.85629858722897,2.88,4.0,-0.89,5.68
AMZN,2014-12-31,15.577500343322754,15.64900016784668,15.500499725341797,15.517499923706056,40960000.0,24.686639898028794,30.467260827638587,26.845620209080217,32.130390778761395,32.8236753061771,2.87,2.0,-0.9,5.79
AMZN,2015-01-02,15.628999710083008,15.737500190734863,15.347999572753906,15.425999641418455,55664000.0,24.62567130563571,30.312228594920406,26.8485578384124,32.01176216440416,32.82719377824242,2.86,3.0,-0.92,5.75
AMZN,2015-01-05,15.350500106811523,15.418999671936035,15.042499542236328,15.10949993133545,55484000.0,25.140184491598834,30.34760078615285,27.037280981450586,32.09937093916733,32.88520445535017,2.84,8.0,-0.96,5.44
AMZN,2015-01-06,15.112000465393066,15.149999618530272,14.619000434875488,14.76449966430664,70380000.0,25.417885766316434,30.351353038780953,27.03699816679842,32.134524488122636,32.953439383674045,2.82,8.0,-0.99,5.29
AMZN,2015-01-07,14.875,15.064000129699709,14.76650047302246,14.92099952697754,52806000.0,25.592885349186446,30.345613038070567,26.87053189904972,32.157976173064164,32.95135261619675,2.79,4.0,-1.0,5.44
AMZN,2015-01-08,15.015999794006348,15.156999588012695,14.805500030517578,15.02299976348877,61768000.0,25.506526516366574,30.214683394197206,26.897405519046448,32.12666664068383,32.94299284260671,2.77,5.0,-0.99,5.43
AMZN,2015-01-09,15.074000358581545,15.143500328063965,14.833999633789062,14.846500396728516,51848000.0,25.606974927518326,30.27538880211446,26.944640254799733,31.827168991611178,32.96007265600064,2.75,6.0,-0.99,5.32
AMZN,2015-01-12,14.878000259399414,14.92549991607666,14.46399974822998,14.570500373840332,68428000.0,25.961263810302356,30.47088700859803,27.083942026757995,29.438195740809743,32.999128049563694,2.72,13.0,-0.97,5.1
AMZN,2015-01-13,14.87399959564209,15.074999809265137,14.661499977111816,14.737000465393066,82728000.0,25.738655832952475,30.50733663134948,27.154718549456557,29.331664397405905,32.98524539053872,2.69,15.0,-0.95,5.04
AMZN,2015-01-14,14.596500396728516,14.795499801635742,14.324999809265137,14.66349983215332,110774000.0,23.713285263166263,30.51473389425684,27.136213418675183,29.29803320495291,32.93921500231461,2.65,15.0,-0.94,5.08
AMZN,2015-01-15,14.699999809265137,14.800000190734863,14.340999603271484,14.34749984741211,88384000.0,24.249760004875558,30.761046502764007,27.328062894391543,29.371242148189413,33.00213183449838,2.62,21.0,-0.9,4.82
AMZN,2015-01-16,14.314000129699709,14.53950023651123,14.262499809265137,14.536999702453612,69564000.0,23.43136193463979,30.250917522815516,27.39102528311537,29.376449032264556,33.033360111201226,2.57,22.0,-0.88,4.77
AMZN,2015-01-20,14.62950038909912,14.66800022125244,14.319499969482422,14.472000122070312,61502000.0,23.401778281349905,30.230929868799294,27.111594589513405,29.38044960849691,33.0171105376835,2.53,14.0,-0.86,4.96
AMZN,2015-01-21,14.482000350952148,15.300000190734863,14.36299991607666,14.862500190734863,201302000.0,24.6881410424147,30.766503885913504,27.467772384100165,29.54219108012434,33.07624601748329,2.49,24.0,-0.85,4.7
AMZN,2015-01-22,15.0,15.612500190734863,15.0,15.515999794006348,107252000.0,27.29176386124529,26.445234694211205,28.32950491184244,29.56853945264786,33.367352274965995,2.43,25.0,-0.8,4.32
AMZN,2015-01-23,15.404000282287598,15.846500396728516,15.38599967956543,15.619500160217283,89928000.0,26.794664402004887,26.405797236685817,28.353032192498645,29.516171441353507,33.35930025380074,2.38,26.0,-0.74,4.32
AMZN,2015-01-26,15.590999603271484,15.649999618530272,15.37600040435791,15.482999801635742,63394000.0,26.1510331097131,26.215020708150703,28.32926210237272,29.478918194513327,33.230787144905825,2.33,25.0,-0.7,4.3
AMZN,2015-01-27,15.3149995803833,15.51200008392334,15.131500244140623,15.337499618530272,58406000.0,26.266372994267943,26.272691173267944,28.325524756722757,29.460301262519987,33.240849691432196,2.29,25.0,-0.65,4.3
AMZN,2015-01-28,15.490500450134276,15.575499534606934,15.1899995803833,15.195500373840332,61276000.0,26.40245602825556,26.136702508586108,28.14826712928511,29.178285330184483,33.17913841374976,2.25,25.0,-0.71,4.39
AMZN,2015-01-29,15.236499786376951,15.640000343322754,14.966500282287598,15.58899974822998,173132000.0,27.419250325246868,26.30284786652731,28.467126278213463,29.326604903807123,33.188166045953,2.2,30.0,-0.83,4.17
AMZN,2015-01-30,17.31599998474121,17.975000381469727,17.03700065612793,17.726499557495117,477122000.0,44.42153512923915,37.17128599093385,35.06652693602783,32.901229679510344,35.289773778450275,2.21,98.0,-0.31,11.83
AMZN,2015-02-02,17.502500534057617,18.25,17.500499725341797,18.223499298095703,204638000.0,44.821551242404084,37.438222917874384,34.801532172237216,33.03372588539391,33.42781635410613,2.21,95.0,0.8,12.06
AMZN,2015-02-03,18.01449966430664,18.391000747680664,18.010499954223633,18.177499771118164,124252000.0,44.796248936238264,37.120872029356754,34.800667362611605,33.025154125536034,33.23677378429943,2.2,95.0,1.31,12.08
AMZN,2015-02-04,17.91900062561035,18.375,17.911500930786133,18.237499237060547,83398000.0,44.80634996826851,37.11564684683937,34.79842858780845,33.02223120029398,33.23446006470412,2.2,95.0,1.59,12.07
AMZN,2015-02-05,18.299999237060547,18.940000534057617,18.295000076293945,18.694499969482425,144952000.0,44.89885421196808,37.34314668264839,35.00209431519458,33.10093620452369,33.32189724913068,2.2,98.0,2.12,11.68
AMZN,2015-02-06,18.74349975585937,18.79949951171875,18.550500869750977,18.714000701904297,77848000.0,44.87533173361457,37.237418988317614,34.798712170518705,33.07312532192743,33.24244265932326,2.19,96.0,2.22,11.96
AMZN,2015-02-09,18.549999237060547,18.72050094604492,18.36000061035156,18.527999877929688,54492000.0,44.85184317328379,37.12402688446972,34.804985432193774,33.09889380956502,33.20916405807989,2.19,98.0,2.07,12.0
AMZN,2015-02-10,18.559499740600582,18.71500015258789,18.425500869750977,18.64999961853028,45744000.0,44.67977189604934,37.11975333070258,34.75457249863269,32.99545085377512,33.215370562219746,2.25,93.0,1.89,12.04
AMZN,2015-02-11,18.561500549316406,18.854999542236328,18.55500030517578,18.756999969482425,55730000.0,44.669425130300596,37.02826480504536,34.76033186948464,32.99354297577249,33.21920499620544,2.3,93.0,1.71,12.02
AMZN,2015-02-12,18.7549991607666,18.925500869750977,18.65749931335449,18.85849952697754,55822000.0,44.531986408304434,36.41406804547504,34.648865119611735,32.99537153062363,33.0322739001513,2.34,91.0,1.59,12.25
AMZN,2015-02-13,18.920499801635746,19.14999961853028,18.850500106811523,19.09149932861328,69502000.0,44.52047101884523,36.29536703321234,34.50955123916131,32.99850017843193,32.979042563309704,2.38,90.0,1.45,12.4
AMZN,2015-02-17,18.88599967956543,18.999500274658203,18.63349914550781,18.771499633789062,73464000.0,44.90776684453843,36.51241576152705,34.62838250023065,33.0619354870808,33.023691600142506,2.43,90.0,1.2,12.23
AMZN,2015-02-18,18.68899917602539,18.83699989318848,18.64249992370605,18.668500900268555,53012000.0,44.31709728777975,36.544173763194664,34.58683871029098,33.03517060090934,33.01151801744505,2.47,89.0,0.98,12.35
AMZN,2015-02-19,18.67449951171875,19.0939998626709,18.671499252319336,18.950000762939453,59076000.0,43.43121163445428,36.58106214770224,34.494940018509155,33.06714935009662,32.994110857071,2.5,87.0,0.77,12.43
AMZN,2015-02-20,18.93099975585937,19.184999465942383,18.79199981689453,19.183000564575195,65160000.0,43.4413912968274,36.62892774814467,34.534019678763705,33.09159839644285,33.00892439484581,2.54,88.0,0.61,12.34
AMZN,2015-02-23,19.17200088500977,19.22699928283692,18.89999961853028,19.006999969482425,43540000.0,43.73890360393175,36.67843945318416,34.56458337251894,32.52935965218318,33.01031183663618,2.58,88.0,0.42,12.3
AMZN,2015-02-24,18.9325008392334,19.02400016784668,18.808000564575195,18.929500579833984,38416000.0,43.493625867533545,36.69179101402305,34.57660286908422,32.46562301855457,32.98326518629342,2.61,88.0,0.24,12.29
AMZN,2015-02-25,18.863500595092773,19.39249992370605,18.82699966430664,19.26849937438965,63490000.0,42.81609193959778,36.80646836511614,34.55993240350602,32.51560722920852,32.97963353743492,2.64,86.0,0.09,12.24
AMZN,2015-02-26,19.203500747680664,19.4685001373291,19.16399955749512,19.239999771118164,53742000.0,42.92439836300126,36.71919852219009,34.56375714977041,32.47419699267361,32.97785449939933,2.67,86.0,-0.06,12.24
AMZN,2015-02-27,19.200000762939453,19.29949951171875,18.989500045776367,19.007999420166016,50646000.0,43.173935126020076,35.88297055825672,34.584102435869916,32.49766393862244,33.001077404628646,2.7,88.0,-0.21,12.27
AMZN,2015-03-02,19.042499542236328,19.295000076293945,18.974000930786133,19.28300094604492,42784000.0,42.22020711183993,35.96245670805765,34.63868084815829,32.35590308631393,33.027294864697225,2.72,90.0,-0.34,12.14
AMZN,2015-03-03,19.19750022888184,19.30500030517578,19.07999992370605,19.230499267578125,38930000.0,42.36326384876059,35.30800332943559,34.52453813609173,32.35879582116638,33.02185499451167,2.74,81.0,-0.46,12.3
AMZN,2015-03-04,19.285499572753903,19.395000457763672,19.10950088500977,19.13599967956543,45182000.0,42.37605672848853,35.34584115007721,34.446089310839824,32.363866733051985,33.00698465802548,2.77,78.0,-0.59,12.49
AMZN,2015-03-05,19.280500411987305,19.42099952697754,19.194499969482425,19.39150047302246,53870000.0,42.077566217086655,35.229610405935205,34.26502024850125,32.386229040866766,32.95371663092821,2.79,77.0,-0.69,12.72
AMZN,2015-03-06,19.275999069213867,19.350000381469727,18.944000244140625,19.004499435424805,52540000.0,41.602172800989834,35.25260934140592,34.36715550323306,32.338433304002706,33.01624661545129,2.8,77.0,-0.8,12.56
AMZN,2015-03-09,18.920000076293945,18.96649932861328,18.763999938964844,18.92799949645996,46228000.0,41.71969354315693,35.13944723759403,34.26012230205211,32.227294532276225,33.01879637360467,2.82,75.0,-0.91,12.72
AMZN,2015-03-10,18.872499465942383,18.888500213623047,18.458999633789062,18.475500106811523,62420000.0,42.44039362400277,35.22337299411757,34.5072214033106,32.3440583755023,33.10529010598715,2.84,79.0,-1.0,12.36
AMZN,2015-03-11,18.530500411987305,18.667499542236328,18.3129997253418,18.318500518798828,49902000.0,42.41270177972814,35.302265736090085,34.51389351570072,32.346216527112134,33.11306596655811,2.86,80.0,-1.08,12.36
AMZN,2015-03-12,18.44099998474121,18.77499961853028,18.3759994506836,18.71199989318848,56200000.0,42.3842983529878,35.49465317540661,34.596412308107844,32.41545457381502,33.177779100360496,2.87,88.0,-1.15,12.14
AMZN,2015-03-13,18.576000213623047,18.699499130249023,18.333999633789062,18.52899932861328,52234000.0,42.27384530511691,35.56509922605507,34.64821484621799,32.4208377313516,33.19161113507326,2.89,90.0,-1.22,12.08
AMZN,2015-03-16,18.518999099731445,18.69700050354004,18.336000442504883,18.667499542236328,47082000.0,20.877277482075012,34.590943683567055,34.64392459667267,32.42262233017258,33.19458485026762,2.91,89.0,-1.29,12.09
AMZN,2015-03-17,18.55550003051757,18.725000381469727,18.48200035095215,18.59600067138672,40740000.0,19.423262894562964,34.57588947313664,34.376159094687665,32.42337240019829,33.19494725576084,2.92,72.0,-1.35,12.62
AMZN,2015-03-18,18.49850082397461,18.79949951171875,18.334999084472656,18.756999969482425,53082000.0,19.531995598344405,34.5548433145662,34.36209345578045,32.43671611601218,33.191360412098405,2.93,70.0,-1.41,12.61
AMZN,2015-03-19,18.693500518798828,18.855499267578125,18.60950088500977,18.66200065612793,38314000.0,19.59884577832706,34.59534301625943,34.37906518090716,32.33459401607522,33.16246860683086,2.94,72.0,-1.46,12.59
AMZN,2015-03-20,18.81450080871582,18.9685001373291,18.79599952697754,18.92449951171875,75272000.0,18.67997998046033,34.45450796058368,31.34023832058841,32.37290810907926,33.17166292041816,2.94,45.0,-1.5,14.87
AMZN,2015-03-23,18.903499603271484,19.088499069213867,18.746999740600582,18.75550079345703,44786000.0,18.874805439488547,34.538702740456486,31.37290585608306,32.355180272973584,33.10393425292341,2.94,48.0,-1.54,14.89
AMZN,2015-03-24,18.699499130249023,18.761999130249023,18.613500595092773,18.70450019836425,44564000.0,18.65438605075747,34.438360235360584,31.270094586161978,32.3243745431146,33.01168845693602,2.94,43.0,-1.58,15.23
AMZN,2015-03-25,18.75849914550781,19.02499961853028,18.51449966430664,18.54800033569336,68590000.0,18.723007915967184,34.353495281732464,31.29520465190245,32.14153340265141,33.013513631263514,2.94,44.0,-1.61,15.19
AMZN,2015-03-26,18.47949981689453,18.56999969482422,18.28249931335449,18.36750030517578,58600000.0,18.83689965375151,34.425816457816815,31.267924448515522,32.09313794931456,32.86681791452437,2.94,43.0,-1.63,15.39
AMZN,2015-03-27,18.355499267578125,18.65850067138672,18.328500747680664,18.527999877929688,52196000.0,18.953774983715352,34.40303041427434,31.136730770949743,32.09704444698017,32.84408453412992,2.94,41.0,-1.65,15.76
AMZN,2015-03-30,18.5935001373291,18.80599975585937,18.57749938964844,18.72949981689453,36418000.0,18.872039470111922,34.435323112857766,31.16809781556011,31.482090234279852,32.860594663406864,2.94,42.0,-1.67,15.63
AMZN,2015-03-31,18.66200065612793,18.88500022888184,18.57550048828125,18.604999542236328,50122000.0,18.330907349469346,34.444149469592176,31.144063334536437,31.34563836494488,32.86256123544829,2.94,42.0,-1.69,15.68
AMZN,2015-04-01,18.604999542236328,18.65800094604492,18.41699981689453,18.51300048828125,49162000.0,18.318136745720583,34.12781857412106,30.945356326569385,31.3500529830989,32.810881321296286,2.94,37.0,-1.7,16.05
AMZN,2015-04-02,18.52499961853028,18.66399955749512,18.450000762939453,18.612499237060547,37506000.0,17.828460428895177,33.679965103450904,30.947951483186003,31.35257175757486,32.813073265844686,2.94,38.0,-1.7,16.02
AMZN,2015-04-06,18.5049991607666,19.01000022888184,18.468000411987305,18.85199928283692,61014000.0,17.86448453321805,33.702091796161724,30.963507809060474,31.364810404238895,32.740018262111015,2.94,39.0,-1.71,15.97
AMZN,2015-04-07,18.8075008392334,18.965499877929688,18.701499938964844,18.72050094604492,39098000.0,17.782698541515753,33.769871138397576,30.903182260808492,31.310662883344026,32.58252368432782,2.94,35.0,-1.71,16.25
AMZN,2015-04-08,18.732999801635746,19.07900047302246,18.732500076293945,19.059999465942383,52728000.0,18.530358409392242,33.73826976090085,30.837504200037596,31.37922003494601,32.58415396273098,2.94,35.0,-1.71,16.43
AMZN,2015-04-09,19.03300094604492,19.22100067138672,18.940000534057617,19.177000045776367,47846000.0,17.869576895065762,33.3996724204007,30.838884209375173,31.38514265084887,32.46598226386107,2.94,36.0,-1.71,16.38
AMZN,2015-04-10,19.215499877929688,19.356000900268555,19.06599998474121,19.13249969482422,51470000.0,17.876663421293216,33.3987080096427,30.76743375646859,31.37287673045968,32.437889520385674,2.94,34.0,-1.71,16.66
AMZN,2015-04-13,19.17650032043457,19.263999938964844,19.006999969482425,19.11800003051757,37890000.0,17.516581618265686,33.35927543631365,30.302621940597778,31.372955980510742,32.109532031420756,2.94,31.0,-1.71,18.02
AMZN,2015-04-14,19.175500869750977,19.390499114990234,19.06049919128418,19.25550079345703,51672000.0,17.13053175787089,32.91249003388481,30.20358090089521,28.949039938224253,32.06575428264056,2.94,31.0,-1.71,18.16
AMZN,2015-04-15,19.232500076293945,19.28899955749512,19.082000732421875,19.17250061035156,38664000.0,17.158385679096302,32.92058145408371,30.21181349984489,28.919946309270237,32.04533356029639,2.94,32.0,-1.71,18.2
AMZN,2015-04-16,19.184499740600582,19.372499465942383,19.177499771118164,19.302000045776367,41608000.0,17.20609267411017,32.868439846453576,30.218101917255385,28.926597794499497,32.05087072619778,2.94,33.0,-1.7,18.17
AMZN,2015-04-17,19.131500244140625,19.17799949645996,18.71999931335449,18.777999877929688,76794000.0,18.5420992709737,33.20428158325458,30.522516279492972,29.11172139710887,32.09217794855683,2.94,35.0,-1.7,17.62
AMZN,2015-04-20,18.927499771118164,19.597000122070312,18.850000381469727,19.475500106811523,100322000.0,20.623756807479218,32.89991972533915,31.020613428311254,29.183073168649187,32.2906854420917,2.94,49.0,-1.7,16.27
AMZN,2015-04-21,19.56550025939941,19.729999542236328,19.34000015258789,19.55900001525879,92870000.0,20.594592261024502,32.89470380579895,31.00085730837011,29.08461455899371,32.24512282331016,2.94,49.0,-1.69,16.34
AMZN,2015-04-22,19.59550094604492,19.714000701904297,19.39999961853028,19.489999771118164,69494000.0,19.214162575657735,32.826904135274084,31.006851404611734,28.993668019766904,32.24339327702581,2.94,50.0,-1.69,16.34
AMZN,2015-04-23,19.51049995422364,19.5939998626709,19.3075008392334,19.499500274658203,159600000.0,18.969623062188965,32.718255817305256,30.992840555444506,28.986533268078436,32.207425800818356,2.94,49.0,-1.68,16.34
AMZN,2015-04-24,21.950000762939453,22.63249969482422,21.950000762939453,22.2549991607666,343538000.0,41.98779190968102,41.83775313379367,37.23807707262709,32.86552569195236,34.5904403705381,3.0,100.0,-1.37,15.44
AMZN,2015-04-27,22.19300079345703,22.34950065612793,21.870500564575195,21.92799949645996,108618000.0,42.17281613302821,41.864167101533425,36.770179860112215,32.90514562755513,32.98014507629541,3.05,99.0,-1.21,16.17
AMZN,2015-04-28,21.925500869750977,21.950000762939453,21.402000427246094,21.465499877929688,82810000.0,42.88222192002267,33.5201498504218,36.970617532846454,32.9696890791932,32.959263982472,3.11,99.0,-1.16,15.89
AMZN,2015-04-29,21.33749961853028,21.71199989318848,21.30150032043457,21.4685001373291,72434000.0,42.8292337172431,33.134599986802804,36.58671575636129,32.968084067192,32.94010818442941,3.15,97.0,-1.12,16.47
AMZN,2015-04-30,21.355499267578125,21.58749961853028,20.96199989318848,21.089000701904297,72958000.0,43.307203681177526,33.385923605851154,36.73586886039464,33.048189857584056,32.97761913780072,3.2,97.0,-1.1,16.28
AMZN,2015-05-01,21.19099998474121,21.28199958801269,20.799999237060547,21.14349937438965,71316000.0,43.22595718231616,33.38549590732172,36.64032273824966,32.962545408842914,32.95942383800426,3.24,96.0,-1.08,16.38
AMZN,2015-05-04,21.239999771118164,21.488500595092773,21.121000289916992,21.152000427246094,45408000.0,43.137244002859255,33.06265019474222,36.46717265365144,32.880329372577,32.95942060929214,3.28,94.0,-1.06,16.63
AMZN,2015-05-05,21.14249992370605,21.3754997253418,21.051000595092773,21.059499740600582,57128000.0,43.040451867618,33.08845504269208,36.399214967919185,32.88726688911205,32.9598495350507,3.31,93.0,-1.04,16.91
AMZN,2015-05-06,21.07150077819824,21.13599967956543,20.727500915527344,20.95499992370605,51050000.0,43.07531875155707,33.026962148488686,36.20956370743216,32.89518924963793,32.68290161820198,3.35,92.0,-1.02,17.22
AMZN,2015-05-07,21.207500457763672,21.424999237060547,21.14249992370605,21.3439998626709,55322000.0,43.1164844557449,33.18460013551813,36.28936062427551,32.95761392073295,32.681356872022285,3.38,92.0,-0.99,16.96
AMZN,2015-05-08,21.537500381469727,21.76000022888184,21.50849914550781,21.684499740600582,58176000.0,43.008847421268904,33.29421651353957,36.33951303569025,33.00207799054352,32.66994157188791,3.41,92.0,-0.95,16.76
AMZN,2015-05-11,21.6254997253418,21.950000762939453,21.568500518798828,21.64249992370605,47874000.0,43.05129589581361,33.300116915994536,36.3298384480684,32.98307587080801,32.650034219744995,3.44,91.0,-0.91,16.76
AMZN,2015-05-12,21.554000854492188,21.662500381469727,21.33550071716309,21.551000595092773,38956000.0,43.10104634410115,33.260604361525914,35.779424302053876,32.98370221283004,32.474590765430165,3.43,88.0,-0.87,17.7
AMZN,2015-05-13,21.499000549316406,21.67650032043457,21.290000915527344,21.3435001373291,39926000.0,43.17853524266081,33.11763413428553,35.812806196075556,33.00251119736537,32.490325556227724,3.42,88.0,-0.84,17.77
AMZN,2015-05-14,21.47249984741211,21.64999961853028,21.350500106811523,21.61400032043457,37770000.0,43.14138562451083,33.14691206268199,35.82125620369739,32.92830270389287,32.41512522911828,3.41,88.0,-0.79,17.64
AMZN,2015-05-15,21.39999961853028,21.520000457763672,21.21500015258789,21.299999237060547,84806000.0,43.5209450854863,33.22421291427667,35.934745831537185,32.98066939468798,32.440799160698994,3.4,88.0,-0.75,17.52
AMZN,2015-05-18,21.299999237060547,21.363500595092773,21.07299995422364,21.261999130249023,47804000.0,43.48464836505615,33.16319312541549,35.8227463548657,32.959185208274846,32.43475257524785,3.38,87.0,-0.71,17.93
AMZN,2015-05-19,21.24349975585937,21.41200065612793,21.0314998626709,21.08550071716309,49284000.0,43.5157554725656,33.151272954203456,35.86446087338888,32.975098961798324,32.44620613879643,3.36,87.0,-0.67,17.88
AMZN,2015-05-20,21.030000686645508,21.354999542236328,20.917999267578125,21.19300079345703,43924000.0,43.315123052088786,33.13583454464795,35.796226807671125,32.962517734426626,32.42036882872344,3.33,83.0,-0.61,17.94
AMZN,2015-05-21,21.39999961853028,21.84499931335449,21.39999961853028,21.581499099731445,82428000.0,43.51778046655818,33.14443955168881,35.77804068614895,32.99678560867857,32.444504732954385,3.3,81.0,-0.56,17.99
AMZN,2015-05-22,21.57749938964844,21.621999740600582,21.38050079345703,21.381500244140625,40412000.0,43.65203996101906,33.217206736874,35.820183070747305,32.943287349324926,32.461675748468,3.27,84.0,-0.5,18.01
AMZN,2015-05-26,21.309999465942383,21.350000381469727,21.100000381469727,21.273500442504883,44884000.0,43.70809311548706,33.12241724661675,35.8170009925033,32.951562049962476,32.3897475606573,3.24,83.0,-0.44,18.02
AMZN,2015-05-27,21.372499465942383,21.592500686645508,21.2504997253418,21.57099914550781,44622000.0,43.79958214482069,33.11488867188885,35.8540434032994,32.950074217219026,32.40918308621844,3.2,86.0,-0.37,17.84
AMZN,2015-05-28,21.48550033569336,21.5674991607666,21.273500442504883,21.328500747680664,38248000.0,43.95841907620346,33.212267901393176,35.8994747327351,32.66100452684575,32.43192091000252,3.16,87.0,-0.3,17.77
AMZN,2015-05-29,21.36149978637696,21.625,21.36149978637696,21.46150016784668,60322000.0,43.95543377532603,33.19544761145743,35.69575682560057,32.66352048774551,32.419149790470684,3.12,76.0,-0.21,18.06
AMZN,2015-06-01,21.520000457763672,21.65800094604492,21.309999465942383,21.54599952697754,45066000.0,42.95822271511114,33.114128032937046,35.439877757757124,32.66155507686061,32.41608874983291,3.08,75.0,-0.12,18.48
AMZN,2015-06-02,21.50349998474121,21.661500930786133,21.3125,21.54949951171875,33378000.0,41.891877107835555,32.80010413580355,35.42775549387998,32.661855914059046,32.38913299870299,3.02,74.0,-0.03,18.58
AMZN,2015-06-03,21.71999931335449,21.91950035095215,21.637500762939453,21.82950019836425,54558000.0,41.98267723908305,32.848657768695496,35.45470735720806,32.566891599627425,32.40281944384856,2.97,75.0,0.06,18.47
AMZN,2015-06-04,21.71999931335449,21.83799934387207,21.46299934387207,21.53899955749512,50216000.0,42.22617225045168,32.54869132931208,35.473220774254614,32.59253882954334,32.4354560240017,2.91,75.0,0.17,18.44
AMZN,2015-06-05,21.482999801635746,21.540000915527344,21.325000762939453,21.34749984741211,38158000.0,42.369286932612475,32.5545639405913,35.348670698861554,32.57929082404745,32.02940257884139,2.85,71.0,0.25,18.67
AMZN,2015-06-08,21.2810001373291,21.34000015258789,21.07150077819824,21.174999237060547,43450000.0,17.299959645399827,32.38984182022463,35.37807472808778,32.59872119661183,31.99382264246448,2.78,71.0,0.36,18.72
AMZN,2015-06-09,21.14800071716309,21.374500274658203,20.957000732421875,21.27400016784668,45774000.0,16.93079194496696,32.2986793002416,35.351358280134676,32.53227080028435,31.986798932727478,2.72,70.0,0.44,18.72
AMZN,2015-06-10,21.32299995422364,21.61000061035156,21.28300094604492,21.53849983215332,43446000.0,16.2189040011447,32.34771158035378,35.13913770264861,32.450339970136774,31.97682411148185,2.65,68.0,0.44,19.0
AMZN,2015-06-11,21.614500045776367,21.944499969482425,21.57349967956543,21.648500442504883,58450000.0,16.283046971372034,32.326118009221155,35.109555118994486,32.44902140638927,31.970977948726574,2.58,67.0,0.41,19.13
AMZN,2015-06-12,21.5625,21.61800003051757,21.413000106811523,21.496000289916992,41088000.0,15.523617719655952,32.359825532071326,35.127834266250176,32.4312993565534,31.84756674418687,2.5,67.0,0.28,19.1
AMZN,2015-06-15,21.382999420166016,21.40250015258789,21.131999969482425,21.183500289916992,41020000.0,16.12722403678238,32.51166249195828,35.060769186012415,32.393743612748125,31.886455615781816,2.42,64.0,0.2,19.55
AMZN,2015-06-16,21.207500457763672,21.398500442504883,21.13349914550781,21.363000869750977,45928000.0,16.309051367565292,32.44521546973663,34.49455052302237,32.402804247417016,31.893561453127056,2.36,37.0,0.2,21.21
AMZN,2015-06-17,21.417999267578125,21.5674991607666,21.237499237060547,21.390499114990234,43718000.0,16.249330167662567,32.364812182441334,34.49139953997573,32.39531991202305,31.885427074754112,2.29,36.0,0.19,21.26
AMZN,2015-06-18,21.51499938964844,21.98649978637696,21.47050094604492,21.96949958801269,67568000.0,17.835541251501134,32.73388192363589,34.63888295569607,32.53145124598186,31.886724050458287,2.22,52.0,0.05,20.61
AMZN,2015-06-19,22.01300048828125,22.249500274658203,21.66200065612793,21.746000289916992,89902000.0,17.414345073767954,32.76236788337242,34.64655540813143,32.49762662666886,31.820483939545973,2.14,53.0,-0.27,20.59
AMZN,2015-06-22,21.850000381469727,21.96199989318848,21.708999633789062,21.81450080871582,36472000.0,16.830233652838583,32.65983392118497,34.585859677842066,32.497716248392926,31.80609415505673,2.06,46.0,-0.94,20.67
AMZN,2015-06-23,21.77949905395508,22.35199928283692,21.684499740600582,22.29949951171875,64900000.0,17.95717816452658,32.87406792536908,34.53269536870791,32.55636334908602,31.86380049035855,1.98,39.0,-1.65,20.83
AMZN,2015-06-24,22.24850082397461,22.32349967956543,22.011499404907227,22.04199981689453,52416000.0,18.268635796956648,32.970102460326856,28.217004275249717,32.59250869315943,31.871795423947585,2.07,1.0,-1.7,26.8
AMZN,2015-06-25,21.903499603271484,22.17350006103516,21.819499969482425,22.0049991607666,44750000.0,18.017375204131376,32.925275562513534,27.925676774043872,32.52414415142136,31.860702625162734,2.16,1.0,-1.71,28.29
AMZN,2015-06-26,22.08799934387207,22.17449951171875,21.75300025939941,21.905000686645508,52490000.0,17.74334597225628,32.921330595181466,27.935684283465513,32.47647664606961,31.859148909287466,2.24,2.0,-1.74,28.27
AMZN,2015-06-29,21.749000549316406,21.850000381469727,21.450000762939453,21.49300003051757,55064000.0,18.106014855897847,33.217402540490134,28.129927364563223,32.437215849338365,31.919641133705696,2.31,3.0,-1.76,27.64
AMZN,2015-06-30,21.709999084472656,21.778499603271484,21.52300071716309,21.70450019836425,51938000.0,18.299996809618825,33.18306958228242,27.916581215304575,32.40559869900606,31.93139413306596,2.39,1.0,-1.77,28.7
AMZN,2015-07-01,21.967500686645508,22.0,21.77899932861328,21.86949920654297,39742000.0,18.199019998354256,33.1420959580376,27.933144806026807,32.34288329965319,31.861493550633234,2.46,3.0,-1.78,28.56
AMZN,2015-07-02,21.850000381469727,21.90999984741211,21.67399978637696,21.88549995422364,26868000.0,18.162310366374715,32.988324457385616,27.87211431403071,32.33957294935583,31.86149988849477,2.52,1.0,-1.78,28.73
AMZN,2015-07-06,21.761499404907227,21.98649978637696,21.676000595092773,21.802000045776367,38064000.0,17.468832238845312,33.00212698724055,27.874421594129036,32.32688211203557,31.839453116608368,2.59,2.0,-1.78,28.82
AMZN,2015-07-07,21.78400039672852,21.886499404907227,21.278499603271484,21.836000442504883,69084000.0,17.229523667629206,32.98929967670012,27.866442255712748,32.29440751637076,31.813708715189172,2.65,1.0,-1.78,28.9
AMZN,2015-07-08,21.717500686645508,21.79949951171875,21.441499710083008,21.48500061035156,47662000.0,17.845036428883354,33.199734656987836,28.0006135054012,32.3663415754875,31.711750445917097,2.7,8.0,-1.78,28.5
AMZN,2015-07-09,21.7450008392334,21.93600082397461,21.707500457763672,21.71949958801269,45428000.0,17.66558882212027,33.23310401513558,27.98731436723508,32.37447566251764,31.67696877290186,2.76,8.0,-1.77,28.58
AMZN,2015-07-10,22.02449989318848,22.23600006103516,21.950000762939453,22.175500869750977,48020000.0,18.281791223395413,33.4264918588306,28.00304158305992,32.288098940686424,31.72938599234323,2.81,10.0,-1.75,28.15
AMZN,2015-07-13,22.41449928283692,22.89349937438965,22.37700080871582,22.778499603271484,79136000.0,19.68584531867535,33.78886690266894,28.26150680153275,32.4027106607904,31.385756749184353,2.85,13.0,-1.7,26.78
AMZN,2015-07-14,23.11599922180176,23.479999542236328,22.90800094604492,23.278499603271484,94724000.0,20.49651458461559,33.408613753859164,28.360481487083362,32.48532277708785,31.354490719691313,2.89,14.0,-1.59,26.32
AMZN,2015-07-15,23.152000427246094,23.23500061035156,23.01000022888184,23.059499740600582,59748000.0,20.782415183393162,32.797622041193996,28.371466121226796,30.732666583977014,31.37017034099765,2.93,15.0,-1.53,26.47
AMZN,2015-07-16,23.27499961853028,23.79400062561035,23.239999771118164,23.77400016784668,81912000.0,22.14803231780831,33.28473422092259,28.676729855334443,30.897019376880824,31.50690159393536,2.96,16.0,-1.37,24.96
AMZN,2015-07-17,23.88500022888184,24.270999908447266,23.862499237060547,24.15049934387207,98644000.0,21.898589851282274,33.350765339727154,28.737760383078747,30.87365256940843,31.521382042581394,2.99,17.0,-1.16,24.56
AMZN,2015-07-20,24.62849998474121,24.65999984741211,24.270000457763672,24.405000686645508,95050000.0,21.63804425664207,33.37416405512099,28.66224127837114,30.87349495240193,31.493037635821953,3.02,16.0,-0.95,24.9
AMZN,2015-07-21,24.395000457763672,24.444000244140625,24.127500534057617,24.39999961853028,63636000.0,21.35824896899604,19.935825759764192,28.658603296700857,30.83128490700461,31.49281644479332,3.04,16.0,-0.82,24.91
AMZN,2015-07-22,24.29949951171875,24.625,24.2450008392334,24.41349983215332,62298000.0,21.39247978664142,19.64464684925527,28.565746100020984,30.754250176147714,31.492372035915295,3.07,16.0,-0.73,25.16
AMZN,2015-07-23,24.58300018310547,24.58300018310547,23.78499984741211,24.108999252319336,187488000.0,21.820276102933548,19.28305487844447,28.6007818705857,30.805855053593884,31.510397746095503,3.09,17.0,-0.72,25.25
AMZN,2015-07-24,28.949499130249023,29.028499603271484,26.467500686645508,26.47100067138672,438188000.0,33.95038232802505,26.8946008473328,32.04503044895492,32.596342820055376,32.833980153038425,3.09,46.0,0.02,18.5
AMZN,2015-07-27,26.387500762939453,27.247499465942383,26.32999992370605,26.570499420166016,149820000.0,33.71294190741471,26.524801650386472,32.01864544607132,32.47008585550704,31.16329935082441,3.09,46.0,0.45,18.51
AMZN,2015-07-28,26.799999237060547,26.819499969482425,26.1560001373291,26.30150032043457,105462000.0,33.487014320220545,26.67927120717731,32.04883944063218,32.50720939329551,31.159237593281365,3.08,48.0,0.55,18.59
AMZN,2015-07-29,26.54599952697754,26.648500442504883,26.2509994506836,26.450000762939453,75052000.0,33.48798038718919,26.673698681104803,31.834252469673036,32.49591928756902,31.159669300555432,3.08,46.0,0.61,18.98
AMZN,2015-07-30,26.38249969482422,26.959999084472656,26.214500427246094,26.83799934387207,74862000.0,33.508070558202455,26.710280361210287,31.86198308973067,32.48040496480488,31.17962625973223,3.08,47.0,0.68,18.77
AMZN,2015-07-31,26.95450019836425,27.14200019836425,26.72599983215332,26.8075008392334,60512000.0,33.09483556516253,26.66649923733918,31.560753767441806,32.40351359736324,31.015566770775095,3.07,46.0,0.68,19.4
AMZN,2015-08-03,26.872499465942383,27.02199935913086,26.468000411987305,26.75149917602539,60284000.0,32.81756458139488,26.52778679793076,31.5136027298074,32.404541378602,30.945009857568312,3.07,46.0,0.63,19.49
AMZN,2015-08-04,26.48450088500977,26.84749984741211,26.45800018310547,26.59499931335449,58692000.0,33.01067985016252,26.47894554004183,31.42493431238676,32.38534476299007,30.89631208191471,3.07,46.0,0.53,19.94
AMZN,2015-08-05,26.940000534057617,26.957000732421875,26.70599937438965,26.850500106811523,57788000.0,32.70245360208573,26.484757167463147,31.366047941076268,32.16645249667808,30.898702105089594,3.06,45.0,0.45,19.97
AMZN,2015-08-06,26.96500015258789,27.136999130249023,26.3759994506836,26.472999572753903,76410000.0,32.83090655545059,26.687349126164676,31.487804874953117,32.16271027120195,30.940322156597848,3.06,48.0,0.33,19.78
AMZN,2015-08-07,26.45800018310547,26.472999572753903,25.910499572753903,26.131000518798828,79384000.0,33.22588389279476,26.76574097730669,31.575614783880194,32.214466902633376,30.961349114480303,3.05,51.0,0.2,19.6
AMZN,2015-08-10,26.426000595092773,26.61400032043457,26.14999961853028,26.200000762939453,52318000.0,33.0976023660669,26.69692322504207,31.564726609057146,32.213302104555034,30.9248768844279,3.05,51.0,0.09,19.68
AMZN,2015-08-11,26.1825008392334,26.448999404907227,26.100000381469727,26.37299919128418,53532000.0,32.240840502692734,26.44420679260539,31.539816693888035,32.19675578000975,30.926994539497993,3.04,50.0,-0.02,19.66
AMZN,2015-08-12,26.1875,26.375,25.652999877929688,26.295499801635746,79246000.0,32.34992742218711,26.455261163839427,31.51061595010023,32.200356156875934,30.93074593562195,3.04,48.0,-0.12,19.87
AMZN,2015-08-13,26.36849975585937,26.732999801635746,26.27449989318848,26.482999801635746,57904000.0,32.34873143342652,26.34821654031975,31.454696872192795,32.19576521808875,30.87258541854203,3.04,46.0,-0.22,19.91
AMZN,2015-08-14,26.412500381469727,26.70549964904785,26.412500381469727,26.576000213623047,39896000.0,32.316611048110886,26.346910466731764,31.439118291730985,32.19185011108764,30.813453990486156,3.04,45.0,-0.31,19.91
AMZN,2015-08-17,26.56450080871582,26.937000274658203,26.356000900268555,26.76099967956543,51634000.0,32.168868462711146,26.184908054873794,31.385399786843358,32.18527952369279,30.817586314861252,3.04,43.0,-0.39,19.95
AMZN,2015-08-18,26.75200080871582,26.97450065612793,26.64999961853028,26.7509994506836,41426000.0,32.201246303059726,26.06068403585044,31.318282290504428,32.15299827217235,30.818295272648605,3.04,41.0,-0.47,20.07
AMZN,2015-08-19,26.687000274658203,26.862499237060547,26.450000762939453,26.645999908447266,46480000.0,31.631883297914815,26.045400857844296,31.331760791841745,31.798268965050447,30.823745132693197,3.04,41.0,-0.54,20.13
AMZN,2015-08-20,26.519500732421875,26.662500381469727,25.78849983215332,25.78899955749512,88160000.0,33.64549712407646,27.00295874302711,31.83505349540021,32.072736204766386,31.016564702344596,3.04,54.0,-0.62,19.12
AMZN,2015-08-21,25.36800003051757,25.616500854492188,24.723499298095703,24.723499298095703,134130000.0,36.060683978890914,28.40627275395478,32.605503940685146,32.271222067465025,31.30920206077225,3.04,58.0,-0.66,17.57
AMZN,2015-08-24,23.179000854492188,23.82900047302246,22.549999237060547,23.168500900268555,201952000.0,40.471585559392906,31.573191427223957,34.31730100750364,33.24302187875725,32.003887856503525,3.04,58.0,-0.65,15.03
AMZN,2015-08-25,24.374500274658203,24.472000122070312,23.3125,23.318500518798828,113586000.0,40.017825868146474,31.586486969400955,34.32026735457456,33.193838454419065,32.00241072331032,3.04,58.0,-0.65,15.02
AMZN,2015-08-26,24.201000213623047,25.18600082397461,23.9379997253418,25.03849983215332,127172000.0,44.879282033733226,34.67639022344803,35.987152443384005,34.08169524106726,32.68441577898897,3.05,88.0,-0.7,12.52
AMZN,2015-08-27,25.68549919128418,26.13450050354004,25.363000869750977,25.918500900268555,122290000.0,45.11043341212401,35.23267804456759,36.300944225135055,34.23591672373551,32.85005370898901,3.07,90.0,-0.78,11.85
AMZN,2015-08-28,25.875,26.075000762939453,25.652000427246094,25.90049934387207,54934000.0,44.95518890052278,35.07814660179927,36.229155912001104,34.115789211840244,32.832721755857605,3.09,88.0,-0.84,12.05
AMZN,2015-08-31,25.82200050354004,25.97050094604492,25.453500747680664,25.644500732421875,60046000.0,45.022884330295234,35.093397666448794,36.284301846369225,34.148794024342,32.85009858825727,3.1,88.0,-0.9,12.03
AMZN,2015-09-01,24.957000732421875,25.5,24.671499252319336,24.82699966430664,77290000.0,46.09229431323366,35.769900527186046,36.706257175338195,34.40086198471134,33.01549386169299,3.12,96.0,-0.94,11.52
AMZN,2015-09-02,25.254499435424805,25.542999267578125,24.88599967956543,25.52750015258789,74142000.0,46.76380772076386,36.138566104607975,36.91940637206835,34.51972216566793,33.10034320752821,3.13,98.0,-1.0,11.09
AMZN,2015-09-03,25.725000381469727,25.79199981689453,25.12849998474121,25.23600006103516,62994000.0,46.737005334228094,36.20622410329496,36.983096997652076,34.241945926939145,33.07293013886676,3.15,99.0,-1.04,11.07
AMZN,2015-09-04,24.88249969482422,25.14249992370605,24.78199958801269,24.950000762939453,53850000.0,37.8476158821084,36.3160730386102,37.03434965447927,34.263704848838074,33.09805909654194,3.16,99.0,-1.09,11.02
AMZN,2015-09-08,25.434499740600582,25.917499542236328,25.425500869750977,25.87700080871582,76214000.0,39.433256829392086,36.92444548951423,37.41725743125769,34.4842986315102,33.25606713814527,3.18,100.0,-1.15,10.39
AMZN,2015-09-09,26.200000762939453,26.497499465942383,25.75300025939941,25.84449958801269,87414000.0,39.33519510646023,36.751317448119885,37.10409679828744,34.484456460499004,33.02486008216884,3.19,98.0,-1.25,10.71
AMZN,2015-09-10,25.75749969482422,26.30649948120117,25.73900032043457,26.11199951171875,51520000.0,39.422425210643816,36.7643608956495,36.73739577250414,34.42232383381605,33.03449267384022,3.21,92.0,-1.32,11.33
AMZN,2015-09-11,26.05349922180176,26.472000122070312,26.030500411987305,26.472000122070312,64558000.0,39.39447407201893,36.822552024882036,36.77655197973562,34.44271913878677,33.05305338615564,3.22,93.0,-1.39,11.23
AMZN,2015-09-14,26.472000122070312,26.622499465942383,25.929000854492188,26.069000244140625,62604000.0,39.63014011756382,36.70130272844672,36.87778349266257,34.473143112808444,33.09782233190168,3.23,93.0,-1.46,11.13
AMZN,2015-09-15,26.162500381469727,26.395999908447266,25.86000061035156,26.11849975585937,57318000.0,39.63685193351898,36.60076632080088,36.87610664720236,34.415451394874744,33.00934279840382,3.24,92.0,-1.54,11.12
AMZN,2015-09-16,26.099000930786133,26.415000915527344,25.926000595092773,26.36949920654297,45056000.0,39.717606159525396,36.62508510655639,30.52664372234659,34.41562799550159,33.003129598984714,3.23,22.0,-1.59,6.5
AMZN,2015-09-17,26.349000930786133,27.348499298095703,26.328500747680664,26.943500518798828,83390000.0,40.124994614707745,36.61520688963129,30.571688916559197,34.4708450685543,33.033749090718274,3.22,23.0,-1.62,6.37
AMZN,2015-09-18,26.731000900268555,27.312000274658203,26.5674991607666,27.01300048828125,123202000.0,39.90017997112037,36.486020511507455,30.341044439513464,34.46916393418288,33.03362448236647,3.21,22.0,-1.64,6.58
AMZN,2015-09-21,27.21649932861328,27.48900032043457,26.97949981689453,27.41950035095215,65666000.0,39.88970499921294,36.546273229331035,30.40509580209828,34.48085797631927,33.0137911915593,3.21,23.0,-1.65,6.47
AMZN,2015-09-22,26.98550033569336,27.177499771118164,26.632999420166016,26.920000076293945,76834000.0,40.305551001345684,36.78826356756619,30.41455501897993,34.45905285091029,32.99793182864414,3.2,24.0,-1.67,6.46
AMZN,2015-09-23,26.915000915527344,27.06049919128418,26.700000762939453,26.80349922180176,44752000.0,40.296124321014,36.52845387530585,30.433566588467524,34.3286714939876,33.00070522887433,3.19,25.0,-1.7,6.45
AMZN,2015-09-24,26.52750015258789,26.72800064086914,26.14349937438965,26.6875,70020000.0,40.30861942839863,36.54224253771505,30.450669118243702,34.329697222123016,32.984523052069754,3.18,26.0,-1.71,6.44
AMZN,2015-09-25,27.12849998474121,27.13999938964844,26.06999969482422,26.21249961853028,80620000.0,40.60483905934643,36.79279929486127,30.602674898935167,34.41831198835739,32.976002724064394,3.17,29.0,-1.73,6.3
AMZN,2015-09-28,26.0009994506836,26.013999938964844,24.71649932861328,25.202999114990234,108690000.0,42.11732546106337,37.79872865916879,31.28382060875163,34.73758500091163,33.2317585068611,3.15,30.0,-1.73,5.78
AMZN,2015-09-29,25.299999237060547,25.573999404907227,24.52499961853028,24.80349922180176,89150000.0,42.229251649764265,37.96526996163882,31.296862698463784,34.714627036574335,33.27362697872681,3.14,31.0,-1.73,5.83
AMZN,2015-09-30,25.27199935913086,25.63999938964844,25.083499908447266,25.59449958801269,80094000.0,43.35885460631296,38.434858721016205,31.574529089724635,34.863500711869605,33.4056986350321,3.12,45.0,-1.73,5.54
AMZN,2015-10-01,25.549999237060547,26.040000915527344,25.299999237060547,26.035999298095703,75370000.0,43.682577318689766,38.343115209490286,31.663881535831727,34.88958141820343,33.3946006056917,3.1,47.0,-1.73,5.41
AMZN,2015-10-02,25.64949989318848,26.6299991607666,25.405000686645508,26.62700080871582,91956000.0,43.10071334882613,38.51511173655288,31.816298212469402,34.83631072721287,33.45721917884009,3.09,48.0,-1.73,5.22
AMZN,2015-10-05,26.84950065612793,27.295499801635746,26.799999237060547,27.18400001525879,67828000.0,41.43792673374406,38.5136716727244,31.895114028226963,34.87751250582955,33.48969989906824,3.07,52.0,-1.72,5.09
AMZN,2015-10-06,27.27499961853028,27.575000762939453,26.66650009155273,26.874000549316406,90056000.0,36.38890607091343,38.317584613214116,31.928437451311396,34.90974699386152,33.515007529591976,3.06,53.0,-1.72,5.1
AMZN,2015-10-07,27.089500427246094,27.100000381469727,26.450000762939453,27.097000122070312,76242000.0,36.39920581484767,38.13206592864196,31.828280301124533,34.805501082746716,33.46992256897232,3.04,49.0,-1.7,5.16
AMZN,2015-10-08,26.83550071716309,26.96949958801269,25.99449920654297,26.65800094604492,93528000.0,31.014786644260322,38.25033036298387,31.960572773611666,34.56027634190208,33.48310934781441,3.02,55.0,-1.69,5.05
AMZN,2015-10-09,26.724000930786133,27.089500427246094,26.513500213623047,26.989999771118164,70748000.0,29.633943327254492,37.85987661174659,31.954887886719035,34.57541820729908,33.40497228400546,3.0,55.0,-1.68,5.03
AMZN,2015-10-12,26.99799919128418,27.541000366210938,26.989999771118164,27.50950050354004,55522000.0,30.06568175766185,37.91749622014433,32.06090893993143,34.59839938818883,33.41438925992567,2.98,60.0,-1.65,4.9
AMZN,2015-10-13,27.3129997253418,27.65999984741211,27.155000686645508,27.44499969482422,58760000.0,29.8836930284008,37.88851799725108,31.972794743919707,34.57209801655822,33.367394266586516,2.96,57.0,-1.63,5.02
AMZN,2015-10-14,27.566999435424805,27.612499237060547,26.983999252319336,27.241500854492188,71642000.0,28.19625903502346,37.93515750143444,31.95674584689016,34.563308123150186,33.37949835899824,2.94,56.0,-1.6,5.03
AMZN,2015-10-15,27.387500762939453,28.14999961853028,27.350000381469727,28.121999740600582,98740000.0,28.521850266685593,38.427673037717206,32.271436307499584,34.62792297334885,33.49502720030285,2.92,63.0,-1.55,4.71
AMZN,2015-10-16,28.263500213623047,28.54700088500977,28.015499114990234,28.538000106811523,86316000.0,28.356902690948743,38.3817156605484,32.278657179757936,31.291750856873286,33.49330073098611,2.9,64.0,-1.49,4.7
AMZN,2015-10-19,28.538000106811523,28.950000762939453,28.36899948120117,28.65749931335449,87508000.0,27.973990938715133,33.4148218544739,32.19992790145213,31.150612828364967,33.493713672431596,2.88,63.0,-1.43,4.75
AMZN,2015-10-20,28.600000381469727,28.64999961853028,27.763999938964844,28.04400062561035,86924000.0,27.28470747544427,33.73961553399836,32.43090508396193,31.276006758491135,33.57534087607904,2.86,66.0,-1.39,4.6
AMZN,2015-10-21,28.193500518798828,28.262500762939453,27.6259994506836,27.78849983215332,66872000.0,27.478992266492085,33.72592004004446,32.48447145185304,31.305704951541884,33.48573591001903,2.84,67.0,-1.35,4.57
AMZN,2015-10-22,28.13500022888184,28.457500457763672,27.833499908447266,28.195499420166016,155588000.0,27.611911749963824,33.8283832808843,32.537773971255845,31.22602259786589,33.49380913430595,2.82,68.0,-1.3,4.5
AMZN,2015-10-23,30.88400077819824,30.97249984741211,29.76799964904785,29.951499938964844,213854000.0,32.19027761660569,35.85443378405676,33.76837740992947,31.974136649081785,33.99313327014885,2.81,70.0,-1.15,3.94
AMZN,2015-10-26,30.114999771118164,30.49250030517578,29.81450080871582,30.43050003051757,85394000.0,31.819684461829677,35.96351192992761,33.7225747490318,31.97702725813952,32.805099064700514,2.79,70.0,-0.97,3.93
AMZN,2015-10-27,30.43000030517578,30.73550033569336,30.276500701904297,30.550500869750977,75742000.0,31.80702002954478,35.95463001281859,33.66408269153155,31.974135107640915,32.79749149579298,2.78,70.0,-0.83,3.96
AMZN,2015-10-28,30.614999771118164,30.86149978637696,30.475000381469727,30.854999542236328,78524000.0,31.8113766576581,35.94863805739264,33.62626165827094,31.9834946136513,32.76447874454267,2.76,70.0,-0.68,3.96
AMZN,2015-10-29,30.88500022888184,31.37700080871582,30.769500732421875,31.32749938964844,77920000.0,31.581458096272037,36.01458043820694,33.67497162897551,32.01585368010703,32.77774250066791,2.75,72.0,-0.51,3.91
AMZN,2015-10-30,31.300500869750977,31.535999298095703,31.263999938964844,31.295000076293945,77488000.0,31.623154450886766,35.85428468211222,33.65617445596969,31.999229269424205,32.7513412832197,2.73,71.0,-0.4,3.94
AMZN,2015-11-02,31.35650062561035,31.43149948120117,31.02050018310547,31.417499542236328,56330000.0,31.480367419443628,35.703332708498756,33.65548273242985,31.913952756318476,32.70043772597633,2.72,71.0,-0.31,3.95
AMZN,2015-11-03,31.47649955749512,31.49449920654297,31.100000381469727,31.265499114990234,64938000.0,30.86231859824609,35.74016725278625,33.63920434203453,31.911639593344738,32.708926006116684,2.71,71.0,-0.27,3.96
AMZN,2015-11-04,31.38800048828125,32.29650115966797,31.36750030517578,32.04750061035156,96810000.0,31.245175520304798,36.010854038354545,33.67154223585294,31.98434294098677,32.75792974443374,2.7,75.0,-0.18,3.88
AMZN,2015-11-05,32.35499954223633,32.849998474121094,32.15449905395508,32.782501220703125,94476000.0,31.452050151257495,36.20494939963507,33.79343778860729,32.051001913374535,32.728208105660684,2.69,79.0,-0.03,3.77
AMZN,2015-11-06,32.75,33.112998962402344,32.599998474121094,32.96849822998047,81844000.0,30.565158429235932,36.200306604942966,33.79069755704035,32.01963708185083,32.72800155990654,2.68,79.0,0.08,3.76
AMZN,2015-11-09,32.932498931884766,33.097999572753906,32.39250183105469,32.77450180053711,80976000.0,27.489413852735247,36.253217379097556,33.63705531695046,32.02606239131066,32.731531712582786,2.68,71.0,0.11,3.92
AMZN,2015-11-10,32.550498962402344,33.0,32.362998962402344,32.98400115966797,69790000.0,26.48682751561362,36.251109599856214,33.56149085103062,31.9808004010673,32.70192614120093,2.67,70.0,0.13,3.96
AMZN,2015-11-11,33.162498474121094,33.79800033569336,33.162498474121094,33.662498474121094,107746000.0,25.880593567507283,36.40559037212056,33.659301275334066,32.042217276603814,32.69067743437526,2.66,76.0,0.18,3.86
AMZN,2015-11-12,33.650001525878906,33.78200149536133,33.21099853515625,33.279998779296875,85694000.0,26.432293820833742,36.506118428062514,33.631245138778425,32.03761352274379,32.71947288395653,2.65,72.0,0.16,3.92
AMZN,2015-11-13,33.17850112915039,33.349998474121094,32.022499084472656,32.11750030517578,125222000.0,28.939224181156302,36.63259962361374,34.125365222348634,32.3338876248461,32.92027113048684,2.63,84.0,0.09,3.67
AMZN,2015-11-16,32.04600143432617,32.4995002746582,31.114500045776367,32.390499114990234,148718000.0,28.62372827253214,35.37388858194793,34.122162711812734,32.33390436234482,32.76431371389392,2.61,83.0,0.02,3.66
AMZN,2015-11-17,32.532501220703125,32.662498474121094,32.04999923706055,32.165000915527344,86404000.0,28.41687890915426,32.38009492217546,34.13961527326978,32.34183863266041,32.7324694712395,2.58,84.0,-0.05,3.65
AMZN,2015-11-18,32.32550048828125,33.24399948120117,32.31850051879883,33.176998138427734,89396000.0,29.32286538957372,32.799323804085326,34.21046085355647,32.48944776548566,32.852763059356114,2.56,84.0,-0.1,3.55
AMZN,2015-11-19,33.2495002746582,33.643001556396484,32.95000076293945,33.063499450683594,94104000.0,28.671400082380288,29.890735497487107,34.221204567337644,32.38179820270479,32.85802838257667,2.53,84.0,-0.17,3.56
AMZN,2015-11-20,33.39699935913086,33.44350051879883,32.878501892089844,33.42250061035156,77922000.0,28.65017853273259,29.265529456013752,34.233107432478086,32.38350930066688,32.85437489398731,2.5,84.0,-0.22,3.54
AMZN,2015-11-23,33.57500076293945,34.13850021362305,33.50600051879883,33.949501037597656,87702000.0,28.54327236925635,29.339385253896456,34.27601939532096,32.252553634137804,32.87766341004037,2.47,84.0,-0.26,3.5
AMZN,2015-11-24,33.707000732421875,33.790000915527344,33.06050109863281,33.557498931884766,90868000.0,28.931002678825802,29.37672249632191,34.34578408381867,32.27062363723317,32.903431366365254,2.43,86.0,-0.33,3.45
AMZN,2015-11-25,33.75,33.98500061035156,33.5620002746582,33.766998291015625,53958000.0,28.619846965623623,28.35431159593698,34.34424552959788,32.20224654379052,32.90209030043385,2.39,85.0,-0.41,3.45
AMZN,2015-11-27,34.040000915527344,34.04949951171875,33.60499954223633,33.66299819946289,39336000.0,27.782622989352713,28.002853225210906,34.20715559670298,32.173476652047725,32.89947665660045,2.35,78.0,-0.5,3.53
AMZN,2015-11-30,33.79499816894531,34.06449890136719,33.22999954223633,33.2400016784668,113864000.0,28.166328243506733,28.03233726944601,34.29915355977055,32.224958251401844,32.91226911059442,2.31,82.0,-0.61,3.49
AMZN,2015-12-01,33.6875,34.04999923706055,33.393001556396484,33.952999114990234,95024000.0,28.549321465639004,28.034798528176164,34.304688723687434,32.28422003261069,32.709113910399545,2.27,82.0,-0.7,3.49
AMZN,2015-12-02,34.04999923706055,34.24100112915039,33.712501525878906,33.800498962402344,85470000.0,27.539865023789815,27.326803727741012,34.14015498312112,32.29136473816535,32.71693941195697,2.23,75.0,-0.78,3.64
AMZN,2015-12-03,33.97200012207031,34.13949966430664,33.07400131225586,33.3125,101294000.0,27.844015216018388,27.579833618196435,34.14502571924024,32.34519547117779,32.591856939416495,2.19,75.0,-0.86,3.68
AMZN,2015-12-04,33.29999923706055,33.73899841308594,33.06999969482422,33.63199996948242,90696000.0,27.74904287994085,27.573199359485358,34.0935412959951,32.3287333404336,32.59811514365736,2.15,70.0,-0.94,3.7
AMZN,2015-12-07,33.73699951171875,33.77299880981445,33.025001525878906,33.49150085449219,74656000.0,22.544148909141434,27.554246613626233,33.84485642885643,32.308339658408045,32.56328976616031,2.11,69.0,-1.02,3.91
AMZN,2015-12-08,33.15650177001953,33.9995002746582,32.989498138427734,33.86650085449219,73038000.0,22.36369331199066,27.29680505335917,33.81034197712488,32.314052825306014,32.495650148705494,2.06,68.0,-1.08,3.95
AMZN,2015-12-09,33.900001525878906,33.95000076293945,32.78400039672852,33.239498138427734,103164000.0,23.273874360150405,27.69918972502153,33.971103490389694,32.389310186948116,32.529904492393,2.02,69.0,-1.15,3.87
AMZN,2015-12-10,33.27949905395508,33.42649841308594,32.97800064086914,33.11600112915039,69110000.0,23.247727941197443,27.719395413834157,33.984372297319666,32.36295038214062,32.44364419661401,1.97,69.0,-1.21,3.86
AMZN,2015-12-11,32.561500549316406,32.89400100708008,31.981000900268555,32.00749969482422,109488000.0,25.18458506244885,28.528862780647056,34.48928477590681,32.65596611794409,32.654583405196284,1.92,86.0,-1.26,3.6
AMZN,2015-12-14,32.087501525878906,32.929500579833984,31.763500213623047,32.89550018310547,86594000.0,26.332002629213786,28.96692145366989,34.62158312879367,32.76997422651574,32.74450668767709,1.87,86.0,-1.31,3.46
AMZN,2015-12-15,33.25149917602539,33.57500076293945,32.86750030517578,32.93199920654297,95068000.0,26.323766989440077,28.867783224493333,31.444604668623345,32.75014896794566,32.73732975734125,1.88,17.0,-1.36,2.08
AMZN,2015-12-16,33.178001403808594,33.86750030517578,32.965999603271484,33.78850173950195,79290000.0,27.150660648865166,28.88245133403789,31.664265591410196,32.84353440396149,32.57172089879827,1.88,28.0,-1.41,1.96
AMZN,2015-12-17,34.0,34.125,33.532501220703125,33.532501220703125,73632000.0,26.469883025295264,28.929448269723608,31.640896229572895,32.86814042755587,32.57562462069593,1.88,27.0,-1.45,1.97
AMZN,2015-12-18,33.432498931884766,33.84199905395508,33.20650100708008,33.207000732421875,136826000.0,25.878664286391036,29.01517098894385,31.695480819447468,32.88447413649949,32.59380174578821,1.88,30.0,-1.49,1.94
AMZN,2015-12-21,33.42499923706055,33.494998931884766,32.94649887084961,33.22549819946289,65018000.0,25.831290556851688,28.67249732811863,31.635193994837067,32.86380311049486,32.592275396876644,1.89,27.0,-1.52,1.98
AMZN,2015-12-22,33.34149932861328,33.42449951171875,32.9630012512207,33.157501220703125,53356000.0,25.77551839477557,27.255483948354346,31.637924849169657,32.82234790880968,32.54195791406397,1.88,27.0,-1.55,1.98
AMZN,2015-12-23,33.32500076293945,33.33000183105469,32.83150100708008,33.185001373291016,54458000.0,25.713676378799416,26.929932264543677,31.63141236122682,32.82141039984925,32.540405575092,1.88,25.0,-1.58,1.98
AMZN,2015-12-24,33.16749954223633,33.23400115966797,33.029998779296875,33.13949966430664,21824000.0,24.994518587686958,26.382279713568963,31.61043436102839,32.81941259328691,32.51413618211364,1.88,24.0,-1.6,1.99
AMZN,2015-12-28,33.27799987792969,33.775001525878906,33.275001525878906,33.7599983215332,75672000.0,25.365281222160885,26.413928985134845,31.69581690877833,32.86734094301478,32.50793186887066,1.88,31.0,-1.62,1.94
AMZN,2015-12-29,33.89899826049805,34.821998596191406,33.894500732421875,34.69850158691406,114700000.0,24.128091149948933,26.578800036994878,31.83351090571767,32.98924283070764,32.59263152244639,1.88,33.0,-1.62,1.87
AMZN,2015-12-30,34.59450149536133,34.77450180053711,34.319000244140625,34.45349884033203,70380000.0,24.219108048459077,26.461221290146685,31.772988149903174,32.99982618944631,32.597007217512015,1.87,30.0,-1.62,1.91
AMZN,2015-12-31,34.30400085449219,34.38750076293945,33.79449844360352,33.79449844360352,74992000.0,24.873744687031348,26.7041319256064,31.965709472768182,33.104927115441406,32.67310894040496,1.87,39.0,-1.63,1.8
AMZN,2016-01-04,32.81449890136719,32.88600158691406,31.3754997253418,31.84950065612793,186290000.0,29.03249305608529,29.64888202849547,33.43012499279432,33.72597526554641,33.25137126466517,1.86,48.0,-1.62,1.75
AMZN,2016-01-05,32.34299850463867,32.34550094604492,31.38249969482422,31.68950080871582,116452000.0,29.04618764477091,29.42880204150648,33.43947366559779,33.50175966612197,33.17645524475425,1.86,48.0,-1.61,1.75
AMZN,2016-01-06,31.100000381469727,31.989500045776367,31.015499114990234,31.63249969482422,106584000.0,28.81441022554368,29.376801993326207,33.433839346822516,33.505460144973775,33.07685405005165,1.85,47.0,-1.6,1.75
AMZN,2016-01-07,31.09000015258789,31.5,30.26049995422364,30.39699935913086,141498000.0,30.336827646867697,30.432058797173855,34.078673451018474,33.87349805746332,33.344511600422585,1.84,67.0,-1.58,1.53
AMZN,2016-01-08,30.982999801635746,31.207000732421875,30.299999237060547,30.352500915527344,110258000.0,30.2487858669995,30.427628145312553,34.06966855270931,33.87589366748589,33.34484406891986,1.83,66.0,-1.56,1.53
AMZN,2016-01-11,30.624000549316406,30.99250030517578,29.92849922180176,30.886999130249023,97832000.0,30.728971215900707,30.536524942100122,34.16535391741415,30.21286635473431,33.34458131431658,1.82,73.0,-1.54,1.49
AMZN,2016-01-12,31.262500762939453,31.29949951171875,30.61199951171875,30.894500732421875,94482000.0,30.743037768888815,29.903117105401595,34.15507516975436,30.148704373019914,33.274650974804324,1.81,72.0,-1.52,1.5
AMZN,2016-01-13,31.04400062561035,31.04400062561035,28.95800018310547,29.090499877929688,153104000.0,34.86601031777343,32.33629088125797,35.11963485160975,30.91076444708653,33.8575008134172,1.81,86.0,-1.49,1.57
AMZN,2016-01-14,29.012500762939453,30.112499237060547,28.49399948120117,29.64999961853028,144760000.0,34.732448022450875,32.55499126697477,34.53402331299337,30.978334686858776,33.88800310782767,1.81,84.0,-1.46,1.75
AMZN,2016-01-15,28.61199951171875,29.231000900268555,28.26499938964844,28.50900077819824,155690000.0,36.16116244745684,33.26006824435437,33.49380884968956,31.271459826428043,34.05965083314044,1.81,43.0,-1.5,1.5
AMZN,2016-01-19,28.85449981689453,29.200000762939453,28.32250022888184,28.724000930786133,96144000.0,36.25605645051348,33.233677949543136,33.49775808368215,31.278916484247116,34.04707857801256,1.81,44.0,-1.56,1.5
AMZN,2016-01-20,28.218000411987305,28.92250061035156,27.358999252319336,28.588499069213867,159328000.0,35.99558916390133,33.12169174269747,31.62807930276788,31.28780843751683,34.047611190727054,1.8,14.0,-1.54,1.11
AMZN,2016-01-21,28.679000854492188,29.44050025939941,28.410999298095703,28.7509994506836,99044000.0,36.1378626027895,30.68315840240351,31.185223796977517,31.28301884886373,33.96416215145735,1.79,9.0,-1.52,1.24
AMZN,2016-01-22,29.436500549316406,30.0049991607666,29.20549964904785,29.819000244140625,102402000.0,37.83269861635767,31.439175440549487,31.686809392226174,31.541311390388945,33.892083974091456,1.77,22.0,-1.49,1.11
AMZN,2016-01-25,29.89949989318848,30.424999237060547,29.72800064086914,29.826499938964844,87922000.0,37.601836208685704,31.426847168166542,31.63521969091144,31.481227422696623,33.890434793703804,1.75,18.0,-1.46,1.14
AMZN,2016-01-26,30.17250061035156,30.225000381469727,29.518999099731445,30.0625,75314000.0,37.74896627230685,31.40105227626241,31.179170346027785,31.445613226013897,33.87538869079735,1.73,9.0,-1.45,1.33
AMZN,2016-01-27,30.09950065612793,30.16950035095215,28.93899917602539,29.167499542236328,103058000.0,37.49312633085352,31.812347638690632,31.312652684371074,31.67043341662244,34.013224703100825,1.7,13.0,-1.42,1.24
AMZN,2016-01-28,30.418500900268555,31.902999877929688,29.877500534057617,31.76749992370605,280304000.0,44.67350900621063,36.42629286233163,33.966998171764814,33.175283890816644,34.98609433455683,1.65,68.0,-1.4,2.46
AMZN,2016-01-29,28.599000930786133,29.64999961853028,28.5,29.350000381469727,293552000.0,50.05130154305202,39.88320633570216,36.28624336634914,34.515501187055605,35.86195118927578,1.64,94.0,-1.4,2.8
AMZN,2016-02-01,28.90749931335449,29.09000015258789,28.515499114990234,28.74049949645996,127102000.0,49.48414768690175,40.08398640073555,36.02688202025927,34.59583356670481,33.63597983287996,1.61,94.0,-1.38,2.89
AMZN,2016-02-02,28.5,28.577999114990234,27.504499435424805,27.604999542236328,126240000.0,50.50840649684377,40.48777115567703,36.61906850686804,34.897359656608785,33.80014260466,1.59,96.0,-1.38,2.61
AMZN,2016-02-03,27.674999237060547,27.799999237060547,26.09499931335449,26.55349922180176,200974000.0,51.36795928201463,40.816094880462586,37.117128411521534,35.219436786262634,34.03933572410692,1.6,100.0,-1.38,2.38
AMZN,2016-02-04,26.25,26.949499130249023,25.961000442504883,26.8129997253418,123982000.0,51.56056403933401,40.863612487366105,37.08566018739566,35.21517649543629,34.048804962206205,1.61,99.0,-1.38,2.39
AMZN,2016-02-05,26.464000701904297,26.47249984741211,24.95949935913086,25.10650062561035,194178000.0,54.24942275788545,42.81222361903944,38.45923062557622,36.09563137756629,34.62716558939686,1.66,100.0,-1.35,2.19
AMZN,2016-02-08,24.32349967956543,24.674999237060547,23.76049995422364,24.405000686645508,196510000.0,54.43586055579064,43.02818572323663,38.71241646071517,36.20246626541856,34.75267654475159,1.71,100.0,-1.29,2.06
AMZN,2016-02-09,23.90049934387207,24.91900062561035,23.700000762939453,24.103500366210938,141558000.0,54.37357115349229,42.72571843664604,38.721741974006065,36.21647388692522,34.76132420808914,1.78,100.0,-1.21,2.04
AMZN,2016-02-10,24.58799934387207,25.232999801635746,24.299999237060547,24.52400016784668,135724000.0,54.316242095910596,42.962279602441875,38.665037874569975,36.263271730477015,34.79498237374668,1.84,98.0,-1.17,2.07
AMZN,2016-02-11,24.558500289916992,25.46500015258789,24.200000762939453,25.19099998474121,147948000.0,54.28084174639894,42.975179489441146,38.91218393157775,36.36132871186872,34.887152748948544,1.9,100.0,-1.17,1.97
AMZN,2016-02-12,25.53499984741211,25.83749961853028,25.074499130249023,25.35400009155273,107696000.0,54.49990408247447,42.95210557983819,38.84865829345486,36.33836715202632,34.88859240218613,1.96,99.0,-1.18,1.99
AMZN,2016-02-16,25.974000930786133,26.22249984741211,25.58300018310547,26.05500030517578,102370000.0,55.488225139549364,43.424418253683875,38.997923295566395,36.46642969588999,34.96863398123333,2.01,100.0,-1.19,1.95
AMZN,2016-02-17,26.437000274658203,26.874000549316406,25.96949958801269,26.70499992370605,96480000.0,54.151828783721434,43.22843202218948,39.1928932900797,36.571427015411764,34.9990655681695,2.06,100.0,-1.19,1.88
AMZN,2016-02-18,27.059499740600582,27.059999465942383,26.186500549316406,26.25,94700000.0,54.249908990009644,43.31770965944316,39.281740706565316,36.635848656391886,35.0416654193811,2.11,100.0,-1.19,1.83
AMZN,2016-02-19,26.035499572753903,26.79750061035156,25.76749992370605,26.7450008392334,99494000.0,54.71953690069255,43.46141434226819,39.2898938553302,36.668401888824405,35.05812257120786,2.16,100.0,-1.19,1.85
AMZN,2016-02-22,27.11000061035156,28.03249931335449,27.054000854492188,27.975000381469727,111332000.0,55.620150017374314,44.42391301586116,39.411018076652645,36.99171475311378,35.31187970840648,2.22,100.0,-1.17,1.87
AMZN,2016-02-23,27.77750015258789,27.84550094604492,27.26650047302246,27.64699935913086,81016000.0,55.6796588673454,44.42538209713749,39.37059404252883,37.00457931059929,35.3206688502263,2.27,99.0,-1.17,1.89
AMZN,2016-02-24,27.287500381469727,27.713499069213867,26.65749931335449,27.70199966430664,124634000.0,55.36269749221575,44.395356052860876,39.06997959295397,36.98717635810248,35.31626971933708,2.32,95.0,-1.16,2.0
AMZN,2016-02-25,27.775999069213867,27.96949958801269,27.26449966430664,27.75749969482422,90510000.0,55.375726075292974,44.4086425441527,38.98294539078364,36.985303491235285,35.27866054252849,2.36,93.0,-1.14,2.04
AMZN,2016-02-26,28.006000518798828,28.125,27.65850067138672,27.761499404907227,97540000.0,52.71413332351731,44.36997373172804,38.8258515827171,36.962954818091056,35.277680660831216,2.39,90.0,-1.13,2.1
AMZN,2016-02-29,27.700000762939453,28.24049949645996,27.6254997253418,27.6259994506836,82908000.0,52.35625085854563,44.082836950253515,38.69784340583073,36.96782951114707,35.25711174114115,2.42,87.0,-1.12,2.15
AMZN,2016-03-01,27.81450080871582,28.96249961853028,27.799999237060547,28.95199966430664,100770000.0,53.02964468675464,45.271567450620566,39.35448926101503,37.3439988681691,35.52531861202777,2.46,98.0,-1.08,1.97
AMZN,2016-03-02,29.08749961853028,29.25,28.684999465942383,29.01049995422364,91644000.0,52.99052283839891,45.21184736577616,39.336600533848845,37.29362697275723,35.52266860912172,2.5,97.0,-1.05,1.97
AMZN,2016-03-03,28.89800071716309,28.99349975585937,28.655500411987305,28.874500274658203,54826000.0,52.99027822934102,45.146583465831476,39.25175863602163,37.29283798770586,35.522254788431965,2.54,94.0,-1.01,2.02
AMZN,2016-03-04,29.05349922180176,29.06999969482422,28.55349922180176,28.756999969482425,68330000.0,52.980275984061855,45.14641994362682,39.21510545257179,37.29902289424014,35.507573407351735,2.57,93.0,-0.98,2.03
AMZN,2016-03-07,28.677000045776367,28.68149948120117,27.77750015258789,28.13999938964844,98538000.0,52.177206920498875,45.222858120966485,39.261172926952256,37.28075318784861,35.51729985419797,2.6,94.0,-0.96,1.99
AMZN,2016-03-08,27.89349937438965,28.5674991607666,27.73699951171875,28.01300048828125,94600000.0,52.17819735497796,45.10717778121623,39.266323268359635,37.261874839198036,35.518107797869895,2.63,94.0,-0.95,1.99
AMZN,2016-03-09,27.97800064086914,28.01749992370605,27.506500244140625,27.973499298095703,87546000.0,52.09330907457913,45.107758193833526,39.248092377580654,37.26278241572537,35.42520823534658,2.65,91.0,-0.94,2.0
AMZN,2016-03-10,28.33699989318848,28.350000381469727,27.395000457763672,27.94650077819824,78398000.0,51.42125058127053,44.63641181643109,38.92104397252486,37.182960893090105,35.411454396090434,2.67,85.0,-0.94,2.13
AMZN,2016-03-11,28.34749984741211,28.50300025939941,28.136499404907227,28.480499267578125,75426000.0,44.86016878354501,44.43021909682943,38.96776931511739,37.20975244717165,35.399306093305356,2.69,85.0,-0.94,2.11
AMZN,2016-03-14,28.350000381469727,28.84449958801269,28.15250015258789,28.668500900268555,69084000.0,38.79115883243993,44.462814791630045,38.9762166387955,37.21288660813919,35.38383598503517,2.71,85.0,-0.94,2.11
AMZN,2016-03-15,28.549999237060547,29.076000213623047,28.350000381469727,28.85099983215332,77536000.0,38.36067579560674,44.1182796932852,38.83355554748146,37.21039406421972,35.38222145919399,2.72,80.0,-0.92,2.19
AMZN,2016-03-16,28.832000732421875,29.06599998474121,28.55699920654297,28.713499069213867,70754000.0,36.44004861890636,44.10847126733931,38.812699483258015,37.13800025475742,35.38383030141919,2.74,78.0,-0.9,2.2
AMZN,2016-03-17,28.475500106811523,28.56999969482422,27.7504997253418,27.972000122070312,118562000.0,35.39700844382258,44.34990639335366,38.97082437334249,37.26990559306024,35.48658458782881,2.75,84.0,-0.91,2.11
AMZN,2016-03-18,28.04700088500977,28.116500854492188,27.304500579833984,27.60400009155273,145938000.0,35.57198983255068,44.39465870880206,37.79676320002889,37.30281067903253,35.51136507534309,2.76,71.0,-0.95,2.31
AMZN,2016-03-21,27.445499420166016,27.761999130249023,26.929000854492188,27.698999404907227,103114000.0,29.41249718031801,44.41437236619631,37.70851709631474,37.30360903712236,35.49001070508803,2.77,70.0,-1.0,2.35
AMZN,2016-03-22,27.25550079345703,28.13800048828125,27.252500534057617,28.02400016784668,80012000.0,27.92355705095786,44.509666512192084,37.75389393628722,37.31862429535153,35.4888125941354,2.78,70.0,-1.04,2.33
AMZN,2016-03-23,28.049999237060547,28.624000549316406,27.905000686645508,28.48150062561035,79674000.0,27.63659437073576,44.67927950666302,37.81260965694592,37.359680727491664,35.5161170984552,2.78,71.0,-1.06,2.3
AMZN,2016-03-24,28.355499267578125,29.177499771118164,28.35400009155273,29.147499084472656,103710000.0,27.901445890913934,44.78089726502388,37.918606197700505,37.387368536902514,35.566195596387374,2.79,71.0,-1.07,2.25
AMZN,2016-03-28,29.21999931335449,29.237499237060547,28.777999877929688,28.99349975585937,62430000.0,27.340725719780316,44.348725211365284,37.92553994897188,37.3804989526013,35.554376244652445,2.8,71.0,-1.09,2.25
AMZN,2016-03-29,29.00749969482422,29.792499542236328,28.825000762939453,29.69300079345703,87852000.0,27.897092216554448,44.67848841904417,38.11953182784165,37.40435770711264,35.61600556852943,2.8,71.0,-1.09,2.16
AMZN,2016-03-30,29.83550071716309,30.16200065612793,29.75,29.934499740600582,77810000.0,27.125542443757173,44.59044744603177,38.13790358947588,37.29214521339514,35.610191364501766,2.81,71.0,-1.09,2.16
AMZN,2016-03-31,29.964000701904297,30.037500381469727,29.61050033569336,29.68199920654297,53636000.0,26.696769840644425,42.99107458105763,37.94439043238611,37.232991270901145,35.61497903958712,2.82,69.0,-1.09,2.24
AMZN,2016-04-01,29.52449989318848,29.951499938964844,29.415000915527344,29.924999237060547,58348000.0,25.98958570823281,43.02543744036315,37.785711534684935,37.21935258557101,35.613938780610596,2.82,64.0,-1.07,2.31
AMZN,2016-04-04,29.950000762939453,29.975000381469727,29.52750015258789,29.659500122070312,49416000.0,25.89927356495912,43.056078670530276,37.79201405053073,37.07795961792594,35.62863354885219,2.82,64.0,-1.06,2.3
AMZN,2016-04-05,29.53849983215332,29.67350006103516,29.262500762939453,29.30699920654297,46178000.0,23.07021543689774,42.35726014477745,37.8239752233947,37.070329501925976,35.63828961136483,2.82,66.0,-1.04,2.28
AMZN,2016-04-06,29.3759994506836,30.11949920654297,29.375,30.10400009155273,56998000.0,23.83228732373294,42.7281752544505,38.06577972111664,37.17905170004104,35.71538704229529,2.83,69.0,-1.02,2.17
AMZN,2016-04-07,29.9379997253418,29.979999542236328,29.45400047302246,29.57150077819824,63780000.0,24.575514029163212,42.71984801067415,38.005379906139304,37.24674792391041,35.73301545921342,2.83,68.0,-0.99,2.18
AMZN,2016-04-08,29.715999603271484,29.89299964904785,29.450000762939453,29.729999542236328,51838000.0,24.59254555458113,42.73758343986284,37.98482389592082,37.25013161186077,35.73214720200127,2.83,67.0,-0.96,2.2
AMZN,2016-04-11,29.80699920654297,30.200000762939453,29.745500564575195,29.796499252319336,54086000.0,24.584168802003266,40.89912351699691,37.584584616878,37.21494442190168,35.72985065590814,2.83,56.0,-0.94,2.4
AMZN,2016-04-12,29.920000076293945,30.202999114990234,29.61549949645996,30.15850067138672,52822000.0,24.64112547327355,40.78810339263264,37.61148767439772,35.58372334463023,35.74382398589317,2.83,56.0,-0.92,2.39
AMZN,2016-04-13,30.38400077819824,30.840499877929688,30.26449966430664,30.74099922180176,84566000.0,21.44447657893528,40.1209125071645,37.728940943914886,35.648607568029924,35.781830289629276,2.83,57.0,-0.9,2.34
AMZN,2016-04-14,30.75349998474121,31.2189998626709,30.75349998474121,31.037500381469727,70242000.0,21.557334450088987,40.137079236561114,37.42702570577848,35.63960053960389,35.78478107509739,2.83,53.0,-0.87,2.47
AMZN,2016-04-15,31.09600067138672,31.338499069213867,30.905500411987305,31.29450035095215,57754000.0,21.521120944420538,40.142044819125736,37.45097722801301,35.64581166558979,35.78714958589888,2.83,53.0,-0.84,2.46
AMZN,2016-04-18,31.26749992370605,31.881999969482425,31.24799919128418,31.76749992370605,87218000.0,21.709886267032758,40.22884226423135,37.4893113151887,35.64821117995612,35.68844117287718,2.83,53.0,-0.81,2.44
AMZN,2016-04-19,31.85700035095215,31.90049934387207,31.040000915527344,31.395000457763672,81118000.0,20.89354945913916,39.65703402369673,37.44140012992391,35.679232384398226,35.547662018084324,2.83,51.0,-0.77,2.45
AMZN,2016-04-20,31.5,31.82749938964844,31.14999961853028,31.64949989318848,52188000.0,20.784115210413802,39.6843125934775,37.426858475483726,35.68759563552638,35.552242863104915,2.83,49.0,-0.74,2.47
AMZN,2016-04-21,31.549999237060547,31.891000747680664,31.424999237060547,31.549999237060547,51926000.0,20.82997598366613,39.666864447235426,37.41302597811289,35.681750832627706,35.55167146353538,2.82,48.0,-0.71,2.47
AMZN,2016-04-22,31.223499298095703,31.412500381469727,30.577999114990234,31.02499961853028,101678000.0,21.646554584737867,39.31180815179389,37.49851298575837,35.728338290028624,35.600516835409,2.82,53.0,-0.67,2.42
AMZN,2016-04-25,30.83049964904785,31.349000930786133,30.8125,31.309999465942383,53658000.0,21.221538652954834,35.215497315555844,37.483076787700114,35.697334348091175,33.11767142832478,2.82,51.0,-0.63,2.44
AMZN,2016-04-26,31.308500289916992,31.33749961853028,30.74399948120117,30.8439998626709,50428000.0,21.831663491726943,31.313644292320582,37.38719797924948,35.70906006362789,33.11862213277794,2.81,45.0,-0.58,2.47
AMZN,2016-04-27,30.59000015258789,30.79750061035156,30.06399917602539,30.328500747680664,81376000.0,22.496187911648626,31.201982528132394,37.46831758391567,35.77029652562428,33.09094468728635,2.81,50.0,-0.53,2.42
AMZN,2016-04-28,30.777000427246094,31.34000015258789,29.959999084472656,30.100000381469727,157452000.0,22.579829602845244,30.055484454638165,37.42084892853128,35.77733410446816,33.10278566318674,2.8,45.0,-0.47,2.45
AMZN,2016-04-29,33.29999923706055,33.499000549316406,32.70000076293945,32.97949981689453,206214000.0,33.21991968654282,34.166022855137165,40.16198800333383,37.34646740421408,34.24888630580526,2.82,100.0,-0.46,2.89
AMZN,2016-05-02,33.19599914550781,34.275001525878906,33.10150146484375,34.192501068115234,131570000.0,33.875387635396024,34.79025626255975,40.56768942179301,37.56755934145058,34.420607834220306,2.84,100.0,-0.46,2.69
AMZN,2016-05-03,33.86800003051758,34.01499938964844,33.52149963378906,33.566001892089844,98468000.0,34.670317264661236,31.973655206728026,40.637119221649705,37.640460962583106,34.48071171076788,2.86,100.0,-0.46,2.66
AMZN,2016-05-04,33.12950134277344,33.70000076293945,33.10699844360352,33.54499816894531,92710000.0,34.691244405745245,31.24141564569668,40.527707335681946,37.63514462601922,34.475959320180074,2.88,98.0,-0.46,2.72
AMZN,2016-05-05,33.66550064086914,33.824501037597656,32.79999923706055,32.954498291015625,97682000.0,35.215568069102744,31.389347084298752,40.6224864893742,37.70190308925265,34.52503196338002,2.9,99.0,-0.46,2.67
AMZN,2016-05-06,32.8025016784668,33.84749984741211,32.800498962402344,33.6974983215332,87306000.0,35.17948489159744,31.488135266901434,40.40626721511294,37.77968525832155,34.54606550974027,2.92,96.0,-0.49,2.75
AMZN,2016-05-09,33.6974983215332,34.3489990234375,33.570499420166016,33.98749923706055,79644000.0,35.06179054967629,31.175449357044645,40.1979559577376,37.57185782797704,34.524121058503546,2.93,95.0,-0.49,2.86
AMZN,2016-05-10,34.70000076293945,35.227500915527344,34.67499923706055,35.153499603271484,122112000.0,35.628983143536324,31.7264331380204,40.54618916679071,37.40146678028335,34.66947668427773,2.91,97.0,-0.46,2.69
AMZN,2016-05-11,35.28950119018555,35.95000076293945,35.08250045776367,35.6614990234375,146764000.0,35.71257370858717,31.456055264905665,40.40787444106948,36.571861874013535,34.68612187377278,2.89,95.0,-0.39,2.76
AMZN,2016-05-12,35.86899948120117,36.122501373291016,35.57550048828125,35.89649963378906,100964000.0,35.454118947116484,31.19672280536443,40.39779282014514,36.572043567611765,34.66926617724578,2.86,93.0,-0.31,2.76
AMZN,2016-05-13,35.73199844360352,35.962501525878906,35.32550048828125,35.49599838256836,95268000.0,35.81067740024074,31.039673824143932,40.408096886897866,35.67928798243417,34.67842809806094,2.83,95.0,-0.29,2.75
AMZN,2016-05-16,35.506500244140625,35.662498474121094,35.013999938964844,35.53300094604492,108658000.0,35.573392431091136,30.91857040479716,40.4081367198792,35.46787539782088,34.638485753355845,2.8,95.0,-0.28,2.75
AMZN,2016-05-17,35.494998931884766,35.7234992980957,34.695499420166016,34.76350021362305,102428000.0,36.12220084636118,30.231466493768266,40.56464254489287,35.57699747637241,34.71900126907741,2.76,97.0,-0.3,2.68
AMZN,2016-05-18,34.47800064086914,35.12699890136719,34.4379997253418,34.872501373291016,85664000.0,35.565727566042035,30.060671403540727,40.566802095978595,35.55076542290081,34.703823916610276,2.72,97.0,-0.32,2.67
AMZN,2016-05-19,34.59400177001953,34.970001220703125,34.47800064086914,34.92599868774414,60512000.0,34.92636962125882,30.06203120001365,40.56601805510323,35.31844020711364,34.70246761308843,2.68,96.0,-0.34,2.67
AMZN,2016-05-20,35.0525016784668,35.36199951171875,35.0,35.13999938964844,58324000.0,34.92668662860376,30.062957096105496,40.47326502212339,35.187221995376625,34.66694461506911,2.64,92.0,-0.35,2.73
AMZN,2016-05-23,35.212501525878906,35.29999923706055,34.82099914550781,34.837501525878906,51902000.0,35.15863112941198,30.16404068269829,40.264802569516334,35.173760414786805,34.66484353588761,2.59,86.0,-0.35,2.84
AMZN,2016-05-24,34.9005012512207,35.375,34.900001525878906,35.209999084472656,60676000.0,35.13666234849652,30.14111937876142,40.283241923705,35.15405850172411,34.668560810500615,2.54,86.0,-0.34,2.83
AMZN,2016-05-25,35.400001525878906,35.542999267578125,35.2760009765625,35.41749954223633,65354000.0,34.887902700206894,28.79321853439806,40.17069256629097,34.91609631608855,34.650231097303326,2.48,83.0,-0.34,2.88
AMZN,2016-05-26,35.416500091552734,35.75,35.364498138427734,35.74549865722656,48934000.0,34.88345192574212,28.816694460455594,39.03304422091251,34.925420930080605,34.632076758882825,2.45,68.0,-0.39,3.22
AMZN,2016-05-27,35.75,35.83000183105469,35.55500030517578,35.61199951171875,44984000.0,34.950743583883366,28.80575622071448,39.0283588836798,34.916847021374075,34.634363134874754,2.41,67.0,-0.45,3.22
AMZN,2016-05-31,35.61650085449219,36.21149826049805,35.566001892089844,36.13949966430664,72366000.0,34.942937446644066,28.851979708368088,39.08431611613892,34.92193131321725,34.657110675655616,2.37,69.0,-0.5,3.18
AMZN,2016-06-01,36.04499816894531,36.32149887084961,35.9109992980957,35.97200012207031,65262000.0,34.71752038236568,28.416797772318215,38.5360436401268,34.87122377206327,34.663077626616996,2.34,50.0,-0.57,3.44
AMZN,2016-06-02,36.04850006103516,36.41400146484375,35.775001525878906,36.4119987487793,60532000.0,34.773807249269325,28.406405938778924,38.56837108143237,34.892798379763995,34.66078958318667,2.31,50.0,-0.63,3.42
AMZN,2016-06-03,36.33700180053711,36.34999847412109,35.92150115966797,36.277000427246094,67346000.0,34.78524689477869,28.43034105802142,38.49625233337908,34.88681947275311,34.63103257870649,2.28,48.0,-0.69,3.47
AMZN,2016-06-06,36.32500076293945,36.57500076293945,36.22100067138672,36.33649826049805,54096000.0,34.203788819046224,28.414618752441868,38.49562960656902,34.807490655372135,34.613453343331074,2.25,47.0,-0.75,3.47
AMZN,2016-06-07,36.49449920654297,36.5,36.02750015258789,36.1870002746582,54650000.0,34.28915265930247,28.302865096371647,37.21252219865806,34.8140367123423,34.603917925520406,2.23,16.0,-0.82,3.88
AMZN,2016-06-08,36.31999969482422,36.47100067138672,36.08000183105469,36.33200073242188,44468000.0,33.77309793072051,28.297727018172324,37.11544010770821,34.77919555010448,34.60349187013327,2.2,14.0,-0.88,3.96
AMZN,2016-06-09,36.15499877929688,36.445499420166016,36.1150016784668,36.38249969482422,43406000.0,33.133584899397725,28.298024140344108,36.52097989711381,34.69812611347954,34.58830829863377,2.16,11.0,-0.93,4.29
AMZN,2016-06-10,36.11750030517578,36.249000549316406,35.71049880981445,35.89550018310547,68514000.0,33.3882949061307,28.46714832729778,36.598652497722725,34.73723984297143,34.62189708552734,2.11,11.0,-0.98,4.25
AMZN,2016-06-13,35.70050048828125,36.0994987487793,35.55799865722656,35.762001037597656,67044000.0,21.482135541435245,27.825249553163157,36.594147276677454,34.73583899187762,34.61471143657192,2.01,10.0,-1.03,4.25
AMZN,2016-06-14,35.61650085449219,36.04050064086914,35.61349868774414,35.96500015258789,50138000.0,19.039448061355653,27.590856171151334,36.594128972337785,34.660698399728176,34.57610236014727,1.89,9.0,-1.08,4.25
AMZN,2016-06-15,36.09999847412109,36.12799835205078,35.66749954223633,35.7130012512207,54188000.0,18.25771107219586,27.689851058690685,36.207778133586864,34.33175281779518,34.58224019825449,1.78,6.0,-1.12,4.54
AMZN,2016-06-16,35.602500915527344,35.900001525878906,35.26499938964844,35.8754997253418,61960000.0,18.252894801392486,27.646662761147674,36.20949802563149,34.266799560782175,34.583059589803725,1.66,6.0,-1.17,4.54
AMZN,2016-06-17,35.90950012207031,35.90999984741211,34.95899963378906,35.31949996948242,117956000.0,18.0585995831289,27.82129541299024,36.301863920634254,34.15135787806547,34.539084171071636,1.51,7.0,-1.2,4.48
AMZN,2016-06-20,35.67499923706055,36.06549835205078,35.54050064086914,35.70050048828125,73544000.0,17.238808988192694,27.564592980549413,35.968280197904775,34.119436353057594,34.52888907277123,1.35,2.0,-1.24,4.69
AMZN,2016-06-21,35.7859992980957,35.91999816894531,35.63600158691406,35.79100036621094,42750000.0,17.125027563299287,27.50595941246728,33.39256254269905,34.030660417237854,34.52873349068321,1.37,1.0,-1.27,4.83
AMZN,2016-06-22,35.82899856567383,35.849998474121094,35.378501892089844,35.529998779296875,45210000.0,14.368876905875053,27.262499975329906,30.84285923672353,33.97117962901843,34.48244120078182,1.56,1.0,-1.3,4.67
AMZN,2016-06-23,35.775001525878906,36.10599899291992,35.625,36.104000091552734,56500000.0,14.518397923945797,27.374105902710866,30.70278255001439,33.97932170169202,34.48487621181246,1.72,1.0,-1.31,4.75
AMZN,2016-06-24,34.650001525878906,35.62649917602539,34.61000061035156,34.948001861572266,152650000.0,17.245941444817383,28.24037263155535,30.452228849327096,34.209591566259135,34.65524675547176,1.89,1.0,-1.31,4.86
AMZN,2016-06-27,34.60049819946289,34.840999603271484,34.10599899291992,34.56800079345703,111360000.0,17.231204397123673,28.35424438195147,29.806743957064917,34.176098878066355,34.67291975748693,2.07,1.0,-1.3,5.28
AMZN,2016-06-28,35.0,35.400001525878906,34.90850067138672,35.397499084472656,80740000.0,18.645965936635854,28.585495419556583,29.973644307667197,34.25338480054724,34.67869901638634,2.22,2.0,-1.29,5.09
AMZN,2016-06-29,35.787498474121094,35.974998474121094,35.676998138427734,35.779998779296875,61402000.0,17.71138494087762,28.458304560180864,27.91014594452968,34.207469389881176,34.68099186244382,2.45,1.0,-1.3,5.15
AMZN,2016-06-30,35.86000061035156,35.96849822998047,35.62699890136719,35.78099822998047,57102000.0,17.701178740031303,28.039780815973746,27.444732005064225,34.20490149625262,34.67698998613831,2.66,1.0,-1.34,5.5
AMZN,2016-07-01,35.86600112915039,36.400001525878906,35.82699966430664,36.28400039672852,58408000.0,18.104227326198778,27.7921779691545,27.36644574159093,34.22010027754622,34.69753455594113,2.87,1.0,-1.42,5.5
AMZN,2016-07-05,36.13999938964844,36.47800064086914,35.980499267578125,36.40499877929688,48628000.0,18.05756010064504,27.78925028405338,27.28459102621677,34.031440243529154,34.692842809673834,3.05,1.0,-1.49,5.65
AMZN,2016-07-06,36.28549957275391,36.88850021362305,36.12900161743164,36.88050079345703,78764000.0,18.122619330048362,27.85752709224512,27.076631009736747,34.02267951905551,34.71005602537343,3.23,1.0,-1.53,5.94
AMZN,2016-07-07,36.96649932861328,36.977500915527344,36.58150100708008,36.82849884033203,58916000.0,17.953538908082148,27.818417730898144,27.085891079834063,34.02273818612926,34.66330845175648,3.39,2.0,-1.58,5.95
AMZN,2016-07-08,37.00699996948242,37.30500030517578,36.900001525878906,37.29050064086914,68584000.0,18.193208116913752,27.689983225516237,26.8593773501746,33.9368886815307,34.66775059776237,3.55,1.0,-1.59,6.28
AMZN,2016-07-11,37.5,37.79499816894531,37.34999847412109,37.68899917602539,63906000.0,18.24828357663202,27.700930014278573,26.67122216803881,33.92950630085821,34.62782097413926,3.7,1.0,-1.58,6.57
AMZN,2016-07-12,37.84299850463867,37.867000579833984,37.01649856567383,37.41049957275391,112474000.0,18.375295977889024,27.76584355093117,26.523567854458513,33.911922233004304,34.55158763854575,3.85,1.0,-1.6,6.72
AMZN,2016-07-13,37.3380012512207,37.84349822998047,37.0625,37.13150024414063,82846000.0,18.128452803677277,27.73226706423198,26.46861697405948,33.197317403437765,34.50741629350563,3.99,1.0,-1.61,6.9
AMZN,2016-07-14,37.44300079345703,37.45199966430664,36.95100021362305,37.060001373291016,47810000.0,18.073197243375823,27.58684110414247,25.622119741743592,33.153334894337576,34.49086573088615,4.14,1.0,-1.59,8.03
AMZN,2016-07-15,37.32749938964844,37.32749938964844,36.70249938964844,36.77199935913086,62428000.0,17.926994244071494,27.6481345928183,25.57197521623788,33.16826048192072,34.38418801326716,4.28,1.0,-1.58,8.09
AMZN,2016-07-18,36.77450180053711,37.08000183105469,36.43600082397461,36.80350112915039,59098000.0,17.88633340033457,27.625357177156573,25.573579209891783,33.1514009368686,34.35561934756041,4.41,2.0,-1.57,8.09
AMZN,2016-07-19,36.625,37.166500091552734,36.615501403808594,36.997501373291016,44336000.0,17.93737479771953,27.333790132982454,25.576081838907438,33.11222343892377,34.34613664192974,4.54,3.0,-1.55,8.07
AMZN,2016-07-20,37.20000076293945,37.3125,37.03499984741211,37.2859992980957,44280000.0,17.996221614196667,27.321884845887816,25.584003504823077,33.121267726191476,34.35106388400693,4.66,4.0,-1.53,8.03
AMZN,2016-07-21,37.375,37.46799850463867,37.13949966430664,37.22150039672852,46342000.0,17.989799658055254,27.08478078184674,25.564249995993382,33.12095562251835,34.35257766285245,4.78,1.0,-1.51,8.05
AMZN,2016-07-22,37.38949966430664,37.56399917602539,37.17649841308594,37.24300003051758,45554000.0,17.9890529936877,26.769118967087962,24.577927088978733,33.11381954106786,34.323072594979045,4.9,1.0,-1.48,9.48
AMZN,2016-07-25,37.32749938964844,37.42499923706055,36.76750183105469,36.980499267578125,53586000.0,17.640501567632793,26.76072680851537,24.62496407789263,33.00648882574285,33.07494988040462,5.02,2.0,-1.44,9.43
AMZN,2016-07-26,37.135501861572266,37.15650177001953,36.63750076293945,36.77949905395508,50594000.0,17.687590583097403,19.56015960338484,24.630785409334287,32.91163441533455,33.08097620424229,5.13,3.0,-1.4,9.43
AMZN,2016-07-27,36.89849853515625,37.047000885009766,36.69300079345703,36.83349990844727,58262000.0,17.63191291792937,18.206934821525095,24.609271622446133,32.90637317303439,33.060943960772136,5.24,2.0,-1.36,9.44
AMZN,2016-07-28,37.29899978637695,37.667999267578125,36.98500061035156,37.63050079345703,152352000.0,18.442779784855414,18.19614255933,24.48271593911838,32.98876701303322,33.11910910706684,5.34,1.0,-1.31,9.45
AMZN,2016-07-29,38.25,38.29999923706055,37.75,37.94049835205078,135542000.0,18.521473194798038,18.233630542513964,24.46776587087987,32.993861504258824,33.099834304114836,5.44,1.0,-1.27,9.42
AMZN,2016-08-01,37.993499755859375,38.525001525878906,37.85300064086914,38.387001037597656,71564000.0,17.96444185719658,17.86218217628338,24.495646972720678,32.937348950804775,33.11494643057386,5.53,3.0,-1.22,9.31
AMZN,2016-08-02,38.19049835205078,38.2504997253418,37.85100173950195,38.02899932861328,72066000.0,18.1348757869523,17.542539961677413,24.567941932849664,32.92755363053701,33.13070081320113,5.62,4.0,-1.18,9.2
AMZN,2016-08-03,37.85300064086914,37.94449996948242,37.61249923706055,37.73199844360352,71630000.0,18.361468993877622,17.602939305908897,24.4958153311267,32.659657835918175,33.1356310779948,5.7,4.0,-1.12,9.47
AMZN,2016-08-04,37.685001373291016,38.25,37.51750183105469,38.03850173950195,63564000.0,18.242094964752923,16.35263591250966,24.502902461084357,32.658468385743674,33.132314829257965,5.77,5.0,-1.06,9.44
AMZN,2016-08-05,38.240501403808594,38.42350006103516,38.15449905395508,38.29899978637695,54088000.0,17.82958865450964,16.1681921912421,24.504771901347226,32.65244295041735,33.09992761341985,5.85,6.0,-0.99,9.44
AMZN,2016-08-08,38.34049987792969,38.34999847412109,38.05099868774414,38.32799911499024,39726000.0,14.536949686253273,16.129432728882833,24.476756041323412,32.456646980276666,33.06812680934397,5.92,2.0,-0.92,9.47
AMZN,2016-08-09,38.36949920654297,38.630001068115234,38.345001220703125,38.41550064086914,37522000.0,13.921776819022977,15.925277820369896,24.029808651431107,32.453203557642915,33.06802507723219,5.99,1.0,-0.88,10.13
AMZN,2016-08-10,38.4900016784668,38.60499954223633,38.30950164794922,38.428001403808594,32086000.0,12.556967811438152,15.926484176992487,23.88999081973647,32.431577819475656,33.06432663973738,6.07,1.0,-0.87,10.36
AMZN,2016-08-11,38.49700164794922,38.6875,38.45600128173828,38.5620002746582,40394000.0,12.328728540507178,15.179225183750214,23.88999805726511,32.38496574873983,33.061912590576284,6.14,2.0,-0.87,10.36
AMZN,2016-08-12,38.42300033569336,38.657501220703125,38.42100143432617,38.62799835205078,31266000.0,12.309091467300828,15.176411532617426,23.853603681717576,32.351953637075034,33.05716271475235,6.21,1.0,-0.86,10.49
AMZN,2016-08-15,38.595001220703125,38.60200119018555,38.385501861572266,38.42449951171875,42370000.0,12.019387384272342,15.243821891051532,23.79959814695773,32.35335076938808,33.063484090279964,6.28,1.0,-0.83,10.73
AMZN,2016-08-16,38.430999755859375,38.436500549316406,38.19100189208984,38.20199966430664,32092000.0,12.215778175369712,15.288535028356856,23.61939169766185,32.35945920184794,33.06686210763595,6.35,1.0,-0.77,11.28
AMZN,2016-08-17,38.22050094604492,38.26100158691406,37.959999084472656,38.23149871826172,37822000.0,11.731107401403689,15.145587779152287,23.58667547407952,32.32046260668373,33.06643923984717,6.41,1.0,-0.72,11.32
AMZN,2016-08-18,38.20000076293945,38.25849914550781,38.02999877929688,38.22299957275391,29176000.0,11.713169401700005,15.03039229348436,23.347519544034554,32.22894983662762,33.06249374114195,6.47,1.0,-0.64,12.02
AMZN,2016-08-19,38.095001220703125,38.1245002746582,37.84450149536133,37.865501403808594,46864000.0,11.605561048896634,15.160109481721765,23.40631720621761,32.24518420890174,32.90279841702462,6.52,2.0,-0.55,11.98
AMZN,2016-08-22,37.875,37.99250030517578,37.60499954223633,37.9739990234375,33586000.0,11.229243542192663,15.070672944809328,23.342000253053765,32.19560259464288,32.60893153062062,6.58,1.0,-0.46,12.07
AMZN,2016-08-23,38.16550064086914,38.23500061035156,38.04999923706055,38.122501373291016,30482000.0,11.03513985943311,15.04918648817222,23.325373357818464,32.18076577774187,31.9152751835606,6.63,1.0,-0.36,12.14
AMZN,2016-08-24,38.150001525878906,38.170501708984375,37.76800155639648,37.86249923706055,34882000.0,10.99560569817606,14.866180354698985,23.302094208338147,32.18797671296198,31.924245929977406,6.68,1.0,-0.26,12.19
AMZN,2016-08-25,37.79999923706055,38.02799987792969,37.73699951171875,37.96099853515625,32460000.0,10.981651460004255,14.827412821675248,23.18744447132134,32.16478753642293,31.158245118172612,6.72,1.0,-0.2,12.39
AMZN,2016-08-26,38.00249862670898,38.5,37.9900016784668,38.45000076293945,55536000.0,11.200336716450035,14.848803772814811,22.919427172803537,32.11423088910937,31.003287713069007,6.77,1.0,-0.08,13.13
AMZN,2016-08-29,38.43600082397461,38.749000549316406,38.43000030517578,38.56449890136719,43972000.0,11.206776540835774,14.823121004478793,22.68729849698547,32.1107024177194,31.002773300385755,6.81,1.0,-0.02,13.62
AMZN,2016-08-30,38.5525016784668,38.59199905395508,38.27799987792969,38.37900161743164,34184000.0,11.298008824433156,14.870639444892461,22.714003699820015,31.848745552824838,30.98792665584456,6.86,2.0,0.04,13.61
AMZN,2016-08-31,38.33000183105469,38.48199844360352,38.20000076293945,38.45800018310547,32676000.0,11.130499600041528,14.83516952340606,22.71408497245103,31.6942877360026,30.79938585877844,6.9,3.0,0.09,13.61
AMZN,2016-09-01,38.54499816894531,38.60200119018555,38.337501525878906,38.53099822998047,35846000.0,11.101869560227726,14.823355698784772,22.662860417576926,31.694508949614175,30.68782721458731,6.93,1.0,0.16,13.83
AMZN,2016-09-02,38.70550155639648,38.79999923706055,38.584999084472656,38.62200164794922,43636000.0,11.105857070074423,14.825833444102097,22.504476141707425,31.557399039039456,30.659624489238844,6.97,1.0,0.27,14.41
AMZN,2016-09-06,38.70199966430664,39.4739990234375,38.51100158691406,39.44350051879883,74396000.0,12.217728085796885,15.072658035325112,22.671976713242902,31.632705877017102,30.692241942095844,7.0,3.0,0.4,13.85
AMZN,2016-09-07,39.47650146484375,39.53950119018555,39.21649932861328,39.2239990234375,48492000.0,12.22483110996544,15.10525021359252,22.68741353654536,31.61676157359991,30.502940972634573,7.03,5.0,0.54,13.9
AMZN,2016-09-08,39.19449996948242,39.32500076293945,39.071998596191406,39.20299911499024,40610000.0,12.248236695822525,15.086422641262828,22.59917340966831,31.617204919141855,30.5023360569398,7.06,2.0,0.7,14.27
AMZN,2016-09-09,38.96799850463867,39.04999923706055,38.00550079345703,38.00699996948242,85146000.0,14.303311338858801,16.401846417097797,23.099281169897285,31.840007703973093,30.663793028927245,7.07,10.0,0.89,13.2
AMZN,2016-09-12,37.86750030517578,38.632999420166016,37.79999923706055,38.574501037597656,62494000.0,14.741626214712996,16.629373620831323,23.16982799992878,31.883457094211426,30.668509200436855,7.09,11.0,1.1,12.97
AMZN,2016-09-13,38.4384994506836,38.49449920654297,37.95249938964844,38.05049896240234,62344000.0,14.907957777615735,16.55000337033572,23.289109604855906,31.928666449610244,30.65979168171643,7.1,13.0,1.33,12.72
AMZN,2016-09-14,38.11000061035156,38.375,37.942501068115234,38.054500579833984,50460000.0,14.657501908295798,16.43265771413278,23.098322619214546,31.858551272546148,30.660082729110893,7.1,10.0,1.52,13.12
AMZN,2016-09-15,38.09999847412109,38.54349899291992,37.87900161743164,38.484500885009766,60680000.0,14.810241474846892,16.562176264017285,23.117075450353035,31.724480221303274,30.66495721687109,7.11,12.0,1.72,13.05
AMZN,2016-09-16,38.66400146484375,39.02299880981445,38.58300018310547,38.92599868774414,109984000.0,14.985020032535385,16.594908792145834,23.00080332248741,31.7370641115437,30.615213038523397,7.11,10.0,1.71,13.19
AMZN,2016-09-19,38.99850082397461,39.09700012207031,38.54999923706055,38.755001068115234,45944000.0,14.943977460377699,16.358686248057854,22.820709448958883,31.653771611607283,30.620612140913117,7.12,9.0,1.14,13.6
AMZN,2016-09-20,38.79999923706055,39.06850051879883,38.79999923706055,39.01100158691406,38744000.0,15.051297227055244,14.805037621067008,22.7731347869852,30.844041616304956,30.59501163887376,7.12,9.0,-0.62,13.64
AMZN,2016-09-21,39.16249847412109,39.53450012207031,38.95050048828125,39.48699951171875,54372000.0,15.413701979350023,14.709743999927014,17.85376806732068,30.862613258144005,30.54903536646161,7.14,1.0,-0.71,1.43
AMZN,2016-09-22,39.7135009765625,40.29449844360352,39.7135009765625,40.23500061035156,81578000.0,16.25577456940582,14.433320126430479,17.205394613686153,30.930117810140974,30.591890851544264,7.17,1.0,-0.6,1.16
AMZN,2016-09-23,40.15650177001953,40.38750076293945,40.10599899291992,40.28749847412109,47070000.0,16.245332160756433,14.321950066280332,16.90041971960432,30.539628219292545,30.58607763195354,7.19,1.0,-0.56,1.35
AMZN,2016-09-26,40.09000015258789,40.29650115966797,39.85749816894531,39.95800018310547,53028000.0,16.484786350935295,14.46867180987228,16.97118779334617,30.559481258914307,30.538885765962437,7.21,2.0,-0.59,1.28
AMZN,2016-09-27,40.09249877929688,40.83200073242188,40.05550003051758,40.80550003051758,76392000.0,17.33350931605018,14.788280043137778,16.9520470081724,30.588239529388982,30.32147039763997,7.22,2.0,-0.7,1.32
AMZN,2016-09-28,40.900001525878906,41.50699996948242,40.85150146484375,41.43600082397461,88442000.0,17.586707333483055,15.038351611413272,16.77641185862392,30.63126329921051,30.29764896531218,7.22,1.0,-0.5,1.39
AMZN,2016-09-29,41.41299819946289,41.875,41.23149871826172,41.45249938964844,98444000.0,17.59061784904796,14.871841889186305,16.74591977389339,29.73625875662822,30.154334914753345,7.22,1.0,-0.35,1.41
AMZN,2016-09-30,41.63050079345703,41.997501373291016,41.619998931884766,41.865501403808594,88612000.0,17.6895132603082,14.94352859094749,16.00713760876119,29.68196612819556,30.12653565010941,7.22,1.0,-0.11,1.23
AMZN,2016-10-03,41.79999923706055,41.99300003051758,41.5625,41.83700180053711,55388000.0,17.334065040199857,14.79753975125782,15.883319669111904,29.277098797347794,30.05675716783809,7.22,1.0,-0.01,1.3
AMZN,2016-10-04,42.045501708984375,42.118499755859375,41.51300048828125,41.70149993896485,59006000.0,17.43825202816072,14.721618410558602,15.881526835328863,29.27692525630678,30.000842023154185,7.21,1.0,-0.01,1.28
AMZN,2016-10-05,41.900001525878906,42.28350067138672,41.805999755859375,42.21799850463867,69382000.0,17.64004362614819,14.755678491747204,15.841056693576263,29.29062105341321,29.99029555630176,7.19,1.0,0.06,1.36
AMZN,2016-10-06,42.185001373291016,42.36050033569336,42.02999877929688,42.08300018310547,53680000.0,17.487200788775976,14.663714306845458,15.86009857448201,29.294494419539653,29.987374906418136,7.16,2.0,0.06,1.33
AMZN,2016-10-07,42.28950119018555,42.29750061035156,41.872501373291016,41.97150039672852,48524000.0,17.57732345135551,14.672948689137828,15.419761110514779,29.012931705557044,29.935722085878737,7.12,1.0,0.02,1.53
AMZN,2016-10-10,42.16249847412109,42.2599983215332,42.01350021362305,42.08549880981445,36542000.0,17.347615134139083,14.528192566380262,15.419043577374195,29.012425346115183,29.91703729030528,7.08,1.0,-0.01,1.53
AMZN,2016-10-11,42.05099868774414,42.06449890136719,41.41749954223633,41.54999923706055,71764000.0,17.94320461359065,14.850374105405855,15.594272627782951,29.055734193131837,29.90173857872825,7.03,3.0,-0.1,1.35
AMZN,2016-10-12,41.70000076293945,41.88349914550781,41.505001068115234,41.704498291015625,47608000.0,17.811189435290174,14.839362928463668,15.581804166851907,28.805586670929383,29.899772595704526,6.96,3.0,-0.18,1.36
AMZN,2016-10-13,41.45000076293945,41.59000015258789,41.06050109863281,41.4640007019043,61828000.0,17.982589282652444,14.874073952538804,15.539939548203122,27.056134026661322,29.895161590023488,6.9,3.0,-0.27,1.41
AMZN,2016-10-14,41.75400161743164,41.7869987487793,41.14799880981445,41.14799880981445,59996000.0,18.222102380344015,14.982654017350841,15.54464732546158,25.32351469634485,29.755800448998503,6.82,4.0,-0.35,1.37
AMZN,2016-10-17,41.07500076293945,41.09999847412109,40.58399963378906,40.647499084472656,67230000.0,18.695329841331326,15.25042571833491,15.681935853653957,25.233326290816354,29.757924212119804,6.73,7.0,-0.42,1.23
AMZN,2016-10-18,41.105499267578125,41.16299819946289,40.7509994506836,40.88249969482422,50250000.0,17.825775623553337,15.170426087808558,15.647526777578413,24.731523822937273,29.759831922098183,6.66,7.0,-0.49,1.25
AMZN,2016-10-19,41.02000045776367,41.03350067138672,40.75849914550781,40.884498596191406,41814000.0,17.71417489554666,15.10186563899755,15.627731814331067,24.246832436717046,29.67007105057533,6.58,7.0,-0.55,1.28
AMZN,2016-10-20,40.699501037597656,40.78549957275391,40.15499877929688,40.51599884033203,63040000.0,17.964587712242956,15.263745300681375,15.567131948837403,24.268738204423006,29.669718075026264,6.49,5.0,-0.61,1.29
AMZN,2016-10-21,40.46799850463867,40.97100067138672,40.45000076293945,40.949501037597656,55860000.0,15.368491488547198,14.819724559244607,15.611541374936404,22.897522290139914,29.6550717062668,6.4,8.0,-0.67,1.27
AMZN,2016-10-24,41.247501373291016,41.915000915527344,41.11050033569336,41.90449905395508,81218000.0,16.11000948821329,15.411208976010293,15.897706153905231,22.722968055104744,29.140468574125034,6.3,16.0,-0.72,1.2
AMZN,2016-10-25,41.96500015258789,42.15449905395508,41.6609992980957,41.75899887084961,64968000.0,15.463977221269692,15.302251353588176,15.895814277166407,22.66196703628461,29.107795367965178,6.19,16.0,-0.77,1.2
AMZN,2016-10-26,41.63800048828125,41.672000885009766,41.0,41.12950134277344,79962000.0,16.332315146090767,15.522138434324138,16.112568538880172,22.700477290473867,29.152912008966368,6.07,19.0,-0.82,1.03
AMZN,2016-10-27,41.5620002746582,41.58599853515625,40.77149963378906,40.917999267578125,148128000.0,16.269111925694993,15.464206875459002,16.122148781321133,22.54009026681684,29.14652103551152,5.96,20.0,-0.86,1.02
AMZN,2016-10-28,39.09999847412109,39.4744987487793,38.730499267578125,38.81600189208984,216822000.0,22.49275303001825,18.9611233146421,18.249422332650425,23.470023310944153,29.605204981056936,5.83,28.0,-0.84,4.17
AMZN,2016-10-31,39.05149841308594,39.685001373291016,39.00550079345703,39.49100112915039,108266000.0,23.001425951358097,19.23154989903695,18.438015682155374,23.349843302126725,29.649889911803484,5.7,29.0,-0.83,3.98
AMZN,2016-11-01,39.95000076293945,40.04199981689453,38.83549880981445,39.27050018310547,106108000.0,22.998282771625792,19.272148537188013,18.324610163216306,23.216462456045026,29.655523844370574,5.55,29.0,-0.81,4.16
AMZN,2016-11-02,39.19649887084961,39.23749923706055,38.1775016784668,38.27799987792969,100530000.0,23.88320173287732,19.98980902204839,18.788199448806548,23.336101093349516,29.76817909564605,5.4,31.0,-0.77,3.66
AMZN,2016-11-03,38.25249862670898,38.84999847412109,38.20000076293945,38.35150146484375,77450000.0,23.15748221610022,19.993785385979475,18.772333906409965,23.252510374980627,29.671551625461674,5.23,31.0,-0.73,3.66
AMZN,2016-11-04,38.13949966430664,38.29999923706055,37.6614990234375,37.75249862670898,102442000.0,23.49636466428468,20.236126144555136,18.913368955960184,22.778061736075276,29.634734978452975,5.07,33.0,-0.7,3.47
AMZN,2016-11-07,38.58200073242188,39.38650131225586,38.547000885009766,39.24649810791016,119688000.0,26.23750014126222,21.768138231807967,19.856086049299357,23.141181486939725,29.87644690069861,4.88,34.0,-0.67,3.29
AMZN,2016-11-08,39.24850082397461,39.58700180053711,38.95500183105469,39.38750076293945,68252000.0,25.466806093493737,21.74748143069384,19.68272176379924,23.141994710444266,29.870489700001997,4.68,34.0,-0.65,3.53
AMZN,2016-11-09,38.20000076293945,38.875,38.00450134277344,38.59400177001953,171258000.0,25.55620884285877,22.12612163255904,19.91233805261823,23.29201788378512,29.93926951508478,4.47,36.0,-0.6,3.24
AMZN,2016-11-10,38.94049835205078,38.94150161743164,35.8849983215332,37.11899948120117,254940000.0,27.64716626823031,23.534041519110723,20.885373652338412,23.78639034979944,30.133787109020833,4.33,37.0,-0.58,2.9
AMZN,2016-11-11,36.7864990234375,37.16299819946289,36.44499969482422,36.95050048828125,132456000.0,27.345308074764652,23.548627900999513,20.864056500008026,23.78510387715046,30.114553669927137,4.23,37.0,-0.57,2.93
AMZN,2016-11-14,37.2755012512207,37.29999923706055,35.505001068115234,35.95349884033203,146426000.0,28.13152776635669,24.116947627067283,21.170787708969048,23.415111712246947,30.027229707919627,4.14,39.0,-0.57,2.66
AMZN,2016-11-15,36.5,37.3390007019043,36.29949951171875,37.1619987487793,135116000.0,30.22418527350879,25.090623555138425,21.16863602442165,23.716456264986054,30.19343331868139,4.04,39.0,-0.61,2.8
AMZN,2016-11-16,36.99399948120117,37.493499755859375,36.78049850463867,37.324501037597656,72976000.0,29.941617763215838,25.094140957264088,21.09538695302563,23.708015910677467,30.186340158234337,3.96,39.0,-0.72,2.9
AMZN,2016-11-17,37.46599960327149,37.875,37.400001525878906,37.81999969482422,73802000.0,30.358564671898215,25.20836962937631,20.868935615816806,23.7395853729968,30.05869379187048,3.86,38.0,-0.74,3.05
AMZN,2016-11-18,38.04999923706055,38.387001037597656,37.88199996948242,38.007999420166016,87468000.0,30.458318751590678,25.223472727284467,20.817888525035006,23.581643054369874,30.059336450353335,3.81,37.0,-0.73,3.1
AMZN,2016-11-21,38.29999923706055,39.01750183105469,38.25550079345703,39.0,92292000.0,31.566795015905928,25.640542205406792,21.197216383567387,23.74142976345542,30.147677746785916,3.76,44.0,-0.74,2.85
AMZN,2016-11-22,39.40850067138672,39.619998931884766,39.04999923706055,39.26649856567383,106226000.0,31.524285334633866,25.67007132278338,21.11498224992773,23.745516348477615,30.11637879129811,3.71,42.0,-0.74,2.92
AMZN,2016-11-23,39.08649826049805,39.087501525878906,38.65599822998047,39.00600051879883,70806000.0,31.50757301970341,25.688453725753703,21.143895128527284,23.76466885931229,30.10030655866026,3.66,43.0,-0.72,2.87
AMZN,2016-11-25,39.32500076293945,39.337501525878906,38.89500045776367,39.01850128173828,36742000.0,31.497413175918528,25.685761589900924,21.051941827337085,23.678275578415036,30.095016087789574,3.61,41.0,-0.71,2.94
AMZN,2016-11-28,38.8494987487793,38.84999847412109,38.21200180053711,38.3385009765625,88776000.0,31.781726236126907,25.941053168088512,21.24615178200565,23.781233138348675,30.147576903615654,3.56,48.0,-0.69,2.73
AMZN,2016-11-29,38.400001525878906,38.49449920654297,38.06600189208984,38.1259994506836,65446000.0,31.660002060003382,25.95994965980711,21.178179662153028,23.78960309566774,30.124835663720873,3.51,47.0,-0.67,2.77
AMZN,2016-11-30,38.09999847412109,38.40449905395508,37.51250076293945,37.52849960327149,92518000.0,31.80886546475266,25.768410425681193,21.262893814899357,23.86645118582819,30.097151064309408,3.46,50.0,-0.68,2.65
AMZN,2016-12-01,37.62049865722656,37.66849899291992,36.9015007019043,37.182498931884766,93320000.0,31.84949306891287,25.80842251588405,21.281197051254736,23.673789742608527,30.10869431850788,3.42,51.0,-0.68,2.63
AMZN,2016-12-02,37.16999816894531,37.42449951171875,36.834999084472656,37.016998291015625,71226000.0,31.803465252608976,25.818650405601378,21.25974153526036,23.619108999956914,30.07539253983389,3.37,50.0,-0.68,2.65
AMZN,2016-12-05,37.25,38.074501037597656,37.09999847412109,37.96799850463867,86294000.0,32.62833137964221,25.601324379071038,21.635947511794168,23.784672900335103,30.165075466473684,3.34,53.0,-0.67,2.43
AMZN,2016-12-06,38.199501037597656,38.4119987487793,37.86249923706055,38.23600006103516,75894000.0,31.85852411127053,25.457888697859165,21.623724419742317,23.763802199675652,30.168511989512076,3.31,53.0,-0.65,2.46
AMZN,2016-12-07,38.227500915527344,38.52099990844727,37.79100036621094,38.52099990844727,73698000.0,32.002331737831504,25.345952096689956,21.652458452548398,23.711243328055694,30.157696122282363,3.27,55.0,-0.62,2.45
AMZN,2016-12-08,38.59349822998047,38.68949890136719,38.259498596191406,38.36650085449219,63792000.0,31.78625328954704,25.36073159689155,21.65017310328767,23.582892397600528,30.09956093476518,3.24,55.0,-0.6,2.43
AMZN,2016-12-09,38.5,38.51250076293945,38.266998291015625,38.43299865722656,49418000.0,31.795502350392635,25.25764214780512,21.618809385080873,23.568918535300458,30.09669493739703,3.2,53.0,-0.58,2.46
AMZN,2016-12-12,38.31999969482422,38.34450149536133,37.86000061035156,38.00600051879883,59278000.0,28.11054176557175,25.245127214252207,21.69324413923174,23.466951694608458,29.918794907302583,3.16,58.0,-0.57,2.37
AMZN,2016-12-13,38.24800109863281,39.12300109863281,38.09999847412109,38.71699905395508,105706000.0,28.184746642899427,25.525833356818772,21.887442185984888,23.541432568095622,29.852679514566873,3.14,59.0,-0.55,2.24
AMZN,2016-12-14,38.91249847412109,39.042999267578125,38.14049911499024,38.44100189208984,109096000.0,28.21201517879148,25.529379494667875,21.88814730322636,23.53415111646945,29.8628287770377,3.12,60.0,-0.52,2.24
AMZN,2016-12-15,38.31399917602539,38.45500183105469,38.01549911499024,38.04999923706055,76038000.0,27.37291100250146,25.477584211406075,21.933621967727003,23.560746199883557,29.77600262788983,3.09,61.0,-0.51,2.19
AMZN,2016-12-16,38.25,38.25650024414063,37.70000076293945,37.88850021362305,96964000.0,27.38986364925205,25.164393845097067,21.94493260372633,23.538662854742633,29.76875997104883,3.07,62.0,-0.49,2.18
AMZN,2016-12-19,37.94449996948242,38.525001525878906,37.80799865722656,38.29999923706055,62264000.0,27.17788344155945,25.276598683678053,21.748774371529027,23.51141698214136,29.768749294464026,3.04,59.0,-0.48,2.29
AMZN,2016-12-20,38.432498931884766,38.71950149536133,38.385501861572266,38.56100082397461,54072000.0,24.727673523789836,25.276795924463073,21.736654372688744,23.326126008805947,29.775257770387668,3.02,59.0,-0.47,2.3
AMZN,2016-12-21,38.5,38.56100082397461,38.28499984741211,38.52999877929688,40892000.0,24.695999591433413,24.873429014771244,21.658202401883464,23.215305324645204,29.774410264977398,3.0,58.0,-0.47,2.36
AMZN,2016-12-22,38.40599822998047,38.56050109863281,38.1510009765625,38.31700134277344,50872000.0,24.03797228766723,24.65648762221294,21.624388944021376,23.225464524852303,29.78072798202014,2.97,55.0,-0.47,2.4
AMZN,2016-12-23,38.227500915527344,38.32500076293945,37.89950180053711,38.02949905395508,39632000.0,21.19552464475272,24.686639315655707,21.621565459398166,23.24931509781571,29.791129924154554,2.94,54.0,-0.46,2.4
AMZN,2016-12-27,38.16999816894531,38.73249816894531,38.060001373291016,38.56999969482422,52774000.0,21.473927412811918,24.783897162701408,21.699363217215044,23.263781005652163,29.767497490301697,2.92,62.0,-0.45,2.34
AMZN,2016-12-28,38.8125,39.0,38.525001525878906,38.60649871826172,66020000.0,19.668291870437216,24.788061171018988,21.673306275579858,23.16760171516292,29.644856053790967,2.89,61.0,-0.45,2.36
AMZN,2016-12-29,38.619998931884766,38.66999816894531,38.04249954223633,38.25749969482422,63166000.0,17.642781989030134,24.836035025763785,21.721697462732145,23.17843778693795,29.650600730656418,2.86,64.0,-0.45,2.3
AMZN,2016-12-30,38.32350158691406,38.369998931884766,37.41400146484375,37.493499755859375,82788000.0,18.637551986512186,24.959956035046446,21.9524063688699,23.299737813230358,29.65646621696896,2.84,71.0,-0.47,2.1
AMZN,2017-01-03,37.89599990844727,37.9379997253418,37.3849983215332,37.68349838256836,70422000.0,18.28896620568399,24.999985439419426,21.96835484616402,23.24527382640108,29.048035894529416,2.82,72.0,-0.48,2.09
AMZN,2017-01-04,37.91949844360352,37.98400115966797,37.709999084472656,37.85900115966797,50210000.0,18.281656227320067,25.034584186443688,21.97409842088735,23.19973528726131,29.04508541604806,2.8,73.0,-0.49,2.08
AMZN,2017-01-05,38.07749938964844,39.119998931884766,38.01300048828125,39.022499084472656,116602000.0,18.873172404267862,25.86612069256568,22.498203753516112,23.441856504725127,29.19397046031007,2.79,74.0,-0.5,1.87
AMZN,2017-01-06,39.11800003051758,39.97200012207031,38.92399978637695,39.79949951171875,119724000.0,19.632101560762013,26.103655488407977,22.69504932582845,23.538556321796108,28.967507575509995,2.78,81.0,-0.52,1.76
AMZN,2017-01-09,39.900001525878906,40.0885009765625,39.5885009765625,39.84600067138672,68922000.0,19.516647565117186,26.09042373999695,22.673867360492917,23.440166617144808,28.96639129540554,2.77,79.0,-0.55,1.79
AMZN,2017-01-10,39.83000183105469,39.900001525878906,39.47700119018555,39.79499816894531,51168000.0,19.52494245485171,26.069704009281754,22.675401002569433,23.424066503212817,28.920601759987864,2.76,80.0,-0.57,1.78
AMZN,2017-01-11,39.68299865722656,39.97499847412109,39.47549819946289,39.95100021362305,59856000.0,18.759048644375277,26.045434186943144,22.682007722162467,23.345225954514678,28.921958199907223,2.75,81.0,-0.59,1.78
AMZN,2017-01-12,40.01549911499024,40.70650100708008,39.97499847412109,40.68199920654297,97478000.0,19.248546717271335,26.20362609374175,22.798724844260754,23.326321761316823,28.31232919427766,2.74,88.0,-0.65,1.74
AMZN,2017-01-13,40.71599960327149,41.08250045776367,40.56999969482422,40.85699844360352,75838000.0,18.48529142818914,26.191559390246166,22.803281905994385,23.302700359719868,28.258007910518035,2.74,89.0,-0.71,1.73
AMZN,2017-01-17,40.78499984741211,40.79999923706055,40.172000885009766,40.48600006103516,73410000.0,18.47734327404849,26.258021073225684,22.850864068234735,20.75311709409677,27.983635951390458,2.73,91.0,-0.74,1.68
AMZN,2017-01-18,40.47499847412109,40.58649826049805,40.2135009765625,40.374000549316406,47084000.0,18.42573767232671,26.198656834255857,22.82621804617478,20.336217257433066,27.979945975627707,2.73,91.0,-0.77,1.71
AMZN,2017-01-19,40.5,40.67549896240234,40.36600112915039,40.45199966430664,50816000.0,17.149705094326347,26.107341745486355,22.825007261966086,20.204856730803,27.973342597707546,2.73,91.0,-0.79,1.71
AMZN,2017-01-20,40.76399993896485,40.80099868774414,40.3129997253418,40.416500091552734,67524000.0,17.10565614835003,25.65350042141502,22.742590029447033,20.205170688044323,27.970921213860095,2.72,87.0,-0.82,1.76
AMZN,2017-01-23,40.34000015258789,40.92499923706055,40.25400161743164,40.89400100708008,55950000.0,17.273018428213682,25.7700631059212,22.809416988687868,20.12019764223274,27.76775348999232,2.72,90.0,-0.87,1.71
AMZN,2017-01-24,41.09999847412109,41.199501037597656,40.72499847412109,41.12200164794922,59434000.0,17.20630430426614,25.610038714745443,22.80629692528914,19.9700374565697,27.770904574255734,2.73,89.0,-0.92,1.73
AMZN,2017-01-25,41.28950119018555,41.87099838256836,41.26449966430664,41.82600021362305,78452000.0,17.72110233582844,25.82059532771505,22.951540791532015,20.038908649911217,27.807489377713736,2.73,94.0,-0.96,1.64
AMZN,2017-01-26,41.7765007019043,42.19200134277344,41.650001525878906,41.95750045776367,71726000.0,17.21742520236707,23.33159759636527,22.953845060723914,19.662100401300687,27.627199741889687,2.73,94.0,-1.01,1.64
AMZN,2017-01-27,41.95000076293945,41.98500061035156,41.47200012207031,41.78850173950195,59974000.0,16.717084266480846,23.117078019556242,22.965603268727268,19.606424368105206,26.31530300921434,2.74,94.0,-1.05,1.62
AMZN,2017-01-30,41.650001525878906,41.67499923706055,40.81900024414063,41.51900100708008,74946000.0,16.683739436813422,23.128289538661683,22.76224261875738,19.613871010529245,25.0642859924543,2.74,82.0,-1.1,1.72
AMZN,2017-01-31,41.1875,41.3494987487793,40.97800064086914,41.17399978637695,62744000.0,16.567014078774733,22.546042975853297,22.78529084284468,19.591983379331023,24.98280100615182,2.74,83.0,-1.14,1.7
AMZN,2017-02-01,41.46049880981445,41.68899917602539,41.24700164794922,41.61750030517578,77004000.0,16.594509373630792,22.629653321990695,22.84237085951637,19.62688674853183,24.645759240853508,2.74,90.0,-1.18,1.67
AMZN,2017-02-02,41.829498291015625,42.1245002746582,41.41299819946289,41.997501373291016,147010000.0,16.532997812063705,22.39904462936976,22.311745961432685,19.46248651330538,24.31957628585102,2.73,74.0,-1.19,1.91
AMZN,2017-02-03,40.33599853515625,40.915000915527344,40.20000076293945,40.5099983215332,217376000.0,19.99733709890193,22.36724398020477,22.961952901638814,19.949856389187037,24.59953759847221,2.73,95.0,-1.2,1.74
AMZN,2017-02-06,40.4900016784668,40.5359992980957,40.150001525878906,40.38199996948242,77946000.0,20.034112137877493,22.37060887244416,22.857260288748552,19.955276776036328,23.656021812155466,2.72,93.0,-1.18,1.83
AMZN,2017-02-07,40.46549987792969,40.80799865722656,40.375,40.625,69322000.0,19.9574009790648,21.97409553263908,22.873193457860953,19.954872974061793,23.463984464266915,2.72,94.0,-1.17,1.82
AMZN,2017-02-08,40.634498596191406,41.07400131225586,40.625,40.98550033569336,57160000.0,19.845145723518982,20.401460182758257,22.848074289221742,19.9455004493648,23.4288120138162,2.72,92.0,-1.17,1.84
AMZN,2017-02-09,41.08000183105469,41.25,40.98550033569336,41.06800079345703,49698000.0,19.537094600568444,20.36054880211609,22.783856510712187,19.912329638713945,23.379133845447736,2.72,83.0,-1.18,1.88
AMZN,2017-02-10,41.19100189208984,41.400001525878906,41.14250183105469,41.37300109863281,48592000.0,19.59364990037244,19.464003078149357,22.795768556695304,19.918552084261226,23.252684592382224,2.72,85.0,-1.2,1.88
AMZN,2017-02-13,41.58100128173828,42.150001525878906,41.4275016784668,41.82649993896485,83452000.0,19.43975824446217,18.47484821483814,22.834631011581465,19.92948476468727,23.26555584771836,2.72,91.0,-1.21,1.86
AMZN,2017-02-14,41.84999847412109,41.91550064086914,41.5724983215332,41.81949996948242,55848000.0,18.19483753043109,18.47312003255527,22.76125783958639,19.922319602919778,23.127538038142,2.72,80.0,-1.23,1.9
AMZN,2017-02-15,41.70000076293945,42.14049911499024,41.64099884033203,42.1349983215332,59378000.0,18.225426751913847,18.361254298316375,22.60188746450662,19.87025371640042,23.021470172049355,2.71,74.0,-1.25,2.0
AMZN,2017-02-16,42.09199905395508,42.25,41.96900177001953,42.20700073242188,54294000.0,18.232375447306307,18.34945681125374,22.602361031735548,19.85972065469669,22.942356161907192,2.7,74.0,-1.27,2.0
AMZN,2017-02-17,42.09999847412109,42.36349868774414,42.0364990234375,42.25350189208984,62246000.0,16.39549255862255,17.65353597438563,22.559656869312413,19.81443004167175,22.880404931218568,2.69,72.0,-1.29,2.05
AMZN,2017-02-21,42.44200134277344,42.89899826049805,42.36249923706055,42.821998596191406,70154000.0,15.917441996575329,17.790929749864347,22.415933924573363,19.862317974395474,22.497111969012835,2.68,70.0,-1.28,2.13
AMZN,2017-02-22,42.84749984741211,42.92150115966797,42.60900115966797,42.78049850463867,52340000.0,15.944316875470111,17.71835722712911,22.290046031565137,19.86338961851483,22.45798456709249,2.66,68.0,-1.26,2.21
AMZN,2017-02-23,42.87850189208984,43.042999267578125,42.400001525878906,42.609500885009766,69240000.0,16.01788272668087,17.753209386990445,22.300607068442893,19.86297508988091,22.465295197612452,2.64,68.0,-1.26,2.19
AMZN,2017-02-24,42.234500885009766,42.29050064086914,41.88750076293945,42.262001037597656,73760000.0,16.29220630487895,17.424069542321945,22.286598164741093,19.888603720688888,22.48706296466786,2.6,66.0,-1.26,2.18
AMZN,2017-02-27,42.11899948120117,42.625,41.98350143432617,42.43199920654297,54272000.0,15.565643326627967,17.365882371177467,22.29490351991715,19.892049802209627,22.487760002725736,2.56,67.0,-1.26,2.18
AMZN,2017-02-28,42.5724983215332,42.704498291015625,42.102500915527344,42.25199890136719,55874000.0,15.624714000284246,17.02454475372602,22.29936851568365,19.828334310576867,22.48596742270498,2.52,67.0,-1.26,2.18
AMZN,2017-03-01,42.65250015258789,42.74150085449219,42.45050048828125,42.65399932861328,55202000.0,15.49438605551029,16.928947565419694,22.26441642578809,19.846400748314444,22.037766395543255,2.48,63.0,-1.25,2.2
AMZN,2017-03-02,42.65399932861328,42.74100112915039,42.36399841308594,42.445499420166016,42642000.0,15.560404468377701,16.936663398782105,22.2724601130743,19.850667681059825,22.047109101813035,2.43,63.0,-1.25,2.19
AMZN,2017-03-03,42.36000061035156,42.5994987487793,42.3134994506836,42.49399948120117,38822000.0,15.560926729158178,16.239609626622045,22.268728621094695,19.82811839787543,22.03832913869661,2.37,62.0,-1.25,2.2
AMZN,2017-03-06,42.26150131225586,42.42449951171875,42.055999755859375,42.33050155639648,52208000.0,15.626594690354331,16.24524540527826,22.27369890011914,19.831694852687974,22.037771192287323,2.31,63.0,-1.25,2.19
AMZN,2017-03-07,42.27399826049805,42.42300033569336,42.1875,42.30099868774414,44952000.0,15.33401276814306,16.208112987539476,22.17842926893528,19.734861398351995,21.91531510256911,2.25,59.0,-1.26,2.28
AMZN,2017-03-08,42.400001525878906,42.65349960327149,42.339500427246094,42.525001525878906,45730000.0,15.327229802025869,16.183431399502833,22.186193198969537,19.7075654565157,21.90966412011212,2.18,59.0,-1.26,2.28
AMZN,2017-03-09,42.54999923706055,42.81999969482422,42.51549911499024,42.650001525878906,40964000.0,14.587371192690462,16.185363223134836,22.169556581434758,19.708072738521782,21.90786553046869,2.11,57.0,-1.26,2.31
AMZN,2017-03-10,42.84999847412109,42.86750030517578,42.58599853515625,42.62300109863281,48728000.0,14.572409616273768,15.969048133190752,22.133603108411418,19.684327674270776,21.907488758399317,2.04,56.0,-1.28,2.35
AMZN,2017-03-13,42.5885009765625,42.78450012207031,42.58549880981445,42.72949981689453,38194000.0,14.517637080900162,15.589689474192417,22.043665827087214,19.603965944481594,21.839086060934,1.96,55.0,-1.29,2.45
AMZN,2017-03-14,42.6775016784668,42.6875,42.37749862670898,42.62649917602539,42612000.0,14.38955637887647,15.505469642240827,22.032169520734097,19.199570773909368,21.837056051965543,1.87,54.0,-1.31,2.45
AMZN,2017-03-15,42.71649932861328,42.72249984741211,42.355499267578125,42.64849853515625,51244000.0,14.122806267762614,15.307000855922121,22.032095242724164,19.14624198067834,21.832048031198127,1.78,53.0,-1.33,2.45
AMZN,2017-03-16,42.76499938964844,42.775001525878906,42.5255012512207,42.67100143432617,36846000.0,13.830370488120163,15.25616516358584,21.979632126054717,18.9574840646399,21.8230532203132,1.68,52.0,-1.35,2.52
AMZN,2017-03-17,42.67449951171875,42.69150161743164,42.53200149536133,42.615501403808594,67688000.0,13.617610530157387,15.158598713047548,21.921290758083643,18.924181764305374,21.646726433432008,1.57,46.0,-1.37,2.56
AMZN,2017-03-20,42.57550048828125,42.88999938964844,42.55049896240234,42.8484992980957,45654000.0,8.155727512019991,15.142163834144789,21.634462781089745,18.931258350217984,21.598085447746325,1.46,33.0,-1.37,2.75
AMZN,2017-03-21,42.94200134277344,43.13999938964844,42.06549835205078,42.15999984741211,87658000.0,9.601701746613964,15.575848853550687,21.78357967749614,18.976888997470194,21.671774115549116,1.34,43.0,-1.38,2.59
AMZN,2017-03-22,42.02149963378906,42.46849822998047,41.95249938964844,42.40299987792969,53174000.0,9.59155579017509,15.529562141914116,21.662846710839226,18.983520726378842,21.652435330076234,1.22,36.0,-1.39,2.74
AMZN,2017-03-23,42.40999984741211,42.54449844360352,42.2400016784668,42.36899948120117,39060000.0,9.348464386399534,15.419759073661918,21.645930548023273,18.92950681376306,21.604421729614774,1.08,32.0,-1.41,2.76
AMZN,2017-03-24,42.58399963378906,42.59000015258789,42.17649841308594,42.28049850463867,42766000.0,9.38948831673178,15.223496377573396,19.907561203669154,18.930781119055883,21.49891322145095,1.04,8.0,-1.42,1.79
AMZN,2017-03-27,41.90349960327149,42.51499938964844,41.67499923706055,42.34099960327149,55116000.0,9.191606446523656,15.22302510874716,19.73377269148803,18.879726491039246,21.48815628219735,1.0,6.0,-1.44,1.92
AMZN,2017-03-28,42.587501525878906,42.92300033569336,42.505001068115234,42.79999923706055,60832000.0,9.180231224441568,15.175364640398344,19.772039813682046,18.88086417558593,21.391337110208696,0.96,6.0,-1.45,1.89
AMZN,2017-03-29,42.95249938964844,43.821998596191406,42.95100021362305,43.71599960327149,89716000.0,10.91222133638318,14.974741311200432,19.57197157963109,19.010336789695252,21.471956392621124,0.94,3.0,-1.42,1.96
AMZN,2017-03-30,43.747501373291016,43.85300064086914,43.58300018310547,43.81700134277344,55254000.0,10.765230003571313,14.96576739506234,19.572367951962924,18.985069695582606,21.448731543829982,0.92,3.0,-1.39,1.96
AMZN,2017-03-31,43.84999847412109,44.51750183105469,43.83250045776367,44.32699966430664,79152000.0,11.169360733330807,15.074835455061999,19.445715824406687,19.023721318717666,21.46202577569877,0.9,1.0,-1.32,2.07
AMZN,2017-04-03,44.400001525878906,44.67449951171875,44.27099990844727,44.57550048828125,68446000.0,11.226402077315617,13.9484457185291,18.52091884815777,19.002525349782314,21.439976065605077,0.94,1.0,-1.26,2.05
AMZN,2017-04-04,44.57500076293945,45.42699813842773,44.51399993896485,45.34149932861328,99694000.0,11.599994311221367,13.815128122860257,18.68605398320787,19.09620373214585,21.451743106588626,0.97,2.0,-1.14,1.92
AMZN,2017-04-05,45.54100036621094,46.18600082397461,45.28099822998047,45.4640007019043,150168000.0,11.56966150463847,13.813932633967124,18.358206846402997,19.090871317762694,21.30348036943017,1.01,1.0,-1.04,2.19
AMZN,2017-04-06,45.68999862670898,45.859500885009766,44.7244987487793,44.91400146484375,126882000.0,12.166383352603965,14.108246676554353,17.31254528846575,19.13920378189867,21.25888062355354,1.1,1.0,-1.0,1.63
AMZN,2017-04-07,44.98249816894531,45.00450134277344,44.46549987792969,44.74399948120117,74218000.0,11.918299896403054,14.152320968475967,17.305771045863683,19.144948498768404,21.262607583616727,1.19,1.0,-0.98,1.64
AMZN,2017-04-10,44.98149871826172,45.42549896240234,44.95000076293945,45.35200119018555,63686000.0,12.372542310262165,13.955606623878971,16.75343403066362,19.201664193068833,21.29566568478043,1.29,1.0,-1.0,1.68
AMZN,2017-04-11,45.35200119018555,45.5620002746582,44.875,45.11800003051758,60254000.0,12.417236016040862,14.018403505064217,16.05258165415623,19.191598535590884,21.280870421135596,1.4,1.0,-0.98,1.65
AMZN,2017-04-12,45.15449905395508,45.204498291015625,44.76250076293945,44.811500549316406,49122000.0,12.484270475059791,13.950512712757659,16.1076317673363,19.198848198443706,21.224363826192693,1.51,2.0,-0.98,1.59
AMZN,2017-04-13,44.5724983215332,44.74850082397461,44.2244987487793,44.23350143432617,63492000.0,13.058993311365393,14.243924711628239,16.17343783522671,19.270920076185938,21.257903775110425,1.6,3.0,-0.99,1.53
AMZN,2017-04-17,44.375,45.11899948120117,44.375,45.0994987487793,57094000.0,14.06286864608928,14.70715105389823,16.41095276864116,19.24231191670078,21.32300287032638,1.68,4.0,-0.97,1.37
AMZN,2017-04-18,45.04949951171875,45.480499267578125,45.03900146484375,45.18899917602539,59984000.0,13.953614204140013,14.696479481582264,15.951460717449542,19.223618175993334,21.27963489507642,1.77,1.0,-0.97,1.54
AMZN,2017-04-19,45.391998291015625,45.525001525878906,44.868499755859375,44.959999084472656,57404000.0,14.089275734302028,14.617423344108666,15.961868264779172,19.19428739795671,21.24840871797654,1.85,2.0,-0.99,1.52
AMZN,2017-04-20,44.98500061035156,45.26599884033203,44.81449890136719,45.10300064086914,56288000.0,14.060262042965027,14.597848416952026,15.912505708649327,19.157352864400888,21.2386648099896,1.93,1.0,-0.99,1.58
AMZN,2017-04-21,45.13349914550781,45.182498931884766,44.8385009765625,44.92649841308594,48410000.0,14.159090391569256,14.278824405770074,15.934415134243121,19.137642845259837,21.240467646959427,2.01,2.0,-0.99,1.56
AMZN,2017-04-24,45.43399810791016,45.4995002746582,45.19100189208984,45.37049865722656,62458000.0,14.331028827356135,14.383365893265285,15.695228359615218,19.147887811146646,21.17837775825707,2.09,1.0,-0.98,1.71
AMZN,2017-04-25,45.35200119018555,45.4739990234375,45.150001525878906,45.38100051879883,67612000.0,14.340375512840007,14.342233083952072,15.6540816729832,19.135438276392136,21.164864267050323,2.16,1.0,-0.96,1.76
AMZN,2017-04-26,45.51499938964844,45.78749847412109,45.37799835205078,45.464500427246094,52178000.0,14.279308393463724,14.248905759575187,15.39942206405082,19.1357183043592,21.100207000520214,2.24,1.0,-0.95,1.99
AMZN,2017-04-27,45.71950149536133,46.09299850463867,45.605499267578125,45.91899871826172,106110000.0,14.446255997566656,14.201456069984772,15.346239545032326,19.16470999324036,21.035753488907833,2.31,1.0,-0.94,2.06
AMZN,2017-04-28,47.44150161743164,47.47949981689453,46.21649932861328,46.2495002746582,147294000.0,14.497161823986337,14.125034678356036,15.330540864825473,19.17847672178868,21.022593725111683,2.38,1.0,-0.93,2.08
AMZN,2017-05-01,46.38999938964844,47.720001220703125,46.38999938964844,47.4114990234375,109330000.0,15.791364334088826,14.823924991636414,15.309557278157616,19.381901167860978,19.1424065393626,2.45,1.0,-0.8,2.08
AMZN,2017-05-02,47.33250045776367,47.505001068115234,47.070499420166016,47.34700012207031,76976000.0,15.843610800984251,12.54739383205207,15.300383826298484,19.384053622528803,18.8249769722261,2.51,1.0,-0.72,2.09
AMZN,2017-05-03,47.29999923706055,47.29999923706055,46.79499816894531,47.05149841308594,71654000.0,15.019684905574895,12.623950305126616,15.334186733707966,19.38895692726917,18.735439073991387,2.57,4.0,-0.68,2.03
AMZN,2017-05-04,47.23749923706055,47.25,46.71099853515625,46.87649917602539,48368000.0,15.155579864750107,12.667638751779236,15.331333271337142,19.380042514555978,18.741269818496942,2.63,4.0,-0.67,2.04
AMZN,2017-05-05,47.0260009765625,47.03950119018555,46.51499938964844,46.70750045776367,57328000.0,15.243975023238383,12.65379596901776,15.357186511777767,19.388143624328098,18.649777402628477,2.68,7.0,-0.66,2.0
AMZN,2017-05-08,47.04750061035156,47.45249938964844,46.96049880981445,47.45199966430664,68314000.0,15.57849100325123,12.95852470247019,15.367736905094468,19.46529401322894,18.58796858999943,2.73,8.0,-0.63,2.01
AMZN,2017-05-09,47.63999938964844,47.89450073242188,47.5099983215332,47.64099884033203,65242000.0,15.56163957489014,12.921140583269406,15.14649703752684,19.427058123243203,18.575748774247412,2.78,1.0,-0.6,2.21
AMZN,2017-05-10,47.67499923706055,47.6875,47.25,47.4474983215332,41930000.0,15.588783230056533,12.86213737806799,15.106525698082818,19.436402960889733,18.29649125042319,2.83,1.0,-0.59,2.26
AMZN,2017-05-11,47.25550079345703,47.51449966430664,47.03900146484375,47.38100051879883,43882000.0,14.704467700434884,12.873928694772365,14.987712699696543,19.436296695830503,18.25051022024624,2.88,1.0,-0.6,2.41
AMZN,2017-05-12,47.72499847412109,48.13949966430664,47.57649993896485,48.067501068115234,72518000.0,15.089225903793583,13.073211684137695,15.075436638090395,19.474759247303542,18.29060146466381,2.93,2.0,-0.58,2.33
AMZN,2017-05-15,47.936500549316406,48.157501220703125,47.803001403808594,47.89849853515625,85412000.0,14.985394030448177,13.125376612178345,15.04318383354008,19.48259229262166,18.25446110847671,2.97,2.0,-0.57,2.35
AMZN,2017-05-16,48.04999923706055,48.50299835205078,48.045501708984375,48.30350112915039,62522000.0,15.057004883723588,13.186945417596824,15.057948444610968,19.45304331427099,18.268767979881968,3.01,3.0,-0.56,2.33
AMZN,2017-05-17,47.73500061035156,48.02000045776367,47.20600128173828,47.23799896240234,102912000.0,16.079294128611423,13.9070881331293,15.5479206516593,19.650774526510105,18.274040775687624,3.05,16.0,-0.58,2.07
AMZN,2017-05-18,47.2400016784668,48.13750076293945,47.23799896240234,47.92449951171875,78786000.0,16.51719228808387,14.139944788200623,15.623102629656952,19.700672787499585,18.320782737112346,3.08,17.0,-0.6,2.02
AMZN,2017-05-19,48.141998291015625,48.44599914550781,47.98600006103516,47.992000579833984,79442000.0,15.982394447359564,14.086932997841897,15.545075488422274,19.70044111739659,18.32076838509498,3.11,16.0,-0.62,2.12
AMZN,2017-05-22,48.20000076293945,48.56900024414063,48.14500045776367,48.53350067138672,52844000.0,16.08443538248784,14.049878970219945,15.495954605573505,19.735734739658326,18.341464893423325,3.13,16.0,-0.63,2.17
AMZN,2017-05-23,48.7509994506836,48.7599983215332,48.34249877929688,48.57699966430664,48312000.0,15.761463713412798,14.048219519880709,15.496067659381477,19.73537011484667,18.314415453521242,3.16,17.0,-0.64,2.17
AMZN,2017-05-24,48.79999923706055,49.04999923706055,48.51150131225586,49.01750183105469,48920000.0,15.714465610156358,14.049159924804295,15.424073593928114,19.616716164842103,18.306905699427627,3.19,16.0,-0.65,2.27
AMZN,2017-05-25,49.24250030517578,49.95000076293945,49.105499267578125,49.66899871826172,96440000.0,15.72516422626355,14.149046907559965,15.082681905225535,19.651089749674387,18.339878059158508,3.22,5.0,-0.68,2.5
AMZN,2017-05-26,49.75,49.932498931884766,49.462501525878906,49.78900146484375,69384000.0,14.942413197568788,14.063969831012265,15.078513014992655,19.650284869152635,18.323153698861095,3.24,5.0,-0.72,2.5
AMZN,2017-05-30,49.82550048828125,50.060001373291016,49.7760009765625,49.834999084472656,65262000.0,14.225044400817064,14.065048447786188,15.07840085328674,19.270672071114348,18.316165439120073,3.27,5.0,-0.78,2.49
AMZN,2017-05-31,50.0,50.00600051879883,49.108001708984375,49.73099899291992,78262000.0,14.30722416212769,14.034756617018063,14.436333891417041,19.209947498160833,18.270016649880148,3.3,1.0,-0.81,2.6
AMZN,2017-06-01,49.929500579833984,49.949501037597656,49.56850051879883,49.79750061035156,49096000.0,14.104232931398084,14.020002981832816,14.168327164591238,19.125883290968773,18.260371637077807,3.32,1.0,-0.83,2.83
AMZN,2017-06-02,49.949501037597656,50.42399978637695,49.78350067138672,50.33649826049805,75046000.0,14.264083436000632,14.107587472430517,14.231599945009796,19.156548689946113,18.252584322965653,3.35,2.0,-0.82,2.77
AMZN,2017-06-05,50.36149978637695,50.66049957275391,50.17549896240234,50.56700134277344,54398000.0,14.083107055833977,14.112175210543507,14.224040395333478,19.125325050346696,18.24860044849368,3.37,2.0,-0.82,2.79
AMZN,2017-06-06,50.59999847412109,50.82500076293945,50.0625,50.150001525878906,66928000.0,14.39963241662206,14.278562648795706,14.322300073091146,19.12386366744959,18.273791738595147,3.39,4.0,-0.86,2.62
AMZN,2017-06-07,50.29750061035156,50.51250076293945,50.09999847412109,50.50350189208984,56460000.0,14.406846231915177,14.305788037928046,14.11629581484552,19.122782780179666,18.274710466519068,3.41,1.0,-0.88,2.82
AMZN,2017-06-08,50.60300064086914,50.68050003051758,50.30550003051758,50.51350021362305,55358000.0,14.431752387556953,14.275228435698981,14.115534699394086,19.113671093649945,18.273074869449125,3.43,1.0,-0.91,2.81
AMZN,2017-06-09,50.625,50.64950180053711,46.34999847412109,48.91550064086914,152954000.0,17.6074545398085,15.970082864345766,15.02619495346164,19.479378574801,18.576778133665027,3.43,9.0,-0.97,3.16
AMZN,2017-06-12,48.34999847412109,48.79750061035156,47.25,48.24549865722656,188944000.0,18.124187155034242,16.303532171505775,15.213919015464624,19.446694619993217,18.579305803779704,3.43,18.0,-1.02,2.9
AMZN,2017-06-13,48.89950180053711,49.22499847412109,48.30500030517578,49.03950119018555,91600000.0,17.320629137894617,16.547254305592165,15.388086715575607,19.53092543144133,18.634323815317547,3.42,27.0,-1.08,2.74
AMZN,2017-06-14,49.429500579833984,49.516998291015625,48.33549880981445,48.82350158691406,79498000.0,17.381213039880304,16.591479777440394,15.414701020030137,19.51061252480231,18.637634329828973,3.42,29.0,-1.13,2.69
AMZN,2017-06-15,47.935001373291016,48.2864990234375,47.542999267578125,48.20849990844727,107478000.0,17.711187630585282,16.439880053068492,15.50450046950812,19.434285260574434,18.67122310893671,3.41,33.0,-1.17,2.51
AMZN,2017-06-16,49.79999923706055,49.98749923706055,49.09999847412109,49.385501861572266,229454000.0,18.891135272677335,17.02830791075696,15.89876481762304,19.55345785586761,18.808666231836682,3.39,39.0,-1.21,2.29
AMZN,2017-06-19,50.84999847412109,50.84999847412109,49.494998931884766,49.75849914550781,100868000.0,18.89281158749194,17.043987621449418,15.739615531688708,19.568672079240585,18.74231167847733,3.38,39.0,-1.25,2.43
AMZN,2017-06-20,49.900001525878906,50.24399948120117,49.60100173950195,49.62950134277344,81536000.0,18.4813294228989,17.05033564981618,15.752931547036894,19.54454496004016,18.72279199503835,3.36,40.0,-1.28,2.39
AMZN,2017-06-21,49.935001373291016,50.13600158691406,49.63249969482422,50.11149978637695,58450000.0,18.620716804433364,17.108162598886743,15.77653080402534,19.57074632470536,18.74105594250669,3.34,41.0,-1.3,2.4
AMZN,2017-06-22,50.11149978637695,50.34799957275391,49.86000061035156,50.06499862670898,45068000.0,18.558500551800936,17.043244016534242,15.72688993049734,19.5655896157271,18.722312822497543,3.32,39.0,-1.33,2.48
AMZN,2017-06-23,50.12699890136719,50.23099899291992,49.9010009765625,50.1870002746582,57582000.0,18.534447120834315,16.598361514883862,15.641514840421609,19.520175066632373,18.664669527757386,3.3,37.0,-1.35,2.63
AMZN,2017-06-26,50.42499923706055,50.4900016784668,49.59999847412109,49.69900131225586,67724000.0,18.444569811210208,16.781721241761502,15.688308700496304,19.55533795834306,18.386896376267238,3.28,39.0,-1.37,2.51
AMZN,2017-06-27,49.53450012207031,49.93999862670898,48.79999923706055,48.8390007019043,75648000.0,19.17637697877353,17.132621624938245,15.93721781959741,19.671548050392147,18.44229850904067,3.26,48.0,-1.38,2.23
AMZN,2017-06-28,48.9275016784668,49.53400039672852,48.46049880981445,49.51649856567383,74752000.0,19.426250591947184,17.295114937138553,14.874918838447728,19.729835292546685,18.34797689469054,3.24,8.0,-1.41,1.34
AMZN,2017-06-29,48.95000076293945,49.37799835205078,48.26250076293945,48.79650115966797,86060000.0,18.748822610707087,17.31798580571901,15.086729003528948,19.749043651615274,18.39282468131281,3.22,17.0,-1.44,1.18
AMZN,2017-06-30,49.00600051879883,49.17350006103516,48.38050079345703,48.400001525878906,67806000.0,18.492774834171062,17.421137835698964,15.155883711421522,19.775120714664688,18.416406428330532,3.19,20.0,-1.46,1.09
AMZN,2017-07-03,48.63949966430664,48.7244987487793,47.54999923706055,47.68299865722656,58182000.0,19.008645018916347,17.51921566604753,15.341401474055813,19.847590799520496,18.441960588024823,3.16,27.0,-1.47,0.95
AMZN,2017-07-05,48.07649993896485,48.75,47.76250076293945,48.56999969482422,73060000.0,19.49430643164686,17.848634039444534,15.574622658037143,19.93143292916424,18.522078668649534,3.13,40.0,-1.49,0.83
AMZN,2017-07-06,48.233001708984375,48.720001220703125,47.95100021362305,48.25699996948242,65192000.0,19.58227447403568,17.73771398156508,15.600464461734559,19.889435396557744,18.499402878598538,3.09,41.0,-1.49,0.79
AMZN,2017-07-07,48.477500915527344,49.00550079345703,48.45700073242188,48.9379997253418,52868000.0,19.83852650100239,17.886110171756822,15.65572229263005,19.941404624725255,18.5429111160304,3.05,45.0,-1.49,0.76
AMZN,2017-07-10,49.25,49.97200012207031,49.17499923706055,49.82350158691406,70926000.0,20.157923140646457,18.12081176057721,15.866829047783874,20.04142438797045,18.58447680423771,3.01,52.0,-1.49,0.65
AMZN,2017-07-11,49.650001525878906,49.79949951171875,49.18600082397461,49.70650100708008,59654000.0,20.15778118034421,17.88060292631067,15.85288443434503,20.00928764285492,18.563320270765512,2.97,52.0,-1.49,0.66
AMZN,2017-07-12,50.032501220703125,50.4275016784668,49.90499877929688,50.32550048828125,72172000.0,20.476867182461035,17.644588489756632,15.944029135559559,20.02193008700196,18.577681930701782,2.93,58.0,-1.48,0.6
AMZN,2017-07-13,50.23099899291992,50.34400177001953,49.79499816894531,50.03150177001953,57616000.0,20.5445527081482,17.714687782699055,15.989561117330114,19.868214016860332,18.570777670271312,2.89,61.0,-1.47,0.55
AMZN,2017-07-14,50.119998931884766,50.22249984741211,49.84450149536133,50.09049987792969,42050000.0,20.543845671767166,17.658765526627228,15.87971276995585,19.861126484219973,18.568151477514526,2.85,54.0,-1.45,0.62
AMZN,2017-07-17,50.234500885009766,50.73749923706055,50.19049835205078,50.50199890136719,74252000.0,20.441710524087156,17.70514983332051,15.908912672173114,19.785117811708268,18.559184501248748,2.8,56.0,-1.43,0.61
AMZN,2017-07-18,50.29999923706055,51.30149841308594,50.20000076293945,51.22249984741211,80152000.0,20.80957258715425,17.83935186837085,16.005444256273336,19.830586752674197,18.603955766914094,2.76,64.0,-1.4,0.56
AMZN,2017-07-19,51.25,51.579498291015625,51.125,51.34349822998047,59280000.0,20.65046693025785,17.768100546330825,15.924574114846344,18.76172789550464,18.600041923082884,2.71,58.0,-1.36,0.63
AMZN,2017-07-20,51.579498291015625,51.74850082397461,51.1259994506836,51.435001373291016,61950000.0,20.568537973536056,17.764122343733888,15.921138171993396,18.668700233802145,18.588774499470947,2.66,58.0,-1.33,0.63
AMZN,2017-07-21,51.06399917602539,51.30500030517578,50.54999923706055,51.28350067138672,54692000.0,20.594223722630662,17.794063622494445,15.909626573749632,18.657208767175344,18.59115324210886,2.61,57.0,-1.3,0.64
AMZN,2017-07-24,51.41699981689453,52.1505012512207,51.37149810791016,51.9474983215332,65760000.0,18.409028718736284,17.85958720544824,15.959591851641866,18.4248408020459,18.627114431832613,2.56,65.0,-1.25,0.61
AMZN,2017-07-25,51.90250015258789,52.166500091552734,51.624000549316406,51.993499755859375,48952000.0,17.79590407489318,17.82911764004094,15.922570436828373,18.425071176248377,18.608100564740198,2.5,60.0,-1.2,0.65
AMZN,2017-07-26,52.15999984741211,52.65999984741211,52.15999984741211,52.63999938964844,58426000.0,17.563686952593702,17.322419055858415,16.005989181173703,18.35061258466037,18.627942906367874,2.44,70.0,-1.14,0.6
AMZN,2017-07-27,53.477500915527344,54.16550064086914,52.00899887084961,52.29999923706055,219834000.0,17.642958328897386,17.39322263930333,16.03641504083234,17.841673779240462,18.644697169531575,2.38,71.0,-1.09,0.57
AMZN,2017-07-28,50.60699844360352,51.64250183105469,50.04999923706055,51.00199890136719,154188000.0,18.886700114158373,18.1726753878757,16.604516289720745,18.117983360349683,18.723746889157606,2.31,76.0,-1.07,0.54
AMZN,2017-07-31,50.95249938964844,50.95249938964844,49.35100173950195,49.38899993896485,147042000.0,20.126691663447957,19.402373953391695,17.44981636204942,18.369422548303667,19.004855237196843,2.24,80.0,-1.03,0.76
AMZN,2017-08-01,49.80550003051758,50.31999969482422,49.57899856567383,49.80950164794922,91452000.0,20.159533475922775,19.441250835834538,17.48360174983713,17.750024036735525,18.98944804761112,2.17,81.0,-0.98,0.74
AMZN,2017-08-02,50.0885009765625,50.16049957275391,49.08649826049805,49.79449844360352,81400000.0,20.144484684537556,19.19831169049191,17.482624950119725,17.736300652484243,18.961199859888904,2.1,81.0,-0.93,0.74
AMZN,2017-08-03,49.9734992980957,49.97499847412109,49.22949981689453,49.34600067138672,65116000.0,20.10328351731997,19.291694103291153,17.562670005935026,17.444639656334072,18.967278998265677,2.03,83.0,-0.87,0.66
AMZN,2017-08-04,49.48400115966797,49.58349990844727,49.09999847412109,49.37900161743164,54606000.0,20.10574481147976,19.26727439200448,17.552270123885286,17.042791950553738,18.954195192302443,1.95,83.0,-0.81,0.68
AMZN,2017-08-07,49.532501220703125,49.75,49.35699844360352,49.61349868774414,53532000.0,20.14560544892858,19.280220177676064,17.559219029304142,17.043710589243748,18.948942867287915,1.87,84.0,-0.75,0.68
AMZN,2017-08-08,49.71749877929688,49.81399917602539,49.28950119018555,49.492000579833984,58056000.0,19.960045428074487,19.080022809938132,17.56984071960287,16.99415529171164,18.952118916449738,1.79,86.0,-0.68,0.66
AMZN,2017-08-09,49.130001068115234,49.400001525878906,48.76350021362305,49.10049819946289,71394000.0,19.42613636322966,19.141088124251134,17.628152807558344,17.02565361792154,18.972820105253383,1.7,87.0,-0.61,0.61
AMZN,2017-08-10,48.81499862670898,48.99300003051758,47.73400115966797,47.84600067138672,113682000.0,20.390233733969065,19.807498612012168,18.139891523666716,17.082676455418934,19.16186902834274,1.63,88.0,-0.53,0.49
AMZN,2017-08-11,48.0,48.51950073242188,47.56900024414063,48.39950180053711,69360000.0,20.29366144423619,19.400555027646853,17.99980348796801,17.113610424192814,19.189610188936534,1.54,88.0,-0.5,0.6
AMZN,2017-08-14,48.920501708984375,49.275001525878906,48.80950164794922,49.165000915527344,63458000.0,20.66223530575952,19.441275035491316,18.129988175648474,17.174068446089077,19.246381130668123,1.45,89.0,-0.47,0.54
AMZN,2017-08-15,49.44499969482422,49.58700180053711,49.09999847412109,49.137001037597656,50986000.0,20.141960937384766,19.441233899417405,18.12928091136426,17.175095814271334,19.23681035874839,1.35,89.0,-0.45,0.54
AMZN,2017-08-16,49.08250045776367,49.323001861572266,48.6609992980957,48.90900039672852,62642000.0,19.507233568087962,19.335512497569802,18.14666909818425,17.042810625768144,19.2330633375373,1.31,92.0,-0.49,0.53
AMZN,2017-08-17,48.891998291015625,48.891998291015625,48.01599884033203,48.02849960327149,70248000.0,20.140849072148082,19.69453367206841,18.41210536249761,17.17954031085818,19.328134940443487,1.28,94.0,-0.59,0.37
AMZN,2017-08-18,48.06999969482422,48.27149963378906,47.73249816894531,47.92350006103516,65696000.0,19.692641208276378,19.604278058134213,18.356409007617415,17.06415733090961,19.330286665393004,1.25,93.0,-0.66,0.39
AMZN,2017-08-21,47.87850189208984,48.060001373291016,47.27299880981445,47.66450119018555,63290000.0,18.920744356303835,19.423968753669296,18.100873001504624,17.036517586382757,19.313103067137224,1.22,89.0,-0.64,0.44
AMZN,2017-08-22,47.7760009765625,48.39649963378906,47.775001525878906,48.345001220703125,55000000.0,19.453197724779297,19.652390609399674,18.222595338132862,17.08919872444278,19.357653174767464,1.19,94.0,-0.61,0.39
AMZN,2017-08-23,47.96900177001953,48.09999847412109,47.709999084472656,47.900001525878906,53366000.0,19.17587825797189,19.73151332591576,18.214361181718086,16.897861739239328,19.382219875646104,1.16,94.0,-0.56,0.35
AMZN,2017-08-24,47.87099838256836,47.95000076293945,47.05699920654297,47.622501373291016,103914000.0,19.174949904817307,19.75774335652181,18.22754969800644,16.904745766772898,19.378346808182965,1.15,96.0,-0.51,0.33
AMZN,2017-08-25,47.79999923706055,47.88100051879883,47.20500183105469,47.26300048828125,66496000.0,19.230766673717213,19.802481955109243,18.08286416674208,16.920403445242894,19.396156148995267,1.14,89.0,-0.45,0.36
AMZN,2017-08-28,47.32699966430664,47.650001525878906,47.11249923706055,47.30099868774414,51934000.0,19.011069818899344,19.657163841328032,18.079276228807068,16.909336593088515,19.359140776536403,1.13,89.0,-0.39,0.36
AMZN,2017-08-29,47.0,47.79999923706055,46.81650161743164,47.70299911499024,57486000.0,18.653384114175726,19.720689566344927,18.010774597996004,16.931265727731066,19.373043169090398,1.14,88.0,-0.32,0.43
AMZN,2017-08-30,47.922000885009766,48.47050094604492,47.84550094604492,48.37950134277344,58092000.0,19.212827193404255,19.89841683781561,18.12291553197799,16.935133109670556,19.409733048836312,1.15,91.0,-0.24,0.39
AMZN,2017-08-31,48.73500061035156,49.04999923706055,48.63800048828125,49.02999877929688,66630000.0,19.696641519389726,20.043810678418524,18.120414028747074,16.872081322849482,19.44923314863625,1.17,90.0,-0.14,0.39
AMZN,2017-09-01,49.209999084472656,49.22499847412109,48.84400177001953,48.91249847412109,50718000.0,19.69400027148353,20.04705132427452,18.102560931319413,16.847855252575457,19.451908908060453,1.19,89.0,-0.04,0.41
AMZN,2017-09-05,48.77000045776367,48.8385009765625,48.01850128173828,48.26350021362305,57664000.0,19.48831614734308,19.13053504874297,18.20218603445983,16.882176977199688,19.503874247996517,1.21,95.0,0.04,0.34
AMZN,2017-09-06,48.41600036621094,48.59199905395508,48.02999877929688,48.38999938964844,42598000.0,19.520535977556204,18.92795418709844,18.070764209926043,16.869807679760093,19.399385118550768,1.22,84.0,0.02,0.45
AMZN,2017-09-07,48.70000076293945,49.02949905395508,48.62749862670898,48.9734992980957,51336000.0,19.496427692194537,18.789035725144505,17.915499786950594,16.87971620152269,19.420799453803387,1.24,81.0,0.1,0.49
AMZN,2017-09-08,48.95500183105469,48.99399948120117,48.17350006103516,48.29499816894531,52106000.0,19.750668184932692,18.984887263579818,18.067191086106398,16.964068624870766,19.47688002274249,1.25,83.0,0.18,0.37
AMZN,2017-09-11,48.72299957275391,49.09700012207031,48.71099853515625,48.89799880981445,43734000.0,19.021798185194918,18.975763677988212,18.138795715648712,17.013502847590402,19.247360632606608,1.27,92.0,0.22,0.36
AMZN,2017-09-12,49.16350173950195,49.23350143432617,48.7760009765625,49.12900161743164,49622000.0,16.705476927647197,18.33850507451606,18.145476425618774,16.998494981448612,19.20097312102571,1.28,93.0,0.26,0.36
AMZN,2017-09-13,49.19850158691406,50.0,48.97100067138672,49.97999954223633,67494000.0,17.277209249772294,18.614098074095907,18.312364910704613,17.067337479422555,19.212698524606033,1.3,98.0,0.18,0.32
AMZN,2017-09-14,49.84000015258789,49.928001403808594,49.387001037597656,49.61050033569336,78266000.0,17.41473320254228,18.669831132088095,18.306913187463323,17.033773709258064,19.231270469129903,1.31,97.0,0.17,0.29
AMZN,2017-09-15,49.6505012512207,49.8125,49.20149993896485,49.339500427246094,75204000.0,17.28601179171067,18.592545080893117,18.334579033925852,17.0531213315814,19.215032351863876,1.33,98.0,0.12,0.26
AMZN,2017-09-18,49.52000045776367,49.63949966430664,48.40850067138672,48.70949935913086,68226000.0,17.67988264132386,18.77058571893925,18.46198719836106,17.09141590326905,19.236059764926132,1.34,100.0,0.03,0.17
AMZN,2017-09-19,48.86249923706055,48.9119987487793,48.37300109863281,48.49300003051758,53422000.0,17.645974993821607,18.778350610789094,18.419667277312527,16.913134693824354,19.23620422621231,1.35,99.0,0.01,0.17
AMZN,2017-09-20,48.589500427246094,48.740501403808594,48.108001708984375,48.66049957275391,57776000.0,17.679681952481555,18.697009257074125,18.39503830060609,16.909354165592898,19.229439342488792,1.37,97.0,0.02,0.18
AMZN,2017-09-21,48.56549835205078,48.584999084472656,48.10100173950195,48.23249816894531,46752000.0,17.713910321868813,18.441903284484447,18.035327546621048,16.948333141045953,19.220559868341454,1.37,74.0,0.05,0.17
AMZN,2017-09-22,48.05049896240234,48.28049850463867,47.72100067138672,47.755001068115234,52836000.0,16.28148492068115,18.31399062144205,18.10529836601668,16.647444173567955,19.16541312142013,1.38,80.0,0.07,0.12
AMZN,2017-09-25,47.46549987792969,47.47100067138672,46.64450073242188,46.98949813842773,102480000.0,16.545724648739967,18.366072686857613,18.261145922659217,16.62449572502752,19.239127390251323,1.38,92.0,0.07,0.03
AMZN,2017-09-26,47.27450180053711,47.43149948120117,46.587501525878906,46.93000030517578,71296000.0,15.772254213637074,18.299576348318,18.252588564278398,16.62648625092535,19.21967614753818,1.39,91.0,0.07,0.04
AMZN,2017-09-27,47.400001525878906,47.76499938964844,47.165000915527344,47.54349899291992,62978000.0,16.325309419021497,18.254759350367372,18.358621967080396,16.685640401898112,19.151161995919086,1.4,96.0,0.07,0.02
AMZN,2017-09-28,47.59299850463867,47.98500061035156,47.505001068115234,47.81999969482422,50452000.0,16.408461226382958,17.888452091157834,18.209728754709058,16.691786295201695,19.101221423355483,1.4,86.0,0.09,0.06
AMZN,2017-09-29,48.00550079345703,48.24150085449219,47.91899871826172,48.067501068115234,50876000.0,15.631418180299752,17.874872757163573,18.217171670488536,16.574499066918207,19.106735103303556,1.41,87.0,0.11,0.06
AMZN,2017-10-02,48.20000076293945,48.365501403808594,47.60599899291992,47.95949935913086,48858000.0,15.63217719710649,17.636904249593552,18.20888250190203,16.573871748001388,19.085831077578156,1.41,84.0,0.13,0.07
AMZN,2017-10-03,47.900001525878906,48.18450164794922,47.51850128173828,47.85499954223633,53332000.0,15.562201998443816,17.223879383255586,18.210945851956232,16.53514433566889,19.087383750876192,1.41,85.0,0.15,0.07
AMZN,2017-10-04,47.71049880981445,48.38949966430664,47.70249938964844,48.272499084472656,50548000.0,15.209074274922912,17.32614942408062,18.119397305727684,16.55461503365633,19.100960050453395,1.41,73.0,0.16,0.1
AMZN,2017-10-05,48.5,49.07550048828125,48.48199844360352,49.04249954223633,64584000.0,15.621925079659633,17.449505412882964,18.28207796317915,16.64707469834926,19.125853368143556,1.41,91.0,0.19,0.06
AMZN,2017-10-06,48.78200149536133,49.78749847412109,48.78200149536133,49.479000091552734,75642000.0,15.662286276534761,17.51455528731296,18.28723858042873,16.670898643739303,19.139847487970453,1.4,91.0,0.19,0.06
AMZN,2017-10-09,49.6619987487793,49.92499923706055,49.375,49.54949951171875,58772000.0,15.435829715642527,17.51544310426186,17.92697600193899,16.622984097547427,19.13714169061572,1.4,60.0,0.24,0.19
AMZN,2017-10-10,49.83349990844727,49.897499084472656,49.005001068115234,49.36000061035156,61698000.0,15.514219529280588,17.44334703714066,17.799170630536988,16.624387431991554,19.141279508982166,1.4,58.0,0.27,0.22
AMZN,2017-10-11,49.5634994506836,49.775001525878906,49.334999084472656,49.75,46742000.0,15.491771399306717,17.265903328241166,17.838971973532082,16.53599793644688,19.10718001232122,1.4,58.0,0.28,0.21
AMZN,2017-10-12,49.84049987792969,50.422000885009766,49.619998931884766,50.04650115966797,81346000.0,15.087110588312413,17.306686605099234,17.776750621885302,16.544512897364903,19.11199393113232,1.4,56.0,0.24,0.23
AMZN,2017-10-13,50.34999847412109,50.38850021362305,50.05149841308594,50.14699935913086,48630000.0,14.63980033958569,17.30797646906726,17.778560331830217,16.534169559430318,19.10123851832736,1.39,56.0,0.2,0.23
AMZN,2017-10-16,50.422000885009766,50.47850036621094,50.05199813842773,50.31700134277344,40178000.0,14.627615284237825,17.317151768910836,17.730699539028425,16.512480551847652,19.084356869650115,1.39,54.0,0.13,0.25
AMZN,2017-10-17,50.27949905395508,50.57350158691406,50.21900177001953,50.45650100708008,46394000.0,13.990397574800188,17.11129740700882,17.613815888533523,16.47561751285282,19.040390408807994,1.38,52.0,0.08,0.3
AMZN,2017-10-18,50.4635009765625,51.115501403808594,49.82749938964844,49.84999847412109,49994000.0,14.525975322389145,17.272850875916408,17.716756482290894,16.509799406848895,19.077892416931135,1.37,53.0,0.07,0.22
AMZN,2017-10-19,49.5,49.5525016784668,49.012001037597656,49.33050155639648,62164000.0,14.507331590367142,17.16905592648377,17.794079643758273,16.537165869564994,19.11098294271327,1.36,56.0,0.09,0.15
AMZN,2017-10-20,49.67649841308594,49.73099899291992,49.09999847412109,49.14550018310547,47302000.0,13.930038701881841,17.141541251812423,17.800791550314095,15.952247686229484,19.09104510624949,1.34,57.0,0.11,0.14
AMZN,2017-10-23,49.33649826049805,49.3390007019043,48.125,48.31499862670898,69882000.0,14.365707870682268,16.731178113574032,18.00054887598246,16.088100647845675,19.147912169110278,1.31,61.0,0.12,0.03
AMZN,2017-10-24,48.45000076293945,48.99250030517578,48.25,48.79499816894531,54478000.0,14.601969918697927,15.555545157561069,17.98731513117495,16.111669007755154,19.0382380803262,1.28,59.0,0.18,0.03
AMZN,2017-10-25,48.900001525878906,49.22200012207031,48.3120002746582,48.64550018310547,60662000.0,13.653606310099283,15.460055714735107,17.975429537173934,16.091914439930193,19.037400081301747,1.25,58.0,0.27,0.03
AMZN,2017-10-26,49.01649856567383,49.14500045776367,48.4275016784668,48.62149810791016,112374000.0,13.513120575681564,15.460056609048628,17.930839485645254,16.09232252416738,18.97159339815772,1.23,57.0,0.33,0.07
AMZN,2017-10-27,52.90700149536133,55.27899932861328,52.52750015258789,55.04750061035156,331300000.0,38.54086812508842,29.757915096852113,26.661359667639754,21.70176310340638,22.62659516144594,1.52,100.0,3.17,27.28
AMZN,2017-10-30,54.7504997253418,56.13949966430664,54.678001403808594,55.54249954223633,132262000.0,38.24667000695969,29.792599087489624,26.692012591376063,21.691205634398166,21.982595325458657,1.76,100.0,4.6,27.07
AMZN,2017-10-31,55.45000076293945,55.527000427246094,55.055999755859375,55.26399993896485,69540000.0,38.25850704744032,29.820913009595216,26.17832818223534,21.704319479654604,21.934449642086907,1.95,98.0,4.45,29.06
AMZN,2017-11-01,55.27000045776367,55.44850158691406,54.83700180053711,55.18399810791016,75110000.0,38.29491917426478,29.815515155682306,26.07126596245668,21.69553801028046,21.92520387685053,2.12,97.0,4.03,29.46
AMZN,2017-11-02,54.89049911499024,55.09700012207031,54.34349822998047,54.71099853515625,73698000.0,38.288284421235325,29.825139994614126,26.00695720205517,21.728450898629024,21.780901040188212,2.27,96.0,3.44,30.03
AMZN,2017-11-03,54.557498931884766,55.63399887084961,54.42599868774414,55.58000183105469,75030000.0,38.18751885551369,29.39194269712089,26.095202415332174,21.794331981422683,21.82801906020449,2.4,97.0,3.09,29.39
AMZN,2017-11-06,55.45750045776367,56.27050018310547,55.4384994506836,56.03300094604492,67622000.0,37.65996450247134,29.35581585131668,26.02046052831184,21.763014799829584,21.769426071697744,2.53,95.0,2.83,29.55
AMZN,2017-11-07,56.23699951171875,56.52999877929688,55.875,56.15850067138672,53780000.0,37.615948628425535,29.225611508261608,25.766933225308343,21.761212193984704,21.4460499234438,2.64,93.0,2.53,31.04
AMZN,2017-11-08,56.14099884033203,56.777000427246094,55.95550155639648,56.64400100708008,51630000.0,37.56647001071885,29.248754065269615,25.774185440384983,21.767370298422552,21.457014746351383,2.74,93.0,2.31,30.99
AMZN,2017-11-09,56.29800033569336,56.48099899291992,55.78850173950195,56.45650100708008,74654000.0,37.660057664557314,29.236342489101062,25.777205164076307,21.7441999566686,21.350659885682134,2.83,93.0,1.99,30.98
AMZN,2017-11-10,56.30500030517578,56.587501525878906,56.20299911499024,56.26750183105469,43598000.0,37.74813475035453,28.947620217285447,25.75235489075513,21.750198966987664,20.96635698879979,2.92,90.0,1.68,31.25
AMZN,2017-11-13,56.150001525878906,56.994998931884766,56.117000579833984,56.45849990844727,58368000.0,37.68611328299439,28.930456160415048,25.75256788381538,21.740206365922678,20.957813474425844,3.0,90.0,1.39,31.2
AMZN,2017-11-14,56.50550079345703,56.900001525878906,56.19449996948242,56.84199905395508,62768000.0,37.618081078797296,28.891597555190025,25.76704142736833,21.728810432784577,20.76004532255798,3.08,91.0,1.16,31.08
AMZN,2017-11-15,56.35049819946289,56.587501525878906,56.08150100708008,56.33449935913086,78574000.0,37.84509713825106,28.896324191864153,25.758618015612512,21.751251292909295,20.549384568623083,3.15,89.0,0.89,31.12
AMZN,2017-11-16,56.507999420166016,56.90800094604492,56.50249862670898,56.86449813842773,44266000.0,37.73286053087212,28.82344820420685,25.614218993877124,21.770706498579802,20.562092605065683,3.21,86.0,0.67,31.59
AMZN,2017-11-17,56.91400146484375,56.93999862670898,56.29050064086914,56.49399948120117,48268000.0,37.85726388429861,28.83316586428372,25.569766843574165,21.782507768889335,20.545770500673434,3.26,85.0,0.44,32.05
AMZN,2017-11-20,56.48849868774414,56.67100143432617,56.12749862670898,56.31549835205078,43278000.0,37.91213377276627,28.779151030882765,25.45196654253704,21.788132533814412,20.54846701739104,3.3,84.0,0.23,32.56
AMZN,2017-11-21,56.64300155639648,57.0,56.40999984741211,56.9744987487793,49588000.0,37.89003469794154,28.83066693981685,25.456034835255913,21.81623241145005,20.429594654927925,3.34,84.0,0.06,32.33
AMZN,2017-11-22,57.04999923706055,58.01350021362305,57.04999923706055,57.80799865722656,71106000.0,37.98609890749735,28.90546313888874,25.397691403592148,21.869052854453326,20.46423897033318,3.38,82.0,-0.04,32.32
AMZN,2017-11-24,58.03499984741211,59.34199905395508,58.03499984741211,59.29999923706055,70560000.0,38.447394092233154,29.181835448578113,25.538606999933798,22.047579214407715,20.58708242860215,3.42,84.0,0.01,31.51
AMZN,2017-11-27,60.132999420166016,60.670501708984375,59.557498931884766,59.791500091552734,134880000.0,38.43850759677203,29.12610928452223,25.521361405856872,22.06053494344528,20.59717568313141,3.46,83.0,0.06,31.45
AMZN,2017-11-28,60.24399948120117,60.266998291015625,59.42599868774414,59.68000030517578,91188000.0,38.49801683830664,29.121854806556556,25.45777798518254,22.05913608364188,20.509290437523052,3.49,82.0,0.03,31.96
AMZN,2017-11-29,59.7400016784668,59.7400016784668,57.259498596191406,58.0634994506836,185150000.0,39.676087261982,29.606103041096173,25.752044404926078,22.329994622201717,20.70372979374527,3.53,86.0,-0.14,30.95
AMZN,2017-11-30,58.35499954223633,58.92850112915039,58.0,58.837501525878906,90184000.0,39.424004126023746,29.678978833250795,25.811118342543658,22.371122756286123,20.661391233168864,3.57,93.0,-0.26,30.49
AMZN,2017-12-01,58.602500915527344,58.98249816894531,57.59999847412109,58.11750030517578,82142000.0,39.49231859845984,29.79132592977028,25.848372728789222,22.430367901332186,20.680007326289978,3.6,93.0,-0.4,30.55
AMZN,2017-12-04,58.692501068115234,58.7599983215332,56.400001525878906,56.6974983215332,118638000.0,40.376191885192675,30.131233143952784,26.15593827098859,22.643127468483286,20.840142596725993,3.64,97.0,-0.54,29.24
AMZN,2017-12-05,56.41299819946289,57.9635009765625,56.23699951171875,57.07849884033203,81596000.0,39.84471805889911,30.075101316267137,26.170218770746057,22.552262877327152,20.71043286374702,3.67,97.0,-0.66,29.12
AMZN,2017-12-06,56.89950180053711,57.79449844360352,56.80400085449219,57.61750030517578,57066000.0,39.84037013249151,30.10462495871769,26.17907150579381,22.565662091261657,20.717991345443053,3.7,98.0,-0.77,29.07
AMZN,2017-12-07,57.829498291015625,58.15950012207031,57.54999923706055,57.98949813842773,50232000.0,39.75705787823037,29.96356199443271,26.111175438391083,22.57059800185173,20.71544458800903,3.73,94.0,-0.87,29.47
AMZN,2017-12-08,58.52000045776367,58.63949966430664,57.85499954223633,58.09999847412109,61002000.0,39.72984646329698,29.892857820767144,26.11077870775207,22.565992127963113,20.707714432478742,3.75,93.0,-0.96,29.48
AMZN,2017-12-11,58.22999954223633,58.494998931884766,57.84999847412109,58.44599914550781,47270000.0,18.00187045139222,29.85209003849566,26.12132141437817,22.571350030863027,20.712158437589906,3.77,94.0,-1.04,29.39
AMZN,2017-12-12,58.32550048828125,58.68000030517578,58.08050155639648,58.25400161743164,44718000.0,17.94042824459478,29.701607152293207,26.12278062570433,22.553839752254724,20.67808681839229,3.78,94.0,-1.12,29.38
AMZN,2017-12-13,58.5,58.54349899291992,58.01350021362305,58.20650100708008,52336000.0,17.84676166286843,29.672038473453277,26.058471704522397,22.43645860033606,20.610300412172382,3.8,88.0,-1.19,29.83
AMZN,2017-12-14,58.18550109863281,58.89649963378906,58.122501373291016,58.7130012512207,64286000.0,17.930764074384058,29.69432744321192,26.085798385540777,22.45191978014566,20.6034082332631,3.81,89.0,-1.25,29.62
AMZN,2017-12-15,58.95149993896485,59.13750076293945,58.46649932861328,58.95700073242188,95572000.0,17.649810751126083,29.589916834559922,26.02902977500684,22.42278202298093,20.570136492778776,3.82,86.0,-1.3,29.99
AMZN,2017-12-18,59.368499755859375,59.73899841308594,59.045501708984375,59.52899932861328,58952000.0,17.33700873374896,29.4862587916783,26.034924839255297,22.438158134981883,20.576486594972796,3.82,86.0,-1.34,29.8
AMZN,2017-12-19,59.45750045776367,59.64849853515625,58.95700073242188,59.36899948120117,51756000.0,17.30419428934008,29.22739026672246,25.696644457495527,22.36846622042342,20.561408660082307,3.83,72.0,-1.39,31.25
AMZN,2017-12-20,59.525001525878906,59.54999923706055,58.79999923706055,58.88100051879883,47424000.0,17.553229550307837,29.315062157797655,25.17479121146508,22.39770643507931,20.57933055160692,3.84,63.0,-1.44,33.7
AMZN,2017-12-21,58.79499816894531,58.95849990844727,58.38199996948242,58.73799896240234,42462000.0,17.46039452951143,29.278517665214004,25.160227842008954,22.343982734472533,20.581945805941672,3.84,62.0,-1.49,33.91
AMZN,2017-12-22,58.604000091552734,58.73099899291992,58.39149856567383,58.417999267578125,31702000.0,17.519744854614032,29.33206147325557,25.18374184844162,22.350416870102446,20.581663579780443,3.85,63.0,-1.54,33.84
AMZN,2017-12-26,58.417999267578125,58.91600036621094,58.02750015258789,58.8380012512207,40104000.0,17.550575219605552,29.340250454027704,25.140770522977096,22.315019215616797,20.56813556626324,3.85,60.0,-1.58,33.9
AMZN,2017-12-27,58.99549865722656,59.36449813842773,58.78049850463867,59.11299896240234,37344000.0,17.56643834312895,29.31789762651328,25.144355273255325,22.30428963280491,20.532704561027913,3.85,60.0,-1.62,33.83
AMZN,2017-12-28,59.45000076293945,59.505001068115234,59.21900177001953,59.30500030517578,36834000.0,17.504683435838817,29.29418687743809,25.14102803607304,22.2832272015474,20.53314864924533,3.85,59.0,-1.65,33.87
AMZN,2017-12-29,59.11750030517578,59.20000076293945,58.375,58.4734992980957,53768000.0,17.830835217858155,29.496396280916066,25.259027589668776,22.29408082432046,20.56587676624238,3.85,63.0,-1.68,33.33
AMZN,2018-01-02,58.59999847412109,59.5,58.5255012512207,59.45050048828125,53890000.0,18.23383550285079,29.510416234713936,25.321300511413835,22.26480919052732,20.501972514931943,3.85,63.0,-1.71,32.71
AMZN,2018-01-03,59.415000915527344,60.27450180053711,59.415000915527344,60.209999084472656,62176000.0,18.35039480199375,29.552209547450897,24.981674130625258,22.30388236732645,20.528256495836516,3.85,55.0,-1.72,34.14
AMZN,2018-01-04,60.25,60.79349899291992,60.233001708984375,60.47949981689453,60442000.0,18.292490053761075,29.55066210413568,24.940628061969655,22.292261004010207,20.528018476293425,3.84,54.0,-1.72,34.47
AMZN,2018-01-05,60.8754997253418,61.45700073242188,60.5,61.45700073242188,70894000.0,18.528839120317432,29.625593350094075,24.945369584411594,22.356489787067556,20.37902727179929,3.84,54.0,-1.71,34.43
AMZN,2018-01-08,61.79999923706055,62.65399932861328,61.60150146484375,62.34349822998047,85590000.0,18.517575489939205,29.694239681804657,25.014715034441444,22.39586715867101,20.33852027323811,3.84,55.0,-1.67,33.85
AMZN,2018-01-09,62.845001220703125,62.96649932861328,62.0880012512207,62.6349983215332,73226000.0,17.211038534500624,29.691385689386163,24.991763215142914,22.37817030786751,20.340468046663805,3.83,54.0,-1.63,33.88
AMZN,2018-01-10,62.25749969482422,62.71649932861328,61.86149978637695,62.71649932861328,53720000.0,17.10293628028668,29.693497665179002,24.77261409408942,22.377478654516345,20.338187139707927,3.83,50.0,-1.6,34.94
AMZN,2018-01-11,62.98699951171875,63.8385009765625,62.823001861572266,63.83399963378906,62500000.0,17.68630055957889,29.83028673932996,24.873754442239747,22.45606735588732,20.39887198473559,3.82,50.0,-1.54,34.1
AMZN,2018-01-12,63.66949844360352,65.28800201416016,63.66949844360352,65.26000213623047,108874000.0,16.22555966637733,30.059184449115193,25.023447653571562,22.563188964908196,20.434413406111386,3.81,55.0,-1.42,32.93
AMZN,2018-01-16,66.1500015258789,66.99700164794922,64.61499786376953,65.24299621582031,144414000.0,16.020253250145995,29.88105502524042,24.966287487279246,22.556123230595425,20.434078842495516,3.8,51.0,-1.34,33.42
AMZN,2018-01-17,65.61199951171875,65.69999694824219,64.04399871826172,64.75,105076000.0,15.670972887697532,29.825054280725322,24.94692194506071,22.418335216517754,20.426364776943327,3.79,50.0,-1.31,33.52
AMZN,2018-01-18,64.69750213623047,65.2300033569336,64.20099639892578,64.66600036621094,80538000.0,13.277365616733233,29.800105219780136,24.91656000867963,22.418213717315677,20.423542395467805,3.78,47.0,-1.28,33.64
AMZN,2018-01-19,65.5999984741211,65.6500015258789,64.64949798583984,64.72899627685547,91570000.0,13.2943080409029,29.468781520508035,24.860551962438905,22.398235790924062,20.42373771806731,3.76,45.0,-1.26,33.87
AMZN,2018-01-22,64.8584976196289,66.37249755859375,64.83300018310547,66.3655014038086,82802000.0,14.532282172427905,29.73919344201007,25.09744536514102,22.555838574764508,20.552018722100755,3.75,55.0,-1.2,32.27
AMZN,2018-01-23,66.90450286865234,68.24500274658203,66.86699676513672,68.12699890136719,103386000.0,15.808481237333757,29.99840724573256,25.345401762460533,22.72779685609653,20.671498532515546,3.73,63.0,-1.07,30.76
AMZN,2018-01-24,68.74099731445312,69.40799713134766,66.9000015258789,67.87550354003906,136150000.0,15.997483771407897,30.033444331898046,25.31472517403793,22.67921898898048,20.676337357322772,3.71,61.0,-1.0,31.11
AMZN,2018-01-25,68.4000015258789,68.91699981689453,67.88099670410156,68.89749908447266,95060000.0,16.245442658984434,17.22782833468399,25.33190092305078,22.729829862507,20.66255606399649,3.7,62.0,-0.91,31.01
AMZN,2018-01-26,69.60050201416016,70.12650299072266,69.04550170898438,70.10250091552734,97146000.0,16.376922706267134,17.42084363362357,25.410499097852284,22.78975528960955,20.719261644097344,3.68,64.0,-0.79,30.38
AMZN,2018-01-29,70.45899963378906,71.56950378417969,70.02200317382812,70.88400268554688,114038000.0,16.298767543984052,17.381899722801318,25.291290605696993,22.81010336475184,20.729944531815867,3.66,58.0,-0.68,30.74
AMZN,2018-01-30,70.15850067138672,71.9625015258789,69.5999984741211,71.89099884033203,117438000.0,16.435326444266234,17.46009790448691,25.34281777150448,22.808037753879812,20.746683486748577,3.64,61.0,-0.56,30.35
AMZN,2018-01-31,72.56500244140625,73.62899780273438,72.50199890136719,72.54450225830078,128494000.0,16.429281328514513,17.271848827468943,25.32341798421911,22.811856833995634,20.73101666727675,3.61,59.0,-0.46,30.48
AMZN,2018-02-01,72.25,72.99400329589844,69.25700378417969,69.5,182276000.0,21.83267495957214,19.680556912097156,26.242757112993303,23.41762762451289,21.19861363085485,3.59,98.0,-0.5,26.92
AMZN,2018-02-02,73.86949920654297,74.9000015258789,70.69999694824219,71.49749755859375,222514000.0,22.6976316919913,20.299733783613473,26.49876961192865,23.443589479799336,21.349746736476394,3.57,98.0,-0.5,25.7
AMZN,2018-02-05,70.13099670410156,72.9489974975586,66.03600311279297,69.5,229900000.0,24.484500487376877,21.356556231903944,26.984649189754123,23.677081617537848,21.224676663511566,3.56,100.0,-0.55,24.07
AMZN,2018-02-06,68.072998046875,72.19950103759766,67.5895004272461,72.14199829101562,221336000.0,26.02286925407194,22.429812823296018,27.430601922737637,24.041318965225898,21.507110768081652,3.55,100.0,-0.56,22.35
AMZN,2018-02-07,72.44999694824219,73.04949951171875,70.75749969482422,70.83899688720703,143254000.0,26.79909910195922,22.842776818716303,27.594963984115523,24.139167167084803,21.601540029676638,3.54,100.0,-0.6,21.85
AMZN,2018-02-08,71.48400115966797,71.6875,67.49700164794922,67.5250015258789,171572000.0,31.07941135099169,25.146414261059487,28.746944789024138,24.853689786737117,22.164736522092433,3.54,100.0,-0.65,19.01
AMZN,2018-02-09,68.67449951171875,69.17500305175781,63.29650115966797,66.9800033569336,282830000.0,31.296323336406846,25.249688450438462,28.689557759414136,24.866499344871222,22.18766773224625,3.54,99.0,-0.69,19.15
AMZN,2018-02-12,68.2334976196289,69.69049835205078,67.20050048828125,69.3115005493164,134778000.0,32.48207313132036,26.045760615723516,29.08153984733286,25.12588801926507,22.414805186281782,3.55,100.0,-0.73,17.85
AMZN,2018-02-13,69.29650115966797,70.98600006103516,69.17649841308594,70.72550201416016,118358000.0,32.23034650079403,26.14432735756384,29.20099773345609,25.219406660905193,22.47085984749732,3.55,100.0,-0.76,17.43
AMZN,2018-02-14,70.3125,72.60299682617188,70.16799926757812,72.55249786376953,119184000.0,32.57885613106771,26.498112465490536,29.33311499446582,25.372562437823753,22.591349750536597,3.54,100.0,-0.76,16.9
AMZN,2018-02-15,73.34449768066406,73.4469985961914,71.84200286865234,73.08799743652344,113054000.0,32.52932868558601,26.41361422408903,29.250911814951536,25.37528409663532,22.590971340927016,3.53,99.0,-0.76,17.03
AMZN,2018-02-16,72.86849975585938,73.29000091552734,72.3280029296875,72.43450164794922,89452000.0,32.833052882807216,26.51047544671048,29.14538987331091,25.409223520639056,22.618513316707276,3.52,97.0,-0.78,17.28
AMZN,2018-02-20,72.32450103759766,74.4384994506836,72.32450103759766,73.4175033569336,129984000.0,32.77361576149795,26.535281997983535,29.167340690435772,25.424306405564334,22.64664207961613,3.51,97.0,-0.8,17.14
AMZN,2018-02-21,74.25,75.17449951171875,73.94599914550781,74.14600372314453,126088000.0,32.69989271070899,26.475256534380037,29.148388287231715,25.43931199634002,22.6320374378433,3.49,96.0,-0.8,17.21
AMZN,2018-02-22,74.76799774169922,75.12699890136719,73.78800201416016,74.26699829101562,97162000.0,32.72069750121594,26.102984378276638,29.150966724870862,25.40924293109818,22.629899767126023,3.47,96.0,-0.81,17.22
AMZN,2018-02-23,74.76699829101562,75.0,74.32499694824219,75.0,88362000.0,32.71483127716169,26.116505021856756,29.16343894788353,25.418902389058047,22.63414363505098,3.44,96.0,-0.81,17.16
AMZN,2018-02-26,75.45999908447266,76.14199829101562,75.3499984741211,76.09750366210938,99100000.0,32.629939251900595,26.181219542866852,29.186950318573945,25.459550829051487,22.643013655711258,3.41,97.0,-0.81,17.01
AMZN,2018-02-27,76.2249984741211,76.33899688720703,75.3604965209961,75.5989990234375,96176000.0,32.447697194561,25.44715158674912,29.221287232921945,25.15071061890749,22.659868055794853,3.38,98.0,-0.82,16.94
AMZN,2018-02-28,75.97550201416016,76.43499755859375,75.5999984741211,75.62249755859375,90300000.0,32.440218670252044,25.393139969744283,29.221522105234026,25.077994416820843,22.65123367217299,3.34,98.0,-0.84,16.98
AMZN,2018-03-01,75.68000030517578,75.92449951171875,73.25,74.67250061035156,136704000.0,32.64210549293667,25.402365477186063,29.2897576224259,25.08735329609727,22.68895717614806,3.3,99.0,-0.87,16.95
AMZN,2018-03-02,73.45500183105469,75.05249786376953,72.75050354003906,75.01249694824219,131752000.0,32.59188003383737,24.677262032161128,29.28030162933789,25.07580652378702,22.67884466674241,3.25,98.0,-0.9,17.0
AMZN,2018-03-05,74.71199798583984,76.26899719238281,74.05000305175781,76.18049621582031,104678000.0,32.70838032952687,24.77306511201537,29.3315465357932,25.058797151453927,22.71687210307231,3.2,99.0,-0.91,16.79
AMZN,2018-03-06,76.66000366210938,77.10649871826172,76.4000015258789,76.88200378417969,91234000.0,32.20490635979262,24.77127190846367,29.31237511667881,24.93968184543863,22.718675684613803,3.13,98.0,-0.93,16.77
AMZN,2018-03-07,76.32599639892578,77.29499816894531,76.12550354003906,77.25,83482000.0,31.566276356692093,24.768947681070085,29.307250017953645,24.933941429829822,22.717853372582432,3.07,97.0,-0.94,16.8
AMZN,2018-03-08,77.5,77.74400329589844,77.26249694824219,77.59300231933594,77252000.0,31.47756962850786,24.761828365321243,29.306208181615816,24.9278076175968,22.716925095653746,2.99,96.0,-0.95,16.81
AMZN,2018-03-09,78.17500305175781,78.9469985961914,77.9540023803711,78.94450378417969,90686000.0,31.5519249776644,24.89216333752268,29.37473328459118,24.97483404658862,22.76556325584563,2.91,100.0,-0.95,16.55
AMZN,2018-03-12,79.62999725341797,80.2665023803711,79.33499908447266,79.91950225830078,103484000.0,31.407200742406655,24.874844094811653,29.399739340627185,24.997981289721373,22.78463578031584,2.82,100.0,-0.93,16.44
AMZN,2018-03-13,80.7979965209961,80.87699890136719,78.90049743652344,79.40899658203125,130638000.0,31.491218539614046,24.959544714670837,29.450551448059343,25.020682860589726,22.802022337321855,2.72,100.0,-0.94,16.36
AMZN,2018-03-14,79.8499984741211,80.3219985961914,79.54450225830078,79.55000305175781,85188000.0,31.342493640566175,24.958369904407988,29.333291780851926,24.97790306252538,22.796882744922346,2.61,97.0,-0.96,16.59
AMZN,2018-03-15,79.75,79.84549713134766,78.90550231933594,79.11599731445312,81394000.0,31.39652200887418,25.051088857031257,29.27820117028367,24.882408238562245,22.809907062179995,2.49,89.0,-0.99,16.71
AMZN,2018-03-16,79.17250061035156,79.47200012207031,78.375,78.58399963378906,108500000.0,28.426070822865523,25.14351195499177,29.304080597558674,24.87204852904404,22.827662226737814,2.36,91.0,-1.03,16.66
AMZN,2018-03-19,77.72650146484375,78.08300018310547,76.26750183105469,77.24649810791016,131616000.0,28.111607206431643,25.496029570633745,29.30641480346629,24.898365840065637,22.908638439693295,2.23,92.0,-1.11,16.65
AMZN,2018-03-20,77.51699829101562,79.3499984741211,77.27050018310547,79.32550048828125,91632000.0,27.358006282421105,25.75567529187862,29.500482955068424,25.026636537931136,23.034118896444106,2.08,100.0,-1.17,16.08
AMZN,2018-03-21,79.32250213623047,79.5,78.15850067138672,79.09300231933594,95016000.0,25.58097377224276,25.762060934089543,29.499578968670388,24.947545224480983,22.964424256921532,1.92,99.0,-1.25,16.08
AMZN,2018-03-22,78.27349853515625,78.69249725341797,77.12000274658203,77.24600219726562,126412000.0,26.015963766919427,26.338518461407425,29.8332028356639,25.07287514570806,23.110108733201148,1.73,100.0,-1.36,15.4
AMZN,2018-03-23,76.95050048828125,77.45099639892578,74.76799774169922,74.77799987792969,160120000.0,23.67581584465333,27.408160700835428,23.56499607674422,25.391715842421103,23.36942797222213,1.76,1.0,-1.39,1.44
AMZN,2018-03-26,76.5,77.84950256347656,74.9625015258789,77.79299926757812,112494000.0,25.61023850956619,28.359267134002273,24.24941573899309,25.73270473643164,23.660514359764267,1.78,2.0,-1.43,1.34
AMZN,2018-03-27,78.62000274658203,78.79850006103516,74.11599731445312,74.85250091552734,139992000.0,27.03526043467161,29.703592137964968,25.112634491428814,26.122621298437597,24.01215365963889,1.79,16.0,-1.45,1.22
AMZN,2018-03-28,72.3499984741211,72.79499816894531,69.30850219726562,71.57099914550781,274106000.0,29.77957923984082,31.130912073402143,26.229147948337207,26.705240116036936,24.45393291850036,1.79,65.0,-1.47,1.18
AMZN,2018-03-29,70.30000305175781,72.77349853515625,68.26000213623047,72.36699676513672,251622000.0,29.0055272852855,31.051488417252642,26.20102713251215,26.698513236214342,24.395312076736193,1.78,64.0,-1.48,1.23
AMZN,2018-04-02,70.88099670410156,71.06800079345703,67.75,68.59950256347656,209272000.0,32.762788007794626,33.08787586570405,27.596582656620534,27.479042354400146,25.01785029149348,1.79,70.0,-1.48,1.4
AMZN,2018-04-03,69.56900024414062,70.69999694824219,67.7665023803711,69.60250091552734,204624000.0,33.041290972935634,33.181567440060775,27.650701227465635,27.52039235320752,25.031144824256103,1.79,70.0,-1.47,1.38
AMZN,2018-04-04,67.91200256347656,70.76950073242188,67.64399719238281,70.52850341796875,139646000.0,33.03112618361405,33.13691427275797,27.7062686246329,27.54319622049275,25.05437376579931,1.79,70.0,-1.47,1.37
AMZN,2018-04-05,72.09950256347656,72.97799682617188,71.35350036621094,72.5875015258789,128270000.0,34.02791744038783,33.49149078208705,28.006891261746404,27.688985961565223,25.153248039626725,1.79,70.0,-1.47,1.28
AMZN,2018-04-06,71.49849700927734,72.625,70.01300048828125,70.2614974975586,117646000.0,35.245496994123414,34.25104237797522,28.54088372347645,27.988282911627728,25.387696295080552,1.8,70.0,-1.46,1.06
AMZN,2018-04-09,71.25150299072266,71.92400360107422,70.12850189208984,70.30400085449219,84164000.0,35.08116929112157,34.251872204402034,28.528237686536663,27.988606294215085,25.349592864908477,1.8,69.0,-1.45,1.07
AMZN,2018-04-10,71.59950256347656,71.91899871826172,70.78500366210938,71.81099700927734,85082000.0,35.40918764065185,34.329209945538466,28.686524061731834,28.07749254691258,25.417632579986982,1.81,70.0,-1.44,1.03
AMZN,2018-04-11,71.97200012207031,72.43900299072266,71.24449920654297,71.35250091552734,71650000.0,35.407317080878435,34.11155447793671,28.711732313745735,28.06383909512469,25.40420160354573,1.81,71.0,-1.43,0.99
AMZN,2018-04-12,71.9749984741211,72.60600280761719,71.75299835205078,72.42500305175781,62700000.0,35.739132632826035,34.22001149899399,28.72406383014591,28.106750341674196,25.428288819036403,1.82,71.0,-1.42,1.03
AMZN,2018-04-13,72.45700073242188,72.98899841308594,71.22599792480469,71.53949737548828,73706000.0,35.7300055230631,34.28849973846043,28.798328978769234,28.12829485361594,25.453024000511366,1.83,72.0,-1.41,0.95
AMZN,2018-04-16,72.25,72.3499984741211,71.3740005493164,72.07499694824219,56172000.0,35.7822830878138,34.30316353872328,28.774750659880453,28.119544428013604,25.41543118924941,1.83,71.0,-1.39,0.99
AMZN,2018-04-17,73.11499786376953,75.3594970703125,72.85099792480469,75.19149780273438,102288000.0,37.67580006165572,35.293027664720604,29.44783954326074,28.342611167216514,25.675805187657573,1.84,96.0,-1.39,0.93
AMZN,2018-04-18,75.73249816894531,76.69000244140625,75.20549774169922,76.39199829101562,104550000.0,37.87272277516345,35.09380618078456,29.487167852058647,28.092752772496716,25.71292349774469,1.85,97.0,-1.38,0.92
AMZN,2018-04-19,77.16100311279297,78.4260025024414,76.9530029296875,77.84549713134766,130474000.0,38.25152867858168,34.91234023803626,29.538386463564777,28.150954693029735,25.757292166736274,1.86,99.0,-1.37,0.9
AMZN,2018-04-20,78.05999755859375,78.05999755859375,75.80449676513672,76.37449645996094,110832000.0,38.63345909692089,35.16508637359807,29.521130267034412,28.26450912350728,25.844620321432732,1.87,98.0,-1.35,0.83
AMZN,2018-04-23,77.33450317382812,77.4000015258789,75.17050170898438,75.89299774169922,89308000.0,38.29273515037006,35.09989530115204,29.539886787365504,28.250846011521514,25.851349205336767,1.88,99.0,-1.32,0.8
AMZN,2018-04-24,76.79000091552734,76.9749984741211,72.42250061035156,73.00450134277344,149894000.0,39.55830054379988,35.90208107713206,30.24863400152927,28.66770921422627,26.1605791672697,1.89,100.0,-1.29,0.62
AMZN,2018-04-25,72.9000015258789,73.49949645996094,70.7509994506836,73.00849914550781,131746000.0,39.55449797668915,35.83657970517672,29.879269447877103,28.667164110834964,26.160697427793295,1.91,99.0,-1.25,0.79
AMZN,2018-04-26,74.25050354003906,76.47100067138672,73.92500305175781,75.89800262451172,176022000.0,41.343178996722344,36.58737668352445,30.389272154959514,28.988006981065567,26.420038857816962,1.93,100.0,-1.21,0.71
AMZN,2018-04-27,81.70050048828125,81.90499877929688,78.36949920654297,78.63099670410156,261064000.0,42.68126966631297,37.22987120899493,30.73667843597182,29.223116577724035,26.61813598268975,1.95,100.0,-1.17,0.69
AMZN,2018-04-30,79.125,79.80000305175781,78.0469970703125,78.30650329589844,109282000.0,42.65318723522134,36.093933016523735,30.43557713299186,29.037252779007733,26.620668487565823,1.97,99.0,-1.14,0.82
AMZN,2018-05-01,78.16100311279297,79.25,77.60900115966797,79.11299896240234,91442000.0,42.44049188915764,35.71837279276679,30.451083163859042,29.032297179119077,26.535540799540318,1.99,99.0,-1.11,0.82
AMZN,2018-05-02,79.04900360107422,79.42500305175781,78.31800079345703,78.48400115966797,87206000.0,41.794296148913716,35.22785814755267,30.486940101753245,29.018622327850252,26.552296012769904,2.01,99.0,-1.07,0.78
AMZN,2018-05-03,78.00050354003906,78.73999786376953,77.3010025024414,78.60399627685547,85038000.0,41.79037422573908,34.45182316030312,30.483188342329452,29.016459759950536,26.539371958156977,2.03,98.0,-1.03,0.77
AMZN,2018-05-04,78.12249755859375,79.24500274658203,78.1094970703125,79.04750061035156,68872000.0,41.2218420134422,34.21655165958317,30.485379308205523,29.005732885679713,26.53546239509132,2.04,98.0,-0.99,0.77
AMZN,2018-05-07,79.46700286865234,80.34750366210938,79.3915023803711,80.00700378417969,76038000.0,40.107021531387176,32.66527955933074,30.51551010698988,28.920473104252604,26.54804665870529,2.06,99.0,-0.94,0.77
AMZN,2018-05-08,79.75,79.84400177001953,79.12550354003906,79.61949920654297,61358000.0,38.55546111366726,32.625608536025666,30.52491271686593,28.92871404286257,26.52157730049936,2.08,99.0,-0.89,0.76
AMZN,2018-05-09,80.0,80.4000015258789,79.5999984741211,80.4000015258789,72746000.0,36.77677565911686,32.00129515007456,30.536303099577705,28.923585727627398,26.532077832772355,2.09,99.0,-0.84,0.77
AMZN,2018-05-10,80.42400360107422,80.77999877929688,80.1719970703125,80.4540023803711,56350000.0,33.95722256337068,31.788925315872156,30.52645703577474,28.893619056484752,26.525285574333278,2.1,98.0,-0.78,0.77
AMZN,2018-05-11,80.54949951171875,80.55500030517578,79.89450073242188,80.14550018310547,45278000.0,33.95883292548603,31.434937886576098,30.54615366504607,28.86887976128301,26.529636644902343,2.11,99.0,-0.73,0.74
AMZN,2018-05-14,80.19999694824219,80.55899810791016,80.00250244140625,80.0770034790039,50190000.0,29.423429933809476,31.416429959356034,30.534044750779877,28.8538795943995,26.502461622341695,2.12,97.0,-0.66,0.74
AMZN,2018-05-15,79.38999938964844,79.38999938964844,78.26100158691406,78.80599975585938,101550000.0,29.905264520693304,31.54929135353394,30.669584801527417,28.91402624742469,26.55799723973432,2.13,99.0,-0.59,0.66
AMZN,2018-05-16,78.875,79.72149658203125,78.83350372314453,79.36399841308594,51412000.0,29.795881665257813,31.471654178148068,30.624982399224205,28.91728928204826,26.55502419046643,2.13,98.0,-0.53,0.7
AMZN,2018-05-17,79.02799987792969,79.7020034790039,78.6500015258789,79.08799743652344,42952000.0,28.91258695944476,31.435226018431933,30.63017435536157,28.919338342809443,26.448766047860033,2.13,98.0,-0.47,0.7
AMZN,2018-05-18,79.06649780273438,79.17949676513672,78.6050033569336,78.71849822998047,52852000.0,27.01040470142409,31.457084605352353,30.624955825547485,28.9015845678988,26.42797032582894,2.13,96.0,-0.44,0.7
AMZN,2018-05-21,79.25,79.60250091552734,78.75,79.27300262451172,58504000.0,27.008685852108467,31.428638611401883,30.624462459986763,28.87842249261603,26.432730726656562,2.12,95.0,-0.4,0.7
AMZN,2018-05-22,79.49449920654297,79.49449920654297,78.76249694824219,79.06999969482422,42312000.0,26.567867767012878,31.30760970667339,30.635846845732274,28.87883607641495,26.420352276836233,2.12,98.0,-0.36,0.69
AMZN,2018-05-23,78.55249786376953,80.09300231933594,78.31700134277344,80.09300231933594,67238000.0,26.54858402077543,31.36958751072832,30.676487056374647,28.840573481962515,26.442678439516648,2.11,99.0,-0.34,0.68
AMZN,2018-05-24,79.90149688720703,80.41200256347656,79.41899871826172,80.15350341796875,68600000.0,26.352152908730027,31.369325446157358,30.555760565455337,28.841593935690586,26.433495317082617,2.1,92.0,-0.42,0.75
AMZN,2018-05-25,80.1500015258789,80.70600128173828,80.02249908447266,80.50749969482422,53968000.0,25.929712276771877,31.247696642529917,30.480728278091096,28.82155735438406,26.410527722466686,2.09,82.0,-0.47,0.77
AMZN,2018-05-29,80.0354995727539,81.0895004272461,80.00749969482422,80.64350128173828,76930000.0,25.915551890593473,31.24033911566825,30.44196936905294,28.753207804968106,26.410490392078355,2.07,80.0,-0.52,0.77
AMZN,2018-05-30,80.90499877929688,81.30000305175781,80.64649963378906,81.24449920654297,58148000.0,23.235344293873734,31.127130954638364,30.449412224159637,28.735921687093548,26.41604475046998,2.05,80.0,-0.6,0.78
AMZN,2018-05-31,81.1500015258789,81.75,81.06749725341797,81.48100280761719,63326000.0,22.89387589196455,31.08401664948805,30.377077427707892,28.73504185562857,26.413119516194726,2.03,76.0,-0.65,0.79
AMZN,2018-06-01,81.85150146484375,82.33650207519531,81.75450134277344,82.0770034790039,66268000.0,22.40104521790396,31.101422311789946,30.329773811327815,28.689249546453972,26.41841507435354,2.01,75.0,-0.68,0.8
AMZN,2018-06-04,82.44499969482422,83.28399658203125,82.27449798583984,83.26349639892578,63754000.0,21.785170041573128,31.214292703253797,30.384280921134494,28.696190749653926,26.432817414422676,1.99,76.0,-0.71,0.79
AMZN,2018-06-05,83.64949798583984,84.94999694824219,83.50299835205078,84.81749725341797,95644000.0,22.059739083287315,31.242234408400137,30.484399921010674,28.738066950668333,26.48303673053489,1.96,83.0,-0.74,0.77
AMZN,2018-06-06,85.22550201416016,85.7249984741211,84.32350158691406,84.7874984741211,109464000.0,18.076418783001355,31.158045104023245,30.398156612609604,28.67894658728214,26.46384101127815,1.93,76.0,-0.73,0.78
AMZN,2018-06-07,84.9280014038086,84.99500274658203,83.80549621582031,84.46499633789062,75314000.0,18.202366460723628,31.136259280544653,30.258312420447798,28.676666996670825,26.465714284742837,1.9,71.0,-0.7,0.81
AMZN,2018-06-08,84.05599975585938,84.47200012207031,83.65049743652344,84.19950103759766,59102000.0,15.218584624188983,31.147565891362287,30.268682070196146,28.686103868159663,26.470168580338648,1.87,71.0,-0.69,0.8
AMZN,2018-06-11,84.07550048828125,84.71199798583984,84.02950286865234,84.45600128173828,46710000.0,11.835480166528333,31.121499430164068,30.22508058582246,28.651253634931674,26.24701424552174,1.83,68.0,-0.71,0.84
AMZN,2018-06-12,84.6500015258789,84.97550201416016,84.57599639892578,84.9375,45184000.0,11.707092842496094,31.09208456636364,30.222149033774272,28.61060367396903,26.200340407545063,1.79,67.0,-0.76,0.85
AMZN,2018-06-13,85.1405029296875,85.6875,85.00599670410156,85.24299621582031,66550000.0,11.491682535801608,30.855748714388557,30.221139894080412,28.517754702469706,26.162558271532838,1.75,66.0,-0.84,0.85
AMZN,2018-06-14,85.67400360107422,86.23999786376953,85.44349670410156,86.19300079345703,63488000.0,11.309295414940584,30.4827406415271,30.04117810111807,28.52729405179259,26.169156486228246,1.71,65.0,-0.82,0.9
AMZN,2018-06-15,85.69999694824219,86.04350280761719,85.4260025024414,85.79850006103516,95552000.0,11.521152211865228,30.494617763732467,29.822736659423715,28.51973278109349,26.135297318172242,1.67,62.0,-0.8,0.95
AMZN,2018-06-18,85.31300354003906,86.33699798583984,85.12799835205078,86.18949890136719,62154000.0,11.503344422413344,30.052077151531254,29.80919836200742,28.518560555176958,26.04426090724322,1.63,61.0,-0.78,0.97
AMZN,2018-06-19,85.4520034790039,86.80549621582031,85.01950073242188,86.73899841308594,85802000.0,11.222919730242028,29.20082507611945,29.74822769820067,28.520022511047806,26.04212801480501,1.58,60.0,-0.74,0.99
AMZN,2018-06-20,87.125,88.14649963378906,87.06800079345703,87.50399780273438,86652000.0,11.121379655747726,28.196969038242255,29.669041212704627,28.519781162265513,26.045920319883752,1.54,59.0,-0.69,1.01
AMZN,2018-06-21,88.0,88.15499877929688,85.87799835205078,86.51100158691406,98822000.0,11.705371422728023,27.058314927108857,29.712789645890343,28.56582499299677,26.07095299088225,1.49,59.0,-0.69,0.96
AMZN,2018-06-22,87.13099670410156,87.1500015258789,85.59500122070312,85.78350067138672,81502000.0,12.116180433876284,25.316398038266787,29.69440779708792,28.592163778159335,26.090740062461286,1.44,58.0,-0.71,0.94
AMZN,2018-06-25,85.12550354003906,85.25,82.31549835205078,83.15750122070312,150224000.0,15.410649013004111,26.202784885071445,30.12437779729471,28.838195939669497,26.301435464132002,1.38,65.0,-0.73,0.76
AMZN,2018-06-26,83.61849975585938,85.07849884033203,83.16699981689453,84.55449676513672,87732000.0,16.028438524720812,23.642575853775195,29.371992635539318,28.875502097208845,26.31543561507932,1.35,45.0,-0.74,0.9
AMZN,2018-06-27,85.40550231933594,85.59750366210938,83.0,83.02549743652344,97444000.0,16.25724129902103,23.941301455095235,29.23782271702909,28.984011048556386,26.321472350807717,1.32,32.0,-0.74,0.89
AMZN,2018-06-28,83.62699890136719,85.2750015258789,83.05850219726562,85.07250213623047,90594000.0,17.47644756246528,24.252372981087554,29.0653746351271,29.08400868757225,26.389741075009272,1.29,21.0,-0.74,0.99
AMZN,2018-06-29,85.8499984741211,86.17050170898438,84.71600341796875,84.98999786376953,90870000.0,17.41906312101751,23.6677122717743,28.512349191460817,29.08208208406827,26.337741953285953,1.28,11.0,-0.75,1.11
AMZN,2018-07-02,84.13500213623047,85.69450378417969,83.90299987792969,85.68900299072266,63714000.0,17.363765840170114,22.52518855192648,28.351782914201802,29.086528861207757,26.323913235061212,1.27,10.0,-0.74,1.22
AMZN,2018-07-03,86.197998046875,86.25,84.6240005493164,84.697998046875,43546000.0,17.808352061012283,22.726633616580582,27.29443522106465,29.137729010039276,26.30437715719441,1.29,6.0,-0.78,1.24
AMZN,2018-07-05,85.26899719238281,85.53450012207031,84.10749816894531,84.98650360107422,59662000.0,17.753327007807854,22.411559986043574,27.24423062549865,29.137732761337514,26.254615311677938,1.31,6.0,-0.88,1.29
AMZN,2018-07-06,84.80000305175781,85.76349639892578,84.58350372314453,85.53150177001953,53006000.0,17.520052984544783,22.340212149339997,26.77054457660004,29.14063624506377,26.24339231489162,1.33,6.0,-0.91,1.43
AMZN,2018-07-09,86.20249938964844,86.97799682617188,85.8115005493164,86.95099639892578,60240000.0,17.99316936155383,22.377462100312755,26.712788393370317,29.1292125732164,26.255520723311896,1.36,6.0,-0.9,1.45
AMZN,2018-07-10,86.92649841308594,87.5,86.55000305175781,87.15350341796875,60058000.0,17.98625716839967,22.148562598954292,26.44719058737342,29.084623205577287,26.208456096256405,1.39,6.0,-0.89,1.56
AMZN,2018-07-11,86.89949798583984,87.8479995727539,86.69999694824219,87.75,64196000.0,18.02403135076132,22.143830595274835,26.444494662832668,29.076125296332794,26.20844812469583,1.42,6.0,-0.88,1.56
AMZN,2018-07-12,88.22550201416016,89.9000015258789,88.10900115966797,89.83100128173828,90654000.0,18.953489674141416,21.031317736926503,26.60745152506152,29.073468823637455,26.274598351250255,1.44,8.0,-0.8,1.52
AMZN,2018-07-13,90.19650268554688,90.76499938964844,89.7614974975586,90.65149688720705,87664000.0,19.025598389096828,20.899939658639727,26.568996233047347,29.07114585530345,26.270528437991835,1.47,8.0,-0.72,1.54
AMZN,2018-07-16,91.09750366210938,92.09750366210938,90.72250366210938,91.12449645996094,109324000.0,18.99963911216535,20.639351964494264,26.544586464624366,29.06154457985429,26.271797322347545,1.49,8.0,-0.65,1.55
AMZN,2018-07-17,90.5780029296875,92.58450317382812,89.86900329589844,92.19650268554688,113658000.0,18.88283961786681,20.21648057985738,26.588473099475824,29.073824404018023,26.281943474932103,1.51,10.0,-0.56,1.53
AMZN,2018-07-18,92.4000015258789,92.94400024414062,91.5634994506836,92.14600372314452,97238000.0,18.35932896175778,20.135500148630282,26.563384796637173,25.290939150019515,26.256920784990296,1.54,9.0,-0.51,1.54
AMZN,2018-07-19,91.4729995727539,92.0500030517578,90.5634994506836,90.64849853515624,93538000.0,19.165982067862476,18.602217778895128,26.647174431699394,25.382563433594697,26.3235328192969,1.56,13.0,-0.55,1.45
AMZN,2018-07-20,91.25050354003906,91.74199676513672,90.50299835205078,90.68499755859376,77688000.0,19.089368713652856,18.599516760961354,26.61470984061161,25.36735604175242,26.32414324832605,1.58,13.0,-0.57,1.48
AMZN,2018-07-23,90.6104965209961,90.9499969482422,88.49949645996094,90.0999984741211,77770000.0,19.19683325665976,17.20180531583559,26.646256967564806,25.38602053553315,26.333482709795973,1.6,14.0,-0.61,1.45
AMZN,2018-07-24,91.45050048828124,92.0,90.46900177001952,91.46199798583984,85574000.0,19.549096327325447,16.023272521720127,26.6275225181332,25.391367567533436,26.34301675513881,1.62,14.0,-0.62,1.5
AMZN,2018-07-25,91.46499633789062,93.19200134277344,91.13200378417967,93.18049621582033,74764000.0,20.075258084600474,16.29572425856087,26.754749921630616,25.41404105595954,26.39344454805504,1.63,18.0,-0.59,1.44
AMZN,2018-07-26,91.9499969482422,92.23400115966795,90.2249984741211,90.4000015258789,198488000.0,22.282273409584594,17.58215632630514,27.15913698329564,25.707104210525078,26.574516985148605,1.64,20.0,-0.63,1.24
AMZN,2018-07-27,93.80249786376952,94.00250244140624,90.32649993896484,90.8635025024414,193620000.0,22.136542457977537,17.461927904433747,27.138433915927113,25.70869611772772,26.56202249634226,1.65,20.0,-0.67,1.25
AMZN,2018-07-30,91.3665008544922,91.4749984741211,88.3010025024414,88.96099853515625,131246000.0,23.051624463560344,18.119285723698138,27.37419667132824,25.852830914124663,26.523950890771815,1.66,24.0,-0.71,1.1
AMZN,2018-07-31,89.32450103759766,90.09149932861328,86.96600341796875,88.87200164794922,114774000.0,23.037841388185708,18.11451948305599,27.372528191583328,25.846940531645558,26.300990070757656,1.67,24.0,-0.74,1.1
AMZN,2018-08-01,89.19999694824219,89.9219970703125,88.8010025024414,89.8584976196289,83062000.0,23.171675338608427,18.091255982179614,27.298125787088985,25.856989788544958,26.308245083118877,1.67,24.0,-0.78,1.13
AMZN,2018-08-02,89.4384994506836,91.8280029296875,89.30000305175781,91.71649932861328,87094000.0,23.745247580156093,18.42645874731647,27.41272116912371,25.943125663018485,26.369198008106405,1.68,27.0,-0.82,1.08
AMZN,2018-08-03,91.88700103759766,92.0500030517578,91.0749969482422,91.16449737548828,69210000.0,23.540110577153843,18.439872590140656,27.410099026624863,25.95905956711684,26.357763347048884,1.69,27.0,-0.86,1.09
AMZN,2018-08-06,91.29049682617188,92.38849639892578,90.9459991455078,92.3874969482422,67836000.0,23.56672013244885,18.58001101871768,27.47558734545244,25.95292355440125,26.379626176322247,1.69,29.0,-0.89,1.06
AMZN,2018-08-07,92.72650146484376,93.48600006103516,92.3134994506836,93.1240005493164,67550000.0,21.3469542621462,18.57041818624749,27.4715078598789,25.94836023706123,26.38431437826568,1.7,29.0,-0.91,1.08
AMZN,2018-08-08,93.0500030517578,94.57550048828124,92.7249984741211,94.32599639892578,79260000.0,21.17401743790764,18.676133098191563,27.495271030495257,25.9520358684904,26.399758334486883,1.7,31.0,-0.91,1.1
AMZN,2018-08-09,94.0999984741211,95.72850036621094,93.8740005493164,94.9260025024414,97208000.0,20.138668169125722,18.27614164088858,27.33471047596626,25.945402736144313,26.381348355519357,1.71,25.0,-0.89,1.21
AMZN,2018-08-10,94.42549896240234,94.9749984741211,93.9104995727539,94.31500244140624,72798000.0,19.46281749719767,18.360898052408086,27.082845172624204,25.94797607807136,26.241828167134408,1.71,20.0,-0.91,1.28
AMZN,2018-08-13,94.9250030517578,96.25,94.68350219726562,94.80999755859376,110630000.0,19.423740609587746,18.3187911138174,27.07806879203917,25.912146536093562,26.228186542623817,1.72,20.0,-0.92,1.29
AMZN,2018-08-14,95.96949768066406,96.05049896240234,95.0,95.98249816894533,79722000.0,19.54311308201835,18.344129331468718,26.818127802689272,25.795965527447596,26.21342979403916,1.73,20.0,-0.91,1.47
AMZN,2018-08-15,95.47750091552734,95.8105010986328,93.489501953125,94.13099670410156,154014000.0,20.202033279491694,18.91001426033907,26.467926005767072,25.91993363334574,26.304820191886648,1.66,7.0,-0.9,1.57
AMZN,2018-08-16,95.1969985961914,95.25,94.17749786376952,94.32599639892578,79142000.0,20.206399552649856,18.877027900083966,25.786059925813632,25.914736685907958,26.29485665405869,1.63,2.0,-0.91,1.71
AMZN,2018-08-17,94.29000091552734,94.4000015258789,92.77749633789062,94.11100006103516,82086000.0,20.2539313251446,18.792163394092682,24.9673798421866,25.674480624206662,26.216729117259206,1.63,1.0,-0.9,1.98
AMZN,2018-08-20,94.52850341796876,94.5875015258789,93.3030014038086,93.83550262451172,57240000.0,19.92673750049082,18.823523917989554,23.813917177886136,25.652146534925514,26.218216782343752,1.69,1.0,-0.89,2.09
AMZN,2018-08-21,94.0,94.8874969482422,93.72049713134766,94.1709976196289,62112000.0,19.92883439571793,18.820922847489673,23.77670423586625,25.59098259194211,26.205791229637608,1.74,1.0,-0.87,2.11
AMZN,2018-08-22,93.83200073242188,95.29000091552734,93.83200073242188,95.24500274658205,61610000.0,20.055025073539912,18.904435579742007,22.047340160531554,25.402141761631814,26.19485826796385,1.86,1.0,-0.89,1.24
AMZN,2018-08-23,95.3584976196289,95.9749984741211,95.03800201416016,95.1449966430664,71260000.0,19.090663802833998,18.89516069052265,21.983837097688497,25.402299939190897,26.170166084092152,1.98,1.0,-0.91,1.27
AMZN,2018-08-24,95.52549743652344,95.80049896240234,95.1269989013672,95.26950073242188,56018000.0,18.969306237475678,18.89701035202448,21.925908401897328,25.39092094215536,26.156539955356166,2.08,1.0,-0.92,1.3
AMZN,2018-08-27,95.75,96.38500213623048,95.46399688720705,96.38400268554688,71380000.0,19.164187879152205,18.96380640576561,21.579176604294748,25.408844439098328,26.15091197992132,2.2,1.0,-0.9,1.44
AMZN,2018-08-28,96.8864974975586,97.08899688720705,96.44100189208984,96.64099884033205,62014000.0,18.939271642696344,18.807113002896138,20.81920640581364,25.408616682986562,26.150128046373922,2.33,1.0,-0.92,1.6
AMZN,2018-08-29,97.67250061035156,99.93450164794922,97.4469985961914,99.90499877929688,130636000.0,21.024642843101972,19.569125201168994,21.353032400617614,25.659406528839156,26.3202187534277,2.43,2.0,-0.9,1.42
AMZN,2018-08-30,99.87100219726562,101.27850341796876,99.34500122070312,100.11900329589844,145546000.0,20.23449291521681,19.559019311321936,21.164530207407775,25.648771547593764,26.296515290467383,2.54,2.0,-0.86,1.54
AMZN,2018-08-31,100.3499984741211,101.11900329589844,100.23699951171876,100.635498046875,84088000.0,20.221914777925864,19.516383913053957,21.10873802083207,25.64595661529066,26.276504575282246,2.63,2.0,-0.84,1.59
AMZN,2018-09-04,101.3249969482422,102.5250015258789,100.6500015258789,101.97550201416016,114422000.0,20.186255503566848,19.587349334267067,21.087015851491678,25.66571757500785,26.29160408975237,2.73,2.0,-0.78,1.6
AMZN,2018-09-05,101.90550231933594,102.0189971923828,99.49449920654295,99.74099731445312,164412000.0,21.289275077903476,20.26462492734211,21.330659110222154,25.838246596914548,26.36090840134647,2.81,5.0,-0.82,1.51
AMZN,2018-09-06,100.32550048828124,100.375,96.760498046875,97.91549682617188,149774000.0,21.619573589624952,20.716037418239427,21.5982071179998,25.949135690325097,26.44724083029312,2.88,8.0,-0.88,1.34
AMZN,2018-09-07,96.9355010986328,98.76000213623048,96.86750030517578,97.60350036621094,97852000.0,19.458493781962623,20.745573943749427,20.680977834112316,25.950683416199393,26.43784423871793,2.97,1.0,-0.91,1.27
AMZN,2018-09-10,98.5500030517578,98.6520004272461,96.57599639892578,96.95050048828124,90896000.0,19.62457088165844,20.742766778127567,20.623507917260333,25.942114028535595,26.401856426979286,3.05,1.0,-0.93,1.29
AMZN,2018-09-11,96.41349792480467,99.44400024414062,95.8499984741211,99.35749816894533,100672000.0,19.371897910737637,21.203147227612828,20.758092529704093,26.061800674439812,26.473982926217705,3.13,3.0,-0.93,1.24
AMZN,2018-09-12,99.6999969482422,100.0,98.12200164794922,99.5,88280000.0,19.333550304919825,21.199568190500788,20.470268930535322,26.04333922468219,26.473651825425655,3.2,1.0,-0.94,1.42
AMZN,2018-09-13,100.0,100.43800354003906,99.10150146484376,99.49349975585938,72430000.0,19.23815849776997,21.189152614940472,20.424521399059397,26.040952047254716,26.435786418059198,3.28,1.0,-0.96,1.47
AMZN,2018-09-14,99.64649963378906,99.68250274658205,97.96099853515624,98.5094985961914,72840000.0,18.90917670123957,21.29115802330157,19.420557328384255,26.084460391945065,26.446696522317144,3.36,1.0,-1.03,1.12
AMZN,2018-09-17,97.73650360107422,97.84100341796876,94.37049865722656,95.40149688720705,141004000.0,21.27225349809904,22.244694385059177,20.197901609910286,26.409140573879846,26.662141530548617,3.43,2.0,-1.13,1.09
AMZN,2018-09-18,95.93250274658205,97.91000366210938,95.77200317382812,97.05249786376952,85374000.0,21.48505790285144,22.36787659751364,19.49179045368277,26.388972908641012,26.656234870851627,3.5,2.0,-1.17,0.95
AMZN,2018-09-19,97.0250015258789,97.04149627685548,95.24500274658205,96.3209991455078,81136000.0,21.55995111480195,21.37646890244764,18.826514273753897,26.366371524673475,26.666473640901106,3.58,1.0,-1.18,0.85
AMZN,2018-09-20,96.9290008544922,97.75,96.6125030517578,97.21499633789062,63098000.0,21.415409849062197,21.21927707073816,18.83475039210034,26.351060622676915,26.674339617898283,3.66,2.0,-1.2,0.87
AMZN,2018-09-21,97.71099853515624,97.8655014038086,95.5250015258789,95.75050354003906,137118000.0,21.853305403449067,21.101159105379804,18.988820738376265,26.434510194737936,26.709516566195934,3.73,3.0,-1.2,0.74
AMZN,2018-09-24,95.1894989013672,96.84400177001952,93.25,96.71800231933594,84274000.0,21.934216851149806,20.663896726274295,18.965517952416565,26.40102670945705,26.689143465061093,3.79,3.0,-1.21,0.79
AMZN,2018-09-25,97.1449966430664,98.79550170898438,96.94249725341795,98.72750091552734,90768000.0,22.63979893760241,20.994160730060464,19.19059252580519,26.45059861567793,26.679870030604906,3.85,5.0,-1.22,0.7
AMZN,2018-09-26,98.4250030517578,99.7624969482422,98.07599639892578,98.74250030517578,86270000.0,22.402134001859224,20.96566323624905,19.18596556697592,26.450918104720877,26.677997654236442,3.9,5.0,-1.23,0.7
AMZN,2018-09-27,99.66200256347656,100.80799865722656,99.4290008544922,100.64900207519533,86588000.0,22.136166428039232,21.036106204653382,19.310436813714514,26.52323518717227,26.70821139094062,3.95,7.0,-1.22,0.65
AMZN,2018-09-28,100.22049713134766,101.32599639892578,99.822998046875,100.1500015258789,81702000.0,22.23445781109104,21.09704768938382,19.311529433669598,26.47778126483118,26.71849353493092,3.99,8.0,-1.21,0.65
AMZN,2018-10-01,101.09950256347656,101.65950012207033,100.18000030517578,100.21800231933594,69210000.0,22.201479896811065,21.08724956093338,19.275985763791734,26.37575378708363,26.71850025326731,4.02,7.0,-1.2,0.66
AMZN,2018-10-02,99.99949645996094,100.66950225830078,98.28849792480467,98.56549835205078,108014000.0,22.81722093950142,21.250713804253994,19.505204670375974,26.469765184043638,26.785002682946633,4.05,12.0,-1.2,0.52
AMZN,2018-10-03,99.08499908447266,99.48500061035156,97.4905014038086,97.63800048828124,105062000.0,23.03269932288911,21.381855035485682,19.568463139056362,26.480508435562978,26.808607036973036,4.08,13.0,-1.18,0.47
AMZN,2018-10-04,97.4499969482422,97.8000030517578,94.82849884033205,95.47100067138672,145140000.0,23.809108376724275,21.92796719547788,19.94442033389821,26.63848799949435,26.92083951177824,4.1,14.0,-1.16,0.33
AMZN,2018-10-05,95.89949798583984,96.4540023803711,93.1415023803711,94.48249816894533,136446000.0,24.001367873426645,21.569581483465402,19.837155683115096,26.679658807355644,26.92030620213491,4.11,14.0,-1.14,0.38
AMZN,2018-10-08,93.6999969482422,95.0999984741211,91.53299713134766,93.22100067138672,147864000.0,24.29794325994967,21.69541554508048,19.965740677804884,26.603163451960338,26.960601082225395,4.12,16.0,-1.12,0.28
AMZN,2018-10-09,92.99949645996094,94.83399963378906,92.61599731445312,93.51599884033205,95458000.0,24.046383197496628,21.68038319396878,19.950450676765573,26.44599638045337,26.960455413803153,4.13,16.0,-1.1,0.3
AMZN,2018-10-10,92.89450073242188,92.9280014038086,87.72049713134766,87.76249694824219,219778000.0,30.062016922037383,25.20239202355513,22.455126168613408,27.543515703804445,27.750271886325045,4.11,35.0,-1.11,3.45
AMZN,2018-10-11,86.19999694824219,87.7699966430664,84.25499725341797,85.96800231933594,278718000.0,28.398067718653884,25.527983288452926,22.697574933067187,27.619585115665856,27.839118919544465,4.09,36.0,-1.13,3.15
AMZN,2018-10-12,90.4000015258789,90.44750213623048,87.12650299072266,89.43049621582031,188892000.0,31.144928424329855,26.647802937816778,23.505643083037448,27.92408563506595,28.085748626183392,4.05,37.0,-1.14,2.92
AMZN,2018-10-15,89.75,89.75250244140625,86.71150207519531,88.04750061035156,128744000.0,31.209128951100073,26.832505890964818,23.58110868414109,27.97148830502295,28.142653333754286,4.02,38.0,-1.14,2.79
AMZN,2018-10-16,89.17500305175781,91.19400024414062,88.07749938964844,90.9980010986328,117198000.0,32.67049435967822,27.66131171210831,24.12244477897665,28.182095288331986,28.30971697079238,3.99,41.0,-1.14,2.55
AMZN,2018-10-17,92.1395034790039,92.25,90.3499984741211,91.58650207519533,105904000.0,32.323655904033075,27.52048752845052,24.131369375945912,28.173713473013436,28.312650196459447,3.95,42.0,-1.14,2.54
AMZN,2018-10-18,91.07450103759766,91.50749969482422,88.39350128173828,88.53600311279297,117480000.0,33.265350677567724,28.102113854510907,24.76836013860234,27.994654645540155,28.507443100905412,3.92,43.0,-1.16,2.19
AMZN,2018-10-19,89.25800323486328,90.45500183105467,87.6500015258789,88.20149993896484,118144000.0,33.265539895695035,27.43304687893209,24.75750368505294,27.816083463255787,28.485230505021104,3.88,43.0,-1.17,2.17
AMZN,2018-10-22,89.19999694824219,90.4749984741211,87.80000305175781,89.46499633789062,90000000.0,33.63444047393082,27.574555708052785,24.846782646103406,27.635839427316792,28.503549624477785,3.84,45.0,-1.18,2.13
AMZN,2018-10-23,87.11199951171875,88.81700134277344,85.69999694824219,88.43499755859375,134478000.0,32.712144915590216,27.33321850429644,24.90443793002725,27.345467097552113,28.471394131303068,3.8,46.0,-1.19,2.05
AMZN,2018-10-24,88.68499755859375,88.885498046875,82.8280029296875,83.20999908447266,138568000.0,36.59076589962761,30.040202692438946,26.661046593664878,28.222833447697198,29.15622383923982,3.76,61.0,-1.19,2.51
AMZN,2018-10-25,85.16699981689453,89.7405014038086,84.60050201416016,89.1084976196289,205714000.0,42.471903236288966,33.17504360888489,28.651037868307267,28.74464718082585,29.897081431620805,3.74,83.0,-1.17,3.26
AMZN,2018-10-26,82.47949981689453,84.9229965209961,80.1500015258789,82.1405029296875,299276000.0,48.07214160790103,36.84097498745254,31.46427808018906,30.35500331890218,31.04895084397643,3.76,100.0,-1.14,4.14
AMZN,2018-10-29,83.0,83.28700256347656,74.75,76.94400024414062,277322000.0,50.54207160751035,39.068000893804296,33.111798534464526,31.104261199512674,29.303695418920274,3.81,100.0,-0.79,3.67
AMZN,2018-10-30,74.30799865722656,77.04949951171875,73.81800079345703,76.52100372314453,249202000.0,50.01832744600691,38.92583293049994,33.11795247920068,31.024658852652365,29.30161637016172,3.86,100.0,-0.51,3.66
AMZN,2018-10-31,78.49949645996094,81.19550323486328,78.25450134277344,79.90049743652344,187804000.0,52.16905327322563,40.01097253836635,33.84744420527328,31.295736384336735,29.593207455659666,3.93,100.0,-0.48,3.35
AMZN,2018-11-01,81.17649841308594,83.52249908447266,79.9219970703125,83.27649688720703,162710000.0,53.80362625059074,40.898046381162025,34.48340311912038,31.657050663616083,29.859677678522935,4.01,100.0,-0.5,3.09
AMZN,2018-11-02,83.92949676513672,84.87200164794922,82.59149932861328,83.27649688720703,139110000.0,53.73778910626184,40.86293597542116,34.47807423783538,31.636111775403663,29.842439147100446,4.09,99.0,-0.52,3.09
AMZN,2018-11-05,82.87850189208984,82.90450286865234,79.81800079345703,81.38999938964844,112494000.0,53.803215906876325,41.07510077404007,34.616147545691994,31.723300069413167,29.90960175726859,4.17,100.0,-0.55,2.95
AMZN,2018-11-06,80.9175033569336,83.25,80.72750091552734,82.1405029296875,85148000.0,53.41914137852317,41.11457953156224,34.64448217275669,31.720537908134393,29.912142942082216,4.25,100.0,-0.57,2.95
AMZN,2018-11-07,83.6500015258789,87.96150207519531,83.2040023803711,87.77449798583984,163844000.0,57.392227633936386,43.36920807338014,36.22343404697331,32.66112166172447,30.60643150224603,4.37,100.0,-0.55,2.78
AMZN,2018-11-08,87.75,89.19999694824219,86.25550079345703,87.74549865722656,130698000.0,56.988871457095804,43.20721669439037,36.20997807311509,32.64429070833466,30.599439628472204,4.48,99.0,-0.54,2.78
AMZN,2018-11-09,86.625,87.19599914550781,85.09349822998047,85.62149810791016,118044000.0,57.281160059701605,43.464546429598656,36.392274415509036,32.740968757578486,30.707732171024794,4.6,100.0,-0.56,2.65
AMZN,2018-11-12,84.91200256347656,85.42749786376953,81.50050354003906,81.84249877929688,136124000.0,58.39921896820868,44.3706953412593,37.044368142417895,33.17595041219128,31.058431410259573,4.73,100.0,-0.6,2.38
AMZN,2018-11-13,82.4645004272461,83.85299682617188,80.6875,81.55850219726562,118666000.0,58.33032431944288,44.371151982160654,37.02582204370408,33.179185015145066,31.061797319541924,4.85,99.0,-0.63,2.39
AMZN,2018-11-14,82.81600189208984,83.6500015258789,79.85350036621094,79.95050048828125,129738000.0,58.45788041378513,44.49843700152569,36.832810205617136,33.230595911128894,31.130528751909548,4.96,98.0,-0.62,2.49
AMZN,2018-11-15,79.05049896240234,81.24099731445312,77.32550048828125,80.97200012207031,168546000.0,58.52063568461173,44.51760332961305,36.79144485826624,33.25896593039576,31.133791442775337,5.07,97.0,-0.63,2.51
AMZN,2018-11-16,79.375,80.7239990234375,78.65599822998047,79.67050170898438,121322000.0,58.58702958035282,44.60177881101153,36.76766859947758,33.268523776746775,31.17341586948991,5.18,96.0,-0.62,2.52
AMZN,2018-11-19,78.85050201416016,79.05950164794922,75.16799926757812,75.614501953125,155800000.0,60.09397076067804,45.71958342974019,37.45870745740929,33.82578072137724,31.62133381499886,5.3,100.0,-0.5,2.29
AMZN,2018-11-20,71.875,76.73750305175781,71.0,74.77300262451172,217576000.0,60.0275126768123,45.62864978127536,37.49238538476132,33.846184090489395,31.642526719533343,5.43,100.0,-0.38,2.26
AMZN,2018-11-21,77.14949798583984,77.5,75.75,75.83650207519531,114336000.0,57.908483649239905,45.76285353884775,37.54232324697514,33.88418335284853,31.651802987029548,5.55,100.0,-0.36,2.24
AMZN,2018-11-23,75.8499984741211,76.80999755859375,75.09049987792969,75.10299682617188,54152000.0,57.73580687403914,45.11115275238862,37.53004419340392,33.839567248223005,31.64168693044516,5.66,99.0,-0.33,2.25
AMZN,2018-11-26,76.94999694824219,79.2405014038086,76.21099853515625,79.06649780273438,125154000.0,58.62340807022199,46.541222773455765,38.44330483385698,34.35718998608481,31.94782794654999,5.8,100.0,-0.38,2.02
AMZN,2018-11-27,78.79949951171875,79.88249969482422,77.90049743652344,79.07099914550781,115664000.0,58.53246753917816,46.5104931234499,38.4266127914401,34.34888649340824,31.940020887113484,5.93,99.0,-0.45,2.03
AMZN,2018-11-28,80.69599914550781,84.07250213623047,80.06099700927734,83.88749694824219,169174000.0,60.41345931739727,48.15964384887501,39.4962049877606,35.0543263440385,32.4611567637322,6.07,100.0,-0.48,1.86
AMZN,2018-11-29,83.74949645996094,84.49949645996094,82.61650085449219,83.67849731445312,132264000.0,60.351222646531944,47.99834551189448,39.495277088336636,35.049203286696844,32.33444959602675,6.21,99.0,-0.52,1.86
AMZN,2018-11-30,83.9749984741211,84.80000305175781,83.32499694824219,84.50849914550781,115236000.0,59.73578250532462,47.95770933755912,39.51244339623694,35.05723788499672,32.32385944179158,6.35,100.0,-0.56,1.85
AMZN,2018-12-03,88.4729995727539,88.91699981689453,86.5,88.61799621582031,137246000.0,61.39423052498451,49.03673791079264,40.06187180444514,35.433604420974106,32.620213115823894,6.49,100.0,-0.57,1.72
AMZN,2018-12-04,87.80000305175781,88.51699829101562,83.25,83.41999816894531,173890000.0,63.6793866406889,50.49054172756647,41.15997485786565,36.03230327156129,33.102390939048334,6.64,100.0,-0.63,1.51
AMZN,2018-12-06,80.74349975585938,85.05249786376953,80.49250030517578,84.95950317382812,175788000.0,63.89046362058696,50.36394927138457,41.261074612179264,36.09308885311763,33.140810726421805,6.8,100.0,-0.68,1.47
AMZN,2018-12-07,85.25350189208984,85.94650268554688,81.27300262451172,81.45649719238281,151522000.0,62.586781220213496,51.001070669608204,41.73088640549752,36.33166283100579,33.41784752061784,6.95,100.0,-0.75,1.31
AMZN,2018-12-10,81.19200134277344,82.89949798583984,79.54350280761719,82.05149841308594,149896000.0,59.12457959332307,51.043363389077754,41.75266926863307,36.130843673035415,33.41923468000727,7.1,100.0,-0.82,1.31
AMZN,2018-12-11,83.9000015258789,83.97350311279297,80.9800033569336,82.16200256347656,124894000.0,54.217029230349766,51.03223469449228,41.68291154985385,35.83165312442563,33.4191930221984,7.24,98.0,-0.88,1.34
AMZN,2018-12-12,83.44999694824219,85.24949645996094,83.01349639892578,83.177001953125,131960000.0,50.63468470880426,50.76302951259039,41.73555538450732,35.559687567374624,33.433894836817856,7.38,99.0,-0.93,1.32
AMZN,2018-12-13,84.0,84.60600280761719,82.07499694824219,82.91899871826172,105426000.0,50.605996068113555,50.601136289044256,41.72746441728427,35.149822590610604,33.43364103239807,7.51,97.0,-0.97,1.33
AMZN,2018-12-14,81.9000015258789,82.12850189208984,79.25,79.59549713134766,127344000.0,50.623256308178895,51.19804774617385,42.12939842562921,35.472959226593005,33.699639449148286,7.65,100.0,-1.04,1.2
AMZN,2018-12-17,78.30000305175781,78.80650329589844,75.25050354003906,76.04550170898438,176596000.0,50.70429690774141,51.86007022383262,42.58473150438869,35.31675440710238,34.01541384507564,7.78,100.0,-1.07,1.07
AMZN,2018-12-18,77.0,78.37750244140625,76.15049743652344,77.5739974975586,130460000.0,51.133783729907314,52.03778174740843,42.48212368717985,35.35241516135448,34.066364156274005,7.91,99.0,-1.12,1.12
AMZN,2018-12-19,77.15249633789062,79.22650146484375,74.15899658203125,74.75399780273438,175844000.0,51.78622376302807,52.406965994271324,42.83962139665881,35.59905697723249,34.26779479958077,8.04,100.0,-1.14,1.0
AMZN,2018-12-20,74.19999694824219,75.4749984741211,71.6344985961914,73.04149627685547,199836000.0,51.98258762223092,52.2873293406584,42.86380221545667,35.54515853015153,34.35049078477837,8.17,100.0,-1.13,0.99
AMZN,2018-12-21,73.24949645996094,74.0,68.197998046875,68.87249755859375,272806000.0,49.894605265870155,53.42041071930061,43.80127700374061,36.01559729329358,34.85229567176108,8.31,100.0,-0.99,0.82
AMZN,2018-12-24,67.30000305175781,69.80149841308594,65.3499984741211,67.197998046875,144400000.0,50.06278698615569,53.293531722582934,43.88530635172275,36.13195958861761,34.94228025056821,8.44,100.0,-0.83,0.79
AMZN,2018-12-26,68.44450378417969,73.65799713134766,68.15049743652344,73.54499816894531,208236000.0,57.4557907410395,56.880427919652654,46.17022752633249,37.602913034704166,36.070132175059555,8.62,100.0,-0.9,1.15
AMZN,2018-12-27,72.70999908447266,73.44999694824219,69.5155029296875,73.08200073242188,194440000.0,56.19077418056876,56.86789448338904,46.17083673499473,37.60269448896526,36.07186835222463,8.78,100.0,-0.96,1.15
AMZN,2018-12-28,73.6675033569336,75.67350006103516,72.44999694824219,73.9010009765625,176580000.0,56.35703156038437,56.91564303897197,46.1534434743322,37.58444543172904,36.08454864376897,8.94,98.0,-1.01,1.15
AMZN,2018-12-31,75.54000091552734,76.03800201416016,74.3499984741211,75.09850311279297,139090000.0,56.39959579354497,57.066732878163876,46.21709805644472,37.60246028615342,36.11576308846044,9.09,100.0,-1.07,1.13
AMZN,2019-01-02,73.26000213623047,77.66799926757812,73.04650115966797,76.95649719238281,159662000.0,56.76857656193498,57.24126762042038,46.34948871708003,37.70171639898731,36.160181970808644,9.24,100.0,-1.11,1.09
AMZN,2019-01-03,76.00050354003906,76.9000015258789,74.85549926757812,75.01399993896484,139512000.0,57.04066827515945,57.402407488227524,46.479283226175326,37.493058614941546,36.22451500027216,9.38,100.0,-1.15,1.05
AMZN,2019-01-04,76.5,79.69999694824219,75.91549682617188,78.76950073242188,183652000.0,56.82808511815113,58.369082787313864,47.179000031697534,37.89090778898221,36.52170549003977,9.53,100.0,-1.18,0.9
AMZN,2019-01-07,80.1155014038086,81.72799682617188,79.45950317382812,81.47550201416016,159864000.0,57.4558819969844,58.83814036401207,47.50379172131652,38.0354014553099,36.666428196209665,9.68,100.0,-1.18,0.81
AMZN,2019-01-08,83.2344970703125,83.83049774169922,80.83049774169922,82.8290023803711,177628000.0,57.49998871378903,57.55385440462687,47.53938435929806,38.0136475034032,36.66825459965513,9.82,100.0,-1.18,0.8
AMZN,2019-01-09,82.64900207519531,83.38999938964844,82.06999969482422,82.97100067138672,126976000.0,57.376609262911856,57.40930779636597,47.45403855371503,38.00537527894583,36.64457111687383,9.96,98.0,-1.17,0.82
AMZN,2019-01-10,82.05049896240234,83.1624984741211,81.08100128173828,82.81099700927734,130154000.0,55.5438111724949,56.79857723313675,47.45113879141459,37.717937814707746,36.64412644327445,10.08,97.0,-1.17,0.82
AMZN,2019-01-11,82.02749633789062,83.0145034790039,81.81099700927734,82.02799987792969,93724000.0,55.635013551149704,56.74679192829869,47.468765544172804,37.7371786142351,36.65947118317729,10.19,98.0,-1.17,0.82
AMZN,2019-01-14,80.75,82.41000366210938,79.75749969482422,80.8604965209961,120118000.0,53.00262789422495,56.35788421384429,47.51278739203409,37.503672638195106,36.653675518195335,10.29,99.0,-1.16,0.8
AMZN,2019-01-15,81.5999984741211,83.75800323486328,81.30049896240234,83.72799682617188,119970000.0,54.020133185934874,56.83754539056677,47.855752354987295,37.49678736403067,36.74964973373405,10.39,100.0,-1.15,0.71
AMZN,2019-01-16,84.21099853515625,85.25,83.79399871826172,84.18900299072266,127338000.0,53.965626646789644,56.45093140782046,47.82581152485311,37.497879244420865,36.75218705709268,10.46,99.0,-1.12,0.72
AMZN,2019-01-17,84.0,85.00849914550781,83.875,84.66100311279297,84178000.0,52.08726995511994,56.46273253801027,47.838078299114514,37.484716214244365,36.74486192137,10.53,99.0,-1.1,0.72
AMZN,2019-01-18,85.5999984741211,85.80999755859375,84.5770034790039,84.80999755859375,120410000.0,49.00102585983461,56.37990437031668,47.83872528056074,37.471852601458586,36.74416046630463,10.59,99.0,-1.07,0.72
AMZN,2019-01-22,84.05000305175781,84.09349822998047,80.51000213623047,81.6084976196289,128336000.0,49.96810518885873,56.86518168255608,48.15792060140358,37.75331261795994,36.95646665601954,10.64,100.0,-1.04,0.65
AMZN,2019-01-23,82.80000305175781,82.87149810791016,80.5999984741211,82.0009994506836,104504000.0,48.46974977801026,55.50371322840568,48.16399638725948,37.75176621080351,36.879653926800145,10.68,100.0,-1.0,0.65
AMZN,2019-01-24,82.05349731445312,82.86299896240234,81.58899688720703,82.74649810791016,81798000.0,48.494883999899116,53.66626019260568,47.870665474534825,37.74011373472774,36.80107008285288,10.71,98.0,-0.95,0.72
AMZN,2019-01-25,83.5250015258789,84.17400360107422,83.08049774169922,83.52850341796875,98918000.0,48.566477210519714,51.03314773043357,47.90010291299943,37.751012100119944,36.808421444420766,10.74,98.0,-0.9,0.71
AMZN,2019-01-28,82.17949676513672,82.25,80.70449829101562,81.89450073242188,96754000.0,48.7812249786107,49.35645820031538,47.97109865087473,37.80802946948443,36.83832156202772,10.76,98.0,-0.85,0.7
AMZN,2019-01-29,81.5634994506836,81.61900329589844,79.53600311279297,79.69400024414062,92656000.0,49.39005417149257,49.67939083059635,48.072808217088095,37.94607521172425,36.9056462723669,10.77,98.0,-0.82,0.68
AMZN,2019-01-30,81.1500015258789,83.84750366210938,80.98400115966797,83.52149963378906,115676000.0,49.830016315179584,49.82002106001151,48.60007649987845,38.347753664117036,37.1815617857789,10.79,100.0,-0.76,0.57
AMZN,2019-01-31,84.64250183105469,86.82050323486328,83.9540023803711,85.9365005493164,218206000.0,48.333722126357124,49.439682087638495,48.76111857183844,38.493138514663805,37.261665759228926,10.8,100.0,-0.69,0.53
AMZN,2019-02-01,81.94400024414062,83.65299987792969,81.10050201416016,81.3115005493164,230124000.0,51.034999203297595,50.74738298822553,49.508933003897646,39.00662465138956,37.670759562999415,10.81,100.0,-0.62,0.41
AMZN,2019-02-04,81.1500015258789,82.48149871826172,80.67500305175781,81.66549682617188,98582000.0,49.70737056569258,50.53785576500104,49.512267801226706,39.00120879167808,37.42062233132588,10.8,100.0,-0.54,0.41
AMZN,2019-02-05,82.16699981689453,83.26300048828125,82.125,82.94049835205078,89062000.0,49.202321836680376,50.60304705949361,49.41108308942043,39.040865213156685,37.34715410498173,10.79,98.0,-0.46,0.44
AMZN,2019-02-06,83.5374984741211,83.61299896240234,81.66699981689453,82.01300048828125,78798000.0,45.71851635826157,48.73276162595514,49.43091463049157,39.06029040419879,37.25325090872482,10.77,98.0,-0.37,0.43
AMZN,2019-02-07,81.25,81.2770004272461,79.64550018310547,80.71849822998047,92532000.0,45.28256775446904,48.82632735041966,49.479647379196564,39.098364963627205,37.107407996653066,10.74,98.0,-0.29,0.42
AMZN,2019-02-08,79.30000305175781,79.42949676513672,78.33799743652344,79.41100311279297,113150000.0,38.028077747939484,48.68961492265173,49.51584200773661,39.1454758545376,37.098313068224485,10.69,100.0,-0.2,0.41
AMZN,2019-02-11,80.04900360107422,80.4645004272461,79.30000305175781,79.55000305175781,66346000.0,37.93628027013744,47.82511230698824,49.286444597959786,39.116272111859324,36.779321518619675,10.64,94.0,-0.1,0.46
AMZN,2019-02-12,80.19999694824219,81.97000122070312,79.94400024414062,81.90049743652344,97172000.0,38.63010564859294,48.20274024757079,49.44000291792645,39.268044792491786,36.878597726525534,10.57,96.0,0.02,0.43
AMZN,2019-02-13,82.3499984741211,82.81900024414062,81.85549926757812,82.0,71206000.0,38.4469618219457,48.02277892287316,49.43312158287197,39.26495479842585,36.72569600569257,10.48,95.0,0.16,0.43
AMZN,2019-02-14,81.2249984741211,81.8949966430664,80.3030014038086,81.13249969482422,82410000.0,38.0840688747709,48.00612093975158,49.4227787920641,39.28501723478959,36.69049951810662,10.38,93.0,0.3,0.43
AMZN,2019-02-15,81.39299774169922,81.44550323486328,80.2249984741211,80.39749908447266,86878000.0,37.34932655738139,47.925507141901555,49.39032870074385,39.28990564617252,36.6172707024063,10.27,91.0,0.46,0.44
AMZN,2019-02-19,80.05000305175781,81.69999694824219,80.02799987792969,81.37899780273438,73634000.0,34.80274831497201,46.719882501270014,49.40408476874691,39.314870541630164,36.629493678289535,10.15,91.0,0.63,0.44
AMZN,2019-02-20,81.5,81.74649810791016,80.50599670410156,81.1050033569336,66752000.0,33.40808354410803,46.65857406073132,49.27513400221514,39.30725682531233,36.61932347254971,10.02,88.0,0.8,0.47
AMZN,2019-02-21,80.99250030517578,81.1780014038086,80.04550170898438,80.97200012207031,69668000.0,33.035080503922096,46.58611386262989,49.27399417456274,39.27019958527468,36.59651297269234,9.88,87.0,0.97,0.47
AMZN,2019-02-22,81.17500305175781,81.74700164794922,81.05850219726562,81.5780029296875,61924000.0,33.11421949062885,46.54883005721371,49.18149305171457,39.21810369273332,36.591020235415996,9.73,86.0,1.02,0.5
AMZN,2019-02-25,82.07250213623047,82.7300033569336,81.51950073242188,81.6500015258789,63690000.0,33.114171192149215,45.365074822307996,49.18157648851535,39.2183153785163,36.590839800258514,9.57,86.0,1.04,0.5
AMZN,2019-02-26,81.29900360107422,81.99949645996094,80.80650329589844,81.81999969482422,53316000.0,33.00969877378634,45.36605696287144,49.18405255450205,39.21689348495932,36.57896411302315,9.4,86.0,0.92,0.5
AMZN,2019-02-27,81.40899658203125,82.09049987792969,80.75499725341797,82.05449676513672,62976000.0,32.73974760209382,43.698683673987624,49.13408637743151,39.216929968486966,36.552147386364496,9.22,83.0,0.84,0.51
AMZN,2019-02-28,81.76249694824219,82.5885009765625,81.69149780273438,81.99150085449219,60518000.0,31.0767870525239,43.69652789187023,49.1191376321909,39.21516460989437,36.545800207074244,9.03,82.0,0.74,0.51
AMZN,2019-03-01,82.75650024414062,83.71299743652344,82.55000305175781,83.58650207519531,99498000.0,31.567788648799645,43.83251907604528,49.118036838678464,39.27656311685397,36.59486815314014,8.83,81.0,0.74,0.51
AMZN,2019-03-04,84.25,85.47149658203125,83.71800231933594,84.80850219726562,123348000.0,31.815946997190075,42.81003624049263,49.1600928204918,39.31221905654371,36.59847904299221,8.62,83.0,0.75,0.5
AMZN,2019-03-05,85.14749908447266,85.38999938964844,84.45050048828125,84.62149810791016,73630000.0,31.818291696355804,40.964306240754546,49.12051898513766,39.29078079240618,36.597227248264666,8.39,81.0,0.8,0.51
AMZN,2019-03-06,84.79850006103516,84.88749694824219,83.41400146484375,83.44750213623047,79920000.0,29.98784904042443,40.8906340633953,49.15913682472466,39.32153423420886,36.594643331954465,8.14,82.0,0.81,0.5
AMZN,2019-03-07,83.36849975585938,83.48750305175781,81.02549743652344,81.29750061035156,99140000.0,30.94672647961722,40.31933618232545,48.302620196334374,39.43700479891091,36.67930432162231,7.94,75.0,0.89,0.57
AMZN,2019-03-08,80.20050048828125,81.13600158691406,79.32849884033203,81.04000091552734,93340000.0,30.828787762189773,40.29527902233858,48.19894905359937,39.43039741006283,36.67800883504345,7.72,74.0,0.93,0.6
AMZN,2019-03-11,81.30599975585938,83.614501953125,81.30049896240234,83.53099822998047,77528000.0,31.99422617805973,40.776166501421365,48.02585427222594,39.582405201327155,36.79886216109924,7.52,70.0,1.04,0.63
AMZN,2019-03-12,83.44999694824219,84.2135009765625,83.04900360107422,83.65499877929688,72290000.0,31.44193655014776,40.70039338210091,47.967432601111184,39.5606466662423,36.75959048811552,7.29,68.0,1.14,0.65
AMZN,2019-03-13,84.1500015258789,85.0,83.96749877929688,84.54049682617188,71040000.0,30.413442930897975,40.75048027542203,47.70041485313868,39.56858717167218,36.754262929324845,7.07,61.0,1.23,0.71
AMZN,2019-03-14,84.55999755859375,85.0999984741211,84.21700286865234,84.31099700927734,58932000.0,27.280769124637068,39.84161087100714,47.68747308135274,39.397599797872296,36.74943091559966,6.83,60.0,1.28,0.72
AMZN,2019-03-15,85.1500015258789,85.94000244140625,84.65650177001953,85.61799621582031,151018000.0,26.35177093590556,38.74144124107294,47.459118318388164,39.3903234783059,36.78032886028818,6.59,55.0,1.35,0.77
AMZN,2019-03-18,85.63500213623047,87.5,85.63150024414062,87.10749816894531,108582000.0,20.991220965262933,38.692799928558735,47.537580150632216,39.38184103354238,36.81474007299657,6.33,58.0,1.37,0.75
AMZN,2019-03-19,87.67549896240234,89.20800018310547,87.67549896240234,88.09249877929688,127284000.0,21.144457270846072,37.87270329200678,47.51704002505294,39.29940112678462,36.823723542530765,6.06,57.0,1.38,0.75
AMZN,2019-03-20,88.49700164794922,89.9749984741211,88.35150146484375,89.8635025024414,125312000.0,21.416526396603444,37.64216836940811,47.58714345417543,39.36825268244952,36.83223468105954,5.76,59.0,1.38,0.73
AMZN,2019-03-21,89.81300354003906,91.1875,89.36399841308594,90.96299743652344,115356000.0,21.167702506062174,35.372442592809065,46.604066092266415,39.38224137309126,36.75842998387663,5.5,48.0,1.28,0.86
AMZN,2019-03-22,90.5084991455078,90.9489974975586,88.15550231933594,88.2385025024414,127260000.0,22.683091069571244,35.59638419943642,45.58594987908112,39.524958618243666,36.886982017109574,5.27,41.0,1.29,0.91
AMZN,2019-03-25,87.8895034790039,89.13400268554688,87.375,88.71299743652344,102076000.0,21.938304771949387,30.792892405858304,43.68717371112196,39.527858589852215,36.810953399598226,5.11,38.0,1.18,0.83
AMZN,2019-03-26,89.6500015258789,90.28849792480467,88.66799926757812,89.18800354003906,97318000.0,21.935350393088733,30.732856543992206,42.385548906556195,39.52574850270981,36.66432417960351,4.99,33.0,1.17,0.91
AMZN,2019-03-27,89.20649719238281,89.375,87.28399658203125,88.28500366210938,86496000.0,20.929326754371065,30.81150710532745,42.4115817681096,39.49743545456425,36.47225254043471,4.86,33.0,1.21,0.91
AMZN,2019-03-28,88.5,88.89649963378906,87.67350006103516,88.6709976196289,60860000.0,20.932382059754975,30.69191554983744,41.88233344964796,39.499797336868795,36.26298821226655,4.74,30.0,1.13,1.06
AMZN,2019-03-29,89.3290023803711,89.64299774169922,88.83149719238281,89.0374984741211,66416000.0,20.554673495598873,30.359840779574487,41.383453014999475,39.49462291110356,35.97557281096941,4.64,24.0,1.02,1.21
AMZN,2019-04-01,90.00550079345703,90.78350067138672,89.9365005493164,90.70950317382812,84776000.0,20.69371130419599,29.96712623687795,41.48106864243957,39.458502011754874,36.00493268258684,4.54,24.0,0.92,1.17
AMZN,2019-04-02,90.5510025024414,91.0,90.25599670410156,90.6989974975586,68962000.0,20.58071363582087,28.41898148102801,41.30605182019037,39.443847545812595,35.58907930194582,4.43,22.0,0.81,1.22
AMZN,2019-04-03,91.33599853515624,91.5,90.4810028076172,91.03500366210938,78522000.0,20.47387602459786,27.656637453490024,41.287866706413205,39.44145361072178,35.56459733331299,4.32,21.0,0.71,1.23
AMZN,2019-04-04,91.03250122070312,91.4375,90.20999908447266,90.94300079345705,72478000.0,20.46000070939314,27.49333249636054,39.93820172253725,39.41703159967411,35.54424581286905,4.26,17.0,0.68,1.38
AMZN,2019-04-05,91.4499969482422,91.9290008544922,91.2594985961914,91.86399841308594,72810000.0,20.5139163718172,27.548720869035748,39.967814054536866,39.43528180701288,35.446638055504025,4.2,17.0,0.65,1.37
AMZN,2019-04-08,91.6614990234375,92.51000213623048,91.25550079345705,92.49299621582033,75056000.0,20.508771546219055,27.557905046262967,39.77870975117096,39.39525923575495,35.29137346475745,4.14,15.0,0.58,1.43
AMZN,2019-04-09,92.27449798583984,92.65450286865234,91.58899688720705,91.79199981689452,74288000.0,20.784351035442246,27.527347028224288,39.116740018388484,39.40582715113013,35.30206321644106,4.11,11.0,0.49,1.61
AMZN,2019-04-10,92.0500030517578,92.4000015258789,91.44049835205078,92.3665008544922,59280000.0,20.79367992312729,27.33211589370747,39.11791409228453,39.40483263181416,35.24797275005087,4.07,11.0,0.4,1.6
AMZN,2019-04-11,92.43499755859376,92.49749755859376,92.0155029296875,92.20349884033205,53096000.0,20.815347205683388,26.48188170524195,38.9738866431393,39.36570704574086,35.24124140594272,4.03,9.0,0.32,1.66
AMZN,2019-04-12,92.41999816894533,92.5749969482422,92.06500244140624,92.15299987792967,62288000.0,20.331890582774662,26.472970594390137,38.93308885979573,39.303693358534844,35.21391544633647,3.99,8.0,0.24,1.68
AMZN,2019-04-15,92.0999984741211,92.34249877929688,90.94499969482422,92.24349975585938,74488000.0,20.056996396243278,26.459446343140186,38.83193906586785,39.138875102352976,35.188749847049586,3.96,7.0,0.18,1.73
AMZN,2019-04-16,92.56749725341795,93.4885025024414,92.4000015258789,93.1520004272461,60892000.0,20.098330320531915,26.514990466168726,37.88481804654261,39.151233715458716,35.193841148564495,3.95,4.0,0.2,1.94
AMZN,2019-04-17,93.64949798583984,93.82350158691406,93.02200317382812,93.24099731445312,57870000.0,19.445102415150515,25.168733822237787,37.82548502576937,39.069220237372754,34.94857145217163,3.94,3.0,0.22,1.96
AMZN,2019-04-18,93.4394989013672,93.54100036621094,92.9739990234375,93.08450317382812,54998000.0,17.370183979024862,25.17541444869657,37.78193115493084,39.069611526706595,34.91704606602784,3.94,2.0,0.23,1.99
AMZN,2019-04-22,92.7699966430664,94.4209976196289,92.28199768066406,94.3655014038086,67476000.0,17.40838653364171,25.247444434097797,37.77890686728567,39.081061070836896,34.893974994874846,3.93,1.0,0.26,1.98
AMZN,2019-04-23,94.55999755859376,96.46299743652344,94.47899627685548,96.1884994506836,92808000.0,16.269142932184234,25.444152266835818,37.050346897372926,39.07168894825984,34.885057453771836,3.96,1.0,0.26,2.19
AMZN,2019-04-24,96.25,96.4844970703125,94.90799713134766,95.0875015258789,73516000.0,16.915771968090727,25.193060376050948,37.11094336901418,39.08948813003768,34.89972119880037,3.98,2.0,0.22,2.16
AMZN,2019-04-25,95.8499984741211,96.12249755859376,95.0155029296875,95.1125030517578,121982000.0,16.847207363968167,24.425796016049574,35.95650408419781,39.05843976098991,34.6714810874522,4.05,1.0,0.13,2.44
AMZN,2019-04-26,96.4499969482422,97.5500030517578,94.9000015258789,97.53150177001952,168652000.0,17.7975946615359,23.124055269297337,36.14980431485283,39.159327821784714,34.754727242781634,4.11,2.0,0.09,2.34
AMZN,2019-04-29,97.4499969482422,97.81700134277344,96.70449829101562,96.92150115966795,80426000.0,17.791239185133904,22.550315564210617,36.14586174429462,39.13823190790412,34.55604201908181,4.17,2.0,0.02,2.34
AMZN,2019-04-30,96.50499725341795,96.7854995727539,95.34750366210938,96.32599639892578,70120000.0,17.584355442068635,19.216737865397793,35.39929680426566,39.13835436254581,34.39008219008058,4.25,1.0,-0.03,2.62
AMZN,2019-05-01,96.65450286865234,97.18199920654295,95.52749633789062,95.57599639892578,62340000.0,17.708399156444244,19.336884568954517,34.03996470343047,39.141881276508165,34.3973614483883,4.37,1.0,-0.11,2.87
AMZN,2019-05-02,95.66649627685548,96.07749938964844,94.09349822998048,95.04100036621094,79258000.0,17.089906219617895,19.220284861233846,33.948769915010175,39.14279042742458,34.3901519993539,4.5,1.0,-0.19,2.94
AMZN,2019-05-03,97.4499969482422,98.22000122070312,96.8000030517578,98.1230010986328,127632000.0,18.97828171489972,19.945532070818594,33.58117917500088,39.29798811574649,34.51987165817009,4.63,1.0,-0.23,3.03
AMZN,2019-05-06,95.89900207519533,97.9499969482422,95.5250015258789,97.52749633789062,108356000.0,16.451444852078925,19.64735857887467,33.59332847619726,39.23584988913464,34.5268497748731,4.75,2.0,-0.29,3.03
AMZN,2019-05-07,96.99949645996094,97.45500183105467,95.16899871826172,96.0500030517578,118042000.0,17.295348776998303,19.603396521123685,33.7014589427684,39.27779187379507,34.5610597588626,4.87,3.0,-0.36,2.96
AMZN,2019-05-08,95.94349670410156,96.76850128173828,95.5,95.88849639892578,81572000.0,17.32013980218879,19.62662876533666,33.661306953596295,39.27734430111864,34.54330147625987,4.98,3.0,-0.42,3.0
AMZN,2019-05-09,95.0,95.47000122070312,93.8000030517578,94.99349975585938,106166000.0,17.271162207004913,19.024383684535195,33.6974828793859,39.2917601072183,34.55358644716065,5.09,4.0,-0.48,2.97
AMZN,2019-05-10,94.9000015258789,95.1894989013672,92.8000030517578,94.4990005493164,114360000.0,17.401312478828174,19.08812696944754,33.02764209163689,39.294495828277945,34.54663688177486,5.21,1.0,-0.5,3.27
AMZN,2019-05-13,91.8280029296875,92.3270034790039,90.9000015258789,91.13400268554688,115668000.0,20.633352149564807,20.503289662097636,32.71788083244338,39.504476982044125,34.743139104827186,5.34,1.0,-0.47,3.34
AMZN,2019-05-14,91.9749984741211,92.62200164794922,90.7874984741211,92.00599670410156,92582000.0,20.112769551807656,20.430163996907336,32.61312899106492,39.52124811778067,34.75209517077311,5.46,1.0,-0.44,3.43
AMZN,2019-05-15,91.39749908447266,93.72149658203124,91.1500015258789,93.55750274658205,93852000.0,20.65470033265956,20.54630835635837,32.10026226672933,39.571506700144866,34.78940545388514,5.59,1.0,-0.41,3.66
AMZN,2019-05-16,94.2969970703125,95.87550354003906,94.114501953125,95.37850189208984,94156000.0,21.31233854843163,20.800828140128218,31.951632099049377,39.6137399526597,34.7990885682349,5.72,1.0,-0.4,3.73
AMZN,2019-05-17,94.65249633789062,95.52649688720705,93.3665008544922,93.4499969482422,94732000.0,22.23814443708015,21.318193754908418,30.6271892066173,39.685553205947315,34.857621074126705,5.88,1.0,-0.54,3.88
AMZN,2019-05-20,92.6344985961914,93.38899993896484,91.7770004272461,92.94850158691406,75964000.0,22.135297173707244,21.350167128929286,30.335765518898,39.49048463148535,34.86039515870175,6.03,1.0,-0.98,4.08
AMZN,2019-05-21,93.739501953125,93.9499969482422,92.3000030517578,92.8759994506836,80102000.0,22.05283730132333,21.35718362377682,26.941638004332606,39.48935115277525,34.856595749978524,6.25,1.0,-1.04,1.27
AMZN,2019-05-22,92.58899688720705,93.57450103759766,92.5500030517578,92.98400115966795,58732000.0,21.931321245062957,21.358134972835696,26.90666132192494,39.48426387264454,34.85078133625107,6.46,1.0,-1.14,1.3
AMZN,2019-05-23,91.82949829101562,92.1999969482422,90.20999908447266,90.77400207519533,88486000.0,22.96707066045952,22.02089609106031,27.194412063766656,39.54895591735791,34.93672827367923,6.65,3.0,-1.22,1.16
AMZN,2019-05-24,91.79450225830078,92.08799743652344,90.89250183105467,91.16400146484376,67394000.0,23.006871369766202,22.021232323198912,27.1039769854992,39.470173203072235,34.916926332514784,6.84,3.0,-1.29,1.21
AMZN,2019-05-28,91.6374969482422,92.4635009765625,91.36750030517578,91.82150268554688,64000000.0,23.110874210179894,21.748700329999263,26.876815550646672,39.42242196967609,34.923294885609046,7.01,1.0,-1.31,1.32
AMZN,2019-05-29,91.15599822998048,91.5,90.37650299072266,90.95950317382812,85580000.0,23.264307372333683,21.69340681465209,26.579578441508573,39.43565203918793,34.9353256707473,7.19,1.0,-1.42,1.45
AMZN,2019-05-30,91.27449798583984,91.47350311279295,90.3915023803711,90.81600189208984,62938000.0,23.060759302074356,21.689612844818324,25.496918585808054,39.428744729054024,34.935723165186396,7.37,1.0,-1.43,1.46
AMZN,2019-05-31,89.50050354003906,89.77950286865234,88.63500213623047,88.75350189208984,92376000.0,23.92487190297708,22.033870006092286,25.254267326647245,39.407189018059356,35.007151128662194,7.54,1.0,-1.41,1.46
AMZN,2019-06-03,88.00050354003906,88.31449890136719,83.5999984741211,84.6344985961914,181974000.0,27.37155008122134,23.545636780534277,26.26967329498555,39.79494802661819,35.3318841152063,7.69,3.0,-1.41,1.47
AMZN,2019-06-04,84.96199798583984,86.54100036621094,84.04450225830078,86.47799682617188,113582000.0,27.88334257677787,23.915439303114184,26.486263665853283,39.88339425854252,35.38953524839677,7.82,4.0,-1.39,1.38
AMZN,2019-06-05,87.4800033569336,87.5999984741211,85.76249694824219,86.92500305175781,84796000.0,27.209222806257916,23.147540658325237,26.494184441419595,39.87457574841316,35.364570879697396,7.94,5.0,-1.38,1.38
AMZN,2019-06-06,86.885498046875,88.0,86.30650329589844,87.71800231933594,73786000.0,27.328452351019912,23.211317731724364,26.480128182953138,39.715822470150414,35.328127615771606,8.06,4.0,-1.36,1.41
AMZN,2019-06-07,88.18499755859375,90.3125,87.97450256347656,90.20149993896484,96164000.0,28.727691232583346,23.78934200287448,26.719095848518375,39.803364706798064,35.43717616544513,8.16,8.0,-1.34,1.36
AMZN,2019-06-10,91.0999984741211,94.24349975585938,90.9000015258789,93.03150177001952,107420000.0,29.241649351019827,24.54531187120675,26.598994745587333,39.965758777358154,35.566975574918544,8.26,8.0,-1.35,1.37
AMZN,2019-06-11,94.1624984741211,94.68499755859376,92.9000015258789,93.18499755859376,80854000.0,29.221154721970315,24.377681246458348,26.589670814690926,39.950629131497514,35.56542832328956,8.35,8.0,-1.36,1.37
AMZN,2019-06-12,92.6989974975586,93.25,92.21900177001952,92.76599884033205,53566000.0,29.201186654357226,24.180968173736737,26.593755738828396,39.91436791773422,35.56781437321742,8.44,9.0,-1.36,1.36
AMZN,2019-06-13,93.33599853515624,94.15450286865234,93.11100006103516,93.51499938964844,55916000.0,29.253216683028434,24.132149784039044,26.617527115664657,39.90781786325962,35.57212892401545,8.51,11.0,-1.36,1.35
AMZN,2019-06-14,93.1999969482422,93.8000030517578,92.9499969482422,93.4834976196289,57024000.0,29.216574092709934,23.809101557858202,25.856084105965078,39.83136818162951,35.57074040498143,8.6,3.0,-1.35,1.57
AMZN,2019-06-17,93.8249969482422,94.78450012207033,93.77249908447266,94.30149841308594,52686000.0,27.711414103478543,23.748349258778326,25.8767952024243,39.845620549767645,35.56435849302563,8.67,4.0,-1.34,1.57
AMZN,2019-06-18,95.06749725341795,96.08350372314452,94.989501953125,95.06849670410156,77914000.0,27.80443185160808,22.896678188931766,25.87008449410496,39.791453288203215,35.569281766885624,8.74,4.0,-1.32,1.57
AMZN,2019-06-19,95.39199829101562,95.97899627685548,94.62349700927734,95.4394989013672,57906000.0,27.49410844933548,22.887368621379274,25.841382027739513,39.790683694814334,35.568579723783735,8.81,3.0,-1.31,1.58
AMZN,2019-06-20,96.66649627685548,96.76000213623048,95.29000091552734,95.90950012207033,64344000.0,27.529885223633254,22.884246767802434,25.62474022943863,39.79525440136879,35.5664489219116,8.87,3.0,-1.28,1.74
AMZN,2019-06-21,95.80500030517578,96.29750061035156,95.37899780273438,95.56500244140624,78672000.0,27.409379964972874,22.783929297301807,25.219619892048208,39.74957894399578,35.55870081967675,8.93,1.0,-1.27,1.97
AMZN,2019-06-24,95.63300323486328,95.84300231933594,95.06500244140624,95.69499969482422,45660000.0,27.362632611061073,22.775114331558857,24.160839617036185,39.734616735971265,35.53921558859665,8.99,1.0,-1.24,2.02
AMZN,2019-06-25,95.59200286865234,95.81950378417967,93.62100219726562,93.91349792480467,60246000.0,25.748866096690985,23.133864426009517,23.974146938191833,39.708058797250175,35.5801094842659,9.05,1.0,-1.23,2.0
AMZN,2019-06-26,94.6240005493164,95.19000244140624,94.36599731445312,94.8915023803711,48838000.0,25.774074721472427,22.924956430623176,22.260358706910853,39.70813053955958,35.453486379626376,9.12,1.0,-1.19,1.16
AMZN,2019-06-27,95.0999984741211,95.56199645996094,94.9020004272461,95.21399688720705,42834000.0,25.354944814555147,22.930564782598697,22.257825242606625,39.677708447929525,35.41766834540903,9.19,1.0,-1.14,1.16
AMZN,2019-06-28,95.45500183105467,95.64700317382812,94.1999969482422,94.68150329589844,60748000.0,24.78007118931135,22.959795353075446,22.172908506892444,39.68180708925938,35.37312142688144,9.24,1.0,-1.09,1.19
AMZN,2019-07-01,96.14900207519533,96.49099731445312,95.73300170898438,96.1094970703125,63842000.0,24.39552134180779,23.143125422988703,22.185149785013852,38.992347514948634,35.32203865950895,9.29,2.0,-1.04,1.22
AMZN,2019-07-02,95.96900177001952,96.739501953125,95.3314971923828,96.71549987792967,52918000.0,24.367350571834216,23.092057466273165,22.018756519681034,38.91671993072831,35.32649139650512,9.33,1.0,-0.98,1.35
AMZN,2019-07-03,96.79450225830078,97.07949829101562,96.5250015258789,96.9499969482422,33806000.0,24.36098994309745,23.06108307172311,21.825917384662795,38.64218641002874,35.318612289490794,9.37,1.0,-0.96,1.5
AMZN,2019-07-05,96.43000030517578,97.29499816894533,96.26499938964844,97.14550018310548,52568000.0,24.361425112941394,22.99574207795927,21.825881684282432,38.59546081285596,35.29794448942676,9.4,1.0,-0.94,1.5
AMZN,2019-07-08,96.70600128173828,97.8000030517578,96.4124984741211,97.61599731445312,57668000.0,23.140526943351244,22.983705497628424,21.393928922006562,38.40591081127806,35.299397174671476,9.42,1.0,-0.87,1.67
AMZN,2019-07-09,97.38999938964844,99.50050354003906,97.17400360107422,99.41500091552734,86914000.0,23.588496315530254,23.248647178339635,21.55351548938352,38.45755049699818,35.33905360673975,9.44,2.0,-0.79,1.58
AMZN,2019-07-10,99.82550048828124,101.24700164794922,99.7699966430664,100.87049865722656,98638000.0,23.800038104340807,23.403648139245284,21.550475504477244,38.275295682604884,35.33089972337692,9.45,2.0,-0.69,1.63
AMZN,2019-07-11,101.28099822998048,101.79000091552734,99.76499938964844,100.05349731445312,86356000.0,23.743328388600688,23.486765888549407,21.53812414214959,38.28596149456551,35.34121593347931,9.45,2.0,-0.65,1.64
AMZN,2019-07-12,100.41349792480467,100.8499984741211,100.19349670410156,100.5500030517578,50186000.0,23.70507622244999,23.433237429036108,21.483795131504436,38.25555981282623,35.33837708819576,9.44,2.0,-0.58,1.67
AMZN,2019-07-15,101.06999969482422,101.1449966430664,100.07749938964844,101.04949951171876,59626000.0,22.348891581222638,23.445251529321258,21.470316016530376,38.231169529187795,35.26639952311702,9.43,2.0,-0.52,1.7
AMZN,2019-07-16,100.52899932861328,101.31600189208984,100.06099700927734,100.49500274658205,52364000.0,16.406526401414695,23.479348381657207,21.49662770339272,37.52917772379088,35.260761321072906,9.41,4.0,-0.48,1.67
AMZN,2019-07-17,100.35250091552734,100.5999984741211,99.60150146484376,99.60150146484376,51176000.0,16.229437016289488,23.42666115736903,21.551188383257312,36.67894713270275,35.26979272375971,9.38,7.0,-0.44,1.6
AMZN,2019-07-18,99.00050354003906,99.375,97.57749938964844,98.8949966430664,69738000.0,16.5860859915346,23.17030423044453,21.599087393318452,35.369440970440195,35.25922550051341,9.34,9.0,-0.41,1.54
AMZN,2019-07-19,99.5605010986328,99.8000030517578,98.11150360107422,98.22599792480467,63712000.0,16.824571602923232,23.08609165078643,21.643203462696206,34.48982871984717,35.266214101195395,9.29,10.0,-0.38,1.49
AMZN,2019-07-22,98.55699920654295,99.4499969482422,97.91300201416016,99.28150177001952,58000000.0,15.352340283056588,23.179403189371165,21.688337479226096,34.497672330981096,35.241884374023044,9.23,11.0,-0.35,1.47
AMZN,2019-07-23,99.79949951171876,99.8895034790039,98.65650177001952,99.72450256347656,54070000.0,12.9288643056586,22.630695522678057,21.68778729901259,34.13994874548719,35.24425890130109,9.17,11.0,-0.34,1.48
AMZN,2019-07-24,98.46499633789062,100.06500244140624,98.2935028076172,100.04049682617188,52626000.0,12.92952712616173,22.594963997998427,21.51058674609296,33.80497925486576,35.238630949710256,9.1,5.0,-0.29,1.57
AMZN,2019-07-25,100.0500030517578,100.05999755859376,98.63600158691406,98.69100189208984,82730000.0,13.598877896928007,22.739472974285423,21.550121039591552,33.84890821433166,35.23576022528513,9.02,7.0,-0.22,1.5
AMZN,2019-07-26,97.0999984741211,97.54499816894533,96.22550201416016,97.15249633789062,98542000.0,14.409963864116836,22.918252846031923,21.715508386586965,33.788117087824546,35.223847843511884,8.93,15.0,-0.13,1.37
AMZN,2019-07-29,96.5,96.61150360107422,94.5270004272461,95.62249755859376,89864000.0,15.240356704259439,23.12632475168676,21.751825816088957,33.83256991700483,35.128038493910466,8.82,16.0,-0.04,1.35
AMZN,2019-07-30,94.55599975585938,95.49449920654295,94.17400360107422,94.92649841308594,58218000.0,15.220588804804416,22.200255322055227,21.348629766739936,32.93573945160113,35.13263053271372,8.73,1.0,-0.1,1.54
AMZN,2019-07-31,94.90550231933594,94.97750091552734,92.47200012207033,93.33899688720705,89414000.0,15.8060053459631,22.423782113309862,21.535560614666718,32.99919397930458,35.10906087738693,8.63,7.0,-0.3,1.4
AMZN,2019-08-01,93.58599853515624,94.89600372314452,92.20050048828124,92.76599884033205,94266000.0,15.825443597658474,22.248650222007694,21.06412782124426,32.87588228955465,35.11460487468369,8.53,1.0,-0.3,1.51
AMZN,2019-08-02,92.25350189208984,92.31800079345705,90.4010009765625,91.16200256347656,99124000.0,16.42122599940345,22.51484166554844,21.267451591895792,32.49636306918433,35.141590411734356,8.42,2.0,-0.35,1.35
AMZN,2019-08-05,88.51100158691406,89.43350219726562,87.43900299072266,88.25650024414062,121164000.0,18.677026012559864,23.365373730864846,21.853997703203348,32.72669019238268,35.23079440754277,8.29,23.0,-0.42,1.17
AMZN,2019-08-06,89.61150360107422,89.6884994506836,87.66999816894531,89.3915023803711,101406000.0,19.17667336963859,23.52457666946034,21.935472467102738,32.66902929551604,35.249480785459106,8.16,24.0,-0.53,1.14
AMZN,2019-08-07,88.69950103759766,89.94650268554688,87.8499984741211,89.66999816894531,90538000.0,18.578364942148358,22.353486093611775,21.810888685768646,32.63882227185471,35.225274553565164,8.02,21.0,-0.56,1.2
AMZN,2019-08-08,90.3000030517578,91.71299743652344,89.90550231933594,91.64450073242188,74024000.0,19.486766876671627,22.720987314489765,21.911331716000053,32.67347247234195,35.28420563453972,7.87,25.0,-0.52,1.17
AMZN,2019-08-09,91.44750213623048,91.55449676513672,90.11100006103516,90.37899780273438,57596000.0,19.778261844081726,22.62118868460828,21.96130215114731,32.107423313108335,35.28742652226846,7.71,27.0,-0.5,1.1
AMZN,2019-08-12,89.79949951171875,90.04900360107422,88.8499984741211,89.24600219726562,58110000.0,20.000450043743285,22.36851208258634,21.827047354198882,32.11547126066143,35.30322537622402,7.53,24.0,-0.51,1.12
AMZN,2019-08-13,89.1500015258789,91.58699798583984,89.0,91.21700286865234,79880000.0,20.596840097949983,22.486396657540865,22.01845502353367,32.17289434134035,35.36661177904191,7.36,29.0,-0.5,1.05
AMZN,2019-08-14,89.65049743652344,89.78250122070312,87.86100006103516,88.14800262451172,97872000.0,22.48472952646987,23.512630710652047,22.160551017921033,32.4178305077363,35.52625250232829,7.21,31.0,-0.5,1.08
AMZN,2019-08-15,89.09950256347656,89.4000015258789,88.0979995727539,88.80599975585938,75182000.0,22.638057883825407,23.57440225607459,22.175791775672668,31.865488879675475,35.51230885957503,7.08,33.0,-0.5,1.07
AMZN,2019-08-16,89.64450073242188,90.14550018310548,89.22750091552734,89.62850189208984,60360000.0,22.86976896837667,23.659940217406092,22.208048310585458,31.88154373151403,35.47270868004615,6.97,35.0,-0.5,1.05
AMZN,2019-08-19,90.90399932861328,91.3000030517578,90.63050079345705,90.80599975585938,56326000.0,23.22586117566633,23.30915107984059,22.241899945317307,31.150365252862656,35.496739047753465,6.86,36.0,-0.47,1.07
AMZN,2019-08-20,90.7249984741211,90.84100341796876,89.99400329589844,90.06900024414062,38590000.0,22.430955332170598,23.350892401117587,22.27212641547038,31.165047755991914,35.50512374488115,6.75,39.0,-0.45,1.03
AMZN,2019-08-21,90.96949768066406,91.47899627685548,90.75,91.177001953125,40636000.0,22.28105995884938,23.441672549895664,22.345884091053613,31.176364903800863,35.52565631434527,6.64,40.0,-0.41,0.99
AMZN,2019-08-22,91.4000015258789,91.47049713134766,90.00499725341797,90.23300170898438,53070000.0,22.333029401499275,23.459071717402505,22.213094771881675,30.694873261326954,35.53859945500077,6.52,36.0,-0.42,1.02
AMZN,2019-08-23,89.65149688720703,90.24500274658205,87.2614974975586,87.48100280761719,105416000.0,23.553394075342492,24.295000197729568,22.748983499248915,30.068102757464544,35.652733277933166,6.39,42.0,-0.45,0.83
AMZN,2019-08-26,88.34549713134766,88.5,87.17549896240234,88.44349670410156,61600000.0,23.827675035435224,23.9542892624803,22.810870265926557,30.01864487416131,35.67049102872531,6.25,43.0,-0.49,0.8
AMZN,2019-08-27,88.7864990234375,88.97000122070312,87.33399963378906,88.09149932861328,60394000.0,23.82585843792492,21.838073952138163,22.818162925806902,29.597814827357787,35.67204070342112,6.14,44.0,-0.52,0.8
AMZN,2019-08-28,87.75,88.39299774169922,87.20249938964844,88.2125015258789,48394000.0,23.842397880869626,21.401173982568604,22.758990670715786,29.5868394323301,35.65230858942805,6.02,43.0,-0.57,0.82
AMZN,2019-08-29,89.1500015258789,89.92749786376953,88.86250305175781,89.31999969482422,60302000.0,24.295178030267305,21.52390930776849,22.822302366157523,29.62113019073613,35.67413977284196,5.89,46.0,-0.61,0.79
AMZN,2019-08-30,89.87449645996094,89.98699951171875,88.22850036621094,88.81449890136719,61174000.0,24.283815217158438,21.483667043921592,22.808716199471302,29.59648541631985,35.518809594738315,5.77,44.0,-0.65,0.8
AMZN,2019-09-03,88.5,90.04000091552734,88.4000015258789,89.49199676513672,70860000.0,24.14466195531717,20.755422753119504,22.81970601578091,29.60591648074637,35.527027165702464,5.65,47.0,-0.69,0.8
AMZN,2019-09-04,90.25,90.38150024414062,89.8115005493164,90.03099822998047,46482000.0,24.193023276396943,19.76982735679373,22.84047100336088,29.20150913449126,35.528488688650015,5.52,49.0,-0.72,0.8
AMZN,2019-09-05,91.09750366210938,92.0999984741211,90.77899932861328,92.03600311279295,66216000.0,25.233558094708258,20.300408553017583,23.112176449026016,28.785234045257717,35.57334007868667,5.38,50.0,-0.72,0.7
AMZN,2019-09-06,91.91100311279295,92.03250122070312,91.31999969482422,91.67549896240234,49938000.0,25.028741415034954,20.295494159994238,23.119925477252835,28.703624542312877,35.508091302903416,5.23,51.0,-0.72,0.69
AMZN,2019-09-09,92.0500030517578,92.5,91.23049926757812,91.56749725341795,59990000.0,24.712414359344784,20.22346592511287,23.066340890753743,28.3474254176852,35.46148676613582,5.1,50.0,-0.73,0.71
AMZN,2019-09-10,91.1374969482422,91.29049682617188,90.26699829101562,91.02749633789062,52278000.0,24.392131766531914,20.255584307635647,23.083573543632475,28.212353408136938,35.464787887460375,4.97,51.0,-0.75,0.69
AMZN,2019-09-11,90.60700225830078,91.6709976196289,90.4540023803711,91.14949798583984,48656000.0,24.34634233539065,20.169413998232923,23.08375649957976,27.294385197407085,35.459257562319515,4.82,52.0,-0.76,0.7
AMZN,2019-09-12,91.88150024414062,92.68299865722656,91.71399688720705,92.17749786376952,56470000.0,24.151175930609874,20.236565043493346,23.049479343465688,27.139533110396673,35.39083312406655,4.67,50.0,-0.77,0.71
AMZN,2019-09-13,92.10050201416016,92.30599975585938,91.7584991455078,91.96700286865234,39426000.0,24.097217939798036,20.218677097027555,22.84118032044507,25.01710098734208,35.390961283261376,4.53,50.0,-0.75,0.79
AMZN,2019-09-16,91.20099639892578,91.28450012207033,90.01000213623047,90.39199829101562,73510000.0,24.08687837023075,20.469196260244356,22.930359123747017,25.097181257551803,35.43157038069752,4.37,51.0,-0.76,0.74
AMZN,2019-09-17,90.35399627685548,91.19950103759766,90.20500183105467,91.12750244140624,39648000.0,22.180074411736758,20.545793648554024,22.970803075992883,25.082763102003685,35.42864161592697,4.24,52.0,-0.76,0.72
AMZN,2019-09-18,90.85199737548828,91.10299682617188,89.7750015258789,90.8730010986328,50112000.0,21.923327069264978,20.544856910645823,22.605190236704477,25.024152987204456,35.2859196464902,4.1,42.0,-0.72,0.82
AMZN,2019-09-19,91.0510025024414,91.62850189208984,90.8949966430664,91.0749969482422,40630000.0,21.915801229915324,20.210171783579572,22.592157066266612,24.86951594934574,35.24376863940461,3.94,42.0,-0.69,0.84
AMZN,2019-09-20,91.08550262451172,91.53150177001952,89.0459976196289,89.70800018310547,106838000.0,21.408694298816098,20.29925746925319,22.69264850989123,24.743233470039122,35.267609283835085,3.8,44.0,-0.67,0.77
AMZN,2019-09-23,88.8499984741211,89.63500213623047,88.36599731445312,89.26499938964844,58446000.0,21.084020716715536,20.29527345298944,22.674361233076354,24.0884831371631,35.25769354339781,3.68,44.0,-0.67,0.79
AMZN,2019-09-24,89.53050231933594,89.7854995727539,86.77749633789062,87.08049774169922,92320000.0,21.97153290933609,20.850712837946062,22.982397809149486,23.952320041765145,35.3112733487962,3.56,57.0,-0.69,0.64
AMZN,2019-09-25,87.36799621582031,88.6500015258789,86.1500015258789,88.41649627685547,69864000.0,21.45594431456677,20.859363167717923,22.52449360769151,23.940938301045833,35.3303936158567,3.44,42.0,-0.65,0.65
AMZN,2019-09-26,88.1395034790039,88.16850280761719,86.57499694824219,86.99199676513672,70736000.0,19.59115286598857,21.01562516963462,22.639790724645767,24.02081233356612,35.30329453316498,3.32,45.0,-0.61,0.57
AMZN,2019-09-27,87.4000015258789,87.45600128173828,85.69100189208984,86.27249908447266,78144000.0,19.572412222707925,21.03929745539566,22.55608310575962,24.04084143442342,35.311850204126195,3.18,43.0,-0.6,0.63
AMZN,2019-09-30,86.34950256347656,86.87300109863281,85.46099853515625,86.79550170898438,52894000.0,19.450099413655845,21.087834331387086,22.584103541374255,24.02264005884824,35.262929936201864,3.03,44.0,-0.59,0.62
AMZN,2019-10-01,87.30000305175781,87.77999877929688,86.42050170898438,86.78250122070312,61690000.0,18.98799272540776,21.044810357701056,22.544405913492973,23.95941135419183,35.26020981719003,2.87,43.0,-0.6,0.66
AMZN,2019-10-02,86.38700103759766,86.44450378417969,85.25,85.6614990234375,66022000.0,19.186448468147994,20.734714824589705,22.61605839852488,23.65770008319151,35.28188317667083,2.72,48.0,-0.6,0.61
AMZN,2019-10-03,85.6500015258789,86.25,84.25299835205078,86.22100067138672,69364000.0,18.89593752171756,20.517525746863033,21.926537089930264,23.661261294098743,35.252367086765865,2.57,27.0,-0.63,0.71
AMZN,2019-10-04,86.3010025024414,87.02899932861328,85.96150207519531,86.98249816894531,49438000.0,18.96079559576102,20.616110568372658,21.91830607303923,23.67469151163499,35.253219858346405,2.41,27.0,-0.66,0.71
AMZN,2019-10-07,86.58149719238281,87.3915023803711,86.18499755859375,86.63300323486328,43094000.0,16.76839436894891,20.562666525158406,21.748653561957198,23.679052989488607,35.18594644226572,2.26,20.0,-0.68,0.77
AMZN,2019-10-08,86.12449645996094,86.3499984741211,85.25,85.27549743652344,50840000.0,16.99620663243567,20.681421322685427,21.638123940080124,23.307674776642155,35.205464905484384,2.1,16.0,-0.67,0.76
AMZN,2019-10-09,85.98049926757812,86.49749755859375,85.71800231933594,86.09950256347656,40870000.0,17.258728489364632,20.829509249595183,21.480786234093546,23.327892440890672,35.19526159830032,1.97,6.0,-0.69,0.88
AMZN,2019-10-10,86.26200103759766,86.91449737548828,85.6875,86.01300048828125,51504000.0,17.24692244533533,20.78953576268221,21.468360489503176,23.30494561108079,35.19359739806645,1.84,5.0,-0.71,0.9
AMZN,2019-10-11,87.14600372314453,87.27249908447266,86.49299621582031,86.59600067138672,65100000.0,16.939976412445883,20.85065223062564,21.501618372186677,23.292333863315935,34.62424070084587,1.81,10.0,-0.73,0.89
AMZN,2019-10-14,86.44550323486328,87.09449768066406,86.0999984741211,86.82150268554688,38204000.0,16.91265818664121,20.8514534419467,21.506001954253026,23.172570996205266,34.56333611172647,1.78,11.0,-0.74,0.88
AMZN,2019-10-15,87.10700225830078,88.82250213623047,87.03099822998047,88.36900329589844,62234000.0,17.58329141079019,21.08142564523148,21.37142766592933,23.02932223003406,34.38171076135103,1.74,4.0,-0.75,1.0
AMZN,2019-10-16,88.66649627685547,89.31199645996094,88.5260009765625,88.87149810791016,55268000.0,17.572929645019386,21.098673129854582,21.38005816647056,22.36864688442023,34.35095865985495,1.69,5.0,-0.76,0.99
AMZN,2019-10-17,89.82450103759766,89.94249725341797,89.10099792480469,89.3740005493164,52948000.0,16.352530855043092,21.13021414459187,21.3677523406657,22.12569549806032,34.196351457902516,1.65,4.0,-0.76,1.0
AMZN,2019-10-18,89.38999938964844,89.6989974975586,87.45999908447266,87.87550354003906,67250000.0,16.976896514601403,21.219736876765307,21.482011340226233,21.21638337113879,34.23139557580589,1.62,11.0,-0.78,0.92
AMZN,2019-10-21,88.48300170898438,89.29399871826172,88.25,89.28299713134766,42608000.0,17.7024597622935,21.33141074483604,21.634913862476253,21.29021469175271,34.100852698900994,1.6,24.0,-0.78,0.86
AMZN,2019-10-22,89.40750122070312,89.48899841308594,88.0999984741211,88.2864990234375,42234000.0,17.900423732975003,21.217709167311554,21.398818225726664,21.25993567912532,34.11732470419946,1.58,8.0,-0.79,0.98
AMZN,2019-10-23,88.06500244140625,88.50250244140625,87.0999984741211,88.1084976196289,42764000.0,17.888428580412956,21.181754250175544,20.0031464471689,21.217091716580622,34.08800878457137,1.57,1.0,-0.78,0.19
AMZN,2019-10-24,88.55449676513672,89.41699981689453,88.01349639892578,89.03900146484375,88922000.0,17.847008969093242,21.06189644606143,19.78158930315965,21.161387804022468,34.08462446938783,1.55,1.0,-0.77,0.24
AMZN,2019-10-25,84.87750244140625,88.21050262451172,84.75,88.06649780273438,192528000.0,18.071470196414623,21.13752360009245,19.846365898035646,21.11074132558729,33.55011179392427,1.52,2.0,-0.76,0.19
AMZN,2019-10-28,87.40299987792969,88.93499755859375,87.125,88.85399627685547,74178000.0,17.666986076653558,20.943777278667,19.844330126198717,21.133298306703857,32.854858621330436,1.49,2.0,-0.76,0.19
AMZN,2019-10-29,88.7405014038086,88.8499984741211,87.79049682617188,88.135498046875,45538000.0,17.600247552486543,19.927678527722765,19.378853590397934,20.884032531657905,31.833068327465707,1.46,1.0,-0.77,0.19
AMZN,2019-10-30,88.01200103759766,89.11900329589844,87.95600128173828,88.99949645996094,48988000.0,17.869803229980636,19.85423182714698,18.796475557451032,20.91310838560886,31.157223785733812,1.45,1.0,-0.76,0.08
AMZN,2019-10-31,88.79949951171875,89.5999984741211,88.5739974975586,88.83300018310547,55624000.0,17.85115357620223,19.846363562401535,18.794812709516275,20.87334896165883,31.15220618155583,1.43,1.0,-0.75,0.08
AMZN,2019-11-01,89.40049743652344,89.87249755859375,89.260498046875,89.5719985961914,55808000.0,17.508453577952523,19.39683618377512,18.83467210824905,20.862088971646685,30.866880862501556,1.4,3.0,-0.74,0.08
AMZN,2019-11-04,90.05049896240234,90.75299835205078,90.05049896240234,90.23300170898438,55438000.0,17.572238991045726,19.2524922388494,18.82717187960478,20.83252269551758,30.600260706224496,1.37,3.0,-0.72,0.08
AMZN,2019-11-05,90.45800018310548,90.5124969482422,89.69999694824219,90.08550262451172,37710000.0,15.895770778879717,19.076551869507664,18.828265510201344,20.82890446739442,30.600868911750535,1.35,4.0,-0.7,0.08
AMZN,2019-11-06,90.05000305175781,90.125,89.42900085449219,89.78849792480469,40596000.0,15.36639250183385,18.54410904237869,18.77727157789516,20.832329264264583,30.514146235296945,1.33,1.0,-0.66,0.09
AMZN,2019-11-07,90.18800354003906,90.29499816894533,89.17400360107422,89.41000366210938,53022000.0,14.6034744642773,17.16542566237446,18.735620690077504,20.823848087605523,30.50482154879578,1.31,1.0,-0.61,0.09
AMZN,2019-11-08,89.39450073242188,89.49400329589844,88.7020034790039,89.29399871826172,42466000.0,14.358236893743708,17.10216297129254,18.721942714859484,20.824896601246813,29.776682808697835,1.29,1.0,-0.54,0.09
AMZN,2019-11-11,88.9000015258789,89.0,88.35649871826172,88.5824966430664,38920000.0,14.51810696143307,17.073681828417506,18.736220785561834,20.8482513163,29.787588652925017,1.27,3.0,-0.47,0.06
AMZN,2019-11-12,88.73300170898438,89.31099700927734,88.59549713134766,88.9000015258789,40752000.0,14.539790932519933,16.868876067214458,18.74351761316816,20.849593734638848,29.68750299636069,1.26,4.0,-0.39,0.07
AMZN,2019-11-13,88.66950225830078,88.75,87.36599731445312,87.65550231933594,59790000.0,14.633407305531252,17.0295757551839,18.860056367928475,20.920048746417713,29.372687105562186,1.26,11.0,-0.31,-0.01
AMZN,2019-11-14,87.57150268554688,88.32949829101562,87.47799682617188,87.7300033569336,45296000.0,14.531967712395117,16.826174232812654,18.64163155872913,20.79900791021968,29.37033002725462,1.28,1.0,-0.27,0.1
AMZN,2019-11-15,88.00250244140625,88.08399963378906,86.64299774169922,86.97450256347656,78552000.0,14.554430541582567,16.786396686502737,18.5992309922683,20.756194678634472,29.314088086914154,1.31,1.0,-0.21,0.1
AMZN,2019-11-18,86.91500091552734,87.68499755859375,86.135498046875,87.62650299072266,56790000.0,14.659238636528144,15.625312707073363,18.634235537953103,20.772356248180127,29.296612731176918,1.34,2.0,-0.13,0.08
AMZN,2019-11-19,87.84950256347656,88.03399658203125,87.15149688720703,87.6395034790039,45416000.0,13.835839314079287,15.458976044402267,18.61906575660233,20.703880545146227,29.249649797738698,1.37,2.0,-0.06,0.1
AMZN,2019-11-20,87.45700073242188,88.1259994506836,86.70600128173828,87.27649688720703,55800000.0,13.657359255928899,15.460737142825923,18.454235134437102,20.471814724535655,28.772324360151956,1.4,1.0,0.06,0.15
AMZN,2019-11-21,87.1500015258789,87.34349822998047,86.51799774169922,86.7354965209961,53258000.0,13.788643360690175,15.506896358848627,18.435938446130876,20.48245363783317,28.756209424057428,1.43,1.0,0.2,0.14
AMZN,2019-11-22,86.95099639892578,87.32150268554688,86.55000305175781,87.28600311279297,49582000.0,13.77171182013512,15.34111813952444,18.465268215660128,20.18416079059223,28.729927709210774,1.46,3.0,0.36,0.13
AMZN,2019-11-25,87.6624984741211,88.87100219726562,87.66200256347656,88.69200134277344,69724000.0,14.495776139307411,15.6606778757695,18.656352023286974,20.26938717524435,28.752560647522067,1.48,8.0,0.55,0.07
AMZN,2019-11-26,88.99600219726562,89.85150146484375,88.9175033569336,89.84700012207031,63624000.0,14.073781694712709,15.809194914851805,18.763941536640612,20.288456884263653,28.324670067651486,1.5,13.0,0.78,0.02
AMZN,2019-11-27,90.05000305175781,91.2249984741211,89.8655014038086,90.92549896240234,60512000.0,14.385214693516618,15.950340885099127,18.626419304954826,20.331394129257337,28.34765942834503,1.53,6.0,1.04,0.05
AMZN,2019-11-29,90.88899993896484,91.2344970703125,90.03949737548828,90.04000091552734,38468000.0,14.623506564163828,15.411371830829513,18.513463079165735,20.28867262184873,27.749340507554944,1.55,4.0,1.29,0.06
AMZN,2019-12-02,90.22000122070312,90.27749633789062,88.13400268554688,89.08000183105469,78512000.0,14.092906901808114,15.540757244990791,18.54287686385299,20.229163109495456,27.769780243912635,1.58,5.0,1.6,0.04
AMZN,2019-12-03,88.0,88.64350128173828,87.36150360107422,88.49800109863281,67618000.0,13.44298916569722,15.59007921727803,18.53629232079713,20.201027052551034,27.761216261972667,1.6,5.0,1.91,0.03
AMZN,2019-12-04,88.70050048828125,89.45449829101562,88.01100158691406,88.03450012207031,53402000.0,13.128805535270557,15.580949838283914,18.51974807350244,20.071388732674833,27.357064524476275,1.62,5.0,2.13,0.03
AMZN,2019-12-05,88.17500305175781,88.17500305175781,87.0,87.02400207519531,56476000.0,13.534133682698027,15.736921049311933,18.5787403979247,20.063270593474698,26.701942825045844,1.64,8.0,2.38,-0.01
AMZN,2019-12-06,87.55999755859375,87.72000122070312,87.00650024414062,87.58000183105469,62348000.0,13.295133293099665,15.610080567331117,18.580453292982448,19.754396140189304,26.647291475845293,1.66,9.0,2.74,0.0
AMZN,2019-12-09,87.53299713134766,88.34449768066406,87.28050231933594,87.47550201416016,48856000.0,12.925288924109813,15.607401185333059,18.55690324336753,19.74437320314584,26.30831209368929,1.68,8.0,3.2,0.03
AMZN,2019-12-10,87.37000274658203,87.53350067138672,86.75,86.96050262451172,50286000.0,12.727665953223354,15.266095110701361,18.550696593867855,19.745760519287092,26.306149389752953,1.7,8.0,3.74,0.03
AMZN,2019-12-11,87.08350372314453,87.5,86.7854995727539,87.43599700927734,41952000.0,12.649474289539524,15.210773537793187,18.483659237375615,19.720510133090528,26.311103414167007,1.71,4.0,4.18,0.06
AMZN,2019-12-12,87.5,88.19999694824219,87.27200317382812,88.0165023803711,61918000.0,12.464799150046977,15.27727033065142,18.50390677827998,19.72942087504909,26.291197902128065,1.73,5.0,4.29,0.05
AMZN,2019-12-13,88.25,88.44950103759766,87.75,88.0469970703125,54914000.0,12.458148565528585,15.267672713148464,18.492206837204783,19.72325332993996,26.289072964452753,1.75,5.0,3.27,0.05
AMZN,2019-12-16,88.3499984741211,88.4749984741211,87.85250091552734,88.46050262451172,62904000.0,12.285204867489657,14.998162442497154,18.409998161886016,19.606208467264977,25.966030029167932,1.77,1.0,1.99,0.12
AMZN,2019-12-17,88.90049743652344,89.5999984741211,88.86949920654297,89.53299713134766,72888000.0,12.614457106044618,15.173474052614022,18.376385169136864,19.659195950743243,25.57684516454946,1.78,1.0,0.89,0.18
AMZN,2019-12-18,89.7509994506836,89.91000366210938,89.11799621582031,89.20149993896484,67028000.0,12.64838383922274,14.289729821767791,18.223500464555848,19.658736276568657,25.507294300264395,1.8,1.0,0.24,0.27
AMZN,2019-12-19,89.0250015258789,89.64949798583984,88.7030029296875,89.61399841308594,53056000.0,12.694658715043674,13.981685770979249,18.21167191009712,19.666382883599766,25.22967909027717,1.82,1.0,-0.43,0.3
AMZN,2019-12-20,89.98100280761719,90.14849853515624,89.12249755859375,89.32499694824219,103016000.0,12.669598640778599,13.575541371773445,18.028952312450787,19.63261679928512,25.118624221622664,1.84,1.0,-0.58,0.42
AMZN,2019-12-23,89.41300201416016,89.6500015258789,89.22550201416016,89.6500015258789,42728000.0,12.707289873331309,13.467046816668626,18.016890685654634,19.6202706841253,24.397627047078217,1.86,1.0,-0.65,0.45
AMZN,2019-12-24,89.69049835205078,89.77850341796875,89.37899780273438,89.46050262451172,17626000.0,12.492677971831876,13.430975871343373,17.80969507799496,19.601726803714588,24.26342900277982,1.88,1.0,-0.59,0.58
AMZN,2019-12-26,90.05049896240234,93.52300262451172,89.9749984741211,93.4384994506836,120108000.0,17.67858993954032,16.06233101183067,18.382630814738352,20.25754575982646,22.954603375532116,1.89,7.0,-0.34,1.58
AMZN,2019-12-27,94.14600372314452,95.06999969482422,93.30049896240234,93.48999786376952,123732000.0,17.04234525578963,15.78717235419959,18.27811865862463,20.256453556937185,22.943050791494837,1.9,6.0,-0.2,1.67
AMZN,2019-12-30,93.6999969482422,94.1999969482422,92.03099822998048,92.34449768066406,73494000.0,17.549998154860447,16.000283934637828,18.384879051136082,20.309457925259682,22.958686315156992,1.91,9.0,-0.27,1.58
AMZN,2019-12-31,92.0999984741211,92.66300201416016,91.61150360107422,92.39199829101562,50130000.0,17.278911874230857,15.920987912157361,18.059289672468143,20.309218956548886,22.907998869882036,1.92,4.0,-0.26,1.8
AMZN,2020-01-02,93.75,94.90049743652344,93.2074966430664,94.90049743652344,80580000.0,18.66089540209631,16.736602292315343,18.40905661929288,20.522869247221973,22.93350174357264,1.93,11.0,0.27,1.69
AMZN,2020-01-03,93.2249984741211,94.30999755859376,93.2249984741211,93.74849700927734,75288000.0,19.143071142377792,16.59388925348133,18.40188268485561,20.574256843369827,22.817778256588735,1.94,11.0,0.22,1.69
AMZN,2020-01-06,93.0,95.18450164794922,93.0,95.1439971923828,81236000.0,19.377981820834826,16.733728091562668,18.226475898122615,20.64700495541329,22.348213278203538,1.94,7.0,0.54,1.78
AMZN,2020-01-07,95.2249984741211,95.69450378417967,94.60199737548828,95.34300231933594,80898000.0,19.187813478643022,16.724654153459323,17.360475121484985,20.58541904071266,22.10134264262812,1.96,1.0,0.66,1.73
AMZN,2020-01-08,94.9020004272461,95.5500030517578,94.3219985961914,94.59850311279295,70160000.0,19.422089397516416,16.804107969877396,17.38083285622866,20.4806473399709,22.059962593853243,1.98,2.0,0.53,1.73
AMZN,2020-01-09,95.49449920654295,95.89099884033205,94.79000091552734,95.05249786376952,63346000.0,19.02298412646106,16.816348692617687,17.339288297847574,20.443471285081674,22.063764357470582,1.99,1.0,0.46,1.78
AMZN,2020-01-10,95.26850128173828,95.34700012207033,94.0,94.15799713134766,57074000.0,19.04279289806915,16.62078842012141,17.295506682818502,20.474012575671637,22.085042492312887,2.0,1.0,0.34,1.85
AMZN,2020-01-13,94.56549835205078,94.9000015258789,94.04000091552734,94.56500244140624,55616000.0,18.808848954584466,16.607024429301834,17.25248170851671,20.260810267701874,22.065375708900696,2.02,1.0,0.21,1.87
AMZN,2020-01-14,94.29399871826172,94.35549926757812,92.92749786376952,93.47200012207033,68818000.0,18.91039317695209,16.778621604732503,17.254849704469688,20.2933703241509,22.048662934696452,2.03,2.0,0.12,1.91
AMZN,2020-01-15,93.6125030517578,93.94300079345705,92.75450134277344,93.10099792480467,57932000.0,18.63867467654787,16.402490399733896,17.183812843974717,20.285975855675076,21.782985135630817,2.04,1.0,-0.01,1.97
AMZN,2020-01-16,94.14949798583984,94.27950286865234,93.3010025024414,93.89700317382812,53190000.0,18.58637100404691,16.183973378338113,16.482789872602023,20.29155475029018,21.792143445159258,2.05,1.0,-0.14,1.92
AMZN,2020-01-17,94.29450225830078,94.33200073242188,92.8625030517578,93.23600006103516,79946000.0,18.654930264975768,16.073621905919964,16.44601147089943,20.297833012081888,21.798817402309965,2.06,1.0,-0.27,2.01
AMZN,2020-01-21,93.25,94.7135009765625,93.0,94.5999984741211,74156000.0,18.55037669175065,16.30083709466902,16.578636084077182,20.013934906544844,21.844232911508126,2.07,3.0,-0.37,1.83
AMZN,2020-01-22,94.80449676513672,95.125,94.16699981689452,94.3730010986328,64326000.0,18.577192272401337,16.199928943117595,16.585641216672556,20.003428770567332,21.49410225300152,2.08,4.0,-0.48,1.83
AMZN,2020-01-23,94.25550079345705,94.4990005493164,93.63800048828124,94.22899627685548,49692000.0,18.583183536630948,16.0168326335459,16.480646958338355,19.923483511792444,21.49093674638761,2.09,2.0,-0.58,1.98
AMZN,2020-01-24,94.56849670410156,94.74949645996094,92.37200164794922,93.08200073242188,75324000.0,18.919690691763257,16.1641127463094,16.576422247209294,19.97439816221763,21.511897366198138,2.09,4.0,-0.67,1.9
AMZN,2020-01-27,91.0,92.0500030517578,90.76699829101562,91.41699981689452,70570000.0,19.78236502900735,16.521641772266772,16.794217034515132,20.0568888169259,21.572474776840075,2.09,7.0,-0.7,1.81
AMZN,2020-01-28,92.0250015258789,92.90550231933594,91.5009994506836,92.6624984741211,56160000.0,20.038157258629866,16.628734352779684,16.90246373267835,20.113638251179665,21.517623527178685,2.08,8.0,-0.77,1.69
AMZN,2020-01-29,93.1999969482422,93.7375030517578,92.7509994506836,92.9000015258789,41760000.0,20.035292560301723,16.62457273858509,16.54388738331128,19.650544689683827,21.33768597976528,2.07,4.0,-0.79,1.97
AMZN,2020-01-30,92.9000015258789,93.64350128173828,92.53050231933594,93.53399658203124,126548000.0,20.0712309585871,16.59860430856244,16.56518319914419,19.63481770814795,20.8349287502673,2.06,5.0,-0.83,1.92
AMZN,2020-01-31,102.57350158691406,102.78600311279295,100.1135025024414,100.43599700927734,311346000.0,28.310028103336883,21.974261248772866,20.033019238386157,21.273853157355738,21.825885038176423,2.03,69.0,0.47,9.04
AMZN,2020-02-03,100.52999877929688,102.4250030517578,100.0124969482422,100.20999908447266,117834000.0,28.27944729597346,21.97872562720053,20.00961677570062,21.157019240881745,21.093184848280323,2.0,69.0,0.95,9.07
AMZN,2020-02-04,101.49400329589844,102.98999786376952,100.76850128173828,102.4834976196289,105786000.0,28.78675457401062,22.354424768758054,20.297891721419465,21.174408477027605,21.2007435401885,1.97,71.0,1.86,8.35
AMZN,2020-02-05,103.5510025024414,103.5510025024414,101.5999984741211,101.99349975585938,87524000.0,28.826622789252625,22.361708405825787,20.255305085134705,21.172217898860843,21.157580713743943,1.93,71.0,2.05,8.54
AMZN,2020-02-06,102.0510025024414,102.81500244140624,101.23999786376952,102.5114974975586,63660000.0,28.826207964254603,22.35728507021578,20.258456823855774,21.17847807251341,21.1270399587357,1.9,72.0,2.1,8.49
AMZN,2020-02-07,102.09950256347656,104.92649841308594,101.90499877929688,103.96399688720705,101906000.0,28.886566489169695,22.380473126780455,20.14612498112385,21.23872543345963,21.10045382551408,1.87,71.0,2.21,8.52
AMZN,2020-02-10,104.25050354003906,106.77999877929688,104.2480010986328,106.69550323486328,101124000.0,27.254403864459288,22.8826218832711,20.49303351035731,21.24472088586409,21.17500420453285,1.84,75.0,2.72,7.79
AMZN,2020-02-11,107.54499816894533,109.29750061035156,106.8000030517578,107.54000091552734,114920000.0,27.246750555681558,22.62135846789794,20.50514192182659,21.257057956229488,21.185567018155318,1.81,76.0,2.91,7.7
AMZN,2020-02-12,108.16000366210938,109.0124969482422,107.7645034790039,108.0,66686000.0,26.767558883995733,22.61569662249266,20.509082419699894,21.247745327818674,21.00167679794041,1.78,77.0,2.85,7.68
AMZN,2020-02-13,107.24949645996094,108.51399993896484,107.0999984741211,107.49349975585938,60636000.0,26.889625923703292,22.539720955004103,20.357579626396387,21.2227109553118,21.00967567901094,1.75,75.0,2.55,7.91
AMZN,2020-02-14,107.78399658203124,107.9520034790039,106.29450225830078,106.74349975585938,52124000.0,26.292202539823844,22.62664659361307,20.377508982723075,21.24141916330223,20.992476394918658,1.72,76.0,2.17,7.88
AMZN,2020-02-18,106.2509994506836,108.30349731445312,106.20549774169922,107.78350067138672,58912000.0,25.88765508337919,22.65462635231436,19.964198461731847,21.075637165904922,20.9850288388618,1.68,68.0,1.88,8.39
AMZN,2020-02-19,108.38999938964844,109.25499725341795,108.05599975585938,108.51100158691406,51224000.0,25.71864148293538,22.608421753186192,19.867679272455746,20.27680918297603,20.963603021147566,1.65,68.0,1.62,8.65
AMZN,2020-02-20,108.65350341796876,108.8395004272461,106.37249755859376,107.65499877929688,62626000.0,25.95866458403528,22.642748510252204,19.715999937253535,20.163652155887394,20.97836116417419,1.61,65.0,1.33,8.91
AMZN,2020-02-21,107.10749816894533,107.22750091552734,104.4000015258789,104.79850006103516,92926000.0,27.271020013763636,23.479917643359162,20.18172470352236,20.430311369878893,21.162931905489454,1.58,75.0,1.04,8.23
AMZN,2020-02-24,100.15899658203124,101.96499633789062,99.39849853515624,100.4645004272461,130940000.0,30.30200941742203,25.086488390844767,21.353356162120576,21.03911354930182,21.590355952784464,1.56,84.0,0.86,7.34
AMZN,2020-02-25,101.3209991455078,101.7300033569336,97.9209976196289,98.63700103759766,124382000.0,30.69780271944954,25.326516904314577,21.582750297081756,20.91004654718458,21.67541800480688,1.54,94.0,0.74,7.02
AMZN,2020-02-26,98.51399993896484,100.7334976196289,98.02249908447266,98.97949981689452,104492000.0,30.692156506970576,25.237638531053257,21.46335575334789,20.598270594781358,21.67671537457319,1.52,89.0,0.63,7.17
AMZN,2020-02-27,96.71900177001952,98.75,94.13800048828124,94.21499633789062,162880000.0,33.87623982530811,27.21147630553183,22.909870108898527,21.41972828953008,22.24670424106663,1.54,100.0,0.62,6.5
AMZN,2020-02-28,90.73149871826172,94.48799896240234,90.55650329589844,94.1875,189620000.0,33.852979917711174,27.10738251631109,22.875429223740667,21.412879481199255,22.24647232112457,1.56,99.0,0.6,6.58
AMZN,2020-03-02,95.32450103759766,97.72550201416016,93.5,97.69750213623048,135234000.0,35.38199960927402,28.025070834739303,23.555972119908557,21.824667826713775,22.459206443761484,1.6,100.0,0.53,5.77
AMZN,2020-03-03,98.76850128173828,99.81649780273438,94.40450286865234,95.44950103759766,150690000.0,36.02226275501792,28.454861958281757,23.722814054945268,22.001348012430793,22.542281939310392,1.65,100.0,0.52,5.6
AMZN,2020-03-04,97.32849884033205,98.9000015258789,96.0999984741211,98.79149627685548,95458000.0,37.12599157304045,29.116603075008612,24.269019816574005,22.350140300438692,22.79468717303059,1.71,100.0,0.43,5.03
AMZN,2020-03-05,96.6500015258789,98.03600311279295,95.5,96.20149993896484,94964000.0,37.99401880964951,29.687781262623787,24.66876730642393,22.554364948914216,22.91011178799515,1.78,100.0,0.4,4.67
AMZN,2020-03-06,93.75,95.5435028076172,93.4749984741211,95.05449676513672,105472000.0,38.16662028972644,29.812902913618633,24.73919453539858,22.594710435092644,22.78835928678423,1.85,100.0,0.39,4.63
AMZN,2020-03-09,88.69300079345703,93.13849639892578,88.06449890136719,90.03050231933594,156264000.0,41.19332926734789,31.89548643520041,26.244785242033714,23.48152060263145,23.438119155403825,1.97,100.0,0.41,4.33
AMZN,2020-03-10,93.54399871826172,94.7135009765625,90.90850067138672,94.59100341796876,142666000.0,43.36591848676882,33.41849121259666,27.242499665521947,24.204946476133046,23.75884519530464,2.11,100.0,0.4,3.95
AMZN,2020-03-11,92.89250183105467,93.56600189208984,90.0749969482422,91.04299926757812,112496000.0,44.656117847200946,34.36483666679068,27.920763508621405,24.622015602212542,24.072083132032628,2.27,100.0,0.41,3.58
AMZN,2020-03-12,86.0989990234375,88.25,83.75,83.83049774169922,226924000.0,50.55566613513118,38.35349747714826,30.84252994390025,26.38860884361181,25.436711819770196,2.54,100.0,0.37,4.7
AMZN,2020-03-13,87.75,89.31549835205078,84.03099822998047,89.25,176194000.0,54.00988014763828,40.48860434878808,32.324274188502926,27.400920219058445,26.195907501488243,2.84,100.0,0.38,4.34
AMZN,2020-03-16,82.07550048828125,87.97250366210938,81.30149841308594,84.4574966430664,178346000.0,51.58213309892464,41.96269374988603,33.39533649581984,28.155003770457803,26.731170327040864,3.15,100.0,0.35,3.9
AMZN,2020-03-17,88.77349853515625,92.88899993896484,84.46199798583984,90.39199829101562,218342000.0,55.83151702043653,44.266703740112106,35.07231899912444,29.293986728890566,27.528521441628495,3.5,100.0,0.36,3.6
AMZN,2020-03-18,87.5,92.08300018310548,87.25,91.5,192904000.0,55.49681115965396,44.32592903555714,35.12150889748427,29.275446511639718,27.53248091102391,3.82,100.0,0.37,3.56
AMZN,2020-03-19,93.0,97.25,91.63249969482422,94.04650115966795,207998000.0,56.22759177520851,44.66482827772867,35.34816493194836,29.448794735909406,27.59710127504299,4.12,100.0,0.36,3.41
AMZN,2020-03-20,96.31549835205078,97.8499984741211,91.0364990234375,92.30449676513672,196358000.0,56.36386422485429,44.839673542289496,35.433321275877475,29.52867741009887,27.63509858602963,4.39,100.0,0.37,3.36
AMZN,2020-03-23,91.3874969482422,95.97000122070312,90.5999984741211,95.1415023803711,156170000.0,56.994748996206255,45.248809680442605,35.72397517509342,29.747971316828252,27.629653116899462,4.65,100.0,0.36,3.18
AMZN,2020-03-24,97.5749969482422,97.75,95.01699829101562,97.00499725341795,142942000.0,56.73771647041808,44.546380410432846,35.818308928598,29.83187914573128,27.69105269274432,4.9,100.0,0.32,3.12
AMZN,2020-03-25,96.03450012207033,97.51300048828124,94.28900146484376,94.29199981689452,129582000.0,57.09541091834287,44.94086753447522,36.09018604795293,29.939240764405735,27.834892828980106,5.13,100.0,0.32,2.97
AMZN,2020-03-26,95.0999984741211,97.82450103759766,94.4645004272461,97.77449798583984,124426000.0,58.25808754519425,45.46534803249024,36.52945984005531,30.200073991512667,28.04737705818498,5.36,100.0,0.26,2.74
AMZN,2020-03-27,96.54299926757812,96.989501953125,94.99600219726562,95.00499725341795,107758000.0,58.72231055470768,45.87071375407395,36.81208754433129,30.374389337843468,28.195378505262887,5.59,100.0,0.25,2.6
AMZN,2020-03-30,96.1415023803711,98.68150329589844,95.61699676513672,98.19750213623048,122522000.0,59.690734602768046,46.04185579704566,37.156714667215965,30.623573418794425,28.38280438961398,5.81,100.0,0.19,2.43
AMZN,2020-03-31,98.21749877929688,99.6510009765625,97.20050048828124,97.48600006103516,102472000.0,59.585009934826886,45.994373714267425,37.17706302389549,30.62915378763963,28.333984364689403,6.01,100.0,0.14,2.42
AMZN,2020-04-01,96.64849853515624,97.2480010986328,94.6500015258789,95.38500213623048,82438000.0,59.73899696512943,46.12500001637812,37.34428288237371,30.729292631184624,28.4198181802721,6.21,100.0,0.13,2.33
AMZN,2020-04-02,95.08200073242188,96.37650299072266,94.5,95.94149780273438,86720000.0,59.799260486691885,46.13839209964004,37.34525218607109,30.720455097398446,28.423227307889043,6.4,100.0,0.12,2.33
AMZN,2020-04-03,95.55750274658205,96.31649780273438,94.4574966430664,95.32949829101562,72198000.0,59.40645011242873,46.12874581399319,37.36099333547596,30.718295020014924,28.430654418183256,6.57,100.0,0.11,2.32
AMZN,2020-04-06,96.8000030517578,99.9260025024414,96.5009994506836,99.87950134277344,115464000.0,59.90745677398994,47.09595780690826,38.03908720170699,31.203419823830604,28.79093663767734,6.75,100.0,0.05,2.08
AMZN,2020-04-07,100.85549926757812,101.78600311279295,99.88099670410156,100.58000183105467,102280000.0,59.68968932346827,47.063200975811,38.04836727552268,31.188801763986397,28.791315480766112,6.92,100.0,-0.03,2.08
AMZN,2020-04-08,101.0500030517578,102.1999969482422,100.55750274658205,102.1500015258789,79546000.0,59.840492983051575,47.15144084052563,38.034770790088416,31.237922228318443,28.819990601648055,7.09,98.0,-0.12,2.08
AMZN,2020-04-09,102.21499633789062,102.6500015258789,100.88300323486328,102.13800048828124,92930000.0,57.908487166847976,47.07576792140149,38.03552114917774,31.235853853185496,28.81412347945178,7.24,98.0,-0.2,2.08
AMZN,2020-04-13,102.0,109.0,101.9000015258789,108.44349670410156,134334000.0,60.22095536991819,48.55673710074495,39.11059002041503,31.983451506249583,29.4211672326881,7.41,100.0,-0.24,1.86
AMZN,2020-04-14,110.02349853515624,114.5999984741211,109.3105010986328,114.16600036621094,161744000.0,61.05142579652216,49.567936459195764,39.876098501913326,32.48619403611054,29.855862529620993,7.58,100.0,0.08,1.64
AMZN,2020-04-15,112.88400268554688,116.6685028076172,112.25,115.38400268554688,137332000.0,60.465383152499385,49.5430860861617,39.894010549659185,32.44483722632823,29.871817078984446,7.75,100.0,0.34,1.63
AMZN,2020-04-16,117.3000030517578,123.0500030517578,116.75,120.40950012207033,240764000.0,60.84291659482203,50.140272624982295,40.37636464580443,32.800022736131034,30.149302825839648,7.91,100.0,1.06,1.47
AMZN,2020-04-17,118.6165008544922,120.0,115.8010025024414,118.75,158600000.0,60.35109149237159,50.25807733783455,40.4401930051816,32.77860494132388,30.18608213675386,8.07,100.0,1.19,1.45
AMZN,2020-04-20,119.49749755859376,122.2490005493164,119.30249786376952,119.68049621582033,115414000.0,60.08125582003656,50.25198494692737,40.4438377241849,32.77528982698825,30.192656564201503,8.21,100.0,1.24,1.44
AMZN,2020-04-21,120.83049774169922,121.41549682617188,113.98300170898438,116.40599822998048,149534000.0,58.16279843825064,50.565106733396036,40.685781787487734,32.88120071927335,30.30195560334902,8.36,100.0,1.04,1.36
AMZN,2020-04-22,118.4499969482422,119.6999969482422,117.5500030517578,118.17449951171876,84244000.0,56.905024277969595,50.41129482736459,40.70087774330098,32.67433860392012,30.28006801223683,8.5,100.0,0.88,1.36
AMZN,2020-04-23,119.9990005493164,121.21099853515624,119.10399627685548,119.97250366210938,101332000.0,55.262825853758876,50.42460937056463,40.722190414104176,32.6866528988102,30.288222831127438,8.63,100.0,0.77,1.35
AMZN,2020-04-24,120.8499984741211,121.02149963378906,119.0999984741211,120.51100158691406,76498000.0,47.987073129159796,50.42330624451823,40.673141046002456,32.687923105927524,30.290234741363687,8.75,97.0,0.65,1.37
AMZN,2020-04-27,122.16000366210938,122.24400329589844,118.1500015258789,118.8000030517578,112912000.0,46.08848178369247,50.564495723819455,40.707648372393614,32.653741683639446,30.230777845106065,8.86,99.0,0.48,1.35
AMZN,2020-04-28,118.6050033569336,118.6750030517578,115.3000030517578,115.7040023803711,105388000.0,43.24274201032702,48.954034955614404,40.946030204795406,32.76975212962313,30.344780132205052,8.97,100.0,0.3,1.27
AMZN,2020-04-29,116.50050354003906,119.59449768066406,115.5,118.635498046875,91832000.0,39.95621928068042,49.162944221551975,41.07853982588919,32.84607213699246,30.43403777733572,9.08,100.0,0.16,1.22
AMZN,2020-04-30,120.99199676513672,123.75,119.80049896240234,123.6999969482422,190692000.0,41.064076225046946,49.65096020061095,41.46938249283363,33.103303923823155,30.6959354864076,9.19,100.0,0.14,1.11
AMZN,2020-05-01,116.83999633789062,118.12200164794922,112.90950012207033,114.302001953125,195452000.0,48.12945788592863,52.41054607033004,43.48598628671694,34.193747208416866,31.715938813889217,9.32,100.0,0.0,1.21
AMZN,2020-05-04,112.81900024414062,116.3489990234375,112.81900024414062,115.79949951171876,97318000.0,47.560948734442334,52.456370907348045,43.51240547413474,34.21388093817658,31.585441656061708,9.45,100.0,-0.13,1.2
AMZN,2020-05-05,117.0,117.5500030517578,115.35649871826172,115.88999938964844,64850000.0,47.10293160246808,52.39677568481314,43.49127870322222,34.20155601938812,31.578183456952612,9.57,99.0,-0.25,1.21
AMZN,2020-05-06,116.47200012207033,117.87249755859376,116.0,117.56300354003906,62356000.0,47.00591418481423,52.22228282966863,43.52752307535056,34.20802039046132,31.56679926946912,9.68,100.0,-0.37,1.2
AMZN,2020-05-07,118.73899841308594,118.8000030517578,117.15550231933594,118.38050079345705,67928000.0,45.835553461069146,52.21775745808155,43.52821926562787,34.19507009554633,31.571741177066393,9.78,100.0,-0.48,1.2
AMZN,2020-05-08,118.60700225830078,119.36199951171876,117.8499984741211,118.98049926757812,64132000.0,45.02372989813901,52.21972444539655,43.527430705340656,34.173976310014844,31.557850436202354,9.87,98.0,-0.58,1.2
AMZN,2020-05-11,118.73500061035156,120.9834976196289,118.60549926757812,120.4499969482422,65184000.0,43.78329617792611,52.24792920965196,43.55153079648193,34.16829604206228,31.572316571137566,9.96,100.0,-0.66,1.2
AMZN,2020-05-12,120.59249877929688,120.9499969482422,117.75,117.84750366210938,61498000.0,43.93461003950064,52.444057912691925,43.706041812605825,34.06265424097346,31.434304102215453,10.05,100.0,-0.75,1.14
AMZN,2020-05-13,118.33999633789062,120.38500213623048,116.88999938964844,118.39600372314452,95658000.0,43.75529360382001,52.42116507961284,43.69474175786671,34.04662732244928,31.424838961285666,10.12,99.0,-0.83,1.14
AMZN,2020-05-14,118.05049896240234,119.56849670410156,117.6604995727539,119.44249725341795,72962000.0,42.928569718430396,52.43160476244363,43.70414133855775,34.050594002279574,31.395017746889494,10.19,99.0,-0.91,1.14
AMZN,2020-05-15,118.4260025024414,120.5500030517578,117.81849670410156,120.48899841308594,84700000.0,42.926950556829674,52.41347898415896,43.7028436262457,34.06073162703745,31.35093772305504,10.24,98.0,-0.98,1.14
AMZN,2020-05-18,120.21749877929688,121.6500015258789,119.20050048828124,121.31300354003906,87144000.0,42.722996832420044,52.077386149056316,43.70695082959222,34.04217201466167,31.282929346314926,10.3,100.0,-1.03,1.14
AMZN,2020-05-19,121.4915008544922,124.25,121.44850158691406,122.46649932861328,86410000.0,41.134193447725536,51.25442901022333,43.710937902595056,34.04311812453847,31.28758039849818,10.34,100.0,-1.08,1.15
AMZN,2020-05-20,123.89350128173828,125.00050354003906,123.3635025024414,124.89700317382812,79962000.0,41.30274143786814,51.16025768147702,43.312414499908904,34.1019172780325,31.341957403228733,10.37,87.0,-1.1,1.24
AMZN,2020-05-21,125.0,126.27249908447266,122.1269989013672,122.33699798583984,102288000.0,41.99943156402956,51.409011967311926,43.4729895195673,34.20246242965652,31.418275300266696,10.41,87.0,-1.16,1.18
AMZN,2020-05-22,122.75050354003906,123.49250030517578,121.50650024414062,121.84400177001952,57342000.0,42.0644642873074,50.244482712026404,43.41997893828535,34.1233808570718,31.321062097335993,10.43,86.0,-1.2,1.2
AMZN,2020-05-26,122.9000015258789,123.0999984741211,120.7030029296875,121.09300231933594,71364000.0,38.93326863401381,50.2818971660448,43.441852678962945,34.12953440793091,31.32809265791982,10.45,86.0,-1.25,1.19
AMZN,2020-05-27,120.24949645996094,120.6790008544922,116.5,120.51950073242188,101138000.0,36.25915794349569,49.85603080386401,43.28500050838954,34.136156616486645,31.327646525941887,10.46,83.0,-1.3,1.24
AMZN,2020-05-28,119.21649932861328,121.84850311279295,118.9114990234375,120.05500030517578,63804000.0,36.19627634685963,49.56857203180387,43.23355247949559,34.130719887162584,31.31383089478483,10.47,82.0,-1.34,1.26
AMZN,2020-05-29,120.7969970703125,122.11849975585938,119.91000366210938,122.11849975585938,70198000.0,34.37230117172817,49.23738993243846,43.251458976701684,34.1799696232723,31.353169107274447,10.46,82.0,-1.37,1.25
AMZN,2020-06-01,122.4000015258789,123.84649658203124,122.20850372314452,123.552001953125,58578000.0,34.24291592016993,48.861146363023614,43.27590044947601,34.181810072644325,31.276585971337667,10.44,82.0,-1.4,1.25
AMZN,2020-06-02,123.3499984741211,123.67649841308594,122.2655029296875,123.62049865722656,50598000.0,34.18805356805042,48.75138246218205,43.244903192500914,34.17888369945511,30.89006796484066,10.42,80.0,-1.42,1.26
AMZN,2020-06-03,123.40049743652344,124.4000015258789,123.05850219726562,123.91999816894533,53420000.0,33.07811945260716,47.1963239307039,43.24359324595771,34.104781575351716,30.824605365211916,10.38,79.0,-1.44,1.26
AMZN,2020-06-04,123.87149810791016,125.3769989013672,122.50050354003906,123.02999877929688,58974000.0,32.94780104738057,46.35616763732761,43.229047135908345,34.11275832904357,30.834385939122622,10.34,77.0,-1.46,1.27
AMZN,2020-06-05,122.22550201416016,124.43250274658205,121.85649871826172,124.1500015258789,66128000.0,32.77473011035162,45.5047718576776,43.24020184228632,34.11976730010775,30.834338016112266,10.29,78.0,-1.47,1.26
AMZN,2020-06-08,125.01000213623048,126.5,124.36699676513672,126.2030029296875,79414000.0,33.06114619409367,41.720051500913044,43.23237549813387,34.16384456921736,30.756217522753133,10.24,76.0,-1.47,1.28
AMZN,2020-06-09,126.47200012207033,131.32150268554688,126.25,130.04299926757812,103520000.0,33.70200334983195,40.368162863355465,43.428350900673564,34.26566931653148,30.747488870167373,10.18,85.0,-1.44,1.22
AMZN,2020-06-10,132.25,136.11749267578125,131.31300354003906,132.37249755859375,98920000.0,32.76955554697791,38.341338234686425,43.481108893397696,34.30553733535192,30.79132159729021,10.1,87.0,-1.38,1.21
AMZN,2020-06-11,130.1750030517578,133.56900024414062,126.8115005493164,127.89800262451172,116002000.0,34.033665066585364,37.169856685725115,43.863675659951625,34.43050282309174,30.993118975920225,10.02,100.0,-1.38,1.09
AMZN,2020-06-12,130.0605010986328,131.07400512695312,125.1675033569336,127.2509994506836,108722000.0,31.98000765667769,37.21117426858388,43.84476157204076,34.40561394542688,30.9921137301488,9.93,99.0,-1.38,1.09
AMZN,2020-06-15,126.33000183105467,129.1999969482422,125.4000015258789,128.63400268554688,77302000.0,21.26609216025592,36.947191020215506,43.85375437752575,34.352281539240614,31.00652474035015,9.83,99.0,-1.38,1.09
AMZN,2020-06-16,131.0,131.0,128.8000030517578,130.7635040283203,71712000.0,21.41468540746397,36.676203471640896,43.898098688539086,34.37066934626259,31.034670863554652,9.72,100.0,-1.36,1.08
AMZN,2020-06-17,132.375,132.75,131.59100341796875,132.0489959716797,59186000.0,21.454130394414623,36.33113101825421,43.83905545436356,34.379232496613206,31.038828567473093,9.6,96.0,-1.33,1.11
AMZN,2020-06-18,132.35049438476562,132.98199462890625,131.8054962158203,132.69900512695312,49756000.0,21.24597711711845,36.21494532682832,43.70311613526105,34.3793051017905,31.039845787438285,9.48,91.0,-1.3,1.17
AMZN,2020-06-19,133.9040069580078,134.8715057373047,132.9499969482422,133.75050354003906,115540000.0,21.259200773555563,35.534560692302485,43.68006980035033,34.3367396290082,31.044750714082863,9.35,88.0,-1.27,1.17
AMZN,2020-06-22,134.22500610351562,135.75,133.4499969482422,135.6909942626953,64176000.0,21.468523062476674,35.013253608432834,43.712860916568225,34.36249177241046,31.06830555874309,9.2,95.0,-1.23,1.17
AMZN,2020-06-23,136.30099487304688,139.15550231933594,135.90199279785156,138.2205047607422,84634000.0,21.739840821549688,34.37473708911457,43.77253876926544,34.40641322749406,31.115212472277165,9.05,95.0,-1.16,1.15
AMZN,2020-06-24,139.0,139.8000030517578,136.0500030517578,136.72000122070312,90532000.0,20.79555184090606,34.090263091605195,42.481191529410616,34.43465936152174,31.07368568202038,8.94,63.0,-1.14,1.21
AMZN,2020-06-25,136.9774932861328,137.81149291992188,135.60699462890625,137.72900390625,59374000.0,20.806888968361392,33.98754519822562,42.47784136014791,34.37006517295277,31.06652224730843,8.82,62.0,-1.12,1.22
AMZN,2020-06-26,138.7530059814453,139.1284942626953,134.39999389648438,134.64349365234375,130016000.0,22.25992489814034,34.01812029563433,42.560622153747715,34.49007788116597,31.159486522907986,8.7,63.0,-1.13,1.16
AMZN,2020-06-29,134.50050354003906,134.83999633789062,131.50399780273438,134.0189971923828,84468000.0,22.350211956431103,34.08472934121817,42.55998150413807,34.4979611969662,31.157475514605064,8.57,62.0,-1.14,1.16
AMZN,2020-06-30,134.2534942626953,138.48150634765625,133.75149536132812,137.9409942626953,75394000.0,23.511842851517308,34.32055262065038,42.76011504559175,34.63537903379055,31.248997720249054,8.44,63.0,-1.14,1.11
AMZN,2020-07-01,137.89950561523438,144.75,137.6999969482422,143.93499755859375,127268000.0,25.970508260401125,34.12427673518766,43.18489420830034,34.95644113402807,31.514633811342367,8.3,63.0,-1.08,1.01
AMZN,2020-07-02,145.60049438476562,147.7779998779297,143.55499267578125,144.51499938964844,131868000.0,25.617016652022983,34.12635658272752,43.03176906309474,34.91204353959791,31.51547001335301,8.15,62.0,-1.04,1.05
AMZN,2020-07-06,146.74850463867188,152.99400329589844,146.5,152.8520050048828,137612000.0,28.466210049476253,35.589320412288714,43.84275764055761,35.47684688804966,31.983282896886557,8.01,96.0,-0.86,0.92
AMZN,2020-07-07,152.92750549316406,153.4774932861328,149.5,150.00599670410156,105150000.0,29.291824675450677,35.946569066825234,43.98531960896581,35.56906075793461,32.04798953510878,7.85,100.0,-0.81,0.86
AMZN,2020-07-08,151.1304931640625,154.19850158691406,150.6215057373047,154.0554962158203,100752000.0,29.55829986197478,34.44714076463195,44.12160282131321,35.60121764327511,32.102333898872836,7.68,100.0,-0.72,0.84
AMZN,2020-07-09,155.79949951171875,159.69400024414062,153.6999969482422,159.13150024414062,127774000.0,30.120106847676233,33.58252589819175,44.32382123319094,35.73813729216233,32.223487611785906,7.51,100.0,-0.56,0.8
AMZN,2020-07-10,159.58799743652344,160.75,156.78500366210938,160.0,109720000.0,29.887592866692746,33.56584872145432,44.31503356771429,35.69775348258737,32.210030953954686,7.31,99.0,-0.47,0.8
AMZN,2020-07-13,162.55299377441406,167.21449279785156,153.41949462890625,155.1999969482422,154408000.0,31.9554843478007,33.44963163919232,44.6476528009929,35.9153936597848,32.3701918969595,7.09,100.0,-0.49,0.69
AMZN,2020-07-14,154.4499969482422,156.36900329589844,147.5,154.1999969482422,144638000.0,32.20528680545413,33.31243159064077,44.63870666288038,35.92255983173646,32.37888310660568,6.86,99.0,-0.54,0.7
AMZN,2020-07-15,154.01150512695312,154.91749572753906,148.65899658203125,150.44349670410156,115778000.0,33.47443956134075,33.82929112209195,44.60133950449471,36.034095960714815,32.47807755136475,6.62,98.0,-0.6,0.71
AMZN,2020-07-16,148.55299377441406,151.60000610351562,145.9114990234375,149.9949951171875,127884000.0,33.56886192991653,33.21794144404507,44.00550235568771,36.03401980835923,32.4641604311378,6.4,94.0,-0.65,0.85
AMZN,2020-07-17,150.4499969482422,151.1999969482422,147.42250061035156,148.09849548339844,95226000.0,33.799966624079275,33.318481368522804,43.94165927670813,36.05797369304927,32.48415187736906,6.16,92.0,-0.69,0.88
AMZN,2020-07-20,150.00999450683594,160.0679931640625,149.7010040283203,159.8419952392578,151964000.0,39.445569336593614,36.424641328359094,45.41323246475842,37.081867145686395,33.32071658299245,5.91,100.0,-0.68,0.84
AMZN,2020-07-21,161.62449645996094,162.0290069580078,155.28599548339844,156.9145050048828,122426000.0,40.12247345454295,36.73549913020261,44.73632889270703,37.16619190500631,33.37141885239217,5.69,99.0,-0.69,0.95
AMZN,2020-07-22,156.25,157.5,153.26300048828125,154.99549865722656,82084000.0,39.91329319516308,36.694386010404145,44.81377219201377,37.20605408967097,33.400191087527,5.44,99.0,-0.71,0.92
AMZN,2020-07-23,154.9134979248047,154.9134979248047,148.5,149.32749938964844,113138000.0,41.63474560034066,37.148324880141296,45.020691591767644,37.5065163408968,33.62679666055753,5.2,99.0,-0.74,0.86
AMZN,2020-07-24,146.5,151.57899475097656,144.39999389648438,150.44549560546875,112648000.0,40.01558404135267,36.90249947563405,44.80631234755726,37.50681554488907,33.59730608632291,4.94,97.0,-0.76,0.93
AMZN,2020-07-27,153.10000610351562,154.89999389648438,150.7884979248047,152.760498046875,83410000.0,39.98677857881627,36.13289696048124,44.584029104610956,37.52830431925848,33.579198775660736,4.67,92.0,-0.78,0.99
AMZN,2020-07-28,152.7135009765625,153.85450744628906,149.78799438476562,150.01649475097656,62534000.0,40.56526771894541,32.12507618732573,44.454948470579936,37.601706711629824,33.59185093873155,4.39,91.0,-0.79,1.03
AMZN,2020-07-29,151.54949951171875,151.95799255371094,149.8385009765625,151.67649841308594,59482000.0,40.46450849387625,32.10502446328321,44.388355484541606,37.61066007062058,33.59199515289302,4.09,90.0,-0.8,1.06
AMZN,2020-07-30,150.6999969482422,154.60000610351562,150.25,152.593994140625,122566000.0,40.440137228707066,32.09709044535201,43.36951400754884,37.58981992932741,33.54185219973589,3.81,55.0,-0.81,1.25
AMZN,2020-07-31,162.1999969482422,162.34100341796875,157.5500030517578,158.23399353027344,161710000.0,41.45637818554079,32.69198045076847,43.07867642685896,37.79539871082581,33.70705829776002,3.53,43.0,-0.8,1.31
AMZN,2020-08-03,159.02549743652344,159.1999969482422,155.1999969482422,155.59449768066406,101494000.0,41.96707094966406,32.99159992034239,42.662012331096314,37.81432173167768,33.7035008134254,3.26,40.0,-0.81,1.42
AMZN,2020-08-04,155.0605010986328,158.36199951171875,155.0605010986328,156.94149780273438,93886000.0,41.88836082527346,33.0019908658231,40.26855249152684,37.818733494515534,33.53094811534304,3.07,24.0,-0.84,1.09
AMZN,2020-08-05,157.18850708007812,160.67950439453125,156.36500549316406,160.25149536132812,78330000.0,41.96192489806461,33.13396742911483,39.31467678116043,37.849468628652176,33.5661257348818,2.93,21.0,-0.85,1.22
AMZN,2020-08-06,159.71800231933594,162.37350463867188,158.27149963378906,161.25,78812000.0,41.692680270155144,32.66748381749532,38.07660590534743,37.84785638320906,33.568294698662996,2.83,19.0,-0.9,1.36
AMZN,2020-08-07,161.20050048828125,162.04049682617188,157.0334930419922,158.3730010986328,78722000.0,42.23887625026256,33.012598889800444,36.9743481443516,37.93057606031805,33.57258774683514,2.79,9.0,-0.92,1.41
AMZN,2020-08-10,158.5155029296875,158.62550354003906,155.0760040283203,157.4080047607422,63346000.0,41.57618525726626,33.077749870144,37.00558063377364,37.93669953971153,33.5441553305665,2.75,9.0,-0.94,1.4
AMZN,2020-08-11,155.66000366210938,157.96099853515625,153.64999389648438,154.0334930419922,74362000.0,42.21464033802636,33.4997387177225,37.08286853667664,38.035081704393484,33.59649885293106,2.72,9.0,-0.95,1.37
AMZN,2020-08-12,155.39999389648438,158.71949768066406,155.0709991455078,158.11199951171875,70442000.0,42.08668999521844,33.79938217408595,37.03854771187311,38.130155676945265,33.624446736334626,2.68,8.0,-0.98,1.39
AMZN,2020-08-13,159.14950561523438,160.87600708007812,157.75,158.05099487304688,62980000.0,40.529989555238785,33.79682574224843,36.83329791395648,38.102703289968204,33.426286794980506,2.66,5.0,-0.99,1.47
AMZN,2020-08-14,158.90899658203125,158.91200256347656,156.0,157.4010009765625,55034000.0,40.58289691763251,33.68511219519381,36.78971195553454,38.09484610351881,33.4284952092122,2.64,3.0,-1.0,1.49
AMZN,2020-08-17,158.656005859375,159.74850463867188,157.70899963378906,159.12049865722656,53824000.0,37.42096580857037,33.32119191445712,36.41355633104247,38.09157782575393,33.43233477388542,2.63,1.0,-1.03,1.63
AMZN,2020-08-18,160.60000610351562,166.0,160.29100036621094,165.62449645996094,106920000.0,38.540324629781274,34.06265863565719,36.50074076951233,38.310003236863494,33.62825295549507,2.63,2.0,-1.03,1.61
AMZN,2020-08-19,165.15049743652344,165.7949981689453,162.8000030517578,163.0240020751953,83702000.0,38.27014368453149,34.25606110877924,36.25129515120769,38.34122438337309,33.661140952784216,2.64,1.0,-1.06,1.69
AMZN,2020-08-20,162.60000610351562,165.63099670410156,161.89999389648438,164.86849975585938,66650000.0,37.28165888079748,34.219394145196766,35.992277299310516,38.334299406547174,33.65840875588466,2.67,1.0,-1.07,1.81
AMZN,2020-08-21,164.75,165.72000122070312,163.76950073242188,164.23599243164062,71518000.0,37.28655586164049,34.21919269024099,35.966188274548415,38.33016027321785,33.63982516098491,2.69,1.0,-1.1,1.82
AMZN,2020-08-24,165.50750732421875,169.01600646972656,162.8780059814453,165.3730010986328,93326000.0,36.11240894913097,34.132583695752814,35.70529845509301,38.29058924359992,33.47565341329719,2.73,1.0,-1.15,1.94
AMZN,2020-08-25,164.74949645996094,167.8699951171875,163.35000610351562,167.32449340820312,79856000.0,36.121781883419764,34.13309283189725,35.7189648855684,38.301369862481216,33.47773831096105,2.76,2.0,-1.2,1.93
AMZN,2020-08-26,167.5554962158203,172.58700561523438,167.22850036621094,172.09249877929688,130174000.0,35.881732276492066,34.44330490277328,35.844474661347256,38.406452294477546,33.56864936149848,2.79,3.0,-1.26,1.87
AMZN,2020-08-27,172.50250244140625,172.64999389648438,168.89999389648438,170.0,85296000.0,36.148089911558316,34.629934355933194,35.35700954493321,38.43616115748558,33.60143657560678,2.84,1.0,-1.3,2.03
AMZN,2020-08-28,171.14999389648438,171.6685028076172,169.3249969482422,170.08999633789062,57940000.0,35.81226092961471,34.54706748633286,35.364109879876935,38.437458389833346,33.58742813089787,2.89,2.0,-1.35,2.03
AMZN,2020-08-31,170.44949340820312,174.75,170.25,172.54800415039062,83718000.0,28.86153310097846,34.5879677212933,35.35616637603226,38.45660603437861,33.597843642573885,2.93,1.0,-1.38,2.03
AMZN,2020-09-01,174.47900390625,175.69349670410156,173.35000610351562,174.95599365234375,68644000.0,28.330642182384313,34.55761311895753,35.371845407521256,38.4730524378421,33.612956727920114,2.98,4.0,-1.41,2.02
AMZN,2020-09-02,177.35000610351562,177.6125030517578,174.33450317382812,176.57249450683594,78630000.0,27.962873261451822,34.18806285206079,34.28141019243308,38.4781928762514,33.61766120510827,3.06,1.0,-1.4,2.27
AMZN,2020-09-03,174.25,174.42050170898438,165.14999389648438,168.39999389648438,163222000.0,29.39089369171507,35.72992570729253,34.45438978213924,38.93961030786024,33.931654686316506,3.14,2.0,-1.42,2.24
AMZN,2020-09-04,165.89999389648438,169.0749969482422,155.55650329589844,164.7310028076172,175636000.0,30.317820016017848,35.249171939065384,34.681083511221814,39.04759760892248,34.01371415535093,3.21,3.0,-1.44,2.11
AMZN,2020-09-08,157.1999969482422,162.54249572753906,156.5,157.49200439453125,121884000.0,33.09890204909252,36.61825960057284,34.95483025904336,39.46402507068025,34.33892500650813,3.28,4.0,-1.45,2.05
AMZN,2020-09-09,160.14950561523438,165.15899658203125,159.25,163.4304962158203,103774000.0,34.16844588432747,37.22871261166263,35.27314323012068,39.65946177346294,34.50560013925033,3.34,5.0,-1.46,1.94
AMZN,2020-09-10,165.36099243164062,167.4945068359375,158.52749633789062,158.7554931640625,106614000.0,35.28981641703168,37.741998464995405,35.63322862105436,39.84404303604547,34.64757100135925,3.39,10.0,-1.47,1.77
AMZN,2020-09-11,160.4344940185547,160.86700439453125,154.19900512695312,155.81100463867188,101880000.0,35.74120303150467,37.982031049326935,35.46464112459694,39.923449721873375,34.698676483324554,3.44,10.0,-1.46,1.84
AMZN,2020-09-14,158.64700317382812,159.3695068359375,154.8000030517578,155.14849853515625,90592000.0,34.12745330848311,38.00632964265295,35.42867588544002,39.641615106241915,34.701734974577725,3.49,10.0,-1.45,1.85
AMZN,2020-09-15,156.80799865722656,158.75100708007812,155.4459991455078,157.80650329589844,80430000.0,34.142562428664796,38.105937863664465,35.44671588311502,39.676074573108416,34.67906020617613,3.54,11.0,-1.45,1.85
AMZN,2020-09-16,158.99949645996094,159.36199951171875,153.70750427246094,153.90499877929688,90244000.0,34.83085008219881,38.446691375423676,35.71845865088463,39.77313082989157,34.78070525949677,3.58,15.0,-1.43,1.71
AMZN,2020-09-17,150.46249389648438,151.47149658203125,148.62750244140625,150.43649291992188,128982000.0,34.78534684124827,38.62586579250833,35.84506516798414,39.88775564506843,34.86623982151431,3.62,18.0,-1.4,1.66
AMZN,2020-09-18,151.58700561523438,151.88999938964844,145.27699279785156,147.74549865722656,177852000.0,34.99128612211893,38.75058878363599,35.69860467049852,39.859487829439374,34.92383027669405,3.66,14.0,-1.38,1.72
AMZN,2020-09-21,145.3249969482422,148.10000610351562,143.5500030517578,148.02349853515625,122358000.0,34.71977652343705,38.730257091041985,35.51462602058082,39.821315297925096,34.88188828039252,3.71,13.0,-1.35,1.8
AMZN,2020-09-22,151.69200134277344,156.69949340820312,150.00999450683594,156.44949340820312,138976000.0,38.49251762308385,39.95843777015811,35.96177203543925,40.283795848067605,35.28059240988687,3.74,21.0,-1.32,1.78
AMZN,2020-09-23,156.02149963378906,156.35000610351562,149.61900329589844,149.9929962158203,113054000.0,39.91576749791479,40.971079704839994,34.27510881248477,40.632699433936295,35.45636725019762,3.79,1.0,-1.3,0.89
AMZN,2020-09-24,148.88949584960938,153.46499633789062,148.25,150.989501953125,110588000.0,39.161512916647844,40.59774643119195,34.24121623457943,40.6168323771282,35.434962979186096,3.84,1.0,-1.27,0.91
AMZN,2020-09-25,152.7429962158203,155.07699584960938,149.9499969482422,154.75650024414062,92304000.0,39.89045622712805,39.98637915653184,34.41706741711135,40.699760100291854,35.45806954871814,3.89,4.0,-1.25,0.83
AMZN,2020-09-28,157.4425048828125,158.7519989013672,155.85850524902344,158.70249938964844,84484000.0,40.57031050681083,40.28392919392532,34.55163644101269,40.76030392746105,35.51570689077827,3.92,6.0,-1.22,0.78
AMZN,2020-09-29,158.76950073242188,159.41299438476562,156.6269989013672,157.24400329589844,69916000.0,40.53255383962038,38.7007397441055,34.60007844541912,40.7851976318752,35.532902257936115,3.96,7.0,-1.18,0.77
AMZN,2020-09-30,157.0570068359375,160.6439971923828,156.69949340820312,157.43649291992188,97922000.0,38.68485749408499,38.49195566973398,34.599177097606635,40.74942628797722,35.53219453297642,3.99,7.0,-1.14,0.77
AMZN,2020-10-01,160.39999389648438,161.1999969482422,158.60000610351562,161.06300354003906,99438000.0,39.07484491098604,38.38920288340892,34.71230665971455,40.808784535063374,35.556965949253325,4.02,10.0,-1.1,0.72
AMZN,2020-10-02,157.68150329589844,159.7899932861328,156.14999389648438,156.25,112262000.0,39.84845416983438,38.33180550447857,34.8922071351022,40.99399105945146,35.705922079069005,4.05,11.0,-1.06,0.68
AMZN,2020-10-05,157.29200744628906,160.12649536132812,157.04249572753906,159.9600067138672,75506000.0,40.50680908964836,38.62408740735501,35.044848544840846,41.04938762706219,35.76257267195554,4.07,13.0,-1.02,0.62
AMZN,2020-10-06,158.25,159.10000610351562,154.5,154.9980010986328,101738000.0,41.38608967835446,38.660115027800714,35.457119841644705,41.22842894507008,35.91757752300338,4.08,21.0,-0.97,0.53
AMZN,2020-10-07,156.75,160.0,156.6195068359375,159.7845001220703,86188000.0,42.275639450104066,39.1334703312477,35.718603284022315,41.35342358204127,35.980938851007636,4.09,28.0,-0.91,0.44
AMZN,2020-10-08,161.24949645996094,161.6645050048828,158.74949645996094,159.52749633789062,63482000.0,41.33235115661681,38.78161203286459,35.71966983027996,41.35355003051389,35.97613387355627,4.09,30.0,-0.85,0.44
AMZN,2020-10-09,160.5,164.44949340820312,159.89149475097656,164.33250427246094,98158000.0,42.25164965986244,39.21429225899972,35.95983356399423,41.43443325155381,36.07725544885175,4.09,33.0,-0.79,0.36
AMZN,2020-10-12,167.4969940185547,174.81199645996094,166.9774932861328,172.14649963378906,167284000.0,44.44783314737407,40.16007817916803,36.52416048841898,41.671880930444914,36.34095886060633,4.09,40.0,-0.72,0.27
AMZN,2020-10-13,173.39950561523438,174.61900329589844,171.21099853515625,172.18150329589844,114894000.0,44.25076584035897,37.09858891786847,36.32589281331146,41.656618796523844,36.34183297454504,4.09,38.0,-0.66,0.32
AMZN,2020-10-14,172.35000610351562,173.24400329589844,167.0,168.1855010986328,116254000.0,44.551709723186775,37.22597709491271,36.55786587993377,41.77816458214029,36.40478696271243,4.09,42.0,-0.6,0.27
AMZN,2020-10-15,164.60049438476562,167.79400634765625,164.0,166.9324951171875,104468000.0,44.47185671530452,37.16451807199764,36.566926522532455,41.7954649731462,36.417227972408625,4.08,43.0,-0.54,0.27
AMZN,2020-10-16,168.1614990234375,169.98300170898438,158.0,163.635498046875,129488000.0,42.70737004677944,36.563337269529036,36.73038302281949,41.09393973654616,36.484922909581094,4.07,44.0,-0.49,0.23
AMZN,2020-10-19,164.98049926757812,166.4499969482422,159.63699340820312,160.36050415039062,104472000.0,42.632875228776726,36.81058004498733,36.90018604257339,41.17937544450485,36.50399544049178,4.07,47.0,-0.44,0.18
AMZN,2020-10-20,161.11399841308594,163.3000030517578,159.60049438476562,160.85049438476562,90194000.0,40.54239111992691,36.69414914813698,36.83042211780799,41.111833939713044,36.478883600577035,4.06,46.0,-0.37,0.21
AMZN,2020-10-21,160.625,161.69400024414062,158.0,159.2469940185547,91854000.0,39.14976679355809,36.552323360735386,36.857704540155986,41.129539723613625,36.4745854568002,4.05,48.0,-0.29,0.22
AMZN,2020-10-22,159.49349975585938,159.9375,156.0970001220703,158.82000732421875,84240000.0,38.23720915024653,36.499836479797516,36.865727928761196,41.13289096214739,36.475446266724255,4.03,49.0,-0.2,0.22
AMZN,2020-10-23,159.5500030517578,160.26649475097656,157.0,160.22000122070312,69334000.0,37.89545783976118,36.52107877448047,36.879159010945585,41.116572339929554,36.47196868277023,4.02,50.0,-0.12,0.21
AMZN,2020-10-26,159.93699645996094,164.1490020751953,157.6649932861328,160.3520050048828,118024000.0,37.863572219730536,35.76482118871142,36.84698463655835,41.02149100740617,36.44780104008108,4.01,48.0,-0.08,0.21
AMZN,2020-10-27,161.2469940185547,164.58299255371094,160.56500244140625,164.31649780273438,85820000.0,38.194590347443395,35.923828870570404,36.995420036505685,41.0999967502373,36.50868925627401,3.99,54.0,-0.05,0.16
AMZN,2020-10-28,162.46499633789062,163.2010040283203,158.12350463867188,158.13900756835938,111766000.0,39.17357520130239,36.77150275751843,37.4998446826333,41.38004728551979,36.72068110845771,3.97,58.0,0.02,0.11
AMZN,2020-10-29,160.06350708007812,162.8625030517578,158.1999969482422,160.55050659179688,131930000.0,38.719393522199866,36.6518634001243,37.29407632098998,41.40057680016056,36.735552321498034,3.95,58.0,0.15,0.17
AMZN,2020-10-30,157.8874969482422,158.35000610351562,150.9499969482422,151.8074951171875,167728000.0,41.874523525439386,38.380250642465406,38.32967789983806,41.956481598284704,37.193721501865504,3.93,61.0,0.29,0.2
AMZN,2020-11-02,153.08700561523438,153.98550415039062,147.50599670410156,150.2239990234375,145148000.0,42.002654136142674,38.2688157635337,37.948014903262084,41.97202315077131,37.20987963647724,3.9,60.0,0.34,0.28
AMZN,2020-11-03,150.92649841308594,153.7449951171875,149.0489959716797,152.42050170898438,97958000.0,38.921150077206924,38.381699209117016,37.987609192810574,41.99488967118387,37.22701511983063,3.87,61.0,0.35,0.25
AMZN,2020-11-04,157.99949645996094,162.24249267578125,156.9864959716797,162.05799865722656,136780000.0,40.88760497876299,40.15661875736258,39.12134696976655,42.56235251496119,37.69319242165925,3.83,64.0,0.37,0.21
AMZN,2020-11-05,165.99850463867188,168.33999633789062,164.44400024414062,166.10000610351562,115786000.0,41.372838918342154,40.11748749721372,39.21840145308613,42.50191174220495,37.75476625246863,3.8,65.0,0.4,0.18
AMZN,2020-11-06,165.23199462890625,166.10000610351562,161.60000610351562,165.56849670410156,92946000.0,40.902037195954755,40.125270866637685,39.21029353116684,42.17242612762126,37.75309723413512,3.76,65.0,0.44,0.19
AMZN,2020-11-09,161.55149841308594,164.4499969482422,155.60549926757812,157.18699645996094,143808000.0,43.189553068133684,41.54652121963989,40.140405606129654,42.59458083114708,38.141293543754344,3.73,68.0,0.5,0.14
AMZN,2020-11-10,154.75100708007812,155.6999969482422,150.9739990234375,151.75100708007812,131820000.0,44.29642226171145,42.09962917691148,40.55168497961805,42.82836650069914,38.3111989012362,3.7,70.0,0.53,0.08
AMZN,2020-11-11,153.08900451660156,156.95750427246094,152.5,156.8695068359375,87338000.0,45.401475251300624,41.83699168789887,40.81511430329681,42.53763821620743,38.43648766217873,3.67,71.0,0.63,0.01
AMZN,2020-11-12,157.99749755859375,158.79400634765625,154.30250549316406,155.51400756835938,87240000.0,44.93605195299261,41.75367896471458,40.754434806054874,42.55787961674501,38.41715704692852,3.64,71.0,0.77,0.04
AMZN,2020-11-13,156.10000610351562,157.08599853515625,154.26950073242188,156.4405059814453,75124000.0,44.11224398657707,41.70244138773779,40.71492966954229,42.36925341701355,38.41863311796697,3.63,71.0,0.87,0.04
AMZN,2020-11-16,154.66000366210938,157.13499450683594,153.63450622558594,156.55299377441406,76174000.0,43.551631846695074,41.69904864701279,40.703639775157704,42.25777621010903,38.403258866676154,3.61,71.0,0.99,0.05
AMZN,2020-11-17,159.177001953125,159.46249389648438,156.76300048828125,156.7830047607422,68894000.0,42.562989657831984,41.671072125736075,40.52224266946956,42.089686580680784,38.39988955155546,3.6,70.0,0.84,0.09
AMZN,2020-11-18,156.6999969482422,157.0,155.2550048828125,155.2729949951172,58336000.0,41.68178648728872,41.62509115519859,40.54959222100817,41.97239219814896,38.418007635242105,3.58,71.0,0.34,0.08
AMZN,2020-11-19,155.2655029296875,156.25,154.04600524902344,155.8509979248047,60206000.0,41.703084434893476,41.18860439487659,40.31333542489065,41.93631899019953,38.4128623132531,3.56,70.0,0.06,0.15
AMZN,2020-11-20,155.8509979248047,156.64450073242188,154.90249633789062,154.97000122070312,67488000.0,40.70654611503636,41.13851227937275,39.778544385369145,41.39623784035377,38.41167887275977,3.53,68.0,0.07,0.27
AMZN,2020-11-23,155.8350067138672,156.9875030517578,153.2729949951172,154.91949462890625,94178000.0,38.0430777278753,41.13704580308235,39.77539836237003,41.0281222120176,38.41044316354726,3.5,68.0,0.08,0.27
AMZN,2020-11-24,155.02499389648438,156.71249389648438,154.31300354003906,155.9029998779297,72042000.0,38.13639989832791,41.037325126577024,38.783493154025315,40.73942102191711,38.38799381696912,3.46,64.0,0.1,0.37
AMZN,2020-11-25,157.093505859375,159.89999389648438,157.01300048828125,159.2534942626953,75808000.0,38.28451221487797,41.184945297027916,38.80547241153169,39.50427727512545,38.420303061245015,3.41,65.0,0.14,0.35
AMZN,2020-11-27,160.56300354003906,160.8094940185547,159.50250244140625,159.76699829101562,47858000.0,38.2726454350709,41.136404680303315,38.582903998098914,38.87383342831833,38.408184556875355,3.36,64.0,0.15,0.42
AMZN,2020-11-30,160.4239959716797,161.41949462890625,156.27749633789062,158.40199279785156,81278000.0,37.93585913051219,40.048492856647975,38.26350257542106,38.2741413426985,38.40458338120894,3.3,63.0,0.16,0.52
AMZN,2020-12-01,159.4250030517578,162.44749450683594,157.85899353027344,161.00399780273438,90740000.0,37.81130443161908,39.95983872413758,38.34180836646033,37.53126606422667,38.40805610126179,3.24,65.0,0.15,0.49
AMZN,2020-12-02,161.08250427246094,161.60000610351562,158.66299438476562,160.17649841308594,62586000.0,37.83105316378784,38.88231500567574,38.038279575617544,37.52894930303173,38.40504878123616,3.18,62.0,0.14,0.56
AMZN,2020-12-03,160.2729949951172,161.4320068359375,159.0655059814453,159.3365020751953,57840000.0,37.74809365250164,38.134583528596956,38.033288942288266,37.429723101762605,38.40506232794162,3.11,62.0,0.16,0.57
AMZN,2020-12-04,159.91050720214844,159.91050720214844,157.93800354003906,158.12899780273438,58272000.0,37.80564320510699,37.69865531106201,37.843924692142664,37.36246155881485,38.39277155323175,3.03,60.0,0.21,0.62
AMZN,2020-12-07,157.82400512695312,159.03799438476562,157.08450317382812,157.89999389648438,55026000.0,37.71199882877588,37.49923932182288,37.84111024154203,37.22464256207319,38.39255629270807,2.97,60.0,0.27,0.62
AMZN,2020-12-08,157.94500732421875,159.2064971923828,156.00100708007812,158.864501953125,65726000.0,37.75874940236286,37.50638473238929,37.791404420741124,37.17445145846586,38.39273639075195,2.91,60.0,0.33,0.63
AMZN,2020-12-09,158.39450073242188,158.72149658203125,154.39999389648438,155.2100067138672,82016000.0,37.57380351432331,37.652892480837465,35.98318563310744,37.11929208122932,38.46951519167436,2.81,36.0,0.33,0.16
AMZN,2020-12-10,154.44949340820312,157.10499572753906,153.8000030517578,155.07449340820312,60604000.0,35.95223197619018,37.29826078022364,35.864974048274526,36.906946809989265,38.46950953688727,2.72,33.0,0.32,0.19
AMZN,2020-12-11,154.83299255371094,155.93350219726562,153.64100646972656,155.8209991455078,61294000.0,35.68169811605725,37.00152811918986,35.819791540222155,36.71942222588283,38.46788027355244,2.63,31.0,0.32,0.21
AMZN,2020-12-14,157.14999389648438,159.52349853515625,156.3000030517578,157.84849548339844,83116000.0,31.834307006206974,36.879559789183745,35.372406976334155,36.56249112809196,38.482146805496924,2.53,19.0,0.39,0.3
AMZN,2020-12-15,159.05050659179688,159.4250030517578,156.52450561523438,158.25599670410156,66390000.0,31.638565216302233,36.88046639181015,35.35664019476209,36.54347971494283,38.4814214053071,2.42,16.0,0.45,0.3
AMZN,2020-12-16,158.80050659179688,162.35000610351562,158.1840057373047,162.04800415039062,88552000.0,32.06871284092252,35.43312484160618,35.47102363654942,36.51066925829093,38.52851612846131,2.31,25.0,0.46,0.27
AMZN,2020-12-17,162.5,163.17550659179688,161.0500030517578,161.8040008544922,69486000.0,26.698503132097258,34.300582793017114,35.34569916517902,36.51284025379483,38.52566540653971,2.2,15.0,0.51,0.31
AMZN,2020-12-18,162.19949340820312,162.4709930419922,158.5800018310547,160.08250427246094,119914000.0,25.808444708704563,34.3685809412228,35.35341474392922,36.53178856826399,38.54710088467061,2.09,16.0,0.57,0.31
AMZN,2020-12-21,160.00050354003906,161.34849548339844,158.3000030517578,160.3090057373047,76736000.0,25.812448413272726,34.01319599159739,35.34275565268693,36.15938290742178,38.54320627815564,1.99,15.0,0.61,0.31
AMZN,2020-12-22,160.14199829101562,161.10000610351562,159.00399780273438,160.3260040283203,47388000.0,20.82458768176544,33.62486277322293,34.873422536574935,36.156868980070506,38.543614775834776,1.91,11.0,0.61,0.42
AMZN,2020-12-23,160.25,160.50650024414062,159.20849609375,159.2635040283203,41876000.0,18.0065775833609,33.59816599294868,34.7848213693924,36.14056495945759,38.55150211261617,1.83,11.0,0.62,0.45
AMZN,2020-12-24,159.69500732421875,160.10000610351562,158.4499969482422,158.63450622558594,29038000.0,15.374369328327287,33.608283297284515,34.76492558402624,36.14728619774562,38.333584885016236,1.81,11.0,0.63,0.46
AMZN,2020-12-28,159.6999969482422,165.1999969482422,158.63450622558594,164.197998046875,113736000.0,18.02461365883995,34.027801452546505,35.037626411758296,35.70062675201085,38.46964450053459,1.79,16.0,0.57,0.4
AMZN,2020-12-29,165.4969940185547,167.53250122070312,164.06100463867188,166.10000610351562,97458000.0,18.207174878746507,33.49400286621791,35.07073745269938,35.23688424499872,38.452913255204386,1.8,18.0,0.48,0.39
AMZN,2020-12-30,167.0500030517578,167.10499572753906,164.12350463867188,164.29249572753906,64186000.0,18.587981382434148,33.25046174735392,34.99478360411033,35.255719893186246,38.47540148390872,1.8,16.0,0.42,0.42
AMZN,2020-12-31,163.75,164.14599609375,162.05999755859375,162.84649658203125,59144000.0,18.833232983466452,32.638790167884565,35.01031885686611,34.944474209956425,38.41249579159392,1.81,17.0,0.4,0.41
AMZN,2021-01-04,163.5,163.60000610351562,157.2010040283203,159.3314971923828,88228000.0,19.752739250688983,32.37052698421496,35.01272691711592,35.006835141750365,38.46053200993138,1.82,18.0,0.44,0.41
AMZN,2021-01-05,158.30050659179688,161.16900634765625,158.2530059814453,160.92550659179688,53110000.0,19.913230134853517,32.43338426876453,34.80288549750562,35.01309358409267,38.44760435241162,1.83,13.0,0.43,0.47
AMZN,2021-01-06,157.32400512695312,159.87550354003906,156.55799865722656,156.91900634765625,87896000.0,21.248526033215196,32.24898588191079,35.03545135366843,34.9844692648251,38.54438602162942,1.83,20.0,0.42,0.4
AMZN,2021-01-07,157.85000610351562,160.427001953125,157.75,158.10800170898438,70290000.0,21.346950840128887,30.767275334063616,35.05009298827126,34.955140601097774,38.535755231530736,1.84,23.0,0.43,0.39
AMZN,2021-01-08,159.0,159.53199768066406,157.11000061035156,159.13499450683594,70754000.0,21.350351987701192,30.808204158359846,35.022510771463374,34.92318577619394,38.53733268654383,1.85,20.0,0.43,0.4
AMZN,2021-01-11,157.40049743652344,157.81900024414062,155.5,155.7104949951172,73668000.0,21.387539359527402,30.757110600033904,34.594804923277096,35.030193640140745,38.59376678715224,1.86,7.0,0.49,0.47
AMZN,2021-01-12,156.0,157.10699462890625,154.3000030517578,156.04150390625,70292000.0,21.372221229903175,30.73746702125944,34.51118889835818,34.980277803723716,38.59306805295206,1.87,6.0,0.51,0.5
AMZN,2021-01-13,156.4219970703125,159.49749755859375,156.10400390625,158.29449462890625,66424000.0,21.675846795241412,30.643583475917573,34.54124044590895,34.854392819890236,38.58844746071385,1.88,7.0,0.59,0.49
AMZN,2021-01-14,158.37600708007812,158.89999389648438,156.0294952392578,156.37350463867188,61418000.0,21.383717199678863,30.467554737030678,34.58792875721585,34.782625006309104,38.61021992707517,1.89,9.0,0.64,0.47
AMZN,2021-01-15,156.1510009765625,157.12750244140625,154.7584991455078,155.21249389648438,84880000.0,21.433104965758734,30.492480869827222,34.58491050370635,34.46663566502663,38.61642806608971,1.9,9.0,0.72,0.47
AMZN,2021-01-19,155.35000610351562,157.25,154.8000030517578,156.03799438476562,66102000.0,21.471463941710777,30.451881322904423,34.54143921862463,33.11947983396522,38.607104219841375,1.9,8.0,0.86,0.49
AMZN,2021-01-20,159.09950256347656,163.99000549316406,158.75,163.16900634765625,106196000.0,25.0586759474122,31.813159233837276,34.99095017304866,33.481450408842626,38.82223115851964,1.91,23.0,1.01,0.46
AMZN,2021-01-21,164.64999389648438,167.42750549316406,164.47850036621094,165.34950256347656,98722000.0,25.293550244088,31.87674156902264,35.00812061742075,33.50816981223137,38.835372771806846,1.91,25.0,1.12,0.45
AMZN,2021-01-22,165.2154998779297,166.0955047607422,164.1580047607422,164.6114959716797,56438000.0,25.313587572691343,31.893103451152484,35.014193214291424,33.484398235806054,38.83934829562843,1.91,28.0,1.25,0.45
AMZN,2021-01-25,166.4250030517578,168.1945037841797,162.15750122070312,164.6999969482422,74996000.0,24.232101948597357,31.499061734262,34.93540176980524,33.47934199047164,38.81259050026532,1.92,22.0,1.36,0.48
AMZN,2021-01-26,164.8179931640625,166.89999389648438,164.14349365234375,166.30650329589844,59104000.0,24.317778891546194,30.523678396478367,34.89826393135425,33.490163615915804,38.76595964363687,1.92,22.0,1.16,0.5
AMZN,2021-01-27,167.07449340820312,167.3260040283203,160.35400390625,161.62899780273438,93204000.0,25.891304995844273,30.958821313520772,35.14423294143866,33.65910304954046,38.87245233523981,1.91,36.0,0.45,0.43
AMZN,2021-01-28,161.7519989013672,165.08399963378906,161.4344940185547,161.88099670410156,62984000.0,25.653143568420532,28.665722176669366,34.34541773920051,33.54300232769672,38.87249033503847,1.91,3.0,0.56,0.53
AMZN,2021-01-29,161.5,161.84950256347656,159.2274932861328,160.30999755859375,85872000.0,25.82889329672452,28.65348050773745,34.20358574169178,33.56883968145615,38.88807616432757,1.92,1.0,0.65,0.57
AMZN,2021-02-01,162.1179962158203,167.51300048828125,161.75149536132812,167.1439971923828,83204000.0,27.704773397536524,29.72223747925456,34.08999622919441,33.89195722186982,38.4723136951924,1.93,1.0,0.51,0.54
AMZN,2021-02-02,169.0,171.38699340820312,168.05650329589844,169.0,141972000.0,27.843252672963132,27.071470183825358,33.62996785968608,33.899674264081,38.48045828724501,1.94,1.0,0.44,0.66
AMZN,2021-02-03,171.25050354003906,171.6999969482422,165.43099975585938,165.62649536132812,141776000.0,28.333031173737183,26.93610186737076,33.462097834463314,33.99453799283742,38.48995123475681,1.96,1.0,0.34,0.7
AMZN,2021-02-04,166.5,167.35000610351562,163.8874969482422,166.5500030517578,73414000.0,28.362051370387587,26.95211138647324,33.33021875796282,33.98517281591545,38.48578785492846,1.99,1.0,0.24,0.74
AMZN,2021-02-05,165.9499969482422,168.85000610351562,165.135498046875,167.6074981689453,72416000.0,28.397130186443036,24.697237171136045,33.33276374745792,33.92264490373687,38.487023551991086,2.01,2.0,0.16,0.74
AMZN,2021-02-08,167.9250030517578,168.25,165.1999969482422,166.14700317382812,65148000.0,28.4559207921716,23.60940159262418,33.26441562867109,33.84116823004277,38.4825395337535,2.03,1.0,0.07,0.77
AMZN,2021-02-09,165.62449645996094,166.89999389648438,164.89199829101562,165.25,44070000.0,28.48290782679635,22.706207244179378,33.02578311624019,33.84484310846722,38.413269498274865,2.05,1.0,0.06,0.85
AMZN,2021-02-10,165.6999969482422,165.8975067138672,162.6999969482422,164.32899475097656,63032000.0,26.750214010163674,22.659510602025414,32.82641045862283,33.84297105037808,38.41524795643787,2.08,1.0,0.09,0.93
AMZN,2021-02-11,164.60000610351562,164.60000610351562,162.4029998779297,163.10650634765625,46028000.0,26.60707982444598,22.699170883725603,32.71383670292434,33.851790044624536,38.42524114036389,2.11,1.0,0.02,0.97
AMZN,2021-02-12,162.5,164.0124969482422,161.66549682617188,163.885498046875,46706000.0,26.465945432241416,22.71448661742034,32.71904083859408,33.84729278948342,38.42122723305746,2.14,2.0,-0.09,0.97
AMZN,2021-02-16,162.70249938964844,165.4149932861328,162.67950439453125,163.44749450683594,51494000.0,26.348738943998278,22.72486740535159,31.541255527439123,33.80208396035335,38.41385594166958,2.19,1.0,-0.11,1.02
AMZN,2021-02-17,163.17999267578125,166.04550170898438,162.97500610351562,165.4320068359375,65950000.0,25.719365099080864,22.737953282949448,30.844623052585124,33.80378372102858,38.4195523161938,2.25,1.0,-0.17,1.15
AMZN,2021-02-18,164.12100219726562,166.89999389648438,163.69700622558594,166.4114990234375,60548000.0,25.626886819964945,22.753297366501666,30.84148899122139,33.80733072455305,38.41855866587178,2.3,1.0,-0.23,1.15
AMZN,2021-02-19,166.4114990234375,166.6750030517578,162.28750610351562,162.4949951171875,86104000.0,25.50521515825804,23.281464924969047,30.85417077395108,33.94119496540569,38.49132749464806,2.36,3.0,-0.2,1.16
AMZN,2021-02-22,160.406494140625,161.61599731445312,158.61300659179688,159.03700256347656,70314000.0,26.252678826241134,23.725412266532736,30.79326844837313,34.03494523890656,38.455028679011065,2.41,1.0,-0.2,1.19
AMZN,2021-02-23,156.35150146484375,160.2364959716797,154.67999267578125,159.72500610351562,93544000.0,26.21525310728999,23.707652113183382,30.764731026117353,34.02458602383051,38.20253651923784,2.46,1.0,-0.18,1.2
AMZN,2021-02-24,158.33749389648438,158.56149291992188,156.2689971923828,157.97650146484375,60226000.0,25.61403854257635,23.415553485739572,30.815159910396535,34.00900839983457,38.17057687046862,2.51,3.0,-0.18,1.18
AMZN,2021-02-25,156.83700561523438,158.91299438476562,152.38800048828125,152.85800170898438,90676000.0,27.37389002338554,24.348223268236868,31.03697422978569,34.075468360855496,38.32854462170469,2.56,7.0,-0.23,1.14
AMZN,2021-02-26,154.75999450683594,156.1219940185547,151.8350067138672,154.64649963378906,85518000.0,27.255959585764124,24.422371490897174,30.724228479641415,34.0405128091382,37.99660232701989,2.61,1.0,-0.25,1.24
AMZN,2021-03-01,156.39450073242188,157.47799682617188,154.89950561523438,157.3070068359375,54582000.0,27.50796442582171,24.445177859340642,30.615731852553612,33.83411536670329,38.025846950704675,2.66,1.0,-0.27,1.28
AMZN,2021-03-02,157.17349243164062,158.17599487304688,154.3560028076172,154.72650146484375,51916000.0,27.851563232610882,24.650535164195876,30.316356327930844,33.890969376713,37.91213672842398,2.72,1.0,-0.27,1.38
AMZN,2021-03-03,154.0590057373047,155.38900756835938,149.75,150.25,79774000.0,29.052581233981734,25.331422984112745,30.273966132135214,34.06155088689241,37.95740200619042,2.77,1.0,-0.27,1.41
AMZN,2021-03-04,150.60000610351562,152.906494140625,147.27149963378906,148.8784942626953,109632000.0,25.64446686230949,25.35090812158709,30.30406228869792,34.0315777094543,37.83144222662524,2.82,2.0,-0.23,1.4
AMZN,2021-03-05,150.25,150.4499969482422,144.0500030517578,150.0229949951172,107772000.0,25.384007893555317,25.41271926937499,29.941860316139135,34.02454099374854,37.73003817924993,2.88,1.0,-0.23,1.56
AMZN,2021-03-08,150.75,153.22950744628906,147.5655059814453,147.59750366210938,83700000.0,25.663710198943757,25.56524575270022,29.059154804043057,34.080176007203626,37.748250087090526,2.95,1.0,-0.23,1.69
AMZN,2021-03-09,150.89950561523438,154.54800415039062,150.25750732421875,153.1425018310547,80600000.0,28.2123133354105,26.310952130330957,29.691499679070223,34.33920984348255,37.48937326150719,3.01,2.0,-0.43,1.47
AMZN,2021-03-10,154.92250061035156,155.822998046875,151.50250244140625,152.8820037841797,60250000.0,27.978792909946936,26.31237528932204,29.475449683084648,34.30192505998663,37.18907389165682,3.07,2.0,-0.45,1.58
AMZN,2021-03-11,155.20050048828125,156.58900451660156,154.14649963378906,155.67950439453125,55528000.0,27.515537045033568,26.56207374300402,29.611234814480692,34.29948487515367,37.00502272676075,3.12,3.0,-0.43,1.5
AMZN,2021-03-12,153.75,154.94900512695312,152.27499389648438,154.47450256347656,48438000.0,27.565591366848906,26.469843001510345,29.472495526048327,34.28655849527903,36.03009242126634,3.17,2.0,-0.45,1.57
AMZN,2021-03-15,153.72850036621094,154.11199951171875,151.60450744628906,154.08399963378906,58272000.0,27.45837768513322,26.466328502223703,29.305737765061874,34.279414590086546,35.52234800140794,3.22,2.0,-0.5,1.66
AMZN,2021-03-16,155.24850463867188,156.44549560546875,153.79299926757812,154.59300231933594,50776000.0,24.29740295353186,25.99831850505901,29.306504411926326,34.16863886374539,35.05254746391572,3.27,3.0,-0.53,1.66
AMZN,2021-03-17,153.66099548339844,158.65249633789062,153.51100158691406,156.7864990234375,62372000.0,24.461536955175543,26.175688051788587,29.354862982716817,34.1987390513088,34.450737691656656,3.32,4.0,-0.55,1.63
AMZN,2021-03-18,155.0500030517578,155.8314971923828,151.25,151.39950561523438,72992000.0,25.73314538793171,27.036708250955733,29.868364558366356,34.29719469872063,34.63547627680329,3.35,9.0,-0.61,1.44
AMZN,2021-03-19,151.4615020751953,153.864501953125,150.8314971923828,153.7480010986328,92508000.0,26.171226848358327,27.239477009338213,29.938934451321398,33.977923598299505,34.567438793708426,3.38,10.0,-0.65,1.4
AMZN,2021-03-22,153.3925018310547,156.32899475097656,153.00250244140625,155.5435028076172,58044000.0,26.372945392937947,27.35574233804215,29.99917902057414,34.001273857194384,34.51851889958365,3.41,12.0,-0.66,1.37
AMZN,2021-03-23,156.35000610351562,159.10000610351562,156.04249572753906,156.875,76346000.0,26.491532402777157,27.38689234224377,29.770894976285113,33.36455264124892,34.408463543416964,3.44,9.0,-0.62,1.47
AMZN,2021-03-24,157.552001953125,158.0155029296875,154.25750732421875,154.35350036621094,59180000.0,26.79820849202905,27.572041168478663,29.257631009240644,33.34524964687196,34.411757962434784,3.47,2.0,-0.65,1.61
AMZN,2021-03-25,153.64950561523438,155.48899841308594,151.85699462890625,152.31300354003906,71270000.0,26.973986126611127,26.712278405250267,29.225502655325737,33.23346542469064,34.31183938607579,3.51,2.0,-0.69,1.63
AMZN,2021-03-26,152.2030029296875,152.83299255371094,149.8000030517578,152.60150146484375,66258000.0,26.961552601011007,26.588302598090934,27.840765669021234,33.00895738659921,34.13794093148246,3.55,1.0,-0.69,1.56
AMZN,2021-03-29,152.77200317382812,154.5625,151.42250061035156,153.7864990234375,54920000.0,27.04204590011588,26.577914440611362,27.815457278929607,33.01562027097978,34.00534718168979,3.59,1.0,-0.68,1.56
AMZN,2021-03-30,153.50050354003906,153.64999389648438,151.6999969482422,152.76449584960938,46752000.0,27.073905712936618,26.55461396327651,27.741782754324607,32.82832554478535,33.871877189697855,3.64,1.0,-0.68,1.62
AMZN,2021-03-31,153.2030029296875,155.9665069580078,153.125,154.70399475097656,61878000.0,27.099530903913205,26.341931543857438,26.027394885986354,32.85376994335758,33.87705813738924,3.7,1.0,-0.68,0.96
AMZN,2021-04-01,155.89700317382812,158.1219940185547,155.77749633789062,158.0500030517578,58806000.0,27.865145207750047,26.638472880767434,25.95288074655019,32.81864658647439,33.850004021298496,3.75,1.0,-0.61,0.99
AMZN,2021-04-05,158.64999389648438,161.79800415039062,158.06199645996094,161.3365020751953,66698000.0,27.776483643863664,26.461922039992757,26.16352149453248,32.90404086249245,33.89886200906932,3.79,3.0,-0.57,0.89
AMZN,2021-04-06,161.1875,162.36549377441406,160.8520050048828,161.1909942626953,50756000.0,27.037407245289398,26.4219137263912,24.816657430883687,32.86734316081619,33.889541377608026,3.85,1.0,-0.58,0.55
AMZN,2021-04-07,161.69000244140625,165.1804962158203,161.1824951171875,163.96949768066406,66924000.0,27.44658586891547,26.61635609802344,24.298261791000158,31.668722958833033,33.62750599460247,3.9,1.0,-0.59,0.54
AMZN,2021-04-08,165.5449981689453,166.22500610351562,164.60000610351562,164.96499633789062,56242000.0,27.249498481690875,26.230639791255893,23.753069122018804,31.598553099398558,33.62623275836165,3.95,1.0,-0.64,0.67
AMZN,2021-04-09,165.23500061035156,168.61000061035156,164.44500732421875,168.61000061035156,86830000.0,25.8328482324471,26.577355688727817,23.94639555386904,31.665480803505137,33.65795268387797,3.99,2.0,-0.65,0.57
AMZN,2021-04-12,167.760498046875,169.7519989013672,167.5574951171875,168.96949768066406,65636000.0,25.712050498612392,26.43884490220931,23.93324763615771,31.346255597885204,33.65729106260096,4.03,2.0,-0.66,0.58
AMZN,2021-04-13,170.04249572753906,171.60000610351562,169.781494140625,170.0,66316000.0,25.383509228155514,26.3113392740018,23.948081818914673,31.34248618905131,33.154178603463095,4.06,4.0,-0.64,0.57
AMZN,2021-04-14,170.20199584960938,170.2064971923828,166.3000030517578,166.64999389648438,62904000.0,25.62126360705002,26.612103113990997,24.17269099373579,31.388226414129853,32.847815723439346,4.08,5.0,-0.7,0.49
AMZN,2021-04-15,168.5500030517578,169.85000610351562,167.60000610351562,168.95449829101562,64672000.0,23.9589268517051,26.723668125754784,24.204731109691142,31.348645176437483,32.85799006678582,4.09,6.0,-0.72,0.46
AMZN,2021-04-16,169.0,170.33999633789062,167.7794952392578,169.9720001220703,63720000.0,23.640533331542603,25.173728778033194,24.214366418094954,31.330994366918162,32.60093804975741,4.1,7.0,-0.72,0.45
AMZN,2021-04-19,169.51649475097656,171.79649353027344,168.00799560546875,168.60049438476562,54508000.0,23.89268272519267,25.0980315960811,24.234154519079997,31.341336631930194,32.578927272389684,4.11,8.0,-0.75,0.44
AMZN,2021-04-20,168.67999267578125,169.14950561523438,165.8000030517578,166.7344970703125,52460000.0,23.557649192803428,25.189279389261078,24.30798816815524,31.081223503786532,32.596517351194834,4.11,10.0,-0.77,0.41
AMZN,2021-04-21,165.8000030517578,168.14300537109375,165.1905059814453,168.1009979248047,44224000.0,21.458219982345515,25.241880611298466,24.320469492215267,31.02810617126273,32.472684615403175,4.13,11.0,-0.8,0.4
AMZN,2021-04-22,168.58399963378906,168.64349365234375,165.07249450683594,165.45199584960938,51612000.0,22.117890394049557,25.380754240655957,24.23782352335894,31.072473449633932,32.489907543374706,4.14,9.0,-0.83,0.45
AMZN,2021-04-23,165.9550018310547,168.75,165.4250030517578,167.04400634765625,63856000.0,21.732518117959927,24.750397975421144,24.277740798281265,30.995811252498456,32.47110147548201,4.16,10.0,-0.88,0.42
AMZN,2021-04-26,167.39999389648438,171.42250061035156,166.5469970703125,170.4499969482422,97614000.0,22.108485879947178,25.07507481804769,24.43445305508258,31.07775566646091,32.524413134050874,4.16,14.0,-0.89,0.35
AMZN,2021-04-27,172.17349243164062,173.0,169.90049743652344,170.8715057373047,76542000.0,22.0416632145113,24.979072289120587,24.308592886701383,31.002249510695783,32.48647854314296,4.17,13.0,-0.91,0.41
AMZN,2021-04-28,171.74000549316406,174.49400329589844,171.25,172.9250030517578,92638000.0,22.17866472291781,23.615421105548148,24.35718021951307,31.022292513411955,32.38261981296317,4.17,15.0,-0.87,0.38
AMZN,2021-04-29,175.2550048828125,175.72250366210938,171.75,173.5655059814453,153648000.0,21.96053750383552,23.524040651681876,24.342285843040262,30.911809883025608,32.29784359557046,4.17,15.0,-0.83,0.39
AMZN,2021-04-30,176.25599670410156,177.6999969482422,173.125,173.37100219726562,140186000.0,18.785687017468003,23.13197301788038,24.306639028890615,30.763511853802544,32.04444390653428,4.17,12.0,-0.82,0.4
AMZN,2021-05-03,174.2364959716797,174.33250427246094,168.63499450683594,169.32449340820312,117510000.0,20.174142266956867,23.64070146905869,24.61442857674068,30.89557184331738,31.115125999667413,4.16,19.0,-0.86,0.31
AMZN,2021-05-04,167.8094940185547,168.3990020751953,163.60650634765625,165.593505859375,108788000.0,21.30823028508957,24.05131692278327,24.86698224886039,31.007356867103237,31.184770233225883,4.14,21.0,-0.88,0.23
AMZN,2021-05-05,166.9429931640625,167.73500061035156,163.21800231933594,163.52699279785156,74226000.0,21.628456103849434,24.12165388907976,24.664529977358143,31.01866229568514,31.21602394205441,4.15,20.0,-0.86,0.28
AMZN,2021-05-06,163.5,165.72000122070312,162.36000061035156,165.31849670410156,88954000.0,21.13394092377608,24.20439882140934,24.718283523887585,30.680490930958953,31.20357978163265,4.16,21.0,-0.85,0.25
AMZN,2021-05-07,165.95449829101562,166.54449462890625,164.45350646972656,164.58050537109375,94206000.0,20.71848582765265,24.19446556817614,24.722382951356245,30.62746480883299,31.20395535716039,4.17,22.0,-0.83,0.25
AMZN,2021-05-10,164.11599731445312,164.14999389648438,159.5,159.52450561523438,116772000.0,22.91776921007604,24.9844924176685,25.14870148896232,30.82025382190444,31.370438374089698,4.17,25.0,-0.82,0.21
AMZN,2021-05-11,156.81399536132812,161.89999389648438,156.36849975585938,161.19549560546875,92396000.0,22.994547297494233,25.060907348099633,25.19908924588193,30.842605429956322,31.364390341126853,4.17,26.0,-0.81,0.18
AMZN,2021-05-12,159.25,160.39700317382812,156.65499877929688,157.5970001220703,98728000.0,23.932847932674132,25.470825986884222,25.17112347041015,30.94540181466926,31.369875727678743,4.16,26.0,-0.82,0.2
AMZN,2021-05-13,159.27349853515625,160.19200134277344,156.64999389648438,158.07350158691406,67018000.0,23.689807300204293,25.345678876699708,25.17575449616204,30.914997731271832,31.368481711374308,4.16,27.0,-0.83,0.2
AMZN,2021-05-14,159.2779998779297,161.4429931640625,159.14999389648438,161.14500427246094,66500000.0,23.534171360658014,25.6411939024192,25.30732569804429,30.81804746981665,31.41142340422281,4.15,29.0,-0.83,0.14
AMZN,2021-05-17,162.29649353027344,164.6374969482422,161.72950744628906,163.51950073242188,74478000.0,23.156203309624672,25.359234411644277,25.411953113795033,30.836295022524098,31.431185812299567,4.13,30.0,-0.84,0.1
AMZN,2021-05-18,164.62899780273438,165.60000610351562,161.51849365234375,161.61399841308594,56568000.0,23.421813040464137,25.080685719738877,25.482310449273783,30.866181832419315,31.45266034130711,4.12,31.0,-0.84,0.07
AMZN,2021-05-19,159.75,161.7375030517578,159.1999969482422,161.58999633789062,53594000.0,22.86051391170514,25.066587965384635,25.459498907376606,30.817057190905988,31.44180216786069,4.11,31.0,-0.83,0.08
AMZN,2021-05-20,162.22000122070312,162.98399353027344,161.8090057373047,162.38400268554688,52664000.0,22.834314413000488,24.974825645221106,25.46200452440545,30.77705358888656,31.3889780625748,4.1,32.0,-0.82,0.07
AMZN,2021-05-21,162.5,162.83450317382812,159.85049438476562,160.1540069580078,82098000.0,22.12619051304679,24.17777781612647,24.95829917212515,30.796397867779213,31.348617138398854,4.08,25.0,-0.82,0.11
AMZN,2021-05-24,160.77499389648438,162.8975067138672,160.52499389648438,162.24949645996094,48456000.0,22.511237951968997,24.205597189356936,24.977189524322597,30.32849314541205,31.36704368871332,4.07,26.0,-0.79,0.1
AMZN,2021-05-25,163.33349609375,163.99099731445312,160.68800354003906,162.95249938964844,65222000.0,22.46654655759493,23.97992183590724,24.928123221426805,30.221654029850896,31.360025034530302,4.05,25.0,-0.79,0.12
AMZN,2021-05-26,163.72950744628906,164.7864990234375,162.92550659179688,163.25799560546875,47680000.0,21.78524812228384,23.71361652930953,24.89029462262383,29.746840199183676,31.354453601515154,4.03,25.0,-0.79,0.14
AMZN,2021-05-27,162.8000030517578,163.01800537109375,161.5019989013672,161.5054931640625,51224000.0,21.53287441009682,22.99635562796178,24.704779639250756,29.450258758232067,31.373351731374093,4.01,21.0,-0.78,0.2
AMZN,2021-05-28,162.10000610351562,162.39950561523438,160.98500061035156,161.15350341796875,46596000.0,21.41525572705519,22.906124627663736,24.657070601007863,29.249272691367374,31.334625212629668,3.99,20.0,-0.78,0.22
AMZN,2021-06-01,162.1750030517578,162.5489959716797,160.4530029296875,160.9324951171875,48600000.0,21.331171092651413,22.87414821396631,24.324421036013597,29.164154642071615,31.317594846371044,3.96,16.0,-0.76,0.32
AMZN,2021-06-02,161.15499877929688,161.75,160.39999389648438,161.69949340820312,40290000.0,21.207841969860265,22.592586482502092,24.307126804815127,29.16433777003609,31.319745524627518,3.94,13.0,-0.75,0.33
AMZN,2021-06-03,160.2115020751953,160.7220001220703,159.20150756835938,159.35049438476562,47966000.0,21.37841754280535,21.593544420160416,24.39975704157424,29.148538785915456,31.358744944573036,3.91,20.0,-0.75,0.29
AMZN,2021-06-04,160.60000610351562,161.0500030517578,159.9405059814453,160.31100463867188,44994000.0,21.062835820410424,21.61530131204105,24.166208775497942,29.003451348101432,31.35187472742626,3.89,5.0,-0.71,0.37
AMZN,2021-06-07,159.8665008544922,160.39999389648438,158.61000061035156,159.90049743652344,44316000.0,20.823033433045364,21.32020957428574,24.168617880851524,28.875885983228606,31.343601343641865,3.86,6.0,-0.68,0.37
AMZN,2021-06-08,161.1304931640625,163.97650146484375,160.90049743652344,163.20550537109375,68334000.0,20.84789302200457,21.638090613291393,24.278787196456367,28.890120818758525,31.36622890942038,3.83,13.0,-0.67,0.33
AMZN,2021-06-09,163.64349365234375,164.87899780273438,163.53500366210938,164.0574951171875,49110000.0,20.907589090793437,21.643542419836752,24.20757619673327,28.894953559966886,31.234205950489592,3.8,9.0,-0.64,0.37
AMZN,2021-06-10,164.10049438476562,167.5500030517578,164.0574951171875,167.4824981689453,69530000.0,21.532727321024645,22.010169075249824,24.383851830848688,28.253199210300128,31.25128394489558,3.76,24.0,-0.62,0.3
AMZN,2021-06-11,167.4824981689453,168.32899475097656,166.67250061035156,167.3415069580078,56348000.0,21.48561407481012,21.85275929964731,24.374218644821166,27.797018945133072,31.050033574702645,3.72,24.0,-0.6,0.3
AMZN,2021-06-14,167.3415069580078,169.25,166.77499389648438,169.19349670410156,51394000.0,21.77587177468003,20.609163228263707,23.393709785767545,27.815208618689415,31.059747353323697,3.68,1.0,-0.63,0.06
AMZN,2021-06-15,169.1999969482422,169.84950256347656,168.15550231933594,169.156494140625,48524000.0,20.674766759138862,20.41851814525525,23.302015010453747,27.66824429219045,31.044818183525663,3.63,1.0,-0.66,0.1
AMZN,2021-06-16,169.60000610351562,171.3175048828125,168.02650451660156,170.7624969482422,84056000.0,19.73150650272582,20.377989473683545,23.335310765003232,27.532951275094202,31.01807080423782,3.59,2.0,-0.69,0.09
AMZN,2021-06-17,170.15899658203125,174.86000061035156,170.0500030517578,174.46200561523438,102730000.0,20.153120531391956,20.73514147119153,23.57374486114704,27.620749701798246,31.07280000579515,3.53,4.0,-0.68,0.02
AMZN,2021-06-18,173.99949645996094,175.35000610351562,173.6855010986328,174.34500122070312,104954000.0,19.995521438435436,20.401691680227536,23.528945819657583,27.621035248665788,31.070950532295864,3.47,4.0,-0.68,0.04
AMZN,2021-06-21,173.8209991455078,174.10000610351562,171.6999969482422,172.697998046875,65542000.0,20.183720437098167,20.293861725715743,23.1222271334517,27.519483835008586,31.081330546022475,3.41,1.0,-0.71,0.1
AMZN,2021-06-22,172.9029998779297,176.18899536132812,172.80450439453125,175.27200317382812,66902000.0,17.96787525681385,20.459983498571248,23.230501164877783,27.3275308616046,31.083044586891734,3.35,2.0,-0.72,0.06
AMZN,2021-06-23,175.25,176.0500030517578,174.16000366210938,175.1909942626953,56266000.0,17.861120457856252,20.43607379017919,23.169872472514722,27.192455026162094,31.033927043287385,3.3,2.0,-0.73,0.09
AMZN,2021-06-24,175.3820037841797,176.2429962158203,171.54249572753906,172.45399475097656,76640000.0,17.11267195911689,20.686952766492034,22.372977605011297,26.994390067778223,31.056208734634122,3.26,1.0,-0.75,-0.21
AMZN,2021-06-25,173.1999969482422,173.24099731445312,169.70899963378906,170.072998046875,78820000.0,17.800266388812037,20.820278591715127,22.418849085397202,26.813840959636355,31.084740930103976,3.21,2.0,-0.76,-0.25
AMZN,2021-06-28,170.8000030517578,172.39999389648438,170.67550659179688,172.1945037841797,44856000.0,17.34325724409123,20.534063350844562,22.26640991148752,26.8506445940421,31.01631581082309,3.17,1.0,-0.8,-0.18
AMZN,2021-06-29,171.9409942626953,172.80149841308594,171.15150451660156,172.40699768066406,41968000.0,16.93971930318633,20.142389094679743,22.25141873301064,26.62437599280567,31.011182707993328,3.13,1.0,-0.83,-0.18
AMZN,2021-06-30,172.05299377441406,173.5800018310547,171.75,172.00799560546875,48080000.0,16.502785922124165,20.15049887415576,22.234560226887492,26.052493781109447,30.886581153729065,3.09,1.0,-0.85,-0.18
AMZN,2021-07-01,171.73049926757812,172.85000610351562,170.4709930419922,171.64849853515625,40742000.0,16.535152863197812,19.881298857002225,22.190948445480572,26.053651817920503,30.603355258464205,3.04,1.0,-0.88,-0.15
AMZN,2021-07-02,172.58200073242188,175.58599853515625,171.8459930419922,175.5489959716797,63388000.0,17.554364767581244,20.347081861833882,22.447344340281422,26.03833905586891,30.67897396622173,2.99,7.0,-0.9,-0.19
AMZN,2021-07-06,176.5054931640625,184.2740020751953,176.4499969482422,183.78700256347656,134896000.0,20.904930638323936,21.92928704497117,23.544929550510492,26.575089244540045,30.510419088218576,2.93,15.0,-0.56,0.21
AMZN,2021-07-07,185.86900329589844,186.7100067138672,183.94549560546875,184.82899475097656,106562000.0,20.755976117149626,21.94592970144403,23.515244224410054,26.46973293979596,30.45122590117674,2.86,14.0,-0.3,0.23
AMZN,2021-07-08,182.1779937744141,187.9994964599609,181.0559997558593,186.57049560546875,103612000.0,20.807195201400457,21.98572960320427,23.544181648599977,26.372305416277374,30.353113105915753,2.79,16.0,-0.05,0.22
AMZN,2021-07-09,186.12600708007807,187.3999938964844,184.6699981689453,185.9669952392578,74964000.0,20.916023476245396,21.552207373875728,23.546772863879415,26.37538833585593,30.18872575576544,2.75,18.0,0.03,0.22
AMZN,2021-07-12,187.1999969482422,187.864501953125,184.8394927978516,185.9275054931641,51432000.0,20.470843939770067,21.412208735388088,23.484311076514345,26.344230892478247,30.18494877117967,2.71,14.0,0.05,0.24
AMZN,2021-07-13,185.10499572753903,188.6540069580078,183.5659942626953,183.8679962158203,76918000.0,20.892526282374234,21.549232406522815,23.55256620388254,26.379214850226596,30.046898515945227,2.67,20.0,-0.03,0.2
AMZN,2021-07-14,185.4425048828125,185.88299560546875,183.04150390625,184.08399963378903,65932000.0,20.844419315659756,21.459862759065906,23.214047200570885,26.362239089795114,30.03839118711216,2.63,10.0,-0.12,0.32
AMZN,2021-07-15,184.7100067138672,184.7700042724609,181.04600524902344,181.5599975585937,63706000.0,21.50680089971388,21.53383976656752,23.05345406794137,26.41860115022171,29.965878198305713,2.6,8.0,-0.23,0.36
AMZN,2021-07-16,181.66549682617188,182.3029937744141,178.5229949951172,178.68150329589844,80874000.0,21.610812121794094,21.77802651901488,23.211038672698187,26.340046248124445,30.01027299963821,2.55,11.0,-0.32,0.29
AMZN,2021-07-19,176.62899780273438,177.510498046875,174.95799255371094,177.47950744628906,75692000.0,21.813748521537647,21.55456031324645,23.164200834482713,25.94754009023449,29.989391673233857,2.51,10.0,-0.4,0.31
AMZN,2021-07-20,178.36599731445312,179.60000610351562,175.89999389648438,178.6595001220703,65114000.0,21.758278651983293,21.513863033252363,22.524226800574002,25.90012398058925,29.01989701523384,2.46,8.0,-0.45,0.36
AMZN,2021-07-21,178.81900024414062,179.32249450683594,177.1820068359375,179.25999450683594,46380000.0,21.17012736821586,21.15028507858513,22.468262408702213,25.011303501991318,28.959011109111728,2.42,8.0,-0.5,0.39
AMZN,2021-07-22,179.3614959716797,182.00100708007807,179.11349487304688,181.9015045166016,65308000.0,21.425095152526094,21.336260191670004,22.428655546605317,25.026536940786652,28.96442438941499,2.37,7.0,-0.56,0.41
AMZN,2021-07-23,182.0,183.3054962158203,181.1020050048828,182.83200073242188,48726000.0,20.803964174716405,21.232726872162733,22.249125708232818,24.980042707423824,28.716780714207236,2.33,3.0,-0.6,0.49
AMZN,2021-07-26,183.6584930419922,185.60400390625,182.3625030517578,184.99099731445312,58002000.0,20.925321003220454,21.341210993676185,21.74096878605105,23.963314556788074,28.729928307626384,2.3,1.0,-0.63,0.56
AMZN,2021-07-27,184.9250030517578,184.9250030517578,179.3074951171875,181.3195037841797,82638000.0,21.851947082506797,21.772014518715892,21.951766894016796,23.919081991499432,28.768632928559967,2.25,2.0,-0.68,0.48
AMZN,2021-07-28,181.68899536132807,182.92100524902344,180.0500030517578,181.51600646972656,59988000.0,21.842125378058547,21.171613597060716,21.933215854973273,23.91514449336927,28.706625603364273,2.22,2.0,-0.72,0.49
AMZN,2021-07-29,181.3874969482422,181.8975067138672,179.00050354003906,179.99600219726562,110400000.0,21.950766126740152,20.70129468260796,21.801880674153345,23.111955796159673,28.702687744836915,2.2,2.0,-0.8,0.55
AMZN,2021-07-30,167.3975067138672,168.40699768066406,165.3489990234375,166.37950134277344,199312000.0,31.32316421443645,26.28390466356969,24.626935576465847,24.588864066316958,29.773718036130926,2.14,62.0,-0.77,5.95
AMZN,2021-08-02,167.65499877929688,167.9459991455078,165.85000610351562,166.57400512695312,67078000.0,31.332343468835834,26.19166618072679,24.623640367983164,24.280023147722837,29.554285266184934,2.09,62.0,-0.73,5.96
AMZN,2021-08-03,167.03599548339844,169.5500030517578,164.98849487304688,168.31199645996094,83146000.0,31.422193385179657,26.257056949884277,24.515703548660163,24.285152116067486,29.522121967987115,2.03,61.0,-0.7,6.08
AMZN,2021-08-04,168.96749877929688,169.44400024414062,167.2779998779297,167.73599243164062,43678000.0,31.075355954692668,25.434538819723567,24.486826508500098,24.28057574491536,29.512663942528512,1.97,61.0,-0.67,6.13
AMZN,2021-08-05,167.81100463867188,169.4499969482422,167.04600524902344,168.79949951171875,48670000.0,31.15644367783796,25.382379621822125,24.49627186381551,24.290696244030404,29.446453216734454,1.91,62.0,-0.63,6.15
AMZN,2021-08-06,168.75,168.75,166.45199584960938,167.2469940185547,52752000.0,30.94956335989422,25.00278498060734,24.54599495896922,24.31721001643476,29.455353774111025,1.85,64.0,-0.59,6.04
AMZN,2021-08-09,167.1804962158203,167.74400329589844,166.42599487304688,167.093505859375,42964000.0,30.70782651587272,25.002161405136686,24.45441207436786,24.288381030663743,29.39916699099942,1.78,61.0,-0.56,6.11
AMZN,2021-08-10,167.25050354003906,167.89999389648438,165.75,166.03399658203125,48252000.0,30.4990537713626,24.750237500176624,23.807501251094333,24.298321706430254,29.399715729426955,1.7,35.0,-0.54,6.92
AMZN,2021-08-11,166.57249450683594,166.88499450683594,163.88949584960938,164.60549926757812,58944000.0,30.564388016813016,24.642018111740363,23.741280921881575,24.311229909159678,29.331138081124408,1.6,34.0,-0.5,6.94
AMZN,2021-08-12,164.5,165.72549438476562,163.48350524902344,165.1750030517578,46282000.0,30.597442833594496,24.526787222157388,23.680943606750866,24.31389645693018,29.217769401414433,1.5,34.0,-0.46,7.01
AMZN,2021-08-13,165.2834930419922,165.30349731445312,164.14999389648438,164.69850158691406,41134000.0,30.599991085239083,24.535658246509293,23.653034338773985,24.306481036235763,29.21932264594968,1.39,34.0,-0.43,7.02
AMZN,2021-08-16,164.14999389648438,165.0,160.55650329589844,164.94949340820312,66394000.0,29.772516152068317,24.51846021200122,23.501540026393815,24.17874180348509,29.216464442203378,1.29,27.0,-0.39,7.32
AMZN,2021-08-17,163.875,164.02450561523438,161.28399658203125,162.09800720214844,67758000.0,26.37489045141827,24.618028807356016,23.5730822147169,24.265755400874973,29.249672470661952,1.19,34.0,-0.39,7.2
AMZN,2021-08-18,162.09950256347656,162.7050018310547,160.0,160.06100463867188,56086000.0,26.314856794760104,24.60960695313531,23.6659436063691,24.290939851811892,29.000052502079015,1.13,37.0,-0.41,6.99
AMZN,2021-08-19,159.7010040283203,161.64999389648438,159.1230010986328,159.3874969482422,75658000.0,25.971288505348067,24.604405267249273,23.64868784135953,24.21906919663221,28.960201745541674,1.06,36.0,-0.42,6.98
AMZN,2021-08-20,160.19349670410156,160.3905029296875,158.78799438476562,159.99749755859375,67168000.0,26.09903212240295,24.615213875957092,23.627974195547306,24.21575502789016,28.94051462158774,0.99,36.0,-0.46,7.05
AMZN,2021-08-23,160.59500122070312,164.0449981689453,160.50050354003906,163.2935028076172,65362000.0,27.092614922834716,24.877629465847427,23.761629545777847,24.327356064278863,29.010585509959174,0.97,43.0,-0.46,6.88
AMZN,2021-08-24,164.0,165.77450561523438,163.72900390625,165.28900146484375,51036000.0,27.42239830284986,24.992473534559558,23.59975104451692,24.351103031997358,29.02789507512924,0.95,36.0,-0.43,7.09
AMZN,2021-08-25,165.49349975585938,166.0500030517578,164.3074951171875,164.95899963378906,33606000.0,27.390295000083047,24.994723315654284,23.38061515920611,24.35172806581175,29.00463703645452,0.92,25.0,-0.42,7.35
AMZN,2021-08-26,164.9499969482422,166.60000610351562,164.8000030517578,165.8000030517578,41976000.0,27.329172779207745,24.997268933012677,23.392603396058394,24.348622663171433,28.871360693612303,0.92,26.0,-0.4,7.35
AMZN,2021-08-27,166.6614990234375,167.61599731445312,165.6875,167.48150634765625,48048000.0,27.29989164128571,24.87467601285741,23.2907460326171,24.214745427557993,28.863845135099208,0.92,23.0,-0.39,7.49
AMZN,2021-08-30,167.8715057373047,172.25,167.76100158691406,171.07850646972656,63844000.0,28.08543928100626,25.204130501618415,23.511644456986307,24.339238063449645,28.94235190453886,0.92,31.0,-0.4,7.2
AMZN,2021-08-31,171.24000549316406,173.62899780273438,169.7794952392578,173.5395050048828,87128000.0,28.357751126690296,25.336124851291487,23.365734349853643,24.388379446068388,28.942029238698417,0.92,26.0,-0.44,7.39
AMZN,2021-09-01,174.82000732421875,176.35000610351562,173.76199340820312,173.9499969482422,72598000.0,28.34605121114755,25.023117418028644,23.366230560217222,24.34518508231997,28.90966467996113,0.92,27.0,-0.47,7.39
AMZN,2021-09-02,174.73800659179688,175.59800720214844,172.75,173.156005859375,58474000.0,27.96980286695396,25.034221246001877,23.36024699713871,24.351463843250563,28.898369053482575,0.92,26.0,-0.5,7.36
AMZN,2021-09-03,172.60000610351562,174.1334991455078,171.82200622558594,173.90249633789062,51514000.0,27.953985991750883,24.704959470673725,23.145484320605046,24.199262865225744,28.50839294145419,0.93,18.0,-0.53,7.81
AMZN,2021-09-07,173.89999389648438,176.4044952392578,173.8470001220703,175.46449279785156,54758000.0,27.848942568198904,24.7614166139459,23.087783290978027,24.219291637374457,28.434871629636092,0.93,17.0,-0.58,7.89
AMZN,2021-09-08,175.58250427246094,177.281494140625,174.7834930419922,176.27499389648438,61068000.0,27.35469868225347,24.683261948513586,23.080187472725093,24.187806802524765,28.073695744795714,0.93,17.0,-0.63,7.9
AMZN,2021-09-09,176.30099487304688,177.49949645996094,174.01849365234375,174.20799255371094,54384000.0,27.526023515228694,24.815000085202225,23.122083016291516,24.23150819939405,27.858898416203772,0.93,19.0,-0.66,7.81
AMZN,2021-09-10,175.0915069580078,175.42250061035156,173.14549255371094,173.45750427246094,47946000.0,27.460561036168563,24.763044697720435,23.06137645006024,24.238074132304522,27.707375811685864,0.93,17.0,-0.68,7.95
AMZN,2021-09-13,174.13999938964844,174.8979949951172,171.89999389648438,172.85850524902344,51380000.0,14.736087617602509,24.376466196931236,23.035523317199708,24.2278807897614,27.643858770734248,0.94,16.0,-0.7,7.95
AMZN,2021-09-14,173.77749633789062,174.3404998779297,171.885498046875,172.5,38738000.0,14.768065364948974,24.37944017709616,22.89275478120172,24.224079938278486,27.641013861776326,0.94,16.0,-0.71,8.26
AMZN,2021-09-15,172.12600708007812,174.27099609375,170.10049438476562,173.7895050048828,59150000.0,14.632922894210084,24.35016384508704,22.87356293170725,23.898878535684275,27.600044086008374,0.94,16.0,-0.73,8.29
AMZN,2021-09-16,172.9980010986328,174.62750244140625,172.3070068359375,174.41200256347656,51672000.0,14.586661751982044,24.168960947785425,22.658752777221437,23.864924026080423,27.483562655915243,0.94,16.0,-0.75,8.62
AMZN,2021-09-17,174.42050170898438,174.87049865722656,172.60650634765625,173.12600708007812,92332000.0,14.717870870169547,24.215408133101615,22.688071667401545,23.845170794661733,27.39555856685087,0.95,17.0,-0.76,8.52
AMZN,2021-09-20,169.8000030517578,170.9499969482422,165.25050354003906,167.7864990234375,93382000.0,17.213444208015925,24.845070448055534,23.14971396828948,24.113336845477296,27.51800173781428,0.95,28.0,-0.75,7.68
AMZN,2021-09-21,168.75,168.98500061035156,166.6195068359375,167.18150329589844,55618000.0,17.24507214366387,24.69627147488844,23.146654708718195,23.975449409066577,27.52072689525105,0.95,28.0,-0.73,7.65
AMZN,2021-09-22,167.5500030517578,169.4499969482422,167.05250549316406,169.00250244140625,48228000.0,17.411667539453017,24.664034838998482,23.214537644188074,23.980673343127588,26.984249538446388,0.95,34.0,-0.71,7.58
AMZN,2021-09-23,169.00250244140625,171.447998046875,169.00250244140625,170.8000030517578,47588000.0,17.41726975443558,24.76322400181053,22.972007158955535,23.81859641071324,26.66469649437887,0.94,20.0,-0.71,8.1
AMZN,2021-09-24,170.10049438476562,171.46299743652344,169.6699981689453,171.2760009765625,42324000.0,17.410915471414697,24.766272535573634,22.693677488088916,23.8053312146803,26.658633281788536,0.94,18.0,-0.72,8.7
AMZN,2021-09-27,168.5749969482422,170.77850341796875,166.98049926757812,170.2899932861328,72690000.0,17.48980323564255,24.79058305529217,22.62098542448843,23.80576501966199,26.555400339666424,0.94,16.0,-0.71,8.87
AMZN,2021-09-28,167.885498046875,168.45950317382812,164.5050048828125,165.79800415039062,88616000.0,19.259886641450237,24.9249325971938,22.962874296885698,23.87809593974603,26.57607124403209,0.94,22.0,-0.7,8.15
AMZN,2021-09-29,166.10549926757812,167.56500244140625,164.89349365234375,165.05599975585938,51246000.0,18.584835065577497,22.943076896432384,22.96293099572044,23.883984063747004,26.563439183412445,0.93,23.0,-0.7,8.15
AMZN,2021-09-30,165.8000030517578,166.3925018310547,163.69949340820312,164.2519989013672,56848000.0,18.236867010439415,22.898612352337505,22.425566394137867,23.833323059367657,26.568077944062235,0.93,12.0,-0.69,9.12
AMZN,2021-10-01,164.45050048828125,165.45849609375,162.7969970703125,164.16299438476562,56712000.0,18.178956182504894,22.77861888065379,22.3669837024016,23.787698192457448,26.471037465608134,0.92,10.0,-0.67,9.2
AMZN,2021-10-04,163.96949768066406,163.99949645996094,158.8125,159.48899841308594,90462000.0,20.10478551022448,23.4288998761665,22.552020116496024,24.019694465278107,26.454665239236686,0.91,18.0,-0.68,8.89
AMZN,2021-10-05,160.22500610351562,163.0364990234375,160.1230010986328,161.0500030517578,65384000.0,19.3853002979668,23.55990628478512,22.599205040806087,24.038817783287925,26.36831375264828,0.9,19.0,-0.68,8.82
AMZN,2021-10-06,160.67649841308594,163.2169952392578,159.93099975585938,163.10049438476562,50660000.0,19.41439357926714,23.686892726668628,22.481612108903512,23.496450524620393,26.207327457829287,0.88,17.0,-0.67,9.01
AMZN,2021-10-07,164.57699584960938,166.28750610351562,164.1529998779297,165.1215057373047,48182000.0,19.755054962821024,23.860017115954253,22.44659701935012,23.489087946087054,26.059935569241926,0.87,15.0,-0.66,9.07
AMZN,2021-10-08,165.85000610351562,166.07150268554688,164.41000366210938,164.43099975585938,39964000.0,19.731819265436247,23.734610793452237,22.3773909266555,23.48835503411506,26.0629435418685,0.85,12.0,-0.65,9.25
AMZN,2021-10-11,163.75,164.62950134277344,161.90499877929688,162.31500244140625,40684000.0,19.80983355283455,23.664513172833843,22.474166514194387,23.538137833550948,25.925860789284776,0.82,19.0,-0.65,8.99
AMZN,2021-10-12,162.85000610351562,163.37649536132812,161.81399536132812,162.3665008544922,36392000.0,18.65828485944318,23.643150690226413,22.46072657498758,23.509371163845476,25.502065006727875,0.8,18.0,-0.65,9.0
AMZN,2021-10-13,163.48550415039062,164.41900634765625,163.05450439453125,164.21400451660156,48402000.0,18.455480937703104,23.731184056508166,22.421328957399286,23.303642918170883,25.528161218467748,0.79,14.0,-0.63,9.19
AMZN,2021-10-14,165.12249755859375,165.6300048828125,164.53900146484375,164.9929962158203,42190000.0,18.515075088461778,23.74465748829526,22.33993438697545,23.309488326879297,25.425397537532717,0.78,10.0,-0.62,9.33
AMZN,2021-10-15,165.5709991455078,170.52099609375,165.1999969482422,170.4510040283203,103598000.0,20.985809937785184,24.531515562295205,22.91536301360044,23.593190928156133,25.622657558504514,0.76,33.0,-0.61,8.5
AMZN,2021-10-18,169.41799926757812,172.45849609375,169.2550048828125,172.33700561523438,63482000.0,21.208477011678177,24.624717354021936,22.97556206935993,23.10908021635292,25.566609907748305,0.74,37.0,-0.6,8.42
AMZN,2021-10-19,171.71449279785156,172.7344970703125,171.10000610351562,172.20750427246094,47722000.0,21.026662331876118,24.481669048677414,22.90466288548517,23.07306439188079,25.484470308782818,0.73,33.0,-0.58,8.59
AMZN,2021-10-20,172.63299560546875,173.14300537109375,170.01849365234375,170.7530059814453,42796000.0,21.085765902118997,24.21455323270395,22.946229246920254,22.96977164305739,25.497986153092096,0.71,35.0,-0.55,8.49
AMZN,2021-10-21,170.71249389648438,172.01400756835938,170.14999389648438,171.75050354003906,37628000.0,20.924085902984398,24.25145207308145,22.959092489593797,22.970666557455427,25.483224297813084,0.7,36.0,-0.52,8.49
AMZN,2021-10-22,171.0500030517578,171.49200439453125,166.56500244140625,166.77749633789062,62782000.0,22.524086454402546,24.90024369983553,23.438299560089494,23.2231252747569,25.653895084815993,0.7,66.0,-0.5,7.62
AMZN,2021-10-25,166.75,167.38999938964844,164.88499450683594,166.01849365234375,44520000.0,22.53549085996232,18.99345806841372,23.329130115093722,23.2062490248635,25.643766931396417,0.69,59.0,-0.47,7.85
AMZN,2021-10-26,167.47549438476562,170.80599975585938,167.19900512695312,168.80349731445312,53966000.0,23.12759649780614,19.2974508456896,23.454707795079564,23.280428540594222,25.69668940104212,0.68,68.0,-0.44,7.67
AMZN,2021-10-27,169.39999389648438,171.85000610351562,168.57249450683594,169.62449645996094,54044000.0,23.060056208197235,19.206203664618105,23.459461028643307,23.27717180728949,25.585785761066397,0.67,69.0,-0.41,7.69
AMZN,2021-10-28,170.10499572753906,173.9499969482422,169.3000030517578,172.32850646972656,114174000.0,23.5303339649955,19.457217240264026,23.370778905836488,23.33249252387814,25.34062067013355,0.66,64.0,-0.38,7.82
AMZN,2021-10-29,165.00100708007812,168.74099731445312,163.66600036621094,168.6215057373047,129722000.0,24.25726409189123,19.93974958206107,23.624178131075436,23.471602742608027,25.392785452621375,0.66,83.0,-0.36,7.31
AMZN,2021-11-01,168.08999633789062,168.79299926757812,164.6009979248047,165.90550231933594,72178000.0,22.971550774195016,20.128684853297305,23.539660295886872,23.549384325904352,24.81416550039454,0.64,76.0,-0.37,7.31
AMZN,2021-11-02,165.75050354003906,166.55599975585938,164.17750549316406,165.6374969482422,52552000.0,22.9543940115194,20.130355921673264,23.54060751147224,23.50695942101953,24.79111278660943,0.63,77.0,-0.38,7.3
AMZN,2021-11-03,165.4499969482422,169.74600219726562,164.87600708007812,169.1999969482422,67944000.0,23.586021313249546,20.558324889376973,23.71982035642164,23.6313365624134,24.838995598314852,0.64,90.0,-0.38,7.07
AMZN,2021-11-04,168.5,174.93150329589844,168.25,173.85000610351562,107060000.0,24.688907610561913,21.189120409453075,24.10700911146629,23.674190223212342,24.225048981521855,0.64,93.0,-0.4,6.63
AMZN,2021-11-05,173.85000610351562,178.3125,173.8489990234375,175.94949340820312,99940000.0,24.90379480830662,21.305088924115676,24.135155311658487,23.56989770324805,24.13028533241777,0.65,93.0,-0.43,6.59
AMZN,2021-11-08,176.16200256347656,178.9499969482422,174.39300537109375,174.44900512695312,61480000.0,24.98177613399511,21.381556727815294,23.93548174540689,23.59027439661854,24.14389002096691,0.65,91.0,-0.43,6.78
AMZN,2021-11-09,175.7624969482422,179.68850708007812,175.07150268554688,178.81149291992188,85898000.0,24.49799228539328,21.928270327484793,24.254115195351485,23.72323383011142,23.693986187489518,0.66,93.0,-0.49,6.42
AMZN,2021-11-10,178.19349670410156,180.2725067138672,173.1544952392578,174.1024932861328,80548000.0,25.857035726478884,22.344662671659908,24.581394682626435,23.609791383088993,23.58027321811032,0.68,98.0,-0.5,5.97
AMZN,2021-11-11,175.64999389648438,177.16200256347656,173.37350463867188,173.625,45288000.0,25.81658598638773,22.174280625306086,24.47160419531717,23.57753125423537,23.353766268493896,0.69,93.0,-0.48,6.07
AMZN,2021-11-12,174.25,177.0364990234375,172.3524932861328,176.25750732421875,53788000.0,26.085092540434797,22.318514369298974,24.58925477679973,23.55902970811486,23.381647974956053,0.7,98.0,-0.49,5.95
AMZN,2021-11-15,176.85000610351562,179.69400024414062,176.29049682617188,177.28399658203125,58594000.0,24.353416970809082,22.330375813211553,24.474346027168703,23.477955268298807,23.381340759576055,0.71,92.0,-0.54,6.18
AMZN,2021-11-16,176.9499969482422,178.8249969482422,176.25750732421875,177.03500366210938,44342000.0,24.32050370913353,21.995823611123292,24.37023540570529,23.204562234297367,23.382102815853543,0.72,89.0,-0.58,6.37
AMZN,2021-11-17,178.23599243164062,179.3625030517578,177.2675018310547,177.4499969482422,51206000.0,24.15364563961031,21.88169390563744,24.296411420818362,23.1741081040321,23.382633418161266,0.72,88.0,-0.63,6.44
AMZN,2021-11-18,178.3175048828125,185.2100067138672,178.0500030517578,184.8029937744141,114070000.0,26.407044329674918,23.312013707315234,25.12451364970003,23.6311608712716,23.701495427924513,0.73,100.0,-0.69,5.78
AMZN,2021-11-19,185.634506225586,188.1074981689453,183.78599548339844,183.82850646972656,98734000.0,26.437603002037736,23.34823902257214,25.137995291990983,23.552417883190536,23.707057779732132,0.75,100.0,-0.76,5.76
AMZN,2021-11-22,183.81900024414065,185.67300415039065,178.375,178.6284942626953,96844000.0,27.665371406538537,24.095427092059612,25.56338882404741,23.432365123918352,23.879921266770044,0.77,100.0,-0.81,5.24
AMZN,2021-11-23,179.2519989013672,181.0525054931641,176.385498046875,179.0019989013672,73804000.0,27.65413548105672,23.7273261545187,25.31905195273525,23.43083304672148,23.880238846210265,0.79,99.0,-0.84,5.47
AMZN,2021-11-24,178.1334991455078,180.6820068359375,176.84249877929688,179.02049255371094,46560000.0,27.56082384555431,23.559377628131394,24.237215867218666,23.3408332846466,23.87328960709157,0.8,82.0,-0.82,6.11
AMZN,2021-11-26,180.10499572753906,181.6750030517578,175.20750427246094,175.22799682617188,59826000.0,28.43570493346736,23.979968009382823,24.44894848056805,23.466629733782675,23.88295307940677,0.8,85.0,-0.78,5.75
AMZN,2021-11-29,177.3820037841797,179.8000030517578,176.5749969482422,178.07850646972656,65312000.0,27.278546478616068,24.181508222568183,24.542052475023283,23.534293117061768,23.9332533252071,0.81,91.0,-0.81,5.65
AMZN,2021-11-30,178.1750030517578,179.2884979248047,174.60049438476562,175.35350036621094,80022000.0,27.548851275286495,24.384867312084694,24.653020679190334,23.61046168698993,23.968857513389615,0.82,96.0,-0.82,5.46
AMZN,2021-12-01,177.25,177.99400329589844,172.0800018310547,172.18600463867188,74916000.0,28.082671036911343,24.600709604799512,24.811424277642754,23.66204961935883,23.98768722844474,0.83,96.0,-0.83,5.21
AMZN,2021-12-02,173.0,174.63499450683594,171.1875,171.8679962158203,64726000.0,27.974254122900554,24.581103588781993,24.75634747369919,23.284336753315944,23.982467660494564,0.84,95.0,-0.79,5.31
AMZN,2021-12-03,172.75,173.49349975585938,166.92999267578125,169.489501953125,80712000.0,28.215251570049887,24.627273805662867,24.84366647348171,23.282465018378346,24.01825731695472,0.86,96.0,-0.76,5.15
AMZN,2021-12-06,169.64999389648438,173.69549560546875,166.9344940185547,171.36849975585938,68860000.0,27.018815017671898,24.72510051869515,24.826142597002303,23.278650039997707,24.02936829012175,0.87,95.0,-0.7,5.25
AMZN,2021-12-07,174.60000610351562,177.49949645996094,173.33450317382812,176.1645050048828,66410000.0,28.04204408433126,25.361575135013275,25.100351667852376,23.479371040501793,24.183026740499734,0.88,96.0,-0.67,5.11
AMZN,2021-12-08,176.15049743652344,177.17999267578125,174.75050354003906,176.1580047607422,45254000.0,27.698938167770194,25.3568035400414,25.077978598672214,23.393817757006204,24.17640181780095,0.89,95.0,-0.66,5.16
AMZN,2021-12-09,175.75,176.96949768066406,174.13949584960938,174.17100524902344,46062000.0,27.9214772639855,25.42448862110693,25.11796526394973,23.37837011694193,24.088352980589946,0.9,96.0,-0.62,5.06
AMZN,2021-12-10,175.41700744628906,175.927001953125,170.5,172.21200561523438,60690000.0,27.767190215415095,25.518857444568944,25.172159880453936,23.421407961203673,24.116740262154394,0.91,98.0,-0.55,4.95
AMZN,2021-12-13,172.0,172.10000610351562,169.1300048828125,169.5675048828125,62170000.0,27.397907705918783,25.66922584582059,25.16826052507935,23.483787164990826,24.164911794360368,0.92,97.0,-0.48,4.87
AMZN,2021-12-14,167.5500030517578,169.49899291992188,166.44000244140625,169.0915069580078,55976000.0,26.97149871694997,24.851426799573993,25.153150750601384,23.471546718280486,24.133804544657554,0.92,96.0,-0.42,4.87
AMZN,2021-12-15,168.59800720214844,173.60000610351562,165.19500732421875,173.31500244140625,75794000.0,27.8428704518413,25.340699195034063,25.399557584478504,23.601663781645517,24.255801697532974,0.92,99.0,-0.51,4.66
AMZN,2021-12-16,173.36849975585938,174.16600036621094,168.16050720214844,168.87100219726562,60876000.0,28.292111875599936,25.824040568905808,25.53189449027865,23.680326654378916,24.284777437977926,0.92,99.0,-0.45,4.53
AMZN,2021-12-17,167.7104949951172,170.89849853515625,165.61349487304688,170.0175018310547,85542000.0,27.186795635867746,25.768995486949414,25.55798702072564,23.57047904838786,24.293154388072363,0.92,99.0,-0.4,4.52
AMZN,2021-12-20,166.85000610351562,167.87449645996094,165.60000610351562,167.07899475097656,57372000.0,27.32584925962886,26.00519530755535,25.667618021175166,23.66325199682805,24.332801390711595,0.92,100.0,-0.33,4.38
AMZN,2021-12-21,167.85049438476562,170.7165069580078,165.6475067138672,170.41700744628906,55956000.0,27.937419530412978,26.305855836036447,22.639390784148738,23.692421361607742,24.411428648268068,0.92,13.0,-0.31,0.1
AMZN,2021-12-22,169.27000427246094,172.0500030517578,168.50050354003906,171.03700256347656,55036000.0,26.91639569549337,25.716715581214377,22.645338316590987,23.6857520634286,24.413776186133674,0.93,14.0,-0.3,0.1
AMZN,2021-12-23,170.42799377441406,171.97500610351562,170.14999389648438,171.06849670410156,36788000.0,25.83470145811921,25.695704984559033,22.587177011017634,23.545206860053888,24.403931204080756,0.93,11.0,-0.3,0.13
AMZN,2021-12-27,171.03700256347656,172.9429931640625,169.2154998779297,169.66949462890625,58688000.0,25.922823760030138,25.735046879386815,22.61927473338563,23.56432187880688,24.415059974487896,0.93,13.0,-0.29,0.11
AMZN,2021-12-28,170.1824951171875,172.17599487304688,169.135498046875,170.66099548339844,54638000.0,25.569276148841496,25.756689745521914,22.61596286421034,23.563423525778017,24.17907275970631,0.94,13.0,-0.29,0.12
AMZN,2021-12-29,170.83999633789062,171.21200561523438,168.60049438476562,169.2010040283203,35754000.0,25.57303714503561,25.090022668753047,22.609375278442855,23.466586230342916,24.167803322454677,0.94,13.0,-0.27,0.12
AMZN,2021-12-30,169.6999969482422,170.88800048828125,168.5240020751953,168.64450073242188,37584000.0,25.577933757014698,25.0379092889389,22.615288441966573,23.41358380741347,24.144898067397634,0.94,14.0,-0.26,0.12
AMZN,2021-12-31,168.95599365234375,169.35000610351562,166.55850219726562,166.7169952392578,47830000.0,25.705841827187953,25.03743679926781,22.667208121807793,23.441836208799376,24.156228788492328,0.94,21.0,-0.25,0.09
AMZN,2022-01-03,167.5500030517578,170.70350646972656,166.16050720214844,170.4044952392578,63520000.0,23.480837011648926,25.307595399339,22.8863241138308,23.565950753915665,24.153470990951174,0.95,25.0,-0.21,0.02
AMZN,2022-01-04,170.43800354003906,171.39999389648438,166.34950256347656,167.52200317382812,70726000.0,23.838590272440673,25.546328699122338,23.046546126796542,23.615988958366557,24.19572164168447,0.95,36.0,-0.18,-0.04
AMZN,2022-01-05,166.88299560546875,167.12649536132812,164.35699462890625,164.35699462890625,64302000.0,23.092210715904894,25.712339249463746,23.243086532644977,23.703604809906835,24.13882239570439,0.95,45.0,-0.18,-0.1
AMZN,2022-01-06,163.45050048828125,164.8000030517578,161.93699645996094,163.25399780273438,51958000.0,23.072276046410153,25.751637184254434,23.266072157266436,23.64260979879455,24.137325136205064,0.95,46.0,-0.2,-0.11
AMZN,2022-01-07,163.83900451660156,165.24349975585938,162.031005859375,162.5540008544922,46606000.0,23.05493188986212,25.659606077030045,23.109841833118868,23.61986122910225,24.132920396572462,0.95,40.0,-0.2,-0.06
AMZN,2022-01-10,160.5854949951172,161.6614990234375,156.30450439453125,161.48599243164062,87798000.0,22.43017761628281,25.672156209994423,23.04521791326761,23.507522347237312,24.0426262161551,0.95,36.0,-0.21,-0.03
AMZN,2022-01-11,161.5,166.35000610351562,160.70150756835938,165.36199951171875,62806000.0,23.082295292415882,25.24923021142429,23.337197701183833,23.676612666814968,24.157182939918314,0.95,51.0,-0.21,-0.12
AMZN,2022-01-12,166.5749969482422,166.8780059814453,164.41700744628906,165.20700073242188,50030000.0,22.75552079892175,25.135083649226882,23.33150520008939,23.63273628605816,24.115896600922063,0.95,51.0,-0.21,-0.11
AMZN,2022-01-13,165.25050354003906,166.22149658203125,161.09100341796875,161.21400451660156,52188000.0,23.209698979636585,25.6025224621437,23.43570284034719,23.800798043783452,24.21002812907549,0.95,59.0,-0.21,-0.11
AMZN,2022-01-14,160.14999389648438,162.25,159.80050659179688,162.13800048828125,45974000.0,23.322752577016402,25.592991772489032,23.372114675763417,23.81166538458914,24.204481336595236,0.95,57.0,-0.24,-0.08
AMZN,2022-01-18,159.10499572753906,159.7344970703125,157.6645050048828,158.91749572753906,67292000.0,23.66166823911133,25.85263861375473,23.582614813336868,23.766490537184026,24.283289755986015,0.95,66.0,-0.21,-0.15
AMZN,2022-01-19,158.76199340820312,159.25,156.25,156.2989959716797,53242000.0,23.680647239798326,25.388395311815827,23.706028911961,23.702255350279145,23.923634939443808,0.95,67.0,-0.09,-0.19
AMZN,2022-01-20,156.76600646972656,158.0,151.3509979248047,151.66749572753906,71974000.0,23.082445605802253,26.067361394146033,24.099754518711443,23.919294318316318,24.071389812813795,0.95,69.0,0.44,-0.22
AMZN,2022-01-21,149.9499969482422,150.89999389648438,142.07049560546875,142.64300537109375,163972000.0,28.20902645990876,28.53167403872948,25.674691895692103,24.9435873951197,24.829283948336776,0.98,100.0,2.7,1.02
AMZN,2022-01-24,139.0,144.94500732421875,135.3520050048828,144.54400634765625,155624000.0,28.776743134401382,28.679221525454118,25.658560606707837,24.99504875784503,24.867421841800187,1.0,98.0,3.0,1.03
AMZN,2022-01-25,142.24249267578125,143.60000610351562,138.14500427246094,139.98599243164062,90824000.0,29.707914124577133,29.036750844678604,26.093094710388648,25.009651822817798,25.04489079775265,1.03,100.0,3.6,0.86
AMZN,2022-01-26,144.75,145.18499755859375,137.31849670410156,138.87249755859375,95602000.0,29.59929623561251,28.80271400123917,26.10670562982299,24.98898208156007,24.89941094388598,1.05,100.0,3.71,0.85
AMZN,2022-01-27,140.8000030517578,144.24349975585938,139.35000610351562,139.6374969482422,77516000.0,29.790292879420242,28.72790211264374,26.114951866531133,24.865461553441566,24.905948266799637,1.08,100.0,3.43,0.85
AMZN,2022-01-28,140.86050415039062,143.9980010986328,137.92950439453125,143.97799682617188,74392000.0,30.37235030450511,29.535942900975453,26.572693107723204,25.135971174067073,25.083249873615816,1.12,100.0,2.93,0.75
AMZN,2022-01-31,144.75,150.36050415039062,144.30050659179688,149.57350158691406,78308000.0,32.3594613487313,30.30314291461235,27.306768424770045,25.442419012510154,25.024705811845,1.17,100.0,2.54,0.67
AMZN,2022-02-01,150.0,151.70799255371094,147.62750244140625,151.19349670410156,59220000.0,32.49631302197245,29.81248708462295,27.328183127103678,25.41440613467727,25.02347420598084,1.22,100.0,2.19,0.67
AMZN,2022-02-02,155.05050659179688,155.0749969482422,148.86349487304688,150.6125030517578,87330000.0,32.24258915413344,29.663649316692574,27.327021596886382,25.382240366529867,24.947451726910526,1.27,99.0,1.87,0.67
AMZN,2022-02-03,141.7375030517578,144.24749755859375,138.33299255371094,138.8455047607422,225532000.0,38.603300970382854,33.75744150140545,30.129135958541475,27.129510085934623,26.221086833297463,1.41,100.0,1.68,2.56
AMZN,2022-02-04,155.60650634765625,161.1999969482422,150.60800170898438,157.63949584960938,253456000.0,54.69750175272211,42.750919241190225,36.44223063040386,31.052987749255205,29.15672273205823,1.88,100.0,1.55,9.52
AMZN,2022-02-07,158.52000427246094,162.6909942626953,157.25,157.9355010986328,102624000.0,54.70750169245977,42.44895901086005,36.42046745963363,31.011275270658352,29.144951811256487,2.24,99.0,1.44,9.56
AMZN,2022-02-08,156.75050354003906,161.79249572753906,155.55050659179688,161.4134979248047,76040000.0,55.132166789579884,42.718066751592,36.59241847236814,31.08075336152992,29.222903785736055,2.56,100.0,1.41,9.3
AMZN,2022-02-09,162.87350463867188,163.83450317382812,160.25,161.1894989013672,68786000.0,55.0866346392028,42.58338342417401,36.57714990805927,31.076841106724125,29.217991256929686,2.83,99.0,1.36,9.31
AMZN,2022-02-10,158.35000610351562,160.7165069580078,157.75,159.0034942626953,68268000.0,55.15954484652386,42.62771392981464,36.307242255821315,31.11752249159328,29.240247370588985,3.06,96.0,1.27,9.61
AMZN,2022-02-11,158.13450622558594,159.0,152.73399353027344,153.2935028076172,77100000.0,56.05947725993493,43.21846270731556,36.752555504763436,31.389989708076556,29.462525202620114,3.29,100.0,1.09,9.14
AMZN,2022-02-14,151.75100708007812,158.44850158691406,151.64999389648438,155.16700744628906,83230000.0,56.173463006951984,43.31103785683576,36.76379547578436,31.423602422462615,29.487627422170355,3.5,100.0,0.95,9.12
AMZN,2022-02-15,157.60549926757812,158.0070037841797,154.6374969482422,156.510498046875,56440000.0,55.80594869706423,42.44729648074428,36.74960140010144,31.440642109134775,29.47523240804192,3.68,98.0,0.84,9.14
AMZN,2022-02-16,155.79049682617188,158.83399963378906,154.7344970703125,158.10049438476562,52704000.0,55.759649361362065,42.52547662889035,36.786530449675666,31.458784742372913,29.48699802089701,3.86,100.0,0.77,9.08
AMZN,2022-02-17,158.14599609375,160.3489990234375,154.5,154.65249633789062,64032000.0,55.84577874483264,42.372265094305625,36.93299267223012,31.519121681865254,29.47332377783186,4.03,100.0,0.64,8.93
AMZN,2022-02-18,155.49949645996094,155.49949645996094,150.89300537109375,152.60150146484375,63604000.0,55.927092620062766,42.420486156977184,36.75599200830714,31.548945582452387,29.425337132123886,4.18,97.0,0.5,9.12
AMZN,2022-02-22,150.47850036621094,152.9824981689453,148.48550415039062,150.19749450683594,66128000.0,56.06451034028591,42.50239832303236,36.82926561523591,31.601844454287846,29.463742128900005,4.32,99.0,0.35,9.04
AMZN,2022-02-23,151.65049743652344,151.76300048828125,144.6510009765625,144.82699584960938,64244000.0,56.90716769459128,42.890422701035966,37.25275385984757,31.79054638992922,29.66573782152534,4.46,100.0,0.19,8.62
AMZN,2022-02-24,139.83749389648438,151.74899291992188,139.5,151.35800170898438,100786000.0,58.0538984532426,43.80176608822893,37.94253430728399,32.22196754157159,29.81600389737818,4.61,100.0,0.07,7.85
AMZN,2022-02-25,150.5500030517578,153.99000549316406,149.2135009765625,153.7884979248047,62396000.0,58.30998113781297,43.88432900403144,37.765058962844044,32.18316851848872,29.83598618498507,4.75,99.0,0.01,7.95
AMZN,2022-02-28,152.4250030517578,154.4499969482422,150.85000610351562,153.56300354003906,57684000.0,57.93301400060532,43.75688968608308,37.730625003667086,32.183354239475875,29.78698764021102,4.88,98.0,-0.06,8.01
AMZN,2022-03-01,152.7324981689453,154.0989990234375,149.9770050048828,151.14199829101562,44874000.0,58.03362511502264,43.850616480706876,37.74989536902861,32.20558808813672,29.78346006141987,5.0,98.0,-0.16,8.04
AMZN,2022-03-02,150.8489990234375,152.99949645996094,148.75,152.05250549316406,47334000.0,57.83335445642188,43.811961111182306,37.70752809547976,32.21511922176572,29.644212669203345,5.11,96.0,-0.25,8.1
AMZN,2022-03-03,153.531494140625,153.9290008544922,146.8560028076172,147.89849853515625,65198000.0,58.17380630438217,44.045596474926974,37.94487706271848,32.35168127677034,29.759743079437325,5.22,100.0,-0.36,7.89
AMZN,2022-03-04,147.15899658203125,147.85000610351562,143.8070068359375,145.64100646972656,60934000.0,57.70791322006308,43.67207182367572,37.96621184600583,32.2887116512593,29.789185335637697,5.32,100.0,-0.46,7.87
AMZN,2022-03-07,145.44349670410156,146.09449768066406,137.41650390625,137.4530029296875,86934000.0,57.401287239830864,45.08001430212383,39.020284945718295,32.98209359732598,30.30141075254815,5.44,100.0,-0.47,7.12
AMZN,2022-03-08,136.68350219726562,140.69949340820312,133.57249450683594,136.01449584960938,91662000.0,57.29361934322023,45.07470748568361,38.98933799023497,32.98590647673423,30.08775225722353,5.55,99.0,-0.48,7.19
AMZN,2022-03-09,139.5,140.25,136.8280029296875,139.2790069580078,82656000.0,57.03392029673894,45.40649472036345,39.18732646832731,33.064104685126146,30.18453140988475,5.66,100.0,-0.56,6.96
AMZN,2022-03-10,145.68499755859375,148.67449951171875,143.97799682617188,146.8175048828125,135062000.0,58.99045951626957,46.77060656325288,39.76237483892059,33.675490224487845,30.5926343147718,5.77,100.0,-0.65,6.56
AMZN,2022-03-11,149.57449340820312,149.6750030517578,145.36900329589844,145.52450561523438,68900000.0,59.059947313212334,46.789214692345425,39.72842063688925,33.642779575723196,30.595483665394337,5.88,99.0,-0.73,6.62
AMZN,2022-03-14,145.9810028076172,147.4499969482422,140.88400268554688,141.85299682617188,74086000.0,58.8871236232281,46.675426095748065,39.90817242673452,33.73407846415582,30.69925690405028,5.99,100.0,-0.8,6.5
AMZN,2022-03-15,142.85000610351562,147.98500061035156,142.0,147.3665008544922,75584000.0,58.88734966639242,47.19361476243149,40.39666274941926,34.01430292667265,30.937264854554186,6.1,100.0,-0.87,6.04
AMZN,2022-03-16,148.5,153.14999389648438,147.35350036621094,153.10400390625,84958000.0,59.871423590751135,47.885106111191114,40.86956648261147,34.326121602918555,31.142201897480692,6.21,100.0,-0.89,5.64
AMZN,2022-03-17,152.6405029296875,157.49850463867188,152.13999938964844,157.23899841308594,72934000.0,60.33323803016999,48.11992628940337,40.85220754033476,34.477205704648895,31.058970703735245,6.32,99.0,-0.91,5.57
AMZN,2022-03-18,156.81300354003906,161.593994140625,156.01100158691406,161.25050354003906,102962000.0,55.32404781938761,48.232427550016475,41.05112137780391,34.6103405473179,31.122647397194473,6.42,100.0,-0.91,5.37
AMZN,2022-03-21,161.12100219726562,163.08399963378906,159.55299377441406,161.4915008544922,66538000.0,41.51688333760704,48.22579700730959,40.96246483979056,34.5044908916145,31.101808382508978,6.52,99.0,-0.91,5.46
AMZN,2022-03-22,161.8054962158203,166.16700744628906,161.69900512695312,164.88900756835938,64086000.0,41.92045186328633,48.43164903672582,41.093226855583005,34.156682122790855,31.159304420944707,6.62,100.0,-0.9,5.34
AMZN,2022-03-23,163.7050018310547,166.3699951171875,162.68699645996094,163.4080047607422,55812000.0,41.57050915978757,48.437366608403316,41.03466138483358,34.16297756434097,31.1296136821801,6.7,98.0,-0.89,5.42
AMZN,2022-03-24,163.74949645996094,164.11849975585938,160.0500030517578,163.64950561523438,56798000.0,41.56803489025086,48.42081373059226,40.894411901357216,34.14299994975522,31.100174476229753,6.78,96.0,-0.88,5.5
AMZN,2022-03-25,164.0,165.36849975585938,162.25,164.77349853515625,49032000.0,41.38544906415666,48.416689232142005,40.82952040659798,34.153405050174946,31.106686993764082,6.86,93.0,-0.88,5.52
AMZN,2022-03-28,164.97500610351562,169.03750610351562,164.89999389648438,168.99049377441406,59854000.0,40.35066562305404,48.69790366295481,41.026190968238936,34.29105435992504,31.1980331672212,6.93,97.0,-0.89,5.33
AMZN,2022-03-29,170.38400268554688,170.8314971923828,167.86849975585938,169.31500244140625,66154000.0,40.26347143719667,48.639817509473396,40.88786599285609,34.268983982646304,31.19038990315966,6.99,94.0,-0.89,5.47
AMZN,2022-03-30,168.50950622558594,168.95050048828125,165.5,166.30099487304688,56168000.0,40.67079644485318,48.568674392465454,40.75313748336244,34.33089374159749,31.22010275621856,7.06,90.0,-0.87,5.63
AMZN,2022-03-31,166.44500732421875,166.4949951171875,162.95350646972656,162.99749755859375,59966000.0,41.08756139805877,48.61655238297274,40.82170186378881,34.372838555831585,31.21394073574558,7.12,90.0,-0.85,5.62
AMZN,2022-04-01,164.14950561523438,165.82699584960938,162.3195037841797,163.55999755859375,57090000.0,40.504082365250106,48.46703871061446,40.80780685805017,34.327274127354976,31.14814714111057,7.17,89.0,-0.82,5.62
AMZN,2022-04-04,164.125,168.39450073242188,163.20550537109375,168.34649658203125,49882000.0,40.970046755516755,48.805724614924486,40.878574097415594,34.49386478490575,31.28073484729837,7.22,93.0,-0.8,5.56
AMZN,2022-04-05,167.7415008544922,168.11050415039062,163.26600646972656,164.05499267578125,53728000.0,41.47225778531535,49.09482963070333,40.86474726888849,34.61568238342166,31.342011786035222,7.27,91.0,-0.78,5.57
AMZN,2022-04-06,161.65049743652344,162.1999969482422,157.25450134277344,158.75599670410156,79056000.0,41.18923945598076,49.54133614133858,41.18294912388884,34.823532701890954,31.507434554733578,7.32,100.0,-0.76,5.37
AMZN,2022-04-07,158.39999389648438,160.07899475097656,154.51150512695312,157.7845001220703,68136000.0,39.372396455243425,49.30076507855857,41.11143758731027,34.78172049232137,31.435401309321907,7.37,99.0,-0.73,5.46
AMZN,2022-04-08,156.75,157.36849975585938,154.2310028076172,154.4604949951172,46002000.0,39.65451305635117,49.47965958255978,41.22034976482327,34.8588879720645,31.50467723825757,7.41,100.0,-0.72,5.41
AMZN,2022-04-11,152.71299743652344,154.13650512695312,150.5345001220703,151.1219940185547,52112000.0,40.16334961865849,49.42982790415975,41.34827348355119,34.91345635750277,31.571130660064973,7.45,100.0,-0.72,5.34
AMZN,2022-04-12,153.6925048828125,155.0989990234375,150.38299560546875,150.78750610351562,55178000.0,39.9036986189979,49.40999689943566,41.34359320192025,34.84107098695329,31.51130066604147,7.48,99.0,-0.71,5.35
AMZN,2022-04-13,150.01849365234375,156.02499389648438,149.60000610351562,155.54100036621094,53390000.0,40.8828479413737,49.686248517983486,41.122217757695964,35.04625025419892,31.636469637716903,7.52,96.0,-0.75,5.5
AMZN,2022-04-14,155.38999938964844,155.89700317382812,151.4720001220703,151.7064971923828,51598000.0,40.724640028679694,49.83213313849881,41.283900664528254,35.15102754729803,31.725661824132086,7.55,98.0,-0.81,5.4
AMZN,2022-04-18,151.52349853515625,154.0395050048828,150.25050354003906,152.78500366210938,46514000.0,40.46637904223176,49.47052827449873,41.083460907619205,33.924988025134944,31.725239601772305,7.58,92.0,-0.81,5.5
AMZN,2022-04-19,152.0294952392578,158.6490020751953,151.55050659179688,158.11549377441406,54926000.0,37.39815650562107,48.263010188570355,41.4725749008358,34.17306757703438,31.89559911124602,7.61,100.0,-0.8,5.18
AMZN,2022-04-20,157.6024932861328,157.6024932861328,153.60350036621094,153.9980010986328,59630000.0,38.23148285365026,48.5413345800312,41.6634679940739,34.28816107351817,31.99150989167969,7.63,100.0,-0.81,5.08
AMZN,2022-04-21,154.71400451660156,156.73800659179688,147.58949279785156,148.29600524902344,63970000.0,39.619801830637094,48.72063933823021,41.94150798954945,34.56854032064429,32.17209752768651,7.65,100.0,-0.83,4.92
AMZN,2022-04-22,148.25,149.61500549316406,143.69749450683594,144.35000610351562,73078000.0,37.44408614046513,49.02392266244307,42.033810676931374,34.697740860080785,32.26536263861165,7.67,100.0,-0.88,4.92
AMZN,2022-04-25,144.0229949951172,146.22149658203125,142.30650329589844,146.07400512695312,61874000.0,37.52731611008853,49.068280354287154,42.03693936144835,34.715955325660524,32.222335016213506,7.68,100.0,-0.91,4.87
AMZN,2022-04-26,144.8000030517578,144.8560028076172,138.92950439453125,139.39100646972656,77530000.0,39.25918716097755,49.618993864403734,42.562915811103224,35.14147741362994,32.550465130384694,7.7,100.0,-0.93,4.61
AMZN,2022-04-27,140.19149780273438,141.94850158691406,135.7834930419922,138.16700744628906,71336000.0,37.55726496628517,48.98513748062474,42.57619833065626,35.147954972469584,32.53500985822767,7.72,100.0,-0.94,4.61
AMZN,2022-04-28,142.17799377441406,145.9375,140.3000030517578,144.59649658203125,117316000.0,38.28992702502353,49.85991740450171,43.19899397537243,35.563729293495506,32.86088131347666,7.74,100.0,-0.96,4.2
AMZN,2022-04-29,129.8489990234375,130.76100158691406,121.625,124.28150177001952,272662000.0,56.9683946853258,58.64743387870822,49.26115293017851,39.77797635755006,36.15058870539735,7.85,100.0,-0.49,6.69
AMZN,2022-05-02,122.4010009765625,124.66799926757812,118.375,124.5,148788000.0,56.18712073433528,56.34557726880455,49.019888180054636,39.77962242058722,36.08245595621186,7.95,99.0,-0.22,6.86
AMZN,2022-05-03,124.05349731445312,126.22049713134766,122.8249969482422,124.25350189208984,79134000.0,56.141763776169576,49.54588009443023,49.017392026627185,39.777966937848014,36.02054768492617,8.05,98.0,-0.06,6.86
AMZN,2022-05-04,123.5999984741211,126.0,119.18299865722656,125.92849731445312,110746000.0,55.84235806288347,49.659936951420114,49.07374943973568,39.772123219713066,36.03142711960351,8.14,99.0,-0.03,6.83
AMZN,2022-05-05,123.0,123.4990005493164,115.07250213623048,116.40699768066406,144392000.0,59.37775872234723,51.67504585947938,50.49804824604776,40.787824869080396,36.836786682761826,8.24,100.0,0.38,6.04
AMZN,2022-05-06,114.8499984741211,119.05049896240234,113.0814971923828,114.77249908447266,124260000.0,59.25802173427339,51.69833978703087,50.490716890965444,40.8131027674912,36.85758463688495,8.34,99.0,0.64,6.05
AMZN,2022-05-09,111.3125,114.0,107.95700073242188,108.78900146484376,128124000.0,60.182036265596885,52.600169498714536,51.101340301312035,41.26327916622362,37.10561602625485,8.44,100.0,1.07,5.65
AMZN,2022-05-10,111.25,112.64250183105467,107.1709976196289,108.85900115966795,105434000.0,59.20669847050708,52.23783123011607,50.89521608090839,41.1775217602537,37.08690759698069,8.53,99.0,1.24,5.77
AMZN,2022-05-11,108.10350036621094,110.15599822998048,104.42849731445312,105.37200164794922,109704000.0,59.21099027576423,52.38846069579323,50.976061448840106,41.29699048772017,37.157054160577346,8.62,99.0,1.38,5.72
AMZN,2022-05-12,102.75,110.78050231933594,102.40550231933594,106.93049621582033,132026000.0,59.86016477989651,52.47758452623682,51.03690085057247,41.346981384882234,37.18989207707598,8.7,99.0,1.32,5.68
AMZN,2022-05-13,109.06900024414062,113.18399810791016,107.8000030517578,113.05500030517578,93684000.0,63.20603238168155,53.900554314421655,51.883429404757784,41.90597500942186,37.571205840571864,8.78,100.0,1.09,5.28
AMZN,2022-05-16,113.0999984741211,113.99250030517578,110.35399627685548,110.8105010986328,74566000.0,63.067515403067695,53.876049671611106,51.80579433578688,41.934017546690235,37.582670993776965,8.82,99.0,0.91,5.31
AMZN,2022-05-17,113.2750015258789,115.8000030517578,111.27649688720705,115.36849975585938,76448000.0,63.811364652720194,54.661097633179814,52.27389382325477,42.14479050778579,37.80074941543935,8.85,100.0,0.71,5.07
AMZN,2022-05-18,111.4394989013672,112.85299682617188,106.2490005493164,107.1125030517578,108380000.0,66.18323954992535,56.45245194821975,53.44685696265067,42.95182814253866,38.49727317253729,8.89,100.0,0.59,4.54
AMZN,2022-05-19,106.28050231933594,110.03399658203124,106.19300079345705,107.31900024414062,88142000.0,66.1000245308143,56.10541694485277,53.45404235384851,42.95113745997901,38.493352880421675,8.93,100.0,0.45,4.54
AMZN,2022-05-20,109.56849670410156,109.89800262451172,105.0094985961914,107.59100341796876,99500000.0,66.2264596264143,55.19077718215013,53.4402689292652,42.9549609186972,38.47612238699444,8.95,98.0,0.31,4.55
AMZN,2022-05-23,108.46099853515624,108.81900024414062,103.9499969482422,107.55699920654295,107798000.0,66.27074374718558,55.019126468901305,53.44073457413761,42.947923607838355,38.448502007508644,8.96,98.0,0.17,4.55
AMZN,2022-05-24,104.0250015258789,105.4000015258789,101.26000213623048,104.0999984741211,102934000.0,66.48340050759907,55.28128410857861,53.62655659862246,43.07157765940658,38.568749661357046,8.96,100.0,0.06,4.44
AMZN,2022-05-25,103.65550231933594,108.1750030517578,103.6500015258789,106.7750015258789,93120000.0,67.32695904445406,55.62693504501447,53.82879085156416,43.192433955426004,38.6625560210989,8.96,100.0,-0.08,4.35
AMZN,2022-05-26,107.97000122070312,112.66549682617188,107.45349884033205,111.07749938964844,93002000.0,67.83464673577228,56.34931235130348,54.12023042976676,43.467401979399476,38.87020462337976,8.95,100.0,-0.21,4.22
AMZN,2022-05-27,113.5500030517578,115.18699645996094,112.62799835205078,115.14649963378906,93660000.0,69.05049056207682,56.77444509273336,54.45527245855774,43.704510952913154,39.050226405143235,8.94,100.0,-0.34,4.09
AMZN,2022-05-31,116.27999877929688,121.99449920654295,115.6750030517578,120.20950317382812,144634000.0,70.55629431917517,57.53875793829034,54.90100879881835,44.03174273853178,39.30142971141047,8.94,100.0,-0.44,3.93
AMZN,2022-06-01,122.25599670410156,125.1790008544922,120.62249755859376,121.68399810791016,127528000.0,69.69067270979076,56.477437196833094,54.951547037659964,44.06382750023223,39.31969378508406,8.92,100.0,-0.53,3.91
AMZN,2022-06-02,121.68399810791016,125.61000061035156,120.04499816894533,125.51100158691406,100560000.0,70.40668549124037,56.849815419168024,55.213855068417686,44.22194017869955,39.42671253428514,8.89,100.0,-0.59,3.81
AMZN,2022-06-03,124.1999969482422,124.4000015258789,121.04650115966795,122.3499984741211,97604000.0,70.02850769887033,56.818196513880906,55.33031667191766,44.305903904638946,39.496788864903884,8.85,100.0,-0.67,3.74
AMZN,2022-06-06,125.25,128.99000549316406,123.80999755859376,124.79000091552734,135269000.0,70.14555361299621,55.85188101864418,55.28547821470349,44.37543710872157,39.55130457023683,8.81,99.0,-0.73,3.76
AMZN,2022-06-07,122.01000213623048,124.0999984741211,120.62999725341795,123.0,85156700.0,70.0148612362949,55.88995799111285,55.315391817819204,44.2622173722334,39.515328554044444,8.75,99.0,-0.78,3.74
AMZN,2022-06-08,122.61000061035156,123.75,120.75,121.18000030517578,64926600.0,68.99031568653507,55.74726772904152,55.24150918229185,44.28916535998661,39.53417168163738,8.68,97.0,-0.85,3.78
AMZN,2022-06-09,119.98999786376952,121.3000030517578,116.0999984741211,116.1500015258789,67029800.0,69.84687956389467,55.67536338322119,55.57842907993159,44.52279961971658,39.68663089693252,8.6,100.0,-0.92,3.61
AMZN,2022-06-10,113.41999816894533,114.5,109.0500030517578,109.6500015258789,87266000.0,69.66051637736112,56.03657048231449,56.18189071546746,44.97812406641643,40.081609090459025,8.53,100.0,-0.99,3.37
AMZN,2022-06-13,104.19000244140624,106.54000091552734,101.86000061035156,103.66999816894533,99277700.0,57.10117340987665,56.56768142845993,56.75897973019002,45.41857986653846,40.42840376576068,8.45,100.0,-1.03,3.14
AMZN,2022-06-14,104.19000244140624,104.87999725341795,101.43000030517578,102.30999755859376,69728800.0,57.08820487811393,56.18204623987509,56.62546572702964,45.43396445440372,40.44369571178938,8.37,99.0,-1.08,3.21
AMZN,2022-06-15,103.86000061035156,109.05999755859376,103.52999877929688,107.66999816894533,85011100.0,59.47667873286389,57.42870845344211,56.536147988817135,45.7888629346503,40.774662643034,8.3,98.0,-1.14,3.28
AMZN,2022-06-16,104.47000122070312,104.58000183105467,102.01000213623048,103.66000366210938,82186300.0,59.973554714980935,57.48643035935493,56.74985044635883,45.981185498828694,40.8668680419156,8.23,99.0,-1.19,3.17
AMZN,2022-06-17,102.8000030517578,106.9800033569336,102.51000213623048,106.22000122070312,99772100.0,56.540260877245686,57.861235274137876,56.73009425375126,46.09095424228904,40.95224731225118,8.15,98.0,-1.25,3.21
AMZN,2022-06-21,108.1999969482422,111.62999725341795,103.55999755859376,108.68000030517578,70901200.0,56.92672426062023,58.16379702541936,56.86932569863785,46.1877340734042,41.02050566559391,8.07,100.0,-1.3,3.16
AMZN,2022-06-22,107.43000030517578,112.12999725341795,107.0199966430664,108.9499969482422,60040100.0,54.7785618780062,58.126866967015744,56.860623265915066,46.0824720028813,40.98884852757911,7.97,99.0,-1.35,3.16
AMZN,2022-06-23,110.38999938964844,113.0,107.93000030517578,112.44000244140624,64345300.0,55.5339382893459,58.28875772201438,56.874438353474645,46.233287667892256,41.12464345003911,7.87,100.0,-1.4,3.16
AMZN,2022-06-24,112.37999725341795,116.70999908447266,111.43000030517578,116.45999908447266,69867600.0,55.43629246990432,58.894874616221,56.82190681952542,46.40969149985143,41.2653668545534,7.77,97.0,-1.43,3.18
AMZN,2022-06-27,117.08999633789062,117.9800033569336,112.6999969482422,113.22000122070312,62133200.0,56.063903464961065,59.019415447140545,56.92701878822284,46.48298574869773,41.33311812484084,7.66,100.0,-1.46,3.12
AMZN,2022-06-28,113.5,114.8499984741211,107.04000091552734,107.4000015258789,74942900.0,55.8341094406338,59.71918887191321,57.47508233646972,46.86763966734836,41.624055998400294,7.54,100.0,-1.5,2.9
AMZN,2022-06-29,107.37999725341795,110.98999786376952,106.91000366210938,108.91999816894533,66375300.0,55.73541499264753,59.83753731812412,56.16112118491391,46.890687762589586,41.6533949530192,7.46,88.0,-1.53,3.27
AMZN,2022-06-30,108.11000061035156,108.18000030517578,102.5199966430664,106.20999908447266,97679400.0,54.78543291713531,59.487385458442645,52.30018938989859,46.96838514064996,41.71890141952846,7.43,71.0,-1.55,2.72
AMZN,2022-07-01,106.29000091552734,109.75,105.8499984741211,109.55999755859376,73021200.0,51.229812280680065,59.887005470097584,52.58722835659786,47.10714885355895,41.848946677348366,7.4,71.0,-1.56,2.64
AMZN,2022-07-05,107.5999984741211,114.08000183105467,106.31999969482422,113.5,76583700.0,52.20187121075915,60.24613652981594,52.79761333083298,47.30967128820128,41.94342832003035,7.37,71.0,-1.57,2.59
AMZN,2022-07-06,113.20999908447266,115.4800033569336,112.01000213623048,114.33000183105467,66958900.0,52.225317745671106,60.303735083189444,52.82448623531489,47.14353821662205,41.680570119792996,7.33,71.0,-1.57,2.58
AMZN,2022-07-07,113.8499984741211,116.98999786376952,113.48999786376952,116.33000183105467,57872300.0,52.40697437834088,60.38774143674412,52.90095944237363,47.1745187475242,41.71816278400323,7.29,71.0,-1.57,2.59
AMZN,2022-07-08,114.5999984741211,116.58000183105467,113.69000244140624,115.54000091552734,45719700.0,51.42085208404801,60.28414081392241,52.63227916646061,47.177382051108765,41.705880577692575,7.25,68.0,-1.57,2.73
AMZN,2022-07-11,114.08000183105467,114.3000030517578,110.87000274658205,111.75,53487600.0,52.06064490923521,60.57135295733893,52.7981048085658,47.315452784907606,41.82412500146722,7.21,69.0,-1.57,2.61
AMZN,2022-07-12,112.16000366210938,113.2300033569336,108.33999633789062,109.22000122070312,54280300.0,51.239181838220546,60.2084920266626,52.854294812033366,47.36758101078324,41.8757777810213,7.16,70.0,-1.56,2.55
AMZN,2022-07-13,107.02999877929688,111.77999877929688,106.01000213623048,110.4000015258789,61353800.0,50.18669819822369,60.17015412870613,52.85860386200404,47.28503952176342,41.88559494285006,7.11,70.0,-1.55,2.55
AMZN,2022-07-14,110.23999786376952,111.18000030517578,107.58000183105467,110.62999725341795,51163100.0,48.40801011063431,60.13490933747894,52.78285248304929,47.2870831520913,41.88638851034669,7.06,65.0,-1.54,2.61
AMZN,2022-07-15,112.5,115.58999633789062,111.58999633789062,113.5500030517578,84317800.0,48.943937108252825,59.92601252242974,52.96313071425314,47.35311875167201,41.96336384150456,7.0,71.0,-1.52,2.59
AMZN,2022-07-18,115.0,117.23999786376952,113.1500015258789,113.76000213623048,59115400.0,47.94116576618204,59.78525559780208,52.92777663734496,47.34815184870626,41.94100737948037,6.94,70.0,-1.5,2.62
AMZN,2022-07-19,115.6999969482422,118.9499969482422,114.02999877929688,118.20999908447266,60990000.0,48.93179612065268,60.04211019363375,53.04937815818172,47.54392177791827,42.12974562605415,6.88,71.0,-1.49,2.67
AMZN,2022-07-20,118.62000274658205,123.4800033569336,118.31999969482422,122.7699966430664,71268300.0,49.87572498438905,60.440988014218746,52.91997754028287,47.71972294264905,42.30638368967748,6.83,68.0,-1.46,2.7
AMZN,2022-07-21,123.1999969482422,124.8499984741211,121.26000213623048,124.62999725341795,60239900.0,49.8935432524594,60.477038384408,52.912419319005934,47.729643970239024,42.33592850625701,6.77,67.0,-1.42,2.7
AMZN,2022-07-22,125.01000213623048,125.5,121.3499984741211,122.41999816894533,51463800.0,49.9807260668231,59.86166474377881,52.971606134012006,47.76860567916879,42.33689091953437,6.71,70.0,-1.38,2.66
AMZN,2022-07-25,122.6999969482422,123.63999938964844,120.02999877929688,121.13999938964844,50221300.0,48.442429470513034,59.870698138005075,52.943258948605454,47.7015455021629,42.340970222532825,6.64,68.0,-1.34,2.68
AMZN,2022-07-26,115.79000091552734,118.1500015258789,114.52999877929688,114.80999755859376,67075100.0,48.039199103452695,59.94661939966116,53.55145419264552,47.967763884470095,42.63773033161423,6.57,75.0,-1.3,2.41
AMZN,2022-07-27,117.30999755859376,121.9000015258789,117.16000366210938,120.97000122070312,61582000.0,46.99965031351683,52.61759059017697,54.106995020303295,48.371675310160676,42.940723749500464,6.51,77.0,-1.26,2.34
AMZN,2022-07-28,121.56999969482422,122.83999633789062,118.08000183105467,122.27999877929688,82245500.0,46.698971825710665,52.666145750303194,54.10175084062423,48.389290969093224,42.95773966264616,6.44,76.0,-1.22,2.38
AMZN,2022-07-29,134.89999389648438,137.64999389648438,132.41000366210938,134.9499969482422,148892900.0,52.37579497972633,56.427801735429405,55.64972475653753,49.73386145265968,44.10394608935294,6.4,87.0,-1.21,2.54
AMZN,2022-08-01,134.9600067138672,138.8300018310547,133.50999450683594,135.38999938964844,76846900.0,50.597753372576726,56.37383714254809,55.62755417615681,49.64702422740424,43.413724523212075,6.35,86.0,-1.21,2.56
AMZN,2022-08-02,134.72000122070312,137.44000244140625,134.08999633789062,134.16000366210938,61922400.0,50.63848995932162,53.91608064350223,55.514632678038645,49.65520361667198,43.42120102786429,6.3,84.0,-1.2,2.58
AMZN,2022-08-03,136.2100067138672,140.49000549316406,136.0500030517578,139.52000427246094,71827800.0,51.276431404945264,54.32452323623874,55.22598456947442,49.84961671745422,43.59117284693628,6.25,79.0,-1.18,2.65
AMZN,2022-08-04,140.5800018310547,143.55999755859375,139.5500030517578,142.57000732421875,70585000.0,51.38685962251876,53.139134429512616,55.320663974129644,49.91645014937839,43.6476458758583,6.2,82.0,-1.17,2.64
AMZN,2022-08-05,140.10000610351562,142.86000061035156,139.60000610351562,140.8000030517578,50686900.0,51.29088956354138,53.248009171379394,55.207069137622135,49.93429462945896,43.65804667694902,6.14,76.0,-1.17,2.69
AMZN,2022-08-08,142.0500030517578,144.22999572753906,138.2899932861328,139.41000366210938,52229000.0,50.841913044029255,52.77903921233016,54.88665550299934,49.94288027216315,43.65943474900495,6.09,73.0,-1.15,2.77
AMZN,2022-08-09,138.0500030517578,138.9499969482422,136.2100067138672,137.8300018310547,40434700.0,50.086623807548214,52.838230501200314,54.55905523215663,49.70652538501959,43.67248268845888,6.04,72.0,-1.1,2.84
AMZN,2022-08-10,142.89999389648438,144.60000610351562,141.00999450683594,142.69000244140625,54773800.0,47.42638582081769,52.13413294735443,54.677162237084985,49.88946343751479,43.812077445056374,5.98,72.0,-1.06,2.81
AMZN,2022-08-11,143.86000061035156,144.49000549316406,139.75999450683594,140.63999938964844,44867300.0,47.90499862384461,52.037147080188916,54.556456945316455,49.808256372965744,43.82669526043167,5.93,70.0,-1.02,2.82
AMZN,2022-08-12,142.0500030517578,143.57000732421875,140.1199951171875,143.5500030517578,47643500.0,46.930808522362035,51.60259484556655,54.66494977291486,49.8735122171438,43.87564683813569,5.87,71.0,-0.98,2.79
AMZN,2022-08-15,142.8000030517578,143.75999450683594,141.49000549316406,143.17999267578125,39014600.0,46.63373627736912,49.006847592577984,54.551351881242596,49.87351612078898,43.8754932365992,5.8,68.0,-0.95,2.82
AMZN,2022-08-16,143.91000366210938,146.57000732421875,142.0,144.77999877929688,59102900.0,45.96538849389907,49.01970316446103,54.57348516795021,49.83678720311699,43.89053221888616,5.73,70.0,-0.92,2.83
AMZN,2022-08-17,142.69000244140625,143.3800048828125,140.77999877929688,142.10000610351562,48149800.0,46.61766971194322,49.257402790170744,54.642019065787174,49.83793544645601,43.89553179606802,5.66,70.0,-0.89,2.78
AMZN,2022-08-18,141.32000732421875,142.77000427246094,140.3800048828125,142.3000030517578,37458700.0,46.54657080392949,49.25126986063512,54.62791931986995,49.81035898330214,43.879055652816554,5.58,69.0,-0.86,2.78
AMZN,2022-08-19,140.47000122070312,141.11000061035156,137.91000366210938,138.22999572753906,47792800.0,47.54171072707547,49.13863394019022,54.63136394719948,49.878725371274655,43.97033544463941,5.5,69.0,-0.87,2.74
AMZN,2022-08-22,135.72000122070312,136.32000732421875,132.85000610351562,133.22000122070312,50461500.0,47.80842174698903,49.676014407188326,54.907441050686835,50.0572146693094,44.118006166127536,5.41,74.0,-0.88,2.6
AMZN,2022-08-23,133.41000366210938,134.99000549316406,132.9499969482422,133.6199951171875,36252100.0,47.03772992544685,49.11198204053686,54.856998560735235,50.03768104588959,44.06867718145042,5.31,71.0,-0.88,2.64
AMZN,2022-08-24,132.75,135.47000122070312,132.10000610351562,133.8000030517578,38627000.0,47.0467315009766,48.6316409810898,54.78464236895949,50.0171611298981,44.05006334956098,5.21,70.0,-0.85,2.68
AMZN,2022-08-25,135.25999450683594,137.4199981689453,134.27999877929688,137.27999877929688,37496300.0,47.354180181999254,48.1414922135729,54.95402464749226,50.001972596801316,44.129611376485805,5.11,75.0,-0.86,2.64
AMZN,2022-08-26,136.5500030517578,137.8300018310547,130.5,130.75,53322700.0,49.67033227726625,49.20953128053539,55.233821814308925,50.31450916130129,44.38587626539147,5.0,78.0,-0.97,2.49
AMZN,2022-08-29,129.89999389648438,131.9499969482422,128.77000427246094,129.7899932861328,48101600.0,49.78804531510126,48.84483146417031,55.11326312470833,50.305932910497276,44.376642765727865,4.89,74.0,-1.03,2.55
AMZN,2022-08-30,131.25,132.07000732421875,126.8499984741211,128.72999572753906,49203000.0,48.84702384758817,48.57839616597751,54.90470368760312,50.29885436791105,44.32601156739601,4.77,70.0,-1.03,2.65
AMZN,2022-08-31,129.4499969482422,130.58999633789062,126.73999786376952,126.7699966430664,53648700.0,47.95907681776499,48.52755301842821,54.94138186302725,50.29834308068567,44.32160041199192,4.65,71.0,-1.02,2.62
AMZN,2022-09-01,126.0,128.02000427246094,123.66000366210938,127.81999969482422,56636100.0,47.8274541859185,48.45656066641339,54.88002337490558,50.311664659241664,44.330319558535635,4.52,66.0,-0.99,2.67
AMZN,2022-09-02,129.5,131.3800048828125,126.38999938964844,127.51000213623048,57429800.0,47.51004871520098,48.35291668610286,54.78676240695598,50.21488237180568,44.32920957125981,4.38,64.0,-0.93,2.73
AMZN,2022-09-06,127.91999816894533,128.6199951171875,124.73999786376952,126.11000061035156,43888600.0,47.521787723717914,47.57595781556503,54.8067869039192,50.144300884073544,44.336591030355166,4.24,64.0,-0.88,2.71
AMZN,2022-09-07,126.12000274658205,129.82000732421875,125.4000015258789,129.47999572753906,47900300.0,45.06958311213512,46.22413254825697,54.740618946572305,50.24403244967044,44.411115463466174,4.08,61.0,-0.89,2.73
AMZN,2022-09-08,127.72000122070312,130.27999877929688,127.0999984741211,129.82000732421875,43988500.0,42.68427512122179,44.56777810237714,54.61896788154017,50.210590522874796,44.40894893043693,3.91,55.0,-0.86,2.8
AMZN,2022-09-09,130.91000366210938,133.69000244140625,130.75999450683594,133.27000427246094,49387600.0,43.181357603635846,44.659663775938704,54.78038080668456,50.2546541234094,44.48071177969282,3.72,61.0,-0.87,2.76
AMZN,2022-09-12,134.10000610351562,136.49000549316406,134.0,136.4499969482422,53826900.0,33.00610382523343,43.77981221200405,54.62905318593272,50.33794940741305,44.54765834930218,3.54,55.0,-1.07,2.8
AMZN,2022-09-13,131.00999450683594,131.39999389648438,126.2699966430664,126.81999969482422,72694000.0,39.26740570549157,45.77048645825018,55.66771670382864,51.05200621597979,45.12900463517888,3.35,87.0,-1.17,2.52
AMZN,2022-09-14,127.36000061035156,128.83999633789062,126.33000183105467,128.5500030517578,45316800.0,39.46827269650728,45.61127180229405,55.423214195907,51.077629777111696,45.153103730263005,3.15,82.0,-1.18,2.65
AMZN,2022-09-15,127.37999725341795,130.3699951171875,125.5,126.27999877929688,52887200.0,37.79496357853521,45.62275701561721,55.33482366631398,51.106211725024096,45.175384070323,2.93,81.0,-1.15,2.69
AMZN,2022-09-16,122.77999877929688,123.87000274658205,120.6999969482422,123.52999877929688,115667800.0,37.4061773502386,45.89865630893375,55.39038496139291,51.1564640797902,45.22031307522068,2.69,81.0,-1.14,2.64
AMZN,2022-09-19,122.16000366210938,124.70999908447266,121.8000030517578,124.66000366210938,47279700.0,37.5426548940653,45.51281775230196,54.93958966402812,51.172224942008505,45.22833369971996,2.44,66.0,-1.09,2.85
AMZN,2022-09-20,123.3499984741211,124.4000015258789,121.13999938964844,122.19000244140624,47698400.0,37.792699992899124,45.18575624841235,55.00822629860503,51.2051413823209,45.16703578321096,2.16,69.0,-1.04,2.81
AMZN,2022-09-21,122.48999786376952,123.76000213623048,118.4499969482422,118.54000091552734,58498900.0,38.48926554745448,45.245707744940574,54.685008125567514,51.23890991338569,45.25992076886134,1.86,53.0,-1.01,2.85
AMZN,2022-09-22,117.08000183105467,118.79000091552734,116.26000213623048,117.30999755859376,55229200.0,36.623243765718,43.91840227918543,49.1830121361836,51.21750631581976,45.252334981637944,1.86,4.0,-1.0,0.42
AMZN,2022-09-23,116.0,116.0500030517578,112.05999755859376,113.77999877929688,65126700.0,37.21809699028499,44.32212499174681,49.41089630939627,51.28940493633628,45.3294410373194,1.85,4.0,-1.0,0.36
AMZN,2022-09-26,113.3000030517578,117.33999633789062,113.12999725341795,115.1500015258789,62723300.0,36.74953725663768,44.047277046681906,49.45273604892944,51.313059495602,45.34768670524749,1.84,4.0,-1.0,0.35
AMZN,2022-09-27,117.1999969482422,118.31999969482422,113.0500030517578,114.41000366210938,60094700.0,36.723028134792926,43.635563392797785,49.4084856476596,51.315080945238655,45.34836283019889,1.83,2.0,-0.99,0.36
AMZN,2022-09-28,114.37999725341795,118.6999969482422,113.8000030517578,118.01000213623048,55763800.0,38.02536928389068,43.497100270938866,48.06850395961937,51.45961605820737,45.39418297919436,1.9,1.0,-0.98,0.32
AMZN,2022-09-29,115.5999984741211,116.06999969482422,113.05999755859376,114.8000030517578,58969700.0,38.35255814177951,43.85525257169725,48.21719545969511,51.460242669883236,45.46887606806059,1.95,2.0,-0.98,0.28
AMZN,2022-09-30,114.08000183105467,116.91999816894533,112.83999633789062,113.0,59479600.0,38.34477685701525,43.823702807000956,47.51754918618601,51.48586597621336,45.49028595722851,2.04,1.0,-0.97,0.38
AMZN,2022-10-03,113.58000183105467,116.91000366210938,112.4499969482422,115.87999725341795,50941900.0,38.936538037004134,44.11554660646919,47.68021053923845,51.51737806325072,45.56821481472787,2.11,2.0,-0.96,0.34
AMZN,2022-10-04,119.88999938964844,123.0,119.79000091552734,121.08999633789062,62812600.0,40.36571917273274,44.4600869189408,47.87200566834308,51.79451144379995,45.70902308978081,2.18,3.0,-0.94,0.31
AMZN,2022-10-05,118.58000183105467,121.75,117.69000244140624,120.9499969482422,48217500.0,40.32838562376764,44.1761983195801,47.82607208958214,51.74803343849729,45.69608182607624,2.25,3.0,-0.92,0.32
AMZN,2022-10-06,120.7699966430664,121.52999877929688,119.5,120.3000030517578,42253800.0,40.3078920969937,44.158833619466144,47.03184332754102,51.71896349593692,45.677038341740285,2.34,1.0,-0.91,0.43
AMZN,2022-10-07,118.0,118.16999816894533,113.87999725341795,114.55999755859376,54678000.0,41.38950328019961,45.346349180751446,47.574162590928935,51.913054021398565,45.90460798839604,2.42,3.0,-0.9,0.35
AMZN,2022-10-10,115.0999984741211,116.25,112.43000030517578,113.66999816894533,42339700.0,39.37049712359229,45.064034313404285,47.15627808571192,51.42924540521056,45.90818863751892,2.51,2.0,-0.9,0.43
AMZN,2022-10-11,112.70999908447266,115.4800033569336,110.38999938964844,112.20999908447266,56432200.0,39.43655651184402,45.14007182471066,45.685178687586564,51.41857297438096,45.90812657594581,2.64,1.0,-0.89,0.44
AMZN,2022-10-12,112.48999786376952,113.83000183105467,111.4000015258789,112.9000015258789,45728700.0,39.5493663443858,44.44066936064927,45.69347587075265,51.296618517405534,45.91407234643924,2.76,2.0,-0.88,0.44
AMZN,2022-10-13,107.87999725341795,113.44000244140624,105.3499984741211,112.52999877929688,86868100.0,39.41293399989797,43.707523189659916,45.696240286858924,51.290870268188115,45.89655621361594,2.87,3.0,-0.87,0.44
AMZN,2022-10-14,114.0999984741211,114.95999908447266,106.5999984741211,106.9000015258789,67737300.0,41.532885189116556,44.741982200486554,46.42955381926878,51.62648165627123,46.16171703397635,2.96,4.0,-0.87,0.33
AMZN,2022-10-17,110.11000061035156,114.19000244140624,110.08999633789062,113.79000091552734,62782000.0,46.026862945262415,46.55927175563887,47.17877891893636,52.04111685144144,46.48051336972117,3.03,7.0,-0.86,0.29
AMZN,2022-10-18,119.05999755859376,119.5199966430664,114.79000091552734,116.36000061035156,65607400.0,46.583361889137436,46.765403332356534,47.14110416401526,51.90601068600793,46.52515611651996,3.09,6.0,-0.83,0.3
AMZN,2022-10-19,114.70999908447266,116.58999633789062,113.22000122070312,115.06999969482422,47198100.0,45.812744157198445,45.50207498141576,46.768437957863725,51.89847100965992,46.534960846701885,3.16,5.0,-0.82,0.38
AMZN,2022-10-20,113.83000183105467,118.23999786376952,113.51000213623048,115.25,48795100.0,45.800597815644814,44.183796684188444,46.418951840316055,51.898996993411984,46.530887164091176,3.23,4.0,-0.82,0.47
AMZN,2022-10-21,114.79000091552734,119.58999633789062,114.5,119.31999969482422,55660500.0,46.34887115976495,44.7206906428203,46.24101122339557,51.19671332513664,46.66633472396654,3.3,4.0,-0.82,0.5
AMZN,2022-10-24,119.9800033569336,120.38999938964844,116.56999969482422,119.81999969482422,49531500.0,45.69355670092381,39.69738779847984,46.20439672809632,48.891467397861284,46.585233703685994,3.37,4.0,-0.82,0.51
AMZN,2022-10-25,119.6500015258789,121.31999969482422,118.9499969482422,120.5999984741211,50934600.0,40.837273993130935,39.72113147603732,45.947416275507265,48.89902900441865,46.59060094845336,3.44,4.0,-0.81,0.58
AMZN,2022-10-26,116.0,119.3499984741211,114.76000213623048,115.66000366210938,68802300.0,42.17491118372437,40.53121524233657,46.24641729120637,49.05162517280214,46.73160534751302,3.49,7.0,-0.81,0.53
AMZN,2022-10-27,113.91999816894533,114.12000274658205,109.7699966430664,110.95999908447266,129605400.0,43.41174796795655,40.36171141368707,46.58225130051817,49.27521975212891,46.897801919620385,3.54,10.0,-0.82,0.47
AMZN,2022-10-28,97.91000366210938,103.95999908447266,97.66000366210938,103.41000366210938,223133400.0,47.23198843285336,42.25070440183698,47.82096536890983,49.917535461238344,47.36595135416585,3.57,19.0,-0.83,0.42
AMZN,2022-10-31,103.55999755859376,104.87000274658205,100.73999786376952,102.44000244140624,99251400.0,47.024398800130264,42.23323186099697,47.79043285116465,49.75892429308838,47.33046292910013,3.59,19.0,-0.84,0.43
AMZN,2022-11-01,103.98999786376952,104.58000183105467,96.05999755859376,96.79000091552734,153370000.0,49.09702652181206,43.52194998630197,48.154209240318394,50.144516432906464,47.62527889847794,3.61,24.0,-0.8,0.4
AMZN,2022-11-02,97.31999969482422,97.73999786376952,92.01000213623048,92.12000274658205,135761800.0,50.16196209204673,44.410159213045745,47.93114511279693,50.43116951541201,47.85966846686245,3.62,23.0,-0.66,0.41
AMZN,2022-11-03,92.47000122070312,93.5,89.0199966430664,89.30000305175781,136683300.0,50.59000535489672,43.83452961968781,47.37088929089267,50.51657517140157,47.88683239136864,3.63,16.0,-0.46,0.47
AMZN,2022-11-04,91.48999786376952,92.44000244140624,88.04000091552734,90.9800033569336,129101300.0,50.78536619068117,44.14375679932642,47.44012667611337,50.53193148244759,47.84163926500311,3.64,17.0,-0.35,0.44
AMZN,2022-11-07,91.9499969482422,92.0999984741211,89.04000091552734,90.52999877929688,77495700.0,50.45871898828157,43.76723738522039,46.69767396708618,50.51736215773383,47.81982719532334,3.66,11.0,-0.29,0.57
AMZN,2022-11-08,90.79000091552734,91.72000122070312,88.2300033569336,89.9800033569336,88703400.0,50.45977895550463,43.755664673872815,46.34116260853394,50.49523464154815,47.8173906134058,3.67,8.0,-0.22,0.66
AMZN,2022-11-09,89.47000122070312,89.4800033569336,85.87000274658203,86.13999938964844,90796200.0,50.08151695146774,44.183737990281976,46.63361792569701,50.569770721770645,47.913311385138584,3.68,12.0,-0.11,0.61
AMZN,2022-11-10,92.94000244140624,98.69000244140624,91.6500015258789,96.62999725341795,173414900.0,61.56809299967374,50.866332878610976,50.051501701902936,52.164981309124315,49.28040091805937,3.66,36.0,-0.16,1.59
AMZN,2022-11-11,97.87999725341795,101.19000244140624,96.66000366210938,100.79000091552734,111590500.0,63.01926522229547,51.81091011277624,50.51922215232207,52.38712536517268,49.480754227026594,3.62,37.0,-0.21,1.43
AMZN,2022-11-14,98.7699966430664,100.12000274658205,97.29000091552734,98.48999786376952,99533100.0,62.6417280410268,51.7112450285245,50.373858375572034,52.444420514606335,49.49455650673244,3.59,37.0,-0.28,1.51
AMZN,2022-11-15,103.20999908447266,103.79000091552734,97.33999633789062,98.94000244140624,111336300.0,60.95972563263409,51.33732712945008,50.043428540693455,52.42654606781678,49.49265872615324,3.56,36.0,-0.36,1.63
AMZN,2022-11-16,96.8499984741211,98.48999786376952,95.54000091552734,97.12000274658205,87958800.0,61.03009951227789,51.38478274161168,49.93628129127542,52.45199616270349,49.5192385183572,3.53,36.0,-0.42,1.66
AMZN,2022-11-17,95.37000274658205,96.97000122070312,94.02999877929688,94.8499984741211,82617900.0,61.20927539568025,51.50155373233189,49.386625648755164,52.426781660991736,49.562540093790744,3.48,33.0,-0.46,1.77
AMZN,2022-11-18,95.9499969482422,95.98999786376952,92.4800033569336,94.13999938964844,72428200.0,59.96493737977999,51.08444424761983,49.3352389333084,52.407760273882964,49.37578296038699,3.46,33.0,-0.51,1.81
AMZN,2022-11-21,93.97000122070312,95.0199966430664,90.58999633789062,92.45999908447266,84330300.0,60.05641792755072,50.3771212539403,49.26034102346287,52.02498730166678,49.39891321266159,3.47,33.0,-0.54,1.83
AMZN,2022-11-22,92.62000274658205,93.3499984741211,90.87000274658205,93.1999969482422,62192000.0,60.17899958417851,50.45443161790419,49.00904713562759,52.02937536985319,49.34144304127061,3.47,32.0,-0.59,1.94
AMZN,2022-11-23,93.23999786376952,94.58000183105467,92.83000183105467,94.12999725341795,59414700.0,60.25658677630036,50.54999744506471,48.68641557516041,51.95858178912215,49.355120974576536,3.48,32.0,-0.65,2.07
AMZN,2022-11-25,93.79000091552734,94.43000030517578,93.06999969482422,93.41000366210938,35088600.0,60.25244322458649,50.5088122092498,48.67272185384135,51.550189063303996,49.357054652581795,3.49,32.0,-0.71,2.09
AMZN,2022-11-28,93.93000030517578,96.4000015258789,93.43000030517578,93.9499969482422,74943100.0,58.791799494152755,50.483350092152776,48.59011266631344,51.55390276040034,49.32776607911259,3.5,32.0,-0.78,2.13
AMZN,2022-11-29,94.04000091552734,94.41000366210938,91.44000244140624,92.41999816894533,65567300.0,55.35212563370396,50.532760330153394,48.63754927995924,51.50753695902344,49.311882371305806,3.51,33.0,-0.83,2.12
AMZN,2022-11-30,92.47000122070312,96.54000091552734,91.52999877929688,96.54000091552734,102805800.0,56.65807138628737,51.502597229987636,48.91784573658132,51.57228966932452,49.51079033337677,3.51,36.0,-0.88,1.97
AMZN,2022-12-01,96.98999786376952,97.2300033569336,94.91999816894533,95.5,68488000.0,56.65575187584396,51.11443371913471,48.820641420221875,51.355458620588465,49.492522042281145,3.51,36.0,-0.92,2.0
AMZN,2022-12-02,94.4800033569336,95.36000061035156,93.77999877929688,94.12999725341795,72496400.0,56.654831491023394,51.124388202167026,48.8256778551466,51.255806725656996,49.507307084003685,3.52,37.0,-0.96,2.02
AMZN,2022-12-05,93.0500030517578,94.05999755859376,90.81999969482422,91.01000213623048,71535500.0,55.76786427047969,51.01823426357171,49.08693145721419,51.27591966580678,49.59301099874298,3.52,40.0,-1.0,1.96
AMZN,2022-12-06,90.5,91.04000091552734,87.9000015258789,88.25,75503600.0,55.968942932785616,50.872231500128194,49.09092250652593,51.37674008553657,49.65507108175216,3.52,41.0,-1.04,2.01
AMZN,2022-12-07,88.33999633789062,89.88999938964844,87.4800033569336,88.45999908447266,68086900.0,55.87504949372877,49.012752978803604,49.0921927425347,51.30084273151706,49.56485105231768,3.52,42.0,-1.08,2.01
AMZN,2022-12-08,89.23999786376953,90.86000061035156,87.87999725341797,90.3499984741211,73305900.0,55.77111760560848,49.16655344566702,48.80223837607606,51.378879901205245,49.621628692512495,3.52,36.0,-1.12,2.11
AMZN,2022-12-09,88.9000015258789,90.3000030517578,88.62999725341797,89.08999633789062,67398500.0,54.90978688923626,49.13349445528463,48.398617343639515,51.391417603949165,49.627112922327036,3.53,32.0,-1.16,2.31
AMZN,2022-12-12,89.20999908447266,90.58000183105467,87.87000274658203,90.5500030517578,61999800.0,51.91379176909473,49.22038950823392,48.41069362073143,51.42981900659007,49.6554213980376,3.53,33.0,-1.19,2.3
AMZN,2022-12-13,95.2300033569336,96.25,90.5199966430664,92.48999786376952,100212000.0,52.41387785299316,49.43218915679975,48.50622248877377,51.40018940934408,49.6949993777417,3.53,34.0,-1.23,2.22
AMZN,2022-12-14,92.5,93.45999908447266,89.87000274658203,91.58000183105467,70298000.0,49.97387805788193,49.344100690306846,48.503802522727064,51.4021399151391,49.70061752260911,3.54,34.0,-1.26,2.22
AMZN,2022-12-15,89.88999938964844,89.97000122070312,87.47000122070312,88.44999694824219,84802900.0,48.929072619254974,49.45068425794911,48.090385917360464,51.50752366865593,49.7306419487712,3.54,30.0,-1.29,2.32
AMZN,2022-12-16,88.2699966430664,89.3499984741211,86.7300033569336,87.86000061035156,146144100.0,48.145322557691145,49.438697291648495,47.281939830831035,51.4712982092854,49.67726824227343,3.54,19.0,-1.32,2.63
AMZN,2022-12-19,87.51000213623047,87.62999725341797,84.51000213623047,84.91999816894531,83531500.0,48.73856946141176,49.52119096271507,47.47956628268374,51.591689228303,49.767567301804526,3.54,22.0,-1.33,2.6
AMZN,2022-12-20,85.33000183105469,86.61000061035156,84.33000183105469,85.19000244140625,74348300.0,48.75698316545428,49.426126545408856,44.57707231896683,51.453353967638485,49.749202992834654,3.55,1.0,-1.33,2.49
AMZN,2022-12-21,86.18000030517578,87.2300033569336,85.20999908447266,86.7699966430664,59267200.0,49.09425957862479,49.65684873339501,44.70933912838391,51.45260928657409,49.7430346939505,3.56,2.0,-1.32,2.42
AMZN,2022-12-22,85.5199966430664,85.68000030517578,82.25,83.79000091552734,81431300.0,48.50453780558747,49.4764741823567,44.96526168348528,51.47015849943164,49.843401058223606,3.56,3.0,-1.31,2.33
AMZN,2022-12-23,83.25,85.77999877929688,82.93000030517578,85.25,57433700.0,34.46511470622104,49.48352485100336,44.55374262142576,51.52810255024964,49.883066479310074,3.58,1.0,-1.3,2.49
AMZN,2022-12-27,84.97000122070312,85.3499984741211,83.0,83.04000091552734,57284000.0,32.09659561662623,49.62768637847176,44.47582133956246,51.555742229516675,49.93550597439725,3.58,1.0,-1.29,2.57
AMZN,2022-12-28,82.80000305175781,83.4800033569336,81.69000244140625,81.81999969482422,58228600.0,31.81224518089447,49.25995431038432,44.48669141290348,51.52705362425933,49.94218529699467,3.59,2.0,-1.28,2.57
AMZN,2022-12-29,82.87000274658203,84.55000305175781,82.55000305175781,84.18000030517578,54995900.0,33.233637875458165,48.68875393314424,44.80365623714001,51.66449395620331,50.03711835081245,3.59,6.0,-1.27,2.4
AMZN,2022-12-30,83.12000274658203,84.05000305175781,82.47000122070312,84.0,62401200.0,33.007734778679655,48.68494018656849,44.79434024519375,51.503504075223184,50.037130058719804,3.6,6.0,-1.25,2.39
AMZN,2023-01-03,85.45999908447266,86.95999908447266,84.20999908447266,85.81999969482422,76706000.0,33.35939735892172,49.010390505989946,44.54530748232009,51.52291291583023,50.087786522578384,3.6,3.0,-1.25,2.49
AMZN,2023-01-04,86.55000305175781,86.9800033569336,83.36000061035156,85.13999938964844,68885100.0,33.364447896239355,48.1780106277899,44.52236015717217,51.511523922405644,50.03001657760109,3.61,3.0,-1.24,2.5
AMZN,2023-01-05,85.33000183105469,85.41999816894531,83.06999969482422,83.12000274658203,67930800.0,33.637940502774825,48.33332732374303,44.4338601248593,51.37507139483538,50.05479697119717,3.61,1.0,-1.25,2.58
AMZN,2023-01-06,83.02999877929688,86.4000015258789,81.43000030517578,86.08000183105469,83303400.0,35.312058054759,48.9999018445873,44.89384777588003,51.5044967476002,50.16996923937134,3.6,11.0,-1.27,2.36
AMZN,2023-01-09,87.45999908447266,89.4800033569336,87.08000183105469,87.36000061035156,65266100.0,35.48891845119741,49.11104732306231,44.931072950206264,51.383853565068016,50.19808018390819,3.59,12.0,-1.32,2.34
AMZN,2023-01-10,87.56999969482422,90.19000244140624,87.29000091552734,89.87000274658203,67756600.0,36.549684813111725,49.56346686966435,45.18702967801251,51.43632050582073,50.2921549024802,3.57,14.0,-1.34,2.2
AMZN,2023-01-11,90.93000030517578,95.26000213623048,90.93000030517578,95.08999633789062,103126200.0,40.17328471949171,50.06402112876659,46.206361778840105,51.8819537033642,50.6328696168436,3.54,20.0,-1.38,1.91
AMZN,2023-01-12,96.93000030517578,97.19000244140624,93.5,95.2699966430664,85254800.0,39.85632096180584,48.24124530670494,46.04111560068352,51.613939994402756,50.56812420512211,3.51,19.0,-1.39,1.95
AMZN,2023-01-13,94.18000030517578,98.37000274658205,94.12000274658205,98.12000274658205,85549400.0,38.73811836702665,48.423060048767596,46.0289904795898,51.74263849590749,50.66704043090039,3.47,19.0,-1.36,1.91
AMZN,2023-01-17,98.68000030517578,98.88999938964844,95.7300033569336,96.0500030517578,72755000.0,39.12316680549022,48.542348762409034,46.10938075238218,51.484468426775074,50.65405896568016,3.43,21.0,-1.33,1.89
AMZN,2023-01-18,97.25,99.31999969482422,95.37999725341795,95.45999908447266,79570400.0,38.926901853183196,48.53707221514794,46.10552117832205,48.333606631880585,50.6496912890461,3.39,21.0,-1.31,1.9
AMZN,2023-01-19,94.73999786376952,95.44000244140624,92.86000061035156,93.68000030517578,69002700.0,38.019836455027686,47.991019925094506,45.932589159556194,48.375607527609446,50.64542805787708,3.34,18.0,-1.33,2.0
AMZN,2023-01-20,93.86000061035156,97.3499984741211,93.1999969482422,97.25,67481500.0,38.20670116069769,48.711309865992995,45.823773149670394,48.59493024708089,50.7778489341167,3.29,18.0,-1.29,1.96
AMZN,2023-01-23,97.55999755859376,97.77999877929688,95.86000061035156,97.5199966430664,76501100.0,38.20609905301492,48.684778658451286,45.82721434617805,48.565784102027514,50.700906832592096,3.23,19.0,-1.25,1.95
AMZN,2023-01-24,96.93000030517578,98.08999633789062,96.0,96.31999969482422,66929500.0,38.07718339106251,48.065869415725956,45.844422669031935,47.70824823908053,50.3583746015418,3.18,20.0,-1.21,1.94
AMZN,2023-01-25,92.55999755859376,97.23999786376952,91.5199966430664,97.18000030517578,94261600.0,37.80972300772138,47.450095247344585,45.83839943081188,47.69711839723094,50.34741933131286,3.12,20.0,-1.15,1.93
AMZN,2023-01-26,98.23999786376952,99.48999786376952,96.91999816894533,99.22000122070312,68523600.0,37.97081863157434,45.48789596774305,45.95723999592137,47.35224613931341,50.30355693293291,3.06,24.0,-1.09,1.87
AMZN,2023-01-27,99.52999877929688,103.48999786376952,99.52999877929688,102.23999786376952,87775600.0,38.41845451004817,45.8799324537131,46.24622552671821,47.489377252747275,50.396599871148496,2.99,32.0,-1.03,1.74
AMZN,2023-01-30,101.08999633789062,101.73999786376952,99.01000213623048,100.5500030517578,70691900.0,38.67075116715397,44.47838017506535,46.28219559996405,47.37474433023983,50.415703825105226,2.92,34.0,-0.96,1.73
AMZN,2023-01-31,101.16000366210938,103.3499984741211,101.13999938964844,103.12999725341795,66527300.0,37.45811956444102,43.511517783655485,46.266157628844255,47.438773285703874,50.38492642986701,2.85,34.0,-0.91,1.74
AMZN,2023-02-01,102.52999877929688,106.23999786376952,101.23999786376952,105.1500015258789,80450100.0,37.50645817871261,43.10576599138271,46.387838146834696,47.029305815230806,50.272374099812346,2.77,37.0,-0.87,1.68
AMZN,2023-02-02,110.25,114.0,108.87999725341795,112.91000366210938,158154200.0,40.062834861222726,45.228526792726385,47.62019866200231,47.72685699951168,50.779905117288614,2.68,54.0,-0.93,1.54
AMZN,2023-02-03,105.26000213623048,108.77999877929688,102.5199966430664,103.38999938964844,144374800.0,49.039101769381546,48.954994835325785,49.38037923841762,48.613703228626186,51.51798322627062,2.6,84.0,-1.12,1.57
AMZN,2023-02-06,102.93000030517578,103.9499969482422,100.6500015258789,102.18000030517578,81945200.0,49.180437966722344,49.009954233131914,48.09690253031364,47.83713793613816,50.9013489865468,2.47,63.0,-1.1,1.74
AMZN,2023-02-07,101.16999816894533,102.41000366210938,98.08000183105467,102.11000061035156,119501300.0,47.71563271714817,48.07981453732212,48.03159302724009,47.83645434918425,49.24817024624713,2.34,61.0,-1.12,1.78
AMZN,2023-02-08,102.04000091552734,102.66999816894533,98.77999877929688,100.0500030517578,75878300.0,48.22833595526656,42.25052527338434,48.05439476884678,47.89430463301453,49.28211950003083,2.21,62.0,-1.12,1.77
AMZN,2023-02-09,101.31999969482422,101.77999877929688,97.56999969482422,98.23999786376952,64622500.0,47.82649451625014,41.51932141070237,48.01886547541756,47.9408620004325,49.25230509172637,2.07,61.0,-1.09,1.78
AMZN,2023-02-10,97.55999755859376,98.81999969482422,96.2300033569336,97.61000061035156,52740100.0,47.577137287909494,41.27071342598854,47.98833883575963,47.79332395996386,49.25429042036042,1.92,61.0,-1.08,1.8
AMZN,2023-02-13,97.8499984741211,99.68000030517578,96.91000366210938,99.54000091552734,52841500.0,47.28064345993413,41.45828755761677,48.03098442945734,47.754322569289066,49.28738618844148,1.76,63.0,-1.04,1.76
AMZN,2023-02-14,98.41000366210938,100.91999816894533,97.5199966430664,99.6999969482422,56202900.0,47.23988595140036,41.27606335873594,47.819489807763816,47.518554475865486,49.16513835229024,1.6,57.0,-0.98,1.82
AMZN,2023-02-15,99.08999633789062,101.16999816894533,98.4499969482422,101.16000366210938,47957600.0,47.082424397301786,41.065627431238134,47.86810485382954,47.35364753383249,49.172481245324256,1.59,60.0,-0.92,1.79
AMZN,2023-02-16,99.20999908447266,100.62999725341795,98.0999984741211,98.1500015258789,56339200.0,48.06565599657747,41.52903219866021,47.86277620400453,47.193667950224096,49.24392156447357,1.58,60.0,-0.85,1.79
AMZN,2023-02-17,97.8000030517578,97.94000244140624,95.6500015258789,97.1999969482422,60029400.0,47.49808374451423,41.404241057950415,47.831527003248524,47.1778441857499,49.23550251342385,1.56,60.0,-0.77,1.81
AMZN,2023-02-21,95.33999633789062,95.61000061035156,94.2699966430664,94.58000183105467,56580400.0,47.53728724111558,41.77454562844583,47.99885507969665,47.12161561667267,49.25996096112943,1.55,66.0,-0.68,1.76
AMZN,2023-02-22,95.0999984741211,97.01000213623048,94.8000030517578,95.79000091552734,59534100.0,47.49746672846288,41.80598488942842,47.76731869620131,47.065265660609874,49.26835528210282,1.55,56.0,-0.58,1.85
AMZN,2023-02-23,96.12000274658205,96.43000030517578,93.66999816894533,95.81999969482422,48467000.0,46.89316270043464,41.772982245465904,47.59332011704827,46.99869858722339,49.248662328389955,1.55,54.0,-0.48,1.9
AMZN,2023-02-24,93.52999877929688,94.13999938964844,92.31999969482422,93.5,57053800.0,44.556175803385486,42.06741125710564,47.67848501758709,47.052869983040814,49.17898052324489,1.55,55.0,-0.38,1.88
AMZN,2023-02-27,94.27999877929688,94.77999877929688,93.13999938964844,93.76000213623048,47470300.0,44.561152944724164,41.93269016229325,47.48709943759277,47.02857293012053,48.965372783594724,1.54,52.0,-0.25,1.96
AMZN,2023-02-28,93.13999938964844,94.69000244140624,92.91999816894533,94.2300033569336,43959300.0,43.68487216813889,40.962208079383615,46.923750538166644,46.78100168829174,48.93760341679476,1.54,44.0,-0.17,2.17
AMZN,2023-03-01,93.87000274658205,94.68000030517578,91.58999633789062,92.16999816894533,52299500.0,43.71650353249242,41.14949551475814,47.02610805953215,46.36499406981358,48.97908014257907,1.54,45.0,-0.1,2.14
AMZN,2023-03-02,91.41000366210938,92.2300033569336,90.38999938964844,92.12999725341795,55509400.0,43.69351347404988,41.04801710742224,47.02552162628389,45.89888993639655,48.95953472014392,1.54,45.0,-0.03,2.14
AMZN,2023-03-03,92.73999786376952,94.94000244140624,92.66000366210938,94.9000015258789,55759600.0,44.24655599314556,40.901996333868446,46.71176639666657,46.013631856309644,49.055004333142485,1.54,43.0,0.12,2.17
AMZN,2023-03-06,95.19000244140624,96.5500030517578,93.73999786376952,93.75,52112400.0,42.96183154406486,40.465545760192555,46.73113038617221,45.62435019595704,48.99750464537559,1.54,44.0,0.29,2.17
AMZN,2023-03-07,94.05999755859376,95.08999633789062,92.77999877929688,93.5500030517578,49100700.0,42.94572631897861,40.46959128376415,46.6978544928595,45.409695445551556,48.978567841295565,1.54,42.0,0.47,2.17
AMZN,2023-03-08,93.5999984741211,94.16999816894533,92.18000030517578,93.91999816894533,44899100.0,42.84305271497404,40.2557257078477,46.689680269729536,45.31578007166571,48.65665560167407,1.53,40.0,0.67,2.18
AMZN,2023-03-09,93.68000030517578,96.20999908447266,92.18000030517578,92.25,56218700.0,43.01888636948984,40.32433068587824,46.75913887449316,45.2742211749776,48.67610461701421,1.52,44.0,0.89,2.16
AMZN,2023-03-10,92.66999816894533,93.56999969482422,90.25,90.7300033569336,69827500.0,42.682331735511255,40.34126550456067,46.147500733425176,45.31044415485956,48.63305677048903,1.53,26.0,1.04,2.33
AMZN,2023-03-13,89.97000122070312,94.0199966430664,88.12000274658203,92.43000030517578,72397100.0,42.03939423502583,40.28579841350877,45.10987367475722,45.20516591789823,48.36864651606142,1.54,14.0,1.31,2.6
AMZN,2023-03-14,93.83000183105467,95.06999969482422,92.70999908447266,94.87999725341795,60912700.0,42.68907222324001,40.58461120927458,45.16665086893324,45.11639299884852,48.44433616819437,1.55,15.0,1.58,2.58
AMZN,2023-03-15,93.22000122070312,96.66999816894533,93.06999969482422,96.1999969482422,70731800.0,42.17714002863258,39.99351344948969,45.212353596763464,45.03529829682518,48.40965419537652,1.56,17.0,1.89,2.54
AMZN,2023-03-16,95.75,100.98999786376952,95.61000061035156,100.04000091552734,84446900.0,43.430028343598075,40.69430297165008,45.674480562434304,44.8577774166773,48.418063774573625,1.57,18.0,2.17,2.34
AMZN,2023-03-17,99.79000091552734,100.66000366210938,97.45999908447266,98.9499969482422,87300200.0,37.58694159747831,40.087789172480825,45.329170407541525,44.84197612709927,48.26234688765478,1.58,18.0,2.22,2.5
AMZN,2023-03-20,98.41000366210938,98.4800033569336,95.6999969482422,97.70999908447266,62388900.0,28.17102465894766,40.207610157312885,45.3504638023072,44.7692006313164,48.19018165867522,1.58,19.0,1.99,2.5
AMZN,2023-03-21,98.13999938964844,100.8499984741211,98.0,100.61000061035156,58597300.0,29.401555460500145,40.45440046077225,45.6026218695679,44.75180506890795,48.21476297903861,1.59,20.0,0.9,2.38
AMZN,2023-03-22,100.4499969482422,102.0999984741211,98.61000061035156,98.6999969482422,57475400.0,29.89458397353474,39.95726185595608,45.236963280674736,44.60228758344187,48.24454072867182,1.6,18.0,0.3,2.5
AMZN,2023-03-23,100.43000030517578,101.05999755859376,97.62000274658205,98.70999908447266,57559300.0,29.33271276339131,39.84509971251313,44.78272397605352,44.59210408837036,48.19080668737926,1.61,9.0,0.13,2.66
AMZN,2023-03-24,98.06999969482422,98.3000030517578,96.4000015258789,98.12999725341795,56095400.0,28.896120970203604,39.43477481082438,43.39078089719949,44.543625614645336,48.1872679164643,1.65,1.0,0.2,2.94
AMZN,2023-03-27,99.06999969482422,99.33999633789062,97.08000183105467,98.04000091552734,46721300.0,28.834181162527383,39.27267970975898,43.36737230840647,44.53815162405174,48.18611651358878,1.69,1.0,0.26,2.94
AMZN,2023-03-28,98.11000061035156,98.44000244140624,96.29000091552734,97.23999786376952,38720100.0,28.32673193679894,38.97628625284411,42.438100487350574,44.37936916637039,48.18176520803921,1.75,1.0,0.26,3.23
AMZN,2023-03-29,98.69000244140624,100.41999816894533,98.55999755859376,100.25,49783300.0,29.739378182521452,39.38517127203016,41.95932262061624,44.45410550362423,48.21430664815441,1.81,1.0,0.2,3.32
AMZN,2023-03-30,101.5500030517578,103.04000091552734,101.01000213623048,102.0,53633400.0,29.866023329655523,39.31140036756521,41.72437127785519,44.48418425786457,48.25163242486185,1.88,1.0,0.16,3.39
AMZN,2023-03-31,102.16000366210938,103.48999786376952,101.9499969482422,103.29000091552734,56750300.0,28.619371407402998,39.29482080880336,41.67136601561958,44.50984748070041,48.24689086125631,1.95,1.0,0.09,3.43
AMZN,2023-04-03,102.3000030517578,103.29000091552734,101.43000030517578,102.41000366210938,41135700.0,28.58075532659814,38.96359581329079,41.68896163572467,44.408747426134425,48.21708244305999,2.02,2.0,0.05,3.42
AMZN,2023-04-04,102.75,104.1999969482422,102.11000061035156,103.9499969482422,48662500.0,27.447903002169188,38.484479442831024,41.728443110776965,44.44572974807204,48.24338696645223,2.08,4.0,0.0,3.37
AMZN,2023-04-05,103.91000366210938,103.91000366210938,100.75,101.0999984741211,45175400.0,28.70395829361467,38.921707384194164,41.36775674592712,44.32040713110171,48.21469351744284,2.14,1.0,0.04,3.51
AMZN,2023-04-06,100.75,102.37999725341795,99.8000030517578,102.05999755859376,43808000.0,28.784930076813808,38.576081512700156,37.191268824926674,44.09795381450089,48.16889399685906,2.31,1.0,-0.02,1.36
AMZN,2023-04-10,100.95999908447266,102.1999969482422,99.56999969482422,102.16999816894533,37261200.0,27.66265951139839,36.876248943383,36.588397158056544,44.05728202314826,48.06940282198463,2.48,1.0,-0.03,1.54
AMZN,2023-04-11,100.8000030517578,101.0,99.01000213623048,99.91999816894533,60417800.0,28.612785789409923,37.18789231686776,36.57544342280256,44.08379542593019,48.11123449736367,2.63,1.0,-0.05,1.54
AMZN,2023-04-12,100.4000015258789,100.51000213623048,97.70999908447266,97.83000183105467,56735000.0,29.37692830497548,36.966534738550244,36.72367960348345,44.13354641291657,48.110613953504085,2.77,3.0,-0.04,1.48
AMZN,2023-04-13,98.9499969482422,102.56999969482422,98.70999908447266,102.4000015258789,67925100.0,31.203525843607622,37.8579491012646,37.312614939887,44.035375821155775,48.30155076963082,2.88,5.0,-0.09,1.34
AMZN,2023-04-14,102.06999969482422,103.1999969482422,101.11000061035156,102.51000213623048,51450500.0,31.190029094507448,37.82796913671862,37.1106523363921,43.583879828685184,48.30221182968938,2.99,4.0,-0.15,1.42
AMZN,2023-04-17,103.16000366210938,103.7300033569336,101.58999633789062,102.73999786376952,39919500.0,30.195417825491493,37.59766963881502,37.087483420663794,43.56334956691129,48.19298450231322,3.09,4.0,-0.21,1.44
AMZN,2023-04-18,103.9499969482422,104.1999969482422,101.5199966430664,102.3000030517578,39790500.0,29.94383641298875,36.862845690432756,36.973482577535535,41.92317339212329,48.136877994102335,3.19,4.0,-0.24,1.49
AMZN,2023-04-19,101.58000183105467,105.12000274658205,101.38999938964844,104.3000030517578,58398900.0,30.275477430414675,37.05618847601163,37.07214173197212,41.99236176386827,48.17466510851009,3.29,5.0,-0.29,1.45
AMZN,2023-04-20,103.52999877929688,105.25,103.20999908447266,103.80999755859376,57696900.0,30.37129137426642,36.97004731708311,37.056479684373386,41.98424467173369,48.04129788277717,3.38,5.0,-0.34,1.45
AMZN,2023-04-21,106.0999984741211,108.1500015258789,105.08000183105467,106.95999908447266,86774200.0,30.622248565944243,37.40350544386542,37.312140357809184,41.872092792218,48.08022735718616,3.45,10.0,-0.38,1.36
AMZN,2023-04-24,107.66000366210938,109.2300033569336,105.06999969482422,106.20999908447266,69575600.0,30.158978429988387,37.22834146503733,37.328962760528015,41.78671863077559,47.94546405164084,3.52,12.0,-0.42,1.35
AMZN,2023-04-25,104.91000366210938,105.4499969482422,102.4499969482422,102.56999969482422,65026800.0,32.02794533500903,37.453779471493725,37.66444223763216,41.952157258849546,47.99439482480345,3.58,13.0,-0.44,1.24
AMZN,2023-04-26,105.04000091552734,106.62000274658205,104.0999984741211,104.9800033569336,73803800.0,31.857993730331145,37.58512042743911,37.21419401354752,42.04459259578715,48.03921243870734,3.65,10.0,-0.49,1.35
AMZN,2023-04-27,108.16000366210938,110.86000061035156,106.8000030517578,109.81999969482422,149961200.0,33.966637205048265,38.34720859994402,37.82117801978062,42.38838971573636,48.04400871141733,3.69,15.0,-0.49,1.2
AMZN,2023-04-28,107.7300033569336,109.4800033569336,104.33000183105467,105.4499969482422,130715900.0,34.736667422544556,39.085397366336736,38.3247104998931,42.425991904744784,48.20119919440232,3.72,16.0,-0.53,1.07
AMZN,2023-05-01,104.9499969482422,105.2300033569336,101.81999969482422,102.0500030517578,74728100.0,35.98364828927521,36.738639841736386,38.30339015107055,42.55874099727544,48.0774414814266,3.75,16.0,-0.51,1.08
AMZN,2023-05-02,101.47000122070312,103.9000015258789,101.1500015258789,103.62999725341795,73469400.0,35.97568037030361,32.18233173039471,38.02347771201312,42.5253575874559,45.68595452116095,3.78,16.0,-0.48,1.18
AMZN,2023-05-03,103.73999786376952,105.95999908447266,103.27999877929688,103.6500015258789,65051900.0,35.03390436556356,32.08805647990397,38.02393195100263,42.525916534238874,45.685370742845066,3.8,17.0,-0.45,1.17
AMZN,2023-05-04,104.04000091552734,105.38999938964844,103.30999755859376,104.0,45345500.0,34.51204580366688,32.09383867495414,37.895720675752074,42.50269446311442,45.687030899933454,3.83,16.0,-0.43,1.22
AMZN,2023-05-05,104.2699966430664,105.76000213623048,103.5500030517578,105.66000366210938,56951700.0,34.74746276451231,31.95472723173763,37.88245997050868,42.50632641439016,45.69525877916226,3.86,16.0,-0.39,1.24
AMZN,2023-05-08,105.04000091552734,106.0999984741211,104.6999969482422,105.83000183105467,49430900.0,34.662276410405646,31.704180661166554,37.81055515498557,42.50653647221336,45.02097491262984,3.89,15.0,-0.38,1.26
AMZN,2023-05-09,105.4800033569336,106.79000091552734,105.16000366210938,106.62000274658205,44089400.0,34.674893260145474,31.68821594273558,37.69153409589169,42.39473968445265,45.00645671761473,3.91,15.0,-0.38,1.31
AMZN,2023-05-10,108.0999984741211,110.66999816894533,108.0500030517578,110.19000244140624,78627600.0,35.57926375832018,32.12932316091187,37.9764134290126,42.3775120977025,44.80959703717046,3.93,20.0,-0.36,1.22
AMZN,2023-05-11,111.02999877929688,113.27999877929688,110.48999786376952,112.18000030517578,74924800.0,34.95173110892858,32.3004577410358,37.60202632301071,42.43420885588341,44.84509698011742,3.95,14.0,-0.27,1.35
AMZN,2023-05-12,112.16000366210938,112.63999938964844,109.31999969482422,110.26000213623048,49852700.0,35.22147404135329,32.42902684890677,37.70422966578232,42.47700625052104,44.75921633103337,3.98,17.0,-0.22,1.3
AMZN,2023-05-15,111.1500015258789,112.29000091552734,109.25,111.1999969482422,53011100.0,35.140872887329856,31.779500346723356,37.26366285484677,42.37317279838368,44.74335247206631,4.01,11.0,-0.15,1.47
AMZN,2023-05-16,111.0500030517578,114.79000091552734,111.0500030517578,113.4000015258789,71472900.0,35.32059070473362,31.882078381587863,37.36002920863756,42.06349927278605,44.438028109332514,4.06,15.0,-0.06,1.43
AMZN,2023-05-17,114.88999938964844,115.83000183105467,114.22000122070312,115.5,65655200.0,35.4314477644998,31.423692386782125,37.359736719430906,42.11691365915702,44.42987036961397,4.1,15.0,0.06,1.43
AMZN,2023-05-18,116.69000244140624,118.5999984741211,116.33999633789062,118.1500015258789,73174100.0,34.56516297674614,31.616723810003975,36.99356324041506,42.19740581167271,44.30476312590766,4.15,5.0,0.25,1.56
AMZN,2023-05-19,118.16000366210938,118.30999755859376,115.6999969482422,116.25,55056300.0,35.08688366770432,31.86817311756982,37.0565909589093,42.20184203491143,43.703016958838994,4.19,7.0,0.32,1.52
AMZN,2023-05-22,116.7699966430664,116.7699966430664,114.25,115.01000213623048,70741100.0,35.34796307408211,31.478643349856906,36.82447639933583,42.20629541308176,43.71666959503074,4.24,4.0,0.31,1.62
AMZN,2023-05-23,114.2699966430664,117.13999938964844,113.77999877929688,114.98999786376952,67576300.0,34.49384442033697,31.487150011632632,36.71494264410373,42.20575353123952,43.71610459620873,4.28,3.0,0.23,1.68
AMZN,2023-05-24,115.3499984741211,117.33999633789062,115.0199966430664,116.75,63487900.0,33.72921370722158,31.57835722070441,36.54487872898247,42.2282861653138,43.74153087159808,4.33,1.0,0.21,1.74
AMZN,2023-05-25,116.62999725341795,116.87000274658205,114.30999755859376,115.0,66496700.0,32.06072240687221,31.367110404809534,36.651509421725734,42.142774046117744,43.643663008657576,4.37,4.0,0.14,1.69
AMZN,2023-05-26,116.04000091552734,121.5,116.0199966430664,120.11000061035156,96779900.0,34.034160206851325,32.39463385792097,37.09585166182385,42.46355921980065,43.785002720819975,4.41,14.0,0.22,1.56
AMZN,2023-05-30,122.37000274658205,122.91999816894533,119.86000061035156,121.66000366210938,64314800.0,34.09013935844263,32.0171277473906,37.081137456651966,42.37459976175179,43.62718052388134,4.44,13.0,0.3,1.58
AMZN,2023-05-31,121.4499969482422,122.04000091552734,119.16999816894533,120.58000183105467,72800800.0,34.23321579550147,31.952739842201872,36.87218201067284,42.28890766141954,43.48999100888947,4.47,8.0,0.21,1.67
AMZN,2023-06-01,120.69000244140624,123.48999786376952,119.93000030517578,122.7699966430664,54375100.0,34.18745371635975,32.04866284134347,36.60303371124044,41.45616043987279,43.314069640172185,4.51,4.0,0.25,1.77
AMZN,2023-06-02,124.91999816894533,126.38999938964844,124.0199966430664,124.25,61264400.0,34.09926211706657,32.08471063929973,36.58403240604102,41.4492717610565,43.313489727319734,4.54,3.0,0.32,1.77
AMZN,2023-06-05,123.36000061035156,125.8000030517578,123.02999877929688,125.3000030517578,47950100.0,33.35103676601549,31.744439713580263,36.376353334054485,41.408406885203824,43.21064140447854,4.57,1.0,0.39,1.86
AMZN,2023-06-06,125.06999969482422,127.4000015258789,125.0,126.61000061035156,45695200.0,33.17411247197443,31.43633370470339,35.38508870912135,41.34382148970812,43.14703573707405,4.61,1.0,0.42,2.07
AMZN,2023-06-07,127.01000213623048,127.37000274658205,120.62999725341795,121.2300033569336,95663300.0,34.163954585472254,32.874427509606456,36.13984790986321,41.64942614972233,43.32083708396846,4.64,2.0,0.25,1.81
AMZN,2023-06-08,123.01000213623048,125.62999725341795,122.26000213623048,124.25,62159300.0,34.22827862840533,32.83221783338697,36.055172329915806,41.68451731928555,43.36712093147316,4.66,2.0,0.13,1.84
AMZN,2023-06-09,124.08000183105467,125.8000030517578,123.19000244140624,123.43000030517578,51396000.0,32.273484891687076,32.85153947621507,35.88449174484851,41.535073993272285,43.346358782496054,4.68,2.0,-0.0,1.93
AMZN,2023-06-12,124.0199966430664,126.77999877929688,123.52999877929688,126.56999969482422,51338000.0,29.935605449236906,32.33540833745222,36.03541073676258,41.6196054837309,43.20784166993288,4.7,3.0,-0.06,1.87
AMZN,2023-06-13,128.1199951171875,128.41000366210938,125.18000030517578,126.66000366210938,50564800.0,27.64390310758362,32.19425304136597,35.86980793256181,41.456105189203356,42.814613153998586,4.72,2.0,-0.13,1.97
AMZN,2023-06-14,126.6999969482422,126.9499969482422,124.12000274658205,126.41999816894533,52422500.0,27.65367592585189,32.03097397197911,35.450958667283835,41.43501048771282,42.435973337943196,4.75,2.0,-0.23,2.12
AMZN,2023-06-15,125.20999908447266,127.69000244140624,124.31999969482422,127.11000061035156,60458500.0,27.589334455852565,31.60757647577431,35.4537798057183,41.43075322251373,42.41520800702511,4.77,3.0,-0.32,2.12
AMZN,2023-06-16,127.70999908447266,127.9000015258789,125.3000030517578,125.48999786376952,84247100.0,28.15788225164459,31.43622656905324,35.45865594950519,41.30232834573113,42.13626985603586,4.79,4.0,-0.42,2.12
AMZN,2023-06-20,124.97000122070312,127.25,124.5,125.77999877929688,56930100.0,28.03084789801463,31.427781729322035,35.44454707107976,41.169079936269995,41.95831100565105,4.81,2.0,-0.52,2.12
AMZN,2023-06-21,125.63999938964844,126.7300033569336,123.8499984741211,124.83000183105467,52137700.0,28.276015740132465,31.452467110781818,35.35975825383995,41.134698899517005,41.899327439161404,4.82,1.0,-0.63,2.15
AMZN,2023-06-22,125.30999755859376,130.3300018310547,125.13999938964844,130.14999389648438,90354600.0,30.164011663668955,32.36831258701901,35.64206064834547,41.320554029501174,42.04190276724022,4.83,7.0,-0.66,2.07
AMZN,2023-06-23,129.11000061035156,130.83999633789062,128.27999877929688,129.3300018310547,71927800.0,29.325184708549557,32.338652258336886,35.53875188620464,41.00533058716916,42.04740392462066,4.83,7.0,-0.73,2.13
AMZN,2023-06-26,129.3300018310547,131.49000549316406,127.0999984741211,127.33000183105467,59989300.0,29.68257014562515,32.15064968719574,35.46356819382825,41.04838783769078,41.964230811212225,4.84,7.0,-0.81,2.14
AMZN,2023-06-27,128.6300048828125,130.08999633789062,127.5500030517578,129.17999267578125,46801000.0,29.104548940429538,32.105053665101906,35.41060018756857,41.07676432970322,41.84357453494557,4.84,3.0,-0.88,2.16
AMZN,2023-06-28,128.94000244140625,131.47999572753906,128.44000244140625,129.0399932861328,52149500.0,29.145020391567478,32.07019468171994,33.632320720307064,40.656557411965736,41.745065922826804,4.84,1.0,-0.92,2.1
AMZN,2023-06-29,128.77000427246094,129.25999450683594,127.26000213623048,127.9000015258789,40761000.0,29.070804378598382,32.0754467059971,30.473995750007234,40.65990384319107,41.41191062778337,4.87,1.0,-0.99,-0.26
AMZN,2023-06-30,129.47000122070312,131.25,128.9499969482422,130.36000061035156,54350700.0,29.101587555136142,32.148152339414196,30.508937043234297,40.685558914663595,41.43110952181344,4.91,2.0,-1.05,-0.28
AMZN,2023-07-03,130.82000732421875,131.85000610351562,130.07000732421875,130.22000122070312,28264800.0,28.588637462185527,31.486844459577632,30.510013088970805,40.681283045092044,41.349806831890895,4.95,3.0,-1.1,-0.28
AMZN,2023-07-05,130.24000549316406,131.39999389648438,129.63999938964844,130.3800048828125,35895400.0,27.998107620984026,31.473576120310447,30.29079612106122,40.67842208416877,41.238193661785864,4.98,1.0,-1.15,-0.22
AMZN,2023-07-06,128.25,128.72999572753906,127.37000274658205,128.36000061035156,40639900.0,28.253631788526224,31.726510944984636,30.247254119975373,40.25117608454683,41.12307279379586,5.01,1.0,-1.21,-0.21
AMZN,2023-07-07,128.58999633789062,130.97000122070312,128.1300048828125,129.77999877929688,41992300.0,28.307443347288064,31.288406975108423,30.240250963411597,39.600538237639995,41.13091750241911,5.03,1.0,-1.25,-0.21
AMZN,2023-07-10,129.07000732421875,129.27999877929688,125.91999816894533,127.12999725341795,61889300.0,28.976507506387183,31.27089377409223,30.347456732825012,39.59686166776222,41.15011742819393,5.04,4.0,-1.3,-0.23
AMZN,2023-07-11,127.75,129.77000427246094,127.3499984741211,128.77999877929688,49951500.0,28.60387721641319,30.123031932318938,30.392380524907043,39.59955432989774,41.162854665290446,5.05,5.0,-1.34,-0.25
AMZN,2023-07-12,130.30999755859375,131.25999450683594,128.8300018310547,130.8000030517578,54022800.0,26.287389253546245,30.212842954177084,30.403109675277452,39.63885350876753,41.05028836301399,5.05,6.0,-1.37,-0.25
AMZN,2023-07-13,134.0399932861328,134.6699981689453,132.7100067138672,134.3000030517578,61170900.0,27.02017440225866,30.55461146222952,30.176999993113583,39.55070079057103,41.06271782382489,5.05,1.0,-1.38,-0.24
AMZN,2023-07-14,134.05999755859375,136.64999389648438,134.05999755859375,134.67999267578125,54487100.0,26.772207037203895,30.502263628115095,30.10652213391854,39.549324774773375,41.05113335914114,5.05,1.0,-1.38,-0.21
AMZN,2023-07-17,134.55999755859375,135.6199951171875,133.2100067138672,133.55999755859375,48450200.0,26.636979886016697,30.457479997124278,29.764586558622074,39.55745516054572,41.061089838167945,5.04,1.0,-1.39,-0.16
AMZN,2023-07-18,132.7100067138672,133.86000061035156,131.35000610351562,132.8300018310547,54882900.0,26.5951136748739,30.467443261357253,29.760607867785076,39.24162101760463,40.987000456784486,5.03,1.0,-1.4,-0.15
AMZN,2023-07-19,133.38999938964844,135.99000549316406,132.52999877929688,135.36000061035156,54531000.0,26.976306581816072,30.151068601679604,29.85929128813077,38.9755837641787,41.02742759390628,5.01,3.0,-1.41,-0.19
AMZN,2023-07-20,134.07000732421875,134.7899932861328,129.3300018310547,129.9600067138672,59820600.0,29.62503904211573,31.436367165923823,30.35220826150707,38.360474393345626,41.06036515597483,4.98,10.0,-1.43,-0.12
AMZN,2023-07-21,131.33999633789062,131.3699951171875,128.4199981689453,130.0,133307300.0,26.488794668213984,30.419036496180663,30.355807091824726,38.33955666590386,40.88763370966299,4.95,11.0,-1.44,-0.13
AMZN,2023-07-24,130.30999755859375,131.66000366210938,128.35000610351562,128.8000030517578,45591100.0,25.824419764361632,30.2682450629962,30.419575060963687,37.73425251072937,40.871497300148285,4.92,14.0,-1.46,-0.15
AMZN,2023-07-25,129.30999755859375,129.5800018310547,128.52999877929688,129.1300048828125,39236700.0,25.719698970050313,28.995959646386467,30.149656219111005,37.24247858311499,40.83210618987124,4.89,5.0,-1.47,-0.08
AMZN,2023-07-26,126.51000213623048,129.0800018310547,126.11000061035156,128.14999389648438,53910100.0,24.84281029445538,27.64847356604815,30.194277534799006,37.053040846874715,40.825504014369905,4.85,7.0,-1.49,-0.09
AMZN,2023-07-27,131.0,132.6300048828125,127.79000091552734,128.25,52610700.0,24.842890396224842,26.617111034260965,29.899943936264485,37.00040433514143,40.465393423006425,4.81,4.0,-1.5,-0.02
AMZN,2023-07-28,129.69000244140625,133.00999450683594,129.3300018310547,132.2100067138672,46317400.0,26.303202280029435,27.070850794921732,30.112606517121293,37.144388568479854,40.24279199527174,4.76,6.0,-1.5,-0.06
AMZN,2023-07-31,133.1999969482422,133.8699951171875,132.3800048828125,133.67999267578125,41901500.0,26.42650721709775,27.096125283267924,30.123279926125434,37.14653438031028,40.24354635833735,4.71,7.0,-1.51,-0.06
AMZN,2023-08-01,133.5500030517578,133.69000244140625,131.6199951171875,131.69000244140625,42098500.0,26.537343421638624,27.381311525396523,30.26702263233773,36.80240538270445,39.04491472747942,4.65,13.0,-1.51,-0.11
AMZN,2023-08-02,130.14999389648438,130.22999572753906,126.81999969482422,128.2100067138672,51027600.0,27.780709762412975,27.976591613838004,30.45746669655115,34.44476828390302,39.134452334135375,4.58,21.0,-1.53,-0.14
AMZN,2023-08-03,127.4800033569336,129.83999633789062,126.41000366210938,128.91000366210938,88585200.0,27.702234373972125,27.97817474621107,30.29133945304125,34.108152769470415,39.12827107433049,4.52,15.0,-1.57,-0.08
AMZN,2023-08-04,141.05999755859375,143.6300048828125,139.32000732421875,139.57000732421875,153128500.0,33.962518074723526,32.03309929210496,32.52148067834337,35.21313608227044,39.73732051006031,4.45,26.0,-1.55,1.07
AMZN,2023-08-07,140.99000549316406,142.5399932861328,138.9499969482422,142.22000122070312,71213100.0,34.1865665434916,31.625518993529923,32.41541607937103,35.26839819101205,39.72292934596028,4.37,26.0,-1.5,1.12
AMZN,2023-08-08,140.6199951171875,140.83999633789062,138.4199981689453,139.94000244140625,51710500.0,34.214429917189,31.767816203986033,32.53455201442213,35.2497829474771,39.73619608710521,4.29,28.0,-1.47,1.09
AMZN,2023-08-09,139.97000122070312,140.32000732421875,137.10000610351562,137.85000610351562,50017300.0,34.43587730991584,31.708595021751652,32.16917807637677,35.17616918621659,39.752318511619855,4.2,26.0,-1.45,1.23
AMZN,2023-08-10,139.07000732421875,140.41000366210938,137.49000549316406,138.55999755859375,58928400.0,34.43206902054409,31.694509399745307,32.09018893396634,35.15945483138197,39.73929237438962,4.1,26.0,-1.44,1.26
AMZN,2023-08-11,137.39999389648438,139.3300018310547,137.0,138.41000366210938,42905800.0,34.28467024598428,31.533622236068933,31.9961295629463,35.079813190549785,39.587003782309324,4.0,26.0,-1.42,1.3
AMZN,2023-08-14,138.3000030517578,140.58999633789062,137.75,140.57000732421875,47148700.0,34.151599230604305,31.48074823795869,31.787938983038106,35.10834610693486,39.59132306249868,3.89,26.0,-1.39,1.39
AMZN,2023-08-15,140.0500030517578,141.27999877929688,137.22999572753906,137.6699981689453,42781500.0,34.806577954656234,31.59817729040285,31.819314316762267,35.20270107385597,39.59236155237,3.78,27.0,-1.38,1.38
AMZN,2023-08-16,137.19000244140625,137.27000427246094,135.00999450683594,135.07000732421875,41675900.0,35.33133906677692,31.675878195638283,32.013677358351075,35.27300686052634,39.636752732314825,3.67,29.0,-1.37,1.31
AMZN,2023-08-17,135.4600067138672,136.08999633789062,133.52999877929688,133.97999572753906,48354100.0,35.08733237220289,31.63366251214984,32.031457020133466,35.29060014308845,39.628114610563856,3.59,30.0,-1.35,1.3
AMZN,2023-08-18,131.6199951171875,134.07000732421875,131.14999389648438,133.22000122070312,48497700.0,35.025008473799836,31.674066725584265,32.055687208089026,35.23466851651743,39.588899737403985,3.5,31.0,-1.34,1.29
AMZN,2023-08-21,133.74000549316406,135.19000244140625,132.7100067138672,134.67999267578125,41442500.0,34.531604721217064,31.612523516610047,32.02825427584432,34.90218481080947,39.60428129923183,3.43,30.0,-1.34,1.29
AMZN,2023-08-22,135.0800018310547,135.64999389648438,133.72999572753906,134.25,32905400.0,34.40201514515667,31.424889969803594,31.744451001621744,34.87481580379558,39.49979871545452,3.37,26.0,-1.31,1.44
AMZN,2023-08-23,134.5,135.9499969482422,133.22000122070312,135.52000427246094,42801000.0,34.2275453576003,30.286264058877997,31.678078135293052,34.831674457771655,39.33781281928938,3.31,26.0,-1.28,1.48
AMZN,2023-08-24,136.39999389648438,136.77999877929688,131.8300018310547,131.83999633789062,43646300.0,34.34299069301086,30.795830871371738,32.002556450034284,34.75003608930135,39.43332492922947,3.25,31.0,-1.24,1.39
AMZN,2023-08-25,132.47000122070312,133.8699951171875,130.5800018310547,133.25999450683594,44147500.0,34.487459776588494,30.779360377060794,31.980196330072886,34.54400267612733,39.447784406395066,3.17,30.0,-1.2,1.38
AMZN,2023-08-28,133.77999877929688,133.9499969482422,131.85000610351562,133.13999938964844,34108400.0,34.404830629538445,30.594158311015825,31.923985447729358,34.546063117130764,39.36343565242664,3.1,30.0,-1.15,1.42
AMZN,2023-08-29,133.3800048828125,135.13999938964844,133.25,134.91000366210938,38646100.0,34.576985120217806,30.6133430098222,31.596103756499026,34.49777633826556,39.08175177838595,3.03,26.0,-1.1,1.52
AMZN,2023-08-30,134.92999267578125,135.67999267578125,133.9199981689453,135.07000732421875,36137000.0,34.13856189205583,30.578132102345933,31.579623055478972,34.44367076418995,39.07464546822554,3.03,26.0,-1.05,1.53
AMZN,2023-08-31,135.05999755859375,138.7899932861328,135.0,138.00999450683594,58781300.0,32.423162130580515,30.804669905608577,31.717828620708083,34.479391074640716,39.123882467590995,3.03,29.0,-0.99,1.45
AMZN,2023-09-01,139.4600067138672,139.9600067138672,136.8800048828125,138.1199951171875,40991500.0,32.4212494726942,29.353085710410976,31.460267343676367,34.40673470720146,39.09247082361525,3.03,26.0,-0.95,1.55
AMZN,2023-09-05,137.72999572753906,137.8000030517578,135.82000732421875,137.27000427246094,40636700.0,32.33975069071029,29.024339698936892,31.254131007413775,34.391124158836995,39.08978121802122,3.03,26.0,-0.95,1.63
AMZN,2023-09-06,136.32000732421875,137.4499969482422,134.61000061035156,135.36000061035156,41785500.0,32.67521651523857,29.15364658476152,30.62912165299273,34.16342853939931,39.11500286041339,3.03,26.0,-0.89,1.84
AMZN,2023-09-07,133.89999389648438,138.02999877929688,133.16000366210938,137.85000610351562,48498900.0,32.901511669476186,28.948989620669597,30.725552925952567,34.1976568235142,39.139777712813064,3.03,27.0,-0.83,1.77
AMZN,2023-09-08,136.86000061035156,138.85000610351562,136.75,138.22999572753906,38348200.0,32.897871614762316,28.949869122067636,30.725354699173312,33.920209926603505,39.05331124972321,3.03,27.0,-0.76,1.77
AMZN,2023-09-11,138.75,143.6199951171875,138.63999938964844,143.10000610351562,56764500.0,33.22961324944945,29.726299129255512,31.10998738205939,34.12979007672018,39.203584594431035,3.03,29.0,-0.7,1.57
AMZN,2023-09-12,142.32000732421875,143.0,140.61000061035156,141.22999572753906,42668500.0,33.43684138361334,29.879975803610055,31.112379420132562,34.132162901050584,39.140713254595035,3.02,30.0,-0.63,1.6
AMZN,2023-09-13,140.9499969482422,144.97999572753906,140.8699951171875,144.85000610351562,60465200.0,33.713528294654,30.106313189161266,31.28672085097257,33.94043351572599,39.15144320699224,3.02,32.0,-0.55,1.49
AMZN,2023-09-14,145.0800018310547,145.86000061035156,142.9499969482422,144.72000122070312,64033600.0,32.52883487156925,30.11385984851768,31.00184928774657,33.90123187379622,38.451409202257295,3.01,29.0,-0.46,1.65
AMZN,2023-09-15,142.69000244140625,143.57000732421875,140.08999633789062,140.38999938964844,102909300.0,34.01693147706882,30.789343067017438,31.413309207062323,33.954537760458756,38.55278369623175,2.99,34.0,-0.37,1.51
AMZN,2023-09-18,140.47999572753906,141.75,139.22000122070312,139.97999572753906,42823500.0,25.107930347255735,29.66484959270559,30.842511571470617,33.89632070816316,38.51107346251189,2.97,29.0,-0.31,1.68
AMZN,2023-09-19,138.6999969482422,138.83999633789062,135.55999755859375,137.6300048828125,61482500.0,24.929549558822046,29.85900193584479,30.8346181765444,33.84172240174122,38.48468251354805,2.96,29.0,-0.22,1.72
AMZN,2023-09-20,138.5500030517578,139.3699951171875,135.1999969482422,135.2899932861328,46263700.0,24.98297259270459,29.897864366334577,30.234734165638795,33.91863935842525,38.51479358446163,2.95,11.0,-0.09,1.92
AMZN,2023-09-21,131.94000244140625,132.24000549316406,129.30999755859375,129.3300018310547,70343300.0,27.79160593935577,31.213912887871775,30.40236436084803,34.31024088551348,38.72835364594603,2.92,21.0,0.04,1.94
AMZN,2023-09-22,131.11000061035156,132.02999877929688,128.52000427246094,129.1199951171875,59904300.0,27.706998359626105,31.214926333060212,29.892230509432654,34.29183093379176,38.60719394362869,2.89,4.0,0.08,2.13
AMZN,2023-09-25,129.36000061035156,131.77999877929688,128.77000427246094,131.27000427246094,46017800.0,28.241285500167855,31.339678135543725,29.9055291193161,34.18894225157415,38.62575175608286,2.87,6.0,0.15,2.12
AMZN,2023-09-26,130.1199951171875,130.38999938964844,125.27999877929688,125.9800033569336,73048200.0,29.951605246491187,32.22714621778893,30.691147982998363,34.357732350982275,38.725360809552676,2.84,31.0,0.16,1.91
AMZN,2023-09-27,125.76000213623048,127.4800033569336,124.12999725341795,125.9800033569336,66553400.0,29.51798847637036,32.22717953618598,30.69184318300262,34.32562965842325,38.70796754897536,2.8,32.0,0.13,1.91
AMZN,2023-09-28,124.04000091552734,126.58000183105467,123.04000091552734,125.9800033569336,54555000.0,29.128524646012146,32.22526571447643,30.611893409023715,34.18350240653094,38.70195873204315,2.77,30.0,0.11,1.97
AMZN,2023-09-29,128.1999969482422,129.14999389648438,126.31999969482422,127.12000274658205,62411700.0,29.255351352657904,32.12930227053056,30.63349834885881,33.572434369219124,38.589757647058484,2.73,32.0,0.04,1.95
AMZN,2023-10-02,127.27999877929688,130.47000122070312,126.54000091552734,129.4600067138672,48029700.0,29.792661461172337,32.270664045909754,30.731654550500494,33.63002638363029,38.529455989645875,2.7,37.0,-0.06,1.89
AMZN,2023-10-03,128.05999755859375,128.52000427246094,124.25,124.72000122070312,51565000.0,31.36014455225473,32.899656589833924,30.950353879209008,33.78148763460377,38.680328542871834,2.65,40.0,-0.07,1.89
AMZN,2023-10-04,126.05999755859376,127.36000061035156,125.68000030517578,127.0,44203900.0,31.925831508070996,33.00643954593019,30.953350263070067,33.73139662554751,38.6413899646016,2.61,41.0,-0.01,1.89
AMZN,2023-10-05,126.70999908447266,126.7300033569336,124.33000183105467,125.95999908447266,39660600.0,31.79397161031271,32.87996974662194,30.84887138544598,33.73891253169352,38.401691752364705,2.57,40.0,-0.09,1.94
AMZN,2023-10-06,124.16000366210938,128.4499969482422,124.12999725341795,127.95999908447266,46836700.0,31.296615665308035,32.57692303065265,30.913261218269668,33.69313211562627,38.433104603193584,2.53,41.0,-0.16,1.9
AMZN,2023-10-09,126.22000122070312,128.7899932861328,124.76000213623048,128.25999450683594,38773700.0,31.11800126471457,32.57477077230491,30.775910758256554,33.42493087706654,38.42954561959022,2.48,38.0,-0.17,1.99
AMZN,2023-10-10,128.82000732421875,130.74000549316406,128.0500030517578,129.47999572753906,42178600.0,31.273520035371007,32.60334636784435,30.682314793746368,33.437795890828106,38.122154503174094,2.44,33.0,-0.12,2.06
AMZN,2023-10-11,129.74000549316406,132.0500030517578,129.61000061035156,131.8300018310547,40741800.0,31.491202125100287,32.80484960370464,30.607331305384772,33.45241328783396,38.15308742387035,2.4,30.0,-0.03,2.1
AMZN,2023-10-12,132.1699981689453,134.47999572753906,131.22999572753906,132.3300018310547,55528600.0,31.51423998032623,32.57669309996988,30.48386759120168,33.44251535198964,38.130245464611214,2.36,28.0,0.02,2.16
AMZN,2023-10-13,132.97999572753906,133.30999755859375,128.9499969482422,129.7899932861328,45786600.0,31.237651401880086,31.73102274040985,30.60150601167569,33.4578415784532,38.178775214889505,2.32,31.0,0.0,2.1
AMZN,2023-10-16,130.69000244140625,133.07000732421875,130.42999267578125,132.5500030517578,42832900.0,31.940983601473384,32.02340011403391,30.762016614702155,33.36725508632926,38.231692336671856,2.28,42.0,-0.09,1.99
AMZN,2023-10-17,130.38999938964844,132.5800018310547,128.7100067138672,131.47000122070312,49344600.0,31.97250096467572,32.01019698153302,30.7194428861288,33.31748112328702,37.88467599924808,2.23,39.0,-0.12,2.03
AMZN,2023-10-18,129.89999389648438,130.6699981689453,127.51000213623048,128.1300048828125,42699500.0,32.548329304402536,32.44862997113008,30.908705370743434,33.35084221714759,37.46828103356425,2.19,48.0,-0.41,1.95
AMZN,2023-10-19,130.57000732421875,132.24000549316406,127.47000122070312,128.39999389648438,60961400.0,32.01601838151008,32.41395120251366,30.152765771267305,33.28073956613911,37.404325266173664,2.13,11.0,-0.41,2.24
AMZN,2023-10-20,128.0500030517578,128.1699981689453,124.97000122070312,125.16999816894533,56406400.0,32.66266316519915,32.83206958934504,30.371942749744495,32.367589945418764,37.476084741920765,2.08,23.0,-0.41,2.15
AMZN,2023-10-23,124.62999725341795,127.87999725341795,123.9800033569336,126.55999755859376,48260000.0,30.95320692642689,32.291142716072216,30.383302663439178,30.623259100658746,37.491195650798474,2.02,24.0,-0.44,2.13
AMZN,2023-10-24,127.73999786376952,128.8000030517578,126.33999633789062,128.55999755859375,46477400.0,31.345433882201185,32.376971029764924,30.35147476992603,30.632771132349617,37.36432621835274,1.96,21.0,-0.41,2.15
AMZN,2023-10-25,126.04000091552734,126.33999633789062,120.79000091552734,121.38999938964844,74577500.0,33.8852841669713,34.28829396683357,31.651045779375753,31.40874451042356,37.804712972853785,1.9,65.0,-0.39,2.09
AMZN,2023-10-26,120.62999725341795,121.63999938964844,118.3499984741211,119.56999969482422,100419500.0,33.95356162755386,34.000835388054014,31.70765412591211,31.364462019585304,37.829467385506454,1.84,67.0,-0.32,2.06
AMZN,2023-10-27,126.1999969482422,130.02000427246094,125.5199966430664,127.73999786376952,125309300.0,39.14081161147666,36.67131042944155,33.38201264294474,32.21226810757808,38.17034647042391,1.81,85.0,-0.31,2.1
AMZN,2023-10-30,129.72000122070312,133.0,128.55999755859375,132.7100067138672,72485500.0,40.932235498710064,33.699266715203215,33.18714220107305,32.48954432990725,38.124013654137165,1.76,85.0,-0.29,2.06
AMZN,2023-10-31,132.75,133.57000732421875,131.7100067138672,133.08999633789062,51589400.0,40.696804132680874,33.45973541586928,32.97065551172427,32.42021139482711,37.4487264705939,1.71,85.0,-0.26,2.2
AMZN,2023-11-01,133.9600067138672,137.35000610351562,133.7100067138672,137.0,61529400.0,41.30779291969695,33.867698970872745,33.25240616197964,32.581221653011184,37.53801515793451,1.66,87.0,-0.27,2.03
AMZN,2023-11-02,138.72999572753906,138.80999755859375,136.47000122070312,138.07000732421875,52236700.0,39.029236471199894,33.76764928085418,33.046083739357535,32.55372650686778,37.090899718722866,1.6,86.0,-0.32,2.15
AMZN,2023-11-03,138.99000549316406,139.49000549316406,137.4499969482422,138.60000610351562,44059800.0,39.01504882079369,33.76026689573494,33.04941447252903,32.33202015887917,36.73838527701789,1.55,87.0,-0.37,2.14
AMZN,2023-11-06,138.75999450683594,140.72999572753906,138.36000061035156,139.74000549316406,44970400.0,38.826820479267084,33.80098279238521,33.06647338866018,32.310680028140034,36.59696397510652,1.51,88.0,-0.42,2.13
AMZN,2023-11-07,140.5500030517578,143.3699951171875,140.5,142.7100067138672,53553500.0,36.94892039840841,33.92725489432438,33.212036592441585,32.19886499091423,36.608812746042844,1.46,90.0,-0.46,2.03
AMZN,2023-11-08,142.97000122070312,143.1199951171875,141.22000122070312,142.0800018310547,44521700.0,37.01436133811361,33.656924394079184,33.14870336214175,32.184579698161016,36.60786372004065,1.41,89.0,-0.5,2.06
AMZN,2023-11-09,142.02000427246094,142.64999389648438,139.83999633789062,140.60000610351562,36235400.0,37.236660349522815,33.488902941573116,33.200273650771486,32.21871166804323,36.61994195477145,1.37,91.0,-0.54,2.04
AMZN,2023-11-10,140.4600067138672,143.64999389648438,139.91000366210938,143.55999755859375,49287800.0,37.5407553829374,33.68965139816598,33.31706684088759,32.13748914799729,36.38438215672116,1.32,94.0,-0.55,1.96
AMZN,2023-11-13,142.0800018310547,143.22999572753906,140.6699981689453,142.58999633789062,35680600.0,37.41932389988589,33.69985319910287,32.706485298076586,32.15572414997014,34.58418926997268,1.26,85.0,-0.61,2.22
AMZN,2023-11-14,145.0,147.25999450683594,144.67999267578125,145.8000030517578,56674600.0,35.75976520853,33.92024623026677,32.85995788037753,32.240668134878725,34.40648102403322,1.19,86.0,-0.59,2.12
AMZN,2023-11-15,147.05999755859375,147.2899932861328,142.58999633789062,143.1999969482422,63875700.0,36.15615935884526,34.13928097747376,32.89347848483802,32.20028583213862,34.373765227462385,1.13,87.0,-0.63,2.1
AMZN,2023-11-16,140.91000366210938,143.32000732421875,139.52000427246094,142.8300018310547,49653500.0,36.027248769208796,34.102642041614196,32.82984334508893,32.20400611814663,34.37477814717436,1.06,86.0,-0.68,2.15
AMZN,2023-11-17,142.66000366210938,145.22999572753906,142.5399932861328,145.17999267578125,49636700.0,36.04340081845691,33.724539912882626,32.91778482666827,32.08413651500585,34.34776999719525,1.05,89.0,-0.7,2.09
AMZN,2023-11-20,145.1300048828125,146.6300048828125,144.72999572753906,146.1300048828125,41951200.0,36.04495100124148,33.687121899153304,32.88882836199072,32.04100609119282,34.25752102544884,1.06,87.0,-0.7,2.09
AMZN,2023-11-21,143.91000366210938,144.0500030517578,141.5,143.89999389648438,71226000.0,36.45526268875164,33.86206367670221,32.870805246107444,32.10602583075327,34.28780545095324,1.06,86.0,-0.75,2.13
AMZN,2023-11-22,144.57000732421875,147.74000549316406,144.57000732421875,146.7100067138672,45669100.0,36.503977560758536,33.97733025815495,32.99769141372968,32.16811449690983,34.27586445131397,1.08,90.0,-0.75,2.04
AMZN,2023-11-24,146.6999969482422,147.1999969482422,145.32000732421875,146.74000549316406,22378400.0,36.51684867327867,33.978186494402465,32.9980632826319,32.07748341893453,34.270696515838125,1.08,90.0,-0.77,2.04
AMZN,2023-11-27,147.52999877929688,149.25999450683594,146.8800048828125,147.72999572753906,53762400.0,35.877049733823746,33.73774269814505,32.89902058652981,31.99966126640176,34.26456291244385,1.09,86.0,-0.75,2.08
AMZN,2023-11-28,146.97999572753906,147.60000610351562,145.52999877929688,147.02999877929688,42711700.0,35.60989958120412,33.75925411076695,32.87708343303184,31.955903653451184,34.2576899566602,1.09,83.0,-0.78,2.11
AMZN,2023-11-29,147.85000610351562,148.5399932861328,145.97000122070312,146.32000732421875,40610900.0,35.52810201652659,33.74819392424849,32.70471631980335,31.84415490216303,34.26178373481377,1.1,78.0,-0.79,2.19
AMZN,2023-11-30,144.75999450683594,146.92999267578125,144.3300018310547,146.08999633789062,65814000.0,34.47098691698669,33.60684009679026,32.65594700597998,31.818577769117308,34.21483779833644,1.1,77.0,-0.82,2.23
AMZN,2023-12-01,146.0,147.25,145.5500030517578,147.02999877929688,39951800.0,34.468977029675415,33.43902875822957,32.586164963703055,31.519648251330295,33.95986729429896,1.1,76.0,-0.85,2.28
AMZN,2023-12-04,145.25,145.35000610351562,142.80999755859375,144.83999633789062,48294200.0,33.80443063444581,33.59865643871717,32.43255278864005,31.546978068487913,33.977862074140404,1.09,73.0,-0.9,2.39
AMZN,2023-12-05,143.5500030517578,148.57000732421875,143.1300048828125,146.8800048828125,46822400.0,33.86187510495826,32.97101648810157,32.49900942734811,31.52913530559647,33.961551092123386,1.09,73.0,-0.94,2.34
AMZN,2023-12-06,147.5800018310547,147.85000610351562,144.27999877929688,144.52000427246094,39679000.0,34.243500519400406,33.030449070204064,32.57944063896884,31.4399956107903,33.82278903599602,1.08,75.0,-0.98,2.3
AMZN,2023-12-07,146.14999389648438,147.9199981689453,145.33999633789062,146.8800048828125,52352800.0,29.046032389930275,32.78868399898068,32.654922729994624,31.383020659436728,33.69382869134522,1.07,76.0,-1.01,2.24
AMZN,2023-12-08,145.47999572753906,147.83999633789062,145.39999389648438,147.4199981689453,41906000.0,28.341802339249707,32.795322666841244,32.532203703985054,31.382487754209183,33.69421358215842,1.06,72.0,-1.05,2.32
AMZN,2023-12-11,145.66000366210938,146.19000244140625,143.63999938964844,145.88999938964844,50907300.0,22.56030590025008,32.24844470984391,31.8963566456505,31.403616400647227,33.66230750298389,1.05,57.0,-1.06,2.54
AMZN,2023-12-12,145.52000427246094,147.5,145.3000030517578,147.47999572753906,44944300.0,20.284191551056292,32.306770610128424,31.93302081510509,31.417977337009003,33.63592859460475,1.05,58.0,-1.07,2.51
AMZN,2023-12-13,148.1199951171875,149.4600067138672,146.82000732421875,148.83999633789062,52766200.0,20.348970882546592,32.13499256138443,31.91240669648643,31.40377698281182,33.61325649445804,1.04,56.0,-1.06,2.51
AMZN,2023-12-14,149.92999267578125,150.5399932861328,145.52000427246094,147.4199981689453,58400800.0,19.232282658284884,31.986542186390682,31.959830690674146,31.25620419342665,33.577423069790925,1.03,58.0,-1.06,2.49
AMZN,2023-12-15,148.3800048828125,150.57000732421875,147.8800048828125,149.97000122070312,110089300.0,19.645482591620535,30.63732759054855,32.02520023802265,31.255143444126965,33.59138530424246,1.02,62.0,-1.04,2.43
AMZN,2023-12-18,150.55999755859375,154.85000610351562,150.0500030517578,154.07000732421875,62512800.0,20.862665590671956,31.0321505764198,32.27761490338979,31.369048815774658,33.48081186082592,1.01,67.0,-0.92,2.26
AMZN,2023-12-19,154.39999389648438,155.1199951171875,152.69000244140625,153.7899932861328,43171300.0,20.869925300153188,30.91697650083649,31.95518847092622,31.346582328768868,33.471358077518154,0.99,55.0,-0.87,2.46
AMZN,2023-12-20,152.89999389648438,155.6300048828125,151.55999755859375,152.1199951171875,50322100.0,20.548803079153377,29.685426963721202,31.9785081023708,31.348712097513033,33.2993419733537,0.98,56.0,-0.88,2.46
AMZN,2023-12-21,153.3000030517578,153.97000122070312,152.10000610351562,153.83999633789062,36305700.0,20.616266984783536,29.723993917451562,31.90948712994483,31.164028694565964,33.31121101951458,0.97,50.0,-0.86,2.49
AMZN,2023-12-22,153.77000427246094,154.35000610351562,152.7100067138672,153.4199981689453,29514100.0,20.307978823971336,29.742349340073932,31.592697184051143,31.158193219403618,33.27608323782147,0.96,40.0,-0.83,2.65
AMZN,2023-12-26,153.55999755859375,153.97999572753906,153.02999877929688,153.41000366210938,25067200.0,19.595813124542875,29.72588843348661,31.58860218093168,31.15909923516464,33.06665212322493,0.95,39.0,-0.82,2.65
AMZN,2023-12-27,153.55999755859375,154.77999877929688,153.1199951171875,153.33999633789062,31434700.0,19.428668441825973,29.566562325074415,29.02781499923495,31.023979672908563,33.034097119545656,0.98,1.0,-0.85,1.57
AMZN,2023-12-28,153.72000122070312,154.0800018310547,152.9499969482422,153.3800048828125,27057000.0,18.50063722781759,28.367236831885762,28.88618272077065,30.89867509841512,32.90983138837674,1.02,1.0,-0.87,1.64
AMZN,2023-12-29,153.10000610351562,153.88999938964844,151.02999877929688,151.94000244140625,39823200.0,17.864634058223004,28.320590731489286,28.805514532573568,30.50038626611908,32.88597556322526,1.06,1.0,-0.91,1.69
AMZN,2024-01-02,151.5399932861328,152.3800048828125,148.38999938964844,149.92999267578125,47339400.0,18.366374234929577,28.425779365965028,28.782548528788592,30.555296995768703,32.819805879249984,1.1,1.0,-0.95,1.7
AMZN,2024-01-03,149.1999969482422,151.0500030517578,148.3300018310547,148.47000122070312,49425500.0,18.107054250779505,28.414521638895927,28.82329360979477,30.58770194526646,32.83906705415953,1.13,3.0,-0.99,1.68
AMZN,2024-01-04,145.58999633789062,147.3800048828125,144.0500030517578,144.57000732421875,56039800.0,19.66881292504744,29.03356839610905,29.14654151748577,30.766386670945366,32.908876690413294,1.16,6.0,-1.0,1.52
AMZN,2024-01-05,144.69000244140625,146.58999633789062,144.52999877929688,145.24000549316406,45153100.0,19.189969681723806,28.997274763097806,29.054637175227953,30.69811543136587,32.894443741640444,1.18,6.0,-1.02,1.57
AMZN,2024-01-08,146.74000549316406,149.39999389648438,146.14999389648438,149.10000610351562,46757100.0,19.87540646854863,29.240601968834305,29.142334323759435,30.823213973690113,32.87741762159539,1.21,7.0,-1.05,1.54
AMZN,2024-01-09,148.3300018310547,151.7100067138672,148.2100067138672,151.3699951171875,43812600.0,20.31818119577764,29.36113295218749,29.054239205782867,30.684278444574886,32.73887180508511,1.23,6.0,-1.07,1.59
AMZN,2024-01-10,152.05999755859375,154.4199981689453,151.8800048828125,153.72999572753906,44421800.0,20.68579337041151,29.13280216396923,29.104315314481223,30.707248300453184,32.74167579723228,1.25,8.0,-1.08,1.57
AMZN,2024-01-11,155.0399932861328,157.1699981689453,153.1199951171875,155.17999267578125,49072700.0,20.730670095373853,28.91858896678331,29.109578562552425,30.402990358089426,32.644827502893854,1.27,9.0,-1.08,1.58
AMZN,2024-01-12,155.38999938964844,156.1999969482422,154.00999450683594,154.6199951171875,40484200.0,20.699589286177215,28.86078063961937,29.081782470365702,30.30865181594553,32.191350558086064,1.29,8.0,-1.09,1.59
AMZN,2024-01-16,153.52999877929688,154.99000549316406,152.14999389648438,153.16000366210938,41384600.0,20.938662352923192,28.364870439614933,29.124095392157905,29.905729199165386,32.21158840495613,1.31,11.0,-1.1,1.56
AMZN,2024-01-17,151.49000549316406,152.14999389648438,149.91000366210938,151.7100067138672,34953400.0,21.126791109214807,28.47975799846027,29.145122891839286,29.507972002976647,32.11208660014985,1.33,13.0,-1.11,1.54
AMZN,2024-01-18,152.77000427246094,153.77999877929688,151.82000732421875,153.5,37850200.0,20.779875943226205,27.91820558490501,28.827073306174967,29.23779213699464,32.043902944609776,1.35,4.0,-1.1,1.69
AMZN,2024-01-19,153.8300018310547,155.75999450683594,152.74000549316406,155.33999633789062,51651600.0,20.683975763858932,27.92897185940798,28.837464928106783,29.218888879248777,32.04945713036244,1.38,5.0,-1.1,1.69
AMZN,2024-01-22,156.88999938964844,157.0500030517578,153.89999389648438,154.77999877929688,43687500.0,20.04042234655295,27.84684852798626,28.846497586793053,29.22612408656632,31.986595161900265,1.4,6.0,-1.09,1.68
AMZN,2024-01-23,154.85000610351562,156.2100067138672,153.92999267578125,156.02000427246094,37986000.0,19.68303033000058,24.843282044906037,28.804431555428096,29.233747883349654,31.794349073252132,1.42,2.0,-1.08,1.7
AMZN,2024-01-24,157.8000030517578,158.50999450683594,156.47999572753906,156.8699951171875,48547300.0,19.702560268096843,24.51658097938354,28.811316186388712,29.191587817042198,31.796215695641262,1.44,4.0,-1.08,1.7
AMZN,2024-01-25,156.9499969482422,158.50999450683594,154.5500030517578,157.75,43638600.0,19.36335685703415,20.894796410942647,28.639754728418865,29.194268273793668,31.76603001814652,1.46,1.0,-1.08,1.79
AMZN,2024-01-26,158.4199981689453,160.72000122070312,157.91000366210938,159.1199951171875,51047400.0,19.29263379208472,19.64199491643799,28.663089886961863,29.197664677396368,31.765509404307217,1.48,2.0,-1.07,1.78
AMZN,2024-01-29,159.33999633789062,161.2899932861328,158.89999389648438,161.25999450683594,45270400.0,19.45513397995858,19.755758156585078,28.699149065075396,28.998989304059382,31.73004105866117,1.5,3.0,-1.04,1.77
AMZN,2024-01-30,160.6999969482422,161.72999572753906,158.49000549316406,159.0,45207400.0,19.74510293909617,19.324599526881816,28.700564339765066,29.001076184020974,31.644883438787456,1.52,4.0,-1.03,1.77
AMZN,2024-01-31,157.0,159.00999450683594,154.80999755859375,155.1999969482422,50284400.0,20.695837068191754,20.047395016808,28.86480576873535,29.077113798624477,31.69773664748475,1.53,13.0,-1.04,1.68
AMZN,2024-02-01,155.8699951171875,159.75999450683594,155.6199951171875,159.27999877929688,76542400.0,20.586755475271993,20.63977256785328,29.13051904409132,29.205925119061778,31.702387187171922,1.55,22.0,-1.05,1.55
AMZN,2024-02-02,169.19000244140625,172.5,167.3300018310547,171.80999755859375,117218300.0,29.823913790351952,25.523340876074453,30.99419160790261,30.412341916610547,32.50782046888238,1.55,53.0,-0.78,2.57
AMZN,2024-02-05,170.1999969482422,170.5500030517578,167.6999969482422,170.30999755859375,55081300.0,29.738789811595,25.376505521595966,30.948017589238,30.380222787093768,31.772684862069138,1.55,51.0,-0.67,2.6
AMZN,2024-02-06,169.38999938964844,170.7100067138672,167.64999389648438,169.14999389648438,42505500.0,29.805232204413883,25.41118922887678,30.74841072758025,30.30010098699935,30.482019324760003,1.55,44.0,-0.64,2.75
AMZN,2024-02-07,169.47999572753906,170.8800048828125,168.94000244140625,170.52999877929688,47174100.0,29.784720879318172,25.27848120000139,30.763479079875477,30.230994979126528,30.45699752807922,1.55,46.0,-0.61,2.73
AMZN,2024-02-08,169.64999389648438,171.42999267578125,168.8800048828125,169.83999633789062,42316500.0,29.848870588577757,25.051186991397707,30.347103942642512,30.201361147923173,30.461878917532648,1.55,30.0,-0.61,2.95
AMZN,2024-02-09,170.89999389648438,175.0,170.5800018310547,174.4499969482422,56986000.0,30.57874537452688,25.444043272186505,30.5921798070458,30.34005094648294,30.4787820317447,1.55,36.0,-0.54,2.77
AMZN,2024-02-12,174.8000030517578,175.38999938964844,171.5399932861328,172.33999633789062,51050400.0,30.93156265649146,25.329770880448642,30.525645332794987,30.34930528395914,30.443806905464964,1.55,36.0,-0.54,2.81
AMZN,2024-02-13,167.72999572753906,170.9499969482422,165.75,168.63999938964844,56345100.0,31.588103474505854,25.47076742920324,30.607768034922294,30.412151428453083,30.52561800197286,1.55,39.0,-0.58,2.77
AMZN,2024-02-14,169.2100067138672,171.2100067138672,168.27999877929688,170.97999572753906,42815500.0,31.311370117811816,25.54571782310657,29.70725187097113,30.04449624393642,30.49790688423385,1.55,26.0,-0.59,3.02
AMZN,2024-02-15,170.5800018310547,171.1699981689453,167.58999633789062,169.8000030517578,49855200.0,31.209739726954528,25.47206252337164,29.73920845708108,30.034857495034018,30.511355077628565,1.55,27.0,-0.6,3.0
AMZN,2024-02-16,168.74000549316406,170.4199981689453,167.1699981689453,169.50999450683594,48107700.0,29.859013335631353,25.473935565924084,29.664952082895674,30.01057321854983,30.488178451872162,1.55,26.0,-0.62,3.08
AMZN,2024-02-20,167.8300018310547,168.7100067138672,165.74000549316406,167.0800018310547,41980300.0,30.403001711894813,25.44654297247006,28.958475975166014,30.01090907795997,30.361210062297804,1.57,15.0,-0.63,3.33
AMZN,2024-02-21,168.94000244140625,170.22999572753906,167.13999938964844,168.58999633789062,44420100.0,29.744185127860156,25.241479502496052,28.971363698861662,29.99859905377717,30.34564826984888,1.58,16.0,-0.64,3.31
AMZN,2024-02-22,173.10000610351562,174.8000030517578,171.77000427246094,174.5800018310547,55392400.0,30.912285123181434,26.10492085586339,29.40882357335618,30.244994526522508,30.3762230843573,1.59,28.0,-0.61,2.99
AMZN,2024-02-23,174.27999877929688,175.75,173.6999969482422,174.99000549316406,59715200.0,30.750566350873125,26.09291252975346,29.394704508302077,30.227919317048823,30.35868470259387,1.6,28.0,-0.6,3.01
AMZN,2024-02-26,175.6999969482422,176.3699951171875,174.25999450683594,174.72999572753906,44368600.0,30.756281311882734,26.061020602677697,29.3043769823435,29.748175473245098,30.36045537297514,1.6,28.0,-0.59,3.1
AMZN,2024-02-27,174.0800018310547,174.6199951171875,172.86000061035156,173.5399932861328,31141700.0,30.839158475447825,26.08941715597953,28.629211537086086,29.644697701583667,30.25452332674669,1.62,1.0,-0.6,3.4
AMZN,2024-02-28,172.44000244140625,174.0500030517578,172.27000427246094,173.16000366210938,28180500.0,30.636855957458746,26.09419958979315,28.54313432449085,29.63149462053562,30.258071371806807,1.64,1.0,-0.6,3.5
AMZN,2024-02-29,173.00999450683594,177.22000122070312,172.85000610351562,176.75999450683594,53805400.0,30.716945477895745,26.3375027887855,28.61835796052274,29.5861592177537,30.311378847820365,1.65,2.0,-0.59,3.4
AMZN,2024-03-01,176.75,178.72999572753906,176.07000732421875,178.22000122070312,31981200.0,30.667919311249907,26.085617112705332,28.560459391595433,29.595426466972853,30.215837294308447,1.67,2.0,-0.58,3.46
AMZN,2024-03-04,177.52999877929688,180.13999938964844,177.49000549316406,177.5800018310547,37381500.0,30.692509368237253,26.03130533009405,28.58115536853,29.599180069425845,30.220699521554316,1.69,3.0,-0.57,3.45
AMZN,2024-03-05,176.92999267578125,176.92999267578125,173.3000030517578,174.1199951171875,37228300.0,31.40454316871458,26.15129552580653,28.793529504477384,29.705737441908585,30.18026639485749,1.7,11.0,-0.58,3.33
AMZN,2024-03-06,175.5399932861328,176.4600067138672,173.25999450683594,173.50999450683594,32090900.0,31.452134386865225,26.04152944817039,28.71009764947916,29.661802843336854,30.150569744788058,1.71,10.0,-0.59,3.43
AMZN,2024-03-07,174.8300018310547,177.99000549316406,173.72000122070312,176.82000732421875,34063300.0,31.763028753227236,26.249974907854124,28.824003150049926,29.7306673308707,30.191836291855257,1.72,17.0,-0.6,3.32
AMZN,2024-03-08,176.44000244140625,178.7899932861328,174.3300018310547,175.35000610351562,37893200.0,31.958302717102477,26.20775358583987,28.659673248333483,29.734245370486732,30.211057120509764,1.74,7.0,-0.6,3.42
AMZN,2024-03-11,174.30999755859375,174.47000122070312,171.47000122070312,171.9600067138672,28484800.0,32.602380482166424,26.559373718720618,28.73328298533836,29.460689613057152,30.22219694462784,1.75,12.0,-0.6,3.44
AMZN,2024-03-12,173.5,176.75999450683594,171.97999572753906,175.38999938964844,36610600.0,32.837642981032864,26.75950644586711,28.80845045270668,29.524093868278143,30.210411014653722,1.76,17.0,-0.6,3.33
AMZN,2024-03-13,175.89999389648438,177.6199951171875,175.5500030517578,176.55999755859375,30772600.0,32.45752813134261,26.64681282426144,28.44604431762389,29.458049934721302,30.17073229673336,1.77,1.0,-0.6,3.54
AMZN,2024-03-14,177.69000244140625,179.52999877929688,176.47000122070312,178.75,43705800.0,31.461508579161613,26.555662132204528,28.482235339419155,29.446455963418583,30.093740006785207,1.79,2.0,-0.59,3.49
AMZN,2024-03-15,176.63999938964844,177.92999267578125,173.89999389648438,174.4199981689453,72147400.0,31.898205012253804,26.660792681397076,28.45804689321473,29.608961652195493,30.193214541147288,1.8,2.0,-0.62,3.5
AMZN,2024-03-18,175.8000030517578,176.69000244140625,174.27999877929688,174.47999572753906,31250700.0,23.28955348571815,26.65100751539477,28.434787114724326,29.582809041884676,29.96714636668674,1.81,1.0,-0.65,3.54
AMZN,2024-03-19,174.22000122070312,176.08999633789062,173.52000427246094,175.89999389648438,26880900.0,23.218490399451635,26.538920990831706,28.375609537579344,29.520844402954893,29.943700053132645,1.83,1.0,-0.67,3.6
AMZN,2024-03-20,176.13999938964844,178.52999877929688,174.63999938964844,178.14999389648438,29947200.0,23.33054821041088,26.56144156657159,26.702418647401604,29.54788354285257,29.924307698765627,1.87,1.0,-0.84,3.49
AMZN,2024-03-21,179.99000549316406,181.4199981689453,178.14999389648438,178.14999389648438,32824300.0,23.25567372870761,26.54457752592993,26.53680307737328,29.548540989311967,29.80338003379001,1.91,1.0,-1.17,3.59
AMZN,2024-03-22,177.75,179.25999450683594,176.75,178.8699951171875,27995400.0,23.207195386709998,26.541010778198988,24.59743848009464,29.477503944872897,29.726062950770082,1.97,1.0,-1.3,3.46
AMZN,2024-03-25,178.00999450683594,180.9900054931641,177.24000549316406,179.7100067138672,29815500.0,21.985732163081423,26.536976337340406,23.95749200984939,29.459344404722977,29.726101283704526,2.06,1.0,-1.36,3.98
AMZN,2024-03-26,180.1499938964844,180.4499969482422,177.9499969482422,178.3000030517578,29659000.0,21.796885408258014,26.62047560573243,24.020000394993858,29.361069839121257,29.732304113432455,2.14,2.0,-1.43,3.94
AMZN,2024-03-27,179.8800048828125,180.0,177.30999755859375,179.8300018310547,33272600.0,20.782464685014673,26.53081724210281,23.672982260223936,29.342595346811528,29.73685651777695,2.21,1.0,-1.46,4.32
AMZN,2024-03-28,180.1699981689453,181.6999969482422,179.25999450683594,180.3800048828125,38051600.0,20.490943698137944,26.317083396328822,23.65915476631173,29.297612745418437,29.717866017724315,2.29,1.0,-1.49,4.35
AMZN,2024-04-01,180.7899932861328,183.0,179.9499969482422,180.97000122070312,29174500.0,20.32676822288452,26.1800979018663,23.658620221380218,29.15141253602971,29.584436414775993,2.36,1.0,-1.52,4.36
AMZN,2024-04-02,179.07000732421875,180.7899932861328,178.3800048828125,180.69000244140625,32611500.0,20.32418353501523,25.450391859767436,23.65125391844136,29.153538079230884,29.548761980722205,2.42,1.0,-1.54,4.39
AMZN,2024-04-03,179.89999389648438,182.8699951171875,179.8000030517578,182.4100036621093,31046600.0,19.80531746938977,25.477170517592423,23.492252925512183,29.143891410893534,29.53955456751565,2.48,1.0,-1.55,4.61
AMZN,2024-04-04,184.0,185.1000061035156,180.0,180.0,41624300.0,20.26047821987944,25.277817355381295,23.6004103478146,29.185789872543015,29.560790417379852,2.53,2.0,-1.57,4.51
AMZN,2024-04-05,182.3800048828125,186.2700042724609,181.97000122070312,185.07000732421875,42374000.0,19.34353162915633,25.664396376432485,23.85057092604282,29.27851297049887,29.64399006815238,2.57,7.0,-1.56,4.16
AMZN,2024-04-08,186.8999938964844,187.2899932861328,184.8099975585937,185.19000244140625,39221300.0,19.34673262421011,25.54490113543524,23.675559420508847,28.840017219310525,29.490192793631337,2.61,7.0,-1.55,4.42
AMZN,2024-04-09,187.2400054931641,187.33999633789065,184.1999969482422,185.6699981689453,36520100.0,19.320985955122712,25.511434610428026,23.628286737514994,28.8394318480283,29.481707888707874,2.66,3.0,-1.54,4.44
AMZN,2024-04-10,182.7700042724609,186.2700042724609,182.6699981689453,185.9499969482422,35879200.0,19.13906488741354,25.476365499862286,23.418323244278287,28.808399999929424,29.48154935281393,2.7,1.0,-1.53,4.75
AMZN,2024-04-11,186.7400054931641,189.7700042724609,185.509994506836,189.0500030517578,40020700.0,19.522610200501415,25.486451834796487,23.29282651563901,28.859352016753586,29.411159848115716,2.74,1.0,-1.49,4.77
AMZN,2024-04-12,187.72000122070312,188.3800048828125,185.0800018310547,186.1300048828125,38608800.0,19.49344013559978,25.648241250269898,23.459447138732813,28.91237325474551,29.37138892922358,2.78,3.0,-1.49,4.62
AMZN,2024-04-15,187.42999267578125,188.69000244140625,183.0,183.6199951171875,48052400.0,19.881637667812726,25.821314878606653,23.49598793141259,28.971261232507107,29.094638017877276,2.81,5.0,-1.5,4.67
AMZN,2024-04-16,183.2700042724609,184.8300018310547,182.259994506836,183.32000732421875,32891300.0,19.850357535976126,25.7704485710879,23.494790504942447,28.776224220944925,29.097061377990762,2.83,5.0,-1.5,4.7
AMZN,2024-04-17,184.3099975585937,184.57000732421875,179.82000732421875,181.27999877929688,31359700.0,19.22245201247851,25.89698491146529,23.424032811059774,28.796033701153227,29.12834938636158,2.86,3.0,-1.51,4.77
AMZN,2024-04-18,181.47000122070312,182.38999938964844,178.64999389648438,179.22000122070312,30723800.0,19.5307313300633,26.0309782660615,23.36377479696795,28.769993094629164,29.15318247434942,2.88,2.0,-1.51,4.94
AMZN,2024-04-19,178.74000549316406,179.0,173.44000244140625,174.6300048828125,56000700.0,20.285404303092214,26.656961149514224,23.780022086118557,28.75849840598236,29.237729384253203,2.89,16.0,-1.5,4.61
AMZN,2024-04-22,176.94000244140625,178.8699951171875,174.55999755859375,177.22999572753906,37924900.0,20.604400616478333,26.77915733318974,23.85724591269407,28.796714305997195,29.25747022022842,2.9,18.0,-1.49,4.49
AMZN,2024-04-23,178.0800018310547,179.92999267578125,175.97999572753906,179.5399932861328,37046500.0,20.023382549174634,26.83962934134524,23.898584097224433,27.307640160351593,29.14485488416551,2.9,19.0,-1.48,4.38
AMZN,2024-04-24,179.94000244140625,180.32000732421875,176.17999267578125,176.58999633789062,34185100.0,19.90342715856542,26.999502132980513,24.055979389606634,27.31092367938705,29.1902529529603,2.9,22.0,-1.46,4.25
AMZN,2024-04-25,169.67999267578125,173.9199981689453,166.32000732421875,173.6699981689453,49249400.0,20.39139985548612,27.06779950019822,24.229967032332723,27.31557618180332,29.015548603434237,2.9,23.0,-1.43,4.11
AMZN,2024-04-26,177.8000030517578,180.82000732421875,176.1300048828125,179.6199951171875,43919800.0,22.403868496698298,27.321889611477157,24.745487993842726,27.515391220738366,29.11076304058991,2.89,25.0,-1.41,3.64
AMZN,2024-04-29,182.75,183.52999877929688,179.38999938964844,180.9600067138672,54063900.0,21.22790381492452,26.901547040821455,24.608890069523586,27.521037270468153,28.79494793923148,2.88,25.0,-1.4,3.71
AMZN,2024-04-30,181.08999633789065,182.9900054931641,174.8000030517578,175.0,94639800.0,23.49413938297396,23.195361758150906,25.1788631388634,27.828979529123117,28.697916089019117,2.86,27.0,-1.37,3.49
AMZN,2024-05-01,181.63999938964844,185.1499938964844,176.55999755859375,179.0,94645100.0,24.28558738207226,23.559151819663672,25.228047937749764,27.892681725094132,28.55795786944288,2.84,28.0,-1.35,3.36
AMZN,2024-05-02,180.8500061035156,185.1000061035156,179.91000366210938,184.72000122070312,54303500.0,25.667403547001015,24.321653164702383,25.558565382847547,27.99325285827997,28.67734415128238,2.81,29.0,-1.32,3.11
AMZN,2024-05-03,186.9900054931641,187.8699951171875,185.4199981689453,186.2100067138672,39172000.0,25.740081516835918,24.32059131725961,25.57393748405909,27.894613141587136,28.682296421674586,2.78,30.0,-1.29,3.08
AMZN,2024-05-06,186.27999877929688,188.75,184.8000030517578,188.6999969482422,34725300.0,25.958655543181784,24.411884663305333,25.549631862317135,27.902675873158287,28.703046835441835,2.76,29.0,-1.26,3.05
AMZN,2024-05-07,188.9199981689453,189.94000244140625,187.3099975585937,188.759994506836,34048900.0,25.947088232401622,23.84908026602789,25.517552631899576,27.88871776332481,28.671856134290323,2.74,29.0,-1.21,3.11
AMZN,2024-05-08,187.44000244140625,188.42999267578125,186.38999938964844,188.0,26136400.0,25.848359270495635,23.710520709687668,25.515302384960027,27.877119777062543,28.678779381947933,2.71,29.0,-1.17,3.14
AMZN,2024-05-09,188.8800048828125,191.6999969482422,187.44000244140625,189.5,43368400.0,25.83532288391583,23.24803034790566,25.45851490449989,27.87988124575895,28.679745377131667,2.69,29.0,-1.13,3.15
AMZN,2024-05-10,189.1600036621093,189.88999938964844,186.92999267578125,187.47999572753903,34141800.0,26.081848648913414,23.257383349997493,25.434969370210364,27.9053829865949,28.543212615694998,2.66,29.0,-1.09,3.23
AMZN,2024-05-13,188.0,188.3099975585937,185.3600006103516,186.57000732421875,24898600.0,26.13465948885139,23.229193722833326,25.147224251629087,27.69806510960428,28.50753747810212,2.62,27.0,-1.04,3.54
AMZN,2024-05-14,183.82000732421875,187.72000122070312,183.4499969482422,187.07000732421875,38698200.0,26.127321984729175,23.22013735157082,25.14036204349848,27.678499905509195,28.441789129251422,2.59,27.0,-0.98,3.54
AMZN,2024-05-15,185.97000122070312,186.72000122070312,182.72999572753903,185.9900054931641,75459900.0,26.079569630847292,23.03116670657504,25.086621138813047,27.69146829211797,28.445417437098612,2.56,27.0,-0.92,3.58
AMZN,2024-05-16,185.6000061035156,187.3099975585937,183.4600067138672,183.6300048828125,38834500.0,26.05537848295799,23.171707328632156,25.151191742729416,27.71215094113971,28.429038442318642,2.53,30.0,-0.86,3.58
AMZN,2024-05-17,183.759994506836,185.3000030517578,183.3500061035156,184.6999969482422,33175700.0,24.817564418637154,22.118865726054853,25.14881597191483,27.71631362754977,28.383870998351856,2.5,30.0,-0.78,3.56
AMZN,2024-05-20,184.33999633789065,186.6699981689453,183.27999877929688,183.5399932861328,30511800.0,24.881796972788575,22.166303454665012,25.18039544964609,27.631995225353567,28.318316714256564,2.47,33.0,-0.7,3.54
AMZN,2024-05-21,182.3000030517578,183.259994506836,180.75,183.1499938964844,50839100.0,24.871787918195462,22.16950645412669,25.185590955236627,27.635333401862272,28.2636071035858,2.47,34.0,-0.61,3.54
AMZN,2024-05-22,183.8800048828125,185.22000122070312,181.97000122070312,183.1300048828125,28148800.0,24.86511706350013,22.11357166414169,25.186226245567518,27.62073164676998,28.23628934887531,2.47,35.0,-0.51,3.54
AMZN,2024-05-23,183.6600036621093,184.759994506836,180.0800018310547,181.0500030517578,33670200.0,24.517739926355812,22.249143371434137,25.21073539740067,27.601821427155997,28.266759810546656,2.47,36.0,-0.39,3.52
AMZN,2024-05-24,181.6499938964844,182.44000244140625,180.3000030517578,180.75,27471600.0,24.150081777594067,21.865864495304372,25.101032591637967,27.533530155443685,28.2368363430753,2.47,28.0,-0.27,3.6
AMZN,2024-05-28,179.92999267578125,182.2400054931641,179.49000549316406,182.1499938964844,29927000.0,23.972611690569636,21.85828496983448,25.047876624174958,27.542955978894817,28.19239510420782,2.47,27.0,-0.17,3.61
AMZN,2024-05-29,181.6999969482422,184.0800018310547,181.5500030517578,182.0200042724609,32009300.0,23.9695331151839,21.843949654852928,24.627333854654378,27.261164374748486,27.88155290677798,2.47,26.0,-0.18,3.88
AMZN,2024-05-30,181.3099975585937,181.33999633789065,178.36000061035156,179.32000732421875,29184700.0,24.14267470711572,21.678989908157316,24.77587087190981,27.27538370496293,27.90809356772492,2.47,28.0,-0.23,3.78
AMZN,2024-05-31,178.3000030517578,179.2100067138672,173.8699951171875,176.44000244140625,58903900.0,24.370743872074808,21.93322414565219,24.639361271411243,27.20358064266789,27.944912218954705,2.47,27.0,-0.18,4.01
AMZN,2024-06-03,177.6999969482422,178.6999969482422,175.9199981689453,178.33999633789062,30786600.0,23.34176409691103,21.69934177339149,24.588188333424455,27.226269885819043,27.91122102816754,2.47,24.0,-0.08,4.08
AMZN,2024-06-04,177.63999938964844,179.82000732421875,176.44000244140625,179.33999633789062,27198400.0,23.009777355103193,21.654373558411724,24.496578163856327,26.97115092336078,27.89439093092464,2.47,24.0,0.05,4.21
AMZN,2024-06-05,180.10000610351562,181.5,178.75,181.27999877929688,32116400.0,22.91448349609351,21.353117727216762,24.508725447261213,26.989137287604574,27.90124638089623,2.47,25.0,0.21,4.19
AMZN,2024-06-06,181.75,185.0,181.4900054931641,185.0,31371200.0,23.045113185983944,21.374665738065243,24.674045195488446,26.992078972467574,27.950680123165256,2.46,31.0,0.36,3.95
AMZN,2024-06-07,184.8999938964844,186.2899932861328,183.3600006103516,184.3000030517578,28021500.0,22.454727278312035,21.36158597803907,24.624270711431343,26.90729876875986,27.589760763599365,2.46,29.0,0.47,3.99
AMZN,2024-06-10,184.07000732421875,187.22999572753903,183.7899932861328,187.0599975585937,34445600.0,20.742654990444372,21.42672226541347,24.64198941340385,26.36966348224159,27.525549822708562,2.45,32.0,0.49,3.9
AMZN,2024-06-11,187.0599975585937,187.7700042724609,184.5399932861328,187.22999572753903,27265100.0,20.662518531424777,20.76897164014498,24.594116338883573,26.366395766932566,27.513201522754105,2.45,27.0,0.53,3.99
AMZN,2024-06-12,188.0200042724609,188.3500061035156,185.42999267578125,186.88999938964844,33984200.0,17.905571093877427,20.77741580754937,24.54956802094251,26.314126421166932,27.414210625563822,2.44,26.0,0.62,4.07
AMZN,2024-06-13,186.08999633789065,187.6699981689453,182.6699981689453,183.8300018310547,39721500.0,17.617382094915246,21.035972340638722,24.70745601320644,25.904489685014088,27.473497181653133,2.44,36.0,0.67,3.95
AMZN,2024-06-14,183.0800018310547,183.72000122070312,182.22999572753903,183.6600036621093,25456400.0,15.047428610243585,20.889525281218805,24.690463669158348,25.905776537868984,27.47247078218762,2.43,36.0,0.74,3.99
AMZN,2024-06-17,182.5200042724609,185.0,181.22000122070312,184.0599975585937,35601900.0,14.863815197317157,20.892024877597812,24.68310883270184,25.904579443518227,27.469683718295034,2.43,36.0,0.81,4.01
AMZN,2024-06-18,183.7400054931641,184.2899932861328,181.42999267578125,182.8099975585937,36659200.0,14.391436599493087,20.932881141778278,24.710561771607335,25.91287979945734,27.44483772188846,2.42,39.0,0.88,4.02
AMZN,2024-06-20,182.9100036621093,186.509994506836,182.72000122070312,186.1000061035156,44726800.0,15.397415816071138,21.22040881578352,24.82127608793407,25.909366411216705,27.493357584619442,2.41,42.0,0.95,3.88
AMZN,2024-06-21,187.8000030517578,189.27999877929688,185.8600006103516,189.0800018310547,70792500.0,16.06499738047293,21.374063616400324,24.855051535211974,25.534679581833608,27.515211339366807,2.4,43.0,1.05,3.84
AMZN,2024-06-24,189.3300018310547,191.0,185.3300018310547,185.57000732421875,50610400.0,16.79075738941242,21.6905352303843,24.940123386822204,25.58583939323319,27.294316756737143,2.39,44.0,1.01,3.78
AMZN,2024-06-25,186.8099975585937,188.83999633789065,185.4199981689453,186.33999633789065,45366400.0,16.571168396208638,21.697093402483308,24.59916192910713,25.55737265589525,27.284624938143853,2.38,30.0,-0.11,4.0
AMZN,2024-06-26,186.9199981689453,194.8000030517578,186.259994506836,193.6100006103516,65103900.0,19.89893579436651,23.029996550612616,24.98157557892198,25.86287609381122,27.47791436655739,2.37,46.0,-0.78,3.78
AMZN,2024-06-27,195.009994506836,199.83999633789065,194.1999969482422,197.8500061035156,74397500.0,20.760722178452244,23.403169997240507,22.241569871051688,25.964152888182106,27.521168532017924,2.34,1.0,-0.34,0.02
AMZN,2024-06-28,197.72999572753903,198.8500061035156,192.5,193.25,76930200.0,21.932356910097788,23.895580522798348,22.53489317500196,26.13078985926039,27.635143920151332,2.32,2.0,-0.31,-0.03
AMZN,2024-07-01,193.4900054931641,198.3000030517578,192.82000732421875,197.1999969482422,41192000.0,22.180109967892818,24.02859133204612,22.69638333762572,26.15121496428668,27.677618001653702,2.29,3.0,-0.12,-0.1
AMZN,2024-07-02,197.27999877929688,200.42999267578125,195.92999267578125,200.0,45600000.0,22.420409805687097,23.548926449796436,22.76026006800076,26.188256420014376,27.650898934279034,2.25,4.0,0.21,-0.13
AMZN,2024-07-03,199.94000244140625,200.02999877929688,196.759994506836,197.58999633789065,31597900.0,22.684429000133562,23.70877540369071,22.84710797849247,26.117670115022264,27.684077534679304,2.22,5.0,0.25,-0.16
AMZN,2024-07-05,198.6499938964844,200.5500030517578,198.1699981689453,200.0,39858900.0,22.80973504987603,23.814969467204328,22.55103208657567,26.048962176461753,27.70382406150633,2.19,3.0,0.34,-0.1
AMZN,2024-07-08,200.0399932861328,201.1999969482422,197.9600067138672,199.2899932861328,34767300.0,22.871492978345994,23.835135357568298,22.46070930491663,26.028540500145404,27.654369033956538,2.15,2.0,0.35,-0.07
AMZN,2024-07-09,199.3999938964844,200.57000732421875,199.0500030517578,199.33999633789065,32700100.0,22.486843852831655,23.61901489607545,22.15285387721517,25.81510397206556,27.63913491528748,2.12,1.0,0.33,0.01
AMZN,2024-07-10,200.0,200.1100006103516,197.69000244140625,199.7899932861328,32883800.0,22.44181129819039,23.369956983358943,22.067897987012728,25.815081411209352,27.548070756404513,2.1,1.0,0.31,0.05
AMZN,2024-07-11,200.08999633789065,200.2700042724609,192.8600006103516,195.0500030517578,44565000.0,23.749763534713665,23.74616580641894,22.399253419817416,25.793312176562573,27.645794559630815,2.07,4.0,0.22,-0.01
AMZN,2024-07-12,194.8000030517578,196.47000122070312,193.8300018310547,194.4900054931641,30598500.0,23.781684456560885,23.753416759053813,22.40411857644197,25.78070889944955,27.614078864146567,2.05,5.0,0.14,-0.01
AMZN,2024-07-15,194.5599975585937,196.19000244140625,190.8300018310547,192.72000122070312,40683200.0,23.47550099304918,23.712247191402376,22.324589570168175,25.76782447222712,27.521791234303794,2.03,4.0,0.03,0.02
AMZN,2024-07-16,195.58999633789065,196.6199951171875,192.2400054931641,193.0200042724609,33994700.0,22.80807277964226,23.569979613214613,22.291595230329285,24.771894873720473,27.52143924924756,2.01,4.0,-0.08,0.04
AMZN,2024-07-17,191.3500061035156,191.5800018310547,185.9900054931641,187.92999267578125,48076100.0,24.242892064283268,23.60889299423074,22.07591867781623,24.92630776040393,27.648024885453943,1.99,2.0,-0.09,-0.01
AMZN,2024-07-18,189.58999633789065,189.67999267578125,181.4499969482422,183.75,51043600.0,25.20324368054032,23.92837655729697,22.379893636053957,23.928946765782435,27.74243703937062,1.96,7.0,-0.06,-0.09
AMZN,2024-07-19,181.13999938964844,184.92999267578125,180.11000061035156,183.1300048828125,43081800.0,25.050895926252053,23.802157054603686,22.38616292537631,23.547244042077644,27.69005105481261,1.92,8.0,-0.02,-0.09
AMZN,2024-07-22,185.0,185.0599975585937,182.47999572753903,182.5500030517578,39931900.0,24.338249847272923,23.552998777367755,22.363289958766664,23.554198215487425,27.372243488251385,1.9,7.0,0.02,-0.08
AMZN,2024-07-23,184.1000061035156,189.38999938964844,183.5599975585937,186.4100036621093,47537700.0,25.085596886448315,23.638672111447754,22.59220130854826,23.4425407649536,27.441927539152395,1.88,15.0,0.05,-0.16
AMZN,2024-07-24,183.1999969482422,185.4499969482422,180.4100036621093,180.8300018310547,41532400.0,26.218293696830692,23.522398502952644,22.899614604198685,23.736648307978857,27.60539258951284,1.84,19.0,0.07,-0.12
AMZN,2024-07-25,182.9100036621093,183.8999938964844,176.8000030517578,179.85000610351562,44464200.0,26.239897311407024,23.499151587103817,22.88083140876837,23.749144600467037,27.61343859583109,1.81,19.0,0.08,-0.11
AMZN,2024-07-26,180.38999938964844,183.19000244140625,180.2400054931641,182.5,29506000.0,26.643653064118933,22.632203160065615,22.988691776549086,23.78704943080372,27.630786129510383,1.77,21.0,0.11,-0.16
AMZN,2024-07-29,183.83999633789065,184.75,182.3800048828125,183.1999969482422,33270100.0,26.25028498359601,22.178775410797762,22.7712585741397,23.674847907675403,27.631777562649155,1.73,18.0,0.16,-0.09
AMZN,2024-07-30,184.72000122070312,185.8600006103516,179.3800048828125,181.7100067138672,39508600.0,26.35341178441712,21.276194845371702,22.804150136482406,23.69191468691377,27.49430685446065,1.69,19.0,0.21,-0.11
AMZN,2024-07-31,185.0500030517578,187.94000244140625,184.4600067138672,186.97999572753903,41667300.0,27.65374535218562,22.022962075343173,23.054138685584988,23.867292877574016,27.612662101849722,1.63,24.0,0.22,-0.12
AMZN,2024-08-01,189.2899932861328,190.6000061035156,181.8699951171875,184.07000732421875,70435600.0,27.97597051286714,22.080667206353024,23.15549510091797,23.84375992277206,27.616828358017003,1.58,25.0,0.26,-0.15
AMZN,2024-08-02,166.75,168.77000427246094,160.5500030517578,167.89999389648438,141448400.0,38.19844633083928,28.97119202172067,27.242103997201024,26.261079463649633,29.016176110900897,1.55,94.0,0.38,6.81
AMZN,2024-08-05,154.2100067138672,162.9600067138672,151.61000061035156,161.02000427246094,83149400.0,39.30957226055866,30.101237893110866,27.839695994681584,26.620084667735643,29.328201926451946,1.52,95.0,1.08,6.1
AMZN,2024-08-06,161.7100067138672,165.0800018310547,158.5399932861328,161.92999267578125,59950800.0,39.22312143203979,30.07041511644238,27.833208663548543,26.53501914506072,28.2520086864565,1.51,95.0,1.33,6.11
AMZN,2024-08-07,166.5500030517578,167.5800018310547,161.42999267578125,162.77000427246094,48408200.0,39.24413758140178,30.064017655043656,27.76999671377639,26.537444505560302,28.196577598811302,1.49,95.0,1.34,6.16
AMZN,2024-08-08,165.1699981689453,166.69000244140625,162.5500030517578,165.8000030517578,44616200.0,37.75847618235268,30.358977171919925,27.678582751913382,26.556206512981706,28.203195052118364,1.47,95.0,1.28,6.4
AMZN,2024-08-09,166.39999389648438,168.5500030517578,165.85000610351562,166.94000244140625,36401000.0,37.081823324048855,30.39829387459651,27.702946543570334,26.557246679599512,28.16564011622471,1.45,96.0,1.19,6.39
AMZN,2024-08-12,168.13999938964844,168.5500030517578,166.11000061035156,166.8000030517578,30072800.0,36.713324852990574,30.38814774564893,27.669067448543583,26.488651087574528,28.16265503266307,1.43,95.0,1.08,6.41
AMZN,2024-08-13,167.80999755859375,171.0399932861328,167.10000610351562,170.22999572753906,39237900.0,36.72055228865792,30.635362675747057,27.788547529406348,26.498917726533843,28.230266198777848,1.45,98.0,0.95,6.29
AMZN,2024-08-14,172.11000061035156,172.27999877929688,168.86000061035156,170.10000610351562,28843800.0,36.30252961742179,30.60014123649408,27.788493913730093,26.499485228719156,28.192262941923918,1.48,97.0,0.83,6.28
AMZN,2024-08-15,174.86000061035156,177.91000366210938,173.99000549316406,177.58999633789062,51698500.0,38.85124853428959,31.906676009880314,28.628346084536034,26.958918676766658,28.42443926674873,1.54,100.0,0.82,5.69
AMZN,2024-08-16,177.0399932861328,178.33999633789062,176.25999450683594,177.05999755859375,31489200.0,38.567088531070986,31.90898482012457,28.621806084461426,26.954415715263703,28.35581489912889,1.6,99.0,0.78,5.68
AMZN,2024-08-19,177.63999938964844,178.3000030517578,176.16000366210938,178.22000122070312,31129800.0,38.68915538121604,31.94201635095013,28.61415721496329,26.953113070235986,28.346023595052937,1.65,98.0,0.78,5.72
AMZN,2024-08-20,177.9199981689453,179.00999450683594,177.42999267578125,178.8800048828125,26255200.0,38.732785626447885,31.870440897892315,28.587625718713035,26.952979052008153,28.33888608612493,1.7,97.0,0.77,5.74
AMZN,2024-08-21,179.9199981689453,182.38999938964844,178.88999938964844,180.11000061035156,35599100.0,38.81611182759536,31.901531727766276,28.604489481636563,26.95424111192848,28.327822780680705,1.75,97.0,0.77,5.73
AMZN,2024-08-22,181.3800048828125,181.47000122070312,175.67999267578125,176.1300048828125,32047500.0,38.74240943000718,32.18224188913298,28.81785497757771,27.02996090435609,28.421907025177035,1.79,100.0,0.72,5.43
AMZN,2024-08-23,177.33999633789062,178.97000122070312,175.24000549316406,177.0399932861328,29150100.0,38.82167476784649,32.20350015413118,28.829928363644242,26.990792264559822,28.412547494958694,1.84,100.0,0.68,5.44
AMZN,2024-08-26,176.6999969482422,177.47000122070312,174.3000030517578,175.5,22366200.0,38.81639457866342,32.109250209947234,28.819252723744594,26.93810163505392,28.284546392063053,1.88,99.0,0.61,5.4
AMZN,2024-08-27,174.14999389648438,174.88999938964844,172.25,173.1199951171875,29842000.0,38.9073971988805,32.05999266262268,28.823345070889104,26.93379708996895,28.30665659451539,1.93,99.0,0.53,5.4
AMZN,2024-08-28,173.69000244140625,173.69000244140625,168.9199981689453,170.8000030517578,29045000.0,38.4106263906104,32.0880996233417,28.53990313531628,26.985563467469003,28.34329516159963,1.96,91.0,0.41,5.57
AMZN,2024-08-29,173.22000122070312,174.2899932861328,170.80999755859375,172.1199951171875,26407800.0,38.08723331616364,32.10869950871094,28.570953365527913,26.96441182926275,28.32480216635348,1.99,91.0,0.32,5.55
AMZN,2024-08-30,172.77999877929688,178.89999389648438,172.60000610351562,178.5,43429400.0,39.689319001721465,32.91864800545114,29.168780632072917,27.264683853552977,28.545533557954776,2.03,100.0,0.3,5.12
AMZN,2024-09-03,177.5500030517578,178.25999450683594,175.25999450683594,176.25,37817500.0,39.833115272240676,32.73202360054297,29.232176241264764,27.295743739998855,28.504761029618912,2.07,100.0,0.27,5.02
AMZN,2024-09-04,174.47999572753906,175.97999572753906,172.5399932861328,173.3300018310547,30309200.0,39.51107977401811,32.888942627232694,29.214348480258774,27.347346240450456,28.559516684975407,2.11,99.0,0.23,4.96
AMZN,2024-09-05,175.0,179.8800048828125,175.0,177.88999938964844,40170500.0,39.42100890327888,33.19532954866597,29.425702536260378,27.440861695116247,28.66026839779493,2.15,100.0,0.22,4.86
AMZN,2024-09-06,177.24000549316406,178.3800048828125,171.16000366210938,171.38999938964844,41466500.0,40.81553946849967,34.01929650927735,29.9292888645578,27.634367232273192,28.87575186910768,2.2,100.0,0.14,4.44
AMZN,2024-09-09,174.52999877929688,175.85000610351562,173.50999450683594,175.39999389648438,29037400.0,41.18202434741608,34.390600510572895,30.166573193190576,27.761076469376956,28.90934263620139,2.25,100.0,0.1,4.29
AMZN,2024-09-10,177.49000549316406,180.5,176.7899932861328,179.5500030517578,36233800.0,41.78028514269455,34.59624813339656,30.351726005994202,27.85498422554211,28.99571071408335,2.3,100.0,0.1,4.2
AMZN,2024-09-11,180.10000610351562,184.9900054931641,175.72999572753906,184.5200042724609,42564700.0,42.486125844783565,35.0583191175114,30.605334744465583,28.003201927311842,28.919716437994726,2.35,100.0,0.1,4.09
AMZN,2024-09-12,184.8000030517578,187.4100036621093,183.5399932861328,187.0,33544200.0,41.83557619425169,35.16153310473646,30.38278224193568,28.037576045146245,28.91085405204056,2.4,99.0,0.13,4.35
AMZN,2024-09-13,187.0,188.5,185.9100036621093,186.4900054931641,26495400.0,41.581124076825624,35.13637113885312,30.30306441714118,28.04090921305277,28.81106119046864,2.44,97.0,0.14,4.38
AMZN,2024-09-16,185.2899932861328,185.8099975585937,183.3600006103516,184.88999938964844,26065500.0,31.214852728763464,34.9914176817853,30.27107189355717,28.063836866831654,28.826508639167454,2.48,96.0,0.15,4.36
AMZN,2024-09-17,186.8500061035156,189.4499969482422,186.13999938964844,186.8800048828125,26091700.0,28.193395030222963,34.90627968920935,30.193897814795395,28.086959253802462,28.670281330598613,2.52,95.0,0.17,4.49
AMZN,2024-09-18,186.4499969482422,188.8000030517578,185.0599975585937,186.42999267578125,34448100.0,28.273095326470955,34.69556497860089,30.07124413179776,28.062174155956153,28.669596897747724,2.56,93.0,0.23,4.64
AMZN,2024-09-19,190.0399932861328,190.9900054931641,188.47000122070312,189.8699951171875,39543200.0,28.546329628675128,34.88685838730349,29.738851368820175,28.08212668555673,28.66305567762367,2.59,91.0,0.21,4.86
AMZN,2024-09-20,190.22999572753903,191.83999633789065,187.4100036621093,191.6000061035156,100378600.0,28.29468855584669,34.03255872841926,29.74962676809834,28.065843535867202,28.613715991185796,2.62,91.0,0.16,4.85
AMZN,2024-09-23,191.63999938964844,194.4499969482422,190.57000732421875,193.8800048828125,36993100.0,28.362431366469572,33.82206928241783,29.29525433793686,27.893310346940236,28.250038533645945,2.64,88.0,0.16,5.35
AMZN,2024-09-24,194.2700042724609,195.3699951171875,190.1300048828125,193.9600067138672,43478900.0,28.342405239734813,33.47515029144837,29.090328793706664,27.891398635393283,28.248433019604747,2.66,84.0,0.12,5.51
AMZN,2024-09-25,193.75,193.9499969482422,192.1600036621093,192.52999877929688,26391100.0,28.179276385132123,33.24212481680189,28.69945675154359,27.75695429417811,28.223010200023225,2.67,79.0,0.08,5.79
AMZN,2024-09-26,194.3099975585937,194.52999877929688,189.5399932861328,191.1600036621093,36334900.0,28.335180016378498,33.13126693415238,28.698001207968733,27.72730279662084,27.910216398984517,2.69,78.0,0.05,5.75
AMZN,2024-09-27,190.67999267578125,190.8999938964844,187.33999633789065,187.97000122070312,36002300.0,26.386673291054063,33.21416265703511,28.748285005783757,27.758210644115415,27.970900522531256,2.7,79.0,0.05,5.61
AMZN,2024-09-30,187.13999938964844,188.4900054931641,184.6499938964844,186.3300018310547,41583900.0,26.532183470935134,33.14194194293019,28.781540985114635,27.765153688369377,27.989615996881323,2.72,79.0,0.06,5.55
AMZN,2024-10-01,184.8999938964844,186.19000244140625,183.4499969482422,185.1300048828125,36044900.0,26.593803884183963,33.156180580745676,28.792496940947686,27.773877050560053,27.99099644896997,2.73,79.0,0.07,5.53
AMZN,2024-10-02,184.44000244140625,186.6000061035156,184.0399932861328,184.759994506836,23704100.0,26.599855596916456,33.15510087372686,28.764545300735993,27.748191737344296,27.942542010090417,2.74,77.0,0.09,5.54
AMZN,2024-10-03,183.0500030517578,183.44000244140625,180.8800048828125,181.9600067138672,30204300.0,26.952980160461575,33.269955157376046,28.815750098165548,27.787364638014207,27.722090327047834,2.76,79.0,0.1,5.47
AMZN,2024-10-04,185.75,187.6000061035156,183.6000061035156,186.509994506836,40890300.0,26.960799745793736,33.36334903427816,29.077467006399615,27.8999320932604,27.76947460129127,2.77,83.0,0.1,5.28
AMZN,2024-10-07,182.9499969482422,183.6000061035156,180.25,180.8000030517578,42364200.0,28.57983338147767,33.93653151021038,29.489495199468795,28.12799114257773,27.943709115422976,2.79,89.0,0.1,4.82
AMZN,2024-10-08,181.9199981689453,183.08999633789065,180.9199981689453,182.72000122070312,26372100.0,28.57344997206627,33.980223395466695,29.526820615675724,28.146384501353367,27.921819872534314,2.81,89.0,0.1,4.82
AMZN,2024-10-09,182.82000732421875,185.8500061035156,182.0500030517578,185.1699981689453,26343100.0,28.41215146031808,34.10166397209201,29.534052871310156,28.17231407597975,27.947051544638924,2.83,89.0,0.1,4.88
AMZN,2024-10-10,187.1300048828125,188.1300048828125,185.8300018310547,186.6499938964844,27785000.0,28.057878879851938,33.70934473975289,29.546639498816024,28.179561471200625,27.94312327316814,2.84,89.0,0.09,4.87
AMZN,2024-10-11,186.6300048828125,189.92999267578125,186.3000030517578,188.82000732421875,25751600.0,28.136754529202367,33.46524246781706,29.58408137084986,28.20218374832229,27.91231066885258,2.86,89.0,0.08,4.88
AMZN,2024-10-14,189.77999877929688,189.8300018310547,187.3600006103516,187.5399932861328,22614400.0,26.426363178149476,33.48932727400247,29.603080552323835,28.2024411501905,27.923401938853882,2.88,89.0,0.07,4.84
AMZN,2024-10-15,187.6300048828125,188.4100036621093,184.5800018310547,187.69000244140625,32178900.0,26.077564888146977,33.48114036657131,29.60316165427763,28.163533961341585,27.84554943903062,2.89,89.0,0.06,4.85
AMZN,2024-10-16,187.0500030517578,187.77999877929688,185.6100006103516,186.88999938964844,23456800.0,25.542012819923322,33.22061994102248,29.55313142766419,28.113980898651654,27.7818448518384,2.91,86.0,0.06,4.92
AMZN,2024-10-17,188.22000122070312,188.94000244140625,186.0,187.52999877929688,25039400.0,24.559698085406996,32.61474365943456,29.555480720899602,27.956487514012924,27.766046369947578,2.92,86.0,0.07,4.93
AMZN,2024-10-18,187.1499938964844,190.7400054931641,186.27999877929688,188.9900054931641,37417700.0,21.642312368723918,32.62241702834544,29.555732467707674,27.810878074014312,27.639037199431044,2.93,86.0,0.05,4.93
AMZN,2024-10-21,188.0500030517578,189.4600067138672,186.3999938964844,189.07000732421875,24639400.0,20.81562873326699,32.495391012790556,29.55522354621989,26.349364967972182,27.639205094338937,2.94,84.0,0.05,4.93
AMZN,2024-10-22,188.3500061035156,191.5200042724609,186.97999572753903,189.6999969482422,29650600.0,19.856694055794595,32.49341762915066,29.45622839649818,26.328116715559936,27.50633821867109,2.95,78.0,0.05,5.08
AMZN,2024-10-23,188.8500061035156,189.1600036621093,183.69000244140625,184.7100067138672,31937100.0,20.00021822324918,32.92413403759763,29.653937551164063,26.510743207564403,27.63513471237131,2.95,89.0,0.11,4.88
AMZN,2024-10-24,185.25,187.1100006103516,183.8600006103516,186.3800048828125,21647400.0,19.78713535896715,32.44581721146274,29.64012449625695,26.514494329825624,27.608789265591344,2.96,88.0,0.14,4.89
AMZN,2024-10-25,187.8500061035156,190.4499969482422,187.52999877929688,187.8300018310547,29362100.0,19.89936924864248,32.3187859074844,29.651647905727923,26.522772955336016,26.975682803067453,2.97,88.0,0.16,4.88
AMZN,2024-10-28,189.57000732421875,190.2100067138672,188.2100067138672,188.38999938964844,27930800.0,19.734059756094847,25.973707153247673,29.608561782672897,26.3403750028313,26.922913032871655,2.97,86.0,0.17,4.91
AMZN,2024-10-29,188.5800018310547,191.4600067138672,187.82000732421875,190.8300018310547,35690200.0,19.839748457442578,24.409769553720125,29.504422608147042,26.338411342783964,26.162217039744384,2.97,75.0,0.15,4.99
AMZN,2024-10-30,194.6999969482422,195.6100006103516,192.4199981689453,192.72999572753903,37707600.0,19.992688663217695,24.44640409611047,29.536070366776812,26.227476929694717,25.91702224916951,2.98,77.0,0.12,4.99
AMZN,2024-10-31,190.509994506836,190.6000061035156,185.22999572753903,186.3999938964844,75146800.0,21.674490316030294,25.546434886132918,29.927401159295954,26.489981632471792,26.150189524845086,2.98,91.0,0.12,4.56
AMZN,2024-11-01,199.0,200.5,197.0200042724609,197.92999267578125,99687800.0,27.813317280542666,27.97666917699555,31.409206879717793,27.395293305102676,26.659114448962175,3.0,100.0,0.06,4.19
AMZN,2024-11-04,196.4499969482422,197.3300018310547,194.3099975585937,195.77999877929688,38492100.0,27.831110584647618,28.107667901897216,31.459927676798294,27.4290823408995,26.680192353167758,3.02,100.0,0.01,4.13
AMZN,2024-11-05,196.0399932861328,199.82000732421875,195.9900054931641,199.5,30564800.0,28.342916543659634,28.291471865506878,31.47466288446166,27.451248513186112,26.73604706495098,3.05,100.0,-0.04,4.17
AMZN,2024-11-06,200.009994506836,207.5500030517578,199.13999938964844,207.08999633789065,72292200.0,30.110104314771867,28.94350192034446,32.002430809533024,27.770677312270315,26.967767778810387,3.07,100.0,0.01,3.88
AMZN,2024-11-07,207.44000244140625,212.25,207.19000244140625,210.0500030517578,52878400.0,30.155621958826778,29.01674485865077,32.068533011242664,27.52305670692857,26.92683637439142,3.1,100.0,0.11,3.84
AMZN,2024-11-08,209.72000122070312,209.9600067138672,207.44000244140625,208.17999267578125,36075800.0,29.786184395629423,27.924527164179842,32.084050897088,27.547842820250857,26.940660934600164,3.12,100.0,0.1,3.83
AMZN,2024-11-11,208.5,209.6499938964844,205.58999633789065,206.83999633789065,35456000.0,29.71174961861815,27.963458465574,31.99697461715324,27.560346065038754,26.925716494329098,3.14,97.0,0.05,3.86
AMZN,2024-11-12,208.3699951171875,209.5399932861328,206.009994506836,208.9100036621093,38942900.0,29.61526443184168,27.99289235732593,31.940829547901227,27.565305276325063,26.869345833782965,3.16,96.0,0.01,3.9
AMZN,2024-11-13,209.3999938964844,215.08999633789065,209.13999938964844,214.1000061035156,46212900.0,30.1400799840599,28.349869861454735,31.998963697291128,27.702431394501914,26.95497957977318,3.18,97.0,0.09,3.92
AMZN,2024-11-14,214.1600036621093,215.8999938964844,210.8800048828125,211.47999572753903,42620300.0,29.97972070239518,28.510129038142313,32.070006050158895,27.651500928236228,26.910765269884436,3.2,99.0,0.05,3.84
AMZN,2024-11-15,206.759994506836,207.33999633789065,199.6100006103516,202.6100006103516,86591100.0,32.41798192181385,29.568617398603163,32.272011433873864,28.119884198726748,27.20446223167595,3.22,100.0,-0.02,3.64
AMZN,2024-11-18,204.1499938964844,204.6699981689453,200.9499969482422,201.6999969482422,36409900.0,30.88481562082127,29.595493903696767,32.10114704531495,28.12203823564546,27.207936420685968,3.2,99.0,-0.04,3.73
AMZN,2024-11-19,199.3300018310547,205.3000030517578,198.77999877929688,204.6100006103516,31197900.0,30.977104579109017,29.609742810835616,31.951274533169933,28.06277400626741,27.197661119130327,3.18,92.0,-0.11,3.9
AMZN,2024-11-20,202.97999572753903,203.1300048828125,199.4499969482422,202.8800048828125,32769000.0,31.037861085684803,29.5077326759631,31.826455072176067,28.079969638955237,27.21049458300005,3.15,90.0,-0.15,3.96
AMZN,2024-11-21,203.4900054931641,203.4900054931641,195.75,198.3800048828125,58800000.0,31.858545334170397,29.772178730205844,31.95087534443272,28.132147227207593,27.262985055724798,3.13,91.0,-0.14,3.8
AMZN,2024-11-22,198.25,199.259994506836,196.75,197.1199951171875,31530800.0,31.8164152583712,29.80676054838966,31.90871594676822,28.124228473395657,27.213129121835127,3.11,89.0,-0.13,3.85
AMZN,2024-11-25,199.27999877929688,201.9499969482422,199.0,201.4499969482422,40685700.0,32.24627441435206,29.235359809491197,32.03796256686757,28.13121697419618,27.29045750934872,3.07,95.0,-0.14,3.77
AMZN,2024-11-26,201.8999938964844,208.0,201.7899932861328,207.8600006103516,41673700.0,33.311799291179966,29.67799920182315,32.41367466186613,28.273485228234733,27.45033124311369,3.04,100.0,-0.17,3.56
AMZN,2024-11-27,206.97999572753903,207.63999938964844,205.0500030517578,205.7400054931641,28061600.0,33.47619018365553,29.526363079771173,32.457924321937824,28.29618091339598,27.468123684947493,3.0,100.0,-0.2,3.51
AMZN,2024-11-29,205.8300018310547,208.1999969482422,204.58999633789065,207.88999938964844,24892400.0,33.541107391799244,29.176146900378598,32.49600807978181,28.286071679510766,27.475998018710452,2.95,100.0,-0.22,3.49
AMZN,2024-12-02,209.9600067138672,212.9900054931641,209.509994506836,210.7100067138672,39523200.0,33.64588605454956,28.0489101172434,32.32368283774241,28.163477939970672,27.500875493356308,2.91,97.0,-0.27,3.67
AMZN,2024-12-03,210.3099975585937,214.0200042724609,209.6499938964844,213.44000244140625,32214800.0,33.73625505995274,27.819314696739077,32.3750818923063,28.198050422143684,27.520151036363167,2.86,97.0,-0.29,3.65
AMZN,2024-12-04,215.9600067138672,220.0,215.75,218.1600036621093,48745700.0,34.128062274442804,27.774320997526562,32.503593464212244,28.292961152777796,27.54544433045903,2.8,100.0,-0.25,3.61
AMZN,2024-12-05,218.02999877929688,222.1499938964844,217.3000030517578,220.5500030517578,41140200.0,32.845076087145216,27.367857290256147,32.53970004061112,28.283378123713792,27.533251208951132,2.74,100.0,-0.2,3.6
AMZN,2024-12-06,220.75,227.1499938964844,220.6000061035156,227.02999877929688,44178100.0,33.51074855712836,27.80406188686351,32.51813108882939,28.473181919430047,27.610156322024388,2.67,99.0,0.0,3.7
AMZN,2024-12-09,227.2100067138672,230.0800018310547,225.6699981689453,226.08999633789065,46819400.0,33.65169920026146,27.818568484142354,32.29763801773904,28.47877278949801,27.57852658866736,2.6,92.0,0.05,3.9
AMZN,2024-12-10,226.08999633789065,229.0599975585937,224.1999969482422,225.0399932861328,31199900.0,33.787244133822405,27.758419817259533,32.30375242833572,28.484592081524724,27.585155808231477,2.53,92.0,0.02,3.89
AMZN,2024-12-11,226.4100036621093,231.1999969482422,226.259994506836,230.259994506836,35385800.0,34.09141734976539,28.010120369446923,32.461499729412466,28.57871580622615,27.63979813402928,2.44,96.0,0.08,3.82
AMZN,2024-12-12,229.8300018310547,231.08999633789065,227.6300048828125,228.97000122070312,28204100.0,34.24373119351367,28.046613095523544,32.34757556141552,28.57814563304637,27.6348209827751,2.36,92.0,0.04,3.86
AMZN,2024-12-13,228.3999938964844,230.1999969482422,225.8600006103516,227.4600067138672,28768100.0,32.41480337664574,27.94725466796331,31.95835901669424,28.592893646466443,27.637305185142814,2.27,79.0,-0.04,4.17
AMZN,2024-12-16,230.22999572753903,233.0,228.009994506836,232.92999267578125,37552100.0,28.718892080356966,28.243978289495935,32.11436156380259,28.715449245918524,27.701918057344123,2.18,87.0,-0.04,4.1
AMZN,2024-12-17,232.38999938964844,232.72999572753903,227.8500061035156,231.1499938964844,35948100.0,28.57316694636218,28.27385791529307,32.09662499355372,28.733439214173867,27.675159130812578,2.08,85.0,-0.11,4.07
AMZN,2024-12-18,230.7700042724609,231.3999938964844,220.1100006103516,220.5200042724609,43281400.0,32.07893099235321,30.07245018983667,33.04091263601755,29.28272636629329,27.985656621872877,1.98,100.0,-0.23,3.53
AMZN,2024-12-19,224.9100036621093,226.08999633789065,222.9199981689453,223.2899932861328,39918700.0,30.562732463553843,30.079137475236173,33.04410882324806,29.263702124380863,28.005560293623187,1.87,100.0,-0.34,3.57
AMZN,2024-12-20,219.83999633789065,226.2100067138672,218.72999572753903,224.9199981689453,88279200.0,30.398279337585986,30.027423894104842,32.78070417335336,29.10163087010081,27.983780951140037,1.75,98.0,-0.45,3.71
AMZN,2024-12-23,225.009994506836,226.8800048828125,223.8999938964844,225.0599975585937,28070000.0,30.217296205153488,29.75415091460582,32.6606840238843,29.10163648893534,27.96700157087184,1.62,97.0,-0.54,3.84
AMZN,2024-12-24,226.94000244140625,229.13999938964844,226.1300048828125,229.0500030517578,15007500.0,30.393595179368926,29.798888161036434,29.070880085254252,29.166486964982973,28.00975928968929,1.6,27.0,-0.59,0.84
AMZN,2024-12-26,228.5,228.5,226.6699981689453,227.0500030517578,16146700.0,30.526827368312702,29.835393425892004,28.231306425118426,29.19013678167347,28.028445080396764,1.59,8.0,-0.67,0.91
AMZN,2024-12-27,225.6000061035156,226.02999877929688,220.8999938964844,223.75,27367100.0,30.209905841305684,30.044880163557696,28.374234827131538,29.191285337970964,28.07452307471244,1.59,8.0,-0.74,0.84
AMZN,2024-12-30,220.0599975585937,223.0,218.42999267578125,221.3000030517578,28321200.0,30.160580183986063,29.945581516759617,28.46223840994701,29.159985944114343,28.1021265102397,1.58,8.0,-0.82,0.8
AMZN,2024-12-31,222.97000122070312,223.22999572753903,218.94000244140625,219.38999938964844,24819700.0,27.28159105834653,29.705204225363374,28.414876963278534,29.1313014260194,28.099256598614915,1.57,7.0,-0.88,0.82
AMZN,2025-01-02,222.02999877929688,225.1499938964844,218.19000244140625,220.22000122070312,33956600.0,27.198334718330347,28.858071995750052,28.407907481322887,29.13147579928385,28.060983959340312,1.56,6.0,-0.94,0.82
AMZN,2025-01-03,222.509994506836,225.3600006103516,221.6199951171875,224.19000244140625,27515600.0,27.346295415280686,28.975301353637526,28.502458746565207,29.162894303517895,28.085313448959955,1.54,8.0,-1.01,0.78
AMZN,2025-01-06,226.77999877929688,228.83999633789065,224.83999633789065,227.6100006103516,31849800.0,27.33760048216396,29.00428131079611,28.433367259841162,29.170607135343392,27.9737622635161,1.54,6.0,-1.06,0.81
AMZN,2025-01-07,227.8999938964844,228.3800048828125,221.4600067138672,222.1100006103516,28084200.0,27.512897107675087,29.544452299511264,28.758186425473596,29.151599912589493,28.095232027964766,1.52,18.0,-1.12,0.69
AMZN,2025-01-08,223.19000244140625,223.5200042724609,220.1999969482422,222.1300048828125,25033300.0,27.369357558852453,29.494317276923038,28.020320035123014,29.108018555164456,27.98735982744958,1.53,1.0,-1.16,0.8
AMZN,2025-01-10,221.4600067138672,221.7100067138672,216.5,218.94000244140625,36811500.0,27.340236623686586,29.64129292429383,28.13380437068844,29.133678156549493,28.000097197914563,1.54,2.0,-1.2,0.75
AMZN,2025-01-13,218.0599975585937,219.3999938964844,216.47000122070312,218.4600067138672,27262700.0,25.991522640985576,29.655324226961277,28.133108101348597,29.060500156357044,27.96708657097875,1.54,2.0,-1.22,0.75
AMZN,2025-01-14,220.44000244140625,221.82000732421875,216.1999969482422,217.759994506836,24711700.0,25.79048911272998,29.645717488897816,28.144089415966857,28.98760869212444,27.959308258489983,1.55,4.0,-1.25,0.74
AMZN,2025-01-15,222.8300018310547,223.57000732421875,220.75,223.3500061035156,31291300.0,26.57102585408959,30.011575173859274,28.377965011252304,28.872823944595734,28.05755669768534,1.55,7.0,-1.28,0.65
AMZN,2025-01-16,224.4199981689453,224.6499938964844,220.3099975585937,220.6600036621093,24757300.0,26.67844836668456,30.15064297737447,28.199099846592933,28.906152810306533,28.069087338277544,1.56,5.0,-1.3,0.71
AMZN,2025-01-17,225.83999633789065,226.509994506836,223.0800018310547,225.94000244140625,42370100.0,27.252748212192344,30.453729995394312,28.39959700025863,28.73359643268091,28.13486227967764,1.56,9.0,-1.32,0.63
AMZN,2025-01-21,228.8999938964844,231.77999877929688,226.94000244140625,230.7100067138672,39951500.0,27.191683502707086,30.67449824457913,28.492144112505645,28.716579393398106,28.182923369441546,1.57,14.0,-1.33,0.6
AMZN,2025-01-22,232.0200042724609,235.44000244140625,231.19000244140625,235.009994506836,41448200.0,27.49700415080883,30.184709601810226,28.478090614572753,28.565987493309343,28.214552778038694,1.57,14.0,-1.33,0.61
AMZN,2025-01-23,234.1000061035156,235.5200042724609,231.509994506836,235.4199981689453,26404400.0,26.29351055420546,30.170141010306494,28.35517604034694,28.554922522568372,28.209621764390842,1.57,7.0,-1.35,0.67
AMZN,2025-01-24,234.5,236.3999938964844,232.92999267578125,234.8500061035156,25890700.0,26.2677028052947,30.1866350241569,28.35990941017924,28.522607491765818,28.205421981414464,1.57,8.0,-1.37,0.66
AMZN,2025-01-27,226.2100067138672,235.6100006103516,225.8600006103516,235.4199981689453,49428300.0,26.209078008067166,30.187431629651396,27.853090252721884,28.522763076657586,28.202945787374777,1.59,1.0,-1.37,0.79
AMZN,2025-01-28,234.2899932861328,241.7700042724609,233.97999572753903,238.1499938964844,41587200.0,25.60031558976413,30.171329485678804,27.77626800614482,28.541786348697514,28.217603913306906,1.6,1.0,-1.36,0.84
AMZN,2025-01-29,239.0200042724609,240.38999938964844,236.1499938964844,237.07000732421875,26091700.0,25.577644735570793,30.189543496686476,27.623207045406794,28.53918616625817,28.215526166285475,1.62,1.0,-1.38,0.91
AMZN,2025-01-30,237.13999938964844,237.9499969482422,232.22000122070312,234.63999938964844,32020700.0,25.697063763664335,29.344860215094958,27.45953911560613,28.536786444141534,28.21558550941886,1.64,1.0,-1.4,0.96
AMZN,2025-01-31,236.5,240.2899932861328,236.4100036621093,237.67999267578125,36110200.0,25.045655591656608,26.98531801999513,26.744605203799633,28.560472117209144,28.19481481064577,1.68,1.0,-1.44,1.09
AMZN,2025-02-03,234.0599975585937,239.25,232.8999938964844,237.4199981689453,37285900.0,24.92751553366841,26.842769307960857,26.56260734886186,28.56148267413422,28.077105495011118,1.72,1.0,-1.46,1.17
AMZN,2025-02-04,239.009994506836,242.5200042724609,238.02999877929688,242.0599975585937,29713800.0,20.934522348892948,26.856206437649494,26.491602876254788,28.628190098062785,28.027596597263617,1.76,1.0,-1.45,1.21
AMZN,2025-02-05,237.0200042724609,238.32000732421875,235.1999969482422,236.1699981689453,38727300.0,22.214708477810266,26.494382499880466,26.561000691389523,28.74540674761735,27.147965957814367,1.79,2.0,-1.45,1.18
AMZN,2025-02-06,238.009994506836,239.6600036621093,236.009994506836,238.8300018310547,60897100.0,22.326584916583165,26.443537376130887,26.540757427541095,28.764122888592876,27.147326711380366,1.82,2.0,-1.45,1.19
AMZN,2025-02-07,232.5,234.8099975585937,228.0599975585937,229.1499938964844,77539300.0,25.626009429850626,27.823448351863693,27.426824025020814,29.192987338302267,27.46959737701432,1.84,6.0,-1.46,1.08
AMZN,2025-02-10,230.5500030517578,233.9199981689453,229.1999969482422,233.13999938964844,35419900.0,25.608264223292608,27.954413625062763,27.478018289511848,29.25165631342462,27.507877724322015,1.86,8.0,-1.46,1.06
AMZN,2025-02-11,231.9199981689453,233.44000244140625,230.1300048828125,232.759994506836,23713700.0,25.464707133602886,27.914276439573577,27.451947831689903,29.253272843611523,27.504261466496533,1.88,7.0,-1.46,1.07
AMZN,2025-02-12,230.4600067138672,231.17999267578125,228.1600036621093,228.92999267578125,32285200.0,25.57371986938324,27.755539480279158,27.604390657074507,29.2913677672385,27.441964461415658,1.89,10.0,-1.45,0.99
AMZN,2025-02-13,228.8500061035156,230.4199981689453,227.5200042724609,230.3699951171875,31346500.0,25.37206876822365,27.632520972735975,27.49023553362705,29.295103755803108,27.414532303834342,1.91,10.0,-1.44,1.05
AMZN,2025-02-14,229.1999969482422,229.88999938964844,227.22999572753903,228.67999267578125,27031100.0,25.3301196056143,26.11969115998657,27.505412719459972,29.30328702110202,27.331888459489466,1.92,11.0,-1.43,1.03
AMZN,2025-02-18,228.82000732421875,229.3000030517578,223.72000122070312,226.6499938964844,42975100.0,25.492501651473297,26.182353487827864,27.509424483878337,29.32714455059207,27.321312286234683,1.93,12.0,-1.42,1.02
AMZN,2025-02-19,225.5200042724609,226.8300018310547,223.7100067138672,226.6300048828125,28566700.0,24.983765315698054,26.057577287517603,27.510071764502776,29.26449017996873,27.30965510578642,1.95,13.0,-1.4,1.02
AMZN,2025-02-20,224.77999877929688,225.1300048828125,221.8099975585937,222.8800048828125,30001700.0,25.05044085830881,26.247921732745322,27.62626481920929,29.268706454483656,27.366376227734122,1.96,16.0,-1.37,0.97
AMZN,2025-02-21,223.27999877929688,223.3099975585937,214.7400054931641,216.5800018310547,55323900.0,25.424620123312625,26.521476603673317,28.005838948284236,29.460735145709656,27.48421745946124,1.96,19.0,-1.33,0.84
AMZN,2025-02-24,217.4499969482422,217.72000122070312,212.4199981689453,212.7100067138672,42387600.0,25.904864980916603,26.774988598728704,28.02622748910845,29.54226817579243,27.538393138619377,1.97,21.0,-1.28,0.83
AMZN,2025-02-25,211.6300048828125,213.33999633789065,204.1600036621093,212.8000030517578,58958000.0,25.61231767502094,26.43346129833091,27.980699881450143,29.519246836743452,27.326147613955996,1.97,19.0,-1.23,0.85
AMZN,2025-02-26,214.94000244140625,218.1600036621093,213.08999633789065,214.3500061035156,39120600.0,25.718629741630462,25.70089138435645,27.968233398930693,29.43862351483917,27.333376336992522,1.98,19.0,-1.18,0.86
AMZN,2025-02-27,218.3500061035156,219.97000122070312,208.3699951171875,208.7400054931641,40548600.0,26.786798523932486,26.203285595538965,28.31430725468253,29.611067036935722,27.468755059769574,1.98,29.0,-1.14,0.73
AMZN,2025-02-28,208.6499938964844,212.6199951171875,206.9900054931641,212.27999877929688,51771700.0,26.152996576685272,26.34223626490745,28.296769183677878,29.62511858330111,27.50537155655487,1.98,29.0,-1.1,0.75
AMZN,2025-03-03,213.3500061035156,214.009994506836,202.5500030517578,205.0200042724609,42948400.0,27.71782952506144,27.159868180556728,28.631648351886025,29.921407831192187,27.733302198237926,1.99,43.0,-1.07,0.69
AMZN,2025-03-04,200.1100006103516,206.8000030517578,197.42999267578125,203.8000030517578,60853100.0,26.601357037072038,27.0391374508155,28.19038229502923,29.929971954989664,27.668970544074647,1.99,27.0,-1.06,0.83
AMZN,2025-03-05,204.8000030517578,209.97999572753903,203.259994506836,208.3600006103516,38610100.0,26.701825730805623,27.04831587313806,28.347525934343416,29.970311939416778,27.742445556108102,2.0,32.0,-1.04,0.77
AMZN,2025-03-06,204.3999938964844,205.7700042724609,198.3000030517578,200.6999969482422,49863800.0,27.62604724213762,27.95774726437592,28.939872976088466,30.307921461763932,27.999548518603824,2.0,47.0,-1.03,0.65
AMZN,2025-03-07,199.4900054931641,202.2700042724609,192.52999877929688,199.25,59802800.0,27.550790079267863,27.244631751824482,28.944881149436036,30.321073926728904,27.9372181508115,2.0,48.0,-1.02,0.64
AMZN,2025-03-10,195.6000061035156,196.72999572753903,190.8500061035156,194.5399932861328,62350900.0,28.038393291187454,27.604807736301833,29.151878213370775,30.446016228238975,28.041270845056545,2.0,50.0,-1.02,0.56
AMZN,2025-03-11,193.8999938964844,200.17999267578125,193.3999938964844,196.58999633789065,54002900.0,28.351230035058695,27.72849168915601,29.173835065904935,30.398933553365826,27.99829888349189,2.0,51.0,-1.02,0.56
AMZN,2025-03-12,200.72000122070312,201.5200042724609,195.2899932861328,198.88999938964844,43679300.0,28.356729174057975,27.384732721476844,29.227563443376383,30.372390023245348,28.006761878974757,2.0,52.0,-1.02,0.53
AMZN,2025-03-13,198.1699981689453,198.8800048828125,191.82000732421875,193.88999938964844,41270800.0,28.905797233583208,27.782116210671532,29.50928848961502,30.441994221106555,28.05564162704114,2.0,55.0,-1.03,0.43
AMZN,2025-03-14,197.4100036621093,198.6499938964844,195.32000732421875,197.9499969482422,38096700.0,29.949800281411353,28.182624608968755,29.682186960419987,30.534970427990466,28.0625229843093,2.0,63.0,-1.04,0.37
AMZN,2025-03-17,198.7700042724609,199.0,194.32000732421875,195.7400054931641,47341800.0,29.46391652407933,27.707947769794362,29.71768254069455,30.229346196633276,28.08000221512949,2.0,63.0,-1.05,0.35
AMZN,2025-03-18,192.5200042724609,194.0,189.3800048828125,192.82000732421875,40414900.0,29.51970921772929,27.802961739503335,29.817808343264023,30.171912008939167,28.096687473513647,2.0,63.0,-1.05,0.31
AMZN,2025-03-19,193.3800048828125,195.97000122070312,191.9600067138672,195.5399932861328,39442900.0,29.144179167863705,26.454340334883437,29.894461409783318,30.089146969123128,28.019008424614185,2.0,63.0,-1.06,0.28
AMZN,2025-03-20,193.07000732421875,199.32000732421875,192.3000030517578,194.9499969482422,38921100.0,28.68472365933376,26.281963681740528,29.58575029288995,29.995369560240427,28.02116210928608,2.0,56.0,-1.11,0.38
AMZN,2025-03-21,192.8999938964844,196.9900054931641,192.5200042724609,196.2100067138672,60056900.0,28.463438171295298,26.269635127449913,29.569911073790323,29.95813272301965,28.017087806644692,2.0,56.0,-1.15,0.39
AMZN,2025-03-24,200.0,203.63999938964844,199.9499969482422,203.259994506836,41625400.0,28.982322995315464,27.371286211965966,30.060873552951932,30.214726955718817,28.206897406680486,2.0,64.0,-1.16,0.29
AMZN,2025-03-25,203.6000061035156,206.2100067138672,203.22000122070312,205.7100067138672,31171200.0,28.684611668183983,27.22673694561985,30.111495416375345,30.213941632556924,28.230103485387538,2.0,64.0,-1.17,0.27
AMZN,2025-03-26,205.83999633789065,206.009994506836,199.92999267578125,201.1300048828125,32855300.0,29.158565542020874,27.521370297580255,30.276345757953283,30.329800354681684,28.32210273644527,2.0,64.0,-1.18,0.22
AMZN,2025-03-27,200.88999938964844,203.7899932861328,199.27999877929688,201.3600006103516,27317700.0,28.991531872273708,27.402056720565465,30.2391619049961,30.330066716627417,28.319018985690743,2.0,63.0,-1.19,0.23
AMZN,2025-03-28,198.4199981689453,199.259994506836,191.8800048828125,192.72000122070312,52548200.0,30.978757851612958,28.673094246856323,30.58074728572745,30.770523102267944,28.65185054541644,2.01,64.0,-1.26,0.27
AMZN,2025-03-31,188.19000244140625,191.3300018310547,184.3999938964844,190.259994506836,63547600.0,31.041227634770507,28.725443974984703,29.113151624007212,30.677114857951366,28.669964670784704,2.0,50.0,-1.23,-0.22
AMZN,2025-04-01,187.8600006103516,193.92999267578125,187.1999969482422,192.1699981689453,41267300.0,31.375603640932148,28.81035237969406,29.109937015146663,30.698709633107335,28.685221335754047,1.99,50.0,-1.21,-0.2
AMZN,2025-04-02,187.6600036621093,198.33999633789065,187.6600036621093,196.009994506836,53679200.0,32.19160446399334,28.870245318811232,29.126333621119954,30.769041692118197,28.750144521098875,1.99,52.0,-1.22,-0.21
AMZN,2025-04-03,183.0,184.1300048828125,176.9199981689453,178.41000366210938,95553600.0,41.216781584990585,34.23998273687189,32.13382740509613,32.72381763934873,30.259872757181093,1.99,83.0,-1.0,3.16
AMZN,2025-04-04,167.14999389648438,178.13999938964844,166.0,171.0,123159400.0,42.01761792383447,34.88873837256662,32.682558918129594,32.95322771401253,30.539578038413023,2.0,97.0,-0.6,2.78
AMZN,2025-04-07,162.0,183.4100036621093,161.3800048828125,175.25999450683594,109327100.0,42.92956139062572,35.38059004554503,32.93559481397428,32.98240102257125,30.612201523603026,2.01,98.0,-0.5,2.71
AMZN,2025-04-08,185.22999572753903,185.8999938964844,168.57000732421875,170.66000366210938,87710400.0,43.26632739158886,35.62114297799631,33.163696345901066,33.12737723485099,30.597863617604602,2.03,100.0,-0.33,2.53
AMZN,2025-04-09,172.1199951171875,192.6499938964844,169.92999267578125,191.1000061035156,116804300.0,55.518343647187116,42.972976168903706,37.82110757247452,35.74443601313029,32.63321638061897,2.17,100.0,-0.42,5.75
AMZN,2025-04-10,185.44000244140625,186.8699951171875,175.85000610351562,181.22000122070312,68302000.0,56.97659362246167,44.21908746653292,38.49394898638588,36.21153310702181,33.06309081748901,2.33,100.0,-0.5,5.39
AMZN,2025-04-11,179.92999267578125,185.8600006103516,178.0,184.8699951171875,50594300.0,57.086273643410834,44.08443447252398,38.607252275968854,36.109479015437316,33.12339927877993,2.48,100.0,-0.59,5.29
AMZN,2025-04-14,186.83999633789065,187.44000244140625,179.22999572753906,182.1199951171875,48002500.0,56.46117628495183,44.11327945070936,38.09481574987899,36.147845849077,33.115191349525794,2.6,98.0,-0.64,5.64
AMZN,2025-04-15,181.4100036621093,182.3500061035156,177.92999267578125,179.58999633789062,43642000.0,56.53392703336112,43.80826109242441,38.146333777180914,36.14418310978987,33.10819524896254,2.72,98.0,-0.67,5.6
AMZN,2025-04-16,176.2899932861328,179.10000610351562,171.41000366210938,174.3300018310547,51875300.0,56.4317671089384,43.81659075291663,38.331648919819024,36.31065337536252,33.21320924424828,2.84,98.0,-0.69,5.47
AMZN,2025-04-17,176.0,176.2100067138672,172.0,172.61000061035156,44726500.0,55.654541116256986,43.56181042294653,38.33883136108609,36.316593235399345,33.22710487866875,2.95,98.0,-0.69,5.46
AMZN,2025-04-21,169.60000610351562,169.60000610351562,165.2899932861328,167.32000732421875,48126100.0,56.16533001035337,43.85969578697051,38.483589640544864,36.33550485122148,33.35264577543705,3.06,98.0,-0.63,5.36
AMZN,2025-04-22,169.85000610351562,176.77999877929688,169.35000610351562,173.17999267578125,56607200.0,57.06974693267114,44.620407269278466,38.90023978132244,36.52617882026065,33.51407878567916,3.18,100.0,-0.65,5.04
AMZN,2025-04-23,183.4499969482422,187.3800048828125,180.19000244140625,180.6000061035156,63470100.0,58.469538552806114,45.6282447902582,39.33499290957004,35.210695319641225,33.67652089136605,3.3,100.0,-0.71,4.76
AMZN,2025-04-24,180.9199981689453,186.7400054931641,180.17999267578125,186.5399932861328,43763200.0,59.218868365111966,46.13611806376141,39.35709318827973,35.051594380178095,33.79896250273223,3.41,100.0,-0.79,4.75
AMZN,2025-04-25,187.6199951171875,189.94000244140625,185.4900054931641,188.9900054931641,36414300.0,58.95204891802898,46.26909500777029,39.39270388597591,35.076905020005874,33.79933798697653,3.52,100.0,-0.84,4.71
AMZN,2025-04-28,190.1100006103516,190.22000122070312,184.88999938964844,187.6999969482422,33224700.0,58.61579139202641,46.2537016883683,39.36250816016724,35.084927405347656,33.76487886135999,3.63,99.0,-0.9,4.74
AMZN,2025-04-29,183.9900054931641,188.0200042724609,183.67999267578125,187.38999938964844,41667300.0,58.54723436964554,46.12675601841367,39.293899689564576,35.02310407140293,33.72271132460142,3.73,96.0,-0.96,4.8
AMZN,2025-04-30,182.1699981689453,185.0500030517578,178.85000610351562,184.4199981689453,55176500.0,58.566938573852354,46.18802447267224,39.29828169068351,35.07059299819911,33.59454438510783,3.82,96.0,-1.03,4.81
AMZN,2025-05-01,190.6300048828125,191.8099975585937,187.5,190.1999969482422,74266000.0,59.15503844380691,46.49789443333422,39.45968639100873,35.2529684023629,33.727277620886746,3.92,100.0,-1.08,4.7
AMZN,2025-05-02,191.44000244140625,192.8800048828125,186.3999938964844,189.97999572753903,77903500.0,59.15175802450372,46.301829760814734,39.410665111842064,35.176174883951035,33.5575955231167,4.01,99.0,-1.12,4.75
AMZN,2025-05-05,186.509994506836,188.17999267578125,185.52999877929688,186.3500061035156,35217500.0,59.34557473168455,46.30646150504691,39.2055077008295,35.2545892858146,33.53990570083279,4.09,92.0,-1.16,4.92
AMZN,2025-05-06,184.57000732421875,187.92999267578125,183.8500061035156,185.009994506836,29314100.0,58.31127159612722,45.65775274238445,39.21286273020142,34.89983499313337,33.40028098125364,4.17,92.0,-1.2,4.91
AMZN,2025-05-07,185.5599975585937,190.9900054931641,185.009994506836,188.7100067138672,43948600.0,58.531078122735394,45.710165346000394,39.36270149392276,34.97436637331985,33.44937125853018,4.25,97.0,-1.23,4.78
AMZN,2025-05-08,191.42999267578125,194.3300018310547,188.82000732421875,192.0800018310547,41043600.0,58.51896776871386,45.915581329319224,39.28787146667385,35.02707061189043,33.46982253108448,4.33,91.0,-1.24,4.84
AMZN,2025-05-09,193.3800048828125,194.69000244140625,191.1600036621093,193.0599975585937,29663100.0,58.54582785155951,45.86048273540224,39.29824053306689,35.029294168765944,33.473577119234626,4.4,92.0,-1.25,4.83
AMZN,2025-05-12,210.7100067138672,211.6600036621093,205.75,208.63999938964844,75205000.0,61.40652327407709,48.707825766226435,41.256078687932124,36.19323593022203,34.356612283317986,4.52,100.0,-1.23,4.26
AMZN,2025-05-13,211.0800018310547,214.83999633789065,210.1000061035156,211.3699951171875,56193700.0,61.29669789646775,48.78454666363291,41.12771213253439,36.11633036644727,34.37144849515569,4.62,99.0,-1.21,4.35
AMZN,2025-05-14,211.4499969482422,211.92999267578125,208.8500061035156,210.25,38492100.0,61.31652671880254,48.76613909044934,41.119636213777014,36.12067079927279,34.3580932816795,4.72,98.0,-1.18,4.36
AMZN,2025-05-15,206.4499969482422,206.8800048828125,202.6699981689453,205.1699981689453,64347300.0,61.60405295642464,48.99650983863382,40.62752714793493,36.22780062872561,34.44431033334472,4.81,97.0,-1.18,4.6
AMZN,2025-05-16,206.8500061035156,206.8500061035156,204.3699951171875,205.58999633789065,43318500.0,54.535091010594314,48.90141943561132,40.57492904986515,36.18680559820233,34.443945048160806,4.89,96.0,-1.16,4.65
AMZN,2025-05-19,201.6499938964844,206.6199951171875,201.259994506836,206.1600036621093,34314800.0,52.68143867022249,48.57438408599757,40.558338410649725,36.14653957332741,34.43919921244743,4.97,95.0,-1.14,4.66
AMZN,2025-05-20,204.6300048828125,205.58999633789065,202.6499938964844,204.07000732421875,29470400.0,52.59207023158139,48.48223234809056,40.584512619744174,36.16214979614534,34.43025063168286,5.05,96.0,-1.12,4.65
AMZN,2025-05-21,201.6100006103516,203.4600067138672,200.0599975585937,201.1199951171875,42460900.0,52.07540478882945,48.564710486460385,40.53115441203911,35.96095914134688,34.45847970636105,5.12,93.0,-1.1,4.72
AMZN,2025-05-22,201.3800048828125,205.759994506836,200.1600036621093,203.1000061035156,38938900.0,40.93356608880914,48.5858034293212,40.551215985024385,35.941859587445244,34.46494357445885,5.18,93.0,-1.07,4.69
AMZN,2025-05-23,198.8999938964844,202.3699951171875,197.8500061035156,200.9900054931641,33393500.0,37.68083993039294,48.33474146707451,40.52103953356191,35.90656683669333,34.48109960200947,5.23,91.0,-1.05,4.71
AMZN,2025-05-27,203.08999633789065,206.69000244140625,202.19000244140625,206.0200042724609,34892000.0,37.887365218907725,48.483458419584586,40.69456446886407,35.89454576585069,34.566918503554064,5.29,97.0,-1.03,4.55
AMZN,2025-05-28,205.9199981689453,207.6600036621093,204.4100036621093,204.72000122070312,28549800.0,37.600091977473745,47.971573699148784,40.68462453119961,35.618697069274965,34.55307887359507,5.34,96.0,-1.01,4.56
AMZN,2025-05-29,208.02999877929688,208.8099975585937,204.22999572753903,205.6999969482422,34650000.0,37.2156783330263,47.96524493105113,40.687727924679926,35.52416550762428,34.555057190078664,5.39,96.0,-0.99,4.56
AMZN,2025-05-30,204.83999633789065,205.9900054931641,201.6999969482422,205.009994506836,51679400.0,35.867166055914446,47.75046600324337,40.580796916134716,35.42650695247164,34.549629116693886,5.43,92.0,-0.96,4.65
AMZN,2025-06-02,204.97999572753903,207.0,202.67999267578125,206.6499938964844,29113300.0,35.576769335550196,47.14313256778952,40.52459709502236,35.29599787042187,34.55755128107022,5.47,87.0,-0.92,4.7
AMZN,2025-06-03,207.1100006103516,208.9499969482422,205.02999877929688,205.7100067138672,33139100.0,33.96432479311153,47.12748646130819,40.3536824948141,35.26872539188705,34.52653169674475,5.51,85.0,-0.89,4.81
AMZN,2025-06-04,206.5500030517578,208.17999267578125,205.17999267578125,207.22999572753903,29915600.0,32.94809164596826,46.86953625579174,40.374119592181046,35.27580567676599,34.49222804850363,5.54,85.0,-0.86,4.78
AMZN,2025-06-05,209.5500030517578,212.8099975585937,207.5599975585937,207.9100036621093,51864200.0,31.136002423223076,46.83086441568982,40.31827924668414,35.26019113509259,34.47843999639627,5.57,83.0,-0.83,4.81
AMZN,2025-06-06,212.3999938964844,213.8699951171875,210.5,213.57000732421875,39832500.0,30.749627435207998,47.08275498977474,40.55063886510943,35.3766451361709,34.57475837656099,5.59,88.0,-0.82,4.62
AMZN,2025-06-09,214.75,217.8500061035156,212.8800048828125,216.97999572753903,38102500.0,30.827539983555486,46.84456245806097,40.6276552060825,35.41963468304429,34.593339227455175,5.62,94.0,-0.82,4.55
AMZN,2025-06-10,216.77999877929688,217.69000244140625,214.1499938964844,217.6100006103516,31303300.0,30.641740206290883,46.6803815021838,40.426449822099286,35.35971189132211,34.538069267063584,5.64,83.0,-0.8,4.71
AMZN,2025-06-11,217.4100036621093,218.3999938964844,212.88999938964844,213.1999969482422,39326000.0,31.46742886742766,46.826954857984724,40.510516706194075,35.434646760339824,34.59981401638416,5.66,83.0,-0.78,4.66
AMZN,2025-06-12,211.77999877929688,213.5800018310547,211.3300018310547,213.2400054931641,27640000.0,30.906031312082042,46.702251823228686,40.3276463276375,35.40944137795757,34.57008691153629,5.67,79.0,-0.74,4.81
AMZN,2025-06-13,209.9600067138672,214.0500030517578,209.6199951171875,212.1000061035156,29337800.0,30.02649617800182,46.652497086861224,40.18695713170411,35.41629585156208,34.57506291316296,5.68,77.0,-0.69,4.94
AMZN,2025-06-16,212.3099975585937,217.0599975585937,211.6000061035156,216.1000061035156,33284200.0,30.30083258997526,46.777423574143256,40.189624338433944,35.46885065329213,34.62204398156949,5.69,77.0,-0.64,4.93
AMZN,2025-06-17,215.1999969482422,217.4100036621093,214.5599975585937,214.82000732421875,32086300.0,29.637567722839442,46.79282807297614,40.195568822181116,35.4654266888978,34.585795839264605,5.7,77.0,-0.59,4.94
AMZN,2025-06-18,215.08999633789065,217.9600067138672,212.33999633789065,212.5200042724609,44360500.0,29.779421321222944,46.321984310484666,40.22532945221245,35.430598506955334,34.604194788626856,5.7,77.0,-0.54,4.92
AMZN,2025-06-20,214.67999267578125,214.88999938964844,208.2700042724609,209.69000244140625,75350700.0,29.863559783347505,46.351074924724735,40.26950720801288,35.45227470977112,34.632046441647276,5.7,77.0,-0.47,4.9
AMZN,2025-06-23,209.7899932861328,210.38999938964844,207.3099975585937,208.47000122070312,37311700.0,29.670429065395247,46.12558609405008,40.224573146110224,35.450583099742424,34.63010332667827,5.69,75.0,-0.41,4.95
AMZN,2025-06-24,212.13999938964844,214.33999633789065,211.0500030517578,212.7700042724609,38378800.0,30.105722005246054,46.304102043564676,40.36872242463051,35.526049222583424,34.644012222019015,5.68,80.0,-0.36,4.82
AMZN,2025-06-25,214.6199951171875,216.02999877929688,211.1100006103516,211.9900054931641,31755700.0,20.267430073731923,45.367317392039574,40.34388253982768,35.47873287325165,34.61217667638849,5.66,78.0,-0.3,4.83
AMZN,2025-06-26,213.1199951171875,218.0399932861328,212.009994506836,217.1199951171875,50480800.0,21.08112650580638,45.493021867979316,40.47843369830714,35.47140773898027,34.63750401193252,5.63,82.0,-0.28,4.73
AMZN,2025-06-27,219.9199981689453,223.3000030517578,216.7400054931641,223.3000030517578,119217100.0,22.40518726315932,45.77516904675888,40.73880630818504,35.41213618194441,34.744363368706345,5.6,97.0,-0.3,4.52
AMZN,2025-06-30,223.5200042724609,223.82000732421875,219.1199951171875,219.38999938964844,58887800.0,21.785846757031315,45.81464421313187,40.70078213812391,35.46423010007105,34.587268689308374,5.56,96.0,-0.38,4.58
AMZN,2025-07-01,219.5,221.8800048828125,217.92999267578125,220.4600067138672,39256800.0,21.79905433468376,41.22005890917108,40.53350604386539,35.43703694287208,34.52479075475051,5.52,84.0,-0.41,4.67
AMZN,2025-07-02,219.72999572753903,221.6000061035156,219.0599975585937,219.9199981689453,30894200.0,21.84235649072222,40.11619953649627,40.48949537735676,35.42953173039617,34.4422141090355,5.47,79.0,-0.49,4.72
AMZN,2025-07-03,221.82000732421875,224.009994506836,221.3600006103516,223.4100036621093,29632400.0,21.86212941224226,39.96441061910553,40.04624488825358,35.450697045956,34.419326994746555,5.43,64.0,-0.5,4.95
AMZN,2025-07-07,223.0,224.2899932861328,222.3699951171875,223.47000122070312,36604100.0,21.239539573608333,39.46066119399422,39.947783694445185,35.4388430862077,34.392222600337135,5.39,63.0,-0.53,5.04
AMZN,2025-07-08,223.9199981689453,224.0,218.42999267578125,219.3600006103516,45692000.0,22.084015009713035,32.611077951008504,40.05110213042961,35.514156291779855,34.42185711354257,5.34,64.0,-0.56,4.97
AMZN,2025-07-09,221.07000732421875,224.2899932861328,220.47000122070312,222.5399932861328,38155100.0,21.98543743636098,30.585548200202773,40.03807404271688,35.544791915591865,34.43035419662357,5.3,62.0,-0.57,4.96
AMZN,2025-07-10,221.5500030517578,222.7899932861328,219.6999969482422,222.259994506836,30370600.0,21.066029985275076,30.404584459948737,40.024541733534456,35.544564252126285,34.42845429013106,5.24,61.0,-0.6,4.97
AMZN,2025-07-11,223.5800018310547,226.67999267578125,222.3699951171875,225.0200042724609,50518300.0,21.07876126694738,30.22668160520359,40.058976929769074,35.561075037834364,34.44903628098944,5.19,64.0,-0.61,4.93
AMZN,2025-07-14,225.07000732421875,226.6600036621093,224.2400054931641,225.69000244140625,35702600.0,21.073166368482312,30.00596549914023,40.03728880825301,35.56180350772949,34.44948246334951,5.13,60.0,-0.62,4.94
AMZN,2025-07-15,226.1999969482422,227.2700042724609,225.4600067138672,226.3500061035156,34907300.0,20.98451455092209,29.18220019393579,40.04004928328678,35.56145908036852,34.36238952350856,5.06,61.0,-0.62,4.93
AMZN,2025-07-16,225.8800048828125,226.1000061035156,222.17999267578125,223.19000244140625,39535900.0,21.522996214261326,29.28091996989458,40.014375672153264,35.45470029556394,34.391901786264114,5.0,57.0,-0.62,4.95
AMZN,2025-07-17,223.32000732421875,224.5,222.509994506836,223.8800048828125,31855800.0,21.41684876702149,28.338067674842538,39.75154792694573,35.44293660558685,34.379053517143156,4.93,55.0,-0.63,5.11
AMZN,2025-07-18,225.13999938964844,226.3999938964844,222.97999572753903,226.1300048828125,37833800.0,21.479004519916142,27.684044782387872,39.67093270479034,35.449952209073444,34.39179120003629,4.86,54.0,-0.65,5.16
AMZN,2025-07-21,225.83999633789065,229.69000244140625,225.6499938964844,229.3000030517578,40297600.0,21.71508021797258,26.638236695620527,39.727126574360526,35.48204637822533,34.307318464550804,4.79,54.0,-0.65,5.1
AMZN,2025-07-22,229.67999267578125,230.0,226.3500061035156,227.47000122070312,37483700.0,20.753191219634772,26.080103850960075,39.737380327920114,35.470493472872924,34.2391459445014,4.71,54.0,-0.67,5.1
AMZN,2025-07-23,228.47000122070312,228.7899932861328,227.08999633789065,228.2899932861328,28294900.0,20.34830692521563,26.00111600875488,39.50118610586195,35.45598096689806,34.237608042561234,4.64,51.0,-0.7,5.26
AMZN,2025-07-24,229.1699981689453,236.0,228.63999938964844,232.22999572753903,42902300.0,20.8326255677118,26.0711918298584,39.50423883249127,35.2705364483836,34.27360268171103,4.56,51.0,-0.7,5.26
AMZN,2025-07-25,232.22000122070312,232.47999572753903,231.17999267578125,231.44000244140625,28712100.0,19.781557420996617,26.088616654275288,39.09437557890176,34.57351241813703,34.21759405358629,4.48,36.0,-0.73,5.54
AMZN,2025-07-28,233.3500061035156,234.2899932861328,232.25,232.7899932861328,26300100.0,19.785802408068747,25.77344174249931,39.084036973761826,34.54986573132181,34.076881297013465,4.39,35.0,-0.75,5.54
AMZN,2025-07-29,234.1499938964844,234.72000122070312,230.3099975585937,231.009994506836,33716200.0,19.881192413374617,25.2553287905177,38.966517535342064,34.499241057272904,34.081868984888494,4.29,34.0,-0.78,5.66
AMZN,2025-07-30,231.63999938964844,231.8000030517578,229.2899932861328,230.19000244140625,32993300.0,19.38034877717472,25.27793899371904,38.48280330940883,34.22798338464728,34.05733786348192,4.2,29.0,-0.82,6.01
AMZN,2025-07-31,235.7700042724609,236.52999877929688,231.3999938964844,234.1100006103516,104357300.0,19.68366422071755,24.988711045988172,38.53586666843033,34.24453761274958,34.09354075303293,4.11,31.0,-0.84,5.94
AMZN,2025-08-01,217.2100067138672,220.44000244140625,212.8000030517578,214.75,122258800.0,32.34048430046039,31.01094776346946,40.79492979306867,35.73929444794403,35.18218123686279,4.03,97.0,-0.83,5.51
AMZN,2025-08-04,217.3999938964844,217.44000244140625,211.4199981689453,211.6499938964844,77890100.0,32.38406293249276,30.990494186557545,40.84006364165928,35.77318605146814,35.10274081915683,3.94,97.0,-0.82,5.48
AMZN,2025-08-05,213.0500030517578,216.3000030517578,212.8699951171875,213.75,51505100.0,32.44500130035674,30.861419007356623,40.829077197454836,35.7728591854627,35.07752169264598,3.85,96.0,-0.82,5.49
AMZN,2025-08-06,214.6999969482422,222.6499938964844,213.7400054931641,222.3099975585937,54823000.0,33.862553658327016,31.79844480939628,41.064794132281804,35.95630132002001,34.04089450567388,3.77,97.0,-0.83,5.32
AMZN,2025-08-07,221.0,226.22000122070312,220.82000732421875,223.1300048828125,40603500.0,33.832720908224225,27.666147123324457,40.94927791161672,35.927676717570165,33.76747434905917,3.68,96.0,-0.84,5.42
AMZN,2025-08-08,223.13999938964844,223.8000030517578,221.8800048828125,222.69000244140625,32970500.0,33.18205401591242,27.56149094578109,40.904133556663425,35.56027322610911,33.76622693875234,3.58,95.0,-0.84,5.45
AMZN,2025-08-11,221.77999877929688,223.0500030517578,220.3999938964844,221.3000030517578,31646200.0,32.21228258972727,27.571262999417296,40.83871187779464,35.564384839845175,33.77229679728791,3.48,93.0,-0.83,5.5
AMZN,2025-08-12,222.22999572753903,223.5,219.0500030517578,221.47000122070312,37185800.0,31.78902382030086,27.062081410708466,40.788536372430265,35.526432496330166,33.72801156091593,3.38,90.0,-0.82,5.55
AMZN,2025-08-13,222.0,224.9199981689453,222.0,224.5599975585937,36508300.0,32.00690704643279,27.18442119537362,40.83156448207661,35.54573570046001,33.74716765711721,3.26,92.0,-0.82,5.51
AMZN,2025-08-14,227.3999938964844,233.1100006103516,227.0200042724609,230.97999572753903,61545800.0,32.96930311351001,27.72992903793258,41.04509638151413,35.589299116032166,33.85442783278791,3.13,96.0,-0.81,5.34
AMZN,2025-08-15,232.5800018310547,234.0800018310547,229.8099975585937,231.02999877929688,39649200.0,32.69790383762221,27.61802186737648,40.688848813097046,35.57902634774347,33.80043241453219,3.01,84.0,-0.83,5.61
AMZN,2025-08-18,230.22999572753903,231.9100036621093,228.3300018310547,231.4900054931641,25248900.0,32.69782237542393,27.399797589714677,40.652859626742746,35.49275608593814,33.79993788854508,2.88,81.0,-0.85,5.64
AMZN,2025-08-19,230.08999633789065,230.52999877929688,227.1199951171875,228.009994506836,29891000.0,32.5332199300918,27.586243527665577,40.560249894976614,35.35525743229152,33.57665677885265,2.74,75.0,-0.86,5.72
AMZN,2025-08-20,227.1199951171875,227.2700042724609,220.9199981689453,223.8099975585937,36604300.0,32.78239876957744,27.792109661813303,40.68243381171467,35.40474937381743,33.631437632583925,2.59,81.0,-0.86,5.62
AMZN,2025-08-21,222.6499938964844,222.77999877929688,220.5,221.9499969482422,32140500.0,32.873819198914475,27.45111895444975,40.07047985542637,35.40020617603445,33.639465038906884,2.44,50.0,-0.82,6.05
AMZN,2025-08-22,222.7899932861328,229.13999938964844,220.82000732421875,228.83999633789065,37315300.0,33.87992653321613,28.05152378694903,40.269473485455364,35.546844902718654,33.7692287932289,2.21,55.0,-0.78,5.88
AMZN,2025-08-25,227.3500061035156,229.6000061035156,227.3099975585937,227.94000244140625,22633700.0,33.89640770473192,28.069649497198164,40.258488257638405,35.51983705758446,33.76762437328546,1.95,54.0,-0.74,5.89
AMZN,2025-08-26,227.1100006103516,229.0,226.0200042724609,228.7100067138672,26105400.0,33.89966347818409,28.051603505617567,40.1550591888802,35.4294648047402,33.687454753558754,1.64,48.0,-0.72,5.98
AMZN,2025-08-27,228.57000732421875,229.8699951171875,227.8099975585937,229.1199951171875,21254500.0,33.624546122873035,28.022361733829705,37.112456115654425,35.407366500941855,33.68500747868954,1.47,4.0,-0.64,6.32
AMZN,2025-08-28,229.009994506836,232.7100067138672,228.0200042724609,231.6000061035156,33679600.0,33.74191050792328,28.051670340778294,36.42780697113696,35.26458069469039,33.684732287219745,1.33,3.0,-0.59,6.82
AMZN,2025-08-29,231.32000732421875,231.8099975585937,228.1600036621093,229.0,26199200.0,33.81968616247454,28.158935716079153,36.332248649540354,35.286838470586964,33.6751631532193,1.19,2.0,-0.52,6.96
AMZN,2025-09-02,223.5200042724609,226.1699981689453,221.8300018310547,225.33999633789065,38843900.0,33.89792819807161,28.390920501443222,36.15490740597128,35.33444575110122,33.68758568628439,1.05,1.0,-0.48,7.12
AMZN,2025-09-03,225.2100067138672,227.1699981689453,224.3600006103516,225.9900054931641,29223100.0,33.83735955937633,27.89129590766525,31.530196955479926,35.23080857826042,33.681555048459636,1.32,1.0,-0.4,4.69
AMZN,2025-09-04,231.19000244140625,235.7700042724609,230.77999877929688,235.67999267578125,59391800.0,35.974923959866096,28.981087158280843,30.9333601482356,35.57446976718935,33.744949194358576,1.59,1.0,-0.3,4.87
AMZN,2025-09-05,235.19000244140625,236.0,231.92999267578125,232.3300018310547,36721800.0,35.90961425812251,29.156706300353324,30.923319470006085,35.606770089859076,33.75203318315983,1.81,1.0,-0.19,4.87
AMZN,2025-09-08,234.94000244140625,237.6000061035156,233.75,235.83999633789065,33947100.0,36.152493462427735,28.94153438010517,30.863262685328763,35.53984371677633,33.733028682853494,2.01,1.0,-0.07,4.93
AMZN,2025-09-09,236.35499572753903,238.8500061035156,235.0800018310547,238.2400054931641,25782177.0,36.22772053047324,28.991229283025948,30.7708899597409,35.547657408340555,33.653453781586975,2.19,1.0,0.04,5.03
AMZN,2025-09-10,237.51499938964844,237.67999267578125,229.09620666503903,230.3300018310547,60171397.0,37.52233679689949,29.864180471113905,30.88612148077124,35.332807190407436,33.615610238660416,2.35,3.0,0.12,4.96
AMZN,2025-09-11,231.3699951171875,231.52999877929688,229.33770751953125,229.9499969482422,36329809.0,37.51114410469113,29.650786161545888,30.827422894817353,35.303435167707455,33.544383523646886,2.5,2.0,0.13,5.02
AMZN,2025-09-12,230.30499267578125,230.7899932861328,226.2899932861328,228.1499938964844,38405676.0,37.22568823077873,29.672655282518168,30.392510364101472,35.30593227209927,33.481199611042825,2.65,1.0,-0.17,5.4
AMZN,2025-09-15,230.7400054931641,233.72999572753903,230.32000732421875,231.42999267578125,32877127.0,27.235073883561583,29.692213712547762,30.030083765262322,35.34581768347343,33.403494403694665,2.81,1.0,-0.36,5.73
AMZN,2025-09-16,232.9349975585937,235.8999938964844,232.22999572753903,234.0500030517578,36757386.0,26.856691936766747,29.59625228917601,29.40273908235999,35.30988157752782,33.39631500493822,2.98,1.0,-0.38,6.28
AMZN,2025-09-17,233.7700042724609,234.3000030517578,228.7100067138672,231.6199951171875,39408390.0,27.07245965987699,29.662117474228957,29.08296983554765,35.316339055267086,33.41359000511837,3.14,1.0,-0.31,6.59
,2025-09-18,232.46499633789062,233.47999572753906,228.7899932861328,231.22999572753906,35032494.0,24.766478702817874,29.412996565227427,29.036628068731257,35.27339674064256,33.40104017459407,3.29,1.0,-0.21,6.65
